checkpointTargetFE,checkpointObservedFE,overshootFE,frontType,candidateFingerprint,Cmax,TEC,TWC
50000,50000,0,checkpoint-decision-front,fdca8c99a7b1d9118dd24a7364770c832dd99f2e795a16adcbda666c51d5dc2a,806.459870224956,126133.43951032864,350955.1608019477
50000,50000,0,checkpoint-decision-front,bb9181c9f2aceb1a2ff2f8832b248f50db21ac7c0d2790d8ae65d62109f9ca27,807.9119981968608,126680.560255608,340700.4420762364
50000,50000,0,checkpoint-decision-front,79e5982c0566a0308162955d6c6084a7a0a89c1d14a708d3df156e88248e2c6d,805.4693757637936,126009.44204081135,354855.37358569313
50000,50000,0,checkpoint-decision-front,6c41399fb85752fb251fac56b32ee5cf620a5995d2318b78a13083cf0a98ecf7,776.6231494081535,127674.75688784375,351462.97930308484
50000,50000,0,checkpoint-decision-front,0b2656e07945692e89821f26c66e5efb6a215e6c48486e1feaccb0b7ad359265,812.0296926494901,125900.19664643309,349856.3835567585
50000,50000,0,checkpoint-decision-front,45ad42082cfe195992989afc1e31ac4047c2b1cdd5bbea3969ebaf82ed6d3566,1107.7980814201069,118836.60381150362,361112.26605314924
50000,50000,0,checkpoint-decision-front,ad02f1006c51ca582e240c73c1eef45011c308e7d29c162f80a61870b8d79295,1069.2354546422455,118932.69140201245,349043.1744533654
50000,50000,0,checkpoint-decision-front,4e82aa4cd5e552c2015141cd2c38b50d9668f27cc453b423a3e81b6b50f62cdb,817.9859212731665,125653.53627672826,350066.0869912628
50000,50000,0,checkpoint-decision-front,f0e6c201f4bac7f1b8490f672feb88bd62b6955ced571e4c0844f033368aff47,788.8483646262156,126759.7507419494,345355.4497611915
50000,50000,0,checkpoint-decision-front,629e3bc6f39e70a6063efb25f77d719c55cd5ad0808ceaa94d6204b51cd3c28f,844.6328748723706,123984.11067273165,330965.74735930446
50000,50000,0,checkpoint-decision-front,bbd7d6cbd30943dc9066561528741a8219bad4f4d2275d97c44edaf2dcba78f3,1095.6572437185464,119046.53210316022,345435.1293866646
50000,50000,0,checkpoint-decision-front,3859ff7cf05b703268a231062b2e700c91f7e2e76c3520467570e8e8ed2ad9c9,813.9941468698183,125868.90762014885,343933.49909546564
50000,50000,0,checkpoint-decision-front,aaba14ea764117bd0ee1b561c3f5f0313cb42d8c514128caac1ae180d200bbe5,810.7398297733987,126146.27084085788,347531.8116594075
50000,50000,0,checkpoint-decision-front,e5fbadd6d11d6ee289dc52f38a9128f42af5a6d702780e0b135c73c66e07cdf6,815.8057920912003,125845.84676547274,343658.6711963916
50000,50000,0,checkpoint-decision-front,dafda6dadad84c065ebd2db7723cfe1a33ce663eea3248974f301dc7af15d83e,1103.5481142880476,119031.09344953376,343352.9628479371
50000,50000,0,checkpoint-decision-front,3727b2765e8f03de68307a99dbfde9c4e03cb0a47e8a90184a69ec039f1b385d,1086.0951642248147,119216.79799184282,345683.9856560449
50000,50000,0,checkpoint-decision-front,7ae2fd2545562b6c589302d0cde2807cbe0278d63113e014ff1133a143c498c6,805.1915135179141,126187.73510046919,341571.0010432233
50000,50000,0,checkpoint-decision-front,952547da0375a28eea479bb8b88c2718181ec13831772498c9bfe26e5897aee3,901.2027827503093,123145.08546495033,325133.83037940203
50000,50000,0,checkpoint-decision-front,63fb713b8011540a216fc56d08c667a11542caa62cf1a4aa30d403991ddcd356,844.2954274791456,124198.3990657772,332057.90215362515
50000,50000,0,checkpoint-decision-front,6e3e1d853ba2080e420cf0695ea635f9ca58f686d0d953ca45c1a6c9ea081164,1081.412948257591,119428.12536496532,341085.59345416015
50000,50000,0,checkpoint-decision-front,982422f83984f779a64582d996668e0cf0bc8bfc43753de75e03ab130af9fedb,1207.8480844363946,117549.16234916437,328808.6436114215
50000,50000,0,checkpoint-decision-front,2f223f18b342edd66fddbfe1a12b2c571abd0fcfbbdd3bdebb2e5e38ee2fb3a7,1316.2154709150325,116164.3474042153,342948.81970369327
50000,50000,0,checkpoint-decision-front,487adc375070e7bea41723678b00f727dd26f674f4df217cd9cea1437a6c064b,888.5488887118154,122550.22089965687,327463.8898123824
50000,50000,0,checkpoint-decision-front,f2160112e4cc2218b8d535a7fe72a2ed87e6d74052593dc0e6bde16e37572f2d,1055.4454072159365,120001.82718330866,322999.72252442787
50000,50000,0,checkpoint-decision-front,a49e9095ab129f402399027187c59255236508e5dbdcac95a5620c33964a0513,916.3008155229088,122541.39441155191,321669.8191555871
50000,50000,0,checkpoint-decision-front,12fe18867477a6f683e9680337ebd6aee49f1e339fa6b1f8ab58ed28c131c0f9,779.5363209167714,127801.08961630892,347235.0297505331
50000,50000,0,checkpoint-decision-front,dd29f2c3264e644a4baf92daa550d652f195bc284e17f1bf7fa5fac07019eb36,782.6275752099726,127440.77435108862,346984.77055517427
50000,50000,0,checkpoint-decision-front,6c37362264ab361de79193e739a0a76547ad2872ddf9ce91ff0295ba41a9c040,1154.204927607435,117474.95481305054,338505.11515761376
50000,50000,0,checkpoint-decision-front,5fcc61e9191ef1704b9257b23d3ab3e4056e204973284ce7501016d143b15953,1068.8865448864924,119492.76205287711,324649.7285615383
50000,50000,0,checkpoint-decision-front,d001fef33438f8811916686074cde33eeb0b5d75b1bf6d1d79111f4634f14811,914.9002042464158,122471.68611421698,324853.9146843818
50000,50000,0,checkpoint-decision-front,e4d98a7ce1f08b12dfa2af3606f5b611f64f5868bf58b65a8e7e03538d72ab69,1174.1961559062574,119035.40268029257,324327.0990697837
50000,50000,0,checkpoint-decision-front,fae8f47d7d26c6e37015c9f9675cf63ec9d79ece22066b095c5c4b9f6cb2d534,918.9915400425099,123390.61362791817,321289.19237674517
50000,50000,0,checkpoint-decision-front,f36abb77d6263aa0e6765160cc95abf8578f3a1124bb7976fe9bd183865b0a49,842.2018800769904,123588.50042074558,336415.2584563055
50000,50000,0,checkpoint-decision-front,8923c2772dc50eacd9bcd165fb17f7174e4d4b44817f8feeaf3b9fd701a2870e,902.8388059796154,122421.21105535244,325234.98232266307
50000,50000,0,checkpoint-decision-front,8926d5dae544a8e63136ba091a18cb3d44044ed79a46262a809e03342c02ef98,889.6513723941479,122233.12389678524,325427.9180803406
50000,50000,0,checkpoint-decision-front,06679266865a46545ab9f3af45826ef0106860a65185bb045cf2e832ab824070,782.6275752099726,127840.73716872395,344969.93014119373
50000,50000,0,checkpoint-decision-front,3642a5d03824038a42a5dfad9104e723db3eb39807ad2fd1fa570d38e1373498,875.7232319186469,122663.77283788206,329713.50851500116
50000,50000,0,checkpoint-decision-front,e8a63b90b48638b7c05dd739903ba075ad5f4fc20eac5875452971c875d1151b,874.9403810934211,122884.8950161911,325382.70849249966
50000,50000,0,checkpoint-decision-front,75d5e3626f29105121f1ff19098bc19d10921e13a2df1c3d615aa04d39a16744,874.9403810934211,123180.7561703998,324086.0977263486
50000,50000,0,checkpoint-decision-front,908660e6c8d731da721e67cb0080f3fde643b66e55a7f8037c0a54ae8bc0ce1c,850.0007121184656,123595.43233524225,327369.9553594854
50000,50000,0,checkpoint-decision-front,e2daeb79af58af4569e201e105ceb8a4c91a31b99a858f96b25088d4e8ad8623,859.9313297678062,123174.73012196261,326539.23122342513
50000,50000,0,checkpoint-decision-front,54a87cffe31332d79d4895573a112af2137e2f4222f206d0f3675c735fbad828,997.9162790848933,121051.0666612352,321107.9905533871
50000,50000,0,checkpoint-decision-front,d252f48ad764d4a84da1e1cbb07d33a6daa52d149baf376543e7a585953ed129,1146.8741888093382,118069.96996904936,337284.84716988506
50000,50000,0,checkpoint-decision-front,e58aa859de6b00e9498576a3e2be5d58b00cd76b234b4a6c664ce50d12bd2e33,1039.2208091826194,120596.7192828306,319235.8416535192
50000,50000,0,checkpoint-decision-front,e3a8f9cd4ded2f6bcb352c9c9d469fc342f588d7ee3d42af9f02414e08c91a64,1111.3239724515151,118487.79481691497,341931.51896229887
50000,50000,0,checkpoint-decision-front,53250b7851c51401a1c8ce90ca1d81b90268e987058c272efdd4530c2c74b373,1108.465088492617,118571.54565602925,340162.92630329216
50000,50000,0,checkpoint-decision-front,931299578b02ceeb6d5a46bd01608b32f5cd3d9d4a9a2f96c0b9a6d658cf4788,1033.4506250586105,119619.17329809036,338163.59284043824
50000,50000,0,checkpoint-decision-front,d171b860d9c08f986120ef8cb4695e57da45786612d64c15b8964023ed83f296,1010.9983107491964,120887.42711494712,319978.37219327444
50000,50000,0,checkpoint-decision-front,a306e273b8b0db41df01e440c02fa7a68e0aabc1a6bffbe88857cb2d8df048ae,1065.698967614278,119584.34713360174,340417.77265618014
50000,50000,0,checkpoint-decision-front,90a6b36ecd304e763d9e03351911db415500e56edbe20c2059252f91a513cde2,982.6747226657445,120828.89528609582,321997.2711268837
50000,50000,0,checkpoint-decision-front,da34cb91cb13e18b98e97e45cd31a1f46e7450df825a3b2eb476a4a9cfe5455f,961.0783153882566,120148.44202996895,349718.2246928256
50000,50000,0,checkpoint-decision-front,85441d4ce17bf8364382b817d920796746afb9acd87db8142fe5082bf930c4b2,1162.369575379641,118134.0695602714,336485.43977323815
50000,50000,0,checkpoint-decision-front,35807983ec73a1b0aa9e498cc2f07e4f88cb581c6dd7e383fa386ccc8c68afef,1146.0343252227638,117748.29210533525,356328.36752548534
50000,50000,0,checkpoint-decision-front,7b15dc6aa7717eaedcf69470adc9eaefcfeb826bc1dc43a584800195c8ae4b14,904.1712828041092,122599.13129133679,324708.44742762676
50000,50000,0,checkpoint-decision-front,aacd827c55d9bd1295883dc094a26d757da6113304017f25c22cba34e12b189e,1229.013325054953,116947.10082631352,337103.51350414363
50000,50000,0,checkpoint-decision-front,81a1536f06f50431f8b3f325b22375cafccc40ee198fafb5f93f1f571b6f3d1f,1084.7787592866714,118846.67142596064,348767.4439263375
50000,50000,0,checkpoint-decision-front,d64e6f40f8736fa3745ca3b61ac3f1cf369f1b90f856524950f65a393104f32e,891.6540506671702,122113.36923481025,337446.28674401157
50000,50000,0,checkpoint-decision-front,859edfd813f3133ce4a488d1c0883ddc31fffbc453f82640f401fbc17543900b,912.5822296740291,122119.97915104855,326414.20085741166
50000,50000,0,checkpoint-decision-front,e40bca04ef95c899ff32dddbc59eae95a89654cc48df5b91e6eea9d6040db108,904.2377295405774,121898.05387027677,328909.1370225634
50000,50000,0,checkpoint-decision-front,430eaf751e4a5a2ab12d91eba1f41f3081cee7bad29da35906bbd3e0a42b4387,925.1950710411886,121576.48865281028,343760.44506229763
50000,50000,0,checkpoint-decision-front,fb29e79a14ab3d6cc31986b4b24ee22d519ee2330bf7ea14bac7efe9324b79b7,1037.495210143055,120412.47032060166,324034.81028590363
50000,50000,0,checkpoint-decision-front,678ee320d638a50afde0cecbad4e87d17a721a5062a067397e315ed20c9d4fce,1091.1062926472302,119212.72255847885,324796.64046548866
50000,50000,0,checkpoint-decision-front,885fb2e0113cb32e1662f1f24ed3e26c5d0ada75cfe8ba9b0644ab30be12ed6a,899.5280075071506,121981.51636479583,336096.7025598077
50000,50000,0,checkpoint-decision-front,8e16c24a4af78f210d7afef1981d88925af68ec0102d54ae9d8cdcea1f72be8e,914.9686542599436,121741.4336542548,330173.7064493495
50000,50000,0,checkpoint-decision-front,bd357bf4523107d061556279242059c5b110c55ecfd0afc2a1fd9268d7d4d3cf,781.4384524959202,127447.21380109293,346809.7437636251
50000,50000,0,checkpoint-decision-front,c112f6e226d9f48b8bce0aaaf98dc1348305ce4520527a681dfb243fc7a2b41e,1116.0970596738466,118741.0599478377,336729.4565598213
50000,50000,0,checkpoint-decision-front,e811852c326289589905eaa5d611cc93a4f11ccf87ae753fae76107430af1c36,854.3116190227448,122810.29209891343,330129.7080949186
50000,50000,0,checkpoint-decision-front,ae2f4db179fad2022573ec3f5431b3840de693b5e6f5ec7c5495ef07793a0945,931.4956643442695,121464.83046574872,336984.3327608922
50000,50000,0,checkpoint-decision-front,ac79619cb4ed9f873dbdb71c9988122736a4be1bf6a7b76e3eac0066b81eac81,879.0756299749053,122728.28978259438,327290.57078867516
50000,50000,0,checkpoint-decision-front,11eacea27348113c36e6aae830e0672fd90c73b49e9327971b2c2b39d02eb368,846.1423714231302,122988.00494740737,328802.3233755737
50000,50000,0,checkpoint-decision-front,7edd3068ef998630de9f38dd6ab21cd5086738d4030da81c57890dddf7ae0c71,777.4802283135036,126768.07646014015,348504.81344753015
50000,50000,0,checkpoint-decision-front,d14835db6fed8813296924b043c7b2e38bfb0984e0cd11ff900a0864b150b363,783.2624874502305,126784.01980089776,343833.6076393009
50000,50000,0,checkpoint-decision-front,51c758df874b447eeeff6934760d5ac587ba7b628a943ba01c7af64876a5e2a0,829.3695443480875,123655.59704256181,333802.71984055435
50000,50000,0,checkpoint-decision-front,dd261be80308852f999156c4c169a5e431fc3bc7c52a9adce98b023e2aee29cd,861.9793964557186,123845.99148928205,325084.07403798087
50000,50000,0,checkpoint-decision-front,df6239f5dc23be3a1ce05363a7fb6cfd522fbbdc8efd22e1d8d79cde8fe65c26,877.7666014057248,122385.90661280052,333517.51516709477
50000,50000,0,checkpoint-decision-front,5b98dad8cf1a5ab5fec7cf575a16aba38a1f878140ec38fd862bb8d55af0fc90,959.2792615386625,120909.22107342814,331386.48768455326
50000,50000,0,checkpoint-decision-front,e0730b31605a39e3e0237d21280207f095fb616a8fe705d39ea3e75815967d4b,1188.1033350615255,117404.18269405799,330636.17209121014
50000,50000,0,checkpoint-decision-front,1843148792289dda8ee7b4e6e65070c75e456e3d1b990f4e6ea639fce82b2f66,972.5695410775342,120654.19162485917,326389.8043053319
50000,50000,0,checkpoint-decision-front,dfb7ac3c2b3ba967c222d0540d548fe5361cef13b7f7c48c42b1b6e8630c3998,854.3116190227448,122644.68445649793,332410.5505517393
50000,50000,0,checkpoint-decision-front,1051c24aea0c43639f6b3f80cab08a1cee9bb8acb6edd9076b19b5f1ed728ad0,779.9343040918621,127571.14166513062,345867.8141876767
50000,50000,0,checkpoint-decision-front,1844e3141d3892cd3f1d33356297a2940cdfd343fcbd526b35fbe4b278c29c62,777.8021784321387,127557.63366788687,347638.8225557261
50000,50000,0,checkpoint-decision-front,046d940e48560c04a28d46f510963272a24318575e5bef568491f6e093d14ab2,942.6702538827273,121449.51267341655,328409.39388232253
50000,50000,0,checkpoint-decision-front,ff71a93a4bdbd548096bd5757f3dd83a4de53000c19e1754628a23a2922fc754,1195.5334749286394,116792.97369728453,339347.2561422841
50000,50000,0,checkpoint-decision-front,a430fac680cf2850fd7c0a50a8d52d7caabf3ae5e8bcec4994edcb539c36890b,1036.3243371963526,120555.54385046888,321228.3800985775
50000,50000,0,checkpoint-decision-front,47705bbdb97a09cd34e967d7f43ee7d628305147b5aa86a46e52154208114c04,923.9988532401003,121577.06205783374,333661.326068943
50000,50000,0,checkpoint-decision-front,036bcd458a1418c9017b2d24043fa9d404acb14b4388403d2368857c6c294c44,784.4515597936349,126703.77299050736,347439.2870105321
50000,50000,0,checkpoint-decision-front,e0f23eb5cfac60efe6db752352e3498c9fde0d2347523b64ed50776a3b05ebd4,854.9241615147469,124289.247900626,326988.6290821436
50000,50000,0,checkpoint-decision-front,241f3e823a8a7da4e6cc5bf6d9bea9a53f0d4901659a79901bc89e1eb36c0118,905.8966291064971,121800.68772801734,328383.79729229945
50000,50000,0,checkpoint-decision-front,8701cc3e4a16663c0943479e05b00290d8d1a30e53a7e273bb5bc3f837c10e28,1074.9497803658035,119584.09643820552,320812.1916849183
50000,50000,0,checkpoint-decision-front,629f9a7a4567b68bf1b4423e41c0c551acbfa06806bac2299dfb2bee7e606814,873.8916324682701,122896.18275776325,326481.5826883074
50000,50000,0,checkpoint-decision-front,00ce92ae84f130a1f587cee3e61957b01330437d20a3f65f99f7e9b6b554fac5,890.9191110483939,122167.50473682857,329635.9156971531
50000,50000,0,checkpoint-decision-front,a016a4bbfd945bc990028876c37d8d6e2629157fc127be5a86ee084b825e4e4f,929.5025677200285,121546.11081393642,329669.63122182235
50000,50000,0,checkpoint-decision-front,185730cd97689e5e46a519dbae023b8aa8e91b9029771b5d67df361bb63d4115,893.2554924806109,122099.11220188247,336125.7226574349
50000,50000,0,checkpoint-decision-front,b9b1d33adbf400db621c677a82fd38aa539caa825fa0fc184d4c21106e8a6b75,818.0258866963409,124856.01856932178,336024.3263400869
50000,50000,0,checkpoint-decision-front,d55ef7dce058895b656ae1445c5bba8d0744b3b9042c5633199b233592df8f0a,820.2860115999781,124319.83630842454,326151.96963183495
50000,50000,0,checkpoint-decision-front,98b717791a724f9a78d0fd62517cc6fbb4171464040c7327972449e2373ba07c,933.9058886680873,121573.36226167816,329085.4294217235
50000,50000,0,checkpoint-decision-front,b4d2b073b6dfd0f86cb8adb4c909ce05af0f6b9cb99f1cf1782a9b01994f251a,1141.5393215257977,118655.78446450835,334939.915390838
50000,50000,0,checkpoint-decision-front,29cae5a5f38edc40ed8954c449a2e6b99c3bf011beb8056f01a6fc806380cbaf,1044.5098486285588,119770.65546113877,329641.95044943155
50000,50000,0,checkpoint-decision-front,e999335127516f7929a7ebe64cfaa771d0c8ae2379cf704fe5f4bdaace093e05,1033.93684066739,120376.19581064022,324885.7005490407
50000,50000,0,checkpoint-decision-front,1e53e0e09c9e25e114df805cc75dba66e12f6a2a87bc9a2d90a852c817a51d7d,929.4618125056345,121751.02624297742,327231.4395741559
50000,50000,0,checkpoint-decision-front,ae5b53d520146357ed4de15b25c4728e19b9dc85f6bf0f75be009e917b6d4ada,1038.3846191415025,120154.17092201694,320654.34474525717
50000,50000,0,checkpoint-decision-front,3ea525a5fe9ed12f88253ef89eccafaff72880e5edb416127f4db61995579e8f,946.4811989865774,121535.20550219092,325333.5919720412
50000,50000,0,checkpoint-decision-front,004fade56b078d9f378b48481cf6381716ae1cdc6a3ba88644252e895d0ef439,1067.7973581832443,119635.19498009219,325553.82761260914
50000,50000,0,checkpoint-decision-front,d3d3e90d2fcfda8f089ecc766e35da92350a73fa5933f92cbc61e47bc4e5bb45,935.927800828901,121639.92909639669,328669.1252693033
50000,50000,0,checkpoint-decision-front,a9a5cd79532a5d71c584d6f7f445b755035d860428075eee7aa20f0c398c6f0f,1054.4359718537435,119948.29553092497,323174.0695404181
50000,50000,0,checkpoint-decision-front,2c31c10d7aeabd80a31536bca5fdd02fc1044ce2c052f25bc9debdaf05471cd2,915.7451303129402,122047.8854815728,327107.3007044205
50000,50000,0,checkpoint-decision-front,37dced303887489ef809c4e8b035121d5f56003301e90e1dc547ee48ec2da3da,845.1130126989311,123344.06870452702,327456.0169817861
50000,50000,0,checkpoint-decision-front,4fdaddcb114b2c6186326643582d820dc3d28dfb655c3e9a3ff4ee96c469d628,929.5025677200285,121617.88592780137,328882.7160896185
50000,50000,0,checkpoint-decision-front,92d3459413470dcb74a92ec7bd557dcda9f3cebe29696eb71679f5572009f9bc,901.3279694060578,121966.9333430097,330074.8598716059
50000,50000,0,checkpoint-decision-front,4d0148b0bdd1863f6b4c1f676952efb9e6a4cb0faade3ad63036c7500e5f9c7f,849.7542463625191,122637.86141938291,344772.6882924599
50000,50000,0,checkpoint-decision-front,c5b28c6c1944e6ad54d015c31e97807fa2f2c085228e64e6dcd05fe8638e4aba,859.8662139948908,122595.71267356534,343408.95737583895
50000,50000,0,checkpoint-decision-front,0a1fab2d844fe2bd9221a2f7b6f80bbdc67e5fba69e55a3a5bfa591e43062fe3,930.6202618523937,121188.76125274965,337792.31373628014
50000,50000,0,checkpoint-decision-front,d8d3346f9f4d4908b4791aff7cff95e974a37b152cab0c9d8d400ef8bb4e770d,1167.8787328093424,119001.19152980678,330720.40085619164
50000,50000,0,checkpoint-decision-front,8863f155391d831e554cfbc79e409af4cc765ebdd389c9f96718a62740218861,1205.7613994911196,117308.81850261221,329528.9991617259
50000,50000,0,checkpoint-decision-front,e0d087bca77824672030247616d3c41518dedc07196966d42feebafaeae81a21,911.0012870986454,121798.82999072244,332490.0567553961
50000,50000,0,checkpoint-decision-front,1dc4af24c25d94e711d53aad62a52377f1a7d5bc4ec132441b43ed322c215a27,945.595479400838,121139.19316137434,329572.8911716726
50000,50000,0,checkpoint-decision-front,ff5cd20af8c471474d2df17ab483ac47b9add7f3c99ebe815febe71886799009,1163.1134382642058,117882.8381774573,335955.3507359261
50000,50000,0,checkpoint-decision-front,9cdb69f588d8fc9fb4578460c58b07f8cce9ff17c150196c166788bace54f39d,945.14469845036,121001.49663714784,335156.2093671941
50000,50000,0,checkpoint-decision-front,cdce7e64dd84412c599b1ca4a03a7840584515d345971bba39f9ae2cd139f504,898.2689551308266,121693.14293547883,337682.031703794
50000,50000,0,checkpoint-decision-front,f730f11a9a4a5b392ce915ab3086aa064a290d1cf84c8e37061fdf01254b9510,919.3893360924989,122084.71809635867,322202.9504159516
50000,50000,0,checkpoint-decision-front,4f8f4cb60047565e6fd43c01bc5783506a82368fb02fba3d65480a4cab23187d,889.3850939234832,122692.45861112367,325892.44987398724
50000,50000,0,checkpoint-decision-front,b048ef3d5093a6d8c7821044d6733d250770fb8aed5f4320ce7f8a8b85ee4f6a,915.9211272440513,121911.65561688982,324441.2516537239
50000,50000,0,checkpoint-decision-front,682600a060392bdcf365de97e964541bae3b2b50cecbd5f9d415818dbca9ba0d,1121.8062229200195,120044.16441985755,320296.95148151007
50000,50000,0,checkpoint-decision-front,b170574ab45cca63b9ef3cbc98a92f807e6354e604002856121c3193605beda3,845.9426294842576,123946.3301249405,327250.7656645685
50000,50000,0,checkpoint-decision-front,5a8fdd83defc62e6a791afe9035c7517722e6326f3352c3d97260245b9ba486b,911.9649608300856,121725.62826416042,335323.4858835704
50000,50000,0,checkpoint-decision-front,693ec0c65e27ed42cd3d9725c05cfedfe68edc6dd32252eb485fb25465abe892,962.4185832664294,120897.9319929223,327185.46816398035
50000,50000,0,checkpoint-decision-front,0b79432da9024bf90691850bd3927830b5e734e72fb7786bb73dfdb35c20ed10,944.705619936673,121481.59591401232,326886.7457300104
50000,50000,0,checkpoint-decision-front,2091f2486f2bbbb4dab200139414cd0a3971b4385dbce022615803363a52489e,906.6140927328787,122505.59799705735,324877.96405576135
50000,50000,0,checkpoint-decision-front,ddb50859c8cb89571d2b64d50451fc18cc59a5284d191d59c9cbac61fda17fa0,815.7951868416724,125475.39882099051,353459.7247328628
50000,50000,0,checkpoint-decision-front,48f4454acd752c58202d6b905ff267cd5a31ee117cd85144b6f52bdcafdcf5c2,897.148200410126,123235.86308878867,322639.1046934295
50000,50000,0,checkpoint-decision-front,c79fcd32bee0f2f20c225ae7dab971d00b4cea0732b46ef2c1ad61019b623920,905.1544545516836,123048.73529254479,322380.7353415999
50000,50000,0,checkpoint-decision-front,209c32572517bd3ef063019e6d35a7b070a65907220884de460a9297cbe0cc3e,918.2193383066096,122481.45319442796,321429.43232252996
50000,50000,0,checkpoint-decision-front,381ffb112cd68f32c8b724ecce663b84e9ec993f3c19213fd42c410e7ec74c4e,1088.3836102345028,119333.48241958237,339976.6036157686
50000,50000,0,checkpoint-decision-front,0c55a8167bc5bb42a7b779fff2c98488ef2df8195990eb322b507b21dc1f267c,1099.825088946142,119153.0323555528,334144.2878198362
50000,50000,0,checkpoint-decision-front,d76984e46b675c79cdaaffad6c084494cac654e8bbfcad005508cf166e6eafaa,1147.0783080249635,118156.67839490875,332652.20123423054
50000,50000,0,checkpoint-decision-front,7d65a67e454cef467847a41dc198756fd361aa7496caa563109bab1858e8e032,1161.7319943271036,117449.44474800718,337600.04174890113
50000,50000,0,checkpoint-decision-front,18ea2c7faf38bfb67b49df50b226f95439937433b98fd0ac408c0022b192351d,847.2230472919304,124400.11518523272,322116.04603736603
50000,50000,0,checkpoint-decision-front,fc4c82a2fb9fc5d79883404cae79ad1f84f47c68c0875a29d09d3bffd7558ef0,838.3002892645464,124228.85726217329,328251.3723305439
50000,50000,0,checkpoint-decision-front,b0dbc5a5dbac47ae89f1de7d8022990e76e9d093585d11e06442f34c099fc880,1163.4807015623287,117566.67995552212,333897.6842678043
50000,50000,0,checkpoint-decision-front,cadc1cf3a58dd93bc974260017a87135b762dd0b060956f107cd0855066617af,971.3016512974427,121190.39787913297,320077.7987700928
50000,50000,0,checkpoint-decision-front,d95b0bd4ab727b4eff0b88813a8c5b47bea3b4095f0c049b05515e79bfa780ef,940.014942935798,121495.2090765188,325965.63750800927
50000,50000,0,checkpoint-decision-front,233f03341f762292f133bb2215f54d0ed76f60107215604384e02a812003e9cc,895.3093117190418,123227.68275075912,323200.55764555855
50000,50000,0,checkpoint-decision-front,eff6453ad29e30e83b2d03f522f16898411a623d29e2627a8f0950c1ef32f12d,952.012270173856,121596.72807258923,322729.0208543853
50000,50000,0,checkpoint-decision-front,2519961a2ce9e9c356daeb76a3bee54fa87691e128fd20f2fc3c415b13fbf317,864.5876538059971,123236.33598582944,322358.0116035674
50000,50000,0,checkpoint-decision-front,eeddc3b72451eeb37a20dc9ece9e6b029e8bd0919518f8d0a640a40d9ef01e47,1006.7351645125917,120330.96315139726,325875.6053538666
50000,50000,0,checkpoint-decision-front,30b2a1a1a3f7b23b155be83c086e299e5f9092e9adf3475234f907d961fad73d,1027.5063167532555,120119.11370836842,325684.2779849218
50000,50000,0,checkpoint-decision-front,bdd4f12b9ac2df63a0212b7bf1eb68939fc649d616f79d0126042846568f8b2b,878.2033814081534,122790.7328091615,327761.1750339725
50000,50000,0,checkpoint-decision-front,16d423de6b2068a92b2b8eaa00ece484d2637be2cfb407661bbcfa65e34bf313,936.8723488956314,121126.89626055097,331100.6072925583
50000,50000,0,checkpoint-decision-front,d3f1b10255742f9e343b4eaeee52cca238c71c3a55b65c458b471721212964d1,877.9973268262829,122355.88833651082,328086.09027289425
50000,50000,0,checkpoint-decision-front,218420cc456a8ad1bd1ce5e11daf050e9388ac4dacf6592edf040a501ae50e00,842.1374718581797,123691.41813961245,332908.0014633307
50000,50000,0,checkpoint-decision-front,1b1981c2c9323cbc1e2c20ae497863054cd090bca5bed4a620ca56ddf030c263,893.4274424060267,122009.32240543573,329523.60842358513
50000,50000,0,checkpoint-decision-front,5eb9b41888dc45b167d4b71a667b88c7f1fffed5f7c5008d1195151cf6ea6139,979.8531507986618,121191.25364501629,317290.51256188354
50000,50000,0,checkpoint-decision-front,dd5173e849dc8da4c66755804a44eb4bcd08c421900075698f9b98c8af7deb60,861.9793964557186,123075.85303256806,328611.7751182007
50000,50000,0,checkpoint-decision-front,c5df1c8b901d4e80ae91b6ac380e6da779583a37f825e3602309f0e5c09503dd,1237.1439611677324,116562.08316132752,331453.60351406503
50000,50000,0,checkpoint-decision-front,2676aa82669c6070c5e5b5eedacb7d9954af588684b17e0f343a7222a42fc23f,907.5694081001925,122904.4247384319,324385.52621336945
50000,50000,0,checkpoint-decision-front,b678fe8e7c006aa03ecbd61a2ee4f7452efdebbcfc608bb575caca77b1cb0f0b,993.0093194248743,120510.83127890837,330155.17370884505
50000,50000,0,checkpoint-decision-front,a9729421486083a7921427b2ba7cf961d33f06794f7a655ef70515b03f62086f,1009.3241858317947,120271.95307082817,328140.70172623475
50000,50000,0,checkpoint-decision-front,745c979ae518d255020fb530be34cf8eb61bb8af48ff40fc7eb8af106ecd26c5,950.3291787104394,120926.40562963688,328870.2831920294
50000,50000,0,checkpoint-decision-front,c807a032a958d48866b9c7d2c87daf528602aab51613445ce78cdb5f7b3de7da,1184.2833074376722,116993.38323480304,334030.67922596715
50000,50000,0,checkpoint-decision-front,d471719ef3f3b401733a7cffe259a3e060e2be90a82afc01b29538867bd55a96,1002.7612677245098,120445.4777159435,326697.9910482415
50000,50000,0,checkpoint-decision-front,e8983d22224e447e3c82846b9b2e6ee2c8bd70065a16114a6ce8e7183247ee3f,956.1765091846573,121574.69999547469,319298.96215762955
50000,50000,0,checkpoint-decision-front,14c27271c84b2d68ce68d319fe099ed1b91ff5acf31dd11c68b0587c89bebc30,897.7671026521913,121760.66012617107,336109.118921935
50000,50000,0,checkpoint-decision-front,ffdd844a95f28f3ed312914ba9cb6ba08722e72224140a6681f4140b775018e4,1261.5456110917978,116505.27616209624,334991.81517490366
50000,50000,0,checkpoint-decision-front,3a48fdbe1bc868bae6221d677f25cc1f975b60a81077df364d300ab9591f7037,971.1998092926885,121984.29914275759,316994.4048719369
50000,50000,0,checkpoint-decision-front,27bcadaaf0962bc785db3f1cad926734bfdb6b14f3e0db0e6948b2d4ec1666d3,1338.1919039343109,115692.16552171274,341144.6622793455
50000,50000,0,checkpoint-decision-front,ca199d93427e799bf8eeb5ac904e06fa0ae72d08899cbf3ae28bf0b00853aed1,929.7609070249932,122083.91685947089,322271.67471682763
50000,50000,0,checkpoint-decision-front,432187b82aa45ee0334340c8fc6c2b4bc8f26c0719d4e7ea6a3169d4c7642adf,782.6503701703903,127102.11111338949,346664.7032695089
50000,50000,0,checkpoint-decision-front,1ff22bd5b5106a8ab23d9dfbcaecf84fb766e6eb2f23ecf61b9613b324be7611,1187.195874044954,116962.79338367423,335912.8471450634
50000,50000,0,checkpoint-decision-front,1c210a1ace48d2761c554bc954ca8e5698574c10f8c9796241ee3c9aef35d368,957.135178291173,121450.17780300969,317643.96233162115
50000,50000,0,checkpoint-decision-front,99f87f18b6fcdb562a70fd133236fe03505ea9815cd5eb0e31d8736e921ccde4,784.7302826436063,126906.40233925241,340905.4660904858
50000,50000,0,checkpoint-decision-front,e1e05bfe93c36a382c780099a1a0f949317f24aa11177b14af81db9bdb087efd,921.1012190943948,121622.01726399169,330424.72020496905
50000,50000,0,checkpoint-decision-front,f6880c6f164deff8b868588c8e74d088001263e2d29945c597d5407755432d8e,931.1524041938992,121472.7167294193,329483.9152502534
50000,50000,0,checkpoint-decision-front,7c2698748d93f5c50a7d83d48b93194fc4c44b0946de4b9cccc0e98649ee1f64,1196.639811296902,116663.15925296504,338557.49837097124
50000,50000,0,checkpoint-decision-front,2140536f34a7f0f73126ece3a24562f7d934a6f931ca3c993434ef811645547d,1162.8561370131004,117970.31948532489,336611.82349285786
50000,50000,0,checkpoint-decision-front,b03d05c91065414176fcd3fa191e3daf823b366fee06f197c33cb5d36ddbff1a,932.4202690576188,121742.86658600214,322121.567157798
50000,50000,0,checkpoint-decision-front,0650aac57bd51536205b9943560a603b9df7009b05604b18054efb847dfcb5df,1194.4101416842925,116800.0235702284,343460.53883811465
50000,50000,0,checkpoint-decision-front,3530cc8214fee2a476dcb5e18b285b00a72bd45d14d7bc43456d1550fc2ea72c,991.8016317742668,121056.97704991471,320730.4881464203
50000,50000,0,checkpoint-decision-front,5895d91dfcb41b8190f7653080a5e3f9952222d2465237604622878a0116159b,940.6582992713704,121291.67038254163,329687.401293265
50000,50000,0,checkpoint-decision-front,cf954d1696214a212f352cb8fac2f4ebb5b077d01baeed0e7e92a477bc2cbbe4,1197.3568145797185,117016.65267235151,333346.12597976864
50000,50000,0,checkpoint-decision-front,aa8ee9e113846f6613a5eec05a57c2ebb39cb3f05ccce224ade9ad6cd6e4eeef,1172.2326642588198,117502.06375590847,334552.92588786164
50000,50000,0,checkpoint-decision-front,da8c41fb7fe7074658adb19fe45d7d0bcc9d902416e1d9d275431993ad4925d7,964.6955671148976,122009.36476794907,317389.3772376381
50000,50000,0,checkpoint-decision-front,114a636f05c799ecc2b8b357fe64ef2761323fa230a5cd57173b81a66851844c,975.2606046941232,121578.15771139563,314298.06416689814
50000,50000,0,checkpoint-decision-front,c9be128a5e98960c1fdcbee18e1504ed313c8803840ce604627f442072168798,963.4915374937644,121217.01634699543,326444.27183004026
50000,50000,0,checkpoint-decision-front,a9cf406e537d90d0c1d9e9cecf1d946e50c5d7daf145e9243f97386274bee93b,1174.8573717077409,117388.00447271026,332604.1116054543
50000,50000,0,checkpoint-decision-front,21707963839920deb3e5401ed8a90399e8902049458adb06482337f0702be94e,1172.1545615006983,117292.077745891,337499.1611921861
50000,50000,0,checkpoint-decision-front,9d7013eb21842fad774cf43a3d90c7385b32f980c65e9801f4a01022ffca7339,1015.4803607759864,120678.39307884124,322424.4715385918
50000,50000,0,checkpoint-decision-front,e532b1be2993533ac9fe160308ab718666de264140e7afc34ad33399c48a93b9,936.959025224757,121943.0558106848,321552.3352110711
50000,50000,0,checkpoint-decision-front,62dd4ed3dff4b3dc6be687e4f814df4e9e0b0d40af63f2f1d02af02b7f49a131,934.296337348384,121943.94465063896,317789.667946395
50000,50000,0,checkpoint-decision-front,2d6ca21678c6300d3fa05fee4a71b7bfdad010ac47091357498a6c66671b4c88,1170.3893570643716,117293.30639912088,335204.98657446774
50000,50000,0,checkpoint-decision-front,a0d3e4ce87ab61065fdf6ba2519be311a8fabbb3077fc81ae7f13395a11a714e,994.3314020842691,121382.07597802964,316609.62597270403
50000,50000,0,checkpoint-decision-front,7e0cbb103088051be36aaa9d72c4a28c404f83c1b23a72789f07abff4f84ab8f,965.0172885826786,122120.17764964217,316035.53143026243
50000,50000,0,checkpoint-decision-front,e817121d2d32506444683fd06a61303ffbe67ad9d8711fb8ff53d71c9101c6d7,800.5777324145058,126396.08089544764,346940.9224378312
50000,50000,0,checkpoint-decision-front,b66884707b13bc3bbee897bc3398c7fa82a7dbd8d17d2afac0ea8756bcb625ed,950.5716352926053,121622.42099582899,324983.10042735504
50000,50000,0,checkpoint-decision-front,9301c42f3b98bf5b4eb6170bc5ef81e146d9ba55627a1430bf49b6c438ec9e4d,984.8073101076252,121396.22806118107,316045.40703363693
50000,50000,0,checkpoint-decision-front,825b201c67751682b7ea681b9fe048c31182bfc8b2a7719573fd895d922bf286,1014.2091744319669,120744.2405654584,321111.81949217594
50000,50000,0,checkpoint-decision-front,19645e2f1b102dac438d7e4a7f551a77a0fa1e6b2512c87902e103b51922381d,979.0474888775943,121001.23199092658,321641.54567297036
50000,50000,0,checkpoint-decision-front,9d1a8829e3f13094ace9fd00c7ccd0e87bbeca747c3c78c2edd079535d35e87d,1123.5479160049686,117942.63658407755,341795.900090304
50000,50000,0,checkpoint-decision-front,42548c5c70cd6269902ace7f6c3e8930ce3f1522c97750db90f7f8fccfc90473,1030.6326915411862,120296.68763846092,325073.56184631394
50000,50000,0,checkpoint-decision-front,8a333db04562514cd2d907ced2264456ddb7e265d77b6722a8fff83f06e2b178,960.6962501742519,121311.327660477,325029.59427813813
50000,50000,0,checkpoint-decision-front,ceab826a423437e438352ad1fe56e11c8767fd27b140c52e4299781b3d1bcf82,800.5777324145058,126537.77598253098,343685.5057403921
50000,50000,0,checkpoint-decision-front,7502c00cc0322d8cdc5804ec4ba490911ffed4b731eb1b33e21bd2e98d24f830,1222.0429995879936,116987.79957739684,331853.1532707808
50000,50000,0,checkpoint-decision-front,cd293a61349d392a2f435e8c2439f5e2fb183d616274440c83f2dda5847aed8d,968.4780620246311,121317.89337453569,324538.1269850323
50000,50000,0,checkpoint-decision-front,ea8a9236347b98e1aedeb1016131a4abf4e1777d11ba40220aeb8ca932f6f757,1166.0708441147594,119021.0658451075,330566.73826491996
50000,50000,0,checkpoint-decision-front,c57f3c0c7537ea2b8b1b59ffeea9cbec38d24441f4e40fd94ae87d3053d6f733,1294.041715595486,116450.35001241964,335928.56960810535
50000,50000,0,checkpoint-decision-front,9180bc2b99321073d8b407a987b1ec782359aef12f206aa69279ad91d9662c83,965.0172885826786,122031.31536627222,316569.89042557456
50000,50000,0,checkpoint-decision-front,dd1760ca080c9478768712c27182782e6088b59f157ada51a3d906f31178f363,1005.7610788801184,120997.67320267935,313453.0213620926
50000,50000,0,checkpoint-decision-front,2dc3baa04e91e5406d847454f9520925486c4e629548061c11d9e7f0b1c2ac30,1152.3914413375685,117578.96289741338,341429.93438955746
50000,50000,0,checkpoint-decision-front,7d729843be3586049423317c68d98022d9f97f08f91ab2f5fb851f4031462a28,1170.2882144125665,117516.51374674516,335763.7211771931
50000,50000,0,checkpoint-decision-front,9a5bcb26a9b5685202ee6d0fc4726eed4aa466a2cfaa0f5595c53a34df1a2f87,1176.668336762779,117063.8486166083,332280.44508899876
50000,50000,0,checkpoint-decision-front,da4b27a541f1955eaaffc63af3f1422ba802b50e3419307277c16186fe06d586,975.6112517804362,121084.51799621384,321023.3558064619
50000,50000,0,checkpoint-decision-front,8c00cc364679e3ef04b7fc0b9ed5dc001d15dbc834b9801bd23f19cfcc64d738,979.3039373537365,121072.38225698756,320892.8620182155
50000,50000,0,checkpoint-decision-front,830f3099d6b51c102c3116725141580a43bc0233a8000411d77962d0f74c4bc4,1172.3793982727477,118562.99814021954,329383.3364784324
50000,50000,0,checkpoint-decision-front,3bd16966ff99921669e1b69c816b599771ab534476afa19ee49699f5495c95f7,919.2087381170323,122355.14715351409,319641.89496448264
50000,50000,0,checkpoint-decision-front,fa49dad2ad32cb538c238c475040dfd4fe05064262aa8b087731a063c84fc2df,925.9413891645853,122338.40070903488,321443.4707393038
50000,50000,0,checkpoint-decision-front,ff607fa94dabc4808a0d779f134f227a3741e27ac1e2750e426b6211509716bc,1002.316941824019,121100.76267943755,319866.98062117375
50000,50000,0,checkpoint-decision-front,81302ea6701a4000fb2711fdb2dd41d0acd614d0878d44d7ecfc5650d542d500,778.8593581204309,126665.3416427562,349177.93487332424
50000,50000,0,checkpoint-decision-front,457031bd5a781db00b5e2356b2f5106eb6f71bf7fd44e731508a5fe11afd4553,1172.3793982727477,118478.20669624064,329504.8198125705
50000,50000,0,checkpoint-decision-front,46ce2b08e74681d5023e512286943e2fb582a48069b3dd2029d20cfd01cdca62,955.7178550832356,121633.51472718251,320192.15646196407
50000,50000,0,checkpoint-decision-front,808226b2435813eb16487e77af4953a9922559287063dd948c2d2fe91a56fd08,1003.0301899743189,120526.58545308144,325447.0596929408
50000,50000,0,checkpoint-decision-front,7901d46bbc29502bf60f8dfb583aa29bcc6fdb74f57df992be4a73059e8f834f,1027.213062081031,120424.75863304775,322199.0245035594
50000,50000,0,checkpoint-decision-front,a8580024f18fd2fca7c3048e1df840f9a6a274b636c53b4b0cae7164954d3b85,987.5293844683209,120607.7966167496,327298.0544624232
50000,50000,0,checkpoint-decision-front,fcd1d35703915206548baf4252a2ca82a9a5b50d54aa680fe085f36b16a1f39b,976.6306106379816,120977.79651006628,324744.2699346085
50000,50000,0,checkpoint-decision-front,43c2456176d65a8951d23b9d65426a418b731b900c3fa0c6e0a2886cce4f65b3,1025.1848130117826,120570.48348763445,319877.14715035504
50000,50000,0,checkpoint-decision-front,b668ee93949bc3b18fb537f70ce62d1a9d3e2eb8c8bde1b08caa514b35c3b388,946.2968029144381,121528.52490824048,325344.42026735516
50000,50000,0,checkpoint-decision-front,7be52118315dfb042d5dcf97bc941af366439e57a99ed0a6b00bcce0cfa0d571,1012.3787193865096,119954.96633240592,328982.82219685416
50000,50000,0,checkpoint-decision-front,f3b8f3d3b68f42884949b89689e08b141428a0ec5afe1a9c965e5e9938fa6847,1062.1784768026598,119667.52132222528,336148.2195740525
50000,50000,0,checkpoint-decision-front,d11f162ddeb9b1b1977f548f5e8f3b2d9948a60ee736f2cf11bdea54fa76574e,1241.6848324390348,116173.09093872849,340057.51271253324
50000,50000,0,checkpoint-decision-front,262f787b31c9226bbfaff3495f13751fe45b3890bfd03bf73c0fc542e5aba4e7,1253.416312073385,116185.94093594144,336499.4635881098
50000,50000,0,checkpoint-decision-front,07dba4bfa3052cdda5fed0f919c64f2746572235b41bb50da99059baa9890c7d,1232.301590818865,116564.92945615033,346426.2296240444
50000,50000,0,checkpoint-decision-front,dd908e90700b987a808c1c799c1391004caa05d0fdd88fd432274b67c5b95c49,1262.5658968750142,116173.01703779213,341673.2265086776
50000,50000,0,checkpoint-decision-front,e34c3c5b95ed24235de125ff01115db387054cffa236f98c67e1ce960e86eb66,1296.2424443450927,117349.43818797113,329026.4179918659
50000,50000,0,checkpoint-decision-front,63a6d5a3d7fec5f1507a9dab0bb36b68991a0a41c5b26fd249202cce905b39bd,1271.0704688899787,116511.3531674458,331532.40436019364
50000,50000,0,checkpoint-observed-full-front,bb9181c9f2aceb1a2ff2f8832b248f50db21ac7c0d2790d8ae65d62109f9ca27,807.9119981968608,126680.560255608,340700.4420762364
50000,50000,0,checkpoint-observed-full-front,5d1b279afcdd416269fc4d33c76f0b7bf9bfd30b3ae50014034612f84246d2ed,776.6880353455389,127584.86479025807,349686.0111594938
50000,50000,0,checkpoint-observed-full-front,8a1b6d8858a82fd4735020bec4142b9d21ba2ed265ee8cfb5cd95d0556f327b9,776.6880353455389,127584.86479025807,349686.0111594938
50000,50000,0,checkpoint-observed-full-front,6c41399fb85752fb251fac56b32ee5cf620a5995d2318b78a13083cf0a98ecf7,776.6231494081535,127674.75688784375,351462.97930308484
50000,50000,0,checkpoint-observed-full-front,45ad42082cfe195992989afc1e31ac4047c2b1cdd5bbea3969ebaf82ed6d3566,1107.7980814201069,118836.60381150362,361112.26605314924
50000,50000,0,checkpoint-observed-full-front,ad02f1006c51ca582e240c73c1eef45011c308e7d29c162f80a61870b8d79295,1069.2354546422455,118932.69140201245,349043.1744533654
50000,50000,0,checkpoint-observed-full-front,4e82aa4cd5e552c2015141cd2c38b50d9668f27cc453b423a3e81b6b50f62cdb,817.9859212731665,125653.53627672826,350066.0869912628
50000,50000,0,checkpoint-observed-full-front,2ba7dde587fb19894712988f2aedae530944aba2498e44834c8a91c25cd4ee22,816.3464057528711,126363.79160581241,340454.602267619
50000,50000,0,checkpoint-observed-full-front,2f5fa1d4d973fd87655c2b07155618c913321e0d305e39c2177086c207ae18dc,808.9946090610716,125851.22230427139,345210.600586899
50000,50000,0,checkpoint-observed-full-front,b85519a787037cee09d86150a7b22414e0fa4278a2c776e0f206566de08d10a6,808.9946090610716,125852.12883469815,344535.76466708526
50000,50000,0,checkpoint-observed-full-front,6ed5fc7dd93904f1d37437cef424b125afeb0e8b4d046717599a672cf3129603,795.2012319754934,126442.63587569822,343047.0073928458
50000,50000,0,checkpoint-observed-full-front,9e8d8b95e892349cfad109d14cfcea4c470bb57039a36b4129c172336dc41e0d,803.4576221448023,126311.19686640342,343678.5936262324
50000,50000,0,checkpoint-observed-full-front,6724d300eb8f73e6854c5fc137d32c3657591d85bb408c44450228f766218902,800.1274252486954,125770.7662608615,346105.33413833706
50000,50000,0,checkpoint-observed-full-front,de16f3513b038465d73ed1f9cebe2334992037c82bf2f075ae14924a2de7b374,800.3675475126345,126360.84826032806,342749.99791796546
50000,50000,0,checkpoint-observed-full-front,5c5d59c241aa40ba83479bd4c69ff8c97401fe5fb0051dd99ee7abfba4f6fb93,794.1180161637031,126365.49722350133,343349.7648466561
50000,50000,0,checkpoint-observed-full-front,73f6cc6d257f3b28f4b1f7df566c8436d4f4bfce85a5cc4b06a836eac4fc5439,802.6282971363986,126092.87537861448,344212.3308259951
50000,50000,0,checkpoint-observed-full-front,25275cfbb421e145ff66afcb83b291c75dbcf3ee896b284de72309aee09cbdd0,808.8210544133714,126005.46043219895,342115.4683112416
50000,50000,0,checkpoint-observed-full-front,c6f19ccde5f9f8d00ef19a04c22e1d65ed9573843984ce650e0b146c9b4bc442,794.1180161637031,126365.49722350133,343349.7648466561
50000,50000,0,checkpoint-observed-full-front,648de4d0a741d7601db11bedc5eb9fd316ef85271c2cde0813418458859898cd,794.1180161637031,126365.49722350133,343349.7648466561
50000,50000,0,checkpoint-observed-full-front,34da505b2f71405dbe772ff2d18395da5dfe96827d12a1f745cd4a2580168829,794.1180161637031,126365.49722350133,343349.7648466561
50000,50000,0,checkpoint-observed-full-front,4cfdc1422363480a602223cf26f69fced0e0c34ff7f6edefda2de5f629bc6ee6,804.454610355228,126274.97199060567,343917.1789566769
50000,50000,0,checkpoint-observed-full-front,5f1a3aed93f5b5d54b3de5231583390b763f83e5229cfbc4ad19dd8918a3027d,794.1180161637031,126365.49722350133,343349.7648466561
50000,50000,0,checkpoint-observed-full-front,652bd96df14e357700f60d3526e67319ba999b8fb84e35a4c5270f21f434b52d,794.1180161637031,126365.49722350133,343349.7648466561
50000,50000,0,checkpoint-observed-full-front,7121f9e2c631a3f10c0c8da022758d4d6c691ae09d0b45300ef271adb4188364,791.8468982786912,126674.46816304912,344427.6652500385
50000,50000,0,checkpoint-observed-full-front,198c8d2cc3dd42d25622abda4914f4dcc64322c7f067a1f7e878eeae30297607,797.3284817405198,125906.82431569323,344398.0905154374
50000,50000,0,checkpoint-observed-full-front,ff608fba8fb17ce1a46126b21f6be38ef0041c2abbecae1cc81a199232be45d0,789.4174066385473,126721.10176512417,344480.4706586532
50000,50000,0,checkpoint-observed-full-front,f0e6c201f4bac7f1b8490f672feb88bd62b6955ced571e4c0844f033368aff47,788.8483646262156,126759.7507419494,345355.4497611915
50000,50000,0,checkpoint-observed-full-front,629e3bc6f39e70a6063efb25f77d719c55cd5ad0808ceaa94d6204b51cd3c28f,844.6328748723706,123984.11067273165,330965.74735930446
50000,50000,0,checkpoint-observed-full-front,bbd7d6cbd30943dc9066561528741a8219bad4f4d2275d97c44edaf2dcba78f3,1095.6572437185464,119046.53210316022,345435.1293866646
50000,50000,0,checkpoint-observed-full-front,3859ff7cf05b703268a231062b2e700c91f7e2e76c3520467570e8e8ed2ad9c9,813.9941468698183,125868.90762014885,343933.49909546564
50000,50000,0,checkpoint-observed-full-front,e5fbadd6d11d6ee289dc52f38a9128f42af5a6d702780e0b135c73c66e07cdf6,815.8057920912003,125845.84676547274,343658.6711963916
50000,50000,0,checkpoint-observed-full-front,dafda6dadad84c065ebd2db7723cfe1a33ce663eea3248974f301dc7af15d83e,1103.5481142880476,119031.09344953376,343352.9628479371
50000,50000,0,checkpoint-observed-full-front,3727b2765e8f03de68307a99dbfde9c4e03cb0a47e8a90184a69ec039f1b385d,1086.0951642248147,119216.79799184282,345683.9856560449
50000,50000,0,checkpoint-observed-full-front,7ae2fd2545562b6c589302d0cde2807cbe0278d63113e014ff1133a143c498c6,805.1915135179141,126187.73510046919,341571.0010432233
50000,50000,0,checkpoint-observed-full-front,952547da0375a28eea479bb8b88c2718181ec13831772498c9bfe26e5897aee3,901.2027827503093,123145.08546495033,325133.83037940203
50000,50000,0,checkpoint-observed-full-front,63fb713b8011540a216fc56d08c667a11542caa62cf1a4aa30d403991ddcd356,844.2954274791456,124198.3990657772,332057.90215362515
50000,50000,0,checkpoint-observed-full-front,6e3e1d853ba2080e420cf0695ea635f9ca58f686d0d953ca45c1a6c9ea081164,1081.412948257591,119428.12536496532,341085.59345416015
50000,50000,0,checkpoint-observed-full-front,982422f83984f779a64582d996668e0cf0bc8bfc43753de75e03ab130af9fedb,1207.8480844363946,117549.16234916437,328808.6436114215
50000,50000,0,checkpoint-observed-full-front,2f223f18b342edd66fddbfe1a12b2c571abd0fcfbbdd3bdebb2e5e38ee2fb3a7,1316.2154709150325,116164.3474042153,342948.81970369327
50000,50000,0,checkpoint-observed-full-front,487adc375070e7bea41723678b00f727dd26f674f4df217cd9cea1437a6c064b,888.5488887118154,122550.22089965687,327463.8898123824
50000,50000,0,checkpoint-observed-full-front,f2160112e4cc2218b8d535a7fe72a2ed87e6d74052593dc0e6bde16e37572f2d,1055.4454072159365,120001.82718330866,322999.72252442787
50000,50000,0,checkpoint-observed-full-front,a49e9095ab129f402399027187c59255236508e5dbdcac95a5620c33964a0513,916.3008155229088,122541.39441155191,321669.8191555871
50000,50000,0,checkpoint-observed-full-front,12fe18867477a6f683e9680337ebd6aee49f1e339fa6b1f8ab58ed28c131c0f9,779.5363209167714,127801.08961630892,347235.0297505331
50000,50000,0,checkpoint-observed-full-front,dd29f2c3264e644a4baf92daa550d652f195bc284e17f1bf7fa5fac07019eb36,782.6275752099726,127440.77435108862,346984.77055517427
50000,50000,0,checkpoint-observed-full-front,6c37362264ab361de79193e739a0a76547ad2872ddf9ce91ff0295ba41a9c040,1154.204927607435,117474.95481305054,338505.11515761376
50000,50000,0,checkpoint-observed-full-front,5fcc61e9191ef1704b9257b23d3ab3e4056e204973284ce7501016d143b15953,1068.8865448864924,119492.76205287711,324649.7285615383
50000,50000,0,checkpoint-observed-full-front,d001fef33438f8811916686074cde33eeb0b5d75b1bf6d1d79111f4634f14811,914.9002042464158,122471.68611421698,324853.9146843818
50000,50000,0,checkpoint-observed-full-front,0f3bc91b3525cfad4c4041ec74f72fca466f4e35def92f1878291b79db0997c6,782.6275752099726,127440.77435108862,346984.77055517427
50000,50000,0,checkpoint-observed-full-front,e4d98a7ce1f08b12dfa2af3606f5b611f64f5868bf58b65a8e7e03538d72ab69,1174.1961559062574,119035.40268029257,324327.0990697837
50000,50000,0,checkpoint-observed-full-front,fae8f47d7d26c6e37015c9f9675cf63ec9d79ece22066b095c5c4b9f6cb2d534,918.9915400425099,123390.61362791817,321289.19237674517
50000,50000,0,checkpoint-observed-full-front,f36abb77d6263aa0e6765160cc95abf8578f3a1124bb7976fe9bd183865b0a49,842.2018800769904,123588.50042074558,336415.2584563055
50000,50000,0,checkpoint-observed-full-front,8923c2772dc50eacd9bcd165fb17f7174e4d4b44817f8feeaf3b9fd701a2870e,902.8388059796154,122421.21105535244,325234.98232266307
50000,50000,0,checkpoint-observed-full-front,8926d5dae544a8e63136ba091a18cb3d44044ed79a46262a809e03342c02ef98,889.6513723941479,122233.12389678524,325427.9180803406
50000,50000,0,checkpoint-observed-full-front,dd29f2c3264e644a4baf92daa550d652f195bc284e17f1bf7fa5fac07019eb36,782.6275752099726,127440.77435108862,346984.77055517427
50000,50000,0,checkpoint-observed-full-front,06679266865a46545ab9f3af45826ef0106860a65185bb045cf2e832ab824070,782.6275752099726,127840.73716872395,344969.93014119373
50000,50000,0,checkpoint-observed-full-front,3642a5d03824038a42a5dfad9104e723db3eb39807ad2fd1fa570d38e1373498,875.7232319186469,122663.77283788206,329713.50851500116
50000,50000,0,checkpoint-observed-full-front,e8a63b90b48638b7c05dd739903ba075ad5f4fc20eac5875452971c875d1151b,874.9403810934211,122884.8950161911,325382.70849249966
50000,50000,0,checkpoint-observed-full-front,75d5e3626f29105121f1ff19098bc19d10921e13a2df1c3d615aa04d39a16744,874.9403810934211,123180.7561703998,324086.0977263486
50000,50000,0,checkpoint-observed-full-front,908660e6c8d731da721e67cb0080f3fde643b66e55a7f8037c0a54ae8bc0ce1c,850.0007121184656,123595.43233524225,327369.9553594854
50000,50000,0,checkpoint-observed-full-front,e2daeb79af58af4569e201e105ceb8a4c91a31b99a858f96b25088d4e8ad8623,859.9313297678062,123174.73012196261,326539.23122342513
50000,50000,0,checkpoint-observed-full-front,54a87cffe31332d79d4895573a112af2137e2f4222f206d0f3675c735fbad828,997.9162790848933,121051.0666612352,321107.9905533871
50000,50000,0,checkpoint-observed-full-front,d252f48ad764d4a84da1e1cbb07d33a6daa52d149baf376543e7a585953ed129,1146.8741888093382,118069.96996904936,337284.84716988506
50000,50000,0,checkpoint-observed-full-front,e58aa859de6b00e9498576a3e2be5d58b00cd76b234b4a6c664ce50d12bd2e33,1039.2208091826194,120596.7192828306,319235.8416535192
50000,50000,0,checkpoint-observed-full-front,e3a8f9cd4ded2f6bcb352c9c9d469fc342f588d7ee3d42af9f02414e08c91a64,1111.3239724515151,118487.79481691497,341931.51896229887
50000,50000,0,checkpoint-observed-full-front,53250b7851c51401a1c8ce90ca1d81b90268e987058c272efdd4530c2c74b373,1108.465088492617,118571.54565602925,340162.92630329216
50000,50000,0,checkpoint-observed-full-front,931299578b02ceeb6d5a46bd01608b32f5cd3d9d4a9a2f96c0b9a6d658cf4788,1033.4506250586105,119619.17329809036,338163.59284043824
50000,50000,0,checkpoint-observed-full-front,d171b860d9c08f986120ef8cb4695e57da45786612d64c15b8964023ed83f296,1010.9983107491964,120887.42711494712,319978.37219327444
50000,50000,0,checkpoint-observed-full-front,a306e273b8b0db41df01e440c02fa7a68e0aabc1a6bffbe88857cb2d8df048ae,1065.698967614278,119584.34713360174,340417.77265618014
50000,50000,0,checkpoint-observed-full-front,dd29f2c3264e644a4baf92daa550d652f195bc284e17f1bf7fa5fac07019eb36,782.6275752099726,127440.77435108862,346984.77055517427
50000,50000,0,checkpoint-observed-full-front,90a6b36ecd304e763d9e03351911db415500e56edbe20c2059252f91a513cde2,982.6747226657445,120828.89528609582,321997.2711268837
50000,50000,0,checkpoint-observed-full-front,da34cb91cb13e18b98e97e45cd31a1f46e7450df825a3b2eb476a4a9cfe5455f,961.0783153882566,120148.44202996895,349718.2246928256
50000,50000,0,checkpoint-observed-full-front,85441d4ce17bf8364382b817d920796746afb9acd87db8142fe5082bf930c4b2,1162.369575379641,118134.0695602714,336485.43977323815
50000,50000,0,checkpoint-observed-full-front,dd29f2c3264e644a4baf92daa550d652f195bc284e17f1bf7fa5fac07019eb36,782.6275752099726,127440.77435108862,346984.77055517427
50000,50000,0,checkpoint-observed-full-front,dd29f2c3264e644a4baf92daa550d652f195bc284e17f1bf7fa5fac07019eb36,782.6275752099726,127440.77435108862,346984.77055517427
50000,50000,0,checkpoint-observed-full-front,35807983ec73a1b0aa9e498cc2f07e4f88cb581c6dd7e383fa386ccc8c68afef,1146.0343252227638,117748.29210533525,356328.36752548534
50000,50000,0,checkpoint-observed-full-front,7b15dc6aa7717eaedcf69470adc9eaefcfeb826bc1dc43a584800195c8ae4b14,904.1712828041092,122599.13129133679,324708.44742762676
50000,50000,0,checkpoint-observed-full-front,aacd827c55d9bd1295883dc094a26d757da6113304017f25c22cba34e12b189e,1229.013325054953,116947.10082631352,337103.51350414363
50000,50000,0,checkpoint-observed-full-front,81a1536f06f50431f8b3f325b22375cafccc40ee198fafb5f93f1f571b6f3d1f,1084.7787592866714,118846.67142596064,348767.4439263375
50000,50000,0,checkpoint-observed-full-front,d64e6f40f8736fa3745ca3b61ac3f1cf369f1b90f856524950f65a393104f32e,891.6540506671702,122113.36923481025,337446.28674401157
50000,50000,0,checkpoint-observed-full-front,859edfd813f3133ce4a488d1c0883ddc31fffbc453f82640f401fbc17543900b,912.5822296740291,122119.97915104855,326414.20085741166
50000,50000,0,checkpoint-observed-full-front,859edfd813f3133ce4a488d1c0883ddc31fffbc453f82640f401fbc17543900b,912.5822296740291,122119.97915104855,326414.20085741166
50000,50000,0,checkpoint-observed-full-front,e40bca04ef95c899ff32dddbc59eae95a89654cc48df5b91e6eea9d6040db108,904.2377295405774,121898.05387027677,328909.1370225634
50000,50000,0,checkpoint-observed-full-front,430eaf751e4a5a2ab12d91eba1f41f3081cee7bad29da35906bbd3e0a42b4387,925.1950710411886,121576.48865281028,343760.44506229763
50000,50000,0,checkpoint-observed-full-front,fb29e79a14ab3d6cc31986b4b24ee22d519ee2330bf7ea14bac7efe9324b79b7,1037.495210143055,120412.47032060166,324034.81028590363
50000,50000,0,checkpoint-observed-full-front,678ee320d638a50afde0cecbad4e87d17a721a5062a067397e315ed20c9d4fce,1091.1062926472302,119212.72255847885,324796.64046548866
50000,50000,0,checkpoint-observed-full-front,885fb2e0113cb32e1662f1f24ed3e26c5d0ada75cfe8ba9b0644ab30be12ed6a,899.5280075071506,121981.51636479583,336096.7025598077
50000,50000,0,checkpoint-observed-full-front,8e16c24a4af78f210d7afef1981d88925af68ec0102d54ae9d8cdcea1f72be8e,914.9686542599436,121741.4336542548,330173.7064493495
50000,50000,0,checkpoint-observed-full-front,bd357bf4523107d061556279242059c5b110c55ecfd0afc2a1fd9268d7d4d3cf,781.4384524959202,127447.21380109293,346809.7437636251
50000,50000,0,checkpoint-observed-full-front,bd357bf4523107d061556279242059c5b110c55ecfd0afc2a1fd9268d7d4d3cf,781.4384524959202,127447.21380109293,346809.7437636251
50000,50000,0,checkpoint-observed-full-front,b06a26ad407ccafd41c6eda3da13807aa1f5802431379f03c5b8edffaff8903a,781.4384524959202,127447.21380109293,346809.7437636251
50000,50000,0,checkpoint-observed-full-front,c112f6e226d9f48b8bce0aaaf98dc1348305ce4520527a681dfb243fc7a2b41e,1116.0970596738466,118741.0599478377,336729.4565598213
50000,50000,0,checkpoint-observed-full-front,e811852c326289589905eaa5d611cc93a4f11ccf87ae753fae76107430af1c36,854.3116190227448,122810.29209891343,330129.7080949186
50000,50000,0,checkpoint-observed-full-front,ae2f4db179fad2022573ec3f5431b3840de693b5e6f5ec7c5495ef07793a0945,931.4956643442695,121464.83046574872,336984.3327608922
50000,50000,0,checkpoint-observed-full-front,b76f22661bc510dfebd3dc699a6d7577a2895f0e8f6b231930ad4f632418b28c,781.4384524959202,128449.51148215667,343472.3913513055
50000,50000,0,checkpoint-observed-full-front,51c758df874b447eeeff6934760d5ac587ba7b628a943ba01c7af64876a5e2a0,829.3695443480875,123655.59704256181,333802.71984055435
50000,50000,0,checkpoint-observed-full-front,11eacea27348113c36e6aae830e0672fd90c73b49e9327971b2c2b39d02eb368,846.1423714231302,122988.00494740737,328802.3233755737
50000,50000,0,checkpoint-observed-full-front,ac79619cb4ed9f873dbdb71c9988122736a4be1bf6a7b76e3eac0066b81eac81,879.0756299749053,122728.28978259438,327290.57078867516
50000,50000,0,checkpoint-observed-full-front,dd261be80308852f999156c4c169a5e431fc3bc7c52a9adce98b023e2aee29cd,861.9793964557186,123845.99148928205,325084.07403798087
50000,50000,0,checkpoint-observed-full-front,d14835db6fed8813296924b043c7b2e38bfb0984e0cd11ff900a0864b150b363,783.2624874502305,126784.01980089776,343833.6076393009
50000,50000,0,checkpoint-observed-full-front,7edd3068ef998630de9f38dd6ab21cd5086738d4030da81c57890dddf7ae0c71,777.4802283135036,126768.07646014015,348504.81344753015
50000,50000,0,checkpoint-observed-full-front,589906076251ac88a97260aef5f3d2f2011dff60b45f2462dcc4040277e65cf9,789.4022294644907,126714.43126100881,347156.1231537635
50000,50000,0,checkpoint-observed-full-front,ce0b61dc28e785a28b0d48da1c31835ca8bfb2b85d2fbdaa6ec202e5b4f9c40d,777.4802283135036,126768.07646014015,348504.81344753015
50000,50000,0,checkpoint-observed-full-front,b63962dce1e1de262cc3a9c4ef47f4d7dcd98b0895e179e1f008a57b3f1bf94e,777.4802283135036,126768.07646014015,348504.81344753015
50000,50000,0,checkpoint-observed-full-front,c6bb36b168e525ef8160401974f5a0755d56ff441ed828e8f30d4c929bb77d26,777.4802283135036,126768.07646014015,348504.81344753015
50000,50000,0,checkpoint-observed-full-front,4e06fa251ad627e5decb8a078bc96382bb5efc83ea8f64e6a15c4139e3982f64,783.9456505119597,126509.99251665987,348785.65529552824
50000,50000,0,checkpoint-observed-full-front,df6239f5dc23be3a1ce05363a7fb6cfd522fbbdc8efd22e1d8d79cde8fe65c26,877.7666014057248,122385.90661280052,333517.51516709477
50000,50000,0,checkpoint-observed-full-front,ae2f4db179fad2022573ec3f5431b3840de693b5e6f5ec7c5495ef07793a0945,931.4956643442695,121464.83046574872,336984.3327608922
50000,50000,0,checkpoint-observed-full-front,5b98dad8cf1a5ab5fec7cf575a16aba38a1f878140ec38fd862bb8d55af0fc90,959.2792615386625,120909.22107342814,331386.48768455326
50000,50000,0,checkpoint-observed-full-front,ae2f4db179fad2022573ec3f5431b3840de693b5e6f5ec7c5495ef07793a0945,931.4956643442695,121464.83046574872,336984.3327608922
50000,50000,0,checkpoint-observed-full-front,e0730b31605a39e3e0237d21280207f095fb616a8fe705d39ea3e75815967d4b,1188.1033350615255,117404.18269405799,330636.17209121014
50000,50000,0,checkpoint-observed-full-front,1843148792289dda8ee7b4e6e65070c75e456e3d1b990f4e6ea639fce82b2f66,972.5695410775342,120654.19162485917,326389.8043053319
50000,50000,0,checkpoint-observed-full-front,dfb7ac3c2b3ba967c222d0540d548fe5361cef13b7f7c48c42b1b6e8630c3998,854.3116190227448,122644.68445649793,332410.5505517393
50000,50000,0,checkpoint-observed-full-front,1051c24aea0c43639f6b3f80cab08a1cee9bb8acb6edd9076b19b5f1ed728ad0,779.9343040918621,127571.14166513062,345867.8141876767
50000,50000,0,checkpoint-observed-full-front,1844e3141d3892cd3f1d33356297a2940cdfd343fcbd526b35fbe4b278c29c62,777.8021784321387,127557.63366788687,347638.8225557261
50000,50000,0,checkpoint-observed-full-front,1844e3141d3892cd3f1d33356297a2940cdfd343fcbd526b35fbe4b278c29c62,777.8021784321387,127557.63366788687,347638.8225557261
50000,50000,0,checkpoint-observed-full-front,046d940e48560c04a28d46f510963272a24318575e5bef568491f6e093d14ab2,942.6702538827273,121449.51267341655,328409.39388232253
50000,50000,0,checkpoint-observed-full-front,ff71a93a4bdbd548096bd5757f3dd83a4de53000c19e1754628a23a2922fc754,1195.5334749286394,116792.97369728453,339347.2561422841
50000,50000,0,checkpoint-observed-full-front,a430fac680cf2850fd7c0a50a8d52d7caabf3ae5e8bcec4994edcb539c36890b,1036.3243371963526,120555.54385046888,321228.3800985775
50000,50000,0,checkpoint-observed-full-front,47705bbdb97a09cd34e967d7f43ee7d628305147b5aa86a46e52154208114c04,923.9988532401003,121577.06205783374,333661.326068943
50000,50000,0,checkpoint-observed-full-front,036bcd458a1418c9017b2d24043fa9d404acb14b4388403d2368857c6c294c44,784.4515597936349,126703.77299050736,347439.2870105321
50000,50000,0,checkpoint-observed-full-front,241f3e823a8a7da4e6cc5bf6d9bea9a53f0d4901659a79901bc89e1eb36c0118,905.8966291064971,121800.68772801734,328383.79729229945
50000,50000,0,checkpoint-observed-full-front,8701cc3e4a16663c0943479e05b00290d8d1a30e53a7e273bb5bc3f837c10e28,1074.9497803658035,119584.09643820552,320812.1916849183
50000,50000,0,checkpoint-observed-full-front,629f9a7a4567b68bf1b4423e41c0c551acbfa06806bac2299dfb2bee7e606814,873.8916324682701,122896.18275776325,326481.5826883074
50000,50000,0,checkpoint-observed-full-front,00ce92ae84f130a1f587cee3e61957b01330437d20a3f65f99f7e9b6b554fac5,890.9191110483939,122167.50473682857,329635.9156971531
50000,50000,0,checkpoint-observed-full-front,a016a4bbfd945bc990028876c37d8d6e2629157fc127be5a86ee084b825e4e4f,929.5025677200285,121546.11081393642,329669.63122182235
50000,50000,0,checkpoint-observed-full-front,185730cd97689e5e46a519dbae023b8aa8e91b9029771b5d67df361bb63d4115,893.2554924806109,122099.11220188247,336125.7226574349
50000,50000,0,checkpoint-observed-full-front,b9b1d33adbf400db621c677a82fd38aa539caa825fa0fc184d4c21106e8a6b75,818.0258866963409,124856.01856932178,336024.3263400869
50000,50000,0,checkpoint-observed-full-front,d55ef7dce058895b656ae1445c5bba8d0744b3b9042c5633199b233592df8f0a,820.2860115999781,124319.83630842454,326151.96963183495
50000,50000,0,checkpoint-observed-full-front,98b717791a724f9a78d0fd62517cc6fbb4171464040c7327972449e2373ba07c,933.9058886680873,121573.36226167816,329085.4294217235
50000,50000,0,checkpoint-observed-full-front,b4d2b073b6dfd0f86cb8adb4c909ce05af0f6b9cb99f1cf1782a9b01994f251a,1141.5393215257977,118655.78446450835,334939.915390838
50000,50000,0,checkpoint-observed-full-front,29cae5a5f38edc40ed8954c449a2e6b99c3bf011beb8056f01a6fc806380cbaf,1044.5098486285588,119770.65546113877,329641.95044943155
50000,50000,0,checkpoint-observed-full-front,e999335127516f7929a7ebe64cfaa771d0c8ae2379cf704fe5f4bdaace093e05,1033.93684066739,120376.19581064022,324885.7005490407
50000,50000,0,checkpoint-observed-full-front,98b717791a724f9a78d0fd62517cc6fbb4171464040c7327972449e2373ba07c,933.9058886680873,121573.36226167816,329085.4294217235
50000,50000,0,checkpoint-observed-full-front,1e53e0e09c9e25e114df805cc75dba66e12f6a2a87bc9a2d90a852c817a51d7d,929.4618125056345,121751.02624297742,327231.4395741559
50000,50000,0,checkpoint-observed-full-front,ae5b53d520146357ed4de15b25c4728e19b9dc85f6bf0f75be009e917b6d4ada,1038.3846191415025,120154.17092201694,320654.34474525717
50000,50000,0,checkpoint-observed-full-front,3ea525a5fe9ed12f88253ef89eccafaff72880e5edb416127f4db61995579e8f,946.4811989865774,121535.20550219092,325333.5919720412
50000,50000,0,checkpoint-observed-full-front,004fade56b078d9f378b48481cf6381716ae1cdc6a3ba88644252e895d0ef439,1067.7973581832443,119635.19498009219,325553.82761260914
50000,50000,0,checkpoint-observed-full-front,d3d3e90d2fcfda8f089ecc766e35da92350a73fa5933f92cbc61e47bc4e5bb45,935.927800828901,121639.92909639669,328669.1252693033
50000,50000,0,checkpoint-observed-full-front,a9a5cd79532a5d71c584d6f7f445b755035d860428075eee7aa20f0c398c6f0f,1054.4359718537435,119948.29553092497,323174.0695404181
50000,50000,0,checkpoint-observed-full-front,2c31c10d7aeabd80a31536bca5fdd02fc1044ce2c052f25bc9debdaf05471cd2,915.7451303129402,122047.8854815728,327107.3007044205
50000,50000,0,checkpoint-observed-full-front,37dced303887489ef809c4e8b035121d5f56003301e90e1dc547ee48ec2da3da,845.1130126989311,123344.06870452702,327456.0169817861
50000,50000,0,checkpoint-observed-full-front,4fdaddcb114b2c6186326643582d820dc3d28dfb655c3e9a3ff4ee96c469d628,929.5025677200285,121617.88592780137,328882.7160896185
50000,50000,0,checkpoint-observed-full-front,92d3459413470dcb74a92ec7bd557dcda9f3cebe29696eb71679f5572009f9bc,901.3279694060578,121966.9333430097,330074.8598716059
50000,50000,0,checkpoint-observed-full-front,4d0148b0bdd1863f6b4c1f676952efb9e6a4cb0faade3ad63036c7500e5f9c7f,849.7542463625191,122637.86141938291,344772.6882924599
50000,50000,0,checkpoint-observed-full-front,c5b28c6c1944e6ad54d015c31e97807fa2f2c085228e64e6dcd05fe8638e4aba,859.8662139948908,122595.71267356534,343408.95737583895
50000,50000,0,checkpoint-observed-full-front,0a1fab2d844fe2bd9221a2f7b6f80bbdc67e5fba69e55a3a5bfa591e43062fe3,930.6202618523937,121188.76125274965,337792.31373628014
50000,50000,0,checkpoint-observed-full-front,d8d3346f9f4d4908b4791aff7cff95e974a37b152cab0c9d8d400ef8bb4e770d,1167.8787328093424,119001.19152980678,330720.40085619164
50000,50000,0,checkpoint-observed-full-front,8863f155391d831e554cfbc79e409af4cc765ebdd389c9f96718a62740218861,1205.7613994911196,117308.81850261221,329528.9991617259
50000,50000,0,checkpoint-observed-full-front,e0d087bca77824672030247616d3c41518dedc07196966d42feebafaeae81a21,911.0012870986454,121798.82999072244,332490.0567553961
50000,50000,0,checkpoint-observed-full-front,1dc4af24c25d94e711d53aad62a52377f1a7d5bc4ec132441b43ed322c215a27,945.595479400838,121139.19316137434,329572.8911716726
50000,50000,0,checkpoint-observed-full-front,a7db46605364585359a687d1819a49490e23cf7ceeeeba2dc6a57b846ce6bcd2,930.6202618523937,121188.76125274965,337792.31373628014
50000,50000,0,checkpoint-observed-full-front,ff5cd20af8c471474d2df17ab483ac47b9add7f3c99ebe815febe71886799009,1163.1134382642058,117882.8381774573,335955.3507359261
50000,50000,0,checkpoint-observed-full-front,9cdb69f588d8fc9fb4578460c58b07f8cce9ff17c150196c166788bace54f39d,945.14469845036,121001.49663714784,335156.2093671941
50000,50000,0,checkpoint-observed-full-front,cdce7e64dd84412c599b1ca4a03a7840584515d345971bba39f9ae2cd139f504,898.2689551308266,121693.14293547883,337682.031703794
50000,50000,0,checkpoint-observed-full-front,f730f11a9a4a5b392ce915ab3086aa064a290d1cf84c8e37061fdf01254b9510,919.3893360924989,122084.71809635867,322202.9504159516
50000,50000,0,checkpoint-observed-full-front,4f8f4cb60047565e6fd43c01bc5783506a82368fb02fba3d65480a4cab23187d,889.3850939234832,122692.45861112367,325892.44987398724
50000,50000,0,checkpoint-observed-full-front,b048ef3d5093a6d8c7821044d6733d250770fb8aed5f4320ce7f8a8b85ee4f6a,915.9211272440513,121911.65561688982,324441.2516537239
50000,50000,0,checkpoint-observed-full-front,682600a060392bdcf365de97e964541bae3b2b50cecbd5f9d415818dbca9ba0d,1121.8062229200195,120044.16441985755,320296.95148151007
50000,50000,0,checkpoint-observed-full-front,b170574ab45cca63b9ef3cbc98a92f807e6354e604002856121c3193605beda3,845.9426294842576,123946.3301249405,327250.7656645685
50000,50000,0,checkpoint-observed-full-front,5a8fdd83defc62e6a791afe9035c7517722e6326f3352c3d97260245b9ba486b,911.9649608300856,121725.62826416042,335323.4858835704
50000,50000,0,checkpoint-observed-full-front,693ec0c65e27ed42cd3d9725c05cfedfe68edc6dd32252eb485fb25465abe892,962.4185832664294,120897.9319929223,327185.46816398035
50000,50000,0,checkpoint-observed-full-front,0b79432da9024bf90691850bd3927830b5e734e72fb7786bb73dfdb35c20ed10,944.705619936673,121481.59591401232,326886.7457300104
50000,50000,0,checkpoint-observed-full-front,2091f2486f2bbbb4dab200139414cd0a3971b4385dbce022615803363a52489e,906.6140927328787,122505.59799705735,324877.96405576135
50000,50000,0,checkpoint-observed-full-front,ddb50859c8cb89571d2b64d50451fc18cc59a5284d191d59c9cbac61fda17fa0,815.7951868416724,125475.39882099051,353459.7247328628
50000,50000,0,checkpoint-observed-full-front,48f4454acd752c58202d6b905ff267cd5a31ee117cd85144b6f52bdcafdcf5c2,897.148200410126,123235.86308878867,322639.1046934295
50000,50000,0,checkpoint-observed-full-front,c79fcd32bee0f2f20c225ae7dab971d00b4cea0732b46ef2c1ad61019b623920,905.1544545516836,123048.73529254479,322380.7353415999
50000,50000,0,checkpoint-observed-full-front,209c32572517bd3ef063019e6d35a7b070a65907220884de460a9297cbe0cc3e,918.2193383066096,122481.45319442796,321429.43232252996
50000,50000,0,checkpoint-observed-full-front,381ffb112cd68f32c8b724ecce663b84e9ec993f3c19213fd42c410e7ec74c4e,1088.3836102345028,119333.48241958237,339976.6036157686
50000,50000,0,checkpoint-observed-full-front,0c55a8167bc5bb42a7b779fff2c98488ef2df8195990eb322b507b21dc1f267c,1099.825088946142,119153.0323555528,334144.2878198362
50000,50000,0,checkpoint-observed-full-front,d76984e46b675c79cdaaffad6c084494cac654e8bbfcad005508cf166e6eafaa,1147.0783080249635,118156.67839490875,332652.20123423054
50000,50000,0,checkpoint-observed-full-front,7d65a67e454cef467847a41dc198756fd361aa7496caa563109bab1858e8e032,1161.7319943271036,117449.44474800718,337600.04174890113
50000,50000,0,checkpoint-observed-full-front,18ea2c7faf38bfb67b49df50b226f95439937433b98fd0ac408c0022b192351d,847.2230472919304,124400.11518523272,322116.04603736603
50000,50000,0,checkpoint-observed-full-front,fc4c82a2fb9fc5d79883404cae79ad1f84f47c68c0875a29d09d3bffd7558ef0,838.3002892645464,124228.85726217329,328251.3723305439
50000,50000,0,checkpoint-observed-full-front,b0dbc5a5dbac47ae89f1de7d8022990e76e9d093585d11e06442f34c099fc880,1163.4807015623287,117566.67995552212,333897.6842678043
50000,50000,0,checkpoint-observed-full-front,cadc1cf3a58dd93bc974260017a87135b762dd0b060956f107cd0855066617af,971.3016512974427,121190.39787913297,320077.7987700928
50000,50000,0,checkpoint-observed-full-front,d95b0bd4ab727b4eff0b88813a8c5b47bea3b4095f0c049b05515e79bfa780ef,940.014942935798,121495.2090765188,325965.63750800927
50000,50000,0,checkpoint-observed-full-front,233f03341f762292f133bb2215f54d0ed76f60107215604384e02a812003e9cc,895.3093117190418,123227.68275075912,323200.55764555855
50000,50000,0,checkpoint-observed-full-front,eff6453ad29e30e83b2d03f522f16898411a623d29e2627a8f0950c1ef32f12d,952.012270173856,121596.72807258923,322729.0208543853
50000,50000,0,checkpoint-observed-full-front,2519961a2ce9e9c356daeb76a3bee54fa87691e128fd20f2fc3c415b13fbf317,864.5876538059971,123236.33598582944,322358.0116035674
50000,50000,0,checkpoint-observed-full-front,eeddc3b72451eeb37a20dc9ece9e6b029e8bd0919518f8d0a640a40d9ef01e47,1006.7351645125917,120330.96315139726,325875.6053538666
50000,50000,0,checkpoint-observed-full-front,30b2a1a1a3f7b23b155be83c086e299e5f9092e9adf3475234f907d961fad73d,1027.5063167532555,120119.11370836842,325684.2779849218
50000,50000,0,checkpoint-observed-full-front,bdd4f12b9ac2df63a0212b7bf1eb68939fc649d616f79d0126042846568f8b2b,878.2033814081534,122790.7328091615,327761.1750339725
50000,50000,0,checkpoint-observed-full-front,16d423de6b2068a92b2b8eaa00ece484d2637be2cfb407661bbcfa65e34bf313,936.8723488956314,121126.89626055097,331100.6072925583
50000,50000,0,checkpoint-observed-full-front,4cb88e20f5c59126e3d251d4b51fd9b10f7ad9b0053e377b0af16a8934087411,852.3101856427551,123794.24923150612,326592.5026289098
50000,50000,0,checkpoint-observed-full-front,218420cc456a8ad1bd1ce5e11daf050e9388ac4dacf6592edf040a501ae50e00,842.1374718581797,123691.41813961245,332908.0014633307
50000,50000,0,checkpoint-observed-full-front,d3f1b10255742f9e343b4eaeee52cca238c71c3a55b65c458b471721212964d1,877.9973268262829,122355.88833651082,328086.09027289425
50000,50000,0,checkpoint-observed-full-front,397cb5f61ebf234db79508ce92fe82fc0db5b987c2920878181e62c72c7efab8,792.7312841424534,126294.56475622201,353949.92135117494
50000,50000,0,checkpoint-observed-full-front,7edd3068ef998630de9f38dd6ab21cd5086738d4030da81c57890dddf7ae0c71,777.4802283135036,126768.07646014015,348504.81344753015
50000,50000,0,checkpoint-observed-full-front,1b1981c2c9323cbc1e2c20ae497863054cd090bca5bed4a620ca56ddf030c263,893.4274424060267,122009.32240543573,329523.60842358513
50000,50000,0,checkpoint-observed-full-front,5eb9b41888dc45b167d4b71a667b88c7f1fffed5f7c5008d1195151cf6ea6139,979.8531507986618,121191.25364501629,317290.51256188354
50000,50000,0,checkpoint-observed-full-front,dd5173e849dc8da4c66755804a44eb4bcd08c421900075698f9b98c8af7deb60,861.9793964557186,123075.85303256806,328611.7751182007
50000,50000,0,checkpoint-observed-full-front,c5df1c8b901d4e80ae91b6ac380e6da779583a37f825e3602309f0e5c09503dd,1237.1439611677324,116562.08316132752,331453.60351406503
50000,50000,0,checkpoint-observed-full-front,2676aa82669c6070c5e5b5eedacb7d9954af588684b17e0f343a7222a42fc23f,907.5694081001925,122904.4247384319,324385.52621336945
50000,50000,0,checkpoint-observed-full-front,b678fe8e7c006aa03ecbd61a2ee4f7452efdebbcfc608bb575caca77b1cb0f0b,993.0093194248743,120510.83127890837,330155.17370884505
50000,50000,0,checkpoint-observed-full-front,a9729421486083a7921427b2ba7cf961d33f06794f7a655ef70515b03f62086f,1009.3241858317947,120271.95307082817,328140.70172623475
50000,50000,0,checkpoint-observed-full-front,745c979ae518d255020fb530be34cf8eb61bb8af48ff40fc7eb8af106ecd26c5,950.3291787104394,120926.40562963688,328870.2831920294
50000,50000,0,checkpoint-observed-full-front,c807a032a958d48866b9c7d2c87daf528602aab51613445ce78cdb5f7b3de7da,1184.2833074376722,116993.38323480304,334030.67922596715
50000,50000,0,checkpoint-observed-full-front,d471719ef3f3b401733a7cffe259a3e060e2be90a82afc01b29538867bd55a96,1002.7612677245098,120445.4777159435,326697.9910482415
50000,50000,0,checkpoint-observed-full-front,e8983d22224e447e3c82846b9b2e6ee2c8bd70065a16114a6ce8e7183247ee3f,956.1765091846573,121574.69999547469,319298.96215762955
50000,50000,0,checkpoint-observed-full-front,14c27271c84b2d68ce68d319fe099ed1b91ff5acf31dd11c68b0587c89bebc30,897.7671026521913,121760.66012617107,336109.118921935
50000,50000,0,checkpoint-observed-full-front,ffdd844a95f28f3ed312914ba9cb6ba08722e72224140a6681f4140b775018e4,1261.5456110917978,116505.27616209624,334991.81517490366
50000,50000,0,checkpoint-observed-full-front,3a48fdbe1bc868bae6221d677f25cc1f975b60a81077df364d300ab9591f7037,971.1998092926885,121984.29914275759,316994.4048719369
50000,50000,0,checkpoint-observed-full-front,27bcadaaf0962bc785db3f1cad926734bfdb6b14f3e0db0e6948b2d4ec1666d3,1338.1919039343109,115692.16552171274,341144.6622793455
50000,50000,0,checkpoint-observed-full-front,ca199d93427e799bf8eeb5ac904e06fa0ae72d08899cbf3ae28bf0b00853aed1,929.7609070249932,122083.91685947089,322271.67471682763
50000,50000,0,checkpoint-observed-full-front,432187b82aa45ee0334340c8fc6c2b4bc8f26c0719d4e7ea6a3169d4c7642adf,782.6503701703903,127102.11111338949,346664.7032695089
50000,50000,0,checkpoint-observed-full-front,1ff22bd5b5106a8ab23d9dfbcaecf84fb766e6eb2f23ecf61b9613b324be7611,1187.195874044954,116962.79338367423,335912.8471450634
50000,50000,0,checkpoint-observed-full-front,1c210a1ace48d2761c554bc954ca8e5698574c10f8c9796241ee3c9aef35d368,957.135178291173,121450.17780300969,317643.96233162115
50000,50000,0,checkpoint-observed-full-front,99f87f18b6fcdb562a70fd133236fe03505ea9815cd5eb0e31d8736e921ccde4,784.7302826436063,126906.40233925241,340905.4660904858
50000,50000,0,checkpoint-observed-full-front,e1e05bfe93c36a382c780099a1a0f949317f24aa11177b14af81db9bdb087efd,921.1012190943948,121622.01726399169,330424.72020496905
50000,50000,0,checkpoint-observed-full-front,f6880c6f164deff8b868588c8e74d088001263e2d29945c597d5407755432d8e,931.1524041938992,121472.7167294193,329483.9152502534
50000,50000,0,checkpoint-observed-full-front,7c2698748d93f5c50a7d83d48b93194fc4c44b0946de4b9cccc0e98649ee1f64,1196.639811296902,116663.15925296504,338557.49837097124
50000,50000,0,checkpoint-observed-full-front,2140536f34a7f0f73126ece3a24562f7d934a6f931ca3c993434ef811645547d,1162.8561370131004,117970.31948532489,336611.82349285786
50000,50000,0,checkpoint-observed-full-front,b03d05c91065414176fcd3fa191e3daf823b366fee06f197c33cb5d36ddbff1a,932.4202690576188,121742.86658600214,322121.567157798
50000,50000,0,checkpoint-observed-full-front,0650aac57bd51536205b9943560a603b9df7009b05604b18054efb847dfcb5df,1194.4101416842925,116800.0235702284,343460.53883811465
50000,50000,0,checkpoint-observed-full-front,3530cc8214fee2a476dcb5e18b285b00a72bd45d14d7bc43456d1550fc2ea72c,991.8016317742668,121056.97704991471,320730.4881464203
50000,50000,0,checkpoint-observed-full-front,5895d91dfcb41b8190f7653080a5e3f9952222d2465237604622878a0116159b,940.6582992713704,121291.67038254163,329687.401293265
50000,50000,0,checkpoint-observed-full-front,cf954d1696214a212f352cb8fac2f4ebb5b077d01baeed0e7e92a477bc2cbbe4,1197.3568145797185,117016.65267235151,333346.12597976864
50000,50000,0,checkpoint-observed-full-front,aa8ee9e113846f6613a5eec05a57c2ebb39cb3f05ccce224ade9ad6cd6e4eeef,1172.2326642588198,117502.06375590847,334552.92588786164
50000,50000,0,checkpoint-observed-full-front,da8c41fb7fe7074658adb19fe45d7d0bcc9d902416e1d9d275431993ad4925d7,964.6955671148976,122009.36476794907,317389.3772376381
50000,50000,0,checkpoint-observed-full-front,114a636f05c799ecc2b8b357fe64ef2761323fa230a5cd57173b81a66851844c,975.2606046941232,121578.15771139563,314298.06416689814
50000,50000,0,checkpoint-observed-full-front,c9be128a5e98960c1fdcbee18e1504ed313c8803840ce604627f442072168798,963.4915374937644,121217.01634699543,326444.27183004026
50000,50000,0,checkpoint-observed-full-front,a9cf406e537d90d0c1d9e9cecf1d946e50c5d7daf145e9243f97386274bee93b,1174.8573717077409,117388.00447271026,332604.1116054543
50000,50000,0,checkpoint-observed-full-front,21707963839920deb3e5401ed8a90399e8902049458adb06482337f0702be94e,1172.1545615006983,117292.077745891,337499.1611921861
50000,50000,0,checkpoint-observed-full-front,9d7013eb21842fad774cf43a3d90c7385b32f980c65e9801f4a01022ffca7339,1015.4803607759864,120678.39307884124,322424.4715385918
50000,50000,0,checkpoint-observed-full-front,e532b1be2993533ac9fe160308ab718666de264140e7afc34ad33399c48a93b9,936.959025224757,121943.0558106848,321552.3352110711
50000,50000,0,checkpoint-observed-full-front,62dd4ed3dff4b3dc6be687e4f814df4e9e0b0d40af63f2f1d02af02b7f49a131,934.296337348384,121943.94465063896,317789.667946395
50000,50000,0,checkpoint-observed-full-front,2d6ca21678c6300d3fa05fee4a71b7bfdad010ac47091357498a6c66671b4c88,1170.3893570643716,117293.30639912088,335204.98657446774
50000,50000,0,checkpoint-observed-full-front,a0d3e4ce87ab61065fdf6ba2519be311a8fabbb3077fc81ae7f13395a11a714e,994.3314020842691,121382.07597802964,316609.62597270403
50000,50000,0,checkpoint-observed-full-front,7e0cbb103088051be36aaa9d72c4a28c404f83c1b23a72789f07abff4f84ab8f,965.0172885826786,122120.17764964217,316035.53143026243
50000,50000,0,checkpoint-observed-full-front,b66884707b13bc3bbee897bc3398c7fa82a7dbd8d17d2afac0ea8756bcb625ed,950.5716352926053,121622.42099582899,324983.10042735504
50000,50000,0,checkpoint-observed-full-front,9301c42f3b98bf5b4eb6170bc5ef81e146d9ba55627a1430bf49b6c438ec9e4d,984.8073101076252,121396.22806118107,316045.40703363693
50000,50000,0,checkpoint-observed-full-front,825b201c67751682b7ea681b9fe048c31182bfc8b2a7719573fd895d922bf286,1014.2091744319669,120744.2405654584,321111.81949217594
50000,50000,0,checkpoint-observed-full-front,19645e2f1b102dac438d7e4a7f551a77a0fa1e6b2512c87902e103b51922381d,979.0474888775943,121001.23199092658,321641.54567297036
50000,50000,0,checkpoint-observed-full-front,9d1a8829e3f13094ace9fd00c7ccd0e87bbeca747c3c78c2edd079535d35e87d,1123.5479160049686,117942.63658407755,341795.900090304
50000,50000,0,checkpoint-observed-full-front,cf474f019e8294937122d666cc274a8ab5dd5224ab4d3b3c89f03a81db53d9ab,777.4802283135036,126768.07646014015,348504.81344753015
50000,50000,0,checkpoint-observed-full-front,42548c5c70cd6269902ace7f6c3e8930ce3f1522c97750db90f7f8fccfc90473,1030.6326915411862,120296.68763846092,325073.56184631394
50000,50000,0,checkpoint-observed-full-front,8a333db04562514cd2d907ced2264456ddb7e265d77b6722a8fff83f06e2b178,960.6962501742519,121311.327660477,325029.59427813813
50000,50000,0,checkpoint-observed-full-front,7502c00cc0322d8cdc5804ec4ba490911ffed4b731eb1b33e21bd2e98d24f830,1222.0429995879936,116987.79957739684,331853.1532707808
50000,50000,0,checkpoint-observed-full-front,cd293a61349d392a2f435e8c2439f5e2fb183d616274440c83f2dda5847aed8d,968.4780620246311,121317.89337453569,324538.1269850323
50000,50000,0,checkpoint-observed-full-front,ea8a9236347b98e1aedeb1016131a4abf4e1777d11ba40220aeb8ca932f6f757,1166.0708441147594,119021.0658451075,330566.73826491996
50000,50000,0,checkpoint-observed-full-front,c57f3c0c7537ea2b8b1b59ffeea9cbec38d24441f4e40fd94ae87d3053d6f733,1294.041715595486,116450.35001241964,335928.56960810535
50000,50000,0,checkpoint-observed-full-front,9180bc2b99321073d8b407a987b1ec782359aef12f206aa69279ad91d9662c83,965.0172885826786,122031.31536627222,316569.89042557456
50000,50000,0,checkpoint-observed-full-front,dd1760ca080c9478768712c27182782e6088b59f157ada51a3d906f31178f363,1005.7610788801184,120997.67320267935,313453.0213620926
50000,50000,0,checkpoint-observed-full-front,2dc3baa04e91e5406d847454f9520925486c4e629548061c11d9e7f0b1c2ac30,1152.3914413375685,117578.96289741338,341429.93438955746
50000,50000,0,checkpoint-observed-full-front,7d729843be3586049423317c68d98022d9f97f08f91ab2f5fb851f4031462a28,1170.2882144125665,117516.51374674516,335763.7211771931
50000,50000,0,checkpoint-observed-full-front,9a5bcb26a9b5685202ee6d0fc4726eed4aa466a2cfaa0f5595c53a34df1a2f87,1176.668336762779,117063.8486166083,332280.44508899876
50000,50000,0,checkpoint-observed-full-front,da4b27a541f1955eaaffc63af3f1422ba802b50e3419307277c16186fe06d586,975.6112517804362,121084.51799621384,321023.3558064619
50000,50000,0,checkpoint-observed-full-front,643b9b32c13e4c0499601e41f05e4e102778d5ce28519ae20f0af70ecc76734c,777.4802283135036,126768.07646014015,348504.81344753015
50000,50000,0,checkpoint-observed-full-front,8c00cc364679e3ef04b7fc0b9ed5dc001d15dbc834b9801bd23f19cfcc64d738,979.3039373537365,121072.38225698756,320892.8620182155
50000,50000,0,checkpoint-observed-full-front,830f3099d6b51c102c3116725141580a43bc0233a8000411d77962d0f74c4bc4,1172.3793982727477,118562.99814021954,329383.3364784324
50000,50000,0,checkpoint-observed-full-front,3bd16966ff99921669e1b69c816b599771ab534476afa19ee49699f5495c95f7,919.2087381170323,122355.14715351409,319641.89496448264
50000,50000,0,checkpoint-observed-full-front,fa49dad2ad32cb538c238c475040dfd4fe05064262aa8b087731a063c84fc2df,925.9413891645853,122338.40070903488,321443.4707393038
50000,50000,0,checkpoint-observed-full-front,ff607fa94dabc4808a0d779f134f227a3741e27ac1e2750e426b6211509716bc,1002.316941824019,121100.76267943755,319866.98062117375
50000,50000,0,checkpoint-observed-full-front,81302ea6701a4000fb2711fdb2dd41d0acd614d0878d44d7ecfc5650d542d500,778.8593581204309,126665.3416427562,349177.93487332424
50000,50000,0,checkpoint-observed-full-front,643b9b32c13e4c0499601e41f05e4e102778d5ce28519ae20f0af70ecc76734c,777.4802283135036,126768.07646014015,348504.81344753015
50000,50000,0,checkpoint-observed-full-front,457031bd5a781db00b5e2356b2f5106eb6f71bf7fd44e731508a5fe11afd4553,1172.3793982727477,118478.20669624064,329504.8198125705
50000,50000,0,checkpoint-observed-full-front,46ce2b08e74681d5023e512286943e2fb582a48069b3dd2029d20cfd01cdca62,955.7178550832356,121633.51472718251,320192.15646196407
50000,50000,0,checkpoint-observed-full-front,808226b2435813eb16487e77af4953a9922559287063dd948c2d2fe91a56fd08,1003.0301899743189,120526.58545308144,325447.0596929408
50000,50000,0,checkpoint-observed-full-front,7901d46bbc29502bf60f8dfb583aa29bcc6fdb74f57df992be4a73059e8f834f,1027.213062081031,120424.75863304775,322199.0245035594
50000,50000,0,checkpoint-observed-full-front,a8580024f18fd2fca7c3048e1df840f9a6a274b636c53b4b0cae7164954d3b85,987.5293844683209,120607.7966167496,327298.0544624232
50000,50000,0,checkpoint-observed-full-front,fcd1d35703915206548baf4252a2ca82a9a5b50d54aa680fe085f36b16a1f39b,976.6306106379816,120977.79651006628,324744.2699346085
50000,50000,0,checkpoint-observed-full-front,43c2456176d65a8951d23b9d65426a418b731b900c3fa0c6e0a2886cce4f65b3,1025.1848130117826,120570.48348763445,319877.14715035504
50000,50000,0,checkpoint-observed-full-front,b668ee93949bc3b18fb537f70ce62d1a9d3e2eb8c8bde1b08caa514b35c3b388,946.2968029144381,121528.52490824048,325344.42026735516
50000,50000,0,checkpoint-observed-full-front,7be52118315dfb042d5dcf97bc941af366439e57a99ed0a6b00bcce0cfa0d571,1012.3787193865096,119954.96633240592,328982.82219685416
50000,50000,0,checkpoint-observed-full-front,f3b8f3d3b68f42884949b89689e08b141428a0ec5afe1a9c965e5e9938fa6847,1062.1784768026598,119667.52132222528,336148.2195740525
50000,50000,0,checkpoint-observed-full-front,d11f162ddeb9b1b1977f548f5e8f3b2d9948a60ee736f2cf11bdea54fa76574e,1241.6848324390348,116173.09093872849,340057.51271253324
50000,50000,0,checkpoint-observed-full-front,262f787b31c9226bbfaff3495f13751fe45b3890bfd03bf73c0fc542e5aba4e7,1253.416312073385,116185.94093594144,336499.4635881098
50000,50000,0,checkpoint-observed-full-front,07dba4bfa3052cdda5fed0f919c64f2746572235b41bb50da99059baa9890c7d,1232.301590818865,116564.92945615033,346426.2296240444
50000,50000,0,checkpoint-observed-full-front,dd908e90700b987a808c1c799c1391004caa05d0fdd88fd432274b67c5b95c49,1262.5658968750142,116173.01703779213,341673.2265086776
50000,50000,0,checkpoint-observed-full-front,e34c3c5b95ed24235de125ff01115db387054cffa236f98c67e1ce960e86eb66,1296.2424443450927,117349.43818797113,329026.4179918659
50000,50000,0,checkpoint-observed-full-front,63a6d5a3d7fec5f1507a9dab0bb36b68991a0a41c5b26fd249202cce905b39bd,1271.0704688899787,116511.3531674458,331532.40436019364
100000,100000,0,checkpoint-decision-front,11eacea27348113c36e6aae830e0672fd90c73b49e9327971b2c2b39d02eb368,846.1423714231302,122988.00494740737,328802.3233755737
100000,100000,0,checkpoint-decision-front,d55ef7dce058895b656ae1445c5bba8d0744b3b9042c5633199b233592df8f0a,820.2860115999781,124319.83630842454,326151.96963183495
100000,100000,0,checkpoint-decision-front,37dced303887489ef809c4e8b035121d5f56003301e90e1dc547ee48ec2da3da,845.1130126989311,123344.06870452702,327456.0169817861
100000,100000,0,checkpoint-decision-front,b170574ab45cca63b9ef3cbc98a92f807e6354e604002856121c3193605beda3,845.9426294842576,123946.3301249405,327250.7656645685
100000,100000,0,checkpoint-decision-front,18ea2c7faf38bfb67b49df50b226f95439937433b98fd0ac408c0022b192351d,847.2230472919304,124400.11518523272,322116.04603736603
100000,100000,0,checkpoint-decision-front,fc4c82a2fb9fc5d79883404cae79ad1f84f47c68c0875a29d09d3bffd7558ef0,838.3002892645464,124228.85726217329,328251.3723305439
100000,100000,0,checkpoint-decision-front,2519961a2ce9e9c356daeb76a3bee54fa87691e128fd20f2fc3c415b13fbf317,864.5876538059971,123236.33598582944,322358.0116035674
100000,100000,0,checkpoint-decision-front,cb0031f2a45363029601259e8e6e7a42f6acd8edf9d327964f85e1d97c9ca242,875.2042820040941,122164.63323655693,339864.6484908527
100000,100000,0,checkpoint-decision-front,f08f4b1f02a54eba61840f40ead7f7e7f6d026edb8b58b5f6b88d22faa47dd27,811.8243837157182,125267.72181389021,352285.8028916463
100000,100000,0,checkpoint-decision-front,468590f7069a1e0b86a29dde66b380ba3efdec30bd5ad0dbce87fb6476b54275,784.066792482887,126449.37028694265,341481.11956477485
100000,100000,0,checkpoint-decision-front,f2fb1f002d3621648f5e59c51b6270acdc154e8d80fd900ba42816ccbfb0afa6,898.7346627134222,121351.04155502183,323738.1944510618
100000,100000,0,checkpoint-decision-front,ff97a3f74e4d018c7103cbcdbe17c66c138bf329aa8eadef1d6f597b84ec49da,912.5749320141483,121022.0001015728,323842.91668447264
100000,100000,0,checkpoint-decision-front,f4fe32cdbde01a366c5feac553e6b0924865c5a676b28791c14e464a7262add2,1092.172785102819,117245.02216786417,345311.85950852867
100000,100000,0,checkpoint-decision-front,fb5153dbdfec12247ebda947df8c6c26dd128ff83083915c66196f4eddd2523c,921.7641035364079,120756.4467775208,320236.82573542313
100000,100000,0,checkpoint-decision-front,b3b2e5d46e2a2d7de6387263ef20b7a9acd210517fb7ba9a614da9fdcb87b10d,960.3756607995493,120620.72546106268,310851.2112305371
100000,100000,0,checkpoint-decision-front,1068cbf037f99ff9abd355a411477bca1933f94efcb1234d269e3ec7395e82cf,936.5818997850795,120644.25812179869,316081.6238850758
100000,100000,0,checkpoint-decision-front,2af59ab421a00c8e834e8eea957686bdb3822952ad34197deb57ce31e14a150c,955.0383931002025,121002.09956355317,311392.43147192494
100000,100000,0,checkpoint-decision-front,530e467016415be1d5fb971b265a4532dc4b76e412d587d6bf0c4ffac1ed420f,906.1962437389958,121102.2506760468,326037.63189629826
100000,100000,0,checkpoint-decision-front,0d26942b94fb138d61cda16f5af4730d9bb1f7e6f0f5f38f7c57f58d7a0dc390,1038.7152963072626,119210.10485377084,314310.1305818429
100000,100000,0,checkpoint-decision-front,2d6d3fd21ccf69b228168521bca6fc61d1d650fbb9316cf31fa20153e0ac8ade,904.948267615011,122060.15202782513,318559.4993334592
100000,100000,0,checkpoint-decision-front,b052279cd243085cf1f0754302dc4a6bff4048dd2189a2787bebe370f9e5ac76,906.173099205282,121107.53283972733,324585.3695429285
100000,100000,0,checkpoint-decision-front,f7305bd86b26dd91ebe0676c7eb12f589aae9473a849f03a4eff50a4969077bc,1035.8416982395547,118601.92310323309,351526.3698209942
100000,100000,0,checkpoint-decision-front,21c4045e6f0e7b812c169e14f6a2522a97e00f95b998ade06ba0fcb9ef18b85a,898.2751977818774,121904.50667648917,319448.4684328957
100000,100000,0,checkpoint-decision-front,9e61520273317bd072fdbff400df9498f2221d55702f13f7784ab7797ae16e4b,890.1038458354755,121444.38380775537,322508.78617994016
100000,100000,0,checkpoint-decision-front,70eae7bc6a671014299140d8c075c98f50f3b028ef6d2bd126dc38f3a6db0e38,903.6909020793805,121284.96109276717,321157.93536278803
100000,100000,0,checkpoint-decision-front,fe2cea9afc6162f6aabf0e31dbf856e53bb308aee03786abf659c995e90a4ab9,770.0258028844087,127238.48735599342,335518.8277366394
100000,100000,0,checkpoint-decision-front,5fcfa9a435d5122461ca37aec16151ddff9b27817a8f1364b5d76825f9d7f13e,951.1859871833975,120118.94778644893,325342.6250839622
100000,100000,0,checkpoint-decision-front,592f9fad0f2f4a08a63864611af3db07a76be1d01fe30ba5475eafebcda7f50f,903.6909020793805,121218.14037114124,324066.08664950216
100000,100000,0,checkpoint-decision-front,d4cf5bc5dd617b472d7d6b3f3ba785142ed7827ccefcd7104108578137b005a4,797.1329406254766,125999.78676512901,340523.7457733069
100000,100000,0,checkpoint-decision-front,8bd9e646ffb3eda1555cbb3812e8e27ff4eda96dda8c3e788b3e07792dddac87,916.8599171126579,121046.82249821519,321265.7363465977
100000,100000,0,checkpoint-decision-front,25385fd47dd6df37920d2794608cec9c2da624732a9988b13c7250f5226821c6,997.9539106010366,119669.94635246665,321158.5831372671
100000,100000,0,checkpoint-decision-front,af76f417e9614d381537a020752714cfb51ab6b8fee6b7c076caf98b4e821619,955.7342324520288,120883.4652570837,310600.42635762296
100000,100000,0,checkpoint-decision-front,5ed09f84bf6079378a3301b1ece5de2f8f10c7e237b956d62b7f91e976cd07a1,991.0213105661852,119905.1166933306,316570.1869272074
100000,100000,0,checkpoint-decision-front,929bbe50203c140b57e971fe9dc1b8f5e6b3556660a297982b734dd2667b4aa3,928.2299074601173,120342.14802178818,320000.0768015756
100000,100000,0,checkpoint-decision-front,cf0282b5c48e94797002a6bfa6acc45ab1ae02b8462c218ed61104c7076afc3e,936.1948247036921,120924.3721051891,312842.6421929739
100000,100000,0,checkpoint-decision-front,db890f3990fb3e6e3d77bafff9c338dc2f1e6afcdaafaf00950a804fc94e8c52,884.153282510683,121919.34634426647,320195.6529404045
100000,100000,0,checkpoint-decision-front,5a5e20b4b60bd4c5a8adf83c6b23736cccb9fbfee24a890bbccbc6febcf3e34c,946.0171791426399,120251.32000014337,318586.5416106038
100000,100000,0,checkpoint-decision-front,27439244f42f0efe3b0a9444af413f9d7c6bb3312683eeeafe4ec8aec6cfa488,943.8901905599911,120998.10172879361,312554.8934936628
100000,100000,0,checkpoint-decision-front,deaa035e5c89a8f60f1e24893e123f93f071ed13f1b0ab76a70dfba81abbfe34,905.0043991527477,121164.3338264988,316901.878415131
100000,100000,0,checkpoint-decision-front,fa259c6c26db83b6940424a1e2ffffbaac7afdbd49e6ef8d836c02e0d686301e,801.3158247461324,126873.60216854331,337229.3354831763
100000,100000,0,checkpoint-decision-front,eec0ddf96861e6a1646c2bb381742ebe836f4b36283b1d2f97118dd6a97e3305,898.0847651007955,121800.00969905345,319508.31516476953
100000,100000,0,checkpoint-decision-front,d815a3b869aaf887adc587f7c13039c50133a0faefb2390507842160c4c5e3fb,922.972197829739,120945.64339655625,314915.31458448747
100000,100000,0,checkpoint-decision-front,78994d8af4e8032715570a7533259363f0b9821c2a36e458c15c1220a672f330,922.0007486582218,120627.11435223618,319103.5854204861
100000,100000,0,checkpoint-decision-front,987370cabdf5a95f3fdb1627a5eca38ffc824511f96292b58b078d52282f2f8a,937.6653176878524,120584.28492788268,315680.49797307485
100000,100000,0,checkpoint-decision-front,149a07a66dbc6299cff003960e13eeda141232e6f42dc885e3767b0a70152ee9,896.5736536109267,121711.16041064967,319976.1869378305
100000,100000,0,checkpoint-decision-front,85e098b2d9bcd9de631e2b236b9a5cac7c799bf747aedf05d59245614906254c,1013.1054368468061,119667.7288273066,311324.0627500222
100000,100000,0,checkpoint-decision-front,0299ffc9c2636daad1407401c6ff794cc250f527bb55821adb4d01c55541a5b9,969.7331134937683,120091.11570020264,317154.9249301798
100000,100000,0,checkpoint-decision-front,9b9f3443253b80f3cb86219fa8bbdc4f0bfb6dc486b438213641096d1f251b68,911.2634710384299,121082.46866360857,325631.1947706477
100000,100000,0,checkpoint-decision-front,34b1372605b161e2370198aaa2d4a0732e6020a5edd3ab58222ec66944feb159,934.8703923084809,120515.74011986662,316567.25581668754
100000,100000,0,checkpoint-decision-front,621f79a5329d95fad9b1c6022611e5f5535ace36bcbbe31e82816f7a55024776,930.7204580064077,120315.26154263552,317627.1424161136
100000,100000,0,checkpoint-decision-front,83ed268a3a6da5400b647a27403f57082bcd6b09423bea8a20ced76f503e6c4b,960.3756607995493,120178.32628096567,311282.4957431237
100000,100000,0,checkpoint-decision-front,d0c7c942f3c4760694d775de302b486eb0e20a689a530bb8b341a4390ccb68b6,824.3748435552521,123823.22352173753,334002.43006057054
100000,100000,0,checkpoint-decision-front,d60f36d6d95b4e590fec646b33c865938049f16243ff12a43ed9f27c28d75386,1006.6708356041347,119729.41003026738,318159.4697874364
100000,100000,0,checkpoint-decision-front,2e049a5f485b832535fef9ee048af32b127530cfa4507fd22cf318105495978c,799.2018352806693,125580.02406431381,346818.08123237046
100000,100000,0,checkpoint-decision-front,c05f2bffb78e03ac434a6bffe50878616f9f054872da28f5f6131f3b327f2760,1103.905389807709,116697.61445330444,338769.34652893216
100000,100000,0,checkpoint-decision-front,ed15e717e1d09fa6e0f0984d04c8d48b6301f70044a06df0f9b92b4e01b4b4ca,807.9853030470803,125660.26920029875,339268.3990368255
100000,100000,0,checkpoint-decision-front,198a08cec93746ab5195dc006c3194d7bab3aa6d341a46a272f926ca44096104,841.3614928784793,123081.03412205342,331686.39879220736
100000,100000,0,checkpoint-decision-front,59248d7cf4bf16adc01076dfe9109521ea9845dcc7b7b866eea700cdf59e280d,789.8947067747436,126601.24259437706,338276.89382428967
100000,100000,0,checkpoint-decision-front,d56650e1b2578f3c448abc942a126ecfecc3f661f9b335432bdc7701e4041dcb,807.4602115457142,125702.65738714283,340738.95603586035
100000,100000,0,checkpoint-decision-front,8ce8bf4e1f9b81785cbd44720f16128a05ee7665b4b840cfa84228806e5af369,943.430843642165,120422.49977716063,315100.2327965811
100000,100000,0,checkpoint-decision-front,8cf4b7840aed1a93228792b029aae93fdf98ecf05dbdc54cab434b5f4b37ca05,998.399926007364,119824.01780402304,315819.66542021494
100000,100000,0,checkpoint-decision-front,f88e9ca4c48118af0f53c92fc0910c0bab39ea05011ad7964600fdcf8577cbe1,921.9129538319985,121219.15706672426,314836.4841111155
100000,100000,0,checkpoint-decision-front,7810ad297b6bece10ca20d8ec46f60d9564cc72cf08e38db29c7a8f6f9e80560,881.9057409774731,121893.36880921107,333472.1912900506
100000,100000,0,checkpoint-decision-front,4c8ca4f0423da52a27999dfdf813581072ff9543afef39560a85bdd776be3c37,840.6509675939012,122366.67920845843,332072.22687555454
100000,100000,0,checkpoint-decision-front,bfc2c62cee9258e28b18b3cf162b483b6428e5b0a2b8bb74587d5398215db756,970.0538562413082,120174.6978325088,315382.7192339626
100000,100000,0,checkpoint-decision-front,6d5d88843f2657477eff27e84e287687eff4789e2e7791ddf33a23d7ee17c3bf,831.2472134368367,123364.3885667651,332799.04031737393
100000,100000,0,checkpoint-decision-front,690045199912d0a9be5d44ea4b8f14dd41868ae0e13660c3ef7dcf55077baf57,855.7293063420083,122755.95303293376,326124.14726287243
100000,100000,0,checkpoint-decision-front,6d3cc508dc71dd7bc41e6e177584fa1cf5465015909f052bac7e39fcc0e270ff,1099.7937932921088,117266.73172975332,333186.11199756863
100000,100000,0,checkpoint-decision-front,010052dd3b42bdd7fb547a3819e250d57c9f6bec70b8577c5808ac46e4294c70,840.0140138624771,123055.79920157437,333812.25671611377
100000,100000,0,checkpoint-decision-front,d642426ffefea1de421dc3109d4ee1535258a2fa17174b533f71d38bdacea709,934.2908094543867,121054.8485378648,312335.5396159219
100000,100000,0,checkpoint-decision-front,cd77ec18bdd24d32a6309242ccf581db8711b8216fa878739129a6113f26bc26,942.3091279948733,121064.06679470278,312247.36584838043
100000,100000,0,checkpoint-decision-front,405ee03a66b43ed685f22f41754228a19c0c78ad48bb00909703dca530e00f9e,856.3800718233576,122168.78371278816,329448.71772173705
100000,100000,0,checkpoint-decision-front,1f85ee25bb05d06879e20a556925488f1c0132c13c15d11dbe72ade328824eba,892.1508987384659,121313.03610327044,329636.51103573106
100000,100000,0,checkpoint-decision-front,64addcf5226a0d3d4296476c5201a047d86321e8d92beafa2b4e8cb9a1bba472,795.8366367247914,125858.53405032637,344041.93679964566
100000,100000,0,checkpoint-decision-front,84f9c92292ccf8fd983723af7d06ddde9a18380482c24e6e6d5a023f1865cf8d,828.1552479665279,123302.96772659893,333293.1237744675
100000,100000,0,checkpoint-decision-front,fb2e3de630c8cee9fcba952280190b8c25bc0ece58c89274bfef83040a80c77f,784.9876370918203,126205.83393982137,341833.1962897121
100000,100000,0,checkpoint-decision-front,048719600e6a4279c9c06d769a3e6caba0d93de31c3f65b4a72ea67a08f85f8a,835.8406323415234,123275.79987369812,328776.67418046744
100000,100000,0,checkpoint-decision-front,680919af5713d0872a1fb8239c4af49107480b713f23807726e035060a552258,823.6511657286703,124031.77746683569,333993.81631638337
100000,100000,0,checkpoint-decision-front,567a3389c61adeb0df94e438dc8d7d763ed14bd1ca2333bac8ac9bf2ac1ab375,941.0583682859497,120284.58188984846,324209.1438825454
100000,100000,0,checkpoint-decision-front,d7ff5e9cf98100a2541441d173a651b3756ac24895cb06918570decec346e07d,769.1588166187895,127036.76502490704,343887.0631006956
100000,100000,0,checkpoint-decision-front,8277d1a9315770dd752765488b8690511951473d79f5604ee642761968de8fc6,821.676004434286,124098.08573132262,329923.325390531
100000,100000,0,checkpoint-decision-front,be297cda41f4465a993b8b5b4d808205855b9a622e921a84686e91e022a1f59f,814.701623847504,124118.64353655322,331212.4186159358
100000,100000,0,checkpoint-decision-front,e6a03c7e0500f404d47edc42f6a2f61483d8e7b13c9d7b9b68afafe9f80a43f0,790.2659242043073,126344.81509731903,339045.2189908499
100000,100000,0,checkpoint-decision-front,8059936a3688c8e979d3ea9f6a0e6fa0aa9332acda618a1248937d2af6804240,785.471306232813,126135.45468875467,339957.0352379269
100000,100000,0,checkpoint-decision-front,3a77b14c5a5069a1b0fbe224ab4bc95373ef3969e1111ffe1693f2dc5431c817,986.7383560439497,120158.90746948074,312090.0858947131
100000,100000,0,checkpoint-decision-front,66b19917995afd0ed05a9c8999a443a40e484731bf5695cacc79a6cbc949962a,856.5757595173757,122396.79208696814,323857.67518564966
100000,100000,0,checkpoint-decision-front,d2e3f62d350e7a6515a27aef42f007f6f807640fb462b774ffde29d171e94c75,846.0400537112941,123208.19726679527,329322.9187492308
100000,100000,0,checkpoint-decision-front,6e8727771a7368736204a0ba23c5543f8892893a6fe4333f861f2045b7946072,785.471306232813,126219.99993643876,339370.1004900553
100000,100000,0,checkpoint-decision-front,39d8cf4158b993b74eb592fb259650ca26f9fbf6dc48aaf1bd301a2debcd7e45,1024.8895130205492,119611.95062828469,318236.6659113755
100000,100000,0,checkpoint-decision-front,e4b78be24e560b201a0a7e3245693027f30f5cf4fe5076e3df25aa11f42c6949,998.7598066509481,119776.26984246625,317586.87798796187
100000,100000,0,checkpoint-decision-front,e1cc75816d73bda4df1a78e640316102681e7ed9cf97d00ee05b20c5354582cf,877.6994505580597,122351.43946510169,324120.3232516686
100000,100000,0,checkpoint-decision-front,2bac17b42239b53a67c53069da5cda0cef840e0819451204594c1588e595878e,872.8300708776565,122170.0002902903,324776.2769393706
100000,100000,0,checkpoint-decision-front,e9b73724478748a4d0ea65ca07c0a848d2d3fb5fdc832dbd65e4bb59e93f908c,795.8366367247914,126230.20137094472,338959.27854012954
100000,100000,0,checkpoint-decision-front,95f6a7ef39b8057178768f75f96202877f4aefa64f3dfd27ef84a7511da656f0,963.8399202215423,119911.08400673614,333083.43230548187
100000,100000,0,checkpoint-decision-front,e0b7f29b590dc0ad1f544a4d982e8fbcb1e9ad69e448145b39b2678c372c6f11,1001.9117509622878,119590.8732387994,318646.0358620078
100000,100000,0,checkpoint-decision-front,f6add94f1ab4930097063b415e470ab3a06213e6e28253d5f611f155381f1f9a,960.2386587427344,120680.70413154105,311327.47419475974
100000,100000,0,checkpoint-decision-front,e4f64281b2faf0e1afe7051b6937bbaece05e7aabd5578fcc07a283c94a9c09b,777.4675072785228,126098.8394059032,342989.33235084836
100000,100000,0,checkpoint-decision-front,ea93979a43cf5195debc61049dbfb30a0b72b4f512648e163ddca05c3bae1efa,781.509569978649,126004.90669678473,342315.92802563356
100000,100000,0,checkpoint-decision-front,2aeea1153fbb42edadee56666be6e0b897182d96040e9da1f0764d953739e9d1,781.338287519458,126234.89902036566,342474.9573868423
100000,100000,0,checkpoint-decision-front,0b9186cf3825fda532b52cde68ec690968381812c25f96a2d463d6159e0a53dc,824.4515275308349,124195.33607809606,329574.84141198406
100000,100000,0,checkpoint-decision-front,39d84a1180b39a7bf12cb27d703a8a4a8459700f58f1c7e8e3ce7b3465ff7a10,955.6918787937791,120974.97439697542,311297.1209013252
100000,100000,0,checkpoint-decision-front,48c5ae8298565e5e789d17d7342a590ef26c7aa55c55af3cb2c794c25a9e1317,777.4675072785228,126068.76345658173,343058.7800099198
100000,100000,0,checkpoint-decision-front,ee0aa4576647a78cca0ddfd110dd7e297bb21c5f318b5b69491e57ba3fb456ce,777.9102365240345,125892.3668915197,345906.132037782
100000,100000,0,checkpoint-decision-front,8812d4010a8271034622b155532033f891d09c18087c00982e0ae34ce95e9b45,867.0243340008395,122265.79737425552,328263.9067649616
100000,100000,0,checkpoint-decision-front,f4a1278c76d3081a690a473a09d37edc5aa2a4dd9e0e78cf3041eb86096df5b2,1013.9408700774073,120419.22854647713,309233.9820087994
100000,100000,0,checkpoint-decision-front,99714e35f74f515a4b714c6febb17d4f57439d2ca6447307ca07ab586e46d630,935.040636988779,121043.39838441656,312716.23313462996
100000,100000,0,checkpoint-decision-front,c16f6d1dec1c14d3dc2fb0bf9a046f6f3e6ee7adc02178ac1de1989e4cfa2b3d,806.1531501862411,125605.61429788209,342379.38541837817
100000,100000,0,checkpoint-decision-front,dd547e829d75bbbc3b0ece7f27bbf774cd470a2af8d1a177760bf590f18af355,1053.990027126154,118417.77724485961,336257.7920179273
100000,100000,0,checkpoint-decision-front,f4aaab5af13990026aa386f359023859d1193d9b8898f42bb601d0f82c277042,913.8504455197086,121110.96907605871,322590.61953853624
100000,100000,0,checkpoint-decision-front,7210bc52f82055a113d5f71ac7408240a9a22e0a68a1717730198f29cb7648b1,881.840403501226,121998.85339697235,326273.7984674196
100000,100000,0,checkpoint-decision-front,ac6abd189034a1b3c2e153c59b4f9851652768e4445e9932fa00ed0535de66ed,781.9237194657765,125872.06674362057,346351.6667395546
100000,100000,0,checkpoint-decision-front,e777f50ab5ec125a003b5888c492eb7e213f691bac50a4d87b51a4cb7ed21242,780.3397515197928,126237.94781595671,342409.29668150464
100000,100000,0,checkpoint-decision-front,be61c57e7191550ec9333b46d03c91f31314598ce3268f7f1b91f7a05c9e7e8d,908.2023087909736,121792.27804594782,315844.7927452229
100000,100000,0,checkpoint-decision-front,13321001cccda3037526709c257001c169ebccaa0bc7d129a46634e1fd47fc78,846.2425180574845,122929.76969536925,323787.41739696334
100000,100000,0,checkpoint-decision-front,baca654c922b4687b78b9831c9fbec7c830aced9f5872915be6700cef532fdb4,787.8620027381627,125801.04088553433,348668.7724377437
100000,100000,0,checkpoint-decision-front,e4fb714f67f2648eaed242ff8445c71867a2d720ed13029548cb83a46e0df29c,905.7815539975153,121945.72582081496,312160.5429663112
100000,100000,0,checkpoint-decision-front,c4dc55da3dd620c42538e7fa2c85020b2b519cfa0a08e7de9748aaa7097cfe08,998.3774035711535,119379.93913093931,323956.3081312056
100000,100000,0,checkpoint-decision-front,89e761360d7d30e09384f02dba131349dc7ca87602aeea2e257ebfed1497e1f0,780.2889333147518,126903.81981035726,335937.20807110274
100000,100000,0,checkpoint-decision-front,463e2fe7539bbfe836ac3671730b9c71d8c18a2f1ee5877876750bcdc82fb269,848.1014226384868,122625.53048413855,329328.71104128467
100000,100000,0,checkpoint-decision-front,cbcc17af64215643f7688c3f3b6c46227d9bb3f2c4a17e9ce86538f98561d026,902.5819897531019,122146.18116383455,313775.62256049283
100000,100000,0,checkpoint-decision-front,d6a826b4a9c20e13e6291b884d367a55932db45879c9a6d181339fb9ce4c8b1b,1028.7444406340196,118677.93288409672,345350.81873393373
100000,100000,0,checkpoint-decision-front,e498b41a94cdc137fdae8629eb2a0e0537af2de000cff27662c2e763e445f05c,919.1938567174165,121644.54294474583,315042.14754920924
100000,100000,0,checkpoint-decision-front,d8911cf66f594ffd9f3a81c69cb660ddbdb9eccc35453217ec87a1a5c9df086c,808.5446562121339,125657.82044279196,340890.18076632405
100000,100000,0,checkpoint-decision-front,397374f3cde515f2e71887ce25dbb5147d55cbd5b440c7755dd957e8bb85ef73,813.54707826275,125566.67245885919,338789.5534271272
100000,100000,0,checkpoint-decision-front,4e102b2442b5176d67fa736ad2a3c12a0dd609a19e3c726d29ac849adf9da79c,885.8415753636284,122480.61441696974,318582.9333196777
100000,100000,0,checkpoint-decision-front,8e31eaf7e19c569b2aff4f304f7dd15890df13a9fc0146b52e8354f53e7a00fc,956.5400170611745,120184.05945113245,315531.5918476194
100000,100000,0,checkpoint-decision-front,629634c22240c8696e2649a4bc0eaf3cc5562f4f7620d75c047836732bba9c22,802.1496910375314,126086.78342409166,340202.5497873989
100000,100000,0,checkpoint-decision-front,e6f66418232a2c81075956fa9e5a4229b62e8bc53e13e8244854d3ec870eaa62,883.3117795694413,122147.58524162402,323383.17766024405
100000,100000,0,checkpoint-decision-front,fb17bafe7917f96898723f13e07a01105fe96f66964a4ab6e8edcd44b52d6e13,899.6978221990046,121949.52636723062,318778.2695095458
100000,100000,0,checkpoint-decision-front,ccd044d440d378cc7aa5b296b9e73d2f843dc5ca81edade2c7b87e357531e29e,808.1162502937143,125637.75191157554,342262.86763637036
100000,100000,0,checkpoint-decision-front,04ce3ba6eba500717276c1119783c10e7261a01539ef767224023d0a75cd45a5,780.2502553655104,126472.65535592064,342198.1246840736
100000,100000,0,checkpoint-decision-front,20c6a127c21390fde372ab38735d7a081982e0a658e24f84c2114ab4f563bed4,1226.4967407284478,115083.78336532248,317979.6134492055
100000,100000,0,checkpoint-decision-front,85b289ef4df073a5aab77dbf4b6fdaca8b9643c0f741ae61ff52d7ee0f6ef3bc,962.1178420681558,120396.02743285763,310137.4808472711
100000,100000,0,checkpoint-decision-front,3e98c1b1220618b930e3d30a2dc4208e606cc5845d10abcb6f230339c30017d7,795.8366367247914,126064.60144425526,341355.83354489354
100000,100000,0,checkpoint-decision-front,380eae2c2d1429c7feace86e88d595fb5b4ee0dda92051be2ffd4bea187f455f,947.9557579427892,122049.27663434653,311526.12100793247
100000,100000,0,checkpoint-decision-front,eba912c346899637b4cd2565e50c4df364b45999921d619e340831fdcb0e6763,1199.038993114991,115161.40940974228,318008.5419463248
100000,100000,0,checkpoint-decision-front,b929212431ee5c52ed9eb28c75e939dc7f8d6886124d2a2b3bca24d402428415,994.310158352526,120525.38882287877,309411.11148905184
100000,100000,0,checkpoint-decision-front,81c783022f537cdbc6f25a782f4e5998b322eed8770ea53e07dcf44c0de0c907,974.7118928009988,119948.15882980314,321512.0214076721
100000,100000,0,checkpoint-decision-front,760dc80602321b1ff0abe47cea32fd3e4ee31e57b4adc04f759d3218744a15e7,979.5677776346312,120096.23205765772,316779.3034698633
100000,100000,0,checkpoint-decision-front,730bcdc4452b1484a52808d17b8f58c5c6370b2e6619b8a55b4206da16aec7c9,978.0039472915673,119848.40965717091,317291.2738518887
100000,100000,0,checkpoint-decision-front,d69e5f79be76c8cbae197a7e110080f83548775d58499c36c3cb395345490fd2,1052.834495109859,117998.83301876026,336295.5255127415
100000,100000,0,checkpoint-decision-front,6948383ae63c6d1b76994d3c2f366ccdcf366d8e85fe7c85002a2ca6a9e822a6,1102.2913730916857,118053.87415416223,325408.7063158676
100000,100000,0,checkpoint-decision-front,89d00a6c6a5dd7425bdaf67add95cf59c61e1b034746421c275b1fcf2d12c66c,988.4186738555599,120570.90196164069,309035.8710928722
100000,100000,0,checkpoint-decision-front,e5e09a4b86657a3444ace8c64c4d5aa573aa2058a4cf5f91bc2829a7828b0f81,943.2767066464961,120638.7286220365,313953.79715417174
100000,100000,0,checkpoint-decision-front,d8c3a9aff847bd0fe0377ab1ed9f6ea60411665a86dec572474af06e5cf8b258,1249.7699139527501,114589.32590655913,318237.7655458447
100000,100000,0,checkpoint-decision-front,db91f24a1be13953465c811fe280663ad42feada25e1dc4b4850837fbea3125f,995.801405460342,120696.73707523331,309016.7467368478
100000,100000,0,checkpoint-decision-front,79578553b3bd202040b20047f42c1302e5935f5d4b2b2bd60fc58c9a2e2a7e50,1114.1243699280533,117218.03486570192,334120.8999268024
100000,100000,0,checkpoint-decision-front,998ffb2fe27776b79cf9433d9023cba81491889a107099d31e6b3d0fd6f657c2,934.2762890423633,120637.23359873096,316383.641504289
100000,100000,0,checkpoint-decision-front,e47bc1dc8a0c4b19ec93a668b990896ab12cdac622ea065c399dd4437a93b167,998.8855190305167,119630.664716842,322502.23291118385
100000,100000,0,checkpoint-decision-front,223baf02f14b4cc92c703f1c9238c6e4a989352520daa4cd5086da1fa57ef06e,978.3891757138722,119771.02034977415,321311.0904182385
100000,100000,0,checkpoint-decision-front,6f6f1a29e2ded52286cb18b12d462b7d89b3a9837e684999a4559dcab70c2486,797.8128632088759,125677.65834225733,341315.55466576177
100000,100000,0,checkpoint-decision-front,af56c22ee9b9477b85cd89a7cc6e0256c561bf3c9007bcacc59c3db2cb9a3f2b,1022.6793953583945,120245.28790490236,309363.86248658644
100000,100000,0,checkpoint-decision-front,2131248b237d475915af232c24fdad93b88d5c43a80eebca1e7ee23a2a8ad2f3,995.9679969782247,119952.66799531667,312086.2090973383
100000,100000,0,checkpoint-decision-front,7633352d62f44752c13f606d4bdad519e6e1d0281313c8d2d417f28c6ced3c21,1165.469808495356,114774.50252264467,321919.4235244507
100000,100000,0,checkpoint-decision-front,271826a921d55f9cff8d051ffb7ea3ff5ff1627f0d2527eb4d60aa247016bca1,995.9679969782247,120365.46756202578,309692.5815882727
100000,100000,0,checkpoint-decision-front,60a48923c96bdaa030121398cfa406dbc23c0b0a28ce8e6f6d511ae4e6f4ccf2,918.1188449091151,120804.7952619475,321538.6332786581
100000,100000,0,checkpoint-decision-front,4446bcff13a6b340e8e89b40343d2b395bab0372c67b2afb9c1b14a42a344ff0,965.0172885826786,120839.56719690247,309588.9073608947
100000,100000,0,checkpoint-decision-front,16db16da106c78e86cfcd953a38d9876410fb126810b96739c80f4a799018c59,1047.0316355068378,118335.39573924046,343107.0980891642
100000,100000,0,checkpoint-decision-front,2f1714be6d62c4ef1c395505da1138b9cbcb063b072648c4224f7a1e4e660d5f,777.0444661171856,126107.9883266089,342497.90812244336
100000,100000,0,checkpoint-decision-front,b54a7f70c960842f46f8bc062c35ddc0c4af3f86a416f74a3849f4d1c7da4fa2,795.8366367247914,125987.8556402694,342161.53553915245
100000,100000,0,checkpoint-decision-front,62e49c79da6bd19304bbaa904bc7167185f31041e519a7c1ce8dbb4ee6238292,1072.341549036257,117234.71436630041,350519.3719477302
100000,100000,0,checkpoint-decision-front,73fff32a48e4c3672e3f195bb90b51a1612f1e23bdf27c2e0149e16e8cedb275,1176.8268966592102,115423.84518870997,317832.74860217585
100000,100000,0,checkpoint-decision-front,13fc38431fb56193d1c8e82e2dce561c0ea97972c8a8d7f75a67ce71e5c2924c,1118.6044042901751,116868.91790388996,324719.44631933083
100000,100000,0,checkpoint-decision-front,3980f52d84c7c2ef3cf596a87be87e5a3d2f1ad342fa8132ac78226e3b883f45,1111.5483464734164,116529.34936783282,337099.75281246344
100000,100000,0,checkpoint-decision-front,9521b6e9e2f20db1228003bd3cba60c7464a62489041c13ad01882649a44d36d,1120.5972536666848,115657.07894584717,330268.60822911985
100000,100000,0,checkpoint-decision-front,2b96cd771b8ab171cf8bc981648ab4442bd366820ffff6a711818c12ab4d162e,787.044454475504,126029.84159965474,341952.12029839645
100000,100000,0,checkpoint-decision-front,0718a6b25c4bdc1479f00943d1d8ea3f913edd65bdf38c7f6dc1bbffd314f65e,808.5446562121339,125270.1435235935,344321.1198215706
100000,100000,0,checkpoint-decision-front,ce1b3e33ef21b1f003ab43722e75743bf62591738926e9f3a44d469af0dd4fca,1140.1235603273656,114999.25286866337,319375.78170542984
100000,100000,0,checkpoint-decision-front,2ae79f167609af671f70a82a1eb8d99816ce43ed17dbf02a321756f69d06b5a4,1077.7730419279528,118115.87744369273,323426.0818427834
100000,100000,0,checkpoint-decision-front,a0f16831889d911c14cfa7e7e70bc3f1b2109437640529f776c7da3fb2fceed7,953.4189121864313,119991.56006217326,322128.2585152314
100000,100000,0,checkpoint-decision-front,f720edbf7e1e161ff87a32438d6ff1b0a56dd760f1a51649ee7683d48d27ac8d,1058.6379974316421,118026.10906015479,333618.88156179246
100000,100000,0,checkpoint-decision-front,e1ed1d4bfd27439551d67d7a3971785acc218b3400dcf62bcb23f43637e95207,1059.1649502215907,117387.39563903246,330535.673975116
100000,100000,0,checkpoint-decision-front,fb03bc0a692d71af86f4007f7156410550ea62d94045d73796ed7c310ad3f5c3,883.4611123681257,121855.94369973792,337868.7247409882
100000,100000,0,checkpoint-decision-front,0050d663f784d840be722df71c3bdd89dfb8e9a74e3e60875fd09dd6972ef73a,959.3216111383007,120161.40491824923,319985.265564639
100000,100000,0,checkpoint-decision-front,72a7971452e588c6ca3fc1ba42540f545c4c7d1ad284b6eebce3dd2b99f8feb3,959.8421305025578,120043.27092526923,321473.16444346367
100000,100000,0,checkpoint-decision-front,b40b5b1082b3b9d6f4113df3e0e059ea228d943dc40627017a8fc4f89d588eb9,963.1326221340569,119990.19993846572,332806.082822248
100000,100000,0,checkpoint-decision-front,0bb33026c7f77ae7e99940a0b4a43d7867e5303dc938745c4c4bab5bc8f79c7f,1193.7092604087154,114475.16693593739,320032.9123023633
100000,100000,0,checkpoint-decision-front,d3533d17defddd7f4c6de32fe61ca9b31b48eec066d1a2bdabe81f3fab5a4ac6,1033.0780020603956,119421.44697931714,319146.80221588234
100000,100000,0,checkpoint-decision-front,daeed8d8f15ba1736151dc987726edf2af7f6a48c1f0ac85fef5059dd431e262,973.9142969567484,119712.95591358913,322794.19073813927
100000,100000,0,checkpoint-decision-front,3476924daad67be28d54a280f17ddc5c987d512ec59b2df27c79d9a6f68e3c49,1107.2315772260927,116206.08940620054,340132.45540174155
100000,100000,0,checkpoint-decision-front,58cfd43cfe293be9f361ed16155c8d61ac2b0574e242b9111760121cfdeb86fa,1119.0860856659326,116405.52126172747,326350.87336284295
100000,100000,0,checkpoint-decision-front,d670fe3f6eced5e39b12866f2bbc42cfc0dde9617ed43549f61475e1d02439db,1115.470642445857,115728.75848565256,327988.5556584012
100000,100000,0,checkpoint-decision-front,0f46bcb09e852c51871d636f7581c84f6f16c6d3bfa1f59ee6de73369e486a3b,796.7119895903062,125948.19061475268,343561.6774887058
100000,100000,0,checkpoint-decision-front,85e21199c115fe54c619a81172eb6782c82bbfa1f263a80e0fb1ccd834ce5f2f,1077.6690622774365,118024.85354411192,326125.6045223187
100000,100000,0,checkpoint-decision-front,960e0badb46ce45f0137941b51fbc0e78d319fd6dfe04ee427ca769aa081c084,1190.5049066834476,114860.44822353403,319520.3717313132
100000,100000,0,checkpoint-decision-front,c48d5792a1ad8070c5c9da1dc79e92c3aa1a948f9614ba36110b170f450ed804,1066.132589060599,117359.75481263074,344461.2410037016
100000,100000,0,checkpoint-decision-front,91782f206b2bcb215bb7e9b8233cf27afec55afcaff0f47e5c2c5396b2011b95,1033.3239148460457,119090.56933150359,319064.95072881976
100000,100000,0,checkpoint-decision-front,c1a08f77954b75556ecccf2b20417e7c6f1605e33f0db5f96c06cf389b6e55b2,976.2935714887063,119935.19659979473,317606.9394137955
100000,100000,0,checkpoint-decision-front,b52306e79cd62dbaa8fd5ab73fbeb41448ae31322453a50ce8d2693424b92b93,888.317375037183,121629.83424579508,325321.28281865857
100000,100000,0,checkpoint-decision-front,7404d7e4347a168cce089d6ade045ba186acfb3b47cfb69cdd8d9f4321080004,1170.533440366069,114278.26069797436,321165.8792241526
100000,100000,0,checkpoint-decision-front,6a253a35454eaed133d5b5660b26900f2fb2764e2be0a6740fc49cc2d14752b7,1012.1119549811724,120254.9278357872,309609.4411114652
100000,100000,0,checkpoint-decision-front,d12bf0f4a37de1a05971bc181ee74bb2252bb70b484dd62bd44378bdd691b082,1008.3577307672879,119846.81641353,312259.0374255165
100000,100000,0,checkpoint-decision-front,2a0fa887066d0603caf4380e928519db8f6e6f5aa54d13a4211f58761924b72f,1152.019508262304,114909.4344358553,319695.34557808307
100000,100000,0,checkpoint-decision-front,d17e069414e0712e13ef6a7d457e2358bc3645d630d1c6cc2155f24b473b5b2e,920.8999489512859,121235.76483909192,314961.2366928934
100000,100000,0,checkpoint-decision-front,23ebdd41bd65cdf1949e07ecf504be67bef9d32fc83d1533ac80e918abf8f73d,1008.2546496571208,119018.1929466835,319526.00911122595
100000,100000,0,checkpoint-decision-front,d18b0aa906e31f7fb5f362e862d823d2346139a2072c867fe08f04d6e8591c5d,1141.9158520413762,115052.1120330173,319328.29131291015
100000,100000,0,checkpoint-decision-front,ff22f8a07cd54d166624aabe766d5ea1dc622c35a611253c95d3b46e75b8a451,1129.1307202674102,115715.75000082594,325850.5448674016
100000,100000,0,checkpoint-decision-front,e619e926abcf6522b4990b919ae42d3277fbd29c9560eff5dc8108a7913f7751,804.6733320523063,125850.0539695466,340865.487602646
100000,100000,0,checkpoint-decision-front,b8308f211c8b1c643096bcb2eb26b46a4cbb3a1a26591e479b6c99212d2cda9b,968.5026209247867,120037.29386734063,317676.24158153706
100000,100000,0,checkpoint-decision-front,86de35228d35c2a422d6bbc12c66ae8b09b9c83fc368f0c5679bd6c972f52072,1166.283672628079,114503.12061143894,320567.7001990847
100000,100000,0,checkpoint-decision-front,cf94b1b3848802bb63f3113928ebcdba027d951fce6dd49005e526c995e40996,1015.2653241457849,119920.03449467637,309771.46728519874
100000,100000,0,checkpoint-decision-front,f8ad4209cbb71263e58458e2cbcf56300d23685f6e60b448df9afb759cc86984,1165.0239987983796,114899.29588435896,324002.4615655441
100000,100000,0,checkpoint-decision-front,4dedb6c4c39150e847dafc3213d338a6241f85b2af50317f7cd6cd189f95b92f,986.6601032229426,120080.10987154071,314692.8793016205
100000,100000,0,checkpoint-decision-front,4b3e946e30ce5ffc65b7ac455319ddf350f9750eb53321aade3b00422a4b0229,1011.2783239655124,120441.64440299901,309493.74764397286
100000,100000,0,checkpoint-decision-front,c2cab24cc0a60364cbb95685369c1278e6c0f97c93eff402641665f14c5395aa,977.9543386556044,119777.20070793526,318325.9698520291
100000,100000,0,checkpoint-decision-front,a88b3150a824981fbe1e19c8f016906be9d35a77a834be9468d9117225fe5acc,926.1552158707137,120647.1874548155,312870.02800018794
100000,100000,0,checkpoint-decision-front,81ca34402e56a86bf85758427260a2ada2c847cf3573d0acfb1ecaecc0ecc7ec,802.5756245136085,125671.49942155603,341319.0921633681
100000,100000,0,checkpoint-decision-front,7417fab2c18ccc040b44496292e92d63e4e561a2c31d0a74aa1c8acb3c11a67e,921.5745684681543,120677.54851820006,320431.08120566414
100000,100000,0,checkpoint-decision-front,1e98efc2bccb52705c50b821079493a9676771747e76d0b543cc2904db41182b,785.3921627484924,126333.95084956654,341212.2052788796
100000,100000,0,checkpoint-decision-front,8e5c5390424c85e6da08db7b5f64968aaec294999eef19069e3c44fdd6fc87e0,897.7539340474099,121445.83871592605,320292.37381054315
100000,100000,0,checkpoint-decision-front,eaeba3334d12580771c2ae05e1402b13692bb445845ffea70123950b3447936e,1166.634810381849,114767.54466206812,319873.25341217814
100000,100000,0,checkpoint-decision-front,0a6b01da7356884727b727eecf072cec807a364c3c9fba6a64e7353f2728b2e8,994.4977755330317,120057.3025148587,315834.0214004732
100000,100000,0,checkpoint-decision-front,a14c205f7791e82ae424c937d37e6c26156905fbb7ae2ee3c751f329f41a1615,1137.2109315247137,115455.50275854197,322344.252182882
100000,100000,0,checkpoint-decision-front,5a57a5b9e2c05a889f138dfa793a17898496d568ed736ada5f4741e92c40e6c5,1038.8209019762153,118473.26673772698,320189.7088255618
100000,100000,0,checkpoint-decision-front,0e9842b20110986c93d890cdf14e837e4a9c138ad9ceaa89796d4758a0a7458c,777.0444661171856,126685.13357964919,341568.3773526808
100000,100000,0,checkpoint-decision-front,96f54827f464b34de5b148498265b46ca6077f155fd60935cbea8a6fdb14864b,1073.128751230272,117631.81107040448,326636.01221167116
100000,100000,0,checkpoint-decision-front,b9c9b7fc660377fd036aa63123a30d7dc12c67ff6c676238ea729792e01f51bd,1114.6271266011247,116165.0383159227,331034.7534297111
100000,100000,0,checkpoint-decision-front,edccc633ee7f39d2f7256179514fcdb93958a3bcc5700a71cd1363328d63f7e6,969.1650397164912,118971.09515578876,328028.803904218
100000,100000,0,checkpoint-decision-front,7a5c91e05f5131c1ce3f70355383edde7c5f51f6ae9e0ffc51edffcaf2ca65a8,1100.3141131862933,116753.77323202782,339515.48241604795
100000,100000,0,checkpoint-decision-front,c90f6f11d6b9656481c402f3213dd1af5e45c7a67671ff188eaa0ece77b487e9,1155.689161685462,117907.72872438931,316695.4198395145
100000,100000,0,checkpoint-decision-front,e93ce3af5250e26b13844a462e33663db1cfab94e665a48065b14c0b8aef99ec,1123.3869437184292,116065.66169061777,325644.3446946058
100000,100000,0,checkpoint-decision-front,987da1ee588d951b2e797b3df993afcc2d5c1debbdf1ace9435ee5397cfc7888,955.0383931002025,121334.85330297178,311210.68480065634
100000,100000,0,checkpoint-decision-front,16b1a9b534fbb01baa226b6ce8ebc31ea9f4204dca1f5939b84e61a6189dbf20,789.8505843703268,126016.36221490531,341574.15718482656
100000,100000,0,checkpoint-decision-front,8031f2073cf3ed0687ad5d857fac71d04b757368e59f78014a5fc74138986e8f,886.0917933893752,121870.90885124073,328622.73996471363
100000,100000,0,checkpoint-decision-front,b68fb3f5d99f068b726c15b0b4be63424406bf35479e80052215e8a5703c1000,946.2160830819835,120555.24721359744,311878.9622097833
100000,100000,0,checkpoint-decision-front,2532e4c02197c4a7009966aa7efe6fbf3a9900a098968726bbedd6d21375fc35,946.2160830819835,120298.10643050843,312363.37348835764
100000,100000,0,checkpoint-decision-front,d8d4a655a357a9f64f50d100b9d1186764edf844b52882d161d21f3b97b689f6,967.0781747460157,119979.23566330873,319159.054055379
100000,100000,0,checkpoint-decision-front,2d19c75e0074a04a96cd0baa8079f8f32770970bfca65cde1bc6e1b050872485,931.1786292849968,120111.85190524597,329295.7171859857
100000,100000,0,checkpoint-decision-front,1340ae439b751521189a44afa9b6c5a7edf7cd2971a8e639238f9efaab43791b,984.3610643926596,119493.17992080477,327663.8004307072
100000,100000,0,checkpoint-decision-front,510375522deb9fae4b6d7294fa39e6423505df7d19e5a6002ae7b95786342f75,946.7352166039511,120148.06214902957,324884.1488842639
100000,100000,0,checkpoint-decision-front,e839d8bd9bc16502de85f286753600483f48eddde7010b804737975e8d231983,980.9281935277047,119522.67554663205,322834.91370700893
100000,100000,0,checkpoint-decision-front,0e5d75dff562ab7445c959b62f0bd12def7575a08d42ec44205e2e95babe0b5e,1136.955233707848,115938.5306463571,324547.1523914668
100000,100000,0,checkpoint-decision-front,cdd577b553f05258d0de84de7f40ee31adadc926c7d78744f6514439ebb5df78,1125.0600191649055,115778.17485463156,327619.5324311673
100000,100000,0,checkpoint-observed-full-front,11eacea27348113c36e6aae830e0672fd90c73b49e9327971b2c2b39d02eb368,846.1423714231302,122988.00494740737,328802.3233755737
100000,100000,0,checkpoint-observed-full-front,d55ef7dce058895b656ae1445c5bba8d0744b3b9042c5633199b233592df8f0a,820.2860115999781,124319.83630842454,326151.96963183495
100000,100000,0,checkpoint-observed-full-front,37dced303887489ef809c4e8b035121d5f56003301e90e1dc547ee48ec2da3da,845.1130126989311,123344.06870452702,327456.0169817861
100000,100000,0,checkpoint-observed-full-front,b170574ab45cca63b9ef3cbc98a92f807e6354e604002856121c3193605beda3,845.9426294842576,123946.3301249405,327250.7656645685
100000,100000,0,checkpoint-observed-full-front,18ea2c7faf38bfb67b49df50b226f95439937433b98fd0ac408c0022b192351d,847.2230472919304,124400.11518523272,322116.04603736603
100000,100000,0,checkpoint-observed-full-front,fc4c82a2fb9fc5d79883404cae79ad1f84f47c68c0875a29d09d3bffd7558ef0,838.3002892645464,124228.85726217329,328251.3723305439
100000,100000,0,checkpoint-observed-full-front,2519961a2ce9e9c356daeb76a3bee54fa87691e128fd20f2fc3c415b13fbf317,864.5876538059971,123236.33598582944,322358.0116035674
100000,100000,0,checkpoint-observed-full-front,cb0031f2a45363029601259e8e6e7a42f6acd8edf9d327964f85e1d97c9ca242,875.2042820040941,122164.63323655693,339864.6484908527
100000,100000,0,checkpoint-observed-full-front,f08f4b1f02a54eba61840f40ead7f7e7f6d026edb8b58b5f6b88d22faa47dd27,811.8243837157182,125267.72181389021,352285.8028916463
100000,100000,0,checkpoint-observed-full-front,f2fb1f002d3621648f5e59c51b6270acdc154e8d80fd900ba42816ccbfb0afa6,898.7346627134222,121351.04155502183,323738.1944510618
100000,100000,0,checkpoint-observed-full-front,ff97a3f74e4d018c7103cbcdbe17c66c138bf329aa8eadef1d6f597b84ec49da,912.5749320141483,121022.0001015728,323842.91668447264
100000,100000,0,checkpoint-observed-full-front,f4fe32cdbde01a366c5feac553e6b0924865c5a676b28791c14e464a7262add2,1092.172785102819,117245.02216786417,345311.85950852867
100000,100000,0,checkpoint-observed-full-front,fb5153dbdfec12247ebda947df8c6c26dd128ff83083915c66196f4eddd2523c,921.7641035364079,120756.4467775208,320236.82573542313
100000,100000,0,checkpoint-observed-full-front,b3b2e5d46e2a2d7de6387263ef20b7a9acd210517fb7ba9a614da9fdcb87b10d,960.3756607995493,120620.72546106268,310851.2112305371
100000,100000,0,checkpoint-observed-full-front,1068cbf037f99ff9abd355a411477bca1933f94efcb1234d269e3ec7395e82cf,936.5818997850795,120644.25812179869,316081.6238850758
100000,100000,0,checkpoint-observed-full-front,2af59ab421a00c8e834e8eea957686bdb3822952ad34197deb57ce31e14a150c,955.0383931002025,121002.09956355317,311392.43147192494
100000,100000,0,checkpoint-observed-full-front,530e467016415be1d5fb971b265a4532dc4b76e412d587d6bf0c4ffac1ed420f,906.1962437389958,121102.2506760468,326037.63189629826
100000,100000,0,checkpoint-observed-full-front,0d26942b94fb138d61cda16f5af4730d9bb1f7e6f0f5f38f7c57f58d7a0dc390,1038.7152963072626,119210.10485377084,314310.1305818429
100000,100000,0,checkpoint-observed-full-front,2d6d3fd21ccf69b228168521bca6fc61d1d650fbb9316cf31fa20153e0ac8ade,904.948267615011,122060.15202782513,318559.4993334592
100000,100000,0,checkpoint-observed-full-front,b052279cd243085cf1f0754302dc4a6bff4048dd2189a2787bebe370f9e5ac76,906.173099205282,121107.53283972733,324585.3695429285
100000,100000,0,checkpoint-observed-full-front,f7305bd86b26dd91ebe0676c7eb12f589aae9473a849f03a4eff50a4969077bc,1035.8416982395547,118601.92310323309,351526.3698209942
100000,100000,0,checkpoint-observed-full-front,21c4045e6f0e7b812c169e14f6a2522a97e00f95b998ade06ba0fcb9ef18b85a,898.2751977818774,121904.50667648917,319448.4684328957
100000,100000,0,checkpoint-observed-full-front,9e61520273317bd072fdbff400df9498f2221d55702f13f7784ab7797ae16e4b,890.1038458354755,121444.38380775537,322508.78617994016
100000,100000,0,checkpoint-observed-full-front,70eae7bc6a671014299140d8c075c98f50f3b028ef6d2bd126dc38f3a6db0e38,903.6909020793805,121284.96109276717,321157.93536278803
100000,100000,0,checkpoint-observed-full-front,f3adbcb31a8d7eb364227d4df2f6f8738d56a6dcb932111375491675df359e5d,920.7294948519494,121177.36798991449,316822.7908562965
100000,100000,0,checkpoint-observed-full-front,9b85b20448075baee8afc44964d4a2439d45bc7a497fabbcd094b00e1d94623d,783.1904424913793,126363.66984102955,338756.5843230698
100000,100000,0,checkpoint-observed-full-front,bebecb4e15e12a1c4f80f0ac5f10b63473eacdbd12012b908a4b57ebb0ad1868,787.8465409696857,126495.69733792046,336312.6651499928
100000,100000,0,checkpoint-observed-full-front,8ace04cb964649d9e025096528657dfc0060ca20ad47adb7d204f04e35c5ecb8,779.3137016226548,127415.48498103442,334224.5242937109
100000,100000,0,checkpoint-observed-full-front,f00977e9e155c15b42c465e7b72a262701aa92baf3cd588da9b7cab76323d577,777.4567355223354,127167.6232276282,335108.1512626149
100000,100000,0,checkpoint-observed-full-front,c5a4763f6b63289c250ce29b3b574f4e2a5d452e70d902c22a50528d2e0afa33,777.4567355223354,127167.6232276282,335108.1512626149
100000,100000,0,checkpoint-observed-full-front,4aec289f28b53618388602ead6da6849cb43a28df02f0d5b947d1407c0039d13,777.0444661171856,127334.1739710173,334802.5491624311
100000,100000,0,checkpoint-observed-full-front,8f14832dba9c70bdc08717bb683ab7cac72db99e0543c1c415a95e9064971d63,780.9293610914443,127352.68979322985,334486.5428267787
100000,100000,0,checkpoint-observed-full-front,b1cad244656b932c9bde32e7324977fae6e1ea77668d2a73ca0593829f18d7d4,777.0444661171856,127334.1739710173,334802.5491624311
100000,100000,0,checkpoint-observed-full-front,bd6845f3e8a00c1b076ca9efb3b7cb72379c2213fb133202006ca6c5c8422393,775.9948739382446,127873.19754685674,335425.3299178063
100000,100000,0,checkpoint-observed-full-front,079498a53fbfb13024a96a88fd8585d964857b201f7fad3081f2764065a61106,777.0033898179051,127853.9792962757,333889.0469627272
100000,100000,0,checkpoint-observed-full-front,079498a53fbfb13024a96a88fd8585d964857b201f7fad3081f2764065a61106,777.0033898179051,127853.9792962757,333889.0469627272
100000,100000,0,checkpoint-observed-full-front,079498a53fbfb13024a96a88fd8585d964857b201f7fad3081f2764065a61106,777.0033898179051,127853.9792962757,333889.0469627272
100000,100000,0,checkpoint-observed-full-front,079498a53fbfb13024a96a88fd8585d964857b201f7fad3081f2764065a61106,777.0033898179051,127853.9792962757,333889.0469627272
100000,100000,0,checkpoint-observed-full-front,079498a53fbfb13024a96a88fd8585d964857b201f7fad3081f2764065a61106,777.0033898179051,127853.9792962757,333889.0469627272
100000,100000,0,checkpoint-observed-full-front,079498a53fbfb13024a96a88fd8585d964857b201f7fad3081f2764065a61106,777.0033898179051,127853.9792962757,333889.0469627272
100000,100000,0,checkpoint-observed-full-front,079498a53fbfb13024a96a88fd8585d964857b201f7fad3081f2764065a61106,777.0033898179051,127853.9792962757,333889.0469627272
100000,100000,0,checkpoint-observed-full-front,493047817e1112dda5660aa7fe29ef82dbf6d68824f278c8b74a4b89f6d99128,779.2021003952317,126990.62924723214,336234.7802548778
100000,100000,0,checkpoint-observed-full-front,35d8757af13ff1779bf994902810c044b1325c6e059ecd1019fe8b672900dd6c,776.5423502226853,126510.2449078002,336406.0104671235
100000,100000,0,checkpoint-observed-full-front,0d537ac04e97bd9b8823701b4212f87cd2e8e7972f75027a0cd901c61e5362d1,785.7829727721047,126597.06759582684,335122.30815174186
100000,100000,0,checkpoint-observed-full-front,e22b418fcb5a1afd297b770752a68165711ba8db1fa44212430671cf4a830138,781.3381779444613,126848.2651766353,335505.7962002383
100000,100000,0,checkpoint-observed-full-front,fe2cea9afc6162f6aabf0e31dbf856e53bb308aee03786abf659c995e90a4ab9,770.0258028844087,127238.48735599342,335518.8277366394
100000,100000,0,checkpoint-observed-full-front,321e1d8f13da4920c8dce586c0bebf8c65ff78352ea80faa7878e57c983b3523,770.0258028844087,127238.48735599342,335518.8277366394
100000,100000,0,checkpoint-observed-full-front,5fcfa9a435d5122461ca37aec16151ddff9b27817a8f1364b5d76825f9d7f13e,951.1859871833975,120118.94778644893,325342.6250839622
100000,100000,0,checkpoint-observed-full-front,592f9fad0f2f4a08a63864611af3db07a76be1d01fe30ba5475eafebcda7f50f,903.6909020793805,121218.14037114124,324066.08664950216
100000,100000,0,checkpoint-observed-full-front,d4cf5bc5dd617b472d7d6b3f3ba785142ed7827ccefcd7104108578137b005a4,797.1329406254766,125999.78676512901,340523.7457733069
100000,100000,0,checkpoint-observed-full-front,8bd9e646ffb3eda1555cbb3812e8e27ff4eda96dda8c3e788b3e07792dddac87,916.8599171126579,121046.82249821519,321265.7363465977
100000,100000,0,checkpoint-observed-full-front,25385fd47dd6df37920d2794608cec9c2da624732a9988b13c7250f5226821c6,997.9539106010366,119669.94635246665,321158.5831372671
100000,100000,0,checkpoint-observed-full-front,af76f417e9614d381537a020752714cfb51ab6b8fee6b7c076caf98b4e821619,955.7342324520288,120883.4652570837,310600.42635762296
100000,100000,0,checkpoint-observed-full-front,5ed09f84bf6079378a3301b1ece5de2f8f10c7e237b956d62b7f91e976cd07a1,991.0213105661852,119905.1166933306,316570.1869272074
100000,100000,0,checkpoint-observed-full-front,497bc78fa0c41a04772ef5f2e3024dd2989a1a51f6f6f61a4341c02271559cad,955.7342324520288,120883.4652570837,310600.42635762296
100000,100000,0,checkpoint-observed-full-front,0292add6a7b3b5ff8a42fb75b71786bba326a04437799784f35cb3d26864b364,960.3756607995493,120620.72546106268,310851.2112305371
100000,100000,0,checkpoint-observed-full-front,929bbe50203c140b57e971fe9dc1b8f5e6b3556660a297982b734dd2667b4aa3,928.2299074601173,120342.14802178818,320000.0768015756
100000,100000,0,checkpoint-observed-full-front,50ab6305d8b936b61822b9749278a838a55adf6f460468b02dcdb501b945a8d1,955.7342324520288,120883.4652570837,310600.42635762296
100000,100000,0,checkpoint-observed-full-front,497bc78fa0c41a04772ef5f2e3024dd2989a1a51f6f6f61a4341c02271559cad,955.7342324520288,120883.4652570837,310600.42635762296
100000,100000,0,checkpoint-observed-full-front,cf0282b5c48e94797002a6bfa6acc45ab1ae02b8462c218ed61104c7076afc3e,936.1948247036921,120924.3721051891,312842.6421929739
100000,100000,0,checkpoint-observed-full-front,db890f3990fb3e6e3d77bafff9c338dc2f1e6afcdaafaf00950a804fc94e8c52,884.153282510683,121919.34634426647,320195.6529404045
100000,100000,0,checkpoint-observed-full-front,5a5e20b4b60bd4c5a8adf83c6b23736cccb9fbfee24a890bbccbc6febcf3e34c,946.0171791426399,120251.32000014337,318586.5416106038
100000,100000,0,checkpoint-observed-full-front,27439244f42f0efe3b0a9444af413f9d7c6bb3312683eeeafe4ec8aec6cfa488,943.8901905599911,120998.10172879361,312554.8934936628
100000,100000,0,checkpoint-observed-full-front,deaa035e5c89a8f60f1e24893e123f93f071ed13f1b0ab76a70dfba81abbfe34,905.0043991527477,121164.3338264988,316901.878415131
100000,100000,0,checkpoint-observed-full-front,497bc78fa0c41a04772ef5f2e3024dd2989a1a51f6f6f61a4341c02271559cad,955.7342324520288,120883.4652570837,310600.42635762296
100000,100000,0,checkpoint-observed-full-front,eec0ddf96861e6a1646c2bb381742ebe836f4b36283b1d2f97118dd6a97e3305,898.0847651007955,121800.00969905345,319508.31516476953
100000,100000,0,checkpoint-observed-full-front,d815a3b869aaf887adc587f7c13039c50133a0faefb2390507842160c4c5e3fb,922.972197829739,120945.64339655625,314915.31458448747
100000,100000,0,checkpoint-observed-full-front,ad7bcff700552f3e62334d939182c6d58e7e09382dcb5cc8431247c0d8717ac2,960.3756607995493,120620.72546106268,310851.2112305371
100000,100000,0,checkpoint-observed-full-front,497bc78fa0c41a04772ef5f2e3024dd2989a1a51f6f6f61a4341c02271559cad,955.7342324520288,120883.4652570837,310600.42635762296
100000,100000,0,checkpoint-observed-full-front,cf0282b5c48e94797002a6bfa6acc45ab1ae02b8462c218ed61104c7076afc3e,936.1948247036921,120924.3721051891,312842.6421929739
100000,100000,0,checkpoint-observed-full-front,ad7bcff700552f3e62334d939182c6d58e7e09382dcb5cc8431247c0d8717ac2,960.3756607995493,120620.72546106268,310851.2112305371
100000,100000,0,checkpoint-observed-full-front,78994d8af4e8032715570a7533259363f0b9821c2a36e458c15c1220a672f330,922.0007486582218,120627.11435223618,319103.5854204861
100000,100000,0,checkpoint-observed-full-front,987370cabdf5a95f3fdb1627a5eca38ffc824511f96292b58b078d52282f2f8a,937.6653176878524,120584.28492788268,315680.49797307485
100000,100000,0,checkpoint-observed-full-front,149a07a66dbc6299cff003960e13eeda141232e6f42dc885e3767b0a70152ee9,896.5736536109267,121711.16041064967,319976.1869378305
100000,100000,0,checkpoint-observed-full-front,3c08d1dee34016ee5de7ffffc187e4d6975b27ed92302df8c3e3138d4b989855,936.1948247036921,120924.3721051891,312842.6421929739
100000,100000,0,checkpoint-observed-full-front,85e098b2d9bcd9de631e2b236b9a5cac7c799bf747aedf05d59245614906254c,1013.1054368468061,119667.7288273066,311324.0627500222
100000,100000,0,checkpoint-observed-full-front,85e098b2d9bcd9de631e2b236b9a5cac7c799bf747aedf05d59245614906254c,1013.1054368468061,119667.7288273066,311324.0627500222
100000,100000,0,checkpoint-observed-full-front,0299ffc9c2636daad1407401c6ff794cc250f527bb55821adb4d01c55541a5b9,969.7331134937683,120091.11570020264,317154.9249301798
100000,100000,0,checkpoint-observed-full-front,9901a6d84de1f9a76433c889f32a24c044add703e5d694759dbba4afd2354360,960.3756607995493,120620.72546106268,310851.2112305371
100000,100000,0,checkpoint-observed-full-front,9b9f3443253b80f3cb86219fa8bbdc4f0bfb6dc486b438213641096d1f251b68,911.2634710384299,121082.46866360857,325631.1947706477
100000,100000,0,checkpoint-observed-full-front,9901a6d84de1f9a76433c889f32a24c044add703e5d694759dbba4afd2354360,960.3756607995493,120620.72546106268,310851.2112305371
100000,100000,0,checkpoint-observed-full-front,ad7bcff700552f3e62334d939182c6d58e7e09382dcb5cc8431247c0d8717ac2,960.3756607995493,120620.72546106268,310851.2112305371
100000,100000,0,checkpoint-observed-full-front,34b1372605b161e2370198aaa2d4a0732e6020a5edd3ab58222ec66944feb159,934.8703923084809,120515.74011986662,316567.25581668754
100000,100000,0,checkpoint-observed-full-front,621f79a5329d95fad9b1c6022611e5f5535ace36bcbbe31e82816f7a55024776,930.7204580064077,120315.26154263552,317627.1424161136
100000,100000,0,checkpoint-observed-full-front,83ed268a3a6da5400b647a27403f57082bcd6b09423bea8a20ced76f503e6c4b,960.3756607995493,120178.32628096567,311282.4957431237
100000,100000,0,checkpoint-observed-full-front,497bc78fa0c41a04772ef5f2e3024dd2989a1a51f6f6f61a4341c02271559cad,955.7342324520288,120883.4652570837,310600.42635762296
100000,100000,0,checkpoint-observed-full-front,d0c7c942f3c4760694d775de302b486eb0e20a689a530bb8b341a4390ccb68b6,824.3748435552521,123823.22352173753,334002.43006057054
100000,100000,0,checkpoint-observed-full-front,d60f36d6d95b4e590fec646b33c865938049f16243ff12a43ed9f27c28d75386,1006.6708356041347,119729.41003026738,318159.4697874364
100000,100000,0,checkpoint-observed-full-front,2e049a5f485b832535fef9ee048af32b127530cfa4507fd22cf318105495978c,799.2018352806693,125580.02406431381,346818.08123237046
100000,100000,0,checkpoint-observed-full-front,d60f36d6d95b4e590fec646b33c865938049f16243ff12a43ed9f27c28d75386,1006.6708356041347,119729.41003026738,318159.4697874364
100000,100000,0,checkpoint-observed-full-front,c05f2bffb78e03ac434a6bffe50878616f9f054872da28f5f6131f3b327f2760,1103.905389807709,116697.61445330444,338769.34652893216
100000,100000,0,checkpoint-observed-full-front,ed15e717e1d09fa6e0f0984d04c8d48b6301f70044a06df0f9b92b4e01b4b4ca,807.9853030470803,125660.26920029875,339268.3990368255
100000,100000,0,checkpoint-observed-full-front,198a08cec93746ab5195dc006c3194d7bab3aa6d341a46a272f926ca44096104,841.3614928784793,123081.03412205342,331686.39879220736
100000,100000,0,checkpoint-observed-full-front,377178f1e1c8aae96f25810969d899db045925cfaeda5b0d64edf7fab1a3b0ca,955.7342324520288,120883.4652570837,310600.42635762296
100000,100000,0,checkpoint-observed-full-front,d56650e1b2578f3c448abc942a126ecfecc3f661f9b335432bdc7701e4041dcb,807.4602115457142,125702.65738714283,340738.95603586035
100000,100000,0,checkpoint-observed-full-front,9901a6d84de1f9a76433c889f32a24c044add703e5d694759dbba4afd2354360,960.3756607995493,120620.72546106268,310851.2112305371
100000,100000,0,checkpoint-observed-full-front,8ce8bf4e1f9b81785cbd44720f16128a05ee7665b4b840cfa84228806e5af369,943.430843642165,120422.49977716063,315100.2327965811
100000,100000,0,checkpoint-observed-full-front,cf0282b5c48e94797002a6bfa6acc45ab1ae02b8462c218ed61104c7076afc3e,936.1948247036921,120924.3721051891,312842.6421929739
100000,100000,0,checkpoint-observed-full-front,0292add6a7b3b5ff8a42fb75b71786bba326a04437799784f35cb3d26864b364,960.3756607995493,120620.72546106268,310851.2112305371
100000,100000,0,checkpoint-observed-full-front,8cf4b7840aed1a93228792b029aae93fdf98ecf05dbdc54cab434b5f4b37ca05,998.399926007364,119824.01780402304,315819.66542021494
100000,100000,0,checkpoint-observed-full-front,0292add6a7b3b5ff8a42fb75b71786bba326a04437799784f35cb3d26864b364,960.3756607995493,120620.72546106268,310851.2112305371
100000,100000,0,checkpoint-observed-full-front,f88e9ca4c48118af0f53c92fc0910c0bab39ea05011ad7964600fdcf8577cbe1,921.9129538319985,121219.15706672426,314836.4841111155
100000,100000,0,checkpoint-observed-full-front,7810ad297b6bece10ca20d8ec46f60d9564cc72cf08e38db29c7a8f6f9e80560,881.9057409774731,121893.36880921107,333472.1912900506
100000,100000,0,checkpoint-observed-full-front,9901a6d84de1f9a76433c889f32a24c044add703e5d694759dbba4afd2354360,960.3756607995493,120620.72546106268,310851.2112305371
100000,100000,0,checkpoint-observed-full-front,9901a6d84de1f9a76433c889f32a24c044add703e5d694759dbba4afd2354360,960.3756607995493,120620.72546106268,310851.2112305371
100000,100000,0,checkpoint-observed-full-front,4c8ca4f0423da52a27999dfdf813581072ff9543afef39560a85bdd776be3c37,840.6509675939012,122366.67920845843,332072.22687555454
100000,100000,0,checkpoint-observed-full-front,bfc2c62cee9258e28b18b3cf162b483b6428e5b0a2b8bb74587d5398215db756,970.0538562413082,120174.6978325088,315382.7192339626
100000,100000,0,checkpoint-observed-full-front,6d5d88843f2657477eff27e84e287687eff4789e2e7791ddf33a23d7ee17c3bf,831.2472134368367,123364.3885667651,332799.04031737393
100000,100000,0,checkpoint-observed-full-front,690045199912d0a9be5d44ea4b8f14dd41868ae0e13660c3ef7dcf55077baf57,855.7293063420083,122755.95303293376,326124.14726287243
100000,100000,0,checkpoint-observed-full-front,5926373bf729b7fe6b6c2024d599b05df362747f07baaf05375ab63f818673a6,960.3756607995493,120620.72546106268,310851.2112305371
100000,100000,0,checkpoint-observed-full-front,0292add6a7b3b5ff8a42fb75b71786bba326a04437799784f35cb3d26864b364,960.3756607995493,120620.72546106268,310851.2112305371
100000,100000,0,checkpoint-observed-full-front,0292add6a7b3b5ff8a42fb75b71786bba326a04437799784f35cb3d26864b364,960.3756607995493,120620.72546106268,310851.2112305371
100000,100000,0,checkpoint-observed-full-front,0292add6a7b3b5ff8a42fb75b71786bba326a04437799784f35cb3d26864b364,960.3756607995493,120620.72546106268,310851.2112305371
100000,100000,0,checkpoint-observed-full-front,6d3cc508dc71dd7bc41e6e177584fa1cf5465015909f052bac7e39fcc0e270ff,1099.7937932921088,117266.73172975332,333186.11199756863
100000,100000,0,checkpoint-observed-full-front,010052dd3b42bdd7fb547a3819e250d57c9f6bec70b8577c5808ac46e4294c70,840.0140138624771,123055.79920157437,333812.25671611377
100000,100000,0,checkpoint-observed-full-front,497bc78fa0c41a04772ef5f2e3024dd2989a1a51f6f6f61a4341c02271559cad,955.7342324520288,120883.4652570837,310600.42635762296
100000,100000,0,checkpoint-observed-full-front,d642426ffefea1de421dc3109d4ee1535258a2fa17174b533f71d38bdacea709,934.2908094543867,121054.8485378648,312335.5396159219
100000,100000,0,checkpoint-observed-full-front,cd77ec18bdd24d32a6309242ccf581db8711b8216fa878739129a6113f26bc26,942.3091279948733,121064.06679470278,312247.36584838043
100000,100000,0,checkpoint-observed-full-front,0292add6a7b3b5ff8a42fb75b71786bba326a04437799784f35cb3d26864b364,960.3756607995493,120620.72546106268,310851.2112305371
100000,100000,0,checkpoint-observed-full-front,405ee03a66b43ed685f22f41754228a19c0c78ad48bb00909703dca530e00f9e,856.3800718233576,122168.78371278816,329448.71772173705
100000,100000,0,checkpoint-observed-full-front,9901a6d84de1f9a76433c889f32a24c044add703e5d694759dbba4afd2354360,960.3756607995493,120620.72546106268,310851.2112305371
100000,100000,0,checkpoint-observed-full-front,1f85ee25bb05d06879e20a556925488f1c0132c13c15d11dbe72ade328824eba,892.1508987384659,121313.03610327044,329636.51103573106
100000,100000,0,checkpoint-observed-full-front,9901a6d84de1f9a76433c889f32a24c044add703e5d694759dbba4afd2354360,960.3756607995493,120620.72546106268,310851.2112305371
100000,100000,0,checkpoint-observed-full-front,64addcf5226a0d3d4296476c5201a047d86321e8d92beafa2b4e8cb9a1bba472,795.8366367247914,125858.53405032637,344041.93679964566
100000,100000,0,checkpoint-observed-full-front,0292add6a7b3b5ff8a42fb75b71786bba326a04437799784f35cb3d26864b364,960.3756607995493,120620.72546106268,310851.2112305371
100000,100000,0,checkpoint-observed-full-front,84f9c92292ccf8fd983723af7d06ddde9a18380482c24e6e6d5a023f1865cf8d,828.1552479665279,123302.96772659893,333293.1237744675
100000,100000,0,checkpoint-observed-full-front,fb2e3de630c8cee9fcba952280190b8c25bc0ece58c89274bfef83040a80c77f,784.9876370918203,126205.83393982137,341833.1962897121
100000,100000,0,checkpoint-observed-full-front,a64e2f89c6be0057a5d259e456703369f3f86c125ee8b3f1c3101ea839dae2f9,970.0538562413082,120174.6978325088,315382.7192339626
100000,100000,0,checkpoint-observed-full-front,048719600e6a4279c9c06d769a3e6caba0d93de31c3f65b4a72ea67a08f85f8a,835.8406323415234,123275.79987369812,328776.67418046744
100000,100000,0,checkpoint-observed-full-front,4807c47e9cd2a01034447169dc855bdd275c0f61cb7234810bb689202c1a8429,942.3091279948733,121064.06679470278,312247.36584838043
100000,100000,0,checkpoint-observed-full-front,680919af5713d0872a1fb8239c4af49107480b713f23807726e035060a552258,823.6511657286703,124031.77746683569,333993.81631638337
100000,100000,0,checkpoint-observed-full-front,497bc78fa0c41a04772ef5f2e3024dd2989a1a51f6f6f61a4341c02271559cad,955.7342324520288,120883.4652570837,310600.42635762296
100000,100000,0,checkpoint-observed-full-front,567a3389c61adeb0df94e438dc8d7d763ed14bd1ca2333bac8ac9bf2ac1ab375,941.0583682859497,120284.58188984846,324209.1438825454
100000,100000,0,checkpoint-observed-full-front,0292add6a7b3b5ff8a42fb75b71786bba326a04437799784f35cb3d26864b364,960.3756607995493,120620.72546106268,310851.2112305371
100000,100000,0,checkpoint-observed-full-front,be007fd75aeefc778b1791be9bd5580e72276ad67797670008b5681ce98eaa1e,775.2231601675946,126538.77720523968,342503.097803727
100000,100000,0,checkpoint-observed-full-front,e4c7e457848478be0796c46f8aed316df9316e42542ff4b740e56a8efccf820f,769.1972138522367,126625.91777086459,343120.75861833163
100000,100000,0,checkpoint-observed-full-front,d7ff5e9cf98100a2541441d173a651b3756ac24895cb06918570decec346e07d,769.1588166187895,127036.76502490704,343887.0631006956
100000,100000,0,checkpoint-observed-full-front,14f51735125ff113a1d0d8dbddac7fd242113d48bdeddd13c053a68d5988a5ce,769.1588166187895,127043.53391446578,343829.56214128976
100000,100000,0,checkpoint-observed-full-front,b8a05c6a425e9b4728f5d5f7a64a8a96da67c9725bb66405240d2fb2fb9bb8e7,769.9479153224107,126739.6411523872,342846.0905025215
100000,100000,0,checkpoint-observed-full-front,d60c340c0e2bedd8c24153439ab7afa15502dc4ed7d770ec680574fdcb4d0912,769.1588166187895,127036.76502490704,343887.0631006956
100000,100000,0,checkpoint-observed-full-front,14f51735125ff113a1d0d8dbddac7fd242113d48bdeddd13c053a68d5988a5ce,769.1588166187895,127043.53391446578,343829.56214128976
100000,100000,0,checkpoint-observed-full-front,b8a05c6a425e9b4728f5d5f7a64a8a96da67c9725bb66405240d2fb2fb9bb8e7,769.9479153224107,126739.6411523872,342846.0905025215
100000,100000,0,checkpoint-observed-full-front,14f51735125ff113a1d0d8dbddac7fd242113d48bdeddd13c053a68d5988a5ce,769.1588166187895,127043.53391446578,343829.56214128976
100000,100000,0,checkpoint-observed-full-front,b8a05c6a425e9b4728f5d5f7a64a8a96da67c9725bb66405240d2fb2fb9bb8e7,769.9479153224107,126739.6411523872,342846.0905025215
100000,100000,0,checkpoint-observed-full-front,14f51735125ff113a1d0d8dbddac7fd242113d48bdeddd13c053a68d5988a5ce,769.1588166187895,127043.53391446578,343829.56214128976
100000,100000,0,checkpoint-observed-full-front,b8a05c6a425e9b4728f5d5f7a64a8a96da67c9725bb66405240d2fb2fb9bb8e7,769.9479153224107,126739.6411523872,342846.0905025215
100000,100000,0,checkpoint-observed-full-front,14f51735125ff113a1d0d8dbddac7fd242113d48bdeddd13c053a68d5988a5ce,769.1588166187895,127043.53391446578,343829.56214128976
100000,100000,0,checkpoint-observed-full-front,b8a05c6a425e9b4728f5d5f7a64a8a96da67c9725bb66405240d2fb2fb9bb8e7,769.9479153224107,126739.6411523872,342846.0905025215
100000,100000,0,checkpoint-observed-full-front,14f51735125ff113a1d0d8dbddac7fd242113d48bdeddd13c053a68d5988a5ce,769.1588166187895,127043.53391446578,343829.56214128976
100000,100000,0,checkpoint-observed-full-front,b8a05c6a425e9b4728f5d5f7a64a8a96da67c9725bb66405240d2fb2fb9bb8e7,769.9479153224107,126739.6411523872,342846.0905025215
100000,100000,0,checkpoint-observed-full-front,14f51735125ff113a1d0d8dbddac7fd242113d48bdeddd13c053a68d5988a5ce,769.1588166187895,127043.53391446578,343829.56214128976
100000,100000,0,checkpoint-observed-full-front,b8a05c6a425e9b4728f5d5f7a64a8a96da67c9725bb66405240d2fb2fb9bb8e7,769.9479153224107,126739.6411523872,342846.0905025215
100000,100000,0,checkpoint-observed-full-front,14f51735125ff113a1d0d8dbddac7fd242113d48bdeddd13c053a68d5988a5ce,769.1588166187895,127043.53391446578,343829.56214128976
100000,100000,0,checkpoint-observed-full-front,b8a05c6a425e9b4728f5d5f7a64a8a96da67c9725bb66405240d2fb2fb9bb8e7,769.9479153224107,126739.6411523872,342846.0905025215
100000,100000,0,checkpoint-observed-full-front,c203c125fe55229b7abe7a5202d9c9403b95dd81adc4b87a99cf6f8e77fe46c5,769.1588166187895,127036.76502490704,343887.0631006956
100000,100000,0,checkpoint-observed-full-front,14f51735125ff113a1d0d8dbddac7fd242113d48bdeddd13c053a68d5988a5ce,769.1588166187895,127043.53391446578,343829.56214128976
100000,100000,0,checkpoint-observed-full-front,b8a05c6a425e9b4728f5d5f7a64a8a96da67c9725bb66405240d2fb2fb9bb8e7,769.9479153224107,126739.6411523872,342846.0905025215
100000,100000,0,checkpoint-observed-full-front,8277d1a9315770dd752765488b8690511951473d79f5604ee642761968de8fc6,821.676004434286,124098.08573132262,329923.325390531
100000,100000,0,checkpoint-observed-full-front,be297cda41f4465a993b8b5b4d808205855b9a622e921a84686e91e022a1f59f,814.701623847504,124118.64353655322,331212.4186159358
100000,100000,0,checkpoint-observed-full-front,1bc6029488064f3f299b189c72c5c1377143fc74ffbfd398b11019b94f8002b6,960.3756607995493,120620.72546106268,310851.2112305371
100000,100000,0,checkpoint-observed-full-front,e6a03c7e0500f404d47edc42f6a2f61483d8e7b13c9d7b9b68afafe9f80a43f0,790.2659242043073,126344.81509731903,339045.2189908499
100000,100000,0,checkpoint-observed-full-front,0292add6a7b3b5ff8a42fb75b71786bba326a04437799784f35cb3d26864b364,960.3756607995493,120620.72546106268,310851.2112305371
100000,100000,0,checkpoint-observed-full-front,0afe3ad95718e63092662407f70cc2144267c0b30a3f415cd83ec487bd611f3d,807.4602115457142,125702.65738714283,340738.95603586035
100000,100000,0,checkpoint-observed-full-front,8059936a3688c8e979d3ea9f6a0e6fa0aa9332acda618a1248937d2af6804240,785.471306232813,126135.45468875467,339957.0352379269
100000,100000,0,checkpoint-observed-full-front,0292add6a7b3b5ff8a42fb75b71786bba326a04437799784f35cb3d26864b364,960.3756607995493,120620.72546106268,310851.2112305371
100000,100000,0,checkpoint-observed-full-front,3a77b14c5a5069a1b0fbe224ab4bc95373ef3969e1111ffe1693f2dc5431c817,986.7383560439497,120158.90746948074,312090.0858947131
100000,100000,0,checkpoint-observed-full-front,66b19917995afd0ed05a9c8999a443a40e484731bf5695cacc79a6cbc949962a,856.5757595173757,122396.79208696814,323857.67518564966
100000,100000,0,checkpoint-observed-full-front,d2e3f62d350e7a6515a27aef42f007f6f807640fb462b774ffde29d171e94c75,846.0400537112941,123208.19726679527,329322.9187492308
100000,100000,0,checkpoint-observed-full-front,befd2e0e7f18630acb7e05ac4bd3447ef84c01acf9801f9f8419887ab3205598,807.4602115457142,125702.65738714283,340738.95603586035
100000,100000,0,checkpoint-observed-full-front,6e8727771a7368736204a0ba23c5543f8892893a6fe4333f861f2045b7946072,785.471306232813,126219.99993643876,339370.1004900553
100000,100000,0,checkpoint-observed-full-front,6e8727771a7368736204a0ba23c5543f8892893a6fe4333f861f2045b7946072,785.471306232813,126219.99993643876,339370.1004900553
100000,100000,0,checkpoint-observed-full-front,39d8cf4158b993b74eb592fb259650ca26f9fbf6dc48aaf1bd301a2debcd7e45,1024.8895130205492,119611.95062828469,318236.6659113755
100000,100000,0,checkpoint-observed-full-front,497bc78fa0c41a04772ef5f2e3024dd2989a1a51f6f6f61a4341c02271559cad,955.7342324520288,120883.4652570837,310600.42635762296
100000,100000,0,checkpoint-observed-full-front,e4b78be24e560b201a0a7e3245693027f30f5cf4fe5076e3df25aa11f42c6949,998.7598066509481,119776.26984246625,317586.87798796187
100000,100000,0,checkpoint-observed-full-front,9901a6d84de1f9a76433c889f32a24c044add703e5d694759dbba4afd2354360,960.3756607995493,120620.72546106268,310851.2112305371
100000,100000,0,checkpoint-observed-full-front,e1cc75816d73bda4df1a78e640316102681e7ed9cf97d00ee05b20c5354582cf,877.6994505580597,122351.43946510169,324120.3232516686
100000,100000,0,checkpoint-observed-full-front,2bac17b42239b53a67c53069da5cda0cef840e0819451204594c1588e595878e,872.8300708776565,122170.0002902903,324776.2769393706
100000,100000,0,checkpoint-observed-full-front,1d09eba393033739c9d677dae014bcde546d7cde6a9d99221bc1a4ef7704ae7b,960.3756607995493,120620.72546106268,310851.2112305371
100000,100000,0,checkpoint-observed-full-front,e9b73724478748a4d0ea65ca07c0a848d2d3fb5fdc832dbd65e4bb59e93f908c,795.8366367247914,126230.20137094472,338959.27854012954
100000,100000,0,checkpoint-observed-full-front,95f6a7ef39b8057178768f75f96202877f4aefa64f3dfd27ef84a7511da656f0,963.8399202215423,119911.08400673614,333083.43230548187
100000,100000,0,checkpoint-observed-full-front,e0b7f29b590dc0ad1f544a4d982e8fbcb1e9ad69e448145b39b2678c372c6f11,1001.9117509622878,119590.8732387994,318646.0358620078
100000,100000,0,checkpoint-observed-full-front,f6add94f1ab4930097063b415e470ab3a06213e6e28253d5f611f155381f1f9a,960.2386587427344,120680.70413154105,311327.47419475974
100000,100000,0,checkpoint-observed-full-front,a64e2f89c6be0057a5d259e456703369f3f86c125ee8b3f1c3101ea839dae2f9,970.0538562413082,120174.6978325088,315382.7192339626
100000,100000,0,checkpoint-observed-full-front,1d09eba393033739c9d677dae014bcde546d7cde6a9d99221bc1a4ef7704ae7b,960.3756607995493,120620.72546106268,310851.2112305371
100000,100000,0,checkpoint-observed-full-front,e4f64281b2faf0e1afe7051b6937bbaece05e7aabd5578fcc07a283c94a9c09b,777.4675072785228,126098.8394059032,342989.33235084836
100000,100000,0,checkpoint-observed-full-front,cf0282b5c48e94797002a6bfa6acc45ab1ae02b8462c218ed61104c7076afc3e,936.1948247036921,120924.3721051891,312842.6421929739
100000,100000,0,checkpoint-observed-full-front,ea93979a43cf5195debc61049dbfb30a0b72b4f512648e163ddca05c3bae1efa,781.509569978649,126004.90669678473,342315.92802563356
100000,100000,0,checkpoint-observed-full-front,cf0282b5c48e94797002a6bfa6acc45ab1ae02b8462c218ed61104c7076afc3e,936.1948247036921,120924.3721051891,312842.6421929739
100000,100000,0,checkpoint-observed-full-front,2aeea1153fbb42edadee56666be6e0b897182d96040e9da1f0764d953739e9d1,781.338287519458,126234.89902036566,342474.9573868423
100000,100000,0,checkpoint-observed-full-front,0b9186cf3825fda532b52cde68ec690968381812c25f96a2d463d6159e0a53dc,824.4515275308349,124195.33607809606,329574.84141198406
100000,100000,0,checkpoint-observed-full-front,39d84a1180b39a7bf12cb27d703a8a4a8459700f58f1c7e8e3ce7b3465ff7a10,955.6918787937791,120974.97439697542,311297.1209013252
100000,100000,0,checkpoint-observed-full-front,cf0282b5c48e94797002a6bfa6acc45ab1ae02b8462c218ed61104c7076afc3e,936.1948247036921,120924.3721051891,312842.6421929739
100000,100000,0,checkpoint-observed-full-front,48c5ae8298565e5e789d17d7342a590ef26c7aa55c55af3cb2c794c25a9e1317,777.4675072785228,126068.76345658173,343058.7800099198
100000,100000,0,checkpoint-observed-full-front,ee0aa4576647a78cca0ddfd110dd7e297bb21c5f318b5b69491e57ba3fb456ce,777.9102365240345,125892.3668915197,345906.132037782
100000,100000,0,checkpoint-observed-full-front,8812d4010a8271034622b155532033f891d09c18087c00982e0ae34ce95e9b45,867.0243340008395,122265.79737425552,328263.9067649616
100000,100000,0,checkpoint-observed-full-front,f4a1278c76d3081a690a473a09d37edc5aa2a4dd9e0e78cf3041eb86096df5b2,1013.9408700774073,120419.22854647713,309233.9820087994
100000,100000,0,checkpoint-observed-full-front,99714e35f74f515a4b714c6febb17d4f57439d2ca6447307ca07ab586e46d630,935.040636988779,121043.39838441656,312716.23313462996
100000,100000,0,checkpoint-observed-full-front,48c5ae8298565e5e789d17d7342a590ef26c7aa55c55af3cb2c794c25a9e1317,777.4675072785228,126068.76345658173,343058.7800099198
100000,100000,0,checkpoint-observed-full-front,ee0aa4576647a78cca0ddfd110dd7e297bb21c5f318b5b69491e57ba3fb456ce,777.9102365240345,125892.3668915197,345906.132037782
100000,100000,0,checkpoint-observed-full-front,c16f6d1dec1c14d3dc2fb0bf9a046f6f3e6ee7adc02178ac1de1989e4cfa2b3d,806.1531501862411,125605.61429788209,342379.38541837817
100000,100000,0,checkpoint-observed-full-front,dd547e829d75bbbc3b0ece7f27bbf774cd470a2af8d1a177760bf590f18af355,1053.990027126154,118417.77724485961,336257.7920179273
100000,100000,0,checkpoint-observed-full-front,f4aaab5af13990026aa386f359023859d1193d9b8898f42bb601d0f82c277042,913.8504455197086,121110.96907605871,322590.61953853624
100000,100000,0,checkpoint-observed-full-front,7210bc52f82055a113d5f71ac7408240a9a22e0a68a1717730198f29cb7648b1,881.840403501226,121998.85339697235,326273.7984674196
100000,100000,0,checkpoint-observed-full-front,1d09eba393033739c9d677dae014bcde546d7cde6a9d99221bc1a4ef7704ae7b,960.3756607995493,120620.72546106268,310851.2112305371
100000,100000,0,checkpoint-observed-full-front,48c5ae8298565e5e789d17d7342a590ef26c7aa55c55af3cb2c794c25a9e1317,777.4675072785228,126068.76345658173,343058.7800099198
100000,100000,0,checkpoint-observed-full-front,ac6abd189034a1b3c2e153c59b4f9851652768e4445e9932fa00ed0535de66ed,781.9237194657765,125872.06674362057,346351.6667395546
100000,100000,0,checkpoint-observed-full-front,1d09eba393033739c9d677dae014bcde546d7cde6a9d99221bc1a4ef7704ae7b,960.3756607995493,120620.72546106268,310851.2112305371
100000,100000,0,checkpoint-observed-full-front,d121d7ead8d56fbae1dcc2c54a6c7a0f1745f72d2bbcc4297c9ddc1c0a8ffd9e,777.4675072785228,126098.8394059032,342989.33235084836
100000,100000,0,checkpoint-observed-full-front,e777f50ab5ec125a003b5888c492eb7e213f691bac50a4d87b51a4cb7ed21242,780.3397515197928,126237.94781595671,342409.29668150464
100000,100000,0,checkpoint-observed-full-front,d1f8072bf361e1c928cb4ffdd0e734a55ff81de3672089620a8a90707e5a6f49,936.1948247036921,120924.3721051891,312842.6421929739
100000,100000,0,checkpoint-observed-full-front,be61c57e7191550ec9333b46d03c91f31314598ce3268f7f1b91f7a05c9e7e8d,908.2023087909736,121792.27804594782,315844.7927452229
100000,100000,0,checkpoint-observed-full-front,d121d7ead8d56fbae1dcc2c54a6c7a0f1745f72d2bbcc4297c9ddc1c0a8ffd9e,777.4675072785228,126098.8394059032,342989.33235084836
100000,100000,0,checkpoint-observed-full-front,13321001cccda3037526709c257001c169ebccaa0bc7d129a46634e1fd47fc78,846.2425180574845,122929.76969536925,323787.41739696334
100000,100000,0,checkpoint-observed-full-front,baca654c922b4687b78b9831c9fbec7c830aced9f5872915be6700cef532fdb4,787.8620027381627,125801.04088553433,348668.7724377437
100000,100000,0,checkpoint-observed-full-front,e4fb714f67f2648eaed242ff8445c71867a2d720ed13029548cb83a46e0df29c,905.7815539975153,121945.72582081496,312160.5429663112
100000,100000,0,checkpoint-observed-full-front,9901a6d84de1f9a76433c889f32a24c044add703e5d694759dbba4afd2354360,960.3756607995493,120620.72546106268,310851.2112305371
100000,100000,0,checkpoint-observed-full-front,9901a6d84de1f9a76433c889f32a24c044add703e5d694759dbba4afd2354360,960.3756607995493,120620.72546106268,310851.2112305371
100000,100000,0,checkpoint-observed-full-front,c4dc55da3dd620c42538e7fa2c85020b2b519cfa0a08e7de9748aaa7097cfe08,998.3774035711535,119379.93913093931,323956.3081312056
100000,100000,0,checkpoint-observed-full-front,d1f8072bf361e1c928cb4ffdd0e734a55ff81de3672089620a8a90707e5a6f49,936.1948247036921,120924.3721051891,312842.6421929739
100000,100000,0,checkpoint-observed-full-front,1d09eba393033739c9d677dae014bcde546d7cde6a9d99221bc1a4ef7704ae7b,960.3756607995493,120620.72546106268,310851.2112305371
100000,100000,0,checkpoint-observed-full-front,1ed6d4068b74e13c9e6719ebed7f67a9e14e944845db30513a4eadd239486ce5,955.7342324520288,120883.4652570837,310600.42635762296
100000,100000,0,checkpoint-observed-full-front,89e761360d7d30e09384f02dba131349dc7ca87602aeea2e257ebfed1497e1f0,780.2889333147518,126903.81981035726,335937.20807110274
100000,100000,0,checkpoint-observed-full-front,89b070e553487d58932280689ea07f687e476d745c02818c40d1fa1f40281ed2,777.4675072785228,126098.8394059032,342989.33235084836
100000,100000,0,checkpoint-observed-full-front,463e2fe7539bbfe836ac3671730b9c71d8c18a2f1ee5877876750bcdc82fb269,848.1014226384868,122625.53048413855,329328.71104128467
100000,100000,0,checkpoint-observed-full-front,1d09eba393033739c9d677dae014bcde546d7cde6a9d99221bc1a4ef7704ae7b,960.3756607995493,120620.72546106268,310851.2112305371
100000,100000,0,checkpoint-observed-full-front,cbcc17af64215643f7688c3f3b6c46227d9bb3f2c4a17e9ce86538f98561d026,902.5819897531019,122146.18116383455,313775.62256049283
100000,100000,0,checkpoint-observed-full-front,ed15e717e1d09fa6e0f0984d04c8d48b6301f70044a06df0f9b92b4e01b4b4ca,807.9853030470803,125660.26920029875,339268.3990368255
100000,100000,0,checkpoint-observed-full-front,1d09eba393033739c9d677dae014bcde546d7cde6a9d99221bc1a4ef7704ae7b,960.3756607995493,120620.72546106268,310851.2112305371
100000,100000,0,checkpoint-observed-full-front,1bc6029488064f3f299b189c72c5c1377143fc74ffbfd398b11019b94f8002b6,960.3756607995493,120620.72546106268,310851.2112305371
100000,100000,0,checkpoint-observed-full-front,d6a826b4a9c20e13e6291b884d367a55932db45879c9a6d181339fb9ce4c8b1b,1028.7444406340196,118677.93288409672,345350.81873393373
100000,100000,0,checkpoint-observed-full-front,e498b41a94cdc137fdae8629eb2a0e0537af2de000cff27662c2e763e445f05c,919.1938567174165,121644.54294474583,315042.14754920924
100000,100000,0,checkpoint-observed-full-front,1d09eba393033739c9d677dae014bcde546d7cde6a9d99221bc1a4ef7704ae7b,960.3756607995493,120620.72546106268,310851.2112305371
100000,100000,0,checkpoint-observed-full-front,d8911cf66f594ffd9f3a81c69cb660ddbdb9eccc35453217ec87a1a5c9df086c,808.5446562121339,125657.82044279196,340890.18076632405
100000,100000,0,checkpoint-observed-full-front,397374f3cde515f2e71887ce25dbb5147d55cbd5b440c7755dd957e8bb85ef73,813.54707826275,125566.67245885919,338789.5534271272
100000,100000,0,checkpoint-observed-full-front,89b070e553487d58932280689ea07f687e476d745c02818c40d1fa1f40281ed2,777.4675072785228,126098.8394059032,342989.33235084836
100000,100000,0,checkpoint-observed-full-front,1d09eba393033739c9d677dae014bcde546d7cde6a9d99221bc1a4ef7704ae7b,960.3756607995493,120620.72546106268,310851.2112305371
100000,100000,0,checkpoint-observed-full-front,1d09eba393033739c9d677dae014bcde546d7cde6a9d99221bc1a4ef7704ae7b,960.3756607995493,120620.72546106268,310851.2112305371
100000,100000,0,checkpoint-observed-full-front,31dd5df299ad02642ddc28cf15ed8c7bd2ded3eadf0d37878f244f0f7a812cba,777.4675072785228,126098.8394059032,342989.33235084836
100000,100000,0,checkpoint-observed-full-front,4e102b2442b5176d67fa736ad2a3c12a0dd609a19e3c726d29ac849adf9da79c,885.8415753636284,122480.61441696974,318582.9333196777
100000,100000,0,checkpoint-observed-full-front,8e31eaf7e19c569b2aff4f304f7dd15890df13a9fc0146b52e8354f53e7a00fc,956.5400170611745,120184.05945113245,315531.5918476194
100000,100000,0,checkpoint-observed-full-front,629634c22240c8696e2649a4bc0eaf3cc5562f4f7620d75c047836732bba9c22,802.1496910375314,126086.78342409166,340202.5497873989
100000,100000,0,checkpoint-observed-full-front,e6f66418232a2c81075956fa9e5a4229b62e8bc53e13e8244854d3ec870eaa62,883.3117795694413,122147.58524162402,323383.17766024405
100000,100000,0,checkpoint-observed-full-front,fb17bafe7917f96898723f13e07a01105fe96f66964a4ab6e8edcd44b52d6e13,899.6978221990046,121949.52636723062,318778.2695095458
100000,100000,0,checkpoint-observed-full-front,ccd044d440d378cc7aa5b296b9e73d2f843dc5ca81edade2c7b87e357531e29e,808.1162502937143,125637.75191157554,342262.86763637036
100000,100000,0,checkpoint-observed-full-front,1d09eba393033739c9d677dae014bcde546d7cde6a9d99221bc1a4ef7704ae7b,960.3756607995493,120620.72546106268,310851.2112305371
100000,100000,0,checkpoint-observed-full-front,04ce3ba6eba500717276c1119783c10e7261a01539ef767224023d0a75cd45a5,780.2502553655104,126472.65535592064,342198.1246840736
100000,100000,0,checkpoint-observed-full-front,89b070e553487d58932280689ea07f687e476d745c02818c40d1fa1f40281ed2,777.4675072785228,126098.8394059032,342989.33235084836
100000,100000,0,checkpoint-observed-full-front,20c6a127c21390fde372ab38735d7a081982e0a658e24f84c2114ab4f563bed4,1226.4967407284478,115083.78336532248,317979.6134492055
100000,100000,0,checkpoint-observed-full-front,85b289ef4df073a5aab77dbf4b6fdaca8b9643c0f741ae61ff52d7ee0f6ef3bc,962.1178420681558,120396.02743285763,310137.4808472711
100000,100000,0,checkpoint-observed-full-front,3e98c1b1220618b930e3d30a2dc4208e606cc5845d10abcb6f230339c30017d7,795.8366367247914,126064.60144425526,341355.83354489354
100000,100000,0,checkpoint-observed-full-front,380eae2c2d1429c7feace86e88d595fb5b4ee0dda92051be2ffd4bea187f455f,947.9557579427892,122049.27663434653,311526.12100793247
100000,100000,0,checkpoint-observed-full-front,3e98c1b1220618b930e3d30a2dc4208e606cc5845d10abcb6f230339c30017d7,795.8366367247914,126064.60144425526,341355.83354489354
100000,100000,0,checkpoint-observed-full-front,eba912c346899637b4cd2565e50c4df364b45999921d619e340831fdcb0e6763,1199.038993114991,115161.40940974228,318008.5419463248
100000,100000,0,checkpoint-observed-full-front,1d09eba393033739c9d677dae014bcde546d7cde6a9d99221bc1a4ef7704ae7b,960.3756607995493,120620.72546106268,310851.2112305371
100000,100000,0,checkpoint-observed-full-front,b929212431ee5c52ed9eb28c75e939dc7f8d6886124d2a2b3bca24d402428415,994.310158352526,120525.38882287877,309411.11148905184
100000,100000,0,checkpoint-observed-full-front,3e98c1b1220618b930e3d30a2dc4208e606cc5845d10abcb6f230339c30017d7,795.8366367247914,126064.60144425526,341355.83354489354
100000,100000,0,checkpoint-observed-full-front,fed4e0a325024e7510216424e77d6e92202bfb308b997e5eb57011155892e0e5,777.4675072785228,126098.8394059032,342989.33235084836
100000,100000,0,checkpoint-observed-full-front,81c783022f537cdbc6f25a782f4e5998b322eed8770ea53e07dcf44c0de0c907,974.7118928009988,119948.15882980314,321512.0214076721
100000,100000,0,checkpoint-observed-full-front,760dc80602321b1ff0abe47cea32fd3e4ee31e57b4adc04f759d3218744a15e7,979.5677776346312,120096.23205765772,316779.3034698633
100000,100000,0,checkpoint-observed-full-front,730bcdc4452b1484a52808d17b8f58c5c6370b2e6619b8a55b4206da16aec7c9,978.0039472915673,119848.40965717091,317291.2738518887
100000,100000,0,checkpoint-observed-full-front,1d09eba393033739c9d677dae014bcde546d7cde6a9d99221bc1a4ef7704ae7b,960.3756607995493,120620.72546106268,310851.2112305371
100000,100000,0,checkpoint-observed-full-front,fed4e0a325024e7510216424e77d6e92202bfb308b997e5eb57011155892e0e5,777.4675072785228,126098.8394059032,342989.33235084836
100000,100000,0,checkpoint-observed-full-front,1d09eba393033739c9d677dae014bcde546d7cde6a9d99221bc1a4ef7704ae7b,960.3756607995493,120620.72546106268,310851.2112305371
100000,100000,0,checkpoint-observed-full-front,1bc6029488064f3f299b189c72c5c1377143fc74ffbfd398b11019b94f8002b6,960.3756607995493,120620.72546106268,310851.2112305371
100000,100000,0,checkpoint-observed-full-front,1bc6029488064f3f299b189c72c5c1377143fc74ffbfd398b11019b94f8002b6,960.3756607995493,120620.72546106268,310851.2112305371
100000,100000,0,checkpoint-observed-full-front,fed4e0a325024e7510216424e77d6e92202bfb308b997e5eb57011155892e0e5,777.4675072785228,126098.8394059032,342989.33235084836
100000,100000,0,checkpoint-observed-full-front,d69e5f79be76c8cbae197a7e110080f83548775d58499c36c3cb395345490fd2,1052.834495109859,117998.83301876026,336295.5255127415
100000,100000,0,checkpoint-observed-full-front,6948383ae63c6d1b76994d3c2f366ccdcf366d8e85fe7c85002a2ca6a9e822a6,1102.2913730916857,118053.87415416223,325408.7063158676
100000,100000,0,checkpoint-observed-full-front,89d00a6c6a5dd7425bdaf67add95cf59c61e1b034746421c275b1fcf2d12c66c,988.4186738555599,120570.90196164069,309035.8710928722
100000,100000,0,checkpoint-observed-full-front,1d09eba393033739c9d677dae014bcde546d7cde6a9d99221bc1a4ef7704ae7b,960.3756607995493,120620.72546106268,310851.2112305371
100000,100000,0,checkpoint-observed-full-front,1bc6029488064f3f299b189c72c5c1377143fc74ffbfd398b11019b94f8002b6,960.3756607995493,120620.72546106268,310851.2112305371
100000,100000,0,checkpoint-observed-full-front,e5e09a4b86657a3444ace8c64c4d5aa573aa2058a4cf5f91bc2829a7828b0f81,943.2767066464961,120638.7286220365,313953.79715417174
100000,100000,0,checkpoint-observed-full-front,fed4e0a325024e7510216424e77d6e92202bfb308b997e5eb57011155892e0e5,777.4675072785228,126098.8394059032,342989.33235084836
100000,100000,0,checkpoint-observed-full-front,d8c3a9aff847bd0fe0377ab1ed9f6ea60411665a86dec572474af06e5cf8b258,1249.7699139527501,114589.32590655913,318237.7655458447
100000,100000,0,checkpoint-observed-full-front,db91f24a1be13953465c811fe280663ad42feada25e1dc4b4850837fbea3125f,995.801405460342,120696.73707523331,309016.7467368478
100000,100000,0,checkpoint-observed-full-front,d8911cf66f594ffd9f3a81c69cb660ddbdb9eccc35453217ec87a1a5c9df086c,808.5446562121339,125657.82044279196,340890.18076632405
100000,100000,0,checkpoint-observed-full-front,1d09eba393033739c9d677dae014bcde546d7cde6a9d99221bc1a4ef7704ae7b,960.3756607995493,120620.72546106268,310851.2112305371
100000,100000,0,checkpoint-observed-full-front,921044f535ff8f627ed8d37470ad05b91f4c74295abd6d76abbf4d4e70e54250,777.4675072785228,126098.8394059032,342989.33235084836
100000,100000,0,checkpoint-observed-full-front,aaea5f04eff811b2f503ebd8826b796db09b650b01c7c6770d9a4b39a1a552f3,777.4675072785228,126098.8394059032,342989.33235084836
100000,100000,0,checkpoint-observed-full-front,7c9f0d8e6b14cb487ce5cdc3b66f045053c3d2bc3bdeb0b7686f72f3fd1e488b,777.4675072785228,126098.8394059032,342989.33235084836
100000,100000,0,checkpoint-observed-full-front,79578553b3bd202040b20047f42c1302e5935f5d4b2b2bd60fc58c9a2e2a7e50,1114.1243699280533,117218.03486570192,334120.8999268024
100000,100000,0,checkpoint-observed-full-front,1d09eba393033739c9d677dae014bcde546d7cde6a9d99221bc1a4ef7704ae7b,960.3756607995493,120620.72546106268,310851.2112305371
100000,100000,0,checkpoint-observed-full-front,3e98c1b1220618b930e3d30a2dc4208e606cc5845d10abcb6f230339c30017d7,795.8366367247914,126064.60144425526,341355.83354489354
100000,100000,0,checkpoint-observed-full-front,1bc6029488064f3f299b189c72c5c1377143fc74ffbfd398b11019b94f8002b6,960.3756607995493,120620.72546106268,310851.2112305371
100000,100000,0,checkpoint-observed-full-front,4ae04a5384e1da4169fb8862a3414d0e99d37ece73d0c3253bd9c7515e02b8ee,795.8366367247914,126064.60144425526,341355.83354489354
100000,100000,0,checkpoint-observed-full-front,998ffb2fe27776b79cf9433d9023cba81491889a107099d31e6b3d0fd6f657c2,934.2762890423633,120637.23359873096,316383.641504289
100000,100000,0,checkpoint-observed-full-front,e47bc1dc8a0c4b19ec93a668b990896ab12cdac622ea065c399dd4437a93b167,998.8855190305167,119630.664716842,322502.23291118385
100000,100000,0,checkpoint-observed-full-front,223baf02f14b4cc92c703f1c9238c6e4a989352520daa4cd5086da1fa57ef06e,978.3891757138722,119771.02034977415,321311.0904182385
100000,100000,0,checkpoint-observed-full-front,6f6f1a29e2ded52286cb18b12d462b7d89b3a9837e684999a4559dcab70c2486,797.8128632088759,125677.65834225733,341315.55466576177
100000,100000,0,checkpoint-observed-full-front,52b9ae060c43fbc455fe455fe1026d191c155e1a64eb0b4adbb131175d6eb5ea,960.3756607995493,120620.72546106268,310851.2112305371
100000,100000,0,checkpoint-observed-full-front,6f6f1a29e2ded52286cb18b12d462b7d89b3a9837e684999a4559dcab70c2486,797.8128632088759,125677.65834225733,341315.55466576177
100000,100000,0,checkpoint-observed-full-front,3e98c1b1220618b930e3d30a2dc4208e606cc5845d10abcb6f230339c30017d7,795.8366367247914,126064.60144425526,341355.83354489354
100000,100000,0,checkpoint-observed-full-front,af56c22ee9b9477b85cd89a7cc6e0256c561bf3c9007bcacc59c3db2cb9a3f2b,1022.6793953583945,120245.28790490236,309363.86248658644
100000,100000,0,checkpoint-observed-full-front,2131248b237d475915af232c24fdad93b88d5c43a80eebca1e7ee23a2a8ad2f3,995.9679969782247,119952.66799531667,312086.2090973383
100000,100000,0,checkpoint-observed-full-front,7633352d62f44752c13f606d4bdad519e6e1d0281313c8d2d417f28c6ced3c21,1165.469808495356,114774.50252264467,321919.4235244507
100000,100000,0,checkpoint-observed-full-front,3e98c1b1220618b930e3d30a2dc4208e606cc5845d10abcb6f230339c30017d7,795.8366367247914,126064.60144425526,341355.83354489354
100000,100000,0,checkpoint-observed-full-front,eab240198e0fe6f96cab0611a251bfc1f376b42c448ba5492f96bada495c4de6,960.3756607995493,120620.72546106268,310851.2112305371
100000,100000,0,checkpoint-observed-full-front,c87e7a1fbe867ce90967fd838704f447baf27c87ad454d817ae501b5c468f22f,936.1948247036921,120924.3721051891,312842.6421929739
100000,100000,0,checkpoint-observed-full-front,271826a921d55f9cff8d051ffb7ea3ff5ff1627f0d2527eb4d60aa247016bca1,995.9679969782247,120365.46756202578,309692.5815882727
100000,100000,0,checkpoint-observed-full-front,1bc6029488064f3f299b189c72c5c1377143fc74ffbfd398b11019b94f8002b6,960.3756607995493,120620.72546106268,310851.2112305371
100000,100000,0,checkpoint-observed-full-front,52b9ae060c43fbc455fe455fe1026d191c155e1a64eb0b4adbb131175d6eb5ea,960.3756607995493,120620.72546106268,310851.2112305371
100000,100000,0,checkpoint-observed-full-front,3e98c1b1220618b930e3d30a2dc4208e606cc5845d10abcb6f230339c30017d7,795.8366367247914,126064.60144425526,341355.83354489354
100000,100000,0,checkpoint-observed-full-front,2131248b237d475915af232c24fdad93b88d5c43a80eebca1e7ee23a2a8ad2f3,995.9679969782247,119952.66799531667,312086.2090973383
100000,100000,0,checkpoint-observed-full-front,52b9ae060c43fbc455fe455fe1026d191c155e1a64eb0b4adbb131175d6eb5ea,960.3756607995493,120620.72546106268,310851.2112305371
100000,100000,0,checkpoint-observed-full-front,3e98c1b1220618b930e3d30a2dc4208e606cc5845d10abcb6f230339c30017d7,795.8366367247914,126064.60144425526,341355.83354489354
100000,100000,0,checkpoint-observed-full-front,271826a921d55f9cff8d051ffb7ea3ff5ff1627f0d2527eb4d60aa247016bca1,995.9679969782247,120365.46756202578,309692.5815882727
100000,100000,0,checkpoint-observed-full-front,60a48923c96bdaa030121398cfa406dbc23c0b0a28ce8e6f6d511ae4e6f4ccf2,918.1188449091151,120804.7952619475,321538.6332786581
100000,100000,0,checkpoint-observed-full-front,4ae04a5384e1da4169fb8862a3414d0e99d37ece73d0c3253bd9c7515e02b8ee,795.8366367247914,126064.60144425526,341355.83354489354
100000,100000,0,checkpoint-observed-full-front,4446bcff13a6b340e8e89b40343d2b395bab0372c67b2afb9c1b14a42a344ff0,965.0172885826786,120839.56719690247,309588.9073608947
100000,100000,0,checkpoint-observed-full-front,b7ab7cf90706af25dd39ba71cfe77d5a4f8e14bcfff914bf48708254046a09be,795.8366367247914,126064.60144425526,341355.83354489354
100000,100000,0,checkpoint-observed-full-front,16db16da106c78e86cfcd953a38d9876410fb126810b96739c80f4a799018c59,1047.0316355068378,118335.39573924046,343107.0980891642
100000,100000,0,checkpoint-observed-full-front,2f1714be6d62c4ef1c395505da1138b9cbcb063b072648c4224f7a1e4e660d5f,777.0444661171856,126107.9883266089,342497.90812244336
100000,100000,0,checkpoint-observed-full-front,b54a7f70c960842f46f8bc062c35ddc0c4af3f86a416f74a3849f4d1c7da4fa2,795.8366367247914,125987.8556402694,342161.53553915245
100000,100000,0,checkpoint-observed-full-front,62e49c79da6bd19304bbaa904bc7167185f31041e519a7c1ce8dbb4ee6238292,1072.341549036257,117234.71436630041,350519.3719477302
100000,100000,0,checkpoint-observed-full-front,73fff32a48e4c3672e3f195bb90b51a1612f1e23bdf27c2e0149e16e8cedb275,1176.8268966592102,115423.84518870997,317832.74860217585
100000,100000,0,checkpoint-observed-full-front,13fc38431fb56193d1c8e82e2dce561c0ea97972c8a8d7f75a67ce71e5c2924c,1118.6044042901751,116868.91790388996,324719.44631933083
100000,100000,0,checkpoint-observed-full-front,3980f52d84c7c2ef3cf596a87be87e5a3d2f1ad342fa8132ac78226e3b883f45,1111.5483464734164,116529.34936783282,337099.75281246344
100000,100000,0,checkpoint-observed-full-front,fc85b286b8ec1f15122519af6d18f450eb5c395f6cefd2a1f354d8a4dd0adc88,960.3756607995493,120620.72546106268,310851.2112305371
100000,100000,0,checkpoint-observed-full-front,9521b6e9e2f20db1228003bd3cba60c7464a62489041c13ad01882649a44d36d,1120.5972536666848,115657.07894584717,330268.60822911985
100000,100000,0,checkpoint-observed-full-front,2f1714be6d62c4ef1c395505da1138b9cbcb063b072648c4224f7a1e4e660d5f,777.0444661171856,126107.9883266089,342497.90812244336
100000,100000,0,checkpoint-observed-full-front,2b96cd771b8ab171cf8bc981648ab4442bd366820ffff6a711818c12ab4d162e,787.044454475504,126029.84159965474,341952.12029839645
100000,100000,0,checkpoint-observed-full-front,0718a6b25c4bdc1479f00943d1d8ea3f913edd65bdf38c7f6dc1bbffd314f65e,808.5446562121339,125270.1435235935,344321.1198215706
100000,100000,0,checkpoint-observed-full-front,ce1b3e33ef21b1f003ab43722e75743bf62591738926e9f3a44d469af0dd4fca,1140.1235603273656,114999.25286866337,319375.78170542984
100000,100000,0,checkpoint-observed-full-front,2f1714be6d62c4ef1c395505da1138b9cbcb063b072648c4224f7a1e4e660d5f,777.0444661171856,126107.9883266089,342497.90812244336
100000,100000,0,checkpoint-observed-full-front,c2fdad338d2c067a4ae828a3cbc3a2b42f06a6330f265eedd3c770f4e21e4a0f,795.8366367247914,126064.60144425526,341355.83354489354
100000,100000,0,checkpoint-observed-full-front,0718a6b25c4bdc1479f00943d1d8ea3f913edd65bdf38c7f6dc1bbffd314f65e,808.5446562121339,125270.1435235935,344321.1198215706
100000,100000,0,checkpoint-observed-full-front,2f1714be6d62c4ef1c395505da1138b9cbcb063b072648c4224f7a1e4e660d5f,777.0444661171856,126107.9883266089,342497.90812244336
100000,100000,0,checkpoint-observed-full-front,a31cb5bbdbb6d1324e36c9e8ae9cfdc3276b690c8833d388dbff7abe0de2c3ed,960.3756607995493,120620.72546106268,310851.2112305371
100000,100000,0,checkpoint-observed-full-front,2f1714be6d62c4ef1c395505da1138b9cbcb063b072648c4224f7a1e4e660d5f,777.0444661171856,126107.9883266089,342497.90812244336
100000,100000,0,checkpoint-observed-full-front,2ae79f167609af671f70a82a1eb8d99816ce43ed17dbf02a321756f69d06b5a4,1077.7730419279528,118115.87744369273,323426.0818427834
100000,100000,0,checkpoint-observed-full-front,a0f16831889d911c14cfa7e7e70bc3f1b2109437640529f776c7da3fb2fceed7,953.4189121864313,119991.56006217326,322128.2585152314
100000,100000,0,checkpoint-observed-full-front,8804b3f0e4582cf9a0462babf4876493d859a92a8947dcaa2fd78201e7fe9937,808.5446562121339,125657.82044279196,340890.18076632405
100000,100000,0,checkpoint-observed-full-front,8804b3f0e4582cf9a0462babf4876493d859a92a8947dcaa2fd78201e7fe9937,808.5446562121339,125657.82044279196,340890.18076632405
100000,100000,0,checkpoint-observed-full-front,ef649f95fbdadb7912ff500ead4aae696085e0e1583573fcf7a98041b17464bc,795.8366367247914,126064.60144425526,341355.83354489354
100000,100000,0,checkpoint-observed-full-front,9391e9a7b758d7e821ef903f868b185dabb6fb2e7e9328fec5e39f0385f5932a,795.8366367247914,126064.60144425526,341355.83354489354
100000,100000,0,checkpoint-observed-full-front,557933194acb0afd9b79b9ca23d4f82d270100a81672c5dc1af0d69898ce6bda,777.4675072785228,126098.8394059032,342989.33235084836
100000,100000,0,checkpoint-observed-full-front,e856f5115886e0e29dbf284be6082826c3ea3e699f3e6e653b42bf34ce9b9b93,960.3756607995493,120620.72546106268,310851.2112305371
100000,100000,0,checkpoint-observed-full-front,a31cb5bbdbb6d1324e36c9e8ae9cfdc3276b690c8833d388dbff7abe0de2c3ed,960.3756607995493,120620.72546106268,310851.2112305371
100000,100000,0,checkpoint-observed-full-front,f720edbf7e1e161ff87a32438d6ff1b0a56dd760f1a51649ee7683d48d27ac8d,1058.6379974316421,118026.10906015479,333618.88156179246
100000,100000,0,checkpoint-observed-full-front,e1ed1d4bfd27439551d67d7a3971785acc218b3400dcf62bcb23f43637e95207,1059.1649502215907,117387.39563903246,330535.673975116
100000,100000,0,checkpoint-observed-full-front,fb03bc0a692d71af86f4007f7156410550ea62d94045d73796ed7c310ad3f5c3,883.4611123681257,121855.94369973792,337868.7247409882
100000,100000,0,checkpoint-observed-full-front,0050d663f784d840be722df71c3bdd89dfb8e9a74e3e60875fd09dd6972ef73a,959.3216111383007,120161.40491824923,319985.265564639
100000,100000,0,checkpoint-observed-full-front,72a7971452e588c6ca3fc1ba42540f545c4c7d1ad284b6eebce3dd2b99f8feb3,959.8421305025578,120043.27092526923,321473.16444346367
100000,100000,0,checkpoint-observed-full-front,b40b5b1082b3b9d6f4113df3e0e059ea228d943dc40627017a8fc4f89d588eb9,963.1326221340569,119990.19993846572,332806.082822248
100000,100000,0,checkpoint-observed-full-front,0bb33026c7f77ae7e99940a0b4a43d7867e5303dc938745c4c4bab5bc8f79c7f,1193.7092604087154,114475.16693593739,320032.9123023633
100000,100000,0,checkpoint-observed-full-front,e856f5115886e0e29dbf284be6082826c3ea3e699f3e6e653b42bf34ce9b9b93,960.3756607995493,120620.72546106268,310851.2112305371
100000,100000,0,checkpoint-observed-full-front,d3533d17defddd7f4c6de32fe61ca9b31b48eec066d1a2bdabe81f3fab5a4ac6,1033.0780020603956,119421.44697931714,319146.80221588234
100000,100000,0,checkpoint-observed-full-front,7e50df1af8bb6e4745102dc3092af72abc1a505ae4657ac9e5733ae7baa0eb76,959.3216111383007,120161.40491824923,319985.265564639
100000,100000,0,checkpoint-observed-full-front,daeed8d8f15ba1736151dc987726edf2af7f6a48c1f0ac85fef5059dd431e262,973.9142969567484,119712.95591358913,322794.19073813927
100000,100000,0,checkpoint-observed-full-front,3476924daad67be28d54a280f17ddc5c987d512ec59b2df27c79d9a6f68e3c49,1107.2315772260927,116206.08940620054,340132.45540174155
100000,100000,0,checkpoint-observed-full-front,58cfd43cfe293be9f361ed16155c8d61ac2b0574e242b9111760121cfdeb86fa,1119.0860856659326,116405.52126172747,326350.87336284295
100000,100000,0,checkpoint-observed-full-front,1d09eba393033739c9d677dae014bcde546d7cde6a9d99221bc1a4ef7704ae7b,960.3756607995493,120620.72546106268,310851.2112305371
100000,100000,0,checkpoint-observed-full-front,96e775bc605770f3798c41d8b622bd23933b6be4b2cfd745dc0f94fec5f9c35a,936.1948247036921,120924.3721051891,312842.6421929739
100000,100000,0,checkpoint-observed-full-front,990eed674364dba4e91c56a40dcc19b84ffd860f82deccca1c440dd24764ccb3,777.4675072785228,126098.8394059032,342989.33235084836
100000,100000,0,checkpoint-observed-full-front,d670fe3f6eced5e39b12866f2bbc42cfc0dde9617ed43549f61475e1d02439db,1115.470642445857,115728.75848565256,327988.5556584012
100000,100000,0,checkpoint-observed-full-front,1d09eba393033739c9d677dae014bcde546d7cde6a9d99221bc1a4ef7704ae7b,960.3756607995493,120620.72546106268,310851.2112305371
100000,100000,0,checkpoint-observed-full-front,0f46bcb09e852c51871d636f7581c84f6f16c6d3bfa1f59ee6de73369e486a3b,796.7119895903062,125948.19061475268,343561.6774887058
100000,100000,0,checkpoint-observed-full-front,fed4e0a325024e7510216424e77d6e92202bfb308b997e5eb57011155892e0e5,777.4675072785228,126098.8394059032,342989.33235084836
100000,100000,0,checkpoint-observed-full-front,89b070e553487d58932280689ea07f687e476d745c02818c40d1fa1f40281ed2,777.4675072785228,126098.8394059032,342989.33235084836
100000,100000,0,checkpoint-observed-full-front,85e21199c115fe54c619a81172eb6782c82bbfa1f263a80e0fb1ccd834ce5f2f,1077.6690622774365,118024.85354411192,326125.6045223187
100000,100000,0,checkpoint-observed-full-front,1d09eba393033739c9d677dae014bcde546d7cde6a9d99221bc1a4ef7704ae7b,960.3756607995493,120620.72546106268,310851.2112305371
100000,100000,0,checkpoint-observed-full-front,89b070e553487d58932280689ea07f687e476d745c02818c40d1fa1f40281ed2,777.4675072785228,126098.8394059032,342989.33235084836
100000,100000,0,checkpoint-observed-full-front,fed4e0a325024e7510216424e77d6e92202bfb308b997e5eb57011155892e0e5,777.4675072785228,126098.8394059032,342989.33235084836
100000,100000,0,checkpoint-observed-full-front,960e0badb46ce45f0137941b51fbc0e78d319fd6dfe04ee427ca769aa081c084,1190.5049066834476,114860.44822353403,319520.3717313132
100000,100000,0,checkpoint-observed-full-front,e856f5115886e0e29dbf284be6082826c3ea3e699f3e6e653b42bf34ce9b9b93,960.3756607995493,120620.72546106268,310851.2112305371
100000,100000,0,checkpoint-observed-full-front,fc85b286b8ec1f15122519af6d18f450eb5c395f6cefd2a1f354d8a4dd0adc88,960.3756607995493,120620.72546106268,310851.2112305371
100000,100000,0,checkpoint-observed-full-front,eab240198e0fe6f96cab0611a251bfc1f376b42c448ba5492f96bada495c4de6,960.3756607995493,120620.72546106268,310851.2112305371
100000,100000,0,checkpoint-observed-full-front,a69b5700848890859bab1ad647ebb9b4c7e920d28ca8cd1d0aa630d05fd630ba,970.0538562413082,120174.6978325088,315382.7192339626
100000,100000,0,checkpoint-observed-full-front,c48d5792a1ad8070c5c9da1dc79e92c3aa1a948f9614ba36110b170f450ed804,1066.132589060599,117359.75481263074,344461.2410037016
100000,100000,0,checkpoint-observed-full-front,eab240198e0fe6f96cab0611a251bfc1f376b42c448ba5492f96bada495c4de6,960.3756607995493,120620.72546106268,310851.2112305371
100000,100000,0,checkpoint-observed-full-front,1d09eba393033739c9d677dae014bcde546d7cde6a9d99221bc1a4ef7704ae7b,960.3756607995493,120620.72546106268,310851.2112305371
100000,100000,0,checkpoint-observed-full-front,91782f206b2bcb215bb7e9b8233cf27afec55afcaff0f47e5c2c5396b2011b95,1033.3239148460457,119090.56933150359,319064.95072881976
100000,100000,0,checkpoint-observed-full-front,c1a08f77954b75556ecccf2b20417e7c6f1605e33f0db5f96c06cf389b6e55b2,976.2935714887063,119935.19659979473,317606.9394137955
100000,100000,0,checkpoint-observed-full-front,b52306e79cd62dbaa8fd5ab73fbeb41448ae31322453a50ce8d2693424b92b93,888.317375037183,121629.83424579508,325321.28281865857
100000,100000,0,checkpoint-observed-full-front,eab240198e0fe6f96cab0611a251bfc1f376b42c448ba5492f96bada495c4de6,960.3756607995493,120620.72546106268,310851.2112305371
100000,100000,0,checkpoint-observed-full-front,7404d7e4347a168cce089d6ade045ba186acfb3b47cfb69cdd8d9f4321080004,1170.533440366069,114278.26069797436,321165.8792241526
100000,100000,0,checkpoint-observed-full-front,1d09eba393033739c9d677dae014bcde546d7cde6a9d99221bc1a4ef7704ae7b,960.3756607995493,120620.72546106268,310851.2112305371
100000,100000,0,checkpoint-observed-full-front,7c9f0d8e6b14cb487ce5cdc3b66f045053c3d2bc3bdeb0b7686f72f3fd1e488b,777.4675072785228,126098.8394059032,342989.33235084836
100000,100000,0,checkpoint-observed-full-front,6a253a35454eaed133d5b5660b26900f2fb2764e2be0a6740fc49cc2d14752b7,1012.1119549811724,120254.9278357872,309609.4411114652
100000,100000,0,checkpoint-observed-full-front,d12bf0f4a37de1a05971bc181ee74bb2252bb70b484dd62bd44378bdd691b082,1008.3577307672879,119846.81641353,312259.0374255165
100000,100000,0,checkpoint-observed-full-front,2a0fa887066d0603caf4380e928519db8f6e6f5aa54d13a4211f58761924b72f,1152.019508262304,114909.4344358553,319695.34557808307
100000,100000,0,checkpoint-observed-full-front,eab240198e0fe6f96cab0611a251bfc1f376b42c448ba5492f96bada495c4de6,960.3756607995493,120620.72546106268,310851.2112305371
100000,100000,0,checkpoint-observed-full-front,1d09eba393033739c9d677dae014bcde546d7cde6a9d99221bc1a4ef7704ae7b,960.3756607995493,120620.72546106268,310851.2112305371
100000,100000,0,checkpoint-observed-full-front,1d09eba393033739c9d677dae014bcde546d7cde6a9d99221bc1a4ef7704ae7b,960.3756607995493,120620.72546106268,310851.2112305371
100000,100000,0,checkpoint-observed-full-front,fc85b286b8ec1f15122519af6d18f450eb5c395f6cefd2a1f354d8a4dd0adc88,960.3756607995493,120620.72546106268,310851.2112305371
100000,100000,0,checkpoint-observed-full-front,1d09eba393033739c9d677dae014bcde546d7cde6a9d99221bc1a4ef7704ae7b,960.3756607995493,120620.72546106268,310851.2112305371
100000,100000,0,checkpoint-observed-full-front,fed4e0a325024e7510216424e77d6e92202bfb308b997e5eb57011155892e0e5,777.4675072785228,126098.8394059032,342989.33235084836
100000,100000,0,checkpoint-observed-full-front,fc85b286b8ec1f15122519af6d18f450eb5c395f6cefd2a1f354d8a4dd0adc88,960.3756607995493,120620.72546106268,310851.2112305371
100000,100000,0,checkpoint-observed-full-front,eab240198e0fe6f96cab0611a251bfc1f376b42c448ba5492f96bada495c4de6,960.3756607995493,120620.72546106268,310851.2112305371
100000,100000,0,checkpoint-observed-full-front,d17e069414e0712e13ef6a7d457e2358bc3645d630d1c6cc2155f24b473b5b2e,920.8999489512859,121235.76483909192,314961.2366928934
100000,100000,0,checkpoint-observed-full-front,fed4e0a325024e7510216424e77d6e92202bfb308b997e5eb57011155892e0e5,777.4675072785228,126098.8394059032,342989.33235084836
100000,100000,0,checkpoint-observed-full-front,a88a3e440d2f91bc780607e31b3b5f621f4089ea5956feeb76055c31b0c91c62,795.8366367247914,126064.60144425526,341355.83354489354
100000,100000,0,checkpoint-observed-full-front,1d09eba393033739c9d677dae014bcde546d7cde6a9d99221bc1a4ef7704ae7b,960.3756607995493,120620.72546106268,310851.2112305371
100000,100000,0,checkpoint-observed-full-front,1d09eba393033739c9d677dae014bcde546d7cde6a9d99221bc1a4ef7704ae7b,960.3756607995493,120620.72546106268,310851.2112305371
100000,100000,0,checkpoint-observed-full-front,23ebdd41bd65cdf1949e07ecf504be67bef9d32fc83d1533ac80e918abf8f73d,1008.2546496571208,119018.1929466835,319526.00911122595
100000,100000,0,checkpoint-observed-full-front,d18b0aa906e31f7fb5f362e862d823d2346139a2072c867fe08f04d6e8591c5d,1141.9158520413762,115052.1120330173,319328.29131291015
100000,100000,0,checkpoint-observed-full-front,ff22f8a07cd54d166624aabe766d5ea1dc622c35a611253c95d3b46e75b8a451,1129.1307202674102,115715.75000082594,325850.5448674016
100000,100000,0,checkpoint-observed-full-front,1d09eba393033739c9d677dae014bcde546d7cde6a9d99221bc1a4ef7704ae7b,960.3756607995493,120620.72546106268,310851.2112305371
100000,100000,0,checkpoint-observed-full-front,1d09eba393033739c9d677dae014bcde546d7cde6a9d99221bc1a4ef7704ae7b,960.3756607995493,120620.72546106268,310851.2112305371
100000,100000,0,checkpoint-observed-full-front,1d09eba393033739c9d677dae014bcde546d7cde6a9d99221bc1a4ef7704ae7b,960.3756607995493,120620.72546106268,310851.2112305371
100000,100000,0,checkpoint-observed-full-front,fc85b286b8ec1f15122519af6d18f450eb5c395f6cefd2a1f354d8a4dd0adc88,960.3756607995493,120620.72546106268,310851.2112305371
100000,100000,0,checkpoint-observed-full-front,7c9f0d8e6b14cb487ce5cdc3b66f045053c3d2bc3bdeb0b7686f72f3fd1e488b,777.4675072785228,126098.8394059032,342989.33235084836
100000,100000,0,checkpoint-observed-full-front,e619e926abcf6522b4990b919ae42d3277fbd29c9560eff5dc8108a7913f7751,804.6733320523063,125850.0539695466,340865.487602646
100000,100000,0,checkpoint-observed-full-front,d450171e8de3bba1f5edcc92b3105e12261a91e3fd0b7a42d18f09d88a170789,777.4675072785228,126098.8394059032,342989.33235084836
100000,100000,0,checkpoint-observed-full-front,8c32a7b9d8921a77ecbe941773b06a3f031d44a37429eb4f0ea771635eef37f4,1152.019508262304,114909.4344358553,319695.34557808307
100000,100000,0,checkpoint-observed-full-front,1d09eba393033739c9d677dae014bcde546d7cde6a9d99221bc1a4ef7704ae7b,960.3756607995493,120620.72546106268,310851.2112305371
100000,100000,0,checkpoint-observed-full-front,1d09eba393033739c9d677dae014bcde546d7cde6a9d99221bc1a4ef7704ae7b,960.3756607995493,120620.72546106268,310851.2112305371
100000,100000,0,checkpoint-observed-full-front,1d09eba393033739c9d677dae014bcde546d7cde6a9d99221bc1a4ef7704ae7b,960.3756607995493,120620.72546106268,310851.2112305371
100000,100000,0,checkpoint-observed-full-front,fc85b286b8ec1f15122519af6d18f450eb5c395f6cefd2a1f354d8a4dd0adc88,960.3756607995493,120620.72546106268,310851.2112305371
100000,100000,0,checkpoint-observed-full-front,fed4e0a325024e7510216424e77d6e92202bfb308b997e5eb57011155892e0e5,777.4675072785228,126098.8394059032,342989.33235084836
100000,100000,0,checkpoint-observed-full-front,b8308f211c8b1c643096bcb2eb26b46a4cbb3a1a26591e479b6c99212d2cda9b,968.5026209247867,120037.29386734063,317676.24158153706
100000,100000,0,checkpoint-observed-full-front,86de35228d35c2a422d6bbc12c66ae8b09b9c83fc368f0c5679bd6c972f52072,1166.283672628079,114503.12061143894,320567.7001990847
100000,100000,0,checkpoint-observed-full-front,d18b0aa906e31f7fb5f362e862d823d2346139a2072c867fe08f04d6e8591c5d,1141.9158520413762,115052.1120330173,319328.29131291015
100000,100000,0,checkpoint-observed-full-front,1d09eba393033739c9d677dae014bcde546d7cde6a9d99221bc1a4ef7704ae7b,960.3756607995493,120620.72546106268,310851.2112305371
100000,100000,0,checkpoint-observed-full-front,1d09eba393033739c9d677dae014bcde546d7cde6a9d99221bc1a4ef7704ae7b,960.3756607995493,120620.72546106268,310851.2112305371
100000,100000,0,checkpoint-observed-full-front,cf94b1b3848802bb63f3113928ebcdba027d951fce6dd49005e526c995e40996,1015.2653241457849,119920.03449467637,309771.46728519874
100000,100000,0,checkpoint-observed-full-front,4f2d921b90cfd731bafe01ef5713388f7969420ab1a85f1d6d5f3046533661e9,960.3756607995493,120620.72546106268,310851.2112305371
100000,100000,0,checkpoint-observed-full-front,eab240198e0fe6f96cab0611a251bfc1f376b42c448ba5492f96bada495c4de6,960.3756607995493,120620.72546106268,310851.2112305371
100000,100000,0,checkpoint-observed-full-front,7c9f0d8e6b14cb487ce5cdc3b66f045053c3d2bc3bdeb0b7686f72f3fd1e488b,777.4675072785228,126098.8394059032,342989.33235084836
100000,100000,0,checkpoint-observed-full-front,f8ad4209cbb71263e58458e2cbcf56300d23685f6e60b448df9afb759cc86984,1165.0239987983796,114899.29588435896,324002.4615655441
100000,100000,0,checkpoint-observed-full-front,1d09eba393033739c9d677dae014bcde546d7cde6a9d99221bc1a4ef7704ae7b,960.3756607995493,120620.72546106268,310851.2112305371
100000,100000,0,checkpoint-observed-full-front,69f2870a693df4ac7dd17a1df719ffca0b07f0c7891410d0d7351fe4604c0ab9,936.1948247036921,120924.3721051891,312842.6421929739
100000,100000,0,checkpoint-observed-full-front,4dedb6c4c39150e847dafc3213d338a6241f85b2af50317f7cd6cd189f95b92f,986.6601032229426,120080.10987154071,314692.8793016205
100000,100000,0,checkpoint-observed-full-front,4b3e946e30ce5ffc65b7ac455319ddf350f9750eb53321aade3b00422a4b0229,1011.2783239655124,120441.64440299901,309493.74764397286
100000,100000,0,checkpoint-observed-full-front,cf0bcff6e798632398ab98c3b274a5d30b8ca9fd88e04c1d89c8c80f8e695825,960.3756607995493,120620.72546106268,310851.2112305371
100000,100000,0,checkpoint-observed-full-front,0ef0e5ff20ff94b78f9a0f0263b81ebfae5db78856f1f58490810425e60704e5,960.3756607995493,120620.72546106268,310851.2112305371
100000,100000,0,checkpoint-observed-full-front,7c9f0d8e6b14cb487ce5cdc3b66f045053c3d2bc3bdeb0b7686f72f3fd1e488b,777.4675072785228,126098.8394059032,342989.33235084836
100000,100000,0,checkpoint-observed-full-front,c2cab24cc0a60364cbb95685369c1278e6c0f97c93eff402641665f14c5395aa,977.9543386556044,119777.20070793526,318325.9698520291
100000,100000,0,checkpoint-observed-full-front,068c8a4378758848445b2590d8d8aaba157b490434d2963c93b6dbca7d59a69a,943.2767066464961,120638.7286220365,313953.79715417174
100000,100000,0,checkpoint-observed-full-front,0ef0e5ff20ff94b78f9a0f0263b81ebfae5db78856f1f58490810425e60704e5,960.3756607995493,120620.72546106268,310851.2112305371
100000,100000,0,checkpoint-observed-full-front,0ef0e5ff20ff94b78f9a0f0263b81ebfae5db78856f1f58490810425e60704e5,960.3756607995493,120620.72546106268,310851.2112305371
100000,100000,0,checkpoint-observed-full-front,fed4e0a325024e7510216424e77d6e92202bfb308b997e5eb57011155892e0e5,777.4675072785228,126098.8394059032,342989.33235084836
100000,100000,0,checkpoint-observed-full-front,fed4e0a325024e7510216424e77d6e92202bfb308b997e5eb57011155892e0e5,777.4675072785228,126098.8394059032,342989.33235084836
100000,100000,0,checkpoint-observed-full-front,a88b3150a824981fbe1e19c8f016906be9d35a77a834be9468d9117225fe5acc,926.1552158707137,120647.1874548155,312870.02800018794
100000,100000,0,checkpoint-observed-full-front,d18b0aa906e31f7fb5f362e862d823d2346139a2072c867fe08f04d6e8591c5d,1141.9158520413762,115052.1120330173,319328.29131291015
100000,100000,0,checkpoint-observed-full-front,0ef0e5ff20ff94b78f9a0f0263b81ebfae5db78856f1f58490810425e60704e5,960.3756607995493,120620.72546106268,310851.2112305371
100000,100000,0,checkpoint-observed-full-front,81ca34402e56a86bf85758427260a2ada2c847cf3573d0acfb1ecaecc0ecc7ec,802.5756245136085,125671.49942155603,341319.0921633681
100000,100000,0,checkpoint-observed-full-front,fed4e0a325024e7510216424e77d6e92202bfb308b997e5eb57011155892e0e5,777.4675072785228,126098.8394059032,342989.33235084836
100000,100000,0,checkpoint-observed-full-front,7417fab2c18ccc040b44496292e92d63e4e561a2c31d0a74aa1c8acb3c11a67e,921.5745684681543,120677.54851820006,320431.08120566414
100000,100000,0,checkpoint-observed-full-front,0ef0e5ff20ff94b78f9a0f0263b81ebfae5db78856f1f58490810425e60704e5,960.3756607995493,120620.72546106268,310851.2112305371
100000,100000,0,checkpoint-observed-full-front,cf0bcff6e798632398ab98c3b274a5d30b8ca9fd88e04c1d89c8c80f8e695825,960.3756607995493,120620.72546106268,310851.2112305371
100000,100000,0,checkpoint-observed-full-front,fc85b286b8ec1f15122519af6d18f450eb5c395f6cefd2a1f354d8a4dd0adc88,960.3756607995493,120620.72546106268,310851.2112305371
100000,100000,0,checkpoint-observed-full-front,1d09eba393033739c9d677dae014bcde546d7cde6a9d99221bc1a4ef7704ae7b,960.3756607995493,120620.72546106268,310851.2112305371
100000,100000,0,checkpoint-observed-full-front,d18b0aa906e31f7fb5f362e862d823d2346139a2072c867fe08f04d6e8591c5d,1141.9158520413762,115052.1120330173,319328.29131291015
100000,100000,0,checkpoint-observed-full-front,cf0bcff6e798632398ab98c3b274a5d30b8ca9fd88e04c1d89c8c80f8e695825,960.3756607995493,120620.72546106268,310851.2112305371
100000,100000,0,checkpoint-observed-full-front,d18b0aa906e31f7fb5f362e862d823d2346139a2072c867fe08f04d6e8591c5d,1141.9158520413762,115052.1120330173,319328.29131291015
100000,100000,0,checkpoint-observed-full-front,2451e6678e0439d258c91e0e5b541617bfaf072354b9a81242f0d8ccf973c014,960.3756607995493,120620.72546106268,310851.2112305371
100000,100000,0,checkpoint-observed-full-front,cf0bcff6e798632398ab98c3b274a5d30b8ca9fd88e04c1d89c8c80f8e695825,960.3756607995493,120620.72546106268,310851.2112305371
100000,100000,0,checkpoint-observed-full-front,1e98efc2bccb52705c50b821079493a9676771747e76d0b543cc2904db41182b,785.3921627484924,126333.95084956654,341212.2052788796
100000,100000,0,checkpoint-observed-full-front,8e5c5390424c85e6da08db7b5f64968aaec294999eef19069e3c44fdd6fc87e0,897.7539340474099,121445.83871592605,320292.37381054315
100000,100000,0,checkpoint-observed-full-front,eaeba3334d12580771c2ae05e1402b13692bb445845ffea70123950b3447936e,1166.634810381849,114767.54466206812,319873.25341217814
100000,100000,0,checkpoint-observed-full-front,2451e6678e0439d258c91e0e5b541617bfaf072354b9a81242f0d8ccf973c014,960.3756607995493,120620.72546106268,310851.2112305371
100000,100000,0,checkpoint-observed-full-front,24432e46edcdde305c9608060e70fe1b975d11e47f16f12ff09ee9d656248c04,936.1948247036921,120924.3721051891,312842.6421929739
100000,100000,0,checkpoint-observed-full-front,0a6b01da7356884727b727eecf072cec807a364c3c9fba6a64e7353f2728b2e8,994.4977755330317,120057.3025148587,315834.0214004732
100000,100000,0,checkpoint-observed-full-front,a14c205f7791e82ae424c937d37e6c26156905fbb7ae2ee3c751f329f41a1615,1137.2109315247137,115455.50275854197,322344.252182882
100000,100000,0,checkpoint-observed-full-front,c9f1a733b22b127b9ab33a829e73b84c0be3274168088fb6d817f653cf81a25d,955.7342324520288,120883.4652570837,310600.42635762296
100000,100000,0,checkpoint-observed-full-front,fc85b286b8ec1f15122519af6d18f450eb5c395f6cefd2a1f354d8a4dd0adc88,960.3756607995493,120620.72546106268,310851.2112305371
100000,100000,0,checkpoint-observed-full-front,cf0bcff6e798632398ab98c3b274a5d30b8ca9fd88e04c1d89c8c80f8e695825,960.3756607995493,120620.72546106268,310851.2112305371
100000,100000,0,checkpoint-observed-full-front,5a57a5b9e2c05a889f138dfa793a17898496d568ed736ada5f4741e92c40e6c5,1038.8209019762153,118473.26673772698,320189.7088255618
100000,100000,0,checkpoint-observed-full-front,eaeba3334d12580771c2ae05e1402b13692bb445845ffea70123950b3447936e,1166.634810381849,114767.54466206812,319873.25341217814
100000,100000,0,checkpoint-observed-full-front,cf0bcff6e798632398ab98c3b274a5d30b8ca9fd88e04c1d89c8c80f8e695825,960.3756607995493,120620.72546106268,310851.2112305371
100000,100000,0,checkpoint-observed-full-front,eab240198e0fe6f96cab0611a251bfc1f376b42c448ba5492f96bada495c4de6,960.3756607995493,120620.72546106268,310851.2112305371
100000,100000,0,checkpoint-observed-full-front,cf0bcff6e798632398ab98c3b274a5d30b8ca9fd88e04c1d89c8c80f8e695825,960.3756607995493,120620.72546106268,310851.2112305371
100000,100000,0,checkpoint-observed-full-front,fed4e0a325024e7510216424e77d6e92202bfb308b997e5eb57011155892e0e5,777.4675072785228,126098.8394059032,342989.33235084836
100000,100000,0,checkpoint-observed-full-front,3e98c1b1220618b930e3d30a2dc4208e606cc5845d10abcb6f230339c30017d7,795.8366367247914,126064.60144425526,341355.83354489354
100000,100000,0,checkpoint-observed-full-front,96f54827f464b34de5b148498265b46ca6077f155fd60935cbea8a6fdb14864b,1073.128751230272,117631.81107040448,326636.01221167116
100000,100000,0,checkpoint-observed-full-front,b9c9b7fc660377fd036aa63123a30d7dc12c67ff6c676238ea729792e01f51bd,1114.6271266011247,116165.0383159227,331034.7534297111
100000,100000,0,checkpoint-observed-full-front,edccc633ee7f39d2f7256179514fcdb93958a3bcc5700a71cd1363328d63f7e6,969.1650397164912,118971.09515578876,328028.803904218
100000,100000,0,checkpoint-observed-full-front,7a5c91e05f5131c1ce3f70355383edde7c5f51f6ae9e0ffc51edffcaf2ca65a8,1100.3141131862933,116753.77323202782,339515.48241604795
100000,100000,0,checkpoint-observed-full-front,c90f6f11d6b9656481c402f3213dd1af5e45c7a67671ff188eaa0ece77b487e9,1155.689161685462,117907.72872438931,316695.4198395145
100000,100000,0,checkpoint-observed-full-front,e93ce3af5250e26b13844a462e33663db1cfab94e665a48065b14c0b8aef99ec,1123.3869437184292,116065.66169061777,325644.3446946058
100000,100000,0,checkpoint-observed-full-front,fed4e0a325024e7510216424e77d6e92202bfb308b997e5eb57011155892e0e5,777.4675072785228,126098.8394059032,342989.33235084836
100000,100000,0,checkpoint-observed-full-front,fed4e0a325024e7510216424e77d6e92202bfb308b997e5eb57011155892e0e5,777.4675072785228,126098.8394059032,342989.33235084836
100000,100000,0,checkpoint-observed-full-front,987da1ee588d951b2e797b3df993afcc2d5c1debbdf1ace9435ee5397cfc7888,955.0383931002025,121334.85330297178,311210.68480065634
100000,100000,0,checkpoint-observed-full-front,fed4e0a325024e7510216424e77d6e92202bfb308b997e5eb57011155892e0e5,777.4675072785228,126098.8394059032,342989.33235084836
100000,100000,0,checkpoint-observed-full-front,16b1a9b534fbb01baa226b6ce8ebc31ea9f4204dca1f5939b84e61a6189dbf20,789.8505843703268,126016.36221490531,341574.15718482656
100000,100000,0,checkpoint-observed-full-front,cf0bcff6e798632398ab98c3b274a5d30b8ca9fd88e04c1d89c8c80f8e695825,960.3756607995493,120620.72546106268,310851.2112305371
100000,100000,0,checkpoint-observed-full-front,fc85b286b8ec1f15122519af6d18f450eb5c395f6cefd2a1f354d8a4dd0adc88,960.3756607995493,120620.72546106268,310851.2112305371
100000,100000,0,checkpoint-observed-full-front,fc85b286b8ec1f15122519af6d18f450eb5c395f6cefd2a1f354d8a4dd0adc88,960.3756607995493,120620.72546106268,310851.2112305371
100000,100000,0,checkpoint-observed-full-front,1d09eba393033739c9d677dae014bcde546d7cde6a9d99221bc1a4ef7704ae7b,960.3756607995493,120620.72546106268,310851.2112305371
100000,100000,0,checkpoint-observed-full-front,fed4e0a325024e7510216424e77d6e92202bfb308b997e5eb57011155892e0e5,777.4675072785228,126098.8394059032,342989.33235084836
100000,100000,0,checkpoint-observed-full-front,3e98c1b1220618b930e3d30a2dc4208e606cc5845d10abcb6f230339c30017d7,795.8366367247914,126064.60144425526,341355.83354489354
100000,100000,0,checkpoint-observed-full-front,8031f2073cf3ed0687ad5d857fac71d04b757368e59f78014a5fc74138986e8f,886.0917933893752,121870.90885124073,328622.73996471363
100000,100000,0,checkpoint-observed-full-front,fc85b286b8ec1f15122519af6d18f450eb5c395f6cefd2a1f354d8a4dd0adc88,960.3756607995493,120620.72546106268,310851.2112305371
100000,100000,0,checkpoint-observed-full-front,cf0bcff6e798632398ab98c3b274a5d30b8ca9fd88e04c1d89c8c80f8e695825,960.3756607995493,120620.72546106268,310851.2112305371
100000,100000,0,checkpoint-observed-full-front,fed4e0a325024e7510216424e77d6e92202bfb308b997e5eb57011155892e0e5,777.4675072785228,126098.8394059032,342989.33235084836
100000,100000,0,checkpoint-observed-full-front,b54a7f70c960842f46f8bc062c35ddc0c4af3f86a416f74a3849f4d1c7da4fa2,795.8366367247914,125987.8556402694,342161.53553915245
100000,100000,0,checkpoint-observed-full-front,b68fb3f5d99f068b726c15b0b4be63424406bf35479e80052215e8a5703c1000,946.2160830819835,120555.24721359744,311878.9622097833
100000,100000,0,checkpoint-observed-full-front,cf0bcff6e798632398ab98c3b274a5d30b8ca9fd88e04c1d89c8c80f8e695825,960.3756607995493,120620.72546106268,310851.2112305371
100000,100000,0,checkpoint-observed-full-front,fed4e0a325024e7510216424e77d6e92202bfb308b997e5eb57011155892e0e5,777.4675072785228,126098.8394059032,342989.33235084836
100000,100000,0,checkpoint-observed-full-front,2532e4c02197c4a7009966aa7efe6fbf3a9900a098968726bbedd6d21375fc35,946.2160830819835,120298.10643050843,312363.37348835764
100000,100000,0,checkpoint-observed-full-front,d8d4a655a357a9f64f50d100b9d1186764edf844b52882d161d21f3b97b689f6,967.0781747460157,119979.23566330873,319159.054055379
100000,100000,0,checkpoint-observed-full-front,2d19c75e0074a04a96cd0baa8079f8f32770970bfca65cde1bc6e1b050872485,931.1786292849968,120111.85190524597,329295.7171859857
100000,100000,0,checkpoint-observed-full-front,1340ae439b751521189a44afa9b6c5a7edf7cd2971a8e639238f9efaab43791b,984.3610643926596,119493.17992080477,327663.8004307072
100000,100000,0,checkpoint-observed-full-front,cf0bcff6e798632398ab98c3b274a5d30b8ca9fd88e04c1d89c8c80f8e695825,960.3756607995493,120620.72546106268,310851.2112305371
100000,100000,0,checkpoint-observed-full-front,fc85b286b8ec1f15122519af6d18f450eb5c395f6cefd2a1f354d8a4dd0adc88,960.3756607995493,120620.72546106268,310851.2112305371
100000,100000,0,checkpoint-observed-full-front,fed4e0a325024e7510216424e77d6e92202bfb308b997e5eb57011155892e0e5,777.4675072785228,126098.8394059032,342989.33235084836
100000,100000,0,checkpoint-observed-full-front,5e4bb636a1da0392902947b0c42c9e646df747967e9ef4faa49f6e124511d75e,1013.9408700774073,120419.22854647713,309233.9820087994
100000,100000,0,checkpoint-observed-full-front,2451e6678e0439d258c91e0e5b541617bfaf072354b9a81242f0d8ccf973c014,960.3756607995493,120620.72546106268,310851.2112305371
100000,100000,0,checkpoint-observed-full-front,3e98c1b1220618b930e3d30a2dc4208e606cc5845d10abcb6f230339c30017d7,795.8366367247914,126064.60144425526,341355.83354489354
100000,100000,0,checkpoint-observed-full-front,510375522deb9fae4b6d7294fa39e6423505df7d19e5a6002ae7b95786342f75,946.7352166039511,120148.06214902957,324884.1488842639
100000,100000,0,checkpoint-observed-full-front,e839d8bd9bc16502de85f286753600483f48eddde7010b804737975e8d231983,980.9281935277047,119522.67554663205,322834.91370700893
100000,100000,0,checkpoint-observed-full-front,fed4e0a325024e7510216424e77d6e92202bfb308b997e5eb57011155892e0e5,777.4675072785228,126098.8394059032,342989.33235084836
100000,100000,0,checkpoint-observed-full-front,b54a7f70c960842f46f8bc062c35ddc0c4af3f86a416f74a3849f4d1c7da4fa2,795.8366367247914,125987.8556402694,342161.53553915245
100000,100000,0,checkpoint-observed-full-front,0e5d75dff562ab7445c959b62f0bd12def7575a08d42ec44205e2e95babe0b5e,1136.955233707848,115938.5306463571,324547.1523914668
100000,100000,0,checkpoint-observed-full-front,b54a7f70c960842f46f8bc062c35ddc0c4af3f86a416f74a3849f4d1c7da4fa2,795.8366367247914,125987.8556402694,342161.53553915245
100000,100000,0,checkpoint-observed-full-front,cdd577b553f05258d0de84de7f40ee31adadc926c7d78744f6514439ebb5df78,1125.0600191649055,115778.17485463156,327619.5324311673
100000,100000,0,checkpoint-observed-full-front,910ced8f82c98cc1124bc4f2d966e6d2e081c77696d5346dfac1a3a7aabbb3f3,1013.6892991286505,118928.75413093274,343483.2642829603
150000,150000,0,checkpoint-decision-front,11eacea27348113c36e6aae830e0672fd90c73b49e9327971b2c2b39d02eb368,846.1423714231302,122988.00494740737,328802.3233755737
150000,150000,0,checkpoint-decision-front,d55ef7dce058895b656ae1445c5bba8d0744b3b9042c5633199b233592df8f0a,820.2860115999781,124319.83630842454,326151.96963183495
150000,150000,0,checkpoint-decision-front,37dced303887489ef809c4e8b035121d5f56003301e90e1dc547ee48ec2da3da,845.1130126989311,123344.06870452702,327456.0169817861
150000,150000,0,checkpoint-decision-front,b170574ab45cca63b9ef3cbc98a92f807e6354e604002856121c3193605beda3,845.9426294842576,123946.3301249405,327250.7656645685
150000,150000,0,checkpoint-decision-front,18ea2c7faf38bfb67b49df50b226f95439937433b98fd0ac408c0022b192351d,847.2230472919304,124400.11518523272,322116.04603736603
150000,150000,0,checkpoint-decision-front,fc4c82a2fb9fc5d79883404cae79ad1f84f47c68c0875a29d09d3bffd7558ef0,838.3002892645464,124228.85726217329,328251.3723305439
150000,150000,0,checkpoint-decision-front,2519961a2ce9e9c356daeb76a3bee54fa87691e128fd20f2fc3c415b13fbf317,864.5876538059971,123236.33598582944,322358.0116035674
150000,150000,0,checkpoint-decision-front,cb0031f2a45363029601259e8e6e7a42f6acd8edf9d327964f85e1d97c9ca242,875.2042820040941,122164.63323655693,339864.6484908527
150000,150000,0,checkpoint-decision-front,f08f4b1f02a54eba61840f40ead7f7e7f6d026edb8b58b5f6b88d22faa47dd27,811.8243837157182,125267.72181389021,352285.8028916463
150000,150000,0,checkpoint-decision-front,0d26942b94fb138d61cda16f5af4730d9bb1f7e6f0f5f38f7c57f58d7a0dc390,1038.7152963072626,119210.10485377084,314310.1305818429
150000,150000,0,checkpoint-decision-front,fe2cea9afc6162f6aabf0e31dbf856e53bb308aee03786abf659c995e90a4ab9,770.0258028844087,127238.48735599342,335518.8277366394
150000,150000,0,checkpoint-decision-front,85e098b2d9bcd9de631e2b236b9a5cac7c799bf747aedf05d59245614906254c,1013.1054368468061,119667.7288273066,311324.0627500222
150000,150000,0,checkpoint-decision-front,d0c7c942f3c4760694d775de302b486eb0e20a689a530bb8b341a4390ccb68b6,824.3748435552521,123823.22352173753,334002.43006057054
150000,150000,0,checkpoint-decision-front,2e049a5f485b832535fef9ee048af32b127530cfa4507fd22cf318105495978c,799.2018352806693,125580.02406431381,346818.08123237046
150000,150000,0,checkpoint-decision-front,198a08cec93746ab5195dc006c3194d7bab3aa6d341a46a272f926ca44096104,841.3614928784793,123081.03412205342,331686.39879220736
150000,150000,0,checkpoint-decision-front,59248d7cf4bf16adc01076dfe9109521ea9845dcc7b7b866eea700cdf59e280d,789.8947067747436,126601.24259437706,338276.89382428967
150000,150000,0,checkpoint-decision-front,4c8ca4f0423da52a27999dfdf813581072ff9543afef39560a85bdd776be3c37,840.6509675939012,122366.67920845843,332072.22687555454
150000,150000,0,checkpoint-decision-front,6d5d88843f2657477eff27e84e287687eff4789e2e7791ddf33a23d7ee17c3bf,831.2472134368367,123364.3885667651,332799.04031737393
150000,150000,0,checkpoint-decision-front,690045199912d0a9be5d44ea4b8f14dd41868ae0e13660c3ef7dcf55077baf57,855.7293063420083,122755.95303293376,326124.14726287243
150000,150000,0,checkpoint-decision-front,010052dd3b42bdd7fb547a3819e250d57c9f6bec70b8577c5808ac46e4294c70,840.0140138624771,123055.79920157437,333812.25671611377
150000,150000,0,checkpoint-decision-front,405ee03a66b43ed685f22f41754228a19c0c78ad48bb00909703dca530e00f9e,856.3800718233576,122168.78371278816,329448.71772173705
150000,150000,0,checkpoint-decision-front,84f9c92292ccf8fd983723af7d06ddde9a18380482c24e6e6d5a023f1865cf8d,828.1552479665279,123302.96772659893,333293.1237744675
150000,150000,0,checkpoint-decision-front,048719600e6a4279c9c06d769a3e6caba0d93de31c3f65b4a72ea67a08f85f8a,835.8406323415234,123275.79987369812,328776.67418046744
150000,150000,0,checkpoint-decision-front,680919af5713d0872a1fb8239c4af49107480b713f23807726e035060a552258,823.6511657286703,124031.77746683569,333993.81631638337
150000,150000,0,checkpoint-decision-front,d7ff5e9cf98100a2541441d173a651b3756ac24895cb06918570decec346e07d,769.1588166187895,127036.76502490704,343887.0631006956
150000,150000,0,checkpoint-decision-front,8277d1a9315770dd752765488b8690511951473d79f5604ee642761968de8fc6,821.676004434286,124098.08573132262,329923.325390531
150000,150000,0,checkpoint-decision-front,be297cda41f4465a993b8b5b4d808205855b9a622e921a84686e91e022a1f59f,814.701623847504,124118.64353655322,331212.4186159358
150000,150000,0,checkpoint-decision-front,e6a03c7e0500f404d47edc42f6a2f61483d8e7b13c9d7b9b68afafe9f80a43f0,790.2659242043073,126344.81509731903,339045.2189908499
150000,150000,0,checkpoint-decision-front,8059936a3688c8e979d3ea9f6a0e6fa0aa9332acda618a1248937d2af6804240,785.471306232813,126135.45468875467,339957.0352379269
150000,150000,0,checkpoint-decision-front,66b19917995afd0ed05a9c8999a443a40e484731bf5695cacc79a6cbc949962a,856.5757595173757,122396.79208696814,323857.67518564966
150000,150000,0,checkpoint-decision-front,d2e3f62d350e7a6515a27aef42f007f6f807640fb462b774ffde29d171e94c75,846.0400537112941,123208.19726679527,329322.9187492308
150000,150000,0,checkpoint-decision-front,6e8727771a7368736204a0ba23c5543f8892893a6fe4333f861f2045b7946072,785.471306232813,126219.99993643876,339370.1004900553
150000,150000,0,checkpoint-decision-front,e1cc75816d73bda4df1a78e640316102681e7ed9cf97d00ee05b20c5354582cf,877.6994505580597,122351.43946510169,324120.3232516686
150000,150000,0,checkpoint-decision-front,2bac17b42239b53a67c53069da5cda0cef840e0819451204594c1588e595878e,872.8300708776565,122170.0002902903,324776.2769393706
150000,150000,0,checkpoint-decision-front,0b9186cf3825fda532b52cde68ec690968381812c25f96a2d463d6159e0a53dc,824.4515275308349,124195.33607809606,329574.84141198406
150000,150000,0,checkpoint-decision-front,8812d4010a8271034622b155532033f891d09c18087c00982e0ae34ce95e9b45,867.0243340008395,122265.79737425552,328263.9067649616
150000,150000,0,checkpoint-decision-front,13321001cccda3037526709c257001c169ebccaa0bc7d129a46634e1fd47fc78,846.2425180574845,122929.76969536925,323787.41739696334
150000,150000,0,checkpoint-decision-front,e4fb714f67f2648eaed242ff8445c71867a2d720ed13029548cb83a46e0df29c,905.7815539975153,121945.72582081496,312160.5429663112
150000,150000,0,checkpoint-decision-front,89e761360d7d30e09384f02dba131349dc7ca87602aeea2e257ebfed1497e1f0,780.2889333147518,126903.81981035726,335937.20807110274
150000,150000,0,checkpoint-decision-front,463e2fe7539bbfe836ac3671730b9c71d8c18a2f1ee5877876750bcdc82fb269,848.1014226384868,122625.53048413855,329328.71104128467
150000,150000,0,checkpoint-decision-front,cbcc17af64215643f7688c3f3b6c46227d9bb3f2c4a17e9ce86538f98561d026,902.5819897531019,122146.18116383455,313775.62256049283
150000,150000,0,checkpoint-decision-front,397374f3cde515f2e71887ce25dbb5147d55cbd5b440c7755dd957e8bb85ef73,813.54707826275,125566.67245885919,338789.5534271272
150000,150000,0,checkpoint-decision-front,6f6f1a29e2ded52286cb18b12d462b7d89b3a9837e684999a4559dcab70c2486,797.8128632088759,125677.65834225733,341315.55466576177
150000,150000,0,checkpoint-decision-front,2f1714be6d62c4ef1c395505da1138b9cbcb063b072648c4224f7a1e4e660d5f,777.0444661171856,126107.9883266089,342497.90812244336
150000,150000,0,checkpoint-decision-front,0718a6b25c4bdc1479f00943d1d8ea3f913edd65bdf38c7f6dc1bbffd314f65e,808.5446562121339,125270.1435235935,344321.1198215706
150000,150000,0,checkpoint-decision-front,ce1b3e33ef21b1f003ab43722e75743bf62591738926e9f3a44d469af0dd4fca,1140.1235603273656,114999.25286866337,319375.78170542984
150000,150000,0,checkpoint-decision-front,e1ed1d4bfd27439551d67d7a3971785acc218b3400dcf62bcb23f43637e95207,1059.1649502215907,117387.39563903246,330535.673975116
150000,150000,0,checkpoint-decision-front,d670fe3f6eced5e39b12866f2bbc42cfc0dde9617ed43549f61475e1d02439db,1115.470642445857,115728.75848565256,327988.5556584012
150000,150000,0,checkpoint-decision-front,85e21199c115fe54c619a81172eb6782c82bbfa1f263a80e0fb1ccd834ce5f2f,1077.6690622774365,118024.85354411192,326125.6045223187
150000,150000,0,checkpoint-decision-front,23ebdd41bd65cdf1949e07ecf504be67bef9d32fc83d1533ac80e918abf8f73d,1008.2546496571208,119018.1929466835,319526.00911122595
150000,150000,0,checkpoint-decision-front,d18b0aa906e31f7fb5f362e862d823d2346139a2072c867fe08f04d6e8591c5d,1141.9158520413762,115052.1120330173,319328.29131291015
150000,150000,0,checkpoint-decision-front,5a57a5b9e2c05a889f138dfa793a17898496d568ed736ada5f4741e92c40e6c5,1038.8209019762153,118473.26673772698,320189.7088255618
150000,150000,0,checkpoint-decision-front,96f54827f464b34de5b148498265b46ca6077f155fd60935cbea8a6fdb14864b,1073.128751230272,117631.81107040448,326636.01221167116
150000,150000,0,checkpoint-decision-front,edccc633ee7f39d2f7256179514fcdb93958a3bcc5700a71cd1363328d63f7e6,969.1650397164912,118971.09515578876,328028.803904218
150000,150000,0,checkpoint-decision-front,16b1a9b534fbb01baa226b6ce8ebc31ea9f4204dca1f5939b84e61a6189dbf20,789.8505843703268,126016.36221490531,341574.15718482656
150000,150000,0,checkpoint-decision-front,48882c0c9309f957645fbd43565af3655e4c52e4ee01ecf132ddfa3e23590859,1098.2226683558426,116612.76064024921,328888.28976531536
150000,150000,0,checkpoint-decision-front,fb0ec46e4d17776371ca47163d8b89ac1d5738d26a77a36ee142ad7ba7c2b26e,802.5756245136085,125647.62906876166,338058.58701622917
150000,150000,0,checkpoint-decision-front,f9eea8a2721b7d2277a798f9cce3cdd73c20b5b5231885b46a9b8a38769352cd,1098.2226683558426,116517.89108581012,329695.554041498
150000,150000,0,checkpoint-decision-front,d0e4e3238028870c574e573edee4382d0b5467626bbe7f2b0fbf8bf9ca51cc10,795.8366367247914,125834.6887803071,340572.7233643037
150000,150000,0,checkpoint-decision-front,ff51da1906e6c77e81026d3b01c8754fc345af045124338345c6375b35eef45b,1076.6920661461943,118064.29636007678,319603.7971356277
150000,150000,0,checkpoint-decision-front,115e929fd9e4c51483d31b7f1aa2a5d7384ac0a0a1918c53752a05bd4d729708,1140.8440294891066,114821.94256585103,319499.08126967156
150000,150000,0,checkpoint-decision-front,04f9f44d88d7b51ded09cfefab56ecfbeb15a47adfa7c68b9a62c1309947e0f8,1087.3830978318558,118258.59345291823,319548.6556273775
150000,150000,0,checkpoint-decision-front,c6326d8cff9f6b153f387d5877a8aa68c3a0609db0a6d8244aa269762934df55,777.0444661171856,126518.94048903759,340475.86718921317
150000,150000,0,checkpoint-decision-front,890013d1eabac45c63ae43b4c7a751771d36a5198cfe95407eadaf45715946aa,1007.5500506518603,117710.33161091944,333435.8675314961
150000,150000,0,checkpoint-decision-front,8a329b0dda19d937466c861ba6f501f3e51c0d4f57efcb085793028f1d8625aa,1035.735551220118,117302.15369641877,334422.3863756919
150000,150000,0,checkpoint-decision-front,4f84618d7a10767427c5b9954c14105f0574ebff3b2379ed8ec99ef093609b88,769.0664179985137,127932.48698752247,345161.973221172
150000,150000,0,checkpoint-decision-front,dddee8225cfc64f62dd7e2e51bfb59d9a3492d477e1cecbffaacf0b1144420b9,1015.8927807608511,117900.07685780898,328364.78782063094
150000,150000,0,checkpoint-decision-front,477becd526b410b8c40d067f74e95c0e472ee29c277467f2a72b4817ee7744d4,1049.8043891059108,117790.16493564192,327626.22673702554
150000,150000,0,checkpoint-decision-front,5390920e0f20787b96e1d0ab676b48f2f301e9f4d8f66cf8d3011d79e5f79f57,888.8833136242033,121200.16933999721,324749.83417032403
150000,150000,0,checkpoint-decision-front,e457b5bf9da9c001c9a37d1dd5b387addada760b0fcb254196c31ad7a0ed51e7,1031.8010969109862,119008.78870491334,315766.75774146116
150000,150000,0,checkpoint-decision-front,11dd9610bca5051d055b4161e491517ba357ec7362542e59e507f0afad98cb4d,997.602591951109,119092.50136245706,317426.65949937125
150000,150000,0,checkpoint-decision-front,7ea06cb009201d566889f791ff5e207b1b50dd1045f9824c6fdaeeb024195b96,784.1134737053067,125725.11844795887,343293.8855415138
150000,150000,0,checkpoint-decision-front,1fe0853a9314ca8f438753df25de152b3e40db034436176238dce65463688013,1103.7566303570563,115897.78429134074,325944.8956823412
150000,150000,0,checkpoint-decision-front,67bee07d4ecd71700641af86a03b8325c11638ccb73f2c4f9de4a2d903ecdf25,1056.880910079056,117627.68119022809,327163.0359641973
150000,150000,0,checkpoint-decision-front,074328bca6be8a390cae205d0d0eec5fd68998f38bb4500a1664f9c340277fcf,1080.350063384704,116835.70121033146,328335.8241349199
150000,150000,0,checkpoint-decision-front,b304f36894a39e458363ea2a33f60d487ef05dc83c632569ab95b398d8bda47c,1069.6549850085894,116845.0163663158,332797.6583636445
150000,150000,0,checkpoint-decision-front,8f7ab855b27ace41c7be16858699fc83a9d7769b22829013ab6211622e749cc6,1032.982220003017,117359.24539666148,332866.89862040087
150000,150000,0,checkpoint-decision-front,e15bcda9a4ca5a44e2107c80b3340b6e3731500db6bb6a85ff84cb94f4fa74ea,912.6047537789784,120786.98893060212,318363.8424247897
150000,150000,0,checkpoint-decision-front,a7550999315f630aafcd9eed2c537df00aaf3840d4779c884240c5bce4b75696,1164.359121876369,114813.19682878393,317767.5050874994
150000,150000,0,checkpoint-decision-front,4cfb2bdc1d712e96dfd35491aeb9bc48701526f4cb54fdc53b85b2119d8007dc,1144.5369829947808,114775.32894616068,318780.1685868167
150000,150000,0,checkpoint-decision-front,f5710874edf15f975d92223bfc30ff78d7b259548f587c59f8a2e693a05e502a,1086.4120148648403,116714.526956123,320662.9134755591
150000,150000,0,checkpoint-decision-front,125e7798e6f28470d48e338b102d7246f9160656c112a005782d2b895445c263,777.0444661171856,126229.68138423045,340599.88320490136
150000,150000,0,checkpoint-decision-front,b1714a2dcf1493164891f93b74f42f601a5207c4b5674f62833ff0a10af2eda7,968.1436959270966,119540.13146539075,321610.05409409467
150000,150000,0,checkpoint-decision-front,672bb95fef98e95555af12d07402fceec5954cea1595c2a46b04e9fa9f601c37,1066.6151960291156,118170.46796516818,325569.78747372836
150000,150000,0,checkpoint-decision-front,e705efeb0ce6587f9d898164e852068f6c80d3fa16237036b0b91e2e489ac588,1118.2513641965095,115968.90485612313,319002.52400098694
150000,150000,0,checkpoint-decision-front,299212f6d9705788d9b60e9d902a7ba42ea5f7078617edc0c25a4a549919d598,780.9123992437926,126212.95826283134,339574.7057504932
150000,150000,0,checkpoint-decision-front,88bfc3949a8dfd150fdce79392108d3698dcf4279bc54e48038212a16e80796e,1204.8589648297832,114596.03249111894,315170.8541967645
150000,150000,0,checkpoint-decision-front,f0c092d5f84f047e79270588ffa1ab6fa97a9722e542c612f057389ce180ce18,800.8730818399692,125646.73081927124,343693.01106828614
150000,150000,0,checkpoint-decision-front,69bf79e3115263579c67308574e722a34d9eec3ba3ddc183a753a4655930446b,777.4675072785228,125791.03686241426,343080.44347696914
150000,150000,0,checkpoint-decision-front,42280e9d1b708586424882d95268f2b344ffcf8d7d6d0f52c2d884ae06eb2955,1194.4848151743386,113893.93410542319,318037.66813679587
150000,150000,0,checkpoint-decision-front,7b57f192a54393348abf05aa48ebb055994a0059eb13c9842a3d0629ed81a8e8,783.9674907579811,126122.68514067492,340393.36060277023
150000,150000,0,checkpoint-decision-front,10b4f5b43f0bae17c3453a75108b35436d897c9143d9dc9fa511ee999e4ae63b,1166.3516401866684,115120.29410461179,315965.91391354275
150000,150000,0,checkpoint-decision-front,8167594bc11fc3cc1adfeefe74748054d5a57c782d06ee26ae260b59a824f9a6,789.963352963823,126074.77504688867,341055.4440493381
150000,150000,0,checkpoint-decision-front,f556c7c90a990f8cc0c8e4cd4ca5aca369efd92ed90e16afe96d17fcdc18a4b9,772.3994341271907,126862.00808224446,346701.7992654963
150000,150000,0,checkpoint-decision-front,f03346292098dab822791eee0cd2d047ae988a4cdd1dc55c6a281f76ede281fd,1056.9156002214957,116972.44855163539,338631.3290930198
150000,150000,0,checkpoint-decision-front,b0c9d7cb998701a1172f35af5aec5dce4d76ee3b8cfb41f7f7ba479ae4c82b5b,1189.494821981617,115065.6512832676,316417.2518024884
150000,150000,0,checkpoint-decision-front,e6241f4affba8f0cfff0e8fc289e172b4a7ea5b60f91771269302c845525c556,960.3756607995493,120283.21906386048,309518.8877062099
150000,150000,0,checkpoint-decision-front,74c90f02ceae2e26d9c1f7e3e470d959fd324f3932ffbca821f2c2daf945e9ab,943.0100993467497,119350.64060923102,329730.12655340286
150000,150000,0,checkpoint-decision-front,5c9d88894cd8511f7913bb022442f492706d4434825ed8b91a8f29162b2d2997,990.0029787834214,119473.03877508982,324899.66793042654
150000,150000,0,checkpoint-decision-front,489d8c7f530b5b37c25d0467986e9575471f4649061844c20e6e471d51a0d8e1,1008.3901558550165,119016.34913745517,318874.2442991899
150000,150000,0,checkpoint-decision-front,d20798f97952849fa2ee13da6298e655d73be467dd7b1f9a5e3be8430317497d,976.3703501047348,119121.2179410054,326178.0838494834
150000,150000,0,checkpoint-decision-front,fa292ae14c6f52604fd4d1bc556558df33a641dffa3d769f4c1f8252c54ca138,1010.8380562896757,118943.41798248529,318808.5737047569
150000,150000,0,checkpoint-decision-front,9e0fc253f93fd54c7ca6c18146d99701128ea086a8a4f6e124aa70984933e8f0,954.7339008582106,119681.84294794899,323332.37650767516
150000,150000,0,checkpoint-decision-front,0a44078d6f5885f1698c478c5e636e21fac59b176017cfb886ace3a1977968db,961.6049255552628,119806.52808008416,319528.7875313775
150000,150000,0,checkpoint-decision-front,c74a42019849a245a7ea634436924f3d40dedf1eb718f77d2a24c2aae1ff992b,883.9967308421121,122000.6165382497,317682.41148065124
150000,150000,0,checkpoint-decision-front,9af1c50ebb264a1c0f2c1f0c32a750a691c88e2fb433ee85c229a3a8f91cac59,886.5856911219847,121596.76119621367,321609.50482511637
150000,150000,0,checkpoint-decision-front,920efd04dd3fddb4e0c9273882f8ff7e27add1c2e73ac6e174beabb129d79dca,1022.268179395857,119388.66748695658,317193.78852158494
150000,150000,0,checkpoint-decision-front,6a8c4ab53616b0c901f6679c9a30a5e9ea4df7ddb6630178627a055f68510319,1081.4306783541722,117382.1513280797,325808.27432873764
150000,150000,0,checkpoint-decision-front,d8e59122124f59e75255f5a093f626cf4e4644e4f33f7006eb84bb31eaf75106,783.671625038708,126173.78803142719,341119.7787136331
150000,150000,0,checkpoint-decision-front,ea30b27e4310268a9ebb6fd8e3b06d0077a94fdc39eadc10b20da3392e46c9f1,1164.6124305535373,114234.92339863718,319555.32412592764
150000,150000,0,checkpoint-decision-front,79ef5ee4a1e7ea47b947b3234c24cdfd0c50355a891a21ac2a018b58cef4d232,808.1162502937143,125583.74044146354,340819.7983039172
150000,150000,0,checkpoint-decision-front,0d570a708e46e7b7c6a081b9c410947b338113f2997603dfa89e9981f5612e00,998.0637412243004,120144.41305529868,309034.8981512449
150000,150000,0,checkpoint-decision-front,d37385e71c64f91d0bd55c2770adc104b1a8b76d711a572a2489a59e411ef226,916.6648056391692,120818.740460634,314532.05392565945
150000,150000,0,checkpoint-decision-front,f1a9dd0420357fe0f092426766bdd400af7c4137c06785ce1a39e73aaad2b43d,916.2684877271254,120569.06892113003,317597.86120607296
150000,150000,0,checkpoint-decision-front,9d6b84340072b0f238ef947e2da5b8c61287d645358d67e1eb97d6dcb83508ad,907.7071538555705,120473.70400461592,322542.2310634271
150000,150000,0,checkpoint-decision-front,ae34621e516794ce1a8d5eee91e14329cd8cda2ac9640b76c459c134b4f71f53,879.9346847817635,121710.14705490392,317746.7359925475
150000,150000,0,checkpoint-decision-front,8e0e43494f3af7b033c4e5712dfbfbf4c918bdbcef60983375057136099448c9,912.1493191003942,120296.6912058476,322456.87999034853
150000,150000,0,checkpoint-decision-front,06b34a80b1a8dd82246b0ee092ba39d3de9240541668a8fd16d45ccc2d3b8509,777.0444661171856,126569.53931966511,340129.63487338903
150000,150000,0,checkpoint-decision-front,4a2e5ead28e52d55c6dc245d84f8f82272455cbbbcfcc047185ccc6c993258d4,969.8485017138283,119909.71292193444,310496.5705100184
150000,150000,0,checkpoint-decision-front,71d08c87652fc61d84bad9f617fa3697cb7ec921e6a785035397c444a97de5bf,782.4272334750228,126818.96748967125,336070.2683155447
150000,150000,0,checkpoint-decision-front,08aed7e461de49247493649e0a3fa096415514227c026c8db1b7440406a4a31a,916.2684877271254,120774.16707650176,316340.74447748554
150000,150000,0,checkpoint-decision-front,73cf077aec2adb913af537579ab876f34f675362b7172136b682df94381d47ed,968.4053238260657,120341.74687759818,308313.1891586145
150000,150000,0,checkpoint-decision-front,9552107fd35e82c0c2ffd5c20668c52185e6b9932a65050cb5dfded86a973c31,777.4675072785228,126264.4393325927,340592.77734608436
150000,150000,0,checkpoint-decision-front,0815b4c28213cd554f1671404220240459418c4beba660f76a05fc9fb57af6fa,914.4837844992171,120722.04888879406,318277.87830806867
150000,150000,0,checkpoint-decision-front,4648308e429a4090f8e810b4abde843bfc2f2c01fec8e4f7ab73aa5cea02a3cd,1011.0020101039656,118816.78339189287,332843.3326460467
150000,150000,0,checkpoint-decision-front,2758ccb4ca24b6dcafd5d731861387eade451118a35e66c3406ecc4048bf4353,963.1201815000172,119260.02759132016,339231.89020779135
150000,150000,0,checkpoint-decision-front,ac981efeb3395430c6bbf59aa4cf577c90cf513679f2028706f9f25e62a9338f,1180.74732030316,113959.2400002983,319207.05813309766
150000,150000,0,checkpoint-decision-front,10b845bf51014216f0066667fd45feb8933f22187b737511d14c2e4d337f2d12,981.9108043045641,119709.05782703587,313760.4774276435
150000,150000,0,checkpoint-decision-front,ed8b856c3c7acaffc8341260d50a37a9352f199c4b9f0eab0289a6c2ef4a0b68,899.8123007373999,121436.82629415419,316110.6402989486
150000,150000,0,checkpoint-decision-front,3deb9eb79d35e51f654ebb2fc2d4fd24409eb28d3703a9b3a8409900f2ce78dd,1172.2751109618064,114090.6272399271,326354.70373896166
150000,150000,0,checkpoint-decision-front,c4e4f78bd53ec9920b85b96b120a7f10c8c03a24ae3679974d86dc98ca5e3245,1215.9270865173303,113972.5751345442,316042.15233906225
150000,150000,0,checkpoint-decision-front,aea98e18477e8e601b267295c9416cb98e8000ae63e3fdf3820732942caab7d1,926.1552158707137,120713.34228236036,311101.19589454256
150000,150000,0,checkpoint-decision-front,630f668555010fb714dd1eed3243b86add516c520c6adc650c9afba04035ba44,902.0394825445953,120728.97679500381,321111.9578624537
150000,150000,0,checkpoint-decision-front,329f5db4fbd09d5d641727e9394e3c7e94e40812b044ecbbfe658a97d71322f4,955.7342324520288,119862.5205870124,312608.0427214273
150000,150000,0,checkpoint-decision-front,b9bcab18e8e3c72fc5127d6c64c32b5116bcbcc70bdd954a1b042c2a1623dd0d,969.8485017138283,119793.14843550262,312647.0366643501
150000,150000,0,checkpoint-decision-front,34fa51e2eb3a9f8d99a229d4cc39fd18546113177e8e6ac79187bb480c2f4d00,917.2687936280344,120317.59259279963,314142.04066639696
150000,150000,0,checkpoint-decision-front,232bfd4bd528fadb218aa8fcbe279f0a7df3829383f992df348ffe5ef774a64c,943.8901905599911,120346.9703536912,308907.90944985085
150000,150000,0,checkpoint-decision-front,6f897470971f028b03904ac34e3fe2feffcdee22b7bb3e8263b8ce3456cdf9dc,1122.8706709734163,114807.59001970978,321518.6450225401
150000,150000,0,checkpoint-decision-front,e71d7682f03ea9c2d62ba99c089265db6d26ad709197d434cbf24c09e722d8a6,1120.2741265160626,115468.00663631239,324558.4250807505
150000,150000,0,checkpoint-decision-front,af500e362018d72c04852366ffe684fdda632a1545457b79cd8f1a7c4b5332cb,955.0383931002025,120677.46100258525,308074.8497943536
150000,150000,0,checkpoint-decision-front,46c18f95e3b3d1d8f4481d9d48df897b5107c3129c005c29eb35ea2421ade63f,955.0383931002025,120247.25801417479,311356.51668350014
150000,150000,0,checkpoint-decision-front,bf80c2b1811540497b8a501322d8c6e766bd734aea95c2df3747ff4ce969f2c2,926.1552158707137,120640.4176502105,311678.7621937431
150000,150000,0,checkpoint-decision-front,c0bbcddad62d07e58cbda987184b741f2cd37323671f075201bcfd39acf4614b,928.6018895085165,120971.13232057779,310685.1977321873
150000,150000,0,checkpoint-decision-front,fdf593f4c7cde7bf721ed50abce49b52ec6de2f8909059334c24e18a9365be34,1209.571015677362,113741.59843691281,323886.1086811883
150000,150000,0,checkpoint-decision-front,dbe0d981e6dc2db387604c7295887d74868b4b505badc8cbf4805cfee437a923,1017.2170763282589,119699.55180316445,311167.62653647014
150000,150000,0,checkpoint-decision-front,fa7268c6f71c0beecbf8d48d871e350c2298d69e73e9a6d7b17974c460506e36,979.6327865492046,119891.36141868803,309252.4475125673
150000,150000,0,checkpoint-decision-front,96a49fcad83f64d2e2ca5d9d78131b0f90e4a0d2adf0ef0d4d9f6997650c100f,979.3862233428954,118855.86147524836,341311.300638007
150000,150000,0,checkpoint-decision-front,928f158d351fe70a7342b3408a403644f944ca2173dc597759860912d07a6e52,1159.9616938776098,114247.23253954078,317849.63238741277
150000,150000,0,checkpoint-decision-front,0eb5449861f5eabe8a333686e5936d0c4f854ebfbf2888df65960f4703ab9397,917.2687936280344,120549.41896586222,314042.8741242756
150000,150000,0,checkpoint-decision-front,a67b86523d29267bf97197673647998d87db40d9b0b43d5925d4d7c6b7a6bcc6,1209.4920734852592,113778.67729067933,319127.844932341
150000,150000,0,checkpoint-decision-front,970aa7f8a023b6665a58a2289184b7822fe0dc4cd4830bc257f9010734d4a11f,1197.258101241941,113833.1000942474,318915.7025989973
150000,150000,0,checkpoint-decision-front,446e7af0b5e8d957fe833217320fe9182465470470104f21bb82e505848547e1,906.9345966319876,120788.89278620158,314908.84125860303
150000,150000,0,checkpoint-decision-front,ae23e537ab4f5dd2519216e5cabc518f2ea7407dd41027dabff94f581dc9797f,1193.1582620850693,113885.80203709475,320187.2483654306
150000,150000,0,checkpoint-decision-front,cfbd0a6975c6352158ab2531770457ddf4f9e972268da8fa314f15e1bb84fd6e,1185.4559033238822,114418.09644957518,317168.2066107743
150000,150000,0,checkpoint-decision-front,a716746858d193dacfb45f538f68729475e56c73cf8cc0a08ea006fb550d8bc6,1199.474025523988,114873.83247996488,313312.2285722897
150000,150000,0,checkpoint-decision-front,85e15c5a7c98ffd3e99c5516ad6d2d088b488cb64dc7891d91994e3897c7e777,1212.1039268083312,113776.49354781359,321879.080233539
150000,150000,0,checkpoint-decision-front,b40303fadf3825a91ef1fff76003f609a17b5bebafcfcdf4299896aa4bacc3e8,806.786984977718,125541.76836569133,349170.2867672378
150000,150000,0,checkpoint-decision-front,ff99a64ce4ac3f524d886a9b1c8a33cf5d4e933e0d41cbedbbebf0ae441325ec,966.1183766289912,119492.02051217831,321882.7943834029
150000,150000,0,checkpoint-decision-front,90fa6edde10c0d4ab363f146052f57a254ad97501d1adfac6e17aff04ba63972,830.3165263628096,123743.94376730737,331441.56988929526
150000,150000,0,checkpoint-decision-front,ae13ede7b7d1c82e3a612d9cc6d2200e016201b13881353fb805550ba7b92b73,981.9876132357487,118729.72219279292,338188.1005036275
150000,150000,0,checkpoint-decision-front,1de4be5c273f8f7f813697eb618b793a450f852b3e30e8b2eedca5ce398c9265,900.8707803372919,121300.89003754823,316380.774201196
150000,150000,0,checkpoint-decision-front,0d5dd4d4521d0915b2503f04b89b8db62d163d5f0a09b27d8ab17112d3bb2def,1136.7238984007254,115736.2435525324,320019.8501606184
150000,150000,0,checkpoint-decision-front,0565446c0b36d16a002f98f15d5290c44867ee63ac4d607215b5d4bbe53c5976,1152.99024396655,114721.19146327022,325716.6407335801
150000,150000,0,checkpoint-decision-front,e2d8249f49d939eec06b46e8ad2abb7ae0c351f34d2d0e8c9741abc9b4a7acdd,926.1552158707137,120198.42589304928,311972.1243678568
150000,150000,0,checkpoint-decision-front,cabbc0885f1901a1ed44525a5ea915afebbd504280dc2b7d0e7554c50d59aae9,1178.5634956731958,114197.25648785103,317387.6205868931
150000,150000,0,checkpoint-decision-front,ee36074105ea46e492ab079f12219b5c9c84c5bbde3df7952a9f9fbee6e09ea2,1105.8497459544021,115691.1055164354,336577.5099658009
150000,150000,0,checkpoint-decision-front,310a39d66fae346c26671b3062a38984c026baba335c855cd76391073f63b1b2,893.3160642604074,120984.07806592676,317378.8301387392
150000,150000,0,checkpoint-decision-front,fe8d88b3abbbf6c96b4b62adb5a44954d9d6cd62c0634e6a3dd8ecacfea1c301,1207.4573505724827,113818.15279768192,324256.4028177307
150000,150000,0,checkpoint-decision-front,6bb11f1bc70a7ec767cde2ec4274bf2a4cbbd0daa3091eec27b44fb88c6f7987,899.0373828631735,120954.82684927095,320439.964000214
150000,150000,0,checkpoint-decision-front,164afd24678c6fa160d7e6120c6b556d066441cc6579670a9b685ef9a1c910d3,926.1552158707137,120624.79932556162,311696.7187349681
150000,150000,0,checkpoint-decision-front,eb1817ad14ac3b45c1f2a89ab28a8a62062953aab230054ba0bd8c5b3238e9c1,1191.344725717466,114026.37147249412,318299.67515041016
150000,150000,0,checkpoint-decision-front,6352fc435f63df956421c41dfb49389eda9db3ef35d8c4be7aa11ba0b9a6fa0d,1154.6272558641906,114592.04384215514,321983.9419433315
150000,150000,0,checkpoint-decision-front,d4572085dcf1af62083de7ad934f58ae83997b629314920786bea60b566af4aa,955.7342324520288,120268.04066133668,309608.2153078741
150000,150000,0,checkpoint-decision-front,325c18c7bd267e3865c73c5e1b999411e5dac4dfc139109706675aa46aa19d74,971.3399626091491,119820.64928123138,310032.88301053375
150000,150000,0,checkpoint-decision-front,a1e2d82fbcb64fd657b5a3ebecf295fc91fbe13880b035e619780d1ac1d8e56c,902.2699975173668,120891.69099085385,319199.2305327325
150000,150000,0,checkpoint-decision-front,1493e07558aabf722bc2c62c2b4eaad3559c1085e2eb8c86a7e69a28f7bee9cc,1102.2707684007028,115899.9049956841,324036.8079251955
150000,150000,0,checkpoint-decision-front,8dbf1bfcd240b32737143cd4406ecc1df57488af8668b0cd3bfcf0360a07e342,900.8707803372919,121043.71655630438,316937.6941841589
150000,150000,0,checkpoint-decision-front,c3521e97847770dfd76608253870e05710a128d9598a752e40402136203b003f,789.0775535082591,126070.5934751169,341527.1424231537
150000,150000,0,checkpoint-decision-front,425a28566c3f9b9f95f858f1c2cd3ff8012a1d11675f00750f28a1ae9658feae,802.5756245136085,125589.07430547968,339031.1320574874
150000,150000,0,checkpoint-decision-front,e5c12d57c9c0253fc16b5922471bf7f12f1beb9e1b0126bdbbbc4b5cd092e9d5,955.7342324520288,120466.32691072667,308079.73121576896
150000,150000,0,checkpoint-decision-front,f7d645ac0668a989cb1c21a15466229052980da1f7000cea13e00647a1359e8b,772.8057976369547,126665.97996151763,337694.9718423567
150000,150000,0,checkpoint-decision-front,794e90a20d7865e8711898c87a00f9990e6932f50316cca4cd70f6df5e831f8c,906.0083700864512,120597.50153680259,318549.8902065968
150000,150000,0,checkpoint-decision-front,11fd988d3b59b4bd70b005fbba606d7e423c73c621290e9b6f86ce40a8ea58c7,1209.6399578755131,113847.14224601706,318512.0969094197
150000,150000,0,checkpoint-decision-front,0ff65f283d32aee8d9fa96cc9dc2fc7f1e39c8a296c64c0e3b172b50e9958503,955.7342324520288,120323.20151890593,309463.90947214543
150000,150000,0,checkpoint-decision-front,6230640448d5400a9c46ba2141ede569d210b7159ea57f4867b624f5f4c5e8f0,1179.4963584548632,114141.85310708193,321540.5568463581
150000,150000,0,checkpoint-decision-front,7260045357eec8c41cd40fbd5fcd2c17ed456024bbc979f563cee38cd3e61517,1209.571015677362,113759.7873614546,323525.840312574
150000,150000,0,checkpoint-decision-front,32ac084169746af5319a8061b770fa9bdd57b47d101977a4de0a6c8ac9200729,964.7309011120673,120274.60171971557,309181.6466192863
150000,150000,0,checkpoint-decision-front,5366a4007b92f86e95221e0ae7b1abbd36752788bebcbff5fefd9f20aeaaae82,888.9546300490691,121272.32229366468,319926.75554003427
150000,150000,0,checkpoint-decision-front,b1dc58e569f738d8a9ef017319af030fbf19574fef06e8212c8741144f51a209,1219.2738959323244,113685.96376480072,322288.86595113075
150000,150000,0,checkpoint-decision-front,e7338adbd8e1d967549e75e5e6331d2aba6e0c8749919e97b959694f586e4661,942.7959484345404,119777.91973890117,323728.4108766077
150000,150000,0,checkpoint-decision-front,3ae94412d5682e438d4c643d44c637fd3b933c7a284258cee8f7c3f47eb4f30a,964.7309011120673,119583.87088101506,313804.1662165683
150000,150000,0,checkpoint-decision-front,f3294585ede6318c8e5821acd0a9b6f47afc0dba9a0ea7daa5da73b8cb02d284,795.8366367247914,125743.9877754223,342456.99596720154
150000,150000,0,checkpoint-decision-front,b0c1d9c09b270fcf6168364df7791bb57868a338c92927415ce878e56c25205a,795.8366367247914,126028.49118235004,338449.7522165575
150000,150000,0,checkpoint-decision-front,f7a703c9bfe776972e872c157130b7dbdc8cb7c1c91755fbfaf6ebbe85ca5b01,1016.3929714701297,120213.08781270287,308852.23731852823
150000,150000,0,checkpoint-decision-front,70bac3a6bacb4fbb7f870f2c55756efa41631c2aaa3fd3356669a94aab31ea1e,957.5434353043661,120094.56774307281,309986.19673269294
150000,150000,0,checkpoint-decision-front,2aee4f026bfa2b9920d0afa660a571ee0f4936a8e832301da347620ad8e0d73b,1000.3021457734296,118393.31651617328,337543.9254012996
150000,150000,0,checkpoint-decision-front,826c3277431170b98911d16860ea0e39908f4ee9b1cd30f657682bf2e3946aa2,956.1691534315277,120544.6309350018,307846.12320642103
150000,150000,0,checkpoint-decision-front,b8184221c8ee018d179f253b019579babdcdae50eada54c80830de511fdba8a8,931.6096929495726,120680.95261937978,308468.3766934409
150000,150000,0,checkpoint-decision-front,cfab97359e8ad5ad6c14185b96ee7df782fcb2ed6737deeece77f048d51bb637,777.4675072785228,125943.7076178188,341928.0165038707
150000,150000,0,checkpoint-decision-front,d9af45373635c3b05a62b63eef879d12834724239ab7a7f8cc66ab3c7007d1b4,1202.6195247709595,114659.98360697768,316203.9278978457
150000,150000,0,checkpoint-decision-front,33ff6566418bd36d8b244bfe7ee1610b2f6a4deed74614ef6fbb1d43059089a3,959.4371827841221,120357.9772465954,308632.68309349846
150000,150000,0,checkpoint-decision-front,10c2f7a77813013603561a8ce3cdeed0de91fb15719c15a9656e2f338729b086,931.6096929495726,120648.59868993098,308807.36638980586
150000,150000,0,checkpoint-decision-front,3f24cd4369bab72b45d2031650fed0ae63074c72b43a38afdb170fee307a76da,955.7342324520288,120410.71321529715,308104.8504749575
150000,150000,0,checkpoint-decision-front,b5ee0e5725e8ec289505985fb8495f487bf4c66c8eb446d428b7f228af45468b,887.0183256790078,121320.7391760619,318685.08782032924
150000,150000,0,checkpoint-decision-front,74af702696cb14ff409a839d817f28c7e354bfdfee106f3a0d4524ae5e8c4529,901.0980266268194,120939.2478600901,319267.4913759845
150000,150000,0,checkpoint-decision-front,10ac84a2b9b65202c745efc7a7fd08df5e4b045fb25f9c5344c0e2e3b9b3d4f2,899.8123007373999,121051.9682486055,317330.09591402166
150000,150000,0,checkpoint-decision-front,b85d5c0f4e87389f6efb13be5bd7258d6aa633658fd6897bb3851bb3f5a2ae64,946.328041479709,120322.79547438174,310431.24611571565
150000,150000,0,checkpoint-decision-front,eee58b066074bde65e70d279e8db1b1e60db2736164644ac44d1ab04b8170b71,795.8366367247914,125820.73357940814,341651.2939729425
150000,150000,0,checkpoint-decision-front,ef79e9884c8a69f8fdb1e6ab6c427d4ceffaf01e8e0b12fa2075d38944d47aa2,792.5538089278958,126063.46443520211,340959.9132241189
150000,150000,0,checkpoint-decision-front,aec88fa3ed9e06a188b5c26cc7576c06485e902ed99cb5986b1a19b8ab27a682,916.6825095858576,120784.66906543152,315269.28880955116
150000,150000,0,checkpoint-decision-front,1f09579f3c77e9c07401dc931dd413bd3e9577f2ef927789a6af8c4f8a320e84,795.8366367247914,125832.723852185,341100.2196921749
150000,150000,0,checkpoint-decision-front,ff3982599b08d5d76f67a655f4ab86f4943c0f4b9ad646f66de32dc0178f0c17,1020.4007677553309,120317.24096466498,308665.20432093285
150000,150000,0,checkpoint-decision-front,808d8edecbc5dd085d88890d7565808850c956b4fd17a500ec2e0bf214ff0162,955.4989066424363,120383.09672040193,308550.7568899698
150000,150000,0,checkpoint-decision-front,919fedb6a73e55f03b70932bd327a72839d1e2a2c3acf2358afd3f2d916264e5,890.9152212166672,121176.90367215106,316840.901069256
150000,150000,0,checkpoint-decision-front,077c255e7f3da9e1ddbc109720a560def1454d06a044d13fc9a202ec1197b56c,808.075555188682,125531.04172028095,341585.3444120182
150000,150000,0,checkpoint-decision-front,e5fbf5632b7cd6318df7d39a92ee1ffd2501d3a7f20741c927774f816c224396,1209.4920734852592,114319.32168943834,316005.76766307454
150000,150000,0,checkpoint-decision-front,58d0a01780634b2bad8ef5a335dfdbe009054fec3b71bacb436db09a578e0188,795.8366367247914,125909.46965617084,340294.51769791596
150000,150000,0,checkpoint-decision-front,6a21f5e242437a984383b9a5b8c85fdb74ddb7800dd45e508b58c24924b813a6,968.0085615549535,120257.36368166022,309498.01816852373
150000,150000,0,checkpoint-decision-front,a889c0812d9a17931d5a102b0c238092b13de2a7bbd705a87ce04c7911ac801c,958.5410085203748,120337.60266185811,309177.4754800141
150000,150000,0,checkpoint-decision-front,09779319213b0e82fd73417609e7efccc0505ea9841d8b1296c1baafdb1d7424,1182.08403678989,115420.686588999,313916.0277145149
150000,150000,0,checkpoint-decision-front,c24bd26bd94f042294cbf4ae5fc37b42c8b988e4c1a73b17228b73a9f52f11e6,1172.0143649509585,114721.45100972557,316477.76953686576
150000,150000,0,checkpoint-decision-front,e62cde3f19d49e35a5206e25caaf1b2fe1d38a9269b4b39659117242a97c9b37,955.7342324520288,119953.75742515121,310754.83084786846
150000,150000,0,checkpoint-decision-front,4f7e9f5d17d7d10b2766fd1b03ed9f3b5d83a40ac0721857a1815cc03ed8d3d6,1071.6259569068834,116667.20389412026,331710.06777503586
150000,150000,0,checkpoint-decision-front,cf2eb872698d47a06588e2807865d88f6f5819f866e817aad5e5264eb605b15f,1139.6640885370975,115023.22915189879,320449.0022234579
150000,150000,0,checkpoint-decision-front,ff3f590199488fdd5016bccbc30c1374f7c9f066a1895014c7fb574d2e068ae4,974.3839348836034,120191.61284808765,309582.4008142755
150000,150000,0,checkpoint-decision-front,82c28db46b7481de78973249aff747d3a882fcd8b6f14d52588e36093526dae3,783.875222172607,125867.29968517766,342370.9030819285
150000,150000,0,checkpoint-decision-front,d74c0d203796440d70d48c52e3c8ae410b99bbf71124230e643d358754dabb69,955.7342324520288,120578.76145612894,307483.70549198345
150000,150000,0,checkpoint-decision-front,013515f5186365ad02af00127269838861fcf7ca22dc1c5fa0647bb41bbe0a7e,813.6587386637888,125381.91061616299,342428.58461413195
150000,150000,0,checkpoint-decision-front,3477b70b2abfab6d3d5ba690adc89fd074a3f0fea0417a87dadcc0947fb0c362,943.8901905599911,120743.84455093587,307991.179994025
150000,150000,0,checkpoint-decision-front,de67af5075b97333f322f98da5843543977e0a46abc3efa6f15d1a7b7500369c,943.8901905599911,119904.2542200807,313238.7209195948
150000,150000,0,checkpoint-decision-front,57c46c82dd15458d940c04c982a32fb347f6be4675423aa20d5b7fba62b4d00c,795.8366367247914,125987.89573918977,338782.00092518516
150000,150000,0,checkpoint-decision-front,18499f00b29ce400f3f09e6a0bf075c32ba115bae86024164a63220f71add170,926.0188688127381,120168.42426762576,317612.71386040427
150000,150000,0,checkpoint-decision-front,5d7d5c4e35e5125a3c459a590c18a818a4cfa5de8aa0867bc02b7d76a12a0e4d,914.9820154690386,120635.98677903542,316684.43786340463
150000,150000,0,checkpoint-decision-front,8c7c3e84eca17a9fadcbb8933330fc227c20d4d04bd06209f3cd80219f8a31c5,955.0383931002025,120621.84730715572,308099.96905354207
150000,150000,0,checkpoint-decision-front,63a0b4f68f3acacd707ff45d0c1501cd75ee6fba5d3c5ab96f8bf82f3a2a2b72,780.9979549187482,126082.05083665637,341735.2041190783
150000,150000,0,checkpoint-decision-front,87a5883a78b6a83dcc5aa00b1c5f0317ef47c33076b5201368297561c8ae57d1,1209.7035556264987,114140.34944764312,314779.71497674665
150000,150000,0,checkpoint-decision-front,d52a8944a3679a5b3dd917a911eaea38fa1d605f01135624f04cb1b9d0647e60,792.5538089278958,126025.64557801036,341544.7120349087
150000,150000,0,checkpoint-decision-front,8ff57fa8c153dfdbb09a4ec1987dda26a11d31415236221f8e59dc944cc026db,926.1552158707137,119996.05394048485,314054.8242175435
150000,150000,0,checkpoint-decision-front,102225af42de8053240a51ff5cb500ef514a264c5a1e00e197c0c4d49dd278b5,1226.927290831712,113958.18192292782,317568.59731516097
150000,150000,0,checkpoint-decision-front,fc79b109caefa18b2b5018d23749821bebd4b06672f4444c88a71cfa8aaa0387,969.8485017138283,119904.33650400508,312257.40626373584
150000,150000,0,checkpoint-decision-front,63894350355ad802d4203529ea7b201c38186a923e0386ea2358671836ac0ea5,955.7342324520288,120005.90702830913,310670.2192501046
150000,150000,0,checkpoint-decision-front,d2ab3e9ba779773db5c560db455b59f19562054a9a6d0f92ecb3f970c55f3a58,939.6313207935611,119990.21682708172,311642.047014268
150000,150000,0,checkpoint-decision-front,9edb17231412036cf18c1ad4c295589e58aea3e8a8217cb77cfbf37ea4a0ef7a,1185.6644653367707,114116.58147405015,316546.4121789045
150000,150000,0,checkpoint-decision-front,e08e43a7eb22713627e5dfdd0183692ca853a902cfe9839d231e0a1f47c3a574,903.6095280723018,120950.2215808038,314228.7604171774
150000,150000,0,checkpoint-decision-front,104f147e6886faee7544d2e2ce3cfd15dcfbad43609b5f402efc044b31f67fd1,778.8354146930106,125939.786459449,342535.2498856467
150000,150000,0,checkpoint-decision-front,a012144fad11d4369443c943f48e245afb8b681a04092d2ebb79841136ddbdca,931.6096929495726,120518.71065209125,309949.7904525243
150000,150000,0,checkpoint-decision-front,392ebe02c80dd5d7cd23ea2c4fd32c8976455ef4850577e93f2eb903b3434974,921.7696370433458,120513.78870071394,313006.88790199545
150000,150000,0,checkpoint-decision-front,68ef039cdb15a47e8c940fa0a099e16adbab0e3d1cf653cd7589a32ec50cf0e3,931.6096929495726,120287.64875330264,310548.75605947047
150000,150000,0,checkpoint-decision-front,769d7e2145362706f0a6bf12d0e09d139b3cff438fa7ced9b92667b80ef1f41d,1144.1387174919976,115569.99879408337,315867.5926783234
150000,150000,0,checkpoint-decision-front,1b0a6d5d881c5b0a56b44d4e65a5b46e4810a2847cbfda56a08e1abf41ac3bb0,966.7603692471228,120357.3811248435,307994.8342274029
150000,150000,0,checkpoint-decision-front,4a9e0a91ce6c20b6e12648ca44e9d24fef640844f452b3b37559b99abd7cda36,964.5324805924038,119852.7619455742,312812.1126725043
150000,150000,0,checkpoint-decision-front,880a35771b878c75e24824d895d73c2c5e0fba0bd0a316bc3f62d13bc84d2f76,936.1948247036921,120223.92944261563,311857.01263578574
150000,150000,0,checkpoint-decision-front,bd1b03b3d59a7bf0a57bf29af16a7f67adbc31387a5aae9fda77f7f18f5aee1a,900.6469546037955,120764.6759994274,320705.6533193779
150000,150000,0,checkpoint-observed-full-front,11eacea27348113c36e6aae830e0672fd90c73b49e9327971b2c2b39d02eb368,846.1423714231302,122988.00494740737,328802.3233755737
150000,150000,0,checkpoint-observed-full-front,d55ef7dce058895b656ae1445c5bba8d0744b3b9042c5633199b233592df8f0a,820.2860115999781,124319.83630842454,326151.96963183495
150000,150000,0,checkpoint-observed-full-front,37dced303887489ef809c4e8b035121d5f56003301e90e1dc547ee48ec2da3da,845.1130126989311,123344.06870452702,327456.0169817861
150000,150000,0,checkpoint-observed-full-front,b170574ab45cca63b9ef3cbc98a92f807e6354e604002856121c3193605beda3,845.9426294842576,123946.3301249405,327250.7656645685
150000,150000,0,checkpoint-observed-full-front,18ea2c7faf38bfb67b49df50b226f95439937433b98fd0ac408c0022b192351d,847.2230472919304,124400.11518523272,322116.04603736603
150000,150000,0,checkpoint-observed-full-front,fc4c82a2fb9fc5d79883404cae79ad1f84f47c68c0875a29d09d3bffd7558ef0,838.3002892645464,124228.85726217329,328251.3723305439
150000,150000,0,checkpoint-observed-full-front,2519961a2ce9e9c356daeb76a3bee54fa87691e128fd20f2fc3c415b13fbf317,864.5876538059971,123236.33598582944,322358.0116035674
150000,150000,0,checkpoint-observed-full-front,cb0031f2a45363029601259e8e6e7a42f6acd8edf9d327964f85e1d97c9ca242,875.2042820040941,122164.63323655693,339864.6484908527
150000,150000,0,checkpoint-observed-full-front,f08f4b1f02a54eba61840f40ead7f7e7f6d026edb8b58b5f6b88d22faa47dd27,811.8243837157182,125267.72181389021,352285.8028916463
150000,150000,0,checkpoint-observed-full-front,0d26942b94fb138d61cda16f5af4730d9bb1f7e6f0f5f38f7c57f58d7a0dc390,1038.7152963072626,119210.10485377084,314310.1305818429
150000,150000,0,checkpoint-observed-full-front,9b85b20448075baee8afc44964d4a2439d45bc7a497fabbcd094b00e1d94623d,783.1904424913793,126363.66984102955,338756.5843230698
150000,150000,0,checkpoint-observed-full-front,bebecb4e15e12a1c4f80f0ac5f10b63473eacdbd12012b908a4b57ebb0ad1868,787.8465409696857,126495.69733792046,336312.6651499928
150000,150000,0,checkpoint-observed-full-front,8ace04cb964649d9e025096528657dfc0060ca20ad47adb7d204f04e35c5ecb8,779.3137016226548,127415.48498103442,334224.5242937109
150000,150000,0,checkpoint-observed-full-front,f00977e9e155c15b42c465e7b72a262701aa92baf3cd588da9b7cab76323d577,777.4567355223354,127167.6232276282,335108.1512626149
150000,150000,0,checkpoint-observed-full-front,c5a4763f6b63289c250ce29b3b574f4e2a5d452e70d902c22a50528d2e0afa33,777.4567355223354,127167.6232276282,335108.1512626149
150000,150000,0,checkpoint-observed-full-front,4aec289f28b53618388602ead6da6849cb43a28df02f0d5b947d1407c0039d13,777.0444661171856,127334.1739710173,334802.5491624311
150000,150000,0,checkpoint-observed-full-front,8f14832dba9c70bdc08717bb683ab7cac72db99e0543c1c415a95e9064971d63,780.9293610914443,127352.68979322985,334486.5428267787
150000,150000,0,checkpoint-observed-full-front,b1cad244656b932c9bde32e7324977fae6e1ea77668d2a73ca0593829f18d7d4,777.0444661171856,127334.1739710173,334802.5491624311
150000,150000,0,checkpoint-observed-full-front,bd6845f3e8a00c1b076ca9efb3b7cb72379c2213fb133202006ca6c5c8422393,775.9948739382446,127873.19754685674,335425.3299178063
150000,150000,0,checkpoint-observed-full-front,079498a53fbfb13024a96a88fd8585d964857b201f7fad3081f2764065a61106,777.0033898179051,127853.9792962757,333889.0469627272
150000,150000,0,checkpoint-observed-full-front,079498a53fbfb13024a96a88fd8585d964857b201f7fad3081f2764065a61106,777.0033898179051,127853.9792962757,333889.0469627272
150000,150000,0,checkpoint-observed-full-front,079498a53fbfb13024a96a88fd8585d964857b201f7fad3081f2764065a61106,777.0033898179051,127853.9792962757,333889.0469627272
150000,150000,0,checkpoint-observed-full-front,079498a53fbfb13024a96a88fd8585d964857b201f7fad3081f2764065a61106,777.0033898179051,127853.9792962757,333889.0469627272
150000,150000,0,checkpoint-observed-full-front,079498a53fbfb13024a96a88fd8585d964857b201f7fad3081f2764065a61106,777.0033898179051,127853.9792962757,333889.0469627272
150000,150000,0,checkpoint-observed-full-front,079498a53fbfb13024a96a88fd8585d964857b201f7fad3081f2764065a61106,777.0033898179051,127853.9792962757,333889.0469627272
150000,150000,0,checkpoint-observed-full-front,079498a53fbfb13024a96a88fd8585d964857b201f7fad3081f2764065a61106,777.0033898179051,127853.9792962757,333889.0469627272
150000,150000,0,checkpoint-observed-full-front,493047817e1112dda5660aa7fe29ef82dbf6d68824f278c8b74a4b89f6d99128,779.2021003952317,126990.62924723214,336234.7802548778
150000,150000,0,checkpoint-observed-full-front,35d8757af13ff1779bf994902810c044b1325c6e059ecd1019fe8b672900dd6c,776.5423502226853,126510.2449078002,336406.0104671235
150000,150000,0,checkpoint-observed-full-front,0d537ac04e97bd9b8823701b4212f87cd2e8e7972f75027a0cd901c61e5362d1,785.7829727721047,126597.06759582684,335122.30815174186
150000,150000,0,checkpoint-observed-full-front,e22b418fcb5a1afd297b770752a68165711ba8db1fa44212430671cf4a830138,781.3381779444613,126848.2651766353,335505.7962002383
150000,150000,0,checkpoint-observed-full-front,fe2cea9afc6162f6aabf0e31dbf856e53bb308aee03786abf659c995e90a4ab9,770.0258028844087,127238.48735599342,335518.8277366394
150000,150000,0,checkpoint-observed-full-front,321e1d8f13da4920c8dce586c0bebf8c65ff78352ea80faa7878e57c983b3523,770.0258028844087,127238.48735599342,335518.8277366394
150000,150000,0,checkpoint-observed-full-front,85e098b2d9bcd9de631e2b236b9a5cac7c799bf747aedf05d59245614906254c,1013.1054368468061,119667.7288273066,311324.0627500222
150000,150000,0,checkpoint-observed-full-front,85e098b2d9bcd9de631e2b236b9a5cac7c799bf747aedf05d59245614906254c,1013.1054368468061,119667.7288273066,311324.0627500222
150000,150000,0,checkpoint-observed-full-front,d0c7c942f3c4760694d775de302b486eb0e20a689a530bb8b341a4390ccb68b6,824.3748435552521,123823.22352173753,334002.43006057054
150000,150000,0,checkpoint-observed-full-front,2e049a5f485b832535fef9ee048af32b127530cfa4507fd22cf318105495978c,799.2018352806693,125580.02406431381,346818.08123237046
150000,150000,0,checkpoint-observed-full-front,198a08cec93746ab5195dc006c3194d7bab3aa6d341a46a272f926ca44096104,841.3614928784793,123081.03412205342,331686.39879220736
150000,150000,0,checkpoint-observed-full-front,4c8ca4f0423da52a27999dfdf813581072ff9543afef39560a85bdd776be3c37,840.6509675939012,122366.67920845843,332072.22687555454
150000,150000,0,checkpoint-observed-full-front,6d5d88843f2657477eff27e84e287687eff4789e2e7791ddf33a23d7ee17c3bf,831.2472134368367,123364.3885667651,332799.04031737393
150000,150000,0,checkpoint-observed-full-front,690045199912d0a9be5d44ea4b8f14dd41868ae0e13660c3ef7dcf55077baf57,855.7293063420083,122755.95303293376,326124.14726287243
150000,150000,0,checkpoint-observed-full-front,010052dd3b42bdd7fb547a3819e250d57c9f6bec70b8577c5808ac46e4294c70,840.0140138624771,123055.79920157437,333812.25671611377
150000,150000,0,checkpoint-observed-full-front,405ee03a66b43ed685f22f41754228a19c0c78ad48bb00909703dca530e00f9e,856.3800718233576,122168.78371278816,329448.71772173705
150000,150000,0,checkpoint-observed-full-front,84f9c92292ccf8fd983723af7d06ddde9a18380482c24e6e6d5a023f1865cf8d,828.1552479665279,123302.96772659893,333293.1237744675
150000,150000,0,checkpoint-observed-full-front,048719600e6a4279c9c06d769a3e6caba0d93de31c3f65b4a72ea67a08f85f8a,835.8406323415234,123275.79987369812,328776.67418046744
150000,150000,0,checkpoint-observed-full-front,680919af5713d0872a1fb8239c4af49107480b713f23807726e035060a552258,823.6511657286703,124031.77746683569,333993.81631638337
150000,150000,0,checkpoint-observed-full-front,be007fd75aeefc778b1791be9bd5580e72276ad67797670008b5681ce98eaa1e,775.2231601675946,126538.77720523968,342503.097803727
150000,150000,0,checkpoint-observed-full-front,e4c7e457848478be0796c46f8aed316df9316e42542ff4b740e56a8efccf820f,769.1972138522367,126625.91777086459,343120.75861833163
150000,150000,0,checkpoint-observed-full-front,d7ff5e9cf98100a2541441d173a651b3756ac24895cb06918570decec346e07d,769.1588166187895,127036.76502490704,343887.0631006956
150000,150000,0,checkpoint-observed-full-front,14f51735125ff113a1d0d8dbddac7fd242113d48bdeddd13c053a68d5988a5ce,769.1588166187895,127043.53391446578,343829.56214128976
150000,150000,0,checkpoint-observed-full-front,b8a05c6a425e9b4728f5d5f7a64a8a96da67c9725bb66405240d2fb2fb9bb8e7,769.9479153224107,126739.6411523872,342846.0905025215
150000,150000,0,checkpoint-observed-full-front,d60c340c0e2bedd8c24153439ab7afa15502dc4ed7d770ec680574fdcb4d0912,769.1588166187895,127036.76502490704,343887.0631006956
150000,150000,0,checkpoint-observed-full-front,14f51735125ff113a1d0d8dbddac7fd242113d48bdeddd13c053a68d5988a5ce,769.1588166187895,127043.53391446578,343829.56214128976
150000,150000,0,checkpoint-observed-full-front,b8a05c6a425e9b4728f5d5f7a64a8a96da67c9725bb66405240d2fb2fb9bb8e7,769.9479153224107,126739.6411523872,342846.0905025215
150000,150000,0,checkpoint-observed-full-front,14f51735125ff113a1d0d8dbddac7fd242113d48bdeddd13c053a68d5988a5ce,769.1588166187895,127043.53391446578,343829.56214128976
150000,150000,0,checkpoint-observed-full-front,b8a05c6a425e9b4728f5d5f7a64a8a96da67c9725bb66405240d2fb2fb9bb8e7,769.9479153224107,126739.6411523872,342846.0905025215
150000,150000,0,checkpoint-observed-full-front,14f51735125ff113a1d0d8dbddac7fd242113d48bdeddd13c053a68d5988a5ce,769.1588166187895,127043.53391446578,343829.56214128976
150000,150000,0,checkpoint-observed-full-front,b8a05c6a425e9b4728f5d5f7a64a8a96da67c9725bb66405240d2fb2fb9bb8e7,769.9479153224107,126739.6411523872,342846.0905025215
150000,150000,0,checkpoint-observed-full-front,14f51735125ff113a1d0d8dbddac7fd242113d48bdeddd13c053a68d5988a5ce,769.1588166187895,127043.53391446578,343829.56214128976
150000,150000,0,checkpoint-observed-full-front,b8a05c6a425e9b4728f5d5f7a64a8a96da67c9725bb66405240d2fb2fb9bb8e7,769.9479153224107,126739.6411523872,342846.0905025215
150000,150000,0,checkpoint-observed-full-front,14f51735125ff113a1d0d8dbddac7fd242113d48bdeddd13c053a68d5988a5ce,769.1588166187895,127043.53391446578,343829.56214128976
150000,150000,0,checkpoint-observed-full-front,b8a05c6a425e9b4728f5d5f7a64a8a96da67c9725bb66405240d2fb2fb9bb8e7,769.9479153224107,126739.6411523872,342846.0905025215
150000,150000,0,checkpoint-observed-full-front,14f51735125ff113a1d0d8dbddac7fd242113d48bdeddd13c053a68d5988a5ce,769.1588166187895,127043.53391446578,343829.56214128976
150000,150000,0,checkpoint-observed-full-front,b8a05c6a425e9b4728f5d5f7a64a8a96da67c9725bb66405240d2fb2fb9bb8e7,769.9479153224107,126739.6411523872,342846.0905025215
150000,150000,0,checkpoint-observed-full-front,14f51735125ff113a1d0d8dbddac7fd242113d48bdeddd13c053a68d5988a5ce,769.1588166187895,127043.53391446578,343829.56214128976
150000,150000,0,checkpoint-observed-full-front,b8a05c6a425e9b4728f5d5f7a64a8a96da67c9725bb66405240d2fb2fb9bb8e7,769.9479153224107,126739.6411523872,342846.0905025215
150000,150000,0,checkpoint-observed-full-front,c203c125fe55229b7abe7a5202d9c9403b95dd81adc4b87a99cf6f8e77fe46c5,769.1588166187895,127036.76502490704,343887.0631006956
150000,150000,0,checkpoint-observed-full-front,14f51735125ff113a1d0d8dbddac7fd242113d48bdeddd13c053a68d5988a5ce,769.1588166187895,127043.53391446578,343829.56214128976
150000,150000,0,checkpoint-observed-full-front,b8a05c6a425e9b4728f5d5f7a64a8a96da67c9725bb66405240d2fb2fb9bb8e7,769.9479153224107,126739.6411523872,342846.0905025215
150000,150000,0,checkpoint-observed-full-front,8277d1a9315770dd752765488b8690511951473d79f5604ee642761968de8fc6,821.676004434286,124098.08573132262,329923.325390531
150000,150000,0,checkpoint-observed-full-front,be297cda41f4465a993b8b5b4d808205855b9a622e921a84686e91e022a1f59f,814.701623847504,124118.64353655322,331212.4186159358
150000,150000,0,checkpoint-observed-full-front,e6a03c7e0500f404d47edc42f6a2f61483d8e7b13c9d7b9b68afafe9f80a43f0,790.2659242043073,126344.81509731903,339045.2189908499
150000,150000,0,checkpoint-observed-full-front,8059936a3688c8e979d3ea9f6a0e6fa0aa9332acda618a1248937d2af6804240,785.471306232813,126135.45468875467,339957.0352379269
150000,150000,0,checkpoint-observed-full-front,66b19917995afd0ed05a9c8999a443a40e484731bf5695cacc79a6cbc949962a,856.5757595173757,122396.79208696814,323857.67518564966
150000,150000,0,checkpoint-observed-full-front,d2e3f62d350e7a6515a27aef42f007f6f807640fb462b774ffde29d171e94c75,846.0400537112941,123208.19726679527,329322.9187492308
150000,150000,0,checkpoint-observed-full-front,6e8727771a7368736204a0ba23c5543f8892893a6fe4333f861f2045b7946072,785.471306232813,126219.99993643876,339370.1004900553
150000,150000,0,checkpoint-observed-full-front,6e8727771a7368736204a0ba23c5543f8892893a6fe4333f861f2045b7946072,785.471306232813,126219.99993643876,339370.1004900553
150000,150000,0,checkpoint-observed-full-front,e1cc75816d73bda4df1a78e640316102681e7ed9cf97d00ee05b20c5354582cf,877.6994505580597,122351.43946510169,324120.3232516686
150000,150000,0,checkpoint-observed-full-front,2bac17b42239b53a67c53069da5cda0cef840e0819451204594c1588e595878e,872.8300708776565,122170.0002902903,324776.2769393706
150000,150000,0,checkpoint-observed-full-front,0b9186cf3825fda532b52cde68ec690968381812c25f96a2d463d6159e0a53dc,824.4515275308349,124195.33607809606,329574.84141198406
150000,150000,0,checkpoint-observed-full-front,8812d4010a8271034622b155532033f891d09c18087c00982e0ae34ce95e9b45,867.0243340008395,122265.79737425552,328263.9067649616
150000,150000,0,checkpoint-observed-full-front,13321001cccda3037526709c257001c169ebccaa0bc7d129a46634e1fd47fc78,846.2425180574845,122929.76969536925,323787.41739696334
150000,150000,0,checkpoint-observed-full-front,e4fb714f67f2648eaed242ff8445c71867a2d720ed13029548cb83a46e0df29c,905.7815539975153,121945.72582081496,312160.5429663112
150000,150000,0,checkpoint-observed-full-front,89e761360d7d30e09384f02dba131349dc7ca87602aeea2e257ebfed1497e1f0,780.2889333147518,126903.81981035726,335937.20807110274
150000,150000,0,checkpoint-observed-full-front,463e2fe7539bbfe836ac3671730b9c71d8c18a2f1ee5877876750bcdc82fb269,848.1014226384868,122625.53048413855,329328.71104128467
150000,150000,0,checkpoint-observed-full-front,cbcc17af64215643f7688c3f3b6c46227d9bb3f2c4a17e9ce86538f98561d026,902.5819897531019,122146.18116383455,313775.62256049283
150000,150000,0,checkpoint-observed-full-front,397374f3cde515f2e71887ce25dbb5147d55cbd5b440c7755dd957e8bb85ef73,813.54707826275,125566.67245885919,338789.5534271272
150000,150000,0,checkpoint-observed-full-front,6f6f1a29e2ded52286cb18b12d462b7d89b3a9837e684999a4559dcab70c2486,797.8128632088759,125677.65834225733,341315.55466576177
150000,150000,0,checkpoint-observed-full-front,6f6f1a29e2ded52286cb18b12d462b7d89b3a9837e684999a4559dcab70c2486,797.8128632088759,125677.65834225733,341315.55466576177
150000,150000,0,checkpoint-observed-full-front,2f1714be6d62c4ef1c395505da1138b9cbcb063b072648c4224f7a1e4e660d5f,777.0444661171856,126107.9883266089,342497.90812244336
150000,150000,0,checkpoint-observed-full-front,2f1714be6d62c4ef1c395505da1138b9cbcb063b072648c4224f7a1e4e660d5f,777.0444661171856,126107.9883266089,342497.90812244336
150000,150000,0,checkpoint-observed-full-front,0718a6b25c4bdc1479f00943d1d8ea3f913edd65bdf38c7f6dc1bbffd314f65e,808.5446562121339,125270.1435235935,344321.1198215706
150000,150000,0,checkpoint-observed-full-front,ce1b3e33ef21b1f003ab43722e75743bf62591738926e9f3a44d469af0dd4fca,1140.1235603273656,114999.25286866337,319375.78170542984
150000,150000,0,checkpoint-observed-full-front,2f1714be6d62c4ef1c395505da1138b9cbcb063b072648c4224f7a1e4e660d5f,777.0444661171856,126107.9883266089,342497.90812244336
150000,150000,0,checkpoint-observed-full-front,0718a6b25c4bdc1479f00943d1d8ea3f913edd65bdf38c7f6dc1bbffd314f65e,808.5446562121339,125270.1435235935,344321.1198215706
150000,150000,0,checkpoint-observed-full-front,2f1714be6d62c4ef1c395505da1138b9cbcb063b072648c4224f7a1e4e660d5f,777.0444661171856,126107.9883266089,342497.90812244336
150000,150000,0,checkpoint-observed-full-front,2f1714be6d62c4ef1c395505da1138b9cbcb063b072648c4224f7a1e4e660d5f,777.0444661171856,126107.9883266089,342497.90812244336
150000,150000,0,checkpoint-observed-full-front,e1ed1d4bfd27439551d67d7a3971785acc218b3400dcf62bcb23f43637e95207,1059.1649502215907,117387.39563903246,330535.673975116
150000,150000,0,checkpoint-observed-full-front,d670fe3f6eced5e39b12866f2bbc42cfc0dde9617ed43549f61475e1d02439db,1115.470642445857,115728.75848565256,327988.5556584012
150000,150000,0,checkpoint-observed-full-front,85e21199c115fe54c619a81172eb6782c82bbfa1f263a80e0fb1ccd834ce5f2f,1077.6690622774365,118024.85354411192,326125.6045223187
150000,150000,0,checkpoint-observed-full-front,23ebdd41bd65cdf1949e07ecf504be67bef9d32fc83d1533ac80e918abf8f73d,1008.2546496571208,119018.1929466835,319526.00911122595
150000,150000,0,checkpoint-observed-full-front,d18b0aa906e31f7fb5f362e862d823d2346139a2072c867fe08f04d6e8591c5d,1141.9158520413762,115052.1120330173,319328.29131291015
150000,150000,0,checkpoint-observed-full-front,d18b0aa906e31f7fb5f362e862d823d2346139a2072c867fe08f04d6e8591c5d,1141.9158520413762,115052.1120330173,319328.29131291015
150000,150000,0,checkpoint-observed-full-front,d18b0aa906e31f7fb5f362e862d823d2346139a2072c867fe08f04d6e8591c5d,1141.9158520413762,115052.1120330173,319328.29131291015
150000,150000,0,checkpoint-observed-full-front,d18b0aa906e31f7fb5f362e862d823d2346139a2072c867fe08f04d6e8591c5d,1141.9158520413762,115052.1120330173,319328.29131291015
150000,150000,0,checkpoint-observed-full-front,d18b0aa906e31f7fb5f362e862d823d2346139a2072c867fe08f04d6e8591c5d,1141.9158520413762,115052.1120330173,319328.29131291015
150000,150000,0,checkpoint-observed-full-front,5a57a5b9e2c05a889f138dfa793a17898496d568ed736ada5f4741e92c40e6c5,1038.8209019762153,118473.26673772698,320189.7088255618
150000,150000,0,checkpoint-observed-full-front,96f54827f464b34de5b148498265b46ca6077f155fd60935cbea8a6fdb14864b,1073.128751230272,117631.81107040448,326636.01221167116
150000,150000,0,checkpoint-observed-full-front,edccc633ee7f39d2f7256179514fcdb93958a3bcc5700a71cd1363328d63f7e6,969.1650397164912,118971.09515578876,328028.803904218
150000,150000,0,checkpoint-observed-full-front,16b1a9b534fbb01baa226b6ce8ebc31ea9f4204dca1f5939b84e61a6189dbf20,789.8505843703268,126016.36221490531,341574.15718482656
150000,150000,0,checkpoint-observed-full-front,48882c0c9309f957645fbd43565af3655e4c52e4ee01ecf132ddfa3e23590859,1098.2226683558426,116612.76064024921,328888.28976531536
150000,150000,0,checkpoint-observed-full-front,fb0ec46e4d17776371ca47163d8b89ac1d5738d26a77a36ee142ad7ba7c2b26e,802.5756245136085,125647.62906876166,338058.58701622917
150000,150000,0,checkpoint-observed-full-front,f9eea8a2721b7d2277a798f9cce3cdd73c20b5b5231885b46a9b8a38769352cd,1098.2226683558426,116517.89108581012,329695.554041498
150000,150000,0,checkpoint-observed-full-front,d0e4e3238028870c574e573edee4382d0b5467626bbe7f2b0fbf8bf9ca51cc10,795.8366367247914,125834.6887803071,340572.7233643037
150000,150000,0,checkpoint-observed-full-front,ff51da1906e6c77e81026d3b01c8754fc345af045124338345c6375b35eef45b,1076.6920661461943,118064.29636007678,319603.7971356277
150000,150000,0,checkpoint-observed-full-front,115e929fd9e4c51483d31b7f1aa2a5d7384ac0a0a1918c53752a05bd4d729708,1140.8440294891066,114821.94256585103,319499.08126967156
150000,150000,0,checkpoint-observed-full-front,04f9f44d88d7b51ded09cfefab56ecfbeb15a47adfa7c68b9a62c1309947e0f8,1087.3830978318558,118258.59345291823,319548.6556273775
150000,150000,0,checkpoint-observed-full-front,890013d1eabac45c63ae43b4c7a751771d36a5198cfe95407eadaf45715946aa,1007.5500506518603,117710.33161091944,333435.8675314961
150000,150000,0,checkpoint-observed-full-front,e1139fc8fafabebe79711c17bc55b100b3ab271f06de314f84cfda872ce9ab16,1020.925154187185,117458.91502581479,335819.42721371714
150000,150000,0,checkpoint-observed-full-front,6359992bad663c7748003464cb3ff1df3b144b21402fc7b216836b3dfef3eeb2,1014.5055539663904,118507.94474800934,329773.16380875104
150000,150000,0,checkpoint-observed-full-front,86ead30b60dc01e1375157a478834cc00ad01e4b9575505731b29de13609af4c,1007.5500506518603,117710.33161091944,333435.8675314961
150000,150000,0,checkpoint-observed-full-front,1105afe9962c18a62f31dc1ddcfcd3bf15da2337663a09880932dc46c68fda60,990.5955521869449,118133.5753377516,334872.85195411555
150000,150000,0,checkpoint-observed-full-front,8a329b0dda19d937466c861ba6f501f3e51c0d4f57efcb085793028f1d8625aa,1035.735551220118,117302.15369641877,334422.3863756919
150000,150000,0,checkpoint-observed-full-front,8d3a5ddce0a0970466b070b5d50093c4ec364b1a4f35ba82a17c5e770862144b,769.6488620948279,127851.8975451213,341190.95537654415
150000,150000,0,checkpoint-observed-full-front,4f84618d7a10767427c5b9954c14105f0574ebff3b2379ed8ec99ef093609b88,769.0664179985137,127932.48698752247,345161.973221172
150000,150000,0,checkpoint-observed-full-front,dddee8225cfc64f62dd7e2e51bfb59d9a3492d477e1cecbffaacf0b1144420b9,1015.8927807608511,117900.07685780898,328364.78782063094
150000,150000,0,checkpoint-observed-full-front,477becd526b410b8c40d067f74e95c0e472ee29c277467f2a72b4817ee7744d4,1049.8043891059108,117790.16493564192,327626.22673702554
150000,150000,0,checkpoint-observed-full-front,5390920e0f20787b96e1d0ab676b48f2f301e9f4d8f66cf8d3011d79e5f79f57,888.8833136242033,121200.16933999721,324749.83417032403
150000,150000,0,checkpoint-observed-full-front,e457b5bf9da9c001c9a37d1dd5b387addada760b0fcb254196c31ad7a0ed51e7,1031.8010969109862,119008.78870491334,315766.75774146116
150000,150000,0,checkpoint-observed-full-front,11dd9610bca5051d055b4161e491517ba357ec7362542e59e507f0afad98cb4d,997.602591951109,119092.50136245706,317426.65949937125
150000,150000,0,checkpoint-observed-full-front,7ea06cb009201d566889f791ff5e207b1b50dd1045f9824c6fdaeeb024195b96,784.1134737053067,125725.11844795887,343293.8855415138
150000,150000,0,checkpoint-observed-full-front,1fe0853a9314ca8f438753df25de152b3e40db034436176238dce65463688013,1103.7566303570563,115897.78429134074,325944.8956823412
150000,150000,0,checkpoint-observed-full-front,67bee07d4ecd71700641af86a03b8325c11638ccb73f2c4f9de4a2d903ecdf25,1056.880910079056,117627.68119022809,327163.0359641973
150000,150000,0,checkpoint-observed-full-front,074328bca6be8a390cae205d0d0eec5fd68998f38bb4500a1664f9c340277fcf,1080.350063384704,116835.70121033146,328335.8241349199
150000,150000,0,checkpoint-observed-full-front,b304f36894a39e458363ea2a33f60d487ef05dc83c632569ab95b398d8bda47c,1069.6549850085894,116845.0163663158,332797.6583636445
150000,150000,0,checkpoint-observed-full-front,8f7ab855b27ace41c7be16858699fc83a9d7769b22829013ab6211622e749cc6,1032.982220003017,117359.24539666148,332866.89862040087
150000,150000,0,checkpoint-observed-full-front,a7550999315f630aafcd9eed2c537df00aaf3840d4779c884240c5bce4b75696,1164.359121876369,114813.19682878393,317767.5050874994
150000,150000,0,checkpoint-observed-full-front,4cfb2bdc1d712e96dfd35491aeb9bc48701526f4cb54fdc53b85b2119d8007dc,1144.5369829947808,114775.32894616068,318780.1685868167
150000,150000,0,checkpoint-observed-full-front,f5710874edf15f975d92223bfc30ff78d7b259548f587c59f8a2e693a05e502a,1086.4120148648403,116714.526956123,320662.9134755591
150000,150000,0,checkpoint-observed-full-front,125e7798e6f28470d48e338b102d7246f9160656c112a005782d2b895445c263,777.0444661171856,126229.68138423045,340599.88320490136
150000,150000,0,checkpoint-observed-full-front,b1714a2dcf1493164891f93b74f42f601a5207c4b5674f62833ff0a10af2eda7,968.1436959270966,119540.13146539075,321610.05409409467
150000,150000,0,checkpoint-observed-full-front,672bb95fef98e95555af12d07402fceec5954cea1595c2a46b04e9fa9f601c37,1066.6151960291156,118170.46796516818,325569.78747372836
150000,150000,0,checkpoint-observed-full-front,e705efeb0ce6587f9d898164e852068f6c80d3fa16237036b0b91e2e489ac588,1118.2513641965095,115968.90485612313,319002.52400098694
150000,150000,0,checkpoint-observed-full-front,c885ef5649b0d73b6ed3b9bdbc414dc5160e4e0b0346dd84c01b81e1ccf66705,1164.359121876369,114813.19682878393,317767.5050874994
150000,150000,0,checkpoint-observed-full-front,c885ef5649b0d73b6ed3b9bdbc414dc5160e4e0b0346dd84c01b81e1ccf66705,1164.359121876369,114813.19682878393,317767.5050874994
150000,150000,0,checkpoint-observed-full-front,cc16df5d4c53ce814f453c594f96b06ac2075e959bf3aec8ab7c295e5b3d1607,1141.9158520413762,115052.1120330173,319328.29131291015
150000,150000,0,checkpoint-observed-full-front,a7550999315f630aafcd9eed2c537df00aaf3840d4779c884240c5bce4b75696,1164.359121876369,114813.19682878393,317767.5050874994
150000,150000,0,checkpoint-observed-full-front,299212f6d9705788d9b60e9d902a7ba42ea5f7078617edc0c25a4a549919d598,780.9123992437926,126212.95826283134,339574.7057504932
150000,150000,0,checkpoint-observed-full-front,88bfc3949a8dfd150fdce79392108d3698dcf4279bc54e48038212a16e80796e,1204.8589648297832,114596.03249111894,315170.8541967645
150000,150000,0,checkpoint-observed-full-front,f0c092d5f84f047e79270588ffa1ab6fa97a9722e542c612f057389ce180ce18,800.8730818399692,125646.73081927124,343693.01106828614
150000,150000,0,checkpoint-observed-full-front,69bf79e3115263579c67308574e722a34d9eec3ba3ddc183a753a4655930446b,777.4675072785228,125791.03686241426,343080.44347696914
150000,150000,0,checkpoint-observed-full-front,42280e9d1b708586424882d95268f2b344ffcf8d7d6d0f52c2d884ae06eb2955,1194.4848151743386,113893.93410542319,318037.66813679587
150000,150000,0,checkpoint-observed-full-front,7b57f192a54393348abf05aa48ebb055994a0059eb13c9842a3d0629ed81a8e8,783.9674907579811,126122.68514067492,340393.36060277023
150000,150000,0,checkpoint-observed-full-front,7b57f192a54393348abf05aa48ebb055994a0059eb13c9842a3d0629ed81a8e8,783.9674907579811,126122.68514067492,340393.36060277023
150000,150000,0,checkpoint-observed-full-front,10b4f5b43f0bae17c3453a75108b35436d897c9143d9dc9fa511ee999e4ae63b,1166.3516401866684,115120.29410461179,315965.91391354275
150000,150000,0,checkpoint-observed-full-front,f03346292098dab822791eee0cd2d047ae988a4cdd1dc55c6a281f76ede281fd,1056.9156002214957,116972.44855163539,338631.3290930198
150000,150000,0,checkpoint-observed-full-front,b0c9d7cb998701a1172f35af5aec5dce4d76ee3b8cfb41f7f7ba479ae4c82b5b,1189.494821981617,115065.6512832676,316417.2518024884
150000,150000,0,checkpoint-observed-full-front,e6241f4affba8f0cfff0e8fc289e172b4a7ea5b60f91771269302c845525c556,960.3756607995493,120283.21906386048,309518.8877062099
150000,150000,0,checkpoint-observed-full-front,74c90f02ceae2e26d9c1f7e3e470d959fd324f3932ffbca821f2c2daf945e9ab,943.0100993467497,119350.64060923102,329730.12655340286
150000,150000,0,checkpoint-observed-full-front,5c9d88894cd8511f7913bb022442f492706d4434825ed8b91a8f29162b2d2997,990.0029787834214,119473.03877508982,324899.66793042654
150000,150000,0,checkpoint-observed-full-front,489d8c7f530b5b37c25d0467986e9575471f4649061844c20e6e471d51a0d8e1,1008.3901558550165,119016.34913745517,318874.2442991899
150000,150000,0,checkpoint-observed-full-front,d20798f97952849fa2ee13da6298e655d73be467dd7b1f9a5e3be8430317497d,976.3703501047348,119121.2179410054,326178.0838494834
150000,150000,0,checkpoint-observed-full-front,fa292ae14c6f52604fd4d1bc556558df33a641dffa3d769f4c1f8252c54ca138,1010.8380562896757,118943.41798248529,318808.5737047569
150000,150000,0,checkpoint-observed-full-front,9e0fc253f93fd54c7ca6c18146d99701128ea086a8a4f6e124aa70984933e8f0,954.7339008582106,119681.84294794899,323332.37650767516
150000,150000,0,checkpoint-observed-full-front,0a44078d6f5885f1698c478c5e636e21fac59b176017cfb886ace3a1977968db,961.6049255552628,119806.52808008416,319528.7875313775
150000,150000,0,checkpoint-observed-full-front,c74a42019849a245a7ea634436924f3d40dedf1eb718f77d2a24c2aae1ff992b,883.9967308421121,122000.6165382497,317682.41148065124
150000,150000,0,checkpoint-observed-full-front,9af1c50ebb264a1c0f2c1f0c32a750a691c88e2fb433ee85c229a3a8f91cac59,886.5856911219847,121596.76119621367,321609.50482511637
150000,150000,0,checkpoint-observed-full-front,920efd04dd3fddb4e0c9273882f8ff7e27add1c2e73ac6e174beabb129d79dca,1022.268179395857,119388.66748695658,317193.78852158494
150000,150000,0,checkpoint-observed-full-front,6a8c4ab53616b0c901f6679c9a30a5e9ea4df7ddb6630178627a055f68510319,1081.4306783541722,117382.1513280797,325808.27432873764
150000,150000,0,checkpoint-observed-full-front,ea30b27e4310268a9ebb6fd8e3b06d0077a94fdc39eadc10b20da3392e46c9f1,1164.6124305535373,114234.92339863718,319555.32412592764
150000,150000,0,checkpoint-observed-full-front,79ef5ee4a1e7ea47b947b3234c24cdfd0c50355a891a21ac2a018b58cef4d232,808.1162502937143,125583.74044146354,340819.7983039172
150000,150000,0,checkpoint-observed-full-front,0d570a708e46e7b7c6a081b9c410947b338113f2997603dfa89e9981f5612e00,998.0637412243004,120144.41305529868,309034.8981512449
150000,150000,0,checkpoint-observed-full-front,f2d3824fcc0dc6f8a8e4931e86fffa48f77511dd696e3c3642dccf9684fb7d02,960.3756607995493,120283.21906386048,309518.8877062099
150000,150000,0,checkpoint-observed-full-front,d37385e71c64f91d0bd55c2770adc104b1a8b76d711a572a2489a59e411ef226,916.6648056391692,120818.740460634,314532.05392565945
150000,150000,0,checkpoint-observed-full-front,f1a9dd0420357fe0f092426766bdd400af7c4137c06785ce1a39e73aaad2b43d,916.2684877271254,120569.06892113003,317597.86120607296
150000,150000,0,checkpoint-observed-full-front,9d6b84340072b0f238ef947e2da5b8c61287d645358d67e1eb97d6dcb83508ad,907.7071538555705,120473.70400461592,322542.2310634271
150000,150000,0,checkpoint-observed-full-front,9dbdf1c0a644cf1b72c34c016a6a3b483611d983289c3ae6dc1ccd6eeef6a637,906.9345966319876,120714.80720880575,315786.40952888376
150000,150000,0,checkpoint-observed-full-front,0110eefb78e6193a3ab6555487f7fde961421e63d5a688b3836085c2b8207f80,916.2684877271254,120569.06892113003,317597.86120607296
150000,150000,0,checkpoint-observed-full-front,ae34621e516794ce1a8d5eee91e14329cd8cda2ac9640b76c459c134b4f71f53,879.9346847817635,121710.14705490392,317746.7359925475
150000,150000,0,checkpoint-observed-full-front,8e0e43494f3af7b033c4e5712dfbfbf4c918bdbcef60983375057136099448c9,912.1493191003942,120296.6912058476,322456.87999034853
150000,150000,0,checkpoint-observed-full-front,da314343351b72c1d7d5605273f66dbb2076d10184582fc6d0c1b1e911f959ec,907.7071538555705,120473.70400461592,322542.2310634271
150000,150000,0,checkpoint-observed-full-front,4a2e5ead28e52d55c6dc245d84f8f82272455cbbbcfcc047185ccc6c993258d4,969.8485017138283,119909.71292193444,310496.5705100184
150000,150000,0,checkpoint-observed-full-front,71d08c87652fc61d84bad9f617fa3697cb7ec921e6a785035397c444a97de5bf,782.4272334750228,126818.96748967125,336070.2683155447
150000,150000,0,checkpoint-observed-full-front,73cf077aec2adb913af537579ab876f34f675362b7172136b682df94381d47ed,968.4053238260657,120341.74687759818,308313.1891586145
150000,150000,0,checkpoint-observed-full-front,9552107fd35e82c0c2ffd5c20668c52185e6b9932a65050cb5dfded86a973c31,777.4675072785228,126264.4393325927,340592.77734608436
150000,150000,0,checkpoint-observed-full-front,4648308e429a4090f8e810b4abde843bfc2f2c01fec8e4f7ab73aa5cea02a3cd,1011.0020101039656,118816.78339189287,332843.3326460467
150000,150000,0,checkpoint-observed-full-front,2758ccb4ca24b6dcafd5d731861387eade451118a35e66c3406ecc4048bf4353,963.1201815000172,119260.02759132016,339231.89020779135
150000,150000,0,checkpoint-observed-full-front,ac981efeb3395430c6bbf59aa4cf577c90cf513679f2028706f9f25e62a9338f,1180.74732030316,113959.2400002983,319207.05813309766
150000,150000,0,checkpoint-observed-full-front,10b845bf51014216f0066667fd45feb8933f22187b737511d14c2e4d337f2d12,981.9108043045641,119709.05782703587,313760.4774276435
150000,150000,0,checkpoint-observed-full-front,ed8b856c3c7acaffc8341260d50a37a9352f199c4b9f0eab0289a6c2ef4a0b68,899.8123007373999,121436.82629415419,316110.6402989486
150000,150000,0,checkpoint-observed-full-front,3deb9eb79d35e51f654ebb2fc2d4fd24409eb28d3703a9b3a8409900f2ce78dd,1172.2751109618064,114090.6272399271,326354.70373896166
150000,150000,0,checkpoint-observed-full-front,f0a056fbbd006df86fc6f1d5bd4e86120f9086734ada0fe182300aa412571c69,916.2684877271254,120569.06892113003,317597.86120607296
150000,150000,0,checkpoint-observed-full-front,c4e4f78bd53ec9920b85b96b120a7f10c8c03a24ae3679974d86dc98ca5e3245,1215.9270865173303,113972.5751345442,316042.15233906225
150000,150000,0,checkpoint-observed-full-front,aea98e18477e8e601b267295c9416cb98e8000ae63e3fdf3820732942caab7d1,926.1552158707137,120713.34228236036,311101.19589454256
150000,150000,0,checkpoint-observed-full-front,630f668555010fb714dd1eed3243b86add516c520c6adc650c9afba04035ba44,902.0394825445953,120728.97679500381,321111.9578624537
150000,150000,0,checkpoint-observed-full-front,329f5db4fbd09d5d641727e9394e3c7e94e40812b044ecbbfe658a97d71322f4,955.7342324520288,119862.5205870124,312608.0427214273
150000,150000,0,checkpoint-observed-full-front,b9bcab18e8e3c72fc5127d6c64c32b5116bcbcc70bdd954a1b042c2a1623dd0d,969.8485017138283,119793.14843550262,312647.0366643501
150000,150000,0,checkpoint-observed-full-front,34fa51e2eb3a9f8d99a229d4cc39fd18546113177e8e6ac79187bb480c2f4d00,917.2687936280344,120317.59259279963,314142.04066639696
150000,150000,0,checkpoint-observed-full-front,232bfd4bd528fadb218aa8fcbe279f0a7df3829383f992df348ffe5ef774a64c,943.8901905599911,120346.9703536912,308907.90944985085
150000,150000,0,checkpoint-observed-full-front,6f897470971f028b03904ac34e3fe2feffcdee22b7bb3e8263b8ce3456cdf9dc,1122.8706709734163,114807.59001970978,321518.6450225401
150000,150000,0,checkpoint-observed-full-front,e71d7682f03ea9c2d62ba99c089265db6d26ad709197d434cbf24c09e722d8a6,1120.2741265160626,115468.00663631239,324558.4250807505
150000,150000,0,checkpoint-observed-full-front,af500e362018d72c04852366ffe684fdda632a1545457b79cd8f1a7c4b5332cb,955.0383931002025,120677.46100258525,308074.8497943536
150000,150000,0,checkpoint-observed-full-front,bf80c2b1811540497b8a501322d8c6e766bd734aea95c2df3747ff4ce969f2c2,926.1552158707137,120640.4176502105,311678.7621937431
150000,150000,0,checkpoint-observed-full-front,c0bbcddad62d07e58cbda987184b741f2cd37323671f075201bcfd39acf4614b,928.6018895085165,120971.13232057779,310685.1977321873
150000,150000,0,checkpoint-observed-full-front,fdf593f4c7cde7bf721ed50abce49b52ec6de2f8909059334c24e18a9365be34,1209.571015677362,113741.59843691281,323886.1086811883
150000,150000,0,checkpoint-observed-full-front,dbe0d981e6dc2db387604c7295887d74868b4b505badc8cbf4805cfee437a923,1017.2170763282589,119699.55180316445,311167.62653647014
150000,150000,0,checkpoint-observed-full-front,dbe0d981e6dc2db387604c7295887d74868b4b505badc8cbf4805cfee437a923,1017.2170763282589,119699.55180316445,311167.62653647014
150000,150000,0,checkpoint-observed-full-front,fa7268c6f71c0beecbf8d48d871e350c2298d69e73e9a6d7b17974c460506e36,979.6327865492046,119891.36141868803,309252.4475125673
150000,150000,0,checkpoint-observed-full-front,fdf593f4c7cde7bf721ed50abce49b52ec6de2f8909059334c24e18a9365be34,1209.571015677362,113741.59843691281,323886.1086811883
150000,150000,0,checkpoint-observed-full-front,96a49fcad83f64d2e2ca5d9d78131b0f90e4a0d2adf0ef0d4d9f6997650c100f,979.3862233428954,118855.86147524836,341311.300638007
150000,150000,0,checkpoint-observed-full-front,928f158d351fe70a7342b3408a403644f944ca2173dc597759860912d07a6e52,1159.9616938776098,114247.23253954078,317849.63238741277
150000,150000,0,checkpoint-observed-full-front,0eb5449861f5eabe8a333686e5936d0c4f854ebfbf2888df65960f4703ab9397,917.2687936280344,120549.41896586222,314042.8741242756
150000,150000,0,checkpoint-observed-full-front,fddf6bd7befcbdb027c1c43904d839115393bf270f23ceb8f5c8cef101fedf72,955.0383931002025,120677.46100258525,308074.8497943536
150000,150000,0,checkpoint-observed-full-front,af500e362018d72c04852366ffe684fdda632a1545457b79cd8f1a7c4b5332cb,955.0383931002025,120677.46100258525,308074.8497943536
150000,150000,0,checkpoint-observed-full-front,a67b86523d29267bf97197673647998d87db40d9b0b43d5925d4d7c6b7a6bcc6,1209.4920734852592,113778.67729067933,319127.844932341
150000,150000,0,checkpoint-observed-full-front,970aa7f8a023b6665a58a2289184b7822fe0dc4cd4830bc257f9010734d4a11f,1197.258101241941,113833.1000942474,318915.7025989973
150000,150000,0,checkpoint-observed-full-front,3b915b6f4aca00b70ac7bc0ceb6d360477c4aa282e2483de3c5655257fa8a338,950.922759967098,119760.28973819947,319760.0665062982
150000,150000,0,checkpoint-observed-full-front,61d165d119a6873a2485ddb9d43cec0c821820d53ddc78bcb15723591afa1177,916.0291467680894,120466.17303541419,320270.48570553085
150000,150000,0,checkpoint-observed-full-front,446e7af0b5e8d957fe833217320fe9182465470470104f21bb82e505848547e1,906.9345966319876,120788.89278620158,314908.84125860303
150000,150000,0,checkpoint-observed-full-front,7b9a38c9c393247596964e4ba69bb74b1e3916539f6c513fe3fe84b7979c0203,953.7593382962615,120213.63991687883,310670.6974030738
150000,150000,0,checkpoint-observed-full-front,9d6b84340072b0f238ef947e2da5b8c61287d645358d67e1eb97d6dcb83508ad,907.7071538555705,120473.70400461592,322542.2310634271
150000,150000,0,checkpoint-observed-full-front,ae23e537ab4f5dd2519216e5cabc518f2ea7407dd41027dabff94f581dc9797f,1193.1582620850693,113885.80203709475,320187.2483654306
150000,150000,0,checkpoint-observed-full-front,cfbd0a6975c6352158ab2531770457ddf4f9e972268da8fa314f15e1bb84fd6e,1185.4559033238822,114418.09644957518,317168.2066107743
150000,150000,0,checkpoint-observed-full-front,a716746858d193dacfb45f538f68729475e56c73cf8cc0a08ea006fb550d8bc6,1199.474025523988,114873.83247996488,313312.2285722897
150000,150000,0,checkpoint-observed-full-front,85e15c5a7c98ffd3e99c5516ad6d2d088b488cb64dc7891d91994e3897c7e777,1212.1039268083312,113776.49354781359,321879.080233539
150000,150000,0,checkpoint-observed-full-front,b40303fadf3825a91ef1fff76003f609a17b5bebafcfcdf4299896aa4bacc3e8,806.786984977718,125541.76836569133,349170.2867672378
150000,150000,0,checkpoint-observed-full-front,ff99a64ce4ac3f524d886a9b1c8a33cf5d4e933e0d41cbedbbebf0ae441325ec,966.1183766289912,119492.02051217831,321882.7943834029
150000,150000,0,checkpoint-observed-full-front,fdf593f4c7cde7bf721ed50abce49b52ec6de2f8909059334c24e18a9365be34,1209.571015677362,113741.59843691281,323886.1086811883
150000,150000,0,checkpoint-observed-full-front,90fa6edde10c0d4ab363f146052f57a254ad97501d1adfac6e17aff04ba63972,830.3165263628096,123743.94376730737,331441.56988929526
150000,150000,0,checkpoint-observed-full-front,ae13ede7b7d1c82e3a612d9cc6d2200e016201b13881353fb805550ba7b92b73,981.9876132357487,118729.72219279292,338188.1005036275
150000,150000,0,checkpoint-observed-full-front,e01b6370346811a18983defb4f1f72af34786ffb04c2ee4c0e3edb8b692a7669,777.0444661171856,126229.68138423045,340599.88320490136
150000,150000,0,checkpoint-observed-full-front,ae23e537ab4f5dd2519216e5cabc518f2ea7407dd41027dabff94f581dc9797f,1193.1582620850693,113885.80203709475,320187.2483654306
150000,150000,0,checkpoint-observed-full-front,1de4be5c273f8f7f813697eb618b793a450f852b3e30e8b2eedca5ce398c9265,900.8707803372919,121300.89003754823,316380.774201196
150000,150000,0,checkpoint-observed-full-front,6c34ee7f3ecd046582c917c16c864008178ca10580fcda1355efe085a51de7e9,900.8707803372919,121300.89003754823,316380.774201196
150000,150000,0,checkpoint-observed-full-front,0d5dd4d4521d0915b2503f04b89b8db62d163d5f0a09b27d8ab17112d3bb2def,1136.7238984007254,115736.2435525324,320019.8501606184
150000,150000,0,checkpoint-observed-full-front,6f9f0d54a699c491d194d1d6766cd1d82411f3cdb61903a7412e8f8bed591a79,926.1552158707137,120640.4176502105,311678.7621937431
150000,150000,0,checkpoint-observed-full-front,0565446c0b36d16a002f98f15d5290c44867ee63ac4d607215b5d4bbe53c5976,1152.99024396655,114721.19146327022,325716.6407335801
150000,150000,0,checkpoint-observed-full-front,e2d8249f49d939eec06b46e8ad2abb7ae0c351f34d2d0e8c9741abc9b4a7acdd,926.1552158707137,120198.42589304928,311972.1243678568
150000,150000,0,checkpoint-observed-full-front,cabbc0885f1901a1ed44525a5ea915afebbd504280dc2b7d0e7554c50d59aae9,1178.5634956731958,114197.25648785103,317387.6205868931
150000,150000,0,checkpoint-observed-full-front,ee36074105ea46e492ab079f12219b5c9c84c5bbde3df7952a9f9fbee6e09ea2,1105.8497459544021,115691.1055164354,336577.5099658009
150000,150000,0,checkpoint-observed-full-front,a67b86523d29267bf97197673647998d87db40d9b0b43d5925d4d7c6b7a6bcc6,1209.4920734852592,113778.67729067933,319127.844932341
150000,150000,0,checkpoint-observed-full-front,fdf593f4c7cde7bf721ed50abce49b52ec6de2f8909059334c24e18a9365be34,1209.571015677362,113741.59843691281,323886.1086811883
150000,150000,0,checkpoint-observed-full-front,310a39d66fae346c26671b3062a38984c026baba335c855cd76391073f63b1b2,893.3160642604074,120984.07806592676,317378.8301387392
150000,150000,0,checkpoint-observed-full-front,fe8d88b3abbbf6c96b4b62adb5a44954d9d6cd62c0634e6a3dd8ecacfea1c301,1207.4573505724827,113818.15279768192,324256.4028177307
150000,150000,0,checkpoint-observed-full-front,6bb11f1bc70a7ec767cde2ec4274bf2a4cbbd0daa3091eec27b44fb88c6f7987,899.0373828631735,120954.82684927095,320439.964000214
150000,150000,0,checkpoint-observed-full-front,164afd24678c6fa160d7e6120c6b556d066441cc6579670a9b685ef9a1c910d3,926.1552158707137,120624.79932556162,311696.7187349681
150000,150000,0,checkpoint-observed-full-front,eb1817ad14ac3b45c1f2a89ab28a8a62062953aab230054ba0bd8c5b3238e9c1,1191.344725717466,114026.37147249412,318299.67515041016
150000,150000,0,checkpoint-observed-full-front,3783e8d1b85f442c3083835471789eedbe77e83b9ad4a12bff6860e7acbeefe3,955.0383931002025,120677.46100258525,308074.8497943536
150000,150000,0,checkpoint-observed-full-front,6352fc435f63df956421c41dfb49389eda9db3ef35d8c4be7aa11ba0b9a6fa0d,1154.6272558641906,114592.04384215514,321983.9419433315
150000,150000,0,checkpoint-observed-full-front,d4572085dcf1af62083de7ad934f58ae83997b629314920786bea60b566af4aa,955.7342324520288,120268.04066133668,309608.2153078741
150000,150000,0,checkpoint-observed-full-front,325c18c7bd267e3865c73c5e1b999411e5dac4dfc139109706675aa46aa19d74,971.3399626091491,119820.64928123138,310032.88301053375
150000,150000,0,checkpoint-observed-full-front,a1e2d82fbcb64fd657b5a3ebecf295fc91fbe13880b035e619780d1ac1d8e56c,902.2699975173668,120891.69099085385,319199.2305327325
150000,150000,0,checkpoint-observed-full-front,325c18c7bd267e3865c73c5e1b999411e5dac4dfc139109706675aa46aa19d74,971.3399626091491,119820.64928123138,310032.88301053375
150000,150000,0,checkpoint-observed-full-front,1493e07558aabf722bc2c62c2b4eaad3559c1085e2eb8c86a7e69a28f7bee9cc,1102.2707684007028,115899.9049956841,324036.8079251955
150000,150000,0,checkpoint-observed-full-front,325c18c7bd267e3865c73c5e1b999411e5dac4dfc139109706675aa46aa19d74,971.3399626091491,119820.64928123138,310032.88301053375
150000,150000,0,checkpoint-observed-full-front,8dbf1bfcd240b32737143cd4406ecc1df57488af8668b0cd3bfcf0360a07e342,900.8707803372919,121043.71655630438,316937.6941841589
150000,150000,0,checkpoint-observed-full-front,425a28566c3f9b9f95f858f1c2cd3ff8012a1d11675f00750f28a1ae9658feae,802.5756245136085,125589.07430547968,339031.1320574874
150000,150000,0,checkpoint-observed-full-front,e5c12d57c9c0253fc16b5922471bf7f12f1beb9e1b0126bdbbbc4b5cd092e9d5,955.7342324520288,120466.32691072667,308079.73121576896
150000,150000,0,checkpoint-observed-full-front,4e493f8b7d6b569fef70ba9f9cecb65f26476e8702b2690b094e7cf0a9f455bb,777.0444661171856,126229.68138423045,340599.88320490136
150000,150000,0,checkpoint-observed-full-front,4e493f8b7d6b569fef70ba9f9cecb65f26476e8702b2690b094e7cf0a9f455bb,777.0444661171856,126229.68138423045,340599.88320490136
150000,150000,0,checkpoint-observed-full-front,c3a05656ba94545a4183384f08ad1ae7bc7fed44213ee8fd1fb7e3a85fd52128,955.7342324520288,120466.32691072667,308079.73121576896
150000,150000,0,checkpoint-observed-full-front,f7d645ac0668a989cb1c21a15466229052980da1f7000cea13e00647a1359e8b,772.8057976369547,126665.97996151763,337694.9718423567
150000,150000,0,checkpoint-observed-full-front,125e7798e6f28470d48e338b102d7246f9160656c112a005782d2b895445c263,777.0444661171856,126229.68138423045,340599.88320490136
150000,150000,0,checkpoint-observed-full-front,794e90a20d7865e8711898c87a00f9990e6932f50316cca4cd70f6df5e831f8c,906.0083700864512,120597.50153680259,318549.8902065968
150000,150000,0,checkpoint-observed-full-front,11fd988d3b59b4bd70b005fbba606d7e423c73c621290e9b6f86ce40a8ea58c7,1209.6399578755131,113847.14224601706,318512.0969094197
150000,150000,0,checkpoint-observed-full-front,0ff65f283d32aee8d9fa96cc9dc2fc7f1e39c8a296c64c0e3b172b50e9958503,955.7342324520288,120323.20151890593,309463.90947214543
150000,150000,0,checkpoint-observed-full-front,11fd988d3b59b4bd70b005fbba606d7e423c73c621290e9b6f86ce40a8ea58c7,1209.6399578755131,113847.14224601706,318512.0969094197
150000,150000,0,checkpoint-observed-full-front,d7a316d3c7db834cab489be942e6483cac1b081964bd068d1c704b51d6aa6460,955.7342324520288,120466.32691072667,308079.73121576896
150000,150000,0,checkpoint-observed-full-front,6230640448d5400a9c46ba2141ede569d210b7159ea57f4867b624f5f4c5e8f0,1179.4963584548632,114141.85310708193,321540.5568463581
150000,150000,0,checkpoint-observed-full-front,7260045357eec8c41cd40fbd5fcd2c17ed456024bbc979f563cee38cd3e61517,1209.571015677362,113759.7873614546,323525.840312574
150000,150000,0,checkpoint-observed-full-front,a67b86523d29267bf97197673647998d87db40d9b0b43d5925d4d7c6b7a6bcc6,1209.4920734852592,113778.67729067933,319127.844932341
150000,150000,0,checkpoint-observed-full-front,32ac084169746af5319a8061b770fa9bdd57b47d101977a4de0a6c8ac9200729,964.7309011120673,120274.60171971557,309181.6466192863
150000,150000,0,checkpoint-observed-full-front,32ac084169746af5319a8061b770fa9bdd57b47d101977a4de0a6c8ac9200729,964.7309011120673,120274.60171971557,309181.6466192863
150000,150000,0,checkpoint-observed-full-front,a67b86523d29267bf97197673647998d87db40d9b0b43d5925d4d7c6b7a6bcc6,1209.4920734852592,113778.67729067933,319127.844932341
150000,150000,0,checkpoint-observed-full-front,5366a4007b92f86e95221e0ae7b1abbd36752788bebcbff5fefd9f20aeaaae82,888.9546300490691,121272.32229366468,319926.75554003427
150000,150000,0,checkpoint-observed-full-front,b1dc58e569f738d8a9ef017319af030fbf19574fef06e8212c8741144f51a209,1219.2738959323244,113685.96376480072,322288.86595113075
150000,150000,0,checkpoint-observed-full-front,e5c12d57c9c0253fc16b5922471bf7f12f1beb9e1b0126bdbbbc4b5cd092e9d5,955.7342324520288,120466.32691072667,308079.73121576896
150000,150000,0,checkpoint-observed-full-front,6cc41eb74b9c5bc93d1194f100fedadc54760ba29fd79dac4e553bcc8ae3343c,964.7309011120673,120274.60171971557,309181.6466192863
150000,150000,0,checkpoint-observed-full-front,e7338adbd8e1d967549e75e5e6331d2aba6e0c8749919e97b959694f586e4661,942.7959484345404,119777.91973890117,323728.4108766077
150000,150000,0,checkpoint-observed-full-front,3ae94412d5682e438d4c643d44c637fd3b933c7a284258cee8f7c3f47eb4f30a,964.7309011120673,119583.87088101506,313804.1662165683
150000,150000,0,checkpoint-observed-full-front,b5e38c7aa1db1e088fe5b603c7e18bf6668cab873eb8fcf269c5508a4b5d7283,955.7342324520288,120466.32691072667,308079.73121576896
150000,150000,0,checkpoint-observed-full-front,3ae94412d5682e438d4c643d44c637fd3b933c7a284258cee8f7c3f47eb4f30a,964.7309011120673,119583.87088101506,313804.1662165683
150000,150000,0,checkpoint-observed-full-front,f3294585ede6318c8e5821acd0a9b6f47afc0dba9a0ea7daa5da73b8cb02d284,795.8366367247914,125743.9877754223,342456.99596720154
150000,150000,0,checkpoint-observed-full-front,eb3b60d614c1b53e52c3686a688a708424d73f53f9a0e538f2ff1b9a3aeaf38b,955.7342324520288,120323.20151890593,309463.90947214543
150000,150000,0,checkpoint-observed-full-front,b0c1d9c09b270fcf6168364df7791bb57868a338c92927415ce878e56c25205a,795.8366367247914,126028.49118235004,338449.7522165575
150000,150000,0,checkpoint-observed-full-front,f7a703c9bfe776972e872c157130b7dbdc8cb7c1c91755fbfaf6ebbe85ca5b01,1016.3929714701297,120213.08781270287,308852.23731852823
150000,150000,0,checkpoint-observed-full-front,dba6fdebd2c3a20a72bad3cdc7cc8a5bd7ccb7d6f2e55da2ae609ca31242a609,955.7342324520288,120323.20151890593,309463.90947214543
150000,150000,0,checkpoint-observed-full-front,dba6fdebd2c3a20a72bad3cdc7cc8a5bd7ccb7d6f2e55da2ae609ca31242a609,955.7342324520288,120323.20151890593,309463.90947214543
150000,150000,0,checkpoint-observed-full-front,70bac3a6bacb4fbb7f870f2c55756efa41631c2aaa3fd3356669a94aab31ea1e,957.5434353043661,120094.56774307281,309986.19673269294
150000,150000,0,checkpoint-observed-full-front,bed44fc61466c12369954eb971d2e439538659a437df62cc27dd53e65e6a316a,955.7342324520288,120323.20151890593,309463.90947214543
150000,150000,0,checkpoint-observed-full-front,01f80ee27051ec2a22a1f8d24965ce24cf35f3fae56622e82b807d4b99294183,955.7342324520288,120466.32691072667,308079.73121576896
150000,150000,0,checkpoint-observed-full-front,c3a05656ba94545a4183384f08ad1ae7bc7fed44213ee8fd1fb7e3a85fd52128,955.7342324520288,120466.32691072667,308079.73121576896
150000,150000,0,checkpoint-observed-full-front,826c3277431170b98911d16860ea0e39908f4ee9b1cd30f657682bf2e3946aa2,956.1691534315277,120544.6309350018,307846.12320642103
150000,150000,0,checkpoint-observed-full-front,b8184221c8ee018d179f253b019579babdcdae50eada54c80830de511fdba8a8,931.6096929495726,120680.95261937978,308468.3766934409
150000,150000,0,checkpoint-observed-full-front,cfab97359e8ad5ad6c14185b96ee7df782fcb2ed6737deeece77f048d51bb637,777.4675072785228,125943.7076178188,341928.0165038707
150000,150000,0,checkpoint-observed-full-front,d9af45373635c3b05a62b63eef879d12834724239ab7a7f8cc66ab3c7007d1b4,1202.6195247709595,114659.98360697768,316203.9278978457
150000,150000,0,checkpoint-observed-full-front,33ff6566418bd36d8b244bfe7ee1610b2f6a4deed74614ef6fbb1d43059089a3,959.4371827841221,120357.9772465954,308632.68309349846
150000,150000,0,checkpoint-observed-full-front,c9f682f669d937df16e43e5a1cc04940368720f540092d99fc747ea0a56ef9a5,955.7342324520288,120466.32691072667,308079.73121576896
150000,150000,0,checkpoint-observed-full-front,10c2f7a77813013603561a8ce3cdeed0de91fb15719c15a9656e2f338729b086,931.6096929495726,120648.59868993098,308807.36638980586
150000,150000,0,checkpoint-observed-full-front,32ac084169746af5319a8061b770fa9bdd57b47d101977a4de0a6c8ac9200729,964.7309011120673,120274.60171971557,309181.6466192863
150000,150000,0,checkpoint-observed-full-front,3f24cd4369bab72b45d2031650fed0ae63074c72b43a38afdb170fee307a76da,955.7342324520288,120410.71321529715,308104.8504749575
150000,150000,0,checkpoint-observed-full-front,32ac084169746af5319a8061b770fa9bdd57b47d101977a4de0a6c8ac9200729,964.7309011120673,120274.60171971557,309181.6466192863
150000,150000,0,checkpoint-observed-full-front,c9f682f669d937df16e43e5a1cc04940368720f540092d99fc747ea0a56ef9a5,955.7342324520288,120466.32691072667,308079.73121576896
150000,150000,0,checkpoint-observed-full-front,33ff6566418bd36d8b244bfe7ee1610b2f6a4deed74614ef6fbb1d43059089a3,959.4371827841221,120357.9772465954,308632.68309349846
150000,150000,0,checkpoint-observed-full-front,b8184221c8ee018d179f253b019579babdcdae50eada54c80830de511fdba8a8,931.6096929495726,120680.95261937978,308468.3766934409
150000,150000,0,checkpoint-observed-full-front,b5ee0e5725e8ec289505985fb8495f487bf4c66c8eb446d428b7f228af45468b,887.0183256790078,121320.7391760619,318685.08782032924
150000,150000,0,checkpoint-observed-full-front,369ced401731622871d79b6c40db3d6059c17032855391cb68f4ac2ca6ebb8dd,955.7342324520288,120466.32691072667,308079.73121576896
150000,150000,0,checkpoint-observed-full-front,34ea979b046c78a1a703e222324a80ddc1b1c344414507dc5eb2860a9d65576b,955.7342324520288,120323.20151890593,309463.90947214543
150000,150000,0,checkpoint-observed-full-front,74af702696cb14ff409a839d817f28c7e354bfdfee106f3a0d4524ae5e8c4529,901.0980266268194,120939.2478600901,319267.4913759845
150000,150000,0,checkpoint-observed-full-front,10ac84a2b9b65202c745efc7a7fd08df5e4b045fb25f9c5344c0e2e3b9b3d4f2,899.8123007373999,121051.9682486055,317330.09591402166
150000,150000,0,checkpoint-observed-full-front,669245692c6e781b86626db6587d010dc2320336b434d25ad6612d42fdd33add,887.0183256790078,121320.7391760619,318685.08782032924
150000,150000,0,checkpoint-observed-full-front,b85d5c0f4e87389f6efb13be5bd7258d6aa633658fd6897bb3851bb3f5a2ae64,946.328041479709,120322.79547438174,310431.24611571565
150000,150000,0,checkpoint-observed-full-front,eee58b066074bde65e70d279e8db1b1e60db2736164644ac44d1ab04b8170b71,795.8366367247914,125820.73357940814,341651.2939729425
150000,150000,0,checkpoint-observed-full-front,b85d5c0f4e87389f6efb13be5bd7258d6aa633658fd6897bb3851bb3f5a2ae64,946.328041479709,120322.79547438174,310431.24611571565
150000,150000,0,checkpoint-observed-full-front,aec88fa3ed9e06a188b5c26cc7576c06485e902ed99cb5986b1a19b8ab27a682,916.6825095858576,120784.66906543152,315269.28880955116
150000,150000,0,checkpoint-observed-full-front,7d2da79919231b34e13adc9921e772c24c0325e1d98f50a56aa08b3c300cac81,887.0183256790078,121320.7391760619,318685.08782032924
150000,150000,0,checkpoint-observed-full-front,c9f682f669d937df16e43e5a1cc04940368720f540092d99fc747ea0a56ef9a5,955.7342324520288,120466.32691072667,308079.73121576896
150000,150000,0,checkpoint-observed-full-front,01f80ee27051ec2a22a1f8d24965ce24cf35f3fae56622e82b807d4b99294183,955.7342324520288,120466.32691072667,308079.73121576896
150000,150000,0,checkpoint-observed-full-front,b85d5c0f4e87389f6efb13be5bd7258d6aa633658fd6897bb3851bb3f5a2ae64,946.328041479709,120322.79547438174,310431.24611571565
150000,150000,0,checkpoint-observed-full-front,ceef1e870f28e985adbdb681b9e3412adfc6e4b7788820ba534db714ec607751,955.7342324520288,120323.20151890593,309463.90947214543
150000,150000,0,checkpoint-observed-full-front,1f09579f3c77e9c07401dc931dd413bd3e9577f2ef927789a6af8c4f8a320e84,795.8366367247914,125832.723852185,341100.2196921749
150000,150000,0,checkpoint-observed-full-front,aec88fa3ed9e06a188b5c26cc7576c06485e902ed99cb5986b1a19b8ab27a682,916.6825095858576,120784.66906543152,315269.28880955116
150000,150000,0,checkpoint-observed-full-front,ff3982599b08d5d76f67a655f4ab86f4943c0f4b9ad646f66de32dc0178f0c17,1020.4007677553309,120317.24096466498,308665.20432093285
150000,150000,0,checkpoint-observed-full-front,c9f682f669d937df16e43e5a1cc04940368720f540092d99fc747ea0a56ef9a5,955.7342324520288,120466.32691072667,308079.73121576896
150000,150000,0,checkpoint-observed-full-front,01f80ee27051ec2a22a1f8d24965ce24cf35f3fae56622e82b807d4b99294183,955.7342324520288,120466.32691072667,308079.73121576896
150000,150000,0,checkpoint-observed-full-front,c9f682f669d937df16e43e5a1cc04940368720f540092d99fc747ea0a56ef9a5,955.7342324520288,120466.32691072667,308079.73121576896
150000,150000,0,checkpoint-observed-full-front,3d1222f6ffeab4b5a61011067d849c51c585821b555e12602f67e78111e3e0d8,931.6096929495726,120648.59868993098,308807.36638980586
150000,150000,0,checkpoint-observed-full-front,808d8edecbc5dd085d88890d7565808850c956b4fd17a500ec2e0bf214ff0162,955.4989066424363,120383.09672040193,308550.7568899698
150000,150000,0,checkpoint-observed-full-front,1f09579f3c77e9c07401dc931dd413bd3e9577f2ef927789a6af8c4f8a320e84,795.8366367247914,125832.723852185,341100.2196921749
150000,150000,0,checkpoint-observed-full-front,919fedb6a73e55f03b70932bd327a72839d1e2a2c3acf2358afd3f2d916264e5,890.9152212166672,121176.90367215106,316840.901069256
150000,150000,0,checkpoint-observed-full-front,669245692c6e781b86626db6587d010dc2320336b434d25ad6612d42fdd33add,887.0183256790078,121320.7391760619,318685.08782032924
150000,150000,0,checkpoint-observed-full-front,01f80ee27051ec2a22a1f8d24965ce24cf35f3fae56622e82b807d4b99294183,955.7342324520288,120466.32691072667,308079.73121576896
150000,150000,0,checkpoint-observed-full-front,c9f682f669d937df16e43e5a1cc04940368720f540092d99fc747ea0a56ef9a5,955.7342324520288,120466.32691072667,308079.73121576896
150000,150000,0,checkpoint-observed-full-front,808d8edecbc5dd085d88890d7565808850c956b4fd17a500ec2e0bf214ff0162,955.4989066424363,120383.09672040193,308550.7568899698
150000,150000,0,checkpoint-observed-full-front,ceef1e870f28e985adbdb681b9e3412adfc6e4b7788820ba534db714ec607751,955.7342324520288,120323.20151890593,309463.90947214543
150000,150000,0,checkpoint-observed-full-front,808d8edecbc5dd085d88890d7565808850c956b4fd17a500ec2e0bf214ff0162,955.4989066424363,120383.09672040193,308550.7568899698
150000,150000,0,checkpoint-observed-full-front,077c255e7f3da9e1ddbc109720a560def1454d06a044d13fc9a202ec1197b56c,808.075555188682,125531.04172028095,341585.3444120182
150000,150000,0,checkpoint-observed-full-front,e5fbf5632b7cd6318df7d39a92ee1ffd2501d3a7f20741c927774f816c224396,1209.4920734852592,114319.32168943834,316005.76766307454
150000,150000,0,checkpoint-observed-full-front,808d8edecbc5dd085d88890d7565808850c956b4fd17a500ec2e0bf214ff0162,955.4989066424363,120383.09672040193,308550.7568899698
150000,150000,0,checkpoint-observed-full-front,369ced401731622871d79b6c40db3d6059c17032855391cb68f4ac2ca6ebb8dd,955.7342324520288,120466.32691072667,308079.73121576896
150000,150000,0,checkpoint-observed-full-front,58d0a01780634b2bad8ef5a335dfdbe009054fec3b71bacb436db09a578e0188,795.8366367247914,125909.46965617084,340294.51769791596
150000,150000,0,checkpoint-observed-full-front,369ced401731622871d79b6c40db3d6059c17032855391cb68f4ac2ca6ebb8dd,955.7342324520288,120466.32691072667,308079.73121576896
150000,150000,0,checkpoint-observed-full-front,808d8edecbc5dd085d88890d7565808850c956b4fd17a500ec2e0bf214ff0162,955.4989066424363,120383.09672040193,308550.7568899698
150000,150000,0,checkpoint-observed-full-front,01f80ee27051ec2a22a1f8d24965ce24cf35f3fae56622e82b807d4b99294183,955.7342324520288,120466.32691072667,308079.73121576896
150000,150000,0,checkpoint-observed-full-front,01f80ee27051ec2a22a1f8d24965ce24cf35f3fae56622e82b807d4b99294183,955.7342324520288,120466.32691072667,308079.73121576896
150000,150000,0,checkpoint-observed-full-front,fd2450b7174b8d516205ff5c1e886ce37f5adcee9126ccc04423c53be7025942,955.0383931002025,120677.46100258525,308074.8497943536
150000,150000,0,checkpoint-observed-full-front,2b94ad4395daec94918e9b1093068955a5feb91a83de6397a73f7275cb59ac50,955.4989066424363,120383.09672040193,308550.7568899698
150000,150000,0,checkpoint-observed-full-front,6a21f5e242437a984383b9a5b8c85fdb74ddb7800dd45e508b58c24924b813a6,968.0085615549535,120257.36368166022,309498.01816852373
150000,150000,0,checkpoint-observed-full-front,6a8206444e094464769b43861768ef24fff6f4595497865ccf0a5bfebf951be8,955.7342324520288,120323.20151890593,309463.90947214543
150000,150000,0,checkpoint-observed-full-front,a889c0812d9a17931d5a102b0c238092b13de2a7bbd705a87ce04c7911ac801c,958.5410085203748,120337.60266185811,309177.4754800141
150000,150000,0,checkpoint-observed-full-front,09779319213b0e82fd73417609e7efccc0505ea9841d8b1296c1baafdb1d7424,1182.08403678989,115420.686588999,313916.0277145149
150000,150000,0,checkpoint-observed-full-front,c24bd26bd94f042294cbf4ae5fc37b42c8b988e4c1a73b17228b73a9f52f11e6,1172.0143649509585,114721.45100972557,316477.76953686576
150000,150000,0,checkpoint-observed-full-front,e62cde3f19d49e35a5206e25caaf1b2fe1d38a9269b4b39659117242a97c9b37,955.7342324520288,119953.75742515121,310754.83084786846
150000,150000,0,checkpoint-observed-full-front,4f7e9f5d17d7d10b2766fd1b03ed9f3b5d83a40ac0721857a1815cc03ed8d3d6,1071.6259569068834,116667.20389412026,331710.06777503586
150000,150000,0,checkpoint-observed-full-front,cf2eb872698d47a06588e2807865d88f6f5819f866e817aad5e5264eb605b15f,1139.6640885370975,115023.22915189879,320449.0022234579
150000,150000,0,checkpoint-observed-full-front,ff3f590199488fdd5016bccbc30c1374f7c9f066a1895014c7fb574d2e068ae4,974.3839348836034,120191.61284808765,309582.4008142755
150000,150000,0,checkpoint-observed-full-front,82c28db46b7481de78973249aff747d3a882fcd8b6f14d52588e36093526dae3,783.875222172607,125867.29968517766,342370.9030819285
150000,150000,0,checkpoint-observed-full-front,d74c0d203796440d70d48c52e3c8ae410b99bbf71124230e643d358754dabb69,955.7342324520288,120578.76145612894,307483.70549198345
150000,150000,0,checkpoint-observed-full-front,34ea979b046c78a1a703e222324a80ddc1b1c344414507dc5eb2860a9d65576b,955.7342324520288,120323.20151890593,309463.90947214543
150000,150000,0,checkpoint-observed-full-front,013515f5186365ad02af00127269838861fcf7ca22dc1c5fa0647bb41bbe0a7e,813.6587386637888,125381.91061616299,342428.58461413195
150000,150000,0,checkpoint-observed-full-front,3477b70b2abfab6d3d5ba690adc89fd074a3f0fea0417a87dadcc0947fb0c362,943.8901905599911,120743.84455093587,307991.179994025
150000,150000,0,checkpoint-observed-full-front,de67af5075b97333f322f98da5843543977e0a46abc3efa6f15d1a7b7500369c,943.8901905599911,119904.2542200807,313238.7209195948
150000,150000,0,checkpoint-observed-full-front,0806cb2dddeb5a6e7685cee2f240eb8664e289dc291fe4d691796de69fa61d15,777.4675072785228,125943.7076178188,341928.0165038707
150000,150000,0,checkpoint-observed-full-front,57c46c82dd15458d940c04c982a32fb347f6be4675423aa20d5b7fba62b4d00c,795.8366367247914,125987.89573918977,338782.00092518516
150000,150000,0,checkpoint-observed-full-front,18499f00b29ce400f3f09e6a0bf075c32ba115bae86024164a63220f71add170,926.0188688127381,120168.42426762576,317612.71386040427
150000,150000,0,checkpoint-observed-full-front,5d7d5c4e35e5125a3c459a590c18a818a4cfa5de8aa0867bc02b7d76a12a0e4d,914.9820154690386,120635.98677903542,316684.43786340463
150000,150000,0,checkpoint-observed-full-front,8c7c3e84eca17a9fadcbb8933330fc227c20d4d04bd06209f3cd80219f8a31c5,955.0383931002025,120621.84730715572,308099.96905354207
150000,150000,0,checkpoint-observed-full-front,87a5883a78b6a83dcc5aa00b1c5f0317ef47c33076b5201368297561c8ae57d1,1209.7035556264987,114140.34944764312,314779.71497674665
150000,150000,0,checkpoint-observed-full-front,d52a8944a3679a5b3dd917a911eaea38fa1d605f01135624f04cb1b9d0647e60,792.5538089278958,126025.64557801036,341544.7120349087
150000,150000,0,checkpoint-observed-full-front,8ff57fa8c153dfdbb09a4ec1987dda26a11d31415236221f8e59dc944cc026db,926.1552158707137,119996.05394048485,314054.8242175435
150000,150000,0,checkpoint-observed-full-front,102225af42de8053240a51ff5cb500ef514a264c5a1e00e197c0c4d49dd278b5,1226.927290831712,113958.18192292782,317568.59731516097
150000,150000,0,checkpoint-observed-full-front,fc79b109caefa18b2b5018d23749821bebd4b06672f4444c88a71cfa8aaa0387,969.8485017138283,119904.33650400508,312257.40626373584
150000,150000,0,checkpoint-observed-full-front,63894350355ad802d4203529ea7b201c38186a923e0386ea2358671836ac0ea5,955.7342324520288,120005.90702830913,310670.2192501046
150000,150000,0,checkpoint-observed-full-front,d2ab3e9ba779773db5c560db455b59f19562054a9a6d0f92ecb3f970c55f3a58,939.6313207935611,119990.21682708172,311642.047014268
150000,150000,0,checkpoint-observed-full-front,9edb17231412036cf18c1ad4c295589e58aea3e8a8217cb77cfbf37ea4a0ef7a,1185.6644653367707,114116.58147405015,316546.4121789045
150000,150000,0,checkpoint-observed-full-front,e08e43a7eb22713627e5dfdd0183692ca853a902cfe9839d231e0a1f47c3a574,903.6095280723018,120950.2215808038,314228.7604171774
150000,150000,0,checkpoint-observed-full-front,104f147e6886faee7544d2e2ce3cfd15dcfbad43609b5f402efc044b31f67fd1,778.8354146930106,125939.786459449,342535.2498856467
150000,150000,0,checkpoint-observed-full-front,d52a8944a3679a5b3dd917a911eaea38fa1d605f01135624f04cb1b9d0647e60,792.5538089278958,126025.64557801036,341544.7120349087
150000,150000,0,checkpoint-observed-full-front,a012144fad11d4369443c943f48e245afb8b681a04092d2ebb79841136ddbdca,931.6096929495726,120518.71065209125,309949.7904525243
150000,150000,0,checkpoint-observed-full-front,392ebe02c80dd5d7cd23ea2c4fd32c8976455ef4850577e93f2eb903b3434974,921.7696370433458,120513.78870071394,313006.88790199545
150000,150000,0,checkpoint-observed-full-front,68ef039cdb15a47e8c940fa0a099e16adbab0e3d1cf653cd7589a32ec50cf0e3,931.6096929495726,120287.64875330264,310548.75605947047
150000,150000,0,checkpoint-observed-full-front,769d7e2145362706f0a6bf12d0e09d139b3cff438fa7ced9b92667b80ef1f41d,1144.1387174919976,115569.99879408337,315867.5926783234
150000,150000,0,checkpoint-observed-full-front,808d8edecbc5dd085d88890d7565808850c956b4fd17a500ec2e0bf214ff0162,955.4989066424363,120383.09672040193,308550.7568899698
150000,150000,0,checkpoint-observed-full-front,6f567fce609f66bde93888cead18f8183c91155d3e391d322d1d7fc781752398,777.4675072785228,125943.7076178188,341928.0165038707
150000,150000,0,checkpoint-observed-full-front,f822d74acd63cdd36982f32733682c27660fb6c26594aa766d688e718c481fad,792.5538089278958,126025.64557801036,341544.7120349087
150000,150000,0,checkpoint-observed-full-front,d52a8944a3679a5b3dd917a911eaea38fa1d605f01135624f04cb1b9d0647e60,792.5538089278958,126025.64557801036,341544.7120349087
150000,150000,0,checkpoint-observed-full-front,a409afb0681484850f0367c5b913b8ab21d7fb05808a1e055e88cbbdeefd03c0,931.6096929495726,120680.95261937978,308468.3766934409
150000,150000,0,checkpoint-observed-full-front,58d2f5e80b5869f6fb197858ebbfd663fa2e6d82dd3f2904314fc4921bbc79d4,926.1552158707137,120198.42589304928,311972.1243678568
150000,150000,0,checkpoint-observed-full-front,6f567fce609f66bde93888cead18f8183c91155d3e391d322d1d7fc781752398,777.4675072785228,125943.7076178188,341928.0165038707
150000,150000,0,checkpoint-observed-full-front,1b0a6d5d881c5b0a56b44d4e65a5b46e4810a2847cbfda56a08e1abf41ac3bb0,966.7603692471228,120357.3811248435,307994.8342274029
150000,150000,0,checkpoint-observed-full-front,4a9e0a91ce6c20b6e12648ca44e9d24fef640844f452b3b37559b99abd7cda36,964.5324805924038,119852.7619455742,312812.1126725043
150000,150000,0,checkpoint-observed-full-front,bd1b03b3d59a7bf0a57bf29af16a7f67adbc31387a5aae9fda77f7f18f5aee1a,900.6469546037955,120764.6759994274,320705.6533193779
150000,150000,0,checkpoint-observed-full-front,880a35771b878c75e24824d895d73c2c5e0fba0bd0a316bc3f62d13bc84d2f76,936.1948247036921,120223.92944261563,311857.01263578574
150000,150000,0,checkpoint-observed-full-front,4fd3478840566a0a8eddb7d67b2e8bf0b1eb6833789e9f28143f3c2f4f360061,777.4675072785228,125943.7076178188,341928.0165038707
150000,150000,0,checkpoint-observed-full-front,fd9ac45d2f2dca40bb386718ed404cd725d4583dc565cc3bd9f851e7ed365891,777.4675072785228,125943.7076178188,341928.0165038707
150000,150000,0,checkpoint-observed-full-front,b0ed30028099629f4faa5be0e318c42cd7c7a268765434d00a3d4386d5c81008,777.4675072785228,125943.7076178188,341928.0165038707
150000,150000,0,checkpoint-observed-full-front,f82eadf3c7f5d9fa0ca69eb7bb050719e564018c13368260532f939da34e0a61,791.6289154281839,126057.1672326087,340824.2618132711
150000,150000,0,checkpoint-observed-full-front,235da09d54e63ebc7498516da0ea3a4e70e978c1122c57a9edec6923a9e4ecf0,791.6289154281839,126057.1672326087,340824.2618132711
150000,150000,0,checkpoint-observed-full-front,e1a9509fe5135193f55f834520ac4aae6320086db3639eef38e773e2f03a467c,777.3568235421047,126030.59458166249,340987.54631511646
150000,150000,0,checkpoint-observed-full-front,0806cb2dddeb5a6e7685cee2f240eb8664e289dc291fe4d691796de69fa61d15,777.4675072785228,125943.7076178188,341928.0165038707
150000,150000,0,checkpoint-observed-full-front,a6319c7dea44a2878cfc6bd8181f731247fa158ad10856eeec4b48af9ee8d176,1116.6607756113483,115372.53038171545,331392.75752021
200000,200000,0,checkpoint-decision-front,11eacea27348113c36e6aae830e0672fd90c73b49e9327971b2c2b39d02eb368,846.1423714231302,122988.00494740737,328802.3233755737
200000,200000,0,checkpoint-decision-front,d55ef7dce058895b656ae1445c5bba8d0744b3b9042c5633199b233592df8f0a,820.2860115999781,124319.83630842454,326151.96963183495
200000,200000,0,checkpoint-decision-front,37dced303887489ef809c4e8b035121d5f56003301e90e1dc547ee48ec2da3da,845.1130126989311,123344.06870452702,327456.0169817861
200000,200000,0,checkpoint-decision-front,b170574ab45cca63b9ef3cbc98a92f807e6354e604002856121c3193605beda3,845.9426294842576,123946.3301249405,327250.7656645685
200000,200000,0,checkpoint-decision-front,18ea2c7faf38bfb67b49df50b226f95439937433b98fd0ac408c0022b192351d,847.2230472919304,124400.11518523272,322116.04603736603
200000,200000,0,checkpoint-decision-front,2519961a2ce9e9c356daeb76a3bee54fa87691e128fd20f2fc3c415b13fbf317,864.5876538059971,123236.33598582944,322358.0116035674
200000,200000,0,checkpoint-decision-front,fe2cea9afc6162f6aabf0e31dbf856e53bb308aee03786abf659c995e90a4ab9,770.0258028844087,127238.48735599342,335518.8277366394
200000,200000,0,checkpoint-decision-front,d0c7c942f3c4760694d775de302b486eb0e20a689a530bb8b341a4390ccb68b6,824.3748435552521,123823.22352173753,334002.43006057054
200000,200000,0,checkpoint-decision-front,4c8ca4f0423da52a27999dfdf813581072ff9543afef39560a85bdd776be3c37,840.6509675939012,122366.67920845843,332072.22687555454
200000,200000,0,checkpoint-decision-front,690045199912d0a9be5d44ea4b8f14dd41868ae0e13660c3ef7dcf55077baf57,855.7293063420083,122755.95303293376,326124.14726287243
200000,200000,0,checkpoint-decision-front,010052dd3b42bdd7fb547a3819e250d57c9f6bec70b8577c5808ac46e4294c70,840.0140138624771,123055.79920157437,333812.25671611377
200000,200000,0,checkpoint-decision-front,405ee03a66b43ed685f22f41754228a19c0c78ad48bb00909703dca530e00f9e,856.3800718233576,122168.78371278816,329448.71772173705
200000,200000,0,checkpoint-decision-front,84f9c92292ccf8fd983723af7d06ddde9a18380482c24e6e6d5a023f1865cf8d,828.1552479665279,123302.96772659893,333293.1237744675
200000,200000,0,checkpoint-decision-front,680919af5713d0872a1fb8239c4af49107480b713f23807726e035060a552258,823.6511657286703,124031.77746683569,333993.81631638337
200000,200000,0,checkpoint-decision-front,d7ff5e9cf98100a2541441d173a651b3756ac24895cb06918570decec346e07d,769.1588166187895,127036.76502490704,343887.0631006956
200000,200000,0,checkpoint-decision-front,8277d1a9315770dd752765488b8690511951473d79f5604ee642761968de8fc6,821.676004434286,124098.08573132262,329923.325390531
200000,200000,0,checkpoint-decision-front,be297cda41f4465a993b8b5b4d808205855b9a622e921a84686e91e022a1f59f,814.701623847504,124118.64353655322,331212.4186159358
200000,200000,0,checkpoint-decision-front,66b19917995afd0ed05a9c8999a443a40e484731bf5695cacc79a6cbc949962a,856.5757595173757,122396.79208696814,323857.67518564966
200000,200000,0,checkpoint-decision-front,e1cc75816d73bda4df1a78e640316102681e7ed9cf97d00ee05b20c5354582cf,877.6994505580597,122351.43946510169,324120.3232516686
200000,200000,0,checkpoint-decision-front,2bac17b42239b53a67c53069da5cda0cef840e0819451204594c1588e595878e,872.8300708776565,122170.0002902903,324776.2769393706
200000,200000,0,checkpoint-decision-front,0b9186cf3825fda532b52cde68ec690968381812c25f96a2d463d6159e0a53dc,824.4515275308349,124195.33607809606,329574.84141198406
200000,200000,0,checkpoint-decision-front,13321001cccda3037526709c257001c169ebccaa0bc7d129a46634e1fd47fc78,846.2425180574845,122929.76969536925,323787.41739696334
200000,200000,0,checkpoint-decision-front,e4fb714f67f2648eaed242ff8445c71867a2d720ed13029548cb83a46e0df29c,905.7815539975153,121945.72582081496,312160.5429663112
200000,200000,0,checkpoint-decision-front,89e761360d7d30e09384f02dba131349dc7ca87602aeea2e257ebfed1497e1f0,780.2889333147518,126903.81981035726,335937.20807110274
200000,200000,0,checkpoint-decision-front,463e2fe7539bbfe836ac3671730b9c71d8c18a2f1ee5877876750bcdc82fb269,848.1014226384868,122625.53048413855,329328.71104128467
200000,200000,0,checkpoint-decision-front,d670fe3f6eced5e39b12866f2bbc42cfc0dde9617ed43549f61475e1d02439db,1115.470642445857,115728.75848565256,327988.5556584012
200000,200000,0,checkpoint-decision-front,23ebdd41bd65cdf1949e07ecf504be67bef9d32fc83d1533ac80e918abf8f73d,1008.2546496571208,119018.1929466835,319526.00911122595
200000,200000,0,checkpoint-decision-front,5a57a5b9e2c05a889f138dfa793a17898496d568ed736ada5f4741e92c40e6c5,1038.8209019762153,118473.26673772698,320189.7088255618
200000,200000,0,checkpoint-decision-front,ff51da1906e6c77e81026d3b01c8754fc345af045124338345c6375b35eef45b,1076.6920661461943,118064.29636007678,319603.7971356277
200000,200000,0,checkpoint-decision-front,04f9f44d88d7b51ded09cfefab56ecfbeb15a47adfa7c68b9a62c1309947e0f8,1087.3830978318558,118258.59345291823,319548.6556273775
200000,200000,0,checkpoint-decision-front,4f84618d7a10767427c5b9954c14105f0574ebff3b2379ed8ec99ef093609b88,769.0664179985137,127932.48698752247,345161.973221172
200000,200000,0,checkpoint-decision-front,e457b5bf9da9c001c9a37d1dd5b387addada760b0fcb254196c31ad7a0ed51e7,1031.8010969109862,119008.78870491334,315766.75774146116
200000,200000,0,checkpoint-decision-front,11dd9610bca5051d055b4161e491517ba357ec7362542e59e507f0afad98cb4d,997.602591951109,119092.50136245706,317426.65949937125
200000,200000,0,checkpoint-decision-front,1fe0853a9314ca8f438753df25de152b3e40db034436176238dce65463688013,1103.7566303570563,115897.78429134074,325944.8956823412
200000,200000,0,checkpoint-decision-front,a7550999315f630aafcd9eed2c537df00aaf3840d4779c884240c5bce4b75696,1164.359121876369,114813.19682878393,317767.5050874994
200000,200000,0,checkpoint-decision-front,4cfb2bdc1d712e96dfd35491aeb9bc48701526f4cb54fdc53b85b2119d8007dc,1144.5369829947808,114775.32894616068,318780.1685868167
200000,200000,0,checkpoint-decision-front,f5710874edf15f975d92223bfc30ff78d7b259548f587c59f8a2e693a05e502a,1086.4120148648403,116714.526956123,320662.9134755591
200000,200000,0,checkpoint-decision-front,b1714a2dcf1493164891f93b74f42f601a5207c4b5674f62833ff0a10af2eda7,968.1436959270966,119540.13146539075,321610.05409409467
200000,200000,0,checkpoint-decision-front,e705efeb0ce6587f9d898164e852068f6c80d3fa16237036b0b91e2e489ac588,1118.2513641965095,115968.90485612313,319002.52400098694
200000,200000,0,checkpoint-decision-front,88bfc3949a8dfd150fdce79392108d3698dcf4279bc54e48038212a16e80796e,1204.8589648297832,114596.03249111894,315170.8541967645
200000,200000,0,checkpoint-decision-front,b0c9d7cb998701a1172f35af5aec5dce4d76ee3b8cfb41f7f7ba479ae4c82b5b,1189.494821981617,115065.6512832676,316417.2518024884
200000,200000,0,checkpoint-decision-front,74c90f02ceae2e26d9c1f7e3e470d959fd324f3932ffbca821f2c2daf945e9ab,943.0100993467497,119350.64060923102,329730.12655340286
200000,200000,0,checkpoint-decision-front,489d8c7f530b5b37c25d0467986e9575471f4649061844c20e6e471d51a0d8e1,1008.3901558550165,119016.34913745517,318874.2442991899
200000,200000,0,checkpoint-decision-front,fa292ae14c6f52604fd4d1bc556558df33a641dffa3d769f4c1f8252c54ca138,1010.8380562896757,118943.41798248529,318808.5737047569
200000,200000,0,checkpoint-decision-front,c74a42019849a245a7ea634436924f3d40dedf1eb718f77d2a24c2aae1ff992b,883.9967308421121,122000.6165382497,317682.41148065124
200000,200000,0,checkpoint-decision-front,9af1c50ebb264a1c0f2c1f0c32a750a691c88e2fb433ee85c229a3a8f91cac59,886.5856911219847,121596.76119621367,321609.50482511637
200000,200000,0,checkpoint-decision-front,9d6b84340072b0f238ef947e2da5b8c61287d645358d67e1eb97d6dcb83508ad,907.7071538555705,120473.70400461592,322542.2310634271
200000,200000,0,checkpoint-decision-front,ae34621e516794ce1a8d5eee91e14329cd8cda2ac9640b76c459c134b4f71f53,879.9346847817635,121710.14705490392,317746.7359925475
200000,200000,0,checkpoint-decision-front,8e0e43494f3af7b033c4e5712dfbfbf4c918bdbcef60983375057136099448c9,912.1493191003942,120296.6912058476,322456.87999034853
200000,200000,0,checkpoint-decision-front,4a2e5ead28e52d55c6dc245d84f8f82272455cbbbcfcc047185ccc6c993258d4,969.8485017138283,119909.71292193444,310496.5705100184
200000,200000,0,checkpoint-decision-front,71d08c87652fc61d84bad9f617fa3697cb7ec921e6a785035397c444a97de5bf,782.4272334750228,126818.96748967125,336070.2683155447
200000,200000,0,checkpoint-decision-front,ac981efeb3395430c6bbf59aa4cf577c90cf513679f2028706f9f25e62a9338f,1180.74732030316,113959.2400002983,319207.05813309766
200000,200000,0,checkpoint-decision-front,c4e4f78bd53ec9920b85b96b120a7f10c8c03a24ae3679974d86dc98ca5e3245,1215.9270865173303,113972.5751345442,316042.15233906225
200000,200000,0,checkpoint-decision-front,34fa51e2eb3a9f8d99a229d4cc39fd18546113177e8e6ac79187bb480c2f4d00,917.2687936280344,120317.59259279963,314142.04066639696
200000,200000,0,checkpoint-decision-front,6f897470971f028b03904ac34e3fe2feffcdee22b7bb3e8263b8ce3456cdf9dc,1122.8706709734163,114807.59001970978,321518.6450225401
200000,200000,0,checkpoint-decision-front,e71d7682f03ea9c2d62ba99c089265db6d26ad709197d434cbf24c09e722d8a6,1120.2741265160626,115468.00663631239,324558.4250807505
200000,200000,0,checkpoint-decision-front,928f158d351fe70a7342b3408a403644f944ca2173dc597759860912d07a6e52,1159.9616938776098,114247.23253954078,317849.63238741277
200000,200000,0,checkpoint-decision-front,0eb5449861f5eabe8a333686e5936d0c4f854ebfbf2888df65960f4703ab9397,917.2687936280344,120549.41896586222,314042.8741242756
200000,200000,0,checkpoint-decision-front,446e7af0b5e8d957fe833217320fe9182465470470104f21bb82e505848547e1,906.9345966319876,120788.89278620158,314908.84125860303
200000,200000,0,checkpoint-decision-front,cfbd0a6975c6352158ab2531770457ddf4f9e972268da8fa314f15e1bb84fd6e,1185.4559033238822,114418.09644957518,317168.2066107743
200000,200000,0,checkpoint-decision-front,a716746858d193dacfb45f538f68729475e56c73cf8cc0a08ea006fb550d8bc6,1199.474025523988,114873.83247996488,313312.2285722897
200000,200000,0,checkpoint-decision-front,ff99a64ce4ac3f524d886a9b1c8a33cf5d4e933e0d41cbedbbebf0ae441325ec,966.1183766289912,119492.02051217831,321882.7943834029
200000,200000,0,checkpoint-decision-front,cabbc0885f1901a1ed44525a5ea915afebbd504280dc2b7d0e7554c50d59aae9,1178.5634956731958,114197.25648785103,317387.6205868931
200000,200000,0,checkpoint-decision-front,310a39d66fae346c26671b3062a38984c026baba335c855cd76391073f63b1b2,893.3160642604074,120984.07806592676,317378.8301387392
200000,200000,0,checkpoint-decision-front,325c18c7bd267e3865c73c5e1b999411e5dac4dfc139109706675aa46aa19d74,971.3399626091491,119820.64928123138,310032.88301053375
200000,200000,0,checkpoint-decision-front,1493e07558aabf722bc2c62c2b4eaad3559c1085e2eb8c86a7e69a28f7bee9cc,1102.2707684007028,115899.9049956841,324036.8079251955
200000,200000,0,checkpoint-decision-front,f7d645ac0668a989cb1c21a15466229052980da1f7000cea13e00647a1359e8b,772.8057976369547,126665.97996151763,337694.9718423567
200000,200000,0,checkpoint-decision-front,3ae94412d5682e438d4c643d44c637fd3b933c7a284258cee8f7c3f47eb4f30a,964.7309011120673,119583.87088101506,313804.1662165683
200000,200000,0,checkpoint-decision-front,919fedb6a73e55f03b70932bd327a72839d1e2a2c3acf2358afd3f2d916264e5,890.9152212166672,121176.90367215106,316840.901069256
200000,200000,0,checkpoint-decision-front,e5fbf5632b7cd6318df7d39a92ee1ffd2501d3a7f20741c927774f816c224396,1209.4920734852592,114319.32168943834,316005.76766307454
200000,200000,0,checkpoint-decision-front,09779319213b0e82fd73417609e7efccc0505ea9841d8b1296c1baafdb1d7424,1182.08403678989,115420.686588999,313916.0277145149
200000,200000,0,checkpoint-decision-front,c24bd26bd94f042294cbf4ae5fc37b42c8b988e4c1a73b17228b73a9f52f11e6,1172.0143649509585,114721.45100972557,316477.76953686576
200000,200000,0,checkpoint-decision-front,87a5883a78b6a83dcc5aa00b1c5f0317ef47c33076b5201368297561c8ae57d1,1209.7035556264987,114140.34944764312,314779.71497674665
200000,200000,0,checkpoint-decision-front,8ff57fa8c153dfdbb09a4ec1987dda26a11d31415236221f8e59dc944cc026db,926.1552158707137,119996.05394048485,314054.8242175435
200000,200000,0,checkpoint-decision-front,d2ab3e9ba779773db5c560db455b59f19562054a9a6d0f92ecb3f970c55f3a58,939.6313207935611,119990.21682708172,311642.047014268
200000,200000,0,checkpoint-decision-front,9edb17231412036cf18c1ad4c295589e58aea3e8a8217cb77cfbf37ea4a0ef7a,1185.6644653367707,114116.58147405015,316546.4121789045
200000,200000,0,checkpoint-decision-front,e08e43a7eb22713627e5dfdd0183692ca853a902cfe9839d231e0a1f47c3a574,903.6095280723018,120950.2215808038,314228.7604171774
200000,200000,0,checkpoint-decision-front,da37422ede8989bcea22451648ce23537161c8a2f2b49c02dd0c9916e69a5064,897.8390071476296,120672.0275750832,319730.7950294731
200000,200000,0,checkpoint-decision-front,e80122621dfa4463fe17d0cc758f398ee0a0586c165ea1df58be6a907f7c35b9,926.1552158707137,120057.79846959628,311975.0906008416
200000,200000,0,checkpoint-decision-front,25bb954c2d435f0e28c62e1436c761a6043ff98e0b0ae352b9707aca694a6635,887.0183256790078,121012.04942991986,316843.88222248055
200000,200000,0,checkpoint-decision-front,2f3e20a240742731d181712358e08e0d5f4d76886760c4eeafef525a44fbc251,777.4675072785228,125624.30408277395,339892.47443534934
200000,200000,0,checkpoint-decision-front,aa310a16ca004b358c7c92b8d95a2b77362893f6ac206648297e8ef6aed2af00,777.4675072785228,125586.48522558218,340477.2732461392
200000,200000,0,checkpoint-decision-front,b4a4c903f1558df7bd56297cf939e56f550e6d6483e91b3aea00615c9f72f722,893.6064185105477,120805.2571605049,318789.18365249503
200000,200000,0,checkpoint-decision-front,e6fc0942bea7a505377face9e96f81cfceb6d2412d369f0be88322ce25e33e5d,899.8123007373999,121254.29913781241,313171.7039592443
200000,200000,0,checkpoint-decision-front,bbc82578de6db5b40986f0ec3b4d80eb4b3effbb3431174436806a0b00ea33d5,931.6096929495726,120458.30769056684,307951.72350990813
200000,200000,0,checkpoint-decision-front,8aa5766f944c2bd9f8bb59000f1a8857f3cfcb42a98e040eeca187c51d48e8b7,888.9546300490691,120930.67484188138,318057.86317319865
200000,200000,0,checkpoint-decision-front,ede26bd73b87a896679b86ca4e4beda152de0eca43f52f906534a8d8488ce590,965.0172885826786,120507.9673289133,307492.4617421583
200000,200000,0,checkpoint-decision-front,c71257bdcfcb853483e56322b0676afda5fd04c5e5f8698aa3e3994dbfc2cf36,947.2022865371948,120612.73900579796,307810.1683651035
200000,200000,0,checkpoint-decision-front,2ca070796c83bbb31252fb310dfd9166319a306035d22e8f8ff3daa0ce7fd4fb,777.4675072785228,125620.86897135554,340364.079003082
200000,200000,0,checkpoint-decision-front,3a6bcbdb9a48ca0f3d47b3f7b1d641aefc102b44d1551c89633b6c1b20ec614a,930.4482898153246,120417.9550018755,309356.3601975774
200000,200000,0,checkpoint-decision-front,36179bfc9f07ce5b845800e4ed01583287defa0f36ef46ae211e4d655bd6f78d,789.0034714241169,125336.33143071529,339129.55115486745
200000,200000,0,checkpoint-decision-front,04b591b4a435bc42d172f169caf5c1a4dcfcdf542307fbf579a660bb681ba27c,955.0383931002025,120454.81607377232,307558.1966108208
200000,200000,0,checkpoint-decision-front,bd2c15a285907e0b15fce2d4b8f47a515ea1b62813dfac6a2995546970efbac6,1178.6521107600358,113809.91887038309,319368.0212974568
200000,200000,0,checkpoint-decision-front,6f2979f7ec06bb0e412e999f95401fd36c6cf559a4444ed1b4fbbbfd3dd40a70,919.6209338224598,120636.5806547133,313954.09386129887
200000,200000,0,checkpoint-decision-front,d1d7d36c652f0cb91fb4f9436c1f0ffee2708d11302d7cd3ba72edd926974dde,887.0183256790078,120971.79767515446,321776.48473166354
200000,200000,0,checkpoint-decision-front,a9edac24004d4841dfc025567dd3aa04cee6c90f418eafabd37e6abc947135c8,917.4837257153412,120007.17269538208,314607.17404372635
200000,200000,0,checkpoint-decision-front,74037a887f7a4143b569d73a8c13e600349428d466c203157c3ce4d6434e444f,941.0681006899899,120271.13670742023,308334.56829013414
200000,200000,0,checkpoint-decision-front,268047faa279bf824c3b948974afee056c11ea57e714980b3714b212bffddcfb,923.5158056928665,120088.811865748,312127.12019814237
200000,200000,0,checkpoint-decision-front,2358a554c72fb9ca69f946f17885bbb7855b817248923872a0940375aef6206f,890.6874893365525,120858.61727915017,320831.9833054271
200000,200000,0,checkpoint-decision-front,80e883e93b1df574e54fb46f7a139cda7dda2e6634059d81ad250b81a958b5e8,901.0980266268194,120823.38565990306,314685.51467090927
200000,200000,0,checkpoint-decision-front,170528b977d2f383145a5eb33732c1152ed5e22ebcaa8c37eab1eb95d62ebaa3,948.3168441036714,120323.79994811173,308081.34972000855
200000,200000,0,checkpoint-decision-front,bbffcaf5b90c19de72d62391bdd66e84d5335d41555fc46d3b3588aabdea88fd,777.4675072785228,125440.83084879784,343102.99948295706
200000,200000,0,checkpoint-decision-front,b3ad189360620cf61e695c4d04bd74a81ab577ab01a024355ff7e8f890232a0f,900.8707803372919,121108.63604182102,316631.0775539959
200000,200000,0,checkpoint-decision-front,94f1dd980869b3f85e41e95b48a74dbe3ddb5ca6669cf8fb7045c26b15972601,1183.5517156942224,113740.09249032172,317786.61605566705
200000,200000,0,checkpoint-decision-front,d61872c5c94352ad9869f4c88b839b63351a1818be9be9134e2e1b6ef2612835,781.4550723424064,125586.99648321781,340248.50165046373
200000,200000,0,checkpoint-decision-front,2c1b67ea3ccc9cee6ac6f8eb8d172b9450c53458ab2e5534234169a3cc910c13,970.1864656111802,119520.97837521916,312848.1684130278
200000,200000,0,checkpoint-decision-front,c0fec5850e418ee7581e859aece32edbf4db252ce0c792a9116e2f998364dfc0,931.6096929495726,120425.95376111804,308290.7132062731
200000,200000,0,checkpoint-decision-front,f4e9e7ed484f9418ff3a49c1daa0a300968da17c499b608a42cec699ec27f7d5,899.0923573938696,121433.87506647968,315174.1797095284
200000,200000,0,checkpoint-decision-front,79b2ceb9a2bdf49cfceee9298e23f5aea5a9dabf0c320d402b53618a5197c2c1,955.7342324520288,120544.67363187074,307474.6884141896
200000,200000,0,checkpoint-decision-front,2dae93dfe5c01229eeeccf293fcf736cd8d84f8c5de537dfab9dab5f5f35c7b9,954.5469382788226,119596.20333416498,316106.8776350213
200000,200000,0,checkpoint-decision-front,70a556f6c92db8d57dcb90f8425d9dba9b004e7869192a0a1c720f019bd69fbe,917.9521541534906,120952.13332638258,313153.31766066514
200000,200000,0,checkpoint-decision-front,e9e7ef7a7f6943270b236e258155b9adc63a19fe216ecce8083f33dfd54beab8,893.3160642604074,121512.64427111665,315715.25788692984
200000,200000,0,checkpoint-decision-front,4153c7b464bd349a06447192421946603ed1a6bf4ac27f8997fa45cc08b4d0a2,934.8807442013116,120058.01019868575,308752.7992617076
200000,200000,0,checkpoint-decision-front,306bed9f40a2d41a7b2621b59dc8acdfefe773f8f5352d4609649e1985ed3303,914.9390877865192,120131.86875438518,314415.23937726207
200000,200000,0,checkpoint-decision-front,c559dcbdf86f9cfce52ce57768f1c35062c825da7cb75f3f8f472d25dd0049de,1139.121347573786,114188.85109468218,323834.84200768324
200000,200000,0,checkpoint-decision-front,3280115efed81ee306c7677a4c9c4dc8d75c6f72c20c428efd8d2a423845933d,943.2767066464961,119829.05914197222,311883.5835413297
200000,200000,0,checkpoint-decision-front,d48368acd1309872ce70177455529a7bd34432a4b1125ba7243e7a0ded7d4933,878.0979377331114,121869.86081447508,322336.04171911045
200000,200000,0,checkpoint-decision-front,9392e5f1f3ef9be93b69cf7aef6c2d45f92320a8409883bb046b356a9b480c6a,777.3568235421047,125673.37218942586,339536.8030573849
200000,200000,0,checkpoint-decision-front,05c7d95a4045166901366e7628e49827e6d0cb118c0967826644509d9d90cd03,964.4041811299493,119910.2556413374,310589.38763876486
200000,200000,0,checkpoint-decision-front,0d771c18292dff7fc93dcb94b8b87c010edaa15e58d388fe2f12ae2d801c7b39,955.7342324520288,120243.68198191372,307563.0780322363
200000,200000,0,checkpoint-decision-front,df1f262b574a9760b26552a6bbb51f84e1faadbecb76d13989fce5c7f4f4609f,955.7342324520288,120176.89944826812,307573.47559917625
200000,200000,0,checkpoint-decision-front,f03452165a4afa627aca359b370140795fa3b818860faf51f3f81abc3b3c0927,1158.5138756884867,114224.85973976343,318737.42583078553
200000,200000,0,checkpoint-decision-front,e6973324b5c243769ee0b1bc79593c9f2a3f0fb5d36e83f8e4945ab295a8e1f1,958.5373224432301,120615.45766019219,307415.8391402374
200000,200000,0,checkpoint-decision-front,c66c860b104ce43fb8efdd8a47d71f0d1c231117acd22b474ab51c0d8e83da49,955.1654723158224,119919.8048321174,308712.7304489865
200000,200000,0,checkpoint-decision-front,ca9d11ce9e4d8023408b09f82d75581c059599fb100e34936ffb237ca0eb978a,1189.8681997218582,113916.67116779747,316187.3630893152
200000,200000,0,checkpoint-decision-front,2e4d8fd321199f8bc4279f4817ec5af146b8fd408081ee2ec6dfc53c4ecbed91,933.7920652293236,120558.18408535232,307837.94066147815
200000,200000,0,checkpoint-decision-front,c5e8fbf6c3a2e792218d59922e0eec998d03b9c8a45ef84e9e42f8ee9a85e6ee,899.0923573938696,121267.91345767898,316452.4885275583
200000,200000,0,checkpoint-decision-front,5a47744038100fc9624efcf93495a502ddb73faa21c1affa628fec6ebb605d06,1201.9204747289948,113751.60461924394,316460.079588705
200000,200000,0,checkpoint-decision-front,e1fd297bd21a43480ee47888c1ff609ea5f16b25b5a6fa707bb3592c2ebc7008,1180.159043091346,114025.67209799273,317951.5467521503
200000,200000,0,checkpoint-decision-front,d02ef8c0ccbc7671a350038cb7c881fb9e90d5c6c7d05a58595e1a7765770487,899.0923573938696,121334.43422159727,315941.92162122164
200000,200000,0,checkpoint-decision-front,760b955c979ab4abb663680fba628a3e5dee4ca5c6edb1ce471d8e684e62654e,958.5373224432301,120314.46601023516,307504.2287582841
200000,200000,0,checkpoint-decision-front,8de67490d08d8a6844ec33e585056ce9e7981c99194ccb166df0f327a542c3d2,1133.7549821076273,114851.20472669671,321501.72386340285
200000,200000,0,checkpoint-decision-front,042209a78b6ac942616ba8bc4b7880edf09a21be8383afa9c532d69f273551fb,931.6096929495726,120283.12603049996,308615.7558779047
200000,200000,0,checkpoint-decision-front,330f53f64eb18fc477722aa858230b078597b79db60c6215c6683a911cb8b932,1134.4872309329353,114994.35152847148,319367.76281232137
200000,200000,0,checkpoint-decision-front,199133e008a935b1d04da70342dfdbcb646a667c47f8d039f82acb426864ecdc,1140.8009390134634,114532.90440596375,319027.4922631668
200000,200000,0,checkpoint-decision-front,1d575c74e065e1afa7f1a9b80fb39aaaaedd409c01f3ebf794b4d95d0d6dcefc,1127.4978070069483,114304.00582835925,327186.6315307055
200000,200000,0,checkpoint-decision-front,1ef990b9cf33e8765a1862e95e36a9d2a58f6a3596c425f2bd9768583a88853a,1153.0785678084208,114930.35925635093,318268.38571881305
200000,200000,0,checkpoint-decision-front,2c58aeb2a2e8db5a8a5cc4cdecf6f022bc41ec3d8deb94189dbab8f083b6f0d2,1158.5138756884867,114200.96024149309,320445.6613881537
200000,200000,0,checkpoint-decision-front,7a72c4bc1ffee75109c52787ee2818b9cc73de0a4dd45f531d3b7d0560adb827,772.96801302515,125755.14606110119,337503.02528940234
200000,200000,0,checkpoint-decision-front,7038626d6d12d959548ed2f8025cfe84e109cbd27d6d6695abc6ac0e5149d06c,1174.3108670446895,113962.76596467712,319061.63491587236
200000,200000,0,checkpoint-decision-front,e3994b7785d7d506477bb0a89c5e7ba48f8cb40b9741793e2b8cbf38d2515eef,1146.3561988954048,114254.41375867513,322790.8575725374
200000,200000,0,checkpoint-decision-front,fa2c383390dd416a1011ef2381ce2761abbbbd5d98d99c13f198b710b6353c27,779.2765867058572,125619.87959511975,337699.8136018615
200000,200000,0,checkpoint-decision-front,9ace08bfb0ba275c7d20970315516fe675c17394cf15f822a82d235613b033ed,921.7696370433458,120287.02360322984,310998.6414176956
200000,200000,0,checkpoint-decision-front,eb6471ccda0c7a59e735ebc80288a37140babb77264070d49f27d8d8ede02467,835.8226523717741,123058.35742838177,331455.95992611244
200000,200000,0,checkpoint-decision-front,41a4922c1f281e9f75a3889bdf92049acd48d8127d7bfbb2618acd0e4ec536c0,1199.3161267499383,114386.97907940176,316091.47895266884
200000,200000,0,checkpoint-decision-front,ec529acbfb54f59b147cc646e5efdf955b0e772dcc682661650216c7aeb7ee50,919.9395495258769,120514.66316828007,313069.3644201107
200000,200000,0,checkpoint-decision-front,767bff4d1f0cd4011fb7996984f9fb2f1614b947d21a4bea4b846691bd520c0d,882.3492155908652,121488.50422351214,327079.2134700313
200000,200000,0,checkpoint-decision-front,40d27adb826ad9d52dbdcecf3bf93d2ad0b437730e22c216da560dd894140afd,934.1995835997478,119624.62779078895,323132.01606606785
200000,200000,0,checkpoint-decision-front,33a9f226a2e8074d0f4fd9a8f150e7a81d9d1820e2ee606cc889a1fe95e74bef,999.66148874611,120234.8702316217,307449.15559210913
200000,200000,0,checkpoint-decision-front,88b6d9e814b00a5cbb072e041c7310e5c6ba5ff3428c2dc6f94b4f49ae16b1b6,777.2959995938627,125634.54163973324,339781.56268567883
200000,200000,0,checkpoint-decision-front,961fc570a4392d9a47f07720740bbb4038ac030a14667560afca16ac78a7cf38,926.0795238258207,121039.01018345836,309950.7610841525
200000,200000,0,checkpoint-decision-front,f61a99ff95b0fbe77efd04491a56bae1bd0b0df91db9c74f930389dea3c79bd6,1125.483850090163,114701.63063405843,327710.2363685331
200000,200000,0,checkpoint-decision-front,95d0a64250abc519a37776cb675baf77b80164f693195139c4abd1cd3bcdd7cc,885.9644183207502,121694.624065604,325949.41937446164
200000,200000,0,checkpoint-decision-front,fdd158182b5d9470301f3a184a87a7ed06f5133ddbcf3bf3854649635f008417,852.3723757148442,122237.17500701881,329443.73588265333
200000,200000,0,checkpoint-decision-front,e27b07ac1eef891e75d8a8c669195cba01b0ea98b8f1ab620f03123864ec6126,1169.7406858271393,114244.89909619352,318587.40878940077
200000,200000,0,checkpoint-decision-front,70dbf0ae4372fe501838fde210978bcd49e4a22191752219f3d128db3d0658a6,828.8026919398501,123199.5675201288,327997.03211229126
200000,200000,0,checkpoint-decision-front,ef5b685fcb3319e3d53c93861a0a5d10415a8ed6e7e2d24297dce0077351c9b6,839.6278023504933,124078.6109892957,327075.19300865964
200000,200000,0,checkpoint-decision-front,2f61a59817e043d1b7bc75aef0b1252815a0b7e7fcda9567d8da052d0f6510df,879.545501718947,121829.91270001855,328503.30284879555
200000,200000,0,checkpoint-decision-front,6a97e3a0ad13bcd075192a7a359293e88890eccda056fc513f7423db433e13f0,1231.3288916808874,113469.38531202977,324907.3803388546
200000,200000,0,checkpoint-decision-front,af3738d9e1ffc3f9d1e4a8f99da5dbcb7cc8f021b33adf29f86e33740deae066,1153.6869726955752,114074.57732340167,326024.2588248437
200000,200000,0,checkpoint-decision-front,ad6bb827c0780631ed17d0a2c6f3d40c4e3f4b960de6a786acf76d8b84cb26fe,1168.8406765036705,114031.46192174862,320446.8020111526
200000,200000,0,checkpoint-decision-front,54e336e5fcdc384b42f65ab9a2de0c6ccea78ae182891357fdd56cd359766dc2,1201.6559703853718,113651.69138603457,320051.8468698738
200000,200000,0,checkpoint-decision-front,e56f6ff7d849c0fc65fe22fc59eaa97e377f75f6f1bf96f43b5626aae2fce74c,1166.9730698757123,114183.4721358335,321810.61933733145
200000,200000,0,checkpoint-decision-front,cb4f2d1ea5d292925743db85a1a89c320466949dd51accd5cbe332b5188b8f7a,1123.1096771568375,114766.81927662477,328728.6486071305
200000,200000,0,checkpoint-decision-front,84c984ca041a46c3b2b4e09007a61b04dd9481442f23d69a745ec073a0cea3dc,1183.5517156942224,113848.75170407043,317542.1931291692
200000,200000,0,checkpoint-decision-front,9923f31267e22a89607dba9761e613638cf61570a7fac3145693a8d2cd9d4956,872.6003923628394,121880.75412835533,325054.5764681008
200000,200000,0,checkpoint-decision-front,f30935912ae0156de8df26ac16f5a8b3c9e3afa03f52483cbebb74920d019679,905.6772780870452,120573.18564707437,318301.0382285808
200000,200000,0,checkpoint-decision-front,e087b51b7a7517c2cfc40da5443bc524a730bdfacde26a2174954ad76895e7e1,853.649201132796,122060.76788226844,330915.5856655711
200000,200000,0,checkpoint-decision-front,01f317604daceacb6213522872acb4755f5a065d3892f69cd012605bf33a49eb,1156.9635306813295,114087.49818979991,325791.17089075735
200000,200000,0,checkpoint-decision-front,63f247dbac58f2df32b285b79a1ffea18ad2862262dd609d29df4783398a9a5f,1180.74732030316,114018.6048348108,318608.47846567247
200000,200000,0,checkpoint-decision-front,626aa59b3b04f3a14f48899e5787eeb4a3d411ecc1bb6dcf0c63c162c15f9e6c,810.493275825758,125018.78507654511,338977.9065946882
200000,200000,0,checkpoint-decision-front,09e4498de71dd3b5451d556d71b0ebf61a1039ba326d23d667dd6c43e1167088,1130.5128235566735,114368.6961619819,323358.55468318914
200000,200000,0,checkpoint-decision-front,2a370a9243c72301cb1f3dbaed70e823220bda9635fe4d37c316ca51c8c44055,1174.1123614428905,114216.19142431088,319740.5366263722
200000,200000,0,checkpoint-decision-front,142e90a90adaf4eac8be4bedd0cedb3e03e88c52a3e500746dec4ae7bb11328b,1085.175161586203,115907.25009990433,328601.63692366995
200000,200000,0,checkpoint-decision-front,9ba7f608c97177842b44c987241e3d497b3a4fb9cb0b2c48a958d9da9aca1bfa,951.2423200739087,119533.12131860523,324631.8929412239
200000,200000,0,checkpoint-decision-front,e0f347cdfc53af9dedb2ea5a1658c9686556495b5f4024c1da4c4f09f242cdb9,1012.9820708000391,117827.40653620445,327292.3633307153
200000,200000,0,checkpoint-decision-front,f5800a872dcce4f05551760b3980ee1ecea21e942ee72e2048efa629f24c9066,1065.8595375260877,117333.61154098401,321534.1958454108
200000,200000,0,checkpoint-decision-front,047823a2be442ff3ed8b1f6f02c86375e6e46fb630cf577fecca5c170672907f,1146.690251364505,114302.47707807778,321319.0394521304
200000,200000,0,checkpoint-decision-front,346fcc3677290bd08b7e67c814f57a9e8b06967cbd8a0bd756b79a40cf51d0d5,944.2479032301944,119949.14058484902,311334.1194376371
200000,200000,0,checkpoint-decision-front,81e978a077c00a13e07a85ffb9608b6c4e6cc34ce8d49c95c7e22adf0af2b72b,797.9283055055222,125078.42859936593,338702.23557594104
200000,200000,0,checkpoint-decision-front,568e938be0496127616680f7de3cef33e4f87eacda92ce31ef77326bf7be3a33,1115.6532851742754,115410.97349627585,327021.6082571517
200000,200000,0,checkpoint-decision-front,9513909e2ea9849f4952b015bfc84658263a56470177320d6d2481086cfd7480,1147.0792829743496,113978.68668389515,326518.44419630634
200000,200000,0,checkpoint-decision-front,a3a45752cd15a0c4269f7d7f82b630e45fafb9e0473922253df4f77e1a7bf4a9,1222.9393815782491,113986.38386934134,314980.1251792058
200000,200000,0,checkpoint-decision-front,bfd33714cc6d9bd19187b0d613f49b9583756a140e15ebf3b6e567272ba9a1f0,938.1996181578179,120224.79841162948,308571.77666699584
200000,200000,0,checkpoint-decision-front,bc8e4908273e0abdb7bf4d9f9f2a3634dfc4dfe46b78ff255267e733408617e1,921.3729017892533,120601.70222740734,312161.40882771846
200000,200000,0,checkpoint-decision-front,1f6fdeaedb7c8f49775a06d8115bfbbd8a44392cbe6155e2f1004fe09ca55fe2,768.943026654921,127113.20774031359,345766.03547394945
200000,200000,0,checkpoint-decision-front,bb51fd3786181f6d8ac9bf34d67046583ebd0eadf9e087ebfea437cc665f75fc,1152.0557457338487,114224.51928627797,320309.2005654832
200000,200000,0,checkpoint-decision-front,67a1b767c7c76fa2c38a7fd74be33aaa2f70d541ae25d73edca39db67abaa21d,1190.6839361505433,113911.50785293657,316491.26083981124
200000,200000,0,checkpoint-decision-front,9fe0a4abe4285bf92058c7db7a30593df03467d034d02416261a58d6819f2765,812.538105480025,125171.02290729775,338609.1098391504
200000,200000,0,checkpoint-decision-front,f3c549ae69dfbac1e2ae01b3e5024ad2142c125d5ffbba26d9a786cae0e582b9,865.8307618261116,121943.6225997245,325682.3018921149
200000,200000,0,checkpoint-decision-front,bd6b4bea4c7a7249d161f94b56ae93cc4f32fb7535e68c36df0b8e2f70ca1058,1138.1950992088018,114293.02522548652,322802.8542571676
200000,200000,0,checkpoint-decision-front,f83ac8ea2e77f80c09e098f8e0606e63cce0eff003c841c5bab59db91340ec95,769.1972138522367,125828.98586589762,340587.505032946
200000,200000,0,checkpoint-decision-front,efe4e155e418738a3990559eaff6eb8f811c53755ae80e8d128beefef28b51ad,877.062441994008,122646.77561376919,320772.10689657717
200000,200000,0,checkpoint-decision-front,a5346c5030e3c063c26d747101c4f506619a980bb005f6a50fdd96db63f84659,1180.74732030316,113977.42892484009,318846.78976448334
200000,200000,0,checkpoint-decision-front,18afb55b3b92c592c3986af839e5dfc477d4cd4c418f574adcf901378d170f95,925.3443854503626,120936.92022765467,310736.6853607273
200000,200000,0,checkpoint-decision-front,df541b09e29f9e598ca6ed7e3b534d1e4f7b50c4b25213d9d7e985e91b463ae6,917.4422244773237,121148.74628635,310590.27483895735
200000,200000,0,checkpoint-decision-front,8227930e36769443ca59b35ad3bb431f1b3eb24d30fdbb974b223ccccb452ad5,1010.3086843714339,120592.41605874586,307421.87216738425
200000,200000,0,checkpoint-decision-front,6745d0927be9d839e93b8fcc6b466f5f60e22e5d0048e35b6b7b6420626560be,923.5924809761707,121635.49374976073,309710.1881679214
200000,200000,0,checkpoint-decision-front,952740fa675e68580c23f0bf515c56d006e242a36075f064da6baca1bb459e29,938.730325356141,120402.76478018884,308519.5441875383
200000,200000,0,checkpoint-decision-front,f7345cb576e93256bb5be54a9d289c64817dea4627b700961a1f7865751cbc16,927.0875813767011,120905.93367043711,307949.7105869437
200000,200000,0,checkpoint-decision-front,2d83994ebbedd2848f31e4701094b7f467214c4809ec8a60ba116ef905ce947c,1075.366999680697,117283.41868892545,322717.4235807704
200000,200000,0,checkpoint-decision-front,5cda6df9e40e6f83e9dba7253bc6a3c4af3854dc86e6dfae91f78a72d1d34926,1196.3920191073325,113830.94998446744,317672.0047512242
200000,200000,0,checkpoint-decision-front,05cf7ca1b5d642c927decdc04e12b1817d68df05d9ae59a4147bc401d492a5c2,1176.5043422657309,113704.45334090339,322541.6384478373
200000,200000,0,checkpoint-decision-front,669cf28752d6fde215f0b3dbae55a0f480e7ebd4f3162d8cfcaf2e6fe9b0eea8,1184.0980205848905,114122.24931734035,317187.04887674487
200000,200000,0,checkpoint-decision-front,6808db1014e4ae1853caeb6fc3f7649bea6e35b1e54bcd30314c4dd4eb6cafd0,973.0582255712072,119862.48458853111,307702.1105866355
200000,200000,0,checkpoint-decision-front,a2123930911efb4332ead95b2584c4c718ec9a344a5374b4cdb9064b2f01a3ab,1170.9333263444385,114197.27413084856,320383.91418256494
200000,200000,0,checkpoint-decision-front,668b68e3b8201f42d6cbff6f5ca04af24f92839b596c372e30873e97a7bf2220,926.1552158707137,120182.0824478795,309909.7662529009
200000,200000,0,checkpoint-decision-front,58bb5e89c241a9b6f0005571bb7020937d9918d3c7edf8a2f4f81945445ff57a,785.7373311725179,125862.95320742167,337310.24468238326
200000,200000,0,checkpoint-decision-front,c5573eccd52d6c21ad4715c8274a264c1c0dad65217350d500c33a8a40df1afd,965.6325681881609,118613.66494854966,350835.7854210231
200000,200000,0,checkpoint-decision-front,f0f6080cb84b334de895a1e7fe5eb611978f7ab848c94515ba9b0ac61c7f2270,921.7696370433458,120042.10141070661,312340.5387917357
200000,200000,0,checkpoint-decision-front,c17f560a8b06cfc6d7ca167edc7ad1d3d56e4b43a5833ca4860d63c8b0f51415,1196.5842119524502,114494.34419842833,315344.36240190594
200000,200000,0,checkpoint-decision-front,b8a502e760c92cfda1cf0993fbca99e59a257c721968e10375d5a17cd48db10d,975.7764738624105,119486.41483052971,311090.19616803515
200000,200000,0,checkpoint-decision-front,17e9b675e437ee1e3b1f6fbe4863766a5f7676d31a25a1cdb4351d5f5df310e7,794.765882828809,125277.59409028951,339933.83024055
200000,200000,0,checkpoint-decision-front,eba13d6b27ce7abef11ea8c983d53fe29de21f75eff9631df50567c6b1241386,998.1678991330438,119030.65775333835,314115.8732255798
200000,200000,0,checkpoint-decision-front,d8932803b7b7644ca568e9e4276ad79d0403767086df79a21ed6f7384ca62409,1122.8412493128826,115029.53216978992,332234.39164506504
200000,200000,0,checkpoint-decision-front,1055997ab9aee45e29a26cbd1cc9f9d71e30e526e0c8f5080c03cf92f7f005d9,1176.5043422657309,113785.06418321468,321807.4282522686
200000,200000,0,checkpoint-decision-front,49a78d0bbecbb3e7e2ad313415111c7c9f432ff8d1be4cd7c2883aa1e7509f9f,1056.3442502286382,116425.0457277277,328165.00349917053
200000,200000,0,checkpoint-decision-front,00ea88c87c78b2a9118371b889fe193b72b82424acc22189261ba0bfbb6fa249,802.2191970245324,125064.76222161434,338787.85394409415
200000,200000,0,checkpoint-decision-front,60405dc3aea026671149562fb4ce14f2855b7d892444f9841f375c70836efb2c,1169.5085855825375,113965.68644259221,320990.2667194338
200000,200000,0,checkpoint-decision-front,81da3530d02ad47626b8eab9040543cd413a477524d485d182db015ef4029cbf,1168.0280335064108,113934.22816466732,322978.2971071762
200000,200000,0,checkpoint-decision-front,56c90a6f967df8b048d77bed35f1f17fb9dc0359d9f0daf4a46f2f1f9b621849,1045.8749944065296,116185.97179627701,342433.07896245207
200000,200000,0,checkpoint-decision-front,e324acb9e31ab4ccc565c2aa6d4ee4a5dc5a536196b977a4a3f02c8603e49099,1013.6375102243155,116382.6487571036,337865.8770325347
200000,200000,0,checkpoint-decision-front,5886d5458ec7ce462f64424576d58f08e871de9b1f355a5fa09b00ae3f1fbf60,1024.6980236317293,116900.68236652776,330366.72046872723
200000,200000,0,checkpoint-decision-front,7dd8fc25468a2db619d09d98fbfab64bb4acfb80d6a1d616907cdcea61476ea7,975.3530888357035,117200.0723567401,334415.79802055255
200000,200000,0,checkpoint-decision-front,edcb469ec5a610784ae0a3269a07ffa92150db007e754bd2ba05f7f3bacfa1d2,1057.0927589771727,116033.6792789244,332735.08706874616
200000,200000,0,checkpoint-decision-front,1791efe76a8de30acee15e97322dc14faf7fc3bc478fd7d8027213c0af259d0b,1142.6601787690113,114461.1492073657,321852.96432610165
200000,200000,0,checkpoint-decision-front,6095e0f164ba99a87deff9963e17cebccc7fd229be1532e98b74ef98abb67e5c,1022.2607745480359,117251.52669623296,326811.64066663536
200000,200000,0,checkpoint-decision-front,02fd9b0a6eb96e71fe5e9af8feedde57acfe55d2391f0fb0270d5b8e6b6a6dab,1114.8246656169379,116720.57249881618,320218.0013174368
200000,200000,0,checkpoint-decision-front,8d41b8862f92b3c405dec6877e2154687afb00a05cff8586c52292b0763e65a3,1243.1100918042796,113424.82724890279,325947.2646242568
200000,200000,0,checkpoint-decision-front,9e7e44a8352bbc85eaae03522e3357d2d9494529c63eb7a3b9c86598702d3570,1026.2752158551402,118558.66936835751,317174.97871835757
200000,200000,0,checkpoint-decision-front,fba8e8b141bd6c3d3dd8aa1e3e6621d8e458aa45a1ad4bb928b64ea46d9de4c3,1085.8024700828244,115173.17132789543,333256.02470515145
200000,200000,0,checkpoint-decision-front,6a12a851d0fd79987cd386b45c7df0fe80c559876d939608be2ff7fc7ea024ef,976.2616068889707,117841.02472290635,323554.9795552939
200000,200000,0,checkpoint-decision-front,79d52ed5dd51a9e2ada86f3540fa84d80c69d9eb578f237890dfbc3a11701bce,794.1948985829899,125327.92771328686,342913.6204204567
200000,200000,0,checkpoint-decision-front,c3d9f0a897061c694352c228440c04557764a5b3983701935df05d69cae57f3d,1190.4208732054592,114731.69543813632,315736.38775213104
200000,200000,0,checkpoint-decision-front,f15ce496de25faac233e0be531cafd0b12549b136dbbeaab3cb75c5ec1558d71,1003.7549341659095,119769.56721711175,310674.05193565483
200000,200000,0,checkpoint-decision-front,e524376b36bf1d92de6c2ce15f3b2cc39a24cf4d1ec38203bc93215ca23ee5f3,955.7342324520288,120109.32550616143,308245.6241988712
200000,200000,0,checkpoint-decision-front,6d412e8ae1e3bc73d02f20d33148bf054862757f0196ad93acda70cc6cc8a93b,795.8366367247914,125590.06612112597,338258.9756293945
200000,200000,0,checkpoint-decision-front,d50fad745b87f651250a7049cdeb34150db8639989f435361f609021552cc58b,808.8538606302657,125303.98717861084,338461.21509833034
200000,200000,0,checkpoint-decision-front,5612b16c7555183c53bc428ef3485c85eb90de45597b5733d35b32e024235dab,791.652622435403,126723.40851724385,337271.15563902084
200000,200000,0,checkpoint-decision-front,f205343855ef01585016a9201efa703d1466abd0451e940c8ef467dc5268dc0c,1065.380693446394,115951.0330295625,345121.3600160659
200000,200000,0,checkpoint-decision-front,50b015862eec1547cbee186453cdee8b73fa0a15b7fb368e721ebb830901f22d,813.1113269924846,125962.8085762005,336151.42253392923
200000,200000,0,checkpoint-decision-front,17d4940b5ac955f6ae64128db07c4f74400b5cf1b2ea0f0179f67a0c31f3f988,1228.0660106690232,113443.21110552104,328982.00048389466
200000,200000,0,checkpoint-decision-front,32595ba4368721b894cfbe155e288f16b352b01dc2a875ea70de0ba35a940e9c,1122.089736841743,114687.99029983272,334451.7896854782
200000,200000,0,checkpoint-decision-front,a398961c7a30f80ac7f6b82faaf1e7647963353a4219fe91617a5676a86d9742,1023.6618550666377,118770.44454008309,320455.65326993715
200000,200000,0,checkpoint-decision-front,75b48a608b6c3bc08fae9bcefe2e0d0561fa6a768570e0452a6c6b0870b4fd4b,810.595323934047,124999.71872364942,339288.4385883944
200000,200000,0,checkpoint-decision-front,8a4d36ae2df8b0dd7259225135d04947c479234a93873fa9f13ecfd6560f5124,777.4675072785228,125451.30089572337,341566.56710044487
200000,200000,0,checkpoint-decision-front,7b3e19bb5e93cc8dd10d3d9fd199e8494d15438ddb2007950bb4de67a9820acb,1257.759688301747,113362.46745674967,325004.10989866167
200000,200000,0,checkpoint-decision-front,3ec4ac34e1d153da2ac6e3a67660c387926692e1b485d8bd086eb1fe783b3def,1239.7821538385672,113438.31019030904,325026.36135540187
200000,200000,0,checkpoint-decision-front,53657195c896fc8994ced240493334919e6f51925837288a5590b951571efc06,939.4890409430509,119559.94120930169,316280.32146713155
200000,200000,0,checkpoint-decision-front,c47dc095a84bf9ee05d402e4acba44b816e25723c357b45342cc5c927343f842,1004.6070143558469,117090.72011871886,330797.8702700202
200000,200000,0,checkpoint-decision-front,74fdaa6cf0f3724ed62c8c7ccc7cac3ec360dde3637cefeadfef463c0c9899ae,1177.439253568701,115166.4993515788,315065.81157016207
200000,200000,0,checkpoint-decision-front,a5aed6cf216c177e9ceab74593fe285b418b71508478ec9fa8969237127e213b,777.4675072785228,125665.9994817755,338646.6167798893
200000,200000,0,checkpoint-decision-front,6fbe0c02273ad0b9763498c9593ddeb59ae77b1c7f6a3e77070a90216137257c,1213.244271524767,113735.7375193985,318509.166327592
200000,200000,0,checkpoint-decision-front,4dee705a3504eee0353d2cc3a878fabd6cde02e93746a60af2d76e8c47a855d4,958.5373224432301,120497.03506152058,307498.7441895377
200000,200000,0,checkpoint-decision-front,ac9309b18c66b0be922cc6ca2fa4dd328caa1439656fb1b5b9c4bba802c936f3,1238.5089264862688,114069.05843627264,314479.06979475386
200000,200000,0,checkpoint-decision-front,28c01f11df24a2cfac336e97feb280b5d3a0d24052adb549865018c1b4c925bc,1053.2192481458128,119140.98099744576,310670.3110692279
200000,200000,0,checkpoint-decision-front,b7c1859ab8976e550f40ca3d40d6e6410448c453937df7b5c7ec4867d1ba4b5c,955.7342324520288,120804.37839688886,307402.5511645087
200000,200000,0,checkpoint-decision-front,5b99de5833a86aa7b0221ecd95789f7d7b191f9eb9ca01fc5d1a8466936a9a2a,1109.400848764093,115383.98551285153,328508.73513200105
200000,200000,0,checkpoint-decision-front,1b04bd9054309246b24b2c9ef81d7c27887f2df8ec8d2629160ceadc14efcccd,955.4989066424363,120160.45179158897,308034.10370643705
200000,200000,0,checkpoint-decision-front,30a5ecd6e111a9a6a4e800047be07e9dbd48f95e0826a4dd5bbd5870f084d0d1,1121.7973784996084,115419.69241757436,315465.3405703408
200000,200000,0,checkpoint-decision-front,ea994e876a38aebcb2dc59263d9c251537e8146aa447823448b6a18bbeab8ef8,1133.764249680165,114795.58804082288,321570.9576396216
200000,200000,0,checkpoint-decision-front,9528ea614b85b4b93f5a35c72d43ddd8687e64108042b041babe2312e5325cb4,1216.6945485742845,113567.73723596265,320634.36519470625
200000,200000,0,checkpoint-decision-front,9c8af61f3a709b29416ab9fca92b752e95f4f538b1eadece94e13dbf51c4c500,1149.5238633250772,115094.60984253786,315684.54311736964
200000,200000,0,checkpoint-decision-front,bbd7076084cf5990aab6b259e4952f5cee75d7a7759b480339dbcf2ad420d27b,960.7115740715063,119000.11761536944,341242.35218684573
200000,200000,0,checkpoint-decision-front,b9124788a36a0153c17fe398b182149c02c7fa80dd8e92d298a2b7473844ed0f,928.0849027416314,119908.58223519832,339836.3386170163
200000,200000,0,checkpoint-decision-front,21701d0c0386250536826b482abb0a66e43bb4a868c9611370e54bf70b2d953f,921.7696370433458,120588.01525318687,310910.251799649
200000,200000,0,checkpoint-decision-front,268416073bc80184e4abac9e511069414612fca9578cd4b2dcdc23b98008c1fd,1115.8790864605867,115578.94127126859,326004.47656583495
200000,200000,0,checkpoint-decision-front,b92d97ef93b33e264d870912497af2fb9490adce67b780d2a3fa72161f348b71,962.8734251536767,118678.18669422201,327566.9597231593
200000,200000,0,checkpoint-decision-front,fcc0a863e3a8d2523193fc7c7037eb47f63e56134b949826e37fc16d9cf251fe,973.2364292256179,119008.51609618826,326093.4304965603
200000,200000,0,checkpoint-decision-front,43dd8f0cff9af5acb3cdeb33931c0c7ba554c0245d5c621c088014e4e8ba5314,1221.2646576554266,113555.36401746701,319384.00398300524
200000,200000,0,checkpoint-decision-front,00be7b63637254847e749b79ca01de0b7820be2a9833684d18671fc02891d9ac,1021.8385050292037,117570.90198760638,329036.6772748899
200000,200000,0,checkpoint-decision-front,9b56822bc9cc547de58792ec88ef9502c6d4b843dafa4a16e9905c241bf24192,943.8867762803571,119337.29817933904,328369.55921344645
200000,200000,0,checkpoint-decision-front,f9a8c79034a352d2152099da78bca7a6c74ce07f905f9bcff32d9ecde5fbfb81,1261.5394949813603,113338.36092202316,329505.3143948903
200000,200000,0,checkpoint-decision-front,4c919e246e4cd1cb9a0382d2932a1b0d079e1393d0e77706b9f5ac37d27fa43b,1079.9051543836767,115926.66978557018,321433.8617821811
200000,200000,0,checkpoint-decision-front,2b32d2c01e6ffa5134400527bb66d0c422d012634f26af883a291ca2249835ea,1066.89409264936,115221.51920822271,328843.70026846026
200000,200000,0,checkpoint-decision-front,feaca32c07c47af0889bce6ca3350ec636bb2e93bb0d0166c879958c8a6a2ab2,1033.1833534556602,116218.66955368876,330805.3112462531
200000,200000,0,checkpoint-decision-front,61380b0bc5f15e43532b1d38c7a4e1180a24e1000cfe48037307a29cf24c65af,931.6096929495726,120707.84868641419,307448.10144653777
200000,200000,0,checkpoint-decision-front,6360ba1885d40386d25866fcbcf21d421c341740f8221db1a8b0c98029f29b77,933.7920652293236,120807.72508119966,307334.3185981078
200000,200000,0,checkpoint-decision-front,57340996d5bb5c5a51c56c5a41c50eada9da37cc032ebf7f051d57e8d7487019,1050.2449110041741,116158.9136812539,334791.0763027175
200000,200000,0,checkpoint-decision-front,42d49c2dbd289a65460eac4ffd12d2deb36ad695f4b5bb987a61372e42c2aeba,1114.9324779498756,114952.673244593,335077.82233570446
200000,200000,0,checkpoint-decision-front,ce775216d5c012f2f98a37de67447e9fea25498ed109a19a7bbe7600e438d356,1050.4028058646052,116649.49374637794,330164.0215876625
200000,200000,0,checkpoint-decision-front,189cde43fdca5c90e45b0b8a6bad4f2eb5d7d6d6ffe18db186a25de8bc20d7eb,1059.8286178011165,117802.16192517123,325179.3037867778
200000,200000,0,checkpoint-decision-front,b873697a6155a5a7ed2be4aaba731f0a7f97416bac6861cf7215ab18687fa4fc,1199.2135486615664,113736.35270510046,318996.6848722551
200000,200000,0,checkpoint-decision-front,7f11dfbbed7dd0ae7103fba9f15fb5c9907ac6e5b91261ec7f29b98c1451599d,876.7391999573707,123163.16177670872,323054.3346627214
200000,200000,0,checkpoint-decision-front,2522a010782d4f33a9ff3d1e37710055942fc430d7739cdfd390058cccebfb7c,1166.6094787466031,114832.1773688437,317076.9155382458
200000,200000,0,checkpoint-decision-front,fc9cd6b26b088668473bedca3b6e975b8e6ce435ba3ea1d0c844dffe3836c59c,1064.6658367401053,116556.17374234289,323097.23423176096
200000,200000,0,checkpoint-decision-front,0aacd759a3c90acfda10651f211730d62f93aae7031fffead4b5de713d2046ae,951.3713764285551,119771.30176242368,310705.2018611205
200000,200000,0,checkpoint-decision-front,98c4f2fc44206b5209def5f139f1c3ff9bf7903af4fa1c0c8ff9370f6e649c78,897.5795133634889,120122.25990573244,336073.4710275959
200000,200000,0,checkpoint-decision-front,3954cf691b34b415030d5332e20028e70f5ee7ae696531f9a33710acaaec045e,791.9077621578194,126228.36658225421,336728.160756006
200000,200000,0,checkpoint-decision-front,23f2a08aa8fb6b817a8a72336dcf60f6bcd71ae86754ff3275b67b08ccb85893,1109.970185519684,115098.9117636756,330428.4829383086
200000,200000,0,checkpoint-decision-front,382386a4462b67a3b04927ee8728ff0c5ddcbe36c2b66566e9a86f903b2e6552,907.889350994634,120655.00844665305,313986.9582618522
200000,200000,0,checkpoint-observed-full-front,11eacea27348113c36e6aae830e0672fd90c73b49e9327971b2c2b39d02eb368,846.1423714231302,122988.00494740737,328802.3233755737
200000,200000,0,checkpoint-observed-full-front,d55ef7dce058895b656ae1445c5bba8d0744b3b9042c5633199b233592df8f0a,820.2860115999781,124319.83630842454,326151.96963183495
200000,200000,0,checkpoint-observed-full-front,37dced303887489ef809c4e8b035121d5f56003301e90e1dc547ee48ec2da3da,845.1130126989311,123344.06870452702,327456.0169817861
200000,200000,0,checkpoint-observed-full-front,b170574ab45cca63b9ef3cbc98a92f807e6354e604002856121c3193605beda3,845.9426294842576,123946.3301249405,327250.7656645685
200000,200000,0,checkpoint-observed-full-front,18ea2c7faf38bfb67b49df50b226f95439937433b98fd0ac408c0022b192351d,847.2230472919304,124400.11518523272,322116.04603736603
200000,200000,0,checkpoint-observed-full-front,2519961a2ce9e9c356daeb76a3bee54fa87691e128fd20f2fc3c415b13fbf317,864.5876538059971,123236.33598582944,322358.0116035674
200000,200000,0,checkpoint-observed-full-front,bebecb4e15e12a1c4f80f0ac5f10b63473eacdbd12012b908a4b57ebb0ad1868,787.8465409696857,126495.69733792046,336312.6651499928
200000,200000,0,checkpoint-observed-full-front,8ace04cb964649d9e025096528657dfc0060ca20ad47adb7d204f04e35c5ecb8,779.3137016226548,127415.48498103442,334224.5242937109
200000,200000,0,checkpoint-observed-full-front,f00977e9e155c15b42c465e7b72a262701aa92baf3cd588da9b7cab76323d577,777.4567355223354,127167.6232276282,335108.1512626149
200000,200000,0,checkpoint-observed-full-front,c5a4763f6b63289c250ce29b3b574f4e2a5d452e70d902c22a50528d2e0afa33,777.4567355223354,127167.6232276282,335108.1512626149
200000,200000,0,checkpoint-observed-full-front,4aec289f28b53618388602ead6da6849cb43a28df02f0d5b947d1407c0039d13,777.0444661171856,127334.1739710173,334802.5491624311
200000,200000,0,checkpoint-observed-full-front,8f14832dba9c70bdc08717bb683ab7cac72db99e0543c1c415a95e9064971d63,780.9293610914443,127352.68979322985,334486.5428267787
200000,200000,0,checkpoint-observed-full-front,b1cad244656b932c9bde32e7324977fae6e1ea77668d2a73ca0593829f18d7d4,777.0444661171856,127334.1739710173,334802.5491624311
200000,200000,0,checkpoint-observed-full-front,bd6845f3e8a00c1b076ca9efb3b7cb72379c2213fb133202006ca6c5c8422393,775.9948739382446,127873.19754685674,335425.3299178063
200000,200000,0,checkpoint-observed-full-front,079498a53fbfb13024a96a88fd8585d964857b201f7fad3081f2764065a61106,777.0033898179051,127853.9792962757,333889.0469627272
200000,200000,0,checkpoint-observed-full-front,079498a53fbfb13024a96a88fd8585d964857b201f7fad3081f2764065a61106,777.0033898179051,127853.9792962757,333889.0469627272
200000,200000,0,checkpoint-observed-full-front,079498a53fbfb13024a96a88fd8585d964857b201f7fad3081f2764065a61106,777.0033898179051,127853.9792962757,333889.0469627272
200000,200000,0,checkpoint-observed-full-front,079498a53fbfb13024a96a88fd8585d964857b201f7fad3081f2764065a61106,777.0033898179051,127853.9792962757,333889.0469627272
200000,200000,0,checkpoint-observed-full-front,079498a53fbfb13024a96a88fd8585d964857b201f7fad3081f2764065a61106,777.0033898179051,127853.9792962757,333889.0469627272
200000,200000,0,checkpoint-observed-full-front,079498a53fbfb13024a96a88fd8585d964857b201f7fad3081f2764065a61106,777.0033898179051,127853.9792962757,333889.0469627272
200000,200000,0,checkpoint-observed-full-front,079498a53fbfb13024a96a88fd8585d964857b201f7fad3081f2764065a61106,777.0033898179051,127853.9792962757,333889.0469627272
200000,200000,0,checkpoint-observed-full-front,493047817e1112dda5660aa7fe29ef82dbf6d68824f278c8b74a4b89f6d99128,779.2021003952317,126990.62924723214,336234.7802548778
200000,200000,0,checkpoint-observed-full-front,35d8757af13ff1779bf994902810c044b1325c6e059ecd1019fe8b672900dd6c,776.5423502226853,126510.2449078002,336406.0104671235
200000,200000,0,checkpoint-observed-full-front,0d537ac04e97bd9b8823701b4212f87cd2e8e7972f75027a0cd901c61e5362d1,785.7829727721047,126597.06759582684,335122.30815174186
200000,200000,0,checkpoint-observed-full-front,e22b418fcb5a1afd297b770752a68165711ba8db1fa44212430671cf4a830138,781.3381779444613,126848.2651766353,335505.7962002383
200000,200000,0,checkpoint-observed-full-front,fe2cea9afc6162f6aabf0e31dbf856e53bb308aee03786abf659c995e90a4ab9,770.0258028844087,127238.48735599342,335518.8277366394
200000,200000,0,checkpoint-observed-full-front,321e1d8f13da4920c8dce586c0bebf8c65ff78352ea80faa7878e57c983b3523,770.0258028844087,127238.48735599342,335518.8277366394
200000,200000,0,checkpoint-observed-full-front,d0c7c942f3c4760694d775de302b486eb0e20a689a530bb8b341a4390ccb68b6,824.3748435552521,123823.22352173753,334002.43006057054
200000,200000,0,checkpoint-observed-full-front,4c8ca4f0423da52a27999dfdf813581072ff9543afef39560a85bdd776be3c37,840.6509675939012,122366.67920845843,332072.22687555454
200000,200000,0,checkpoint-observed-full-front,690045199912d0a9be5d44ea4b8f14dd41868ae0e13660c3ef7dcf55077baf57,855.7293063420083,122755.95303293376,326124.14726287243
200000,200000,0,checkpoint-observed-full-front,010052dd3b42bdd7fb547a3819e250d57c9f6bec70b8577c5808ac46e4294c70,840.0140138624771,123055.79920157437,333812.25671611377
200000,200000,0,checkpoint-observed-full-front,405ee03a66b43ed685f22f41754228a19c0c78ad48bb00909703dca530e00f9e,856.3800718233576,122168.78371278816,329448.71772173705
200000,200000,0,checkpoint-observed-full-front,84f9c92292ccf8fd983723af7d06ddde9a18380482c24e6e6d5a023f1865cf8d,828.1552479665279,123302.96772659893,333293.1237744675
200000,200000,0,checkpoint-observed-full-front,680919af5713d0872a1fb8239c4af49107480b713f23807726e035060a552258,823.6511657286703,124031.77746683569,333993.81631638337
200000,200000,0,checkpoint-observed-full-front,d7ff5e9cf98100a2541441d173a651b3756ac24895cb06918570decec346e07d,769.1588166187895,127036.76502490704,343887.0631006956
200000,200000,0,checkpoint-observed-full-front,14f51735125ff113a1d0d8dbddac7fd242113d48bdeddd13c053a68d5988a5ce,769.1588166187895,127043.53391446578,343829.56214128976
200000,200000,0,checkpoint-observed-full-front,d60c340c0e2bedd8c24153439ab7afa15502dc4ed7d770ec680574fdcb4d0912,769.1588166187895,127036.76502490704,343887.0631006956
200000,200000,0,checkpoint-observed-full-front,14f51735125ff113a1d0d8dbddac7fd242113d48bdeddd13c053a68d5988a5ce,769.1588166187895,127043.53391446578,343829.56214128976
200000,200000,0,checkpoint-observed-full-front,14f51735125ff113a1d0d8dbddac7fd242113d48bdeddd13c053a68d5988a5ce,769.1588166187895,127043.53391446578,343829.56214128976
200000,200000,0,checkpoint-observed-full-front,14f51735125ff113a1d0d8dbddac7fd242113d48bdeddd13c053a68d5988a5ce,769.1588166187895,127043.53391446578,343829.56214128976
200000,200000,0,checkpoint-observed-full-front,14f51735125ff113a1d0d8dbddac7fd242113d48bdeddd13c053a68d5988a5ce,769.1588166187895,127043.53391446578,343829.56214128976
200000,200000,0,checkpoint-observed-full-front,14f51735125ff113a1d0d8dbddac7fd242113d48bdeddd13c053a68d5988a5ce,769.1588166187895,127043.53391446578,343829.56214128976
200000,200000,0,checkpoint-observed-full-front,14f51735125ff113a1d0d8dbddac7fd242113d48bdeddd13c053a68d5988a5ce,769.1588166187895,127043.53391446578,343829.56214128976
200000,200000,0,checkpoint-observed-full-front,14f51735125ff113a1d0d8dbddac7fd242113d48bdeddd13c053a68d5988a5ce,769.1588166187895,127043.53391446578,343829.56214128976
200000,200000,0,checkpoint-observed-full-front,c203c125fe55229b7abe7a5202d9c9403b95dd81adc4b87a99cf6f8e77fe46c5,769.1588166187895,127036.76502490704,343887.0631006956
200000,200000,0,checkpoint-observed-full-front,14f51735125ff113a1d0d8dbddac7fd242113d48bdeddd13c053a68d5988a5ce,769.1588166187895,127043.53391446578,343829.56214128976
200000,200000,0,checkpoint-observed-full-front,8277d1a9315770dd752765488b8690511951473d79f5604ee642761968de8fc6,821.676004434286,124098.08573132262,329923.325390531
200000,200000,0,checkpoint-observed-full-front,be297cda41f4465a993b8b5b4d808205855b9a622e921a84686e91e022a1f59f,814.701623847504,124118.64353655322,331212.4186159358
200000,200000,0,checkpoint-observed-full-front,66b19917995afd0ed05a9c8999a443a40e484731bf5695cacc79a6cbc949962a,856.5757595173757,122396.79208696814,323857.67518564966
200000,200000,0,checkpoint-observed-full-front,e1cc75816d73bda4df1a78e640316102681e7ed9cf97d00ee05b20c5354582cf,877.6994505580597,122351.43946510169,324120.3232516686
200000,200000,0,checkpoint-observed-full-front,2bac17b42239b53a67c53069da5cda0cef840e0819451204594c1588e595878e,872.8300708776565,122170.0002902903,324776.2769393706
200000,200000,0,checkpoint-observed-full-front,0b9186cf3825fda532b52cde68ec690968381812c25f96a2d463d6159e0a53dc,824.4515275308349,124195.33607809606,329574.84141198406
200000,200000,0,checkpoint-observed-full-front,13321001cccda3037526709c257001c169ebccaa0bc7d129a46634e1fd47fc78,846.2425180574845,122929.76969536925,323787.41739696334
200000,200000,0,checkpoint-observed-full-front,e4fb714f67f2648eaed242ff8445c71867a2d720ed13029548cb83a46e0df29c,905.7815539975153,121945.72582081496,312160.5429663112
200000,200000,0,checkpoint-observed-full-front,89e761360d7d30e09384f02dba131349dc7ca87602aeea2e257ebfed1497e1f0,780.2889333147518,126903.81981035726,335937.20807110274
200000,200000,0,checkpoint-observed-full-front,463e2fe7539bbfe836ac3671730b9c71d8c18a2f1ee5877876750bcdc82fb269,848.1014226384868,122625.53048413855,329328.71104128467
200000,200000,0,checkpoint-observed-full-front,d670fe3f6eced5e39b12866f2bbc42cfc0dde9617ed43549f61475e1d02439db,1115.470642445857,115728.75848565256,327988.5556584012
200000,200000,0,checkpoint-observed-full-front,23ebdd41bd65cdf1949e07ecf504be67bef9d32fc83d1533ac80e918abf8f73d,1008.2546496571208,119018.1929466835,319526.00911122595
200000,200000,0,checkpoint-observed-full-front,5a57a5b9e2c05a889f138dfa793a17898496d568ed736ada5f4741e92c40e6c5,1038.8209019762153,118473.26673772698,320189.7088255618
200000,200000,0,checkpoint-observed-full-front,ff51da1906e6c77e81026d3b01c8754fc345af045124338345c6375b35eef45b,1076.6920661461943,118064.29636007678,319603.7971356277
200000,200000,0,checkpoint-observed-full-front,04f9f44d88d7b51ded09cfefab56ecfbeb15a47adfa7c68b9a62c1309947e0f8,1087.3830978318558,118258.59345291823,319548.6556273775
200000,200000,0,checkpoint-observed-full-front,4f84618d7a10767427c5b9954c14105f0574ebff3b2379ed8ec99ef093609b88,769.0664179985137,127932.48698752247,345161.973221172
200000,200000,0,checkpoint-observed-full-front,e457b5bf9da9c001c9a37d1dd5b387addada760b0fcb254196c31ad7a0ed51e7,1031.8010969109862,119008.78870491334,315766.75774146116
200000,200000,0,checkpoint-observed-full-front,11dd9610bca5051d055b4161e491517ba357ec7362542e59e507f0afad98cb4d,997.602591951109,119092.50136245706,317426.65949937125
200000,200000,0,checkpoint-observed-full-front,1fe0853a9314ca8f438753df25de152b3e40db034436176238dce65463688013,1103.7566303570563,115897.78429134074,325944.8956823412
200000,200000,0,checkpoint-observed-full-front,a7550999315f630aafcd9eed2c537df00aaf3840d4779c884240c5bce4b75696,1164.359121876369,114813.19682878393,317767.5050874994
200000,200000,0,checkpoint-observed-full-front,4cfb2bdc1d712e96dfd35491aeb9bc48701526f4cb54fdc53b85b2119d8007dc,1144.5369829947808,114775.32894616068,318780.1685868167
200000,200000,0,checkpoint-observed-full-front,f5710874edf15f975d92223bfc30ff78d7b259548f587c59f8a2e693a05e502a,1086.4120148648403,116714.526956123,320662.9134755591
200000,200000,0,checkpoint-observed-full-front,e705efeb0ce6587f9d898164e852068f6c80d3fa16237036b0b91e2e489ac588,1118.2513641965095,115968.90485612313,319002.52400098694
200000,200000,0,checkpoint-observed-full-front,c885ef5649b0d73b6ed3b9bdbc414dc5160e4e0b0346dd84c01b81e1ccf66705,1164.359121876369,114813.19682878393,317767.5050874994
200000,200000,0,checkpoint-observed-full-front,c885ef5649b0d73b6ed3b9bdbc414dc5160e4e0b0346dd84c01b81e1ccf66705,1164.359121876369,114813.19682878393,317767.5050874994
200000,200000,0,checkpoint-observed-full-front,a7550999315f630aafcd9eed2c537df00aaf3840d4779c884240c5bce4b75696,1164.359121876369,114813.19682878393,317767.5050874994
200000,200000,0,checkpoint-observed-full-front,88bfc3949a8dfd150fdce79392108d3698dcf4279bc54e48038212a16e80796e,1204.8589648297832,114596.03249111894,315170.8541967645
200000,200000,0,checkpoint-observed-full-front,b0c9d7cb998701a1172f35af5aec5dce4d76ee3b8cfb41f7f7ba479ae4c82b5b,1189.494821981617,115065.6512832676,316417.2518024884
200000,200000,0,checkpoint-observed-full-front,74c90f02ceae2e26d9c1f7e3e470d959fd324f3932ffbca821f2c2daf945e9ab,943.0100993467497,119350.64060923102,329730.12655340286
200000,200000,0,checkpoint-observed-full-front,489d8c7f530b5b37c25d0467986e9575471f4649061844c20e6e471d51a0d8e1,1008.3901558550165,119016.34913745517,318874.2442991899
200000,200000,0,checkpoint-observed-full-front,fa292ae14c6f52604fd4d1bc556558df33a641dffa3d769f4c1f8252c54ca138,1010.8380562896757,118943.41798248529,318808.5737047569
200000,200000,0,checkpoint-observed-full-front,c74a42019849a245a7ea634436924f3d40dedf1eb718f77d2a24c2aae1ff992b,883.9967308421121,122000.6165382497,317682.41148065124
200000,200000,0,checkpoint-observed-full-front,9af1c50ebb264a1c0f2c1f0c32a750a691c88e2fb433ee85c229a3a8f91cac59,886.5856911219847,121596.76119621367,321609.50482511637
200000,200000,0,checkpoint-observed-full-front,9d6b84340072b0f238ef947e2da5b8c61287d645358d67e1eb97d6dcb83508ad,907.7071538555705,120473.70400461592,322542.2310634271
200000,200000,0,checkpoint-observed-full-front,9dbdf1c0a644cf1b72c34c016a6a3b483611d983289c3ae6dc1ccd6eeef6a637,906.9345966319876,120714.80720880575,315786.40952888376
200000,200000,0,checkpoint-observed-full-front,ae34621e516794ce1a8d5eee91e14329cd8cda2ac9640b76c459c134b4f71f53,879.9346847817635,121710.14705490392,317746.7359925475
200000,200000,0,checkpoint-observed-full-front,8e0e43494f3af7b033c4e5712dfbfbf4c918bdbcef60983375057136099448c9,912.1493191003942,120296.6912058476,322456.87999034853
200000,200000,0,checkpoint-observed-full-front,da314343351b72c1d7d5605273f66dbb2076d10184582fc6d0c1b1e911f959ec,907.7071538555705,120473.70400461592,322542.2310634271
200000,200000,0,checkpoint-observed-full-front,4a2e5ead28e52d55c6dc245d84f8f82272455cbbbcfcc047185ccc6c993258d4,969.8485017138283,119909.71292193444,310496.5705100184
200000,200000,0,checkpoint-observed-full-front,71d08c87652fc61d84bad9f617fa3697cb7ec921e6a785035397c444a97de5bf,782.4272334750228,126818.96748967125,336070.2683155447
200000,200000,0,checkpoint-observed-full-front,ac981efeb3395430c6bbf59aa4cf577c90cf513679f2028706f9f25e62a9338f,1180.74732030316,113959.2400002983,319207.05813309766
200000,200000,0,checkpoint-observed-full-front,c4e4f78bd53ec9920b85b96b120a7f10c8c03a24ae3679974d86dc98ca5e3245,1215.9270865173303,113972.5751345442,316042.15233906225
200000,200000,0,checkpoint-observed-full-front,34fa51e2eb3a9f8d99a229d4cc39fd18546113177e8e6ac79187bb480c2f4d00,917.2687936280344,120317.59259279963,314142.04066639696
200000,200000,0,checkpoint-observed-full-front,6f897470971f028b03904ac34e3fe2feffcdee22b7bb3e8263b8ce3456cdf9dc,1122.8706709734163,114807.59001970978,321518.6450225401
200000,200000,0,checkpoint-observed-full-front,e71d7682f03ea9c2d62ba99c089265db6d26ad709197d434cbf24c09e722d8a6,1120.2741265160626,115468.00663631239,324558.4250807505
200000,200000,0,checkpoint-observed-full-front,928f158d351fe70a7342b3408a403644f944ca2173dc597759860912d07a6e52,1159.9616938776098,114247.23253954078,317849.63238741277
200000,200000,0,checkpoint-observed-full-front,0eb5449861f5eabe8a333686e5936d0c4f854ebfbf2888df65960f4703ab9397,917.2687936280344,120549.41896586222,314042.8741242756
200000,200000,0,checkpoint-observed-full-front,446e7af0b5e8d957fe833217320fe9182465470470104f21bb82e505848547e1,906.9345966319876,120788.89278620158,314908.84125860303
200000,200000,0,checkpoint-observed-full-front,9d6b84340072b0f238ef947e2da5b8c61287d645358d67e1eb97d6dcb83508ad,907.7071538555705,120473.70400461592,322542.2310634271
200000,200000,0,checkpoint-observed-full-front,cfbd0a6975c6352158ab2531770457ddf4f9e972268da8fa314f15e1bb84fd6e,1185.4559033238822,114418.09644957518,317168.2066107743
200000,200000,0,checkpoint-observed-full-front,a716746858d193dacfb45f538f68729475e56c73cf8cc0a08ea006fb550d8bc6,1199.474025523988,114873.83247996488,313312.2285722897
200000,200000,0,checkpoint-observed-full-front,cabbc0885f1901a1ed44525a5ea915afebbd504280dc2b7d0e7554c50d59aae9,1178.5634956731958,114197.25648785103,317387.6205868931
200000,200000,0,checkpoint-observed-full-front,310a39d66fae346c26671b3062a38984c026baba335c855cd76391073f63b1b2,893.3160642604074,120984.07806592676,317378.8301387392
200000,200000,0,checkpoint-observed-full-front,325c18c7bd267e3865c73c5e1b999411e5dac4dfc139109706675aa46aa19d74,971.3399626091491,119820.64928123138,310032.88301053375
200000,200000,0,checkpoint-observed-full-front,325c18c7bd267e3865c73c5e1b999411e5dac4dfc139109706675aa46aa19d74,971.3399626091491,119820.64928123138,310032.88301053375
200000,200000,0,checkpoint-observed-full-front,1493e07558aabf722bc2c62c2b4eaad3559c1085e2eb8c86a7e69a28f7bee9cc,1102.2707684007028,115899.9049956841,324036.8079251955
200000,200000,0,checkpoint-observed-full-front,325c18c7bd267e3865c73c5e1b999411e5dac4dfc139109706675aa46aa19d74,971.3399626091491,119820.64928123138,310032.88301053375
200000,200000,0,checkpoint-observed-full-front,f7d645ac0668a989cb1c21a15466229052980da1f7000cea13e00647a1359e8b,772.8057976369547,126665.97996151763,337694.9718423567
200000,200000,0,checkpoint-observed-full-front,3ae94412d5682e438d4c643d44c637fd3b933c7a284258cee8f7c3f47eb4f30a,964.7309011120673,119583.87088101506,313804.1662165683
200000,200000,0,checkpoint-observed-full-front,3ae94412d5682e438d4c643d44c637fd3b933c7a284258cee8f7c3f47eb4f30a,964.7309011120673,119583.87088101506,313804.1662165683
200000,200000,0,checkpoint-observed-full-front,919fedb6a73e55f03b70932bd327a72839d1e2a2c3acf2358afd3f2d916264e5,890.9152212166672,121176.90367215106,316840.901069256
200000,200000,0,checkpoint-observed-full-front,e5fbf5632b7cd6318df7d39a92ee1ffd2501d3a7f20741c927774f816c224396,1209.4920734852592,114319.32168943834,316005.76766307454
200000,200000,0,checkpoint-observed-full-front,09779319213b0e82fd73417609e7efccc0505ea9841d8b1296c1baafdb1d7424,1182.08403678989,115420.686588999,313916.0277145149
200000,200000,0,checkpoint-observed-full-front,c24bd26bd94f042294cbf4ae5fc37b42c8b988e4c1a73b17228b73a9f52f11e6,1172.0143649509585,114721.45100972557,316477.76953686576
200000,200000,0,checkpoint-observed-full-front,87a5883a78b6a83dcc5aa00b1c5f0317ef47c33076b5201368297561c8ae57d1,1209.7035556264987,114140.34944764312,314779.71497674665
200000,200000,0,checkpoint-observed-full-front,8ff57fa8c153dfdbb09a4ec1987dda26a11d31415236221f8e59dc944cc026db,926.1552158707137,119996.05394048485,314054.8242175435
200000,200000,0,checkpoint-observed-full-front,d2ab3e9ba779773db5c560db455b59f19562054a9a6d0f92ecb3f970c55f3a58,939.6313207935611,119990.21682708172,311642.047014268
200000,200000,0,checkpoint-observed-full-front,9edb17231412036cf18c1ad4c295589e58aea3e8a8217cb77cfbf37ea4a0ef7a,1185.6644653367707,114116.58147405015,316546.4121789045
200000,200000,0,checkpoint-observed-full-front,e08e43a7eb22713627e5dfdd0183692ca853a902cfe9839d231e0a1f47c3a574,903.6095280723018,120950.2215808038,314228.7604171774
200000,200000,0,checkpoint-observed-full-front,da37422ede8989bcea22451648ce23537161c8a2f2b49c02dd0c9916e69a5064,897.8390071476296,120672.0275750832,319730.7950294731
200000,200000,0,checkpoint-observed-full-front,e80122621dfa4463fe17d0cc758f398ee0a0586c165ea1df58be6a907f7c35b9,926.1552158707137,120057.79846959628,311975.0906008416
200000,200000,0,checkpoint-observed-full-front,25bb954c2d435f0e28c62e1436c761a6043ff98e0b0ae352b9707aca694a6635,887.0183256790078,121012.04942991986,316843.88222248055
200000,200000,0,checkpoint-observed-full-front,2f3e20a240742731d181712358e08e0d5f4d76886760c4eeafef525a44fbc251,777.4675072785228,125624.30408277395,339892.47443534934
200000,200000,0,checkpoint-observed-full-front,126b1c2dfbe09724ded58ee5b93011049b9b88d3c59d635be8bcbe43fe4024ac,777.4675072785228,125624.30408277395,339892.47443534934
200000,200000,0,checkpoint-observed-full-front,aa310a16ca004b358c7c92b8d95a2b77362893f6ac206648297e8ef6aed2af00,777.4675072785228,125586.48522558218,340477.2732461392
200000,200000,0,checkpoint-observed-full-front,aa310a16ca004b358c7c92b8d95a2b77362893f6ac206648297e8ef6aed2af00,777.4675072785228,125586.48522558218,340477.2732461392
200000,200000,0,checkpoint-observed-full-front,2afda02431eb76f6865e272af2c80c0d25c69e15f83e3c7a1293fa96ebd81385,777.4675072785228,125624.30408277395,339892.47443534934
200000,200000,0,checkpoint-observed-full-front,126b1c2dfbe09724ded58ee5b93011049b9b88d3c59d635be8bcbe43fe4024ac,777.4675072785228,125624.30408277395,339892.47443534934
200000,200000,0,checkpoint-observed-full-front,aa310a16ca004b358c7c92b8d95a2b77362893f6ac206648297e8ef6aed2af00,777.4675072785228,125586.48522558218,340477.2732461392
200000,200000,0,checkpoint-observed-full-front,aa310a16ca004b358c7c92b8d95a2b77362893f6ac206648297e8ef6aed2af00,777.4675072785228,125586.48522558218,340477.2732461392
200000,200000,0,checkpoint-observed-full-front,126b1c2dfbe09724ded58ee5b93011049b9b88d3c59d635be8bcbe43fe4024ac,777.4675072785228,125624.30408277395,339892.47443534934
200000,200000,0,checkpoint-observed-full-front,126b1c2dfbe09724ded58ee5b93011049b9b88d3c59d635be8bcbe43fe4024ac,777.4675072785228,125624.30408277395,339892.47443534934
200000,200000,0,checkpoint-observed-full-front,aa310a16ca004b358c7c92b8d95a2b77362893f6ac206648297e8ef6aed2af00,777.4675072785228,125586.48522558218,340477.2732461392
200000,200000,0,checkpoint-observed-full-front,126b1c2dfbe09724ded58ee5b93011049b9b88d3c59d635be8bcbe43fe4024ac,777.4675072785228,125624.30408277395,339892.47443534934
200000,200000,0,checkpoint-observed-full-front,9ebe6be750af80fc247791a04f948aa05fe82b0aff863e74e259d078fc85ddca,1180.74732030316,113959.2400002983,319207.05813309766
200000,200000,0,checkpoint-observed-full-front,126b1c2dfbe09724ded58ee5b93011049b9b88d3c59d635be8bcbe43fe4024ac,777.4675072785228,125624.30408277395,339892.47443534934
200000,200000,0,checkpoint-observed-full-front,126b1c2dfbe09724ded58ee5b93011049b9b88d3c59d635be8bcbe43fe4024ac,777.4675072785228,125624.30408277395,339892.47443534934
200000,200000,0,checkpoint-observed-full-front,3143c6e394c571c7b385fd236b40405ae643548e0052cc947c2e0b72f4d6289e,777.4675072785228,125624.30408277395,339892.47443534934
200000,200000,0,checkpoint-observed-full-front,126b1c2dfbe09724ded58ee5b93011049b9b88d3c59d635be8bcbe43fe4024ac,777.4675072785228,125624.30408277395,339892.47443534934
200000,200000,0,checkpoint-observed-full-front,3143c6e394c571c7b385fd236b40405ae643548e0052cc947c2e0b72f4d6289e,777.4675072785228,125624.30408277395,339892.47443534934
200000,200000,0,checkpoint-observed-full-front,126b1c2dfbe09724ded58ee5b93011049b9b88d3c59d635be8bcbe43fe4024ac,777.4675072785228,125624.30408277395,339892.47443534934
200000,200000,0,checkpoint-observed-full-front,2fe19c557c28ebb246ae7a83f91810b34f9aca94198e5bc95519983de566b9c2,777.4675072785228,125624.30408277395,339892.47443534934
200000,200000,0,checkpoint-observed-full-front,b4a4c903f1558df7bd56297cf939e56f550e6d6483e91b3aea00615c9f72f722,893.6064185105477,120805.2571605049,318789.18365249503
200000,200000,0,checkpoint-observed-full-front,e6fc0942bea7a505377face9e96f81cfceb6d2412d369f0be88322ce25e33e5d,899.8123007373999,121254.29913781241,313171.7039592443
200000,200000,0,checkpoint-observed-full-front,bbc82578de6db5b40986f0ec3b4d80eb4b3effbb3431174436806a0b00ea33d5,931.6096929495726,120458.30769056684,307951.72350990813
200000,200000,0,checkpoint-observed-full-front,e6fc0942bea7a505377face9e96f81cfceb6d2412d369f0be88322ce25e33e5d,899.8123007373999,121254.29913781241,313171.7039592443
200000,200000,0,checkpoint-observed-full-front,8aa5766f944c2bd9f8bb59000f1a8857f3cfcb42a98e040eeca187c51d48e8b7,888.9546300490691,120930.67484188138,318057.86317319865
200000,200000,0,checkpoint-observed-full-front,ede26bd73b87a896679b86ca4e4beda152de0eca43f52f906534a8d8488ce590,965.0172885826786,120507.9673289133,307492.4617421583
200000,200000,0,checkpoint-observed-full-front,bbc82578de6db5b40986f0ec3b4d80eb4b3effbb3431174436806a0b00ea33d5,931.6096929495726,120458.30769056684,307951.72350990813
200000,200000,0,checkpoint-observed-full-front,c71257bdcfcb853483e56322b0676afda5fd04c5e5f8698aa3e3994dbfc2cf36,947.2022865371948,120612.73900579796,307810.1683651035
200000,200000,0,checkpoint-observed-full-front,3143c6e394c571c7b385fd236b40405ae643548e0052cc947c2e0b72f4d6289e,777.4675072785228,125624.30408277395,339892.47443534934
200000,200000,0,checkpoint-observed-full-front,ede26bd73b87a896679b86ca4e4beda152de0eca43f52f906534a8d8488ce590,965.0172885826786,120507.9673289133,307492.4617421583
200000,200000,0,checkpoint-observed-full-front,b6bb19f59ce9432ca83dd202c0ccbbcedab2ea56517e758a05b940c41bf580c0,931.6096929495726,120458.30769056684,307951.72350990813
200000,200000,0,checkpoint-observed-full-front,2ca070796c83bbb31252fb310dfd9166319a306035d22e8f8ff3daa0ce7fd4fb,777.4675072785228,125620.86897135554,340364.079003082
200000,200000,0,checkpoint-observed-full-front,808d37bfe7154c9f5c4bb1fccbc6f26db3bc04d689052813cd652e158cf0a652,887.0183256790078,121012.04942991986,316843.88222248055
200000,200000,0,checkpoint-observed-full-front,e193d6bae0fd89f793d224f53e88cef48a09c695d0c88abd591be0db8dea0f1a,931.6096929495726,120458.30769056684,307951.72350990813
200000,200000,0,checkpoint-observed-full-front,3a6bcbdb9a48ca0f3d47b3f7b1d641aefc102b44d1551c89633b6c1b20ec614a,930.4482898153246,120417.9550018755,309356.3601975774
200000,200000,0,checkpoint-observed-full-front,36179bfc9f07ce5b845800e4ed01583287defa0f36ef46ae211e4d655bd6f78d,789.0034714241169,125336.33143071529,339129.55115486745
200000,200000,0,checkpoint-observed-full-front,b2766d1bcbe38b02ad86d18fcad5bbc5b8565ed8bfe111907be58d4d6e63595c,777.4675072785228,125624.30408277395,339892.47443534934
200000,200000,0,checkpoint-observed-full-front,ac4b9993ec0deb65e995317ed9dcb164598dc895a670e304ede495b7be388989,777.4675072785228,125624.30408277395,339892.47443534934
200000,200000,0,checkpoint-observed-full-front,a9b324a682bed915b95b7e0e111350db99e70c160280b069fd62c341743fdf0b,887.0183256790078,121012.04942991986,316843.88222248055
200000,200000,0,checkpoint-observed-full-front,adf0f5cf5151573f52822a140ccd7e5c8720f27841a471a734e695cedc8900e5,931.6096929495726,120458.30769056684,307951.72350990813
200000,200000,0,checkpoint-observed-full-front,04b591b4a435bc42d172f169caf5c1a4dcfcdf542307fbf579a660bb681ba27c,955.0383931002025,120454.81607377232,307558.1966108208
200000,200000,0,checkpoint-observed-full-front,bd2c15a285907e0b15fce2d4b8f47a515ea1b62813dfac6a2995546970efbac6,1178.6521107600358,113809.91887038309,319368.0212974568
200000,200000,0,checkpoint-observed-full-front,fb0ab1f7eff78711f9e102154912c8e3c02589f48d4bceb67c3b144ae204ed6b,899.8123007373999,121254.29913781241,313171.7039592443
200000,200000,0,checkpoint-observed-full-front,6f2979f7ec06bb0e412e999f95401fd36c6cf559a4444ed1b4fbbbfd3dd40a70,919.6209338224598,120636.5806547133,313954.09386129887
200000,200000,0,checkpoint-observed-full-front,d1d7d36c652f0cb91fb4f9436c1f0ffee2708d11302d7cd3ba72edd926974dde,887.0183256790078,120971.79767515446,321776.48473166354
200000,200000,0,checkpoint-observed-full-front,b6bb19f59ce9432ca83dd202c0ccbbcedab2ea56517e758a05b940c41bf580c0,931.6096929495726,120458.30769056684,307951.72350990813
200000,200000,0,checkpoint-observed-full-front,a9edac24004d4841dfc025567dd3aa04cee6c90f418eafabd37e6abc947135c8,917.4837257153412,120007.17269538208,314607.17404372635
200000,200000,0,checkpoint-observed-full-front,0c1aec4e8d6e8de1ccbc84deb30f38fcf7e8dcc4f8a35090d994086bbc666529,931.6096929495726,120458.30769056684,307951.72350990813
200000,200000,0,checkpoint-observed-full-front,b6bb19f59ce9432ca83dd202c0ccbbcedab2ea56517e758a05b940c41bf580c0,931.6096929495726,120458.30769056684,307951.72350990813
200000,200000,0,checkpoint-observed-full-front,b6bb19f59ce9432ca83dd202c0ccbbcedab2ea56517e758a05b940c41bf580c0,931.6096929495726,120458.30769056684,307951.72350990813
200000,200000,0,checkpoint-observed-full-front,74037a887f7a4143b569d73a8c13e600349428d466c203157c3ce4d6434e444f,941.0681006899899,120271.13670742023,308334.56829013414
200000,200000,0,checkpoint-observed-full-front,b6bb19f59ce9432ca83dd202c0ccbbcedab2ea56517e758a05b940c41bf580c0,931.6096929495726,120458.30769056684,307951.72350990813
200000,200000,0,checkpoint-observed-full-front,268047faa279bf824c3b948974afee056c11ea57e714980b3714b212bffddcfb,923.5158056928665,120088.811865748,312127.12019814237
200000,200000,0,checkpoint-observed-full-front,2358a554c72fb9ca69f946f17885bbb7855b817248923872a0940375aef6206f,890.6874893365525,120858.61727915017,320831.9833054271
200000,200000,0,checkpoint-observed-full-front,e193d6bae0fd89f793d224f53e88cef48a09c695d0c88abd591be0db8dea0f1a,931.6096929495726,120458.30769056684,307951.72350990813
200000,200000,0,checkpoint-observed-full-front,0c1aec4e8d6e8de1ccbc84deb30f38fcf7e8dcc4f8a35090d994086bbc666529,931.6096929495726,120458.30769056684,307951.72350990813
200000,200000,0,checkpoint-observed-full-front,80e883e93b1df574e54fb46f7a139cda7dda2e6634059d81ad250b81a958b5e8,901.0980266268194,120823.38565990306,314685.51467090927
200000,200000,0,checkpoint-observed-full-front,07de9bd32313e39684569f603afc7f526a5bb0eae97711c5398f26fc3ab70655,1178.6521107600358,113809.91887038309,319368.0212974568
200000,200000,0,checkpoint-observed-full-front,b6bb19f59ce9432ca83dd202c0ccbbcedab2ea56517e758a05b940c41bf580c0,931.6096929495726,120458.30769056684,307951.72350990813
200000,200000,0,checkpoint-observed-full-front,45e6354d9840a2ee61b8c4426e105c46fc5c8ff4bbcd6335b3a5a26f5dac84fb,941.0681006899899,120271.13670742023,308334.56829013414
200000,200000,0,checkpoint-observed-full-front,e4141bea64763e78273d8caf4121983416b2b72160734df6fcd6c20cda872f6c,1180.74732030316,113959.2400002983,319207.05813309766
200000,200000,0,checkpoint-observed-full-front,170528b977d2f383145a5eb33732c1152ed5e22ebcaa8c37eab1eb95d62ebaa3,948.3168441036714,120323.79994811173,308081.34972000855
200000,200000,0,checkpoint-observed-full-front,bbffcaf5b90c19de72d62391bdd66e84d5335d41555fc46d3b3588aabdea88fd,777.4675072785228,125440.83084879784,343102.99948295706
200000,200000,0,checkpoint-observed-full-front,b3ad189360620cf61e695c4d04bd74a81ab577ab01a024355ff7e8f890232a0f,900.8707803372919,121108.63604182102,316631.0775539959
200000,200000,0,checkpoint-observed-full-front,7027fe1834f17d6126dfcf6eccf1c168dada3ff99dba65bb2d76a76fe55b2ba8,941.0681006899899,120271.13670742023,308334.56829013414
200000,200000,0,checkpoint-observed-full-front,45e6354d9840a2ee61b8c4426e105c46fc5c8ff4bbcd6335b3a5a26f5dac84fb,941.0681006899899,120271.13670742023,308334.56829013414
200000,200000,0,checkpoint-observed-full-front,e193d6bae0fd89f793d224f53e88cef48a09c695d0c88abd591be0db8dea0f1a,931.6096929495726,120458.30769056684,307951.72350990813
200000,200000,0,checkpoint-observed-full-front,2afda02431eb76f6865e272af2c80c0d25c69e15f83e3c7a1293fa96ebd81385,777.4675072785228,125624.30408277395,339892.47443534934
200000,200000,0,checkpoint-observed-full-front,94f1dd980869b3f85e41e95b48a74dbe3ddb5ca6669cf8fb7045c26b15972601,1183.5517156942224,113740.09249032172,317786.61605566705
200000,200000,0,checkpoint-observed-full-front,b6bb19f59ce9432ca83dd202c0ccbbcedab2ea56517e758a05b940c41bf580c0,931.6096929495726,120458.30769056684,307951.72350990813
200000,200000,0,checkpoint-observed-full-front,3143c6e394c571c7b385fd236b40405ae643548e0052cc947c2e0b72f4d6289e,777.4675072785228,125624.30408277395,339892.47443534934
200000,200000,0,checkpoint-observed-full-front,d61872c5c94352ad9869f4c88b839b63351a1818be9be9134e2e1b6ef2612835,781.4550723424064,125586.99648321781,340248.50165046373
200000,200000,0,checkpoint-observed-full-front,2c1b67ea3ccc9cee6ac6f8eb8d172b9450c53458ab2e5534234169a3cc910c13,970.1864656111802,119520.97837521916,312848.1684130278
200000,200000,0,checkpoint-observed-full-front,c0fec5850e418ee7581e859aece32edbf4db252ce0c792a9116e2f998364dfc0,931.6096929495726,120425.95376111804,308290.7132062731
200000,200000,0,checkpoint-observed-full-front,f4e9e7ed484f9418ff3a49c1daa0a300968da17c499b608a42cec699ec27f7d5,899.0923573938696,121433.87506647968,315174.1797095284
200000,200000,0,checkpoint-observed-full-front,da8e0ba52050d15a5fe1f350e34ec5ac299950cd2f0ac0b60dd32b3fd4ee4727,970.1864656111802,119520.97837521916,312848.1684130278
200000,200000,0,checkpoint-observed-full-front,fc84b9d7f7468b8e8446b0b3a207410f4484920ed49322ff4685410ba8a909f8,962.0877621826012,119654.51342654644,313363.08776819875
200000,200000,0,checkpoint-observed-full-front,b300d7b428ba0f3174e9182625f36e62f32577d2e7a28d1f8c34e9440244a8c1,931.6096929495726,120425.95376111804,308290.7132062731
200000,200000,0,checkpoint-observed-full-front,ce0c15f3d215c8d6b08fa3747436f3b5e1348db43d277a0afb5c7b6e32405366,1183.5517156942224,113740.09249032172,317786.61605566705
200000,200000,0,checkpoint-observed-full-front,79b2ceb9a2bdf49cfceee9298e23f5aea5a9dabf0c320d402b53618a5197c2c1,955.7342324520288,120544.67363187074,307474.6884141896
200000,200000,0,checkpoint-observed-full-front,2dae93dfe5c01229eeeccf293fcf736cd8d84f8c5de537dfab9dab5f5f35c7b9,954.5469382788226,119596.20333416498,316106.8776350213
200000,200000,0,checkpoint-observed-full-front,70a556f6c92db8d57dcb90f8425d9dba9b004e7869192a0a1c720f019bd69fbe,917.9521541534906,120952.13332638258,313153.31766066514
200000,200000,0,checkpoint-observed-full-front,e9e7ef7a7f6943270b236e258155b9adc63a19fe216ecce8083f33dfd54beab8,893.3160642604074,121512.64427111665,315715.25788692984
200000,200000,0,checkpoint-observed-full-front,c2318d482d8a7024fe376357ca7bf737ff56640f7ee51e879716d683ea51fcf9,931.6096929495726,120425.95376111804,308290.7132062731
200000,200000,0,checkpoint-observed-full-front,a9a29ede1a186c1a291f58f0efe14f605f4e399dd65f0d90d6c341eb6e9525a8,931.6096929495726,120425.95376111804,308290.7132062731
200000,200000,0,checkpoint-observed-full-front,4153c7b464bd349a06447192421946603ed1a6bf4ac27f8997fa45cc08b4d0a2,934.8807442013116,120058.01019868575,308752.7992617076
200000,200000,0,checkpoint-observed-full-front,c0fec5850e418ee7581e859aece32edbf4db252ce0c792a9116e2f998364dfc0,931.6096929495726,120425.95376111804,308290.7132062731
200000,200000,0,checkpoint-observed-full-front,a9a29ede1a186c1a291f58f0efe14f605f4e399dd65f0d90d6c341eb6e9525a8,931.6096929495726,120425.95376111804,308290.7132062731
200000,200000,0,checkpoint-observed-full-front,a9a29ede1a186c1a291f58f0efe14f605f4e399dd65f0d90d6c341eb6e9525a8,931.6096929495726,120425.95376111804,308290.7132062731
200000,200000,0,checkpoint-observed-full-front,6e058e6e412a4830abc9234c46d1cfc869eeab1afbb540806d64d55dabb2044f,931.6096929495726,120458.30769056684,307951.72350990813
200000,200000,0,checkpoint-observed-full-front,306bed9f40a2d41a7b2621b59dc8acdfefe773f8f5352d4609649e1985ed3303,914.9390877865192,120131.86875438518,314415.23937726207
200000,200000,0,checkpoint-observed-full-front,c559dcbdf86f9cfce52ce57768f1c35062c825da7cb75f3f8f472d25dd0049de,1139.121347573786,114188.85109468218,323834.84200768324
200000,200000,0,checkpoint-observed-full-front,c0fec5850e418ee7581e859aece32edbf4db252ce0c792a9116e2f998364dfc0,931.6096929495726,120425.95376111804,308290.7132062731
200000,200000,0,checkpoint-observed-full-front,3280115efed81ee306c7677a4c9c4dc8d75c6f72c20c428efd8d2a423845933d,943.2767066464961,119829.05914197222,311883.5835413297
200000,200000,0,checkpoint-observed-full-front,ce0c15f3d215c8d6b08fa3747436f3b5e1348db43d277a0afb5c7b6e32405366,1183.5517156942224,113740.09249032172,317786.61605566705
200000,200000,0,checkpoint-observed-full-front,d48368acd1309872ce70177455529a7bd34432a4b1125ba7243e7a0ded7d4933,878.0979377331114,121869.86081447508,322336.04171911045
200000,200000,0,checkpoint-observed-full-front,9392e5f1f3ef9be93b69cf7aef6c2d45f92320a8409883bb046b356a9b480c6a,777.3568235421047,125673.37218942586,339536.8030573849
200000,200000,0,checkpoint-observed-full-front,e4141bea64763e78273d8caf4121983416b2b72160734df6fcd6c20cda872f6c,1180.74732030316,113959.2400002983,319207.05813309766
200000,200000,0,checkpoint-observed-full-front,535247c1414c0dea5926db4a3069b034b385e27c1f1c75f95160d16ad7d20e05,777.4675072785228,125624.30408277395,339892.47443534934
200000,200000,0,checkpoint-observed-full-front,05c7d95a4045166901366e7628e49827e6d0cb118c0967826644509d9d90cd03,964.4041811299493,119910.2556413374,310589.38763876486
200000,200000,0,checkpoint-observed-full-front,0d771c18292dff7fc93dcb94b8b87c010edaa15e58d388fe2f12ae2d801c7b39,955.7342324520288,120243.68198191372,307563.0780322363
200000,200000,0,checkpoint-observed-full-front,caf3f6f8743160664a85a2a86d3b786f146ba27b141d042b04a4c6f76c5c0995,777.4675072785228,125624.30408277395,339892.47443534934
200000,200000,0,checkpoint-observed-full-front,5b35271120fa35ae133bb9dab229f0ab29fb93e5856f3dc84b8474cfebdb3708,931.6096929495726,120425.95376111804,308290.7132062731
200000,200000,0,checkpoint-observed-full-front,caf3f6f8743160664a85a2a86d3b786f146ba27b141d042b04a4c6f76c5c0995,777.4675072785228,125624.30408277395,339892.47443534934
200000,200000,0,checkpoint-observed-full-front,4c0d7b8851ccd9dcac5207faf3a74df0e33b1bc6431b63e45c197333af936b67,931.6096929495726,120458.30769056684,307951.72350990813
200000,200000,0,checkpoint-observed-full-front,5b35271120fa35ae133bb9dab229f0ab29fb93e5856f3dc84b8474cfebdb3708,931.6096929495726,120425.95376111804,308290.7132062731
200000,200000,0,checkpoint-observed-full-front,5b35271120fa35ae133bb9dab229f0ab29fb93e5856f3dc84b8474cfebdb3708,931.6096929495726,120425.95376111804,308290.7132062731
200000,200000,0,checkpoint-observed-full-front,df1f262b574a9760b26552a6bbb51f84e1faadbecb76d13989fce5c7f4f4609f,955.7342324520288,120176.89944826812,307573.47559917625
200000,200000,0,checkpoint-observed-full-front,f03452165a4afa627aca359b370140795fa3b818860faf51f3f81abc3b3c0927,1158.5138756884867,114224.85973976343,318737.42583078553
200000,200000,0,checkpoint-observed-full-front,5b35271120fa35ae133bb9dab229f0ab29fb93e5856f3dc84b8474cfebdb3708,931.6096929495726,120425.95376111804,308290.7132062731
200000,200000,0,checkpoint-observed-full-front,ea3cb43ff1e91a54384a7e203a8ab2f85c0bb54eee6028351957b5953c0afc86,931.6096929495726,120458.30769056684,307951.72350990813
200000,200000,0,checkpoint-observed-full-front,e6973324b5c243769ee0b1bc79593c9f2a3f0fb5d36e83f8e4945ab295a8e1f1,958.5373224432301,120615.45766019219,307415.8391402374
200000,200000,0,checkpoint-observed-full-front,caf3f6f8743160664a85a2a86d3b786f146ba27b141d042b04a4c6f76c5c0995,777.4675072785228,125624.30408277395,339892.47443534934
200000,200000,0,checkpoint-observed-full-front,5b35271120fa35ae133bb9dab229f0ab29fb93e5856f3dc84b8474cfebdb3708,931.6096929495726,120425.95376111804,308290.7132062731
200000,200000,0,checkpoint-observed-full-front,c66c860b104ce43fb8efdd8a47d71f0d1c231117acd22b474ab51c0d8e83da49,955.1654723158224,119919.8048321174,308712.7304489865
200000,200000,0,checkpoint-observed-full-front,caf3f6f8743160664a85a2a86d3b786f146ba27b141d042b04a4c6f76c5c0995,777.4675072785228,125624.30408277395,339892.47443534934
200000,200000,0,checkpoint-observed-full-front,2afda02431eb76f6865e272af2c80c0d25c69e15f83e3c7a1293fa96ebd81385,777.4675072785228,125624.30408277395,339892.47443534934
200000,200000,0,checkpoint-observed-full-front,ca9d11ce9e4d8023408b09f82d75581c059599fb100e34936ffb237ca0eb978a,1189.8681997218582,113916.67116779747,316187.3630893152
200000,200000,0,checkpoint-observed-full-front,2e4d8fd321199f8bc4279f4817ec5af146b8fd408081ee2ec6dfc53c4ecbed91,933.7920652293236,120558.18408535232,307837.94066147815
200000,200000,0,checkpoint-observed-full-front,c5e8fbf6c3a2e792218d59922e0eec998d03b9c8a45ef84e9e42f8ee9a85e6ee,899.0923573938696,121267.91345767898,316452.4885275583
200000,200000,0,checkpoint-observed-full-front,2afda02431eb76f6865e272af2c80c0d25c69e15f83e3c7a1293fa96ebd81385,777.4675072785228,125624.30408277395,339892.47443534934
200000,200000,0,checkpoint-observed-full-front,5a47744038100fc9624efcf93495a502ddb73faa21c1affa628fec6ebb605d06,1201.9204747289948,113751.60461924394,316460.079588705
200000,200000,0,checkpoint-observed-full-front,e1fd297bd21a43480ee47888c1ff609ea5f16b25b5a6fa707bb3592c2ebc7008,1180.159043091346,114025.67209799273,317951.5467521503
200000,200000,0,checkpoint-observed-full-front,2e4d8fd321199f8bc4279f4817ec5af146b8fd408081ee2ec6dfc53c4ecbed91,933.7920652293236,120558.18408535232,307837.94066147815
200000,200000,0,checkpoint-observed-full-front,2afda02431eb76f6865e272af2c80c0d25c69e15f83e3c7a1293fa96ebd81385,777.4675072785228,125624.30408277395,339892.47443534934
200000,200000,0,checkpoint-observed-full-front,d02ef8c0ccbc7671a350038cb7c881fb9e90d5c6c7d05a58595e1a7765770487,899.0923573938696,121334.43422159727,315941.92162122164
200000,200000,0,checkpoint-observed-full-front,2e4d8fd321199f8bc4279f4817ec5af146b8fd408081ee2ec6dfc53c4ecbed91,933.7920652293236,120558.18408535232,307837.94066147815
200000,200000,0,checkpoint-observed-full-front,e6973324b5c243769ee0b1bc79593c9f2a3f0fb5d36e83f8e4945ab295a8e1f1,958.5373224432301,120615.45766019219,307415.8391402374
200000,200000,0,checkpoint-observed-full-front,e6973324b5c243769ee0b1bc79593c9f2a3f0fb5d36e83f8e4945ab295a8e1f1,958.5373224432301,120615.45766019219,307415.8391402374
200000,200000,0,checkpoint-observed-full-front,e6973324b5c243769ee0b1bc79593c9f2a3f0fb5d36e83f8e4945ab295a8e1f1,958.5373224432301,120615.45766019219,307415.8391402374
200000,200000,0,checkpoint-observed-full-front,760b955c979ab4abb663680fba628a3e5dee4ca5c6edb1ce471d8e684e62654e,958.5373224432301,120314.46601023516,307504.2287582841
200000,200000,0,checkpoint-observed-full-front,5b35271120fa35ae133bb9dab229f0ab29fb93e5856f3dc84b8474cfebdb3708,931.6096929495726,120425.95376111804,308290.7132062731
200000,200000,0,checkpoint-observed-full-front,2e4d8fd321199f8bc4279f4817ec5af146b8fd408081ee2ec6dfc53c4ecbed91,933.7920652293236,120558.18408535232,307837.94066147815
200000,200000,0,checkpoint-observed-full-front,e6973324b5c243769ee0b1bc79593c9f2a3f0fb5d36e83f8e4945ab295a8e1f1,958.5373224432301,120615.45766019219,307415.8391402374
200000,200000,0,checkpoint-observed-full-front,bce7e2d4a4b924ee69ac497a74e1dcd10bb450d715d60013e934ec080ab9bcd5,931.6096929495726,120425.95376111804,308290.7132062731
200000,200000,0,checkpoint-observed-full-front,8de67490d08d8a6844ec33e585056ce9e7981c99194ccb166df0f327a542c3d2,1133.7549821076273,114851.20472669671,321501.72386340285
200000,200000,0,checkpoint-observed-full-front,042209a78b6ac942616ba8bc4b7880edf09a21be8383afa9c532d69f273551fb,931.6096929495726,120283.12603049996,308615.7558779047
200000,200000,0,checkpoint-observed-full-front,5b35271120fa35ae133bb9dab229f0ab29fb93e5856f3dc84b8474cfebdb3708,931.6096929495726,120425.95376111804,308290.7132062731
200000,200000,0,checkpoint-observed-full-front,330f53f64eb18fc477722aa858230b078597b79db60c6215c6683a911cb8b932,1134.4872309329353,114994.35152847148,319367.76281232137
200000,200000,0,checkpoint-observed-full-front,199133e008a935b1d04da70342dfdbcb646a667c47f8d039f82acb426864ecdc,1140.8009390134634,114532.90440596375,319027.4922631668
200000,200000,0,checkpoint-observed-full-front,5b35271120fa35ae133bb9dab229f0ab29fb93e5856f3dc84b8474cfebdb3708,931.6096929495726,120425.95376111804,308290.7132062731
200000,200000,0,checkpoint-observed-full-front,6e058e6e412a4830abc9234c46d1cfc869eeab1afbb540806d64d55dabb2044f,931.6096929495726,120458.30769056684,307951.72350990813
200000,200000,0,checkpoint-observed-full-front,5123f61c684a1c094347ae4d5caa313648f526fda7e3b20084239078abe12a1f,955.7342324520288,120243.68198191372,307563.0780322363
200000,200000,0,checkpoint-observed-full-front,1d575c74e065e1afa7f1a9b80fb39aaaaedd409c01f3ebf794b4d95d0d6dcefc,1127.4978070069483,114304.00582835925,327186.6315307055
200000,200000,0,checkpoint-observed-full-front,1ef990b9cf33e8765a1862e95e36a9d2a58f6a3596c425f2bd9768583a88853a,1153.0785678084208,114930.35925635093,318268.38571881305
200000,200000,0,checkpoint-observed-full-front,2c58aeb2a2e8db5a8a5cc4cdecf6f022bc41ec3d8deb94189dbab8f083b6f0d2,1158.5138756884867,114200.96024149309,320445.6613881537
200000,200000,0,checkpoint-observed-full-front,5123f61c684a1c094347ae4d5caa313648f526fda7e3b20084239078abe12a1f,955.7342324520288,120243.68198191372,307563.0780322363
200000,200000,0,checkpoint-observed-full-front,66d85b908c53eea39aae0c29300ab12486ef0e7a983a51ff80b4b15f8ecbd9c2,931.6096929495726,120425.95376111804,308290.7132062731
200000,200000,0,checkpoint-observed-full-front,2fe19c557c28ebb246ae7a83f91810b34f9aca94198e5bc95519983de566b9c2,777.4675072785228,125624.30408277395,339892.47443534934
200000,200000,0,checkpoint-observed-full-front,e4141bea64763e78273d8caf4121983416b2b72160734df6fcd6c20cda872f6c,1180.74732030316,113959.2400002983,319207.05813309766
200000,200000,0,checkpoint-observed-full-front,5123f61c684a1c094347ae4d5caa313648f526fda7e3b20084239078abe12a1f,955.7342324520288,120243.68198191372,307563.0780322363
200000,200000,0,checkpoint-observed-full-front,66d85b908c53eea39aae0c29300ab12486ef0e7a983a51ff80b4b15f8ecbd9c2,931.6096929495726,120425.95376111804,308290.7132062731
200000,200000,0,checkpoint-observed-full-front,6cd8ac381c7264598a76ad4112c1dfa90e4f8ac421ee631b8712cfa6f4335886,931.6096929495726,120425.95376111804,308290.7132062731
200000,200000,0,checkpoint-observed-full-front,7a72c4bc1ffee75109c52787ee2818b9cc73de0a4dd45f531d3b7d0560adb827,772.96801302515,125755.14606110119,337503.02528940234
200000,200000,0,checkpoint-observed-full-front,7038626d6d12d959548ed2f8025cfe84e109cbd27d6d6695abc6ac0e5149d06c,1174.3108670446895,113962.76596467712,319061.63491587236
200000,200000,0,checkpoint-observed-full-front,e4141bea64763e78273d8caf4121983416b2b72160734df6fcd6c20cda872f6c,1180.74732030316,113959.2400002983,319207.05813309766
200000,200000,0,checkpoint-observed-full-front,e3994b7785d7d506477bb0a89c5e7ba48f8cb40b9741793e2b8cbf38d2515eef,1146.3561988954048,114254.41375867513,322790.8575725374
200000,200000,0,checkpoint-observed-full-front,5b35271120fa35ae133bb9dab229f0ab29fb93e5856f3dc84b8474cfebdb3708,931.6096929495726,120425.95376111804,308290.7132062731
200000,200000,0,checkpoint-observed-full-front,58c9e80365bbe40e4560537c42b99330a7f7ba8ba0865fa3e13d85582eaedbe0,777.4675072785228,125624.30408277395,339892.47443534934
200000,200000,0,checkpoint-observed-full-front,7038626d6d12d959548ed2f8025cfe84e109cbd27d6d6695abc6ac0e5149d06c,1174.3108670446895,113962.76596467712,319061.63491587236
200000,200000,0,checkpoint-observed-full-front,adf0f5cf5151573f52822a140ccd7e5c8720f27841a471a734e695cedc8900e5,931.6096929495726,120458.30769056684,307951.72350990813
200000,200000,0,checkpoint-observed-full-front,c9c42421791011b44b6ff75efcbf81dd77e7a8f4058e8e67aff3f7a146f28497,777.4675072785228,125624.30408277395,339892.47443534934
200000,200000,0,checkpoint-observed-full-front,adf0f5cf5151573f52822a140ccd7e5c8720f27841a471a734e695cedc8900e5,931.6096929495726,120458.30769056684,307951.72350990813
200000,200000,0,checkpoint-observed-full-front,bce7e2d4a4b924ee69ac497a74e1dcd10bb450d715d60013e934ec080ab9bcd5,931.6096929495726,120425.95376111804,308290.7132062731
200000,200000,0,checkpoint-observed-full-front,4c0d7b8851ccd9dcac5207faf3a74df0e33b1bc6431b63e45c197333af936b67,931.6096929495726,120458.30769056684,307951.72350990813
200000,200000,0,checkpoint-observed-full-front,ea3cb43ff1e91a54384a7e203a8ab2f85c0bb54eee6028351957b5953c0afc86,931.6096929495726,120458.30769056684,307951.72350990813
200000,200000,0,checkpoint-observed-full-front,6cd8ac381c7264598a76ad4112c1dfa90e4f8ac421ee631b8712cfa6f4335886,931.6096929495726,120425.95376111804,308290.7132062731
200000,200000,0,checkpoint-observed-full-front,0d771c18292dff7fc93dcb94b8b87c010edaa15e58d388fe2f12ae2d801c7b39,955.7342324520288,120243.68198191372,307563.0780322363
200000,200000,0,checkpoint-observed-full-front,2b5d73566723475cf454b2166cb2384c198a2ce77416d6e6a11b78594641c4d5,772.96801302515,125755.14606110119,337503.02528940234
200000,200000,0,checkpoint-observed-full-front,4c0d7b8851ccd9dcac5207faf3a74df0e33b1bc6431b63e45c197333af936b67,931.6096929495726,120458.30769056684,307951.72350990813
200000,200000,0,checkpoint-observed-full-front,6cd8ac381c7264598a76ad4112c1dfa90e4f8ac421ee631b8712cfa6f4335886,931.6096929495726,120425.95376111804,308290.7132062731
200000,200000,0,checkpoint-observed-full-front,fa2c383390dd416a1011ef2381ce2761abbbbd5d98d99c13f198b710b6353c27,779.2765867058572,125619.87959511975,337699.8136018615
200000,200000,0,checkpoint-observed-full-front,4c0d7b8851ccd9dcac5207faf3a74df0e33b1bc6431b63e45c197333af936b67,931.6096929495726,120458.30769056684,307951.72350990813
200000,200000,0,checkpoint-observed-full-front,6cd8ac381c7264598a76ad4112c1dfa90e4f8ac421ee631b8712cfa6f4335886,931.6096929495726,120425.95376111804,308290.7132062731
200000,200000,0,checkpoint-observed-full-front,9ace08bfb0ba275c7d20970315516fe675c17394cf15f822a82d235613b033ed,921.7696370433458,120287.02360322984,310998.6414176956
200000,200000,0,checkpoint-observed-full-front,bce7e2d4a4b924ee69ac497a74e1dcd10bb450d715d60013e934ec080ab9bcd5,931.6096929495726,120425.95376111804,308290.7132062731
200000,200000,0,checkpoint-observed-full-front,36f11ac4851dd9b060c26135c579f541f01078e493614ba12bdce381e70a4df8,777.4675072785228,125586.48522558218,340477.2732461392
200000,200000,0,checkpoint-observed-full-front,eb6471ccda0c7a59e735ebc80288a37140babb77264070d49f27d8d8ede02467,835.8226523717741,123058.35742838177,331455.95992611244
200000,200000,0,checkpoint-observed-full-front,6cd8ac381c7264598a76ad4112c1dfa90e4f8ac421ee631b8712cfa6f4335886,931.6096929495726,120425.95376111804,308290.7132062731
200000,200000,0,checkpoint-observed-full-front,6cd8ac381c7264598a76ad4112c1dfa90e4f8ac421ee631b8712cfa6f4335886,931.6096929495726,120425.95376111804,308290.7132062731
200000,200000,0,checkpoint-observed-full-front,adf0f5cf5151573f52822a140ccd7e5c8720f27841a471a734e695cedc8900e5,931.6096929495726,120458.30769056684,307951.72350990813
200000,200000,0,checkpoint-observed-full-front,302d3649657f3f7dc7e3cd6e325f249eaa799f2b2b4f17e461cd9122d8d233c5,777.4675072785228,125624.30408277395,339892.47443534934
200000,200000,0,checkpoint-observed-full-front,41a4922c1f281e9f75a3889bdf92049acd48d8127d7bfbb2618acd0e4ec536c0,1199.3161267499383,114386.97907940176,316091.47895266884
200000,200000,0,checkpoint-observed-full-front,ec529acbfb54f59b147cc646e5efdf955b0e772dcc682661650216c7aeb7ee50,919.9395495258769,120514.66316828007,313069.3644201107
200000,200000,0,checkpoint-observed-full-front,e4141bea64763e78273d8caf4121983416b2b72160734df6fcd6c20cda872f6c,1180.74732030316,113959.2400002983,319207.05813309766
200000,200000,0,checkpoint-observed-full-front,2afda02431eb76f6865e272af2c80c0d25c69e15f83e3c7a1293fa96ebd81385,777.4675072785228,125624.30408277395,339892.47443534934
200000,200000,0,checkpoint-observed-full-front,2afda02431eb76f6865e272af2c80c0d25c69e15f83e3c7a1293fa96ebd81385,777.4675072785228,125624.30408277395,339892.47443534934
200000,200000,0,checkpoint-observed-full-front,767bff4d1f0cd4011fb7996984f9fb2f1614b947d21a4bea4b846691bd520c0d,882.3492155908652,121488.50422351214,327079.2134700313
200000,200000,0,checkpoint-observed-full-front,e4141bea64763e78273d8caf4121983416b2b72160734df6fcd6c20cda872f6c,1180.74732030316,113959.2400002983,319207.05813309766
200000,200000,0,checkpoint-observed-full-front,5e6bcb1ebd44269e59711cd470c10e71b8fcf52f570200487397caa932d4eb39,777.4675072785228,125624.30408277395,339892.47443534934
200000,200000,0,checkpoint-observed-full-front,40d27adb826ad9d52dbdcecf3bf93d2ad0b437730e22c216da560dd894140afd,934.1995835997478,119624.62779078895,323132.01606606785
200000,200000,0,checkpoint-observed-full-front,33a9f226a2e8074d0f4fd9a8f150e7a81d9d1820e2ee606cc889a1fe95e74bef,999.66148874611,120234.8702316217,307449.15559210913
200000,200000,0,checkpoint-observed-full-front,88b6d9e814b00a5cbb072e041c7310e5c6ba5ff3428c2dc6f94b4f49ae16b1b6,777.2959995938627,125634.54163973324,339781.56268567883
200000,200000,0,checkpoint-observed-full-front,241af4e60dbb131f6c7b361ef9ea93a31a470413cb25f652114278b195df2e3c,777.4675072785228,125586.48522558218,340477.2732461392
200000,200000,0,checkpoint-observed-full-front,961fc570a4392d9a47f07720740bbb4038ac030a14667560afca16ac78a7cf38,926.0795238258207,121039.01018345836,309950.7610841525
200000,200000,0,checkpoint-observed-full-front,ce0c15f3d215c8d6b08fa3747436f3b5e1348db43d277a0afb5c7b6e32405366,1183.5517156942224,113740.09249032172,317786.61605566705
200000,200000,0,checkpoint-observed-full-front,65ccf726febd3ff6168c41bea1ff55c947eb8b9048a970ecc5a64957ecd87757,777.4675072785228,125586.48522558218,340477.2732461392
200000,200000,0,checkpoint-observed-full-front,074a9f0566ccea77dc6d0b9259d8190a221de8461e204a4846a62e061521ec8d,777.4675072785228,125624.30408277395,339892.47443534934
200000,200000,0,checkpoint-observed-full-front,074a9f0566ccea77dc6d0b9259d8190a221de8461e204a4846a62e061521ec8d,777.4675072785228,125624.30408277395,339892.47443534934
200000,200000,0,checkpoint-observed-full-front,133f90e4cb7af7d855f9e981453bdb6bb82b264b5f2356242e1a72c3b43c2483,777.4675072785228,125624.30408277395,339892.47443534934
200000,200000,0,checkpoint-observed-full-front,f61a99ff95b0fbe77efd04491a56bae1bd0b0df91db9c74f930389dea3c79bd6,1125.483850090163,114701.63063405843,327710.2363685331
200000,200000,0,checkpoint-observed-full-front,133f90e4cb7af7d855f9e981453bdb6bb82b264b5f2356242e1a72c3b43c2483,777.4675072785228,125624.30408277395,339892.47443534934
200000,200000,0,checkpoint-observed-full-front,95d0a64250abc519a37776cb675baf77b80164f693195139c4abd1cd3bcdd7cc,885.9644183207502,121694.624065604,325949.41937446164
200000,200000,0,checkpoint-observed-full-front,fdd158182b5d9470301f3a184a87a7ed06f5133ddbcf3bf3854649635f008417,852.3723757148442,122237.17500701881,329443.73588265333
200000,200000,0,checkpoint-observed-full-front,e27b07ac1eef891e75d8a8c669195cba01b0ea98b8f1ab620f03123864ec6126,1169.7406858271393,114244.89909619352,318587.40878940077
200000,200000,0,checkpoint-observed-full-front,70dbf0ae4372fe501838fde210978bcd49e4a22191752219f3d128db3d0658a6,828.8026919398501,123199.5675201288,327997.03211229126
200000,200000,0,checkpoint-observed-full-front,69a61af2838aaf3402c045811c3e18c5d487d1d9d3eded210d4ba3b98752310b,1180.74732030316,113959.2400002983,319207.05813309766
200000,200000,0,checkpoint-observed-full-front,ef5b685fcb3319e3d53c93861a0a5d10415a8ed6e7e2d24297dce0077351c9b6,839.6278023504933,124078.6109892957,327075.19300865964
200000,200000,0,checkpoint-observed-full-front,2f61a59817e043d1b7bc75aef0b1252815a0b7e7fcda9567d8da052d0f6510df,879.545501718947,121829.91270001855,328503.30284879555
200000,200000,0,checkpoint-observed-full-front,6a97e3a0ad13bcd075192a7a359293e88890eccda056fc513f7423db433e13f0,1231.3288916808874,113469.38531202977,324907.3803388546
200000,200000,0,checkpoint-observed-full-front,af3738d9e1ffc3f9d1e4a8f99da5dbcb7cc8f021b33adf29f86e33740deae066,1153.6869726955752,114074.57732340167,326024.2588248437
200000,200000,0,checkpoint-observed-full-front,69a61af2838aaf3402c045811c3e18c5d487d1d9d3eded210d4ba3b98752310b,1180.74732030316,113959.2400002983,319207.05813309766
200000,200000,0,checkpoint-observed-full-front,ad6bb827c0780631ed17d0a2c6f3d40c4e3f4b960de6a786acf76d8b84cb26fe,1168.8406765036705,114031.46192174862,320446.8020111526
200000,200000,0,checkpoint-observed-full-front,54e336e5fcdc384b42f65ab9a2de0c6ccea78ae182891357fdd56cd359766dc2,1201.6559703853718,113651.69138603457,320051.8468698738
200000,200000,0,checkpoint-observed-full-front,e56f6ff7d849c0fc65fe22fc59eaa97e377f75f6f1bf96f43b5626aae2fce74c,1166.9730698757123,114183.4721358335,321810.61933733145
200000,200000,0,checkpoint-observed-full-front,cb4f2d1ea5d292925743db85a1a89c320466949dd51accd5cbe332b5188b8f7a,1123.1096771568375,114766.81927662477,328728.6486071305
200000,200000,0,checkpoint-observed-full-front,84c984ca041a46c3b2b4e09007a61b04dd9481442f23d69a745ec073a0cea3dc,1183.5517156942224,113848.75170407043,317542.1931291692
200000,200000,0,checkpoint-observed-full-front,69a61af2838aaf3402c045811c3e18c5d487d1d9d3eded210d4ba3b98752310b,1180.74732030316,113959.2400002983,319207.05813309766
200000,200000,0,checkpoint-observed-full-front,2c734f6cb0e710469720c991a694c86242022c32081039919ab13510e8e81eba,1180.74732030316,113959.2400002983,319207.05813309766
200000,200000,0,checkpoint-observed-full-front,9923f31267e22a89607dba9761e613638cf61570a7fac3145693a8d2cd9d4956,872.6003923628394,121880.75412835533,325054.5764681008
200000,200000,0,checkpoint-observed-full-front,f30935912ae0156de8df26ac16f5a8b3c9e3afa03f52483cbebb74920d019679,905.6772780870452,120573.18564707437,318301.0382285808
200000,200000,0,checkpoint-observed-full-front,e087b51b7a7517c2cfc40da5443bc524a730bdfacde26a2174954ad76895e7e1,853.649201132796,122060.76788226844,330915.5856655711
200000,200000,0,checkpoint-observed-full-front,2c734f6cb0e710469720c991a694c86242022c32081039919ab13510e8e81eba,1180.74732030316,113959.2400002983,319207.05813309766
200000,200000,0,checkpoint-observed-full-front,2c734f6cb0e710469720c991a694c86242022c32081039919ab13510e8e81eba,1180.74732030316,113959.2400002983,319207.05813309766
200000,200000,0,checkpoint-observed-full-front,01f317604daceacb6213522872acb4755f5a065d3892f69cd012605bf33a49eb,1156.9635306813295,114087.49818979991,325791.17089075735
200000,200000,0,checkpoint-observed-full-front,01f317604daceacb6213522872acb4755f5a065d3892f69cd012605bf33a49eb,1156.9635306813295,114087.49818979991,325791.17089075735
200000,200000,0,checkpoint-observed-full-front,63f247dbac58f2df32b285b79a1ffea18ad2862262dd609d29df4783398a9a5f,1180.74732030316,114018.6048348108,318608.47846567247
200000,200000,0,checkpoint-observed-full-front,69a61af2838aaf3402c045811c3e18c5d487d1d9d3eded210d4ba3b98752310b,1180.74732030316,113959.2400002983,319207.05813309766
200000,200000,0,checkpoint-observed-full-front,626aa59b3b04f3a14f48899e5787eeb4a3d411ecc1bb6dcf0c63c162c15f9e6c,810.493275825758,125018.78507654511,338977.9065946882
200000,200000,0,checkpoint-observed-full-front,626aa59b3b04f3a14f48899e5787eeb4a3d411ecc1bb6dcf0c63c162c15f9e6c,810.493275825758,125018.78507654511,338977.9065946882
200000,200000,0,checkpoint-observed-full-front,626aa59b3b04f3a14f48899e5787eeb4a3d411ecc1bb6dcf0c63c162c15f9e6c,810.493275825758,125018.78507654511,338977.9065946882
200000,200000,0,checkpoint-observed-full-front,09e4498de71dd3b5451d556d71b0ebf61a1039ba326d23d667dd6c43e1167088,1130.5128235566735,114368.6961619819,323358.55468318914
200000,200000,0,checkpoint-observed-full-front,2a370a9243c72301cb1f3dbaed70e823220bda9635fe4d37c316ca51c8c44055,1174.1123614428905,114216.19142431088,319740.5366263722
200000,200000,0,checkpoint-observed-full-front,142e90a90adaf4eac8be4bedd0cedb3e03e88c52a3e500746dec4ae7bb11328b,1085.175161586203,115907.25009990433,328601.63692366995
200000,200000,0,checkpoint-observed-full-front,e0f347cdfc53af9dedb2ea5a1658c9686556495b5f4024c1da4c4f09f242cdb9,1012.9820708000391,117827.40653620445,327292.3633307153
200000,200000,0,checkpoint-observed-full-front,f5800a872dcce4f05551760b3980ee1ecea21e942ee72e2048efa629f24c9066,1065.8595375260877,117333.61154098401,321534.1958454108
200000,200000,0,checkpoint-observed-full-front,2a370a9243c72301cb1f3dbaed70e823220bda9635fe4d37c316ca51c8c44055,1174.1123614428905,114216.19142431088,319740.5366263722
200000,200000,0,checkpoint-observed-full-front,047823a2be442ff3ed8b1f6f02c86375e6e46fb630cf577fecca5c170672907f,1146.690251364505,114302.47707807778,321319.0394521304
200000,200000,0,checkpoint-observed-full-front,f261f59d04f013db8063e3dc46d29d31f98c7500ec058da4476ddde569585ed9,926.1552158707137,120057.79846959628,311975.0906008416
200000,200000,0,checkpoint-observed-full-front,346fcc3677290bd08b7e67c814f57a9e8b06967cbd8a0bd756b79a40cf51d0d5,944.2479032301944,119949.14058484902,311334.1194376371
200000,200000,0,checkpoint-observed-full-front,1e5bb90b8c5c9d44883eee58230f4676b13e01945bf141b036123d2b85bf62b9,1156.9635306813295,114087.49818979991,325791.17089075735
200000,200000,0,checkpoint-observed-full-front,81e978a077c00a13e07a85ffb9608b6c4e6cc34ce8d49c95c7e22adf0af2b72b,797.9283055055222,125078.42859936593,338702.23557594104
200000,200000,0,checkpoint-observed-full-front,568e938be0496127616680f7de3cef33e4f87eacda92ce31ef77326bf7be3a33,1115.6532851742754,115410.97349627585,327021.6082571517
200000,200000,0,checkpoint-observed-full-front,9513909e2ea9849f4952b015bfc84658263a56470177320d6d2481086cfd7480,1147.0792829743496,113978.68668389515,326518.44419630634
200000,200000,0,checkpoint-observed-full-front,a3a45752cd15a0c4269f7d7f82b630e45fafb9e0473922253df4f77e1a7bf4a9,1222.9393815782491,113986.38386934134,314980.1251792058
200000,200000,0,checkpoint-observed-full-front,28670eab4d1da35f02155e22e73d5899508d447ce6c69df7031c01532bffdb14,777.4675072785228,125624.30408277395,339892.47443534934
200000,200000,0,checkpoint-observed-full-front,bfd33714cc6d9bd19187b0d613f49b9583756a140e15ebf3b6e567272ba9a1f0,938.1996181578179,120224.79841162948,308571.77666699584
200000,200000,0,checkpoint-observed-full-front,bc8e4908273e0abdb7bf4d9f9f2a3634dfc4dfe46b78ff255267e733408617e1,921.3729017892533,120601.70222740734,312161.40882771846
200000,200000,0,checkpoint-observed-full-front,191f4ab7576826026f450f5c1d3a22ddb2c0e2c2bbeda516db2da8dbcd55dd5b,777.4675072785228,125624.30408277395,339892.47443534934
200000,200000,0,checkpoint-observed-full-front,28670eab4d1da35f02155e22e73d5899508d447ce6c69df7031c01532bffdb14,777.4675072785228,125624.30408277395,339892.47443534934
200000,200000,0,checkpoint-observed-full-front,bfd33714cc6d9bd19187b0d613f49b9583756a140e15ebf3b6e567272ba9a1f0,938.1996181578179,120224.79841162948,308571.77666699584
200000,200000,0,checkpoint-observed-full-front,865404894ffb0a9da4ab190a9587a6f9afcdfa87b19af06a729cd234c2240311,938.1996181578179,120224.79841162948,308571.77666699584
200000,200000,0,checkpoint-observed-full-front,2ce6fb38df6633dbb51a1087dae08572cd7e5b5dbe3b19caec06c0273e6a09b8,948.9035389206254,119429.32339974868,319080.300435313
200000,200000,0,checkpoint-observed-full-front,3735d4a93364f5813d2cc787a9440be9b86b1783e704eb16ac21f5b5c394ee1d,777.3568235421047,125673.37218942586,339536.8030573849
200000,200000,0,checkpoint-observed-full-front,83cf778691320e91d936f9003425ff84c91dc0bcf67c1b8ccf3e5c5a3977aad8,777.3568235421047,125673.37218942586,339536.8030573849
200000,200000,0,checkpoint-observed-full-front,bf5ffc204b3650c0866d438827f2f3ff9c01123645ea277ea37ab5a2d7b6b5d7,794.6460051899852,125619.61304279606,337765.5885811405
200000,200000,0,checkpoint-observed-full-front,93b3c908bc762c1c80fe2043e0aa4c91be2c11b1215dd66e1669c7a2517249d7,777.4675072785228,125624.30408277395,339892.47443534934
200000,200000,0,checkpoint-observed-full-front,93b3c908bc762c1c80fe2043e0aa4c91be2c11b1215dd66e1669c7a2517249d7,777.4675072785228,125624.30408277395,339892.47443534934
200000,200000,0,checkpoint-observed-full-front,dfe07b52a5494a80b3215e845e02f7bb8c35c537b060fc659070cab70c55b251,777.2959995938627,125634.54163973324,339781.56268567883
200000,200000,0,checkpoint-observed-full-front,e7f701c397d666fb862a8619e82019206e3bdd2eec46d916a28da1ba50eb612f,789.5910187716371,125426.62047659943,338432.9081025417
200000,200000,0,checkpoint-observed-full-front,242a41b3bf51f2c1d3aa82604be11fe1b1d6a831f5965cb693764f609b684b24,795.4145704988952,125577.59567326304,338356.16525059583
200000,200000,0,checkpoint-observed-full-front,1f6fdeaedb7c8f49775a06d8115bfbbd8a44392cbe6155e2f1004fe09ca55fe2,768.943026654921,127113.20774031359,345766.03547394945
200000,200000,0,checkpoint-observed-full-front,dbe501767c1ecc3b04f6fe1266838e7d063774d0431c0a61ba20bca31a282b55,768.943026654921,127113.20774031359,345766.03547394945
200000,200000,0,checkpoint-observed-full-front,79b2ceb9a2bdf49cfceee9298e23f5aea5a9dabf0c320d402b53618a5197c2c1,955.7342324520288,120544.67363187074,307474.6884141896
200000,200000,0,checkpoint-observed-full-front,c0fec5850e418ee7581e859aece32edbf4db252ce0c792a9116e2f998364dfc0,931.6096929495726,120425.95376111804,308290.7132062731
200000,200000,0,checkpoint-observed-full-front,26a51ccb74fbded992c14a6291b2eb9bee56609e99d83848641379dd368b370a,777.4675072785228,125624.30408277395,339892.47443534934
200000,200000,0,checkpoint-observed-full-front,bb51fd3786181f6d8ac9bf34d67046583ebd0eadf9e087ebfea437cc665f75fc,1152.0557457338487,114224.51928627797,320309.2005654832
200000,200000,0,checkpoint-observed-full-front,26a51ccb74fbded992c14a6291b2eb9bee56609e99d83848641379dd368b370a,777.4675072785228,125624.30408277395,339892.47443534934
200000,200000,0,checkpoint-observed-full-front,67a1b767c7c76fa2c38a7fd74be33aaa2f70d541ae25d73edca39db67abaa21d,1190.6839361505433,113911.50785293657,316491.26083981124
200000,200000,0,checkpoint-observed-full-front,26a51ccb74fbded992c14a6291b2eb9bee56609e99d83848641379dd368b370a,777.4675072785228,125624.30408277395,339892.47443534934
200000,200000,0,checkpoint-observed-full-front,05373dc73363dbf7b4a9b620fe178717a3334cf8b5d3869f780c723c23f21d5b,777.4675072785228,125624.30408277395,339892.47443534934
200000,200000,0,checkpoint-observed-full-front,79b2ceb9a2bdf49cfceee9298e23f5aea5a9dabf0c320d402b53618a5197c2c1,955.7342324520288,120544.67363187074,307474.6884141896
200000,200000,0,checkpoint-observed-full-front,79b2ceb9a2bdf49cfceee9298e23f5aea5a9dabf0c320d402b53618a5197c2c1,955.7342324520288,120544.67363187074,307474.6884141896
200000,200000,0,checkpoint-observed-full-front,9fe0a4abe4285bf92058c7db7a30593df03467d034d02416261a58d6819f2765,812.538105480025,125171.02290729775,338609.1098391504
200000,200000,0,checkpoint-observed-full-front,f3c549ae69dfbac1e2ae01b3e5024ad2142c125d5ffbba26d9a786cae0e582b9,865.8307618261116,121943.6225997245,325682.3018921149
200000,200000,0,checkpoint-observed-full-front,ce02ba1f68de0dd9d41781a1a290b395c20be20d4541201840ad2cf72354cf98,955.7342324520288,120544.67363187074,307474.6884141896
200000,200000,0,checkpoint-observed-full-front,bd6b4bea4c7a7249d161f94b56ae93cc4f32fb7535e68c36df0b8e2f70ca1058,1138.1950992088018,114293.02522548652,322802.8542571676
200000,200000,0,checkpoint-observed-full-front,ce02ba1f68de0dd9d41781a1a290b395c20be20d4541201840ad2cf72354cf98,955.7342324520288,120544.67363187074,307474.6884141896
200000,200000,0,checkpoint-observed-full-front,f83ac8ea2e77f80c09e098f8e0606e63cce0eff003c841c5bab59db91340ec95,769.1972138522367,125828.98586589762,340587.505032946
200000,200000,0,checkpoint-observed-full-front,efe4e155e418738a3990559eaff6eb8f811c53755ae80e8d128beefef28b51ad,877.062441994008,122646.77561376919,320772.10689657717
200000,200000,0,checkpoint-observed-full-front,a5346c5030e3c063c26d747101c4f506619a980bb005f6a50fdd96db63f84659,1180.74732030316,113977.42892484009,318846.78976448334
200000,200000,0,checkpoint-observed-full-front,ce02ba1f68de0dd9d41781a1a290b395c20be20d4541201840ad2cf72354cf98,955.7342324520288,120544.67363187074,307474.6884141896
200000,200000,0,checkpoint-observed-full-front,d3f7bc9cc72d468e04af2faae0e842aba983ddad29e29666c9dc369905469f7f,958.5373224432301,120615.45766019219,307415.8391402374
200000,200000,0,checkpoint-observed-full-front,18afb55b3b92c592c3986af839e5dfc477d4cd4c418f574adcf901378d170f95,925.3443854503626,120936.92022765467,310736.6853607273
200000,200000,0,checkpoint-observed-full-front,df541b09e29f9e598ca6ed7e3b534d1e4f7b50c4b25213d9d7e985e91b463ae6,917.4422244773237,121148.74628635,310590.27483895735
200000,200000,0,checkpoint-observed-full-front,8227930e36769443ca59b35ad3bb431f1b3eb24d30fdbb974b223ccccb452ad5,1010.3086843714339,120592.41605874586,307421.87216738425
200000,200000,0,checkpoint-observed-full-front,3a4b4dd0ececd5956569f994f7bbddce26b3a0304959048226ff949e08126f59,777.4675072785228,125624.30408277395,339892.47443534934
200000,200000,0,checkpoint-observed-full-front,5a88e87fe21fe24bd6727a21ad13eb0d1f62422e9ca4c07f77984bee4e55f67c,1180.74732030316,113959.2400002983,319207.05813309766
200000,200000,0,checkpoint-observed-full-front,18afb55b3b92c592c3986af839e5dfc477d4cd4c418f574adcf901378d170f95,925.3443854503626,120936.92022765467,310736.6853607273
200000,200000,0,checkpoint-observed-full-front,5a88e87fe21fe24bd6727a21ad13eb0d1f62422e9ca4c07f77984bee4e55f67c,1180.74732030316,113959.2400002983,319207.05813309766
200000,200000,0,checkpoint-observed-full-front,6745d0927be9d839e93b8fcc6b466f5f60e22e5d0048e35b6b7b6420626560be,923.5924809761707,121635.49374976073,309710.1881679214
200000,200000,0,checkpoint-observed-full-front,5a88e87fe21fe24bd6727a21ad13eb0d1f62422e9ca4c07f77984bee4e55f67c,1180.74732030316,113959.2400002983,319207.05813309766
200000,200000,0,checkpoint-observed-full-front,e4141bea64763e78273d8caf4121983416b2b72160734df6fcd6c20cda872f6c,1180.74732030316,113959.2400002983,319207.05813309766
200000,200000,0,checkpoint-observed-full-front,723ffecbe6976d7d9479984d80bd9bfaab09612e0e7fad5e173ba435be38af88,933.7920652293236,120558.18408535232,307837.94066147815
200000,200000,0,checkpoint-observed-full-front,952740fa675e68580c23f0bf515c56d006e242a36075f064da6baca1bb459e29,938.730325356141,120402.76478018884,308519.5441875383
200000,200000,0,checkpoint-observed-full-front,0b1599f8094002906ebfa70ca8a2d6f3609bb856c984f5f69307bfc488295f27,931.6096929495726,120425.95376111804,308290.7132062731
200000,200000,0,checkpoint-observed-full-front,f7345cb576e93256bb5be54a9d289c64817dea4627b700961a1f7865751cbc16,927.0875813767011,120905.93367043711,307949.7105869437
200000,200000,0,checkpoint-observed-full-front,5a88e87fe21fe24bd6727a21ad13eb0d1f62422e9ca4c07f77984bee4e55f67c,1180.74732030316,113959.2400002983,319207.05813309766
200000,200000,0,checkpoint-observed-full-front,d3f7bc9cc72d468e04af2faae0e842aba983ddad29e29666c9dc369905469f7f,958.5373224432301,120615.45766019219,307415.8391402374
200000,200000,0,checkpoint-observed-full-front,2d83994ebbedd2848f31e4701094b7f467214c4809ec8a60ba116ef905ce947c,1075.366999680697,117283.41868892545,322717.4235807704
200000,200000,0,checkpoint-observed-full-front,5cda6df9e40e6f83e9dba7253bc6a3c4af3854dc86e6dfae91f78a72d1d34926,1196.3920191073325,113830.94998446744,317672.0047512242
200000,200000,0,checkpoint-observed-full-front,aea0d7add3b8a154c99546891bf1279a612afc870651c4f1dd0f0da39b016841,1180.74732030316,113959.2400002983,319207.05813309766
200000,200000,0,checkpoint-observed-full-front,d3f7bc9cc72d468e04af2faae0e842aba983ddad29e29666c9dc369905469f7f,958.5373224432301,120615.45766019219,307415.8391402374
200000,200000,0,checkpoint-observed-full-front,ce02ba1f68de0dd9d41781a1a290b395c20be20d4541201840ad2cf72354cf98,955.7342324520288,120544.67363187074,307474.6884141896
200000,200000,0,checkpoint-observed-full-front,9f05c8f47ff5e174b112d312ee8c9aaab567fb6dfd7dd63918937e666b05eea9,777.4675072785228,125624.30408277395,339892.47443534934
200000,200000,0,checkpoint-observed-full-front,05cf7ca1b5d642c927decdc04e12b1817d68df05d9ae59a4147bc401d492a5c2,1176.5043422657309,113704.45334090339,322541.6384478373
200000,200000,0,checkpoint-observed-full-front,5a88e87fe21fe24bd6727a21ad13eb0d1f62422e9ca4c07f77984bee4e55f67c,1180.74732030316,113959.2400002983,319207.05813309766
200000,200000,0,checkpoint-observed-full-front,aea0d7add3b8a154c99546891bf1279a612afc870651c4f1dd0f0da39b016841,1180.74732030316,113959.2400002983,319207.05813309766
200000,200000,0,checkpoint-observed-full-front,669cf28752d6fde215f0b3dbae55a0f480e7ebd4f3162d8cfcaf2e6fe9b0eea8,1184.0980205848905,114122.24931734035,317187.04887674487
200000,200000,0,checkpoint-observed-full-front,6808db1014e4ae1853caeb6fc3f7649bea6e35b1e54bcd30314c4dd4eb6cafd0,973.0582255712072,119862.48458853111,307702.1105866355
200000,200000,0,checkpoint-observed-full-front,e33998c55ba18c2a9c5971ac9eee06fca7dd698319e268fca6f32ec906a1739c,777.4675072785228,125624.30408277395,339892.47443534934
200000,200000,0,checkpoint-observed-full-front,d3f7bc9cc72d468e04af2faae0e842aba983ddad29e29666c9dc369905469f7f,958.5373224432301,120615.45766019219,307415.8391402374
200000,200000,0,checkpoint-observed-full-front,a2123930911efb4332ead95b2584c4c718ec9a344a5374b4cdb9064b2f01a3ab,1170.9333263444385,114197.27413084856,320383.91418256494
200000,200000,0,checkpoint-observed-full-front,668b68e3b8201f42d6cbff6f5ca04af24f92839b596c372e30873e97a7bf2220,926.1552158707137,120182.0824478795,309909.7662529009
200000,200000,0,checkpoint-observed-full-front,58bb5e89c241a9b6f0005571bb7020937d9918d3c7edf8a2f4f81945445ff57a,785.7373311725179,125862.95320742167,337310.24468238326
200000,200000,0,checkpoint-observed-full-front,c5573eccd52d6c21ad4715c8274a264c1c0dad65217350d500c33a8a40df1afd,965.6325681881609,118613.66494854966,350835.7854210231
200000,200000,0,checkpoint-observed-full-front,3a4b4dd0ececd5956569f994f7bbddce26b3a0304959048226ff949e08126f59,777.4675072785228,125624.30408277395,339892.47443534934
200000,200000,0,checkpoint-observed-full-front,3a4b4dd0ececd5956569f994f7bbddce26b3a0304959048226ff949e08126f59,777.4675072785228,125624.30408277395,339892.47443534934
200000,200000,0,checkpoint-observed-full-front,0b1599f8094002906ebfa70ca8a2d6f3609bb856c984f5f69307bfc488295f27,931.6096929495726,120425.95376111804,308290.7132062731
200000,200000,0,checkpoint-observed-full-front,9f05c8f47ff5e174b112d312ee8c9aaab567fb6dfd7dd63918937e666b05eea9,777.4675072785228,125624.30408277395,339892.47443534934
200000,200000,0,checkpoint-observed-full-front,0b1599f8094002906ebfa70ca8a2d6f3609bb856c984f5f69307bfc488295f27,931.6096929495726,120425.95376111804,308290.7132062731
200000,200000,0,checkpoint-observed-full-front,9f05c8f47ff5e174b112d312ee8c9aaab567fb6dfd7dd63918937e666b05eea9,777.4675072785228,125624.30408277395,339892.47443534934
200000,200000,0,checkpoint-observed-full-front,6ce9298da381e50b7238bf68c074519d61f7a0f65c122b9748c9b72bbdf89727,777.4675072785228,125624.30408277395,339892.47443534934
200000,200000,0,checkpoint-observed-full-front,a7afe955e6ae29cf9e34c35b40845f6bf0cbd9938a6cd9ffd07a15e10fac27a1,777.4675072785228,125624.30408277395,339892.47443534934
200000,200000,0,checkpoint-observed-full-front,f0f6080cb84b334de895a1e7fe5eb611978f7ab848c94515ba9b0ac61c7f2270,921.7696370433458,120042.10141070661,312340.5387917357
200000,200000,0,checkpoint-observed-full-front,1acc7930e1be031879a768da2c5d4998b1f8bc96e7653b812a0156dc57a17973,777.2959995938627,125634.54163973324,339781.56268567883
200000,200000,0,checkpoint-observed-full-front,3a4b4dd0ececd5956569f994f7bbddce26b3a0304959048226ff949e08126f59,777.4675072785228,125624.30408277395,339892.47443534934
200000,200000,0,checkpoint-observed-full-front,c17f560a8b06cfc6d7ca167edc7ad1d3d56e4b43a5833ca4860d63c8b0f51415,1196.5842119524502,114494.34419842833,315344.36240190594
200000,200000,0,checkpoint-observed-full-front,b8a502e760c92cfda1cf0993fbca99e59a257c721968e10375d5a17cd48db10d,975.7764738624105,119486.41483052971,311090.19616803515
200000,200000,0,checkpoint-observed-full-front,b20584cc78f484baa5be390d8844a42a315b645f81422a01f67f514f5e8d3f13,777.4675072785228,125624.30408277395,339892.47443534934
200000,200000,0,checkpoint-observed-full-front,eaefd552e92a64c8898cb965c62219b29eab79655762ec13907c1419746d6666,777.4675072785228,125624.30408277395,339892.47443534934
200000,200000,0,checkpoint-observed-full-front,28670eab4d1da35f02155e22e73d5899508d447ce6c69df7031c01532bffdb14,777.4675072785228,125624.30408277395,339892.47443534934
200000,200000,0,checkpoint-observed-full-front,3116d52bd21714aa6f079f91a31f7ca6ef3f9a436d5e13374f56efa1e3936d1f,777.4675072785228,125624.30408277395,339892.47443534934
200000,200000,0,checkpoint-observed-full-front,17e9b675e437ee1e3b1f6fbe4863766a5f7676d31a25a1cdb4351d5f5df310e7,794.765882828809,125277.59409028951,339933.83024055
200000,200000,0,checkpoint-observed-full-front,eba13d6b27ce7abef11ea8c983d53fe29de21f75eff9631df50567c6b1241386,998.1678991330438,119030.65775333835,314115.8732255798
200000,200000,0,checkpoint-observed-full-front,d8932803b7b7644ca568e9e4276ad79d0403767086df79a21ed6f7384ca62409,1122.8412493128826,115029.53216978992,332234.39164506504
200000,200000,0,checkpoint-observed-full-front,26a51ccb74fbded992c14a6291b2eb9bee56609e99d83848641379dd368b370a,777.4675072785228,125624.30408277395,339892.47443534934
200000,200000,0,checkpoint-observed-full-front,e8dfd6e2512877e531fe33238b0d4aa0f2d9487da1de5d4d54e006f1805a6061,777.4675072785228,125624.30408277395,339892.47443534934
200000,200000,0,checkpoint-observed-full-front,26a51ccb74fbded992c14a6291b2eb9bee56609e99d83848641379dd368b370a,777.4675072785228,125624.30408277395,339892.47443534934
200000,200000,0,checkpoint-observed-full-front,542b5cbfc33f290f595928780526158238034eac8c4a205308dd967680f2b1e2,777.2959995938627,125634.54163973324,339781.56268567883
200000,200000,0,checkpoint-observed-full-front,3a4b4dd0ececd5956569f994f7bbddce26b3a0304959048226ff949e08126f59,777.4675072785228,125624.30408277395,339892.47443534934
200000,200000,0,checkpoint-observed-full-front,4f178a73ac849369122a7048f807075402c94645e247addb0742301a59ccad00,777.4675072785228,125624.30408277395,339892.47443534934
200000,200000,0,checkpoint-observed-full-front,1055997ab9aee45e29a26cbd1cc9f9d71e30e526e0c8f5080c03cf92f7f005d9,1176.5043422657309,113785.06418321468,321807.4282522686
200000,200000,0,checkpoint-observed-full-front,24e8e537adbeb7d8442429cbc4a53e7c3a1136f8dd76b5ea4e6ed877fdeedf63,777.4675072785228,125624.30408277395,339892.47443534934
200000,200000,0,checkpoint-observed-full-front,49a78d0bbecbb3e7e2ad313415111c7c9f432ff8d1be4cd7c2883aa1e7509f9f,1056.3442502286382,116425.0457277277,328165.00349917053
200000,200000,0,checkpoint-observed-full-front,00ea88c87c78b2a9118371b889fe193b72b82424acc22189261ba0bfbb6fa249,802.2191970245324,125064.76222161434,338787.85394409415
200000,200000,0,checkpoint-observed-full-front,60405dc3aea026671149562fb4ce14f2855b7d892444f9841f375c70836efb2c,1169.5085855825375,113965.68644259221,320990.2667194338
200000,200000,0,checkpoint-observed-full-front,251b8b3acadac9a238e3ae9a2403c3e2758985cda0fcc37eb7de3529ed358c4d,797.9283055055222,125078.42859936593,338702.23557594104
200000,200000,0,checkpoint-observed-full-front,24e8e537adbeb7d8442429cbc4a53e7c3a1136f8dd76b5ea4e6ed877fdeedf63,777.4675072785228,125624.30408277395,339892.47443534934
200000,200000,0,checkpoint-observed-full-front,251b8b3acadac9a238e3ae9a2403c3e2758985cda0fcc37eb7de3529ed358c4d,797.9283055055222,125078.42859936593,338702.23557594104
200000,200000,0,checkpoint-observed-full-front,24e8e537adbeb7d8442429cbc4a53e7c3a1136f8dd76b5ea4e6ed877fdeedf63,777.4675072785228,125624.30408277395,339892.47443534934
200000,200000,0,checkpoint-observed-full-front,81da3530d02ad47626b8eab9040543cd413a477524d485d182db015ef4029cbf,1168.0280335064108,113934.22816466732,322978.2971071762
200000,200000,0,checkpoint-observed-full-front,cb526b4fa82cff3541c693947d02415abd7322adb1614c2261b7915c56f08a7a,777.4675072785228,125624.30408277395,339892.47443534934
200000,200000,0,checkpoint-observed-full-front,bc95d4d96028814bb91889606f3fdf2523df29adc8e415fbc329bd636858065f,777.2959995938627,125634.54163973324,339781.56268567883
200000,200000,0,checkpoint-observed-full-front,543525d4654e7e2e4f89fc2fe087a5cc688bdde12b2538204cca1f89fb57fb8d,777.4675072785228,125624.30408277395,339892.47443534934
200000,200000,0,checkpoint-observed-full-front,3c4bbade605db8bdf98f65acecad170c442a1724885433cbdfd0840dfbacc84b,777.4675072785228,125624.30408277395,339892.47443534934
200000,200000,0,checkpoint-observed-full-front,756aad07e329f22efab7c07f9314f68c21927650072f15ccb7c75f561e80bcef,1176.5043422657309,113704.45334090339,322541.6384478373
200000,200000,0,checkpoint-observed-full-front,24e8e537adbeb7d8442429cbc4a53e7c3a1136f8dd76b5ea4e6ed877fdeedf63,777.4675072785228,125624.30408277395,339892.47443534934
200000,200000,0,checkpoint-observed-full-front,6ce9298da381e50b7238bf68c074519d61f7a0f65c122b9748c9b72bbdf89727,777.4675072785228,125624.30408277395,339892.47443534934
200000,200000,0,checkpoint-observed-full-front,2a8e86bb23c7405544e84c6a00acb42d0c19ef457b67cc9be053c4a438f5c471,777.2959995938627,125634.54163973324,339781.56268567883
200000,200000,0,checkpoint-observed-full-front,24e8e537adbeb7d8442429cbc4a53e7c3a1136f8dd76b5ea4e6ed877fdeedf63,777.4675072785228,125624.30408277395,339892.47443534934
200000,200000,0,checkpoint-observed-full-front,34b5db7a1a9ab345a3e46dc7775f7a167ee619ed1fba17f2d8b0cfa7c092a4b9,777.4675072785228,125624.30408277395,339892.47443534934
200000,200000,0,checkpoint-observed-full-front,56c90a6f967df8b048d77bed35f1f17fb9dc0359d9f0daf4a46f2f1f9b621849,1045.8749944065296,116185.97179627701,342433.07896245207
200000,200000,0,checkpoint-observed-full-front,081aeb22e1ea2b9fec8ac2a7a93929cdc61b7709cce0252b039f9408007d513b,777.4675072785228,125624.30408277395,339892.47443534934
200000,200000,0,checkpoint-observed-full-front,e324acb9e31ab4ccc565c2aa6d4ee4a5dc5a536196b977a4a3f02c8603e49099,1013.6375102243155,116382.6487571036,337865.8770325347
200000,200000,0,checkpoint-observed-full-front,ef98e5fab5c334841ae35f929447026a650c3e3cae3f25e30172e3385f3e0fce,989.5516226316489,117825.99938708564,330075.38938131207
200000,200000,0,checkpoint-observed-full-front,07259a02976832c515c1dedf5fd7e669db6d206a618572d0399ed7a94ccfbaa1,1042.6968776811295,117171.41534769128,328980.41351060383
200000,200000,0,checkpoint-observed-full-front,5caf5ce0b75841885eb9bd0afe160686c490c647619a4ad527c8926f5b5ac761,785.1172274331989,125532.04735883279,339219.70895672153
200000,200000,0,checkpoint-observed-full-front,a2b486e70e71c64bdd545d9e7b45ffefab1b6f3a2b8eef9764770b0ace22c983,787.8451955717176,125419.46595484987,339162.0741504628
200000,200000,0,checkpoint-observed-full-front,bc95d4d96028814bb91889606f3fdf2523df29adc8e415fbc329bd636858065f,777.2959995938627,125634.54163973324,339781.56268567883
200000,200000,0,checkpoint-observed-full-front,cf04ed1abfecd028a68c0e00a0b08ecf7c5b1a1d58e76623aa168d3b60eda5ab,777.2959995938627,125634.54163973324,339781.56268567883
200000,200000,0,checkpoint-observed-full-front,210d1ccad650f8a0b4dcdadf8ac667404fb8641547b901047708b1b68074db6a,777.2959995938627,125634.54163973324,339781.56268567883
200000,200000,0,checkpoint-observed-full-front,ce5aceefe11f40256500b3b4edd4b79871dec9f633bd75a66e3a238b5a4fecf2,777.4675072785228,125624.30408277395,339892.47443534934
200000,200000,0,checkpoint-observed-full-front,6355575773d8efb117d7e0ec9ed0b8fb8a5d2d9d62f5b623d4d5f0a53eb8b05d,777.4675072785228,125624.30408277395,339892.47443534934
200000,200000,0,checkpoint-observed-full-front,5ebb6d9f8224dfc058cd9e1bb14fbf7d78e4c2e5687e3cc08686dbce11327255,777.4675072785228,125624.30408277395,339892.47443534934
200000,200000,0,checkpoint-observed-full-front,25c07c6e14139e59f75e022ec16fa94206ee4712d6db2913182fc079b54ac650,777.4675072785228,125624.30408277395,339892.47443534934
200000,200000,0,checkpoint-observed-full-front,34b5db7a1a9ab345a3e46dc7775f7a167ee619ed1fba17f2d8b0cfa7c092a4b9,777.4675072785228,125624.30408277395,339892.47443534934
200000,200000,0,checkpoint-observed-full-front,5886d5458ec7ce462f64424576d58f08e871de9b1f355a5fa09b00ae3f1fbf60,1024.6980236317293,116900.68236652776,330366.72046872723
200000,200000,0,checkpoint-observed-full-front,7dd8fc25468a2db619d09d98fbfab64bb4acfb80d6a1d616907cdcea61476ea7,975.3530888357035,117200.0723567401,334415.79802055255
200000,200000,0,checkpoint-observed-full-front,edcb469ec5a610784ae0a3269a07ffa92150db007e754bd2ba05f7f3bacfa1d2,1057.0927589771727,116033.6792789244,332735.08706874616
200000,200000,0,checkpoint-observed-full-front,1791efe76a8de30acee15e97322dc14faf7fc3bc478fd7d8027213c0af259d0b,1142.6601787690113,114461.1492073657,321852.96432610165
200000,200000,0,checkpoint-observed-full-front,34b5db7a1a9ab345a3e46dc7775f7a167ee619ed1fba17f2d8b0cfa7c092a4b9,777.4675072785228,125624.30408277395,339892.47443534934
200000,200000,0,checkpoint-observed-full-front,191f4ab7576826026f450f5c1d3a22ddb2c0e2c2bbeda516db2da8dbcd55dd5b,777.4675072785228,125624.30408277395,339892.47443534934
200000,200000,0,checkpoint-observed-full-front,6095e0f164ba99a87deff9963e17cebccc7fd229be1532e98b74ef98abb67e5c,1022.2607745480359,117251.52669623296,326811.64066663536
200000,200000,0,checkpoint-observed-full-front,191f4ab7576826026f450f5c1d3a22ddb2c0e2c2bbeda516db2da8dbcd55dd5b,777.4675072785228,125624.30408277395,339892.47443534934
200000,200000,0,checkpoint-observed-full-front,24e8e537adbeb7d8442429cbc4a53e7c3a1136f8dd76b5ea4e6ed877fdeedf63,777.4675072785228,125624.30408277395,339892.47443534934
200000,200000,0,checkpoint-observed-full-front,02fd9b0a6eb96e71fe5e9af8feedde57acfe55d2391f0fb0270d5b8e6b6a6dab,1114.8246656169379,116720.57249881618,320218.0013174368
200000,200000,0,checkpoint-observed-full-front,8d41b8862f92b3c405dec6877e2154687afb00a05cff8586c52292b0763e65a3,1243.1100918042796,113424.82724890279,325947.2646242568
200000,200000,0,checkpoint-observed-full-front,9e7e44a8352bbc85eaae03522e3357d2d9494529c63eb7a3b9c86598702d3570,1026.2752158551402,118558.66936835751,317174.97871835757
200000,200000,0,checkpoint-observed-full-front,fba8e8b141bd6c3d3dd8aa1e3e6621d8e458aa45a1ad4bb928b64ea46d9de4c3,1085.8024700828244,115173.17132789543,333256.02470515145
200000,200000,0,checkpoint-observed-full-front,6a12a851d0fd79987cd386b45c7df0fe80c559876d939608be2ff7fc7ea024ef,976.2616068889707,117841.02472290635,323554.9795552939
200000,200000,0,checkpoint-observed-full-front,37ddc25fec0ed2b25a14835a80fca3a8a418f93dde9fe3c3f4a4984d510818a8,777.2959995938627,125634.54163973324,339781.56268567883
200000,200000,0,checkpoint-observed-full-front,79d52ed5dd51a9e2ada86f3540fa84d80c69d9eb578f237890dfbc3a11701bce,794.1948985829899,125327.92771328686,342913.6204204567
200000,200000,0,checkpoint-observed-full-front,c3d9f0a897061c694352c228440c04557764a5b3983701935df05d69cae57f3d,1190.4208732054592,114731.69543813632,315736.38775213104
200000,200000,0,checkpoint-observed-full-front,f15ce496de25faac233e0be531cafd0b12549b136dbbeaab3cb75c5ec1558d71,1003.7549341659095,119769.56721711175,310674.05193565483
200000,200000,0,checkpoint-observed-full-front,e524376b36bf1d92de6c2ce15f3b2cc39a24cf4d1ec38203bc93215ca23ee5f3,955.7342324520288,120109.32550616143,308245.6241988712
200000,200000,0,checkpoint-observed-full-front,28670eab4d1da35f02155e22e73d5899508d447ce6c69df7031c01532bffdb14,777.4675072785228,125624.30408277395,339892.47443534934
200000,200000,0,checkpoint-observed-full-front,ce02ba1f68de0dd9d41781a1a290b395c20be20d4541201840ad2cf72354cf98,955.7342324520288,120544.67363187074,307474.6884141896
200000,200000,0,checkpoint-observed-full-front,6d412e8ae1e3bc73d02f20d33148bf054862757f0196ad93acda70cc6cc8a93b,795.8366367247914,125590.06612112597,338258.9756293945
200000,200000,0,checkpoint-observed-full-front,d2ac0afedc51b10de9458f2107e69c268d34911402b5aa76c76ae276d0b22dca,795.8366367247914,125590.06612112597,338258.9756293945
200000,200000,0,checkpoint-observed-full-front,6d412e8ae1e3bc73d02f20d33148bf054862757f0196ad93acda70cc6cc8a93b,795.8366367247914,125590.06612112597,338258.9756293945
200000,200000,0,checkpoint-observed-full-front,3a4b4dd0ececd5956569f994f7bbddce26b3a0304959048226ff949e08126f59,777.4675072785228,125624.30408277395,339892.47443534934
200000,200000,0,checkpoint-observed-full-front,ce02ba1f68de0dd9d41781a1a290b395c20be20d4541201840ad2cf72354cf98,955.7342324520288,120544.67363187074,307474.6884141896
200000,200000,0,checkpoint-observed-full-front,3a4b4dd0ececd5956569f994f7bbddce26b3a0304959048226ff949e08126f59,777.4675072785228,125624.30408277395,339892.47443534934
200000,200000,0,checkpoint-observed-full-front,d50fad745b87f651250a7049cdeb34150db8639989f435361f609021552cc58b,808.8538606302657,125303.98717861084,338461.21509833034
200000,200000,0,checkpoint-observed-full-front,3a4b4dd0ececd5956569f994f7bbddce26b3a0304959048226ff949e08126f59,777.4675072785228,125624.30408277395,339892.47443534934
200000,200000,0,checkpoint-observed-full-front,f205343855ef01585016a9201efa703d1466abd0451e940c8ef467dc5268dc0c,1065.380693446394,115951.0330295625,345121.3600160659
200000,200000,0,checkpoint-observed-full-front,3a4b4dd0ececd5956569f994f7bbddce26b3a0304959048226ff949e08126f59,777.4675072785228,125624.30408277395,339892.47443534934
200000,200000,0,checkpoint-observed-full-front,50b015862eec1547cbee186453cdee8b73fa0a15b7fb368e721ebb830901f22d,813.1113269924846,125962.8085762005,336151.42253392923
200000,200000,0,checkpoint-observed-full-front,17d4940b5ac955f6ae64128db07c4f74400b5cf1b2ea0f0179f67a0c31f3f988,1228.0660106690232,113443.21110552104,328982.00048389466
200000,200000,0,checkpoint-observed-full-front,32595ba4368721b894cfbe155e288f16b352b01dc2a875ea70de0ba35a940e9c,1122.089736841743,114687.99029983272,334451.7896854782
200000,200000,0,checkpoint-observed-full-front,3a4b4dd0ececd5956569f994f7bbddce26b3a0304959048226ff949e08126f59,777.4675072785228,125624.30408277395,339892.47443534934
200000,200000,0,checkpoint-observed-full-front,3a4b4dd0ececd5956569f994f7bbddce26b3a0304959048226ff949e08126f59,777.4675072785228,125624.30408277395,339892.47443534934
200000,200000,0,checkpoint-observed-full-front,79b2ceb9a2bdf49cfceee9298e23f5aea5a9dabf0c320d402b53618a5197c2c1,955.7342324520288,120544.67363187074,307474.6884141896
200000,200000,0,checkpoint-observed-full-front,2de8df6e7e07543b2a3dc6b067d63f78d493dc200acbbe04755ca0a363b9630b,777.4675072785228,125624.30408277395,339892.47443534934
200000,200000,0,checkpoint-observed-full-front,3a4b4dd0ececd5956569f994f7bbddce26b3a0304959048226ff949e08126f59,777.4675072785228,125624.30408277395,339892.47443534934
200000,200000,0,checkpoint-observed-full-front,a398961c7a30f80ac7f6b82faaf1e7647963353a4219fe91617a5676a86d9742,1023.6618550666377,118770.44454008309,320455.65326993715
200000,200000,0,checkpoint-observed-full-front,d3f7bc9cc72d468e04af2faae0e842aba983ddad29e29666c9dc369905469f7f,958.5373224432301,120615.45766019219,307415.8391402374
200000,200000,0,checkpoint-observed-full-front,28670eab4d1da35f02155e22e73d5899508d447ce6c69df7031c01532bffdb14,777.4675072785228,125624.30408277395,339892.47443534934
200000,200000,0,checkpoint-observed-full-front,2fba935ad0be3e289433781e545d70f70a69b81fcbb8facf68b3595c1207652d,777.2959995938627,125634.54163973324,339781.56268567883
200000,200000,0,checkpoint-observed-full-front,75b48a608b6c3bc08fae9bcefe2e0d0561fa6a768570e0452a6c6b0870b4fd4b,810.595323934047,124999.71872364942,339288.4385883944
200000,200000,0,checkpoint-observed-full-front,8a4d36ae2df8b0dd7259225135d04947c479234a93873fa9f13ecfd6560f5124,777.4675072785228,125451.30089572337,341566.56710044487
200000,200000,0,checkpoint-observed-full-front,3a4b4dd0ececd5956569f994f7bbddce26b3a0304959048226ff949e08126f59,777.4675072785228,125624.30408277395,339892.47443534934
200000,200000,0,checkpoint-observed-full-front,75b48a608b6c3bc08fae9bcefe2e0d0561fa6a768570e0452a6c6b0870b4fd4b,810.595323934047,124999.71872364942,339288.4385883944
200000,200000,0,checkpoint-observed-full-front,3a4b4dd0ececd5956569f994f7bbddce26b3a0304959048226ff949e08126f59,777.4675072785228,125624.30408277395,339892.47443534934
200000,200000,0,checkpoint-observed-full-front,7744700003bb3fdd6d7e7618ccb33c71b1968988f4120c8becb6e2c5f7738fc2,777.2959995938627,125634.54163973324,339781.56268567883
200000,200000,0,checkpoint-observed-full-front,7744700003bb3fdd6d7e7618ccb33c71b1968988f4120c8becb6e2c5f7738fc2,777.2959995938627,125634.54163973324,339781.56268567883
200000,200000,0,checkpoint-observed-full-front,7b3e19bb5e93cc8dd10d3d9fd199e8494d15438ddb2007950bb4de67a9820acb,1257.759688301747,113362.46745674967,325004.10989866167
200000,200000,0,checkpoint-observed-full-front,3ec4ac34e1d153da2ac6e3a67660c387926692e1b485d8bd086eb1fe783b3def,1239.7821538385672,113438.31019030904,325026.36135540187
200000,200000,0,checkpoint-observed-full-front,53657195c896fc8994ced240493334919e6f51925837288a5590b951571efc06,939.4890409430509,119559.94120930169,316280.32146713155
200000,200000,0,checkpoint-observed-full-front,c47dc095a84bf9ee05d402e4acba44b816e25723c357b45342cc5c927343f842,1004.6070143558469,117090.72011871886,330797.8702700202
200000,200000,0,checkpoint-observed-full-front,74fdaa6cf0f3724ed62c8c7ccc7cac3ec360dde3637cefeadfef463c0c9899ae,1177.439253568701,115166.4993515788,315065.81157016207
200000,200000,0,checkpoint-observed-full-front,e193d6bae0fd89f793d224f53e88cef48a09c695d0c88abd591be0db8dea0f1a,931.6096929495726,120458.30769056684,307951.72350990813
200000,200000,0,checkpoint-observed-full-front,a5aed6cf216c177e9ceab74593fe285b418b71508478ec9fa8969237127e213b,777.4675072785228,125665.9994817755,338646.6167798893
200000,200000,0,checkpoint-observed-full-front,e193d6bae0fd89f793d224f53e88cef48a09c695d0c88abd591be0db8dea0f1a,931.6096929495726,120458.30769056684,307951.72350990813
200000,200000,0,checkpoint-observed-full-front,a5aed6cf216c177e9ceab74593fe285b418b71508478ec9fa8969237127e213b,777.4675072785228,125665.9994817755,338646.6167798893
200000,200000,0,checkpoint-observed-full-front,9f05c8f47ff5e174b112d312ee8c9aaab567fb6dfd7dd63918937e666b05eea9,777.4675072785228,125624.30408277395,339892.47443534934
200000,200000,0,checkpoint-observed-full-front,6fbe0c02273ad0b9763498c9593ddeb59ae77b1c7f6a3e77070a90216137257c,1213.244271524767,113735.7375193985,318509.166327592
200000,200000,0,checkpoint-observed-full-front,d3f7bc9cc72d468e04af2faae0e842aba983ddad29e29666c9dc369905469f7f,958.5373224432301,120615.45766019219,307415.8391402374
200000,200000,0,checkpoint-observed-full-front,28670eab4d1da35f02155e22e73d5899508d447ce6c69df7031c01532bffdb14,777.4675072785228,125624.30408277395,339892.47443534934
200000,200000,0,checkpoint-observed-full-front,d1f29d52732b8d67b2f73894479ff299abd5f051811c4b5ee261c17c033c0f0e,777.2959995938627,125634.54163973324,339781.56268567883
200000,200000,0,checkpoint-observed-full-front,d3f7bc9cc72d468e04af2faae0e842aba983ddad29e29666c9dc369905469f7f,958.5373224432301,120615.45766019219,307415.8391402374
200000,200000,0,checkpoint-observed-full-front,4dee705a3504eee0353d2cc3a878fabd6cde02e93746a60af2d76e8c47a855d4,958.5373224432301,120497.03506152058,307498.7441895377
200000,200000,0,checkpoint-observed-full-front,ac9309b18c66b0be922cc6ca2fa4dd328caa1439656fb1b5b9c4bba802c936f3,1238.5089264862688,114069.05843627264,314479.06979475386
200000,200000,0,checkpoint-observed-full-front,28c01f11df24a2cfac336e97feb280b5d3a0d24052adb549865018c1b4c925bc,1053.2192481458128,119140.98099744576,310670.3110692279
200000,200000,0,checkpoint-observed-full-front,ce02ba1f68de0dd9d41781a1a290b395c20be20d4541201840ad2cf72354cf98,955.7342324520288,120544.67363187074,307474.6884141896
200000,200000,0,checkpoint-observed-full-front,b7c1859ab8976e550f40ca3d40d6e6410448c453937df7b5c7ec4867d1ba4b5c,955.7342324520288,120804.37839688886,307402.5511645087
200000,200000,0,checkpoint-observed-full-front,5b99de5833a86aa7b0221ecd95789f7d7b191f9eb9ca01fc5d1a8466936a9a2a,1109.400848764093,115383.98551285153,328508.73513200105
200000,200000,0,checkpoint-observed-full-front,1b04bd9054309246b24b2c9ef81d7c27887f2df8ec8d2629160ceadc14efcccd,955.4989066424363,120160.45179158897,308034.10370643705
200000,200000,0,checkpoint-observed-full-front,30a5ecd6e111a9a6a4e800047be07e9dbd48f95e0826a4dd5bbd5870f084d0d1,1121.7973784996084,115419.69241757436,315465.3405703408
200000,200000,0,checkpoint-observed-full-front,ea994e876a38aebcb2dc59263d9c251537e8146aa447823448b6a18bbeab8ef8,1133.764249680165,114795.58804082288,321570.9576396216
200000,200000,0,checkpoint-observed-full-front,9528ea614b85b4b93f5a35c72d43ddd8687e64108042b041babe2312e5325cb4,1216.6945485742845,113567.73723596265,320634.36519470625
200000,200000,0,checkpoint-observed-full-front,9c8af61f3a709b29416ab9fca92b752e95f4f538b1eadece94e13dbf51c4c500,1149.5238633250772,115094.60984253786,315684.54311736964
200000,200000,0,checkpoint-observed-full-front,b9f2d6f0dec6eb49241e24a1dd8bca3007f056be5d2ac6f61433439984d8f33a,933.7920652293236,120558.18408535232,307837.94066147815
200000,200000,0,checkpoint-observed-full-front,d3f7bc9cc72d468e04af2faae0e842aba983ddad29e29666c9dc369905469f7f,958.5373224432301,120615.45766019219,307415.8391402374
200000,200000,0,checkpoint-observed-full-front,b666215d7e31910909330bbb59ec5183f7b3e5cf47759cf940568891fdf41a64,958.5373224432301,120615.45766019219,307415.8391402374
200000,200000,0,checkpoint-observed-full-front,bbd7076084cf5990aab6b259e4952f5cee75d7a7759b480339dbcf2ad420d27b,960.7115740715063,119000.11761536944,341242.35218684573
200000,200000,0,checkpoint-observed-full-front,a5576d705de84133c5cf5d766982c6dbb6ed729d26f33aeef4d3efebf1b7221d,1239.7821538385672,113438.31019030904,325026.36135540187
200000,200000,0,checkpoint-observed-full-front,e193d6bae0fd89f793d224f53e88cef48a09c695d0c88abd591be0db8dea0f1a,931.6096929495726,120458.30769056684,307951.72350990813
200000,200000,0,checkpoint-observed-full-front,d914be75dfad16e3e20dcb8bbc288ac7571e74755d00cdf87c27fe10cbe1a002,951.4272767690629,120557.28518937319,307916.6266352546
200000,200000,0,checkpoint-observed-full-front,e33033005d6bf2d6b910214c9af25f360cadc5fc850baefa8ffa376316b986ed,931.6096929495726,120458.30769056684,307951.72350990813
200000,200000,0,checkpoint-observed-full-front,b9124788a36a0153c17fe398b182149c02c7fa80dd8e92d298a2b7473844ed0f,928.0849027416314,119908.58223519832,339836.3386170163
200000,200000,0,checkpoint-observed-full-front,21701d0c0386250536826b482abb0a66e43bb4a868c9611370e54bf70b2d953f,921.7696370433458,120588.01525318687,310910.251799649
200000,200000,0,checkpoint-observed-full-front,b9f2d6f0dec6eb49241e24a1dd8bca3007f056be5d2ac6f61433439984d8f33a,933.7920652293236,120558.18408535232,307837.94066147815
200000,200000,0,checkpoint-observed-full-front,b9f2d6f0dec6eb49241e24a1dd8bca3007f056be5d2ac6f61433439984d8f33a,933.7920652293236,120558.18408535232,307837.94066147815
200000,200000,0,checkpoint-observed-full-front,268416073bc80184e4abac9e511069414612fca9578cd4b2dcdc23b98008c1fd,1115.8790864605867,115578.94127126859,326004.47656583495
200000,200000,0,checkpoint-observed-full-front,b92d97ef93b33e264d870912497af2fb9490adce67b780d2a3fa72161f348b71,962.8734251536767,118678.18669422201,327566.9597231593
200000,200000,0,checkpoint-observed-full-front,fcc0a863e3a8d2523193fc7c7037eb47f63e56134b949826e37fc16d9cf251fe,973.2364292256179,119008.51609618826,326093.4304965603
200000,200000,0,checkpoint-observed-full-front,43dd8f0cff9af5acb3cdeb33931c0c7ba554c0245d5c621c088014e4e8ba5314,1221.2646576554266,113555.36401746701,319384.00398300524
200000,200000,0,checkpoint-observed-full-front,1b04bd9054309246b24b2c9ef81d7c27887f2df8ec8d2629160ceadc14efcccd,955.4989066424363,120160.45179158897,308034.10370643705
200000,200000,0,checkpoint-observed-full-front,1b04bd9054309246b24b2c9ef81d7c27887f2df8ec8d2629160ceadc14efcccd,955.4989066424363,120160.45179158897,308034.10370643705
200000,200000,0,checkpoint-observed-full-front,00be7b63637254847e749b79ca01de0b7820be2a9833684d18671fc02891d9ac,1021.8385050292037,117570.90198760638,329036.6772748899
200000,200000,0,checkpoint-observed-full-front,9b56822bc9cc547de58792ec88ef9502c6d4b843dafa4a16e9905c241bf24192,943.8867762803571,119337.29817933904,328369.55921344645
200000,200000,0,checkpoint-observed-full-front,f9a8c79034a352d2152099da78bca7a6c74ce07f905f9bcff32d9ecde5fbfb81,1261.5394949813603,113338.36092202316,329505.3143948903
200000,200000,0,checkpoint-observed-full-front,ceb194a8f84bf1ca99da98ab0643bb0e292ff16f99922b9fd36820bfb726c4c7,933.7920652293236,120558.18408535232,307837.94066147815
200000,200000,0,checkpoint-observed-full-front,4c919e246e4cd1cb9a0382d2932a1b0d079e1393d0e77706b9f5ac37d27fa43b,1079.9051543836767,115926.66978557018,321433.8617821811
200000,200000,0,checkpoint-observed-full-front,0f1334e845ac1c8d5f61eaf2638875215f869e0d50e7f93b8a31f95fa502fade,941.0681006899899,120271.13670742023,308334.56829013414
200000,200000,0,checkpoint-observed-full-front,2b32d2c01e6ffa5134400527bb66d0c422d012634f26af883a291ca2249835ea,1066.89409264936,115221.51920822271,328843.70026846026
200000,200000,0,checkpoint-observed-full-front,feaca32c07c47af0889bce6ca3350ec636bb2e93bb0d0166c879958c8a6a2ab2,1033.1833534556602,116218.66955368876,330805.3112462531
200000,200000,0,checkpoint-observed-full-front,61380b0bc5f15e43532b1d38c7a4e1180a24e1000cfe48037307a29cf24c65af,931.6096929495726,120707.84868641419,307448.10144653777
200000,200000,0,checkpoint-observed-full-front,6360ba1885d40386d25866fcbcf21d421c341740f8221db1a8b0c98029f29b77,933.7920652293236,120807.72508119966,307334.3185981078
200000,200000,0,checkpoint-observed-full-front,57340996d5bb5c5a51c56c5a41c50eada9da37cc032ebf7f051d57e8d7487019,1050.2449110041741,116158.9136812539,334791.0763027175
200000,200000,0,checkpoint-observed-full-front,42d49c2dbd289a65460eac4ffd12d2deb36ad695f4b5bb987a61372e42c2aeba,1114.9324779498756,114952.673244593,335077.82233570446
200000,200000,0,checkpoint-observed-full-front,d3f7bc9cc72d468e04af2faae0e842aba983ddad29e29666c9dc369905469f7f,958.5373224432301,120615.45766019219,307415.8391402374
200000,200000,0,checkpoint-observed-full-front,ce775216d5c012f2f98a37de67447e9fea25498ed109a19a7bbe7600e438d356,1050.4028058646052,116649.49374637794,330164.0215876625
200000,200000,0,checkpoint-observed-full-front,189cde43fdca5c90e45b0b8a6bad4f2eb5d7d6d6ffe18db186a25de8bc20d7eb,1059.8286178011165,117802.16192517123,325179.3037867778
200000,200000,0,checkpoint-observed-full-front,b873697a6155a5a7ed2be4aaba731f0a7f97416bac6861cf7215ab18687fa4fc,1199.2135486615664,113736.35270510046,318996.6848722551
200000,200000,0,checkpoint-observed-full-front,e193d6bae0fd89f793d224f53e88cef48a09c695d0c88abd591be0db8dea0f1a,931.6096929495726,120458.30769056684,307951.72350990813
200000,200000,0,checkpoint-observed-full-front,eb85f77a90b7bf2e4e9401a3de096cb181c972f21058f14c0fe925e751c0b2ad,931.6096929495726,120458.30769056684,307951.72350990813
200000,200000,0,checkpoint-observed-full-front,7f11dfbbed7dd0ae7103fba9f15fb5c9907ac6e5b91261ec7f29b98c1451599d,876.7391999573707,123163.16177670872,323054.3346627214
200000,200000,0,checkpoint-observed-full-front,2522a010782d4f33a9ff3d1e37710055942fc430d7739cdfd390058cccebfb7c,1166.6094787466031,114832.1773688437,317076.9155382458
200000,200000,0,checkpoint-observed-full-front,fc9cd6b26b088668473bedca3b6e975b8e6ce435ba3ea1d0c844dffe3836c59c,1064.6658367401053,116556.17374234289,323097.23423176096
200000,200000,0,checkpoint-observed-full-front,f6e3eda3ccf207320eb59c4c88de2a3d53c71c029c54d4a719e2e05e082cc6e5,955.7342324520288,120544.67363187074,307474.6884141896
200000,200000,0,checkpoint-observed-full-front,0aacd759a3c90acfda10651f211730d62f93aae7031fffead4b5de713d2046ae,951.3713764285551,119771.30176242368,310705.2018611205
200000,200000,0,checkpoint-observed-full-front,98c4f2fc44206b5209def5f139f1c3ff9bf7903af4fa1c0c8ff9370f6e649c78,897.5795133634889,120122.25990573244,336073.4710275959
200000,200000,0,checkpoint-observed-full-front,eb85f77a90b7bf2e4e9401a3de096cb181c972f21058f14c0fe925e751c0b2ad,931.6096929495726,120458.30769056684,307951.72350990813
200000,200000,0,checkpoint-observed-full-front,723ffecbe6976d7d9479984d80bd9bfaab09612e0e7fad5e173ba435be38af88,933.7920652293236,120558.18408535232,307837.94066147815
200000,200000,0,checkpoint-observed-full-front,3954cf691b34b415030d5332e20028e70f5ee7ae696531f9a33710acaaec045e,791.9077621578194,126228.36658225421,336728.160756006
200000,200000,0,checkpoint-observed-full-front,04f47028b124232884cd69cf1e130388a6c76af4415cc7af63617f6dee26135d,1231.3288916808874,113469.38531202977,324907.3803388546
200000,200000,0,checkpoint-observed-full-front,04f47028b124232884cd69cf1e130388a6c76af4415cc7af63617f6dee26135d,1231.3288916808874,113469.38531202977,324907.3803388546
200000,200000,0,checkpoint-observed-full-front,04f47028b124232884cd69cf1e130388a6c76af4415cc7af63617f6dee26135d,1231.3288916808874,113469.38531202977,324907.3803388546
200000,200000,0,checkpoint-observed-full-front,23f2a08aa8fb6b817a8a72336dcf60f6bcd71ae86754ff3275b67b08ccb85893,1109.970185519684,115098.9117636756,330428.4829383086
200000,200000,0,checkpoint-observed-full-front,382386a4462b67a3b04927ee8728ff0c5ddcbe36c2b66566e9a86f903b2e6552,907.889350994634,120655.00844665305,313986.9582618522
200000,200000,0,checkpoint-observed-full-front,1b04bd9054309246b24b2c9ef81d7c27887f2df8ec8d2629160ceadc14efcccd,955.4989066424363,120160.45179158897,308034.10370643705
200000,200000,0,checkpoint-observed-full-front,b9f2d6f0dec6eb49241e24a1dd8bca3007f056be5d2ac6f61433439984d8f33a,933.7920652293236,120558.18408535232,307837.94066147815
200000,200000,0,checkpoint-observed-full-front,ce02ba1f68de0dd9d41781a1a290b395c20be20d4541201840ad2cf72354cf98,955.7342324520288,120544.67363187074,307474.6884141896
250000,250000,0,terminal-decision-front,11eacea27348113c36e6aae830e0672fd90c73b49e9327971b2c2b39d02eb368,846.1423714231302,122988.00494740737,328802.3233755737
250000,250000,0,terminal-decision-front,d55ef7dce058895b656ae1445c5bba8d0744b3b9042c5633199b233592df8f0a,820.2860115999781,124319.83630842454,326151.96963183495
250000,250000,0,terminal-decision-front,37dced303887489ef809c4e8b035121d5f56003301e90e1dc547ee48ec2da3da,845.1130126989311,123344.06870452702,327456.0169817861
250000,250000,0,terminal-decision-front,b170574ab45cca63b9ef3cbc98a92f807e6354e604002856121c3193605beda3,845.9426294842576,123946.3301249405,327250.7656645685
250000,250000,0,terminal-decision-front,18ea2c7faf38bfb67b49df50b226f95439937433b98fd0ac408c0022b192351d,847.2230472919304,124400.11518523272,322116.04603736603
250000,250000,0,terminal-decision-front,fe2cea9afc6162f6aabf0e31dbf856e53bb308aee03786abf659c995e90a4ab9,770.0258028844087,127238.48735599342,335518.8277366394
250000,250000,0,terminal-decision-front,d0c7c942f3c4760694d775de302b486eb0e20a689a530bb8b341a4390ccb68b6,824.3748435552521,123823.22352173753,334002.43006057054
250000,250000,0,terminal-decision-front,4c8ca4f0423da52a27999dfdf813581072ff9543afef39560a85bdd776be3c37,840.6509675939012,122366.67920845843,332072.22687555454
250000,250000,0,terminal-decision-front,010052dd3b42bdd7fb547a3819e250d57c9f6bec70b8577c5808ac46e4294c70,840.0140138624771,123055.79920157437,333812.25671611377
250000,250000,0,terminal-decision-front,405ee03a66b43ed685f22f41754228a19c0c78ad48bb00909703dca530e00f9e,856.3800718233576,122168.78371278816,329448.71772173705
250000,250000,0,terminal-decision-front,84f9c92292ccf8fd983723af7d06ddde9a18380482c24e6e6d5a023f1865cf8d,828.1552479665279,123302.96772659893,333293.1237744675
250000,250000,0,terminal-decision-front,680919af5713d0872a1fb8239c4af49107480b713f23807726e035060a552258,823.6511657286703,124031.77746683569,333993.81631638337
250000,250000,0,terminal-decision-front,d7ff5e9cf98100a2541441d173a651b3756ac24895cb06918570decec346e07d,769.1588166187895,127036.76502490704,343887.0631006956
250000,250000,0,terminal-decision-front,8277d1a9315770dd752765488b8690511951473d79f5604ee642761968de8fc6,821.676004434286,124098.08573132262,329923.325390531
250000,250000,0,terminal-decision-front,be297cda41f4465a993b8b5b4d808205855b9a622e921a84686e91e022a1f59f,814.701623847504,124118.64353655322,331212.4186159358
250000,250000,0,terminal-decision-front,66b19917995afd0ed05a9c8999a443a40e484731bf5695cacc79a6cbc949962a,856.5757595173757,122396.79208696814,323857.67518564966
250000,250000,0,terminal-decision-front,0b9186cf3825fda532b52cde68ec690968381812c25f96a2d463d6159e0a53dc,824.4515275308349,124195.33607809606,329574.84141198406
250000,250000,0,terminal-decision-front,13321001cccda3037526709c257001c169ebccaa0bc7d129a46634e1fd47fc78,846.2425180574845,122929.76969536925,323787.41739696334
250000,250000,0,terminal-decision-front,89e761360d7d30e09384f02dba131349dc7ca87602aeea2e257ebfed1497e1f0,780.2889333147518,126903.81981035726,335937.20807110274
250000,250000,0,terminal-decision-front,463e2fe7539bbfe836ac3671730b9c71d8c18a2f1ee5877876750bcdc82fb269,848.1014226384868,122625.53048413855,329328.71104128467
250000,250000,0,terminal-decision-front,23ebdd41bd65cdf1949e07ecf504be67bef9d32fc83d1533ac80e918abf8f73d,1008.2546496571208,119018.1929466835,319526.00911122595
250000,250000,0,terminal-decision-front,5a57a5b9e2c05a889f138dfa793a17898496d568ed736ada5f4741e92c40e6c5,1038.8209019762153,118473.26673772698,320189.7088255618
250000,250000,0,terminal-decision-front,ff51da1906e6c77e81026d3b01c8754fc345af045124338345c6375b35eef45b,1076.6920661461943,118064.29636007678,319603.7971356277
250000,250000,0,terminal-decision-front,04f9f44d88d7b51ded09cfefab56ecfbeb15a47adfa7c68b9a62c1309947e0f8,1087.3830978318558,118258.59345291823,319548.6556273775
250000,250000,0,terminal-decision-front,e457b5bf9da9c001c9a37d1dd5b387addada760b0fcb254196c31ad7a0ed51e7,1031.8010969109862,119008.78870491334,315766.75774146116
250000,250000,0,terminal-decision-front,11dd9610bca5051d055b4161e491517ba357ec7362542e59e507f0afad98cb4d,997.602591951109,119092.50136245706,317426.65949937125
250000,250000,0,terminal-decision-front,4cfb2bdc1d712e96dfd35491aeb9bc48701526f4cb54fdc53b85b2119d8007dc,1144.5369829947808,114775.32894616068,318780.1685868167
250000,250000,0,terminal-decision-front,f5710874edf15f975d92223bfc30ff78d7b259548f587c59f8a2e693a05e502a,1086.4120148648403,116714.526956123,320662.9134755591
250000,250000,0,terminal-decision-front,b1714a2dcf1493164891f93b74f42f601a5207c4b5674f62833ff0a10af2eda7,968.1436959270966,119540.13146539075,321610.05409409467
250000,250000,0,terminal-decision-front,e705efeb0ce6587f9d898164e852068f6c80d3fa16237036b0b91e2e489ac588,1118.2513641965095,115968.90485612313,319002.52400098694
250000,250000,0,terminal-decision-front,74c90f02ceae2e26d9c1f7e3e470d959fd324f3932ffbca821f2c2daf945e9ab,943.0100993467497,119350.64060923102,329730.12655340286
250000,250000,0,terminal-decision-front,489d8c7f530b5b37c25d0467986e9575471f4649061844c20e6e471d51a0d8e1,1008.3901558550165,119016.34913745517,318874.2442991899
250000,250000,0,terminal-decision-front,fa292ae14c6f52604fd4d1bc556558df33a641dffa3d769f4c1f8252c54ca138,1010.8380562896757,118943.41798248529,318808.5737047569
250000,250000,0,terminal-decision-front,9d6b84340072b0f238ef947e2da5b8c61287d645358d67e1eb97d6dcb83508ad,907.7071538555705,120473.70400461592,322542.2310634271
250000,250000,0,terminal-decision-front,ae34621e516794ce1a8d5eee91e14329cd8cda2ac9640b76c459c134b4f71f53,879.9346847817635,121710.14705490392,317746.7359925475
250000,250000,0,terminal-decision-front,8e0e43494f3af7b033c4e5712dfbfbf4c918bdbcef60983375057136099448c9,912.1493191003942,120296.6912058476,322456.87999034853
250000,250000,0,terminal-decision-front,71d08c87652fc61d84bad9f617fa3697cb7ec921e6a785035397c444a97de5bf,782.4272334750228,126818.96748967125,336070.2683155447
250000,250000,0,terminal-decision-front,ac981efeb3395430c6bbf59aa4cf577c90cf513679f2028706f9f25e62a9338f,1180.74732030316,113959.2400002983,319207.05813309766
250000,250000,0,terminal-decision-front,34fa51e2eb3a9f8d99a229d4cc39fd18546113177e8e6ac79187bb480c2f4d00,917.2687936280344,120317.59259279963,314142.04066639696
250000,250000,0,terminal-decision-front,6f897470971f028b03904ac34e3fe2feffcdee22b7bb3e8263b8ce3456cdf9dc,1122.8706709734163,114807.59001970978,321518.6450225401
250000,250000,0,terminal-decision-front,e71d7682f03ea9c2d62ba99c089265db6d26ad709197d434cbf24c09e722d8a6,1120.2741265160626,115468.00663631239,324558.4250807505
250000,250000,0,terminal-decision-front,928f158d351fe70a7342b3408a403644f944ca2173dc597759860912d07a6e52,1159.9616938776098,114247.23253954078,317849.63238741277
250000,250000,0,terminal-decision-front,446e7af0b5e8d957fe833217320fe9182465470470104f21bb82e505848547e1,906.9345966319876,120788.89278620158,314908.84125860303
250000,250000,0,terminal-decision-front,a716746858d193dacfb45f538f68729475e56c73cf8cc0a08ea006fb550d8bc6,1199.474025523988,114873.83247996488,313312.2285722897
250000,250000,0,terminal-decision-front,ff99a64ce4ac3f524d886a9b1c8a33cf5d4e933e0d41cbedbbebf0ae441325ec,966.1183766289912,119492.02051217831,321882.7943834029
250000,250000,0,terminal-decision-front,cabbc0885f1901a1ed44525a5ea915afebbd504280dc2b7d0e7554c50d59aae9,1178.5634956731958,114197.25648785103,317387.6205868931
250000,250000,0,terminal-decision-front,310a39d66fae346c26671b3062a38984c026baba335c855cd76391073f63b1b2,893.3160642604074,120984.07806592676,317378.8301387392
250000,250000,0,terminal-decision-front,325c18c7bd267e3865c73c5e1b999411e5dac4dfc139109706675aa46aa19d74,971.3399626091491,119820.64928123138,310032.88301053375
250000,250000,0,terminal-decision-front,1493e07558aabf722bc2c62c2b4eaad3559c1085e2eb8c86a7e69a28f7bee9cc,1102.2707684007028,115899.9049956841,324036.8079251955
250000,250000,0,terminal-decision-front,f7d645ac0668a989cb1c21a15466229052980da1f7000cea13e00647a1359e8b,772.8057976369547,126665.97996151763,337694.9718423567
250000,250000,0,terminal-decision-front,3ae94412d5682e438d4c643d44c637fd3b933c7a284258cee8f7c3f47eb4f30a,964.7309011120673,119583.87088101506,313804.1662165683
250000,250000,0,terminal-decision-front,919fedb6a73e55f03b70932bd327a72839d1e2a2c3acf2358afd3f2d916264e5,890.9152212166672,121176.90367215106,316840.901069256
250000,250000,0,terminal-decision-front,09779319213b0e82fd73417609e7efccc0505ea9841d8b1296c1baafdb1d7424,1182.08403678989,115420.686588999,313916.0277145149
250000,250000,0,terminal-decision-front,9edb17231412036cf18c1ad4c295589e58aea3e8a8217cb77cfbf37ea4a0ef7a,1185.6644653367707,114116.58147405015,316546.4121789045
250000,250000,0,terminal-decision-front,e08e43a7eb22713627e5dfdd0183692ca853a902cfe9839d231e0a1f47c3a574,903.6095280723018,120950.2215808038,314228.7604171774
250000,250000,0,terminal-decision-front,da37422ede8989bcea22451648ce23537161c8a2f2b49c02dd0c9916e69a5064,897.8390071476296,120672.0275750832,319730.7950294731
250000,250000,0,terminal-decision-front,25bb954c2d435f0e28c62e1436c761a6043ff98e0b0ae352b9707aca694a6635,887.0183256790078,121012.04942991986,316843.88222248055
250000,250000,0,terminal-decision-front,2f3e20a240742731d181712358e08e0d5f4d76886760c4eeafef525a44fbc251,777.4675072785228,125624.30408277395,339892.47443534934
250000,250000,0,terminal-decision-front,aa310a16ca004b358c7c92b8d95a2b77362893f6ac206648297e8ef6aed2af00,777.4675072785228,125586.48522558218,340477.2732461392
250000,250000,0,terminal-decision-front,b4a4c903f1558df7bd56297cf939e56f550e6d6483e91b3aea00615c9f72f722,893.6064185105477,120805.2571605049,318789.18365249503
250000,250000,0,terminal-decision-front,e6fc0942bea7a505377face9e96f81cfceb6d2412d369f0be88322ce25e33e5d,899.8123007373999,121254.29913781241,313171.7039592443
250000,250000,0,terminal-decision-front,bbc82578de6db5b40986f0ec3b4d80eb4b3effbb3431174436806a0b00ea33d5,931.6096929495726,120458.30769056684,307951.72350990813
250000,250000,0,terminal-decision-front,8aa5766f944c2bd9f8bb59000f1a8857f3cfcb42a98e040eeca187c51d48e8b7,888.9546300490691,120930.67484188138,318057.86317319865
250000,250000,0,terminal-decision-front,2ca070796c83bbb31252fb310dfd9166319a306035d22e8f8ff3daa0ce7fd4fb,777.4675072785228,125620.86897135554,340364.079003082
250000,250000,0,terminal-decision-front,3a6bcbdb9a48ca0f3d47b3f7b1d641aefc102b44d1551c89633b6c1b20ec614a,930.4482898153246,120417.9550018755,309356.3601975774
250000,250000,0,terminal-decision-front,36179bfc9f07ce5b845800e4ed01583287defa0f36ef46ae211e4d655bd6f78d,789.0034714241169,125336.33143071529,339129.55115486745
250000,250000,0,terminal-decision-front,bd2c15a285907e0b15fce2d4b8f47a515ea1b62813dfac6a2995546970efbac6,1178.6521107600358,113809.91887038309,319368.0212974568
250000,250000,0,terminal-decision-front,d1d7d36c652f0cb91fb4f9436c1f0ffee2708d11302d7cd3ba72edd926974dde,887.0183256790078,120971.79767515446,321776.48473166354
250000,250000,0,terminal-decision-front,a9edac24004d4841dfc025567dd3aa04cee6c90f418eafabd37e6abc947135c8,917.4837257153412,120007.17269538208,314607.17404372635
250000,250000,0,terminal-decision-front,2358a554c72fb9ca69f946f17885bbb7855b817248923872a0940375aef6206f,890.6874893365525,120858.61727915017,320831.9833054271
250000,250000,0,terminal-decision-front,80e883e93b1df574e54fb46f7a139cda7dda2e6634059d81ad250b81a958b5e8,901.0980266268194,120823.38565990306,314685.51467090927
250000,250000,0,terminal-decision-front,bbffcaf5b90c19de72d62391bdd66e84d5335d41555fc46d3b3588aabdea88fd,777.4675072785228,125440.83084879784,343102.99948295706
250000,250000,0,terminal-decision-front,b3ad189360620cf61e695c4d04bd74a81ab577ab01a024355ff7e8f890232a0f,900.8707803372919,121108.63604182102,316631.0775539959
250000,250000,0,terminal-decision-front,94f1dd980869b3f85e41e95b48a74dbe3ddb5ca6669cf8fb7045c26b15972601,1183.5517156942224,113740.09249032172,317786.61605566705
250000,250000,0,terminal-decision-front,d61872c5c94352ad9869f4c88b839b63351a1818be9be9134e2e1b6ef2612835,781.4550723424064,125586.99648321781,340248.50165046373
250000,250000,0,terminal-decision-front,2c1b67ea3ccc9cee6ac6f8eb8d172b9450c53458ab2e5534234169a3cc910c13,970.1864656111802,119520.97837521916,312848.1684130278
250000,250000,0,terminal-decision-front,2dae93dfe5c01229eeeccf293fcf736cd8d84f8c5de537dfab9dab5f5f35c7b9,954.5469382788226,119596.20333416498,316106.8776350213
250000,250000,0,terminal-decision-front,4153c7b464bd349a06447192421946603ed1a6bf4ac27f8997fa45cc08b4d0a2,934.8807442013116,120058.01019868575,308752.7992617076
250000,250000,0,terminal-decision-front,306bed9f40a2d41a7b2621b59dc8acdfefe773f8f5352d4609649e1985ed3303,914.9390877865192,120131.86875438518,314415.23937726207
250000,250000,0,terminal-decision-front,c559dcbdf86f9cfce52ce57768f1c35062c825da7cb75f3f8f472d25dd0049de,1139.121347573786,114188.85109468218,323834.84200768324
250000,250000,0,terminal-decision-front,3280115efed81ee306c7677a4c9c4dc8d75c6f72c20c428efd8d2a423845933d,943.2767066464961,119829.05914197222,311883.5835413297
250000,250000,0,terminal-decision-front,d48368acd1309872ce70177455529a7bd34432a4b1125ba7243e7a0ded7d4933,878.0979377331114,121869.86081447508,322336.04171911045
250000,250000,0,terminal-decision-front,9392e5f1f3ef9be93b69cf7aef6c2d45f92320a8409883bb046b356a9b480c6a,777.3568235421047,125673.37218942586,339536.8030573849
250000,250000,0,terminal-decision-front,0d771c18292dff7fc93dcb94b8b87c010edaa15e58d388fe2f12ae2d801c7b39,955.7342324520288,120243.68198191372,307563.0780322363
250000,250000,0,terminal-decision-front,df1f262b574a9760b26552a6bbb51f84e1faadbecb76d13989fce5c7f4f4609f,955.7342324520288,120176.89944826812,307573.47559917625
250000,250000,0,terminal-decision-front,f03452165a4afa627aca359b370140795fa3b818860faf51f3f81abc3b3c0927,1158.5138756884867,114224.85973976343,318737.42583078553
250000,250000,0,terminal-decision-front,c66c860b104ce43fb8efdd8a47d71f0d1c231117acd22b474ab51c0d8e83da49,955.1654723158224,119919.8048321174,308712.7304489865
250000,250000,0,terminal-decision-front,ca9d11ce9e4d8023408b09f82d75581c059599fb100e34936ffb237ca0eb978a,1189.8681997218582,113916.67116779747,316187.3630893152
250000,250000,0,terminal-decision-front,2e4d8fd321199f8bc4279f4817ec5af146b8fd408081ee2ec6dfc53c4ecbed91,933.7920652293236,120558.18408535232,307837.94066147815
250000,250000,0,terminal-decision-front,5a47744038100fc9624efcf93495a502ddb73faa21c1affa628fec6ebb605d06,1201.9204747289948,113751.60461924394,316460.079588705
250000,250000,0,terminal-decision-front,e1fd297bd21a43480ee47888c1ff609ea5f16b25b5a6fa707bb3592c2ebc7008,1180.159043091346,114025.67209799273,317951.5467521503
250000,250000,0,terminal-decision-front,760b955c979ab4abb663680fba628a3e5dee4ca5c6edb1ce471d8e684e62654e,958.5373224432301,120314.46601023516,307504.2287582841
250000,250000,0,terminal-decision-front,8de67490d08d8a6844ec33e585056ce9e7981c99194ccb166df0f327a542c3d2,1133.7549821076273,114851.20472669671,321501.72386340285
250000,250000,0,terminal-decision-front,330f53f64eb18fc477722aa858230b078597b79db60c6215c6683a911cb8b932,1134.4872309329353,114994.35152847148,319367.76281232137
250000,250000,0,terminal-decision-front,199133e008a935b1d04da70342dfdbcb646a667c47f8d039f82acb426864ecdc,1140.8009390134634,114532.90440596375,319027.4922631668
250000,250000,0,terminal-decision-front,1d575c74e065e1afa7f1a9b80fb39aaaaedd409c01f3ebf794b4d95d0d6dcefc,1127.4978070069483,114304.00582835925,327186.6315307055
250000,250000,0,terminal-decision-front,1ef990b9cf33e8765a1862e95e36a9d2a58f6a3596c425f2bd9768583a88853a,1153.0785678084208,114930.35925635093,318268.38571881305
250000,250000,0,terminal-decision-front,2c58aeb2a2e8db5a8a5cc4cdecf6f022bc41ec3d8deb94189dbab8f083b6f0d2,1158.5138756884867,114200.96024149309,320445.6613881537
250000,250000,0,terminal-decision-front,7a72c4bc1ffee75109c52787ee2818b9cc73de0a4dd45f531d3b7d0560adb827,772.96801302515,125755.14606110119,337503.02528940234
250000,250000,0,terminal-decision-front,7038626d6d12d959548ed2f8025cfe84e109cbd27d6d6695abc6ac0e5149d06c,1174.3108670446895,113962.76596467712,319061.63491587236
250000,250000,0,terminal-decision-front,e3994b7785d7d506477bb0a89c5e7ba48f8cb40b9741793e2b8cbf38d2515eef,1146.3561988954048,114254.41375867513,322790.8575725374
250000,250000,0,terminal-decision-front,fa2c383390dd416a1011ef2381ce2761abbbbd5d98d99c13f198b710b6353c27,779.2765867058572,125619.87959511975,337699.8136018615
250000,250000,0,terminal-decision-front,eb6471ccda0c7a59e735ebc80288a37140babb77264070d49f27d8d8ede02467,835.8226523717741,123058.35742838177,331455.95992611244
250000,250000,0,terminal-decision-front,40d27adb826ad9d52dbdcecf3bf93d2ad0b437730e22c216da560dd894140afd,934.1995835997478,119624.62779078895,323132.01606606785
250000,250000,0,terminal-decision-front,88b6d9e814b00a5cbb072e041c7310e5c6ba5ff3428c2dc6f94b4f49ae16b1b6,777.2959995938627,125634.54163973324,339781.56268567883
250000,250000,0,terminal-decision-front,961fc570a4392d9a47f07720740bbb4038ac030a14667560afca16ac78a7cf38,926.0795238258207,121039.01018345836,309950.7610841525
250000,250000,0,terminal-decision-front,f61a99ff95b0fbe77efd04491a56bae1bd0b0df91db9c74f930389dea3c79bd6,1125.483850090163,114701.63063405843,327710.2363685331
250000,250000,0,terminal-decision-front,fdd158182b5d9470301f3a184a87a7ed06f5133ddbcf3bf3854649635f008417,852.3723757148442,122237.17500701881,329443.73588265333
250000,250000,0,terminal-decision-front,e27b07ac1eef891e75d8a8c669195cba01b0ea98b8f1ab620f03123864ec6126,1169.7406858271393,114244.89909619352,318587.40878940077
250000,250000,0,terminal-decision-front,70dbf0ae4372fe501838fde210978bcd49e4a22191752219f3d128db3d0658a6,828.8026919398501,123199.5675201288,327997.03211229126
250000,250000,0,terminal-decision-front,ef5b685fcb3319e3d53c93861a0a5d10415a8ed6e7e2d24297dce0077351c9b6,839.6278023504933,124078.6109892957,327075.19300865964
250000,250000,0,terminal-decision-front,af3738d9e1ffc3f9d1e4a8f99da5dbcb7cc8f021b33adf29f86e33740deae066,1153.6869726955752,114074.57732340167,326024.2588248437
250000,250000,0,terminal-decision-front,ad6bb827c0780631ed17d0a2c6f3d40c4e3f4b960de6a786acf76d8b84cb26fe,1168.8406765036705,114031.46192174862,320446.8020111526
250000,250000,0,terminal-decision-front,e56f6ff7d849c0fc65fe22fc59eaa97e377f75f6f1bf96f43b5626aae2fce74c,1166.9730698757123,114183.4721358335,321810.61933733145
250000,250000,0,terminal-decision-front,cb4f2d1ea5d292925743db85a1a89c320466949dd51accd5cbe332b5188b8f7a,1123.1096771568375,114766.81927662477,328728.6486071305
250000,250000,0,terminal-decision-front,84c984ca041a46c3b2b4e09007a61b04dd9481442f23d69a745ec073a0cea3dc,1183.5517156942224,113848.75170407043,317542.1931291692
250000,250000,0,terminal-decision-front,f30935912ae0156de8df26ac16f5a8b3c9e3afa03f52483cbebb74920d019679,905.6772780870452,120573.18564707437,318301.0382285808
250000,250000,0,terminal-decision-front,e087b51b7a7517c2cfc40da5443bc524a730bdfacde26a2174954ad76895e7e1,853.649201132796,122060.76788226844,330915.5856655711
250000,250000,0,terminal-decision-front,01f317604daceacb6213522872acb4755f5a065d3892f69cd012605bf33a49eb,1156.9635306813295,114087.49818979991,325791.17089075735
250000,250000,0,terminal-decision-front,63f247dbac58f2df32b285b79a1ffea18ad2862262dd609d29df4783398a9a5f,1180.74732030316,114018.6048348108,318608.47846567247
250000,250000,0,terminal-decision-front,626aa59b3b04f3a14f48899e5787eeb4a3d411ecc1bb6dcf0c63c162c15f9e6c,810.493275825758,125018.78507654511,338977.9065946882
250000,250000,0,terminal-decision-front,09e4498de71dd3b5451d556d71b0ebf61a1039ba326d23d667dd6c43e1167088,1130.5128235566735,114368.6961619819,323358.55468318914
250000,250000,0,terminal-decision-front,2a370a9243c72301cb1f3dbaed70e823220bda9635fe4d37c316ca51c8c44055,1174.1123614428905,114216.19142431088,319740.5366263722
250000,250000,0,terminal-decision-front,142e90a90adaf4eac8be4bedd0cedb3e03e88c52a3e500746dec4ae7bb11328b,1085.175161586203,115907.25009990433,328601.63692366995
250000,250000,0,terminal-decision-front,9ba7f608c97177842b44c987241e3d497b3a4fb9cb0b2c48a958d9da9aca1bfa,951.2423200739087,119533.12131860523,324631.8929412239
250000,250000,0,terminal-decision-front,e0f347cdfc53af9dedb2ea5a1658c9686556495b5f4024c1da4c4f09f242cdb9,1012.9820708000391,117827.40653620445,327292.3633307153
250000,250000,0,terminal-decision-front,f5800a872dcce4f05551760b3980ee1ecea21e942ee72e2048efa629f24c9066,1065.8595375260877,117333.61154098401,321534.1958454108
250000,250000,0,terminal-decision-front,047823a2be442ff3ed8b1f6f02c86375e6e46fb630cf577fecca5c170672907f,1146.690251364505,114302.47707807778,321319.0394521304
250000,250000,0,terminal-decision-front,81e978a077c00a13e07a85ffb9608b6c4e6cc34ce8d49c95c7e22adf0af2b72b,797.9283055055222,125078.42859936593,338702.23557594104
250000,250000,0,terminal-decision-front,568e938be0496127616680f7de3cef33e4f87eacda92ce31ef77326bf7be3a33,1115.6532851742754,115410.97349627585,327021.6082571517
250000,250000,0,terminal-decision-front,9513909e2ea9849f4952b015bfc84658263a56470177320d6d2481086cfd7480,1147.0792829743496,113978.68668389515,326518.44419630634
250000,250000,0,terminal-decision-front,1f6fdeaedb7c8f49775a06d8115bfbbd8a44392cbe6155e2f1004fe09ca55fe2,768.943026654921,127113.20774031359,345766.03547394945
250000,250000,0,terminal-decision-front,bb51fd3786181f6d8ac9bf34d67046583ebd0eadf9e087ebfea437cc665f75fc,1152.0557457338487,114224.51928627797,320309.2005654832
250000,250000,0,terminal-decision-front,67a1b767c7c76fa2c38a7fd74be33aaa2f70d541ae25d73edca39db67abaa21d,1190.6839361505433,113911.50785293657,316491.26083981124
250000,250000,0,terminal-decision-front,9fe0a4abe4285bf92058c7db7a30593df03467d034d02416261a58d6819f2765,812.538105480025,125171.02290729775,338609.1098391504
250000,250000,0,terminal-decision-front,f3c549ae69dfbac1e2ae01b3e5024ad2142c125d5ffbba26d9a786cae0e582b9,865.8307618261116,121943.6225997245,325682.3018921149
250000,250000,0,terminal-decision-front,bd6b4bea4c7a7249d161f94b56ae93cc4f32fb7535e68c36df0b8e2f70ca1058,1138.1950992088018,114293.02522548652,322802.8542571676
250000,250000,0,terminal-decision-front,f83ac8ea2e77f80c09e098f8e0606e63cce0eff003c841c5bab59db91340ec95,769.1972138522367,125828.98586589762,340587.505032946
250000,250000,0,terminal-decision-front,a5346c5030e3c063c26d747101c4f506619a980bb005f6a50fdd96db63f84659,1180.74732030316,113977.42892484009,318846.78976448334
250000,250000,0,terminal-decision-front,6745d0927be9d839e93b8fcc6b466f5f60e22e5d0048e35b6b7b6420626560be,923.5924809761707,121635.49374976073,309710.1881679214
250000,250000,0,terminal-decision-front,f7345cb576e93256bb5be54a9d289c64817dea4627b700961a1f7865751cbc16,927.0875813767011,120905.93367043711,307949.7105869437
250000,250000,0,terminal-decision-front,2d83994ebbedd2848f31e4701094b7f467214c4809ec8a60ba116ef905ce947c,1075.366999680697,117283.41868892545,322717.4235807704
250000,250000,0,terminal-decision-front,5cda6df9e40e6f83e9dba7253bc6a3c4af3854dc86e6dfae91f78a72d1d34926,1196.3920191073325,113830.94998446744,317672.0047512242
250000,250000,0,terminal-decision-front,05cf7ca1b5d642c927decdc04e12b1817d68df05d9ae59a4147bc401d492a5c2,1176.5043422657309,113704.45334090339,322541.6384478373
250000,250000,0,terminal-decision-front,6808db1014e4ae1853caeb6fc3f7649bea6e35b1e54bcd30314c4dd4eb6cafd0,973.0582255712072,119862.48458853111,307702.1105866355
250000,250000,0,terminal-decision-front,a2123930911efb4332ead95b2584c4c718ec9a344a5374b4cdb9064b2f01a3ab,1170.9333263444385,114197.27413084856,320383.91418256494
250000,250000,0,terminal-decision-front,668b68e3b8201f42d6cbff6f5ca04af24f92839b596c372e30873e97a7bf2220,926.1552158707137,120182.0824478795,309909.7662529009
250000,250000,0,terminal-decision-front,58bb5e89c241a9b6f0005571bb7020937d9918d3c7edf8a2f4f81945445ff57a,785.7373311725179,125862.95320742167,337310.24468238326
250000,250000,0,terminal-decision-front,c17f560a8b06cfc6d7ca167edc7ad1d3d56e4b43a5833ca4860d63c8b0f51415,1196.5842119524502,114494.34419842833,315344.36240190594
250000,250000,0,terminal-decision-front,b8a502e760c92cfda1cf0993fbca99e59a257c721968e10375d5a17cd48db10d,975.7764738624105,119486.41483052971,311090.19616803515
250000,250000,0,terminal-decision-front,17e9b675e437ee1e3b1f6fbe4863766a5f7676d31a25a1cdb4351d5f5df310e7,794.765882828809,125277.59409028951,339933.83024055
250000,250000,0,terminal-decision-front,eba13d6b27ce7abef11ea8c983d53fe29de21f75eff9631df50567c6b1241386,998.1678991330438,119030.65775333835,314115.8732255798
250000,250000,0,terminal-decision-front,49a78d0bbecbb3e7e2ad313415111c7c9f432ff8d1be4cd7c2883aa1e7509f9f,1056.3442502286382,116425.0457277277,328165.00349917053
250000,250000,0,terminal-decision-front,00ea88c87c78b2a9118371b889fe193b72b82424acc22189261ba0bfbb6fa249,802.2191970245324,125064.76222161434,338787.85394409415
250000,250000,0,terminal-decision-front,60405dc3aea026671149562fb4ce14f2855b7d892444f9841f375c70836efb2c,1169.5085855825375,113965.68644259221,320990.2667194338
250000,250000,0,terminal-decision-front,81da3530d02ad47626b8eab9040543cd413a477524d485d182db015ef4029cbf,1168.0280335064108,113934.22816466732,322978.2971071762
250000,250000,0,terminal-decision-front,56c90a6f967df8b048d77bed35f1f17fb9dc0359d9f0daf4a46f2f1f9b621849,1045.8749944065296,116185.97179627701,342433.07896245207
250000,250000,0,terminal-decision-front,e324acb9e31ab4ccc565c2aa6d4ee4a5dc5a536196b977a4a3f02c8603e49099,1013.6375102243155,116382.6487571036,337865.8770325347
250000,250000,0,terminal-decision-front,5886d5458ec7ce462f64424576d58f08e871de9b1f355a5fa09b00ae3f1fbf60,1024.6980236317293,116900.68236652776,330366.72046872723
250000,250000,0,terminal-decision-front,7dd8fc25468a2db619d09d98fbfab64bb4acfb80d6a1d616907cdcea61476ea7,975.3530888357035,117200.0723567401,334415.79802055255
250000,250000,0,terminal-decision-front,edcb469ec5a610784ae0a3269a07ffa92150db007e754bd2ba05f7f3bacfa1d2,1057.0927589771727,116033.6792789244,332735.08706874616
250000,250000,0,terminal-decision-front,1791efe76a8de30acee15e97322dc14faf7fc3bc478fd7d8027213c0af259d0b,1142.6601787690113,114461.1492073657,321852.96432610165
250000,250000,0,terminal-decision-front,6095e0f164ba99a87deff9963e17cebccc7fd229be1532e98b74ef98abb67e5c,1022.2607745480359,117251.52669623296,326811.64066663536
250000,250000,0,terminal-decision-front,9e7e44a8352bbc85eaae03522e3357d2d9494529c63eb7a3b9c86598702d3570,1026.2752158551402,118558.66936835751,317174.97871835757
250000,250000,0,terminal-decision-front,fba8e8b141bd6c3d3dd8aa1e3e6621d8e458aa45a1ad4bb928b64ea46d9de4c3,1085.8024700828244,115173.17132789543,333256.02470515145
250000,250000,0,terminal-decision-front,6a12a851d0fd79987cd386b45c7df0fe80c559876d939608be2ff7fc7ea024ef,976.2616068889707,117841.02472290635,323554.9795552939
250000,250000,0,terminal-decision-front,79d52ed5dd51a9e2ada86f3540fa84d80c69d9eb578f237890dfbc3a11701bce,794.1948985829899,125327.92771328686,342913.6204204567
250000,250000,0,terminal-decision-front,c3d9f0a897061c694352c228440c04557764a5b3983701935df05d69cae57f3d,1190.4208732054592,114731.69543813632,315736.38775213104
250000,250000,0,terminal-decision-front,f15ce496de25faac233e0be531cafd0b12549b136dbbeaab3cb75c5ec1558d71,1003.7549341659095,119769.56721711175,310674.05193565483
250000,250000,0,terminal-decision-front,e524376b36bf1d92de6c2ce15f3b2cc39a24cf4d1ec38203bc93215ca23ee5f3,955.7342324520288,120109.32550616143,308245.6241988712
250000,250000,0,terminal-decision-front,6d412e8ae1e3bc73d02f20d33148bf054862757f0196ad93acda70cc6cc8a93b,795.8366367247914,125590.06612112597,338258.9756293945
250000,250000,0,terminal-decision-front,d50fad745b87f651250a7049cdeb34150db8639989f435361f609021552cc58b,808.8538606302657,125303.98717861084,338461.21509833034
250000,250000,0,terminal-decision-front,5612b16c7555183c53bc428ef3485c85eb90de45597b5733d35b32e024235dab,791.652622435403,126723.40851724385,337271.15563902084
250000,250000,0,terminal-decision-front,f205343855ef01585016a9201efa703d1466abd0451e940c8ef467dc5268dc0c,1065.380693446394,115951.0330295625,345121.3600160659
250000,250000,0,terminal-decision-front,50b015862eec1547cbee186453cdee8b73fa0a15b7fb368e721ebb830901f22d,813.1113269924846,125962.8085762005,336151.42253392923
250000,250000,0,terminal-decision-front,32595ba4368721b894cfbe155e288f16b352b01dc2a875ea70de0ba35a940e9c,1122.089736841743,114687.99029983272,334451.7896854782
250000,250000,0,terminal-decision-front,a398961c7a30f80ac7f6b82faaf1e7647963353a4219fe91617a5676a86d9742,1023.6618550666377,118770.44454008309,320455.65326993715
250000,250000,0,terminal-decision-front,75b48a608b6c3bc08fae9bcefe2e0d0561fa6a768570e0452a6c6b0870b4fd4b,810.595323934047,124999.71872364942,339288.4385883944
250000,250000,0,terminal-decision-front,8a4d36ae2df8b0dd7259225135d04947c479234a93873fa9f13ecfd6560f5124,777.4675072785228,125451.30089572337,341566.56710044487
250000,250000,0,terminal-decision-front,53657195c896fc8994ced240493334919e6f51925837288a5590b951571efc06,939.4890409430509,119559.94120930169,316280.32146713155
250000,250000,0,terminal-decision-front,c47dc095a84bf9ee05d402e4acba44b816e25723c357b45342cc5c927343f842,1004.6070143558469,117090.72011871886,330797.8702700202
250000,250000,0,terminal-decision-front,74fdaa6cf0f3724ed62c8c7ccc7cac3ec360dde3637cefeadfef463c0c9899ae,1177.439253568701,115166.4993515788,315065.81157016207
250000,250000,0,terminal-decision-front,a5aed6cf216c177e9ceab74593fe285b418b71508478ec9fa8969237127e213b,777.4675072785228,125665.9994817755,338646.6167798893
250000,250000,0,terminal-decision-front,6fbe0c02273ad0b9763498c9593ddeb59ae77b1c7f6a3e77070a90216137257c,1213.244271524767,113735.7375193985,318509.166327592
250000,250000,0,terminal-decision-front,ac9309b18c66b0be922cc6ca2fa4dd328caa1439656fb1b5b9c4bba802c936f3,1238.5089264862688,114069.05843627264,314479.06979475386
250000,250000,0,terminal-decision-front,28c01f11df24a2cfac336e97feb280b5d3a0d24052adb549865018c1b4c925bc,1053.2192481458128,119140.98099744576,310670.3110692279
250000,250000,0,terminal-decision-front,5b99de5833a86aa7b0221ecd95789f7d7b191f9eb9ca01fc5d1a8466936a9a2a,1109.400848764093,115383.98551285153,328508.73513200105
250000,250000,0,terminal-decision-front,30a5ecd6e111a9a6a4e800047be07e9dbd48f95e0826a4dd5bbd5870f084d0d1,1121.7973784996084,115419.69241757436,315465.3405703408
250000,250000,0,terminal-decision-front,ea994e876a38aebcb2dc59263d9c251537e8146aa447823448b6a18bbeab8ef8,1133.764249680165,114795.58804082288,321570.9576396216
250000,250000,0,terminal-decision-front,9528ea614b85b4b93f5a35c72d43ddd8687e64108042b041babe2312e5325cb4,1216.6945485742845,113567.73723596265,320634.36519470625
250000,250000,0,terminal-decision-front,9c8af61f3a709b29416ab9fca92b752e95f4f538b1eadece94e13dbf51c4c500,1149.5238633250772,115094.60984253786,315684.54311736964
250000,250000,0,terminal-decision-front,b9124788a36a0153c17fe398b182149c02c7fa80dd8e92d298a2b7473844ed0f,928.0849027416314,119908.58223519832,339836.3386170163
250000,250000,0,terminal-decision-front,268416073bc80184e4abac9e511069414612fca9578cd4b2dcdc23b98008c1fd,1115.8790864605867,115578.94127126859,326004.47656583495
250000,250000,0,terminal-decision-front,b92d97ef93b33e264d870912497af2fb9490adce67b780d2a3fa72161f348b71,962.8734251536767,118678.18669422201,327566.9597231593
250000,250000,0,terminal-decision-front,fcc0a863e3a8d2523193fc7c7037eb47f63e56134b949826e37fc16d9cf251fe,973.2364292256179,119008.51609618826,326093.4304965603
250000,250000,0,terminal-decision-front,43dd8f0cff9af5acb3cdeb33931c0c7ba554c0245d5c621c088014e4e8ba5314,1221.2646576554266,113555.36401746701,319384.00398300524
250000,250000,0,terminal-decision-front,00be7b63637254847e749b79ca01de0b7820be2a9833684d18671fc02891d9ac,1021.8385050292037,117570.90198760638,329036.6772748899
250000,250000,0,terminal-decision-front,9b56822bc9cc547de58792ec88ef9502c6d4b843dafa4a16e9905c241bf24192,943.8867762803571,119337.29817933904,328369.55921344645
250000,250000,0,terminal-decision-front,4c919e246e4cd1cb9a0382d2932a1b0d079e1393d0e77706b9f5ac37d27fa43b,1079.9051543836767,115926.66978557018,321433.8617821811
250000,250000,0,terminal-decision-front,2b32d2c01e6ffa5134400527bb66d0c422d012634f26af883a291ca2249835ea,1066.89409264936,115221.51920822271,328843.70026846026
250000,250000,0,terminal-decision-front,feaca32c07c47af0889bce6ca3350ec636bb2e93bb0d0166c879958c8a6a2ab2,1033.1833534556602,116218.66955368876,330805.3112462531
250000,250000,0,terminal-decision-front,61380b0bc5f15e43532b1d38c7a4e1180a24e1000cfe48037307a29cf24c65af,931.6096929495726,120707.84868641419,307448.10144653777
250000,250000,0,terminal-decision-front,6360ba1885d40386d25866fcbcf21d421c341740f8221db1a8b0c98029f29b77,933.7920652293236,120807.72508119966,307334.3185981078
250000,250000,0,terminal-decision-front,57340996d5bb5c5a51c56c5a41c50eada9da37cc032ebf7f051d57e8d7487019,1050.2449110041741,116158.9136812539,334791.0763027175
250000,250000,0,terminal-decision-front,42d49c2dbd289a65460eac4ffd12d2deb36ad695f4b5bb987a61372e42c2aeba,1114.9324779498756,114952.673244593,335077.82233570446
250000,250000,0,terminal-decision-front,ce775216d5c012f2f98a37de67447e9fea25498ed109a19a7bbe7600e438d356,1050.4028058646052,116649.49374637794,330164.0215876625
250000,250000,0,terminal-decision-front,189cde43fdca5c90e45b0b8a6bad4f2eb5d7d6d6ffe18db186a25de8bc20d7eb,1059.8286178011165,117802.16192517123,325179.3037867778
250000,250000,0,terminal-decision-front,b873697a6155a5a7ed2be4aaba731f0a7f97416bac6861cf7215ab18687fa4fc,1199.2135486615664,113736.35270510046,318996.6848722551
250000,250000,0,terminal-decision-front,fc9cd6b26b088668473bedca3b6e975b8e6ce435ba3ea1d0c844dffe3836c59c,1064.6658367401053,116556.17374234289,323097.23423176096
250000,250000,0,terminal-decision-front,0aacd759a3c90acfda10651f211730d62f93aae7031fffead4b5de713d2046ae,951.3713764285551,119771.30176242368,310705.2018611205
250000,250000,0,terminal-decision-front,98c4f2fc44206b5209def5f139f1c3ff9bf7903af4fa1c0c8ff9370f6e649c78,897.5795133634889,120122.25990573244,336073.4710275959
250000,250000,0,terminal-decision-front,3954cf691b34b415030d5332e20028e70f5ee7ae696531f9a33710acaaec045e,791.9077621578194,126228.36658225421,336728.160756006
250000,250000,0,terminal-decision-front,23f2a08aa8fb6b817a8a72336dcf60f6bcd71ae86754ff3275b67b08ccb85893,1109.970185519684,115098.9117636756,330428.4829383086
250000,250000,0,terminal-decision-front,382386a4462b67a3b04927ee8728ff0c5ddcbe36c2b66566e9a86f903b2e6552,907.889350994634,120655.00844665305,313986.9582618522
250000,250000,0,terminal-decision-front,a0ec3b7a07955c2d2aaa96d4c4863f002bd2a53cbf7f313a8d48255be9dc35c9,984.5921357684559,119466.47323891704,319477.8750568677
250000,250000,0,terminal-decision-front,88b40d26057733dfe95b47130ec7d5becb98ad614a403b55cca3c524ad1b48c9,917.4422244773237,121820.81953663743,310168.7778295449
250000,250000,0,terminal-decision-front,1353b2c956eb2f668d9c943e8cee9a818e92e33747b96d7cf0899b8d3df145f8,1118.0894978302338,115279.88673036419,328791.02115769195
250000,250000,0,terminal-decision-front,de3537f44bf5a09ff97b63a8a36794f55caacb9fee42113d3c6b796a0d783353,904.1722189863344,121230.2986086779,311658.55021632026
250000,250000,0,terminal-decision-front,05b32f8ee2032b45a2fdbc1d7d7ead21965aae4094f0e5548ed7df5844bf7e79,959.9835479779141,120291.58428808599,306133.49532927806
250000,250000,0,terminal-decision-front,eabaa6d5f068acc0ce92fa06330a4c0bf84d016ec350edbd6421db33978429d4,926.1552158707137,120194.37196821684,309564.1165336955
250000,250000,0,terminal-decision-front,3d93f7adc57931580eb8643caef89b2a2c9d0fda51e380ed1b509f8add2ffa19,1014.331009193616,119678.7624255975,309729.5781806882
250000,250000,0,terminal-decision-front,323926272aaa34df5f11f7e075c8581580e3ba7c92b9d956c28649de0bca540f,999.4716725977079,120137.82288685362,307375.7957724877
250000,250000,0,terminal-decision-front,a06138795a5efdc5ea5d6a566c01320597e3ffadd640b96e270e15db86118807,999.4716725977079,120071.13656680411,307684.0807179171
250000,250000,0,terminal-decision-front,12b13ee99ed32a3f1f12c3f6ea3e73b025a2002b811385bcc6c8e847a63d0111,1052.5963483348348,116131.28049254202,345956.385597431
250000,250000,0,terminal-decision-front,77b4b4b8257306fe36abac5580e44c8059756be7476365a87978d79c4cf9f9f6,854.0180203497956,122489.82846042373,325114.955452119
250000,250000,0,terminal-decision-front,ae893254b733b30d305fdb11a01f69494af4c92b9830cacdcb0089654bd85fa9,1201.8141776175194,113526.19250827463,322707.44767074246
250000,250000,0,terminal-decision-front,cdbbac322fa2bcdac700825399ecbf5229cd3953c72abb563ddc626d0768cac2,921.7696370433458,120090.87450318428,311911.9485054001
250000,250000,0,terminal-decision-front,3dff06450f4a6cadc94a5c630b35064a7214e3546191588d453e1b6f9b32efce,926.1552158707137,120042.62517507089,310364.83505514765
250000,250000,0,terminal-decision-front,8167843ceec4ef81fc0b2018ff93aa1d0a549320b9c00632acb2698690b4e45d,915.4638087325849,120914.81055870502,311743.54166585556
250000,250000,0,terminal-decision-front,3daf5c6ad824bd3dc6581d4a63f16242d5cf9ec57b665fc7ea44bd9576936eb5,953.7923468193327,120203.59467468176,307575.8445970587
250000,250000,0,terminal-decision-front,d3884ad58f5c34f2989c96a792f9680addb7befa2fa7d5eec0c2fad53b2c3a8c,1190.6935539525325,113557.31235790363,322064.66791063256
250000,250000,0,terminal-decision-front,761c1d6e62af8dbd794b5b2f57531c6b4d2a25649744242ef94ab01663b762c8,1241.336895559978,113340.54242438497,317290.7586755292
250000,250000,0,terminal-decision-front,cd61e98adf9ec4527ad778ca187bbfc6d3a9fb18e9bb6f0fbb9420d8195c94a3,1190.6935539525325,113663.72660162498,321715.63449716783
250000,250000,0,terminal-decision-front,06d0b8d875c4b3aa5bbc0fce9f3ac1524a4c64a369ec62be9a890bb9a2f2f8a2,1263.622918618899,113130.30561817749,320001.6687902839
250000,250000,0,terminal-decision-front,5647f375b217f8a906e615cbaae4c474645e277d428d5c5c488ee3fcb394ca2a,862.90454050027,122274.19672961436,322218.2166643183
250000,250000,0,terminal-decision-front,e382cd5b98dc79b8ca0fc1d9a34ddadab08931fff2ddeff668b1d2531efb5f09,934.6231071446967,120725.74517433965,307343.3192147315
250000,250000,0,terminal-decision-front,0cdc7d6b1284120000294e07fd5a3f61534ca737e2fe018df07c20d0abfcc659,1224.2664506415358,113449.42300973058,317717.73454502644
250000,250000,0,terminal-decision-front,c67f3253cd99d0cf351cbd85b282c1891475edb1b4eb4d83f73d753fe7633b62,944.2405976792857,118817.983770022,337229.54378788744
250000,250000,0,terminal-decision-front,619a8f18df13232e537864ab7dacd11447ec0f90c4defe50f83336cd4140f8e5,1091.8534430865243,116105.92075752735,319672.60620811407
250000,250000,0,terminal-decision-front,3d6e725a5d09b4d1a90ffae6ddd5cf1e556ab9fbfd3ec42c90734cee0b500c52,1048.3650057746954,116860.12353220164,329037.72623974737
250000,250000,0,terminal-decision-front,a14627770a9cf23d077867acc2aa409dd71ca85b36413b63090cbbc8109be4b8,1226.025324815743,113318.69782267878,319408.7020379913
250000,250000,0,terminal-decision-front,39b7fbb75e0356f57a32bd764f18e8af43d5ca4852bd09b9f837f75b43f0fd50,929.2515854525852,119688.50149364534,328522.69694261975
250000,250000,0,terminal-decision-front,c1e1261495679fd6e7dbb8076d5215f0f6ea3e0fef7c6626dc3d78e9fa3696e0,1211.2725740111441,113503.80232841542,322621.8998856747
250000,250000,0,terminal-decision-front,d6fa9f6522b1f8b52f04845bc2629ecc823416a754ca187123a2f5655f33fad7,915.4638087325849,121133.0700849016,310293.0593207602
250000,250000,0,terminal-decision-front,e88d1feb245d4f305092724be64c176c353a358628080b6d7ce97fb72d879f09,1183.9767199955277,113987.36911224885,317137.0766898115
250000,250000,0,terminal-decision-front,4ea6f0fb59cb6630d18d154cf8224ab9a5e30e7fceeedc2bc78d5a4c0b442d5d,1207.4058470933323,113668.07693900238,319451.00229119876
250000,250000,0,terminal-decision-front,70b66ab7ba97f55bac744382f9e2bf9481f6cff748e302fc5f0bfa3a4f491357,1011.8044307871896,119395.86151429062,311201.6231765754
250000,250000,0,terminal-decision-front,3ee8e57812921442c21e39aa325a1a1335b532ffb2f029e22b2b0a917e3e2ea9,897.2874797652204,121112.0170437356,315090.1293382457
250000,250000,0,terminal-decision-front,3f56e866692f505ea802f77dbe5957e2597b2d9b47ae45f340eaeb90abe62945,1219.5359618364262,113735.06302508741,316528.25009841577
250000,250000,0,terminal-decision-front,e55d82797e8147219d7ef04e10591e8da08993d6d6accc6f096e0079c5e95a5e,1189.4876816327533,114006.81494294773,317101.31774317496
250000,250000,0,terminal-decision-front,a25fa5d82245dfdbc8f2987b5b8fd9bd73218180bf3c9be0f00a488c5b5ec55b,1210.4787509493,113600.93162423972,318992.2870131118
250000,250000,0,terminal-decision-front,8ca27f3e7291665eecdae1ad862ba029409953097630f9648b68e4ef9140c63d,1160.3176110090217,114954.89921457716,317844.1200997124
250000,250000,0,terminal-decision-front,dc88dd779acf28dd0366df1c4d6bbaaaf1585a452805d149c596562e88fb19be,1198.9665601480071,113634.08478312282,319670.00044628384
250000,250000,0,terminal-decision-front,da8ce396c22cf1133384a759928f9c9e540ebf22f8427fa990055daae8ccb3d5,1214.240492835805,113530.47307585584,321395.26998703356
250000,250000,0,terminal-decision-front,5c683ab77e5962b2a35f3a1093df891de93ce706d39c4b10e2b5f336d541e335,1226.025324815743,113301.8938643983,319946.8885120258
250000,250000,0,terminal-decision-front,cc9ce1a85c8b4125523551a3f78cbf4e01916e09fc862851fa20618b3114b341,1211.9888570636228,113401.47594936675,321580.0382831627
250000,250000,0,terminal-decision-front,881fcf95d5a8096776facfc6998905f40b5fdcb23708a0e05baf80ba0d212d7e,1204.0506263974182,113582.94316244661,319981.01861035964
250000,250000,0,terminal-decision-front,1d2a8eebf6fce85747efa601088eb13b6f24af9a93b4e831734b93560b798f8b,1174.410185976909,114880.31444136135,315183.03920562717
250000,250000,0,terminal-decision-front,43f2711b80c79938cf704118d51fb29b05f9cc2ef658494f3c705121ee088576,1211.1835970470238,114123.93201606371,314211.4678293014
250000,250000,0,terminal-decision-front,5401a813a912ef68073d9aa37de5e7d24ed4946a38552c0a103272b6e65213f5,1232.2473043091177,113477.28032193502,315340.95305867976
250000,250000,0,terminal-decision-front,022e8e72d62950a76bdbccd5231266327c9b2979a21052aea2d6f8560d2e06d3,1196.3956464875944,113698.15297428527,321694.11152597034
250000,250000,0,terminal-decision-front,dd7360e1db23070866133c2562f968a42110ff7528e3a7a7fd61f104cb6dc4b9,1182.822988271932,114661.8773592383,315977.8039275376
250000,250000,0,terminal-decision-front,4420a9ce97c786f41e55dde7b14e882835bb49bc3b748e322a298b9de13ae308,1226.025324815743,113375.57159311409,318809.91148495395
250000,250000,0,terminal-decision-front,95da18264bfdf0afcc774827df7aa65430d2222b9abc59f4cc6ff90f69ee92c4,812.7908723322616,126073.87014539486,336846.6453379166
250000,250000,0,terminal-decision-front,1ecff02f3f35c893f82ebeb9217bd25178a01ff36dd193d4006e24e68bbc398e,1221.946048107219,113274.6293623581,321100.9475699189
250000,250000,0,terminal-decision-front,4e5f5799bcd55ab80fbbf0f5d9bd9efba98b629fe112e14579115cfb6ad4aa91,1163.226722768388,114020.3894069005,322935.79980040685
250000,250000,0,terminal-decision-front,2778dd61dabcaa379c16a87ba8bb6e0792b7385dd99f149850933a299c92816f,945.9241335815524,120380.15044570933,307600.3763221628
250000,250000,0,terminal-decision-front,9a7e4ee17f8df0449a8acce51cced79bdc5b34794e45f44d7a049b0829709c67,945.9241335815524,120557.82551482643,307389.7643413347
250000,250000,0,terminal-decision-front,065ddf87649c6e3da11ac2ea7d64da4a6ea58c736126c651c11d2e15754954fe,945.9241335815524,120469.00144332652,307395.35069307516
250000,250000,0,terminal-decision-front,3fc3b71f38ef0a4bd38f2612c5b96ef948bcb8dc74d0027330c809829f2f28a3,929.6883209697257,120740.90256669011,308454.7204141802
250000,250000,0,terminal-decision-front,956e31251aff7488ecc998f5770f58a65edc6a2017b165a70e6cda456e52a3d4,1163.764161037133,114372.39534470168,316149.02692100196
250000,250000,0,terminal-decision-front,5098975f3c835d583ef75859a4ed306d0ed64bcce2a09e09305d3de0760ec2f9,920.0186273532754,120759.48124942447,310818.64340052893
250000,250000,0,terminal-decision-front,1c9e5e03505b38516e068ea3ae200580b8cff775ca547687f196be9947d17013,965.0172885826786,120285.32240010035,306975.8085586255
250000,250000,0,terminal-decision-front,9d7335555eb80758ec6ccedfdb55de4a409234456abc878934735946bf8eb003,945.9241335815524,120347.79651626053,307939.36601852777
250000,250000,0,terminal-decision-front,1586d71ea6c555e0183802269a88757134b515e9eb35fc07c2c285aff1193fba,920.6840881535684,120572.36359265729,310001.4388605708
250000,250000,0,terminal-decision-front,9fddca7a89c6446a1037ec417fb944a5aed639dd35df6e4d5931c84502c7d86d,945.9241335815524,120858.81716478345,307301.37472328806
250000,250000,0,terminal-decision-front,06cb6c66a8ac42319c976adfd8f2df78a69dbb1b1f4a8ee5e03c811f2a7868ef,943.9200684659373,120500.51370661339,307634.125465422
250000,250000,0,terminal-decision-front,21187071ae4e905bf7afec4cf134daa675b6617e586a4d5c4c9f2dfe4eaed33b,1107.6470473399545,117676.98857397394,317773.7804845464
250000,250000,0,terminal-decision-front,9020324564dee200de819a66d6900a3ca07270d5d404bce97547e38baed7e5f7,1085.978902400941,115721.60871955189,325719.7736302498
250000,250000,0,terminal-decision-front,8a8c27b74b65f1b66526545eb4bfdba2192b1a61091ca60b50a2e8cad120dc03,1238.8273169257175,113212.88731365692,319975.2123496776
250000,250000,0,terminal-decision-front,e8de63144cda50a7a468d47636c68aa2ec5c7da70be85effda3d028766129c24,954.6202605593934,119251.2551629919,329004.1357771106
250000,250000,0,terminal-decision-front,9199fe1d02eaa3922f124353292ddbd34a455c8b43181b7ac6e9b272556ddad9,1220.771086177402,113318.87661526538,321166.514637009
250000,250000,0,terminal-decision-front,ff1fed3999bfd25b057c3e179314d8a8b10b642faf613043ef378d9f4ab406b8,1198.2640725545564,113722.5156469437,320119.3449445862
250000,250000,0,terminal-decision-front,71a363de6f05bdfd693898cbe4f7b03528ff8e6b4783d838d9164244a5559d63,899.63951933862,120911.1901724762,317630.6626344493
250000,250000,0,terminal-decision-front,61bad9e4ad392d93a526e3fd9331ccf7ba53f83c01a221effd84fb39cb125d4a,1191.2306596063313,113722.64559282834,321215.70143073663
250000,250000,0,terminal-decision-front,9c8ca81fed9368dd2f66948613b0855fbe50a4cb2c823b5ccbade8f440157c9a,1017.1202273661399,116998.59843068392,337366.8782805158
250000,250000,0,terminal-decision-front,98e82a0f9741924281c909fd5a380ef4141c354d933973baeeed2c30d9e63c45,1122.2717792745539,115356.73332334965,324902.5308240001
250000,250000,0,terminal-decision-front,8676f69886d8d2bcefafb15464cadafee0abc9468347a8e8b6f5c4f8623178f7,1221.946048107219,113331.33883402939,320073.3712822244
250000,250000,0,terminal-decision-front,dd0ee05a3286caf28704ad83cf89d77501539a937655c544f684cf397f8f9826,1128.8238378081935,114813.24466467883,321506.8420760804
250000,250000,0,terminal-decision-front,c71e1f2e07c89460856ac8fe861f4694f36c5c206301a2406f4163c9f29fc3b1,945.9241335815524,120950.28631715581,307194.78321905923
250000,250000,0,terminal-decision-front,ec968c06481ad6088eaa98b31f659d4f2633905f1344e1ffa6fc31aeb5fae184,930.4482898153246,120484.00530901001,309058.1271096311
250000,250000,0,terminal-decision-front,916908099444276706483e27f60cb4b5f7b63c96f8799e9ca40d39183088d19b,1222.6209008674432,113528.61715330766,319371.9783828327
250000,250000,0,terminal-decision-front,77877f26898415a37c2e65caa94bec186590719e6b51efe5869f6af6b6b11fc5,1056.258848081204,117069.74180365045,328696.20042314706
250000,250000,0,terminal-decision-front,892a8e5b573287c494ff06734fb86107b1d1e1bed5842aa291f1be7cd19fefba,1229.9052311652913,113159.04859262292,324612.07704104506
250000,250000,0,terminal-decision-front,143402c9928475082a30f0d6bf1b1d645473ff06f4c0da94cbb12871973b60a8,1262.6281493395481,113156.66442230594,325476.01319552126
250000,250000,0,terminal-decision-front,2329d48cb95ca8a032c6f680ad93e8c2c8dfdcb8d4e5851169f5831c15f3d39e,766.0549540085175,127483.53095135323,343078.8349497072
250000,250000,0,terminal-decision-front,b696861bd271e51c34d913d29758583b6cf5e271724ccef3c139218da883b3f6,1120.7740755134269,114804.70612076124,331203.89117391757
250000,250000,0,terminal-decision-front,3e289d91288caef6cc048dfb76fd00ab9f3a48774b1c4228be858809245b6f52,1206.2823820635938,113501.054226748,322703.49028891354
250000,250000,0,terminal-decision-front,96b9935f59ee94ac591074b43447051bd1e9a62976286d73e1bcde1203883dcc,1240.3593488091738,113176.58439337253,322536.109580272
250000,250000,0,terminal-decision-front,2c8de289b308fab5396d8ddfbd6336350f0f3076b705ada6e79ac4940c568a92,943.9200684659373,120678.67005662706,307427.2277865157
250000,250000,0,terminal-decision-front,56bc0bf30e41627b7e438212ab1a27d04eb4fa5950922e04e4848d366ac2f7d7,1231.9850494000311,113179.808956036,320228.89322775876
250000,250000,0,terminal-decision-front,7515000d097bd886cea26c10ac9e25838874f49ead0e7e24aa394d4745c092ee,1129.620713803095,114711.63297142209,324238.04055286176
250000,250000,0,terminal-decision-front,b7695c8046c0a2e9eff789bb56e8d21794bb6836a210d40eb017267d41e3ea98,1222.091345467735,113732.70774495989,318006.53564195364
250000,250000,0,terminal-decision-front,d0947dd8075340ebe39ca5fa42bb4d4d8384ebc216f8d432404848f76f125060,1173.5597376334847,113759.77464317856,320872.3147152319
250000,250000,0,terminal-decision-front,c98e5e9be7639037bd9967787b23ba59f07fe2e985896e0426c849fa764c0b2d,869.9978019975047,121822.68142262648,324651.7848242078
250000,250000,0,terminal-decision-front,3c884433803f721459838c89a77ce39113c1ce8f8e612bb25dd29a100eb6e527,871.913317703062,122039.4449464167,319897.41152997676
250000,250000,0,terminal-decision-front,baef3f3c6789e8e7183c3e7c16a0af02c0ad745af2a0a755b5e135efd631aba3,955.0383931002025,120327.92606653998,307545.0236212399
250000,250000,0,terminal-decision-front,e2a52c0d4fd19c3215be6f92bd4ec48602c049455c7c5d340eca2716decf08b0,903.7325167074858,120635.0842374385,320745.4462835252
250000,250000,0,terminal-decision-front,9a1523ba2f2aaf57acb5f75252167b2a75578bbb82e99d5b27a96333a3b8f429,1168.8211084770971,114032.39336020753,322558.82353677496
250000,250000,0,terminal-decision-front,cb77d8fadb35d81d63b567589dfe374da4483a112771409fc70fed7ba7ca832a,931.6096929495726,120124.7328780365,307985.03626451193
250000,250000,0,terminal-decision-front,7d38a934e2f01c7ae06f8ceeb61bcff24bb6386653bf5213d4c7e0d0165af1ae,1061.3787090646128,118396.7463518584,321181.8972388817
250000,250000,0,terminal-decision-front,214fd0a8817b1baba94b266460ea5d061a902a89a5e1e1843c9842a11df4c757,908.0387992342173,120593.69484040377,318287.8809196149
250000,250000,0,terminal-decision-front,121baeb013857596640714a756916a1035d64156c1756573d5409c275b7d8ea7,1223.2591517326337,113428.63833307233,319771.2931180247
250000,250000,0,terminal-decision-front,41ac36f9a85b7aa42df70f9ebafe8b3bab05a4695fa15fdd2018d17602d7518d,1211.1100437587518,113359.25088158852,324662.15945874824
250000,250000,0,terminal-decision-front,415eff87a3e7734223a1f20f52b2a89e8f6fdc5323282201881d4f0c8a82519c,962.0837732676964,120010.01089051818,308610.5178557147
250000,250000,0,terminal-decision-front,72da2a3b36cb5ae78f28e20662347c9c4d7e0c3a0a1607641093505f45cd5369,997.3443908525678,119176.24837659227,321337.3302027361
250000,250000,0,terminal-decision-front,5157ac344ce32ffbd5dc3326d51bf771fd541d05a22b83d7c37d308fe6485d6c,1217.352059592826,113365.98180434515,320850.074119729
250000,250000,0,terminal-decision-front,957936c8b2d430f80d6a8d9695a60007e126d504e8de990c98780e6569420dc3,1264.5588233827286,113129.50817674771,325800.50377679773
250000,250000,0,terminal-decision-front,06fbff20828784b8fb5d8e19e5f7dfbec804268a870435b20d3bcc2f01e0039f,1222.8914544735405,113488.51689486447,319027.20391249156
250000,250000,0,terminal-decision-front,5594e0c941c75f4dc8bc302d520b6de0cc0fef3fd6c06f814589508c2eb3b1c9,1197.1120397430666,113510.59288733942,324863.60099787085
250000,250000,0,terminal-decision-front,e054b55d84f1cefec4ce4ad9a9013cde0824cbdfe7a4f96a93fadfe4bd2973c9,880.2520124807384,121340.06288655408,315521.5070295024
250000,250000,0,terminal-decision-front,6c9fb8426febca09980c2fd1182978c2f1d731e536b3d0b9b2f66c81b595fc3a,921.7696370433458,120388.52958055297,310506.0320582316
250000,250000,0,terminal-decision-front,ad1e1b2f1a10d5198911385648203a32c7ab848a9e8c4fccb67c2f20c0908c89,909.8692666621512,120319.1572119057,312241.81674607954
250000,250000,0,terminal-decision-front,5535687e8181402cc4fa5727bd21a49ada73a468c8b1ed121655c0794513a887,920.4927725533852,120868.02155441878,310333.96291613043
250000,250000,0,terminal-decision-front,889354b5e5634aa43ade87fa42e40c40b1f1707e45491fa54b0d6b741b5a269b,1187.510749580823,113666.897997332,326486.55720260623
250000,250000,0,terminal-decision-front,7a13a5787bde213759681146503c8f98bda665f8827bb4e741d09e0e8449ef48,924.0318032032798,120272.97753758232,310692.083641708
250000,250000,0,terminal-decision-front,ca831962e48a3e4ebe1ad48cf7e4a875bc20e5bf971eef2661a98969cac6955b,1173.5655827404223,113692.29427502252,322873.2065190376
250000,250000,0,terminal-decision-front,c7a03efd3e5d6a27acb307099364d53ad644bc50d7c81ffb47e5d2d9b478c0a2,921.7696370433458,120102.44341078655,310855.3824908745
250000,250000,0,terminal-decision-front,b4f275c68ebeb585599c54bddd3bcea255bbfcc0bfba78cdc08a5a066eb896b1,921.7696370433458,120317.7102743898,310851.0439476578
250000,250000,0,terminal-decision-front,a7b89d62d8bb2321eb964c22d2ca54c4ee693825f8133e52a8285a0190da2acb,924.0318032032798,120142.51686533447,310733.42492891446
250000,250000,0,terminal-decision-front,66c07831c83dbfca5dc1631228c3116072762f9062296990b8d388450cd7f303,932.6869787082114,119950.99533059614,311809.1348367261
250000,250000,0,terminal-decision-front,b475104fb6daf54a78973687b324d34619a9e4cd4c97607a216d582627c5b076,917.510163306136,120311.88773896119,311772.9523195543
250000,250000,0,terminal-decision-front,48e081525fe429f1ebb98ff7b58603e9dc722db05417eba983e7bf04b482773e,946.7951171768455,119963.82729944985,308852.3875675569
250000,250000,0,terminal-decision-front,9bfb861a11bb49140aa97ffceb48436cbfa12c758c30e22603eb092232f5e270,917.510163306136,120297.14990607063,312362.18536249397
250000,250000,0,terminal-decision-front,a13d7d33bd52ff4f89a862df4b5e993ae4a2efd9bee8ee050c801f25bc4429eb,926.1552158707137,120012.83742959937,311037.76295547024
250000,250000,0,terminal-decision-front,d673d815213dc30d10f61d24e710d6ddbe4c89736168eadc1e77983c7557b3e3,1215.7570620003946,113574.04475446817,319642.21486967016
250000,250000,0,terminal-decision-front,db910e96840135e2837826e0ade8675996e530f899bcc67c6602fcc73cd4a394,921.7696370433458,119959.42076334708,312038.3294984142
250000,250000,0,terminal-decision-front,6987ce91656b62db2d216295f09d981293ded04bd06cfb49870f2f38d1223f6e,973.6904416338625,120245.89950659993,306874.10407692706
250000,250000,0,terminal-decision-front,5fe3972b6403690d6488c33fc7037960561ed3fdec57943a6369229abdb46a37,952.2476056131829,118497.46180855937,341624.2193951463
250000,250000,0,terminal-decision-front,097fdd0db2cc62c4cc92211a6aa964e96878f4f7bfd66838edb9c723f092c572,939.1385575005431,119832.62641545213,309471.6184253859
250000,250000,0,terminal-decision-front,6675ded812f13a29092a555a3992662f531185bc556d255f368470184d7f19d0,1072.6763733556643,116381.17148172462,325076.02972668776
250000,250000,0,terminal-decision-front,2e1439839768118315b0c7ee75cf637ec2e7d7c6c60db459203564a4fe4db508,1223.9721463156907,113197.81815639517,321745.4700423761
250000,250000,0,terminal-decision-front,eeb32c6649837b18702aa8c9dadf5bd92e752cb5bd31aa0626a066f46767a77c,1198.0514583169524,113847.11670160282,314673.57563777524
250000,250000,0,terminal-observed-full-front,11eacea27348113c36e6aae830e0672fd90c73b49e9327971b2c2b39d02eb368,846.1423714231302,122988.00494740737,328802.3233755737
250000,250000,0,terminal-observed-full-front,d55ef7dce058895b656ae1445c5bba8d0744b3b9042c5633199b233592df8f0a,820.2860115999781,124319.83630842454,326151.96963183495
250000,250000,0,terminal-observed-full-front,37dced303887489ef809c4e8b035121d5f56003301e90e1dc547ee48ec2da3da,845.1130126989311,123344.06870452702,327456.0169817861
250000,250000,0,terminal-observed-full-front,b170574ab45cca63b9ef3cbc98a92f807e6354e604002856121c3193605beda3,845.9426294842576,123946.3301249405,327250.7656645685
250000,250000,0,terminal-observed-full-front,18ea2c7faf38bfb67b49df50b226f95439937433b98fd0ac408c0022b192351d,847.2230472919304,124400.11518523272,322116.04603736603
250000,250000,0,terminal-observed-full-front,bebecb4e15e12a1c4f80f0ac5f10b63473eacdbd12012b908a4b57ebb0ad1868,787.8465409696857,126495.69733792046,336312.6651499928
250000,250000,0,terminal-observed-full-front,8ace04cb964649d9e025096528657dfc0060ca20ad47adb7d204f04e35c5ecb8,779.3137016226548,127415.48498103442,334224.5242937109
250000,250000,0,terminal-observed-full-front,f00977e9e155c15b42c465e7b72a262701aa92baf3cd588da9b7cab76323d577,777.4567355223354,127167.6232276282,335108.1512626149
250000,250000,0,terminal-observed-full-front,c5a4763f6b63289c250ce29b3b574f4e2a5d452e70d902c22a50528d2e0afa33,777.4567355223354,127167.6232276282,335108.1512626149
250000,250000,0,terminal-observed-full-front,4aec289f28b53618388602ead6da6849cb43a28df02f0d5b947d1407c0039d13,777.0444661171856,127334.1739710173,334802.5491624311
250000,250000,0,terminal-observed-full-front,8f14832dba9c70bdc08717bb683ab7cac72db99e0543c1c415a95e9064971d63,780.9293610914443,127352.68979322985,334486.5428267787
250000,250000,0,terminal-observed-full-front,b1cad244656b932c9bde32e7324977fae6e1ea77668d2a73ca0593829f18d7d4,777.0444661171856,127334.1739710173,334802.5491624311
250000,250000,0,terminal-observed-full-front,bd6845f3e8a00c1b076ca9efb3b7cb72379c2213fb133202006ca6c5c8422393,775.9948739382446,127873.19754685674,335425.3299178063
250000,250000,0,terminal-observed-full-front,079498a53fbfb13024a96a88fd8585d964857b201f7fad3081f2764065a61106,777.0033898179051,127853.9792962757,333889.0469627272
250000,250000,0,terminal-observed-full-front,079498a53fbfb13024a96a88fd8585d964857b201f7fad3081f2764065a61106,777.0033898179051,127853.9792962757,333889.0469627272
250000,250000,0,terminal-observed-full-front,079498a53fbfb13024a96a88fd8585d964857b201f7fad3081f2764065a61106,777.0033898179051,127853.9792962757,333889.0469627272
250000,250000,0,terminal-observed-full-front,079498a53fbfb13024a96a88fd8585d964857b201f7fad3081f2764065a61106,777.0033898179051,127853.9792962757,333889.0469627272
250000,250000,0,terminal-observed-full-front,079498a53fbfb13024a96a88fd8585d964857b201f7fad3081f2764065a61106,777.0033898179051,127853.9792962757,333889.0469627272
250000,250000,0,terminal-observed-full-front,079498a53fbfb13024a96a88fd8585d964857b201f7fad3081f2764065a61106,777.0033898179051,127853.9792962757,333889.0469627272
250000,250000,0,terminal-observed-full-front,079498a53fbfb13024a96a88fd8585d964857b201f7fad3081f2764065a61106,777.0033898179051,127853.9792962757,333889.0469627272
250000,250000,0,terminal-observed-full-front,493047817e1112dda5660aa7fe29ef82dbf6d68824f278c8b74a4b89f6d99128,779.2021003952317,126990.62924723214,336234.7802548778
250000,250000,0,terminal-observed-full-front,35d8757af13ff1779bf994902810c044b1325c6e059ecd1019fe8b672900dd6c,776.5423502226853,126510.2449078002,336406.0104671235
250000,250000,0,terminal-observed-full-front,0d537ac04e97bd9b8823701b4212f87cd2e8e7972f75027a0cd901c61e5362d1,785.7829727721047,126597.06759582684,335122.30815174186
250000,250000,0,terminal-observed-full-front,e22b418fcb5a1afd297b770752a68165711ba8db1fa44212430671cf4a830138,781.3381779444613,126848.2651766353,335505.7962002383
250000,250000,0,terminal-observed-full-front,fe2cea9afc6162f6aabf0e31dbf856e53bb308aee03786abf659c995e90a4ab9,770.0258028844087,127238.48735599342,335518.8277366394
250000,250000,0,terminal-observed-full-front,321e1d8f13da4920c8dce586c0bebf8c65ff78352ea80faa7878e57c983b3523,770.0258028844087,127238.48735599342,335518.8277366394
250000,250000,0,terminal-observed-full-front,d0c7c942f3c4760694d775de302b486eb0e20a689a530bb8b341a4390ccb68b6,824.3748435552521,123823.22352173753,334002.43006057054
250000,250000,0,terminal-observed-full-front,4c8ca4f0423da52a27999dfdf813581072ff9543afef39560a85bdd776be3c37,840.6509675939012,122366.67920845843,332072.22687555454
250000,250000,0,terminal-observed-full-front,010052dd3b42bdd7fb547a3819e250d57c9f6bec70b8577c5808ac46e4294c70,840.0140138624771,123055.79920157437,333812.25671611377
250000,250000,0,terminal-observed-full-front,405ee03a66b43ed685f22f41754228a19c0c78ad48bb00909703dca530e00f9e,856.3800718233576,122168.78371278816,329448.71772173705
250000,250000,0,terminal-observed-full-front,84f9c92292ccf8fd983723af7d06ddde9a18380482c24e6e6d5a023f1865cf8d,828.1552479665279,123302.96772659893,333293.1237744675
250000,250000,0,terminal-observed-full-front,680919af5713d0872a1fb8239c4af49107480b713f23807726e035060a552258,823.6511657286703,124031.77746683569,333993.81631638337
250000,250000,0,terminal-observed-full-front,d7ff5e9cf98100a2541441d173a651b3756ac24895cb06918570decec346e07d,769.1588166187895,127036.76502490704,343887.0631006956
250000,250000,0,terminal-observed-full-front,14f51735125ff113a1d0d8dbddac7fd242113d48bdeddd13c053a68d5988a5ce,769.1588166187895,127043.53391446578,343829.56214128976
250000,250000,0,terminal-observed-full-front,d60c340c0e2bedd8c24153439ab7afa15502dc4ed7d770ec680574fdcb4d0912,769.1588166187895,127036.76502490704,343887.0631006956
250000,250000,0,terminal-observed-full-front,14f51735125ff113a1d0d8dbddac7fd242113d48bdeddd13c053a68d5988a5ce,769.1588166187895,127043.53391446578,343829.56214128976
250000,250000,0,terminal-observed-full-front,14f51735125ff113a1d0d8dbddac7fd242113d48bdeddd13c053a68d5988a5ce,769.1588166187895,127043.53391446578,343829.56214128976
250000,250000,0,terminal-observed-full-front,14f51735125ff113a1d0d8dbddac7fd242113d48bdeddd13c053a68d5988a5ce,769.1588166187895,127043.53391446578,343829.56214128976
250000,250000,0,terminal-observed-full-front,14f51735125ff113a1d0d8dbddac7fd242113d48bdeddd13c053a68d5988a5ce,769.1588166187895,127043.53391446578,343829.56214128976
250000,250000,0,terminal-observed-full-front,14f51735125ff113a1d0d8dbddac7fd242113d48bdeddd13c053a68d5988a5ce,769.1588166187895,127043.53391446578,343829.56214128976
250000,250000,0,terminal-observed-full-front,14f51735125ff113a1d0d8dbddac7fd242113d48bdeddd13c053a68d5988a5ce,769.1588166187895,127043.53391446578,343829.56214128976
250000,250000,0,terminal-observed-full-front,14f51735125ff113a1d0d8dbddac7fd242113d48bdeddd13c053a68d5988a5ce,769.1588166187895,127043.53391446578,343829.56214128976
250000,250000,0,terminal-observed-full-front,c203c125fe55229b7abe7a5202d9c9403b95dd81adc4b87a99cf6f8e77fe46c5,769.1588166187895,127036.76502490704,343887.0631006956
250000,250000,0,terminal-observed-full-front,14f51735125ff113a1d0d8dbddac7fd242113d48bdeddd13c053a68d5988a5ce,769.1588166187895,127043.53391446578,343829.56214128976
250000,250000,0,terminal-observed-full-front,8277d1a9315770dd752765488b8690511951473d79f5604ee642761968de8fc6,821.676004434286,124098.08573132262,329923.325390531
250000,250000,0,terminal-observed-full-front,be297cda41f4465a993b8b5b4d808205855b9a622e921a84686e91e022a1f59f,814.701623847504,124118.64353655322,331212.4186159358
250000,250000,0,terminal-observed-full-front,66b19917995afd0ed05a9c8999a443a40e484731bf5695cacc79a6cbc949962a,856.5757595173757,122396.79208696814,323857.67518564966
250000,250000,0,terminal-observed-full-front,0b9186cf3825fda532b52cde68ec690968381812c25f96a2d463d6159e0a53dc,824.4515275308349,124195.33607809606,329574.84141198406
250000,250000,0,terminal-observed-full-front,13321001cccda3037526709c257001c169ebccaa0bc7d129a46634e1fd47fc78,846.2425180574845,122929.76969536925,323787.41739696334
250000,250000,0,terminal-observed-full-front,89e761360d7d30e09384f02dba131349dc7ca87602aeea2e257ebfed1497e1f0,780.2889333147518,126903.81981035726,335937.20807110274
250000,250000,0,terminal-observed-full-front,463e2fe7539bbfe836ac3671730b9c71d8c18a2f1ee5877876750bcdc82fb269,848.1014226384868,122625.53048413855,329328.71104128467
250000,250000,0,terminal-observed-full-front,23ebdd41bd65cdf1949e07ecf504be67bef9d32fc83d1533ac80e918abf8f73d,1008.2546496571208,119018.1929466835,319526.00911122595
250000,250000,0,terminal-observed-full-front,5a57a5b9e2c05a889f138dfa793a17898496d568ed736ada5f4741e92c40e6c5,1038.8209019762153,118473.26673772698,320189.7088255618
250000,250000,0,terminal-observed-full-front,ff51da1906e6c77e81026d3b01c8754fc345af045124338345c6375b35eef45b,1076.6920661461943,118064.29636007678,319603.7971356277
250000,250000,0,terminal-observed-full-front,04f9f44d88d7b51ded09cfefab56ecfbeb15a47adfa7c68b9a62c1309947e0f8,1087.3830978318558,118258.59345291823,319548.6556273775
250000,250000,0,terminal-observed-full-front,e457b5bf9da9c001c9a37d1dd5b387addada760b0fcb254196c31ad7a0ed51e7,1031.8010969109862,119008.78870491334,315766.75774146116
250000,250000,0,terminal-observed-full-front,11dd9610bca5051d055b4161e491517ba357ec7362542e59e507f0afad98cb4d,997.602591951109,119092.50136245706,317426.65949937125
250000,250000,0,terminal-observed-full-front,4cfb2bdc1d712e96dfd35491aeb9bc48701526f4cb54fdc53b85b2119d8007dc,1144.5369829947808,114775.32894616068,318780.1685868167
250000,250000,0,terminal-observed-full-front,f5710874edf15f975d92223bfc30ff78d7b259548f587c59f8a2e693a05e502a,1086.4120148648403,116714.526956123,320662.9134755591
250000,250000,0,terminal-observed-full-front,e705efeb0ce6587f9d898164e852068f6c80d3fa16237036b0b91e2e489ac588,1118.2513641965095,115968.90485612313,319002.52400098694
250000,250000,0,terminal-observed-full-front,74c90f02ceae2e26d9c1f7e3e470d959fd324f3932ffbca821f2c2daf945e9ab,943.0100993467497,119350.64060923102,329730.12655340286
250000,250000,0,terminal-observed-full-front,489d8c7f530b5b37c25d0467986e9575471f4649061844c20e6e471d51a0d8e1,1008.3901558550165,119016.34913745517,318874.2442991899
250000,250000,0,terminal-observed-full-front,fa292ae14c6f52604fd4d1bc556558df33a641dffa3d769f4c1f8252c54ca138,1010.8380562896757,118943.41798248529,318808.5737047569
250000,250000,0,terminal-observed-full-front,9d6b84340072b0f238ef947e2da5b8c61287d645358d67e1eb97d6dcb83508ad,907.7071538555705,120473.70400461592,322542.2310634271
250000,250000,0,terminal-observed-full-front,9dbdf1c0a644cf1b72c34c016a6a3b483611d983289c3ae6dc1ccd6eeef6a637,906.9345966319876,120714.80720880575,315786.40952888376
250000,250000,0,terminal-observed-full-front,ae34621e516794ce1a8d5eee91e14329cd8cda2ac9640b76c459c134b4f71f53,879.9346847817635,121710.14705490392,317746.7359925475
250000,250000,0,terminal-observed-full-front,8e0e43494f3af7b033c4e5712dfbfbf4c918bdbcef60983375057136099448c9,912.1493191003942,120296.6912058476,322456.87999034853
250000,250000,0,terminal-observed-full-front,da314343351b72c1d7d5605273f66dbb2076d10184582fc6d0c1b1e911f959ec,907.7071538555705,120473.70400461592,322542.2310634271
250000,250000,0,terminal-observed-full-front,71d08c87652fc61d84bad9f617fa3697cb7ec921e6a785035397c444a97de5bf,782.4272334750228,126818.96748967125,336070.2683155447
250000,250000,0,terminal-observed-full-front,ac981efeb3395430c6bbf59aa4cf577c90cf513679f2028706f9f25e62a9338f,1180.74732030316,113959.2400002983,319207.05813309766
250000,250000,0,terminal-observed-full-front,34fa51e2eb3a9f8d99a229d4cc39fd18546113177e8e6ac79187bb480c2f4d00,917.2687936280344,120317.59259279963,314142.04066639696
250000,250000,0,terminal-observed-full-front,6f897470971f028b03904ac34e3fe2feffcdee22b7bb3e8263b8ce3456cdf9dc,1122.8706709734163,114807.59001970978,321518.6450225401
250000,250000,0,terminal-observed-full-front,e71d7682f03ea9c2d62ba99c089265db6d26ad709197d434cbf24c09e722d8a6,1120.2741265160626,115468.00663631239,324558.4250807505
250000,250000,0,terminal-observed-full-front,928f158d351fe70a7342b3408a403644f944ca2173dc597759860912d07a6e52,1159.9616938776098,114247.23253954078,317849.63238741277
250000,250000,0,terminal-observed-full-front,446e7af0b5e8d957fe833217320fe9182465470470104f21bb82e505848547e1,906.9345966319876,120788.89278620158,314908.84125860303
250000,250000,0,terminal-observed-full-front,9d6b84340072b0f238ef947e2da5b8c61287d645358d67e1eb97d6dcb83508ad,907.7071538555705,120473.70400461592,322542.2310634271
250000,250000,0,terminal-observed-full-front,a716746858d193dacfb45f538f68729475e56c73cf8cc0a08ea006fb550d8bc6,1199.474025523988,114873.83247996488,313312.2285722897
250000,250000,0,terminal-observed-full-front,cabbc0885f1901a1ed44525a5ea915afebbd504280dc2b7d0e7554c50d59aae9,1178.5634956731958,114197.25648785103,317387.6205868931
250000,250000,0,terminal-observed-full-front,310a39d66fae346c26671b3062a38984c026baba335c855cd76391073f63b1b2,893.3160642604074,120984.07806592676,317378.8301387392
250000,250000,0,terminal-observed-full-front,325c18c7bd267e3865c73c5e1b999411e5dac4dfc139109706675aa46aa19d74,971.3399626091491,119820.64928123138,310032.88301053375
250000,250000,0,terminal-observed-full-front,325c18c7bd267e3865c73c5e1b999411e5dac4dfc139109706675aa46aa19d74,971.3399626091491,119820.64928123138,310032.88301053375
250000,250000,0,terminal-observed-full-front,1493e07558aabf722bc2c62c2b4eaad3559c1085e2eb8c86a7e69a28f7bee9cc,1102.2707684007028,115899.9049956841,324036.8079251955
250000,250000,0,terminal-observed-full-front,325c18c7bd267e3865c73c5e1b999411e5dac4dfc139109706675aa46aa19d74,971.3399626091491,119820.64928123138,310032.88301053375
250000,250000,0,terminal-observed-full-front,f7d645ac0668a989cb1c21a15466229052980da1f7000cea13e00647a1359e8b,772.8057976369547,126665.97996151763,337694.9718423567
250000,250000,0,terminal-observed-full-front,3ae94412d5682e438d4c643d44c637fd3b933c7a284258cee8f7c3f47eb4f30a,964.7309011120673,119583.87088101506,313804.1662165683
250000,250000,0,terminal-observed-full-front,3ae94412d5682e438d4c643d44c637fd3b933c7a284258cee8f7c3f47eb4f30a,964.7309011120673,119583.87088101506,313804.1662165683
250000,250000,0,terminal-observed-full-front,919fedb6a73e55f03b70932bd327a72839d1e2a2c3acf2358afd3f2d916264e5,890.9152212166672,121176.90367215106,316840.901069256
250000,250000,0,terminal-observed-full-front,09779319213b0e82fd73417609e7efccc0505ea9841d8b1296c1baafdb1d7424,1182.08403678989,115420.686588999,313916.0277145149
250000,250000,0,terminal-observed-full-front,9edb17231412036cf18c1ad4c295589e58aea3e8a8217cb77cfbf37ea4a0ef7a,1185.6644653367707,114116.58147405015,316546.4121789045
250000,250000,0,terminal-observed-full-front,e08e43a7eb22713627e5dfdd0183692ca853a902cfe9839d231e0a1f47c3a574,903.6095280723018,120950.2215808038,314228.7604171774
250000,250000,0,terminal-observed-full-front,da37422ede8989bcea22451648ce23537161c8a2f2b49c02dd0c9916e69a5064,897.8390071476296,120672.0275750832,319730.7950294731
250000,250000,0,terminal-observed-full-front,25bb954c2d435f0e28c62e1436c761a6043ff98e0b0ae352b9707aca694a6635,887.0183256790078,121012.04942991986,316843.88222248055
250000,250000,0,terminal-observed-full-front,2f3e20a240742731d181712358e08e0d5f4d76886760c4eeafef525a44fbc251,777.4675072785228,125624.30408277395,339892.47443534934
250000,250000,0,terminal-observed-full-front,126b1c2dfbe09724ded58ee5b93011049b9b88d3c59d635be8bcbe43fe4024ac,777.4675072785228,125624.30408277395,339892.47443534934
250000,250000,0,terminal-observed-full-front,aa310a16ca004b358c7c92b8d95a2b77362893f6ac206648297e8ef6aed2af00,777.4675072785228,125586.48522558218,340477.2732461392
250000,250000,0,terminal-observed-full-front,aa310a16ca004b358c7c92b8d95a2b77362893f6ac206648297e8ef6aed2af00,777.4675072785228,125586.48522558218,340477.2732461392
250000,250000,0,terminal-observed-full-front,2afda02431eb76f6865e272af2c80c0d25c69e15f83e3c7a1293fa96ebd81385,777.4675072785228,125624.30408277395,339892.47443534934
250000,250000,0,terminal-observed-full-front,126b1c2dfbe09724ded58ee5b93011049b9b88d3c59d635be8bcbe43fe4024ac,777.4675072785228,125624.30408277395,339892.47443534934
250000,250000,0,terminal-observed-full-front,aa310a16ca004b358c7c92b8d95a2b77362893f6ac206648297e8ef6aed2af00,777.4675072785228,125586.48522558218,340477.2732461392
250000,250000,0,terminal-observed-full-front,aa310a16ca004b358c7c92b8d95a2b77362893f6ac206648297e8ef6aed2af00,777.4675072785228,125586.48522558218,340477.2732461392
250000,250000,0,terminal-observed-full-front,126b1c2dfbe09724ded58ee5b93011049b9b88d3c59d635be8bcbe43fe4024ac,777.4675072785228,125624.30408277395,339892.47443534934
250000,250000,0,terminal-observed-full-front,126b1c2dfbe09724ded58ee5b93011049b9b88d3c59d635be8bcbe43fe4024ac,777.4675072785228,125624.30408277395,339892.47443534934
250000,250000,0,terminal-observed-full-front,aa310a16ca004b358c7c92b8d95a2b77362893f6ac206648297e8ef6aed2af00,777.4675072785228,125586.48522558218,340477.2732461392
250000,250000,0,terminal-observed-full-front,126b1c2dfbe09724ded58ee5b93011049b9b88d3c59d635be8bcbe43fe4024ac,777.4675072785228,125624.30408277395,339892.47443534934
250000,250000,0,terminal-observed-full-front,9ebe6be750af80fc247791a04f948aa05fe82b0aff863e74e259d078fc85ddca,1180.74732030316,113959.2400002983,319207.05813309766
250000,250000,0,terminal-observed-full-front,126b1c2dfbe09724ded58ee5b93011049b9b88d3c59d635be8bcbe43fe4024ac,777.4675072785228,125624.30408277395,339892.47443534934
250000,250000,0,terminal-observed-full-front,126b1c2dfbe09724ded58ee5b93011049b9b88d3c59d635be8bcbe43fe4024ac,777.4675072785228,125624.30408277395,339892.47443534934
250000,250000,0,terminal-observed-full-front,3143c6e394c571c7b385fd236b40405ae643548e0052cc947c2e0b72f4d6289e,777.4675072785228,125624.30408277395,339892.47443534934
250000,250000,0,terminal-observed-full-front,126b1c2dfbe09724ded58ee5b93011049b9b88d3c59d635be8bcbe43fe4024ac,777.4675072785228,125624.30408277395,339892.47443534934
250000,250000,0,terminal-observed-full-front,3143c6e394c571c7b385fd236b40405ae643548e0052cc947c2e0b72f4d6289e,777.4675072785228,125624.30408277395,339892.47443534934
250000,250000,0,terminal-observed-full-front,126b1c2dfbe09724ded58ee5b93011049b9b88d3c59d635be8bcbe43fe4024ac,777.4675072785228,125624.30408277395,339892.47443534934
250000,250000,0,terminal-observed-full-front,2fe19c557c28ebb246ae7a83f91810b34f9aca94198e5bc95519983de566b9c2,777.4675072785228,125624.30408277395,339892.47443534934
250000,250000,0,terminal-observed-full-front,b4a4c903f1558df7bd56297cf939e56f550e6d6483e91b3aea00615c9f72f722,893.6064185105477,120805.2571605049,318789.18365249503
250000,250000,0,terminal-observed-full-front,e6fc0942bea7a505377face9e96f81cfceb6d2412d369f0be88322ce25e33e5d,899.8123007373999,121254.29913781241,313171.7039592443
250000,250000,0,terminal-observed-full-front,bbc82578de6db5b40986f0ec3b4d80eb4b3effbb3431174436806a0b00ea33d5,931.6096929495726,120458.30769056684,307951.72350990813
250000,250000,0,terminal-observed-full-front,e6fc0942bea7a505377face9e96f81cfceb6d2412d369f0be88322ce25e33e5d,899.8123007373999,121254.29913781241,313171.7039592443
250000,250000,0,terminal-observed-full-front,8aa5766f944c2bd9f8bb59000f1a8857f3cfcb42a98e040eeca187c51d48e8b7,888.9546300490691,120930.67484188138,318057.86317319865
250000,250000,0,terminal-observed-full-front,bbc82578de6db5b40986f0ec3b4d80eb4b3effbb3431174436806a0b00ea33d5,931.6096929495726,120458.30769056684,307951.72350990813
250000,250000,0,terminal-observed-full-front,3143c6e394c571c7b385fd236b40405ae643548e0052cc947c2e0b72f4d6289e,777.4675072785228,125624.30408277395,339892.47443534934
250000,250000,0,terminal-observed-full-front,b6bb19f59ce9432ca83dd202c0ccbbcedab2ea56517e758a05b940c41bf580c0,931.6096929495726,120458.30769056684,307951.72350990813
250000,250000,0,terminal-observed-full-front,2ca070796c83bbb31252fb310dfd9166319a306035d22e8f8ff3daa0ce7fd4fb,777.4675072785228,125620.86897135554,340364.079003082
250000,250000,0,terminal-observed-full-front,808d37bfe7154c9f5c4bb1fccbc6f26db3bc04d689052813cd652e158cf0a652,887.0183256790078,121012.04942991986,316843.88222248055
250000,250000,0,terminal-observed-full-front,e193d6bae0fd89f793d224f53e88cef48a09c695d0c88abd591be0db8dea0f1a,931.6096929495726,120458.30769056684,307951.72350990813
250000,250000,0,terminal-observed-full-front,3a6bcbdb9a48ca0f3d47b3f7b1d641aefc102b44d1551c89633b6c1b20ec614a,930.4482898153246,120417.9550018755,309356.3601975774
250000,250000,0,terminal-observed-full-front,36179bfc9f07ce5b845800e4ed01583287defa0f36ef46ae211e4d655bd6f78d,789.0034714241169,125336.33143071529,339129.55115486745
250000,250000,0,terminal-observed-full-front,b2766d1bcbe38b02ad86d18fcad5bbc5b8565ed8bfe111907be58d4d6e63595c,777.4675072785228,125624.30408277395,339892.47443534934
250000,250000,0,terminal-observed-full-front,ac4b9993ec0deb65e995317ed9dcb164598dc895a670e304ede495b7be388989,777.4675072785228,125624.30408277395,339892.47443534934
250000,250000,0,terminal-observed-full-front,a9b324a682bed915b95b7e0e111350db99e70c160280b069fd62c341743fdf0b,887.0183256790078,121012.04942991986,316843.88222248055
250000,250000,0,terminal-observed-full-front,adf0f5cf5151573f52822a140ccd7e5c8720f27841a471a734e695cedc8900e5,931.6096929495726,120458.30769056684,307951.72350990813
250000,250000,0,terminal-observed-full-front,bd2c15a285907e0b15fce2d4b8f47a515ea1b62813dfac6a2995546970efbac6,1178.6521107600358,113809.91887038309,319368.0212974568
250000,250000,0,terminal-observed-full-front,fb0ab1f7eff78711f9e102154912c8e3c02589f48d4bceb67c3b144ae204ed6b,899.8123007373999,121254.29913781241,313171.7039592443
250000,250000,0,terminal-observed-full-front,d1d7d36c652f0cb91fb4f9436c1f0ffee2708d11302d7cd3ba72edd926974dde,887.0183256790078,120971.79767515446,321776.48473166354
250000,250000,0,terminal-observed-full-front,b6bb19f59ce9432ca83dd202c0ccbbcedab2ea56517e758a05b940c41bf580c0,931.6096929495726,120458.30769056684,307951.72350990813
250000,250000,0,terminal-observed-full-front,a9edac24004d4841dfc025567dd3aa04cee6c90f418eafabd37e6abc947135c8,917.4837257153412,120007.17269538208,314607.17404372635
250000,250000,0,terminal-observed-full-front,0c1aec4e8d6e8de1ccbc84deb30f38fcf7e8dcc4f8a35090d994086bbc666529,931.6096929495726,120458.30769056684,307951.72350990813
250000,250000,0,terminal-observed-full-front,b6bb19f59ce9432ca83dd202c0ccbbcedab2ea56517e758a05b940c41bf580c0,931.6096929495726,120458.30769056684,307951.72350990813
250000,250000,0,terminal-observed-full-front,b6bb19f59ce9432ca83dd202c0ccbbcedab2ea56517e758a05b940c41bf580c0,931.6096929495726,120458.30769056684,307951.72350990813
250000,250000,0,terminal-observed-full-front,b6bb19f59ce9432ca83dd202c0ccbbcedab2ea56517e758a05b940c41bf580c0,931.6096929495726,120458.30769056684,307951.72350990813
250000,250000,0,terminal-observed-full-front,2358a554c72fb9ca69f946f17885bbb7855b817248923872a0940375aef6206f,890.6874893365525,120858.61727915017,320831.9833054271
250000,250000,0,terminal-observed-full-front,e193d6bae0fd89f793d224f53e88cef48a09c695d0c88abd591be0db8dea0f1a,931.6096929495726,120458.30769056684,307951.72350990813
250000,250000,0,terminal-observed-full-front,0c1aec4e8d6e8de1ccbc84deb30f38fcf7e8dcc4f8a35090d994086bbc666529,931.6096929495726,120458.30769056684,307951.72350990813
250000,250000,0,terminal-observed-full-front,80e883e93b1df574e54fb46f7a139cda7dda2e6634059d81ad250b81a958b5e8,901.0980266268194,120823.38565990306,314685.51467090927
250000,250000,0,terminal-observed-full-front,07de9bd32313e39684569f603afc7f526a5bb0eae97711c5398f26fc3ab70655,1178.6521107600358,113809.91887038309,319368.0212974568
250000,250000,0,terminal-observed-full-front,b6bb19f59ce9432ca83dd202c0ccbbcedab2ea56517e758a05b940c41bf580c0,931.6096929495726,120458.30769056684,307951.72350990813
250000,250000,0,terminal-observed-full-front,e4141bea64763e78273d8caf4121983416b2b72160734df6fcd6c20cda872f6c,1180.74732030316,113959.2400002983,319207.05813309766
250000,250000,0,terminal-observed-full-front,bbffcaf5b90c19de72d62391bdd66e84d5335d41555fc46d3b3588aabdea88fd,777.4675072785228,125440.83084879784,343102.99948295706
250000,250000,0,terminal-observed-full-front,b3ad189360620cf61e695c4d04bd74a81ab577ab01a024355ff7e8f890232a0f,900.8707803372919,121108.63604182102,316631.0775539959
250000,250000,0,terminal-observed-full-front,e193d6bae0fd89f793d224f53e88cef48a09c695d0c88abd591be0db8dea0f1a,931.6096929495726,120458.30769056684,307951.72350990813
250000,250000,0,terminal-observed-full-front,2afda02431eb76f6865e272af2c80c0d25c69e15f83e3c7a1293fa96ebd81385,777.4675072785228,125624.30408277395,339892.47443534934
250000,250000,0,terminal-observed-full-front,94f1dd980869b3f85e41e95b48a74dbe3ddb5ca6669cf8fb7045c26b15972601,1183.5517156942224,113740.09249032172,317786.61605566705
250000,250000,0,terminal-observed-full-front,b6bb19f59ce9432ca83dd202c0ccbbcedab2ea56517e758a05b940c41bf580c0,931.6096929495726,120458.30769056684,307951.72350990813
250000,250000,0,terminal-observed-full-front,3143c6e394c571c7b385fd236b40405ae643548e0052cc947c2e0b72f4d6289e,777.4675072785228,125624.30408277395,339892.47443534934
250000,250000,0,terminal-observed-full-front,d61872c5c94352ad9869f4c88b839b63351a1818be9be9134e2e1b6ef2612835,781.4550723424064,125586.99648321781,340248.50165046373
250000,250000,0,terminal-observed-full-front,2c1b67ea3ccc9cee6ac6f8eb8d172b9450c53458ab2e5534234169a3cc910c13,970.1864656111802,119520.97837521916,312848.1684130278
250000,250000,0,terminal-observed-full-front,da8e0ba52050d15a5fe1f350e34ec5ac299950cd2f0ac0b60dd32b3fd4ee4727,970.1864656111802,119520.97837521916,312848.1684130278
250000,250000,0,terminal-observed-full-front,fc84b9d7f7468b8e8446b0b3a207410f4484920ed49322ff4685410ba8a909f8,962.0877621826012,119654.51342654644,313363.08776819875
250000,250000,0,terminal-observed-full-front,ce0c15f3d215c8d6b08fa3747436f3b5e1348db43d277a0afb5c7b6e32405366,1183.5517156942224,113740.09249032172,317786.61605566705
250000,250000,0,terminal-observed-full-front,2dae93dfe5c01229eeeccf293fcf736cd8d84f8c5de537dfab9dab5f5f35c7b9,954.5469382788226,119596.20333416498,316106.8776350213
250000,250000,0,terminal-observed-full-front,4153c7b464bd349a06447192421946603ed1a6bf4ac27f8997fa45cc08b4d0a2,934.8807442013116,120058.01019868575,308752.7992617076
250000,250000,0,terminal-observed-full-front,6e058e6e412a4830abc9234c46d1cfc869eeab1afbb540806d64d55dabb2044f,931.6096929495726,120458.30769056684,307951.72350990813
250000,250000,0,terminal-observed-full-front,306bed9f40a2d41a7b2621b59dc8acdfefe773f8f5352d4609649e1985ed3303,914.9390877865192,120131.86875438518,314415.23937726207
250000,250000,0,terminal-observed-full-front,c559dcbdf86f9cfce52ce57768f1c35062c825da7cb75f3f8f472d25dd0049de,1139.121347573786,114188.85109468218,323834.84200768324
250000,250000,0,terminal-observed-full-front,3280115efed81ee306c7677a4c9c4dc8d75c6f72c20c428efd8d2a423845933d,943.2767066464961,119829.05914197222,311883.5835413297
250000,250000,0,terminal-observed-full-front,ce0c15f3d215c8d6b08fa3747436f3b5e1348db43d277a0afb5c7b6e32405366,1183.5517156942224,113740.09249032172,317786.61605566705
250000,250000,0,terminal-observed-full-front,d48368acd1309872ce70177455529a7bd34432a4b1125ba7243e7a0ded7d4933,878.0979377331114,121869.86081447508,322336.04171911045
250000,250000,0,terminal-observed-full-front,9392e5f1f3ef9be93b69cf7aef6c2d45f92320a8409883bb046b356a9b480c6a,777.3568235421047,125673.37218942586,339536.8030573849
250000,250000,0,terminal-observed-full-front,e4141bea64763e78273d8caf4121983416b2b72160734df6fcd6c20cda872f6c,1180.74732030316,113959.2400002983,319207.05813309766
250000,250000,0,terminal-observed-full-front,535247c1414c0dea5926db4a3069b034b385e27c1f1c75f95160d16ad7d20e05,777.4675072785228,125624.30408277395,339892.47443534934
250000,250000,0,terminal-observed-full-front,0d771c18292dff7fc93dcb94b8b87c010edaa15e58d388fe2f12ae2d801c7b39,955.7342324520288,120243.68198191372,307563.0780322363
250000,250000,0,terminal-observed-full-front,caf3f6f8743160664a85a2a86d3b786f146ba27b141d042b04a4c6f76c5c0995,777.4675072785228,125624.30408277395,339892.47443534934
250000,250000,0,terminal-observed-full-front,caf3f6f8743160664a85a2a86d3b786f146ba27b141d042b04a4c6f76c5c0995,777.4675072785228,125624.30408277395,339892.47443534934
250000,250000,0,terminal-observed-full-front,4c0d7b8851ccd9dcac5207faf3a74df0e33b1bc6431b63e45c197333af936b67,931.6096929495726,120458.30769056684,307951.72350990813
250000,250000,0,terminal-observed-full-front,df1f262b574a9760b26552a6bbb51f84e1faadbecb76d13989fce5c7f4f4609f,955.7342324520288,120176.89944826812,307573.47559917625
250000,250000,0,terminal-observed-full-front,f03452165a4afa627aca359b370140795fa3b818860faf51f3f81abc3b3c0927,1158.5138756884867,114224.85973976343,318737.42583078553
250000,250000,0,terminal-observed-full-front,ea3cb43ff1e91a54384a7e203a8ab2f85c0bb54eee6028351957b5953c0afc86,931.6096929495726,120458.30769056684,307951.72350990813
250000,250000,0,terminal-observed-full-front,caf3f6f8743160664a85a2a86d3b786f146ba27b141d042b04a4c6f76c5c0995,777.4675072785228,125624.30408277395,339892.47443534934
250000,250000,0,terminal-observed-full-front,c66c860b104ce43fb8efdd8a47d71f0d1c231117acd22b474ab51c0d8e83da49,955.1654723158224,119919.8048321174,308712.7304489865
250000,250000,0,terminal-observed-full-front,caf3f6f8743160664a85a2a86d3b786f146ba27b141d042b04a4c6f76c5c0995,777.4675072785228,125624.30408277395,339892.47443534934
250000,250000,0,terminal-observed-full-front,2afda02431eb76f6865e272af2c80c0d25c69e15f83e3c7a1293fa96ebd81385,777.4675072785228,125624.30408277395,339892.47443534934
250000,250000,0,terminal-observed-full-front,ca9d11ce9e4d8023408b09f82d75581c059599fb100e34936ffb237ca0eb978a,1189.8681997218582,113916.67116779747,316187.3630893152
250000,250000,0,terminal-observed-full-front,2e4d8fd321199f8bc4279f4817ec5af146b8fd408081ee2ec6dfc53c4ecbed91,933.7920652293236,120558.18408535232,307837.94066147815
250000,250000,0,terminal-observed-full-front,2afda02431eb76f6865e272af2c80c0d25c69e15f83e3c7a1293fa96ebd81385,777.4675072785228,125624.30408277395,339892.47443534934
250000,250000,0,terminal-observed-full-front,5a47744038100fc9624efcf93495a502ddb73faa21c1affa628fec6ebb605d06,1201.9204747289948,113751.60461924394,316460.079588705
250000,250000,0,terminal-observed-full-front,e1fd297bd21a43480ee47888c1ff609ea5f16b25b5a6fa707bb3592c2ebc7008,1180.159043091346,114025.67209799273,317951.5467521503
250000,250000,0,terminal-observed-full-front,2e4d8fd321199f8bc4279f4817ec5af146b8fd408081ee2ec6dfc53c4ecbed91,933.7920652293236,120558.18408535232,307837.94066147815
250000,250000,0,terminal-observed-full-front,2afda02431eb76f6865e272af2c80c0d25c69e15f83e3c7a1293fa96ebd81385,777.4675072785228,125624.30408277395,339892.47443534934
250000,250000,0,terminal-observed-full-front,2e4d8fd321199f8bc4279f4817ec5af146b8fd408081ee2ec6dfc53c4ecbed91,933.7920652293236,120558.18408535232,307837.94066147815
250000,250000,0,terminal-observed-full-front,760b955c979ab4abb663680fba628a3e5dee4ca5c6edb1ce471d8e684e62654e,958.5373224432301,120314.46601023516,307504.2287582841
250000,250000,0,terminal-observed-full-front,2e4d8fd321199f8bc4279f4817ec5af146b8fd408081ee2ec6dfc53c4ecbed91,933.7920652293236,120558.18408535232,307837.94066147815
250000,250000,0,terminal-observed-full-front,8de67490d08d8a6844ec33e585056ce9e7981c99194ccb166df0f327a542c3d2,1133.7549821076273,114851.20472669671,321501.72386340285
250000,250000,0,terminal-observed-full-front,330f53f64eb18fc477722aa858230b078597b79db60c6215c6683a911cb8b932,1134.4872309329353,114994.35152847148,319367.76281232137
250000,250000,0,terminal-observed-full-front,199133e008a935b1d04da70342dfdbcb646a667c47f8d039f82acb426864ecdc,1140.8009390134634,114532.90440596375,319027.4922631668
250000,250000,0,terminal-observed-full-front,6e058e6e412a4830abc9234c46d1cfc869eeab1afbb540806d64d55dabb2044f,931.6096929495726,120458.30769056684,307951.72350990813
250000,250000,0,terminal-observed-full-front,5123f61c684a1c094347ae4d5caa313648f526fda7e3b20084239078abe12a1f,955.7342324520288,120243.68198191372,307563.0780322363
250000,250000,0,terminal-observed-full-front,1d575c74e065e1afa7f1a9b80fb39aaaaedd409c01f3ebf794b4d95d0d6dcefc,1127.4978070069483,114304.00582835925,327186.6315307055
250000,250000,0,terminal-observed-full-front,1ef990b9cf33e8765a1862e95e36a9d2a58f6a3596c425f2bd9768583a88853a,1153.0785678084208,114930.35925635093,318268.38571881305
250000,250000,0,terminal-observed-full-front,2c58aeb2a2e8db5a8a5cc4cdecf6f022bc41ec3d8deb94189dbab8f083b6f0d2,1158.5138756884867,114200.96024149309,320445.6613881537
250000,250000,0,terminal-observed-full-front,5123f61c684a1c094347ae4d5caa313648f526fda7e3b20084239078abe12a1f,955.7342324520288,120243.68198191372,307563.0780322363
250000,250000,0,terminal-observed-full-front,2fe19c557c28ebb246ae7a83f91810b34f9aca94198e5bc95519983de566b9c2,777.4675072785228,125624.30408277395,339892.47443534934
250000,250000,0,terminal-observed-full-front,e4141bea64763e78273d8caf4121983416b2b72160734df6fcd6c20cda872f6c,1180.74732030316,113959.2400002983,319207.05813309766
250000,250000,0,terminal-observed-full-front,5123f61c684a1c094347ae4d5caa313648f526fda7e3b20084239078abe12a1f,955.7342324520288,120243.68198191372,307563.0780322363
250000,250000,0,terminal-observed-full-front,7a72c4bc1ffee75109c52787ee2818b9cc73de0a4dd45f531d3b7d0560adb827,772.96801302515,125755.14606110119,337503.02528940234
250000,250000,0,terminal-observed-full-front,7038626d6d12d959548ed2f8025cfe84e109cbd27d6d6695abc6ac0e5149d06c,1174.3108670446895,113962.76596467712,319061.63491587236
250000,250000,0,terminal-observed-full-front,e4141bea64763e78273d8caf4121983416b2b72160734df6fcd6c20cda872f6c,1180.74732030316,113959.2400002983,319207.05813309766
250000,250000,0,terminal-observed-full-front,e3994b7785d7d506477bb0a89c5e7ba48f8cb40b9741793e2b8cbf38d2515eef,1146.3561988954048,114254.41375867513,322790.8575725374
250000,250000,0,terminal-observed-full-front,58c9e80365bbe40e4560537c42b99330a7f7ba8ba0865fa3e13d85582eaedbe0,777.4675072785228,125624.30408277395,339892.47443534934
250000,250000,0,terminal-observed-full-front,7038626d6d12d959548ed2f8025cfe84e109cbd27d6d6695abc6ac0e5149d06c,1174.3108670446895,113962.76596467712,319061.63491587236
250000,250000,0,terminal-observed-full-front,adf0f5cf5151573f52822a140ccd7e5c8720f27841a471a734e695cedc8900e5,931.6096929495726,120458.30769056684,307951.72350990813
250000,250000,0,terminal-observed-full-front,c9c42421791011b44b6ff75efcbf81dd77e7a8f4058e8e67aff3f7a146f28497,777.4675072785228,125624.30408277395,339892.47443534934
250000,250000,0,terminal-observed-full-front,adf0f5cf5151573f52822a140ccd7e5c8720f27841a471a734e695cedc8900e5,931.6096929495726,120458.30769056684,307951.72350990813
250000,250000,0,terminal-observed-full-front,4c0d7b8851ccd9dcac5207faf3a74df0e33b1bc6431b63e45c197333af936b67,931.6096929495726,120458.30769056684,307951.72350990813
250000,250000,0,terminal-observed-full-front,ea3cb43ff1e91a54384a7e203a8ab2f85c0bb54eee6028351957b5953c0afc86,931.6096929495726,120458.30769056684,307951.72350990813
250000,250000,0,terminal-observed-full-front,0d771c18292dff7fc93dcb94b8b87c010edaa15e58d388fe2f12ae2d801c7b39,955.7342324520288,120243.68198191372,307563.0780322363
250000,250000,0,terminal-observed-full-front,2b5d73566723475cf454b2166cb2384c198a2ce77416d6e6a11b78594641c4d5,772.96801302515,125755.14606110119,337503.02528940234
250000,250000,0,terminal-observed-full-front,4c0d7b8851ccd9dcac5207faf3a74df0e33b1bc6431b63e45c197333af936b67,931.6096929495726,120458.30769056684,307951.72350990813
250000,250000,0,terminal-observed-full-front,fa2c383390dd416a1011ef2381ce2761abbbbd5d98d99c13f198b710b6353c27,779.2765867058572,125619.87959511975,337699.8136018615
250000,250000,0,terminal-observed-full-front,4c0d7b8851ccd9dcac5207faf3a74df0e33b1bc6431b63e45c197333af936b67,931.6096929495726,120458.30769056684,307951.72350990813
250000,250000,0,terminal-observed-full-front,36f11ac4851dd9b060c26135c579f541f01078e493614ba12bdce381e70a4df8,777.4675072785228,125586.48522558218,340477.2732461392
250000,250000,0,terminal-observed-full-front,eb6471ccda0c7a59e735ebc80288a37140babb77264070d49f27d8d8ede02467,835.8226523717741,123058.35742838177,331455.95992611244
250000,250000,0,terminal-observed-full-front,adf0f5cf5151573f52822a140ccd7e5c8720f27841a471a734e695cedc8900e5,931.6096929495726,120458.30769056684,307951.72350990813
250000,250000,0,terminal-observed-full-front,302d3649657f3f7dc7e3cd6e325f249eaa799f2b2b4f17e461cd9122d8d233c5,777.4675072785228,125624.30408277395,339892.47443534934
250000,250000,0,terminal-observed-full-front,e4141bea64763e78273d8caf4121983416b2b72160734df6fcd6c20cda872f6c,1180.74732030316,113959.2400002983,319207.05813309766
250000,250000,0,terminal-observed-full-front,2afda02431eb76f6865e272af2c80c0d25c69e15f83e3c7a1293fa96ebd81385,777.4675072785228,125624.30408277395,339892.47443534934
250000,250000,0,terminal-observed-full-front,2afda02431eb76f6865e272af2c80c0d25c69e15f83e3c7a1293fa96ebd81385,777.4675072785228,125624.30408277395,339892.47443534934
250000,250000,0,terminal-observed-full-front,e4141bea64763e78273d8caf4121983416b2b72160734df6fcd6c20cda872f6c,1180.74732030316,113959.2400002983,319207.05813309766
250000,250000,0,terminal-observed-full-front,5e6bcb1ebd44269e59711cd470c10e71b8fcf52f570200487397caa932d4eb39,777.4675072785228,125624.30408277395,339892.47443534934
250000,250000,0,terminal-observed-full-front,40d27adb826ad9d52dbdcecf3bf93d2ad0b437730e22c216da560dd894140afd,934.1995835997478,119624.62779078895,323132.01606606785
250000,250000,0,terminal-observed-full-front,88b6d9e814b00a5cbb072e041c7310e5c6ba5ff3428c2dc6f94b4f49ae16b1b6,777.2959995938627,125634.54163973324,339781.56268567883
250000,250000,0,terminal-observed-full-front,241af4e60dbb131f6c7b361ef9ea93a31a470413cb25f652114278b195df2e3c,777.4675072785228,125586.48522558218,340477.2732461392
250000,250000,0,terminal-observed-full-front,961fc570a4392d9a47f07720740bbb4038ac030a14667560afca16ac78a7cf38,926.0795238258207,121039.01018345836,309950.7610841525
250000,250000,0,terminal-observed-full-front,ce0c15f3d215c8d6b08fa3747436f3b5e1348db43d277a0afb5c7b6e32405366,1183.5517156942224,113740.09249032172,317786.61605566705
250000,250000,0,terminal-observed-full-front,65ccf726febd3ff6168c41bea1ff55c947eb8b9048a970ecc5a64957ecd87757,777.4675072785228,125586.48522558218,340477.2732461392
250000,250000,0,terminal-observed-full-front,074a9f0566ccea77dc6d0b9259d8190a221de8461e204a4846a62e061521ec8d,777.4675072785228,125624.30408277395,339892.47443534934
250000,250000,0,terminal-observed-full-front,074a9f0566ccea77dc6d0b9259d8190a221de8461e204a4846a62e061521ec8d,777.4675072785228,125624.30408277395,339892.47443534934
250000,250000,0,terminal-observed-full-front,133f90e4cb7af7d855f9e981453bdb6bb82b264b5f2356242e1a72c3b43c2483,777.4675072785228,125624.30408277395,339892.47443534934
250000,250000,0,terminal-observed-full-front,f61a99ff95b0fbe77efd04491a56bae1bd0b0df91db9c74f930389dea3c79bd6,1125.483850090163,114701.63063405843,327710.2363685331
250000,250000,0,terminal-observed-full-front,133f90e4cb7af7d855f9e981453bdb6bb82b264b5f2356242e1a72c3b43c2483,777.4675072785228,125624.30408277395,339892.47443534934
250000,250000,0,terminal-observed-full-front,fdd158182b5d9470301f3a184a87a7ed06f5133ddbcf3bf3854649635f008417,852.3723757148442,122237.17500701881,329443.73588265333
250000,250000,0,terminal-observed-full-front,e27b07ac1eef891e75d8a8c669195cba01b0ea98b8f1ab620f03123864ec6126,1169.7406858271393,114244.89909619352,318587.40878940077
250000,250000,0,terminal-observed-full-front,70dbf0ae4372fe501838fde210978bcd49e4a22191752219f3d128db3d0658a6,828.8026919398501,123199.5675201288,327997.03211229126
250000,250000,0,terminal-observed-full-front,69a61af2838aaf3402c045811c3e18c5d487d1d9d3eded210d4ba3b98752310b,1180.74732030316,113959.2400002983,319207.05813309766
250000,250000,0,terminal-observed-full-front,ef5b685fcb3319e3d53c93861a0a5d10415a8ed6e7e2d24297dce0077351c9b6,839.6278023504933,124078.6109892957,327075.19300865964
250000,250000,0,terminal-observed-full-front,af3738d9e1ffc3f9d1e4a8f99da5dbcb7cc8f021b33adf29f86e33740deae066,1153.6869726955752,114074.57732340167,326024.2588248437
250000,250000,0,terminal-observed-full-front,69a61af2838aaf3402c045811c3e18c5d487d1d9d3eded210d4ba3b98752310b,1180.74732030316,113959.2400002983,319207.05813309766
250000,250000,0,terminal-observed-full-front,ad6bb827c0780631ed17d0a2c6f3d40c4e3f4b960de6a786acf76d8b84cb26fe,1168.8406765036705,114031.46192174862,320446.8020111526
250000,250000,0,terminal-observed-full-front,e56f6ff7d849c0fc65fe22fc59eaa97e377f75f6f1bf96f43b5626aae2fce74c,1166.9730698757123,114183.4721358335,321810.61933733145
250000,250000,0,terminal-observed-full-front,cb4f2d1ea5d292925743db85a1a89c320466949dd51accd5cbe332b5188b8f7a,1123.1096771568375,114766.81927662477,328728.6486071305
250000,250000,0,terminal-observed-full-front,84c984ca041a46c3b2b4e09007a61b04dd9481442f23d69a745ec073a0cea3dc,1183.5517156942224,113848.75170407043,317542.1931291692
250000,250000,0,terminal-observed-full-front,69a61af2838aaf3402c045811c3e18c5d487d1d9d3eded210d4ba3b98752310b,1180.74732030316,113959.2400002983,319207.05813309766
250000,250000,0,terminal-observed-full-front,2c734f6cb0e710469720c991a694c86242022c32081039919ab13510e8e81eba,1180.74732030316,113959.2400002983,319207.05813309766
250000,250000,0,terminal-observed-full-front,f30935912ae0156de8df26ac16f5a8b3c9e3afa03f52483cbebb74920d019679,905.6772780870452,120573.18564707437,318301.0382285808
250000,250000,0,terminal-observed-full-front,e087b51b7a7517c2cfc40da5443bc524a730bdfacde26a2174954ad76895e7e1,853.649201132796,122060.76788226844,330915.5856655711
250000,250000,0,terminal-observed-full-front,2c734f6cb0e710469720c991a694c86242022c32081039919ab13510e8e81eba,1180.74732030316,113959.2400002983,319207.05813309766
250000,250000,0,terminal-observed-full-front,2c734f6cb0e710469720c991a694c86242022c32081039919ab13510e8e81eba,1180.74732030316,113959.2400002983,319207.05813309766
250000,250000,0,terminal-observed-full-front,01f317604daceacb6213522872acb4755f5a065d3892f69cd012605bf33a49eb,1156.9635306813295,114087.49818979991,325791.17089075735
250000,250000,0,terminal-observed-full-front,01f317604daceacb6213522872acb4755f5a065d3892f69cd012605bf33a49eb,1156.9635306813295,114087.49818979991,325791.17089075735
250000,250000,0,terminal-observed-full-front,63f247dbac58f2df32b285b79a1ffea18ad2862262dd609d29df4783398a9a5f,1180.74732030316,114018.6048348108,318608.47846567247
250000,250000,0,terminal-observed-full-front,69a61af2838aaf3402c045811c3e18c5d487d1d9d3eded210d4ba3b98752310b,1180.74732030316,113959.2400002983,319207.05813309766
250000,250000,0,terminal-observed-full-front,626aa59b3b04f3a14f48899e5787eeb4a3d411ecc1bb6dcf0c63c162c15f9e6c,810.493275825758,125018.78507654511,338977.9065946882
250000,250000,0,terminal-observed-full-front,626aa59b3b04f3a14f48899e5787eeb4a3d411ecc1bb6dcf0c63c162c15f9e6c,810.493275825758,125018.78507654511,338977.9065946882
250000,250000,0,terminal-observed-full-front,626aa59b3b04f3a14f48899e5787eeb4a3d411ecc1bb6dcf0c63c162c15f9e6c,810.493275825758,125018.78507654511,338977.9065946882
250000,250000,0,terminal-observed-full-front,09e4498de71dd3b5451d556d71b0ebf61a1039ba326d23d667dd6c43e1167088,1130.5128235566735,114368.6961619819,323358.55468318914
250000,250000,0,terminal-observed-full-front,2a370a9243c72301cb1f3dbaed70e823220bda9635fe4d37c316ca51c8c44055,1174.1123614428905,114216.19142431088,319740.5366263722
250000,250000,0,terminal-observed-full-front,142e90a90adaf4eac8be4bedd0cedb3e03e88c52a3e500746dec4ae7bb11328b,1085.175161586203,115907.25009990433,328601.63692366995
250000,250000,0,terminal-observed-full-front,e0f347cdfc53af9dedb2ea5a1658c9686556495b5f4024c1da4c4f09f242cdb9,1012.9820708000391,117827.40653620445,327292.3633307153
250000,250000,0,terminal-observed-full-front,f5800a872dcce4f05551760b3980ee1ecea21e942ee72e2048efa629f24c9066,1065.8595375260877,117333.61154098401,321534.1958454108
250000,250000,0,terminal-observed-full-front,2a370a9243c72301cb1f3dbaed70e823220bda9635fe4d37c316ca51c8c44055,1174.1123614428905,114216.19142431088,319740.5366263722
250000,250000,0,terminal-observed-full-front,047823a2be442ff3ed8b1f6f02c86375e6e46fb630cf577fecca5c170672907f,1146.690251364505,114302.47707807778,321319.0394521304
250000,250000,0,terminal-observed-full-front,1e5bb90b8c5c9d44883eee58230f4676b13e01945bf141b036123d2b85bf62b9,1156.9635306813295,114087.49818979991,325791.17089075735
250000,250000,0,terminal-observed-full-front,81e978a077c00a13e07a85ffb9608b6c4e6cc34ce8d49c95c7e22adf0af2b72b,797.9283055055222,125078.42859936593,338702.23557594104
250000,250000,0,terminal-observed-full-front,568e938be0496127616680f7de3cef33e4f87eacda92ce31ef77326bf7be3a33,1115.6532851742754,115410.97349627585,327021.6082571517
250000,250000,0,terminal-observed-full-front,9513909e2ea9849f4952b015bfc84658263a56470177320d6d2481086cfd7480,1147.0792829743496,113978.68668389515,326518.44419630634
250000,250000,0,terminal-observed-full-front,28670eab4d1da35f02155e22e73d5899508d447ce6c69df7031c01532bffdb14,777.4675072785228,125624.30408277395,339892.47443534934
250000,250000,0,terminal-observed-full-front,191f4ab7576826026f450f5c1d3a22ddb2c0e2c2bbeda516db2da8dbcd55dd5b,777.4675072785228,125624.30408277395,339892.47443534934
250000,250000,0,terminal-observed-full-front,28670eab4d1da35f02155e22e73d5899508d447ce6c69df7031c01532bffdb14,777.4675072785228,125624.30408277395,339892.47443534934
250000,250000,0,terminal-observed-full-front,2ce6fb38df6633dbb51a1087dae08572cd7e5b5dbe3b19caec06c0273e6a09b8,948.9035389206254,119429.32339974868,319080.300435313
250000,250000,0,terminal-observed-full-front,3735d4a93364f5813d2cc787a9440be9b86b1783e704eb16ac21f5b5c394ee1d,777.3568235421047,125673.37218942586,339536.8030573849
250000,250000,0,terminal-observed-full-front,83cf778691320e91d936f9003425ff84c91dc0bcf67c1b8ccf3e5c5a3977aad8,777.3568235421047,125673.37218942586,339536.8030573849
250000,250000,0,terminal-observed-full-front,bf5ffc204b3650c0866d438827f2f3ff9c01123645ea277ea37ab5a2d7b6b5d7,794.6460051899852,125619.61304279606,337765.5885811405
250000,250000,0,terminal-observed-full-front,93b3c908bc762c1c80fe2043e0aa4c91be2c11b1215dd66e1669c7a2517249d7,777.4675072785228,125624.30408277395,339892.47443534934
250000,250000,0,terminal-observed-full-front,93b3c908bc762c1c80fe2043e0aa4c91be2c11b1215dd66e1669c7a2517249d7,777.4675072785228,125624.30408277395,339892.47443534934
250000,250000,0,terminal-observed-full-front,dfe07b52a5494a80b3215e845e02f7bb8c35c537b060fc659070cab70c55b251,777.2959995938627,125634.54163973324,339781.56268567883
250000,250000,0,terminal-observed-full-front,e7f701c397d666fb862a8619e82019206e3bdd2eec46d916a28da1ba50eb612f,789.5910187716371,125426.62047659943,338432.9081025417
250000,250000,0,terminal-observed-full-front,242a41b3bf51f2c1d3aa82604be11fe1b1d6a831f5965cb693764f609b684b24,795.4145704988952,125577.59567326304,338356.16525059583
250000,250000,0,terminal-observed-full-front,1f6fdeaedb7c8f49775a06d8115bfbbd8a44392cbe6155e2f1004fe09ca55fe2,768.943026654921,127113.20774031359,345766.03547394945
250000,250000,0,terminal-observed-full-front,dbe501767c1ecc3b04f6fe1266838e7d063774d0431c0a61ba20bca31a282b55,768.943026654921,127113.20774031359,345766.03547394945
250000,250000,0,terminal-observed-full-front,26a51ccb74fbded992c14a6291b2eb9bee56609e99d83848641379dd368b370a,777.4675072785228,125624.30408277395,339892.47443534934
250000,250000,0,terminal-observed-full-front,bb51fd3786181f6d8ac9bf34d67046583ebd0eadf9e087ebfea437cc665f75fc,1152.0557457338487,114224.51928627797,320309.2005654832
250000,250000,0,terminal-observed-full-front,26a51ccb74fbded992c14a6291b2eb9bee56609e99d83848641379dd368b370a,777.4675072785228,125624.30408277395,339892.47443534934
250000,250000,0,terminal-observed-full-front,67a1b767c7c76fa2c38a7fd74be33aaa2f70d541ae25d73edca39db67abaa21d,1190.6839361505433,113911.50785293657,316491.26083981124
250000,250000,0,terminal-observed-full-front,26a51ccb74fbded992c14a6291b2eb9bee56609e99d83848641379dd368b370a,777.4675072785228,125624.30408277395,339892.47443534934
250000,250000,0,terminal-observed-full-front,05373dc73363dbf7b4a9b620fe178717a3334cf8b5d3869f780c723c23f21d5b,777.4675072785228,125624.30408277395,339892.47443534934
250000,250000,0,terminal-observed-full-front,9fe0a4abe4285bf92058c7db7a30593df03467d034d02416261a58d6819f2765,812.538105480025,125171.02290729775,338609.1098391504
250000,250000,0,terminal-observed-full-front,f3c549ae69dfbac1e2ae01b3e5024ad2142c125d5ffbba26d9a786cae0e582b9,865.8307618261116,121943.6225997245,325682.3018921149
250000,250000,0,terminal-observed-full-front,bd6b4bea4c7a7249d161f94b56ae93cc4f32fb7535e68c36df0b8e2f70ca1058,1138.1950992088018,114293.02522548652,322802.8542571676
250000,250000,0,terminal-observed-full-front,f83ac8ea2e77f80c09e098f8e0606e63cce0eff003c841c5bab59db91340ec95,769.1972138522367,125828.98586589762,340587.505032946
250000,250000,0,terminal-observed-full-front,a5346c5030e3c063c26d747101c4f506619a980bb005f6a50fdd96db63f84659,1180.74732030316,113977.42892484009,318846.78976448334
250000,250000,0,terminal-observed-full-front,3a4b4dd0ececd5956569f994f7bbddce26b3a0304959048226ff949e08126f59,777.4675072785228,125624.30408277395,339892.47443534934
250000,250000,0,terminal-observed-full-front,5a88e87fe21fe24bd6727a21ad13eb0d1f62422e9ca4c07f77984bee4e55f67c,1180.74732030316,113959.2400002983,319207.05813309766
250000,250000,0,terminal-observed-full-front,5a88e87fe21fe24bd6727a21ad13eb0d1f62422e9ca4c07f77984bee4e55f67c,1180.74732030316,113959.2400002983,319207.05813309766
250000,250000,0,terminal-observed-full-front,6745d0927be9d839e93b8fcc6b466f5f60e22e5d0048e35b6b7b6420626560be,923.5924809761707,121635.49374976073,309710.1881679214
250000,250000,0,terminal-observed-full-front,5a88e87fe21fe24bd6727a21ad13eb0d1f62422e9ca4c07f77984bee4e55f67c,1180.74732030316,113959.2400002983,319207.05813309766
250000,250000,0,terminal-observed-full-front,e4141bea64763e78273d8caf4121983416b2b72160734df6fcd6c20cda872f6c,1180.74732030316,113959.2400002983,319207.05813309766
250000,250000,0,terminal-observed-full-front,723ffecbe6976d7d9479984d80bd9bfaab09612e0e7fad5e173ba435be38af88,933.7920652293236,120558.18408535232,307837.94066147815
250000,250000,0,terminal-observed-full-front,f7345cb576e93256bb5be54a9d289c64817dea4627b700961a1f7865751cbc16,927.0875813767011,120905.93367043711,307949.7105869437
250000,250000,0,terminal-observed-full-front,5a88e87fe21fe24bd6727a21ad13eb0d1f62422e9ca4c07f77984bee4e55f67c,1180.74732030316,113959.2400002983,319207.05813309766
250000,250000,0,terminal-observed-full-front,2d83994ebbedd2848f31e4701094b7f467214c4809ec8a60ba116ef905ce947c,1075.366999680697,117283.41868892545,322717.4235807704
250000,250000,0,terminal-observed-full-front,5cda6df9e40e6f83e9dba7253bc6a3c4af3854dc86e6dfae91f78a72d1d34926,1196.3920191073325,113830.94998446744,317672.0047512242
250000,250000,0,terminal-observed-full-front,aea0d7add3b8a154c99546891bf1279a612afc870651c4f1dd0f0da39b016841,1180.74732030316,113959.2400002983,319207.05813309766
250000,250000,0,terminal-observed-full-front,9f05c8f47ff5e174b112d312ee8c9aaab567fb6dfd7dd63918937e666b05eea9,777.4675072785228,125624.30408277395,339892.47443534934
250000,250000,0,terminal-observed-full-front,05cf7ca1b5d642c927decdc04e12b1817d68df05d9ae59a4147bc401d492a5c2,1176.5043422657309,113704.45334090339,322541.6384478373
250000,250000,0,terminal-observed-full-front,5a88e87fe21fe24bd6727a21ad13eb0d1f62422e9ca4c07f77984bee4e55f67c,1180.74732030316,113959.2400002983,319207.05813309766
250000,250000,0,terminal-observed-full-front,aea0d7add3b8a154c99546891bf1279a612afc870651c4f1dd0f0da39b016841,1180.74732030316,113959.2400002983,319207.05813309766
250000,250000,0,terminal-observed-full-front,6808db1014e4ae1853caeb6fc3f7649bea6e35b1e54bcd30314c4dd4eb6cafd0,973.0582255712072,119862.48458853111,307702.1105866355
250000,250000,0,terminal-observed-full-front,e33998c55ba18c2a9c5971ac9eee06fca7dd698319e268fca6f32ec906a1739c,777.4675072785228,125624.30408277395,339892.47443534934
250000,250000,0,terminal-observed-full-front,a2123930911efb4332ead95b2584c4c718ec9a344a5374b4cdb9064b2f01a3ab,1170.9333263444385,114197.27413084856,320383.91418256494
250000,250000,0,terminal-observed-full-front,668b68e3b8201f42d6cbff6f5ca04af24f92839b596c372e30873e97a7bf2220,926.1552158707137,120182.0824478795,309909.7662529009
250000,250000,0,terminal-observed-full-front,58bb5e89c241a9b6f0005571bb7020937d9918d3c7edf8a2f4f81945445ff57a,785.7373311725179,125862.95320742167,337310.24468238326
250000,250000,0,terminal-observed-full-front,3a4b4dd0ececd5956569f994f7bbddce26b3a0304959048226ff949e08126f59,777.4675072785228,125624.30408277395,339892.47443534934
250000,250000,0,terminal-observed-full-front,3a4b4dd0ececd5956569f994f7bbddce26b3a0304959048226ff949e08126f59,777.4675072785228,125624.30408277395,339892.47443534934
250000,250000,0,terminal-observed-full-front,9f05c8f47ff5e174b112d312ee8c9aaab567fb6dfd7dd63918937e666b05eea9,777.4675072785228,125624.30408277395,339892.47443534934
250000,250000,0,terminal-observed-full-front,9f05c8f47ff5e174b112d312ee8c9aaab567fb6dfd7dd63918937e666b05eea9,777.4675072785228,125624.30408277395,339892.47443534934
250000,250000,0,terminal-observed-full-front,6ce9298da381e50b7238bf68c074519d61f7a0f65c122b9748c9b72bbdf89727,777.4675072785228,125624.30408277395,339892.47443534934
250000,250000,0,terminal-observed-full-front,a7afe955e6ae29cf9e34c35b40845f6bf0cbd9938a6cd9ffd07a15e10fac27a1,777.4675072785228,125624.30408277395,339892.47443534934
250000,250000,0,terminal-observed-full-front,1acc7930e1be031879a768da2c5d4998b1f8bc96e7653b812a0156dc57a17973,777.2959995938627,125634.54163973324,339781.56268567883
250000,250000,0,terminal-observed-full-front,3a4b4dd0ececd5956569f994f7bbddce26b3a0304959048226ff949e08126f59,777.4675072785228,125624.30408277395,339892.47443534934
250000,250000,0,terminal-observed-full-front,c17f560a8b06cfc6d7ca167edc7ad1d3d56e4b43a5833ca4860d63c8b0f51415,1196.5842119524502,114494.34419842833,315344.36240190594
250000,250000,0,terminal-observed-full-front,b8a502e760c92cfda1cf0993fbca99e59a257c721968e10375d5a17cd48db10d,975.7764738624105,119486.41483052971,311090.19616803515
250000,250000,0,terminal-observed-full-front,b20584cc78f484baa5be390d8844a42a315b645f81422a01f67f514f5e8d3f13,777.4675072785228,125624.30408277395,339892.47443534934
250000,250000,0,terminal-observed-full-front,eaefd552e92a64c8898cb965c62219b29eab79655762ec13907c1419746d6666,777.4675072785228,125624.30408277395,339892.47443534934
250000,250000,0,terminal-observed-full-front,28670eab4d1da35f02155e22e73d5899508d447ce6c69df7031c01532bffdb14,777.4675072785228,125624.30408277395,339892.47443534934
250000,250000,0,terminal-observed-full-front,3116d52bd21714aa6f079f91a31f7ca6ef3f9a436d5e13374f56efa1e3936d1f,777.4675072785228,125624.30408277395,339892.47443534934
250000,250000,0,terminal-observed-full-front,17e9b675e437ee1e3b1f6fbe4863766a5f7676d31a25a1cdb4351d5f5df310e7,794.765882828809,125277.59409028951,339933.83024055
250000,250000,0,terminal-observed-full-front,eba13d6b27ce7abef11ea8c983d53fe29de21f75eff9631df50567c6b1241386,998.1678991330438,119030.65775333835,314115.8732255798
250000,250000,0,terminal-observed-full-front,26a51ccb74fbded992c14a6291b2eb9bee56609e99d83848641379dd368b370a,777.4675072785228,125624.30408277395,339892.47443534934
250000,250000,0,terminal-observed-full-front,e8dfd6e2512877e531fe33238b0d4aa0f2d9487da1de5d4d54e006f1805a6061,777.4675072785228,125624.30408277395,339892.47443534934
250000,250000,0,terminal-observed-full-front,26a51ccb74fbded992c14a6291b2eb9bee56609e99d83848641379dd368b370a,777.4675072785228,125624.30408277395,339892.47443534934
250000,250000,0,terminal-observed-full-front,542b5cbfc33f290f595928780526158238034eac8c4a205308dd967680f2b1e2,777.2959995938627,125634.54163973324,339781.56268567883
250000,250000,0,terminal-observed-full-front,3a4b4dd0ececd5956569f994f7bbddce26b3a0304959048226ff949e08126f59,777.4675072785228,125624.30408277395,339892.47443534934
250000,250000,0,terminal-observed-full-front,4f178a73ac849369122a7048f807075402c94645e247addb0742301a59ccad00,777.4675072785228,125624.30408277395,339892.47443534934
250000,250000,0,terminal-observed-full-front,24e8e537adbeb7d8442429cbc4a53e7c3a1136f8dd76b5ea4e6ed877fdeedf63,777.4675072785228,125624.30408277395,339892.47443534934
250000,250000,0,terminal-observed-full-front,49a78d0bbecbb3e7e2ad313415111c7c9f432ff8d1be4cd7c2883aa1e7509f9f,1056.3442502286382,116425.0457277277,328165.00349917053
250000,250000,0,terminal-observed-full-front,00ea88c87c78b2a9118371b889fe193b72b82424acc22189261ba0bfbb6fa249,802.2191970245324,125064.76222161434,338787.85394409415
250000,250000,0,terminal-observed-full-front,60405dc3aea026671149562fb4ce14f2855b7d892444f9841f375c70836efb2c,1169.5085855825375,113965.68644259221,320990.2667194338
250000,250000,0,terminal-observed-full-front,251b8b3acadac9a238e3ae9a2403c3e2758985cda0fcc37eb7de3529ed358c4d,797.9283055055222,125078.42859936593,338702.23557594104
250000,250000,0,terminal-observed-full-front,24e8e537adbeb7d8442429cbc4a53e7c3a1136f8dd76b5ea4e6ed877fdeedf63,777.4675072785228,125624.30408277395,339892.47443534934
250000,250000,0,terminal-observed-full-front,251b8b3acadac9a238e3ae9a2403c3e2758985cda0fcc37eb7de3529ed358c4d,797.9283055055222,125078.42859936593,338702.23557594104
250000,250000,0,terminal-observed-full-front,24e8e537adbeb7d8442429cbc4a53e7c3a1136f8dd76b5ea4e6ed877fdeedf63,777.4675072785228,125624.30408277395,339892.47443534934
250000,250000,0,terminal-observed-full-front,81da3530d02ad47626b8eab9040543cd413a477524d485d182db015ef4029cbf,1168.0280335064108,113934.22816466732,322978.2971071762
250000,250000,0,terminal-observed-full-front,cb526b4fa82cff3541c693947d02415abd7322adb1614c2261b7915c56f08a7a,777.4675072785228,125624.30408277395,339892.47443534934
250000,250000,0,terminal-observed-full-front,bc95d4d96028814bb91889606f3fdf2523df29adc8e415fbc329bd636858065f,777.2959995938627,125634.54163973324,339781.56268567883
250000,250000,0,terminal-observed-full-front,543525d4654e7e2e4f89fc2fe087a5cc688bdde12b2538204cca1f89fb57fb8d,777.4675072785228,125624.30408277395,339892.47443534934
250000,250000,0,terminal-observed-full-front,3c4bbade605db8bdf98f65acecad170c442a1724885433cbdfd0840dfbacc84b,777.4675072785228,125624.30408277395,339892.47443534934
250000,250000,0,terminal-observed-full-front,756aad07e329f22efab7c07f9314f68c21927650072f15ccb7c75f561e80bcef,1176.5043422657309,113704.45334090339,322541.6384478373
250000,250000,0,terminal-observed-full-front,24e8e537adbeb7d8442429cbc4a53e7c3a1136f8dd76b5ea4e6ed877fdeedf63,777.4675072785228,125624.30408277395,339892.47443534934
250000,250000,0,terminal-observed-full-front,6ce9298da381e50b7238bf68c074519d61f7a0f65c122b9748c9b72bbdf89727,777.4675072785228,125624.30408277395,339892.47443534934
250000,250000,0,terminal-observed-full-front,2a8e86bb23c7405544e84c6a00acb42d0c19ef457b67cc9be053c4a438f5c471,777.2959995938627,125634.54163973324,339781.56268567883
250000,250000,0,terminal-observed-full-front,24e8e537adbeb7d8442429cbc4a53e7c3a1136f8dd76b5ea4e6ed877fdeedf63,777.4675072785228,125624.30408277395,339892.47443534934
250000,250000,0,terminal-observed-full-front,34b5db7a1a9ab345a3e46dc7775f7a167ee619ed1fba17f2d8b0cfa7c092a4b9,777.4675072785228,125624.30408277395,339892.47443534934
250000,250000,0,terminal-observed-full-front,56c90a6f967df8b048d77bed35f1f17fb9dc0359d9f0daf4a46f2f1f9b621849,1045.8749944065296,116185.97179627701,342433.07896245207
250000,250000,0,terminal-observed-full-front,081aeb22e1ea2b9fec8ac2a7a93929cdc61b7709cce0252b039f9408007d513b,777.4675072785228,125624.30408277395,339892.47443534934
250000,250000,0,terminal-observed-full-front,e324acb9e31ab4ccc565c2aa6d4ee4a5dc5a536196b977a4a3f02c8603e49099,1013.6375102243155,116382.6487571036,337865.8770325347
250000,250000,0,terminal-observed-full-front,ef98e5fab5c334841ae35f929447026a650c3e3cae3f25e30172e3385f3e0fce,989.5516226316489,117825.99938708564,330075.38938131207
250000,250000,0,terminal-observed-full-front,07259a02976832c515c1dedf5fd7e669db6d206a618572d0399ed7a94ccfbaa1,1042.6968776811295,117171.41534769128,328980.41351060383
250000,250000,0,terminal-observed-full-front,5caf5ce0b75841885eb9bd0afe160686c490c647619a4ad527c8926f5b5ac761,785.1172274331989,125532.04735883279,339219.70895672153
250000,250000,0,terminal-observed-full-front,a2b486e70e71c64bdd545d9e7b45ffefab1b6f3a2b8eef9764770b0ace22c983,787.8451955717176,125419.46595484987,339162.0741504628
250000,250000,0,terminal-observed-full-front,bc95d4d96028814bb91889606f3fdf2523df29adc8e415fbc329bd636858065f,777.2959995938627,125634.54163973324,339781.56268567883
250000,250000,0,terminal-observed-full-front,cf04ed1abfecd028a68c0e00a0b08ecf7c5b1a1d58e76623aa168d3b60eda5ab,777.2959995938627,125634.54163973324,339781.56268567883
250000,250000,0,terminal-observed-full-front,210d1ccad650f8a0b4dcdadf8ac667404fb8641547b901047708b1b68074db6a,777.2959995938627,125634.54163973324,339781.56268567883
250000,250000,0,terminal-observed-full-front,ce5aceefe11f40256500b3b4edd4b79871dec9f633bd75a66e3a238b5a4fecf2,777.4675072785228,125624.30408277395,339892.47443534934
250000,250000,0,terminal-observed-full-front,6355575773d8efb117d7e0ec9ed0b8fb8a5d2d9d62f5b623d4d5f0a53eb8b05d,777.4675072785228,125624.30408277395,339892.47443534934
250000,250000,0,terminal-observed-full-front,5ebb6d9f8224dfc058cd9e1bb14fbf7d78e4c2e5687e3cc08686dbce11327255,777.4675072785228,125624.30408277395,339892.47443534934
250000,250000,0,terminal-observed-full-front,25c07c6e14139e59f75e022ec16fa94206ee4712d6db2913182fc079b54ac650,777.4675072785228,125624.30408277395,339892.47443534934
250000,250000,0,terminal-observed-full-front,34b5db7a1a9ab345a3e46dc7775f7a167ee619ed1fba17f2d8b0cfa7c092a4b9,777.4675072785228,125624.30408277395,339892.47443534934
250000,250000,0,terminal-observed-full-front,5886d5458ec7ce462f64424576d58f08e871de9b1f355a5fa09b00ae3f1fbf60,1024.6980236317293,116900.68236652776,330366.72046872723
250000,250000,0,terminal-observed-full-front,7dd8fc25468a2db619d09d98fbfab64bb4acfb80d6a1d616907cdcea61476ea7,975.3530888357035,117200.0723567401,334415.79802055255
250000,250000,0,terminal-observed-full-front,edcb469ec5a610784ae0a3269a07ffa92150db007e754bd2ba05f7f3bacfa1d2,1057.0927589771727,116033.6792789244,332735.08706874616
250000,250000,0,terminal-observed-full-front,1791efe76a8de30acee15e97322dc14faf7fc3bc478fd7d8027213c0af259d0b,1142.6601787690113,114461.1492073657,321852.96432610165
250000,250000,0,terminal-observed-full-front,34b5db7a1a9ab345a3e46dc7775f7a167ee619ed1fba17f2d8b0cfa7c092a4b9,777.4675072785228,125624.30408277395,339892.47443534934
250000,250000,0,terminal-observed-full-front,191f4ab7576826026f450f5c1d3a22ddb2c0e2c2bbeda516db2da8dbcd55dd5b,777.4675072785228,125624.30408277395,339892.47443534934
250000,250000,0,terminal-observed-full-front,6095e0f164ba99a87deff9963e17cebccc7fd229be1532e98b74ef98abb67e5c,1022.2607745480359,117251.52669623296,326811.64066663536
250000,250000,0,terminal-observed-full-front,191f4ab7576826026f450f5c1d3a22ddb2c0e2c2bbeda516db2da8dbcd55dd5b,777.4675072785228,125624.30408277395,339892.47443534934
250000,250000,0,terminal-observed-full-front,24e8e537adbeb7d8442429cbc4a53e7c3a1136f8dd76b5ea4e6ed877fdeedf63,777.4675072785228,125624.30408277395,339892.47443534934
250000,250000,0,terminal-observed-full-front,9e7e44a8352bbc85eaae03522e3357d2d9494529c63eb7a3b9c86598702d3570,1026.2752158551402,118558.66936835751,317174.97871835757
250000,250000,0,terminal-observed-full-front,fba8e8b141bd6c3d3dd8aa1e3e6621d8e458aa45a1ad4bb928b64ea46d9de4c3,1085.8024700828244,115173.17132789543,333256.02470515145
250000,250000,0,terminal-observed-full-front,6a12a851d0fd79987cd386b45c7df0fe80c559876d939608be2ff7fc7ea024ef,976.2616068889707,117841.02472290635,323554.9795552939
250000,250000,0,terminal-observed-full-front,37ddc25fec0ed2b25a14835a80fca3a8a418f93dde9fe3c3f4a4984d510818a8,777.2959995938627,125634.54163973324,339781.56268567883
250000,250000,0,terminal-observed-full-front,79d52ed5dd51a9e2ada86f3540fa84d80c69d9eb578f237890dfbc3a11701bce,794.1948985829899,125327.92771328686,342913.6204204567
250000,250000,0,terminal-observed-full-front,c3d9f0a897061c694352c228440c04557764a5b3983701935df05d69cae57f3d,1190.4208732054592,114731.69543813632,315736.38775213104
250000,250000,0,terminal-observed-full-front,f15ce496de25faac233e0be531cafd0b12549b136dbbeaab3cb75c5ec1558d71,1003.7549341659095,119769.56721711175,310674.05193565483
250000,250000,0,terminal-observed-full-front,e524376b36bf1d92de6c2ce15f3b2cc39a24cf4d1ec38203bc93215ca23ee5f3,955.7342324520288,120109.32550616143,308245.6241988712
250000,250000,0,terminal-observed-full-front,28670eab4d1da35f02155e22e73d5899508d447ce6c69df7031c01532bffdb14,777.4675072785228,125624.30408277395,339892.47443534934
250000,250000,0,terminal-observed-full-front,6d412e8ae1e3bc73d02f20d33148bf054862757f0196ad93acda70cc6cc8a93b,795.8366367247914,125590.06612112597,338258.9756293945
250000,250000,0,terminal-observed-full-front,d2ac0afedc51b10de9458f2107e69c268d34911402b5aa76c76ae276d0b22dca,795.8366367247914,125590.06612112597,338258.9756293945
250000,250000,0,terminal-observed-full-front,6d412e8ae1e3bc73d02f20d33148bf054862757f0196ad93acda70cc6cc8a93b,795.8366367247914,125590.06612112597,338258.9756293945
250000,250000,0,terminal-observed-full-front,3a4b4dd0ececd5956569f994f7bbddce26b3a0304959048226ff949e08126f59,777.4675072785228,125624.30408277395,339892.47443534934
250000,250000,0,terminal-observed-full-front,3a4b4dd0ececd5956569f994f7bbddce26b3a0304959048226ff949e08126f59,777.4675072785228,125624.30408277395,339892.47443534934
250000,250000,0,terminal-observed-full-front,d50fad745b87f651250a7049cdeb34150db8639989f435361f609021552cc58b,808.8538606302657,125303.98717861084,338461.21509833034
250000,250000,0,terminal-observed-full-front,3a4b4dd0ececd5956569f994f7bbddce26b3a0304959048226ff949e08126f59,777.4675072785228,125624.30408277395,339892.47443534934
250000,250000,0,terminal-observed-full-front,f205343855ef01585016a9201efa703d1466abd0451e940c8ef467dc5268dc0c,1065.380693446394,115951.0330295625,345121.3600160659
250000,250000,0,terminal-observed-full-front,3a4b4dd0ececd5956569f994f7bbddce26b3a0304959048226ff949e08126f59,777.4675072785228,125624.30408277395,339892.47443534934
250000,250000,0,terminal-observed-full-front,50b015862eec1547cbee186453cdee8b73fa0a15b7fb368e721ebb830901f22d,813.1113269924846,125962.8085762005,336151.42253392923
250000,250000,0,terminal-observed-full-front,32595ba4368721b894cfbe155e288f16b352b01dc2a875ea70de0ba35a940e9c,1122.089736841743,114687.99029983272,334451.7896854782
250000,250000,0,terminal-observed-full-front,3a4b4dd0ececd5956569f994f7bbddce26b3a0304959048226ff949e08126f59,777.4675072785228,125624.30408277395,339892.47443534934
250000,250000,0,terminal-observed-full-front,3a4b4dd0ececd5956569f994f7bbddce26b3a0304959048226ff949e08126f59,777.4675072785228,125624.30408277395,339892.47443534934
250000,250000,0,terminal-observed-full-front,2de8df6e7e07543b2a3dc6b067d63f78d493dc200acbbe04755ca0a363b9630b,777.4675072785228,125624.30408277395,339892.47443534934
250000,250000,0,terminal-observed-full-front,3a4b4dd0ececd5956569f994f7bbddce26b3a0304959048226ff949e08126f59,777.4675072785228,125624.30408277395,339892.47443534934
250000,250000,0,terminal-observed-full-front,a398961c7a30f80ac7f6b82faaf1e7647963353a4219fe91617a5676a86d9742,1023.6618550666377,118770.44454008309,320455.65326993715
250000,250000,0,terminal-observed-full-front,28670eab4d1da35f02155e22e73d5899508d447ce6c69df7031c01532bffdb14,777.4675072785228,125624.30408277395,339892.47443534934
250000,250000,0,terminal-observed-full-front,2fba935ad0be3e289433781e545d70f70a69b81fcbb8facf68b3595c1207652d,777.2959995938627,125634.54163973324,339781.56268567883
250000,250000,0,terminal-observed-full-front,75b48a608b6c3bc08fae9bcefe2e0d0561fa6a768570e0452a6c6b0870b4fd4b,810.595323934047,124999.71872364942,339288.4385883944
250000,250000,0,terminal-observed-full-front,8a4d36ae2df8b0dd7259225135d04947c479234a93873fa9f13ecfd6560f5124,777.4675072785228,125451.30089572337,341566.56710044487
250000,250000,0,terminal-observed-full-front,3a4b4dd0ececd5956569f994f7bbddce26b3a0304959048226ff949e08126f59,777.4675072785228,125624.30408277395,339892.47443534934
250000,250000,0,terminal-observed-full-front,75b48a608b6c3bc08fae9bcefe2e0d0561fa6a768570e0452a6c6b0870b4fd4b,810.595323934047,124999.71872364942,339288.4385883944
250000,250000,0,terminal-observed-full-front,3a4b4dd0ececd5956569f994f7bbddce26b3a0304959048226ff949e08126f59,777.4675072785228,125624.30408277395,339892.47443534934
250000,250000,0,terminal-observed-full-front,7744700003bb3fdd6d7e7618ccb33c71b1968988f4120c8becb6e2c5f7738fc2,777.2959995938627,125634.54163973324,339781.56268567883
250000,250000,0,terminal-observed-full-front,7744700003bb3fdd6d7e7618ccb33c71b1968988f4120c8becb6e2c5f7738fc2,777.2959995938627,125634.54163973324,339781.56268567883
250000,250000,0,terminal-observed-full-front,53657195c896fc8994ced240493334919e6f51925837288a5590b951571efc06,939.4890409430509,119559.94120930169,316280.32146713155
250000,250000,0,terminal-observed-full-front,c47dc095a84bf9ee05d402e4acba44b816e25723c357b45342cc5c927343f842,1004.6070143558469,117090.72011871886,330797.8702700202
250000,250000,0,terminal-observed-full-front,74fdaa6cf0f3724ed62c8c7ccc7cac3ec360dde3637cefeadfef463c0c9899ae,1177.439253568701,115166.4993515788,315065.81157016207
250000,250000,0,terminal-observed-full-front,e193d6bae0fd89f793d224f53e88cef48a09c695d0c88abd591be0db8dea0f1a,931.6096929495726,120458.30769056684,307951.72350990813
250000,250000,0,terminal-observed-full-front,a5aed6cf216c177e9ceab74593fe285b418b71508478ec9fa8969237127e213b,777.4675072785228,125665.9994817755,338646.6167798893
250000,250000,0,terminal-observed-full-front,e193d6bae0fd89f793d224f53e88cef48a09c695d0c88abd591be0db8dea0f1a,931.6096929495726,120458.30769056684,307951.72350990813
250000,250000,0,terminal-observed-full-front,a5aed6cf216c177e9ceab74593fe285b418b71508478ec9fa8969237127e213b,777.4675072785228,125665.9994817755,338646.6167798893
250000,250000,0,terminal-observed-full-front,9f05c8f47ff5e174b112d312ee8c9aaab567fb6dfd7dd63918937e666b05eea9,777.4675072785228,125624.30408277395,339892.47443534934
250000,250000,0,terminal-observed-full-front,6fbe0c02273ad0b9763498c9593ddeb59ae77b1c7f6a3e77070a90216137257c,1213.244271524767,113735.7375193985,318509.166327592
250000,250000,0,terminal-observed-full-front,28670eab4d1da35f02155e22e73d5899508d447ce6c69df7031c01532bffdb14,777.4675072785228,125624.30408277395,339892.47443534934
250000,250000,0,terminal-observed-full-front,d1f29d52732b8d67b2f73894479ff299abd5f051811c4b5ee261c17c033c0f0e,777.2959995938627,125634.54163973324,339781.56268567883
250000,250000,0,terminal-observed-full-front,ac9309b18c66b0be922cc6ca2fa4dd328caa1439656fb1b5b9c4bba802c936f3,1238.5089264862688,114069.05843627264,314479.06979475386
250000,250000,0,terminal-observed-full-front,28c01f11df24a2cfac336e97feb280b5d3a0d24052adb549865018c1b4c925bc,1053.2192481458128,119140.98099744576,310670.3110692279
250000,250000,0,terminal-observed-full-front,5b99de5833a86aa7b0221ecd95789f7d7b191f9eb9ca01fc5d1a8466936a9a2a,1109.400848764093,115383.98551285153,328508.73513200105
250000,250000,0,terminal-observed-full-front,30a5ecd6e111a9a6a4e800047be07e9dbd48f95e0826a4dd5bbd5870f084d0d1,1121.7973784996084,115419.69241757436,315465.3405703408
250000,250000,0,terminal-observed-full-front,ea994e876a38aebcb2dc59263d9c251537e8146aa447823448b6a18bbeab8ef8,1133.764249680165,114795.58804082288,321570.9576396216
250000,250000,0,terminal-observed-full-front,9528ea614b85b4b93f5a35c72d43ddd8687e64108042b041babe2312e5325cb4,1216.6945485742845,113567.73723596265,320634.36519470625
250000,250000,0,terminal-observed-full-front,9c8af61f3a709b29416ab9fca92b752e95f4f538b1eadece94e13dbf51c4c500,1149.5238633250772,115094.60984253786,315684.54311736964
250000,250000,0,terminal-observed-full-front,b9f2d6f0dec6eb49241e24a1dd8bca3007f056be5d2ac6f61433439984d8f33a,933.7920652293236,120558.18408535232,307837.94066147815
250000,250000,0,terminal-observed-full-front,e193d6bae0fd89f793d224f53e88cef48a09c695d0c88abd591be0db8dea0f1a,931.6096929495726,120458.30769056684,307951.72350990813
250000,250000,0,terminal-observed-full-front,e33033005d6bf2d6b910214c9af25f360cadc5fc850baefa8ffa376316b986ed,931.6096929495726,120458.30769056684,307951.72350990813
250000,250000,0,terminal-observed-full-front,b9124788a36a0153c17fe398b182149c02c7fa80dd8e92d298a2b7473844ed0f,928.0849027416314,119908.58223519832,339836.3386170163
250000,250000,0,terminal-observed-full-front,b9f2d6f0dec6eb49241e24a1dd8bca3007f056be5d2ac6f61433439984d8f33a,933.7920652293236,120558.18408535232,307837.94066147815
250000,250000,0,terminal-observed-full-front,b9f2d6f0dec6eb49241e24a1dd8bca3007f056be5d2ac6f61433439984d8f33a,933.7920652293236,120558.18408535232,307837.94066147815
250000,250000,0,terminal-observed-full-front,268416073bc80184e4abac9e511069414612fca9578cd4b2dcdc23b98008c1fd,1115.8790864605867,115578.94127126859,326004.47656583495
250000,250000,0,terminal-observed-full-front,b92d97ef93b33e264d870912497af2fb9490adce67b780d2a3fa72161f348b71,962.8734251536767,118678.18669422201,327566.9597231593
250000,250000,0,terminal-observed-full-front,fcc0a863e3a8d2523193fc7c7037eb47f63e56134b949826e37fc16d9cf251fe,973.2364292256179,119008.51609618826,326093.4304965603
250000,250000,0,terminal-observed-full-front,43dd8f0cff9af5acb3cdeb33931c0c7ba554c0245d5c621c088014e4e8ba5314,1221.2646576554266,113555.36401746701,319384.00398300524
250000,250000,0,terminal-observed-full-front,00be7b63637254847e749b79ca01de0b7820be2a9833684d18671fc02891d9ac,1021.8385050292037,117570.90198760638,329036.6772748899
250000,250000,0,terminal-observed-full-front,9b56822bc9cc547de58792ec88ef9502c6d4b843dafa4a16e9905c241bf24192,943.8867762803571,119337.29817933904,328369.55921344645
250000,250000,0,terminal-observed-full-front,ceb194a8f84bf1ca99da98ab0643bb0e292ff16f99922b9fd36820bfb726c4c7,933.7920652293236,120558.18408535232,307837.94066147815
250000,250000,0,terminal-observed-full-front,4c919e246e4cd1cb9a0382d2932a1b0d079e1393d0e77706b9f5ac37d27fa43b,1079.9051543836767,115926.66978557018,321433.8617821811
250000,250000,0,terminal-observed-full-front,2b32d2c01e6ffa5134400527bb66d0c422d012634f26af883a291ca2249835ea,1066.89409264936,115221.51920822271,328843.70026846026
250000,250000,0,terminal-observed-full-front,feaca32c07c47af0889bce6ca3350ec636bb2e93bb0d0166c879958c8a6a2ab2,1033.1833534556602,116218.66955368876,330805.3112462531
250000,250000,0,terminal-observed-full-front,61380b0bc5f15e43532b1d38c7a4e1180a24e1000cfe48037307a29cf24c65af,931.6096929495726,120707.84868641419,307448.10144653777
250000,250000,0,terminal-observed-full-front,6360ba1885d40386d25866fcbcf21d421c341740f8221db1a8b0c98029f29b77,933.7920652293236,120807.72508119966,307334.3185981078
250000,250000,0,terminal-observed-full-front,57340996d5bb5c5a51c56c5a41c50eada9da37cc032ebf7f051d57e8d7487019,1050.2449110041741,116158.9136812539,334791.0763027175
250000,250000,0,terminal-observed-full-front,42d49c2dbd289a65460eac4ffd12d2deb36ad695f4b5bb987a61372e42c2aeba,1114.9324779498756,114952.673244593,335077.82233570446
250000,250000,0,terminal-observed-full-front,ce775216d5c012f2f98a37de67447e9fea25498ed109a19a7bbe7600e438d356,1050.4028058646052,116649.49374637794,330164.0215876625
250000,250000,0,terminal-observed-full-front,189cde43fdca5c90e45b0b8a6bad4f2eb5d7d6d6ffe18db186a25de8bc20d7eb,1059.8286178011165,117802.16192517123,325179.3037867778
250000,250000,0,terminal-observed-full-front,b873697a6155a5a7ed2be4aaba731f0a7f97416bac6861cf7215ab18687fa4fc,1199.2135486615664,113736.35270510046,318996.6848722551
250000,250000,0,terminal-observed-full-front,e193d6bae0fd89f793d224f53e88cef48a09c695d0c88abd591be0db8dea0f1a,931.6096929495726,120458.30769056684,307951.72350990813
250000,250000,0,terminal-observed-full-front,eb85f77a90b7bf2e4e9401a3de096cb181c972f21058f14c0fe925e751c0b2ad,931.6096929495726,120458.30769056684,307951.72350990813
250000,250000,0,terminal-observed-full-front,fc9cd6b26b088668473bedca3b6e975b8e6ce435ba3ea1d0c844dffe3836c59c,1064.6658367401053,116556.17374234289,323097.23423176096
250000,250000,0,terminal-observed-full-front,0aacd759a3c90acfda10651f211730d62f93aae7031fffead4b5de713d2046ae,951.3713764285551,119771.30176242368,310705.2018611205
250000,250000,0,terminal-observed-full-front,98c4f2fc44206b5209def5f139f1c3ff9bf7903af4fa1c0c8ff9370f6e649c78,897.5795133634889,120122.25990573244,336073.4710275959
250000,250000,0,terminal-observed-full-front,eb85f77a90b7bf2e4e9401a3de096cb181c972f21058f14c0fe925e751c0b2ad,931.6096929495726,120458.30769056684,307951.72350990813
250000,250000,0,terminal-observed-full-front,723ffecbe6976d7d9479984d80bd9bfaab09612e0e7fad5e173ba435be38af88,933.7920652293236,120558.18408535232,307837.94066147815
250000,250000,0,terminal-observed-full-front,3954cf691b34b415030d5332e20028e70f5ee7ae696531f9a33710acaaec045e,791.9077621578194,126228.36658225421,336728.160756006
250000,250000,0,terminal-observed-full-front,23f2a08aa8fb6b817a8a72336dcf60f6bcd71ae86754ff3275b67b08ccb85893,1109.970185519684,115098.9117636756,330428.4829383086
250000,250000,0,terminal-observed-full-front,382386a4462b67a3b04927ee8728ff0c5ddcbe36c2b66566e9a86f903b2e6552,907.889350994634,120655.00844665305,313986.9582618522
250000,250000,0,terminal-observed-full-front,b9f2d6f0dec6eb49241e24a1dd8bca3007f056be5d2ac6f61433439984d8f33a,933.7920652293236,120558.18408535232,307837.94066147815
250000,250000,0,terminal-observed-full-front,bf1be0e84827f76a30a7fd9c621881895d4a4ee515412175a7165b79e48eef85,933.7920652293236,120558.18408535232,307837.94066147815
250000,250000,0,terminal-observed-full-front,88b40d26057733dfe95b47130ec7d5becb98ad614a403b55cca3c524ad1b48c9,917.4422244773237,121820.81953663743,310168.7778295449
250000,250000,0,terminal-observed-full-front,1353b2c956eb2f668d9c943e8cee9a818e92e33747b96d7cf0899b8d3df145f8,1118.0894978302338,115279.88673036419,328791.02115769195
250000,250000,0,terminal-observed-full-front,de3537f44bf5a09ff97b63a8a36794f55caacb9fee42113d3c6b796a0d783353,904.1722189863344,121230.2986086779,311658.55021632026
250000,250000,0,terminal-observed-full-front,05b32f8ee2032b45a2fdbc1d7d7ead21965aae4094f0e5548ed7df5844bf7e79,959.9835479779141,120291.58428808599,306133.49532927806
250000,250000,0,terminal-observed-full-front,20512d6a7532c340dbec8754c10995185d1e77dce969807828094fa826cdf894,926.1552158707137,120182.0824478795,309909.7662529009
250000,250000,0,terminal-observed-full-front,eabaa6d5f068acc0ce92fa06330a4c0bf84d016ec350edbd6421db33978429d4,926.1552158707137,120194.37196821684,309564.1165336955
250000,250000,0,terminal-observed-full-front,b9f2d6f0dec6eb49241e24a1dd8bca3007f056be5d2ac6f61433439984d8f33a,933.7920652293236,120558.18408535232,307837.94066147815
250000,250000,0,terminal-observed-full-front,3d93f7adc57931580eb8643caef89b2a2c9d0fda51e380ed1b509f8add2ffa19,1014.331009193616,119678.7624255975,309729.5781806882
250000,250000,0,terminal-observed-full-front,c28e7d388965ce3ebf878db7e4340d35a7675ea8b05090707fec06e25c77afbb,931.6096929495726,120458.30769056684,307951.72350990813
250000,250000,0,terminal-observed-full-front,323926272aaa34df5f11f7e075c8581580e3ba7c92b9d956c28649de0bca540f,999.4716725977079,120137.82288685362,307375.7957724877
250000,250000,0,terminal-observed-full-front,a06138795a5efdc5ea5d6a566c01320597e3ffadd640b96e270e15db86118807,999.4716725977079,120071.13656680411,307684.0807179171
250000,250000,0,terminal-observed-full-front,723ffecbe6976d7d9479984d80bd9bfaab09612e0e7fad5e173ba435be38af88,933.7920652293236,120558.18408535232,307837.94066147815
250000,250000,0,terminal-observed-full-front,12b13ee99ed32a3f1f12c3f6ea3e73b025a2002b811385bcc6c8e847a63d0111,1052.5963483348348,116131.28049254202,345956.385597431
250000,250000,0,terminal-observed-full-front,77b4b4b8257306fe36abac5580e44c8059756be7476365a87978d79c4cf9f9f6,854.0180203497956,122489.82846042373,325114.955452119
250000,250000,0,terminal-observed-full-front,ae893254b733b30d305fdb11a01f69494af4c92b9830cacdcb0089654bd85fa9,1201.8141776175194,113526.19250827463,322707.44767074246
250000,250000,0,terminal-observed-full-front,9b2b616b2b151749932bcf3a2a04aaee7a9d799f0f389f788bf6bec34feabfcd,933.7920652293236,120558.18408535232,307837.94066147815
250000,250000,0,terminal-observed-full-front,cdbbac322fa2bcdac700825399ecbf5229cd3953c72abb563ddc626d0768cac2,921.7696370433458,120090.87450318428,311911.9485054001
250000,250000,0,terminal-observed-full-front,3dff06450f4a6cadc94a5c630b35064a7214e3546191588d453e1b6f9b32efce,926.1552158707137,120042.62517507089,310364.83505514765
250000,250000,0,terminal-observed-full-front,8167843ceec4ef81fc0b2018ff93aa1d0a549320b9c00632acb2698690b4e45d,915.4638087325849,120914.81055870502,311743.54166585556
250000,250000,0,terminal-observed-full-front,3daf5c6ad824bd3dc6581d4a63f16242d5cf9ec57b665fc7ea44bd9576936eb5,953.7923468193327,120203.59467468176,307575.8445970587
250000,250000,0,terminal-observed-full-front,d3884ad58f5c34f2989c96a792f9680addb7befa2fa7d5eec0c2fad53b2c3a8c,1190.6935539525325,113557.31235790363,322064.66791063256
250000,250000,0,terminal-observed-full-front,ba2e327b66e98ac19d9e00a4b37921956cec2c92b5e639dc7cc5dc05b82113fb,933.7920652293236,120558.18408535232,307837.94066147815
250000,250000,0,terminal-observed-full-front,761c1d6e62af8dbd794b5b2f57531c6b4d2a25649744242ef94ab01663b762c8,1241.336895559978,113340.54242438497,317290.7586755292
250000,250000,0,terminal-observed-full-front,cd61e98adf9ec4527ad778ca187bbfc6d3a9fb18e9bb6f0fbb9420d8195c94a3,1190.6935539525325,113663.72660162498,321715.63449716783
250000,250000,0,terminal-observed-full-front,1f56d0fea032468eab5700cf09a71f84f8a940b2359a98f32d8754314a8e8552,933.7920652293236,120558.18408535232,307837.94066147815
250000,250000,0,terminal-observed-full-front,1f56d0fea032468eab5700cf09a71f84f8a940b2359a98f32d8754314a8e8552,933.7920652293236,120558.18408535232,307837.94066147815
250000,250000,0,terminal-observed-full-front,06d0b8d875c4b3aa5bbc0fce9f3ac1524a4c64a369ec62be9a890bb9a2f2f8a2,1263.622918618899,113130.30561817749,320001.6687902839
250000,250000,0,terminal-observed-full-front,5647f375b217f8a906e615cbaae4c474645e277d428d5c5c488ee3fcb394ca2a,862.90454050027,122274.19672961436,322218.2166643183
250000,250000,0,terminal-observed-full-front,e382cd5b98dc79b8ca0fc1d9a34ddadab08931fff2ddeff668b1d2531efb5f09,934.6231071446967,120725.74517433965,307343.3192147315
250000,250000,0,terminal-observed-full-front,0cdc7d6b1284120000294e07fd5a3f61534ca737e2fe018df07c20d0abfcc659,1224.2664506415358,113449.42300973058,317717.73454502644
250000,250000,0,terminal-observed-full-front,c67f3253cd99d0cf351cbd85b282c1891475edb1b4eb4d83f73d753fe7633b62,944.2405976792857,118817.983770022,337229.54378788744
250000,250000,0,terminal-observed-full-front,b9f2d6f0dec6eb49241e24a1dd8bca3007f056be5d2ac6f61433439984d8f33a,933.7920652293236,120558.18408535232,307837.94066147815
250000,250000,0,terminal-observed-full-front,619a8f18df13232e537864ab7dacd11447ec0f90c4defe50f83336cd4140f8e5,1091.8534430865243,116105.92075752735,319672.60620811407
250000,250000,0,terminal-observed-full-front,3d6e725a5d09b4d1a90ffae6ddd5cf1e556ab9fbfd3ec42c90734cee0b500c52,1048.3650057746954,116860.12353220164,329037.72623974737
250000,250000,0,terminal-observed-full-front,e193d6bae0fd89f793d224f53e88cef48a09c695d0c88abd591be0db8dea0f1a,931.6096929495726,120458.30769056684,307951.72350990813
250000,250000,0,terminal-observed-full-front,a14627770a9cf23d077867acc2aa409dd71ca85b36413b63090cbbc8109be4b8,1226.025324815743,113318.69782267878,319408.7020379913
250000,250000,0,terminal-observed-full-front,39b7fbb75e0356f57a32bd764f18e8af43d5ca4852bd09b9f837f75b43f0fd50,929.2515854525852,119688.50149364534,328522.69694261975
250000,250000,0,terminal-observed-full-front,c1e1261495679fd6e7dbb8076d5215f0f6ea3e0fef7c6626dc3d78e9fa3696e0,1211.2725740111441,113503.80232841542,322621.8998856747
250000,250000,0,terminal-observed-full-front,a14627770a9cf23d077867acc2aa409dd71ca85b36413b63090cbbc8109be4b8,1226.025324815743,113318.69782267878,319408.7020379913
250000,250000,0,terminal-observed-full-front,d6fa9f6522b1f8b52f04845bc2629ecc823416a754ca187123a2f5655f33fad7,915.4638087325849,121133.0700849016,310293.0593207602
250000,250000,0,terminal-observed-full-front,e88d1feb245d4f305092724be64c176c353a358628080b6d7ce97fb72d879f09,1183.9767199955277,113987.36911224885,317137.0766898115
250000,250000,0,terminal-observed-full-front,4ea6f0fb59cb6630d18d154cf8224ab9a5e30e7fceeedc2bc78d5a4c0b442d5d,1207.4058470933323,113668.07693900238,319451.00229119876
250000,250000,0,terminal-observed-full-front,70b66ab7ba97f55bac744382f9e2bf9481f6cff748e302fc5f0bfa3a4f491357,1011.8044307871896,119395.86151429062,311201.6231765754
250000,250000,0,terminal-observed-full-front,3ee8e57812921442c21e39aa325a1a1335b532ffb2f029e22b2b0a917e3e2ea9,897.2874797652204,121112.0170437356,315090.1293382457
250000,250000,0,terminal-observed-full-front,3f56e866692f505ea802f77dbe5957e2597b2d9b47ae45f340eaeb90abe62945,1219.5359618364262,113735.06302508741,316528.25009841577
250000,250000,0,terminal-observed-full-front,b9f2d6f0dec6eb49241e24a1dd8bca3007f056be5d2ac6f61433439984d8f33a,933.7920652293236,120558.18408535232,307837.94066147815
250000,250000,0,terminal-observed-full-front,e55d82797e8147219d7ef04e10591e8da08993d6d6accc6f096e0079c5e95a5e,1189.4876816327533,114006.81494294773,317101.31774317496
250000,250000,0,terminal-observed-full-front,a25fa5d82245dfdbc8f2987b5b8fd9bd73218180bf3c9be0f00a488c5b5ec55b,1210.4787509493,113600.93162423972,318992.2870131118
250000,250000,0,terminal-observed-full-front,8ca27f3e7291665eecdae1ad862ba029409953097630f9648b68e4ef9140c63d,1160.3176110090217,114954.89921457716,317844.1200997124
250000,250000,0,terminal-observed-full-front,dc88dd779acf28dd0366df1c4d6bbaaaf1585a452805d149c596562e88fb19be,1198.9665601480071,113634.08478312282,319670.00044628384
250000,250000,0,terminal-observed-full-front,da8ce396c22cf1133384a759928f9c9e540ebf22f8427fa990055daae8ccb3d5,1214.240492835805,113530.47307585584,321395.26998703356
250000,250000,0,terminal-observed-full-front,dc88dd779acf28dd0366df1c4d6bbaaaf1585a452805d149c596562e88fb19be,1198.9665601480071,113634.08478312282,319670.00044628384
250000,250000,0,terminal-observed-full-front,a14627770a9cf23d077867acc2aa409dd71ca85b36413b63090cbbc8109be4b8,1226.025324815743,113318.69782267878,319408.7020379913
250000,250000,0,terminal-observed-full-front,5c683ab77e5962b2a35f3a1093df891de93ce706d39c4b10e2b5f336d541e335,1226.025324815743,113301.8938643983,319946.8885120258
250000,250000,0,terminal-observed-full-front,547d16cb832aa27bd37b866788a80dc49e7905fd6d739a2c5546639c82856c76,1180.74732030316,113959.2400002983,319207.05813309766
250000,250000,0,terminal-observed-full-front,a14627770a9cf23d077867acc2aa409dd71ca85b36413b63090cbbc8109be4b8,1226.025324815743,113318.69782267878,319408.7020379913
250000,250000,0,terminal-observed-full-front,dc88dd779acf28dd0366df1c4d6bbaaaf1585a452805d149c596562e88fb19be,1198.9665601480071,113634.08478312282,319670.00044628384
250000,250000,0,terminal-observed-full-front,547d16cb832aa27bd37b866788a80dc49e7905fd6d739a2c5546639c82856c76,1180.74732030316,113959.2400002983,319207.05813309766
250000,250000,0,terminal-observed-full-front,4e19a06dea69a84176a5d06849508643f405d442142b455ca7cb1db5514fad5e,1196.5842119524502,114494.34419842833,315344.36240190594
250000,250000,0,terminal-observed-full-front,cc9ce1a85c8b4125523551a3f78cbf4e01916e09fc862851fa20618b3114b341,1211.9888570636228,113401.47594936675,321580.0382831627
250000,250000,0,terminal-observed-full-front,881fcf95d5a8096776facfc6998905f40b5fdcb23708a0e05baf80ba0d212d7e,1204.0506263974182,113582.94316244661,319981.01861035964
250000,250000,0,terminal-observed-full-front,dc88dd779acf28dd0366df1c4d6bbaaaf1585a452805d149c596562e88fb19be,1198.9665601480071,113634.08478312282,319670.00044628384
250000,250000,0,terminal-observed-full-front,1d2a8eebf6fce85747efa601088eb13b6f24af9a93b4e831734b93560b798f8b,1174.410185976909,114880.31444136135,315183.03920562717
250000,250000,0,terminal-observed-full-front,43f2711b80c79938cf704118d51fb29b05f9cc2ef658494f3c705121ee088576,1211.1835970470238,114123.93201606371,314211.4678293014
250000,250000,0,terminal-observed-full-front,3f56e866692f505ea802f77dbe5957e2597b2d9b47ae45f340eaeb90abe62945,1219.5359618364262,113735.06302508741,316528.25009841577
250000,250000,0,terminal-observed-full-front,5401a813a912ef68073d9aa37de5e7d24ed4946a38552c0a103272b6e65213f5,1232.2473043091177,113477.28032193502,315340.95305867976
250000,250000,0,terminal-observed-full-front,a14627770a9cf23d077867acc2aa409dd71ca85b36413b63090cbbc8109be4b8,1226.025324815743,113318.69782267878,319408.7020379913
250000,250000,0,terminal-observed-full-front,022e8e72d62950a76bdbccd5231266327c9b2979a21052aea2d6f8560d2e06d3,1196.3956464875944,113698.15297428527,321694.11152597034
250000,250000,0,terminal-observed-full-front,dd7360e1db23070866133c2562f968a42110ff7528e3a7a7fd61f104cb6dc4b9,1182.822988271932,114661.8773592383,315977.8039275376
250000,250000,0,terminal-observed-full-front,4420a9ce97c786f41e55dde7b14e882835bb49bc3b748e322a298b9de13ae308,1226.025324815743,113375.57159311409,318809.91148495395
250000,250000,0,terminal-observed-full-front,95da18264bfdf0afcc774827df7aa65430d2222b9abc59f4cc6ff90f69ee92c4,812.7908723322616,126073.87014539486,336846.6453379166
250000,250000,0,terminal-observed-full-front,1ecff02f3f35c893f82ebeb9217bd25178a01ff36dd193d4006e24e68bbc398e,1221.946048107219,113274.6293623581,321100.9475699189
250000,250000,0,terminal-observed-full-front,4e5f5799bcd55ab80fbbf0f5d9bd9efba98b629fe112e14579115cfb6ad4aa91,1163.226722768388,114020.3894069005,322935.79980040685
250000,250000,0,terminal-observed-full-front,2778dd61dabcaa379c16a87ba8bb6e0792b7385dd99f149850933a299c92816f,945.9241335815524,120380.15044570933,307600.3763221628
250000,250000,0,terminal-observed-full-front,9a7e4ee17f8df0449a8acce51cced79bdc5b34794e45f44d7a049b0829709c67,945.9241335815524,120557.82551482643,307389.7643413347
250000,250000,0,terminal-observed-full-front,065ddf87649c6e3da11ac2ea7d64da4a6ea58c736126c651c11d2e15754954fe,945.9241335815524,120469.00144332652,307395.35069307516
250000,250000,0,terminal-observed-full-front,41578dda6820d53117dce2e88bc19c145665d29f939190b294e03e2d99b4f29c,1226.025324815743,113318.69782267878,319408.7020379913
250000,250000,0,terminal-observed-full-front,e193d6bae0fd89f793d224f53e88cef48a09c695d0c88abd591be0db8dea0f1a,931.6096929495726,120458.30769056684,307951.72350990813
250000,250000,0,terminal-observed-full-front,2778dd61dabcaa379c16a87ba8bb6e0792b7385dd99f149850933a299c92816f,945.9241335815524,120380.15044570933,307600.3763221628
250000,250000,0,terminal-observed-full-front,3fc3b71f38ef0a4bd38f2612c5b96ef948bcb8dc74d0027330c809829f2f28a3,929.6883209697257,120740.90256669011,308454.7204141802
250000,250000,0,terminal-observed-full-front,e193d6bae0fd89f793d224f53e88cef48a09c695d0c88abd591be0db8dea0f1a,931.6096929495726,120458.30769056684,307951.72350990813
250000,250000,0,terminal-observed-full-front,8287cdff3bad2e04362d30ee14fb4e5b8a7170e3d84bafadffc4406fc8b0ed2e,1190.6935539525325,113663.72660162498,321715.63449716783
250000,250000,0,terminal-observed-full-front,956e31251aff7488ecc998f5770f58a65edc6a2017b165a70e6cda456e52a3d4,1163.764161037133,114372.39534470168,316149.02692100196
250000,250000,0,terminal-observed-full-front,e193d6bae0fd89f793d224f53e88cef48a09c695d0c88abd591be0db8dea0f1a,931.6096929495726,120458.30769056684,307951.72350990813
250000,250000,0,terminal-observed-full-front,b1bb55c008522678d300b94cbcda59a3d9647f6477556c1befa4f08de3add8f9,945.9241335815524,120380.15044570933,307600.3763221628
250000,250000,0,terminal-observed-full-front,2778dd61dabcaa379c16a87ba8bb6e0792b7385dd99f149850933a299c92816f,945.9241335815524,120380.15044570933,307600.3763221628
250000,250000,0,terminal-observed-full-front,5098975f3c835d583ef75859a4ed306d0ed64bcce2a09e09305d3de0760ec2f9,920.0186273532754,120759.48124942447,310818.64340052893
250000,250000,0,terminal-observed-full-front,2778dd61dabcaa379c16a87ba8bb6e0792b7385dd99f149850933a299c92816f,945.9241335815524,120380.15044570933,307600.3763221628
250000,250000,0,terminal-observed-full-front,bd87b3de37d22cbfeaa462404d9c35a49e09b7020693c5e1fe9e4e2c4283c1f8,931.6096929495726,120458.30769056684,307951.72350990813
250000,250000,0,terminal-observed-full-front,b1bb55c008522678d300b94cbcda59a3d9647f6477556c1befa4f08de3add8f9,945.9241335815524,120380.15044570933,307600.3763221628
250000,250000,0,terminal-observed-full-front,5098975f3c835d583ef75859a4ed306d0ed64bcce2a09e09305d3de0760ec2f9,920.0186273532754,120759.48124942447,310818.64340052893
250000,250000,0,terminal-observed-full-front,2778dd61dabcaa379c16a87ba8bb6e0792b7385dd99f149850933a299c92816f,945.9241335815524,120380.15044570933,307600.3763221628
250000,250000,0,terminal-observed-full-front,1c9e5e03505b38516e068ea3ae200580b8cff775ca547687f196be9947d17013,965.0172885826786,120285.32240010035,306975.8085586255
250000,250000,0,terminal-observed-full-front,9d7335555eb80758ec6ccedfdb55de4a409234456abc878934735946bf8eb003,945.9241335815524,120347.79651626053,307939.36601852777
250000,250000,0,terminal-observed-full-front,e193d6bae0fd89f793d224f53e88cef48a09c695d0c88abd591be0db8dea0f1a,931.6096929495726,120458.30769056684,307951.72350990813
250000,250000,0,terminal-observed-full-front,bbc82578de6db5b40986f0ec3b4d80eb4b3effbb3431174436806a0b00ea33d5,931.6096929495726,120458.30769056684,307951.72350990813
250000,250000,0,terminal-observed-full-front,fbf6f0fc3a338ecf90d03739210f76651e1255f3e89b1dbab7441dcc3dbcd7e9,1221.946048107219,113274.6293623581,321100.9475699189
250000,250000,0,terminal-observed-full-front,2778dd61dabcaa379c16a87ba8bb6e0792b7385dd99f149850933a299c92816f,945.9241335815524,120380.15044570933,307600.3763221628
250000,250000,0,terminal-observed-full-front,fbf6f0fc3a338ecf90d03739210f76651e1255f3e89b1dbab7441dcc3dbcd7e9,1221.946048107219,113274.6293623581,321100.9475699189
250000,250000,0,terminal-observed-full-front,1c9e5e03505b38516e068ea3ae200580b8cff775ca547687f196be9947d17013,965.0172885826786,120285.32240010035,306975.8085586255
250000,250000,0,terminal-observed-full-front,9d7335555eb80758ec6ccedfdb55de4a409234456abc878934735946bf8eb003,945.9241335815524,120347.79651626053,307939.36601852777
250000,250000,0,terminal-observed-full-front,e193d6bae0fd89f793d224f53e88cef48a09c695d0c88abd591be0db8dea0f1a,931.6096929495726,120458.30769056684,307951.72350990813
250000,250000,0,terminal-observed-full-front,e193d6bae0fd89f793d224f53e88cef48a09c695d0c88abd591be0db8dea0f1a,931.6096929495726,120458.30769056684,307951.72350990813
250000,250000,0,terminal-observed-full-front,f764e05da86964da79711b6f8b3e872d9cc70a375477e01bacbb0337e9aa00d3,945.9241335815524,120557.82551482643,307389.7643413347
250000,250000,0,terminal-observed-full-front,f764e05da86964da79711b6f8b3e872d9cc70a375477e01bacbb0337e9aa00d3,945.9241335815524,120557.82551482643,307389.7643413347
250000,250000,0,terminal-observed-full-front,9d7335555eb80758ec6ccedfdb55de4a409234456abc878934735946bf8eb003,945.9241335815524,120347.79651626053,307939.36601852777
250000,250000,0,terminal-observed-full-front,e193d6bae0fd89f793d224f53e88cef48a09c695d0c88abd591be0db8dea0f1a,931.6096929495726,120458.30769056684,307951.72350990813
250000,250000,0,terminal-observed-full-front,1586d71ea6c555e0183802269a88757134b515e9eb35fc07c2c285aff1193fba,920.6840881535684,120572.36359265729,310001.4388605708
250000,250000,0,terminal-observed-full-front,9fddca7a89c6446a1037ec417fb944a5aed639dd35df6e4d5931c84502c7d86d,945.9241335815524,120858.81716478345,307301.37472328806
250000,250000,0,terminal-observed-full-front,c28e7d388965ce3ebf878db7e4340d35a7675ea8b05090707fec06e25c77afbb,931.6096929495726,120458.30769056684,307951.72350990813
250000,250000,0,terminal-observed-full-front,e193d6bae0fd89f793d224f53e88cef48a09c695d0c88abd591be0db8dea0f1a,931.6096929495726,120458.30769056684,307951.72350990813
250000,250000,0,terminal-observed-full-front,8c19c749642c8fffa6defd7cc28871ee3ba7884a09a5439de94bef22c5533040,945.9241335815524,120557.82551482643,307389.7643413347
250000,250000,0,terminal-observed-full-front,06cb6c66a8ac42319c976adfd8f2df78a69dbb1b1f4a8ee5e03c811f2a7868ef,943.9200684659373,120500.51370661339,307634.125465422
250000,250000,0,terminal-observed-full-front,f764e05da86964da79711b6f8b3e872d9cc70a375477e01bacbb0337e9aa00d3,945.9241335815524,120557.82551482643,307389.7643413347
250000,250000,0,terminal-observed-full-front,7fe8f2ff57bd7558af669039e9c4edd18f0c7fdb852368d4a04006b472261e61,931.6096929495726,120458.30769056684,307951.72350990813
250000,250000,0,terminal-observed-full-front,fec0e6acbf8d9941f3286843256dbb40bba93b85ebd1294002da58cac21a634e,945.9241335815524,120557.82551482643,307389.7643413347
250000,250000,0,terminal-observed-full-front,f764e05da86964da79711b6f8b3e872d9cc70a375477e01bacbb0337e9aa00d3,945.9241335815524,120557.82551482643,307389.7643413347
250000,250000,0,terminal-observed-full-front,32f8c8a46c64b81d2e1ab92bdc07748052aedb8b8814e8722331c0d1d8adc558,931.6096929495726,120458.30769056684,307951.72350990813
250000,250000,0,terminal-observed-full-front,0d5148cb9f072d60f494b68b190d935edd0cad47249bc3655b60db923ef8b6e1,945.9241335815524,120858.81716478345,307301.37472328806
250000,250000,0,terminal-observed-full-front,f764e05da86964da79711b6f8b3e872d9cc70a375477e01bacbb0337e9aa00d3,945.9241335815524,120557.82551482643,307389.7643413347
250000,250000,0,terminal-observed-full-front,f764e05da86964da79711b6f8b3e872d9cc70a375477e01bacbb0337e9aa00d3,945.9241335815524,120557.82551482643,307389.7643413347
250000,250000,0,terminal-observed-full-front,0d5148cb9f072d60f494b68b190d935edd0cad47249bc3655b60db923ef8b6e1,945.9241335815524,120858.81716478345,307301.37472328806
250000,250000,0,terminal-observed-full-front,f764e05da86964da79711b6f8b3e872d9cc70a375477e01bacbb0337e9aa00d3,945.9241335815524,120557.82551482643,307389.7643413347
250000,250000,0,terminal-observed-full-front,0d5148cb9f072d60f494b68b190d935edd0cad47249bc3655b60db923ef8b6e1,945.9241335815524,120858.81716478345,307301.37472328806
250000,250000,0,terminal-observed-full-front,1c9e5e03505b38516e068ea3ae200580b8cff775ca547687f196be9947d17013,965.0172885826786,120285.32240010035,306975.8085586255
250000,250000,0,terminal-observed-full-front,32f8c8a46c64b81d2e1ab92bdc07748052aedb8b8814e8722331c0d1d8adc558,931.6096929495726,120458.30769056684,307951.72350990813
250000,250000,0,terminal-observed-full-front,fbf6f0fc3a338ecf90d03739210f76651e1255f3e89b1dbab7441dcc3dbcd7e9,1221.946048107219,113274.6293623581,321100.9475699189
250000,250000,0,terminal-observed-full-front,fbf6f0fc3a338ecf90d03739210f76651e1255f3e89b1dbab7441dcc3dbcd7e9,1221.946048107219,113274.6293623581,321100.9475699189
250000,250000,0,terminal-observed-full-front,21187071ae4e905bf7afec4cf134daa675b6617e586a4d5c4c9f2dfe4eaed33b,1107.6470473399545,117676.98857397394,317773.7804845464
250000,250000,0,terminal-observed-full-front,fbf6f0fc3a338ecf90d03739210f76651e1255f3e89b1dbab7441dcc3dbcd7e9,1221.946048107219,113274.6293623581,321100.9475699189
250000,250000,0,terminal-observed-full-front,fbf6f0fc3a338ecf90d03739210f76651e1255f3e89b1dbab7441dcc3dbcd7e9,1221.946048107219,113274.6293623581,321100.9475699189
250000,250000,0,terminal-observed-full-front,7df319b77b5be0657e3f4d3ae3d38af24fc1b6262b73b9eb2e62ba72ecd350b8,945.9241335815524,120557.82551482643,307389.7643413347
250000,250000,0,terminal-observed-full-front,9020324564dee200de819a66d6900a3ca07270d5d404bce97547e38baed7e5f7,1085.978902400941,115721.60871955189,325719.7736302498
250000,250000,0,terminal-observed-full-front,fbf6f0fc3a338ecf90d03739210f76651e1255f3e89b1dbab7441dcc3dbcd7e9,1221.946048107219,113274.6293623581,321100.9475699189
250000,250000,0,terminal-observed-full-front,fbf6f0fc3a338ecf90d03739210f76651e1255f3e89b1dbab7441dcc3dbcd7e9,1221.946048107219,113274.6293623581,321100.9475699189
250000,250000,0,terminal-observed-full-front,8a8c27b74b65f1b66526545eb4bfdba2192b1a61091ca60b50a2e8cad120dc03,1238.8273169257175,113212.88731365692,319975.2123496776
250000,250000,0,terminal-observed-full-front,fbf6f0fc3a338ecf90d03739210f76651e1255f3e89b1dbab7441dcc3dbcd7e9,1221.946048107219,113274.6293623581,321100.9475699189
250000,250000,0,terminal-observed-full-front,fbf6f0fc3a338ecf90d03739210f76651e1255f3e89b1dbab7441dcc3dbcd7e9,1221.946048107219,113274.6293623581,321100.9475699189
250000,250000,0,terminal-observed-full-front,fbf6f0fc3a338ecf90d03739210f76651e1255f3e89b1dbab7441dcc3dbcd7e9,1221.946048107219,113274.6293623581,321100.9475699189
250000,250000,0,terminal-observed-full-front,2778dd61dabcaa379c16a87ba8bb6e0792b7385dd99f149850933a299c92816f,945.9241335815524,120380.15044570933,307600.3763221628
250000,250000,0,terminal-observed-full-front,4bf90e69a2b537b57b585e208ec0b02d518b8559891b972ecfb4c6f31800da6d,931.6096929495726,120458.30769056684,307951.72350990813
250000,250000,0,terminal-observed-full-front,7df319b77b5be0657e3f4d3ae3d38af24fc1b6262b73b9eb2e62ba72ecd350b8,945.9241335815524,120557.82551482643,307389.7643413347
250000,250000,0,terminal-observed-full-front,fbf6f0fc3a338ecf90d03739210f76651e1255f3e89b1dbab7441dcc3dbcd7e9,1221.946048107219,113274.6293623581,321100.9475699189
250000,250000,0,terminal-observed-full-front,fbf6f0fc3a338ecf90d03739210f76651e1255f3e89b1dbab7441dcc3dbcd7e9,1221.946048107219,113274.6293623581,321100.9475699189
250000,250000,0,terminal-observed-full-front,fbf6f0fc3a338ecf90d03739210f76651e1255f3e89b1dbab7441dcc3dbcd7e9,1221.946048107219,113274.6293623581,321100.9475699189
250000,250000,0,terminal-observed-full-front,a14627770a9cf23d077867acc2aa409dd71ca85b36413b63090cbbc8109be4b8,1226.025324815743,113318.69782267878,319408.7020379913
250000,250000,0,terminal-observed-full-front,f764e05da86964da79711b6f8b3e872d9cc70a375477e01bacbb0337e9aa00d3,945.9241335815524,120557.82551482643,307389.7643413347
250000,250000,0,terminal-observed-full-front,9a1f1a0d9f252046e4af3c7a9991b7eba721fb5e9e96c3ab4d7f16cebd191157,945.9241335815524,120557.82551482643,307389.7643413347
250000,250000,0,terminal-observed-full-front,9a1f1a0d9f252046e4af3c7a9991b7eba721fb5e9e96c3ab4d7f16cebd191157,945.9241335815524,120557.82551482643,307389.7643413347
250000,250000,0,terminal-observed-full-front,f764e05da86964da79711b6f8b3e872d9cc70a375477e01bacbb0337e9aa00d3,945.9241335815524,120557.82551482643,307389.7643413347
250000,250000,0,terminal-observed-full-front,e8de63144cda50a7a468d47636c68aa2ec5c7da70be85effda3d028766129c24,954.6202605593934,119251.2551629919,329004.1357771106
250000,250000,0,terminal-observed-full-front,fbf6f0fc3a338ecf90d03739210f76651e1255f3e89b1dbab7441dcc3dbcd7e9,1221.946048107219,113274.6293623581,321100.9475699189
250000,250000,0,terminal-observed-full-front,fbf6f0fc3a338ecf90d03739210f76651e1255f3e89b1dbab7441dcc3dbcd7e9,1221.946048107219,113274.6293623581,321100.9475699189
250000,250000,0,terminal-observed-full-front,fbf6f0fc3a338ecf90d03739210f76651e1255f3e89b1dbab7441dcc3dbcd7e9,1221.946048107219,113274.6293623581,321100.9475699189
250000,250000,0,terminal-observed-full-front,9199fe1d02eaa3922f124353292ddbd34a455c8b43181b7ac6e9b272556ddad9,1220.771086177402,113318.87661526538,321166.514637009
250000,250000,0,terminal-observed-full-front,fbf6f0fc3a338ecf90d03739210f76651e1255f3e89b1dbab7441dcc3dbcd7e9,1221.946048107219,113274.6293623581,321100.9475699189
250000,250000,0,terminal-observed-full-front,fbf6f0fc3a338ecf90d03739210f76651e1255f3e89b1dbab7441dcc3dbcd7e9,1221.946048107219,113274.6293623581,321100.9475699189
250000,250000,0,terminal-observed-full-front,fbf6f0fc3a338ecf90d03739210f76651e1255f3e89b1dbab7441dcc3dbcd7e9,1221.946048107219,113274.6293623581,321100.9475699189
250000,250000,0,terminal-observed-full-front,ff1fed3999bfd25b057c3e179314d8a8b10b642faf613043ef378d9f4ab406b8,1198.2640725545564,113722.5156469437,320119.3449445862
250000,250000,0,terminal-observed-full-front,4bf90e69a2b537b57b585e208ec0b02d518b8559891b972ecfb4c6f31800da6d,931.6096929495726,120458.30769056684,307951.72350990813
250000,250000,0,terminal-observed-full-front,f764e05da86964da79711b6f8b3e872d9cc70a375477e01bacbb0337e9aa00d3,945.9241335815524,120557.82551482643,307389.7643413347
250000,250000,0,terminal-observed-full-front,4bf90e69a2b537b57b585e208ec0b02d518b8559891b972ecfb4c6f31800da6d,931.6096929495726,120458.30769056684,307951.72350990813
250000,250000,0,terminal-observed-full-front,71a363de6f05bdfd693898cbe4f7b03528ff8e6b4783d838d9164244a5559d63,899.63951933862,120911.1901724762,317630.6626344493
250000,250000,0,terminal-observed-full-front,61bad9e4ad392d93a526e3fd9331ccf7ba53f83c01a221effd84fb39cb125d4a,1191.2306596063313,113722.64559282834,321215.70143073663
250000,250000,0,terminal-observed-full-front,fbf6f0fc3a338ecf90d03739210f76651e1255f3e89b1dbab7441dcc3dbcd7e9,1221.946048107219,113274.6293623581,321100.9475699189
250000,250000,0,terminal-observed-full-front,fbf6f0fc3a338ecf90d03739210f76651e1255f3e89b1dbab7441dcc3dbcd7e9,1221.946048107219,113274.6293623581,321100.9475699189
250000,250000,0,terminal-observed-full-front,fbf6f0fc3a338ecf90d03739210f76651e1255f3e89b1dbab7441dcc3dbcd7e9,1221.946048107219,113274.6293623581,321100.9475699189
250000,250000,0,terminal-observed-full-front,a14627770a9cf23d077867acc2aa409dd71ca85b36413b63090cbbc8109be4b8,1226.025324815743,113318.69782267878,319408.7020379913
250000,250000,0,terminal-observed-full-front,2778dd61dabcaa379c16a87ba8bb6e0792b7385dd99f149850933a299c92816f,945.9241335815524,120380.15044570933,307600.3763221628
250000,250000,0,terminal-observed-full-front,4bf90e69a2b537b57b585e208ec0b02d518b8559891b972ecfb4c6f31800da6d,931.6096929495726,120458.30769056684,307951.72350990813
250000,250000,0,terminal-observed-full-front,fbf6f0fc3a338ecf90d03739210f76651e1255f3e89b1dbab7441dcc3dbcd7e9,1221.946048107219,113274.6293623581,321100.9475699189
250000,250000,0,terminal-observed-full-front,a14627770a9cf23d077867acc2aa409dd71ca85b36413b63090cbbc8109be4b8,1226.025324815743,113318.69782267878,319408.7020379913
250000,250000,0,terminal-observed-full-front,fbf6f0fc3a338ecf90d03739210f76651e1255f3e89b1dbab7441dcc3dbcd7e9,1221.946048107219,113274.6293623581,321100.9475699189
250000,250000,0,terminal-observed-full-front,0d5148cb9f072d60f494b68b190d935edd0cad47249bc3655b60db923ef8b6e1,945.9241335815524,120858.81716478345,307301.37472328806
250000,250000,0,terminal-observed-full-front,9a1f1a0d9f252046e4af3c7a9991b7eba721fb5e9e96c3ab4d7f16cebd191157,945.9241335815524,120557.82551482643,307389.7643413347
250000,250000,0,terminal-observed-full-front,2778dd61dabcaa379c16a87ba8bb6e0792b7385dd99f149850933a299c92816f,945.9241335815524,120380.15044570933,307600.3763221628
250000,250000,0,terminal-observed-full-front,fbf6f0fc3a338ecf90d03739210f76651e1255f3e89b1dbab7441dcc3dbcd7e9,1221.946048107219,113274.6293623581,321100.9475699189
250000,250000,0,terminal-observed-full-front,fbf6f0fc3a338ecf90d03739210f76651e1255f3e89b1dbab7441dcc3dbcd7e9,1221.946048107219,113274.6293623581,321100.9475699189
250000,250000,0,terminal-observed-full-front,fbf6f0fc3a338ecf90d03739210f76651e1255f3e89b1dbab7441dcc3dbcd7e9,1221.946048107219,113274.6293623581,321100.9475699189
250000,250000,0,terminal-observed-full-front,9a1f1a0d9f252046e4af3c7a9991b7eba721fb5e9e96c3ab4d7f16cebd191157,945.9241335815524,120557.82551482643,307389.7643413347
250000,250000,0,terminal-observed-full-front,1c9e5e03505b38516e068ea3ae200580b8cff775ca547687f196be9947d17013,965.0172885826786,120285.32240010035,306975.8085586255
250000,250000,0,terminal-observed-full-front,0c1aec4e8d6e8de1ccbc84deb30f38fcf7e8dcc4f8a35090d994086bbc666529,931.6096929495726,120458.30769056684,307951.72350990813
250000,250000,0,terminal-observed-full-front,f764e05da86964da79711b6f8b3e872d9cc70a375477e01bacbb0337e9aa00d3,945.9241335815524,120557.82551482643,307389.7643413347
250000,250000,0,terminal-observed-full-front,61bad9e4ad392d93a526e3fd9331ccf7ba53f83c01a221effd84fb39cb125d4a,1191.2306596063313,113722.64559282834,321215.70143073663
250000,250000,0,terminal-observed-full-front,9a1f1a0d9f252046e4af3c7a9991b7eba721fb5e9e96c3ab4d7f16cebd191157,945.9241335815524,120557.82551482643,307389.7643413347
250000,250000,0,terminal-observed-full-front,9a1f1a0d9f252046e4af3c7a9991b7eba721fb5e9e96c3ab4d7f16cebd191157,945.9241335815524,120557.82551482643,307389.7643413347
250000,250000,0,terminal-observed-full-front,199c2a1df9b6c703ae3dcb4e7a0261829c2a56e4cad6ba42884b48110877b9fb,933.7920652293236,120558.18408535232,307837.94066147815
250000,250000,0,terminal-observed-full-front,c11c1c3cd41be558ed95117eed984843d96d49a32680d614208f2f91275ebb34,1224.2664506415358,113449.42300973058,317717.73454502644
250000,250000,0,terminal-observed-full-front,7df319b77b5be0657e3f4d3ae3d38af24fc1b6262b73b9eb2e62ba72ecd350b8,945.9241335815524,120557.82551482643,307389.7643413347
250000,250000,0,terminal-observed-full-front,d39c50f5a5574630c53bcfbe4f90e79afd2c5cb136b23c3dc61b21bfb00442e4,945.9241335815524,120557.82551482643,307389.7643413347
250000,250000,0,terminal-observed-full-front,4bf90e69a2b537b57b585e208ec0b02d518b8559891b972ecfb4c6f31800da6d,931.6096929495726,120458.30769056684,307951.72350990813
250000,250000,0,terminal-observed-full-front,f764e05da86964da79711b6f8b3e872d9cc70a375477e01bacbb0337e9aa00d3,945.9241335815524,120557.82551482643,307389.7643413347
250000,250000,0,terminal-observed-full-front,d39c50f5a5574630c53bcfbe4f90e79afd2c5cb136b23c3dc61b21bfb00442e4,945.9241335815524,120557.82551482643,307389.7643413347
250000,250000,0,terminal-observed-full-front,c11c1c3cd41be558ed95117eed984843d96d49a32680d614208f2f91275ebb34,1224.2664506415358,113449.42300973058,317717.73454502644
250000,250000,0,terminal-observed-full-front,eb85f77a90b7bf2e4e9401a3de096cb181c972f21058f14c0fe925e751c0b2ad,931.6096929495726,120458.30769056684,307951.72350990813
250000,250000,0,terminal-observed-full-front,c11c1c3cd41be558ed95117eed984843d96d49a32680d614208f2f91275ebb34,1224.2664506415358,113449.42300973058,317717.73454502644
250000,250000,0,terminal-observed-full-front,a14627770a9cf23d077867acc2aa409dd71ca85b36413b63090cbbc8109be4b8,1226.025324815743,113318.69782267878,319408.7020379913
250000,250000,0,terminal-observed-full-front,9a1f1a0d9f252046e4af3c7a9991b7eba721fb5e9e96c3ab4d7f16cebd191157,945.9241335815524,120557.82551482643,307389.7643413347
250000,250000,0,terminal-observed-full-front,4eac655bdd5b1992bf7c26e0438dd4b7baf7003cac02896cd7b7243840d47cd6,931.6096929495726,120458.30769056684,307951.72350990813
250000,250000,0,terminal-observed-full-front,4bf90e69a2b537b57b585e208ec0b02d518b8559891b972ecfb4c6f31800da6d,931.6096929495726,120458.30769056684,307951.72350990813
250000,250000,0,terminal-observed-full-front,fbf6f0fc3a338ecf90d03739210f76651e1255f3e89b1dbab7441dcc3dbcd7e9,1221.946048107219,113274.6293623581,321100.9475699189
250000,250000,0,terminal-observed-full-front,9a1f1a0d9f252046e4af3c7a9991b7eba721fb5e9e96c3ab4d7f16cebd191157,945.9241335815524,120557.82551482643,307389.7643413347
250000,250000,0,terminal-observed-full-front,2778dd61dabcaa379c16a87ba8bb6e0792b7385dd99f149850933a299c92816f,945.9241335815524,120380.15044570933,307600.3763221628
250000,250000,0,terminal-observed-full-front,f764e05da86964da79711b6f8b3e872d9cc70a375477e01bacbb0337e9aa00d3,945.9241335815524,120557.82551482643,307389.7643413347
250000,250000,0,terminal-observed-full-front,fbf6f0fc3a338ecf90d03739210f76651e1255f3e89b1dbab7441dcc3dbcd7e9,1221.946048107219,113274.6293623581,321100.9475699189
250000,250000,0,terminal-observed-full-front,048ca9018d834bcace71d11e626c521473d695fced5b1e662e6ebca1cc39419f,1221.946048107219,113274.6293623581,321100.9475699189
250000,250000,0,terminal-observed-full-front,2778dd61dabcaa379c16a87ba8bb6e0792b7385dd99f149850933a299c92816f,945.9241335815524,120380.15044570933,307600.3763221628
250000,250000,0,terminal-observed-full-front,7df319b77b5be0657e3f4d3ae3d38af24fc1b6262b73b9eb2e62ba72ecd350b8,945.9241335815524,120557.82551482643,307389.7643413347
250000,250000,0,terminal-observed-full-front,4d688fdd6ca1fbf532927dc92f6c503b82e32cf144722506bbc307704d30d6bc,931.6096929495726,120458.30769056684,307951.72350990813
250000,250000,0,terminal-observed-full-front,61a885fb8cc83d048ac2177a86b4ad549b688776a4f81642931de9d611e74fe5,920.6840881535684,120572.36359265729,310001.4388605708
250000,250000,0,terminal-observed-full-front,d5f8796b4d3e59a2eb225b04f053f3f708de9b7f535fc2d4d12101bfbb38ad53,931.6096929495726,120458.30769056684,307951.72350990813
250000,250000,0,terminal-observed-full-front,61a885fb8cc83d048ac2177a86b4ad549b688776a4f81642931de9d611e74fe5,920.6840881535684,120572.36359265729,310001.4388605708
250000,250000,0,terminal-observed-full-front,9a1f1a0d9f252046e4af3c7a9991b7eba721fb5e9e96c3ab4d7f16cebd191157,945.9241335815524,120557.82551482643,307389.7643413347
250000,250000,0,terminal-observed-full-front,9c8ca81fed9368dd2f66948613b0855fbe50a4cb2c823b5ccbade8f440157c9a,1017.1202273661399,116998.59843068392,337366.8782805158
250000,250000,0,terminal-observed-full-front,98e82a0f9741924281c909fd5a380ef4141c354d933973baeeed2c30d9e63c45,1122.2717792745539,115356.73332334965,324902.5308240001
250000,250000,0,terminal-observed-full-front,eb85f77a90b7bf2e4e9401a3de096cb181c972f21058f14c0fe925e751c0b2ad,931.6096929495726,120458.30769056684,307951.72350990813
250000,250000,0,terminal-observed-full-front,8676f69886d8d2bcefafb15464cadafee0abc9468347a8e8b6f5c4f8623178f7,1221.946048107219,113331.33883402939,320073.3712822244
250000,250000,0,terminal-observed-full-front,326e9af12666373a635f60fd5c891302494a11e180363d9b3c07eb966b65c8c2,945.9241335815524,120557.82551482643,307389.7643413347
250000,250000,0,terminal-observed-full-front,61a885fb8cc83d048ac2177a86b4ad549b688776a4f81642931de9d611e74fe5,920.6840881535684,120572.36359265729,310001.4388605708
250000,250000,0,terminal-observed-full-front,326e9af12666373a635f60fd5c891302494a11e180363d9b3c07eb966b65c8c2,945.9241335815524,120557.82551482643,307389.7643413347
250000,250000,0,terminal-observed-full-front,dd0ee05a3286caf28704ad83cf89d77501539a937655c544f684cf397f8f9826,1128.8238378081935,114813.24466467883,321506.8420760804
250000,250000,0,terminal-observed-full-front,4eac655bdd5b1992bf7c26e0438dd4b7baf7003cac02896cd7b7243840d47cd6,931.6096929495726,120458.30769056684,307951.72350990813
250000,250000,0,terminal-observed-full-front,1c9e5e03505b38516e068ea3ae200580b8cff775ca547687f196be9947d17013,965.0172885826786,120285.32240010035,306975.8085586255
250000,250000,0,terminal-observed-full-front,9a1f1a0d9f252046e4af3c7a9991b7eba721fb5e9e96c3ab4d7f16cebd191157,945.9241335815524,120557.82551482643,307389.7643413347
250000,250000,0,terminal-observed-full-front,4bf90e69a2b537b57b585e208ec0b02d518b8559891b972ecfb4c6f31800da6d,931.6096929495726,120458.30769056684,307951.72350990813
250000,250000,0,terminal-observed-full-front,f764e05da86964da79711b6f8b3e872d9cc70a375477e01bacbb0337e9aa00d3,945.9241335815524,120557.82551482643,307389.7643413347
250000,250000,0,terminal-observed-full-front,f764e05da86964da79711b6f8b3e872d9cc70a375477e01bacbb0337e9aa00d3,945.9241335815524,120557.82551482643,307389.7643413347
250000,250000,0,terminal-observed-full-front,1c9e5e03505b38516e068ea3ae200580b8cff775ca547687f196be9947d17013,965.0172885826786,120285.32240010035,306975.8085586255
250000,250000,0,terminal-observed-full-front,4f0d06920c13b501acaa1b6a5a53c68bfdb973c8e2a80925d817c171c154cc67,945.9241335815524,120858.81716478345,307301.37472328806
250000,250000,0,terminal-observed-full-front,7fe8f2ff57bd7558af669039e9c4edd18f0c7fdb852368d4a04006b472261e61,931.6096929495726,120458.30769056684,307951.72350990813
250000,250000,0,terminal-observed-full-front,9a1f1a0d9f252046e4af3c7a9991b7eba721fb5e9e96c3ab4d7f16cebd191157,945.9241335815524,120557.82551482643,307389.7643413347
250000,250000,0,terminal-observed-full-front,7fe8f2ff57bd7558af669039e9c4edd18f0c7fdb852368d4a04006b472261e61,931.6096929495726,120458.30769056684,307951.72350990813
250000,250000,0,terminal-observed-full-front,c71e1f2e07c89460856ac8fe861f4694f36c5c206301a2406f4163c9f29fc3b1,945.9241335815524,120950.28631715581,307194.78321905923
250000,250000,0,terminal-observed-full-front,bbc82578de6db5b40986f0ec3b4d80eb4b3effbb3431174436806a0b00ea33d5,931.6096929495726,120458.30769056684,307951.72350990813
250000,250000,0,terminal-observed-full-front,8a1004d18fbe6316323d4a3b131528772a77ea12268c1032cfad818cc1fa4a6c,945.9241335815524,120557.82551482643,307389.7643413347
250000,250000,0,terminal-observed-full-front,ec968c06481ad6088eaa98b31f659d4f2633905f1344e1ffa6fc31aeb5fae184,930.4482898153246,120484.00530901001,309058.1271096311
250000,250000,0,terminal-observed-full-front,4bf90e69a2b537b57b585e208ec0b02d518b8559891b972ecfb4c6f31800da6d,931.6096929495726,120458.30769056684,307951.72350990813
250000,250000,0,terminal-observed-full-front,916908099444276706483e27f60cb4b5f7b63c96f8799e9ca40d39183088d19b,1222.6209008674432,113528.61715330766,319371.9783828327
250000,250000,0,terminal-observed-full-front,4bf90e69a2b537b57b585e208ec0b02d518b8559891b972ecfb4c6f31800da6d,931.6096929495726,120458.30769056684,307951.72350990813
250000,250000,0,terminal-observed-full-front,ec968c06481ad6088eaa98b31f659d4f2633905f1344e1ffa6fc31aeb5fae184,930.4482898153246,120484.00530901001,309058.1271096311
250000,250000,0,terminal-observed-full-front,f764e05da86964da79711b6f8b3e872d9cc70a375477e01bacbb0337e9aa00d3,945.9241335815524,120557.82551482643,307389.7643413347
250000,250000,0,terminal-observed-full-front,fbf6f0fc3a338ecf90d03739210f76651e1255f3e89b1dbab7441dcc3dbcd7e9,1221.946048107219,113274.6293623581,321100.9475699189
250000,250000,0,terminal-observed-full-front,f764e05da86964da79711b6f8b3e872d9cc70a375477e01bacbb0337e9aa00d3,945.9241335815524,120557.82551482643,307389.7643413347
250000,250000,0,terminal-observed-full-front,7fe8f2ff57bd7558af669039e9c4edd18f0c7fdb852368d4a04006b472261e61,931.6096929495726,120458.30769056684,307951.72350990813
250000,250000,0,terminal-observed-full-front,4bf90e69a2b537b57b585e208ec0b02d518b8559891b972ecfb4c6f31800da6d,931.6096929495726,120458.30769056684,307951.72350990813
250000,250000,0,terminal-observed-full-front,77877f26898415a37c2e65caa94bec186590719e6b51efe5869f6af6b6b11fc5,1056.258848081204,117069.74180365045,328696.20042314706
250000,250000,0,terminal-observed-full-front,fbf6f0fc3a338ecf90d03739210f76651e1255f3e89b1dbab7441dcc3dbcd7e9,1221.946048107219,113274.6293623581,321100.9475699189
250000,250000,0,terminal-observed-full-front,892a8e5b573287c494ff06734fb86107b1d1e1bed5842aa291f1be7cd19fefba,1229.9052311652913,113159.04859262292,324612.07704104506
250000,250000,0,terminal-observed-full-front,143402c9928475082a30f0d6bf1b1d645473ff06f4c0da94cbb12871973b60a8,1262.6281493395481,113156.66442230594,325476.01319552126
250000,250000,0,terminal-observed-full-front,f764e05da86964da79711b6f8b3e872d9cc70a375477e01bacbb0337e9aa00d3,945.9241335815524,120557.82551482643,307389.7643413347
250000,250000,0,terminal-observed-full-front,4bf90e69a2b537b57b585e208ec0b02d518b8559891b972ecfb4c6f31800da6d,931.6096929495726,120458.30769056684,307951.72350990813
250000,250000,0,terminal-observed-full-front,c7c94766d42a9f9bd2d2b64988223735c358095aef3d92fd5510f5c3e1d45f6c,1056.258848081204,117069.74180365045,328696.20042314706
250000,250000,0,terminal-observed-full-front,c7c94766d42a9f9bd2d2b64988223735c358095aef3d92fd5510f5c3e1d45f6c,1056.258848081204,117069.74180365045,328696.20042314706
250000,250000,0,terminal-observed-full-front,7f6410bb430eebac821fa82dfcf6a4f0659ed6a2284bda4abfacbd44bc8841de,1221.946048107219,113274.6293623581,321100.9475699189
250000,250000,0,terminal-observed-full-front,7f6410bb430eebac821fa82dfcf6a4f0659ed6a2284bda4abfacbd44bc8841de,1221.946048107219,113274.6293623581,321100.9475699189
250000,250000,0,terminal-observed-full-front,c78d493a5bdb01815ffcea9bf8cbb73a1622a583aaeb3964ea0d187dd0bd5af0,1262.6281493395481,113156.66442230594,325476.01319552126
250000,250000,0,terminal-observed-full-front,c78d493a5bdb01815ffcea9bf8cbb73a1622a583aaeb3964ea0d187dd0bd5af0,1262.6281493395481,113156.66442230594,325476.01319552126
250000,250000,0,terminal-observed-full-front,266f8c2c187d6195eb80739ad1299fc9232f295d21aba7b024cf610fa84c20dc,945.9241335815524,120557.82551482643,307389.7643413347
250000,250000,0,terminal-observed-full-front,3d519c29e38110e7d0dad7ecfdb60df7a840d50ffff8bee08301b869b7a068d5,931.6096929495726,120458.30769056684,307951.72350990813
250000,250000,0,terminal-observed-full-front,2329d48cb95ca8a032c6f680ad93e8c2c8dfdcb8d4e5851169f5831c15f3d39e,766.0549540085175,127483.53095135323,343078.8349497072
250000,250000,0,terminal-observed-full-front,ddb9685c1fefeb97ebc798bd9efac0824fe25088c1bef9d954adff38fac870c9,767.7055471551312,127344.05329233353,342774.5669219068
250000,250000,0,terminal-observed-full-front,b696861bd271e51c34d913d29758583b6cf5e271724ccef3c139218da883b3f6,1120.7740755134269,114804.70612076124,331203.89117391757
250000,250000,0,terminal-observed-full-front,3e289d91288caef6cc048dfb76fd00ab9f3a48774b1c4228be858809245b6f52,1206.2823820635938,113501.054226748,322703.49028891354
250000,250000,0,terminal-observed-full-front,a14627770a9cf23d077867acc2aa409dd71ca85b36413b63090cbbc8109be4b8,1226.025324815743,113318.69782267878,319408.7020379913
250000,250000,0,terminal-observed-full-front,e7261227c5f5590d67c3931ed74f438415b7072355216daadb8f1c754fa3cfb2,1226.025324815743,113318.69782267878,319408.7020379913
250000,250000,0,terminal-observed-full-front,f764e05da86964da79711b6f8b3e872d9cc70a375477e01bacbb0337e9aa00d3,945.9241335815524,120557.82551482643,307389.7643413347
250000,250000,0,terminal-observed-full-front,69b70c9bb3badbf2243b9c2b83e08f9e2979abbb85430a74b05ed65e9e75d078,945.9241335815524,120557.82551482643,307389.7643413347
250000,250000,0,terminal-observed-full-front,4bf90e69a2b537b57b585e208ec0b02d518b8559891b972ecfb4c6f31800da6d,931.6096929495726,120458.30769056684,307951.72350990813
250000,250000,0,terminal-observed-full-front,a14627770a9cf23d077867acc2aa409dd71ca85b36413b63090cbbc8109be4b8,1226.025324815743,113318.69782267878,319408.7020379913
250000,250000,0,terminal-observed-full-front,96b9935f59ee94ac591074b43447051bd1e9a62976286d73e1bcde1203883dcc,1240.3593488091738,113176.58439337253,322536.109580272
250000,250000,0,terminal-observed-full-front,f764e05da86964da79711b6f8b3e872d9cc70a375477e01bacbb0337e9aa00d3,945.9241335815524,120557.82551482643,307389.7643413347
250000,250000,0,terminal-observed-full-front,69b70c9bb3badbf2243b9c2b83e08f9e2979abbb85430a74b05ed65e9e75d078,945.9241335815524,120557.82551482643,307389.7643413347
250000,250000,0,terminal-observed-full-front,75d8489cc25d9ddc9cf711b07e682038052888dcde486b7662cb059e3f4f1678,945.9241335815524,120858.81716478345,307301.37472328806
250000,250000,0,terminal-observed-full-front,75d8489cc25d9ddc9cf711b07e682038052888dcde486b7662cb059e3f4f1678,945.9241335815524,120858.81716478345,307301.37472328806
250000,250000,0,terminal-observed-full-front,2c8de289b308fab5396d8ddfbd6336350f0f3076b705ada6e79ac4940c568a92,943.9200684659373,120678.67005662706,307427.2277865157
250000,250000,0,terminal-observed-full-front,1c9e5e03505b38516e068ea3ae200580b8cff775ca547687f196be9947d17013,965.0172885826786,120285.32240010035,306975.8085586255
250000,250000,0,terminal-observed-full-front,56bc0bf30e41627b7e438212ab1a27d04eb4fa5950922e04e4848d366ac2f7d7,1231.9850494000311,113179.808956036,320228.89322775876
250000,250000,0,terminal-observed-full-front,f764e05da86964da79711b6f8b3e872d9cc70a375477e01bacbb0337e9aa00d3,945.9241335815524,120557.82551482643,307389.7643413347
250000,250000,0,terminal-observed-full-front,073b63f4a59ecffed1261d6f627cfa47b84eb874faff41a9180f34d3320ef2f3,945.9241335815524,120557.82551482643,307389.7643413347
250000,250000,0,terminal-observed-full-front,2778dd61dabcaa379c16a87ba8bb6e0792b7385dd99f149850933a299c92816f,945.9241335815524,120380.15044570933,307600.3763221628
250000,250000,0,terminal-observed-full-front,464290914734a992678db814fb88b57fc193e7ae1b026437f918d28e3c1434c8,945.9241335815524,120557.82551482643,307389.7643413347
250000,250000,0,terminal-observed-full-front,7515000d097bd886cea26c10ac9e25838874f49ead0e7e24aa394d4745c092ee,1129.620713803095,114711.63297142209,324238.04055286176
250000,250000,0,terminal-observed-full-front,8a1004d18fbe6316323d4a3b131528772a77ea12268c1032cfad818cc1fa4a6c,945.9241335815524,120557.82551482643,307389.7643413347
250000,250000,0,terminal-observed-full-front,2778dd61dabcaa379c16a87ba8bb6e0792b7385dd99f149850933a299c92816f,945.9241335815524,120380.15044570933,307600.3763221628
250000,250000,0,terminal-observed-full-front,bbc82578de6db5b40986f0ec3b4d80eb4b3effbb3431174436806a0b00ea33d5,931.6096929495726,120458.30769056684,307951.72350990813
250000,250000,0,terminal-observed-full-front,8a1004d18fbe6316323d4a3b131528772a77ea12268c1032cfad818cc1fa4a6c,945.9241335815524,120557.82551482643,307389.7643413347
250000,250000,0,terminal-observed-full-front,a5fdc86995054c68bb792c1b46618d7edfd98d9ea95d27b2d82b43331326a3fb,926.1552158707137,120182.0824478795,309909.7662529009
250000,250000,0,terminal-observed-full-front,4bf90e69a2b537b57b585e208ec0b02d518b8559891b972ecfb4c6f31800da6d,931.6096929495726,120458.30769056684,307951.72350990813
250000,250000,0,terminal-observed-full-front,56bc0bf30e41627b7e438212ab1a27d04eb4fa5950922e04e4848d366ac2f7d7,1231.9850494000311,113179.808956036,320228.89322775876
250000,250000,0,terminal-observed-full-front,8a1004d18fbe6316323d4a3b131528772a77ea12268c1032cfad818cc1fa4a6c,945.9241335815524,120557.82551482643,307389.7643413347
250000,250000,0,terminal-observed-full-front,b7695c8046c0a2e9eff789bb56e8d21794bb6836a210d40eb017267d41e3ea98,1222.091345467735,113732.70774495989,318006.53564195364
250000,250000,0,terminal-observed-full-front,8a1004d18fbe6316323d4a3b131528772a77ea12268c1032cfad818cc1fa4a6c,945.9241335815524,120557.82551482643,307389.7643413347
250000,250000,0,terminal-observed-full-front,8a1004d18fbe6316323d4a3b131528772a77ea12268c1032cfad818cc1fa4a6c,945.9241335815524,120557.82551482643,307389.7643413347
250000,250000,0,terminal-observed-full-front,d39c50f5a5574630c53bcfbe4f90e79afd2c5cb136b23c3dc61b21bfb00442e4,945.9241335815524,120557.82551482643,307389.7643413347
250000,250000,0,terminal-observed-full-front,75d8489cc25d9ddc9cf711b07e682038052888dcde486b7662cb059e3f4f1678,945.9241335815524,120858.81716478345,307301.37472328806
250000,250000,0,terminal-observed-full-front,9a1f1a0d9f252046e4af3c7a9991b7eba721fb5e9e96c3ab4d7f16cebd191157,945.9241335815524,120557.82551482643,307389.7643413347
250000,250000,0,terminal-observed-full-front,d0947dd8075340ebe39ca5fa42bb4d4d8384ebc216f8d432404848f76f125060,1173.5597376334847,113759.77464317856,320872.3147152319
250000,250000,0,terminal-observed-full-front,9a1f1a0d9f252046e4af3c7a9991b7eba721fb5e9e96c3ab4d7f16cebd191157,945.9241335815524,120557.82551482643,307389.7643413347
250000,250000,0,terminal-observed-full-front,bbc82578de6db5b40986f0ec3b4d80eb4b3effbb3431174436806a0b00ea33d5,931.6096929495726,120458.30769056684,307951.72350990813
250000,250000,0,terminal-observed-full-front,9a1f1a0d9f252046e4af3c7a9991b7eba721fb5e9e96c3ab4d7f16cebd191157,945.9241335815524,120557.82551482643,307389.7643413347
250000,250000,0,terminal-observed-full-front,5207ccf35a4a9c1c28301b725e25ce2800ae64009cb06a2e23092318eb15e31d,945.9241335815524,120858.81716478345,307301.37472328806
250000,250000,0,terminal-observed-full-front,722f59ba651417a7be0a5bcb779f0000757947f7278b60a6331565b181d67176,945.9241335815524,120858.81716478345,307301.37472328806
250000,250000,0,terminal-observed-full-front,5207ccf35a4a9c1c28301b725e25ce2800ae64009cb06a2e23092318eb15e31d,945.9241335815524,120858.81716478345,307301.37472328806
250000,250000,0,terminal-observed-full-front,4bf90e69a2b537b57b585e208ec0b02d518b8559891b972ecfb4c6f31800da6d,931.6096929495726,120458.30769056684,307951.72350990813
250000,250000,0,terminal-observed-full-front,eb85f77a90b7bf2e4e9401a3de096cb181c972f21058f14c0fe925e751c0b2ad,931.6096929495726,120458.30769056684,307951.72350990813
250000,250000,0,terminal-observed-full-front,c98e5e9be7639037bd9967787b23ba59f07fe2e985896e0426c849fa764c0b2d,869.9978019975047,121822.68142262648,324651.7848242078
250000,250000,0,terminal-observed-full-front,3c884433803f721459838c89a77ce39113c1ce8f8e612bb25dd29a100eb6e527,871.913317703062,122039.4449464167,319897.41152997676
250000,250000,0,terminal-observed-full-front,048ca9018d834bcace71d11e626c521473d695fced5b1e662e6ebca1cc39419f,1221.946048107219,113274.6293623581,321100.9475699189
250000,250000,0,terminal-observed-full-front,5207ccf35a4a9c1c28301b725e25ce2800ae64009cb06a2e23092318eb15e31d,945.9241335815524,120858.81716478345,307301.37472328806
250000,250000,0,terminal-observed-full-front,9a1f1a0d9f252046e4af3c7a9991b7eba721fb5e9e96c3ab4d7f16cebd191157,945.9241335815524,120557.82551482643,307389.7643413347
250000,250000,0,terminal-observed-full-front,8a1004d18fbe6316323d4a3b131528772a77ea12268c1032cfad818cc1fa4a6c,945.9241335815524,120557.82551482643,307389.7643413347
250000,250000,0,terminal-observed-full-front,d0947dd8075340ebe39ca5fa42bb4d4d8384ebc216f8d432404848f76f125060,1173.5597376334847,113759.77464317856,320872.3147152319
250000,250000,0,terminal-observed-full-front,8a1004d18fbe6316323d4a3b131528772a77ea12268c1032cfad818cc1fa4a6c,945.9241335815524,120557.82551482643,307389.7643413347
250000,250000,0,terminal-observed-full-front,bbc82578de6db5b40986f0ec3b4d80eb4b3effbb3431174436806a0b00ea33d5,931.6096929495726,120458.30769056684,307951.72350990813
250000,250000,0,terminal-observed-full-front,baef3f3c6789e8e7183c3e7c16a0af02c0ad745af2a0a755b5e135efd631aba3,955.0383931002025,120327.92606653998,307545.0236212399
250000,250000,0,terminal-observed-full-front,e2a52c0d4fd19c3215be6f92bd4ec48602c049455c7c5d340eca2716decf08b0,903.7325167074858,120635.0842374385,320745.4462835252
250000,250000,0,terminal-observed-full-front,9a1f1a0d9f252046e4af3c7a9991b7eba721fb5e9e96c3ab4d7f16cebd191157,945.9241335815524,120557.82551482643,307389.7643413347
250000,250000,0,terminal-observed-full-front,5207ccf35a4a9c1c28301b725e25ce2800ae64009cb06a2e23092318eb15e31d,945.9241335815524,120858.81716478345,307301.37472328806
250000,250000,0,terminal-observed-full-front,9a1f1a0d9f252046e4af3c7a9991b7eba721fb5e9e96c3ab4d7f16cebd191157,945.9241335815524,120557.82551482643,307389.7643413347
250000,250000,0,terminal-observed-full-front,c629eb4b142f0014eaf4a4deec5f9fc18b1d699377023997110c26ceab53aadb,945.9241335815524,120858.81716478345,307301.37472328806
250000,250000,0,terminal-observed-full-front,9a1523ba2f2aaf57acb5f75252167b2a75578bbb82e99d5b27a96333a3b8f429,1168.8211084770971,114032.39336020753,322558.82353677496
250000,250000,0,terminal-observed-full-front,8287cdff3bad2e04362d30ee14fb4e5b8a7170e3d84bafadffc4406fc8b0ed2e,1190.6935539525325,113663.72660162498,321715.63449716783
250000,250000,0,terminal-observed-full-front,9a1f1a0d9f252046e4af3c7a9991b7eba721fb5e9e96c3ab4d7f16cebd191157,945.9241335815524,120557.82551482643,307389.7643413347
250000,250000,0,terminal-observed-full-front,9a1f1a0d9f252046e4af3c7a9991b7eba721fb5e9e96c3ab4d7f16cebd191157,945.9241335815524,120557.82551482643,307389.7643413347
250000,250000,0,terminal-observed-full-front,cb77d8fadb35d81d63b567589dfe374da4483a112771409fc70fed7ba7ca832a,931.6096929495726,120124.7328780365,307985.03626451193
250000,250000,0,terminal-observed-full-front,9a1f1a0d9f252046e4af3c7a9991b7eba721fb5e9e96c3ab4d7f16cebd191157,945.9241335815524,120557.82551482643,307389.7643413347
250000,250000,0,terminal-observed-full-front,a14627770a9cf23d077867acc2aa409dd71ca85b36413b63090cbbc8109be4b8,1226.025324815743,113318.69782267878,319408.7020379913
250000,250000,0,terminal-observed-full-front,9a1523ba2f2aaf57acb5f75252167b2a75578bbb82e99d5b27a96333a3b8f429,1168.8211084770971,114032.39336020753,322558.82353677496
250000,250000,0,terminal-observed-full-front,8a1004d18fbe6316323d4a3b131528772a77ea12268c1032cfad818cc1fa4a6c,945.9241335815524,120557.82551482643,307389.7643413347
250000,250000,0,terminal-observed-full-front,8a1004d18fbe6316323d4a3b131528772a77ea12268c1032cfad818cc1fa4a6c,945.9241335815524,120557.82551482643,307389.7643413347
250000,250000,0,terminal-observed-full-front,7d38a934e2f01c7ae06f8ceeb61bcff24bb6386653bf5213d4c7e0d0165af1ae,1061.3787090646128,118396.7463518584,321181.8972388817
250000,250000,0,terminal-observed-full-front,a14627770a9cf23d077867acc2aa409dd71ca85b36413b63090cbbc8109be4b8,1226.025324815743,113318.69782267878,319408.7020379913
250000,250000,0,terminal-observed-full-front,8a1004d18fbe6316323d4a3b131528772a77ea12268c1032cfad818cc1fa4a6c,945.9241335815524,120557.82551482643,307389.7643413347
250000,250000,0,terminal-observed-full-front,214fd0a8817b1baba94b266460ea5d061a902a89a5e1e1843c9842a11df4c757,908.0387992342173,120593.69484040377,318287.8809196149
250000,250000,0,terminal-observed-full-front,121baeb013857596640714a756916a1035d64156c1756573d5409c275b7d8ea7,1223.2591517326337,113428.63833307233,319771.2931180247
250000,250000,0,terminal-observed-full-front,8a1004d18fbe6316323d4a3b131528772a77ea12268c1032cfad818cc1fa4a6c,945.9241335815524,120557.82551482643,307389.7643413347
250000,250000,0,terminal-observed-full-front,8a1004d18fbe6316323d4a3b131528772a77ea12268c1032cfad818cc1fa4a6c,945.9241335815524,120557.82551482643,307389.7643413347
250000,250000,0,terminal-observed-full-front,41ac36f9a85b7aa42df70f9ebafe8b3bab05a4695fa15fdd2018d17602d7518d,1211.1100437587518,113359.25088158852,324662.15945874824
250000,250000,0,terminal-observed-full-front,9a1f1a0d9f252046e4af3c7a9991b7eba721fb5e9e96c3ab4d7f16cebd191157,945.9241335815524,120557.82551482643,307389.7643413347
250000,250000,0,terminal-observed-full-front,41ac36f9a85b7aa42df70f9ebafe8b3bab05a4695fa15fdd2018d17602d7518d,1211.1100437587518,113359.25088158852,324662.15945874824
250000,250000,0,terminal-observed-full-front,415eff87a3e7734223a1f20f52b2a89e8f6fdc5323282201881d4f0c8a82519c,962.0837732676964,120010.01089051818,308610.5178557147
250000,250000,0,terminal-observed-full-front,8a1004d18fbe6316323d4a3b131528772a77ea12268c1032cfad818cc1fa4a6c,945.9241335815524,120557.82551482643,307389.7643413347
250000,250000,0,terminal-observed-full-front,72da2a3b36cb5ae78f28e20662347c9c4d7e0c3a0a1607641093505f45cd5369,997.3443908525678,119176.24837659227,321337.3302027361
250000,250000,0,terminal-observed-full-front,5157ac344ce32ffbd5dc3326d51bf771fd541d05a22b83d7c37d308fe6485d6c,1217.352059592826,113365.98180434515,320850.074119729
250000,250000,0,terminal-observed-full-front,957936c8b2d430f80d6a8d9695a60007e126d504e8de990c98780e6569420dc3,1264.5588233827286,113129.50817674771,325800.50377679773
250000,250000,0,terminal-observed-full-front,06fbff20828784b8fb5d8e19e5f7dfbec804268a870435b20d3bcc2f01e0039f,1222.8914544735405,113488.51689486447,319027.20391249156
250000,250000,0,terminal-observed-full-front,1c9e5e03505b38516e068ea3ae200580b8cff775ca547687f196be9947d17013,965.0172885826786,120285.32240010035,306975.8085586255
250000,250000,0,terminal-observed-full-front,8a1004d18fbe6316323d4a3b131528772a77ea12268c1032cfad818cc1fa4a6c,945.9241335815524,120557.82551482643,307389.7643413347
250000,250000,0,terminal-observed-full-front,7cd7c6226f25ebfbe2e5756ec83b6dce375ba0e45f1c8b3b68a21428710b5ecc,945.9241335815524,120557.82551482643,307389.7643413347
250000,250000,0,terminal-observed-full-front,8a1004d18fbe6316323d4a3b131528772a77ea12268c1032cfad818cc1fa4a6c,945.9241335815524,120557.82551482643,307389.7643413347
250000,250000,0,terminal-observed-full-front,5594e0c941c75f4dc8bc302d520b6de0cc0fef3fd6c06f814589508c2eb3b1c9,1197.1120397430666,113510.59288733942,324863.60099787085
250000,250000,0,terminal-observed-full-front,f764e05da86964da79711b6f8b3e872d9cc70a375477e01bacbb0337e9aa00d3,945.9241335815524,120557.82551482643,307389.7643413347
250000,250000,0,terminal-observed-full-front,ed3989bd97cf12a373cc7a90ecac4eddbe150b65457aab0364787e2f7d873c92,945.9241335815524,120557.82551482643,307389.7643413347
250000,250000,0,terminal-observed-full-front,8a1004d18fbe6316323d4a3b131528772a77ea12268c1032cfad818cc1fa4a6c,945.9241335815524,120557.82551482643,307389.7643413347
250000,250000,0,terminal-observed-full-front,7cd7c6226f25ebfbe2e5756ec83b6dce375ba0e45f1c8b3b68a21428710b5ecc,945.9241335815524,120557.82551482643,307389.7643413347
250000,250000,0,terminal-observed-full-front,9a1f1a0d9f252046e4af3c7a9991b7eba721fb5e9e96c3ab4d7f16cebd191157,945.9241335815524,120557.82551482643,307389.7643413347
250000,250000,0,terminal-observed-full-front,e054b55d84f1cefec4ce4ad9a9013cde0824cbdfe7a4f96a93fadfe4bd2973c9,880.2520124807384,121340.06288655408,315521.5070295024
250000,250000,0,terminal-observed-full-front,6c9fb8426febca09980c2fd1182978c2f1d731e536b3d0b9b2f66c81b595fc3a,921.7696370433458,120388.52958055297,310506.0320582316
250000,250000,0,terminal-observed-full-front,0d5148cb9f072d60f494b68b190d935edd0cad47249bc3655b60db923ef8b6e1,945.9241335815524,120858.81716478345,307301.37472328806
250000,250000,0,terminal-observed-full-front,88935b0690fb612a8cdbb0ea868c6cd71a8535784f56544257d46187071dbc80,945.9241335815524,120858.81716478345,307301.37472328806
250000,250000,0,terminal-observed-full-front,8a1004d18fbe6316323d4a3b131528772a77ea12268c1032cfad818cc1fa4a6c,945.9241335815524,120557.82551482643,307389.7643413347
250000,250000,0,terminal-observed-full-front,9a1f1a0d9f252046e4af3c7a9991b7eba721fb5e9e96c3ab4d7f16cebd191157,945.9241335815524,120557.82551482643,307389.7643413347
250000,250000,0,terminal-observed-full-front,4ed5d59136adc693121aaeb9eb557a399446558685495fde900e850c7bfd47c4,931.6096929495726,120458.30769056684,307951.72350990813
250000,250000,0,terminal-observed-full-front,88935b0690fb612a8cdbb0ea868c6cd71a8535784f56544257d46187071dbc80,945.9241335815524,120858.81716478345,307301.37472328806
250000,250000,0,terminal-observed-full-front,0d5148cb9f072d60f494b68b190d935edd0cad47249bc3655b60db923ef8b6e1,945.9241335815524,120858.81716478345,307301.37472328806
250000,250000,0,terminal-observed-full-front,9a1f1a0d9f252046e4af3c7a9991b7eba721fb5e9e96c3ab4d7f16cebd191157,945.9241335815524,120557.82551482643,307389.7643413347
250000,250000,0,terminal-observed-full-front,9a1f1a0d9f252046e4af3c7a9991b7eba721fb5e9e96c3ab4d7f16cebd191157,945.9241335815524,120557.82551482643,307389.7643413347
250000,250000,0,terminal-observed-full-front,4c0d7b8851ccd9dcac5207faf3a74df0e33b1bc6431b63e45c197333af936b67,931.6096929495726,120458.30769056684,307951.72350990813
250000,250000,0,terminal-observed-full-front,4c0d7b8851ccd9dcac5207faf3a74df0e33b1bc6431b63e45c197333af936b67,931.6096929495726,120458.30769056684,307951.72350990813
250000,250000,0,terminal-observed-full-front,6c9fb8426febca09980c2fd1182978c2f1d731e536b3d0b9b2f66c81b595fc3a,921.7696370433458,120388.52958055297,310506.0320582316
250000,250000,0,terminal-observed-full-front,ad1e1b2f1a10d5198911385648203a32c7ab848a9e8c4fccb67c2f20c0908c89,909.8692666621512,120319.1572119057,312241.81674607954
250000,250000,0,terminal-observed-full-front,5535687e8181402cc4fa5727bd21a49ada73a468c8b1ed121655c0794513a887,920.4927725533852,120868.02155441878,310333.96291613043
250000,250000,0,terminal-observed-full-front,4c0d7b8851ccd9dcac5207faf3a74df0e33b1bc6431b63e45c197333af936b67,931.6096929495726,120458.30769056684,307951.72350990813
250000,250000,0,terminal-observed-full-front,889354b5e5634aa43ade87fa42e40c40b1f1707e45491fa54b0d6b741b5a269b,1187.510749580823,113666.897997332,326486.55720260623
250000,250000,0,terminal-observed-full-front,0d5148cb9f072d60f494b68b190d935edd0cad47249bc3655b60db923ef8b6e1,945.9241335815524,120858.81716478345,307301.37472328806
250000,250000,0,terminal-observed-full-front,9a1f1a0d9f252046e4af3c7a9991b7eba721fb5e9e96c3ab4d7f16cebd191157,945.9241335815524,120557.82551482643,307389.7643413347
250000,250000,0,terminal-observed-full-front,4c0d7b8851ccd9dcac5207faf3a74df0e33b1bc6431b63e45c197333af936b67,931.6096929495726,120458.30769056684,307951.72350990813
250000,250000,0,terminal-observed-full-front,a80ba82214a11640caf213a50dc7569b9748469b7dfcb88b3fa064e13b0c7a95,931.6096929495726,120458.30769056684,307951.72350990813
250000,250000,0,terminal-observed-full-front,7a13a5787bde213759681146503c8f98bda665f8827bb4e741d09e0e8449ef48,924.0318032032798,120272.97753758232,310692.083641708
250000,250000,0,terminal-observed-full-front,ca831962e48a3e4ebe1ad48cf7e4a875bc20e5bf971eef2661a98969cac6955b,1173.5655827404223,113692.29427502252,322873.2065190376
250000,250000,0,terminal-observed-full-front,0d5148cb9f072d60f494b68b190d935edd0cad47249bc3655b60db923ef8b6e1,945.9241335815524,120858.81716478345,307301.37472328806
250000,250000,0,terminal-observed-full-front,9a1f1a0d9f252046e4af3c7a9991b7eba721fb5e9e96c3ab4d7f16cebd191157,945.9241335815524,120557.82551482643,307389.7643413347
250000,250000,0,terminal-observed-full-front,4c0d7b8851ccd9dcac5207faf3a74df0e33b1bc6431b63e45c197333af936b67,931.6096929495726,120458.30769056684,307951.72350990813
250000,250000,0,terminal-observed-full-front,8a1004d18fbe6316323d4a3b131528772a77ea12268c1032cfad818cc1fa4a6c,945.9241335815524,120557.82551482643,307389.7643413347
250000,250000,0,terminal-observed-full-front,1e0ea24c203c6fe19a79b856452ff5993ba0551083925186b78e3f83786ff786,945.9241335815524,120858.81716478345,307301.37472328806
250000,250000,0,terminal-observed-full-front,9a1f1a0d9f252046e4af3c7a9991b7eba721fb5e9e96c3ab4d7f16cebd191157,945.9241335815524,120557.82551482643,307389.7643413347
250000,250000,0,terminal-observed-full-front,0d5148cb9f072d60f494b68b190d935edd0cad47249bc3655b60db923ef8b6e1,945.9241335815524,120858.81716478345,307301.37472328806
250000,250000,0,terminal-observed-full-front,8a6d0f764fe792edec16da41cabee834cd85756fffddd404327d3aba4c506b57,931.6096929495726,120458.30769056684,307951.72350990813
250000,250000,0,terminal-observed-full-front,4c0d7b8851ccd9dcac5207faf3a74df0e33b1bc6431b63e45c197333af936b67,931.6096929495726,120458.30769056684,307951.72350990813
250000,250000,0,terminal-observed-full-front,1c9e5e03505b38516e068ea3ae200580b8cff775ca547687f196be9947d17013,965.0172885826786,120285.32240010035,306975.8085586255
250000,250000,0,terminal-observed-full-front,7cd7c6226f25ebfbe2e5756ec83b6dce375ba0e45f1c8b3b68a21428710b5ecc,945.9241335815524,120557.82551482643,307389.7643413347
250000,250000,0,terminal-observed-full-front,3fcd889ded3d8079f498d84d3589f55061feaabea575c25dc05fdcaf3bb5a372,943.2767066464961,119829.05914197222,311883.5835413297
250000,250000,0,terminal-observed-full-front,4c0d7b8851ccd9dcac5207faf3a74df0e33b1bc6431b63e45c197333af936b67,931.6096929495726,120458.30769056684,307951.72350990813
250000,250000,0,terminal-observed-full-front,1c9e5e03505b38516e068ea3ae200580b8cff775ca547687f196be9947d17013,965.0172885826786,120285.32240010035,306975.8085586255
250000,250000,0,terminal-observed-full-front,9a1f1a0d9f252046e4af3c7a9991b7eba721fb5e9e96c3ab4d7f16cebd191157,945.9241335815524,120557.82551482643,307389.7643413347
250000,250000,0,terminal-observed-full-front,4c0d7b8851ccd9dcac5207faf3a74df0e33b1bc6431b63e45c197333af936b67,931.6096929495726,120458.30769056684,307951.72350990813
250000,250000,0,terminal-observed-full-front,f764e05da86964da79711b6f8b3e872d9cc70a375477e01bacbb0337e9aa00d3,945.9241335815524,120557.82551482643,307389.7643413347
250000,250000,0,terminal-observed-full-front,6e058e6e412a4830abc9234c46d1cfc869eeab1afbb540806d64d55dabb2044f,931.6096929495726,120458.30769056684,307951.72350990813
250000,250000,0,terminal-observed-full-front,61a885fb8cc83d048ac2177a86b4ad549b688776a4f81642931de9d611e74fe5,920.6840881535684,120572.36359265729,310001.4388605708
250000,250000,0,terminal-observed-full-front,2778dd61dabcaa379c16a87ba8bb6e0792b7385dd99f149850933a299c92816f,945.9241335815524,120380.15044570933,307600.3763221628
250000,250000,0,terminal-observed-full-front,ed3989bd97cf12a373cc7a90ecac4eddbe150b65457aab0364787e2f7d873c92,945.9241335815524,120557.82551482643,307389.7643413347
250000,250000,0,terminal-observed-full-front,9a1f1a0d9f252046e4af3c7a9991b7eba721fb5e9e96c3ab4d7f16cebd191157,945.9241335815524,120557.82551482643,307389.7643413347
250000,250000,0,terminal-observed-full-front,2009c4bb4a59bd692451e73449041843c23dea1b016551c1d51b4c1f276679dd,926.1552158707137,120182.0824478795,309909.7662529009
250000,250000,0,terminal-observed-full-front,ed3989bd97cf12a373cc7a90ecac4eddbe150b65457aab0364787e2f7d873c92,945.9241335815524,120557.82551482643,307389.7643413347
250000,250000,0,terminal-observed-full-front,0d5148cb9f072d60f494b68b190d935edd0cad47249bc3655b60db923ef8b6e1,945.9241335815524,120858.81716478345,307301.37472328806
250000,250000,0,terminal-observed-full-front,0d5148cb9f072d60f494b68b190d935edd0cad47249bc3655b60db923ef8b6e1,945.9241335815524,120858.81716478345,307301.37472328806
250000,250000,0,terminal-observed-full-front,2778dd61dabcaa379c16a87ba8bb6e0792b7385dd99f149850933a299c92816f,945.9241335815524,120380.15044570933,307600.3763221628
250000,250000,0,terminal-observed-full-front,9a1f1a0d9f252046e4af3c7a9991b7eba721fb5e9e96c3ab4d7f16cebd191157,945.9241335815524,120557.82551482643,307389.7643413347
250000,250000,0,terminal-observed-full-front,1c9e5e03505b38516e068ea3ae200580b8cff775ca547687f196be9947d17013,965.0172885826786,120285.32240010035,306975.8085586255
250000,250000,0,terminal-observed-full-front,0d5148cb9f072d60f494b68b190d935edd0cad47249bc3655b60db923ef8b6e1,945.9241335815524,120858.81716478345,307301.37472328806
250000,250000,0,terminal-observed-full-front,4c0d7b8851ccd9dcac5207faf3a74df0e33b1bc6431b63e45c197333af936b67,931.6096929495726,120458.30769056684,307951.72350990813
250000,250000,0,terminal-observed-full-front,3fcd889ded3d8079f498d84d3589f55061feaabea575c25dc05fdcaf3bb5a372,943.2767066464961,119829.05914197222,311883.5835413297
250000,250000,0,terminal-observed-full-front,c7a03efd3e5d6a27acb307099364d53ad644bc50d7c81ffb47e5d2d9b478c0a2,921.7696370433458,120102.44341078655,310855.3824908745
250000,250000,0,terminal-observed-full-front,9a1f1a0d9f252046e4af3c7a9991b7eba721fb5e9e96c3ab4d7f16cebd191157,945.9241335815524,120557.82551482643,307389.7643413347
250000,250000,0,terminal-observed-full-front,f764e05da86964da79711b6f8b3e872d9cc70a375477e01bacbb0337e9aa00d3,945.9241335815524,120557.82551482643,307389.7643413347
250000,250000,0,terminal-observed-full-front,2778dd61dabcaa379c16a87ba8bb6e0792b7385dd99f149850933a299c92816f,945.9241335815524,120380.15044570933,307600.3763221628
250000,250000,0,terminal-observed-full-front,f764e05da86964da79711b6f8b3e872d9cc70a375477e01bacbb0337e9aa00d3,945.9241335815524,120557.82551482643,307389.7643413347
250000,250000,0,terminal-observed-full-front,b4f275c68ebeb585599c54bddd3bcea255bbfcc0bfba78cdc08a5a066eb896b1,921.7696370433458,120317.7102743898,310851.0439476578
250000,250000,0,terminal-observed-full-front,a7b89d62d8bb2321eb964c22d2ca54c4ee693825f8133e52a8285a0190da2acb,924.0318032032798,120142.51686533447,310733.42492891446
250000,250000,0,terminal-observed-full-front,3fcd889ded3d8079f498d84d3589f55061feaabea575c25dc05fdcaf3bb5a372,943.2767066464961,119829.05914197222,311883.5835413297
250000,250000,0,terminal-observed-full-front,9a1f1a0d9f252046e4af3c7a9991b7eba721fb5e9e96c3ab4d7f16cebd191157,945.9241335815524,120557.82551482643,307389.7643413347
250000,250000,0,terminal-observed-full-front,9a1f1a0d9f252046e4af3c7a9991b7eba721fb5e9e96c3ab4d7f16cebd191157,945.9241335815524,120557.82551482643,307389.7643413347
250000,250000,0,terminal-observed-full-front,2778dd61dabcaa379c16a87ba8bb6e0792b7385dd99f149850933a299c92816f,945.9241335815524,120380.15044570933,307600.3763221628
250000,250000,0,terminal-observed-full-front,f764e05da86964da79711b6f8b3e872d9cc70a375477e01bacbb0337e9aa00d3,945.9241335815524,120557.82551482643,307389.7643413347
250000,250000,0,terminal-observed-full-front,66c07831c83dbfca5dc1631228c3116072762f9062296990b8d388450cd7f303,932.6869787082114,119950.99533059614,311809.1348367261
250000,250000,0,terminal-observed-full-front,b475104fb6daf54a78973687b324d34619a9e4cd4c97607a216d582627c5b076,917.510163306136,120311.88773896119,311772.9523195543
250000,250000,0,terminal-observed-full-front,f764e05da86964da79711b6f8b3e872d9cc70a375477e01bacbb0337e9aa00d3,945.9241335815524,120557.82551482643,307389.7643413347
250000,250000,0,terminal-observed-full-front,659b00020c45085c0dea41a24e7c0c0482e7a9848d6d4a71175713e9632c1f73,945.9241335815524,120557.82551482643,307389.7643413347
250000,250000,0,terminal-observed-full-front,48e081525fe429f1ebb98ff7b58603e9dc722db05417eba983e7bf04b482773e,946.7951171768455,119963.82729944985,308852.3875675569
250000,250000,0,terminal-observed-full-front,9bfb861a11bb49140aa97ffceb48436cbfa12c758c30e22603eb092232f5e270,917.510163306136,120297.14990607063,312362.18536249397
250000,250000,0,terminal-observed-full-front,a13d7d33bd52ff4f89a862df4b5e993ae4a2efd9bee8ee050c801f25bc4429eb,926.1552158707137,120012.83742959937,311037.76295547024
250000,250000,0,terminal-observed-full-front,b3c35c06f452160f9d45c6e2a1159f3d36132ca28ddd48b17b13dac877c9c8c1,921.7696370433458,120317.7102743898,310851.0439476578
250000,250000,0,terminal-observed-full-front,d673d815213dc30d10f61d24e710d6ddbe4c89736168eadc1e77983c7557b3e3,1215.7570620003946,113574.04475446817,319642.21486967016
250000,250000,0,terminal-observed-full-front,f764e05da86964da79711b6f8b3e872d9cc70a375477e01bacbb0337e9aa00d3,945.9241335815524,120557.82551482643,307389.7643413347
250000,250000,0,terminal-observed-full-front,2778dd61dabcaa379c16a87ba8bb6e0792b7385dd99f149850933a299c92816f,945.9241335815524,120380.15044570933,307600.3763221628
250000,250000,0,terminal-observed-full-front,07ada6be4564c58c241c1b9dda3049b6c77773a583bf22ce31f799113ef1de8a,945.9241335815524,120858.81716478345,307301.37472328806
250000,250000,0,terminal-observed-full-front,db910e96840135e2837826e0ade8675996e530f899bcc67c6602fcc73cd4a394,921.7696370433458,119959.42076334708,312038.3294984142
250000,250000,0,terminal-observed-full-front,d673d815213dc30d10f61d24e710d6ddbe4c89736168eadc1e77983c7557b3e3,1215.7570620003946,113574.04475446817,319642.21486967016
250000,250000,0,terminal-observed-full-front,07ada6be4564c58c241c1b9dda3049b6c77773a583bf22ce31f799113ef1de8a,945.9241335815524,120858.81716478345,307301.37472328806
250000,250000,0,terminal-observed-full-front,2778dd61dabcaa379c16a87ba8bb6e0792b7385dd99f149850933a299c92816f,945.9241335815524,120380.15044570933,307600.3763221628
250000,250000,0,terminal-observed-full-front,3fcd889ded3d8079f498d84d3589f55061feaabea575c25dc05fdcaf3bb5a372,943.2767066464961,119829.05914197222,311883.5835413297
250000,250000,0,terminal-observed-full-front,9a1f1a0d9f252046e4af3c7a9991b7eba721fb5e9e96c3ab4d7f16cebd191157,945.9241335815524,120557.82551482643,307389.7643413347
250000,250000,0,terminal-observed-full-front,9a1f1a0d9f252046e4af3c7a9991b7eba721fb5e9e96c3ab4d7f16cebd191157,945.9241335815524,120557.82551482643,307389.7643413347
250000,250000,0,terminal-observed-full-front,f764e05da86964da79711b6f8b3e872d9cc70a375477e01bacbb0337e9aa00d3,945.9241335815524,120557.82551482643,307389.7643413347
250000,250000,0,terminal-observed-full-front,8a1004d18fbe6316323d4a3b131528772a77ea12268c1032cfad818cc1fa4a6c,945.9241335815524,120557.82551482643,307389.7643413347
250000,250000,0,terminal-observed-full-front,6987ce91656b62db2d216295f09d981293ded04bd06cfb49870f2f38d1223f6e,973.6904416338625,120245.89950659993,306874.10407692706
250000,250000,0,terminal-observed-full-front,9a1f1a0d9f252046e4af3c7a9991b7eba721fb5e9e96c3ab4d7f16cebd191157,945.9241335815524,120557.82551482643,307389.7643413347
250000,250000,0,terminal-observed-full-front,2778dd61dabcaa379c16a87ba8bb6e0792b7385dd99f149850933a299c92816f,945.9241335815524,120380.15044570933,307600.3763221628
250000,250000,0,terminal-observed-full-front,9a1f1a0d9f252046e4af3c7a9991b7eba721fb5e9e96c3ab4d7f16cebd191157,945.9241335815524,120557.82551482643,307389.7643413347
250000,250000,0,terminal-observed-full-front,8a1004d18fbe6316323d4a3b131528772a77ea12268c1032cfad818cc1fa4a6c,945.9241335815524,120557.82551482643,307389.7643413347
250000,250000,0,terminal-observed-full-front,8a1004d18fbe6316323d4a3b131528772a77ea12268c1032cfad818cc1fa4a6c,945.9241335815524,120557.82551482643,307389.7643413347
250000,250000,0,terminal-observed-full-front,88935b0690fb612a8cdbb0ea868c6cd71a8535784f56544257d46187071dbc80,945.9241335815524,120858.81716478345,307301.37472328806
250000,250000,0,terminal-observed-full-front,8a1004d18fbe6316323d4a3b131528772a77ea12268c1032cfad818cc1fa4a6c,945.9241335815524,120557.82551482643,307389.7643413347
250000,250000,0,terminal-observed-full-front,9a1f1a0d9f252046e4af3c7a9991b7eba721fb5e9e96c3ab4d7f16cebd191157,945.9241335815524,120557.82551482643,307389.7643413347
250000,250000,0,terminal-observed-full-front,f764e05da86964da79711b6f8b3e872d9cc70a375477e01bacbb0337e9aa00d3,945.9241335815524,120557.82551482643,307389.7643413347
250000,250000,0,terminal-observed-full-front,9a1f1a0d9f252046e4af3c7a9991b7eba721fb5e9e96c3ab4d7f16cebd191157,945.9241335815524,120557.82551482643,307389.7643413347
250000,250000,0,terminal-observed-full-front,2778dd61dabcaa379c16a87ba8bb6e0792b7385dd99f149850933a299c92816f,945.9241335815524,120380.15044570933,307600.3763221628
250000,250000,0,terminal-observed-full-front,9a1f1a0d9f252046e4af3c7a9991b7eba721fb5e9e96c3ab4d7f16cebd191157,945.9241335815524,120557.82551482643,307389.7643413347
250000,250000,0,terminal-observed-full-front,9a1f1a0d9f252046e4af3c7a9991b7eba721fb5e9e96c3ab4d7f16cebd191157,945.9241335815524,120557.82551482643,307389.7643413347
250000,250000,0,terminal-observed-full-front,9a1f1a0d9f252046e4af3c7a9991b7eba721fb5e9e96c3ab4d7f16cebd191157,945.9241335815524,120557.82551482643,307389.7643413347
250000,250000,0,terminal-observed-full-front,9a1f1a0d9f252046e4af3c7a9991b7eba721fb5e9e96c3ab4d7f16cebd191157,945.9241335815524,120557.82551482643,307389.7643413347
250000,250000,0,terminal-observed-full-front,f764e05da86964da79711b6f8b3e872d9cc70a375477e01bacbb0337e9aa00d3,945.9241335815524,120557.82551482643,307389.7643413347
250000,250000,0,terminal-observed-full-front,8a1004d18fbe6316323d4a3b131528772a77ea12268c1032cfad818cc1fa4a6c,945.9241335815524,120557.82551482643,307389.7643413347
250000,250000,0,terminal-observed-full-front,5fe3972b6403690d6488c33fc7037960561ed3fdec57943a6369229abdb46a37,952.2476056131829,118497.46180855937,341624.2193951463
250000,250000,0,terminal-observed-full-front,9a1f1a0d9f252046e4af3c7a9991b7eba721fb5e9e96c3ab4d7f16cebd191157,945.9241335815524,120557.82551482643,307389.7643413347
250000,250000,0,terminal-observed-full-front,d673d815213dc30d10f61d24e710d6ddbe4c89736168eadc1e77983c7557b3e3,1215.7570620003946,113574.04475446817,319642.21486967016
250000,250000,0,terminal-observed-full-front,9a1f1a0d9f252046e4af3c7a9991b7eba721fb5e9e96c3ab4d7f16cebd191157,945.9241335815524,120557.82551482643,307389.7643413347
250000,250000,0,terminal-observed-full-front,622580123bf577668e3d9bde4aafcfc96a72ae1a08ad2326c3aa09b4b3eb470b,945.9241335815524,120557.82551482643,307389.7643413347
250000,250000,0,terminal-observed-full-front,9ffc9365a5560ad03b870150bc6b7ac685f518f402a7f0bcd0446994890e4f39,945.9241335815524,120557.82551482643,307389.7643413347
250000,250000,0,terminal-observed-full-front,9a1f1a0d9f252046e4af3c7a9991b7eba721fb5e9e96c3ab4d7f16cebd191157,945.9241335815524,120557.82551482643,307389.7643413347
250000,250000,0,terminal-observed-full-front,097fdd0db2cc62c4cc92211a6aa964e96878f4f7bfd66838edb9c723f092c572,939.1385575005431,119832.62641545213,309471.6184253859
250000,250000,0,terminal-observed-full-front,9a1f1a0d9f252046e4af3c7a9991b7eba721fb5e9e96c3ab4d7f16cebd191157,945.9241335815524,120557.82551482643,307389.7643413347
250000,250000,0,terminal-observed-full-front,a90a036cb99030908c56fd7b4fd518324d7e8dfaa6e93e1a4f0166d588a3408b,945.9241335815524,120557.82551482643,307389.7643413347
250000,250000,0,terminal-observed-full-front,d0f14902d88da33e9418a15daa8a64fe81a662219a5aa60886be2d87997717ab,945.9241335815524,120557.82551482643,307389.7643413347
250000,250000,0,terminal-observed-full-front,9a1f1a0d9f252046e4af3c7a9991b7eba721fb5e9e96c3ab4d7f16cebd191157,945.9241335815524,120557.82551482643,307389.7643413347
250000,250000,0,terminal-observed-full-front,a90a036cb99030908c56fd7b4fd518324d7e8dfaa6e93e1a4f0166d588a3408b,945.9241335815524,120557.82551482643,307389.7643413347
250000,250000,0,terminal-observed-full-front,d0f14902d88da33e9418a15daa8a64fe81a662219a5aa60886be2d87997717ab,945.9241335815524,120557.82551482643,307389.7643413347
250000,250000,0,terminal-observed-full-front,622580123bf577668e3d9bde4aafcfc96a72ae1a08ad2326c3aa09b4b3eb470b,945.9241335815524,120557.82551482643,307389.7643413347
250000,250000,0,terminal-observed-full-front,a90a036cb99030908c56fd7b4fd518324d7e8dfaa6e93e1a4f0166d588a3408b,945.9241335815524,120557.82551482643,307389.7643413347
250000,250000,0,terminal-observed-full-front,f764e05da86964da79711b6f8b3e872d9cc70a375477e01bacbb0337e9aa00d3,945.9241335815524,120557.82551482643,307389.7643413347
250000,250000,0,terminal-observed-full-front,6675ded812f13a29092a555a3992662f531185bc556d255f368470184d7f19d0,1072.6763733556643,116381.17148172462,325076.02972668776
250000,250000,0,terminal-observed-full-front,2e1439839768118315b0c7ee75cf637ec2e7d7c6c60db459203564a4fe4db508,1223.9721463156907,113197.81815639517,321745.4700423761
250000,250000,0,terminal-observed-full-front,a90a036cb99030908c56fd7b4fd518324d7e8dfaa6e93e1a4f0166d588a3408b,945.9241335815524,120557.82551482643,307389.7643413347
250000,250000,0,terminal-observed-full-front,622580123bf577668e3d9bde4aafcfc96a72ae1a08ad2326c3aa09b4b3eb470b,945.9241335815524,120557.82551482643,307389.7643413347
250000,250000,0,terminal-observed-full-front,f144fa54336ebd67350a9c63e68a540344cb17dce87c3337d56b89d48c35ce50,945.9241335815524,120858.81716478345,307301.37472328806
250000,250000,0,terminal-observed-full-front,3e519375d493c692ffbd83b25b80b13d276182b6ddc329dcbe0db8dd6e05f416,945.9241335815524,120557.82551482643,307389.7643413347
250000,250000,0,terminal-observed-full-front,eeb32c6649837b18702aa8c9dadf5bd92e752cb5bd31aa0626a066f46767a77c,1198.0514583169524,113847.11670160282,314673.57563777524
250000,250000,0,terminal-observed-full-front,f144fa54336ebd67350a9c63e68a540344cb17dce87c3337d56b89d48c35ce50,945.9241335815524,120858.81716478345,307301.37472328806
250000,250000,0,terminal-observed-full-front,9a1f1a0d9f252046e4af3c7a9991b7eba721fb5e9e96c3ab4d7f16cebd191157,945.9241335815524,120557.82551482643,307389.7643413347
250000,250000,0,terminal-observed-full-front,983a010e05b2429320e06510e75c32ee6cc7704f4e773705ccbe9e478b4c2fb2,945.9241335815524,120557.82551482643,307389.7643413347
