instanceId,seed,populationSize,snapshotPath,snapshotSHA256,initialPopulationSHA256,initialPopulationP8SHA256,instanceSHA256,SUTSHA256,fatigueParameterSHA256,problemConfigurationSHA256
20_2_3_1,20260808,100,initial-populations/20_2_3_1/seed-20260808.fourvec,c4ce2c8664b832086ace0e7f3a4e99dc0323ff6364fb2ec22c5e0eca5a0f3a52,07311d31f51e6a71efcbf70435bf8924c02cb8be302023ddeed7f86c2ebca01b,ffca83d43be7a67b8860ad5ccbd5e3d51c2a0f7880509879c59ecbeac0dc9ebe,47D32D48E719219C5FA2B41E08278518C8162E3EB88398B5A4E8F54B61578A08,5CB98E6512F1E2382455811ABABEEC23141648E1DF94A3ABBAFABF828B87C2CA,F2212B34B509E46376C63308DDC59914263EB25A4C590BFCB86393D121455A71,13f8f4090025655fa905beffd89dac284394c3785efcd786c3f1d94032b1b283
20_2_3_1,20260809,100,initial-populations/20_2_3_1/seed-20260809.fourvec,68980a5b5f4b889823a1ed83ef2c00dc729460da29da4f86b5ebc661d92be58c,cdd2b353c392725c9e47b544478fa2dde3a64a99c4ba31ea6cc3d8926b788162,53768fbc14fa722afe25c9c5862be2bf9ec16f9bf121a398b4e498607b65830b,47D32D48E719219C5FA2B41E08278518C8162E3EB88398B5A4E8F54B61578A08,5CB98E6512F1E2382455811ABABEEC23141648E1DF94A3ABBAFABF828B87C2CA,F2212B34B509E46376C63308DDC59914263EB25A4C590BFCB86393D121455A71,13f8f4090025655fa905beffd89dac284394c3785efcd786c3f1d94032b1b283
20_2_3_1,20260810,100,initial-populations/20_2_3_1/seed-20260810.fourvec,de87a97a4bb923416b8adad30e43054b99eb64392906c3a9ce4c8458d1a858e8,30cdedcbd56a996ba0770684789d16e32d4fdf9d2179bf68c54a32f062e8a1dc,bd358176d9e5ec8ae89aa4bb51483e40751162eafe9c0513a6919bc5ff518f62,47D32D48E719219C5FA2B41E08278518C8162E3EB88398B5A4E8F54B61578A08,5CB98E6512F1E2382455811ABABEEC23141648E1DF94A3ABBAFABF828B87C2CA,F2212B34B509E46376C63308DDC59914263EB25A4C590BFCB86393D121455A71,13f8f4090025655fa905beffd89dac284394c3785efcd786c3f1d94032b1b283
20_2_3_1,20260811,100,initial-populations/20_2_3_1/seed-20260811.fourvec,98c6f32432fed081efa1d11c47fbe0b06deff3b0955e8646de6f5393dbf2bddb,9abd4ea8efe582c5bd5670085b517eb749d181346e6e82dcb89e317b74b5bc68,dd81c8723da31abb0f6a52971c5a3e2d0cb599d509c5fed965fc207c8c8a91c1,47D32D48E719219C5FA2B41E08278518C8162E3EB88398B5A4E8F54B61578A08,5CB98E6512F1E2382455811ABABEEC23141648E1DF94A3ABBAFABF828B87C2CA,F2212B34B509E46376C63308DDC59914263EB25A4C590BFCB86393D121455A71,13f8f4090025655fa905beffd89dac284394c3785efcd786c3f1d94032b1b283
20_2_3_1,20260812,100,initial-populations/20_2_3_1/seed-20260812.fourvec,63ef58fc861057bbe3b2b741bf731db9580147168d90e8d2584e9bf2ce28a717,3014473a06ce7e3c1586d4d1b955f82709c544789807a5e1ca00dd5071f2ec38,e9bdf1cc3cb65a1fade02fbe3e990f9fa14100d51fd9b93010c528eb66b0a5a1,47D32D48E719219C5FA2B41E08278518C8162E3EB88398B5A4E8F54B61578A08,5CB98E6512F1E2382455811ABABEEC23141648E1DF94A3ABBAFABF828B87C2CA,F2212B34B509E46376C63308DDC59914263EB25A4C590BFCB86393D121455A71,13f8f4090025655fa905beffd89dac284394c3785efcd786c3f1d94032b1b283
20_2_3_1,20260813,100,initial-populations/20_2_3_1/seed-20260813.fourvec,e1a2898f333cce288d7bfa6f89ed8637a8af0173741b739bd7af35dea7e20436,01622a32cc520449b2258acb797a4224f3d54381c836528f65445b0e3aa1f79f,c690b2743ce07fc032edebe31eae84e9194e3a9cab98212532a131515687038f,47D32D48E719219C5FA2B41E08278518C8162E3EB88398B5A4E8F54B61578A08,5CB98E6512F1E2382455811ABABEEC23141648E1DF94A3ABBAFABF828B87C2CA,F2212B34B509E46376C63308DDC59914263EB25A4C590BFCB86393D121455A71,13f8f4090025655fa905beffd89dac284394c3785efcd786c3f1d94032b1b283
20_2_3_1,20260814,100,initial-populations/20_2_3_1/seed-20260814.fourvec,f3629cde4b9300ce6db78b27227606ff031ddbba182718305198cae0478dece0,527a9a4ffd5550bb4591e2a5bc72fb534080e6a18168b3644da21152d3e8a680,370f834adcb82f67ca03c304abbfd02a5413b0d627e2d69e4ca4e5ba913db61d,47D32D48E719219C5FA2B41E08278518C8162E3EB88398B5A4E8F54B61578A08,5CB98E6512F1E2382455811ABABEEC23141648E1DF94A3ABBAFABF828B87C2CA,F2212B34B509E46376C63308DDC59914263EB25A4C590BFCB86393D121455A71,13f8f4090025655fa905beffd89dac284394c3785efcd786c3f1d94032b1b283
20_2_3_1,20260815,100,initial-populations/20_2_3_1/seed-20260815.fourvec,c02ef8d92b2a85d4590f3877186c472323dd8e2ecc7892154034d09162b403b9,a4ceb44613f623ac8c2904858f807ba8495159e816d51c2401018b89313d2487,670f843905c8b7bf913d0cc2d33b457e5c89ff58d6c9496972644a7a9f3879b0,47D32D48E719219C5FA2B41E08278518C8162E3EB88398B5A4E8F54B61578A08,5CB98E6512F1E2382455811ABABEEC23141648E1DF94A3ABBAFABF828B87C2CA,F2212B34B509E46376C63308DDC59914263EB25A4C590BFCB86393D121455A71,13f8f4090025655fa905beffd89dac284394c3785efcd786c3f1d94032b1b283
20_2_3_1,20260816,100,initial-populations/20_2_3_1/seed-20260816.fourvec,6b5bc0da19c46edce4087b7eff5daf635a63e35d326dc60b2d0463c8df0ff6a8,5baea234794fce1ef7f2d5e5772a5863fee71dad33d5e698c5bdbda2cbd8d0bb,e3e1396c1e4608e43bbe79dd63128b86fa6939efb49d0ca0334383dd5ea93faf,47D32D48E719219C5FA2B41E08278518C8162E3EB88398B5A4E8F54B61578A08,5CB98E6512F1E2382455811ABABEEC23141648E1DF94A3ABBAFABF828B87C2CA,F2212B34B509E46376C63308DDC59914263EB25A4C590BFCB86393D121455A71,13f8f4090025655fa905beffd89dac284394c3785efcd786c3f1d94032b1b283
20_2_3_1,20260817,100,initial-populations/20_2_3_1/seed-20260817.fourvec,8758417f0aa4a9e23ba1b823e548179270188090f46f5123766f61da3a922171,609121ec1ad0b6cc343236de12f9fc027c2346188c3f75017d6d090968b56671,89423a5b5896633788ec1507a2f68d9a9028f09a670ccae9c01e8b4ca5ad6191,47D32D48E719219C5FA2B41E08278518C8162E3EB88398B5A4E8F54B61578A08,5CB98E6512F1E2382455811ABABEEC23141648E1DF94A3ABBAFABF828B87C2CA,F2212B34B509E46376C63308DDC59914263EB25A4C590BFCB86393D121455A71,13f8f4090025655fa905beffd89dac284394c3785efcd786c3f1d94032b1b283
20_2_3_1,20260818,100,initial-populations/20_2_3_1/seed-20260818.fourvec,cb066ba02cf81c517f3a4636090f04cffadaff1d748bf6dbf545bf64c7210a44,632dcd36f6ce16f56f0b711c9187d4f775270117dce3c20d2fcba0d10b782eff,9b85ba6b8cdbfd920d8e7e0a97696a8f66c57b7c1563b8ad9a0c765e922812f3,47D32D48E719219C5FA2B41E08278518C8162E3EB88398B5A4E8F54B61578A08,5CB98E6512F1E2382455811ABABEEC23141648E1DF94A3ABBAFABF828B87C2CA,F2212B34B509E46376C63308DDC59914263EB25A4C590BFCB86393D121455A71,13f8f4090025655fa905beffd89dac284394c3785efcd786c3f1d94032b1b283
20_2_3_1,20260819,100,initial-populations/20_2_3_1/seed-20260819.fourvec,6787b538f5a72c1ce89d43de00dfa74a3b3c8bafcc3d8445092be59fe0b60ac9,864a3cdf4f228794f8c9428ad24634ec12d69d24deab46e9870a5bc2c3cd7541,fdc7eb3ba1c905f7b37eb07374cd125f655b04b37e0e8223a83398800d57422d,47D32D48E719219C5FA2B41E08278518C8162E3EB88398B5A4E8F54B61578A08,5CB98E6512F1E2382455811ABABEEC23141648E1DF94A3ABBAFABF828B87C2CA,F2212B34B509E46376C63308DDC59914263EB25A4C590BFCB86393D121455A71,13f8f4090025655fa905beffd89dac284394c3785efcd786c3f1d94032b1b283
20_2_3_1,20260820,100,initial-populations/20_2_3_1/seed-20260820.fourvec,4bc481813f315a8ea6deab3adb3cb2db283bebbce37c9b8f85c6e5d94c22ba0f,91bd72c8bcfeffe71ec2f330c9cc72f676eefde6fa8df4ed316243c845424027,9105a0a72f9765afa0970dc18e728de14c2f358a3b0f030bcb094a56bd70a763,47D32D48E719219C5FA2B41E08278518C8162E3EB88398B5A4E8F54B61578A08,5CB98E6512F1E2382455811ABABEEC23141648E1DF94A3ABBAFABF828B87C2CA,F2212B34B509E46376C63308DDC59914263EB25A4C590BFCB86393D121455A71,13f8f4090025655fa905beffd89dac284394c3785efcd786c3f1d94032b1b283
20_2_3_1,20260821,100,initial-populations/20_2_3_1/seed-20260821.fourvec,eb2f6712cd0adb03a8dc2f707c6da1bfcd3a636c8462e657e7a0e9a702269892,7c6a0422ded951ca2eb72075fee9bee050d0b0ca94277025c9e92e3c025f0471,850fcc9afb4629d76152a53b56f04fd1846e0398272d5e80816bc101ab8813dc,47D32D48E719219C5FA2B41E08278518C8162E3EB88398B5A4E8F54B61578A08,5CB98E6512F1E2382455811ABABEEC23141648E1DF94A3ABBAFABF828B87C2CA,F2212B34B509E46376C63308DDC59914263EB25A4C590BFCB86393D121455A71,13f8f4090025655fa905beffd89dac284394c3785efcd786c3f1d94032b1b283
20_2_3_1,20260822,100,initial-populations/20_2_3_1/seed-20260822.fourvec,b5f53f6e47583f9f414dce18ae2b8824e6a775e030639d4cb19d5acd0af5ae24,165ad2bc3a58953ed2f10674b2162bf18eb9960667e33e7de6133317297e77f2,58c4c3b6be9869b3666595618cbd11ef9d076ebc4ff6f60e1321d0f63b2f4b00,47D32D48E719219C5FA2B41E08278518C8162E3EB88398B5A4E8F54B61578A08,5CB98E6512F1E2382455811ABABEEC23141648E1DF94A3ABBAFABF828B87C2CA,F2212B34B509E46376C63308DDC59914263EB25A4C590BFCB86393D121455A71,13f8f4090025655fa905beffd89dac284394c3785efcd786c3f1d94032b1b283
20_2_3_1,20260823,100,initial-populations/20_2_3_1/seed-20260823.fourvec,89cad86d85d689ee87b821417cb1d0ef7f3dd2e4b34b87418bc11c0d00531f61,c2e535bb0da51a986255463f078c0d649170b5f8f306a6b868866af1dc7bccbb,822810ea710b7d58b3a51543ff345de7f7e24979c93939f13d7324797a7f8289,47D32D48E719219C5FA2B41E08278518C8162E3EB88398B5A4E8F54B61578A08,5CB98E6512F1E2382455811ABABEEC23141648E1DF94A3ABBAFABF828B87C2CA,F2212B34B509E46376C63308DDC59914263EB25A4C590BFCB86393D121455A71,13f8f4090025655fa905beffd89dac284394c3785efcd786c3f1d94032b1b283
20_2_3_1,20260824,100,initial-populations/20_2_3_1/seed-20260824.fourvec,4b36e77db95276ea9f137f85780e478bb72aad2c76288e4334f2ad524466477f,5c87299719b1fe1ca5aed031d768ec1ba6278d7e352515e6189c3906ea6c7131,91439f037899eed0654b33e964f6a08baba9abd1e33003c5678d120700711061,47D32D48E719219C5FA2B41E08278518C8162E3EB88398B5A4E8F54B61578A08,5CB98E6512F1E2382455811ABABEEC23141648E1DF94A3ABBAFABF828B87C2CA,F2212B34B509E46376C63308DDC59914263EB25A4C590BFCB86393D121455A71,13f8f4090025655fa905beffd89dac284394c3785efcd786c3f1d94032b1b283
20_2_3_1,20260825,100,initial-populations/20_2_3_1/seed-20260825.fourvec,32e6b19384545fdb4d34297cab89f2d104ee267d6c45ae8be10979d23b384bd6,2bc69a5ea0eb1d760c90b081d91e6d9dc50ad3e19d372b2eaefcd3a7fb949d63,8635ec0750692742409ddf0e4aca29572f1877080fe18e9f649ff046e9d11c0d,47D32D48E719219C5FA2B41E08278518C8162E3EB88398B5A4E8F54B61578A08,5CB98E6512F1E2382455811ABABEEC23141648E1DF94A3ABBAFABF828B87C2CA,F2212B34B509E46376C63308DDC59914263EB25A4C590BFCB86393D121455A71,13f8f4090025655fa905beffd89dac284394c3785efcd786c3f1d94032b1b283
20_2_3_1,20260826,100,initial-populations/20_2_3_1/seed-20260826.fourvec,a2a3b0bb00c2ca2ece32e4f30110d14d9d5173cbb202045447af4a44d8f2fc33,505dd17d681eeda9bb7f10fd11b3824dbea58900547748a52140f8bc31822b9d,4177c16ff47401254d81a9cb39faa548b5b0af5c69cb724d1e7e2244432a1f35,47D32D48E719219C5FA2B41E08278518C8162E3EB88398B5A4E8F54B61578A08,5CB98E6512F1E2382455811ABABEEC23141648E1DF94A3ABBAFABF828B87C2CA,F2212B34B509E46376C63308DDC59914263EB25A4C590BFCB86393D121455A71,13f8f4090025655fa905beffd89dac284394c3785efcd786c3f1d94032b1b283
20_2_3_1,20260827,100,initial-populations/20_2_3_1/seed-20260827.fourvec,052e3393ac5101c48d6c1d50b50caccca87fe49fc1587bc008142d48edf294a0,c3ba6679a0515634d9f25de6f95cc330b0c5ca6b0831e57ffd50596eb68e5078,628e2e060556ba04c1a6c80394978d1db9c69e97dea5361b7a2af9e6cc56777a,47D32D48E719219C5FA2B41E08278518C8162E3EB88398B5A4E8F54B61578A08,5CB98E6512F1E2382455811ABABEEC23141648E1DF94A3ABBAFABF828B87C2CA,F2212B34B509E46376C63308DDC59914263EB25A4C590BFCB86393D121455A71,13f8f4090025655fa905beffd89dac284394c3785efcd786c3f1d94032b1b283
20_2_4_1,20260808,100,initial-populations/20_2_4_1/seed-20260808.fourvec,4b4be3c787059edfd6c8b3d760c17012fca4c5c2b1b04dc988944afedee5d433,48378102d31786ba8168a11bf5ec91adc0d5f875e7d204649302a48066bbdfca,148239847a3108a3381e8b1a2cc5c1f580f050e48411cf5bd310219958f52b93,C963F65A6235F8F91E65C48F0639B7355A91100DED05472CEC7582B6B8404590,CCE62F4E6B70DBDD8A2230FD2685098CBBE79CBB1A720D8338FB813D14879090,8626EAE586659847F5118798ADCCABC051DF90CB88382DB07383B1A50635EA95,b6888010faad3071d1e915057f3ebc327b071fd55b86e2ace7eba0b662a6123e
20_2_4_1,20260809,100,initial-populations/20_2_4_1/seed-20260809.fourvec,22f58d40dd937ce49df5317f16ed6ed8b4214cdcec35bfedf8aa0a4d0573f4c6,4410695fc49f263c4b8faa3a9549d7a60a27195515f7ba45d2ebf13ad8a29176,54506798e607fffb58888800d9e88f333b06e2c9e93845c7485a8a5a95819cae,C963F65A6235F8F91E65C48F0639B7355A91100DED05472CEC7582B6B8404590,CCE62F4E6B70DBDD8A2230FD2685098CBBE79CBB1A720D8338FB813D14879090,8626EAE586659847F5118798ADCCABC051DF90CB88382DB07383B1A50635EA95,b6888010faad3071d1e915057f3ebc327b071fd55b86e2ace7eba0b662a6123e
20_2_4_1,20260810,100,initial-populations/20_2_4_1/seed-20260810.fourvec,750671cacc522e7fb01838ecb3b232f7e983adbff7dc294c5744e384b29e1ae7,b92c1f29e1d50e1278df5db610f8c831887dcbbe6703b949c5192a28e1e002e6,053d41ba527eac132ba1bf8a8f3fb9e06d16c6bb39dd544598120a26184589e8,C963F65A6235F8F91E65C48F0639B7355A91100DED05472CEC7582B6B8404590,CCE62F4E6B70DBDD8A2230FD2685098CBBE79CBB1A720D8338FB813D14879090,8626EAE586659847F5118798ADCCABC051DF90CB88382DB07383B1A50635EA95,b6888010faad3071d1e915057f3ebc327b071fd55b86e2ace7eba0b662a6123e
20_2_4_1,20260811,100,initial-populations/20_2_4_1/seed-20260811.fourvec,4e4ef8a2bbffe5830c2c000294fbd6ddde559bda758b94df0bcfda0011c8610b,460aaf6de6ad5721b4932a073abcfe83453a01b59dd3b5cc775a0b185b217947,b938c459c57a479b28b0465e97b16af8399c7a65f2b81bb07a66e89bb4d71478,C963F65A6235F8F91E65C48F0639B7355A91100DED05472CEC7582B6B8404590,CCE62F4E6B70DBDD8A2230FD2685098CBBE79CBB1A720D8338FB813D14879090,8626EAE586659847F5118798ADCCABC051DF90CB88382DB07383B1A50635EA95,b6888010faad3071d1e915057f3ebc327b071fd55b86e2ace7eba0b662a6123e
20_2_4_1,20260812,100,initial-populations/20_2_4_1/seed-20260812.fourvec,2d8fd097a45ed2357e9b3380f31d999456f822c892218835bd84fa1ee9a91ab4,33b79bf2e27a6d923f00361d2873e9195c55955bca6236cd89d6ee309f2bc782,d03d45c3e1963581e8e9d7581ffed7b7cd6c7834c83320e25348f257de6fad21,C963F65A6235F8F91E65C48F0639B7355A91100DED05472CEC7582B6B8404590,CCE62F4E6B70DBDD8A2230FD2685098CBBE79CBB1A720D8338FB813D14879090,8626EAE586659847F5118798ADCCABC051DF90CB88382DB07383B1A50635EA95,b6888010faad3071d1e915057f3ebc327b071fd55b86e2ace7eba0b662a6123e
20_2_4_1,20260813,100,initial-populations/20_2_4_1/seed-20260813.fourvec,f1bcece8e305cf2d303cc0970e54aa26d422a75e2a8ae1e75190ba86d31e16fc,7193182def22c8b9257f143663d499b7998e156c864cac22e4ff248ba1a4e07b,3a445127af5253bdc7532676ca587e6096a26ad228e6c8e01a0766fe942cd4fd,C963F65A6235F8F91E65C48F0639B7355A91100DED05472CEC7582B6B8404590,CCE62F4E6B70DBDD8A2230FD2685098CBBE79CBB1A720D8338FB813D14879090,8626EAE586659847F5118798ADCCABC051DF90CB88382DB07383B1A50635EA95,b6888010faad3071d1e915057f3ebc327b071fd55b86e2ace7eba0b662a6123e
20_2_4_1,20260814,100,initial-populations/20_2_4_1/seed-20260814.fourvec,fa2e9cd013762200abf0bbf9e71fda0ec6ce6afc56f202e595069a03a69fc1e3,a96e13a27fee10ef200e5af572ec98ad64601ce1d1e4c6d4d9895ba67820f9c6,06833fb8a6c46aa4c3ac9a6e5d59a7b03c6d0d5b1d3c17ceb77abb0b41c689d8,C963F65A6235F8F91E65C48F0639B7355A91100DED05472CEC7582B6B8404590,CCE62F4E6B70DBDD8A2230FD2685098CBBE79CBB1A720D8338FB813D14879090,8626EAE586659847F5118798ADCCABC051DF90CB88382DB07383B1A50635EA95,b6888010faad3071d1e915057f3ebc327b071fd55b86e2ace7eba0b662a6123e
20_2_4_1,20260815,100,initial-populations/20_2_4_1/seed-20260815.fourvec,db6bf6d654c7c60c20289b8d337c067a5e1c369c7142aa022478526ae2673a8c,84683c5d4a408586344317ed4488d56d1a334066cc1ecd6847aa06899fdede3e,08b3878f0f16e992d6053eb56f37cb69c03d47cac41c6c673be56ecf19ebbe28,C963F65A6235F8F91E65C48F0639B7355A91100DED05472CEC7582B6B8404590,CCE62F4E6B70DBDD8A2230FD2685098CBBE79CBB1A720D8338FB813D14879090,8626EAE586659847F5118798ADCCABC051DF90CB88382DB07383B1A50635EA95,b6888010faad3071d1e915057f3ebc327b071fd55b86e2ace7eba0b662a6123e
20_2_4_1,20260816,100,initial-populations/20_2_4_1/seed-20260816.fourvec,61e7a4c636e3d6b02b112caf3b79b4ba648ef9d98b37d212eccfb621ce6a33b5,6f978d757ee970c431a08042b94ee0fad1c1ca74d05d66ab86b73e8e0467fd14,6f13036cf3f32d476eac9008abd78ad8f25c15f8f4e4cafbade5d7a32309bb1c,C963F65A6235F8F91E65C48F0639B7355A91100DED05472CEC7582B6B8404590,CCE62F4E6B70DBDD8A2230FD2685098CBBE79CBB1A720D8338FB813D14879090,8626EAE586659847F5118798ADCCABC051DF90CB88382DB07383B1A50635EA95,b6888010faad3071d1e915057f3ebc327b071fd55b86e2ace7eba0b662a6123e
20_2_4_1,20260817,100,initial-populations/20_2_4_1/seed-20260817.fourvec,58c0c00d98d60b3d1a0f4c4d84c55d3eaf4bc9b6cd70535d0aa3718d031586ee,6c47dfa5627b3b8b2c0f4d5df0100407f0a44e5c8cfd4adea31225a62ddb8908,7b9b154431ff261d3faf878f7129a3591db03e58db7a509b06abf56efb320a3b,C963F65A6235F8F91E65C48F0639B7355A91100DED05472CEC7582B6B8404590,CCE62F4E6B70DBDD8A2230FD2685098CBBE79CBB1A720D8338FB813D14879090,8626EAE586659847F5118798ADCCABC051DF90CB88382DB07383B1A50635EA95,b6888010faad3071d1e915057f3ebc327b071fd55b86e2ace7eba0b662a6123e
20_2_4_1,20260818,100,initial-populations/20_2_4_1/seed-20260818.fourvec,3c5ccbf174b520bff8fa28352a2193d4a22c90939cc10be4a9932fbaa52ce4f4,4eaf93ff7107cded07fb482a0acbb1bc24dc9da2ee03656da3f1c2edc37b6fa4,6b748a54ec350119a09d5263bb046fe31b149331cad3a3f442c2d65e2568516d,C963F65A6235F8F91E65C48F0639B7355A91100DED05472CEC7582B6B8404590,CCE62F4E6B70DBDD8A2230FD2685098CBBE79CBB1A720D8338FB813D14879090,8626EAE586659847F5118798ADCCABC051DF90CB88382DB07383B1A50635EA95,b6888010faad3071d1e915057f3ebc327b071fd55b86e2ace7eba0b662a6123e
20_2_4_1,20260819,100,initial-populations/20_2_4_1/seed-20260819.fourvec,43b40ea190f6c3851ca973c4e80354f3ff742b6cdca50398dbd96db5da673f5f,8dae4aff28743902cc044a0ae2647f546d0854ce9018815e9ea38b9f82cc71e9,bf80a4f29098996718ffb5402a8361dc8051d5e12659cc2fa63cc1847bfbbef6,C963F65A6235F8F91E65C48F0639B7355A91100DED05472CEC7582B6B8404590,CCE62F4E6B70DBDD8A2230FD2685098CBBE79CBB1A720D8338FB813D14879090,8626EAE586659847F5118798ADCCABC051DF90CB88382DB07383B1A50635EA95,b6888010faad3071d1e915057f3ebc327b071fd55b86e2ace7eba0b662a6123e
20_2_4_1,20260820,100,initial-populations/20_2_4_1/seed-20260820.fourvec,7f966506b5ebf4a6b7214bcd2d0f1f711b05cbb9887d8fad4cd589d656ca2b53,f507dbc55e8bfd72cca4a5bd58edc998e2f2c8eaa49c81fda6bea04b60d13e92,0b300723aef497d91dbe1d6bddc82035bfdfc705afe34aaf7e9235d5f015802e,C963F65A6235F8F91E65C48F0639B7355A91100DED05472CEC7582B6B8404590,CCE62F4E6B70DBDD8A2230FD2685098CBBE79CBB1A720D8338FB813D14879090,8626EAE586659847F5118798ADCCABC051DF90CB88382DB07383B1A50635EA95,b6888010faad3071d1e915057f3ebc327b071fd55b86e2ace7eba0b662a6123e
20_2_4_1,20260821,100,initial-populations/20_2_4_1/seed-20260821.fourvec,c28c6f47a6fe6d7695a182c598e907faf96687e5e52949e0be6805daa73f4920,2282dd01e2ab72fc2c63760d6d040cb874250bf59ae2c7d119d1ae744b649d3c,187cfb0f8f96a7160b8a847f050629be7c1bb44e6c4f93a8a7ffcb2e81700aa5,C963F65A6235F8F91E65C48F0639B7355A91100DED05472CEC7582B6B8404590,CCE62F4E6B70DBDD8A2230FD2685098CBBE79CBB1A720D8338FB813D14879090,8626EAE586659847F5118798ADCCABC051DF90CB88382DB07383B1A50635EA95,b6888010faad3071d1e915057f3ebc327b071fd55b86e2ace7eba0b662a6123e
20_2_4_1,20260822,100,initial-populations/20_2_4_1/seed-20260822.fourvec,8bfb597794787d3f8d2df5c0c6fc809ef41fe2e74441d4fae8658429df5142b2,c4f46cc378588e4c5e61dd8a22640852b447c781b389063f827556c6f6a643e5,e8021f954e79501644ea4eb33ed72e3ee304144c935b7774845ff8385ed9ee31,C963F65A6235F8F91E65C48F0639B7355A91100DED05472CEC7582B6B8404590,CCE62F4E6B70DBDD8A2230FD2685098CBBE79CBB1A720D8338FB813D14879090,8626EAE586659847F5118798ADCCABC051DF90CB88382DB07383B1A50635EA95,b6888010faad3071d1e915057f3ebc327b071fd55b86e2ace7eba0b662a6123e
20_2_4_1,20260823,100,initial-populations/20_2_4_1/seed-20260823.fourvec,b7b4ca960c5735d62f08c7cfdec0db326909ce00fec6ea0a5d05e04599578d75,86f989412f2258dc5b3fefad8eeae1d3bca1e760cf53c88018c600f152ac201d,c3294ab5ac0d9be670b6b8f9c49c3174f252c7e734d322b6a112f4e93972e2ea,C963F65A6235F8F91E65C48F0639B7355A91100DED05472CEC7582B6B8404590,CCE62F4E6B70DBDD8A2230FD2685098CBBE79CBB1A720D8338FB813D14879090,8626EAE586659847F5118798ADCCABC051DF90CB88382DB07383B1A50635EA95,b6888010faad3071d1e915057f3ebc327b071fd55b86e2ace7eba0b662a6123e
20_2_4_1,20260824,100,initial-populations/20_2_4_1/seed-20260824.fourvec,845d2dbf19492762cf2088d28b0977bb8d43941a6c0336bf806bb5d989c36d5b,7b9c06efe7505c001d7993980a346aedebda7bf926d55b2af91ca0c4f0c7a7bb,0cde006ff99e7808a26d96857466442b94e2845ea9eebfdd7f22dfb288ea7e58,C963F65A6235F8F91E65C48F0639B7355A91100DED05472CEC7582B6B8404590,CCE62F4E6B70DBDD8A2230FD2685098CBBE79CBB1A720D8338FB813D14879090,8626EAE586659847F5118798ADCCABC051DF90CB88382DB07383B1A50635EA95,b6888010faad3071d1e915057f3ebc327b071fd55b86e2ace7eba0b662a6123e
20_2_4_1,20260825,100,initial-populations/20_2_4_1/seed-20260825.fourvec,4a63df60c7d899b25d6f211cae2ea199b1b3b0c0677924881e8899e54db0e9f8,eebe3d42a94d2a503612e699fc28e6571efbf42aaadf87ddc2c7ecaea8b807fe,72a6e0d37e864a16d4913466fb9b7b498f5f0a6404f17c8dd22fc3022f14e538,C963F65A6235F8F91E65C48F0639B7355A91100DED05472CEC7582B6B8404590,CCE62F4E6B70DBDD8A2230FD2685098CBBE79CBB1A720D8338FB813D14879090,8626EAE586659847F5118798ADCCABC051DF90CB88382DB07383B1A50635EA95,b6888010faad3071d1e915057f3ebc327b071fd55b86e2ace7eba0b662a6123e
20_2_4_1,20260826,100,initial-populations/20_2_4_1/seed-20260826.fourvec,8d0e8f06f72f6a90d9accbde6f96eb911fd49eea088bbbea3a06ff97bc9280e7,8391ff19cdbeb58443ab992de952a389c46254e44506365f96ba59c6f68dc4eb,fe4da79278aeb98a3f8c3a2508f4fe63fb4549f2ed9fcc22ac5d8511dfe3b65f,C963F65A6235F8F91E65C48F0639B7355A91100DED05472CEC7582B6B8404590,CCE62F4E6B70DBDD8A2230FD2685098CBBE79CBB1A720D8338FB813D14879090,8626EAE586659847F5118798ADCCABC051DF90CB88382DB07383B1A50635EA95,b6888010faad3071d1e915057f3ebc327b071fd55b86e2ace7eba0b662a6123e
20_2_4_1,20260827,100,initial-populations/20_2_4_1/seed-20260827.fourvec,7820f060b6033efcf301025475a6fd901890a1dd4972355d057b15a780e8801a,a9b4e5e1fe315d5e1fb99cf8a614e9e4bae858d1ca2d11aef40266960a5d2e9f,acf5a33c4d6c8a403914ae776b83758af0a2de25efac2914061c6f268bb0f079,C963F65A6235F8F91E65C48F0639B7355A91100DED05472CEC7582B6B8404590,CCE62F4E6B70DBDD8A2230FD2685098CBBE79CBB1A720D8338FB813D14879090,8626EAE586659847F5118798ADCCABC051DF90CB88382DB07383B1A50635EA95,b6888010faad3071d1e915057f3ebc327b071fd55b86e2ace7eba0b662a6123e
20_2_5_1,20260808,100,initial-populations/20_2_5_1/seed-20260808.fourvec,0475a3a950539e9c90fcd30e1956c3e9182e0b11127361d61f6c59b9bd4dee76,d8f7f044ee8427aad5cba67f81cf062bd6753fcf3ca9d9d6ca0f7c51ba9b097e,eaf27d1221b117a346abff64c649e10625e396cf4d227e22cb491997dec0af0a,F9CB309B01A78E06C3FA3F84E3B51230600A71726CBACD32965D08D815FA52F8,E083D63AB99EEBF71AB2D8FC905545893E3180780673F6D12F74B0B3676B6CB5,422EDBB05FA04FC6BFEE7E5D36B4B8F23FCACFCD4F0230D799DFECE3A29BA95F,16d15878ea4e51ab2f61c270caffda9f8071c59bab0a356e5ccb013bb7493602
20_2_5_1,20260809,100,initial-populations/20_2_5_1/seed-20260809.fourvec,93da33ca8d9180bed885f45ea0720a3b0af75b4d6de696db80e183faf341f9b3,8d498d507047abc8650f369bb260b4b2b8cee76913e5741e9582059d5e48698a,ead1c67c37ecff94859abd969dfb633efd6573c488ba089e4cdeb9efad1867be,F9CB309B01A78E06C3FA3F84E3B51230600A71726CBACD32965D08D815FA52F8,E083D63AB99EEBF71AB2D8FC905545893E3180780673F6D12F74B0B3676B6CB5,422EDBB05FA04FC6BFEE7E5D36B4B8F23FCACFCD4F0230D799DFECE3A29BA95F,16d15878ea4e51ab2f61c270caffda9f8071c59bab0a356e5ccb013bb7493602
20_2_5_1,20260810,100,initial-populations/20_2_5_1/seed-20260810.fourvec,c7001899286f1f2f35238864c1ac649798ec02a35ec10f2dea2c37a7d6c00971,9fd8d90fadf7790d29dea872442caf69967da36c6f0d06f3f55aeffee63adc0f,01a719dfbe94f3d21e489a85f846c824dac5504b7f7b1a62dda559f77a25de9f,F9CB309B01A78E06C3FA3F84E3B51230600A71726CBACD32965D08D815FA52F8,E083D63AB99EEBF71AB2D8FC905545893E3180780673F6D12F74B0B3676B6CB5,422EDBB05FA04FC6BFEE7E5D36B4B8F23FCACFCD4F0230D799DFECE3A29BA95F,16d15878ea4e51ab2f61c270caffda9f8071c59bab0a356e5ccb013bb7493602
20_2_5_1,20260811,100,initial-populations/20_2_5_1/seed-20260811.fourvec,97d4a006614751b4df2cbd0f6da0c38f9374a2f3ad8a15abc36602135d573e1a,2a871876f61e1dff210050e29a4e86e51e25db5e7a0ceace997f018f4ad03f9a,227253fb5e76dad16c2991c617a013298e643e568b28fd75d22cdc77cdf7ae3d,F9CB309B01A78E06C3FA3F84E3B51230600A71726CBACD32965D08D815FA52F8,E083D63AB99EEBF71AB2D8FC905545893E3180780673F6D12F74B0B3676B6CB5,422EDBB05FA04FC6BFEE7E5D36B4B8F23FCACFCD4F0230D799DFECE3A29BA95F,16d15878ea4e51ab2f61c270caffda9f8071c59bab0a356e5ccb013bb7493602
20_2_5_1,20260812,100,initial-populations/20_2_5_1/seed-20260812.fourvec,9d52d11a89ae5649a10c82094f186975919e502a64ef738c273187ef8386740d,51ae00cea9dd50f77854917d3d4a54155785967a719d5fcfb9e21cec98a832ed,cf2ba9f3fa7d81a93554c845d6a3404cee622b1ce9ad009f70b671ff8f2f7ac5,F9CB309B01A78E06C3FA3F84E3B51230600A71726CBACD32965D08D815FA52F8,E083D63AB99EEBF71AB2D8FC905545893E3180780673F6D12F74B0B3676B6CB5,422EDBB05FA04FC6BFEE7E5D36B4B8F23FCACFCD4F0230D799DFECE3A29BA95F,16d15878ea4e51ab2f61c270caffda9f8071c59bab0a356e5ccb013bb7493602
20_2_5_1,20260813,100,initial-populations/20_2_5_1/seed-20260813.fourvec,96dbef82f364980d94634861f4aca5878c038a01b841d27503cde83b3d1692d1,cd189f13ed1771cfc2fc3c1b6b4080306d2d98f83ddb1293fb843bd0169371c3,12e419092fd881243e1659fdbe5189f4a4cc9f3477b091c8e330e4dadebc99e8,F9CB309B01A78E06C3FA3F84E3B51230600A71726CBACD32965D08D815FA52F8,E083D63AB99EEBF71AB2D8FC905545893E3180780673F6D12F74B0B3676B6CB5,422EDBB05FA04FC6BFEE7E5D36B4B8F23FCACFCD4F0230D799DFECE3A29BA95F,16d15878ea4e51ab2f61c270caffda9f8071c59bab0a356e5ccb013bb7493602
20_2_5_1,20260814,100,initial-populations/20_2_5_1/seed-20260814.fourvec,3f45bdc27ca24510755490b19efa75234c7ce3a9ca61061ece43e844c7f3b707,d3af576d0b7f22467e7841a561ce89fabff78a135d0ee03a75d94b56dbbc521f,13415de2ccf28660fe78d70d4932699821073ecdab20a466757f2110577283f0,F9CB309B01A78E06C3FA3F84E3B51230600A71726CBACD32965D08D815FA52F8,E083D63AB99EEBF71AB2D8FC905545893E3180780673F6D12F74B0B3676B6CB5,422EDBB05FA04FC6BFEE7E5D36B4B8F23FCACFCD4F0230D799DFECE3A29BA95F,16d15878ea4e51ab2f61c270caffda9f8071c59bab0a356e5ccb013bb7493602
20_2_5_1,20260815,100,initial-populations/20_2_5_1/seed-20260815.fourvec,931520df00a8bfa907d5ebe81d5fb820c44565d0a0fa85260d631c16097d0c76,1d244a6cc18f1aa10a81e3690b6dfd1d62122aa7a213470b272b03cdd2c6ff72,eed410180ea2189c212653fefa2bbaa9b23e25b6cec5104acd308cd0aaede784,F9CB309B01A78E06C3FA3F84E3B51230600A71726CBACD32965D08D815FA52F8,E083D63AB99EEBF71AB2D8FC905545893E3180780673F6D12F74B0B3676B6CB5,422EDBB05FA04FC6BFEE7E5D36B4B8F23FCACFCD4F0230D799DFECE3A29BA95F,16d15878ea4e51ab2f61c270caffda9f8071c59bab0a356e5ccb013bb7493602
20_2_5_1,20260816,100,initial-populations/20_2_5_1/seed-20260816.fourvec,a1de0c28a1a9030ad5a139fc396c59a9b14845e1351b2e09b2759cd23568fb76,025e3512a4fb13981ddaf8f25004eff78127f98c1e72109f6421b80af548cae0,f80d01957ba2e7767c5911b0411c1be3ab155dd91443973dced7660c34aa3dc6,F9CB309B01A78E06C3FA3F84E3B51230600A71726CBACD32965D08D815FA52F8,E083D63AB99EEBF71AB2D8FC905545893E3180780673F6D12F74B0B3676B6CB5,422EDBB05FA04FC6BFEE7E5D36B4B8F23FCACFCD4F0230D799DFECE3A29BA95F,16d15878ea4e51ab2f61c270caffda9f8071c59bab0a356e5ccb013bb7493602
20_2_5_1,20260817,100,initial-populations/20_2_5_1/seed-20260817.fourvec,956cd4a18a71e813a39ff9881ab3f186a8ee9d6bbdfe5f67df266ec5477932eb,87ba65cc49792ba1e00eabbde5b4e814b2c1c0e78e5462181f6baf312d8ba36e,7a3d7cc2f82d38a0d42e065ed55c5414c57af38410bf1c7fc436a4af07bca181,F9CB309B01A78E06C3FA3F84E3B51230600A71726CBACD32965D08D815FA52F8,E083D63AB99EEBF71AB2D8FC905545893E3180780673F6D12F74B0B3676B6CB5,422EDBB05FA04FC6BFEE7E5D36B4B8F23FCACFCD4F0230D799DFECE3A29BA95F,16d15878ea4e51ab2f61c270caffda9f8071c59bab0a356e5ccb013bb7493602
20_2_5_1,20260818,100,initial-populations/20_2_5_1/seed-20260818.fourvec,826699fc10bc26b30d4550610219c0bf74ec8bfa1c50f2efcf4ac751499acd0c,406ab2389cd750480bc28b152ca96e4f86857db5adfeca96fe0f1b342b2699fc,399059613d15f4071a8c4d4f52de91113e90aa3951405315a90de33ccd16e454,F9CB309B01A78E06C3FA3F84E3B51230600A71726CBACD32965D08D815FA52F8,E083D63AB99EEBF71AB2D8FC905545893E3180780673F6D12F74B0B3676B6CB5,422EDBB05FA04FC6BFEE7E5D36B4B8F23FCACFCD4F0230D799DFECE3A29BA95F,16d15878ea4e51ab2f61c270caffda9f8071c59bab0a356e5ccb013bb7493602
20_2_5_1,20260819,100,initial-populations/20_2_5_1/seed-20260819.fourvec,64a14719340c47cd96e71ac4ecea2ec0dc817caeab18fffeedfc104218c470a3,89afe57e6ce84cc372d759b1c3f2dd31c76a54963b30c5197bbb94a3de3577f7,b1c271cecd5afe770b807fcebb52e5b0683299b42d3db12e4a2973b8d10f0240,F9CB309B01A78E06C3FA3F84E3B51230600A71726CBACD32965D08D815FA52F8,E083D63AB99EEBF71AB2D8FC905545893E3180780673F6D12F74B0B3676B6CB5,422EDBB05FA04FC6BFEE7E5D36B4B8F23FCACFCD4F0230D799DFECE3A29BA95F,16d15878ea4e51ab2f61c270caffda9f8071c59bab0a356e5ccb013bb7493602
20_2_5_1,20260820,100,initial-populations/20_2_5_1/seed-20260820.fourvec,546733ac46b1b48f8d02d932862aa9598125821882f38b960a71bc33587748a4,aea585b86b5b7ea01788b2477aa2c45f253e1f5cbcdeca23dccc09ad3a5b28d5,ce80c0cc0ec5540f9c557f71091a65c8ca94328ecb11dae3cf058672e71891e4,F9CB309B01A78E06C3FA3F84E3B51230600A71726CBACD32965D08D815FA52F8,E083D63AB99EEBF71AB2D8FC905545893E3180780673F6D12F74B0B3676B6CB5,422EDBB05FA04FC6BFEE7E5D36B4B8F23FCACFCD4F0230D799DFECE3A29BA95F,16d15878ea4e51ab2f61c270caffda9f8071c59bab0a356e5ccb013bb7493602
20_2_5_1,20260821,100,initial-populations/20_2_5_1/seed-20260821.fourvec,08373240bc657f96974b8ba35b332bcac3ff4f280c1a53f2321b3ded3dce7179,86958dcbd98b93a399a0730458ef32088f26145c40590b6ba6761df6e7417c00,9dcbcce2a7dfcfef84f32a43dd86de3f566608c5b0839d9937ae90119076484c,F9CB309B01A78E06C3FA3F84E3B51230600A71726CBACD32965D08D815FA52F8,E083D63AB99EEBF71AB2D8FC905545893E3180780673F6D12F74B0B3676B6CB5,422EDBB05FA04FC6BFEE7E5D36B4B8F23FCACFCD4F0230D799DFECE3A29BA95F,16d15878ea4e51ab2f61c270caffda9f8071c59bab0a356e5ccb013bb7493602
20_2_5_1,20260822,100,initial-populations/20_2_5_1/seed-20260822.fourvec,a2e10e9406ab571d8ceffbd92bd8dab46dcaab5377088e626887e62da608481a,3c56def6b70c916d0e9514b0e26e8087b4451ccb7787bf2990a98f41c2e9be22,1db20cb1f2edaad2cc5177d2d92ccc41582489488b1102c4db48a717a9c67224,F9CB309B01A78E06C3FA3F84E3B51230600A71726CBACD32965D08D815FA52F8,E083D63AB99EEBF71AB2D8FC905545893E3180780673F6D12F74B0B3676B6CB5,422EDBB05FA04FC6BFEE7E5D36B4B8F23FCACFCD4F0230D799DFECE3A29BA95F,16d15878ea4e51ab2f61c270caffda9f8071c59bab0a356e5ccb013bb7493602
20_2_5_1,20260823,100,initial-populations/20_2_5_1/seed-20260823.fourvec,fb1c40438617d4cbf84f41e70933d325e9bae1d4aca8116b074fc0dda742ab43,3d4019c6a0878c79c94ee343c0f1ad0486680a422db1284daa839ec9d6f7e634,181fe3a41fa4b2ac77e49fa600f183ea47f32ce71802aeba20dbfdd09d4ca006,F9CB309B01A78E06C3FA3F84E3B51230600A71726CBACD32965D08D815FA52F8,E083D63AB99EEBF71AB2D8FC905545893E3180780673F6D12F74B0B3676B6CB5,422EDBB05FA04FC6BFEE7E5D36B4B8F23FCACFCD4F0230D799DFECE3A29BA95F,16d15878ea4e51ab2f61c270caffda9f8071c59bab0a356e5ccb013bb7493602
20_2_5_1,20260824,100,initial-populations/20_2_5_1/seed-20260824.fourvec,e7fa348b3861fd5fa8149ed9863611c78a8ed8905ae686c1057769f615fbc3e2,cd18f9a9d3893f54ede09da054fbf53c6674e7d982c6dac26434db76ee502a41,0b937254995731951b1405d56c1e0806167a7b16b85ba147d6d6e64a0daa0012,F9CB309B01A78E06C3FA3F84E3B51230600A71726CBACD32965D08D815FA52F8,E083D63AB99EEBF71AB2D8FC905545893E3180780673F6D12F74B0B3676B6CB5,422EDBB05FA04FC6BFEE7E5D36B4B8F23FCACFCD4F0230D799DFECE3A29BA95F,16d15878ea4e51ab2f61c270caffda9f8071c59bab0a356e5ccb013bb7493602
20_2_5_1,20260825,100,initial-populations/20_2_5_1/seed-20260825.fourvec,91b85398948c506e15618d1ee1caa181bd130df98f93ae87c64344c0df90babf,f66d126be991f441e7748c560dce2b4a08ebe6022a0d44633422c72f756ecda3,b03bea9ab25cb9b29d3543f04c08cde15ee587cac6c0c8f3ae5f2b22bd102105,F9CB309B01A78E06C3FA3F84E3B51230600A71726CBACD32965D08D815FA52F8,E083D63AB99EEBF71AB2D8FC905545893E3180780673F6D12F74B0B3676B6CB5,422EDBB05FA04FC6BFEE7E5D36B4B8F23FCACFCD4F0230D799DFECE3A29BA95F,16d15878ea4e51ab2f61c270caffda9f8071c59bab0a356e5ccb013bb7493602
20_2_5_1,20260826,100,initial-populations/20_2_5_1/seed-20260826.fourvec,3779010862d0986215d7bb4e36d64867a0db656949b052b185b179f8310534ec,aad9d877e0ed880065b3457ff0d25ee74ed7df68346cfad3195685809118c0be,040d36724499135e637f0958711e94fea742f4e2322be69a952af8a320e91019,F9CB309B01A78E06C3FA3F84E3B51230600A71726CBACD32965D08D815FA52F8,E083D63AB99EEBF71AB2D8FC905545893E3180780673F6D12F74B0B3676B6CB5,422EDBB05FA04FC6BFEE7E5D36B4B8F23FCACFCD4F0230D799DFECE3A29BA95F,16d15878ea4e51ab2f61c270caffda9f8071c59bab0a356e5ccb013bb7493602
20_2_5_1,20260827,100,initial-populations/20_2_5_1/seed-20260827.fourvec,c38c6b83aa5d7ff06a3f3c30aa1e54458ab7668498304b2750a1d78ccebc941e,0ecb3be27f0b94ea5cac3bdbe89cbb7dbfd15f80f3d3667a1a868c556f919385,7bcf078905907df973697dceeb87a9d18e165999a3f2ab078aee3e3ea5091edc,F9CB309B01A78E06C3FA3F84E3B51230600A71726CBACD32965D08D815FA52F8,E083D63AB99EEBF71AB2D8FC905545893E3180780673F6D12F74B0B3676B6CB5,422EDBB05FA04FC6BFEE7E5D36B4B8F23FCACFCD4F0230D799DFECE3A29BA95F,16d15878ea4e51ab2f61c270caffda9f8071c59bab0a356e5ccb013bb7493602
20_5_3_1,20260808,100,initial-populations/20_5_3_1/seed-20260808.fourvec,4a3f358b008c44c1f4a437024e8bbc429a5b6ba123dba7bc0f30e5ebda67049b,7f214b4415a0f85da68ccfb2086742bde5f2319b72f4eb0fe0418d5be95c6766,d59e98def959a3376456915e6bdaf55026f4e85bb676cab04410d20c33d136c9,A1F7244222F33E89DE28E35D52748EF0E420FDB6A81A8F87973CD2A0AB02A6E7,D3ECB473632CECC48E3312ADF9F27BC7D5344FBB0A8E1AF25D05A30807B0002A,8F5279AB31D1460834395CE0823509E63AAE21DFECF98A704DF820BEDAAF35AF,13f3c7ce869b6953ffa77d817ff55c0a29afd73722d9aae2f9fcc41a6308cbd6
20_5_3_1,20260809,100,initial-populations/20_5_3_1/seed-20260809.fourvec,a447500b006daaf8cdcddd8853cde52bc104bb62b17192bfc7ce4469a7cd5a3c,74f46f56f1048a3e29a00f440a17a76351315a60fdb1e86380c1debc66b485f7,cdbca4bc7a7fb7bb22ba2bf34e650e6f87c6563668160438be9facfdec1e46a1,A1F7244222F33E89DE28E35D52748EF0E420FDB6A81A8F87973CD2A0AB02A6E7,D3ECB473632CECC48E3312ADF9F27BC7D5344FBB0A8E1AF25D05A30807B0002A,8F5279AB31D1460834395CE0823509E63AAE21DFECF98A704DF820BEDAAF35AF,13f3c7ce869b6953ffa77d817ff55c0a29afd73722d9aae2f9fcc41a6308cbd6
20_5_3_1,20260810,100,initial-populations/20_5_3_1/seed-20260810.fourvec,559388d23a7fa091ba674e11b2b58dfd1523d0c0f308982f6f555f0f58dec406,d249ee35f0a8a764d11da1ec303a91ed1c80f697cf517d230fd289f6036694fb,77d424146c4456dc28f8713ccadc6bbade5b5ff3b51e9d590dfccfbdfa3c30bd,A1F7244222F33E89DE28E35D52748EF0E420FDB6A81A8F87973CD2A0AB02A6E7,D3ECB473632CECC48E3312ADF9F27BC7D5344FBB0A8E1AF25D05A30807B0002A,8F5279AB31D1460834395CE0823509E63AAE21DFECF98A704DF820BEDAAF35AF,13f3c7ce869b6953ffa77d817ff55c0a29afd73722d9aae2f9fcc41a6308cbd6
20_5_3_1,20260811,100,initial-populations/20_5_3_1/seed-20260811.fourvec,c0498037ca8e6522110886f64f17d7956a05b924b3358a7a954707e3b705b5a9,5fbb15dab2136279966da66a3251b4f2b2697390d8304b0441cb502341e6e022,c6b99fa76fa384ec934988cb2cfb94038059159440434fb8d3187c9b72222da4,A1F7244222F33E89DE28E35D52748EF0E420FDB6A81A8F87973CD2A0AB02A6E7,D3ECB473632CECC48E3312ADF9F27BC7D5344FBB0A8E1AF25D05A30807B0002A,8F5279AB31D1460834395CE0823509E63AAE21DFECF98A704DF820BEDAAF35AF,13f3c7ce869b6953ffa77d817ff55c0a29afd73722d9aae2f9fcc41a6308cbd6
20_5_3_1,20260812,100,initial-populations/20_5_3_1/seed-20260812.fourvec,41f82ba86e4936eb2b801bcb92f4502fe3395d0ae23b122612cc6c8596ef4eea,f6260f6d43f52870a0cbe12131873535fc1784ba7a20702361c380db97cd60bd,7f5235fa97d29a1757b046aac5102e9d695851ffa389cd11ebe3b8c9042a4b5d,A1F7244222F33E89DE28E35D52748EF0E420FDB6A81A8F87973CD2A0AB02A6E7,D3ECB473632CECC48E3312ADF9F27BC7D5344FBB0A8E1AF25D05A30807B0002A,8F5279AB31D1460834395CE0823509E63AAE21DFECF98A704DF820BEDAAF35AF,13f3c7ce869b6953ffa77d817ff55c0a29afd73722d9aae2f9fcc41a6308cbd6
20_5_3_1,20260813,100,initial-populations/20_5_3_1/seed-20260813.fourvec,060b1ae2885d36fdf49789969a8afc479c566816ff5c308f86116e1b9c06c7cf,38895d40a9748c20a06eae1f4f954d649bf74e97f2d689d7f5b889d8f3c790b1,6cede8423afe8af6fec87b0ac5d940f5bff31f481ac7d393226468f04b9bdecc,A1F7244222F33E89DE28E35D52748EF0E420FDB6A81A8F87973CD2A0AB02A6E7,D3ECB473632CECC48E3312ADF9F27BC7D5344FBB0A8E1AF25D05A30807B0002A,8F5279AB31D1460834395CE0823509E63AAE21DFECF98A704DF820BEDAAF35AF,13f3c7ce869b6953ffa77d817ff55c0a29afd73722d9aae2f9fcc41a6308cbd6
20_5_3_1,20260814,100,initial-populations/20_5_3_1/seed-20260814.fourvec,8e0ff63e7ef7e11a6b2927210ff2f644f7461662fc8a28a431e3f04f6e6bb06b,7ca478b362ca06a2bc4512c41be929235abe044567b325fd3201472a99ef0f8a,b34a24075f9b06edc953631a85e7a2c1d0048db873deb58b880a1c41259f9d34,A1F7244222F33E89DE28E35D52748EF0E420FDB6A81A8F87973CD2A0AB02A6E7,D3ECB473632CECC48E3312ADF9F27BC7D5344FBB0A8E1AF25D05A30807B0002A,8F5279AB31D1460834395CE0823509E63AAE21DFECF98A704DF820BEDAAF35AF,13f3c7ce869b6953ffa77d817ff55c0a29afd73722d9aae2f9fcc41a6308cbd6
20_5_3_1,20260815,100,initial-populations/20_5_3_1/seed-20260815.fourvec,bea53c026248a839131e5c11c3fc7ca3d8832cc31a6de1b279e5015f9b16abaa,b379ec384246a870a947590d4d0574010ee2a2d567e856e63f88e638148e2b52,ec31bad9007e46ec33e03db542820b97db5ecef359289331b04d8789454c50da,A1F7244222F33E89DE28E35D52748EF0E420FDB6A81A8F87973CD2A0AB02A6E7,D3ECB473632CECC48E3312ADF9F27BC7D5344FBB0A8E1AF25D05A30807B0002A,8F5279AB31D1460834395CE0823509E63AAE21DFECF98A704DF820BEDAAF35AF,13f3c7ce869b6953ffa77d817ff55c0a29afd73722d9aae2f9fcc41a6308cbd6
20_5_3_1,20260816,100,initial-populations/20_5_3_1/seed-20260816.fourvec,4854c5e64ecfdd5db36b39b8d0d364baf8089969ad3cda1b34900b1a8d614711,ad34443bb8d0ce194a6f91248cd8895fcf909bfb9a09672d185792f44ccf50d3,929795c41b35698834390699f28b329e73ea3a19d61bfe7448b77e57fb317123,A1F7244222F33E89DE28E35D52748EF0E420FDB6A81A8F87973CD2A0AB02A6E7,D3ECB473632CECC48E3312ADF9F27BC7D5344FBB0A8E1AF25D05A30807B0002A,8F5279AB31D1460834395CE0823509E63AAE21DFECF98A704DF820BEDAAF35AF,13f3c7ce869b6953ffa77d817ff55c0a29afd73722d9aae2f9fcc41a6308cbd6
20_5_3_1,20260817,100,initial-populations/20_5_3_1/seed-20260817.fourvec,f038241371006733251a479f8e7ea76394fe60f36a74cd2dd5d51a56d047bcc5,f6e1966c435480f863505260036750606f9a8a034946ae05c3b2262fa05a7303,4e3e9d1ac7a79c089d6440a2261f1a30513af31f7b232819813fd869bde0ff2c,A1F7244222F33E89DE28E35D52748EF0E420FDB6A81A8F87973CD2A0AB02A6E7,D3ECB473632CECC48E3312ADF9F27BC7D5344FBB0A8E1AF25D05A30807B0002A,8F5279AB31D1460834395CE0823509E63AAE21DFECF98A704DF820BEDAAF35AF,13f3c7ce869b6953ffa77d817ff55c0a29afd73722d9aae2f9fcc41a6308cbd6
20_5_3_1,20260818,100,initial-populations/20_5_3_1/seed-20260818.fourvec,25f66e6d4ea28b1934afc998844bfb3d79ba52d585b05e4a9019e03bf06c2b6d,9eccdf0ebb815ab3d9a4f87aa9af83062db6965877c79013e0986509f9943aa7,49ae053434c7689a148f2a327d1f808a607c0811cee2215fb606729e1c52de2e,A1F7244222F33E89DE28E35D52748EF0E420FDB6A81A8F87973CD2A0AB02A6E7,D3ECB473632CECC48E3312ADF9F27BC7D5344FBB0A8E1AF25D05A30807B0002A,8F5279AB31D1460834395CE0823509E63AAE21DFECF98A704DF820BEDAAF35AF,13f3c7ce869b6953ffa77d817ff55c0a29afd73722d9aae2f9fcc41a6308cbd6
20_5_3_1,20260819,100,initial-populations/20_5_3_1/seed-20260819.fourvec,c1f3f353dfef7a476e152a16ee7e7080bceb09ac27770eb72f1139265740ef9e,563df776f1cfd93587744cffb790ef49647a05218a8f9b4848ca9dee737d1494,d9231be0cfaea701f7b0a9d4b9206cb8d5e6068831ab0966373c04d1f0d1e318,A1F7244222F33E89DE28E35D52748EF0E420FDB6A81A8F87973CD2A0AB02A6E7,D3ECB473632CECC48E3312ADF9F27BC7D5344FBB0A8E1AF25D05A30807B0002A,8F5279AB31D1460834395CE0823509E63AAE21DFECF98A704DF820BEDAAF35AF,13f3c7ce869b6953ffa77d817ff55c0a29afd73722d9aae2f9fcc41a6308cbd6
20_5_3_1,20260820,100,initial-populations/20_5_3_1/seed-20260820.fourvec,fe5ca984076fba4f2e29451546b0285b59cc5c706b6d05d7b2ebdcfa76cabb62,8ba94485daf0cc85fc024444c17d78703a79685e87b5bdde1356788bac8ae981,1ba4f40f1e70046c866adfbd111efad5969a5a93db46577e7d6c8be8d5569afb,A1F7244222F33E89DE28E35D52748EF0E420FDB6A81A8F87973CD2A0AB02A6E7,D3ECB473632CECC48E3312ADF9F27BC7D5344FBB0A8E1AF25D05A30807B0002A,8F5279AB31D1460834395CE0823509E63AAE21DFECF98A704DF820BEDAAF35AF,13f3c7ce869b6953ffa77d817ff55c0a29afd73722d9aae2f9fcc41a6308cbd6
20_5_3_1,20260821,100,initial-populations/20_5_3_1/seed-20260821.fourvec,fed33b2d41d949cb09183ee9f0df8fbf0b7db5536e96c71062166afb73597371,a9356efc0e0073d3f11334ba09f55879b8012d5e150584b3fcb17abee6e8428f,9d3273fed358f564a4fa97f4c686b315409118d01a0ead2be68e568b4acc15f0,A1F7244222F33E89DE28E35D52748EF0E420FDB6A81A8F87973CD2A0AB02A6E7,D3ECB473632CECC48E3312ADF9F27BC7D5344FBB0A8E1AF25D05A30807B0002A,8F5279AB31D1460834395CE0823509E63AAE21DFECF98A704DF820BEDAAF35AF,13f3c7ce869b6953ffa77d817ff55c0a29afd73722d9aae2f9fcc41a6308cbd6
20_5_3_1,20260822,100,initial-populations/20_5_3_1/seed-20260822.fourvec,807a020f898ddb7019fd282318a9adfa18ae9b6b009961d018f2b5ad5e03b52b,17bd8a9432da72dfaa0fd819e0e97cc73649dbefd272fe9294613f229722d912,2152937c1067601c3b68e4297ee66088c25d1121d2226602fc2f54ce8a5a2ef9,A1F7244222F33E89DE28E35D52748EF0E420FDB6A81A8F87973CD2A0AB02A6E7,D3ECB473632CECC48E3312ADF9F27BC7D5344FBB0A8E1AF25D05A30807B0002A,8F5279AB31D1460834395CE0823509E63AAE21DFECF98A704DF820BEDAAF35AF,13f3c7ce869b6953ffa77d817ff55c0a29afd73722d9aae2f9fcc41a6308cbd6
20_5_3_1,20260823,100,initial-populations/20_5_3_1/seed-20260823.fourvec,dccdf9f5b0c5c4af3113f14ebe9c222cc85aa9c3b0f1d9bc36722b2b5ce7fdee,a7a0f6898a35a77e2c1039f483836e1d5d0a96187847067e995f87facfda4e2d,d86c24de33c64509e0f5aca9024b7d82793dd63719159c46d3c4abeb9f63cbdc,A1F7244222F33E89DE28E35D52748EF0E420FDB6A81A8F87973CD2A0AB02A6E7,D3ECB473632CECC48E3312ADF9F27BC7D5344FBB0A8E1AF25D05A30807B0002A,8F5279AB31D1460834395CE0823509E63AAE21DFECF98A704DF820BEDAAF35AF,13f3c7ce869b6953ffa77d817ff55c0a29afd73722d9aae2f9fcc41a6308cbd6
20_5_3_1,20260824,100,initial-populations/20_5_3_1/seed-20260824.fourvec,8675d910eab3ba96e330a84665f7ff06d2b087c18919246766697e1671fa25ce,0288c1decd1e771e6038caa3c68c990c731a76c4b43595971f22a7c0c46a9fe4,e67a15dadfd728e23bd79f8dc8f1b72882ba995e99636d33cd22aad597aa5f84,A1F7244222F33E89DE28E35D52748EF0E420FDB6A81A8F87973CD2A0AB02A6E7,D3ECB473632CECC48E3312ADF9F27BC7D5344FBB0A8E1AF25D05A30807B0002A,8F5279AB31D1460834395CE0823509E63AAE21DFECF98A704DF820BEDAAF35AF,13f3c7ce869b6953ffa77d817ff55c0a29afd73722d9aae2f9fcc41a6308cbd6
20_5_3_1,20260825,100,initial-populations/20_5_3_1/seed-20260825.fourvec,6a3fa494785545704d9d4ea6f909cc7fde8f6b6537410450cf3963aa7a51f1d5,2d86118e426da79edf723e502b6a1f61db2869d6dbccf35df5ef5909fb1c7687,42454bda61300a903fcab0da3a0e553f69f92dc533e2539dbe796396e1723b4b,A1F7244222F33E89DE28E35D52748EF0E420FDB6A81A8F87973CD2A0AB02A6E7,D3ECB473632CECC48E3312ADF9F27BC7D5344FBB0A8E1AF25D05A30807B0002A,8F5279AB31D1460834395CE0823509E63AAE21DFECF98A704DF820BEDAAF35AF,13f3c7ce869b6953ffa77d817ff55c0a29afd73722d9aae2f9fcc41a6308cbd6
20_5_3_1,20260826,100,initial-populations/20_5_3_1/seed-20260826.fourvec,9e8045d120319243cf57c0e54c817c1c3cc8aa5d59f71606b0d83080252616fc,acd3daae5cfc29b348458ed93272b124ec752103bdd7a5526e0ae21121099486,87dc0bd03502b339dcf78f85720891b1b04f3cc9963cd9727a4a913bbf281afa,A1F7244222F33E89DE28E35D52748EF0E420FDB6A81A8F87973CD2A0AB02A6E7,D3ECB473632CECC48E3312ADF9F27BC7D5344FBB0A8E1AF25D05A30807B0002A,8F5279AB31D1460834395CE0823509E63AAE21DFECF98A704DF820BEDAAF35AF,13f3c7ce869b6953ffa77d817ff55c0a29afd73722d9aae2f9fcc41a6308cbd6
20_5_3_1,20260827,100,initial-populations/20_5_3_1/seed-20260827.fourvec,34c5a0c632a2d7198ae95885358e50af4d1b40b2aba44dea52c9097bf2b0d457,342a8d5c0e4f2ecb88327759d9639acbefd4688748649456c072acc6d3984ad2,0252b63601e809d5fb9bb4a485c7db2d5f10096455f4894adf4b317ef530d37d,A1F7244222F33E89DE28E35D52748EF0E420FDB6A81A8F87973CD2A0AB02A6E7,D3ECB473632CECC48E3312ADF9F27BC7D5344FBB0A8E1AF25D05A30807B0002A,8F5279AB31D1460834395CE0823509E63AAE21DFECF98A704DF820BEDAAF35AF,13f3c7ce869b6953ffa77d817ff55c0a29afd73722d9aae2f9fcc41a6308cbd6
20_5_4_1,20260808,100,initial-populations/20_5_4_1/seed-20260808.fourvec,f0f4ed7a694d18bfaa0f67e35627244ca4b0b4e44777b80c87f14339c71af98f,b270a0722f4f731963cdb9b24a947cff231e10a34fc44145df40aaec93beadc1,be556c059ea493604d1761a6ff23bf55a5f16e5f6a859b1e86683e0505b39c5f,E48AD5911647AEF9C6CF2230C9295F4CA20850589AA32C1A6EBFB535085B7BDA,7D80638E7CC00C22517BC434DF63A22A42C570528F85C4B824388326A93A8963,342086FC6400BB434484AD4F78967C11102E013B22C79A7E31727E005D1188DD,6e9fca0c23a144c42c9bd515729f285001990185404a82b007ef0c8434c8a27e
20_5_4_1,20260809,100,initial-populations/20_5_4_1/seed-20260809.fourvec,1a983c84db8e0677e6b62cc470c05621359b9f1bb4f8caf057467b441026c186,adc46d6103fab7a01d196464d4381898ee782e49804b6e95d4692717fafac0dd,cae8bc86364f30e4f0f3225c4781aaf9891a33786cd7dcad2ddd54a883f90443,E48AD5911647AEF9C6CF2230C9295F4CA20850589AA32C1A6EBFB535085B7BDA,7D80638E7CC00C22517BC434DF63A22A42C570528F85C4B824388326A93A8963,342086FC6400BB434484AD4F78967C11102E013B22C79A7E31727E005D1188DD,6e9fca0c23a144c42c9bd515729f285001990185404a82b007ef0c8434c8a27e
20_5_4_1,20260810,100,initial-populations/20_5_4_1/seed-20260810.fourvec,90a34a142d8d92fb14a6d88e1ecb9d70350e167a79d8e962842b010c9053d332,7cb111da80da8cdff13106fef4f40144723e8668bad75b6992bb842bfc7dda65,adad7764c7bfd01c567cf2d4eafd56895c76ebbd6855c79e71b728ca150f3724,E48AD5911647AEF9C6CF2230C9295F4CA20850589AA32C1A6EBFB535085B7BDA,7D80638E7CC00C22517BC434DF63A22A42C570528F85C4B824388326A93A8963,342086FC6400BB434484AD4F78967C11102E013B22C79A7E31727E005D1188DD,6e9fca0c23a144c42c9bd515729f285001990185404a82b007ef0c8434c8a27e
20_5_4_1,20260811,100,initial-populations/20_5_4_1/seed-20260811.fourvec,b67d03d4bfe4f9e562b5b46b698ea1a61bc557fc21364e6f6d721b95426fdd38,776457138be247964c0cdc2a417f1b0d1b3e4ac26de183c130cf4dff5a29f456,48c8c897d51bd0745b546946a53b4434eb45d2cc4eba63c3f9446752f64d395f,E48AD5911647AEF9C6CF2230C9295F4CA20850589AA32C1A6EBFB535085B7BDA,7D80638E7CC00C22517BC434DF63A22A42C570528F85C4B824388326A93A8963,342086FC6400BB434484AD4F78967C11102E013B22C79A7E31727E005D1188DD,6e9fca0c23a144c42c9bd515729f285001990185404a82b007ef0c8434c8a27e
20_5_4_1,20260812,100,initial-populations/20_5_4_1/seed-20260812.fourvec,de961b718e3ac1d8bcfeb1538437a8d1d04d225b54a91ffec1e52714f117dab8,8d82ab38487c80e011a6f07e6fae6fe6843f234029561614b339ec49086d79e0,bc50e7d9293ea25ef2e5096315a3692d4b9fc98c0cd484f944c76e3704087bc6,E48AD5911647AEF9C6CF2230C9295F4CA20850589AA32C1A6EBFB535085B7BDA,7D80638E7CC00C22517BC434DF63A22A42C570528F85C4B824388326A93A8963,342086FC6400BB434484AD4F78967C11102E013B22C79A7E31727E005D1188DD,6e9fca0c23a144c42c9bd515729f285001990185404a82b007ef0c8434c8a27e
20_5_4_1,20260813,100,initial-populations/20_5_4_1/seed-20260813.fourvec,d6d2dc34b3e19e3111f41ebf3754c4306015f55801596a25166dfe3ab3e3ba13,0d9eecba9474c8708515888b8cfa5b92a148a04fa36296039bcb6a3ab0339391,77aa289983204c1c0d2d845f6477d43d1b2db02db2f6755d6b4282fa2e2cb549,E48AD5911647AEF9C6CF2230C9295F4CA20850589AA32C1A6EBFB535085B7BDA,7D80638E7CC00C22517BC434DF63A22A42C570528F85C4B824388326A93A8963,342086FC6400BB434484AD4F78967C11102E013B22C79A7E31727E005D1188DD,6e9fca0c23a144c42c9bd515729f285001990185404a82b007ef0c8434c8a27e
20_5_4_1,20260814,100,initial-populations/20_5_4_1/seed-20260814.fourvec,8e19d031f4abb6ef46c1dc5ff1b6607a5fc09fb94424e7e6a1f703af690dd875,ab40a24d6d08088ff353634f3cb4b15f525147848d5f87f6f6c44d5e1a40d02f,620c9366a23ce6eb4176ba1728e2308240e2b1e77e42802f02f19ae597bc3683,E48AD5911647AEF9C6CF2230C9295F4CA20850589AA32C1A6EBFB535085B7BDA,7D80638E7CC00C22517BC434DF63A22A42C570528F85C4B824388326A93A8963,342086FC6400BB434484AD4F78967C11102E013B22C79A7E31727E005D1188DD,6e9fca0c23a144c42c9bd515729f285001990185404a82b007ef0c8434c8a27e
20_5_4_1,20260815,100,initial-populations/20_5_4_1/seed-20260815.fourvec,d3e8e18d7d173bc5a366c4de45bdf518f7ed2d33c22ad56a570339dd4201bd8c,df5d7e5392c3f3575f2a96aa62d6c50abf3d9199bea43af9fe9b43d8fc435293,0e77b0028196944fcb19d9f1a0e908d3b37d0d32f76f7accf5f51deefa2ea296,E48AD5911647AEF9C6CF2230C9295F4CA20850589AA32C1A6EBFB535085B7BDA,7D80638E7CC00C22517BC434DF63A22A42C570528F85C4B824388326A93A8963,342086FC6400BB434484AD4F78967C11102E013B22C79A7E31727E005D1188DD,6e9fca0c23a144c42c9bd515729f285001990185404a82b007ef0c8434c8a27e
20_5_4_1,20260816,100,initial-populations/20_5_4_1/seed-20260816.fourvec,65b78c9cb509750905459811b9cdbe3431d6ce71e878f3d518c2fd33e6df3f25,5be3918428f16f4c4a4da2ec57955701a09a6572a6dcdc5d49f265007758a30d,536f585806a012e2280bea16dc6a51977d82fdb32106f81226d3bbdc2e5b86af,E48AD5911647AEF9C6CF2230C9295F4CA20850589AA32C1A6EBFB535085B7BDA,7D80638E7CC00C22517BC434DF63A22A42C570528F85C4B824388326A93A8963,342086FC6400BB434484AD4F78967C11102E013B22C79A7E31727E005D1188DD,6e9fca0c23a144c42c9bd515729f285001990185404a82b007ef0c8434c8a27e
20_5_4_1,20260817,100,initial-populations/20_5_4_1/seed-20260817.fourvec,72fc21a932aa79e9686817c3d00b03005ac0b5f6c99f1906c6813fbc3a9594fc,489aa07539e8d2b931e221660c2b15100f2ba2d3a388fb49f785d27d6616385e,d2024f155daf830b673fe33adf52e73a0a2e22646f5ece4d9884349cfff08127,E48AD5911647AEF9C6CF2230C9295F4CA20850589AA32C1A6EBFB535085B7BDA,7D80638E7CC00C22517BC434DF63A22A42C570528F85C4B824388326A93A8963,342086FC6400BB434484AD4F78967C11102E013B22C79A7E31727E005D1188DD,6e9fca0c23a144c42c9bd515729f285001990185404a82b007ef0c8434c8a27e
20_5_4_1,20260818,100,initial-populations/20_5_4_1/seed-20260818.fourvec,ffd315fea62fa836462ae29f53c42ea9b6c4f65d0b977b45d31431a6d4a027ac,065a5e82c03969f05efd296f4bd58e04b710aa02efa6ef7d1260daa80c279f22,023c958a26dc41985b4f3048439b5e7cafe25314205fdee1b581a58be6224a79,E48AD5911647AEF9C6CF2230C9295F4CA20850589AA32C1A6EBFB535085B7BDA,7D80638E7CC00C22517BC434DF63A22A42C570528F85C4B824388326A93A8963,342086FC6400BB434484AD4F78967C11102E013B22C79A7E31727E005D1188DD,6e9fca0c23a144c42c9bd515729f285001990185404a82b007ef0c8434c8a27e
20_5_4_1,20260819,100,initial-populations/20_5_4_1/seed-20260819.fourvec,a9458ccf3ef9c542c092c439124ed55e0e6ccf49b7ca55794014012c60190410,00f0a62a80f9752ab97d8d3bb7998f9eab78411082a40c8fe5d77992f52a928c,752e629edb55a83a0382870f952e4b77f2bf4301f2595d2128d7e3349c6cff58,E48AD5911647AEF9C6CF2230C9295F4CA20850589AA32C1A6EBFB535085B7BDA,7D80638E7CC00C22517BC434DF63A22A42C570528F85C4B824388326A93A8963,342086FC6400BB434484AD4F78967C11102E013B22C79A7E31727E005D1188DD,6e9fca0c23a144c42c9bd515729f285001990185404a82b007ef0c8434c8a27e
20_5_4_1,20260820,100,initial-populations/20_5_4_1/seed-20260820.fourvec,0cae0edbe1960c8b40213bd73d6ff10d0cba4c334b856dcdfec0c89bf2d776ab,a5d79d38f9d5cb09d6e1f06edba3d006fec6147bed85bc0613b9fd12ddeec1f8,8932ad2f972a624f39afc955ecce96089178dc2e2035cc2c18b5f6bfb34937b0,E48AD5911647AEF9C6CF2230C9295F4CA20850589AA32C1A6EBFB535085B7BDA,7D80638E7CC00C22517BC434DF63A22A42C570528F85C4B824388326A93A8963,342086FC6400BB434484AD4F78967C11102E013B22C79A7E31727E005D1188DD,6e9fca0c23a144c42c9bd515729f285001990185404a82b007ef0c8434c8a27e
20_5_4_1,20260821,100,initial-populations/20_5_4_1/seed-20260821.fourvec,85090bf45fd6668e980da8543eef9fcf644e2627a7b63c63a274bd5061e7f149,a0e2973c6616d033f0c8857edcfe9999b253b603339076516a3291817cdd4b96,1f643766841d576376914b3b417b9ffd0db2d9fd68fffe3656960263e4af7f8c,E48AD5911647AEF9C6CF2230C9295F4CA20850589AA32C1A6EBFB535085B7BDA,7D80638E7CC00C22517BC434DF63A22A42C570528F85C4B824388326A93A8963,342086FC6400BB434484AD4F78967C11102E013B22C79A7E31727E005D1188DD,6e9fca0c23a144c42c9bd515729f285001990185404a82b007ef0c8434c8a27e
20_5_4_1,20260822,100,initial-populations/20_5_4_1/seed-20260822.fourvec,0fb798183548ece07c42e27e215f7892dc3bf695010b79d31d887cd72c4f1cfb,1f493291a5d4821fdde8bf7c6d81f0e979b47df48e6ed865d202d8e0cc899a3e,a1cd5e69513d7cb6517ad5be4e66d7baaafda892803424517371681a35a7f78d,E48AD5911647AEF9C6CF2230C9295F4CA20850589AA32C1A6EBFB535085B7BDA,7D80638E7CC00C22517BC434DF63A22A42C570528F85C4B824388326A93A8963,342086FC6400BB434484AD4F78967C11102E013B22C79A7E31727E005D1188DD,6e9fca0c23a144c42c9bd515729f285001990185404a82b007ef0c8434c8a27e
20_5_4_1,20260823,100,initial-populations/20_5_4_1/seed-20260823.fourvec,1291f2ed6d5474d531c6b658510ce60e6621a9c5178ae98fada501f404e66145,c1dfefdae0a99ff470c3e47fd34150b1cd57e62c9d294748f3697bdf44660a95,2626e8403b8050e3e6ce0d70a357dbcd1d7824e51568b41b8d1f2684d425e484,E48AD5911647AEF9C6CF2230C9295F4CA20850589AA32C1A6EBFB535085B7BDA,7D80638E7CC00C22517BC434DF63A22A42C570528F85C4B824388326A93A8963,342086FC6400BB434484AD4F78967C11102E013B22C79A7E31727E005D1188DD,6e9fca0c23a144c42c9bd515729f285001990185404a82b007ef0c8434c8a27e
20_5_4_1,20260824,100,initial-populations/20_5_4_1/seed-20260824.fourvec,1b92af64f4f11f383b30fec4c7a0a6397505be5853d64c9c6840354ff7918b38,f140177cd504498c1e93713c6e9251f98e0de038cb21acbd890733ce96134408,ebd173e53f84cc261e24949167a4d022adf9723c7a729245c579a05c92a1e836,E48AD5911647AEF9C6CF2230C9295F4CA20850589AA32C1A6EBFB535085B7BDA,7D80638E7CC00C22517BC434DF63A22A42C570528F85C4B824388326A93A8963,342086FC6400BB434484AD4F78967C11102E013B22C79A7E31727E005D1188DD,6e9fca0c23a144c42c9bd515729f285001990185404a82b007ef0c8434c8a27e
20_5_4_1,20260825,100,initial-populations/20_5_4_1/seed-20260825.fourvec,d819f01bc11559f6ca55394d57d3f222dd60b7167ab23259e725a4f24743bac4,0ae491c6114086bffba6457357a8ed8f7e25d935a16b4f99f037d85c3b6b15bf,442d934dd5ce7f20bc12c1792f8be2a6aefc79c457938d9db95c8de31091b2f9,E48AD5911647AEF9C6CF2230C9295F4CA20850589AA32C1A6EBFB535085B7BDA,7D80638E7CC00C22517BC434DF63A22A42C570528F85C4B824388326A93A8963,342086FC6400BB434484AD4F78967C11102E013B22C79A7E31727E005D1188DD,6e9fca0c23a144c42c9bd515729f285001990185404a82b007ef0c8434c8a27e
20_5_4_1,20260826,100,initial-populations/20_5_4_1/seed-20260826.fourvec,ae6cf84e7767304a74f8a97e743f79bc9119349d221a4bb541a7c02b6b8a34a9,3ef5dcc16089ca4da40d52d65a38117c90869043ea8c6847785677b1d3071591,2f83c57fc682c29b6c82a30c5c85c3bfcee2dde6783d2aa0a978bc399ceb4843,E48AD5911647AEF9C6CF2230C9295F4CA20850589AA32C1A6EBFB535085B7BDA,7D80638E7CC00C22517BC434DF63A22A42C570528F85C4B824388326A93A8963,342086FC6400BB434484AD4F78967C11102E013B22C79A7E31727E005D1188DD,6e9fca0c23a144c42c9bd515729f285001990185404a82b007ef0c8434c8a27e
20_5_4_1,20260827,100,initial-populations/20_5_4_1/seed-20260827.fourvec,61ee94a3a0f39a307a4cce36b4a1ff594ef2294a6e4b2d9c835e9edfe1470a2c,e06531d815a80a84d40ff087797baf37f3cb0ff17ac9b68cf7b7be7a9e836b9d,f371042dc51e73f452aef5947f6dc9afce1a7004fc2df697cf265a57ec4fc3b8,E48AD5911647AEF9C6CF2230C9295F4CA20850589AA32C1A6EBFB535085B7BDA,7D80638E7CC00C22517BC434DF63A22A42C570528F85C4B824388326A93A8963,342086FC6400BB434484AD4F78967C11102E013B22C79A7E31727E005D1188DD,6e9fca0c23a144c42c9bd515729f285001990185404a82b007ef0c8434c8a27e
20_5_5_1,20260808,100,initial-populations/20_5_5_1/seed-20260808.fourvec,91bb6a0beb120b073ecf51576769faff91a4cdbe919685215a52d67cfa7e198c,9bd895bc6f35ad599ae2eeefb393ac915dc88671b6445333b779a31a57bb2b9a,d5d16f036097059b4bfe244ad5113669dba1124a2f95fe6aed5489c5cc142fcd,7DF97229616C9CE70E8DB2ADADF5FFE007DB02D5744D87CE29ABC37D792B9651,45049E258D177CF325AA76DB7E0BF04B9DB5BFFF7FF8104B098EC9718EDB03EF,DC55A32B52D6274039F1EDCE78D4426156B2590587FEBED45BC94EAC9FD51E12,29dd8fd141f40500535bd4540d5c0b363dbe948b626593e21d2c99465877d92b
20_5_5_1,20260809,100,initial-populations/20_5_5_1/seed-20260809.fourvec,e8afb1bc137bd668e3eb8d76724ae7dc3b29b2ba60114513992b2fb2eda75f9d,16a5b17e2975d5bd916149162247048f45064fb6c5cb7eb72a9f42b5b4f79aee,817b0b69ee282350c8c25b9b5efa090c05296a2048d4ceff07abf18f2d9513a6,7DF97229616C9CE70E8DB2ADADF5FFE007DB02D5744D87CE29ABC37D792B9651,45049E258D177CF325AA76DB7E0BF04B9DB5BFFF7FF8104B098EC9718EDB03EF,DC55A32B52D6274039F1EDCE78D4426156B2590587FEBED45BC94EAC9FD51E12,29dd8fd141f40500535bd4540d5c0b363dbe948b626593e21d2c99465877d92b
20_5_5_1,20260810,100,initial-populations/20_5_5_1/seed-20260810.fourvec,8dd59d046ec59320da01a7666a843e913776de9cb204d6828936a04f13275876,4f6450e3a9076f6252799e345996cc3c8fc7afd0475c6105792f48a251d770b6,681e8815100e68974a8c0edf02efbf5a71dc85a11f1f2962743405052295927c,7DF97229616C9CE70E8DB2ADADF5FFE007DB02D5744D87CE29ABC37D792B9651,45049E258D177CF325AA76DB7E0BF04B9DB5BFFF7FF8104B098EC9718EDB03EF,DC55A32B52D6274039F1EDCE78D4426156B2590587FEBED45BC94EAC9FD51E12,29dd8fd141f40500535bd4540d5c0b363dbe948b626593e21d2c99465877d92b
20_5_5_1,20260811,100,initial-populations/20_5_5_1/seed-20260811.fourvec,93bbd6bdc9661441b7c336f499f897d5cb54be8003a2097b461f04a481911d88,f91421107487d1b534a414f22141f330ca270f757f4f8016904be642cb92db6c,1e421504210e33808c6eb8522a9d9025703e23590f0e4fa7099ff2496605f745,7DF97229616C9CE70E8DB2ADADF5FFE007DB02D5744D87CE29ABC37D792B9651,45049E258D177CF325AA76DB7E0BF04B9DB5BFFF7FF8104B098EC9718EDB03EF,DC55A32B52D6274039F1EDCE78D4426156B2590587FEBED45BC94EAC9FD51E12,29dd8fd141f40500535bd4540d5c0b363dbe948b626593e21d2c99465877d92b
20_5_5_1,20260812,100,initial-populations/20_5_5_1/seed-20260812.fourvec,4b4829e0cd8d042a1557159ac376ec51d23fe96355e7ba3589481d518f38e65e,3aa45637073c77002038bc24079c6320e446c478f696dc826fa6cc5be6af8ada,9a6a7523ecd7753f58ed01bd0d71a06f064e11b418de91f07f784369ab1486d3,7DF97229616C9CE70E8DB2ADADF5FFE007DB02D5744D87CE29ABC37D792B9651,45049E258D177CF325AA76DB7E0BF04B9DB5BFFF7FF8104B098EC9718EDB03EF,DC55A32B52D6274039F1EDCE78D4426156B2590587FEBED45BC94EAC9FD51E12,29dd8fd141f40500535bd4540d5c0b363dbe948b626593e21d2c99465877d92b
20_5_5_1,20260813,100,initial-populations/20_5_5_1/seed-20260813.fourvec,62c61c16755016a72adf6787de84613d7844a75b601275f534166142663976ab,57ae71de2ef910429423cd2352ca60391c4817133a9ba19575f61ec8e45ae7f0,0bed3671438510249dd6b8ad1cac8593084c7d8a7e100a73a12364582a6f8f3c,7DF97229616C9CE70E8DB2ADADF5FFE007DB02D5744D87CE29ABC37D792B9651,45049E258D177CF325AA76DB7E0BF04B9DB5BFFF7FF8104B098EC9718EDB03EF,DC55A32B52D6274039F1EDCE78D4426156B2590587FEBED45BC94EAC9FD51E12,29dd8fd141f40500535bd4540d5c0b363dbe948b626593e21d2c99465877d92b
20_5_5_1,20260814,100,initial-populations/20_5_5_1/seed-20260814.fourvec,4553427d61d4842c29105f16b1718c72b1617f13621d2eeb3b94b8eeda41d692,1b2dc8d26704a7282e166995f09ea8058fae7b8e820532374bcc352a69d100c5,1085957d80aed137e5d365d3824e8c4be83137771d2559ea2675502c1b7b31a9,7DF97229616C9CE70E8DB2ADADF5FFE007DB02D5744D87CE29ABC37D792B9651,45049E258D177CF325AA76DB7E0BF04B9DB5BFFF7FF8104B098EC9718EDB03EF,DC55A32B52D6274039F1EDCE78D4426156B2590587FEBED45BC94EAC9FD51E12,29dd8fd141f40500535bd4540d5c0b363dbe948b626593e21d2c99465877d92b
20_5_5_1,20260815,100,initial-populations/20_5_5_1/seed-20260815.fourvec,39192bc1bb3d9fdccc08a1232822b0a8b7fab718ad882721419ef36f9b31c85b,55e967ec14178459d87ad6e34e18007bfa21e087821db08a66b8ad05f28ce9cf,0bc2189948cee19c8c4b50186674de338472ab8e8a1b67e79368e3279435b196,7DF97229616C9CE70E8DB2ADADF5FFE007DB02D5744D87CE29ABC37D792B9651,45049E258D177CF325AA76DB7E0BF04B9DB5BFFF7FF8104B098EC9718EDB03EF,DC55A32B52D6274039F1EDCE78D4426156B2590587FEBED45BC94EAC9FD51E12,29dd8fd141f40500535bd4540d5c0b363dbe948b626593e21d2c99465877d92b
20_5_5_1,20260816,100,initial-populations/20_5_5_1/seed-20260816.fourvec,5371e9b71b9a77965756696bb255180fe9a6a2fa4d4f39e3b02198e1079ce96a,9c1103b09694edaf929c5b7af75a0bd0a48967dfd98f9f340f2e7edf9f835316,b47ca29733d4126f69234e05bf000e7e5763da9afc5a89b107d36ed2ebbc3d8e,7DF97229616C9CE70E8DB2ADADF5FFE007DB02D5744D87CE29ABC37D792B9651,45049E258D177CF325AA76DB7E0BF04B9DB5BFFF7FF8104B098EC9718EDB03EF,DC55A32B52D6274039F1EDCE78D4426156B2590587FEBED45BC94EAC9FD51E12,29dd8fd141f40500535bd4540d5c0b363dbe948b626593e21d2c99465877d92b
20_5_5_1,20260817,100,initial-populations/20_5_5_1/seed-20260817.fourvec,2a18b4c65565b576d44036371a464df412e325895ab17732a9d12160d34d1089,1134d913fa48f6a522cac84a8dfcc2387bd676535125a6a9f63cca95cd9c69ac,f52cfbc55416c7e91f274a711c3bd51024c46d16e3f57d3922397d680253b5f6,7DF97229616C9CE70E8DB2ADADF5FFE007DB02D5744D87CE29ABC37D792B9651,45049E258D177CF325AA76DB7E0BF04B9DB5BFFF7FF8104B098EC9718EDB03EF,DC55A32B52D6274039F1EDCE78D4426156B2590587FEBED45BC94EAC9FD51E12,29dd8fd141f40500535bd4540d5c0b363dbe948b626593e21d2c99465877d92b
20_5_5_1,20260818,100,initial-populations/20_5_5_1/seed-20260818.fourvec,abf1f33d385f1e5e04a7342ddff1a78488d912070ee216fd65b3e221be1f7764,08038045648d0557e0e9930594c74a302039e429681e96af86253bf8af9bd728,2de8f8fc4399710bc772ad433184742466df9a1b0dedf7d3bf6acf164c13e706,7DF97229616C9CE70E8DB2ADADF5FFE007DB02D5744D87CE29ABC37D792B9651,45049E258D177CF325AA76DB7E0BF04B9DB5BFFF7FF8104B098EC9718EDB03EF,DC55A32B52D6274039F1EDCE78D4426156B2590587FEBED45BC94EAC9FD51E12,29dd8fd141f40500535bd4540d5c0b363dbe948b626593e21d2c99465877d92b
20_5_5_1,20260819,100,initial-populations/20_5_5_1/seed-20260819.fourvec,557136262d8d05e952da31bb4891b176582f61d062fe5c98ce8c4abbf7e3b9c8,cc953d8d12dfc32de9b0c979f4fc913e8463d659883bab1fb3d0b45bceee3f6a,62d5169d221efba875caa7bc97a7621dfb47c7c6390493015001624465c78d02,7DF97229616C9CE70E8DB2ADADF5FFE007DB02D5744D87CE29ABC37D792B9651,45049E258D177CF325AA76DB7E0BF04B9DB5BFFF7FF8104B098EC9718EDB03EF,DC55A32B52D6274039F1EDCE78D4426156B2590587FEBED45BC94EAC9FD51E12,29dd8fd141f40500535bd4540d5c0b363dbe948b626593e21d2c99465877d92b
20_5_5_1,20260820,100,initial-populations/20_5_5_1/seed-20260820.fourvec,165cd106410250fb2fc13a44a731f03302d6f76ec298b8d88881f470b82ad1da,4e01ed2600df1f9ebc0e94c3b0dd18fa08c7672b98541f3f347b405b95279bc9,b3247aeb1e9be0ca2deeb899ce415373717f3ed057b4a171bbe71feca0c24309,7DF97229616C9CE70E8DB2ADADF5FFE007DB02D5744D87CE29ABC37D792B9651,45049E258D177CF325AA76DB7E0BF04B9DB5BFFF7FF8104B098EC9718EDB03EF,DC55A32B52D6274039F1EDCE78D4426156B2590587FEBED45BC94EAC9FD51E12,29dd8fd141f40500535bd4540d5c0b363dbe948b626593e21d2c99465877d92b
20_5_5_1,20260821,100,initial-populations/20_5_5_1/seed-20260821.fourvec,7cffceda2e2940d806fc087f68671b436ef907c5a2f2c00ccdfbdc885f2a966d,c668c87682e81af22152fff0603b2d71c6e97594ade5fe05ee3897e923af187c,4cd6812f83f38bb82839c4fcd6c197fae7fa7c7b7b0b8f9c4b6fdaa2d5581738,7DF97229616C9CE70E8DB2ADADF5FFE007DB02D5744D87CE29ABC37D792B9651,45049E258D177CF325AA76DB7E0BF04B9DB5BFFF7FF8104B098EC9718EDB03EF,DC55A32B52D6274039F1EDCE78D4426156B2590587FEBED45BC94EAC9FD51E12,29dd8fd141f40500535bd4540d5c0b363dbe948b626593e21d2c99465877d92b
20_5_5_1,20260822,100,initial-populations/20_5_5_1/seed-20260822.fourvec,e97591d662339c30dfb521730a9fed5f3de08bf2e3ae67ff74669e06882310ae,edde93d051fe9cf66a0d293464186f372390bb8377da8b5c7399145f325e5411,b376d0103b7f16b87f587f95d8f198fdca0bbb524374724d895ad2c28d95e283,7DF97229616C9CE70E8DB2ADADF5FFE007DB02D5744D87CE29ABC37D792B9651,45049E258D177CF325AA76DB7E0BF04B9DB5BFFF7FF8104B098EC9718EDB03EF,DC55A32B52D6274039F1EDCE78D4426156B2590587FEBED45BC94EAC9FD51E12,29dd8fd141f40500535bd4540d5c0b363dbe948b626593e21d2c99465877d92b
20_5_5_1,20260823,100,initial-populations/20_5_5_1/seed-20260823.fourvec,b9fc4d3d022685112834b71901e29ada88ce31f582005e665843ce8acb7f1ff2,db464b3f8d1d32a99598fd838dd48950e3759d5c8e360b7f993eb77c4564c355,0e62283bced0e9ec54498ff5db67ad242ca84d2d986fd16fb2ac39b65e14d0bb,7DF97229616C9CE70E8DB2ADADF5FFE007DB02D5744D87CE29ABC37D792B9651,45049E258D177CF325AA76DB7E0BF04B9DB5BFFF7FF8104B098EC9718EDB03EF,DC55A32B52D6274039F1EDCE78D4426156B2590587FEBED45BC94EAC9FD51E12,29dd8fd141f40500535bd4540d5c0b363dbe948b626593e21d2c99465877d92b
20_5_5_1,20260824,100,initial-populations/20_5_5_1/seed-20260824.fourvec,85a8009a98716d02fd1f3954201e9ab0b7194fe08ff6fe15c93cbb8c12d71d4b,c08ac81da480b21fbde25490174f788dd4473b0193a88691849a34f4d3a7816c,9d2b279b1696a84c21495d6b287b07d52d6a12e38619a918c0d94ac78e8a9667,7DF97229616C9CE70E8DB2ADADF5FFE007DB02D5744D87CE29ABC37D792B9651,45049E258D177CF325AA76DB7E0BF04B9DB5BFFF7FF8104B098EC9718EDB03EF,DC55A32B52D6274039F1EDCE78D4426156B2590587FEBED45BC94EAC9FD51E12,29dd8fd141f40500535bd4540d5c0b363dbe948b626593e21d2c99465877d92b
20_5_5_1,20260825,100,initial-populations/20_5_5_1/seed-20260825.fourvec,41bb136c2cff2387f1f3c210e872497425f6dfbf22fcb4d3907d0c720bd310f8,ba21a85f041b659eff07e21a4d744f08bb3b62a8966ca68f271bf89f0e14aab7,0599f2e45d063a0a733ea2b6f979e9a29176c11eaf9b52d300e4b04b2722bf3a,7DF97229616C9CE70E8DB2ADADF5FFE007DB02D5744D87CE29ABC37D792B9651,45049E258D177CF325AA76DB7E0BF04B9DB5BFFF7FF8104B098EC9718EDB03EF,DC55A32B52D6274039F1EDCE78D4426156B2590587FEBED45BC94EAC9FD51E12,29dd8fd141f40500535bd4540d5c0b363dbe948b626593e21d2c99465877d92b
20_5_5_1,20260826,100,initial-populations/20_5_5_1/seed-20260826.fourvec,68d7ade5a5d62532d93932c98172275b4e8017976a21ca5304d848b7fe35ad0d,1f943fbdc99c8665f3b7b3bcf1182d925f250063aa4a62f13cd9ad91990be558,89e43c75d10faf5dfd0713f775a572d0e8ff2ef05517a171bc246ba26bf1edce,7DF97229616C9CE70E8DB2ADADF5FFE007DB02D5744D87CE29ABC37D792B9651,45049E258D177CF325AA76DB7E0BF04B9DB5BFFF7FF8104B098EC9718EDB03EF,DC55A32B52D6274039F1EDCE78D4426156B2590587FEBED45BC94EAC9FD51E12,29dd8fd141f40500535bd4540d5c0b363dbe948b626593e21d2c99465877d92b
20_5_5_1,20260827,100,initial-populations/20_5_5_1/seed-20260827.fourvec,6b2efd9dba8b377e5073dcce5b608fbcb443bebce58ffb0373230eb0f3a0414b,ea417862461681219fcad687170f80fd3f162ed7f37549cfdb94b0668097f39b,eb1757ed6fdb3b62d3ce7599cdd6199f73579d5e5c954ebe62e2ea5635af26eb,7DF97229616C9CE70E8DB2ADADF5FFE007DB02D5744D87CE29ABC37D792B9651,45049E258D177CF325AA76DB7E0BF04B9DB5BFFF7FF8104B098EC9718EDB03EF,DC55A32B52D6274039F1EDCE78D4426156B2590587FEBED45BC94EAC9FD51E12,29dd8fd141f40500535bd4540d5c0b363dbe948b626593e21d2c99465877d92b
20_8_3_1,20260808,100,initial-populations/20_8_3_1/seed-20260808.fourvec,e4026a26631a30c94cde24224bcb7392e97371df51bc2cd5e9d4d888b24ba87f,61462fac88bd8375240cd89b15e6f533187deff4ce130c3e86060a8fc4bffd33,5f746b28129fc48998f8207d60219bbdaa094fd39e7986c4bfdf808c3348d906,70B4451E0E74D14E7BF23FF7A3E53A9D39FD1315700EE460502BA773AA80CDD5,C116B583F32EAF1171ECE6133B03A0B8F5777300AA8AB3485227CEDDF2BEC00F,5DD62F36F77888C6E8CFCFBB4D0EF73BC90D63D05A6C3A3FE25F01C9A44C4108,bea4f324c93d2cb794410ed93b30feadabfafac186c554e3c2d7728c22a48090
20_8_3_1,20260809,100,initial-populations/20_8_3_1/seed-20260809.fourvec,81685c67ee1ef33adb468a5fb7c005e087026fd5699fe0b4a334db118317b5ce,7040a16b318215658069825c79290b3ca623da958178d002dc2ac2d09635892a,94b4970c89a389b9559eb821db39c0cf368370d0f2a18a3b97924e44b4d117c9,70B4451E0E74D14E7BF23FF7A3E53A9D39FD1315700EE460502BA773AA80CDD5,C116B583F32EAF1171ECE6133B03A0B8F5777300AA8AB3485227CEDDF2BEC00F,5DD62F36F77888C6E8CFCFBB4D0EF73BC90D63D05A6C3A3FE25F01C9A44C4108,bea4f324c93d2cb794410ed93b30feadabfafac186c554e3c2d7728c22a48090
20_8_3_1,20260810,100,initial-populations/20_8_3_1/seed-20260810.fourvec,3ec7852b2a4dd3076655f0a915833a7bd125c9f90d5527275ca264e99b8504fe,eead9f337154d30299f03450712e1c0578e8c63c39d7cc457e4be6c0ee1d6531,6b5096ad0884ebae3769fddb83170427803338fc47fc582838fb038f7c0f60f4,70B4451E0E74D14E7BF23FF7A3E53A9D39FD1315700EE460502BA773AA80CDD5,C116B583F32EAF1171ECE6133B03A0B8F5777300AA8AB3485227CEDDF2BEC00F,5DD62F36F77888C6E8CFCFBB4D0EF73BC90D63D05A6C3A3FE25F01C9A44C4108,bea4f324c93d2cb794410ed93b30feadabfafac186c554e3c2d7728c22a48090
20_8_3_1,20260811,100,initial-populations/20_8_3_1/seed-20260811.fourvec,e9b9352fda04617d2433c4451f8c4b69a6da6a292e04d541fc16892dc8fbea26,f3ff389ed4f5d3109aae78790a86942c4479759697237fbc8ba021bb877ad62d,d8477aa32c6a014c6c4f7423bba295c7f626cc9c225003759425b685c43b2ffa,70B4451E0E74D14E7BF23FF7A3E53A9D39FD1315700EE460502BA773AA80CDD5,C116B583F32EAF1171ECE6133B03A0B8F5777300AA8AB3485227CEDDF2BEC00F,5DD62F36F77888C6E8CFCFBB4D0EF73BC90D63D05A6C3A3FE25F01C9A44C4108,bea4f324c93d2cb794410ed93b30feadabfafac186c554e3c2d7728c22a48090
20_8_3_1,20260812,100,initial-populations/20_8_3_1/seed-20260812.fourvec,73c209b4167572ee35e1d1ceb6b9799d537a5d72301cf1ff1e87f697cee277b2,45f492dede4e0910d0b9ea3c26e758c639878dd5f47eada65c1db76aa3ac780f,0d99d32a4bec261440d610901b1fb7478e0a968343a9a868ba098a257853427f,70B4451E0E74D14E7BF23FF7A3E53A9D39FD1315700EE460502BA773AA80CDD5,C116B583F32EAF1171ECE6133B03A0B8F5777300AA8AB3485227CEDDF2BEC00F,5DD62F36F77888C6E8CFCFBB4D0EF73BC90D63D05A6C3A3FE25F01C9A44C4108,bea4f324c93d2cb794410ed93b30feadabfafac186c554e3c2d7728c22a48090
20_8_3_1,20260813,100,initial-populations/20_8_3_1/seed-20260813.fourvec,867b229d22ce55cc522dc52fd5c269a8f5b032e142c32d40133ccb11a10c5707,c35519e1d4cd8e9ef47208569c92c837e16d6fb26aa672534b67c787eabef37b,860d0ea31c6cecea9375564660a9cf52e48b15a2842174e413ab0617b8eb53b5,70B4451E0E74D14E7BF23FF7A3E53A9D39FD1315700EE460502BA773AA80CDD5,C116B583F32EAF1171ECE6133B03A0B8F5777300AA8AB3485227CEDDF2BEC00F,5DD62F36F77888C6E8CFCFBB4D0EF73BC90D63D05A6C3A3FE25F01C9A44C4108,bea4f324c93d2cb794410ed93b30feadabfafac186c554e3c2d7728c22a48090
20_8_3_1,20260814,100,initial-populations/20_8_3_1/seed-20260814.fourvec,20e2bb6540b3e3217b1231d38b717ed69ad39c42d3e96a571792cbcf25dea525,685362080c32e79d4c8065a0adee98e473c614def1da4b9396037e74c9e48ebf,31672ef230ab1398d42eff7a02334c562cf478447bc2191f5df8b21790c68ba3,70B4451E0E74D14E7BF23FF7A3E53A9D39FD1315700EE460502BA773AA80CDD5,C116B583F32EAF1171ECE6133B03A0B8F5777300AA8AB3485227CEDDF2BEC00F,5DD62F36F77888C6E8CFCFBB4D0EF73BC90D63D05A6C3A3FE25F01C9A44C4108,bea4f324c93d2cb794410ed93b30feadabfafac186c554e3c2d7728c22a48090
20_8_3_1,20260815,100,initial-populations/20_8_3_1/seed-20260815.fourvec,c95f94d21fae1d8bf4cf7d33850262769487a229c39c48b1e89849dfe45deed1,701fa28237230892c0e4fd6c5a864066aed89dcb196e579cb46d1b104fa2a9b5,b2553bc2fa30c1012bdc890d1d2a35991006dcc79403dac0bea10e9d089c4edb,70B4451E0E74D14E7BF23FF7A3E53A9D39FD1315700EE460502BA773AA80CDD5,C116B583F32EAF1171ECE6133B03A0B8F5777300AA8AB3485227CEDDF2BEC00F,5DD62F36F77888C6E8CFCFBB4D0EF73BC90D63D05A6C3A3FE25F01C9A44C4108,bea4f324c93d2cb794410ed93b30feadabfafac186c554e3c2d7728c22a48090
20_8_3_1,20260816,100,initial-populations/20_8_3_1/seed-20260816.fourvec,f9297b39f04f54b7abf38a64140d80e2ad8caa36abd83656eb7f176c28a57322,0788f9044e73a3c8084b7b82c65252a911747a6b30432e7debc334fbfd85901a,7bf979ebe98728d42e8e917d41124da4b50107754f07ff112e370d28c199919d,70B4451E0E74D14E7BF23FF7A3E53A9D39FD1315700EE460502BA773AA80CDD5,C116B583F32EAF1171ECE6133B03A0B8F5777300AA8AB3485227CEDDF2BEC00F,5DD62F36F77888C6E8CFCFBB4D0EF73BC90D63D05A6C3A3FE25F01C9A44C4108,bea4f324c93d2cb794410ed93b30feadabfafac186c554e3c2d7728c22a48090
20_8_3_1,20260817,100,initial-populations/20_8_3_1/seed-20260817.fourvec,370964086a2fc72922ed8cde0be1fd010f5481bb00ae5803ca66c8518b508d31,fcabb30b9268058e6ec9afe6ae995bf78ec91aec093fb9d522289e57ddcae5f4,0a5c88135ebc14b1fb3c0b212789b6a7807132a55eedb9c939d1fc8cd909bd34,70B4451E0E74D14E7BF23FF7A3E53A9D39FD1315700EE460502BA773AA80CDD5,C116B583F32EAF1171ECE6133B03A0B8F5777300AA8AB3485227CEDDF2BEC00F,5DD62F36F77888C6E8CFCFBB4D0EF73BC90D63D05A6C3A3FE25F01C9A44C4108,bea4f324c93d2cb794410ed93b30feadabfafac186c554e3c2d7728c22a48090
20_8_3_1,20260818,100,initial-populations/20_8_3_1/seed-20260818.fourvec,24de1d4257f2023d6f3ccbb66e3ff5b7cc52f36e595da21b9604989b6586dea7,0d2d6a292dcc6a09a609bd88273761745e5460f009ef02dc332cbc1d037533f6,6211fc9df3da06413bc8a822d7b7ba5880402bd3b944ec4cf663de839a922f52,70B4451E0E74D14E7BF23FF7A3E53A9D39FD1315700EE460502BA773AA80CDD5,C116B583F32EAF1171ECE6133B03A0B8F5777300AA8AB3485227CEDDF2BEC00F,5DD62F36F77888C6E8CFCFBB4D0EF73BC90D63D05A6C3A3FE25F01C9A44C4108,bea4f324c93d2cb794410ed93b30feadabfafac186c554e3c2d7728c22a48090
20_8_3_1,20260819,100,initial-populations/20_8_3_1/seed-20260819.fourvec,4986641b03df0ed2c3d0095dc7b2633b64054b112a16349a8885610963c39124,abe145dcb77bef3ec50766ac5506df888d1a9045cc051dedf4a921d9680b7470,2678aedd33b4a770681ec53fb40d261cb06401559c8733d63d1913f1fd292d99,70B4451E0E74D14E7BF23FF7A3E53A9D39FD1315700EE460502BA773AA80CDD5,C116B583F32EAF1171ECE6133B03A0B8F5777300AA8AB3485227CEDDF2BEC00F,5DD62F36F77888C6E8CFCFBB4D0EF73BC90D63D05A6C3A3FE25F01C9A44C4108,bea4f324c93d2cb794410ed93b30feadabfafac186c554e3c2d7728c22a48090
20_8_3_1,20260820,100,initial-populations/20_8_3_1/seed-20260820.fourvec,51c70f0aeb54d7176cba5607857609ff22ac38e7b4c284a0ca07af070c4a648a,d6a8e1b61748dcb48e93422fb9e597aff81cff7b1f606790a77ba9eb3077cc9f,eec7abc89d550e061cae27611b52f8943c7f91f9c3192a5a5630c52de87c4d1a,70B4451E0E74D14E7BF23FF7A3E53A9D39FD1315700EE460502BA773AA80CDD5,C116B583F32EAF1171ECE6133B03A0B8F5777300AA8AB3485227CEDDF2BEC00F,5DD62F36F77888C6E8CFCFBB4D0EF73BC90D63D05A6C3A3FE25F01C9A44C4108,bea4f324c93d2cb794410ed93b30feadabfafac186c554e3c2d7728c22a48090
20_8_3_1,20260821,100,initial-populations/20_8_3_1/seed-20260821.fourvec,e0c1b45df5ce308298bcbf129ef0fa0bf1d3580264c26e219882ed0c7e449df5,229076a3cc9a7e3d4ae1e1fe5e11a7fbf53271bde792359da946d1ee6e8052c7,e4c1d8e71c06c4cb1b61db88e949e3b52a7d7c7ccfa2ba28375b5ba85a5ba766,70B4451E0E74D14E7BF23FF7A3E53A9D39FD1315700EE460502BA773AA80CDD5,C116B583F32EAF1171ECE6133B03A0B8F5777300AA8AB3485227CEDDF2BEC00F,5DD62F36F77888C6E8CFCFBB4D0EF73BC90D63D05A6C3A3FE25F01C9A44C4108,bea4f324c93d2cb794410ed93b30feadabfafac186c554e3c2d7728c22a48090
20_8_3_1,20260822,100,initial-populations/20_8_3_1/seed-20260822.fourvec,2dc7834126d0e0590480eb407933b485fb94b0666515ad328f2117095c866f5d,2288a2273064338c9455e3171b2596deb69c7a068a60b4e591ddc6039a078f1e,8c5bf3c681ad4de86a5075dfce5c0111749ca53a6f61467d838a74bc7fba7515,70B4451E0E74D14E7BF23FF7A3E53A9D39FD1315700EE460502BA773AA80CDD5,C116B583F32EAF1171ECE6133B03A0B8F5777300AA8AB3485227CEDDF2BEC00F,5DD62F36F77888C6E8CFCFBB4D0EF73BC90D63D05A6C3A3FE25F01C9A44C4108,bea4f324c93d2cb794410ed93b30feadabfafac186c554e3c2d7728c22a48090
20_8_3_1,20260823,100,initial-populations/20_8_3_1/seed-20260823.fourvec,875cb4e5a72a71539c95e5f4e236847f210cc77c37048c57c98872f85df5c6ff,e2f28cd7d654058319df5c77377d6d2f3ffce5801d97c23d4104648118efb4d1,b408d183feaa9bceb93ab6357e6b65a013c0647cb794c6281898a8b6171ba30b,70B4451E0E74D14E7BF23FF7A3E53A9D39FD1315700EE460502BA773AA80CDD5,C116B583F32EAF1171ECE6133B03A0B8F5777300AA8AB3485227CEDDF2BEC00F,5DD62F36F77888C6E8CFCFBB4D0EF73BC90D63D05A6C3A3FE25F01C9A44C4108,bea4f324c93d2cb794410ed93b30feadabfafac186c554e3c2d7728c22a48090
20_8_3_1,20260824,100,initial-populations/20_8_3_1/seed-20260824.fourvec,a1d85f403cf2b87f3fca96f151f242334d0a3ad105c30a07a7f1032ed3a14af8,b90cba10057cda58131e36765d38eff398ee52235091f7d2604d13371e212b4f,55f2c1052e75b03a1178c309a41dfa4a3277ad57278bdf15accbf6ac8c08910e,70B4451E0E74D14E7BF23FF7A3E53A9D39FD1315700EE460502BA773AA80CDD5,C116B583F32EAF1171ECE6133B03A0B8F5777300AA8AB3485227CEDDF2BEC00F,5DD62F36F77888C6E8CFCFBB4D0EF73BC90D63D05A6C3A3FE25F01C9A44C4108,bea4f324c93d2cb794410ed93b30feadabfafac186c554e3c2d7728c22a48090
20_8_3_1,20260825,100,initial-populations/20_8_3_1/seed-20260825.fourvec,745af8d5c908a6182356b20bd4eed06b09617b18596f014295a8e8115958df6b,5c1c68c3b36567d39f6bf0586aeb435ad26ae8ea353aedada23ecd7380c177d8,20d1a1ca98757ff602d4de5339081b6a7206e27a31c3b22e6652f38a14120d5d,70B4451E0E74D14E7BF23FF7A3E53A9D39FD1315700EE460502BA773AA80CDD5,C116B583F32EAF1171ECE6133B03A0B8F5777300AA8AB3485227CEDDF2BEC00F,5DD62F36F77888C6E8CFCFBB4D0EF73BC90D63D05A6C3A3FE25F01C9A44C4108,bea4f324c93d2cb794410ed93b30feadabfafac186c554e3c2d7728c22a48090
20_8_3_1,20260826,100,initial-populations/20_8_3_1/seed-20260826.fourvec,89cfeaad29d63acf3ba668cd2a298ad7e08fece140246466bf927878226a1760,063d60dc726aa3424b977a3786b380570dfcfa0bf7c44c52dd9aae8d7c2cdbfd,84ceeb2c9190c60f29fdc6d71f274000e8f70ebe430eaa0636423f8885574e5d,70B4451E0E74D14E7BF23FF7A3E53A9D39FD1315700EE460502BA773AA80CDD5,C116B583F32EAF1171ECE6133B03A0B8F5777300AA8AB3485227CEDDF2BEC00F,5DD62F36F77888C6E8CFCFBB4D0EF73BC90D63D05A6C3A3FE25F01C9A44C4108,bea4f324c93d2cb794410ed93b30feadabfafac186c554e3c2d7728c22a48090
20_8_3_1,20260827,100,initial-populations/20_8_3_1/seed-20260827.fourvec,e2138ae9656ef0323978e90ceea29a0aa65094a978d215f88f9d2cac4f312aff,4514b89e4dccc6cdc7cde53f6cd3d58a78cc375deb52610e5aacc1068dd2bea8,c3419160fe16fe6f2e0a0860260f8e4b1f423530088921a003af57c0fc8651d9,70B4451E0E74D14E7BF23FF7A3E53A9D39FD1315700EE460502BA773AA80CDD5,C116B583F32EAF1171ECE6133B03A0B8F5777300AA8AB3485227CEDDF2BEC00F,5DD62F36F77888C6E8CFCFBB4D0EF73BC90D63D05A6C3A3FE25F01C9A44C4108,bea4f324c93d2cb794410ed93b30feadabfafac186c554e3c2d7728c22a48090
20_8_4_1,20260808,100,initial-populations/20_8_4_1/seed-20260808.fourvec,65cb78d57018f8043d9db7bbab792da126c0b0c399d1cf91c36b13a03fcf8cb1,dd84625ed504a86a6af9f83dff03f333bd198debe3cbdc0d7fd964a8cb8137b9,d658a607b02a5de368a907ff27344493eb95b9fc3765acfa0765738954f02ab8,10408B3F33B04166D3308F5E46E74EF7E41A336FEFC9E51AE4FCC78BC1BE19D7,5F78DD45687256F1A734171AC6D99B87193AE0F328C51FCFE0534088E2AC5617,8D00E5283296E4DB77F132FADADE782F31270A35724CD441446ECB2917FF2B0B,dca27780019caf3f70ea72e8c1b25550936950c2d66863a0051b40a4f1436fff
20_8_4_1,20260809,100,initial-populations/20_8_4_1/seed-20260809.fourvec,e10bad7f8c8789158a5ca131e2f785f64d09a265f7c0f03a4eb0f4fadc481908,f49b264b3eb1afbe659b13e32ae1485bf54c545386be83be75bd88bfeca98da0,c21393bdca6957db0075309fdb51ec00a8a606e298bb6d2a4adbc7f17748fa3f,10408B3F33B04166D3308F5E46E74EF7E41A336FEFC9E51AE4FCC78BC1BE19D7,5F78DD45687256F1A734171AC6D99B87193AE0F328C51FCFE0534088E2AC5617,8D00E5283296E4DB77F132FADADE782F31270A35724CD441446ECB2917FF2B0B,dca27780019caf3f70ea72e8c1b25550936950c2d66863a0051b40a4f1436fff
20_8_4_1,20260810,100,initial-populations/20_8_4_1/seed-20260810.fourvec,8fa4ed683a42f4ca4e102ed72615364edfd41f27a6e2f6995d58d24eb00a33ce,8c490ec19af33b5547c3206a30b7731fc79cedbcc944ae4867ccbcb5edf8dc25,6529d1dbbd0887fd8c19eb7e439207f4c568e7fc092e3acd5a4fb3ff540ea7e7,10408B3F33B04166D3308F5E46E74EF7E41A336FEFC9E51AE4FCC78BC1BE19D7,5F78DD45687256F1A734171AC6D99B87193AE0F328C51FCFE0534088E2AC5617,8D00E5283296E4DB77F132FADADE782F31270A35724CD441446ECB2917FF2B0B,dca27780019caf3f70ea72e8c1b25550936950c2d66863a0051b40a4f1436fff
20_8_4_1,20260811,100,initial-populations/20_8_4_1/seed-20260811.fourvec,8903a2910be89f3ce7b52f75fea35aeb6141a36ffa6b64bd01ab7a624b2e14b7,1f52c857353c694a8dec2e8316c3da2bf1c5775efd0d44984b6f30532bf251fe,b5cf8f3e84c3d5f9cb61ffb1809d64dd2b532aa3f4b9e79e8a2b36c4783749af,10408B3F33B04166D3308F5E46E74EF7E41A336FEFC9E51AE4FCC78BC1BE19D7,5F78DD45687256F1A734171AC6D99B87193AE0F328C51FCFE0534088E2AC5617,8D00E5283296E4DB77F132FADADE782F31270A35724CD441446ECB2917FF2B0B,dca27780019caf3f70ea72e8c1b25550936950c2d66863a0051b40a4f1436fff
20_8_4_1,20260812,100,initial-populations/20_8_4_1/seed-20260812.fourvec,807eb4253bf6fc4c2dae3a64f98da1a70e8db92371a30cda275fcebb20231208,c2fc37f3a433076412692d784a9a2209d07f937755936a7b71b71286ce098930,ff0e84ce75c636063e5dbcc200d3eac9683474fbfdc4737c9068dddadeb43774,10408B3F33B04166D3308F5E46E74EF7E41A336FEFC9E51AE4FCC78BC1BE19D7,5F78DD45687256F1A734171AC6D99B87193AE0F328C51FCFE0534088E2AC5617,8D00E5283296E4DB77F132FADADE782F31270A35724CD441446ECB2917FF2B0B,dca27780019caf3f70ea72e8c1b25550936950c2d66863a0051b40a4f1436fff
20_8_4_1,20260813,100,initial-populations/20_8_4_1/seed-20260813.fourvec,e26ab11531b88f8885fe9203a19ca1a707b59c5c63550466071b26a342192feb,0c6592689cfb01250d5076ff4f0edb4b8e5b529e30a51d472b8cf8897e5fac6b,f9ed06d57be68eac3cf7bce3e9094f6f6f375b369a4046b9dce0ea129487ed87,10408B3F33B04166D3308F5E46E74EF7E41A336FEFC9E51AE4FCC78BC1BE19D7,5F78DD45687256F1A734171AC6D99B87193AE0F328C51FCFE0534088E2AC5617,8D00E5283296E4DB77F132FADADE782F31270A35724CD441446ECB2917FF2B0B,dca27780019caf3f70ea72e8c1b25550936950c2d66863a0051b40a4f1436fff
20_8_4_1,20260814,100,initial-populations/20_8_4_1/seed-20260814.fourvec,a814fd8246fc8d9f5c080396fd7a884b27b5a1d8fc3007d75c11b554fbc1e269,1853296006011a218baabe6b140234434e939431711091ee4ed2dbcc49e5791e,a5103ebf67a294d3c61169960c48cef7fede12e256721903d929c112e48fa039,10408B3F33B04166D3308F5E46E74EF7E41A336FEFC9E51AE4FCC78BC1BE19D7,5F78DD45687256F1A734171AC6D99B87193AE0F328C51FCFE0534088E2AC5617,8D00E5283296E4DB77F132FADADE782F31270A35724CD441446ECB2917FF2B0B,dca27780019caf3f70ea72e8c1b25550936950c2d66863a0051b40a4f1436fff
20_8_4_1,20260815,100,initial-populations/20_8_4_1/seed-20260815.fourvec,e00a0c468beb992009013a54c52fe62f944249298d98152ff9e68a5d5793c195,84397369d34485dd05e94379521b8937959c2ba3a86c16755ee2c60a89e8eb64,d841b3b3eeb08708b85952c3291f1e1e2fadeb91bbeb934baf5326800b9b13d9,10408B3F33B04166D3308F5E46E74EF7E41A336FEFC9E51AE4FCC78BC1BE19D7,5F78DD45687256F1A734171AC6D99B87193AE0F328C51FCFE0534088E2AC5617,8D00E5283296E4DB77F132FADADE782F31270A35724CD441446ECB2917FF2B0B,dca27780019caf3f70ea72e8c1b25550936950c2d66863a0051b40a4f1436fff
20_8_4_1,20260816,100,initial-populations/20_8_4_1/seed-20260816.fourvec,d417cc02b01aa5fc9ce41b811782b836a9515c8f72b37fd6f94d94f7da505070,e8bd4b506fff926fd8a306c513a067ce082b218fc836640bd0187f6c67c272f0,ec0671692938eccaf8bd88119fb5385b611eb27caa5fdeb284c6be8db5f83b6f,10408B3F33B04166D3308F5E46E74EF7E41A336FEFC9E51AE4FCC78BC1BE19D7,5F78DD45687256F1A734171AC6D99B87193AE0F328C51FCFE0534088E2AC5617,8D00E5283296E4DB77F132FADADE782F31270A35724CD441446ECB2917FF2B0B,dca27780019caf3f70ea72e8c1b25550936950c2d66863a0051b40a4f1436fff
20_8_4_1,20260817,100,initial-populations/20_8_4_1/seed-20260817.fourvec,20a111a12bb6ffd7e94874c8bc3eaa5ce297ba59000aa2ac9e49cfa0993daeb9,ce6ef1cb737e97f43c5d6bb6d1aed8b005fa479030ac4b469c519e83f2f8bf06,a6c9ddde443fefdb57ca57c206b23553a7bfbb5e7033290b5ac508177396e64e,10408B3F33B04166D3308F5E46E74EF7E41A336FEFC9E51AE4FCC78BC1BE19D7,5F78DD45687256F1A734171AC6D99B87193AE0F328C51FCFE0534088E2AC5617,8D00E5283296E4DB77F132FADADE782F31270A35724CD441446ECB2917FF2B0B,dca27780019caf3f70ea72e8c1b25550936950c2d66863a0051b40a4f1436fff
20_8_4_1,20260818,100,initial-populations/20_8_4_1/seed-20260818.fourvec,3ae43431ad75baecc2432b1b274cf9993fa1a468a345cc309ffbe88bc816bada,26e983c781ff5f962df827544baa28bdd803a28fdce0488e748762a7602910cd,6054c66ebb401d23a3733043298d256852b5719fbc4f33b8e65fc6ead61afeea,10408B3F33B04166D3308F5E46E74EF7E41A336FEFC9E51AE4FCC78BC1BE19D7,5F78DD45687256F1A734171AC6D99B87193AE0F328C51FCFE0534088E2AC5617,8D00E5283296E4DB77F132FADADE782F31270A35724CD441446ECB2917FF2B0B,dca27780019caf3f70ea72e8c1b25550936950c2d66863a0051b40a4f1436fff
20_8_4_1,20260819,100,initial-populations/20_8_4_1/seed-20260819.fourvec,fd93cb009076c88e73c33e397496bf1fe2063692a20fcfeafb075cf16864327d,46bc4d86d4cac4c945551611bc874b458db0220e8090d14673879510dcdfe463,644c0e6804fa1d53158ebdac523f930c3c2100c5ded2d72a74515f26d4eac03e,10408B3F33B04166D3308F5E46E74EF7E41A336FEFC9E51AE4FCC78BC1BE19D7,5F78DD45687256F1A734171AC6D99B87193AE0F328C51FCFE0534088E2AC5617,8D00E5283296E4DB77F132FADADE782F31270A35724CD441446ECB2917FF2B0B,dca27780019caf3f70ea72e8c1b25550936950c2d66863a0051b40a4f1436fff
20_8_4_1,20260820,100,initial-populations/20_8_4_1/seed-20260820.fourvec,b876242059159f578d76df59979427aa2044afc2fb2e9fd28672a489ff327e88,eff2269c9aaeabaa4614ca04ff203b2182877c337862f95a377afc4580ca5e95,05ec250e5020a264e000f21364136dc53e1e656a2b7251e07cc1aacc08ee5965,10408B3F33B04166D3308F5E46E74EF7E41A336FEFC9E51AE4FCC78BC1BE19D7,5F78DD45687256F1A734171AC6D99B87193AE0F328C51FCFE0534088E2AC5617,8D00E5283296E4DB77F132FADADE782F31270A35724CD441446ECB2917FF2B0B,dca27780019caf3f70ea72e8c1b25550936950c2d66863a0051b40a4f1436fff
20_8_4_1,20260821,100,initial-populations/20_8_4_1/seed-20260821.fourvec,421ae4de838a29b9200f26e1451004ba3b85ec2c0f3e92bf348736d2b173b144,ae4ba9e960afe76a6d4c41301ebfd55d4c53b56f235f48af98cd839404f370e3,9d41480b8a37a505c0f5c77f7ef3bb0c1f518fe90a24ac2ce5b31847316c7d9a,10408B3F33B04166D3308F5E46E74EF7E41A336FEFC9E51AE4FCC78BC1BE19D7,5F78DD45687256F1A734171AC6D99B87193AE0F328C51FCFE0534088E2AC5617,8D00E5283296E4DB77F132FADADE782F31270A35724CD441446ECB2917FF2B0B,dca27780019caf3f70ea72e8c1b25550936950c2d66863a0051b40a4f1436fff
20_8_4_1,20260822,100,initial-populations/20_8_4_1/seed-20260822.fourvec,39936b422662b5e663ff7a7899af7d907bfe8e52d9bba6bde6dd48eb0458a61d,4a3d761632a596a02d2eb96381bf5a21524b1e0a04e5afe023cc2dc31f04b2ea,3f494a5204560dad30637b842fbc0d2db8534b85775a33f09251c1c368220a4d,10408B3F33B04166D3308F5E46E74EF7E41A336FEFC9E51AE4FCC78BC1BE19D7,5F78DD45687256F1A734171AC6D99B87193AE0F328C51FCFE0534088E2AC5617,8D00E5283296E4DB77F132FADADE782F31270A35724CD441446ECB2917FF2B0B,dca27780019caf3f70ea72e8c1b25550936950c2d66863a0051b40a4f1436fff
20_8_4_1,20260823,100,initial-populations/20_8_4_1/seed-20260823.fourvec,9c8aafa23ed56907a9f1694bafde210547bc1828a9abf84fa00f8677140305c7,f516e40d75a388e90e0457f3a3340105a07ac914713a65afec1634c2675a3da2,6ddb0ed16471007cca6dc7533330278e2a833f9d83ed97f1b2a530a307ea4dcb,10408B3F33B04166D3308F5E46E74EF7E41A336FEFC9E51AE4FCC78BC1BE19D7,5F78DD45687256F1A734171AC6D99B87193AE0F328C51FCFE0534088E2AC5617,8D00E5283296E4DB77F132FADADE782F31270A35724CD441446ECB2917FF2B0B,dca27780019caf3f70ea72e8c1b25550936950c2d66863a0051b40a4f1436fff
20_8_4_1,20260824,100,initial-populations/20_8_4_1/seed-20260824.fourvec,c76b79f6921c5fd258c7490ecb6fc35f3a928487968a428cf9b9fd8a773af24d,d1161d6ad76d0d02e638a2952d7775d4309db66f60e55b2abca2a145fd0d4cf6,3cbe5224a78c11c0deedc04fe35a320e9c7e8ca8f75542d7a0d4704446c16672,10408B3F33B04166D3308F5E46E74EF7E41A336FEFC9E51AE4FCC78BC1BE19D7,5F78DD45687256F1A734171AC6D99B87193AE0F328C51FCFE0534088E2AC5617,8D00E5283296E4DB77F132FADADE782F31270A35724CD441446ECB2917FF2B0B,dca27780019caf3f70ea72e8c1b25550936950c2d66863a0051b40a4f1436fff
20_8_4_1,20260825,100,initial-populations/20_8_4_1/seed-20260825.fourvec,10e20b6ec8c75d3d19816667e61e8c29de25a76c644dc7a3e9a9665b0e4cae1f,abd58c2aaa78953cc22a25fc4b0c19447dc81fb5d8a2661a527d2976aa65ba73,5c7ecb9a3d9c8f7e27d54d28ffe71baa4a99ee497ff9bc5a37b3412ada73f11b,10408B3F33B04166D3308F5E46E74EF7E41A336FEFC9E51AE4FCC78BC1BE19D7,5F78DD45687256F1A734171AC6D99B87193AE0F328C51FCFE0534088E2AC5617,8D00E5283296E4DB77F132FADADE782F31270A35724CD441446ECB2917FF2B0B,dca27780019caf3f70ea72e8c1b25550936950c2d66863a0051b40a4f1436fff
20_8_4_1,20260826,100,initial-populations/20_8_4_1/seed-20260826.fourvec,63daafa2c020753f09e99dd44f0448d620c67c6b48157d6b7c0a3786ebefc814,1cf6bb0ba27bbee39da29696b11c74f5f5f4f803a86fbe2fa963b943630b2ae5,7eb24a7390f8e95fc6664baedddf5d5cf000c3be6934cd439d7caa09b1877dc9,10408B3F33B04166D3308F5E46E74EF7E41A336FEFC9E51AE4FCC78BC1BE19D7,5F78DD45687256F1A734171AC6D99B87193AE0F328C51FCFE0534088E2AC5617,8D00E5283296E4DB77F132FADADE782F31270A35724CD441446ECB2917FF2B0B,dca27780019caf3f70ea72e8c1b25550936950c2d66863a0051b40a4f1436fff
20_8_4_1,20260827,100,initial-populations/20_8_4_1/seed-20260827.fourvec,ff5c8bac32e925ea13a497fa64889c96e2a47cf10085a6d4a8ee461f12187453,293ff9f6af9ab3d6d165d976bdb5e93e16200fa4984825a901ee1742948b988a,d927e8307f4287e16eb40534ee616233a5246ceddcb07c9a7d1943affd08b988,10408B3F33B04166D3308F5E46E74EF7E41A336FEFC9E51AE4FCC78BC1BE19D7,5F78DD45687256F1A734171AC6D99B87193AE0F328C51FCFE0534088E2AC5617,8D00E5283296E4DB77F132FADADE782F31270A35724CD441446ECB2917FF2B0B,dca27780019caf3f70ea72e8c1b25550936950c2d66863a0051b40a4f1436fff
20_8_5_1,20260808,100,initial-populations/20_8_5_1/seed-20260808.fourvec,f29bb11e1c13f912b224202e96e9b4bb250a007937f916b7cc6467312f00d64b,e3f6b16c96f3791e414a7ff7fa32417d5d601f62c573fb151e2ab1825af59a54,c54568ae18917622c2ed30c9f4cfcc98c2ffc6ce3b872084480ed55d17aa0f24,C87EA67078CA20C87ECC7E513CE599F394787390BAB6D37DA6B29E87E4F5C42D,71281CAB00DE76E17449486A1438AD3AB50A589AFA87E6DA8C5328A8529DF647,A0E1F44B323FBFBECFC570E08DF9F8D1BA67A1B63FE82402EE307CE2CA2CA931,6175cd17ecbabc9152960846ea3d368f39e6357dcf97c9a8e06f65efa7fcf2b2
20_8_5_1,20260809,100,initial-populations/20_8_5_1/seed-20260809.fourvec,21379f82dc7115f9b95428c786bf01dd90ae1506d7d56122fc53bf31341c3fb1,14ebb64c0e6b545f05edf8b244cdf476780906a9555a0f8b7e728b4ae10ed941,7dc3edbabc2095b465b1178118f101e545c85bb404407f328a93e44dbf17319c,C87EA67078CA20C87ECC7E513CE599F394787390BAB6D37DA6B29E87E4F5C42D,71281CAB00DE76E17449486A1438AD3AB50A589AFA87E6DA8C5328A8529DF647,A0E1F44B323FBFBECFC570E08DF9F8D1BA67A1B63FE82402EE307CE2CA2CA931,6175cd17ecbabc9152960846ea3d368f39e6357dcf97c9a8e06f65efa7fcf2b2
20_8_5_1,20260810,100,initial-populations/20_8_5_1/seed-20260810.fourvec,d4147a69929873b44a0b2b6478df41708c4a498b3670d00889ba72a3b835cf1b,b416b64ac2cb9c1168c0eac45da12c093d782446e8d5111292b4b3dd731921aa,ca137f7d4789c65db06ee74737dc3ae256f347abb35e0f7edaae62709611155b,C87EA67078CA20C87ECC7E513CE599F394787390BAB6D37DA6B29E87E4F5C42D,71281CAB00DE76E17449486A1438AD3AB50A589AFA87E6DA8C5328A8529DF647,A0E1F44B323FBFBECFC570E08DF9F8D1BA67A1B63FE82402EE307CE2CA2CA931,6175cd17ecbabc9152960846ea3d368f39e6357dcf97c9a8e06f65efa7fcf2b2
20_8_5_1,20260811,100,initial-populations/20_8_5_1/seed-20260811.fourvec,0d32e7ed7b0272c6c73f9f2d2769081a889e6426abe84620826b5aec85be3aaa,2d2b4249bb6fafac4d9f08a43d1e9f5350338672bf9669b4dd129a70255630b0,e379a2083f01a791fa3ffe84ad14cff342edb98e748a95fa93191af24fb0ff48,C87EA67078CA20C87ECC7E513CE599F394787390BAB6D37DA6B29E87E4F5C42D,71281CAB00DE76E17449486A1438AD3AB50A589AFA87E6DA8C5328A8529DF647,A0E1F44B323FBFBECFC570E08DF9F8D1BA67A1B63FE82402EE307CE2CA2CA931,6175cd17ecbabc9152960846ea3d368f39e6357dcf97c9a8e06f65efa7fcf2b2
20_8_5_1,20260812,100,initial-populations/20_8_5_1/seed-20260812.fourvec,33a6d7732cd515394b3f52016211eb55321dad308dc7eed8b6754f76f5da9075,a7023dd14a3d54af5f166221737edb6e7eff21c809631af74ba3b0bd01763949,9f9ac55642ace6592f1be603eb37309566ad015c95a1b06715a120bc4524ef62,C87EA67078CA20C87ECC7E513CE599F394787390BAB6D37DA6B29E87E4F5C42D,71281CAB00DE76E17449486A1438AD3AB50A589AFA87E6DA8C5328A8529DF647,A0E1F44B323FBFBECFC570E08DF9F8D1BA67A1B63FE82402EE307CE2CA2CA931,6175cd17ecbabc9152960846ea3d368f39e6357dcf97c9a8e06f65efa7fcf2b2
20_8_5_1,20260813,100,initial-populations/20_8_5_1/seed-20260813.fourvec,744ae42f238c465baecdbe0afd2e8263aed2dccbdb2a50dd6db48848edca9d98,19ac804c7b510325f4410220a6caeed34599063889e21e796a21f1e1b9ce67b9,f2de903e65f0e84106d3673b5bfcb30579e24608a59f9748a4c70b438f898063,C87EA67078CA20C87ECC7E513CE599F394787390BAB6D37DA6B29E87E4F5C42D,71281CAB00DE76E17449486A1438AD3AB50A589AFA87E6DA8C5328A8529DF647,A0E1F44B323FBFBECFC570E08DF9F8D1BA67A1B63FE82402EE307CE2CA2CA931,6175cd17ecbabc9152960846ea3d368f39e6357dcf97c9a8e06f65efa7fcf2b2
20_8_5_1,20260814,100,initial-populations/20_8_5_1/seed-20260814.fourvec,f7637edfa11ff4ede62d67c5e308028f486b11fb8e2b67aa75e67b6b79cb46ec,28c1457d45088f5bf494bc131c1c2818e5b6b17884f8083bfda4787492683ce2,525e90904ed952d9fafbd4bc8aee081201cd3ed4a219b4fc2895948db657b29b,C87EA67078CA20C87ECC7E513CE599F394787390BAB6D37DA6B29E87E4F5C42D,71281CAB00DE76E17449486A1438AD3AB50A589AFA87E6DA8C5328A8529DF647,A0E1F44B323FBFBECFC570E08DF9F8D1BA67A1B63FE82402EE307CE2CA2CA931,6175cd17ecbabc9152960846ea3d368f39e6357dcf97c9a8e06f65efa7fcf2b2
20_8_5_1,20260815,100,initial-populations/20_8_5_1/seed-20260815.fourvec,04d4c015efd42ca9086181e6f054f1fbe269e79545229ae00aa72aca2577f481,ecb1657ae81e834afb56b4d0df2fc8d137b8da04c12f2b0488eeec476782e95a,1e8e07c134f42a29ae5507d75cce254357edbae43461ed2311c399637ef93e15,C87EA67078CA20C87ECC7E513CE599F394787390BAB6D37DA6B29E87E4F5C42D,71281CAB00DE76E17449486A1438AD3AB50A589AFA87E6DA8C5328A8529DF647,A0E1F44B323FBFBECFC570E08DF9F8D1BA67A1B63FE82402EE307CE2CA2CA931,6175cd17ecbabc9152960846ea3d368f39e6357dcf97c9a8e06f65efa7fcf2b2
20_8_5_1,20260816,100,initial-populations/20_8_5_1/seed-20260816.fourvec,01337a2b54271aec90587f336b37fd0938626e3c81dc1bfbd8a5493cd063c779,304e5d87f49997f68e0a74dd5c0bb034b444e9ecf878acc88194961017b27b70,75032cd6e595106c37d4066634906111e42489cbc85dd90bb3129169fa501e88,C87EA67078CA20C87ECC7E513CE599F394787390BAB6D37DA6B29E87E4F5C42D,71281CAB00DE76E17449486A1438AD3AB50A589AFA87E6DA8C5328A8529DF647,A0E1F44B323FBFBECFC570E08DF9F8D1BA67A1B63FE82402EE307CE2CA2CA931,6175cd17ecbabc9152960846ea3d368f39e6357dcf97c9a8e06f65efa7fcf2b2
20_8_5_1,20260817,100,initial-populations/20_8_5_1/seed-20260817.fourvec,fc84aa82b26fd4b5d4ca93c3e763d753e9c0ab49c83fdb7ac01a882cc3286757,ffa8e0d7463a167ef0e3e7d1c474ec6d391289703e0d59350762106b5ececc7b,109d0d6320dfc7cf47a60719d1492cc2e95fa8fde9411752c1af64a51d592549,C87EA67078CA20C87ECC7E513CE599F394787390BAB6D37DA6B29E87E4F5C42D,71281CAB00DE76E17449486A1438AD3AB50A589AFA87E6DA8C5328A8529DF647,A0E1F44B323FBFBECFC570E08DF9F8D1BA67A1B63FE82402EE307CE2CA2CA931,6175cd17ecbabc9152960846ea3d368f39e6357dcf97c9a8e06f65efa7fcf2b2
20_8_5_1,20260818,100,initial-populations/20_8_5_1/seed-20260818.fourvec,0a0bab6a7bc5a09841a64057a1409a4d3751f101c19b7a999fb2a7e638c9d191,3b101e61d7127e5082cee540813550c6311b3d422ba1b44b63ee4e0cbc1a3e7f,d60f91f4483ba880487e178a2871247de56699d654dc018e2ab0b75935965e21,C87EA67078CA20C87ECC7E513CE599F394787390BAB6D37DA6B29E87E4F5C42D,71281CAB00DE76E17449486A1438AD3AB50A589AFA87E6DA8C5328A8529DF647,A0E1F44B323FBFBECFC570E08DF9F8D1BA67A1B63FE82402EE307CE2CA2CA931,6175cd17ecbabc9152960846ea3d368f39e6357dcf97c9a8e06f65efa7fcf2b2
20_8_5_1,20260819,100,initial-populations/20_8_5_1/seed-20260819.fourvec,ecd74802dfeba05b9c8598ea663cbdef9ba9fdf3bf2bc939005d5606df2e3842,d5d1ed7c5fcb8384272ba53b8a5c2f3fa69b327f22aefc910b1247a98f2afc4b,09848a9f752de5cc2c995dca06b829927958a90ea44e0bbb08c886b4a8dd6aa6,C87EA67078CA20C87ECC7E513CE599F394787390BAB6D37DA6B29E87E4F5C42D,71281CAB00DE76E17449486A1438AD3AB50A589AFA87E6DA8C5328A8529DF647,A0E1F44B323FBFBECFC570E08DF9F8D1BA67A1B63FE82402EE307CE2CA2CA931,6175cd17ecbabc9152960846ea3d368f39e6357dcf97c9a8e06f65efa7fcf2b2
20_8_5_1,20260820,100,initial-populations/20_8_5_1/seed-20260820.fourvec,eb67bd93b50300abb768e444454af81763a03c6c3a5bef275d5e8d83423926af,feb6ef36c85dde3913e863d604968f51acc8a1440b651899604f57e5cefcde20,ceb11e74404193d9e78abbffad2abab9d00da429a8b66a2442c646ceaf5e45df,C87EA67078CA20C87ECC7E513CE599F394787390BAB6D37DA6B29E87E4F5C42D,71281CAB00DE76E17449486A1438AD3AB50A589AFA87E6DA8C5328A8529DF647,A0E1F44B323FBFBECFC570E08DF9F8D1BA67A1B63FE82402EE307CE2CA2CA931,6175cd17ecbabc9152960846ea3d368f39e6357dcf97c9a8e06f65efa7fcf2b2
20_8_5_1,20260821,100,initial-populations/20_8_5_1/seed-20260821.fourvec,8bdb2a00f58f87ed2112d7443b4ee46e811ce1a24e546d3cc93167fbf45c94a5,729f13fa1932438c895f3129de277d2453499303864923ccc2c1590346fe4da5,5a7bd4b79b5b807db160c89673208521589bcf7be73cd8dd395371edab6800cc,C87EA67078CA20C87ECC7E513CE599F394787390BAB6D37DA6B29E87E4F5C42D,71281CAB00DE76E17449486A1438AD3AB50A589AFA87E6DA8C5328A8529DF647,A0E1F44B323FBFBECFC570E08DF9F8D1BA67A1B63FE82402EE307CE2CA2CA931,6175cd17ecbabc9152960846ea3d368f39e6357dcf97c9a8e06f65efa7fcf2b2
20_8_5_1,20260822,100,initial-populations/20_8_5_1/seed-20260822.fourvec,9b38d9cadabdf9e0f19fc9db009c333057d82db18ddb6a22daaef2cea4c15138,690518a4d715613e1e805c7c35319e079cbb57bd82af0e93dc3bf4de7ecc306d,28b166468ef7a18174b6abc45414e2ea4cdbfe7834ce8f0440ee9f0c9611a598,C87EA67078CA20C87ECC7E513CE599F394787390BAB6D37DA6B29E87E4F5C42D,71281CAB00DE76E17449486A1438AD3AB50A589AFA87E6DA8C5328A8529DF647,A0E1F44B323FBFBECFC570E08DF9F8D1BA67A1B63FE82402EE307CE2CA2CA931,6175cd17ecbabc9152960846ea3d368f39e6357dcf97c9a8e06f65efa7fcf2b2
20_8_5_1,20260823,100,initial-populations/20_8_5_1/seed-20260823.fourvec,6b78ce1135f80c0004bbf4e4780b1402d708336732e1da57a6272d8bd8da857e,7a731914be753f6ab2e69c88eaa0c22ae7ffe8161f66f49265f6788ea5e68890,802da8cc37204987cfbb6163eafaf60fb1b38d29c07a6faaa4ff506770df84d0,C87EA67078CA20C87ECC7E513CE599F394787390BAB6D37DA6B29E87E4F5C42D,71281CAB00DE76E17449486A1438AD3AB50A589AFA87E6DA8C5328A8529DF647,A0E1F44B323FBFBECFC570E08DF9F8D1BA67A1B63FE82402EE307CE2CA2CA931,6175cd17ecbabc9152960846ea3d368f39e6357dcf97c9a8e06f65efa7fcf2b2
20_8_5_1,20260824,100,initial-populations/20_8_5_1/seed-20260824.fourvec,05d3a3d67ef3f9bd654dde7758920f09fddcf8a3f58e5425117b1da1c120ac6c,199bb15087b0e0c7ac5379bbcf0cbd7d34e331ccc8c74119b614e2b8b3ab4a7a,aa0af2e4748779e606f4a97adb9933ff4dd994d3f012270ba8e921f6057e271a,C87EA67078CA20C87ECC7E513CE599F394787390BAB6D37DA6B29E87E4F5C42D,71281CAB00DE76E17449486A1438AD3AB50A589AFA87E6DA8C5328A8529DF647,A0E1F44B323FBFBECFC570E08DF9F8D1BA67A1B63FE82402EE307CE2CA2CA931,6175cd17ecbabc9152960846ea3d368f39e6357dcf97c9a8e06f65efa7fcf2b2
20_8_5_1,20260825,100,initial-populations/20_8_5_1/seed-20260825.fourvec,9d49e988f3f4a097e91108b648f82ff69b1f94958457f43515c7e5aca3dc392c,2b4a0bf3564578e0c5bab8aa50e71f50e81be46fc03fd39d76fc50ec678591be,e05aa3dcd88284c12651addc11f00ac8ee2290dc2c73c8003a6beb083ac98e5b,C87EA67078CA20C87ECC7E513CE599F394787390BAB6D37DA6B29E87E4F5C42D,71281CAB00DE76E17449486A1438AD3AB50A589AFA87E6DA8C5328A8529DF647,A0E1F44B323FBFBECFC570E08DF9F8D1BA67A1B63FE82402EE307CE2CA2CA931,6175cd17ecbabc9152960846ea3d368f39e6357dcf97c9a8e06f65efa7fcf2b2
20_8_5_1,20260826,100,initial-populations/20_8_5_1/seed-20260826.fourvec,e8359027023531cf07aac3a9352d3b0ac80ab3aba284576bf28b6feb7f26da12,e4d2d748ea8788dbadb7c025ba45b12943953d1fecd9e8dc9bf0e531e4d7c750,5f33af8282f86ff11c2607676f3c12638aaffff96f98651d56b1ec834ba39621,C87EA67078CA20C87ECC7E513CE599F394787390BAB6D37DA6B29E87E4F5C42D,71281CAB00DE76E17449486A1438AD3AB50A589AFA87E6DA8C5328A8529DF647,A0E1F44B323FBFBECFC570E08DF9F8D1BA67A1B63FE82402EE307CE2CA2CA931,6175cd17ecbabc9152960846ea3d368f39e6357dcf97c9a8e06f65efa7fcf2b2
20_8_5_1,20260827,100,initial-populations/20_8_5_1/seed-20260827.fourvec,011924b2e7f5e51a2fc8ef359ce892b5048687a6e3744874812614929218a962,c6c286862664c448adf33b0a0c28bd3e376c8944d5b2bea977863e4699e66def,a1957449c2f6c63476e813fae30894794f99a92f38a259296ec968e985155967,C87EA67078CA20C87ECC7E513CE599F394787390BAB6D37DA6B29E87E4F5C42D,71281CAB00DE76E17449486A1438AD3AB50A589AFA87E6DA8C5328A8529DF647,A0E1F44B323FBFBECFC570E08DF9F8D1BA67A1B63FE82402EE307CE2CA2CA931,6175cd17ecbabc9152960846ea3d368f39e6357dcf97c9a8e06f65efa7fcf2b2
50_2_3_1,20260808,100,initial-populations/50_2_3_1/seed-20260808.fourvec,693b7eaad63c7f0fb31606110df966aa77e6e1bf4152ada77ef0d6c38617081d,2da9f7df7dc9663bbd677ea90dd4285616774fc1ec7794b20f0e1f6af4286104,ea57438327ef2809edf64d8b19519b560de58bd47ae7282a71e9fe1e796f51e8,D08D6ABC46788D46BC24C135A8DC810B4675E333E3D61E65C7551835FC93E787,D4C5D8016B5D625303E8E9479F570E59AD3197779FBCE0BA851D2AABD17C0E00,99521585E04391901F491943D0D0F50D046447A9474EE898EB00A19983242E5C,555570431f7b552e8ac197042fc17fbbe5e340dcbbfb3c292b1db70d30dd0b26
50_2_3_1,20260809,100,initial-populations/50_2_3_1/seed-20260809.fourvec,058181b8ac42b4025d5051c2eefd742e76b5c102c8c1b4b2cec414ccf9d3d6cd,761492de9c28fc343a88c0ae44926f38acfdd67775a472d14a73e02df742be39,d80bac8d6f5f13f82568c64b6d12319297d78966ca94a3ea7071964f2fd1fe33,D08D6ABC46788D46BC24C135A8DC810B4675E333E3D61E65C7551835FC93E787,D4C5D8016B5D625303E8E9479F570E59AD3197779FBCE0BA851D2AABD17C0E00,99521585E04391901F491943D0D0F50D046447A9474EE898EB00A19983242E5C,555570431f7b552e8ac197042fc17fbbe5e340dcbbfb3c292b1db70d30dd0b26
50_2_3_1,20260810,100,initial-populations/50_2_3_1/seed-20260810.fourvec,32eca0cdfaba6936cf1bc3e77c0dda9d00feb2d2f14d4612cfe1c4e477f82c60,d4721fdcb04d48189f8cf0c5294686f3179beb3b3e461c1cb369152812f111e5,5fd864240b714a2c6a7cbe48ed841b9bb2e622f4db07e278151778c8a454bb04,D08D6ABC46788D46BC24C135A8DC810B4675E333E3D61E65C7551835FC93E787,D4C5D8016B5D625303E8E9479F570E59AD3197779FBCE0BA851D2AABD17C0E00,99521585E04391901F491943D0D0F50D046447A9474EE898EB00A19983242E5C,555570431f7b552e8ac197042fc17fbbe5e340dcbbfb3c292b1db70d30dd0b26
50_2_3_1,20260811,100,initial-populations/50_2_3_1/seed-20260811.fourvec,a61c1feca72984a0a1fbfca727d920a0802e8cc269ee31efd96ca00d8b834495,e5d1fce6d115347ad4ae6c86a4731a57fa69852ca3ddacb5cfd779eb7d2cae6a,7de3ca791c8d5a4a7c3b7cb4cd245e7f8273998784178b32d39a1ccdb9492911,D08D6ABC46788D46BC24C135A8DC810B4675E333E3D61E65C7551835FC93E787,D4C5D8016B5D625303E8E9479F570E59AD3197779FBCE0BA851D2AABD17C0E00,99521585E04391901F491943D0D0F50D046447A9474EE898EB00A19983242E5C,555570431f7b552e8ac197042fc17fbbe5e340dcbbfb3c292b1db70d30dd0b26
50_2_3_1,20260812,100,initial-populations/50_2_3_1/seed-20260812.fourvec,ce7c276ef0223500ee945cb1352ea527a53967326677bae2ada5a4ed73e30569,b3a7d9469c38c79703009b3a6162c7aced0b21fbafc9e331862ae59d18e4b9db,eab3222dcadf48dd07983ca4ce99cc396b4db2a6a1a1c71f977425c2a2ddd378,D08D6ABC46788D46BC24C135A8DC810B4675E333E3D61E65C7551835FC93E787,D4C5D8016B5D625303E8E9479F570E59AD3197779FBCE0BA851D2AABD17C0E00,99521585E04391901F491943D0D0F50D046447A9474EE898EB00A19983242E5C,555570431f7b552e8ac197042fc17fbbe5e340dcbbfb3c292b1db70d30dd0b26
50_2_3_1,20260813,100,initial-populations/50_2_3_1/seed-20260813.fourvec,b7e4866d0eb6e22dcb9813adb1746ecdabf83d87c8ee0f4611b1ca34bd89e3b8,4f1a0eef7badf5b56322a027394d4c6238d330304413c1fd3d16eb7a46c4818a,0191bc1df0a61b606e00ef3ea4e89038a87a892d3c545dd6248337d77538b83a,D08D6ABC46788D46BC24C135A8DC810B4675E333E3D61E65C7551835FC93E787,D4C5D8016B5D625303E8E9479F570E59AD3197779FBCE0BA851D2AABD17C0E00,99521585E04391901F491943D0D0F50D046447A9474EE898EB00A19983242E5C,555570431f7b552e8ac197042fc17fbbe5e340dcbbfb3c292b1db70d30dd0b26
50_2_3_1,20260814,100,initial-populations/50_2_3_1/seed-20260814.fourvec,076f8e53510c826b8439caae5960bf388fe71ec2d7893fe5ae6f8ea22991b9b1,fc79432d284831b911c1b1aaf7936282764a8455e6815b3ffa9b48ee58540214,41145b60dcdaf559b46897be28e5544b83f3b72e094b53036ddb1cf9bc579a59,D08D6ABC46788D46BC24C135A8DC810B4675E333E3D61E65C7551835FC93E787,D4C5D8016B5D625303E8E9479F570E59AD3197779FBCE0BA851D2AABD17C0E00,99521585E04391901F491943D0D0F50D046447A9474EE898EB00A19983242E5C,555570431f7b552e8ac197042fc17fbbe5e340dcbbfb3c292b1db70d30dd0b26
50_2_3_1,20260815,100,initial-populations/50_2_3_1/seed-20260815.fourvec,5be73c611195a4e6fdbcc20abae4b176d1886c9b364f3f2708088c8f76e0a290,8b74a269cfd8f4dc2a95db1eed380881447256486ca5e64a0f2683a8055d1a56,1c0d038aeb18eadd496d5ecd28f78722f368d7363e1e969ef194c7f3015f934c,D08D6ABC46788D46BC24C135A8DC810B4675E333E3D61E65C7551835FC93E787,D4C5D8016B5D625303E8E9479F570E59AD3197779FBCE0BA851D2AABD17C0E00,99521585E04391901F491943D0D0F50D046447A9474EE898EB00A19983242E5C,555570431f7b552e8ac197042fc17fbbe5e340dcbbfb3c292b1db70d30dd0b26
50_2_3_1,20260816,100,initial-populations/50_2_3_1/seed-20260816.fourvec,e06c5ceaa24fa53aaaadaa5d94ee471d1ba3c61177b59820032deaf0795aac50,df93f07883291ebfb7f437b10715a07a561ac878805575c59f0c2a9eb00afb46,99ce55d71ed8bf2f68f32b6f1fed1fd119efe4d239e93cc307b0fe75a24fc420,D08D6ABC46788D46BC24C135A8DC810B4675E333E3D61E65C7551835FC93E787,D4C5D8016B5D625303E8E9479F570E59AD3197779FBCE0BA851D2AABD17C0E00,99521585E04391901F491943D0D0F50D046447A9474EE898EB00A19983242E5C,555570431f7b552e8ac197042fc17fbbe5e340dcbbfb3c292b1db70d30dd0b26
50_2_3_1,20260817,100,initial-populations/50_2_3_1/seed-20260817.fourvec,d89f2682111aeaaf9a1b36dc55db0e561dd6e3649228cc5a66b306322307263c,a98d1421d37a428fe79c469ca1ee22e2b847e760c683c871b6c8926f4e4f1a55,37940b3f3583214144f1abd0373e77c13cec93b853af94ae53de72bcead565a0,D08D6ABC46788D46BC24C135A8DC810B4675E333E3D61E65C7551835FC93E787,D4C5D8016B5D625303E8E9479F570E59AD3197779FBCE0BA851D2AABD17C0E00,99521585E04391901F491943D0D0F50D046447A9474EE898EB00A19983242E5C,555570431f7b552e8ac197042fc17fbbe5e340dcbbfb3c292b1db70d30dd0b26
50_2_3_1,20260818,100,initial-populations/50_2_3_1/seed-20260818.fourvec,b784a5dcfcc4a241bab255a83400c0e42d317273851a4a84041230e98f7d100c,72dd0937b11d2f084cd3538099352814f37c47439198c7fd5959ead9de062909,5c6f0d950344d2576c0af73366cb1ec6b39117d6f2a8a4f8fd39a0d085d034c0,D08D6ABC46788D46BC24C135A8DC810B4675E333E3D61E65C7551835FC93E787,D4C5D8016B5D625303E8E9479F570E59AD3197779FBCE0BA851D2AABD17C0E00,99521585E04391901F491943D0D0F50D046447A9474EE898EB00A19983242E5C,555570431f7b552e8ac197042fc17fbbe5e340dcbbfb3c292b1db70d30dd0b26
50_2_3_1,20260819,100,initial-populations/50_2_3_1/seed-20260819.fourvec,fadb3d7246d726d104ba13c67cd3d0dcb716e357fe060544f58689d9c07d1d6f,9ebc6cf74ae88112494cb9933150efe19ea7ce1d09fb9f002ce0eef572745bab,9fa880eb9f792eaef8d3534d9ce7344ed43f11797efa5219b94780111103bcc6,D08D6ABC46788D46BC24C135A8DC810B4675E333E3D61E65C7551835FC93E787,D4C5D8016B5D625303E8E9479F570E59AD3197779FBCE0BA851D2AABD17C0E00,99521585E04391901F491943D0D0F50D046447A9474EE898EB00A19983242E5C,555570431f7b552e8ac197042fc17fbbe5e340dcbbfb3c292b1db70d30dd0b26
50_2_3_1,20260820,100,initial-populations/50_2_3_1/seed-20260820.fourvec,4fa7188f0f27d705ac0ed843c872ad0185ddfb048a747ede3ee4564a21ed1d53,5a5cb55e22dcfebf363989150c9152e3a88b56942234d1d24a6b050630845a1f,d2b1f1a7a6a22dacf0bb048bc3cb3bc68cb5094f98e00af17cd09bd57e5ca652,D08D6ABC46788D46BC24C135A8DC810B4675E333E3D61E65C7551835FC93E787,D4C5D8016B5D625303E8E9479F570E59AD3197779FBCE0BA851D2AABD17C0E00,99521585E04391901F491943D0D0F50D046447A9474EE898EB00A19983242E5C,555570431f7b552e8ac197042fc17fbbe5e340dcbbfb3c292b1db70d30dd0b26
50_2_3_1,20260821,100,initial-populations/50_2_3_1/seed-20260821.fourvec,7623c2266cf0da60b94d2ab42753ad5f5756e2ca5fb2be835aea315d00c8ea9f,ce82781767f86370b36d3b2be64f65c2cef339c0f5cf3e35b04ec8f998afcfe3,899748e01b5c2bbc5e5659f1b0fdf4eaff74ce0abded66eaf81c29e2b5bc3d09,D08D6ABC46788D46BC24C135A8DC810B4675E333E3D61E65C7551835FC93E787,D4C5D8016B5D625303E8E9479F570E59AD3197779FBCE0BA851D2AABD17C0E00,99521585E04391901F491943D0D0F50D046447A9474EE898EB00A19983242E5C,555570431f7b552e8ac197042fc17fbbe5e340dcbbfb3c292b1db70d30dd0b26
50_2_3_1,20260822,100,initial-populations/50_2_3_1/seed-20260822.fourvec,02fb303696f84dbb4e36d328084bd07581dc08bfbe7d6bcedbfe6fa193f4c43a,1cde9a635656e41a816bf243cb5c9b480073db7c2fcfeeb86aab616d814919f8,7fb52b59da7d2293d6010c3c7018f17a6e6a36dad1da09a237056a93742ea50f,D08D6ABC46788D46BC24C135A8DC810B4675E333E3D61E65C7551835FC93E787,D4C5D8016B5D625303E8E9479F570E59AD3197779FBCE0BA851D2AABD17C0E00,99521585E04391901F491943D0D0F50D046447A9474EE898EB00A19983242E5C,555570431f7b552e8ac197042fc17fbbe5e340dcbbfb3c292b1db70d30dd0b26
50_2_3_1,20260823,100,initial-populations/50_2_3_1/seed-20260823.fourvec,be6240eeca736d8a28c57b45fe58059fac106f3d9e1c87b5d82b9ab8c68e1aab,cb4459d21d1301a088b5d7e4fdbb5b60ede06daff217be40920970bef87380da,fef1bc94d4d047a16366f266d920d6b36dad66c3dc34fc486e7ecde967e0d121,D08D6ABC46788D46BC24C135A8DC810B4675E333E3D61E65C7551835FC93E787,D4C5D8016B5D625303E8E9479F570E59AD3197779FBCE0BA851D2AABD17C0E00,99521585E04391901F491943D0D0F50D046447A9474EE898EB00A19983242E5C,555570431f7b552e8ac197042fc17fbbe5e340dcbbfb3c292b1db70d30dd0b26
50_2_3_1,20260824,100,initial-populations/50_2_3_1/seed-20260824.fourvec,1a13ca0e125ff1e5d5a0bb0538fa7b00a025af2087aa01ea691ddcb900733302,f190470b8da0cfdb430f54d7601aceb285fb25b88ba0cf3abf00bb29b664af4e,b41da740ce6d0c13bf86678bf113c160e7c525ea5ac0c70eb589ec496972d219,D08D6ABC46788D46BC24C135A8DC810B4675E333E3D61E65C7551835FC93E787,D4C5D8016B5D625303E8E9479F570E59AD3197779FBCE0BA851D2AABD17C0E00,99521585E04391901F491943D0D0F50D046447A9474EE898EB00A19983242E5C,555570431f7b552e8ac197042fc17fbbe5e340dcbbfb3c292b1db70d30dd0b26
50_2_3_1,20260825,100,initial-populations/50_2_3_1/seed-20260825.fourvec,88615f7b99e1c7627483d149536679f8377e5a60540966633a38f7139150dfe2,de278ace49d3a9a0af21c9052a41c155bf4b165d44f1e19514e92957ce1dced5,56e85f5a2c6cc37acac08ad269d51fb907fd93868998539e4cc9c3bb1b9ba0f1,D08D6ABC46788D46BC24C135A8DC810B4675E333E3D61E65C7551835FC93E787,D4C5D8016B5D625303E8E9479F570E59AD3197779FBCE0BA851D2AABD17C0E00,99521585E04391901F491943D0D0F50D046447A9474EE898EB00A19983242E5C,555570431f7b552e8ac197042fc17fbbe5e340dcbbfb3c292b1db70d30dd0b26
50_2_3_1,20260826,100,initial-populations/50_2_3_1/seed-20260826.fourvec,7f8b2639685ab089e0536c88fc3f1fe814f1ca679ac05f7e7af792d49a885184,e49acbf764a3a983f3904806107ead9e211f26108426501f2bb9a2445e2cf42d,db92948f87760afe72b8751347790c896f562f1cfeae9c9639072f7c1022954b,D08D6ABC46788D46BC24C135A8DC810B4675E333E3D61E65C7551835FC93E787,D4C5D8016B5D625303E8E9479F570E59AD3197779FBCE0BA851D2AABD17C0E00,99521585E04391901F491943D0D0F50D046447A9474EE898EB00A19983242E5C,555570431f7b552e8ac197042fc17fbbe5e340dcbbfb3c292b1db70d30dd0b26
50_2_3_1,20260827,100,initial-populations/50_2_3_1/seed-20260827.fourvec,68c44eae862ac35b207d05db3ee228a06a307821c7648e577512ddeb1e52c541,a73e922fc8c76c77391c4b98a63b8ac3cf3161e117e52afee1dc1f927756f167,219db4152edcd11f2bc0a88402019ee328e88ccc06c6215f2d662678407b1e51,D08D6ABC46788D46BC24C135A8DC810B4675E333E3D61E65C7551835FC93E787,D4C5D8016B5D625303E8E9479F570E59AD3197779FBCE0BA851D2AABD17C0E00,99521585E04391901F491943D0D0F50D046447A9474EE898EB00A19983242E5C,555570431f7b552e8ac197042fc17fbbe5e340dcbbfb3c292b1db70d30dd0b26
50_2_4_1,20260808,100,initial-populations/50_2_4_1/seed-20260808.fourvec,fa945233ec56d0d52fbb10d258481ef6d55c61c8ac8f5a1efec24a6116954324,faa9f1f21e22c8d0f97b6b9e4dd280d08f95da662e566141ebf971d9a9e565d8,3542b603624010eb3bbfd39c8395776ab71306ec9bce5081f90fe7632543fb86,B04A10CB25B8B62518DEF7694AD24C35EFC78D0A92CFFF64EDD7AF2F7A209377,2A8CB946CB4B30867CB1CB65DE37D6FC6207671833E18C3314307DDE51BA5558,74825A34D99280618EF931995610429154137575315EF22F6C68385FE2AC3515,8fd292b39429b909e8672dce15f251e568b8b44cd66e8a0f186ad4712535d009
50_2_4_1,20260809,100,initial-populations/50_2_4_1/seed-20260809.fourvec,d23e348bded6555a54a3926da3c5f9616d8c86dbdfa1397d8ef34e1410e61525,ad45976ff6e4dccf5d43288b3712dfc4ba7448c7d3b0fdd4f4277a9c6a9ca367,3aab09a81da7b41162387e0450bc990e0fae4480293aebd24abe2a9913b5b063,B04A10CB25B8B62518DEF7694AD24C35EFC78D0A92CFFF64EDD7AF2F7A209377,2A8CB946CB4B30867CB1CB65DE37D6FC6207671833E18C3314307DDE51BA5558,74825A34D99280618EF931995610429154137575315EF22F6C68385FE2AC3515,8fd292b39429b909e8672dce15f251e568b8b44cd66e8a0f186ad4712535d009
50_2_4_1,20260810,100,initial-populations/50_2_4_1/seed-20260810.fourvec,06d72f0f8346a4dc4e2e007c0117f233e831e21c1a0d313140598e5a9a1d96ce,ee2645721e005b82a2212d006ce7681e9da48e3af0d55da3ddc1fca31b341e49,1969ef1577d17265212a73ac2674a44f5cd735b5f71a94956aa7d55df172318b,B04A10CB25B8B62518DEF7694AD24C35EFC78D0A92CFFF64EDD7AF2F7A209377,2A8CB946CB4B30867CB1CB65DE37D6FC6207671833E18C3314307DDE51BA5558,74825A34D99280618EF931995610429154137575315EF22F6C68385FE2AC3515,8fd292b39429b909e8672dce15f251e568b8b44cd66e8a0f186ad4712535d009
50_2_4_1,20260811,100,initial-populations/50_2_4_1/seed-20260811.fourvec,d79d46e61e6e1dd49dea12ca766f36a40aceea6f5db1bed42012d56f5cf58d4b,b18e4b0b48ca0c2fb2dc60db3c900571a1aeabaf9d7ccb90bd6c5446f1479c90,e94199c99d04da1907dbaff1756e476c2161fc57cc722130c25c42b4cc7a78e5,B04A10CB25B8B62518DEF7694AD24C35EFC78D0A92CFFF64EDD7AF2F7A209377,2A8CB946CB4B30867CB1CB65DE37D6FC6207671833E18C3314307DDE51BA5558,74825A34D99280618EF931995610429154137575315EF22F6C68385FE2AC3515,8fd292b39429b909e8672dce15f251e568b8b44cd66e8a0f186ad4712535d009
50_2_4_1,20260812,100,initial-populations/50_2_4_1/seed-20260812.fourvec,bc26dd3998ad33383a89cc5e284bf1e1d9b522338f507d4b344ce7756e249595,a6feee90240fba4974a01b45435e00c032e96875ce62a0ee06f69230d53dc012,f3ef2ecdeab3336bfb3e31db6c2cfb6ef652a184ccacf940705fc91312565fc5,B04A10CB25B8B62518DEF7694AD24C35EFC78D0A92CFFF64EDD7AF2F7A209377,2A8CB946CB4B30867CB1CB65DE37D6FC6207671833E18C3314307DDE51BA5558,74825A34D99280618EF931995610429154137575315EF22F6C68385FE2AC3515,8fd292b39429b909e8672dce15f251e568b8b44cd66e8a0f186ad4712535d009
50_2_4_1,20260813,100,initial-populations/50_2_4_1/seed-20260813.fourvec,c54c9504372760f9fd4a7c2fde86c184c3b19ea167f51d07767670b4b7bd46cc,8aff93e61c90fcae62050e6b0bb9ddaf11b96c36fbff5713e330bbdf55a2a373,d6e300d3e7a9771884d4bf3d061345a8cf7548bd966c70c948d10e226e76f653,B04A10CB25B8B62518DEF7694AD24C35EFC78D0A92CFFF64EDD7AF2F7A209377,2A8CB946CB4B30867CB1CB65DE37D6FC6207671833E18C3314307DDE51BA5558,74825A34D99280618EF931995610429154137575315EF22F6C68385FE2AC3515,8fd292b39429b909e8672dce15f251e568b8b44cd66e8a0f186ad4712535d009
50_2_4_1,20260814,100,initial-populations/50_2_4_1/seed-20260814.fourvec,d64d0daa2987904d85a87d9b604dd3b0feef3c9223047bb6dabdd5b0164bd307,fe5a7e05272537d068775eeb8236618e7cfafc3d805a9c19a5a1b92369619e60,5573095c570e2a6c0837b6bea42b1eb6efb0245c8b69db8ea0b81e9b023c9175,B04A10CB25B8B62518DEF7694AD24C35EFC78D0A92CFFF64EDD7AF2F7A209377,2A8CB946CB4B30867CB1CB65DE37D6FC6207671833E18C3314307DDE51BA5558,74825A34D99280618EF931995610429154137575315EF22F6C68385FE2AC3515,8fd292b39429b909e8672dce15f251e568b8b44cd66e8a0f186ad4712535d009
50_2_4_1,20260815,100,initial-populations/50_2_4_1/seed-20260815.fourvec,7ca9b87aa78d4e4c08a6b186de9b4d0e2d91148294969b5ea38ac6cb1f127059,4181aea891c4ca82dc8d578c8518af22d440cc6760adeedbd31064260312e7e4,3bf74b9024cda527523af828afc4fba04763f1d4a996628ff3b73a810d7c4202,B04A10CB25B8B62518DEF7694AD24C35EFC78D0A92CFFF64EDD7AF2F7A209377,2A8CB946CB4B30867CB1CB65DE37D6FC6207671833E18C3314307DDE51BA5558,74825A34D99280618EF931995610429154137575315EF22F6C68385FE2AC3515,8fd292b39429b909e8672dce15f251e568b8b44cd66e8a0f186ad4712535d009
50_2_4_1,20260816,100,initial-populations/50_2_4_1/seed-20260816.fourvec,34156f2a557210c666afc80e9043266e8ff58cbd3e1f4b27633dd2cea0bebc2d,2caa90c2cbca57ceeead90061da2c72791f5abc0e9e61d3615d2e86bf37afcf7,a65a534570b35a7a8b836d4640049a13a9a7881d20ebcc58e9539c9dab20a207,B04A10CB25B8B62518DEF7694AD24C35EFC78D0A92CFFF64EDD7AF2F7A209377,2A8CB946CB4B30867CB1CB65DE37D6FC6207671833E18C3314307DDE51BA5558,74825A34D99280618EF931995610429154137575315EF22F6C68385FE2AC3515,8fd292b39429b909e8672dce15f251e568b8b44cd66e8a0f186ad4712535d009
50_2_4_1,20260817,100,initial-populations/50_2_4_1/seed-20260817.fourvec,6026a1b504fe0942543d35ba59575bd66abd59bdb642beccc8d75a07b82afa6b,873368592d5cbfbaaa133040ca2ed414a2bd0971a9416269533a8987c2f342c3,ef50cdfae7d22507ad34293a3e2c153c9b801be7738c40327d92188ac16a0c33,B04A10CB25B8B62518DEF7694AD24C35EFC78D0A92CFFF64EDD7AF2F7A209377,2A8CB946CB4B30867CB1CB65DE37D6FC6207671833E18C3314307DDE51BA5558,74825A34D99280618EF931995610429154137575315EF22F6C68385FE2AC3515,8fd292b39429b909e8672dce15f251e568b8b44cd66e8a0f186ad4712535d009
50_2_4_1,20260818,100,initial-populations/50_2_4_1/seed-20260818.fourvec,4d9d0fe5ed03fdd18db3cc8513d53b64615d1b8db4a8a835ecb0b92d45bbc254,e49f0918129f94ff741c4418b40b44d17769e6225d04c2dd9ecd368b5a5e0ca9,de77c0ea4ac1a4b27d42f089bdcdf8b21c3a714a8bf377cc59068664be61e89c,B04A10CB25B8B62518DEF7694AD24C35EFC78D0A92CFFF64EDD7AF2F7A209377,2A8CB946CB4B30867CB1CB65DE37D6FC6207671833E18C3314307DDE51BA5558,74825A34D99280618EF931995610429154137575315EF22F6C68385FE2AC3515,8fd292b39429b909e8672dce15f251e568b8b44cd66e8a0f186ad4712535d009
50_2_4_1,20260819,100,initial-populations/50_2_4_1/seed-20260819.fourvec,50eeb2a0c74324e3d2633977a927b94fd09382a522a567b29d0311ddc58ac726,dc8274d85dcea44181f410146635acbe323c69a1986d775833d39ac95b074e01,fa9293a85caea905c100b3d1a86499c3ce917566090057cfdb6e67360d847624,B04A10CB25B8B62518DEF7694AD24C35EFC78D0A92CFFF64EDD7AF2F7A209377,2A8CB946CB4B30867CB1CB65DE37D6FC6207671833E18C3314307DDE51BA5558,74825A34D99280618EF931995610429154137575315EF22F6C68385FE2AC3515,8fd292b39429b909e8672dce15f251e568b8b44cd66e8a0f186ad4712535d009
50_2_4_1,20260820,100,initial-populations/50_2_4_1/seed-20260820.fourvec,64c2223b457b2da179bf6d14062d62a11ba8fe3e2953350a53f5191f41de3077,2fc302e1afa0a46aec52fb83db467574d0ef6885a41a7aa2ffaa1cac3311adfe,aae8bf397f63bd50cd6bfb8a61a9d11cac7955ccd00b95e918e76807f6545dad,B04A10CB25B8B62518DEF7694AD24C35EFC78D0A92CFFF64EDD7AF2F7A209377,2A8CB946CB4B30867CB1CB65DE37D6FC6207671833E18C3314307DDE51BA5558,74825A34D99280618EF931995610429154137575315EF22F6C68385FE2AC3515,8fd292b39429b909e8672dce15f251e568b8b44cd66e8a0f186ad4712535d009
50_2_4_1,20260821,100,initial-populations/50_2_4_1/seed-20260821.fourvec,b55195717d59052f155dde8fe4edc2f97a82b2d60d552eef2486332e6d97d07a,9222651e5a80aca4fe891ea1881073c29033e0c1dd50a44ac9471b62d3a00be2,790caec71fb75570e44e51be382db211e960f1f763945875c93a6b4f4cf12def,B04A10CB25B8B62518DEF7694AD24C35EFC78D0A92CFFF64EDD7AF2F7A209377,2A8CB946CB4B30867CB1CB65DE37D6FC6207671833E18C3314307DDE51BA5558,74825A34D99280618EF931995610429154137575315EF22F6C68385FE2AC3515,8fd292b39429b909e8672dce15f251e568b8b44cd66e8a0f186ad4712535d009
50_2_4_1,20260822,100,initial-populations/50_2_4_1/seed-20260822.fourvec,b9a00168687bad91bcfc110a6bdab8f563a2c84b0b1aa679bcbcee3b55d294ad,9fb56b0a5a11c16d27e0b806c496d017d80e4a476ba68f6c596d52f3ab1ffc8e,1b2153e26e50c6e956531b813155fafbf5479ed0ca6b19894e313637fcf3d9bf,B04A10CB25B8B62518DEF7694AD24C35EFC78D0A92CFFF64EDD7AF2F7A209377,2A8CB946CB4B30867CB1CB65DE37D6FC6207671833E18C3314307DDE51BA5558,74825A34D99280618EF931995610429154137575315EF22F6C68385FE2AC3515,8fd292b39429b909e8672dce15f251e568b8b44cd66e8a0f186ad4712535d009
50_2_4_1,20260823,100,initial-populations/50_2_4_1/seed-20260823.fourvec,eb7e02d326439251dfb4ca1e5af6314926d23cff3d907611909b2ee1cc8fb240,b49dc477fd5565be86c390e9d31b7c124d154a5e270aafb9281c5e37f3bc4d7c,8946806a08178e5ae5b48de64e3d6ef10ed347582f8ce2afa33870f9cff860e2,B04A10CB25B8B62518DEF7694AD24C35EFC78D0A92CFFF64EDD7AF2F7A209377,2A8CB946CB4B30867CB1CB65DE37D6FC6207671833E18C3314307DDE51BA5558,74825A34D99280618EF931995610429154137575315EF22F6C68385FE2AC3515,8fd292b39429b909e8672dce15f251e568b8b44cd66e8a0f186ad4712535d009
50_2_4_1,20260824,100,initial-populations/50_2_4_1/seed-20260824.fourvec,990a6d5e381ae5beb661b240f81fc1980e074d63c619393248e5bc477763cf2c,f428bcbec2767b4a0f2cc53060261ddef7e90df1b2f24e95d73e1abfa04b96f7,6bf3d9b09d5837f1f13039a9d06475fb35ba3d12e4ad3d7c8d0c9a0a3dce5d7d,B04A10CB25B8B62518DEF7694AD24C35EFC78D0A92CFFF64EDD7AF2F7A209377,2A8CB946CB4B30867CB1CB65DE37D6FC6207671833E18C3314307DDE51BA5558,74825A34D99280618EF931995610429154137575315EF22F6C68385FE2AC3515,8fd292b39429b909e8672dce15f251e568b8b44cd66e8a0f186ad4712535d009
50_2_4_1,20260825,100,initial-populations/50_2_4_1/seed-20260825.fourvec,7e117afd9cb42e4dbbaca13672b3cb793b9f6592aa1c924aec9b0e3ff76a50b6,d0ab14c2bbc5f5302bdf91eb5b208e7b4898579601b2cf5e8d641cafc76e58b6,d38f754af2714a023efdb0b390a5e90c1be8a4e7fcb7c958c3d475f1ac94a8a3,B04A10CB25B8B62518DEF7694AD24C35EFC78D0A92CFFF64EDD7AF2F7A209377,2A8CB946CB4B30867CB1CB65DE37D6FC6207671833E18C3314307DDE51BA5558,74825A34D99280618EF931995610429154137575315EF22F6C68385FE2AC3515,8fd292b39429b909e8672dce15f251e568b8b44cd66e8a0f186ad4712535d009
50_2_4_1,20260826,100,initial-populations/50_2_4_1/seed-20260826.fourvec,2ebf5bbb49513cf6f5783a32d62eebfbb89cbcd510a45b3b61c47584ac805264,ae22e3539384c6567aa2f83994f2d9e5fd8f3a1756c3d83dcc80c76790824363,ceb9ebf7965f4f9c425c64595055fc7d01a42587cc19bec1c0ae39b8b2eb4bf8,B04A10CB25B8B62518DEF7694AD24C35EFC78D0A92CFFF64EDD7AF2F7A209377,2A8CB946CB4B30867CB1CB65DE37D6FC6207671833E18C3314307DDE51BA5558,74825A34D99280618EF931995610429154137575315EF22F6C68385FE2AC3515,8fd292b39429b909e8672dce15f251e568b8b44cd66e8a0f186ad4712535d009
50_2_4_1,20260827,100,initial-populations/50_2_4_1/seed-20260827.fourvec,da7c11b30379c3d1be0bcb2c3a6c7a8711368b322211b48169772968b3719966,e31aa28ca4fee20acd8196718eaa121771dd5eec0a10290eb6e1eafc98c42276,c5395fc77d36d1afea658cd145c9c3ce3bc77ae636be05988a5aa74d9d98ceef,B04A10CB25B8B62518DEF7694AD24C35EFC78D0A92CFFF64EDD7AF2F7A209377,2A8CB946CB4B30867CB1CB65DE37D6FC6207671833E18C3314307DDE51BA5558,74825A34D99280618EF931995610429154137575315EF22F6C68385FE2AC3515,8fd292b39429b909e8672dce15f251e568b8b44cd66e8a0f186ad4712535d009
50_2_5_1,20260808,100,initial-populations/50_2_5_1/seed-20260808.fourvec,a4bb0c690fbcba8c5e4d1c53b69110d2c5b0773d52bb34085126588dadd28bc1,ac5409aa5fc1fe25da062b95caa022fa716cbb3544030434c7fe24d807c391d5,bd7a17f5eb076adb05997b44b90078f81b0da53f774059d6c3db17d7561b2265,2916A67E93CDB06F484A05911823717F0E517BBCED25DD07197C9D59D566BCB3,EED7D75E2548281D38F935BF72EC9C4A2FD06AE0BC04655A9FEBF15A50CD388A,55D09443DFE7898762334AB5EB51BFDEE72AB0B7E1A5DBAF4917D6E3CA57DF32,ff2651e2f2a1567a01b13d7ebb5d6e4e2a890508c725bc03aacfab83e5fe313f
50_2_5_1,20260809,100,initial-populations/50_2_5_1/seed-20260809.fourvec,c489f43cc871c1328a50d42f0c7dfef807c023bff513a5da1ca6186a83e1e954,7b5b23c306c18842f6eab468678f0b38624a5af2be3303392d63130ae411e73f,4f503df6d9c4bbbb35251c57b39a427d6e4550b25fdac56da0c529efd3ef6b0b,2916A67E93CDB06F484A05911823717F0E517BBCED25DD07197C9D59D566BCB3,EED7D75E2548281D38F935BF72EC9C4A2FD06AE0BC04655A9FEBF15A50CD388A,55D09443DFE7898762334AB5EB51BFDEE72AB0B7E1A5DBAF4917D6E3CA57DF32,ff2651e2f2a1567a01b13d7ebb5d6e4e2a890508c725bc03aacfab83e5fe313f
50_2_5_1,20260810,100,initial-populations/50_2_5_1/seed-20260810.fourvec,6b18cc07256be215cfd78904c703e145625f24e017970877c9518e06496f852a,dfe953abce785d6726cb72a4f051746509dfc9bf42a7d2f8f8b8695f18709e0a,e9282f9e740f5e2dfd3e49f4489b21940c0775e5f3f3f07769121c2270cea209,2916A67E93CDB06F484A05911823717F0E517BBCED25DD07197C9D59D566BCB3,EED7D75E2548281D38F935BF72EC9C4A2FD06AE0BC04655A9FEBF15A50CD388A,55D09443DFE7898762334AB5EB51BFDEE72AB0B7E1A5DBAF4917D6E3CA57DF32,ff2651e2f2a1567a01b13d7ebb5d6e4e2a890508c725bc03aacfab83e5fe313f
50_2_5_1,20260811,100,initial-populations/50_2_5_1/seed-20260811.fourvec,5112cd349773f3e8bd56e7596c2e7609df87161f95711cd4a2b79e1923fb6b35,6af83b5adcad84743b945bedefb6e4c6949cc008ddeb61ad5151687b6508edbc,c04ce9ab85fff9127b8d9b09fd3ac3d0c3ab86b85468dc8f1b8aa63626560f9b,2916A67E93CDB06F484A05911823717F0E517BBCED25DD07197C9D59D566BCB3,EED7D75E2548281D38F935BF72EC9C4A2FD06AE0BC04655A9FEBF15A50CD388A,55D09443DFE7898762334AB5EB51BFDEE72AB0B7E1A5DBAF4917D6E3CA57DF32,ff2651e2f2a1567a01b13d7ebb5d6e4e2a890508c725bc03aacfab83e5fe313f
50_2_5_1,20260812,100,initial-populations/50_2_5_1/seed-20260812.fourvec,3aad671b4e146c8e3d61a4c857424e393fbcb8a42477327f1845f8464d7321c5,bd4dce5cf5bd1c840eadf6f308a1c6d3149f312c805c8930645e3f55893afaff,3b7b989634d81af283d4cd970f8ed83e0d5eae54931dc2e0edf7ba141169fbab,2916A67E93CDB06F484A05911823717F0E517BBCED25DD07197C9D59D566BCB3,EED7D75E2548281D38F935BF72EC9C4A2FD06AE0BC04655A9FEBF15A50CD388A,55D09443DFE7898762334AB5EB51BFDEE72AB0B7E1A5DBAF4917D6E3CA57DF32,ff2651e2f2a1567a01b13d7ebb5d6e4e2a890508c725bc03aacfab83e5fe313f
50_2_5_1,20260813,100,initial-populations/50_2_5_1/seed-20260813.fourvec,119381701d6007a02a82128f3809b964cbb0d3b2eaf7d3a4f438314ba21a6e09,f3bf7108e2f09eeeb30e83117d8791d4c0d8423718dd3c0275578b47e88e84a3,a34d0e8db91c36a857b72db229690ac8c23f34c2c14877284905ef5db8be64ab,2916A67E93CDB06F484A05911823717F0E517BBCED25DD07197C9D59D566BCB3,EED7D75E2548281D38F935BF72EC9C4A2FD06AE0BC04655A9FEBF15A50CD388A,55D09443DFE7898762334AB5EB51BFDEE72AB0B7E1A5DBAF4917D6E3CA57DF32,ff2651e2f2a1567a01b13d7ebb5d6e4e2a890508c725bc03aacfab83e5fe313f
50_2_5_1,20260814,100,initial-populations/50_2_5_1/seed-20260814.fourvec,251e0ca84d311d8968f2227382d78f8b3731b275097dab59b347a0661b499e3e,82ec532a4dad3cd8db840d19c598b39c0247784d51223c1309cf70bca0f48224,4b2d057d6197d2b894725c81b997257e2ab372576a3d68d8a2a9fcf118e37449,2916A67E93CDB06F484A05911823717F0E517BBCED25DD07197C9D59D566BCB3,EED7D75E2548281D38F935BF72EC9C4A2FD06AE0BC04655A9FEBF15A50CD388A,55D09443DFE7898762334AB5EB51BFDEE72AB0B7E1A5DBAF4917D6E3CA57DF32,ff2651e2f2a1567a01b13d7ebb5d6e4e2a890508c725bc03aacfab83e5fe313f
50_2_5_1,20260815,100,initial-populations/50_2_5_1/seed-20260815.fourvec,ab905922f33940a45b9538c7eb0eb7f3bd046a8fd4a7c9f2487125bd789294c9,523699774a75ab265f0d00524e5dc0d7f099ceead1821d0f1b448bbf47a0ce18,a26fcdde3fd19ecf128505ea2d235ad4dbf645849591fb4dd39de3bc555c6ba5,2916A67E93CDB06F484A05911823717F0E517BBCED25DD07197C9D59D566BCB3,EED7D75E2548281D38F935BF72EC9C4A2FD06AE0BC04655A9FEBF15A50CD388A,55D09443DFE7898762334AB5EB51BFDEE72AB0B7E1A5DBAF4917D6E3CA57DF32,ff2651e2f2a1567a01b13d7ebb5d6e4e2a890508c725bc03aacfab83e5fe313f
50_2_5_1,20260816,100,initial-populations/50_2_5_1/seed-20260816.fourvec,b1723a6ad3568dbd582be8b3f7550d68abbbdd814a85de77ba22cc4ea6c92458,cdbdf9d8dca360495ebc869ebea8764eb6c803be40fbbf6b36c36bedfcff8276,2f449e44b7a713be4830e98d1a79ea83ed6656b13777bac4deb2d57d561cd9f1,2916A67E93CDB06F484A05911823717F0E517BBCED25DD07197C9D59D566BCB3,EED7D75E2548281D38F935BF72EC9C4A2FD06AE0BC04655A9FEBF15A50CD388A,55D09443DFE7898762334AB5EB51BFDEE72AB0B7E1A5DBAF4917D6E3CA57DF32,ff2651e2f2a1567a01b13d7ebb5d6e4e2a890508c725bc03aacfab83e5fe313f
50_2_5_1,20260817,100,initial-populations/50_2_5_1/seed-20260817.fourvec,05a51f86cb0a9927ac8bcc2ad5300335910b381d03599d34cf00ef4a9961ab71,0d1b1fe562d3866b08da79b9f2ff2cf8639b58ea18d8a0d8599d41527af6e457,026a8544ff1e0ebadbc8f036bf64a3319eefc3a8876c9c8f134ec12a61d36292,2916A67E93CDB06F484A05911823717F0E517BBCED25DD07197C9D59D566BCB3,EED7D75E2548281D38F935BF72EC9C4A2FD06AE0BC04655A9FEBF15A50CD388A,55D09443DFE7898762334AB5EB51BFDEE72AB0B7E1A5DBAF4917D6E3CA57DF32,ff2651e2f2a1567a01b13d7ebb5d6e4e2a890508c725bc03aacfab83e5fe313f
50_2_5_1,20260818,100,initial-populations/50_2_5_1/seed-20260818.fourvec,780820a90fa9d9269e4905892a544b502ed4afb19432f524c1a4bb33e161a762,fdabd93bbb86df35254c7ffbdacd6bf1462267cc2731e1a0beef5626f45d51cb,219b67fe48e69d0301ee002246593068abd6c8d8c8be02606fc5b679f034026b,2916A67E93CDB06F484A05911823717F0E517BBCED25DD07197C9D59D566BCB3,EED7D75E2548281D38F935BF72EC9C4A2FD06AE0BC04655A9FEBF15A50CD388A,55D09443DFE7898762334AB5EB51BFDEE72AB0B7E1A5DBAF4917D6E3CA57DF32,ff2651e2f2a1567a01b13d7ebb5d6e4e2a890508c725bc03aacfab83e5fe313f
50_2_5_1,20260819,100,initial-populations/50_2_5_1/seed-20260819.fourvec,4abdc465cfc7d93be1fda7c50d7d33fc40c043c8d491eed40a0b43e09d12b2cc,6de34c69981bf27cb48fdc5a73e22f3bf8d4088c84e0530e68665ecbf5499467,02c9232610017b3da2ba22c350f7c24d88c46a0e967fcf68b0fa86beacb7fdcd,2916A67E93CDB06F484A05911823717F0E517BBCED25DD07197C9D59D566BCB3,EED7D75E2548281D38F935BF72EC9C4A2FD06AE0BC04655A9FEBF15A50CD388A,55D09443DFE7898762334AB5EB51BFDEE72AB0B7E1A5DBAF4917D6E3CA57DF32,ff2651e2f2a1567a01b13d7ebb5d6e4e2a890508c725bc03aacfab83e5fe313f
50_2_5_1,20260820,100,initial-populations/50_2_5_1/seed-20260820.fourvec,1cbb12a6394ec3ba80ddb240efd761ff0589f7e3165ba6724abb2d27da0ed373,9808357c4c12e8813eb9cdf99e4a6711ef223314978fc4654e6ed0077fb4f152,34bf455814ea722628f9195b25102347bcf1adb25ab3d89af4b660fc868466b0,2916A67E93CDB06F484A05911823717F0E517BBCED25DD07197C9D59D566BCB3,EED7D75E2548281D38F935BF72EC9C4A2FD06AE0BC04655A9FEBF15A50CD388A,55D09443DFE7898762334AB5EB51BFDEE72AB0B7E1A5DBAF4917D6E3CA57DF32,ff2651e2f2a1567a01b13d7ebb5d6e4e2a890508c725bc03aacfab83e5fe313f
50_2_5_1,20260821,100,initial-populations/50_2_5_1/seed-20260821.fourvec,54289f54d802090e1c8150d263034213a50784487781e9049cd50c48d8707d48,6a293652bd4017cd7ac62dc1544fbd0a2511aab244b9d797e9da6e4d2e5f173b,25b67eb17a7f602b6c46b60a3aef6f4a10745d6d7abcd6c20dbab897702ab232,2916A67E93CDB06F484A05911823717F0E517BBCED25DD07197C9D59D566BCB3,EED7D75E2548281D38F935BF72EC9C4A2FD06AE0BC04655A9FEBF15A50CD388A,55D09443DFE7898762334AB5EB51BFDEE72AB0B7E1A5DBAF4917D6E3CA57DF32,ff2651e2f2a1567a01b13d7ebb5d6e4e2a890508c725bc03aacfab83e5fe313f
50_2_5_1,20260822,100,initial-populations/50_2_5_1/seed-20260822.fourvec,4d1efb9946550cbc1d91e8d1ddc8f321e9ad518237014184d69861edcb64c6b4,78d95e699277bc23074875b43b06370f77c40b4b3eb1337afd97db07f000828f,3d8108a4dc98b4ad908c80700b0100c48048b424c1ac2d32ae0af9dd4516e9bd,2916A67E93CDB06F484A05911823717F0E517BBCED25DD07197C9D59D566BCB3,EED7D75E2548281D38F935BF72EC9C4A2FD06AE0BC04655A9FEBF15A50CD388A,55D09443DFE7898762334AB5EB51BFDEE72AB0B7E1A5DBAF4917D6E3CA57DF32,ff2651e2f2a1567a01b13d7ebb5d6e4e2a890508c725bc03aacfab83e5fe313f
50_2_5_1,20260823,100,initial-populations/50_2_5_1/seed-20260823.fourvec,d62ac6a5e2e06b9553a8ac4c77b6192de2c22dd01804bfaba48ba3734a44a5c0,8a895391fd5b8d83a39438c460d760eca52a5b33390e5b2742ea3337b10509bb,7f6f1f7fdceaec362af36f984b4b8c7fb81a2f6131b39e95af6575fc8c387f3f,2916A67E93CDB06F484A05911823717F0E517BBCED25DD07197C9D59D566BCB3,EED7D75E2548281D38F935BF72EC9C4A2FD06AE0BC04655A9FEBF15A50CD388A,55D09443DFE7898762334AB5EB51BFDEE72AB0B7E1A5DBAF4917D6E3CA57DF32,ff2651e2f2a1567a01b13d7ebb5d6e4e2a890508c725bc03aacfab83e5fe313f
50_2_5_1,20260824,100,initial-populations/50_2_5_1/seed-20260824.fourvec,310c98a142723b6865a729a99cd644ab12868fe8b805c1f472086ee8074b0708,45d9e9f134306728433bf88f63de16ab13740614dccdcb85047444148a29f5bf,af290f81c936c328d1f0c16dd59f1d515eb9eb932fd8e2985f2c81729179b701,2916A67E93CDB06F484A05911823717F0E517BBCED25DD07197C9D59D566BCB3,EED7D75E2548281D38F935BF72EC9C4A2FD06AE0BC04655A9FEBF15A50CD388A,55D09443DFE7898762334AB5EB51BFDEE72AB0B7E1A5DBAF4917D6E3CA57DF32,ff2651e2f2a1567a01b13d7ebb5d6e4e2a890508c725bc03aacfab83e5fe313f
50_2_5_1,20260825,100,initial-populations/50_2_5_1/seed-20260825.fourvec,ece5900941777538f6535ee15a7e637ce5ec9b7b5dbeeadc632cde3fd31e6db3,0509dcefa6753691a19ca56580c853fffca00c43a46746520164f9a0c5e4ded8,9ec56d1f8308d75a68bfd37dd389062b2ca1ec66f87b1e3a3109b1a59a3d443c,2916A67E93CDB06F484A05911823717F0E517BBCED25DD07197C9D59D566BCB3,EED7D75E2548281D38F935BF72EC9C4A2FD06AE0BC04655A9FEBF15A50CD388A,55D09443DFE7898762334AB5EB51BFDEE72AB0B7E1A5DBAF4917D6E3CA57DF32,ff2651e2f2a1567a01b13d7ebb5d6e4e2a890508c725bc03aacfab83e5fe313f
50_2_5_1,20260826,100,initial-populations/50_2_5_1/seed-20260826.fourvec,1cec56e247d6a6262b6991c78d41c22add7cbbb712f1bf7c3d167b8294100bae,8341a7617c777652310a5ce61415da97591442fded7c679418fe77f48a9f579f,0a1b8b5acb3aa3a6bc651c19ebfaacc2f5a03bf092dd6f7ad80ab1af2c764aea,2916A67E93CDB06F484A05911823717F0E517BBCED25DD07197C9D59D566BCB3,EED7D75E2548281D38F935BF72EC9C4A2FD06AE0BC04655A9FEBF15A50CD388A,55D09443DFE7898762334AB5EB51BFDEE72AB0B7E1A5DBAF4917D6E3CA57DF32,ff2651e2f2a1567a01b13d7ebb5d6e4e2a890508c725bc03aacfab83e5fe313f
50_2_5_1,20260827,100,initial-populations/50_2_5_1/seed-20260827.fourvec,83e1914cdce4d7844aa8670c8de855dc64e9ae86e6cdba6261f525c334479b61,db4463f31029ce41506105f3dbc2b42a17c8db67fd695a7abc4b4fe4a0a7defe,d5fb56c820c4afe7847662d3faf4623e13b6f2a592a1f5c7d374c4ea8bba7c68,2916A67E93CDB06F484A05911823717F0E517BBCED25DD07197C9D59D566BCB3,EED7D75E2548281D38F935BF72EC9C4A2FD06AE0BC04655A9FEBF15A50CD388A,55D09443DFE7898762334AB5EB51BFDEE72AB0B7E1A5DBAF4917D6E3CA57DF32,ff2651e2f2a1567a01b13d7ebb5d6e4e2a890508c725bc03aacfab83e5fe313f
50_5_3_1,20260808,100,initial-populations/50_5_3_1/seed-20260808.fourvec,7a15581a98c05b425fc45b44cbc17ff61726887220dfcee16bec26418f3dd681,0b3fb7da61130867c1ce00679cd69531a22987df0e3400b0574a7111898cc6f4,cbbdd18a6e95c5556471dcb3f3648fc222163f6ea4508742e29cce4d485390f4,D4A4444514EF1F294A27794B9D91C81926B40DCC705B90E6FBF606F2FFC5F573,C4C29E218240213337F362FD76D3C2809348978739A1D0A44D87508B4788AF63,0FE43D83BE3047A595576430C2F90452988239531247F584A260D2D0B727D766,8fa1ee94a87ab646fff55c14b5cef81fe114654c384ba67d49320d59d8b73b91
50_5_3_1,20260809,100,initial-populations/50_5_3_1/seed-20260809.fourvec,96371f42082df04f7666793a50d2112ac85c7cf225f25e7c68dcf75e8c07c8a8,37542e4e50ac2664010758620009a52af3e9c539f3cbdf245640d0d68cca8706,2898376ef24bd207aa8ea52cff8cca06e06f74395eda4ad3f927277b793d26c8,D4A4444514EF1F294A27794B9D91C81926B40DCC705B90E6FBF606F2FFC5F573,C4C29E218240213337F362FD76D3C2809348978739A1D0A44D87508B4788AF63,0FE43D83BE3047A595576430C2F90452988239531247F584A260D2D0B727D766,8fa1ee94a87ab646fff55c14b5cef81fe114654c384ba67d49320d59d8b73b91
50_5_3_1,20260810,100,initial-populations/50_5_3_1/seed-20260810.fourvec,e54b0e2d28c272068c23e057c33a353844445663aeaa36c2dfca65715754ee4d,e1fb3fc73f7fa78d592ebffe584d8104f963e3d12bb869197cfa364a0c690ebd,6b8dd204837440bc70fd374ffb151a093468c6a813bd40ac3058464df1ce32e9,D4A4444514EF1F294A27794B9D91C81926B40DCC705B90E6FBF606F2FFC5F573,C4C29E218240213337F362FD76D3C2809348978739A1D0A44D87508B4788AF63,0FE43D83BE3047A595576430C2F90452988239531247F584A260D2D0B727D766,8fa1ee94a87ab646fff55c14b5cef81fe114654c384ba67d49320d59d8b73b91
50_5_3_1,20260811,100,initial-populations/50_5_3_1/seed-20260811.fourvec,c73612f251bf67fe11be318d896718bdb4b92fbb3f962d71f07d980e1ea22f02,c4262d3a7bb72f8c5b85df2318d439bcb970136a0e91ddab89cab8d51a87935b,6825ff2720035f843472787fa78d5a7edb2276bec5151889665b08fc6b4689c2,D4A4444514EF1F294A27794B9D91C81926B40DCC705B90E6FBF606F2FFC5F573,C4C29E218240213337F362FD76D3C2809348978739A1D0A44D87508B4788AF63,0FE43D83BE3047A595576430C2F90452988239531247F584A260D2D0B727D766,8fa1ee94a87ab646fff55c14b5cef81fe114654c384ba67d49320d59d8b73b91
50_5_3_1,20260812,100,initial-populations/50_5_3_1/seed-20260812.fourvec,9e95dc75eee482a6f80998cfea347ef56efaaaa922d43c54bdc0dbbf004e6b0a,cb30de3e13dfbf2a381d798717076983b5f8c34fe8741e4dbfba9a2263a86653,a25fe818c4f706637075c8690d31868ed2e54297d9b2824138a2eb291ab247f5,D4A4444514EF1F294A27794B9D91C81926B40DCC705B90E6FBF606F2FFC5F573,C4C29E218240213337F362FD76D3C2809348978739A1D0A44D87508B4788AF63,0FE43D83BE3047A595576430C2F90452988239531247F584A260D2D0B727D766,8fa1ee94a87ab646fff55c14b5cef81fe114654c384ba67d49320d59d8b73b91
50_5_3_1,20260813,100,initial-populations/50_5_3_1/seed-20260813.fourvec,e45f24e2bfdd0d78ca3ea3040d2751e435d3eebdc9e3cc4c82e1653ee85173a5,4416260445bb2b9bf232a417f160f10d4e8e2a89e1f31e7c7ebdfd814a19ca82,0c9e8fbcc3faa6da92982c9075b503a9dd99833968a15fc30c3e61da3756253c,D4A4444514EF1F294A27794B9D91C81926B40DCC705B90E6FBF606F2FFC5F573,C4C29E218240213337F362FD76D3C2809348978739A1D0A44D87508B4788AF63,0FE43D83BE3047A595576430C2F90452988239531247F584A260D2D0B727D766,8fa1ee94a87ab646fff55c14b5cef81fe114654c384ba67d49320d59d8b73b91
50_5_3_1,20260814,100,initial-populations/50_5_3_1/seed-20260814.fourvec,267c7e7b3011394cefa64be3d0cbf6fce23db4f6f361736ce8c005c3f6bcedb6,d3b8ba786c649e98d07c08ecab22b641365b7a4ac666fd3312bc0c48615980e8,35a9fbcdf5a04f974d3c89a50b2b4f9f33279085d608d9a37ca678f8400adb1d,D4A4444514EF1F294A27794B9D91C81926B40DCC705B90E6FBF606F2FFC5F573,C4C29E218240213337F362FD76D3C2809348978739A1D0A44D87508B4788AF63,0FE43D83BE3047A595576430C2F90452988239531247F584A260D2D0B727D766,8fa1ee94a87ab646fff55c14b5cef81fe114654c384ba67d49320d59d8b73b91
50_5_3_1,20260815,100,initial-populations/50_5_3_1/seed-20260815.fourvec,b0b416b1aae0f4d7dd207c39ccb369de81628bf34ed0d25303057f69eed833d4,41695b5b465db37b295d18249b6737f6c3397123217025f5c49c1a331556a0c8,9d653cf1f43d6fb2bdee148fed07014a9e880f5b6f4f551dabfed2e842501864,D4A4444514EF1F294A27794B9D91C81926B40DCC705B90E6FBF606F2FFC5F573,C4C29E218240213337F362FD76D3C2809348978739A1D0A44D87508B4788AF63,0FE43D83BE3047A595576430C2F90452988239531247F584A260D2D0B727D766,8fa1ee94a87ab646fff55c14b5cef81fe114654c384ba67d49320d59d8b73b91
50_5_3_1,20260816,100,initial-populations/50_5_3_1/seed-20260816.fourvec,7b1d15d23eae867d57f53fac08adfd3d1d7b8ba88a5ad2d8f163631dde9db74f,34846f1c7c361652b32b6efd8c39578eb651490c47ce8a31062be6ee058f934e,27628045713f0b99d48e2e8a7b7c8ddf0395950e4446a45c311e504ef6d1c534,D4A4444514EF1F294A27794B9D91C81926B40DCC705B90E6FBF606F2FFC5F573,C4C29E218240213337F362FD76D3C2809348978739A1D0A44D87508B4788AF63,0FE43D83BE3047A595576430C2F90452988239531247F584A260D2D0B727D766,8fa1ee94a87ab646fff55c14b5cef81fe114654c384ba67d49320d59d8b73b91
50_5_3_1,20260817,100,initial-populations/50_5_3_1/seed-20260817.fourvec,29ffc0191f99775e36b280eea5118bc586b7e6ba9269f7b61abd1fbd07d572f1,17fd7d083133408322c8efb313fac35b8a894012f0d20f551b32cdf0ea3a6989,cec3192f8882ec6666a05b9b969d7d75408185967dd2180bef47ff43b8632173,D4A4444514EF1F294A27794B9D91C81926B40DCC705B90E6FBF606F2FFC5F573,C4C29E218240213337F362FD76D3C2809348978739A1D0A44D87508B4788AF63,0FE43D83BE3047A595576430C2F90452988239531247F584A260D2D0B727D766,8fa1ee94a87ab646fff55c14b5cef81fe114654c384ba67d49320d59d8b73b91
50_5_3_1,20260818,100,initial-populations/50_5_3_1/seed-20260818.fourvec,d8e9a9b6197fde1bc617924cbbed10c3d79b7f80af83fbc0413fde8799da0c2c,80f68a07b3e16dcb9fc1a528c92b9a2d4cac2ea0de3d023462eec491a1fb2e09,9228c321e7bc3c4ae1de62b1df337b713dd7134e087bf117f6d51eaf96be6475,D4A4444514EF1F294A27794B9D91C81926B40DCC705B90E6FBF606F2FFC5F573,C4C29E218240213337F362FD76D3C2809348978739A1D0A44D87508B4788AF63,0FE43D83BE3047A595576430C2F90452988239531247F584A260D2D0B727D766,8fa1ee94a87ab646fff55c14b5cef81fe114654c384ba67d49320d59d8b73b91
50_5_3_1,20260819,100,initial-populations/50_5_3_1/seed-20260819.fourvec,c0f5140b18c98996eead61c6ea298486f14be762764b889f2669ad7a00175c61,271334c84d8436ded2801143549044fd65f0d1bb879b1f72a6d386d7a904484d,983d440ab38f7fbf7cd7e989ce43ae917248897595414a15ded47b672b2eb3e5,D4A4444514EF1F294A27794B9D91C81926B40DCC705B90E6FBF606F2FFC5F573,C4C29E218240213337F362FD76D3C2809348978739A1D0A44D87508B4788AF63,0FE43D83BE3047A595576430C2F90452988239531247F584A260D2D0B727D766,8fa1ee94a87ab646fff55c14b5cef81fe114654c384ba67d49320d59d8b73b91
50_5_3_1,20260820,100,initial-populations/50_5_3_1/seed-20260820.fourvec,be734b51e05f3e1fab2b499191c26da9a61140b8f5e8813b60e066f8e52e7aea,5beb94f46f482cff720533fbd41f0eabf96f188968d239e3a94383383686d446,6bf04f41ed6ae055c3e8f3ca9cfc5ecb366cdb781e5778361215608f86d496a4,D4A4444514EF1F294A27794B9D91C81926B40DCC705B90E6FBF606F2FFC5F573,C4C29E218240213337F362FD76D3C2809348978739A1D0A44D87508B4788AF63,0FE43D83BE3047A595576430C2F90452988239531247F584A260D2D0B727D766,8fa1ee94a87ab646fff55c14b5cef81fe114654c384ba67d49320d59d8b73b91
50_5_3_1,20260821,100,initial-populations/50_5_3_1/seed-20260821.fourvec,932d8075302443867c3baf3fbf931501f2e9d409b2414b74e8330e439336ef03,4a84c413497d1c79febb6829487c2daf2cbce54f44aac7469d9b95f6ee20a3cf,bd817b770fdcb4d5a0e53783563bc88c69ebbc0f49e6a871b80b81a6ccd85e3c,D4A4444514EF1F294A27794B9D91C81926B40DCC705B90E6FBF606F2FFC5F573,C4C29E218240213337F362FD76D3C2809348978739A1D0A44D87508B4788AF63,0FE43D83BE3047A595576430C2F90452988239531247F584A260D2D0B727D766,8fa1ee94a87ab646fff55c14b5cef81fe114654c384ba67d49320d59d8b73b91
50_5_3_1,20260822,100,initial-populations/50_5_3_1/seed-20260822.fourvec,da8cadad27ca1171af811be1aafa3bd8b0ce50cc149f703eda7ee1a9de7e497b,d61dae6159d09203d7f1e393522df3be9902a43318792802e186d53c88a50683,4d814bd9c05d98021efd0b8c7e6fce52217d61da28c4acd559b58887e2241e36,D4A4444514EF1F294A27794B9D91C81926B40DCC705B90E6FBF606F2FFC5F573,C4C29E218240213337F362FD76D3C2809348978739A1D0A44D87508B4788AF63,0FE43D83BE3047A595576430C2F90452988239531247F584A260D2D0B727D766,8fa1ee94a87ab646fff55c14b5cef81fe114654c384ba67d49320d59d8b73b91
50_5_3_1,20260823,100,initial-populations/50_5_3_1/seed-20260823.fourvec,6b3a5b8d54c425ac42ea9bde0ac6025aa99232ef2c250800daa8e6951a429ca3,3d10808cb63d6128d97e522658b413c47b7753ddbfa4038498123e99bfbc742e,44284e2ebeb141747d2d59faf6f0056757d222bbf5abf31590e3cc2d1d940902,D4A4444514EF1F294A27794B9D91C81926B40DCC705B90E6FBF606F2FFC5F573,C4C29E218240213337F362FD76D3C2809348978739A1D0A44D87508B4788AF63,0FE43D83BE3047A595576430C2F90452988239531247F584A260D2D0B727D766,8fa1ee94a87ab646fff55c14b5cef81fe114654c384ba67d49320d59d8b73b91
50_5_3_1,20260824,100,initial-populations/50_5_3_1/seed-20260824.fourvec,a48382be9c36f6a5d9b3251f595246716b08307b62801137e243b468c00bf4f3,af2307a22ddd92c77a610f8f23577dc025abc92aaea8132c6f1ae6459fb1e786,8ebf7df330db125852a2e064dd6694d1ee08b0f831f0b4bef9aa90910e2a2c90,D4A4444514EF1F294A27794B9D91C81926B40DCC705B90E6FBF606F2FFC5F573,C4C29E218240213337F362FD76D3C2809348978739A1D0A44D87508B4788AF63,0FE43D83BE3047A595576430C2F90452988239531247F584A260D2D0B727D766,8fa1ee94a87ab646fff55c14b5cef81fe114654c384ba67d49320d59d8b73b91
50_5_3_1,20260825,100,initial-populations/50_5_3_1/seed-20260825.fourvec,2a226e2afdd037f87a5e662d95f58d21e4cbd9a6ca7db8ff56f724bc629814b0,b3388025d5660f4285cc126eec9360155224b619f0f2b13b0c2565955a8f7576,4a6ded17d9007b1f4d5b89f5d5b9aeb45b83c69ad1316125ba5a4468a7d00aa4,D4A4444514EF1F294A27794B9D91C81926B40DCC705B90E6FBF606F2FFC5F573,C4C29E218240213337F362FD76D3C2809348978739A1D0A44D87508B4788AF63,0FE43D83BE3047A595576430C2F90452988239531247F584A260D2D0B727D766,8fa1ee94a87ab646fff55c14b5cef81fe114654c384ba67d49320d59d8b73b91
50_5_3_1,20260826,100,initial-populations/50_5_3_1/seed-20260826.fourvec,91c77ea2f29a2eebc09afe8f1b73dac1bb8975e9ce3200a3dd01f9518323b3cd,0207ec6f27f9cc6177215eaa063945158593c757ff43907aa2910e8ad3df5b4e,98f7996524861849c31d8397b8c7d10c8c76b1a1a578c305d9bcab1b726fb4de,D4A4444514EF1F294A27794B9D91C81926B40DCC705B90E6FBF606F2FFC5F573,C4C29E218240213337F362FD76D3C2809348978739A1D0A44D87508B4788AF63,0FE43D83BE3047A595576430C2F90452988239531247F584A260D2D0B727D766,8fa1ee94a87ab646fff55c14b5cef81fe114654c384ba67d49320d59d8b73b91
50_5_3_1,20260827,100,initial-populations/50_5_3_1/seed-20260827.fourvec,0390778bc1c499d42fe6c7f79a3946b18149809bdb3e33df1c6ea86e0fd529d6,d437b5a580ccbaf1cd57228b5a108bb000aeafab2b0e4662bd5116a6e2b7a501,34f410842b8cd92ead7cd80875f0f26deaf7fff8107663f5385d6a7a267c5a42,D4A4444514EF1F294A27794B9D91C81926B40DCC705B90E6FBF606F2FFC5F573,C4C29E218240213337F362FD76D3C2809348978739A1D0A44D87508B4788AF63,0FE43D83BE3047A595576430C2F90452988239531247F584A260D2D0B727D766,8fa1ee94a87ab646fff55c14b5cef81fe114654c384ba67d49320d59d8b73b91
50_5_4_1,20260808,100,initial-populations/50_5_4_1/seed-20260808.fourvec,5633af59cc2f8296817b808aa35ef3763ded89c6ceeeb161e0773dc193c1bef5,d22d3ac82cecc6a9c7be11393ae9969f60973cf275173b719ed0e06a8b0da132,610226876cb5e27beee69784fc818c0e538ddfd1d10e9956797b904a3a3a0f15,731200518FC4B994728B06BCA194A54DE01B3EEA154D3642C3DF5A29FC50371F,A96FD29F29D64CEAFE3B10350DD2CEB418E080776FBF035C853E4E4B398A2B6F,02D6BAC0309091AC738A3094C916666B0F668FA870115C777B9F1E5DCD336213,693135955e5af9449f2180ca396338794a1f4341f12c74d1c21861927c876b97
50_5_4_1,20260809,100,initial-populations/50_5_4_1/seed-20260809.fourvec,18038391a02d34866cdf09deccc10f3c96ef9c3e5d86a94ed58a2da38bc02880,44e03b249bdc6813952dcdc65ebbe412f0465301cbd3e9d5f2b26ed5222b3f8d,b6901cd6f72089c3791bd7b734bfd5b0c7a51bf9b19d94cc5100a79dcf98564a,731200518FC4B994728B06BCA194A54DE01B3EEA154D3642C3DF5A29FC50371F,A96FD29F29D64CEAFE3B10350DD2CEB418E080776FBF035C853E4E4B398A2B6F,02D6BAC0309091AC738A3094C916666B0F668FA870115C777B9F1E5DCD336213,693135955e5af9449f2180ca396338794a1f4341f12c74d1c21861927c876b97
50_5_4_1,20260810,100,initial-populations/50_5_4_1/seed-20260810.fourvec,6f567a20460e47fb2b19cd625f91fe648da796d60496f12d16d743914e056d21,c2d5166dae2d7f87eb58fda344d28bdf7536e943fd600e0ae7b71ec3ace1c7ea,bc8fd3073c378cec2f3127cf190e4fe6c31f07358395e1d7b40c5e242691ce47,731200518FC4B994728B06BCA194A54DE01B3EEA154D3642C3DF5A29FC50371F,A96FD29F29D64CEAFE3B10350DD2CEB418E080776FBF035C853E4E4B398A2B6F,02D6BAC0309091AC738A3094C916666B0F668FA870115C777B9F1E5DCD336213,693135955e5af9449f2180ca396338794a1f4341f12c74d1c21861927c876b97
50_5_4_1,20260811,100,initial-populations/50_5_4_1/seed-20260811.fourvec,30c9d3fddc12e7151fd7a8f7b4bf557000867793330d1fbc8f6739d798257238,66eec4043ae04e93b1c508658e71362192a9e1350819107f0ff31ac929543c4e,49546711eed2217b628490613312f9da24ae5dd38371df58ad78127e52f0824a,731200518FC4B994728B06BCA194A54DE01B3EEA154D3642C3DF5A29FC50371F,A96FD29F29D64CEAFE3B10350DD2CEB418E080776FBF035C853E4E4B398A2B6F,02D6BAC0309091AC738A3094C916666B0F668FA870115C777B9F1E5DCD336213,693135955e5af9449f2180ca396338794a1f4341f12c74d1c21861927c876b97
50_5_4_1,20260812,100,initial-populations/50_5_4_1/seed-20260812.fourvec,ab7d3b3a6710a2eaa1c02076c3787b6a3a4f64c7feb1107a503acbc87b90863b,01cd5328592c74f562c6423ee8433776ca112b8e0747fd95c79c9ecadfd86caa,d41c44498e71e25e64ff9efc9b1214f40c982a5d5d4d10b0c0c144e796e714f3,731200518FC4B994728B06BCA194A54DE01B3EEA154D3642C3DF5A29FC50371F,A96FD29F29D64CEAFE3B10350DD2CEB418E080776FBF035C853E4E4B398A2B6F,02D6BAC0309091AC738A3094C916666B0F668FA870115C777B9F1E5DCD336213,693135955e5af9449f2180ca396338794a1f4341f12c74d1c21861927c876b97
50_5_4_1,20260813,100,initial-populations/50_5_4_1/seed-20260813.fourvec,3437131c5df645933999166179e31ebc9f31dc01d1e6c690dec3969823a4adb9,bcecc31c08d058ccc5f2c38853d2d3c0c9a1a389babd7cf715e97ae30ed6a7fd,93ac4ff2959e19496221ce0ef573be9512fe91c322a52e82041e2acd44af59f6,731200518FC4B994728B06BCA194A54DE01B3EEA154D3642C3DF5A29FC50371F,A96FD29F29D64CEAFE3B10350DD2CEB418E080776FBF035C853E4E4B398A2B6F,02D6BAC0309091AC738A3094C916666B0F668FA870115C777B9F1E5DCD336213,693135955e5af9449f2180ca396338794a1f4341f12c74d1c21861927c876b97
50_5_4_1,20260814,100,initial-populations/50_5_4_1/seed-20260814.fourvec,8b09d8ab0a94c2b8daa458172afa430fd16dc1ab6bbc97ed6694921f6b486bb0,5975a0093c4799d8348202681b98e009c0bbae77bf63e38efe8b350cf382a47a,c79809b5aee86b09039578ebfd7a6175c892aeb24e286d769e29b173805d2a4f,731200518FC4B994728B06BCA194A54DE01B3EEA154D3642C3DF5A29FC50371F,A96FD29F29D64CEAFE3B10350DD2CEB418E080776FBF035C853E4E4B398A2B6F,02D6BAC0309091AC738A3094C916666B0F668FA870115C777B9F1E5DCD336213,693135955e5af9449f2180ca396338794a1f4341f12c74d1c21861927c876b97
50_5_4_1,20260815,100,initial-populations/50_5_4_1/seed-20260815.fourvec,615e26e966e8d46b42ce265ef5e45600d8b2a4354c120ef4ef2d5b7778c1acda,bddad7f5fc61136193ec06c274032a3a1beec32336ce1c925291e9f3ef0d0605,047496b0de7b711d71a2ae473e987b4849109a01317f7ba522245ba15ee44eaf,731200518FC4B994728B06BCA194A54DE01B3EEA154D3642C3DF5A29FC50371F,A96FD29F29D64CEAFE3B10350DD2CEB418E080776FBF035C853E4E4B398A2B6F,02D6BAC0309091AC738A3094C916666B0F668FA870115C777B9F1E5DCD336213,693135955e5af9449f2180ca396338794a1f4341f12c74d1c21861927c876b97
50_5_4_1,20260816,100,initial-populations/50_5_4_1/seed-20260816.fourvec,532340173849aee7949f61d78dc8e52b2abab2f6b927433b49707018c474b670,0fc1d1b1238d7ed2c8d2c3acd409b6d13c9ef30bef640b7019a57adda00d2794,2008e9887a935117aecc40f40f55148e10fbff68c55958ba092c3e30e3e77842,731200518FC4B994728B06BCA194A54DE01B3EEA154D3642C3DF5A29FC50371F,A96FD29F29D64CEAFE3B10350DD2CEB418E080776FBF035C853E4E4B398A2B6F,02D6BAC0309091AC738A3094C916666B0F668FA870115C777B9F1E5DCD336213,693135955e5af9449f2180ca396338794a1f4341f12c74d1c21861927c876b97
50_5_4_1,20260817,100,initial-populations/50_5_4_1/seed-20260817.fourvec,357bf1658c64c4ca03d3df21bfae5d513aec6aab8b3cbbf26aa0bfa9acf6d1b9,86f4fdc7e6f8b8ba63235c58245de05858f7c59428ddcc4881b93ba90c8e3c03,615bbfc6356f671fb92a82eabf9df973d82d849398240abc03f3f9724f616eda,731200518FC4B994728B06BCA194A54DE01B3EEA154D3642C3DF5A29FC50371F,A96FD29F29D64CEAFE3B10350DD2CEB418E080776FBF035C853E4E4B398A2B6F,02D6BAC0309091AC738A3094C916666B0F668FA870115C777B9F1E5DCD336213,693135955e5af9449f2180ca396338794a1f4341f12c74d1c21861927c876b97
50_5_4_1,20260818,100,initial-populations/50_5_4_1/seed-20260818.fourvec,d5ff9b29ae6a5397532212da29f332054afaeb847ed730c65d5c967476c4e0d3,35d489edc5df8f74a36027198645de40e944786af3e9870d1a31d02590999be1,52fbfa1ba9adbeda285b80da8ad005fb67d57fb32b7144dcec34358f1963047a,731200518FC4B994728B06BCA194A54DE01B3EEA154D3642C3DF5A29FC50371F,A96FD29F29D64CEAFE3B10350DD2CEB418E080776FBF035C853E4E4B398A2B6F,02D6BAC0309091AC738A3094C916666B0F668FA870115C777B9F1E5DCD336213,693135955e5af9449f2180ca396338794a1f4341f12c74d1c21861927c876b97
50_5_4_1,20260819,100,initial-populations/50_5_4_1/seed-20260819.fourvec,6b5323730288ed7f01f149e0d8336f805f38aa52b7071b1e573d6d7928cddef5,eca698108ee703732376f7dd7c0e5b58a14fcf0254878be33cce2e60b121b2bf,505edf26c036362a5d1fe42020f3f3ee7507dda7376f39285ba63b7ac4a67a2a,731200518FC4B994728B06BCA194A54DE01B3EEA154D3642C3DF5A29FC50371F,A96FD29F29D64CEAFE3B10350DD2CEB418E080776FBF035C853E4E4B398A2B6F,02D6BAC0309091AC738A3094C916666B0F668FA870115C777B9F1E5DCD336213,693135955e5af9449f2180ca396338794a1f4341f12c74d1c21861927c876b97
50_5_4_1,20260820,100,initial-populations/50_5_4_1/seed-20260820.fourvec,4dae5f03ee3dba544bdca132371b0e40bf7dda9fd49fd3e1f54b1fdda0955b1b,7320506e6afa32064b8915efbd64210f8407784ab5fb196dd0441ca2cce9daa3,3a9dc342dd6333f103bc5214f4ead85212bf740d5bbc208c66a70265d0e061ab,731200518FC4B994728B06BCA194A54DE01B3EEA154D3642C3DF5A29FC50371F,A96FD29F29D64CEAFE3B10350DD2CEB418E080776FBF035C853E4E4B398A2B6F,02D6BAC0309091AC738A3094C916666B0F668FA870115C777B9F1E5DCD336213,693135955e5af9449f2180ca396338794a1f4341f12c74d1c21861927c876b97
50_5_4_1,20260821,100,initial-populations/50_5_4_1/seed-20260821.fourvec,4ee997f8d476c5009290f8904268c67b8a36962acd9450305d3aff3cdf2824f1,4eade6289635087d4e9c6046ddb35656729bf99e5201951ea5cf2bee532b1b3e,699a622aa8fcf0896f01b97a8a48ef4f6254a33e6f5528af771413aad31d1a63,731200518FC4B994728B06BCA194A54DE01B3EEA154D3642C3DF5A29FC50371F,A96FD29F29D64CEAFE3B10350DD2CEB418E080776FBF035C853E4E4B398A2B6F,02D6BAC0309091AC738A3094C916666B0F668FA870115C777B9F1E5DCD336213,693135955e5af9449f2180ca396338794a1f4341f12c74d1c21861927c876b97
50_5_4_1,20260822,100,initial-populations/50_5_4_1/seed-20260822.fourvec,b1e37b24fe1bf905a3c986b54d37d83f41df2454c458b05416bfc1601f85123f,694719e3c6aa01898443a5a1313377e7ce2286ae7a21e9d400a95a72c738b9d6,6f2c7aff2260abdb06c52b9bf61aa959d29ce865081518fa9515d136eaabf751,731200518FC4B994728B06BCA194A54DE01B3EEA154D3642C3DF5A29FC50371F,A96FD29F29D64CEAFE3B10350DD2CEB418E080776FBF035C853E4E4B398A2B6F,02D6BAC0309091AC738A3094C916666B0F668FA870115C777B9F1E5DCD336213,693135955e5af9449f2180ca396338794a1f4341f12c74d1c21861927c876b97
50_5_4_1,20260823,100,initial-populations/50_5_4_1/seed-20260823.fourvec,fbb9c3b1854db4d17398505e6ed7294961a24727dd2030685f2206e582652146,5fae9cf12b0f7ef34cfadaa4195ae2714356d93190ee862ec6eac046c18ffd94,afb2ae13809fe0a947f31d49875da86e42d93bce75689caeb4778ff622613aa8,731200518FC4B994728B06BCA194A54DE01B3EEA154D3642C3DF5A29FC50371F,A96FD29F29D64CEAFE3B10350DD2CEB418E080776FBF035C853E4E4B398A2B6F,02D6BAC0309091AC738A3094C916666B0F668FA870115C777B9F1E5DCD336213,693135955e5af9449f2180ca396338794a1f4341f12c74d1c21861927c876b97
50_5_4_1,20260824,100,initial-populations/50_5_4_1/seed-20260824.fourvec,1d625697ea3cbd7f80a22649cb81832f4163522f54e82ebf292dfde7045a224c,f0a18a7d805aaae9c9c4060476ae1464ed1204fbba42000abaad868457ce7e80,547708b3788e929e0e776801798004174f2939d382ba0ee4e326951500f9fde1,731200518FC4B994728B06BCA194A54DE01B3EEA154D3642C3DF5A29FC50371F,A96FD29F29D64CEAFE3B10350DD2CEB418E080776FBF035C853E4E4B398A2B6F,02D6BAC0309091AC738A3094C916666B0F668FA870115C777B9F1E5DCD336213,693135955e5af9449f2180ca396338794a1f4341f12c74d1c21861927c876b97
50_5_4_1,20260825,100,initial-populations/50_5_4_1/seed-20260825.fourvec,a474be922ee09397936e1579923b0859892531b5eb38d4628b445c31ca3b7f3f,c34007b1a7b70e071fc4e6b631749f074ea94bac842a635b795444208bb08023,b851bf8a949e64c6aaf3e1e059bfa6301b1697a676f9dbac8668b73efcba62ae,731200518FC4B994728B06BCA194A54DE01B3EEA154D3642C3DF5A29FC50371F,A96FD29F29D64CEAFE3B10350DD2CEB418E080776FBF035C853E4E4B398A2B6F,02D6BAC0309091AC738A3094C916666B0F668FA870115C777B9F1E5DCD336213,693135955e5af9449f2180ca396338794a1f4341f12c74d1c21861927c876b97
50_5_4_1,20260826,100,initial-populations/50_5_4_1/seed-20260826.fourvec,1a802110d7443efe5434ed588e28e50d117310cecf26bb5ac655c320f9575b0c,0aa45d6c4327c7cc5fdbd46b1ec36a45a71ac2a90fc78559c40e2366eee1475c,fdb7febd888e840129b7648e9b786203fc5eb78379f3dc3ed08d813746bb75be,731200518FC4B994728B06BCA194A54DE01B3EEA154D3642C3DF5A29FC50371F,A96FD29F29D64CEAFE3B10350DD2CEB418E080776FBF035C853E4E4B398A2B6F,02D6BAC0309091AC738A3094C916666B0F668FA870115C777B9F1E5DCD336213,693135955e5af9449f2180ca396338794a1f4341f12c74d1c21861927c876b97
50_5_4_1,20260827,100,initial-populations/50_5_4_1/seed-20260827.fourvec,b7f30d5bf8ede6b426aa48cfa451b2db3942003a955d4c96e29d47f6d4079740,38f6190268475ed1fd5a49bed26295a377e28d805bdd9fee34b512053cd1fb4e,3ea7b30af48864116331a79ba9c0f57f1dfe1b49e577baab0cdc7f920484ca15,731200518FC4B994728B06BCA194A54DE01B3EEA154D3642C3DF5A29FC50371F,A96FD29F29D64CEAFE3B10350DD2CEB418E080776FBF035C853E4E4B398A2B6F,02D6BAC0309091AC738A3094C916666B0F668FA870115C777B9F1E5DCD336213,693135955e5af9449f2180ca396338794a1f4341f12c74d1c21861927c876b97
50_5_5_1,20260808,100,initial-populations/50_5_5_1/seed-20260808.fourvec,0a7be31b098ada3b7a6ff56192ab4c1e1ae59fc2e4cb3480a7f42684f4bc177f,23e728ae469cf7e79f59f40ce143df56c065e1d53798d9bc6ab42a2cbdc35f3a,447698297d2f086f7673e7b41a28187c496d2cacf7a7844dd30d52050dbeba11,F930F1D671BB0ECC90F5E734FC6C1185F0EA48BF1A7D93E8618FD3518A14899E,CF444DD87CEB80C34F60F76A33E9607C7F1F52AF5EB6DE787C0F274E1487F103,F497CC53C8A9C28893DE95B743E742DE6AA300A5197A6E35BB4FBFD4678DB467,43c896715590f0c71f5a16db3d3fab7c6a9ddf6e0a066a3151785c4bee35c922
50_5_5_1,20260809,100,initial-populations/50_5_5_1/seed-20260809.fourvec,85ee8644397a215d7fec028ac3f6c39fefdafaee88b7ebad31ec3692c9ea953e,be9b5472026a3a0a3d536e4534456a9ffbb671d141cb87a97c953589c3bd77b9,f56b2679f9072eb3b6eade03ffa0959f784ac068e94671bdcf3e0cbfb9adc9a1,F930F1D671BB0ECC90F5E734FC6C1185F0EA48BF1A7D93E8618FD3518A14899E,CF444DD87CEB80C34F60F76A33E9607C7F1F52AF5EB6DE787C0F274E1487F103,F497CC53C8A9C28893DE95B743E742DE6AA300A5197A6E35BB4FBFD4678DB467,43c896715590f0c71f5a16db3d3fab7c6a9ddf6e0a066a3151785c4bee35c922
50_5_5_1,20260810,100,initial-populations/50_5_5_1/seed-20260810.fourvec,eccf7cfb86d64eb2c41366632174746db03c433863bac9f4d162a0c85721ccd2,421c1bd14720029215467471366c2d0a516a7ef1db41b99c435322808d810973,a20f112e7e36d72a8deb0479a070aba4a8d0250cda1620899f685d07ea575b2f,F930F1D671BB0ECC90F5E734FC6C1185F0EA48BF1A7D93E8618FD3518A14899E,CF444DD87CEB80C34F60F76A33E9607C7F1F52AF5EB6DE787C0F274E1487F103,F497CC53C8A9C28893DE95B743E742DE6AA300A5197A6E35BB4FBFD4678DB467,43c896715590f0c71f5a16db3d3fab7c6a9ddf6e0a066a3151785c4bee35c922
50_5_5_1,20260811,100,initial-populations/50_5_5_1/seed-20260811.fourvec,5d453696a9f7229622daa7873c0862b9391117c2351b6d0553d7585d962527de,89a1ded63804812b7ed6463fcdd60cb4bf80642375d9e173005c8554cb46a426,6374b1908ee2afb3e1fdde60c3bbc78d648ee16ef76828f559247ee3b0b742f1,F930F1D671BB0ECC90F5E734FC6C1185F0EA48BF1A7D93E8618FD3518A14899E,CF444DD87CEB80C34F60F76A33E9607C7F1F52AF5EB6DE787C0F274E1487F103,F497CC53C8A9C28893DE95B743E742DE6AA300A5197A6E35BB4FBFD4678DB467,43c896715590f0c71f5a16db3d3fab7c6a9ddf6e0a066a3151785c4bee35c922
50_5_5_1,20260812,100,initial-populations/50_5_5_1/seed-20260812.fourvec,77c5a58647d5b838726d5edf3bc424a0ecb40c8f5c79bcc97390da76a9b78417,051dd933fc93c9e732c81518170c255e7c3a77be16badafe20cfb2e75feb8bdc,ea1d988d6d8825b87f8a415b501b6ab9d4947f6a94a0a0e2d89beaea23b5967a,F930F1D671BB0ECC90F5E734FC6C1185F0EA48BF1A7D93E8618FD3518A14899E,CF444DD87CEB80C34F60F76A33E9607C7F1F52AF5EB6DE787C0F274E1487F103,F497CC53C8A9C28893DE95B743E742DE6AA300A5197A6E35BB4FBFD4678DB467,43c896715590f0c71f5a16db3d3fab7c6a9ddf6e0a066a3151785c4bee35c922
50_5_5_1,20260813,100,initial-populations/50_5_5_1/seed-20260813.fourvec,62f154fd2c3842787af39bafa646c915e20b401e2be29f040623df711838dfde,71368e62255f0a1efaace6ebd15464bdfa9c2f20bdd92fce1ecdfc02b250b19d,ab63352161244a025b40b04d61f5f415c877f99d2bc7f30d744b7b6b77357fab,F930F1D671BB0ECC90F5E734FC6C1185F0EA48BF1A7D93E8618FD3518A14899E,CF444DD87CEB80C34F60F76A33E9607C7F1F52AF5EB6DE787C0F274E1487F103,F497CC53C8A9C28893DE95B743E742DE6AA300A5197A6E35BB4FBFD4678DB467,43c896715590f0c71f5a16db3d3fab7c6a9ddf6e0a066a3151785c4bee35c922
50_5_5_1,20260814,100,initial-populations/50_5_5_1/seed-20260814.fourvec,41c0526f1f2bce1b6991631c2df4eb5532547b8b2e4a9c024baac421794ccde6,b2df5152183a6a91631a88d676e89dcb396772a9e4adfb499cb7aff799e0d0b9,a902067397c06148f6db0fbb3009d6e41b996a8a6cf8149fb5183c3c185040d4,F930F1D671BB0ECC90F5E734FC6C1185F0EA48BF1A7D93E8618FD3518A14899E,CF444DD87CEB80C34F60F76A33E9607C7F1F52AF5EB6DE787C0F274E1487F103,F497CC53C8A9C28893DE95B743E742DE6AA300A5197A6E35BB4FBFD4678DB467,43c896715590f0c71f5a16db3d3fab7c6a9ddf6e0a066a3151785c4bee35c922
50_5_5_1,20260815,100,initial-populations/50_5_5_1/seed-20260815.fourvec,343f72698963afae54c3bb6640b303f8466e632f1e1a7e5eddc7d84c0b3f6ea9,d5bc9b30970b75772ddc32aa62d7e74d82d01996f9729e28d3e585272e8ae228,d168b76566be442e988ac844f4e04173a32567b7aa13d35e54c44b288071e410,F930F1D671BB0ECC90F5E734FC6C1185F0EA48BF1A7D93E8618FD3518A14899E,CF444DD87CEB80C34F60F76A33E9607C7F1F52AF5EB6DE787C0F274E1487F103,F497CC53C8A9C28893DE95B743E742DE6AA300A5197A6E35BB4FBFD4678DB467,43c896715590f0c71f5a16db3d3fab7c6a9ddf6e0a066a3151785c4bee35c922
50_5_5_1,20260816,100,initial-populations/50_5_5_1/seed-20260816.fourvec,1a3e7d27eaf240b7cbd78780d0fad0032f7119bfb0ce59109caa33fa138543e8,3b23c1b7937beb0abc968738553294c5548dc26a3707600493428d819e5d49de,037d5d5bef5b62eb29a54c6492076d39110eb04784497a4f5fe1d72bcee12661,F930F1D671BB0ECC90F5E734FC6C1185F0EA48BF1A7D93E8618FD3518A14899E,CF444DD87CEB80C34F60F76A33E9607C7F1F52AF5EB6DE787C0F274E1487F103,F497CC53C8A9C28893DE95B743E742DE6AA300A5197A6E35BB4FBFD4678DB467,43c896715590f0c71f5a16db3d3fab7c6a9ddf6e0a066a3151785c4bee35c922
50_5_5_1,20260817,100,initial-populations/50_5_5_1/seed-20260817.fourvec,dacb2f8210687b461bd65f0a38d95f37153ca3689d9dc9a0939ade1f3c1e3a48,c596ff7ead5c12c05de78cae22ee2abaf8b3e7550ba8f5bd51fbd59dc1c99275,bfe5bdf885ac6fc77bdaa29ac4bceb96d6667b007e9bdc95338f4e285d2cf293,F930F1D671BB0ECC90F5E734FC6C1185F0EA48BF1A7D93E8618FD3518A14899E,CF444DD87CEB80C34F60F76A33E9607C7F1F52AF5EB6DE787C0F274E1487F103,F497CC53C8A9C28893DE95B743E742DE6AA300A5197A6E35BB4FBFD4678DB467,43c896715590f0c71f5a16db3d3fab7c6a9ddf6e0a066a3151785c4bee35c922
50_5_5_1,20260818,100,initial-populations/50_5_5_1/seed-20260818.fourvec,05990393382b32cba104c9d0ea3b0fe995ce3fd3b14597b4820ce532e90522a9,db52669e53a4ad9555902e5dcb482cf8dd6d82e71b268ddc8ded02278aa42813,d1bc3f983e721085d1249e19ce0678a12d0666f527b2d7a82a73da76565726e7,F930F1D671BB0ECC90F5E734FC6C1185F0EA48BF1A7D93E8618FD3518A14899E,CF444DD87CEB80C34F60F76A33E9607C7F1F52AF5EB6DE787C0F274E1487F103,F497CC53C8A9C28893DE95B743E742DE6AA300A5197A6E35BB4FBFD4678DB467,43c896715590f0c71f5a16db3d3fab7c6a9ddf6e0a066a3151785c4bee35c922
50_5_5_1,20260819,100,initial-populations/50_5_5_1/seed-20260819.fourvec,21fb33cc6f1d85a67a81fff179c856b6708fe2c21d68a6a95840d05f6460199b,4352249cbfb85189b906f85d8675b31635b141f810cf37c0134f99537c454f77,3acc1033e5d588f3f5d889603da710285e4c2aa48bfc6ee629773763d42b0fdd,F930F1D671BB0ECC90F5E734FC6C1185F0EA48BF1A7D93E8618FD3518A14899E,CF444DD87CEB80C34F60F76A33E9607C7F1F52AF5EB6DE787C0F274E1487F103,F497CC53C8A9C28893DE95B743E742DE6AA300A5197A6E35BB4FBFD4678DB467,43c896715590f0c71f5a16db3d3fab7c6a9ddf6e0a066a3151785c4bee35c922
50_5_5_1,20260820,100,initial-populations/50_5_5_1/seed-20260820.fourvec,a63efcbe50d059a7f720edca88fdb0539fbf021d49c7c86bdee1dcdb490b4796,8426fd1e8e720c85efe17048c1c3f9f1e190f347bdfb992aeb48be6e99f6c06a,85ec863a50250f681790d6b566134ebfebe647b322cb6e7bdf1dea1d1fab10f8,F930F1D671BB0ECC90F5E734FC6C1185F0EA48BF1A7D93E8618FD3518A14899E,CF444DD87CEB80C34F60F76A33E9607C7F1F52AF5EB6DE787C0F274E1487F103,F497CC53C8A9C28893DE95B743E742DE6AA300A5197A6E35BB4FBFD4678DB467,43c896715590f0c71f5a16db3d3fab7c6a9ddf6e0a066a3151785c4bee35c922
50_5_5_1,20260821,100,initial-populations/50_5_5_1/seed-20260821.fourvec,8c865846843c96344258a0901381e7ba6ea9b78b743b0c7dfec64b6d118bf858,4aef49d95243dab5690aafbbae9d60083f1f28878054251bc9dbed4f01b7884a,1af8be24689d2e146a52ff102d00728d4ec6b72380c81607fe6eaffd987198a1,F930F1D671BB0ECC90F5E734FC6C1185F0EA48BF1A7D93E8618FD3518A14899E,CF444DD87CEB80C34F60F76A33E9607C7F1F52AF5EB6DE787C0F274E1487F103,F497CC53C8A9C28893DE95B743E742DE6AA300A5197A6E35BB4FBFD4678DB467,43c896715590f0c71f5a16db3d3fab7c6a9ddf6e0a066a3151785c4bee35c922
50_5_5_1,20260822,100,initial-populations/50_5_5_1/seed-20260822.fourvec,d76db3f52a5c42028782daf47ab76c9c1d6b67c964f64d14d3cb8935e89b86f7,71d64fe77e23713511e2a25433cf1c53c46818156da915a1b1e8ce19093aaffd,c3779f86da263d5dcc42ad0a2417904ac538c37cf228131affdc325af6240e15,F930F1D671BB0ECC90F5E734FC6C1185F0EA48BF1A7D93E8618FD3518A14899E,CF444DD87CEB80C34F60F76A33E9607C7F1F52AF5EB6DE787C0F274E1487F103,F497CC53C8A9C28893DE95B743E742DE6AA300A5197A6E35BB4FBFD4678DB467,43c896715590f0c71f5a16db3d3fab7c6a9ddf6e0a066a3151785c4bee35c922
50_5_5_1,20260823,100,initial-populations/50_5_5_1/seed-20260823.fourvec,8456f106179fa1e77e629f750671e54b4edf0aa6286959ca248aaf7a9aee9c61,4bab012a025629325fbda82a67fc53c75f5d2eecebf92dc17d13bf7d74ddfc07,ca3f2cc4892d7849f9d50c5b63ba0a0229a047c60e6f2e58f2278922da071fcd,F930F1D671BB0ECC90F5E734FC6C1185F0EA48BF1A7D93E8618FD3518A14899E,CF444DD87CEB80C34F60F76A33E9607C7F1F52AF5EB6DE787C0F274E1487F103,F497CC53C8A9C28893DE95B743E742DE6AA300A5197A6E35BB4FBFD4678DB467,43c896715590f0c71f5a16db3d3fab7c6a9ddf6e0a066a3151785c4bee35c922
50_5_5_1,20260824,100,initial-populations/50_5_5_1/seed-20260824.fourvec,4f239655a883cc3a380fa0e7c30218c32a2245f2766c8403f00af09cb86f7f86,bc64eed47f040d5c943bf98a036cca338ea8df39c26c52ad6ff5109fa9a1c89c,fe742950387ee26b31288e5be9a1c06bab819d0ba355e5db2a0b030bad24da53,F930F1D671BB0ECC90F5E734FC6C1185F0EA48BF1A7D93E8618FD3518A14899E,CF444DD87CEB80C34F60F76A33E9607C7F1F52AF5EB6DE787C0F274E1487F103,F497CC53C8A9C28893DE95B743E742DE6AA300A5197A6E35BB4FBFD4678DB467,43c896715590f0c71f5a16db3d3fab7c6a9ddf6e0a066a3151785c4bee35c922
50_5_5_1,20260825,100,initial-populations/50_5_5_1/seed-20260825.fourvec,611fbceba45843428f4d5df1d1e5196a274b83f8b1f3a128139747d8d7fe6666,1e378786511c880b7d84b30ea23d9ec2877d52e7b4c7cc0f5327cb538e6d9dbf,46f5493d0b9e2470cb074110d62d6eb03b102cc6351bc5830dc2bd830187ca0b,F930F1D671BB0ECC90F5E734FC6C1185F0EA48BF1A7D93E8618FD3518A14899E,CF444DD87CEB80C34F60F76A33E9607C7F1F52AF5EB6DE787C0F274E1487F103,F497CC53C8A9C28893DE95B743E742DE6AA300A5197A6E35BB4FBFD4678DB467,43c896715590f0c71f5a16db3d3fab7c6a9ddf6e0a066a3151785c4bee35c922
50_5_5_1,20260826,100,initial-populations/50_5_5_1/seed-20260826.fourvec,2aa137921adf65a3a1faf0d3453c15456743733777aa3ceeefd9d76f3dc6fce0,d2c8449160951abf0b749e66906a19589b32f1e76d384824e1c4f07dcf004f37,ce4560fcd9778340c3145e512f700de1ad8808b0fda3d4f01f4b42ec5a02fa7a,F930F1D671BB0ECC90F5E734FC6C1185F0EA48BF1A7D93E8618FD3518A14899E,CF444DD87CEB80C34F60F76A33E9607C7F1F52AF5EB6DE787C0F274E1487F103,F497CC53C8A9C28893DE95B743E742DE6AA300A5197A6E35BB4FBFD4678DB467,43c896715590f0c71f5a16db3d3fab7c6a9ddf6e0a066a3151785c4bee35c922
50_5_5_1,20260827,100,initial-populations/50_5_5_1/seed-20260827.fourvec,e10180d4c53a1268f5f3b5652926ab42769eb6cb19c571d7b6f7c13b814c5ab0,35b5bbbc0b0edda0d6c5c46455e7aa0aca445b120282072e0b99831435cd80ff,19f9cb7dac2f80dfd43e46d077e53d4dac79adab38c1c523c53857ad0c8d0a3f,F930F1D671BB0ECC90F5E734FC6C1185F0EA48BF1A7D93E8618FD3518A14899E,CF444DD87CEB80C34F60F76A33E9607C7F1F52AF5EB6DE787C0F274E1487F103,F497CC53C8A9C28893DE95B743E742DE6AA300A5197A6E35BB4FBFD4678DB467,43c896715590f0c71f5a16db3d3fab7c6a9ddf6e0a066a3151785c4bee35c922
50_8_3_1,20260808,100,initial-populations/50_8_3_1/seed-20260808.fourvec,64db348faea9e686553d86246a30cf8282da9b917b1d9495a2925ea05962873f,e2bc1de4a5202918341e09872b629fc40878f39b2d140b9064cf4857924a9dbc,c49b58bb7b02eac72d6af85d46892f6efbc544b096f7738eecca78e078178d6d,2C66B65B7A0F99EB48D14A7AF0CDC8EAF0BB10189A3DE71E263774CAEA08D47E,9E866CCB688FB5D542BCE5FE787250A5E3AEC7FF6F940F921BB7A7DC7FD83EB9,038E94A99CCBFA0766921BD7FAC3EF11AEA6BE61AAA91AD9D90C2B1C5B12A1FE,a13ca76d1a2f6598b8649e2030e7b6983f965f5282cff4869b6dd314b2e0ac7a
50_8_3_1,20260809,100,initial-populations/50_8_3_1/seed-20260809.fourvec,680bfd780cff96eb05f4e41c66eaa504f9f44e68f3d09005d3d258336585c837,eb0511e40312c2f552d431f476e5a83c06c8ca1018de1240d490959a32480974,fb8209b9118b0d1a1d03e49073987c5e02f24b283d23f2939deb3e783a47c142,2C66B65B7A0F99EB48D14A7AF0CDC8EAF0BB10189A3DE71E263774CAEA08D47E,9E866CCB688FB5D542BCE5FE787250A5E3AEC7FF6F940F921BB7A7DC7FD83EB9,038E94A99CCBFA0766921BD7FAC3EF11AEA6BE61AAA91AD9D90C2B1C5B12A1FE,a13ca76d1a2f6598b8649e2030e7b6983f965f5282cff4869b6dd314b2e0ac7a
50_8_3_1,20260810,100,initial-populations/50_8_3_1/seed-20260810.fourvec,2a5fcdc519d2512ed56a9787a4fdaca1d0a150640084576dcf80b2e6316fbb4f,09fe433f80c3cdb3de2705d9cc9c9fab4063c0134bfc0ed216c068a1eee384cd,9aeed8facc57277cec0c48f957e03e5e38384534814fbf19c000375a40e32163,2C66B65B7A0F99EB48D14A7AF0CDC8EAF0BB10189A3DE71E263774CAEA08D47E,9E866CCB688FB5D542BCE5FE787250A5E3AEC7FF6F940F921BB7A7DC7FD83EB9,038E94A99CCBFA0766921BD7FAC3EF11AEA6BE61AAA91AD9D90C2B1C5B12A1FE,a13ca76d1a2f6598b8649e2030e7b6983f965f5282cff4869b6dd314b2e0ac7a
50_8_3_1,20260811,100,initial-populations/50_8_3_1/seed-20260811.fourvec,7add33b56e253a521f30e6f3fef8838c69726882774faa6af17ef65a9e5e1914,d45351159a6ae9c8562484fcb66605e926289918d07e08c6fcc999c267cdee6a,84425356e6f9729b456cb573f08e74db524daa86309c0946646be87a74341873,2C66B65B7A0F99EB48D14A7AF0CDC8EAF0BB10189A3DE71E263774CAEA08D47E,9E866CCB688FB5D542BCE5FE787250A5E3AEC7FF6F940F921BB7A7DC7FD83EB9,038E94A99CCBFA0766921BD7FAC3EF11AEA6BE61AAA91AD9D90C2B1C5B12A1FE,a13ca76d1a2f6598b8649e2030e7b6983f965f5282cff4869b6dd314b2e0ac7a
50_8_3_1,20260812,100,initial-populations/50_8_3_1/seed-20260812.fourvec,247e102afb6bd1e72ac394c2f996cd9507d19f124a68a3794dd966ad680d8d8e,c2cc452b668105360a87208b6f1d773a0d6f38074bc005c74baa31a6d8794698,f8ec9b0a71bb7f908a2757c22e1bbb34d1d40d33455413d3d1892980313cbc46,2C66B65B7A0F99EB48D14A7AF0CDC8EAF0BB10189A3DE71E263774CAEA08D47E,9E866CCB688FB5D542BCE5FE787250A5E3AEC7FF6F940F921BB7A7DC7FD83EB9,038E94A99CCBFA0766921BD7FAC3EF11AEA6BE61AAA91AD9D90C2B1C5B12A1FE,a13ca76d1a2f6598b8649e2030e7b6983f965f5282cff4869b6dd314b2e0ac7a
50_8_3_1,20260813,100,initial-populations/50_8_3_1/seed-20260813.fourvec,c443f7cf1bdab3a5a72b59c760d4065b757219c8839d97205d83bf569373fa74,cbf06e90c034d7cfe05b45534c45396fbcdef2d5b8c9a69ede7c7bbbb6ba65ea,b0dede8ff47f98283a30211b8d6598d042a81f9d4e67f95f656040b580d5cbaf,2C66B65B7A0F99EB48D14A7AF0CDC8EAF0BB10189A3DE71E263774CAEA08D47E,9E866CCB688FB5D542BCE5FE787250A5E3AEC7FF6F940F921BB7A7DC7FD83EB9,038E94A99CCBFA0766921BD7FAC3EF11AEA6BE61AAA91AD9D90C2B1C5B12A1FE,a13ca76d1a2f6598b8649e2030e7b6983f965f5282cff4869b6dd314b2e0ac7a
50_8_3_1,20260814,100,initial-populations/50_8_3_1/seed-20260814.fourvec,fdcb7396691a6a4ff983df9d7b8766aaf3ec93b6d1328455f0572c5be5de8a0e,dcc89f0a57cb42b3e842d120f236264557c97aba61c7d5d76dc2f1ab8aa255e2,661c15bb6f75432d0968f8e2311d0608cc6df4de8e7cfeaf9afa01fdcb3bd97d,2C66B65B7A0F99EB48D14A7AF0CDC8EAF0BB10189A3DE71E263774CAEA08D47E,9E866CCB688FB5D542BCE5FE787250A5E3AEC7FF6F940F921BB7A7DC7FD83EB9,038E94A99CCBFA0766921BD7FAC3EF11AEA6BE61AAA91AD9D90C2B1C5B12A1FE,a13ca76d1a2f6598b8649e2030e7b6983f965f5282cff4869b6dd314b2e0ac7a
50_8_3_1,20260815,100,initial-populations/50_8_3_1/seed-20260815.fourvec,aad2a21a529b22a13a177c5e2a43a0307f6f36dc2c59733d508d95d54142eae8,301197ff3a2a23ddb552829ada59ff28f504839978e6e741feee8214a49d69a7,c39375eedaa107ed6238fe8ee0338a2ac21e124167ae5847b6584dff28eeba20,2C66B65B7A0F99EB48D14A7AF0CDC8EAF0BB10189A3DE71E263774CAEA08D47E,9E866CCB688FB5D542BCE5FE787250A5E3AEC7FF6F940F921BB7A7DC7FD83EB9,038E94A99CCBFA0766921BD7FAC3EF11AEA6BE61AAA91AD9D90C2B1C5B12A1FE,a13ca76d1a2f6598b8649e2030e7b6983f965f5282cff4869b6dd314b2e0ac7a
50_8_3_1,20260816,100,initial-populations/50_8_3_1/seed-20260816.fourvec,69e0c53b81e1b27ef161dfd6762708a96e64aee4fa2dda932d1daef6e8314f41,a8058ae53447fe20f03b0feb22f2411031e48cc363f36fe3ab38ff95620c8827,83878088a6982c5a86778ce1205e944cdfe54f00d1900b60e1ca2ccb5f832613,2C66B65B7A0F99EB48D14A7AF0CDC8EAF0BB10189A3DE71E263774CAEA08D47E,9E866CCB688FB5D542BCE5FE787250A5E3AEC7FF6F940F921BB7A7DC7FD83EB9,038E94A99CCBFA0766921BD7FAC3EF11AEA6BE61AAA91AD9D90C2B1C5B12A1FE,a13ca76d1a2f6598b8649e2030e7b6983f965f5282cff4869b6dd314b2e0ac7a
50_8_3_1,20260817,100,initial-populations/50_8_3_1/seed-20260817.fourvec,5d173f73f9176bcd19ea20737819e24343c83595da1b24133010d9eb4b3787b0,5a1e2511841cd89a09521bfcfecacae65987fdc2a5e1b319250b8df10518262b,4d9ebeba067c16d47604fbca67ead2cf672d5826b8fdf78e6640ef44064217c5,2C66B65B7A0F99EB48D14A7AF0CDC8EAF0BB10189A3DE71E263774CAEA08D47E,9E866CCB688FB5D542BCE5FE787250A5E3AEC7FF6F940F921BB7A7DC7FD83EB9,038E94A99CCBFA0766921BD7FAC3EF11AEA6BE61AAA91AD9D90C2B1C5B12A1FE,a13ca76d1a2f6598b8649e2030e7b6983f965f5282cff4869b6dd314b2e0ac7a
50_8_3_1,20260818,100,initial-populations/50_8_3_1/seed-20260818.fourvec,3befe3abdf5ccae863f426fbe2edda0458929289f2b6814dcc2b33a68e338bba,9675c5aab40ebc16ec64e8d35d01958c30da7e9574a7278888f3615749668bff,e91cb6f18c0ee5679eb22f3b1bbb73f031b87bec77bad78cbbed49896fb07448,2C66B65B7A0F99EB48D14A7AF0CDC8EAF0BB10189A3DE71E263774CAEA08D47E,9E866CCB688FB5D542BCE5FE787250A5E3AEC7FF6F940F921BB7A7DC7FD83EB9,038E94A99CCBFA0766921BD7FAC3EF11AEA6BE61AAA91AD9D90C2B1C5B12A1FE,a13ca76d1a2f6598b8649e2030e7b6983f965f5282cff4869b6dd314b2e0ac7a
50_8_3_1,20260819,100,initial-populations/50_8_3_1/seed-20260819.fourvec,cbdc641c3b0b5f2f9857aed2fba301cce9858eb62c755372b91d1b88429e5f61,61faa306384ea09746590b55214ab6be08b0062ee5bee84e5da6fbdd37ff73db,51e6e9d8e0bf574b0c92021f916f591691b567adf779ed12387c7f3a9fbc0519,2C66B65B7A0F99EB48D14A7AF0CDC8EAF0BB10189A3DE71E263774CAEA08D47E,9E866CCB688FB5D542BCE5FE787250A5E3AEC7FF6F940F921BB7A7DC7FD83EB9,038E94A99CCBFA0766921BD7FAC3EF11AEA6BE61AAA91AD9D90C2B1C5B12A1FE,a13ca76d1a2f6598b8649e2030e7b6983f965f5282cff4869b6dd314b2e0ac7a
50_8_3_1,20260820,100,initial-populations/50_8_3_1/seed-20260820.fourvec,6a4cdd9a0c498d3d4e0e0750197cf4e108c3c11922f56807f02faf197daf35d4,b28b8fe973b1ec8f65083a03e7e4073f71a7f4c67529413d74c0672da8535c83,b8ddda79055fef1cc4741c82f7f44e080d55fd85da4e9da9e29f1988fb626006,2C66B65B7A0F99EB48D14A7AF0CDC8EAF0BB10189A3DE71E263774CAEA08D47E,9E866CCB688FB5D542BCE5FE787250A5E3AEC7FF6F940F921BB7A7DC7FD83EB9,038E94A99CCBFA0766921BD7FAC3EF11AEA6BE61AAA91AD9D90C2B1C5B12A1FE,a13ca76d1a2f6598b8649e2030e7b6983f965f5282cff4869b6dd314b2e0ac7a
50_8_3_1,20260821,100,initial-populations/50_8_3_1/seed-20260821.fourvec,5ad4a01a0744c94c603e0c5d4c3c31767fbad2febc3393847af78dfb1132edb0,4612d1e1b40b5339a5e1b65a3a7ffa16fbd20d1627d773c18c0a259783f2ff86,fd46b8d6868cae3d3157c7eb7522d021cd3d739cdb7d09cf4721c321be569044,2C66B65B7A0F99EB48D14A7AF0CDC8EAF0BB10189A3DE71E263774CAEA08D47E,9E866CCB688FB5D542BCE5FE787250A5E3AEC7FF6F940F921BB7A7DC7FD83EB9,038E94A99CCBFA0766921BD7FAC3EF11AEA6BE61AAA91AD9D90C2B1C5B12A1FE,a13ca76d1a2f6598b8649e2030e7b6983f965f5282cff4869b6dd314b2e0ac7a
50_8_3_1,20260822,100,initial-populations/50_8_3_1/seed-20260822.fourvec,9647280807ca858c3f758f376c72aead47b9977dabef0204f1bd2f16a05007f8,5447c125572ec664ff2fb6395d8909e5f44f1d662e1af83a4f50dafbede4bdd3,7b2b24786dc66fb7dd7f79b2665e9afdbe31fa06c7f9036b8924f5f7238db6c4,2C66B65B7A0F99EB48D14A7AF0CDC8EAF0BB10189A3DE71E263774CAEA08D47E,9E866CCB688FB5D542BCE5FE787250A5E3AEC7FF6F940F921BB7A7DC7FD83EB9,038E94A99CCBFA0766921BD7FAC3EF11AEA6BE61AAA91AD9D90C2B1C5B12A1FE,a13ca76d1a2f6598b8649e2030e7b6983f965f5282cff4869b6dd314b2e0ac7a
50_8_3_1,20260823,100,initial-populations/50_8_3_1/seed-20260823.fourvec,2d950a5727421e3f4177ff60797c0f2915c60b708a1d957804f8ea96de3d28b6,098d0d69eae0b0106e0ba118a974c62f329afb634f18f9514457d2bb3339e544,52fca4608956bb115b28b7eb4410c318d36849d2e824fc0882ba07d7a944f5a2,2C66B65B7A0F99EB48D14A7AF0CDC8EAF0BB10189A3DE71E263774CAEA08D47E,9E866CCB688FB5D542BCE5FE787250A5E3AEC7FF6F940F921BB7A7DC7FD83EB9,038E94A99CCBFA0766921BD7FAC3EF11AEA6BE61AAA91AD9D90C2B1C5B12A1FE,a13ca76d1a2f6598b8649e2030e7b6983f965f5282cff4869b6dd314b2e0ac7a
50_8_3_1,20260824,100,initial-populations/50_8_3_1/seed-20260824.fourvec,ecdbcbec9c00241d1fef42c66f3ecb210afecb71db1f61db3ed7077e98abf505,919107d1ee8388cb90ead23768987e426a77f6bd3859aeb61a1d079e6d10391c,52a42b1b7bbf4de48cb671f9efc4dd0cb14972b0a30b335d22e2a6baea5d04cc,2C66B65B7A0F99EB48D14A7AF0CDC8EAF0BB10189A3DE71E263774CAEA08D47E,9E866CCB688FB5D542BCE5FE787250A5E3AEC7FF6F940F921BB7A7DC7FD83EB9,038E94A99CCBFA0766921BD7FAC3EF11AEA6BE61AAA91AD9D90C2B1C5B12A1FE,a13ca76d1a2f6598b8649e2030e7b6983f965f5282cff4869b6dd314b2e0ac7a
50_8_3_1,20260825,100,initial-populations/50_8_3_1/seed-20260825.fourvec,8859a5e529d9f41757222e48ffae04f0447edbb27fae3e37320fa008b5a43916,b0291d5facd3ac1be661e415c7cef31e70915190d0469da3d3528bedd53264fc,8d41afd56a0207d71015f634448d77c9250375860dc1469c6494dcc59f4b786a,2C66B65B7A0F99EB48D14A7AF0CDC8EAF0BB10189A3DE71E263774CAEA08D47E,9E866CCB688FB5D542BCE5FE787250A5E3AEC7FF6F940F921BB7A7DC7FD83EB9,038E94A99CCBFA0766921BD7FAC3EF11AEA6BE61AAA91AD9D90C2B1C5B12A1FE,a13ca76d1a2f6598b8649e2030e7b6983f965f5282cff4869b6dd314b2e0ac7a
50_8_3_1,20260826,100,initial-populations/50_8_3_1/seed-20260826.fourvec,b60ee4c9f1b10c6a0b972192ad9d3625bdfd3ee4dc2bec62b05a1c99790cdd7f,356aed4a899d5a5343b42a057e3ca2fdedd2c4be54affc22bb106d428d228124,8434dfac1ec9a8563ee476a866c1875e4d93cea48a4e25d36146a33d2afca3bd,2C66B65B7A0F99EB48D14A7AF0CDC8EAF0BB10189A3DE71E263774CAEA08D47E,9E866CCB688FB5D542BCE5FE787250A5E3AEC7FF6F940F921BB7A7DC7FD83EB9,038E94A99CCBFA0766921BD7FAC3EF11AEA6BE61AAA91AD9D90C2B1C5B12A1FE,a13ca76d1a2f6598b8649e2030e7b6983f965f5282cff4869b6dd314b2e0ac7a
50_8_3_1,20260827,100,initial-populations/50_8_3_1/seed-20260827.fourvec,7c4254e08c3473302342334a3d4b22d57156391ec90d63446a1f6480b4dfb2cd,705ffc73cf5687b182c2858f8be77f5f7e315ef070d523382915cafa80b083ab,b517b39d378067434f8250eac45c9423a60908aa3a3e608e5ed47ea7350648bf,2C66B65B7A0F99EB48D14A7AF0CDC8EAF0BB10189A3DE71E263774CAEA08D47E,9E866CCB688FB5D542BCE5FE787250A5E3AEC7FF6F940F921BB7A7DC7FD83EB9,038E94A99CCBFA0766921BD7FAC3EF11AEA6BE61AAA91AD9D90C2B1C5B12A1FE,a13ca76d1a2f6598b8649e2030e7b6983f965f5282cff4869b6dd314b2e0ac7a
50_8_4_1,20260808,100,initial-populations/50_8_4_1/seed-20260808.fourvec,39625fbf094be402a9998de5a907a6c9f3454702516aa675dc26a30313795a0f,da13d8731e6ad6e0ff3818521fe34d7b04f8f5e07e56a7c25b97b2aa0cb73ac5,e137e2dc8c8f30d3e6565551637da16faa10a3ad190bd3f6c5dabd1077e74906,D4EBF79242421CDBECCC626D162AAEFF82EC87228C69859283D10A4E7C2AD413,4ADB353206122277165F33721C9B2106152BB95912FF3BDED24473E5EA0EFAD7,6A0EA2FD9492A5CD408BDB701CF18E815CF8AA702AD25B56358B1752FC5EE3B3,ced3ea3964d6e43540d480b13901eeb256037647f2af9844010f68ef65ef78bb
50_8_4_1,20260809,100,initial-populations/50_8_4_1/seed-20260809.fourvec,6255fe704d8e089dc12df70966a361143dd0ad9228b54778df51cdba753d49c9,3676aebc255863d4397f5194a40909ae0b737f5decfc57fa0fd2e0c60a2cc465,26c070e926049f8b7cc5d6c3d170bad7eb68fce94fa55715c2162f52046c5735,D4EBF79242421CDBECCC626D162AAEFF82EC87228C69859283D10A4E7C2AD413,4ADB353206122277165F33721C9B2106152BB95912FF3BDED24473E5EA0EFAD7,6A0EA2FD9492A5CD408BDB701CF18E815CF8AA702AD25B56358B1752FC5EE3B3,ced3ea3964d6e43540d480b13901eeb256037647f2af9844010f68ef65ef78bb
50_8_4_1,20260810,100,initial-populations/50_8_4_1/seed-20260810.fourvec,a07e13fe5347ca7b60ce7b60125e3bd77315122b8c888c998dde9d644ed84cc7,79d3843238dc95a4466d2abdca4d81f06321bb884738f5182fe83b35798a7e98,5e3f52367f3f007c2814378c977bc2cdd778610444df48eacfc95c563008cb59,D4EBF79242421CDBECCC626D162AAEFF82EC87228C69859283D10A4E7C2AD413,4ADB353206122277165F33721C9B2106152BB95912FF3BDED24473E5EA0EFAD7,6A0EA2FD9492A5CD408BDB701CF18E815CF8AA702AD25B56358B1752FC5EE3B3,ced3ea3964d6e43540d480b13901eeb256037647f2af9844010f68ef65ef78bb
50_8_4_1,20260811,100,initial-populations/50_8_4_1/seed-20260811.fourvec,86edd4193e46346eb8e03a665f11159a6895bdee43f899debfb9f15c5427bc25,b74128ca4d43fa0ac2124010596a9d7c0e8d928e983a990cb5f072f5b411ae39,c4d9f7234ed9e71f24d0cc7493d1d0a84bff72c98e845a8295950a0f5381e1be,D4EBF79242421CDBECCC626D162AAEFF82EC87228C69859283D10A4E7C2AD413,4ADB353206122277165F33721C9B2106152BB95912FF3BDED24473E5EA0EFAD7,6A0EA2FD9492A5CD408BDB701CF18E815CF8AA702AD25B56358B1752FC5EE3B3,ced3ea3964d6e43540d480b13901eeb256037647f2af9844010f68ef65ef78bb
50_8_4_1,20260812,100,initial-populations/50_8_4_1/seed-20260812.fourvec,b6ab43112fa2daa9a53e67adb71130723396c8e5588abc65580def8115c8403e,cff2c1fc8a8861d5cb2eb576396e0389fddf74fe72936e8f4a3945b46de32f24,05ec75c7fae51dfca49b43121c121ae20ddd50700e4ccde15114ea7bac4da57e,D4EBF79242421CDBECCC626D162AAEFF82EC87228C69859283D10A4E7C2AD413,4ADB353206122277165F33721C9B2106152BB95912FF3BDED24473E5EA0EFAD7,6A0EA2FD9492A5CD408BDB701CF18E815CF8AA702AD25B56358B1752FC5EE3B3,ced3ea3964d6e43540d480b13901eeb256037647f2af9844010f68ef65ef78bb
50_8_4_1,20260813,100,initial-populations/50_8_4_1/seed-20260813.fourvec,85918862e03697d21d562799dea41c6b3c5294bf417b3f8ec2f9c8157b79dc72,34ad5c8920d3f5c84fd3aff27ef86a8efad50f908687a7cd5d4402ed2ce9dd01,8a153f2298234fe3ddac05a1dd1be2944884499547ffc2601f822963a4bbc8f0,D4EBF79242421CDBECCC626D162AAEFF82EC87228C69859283D10A4E7C2AD413,4ADB353206122277165F33721C9B2106152BB95912FF3BDED24473E5EA0EFAD7,6A0EA2FD9492A5CD408BDB701CF18E815CF8AA702AD25B56358B1752FC5EE3B3,ced3ea3964d6e43540d480b13901eeb256037647f2af9844010f68ef65ef78bb
50_8_4_1,20260814,100,initial-populations/50_8_4_1/seed-20260814.fourvec,c33407d952a5ae52be76d061e925747490d4a03662b143f0fed9985ce39f1b50,a4251899e37eea0d356e5a0a8becee5f1481cd090b5a4a8eb82be78d4a4a94e0,c43fe070b1472664fe1c2cb18d35a4914965c7d80d4ef5e6ada92693f82fc585,D4EBF79242421CDBECCC626D162AAEFF82EC87228C69859283D10A4E7C2AD413,4ADB353206122277165F33721C9B2106152BB95912FF3BDED24473E5EA0EFAD7,6A0EA2FD9492A5CD408BDB701CF18E815CF8AA702AD25B56358B1752FC5EE3B3,ced3ea3964d6e43540d480b13901eeb256037647f2af9844010f68ef65ef78bb
50_8_4_1,20260815,100,initial-populations/50_8_4_1/seed-20260815.fourvec,369d6bb09823ec0675ab1ebabb9f834d0a7ff64981746ac724cef1f677289548,b50f31a6b5199c57746912add27af18190de40300bb6cece38029c912a688ee9,74769ca2b8fa09b717a870d71a8e6a93da9ea38b9c12b805f8e35ead60262090,D4EBF79242421CDBECCC626D162AAEFF82EC87228C69859283D10A4E7C2AD413,4ADB353206122277165F33721C9B2106152BB95912FF3BDED24473E5EA0EFAD7,6A0EA2FD9492A5CD408BDB701CF18E815CF8AA702AD25B56358B1752FC5EE3B3,ced3ea3964d6e43540d480b13901eeb256037647f2af9844010f68ef65ef78bb
50_8_4_1,20260816,100,initial-populations/50_8_4_1/seed-20260816.fourvec,60490b09359ce2d2386107399a6b7617e5a6c281a96f41846f3ad688ab1fd319,910039d0c90ec61a569b16b39013203a6f67d676934fb952a0ddef04d72a4785,7621268e7b2f49e56831aff494d4df407e78dd0fdacef249b86ae64737436296,D4EBF79242421CDBECCC626D162AAEFF82EC87228C69859283D10A4E7C2AD413,4ADB353206122277165F33721C9B2106152BB95912FF3BDED24473E5EA0EFAD7,6A0EA2FD9492A5CD408BDB701CF18E815CF8AA702AD25B56358B1752FC5EE3B3,ced3ea3964d6e43540d480b13901eeb256037647f2af9844010f68ef65ef78bb
50_8_4_1,20260817,100,initial-populations/50_8_4_1/seed-20260817.fourvec,07f9f21a54e1d54c9c426e49f1e56411c811ac793fe3a4ab56faafb13c6e32cb,fa9a59468204d75cdb39812cbd9804f13c0a8f2b1a3ad6d7ba736f088c4026b0,8274f596d1593a4f0bb5cf67dc78c024e0f8e08649c0738fb64d59b2f7989ce8,D4EBF79242421CDBECCC626D162AAEFF82EC87228C69859283D10A4E7C2AD413,4ADB353206122277165F33721C9B2106152BB95912FF3BDED24473E5EA0EFAD7,6A0EA2FD9492A5CD408BDB701CF18E815CF8AA702AD25B56358B1752FC5EE3B3,ced3ea3964d6e43540d480b13901eeb256037647f2af9844010f68ef65ef78bb
50_8_4_1,20260818,100,initial-populations/50_8_4_1/seed-20260818.fourvec,b10379c2666818b3a918a8eaa1fc866e33a033fd3db6d7eb0d147b62710b5f55,c6bd1603837266e8b9c5e8c23f860b3935b631ad75616df0ba78c84ea832b483,2b70eb80eca03f22e3c9af1f70cc19aae6f000f70203e09fe0d3ef0fdc252b49,D4EBF79242421CDBECCC626D162AAEFF82EC87228C69859283D10A4E7C2AD413,4ADB353206122277165F33721C9B2106152BB95912FF3BDED24473E5EA0EFAD7,6A0EA2FD9492A5CD408BDB701CF18E815CF8AA702AD25B56358B1752FC5EE3B3,ced3ea3964d6e43540d480b13901eeb256037647f2af9844010f68ef65ef78bb
50_8_4_1,20260819,100,initial-populations/50_8_4_1/seed-20260819.fourvec,fe906eff32c05e820b23ad3f15e06d052be523e37cbf22ddee563fba39607a2e,af6634b0e6cb5da59d7350c4d1d6559d181e623d27a79d50eb9c35d745ce5943,b24103135a3aa8ed199a200ff3b46e7b76dfe658b1bd31a1a75cd10681a21a1a,D4EBF79242421CDBECCC626D162AAEFF82EC87228C69859283D10A4E7C2AD413,4ADB353206122277165F33721C9B2106152BB95912FF3BDED24473E5EA0EFAD7,6A0EA2FD9492A5CD408BDB701CF18E815CF8AA702AD25B56358B1752FC5EE3B3,ced3ea3964d6e43540d480b13901eeb256037647f2af9844010f68ef65ef78bb
50_8_4_1,20260820,100,initial-populations/50_8_4_1/seed-20260820.fourvec,e4874b6ad7f086ba40077eec46f3d68944a2b101b64e23adb60a732172170c0f,a4749e72bb335cb303a5c85bcac6e118e9bf6caec05ca58ac63b62527cb2a5d0,79ee4c2b5a034f514e5821c325d7805b1814f8fac834bac7cff3d4d0cce5146b,D4EBF79242421CDBECCC626D162AAEFF82EC87228C69859283D10A4E7C2AD413,4ADB353206122277165F33721C9B2106152BB95912FF3BDED24473E5EA0EFAD7,6A0EA2FD9492A5CD408BDB701CF18E815CF8AA702AD25B56358B1752FC5EE3B3,ced3ea3964d6e43540d480b13901eeb256037647f2af9844010f68ef65ef78bb
50_8_4_1,20260821,100,initial-populations/50_8_4_1/seed-20260821.fourvec,b59a35ce515735c67c7c7d9254c6b575bcad2e53eb94cc5e0db8492a29c5017f,0cee90f50728ac2a25e9b6a278348b455458c02d8becfea185a3add2f0dee6bb,989e437491dc7c9b632381a0f0b2653d03653c2f8d9dc7aa42af2b4c7cde231a,D4EBF79242421CDBECCC626D162AAEFF82EC87228C69859283D10A4E7C2AD413,4ADB353206122277165F33721C9B2106152BB95912FF3BDED24473E5EA0EFAD7,6A0EA2FD9492A5CD408BDB701CF18E815CF8AA702AD25B56358B1752FC5EE3B3,ced3ea3964d6e43540d480b13901eeb256037647f2af9844010f68ef65ef78bb
50_8_4_1,20260822,100,initial-populations/50_8_4_1/seed-20260822.fourvec,841309697de10a517c704447c71343563eb99b384e06ab758e2d4b06d157f1ec,1d59d027b62358d330f5de02ce08ce9c9e1ec0fd7f46ca1f5507a109fc2be09b,620e7ff515613b4d770d7dfb425731815a210a62805c63603625041401dbdba4,D4EBF79242421CDBECCC626D162AAEFF82EC87228C69859283D10A4E7C2AD413,4ADB353206122277165F33721C9B2106152BB95912FF3BDED24473E5EA0EFAD7,6A0EA2FD9492A5CD408BDB701CF18E815CF8AA702AD25B56358B1752FC5EE3B3,ced3ea3964d6e43540d480b13901eeb256037647f2af9844010f68ef65ef78bb
50_8_4_1,20260823,100,initial-populations/50_8_4_1/seed-20260823.fourvec,6da858110fc93db8576fc61aae2faa8fe7a5ffb3a973b4e78ae4c336f2470fce,368d043fc4feed84f80196cbcd7a48a02e717a2d280fc969fe7db8ffcddfe096,7600404bb99c617b28129d98a488ff51852d659ab769259f7f9cd037e06c6c70,D4EBF79242421CDBECCC626D162AAEFF82EC87228C69859283D10A4E7C2AD413,4ADB353206122277165F33721C9B2106152BB95912FF3BDED24473E5EA0EFAD7,6A0EA2FD9492A5CD408BDB701CF18E815CF8AA702AD25B56358B1752FC5EE3B3,ced3ea3964d6e43540d480b13901eeb256037647f2af9844010f68ef65ef78bb
50_8_4_1,20260824,100,initial-populations/50_8_4_1/seed-20260824.fourvec,40e91bc79a159b1eca557765d3d78dd9a67a312a9ca7578245aa197b92a893ea,51dfb94f6f89bceb43dfa6f7c2be27d0b1ceee24871dbadfacfb24d37b6f2d4e,8e77b49d1c594eba437bb877cde13f955024a4dce273c6ffd2886af75c46c33f,D4EBF79242421CDBECCC626D162AAEFF82EC87228C69859283D10A4E7C2AD413,4ADB353206122277165F33721C9B2106152BB95912FF3BDED24473E5EA0EFAD7,6A0EA2FD9492A5CD408BDB701CF18E815CF8AA702AD25B56358B1752FC5EE3B3,ced3ea3964d6e43540d480b13901eeb256037647f2af9844010f68ef65ef78bb
50_8_4_1,20260825,100,initial-populations/50_8_4_1/seed-20260825.fourvec,d616ddf491ecdfac3c09479a6e7e0892a2b8c26624f7afb9577980f4d358cdb4,4bd6acdd9e81992723f99ff1418b9ea37517b17645d062c3699fcdf0c10b624f,7041d9f05aeaaf3ab030998e50164015e6db666e5ea67aa92a93990ba8e007e5,D4EBF79242421CDBECCC626D162AAEFF82EC87228C69859283D10A4E7C2AD413,4ADB353206122277165F33721C9B2106152BB95912FF3BDED24473E5EA0EFAD7,6A0EA2FD9492A5CD408BDB701CF18E815CF8AA702AD25B56358B1752FC5EE3B3,ced3ea3964d6e43540d480b13901eeb256037647f2af9844010f68ef65ef78bb
50_8_4_1,20260826,100,initial-populations/50_8_4_1/seed-20260826.fourvec,efb606553408d901278e269606c8aafe51ca9dee56862536538095b4d6867138,8d72d3e5fd5bd437d0d60e7480e5353e7608cd221c84784c3dcf2f67537367ee,484a55251cde6b95564120fecc7d7019a92cbea8e9ee318bf605685abb7068f1,D4EBF79242421CDBECCC626D162AAEFF82EC87228C69859283D10A4E7C2AD413,4ADB353206122277165F33721C9B2106152BB95912FF3BDED24473E5EA0EFAD7,6A0EA2FD9492A5CD408BDB701CF18E815CF8AA702AD25B56358B1752FC5EE3B3,ced3ea3964d6e43540d480b13901eeb256037647f2af9844010f68ef65ef78bb
50_8_4_1,20260827,100,initial-populations/50_8_4_1/seed-20260827.fourvec,b10f1daf38c165d04ff3f21ecc247032689fe81ec70d754ac0f5532468456d7a,294dbbb0c1fe87b7eb2e33fb6387a989f20e7402a5c1efbc36b913c70723c821,80ac9705f8370eeb441b694d51ce1c77f2d6086095cde766b40ea1107d35313d,D4EBF79242421CDBECCC626D162AAEFF82EC87228C69859283D10A4E7C2AD413,4ADB353206122277165F33721C9B2106152BB95912FF3BDED24473E5EA0EFAD7,6A0EA2FD9492A5CD408BDB701CF18E815CF8AA702AD25B56358B1752FC5EE3B3,ced3ea3964d6e43540d480b13901eeb256037647f2af9844010f68ef65ef78bb
50_8_5_1,20260808,100,initial-populations/50_8_5_1/seed-20260808.fourvec,aad5343802753d4b8f200657cae2525610f52d13c53aa7d9cbd2303c915aeb1e,70acb737c7db7a6109107b76817d9732836e43a769d3a8da72950b811bd739f8,59333809a09fd5877f19a13a64ba06fc1ca8da66be528ab6706408666079cb17,D4D350A3A3F742FC14EA8A71A1EA72CDCECCDB795DCB4A252987444FD231CC13,CF974C6C424461CE682473836D820F2FFCAF777DB7731C04263D0689190CD0F4,AE0B9A6D35BEB0F21A9E448B3F00BB4EF17D906D2521E0CEE2B466F9E7BFD9F7,22a4c14c91d8e59d6d471341aa9abe2d1788ea6d4bd9a56012bdaace96075f45
50_8_5_1,20260809,100,initial-populations/50_8_5_1/seed-20260809.fourvec,c599cf78faf15b3620f7f2fd6367eca59392933fa602807099b3b9e31b841011,ef0fe7ad4f69723721454172f3a35f8bdb40691616789e905468c6729a9565c0,93bb94be9038c5aa2ecdbadd22ee8798739195d776dc35a6c14e9d8da0d26f15,D4D350A3A3F742FC14EA8A71A1EA72CDCECCDB795DCB4A252987444FD231CC13,CF974C6C424461CE682473836D820F2FFCAF777DB7731C04263D0689190CD0F4,AE0B9A6D35BEB0F21A9E448B3F00BB4EF17D906D2521E0CEE2B466F9E7BFD9F7,22a4c14c91d8e59d6d471341aa9abe2d1788ea6d4bd9a56012bdaace96075f45
50_8_5_1,20260810,100,initial-populations/50_8_5_1/seed-20260810.fourvec,352a35146512c36c92a54b0f699a065115c5ed242445736bf1b07069dac4b5aa,49d6fc77adb92db012e6e806193c4cd774e8d24f2ed6a6eb703e6e1fba346df1,10b46ea485e337b9f1fd3a2a00af4a93943c006a3ea9feb971c1ab5919e23fdf,D4D350A3A3F742FC14EA8A71A1EA72CDCECCDB795DCB4A252987444FD231CC13,CF974C6C424461CE682473836D820F2FFCAF777DB7731C04263D0689190CD0F4,AE0B9A6D35BEB0F21A9E448B3F00BB4EF17D906D2521E0CEE2B466F9E7BFD9F7,22a4c14c91d8e59d6d471341aa9abe2d1788ea6d4bd9a56012bdaace96075f45
50_8_5_1,20260811,100,initial-populations/50_8_5_1/seed-20260811.fourvec,6c159e99b960cdcdd2b48c2855d5a8041d84ed944fb35ca00cfd6e1f6b2f8904,0c465afe44fa6c737feade2563c73f5c9e5cd04c05e28b2598253dd010b7a61d,0a3e8f7e0d72eb30a8ae9f89dc48dc23f59b75c5760835599558c9e36c7d03dd,D4D350A3A3F742FC14EA8A71A1EA72CDCECCDB795DCB4A252987444FD231CC13,CF974C6C424461CE682473836D820F2FFCAF777DB7731C04263D0689190CD0F4,AE0B9A6D35BEB0F21A9E448B3F00BB4EF17D906D2521E0CEE2B466F9E7BFD9F7,22a4c14c91d8e59d6d471341aa9abe2d1788ea6d4bd9a56012bdaace96075f45
50_8_5_1,20260812,100,initial-populations/50_8_5_1/seed-20260812.fourvec,b484c1c08d0a6dfaa881dd6eddb2c7a756beca05a3da4af3fea011dde9596c4d,56efb0eaae7463558bc14399f8dedb38e5be42bcbb54ee5c132a30487bfbcf30,71f01d311219eecab28bbcfdb0f581b9db64529c1f34b7ad8206f4b15e01c83e,D4D350A3A3F742FC14EA8A71A1EA72CDCECCDB795DCB4A252987444FD231CC13,CF974C6C424461CE682473836D820F2FFCAF777DB7731C04263D0689190CD0F4,AE0B9A6D35BEB0F21A9E448B3F00BB4EF17D906D2521E0CEE2B466F9E7BFD9F7,22a4c14c91d8e59d6d471341aa9abe2d1788ea6d4bd9a56012bdaace96075f45
50_8_5_1,20260813,100,initial-populations/50_8_5_1/seed-20260813.fourvec,be04ebeb3cbc5c243adcf33ab2e12377458b1d54242f6e10ebcd244874e0aefd,b38781141b830303a40bd76a403105c0e75cddd7a58b9059a40bcc72666ee057,18bd36f496f0417b3d7fe79d6a85592d178496b76dd65aac1209c87f4b6cdc04,D4D350A3A3F742FC14EA8A71A1EA72CDCECCDB795DCB4A252987444FD231CC13,CF974C6C424461CE682473836D820F2FFCAF777DB7731C04263D0689190CD0F4,AE0B9A6D35BEB0F21A9E448B3F00BB4EF17D906D2521E0CEE2B466F9E7BFD9F7,22a4c14c91d8e59d6d471341aa9abe2d1788ea6d4bd9a56012bdaace96075f45
50_8_5_1,20260814,100,initial-populations/50_8_5_1/seed-20260814.fourvec,32eaff9959a4b73ff9e3d1cebcbc13b69117b2e6dad91a22fe8b667728e3cb75,401c2a23cd43956f93f29399a75d5f907cc7368dddd666ec5b5180d9945f09c9,9d6e2d2a06fc2f846e5714750b2411545c3a129b222b146b234c9eb828defed6,D4D350A3A3F742FC14EA8A71A1EA72CDCECCDB795DCB4A252987444FD231CC13,CF974C6C424461CE682473836D820F2FFCAF777DB7731C04263D0689190CD0F4,AE0B9A6D35BEB0F21A9E448B3F00BB4EF17D906D2521E0CEE2B466F9E7BFD9F7,22a4c14c91d8e59d6d471341aa9abe2d1788ea6d4bd9a56012bdaace96075f45
50_8_5_1,20260815,100,initial-populations/50_8_5_1/seed-20260815.fourvec,bb913cd4d054180519db3458bae5aa8c4770987fab45e63bd1d8c7e13ba4ad7d,c2c410186291537f341be0e98de84568c29718cb6ed8d506cfecd91c796a1fb1,48a63d4c9cf3e37fbb14341580a547405559bf0448a25479e9727f4e0f64a6cb,D4D350A3A3F742FC14EA8A71A1EA72CDCECCDB795DCB4A252987444FD231CC13,CF974C6C424461CE682473836D820F2FFCAF777DB7731C04263D0689190CD0F4,AE0B9A6D35BEB0F21A9E448B3F00BB4EF17D906D2521E0CEE2B466F9E7BFD9F7,22a4c14c91d8e59d6d471341aa9abe2d1788ea6d4bd9a56012bdaace96075f45
50_8_5_1,20260816,100,initial-populations/50_8_5_1/seed-20260816.fourvec,b8db4eac25b7a13ff85749fafc2a30a923230c583f493113556f0e5b9dc0a09c,8ec351ed011493334aa04b7a3624b13b37e71166154ca9c2b6d2912c71ae9de3,08e764213f0d252d021f619332ecedc5182deffd6f75151a48be0d1e91a9f8b0,D4D350A3A3F742FC14EA8A71A1EA72CDCECCDB795DCB4A252987444FD231CC13,CF974C6C424461CE682473836D820F2FFCAF777DB7731C04263D0689190CD0F4,AE0B9A6D35BEB0F21A9E448B3F00BB4EF17D906D2521E0CEE2B466F9E7BFD9F7,22a4c14c91d8e59d6d471341aa9abe2d1788ea6d4bd9a56012bdaace96075f45
50_8_5_1,20260817,100,initial-populations/50_8_5_1/seed-20260817.fourvec,4777ba39c1ae690ae79192101e96daf3b8f5ecd4837ef8bd3d9360ceda6e9b19,8d294c8c8f345a8ad3b23e1339caebebd4deb427889161eddf32441872a3af3c,129aa5a6bad16e863e04c87b64d08e6930c37e0ad3f9a0e57ba7780c29ae40b5,D4D350A3A3F742FC14EA8A71A1EA72CDCECCDB795DCB4A252987444FD231CC13,CF974C6C424461CE682473836D820F2FFCAF777DB7731C04263D0689190CD0F4,AE0B9A6D35BEB0F21A9E448B3F00BB4EF17D906D2521E0CEE2B466F9E7BFD9F7,22a4c14c91d8e59d6d471341aa9abe2d1788ea6d4bd9a56012bdaace96075f45
50_8_5_1,20260818,100,initial-populations/50_8_5_1/seed-20260818.fourvec,74bdfb0e444ce39924ce8ee9b9462dfc3b5f37fc9cc76490272cec61a9ea9599,42673cfae78f34b76c2120bb85b28e1a4a0695d06b023edf724d386295cfae12,12d5e7d3c419871e6b4cd99d6e630c61a0adfc244ab616c7d496f7352976d098,D4D350A3A3F742FC14EA8A71A1EA72CDCECCDB795DCB4A252987444FD231CC13,CF974C6C424461CE682473836D820F2FFCAF777DB7731C04263D0689190CD0F4,AE0B9A6D35BEB0F21A9E448B3F00BB4EF17D906D2521E0CEE2B466F9E7BFD9F7,22a4c14c91d8e59d6d471341aa9abe2d1788ea6d4bd9a56012bdaace96075f45
50_8_5_1,20260819,100,initial-populations/50_8_5_1/seed-20260819.fourvec,a4507fd31f3419cee5d7db665646b96595585b5bec689b2344c6e428742f1b2b,4aa40f96c26860f589a2cc21557658f5d783ff5a6c6c989607eb6e53b42e6233,8823dbdb6ed20f8e4121972be25230b03c4542be71471fa8f6094d359f0b2990,D4D350A3A3F742FC14EA8A71A1EA72CDCECCDB795DCB4A252987444FD231CC13,CF974C6C424461CE682473836D820F2FFCAF777DB7731C04263D0689190CD0F4,AE0B9A6D35BEB0F21A9E448B3F00BB4EF17D906D2521E0CEE2B466F9E7BFD9F7,22a4c14c91d8e59d6d471341aa9abe2d1788ea6d4bd9a56012bdaace96075f45
50_8_5_1,20260820,100,initial-populations/50_8_5_1/seed-20260820.fourvec,75372725c79e0ded841f69d3f02a43300ca1a571cc2d6c8951738da63a11745d,22d26c89c9d6f49d4ff6c52caae4751169c90ce7b2a35ba18abe43ef15e84e85,1b5e15a8a9cb7d21b3b62540ddecffed8e820722c9a50ade066024b1b2df7aab,D4D350A3A3F742FC14EA8A71A1EA72CDCECCDB795DCB4A252987444FD231CC13,CF974C6C424461CE682473836D820F2FFCAF777DB7731C04263D0689190CD0F4,AE0B9A6D35BEB0F21A9E448B3F00BB4EF17D906D2521E0CEE2B466F9E7BFD9F7,22a4c14c91d8e59d6d471341aa9abe2d1788ea6d4bd9a56012bdaace96075f45
50_8_5_1,20260821,100,initial-populations/50_8_5_1/seed-20260821.fourvec,efa6b7ef317fae68bb43458119f83847b1551a22d2c5df7df6230501ff23b2c7,c0ed93ebb853fe32713f9a89fbc95fa5d6280cc324d73156223540ff2d329899,7206207a280f383b025f12c1041333ff1b760ac2dff9497e7b842d4cce5e5145,D4D350A3A3F742FC14EA8A71A1EA72CDCECCDB795DCB4A252987444FD231CC13,CF974C6C424461CE682473836D820F2FFCAF777DB7731C04263D0689190CD0F4,AE0B9A6D35BEB0F21A9E448B3F00BB4EF17D906D2521E0CEE2B466F9E7BFD9F7,22a4c14c91d8e59d6d471341aa9abe2d1788ea6d4bd9a56012bdaace96075f45
50_8_5_1,20260822,100,initial-populations/50_8_5_1/seed-20260822.fourvec,38f65376d05869df24fba564b3c9d9c770585ef845593a5a7ee35e393b1fbf25,7c2e03f8f1689ec6b702b60a146fcf80d6b65025bb06b2a7b6cd4ea4b31080e5,68c08aedb71b2d94416aba323fdffe239c61c4da09ff802e85d86547183f3e39,D4D350A3A3F742FC14EA8A71A1EA72CDCECCDB795DCB4A252987444FD231CC13,CF974C6C424461CE682473836D820F2FFCAF777DB7731C04263D0689190CD0F4,AE0B9A6D35BEB0F21A9E448B3F00BB4EF17D906D2521E0CEE2B466F9E7BFD9F7,22a4c14c91d8e59d6d471341aa9abe2d1788ea6d4bd9a56012bdaace96075f45
50_8_5_1,20260823,100,initial-populations/50_8_5_1/seed-20260823.fourvec,315bc2d972bd05df6fa94ff736739c8c4e82122d843e3689befdf9a7f619d60e,31921fc72655b379cef77eb380989ef7b39de5b08105bb91f5bc5f9dc61d88b3,594c887d19abc160cba285f0061e74865471770f8f67becac0daf8aadef81264,D4D350A3A3F742FC14EA8A71A1EA72CDCECCDB795DCB4A252987444FD231CC13,CF974C6C424461CE682473836D820F2FFCAF777DB7731C04263D0689190CD0F4,AE0B9A6D35BEB0F21A9E448B3F00BB4EF17D906D2521E0CEE2B466F9E7BFD9F7,22a4c14c91d8e59d6d471341aa9abe2d1788ea6d4bd9a56012bdaace96075f45
50_8_5_1,20260824,100,initial-populations/50_8_5_1/seed-20260824.fourvec,0938420a4e46dbdf48f998a3e673fbd3fe0ceddb96329d923f239c86ffbb7848,a87265d88ea31cd4342b7cb3c95b1b8b128046a9afa47f803fc68945e60b4fb2,4547f0fdcd7f1b2adcc109e84b12049167f87111eb275c207d1f60a95c1794a9,D4D350A3A3F742FC14EA8A71A1EA72CDCECCDB795DCB4A252987444FD231CC13,CF974C6C424461CE682473836D820F2FFCAF777DB7731C04263D0689190CD0F4,AE0B9A6D35BEB0F21A9E448B3F00BB4EF17D906D2521E0CEE2B466F9E7BFD9F7,22a4c14c91d8e59d6d471341aa9abe2d1788ea6d4bd9a56012bdaace96075f45
50_8_5_1,20260825,100,initial-populations/50_8_5_1/seed-20260825.fourvec,3bbd1ae18bdc52d313991159f98c89be4b17438b0774b717163220f2d89a8eaa,e55e52c4966c778bb0171891325ce988e268901fc68f010bd9e61f0ca125bd3b,f995214e6a0df0e18fe973325cf71a0abec3a25ba05d576d9188e1eddf512e55,D4D350A3A3F742FC14EA8A71A1EA72CDCECCDB795DCB4A252987444FD231CC13,CF974C6C424461CE682473836D820F2FFCAF777DB7731C04263D0689190CD0F4,AE0B9A6D35BEB0F21A9E448B3F00BB4EF17D906D2521E0CEE2B466F9E7BFD9F7,22a4c14c91d8e59d6d471341aa9abe2d1788ea6d4bd9a56012bdaace96075f45
50_8_5_1,20260826,100,initial-populations/50_8_5_1/seed-20260826.fourvec,e78c4768c6947bf53b489dd5fc860f822461209cb1146524619f0c0010bdc361,ceb2bf5d8898fb8b08ee20612b90ccaa47ee5521563306c7dc499a84db9007af,a258272106ae249c9d96b19bf2c528ce9cf23afd52be560829ca0c367e448a46,D4D350A3A3F742FC14EA8A71A1EA72CDCECCDB795DCB4A252987444FD231CC13,CF974C6C424461CE682473836D820F2FFCAF777DB7731C04263D0689190CD0F4,AE0B9A6D35BEB0F21A9E448B3F00BB4EF17D906D2521E0CEE2B466F9E7BFD9F7,22a4c14c91d8e59d6d471341aa9abe2d1788ea6d4bd9a56012bdaace96075f45
50_8_5_1,20260827,100,initial-populations/50_8_5_1/seed-20260827.fourvec,737014ce2e5e54395ad5ab0acec94d553c0611c78717a807ac2b0147a8fb2690,b608f7b2e7fcbe5abbf1d7dfc09feed42d0cc319a108cde3ebe4c2078445c2d3,f9eb8c4335050294abced9196e54d2297825df0e9391950eadc59966c415be65,D4D350A3A3F742FC14EA8A71A1EA72CDCECCDB795DCB4A252987444FD231CC13,CF974C6C424461CE682473836D820F2FFCAF777DB7731C04263D0689190CD0F4,AE0B9A6D35BEB0F21A9E448B3F00BB4EF17D906D2521E0CEE2B466F9E7BFD9F7,22a4c14c91d8e59d6d471341aa9abe2d1788ea6d4bd9a56012bdaace96075f45
100_2_3_1,20260808,100,initial-populations/100_2_3_1/seed-20260808.fourvec,429ac3e820eb1376209c2cbb8f08f92dc7794ef7c4bc9e76b52abc9ef87acf80,3bcab90c031f79ff578e421680afe70b64589942b7c87949a2f72f0cf29e51cc,a6ba8fea18ec294cd38dfdd7566004f115cef56ea69370171cb181ffa3e7501b,4FB1FAD50B5C6F798580A37FF155EB9168932F1791C0262F37571D6CE91A39FA,711B2A2E5088B2CC50FFFCFA0B92720A2922023BDD22065A756B9C24C6CF3B96,01F4805BDD98902A8DC4EA02DC5A98D2FDEC5B2AE7F32C873062A238379592F4,89cca2071a24160acbcec31b776236c1fa782e79943f3292701754f0d3925bb7
100_2_3_1,20260809,100,initial-populations/100_2_3_1/seed-20260809.fourvec,7b8f7b5a4bb0be30e67de93754e7df9fde94d8c8dbf5998726479d8e61b8f188,4c88293a8b0c1e499c2f3667af72d04b250dbb13fa6111f4776566340ec70c49,82a4d848579c0463e56cc272a20da5d021ac44b2c73cbb51382c6a23ff0e0be8,4FB1FAD50B5C6F798580A37FF155EB9168932F1791C0262F37571D6CE91A39FA,711B2A2E5088B2CC50FFFCFA0B92720A2922023BDD22065A756B9C24C6CF3B96,01F4805BDD98902A8DC4EA02DC5A98D2FDEC5B2AE7F32C873062A238379592F4,89cca2071a24160acbcec31b776236c1fa782e79943f3292701754f0d3925bb7
100_2_3_1,20260810,100,initial-populations/100_2_3_1/seed-20260810.fourvec,22eec5cf353842470aa9b56f28638168f3e152a5b11d9ab3177c0cbdc33847cd,4ee55c39d82b5f22adebc0a1da97f71ca6ec52e2093b2932f6060e6a707465c5,850358c1ec2561f65f9fefb1ed4506d8f92933a5c85eeae21181dcac07bceb55,4FB1FAD50B5C6F798580A37FF155EB9168932F1791C0262F37571D6CE91A39FA,711B2A2E5088B2CC50FFFCFA0B92720A2922023BDD22065A756B9C24C6CF3B96,01F4805BDD98902A8DC4EA02DC5A98D2FDEC5B2AE7F32C873062A238379592F4,89cca2071a24160acbcec31b776236c1fa782e79943f3292701754f0d3925bb7
100_2_3_1,20260811,100,initial-populations/100_2_3_1/seed-20260811.fourvec,0eedf4078ff26bd53ce03e6d41ef2232aa160bb44cabfcacd997f8216f062de6,e25863c8282747abde40ca706cae19a530d387de314f07ae38880fdea0851209,b2c5db424f1cd161dbf9f12dd3c7e8e3bb785e94e32f925e33e08222b88a8c17,4FB1FAD50B5C6F798580A37FF155EB9168932F1791C0262F37571D6CE91A39FA,711B2A2E5088B2CC50FFFCFA0B92720A2922023BDD22065A756B9C24C6CF3B96,01F4805BDD98902A8DC4EA02DC5A98D2FDEC5B2AE7F32C873062A238379592F4,89cca2071a24160acbcec31b776236c1fa782e79943f3292701754f0d3925bb7
100_2_3_1,20260812,100,initial-populations/100_2_3_1/seed-20260812.fourvec,731ed3af5c94aa04cb2a3cbf934e87bf05e175068a99f091c7d5809b85e79bd7,3157767a891bd76404682b514bd9553c321fdec7edda673fc60bd182fa62ee55,b05db9f32e8aec9cd53b3a64d0c17302f394ca2a5ec77222d4d6d4c832eb29d8,4FB1FAD50B5C6F798580A37FF155EB9168932F1791C0262F37571D6CE91A39FA,711B2A2E5088B2CC50FFFCFA0B92720A2922023BDD22065A756B9C24C6CF3B96,01F4805BDD98902A8DC4EA02DC5A98D2FDEC5B2AE7F32C873062A238379592F4,89cca2071a24160acbcec31b776236c1fa782e79943f3292701754f0d3925bb7
100_2_3_1,20260813,100,initial-populations/100_2_3_1/seed-20260813.fourvec,325f6fba0b8737a9155e65dfff6787481b0c8801b693c555c56d889bcbc4b261,f7b11fe7efca7d0375b1fe5cb562c37af098b89b470f51cb57fcb854be0c58d6,3961bc3e62f9fb6955f6f90f6245ab2e4069c617870067a95369fc981a4e36f5,4FB1FAD50B5C6F798580A37FF155EB9168932F1791C0262F37571D6CE91A39FA,711B2A2E5088B2CC50FFFCFA0B92720A2922023BDD22065A756B9C24C6CF3B96,01F4805BDD98902A8DC4EA02DC5A98D2FDEC5B2AE7F32C873062A238379592F4,89cca2071a24160acbcec31b776236c1fa782e79943f3292701754f0d3925bb7
100_2_3_1,20260814,100,initial-populations/100_2_3_1/seed-20260814.fourvec,f7ab324c77639840e75e2483576c99a0f7ddffa4d3ea39a05e24c03620e714b2,5866add64cc2e42f6969752dd793479c1f84f2cc450ae2436911f1a56d23878e,517e24b55b1179c774f4e9fbc8bb2adc4ea5298d3b72ba525e5a60ef0fc5d1da,4FB1FAD50B5C6F798580A37FF155EB9168932F1791C0262F37571D6CE91A39FA,711B2A2E5088B2CC50FFFCFA0B92720A2922023BDD22065A756B9C24C6CF3B96,01F4805BDD98902A8DC4EA02DC5A98D2FDEC5B2AE7F32C873062A238379592F4,89cca2071a24160acbcec31b776236c1fa782e79943f3292701754f0d3925bb7
100_2_3_1,20260815,100,initial-populations/100_2_3_1/seed-20260815.fourvec,a439055751a81cfa37f2e7521a8313d1c119f59234187712fa0ed200bf69da55,a53d3ff2ef6b1030c530bb5dbefb245afe87dfa9d0fb3beeb716a79120ac3e41,28472b56da9a1008a67c965f959a18a334e2130fdb57fbeb8bf2670b4ed96a41,4FB1FAD50B5C6F798580A37FF155EB9168932F1791C0262F37571D6CE91A39FA,711B2A2E5088B2CC50FFFCFA0B92720A2922023BDD22065A756B9C24C6CF3B96,01F4805BDD98902A8DC4EA02DC5A98D2FDEC5B2AE7F32C873062A238379592F4,89cca2071a24160acbcec31b776236c1fa782e79943f3292701754f0d3925bb7
100_2_3_1,20260816,100,initial-populations/100_2_3_1/seed-20260816.fourvec,f641ffabef4ac19027209948c6adfe34cf604134132263678d36cf239b0f6e4b,325dbb5aa4d2011f8558567dd23ffddf9ecd9885b17283df4a8360b5d10edfaf,e75c5a4862a6880b7f975322a7a13979ca726b252348a63231397386745b12c6,4FB1FAD50B5C6F798580A37FF155EB9168932F1791C0262F37571D6CE91A39FA,711B2A2E5088B2CC50FFFCFA0B92720A2922023BDD22065A756B9C24C6CF3B96,01F4805BDD98902A8DC4EA02DC5A98D2FDEC5B2AE7F32C873062A238379592F4,89cca2071a24160acbcec31b776236c1fa782e79943f3292701754f0d3925bb7
100_2_3_1,20260817,100,initial-populations/100_2_3_1/seed-20260817.fourvec,eeef8599eb8616aba02cac539cc15892e50c0a343464cf717793f3a151eff81f,c5089a7d7e9a5b39382102285d5632b193f7781d9990b0c31694ae115e834947,d8a6018066ea3f97a6fb8c05a981a6127b6b006e364843a703597c814abde7b4,4FB1FAD50B5C6F798580A37FF155EB9168932F1791C0262F37571D6CE91A39FA,711B2A2E5088B2CC50FFFCFA0B92720A2922023BDD22065A756B9C24C6CF3B96,01F4805BDD98902A8DC4EA02DC5A98D2FDEC5B2AE7F32C873062A238379592F4,89cca2071a24160acbcec31b776236c1fa782e79943f3292701754f0d3925bb7
100_2_3_1,20260818,100,initial-populations/100_2_3_1/seed-20260818.fourvec,f087ec758bcc31df7b2a084efe9fa7e11698ab8a7939899060790a8e0d6e3779,6ae123118bfe329a7314b444ad209922a319b5c15b244806c7ed82ab11ddb524,45ae297034378b5eb7eceba3da5c99f6e15020d2dde684da1888659a4e7f5531,4FB1FAD50B5C6F798580A37FF155EB9168932F1791C0262F37571D6CE91A39FA,711B2A2E5088B2CC50FFFCFA0B92720A2922023BDD22065A756B9C24C6CF3B96,01F4805BDD98902A8DC4EA02DC5A98D2FDEC5B2AE7F32C873062A238379592F4,89cca2071a24160acbcec31b776236c1fa782e79943f3292701754f0d3925bb7
100_2_3_1,20260819,100,initial-populations/100_2_3_1/seed-20260819.fourvec,e1b2bc857d615fb13cad9589523ca79851784cc613d7184fda3c9807b15e19df,6693754561a4bb9a40226d855bd4babe58a6283a5a030a278a923373e7ee2ef4,e55db948029ae2d9dcf9d04660087cf337c0538625e8ae2cc076594505f43083,4FB1FAD50B5C6F798580A37FF155EB9168932F1791C0262F37571D6CE91A39FA,711B2A2E5088B2CC50FFFCFA0B92720A2922023BDD22065A756B9C24C6CF3B96,01F4805BDD98902A8DC4EA02DC5A98D2FDEC5B2AE7F32C873062A238379592F4,89cca2071a24160acbcec31b776236c1fa782e79943f3292701754f0d3925bb7
100_2_3_1,20260820,100,initial-populations/100_2_3_1/seed-20260820.fourvec,8eac9949cc19636c91e2b2d6b908a9d07a6abd229152154b6e755d1fefb42cbe,7e7b79980c96919af33a4cb4ff6554f737fd88d02d2f413bd9f37ec48986bdaa,242d836873ccf372a7724ac8367eb295c4415555600a683e54c9f815720d2e84,4FB1FAD50B5C6F798580A37FF155EB9168932F1791C0262F37571D6CE91A39FA,711B2A2E5088B2CC50FFFCFA0B92720A2922023BDD22065A756B9C24C6CF3B96,01F4805BDD98902A8DC4EA02DC5A98D2FDEC5B2AE7F32C873062A238379592F4,89cca2071a24160acbcec31b776236c1fa782e79943f3292701754f0d3925bb7
100_2_3_1,20260821,100,initial-populations/100_2_3_1/seed-20260821.fourvec,ec372a6abe5140d26cc0c5177293536d5067711299cb09580d3d9ed9841be9b4,16cba03fefe3e248e0f16f9f8313ae6c94d3d0a0282ae250d4a221e7f859d08c,452a5360cdb37dedb5287b6d7b17859381b1eb92afbf6eda63c56d12ee410757,4FB1FAD50B5C6F798580A37FF155EB9168932F1791C0262F37571D6CE91A39FA,711B2A2E5088B2CC50FFFCFA0B92720A2922023BDD22065A756B9C24C6CF3B96,01F4805BDD98902A8DC4EA02DC5A98D2FDEC5B2AE7F32C873062A238379592F4,89cca2071a24160acbcec31b776236c1fa782e79943f3292701754f0d3925bb7
100_2_3_1,20260822,100,initial-populations/100_2_3_1/seed-20260822.fourvec,40e2dcb74c6348d182007f0270275940e6d03c04e0bfafa0fa371869b4dfb290,20523f779af9ac93037a427ad13ffc984ae91f2f6b2633b12ab32c5e60bdde15,c4c7800ea246802eaebc1788f304a0c70858d6b9da7abb72850ff450d406e614,4FB1FAD50B5C6F798580A37FF155EB9168932F1791C0262F37571D6CE91A39FA,711B2A2E5088B2CC50FFFCFA0B92720A2922023BDD22065A756B9C24C6CF3B96,01F4805BDD98902A8DC4EA02DC5A98D2FDEC5B2AE7F32C873062A238379592F4,89cca2071a24160acbcec31b776236c1fa782e79943f3292701754f0d3925bb7
100_2_3_1,20260823,100,initial-populations/100_2_3_1/seed-20260823.fourvec,52eae553c9a9cb1c6e5d391a3bfee99e5569799ecace89e6ae93d9eb45b592d4,0a30162de74c5cffd774940eadd6abf80bc0f10b7698e7f2d9da4a9c8935ba93,4715a7cb10804878123440f67db1e61581b342cc089dc1d907e1f669bd695469,4FB1FAD50B5C6F798580A37FF155EB9168932F1791C0262F37571D6CE91A39FA,711B2A2E5088B2CC50FFFCFA0B92720A2922023BDD22065A756B9C24C6CF3B96,01F4805BDD98902A8DC4EA02DC5A98D2FDEC5B2AE7F32C873062A238379592F4,89cca2071a24160acbcec31b776236c1fa782e79943f3292701754f0d3925bb7
100_2_3_1,20260824,100,initial-populations/100_2_3_1/seed-20260824.fourvec,43f1dac84f1ef792bb28d0edd5bb7e15e91a9cbcd78f400d73fb158dccdbf5b4,389cb022a25e0fdc460c05c81dae7fd8f8b34ac9ffb09b67e5f7a201f93a9130,9db2526a2c7b64b7b81524e5484ad4861dbd74975318cabb640e6749d42db23e,4FB1FAD50B5C6F798580A37FF155EB9168932F1791C0262F37571D6CE91A39FA,711B2A2E5088B2CC50FFFCFA0B92720A2922023BDD22065A756B9C24C6CF3B96,01F4805BDD98902A8DC4EA02DC5A98D2FDEC5B2AE7F32C873062A238379592F4,89cca2071a24160acbcec31b776236c1fa782e79943f3292701754f0d3925bb7
100_2_3_1,20260825,100,initial-populations/100_2_3_1/seed-20260825.fourvec,28047dfa1f52cc923e21b68f2e2a62dd6d988ef4837c2fcf157a131d5cf62abb,4de978850ee4363559d5251e7478863c7eb1cebc863cec53015f3a9220a9fac8,bcac86d94235c6a6e8215f358e2b47acd5e217db8cc851bd82b05b43aa8a7df6,4FB1FAD50B5C6F798580A37FF155EB9168932F1791C0262F37571D6CE91A39FA,711B2A2E5088B2CC50FFFCFA0B92720A2922023BDD22065A756B9C24C6CF3B96,01F4805BDD98902A8DC4EA02DC5A98D2FDEC5B2AE7F32C873062A238379592F4,89cca2071a24160acbcec31b776236c1fa782e79943f3292701754f0d3925bb7
100_2_3_1,20260826,100,initial-populations/100_2_3_1/seed-20260826.fourvec,51d9173c9884cf3abf727213ff5c7c428c7b46abbf7b9e3035f0269c696600ec,c021cb08d9ce7d079b6bebff0c96b4ad83bb09055fec4256c742c150c853fabc,7141f5fcfa5579e36eb536c629d618f213899771ea01c9f2052d5e5f83bc9dda,4FB1FAD50B5C6F798580A37FF155EB9168932F1791C0262F37571D6CE91A39FA,711B2A2E5088B2CC50FFFCFA0B92720A2922023BDD22065A756B9C24C6CF3B96,01F4805BDD98902A8DC4EA02DC5A98D2FDEC5B2AE7F32C873062A238379592F4,89cca2071a24160acbcec31b776236c1fa782e79943f3292701754f0d3925bb7
100_2_3_1,20260827,100,initial-populations/100_2_3_1/seed-20260827.fourvec,b43f8095a31d9fdf7aef6f60abf54f65365927b101de893c42afe1ae5ef976fa,d990675d955f7c5baa5d503f4820a1603d3789ad1018e3f051b59be57fea50fa,ffe77765403e99034194b579e921e02d88508ee081336566f008ce06be250702,4FB1FAD50B5C6F798580A37FF155EB9168932F1791C0262F37571D6CE91A39FA,711B2A2E5088B2CC50FFFCFA0B92720A2922023BDD22065A756B9C24C6CF3B96,01F4805BDD98902A8DC4EA02DC5A98D2FDEC5B2AE7F32C873062A238379592F4,89cca2071a24160acbcec31b776236c1fa782e79943f3292701754f0d3925bb7
100_2_4_1,20260808,100,initial-populations/100_2_4_1/seed-20260808.fourvec,6e2e59c81b75f46fee1747609bf7053aaffcac01b27fba4693effdad433f504b,f3945df644a290c13bdfa458c312093abe2185e3deb8c4a8fa6b22baf18b9f5a,c00f8a711eaf0bb538d24e29b735c5240b5de4b697046a534f1d1f7cf8795cb3,10B57D8C0C8EC590DD9AE0CE3EB265FC0E50C7FA52196EFE2FF7FB085060B8D3,D75804C87845A324E6AD80CD15D182CD5336D47B81E1EEDC1ECD9E82A3B86B28,75E0D4C8A4E974D18F9103DC505C5178DEF8D7E33CDB4A074D56584239435CF1,256ec17ae86fc2db6e3a81867d4343730fedfa2d18ce1659d12d894f00900908
100_2_4_1,20260809,100,initial-populations/100_2_4_1/seed-20260809.fourvec,2e602771991bf6aeaabcd2084511a0f338b6aba2c1eb51cc810e0c76034fcff4,b66e27254e62f477cd69054f8d7b4cb67f601e599439bba3687032d1b5025725,54f5c8c511fae3957dd9b6705fa64b685e2f0d645137f2d55c32081b99a4ce5c,10B57D8C0C8EC590DD9AE0CE3EB265FC0E50C7FA52196EFE2FF7FB085060B8D3,D75804C87845A324E6AD80CD15D182CD5336D47B81E1EEDC1ECD9E82A3B86B28,75E0D4C8A4E974D18F9103DC505C5178DEF8D7E33CDB4A074D56584239435CF1,256ec17ae86fc2db6e3a81867d4343730fedfa2d18ce1659d12d894f00900908
100_2_4_1,20260810,100,initial-populations/100_2_4_1/seed-20260810.fourvec,e8fe8795f0095c5df0024b55a0c112f7b618090b0bc90cea4af5465a20c5f527,4cfc2a02d8282062e355d0aaea47ced40cd22dc6bc53e54cb2f0c6196e644301,553fb01b5eb4382ecb4c3681378bffef57d1ab70ac2581232195e3c04049549e,10B57D8C0C8EC590DD9AE0CE3EB265FC0E50C7FA52196EFE2FF7FB085060B8D3,D75804C87845A324E6AD80CD15D182CD5336D47B81E1EEDC1ECD9E82A3B86B28,75E0D4C8A4E974D18F9103DC505C5178DEF8D7E33CDB4A074D56584239435CF1,256ec17ae86fc2db6e3a81867d4343730fedfa2d18ce1659d12d894f00900908
100_2_4_1,20260811,100,initial-populations/100_2_4_1/seed-20260811.fourvec,cf36320cecb2b3aa301b6517f8f0c73dc78932f2eb6859fe7ac1416be3a1b8e8,f7b11e509bf9769ae39e2c598d6b31caeaa19899436076c9c6af5ebdacba3548,fc7a68e8e79963f541cfb6faae5fd154495fe5cb09a1f4c038b8c9f7098371cb,10B57D8C0C8EC590DD9AE0CE3EB265FC0E50C7FA52196EFE2FF7FB085060B8D3,D75804C87845A324E6AD80CD15D182CD5336D47B81E1EEDC1ECD9E82A3B86B28,75E0D4C8A4E974D18F9103DC505C5178DEF8D7E33CDB4A074D56584239435CF1,256ec17ae86fc2db6e3a81867d4343730fedfa2d18ce1659d12d894f00900908
100_2_4_1,20260812,100,initial-populations/100_2_4_1/seed-20260812.fourvec,71526e2cbfbdf2bc01182aa0705e6657d09c080602ae4fb515dafca7e8c00849,438d013a23d96e919fe807b8d468b0d5072e95d2180851a0ea79034bfe334900,af78343eceb88acfeadba396812499d50c245de067b245d162c4220583edddec,10B57D8C0C8EC590DD9AE0CE3EB265FC0E50C7FA52196EFE2FF7FB085060B8D3,D75804C87845A324E6AD80CD15D182CD5336D47B81E1EEDC1ECD9E82A3B86B28,75E0D4C8A4E974D18F9103DC505C5178DEF8D7E33CDB4A074D56584239435CF1,256ec17ae86fc2db6e3a81867d4343730fedfa2d18ce1659d12d894f00900908
100_2_4_1,20260813,100,initial-populations/100_2_4_1/seed-20260813.fourvec,53e9433b38c069601cae556f66cd1b6eecd9c86d703f797564dad0051b761998,6f31049cc0dd5c8a96110273e9cdf00e271cf9f3d23c043436929abb9657aa4d,175022cfb4c4db5e2e363a0bd7edc765e2bb1967877bb81d3851a6768a96f7c2,10B57D8C0C8EC590DD9AE0CE3EB265FC0E50C7FA52196EFE2FF7FB085060B8D3,D75804C87845A324E6AD80CD15D182CD5336D47B81E1EEDC1ECD9E82A3B86B28,75E0D4C8A4E974D18F9103DC505C5178DEF8D7E33CDB4A074D56584239435CF1,256ec17ae86fc2db6e3a81867d4343730fedfa2d18ce1659d12d894f00900908
100_2_4_1,20260814,100,initial-populations/100_2_4_1/seed-20260814.fourvec,8ae01b6c39f2cc479376e1dda7cc150915b0361a1cb1df0c1e02a087bbd57540,e1a2933189e667aaca40caf22d5271af793ee074ab2d676f45ffe57bbf6e488c,2c231e410e6b935b2c16cc6ff4376cd30b2905d5599c49db88f0aed2a6e5f5af,10B57D8C0C8EC590DD9AE0CE3EB265FC0E50C7FA52196EFE2FF7FB085060B8D3,D75804C87845A324E6AD80CD15D182CD5336D47B81E1EEDC1ECD9E82A3B86B28,75E0D4C8A4E974D18F9103DC505C5178DEF8D7E33CDB4A074D56584239435CF1,256ec17ae86fc2db6e3a81867d4343730fedfa2d18ce1659d12d894f00900908
100_2_4_1,20260815,100,initial-populations/100_2_4_1/seed-20260815.fourvec,5a641a45f0d5637b51b3260681218a39883bd52a57b2cd6450e83c71ff005fdd,8ef16ec69490c8be1a09a9a2115097b33a214aa4eea83c9060018196cd975d95,aab172e997bceba72f94e5c5fa3e465e5af58fae5b994f3d00ddf85986270acc,10B57D8C0C8EC590DD9AE0CE3EB265FC0E50C7FA52196EFE2FF7FB085060B8D3,D75804C87845A324E6AD80CD15D182CD5336D47B81E1EEDC1ECD9E82A3B86B28,75E0D4C8A4E974D18F9103DC505C5178DEF8D7E33CDB4A074D56584239435CF1,256ec17ae86fc2db6e3a81867d4343730fedfa2d18ce1659d12d894f00900908
100_2_4_1,20260816,100,initial-populations/100_2_4_1/seed-20260816.fourvec,7b6d8f3e60882eb354d0b5d64765af80ba9c4199aecae1121b673f52109e416f,b4403d01013e15a7cf1b4b5c69c326262e65eb1f836977f284b5c294482baa02,3bacdc1e91c8f9376772c04e9a637dd6954fa5dbb65fc353ccd4492f34a9d17c,10B57D8C0C8EC590DD9AE0CE3EB265FC0E50C7FA52196EFE2FF7FB085060B8D3,D75804C87845A324E6AD80CD15D182CD5336D47B81E1EEDC1ECD9E82A3B86B28,75E0D4C8A4E974D18F9103DC505C5178DEF8D7E33CDB4A074D56584239435CF1,256ec17ae86fc2db6e3a81867d4343730fedfa2d18ce1659d12d894f00900908
100_2_4_1,20260817,100,initial-populations/100_2_4_1/seed-20260817.fourvec,44d4272d499c685d5071ce30b377fbb1072d5c12bc19ba43593df3f8f3796113,f1f1cc8bf7de49c7991aae1a536ec661252ab61c2cf36fcba364a9a14ddc0c87,a924e4fdc99da4cc6f8c87b176d78556e67d90caeb48f218cf4946d43f57df2f,10B57D8C0C8EC590DD9AE0CE3EB265FC0E50C7FA52196EFE2FF7FB085060B8D3,D75804C87845A324E6AD80CD15D182CD5336D47B81E1EEDC1ECD9E82A3B86B28,75E0D4C8A4E974D18F9103DC505C5178DEF8D7E33CDB4A074D56584239435CF1,256ec17ae86fc2db6e3a81867d4343730fedfa2d18ce1659d12d894f00900908
100_2_4_1,20260818,100,initial-populations/100_2_4_1/seed-20260818.fourvec,7302fc8143a4442a21bc4d2c6dae2d80ea12f216023c4a01c9c8176420b9b640,a28f3970480b3b4b79670475701a4955f1603dd332e1d7ac4fb6798b1645c96e,55c18993af781cd86f0b6bf5b832ee5d0545c0e00bdfff91332435193ea6cd18,10B57D8C0C8EC590DD9AE0CE3EB265FC0E50C7FA52196EFE2FF7FB085060B8D3,D75804C87845A324E6AD80CD15D182CD5336D47B81E1EEDC1ECD9E82A3B86B28,75E0D4C8A4E974D18F9103DC505C5178DEF8D7E33CDB4A074D56584239435CF1,256ec17ae86fc2db6e3a81867d4343730fedfa2d18ce1659d12d894f00900908
100_2_4_1,20260819,100,initial-populations/100_2_4_1/seed-20260819.fourvec,461978923cb56a2b84a150f972189f063615c19daf04e589dd029bee0e49738b,c787e99d5e9ded8dcd6b2f49af91ebf7e5d8cdd13e174c9cbedc7aa2f8268f81,ec6ae0b0d30730b7e7605a5e03e84f74f077043d1fb9ffbd7a250b08e30bfc0e,10B57D8C0C8EC590DD9AE0CE3EB265FC0E50C7FA52196EFE2FF7FB085060B8D3,D75804C87845A324E6AD80CD15D182CD5336D47B81E1EEDC1ECD9E82A3B86B28,75E0D4C8A4E974D18F9103DC505C5178DEF8D7E33CDB4A074D56584239435CF1,256ec17ae86fc2db6e3a81867d4343730fedfa2d18ce1659d12d894f00900908
100_2_4_1,20260820,100,initial-populations/100_2_4_1/seed-20260820.fourvec,808943cde13448da81b10cbb85e083a3c72d660c0637c8e63fe16f2b50004dca,96d10a13603e381343124fd5780c71ff17699f4bd1d6fc8e83027d39231de1da,f281c1c2d2eb54d78728e74365cabc23bf8062b27d42b639969193f7056ab07c,10B57D8C0C8EC590DD9AE0CE3EB265FC0E50C7FA52196EFE2FF7FB085060B8D3,D75804C87845A324E6AD80CD15D182CD5336D47B81E1EEDC1ECD9E82A3B86B28,75E0D4C8A4E974D18F9103DC505C5178DEF8D7E33CDB4A074D56584239435CF1,256ec17ae86fc2db6e3a81867d4343730fedfa2d18ce1659d12d894f00900908
100_2_4_1,20260821,100,initial-populations/100_2_4_1/seed-20260821.fourvec,f23bbb855fd68a3d6080b86e2f8356bdcabd1de34249d1e8c66d48ce86cd1228,433f1f4766dbb3f51b594c4f013bf0f8b1f86cbcd53b6e3cbb6a2c7e23d17b9d,f96a52e3a50f73da8ec94fa3c9c225b27919fe349a38398fe438d2ef02c09902,10B57D8C0C8EC590DD9AE0CE3EB265FC0E50C7FA52196EFE2FF7FB085060B8D3,D75804C87845A324E6AD80CD15D182CD5336D47B81E1EEDC1ECD9E82A3B86B28,75E0D4C8A4E974D18F9103DC505C5178DEF8D7E33CDB4A074D56584239435CF1,256ec17ae86fc2db6e3a81867d4343730fedfa2d18ce1659d12d894f00900908
100_2_4_1,20260822,100,initial-populations/100_2_4_1/seed-20260822.fourvec,cfc45052ac6eee887378a0fe5ff036e2e339d11ae3e631c183e665a59140294b,685e0760cee5efcc5498285e87e260b767a7fe8292f6ee9e92fb0417a2791c34,458cc51b649a1db2fbbd41a63f665453236802c5de3e7439c7d5d5f276f2d7b6,10B57D8C0C8EC590DD9AE0CE3EB265FC0E50C7FA52196EFE2FF7FB085060B8D3,D75804C87845A324E6AD80CD15D182CD5336D47B81E1EEDC1ECD9E82A3B86B28,75E0D4C8A4E974D18F9103DC505C5178DEF8D7E33CDB4A074D56584239435CF1,256ec17ae86fc2db6e3a81867d4343730fedfa2d18ce1659d12d894f00900908
100_2_4_1,20260823,100,initial-populations/100_2_4_1/seed-20260823.fourvec,39d236120feade5b7e66dc20d5e9b45a3071311df0e9ea9695ff3b23ec5a27f8,26483759e9746a042a23611b5c73f84d6d53aa69a56030dbdc6f9bc1b1ad9c25,5c56cfe9c7a682dbeed502b16c72c3848f0345f233435abc844d284f26f6d73e,10B57D8C0C8EC590DD9AE0CE3EB265FC0E50C7FA52196EFE2FF7FB085060B8D3,D75804C87845A324E6AD80CD15D182CD5336D47B81E1EEDC1ECD9E82A3B86B28,75E0D4C8A4E974D18F9103DC505C5178DEF8D7E33CDB4A074D56584239435CF1,256ec17ae86fc2db6e3a81867d4343730fedfa2d18ce1659d12d894f00900908
100_2_4_1,20260824,100,initial-populations/100_2_4_1/seed-20260824.fourvec,f05667971d096ea64a7ca1c1d7875b6760d428ffc653090d7bac6d85341d741c,33c7f8d04cb450e111d1798cbbf30c8adc16658fd1190499c734c9d445e6811d,cd4caf9095dab609a8ab2dcd035fac0781d56ef7b51e211c7845ad67f06424b4,10B57D8C0C8EC590DD9AE0CE3EB265FC0E50C7FA52196EFE2FF7FB085060B8D3,D75804C87845A324E6AD80CD15D182CD5336D47B81E1EEDC1ECD9E82A3B86B28,75E0D4C8A4E974D18F9103DC505C5178DEF8D7E33CDB4A074D56584239435CF1,256ec17ae86fc2db6e3a81867d4343730fedfa2d18ce1659d12d894f00900908
100_2_4_1,20260825,100,initial-populations/100_2_4_1/seed-20260825.fourvec,5de9b4c14d163ae0d27fcee207e62652d0b81e2d2be18f56a47a2cae26960b5c,772413cf932274aafc06b9f26e63db192b5f337d89da984af22fbee48005ddaa,be8d9899561e4c205ed3ce112afa33951a6f86e723c3cc43c4980b431aba08ca,10B57D8C0C8EC590DD9AE0CE3EB265FC0E50C7FA52196EFE2FF7FB085060B8D3,D75804C87845A324E6AD80CD15D182CD5336D47B81E1EEDC1ECD9E82A3B86B28,75E0D4C8A4E974D18F9103DC505C5178DEF8D7E33CDB4A074D56584239435CF1,256ec17ae86fc2db6e3a81867d4343730fedfa2d18ce1659d12d894f00900908
100_2_4_1,20260826,100,initial-populations/100_2_4_1/seed-20260826.fourvec,e22993002fcca78c05fe44fde9bceee3e7260547c032454efe06d3efe85f5cbd,eab4b010e325adc833f6e8d10154bde6bcd5fd384b4b2336034ca26894056d35,caf9bd53f0242d9934411a6630e64f63927564347b6d4bd904dfbf4530e7af44,10B57D8C0C8EC590DD9AE0CE3EB265FC0E50C7FA52196EFE2FF7FB085060B8D3,D75804C87845A324E6AD80CD15D182CD5336D47B81E1EEDC1ECD9E82A3B86B28,75E0D4C8A4E974D18F9103DC505C5178DEF8D7E33CDB4A074D56584239435CF1,256ec17ae86fc2db6e3a81867d4343730fedfa2d18ce1659d12d894f00900908
100_2_4_1,20260827,100,initial-populations/100_2_4_1/seed-20260827.fourvec,74a6809584c2afa495c7743dd1e2bfc795e7dd92080706484bb7b31eef02c735,51fca1935f7ea481cc45ebdf74d6a029ce5496f26ab39265111f8e2326c07ae0,ab7d46d5e836588fbeaa04e08492c7458553971b6811a13b0009d981807aacae,10B57D8C0C8EC590DD9AE0CE3EB265FC0E50C7FA52196EFE2FF7FB085060B8D3,D75804C87845A324E6AD80CD15D182CD5336D47B81E1EEDC1ECD9E82A3B86B28,75E0D4C8A4E974D18F9103DC505C5178DEF8D7E33CDB4A074D56584239435CF1,256ec17ae86fc2db6e3a81867d4343730fedfa2d18ce1659d12d894f00900908
100_2_5_1,20260808,100,initial-populations/100_2_5_1/seed-20260808.fourvec,1d80b3060c23e306e7d3811cc8c6f71cf115c614ac45ec4e4808ced8200f29d2,d041ad8535938a9ef020fbc87444ff1035a0f3e8c29ce8595a5b6220d8c23016,e4082307b9b72529236fd7fc7a3cd7d130e4baeef28c93c317f9befaf2fbe6f8,DB4CE471EC8FFA8F31149558F092327D6CBF1A06E0BB82D80E136C5F38FCCBA9,D387736BB670A36F46F1C56A849AC9E889915D840BB5B3C8E806BA3457FF5191,97D7695C5DBC257CD381D18EDC84368D7C155BD9826D145D8D4D1AAF3F69A33F,5be786573599193155a4321b99daa432e59a9ba9ec1c56fe946099e4831c5897
100_2_5_1,20260809,100,initial-populations/100_2_5_1/seed-20260809.fourvec,cdc728c7db4dcea632f1608de4672a2b67934ba3cef326bf02728f3419ee3454,564d42ad9589b4703330756fc849cc15b25b87d0700b57f04f4966b5d928f3bf,2e20c8ae2f416b2bddb9d92524d3e4ee7a1a01f3cc4cf50492e674456fead122,DB4CE471EC8FFA8F31149558F092327D6CBF1A06E0BB82D80E136C5F38FCCBA9,D387736BB670A36F46F1C56A849AC9E889915D840BB5B3C8E806BA3457FF5191,97D7695C5DBC257CD381D18EDC84368D7C155BD9826D145D8D4D1AAF3F69A33F,5be786573599193155a4321b99daa432e59a9ba9ec1c56fe946099e4831c5897
100_2_5_1,20260810,100,initial-populations/100_2_5_1/seed-20260810.fourvec,6d8d8b8341247cdb336b08364f133f3d41688ff75f0c1184742247257d996f21,4d8efebfbe03d8d4e29d1065356d963ef5a717e3ece31a3cb562d7dbe8e9b509,fee7f43a986e6ac5f6700f5dc3bdcd8a09d6446df730ef430dc0f189059b903b,DB4CE471EC8FFA8F31149558F092327D6CBF1A06E0BB82D80E136C5F38FCCBA9,D387736BB670A36F46F1C56A849AC9E889915D840BB5B3C8E806BA3457FF5191,97D7695C5DBC257CD381D18EDC84368D7C155BD9826D145D8D4D1AAF3F69A33F,5be786573599193155a4321b99daa432e59a9ba9ec1c56fe946099e4831c5897
100_2_5_1,20260811,100,initial-populations/100_2_5_1/seed-20260811.fourvec,ee2219d84f17bc1fff5944bdd27ba41b38488ba7b6bbfbb78c39f875f08b7166,64778e6077a5ac52edab1b22d806b6b99c8c969b92a3c0a5eaf5150e0c0b4162,5feba6f626d1bf621b5a3beed167676747063525803fcbe7f14d49fa172b35e5,DB4CE471EC8FFA8F31149558F092327D6CBF1A06E0BB82D80E136C5F38FCCBA9,D387736BB670A36F46F1C56A849AC9E889915D840BB5B3C8E806BA3457FF5191,97D7695C5DBC257CD381D18EDC84368D7C155BD9826D145D8D4D1AAF3F69A33F,5be786573599193155a4321b99daa432e59a9ba9ec1c56fe946099e4831c5897
100_2_5_1,20260812,100,initial-populations/100_2_5_1/seed-20260812.fourvec,929e9531b94358ba6d7491fc24b9b635f589e820edb064d19e3b57d65b4510d2,5b3169383407eea0464df3084ac44c5e109017252f80348228907c0b0b375365,09efd9662fbdb6b084c8533d5d319f52f6ba34051c2a3e3d0d937917be14b1f2,DB4CE471EC8FFA8F31149558F092327D6CBF1A06E0BB82D80E136C5F38FCCBA9,D387736BB670A36F46F1C56A849AC9E889915D840BB5B3C8E806BA3457FF5191,97D7695C5DBC257CD381D18EDC84368D7C155BD9826D145D8D4D1AAF3F69A33F,5be786573599193155a4321b99daa432e59a9ba9ec1c56fe946099e4831c5897
100_2_5_1,20260813,100,initial-populations/100_2_5_1/seed-20260813.fourvec,899fcc6d280610e4725488e97919c6c721c4c17a37a188f662ae2e25bde1eed6,362254d62ce7b65aae94ede0e7ea2a98dbacf683b7fae46450501166880439b9,073039476f4f8aec835a8cd79fa7c2d0f7a318705ec3bb6d46eec9c6bcfa85ac,DB4CE471EC8FFA8F31149558F092327D6CBF1A06E0BB82D80E136C5F38FCCBA9,D387736BB670A36F46F1C56A849AC9E889915D840BB5B3C8E806BA3457FF5191,97D7695C5DBC257CD381D18EDC84368D7C155BD9826D145D8D4D1AAF3F69A33F,5be786573599193155a4321b99daa432e59a9ba9ec1c56fe946099e4831c5897
100_2_5_1,20260814,100,initial-populations/100_2_5_1/seed-20260814.fourvec,701c21efbec1252a2f31a338541b9187b5e334fc298ff747ce4373693018230a,bc01bcd5d36f6b12208d937972016291d423707f1e3bc9738c6f559d96ebc69f,c76b93f496300aac922d99c2b584b384519451f5f68702fff1fe7cdda74fbc8a,DB4CE471EC8FFA8F31149558F092327D6CBF1A06E0BB82D80E136C5F38FCCBA9,D387736BB670A36F46F1C56A849AC9E889915D840BB5B3C8E806BA3457FF5191,97D7695C5DBC257CD381D18EDC84368D7C155BD9826D145D8D4D1AAF3F69A33F,5be786573599193155a4321b99daa432e59a9ba9ec1c56fe946099e4831c5897
100_2_5_1,20260815,100,initial-populations/100_2_5_1/seed-20260815.fourvec,e62a3deb9c1e7a993dd57abfcceabb820d3132a215919db3acd2266a33c6ebde,aed6b20982395f431808636a2cfffc14bbf75ae05f1fde07fcc6f68466af8d81,17fad5aa690c65fa04dd1730c07f8e01d3fb7fd433c1c790ac4e7772e70e6665,DB4CE471EC8FFA8F31149558F092327D6CBF1A06E0BB82D80E136C5F38FCCBA9,D387736BB670A36F46F1C56A849AC9E889915D840BB5B3C8E806BA3457FF5191,97D7695C5DBC257CD381D18EDC84368D7C155BD9826D145D8D4D1AAF3F69A33F,5be786573599193155a4321b99daa432e59a9ba9ec1c56fe946099e4831c5897
100_2_5_1,20260816,100,initial-populations/100_2_5_1/seed-20260816.fourvec,07ec40c498b561ad0e6b1b0fecdcf6450bd5b1129678bda45d477d15803d3707,55cb135a21d23ba42a7ae64d0822ba9efa338a05dcb0357e3d0148d63d426100,72ca02bac2ad94470a5fe0b7e56de1adb81f129774f78548d1b5cde13d97e328,DB4CE471EC8FFA8F31149558F092327D6CBF1A06E0BB82D80E136C5F38FCCBA9,D387736BB670A36F46F1C56A849AC9E889915D840BB5B3C8E806BA3457FF5191,97D7695C5DBC257CD381D18EDC84368D7C155BD9826D145D8D4D1AAF3F69A33F,5be786573599193155a4321b99daa432e59a9ba9ec1c56fe946099e4831c5897
100_2_5_1,20260817,100,initial-populations/100_2_5_1/seed-20260817.fourvec,978c8d0826e2e7a85bc16fd9185423dce830224b34e1f43d45def7ea1cc92d1e,8f9cb0f80a59ec504e48ce6add81e359ee1dd519868125522c58e01613f4567a,34773f4e917b72297b19fd6ba720abf7a44ce91a9de23afa86347c0b9a4ea451,DB4CE471EC8FFA8F31149558F092327D6CBF1A06E0BB82D80E136C5F38FCCBA9,D387736BB670A36F46F1C56A849AC9E889915D840BB5B3C8E806BA3457FF5191,97D7695C5DBC257CD381D18EDC84368D7C155BD9826D145D8D4D1AAF3F69A33F,5be786573599193155a4321b99daa432e59a9ba9ec1c56fe946099e4831c5897
100_2_5_1,20260818,100,initial-populations/100_2_5_1/seed-20260818.fourvec,4fa8dd01fee73a6775060f913b9721abc69056423c47e9c6e4d3df4573a5bd6c,fe6bf27cbd3454615e790c044ec3d37f64a260092360357388eab42beab20333,7fe2cc640a29d85932a4dae7082a79309ccf5d0942c6788aa8d9dd74d6880413,DB4CE471EC8FFA8F31149558F092327D6CBF1A06E0BB82D80E136C5F38FCCBA9,D387736BB670A36F46F1C56A849AC9E889915D840BB5B3C8E806BA3457FF5191,97D7695C5DBC257CD381D18EDC84368D7C155BD9826D145D8D4D1AAF3F69A33F,5be786573599193155a4321b99daa432e59a9ba9ec1c56fe946099e4831c5897
100_2_5_1,20260819,100,initial-populations/100_2_5_1/seed-20260819.fourvec,1b1eefe2febe702d4bb9b4c15acc03c3e533a5f67af32ed4063f1bd92a73e734,18af8778d1dde5f4e1547992871106cd74295a4396df6de9a67a225a90c4ecb8,0eaff647adad7c51774b34de8ebc9e72d781264ad5a6c28d34bd05c058965e20,DB4CE471EC8FFA8F31149558F092327D6CBF1A06E0BB82D80E136C5F38FCCBA9,D387736BB670A36F46F1C56A849AC9E889915D840BB5B3C8E806BA3457FF5191,97D7695C5DBC257CD381D18EDC84368D7C155BD9826D145D8D4D1AAF3F69A33F,5be786573599193155a4321b99daa432e59a9ba9ec1c56fe946099e4831c5897
100_2_5_1,20260820,100,initial-populations/100_2_5_1/seed-20260820.fourvec,61e76a7cd6d5b89d92fade760b9e29f13e14329f74e55845a70f7bffb40c9e2a,164c495b874f11b9ee9f93111c345cfd660ca53475dd38f6ec0070b837051ec0,306a376547c2e3a62ff16248227eb4de92202f833a24ebbdb24befad0d53ce6e,DB4CE471EC8FFA8F31149558F092327D6CBF1A06E0BB82D80E136C5F38FCCBA9,D387736BB670A36F46F1C56A849AC9E889915D840BB5B3C8E806BA3457FF5191,97D7695C5DBC257CD381D18EDC84368D7C155BD9826D145D8D4D1AAF3F69A33F,5be786573599193155a4321b99daa432e59a9ba9ec1c56fe946099e4831c5897
100_2_5_1,20260821,100,initial-populations/100_2_5_1/seed-20260821.fourvec,af6516d01486f069298f7f2cd2aa27bb2e134b5189e7ae2d7a014f2b0f1450ec,b0a63976edc54d45be2ccbda67ade8685e3f9e2ba27c5ecb3a1fd8754e1dee2e,ffb0abf6bebac1b19508af0b9efc79e353397a9937626dcb65c8b09f341ba6e7,DB4CE471EC8FFA8F31149558F092327D6CBF1A06E0BB82D80E136C5F38FCCBA9,D387736BB670A36F46F1C56A849AC9E889915D840BB5B3C8E806BA3457FF5191,97D7695C5DBC257CD381D18EDC84368D7C155BD9826D145D8D4D1AAF3F69A33F,5be786573599193155a4321b99daa432e59a9ba9ec1c56fe946099e4831c5897
100_2_5_1,20260822,100,initial-populations/100_2_5_1/seed-20260822.fourvec,265762315f2e1e3e76437fdcb51b3e6cb398b37fd5e2727b8b7fcc973c8e3948,6127a6451f94cbee80fea6d4189dc7d24c6dcbaba59be355233def1e686a8501,e56a59dc7f220f08fe23c0a7c524ae3001db4bec4a9c5a20bcb68307c92d44f1,DB4CE471EC8FFA8F31149558F092327D6CBF1A06E0BB82D80E136C5F38FCCBA9,D387736BB670A36F46F1C56A849AC9E889915D840BB5B3C8E806BA3457FF5191,97D7695C5DBC257CD381D18EDC84368D7C155BD9826D145D8D4D1AAF3F69A33F,5be786573599193155a4321b99daa432e59a9ba9ec1c56fe946099e4831c5897
100_2_5_1,20260823,100,initial-populations/100_2_5_1/seed-20260823.fourvec,7311f4ecc8d7a10d205631164eb081dbea48de6c46c0eb722b10089b3d6245cd,debb9c4e1342c86695c7ff967df9ac11fddf7fd4165a2bec57ff0ea6219e471b,d5d4f5e4a408733e38ee408e60f0a1b4b00552f51fb1ffaa338df158c58c5015,DB4CE471EC8FFA8F31149558F092327D6CBF1A06E0BB82D80E136C5F38FCCBA9,D387736BB670A36F46F1C56A849AC9E889915D840BB5B3C8E806BA3457FF5191,97D7695C5DBC257CD381D18EDC84368D7C155BD9826D145D8D4D1AAF3F69A33F,5be786573599193155a4321b99daa432e59a9ba9ec1c56fe946099e4831c5897
100_2_5_1,20260824,100,initial-populations/100_2_5_1/seed-20260824.fourvec,1546cec5021b448fe54393a6474b3c9a59c3702912f84b5a563a4ebfd9f69aee,12c37d7ed44a9fb2cc75aa3f9206899122473d295d22771745a4782d63ad0411,3de7180ce10b1c03a4f6c4b50620c31450597faba0436bac70c6b7f2881b0018,DB4CE471EC8FFA8F31149558F092327D6CBF1A06E0BB82D80E136C5F38FCCBA9,D387736BB670A36F46F1C56A849AC9E889915D840BB5B3C8E806BA3457FF5191,97D7695C5DBC257CD381D18EDC84368D7C155BD9826D145D8D4D1AAF3F69A33F,5be786573599193155a4321b99daa432e59a9ba9ec1c56fe946099e4831c5897
100_2_5_1,20260825,100,initial-populations/100_2_5_1/seed-20260825.fourvec,1fdcaab9baec4e33564871f2b8b7267d91ad63e07bdd491146fbe5ba4fdcb08e,a889f00c00b46dd8025d54333feacd934e3224f68582852a06a2e26921edb76a,195d04b72f6968bc8c1bf66f4ade03bb1c05826c66e1a28cb2360fb27bce075e,DB4CE471EC8FFA8F31149558F092327D6CBF1A06E0BB82D80E136C5F38FCCBA9,D387736BB670A36F46F1C56A849AC9E889915D840BB5B3C8E806BA3457FF5191,97D7695C5DBC257CD381D18EDC84368D7C155BD9826D145D8D4D1AAF3F69A33F,5be786573599193155a4321b99daa432e59a9ba9ec1c56fe946099e4831c5897
100_2_5_1,20260826,100,initial-populations/100_2_5_1/seed-20260826.fourvec,0db300afa441cecee7be2d44ae22e626406508a62d1540b4d741410c5ac725d2,b790d98da5b86d7de4a3a1819760988e57ac4fcd99f7d3fbb19e506682351136,9b97ca1899c3276195c95039bc1cceb5239bc02a2e4aa18a060b60b7ff57bc40,DB4CE471EC8FFA8F31149558F092327D6CBF1A06E0BB82D80E136C5F38FCCBA9,D387736BB670A36F46F1C56A849AC9E889915D840BB5B3C8E806BA3457FF5191,97D7695C5DBC257CD381D18EDC84368D7C155BD9826D145D8D4D1AAF3F69A33F,5be786573599193155a4321b99daa432e59a9ba9ec1c56fe946099e4831c5897
100_2_5_1,20260827,100,initial-populations/100_2_5_1/seed-20260827.fourvec,dbbe731f4b8bb9f46702103ce1fa64ffbecbe71c0953272a2f00145d18117ab6,774f6e98c28fe8a1db754d4b0d7ab51b7c4998598a76c0a14f441267f7e5f0af,2f77300102064775f085b97323dce60924f046ada224140a1d76216082702f1a,DB4CE471EC8FFA8F31149558F092327D6CBF1A06E0BB82D80E136C5F38FCCBA9,D387736BB670A36F46F1C56A849AC9E889915D840BB5B3C8E806BA3457FF5191,97D7695C5DBC257CD381D18EDC84368D7C155BD9826D145D8D4D1AAF3F69A33F,5be786573599193155a4321b99daa432e59a9ba9ec1c56fe946099e4831c5897
100_5_3_1,20260808,100,initial-populations/100_5_3_1/seed-20260808.fourvec,fd32224bc3e49dde02f69351f99b33957022eca591a789852e02b034d31d5a2a,e781dca0d89e18fa540c73a63962c45dc3f59ca0bc2883eb7aee0fb4e795c6f5,494ab8395946a6c1aba71267bebc73da912add3f5930890c7a3b15e23e6a919e,2E88FA97A6F84AF347A4603F04C387A65C8F9891BCAB8AC6B70FDEC622EA35CF,E7E9FF7F646351FECB5801EC2EC177CEE2C00775173E4DE6841577695E8E58E1,81CAD959F27E461E41882E7353AC5F23574FA6DC50637F59E281B1E8788967A1,892c7c3feddd09848bf35bac1a90a529153ad77b3cb712a36f357cd214cc79f4
100_5_3_1,20260809,100,initial-populations/100_5_3_1/seed-20260809.fourvec,18af4c2a11d360d2a874e4cb7ab8880b095786214b26463b4775b6c13a45ac8f,3648e4d2740cb8ea8117acd9326210a6b46c915dff4dc9d9a1ac2a7433ba197a,db9d701a6f5cb6b4614eb5bb29dd1fc635055f63e6eb5da9f0b6b7130ba74c88,2E88FA97A6F84AF347A4603F04C387A65C8F9891BCAB8AC6B70FDEC622EA35CF,E7E9FF7F646351FECB5801EC2EC177CEE2C00775173E4DE6841577695E8E58E1,81CAD959F27E461E41882E7353AC5F23574FA6DC50637F59E281B1E8788967A1,892c7c3feddd09848bf35bac1a90a529153ad77b3cb712a36f357cd214cc79f4
100_5_3_1,20260810,100,initial-populations/100_5_3_1/seed-20260810.fourvec,a9d6eac3a84917bb0e964164c99ca56617651461df192905456d27d3ef50186d,05de43005242ee4fd5f82ffe6f38ad7312169deb56a645e21e46231f9b71fa91,4f76a2fbbd37e0ec7b7313242fb3189ae3e5e52da495bfe31f8c115d5ff8f651,2E88FA97A6F84AF347A4603F04C387A65C8F9891BCAB8AC6B70FDEC622EA35CF,E7E9FF7F646351FECB5801EC2EC177CEE2C00775173E4DE6841577695E8E58E1,81CAD959F27E461E41882E7353AC5F23574FA6DC50637F59E281B1E8788967A1,892c7c3feddd09848bf35bac1a90a529153ad77b3cb712a36f357cd214cc79f4
100_5_3_1,20260811,100,initial-populations/100_5_3_1/seed-20260811.fourvec,14950a16096e4f6a02d1747df24b8cf84c01157d1f9d378deae213fd3a06f65c,06d776a410dcdf674f3fece7de5ad96e84a6676499f547efb75e63046360f7d3,99ccdedcc9ad2b7c91a2fc81084fbd7cc80c1ccc1a71b5fb3147f392dd07cc3c,2E88FA97A6F84AF347A4603F04C387A65C8F9891BCAB8AC6B70FDEC622EA35CF,E7E9FF7F646351FECB5801EC2EC177CEE2C00775173E4DE6841577695E8E58E1,81CAD959F27E461E41882E7353AC5F23574FA6DC50637F59E281B1E8788967A1,892c7c3feddd09848bf35bac1a90a529153ad77b3cb712a36f357cd214cc79f4
100_5_3_1,20260812,100,initial-populations/100_5_3_1/seed-20260812.fourvec,4a8d3f3809de23d70674b6a565ba9cc09ec127fcc787a2af1278db6fff48e245,794b13f3a9a8bc2e78985f99dadf3a18c05a346a90388df49e061e7ff7b2b1cd,f08305a02d6829c37127ddd6ad93d28738fe88a79fda2c6e76a22bcbc5e4d608,2E88FA97A6F84AF347A4603F04C387A65C8F9891BCAB8AC6B70FDEC622EA35CF,E7E9FF7F646351FECB5801EC2EC177CEE2C00775173E4DE6841577695E8E58E1,81CAD959F27E461E41882E7353AC5F23574FA6DC50637F59E281B1E8788967A1,892c7c3feddd09848bf35bac1a90a529153ad77b3cb712a36f357cd214cc79f4
100_5_3_1,20260813,100,initial-populations/100_5_3_1/seed-20260813.fourvec,27d5f247f921de9b92f4b08f46f4a1cc6251b469ba03441fa2a3797d886b18ba,f30bd1f424a66aaea8e8cb2f896cecd6a221f346d07bd36e05dd36ce5bc43658,079ceb3b97429b3bb856d8b71ab4bd8f648a6aebddeb6e0b095248aaf9617bee,2E88FA97A6F84AF347A4603F04C387A65C8F9891BCAB8AC6B70FDEC622EA35CF,E7E9FF7F646351FECB5801EC2EC177CEE2C00775173E4DE6841577695E8E58E1,81CAD959F27E461E41882E7353AC5F23574FA6DC50637F59E281B1E8788967A1,892c7c3feddd09848bf35bac1a90a529153ad77b3cb712a36f357cd214cc79f4
100_5_3_1,20260814,100,initial-populations/100_5_3_1/seed-20260814.fourvec,b2ac6596bc85e5fb98b2190deaf6509d0509db3f7b971b283e0d02eb507ec51d,5ce732a1e8f45f0fb9ebf1124f7832083b9147ed80d0bee5e46c04cfcdf25ecc,278b223b7ff1b3f0e926a1683393321d7922e30d3e3c0e00531406cb3a8676f0,2E88FA97A6F84AF347A4603F04C387A65C8F9891BCAB8AC6B70FDEC622EA35CF,E7E9FF7F646351FECB5801EC2EC177CEE2C00775173E4DE6841577695E8E58E1,81CAD959F27E461E41882E7353AC5F23574FA6DC50637F59E281B1E8788967A1,892c7c3feddd09848bf35bac1a90a529153ad77b3cb712a36f357cd214cc79f4
100_5_3_1,20260815,100,initial-populations/100_5_3_1/seed-20260815.fourvec,1f446578d749d3e920f68a8fe5f88d2d79972818732bbb9e2e186913b7c1974b,0deca2a15a0e14535eb0d24a5b27ad86dd1c10377ca81d1069937e3affca2936,4560ddfbecfc1580f7752a0d62647d7b1429b0039fc203aaa4bc2befc4a5b6ae,2E88FA97A6F84AF347A4603F04C387A65C8F9891BCAB8AC6B70FDEC622EA35CF,E7E9FF7F646351FECB5801EC2EC177CEE2C00775173E4DE6841577695E8E58E1,81CAD959F27E461E41882E7353AC5F23574FA6DC50637F59E281B1E8788967A1,892c7c3feddd09848bf35bac1a90a529153ad77b3cb712a36f357cd214cc79f4
100_5_3_1,20260816,100,initial-populations/100_5_3_1/seed-20260816.fourvec,871d86d947d650e06bd1635be225ae5f80dcdaffb6cd9db280902ac582417110,24dbfa4e8e56f4a3d2a2eae992bb1540aa8b76d0476fddff23cffcea5811e16b,a3274e9944b56bd70a8e527644b401d6d01c2b3415e998482e7879d05db0c155,2E88FA97A6F84AF347A4603F04C387A65C8F9891BCAB8AC6B70FDEC622EA35CF,E7E9FF7F646351FECB5801EC2EC177CEE2C00775173E4DE6841577695E8E58E1,81CAD959F27E461E41882E7353AC5F23574FA6DC50637F59E281B1E8788967A1,892c7c3feddd09848bf35bac1a90a529153ad77b3cb712a36f357cd214cc79f4
100_5_3_1,20260817,100,initial-populations/100_5_3_1/seed-20260817.fourvec,37072c1c0a3a3b8f1790cc8116b67a224f627fa7ec84de6c9f6aede2eca0c3f4,f293a7f2b090b0fafc6596443728e04b2062c9d95cb03b33facd4af971636d4d,3f288f56e7ce2cdef2039602198df10d98d41cdad5daf0c2dabe0e136ffd8ada,2E88FA97A6F84AF347A4603F04C387A65C8F9891BCAB8AC6B70FDEC622EA35CF,E7E9FF7F646351FECB5801EC2EC177CEE2C00775173E4DE6841577695E8E58E1,81CAD959F27E461E41882E7353AC5F23574FA6DC50637F59E281B1E8788967A1,892c7c3feddd09848bf35bac1a90a529153ad77b3cb712a36f357cd214cc79f4
100_5_3_1,20260818,100,initial-populations/100_5_3_1/seed-20260818.fourvec,dac326f86a34c0c25425664f08a82628d358e6c7db463ce6f1a5e3182cf2e925,e27333cd0572bd1eed37d30b78a8a82412cb750c86484e76c461071bbb04407b,d8a7c4afa79001faab8df44bc5458231d4d97392fd26c6ad5d80bce56f6bee57,2E88FA97A6F84AF347A4603F04C387A65C8F9891BCAB8AC6B70FDEC622EA35CF,E7E9FF7F646351FECB5801EC2EC177CEE2C00775173E4DE6841577695E8E58E1,81CAD959F27E461E41882E7353AC5F23574FA6DC50637F59E281B1E8788967A1,892c7c3feddd09848bf35bac1a90a529153ad77b3cb712a36f357cd214cc79f4
100_5_3_1,20260819,100,initial-populations/100_5_3_1/seed-20260819.fourvec,8f0ed1354af8af13f9202f7d067a0d040e1253c1d7816cd05256eea84024c5d4,c0bfbca58a8c338c4df5e16e57f0cc167d8c8942faf612993fba4895d972e8b2,aabea66d846921aa2c0aed112f80fa4176d98124f795e9bd38e298938d81c867,2E88FA97A6F84AF347A4603F04C387A65C8F9891BCAB8AC6B70FDEC622EA35CF,E7E9FF7F646351FECB5801EC2EC177CEE2C00775173E4DE6841577695E8E58E1,81CAD959F27E461E41882E7353AC5F23574FA6DC50637F59E281B1E8788967A1,892c7c3feddd09848bf35bac1a90a529153ad77b3cb712a36f357cd214cc79f4
100_5_3_1,20260820,100,initial-populations/100_5_3_1/seed-20260820.fourvec,97fc026eb5fa17c9caa20aab2370e85048e7261b6d5b7c4731a25d30e54be810,023a2ef69c9d480affe5b991c8acc4f491bbe987baf18a755dcf8b1e20cb4b29,6f9e40e6b5cd9b1d634219af6991fb1d0efbc642e031ccaac63bfe002ffb6149,2E88FA97A6F84AF347A4603F04C387A65C8F9891BCAB8AC6B70FDEC622EA35CF,E7E9FF7F646351FECB5801EC2EC177CEE2C00775173E4DE6841577695E8E58E1,81CAD959F27E461E41882E7353AC5F23574FA6DC50637F59E281B1E8788967A1,892c7c3feddd09848bf35bac1a90a529153ad77b3cb712a36f357cd214cc79f4
100_5_3_1,20260821,100,initial-populations/100_5_3_1/seed-20260821.fourvec,c193458c5dc8520ef42e6864173419eb8a165020d403278b3f5c17e4b1839333,3e5cc017d5b675cc5b82c6456fd86893737fcad4a1a12dbc693f606e5fd30f0c,1a3bde3ab1f4ec1b94612d31f104ab448aea6dc64e63fbe2e0d94d11b51c5c60,2E88FA97A6F84AF347A4603F04C387A65C8F9891BCAB8AC6B70FDEC622EA35CF,E7E9FF7F646351FECB5801EC2EC177CEE2C00775173E4DE6841577695E8E58E1,81CAD959F27E461E41882E7353AC5F23574FA6DC50637F59E281B1E8788967A1,892c7c3feddd09848bf35bac1a90a529153ad77b3cb712a36f357cd214cc79f4
100_5_3_1,20260822,100,initial-populations/100_5_3_1/seed-20260822.fourvec,55dd3b3e9284e98fd2e4125e517fe6ca396803dbfb35f6487ee781b788d5fe93,3f26eb3cdeece33ca1319efe82565d875d322f3cf854288585b60e77adac1ced,571d8f83c4c8030dc513b69d497ca561e1fdae81600e8ea57fd2d3fe10eed474,2E88FA97A6F84AF347A4603F04C387A65C8F9891BCAB8AC6B70FDEC622EA35CF,E7E9FF7F646351FECB5801EC2EC177CEE2C00775173E4DE6841577695E8E58E1,81CAD959F27E461E41882E7353AC5F23574FA6DC50637F59E281B1E8788967A1,892c7c3feddd09848bf35bac1a90a529153ad77b3cb712a36f357cd214cc79f4
100_5_3_1,20260823,100,initial-populations/100_5_3_1/seed-20260823.fourvec,0c1a07e49c0ca79f4a7908886f4d0e455f2246b9bd8cfa8cf9e541ff110431dd,4e55d254271636804fa8cffa414790e1bb322890c70b10bedf97e2ee93f5c999,06471261951af6590eeb279c8c5a4423876892011fd1fc54ff0fc4597f1a8a77,2E88FA97A6F84AF347A4603F04C387A65C8F9891BCAB8AC6B70FDEC622EA35CF,E7E9FF7F646351FECB5801EC2EC177CEE2C00775173E4DE6841577695E8E58E1,81CAD959F27E461E41882E7353AC5F23574FA6DC50637F59E281B1E8788967A1,892c7c3feddd09848bf35bac1a90a529153ad77b3cb712a36f357cd214cc79f4
100_5_3_1,20260824,100,initial-populations/100_5_3_1/seed-20260824.fourvec,17f71e98212607a10489ac99cbea0cc14ef1220ab4602365da8520af3d1d6b25,be80281ffaa9202d225eac9a30bf2761d8e8478f08b69f4af4014fdbf48a0a44,8b9b9f19768126cbe994fb353812e59302c66bb3333d72eaa4abe12d84c0df93,2E88FA97A6F84AF347A4603F04C387A65C8F9891BCAB8AC6B70FDEC622EA35CF,E7E9FF7F646351FECB5801EC2EC177CEE2C00775173E4DE6841577695E8E58E1,81CAD959F27E461E41882E7353AC5F23574FA6DC50637F59E281B1E8788967A1,892c7c3feddd09848bf35bac1a90a529153ad77b3cb712a36f357cd214cc79f4
100_5_3_1,20260825,100,initial-populations/100_5_3_1/seed-20260825.fourvec,6d19463cdfeaf45d1d40f003b2702cac70a0fc540024ae492f4fd43b87f277b5,765c03bf515ce55f88f9b8909c5540d6f5b2bac580e2ca24a13d01fc9e8d1a88,4059c418d1537fd37c5a9a551a4887bb7a9cf1dc9403172e9032804460784834,2E88FA97A6F84AF347A4603F04C387A65C8F9891BCAB8AC6B70FDEC622EA35CF,E7E9FF7F646351FECB5801EC2EC177CEE2C00775173E4DE6841577695E8E58E1,81CAD959F27E461E41882E7353AC5F23574FA6DC50637F59E281B1E8788967A1,892c7c3feddd09848bf35bac1a90a529153ad77b3cb712a36f357cd214cc79f4
100_5_3_1,20260826,100,initial-populations/100_5_3_1/seed-20260826.fourvec,428dd04770cc7fc94354ffe843ce2d59ec9409123740170ed96e0982b768bdd8,7ec86b898eadd841284a7ad0deb3cc7269cd00972ca8a4bf05d89b91756af832,97bcb40ae3a9c648b7358c2e799e9700b1398b52ecec5812c31cf08ab2fec67a,2E88FA97A6F84AF347A4603F04C387A65C8F9891BCAB8AC6B70FDEC622EA35CF,E7E9FF7F646351FECB5801EC2EC177CEE2C00775173E4DE6841577695E8E58E1,81CAD959F27E461E41882E7353AC5F23574FA6DC50637F59E281B1E8788967A1,892c7c3feddd09848bf35bac1a90a529153ad77b3cb712a36f357cd214cc79f4
100_5_3_1,20260827,100,initial-populations/100_5_3_1/seed-20260827.fourvec,38c2ec4f40be2de7e1923f05bf2080ac0ce1324726afe79bb1acff7c1ee571df,538deac93a6ef0d04242333cfc2785752d123a77f0fdc7d539e18e04fcb31a58,ac532e1ea30d8ebaa0921b8ae3f9cb518709d55ca7789b94b7e04a7d47648ffe,2E88FA97A6F84AF347A4603F04C387A65C8F9891BCAB8AC6B70FDEC622EA35CF,E7E9FF7F646351FECB5801EC2EC177CEE2C00775173E4DE6841577695E8E58E1,81CAD959F27E461E41882E7353AC5F23574FA6DC50637F59E281B1E8788967A1,892c7c3feddd09848bf35bac1a90a529153ad77b3cb712a36f357cd214cc79f4
100_5_4_1,20260808,100,initial-populations/100_5_4_1/seed-20260808.fourvec,631248e22cae1bac4911cc478f2291059fb7329e6721b3d9baf344266c906e5a,8457f4cc9359cf10e5da62518de234968fe562854ec7a649586713fd4721d2e5,a3fd2ed24c4e2ec82f401c073318078d023e2675f9384f46b01b17ac5c9465af,A71D5E6BA1E0FDF7FAE45B1336684C83FFB49D4CDFA45B39F046333235E22903,1E3CA6B9D5F0CBD7AD7AE3CF7B395339802C940A1F5BA38A51F56873C5EB6842,36EEA9EFAF14FF79EACE5C70F98786A6598B531EEA88249081AB7E9847C3082A,734dc610bead83234691327c48db1758c1cc3d7c3fea3244e98e81f5a80e1dba
100_5_4_1,20260809,100,initial-populations/100_5_4_1/seed-20260809.fourvec,aa02099e10d407c42725cb7d0c434e4ddabb343f6d274c15d0784a7746c3ef2a,79e93276f8e2834dc418c86b12aaec55c42b9ea054d1525c25796ed0c25488dd,852aac68653b7218850c8461a8b6ded1db99aded74259bb2c8d1bb7325583b1a,A71D5E6BA1E0FDF7FAE45B1336684C83FFB49D4CDFA45B39F046333235E22903,1E3CA6B9D5F0CBD7AD7AE3CF7B395339802C940A1F5BA38A51F56873C5EB6842,36EEA9EFAF14FF79EACE5C70F98786A6598B531EEA88249081AB7E9847C3082A,734dc610bead83234691327c48db1758c1cc3d7c3fea3244e98e81f5a80e1dba
100_5_4_1,20260810,100,initial-populations/100_5_4_1/seed-20260810.fourvec,683a063047918f950bc7d575811ec4bd46c8710183fae7661ae6af4cd27f74ab,62d73624ae93adadfe996ceea63ffd8f404f7b7a21a1098e94de62ac052552de,d1f5e5f40128d3651e7940a1703b8b36d285c254c7e586afbe80982411b0e052,A71D5E6BA1E0FDF7FAE45B1336684C83FFB49D4CDFA45B39F046333235E22903,1E3CA6B9D5F0CBD7AD7AE3CF7B395339802C940A1F5BA38A51F56873C5EB6842,36EEA9EFAF14FF79EACE5C70F98786A6598B531EEA88249081AB7E9847C3082A,734dc610bead83234691327c48db1758c1cc3d7c3fea3244e98e81f5a80e1dba
100_5_4_1,20260811,100,initial-populations/100_5_4_1/seed-20260811.fourvec,80ac59e64fb3986b3a733a62ff5ecc3eec857fab0c4233b2d59c873c1b1210cf,c35ec5327449a5ed20284f7f7df9acff9cfe5b176bc5992bfbcf61bde1d2ab21,897b4a8b83dd1c4b000c1853dbf4e6770388b574d1a3b916d08f123f60e968a0,A71D5E6BA1E0FDF7FAE45B1336684C83FFB49D4CDFA45B39F046333235E22903,1E3CA6B9D5F0CBD7AD7AE3CF7B395339802C940A1F5BA38A51F56873C5EB6842,36EEA9EFAF14FF79EACE5C70F98786A6598B531EEA88249081AB7E9847C3082A,734dc610bead83234691327c48db1758c1cc3d7c3fea3244e98e81f5a80e1dba
100_5_4_1,20260812,100,initial-populations/100_5_4_1/seed-20260812.fourvec,d34a6ed99d69afdfa3486ccf074c3e95ea871995ba1fec83ccda9a15b78b99de,51410619db05dc9ddf02b9c562dd9788c92bc26b2d8559fb7becfb4a63a8b505,97b03e6b9b7ad961942291f5c9b998d457c83c74fb17b0e3fd430d50434f3fe0,A71D5E6BA1E0FDF7FAE45B1336684C83FFB49D4CDFA45B39F046333235E22903,1E3CA6B9D5F0CBD7AD7AE3CF7B395339802C940A1F5BA38A51F56873C5EB6842,36EEA9EFAF14FF79EACE5C70F98786A6598B531EEA88249081AB7E9847C3082A,734dc610bead83234691327c48db1758c1cc3d7c3fea3244e98e81f5a80e1dba
100_5_4_1,20260813,100,initial-populations/100_5_4_1/seed-20260813.fourvec,3ccdfe4407229c420cb6dd21105f6d745b40997a25fec761389bf315a7c568d7,d157a8574b4566fcf864d05b95045bfb0d4acbbbae5c43c9004f2fc37b2c2fa6,fdbea9e93bb5d06a431775f53f73a3ac4dbc5fc5077e19fa6ea3e1490ed99c51,A71D5E6BA1E0FDF7FAE45B1336684C83FFB49D4CDFA45B39F046333235E22903,1E3CA6B9D5F0CBD7AD7AE3CF7B395339802C940A1F5BA38A51F56873C5EB6842,36EEA9EFAF14FF79EACE5C70F98786A6598B531EEA88249081AB7E9847C3082A,734dc610bead83234691327c48db1758c1cc3d7c3fea3244e98e81f5a80e1dba
100_5_4_1,20260814,100,initial-populations/100_5_4_1/seed-20260814.fourvec,b59c1d98644310e460980899659b3a9b575aa028c2905f24592ba85555e6bb9f,bcba79e8d876f8f151bfdbb89b3290a9dbc9a092b49b845eeaf8160a02f9b347,94da7be96b47cf342a42a58aa5f4db0b46ded8f19994add28c9879f6bf5d8b4d,A71D5E6BA1E0FDF7FAE45B1336684C83FFB49D4CDFA45B39F046333235E22903,1E3CA6B9D5F0CBD7AD7AE3CF7B395339802C940A1F5BA38A51F56873C5EB6842,36EEA9EFAF14FF79EACE5C70F98786A6598B531EEA88249081AB7E9847C3082A,734dc610bead83234691327c48db1758c1cc3d7c3fea3244e98e81f5a80e1dba
100_5_4_1,20260815,100,initial-populations/100_5_4_1/seed-20260815.fourvec,299d00bdaca9c5989e9913f99c0cf68feec7250be2f39bd54e444f0b3886ab9c,ade30a22de03aeb0217056817dd847d066b2be3581185f4679deb285448390fd,54b7d5e81a3939ee6623e2c3b752db32e3020725f500fc0f09fc621ccbf3dee7,A71D5E6BA1E0FDF7FAE45B1336684C83FFB49D4CDFA45B39F046333235E22903,1E3CA6B9D5F0CBD7AD7AE3CF7B395339802C940A1F5BA38A51F56873C5EB6842,36EEA9EFAF14FF79EACE5C70F98786A6598B531EEA88249081AB7E9847C3082A,734dc610bead83234691327c48db1758c1cc3d7c3fea3244e98e81f5a80e1dba
100_5_4_1,20260816,100,initial-populations/100_5_4_1/seed-20260816.fourvec,10adc5d1dcb4703ac50d48f9866b38c87783c5c9290659c71f794df85d245176,fa1fefe07275bc52a1e07a2116fc4377734b3f928fe85ddec8ea8c603ead18d3,53d7df1940818da3c743e3ca37d3914c6ce6c58a71ee7cd8e250bb3fa1fddb6b,A71D5E6BA1E0FDF7FAE45B1336684C83FFB49D4CDFA45B39F046333235E22903,1E3CA6B9D5F0CBD7AD7AE3CF7B395339802C940A1F5BA38A51F56873C5EB6842,36EEA9EFAF14FF79EACE5C70F98786A6598B531EEA88249081AB7E9847C3082A,734dc610bead83234691327c48db1758c1cc3d7c3fea3244e98e81f5a80e1dba
100_5_4_1,20260817,100,initial-populations/100_5_4_1/seed-20260817.fourvec,bab0cff096925b56a8ba46ac1ce5fe28c2f7fbccaf37fe461628512a82ffde08,0f6c6381dfd3d9d5c6270f67fcb7c44f78f50f54037f9f43d42181d861537b65,9353ffa70956f7ddab7a012631e83fea02623e0975f2bc0dccf22882ab860d98,A71D5E6BA1E0FDF7FAE45B1336684C83FFB49D4CDFA45B39F046333235E22903,1E3CA6B9D5F0CBD7AD7AE3CF7B395339802C940A1F5BA38A51F56873C5EB6842,36EEA9EFAF14FF79EACE5C70F98786A6598B531EEA88249081AB7E9847C3082A,734dc610bead83234691327c48db1758c1cc3d7c3fea3244e98e81f5a80e1dba
100_5_4_1,20260818,100,initial-populations/100_5_4_1/seed-20260818.fourvec,6f4b0e10ec3e1b5d7ae6a2efce2c3e8732a860169babd1eee72553f67714737a,1d863ab485b7ce0684a8e17336ddffafe217445fb9338671273924352d2f364b,c7d56449886f9deb52847ae24a5b1277cf9bb39fdcba8d1d41f794f00fcfc0e5,A71D5E6BA1E0FDF7FAE45B1336684C83FFB49D4CDFA45B39F046333235E22903,1E3CA6B9D5F0CBD7AD7AE3CF7B395339802C940A1F5BA38A51F56873C5EB6842,36EEA9EFAF14FF79EACE5C70F98786A6598B531EEA88249081AB7E9847C3082A,734dc610bead83234691327c48db1758c1cc3d7c3fea3244e98e81f5a80e1dba
100_5_4_1,20260819,100,initial-populations/100_5_4_1/seed-20260819.fourvec,ae58c887eb60980ad0a1c27457ad81c4e4c0b4847d926388f28c5a3b1e2c63ed,9c57393f7b1a566e98a420224fd447554c9aa04e1ce7d196a325bc0a683deb7f,fee1b9bedbec39bce9eee3a43ae38470c4a1570ad6b153870ce61c8f4d2325fa,A71D5E6BA1E0FDF7FAE45B1336684C83FFB49D4CDFA45B39F046333235E22903,1E3CA6B9D5F0CBD7AD7AE3CF7B395339802C940A1F5BA38A51F56873C5EB6842,36EEA9EFAF14FF79EACE5C70F98786A6598B531EEA88249081AB7E9847C3082A,734dc610bead83234691327c48db1758c1cc3d7c3fea3244e98e81f5a80e1dba
100_5_4_1,20260820,100,initial-populations/100_5_4_1/seed-20260820.fourvec,c2417798424570e743d48fd523f3512393f99baa6577023114cca2f7d8ad12e7,ecbaa33fdd2d72fca37e0742a553c494c666b5a4da77d352fadd4ce81bbb87ea,0cf0e6347a56ea0122eee03c65b276848215baceab42affee8bf91455d517ee8,A71D5E6BA1E0FDF7FAE45B1336684C83FFB49D4CDFA45B39F046333235E22903,1E3CA6B9D5F0CBD7AD7AE3CF7B395339802C940A1F5BA38A51F56873C5EB6842,36EEA9EFAF14FF79EACE5C70F98786A6598B531EEA88249081AB7E9847C3082A,734dc610bead83234691327c48db1758c1cc3d7c3fea3244e98e81f5a80e1dba
100_5_4_1,20260821,100,initial-populations/100_5_4_1/seed-20260821.fourvec,742237058429c5664c4b92436353aabdec4965eb7564a3f3074fd779fe3f6511,5e759c14fab2bf15d24909ef3a359f072aca5c867749ade4ab03d02dfede9ed0,32551dcc99b62a96bf01c03ca40f36b147e37955b61d5f0be639dcd9a815099f,A71D5E6BA1E0FDF7FAE45B1336684C83FFB49D4CDFA45B39F046333235E22903,1E3CA6B9D5F0CBD7AD7AE3CF7B395339802C940A1F5BA38A51F56873C5EB6842,36EEA9EFAF14FF79EACE5C70F98786A6598B531EEA88249081AB7E9847C3082A,734dc610bead83234691327c48db1758c1cc3d7c3fea3244e98e81f5a80e1dba
100_5_4_1,20260822,100,initial-populations/100_5_4_1/seed-20260822.fourvec,6a7bc0a58b905dfc81475c06f565bca152fb7f3f1680cdbe68b13ce8d3255d36,2d691fcec552446e4fbffe0d830a9cdddbd731177e03c6a5949ee98dbdfeb91a,ed783d3f99e6c89b2fe19fc995c4755ae58b1e4fd9c68c2d99c2e1f9ef13a0ed,A71D5E6BA1E0FDF7FAE45B1336684C83FFB49D4CDFA45B39F046333235E22903,1E3CA6B9D5F0CBD7AD7AE3CF7B395339802C940A1F5BA38A51F56873C5EB6842,36EEA9EFAF14FF79EACE5C70F98786A6598B531EEA88249081AB7E9847C3082A,734dc610bead83234691327c48db1758c1cc3d7c3fea3244e98e81f5a80e1dba
100_5_4_1,20260823,100,initial-populations/100_5_4_1/seed-20260823.fourvec,44caca844e5411a11947bbebbe90ef3b30cacb1c8fd2d4ac120cd93b669c5426,290ca710c7de7064a5ae8ed783ac5152942e105a986c8169427e0b541887ffdc,1f8b0ea8cc7bcf5bb505faf393b86cd57f9165c3d7ec49174c702b895d81b896,A71D5E6BA1E0FDF7FAE45B1336684C83FFB49D4CDFA45B39F046333235E22903,1E3CA6B9D5F0CBD7AD7AE3CF7B395339802C940A1F5BA38A51F56873C5EB6842,36EEA9EFAF14FF79EACE5C70F98786A6598B531EEA88249081AB7E9847C3082A,734dc610bead83234691327c48db1758c1cc3d7c3fea3244e98e81f5a80e1dba
100_5_4_1,20260824,100,initial-populations/100_5_4_1/seed-20260824.fourvec,051a5214b1de00f26ff21e7a220ff5ca1822435e1ac7a044680c945598f5a747,fd5dc522e8fcae95b59ce2dd8587b5308b3933daa0ee09ec63fd4378f3a3bbbb,51fc3e2d2d2873376d904bd1596985a62439c5b4d903f8f8d60d0f05a5716770,A71D5E6BA1E0FDF7FAE45B1336684C83FFB49D4CDFA45B39F046333235E22903,1E3CA6B9D5F0CBD7AD7AE3CF7B395339802C940A1F5BA38A51F56873C5EB6842,36EEA9EFAF14FF79EACE5C70F98786A6598B531EEA88249081AB7E9847C3082A,734dc610bead83234691327c48db1758c1cc3d7c3fea3244e98e81f5a80e1dba
100_5_4_1,20260825,100,initial-populations/100_5_4_1/seed-20260825.fourvec,7c0013a2ac60110d409b3b655a682d9b20e8e9fd8b6f71a0af5cc5668500542d,65404f8d21fb47aded9758b6815abadc5aeab10e6337e294fca4ebef33eac520,b730241dc4dcc4f08ce687b7c9dfb6e1198386145af28a992a91564532c4c8cf,A71D5E6BA1E0FDF7FAE45B1336684C83FFB49D4CDFA45B39F046333235E22903,1E3CA6B9D5F0CBD7AD7AE3CF7B395339802C940A1F5BA38A51F56873C5EB6842,36EEA9EFAF14FF79EACE5C70F98786A6598B531EEA88249081AB7E9847C3082A,734dc610bead83234691327c48db1758c1cc3d7c3fea3244e98e81f5a80e1dba
100_5_4_1,20260826,100,initial-populations/100_5_4_1/seed-20260826.fourvec,09575b9bc9b18a347835b2c64a8fb24a2fc545502dc8cb393c359900092b6584,7da9313f4a2de3b80c8460f1b8399783df4ef2084efdd425d255ad03233b5d95,bcfef89163e3be1ae1f440ee133a68193c7f0ca34b4891779e458b92a5003190,A71D5E6BA1E0FDF7FAE45B1336684C83FFB49D4CDFA45B39F046333235E22903,1E3CA6B9D5F0CBD7AD7AE3CF7B395339802C940A1F5BA38A51F56873C5EB6842,36EEA9EFAF14FF79EACE5C70F98786A6598B531EEA88249081AB7E9847C3082A,734dc610bead83234691327c48db1758c1cc3d7c3fea3244e98e81f5a80e1dba
100_5_4_1,20260827,100,initial-populations/100_5_4_1/seed-20260827.fourvec,531916455bd6de3c02c5d63812d31c610a1ceecabfb47079b654997708ccb524,c8d9b9b01b0fee0f3c12ec39b7484dfdf7b24d32bf0b37d1a8c3a7c85fec1d88,f95c33efd1011ea5e74edfa13ee762ec83da742f79edaebf77dd3a008fef8f71,A71D5E6BA1E0FDF7FAE45B1336684C83FFB49D4CDFA45B39F046333235E22903,1E3CA6B9D5F0CBD7AD7AE3CF7B395339802C940A1F5BA38A51F56873C5EB6842,36EEA9EFAF14FF79EACE5C70F98786A6598B531EEA88249081AB7E9847C3082A,734dc610bead83234691327c48db1758c1cc3d7c3fea3244e98e81f5a80e1dba
100_5_5_1,20260808,100,initial-populations/100_5_5_1/seed-20260808.fourvec,8f591534fcf46333b342967d2652e234dfe35ce1147443592e1554261a4eefbd,9f0ce5284eec7f3a3a3ee0a5884bee094204405dee94a5a8ba2a708bb6e65df3,7384e686af6dfc87a0848dc83181c3b0b8d009e2483f2e3d20bf1b4b884ea20b,C9AC7CD32CE3C2CA6761A29B9C91A2498265FBFDE3986CB77CD27FF9E4BC6DDD,5C88EEECA0F331F41624A6D634693EBC45314168EF949BDE4359153F2BFA68D5,F1F8EC2FAFC5CB28EFE90583B047783D43AAED6E982FCF1FF0B504238B4644D7,e130f369d4d8899b754ba1d69f4db7989d297e78a4d3916c0b9282da30f972f2
100_5_5_1,20260809,100,initial-populations/100_5_5_1/seed-20260809.fourvec,8cc9cdf81c11eeff2e0346d6675143fe19691caa99e70b50b67d4796f192f9f2,e6680231e47a32a712e0f427f10c36c21470f02d1798680b88d8940f59f284f3,17e461114ba7d0db75b03adf715b3ae87cc319f6ba040f249b2e2f433d031da9,C9AC7CD32CE3C2CA6761A29B9C91A2498265FBFDE3986CB77CD27FF9E4BC6DDD,5C88EEECA0F331F41624A6D634693EBC45314168EF949BDE4359153F2BFA68D5,F1F8EC2FAFC5CB28EFE90583B047783D43AAED6E982FCF1FF0B504238B4644D7,e130f369d4d8899b754ba1d69f4db7989d297e78a4d3916c0b9282da30f972f2
100_5_5_1,20260810,100,initial-populations/100_5_5_1/seed-20260810.fourvec,9d44cf491be2c85f029d5413b02b5b35fd8bb218ad2d73c68159a7f5a694967c,499f3030a9b49ceabb3b9242b7e3c93eb5f7eb942740efdc7bb0f57e1a0bcfdb,6762609d943ec1e8bb43d58db3064dea6b0967ae430cc91e374a933fe204d0c5,C9AC7CD32CE3C2CA6761A29B9C91A2498265FBFDE3986CB77CD27FF9E4BC6DDD,5C88EEECA0F331F41624A6D634693EBC45314168EF949BDE4359153F2BFA68D5,F1F8EC2FAFC5CB28EFE90583B047783D43AAED6E982FCF1FF0B504238B4644D7,e130f369d4d8899b754ba1d69f4db7989d297e78a4d3916c0b9282da30f972f2
100_5_5_1,20260811,100,initial-populations/100_5_5_1/seed-20260811.fourvec,24ada08cebfa15a1011b777967519cdf1329d1ad9113f4dd6371a814b29ea0a8,fafa86240cad06cc15afb6dec03ea2e60b2eaddf83054478a97fd3468905e3cd,1b6fa910188e712110aa5c6c21906eae01326d16290a2cd408766a15925760f2,C9AC7CD32CE3C2CA6761A29B9C91A2498265FBFDE3986CB77CD27FF9E4BC6DDD,5C88EEECA0F331F41624A6D634693EBC45314168EF949BDE4359153F2BFA68D5,F1F8EC2FAFC5CB28EFE90583B047783D43AAED6E982FCF1FF0B504238B4644D7,e130f369d4d8899b754ba1d69f4db7989d297e78a4d3916c0b9282da30f972f2
100_5_5_1,20260812,100,initial-populations/100_5_5_1/seed-20260812.fourvec,28c5605e4a9f2d2e80277c601c150e784e649b969368932bcc30513581f6afa7,77c213c5ebcf7b4c301880e33e0036025835a018f6a5d92d7a525859f203e59a,5c28a1bf416e325e8fbf72528396bb8290876d39989b84ecdcae8cb2113ef226,C9AC7CD32CE3C2CA6761A29B9C91A2498265FBFDE3986CB77CD27FF9E4BC6DDD,5C88EEECA0F331F41624A6D634693EBC45314168EF949BDE4359153F2BFA68D5,F1F8EC2FAFC5CB28EFE90583B047783D43AAED6E982FCF1FF0B504238B4644D7,e130f369d4d8899b754ba1d69f4db7989d297e78a4d3916c0b9282da30f972f2
100_5_5_1,20260813,100,initial-populations/100_5_5_1/seed-20260813.fourvec,7a6c7a74334ca868b4ff3dad3b9e2f3a02bf9f26af041ef436707a5a85d815ce,c306782659e2f5000e3c9471fed287b2932d27db4236a349ccefbbd71ce03463,8a23c72aaceab58312dee2f74ccea72e5938aefc3a7139a58c927d9013caa55c,C9AC7CD32CE3C2CA6761A29B9C91A2498265FBFDE3986CB77CD27FF9E4BC6DDD,5C88EEECA0F331F41624A6D634693EBC45314168EF949BDE4359153F2BFA68D5,F1F8EC2FAFC5CB28EFE90583B047783D43AAED6E982FCF1FF0B504238B4644D7,e130f369d4d8899b754ba1d69f4db7989d297e78a4d3916c0b9282da30f972f2
100_5_5_1,20260814,100,initial-populations/100_5_5_1/seed-20260814.fourvec,d9f5eb35d81af10fc6e93008618c1ee1b1f3e42be5b281c22e567d6be0b0bfdf,5cabd3bcca878ac07ea6685676aeadb946c3f2d74f74e6dd512532cb52507c71,6f961ff7c9786e74a9d045198460c986c12a716c0c5668d3b7a4b0aad6b71ed2,C9AC7CD32CE3C2CA6761A29B9C91A2498265FBFDE3986CB77CD27FF9E4BC6DDD,5C88EEECA0F331F41624A6D634693EBC45314168EF949BDE4359153F2BFA68D5,F1F8EC2FAFC5CB28EFE90583B047783D43AAED6E982FCF1FF0B504238B4644D7,e130f369d4d8899b754ba1d69f4db7989d297e78a4d3916c0b9282da30f972f2
100_5_5_1,20260815,100,initial-populations/100_5_5_1/seed-20260815.fourvec,17c0feb5bddd9d8932ba80e96416b102d6bd3f0b32b8f21463c80ac6ccb338d7,93e093ebf290f2d52a2e56ad1507644fc4f370faa899bd54613b071382d8d300,18ec37bb67f62c32ab5fa28a013923614ec78036c455da9bea1d4c786d660af6,C9AC7CD32CE3C2CA6761A29B9C91A2498265FBFDE3986CB77CD27FF9E4BC6DDD,5C88EEECA0F331F41624A6D634693EBC45314168EF949BDE4359153F2BFA68D5,F1F8EC2FAFC5CB28EFE90583B047783D43AAED6E982FCF1FF0B504238B4644D7,e130f369d4d8899b754ba1d69f4db7989d297e78a4d3916c0b9282da30f972f2
100_5_5_1,20260816,100,initial-populations/100_5_5_1/seed-20260816.fourvec,57ac8a07cca45bf6f469a07c2722584fa0a506c8bc65515c3e9a1b8e4d709ee5,75938270d41d4272581591abe0076341c5576ad73521984ca93dd847d14d8f9e,ea08846f39d09fa69ceb280653dcc1e97786b8d386dccbe86989563d35f6dd63,C9AC7CD32CE3C2CA6761A29B9C91A2498265FBFDE3986CB77CD27FF9E4BC6DDD,5C88EEECA0F331F41624A6D634693EBC45314168EF949BDE4359153F2BFA68D5,F1F8EC2FAFC5CB28EFE90583B047783D43AAED6E982FCF1FF0B504238B4644D7,e130f369d4d8899b754ba1d69f4db7989d297e78a4d3916c0b9282da30f972f2
100_5_5_1,20260817,100,initial-populations/100_5_5_1/seed-20260817.fourvec,c23e4dd8c9b2c9aca29e153c2cd26f7ede6a88d39f7eda8f702f0404f460bb3d,b3b9c000412d44c78ca7ee5c9e62a6360d8b2ef71621e82b37ab810e93f89d32,123f3fa13b1ff017d746d8ebf73023d132c9a35460134d641a65a3873fbd6d66,C9AC7CD32CE3C2CA6761A29B9C91A2498265FBFDE3986CB77CD27FF9E4BC6DDD,5C88EEECA0F331F41624A6D634693EBC45314168EF949BDE4359153F2BFA68D5,F1F8EC2FAFC5CB28EFE90583B047783D43AAED6E982FCF1FF0B504238B4644D7,e130f369d4d8899b754ba1d69f4db7989d297e78a4d3916c0b9282da30f972f2
100_5_5_1,20260818,100,initial-populations/100_5_5_1/seed-20260818.fourvec,6b85ffdd40e1ed8fe1dbe65d3a24674fd2eee4b59b7cbc27f1ee849064475ae8,87461597b19863a1810207caab68ff2f5a5619f66e14687b078bc6fdf2275319,3d05abe0f96a14391f72c63a56475656d29ddbd927c5df274d4eac8e372efc9a,C9AC7CD32CE3C2CA6761A29B9C91A2498265FBFDE3986CB77CD27FF9E4BC6DDD,5C88EEECA0F331F41624A6D634693EBC45314168EF949BDE4359153F2BFA68D5,F1F8EC2FAFC5CB28EFE90583B047783D43AAED6E982FCF1FF0B504238B4644D7,e130f369d4d8899b754ba1d69f4db7989d297e78a4d3916c0b9282da30f972f2
100_5_5_1,20260819,100,initial-populations/100_5_5_1/seed-20260819.fourvec,c0d37969700088fa87b2bff87f8421c04e5bff9c24ea48b9b3ef5de1f2f98f21,5b5aa99ce0f31b2d29064f102c4ac6e5939dc036fd658b828b144300483f9cc5,69eced242dafd4fa14fdb511cf863b1d8ddfed667c45e2da7f1c09fea6233a5e,C9AC7CD32CE3C2CA6761A29B9C91A2498265FBFDE3986CB77CD27FF9E4BC6DDD,5C88EEECA0F331F41624A6D634693EBC45314168EF949BDE4359153F2BFA68D5,F1F8EC2FAFC5CB28EFE90583B047783D43AAED6E982FCF1FF0B504238B4644D7,e130f369d4d8899b754ba1d69f4db7989d297e78a4d3916c0b9282da30f972f2
100_5_5_1,20260820,100,initial-populations/100_5_5_1/seed-20260820.fourvec,3b8c25d4eb673c66c2186986881d6f94175fcf8bfc57892e318551b897f3e0e1,6989d9d4dd246cd7326dc83f5ebe45c54d8b23620888a455c5f8eee82330083d,14cd39327e9ff39866f7b8a63f8078cb277432c7935972b2b059371010dabced,C9AC7CD32CE3C2CA6761A29B9C91A2498265FBFDE3986CB77CD27FF9E4BC6DDD,5C88EEECA0F331F41624A6D634693EBC45314168EF949BDE4359153F2BFA68D5,F1F8EC2FAFC5CB28EFE90583B047783D43AAED6E982FCF1FF0B504238B4644D7,e130f369d4d8899b754ba1d69f4db7989d297e78a4d3916c0b9282da30f972f2
100_5_5_1,20260821,100,initial-populations/100_5_5_1/seed-20260821.fourvec,551db2668761103cf8a1c40730a98b3ca5fa358fdafba74d1b4d87f0a948c92e,2e0803346207db2307bf7dadd8c8b66f2fbe220720f119de9f2d859a6c8ef6f4,1f9167a701fda0eb1a7787a9ea418ba7881409e9920e750970bf8121f4ce45a2,C9AC7CD32CE3C2CA6761A29B9C91A2498265FBFDE3986CB77CD27FF9E4BC6DDD,5C88EEECA0F331F41624A6D634693EBC45314168EF949BDE4359153F2BFA68D5,F1F8EC2FAFC5CB28EFE90583B047783D43AAED6E982FCF1FF0B504238B4644D7,e130f369d4d8899b754ba1d69f4db7989d297e78a4d3916c0b9282da30f972f2
100_5_5_1,20260822,100,initial-populations/100_5_5_1/seed-20260822.fourvec,ed018d741527b31c51c9c3cc23ca2ecd75cd2b8c11f0fe0048370e9c942072b2,5525e27179a86f7868e57543cb1db37b3420e1f5d3d8d89500dd69af01fde8fd,b27d064a315bc6b06a334520ef738a22c225e82c43559860c65a560f9ea1eb7e,C9AC7CD32CE3C2CA6761A29B9C91A2498265FBFDE3986CB77CD27FF9E4BC6DDD,5C88EEECA0F331F41624A6D634693EBC45314168EF949BDE4359153F2BFA68D5,F1F8EC2FAFC5CB28EFE90583B047783D43AAED6E982FCF1FF0B504238B4644D7,e130f369d4d8899b754ba1d69f4db7989d297e78a4d3916c0b9282da30f972f2
100_5_5_1,20260823,100,initial-populations/100_5_5_1/seed-20260823.fourvec,0c456e4216cbe49a1e8febf63b3f00b238b66397fdf95ec9a4384f1bdab49e7d,0a584abe0799778f09c01fcb55b95b0a0406306e70933636660a6b017d2a2811,f0041a031f204558e3d4f249d86c41ce7f45e38f8da69510330377fb6c64d45f,C9AC7CD32CE3C2CA6761A29B9C91A2498265FBFDE3986CB77CD27FF9E4BC6DDD,5C88EEECA0F331F41624A6D634693EBC45314168EF949BDE4359153F2BFA68D5,F1F8EC2FAFC5CB28EFE90583B047783D43AAED6E982FCF1FF0B504238B4644D7,e130f369d4d8899b754ba1d69f4db7989d297e78a4d3916c0b9282da30f972f2
100_5_5_1,20260824,100,initial-populations/100_5_5_1/seed-20260824.fourvec,8a54ffdaa5da04dac3dd692e6e69fdc85460f856436a262a971013a6a936e5c6,8c780b928b4ee88f2f64ca0ff2e44836d8c30a218cd79d51cc6a5451f9535df4,5f5518ad9e464dc15bef4b7de218b499d3404fced017fc2914966da518b41f11,C9AC7CD32CE3C2CA6761A29B9C91A2498265FBFDE3986CB77CD27FF9E4BC6DDD,5C88EEECA0F331F41624A6D634693EBC45314168EF949BDE4359153F2BFA68D5,F1F8EC2FAFC5CB28EFE90583B047783D43AAED6E982FCF1FF0B504238B4644D7,e130f369d4d8899b754ba1d69f4db7989d297e78a4d3916c0b9282da30f972f2
100_5_5_1,20260825,100,initial-populations/100_5_5_1/seed-20260825.fourvec,4668a41848e391ba7ba600aeba2613d5ba2e346c6b0b30cb3a45d2f1cfb4cf47,b41910d138cf6139b5b7624c11baa8f900b6d36e4d9fe83f560e39dc0948b160,f6fc7daf6a2b227f25ea8ca157fe07e90c077a7f4a4aebd832256ba6b27c0909,C9AC7CD32CE3C2CA6761A29B9C91A2498265FBFDE3986CB77CD27FF9E4BC6DDD,5C88EEECA0F331F41624A6D634693EBC45314168EF949BDE4359153F2BFA68D5,F1F8EC2FAFC5CB28EFE90583B047783D43AAED6E982FCF1FF0B504238B4644D7,e130f369d4d8899b754ba1d69f4db7989d297e78a4d3916c0b9282da30f972f2
100_5_5_1,20260826,100,initial-populations/100_5_5_1/seed-20260826.fourvec,1b6b06e33a4e294ef486a197144179c49459c3c2b954c8c3d21b382b864d89a4,a0cca247ce73370832082dd311dfc28f5d576edaf0733538c02cfcb8bf66263d,d719bc4e3cb31cc23aa1464377b842491cc8246e12d59338d1c857f09ad76167,C9AC7CD32CE3C2CA6761A29B9C91A2498265FBFDE3986CB77CD27FF9E4BC6DDD,5C88EEECA0F331F41624A6D634693EBC45314168EF949BDE4359153F2BFA68D5,F1F8EC2FAFC5CB28EFE90583B047783D43AAED6E982FCF1FF0B504238B4644D7,e130f369d4d8899b754ba1d69f4db7989d297e78a4d3916c0b9282da30f972f2
100_5_5_1,20260827,100,initial-populations/100_5_5_1/seed-20260827.fourvec,8827c0aaba968f6d63b3131900151a92a92a9070c861246a9c73e91bcefcc9bb,e2be7b42490550507dca4e070a147f0aa0e4c40fcea21abdaf56fdaee2853c9b,10a1199a63385907205a57250c426a560247362c3e875d566709ce0ff38c0a9c,C9AC7CD32CE3C2CA6761A29B9C91A2498265FBFDE3986CB77CD27FF9E4BC6DDD,5C88EEECA0F331F41624A6D634693EBC45314168EF949BDE4359153F2BFA68D5,F1F8EC2FAFC5CB28EFE90583B047783D43AAED6E982FCF1FF0B504238B4644D7,e130f369d4d8899b754ba1d69f4db7989d297e78a4d3916c0b9282da30f972f2
100_8_3_1,20260808,100,initial-populations/100_8_3_1/seed-20260808.fourvec,7161b029772108affc3b610d53dbbfef178ef92edf2e578fd82078da242ae06f,3a2e5b8f7c2ea8deb1f08bc8850b0f4f1997f0f9fa9d5a3631f90043b57f2971,f81347cf04544f654207301276677e29430c3e4d849aea5db65e8a0742554584,CF5A0BB2283612E9B0AA9B46ADAA491209F34CF20D9343EC9A1BC3A62A8C05D8,2771875A3720D89710E6642DFC95506E6193E07B416F6DB746FEFE1DEFAD7AB4,AD3F7487D8464AD86C57D72E4788A6B56B7E2982D99FFCEEDF1926D1AD449921,94e7476b9d8f2a3be1ed1594ef1cc475ac03a92b3857d468fbff3b7eaf903127
100_8_3_1,20260809,100,initial-populations/100_8_3_1/seed-20260809.fourvec,1d9359a1360dd7bb6c93794be9b7126e4e818a385ef9332ef02267a5e1eb24ce,261a91d317af5ce284ecf59d5e9f5a74bcfc643fd61e3accc87f77324679a3f1,6e80b449e931805322b5c218a7d0b661baa7f62f1ddffae76dbb3e7c952cc1f8,CF5A0BB2283612E9B0AA9B46ADAA491209F34CF20D9343EC9A1BC3A62A8C05D8,2771875A3720D89710E6642DFC95506E6193E07B416F6DB746FEFE1DEFAD7AB4,AD3F7487D8464AD86C57D72E4788A6B56B7E2982D99FFCEEDF1926D1AD449921,94e7476b9d8f2a3be1ed1594ef1cc475ac03a92b3857d468fbff3b7eaf903127
100_8_3_1,20260810,100,initial-populations/100_8_3_1/seed-20260810.fourvec,7ede9ce81905533069d540881dacd39e2fc096a4c588a8ce9382a4c1ef8b23d3,6cf1067d068cba1bb6767738c9c94e2dd931f34a38613241f3899a08ae7e30d0,520b5b28853892c3e4afffd275d55a2b07791ee14f361314e47120104e241779,CF5A0BB2283612E9B0AA9B46ADAA491209F34CF20D9343EC9A1BC3A62A8C05D8,2771875A3720D89710E6642DFC95506E6193E07B416F6DB746FEFE1DEFAD7AB4,AD3F7487D8464AD86C57D72E4788A6B56B7E2982D99FFCEEDF1926D1AD449921,94e7476b9d8f2a3be1ed1594ef1cc475ac03a92b3857d468fbff3b7eaf903127
100_8_3_1,20260811,100,initial-populations/100_8_3_1/seed-20260811.fourvec,9727e90155f229bfc53afde3eff27daa8d984df7611360479887c46823b7b9b9,edbdcc5b2756fce0022998736832b3d38da19d62d5b67e6a1fe10373bf4e9735,cc934e509d37594e1a27cf1b00742268431707f94d870cfb7e581de46e28c6b3,CF5A0BB2283612E9B0AA9B46ADAA491209F34CF20D9343EC9A1BC3A62A8C05D8,2771875A3720D89710E6642DFC95506E6193E07B416F6DB746FEFE1DEFAD7AB4,AD3F7487D8464AD86C57D72E4788A6B56B7E2982D99FFCEEDF1926D1AD449921,94e7476b9d8f2a3be1ed1594ef1cc475ac03a92b3857d468fbff3b7eaf903127
100_8_3_1,20260812,100,initial-populations/100_8_3_1/seed-20260812.fourvec,63bdace4ae45fa56b1ee052f2ac3bdf0c941937f69db61480ee6d40d7f86fb09,18bcea04b3c23b83488a0cca6dff0a7c3907379977d3f75b438cfa2411d0216e,c9c414d046da93510e96604af714d3099d971bb57d42f8f7981f6cfec1bc8b3b,CF5A0BB2283612E9B0AA9B46ADAA491209F34CF20D9343EC9A1BC3A62A8C05D8,2771875A3720D89710E6642DFC95506E6193E07B416F6DB746FEFE1DEFAD7AB4,AD3F7487D8464AD86C57D72E4788A6B56B7E2982D99FFCEEDF1926D1AD449921,94e7476b9d8f2a3be1ed1594ef1cc475ac03a92b3857d468fbff3b7eaf903127
100_8_3_1,20260813,100,initial-populations/100_8_3_1/seed-20260813.fourvec,68077c6f03772465913edf15c383ae8d037a009351992bd5baaaff749bd5693d,3d52bac1b8825799d81d9032fa5c58c48def01af433998a110b95f48d9bddd1a,78c9d3e70519d1b2aca265a298c07807c350e6fec67054051b64825b0816514c,CF5A0BB2283612E9B0AA9B46ADAA491209F34CF20D9343EC9A1BC3A62A8C05D8,2771875A3720D89710E6642DFC95506E6193E07B416F6DB746FEFE1DEFAD7AB4,AD3F7487D8464AD86C57D72E4788A6B56B7E2982D99FFCEEDF1926D1AD449921,94e7476b9d8f2a3be1ed1594ef1cc475ac03a92b3857d468fbff3b7eaf903127
100_8_3_1,20260814,100,initial-populations/100_8_3_1/seed-20260814.fourvec,dbc653a82622a76ed62d5516a3d9a783b618c70c33aae1c124b619f367b24a23,d652db825d0bca0e14836d1338960cb73fe2b196fc1f32681fd48bf652a391a3,de22b32ca303a1414e38d14c5f840adba51147cae55999c91b310b3ffc8d1db5,CF5A0BB2283612E9B0AA9B46ADAA491209F34CF20D9343EC9A1BC3A62A8C05D8,2771875A3720D89710E6642DFC95506E6193E07B416F6DB746FEFE1DEFAD7AB4,AD3F7487D8464AD86C57D72E4788A6B56B7E2982D99FFCEEDF1926D1AD449921,94e7476b9d8f2a3be1ed1594ef1cc475ac03a92b3857d468fbff3b7eaf903127
100_8_3_1,20260815,100,initial-populations/100_8_3_1/seed-20260815.fourvec,1da6978858959399fbe7516a8372f1c5aff1ada69be24c7a5dc5533cf52043be,50cf7f5d623c936fe89a73d1c6d263c78c17ba2094af47a66e2909fe93337890,8f6824ab79b99273559f5434a07e103cb240d71d1233946ccaf9e2c578b6b9d9,CF5A0BB2283612E9B0AA9B46ADAA491209F34CF20D9343EC9A1BC3A62A8C05D8,2771875A3720D89710E6642DFC95506E6193E07B416F6DB746FEFE1DEFAD7AB4,AD3F7487D8464AD86C57D72E4788A6B56B7E2982D99FFCEEDF1926D1AD449921,94e7476b9d8f2a3be1ed1594ef1cc475ac03a92b3857d468fbff3b7eaf903127
100_8_3_1,20260816,100,initial-populations/100_8_3_1/seed-20260816.fourvec,ae4fc75f85e699e97bcc4c01d68e44b3dffa70bb386da20b9cccf0f8ec9d84e9,5288f5cc1065c330ea77f15835b71572f5e90e35e45bd88181a72370c2fed5f4,444ce358d43ca88b23fefef5b82b826f1b4bf14de1dca8febfdeb49bb78a5743,CF5A0BB2283612E9B0AA9B46ADAA491209F34CF20D9343EC9A1BC3A62A8C05D8,2771875A3720D89710E6642DFC95506E6193E07B416F6DB746FEFE1DEFAD7AB4,AD3F7487D8464AD86C57D72E4788A6B56B7E2982D99FFCEEDF1926D1AD449921,94e7476b9d8f2a3be1ed1594ef1cc475ac03a92b3857d468fbff3b7eaf903127
100_8_3_1,20260817,100,initial-populations/100_8_3_1/seed-20260817.fourvec,6322be65425ba5928dcb2fca44f59f83ddad9d7e558925df7cd3ee9180da2820,38bc31476164c95511d072aa0968a3e53ac1b1b673f8beaa32a828a98de499f1,2faf033c221a480853b16993656ea9698e32b3806e28ec6196e338100880e93a,CF5A0BB2283612E9B0AA9B46ADAA491209F34CF20D9343EC9A1BC3A62A8C05D8,2771875A3720D89710E6642DFC95506E6193E07B416F6DB746FEFE1DEFAD7AB4,AD3F7487D8464AD86C57D72E4788A6B56B7E2982D99FFCEEDF1926D1AD449921,94e7476b9d8f2a3be1ed1594ef1cc475ac03a92b3857d468fbff3b7eaf903127
100_8_3_1,20260818,100,initial-populations/100_8_3_1/seed-20260818.fourvec,82bbc23f7fa07296c46b798a70553fea495f45c9132a5595b666a7c3a1423650,4ae93917186d542b7f92a82a6fa1487a84b85e83648ec787c5de6465dd6215de,fc4c1ce77a7015202962a2593f46efcdd6ac4023f92a159f20ea57528a7f165b,CF5A0BB2283612E9B0AA9B46ADAA491209F34CF20D9343EC9A1BC3A62A8C05D8,2771875A3720D89710E6642DFC95506E6193E07B416F6DB746FEFE1DEFAD7AB4,AD3F7487D8464AD86C57D72E4788A6B56B7E2982D99FFCEEDF1926D1AD449921,94e7476b9d8f2a3be1ed1594ef1cc475ac03a92b3857d468fbff3b7eaf903127
100_8_3_1,20260819,100,initial-populations/100_8_3_1/seed-20260819.fourvec,86ed528b168206a84fff00d022c71194d546d5069dce27ca8985694ab9cd93ca,689a0e6b3b97f12c2fa2a0babaf1dfa75301d7cd2d6d33b1a10c0eeb39947b2d,149c32aa0305dfb81e770a3d46fbfbb48ef1cd734af5b01abe80a8fde523d091,CF5A0BB2283612E9B0AA9B46ADAA491209F34CF20D9343EC9A1BC3A62A8C05D8,2771875A3720D89710E6642DFC95506E6193E07B416F6DB746FEFE1DEFAD7AB4,AD3F7487D8464AD86C57D72E4788A6B56B7E2982D99FFCEEDF1926D1AD449921,94e7476b9d8f2a3be1ed1594ef1cc475ac03a92b3857d468fbff3b7eaf903127
100_8_3_1,20260820,100,initial-populations/100_8_3_1/seed-20260820.fourvec,bc14d674a6dd1db0ec38159b3d90c2238d7d341720a3e7c62dc8d694fd8c3a80,64c85b974e7324aa63693eb42ef3576490d82164be63a9040df79d1350374ddd,203cd610ce7c76de4f475a202c2f2e38b41aa81dc35e46a5116b1354ca369a5a,CF5A0BB2283612E9B0AA9B46ADAA491209F34CF20D9343EC9A1BC3A62A8C05D8,2771875A3720D89710E6642DFC95506E6193E07B416F6DB746FEFE1DEFAD7AB4,AD3F7487D8464AD86C57D72E4788A6B56B7E2982D99FFCEEDF1926D1AD449921,94e7476b9d8f2a3be1ed1594ef1cc475ac03a92b3857d468fbff3b7eaf903127
100_8_3_1,20260821,100,initial-populations/100_8_3_1/seed-20260821.fourvec,187cbb2d48f5bc52ec801219842f0c230859b532c0a0108996aa521367a63aeb,955fa5af669c72f43aed302cae5b2d335d10a4f8c8382391ca0967489101199f,dcb4b03540de0588c40c2fe5dbadf613e686780c4930c9bfe4236b95a3e9a9ab,CF5A0BB2283612E9B0AA9B46ADAA491209F34CF20D9343EC9A1BC3A62A8C05D8,2771875A3720D89710E6642DFC95506E6193E07B416F6DB746FEFE1DEFAD7AB4,AD3F7487D8464AD86C57D72E4788A6B56B7E2982D99FFCEEDF1926D1AD449921,94e7476b9d8f2a3be1ed1594ef1cc475ac03a92b3857d468fbff3b7eaf903127
100_8_3_1,20260822,100,initial-populations/100_8_3_1/seed-20260822.fourvec,c5e42ef200a23018e22956fe1d48e126f1e0cccf4f43097192a55b12826b807f,c2135702051b5e2898108f528ad64428602decc86eb15d9f0d82ae65bfa3a8f1,4b814ea53ce848854dbf0ccec259c2554c17f62927320f14e6787102438d9486,CF5A0BB2283612E9B0AA9B46ADAA491209F34CF20D9343EC9A1BC3A62A8C05D8,2771875A3720D89710E6642DFC95506E6193E07B416F6DB746FEFE1DEFAD7AB4,AD3F7487D8464AD86C57D72E4788A6B56B7E2982D99FFCEEDF1926D1AD449921,94e7476b9d8f2a3be1ed1594ef1cc475ac03a92b3857d468fbff3b7eaf903127
100_8_3_1,20260823,100,initial-populations/100_8_3_1/seed-20260823.fourvec,17d7a6fdfe402d30bb5a4da8690259ed5ecf77a66e44c9ad52283f066dc6bffc,0852ac8d8b6d50b36f2107f8ad0fc74a8546cf55da218f3a77dc4c4c8370299d,f561d1b4154a07cd29c4790e15fdc8d727fcee6e23571ea696ffc665cd5a5328,CF5A0BB2283612E9B0AA9B46ADAA491209F34CF20D9343EC9A1BC3A62A8C05D8,2771875A3720D89710E6642DFC95506E6193E07B416F6DB746FEFE1DEFAD7AB4,AD3F7487D8464AD86C57D72E4788A6B56B7E2982D99FFCEEDF1926D1AD449921,94e7476b9d8f2a3be1ed1594ef1cc475ac03a92b3857d468fbff3b7eaf903127
100_8_3_1,20260824,100,initial-populations/100_8_3_1/seed-20260824.fourvec,a57ed014033d487384cd85155dbb044e36baa7d840044574aa86e6e671837e74,3a79b93760bfdb658e508fbdfe53b03f774a0d1adf6f00524127093920c043a4,0b2c99fa55649be632c302a8936b15b352f4877cdd117e99dd423ed87d41fa38,CF5A0BB2283612E9B0AA9B46ADAA491209F34CF20D9343EC9A1BC3A62A8C05D8,2771875A3720D89710E6642DFC95506E6193E07B416F6DB746FEFE1DEFAD7AB4,AD3F7487D8464AD86C57D72E4788A6B56B7E2982D99FFCEEDF1926D1AD449921,94e7476b9d8f2a3be1ed1594ef1cc475ac03a92b3857d468fbff3b7eaf903127
100_8_3_1,20260825,100,initial-populations/100_8_3_1/seed-20260825.fourvec,990ba7ae37fae24b25983cc082a216b12f010242a26ab0b232a1a42e8e11f79e,5bf524d3913fd2c78808f72567f09db4eda6e12007803f598f20c2b6274d055e,2aefa867999eb8edb36f50ef293aa9c99618f25df067f63588ac97254c13836e,CF5A0BB2283612E9B0AA9B46ADAA491209F34CF20D9343EC9A1BC3A62A8C05D8,2771875A3720D89710E6642DFC95506E6193E07B416F6DB746FEFE1DEFAD7AB4,AD3F7487D8464AD86C57D72E4788A6B56B7E2982D99FFCEEDF1926D1AD449921,94e7476b9d8f2a3be1ed1594ef1cc475ac03a92b3857d468fbff3b7eaf903127
100_8_3_1,20260826,100,initial-populations/100_8_3_1/seed-20260826.fourvec,e124ad56946078f0a029c8dd46197bc3ef654edb9ccbddcad7f67109ae2884fa,648e090390a6d9aec21526f6715979c091e4f1bea00f8a0d24786bb7bc1137cb,6b36c955d4e037cbab6b9bdde56898133aa7d2c724ba19da2fa3a8972b5271b1,CF5A0BB2283612E9B0AA9B46ADAA491209F34CF20D9343EC9A1BC3A62A8C05D8,2771875A3720D89710E6642DFC95506E6193E07B416F6DB746FEFE1DEFAD7AB4,AD3F7487D8464AD86C57D72E4788A6B56B7E2982D99FFCEEDF1926D1AD449921,94e7476b9d8f2a3be1ed1594ef1cc475ac03a92b3857d468fbff3b7eaf903127
100_8_3_1,20260827,100,initial-populations/100_8_3_1/seed-20260827.fourvec,8b3aba5ed9b50bf2d61b1ca469f22aaa09547a275088a7e1b30f5bfebd35130b,22a8e26f93477398a9f5165e35eb22a877dcfc7f630aa0f6cc1d396e5bc37d79,ec5cde510dcc63a86c8f896d6ba7d08cfcbab3c6dc2c008baa59ee57d380880b,CF5A0BB2283612E9B0AA9B46ADAA491209F34CF20D9343EC9A1BC3A62A8C05D8,2771875A3720D89710E6642DFC95506E6193E07B416F6DB746FEFE1DEFAD7AB4,AD3F7487D8464AD86C57D72E4788A6B56B7E2982D99FFCEEDF1926D1AD449921,94e7476b9d8f2a3be1ed1594ef1cc475ac03a92b3857d468fbff3b7eaf903127
100_8_4_1,20260808,100,initial-populations/100_8_4_1/seed-20260808.fourvec,eef0420ee8365fab94c3ac19749a5c1d55a9a89856dec0cee713bfa6812fd7f1,171f8d3c0c5986d08945557a42bcfa467ed072efc8247078e223f926b88bad30,88b6a1825fb04b22b78d132eb008e9cda024c1a028e15f1d17c07438abfa6e0a,870F37B3CF1A85EAE338C526F1AB0099F62EF3A1D31DCA4B0627E0A0608C1B2E,5AF566B3CE6E9B3F7E935E9117AB51B4D7AE7D2B51E15C5DF620FD2AFBACF9ED,C8480F6E4A0C71C033B4BACD23341431CF3A24931D53D3EB3EED04B37601A521,ccdb79b3d0eb1784cbd9d7f20b63d982c7400c2c1d0df8df33fa0b4166702350
100_8_4_1,20260809,100,initial-populations/100_8_4_1/seed-20260809.fourvec,523c0cabca049238369f9d7d45756f7ca4e223e503c8e2f9f3ca779dc42144cb,6e2ad186a927d0f5c613563e7fabc71bedeff7318e898acab827218109cd4d93,bebce8318b0f2b112b2dd5ff684b1274769d4752b63bb09c0d122779a80f6ec3,870F37B3CF1A85EAE338C526F1AB0099F62EF3A1D31DCA4B0627E0A0608C1B2E,5AF566B3CE6E9B3F7E935E9117AB51B4D7AE7D2B51E15C5DF620FD2AFBACF9ED,C8480F6E4A0C71C033B4BACD23341431CF3A24931D53D3EB3EED04B37601A521,ccdb79b3d0eb1784cbd9d7f20b63d982c7400c2c1d0df8df33fa0b4166702350
100_8_4_1,20260810,100,initial-populations/100_8_4_1/seed-20260810.fourvec,6398e207ba3d89cf86bb250fc0dc6894ffb0856dad446199e7f2d588aef33be8,2ca8341be26d3470e957b186f2f7a741e26f615b2d5d520fde78b101114aea56,32a4e6ce1f8e6937de17508d96e029a768bfa25268a929c513ed5be6cf5d4a2a,870F37B3CF1A85EAE338C526F1AB0099F62EF3A1D31DCA4B0627E0A0608C1B2E,5AF566B3CE6E9B3F7E935E9117AB51B4D7AE7D2B51E15C5DF620FD2AFBACF9ED,C8480F6E4A0C71C033B4BACD23341431CF3A24931D53D3EB3EED04B37601A521,ccdb79b3d0eb1784cbd9d7f20b63d982c7400c2c1d0df8df33fa0b4166702350
100_8_4_1,20260811,100,initial-populations/100_8_4_1/seed-20260811.fourvec,0298ef64cc3c1d2dcb040907acd6620ff1a7be0f8179f014682ed4c79e4b4faf,ba3dee943c84fc0ded365f2639d18ccd85cd0bae695565952c8a05f5b6f094e1,4741850c2c6fdc5034f169c0eafb626b92f062c80de138491b8e58eb583d11f3,870F37B3CF1A85EAE338C526F1AB0099F62EF3A1D31DCA4B0627E0A0608C1B2E,5AF566B3CE6E9B3F7E935E9117AB51B4D7AE7D2B51E15C5DF620FD2AFBACF9ED,C8480F6E4A0C71C033B4BACD23341431CF3A24931D53D3EB3EED04B37601A521,ccdb79b3d0eb1784cbd9d7f20b63d982c7400c2c1d0df8df33fa0b4166702350
100_8_4_1,20260812,100,initial-populations/100_8_4_1/seed-20260812.fourvec,559a2d9e73f396296941f2fb16ff18e0066e2929c2464f5399c9d0b3041d7778,ecbbad36b6fc5f16d62f09a06a1348859db2808be697872c9173f289af62cf7e,ae1a5c334b7f5a823a0a857e4c861265cd34a640b7f1699b6eff751acfd18737,870F37B3CF1A85EAE338C526F1AB0099F62EF3A1D31DCA4B0627E0A0608C1B2E,5AF566B3CE6E9B3F7E935E9117AB51B4D7AE7D2B51E15C5DF620FD2AFBACF9ED,C8480F6E4A0C71C033B4BACD23341431CF3A24931D53D3EB3EED04B37601A521,ccdb79b3d0eb1784cbd9d7f20b63d982c7400c2c1d0df8df33fa0b4166702350
100_8_4_1,20260813,100,initial-populations/100_8_4_1/seed-20260813.fourvec,b46b923a31e851a4f0182b502c5529450d9558eb5bb3cd2b346d70627d478371,70494f5070c3efccb6c75e331d67674227714dac361a3dcf3c52b04bee4a2c03,c4c9dcc81d540dc8c2111354fb653b1d9bf6d6b1b933529813bce055d98206f9,870F37B3CF1A85EAE338C526F1AB0099F62EF3A1D31DCA4B0627E0A0608C1B2E,5AF566B3CE6E9B3F7E935E9117AB51B4D7AE7D2B51E15C5DF620FD2AFBACF9ED,C8480F6E4A0C71C033B4BACD23341431CF3A24931D53D3EB3EED04B37601A521,ccdb79b3d0eb1784cbd9d7f20b63d982c7400c2c1d0df8df33fa0b4166702350
100_8_4_1,20260814,100,initial-populations/100_8_4_1/seed-20260814.fourvec,ef2c30cf02119ac3327283689edbed000a6b3ec2acbead2a4c738706b8cbd49c,31fe0b800f15ed7d10a1b045fbfdb002afe5cd916e0fe01ed5cb887a5e8506d2,547270769e6ab7bd5fea23826fbca5886474caca028a03e1a2128e8fbd3fcda0,870F37B3CF1A85EAE338C526F1AB0099F62EF3A1D31DCA4B0627E0A0608C1B2E,5AF566B3CE6E9B3F7E935E9117AB51B4D7AE7D2B51E15C5DF620FD2AFBACF9ED,C8480F6E4A0C71C033B4BACD23341431CF3A24931D53D3EB3EED04B37601A521,ccdb79b3d0eb1784cbd9d7f20b63d982c7400c2c1d0df8df33fa0b4166702350
100_8_4_1,20260815,100,initial-populations/100_8_4_1/seed-20260815.fourvec,5f36398edd29a14b5360d29dbbee2e9431e4c4f8f1508b4d6768156fdbde29f3,dfce7c2960cc9fc131ef57352b7b6079ce35e54141c3d925e632e7bec6138e9f,8a947465b77c42f9708fa4aa2de229f80a882bab0af78fdd7da3f66bb2ac3e74,870F37B3CF1A85EAE338C526F1AB0099F62EF3A1D31DCA4B0627E0A0608C1B2E,5AF566B3CE6E9B3F7E935E9117AB51B4D7AE7D2B51E15C5DF620FD2AFBACF9ED,C8480F6E4A0C71C033B4BACD23341431CF3A24931D53D3EB3EED04B37601A521,ccdb79b3d0eb1784cbd9d7f20b63d982c7400c2c1d0df8df33fa0b4166702350
100_8_4_1,20260816,100,initial-populations/100_8_4_1/seed-20260816.fourvec,355a12719b03b41757fb058a84282d5c710fd9201c25e1bd4e77e21647927ef1,e10ad7954cbaa5d4c333f31427827e5fed04da7f0e5ac2956568bc48a1cae3d6,c98738945220ed4cbcf1f747cc69d1960c936ca2af8bd02551d2fb4b090f92a5,870F37B3CF1A85EAE338C526F1AB0099F62EF3A1D31DCA4B0627E0A0608C1B2E,5AF566B3CE6E9B3F7E935E9117AB51B4D7AE7D2B51E15C5DF620FD2AFBACF9ED,C8480F6E4A0C71C033B4BACD23341431CF3A24931D53D3EB3EED04B37601A521,ccdb79b3d0eb1784cbd9d7f20b63d982c7400c2c1d0df8df33fa0b4166702350
100_8_4_1,20260817,100,initial-populations/100_8_4_1/seed-20260817.fourvec,2c9dfb1223b1123078a630a62ccd6ff43cf12eb15749e5f16e69baa9b89a9158,25602e1ad31ff4b376b7059d698c31243902ce6ed0036d071ed2be1c8b9550d2,7187810054eef3df828bef4d0d2eb7b374cd980fa2549fbebda0c637aedc08f4,870F37B3CF1A85EAE338C526F1AB0099F62EF3A1D31DCA4B0627E0A0608C1B2E,5AF566B3CE6E9B3F7E935E9117AB51B4D7AE7D2B51E15C5DF620FD2AFBACF9ED,C8480F6E4A0C71C033B4BACD23341431CF3A24931D53D3EB3EED04B37601A521,ccdb79b3d0eb1784cbd9d7f20b63d982c7400c2c1d0df8df33fa0b4166702350
100_8_4_1,20260818,100,initial-populations/100_8_4_1/seed-20260818.fourvec,b129bb34beb50592ea9183d29ea0e5fd2c3ade3059dfce207dfa4aadbb1ce22a,25f93612558a08c19d5af0a2b68417b5f104a623651b52d6c929ce7d369b3b2f,747f020042790ee69c990a3a0342f559671e16c9a317f4416b2122f50cdb606d,870F37B3CF1A85EAE338C526F1AB0099F62EF3A1D31DCA4B0627E0A0608C1B2E,5AF566B3CE6E9B3F7E935E9117AB51B4D7AE7D2B51E15C5DF620FD2AFBACF9ED,C8480F6E4A0C71C033B4BACD23341431CF3A24931D53D3EB3EED04B37601A521,ccdb79b3d0eb1784cbd9d7f20b63d982c7400c2c1d0df8df33fa0b4166702350
100_8_4_1,20260819,100,initial-populations/100_8_4_1/seed-20260819.fourvec,b30f3972bfa1541f8a567a67c07e2eacf9cb9bb2864fbb94cf01b62ed8dba726,016207fd46d73307bf3af0bc6afe7199b7d9cab9db047719f0ec98579168daa7,09bbab6a7064517e3cd164339c2f85aa612c94dfcb5ebded2a7df4da0d9e8311,870F37B3CF1A85EAE338C526F1AB0099F62EF3A1D31DCA4B0627E0A0608C1B2E,5AF566B3CE6E9B3F7E935E9117AB51B4D7AE7D2B51E15C5DF620FD2AFBACF9ED,C8480F6E4A0C71C033B4BACD23341431CF3A24931D53D3EB3EED04B37601A521,ccdb79b3d0eb1784cbd9d7f20b63d982c7400c2c1d0df8df33fa0b4166702350
100_8_4_1,20260820,100,initial-populations/100_8_4_1/seed-20260820.fourvec,fccfb0bd281d8bbb9b71a80fa00440ae131f1967d82ccc09da26c58c7ac16f43,938e6951400ec32b7da0e5e0b9c58a2c01f0d740e52e126ec88a66960c5e65e3,da9462c76d9a27e0d4e9371011ac419ad97379b4000353f1c7c6b35fb38b6a7a,870F37B3CF1A85EAE338C526F1AB0099F62EF3A1D31DCA4B0627E0A0608C1B2E,5AF566B3CE6E9B3F7E935E9117AB51B4D7AE7D2B51E15C5DF620FD2AFBACF9ED,C8480F6E4A0C71C033B4BACD23341431CF3A24931D53D3EB3EED04B37601A521,ccdb79b3d0eb1784cbd9d7f20b63d982c7400c2c1d0df8df33fa0b4166702350
100_8_4_1,20260821,100,initial-populations/100_8_4_1/seed-20260821.fourvec,8e11d53bb33594c52032ccde1ce50c3e2683fed54b9c88c02ca116fe2c3f836d,143cb3f1d56dc2e207996cb2117f965c2f6bab66ed8e3b614ac54a5cbb7724c8,3d61ca1797fc49516deb6396859118bd00df517ff7aff2cb3f1128d96b462eaa,870F37B3CF1A85EAE338C526F1AB0099F62EF3A1D31DCA4B0627E0A0608C1B2E,5AF566B3CE6E9B3F7E935E9117AB51B4D7AE7D2B51E15C5DF620FD2AFBACF9ED,C8480F6E4A0C71C033B4BACD23341431CF3A24931D53D3EB3EED04B37601A521,ccdb79b3d0eb1784cbd9d7f20b63d982c7400c2c1d0df8df33fa0b4166702350
100_8_4_1,20260822,100,initial-populations/100_8_4_1/seed-20260822.fourvec,55aa2b9b21d42d44ac78cb8c13965ea9256ac90532793dbc4568a5bd62fd935b,526bc35df486d51554792df26eb3f24f56c8b7b319fa45273608f294eaa3585d,3159dd5e7783d3dc33469b7fac7a38f782ff2865ebb6f4eaee4566bf459134e7,870F37B3CF1A85EAE338C526F1AB0099F62EF3A1D31DCA4B0627E0A0608C1B2E,5AF566B3CE6E9B3F7E935E9117AB51B4D7AE7D2B51E15C5DF620FD2AFBACF9ED,C8480F6E4A0C71C033B4BACD23341431CF3A24931D53D3EB3EED04B37601A521,ccdb79b3d0eb1784cbd9d7f20b63d982c7400c2c1d0df8df33fa0b4166702350
100_8_4_1,20260823,100,initial-populations/100_8_4_1/seed-20260823.fourvec,b1b63bb029f4ce2b9209d90c1e7b97074c8f2015f264f211f20304198847666e,20b1340ff01bc9938e9c779f205d0e0d2a4a2f5ca7f88575e41e7e2df15a44c5,0b4361a62be2590b699602ca6d243b70fd1a3cdd137ccc5f47af162c13bfbe35,870F37B3CF1A85EAE338C526F1AB0099F62EF3A1D31DCA4B0627E0A0608C1B2E,5AF566B3CE6E9B3F7E935E9117AB51B4D7AE7D2B51E15C5DF620FD2AFBACF9ED,C8480F6E4A0C71C033B4BACD23341431CF3A24931D53D3EB3EED04B37601A521,ccdb79b3d0eb1784cbd9d7f20b63d982c7400c2c1d0df8df33fa0b4166702350
100_8_4_1,20260824,100,initial-populations/100_8_4_1/seed-20260824.fourvec,299e4cf39fe601701cc520a52aef44ca1707dabbd6bf5109bf76a304a61c25c1,0f2e336e7bd997292a847dc97dba53155f10687407147d7f355b387c1ae6c65a,ccf8c4a60cbdb0d81d3a78f3262f5c1c502729ff2cb0c5aa5cb9c72626fd93fb,870F37B3CF1A85EAE338C526F1AB0099F62EF3A1D31DCA4B0627E0A0608C1B2E,5AF566B3CE6E9B3F7E935E9117AB51B4D7AE7D2B51E15C5DF620FD2AFBACF9ED,C8480F6E4A0C71C033B4BACD23341431CF3A24931D53D3EB3EED04B37601A521,ccdb79b3d0eb1784cbd9d7f20b63d982c7400c2c1d0df8df33fa0b4166702350
100_8_4_1,20260825,100,initial-populations/100_8_4_1/seed-20260825.fourvec,83a122b48bc6150f2964c0ce784f5074f0bfb0aafe0bb7b7294490ee16c5a2ee,2b05d8550ca1cf9c93f1ee429d772065cff59cc1396ac69be4eaca0316bed59f,4f969fa7ab28eeaf2d2f820b6aa0935f2ab1d5420d7791691c2dad2560bff878,870F37B3CF1A85EAE338C526F1AB0099F62EF3A1D31DCA4B0627E0A0608C1B2E,5AF566B3CE6E9B3F7E935E9117AB51B4D7AE7D2B51E15C5DF620FD2AFBACF9ED,C8480F6E4A0C71C033B4BACD23341431CF3A24931D53D3EB3EED04B37601A521,ccdb79b3d0eb1784cbd9d7f20b63d982c7400c2c1d0df8df33fa0b4166702350
100_8_4_1,20260826,100,initial-populations/100_8_4_1/seed-20260826.fourvec,8d37ff37e01503dfd295bd1a2518ba1c3d6f4d9a21d36d1a0dd69b80a905832e,cd42968a16895e953eafe4e52961cd3061eff229d145ed227bed4376f3770b7a,d2bb572fb2c5f76dacfd62ce99bae449c7e45b6b168cec05bd910a56bf2dae32,870F37B3CF1A85EAE338C526F1AB0099F62EF3A1D31DCA4B0627E0A0608C1B2E,5AF566B3CE6E9B3F7E935E9117AB51B4D7AE7D2B51E15C5DF620FD2AFBACF9ED,C8480F6E4A0C71C033B4BACD23341431CF3A24931D53D3EB3EED04B37601A521,ccdb79b3d0eb1784cbd9d7f20b63d982c7400c2c1d0df8df33fa0b4166702350
100_8_4_1,20260827,100,initial-populations/100_8_4_1/seed-20260827.fourvec,298b2571b6beba996f111fc00fee4a1dd5f24e028a7bf67567a90800fad43af3,ec2f16876f9d7c7912298596f337e66c23a47dc4a83b3708ebdffbecc0eecdf1,982fd077c07bb01ed07f6a9257dcaa82df1cef123442d2b8c2d58b4729fa8347,870F37B3CF1A85EAE338C526F1AB0099F62EF3A1D31DCA4B0627E0A0608C1B2E,5AF566B3CE6E9B3F7E935E9117AB51B4D7AE7D2B51E15C5DF620FD2AFBACF9ED,C8480F6E4A0C71C033B4BACD23341431CF3A24931D53D3EB3EED04B37601A521,ccdb79b3d0eb1784cbd9d7f20b63d982c7400c2c1d0df8df33fa0b4166702350
100_8_5_1,20260808,100,initial-populations/100_8_5_1/seed-20260808.fourvec,1d89aeda1b2245b54118f7dc18dbae2d62c7803ede12124451efddc10e71f254,8a996e9a6f2f73c51b72005b07ac0b93e0b934211c22781bf2130aa5ab66f716,28c7eb7e835ccf08055000bbb3607267a765c12c12763f36b25ba6589a64a7cb,A7FB905C5EF9CFC43DBDA0D487099537489889D8DA189EB97C7C1EFD460F8D11,A3BFFA6900D1932C259CF14E2670F7A1646F1793FC9EF3F555C41467D2550876,CDE8156A026BACD7F5F8AA5543D0040E92E18EA256AEF1B14ECAB4ED601D755E,e08f016dbe3f337455c448d7703a88148f85d7f4186e737297fff1658fcf5800
100_8_5_1,20260809,100,initial-populations/100_8_5_1/seed-20260809.fourvec,1a6130843937321994a4e49eddb1b137c30e20de43ecc6ce6c475d930cf8d7e3,d7cc2335fdba79ff575b672e3cbff59c5270b30a606b03c30dd779525f4a2b09,b48b425b4316c0109148ba73b4d43408670fdf631177cd884772227adb20b462,A7FB905C5EF9CFC43DBDA0D487099537489889D8DA189EB97C7C1EFD460F8D11,A3BFFA6900D1932C259CF14E2670F7A1646F1793FC9EF3F555C41467D2550876,CDE8156A026BACD7F5F8AA5543D0040E92E18EA256AEF1B14ECAB4ED601D755E,e08f016dbe3f337455c448d7703a88148f85d7f4186e737297fff1658fcf5800
100_8_5_1,20260810,100,initial-populations/100_8_5_1/seed-20260810.fourvec,4063e30d776da0dc35a4f11af14a3a1f994ce1e1e99170978f8e43818071cfbe,19d64d545e330b299e10d77583ee5382a48219efdc2d337c93146c6973dfcf25,23730f5cd6686617ffd3687a3975c8f70c1ab5106044b80a471d178fb0eb60f5,A7FB905C5EF9CFC43DBDA0D487099537489889D8DA189EB97C7C1EFD460F8D11,A3BFFA6900D1932C259CF14E2670F7A1646F1793FC9EF3F555C41467D2550876,CDE8156A026BACD7F5F8AA5543D0040E92E18EA256AEF1B14ECAB4ED601D755E,e08f016dbe3f337455c448d7703a88148f85d7f4186e737297fff1658fcf5800
100_8_5_1,20260811,100,initial-populations/100_8_5_1/seed-20260811.fourvec,2349cbc3284de84f39b1e5deef7a82e498a04f268a052a048d8bc3a48fe6a483,b971697c21d1c448a1ac4f15989b40fb2774c0d576125f379c8217300e89615b,6e0037b537a5ebb8b553c475d56a5c2cfd2aafe12568af88c89e23d3d0e6e340,A7FB905C5EF9CFC43DBDA0D487099537489889D8DA189EB97C7C1EFD460F8D11,A3BFFA6900D1932C259CF14E2670F7A1646F1793FC9EF3F555C41467D2550876,CDE8156A026BACD7F5F8AA5543D0040E92E18EA256AEF1B14ECAB4ED601D755E,e08f016dbe3f337455c448d7703a88148f85d7f4186e737297fff1658fcf5800
100_8_5_1,20260812,100,initial-populations/100_8_5_1/seed-20260812.fourvec,a287eababa904341e0266e04e70af7baa4b95076fd169474cb52636c1935d009,0d8d001bb5976a49df31e8ebd741a49f7f5dab9af2b38579c1e44c8afa9d9160,095053bc8050a626cb5531e903fdba77f504e19028533d56af56f4e21195e95d,A7FB905C5EF9CFC43DBDA0D487099537489889D8DA189EB97C7C1EFD460F8D11,A3BFFA6900D1932C259CF14E2670F7A1646F1793FC9EF3F555C41467D2550876,CDE8156A026BACD7F5F8AA5543D0040E92E18EA256AEF1B14ECAB4ED601D755E,e08f016dbe3f337455c448d7703a88148f85d7f4186e737297fff1658fcf5800
100_8_5_1,20260813,100,initial-populations/100_8_5_1/seed-20260813.fourvec,542c82392cd709184b43bc16a22cc8ce6f75b0af026be6e35168d7a1bd92edbc,05e26d5c75a3ba7fc02e6e9af9b124b69d04f3264fd331b2c7ac64f94687723e,2251c806eb20c87d68f1802c3b739a3fd0a88cabbbbaec42588298a1f0ce9871,A7FB905C5EF9CFC43DBDA0D487099537489889D8DA189EB97C7C1EFD460F8D11,A3BFFA6900D1932C259CF14E2670F7A1646F1793FC9EF3F555C41467D2550876,CDE8156A026BACD7F5F8AA5543D0040E92E18EA256AEF1B14ECAB4ED601D755E,e08f016dbe3f337455c448d7703a88148f85d7f4186e737297fff1658fcf5800
100_8_5_1,20260814,100,initial-populations/100_8_5_1/seed-20260814.fourvec,5147bbb43e8fe8ec7be5ad33bba54db1684f57b145c04c67e22158c5520ac42c,18d3064c95a49281b957951a1df2ae54f66cd6bc13686d82850bd869becf1bf7,f082e58ea82a02d6ff1aed0acee5afdcb1932fbabb0ef69a0588fe8fb2281827,A7FB905C5EF9CFC43DBDA0D487099537489889D8DA189EB97C7C1EFD460F8D11,A3BFFA6900D1932C259CF14E2670F7A1646F1793FC9EF3F555C41467D2550876,CDE8156A026BACD7F5F8AA5543D0040E92E18EA256AEF1B14ECAB4ED601D755E,e08f016dbe3f337455c448d7703a88148f85d7f4186e737297fff1658fcf5800
100_8_5_1,20260815,100,initial-populations/100_8_5_1/seed-20260815.fourvec,d4fd5c88f08cdf1011e07464cb29fe1a085f4d7700e17afd09c0b33cda9d2836,994a21c5296b485b0476553e48e06fc062d0eb0d3b9c9226b1d765143b4c6db8,f236782a1daeb2f0221f8d9a3e908100f18f2b08c63475f3043e0c0dbc2ed4f3,A7FB905C5EF9CFC43DBDA0D487099537489889D8DA189EB97C7C1EFD460F8D11,A3BFFA6900D1932C259CF14E2670F7A1646F1793FC9EF3F555C41467D2550876,CDE8156A026BACD7F5F8AA5543D0040E92E18EA256AEF1B14ECAB4ED601D755E,e08f016dbe3f337455c448d7703a88148f85d7f4186e737297fff1658fcf5800
100_8_5_1,20260816,100,initial-populations/100_8_5_1/seed-20260816.fourvec,4af7662e033f55264d3dcfd7cfac70e1183189ee97bedfee271e97c6a2087a64,7aa0b536bca0d5be8e1c36c71f59892f702d2a741f6e31ccf1a55fa96693bc0d,5ec1f8375bc0b030e7c402325dac984323d44c731a20aeb92fd9bab76ddab3eb,A7FB905C5EF9CFC43DBDA0D487099537489889D8DA189EB97C7C1EFD460F8D11,A3BFFA6900D1932C259CF14E2670F7A1646F1793FC9EF3F555C41467D2550876,CDE8156A026BACD7F5F8AA5543D0040E92E18EA256AEF1B14ECAB4ED601D755E,e08f016dbe3f337455c448d7703a88148f85d7f4186e737297fff1658fcf5800
100_8_5_1,20260817,100,initial-populations/100_8_5_1/seed-20260817.fourvec,5a61a1ae68b1e19b3542ca9f81983e6f1e832a0435bee9cad6df6f05b10fb68a,8d1295704a0723ea488628b7717955a47d62f971474506714a0d54675a46c123,f38e0414b38bc0c9fd9b3457c9690c3632ffcf7ecef399d37fb77fda355a801d,A7FB905C5EF9CFC43DBDA0D487099537489889D8DA189EB97C7C1EFD460F8D11,A3BFFA6900D1932C259CF14E2670F7A1646F1793FC9EF3F555C41467D2550876,CDE8156A026BACD7F5F8AA5543D0040E92E18EA256AEF1B14ECAB4ED601D755E,e08f016dbe3f337455c448d7703a88148f85d7f4186e737297fff1658fcf5800
100_8_5_1,20260818,100,initial-populations/100_8_5_1/seed-20260818.fourvec,7c48cc1fd0591c6105c115ffe1adaa394f648e0996ba34792a32cf21a72a0e87,7f39655f4bfbc8aec22e0725079b3300b0bfddbee69026f57dc31a46d85aafa4,294408eee05be56a584669174e1e399eaebcf432ac5822be45efc74cee4ddeab,A7FB905C5EF9CFC43DBDA0D487099537489889D8DA189EB97C7C1EFD460F8D11,A3BFFA6900D1932C259CF14E2670F7A1646F1793FC9EF3F555C41467D2550876,CDE8156A026BACD7F5F8AA5543D0040E92E18EA256AEF1B14ECAB4ED601D755E,e08f016dbe3f337455c448d7703a88148f85d7f4186e737297fff1658fcf5800
100_8_5_1,20260819,100,initial-populations/100_8_5_1/seed-20260819.fourvec,3483ea5daf00622ecdf9240b2fde1de2a9ebdf2b52654e7bc8ebe61bf6b1bb08,f29d05a38b84c47397daef904171f89b0b6dd5f94f23b666c3169f0e2fc0c73c,6f98753885d43371935fc8f2f5572f999226a04608008f71ad647a02205b9f8e,A7FB905C5EF9CFC43DBDA0D487099537489889D8DA189EB97C7C1EFD460F8D11,A3BFFA6900D1932C259CF14E2670F7A1646F1793FC9EF3F555C41467D2550876,CDE8156A026BACD7F5F8AA5543D0040E92E18EA256AEF1B14ECAB4ED601D755E,e08f016dbe3f337455c448d7703a88148f85d7f4186e737297fff1658fcf5800
100_8_5_1,20260820,100,initial-populations/100_8_5_1/seed-20260820.fourvec,58d294cb82db8918f8f949232d5acb35da05bfa32e87393c85888fb7e2fd0b9b,aeaa6645533ba9e3c8f99d226cb28d08184c5fb500f89e220543424d83ac5fc9,a6822a205a28caa076b2a20911252745f2be96355b37ebc6bebde85e1cb45256,A7FB905C5EF9CFC43DBDA0D487099537489889D8DA189EB97C7C1EFD460F8D11,A3BFFA6900D1932C259CF14E2670F7A1646F1793FC9EF3F555C41467D2550876,CDE8156A026BACD7F5F8AA5543D0040E92E18EA256AEF1B14ECAB4ED601D755E,e08f016dbe3f337455c448d7703a88148f85d7f4186e737297fff1658fcf5800
100_8_5_1,20260821,100,initial-populations/100_8_5_1/seed-20260821.fourvec,02182361576c415f192b89d660a9c1544ee1cf31ef642e2ed70c16c8cd712d9a,61891cc10b47c46337be28b30f8d688c04c604264ca5f61b574bb69ac2eaea36,a92ee23920b966bba1d6dd05009cdeee866c3ac587098eaa50ed132790d5dcd4,A7FB905C5EF9CFC43DBDA0D487099537489889D8DA189EB97C7C1EFD460F8D11,A3BFFA6900D1932C259CF14E2670F7A1646F1793FC9EF3F555C41467D2550876,CDE8156A026BACD7F5F8AA5543D0040E92E18EA256AEF1B14ECAB4ED601D755E,e08f016dbe3f337455c448d7703a88148f85d7f4186e737297fff1658fcf5800
100_8_5_1,20260822,100,initial-populations/100_8_5_1/seed-20260822.fourvec,c6fdab7b490f1bca97eebe4cfdf2187a972232d34ee6cd42cfecc0efd662df64,ad8f876ce22015422392b691fa821cfc0337d10edac5e7494e8f0f2380408c47,155631615bdad181ea1bc3382dbc04c5534f741f1ad0283ca1c9e2db1b597529,A7FB905C5EF9CFC43DBDA0D487099537489889D8DA189EB97C7C1EFD460F8D11,A3BFFA6900D1932C259CF14E2670F7A1646F1793FC9EF3F555C41467D2550876,CDE8156A026BACD7F5F8AA5543D0040E92E18EA256AEF1B14ECAB4ED601D755E,e08f016dbe3f337455c448d7703a88148f85d7f4186e737297fff1658fcf5800
100_8_5_1,20260823,100,initial-populations/100_8_5_1/seed-20260823.fourvec,83fcef78dc114f220b5825200a35c7cfb4afe92c4992fb8e3eec15b502dbf781,bd0a116a68526e90300229480fcb2881a0faeec88abec0ad21036180c3303598,1d1737d981e0aee090d06d79defc75507cdf2027f1d2fec9003f3becd0be4455,A7FB905C5EF9CFC43DBDA0D487099537489889D8DA189EB97C7C1EFD460F8D11,A3BFFA6900D1932C259CF14E2670F7A1646F1793FC9EF3F555C41467D2550876,CDE8156A026BACD7F5F8AA5543D0040E92E18EA256AEF1B14ECAB4ED601D755E,e08f016dbe3f337455c448d7703a88148f85d7f4186e737297fff1658fcf5800
100_8_5_1,20260824,100,initial-populations/100_8_5_1/seed-20260824.fourvec,64d712abe317ef7e6b2ef4efa696fef1c67e44a35fb6a0e4af5e92bc5dbca8b6,d7cbde7ab2cda53b47b8ea7041e17994adbe82874be9501b9b32992742e1aa22,b888091debf3614ca3bdce138d59fa0a71d0beb34a4feb995cc60798d852a84d,A7FB905C5EF9CFC43DBDA0D487099537489889D8DA189EB97C7C1EFD460F8D11,A3BFFA6900D1932C259CF14E2670F7A1646F1793FC9EF3F555C41467D2550876,CDE8156A026BACD7F5F8AA5543D0040E92E18EA256AEF1B14ECAB4ED601D755E,e08f016dbe3f337455c448d7703a88148f85d7f4186e737297fff1658fcf5800
100_8_5_1,20260825,100,initial-populations/100_8_5_1/seed-20260825.fourvec,1a3cff8a85687f8711d5faa8694d37f537d4467985477e7899c2c5a182dcc9a8,2e6a801e5e7edac49117cad242233e9a1904d112d43d59232f06ac17d9c780d2,590b46f4fe5d95ece1954ab471c207391a38ab9425b7019e234d54fd1b3bcc43,A7FB905C5EF9CFC43DBDA0D487099537489889D8DA189EB97C7C1EFD460F8D11,A3BFFA6900D1932C259CF14E2670F7A1646F1793FC9EF3F555C41467D2550876,CDE8156A026BACD7F5F8AA5543D0040E92E18EA256AEF1B14ECAB4ED601D755E,e08f016dbe3f337455c448d7703a88148f85d7f4186e737297fff1658fcf5800
100_8_5_1,20260826,100,initial-populations/100_8_5_1/seed-20260826.fourvec,a9c7f467262ec977d3d5058d121d9447d5dabf333e08afbd2d42939132844c49,ba0fced8491d82b685f6598be073bfc68bf8b9dd820bb089079e6b0a3860c362,a4055a1a526626591fcda7522d585e0346ebd0690307aa4d0c49842a96b729f6,A7FB905C5EF9CFC43DBDA0D487099537489889D8DA189EB97C7C1EFD460F8D11,A3BFFA6900D1932C259CF14E2670F7A1646F1793FC9EF3F555C41467D2550876,CDE8156A026BACD7F5F8AA5543D0040E92E18EA256AEF1B14ECAB4ED601D755E,e08f016dbe3f337455c448d7703a88148f85d7f4186e737297fff1658fcf5800
100_8_5_1,20260827,100,initial-populations/100_8_5_1/seed-20260827.fourvec,f560926521b1cc04950248bab56cabeaa95ce6e5b3dc69d1e7108362c54856ac,eec2421e0b86e84439c703b56b3dc82eaa45e7b489f4c3cb8f88cbc209a6da36,754e765b0f7cfed447d0ff1d3cbb5091947c605e853c1019299cdca9cb178568,A7FB905C5EF9CFC43DBDA0D487099537489889D8DA189EB97C7C1EFD460F8D11,A3BFFA6900D1932C259CF14E2670F7A1646F1793FC9EF3F555C41467D2550876,CDE8156A026BACD7F5F8AA5543D0040E92E18EA256AEF1B14ECAB4ED601D755E,e08f016dbe3f337455c448d7703a88148f85d7f4186e737297fff1658fcf5800
150_2_3_1,20260808,100,initial-populations/150_2_3_1/seed-20260808.fourvec,2a09787e2b3957a8519c9f183128b55fc607c216ffdcc131b339780c674ca437,75e9bc1d823f5214c9d31b6b7b6784d08739e9e825c5652d6a083066d2786bb5,1f557d4227296c99517e1cefb70f4a0c1044a7a9600a1f3adcfb01ce99e77cdd,3BB9C11FAE830399E83D3B630050FC77D9F92A8053ECC02F7612556249680C39,67EEAFDA6327E76CFB76385536FAF20825BF6BA5E7F1652803B3AE38A62271D9,65AFDCEDE71C1684E6AEB5322DEC5C33E7BF782DB236EBCDFA89B2ED4BF0D617,c7ebcecf2c7652d611fd460897f27601c1f021fe15cdf4949cdd113351c71625
150_2_3_1,20260809,100,initial-populations/150_2_3_1/seed-20260809.fourvec,f9be18a41a652b43d20d4e3cedc3400697379016c385ff4c978a8aa0e1e099d1,725467f7fe686aac33fb7200c55f683dba3299d66c7b8a0557f63328786596db,ad80777b8c3c635cc854135e764301780b50afb9d18cb90588d806c9a8a5bd06,3BB9C11FAE830399E83D3B630050FC77D9F92A8053ECC02F7612556249680C39,67EEAFDA6327E76CFB76385536FAF20825BF6BA5E7F1652803B3AE38A62271D9,65AFDCEDE71C1684E6AEB5322DEC5C33E7BF782DB236EBCDFA89B2ED4BF0D617,c7ebcecf2c7652d611fd460897f27601c1f021fe15cdf4949cdd113351c71625
150_2_3_1,20260810,100,initial-populations/150_2_3_1/seed-20260810.fourvec,17c4b8547f57f258e905b2b640a061b2f31d41f14fa865d6f4e0bea3f3b529bb,fc4486427179938ae97882194de6d7e2bdaef6d7c430fd47935b156a59d0ce42,61af7d17933ce9874549d88bab0d36e0b633b1c0e595637d925dde3844020c17,3BB9C11FAE830399E83D3B630050FC77D9F92A8053ECC02F7612556249680C39,67EEAFDA6327E76CFB76385536FAF20825BF6BA5E7F1652803B3AE38A62271D9,65AFDCEDE71C1684E6AEB5322DEC5C33E7BF782DB236EBCDFA89B2ED4BF0D617,c7ebcecf2c7652d611fd460897f27601c1f021fe15cdf4949cdd113351c71625
150_2_3_1,20260811,100,initial-populations/150_2_3_1/seed-20260811.fourvec,44433a9d62713cd79c054b10923320349303e69afc0336e95985718ef9ac1165,40f05cb921aa75e938e464b6abdc8c5ae8d1e7536a35d00630f0b2b2023150fd,a6af1408d7e785aceef15ddd71248dcc1fed179abd2d6d1306ed97e917563af9,3BB9C11FAE830399E83D3B630050FC77D9F92A8053ECC02F7612556249680C39,67EEAFDA6327E76CFB76385536FAF20825BF6BA5E7F1652803B3AE38A62271D9,65AFDCEDE71C1684E6AEB5322DEC5C33E7BF782DB236EBCDFA89B2ED4BF0D617,c7ebcecf2c7652d611fd460897f27601c1f021fe15cdf4949cdd113351c71625
150_2_3_1,20260812,100,initial-populations/150_2_3_1/seed-20260812.fourvec,a6fe3d19a9f201b5de6eb437927b03b0e06f47932bfe14297cda52f3268d9dd0,556b5e9d5aac4d7e1a2efbbcfd89dcdd3782adc03edcb10f85361b76bae5f4a3,1dbba42cae664aa9b0417baff0228e6a6de9c67cdc904befe9bb1189b5ce1374,3BB9C11FAE830399E83D3B630050FC77D9F92A8053ECC02F7612556249680C39,67EEAFDA6327E76CFB76385536FAF20825BF6BA5E7F1652803B3AE38A62271D9,65AFDCEDE71C1684E6AEB5322DEC5C33E7BF782DB236EBCDFA89B2ED4BF0D617,c7ebcecf2c7652d611fd460897f27601c1f021fe15cdf4949cdd113351c71625
150_2_3_1,20260813,100,initial-populations/150_2_3_1/seed-20260813.fourvec,4c66a9c8d88cb259b19ec694aaff7b3447b64111e49786a1f0a7b45b3642c580,3b6c765a1e018d3ceb06e56fa4f119184474f444435e3698dd19273b73497706,014bfbf6be7dadabd66055322c2ee451c8c12c9eb31ff087f07ce13a4b9cf40c,3BB9C11FAE830399E83D3B630050FC77D9F92A8053ECC02F7612556249680C39,67EEAFDA6327E76CFB76385536FAF20825BF6BA5E7F1652803B3AE38A62271D9,65AFDCEDE71C1684E6AEB5322DEC5C33E7BF782DB236EBCDFA89B2ED4BF0D617,c7ebcecf2c7652d611fd460897f27601c1f021fe15cdf4949cdd113351c71625
150_2_3_1,20260814,100,initial-populations/150_2_3_1/seed-20260814.fourvec,313f87e1f2816929cfad4f81c5eb48dd76e44cd1e8c5e65748192a6753a57860,771ad94828abdb0446158e6d89ee29b2ee2b9d951288131033aafba4a9e51f62,db35947bf349208d901124f7999dfddac25408a59ccd671252bc543c11325f74,3BB9C11FAE830399E83D3B630050FC77D9F92A8053ECC02F7612556249680C39,67EEAFDA6327E76CFB76385536FAF20825BF6BA5E7F1652803B3AE38A62271D9,65AFDCEDE71C1684E6AEB5322DEC5C33E7BF782DB236EBCDFA89B2ED4BF0D617,c7ebcecf2c7652d611fd460897f27601c1f021fe15cdf4949cdd113351c71625
150_2_3_1,20260815,100,initial-populations/150_2_3_1/seed-20260815.fourvec,a3faf6ed57fe6dda8dc6c5790551734c670ec733b9cf300ff53a5684e14ad29e,20a13dfa5fe44f66e5338dda892d0da778349e1a760eabfb956a93d8662f9a15,d42e9b9c31b0f5784d4974d4086b3a9b78110a35bc34d9a3978b886f48372202,3BB9C11FAE830399E83D3B630050FC77D9F92A8053ECC02F7612556249680C39,67EEAFDA6327E76CFB76385536FAF20825BF6BA5E7F1652803B3AE38A62271D9,65AFDCEDE71C1684E6AEB5322DEC5C33E7BF782DB236EBCDFA89B2ED4BF0D617,c7ebcecf2c7652d611fd460897f27601c1f021fe15cdf4949cdd113351c71625
150_2_3_1,20260816,100,initial-populations/150_2_3_1/seed-20260816.fourvec,a581e08d340568b8a611e26aaf81d8d8a2889db567fb05643368cb2cda643dd1,802c510c41162525fbe6fa9402222822cae1a946664c6636936ea6e570683b28,efdc371f1c2c7dcdd7d8204ed0949b1be5b2f133f5f86589445a4ad22f0ffe16,3BB9C11FAE830399E83D3B630050FC77D9F92A8053ECC02F7612556249680C39,67EEAFDA6327E76CFB76385536FAF20825BF6BA5E7F1652803B3AE38A62271D9,65AFDCEDE71C1684E6AEB5322DEC5C33E7BF782DB236EBCDFA89B2ED4BF0D617,c7ebcecf2c7652d611fd460897f27601c1f021fe15cdf4949cdd113351c71625
150_2_3_1,20260817,100,initial-populations/150_2_3_1/seed-20260817.fourvec,abc42e9c4bf056bfe7ea15dec75d590090dc4dc086d451e147896262cb30807c,05eb2081d63bcd4fcc4fcf60b04ae439966426bf53a7cb61932e5ba42fe52604,2292b54bd069340487c5d630a427223369421b208ad17d0de9e7f1acca866625,3BB9C11FAE830399E83D3B630050FC77D9F92A8053ECC02F7612556249680C39,67EEAFDA6327E76CFB76385536FAF20825BF6BA5E7F1652803B3AE38A62271D9,65AFDCEDE71C1684E6AEB5322DEC5C33E7BF782DB236EBCDFA89B2ED4BF0D617,c7ebcecf2c7652d611fd460897f27601c1f021fe15cdf4949cdd113351c71625
150_2_3_1,20260818,100,initial-populations/150_2_3_1/seed-20260818.fourvec,e7804bc2b9bf2e6b19bd1d6ead07fb329b46fa2624ee56c63933b2c213f7a9c2,8f8d1ed2ef2c9997d708ff78da646848fe772df3960503114082391ebecb614c,ad6d3417948fc2b2fa7eede03a5f5f837a42ac0b88cd22bf74a2581d4122ae48,3BB9C11FAE830399E83D3B630050FC77D9F92A8053ECC02F7612556249680C39,67EEAFDA6327E76CFB76385536FAF20825BF6BA5E7F1652803B3AE38A62271D9,65AFDCEDE71C1684E6AEB5322DEC5C33E7BF782DB236EBCDFA89B2ED4BF0D617,c7ebcecf2c7652d611fd460897f27601c1f021fe15cdf4949cdd113351c71625
150_2_3_1,20260819,100,initial-populations/150_2_3_1/seed-20260819.fourvec,e92c59158b6c61361c69a6f4b0fccfedde315eda6785d14a5bcdd2aca3d0d5f3,b06864d6ac2c15e369d555e3ba860aab8175be4a010369297e49e12fd80ebf82,ccaa146eac942aecd54ce6f6ea311e7cc90dd37b1339ea899693bdf628c895f7,3BB9C11FAE830399E83D3B630050FC77D9F92A8053ECC02F7612556249680C39,67EEAFDA6327E76CFB76385536FAF20825BF6BA5E7F1652803B3AE38A62271D9,65AFDCEDE71C1684E6AEB5322DEC5C33E7BF782DB236EBCDFA89B2ED4BF0D617,c7ebcecf2c7652d611fd460897f27601c1f021fe15cdf4949cdd113351c71625
150_2_3_1,20260820,100,initial-populations/150_2_3_1/seed-20260820.fourvec,2787bec0899fe1b25696f196935cc91ac964c3fcc18caa3261224e98e28e98f2,da7595c74a1f0ef4f0408de72eae0903d7b54dcc8ca4e7160825222b511b0ff0,4a16c05f2b5aa1a5aef700b80747733d4b12f5fb233d13be9ed5febc8d75226a,3BB9C11FAE830399E83D3B630050FC77D9F92A8053ECC02F7612556249680C39,67EEAFDA6327E76CFB76385536FAF20825BF6BA5E7F1652803B3AE38A62271D9,65AFDCEDE71C1684E6AEB5322DEC5C33E7BF782DB236EBCDFA89B2ED4BF0D617,c7ebcecf2c7652d611fd460897f27601c1f021fe15cdf4949cdd113351c71625
150_2_3_1,20260821,100,initial-populations/150_2_3_1/seed-20260821.fourvec,918881dd44a8a30501377cd1488469c4021bf0642d2f1e561d93bad45e8d0461,b5186e13f7c4bb76a2867e381039dea771c218552ea863132920221de2806430,bc71de4449ffbac8628fc97ed4978dcd9e40f799c33a429941cbd51bba0f2523,3BB9C11FAE830399E83D3B630050FC77D9F92A8053ECC02F7612556249680C39,67EEAFDA6327E76CFB76385536FAF20825BF6BA5E7F1652803B3AE38A62271D9,65AFDCEDE71C1684E6AEB5322DEC5C33E7BF782DB236EBCDFA89B2ED4BF0D617,c7ebcecf2c7652d611fd460897f27601c1f021fe15cdf4949cdd113351c71625
150_2_3_1,20260822,100,initial-populations/150_2_3_1/seed-20260822.fourvec,bacd034b72c9938aebbafb2f9aa3018e34c9fa128402dfe525bf3f8de23729e5,40ab271b52fdb72e3910e34a36d623da027efa0c6e6ca0e0b1244d7c1ffbc384,fbea3b297b8cadb235142004a76f7a2e49c0c0ae88a65fb5f7d3fd3eae2bb88b,3BB9C11FAE830399E83D3B630050FC77D9F92A8053ECC02F7612556249680C39,67EEAFDA6327E76CFB76385536FAF20825BF6BA5E7F1652803B3AE38A62271D9,65AFDCEDE71C1684E6AEB5322DEC5C33E7BF782DB236EBCDFA89B2ED4BF0D617,c7ebcecf2c7652d611fd460897f27601c1f021fe15cdf4949cdd113351c71625
150_2_3_1,20260823,100,initial-populations/150_2_3_1/seed-20260823.fourvec,2eb2f87d0cb4fdeb873eb0895528e2ad798f46cfef993e8fc09d9e5b08081d4c,51cfd282cea1586c0217a4ada2a5a9fed80e7a362cdb781a24bdb4faa9dc4a48,3393f637106d0876cc4f17f383f29e7239524047acf374c07f717e9e3d69606d,3BB9C11FAE830399E83D3B630050FC77D9F92A8053ECC02F7612556249680C39,67EEAFDA6327E76CFB76385536FAF20825BF6BA5E7F1652803B3AE38A62271D9,65AFDCEDE71C1684E6AEB5322DEC5C33E7BF782DB236EBCDFA89B2ED4BF0D617,c7ebcecf2c7652d611fd460897f27601c1f021fe15cdf4949cdd113351c71625
150_2_3_1,20260824,100,initial-populations/150_2_3_1/seed-20260824.fourvec,b261a42e11f620cf46ca9fac1c049f200a2f0dc03c8c692719e008d2db88dd58,beabe206f7af83326f761727b951c111e77aa8b4d16b7b026ac0804929abd49a,d708b688e36cc8263489fe70aec97f55ebaf280b1fb6bbaf4d372c3f82e3b7f2,3BB9C11FAE830399E83D3B630050FC77D9F92A8053ECC02F7612556249680C39,67EEAFDA6327E76CFB76385536FAF20825BF6BA5E7F1652803B3AE38A62271D9,65AFDCEDE71C1684E6AEB5322DEC5C33E7BF782DB236EBCDFA89B2ED4BF0D617,c7ebcecf2c7652d611fd460897f27601c1f021fe15cdf4949cdd113351c71625
150_2_3_1,20260825,100,initial-populations/150_2_3_1/seed-20260825.fourvec,0a28290c0eb19eb8d9c57ca29955323f157fd6946819d30a0979332b4a7be664,7ca32f10b4c95098138f1be827662bba8fe71c0924061e8e54c0bd02272f8de9,a7d6d6f91ec3f6adfd634caaca047357f457b90cf17b1b2d0516700e509a59d0,3BB9C11FAE830399E83D3B630050FC77D9F92A8053ECC02F7612556249680C39,67EEAFDA6327E76CFB76385536FAF20825BF6BA5E7F1652803B3AE38A62271D9,65AFDCEDE71C1684E6AEB5322DEC5C33E7BF782DB236EBCDFA89B2ED4BF0D617,c7ebcecf2c7652d611fd460897f27601c1f021fe15cdf4949cdd113351c71625
150_2_3_1,20260826,100,initial-populations/150_2_3_1/seed-20260826.fourvec,61767d065f6689e8535fc965dab5d9a67af55e9ba5f5d77ff7d3611094bd66bb,815deb0d4dcc35422488f1291bcfbd1b5eaa580edb336f022a6b0c1f92dd68a5,bd1e9217fb3e47187d33d983a5e063944ed45f3b205173eef69888b8a6c98c97,3BB9C11FAE830399E83D3B630050FC77D9F92A8053ECC02F7612556249680C39,67EEAFDA6327E76CFB76385536FAF20825BF6BA5E7F1652803B3AE38A62271D9,65AFDCEDE71C1684E6AEB5322DEC5C33E7BF782DB236EBCDFA89B2ED4BF0D617,c7ebcecf2c7652d611fd460897f27601c1f021fe15cdf4949cdd113351c71625
150_2_3_1,20260827,100,initial-populations/150_2_3_1/seed-20260827.fourvec,338dfd0e0e2a1fd975e83d687809842cb0d1dde773d375cccb19bb3eb836d31c,9c4ec60a6107f2d2c47b24074a6a0d825db10e89f09f1ab7d93ae6201af91e12,0c6d100036440e3f009113290decfaa418e8bf7728945924f23598e1205e2219,3BB9C11FAE830399E83D3B630050FC77D9F92A8053ECC02F7612556249680C39,67EEAFDA6327E76CFB76385536FAF20825BF6BA5E7F1652803B3AE38A62271D9,65AFDCEDE71C1684E6AEB5322DEC5C33E7BF782DB236EBCDFA89B2ED4BF0D617,c7ebcecf2c7652d611fd460897f27601c1f021fe15cdf4949cdd113351c71625
150_2_4_1,20260808,100,initial-populations/150_2_4_1/seed-20260808.fourvec,b46693fe58ae51460d8b47293a584f699d2c04c9f06c36a31d14a6d4593a3065,3c019ebb50d83ef8514616083e6b8ba2067d6ac71488a95eb93bc3c7ca006ea5,c1ee7dde36a89253bb2af7a9326114efef1c9bee956fec06d83a51f21877814a,D02556422920C7A2AD158D400745A3A6A34897EBA709FB9D276B3963F6CC81FE,E1DFF670372A432BE911E76B0FA8156456FC7EACE7C9D53493A84EA97865536C,24E63AF28EFB3021A28E5CE5F6D40DE7BD1E8A566FB4419EA8363AB84AD57B84,95db27e187aea90568a3c27c7082a43be4ca367d26bc71436db51a11a34115d5
150_2_4_1,20260809,100,initial-populations/150_2_4_1/seed-20260809.fourvec,956905940525d6edc7e213111e28b8820d56c340671ab388598ddcea06aa79aa,118c2aeb224cf3a771fde6bad020d09222215250b6b85131a1ee9fb2478ad97d,be8dfb59c53647a2a2fe0b53cf296f039327e7520766476ff983ab3c4f256aa7,D02556422920C7A2AD158D400745A3A6A34897EBA709FB9D276B3963F6CC81FE,E1DFF670372A432BE911E76B0FA8156456FC7EACE7C9D53493A84EA97865536C,24E63AF28EFB3021A28E5CE5F6D40DE7BD1E8A566FB4419EA8363AB84AD57B84,95db27e187aea90568a3c27c7082a43be4ca367d26bc71436db51a11a34115d5
150_2_4_1,20260810,100,initial-populations/150_2_4_1/seed-20260810.fourvec,4f06dbd5e696581cc34a59eaed78b9d89ed5c793899f29c658397469110f1964,257f61387cd8f703114c23a1aca8c93e517dd83f4b29e64d9a108bf7f13fc9c8,a42fe19270e7c50201bf62ec43061ddcac15ce5d9c30216b22adf1532adec1ee,D02556422920C7A2AD158D400745A3A6A34897EBA709FB9D276B3963F6CC81FE,E1DFF670372A432BE911E76B0FA8156456FC7EACE7C9D53493A84EA97865536C,24E63AF28EFB3021A28E5CE5F6D40DE7BD1E8A566FB4419EA8363AB84AD57B84,95db27e187aea90568a3c27c7082a43be4ca367d26bc71436db51a11a34115d5
150_2_4_1,20260811,100,initial-populations/150_2_4_1/seed-20260811.fourvec,5afd18e54561ec9d3dce0176249ad993aaa3cfe99f8f2f3047c8678c443c7e2f,88446cdfc93e73dc584d7809252c8fdf4ef2b28aace3671deec70877e683f93a,0d26ee6a2605faeb2580b3c9195d15e8b53dce38710fe18a9942cc2016e442c4,D02556422920C7A2AD158D400745A3A6A34897EBA709FB9D276B3963F6CC81FE,E1DFF670372A432BE911E76B0FA8156456FC7EACE7C9D53493A84EA97865536C,24E63AF28EFB3021A28E5CE5F6D40DE7BD1E8A566FB4419EA8363AB84AD57B84,95db27e187aea90568a3c27c7082a43be4ca367d26bc71436db51a11a34115d5
150_2_4_1,20260812,100,initial-populations/150_2_4_1/seed-20260812.fourvec,37a158e6ffacf7ac94eea8dafea089967872b19b47040e002d1ad634ddfe71c5,f125ee022eae9c591421d2c8f261b30e7a0e768af6654bb6a8eff15d75051f8d,f2939e9e78651a0954fa897bc9d7a03b0c9ceed8f49970fcda626cac1f7ca602,D02556422920C7A2AD158D400745A3A6A34897EBA709FB9D276B3963F6CC81FE,E1DFF670372A432BE911E76B0FA8156456FC7EACE7C9D53493A84EA97865536C,24E63AF28EFB3021A28E5CE5F6D40DE7BD1E8A566FB4419EA8363AB84AD57B84,95db27e187aea90568a3c27c7082a43be4ca367d26bc71436db51a11a34115d5
150_2_4_1,20260813,100,initial-populations/150_2_4_1/seed-20260813.fourvec,14c20c811443d952a517d9a67e8d17576b57188e05de429811eb727a3d171ce3,963dd166ab63ea835badfee4dbf9f8b865b630719208b1dfff1180f8b9218e4e,b30220a2a896c60776eb1e42aabb61bf08ff64e4caccfd63c3a9d03a1d6bcdc2,D02556422920C7A2AD158D400745A3A6A34897EBA709FB9D276B3963F6CC81FE,E1DFF670372A432BE911E76B0FA8156456FC7EACE7C9D53493A84EA97865536C,24E63AF28EFB3021A28E5CE5F6D40DE7BD1E8A566FB4419EA8363AB84AD57B84,95db27e187aea90568a3c27c7082a43be4ca367d26bc71436db51a11a34115d5
150_2_4_1,20260814,100,initial-populations/150_2_4_1/seed-20260814.fourvec,d92d7d07b73b92988a7024d26630097df31291e0f73a91d34e06b70411abd996,eec2b2dabdbe4f735fc34209b9690560eb3580180e8ace6e4e0bbe9a747f138f,28c70450a6f9d63a03f3dc89c9829a5ca0dc88e5e66f1714d7d8d929745473b2,D02556422920C7A2AD158D400745A3A6A34897EBA709FB9D276B3963F6CC81FE,E1DFF670372A432BE911E76B0FA8156456FC7EACE7C9D53493A84EA97865536C,24E63AF28EFB3021A28E5CE5F6D40DE7BD1E8A566FB4419EA8363AB84AD57B84,95db27e187aea90568a3c27c7082a43be4ca367d26bc71436db51a11a34115d5
150_2_4_1,20260815,100,initial-populations/150_2_4_1/seed-20260815.fourvec,17b26f0f3180a1187acaaad33d704d1d848ab8a8a6eb46ff4db2989f121a9c18,3373fd6a2f82a380d5bb47b79fc6eb7c38c3fc6a95548272d12688448e2d81d4,c186979aaec713562170648d0dd1c1d1827b7f712fba99eb0646b19ef84c5658,D02556422920C7A2AD158D400745A3A6A34897EBA709FB9D276B3963F6CC81FE,E1DFF670372A432BE911E76B0FA8156456FC7EACE7C9D53493A84EA97865536C,24E63AF28EFB3021A28E5CE5F6D40DE7BD1E8A566FB4419EA8363AB84AD57B84,95db27e187aea90568a3c27c7082a43be4ca367d26bc71436db51a11a34115d5
150_2_4_1,20260816,100,initial-populations/150_2_4_1/seed-20260816.fourvec,68ae642496d1c5736cd56199e0fe3afbb814964c679eaae1cbfa70bcc4cb8bbd,e1c12ad99a42798fd82a2bbd41c2c0d5bf9c597322e7f694bb90b90d217c531e,ccac4fa76622cf28528365a4f4f47c9391f83fd77002912d4fba203507f6b777,D02556422920C7A2AD158D400745A3A6A34897EBA709FB9D276B3963F6CC81FE,E1DFF670372A432BE911E76B0FA8156456FC7EACE7C9D53493A84EA97865536C,24E63AF28EFB3021A28E5CE5F6D40DE7BD1E8A566FB4419EA8363AB84AD57B84,95db27e187aea90568a3c27c7082a43be4ca367d26bc71436db51a11a34115d5
150_2_4_1,20260817,100,initial-populations/150_2_4_1/seed-20260817.fourvec,e33fbcc442e452af7c4817c9f464fc3f7ebcc73a3e3e977356085f3f39513ba6,cd4004c397f7a765466ffc3e6f6f5ed631181c1793f78cfaaabfa2508fca4870,bf70ecda63ce63ecb6754e481eab57096f94ed68e6d23b9d9a973c3b84e588ae,D02556422920C7A2AD158D400745A3A6A34897EBA709FB9D276B3963F6CC81FE,E1DFF670372A432BE911E76B0FA8156456FC7EACE7C9D53493A84EA97865536C,24E63AF28EFB3021A28E5CE5F6D40DE7BD1E8A566FB4419EA8363AB84AD57B84,95db27e187aea90568a3c27c7082a43be4ca367d26bc71436db51a11a34115d5
150_2_4_1,20260818,100,initial-populations/150_2_4_1/seed-20260818.fourvec,d57a23cffa7994b35fcdc22ef3d86208527c0b06a0789a34fc6d73abe7722ee4,1920e36cbc88773a6904ebda9a9a65febf69c34a3f8b66e6bc22c717529c5c14,7445626cddbba21adb6f74f22ef79432810cb614eb5b0815a60ef099f5ac4966,D02556422920C7A2AD158D400745A3A6A34897EBA709FB9D276B3963F6CC81FE,E1DFF670372A432BE911E76B0FA8156456FC7EACE7C9D53493A84EA97865536C,24E63AF28EFB3021A28E5CE5F6D40DE7BD1E8A566FB4419EA8363AB84AD57B84,95db27e187aea90568a3c27c7082a43be4ca367d26bc71436db51a11a34115d5
150_2_4_1,20260819,100,initial-populations/150_2_4_1/seed-20260819.fourvec,303cdf8fcacbc1cde87e010671403e15c504ed08f01b70a7dd2beb097ed7136b,f9aa6ab72404c0a2c666068cd5bc7f98d956a214b10515d64dfe8db560be4eb4,d8d3aa6e17569219c9ec6eb6e4c0c19f25e155184cdbd25d14b71c8795ca035d,D02556422920C7A2AD158D400745A3A6A34897EBA709FB9D276B3963F6CC81FE,E1DFF670372A432BE911E76B0FA8156456FC7EACE7C9D53493A84EA97865536C,24E63AF28EFB3021A28E5CE5F6D40DE7BD1E8A566FB4419EA8363AB84AD57B84,95db27e187aea90568a3c27c7082a43be4ca367d26bc71436db51a11a34115d5
150_2_4_1,20260820,100,initial-populations/150_2_4_1/seed-20260820.fourvec,ddbc663634a829185adae18dee3265766fde7d5b92279f5b5cf876a92e6fe31f,ff6e382d793c9845b3d570c5447f9f6029a4beb3c40384930ae7cefc2674d67f,c1a8782044993c87ee24c8334942a1dbfc23a94eb8f09b471c48f465f75bc044,D02556422920C7A2AD158D400745A3A6A34897EBA709FB9D276B3963F6CC81FE,E1DFF670372A432BE911E76B0FA8156456FC7EACE7C9D53493A84EA97865536C,24E63AF28EFB3021A28E5CE5F6D40DE7BD1E8A566FB4419EA8363AB84AD57B84,95db27e187aea90568a3c27c7082a43be4ca367d26bc71436db51a11a34115d5
150_2_4_1,20260821,100,initial-populations/150_2_4_1/seed-20260821.fourvec,d10ad53efd6a1d5bdfe2e077592494f6216468e401ec8d6ee6e2d3261bc3e3f0,5078ea4895a4ffe3fc7b59d5dfef8dd077ea4d3b9da32d00b0f187ede5e79be5,387e29df0bef9dc75d70776ad007437fccfabfe70a7742fb8f27dccbb6977c73,D02556422920C7A2AD158D400745A3A6A34897EBA709FB9D276B3963F6CC81FE,E1DFF670372A432BE911E76B0FA8156456FC7EACE7C9D53493A84EA97865536C,24E63AF28EFB3021A28E5CE5F6D40DE7BD1E8A566FB4419EA8363AB84AD57B84,95db27e187aea90568a3c27c7082a43be4ca367d26bc71436db51a11a34115d5
150_2_4_1,20260822,100,initial-populations/150_2_4_1/seed-20260822.fourvec,00b8fc53bb92c58e73f711c37d081de4124bb084882f554ff339e809fa942157,4da452dc3ba42fb8105c8023f24157aa341d809f7ac6aaa58ba59c9fbdf3dfc1,762cee1c36ea7a09a209a0ebf82b0455e15f859521a0d83d0267f8e6aaaada7f,D02556422920C7A2AD158D400745A3A6A34897EBA709FB9D276B3963F6CC81FE,E1DFF670372A432BE911E76B0FA8156456FC7EACE7C9D53493A84EA97865536C,24E63AF28EFB3021A28E5CE5F6D40DE7BD1E8A566FB4419EA8363AB84AD57B84,95db27e187aea90568a3c27c7082a43be4ca367d26bc71436db51a11a34115d5
150_2_4_1,20260823,100,initial-populations/150_2_4_1/seed-20260823.fourvec,e6901b50a27c3df0463c273af715dea2eea95b79ab9af63388442a789eed8fa0,5f6b69b3b79b0565ff98cc497a52e563d594c9228e21da3907d01faf4ff5969a,c8364f3ddb5fb465627ca7271d2b02506910a8b008ccc9749d6fa35db665ee48,D02556422920C7A2AD158D400745A3A6A34897EBA709FB9D276B3963F6CC81FE,E1DFF670372A432BE911E76B0FA8156456FC7EACE7C9D53493A84EA97865536C,24E63AF28EFB3021A28E5CE5F6D40DE7BD1E8A566FB4419EA8363AB84AD57B84,95db27e187aea90568a3c27c7082a43be4ca367d26bc71436db51a11a34115d5
150_2_4_1,20260824,100,initial-populations/150_2_4_1/seed-20260824.fourvec,98fd7581f04a36ac96f3aacd600c6b1860d88abbd5d3f064a8e993199bd6862d,34391b4ecb73c7e88ad07005c3ac269092cc8aea5e7066454107597040eb767a,d92504c978635bb0d9fe4f4c75401e23131e2c107bcdaf108235f0c7d10a9ec0,D02556422920C7A2AD158D400745A3A6A34897EBA709FB9D276B3963F6CC81FE,E1DFF670372A432BE911E76B0FA8156456FC7EACE7C9D53493A84EA97865536C,24E63AF28EFB3021A28E5CE5F6D40DE7BD1E8A566FB4419EA8363AB84AD57B84,95db27e187aea90568a3c27c7082a43be4ca367d26bc71436db51a11a34115d5
150_2_4_1,20260825,100,initial-populations/150_2_4_1/seed-20260825.fourvec,3b018c2bdb027f6bfbf6fddc3e7cdbe111b1d0a03a116f17fc651760b92719b3,fea2fa292d0f48074cdea791f8b525f4e8d4e32e871902dd09575377110779ab,1160ea1164ef2be546695d0bc978f72a3f587f4e196e647681ef9bcc6e216314,D02556422920C7A2AD158D400745A3A6A34897EBA709FB9D276B3963F6CC81FE,E1DFF670372A432BE911E76B0FA8156456FC7EACE7C9D53493A84EA97865536C,24E63AF28EFB3021A28E5CE5F6D40DE7BD1E8A566FB4419EA8363AB84AD57B84,95db27e187aea90568a3c27c7082a43be4ca367d26bc71436db51a11a34115d5
150_2_4_1,20260826,100,initial-populations/150_2_4_1/seed-20260826.fourvec,1a78ee663b7000311007e3e21026f6cd10008a00071909d7d277e0a526821caa,972f4335ed919f2819900d465e2583830b2f39ebd17c846334e19c0612f3b956,664d72677ce34b0c7f87ef254ef87c6118a219be6eea546a156621f86a733635,D02556422920C7A2AD158D400745A3A6A34897EBA709FB9D276B3963F6CC81FE,E1DFF670372A432BE911E76B0FA8156456FC7EACE7C9D53493A84EA97865536C,24E63AF28EFB3021A28E5CE5F6D40DE7BD1E8A566FB4419EA8363AB84AD57B84,95db27e187aea90568a3c27c7082a43be4ca367d26bc71436db51a11a34115d5
150_2_4_1,20260827,100,initial-populations/150_2_4_1/seed-20260827.fourvec,485c914a8413d12fd7ba6f64777510db862e338b53e8fd441baa21789e5a7a25,2beddcd256d40333dc5f8c2db878c14ae44badbc1c0d91f85c1b5380ada60980,090626a88c8a6247abe6ce7c01abe86789fb70c95b13d051c7935da813792e02,D02556422920C7A2AD158D400745A3A6A34897EBA709FB9D276B3963F6CC81FE,E1DFF670372A432BE911E76B0FA8156456FC7EACE7C9D53493A84EA97865536C,24E63AF28EFB3021A28E5CE5F6D40DE7BD1E8A566FB4419EA8363AB84AD57B84,95db27e187aea90568a3c27c7082a43be4ca367d26bc71436db51a11a34115d5
150_2_5_1,20260808,100,initial-populations/150_2_5_1/seed-20260808.fourvec,d3f5fe057ee5d867752359fa7955f16ea35f9cbd4bed47b27d670adc8375c648,b2b21281be17ad76f423315062dd7b04fe50d3b5203da544bf54fa5f507d478e,b83c1c030dad0207b3a6238f6c439d2a6350c5d034a632e22f082e7adf79999b,7B827AEBAF6721B85124C59AFD115FAD9629CB2904DF985A446857CCD4280050,E45FBE397AF21F85F57A52C2B5EFA10D550D153F54C824579018B625880E8754,943A63ADDDD16CD726D8D1AD3D80C4BC68F49EA47E11F47DD2C2E885569D00E4,b2eb076dbd3a3da2f6c98087653e926b7bf61c7fab378ea65e01dbbc58b00e82
150_2_5_1,20260809,100,initial-populations/150_2_5_1/seed-20260809.fourvec,51f39d9402c38887d23fb2dcf9cb4c58feabdafb22cd0db563a49e3c3a21a139,b3ea5c24392b6078a5c3cf3047ca9b9965a2b181459135f357fd88f556db86b0,27f118edfafb8238edeb503abaff651c76a704823e1083a828c3af15778b8351,7B827AEBAF6721B85124C59AFD115FAD9629CB2904DF985A446857CCD4280050,E45FBE397AF21F85F57A52C2B5EFA10D550D153F54C824579018B625880E8754,943A63ADDDD16CD726D8D1AD3D80C4BC68F49EA47E11F47DD2C2E885569D00E4,b2eb076dbd3a3da2f6c98087653e926b7bf61c7fab378ea65e01dbbc58b00e82
150_2_5_1,20260810,100,initial-populations/150_2_5_1/seed-20260810.fourvec,0010a3dc209f458055139f2da80e795295537ca40de3cf0d387fd9c42046056f,875a6e36cacfc92f8d61cd7e16c304930a4d96bd28bd933f0c4935b1f9561166,4b32c3328db6d06798b7a74b8c918421d18dfb4ca511aef0701a16fca610910b,7B827AEBAF6721B85124C59AFD115FAD9629CB2904DF985A446857CCD4280050,E45FBE397AF21F85F57A52C2B5EFA10D550D153F54C824579018B625880E8754,943A63ADDDD16CD726D8D1AD3D80C4BC68F49EA47E11F47DD2C2E885569D00E4,b2eb076dbd3a3da2f6c98087653e926b7bf61c7fab378ea65e01dbbc58b00e82
150_2_5_1,20260811,100,initial-populations/150_2_5_1/seed-20260811.fourvec,47daef50d2c9acb7868905809775c05662931d3474d2f006a2eb5ae76ea0b8e3,a60c1e7e4394a2a7b7a9edb98c414d52ae5f444ba02e1a2e3e9079f71b207210,602b4a761d25b9398353fb5ab94cce728799092bb44cd0d801ba19c68d79146c,7B827AEBAF6721B85124C59AFD115FAD9629CB2904DF985A446857CCD4280050,E45FBE397AF21F85F57A52C2B5EFA10D550D153F54C824579018B625880E8754,943A63ADDDD16CD726D8D1AD3D80C4BC68F49EA47E11F47DD2C2E885569D00E4,b2eb076dbd3a3da2f6c98087653e926b7bf61c7fab378ea65e01dbbc58b00e82
150_2_5_1,20260812,100,initial-populations/150_2_5_1/seed-20260812.fourvec,5ba8b5e29d2667a7124d2a93a68d4ed3fb3c51541f15069206fbfe6d7189a805,7280d4f817e6c03d5d45af6c0e7c97f526d2118364a15a89b89ef34f88a01b99,aa2dc3f978cb23fdabf43f4b90411b7916d5022021598fee0beeaa2c66c15334,7B827AEBAF6721B85124C59AFD115FAD9629CB2904DF985A446857CCD4280050,E45FBE397AF21F85F57A52C2B5EFA10D550D153F54C824579018B625880E8754,943A63ADDDD16CD726D8D1AD3D80C4BC68F49EA47E11F47DD2C2E885569D00E4,b2eb076dbd3a3da2f6c98087653e926b7bf61c7fab378ea65e01dbbc58b00e82
150_2_5_1,20260813,100,initial-populations/150_2_5_1/seed-20260813.fourvec,3caa72451d14b6ff845b4b8adde958c5484467a1acab9c3d7aad3ee4e929768d,6b17099ad42e8aa3716b7fd078e79cf80e5751908f7d434a3b1474164120ae84,6671d64b447d3c9cf1ececff19a53cc7e202a0cf62380422260f0bc3867206bc,7B827AEBAF6721B85124C59AFD115FAD9629CB2904DF985A446857CCD4280050,E45FBE397AF21F85F57A52C2B5EFA10D550D153F54C824579018B625880E8754,943A63ADDDD16CD726D8D1AD3D80C4BC68F49EA47E11F47DD2C2E885569D00E4,b2eb076dbd3a3da2f6c98087653e926b7bf61c7fab378ea65e01dbbc58b00e82
150_2_5_1,20260814,100,initial-populations/150_2_5_1/seed-20260814.fourvec,8f750be4b737bf1605b951cf4dae237512feef078cb5e90ae7112142c8a9f362,d37cc593c6d5395ca954b28638ad018abdb2a9eda06d705d4ec9059a57eaf862,0ca000df3e80f220fba0247f9ebc1c6542538abe85d8349ec6d719abcc6cbe31,7B827AEBAF6721B85124C59AFD115FAD9629CB2904DF985A446857CCD4280050,E45FBE397AF21F85F57A52C2B5EFA10D550D153F54C824579018B625880E8754,943A63ADDDD16CD726D8D1AD3D80C4BC68F49EA47E11F47DD2C2E885569D00E4,b2eb076dbd3a3da2f6c98087653e926b7bf61c7fab378ea65e01dbbc58b00e82
150_2_5_1,20260815,100,initial-populations/150_2_5_1/seed-20260815.fourvec,bff88bf5f2bc5005989cf29fced1ad625eb69be1436146af77ec90b604a2b640,a4d06b493260cfd85041d510e7f97ec390dc66ff19e944f43872a0d2d28b5889,24ea0095fdb40b7528637f7abd27f82b0eb6acd42043d9f68684c3fe40c344e6,7B827AEBAF6721B85124C59AFD115FAD9629CB2904DF985A446857CCD4280050,E45FBE397AF21F85F57A52C2B5EFA10D550D153F54C824579018B625880E8754,943A63ADDDD16CD726D8D1AD3D80C4BC68F49EA47E11F47DD2C2E885569D00E4,b2eb076dbd3a3da2f6c98087653e926b7bf61c7fab378ea65e01dbbc58b00e82
150_2_5_1,20260816,100,initial-populations/150_2_5_1/seed-20260816.fourvec,6117403652da535d7ec8a1c2213724c74a55f0bbaa1889ab57ba55335661812e,e6e201b8ae23f926f08bffca96fc38be91f05d86ec5ced30e7e2468ff86a7595,fa4fda7b3254029dc22597528dc7c78e3defbc9647c39e343fe12566a55aeded,7B827AEBAF6721B85124C59AFD115FAD9629CB2904DF985A446857CCD4280050,E45FBE397AF21F85F57A52C2B5EFA10D550D153F54C824579018B625880E8754,943A63ADDDD16CD726D8D1AD3D80C4BC68F49EA47E11F47DD2C2E885569D00E4,b2eb076dbd3a3da2f6c98087653e926b7bf61c7fab378ea65e01dbbc58b00e82
150_2_5_1,20260817,100,initial-populations/150_2_5_1/seed-20260817.fourvec,e9f4055dd06e0145f24377fe548e26d9addcbcd666bf527a61445e9da30f288f,7d814525d11c0ac315cc058ffb6ef6fc648e338fc812b9d0865946db82a10562,6457f3a1bc1154a8c22ba3c264cb9cb6b02b82c7f31a3544d14a78328e6f503e,7B827AEBAF6721B85124C59AFD115FAD9629CB2904DF985A446857CCD4280050,E45FBE397AF21F85F57A52C2B5EFA10D550D153F54C824579018B625880E8754,943A63ADDDD16CD726D8D1AD3D80C4BC68F49EA47E11F47DD2C2E885569D00E4,b2eb076dbd3a3da2f6c98087653e926b7bf61c7fab378ea65e01dbbc58b00e82
150_2_5_1,20260818,100,initial-populations/150_2_5_1/seed-20260818.fourvec,a3cf6e435e27d5864cfd42eaefa01333a43913127c41d11869b664a21ecb73a9,6cc1f1f87303778d044f027737df132768aaf113153e47e4d433c1ed50e4c6a9,506d44bb0af0f55d7266ea345b41103749d3d9d5528b6504def648d487b828d3,7B827AEBAF6721B85124C59AFD115FAD9629CB2904DF985A446857CCD4280050,E45FBE397AF21F85F57A52C2B5EFA10D550D153F54C824579018B625880E8754,943A63ADDDD16CD726D8D1AD3D80C4BC68F49EA47E11F47DD2C2E885569D00E4,b2eb076dbd3a3da2f6c98087653e926b7bf61c7fab378ea65e01dbbc58b00e82
150_2_5_1,20260819,100,initial-populations/150_2_5_1/seed-20260819.fourvec,5137d31a5f2a31b44cc0d1d6b84985f10206c21a4a0f0f2d4ef0ab2698e398f3,2fbc8ecc8fd3ff9e431f8b5fdd91c79025b19456e5f916294c99ef022f85519f,d4fcca6966eb8b8047cca6f8d5013ca4fec86db2a091e455be92da1403a1d375,7B827AEBAF6721B85124C59AFD115FAD9629CB2904DF985A446857CCD4280050,E45FBE397AF21F85F57A52C2B5EFA10D550D153F54C824579018B625880E8754,943A63ADDDD16CD726D8D1AD3D80C4BC68F49EA47E11F47DD2C2E885569D00E4,b2eb076dbd3a3da2f6c98087653e926b7bf61c7fab378ea65e01dbbc58b00e82
150_2_5_1,20260820,100,initial-populations/150_2_5_1/seed-20260820.fourvec,e42019d18b9404307dd0b071afeeb73b192738e12690f5865a96d8c65caf3b44,65986319049295e19095b60b99f61e4b6b7a502f08044b975beb8f23213cd7f3,298724f68275958b2a1d92fd2836764f1f10b94111829ef8f91fd3f50d040008,7B827AEBAF6721B85124C59AFD115FAD9629CB2904DF985A446857CCD4280050,E45FBE397AF21F85F57A52C2B5EFA10D550D153F54C824579018B625880E8754,943A63ADDDD16CD726D8D1AD3D80C4BC68F49EA47E11F47DD2C2E885569D00E4,b2eb076dbd3a3da2f6c98087653e926b7bf61c7fab378ea65e01dbbc58b00e82
150_2_5_1,20260821,100,initial-populations/150_2_5_1/seed-20260821.fourvec,acf8bf4757974032fae06943e806eada07fab93dcbfb16a1d10836b6b89b347f,3a98bd7cfe3a812175e11cb33345aca2e9eb4fa82d669e1ece067d6705716c0e,d8da16ab570aa4316f1a68983617dd54303ac221ac682f7e86ec58a405b53b97,7B827AEBAF6721B85124C59AFD115FAD9629CB2904DF985A446857CCD4280050,E45FBE397AF21F85F57A52C2B5EFA10D550D153F54C824579018B625880E8754,943A63ADDDD16CD726D8D1AD3D80C4BC68F49EA47E11F47DD2C2E885569D00E4,b2eb076dbd3a3da2f6c98087653e926b7bf61c7fab378ea65e01dbbc58b00e82
150_2_5_1,20260822,100,initial-populations/150_2_5_1/seed-20260822.fourvec,dc4521c6178cd355641f9322b8a6a4c18ab79974cf4211d09711dd592f65dde9,d66459be25a401ea7b8e410d4d6b8be15848f0b0a633b459bec3f9d15cf7d558,69f6793f2b92b12db5779979c856b7956be2d018157b0a08a4e7117263603f70,7B827AEBAF6721B85124C59AFD115FAD9629CB2904DF985A446857CCD4280050,E45FBE397AF21F85F57A52C2B5EFA10D550D153F54C824579018B625880E8754,943A63ADDDD16CD726D8D1AD3D80C4BC68F49EA47E11F47DD2C2E885569D00E4,b2eb076dbd3a3da2f6c98087653e926b7bf61c7fab378ea65e01dbbc58b00e82
150_2_5_1,20260823,100,initial-populations/150_2_5_1/seed-20260823.fourvec,c2ac008154f7ac44537dc2de0340ee95cf1b4f59b7f9c1e93c35be82386fb8e0,572039550c6e6ad4dc30c287f7333261f33e17d3ef56bfb674c89b3371f0acc4,a04c1ac605017e612331d087c44e180d1af7ea439c37292f90a7b5661ca6e932,7B827AEBAF6721B85124C59AFD115FAD9629CB2904DF985A446857CCD4280050,E45FBE397AF21F85F57A52C2B5EFA10D550D153F54C824579018B625880E8754,943A63ADDDD16CD726D8D1AD3D80C4BC68F49EA47E11F47DD2C2E885569D00E4,b2eb076dbd3a3da2f6c98087653e926b7bf61c7fab378ea65e01dbbc58b00e82
150_2_5_1,20260824,100,initial-populations/150_2_5_1/seed-20260824.fourvec,60e5acfc8f89efa81f99144731bef39af19e6066dfca46a1b81598fa92328d25,d14d82ce9815fe4735c758bf02ae802726ddf479ebd8e06ad851d46e7ede930b,b2ddf88efbff76d2b75028b5e7ca48606cceb995a2ff892dc771eba86d50d915,7B827AEBAF6721B85124C59AFD115FAD9629CB2904DF985A446857CCD4280050,E45FBE397AF21F85F57A52C2B5EFA10D550D153F54C824579018B625880E8754,943A63ADDDD16CD726D8D1AD3D80C4BC68F49EA47E11F47DD2C2E885569D00E4,b2eb076dbd3a3da2f6c98087653e926b7bf61c7fab378ea65e01dbbc58b00e82
150_2_5_1,20260825,100,initial-populations/150_2_5_1/seed-20260825.fourvec,c427e8c1af42b92c2a046408f434cce737967d4ba93ea09b36dec342721eeb63,0613b09237fb3a79b0a24e9b5c992e9a9a822bcda86c8e98d71b5c8a94d507e8,e8802c05cb26437abca47ff2b82eb8b05fa6013eb9b2cecb28a7813e5dda44b9,7B827AEBAF6721B85124C59AFD115FAD9629CB2904DF985A446857CCD4280050,E45FBE397AF21F85F57A52C2B5EFA10D550D153F54C824579018B625880E8754,943A63ADDDD16CD726D8D1AD3D80C4BC68F49EA47E11F47DD2C2E885569D00E4,b2eb076dbd3a3da2f6c98087653e926b7bf61c7fab378ea65e01dbbc58b00e82
150_2_5_1,20260826,100,initial-populations/150_2_5_1/seed-20260826.fourvec,64fbc35cbfe86e3b986c46bdb16c25e4aec9fd5d374e3c45af8852820bee4e06,7010824afcfba8fae8d3fc6d7a888f70e586fde3029316746272d7477c32a141,daa1f6defcea3bfaee5fdf9a1f13c81b21fb90ec08a4b2fece2d19157142ef4b,7B827AEBAF6721B85124C59AFD115FAD9629CB2904DF985A446857CCD4280050,E45FBE397AF21F85F57A52C2B5EFA10D550D153F54C824579018B625880E8754,943A63ADDDD16CD726D8D1AD3D80C4BC68F49EA47E11F47DD2C2E885569D00E4,b2eb076dbd3a3da2f6c98087653e926b7bf61c7fab378ea65e01dbbc58b00e82
150_2_5_1,20260827,100,initial-populations/150_2_5_1/seed-20260827.fourvec,850bdc8ba490831bc583d91ec417be414587f1be6c41219503e1f6fd7c548492,7148d00a0af47e95ff5dcef389035a8c51e7aca6c7781e293f70270976c823a5,921c61833922a2b9ffcd721ee8a5265586172b1719829129b68e7f3822f146a3,7B827AEBAF6721B85124C59AFD115FAD9629CB2904DF985A446857CCD4280050,E45FBE397AF21F85F57A52C2B5EFA10D550D153F54C824579018B625880E8754,943A63ADDDD16CD726D8D1AD3D80C4BC68F49EA47E11F47DD2C2E885569D00E4,b2eb076dbd3a3da2f6c98087653e926b7bf61c7fab378ea65e01dbbc58b00e82
150_5_3_1,20260808,100,initial-populations/150_5_3_1/seed-20260808.fourvec,40d1a1da51c6dadc9f9173061bd05e152ffb477f763280f1750ec7ad3010417f,dbd7570b1bcae70d1de92e4e7b56aade5448fe8fae53f86705ce74243d0914b4,0d50bff2ead89e1522495cb17f523ea871872d1b356552d64cc85dfe2311d47f,FB8870B70028D82C11ADBAAA9F3B5BB4B47BC8071C8C509567627EBABEF22F97,46FC2F8111CE1C284946B2037AB6306525DBC266E9E20CDD26B5F368D10CCB82,46FA3A8D328620D651F8C42FE2D21A2D85F5F3F3FEDCFEA4E83B64100316DB5E,8e506f926f9525b323d14db04fb059902b2e328a31c6a4ac18c089338f32ae50
150_5_3_1,20260809,100,initial-populations/150_5_3_1/seed-20260809.fourvec,282138bb812cf117081878432dc9439820eecae725dd86526ba5d0ac78487358,e9d94442e884747eaf736d51b47c8a9b5488b694cceb502fa48d48721da85891,30526b27e79e3b1f8275e4fa22f9ef12ba129d7583b788f36ca4ee27dd1ada90,FB8870B70028D82C11ADBAAA9F3B5BB4B47BC8071C8C509567627EBABEF22F97,46FC2F8111CE1C284946B2037AB6306525DBC266E9E20CDD26B5F368D10CCB82,46FA3A8D328620D651F8C42FE2D21A2D85F5F3F3FEDCFEA4E83B64100316DB5E,8e506f926f9525b323d14db04fb059902b2e328a31c6a4ac18c089338f32ae50
150_5_3_1,20260810,100,initial-populations/150_5_3_1/seed-20260810.fourvec,24a10c97aa01624675b6347b82fd22c04a520e794f676bffe30b3824d3d61204,d19a1ad38089ef9adbbf5ab479390e972be05fb28c7117185afc2040afa34895,cf5c4455dba624bb444fc59c65d28d79a667dad49f8e012988af6cef91557a48,FB8870B70028D82C11ADBAAA9F3B5BB4B47BC8071C8C509567627EBABEF22F97,46FC2F8111CE1C284946B2037AB6306525DBC266E9E20CDD26B5F368D10CCB82,46FA3A8D328620D651F8C42FE2D21A2D85F5F3F3FEDCFEA4E83B64100316DB5E,8e506f926f9525b323d14db04fb059902b2e328a31c6a4ac18c089338f32ae50
150_5_3_1,20260811,100,initial-populations/150_5_3_1/seed-20260811.fourvec,f9c319181419d2e413f0b60331b3f149838ea2e8133cd0a84debb7dbdd9d5978,878500d78f2c0b21d3e7c41acc2bdf0f18c927f302dd5e82e3a5cea95134c80d,312f8d19ae0b9e091a40f2b090d3097e2cddb3405f705e7e23cadf6f43fb9c0f,FB8870B70028D82C11ADBAAA9F3B5BB4B47BC8071C8C509567627EBABEF22F97,46FC2F8111CE1C284946B2037AB6306525DBC266E9E20CDD26B5F368D10CCB82,46FA3A8D328620D651F8C42FE2D21A2D85F5F3F3FEDCFEA4E83B64100316DB5E,8e506f926f9525b323d14db04fb059902b2e328a31c6a4ac18c089338f32ae50
150_5_3_1,20260812,100,initial-populations/150_5_3_1/seed-20260812.fourvec,c2cd4f3b288ccf004e549479894f59376b6badf4902c7e4ecbc52e33e1b3da49,68cf5b9385729679610925ff6fd7b29517f58389d18c1f5d28634f8ddaed8fe7,b5215bff36cf9d37384a731b8060d198f5211ec2a4b8b84e170f4e0d141ab575,FB8870B70028D82C11ADBAAA9F3B5BB4B47BC8071C8C509567627EBABEF22F97,46FC2F8111CE1C284946B2037AB6306525DBC266E9E20CDD26B5F368D10CCB82,46FA3A8D328620D651F8C42FE2D21A2D85F5F3F3FEDCFEA4E83B64100316DB5E,8e506f926f9525b323d14db04fb059902b2e328a31c6a4ac18c089338f32ae50
150_5_3_1,20260813,100,initial-populations/150_5_3_1/seed-20260813.fourvec,b0d935093e7b2921e263ad93d119c571173e555722c6c62966ba099e66eb9eac,e22a17871cc59835c11ff6ddd954833b90e5f7bc98050d80b05d1aebc3f9b863,7a66fdb790f170f644949dd503ca5f1447e659832153d38b327799a5a5a5977d,FB8870B70028D82C11ADBAAA9F3B5BB4B47BC8071C8C509567627EBABEF22F97,46FC2F8111CE1C284946B2037AB6306525DBC266E9E20CDD26B5F368D10CCB82,46FA3A8D328620D651F8C42FE2D21A2D85F5F3F3FEDCFEA4E83B64100316DB5E,8e506f926f9525b323d14db04fb059902b2e328a31c6a4ac18c089338f32ae50
150_5_3_1,20260814,100,initial-populations/150_5_3_1/seed-20260814.fourvec,9687a66bcb6b9dce1a06e2ecbe60f262ea4e6d1307181856e92d807d6b9b261a,4dea0400c0abe95af208d176cc1d8a7df8dd8efed798b13b8dbd5f729813c795,41758808e7c3835aeb6879350eadf0197dd24697cfaab0779468c97b1a5713d7,FB8870B70028D82C11ADBAAA9F3B5BB4B47BC8071C8C509567627EBABEF22F97,46FC2F8111CE1C284946B2037AB6306525DBC266E9E20CDD26B5F368D10CCB82,46FA3A8D328620D651F8C42FE2D21A2D85F5F3F3FEDCFEA4E83B64100316DB5E,8e506f926f9525b323d14db04fb059902b2e328a31c6a4ac18c089338f32ae50
150_5_3_1,20260815,100,initial-populations/150_5_3_1/seed-20260815.fourvec,d30321b7a918a8d2b56f8d504b8917d3d779331d23428c667905a2a62efd870e,9ed939ea5473e4e96634271204a12beeb26faa6c64c5e19b090c09c6ad783c28,4fb6e9cf9e99cb4196a80246d704869010ca1691ff0e54666f31e74535959a36,FB8870B70028D82C11ADBAAA9F3B5BB4B47BC8071C8C509567627EBABEF22F97,46FC2F8111CE1C284946B2037AB6306525DBC266E9E20CDD26B5F368D10CCB82,46FA3A8D328620D651F8C42FE2D21A2D85F5F3F3FEDCFEA4E83B64100316DB5E,8e506f926f9525b323d14db04fb059902b2e328a31c6a4ac18c089338f32ae50
150_5_3_1,20260816,100,initial-populations/150_5_3_1/seed-20260816.fourvec,b14d08a4e3890308e2b6195437a1aa9b70b64c5353cdc6ce824298aed0e173cb,0a25b2a49b6e20560383eb9fde927fa544a1f7130daa4f8f5160079cab0d58b6,9528c6b88fdd04593d412e7e9b5c12a8c9687502ecedcdff5a722052c1ec878a,FB8870B70028D82C11ADBAAA9F3B5BB4B47BC8071C8C509567627EBABEF22F97,46FC2F8111CE1C284946B2037AB6306525DBC266E9E20CDD26B5F368D10CCB82,46FA3A8D328620D651F8C42FE2D21A2D85F5F3F3FEDCFEA4E83B64100316DB5E,8e506f926f9525b323d14db04fb059902b2e328a31c6a4ac18c089338f32ae50
150_5_3_1,20260817,100,initial-populations/150_5_3_1/seed-20260817.fourvec,e348794668d4b45caef0bfe5b47a2dcd0a439dda1d579a556cfb244f8213414e,6b2d9d09eee1d7936f62a732dd54a7ae957087f841284e2226566393676ffec9,393dd700ada781af4dcf6d30a49a275255489bb46d1ca7765ae0f5488e3a78f8,FB8870B70028D82C11ADBAAA9F3B5BB4B47BC8071C8C509567627EBABEF22F97,46FC2F8111CE1C284946B2037AB6306525DBC266E9E20CDD26B5F368D10CCB82,46FA3A8D328620D651F8C42FE2D21A2D85F5F3F3FEDCFEA4E83B64100316DB5E,8e506f926f9525b323d14db04fb059902b2e328a31c6a4ac18c089338f32ae50
150_5_3_1,20260818,100,initial-populations/150_5_3_1/seed-20260818.fourvec,eb8731e694d112f0a51b2aca92e0aa8a4cb4870444201de6ff4146e6bab7db2e,1814569e5cff3ef018b2a4f14f6f67087606211883d479e2c1ef31a37ce2cbec,aa2db41c11a2d230495948fbbc2a2e5a43b47363239b52ac95c85c65d2d18ac9,FB8870B70028D82C11ADBAAA9F3B5BB4B47BC8071C8C509567627EBABEF22F97,46FC2F8111CE1C284946B2037AB6306525DBC266E9E20CDD26B5F368D10CCB82,46FA3A8D328620D651F8C42FE2D21A2D85F5F3F3FEDCFEA4E83B64100316DB5E,8e506f926f9525b323d14db04fb059902b2e328a31c6a4ac18c089338f32ae50
150_5_3_1,20260819,100,initial-populations/150_5_3_1/seed-20260819.fourvec,3fcc4b93e74a2e8441278467582375c7a43128926c0f4434b703246fd5019b9d,db6e63a1fd986d83a20c45257cc1927671b0e91debe05088b8e7615d57a48664,cfd117e71204ef21d9d186c68797346f93bddfec5a0e8884fb68f42544210628,FB8870B70028D82C11ADBAAA9F3B5BB4B47BC8071C8C509567627EBABEF22F97,46FC2F8111CE1C284946B2037AB6306525DBC266E9E20CDD26B5F368D10CCB82,46FA3A8D328620D651F8C42FE2D21A2D85F5F3F3FEDCFEA4E83B64100316DB5E,8e506f926f9525b323d14db04fb059902b2e328a31c6a4ac18c089338f32ae50
150_5_3_1,20260820,100,initial-populations/150_5_3_1/seed-20260820.fourvec,c4d7023e3cd7452de32efa34f62197842a52150c61c45f082ebf3333ade7fef7,7280e6a30e3dd73cd982c5c68d8762ebf232554cbb6c730e10a7ac92fb4cf3dd,870cb9c0aaf19195b033cd0082990a6a1cca01e9781d1f686edb3cba4990a98f,FB8870B70028D82C11ADBAAA9F3B5BB4B47BC8071C8C509567627EBABEF22F97,46FC2F8111CE1C284946B2037AB6306525DBC266E9E20CDD26B5F368D10CCB82,46FA3A8D328620D651F8C42FE2D21A2D85F5F3F3FEDCFEA4E83B64100316DB5E,8e506f926f9525b323d14db04fb059902b2e328a31c6a4ac18c089338f32ae50
150_5_3_1,20260821,100,initial-populations/150_5_3_1/seed-20260821.fourvec,1cc18de26f9884b6fc15cf099f791e438156a5af6fab8131817c6e870b0b0762,9b963fed47834d34d6ad2da7148ff3f3e3311fa8bc1fac4d272510fbc667d4a9,634632301043554ea4472973afa5bc02762360e1e03f4ed0da9c291b6f84cece,FB8870B70028D82C11ADBAAA9F3B5BB4B47BC8071C8C509567627EBABEF22F97,46FC2F8111CE1C284946B2037AB6306525DBC266E9E20CDD26B5F368D10CCB82,46FA3A8D328620D651F8C42FE2D21A2D85F5F3F3FEDCFEA4E83B64100316DB5E,8e506f926f9525b323d14db04fb059902b2e328a31c6a4ac18c089338f32ae50
150_5_3_1,20260822,100,initial-populations/150_5_3_1/seed-20260822.fourvec,8a2b91dc73a260c5e0f72abe4eedaea592ad39db5cd99057fa6ac2cf86761033,3b099c7d644a2287c69f818d7ea6fd7fc46264fd2f45aa78ffe331ab3c7d5750,2b82a6b431c93ebbfbd8afeb232685eedaaf5a28cdb94a4e168da2453222a751,FB8870B70028D82C11ADBAAA9F3B5BB4B47BC8071C8C509567627EBABEF22F97,46FC2F8111CE1C284946B2037AB6306525DBC266E9E20CDD26B5F368D10CCB82,46FA3A8D328620D651F8C42FE2D21A2D85F5F3F3FEDCFEA4E83B64100316DB5E,8e506f926f9525b323d14db04fb059902b2e328a31c6a4ac18c089338f32ae50
150_5_3_1,20260823,100,initial-populations/150_5_3_1/seed-20260823.fourvec,58cc19c40407b8780e4fe763cc7147d98b479624bb0a47aa063ec0afd7177d16,979af9324f2c3e9d19ec2d79e8ac744f3d366a2bba6eccdd15003fe52192d176,f48e0e81fb8ea9eb77e5eeb6e1fd5a4f3fdb4787cb1fa6b020850393e9ad81e1,FB8870B70028D82C11ADBAAA9F3B5BB4B47BC8071C8C509567627EBABEF22F97,46FC2F8111CE1C284946B2037AB6306525DBC266E9E20CDD26B5F368D10CCB82,46FA3A8D328620D651F8C42FE2D21A2D85F5F3F3FEDCFEA4E83B64100316DB5E,8e506f926f9525b323d14db04fb059902b2e328a31c6a4ac18c089338f32ae50
150_5_3_1,20260824,100,initial-populations/150_5_3_1/seed-20260824.fourvec,9dee7ea5ee97599bc65446523c0fe2be1b651f07ef534ea8372b630fbf9e2d69,c203a18954cce3067c97641d2206026874190bc176dffbb01f633584b30ecc2b,5f7c0b92f1eda11c314ff9d3edf8d6901e0ee316e64af5efd4a54236bf5f25e4,FB8870B70028D82C11ADBAAA9F3B5BB4B47BC8071C8C509567627EBABEF22F97,46FC2F8111CE1C284946B2037AB6306525DBC266E9E20CDD26B5F368D10CCB82,46FA3A8D328620D651F8C42FE2D21A2D85F5F3F3FEDCFEA4E83B64100316DB5E,8e506f926f9525b323d14db04fb059902b2e328a31c6a4ac18c089338f32ae50
150_5_3_1,20260825,100,initial-populations/150_5_3_1/seed-20260825.fourvec,25784ee856e9bbf1c99d25bffc06536ba6f26bb3ceb1d98a110c9ebd5b7fd78d,825977d83a8bbba0f9b02601d94f3999ebd8e7c981000984ab2e8f3eff224bac,dc8274938e770cee488df97eac2177c546aacbea77f3402954cab26a8a24a79e,FB8870B70028D82C11ADBAAA9F3B5BB4B47BC8071C8C509567627EBABEF22F97,46FC2F8111CE1C284946B2037AB6306525DBC266E9E20CDD26B5F368D10CCB82,46FA3A8D328620D651F8C42FE2D21A2D85F5F3F3FEDCFEA4E83B64100316DB5E,8e506f926f9525b323d14db04fb059902b2e328a31c6a4ac18c089338f32ae50
150_5_3_1,20260826,100,initial-populations/150_5_3_1/seed-20260826.fourvec,d760cf4f0001815cb8ef43546032ef61da2667900b32a875adff212776ecf7e0,c6b3bebe1aceb6c7ba0611493b629c05aa620cb85f1204d880ac55ae8afcd6a2,edfd0abe54b1e91e838b8b2ccccac65633610c87ce5783b8cdb15aac5c72c639,FB8870B70028D82C11ADBAAA9F3B5BB4B47BC8071C8C509567627EBABEF22F97,46FC2F8111CE1C284946B2037AB6306525DBC266E9E20CDD26B5F368D10CCB82,46FA3A8D328620D651F8C42FE2D21A2D85F5F3F3FEDCFEA4E83B64100316DB5E,8e506f926f9525b323d14db04fb059902b2e328a31c6a4ac18c089338f32ae50
150_5_3_1,20260827,100,initial-populations/150_5_3_1/seed-20260827.fourvec,08ccddfc9ec4f0a9e5f4e165fbe96476dbaf2c3655cd8370bd5ea7f0d796acba,8e936512fc5bff6c1a6b8c083b6dfdb2465969376968dc3c02e4f70a07e4b54f,c30c4ff7ef7636cb2b3025ac903416cd808b7a7260b4b5f7853e157d3547804f,FB8870B70028D82C11ADBAAA9F3B5BB4B47BC8071C8C509567627EBABEF22F97,46FC2F8111CE1C284946B2037AB6306525DBC266E9E20CDD26B5F368D10CCB82,46FA3A8D328620D651F8C42FE2D21A2D85F5F3F3FEDCFEA4E83B64100316DB5E,8e506f926f9525b323d14db04fb059902b2e328a31c6a4ac18c089338f32ae50
150_5_4_1,20260808,100,initial-populations/150_5_4_1/seed-20260808.fourvec,4806e323041a0440a80a9866affde93e9f4c408c52a21b27cd72c99b5a4acafa,f7cacad65fa53b16b74a99fb7933f7197c46462b59c73ed3a4b5e459d58c84b4,8f0c6e2c49736c8b011c12d3b8db21c7445f08ea617b8dd88b901cf82d98ba85,1E3F435C39E2992EEAC92E804F86C1C3D54C4F5F64A7DB6B76E55E569605A7AC,3FFFF2A67E9CAC4746C25AE039D4509DB924C234DC0665CA9C8A3EF8D2FE5C18,D894DEB749EEE0E49FE9F116B67EB4C22E9F587D45A935D26DD877130EF646D9,e4b314385eaed85bae175e92b7ccae97feee9f09f8dc50567b738f2194ec88bb
150_5_4_1,20260809,100,initial-populations/150_5_4_1/seed-20260809.fourvec,d925d756dfb8e2f78bead44724b8a4729bd1e3e16599d54eb0a52e9d9bd22b6d,b3b5d5712a4396cfc0f7210c096b3bfe9fde8384eff844dc6e754e05bf9b5a3a,c1a17fe814d22818c29c9166fa46b2541e09931a89f98265765a6b260d0dcca8,1E3F435C39E2992EEAC92E804F86C1C3D54C4F5F64A7DB6B76E55E569605A7AC,3FFFF2A67E9CAC4746C25AE039D4509DB924C234DC0665CA9C8A3EF8D2FE5C18,D894DEB749EEE0E49FE9F116B67EB4C22E9F587D45A935D26DD877130EF646D9,e4b314385eaed85bae175e92b7ccae97feee9f09f8dc50567b738f2194ec88bb
150_5_4_1,20260810,100,initial-populations/150_5_4_1/seed-20260810.fourvec,712dd96f28aba4c45f3bdbe07f8f7e29e76635506d12c6c4bcfdb7641192c4ea,deff1b0fe597d7cddb962c38d05dcbf2bbaa6589e41d67228353dce2c0f71802,c867803ddea9da0a176aa1b8fe1959c074edc02e449b554a692001b7c2183a90,1E3F435C39E2992EEAC92E804F86C1C3D54C4F5F64A7DB6B76E55E569605A7AC,3FFFF2A67E9CAC4746C25AE039D4509DB924C234DC0665CA9C8A3EF8D2FE5C18,D894DEB749EEE0E49FE9F116B67EB4C22E9F587D45A935D26DD877130EF646D9,e4b314385eaed85bae175e92b7ccae97feee9f09f8dc50567b738f2194ec88bb
150_5_4_1,20260811,100,initial-populations/150_5_4_1/seed-20260811.fourvec,0caf087a04710b27866127edba5645beb8cd8823c2329aa1d8c26c9ec4429eea,daeb3540982d2b66110540cff05cabc3a99667524fc072e98ae87230c58caab7,6838f19bb2578f5647e874292d1a63abec88cec47c9c1613ebb111a3b410d2b6,1E3F435C39E2992EEAC92E804F86C1C3D54C4F5F64A7DB6B76E55E569605A7AC,3FFFF2A67E9CAC4746C25AE039D4509DB924C234DC0665CA9C8A3EF8D2FE5C18,D894DEB749EEE0E49FE9F116B67EB4C22E9F587D45A935D26DD877130EF646D9,e4b314385eaed85bae175e92b7ccae97feee9f09f8dc50567b738f2194ec88bb
150_5_4_1,20260812,100,initial-populations/150_5_4_1/seed-20260812.fourvec,24d47cb78c3217b863d6845bb38dbd7cdf8bc00844448e36bea9ac8c446f694a,452ac8e92523cb5be9aeafe6c846912cb019965c48caa9791e47abebd5e33a66,87a9501c8440db996995f48d9334fae0e3439e7eb27c4c17682e9f5c2abaf0e4,1E3F435C39E2992EEAC92E804F86C1C3D54C4F5F64A7DB6B76E55E569605A7AC,3FFFF2A67E9CAC4746C25AE039D4509DB924C234DC0665CA9C8A3EF8D2FE5C18,D894DEB749EEE0E49FE9F116B67EB4C22E9F587D45A935D26DD877130EF646D9,e4b314385eaed85bae175e92b7ccae97feee9f09f8dc50567b738f2194ec88bb
150_5_4_1,20260813,100,initial-populations/150_5_4_1/seed-20260813.fourvec,519ebd5e6711cdb4f7a8649a185a4182fef5e136fde8bca261d31facce759bc6,b1c727cdb07bc6842effd65ec8676fd2af8c0f4d0bc83e7faf105a6000fbc9bf,dd775920e00d4cd3976cc240da29c66b04400f094efb22daf8282369210b6513,1E3F435C39E2992EEAC92E804F86C1C3D54C4F5F64A7DB6B76E55E569605A7AC,3FFFF2A67E9CAC4746C25AE039D4509DB924C234DC0665CA9C8A3EF8D2FE5C18,D894DEB749EEE0E49FE9F116B67EB4C22E9F587D45A935D26DD877130EF646D9,e4b314385eaed85bae175e92b7ccae97feee9f09f8dc50567b738f2194ec88bb
150_5_4_1,20260814,100,initial-populations/150_5_4_1/seed-20260814.fourvec,2b998c691b99a811660fa60b99dc674f2c8e0e766ae209413025b21fc79eebf6,220bb8b401bd5c467e1e4aeeb3e1d6a09e3026896cb016c4872e94904a553dcb,fbd891afb3c1ca96e953ddda011cbe79544c3b15f1d3b899ff1a460c964b4c34,1E3F435C39E2992EEAC92E804F86C1C3D54C4F5F64A7DB6B76E55E569605A7AC,3FFFF2A67E9CAC4746C25AE039D4509DB924C234DC0665CA9C8A3EF8D2FE5C18,D894DEB749EEE0E49FE9F116B67EB4C22E9F587D45A935D26DD877130EF646D9,e4b314385eaed85bae175e92b7ccae97feee9f09f8dc50567b738f2194ec88bb
150_5_4_1,20260815,100,initial-populations/150_5_4_1/seed-20260815.fourvec,b59085f659298bc99a395d4cfdbb6efb8a5b26c097009517054e83ac5083be24,500662dcb61ff4e839d562fb8521099e53c600c23aac3ba61391e94e01f96aa9,a163ad1e97ed41a1e9907c265474f09674e808ed6dc7e2a148e4dc240486398e,1E3F435C39E2992EEAC92E804F86C1C3D54C4F5F64A7DB6B76E55E569605A7AC,3FFFF2A67E9CAC4746C25AE039D4509DB924C234DC0665CA9C8A3EF8D2FE5C18,D894DEB749EEE0E49FE9F116B67EB4C22E9F587D45A935D26DD877130EF646D9,e4b314385eaed85bae175e92b7ccae97feee9f09f8dc50567b738f2194ec88bb
150_5_4_1,20260816,100,initial-populations/150_5_4_1/seed-20260816.fourvec,d77e2372aa40d5e582c68565727bc86132358ae2de91a0bfc6b39363d566c8fa,e00e2b9dd99ec503b9ba183e4372f332d48cd73b6b342e2d9a13ff7eea7ddb53,17145cb497a391fd7a25b7e5bf690aa0b65178b55cace079ea0214c44d1f16e6,1E3F435C39E2992EEAC92E804F86C1C3D54C4F5F64A7DB6B76E55E569605A7AC,3FFFF2A67E9CAC4746C25AE039D4509DB924C234DC0665CA9C8A3EF8D2FE5C18,D894DEB749EEE0E49FE9F116B67EB4C22E9F587D45A935D26DD877130EF646D9,e4b314385eaed85bae175e92b7ccae97feee9f09f8dc50567b738f2194ec88bb
150_5_4_1,20260817,100,initial-populations/150_5_4_1/seed-20260817.fourvec,ec337ee1884c2e51c8d004e311b22bc9018368f86ac6605e664d30eb14e03bf5,9b24d5742d894191420c65f15df76e575f7141302ff4be0a0f37c971ee2d0fac,81d788891d89af679b53f9d7fe551c7219044a799ff2a8c37295d742d9e4e9e9,1E3F435C39E2992EEAC92E804F86C1C3D54C4F5F64A7DB6B76E55E569605A7AC,3FFFF2A67E9CAC4746C25AE039D4509DB924C234DC0665CA9C8A3EF8D2FE5C18,D894DEB749EEE0E49FE9F116B67EB4C22E9F587D45A935D26DD877130EF646D9,e4b314385eaed85bae175e92b7ccae97feee9f09f8dc50567b738f2194ec88bb
150_5_4_1,20260818,100,initial-populations/150_5_4_1/seed-20260818.fourvec,1529234f9f8ea359d0f0f922f04aa494a73762807cbc310f75c3d98b9b17351b,9f260988c36272e29ef0bb2b981c16846af1b5f727ee96127c4d2388b3fa10c6,ca39548da61a26f38fd85b660dfebcb15c1fa67386f331a0efff27abe2d6add0,1E3F435C39E2992EEAC92E804F86C1C3D54C4F5F64A7DB6B76E55E569605A7AC,3FFFF2A67E9CAC4746C25AE039D4509DB924C234DC0665CA9C8A3EF8D2FE5C18,D894DEB749EEE0E49FE9F116B67EB4C22E9F587D45A935D26DD877130EF646D9,e4b314385eaed85bae175e92b7ccae97feee9f09f8dc50567b738f2194ec88bb
150_5_4_1,20260819,100,initial-populations/150_5_4_1/seed-20260819.fourvec,0ef302c74efb0281959ad686875c902e77039e782e8bfbdcb08e1d384d8c745f,e67dd10c11027f264774b78b2795c2b74790beb498af75c5a6ac7f0b511f6230,1e4dfbab8318d9f9ac79960dec16e983f362256102bee8c1ac9d46ca8fff299e,1E3F435C39E2992EEAC92E804F86C1C3D54C4F5F64A7DB6B76E55E569605A7AC,3FFFF2A67E9CAC4746C25AE039D4509DB924C234DC0665CA9C8A3EF8D2FE5C18,D894DEB749EEE0E49FE9F116B67EB4C22E9F587D45A935D26DD877130EF646D9,e4b314385eaed85bae175e92b7ccae97feee9f09f8dc50567b738f2194ec88bb
150_5_4_1,20260820,100,initial-populations/150_5_4_1/seed-20260820.fourvec,d20ea1f8d55076ac328cd83826a6b739bd98c99bda35bc3d43197666e55e78fa,3042192cf08801eeff5ac77eb4ae1084a129e0a80b0f779478dd9e0f6dc089a3,2e8fce95177deb9b0d730613e6fe4ad756eec6c865d6a1a496e815313a4bb80d,1E3F435C39E2992EEAC92E804F86C1C3D54C4F5F64A7DB6B76E55E569605A7AC,3FFFF2A67E9CAC4746C25AE039D4509DB924C234DC0665CA9C8A3EF8D2FE5C18,D894DEB749EEE0E49FE9F116B67EB4C22E9F587D45A935D26DD877130EF646D9,e4b314385eaed85bae175e92b7ccae97feee9f09f8dc50567b738f2194ec88bb
150_5_4_1,20260821,100,initial-populations/150_5_4_1/seed-20260821.fourvec,b1912431123963bdee04a7ea40ba4ea4034bbf7498b2071d685612a35191932d,bc2873f63b292d54acaaf3ed70d9724e32e253bb7367127e58335a783e60d64d,f0067a29b56e3ff93d2fd4509bb4a289906a4cbdda4037d98cc59905bb91b2fa,1E3F435C39E2992EEAC92E804F86C1C3D54C4F5F64A7DB6B76E55E569605A7AC,3FFFF2A67E9CAC4746C25AE039D4509DB924C234DC0665CA9C8A3EF8D2FE5C18,D894DEB749EEE0E49FE9F116B67EB4C22E9F587D45A935D26DD877130EF646D9,e4b314385eaed85bae175e92b7ccae97feee9f09f8dc50567b738f2194ec88bb
150_5_4_1,20260822,100,initial-populations/150_5_4_1/seed-20260822.fourvec,30d043e8d8d49aa4479449dd5a80b9268ec994af92ed6fe40f783842c63aaacd,6d197254fb7c7d30121c7ae7ce5c48ab89fd611317252560347848cf39c0c2ff,abd30b2c10e5838e1b7ea01887198d4777b32f3339e8f6839ed432d92f07eb5e,1E3F435C39E2992EEAC92E804F86C1C3D54C4F5F64A7DB6B76E55E569605A7AC,3FFFF2A67E9CAC4746C25AE039D4509DB924C234DC0665CA9C8A3EF8D2FE5C18,D894DEB749EEE0E49FE9F116B67EB4C22E9F587D45A935D26DD877130EF646D9,e4b314385eaed85bae175e92b7ccae97feee9f09f8dc50567b738f2194ec88bb
150_5_4_1,20260823,100,initial-populations/150_5_4_1/seed-20260823.fourvec,84f129e28991e45baf51cc36df462db35d077c67cd30cc9d9116644b5e920ceb,1d9dddd30b6a611b3fa2d34160c40d3e20d809efe03a79e3254d6fd67cf4ca3d,6f3a6fbbf0abf9cd2affb8f12509e5aed7d4b898857e7af6ecf36a555ca4f4d9,1E3F435C39E2992EEAC92E804F86C1C3D54C4F5F64A7DB6B76E55E569605A7AC,3FFFF2A67E9CAC4746C25AE039D4509DB924C234DC0665CA9C8A3EF8D2FE5C18,D894DEB749EEE0E49FE9F116B67EB4C22E9F587D45A935D26DD877130EF646D9,e4b314385eaed85bae175e92b7ccae97feee9f09f8dc50567b738f2194ec88bb
150_5_4_1,20260824,100,initial-populations/150_5_4_1/seed-20260824.fourvec,b5e7e8c18b90b2b29f4da7cddab49fbf65a7942f65d0e9e88454a7bacdd6ec59,9733e88798f00fc2078af6f6b0ac1e7de93bee417cd624c85c4a683b5fcacbb0,6bf01c48ba369621975ccf3587ebcb988a285a7f749756d4c883fa7172e9bc0d,1E3F435C39E2992EEAC92E804F86C1C3D54C4F5F64A7DB6B76E55E569605A7AC,3FFFF2A67E9CAC4746C25AE039D4509DB924C234DC0665CA9C8A3EF8D2FE5C18,D894DEB749EEE0E49FE9F116B67EB4C22E9F587D45A935D26DD877130EF646D9,e4b314385eaed85bae175e92b7ccae97feee9f09f8dc50567b738f2194ec88bb
150_5_4_1,20260825,100,initial-populations/150_5_4_1/seed-20260825.fourvec,cb96b6423cbae8c7fbe53f4b419b0781158cb89699c22b174011a5c34f557a15,56f4a167d38031eb8d8a6099be841263538c305150f142a62e3d0210449c44e6,577f2580bd959e6ddf38b1a49dc9e8e9c3cd5a644cc775b6d06a8c1e0c75ce85,1E3F435C39E2992EEAC92E804F86C1C3D54C4F5F64A7DB6B76E55E569605A7AC,3FFFF2A67E9CAC4746C25AE039D4509DB924C234DC0665CA9C8A3EF8D2FE5C18,D894DEB749EEE0E49FE9F116B67EB4C22E9F587D45A935D26DD877130EF646D9,e4b314385eaed85bae175e92b7ccae97feee9f09f8dc50567b738f2194ec88bb
150_5_4_1,20260826,100,initial-populations/150_5_4_1/seed-20260826.fourvec,689d87a6fcf44ed4df9330cb7e7839e0356cb9d15c41b80eab8b0bf9bc5cb602,fd5a5f6ee02a63469d40b3710f9e2e320aae963419fe24e3b12477f994b77092,f297c5396e3058fd5ccfde344c7f24985d4a3982c61396467eab0a2b3479aaa8,1E3F435C39E2992EEAC92E804F86C1C3D54C4F5F64A7DB6B76E55E569605A7AC,3FFFF2A67E9CAC4746C25AE039D4509DB924C234DC0665CA9C8A3EF8D2FE5C18,D894DEB749EEE0E49FE9F116B67EB4C22E9F587D45A935D26DD877130EF646D9,e4b314385eaed85bae175e92b7ccae97feee9f09f8dc50567b738f2194ec88bb
150_5_4_1,20260827,100,initial-populations/150_5_4_1/seed-20260827.fourvec,b9ed4c863b5f9cafa6b95565ea1f6a0107f1f7498a6a7987634c68f7d1be2d35,56e55de9df88411f01806aa3180991eb296a32058454f4f4a10763b38b2aef00,3e9eec25b435ad665326366a3026985d291f9399b43169fb0265af97d65c29db,1E3F435C39E2992EEAC92E804F86C1C3D54C4F5F64A7DB6B76E55E569605A7AC,3FFFF2A67E9CAC4746C25AE039D4509DB924C234DC0665CA9C8A3EF8D2FE5C18,D894DEB749EEE0E49FE9F116B67EB4C22E9F587D45A935D26DD877130EF646D9,e4b314385eaed85bae175e92b7ccae97feee9f09f8dc50567b738f2194ec88bb
150_5_5_1,20260808,100,initial-populations/150_5_5_1/seed-20260808.fourvec,3e36bb981778b3ca0f889768bc0428de0bb934eeaa43788267d8789932c3c338,c522075c6a685f81630d29ec329ca54b18632404d7c46c0dddb3c1136cc99f5b,d208c4b79eaf3339355ef7c06231fb25910dfb769f3771d404cde3ba18a076e0,D38F5275D136222D1C5183B513E88EA265C65D6F2B48FB08397A039D90BEA43C,DB7E2EC32A2E723E672D3FA4C5B6B238DD7B5B0FC8211E71091A8A2C54AF94C2,2156613B677BB73D3A4C9B0AF85691D5619D2D7D11A104866E4C7FC517D13664,33cbb4b71920e81747e34e51e8c417be313d8b2d912aaa911243b715eec4a142
150_5_5_1,20260809,100,initial-populations/150_5_5_1/seed-20260809.fourvec,e424b510ffd17376919f117a5db9a971dd4d68bf9aebd56fd28a6d4eab9b111c,ccd98b63370d7728fb4ab2376a273168143aa081d1321aae38dd0df2ef874ddc,f90524581f151b4d070038210fdd69b8e1562749af43469860dab0729e382bef,D38F5275D136222D1C5183B513E88EA265C65D6F2B48FB08397A039D90BEA43C,DB7E2EC32A2E723E672D3FA4C5B6B238DD7B5B0FC8211E71091A8A2C54AF94C2,2156613B677BB73D3A4C9B0AF85691D5619D2D7D11A104866E4C7FC517D13664,33cbb4b71920e81747e34e51e8c417be313d8b2d912aaa911243b715eec4a142
150_5_5_1,20260810,100,initial-populations/150_5_5_1/seed-20260810.fourvec,7975dc50a0521fb90058f0b0c30d7c8df81553b6049c5e04babb5e284e726a10,ca1d57c04abb5ada0b60ae15bae168058ec021d5b9af732d166c5eca923f7bd3,74164e753e64b598949d6712fddc5d8bb75e652c56dede761be87ecfde84b6a7,D38F5275D136222D1C5183B513E88EA265C65D6F2B48FB08397A039D90BEA43C,DB7E2EC32A2E723E672D3FA4C5B6B238DD7B5B0FC8211E71091A8A2C54AF94C2,2156613B677BB73D3A4C9B0AF85691D5619D2D7D11A104866E4C7FC517D13664,33cbb4b71920e81747e34e51e8c417be313d8b2d912aaa911243b715eec4a142
150_5_5_1,20260811,100,initial-populations/150_5_5_1/seed-20260811.fourvec,da1caed40a1c52c0c0f1e491008b492d95be445cf710f588358b3b2941bd8138,cd7f587d3ff905e86e0db457053add789d72fa21fa1a9d3ddc73e77370549751,9d96416e6633ceed41d3332a311f4eb521c331976bad6ba6dcfbac12173354a5,D38F5275D136222D1C5183B513E88EA265C65D6F2B48FB08397A039D90BEA43C,DB7E2EC32A2E723E672D3FA4C5B6B238DD7B5B0FC8211E71091A8A2C54AF94C2,2156613B677BB73D3A4C9B0AF85691D5619D2D7D11A104866E4C7FC517D13664,33cbb4b71920e81747e34e51e8c417be313d8b2d912aaa911243b715eec4a142
150_5_5_1,20260812,100,initial-populations/150_5_5_1/seed-20260812.fourvec,e3740f15808188090e6d6e36dd28e9d177e8b13b905774ac7cb35a90f1034b10,3e3d3969f3f057dbe1f506a16d7e4fdebab982d9e31fb3a342377b3a4d8de4d6,b890595b61095bb93d2e215168dba336a7ba57ed9d4f3d240d12e3ced3d9ad76,D38F5275D136222D1C5183B513E88EA265C65D6F2B48FB08397A039D90BEA43C,DB7E2EC32A2E723E672D3FA4C5B6B238DD7B5B0FC8211E71091A8A2C54AF94C2,2156613B677BB73D3A4C9B0AF85691D5619D2D7D11A104866E4C7FC517D13664,33cbb4b71920e81747e34e51e8c417be313d8b2d912aaa911243b715eec4a142
150_5_5_1,20260813,100,initial-populations/150_5_5_1/seed-20260813.fourvec,197152c96b5110f34cafae91a314673691dcc83b760e3019ca70d1e53c09ef53,5766c874a788f4f0cf133ed6e0884e65477201fd8e1ea2c2a10a12f44b0621ba,087cf2a450c5968fe67fa810beb6b01c1011632920c2e5eb1b593c20982c6853,D38F5275D136222D1C5183B513E88EA265C65D6F2B48FB08397A039D90BEA43C,DB7E2EC32A2E723E672D3FA4C5B6B238DD7B5B0FC8211E71091A8A2C54AF94C2,2156613B677BB73D3A4C9B0AF85691D5619D2D7D11A104866E4C7FC517D13664,33cbb4b71920e81747e34e51e8c417be313d8b2d912aaa911243b715eec4a142
150_5_5_1,20260814,100,initial-populations/150_5_5_1/seed-20260814.fourvec,3f325df2ae68de1248cc0ca3b8f92a00c0bd581e9096b84e461e6c059ce4b513,eb67506449b518da71a38a60a445b499f3e1ef1c76108f6e628a075d263f0ef1,3d240e7cc7260f3523727d914241a41212b2702f5d93adef379003281c1ab2af,D38F5275D136222D1C5183B513E88EA265C65D6F2B48FB08397A039D90BEA43C,DB7E2EC32A2E723E672D3FA4C5B6B238DD7B5B0FC8211E71091A8A2C54AF94C2,2156613B677BB73D3A4C9B0AF85691D5619D2D7D11A104866E4C7FC517D13664,33cbb4b71920e81747e34e51e8c417be313d8b2d912aaa911243b715eec4a142
150_5_5_1,20260815,100,initial-populations/150_5_5_1/seed-20260815.fourvec,e5b8e2ef3132de94b6c879fae59e269a97a500b3378911265802c2e37fa9e9f4,3c17dba4e9d1da6075323ee470cb2d64658a0c3691558e1715ff079a856f5c46,dc95e3b9785d33e0aa543b2515e477bac83cb214fe42e41b15ea6cf3583df367,D38F5275D136222D1C5183B513E88EA265C65D6F2B48FB08397A039D90BEA43C,DB7E2EC32A2E723E672D3FA4C5B6B238DD7B5B0FC8211E71091A8A2C54AF94C2,2156613B677BB73D3A4C9B0AF85691D5619D2D7D11A104866E4C7FC517D13664,33cbb4b71920e81747e34e51e8c417be313d8b2d912aaa911243b715eec4a142
150_5_5_1,20260816,100,initial-populations/150_5_5_1/seed-20260816.fourvec,92b5875deb432a7a36318515d65b70aafb2fc0375e3123683717f525821274f5,22644c7fb30dc5668efdbaa923fce24d2f29e295efdae68cb8e9fa48f59f86c5,3177041d49f71017f20b465ee9c73076e3e2ad0d99cfce4be6ed28a214fff357,D38F5275D136222D1C5183B513E88EA265C65D6F2B48FB08397A039D90BEA43C,DB7E2EC32A2E723E672D3FA4C5B6B238DD7B5B0FC8211E71091A8A2C54AF94C2,2156613B677BB73D3A4C9B0AF85691D5619D2D7D11A104866E4C7FC517D13664,33cbb4b71920e81747e34e51e8c417be313d8b2d912aaa911243b715eec4a142
150_5_5_1,20260817,100,initial-populations/150_5_5_1/seed-20260817.fourvec,4c282564f23f1762dbde3c4e7d8a07a9a9e90635fc2ea33cb4ab941dc6ddae91,676bf8744b61575b9307fa4e2161c6891751a55ccf18e92ddc68a03bda81d1eb,a1ed670e5c3412b116c39a4e715d6d0afe953b1758d52ae8386ee950b89206b8,D38F5275D136222D1C5183B513E88EA265C65D6F2B48FB08397A039D90BEA43C,DB7E2EC32A2E723E672D3FA4C5B6B238DD7B5B0FC8211E71091A8A2C54AF94C2,2156613B677BB73D3A4C9B0AF85691D5619D2D7D11A104866E4C7FC517D13664,33cbb4b71920e81747e34e51e8c417be313d8b2d912aaa911243b715eec4a142
150_5_5_1,20260818,100,initial-populations/150_5_5_1/seed-20260818.fourvec,feaaa5a08678c376defe0b42a283c8f22ec6a23ac46a9d6cf1d8217a79eba3df,e4db126a90058e755feeddc15d5558fafe4e34c7bd74fc5964d5bf64d9b10743,3ac7d3a4b1d40502d70590ed3b96ed8f111b6e948c35d0a94fcf568a6d18d1fb,D38F5275D136222D1C5183B513E88EA265C65D6F2B48FB08397A039D90BEA43C,DB7E2EC32A2E723E672D3FA4C5B6B238DD7B5B0FC8211E71091A8A2C54AF94C2,2156613B677BB73D3A4C9B0AF85691D5619D2D7D11A104866E4C7FC517D13664,33cbb4b71920e81747e34e51e8c417be313d8b2d912aaa911243b715eec4a142
150_5_5_1,20260819,100,initial-populations/150_5_5_1/seed-20260819.fourvec,459d670143651de00b9c5a5b70280adb289eb0801c1a155101c6302187385053,471fe5463e5b120096fb719a6249a572ab7c523ef107e0829a720824c8223934,ec13a535e0efa12877724797877e85aa69a25eef7b9aa176bdea6543e897c536,D38F5275D136222D1C5183B513E88EA265C65D6F2B48FB08397A039D90BEA43C,DB7E2EC32A2E723E672D3FA4C5B6B238DD7B5B0FC8211E71091A8A2C54AF94C2,2156613B677BB73D3A4C9B0AF85691D5619D2D7D11A104866E4C7FC517D13664,33cbb4b71920e81747e34e51e8c417be313d8b2d912aaa911243b715eec4a142
150_5_5_1,20260820,100,initial-populations/150_5_5_1/seed-20260820.fourvec,e5b55e75202d20c5e3c9ba57c01f01a9f904afb5722a5a09fcd6c28d0dd30b7d,adc437c9f37580f0b6411aa401472c3af82b4a7bda843453f3a06e8dae007f7e,cebdb605f38e0933836f969855f076e2af7b9da06ba5b263ec8c1ad8a6881a3b,D38F5275D136222D1C5183B513E88EA265C65D6F2B48FB08397A039D90BEA43C,DB7E2EC32A2E723E672D3FA4C5B6B238DD7B5B0FC8211E71091A8A2C54AF94C2,2156613B677BB73D3A4C9B0AF85691D5619D2D7D11A104866E4C7FC517D13664,33cbb4b71920e81747e34e51e8c417be313d8b2d912aaa911243b715eec4a142
150_5_5_1,20260821,100,initial-populations/150_5_5_1/seed-20260821.fourvec,491aef555f25cb00e0a37bc2fd0f10e0d84e35c0d94bd9820a8381ba36cd5b46,dd746bc07085f07ff347f7339c09869ae90aee1f9b010a93974ef6784a5a560d,02ae3fa92e2045a571c3d989bed330226f8df721f82ba14d14853396d6e747d9,D38F5275D136222D1C5183B513E88EA265C65D6F2B48FB08397A039D90BEA43C,DB7E2EC32A2E723E672D3FA4C5B6B238DD7B5B0FC8211E71091A8A2C54AF94C2,2156613B677BB73D3A4C9B0AF85691D5619D2D7D11A104866E4C7FC517D13664,33cbb4b71920e81747e34e51e8c417be313d8b2d912aaa911243b715eec4a142
150_5_5_1,20260822,100,initial-populations/150_5_5_1/seed-20260822.fourvec,6fe56739c7c55ffe31adce7faa46c0cf0cfac1d254339515b1e92f23adad3499,87a81acdb03e3cd4a7c62126ee4931381e0040346c25f56255ce43303d1b311c,136f32459b2ef222dda546d4cce6fe7eadd0d1a840f289a6b24d4365043ac948,D38F5275D136222D1C5183B513E88EA265C65D6F2B48FB08397A039D90BEA43C,DB7E2EC32A2E723E672D3FA4C5B6B238DD7B5B0FC8211E71091A8A2C54AF94C2,2156613B677BB73D3A4C9B0AF85691D5619D2D7D11A104866E4C7FC517D13664,33cbb4b71920e81747e34e51e8c417be313d8b2d912aaa911243b715eec4a142
150_5_5_1,20260823,100,initial-populations/150_5_5_1/seed-20260823.fourvec,2b2e73d2961f99727f86700d6b9238aba0976c05de81e28d138e80386bd28c00,8448e7c93a08f580447cd472a5f9db4f74e54325247434a4aa597d9d19c34f01,4b2987418095d40fcf7fbb0ed1232259e0ef8574281e4938c3e755858f6d148e,D38F5275D136222D1C5183B513E88EA265C65D6F2B48FB08397A039D90BEA43C,DB7E2EC32A2E723E672D3FA4C5B6B238DD7B5B0FC8211E71091A8A2C54AF94C2,2156613B677BB73D3A4C9B0AF85691D5619D2D7D11A104866E4C7FC517D13664,33cbb4b71920e81747e34e51e8c417be313d8b2d912aaa911243b715eec4a142
150_5_5_1,20260824,100,initial-populations/150_5_5_1/seed-20260824.fourvec,0176765f43fab7782e86842653edc306a1425414cb68f6cfc73b4cce90b5f3af,fae647f07e57e2b1464560cfa454d786f1ee336a5345d9823e213e1ba7f28fb3,5df2fd9d48c08015eff19e757b3455538e549d3d91d5e1f766800ba75b63f627,D38F5275D136222D1C5183B513E88EA265C65D6F2B48FB08397A039D90BEA43C,DB7E2EC32A2E723E672D3FA4C5B6B238DD7B5B0FC8211E71091A8A2C54AF94C2,2156613B677BB73D3A4C9B0AF85691D5619D2D7D11A104866E4C7FC517D13664,33cbb4b71920e81747e34e51e8c417be313d8b2d912aaa911243b715eec4a142
150_5_5_1,20260825,100,initial-populations/150_5_5_1/seed-20260825.fourvec,4b7d81f23565a4909ad8b2863c4afaafc8085330f88abc5adefcf07a50fd8a19,034e69c5b1fdea8096d98837bdb10e9dbb4bc81b0031f7102917203333215fb4,1e08603a6f3c8740693080c3a758b7b4877c8205b681dde118ab81f87c4aa577,D38F5275D136222D1C5183B513E88EA265C65D6F2B48FB08397A039D90BEA43C,DB7E2EC32A2E723E672D3FA4C5B6B238DD7B5B0FC8211E71091A8A2C54AF94C2,2156613B677BB73D3A4C9B0AF85691D5619D2D7D11A104866E4C7FC517D13664,33cbb4b71920e81747e34e51e8c417be313d8b2d912aaa911243b715eec4a142
150_5_5_1,20260826,100,initial-populations/150_5_5_1/seed-20260826.fourvec,09487fa91f6ed0707dd1b97b78fd95c49578b8c1e8cc50e0eb7375cb1ffde505,bea07232b3b9a6344bd85e7bb569429fd990d749d535eb771168982736038098,c76cc552cab35ad5ebdbe8a69d2d28ced24961bd03e8da6a019b2fa47cfe1a5f,D38F5275D136222D1C5183B513E88EA265C65D6F2B48FB08397A039D90BEA43C,DB7E2EC32A2E723E672D3FA4C5B6B238DD7B5B0FC8211E71091A8A2C54AF94C2,2156613B677BB73D3A4C9B0AF85691D5619D2D7D11A104866E4C7FC517D13664,33cbb4b71920e81747e34e51e8c417be313d8b2d912aaa911243b715eec4a142
150_5_5_1,20260827,100,initial-populations/150_5_5_1/seed-20260827.fourvec,588809e483293806e2ac89a41ea6a1594ca43e2b5c8ee082afe7fd74674c55a5,75597b5aff6d5683996e6372021f02cf136a021c377159fc4abb0638fd0905c7,64f39472fa4c6bb9101c2ea85646a1ebd5705e82da0b17be577311138b386dc2,D38F5275D136222D1C5183B513E88EA265C65D6F2B48FB08397A039D90BEA43C,DB7E2EC32A2E723E672D3FA4C5B6B238DD7B5B0FC8211E71091A8A2C54AF94C2,2156613B677BB73D3A4C9B0AF85691D5619D2D7D11A104866E4C7FC517D13664,33cbb4b71920e81747e34e51e8c417be313d8b2d912aaa911243b715eec4a142
150_8_3_1,20260808,100,initial-populations/150_8_3_1/seed-20260808.fourvec,72588ec051a6d24766f76e11deee8596895836cb847f2afc31db7279e3f8616b,cc95ce1b55be4a68020106c21daab9fccc1664c36a1b3dcdca8383c62308930a,580255d1501c69cb4ac8248c93064cd0adef88ae761bc996a6fe6ee94f18e68a,883EB2E04F7ABDAA393EF60F5E2D3D214838E3C75E1972C5B7915D49A211C970,8BB073D889D36A4F3D36CFD9A533E92EC94117CA132BAB5D1983D9E608A5296F,306036483FEF3768980B217B97F68A10BAC0F15966D0776E64ECA86514FEDCB1,aee6aa9f5041567d4d544dede96fdac45b8105e39a2c3b70fc156f9269f587ee
150_8_3_1,20260809,100,initial-populations/150_8_3_1/seed-20260809.fourvec,39287437abf88c9df5f990350f5075f3d42d114e649b8aa0f48d607cf5ded15a,8b33518df254c8b06514bd7b2e2edb1b1f408f315650dc610f4f1c8f1da269aa,3a71da23fd202928dbbdbb7370baad36d2e92363e81c3c91543ad8b75d1eb79f,883EB2E04F7ABDAA393EF60F5E2D3D214838E3C75E1972C5B7915D49A211C970,8BB073D889D36A4F3D36CFD9A533E92EC94117CA132BAB5D1983D9E608A5296F,306036483FEF3768980B217B97F68A10BAC0F15966D0776E64ECA86514FEDCB1,aee6aa9f5041567d4d544dede96fdac45b8105e39a2c3b70fc156f9269f587ee
150_8_3_1,20260810,100,initial-populations/150_8_3_1/seed-20260810.fourvec,3a8e5aed9adc0c3c7020f1a1cf0490f683fb56b3705f0496ae43283f0cf02029,e2a0e1dfcfd74d873dcecbbf1c8ce09a7e46bcb71f0e282acb0f618712c6bbf0,aec86f09be31720c21bec394a1ac72008de4f8c62060f6b7a61e5e51d2ee6483,883EB2E04F7ABDAA393EF60F5E2D3D214838E3C75E1972C5B7915D49A211C970,8BB073D889D36A4F3D36CFD9A533E92EC94117CA132BAB5D1983D9E608A5296F,306036483FEF3768980B217B97F68A10BAC0F15966D0776E64ECA86514FEDCB1,aee6aa9f5041567d4d544dede96fdac45b8105e39a2c3b70fc156f9269f587ee
150_8_3_1,20260811,100,initial-populations/150_8_3_1/seed-20260811.fourvec,96e319d531d9400ab271403916d16c06ecdc7d594e4aecf4dde03a0fc9f8ddab,c0713c9c2285b1d88a5e6ef9cd45675343e43c13d04fa40d57784020707a8a6e,159cbb6e7e6276b446bac77bb2a2cbc46ac899f7f183ce533eb88bc843acaee0,883EB2E04F7ABDAA393EF60F5E2D3D214838E3C75E1972C5B7915D49A211C970,8BB073D889D36A4F3D36CFD9A533E92EC94117CA132BAB5D1983D9E608A5296F,306036483FEF3768980B217B97F68A10BAC0F15966D0776E64ECA86514FEDCB1,aee6aa9f5041567d4d544dede96fdac45b8105e39a2c3b70fc156f9269f587ee
150_8_3_1,20260812,100,initial-populations/150_8_3_1/seed-20260812.fourvec,6abef862cf9928543478ab30ca7b3f64011cb4d504e95a103a503f8bfec3359a,f932a70fee977d2017cc5185390d613038f613242150aaca2a5826df2db67a6b,311fb0c4c2bb596dfa36e32531bd97e0a5bea79670fa4f73986dbc2cef54c00d,883EB2E04F7ABDAA393EF60F5E2D3D214838E3C75E1972C5B7915D49A211C970,8BB073D889D36A4F3D36CFD9A533E92EC94117CA132BAB5D1983D9E608A5296F,306036483FEF3768980B217B97F68A10BAC0F15966D0776E64ECA86514FEDCB1,aee6aa9f5041567d4d544dede96fdac45b8105e39a2c3b70fc156f9269f587ee
150_8_3_1,20260813,100,initial-populations/150_8_3_1/seed-20260813.fourvec,8576d7686864bee802b6a13855dafcb9007bdf12c4519c1ba75fedb6b9f5caf2,b1de1fe2c0b90b215b13361a5f3477ab660b15b8d06d3bc317edaae0ead446ed,7495a191a9d14beec62ec12bd5e12f9d2cc086333827e9d89e1064f0b845d454,883EB2E04F7ABDAA393EF60F5E2D3D214838E3C75E1972C5B7915D49A211C970,8BB073D889D36A4F3D36CFD9A533E92EC94117CA132BAB5D1983D9E608A5296F,306036483FEF3768980B217B97F68A10BAC0F15966D0776E64ECA86514FEDCB1,aee6aa9f5041567d4d544dede96fdac45b8105e39a2c3b70fc156f9269f587ee
150_8_3_1,20260814,100,initial-populations/150_8_3_1/seed-20260814.fourvec,43cd0dae9607c6676003260a8888ae2e01a2f330c2f1a70dd32ad8802371dcd5,80cecae06bb0f32830a6014825c0cae624012c7f4875e0f0ba6efc39d8ef83d0,02e9f1215e43f4592dfcbc710d34c82d7525a1fe0e707b9e6ce8b663b1a38963,883EB2E04F7ABDAA393EF60F5E2D3D214838E3C75E1972C5B7915D49A211C970,8BB073D889D36A4F3D36CFD9A533E92EC94117CA132BAB5D1983D9E608A5296F,306036483FEF3768980B217B97F68A10BAC0F15966D0776E64ECA86514FEDCB1,aee6aa9f5041567d4d544dede96fdac45b8105e39a2c3b70fc156f9269f587ee
150_8_3_1,20260815,100,initial-populations/150_8_3_1/seed-20260815.fourvec,b9f02274decf0cae1534afabee71472a0e6ee2c2f2e7ec5cf2751b413de4289c,3d65c1783a3850b2045067e53838463afa48b1eec59facbf558e29fcd161c53b,6fcc14f3fc801ece6632e0f3632368aa9a485d7ef1e10fdadbcbeba1deb712fa,883EB2E04F7ABDAA393EF60F5E2D3D214838E3C75E1972C5B7915D49A211C970,8BB073D889D36A4F3D36CFD9A533E92EC94117CA132BAB5D1983D9E608A5296F,306036483FEF3768980B217B97F68A10BAC0F15966D0776E64ECA86514FEDCB1,aee6aa9f5041567d4d544dede96fdac45b8105e39a2c3b70fc156f9269f587ee
150_8_3_1,20260816,100,initial-populations/150_8_3_1/seed-20260816.fourvec,0eab2614b65bcbd1786f902b72b9e532233dfdfb65019aebe8bae000b24f759c,05a26148df6cbbed03037e1358b66151a4901a8826a13661bbef655c750491a7,9de932279b1859da3eb2f859c8f5ac80bd37c1efab947381de46c822f7a06b3e,883EB2E04F7ABDAA393EF60F5E2D3D214838E3C75E1972C5B7915D49A211C970,8BB073D889D36A4F3D36CFD9A533E92EC94117CA132BAB5D1983D9E608A5296F,306036483FEF3768980B217B97F68A10BAC0F15966D0776E64ECA86514FEDCB1,aee6aa9f5041567d4d544dede96fdac45b8105e39a2c3b70fc156f9269f587ee
150_8_3_1,20260817,100,initial-populations/150_8_3_1/seed-20260817.fourvec,768b1d6a6065255a506e5e822c1e0b211eab25abc8cdb2fc44ba0c8dfd2330ff,e9faeb59e5a20a4a4a8e9777d6a1e0a5767ad377de9990e6fc51777dcc646512,8f5f2f0364dad601b42e1a7e99d7d4a0a581d6d317c46b575d7bf6f9d1bd8e8a,883EB2E04F7ABDAA393EF60F5E2D3D214838E3C75E1972C5B7915D49A211C970,8BB073D889D36A4F3D36CFD9A533E92EC94117CA132BAB5D1983D9E608A5296F,306036483FEF3768980B217B97F68A10BAC0F15966D0776E64ECA86514FEDCB1,aee6aa9f5041567d4d544dede96fdac45b8105e39a2c3b70fc156f9269f587ee
150_8_3_1,20260818,100,initial-populations/150_8_3_1/seed-20260818.fourvec,2d068aa5015aa458564488443be31e93cde4de0327414d9604721af20e5fcee5,ebcff656869e50e1b0f76457163474a0e67aef00ae43c72d8de1f32bde2a54e5,a1caf63f732f4ad51af721c90d64a68659e6d7f64f28c2ee784f1e7c49388562,883EB2E04F7ABDAA393EF60F5E2D3D214838E3C75E1972C5B7915D49A211C970,8BB073D889D36A4F3D36CFD9A533E92EC94117CA132BAB5D1983D9E608A5296F,306036483FEF3768980B217B97F68A10BAC0F15966D0776E64ECA86514FEDCB1,aee6aa9f5041567d4d544dede96fdac45b8105e39a2c3b70fc156f9269f587ee
150_8_3_1,20260819,100,initial-populations/150_8_3_1/seed-20260819.fourvec,6fae6a48a725fde427d0d25e80594467cc08474111c678128d66114e129f2a9f,4dce72c9f7f5a933034203cc7e578a1f334d992e97ba56145419734b5d09ceb3,7d4aecd553aa7fe9d4d18fda9dd938eeb838a199f042acec76cd52e01717d568,883EB2E04F7ABDAA393EF60F5E2D3D214838E3C75E1972C5B7915D49A211C970,8BB073D889D36A4F3D36CFD9A533E92EC94117CA132BAB5D1983D9E608A5296F,306036483FEF3768980B217B97F68A10BAC0F15966D0776E64ECA86514FEDCB1,aee6aa9f5041567d4d544dede96fdac45b8105e39a2c3b70fc156f9269f587ee
150_8_3_1,20260820,100,initial-populations/150_8_3_1/seed-20260820.fourvec,560edc86d011b2fbd0a774d7bdce84b2b348b266ab93d0a7ba925d36f2b5a6ed,3fd7d567c76e34ac219c57d54f7388dcab5ac6312412394687e13384da89ed6f,bc5091b2576d9a55510a3df368eb9dc2ebbc39c21bedb0ed5ebda1b8a87e64a0,883EB2E04F7ABDAA393EF60F5E2D3D214838E3C75E1972C5B7915D49A211C970,8BB073D889D36A4F3D36CFD9A533E92EC94117CA132BAB5D1983D9E608A5296F,306036483FEF3768980B217B97F68A10BAC0F15966D0776E64ECA86514FEDCB1,aee6aa9f5041567d4d544dede96fdac45b8105e39a2c3b70fc156f9269f587ee
150_8_3_1,20260821,100,initial-populations/150_8_3_1/seed-20260821.fourvec,98d56d8c02de36aa227e8da7d4c2aa44f821ab3e0dd7369472c377b3ef644133,4dd673a23fafcda432a4c0040ae2e29162ff3c041234925b2d6d719c18bd8852,f394d04297aeb2276b573623a4925d56349a466cd4cb7d63eecfc75711561665,883EB2E04F7ABDAA393EF60F5E2D3D214838E3C75E1972C5B7915D49A211C970,8BB073D889D36A4F3D36CFD9A533E92EC94117CA132BAB5D1983D9E608A5296F,306036483FEF3768980B217B97F68A10BAC0F15966D0776E64ECA86514FEDCB1,aee6aa9f5041567d4d544dede96fdac45b8105e39a2c3b70fc156f9269f587ee
150_8_3_1,20260822,100,initial-populations/150_8_3_1/seed-20260822.fourvec,a1503a0a2f024ea76b8af921120988ed7fea3fbbe4d89c39823b25f9a196e730,b20d5155baafa6d0929dc97065855fb5f7ded60762ae1b1b8d8aa537b2787b11,6f0e05021d128ecae31cb9224715c517a36a38207b2fe127f48df24f53d64194,883EB2E04F7ABDAA393EF60F5E2D3D214838E3C75E1972C5B7915D49A211C970,8BB073D889D36A4F3D36CFD9A533E92EC94117CA132BAB5D1983D9E608A5296F,306036483FEF3768980B217B97F68A10BAC0F15966D0776E64ECA86514FEDCB1,aee6aa9f5041567d4d544dede96fdac45b8105e39a2c3b70fc156f9269f587ee
150_8_3_1,20260823,100,initial-populations/150_8_3_1/seed-20260823.fourvec,2f057673c2e0ed21a875c2419cbeeddfcd45ca9cb3de4b17090e66d59a93a478,d68713544d6253e26ed9ac62bf5001a6a33a7ef9b0a4bcdbafb77adfc3d20787,3ce9c3927b4e69093fa67db31be64fec800fb1e872addc230cfd5764ef283ae3,883EB2E04F7ABDAA393EF60F5E2D3D214838E3C75E1972C5B7915D49A211C970,8BB073D889D36A4F3D36CFD9A533E92EC94117CA132BAB5D1983D9E608A5296F,306036483FEF3768980B217B97F68A10BAC0F15966D0776E64ECA86514FEDCB1,aee6aa9f5041567d4d544dede96fdac45b8105e39a2c3b70fc156f9269f587ee
150_8_3_1,20260824,100,initial-populations/150_8_3_1/seed-20260824.fourvec,694d63abeab753a535def8f06cb7b035e20adf94ad91cf19263928b001e917e4,af8f4ac02e8554d8d91620bd2541005817e363ef2c0470a38e0a7724220b4da6,3e88e1d2fdf846a7c25b9ed1ee842bb089c02b25f3b9a76d4bb15a19f0f40d98,883EB2E04F7ABDAA393EF60F5E2D3D214838E3C75E1972C5B7915D49A211C970,8BB073D889D36A4F3D36CFD9A533E92EC94117CA132BAB5D1983D9E608A5296F,306036483FEF3768980B217B97F68A10BAC0F15966D0776E64ECA86514FEDCB1,aee6aa9f5041567d4d544dede96fdac45b8105e39a2c3b70fc156f9269f587ee
150_8_3_1,20260825,100,initial-populations/150_8_3_1/seed-20260825.fourvec,dec4d37e0575d8332cc8004bbb3e48c1147566f2eca4ef0e2f8ac0843bd633eb,f1cadbaf2595507240907948f872d41a46887e57fd753f3a681a3e88c97d1ac1,dcab30ed24143d66e5db8896435c53489f2eabbfe6d9f1273a5db468594ba2fe,883EB2E04F7ABDAA393EF60F5E2D3D214838E3C75E1972C5B7915D49A211C970,8BB073D889D36A4F3D36CFD9A533E92EC94117CA132BAB5D1983D9E608A5296F,306036483FEF3768980B217B97F68A10BAC0F15966D0776E64ECA86514FEDCB1,aee6aa9f5041567d4d544dede96fdac45b8105e39a2c3b70fc156f9269f587ee
150_8_3_1,20260826,100,initial-populations/150_8_3_1/seed-20260826.fourvec,975e1cb7a8cd5b89c50c7a86ac3c83bc4273315d9bc16a56ba1ec5e76bd87e0a,b99a51ac1edbc183ece88149c3dedc1979c8a9e3211dd3788515c6c3e85e1f6b,cc03f6274e7579e6b64a010963443decf6a5092560dc0836524dfbae5ea75cae,883EB2E04F7ABDAA393EF60F5E2D3D214838E3C75E1972C5B7915D49A211C970,8BB073D889D36A4F3D36CFD9A533E92EC94117CA132BAB5D1983D9E608A5296F,306036483FEF3768980B217B97F68A10BAC0F15966D0776E64ECA86514FEDCB1,aee6aa9f5041567d4d544dede96fdac45b8105e39a2c3b70fc156f9269f587ee
150_8_3_1,20260827,100,initial-populations/150_8_3_1/seed-20260827.fourvec,0b424b1192f477497b3968700c9cee9c82aa55ddf598b2048fd471216f247711,674aca4cdf63cdf3639696e6c9be3952db9d3aec34cd42675709e0409814394e,d22343c807f10ae083d501aa3530b33b128be44a4ce6bc2750a12ae32d54e7e8,883EB2E04F7ABDAA393EF60F5E2D3D214838E3C75E1972C5B7915D49A211C970,8BB073D889D36A4F3D36CFD9A533E92EC94117CA132BAB5D1983D9E608A5296F,306036483FEF3768980B217B97F68A10BAC0F15966D0776E64ECA86514FEDCB1,aee6aa9f5041567d4d544dede96fdac45b8105e39a2c3b70fc156f9269f587ee
150_8_4_1,20260808,100,initial-populations/150_8_4_1/seed-20260808.fourvec,efa35f0401024d45118c8ebb91ff8bded450df76a93d03bd160b260c4d50450d,09aa98aa0564393a21a9bf4b8d8b065ec48d6d996ec885b069d5797cc7c832ea,a274a2c7d06b9d1b88ff50b3130f4c1700719253c0e417464fe9e6ef7bfa77af,65DBB68014F576C3E7AD1FAD2E36AC1BD2F908D4C16BD179C35DF29BB3234613,7622415D14D7F46A9D1F1DF9FB302F59B98179FEF9C95260AE2C7601D1344332,9CC31FF621BFB0C7F9DC9D6B39D8FAE8E8F0683A6308C74032927B32FBCAB227,e989b2323460a9b6390840affb6a17468213ebcbd7ddef8d6603a2efcb683fa7
150_8_4_1,20260809,100,initial-populations/150_8_4_1/seed-20260809.fourvec,e34e0b0dd0955cc8a6431dc73ece87e3d2f8eb64bb3847930426385422eb8ce9,9ed6cfae0c4009b334dcc144951d575b22bb6760a83c4b701d51e2342c799b9c,2455fc2010390f53d7a9b8738924bd9b4b33972cbf74c02997593970698d9d62,65DBB68014F576C3E7AD1FAD2E36AC1BD2F908D4C16BD179C35DF29BB3234613,7622415D14D7F46A9D1F1DF9FB302F59B98179FEF9C95260AE2C7601D1344332,9CC31FF621BFB0C7F9DC9D6B39D8FAE8E8F0683A6308C74032927B32FBCAB227,e989b2323460a9b6390840affb6a17468213ebcbd7ddef8d6603a2efcb683fa7
150_8_4_1,20260810,100,initial-populations/150_8_4_1/seed-20260810.fourvec,6c5a316b74e663416fb9aae6cdde6f72143929786ed944c4d2aabfc87478951d,fc7b5cfede64ec62de9d51fd77ac6e0cefe9be015c26e228dcda6eaec7e0f6ec,68d0890f233d7d51279cf05996e0a9be936c7277f30a140be0a219496aef5977,65DBB68014F576C3E7AD1FAD2E36AC1BD2F908D4C16BD179C35DF29BB3234613,7622415D14D7F46A9D1F1DF9FB302F59B98179FEF9C95260AE2C7601D1344332,9CC31FF621BFB0C7F9DC9D6B39D8FAE8E8F0683A6308C74032927B32FBCAB227,e989b2323460a9b6390840affb6a17468213ebcbd7ddef8d6603a2efcb683fa7
150_8_4_1,20260811,100,initial-populations/150_8_4_1/seed-20260811.fourvec,8777c4e7a40985d5fad8a0243f6a4fc7be98f233e2aa82089ee4a73c3d449122,685e721839c2f43b5d8e3f095b9df1b076e743952cdb7b19d5574d9671416e03,218f8b4a641e33340ee174ad56d50c4e64cfbaa63fb6f73c060c87d1d304b785,65DBB68014F576C3E7AD1FAD2E36AC1BD2F908D4C16BD179C35DF29BB3234613,7622415D14D7F46A9D1F1DF9FB302F59B98179FEF9C95260AE2C7601D1344332,9CC31FF621BFB0C7F9DC9D6B39D8FAE8E8F0683A6308C74032927B32FBCAB227,e989b2323460a9b6390840affb6a17468213ebcbd7ddef8d6603a2efcb683fa7
150_8_4_1,20260812,100,initial-populations/150_8_4_1/seed-20260812.fourvec,8c7153f9e39e42b35ebd4498cb180d5ddcec6f095e185cf1141f5f275809959a,e791e3edfaa10e10f8f696248733addc8a2f62f627a74cf81a72bcd80b87810d,fc94906c8e7d1d48d1085e1cd62390ecfe78698631696b8a23205c73b8639cfa,65DBB68014F576C3E7AD1FAD2E36AC1BD2F908D4C16BD179C35DF29BB3234613,7622415D14D7F46A9D1F1DF9FB302F59B98179FEF9C95260AE2C7601D1344332,9CC31FF621BFB0C7F9DC9D6B39D8FAE8E8F0683A6308C74032927B32FBCAB227,e989b2323460a9b6390840affb6a17468213ebcbd7ddef8d6603a2efcb683fa7
150_8_4_1,20260813,100,initial-populations/150_8_4_1/seed-20260813.fourvec,a87333f31fd88dd4736566d3b974111f9434da5650df94410daa6b9631d05c3a,f6e373d601c627965a14b85392561f2c55874086a52bf83ced2ccd9daeadcf11,b6b9fd58085927c6ab2db0477f8fa2abc60276c2fa0ee04186edc8d5b2b47507,65DBB68014F576C3E7AD1FAD2E36AC1BD2F908D4C16BD179C35DF29BB3234613,7622415D14D7F46A9D1F1DF9FB302F59B98179FEF9C95260AE2C7601D1344332,9CC31FF621BFB0C7F9DC9D6B39D8FAE8E8F0683A6308C74032927B32FBCAB227,e989b2323460a9b6390840affb6a17468213ebcbd7ddef8d6603a2efcb683fa7
150_8_4_1,20260814,100,initial-populations/150_8_4_1/seed-20260814.fourvec,e60a1f0dec8e0302fc7e9444ee57c1b40305e4758c7ebc0fd2fd56bce2997c35,64aba88e13d2de2583db0de2a232a36121df692f66a330e92345d18ae1198979,55ce8e50c16d94d6949e0d40c6a63bb150e533eae8881833e335aaf39b38d273,65DBB68014F576C3E7AD1FAD2E36AC1BD2F908D4C16BD179C35DF29BB3234613,7622415D14D7F46A9D1F1DF9FB302F59B98179FEF9C95260AE2C7601D1344332,9CC31FF621BFB0C7F9DC9D6B39D8FAE8E8F0683A6308C74032927B32FBCAB227,e989b2323460a9b6390840affb6a17468213ebcbd7ddef8d6603a2efcb683fa7
150_8_4_1,20260815,100,initial-populations/150_8_4_1/seed-20260815.fourvec,b6ec9fb612460ff55219ef102f8268ff6ec04dcd2513ea6526a0d79037b7f38f,477760be088fdfc50a9d6f875f2b6ac8a1d5e4b38a00fd2b95b8ea16261a515f,29f052aa20794c4d7c457f61a108981ac7f01a4dfbf95c91bdd7a891bafbb3b9,65DBB68014F576C3E7AD1FAD2E36AC1BD2F908D4C16BD179C35DF29BB3234613,7622415D14D7F46A9D1F1DF9FB302F59B98179FEF9C95260AE2C7601D1344332,9CC31FF621BFB0C7F9DC9D6B39D8FAE8E8F0683A6308C74032927B32FBCAB227,e989b2323460a9b6390840affb6a17468213ebcbd7ddef8d6603a2efcb683fa7
150_8_4_1,20260816,100,initial-populations/150_8_4_1/seed-20260816.fourvec,b3604f4e59726b7b19ffb14d9ff3c24dd993c0f1926e9e5408908942c32c0bfe,7c970659802cf70b20d2e11e7b3a3b4232f77c6264956433a7969297127f773b,5f97bdc9371444e18dc8bd51485960f3075ee7c120532d084cc6f51c2dd00f67,65DBB68014F576C3E7AD1FAD2E36AC1BD2F908D4C16BD179C35DF29BB3234613,7622415D14D7F46A9D1F1DF9FB302F59B98179FEF9C95260AE2C7601D1344332,9CC31FF621BFB0C7F9DC9D6B39D8FAE8E8F0683A6308C74032927B32FBCAB227,e989b2323460a9b6390840affb6a17468213ebcbd7ddef8d6603a2efcb683fa7
150_8_4_1,20260817,100,initial-populations/150_8_4_1/seed-20260817.fourvec,3611b4a0efc3c4a77dd1fc277e03e2d8856cede40ca8241aae66f8b93d8af9f9,e5e19e5026576c0eada4294afb7566f08d11ab513635b57f41e85b47ea69ea90,3bdccc63c6043423f6a083e93a5729a04a0e9989ce66854a4d35842e783f0fd6,65DBB68014F576C3E7AD1FAD2E36AC1BD2F908D4C16BD179C35DF29BB3234613,7622415D14D7F46A9D1F1DF9FB302F59B98179FEF9C95260AE2C7601D1344332,9CC31FF621BFB0C7F9DC9D6B39D8FAE8E8F0683A6308C74032927B32FBCAB227,e989b2323460a9b6390840affb6a17468213ebcbd7ddef8d6603a2efcb683fa7
150_8_4_1,20260818,100,initial-populations/150_8_4_1/seed-20260818.fourvec,828d233124ad6107dc8767b389ab24e574fe3bac54d3a361069081a946c44498,c050743278af7ca9e0f95bb12340e53f859319506e57acae83c4ee6f2e00ea97,722ca3c0fac3dc0198b346482ffddb07d27b3e17d925a730740af2a46a0c422d,65DBB68014F576C3E7AD1FAD2E36AC1BD2F908D4C16BD179C35DF29BB3234613,7622415D14D7F46A9D1F1DF9FB302F59B98179FEF9C95260AE2C7601D1344332,9CC31FF621BFB0C7F9DC9D6B39D8FAE8E8F0683A6308C74032927B32FBCAB227,e989b2323460a9b6390840affb6a17468213ebcbd7ddef8d6603a2efcb683fa7
150_8_4_1,20260819,100,initial-populations/150_8_4_1/seed-20260819.fourvec,6f5b1f7e03b50f50d9e9fb1cd9d990836d37365d6e7765ca06c97383e97c9916,748c89f4425d498928a9fd0288d4caac3429badc67b777af588bac1bef92bcb1,cfd0d4a6d53bf27af1476be6ed43076c4ad0d6fd183fbc2d9e87c3888d76b474,65DBB68014F576C3E7AD1FAD2E36AC1BD2F908D4C16BD179C35DF29BB3234613,7622415D14D7F46A9D1F1DF9FB302F59B98179FEF9C95260AE2C7601D1344332,9CC31FF621BFB0C7F9DC9D6B39D8FAE8E8F0683A6308C74032927B32FBCAB227,e989b2323460a9b6390840affb6a17468213ebcbd7ddef8d6603a2efcb683fa7
150_8_4_1,20260820,100,initial-populations/150_8_4_1/seed-20260820.fourvec,e722554b70a1a0de07892bbb730b6ef4fc68aaf29932fd0e6305893825eef524,9a417e332deb0c762fabf41bf5c3408fda98a8e2e695f053335564b225af76ea,25c006b60842883d6eef95e12a640fe8c97fdf4bca14d694e60a9fc5a155d839,65DBB68014F576C3E7AD1FAD2E36AC1BD2F908D4C16BD179C35DF29BB3234613,7622415D14D7F46A9D1F1DF9FB302F59B98179FEF9C95260AE2C7601D1344332,9CC31FF621BFB0C7F9DC9D6B39D8FAE8E8F0683A6308C74032927B32FBCAB227,e989b2323460a9b6390840affb6a17468213ebcbd7ddef8d6603a2efcb683fa7
150_8_4_1,20260821,100,initial-populations/150_8_4_1/seed-20260821.fourvec,f7874841a0669ff5a1f0145eccc4fff0cc9208cae6915e1ef1319fff4b01e47b,a850d914d79039e667e4d57de7eb390e7d17fb7c7d79a0a9f2fe55052077b623,86875468325b3697e6608298b3be563dab7c63b2224d7a9267a55ba110cc4ce0,65DBB68014F576C3E7AD1FAD2E36AC1BD2F908D4C16BD179C35DF29BB3234613,7622415D14D7F46A9D1F1DF9FB302F59B98179FEF9C95260AE2C7601D1344332,9CC31FF621BFB0C7F9DC9D6B39D8FAE8E8F0683A6308C74032927B32FBCAB227,e989b2323460a9b6390840affb6a17468213ebcbd7ddef8d6603a2efcb683fa7
150_8_4_1,20260822,100,initial-populations/150_8_4_1/seed-20260822.fourvec,6d6ae78cf7bbdc57d5a42c970d69ef447172dd09ba40b6021b0449f66c212cca,1ad6a1dd43a1cb6a3ad4caf820ecfe5e805f39a75ab588b0a4e2165b4e44544c,95ddd054495bae1f5dece41ca1c8b1a2754192ceb4e47f274eef86205655cdca,65DBB68014F576C3E7AD1FAD2E36AC1BD2F908D4C16BD179C35DF29BB3234613,7622415D14D7F46A9D1F1DF9FB302F59B98179FEF9C95260AE2C7601D1344332,9CC31FF621BFB0C7F9DC9D6B39D8FAE8E8F0683A6308C74032927B32FBCAB227,e989b2323460a9b6390840affb6a17468213ebcbd7ddef8d6603a2efcb683fa7
150_8_4_1,20260823,100,initial-populations/150_8_4_1/seed-20260823.fourvec,a886540815bbaf27240ee5a5656f2252aaf417ddf0f890bc0925bbe6960e0fc8,02166ccac18c8f4c087883ac6adcd19f234335b3f86a1a6aa2c0850586e283f7,23489ed6bc94f3db33f5c307aee410ddc6a8976c465a22baf44565b5a091700c,65DBB68014F576C3E7AD1FAD2E36AC1BD2F908D4C16BD179C35DF29BB3234613,7622415D14D7F46A9D1F1DF9FB302F59B98179FEF9C95260AE2C7601D1344332,9CC31FF621BFB0C7F9DC9D6B39D8FAE8E8F0683A6308C74032927B32FBCAB227,e989b2323460a9b6390840affb6a17468213ebcbd7ddef8d6603a2efcb683fa7
150_8_4_1,20260824,100,initial-populations/150_8_4_1/seed-20260824.fourvec,8e7fb0f638c570ea5a7145a0c9e96b837c3effa8f7c775fac6d345edaf6a3b28,da71dfa8948a575d1c5e54c405cb080135d953a08931772595cbefdfcab544c4,8a2ce6d694a32c9fcd57b434d7e578397ab020ff4fc0494b01d1d9948398a192,65DBB68014F576C3E7AD1FAD2E36AC1BD2F908D4C16BD179C35DF29BB3234613,7622415D14D7F46A9D1F1DF9FB302F59B98179FEF9C95260AE2C7601D1344332,9CC31FF621BFB0C7F9DC9D6B39D8FAE8E8F0683A6308C74032927B32FBCAB227,e989b2323460a9b6390840affb6a17468213ebcbd7ddef8d6603a2efcb683fa7
150_8_4_1,20260825,100,initial-populations/150_8_4_1/seed-20260825.fourvec,fa885b7e516356a82174dd1af1353cfa71a62dd2eb30c5200e7a270e10954fcc,bf5051947f9598a6f5a3f47d8a037de4f5410a7d339fa4de73e3b26e8742bf77,03e03c35c399a818875aace5e04e674f9a5396d5c16c3fa639990993ffeba638,65DBB68014F576C3E7AD1FAD2E36AC1BD2F908D4C16BD179C35DF29BB3234613,7622415D14D7F46A9D1F1DF9FB302F59B98179FEF9C95260AE2C7601D1344332,9CC31FF621BFB0C7F9DC9D6B39D8FAE8E8F0683A6308C74032927B32FBCAB227,e989b2323460a9b6390840affb6a17468213ebcbd7ddef8d6603a2efcb683fa7
150_8_4_1,20260826,100,initial-populations/150_8_4_1/seed-20260826.fourvec,90cae642cc5ad20807eed24766248f5262efb43932e2e1b32f9995c34f0404f9,048843403a3e6a3363287567347614dcb16f324f1c08171656d1d929c8a1a8c3,91974077f81621706528ff18147cf5825d28f2c6340e1e57a317444ca74d586a,65DBB68014F576C3E7AD1FAD2E36AC1BD2F908D4C16BD179C35DF29BB3234613,7622415D14D7F46A9D1F1DF9FB302F59B98179FEF9C95260AE2C7601D1344332,9CC31FF621BFB0C7F9DC9D6B39D8FAE8E8F0683A6308C74032927B32FBCAB227,e989b2323460a9b6390840affb6a17468213ebcbd7ddef8d6603a2efcb683fa7
150_8_4_1,20260827,100,initial-populations/150_8_4_1/seed-20260827.fourvec,c79ca8fe30eab16603e02ac82a6058b861431b5c2cbc241bb386d8d8a29ffc8f,8336a87bca454f7b04f85f43b8ccf490a5ceb38f95577103da7cfc9f3d076e64,944cca238d9c0181b26f69609ce98c28dd053f7cfdf9426846970d1ace9e23ea,65DBB68014F576C3E7AD1FAD2E36AC1BD2F908D4C16BD179C35DF29BB3234613,7622415D14D7F46A9D1F1DF9FB302F59B98179FEF9C95260AE2C7601D1344332,9CC31FF621BFB0C7F9DC9D6B39D8FAE8E8F0683A6308C74032927B32FBCAB227,e989b2323460a9b6390840affb6a17468213ebcbd7ddef8d6603a2efcb683fa7
150_8_5_1,20260808,100,initial-populations/150_8_5_1/seed-20260808.fourvec,258705d9a51e223103a2ad670d8ed3f67882a93b4b6310d3a7201082c830816b,4a8c8b827389e5c37f06016c4394fee13d8ac0416541a81a5fbec968f9c8884a,23e7d5ab8b702c2b02ed2829d8a5121ebc2fabd2b71b1d4192a29690791d6aba,526D53DB1BFD50C1CA75FDAF77D6A1E0BE51A7F37ACD8D68F0FB5295235A0D3F,D587A4CA05877F60078452FCC65535B94E28F81F2F259E59B76BD693BF476719,234DD0922D3CF0A692FF33EBC0DD13DAFA2F0A6E4FCCC15D832B3056AD05A53D,776dbb165b4a35def9295bbdb64d7763a4ca4ccea7eaf45a1fa46bfa7fb8f5c5
150_8_5_1,20260809,100,initial-populations/150_8_5_1/seed-20260809.fourvec,35aea79fdcff58f91ec9b98c3c8564a2103b5b3f798cb666419e571b83a224b4,6f19a3cb63dd3b190c7d7b9c0b5624d012c066fa8e28e540705677b205eb5191,e9b1d5e8c36c6dc7302be56cdf1412cf89a1e682ac95a6f63291bad742067fce,526D53DB1BFD50C1CA75FDAF77D6A1E0BE51A7F37ACD8D68F0FB5295235A0D3F,D587A4CA05877F60078452FCC65535B94E28F81F2F259E59B76BD693BF476719,234DD0922D3CF0A692FF33EBC0DD13DAFA2F0A6E4FCCC15D832B3056AD05A53D,776dbb165b4a35def9295bbdb64d7763a4ca4ccea7eaf45a1fa46bfa7fb8f5c5
150_8_5_1,20260810,100,initial-populations/150_8_5_1/seed-20260810.fourvec,3297446501ad2d264831b7b2ff9d6f150593e6f69d9a7d8f257cf23b90839547,70803528936e837f03ea6170ef32ef8231a4e5c8625ca01ec16228d7befe42f5,f5c734a2b1fd74df79cc69054d18109eef4efd5aa2dfa1a57cc78aed1f356a3c,526D53DB1BFD50C1CA75FDAF77D6A1E0BE51A7F37ACD8D68F0FB5295235A0D3F,D587A4CA05877F60078452FCC65535B94E28F81F2F259E59B76BD693BF476719,234DD0922D3CF0A692FF33EBC0DD13DAFA2F0A6E4FCCC15D832B3056AD05A53D,776dbb165b4a35def9295bbdb64d7763a4ca4ccea7eaf45a1fa46bfa7fb8f5c5
150_8_5_1,20260811,100,initial-populations/150_8_5_1/seed-20260811.fourvec,2e2ab655b83cd68ce8f72af03a511eb8271d301f8efc5beddd1405e4bad67f6b,54b444d64cf84cf8c745f82563aa7b60b2299bfe46e393a59c6800963d548822,e3b19a0d65f658a2cde8ad386b3a3e195aace8fc9238c562bb00f8763cdd90ac,526D53DB1BFD50C1CA75FDAF77D6A1E0BE51A7F37ACD8D68F0FB5295235A0D3F,D587A4CA05877F60078452FCC65535B94E28F81F2F259E59B76BD693BF476719,234DD0922D3CF0A692FF33EBC0DD13DAFA2F0A6E4FCCC15D832B3056AD05A53D,776dbb165b4a35def9295bbdb64d7763a4ca4ccea7eaf45a1fa46bfa7fb8f5c5
150_8_5_1,20260812,100,initial-populations/150_8_5_1/seed-20260812.fourvec,b7fe57a3f7b4542678b2d46328abb471384a6a8ee31c8e438c527a45b95533fc,3c0005428b7bd7a8ecdac100ccb9e89c42591f75b89300c598a611c53f5f1849,6af32f4900b44afa758d1d119d7d30d72386bc33e3bbcf8dd29380f88720ab82,526D53DB1BFD50C1CA75FDAF77D6A1E0BE51A7F37ACD8D68F0FB5295235A0D3F,D587A4CA05877F60078452FCC65535B94E28F81F2F259E59B76BD693BF476719,234DD0922D3CF0A692FF33EBC0DD13DAFA2F0A6E4FCCC15D832B3056AD05A53D,776dbb165b4a35def9295bbdb64d7763a4ca4ccea7eaf45a1fa46bfa7fb8f5c5
150_8_5_1,20260813,100,initial-populations/150_8_5_1/seed-20260813.fourvec,59572c857e07fe390c4cdae3f62b4082fb0d106ac3622ac09f84025edd77825e,5eb04276f5f8e37c781a7d65410456d91018b8da1c63aae6ffd72764c379a82b,5d05c5b1790d917258901e929a0062f61f32b9d0a417af2506b24a3386e3852c,526D53DB1BFD50C1CA75FDAF77D6A1E0BE51A7F37ACD8D68F0FB5295235A0D3F,D587A4CA05877F60078452FCC65535B94E28F81F2F259E59B76BD693BF476719,234DD0922D3CF0A692FF33EBC0DD13DAFA2F0A6E4FCCC15D832B3056AD05A53D,776dbb165b4a35def9295bbdb64d7763a4ca4ccea7eaf45a1fa46bfa7fb8f5c5
150_8_5_1,20260814,100,initial-populations/150_8_5_1/seed-20260814.fourvec,fbb340469d32d47a3c7258b1e70f312f70cfdc241fd027c30a64d736eb4b5574,599af3d23224519640ff4b217db449706274aae0b41de1c8b31418a4be20ecbb,4cdf46255c1708116749d23f39586a0b5593ddc25ce2d84479ec9c8b441b277e,526D53DB1BFD50C1CA75FDAF77D6A1E0BE51A7F37ACD8D68F0FB5295235A0D3F,D587A4CA05877F60078452FCC65535B94E28F81F2F259E59B76BD693BF476719,234DD0922D3CF0A692FF33EBC0DD13DAFA2F0A6E4FCCC15D832B3056AD05A53D,776dbb165b4a35def9295bbdb64d7763a4ca4ccea7eaf45a1fa46bfa7fb8f5c5
150_8_5_1,20260815,100,initial-populations/150_8_5_1/seed-20260815.fourvec,0474e8621913a038df9f05b953f0c696a25e09733c6cb61b6e769cd4e29533e3,9720b7c0b4cac91e0bb9ddeb2855de9673158839d2e1bb3ba0fdeafc5fe10dd3,86514d98a69b533d7a22538059e2691db3bdb9cf303ed18dccbc96ff1efa1577,526D53DB1BFD50C1CA75FDAF77D6A1E0BE51A7F37ACD8D68F0FB5295235A0D3F,D587A4CA05877F60078452FCC65535B94E28F81F2F259E59B76BD693BF476719,234DD0922D3CF0A692FF33EBC0DD13DAFA2F0A6E4FCCC15D832B3056AD05A53D,776dbb165b4a35def9295bbdb64d7763a4ca4ccea7eaf45a1fa46bfa7fb8f5c5
150_8_5_1,20260816,100,initial-populations/150_8_5_1/seed-20260816.fourvec,73363ce280089649b1726ec54b0781fb29e9f5a7c45a07b18180117c2b9b8d99,40699393baa4c4e27695eb00fd6f8ce938e36c91c0cc6bfafbe7c45419ff8bb5,c504fb5032047598187a544614b38d13d11da9a7a97f87a72c3385e49b888ea7,526D53DB1BFD50C1CA75FDAF77D6A1E0BE51A7F37ACD8D68F0FB5295235A0D3F,D587A4CA05877F60078452FCC65535B94E28F81F2F259E59B76BD693BF476719,234DD0922D3CF0A692FF33EBC0DD13DAFA2F0A6E4FCCC15D832B3056AD05A53D,776dbb165b4a35def9295bbdb64d7763a4ca4ccea7eaf45a1fa46bfa7fb8f5c5
150_8_5_1,20260817,100,initial-populations/150_8_5_1/seed-20260817.fourvec,c4e082e7d5b79f7aa0d2e796c89d2497684d143583776602b3849af63aba49aa,3230aa221dbe610b690588bfbb39e78d4cad1b5fba0c3c25709f309c27d512e1,600a7c45c4bb5ce6aef32986491849f10c07a8baf647b9a1747dfb1e46fecbf1,526D53DB1BFD50C1CA75FDAF77D6A1E0BE51A7F37ACD8D68F0FB5295235A0D3F,D587A4CA05877F60078452FCC65535B94E28F81F2F259E59B76BD693BF476719,234DD0922D3CF0A692FF33EBC0DD13DAFA2F0A6E4FCCC15D832B3056AD05A53D,776dbb165b4a35def9295bbdb64d7763a4ca4ccea7eaf45a1fa46bfa7fb8f5c5
150_8_5_1,20260818,100,initial-populations/150_8_5_1/seed-20260818.fourvec,4890c5777787df11c6911a2a0b8cf3a6b6fc9cc33eec7260b606134732474bbf,b6c6ef90609822ebc847be0be1c22e5a040181a33284c6bee633cf5b1ceae310,481cfe4a78890ac45535bfe7ee5d7e065a5a6edb0f3390d369d3d6d56ba81e37,526D53DB1BFD50C1CA75FDAF77D6A1E0BE51A7F37ACD8D68F0FB5295235A0D3F,D587A4CA05877F60078452FCC65535B94E28F81F2F259E59B76BD693BF476719,234DD0922D3CF0A692FF33EBC0DD13DAFA2F0A6E4FCCC15D832B3056AD05A53D,776dbb165b4a35def9295bbdb64d7763a4ca4ccea7eaf45a1fa46bfa7fb8f5c5
150_8_5_1,20260819,100,initial-populations/150_8_5_1/seed-20260819.fourvec,034f2c61787e0d5517a75775733958f3909e40b2e77865b746a57c58410ceff7,94c85efdd24712bc0ffe68a2ad5ec5b37aa2ee5475b7875ba7a6c907a22a978b,edb64c31af8cf36034fec59b7636a159f2328bc5ac1c1f341f1b041998f0a46c,526D53DB1BFD50C1CA75FDAF77D6A1E0BE51A7F37ACD8D68F0FB5295235A0D3F,D587A4CA05877F60078452FCC65535B94E28F81F2F259E59B76BD693BF476719,234DD0922D3CF0A692FF33EBC0DD13DAFA2F0A6E4FCCC15D832B3056AD05A53D,776dbb165b4a35def9295bbdb64d7763a4ca4ccea7eaf45a1fa46bfa7fb8f5c5
150_8_5_1,20260820,100,initial-populations/150_8_5_1/seed-20260820.fourvec,d15c439469771b04683e0f766f4719f1bf76d76d5c4f50ca1052e0d03fe78a16,0d43a5a152facf6050545e94c3a137674465ff501fe2f7de7e3839d59546886d,908dc32dd607c2ecac96b38a5fda78f4138b527443e090b31d7be094cb13a3ec,526D53DB1BFD50C1CA75FDAF77D6A1E0BE51A7F37ACD8D68F0FB5295235A0D3F,D587A4CA05877F60078452FCC65535B94E28F81F2F259E59B76BD693BF476719,234DD0922D3CF0A692FF33EBC0DD13DAFA2F0A6E4FCCC15D832B3056AD05A53D,776dbb165b4a35def9295bbdb64d7763a4ca4ccea7eaf45a1fa46bfa7fb8f5c5
150_8_5_1,20260821,100,initial-populations/150_8_5_1/seed-20260821.fourvec,b9be2b2d2252806ba18afac13806ca8396c8c06551559c4b29e9a00daeb9917a,4f6ce44f696b079a23b518a11ed256fd45f00083bc3ade396deb610792a4bd4f,b7ca3a5c1ae759f9bcbc147c61acbd6c0969482c18c4c71f4cd5f2a99bba9690,526D53DB1BFD50C1CA75FDAF77D6A1E0BE51A7F37ACD8D68F0FB5295235A0D3F,D587A4CA05877F60078452FCC65535B94E28F81F2F259E59B76BD693BF476719,234DD0922D3CF0A692FF33EBC0DD13DAFA2F0A6E4FCCC15D832B3056AD05A53D,776dbb165b4a35def9295bbdb64d7763a4ca4ccea7eaf45a1fa46bfa7fb8f5c5
150_8_5_1,20260822,100,initial-populations/150_8_5_1/seed-20260822.fourvec,00d62f5cf72e73e21a48196de360887e4cf7ab4b710148d6165819aa53815e03,fe065be4ce6614b684416df8534cf35835efdfa9a0b07a487d7af6a2a1f559d4,eb33e62ea31283050931dcf29b6288976a34c46cb78b0f3d41174f9bc55e055f,526D53DB1BFD50C1CA75FDAF77D6A1E0BE51A7F37ACD8D68F0FB5295235A0D3F,D587A4CA05877F60078452FCC65535B94E28F81F2F259E59B76BD693BF476719,234DD0922D3CF0A692FF33EBC0DD13DAFA2F0A6E4FCCC15D832B3056AD05A53D,776dbb165b4a35def9295bbdb64d7763a4ca4ccea7eaf45a1fa46bfa7fb8f5c5
150_8_5_1,20260823,100,initial-populations/150_8_5_1/seed-20260823.fourvec,c830cb3af1743f2d754e5d664285e593246ef84deea7516c9b984d0eb2501319,f1ef267f61fcf80850b85a71390e2e73bac509dcff2fc532908dc86640742c0f,b53bbcd002bf838a7655a181016e9f5300c543dbd2ad16286b6e5773e061e8f2,526D53DB1BFD50C1CA75FDAF77D6A1E0BE51A7F37ACD8D68F0FB5295235A0D3F,D587A4CA05877F60078452FCC65535B94E28F81F2F259E59B76BD693BF476719,234DD0922D3CF0A692FF33EBC0DD13DAFA2F0A6E4FCCC15D832B3056AD05A53D,776dbb165b4a35def9295bbdb64d7763a4ca4ccea7eaf45a1fa46bfa7fb8f5c5
150_8_5_1,20260824,100,initial-populations/150_8_5_1/seed-20260824.fourvec,8b6f0688a8b77255b0d8c78f1fcb70a1620b32f3a8ef9cc0be4d19f31af55e5a,9026d5d39e95693965a1a736beeff78e6e3b472d08a0754868d5cac0eea17d9a,093de5878d1867c11fbbe02597f64de693d3ea4a4e7145fdc77362e4c5d08b0e,526D53DB1BFD50C1CA75FDAF77D6A1E0BE51A7F37ACD8D68F0FB5295235A0D3F,D587A4CA05877F60078452FCC65535B94E28F81F2F259E59B76BD693BF476719,234DD0922D3CF0A692FF33EBC0DD13DAFA2F0A6E4FCCC15D832B3056AD05A53D,776dbb165b4a35def9295bbdb64d7763a4ca4ccea7eaf45a1fa46bfa7fb8f5c5
150_8_5_1,20260825,100,initial-populations/150_8_5_1/seed-20260825.fourvec,14d8e8ab26518019ff8adcf43978b81623fcbbf7c8d3484db62ce7c479c8a33f,a24c7dcf1237996576d40aa00deefeaba41f75d47a17dfae47d08b021d79ad93,01a1b5c990f88e713d88c299cee5c9dbcdce7a6cf09b766db5a7b6c01b8450e8,526D53DB1BFD50C1CA75FDAF77D6A1E0BE51A7F37ACD8D68F0FB5295235A0D3F,D587A4CA05877F60078452FCC65535B94E28F81F2F259E59B76BD693BF476719,234DD0922D3CF0A692FF33EBC0DD13DAFA2F0A6E4FCCC15D832B3056AD05A53D,776dbb165b4a35def9295bbdb64d7763a4ca4ccea7eaf45a1fa46bfa7fb8f5c5
150_8_5_1,20260826,100,initial-populations/150_8_5_1/seed-20260826.fourvec,26f7522cd0d4682f2c49d09418b50109dbdcdd9d044de66543522f38d8948141,2f800afd53dde1cf9bf381d21a3726084412858e76bc83740b41e865cd8a1ea4,49466624a9e89fc6a0738ebfc6372b67199ca5cfa63dd85a05417b0f6da7ee1a,526D53DB1BFD50C1CA75FDAF77D6A1E0BE51A7F37ACD8D68F0FB5295235A0D3F,D587A4CA05877F60078452FCC65535B94E28F81F2F259E59B76BD693BF476719,234DD0922D3CF0A692FF33EBC0DD13DAFA2F0A6E4FCCC15D832B3056AD05A53D,776dbb165b4a35def9295bbdb64d7763a4ca4ccea7eaf45a1fa46bfa7fb8f5c5
150_8_5_1,20260827,100,initial-populations/150_8_5_1/seed-20260827.fourvec,336d318888f5a104d5ace667a4410a38d56e0f500dd2365b845a925f320dcd6a,ae335dd53824ecf5bb3d4fb830455cb3da41411195257e3f7428806eda8ca124,7ef8d33398ac7a2c6639a4ba2524a3a65a9c695a30329d93bdd4adc5c61c0a5f,526D53DB1BFD50C1CA75FDAF77D6A1E0BE51A7F37ACD8D68F0FB5295235A0D3F,D587A4CA05877F60078452FCC65535B94E28F81F2F259E59B76BD693BF476719,234DD0922D3CF0A692FF33EBC0DD13DAFA2F0A6E4FCCC15D832B3056AD05A53D,776dbb165b4a35def9295bbdb64d7763a4ca4ccea7eaf45a1fa46bfa7fb8f5c5
200_2_3_1,20260808,100,initial-populations/200_2_3_1/seed-20260808.fourvec,bfbb8c6ae652ec35c5d145137a738d47de1f077cbcce1151a43ca6be0b6b36c4,0e415835076c9e7b56d8e6bb25be94e508426faf01a90cef66c9efe1fa4217f6,2c71049c0f9c76380f0b3fb9b63d30f65fc4a86ac68721a218ca5a426a63a98c,9113794C1DB67F4DAFA1BDCC970CD8C64B99919F01AFA970243588C55B99B48D,443BA0E8CB1548F9AC1877AA8DA25292B50104C2AB01E4E6EBE4897599E34CB3,4F19DBFC5092D5829C4922B46BE169FA8F1AF81A217FBC68FA0F0263C2872BED,8f13115015bbe9f951f14040bedcaa87eee56e43b0d027d9fa122313a9cbfbc2
200_2_3_1,20260809,100,initial-populations/200_2_3_1/seed-20260809.fourvec,c41057edc48b020605ca678e05a3ee81114b9afccfe3b31dfbe9f587540be309,d5e4fb15307bf50f70d79f2516798ea34e3d890f46082edb3f4d9bf8432addab,9a838bb8152d43fecde71f5a57dd796d65307d0159f39fa15eb410b1f28a936b,9113794C1DB67F4DAFA1BDCC970CD8C64B99919F01AFA970243588C55B99B48D,443BA0E8CB1548F9AC1877AA8DA25292B50104C2AB01E4E6EBE4897599E34CB3,4F19DBFC5092D5829C4922B46BE169FA8F1AF81A217FBC68FA0F0263C2872BED,8f13115015bbe9f951f14040bedcaa87eee56e43b0d027d9fa122313a9cbfbc2
200_2_3_1,20260810,100,initial-populations/200_2_3_1/seed-20260810.fourvec,bd423169955afa495b14f0cd59a7f54dec002de457374f310c35b07971a69b8b,a65203231f5b4dfd38736dac21f33200e8840c92cb4b77c73539d24eed41e1c6,7ba40231ef4a114d46ca6a2c1b985ad43cd71da6978b69ccd9b06ff58e63cf64,9113794C1DB67F4DAFA1BDCC970CD8C64B99919F01AFA970243588C55B99B48D,443BA0E8CB1548F9AC1877AA8DA25292B50104C2AB01E4E6EBE4897599E34CB3,4F19DBFC5092D5829C4922B46BE169FA8F1AF81A217FBC68FA0F0263C2872BED,8f13115015bbe9f951f14040bedcaa87eee56e43b0d027d9fa122313a9cbfbc2
200_2_3_1,20260811,100,initial-populations/200_2_3_1/seed-20260811.fourvec,74d91cdf16f3fb74f65437c0d711c230bcb9f239776c3734382a0bfc199f09f2,2c344f5c08bb41cb4f041d0918dcc2658ece2bb86aa33a687028a581726bcc32,21cccab0e6e4cd59a24ef01441b04f03e161969bbc492c11fe5549c5255df732,9113794C1DB67F4DAFA1BDCC970CD8C64B99919F01AFA970243588C55B99B48D,443BA0E8CB1548F9AC1877AA8DA25292B50104C2AB01E4E6EBE4897599E34CB3,4F19DBFC5092D5829C4922B46BE169FA8F1AF81A217FBC68FA0F0263C2872BED,8f13115015bbe9f951f14040bedcaa87eee56e43b0d027d9fa122313a9cbfbc2
200_2_3_1,20260812,100,initial-populations/200_2_3_1/seed-20260812.fourvec,ff86442bc9818793b0f0c28b42a773cdf2b1687b0a736112a833047b09d4a45a,a473f8a461be976c8867479a81605868019230904ec4bab0e46d296e626d874d,12fad6b3f86a9bae468e6aeb0eeddd48a2350c8ad0f3d5cc51b3d048d521261f,9113794C1DB67F4DAFA1BDCC970CD8C64B99919F01AFA970243588C55B99B48D,443BA0E8CB1548F9AC1877AA8DA25292B50104C2AB01E4E6EBE4897599E34CB3,4F19DBFC5092D5829C4922B46BE169FA8F1AF81A217FBC68FA0F0263C2872BED,8f13115015bbe9f951f14040bedcaa87eee56e43b0d027d9fa122313a9cbfbc2
200_2_3_1,20260813,100,initial-populations/200_2_3_1/seed-20260813.fourvec,30149336f68b5567c889a3d5db34752b637e193981361c3c116632e4ee71babd,17a7245c7a89f4d64b370ea146456e34a823cdec1c77171719a3ccd5a1b3f18e,8f9e6cd5debb2891d31528161591d1fd41b464c2f7dc3084fa69dc4562abad0c,9113794C1DB67F4DAFA1BDCC970CD8C64B99919F01AFA970243588C55B99B48D,443BA0E8CB1548F9AC1877AA8DA25292B50104C2AB01E4E6EBE4897599E34CB3,4F19DBFC5092D5829C4922B46BE169FA8F1AF81A217FBC68FA0F0263C2872BED,8f13115015bbe9f951f14040bedcaa87eee56e43b0d027d9fa122313a9cbfbc2
200_2_3_1,20260814,100,initial-populations/200_2_3_1/seed-20260814.fourvec,e123d4a0addc92da7be421677b3f9df5a52bf0a3261b00a2c4fe3823c3a077d3,d6751fed5c01796be01e1bf482a269ba8f92a19c0ad09cffdddedd0c1c7fcd45,b2cccb5578497b9ac45bb5139b2e6ab97ec328f91f3616b8a7f4f0891b67406f,9113794C1DB67F4DAFA1BDCC970CD8C64B99919F01AFA970243588C55B99B48D,443BA0E8CB1548F9AC1877AA8DA25292B50104C2AB01E4E6EBE4897599E34CB3,4F19DBFC5092D5829C4922B46BE169FA8F1AF81A217FBC68FA0F0263C2872BED,8f13115015bbe9f951f14040bedcaa87eee56e43b0d027d9fa122313a9cbfbc2
200_2_3_1,20260815,100,initial-populations/200_2_3_1/seed-20260815.fourvec,c3201a833d4bb4c7412f659faf0a28f5ce55c7a1b890eba4c07c16942c12e0c6,f36cd8208e6193bb08bb9fc95e5fcf3d89a42ae1a9d3a98c68eda0fe940a6d01,fa35c4e10e9d6ff258eeba050009a77d6bea531fbc21a268b2e521e5f5b6d25d,9113794C1DB67F4DAFA1BDCC970CD8C64B99919F01AFA970243588C55B99B48D,443BA0E8CB1548F9AC1877AA8DA25292B50104C2AB01E4E6EBE4897599E34CB3,4F19DBFC5092D5829C4922B46BE169FA8F1AF81A217FBC68FA0F0263C2872BED,8f13115015bbe9f951f14040bedcaa87eee56e43b0d027d9fa122313a9cbfbc2
200_2_3_1,20260816,100,initial-populations/200_2_3_1/seed-20260816.fourvec,02a3c877134a0128e7b313511226c92cfe4f3b56887f78a9fd95b72f39968e21,5c722f719a95cddf06f624f0c88778e50516392b89471b06872a2f4d53bab842,449fcb243e3d2b9f6419605da75150e24c7721e1f8512d73ebc3c879b1bb12cd,9113794C1DB67F4DAFA1BDCC970CD8C64B99919F01AFA970243588C55B99B48D,443BA0E8CB1548F9AC1877AA8DA25292B50104C2AB01E4E6EBE4897599E34CB3,4F19DBFC5092D5829C4922B46BE169FA8F1AF81A217FBC68FA0F0263C2872BED,8f13115015bbe9f951f14040bedcaa87eee56e43b0d027d9fa122313a9cbfbc2
200_2_3_1,20260817,100,initial-populations/200_2_3_1/seed-20260817.fourvec,40edccfe062852fe1204e7c7fb7a6bf0542acf3d6dd72853e279470ee363826b,6165b0baf5ac050124e4cef2e84e2802acdc3abf62942d23689d355bf91cce39,ecff9f74bd185f20fc772dc24b856e878373c8552e56986d091c71ad756852d2,9113794C1DB67F4DAFA1BDCC970CD8C64B99919F01AFA970243588C55B99B48D,443BA0E8CB1548F9AC1877AA8DA25292B50104C2AB01E4E6EBE4897599E34CB3,4F19DBFC5092D5829C4922B46BE169FA8F1AF81A217FBC68FA0F0263C2872BED,8f13115015bbe9f951f14040bedcaa87eee56e43b0d027d9fa122313a9cbfbc2
200_2_3_1,20260818,100,initial-populations/200_2_3_1/seed-20260818.fourvec,014d3ac7b49ea20ea240b41462b98a871a8d564d677ab68179fa90832fe529bb,e003e3f73370f10fe11f676c1301e136fa5af5c08b86f5f5f48713228330b69a,41873917ea4be1622f48abe45a66d98c18d0e4349d5baafdbbd3f1f8170a62c0,9113794C1DB67F4DAFA1BDCC970CD8C64B99919F01AFA970243588C55B99B48D,443BA0E8CB1548F9AC1877AA8DA25292B50104C2AB01E4E6EBE4897599E34CB3,4F19DBFC5092D5829C4922B46BE169FA8F1AF81A217FBC68FA0F0263C2872BED,8f13115015bbe9f951f14040bedcaa87eee56e43b0d027d9fa122313a9cbfbc2
200_2_3_1,20260819,100,initial-populations/200_2_3_1/seed-20260819.fourvec,624df4815ee5ce525973a433a419ad1dfba8f4a4d29d51a2149bca6cf1701b04,894115013fb44874a37bf94d7d835e95e516bf2124797d5e4e5781d9598b83ea,c0aa5b5e375a9da99dcb071ae257a4b62082f68a3d3798b6ac2f84d356491060,9113794C1DB67F4DAFA1BDCC970CD8C64B99919F01AFA970243588C55B99B48D,443BA0E8CB1548F9AC1877AA8DA25292B50104C2AB01E4E6EBE4897599E34CB3,4F19DBFC5092D5829C4922B46BE169FA8F1AF81A217FBC68FA0F0263C2872BED,8f13115015bbe9f951f14040bedcaa87eee56e43b0d027d9fa122313a9cbfbc2
200_2_3_1,20260820,100,initial-populations/200_2_3_1/seed-20260820.fourvec,ad579ea332bdd490645c8050e1d3508e1b462ed3b60a57538de6ae1d168117d2,c8a5a0dd3910f43aa89d5777b010864b52816de7d09aa1e4c1fdc832ddcdf9df,6dedefb643b3b64a7fe03b0746d17e25d148ff0c340cb9de5ed239185032d349,9113794C1DB67F4DAFA1BDCC970CD8C64B99919F01AFA970243588C55B99B48D,443BA0E8CB1548F9AC1877AA8DA25292B50104C2AB01E4E6EBE4897599E34CB3,4F19DBFC5092D5829C4922B46BE169FA8F1AF81A217FBC68FA0F0263C2872BED,8f13115015bbe9f951f14040bedcaa87eee56e43b0d027d9fa122313a9cbfbc2
200_2_3_1,20260821,100,initial-populations/200_2_3_1/seed-20260821.fourvec,e8e69c7fa3445c437c507bc79ebbc39efb89072c1b94a5477404d67773556f1d,b39e00dc9abe0402a8b09f462e6b0302676335b228eb4a63ba9811c57d858238,f4db9014eca26970335b4f6502d245e3a91dd7ab9c17fa219671e07683103a69,9113794C1DB67F4DAFA1BDCC970CD8C64B99919F01AFA970243588C55B99B48D,443BA0E8CB1548F9AC1877AA8DA25292B50104C2AB01E4E6EBE4897599E34CB3,4F19DBFC5092D5829C4922B46BE169FA8F1AF81A217FBC68FA0F0263C2872BED,8f13115015bbe9f951f14040bedcaa87eee56e43b0d027d9fa122313a9cbfbc2
200_2_3_1,20260822,100,initial-populations/200_2_3_1/seed-20260822.fourvec,e6acc210ab29073d066ab805ddfdc6ea0da2f23edae976c8a632a86a19cae26d,6539c668a1f9ec6a7e59161c2385dfdb80e72f08e1477d9559a48f0fbf3781bd,b61abe5e916e6bd23d5f9167cbadddf5c5b52a4cd9d59d5401a8703ce0cf504f,9113794C1DB67F4DAFA1BDCC970CD8C64B99919F01AFA970243588C55B99B48D,443BA0E8CB1548F9AC1877AA8DA25292B50104C2AB01E4E6EBE4897599E34CB3,4F19DBFC5092D5829C4922B46BE169FA8F1AF81A217FBC68FA0F0263C2872BED,8f13115015bbe9f951f14040bedcaa87eee56e43b0d027d9fa122313a9cbfbc2
200_2_3_1,20260823,100,initial-populations/200_2_3_1/seed-20260823.fourvec,e73a0053ce66d3f418f70d0007b86cbd26e3e40f26504e878d0ef5065cb5867d,8ac794ae2562e246fafc0e7ce270572f4bc7e4e172b1089357f5fc40bb0184b7,a5c7bde5bf6a955a3d7c21fb5e3e00a11ec35582adc13f65b4cfa5dc39999c26,9113794C1DB67F4DAFA1BDCC970CD8C64B99919F01AFA970243588C55B99B48D,443BA0E8CB1548F9AC1877AA8DA25292B50104C2AB01E4E6EBE4897599E34CB3,4F19DBFC5092D5829C4922B46BE169FA8F1AF81A217FBC68FA0F0263C2872BED,8f13115015bbe9f951f14040bedcaa87eee56e43b0d027d9fa122313a9cbfbc2
200_2_3_1,20260824,100,initial-populations/200_2_3_1/seed-20260824.fourvec,1fd28dc2095f909edda2015532a4bcfbfc528b5bebffbc99cc16c76eda6f8729,181706d2a1038821e7ce760e4614417df7e531ed451e1af94e62496f45be697b,3f82ffc38df099d19330982eb317f3db144456fbe4499eda81ba50da37ec331f,9113794C1DB67F4DAFA1BDCC970CD8C64B99919F01AFA970243588C55B99B48D,443BA0E8CB1548F9AC1877AA8DA25292B50104C2AB01E4E6EBE4897599E34CB3,4F19DBFC5092D5829C4922B46BE169FA8F1AF81A217FBC68FA0F0263C2872BED,8f13115015bbe9f951f14040bedcaa87eee56e43b0d027d9fa122313a9cbfbc2
200_2_3_1,20260825,100,initial-populations/200_2_3_1/seed-20260825.fourvec,a70524c986e9b2e1cce5e7cef55f59b773bf502d1c4a7c6a033a51f0d234744f,9c4a78ea0c7df1f7f659d19e3c292f471f9e6101a6fed331e73bbcfe9263f166,73ff7832175198a3b487fcff47905a3db02c630795e3718a63fa88d0d46dbe82,9113794C1DB67F4DAFA1BDCC970CD8C64B99919F01AFA970243588C55B99B48D,443BA0E8CB1548F9AC1877AA8DA25292B50104C2AB01E4E6EBE4897599E34CB3,4F19DBFC5092D5829C4922B46BE169FA8F1AF81A217FBC68FA0F0263C2872BED,8f13115015bbe9f951f14040bedcaa87eee56e43b0d027d9fa122313a9cbfbc2
200_2_3_1,20260826,100,initial-populations/200_2_3_1/seed-20260826.fourvec,c73638068afe96bbbd8795efffd5acc3dc266203cdc255adbb311dbeb3a48f0c,1f5ecfe7ffeb4ecb06f024b03ffa42d40182faa799ea0d130c29bd7200c04860,1f017bf555e015fc2d3daee4864248d528b1ef90868482f076b7826ec4b99789,9113794C1DB67F4DAFA1BDCC970CD8C64B99919F01AFA970243588C55B99B48D,443BA0E8CB1548F9AC1877AA8DA25292B50104C2AB01E4E6EBE4897599E34CB3,4F19DBFC5092D5829C4922B46BE169FA8F1AF81A217FBC68FA0F0263C2872BED,8f13115015bbe9f951f14040bedcaa87eee56e43b0d027d9fa122313a9cbfbc2
200_2_3_1,20260827,100,initial-populations/200_2_3_1/seed-20260827.fourvec,a56415e301954dda25d6027228ec182e486a8917874d5a2d0ee95e3d40273503,9ff5d370c9ffff018f5659f80e9b24115f90664118f2a69d52935f57d70f0716,dfa8996c438291f962bab69c95c0e4f329d149cd4629fdb483ca97304f4d24b5,9113794C1DB67F4DAFA1BDCC970CD8C64B99919F01AFA970243588C55B99B48D,443BA0E8CB1548F9AC1877AA8DA25292B50104C2AB01E4E6EBE4897599E34CB3,4F19DBFC5092D5829C4922B46BE169FA8F1AF81A217FBC68FA0F0263C2872BED,8f13115015bbe9f951f14040bedcaa87eee56e43b0d027d9fa122313a9cbfbc2
200_2_4_1,20260808,100,initial-populations/200_2_4_1/seed-20260808.fourvec,a7daac31a597d8b53aa8fd1fd397cb81bb7f032ee2cc98dd432d2434a2667104,6e226d79075d9e589089f5e943e0afc59ecc5d5b5faec4cb4fe9334a763ec62e,060d0064045f2951799cab0f02cfb61b991f34d13e5fae76a75374ea7674b072,5FA9B04919F380E7C579C21EC79F607658262BBEF00A8A5131F618C61BA2F0FF,7DDCB35876717E95FBF02A9E119194060AE5213AC7A0287F2AF3510C2BA863C8,EBF3FA8C3A0CA3B50551F1996C2FE4FAA009B1D6D9DC7959F484940A2D619AEB,67515f07b77e079c73de4a41edf638c505bc98c020f2d34a6b4e828bb8c3b21c
200_2_4_1,20260809,100,initial-populations/200_2_4_1/seed-20260809.fourvec,8d875d6f7012b8306e1c30d6b73eff3246c0ea10917f6e29d7f96b6d174db33b,3417621aad336724513a73ac268bea14358e64eb37adc7da90ef83992ab5df54,dd220d8b1236e72ed406c7e2b3cba8bc55e5fbf6fcaccbae5b9140404b9efcf8,5FA9B04919F380E7C579C21EC79F607658262BBEF00A8A5131F618C61BA2F0FF,7DDCB35876717E95FBF02A9E119194060AE5213AC7A0287F2AF3510C2BA863C8,EBF3FA8C3A0CA3B50551F1996C2FE4FAA009B1D6D9DC7959F484940A2D619AEB,67515f07b77e079c73de4a41edf638c505bc98c020f2d34a6b4e828bb8c3b21c
200_2_4_1,20260810,100,initial-populations/200_2_4_1/seed-20260810.fourvec,01047d15ffac7beb59421b52ccac3d86c0c726ae03baead2b45faf0a6ea8f055,3654e09906492eb11f03a8924a518727dbb633f4217ad1f151e454472bf2bcf6,46337d1acdeb78cb54f059d0a9e74f2be10cffaf41cdf128ec0892e241b4443d,5FA9B04919F380E7C579C21EC79F607658262BBEF00A8A5131F618C61BA2F0FF,7DDCB35876717E95FBF02A9E119194060AE5213AC7A0287F2AF3510C2BA863C8,EBF3FA8C3A0CA3B50551F1996C2FE4FAA009B1D6D9DC7959F484940A2D619AEB,67515f07b77e079c73de4a41edf638c505bc98c020f2d34a6b4e828bb8c3b21c
200_2_4_1,20260811,100,initial-populations/200_2_4_1/seed-20260811.fourvec,26e1b582c23f01fd207f4f9cf0bf5c002594a165b50baf8bdb99cdbec7674a0c,9d6f9053093b3fe0aef29710fe3d44a4baa42a6cf3e66523321b31877348140d,74785602ac3f0e3f45b9b23eff50f14758905ec35f2eddaa653c600ec7212105,5FA9B04919F380E7C579C21EC79F607658262BBEF00A8A5131F618C61BA2F0FF,7DDCB35876717E95FBF02A9E119194060AE5213AC7A0287F2AF3510C2BA863C8,EBF3FA8C3A0CA3B50551F1996C2FE4FAA009B1D6D9DC7959F484940A2D619AEB,67515f07b77e079c73de4a41edf638c505bc98c020f2d34a6b4e828bb8c3b21c
200_2_4_1,20260812,100,initial-populations/200_2_4_1/seed-20260812.fourvec,1e4f80a61dba51a05ad002674a79a3bfd3c38d685d1117a72febf21704b77300,5465429870f6bacd330c1a8f9fd7fba7a85f09ecadc9c7089e6e1bbf01e57505,b6547f9252f6aced4a70bb6b136a2ec1f1cd42350829487b80ad2456da023757,5FA9B04919F380E7C579C21EC79F607658262BBEF00A8A5131F618C61BA2F0FF,7DDCB35876717E95FBF02A9E119194060AE5213AC7A0287F2AF3510C2BA863C8,EBF3FA8C3A0CA3B50551F1996C2FE4FAA009B1D6D9DC7959F484940A2D619AEB,67515f07b77e079c73de4a41edf638c505bc98c020f2d34a6b4e828bb8c3b21c
200_2_4_1,20260813,100,initial-populations/200_2_4_1/seed-20260813.fourvec,d5ea456e5156f2a0fafe3fbd95de8f9dec2e09cef1c5a719680c9cbf109df6d4,e79aa274865f057ae9aca5c2fb5bef61a0022293df4cdfe9b060ca40204c1b47,fee14bdca5561e8f1bc054642e3dce4344419eb84e2337069dc1e39b4dbb299d,5FA9B04919F380E7C579C21EC79F607658262BBEF00A8A5131F618C61BA2F0FF,7DDCB35876717E95FBF02A9E119194060AE5213AC7A0287F2AF3510C2BA863C8,EBF3FA8C3A0CA3B50551F1996C2FE4FAA009B1D6D9DC7959F484940A2D619AEB,67515f07b77e079c73de4a41edf638c505bc98c020f2d34a6b4e828bb8c3b21c
200_2_4_1,20260814,100,initial-populations/200_2_4_1/seed-20260814.fourvec,8a3cb575ee9669ed47569277500088250b4f28158b85a98d5cf01656e8192cf8,7b06c81ff276527427f99f419c2593c29881650b61c85923e49ff699b668b8f3,5d661ab7a6e12a312af2527b8870bcc2cea4d03c5a636978f8e9a08032ec1f35,5FA9B04919F380E7C579C21EC79F607658262BBEF00A8A5131F618C61BA2F0FF,7DDCB35876717E95FBF02A9E119194060AE5213AC7A0287F2AF3510C2BA863C8,EBF3FA8C3A0CA3B50551F1996C2FE4FAA009B1D6D9DC7959F484940A2D619AEB,67515f07b77e079c73de4a41edf638c505bc98c020f2d34a6b4e828bb8c3b21c
200_2_4_1,20260815,100,initial-populations/200_2_4_1/seed-20260815.fourvec,7a6a982cbb94f1024cde5741fea3bd04d3a3b16bf340876347545ae096623d6a,d30e78b448e9e121b09f39cda779da71c9f30d6df32e85ce96673d1f983775a5,d97a1d9ce68a77f7f441ddaa3d3615cb561e91ccbf99d091faa806848f2b8927,5FA9B04919F380E7C579C21EC79F607658262BBEF00A8A5131F618C61BA2F0FF,7DDCB35876717E95FBF02A9E119194060AE5213AC7A0287F2AF3510C2BA863C8,EBF3FA8C3A0CA3B50551F1996C2FE4FAA009B1D6D9DC7959F484940A2D619AEB,67515f07b77e079c73de4a41edf638c505bc98c020f2d34a6b4e828bb8c3b21c
200_2_4_1,20260816,100,initial-populations/200_2_4_1/seed-20260816.fourvec,97a26baa435a8263037f414ebbcccea66a426cbd5b0cdc4a1c2101dc48bc6740,4882332f71bf334bd7e9dc56c32421bd90e5bb6c34bb1dded44695b14d8509c9,79e8fbae577c9ed30b5d12424c5e49d08f35e2440bd3c34ef27a2b4d57145f41,5FA9B04919F380E7C579C21EC79F607658262BBEF00A8A5131F618C61BA2F0FF,7DDCB35876717E95FBF02A9E119194060AE5213AC7A0287F2AF3510C2BA863C8,EBF3FA8C3A0CA3B50551F1996C2FE4FAA009B1D6D9DC7959F484940A2D619AEB,67515f07b77e079c73de4a41edf638c505bc98c020f2d34a6b4e828bb8c3b21c
200_2_4_1,20260817,100,initial-populations/200_2_4_1/seed-20260817.fourvec,e256518e8d31b68f8cbf89ad005e1c3b17c132e4119b01957bcb5f6d0fb46513,7319a268b35c6c59a68896af5aa8b8149c216e05b44466eb6f894a1446c7264a,d40fa58f5cec61094d03494376b62dd957068a07435c4e3a9e7992297ee8c8a9,5FA9B04919F380E7C579C21EC79F607658262BBEF00A8A5131F618C61BA2F0FF,7DDCB35876717E95FBF02A9E119194060AE5213AC7A0287F2AF3510C2BA863C8,EBF3FA8C3A0CA3B50551F1996C2FE4FAA009B1D6D9DC7959F484940A2D619AEB,67515f07b77e079c73de4a41edf638c505bc98c020f2d34a6b4e828bb8c3b21c
200_2_4_1,20260818,100,initial-populations/200_2_4_1/seed-20260818.fourvec,9d733903559b35ef77f0f5ef67412d37c729dab8bba7d918231183a33abe9edd,738b54034e669006252b2f74619a1c5facadc292c25b9a4bd8cc42d04102d5b6,7c1426e06dee8809ab908aaaada45d86fa3cc518bba0b29603fb790beb687db6,5FA9B04919F380E7C579C21EC79F607658262BBEF00A8A5131F618C61BA2F0FF,7DDCB35876717E95FBF02A9E119194060AE5213AC7A0287F2AF3510C2BA863C8,EBF3FA8C3A0CA3B50551F1996C2FE4FAA009B1D6D9DC7959F484940A2D619AEB,67515f07b77e079c73de4a41edf638c505bc98c020f2d34a6b4e828bb8c3b21c
200_2_4_1,20260819,100,initial-populations/200_2_4_1/seed-20260819.fourvec,dad921884db0b84b88d38183decbfd3ac79ea4d99985ee4f7f66684ad5f1fdb1,90c8935977f272a4e460484baad618e34294e57a23f49a78e24c1e5200f7d3c1,aa4c205af54c67540dc38b493e3bf3140f3fecab50c11c49890429924af2961a,5FA9B04919F380E7C579C21EC79F607658262BBEF00A8A5131F618C61BA2F0FF,7DDCB35876717E95FBF02A9E119194060AE5213AC7A0287F2AF3510C2BA863C8,EBF3FA8C3A0CA3B50551F1996C2FE4FAA009B1D6D9DC7959F484940A2D619AEB,67515f07b77e079c73de4a41edf638c505bc98c020f2d34a6b4e828bb8c3b21c
200_2_4_1,20260820,100,initial-populations/200_2_4_1/seed-20260820.fourvec,ac704354d5238eefd65cf0d71fe21fb8630a89b30b691bdf2fcf3660c6e3d15a,67f834cd300ff898c551c4450d40e62040b00bc927cf78968f89f7ee0ffbf8ea,0e9706171cda5d25931749b3c9b90c495dd530f6d45245eac452b743a83225e0,5FA9B04919F380E7C579C21EC79F607658262BBEF00A8A5131F618C61BA2F0FF,7DDCB35876717E95FBF02A9E119194060AE5213AC7A0287F2AF3510C2BA863C8,EBF3FA8C3A0CA3B50551F1996C2FE4FAA009B1D6D9DC7959F484940A2D619AEB,67515f07b77e079c73de4a41edf638c505bc98c020f2d34a6b4e828bb8c3b21c
200_2_4_1,20260821,100,initial-populations/200_2_4_1/seed-20260821.fourvec,d45ba3aa6cbe40bdffe95f39c421cc533f4ad16b820c68e68fc0c2d1dc33b889,27ad6e3de50388275554faf3f539e022dbdb769941cec5ae8924c98b9bb99cf7,ee73376e813a7faab75b0132dc3f15f4eb6405a8074772aa1ef12dbc1e01bd83,5FA9B04919F380E7C579C21EC79F607658262BBEF00A8A5131F618C61BA2F0FF,7DDCB35876717E95FBF02A9E119194060AE5213AC7A0287F2AF3510C2BA863C8,EBF3FA8C3A0CA3B50551F1996C2FE4FAA009B1D6D9DC7959F484940A2D619AEB,67515f07b77e079c73de4a41edf638c505bc98c020f2d34a6b4e828bb8c3b21c
200_2_4_1,20260822,100,initial-populations/200_2_4_1/seed-20260822.fourvec,a13289c8a4d1a1913f45db35da468a601d148f47415ea1871d737e547fa075d1,be418c5ffdb66531379f0970337e99cbb4fc78a94ab0cf2982d5f12bd2dae21e,5c531b9e64d67188c46b6e2733c967191525922f875910b0a4552a3bf4f17dfd,5FA9B04919F380E7C579C21EC79F607658262BBEF00A8A5131F618C61BA2F0FF,7DDCB35876717E95FBF02A9E119194060AE5213AC7A0287F2AF3510C2BA863C8,EBF3FA8C3A0CA3B50551F1996C2FE4FAA009B1D6D9DC7959F484940A2D619AEB,67515f07b77e079c73de4a41edf638c505bc98c020f2d34a6b4e828bb8c3b21c
200_2_4_1,20260823,100,initial-populations/200_2_4_1/seed-20260823.fourvec,833d6d60d90c668d585c8422b3bc92cf75681b44aaa2bffa193e5eb45d1c2872,299a1e58152884a939fd6e3bf6e1828fd47807622dc1d74223349cd56c0e65da,76d1bb10ef1662d4747d1a6661f5d961cba65064e14738eec479ac9386664e6c,5FA9B04919F380E7C579C21EC79F607658262BBEF00A8A5131F618C61BA2F0FF,7DDCB35876717E95FBF02A9E119194060AE5213AC7A0287F2AF3510C2BA863C8,EBF3FA8C3A0CA3B50551F1996C2FE4FAA009B1D6D9DC7959F484940A2D619AEB,67515f07b77e079c73de4a41edf638c505bc98c020f2d34a6b4e828bb8c3b21c
200_2_4_1,20260824,100,initial-populations/200_2_4_1/seed-20260824.fourvec,d79f02f172e72fede5e17f9e03286251b8c99b2b921ae5396488d5412bddf06a,c97fc1bcb3d62965982a630421d3e7689026bb9c9f79c2f66f8cc8094ebd645f,27b64a12cb6019324da52963bb45e3bb1282fc6d33744caa90038af702a8be55,5FA9B04919F380E7C579C21EC79F607658262BBEF00A8A5131F618C61BA2F0FF,7DDCB35876717E95FBF02A9E119194060AE5213AC7A0287F2AF3510C2BA863C8,EBF3FA8C3A0CA3B50551F1996C2FE4FAA009B1D6D9DC7959F484940A2D619AEB,67515f07b77e079c73de4a41edf638c505bc98c020f2d34a6b4e828bb8c3b21c
200_2_4_1,20260825,100,initial-populations/200_2_4_1/seed-20260825.fourvec,644738b092d9210baedc69bb3d763661e1a27f4426be5c0fa1f1e29233d7cd8b,b1ebe4ca6c68b8375c10b81d68a5761f67353910c288c3d23e915aa879adf1ce,ba1dc171ad1056ad75b27b556be7a39c344dfeb2397d21f861cba626bc4f03b4,5FA9B04919F380E7C579C21EC79F607658262BBEF00A8A5131F618C61BA2F0FF,7DDCB35876717E95FBF02A9E119194060AE5213AC7A0287F2AF3510C2BA863C8,EBF3FA8C3A0CA3B50551F1996C2FE4FAA009B1D6D9DC7959F484940A2D619AEB,67515f07b77e079c73de4a41edf638c505bc98c020f2d34a6b4e828bb8c3b21c
200_2_4_1,20260826,100,initial-populations/200_2_4_1/seed-20260826.fourvec,08da12058d797e85a10744a9254a2506c598faf7d458b5251ab90a338c1aa89d,feecec704b505180783a816867a6b3be03be5de132c95d8452ccf2cbb3a7c207,306f417f72b499792d6f38dd0a47476769c54b76d1f6a5c19202f4e6bb67522f,5FA9B04919F380E7C579C21EC79F607658262BBEF00A8A5131F618C61BA2F0FF,7DDCB35876717E95FBF02A9E119194060AE5213AC7A0287F2AF3510C2BA863C8,EBF3FA8C3A0CA3B50551F1996C2FE4FAA009B1D6D9DC7959F484940A2D619AEB,67515f07b77e079c73de4a41edf638c505bc98c020f2d34a6b4e828bb8c3b21c
200_2_4_1,20260827,100,initial-populations/200_2_4_1/seed-20260827.fourvec,3dcc2e3ff4f8d1ebfb1b6ead584e5740d968321af97ae0f1a79fad9adb33db69,4ddb1cbbd49585e0b75926046516ec88970ff53f3e91bca83ef92333c7602cb5,89f3ec4c0f5fb5b441cb119b7c2d0da3f0a5f3b5596b48ffacb238b543712e0b,5FA9B04919F380E7C579C21EC79F607658262BBEF00A8A5131F618C61BA2F0FF,7DDCB35876717E95FBF02A9E119194060AE5213AC7A0287F2AF3510C2BA863C8,EBF3FA8C3A0CA3B50551F1996C2FE4FAA009B1D6D9DC7959F484940A2D619AEB,67515f07b77e079c73de4a41edf638c505bc98c020f2d34a6b4e828bb8c3b21c
200_2_5_1,20260808,100,initial-populations/200_2_5_1/seed-20260808.fourvec,64fbac160f515b752c97062e7567624bb53f53c579394b90e62a191739ef85fd,dc48dae5509645ff4d345a58a892754f359aefae850e31bbd9ab7e465e0c988e,ab35cdb9b66212269e5a89b3689de4f62d73bc4a8f278526363ff30cea429acc,503A9D7F5B0E945CF7462B4C836BBB1DF5A9558228782CBE7F4CD4BCF0E14DF8,F1DA3F4E126CCF38D3F3002BD4B875EEC2EACAEECF934C78E9693A1FCE870039,61AC517C780EC107D79B4266B2D4A8D46CB60BC822A09EC1A01F506C97738746,039013bf987e3d97805c56cbd26ecdc0a41159ab4e046fb74ae0791fb2039c30
200_2_5_1,20260809,100,initial-populations/200_2_5_1/seed-20260809.fourvec,b3288edd9cd20ef955412f3d46dc56001c3dfdbf9c933c9bef74f03ead40371a,5fa3470052031b7ac69c5fb6e114aa81b57777cfdbbfb9a372be1ec955a90d92,832705eebc6c7856b92091cf8ebc03780d54e5d30269241dcf94e099def745fc,503A9D7F5B0E945CF7462B4C836BBB1DF5A9558228782CBE7F4CD4BCF0E14DF8,F1DA3F4E126CCF38D3F3002BD4B875EEC2EACAEECF934C78E9693A1FCE870039,61AC517C780EC107D79B4266B2D4A8D46CB60BC822A09EC1A01F506C97738746,039013bf987e3d97805c56cbd26ecdc0a41159ab4e046fb74ae0791fb2039c30
200_2_5_1,20260810,100,initial-populations/200_2_5_1/seed-20260810.fourvec,312431a313672352c06dc0730555cc119ccd71b75be575413d5bfbc34ea81508,8f8f3799a84c70d79aa1495d22bb74e00c598b346e0d13ef1a8bbefc0143217c,db40ce4f6e053b052926096d4dcfb1eb83191e2ce7b50afa094c614748adef5f,503A9D7F5B0E945CF7462B4C836BBB1DF5A9558228782CBE7F4CD4BCF0E14DF8,F1DA3F4E126CCF38D3F3002BD4B875EEC2EACAEECF934C78E9693A1FCE870039,61AC517C780EC107D79B4266B2D4A8D46CB60BC822A09EC1A01F506C97738746,039013bf987e3d97805c56cbd26ecdc0a41159ab4e046fb74ae0791fb2039c30
200_2_5_1,20260811,100,initial-populations/200_2_5_1/seed-20260811.fourvec,334cc31940963fa068cd70c9d22f0be50322959d829556050848e378626375ba,b2593840e8941bdd93a1576d593d07ae7a1e4d0336157c029b9f8250acef6521,b019619463e1bc71d619cdbd941a5396df3cfcf0d6c5f5b2f14abd839b2816f9,503A9D7F5B0E945CF7462B4C836BBB1DF5A9558228782CBE7F4CD4BCF0E14DF8,F1DA3F4E126CCF38D3F3002BD4B875EEC2EACAEECF934C78E9693A1FCE870039,61AC517C780EC107D79B4266B2D4A8D46CB60BC822A09EC1A01F506C97738746,039013bf987e3d97805c56cbd26ecdc0a41159ab4e046fb74ae0791fb2039c30
200_2_5_1,20260812,100,initial-populations/200_2_5_1/seed-20260812.fourvec,209253257de332ffaa6d07420bbe43adee543cf77593bca6dd60bc600643c735,c4dff45f341ca181f65e3182de009db47f9d5e6e6b2544bb19e19b997adde365,19281a5ea642a4f1d0b0a856304b1823e6add740b6faa4441a8f2f81bab19409,503A9D7F5B0E945CF7462B4C836BBB1DF5A9558228782CBE7F4CD4BCF0E14DF8,F1DA3F4E126CCF38D3F3002BD4B875EEC2EACAEECF934C78E9693A1FCE870039,61AC517C780EC107D79B4266B2D4A8D46CB60BC822A09EC1A01F506C97738746,039013bf987e3d97805c56cbd26ecdc0a41159ab4e046fb74ae0791fb2039c30
200_2_5_1,20260813,100,initial-populations/200_2_5_1/seed-20260813.fourvec,4369c10d0a63f4c30dc0e19c94dfec708b90b99e78de114a9decbb8dcfe70a1a,1493eca775e68bf93bcf4898631a22c04987fba49c7a9e3c5b27950b61865064,303ac486194aa8075c28d7b61f683a38d3a9e3de014ab7c5131a984d6ac2f50b,503A9D7F5B0E945CF7462B4C836BBB1DF5A9558228782CBE7F4CD4BCF0E14DF8,F1DA3F4E126CCF38D3F3002BD4B875EEC2EACAEECF934C78E9693A1FCE870039,61AC517C780EC107D79B4266B2D4A8D46CB60BC822A09EC1A01F506C97738746,039013bf987e3d97805c56cbd26ecdc0a41159ab4e046fb74ae0791fb2039c30
200_2_5_1,20260814,100,initial-populations/200_2_5_1/seed-20260814.fourvec,fff7bcb02a3dcc8b1c12b918afad465f5a548b11fcf6ba5df875775598eb6746,549e1609618549a9f54511bab791034d8aa7714bcf8b9211483f056c8c6e12d0,c301aa382e203ca389f39a507930734adf15aabccc3d777716900a371aacf48d,503A9D7F5B0E945CF7462B4C836BBB1DF5A9558228782CBE7F4CD4BCF0E14DF8,F1DA3F4E126CCF38D3F3002BD4B875EEC2EACAEECF934C78E9693A1FCE870039,61AC517C780EC107D79B4266B2D4A8D46CB60BC822A09EC1A01F506C97738746,039013bf987e3d97805c56cbd26ecdc0a41159ab4e046fb74ae0791fb2039c30
200_2_5_1,20260815,100,initial-populations/200_2_5_1/seed-20260815.fourvec,525e0c7c327f3f5cb59f01d87619e55f6fa71c062e07e5568c66fee48635eec9,f5fe7febdab99092d0b164c92f07ed1d603d2da3f720a07a4dd20aa21caea963,fab78b0c8b97051217b32c1fedcd49a253b62ef8b2a476f932b07e1af06068b5,503A9D7F5B0E945CF7462B4C836BBB1DF5A9558228782CBE7F4CD4BCF0E14DF8,F1DA3F4E126CCF38D3F3002BD4B875EEC2EACAEECF934C78E9693A1FCE870039,61AC517C780EC107D79B4266B2D4A8D46CB60BC822A09EC1A01F506C97738746,039013bf987e3d97805c56cbd26ecdc0a41159ab4e046fb74ae0791fb2039c30
200_2_5_1,20260816,100,initial-populations/200_2_5_1/seed-20260816.fourvec,90df24d2030b6d1ed5f7525b0393e35fd65315fa9b619348f8a72aa28d492189,2f32108b96993fe497454645988bc9973d75243364231000f7578cd0bbfb694c,14e7fb4602baf17dd036c62bf4e26e6229b9c2d47ad7db7d3b3f83ceaf435298,503A9D7F5B0E945CF7462B4C836BBB1DF5A9558228782CBE7F4CD4BCF0E14DF8,F1DA3F4E126CCF38D3F3002BD4B875EEC2EACAEECF934C78E9693A1FCE870039,61AC517C780EC107D79B4266B2D4A8D46CB60BC822A09EC1A01F506C97738746,039013bf987e3d97805c56cbd26ecdc0a41159ab4e046fb74ae0791fb2039c30
200_2_5_1,20260817,100,initial-populations/200_2_5_1/seed-20260817.fourvec,589da5fbe96487fdc49572f3b7e992ab09cef36a6847e3f954adcd61a6e779fd,be79aa1feb55534a961229616a31f4cdab4d3c4bed9f65290102e6d12f9a35da,90113302f449e23fb81a28c14d4f6cb30fbcb286d065cb5f6dc587e7df1dc74a,503A9D7F5B0E945CF7462B4C836BBB1DF5A9558228782CBE7F4CD4BCF0E14DF8,F1DA3F4E126CCF38D3F3002BD4B875EEC2EACAEECF934C78E9693A1FCE870039,61AC517C780EC107D79B4266B2D4A8D46CB60BC822A09EC1A01F506C97738746,039013bf987e3d97805c56cbd26ecdc0a41159ab4e046fb74ae0791fb2039c30
200_2_5_1,20260818,100,initial-populations/200_2_5_1/seed-20260818.fourvec,692e55e1d04d5a9c5dfd6e98b1caea9f4f3140232ccb5aca808f95716361365f,d726f360083830b4cb4519becf53ffb4764cb10433c2b2922ad5ad9cac285309,4859e5c88b3c47f0eb90a5a1e622d403e274aabc153c2df033260b96bcbfb972,503A9D7F5B0E945CF7462B4C836BBB1DF5A9558228782CBE7F4CD4BCF0E14DF8,F1DA3F4E126CCF38D3F3002BD4B875EEC2EACAEECF934C78E9693A1FCE870039,61AC517C780EC107D79B4266B2D4A8D46CB60BC822A09EC1A01F506C97738746,039013bf987e3d97805c56cbd26ecdc0a41159ab4e046fb74ae0791fb2039c30
200_2_5_1,20260819,100,initial-populations/200_2_5_1/seed-20260819.fourvec,6fab091ca6771e83af8e263ee27faed0dab201ae186abbdfd7683f8cde978399,1e73f971a3bc3c1dcc7ec0856a5e5e851a2dfd16a3eaa30a688fa9685542a501,07c5bfa5fd9c66eb28a1fce8cef939eaa3e167d78fda7e9c676f2ab913f6c2d3,503A9D7F5B0E945CF7462B4C836BBB1DF5A9558228782CBE7F4CD4BCF0E14DF8,F1DA3F4E126CCF38D3F3002BD4B875EEC2EACAEECF934C78E9693A1FCE870039,61AC517C780EC107D79B4266B2D4A8D46CB60BC822A09EC1A01F506C97738746,039013bf987e3d97805c56cbd26ecdc0a41159ab4e046fb74ae0791fb2039c30
200_2_5_1,20260820,100,initial-populations/200_2_5_1/seed-20260820.fourvec,edc7ad9202a27981f2e2bcb440cb2f9af9df34cd6e7960166ca1736637db30bb,955bf06ea02569f990bfbf99584a641af1ea7ef726e7f40ffbb2f8d3fd13ef57,25a3d993ae12046fdca19df0d3c39c7ecf7ca29a399c7e03e5ad07ddc298d9d4,503A9D7F5B0E945CF7462B4C836BBB1DF5A9558228782CBE7F4CD4BCF0E14DF8,F1DA3F4E126CCF38D3F3002BD4B875EEC2EACAEECF934C78E9693A1FCE870039,61AC517C780EC107D79B4266B2D4A8D46CB60BC822A09EC1A01F506C97738746,039013bf987e3d97805c56cbd26ecdc0a41159ab4e046fb74ae0791fb2039c30
200_2_5_1,20260821,100,initial-populations/200_2_5_1/seed-20260821.fourvec,8f847bd0e9267605dd000f32ee96f64c1c55e4d045120e0eab08e96100c092dc,e937dba208db67637eaaf6c1d1332bfbe3c7db97a4a51b2cdb69ac8d2c03837d,fec3acaae64bf0a193d370bca68c3a0ab47ca4a5c2f0f22016dd0fef30b7d884,503A9D7F5B0E945CF7462B4C836BBB1DF5A9558228782CBE7F4CD4BCF0E14DF8,F1DA3F4E126CCF38D3F3002BD4B875EEC2EACAEECF934C78E9693A1FCE870039,61AC517C780EC107D79B4266B2D4A8D46CB60BC822A09EC1A01F506C97738746,039013bf987e3d97805c56cbd26ecdc0a41159ab4e046fb74ae0791fb2039c30
200_2_5_1,20260822,100,initial-populations/200_2_5_1/seed-20260822.fourvec,22522118705154ff68ca28ef92b10ab3443764e84a864e4c3f49a6c83eca9d1a,2e1976ab7d6b1e31e5f228479dec7aaf600dae1a72e7e37202e6653f226f26cb,e076157e7f3c880d00031912161607a8e3d539a06ddf5d7670132374a58b641b,503A9D7F5B0E945CF7462B4C836BBB1DF5A9558228782CBE7F4CD4BCF0E14DF8,F1DA3F4E126CCF38D3F3002BD4B875EEC2EACAEECF934C78E9693A1FCE870039,61AC517C780EC107D79B4266B2D4A8D46CB60BC822A09EC1A01F506C97738746,039013bf987e3d97805c56cbd26ecdc0a41159ab4e046fb74ae0791fb2039c30
200_2_5_1,20260823,100,initial-populations/200_2_5_1/seed-20260823.fourvec,d239b3b7e5abcc206aba104dc04919248e8cd0faead1f3b7fc8ee7f29c2e4ecc,45248e0890ac957b71f4d0984576758e2853cf1d860fc45f4e13ebc29d24215e,af9e3c1fedaeb65eb300a0ce34ddb97082a69cfb31dd726d203412ed6ab8884f,503A9D7F5B0E945CF7462B4C836BBB1DF5A9558228782CBE7F4CD4BCF0E14DF8,F1DA3F4E126CCF38D3F3002BD4B875EEC2EACAEECF934C78E9693A1FCE870039,61AC517C780EC107D79B4266B2D4A8D46CB60BC822A09EC1A01F506C97738746,039013bf987e3d97805c56cbd26ecdc0a41159ab4e046fb74ae0791fb2039c30
200_2_5_1,20260824,100,initial-populations/200_2_5_1/seed-20260824.fourvec,6b4aa5a45b532423800e764e54245abfea290918ebf1a96f537914e95007b5cf,20cc5dafda497164797e685871d668f6fb0825a7fd5bf4a10bec8d7bc4afe3f3,0c51d75aed226571f18739565afc64a71a6e0947eb41c8488d4b0ec06b0cc98c,503A9D7F5B0E945CF7462B4C836BBB1DF5A9558228782CBE7F4CD4BCF0E14DF8,F1DA3F4E126CCF38D3F3002BD4B875EEC2EACAEECF934C78E9693A1FCE870039,61AC517C780EC107D79B4266B2D4A8D46CB60BC822A09EC1A01F506C97738746,039013bf987e3d97805c56cbd26ecdc0a41159ab4e046fb74ae0791fb2039c30
200_2_5_1,20260825,100,initial-populations/200_2_5_1/seed-20260825.fourvec,d76d1aabc97c094858df117630c3344b0828220a14928b6a7cd93b22dd5b0859,0194708fa3ce6858720bceb3b75496eb321839f55afccf5857e3fb9547789798,29de307e574fc94e7421c2aa19570ce4636f8914ec516334be80ff539e26ea48,503A9D7F5B0E945CF7462B4C836BBB1DF5A9558228782CBE7F4CD4BCF0E14DF8,F1DA3F4E126CCF38D3F3002BD4B875EEC2EACAEECF934C78E9693A1FCE870039,61AC517C780EC107D79B4266B2D4A8D46CB60BC822A09EC1A01F506C97738746,039013bf987e3d97805c56cbd26ecdc0a41159ab4e046fb74ae0791fb2039c30
200_2_5_1,20260826,100,initial-populations/200_2_5_1/seed-20260826.fourvec,cb13f423911a2f0d33f95d07ba2033d340393cdde90ed0edcb877848d532ae9b,a702308027bf26f9e587c58fca901bbf529d809ec18b81c7d1823527646c8a05,efa9eeb65c5166052f1ab57960bd4b993435a8840641545747a9e3e1ac517810,503A9D7F5B0E945CF7462B4C836BBB1DF5A9558228782CBE7F4CD4BCF0E14DF8,F1DA3F4E126CCF38D3F3002BD4B875EEC2EACAEECF934C78E9693A1FCE870039,61AC517C780EC107D79B4266B2D4A8D46CB60BC822A09EC1A01F506C97738746,039013bf987e3d97805c56cbd26ecdc0a41159ab4e046fb74ae0791fb2039c30
200_2_5_1,20260827,100,initial-populations/200_2_5_1/seed-20260827.fourvec,69c7c6f9de4661781eea8172762ed95c1814d9091a5cbeb3d51bc9a5a9fef0cd,d6b5ec04884f69712af960feec8c0608651f722cb3a9e82119f2de789574ab8b,e08e646b30bc7217c3671b21239b67ffe89f8dfd8279af3b8226275d786ad34f,503A9D7F5B0E945CF7462B4C836BBB1DF5A9558228782CBE7F4CD4BCF0E14DF8,F1DA3F4E126CCF38D3F3002BD4B875EEC2EACAEECF934C78E9693A1FCE870039,61AC517C780EC107D79B4266B2D4A8D46CB60BC822A09EC1A01F506C97738746,039013bf987e3d97805c56cbd26ecdc0a41159ab4e046fb74ae0791fb2039c30
200_5_3_1,20260808,100,initial-populations/200_5_3_1/seed-20260808.fourvec,a66f01aa28591709a0208a4c99ece7cf6972ff0e8c7090d14a0eea6d127d90c8,f7520e4f728a99987578bc8c0478d25415293658ef700013263e173020fa516c,5d16f9cef8b3aacdc2342ba54e90936ca40477c8f1f1d312f4c43afed9294dda,5D53BC23291C3887DF171A2E48D6AF1FC9FB513F666C026959C1CEB6F4917318,6F0C82775389A35AEAE528ED618035C9FB31A45B21D25DF996F42CF2DC7CCD31,4AEBA4FD11395AC00C455707E10B50E9BABDEA5E3E86A149EB72D7C12CEF8528,f7a15cd6150460fb4c0bcd4dd742d0a10edc5a4a1a6ab3b3e1754c2061e86bd6
200_5_3_1,20260809,100,initial-populations/200_5_3_1/seed-20260809.fourvec,8b8dd3046e4b05948d4d662fd5cfca6ed8c0ebc48f9ae9a67f1b8cd49bbe4271,41fc6e8abacacb2e5ca643bd688ed62aca52c17fb6f9fe2d93f8c163472dc670,cc83fec37a7b8941072aa027ac6726c15ba9bac5bdd9f0232291a9a48487062d,5D53BC23291C3887DF171A2E48D6AF1FC9FB513F666C026959C1CEB6F4917318,6F0C82775389A35AEAE528ED618035C9FB31A45B21D25DF996F42CF2DC7CCD31,4AEBA4FD11395AC00C455707E10B50E9BABDEA5E3E86A149EB72D7C12CEF8528,f7a15cd6150460fb4c0bcd4dd742d0a10edc5a4a1a6ab3b3e1754c2061e86bd6
200_5_3_1,20260810,100,initial-populations/200_5_3_1/seed-20260810.fourvec,845b706e65bb4893cb7055d4bf7d3ef27f40d83f0a17c86608c689e5749280bb,9299dd3786d9699f4e5a4d774dee9e2ddbd5b06d08b7d3590a0d5f6631531468,88e6930a053ba1fd7797ba016eb6fbf74299779a513b519cb329ce15c166e935,5D53BC23291C3887DF171A2E48D6AF1FC9FB513F666C026959C1CEB6F4917318,6F0C82775389A35AEAE528ED618035C9FB31A45B21D25DF996F42CF2DC7CCD31,4AEBA4FD11395AC00C455707E10B50E9BABDEA5E3E86A149EB72D7C12CEF8528,f7a15cd6150460fb4c0bcd4dd742d0a10edc5a4a1a6ab3b3e1754c2061e86bd6
200_5_3_1,20260811,100,initial-populations/200_5_3_1/seed-20260811.fourvec,0b1b22afd4a7500dee98cd35b24e9e47e2b2402442f7a5b7a4e54c864e82cce4,1aa31f7b2a852ccc09f298b577bb92c5bf80253fbd7d7e86a62c4b6b9b8265af,0cda389c7f33933a72c5da88e380665ad37f9d5e3cbbaa8f987a20f9ce12424e,5D53BC23291C3887DF171A2E48D6AF1FC9FB513F666C026959C1CEB6F4917318,6F0C82775389A35AEAE528ED618035C9FB31A45B21D25DF996F42CF2DC7CCD31,4AEBA4FD11395AC00C455707E10B50E9BABDEA5E3E86A149EB72D7C12CEF8528,f7a15cd6150460fb4c0bcd4dd742d0a10edc5a4a1a6ab3b3e1754c2061e86bd6
200_5_3_1,20260812,100,initial-populations/200_5_3_1/seed-20260812.fourvec,8ade8a768a033fa478f807230c3a3133764522a6f45747e91f891419ba9632e5,115e7a612c0ee2b360f5943107e303d5c54b0794e477bc45a561840099b046bc,8328c06a2c0e05df2928f00e520040ad2b524d777df83442ee662eea4bef1931,5D53BC23291C3887DF171A2E48D6AF1FC9FB513F666C026959C1CEB6F4917318,6F0C82775389A35AEAE528ED618035C9FB31A45B21D25DF996F42CF2DC7CCD31,4AEBA4FD11395AC00C455707E10B50E9BABDEA5E3E86A149EB72D7C12CEF8528,f7a15cd6150460fb4c0bcd4dd742d0a10edc5a4a1a6ab3b3e1754c2061e86bd6
200_5_3_1,20260813,100,initial-populations/200_5_3_1/seed-20260813.fourvec,ff9e8eed5449492cd226a2679aaf60b8ec022aa07957acd59352cfe37fbe3a24,5857b7e4f8c087eba08217a9ca7b4b06ba4ef74de1ff9b96cbd1697851c32a03,b6e726b4d37687e84ac985ed0a9c1cee14ee1b6330ce8f6b6e580c2b11297573,5D53BC23291C3887DF171A2E48D6AF1FC9FB513F666C026959C1CEB6F4917318,6F0C82775389A35AEAE528ED618035C9FB31A45B21D25DF996F42CF2DC7CCD31,4AEBA4FD11395AC00C455707E10B50E9BABDEA5E3E86A149EB72D7C12CEF8528,f7a15cd6150460fb4c0bcd4dd742d0a10edc5a4a1a6ab3b3e1754c2061e86bd6
200_5_3_1,20260814,100,initial-populations/200_5_3_1/seed-20260814.fourvec,071af92a311ff7bf23874f778d1a816b9ac5dde7a21337526305d7b808e19cf9,10db70bf006ac22ad4682ead81ded3c84e58b4e4152b74f2dfaf4d9d2f94c97b,a47dfefd873d063b221e69ea2a5e675f81a8f95d00bf14a50ef72c8136c258fe,5D53BC23291C3887DF171A2E48D6AF1FC9FB513F666C026959C1CEB6F4917318,6F0C82775389A35AEAE528ED618035C9FB31A45B21D25DF996F42CF2DC7CCD31,4AEBA4FD11395AC00C455707E10B50E9BABDEA5E3E86A149EB72D7C12CEF8528,f7a15cd6150460fb4c0bcd4dd742d0a10edc5a4a1a6ab3b3e1754c2061e86bd6
200_5_3_1,20260815,100,initial-populations/200_5_3_1/seed-20260815.fourvec,c5dd12d91cdfd5ecaa464357f86cf85af341a034e7f42a5c49bf8cef6b00f28c,f7cf5989537f630d2f289578fee76e4dedca6b2d7d68d7e622df4f039cd616c7,95993339602dae725b29b173838ca59cfb86577e2e9517acecc734df0d90803a,5D53BC23291C3887DF171A2E48D6AF1FC9FB513F666C026959C1CEB6F4917318,6F0C82775389A35AEAE528ED618035C9FB31A45B21D25DF996F42CF2DC7CCD31,4AEBA4FD11395AC00C455707E10B50E9BABDEA5E3E86A149EB72D7C12CEF8528,f7a15cd6150460fb4c0bcd4dd742d0a10edc5a4a1a6ab3b3e1754c2061e86bd6
200_5_3_1,20260816,100,initial-populations/200_5_3_1/seed-20260816.fourvec,5b354f0fe68af5328a79607154471454be20efd4c4bd291351edacf304ced87b,3fde748fb3815fe0e0c63610626ccac822f9e3e17b34e70879bd67742ff8358a,f2bfa0cb52778884daf3aac6fd0f8bdbe0be86e6428de434e5186ac2cd79eb42,5D53BC23291C3887DF171A2E48D6AF1FC9FB513F666C026959C1CEB6F4917318,6F0C82775389A35AEAE528ED618035C9FB31A45B21D25DF996F42CF2DC7CCD31,4AEBA4FD11395AC00C455707E10B50E9BABDEA5E3E86A149EB72D7C12CEF8528,f7a15cd6150460fb4c0bcd4dd742d0a10edc5a4a1a6ab3b3e1754c2061e86bd6
200_5_3_1,20260817,100,initial-populations/200_5_3_1/seed-20260817.fourvec,6ae033dfd03f3cee348d270bbcaa19fb75b0967f89e1d4a8f4a11091e70f179d,233bc539e63f195ea0e62b2f325728559e304a0e37704ba390b8d83755826e2e,2364073d96ad5998836b2c6605fadec3971b09a88fcec0eed6a0104d9c7898f9,5D53BC23291C3887DF171A2E48D6AF1FC9FB513F666C026959C1CEB6F4917318,6F0C82775389A35AEAE528ED618035C9FB31A45B21D25DF996F42CF2DC7CCD31,4AEBA4FD11395AC00C455707E10B50E9BABDEA5E3E86A149EB72D7C12CEF8528,f7a15cd6150460fb4c0bcd4dd742d0a10edc5a4a1a6ab3b3e1754c2061e86bd6
200_5_3_1,20260818,100,initial-populations/200_5_3_1/seed-20260818.fourvec,0968cc7121df6a70e4841590ae8b9ba2ae2842869cc966eaa93101b0a3c8357f,27caff8fc6ecbf5ac0f1be9789adbf45b62ba802eeef1b2183713a521916f5f0,2f5dd76bc2dde3d2d308a1141165ce494ed1450e69e791362584e339d9572f95,5D53BC23291C3887DF171A2E48D6AF1FC9FB513F666C026959C1CEB6F4917318,6F0C82775389A35AEAE528ED618035C9FB31A45B21D25DF996F42CF2DC7CCD31,4AEBA4FD11395AC00C455707E10B50E9BABDEA5E3E86A149EB72D7C12CEF8528,f7a15cd6150460fb4c0bcd4dd742d0a10edc5a4a1a6ab3b3e1754c2061e86bd6
200_5_3_1,20260819,100,initial-populations/200_5_3_1/seed-20260819.fourvec,eca38800eabf9a7bc0368d906e11f5923f0dbd2b4656d1ccd3116b2cbad953ab,97f694168034bc2b0011b25a5d226a109f447389138fbbfcc9815e03c87e2ab8,e12ddd760a25bd9b8d014c355cb42205b4c0e7d4ec4c501559beb86bef5b1f9a,5D53BC23291C3887DF171A2E48D6AF1FC9FB513F666C026959C1CEB6F4917318,6F0C82775389A35AEAE528ED618035C9FB31A45B21D25DF996F42CF2DC7CCD31,4AEBA4FD11395AC00C455707E10B50E9BABDEA5E3E86A149EB72D7C12CEF8528,f7a15cd6150460fb4c0bcd4dd742d0a10edc5a4a1a6ab3b3e1754c2061e86bd6
200_5_3_1,20260820,100,initial-populations/200_5_3_1/seed-20260820.fourvec,33e05c8b0dfe20a915a849076e35a98881e1002623e5518a596503a953337b01,812e386d04b7e9a12d408f85e368e12cc0609a58a53d0a0bfb891b9e9c040600,e90f88dee2bb272c86e4599a57a6075d94709b685a6d83eb34096be88664a260,5D53BC23291C3887DF171A2E48D6AF1FC9FB513F666C026959C1CEB6F4917318,6F0C82775389A35AEAE528ED618035C9FB31A45B21D25DF996F42CF2DC7CCD31,4AEBA4FD11395AC00C455707E10B50E9BABDEA5E3E86A149EB72D7C12CEF8528,f7a15cd6150460fb4c0bcd4dd742d0a10edc5a4a1a6ab3b3e1754c2061e86bd6
200_5_3_1,20260821,100,initial-populations/200_5_3_1/seed-20260821.fourvec,457a3dc9c6eb205f6eb089fa2c29c26a8db03537e50ea01c90b729eb4fd088da,0ba3990eee121a003759ef426041eae8e0b9301b3debbae87de77323bb7ea21f,63e9393681632409c7400f63d2628d5cfd59a90d6f57ee3940c4c608b0b53dd1,5D53BC23291C3887DF171A2E48D6AF1FC9FB513F666C026959C1CEB6F4917318,6F0C82775389A35AEAE528ED618035C9FB31A45B21D25DF996F42CF2DC7CCD31,4AEBA4FD11395AC00C455707E10B50E9BABDEA5E3E86A149EB72D7C12CEF8528,f7a15cd6150460fb4c0bcd4dd742d0a10edc5a4a1a6ab3b3e1754c2061e86bd6
200_5_3_1,20260822,100,initial-populations/200_5_3_1/seed-20260822.fourvec,ad3574aaebef25e58953afd9fbb40493096f66331a417a281cd7d70722498f6f,9b81e53828a7939d7b4b463f28ff7a636e967a7814046b3ffd444a73c807a615,420f0666203d547c15c416005f9e38e85fedddfc796eb93a85befadeeebaa0ee,5D53BC23291C3887DF171A2E48D6AF1FC9FB513F666C026959C1CEB6F4917318,6F0C82775389A35AEAE528ED618035C9FB31A45B21D25DF996F42CF2DC7CCD31,4AEBA4FD11395AC00C455707E10B50E9BABDEA5E3E86A149EB72D7C12CEF8528,f7a15cd6150460fb4c0bcd4dd742d0a10edc5a4a1a6ab3b3e1754c2061e86bd6
200_5_3_1,20260823,100,initial-populations/200_5_3_1/seed-20260823.fourvec,366fb4b655b7b0a7e706fbc8c49194ff42c96cf0dcd41c37ff22b01e897c837f,e37d9dad99e3e08633a5841828043e518aa2e14f941719601f8b854d48500d30,f78d11627185bcd3ac4fd61d5c921071d4f0608c3cc1176922095f5898616a40,5D53BC23291C3887DF171A2E48D6AF1FC9FB513F666C026959C1CEB6F4917318,6F0C82775389A35AEAE528ED618035C9FB31A45B21D25DF996F42CF2DC7CCD31,4AEBA4FD11395AC00C455707E10B50E9BABDEA5E3E86A149EB72D7C12CEF8528,f7a15cd6150460fb4c0bcd4dd742d0a10edc5a4a1a6ab3b3e1754c2061e86bd6
200_5_3_1,20260824,100,initial-populations/200_5_3_1/seed-20260824.fourvec,89996befb4faa6d7567e01bf20e9b2279270397ff7a75e9385e71c9b7a981bb0,e264ff7df5f5f98b882ecffb1b65c3d57db3f7d6784a6b8613f1728a56e2f1fd,61274fe150e2cbca876d45fcca9bfa4f88e450d0b60313a444510474887f3a59,5D53BC23291C3887DF171A2E48D6AF1FC9FB513F666C026959C1CEB6F4917318,6F0C82775389A35AEAE528ED618035C9FB31A45B21D25DF996F42CF2DC7CCD31,4AEBA4FD11395AC00C455707E10B50E9BABDEA5E3E86A149EB72D7C12CEF8528,f7a15cd6150460fb4c0bcd4dd742d0a10edc5a4a1a6ab3b3e1754c2061e86bd6
200_5_3_1,20260825,100,initial-populations/200_5_3_1/seed-20260825.fourvec,2e1cf7ac8a037aa216fc6ae26c9873c98cea25bbae201007166655f87b29ec52,d8c5401a48ef3a9097e7cd4ff62fe627b3e62b7023a59a4606cd0de0ffa4e123,00bf9b0bb015745356488372cf847f9b2bc6323d868d627fcb437b02dbdbd6ba,5D53BC23291C3887DF171A2E48D6AF1FC9FB513F666C026959C1CEB6F4917318,6F0C82775389A35AEAE528ED618035C9FB31A45B21D25DF996F42CF2DC7CCD31,4AEBA4FD11395AC00C455707E10B50E9BABDEA5E3E86A149EB72D7C12CEF8528,f7a15cd6150460fb4c0bcd4dd742d0a10edc5a4a1a6ab3b3e1754c2061e86bd6
200_5_3_1,20260826,100,initial-populations/200_5_3_1/seed-20260826.fourvec,bd6358d54da9f242b13950d926b579dff2de43d414c0b4f7d3f8dd01c1d0e9fa,a71bf0fdde42d96d937b67c9b1d1cc09bb2de2b8154cb9c4d2a0789b2e4c11a8,4b9c4cf106a14951bb4d93b244e19647f068445eed378c77f6c7d2f3cad9ceb6,5D53BC23291C3887DF171A2E48D6AF1FC9FB513F666C026959C1CEB6F4917318,6F0C82775389A35AEAE528ED618035C9FB31A45B21D25DF996F42CF2DC7CCD31,4AEBA4FD11395AC00C455707E10B50E9BABDEA5E3E86A149EB72D7C12CEF8528,f7a15cd6150460fb4c0bcd4dd742d0a10edc5a4a1a6ab3b3e1754c2061e86bd6
200_5_3_1,20260827,100,initial-populations/200_5_3_1/seed-20260827.fourvec,818af8001ede94eb2fcc1f61b6100f4f8d0989d9792f074b69cbf0fb01783f7e,930c496909f3a8df886a529bcf62dd790a27add9c2b8b7f6643e77b188f11e95,52176b534868168527269d44924d99b4b183127c5f66899202c3f4ac90731a50,5D53BC23291C3887DF171A2E48D6AF1FC9FB513F666C026959C1CEB6F4917318,6F0C82775389A35AEAE528ED618035C9FB31A45B21D25DF996F42CF2DC7CCD31,4AEBA4FD11395AC00C455707E10B50E9BABDEA5E3E86A149EB72D7C12CEF8528,f7a15cd6150460fb4c0bcd4dd742d0a10edc5a4a1a6ab3b3e1754c2061e86bd6
200_5_4_1,20260808,100,initial-populations/200_5_4_1/seed-20260808.fourvec,e3f122daf9d8cda8adb533a23fe683156ea5842833cf1a20ae2109b8c6328941,672310ce571b07ecb4935cf73bca92600391e5e03b783c175d479ac27344fb4c,791bc01f25c7feb76666b9772980677070afdc63417ed45d8ede17f2b32715e2,847E607A5E464394AD3A1E39A1284B425BF459D77E474A4919C7E9085BA580A8,A1478B16D3A514A18C069A445644113C3A6E347EA3088E5B903F331CF3F16CF9,F8EDF25675F0573483B21B9F9789A90A624FF99E81AE8EF569108A228FDD58B9,0c064db3ca5a386f2e05ffac5c684a125727c7d20523181b1bf183c50574ede7
200_5_4_1,20260809,100,initial-populations/200_5_4_1/seed-20260809.fourvec,13e725319797e9cba26c6a52ce69610b1e525c4c513e54ad04ec08261040bf99,92dd5db24ee64f7469b325285434e02085a8e4e760e8bf2838f687f93d5e44c7,6a18ef4181384a9a9331033450d234f3134d0260005520cd0079b736e338bf9f,847E607A5E464394AD3A1E39A1284B425BF459D77E474A4919C7E9085BA580A8,A1478B16D3A514A18C069A445644113C3A6E347EA3088E5B903F331CF3F16CF9,F8EDF25675F0573483B21B9F9789A90A624FF99E81AE8EF569108A228FDD58B9,0c064db3ca5a386f2e05ffac5c684a125727c7d20523181b1bf183c50574ede7
200_5_4_1,20260810,100,initial-populations/200_5_4_1/seed-20260810.fourvec,467d45ad0d97fc771dc74bf3213d2fa517aa5a2a645fb03fe6d5507ee442eb0f,c7056bf01191eff7d62c04ee6ede4d729dcd1340cb1cf3cd70a3b1ba347384bf,7d33834525206ae3549064543da69d3b98c29af2c05742b681c0c01cb4cd556a,847E607A5E464394AD3A1E39A1284B425BF459D77E474A4919C7E9085BA580A8,A1478B16D3A514A18C069A445644113C3A6E347EA3088E5B903F331CF3F16CF9,F8EDF25675F0573483B21B9F9789A90A624FF99E81AE8EF569108A228FDD58B9,0c064db3ca5a386f2e05ffac5c684a125727c7d20523181b1bf183c50574ede7
200_5_4_1,20260811,100,initial-populations/200_5_4_1/seed-20260811.fourvec,0321c0bc109a07e37e89771d82b9791ac86a2042544294666aed8ac0b5a9c83c,f755a234b152aae00dc179b09aaef454a646a9c6cdbabfe7fd801c780e7fd715,21c051feec8b411946ff4fd89f434a998afc33f1f37f5ffd86f99acbdc3b78d3,847E607A5E464394AD3A1E39A1284B425BF459D77E474A4919C7E9085BA580A8,A1478B16D3A514A18C069A445644113C3A6E347EA3088E5B903F331CF3F16CF9,F8EDF25675F0573483B21B9F9789A90A624FF99E81AE8EF569108A228FDD58B9,0c064db3ca5a386f2e05ffac5c684a125727c7d20523181b1bf183c50574ede7
200_5_4_1,20260812,100,initial-populations/200_5_4_1/seed-20260812.fourvec,e218722883765c0fdb916ad1560ad4cb47de87b9b12279e9500f267f3f2c30bb,cfc5271cee8662cd59595ff70cd01beb013abb7f73f16a2b9eb00fbaea66b857,f92256f59cd34ed96c6d430ab5267e10b4dfafbf08bebd9936d670c03922d6d2,847E607A5E464394AD3A1E39A1284B425BF459D77E474A4919C7E9085BA580A8,A1478B16D3A514A18C069A445644113C3A6E347EA3088E5B903F331CF3F16CF9,F8EDF25675F0573483B21B9F9789A90A624FF99E81AE8EF569108A228FDD58B9,0c064db3ca5a386f2e05ffac5c684a125727c7d20523181b1bf183c50574ede7
200_5_4_1,20260813,100,initial-populations/200_5_4_1/seed-20260813.fourvec,8ce491bb402894d393536114f36912892a872b48eef67e4985aa298c8dae1af3,d3cd0496abbd043ab02345498cf9ed48be00b981b429c969857005cc240a3a1a,5f10f9efe6411c988e76c03ab78025eba2410944fc604bde72015b5dc413a6cd,847E607A5E464394AD3A1E39A1284B425BF459D77E474A4919C7E9085BA580A8,A1478B16D3A514A18C069A445644113C3A6E347EA3088E5B903F331CF3F16CF9,F8EDF25675F0573483B21B9F9789A90A624FF99E81AE8EF569108A228FDD58B9,0c064db3ca5a386f2e05ffac5c684a125727c7d20523181b1bf183c50574ede7
200_5_4_1,20260814,100,initial-populations/200_5_4_1/seed-20260814.fourvec,965bc0d0aa104d754ec8695f1c34fc451dfa4b11ccc6d25fe99d1adeb19fa375,cd1e48efa5f5c94bb87d48a7f8eca0ee781024a9ed86bbfc83e616ea2a1ac600,7fd7fef4d79eb761ec646b6c1579e3eef2650078b33ca5969d98e11c6c025005,847E607A5E464394AD3A1E39A1284B425BF459D77E474A4919C7E9085BA580A8,A1478B16D3A514A18C069A445644113C3A6E347EA3088E5B903F331CF3F16CF9,F8EDF25675F0573483B21B9F9789A90A624FF99E81AE8EF569108A228FDD58B9,0c064db3ca5a386f2e05ffac5c684a125727c7d20523181b1bf183c50574ede7
200_5_4_1,20260815,100,initial-populations/200_5_4_1/seed-20260815.fourvec,23b09497cc1c374ea75ef92881a5f0a36efe05fa6bd3164a47bf8983393d772c,8792279348fa3e57a4fbd2869e39235f2074e9ab7206efa52a8323cff3658a78,d084068d226be1b88926d2265dd3a4f9de596a64946622c94f3aea89832671b5,847E607A5E464394AD3A1E39A1284B425BF459D77E474A4919C7E9085BA580A8,A1478B16D3A514A18C069A445644113C3A6E347EA3088E5B903F331CF3F16CF9,F8EDF25675F0573483B21B9F9789A90A624FF99E81AE8EF569108A228FDD58B9,0c064db3ca5a386f2e05ffac5c684a125727c7d20523181b1bf183c50574ede7
200_5_4_1,20260816,100,initial-populations/200_5_4_1/seed-20260816.fourvec,c9c2669e2171135b334d362b61383015e82771c2642a4a154640e5d1c204732e,d2148a84da80a662ae8a8551fa58943eeba73f28aa8f98db4468ef8b2a804025,34bc83bb82a4e954c8cde3a754057f012e24cbfd518843f4c8853f1ab34fd9a2,847E607A5E464394AD3A1E39A1284B425BF459D77E474A4919C7E9085BA580A8,A1478B16D3A514A18C069A445644113C3A6E347EA3088E5B903F331CF3F16CF9,F8EDF25675F0573483B21B9F9789A90A624FF99E81AE8EF569108A228FDD58B9,0c064db3ca5a386f2e05ffac5c684a125727c7d20523181b1bf183c50574ede7
200_5_4_1,20260817,100,initial-populations/200_5_4_1/seed-20260817.fourvec,07367a3c4a6054d7cba676c39479b7bd414b58aa85bc07b27ad6ef1d85082b7a,267b6deda5179ad70e445adcb269e8f47b5c9cda263afa5312154a6d32e34d29,34f4fc18ec685b464c585eb472d840b2a13a783093ac5a9d99ff514b13aa3447,847E607A5E464394AD3A1E39A1284B425BF459D77E474A4919C7E9085BA580A8,A1478B16D3A514A18C069A445644113C3A6E347EA3088E5B903F331CF3F16CF9,F8EDF25675F0573483B21B9F9789A90A624FF99E81AE8EF569108A228FDD58B9,0c064db3ca5a386f2e05ffac5c684a125727c7d20523181b1bf183c50574ede7
200_5_4_1,20260818,100,initial-populations/200_5_4_1/seed-20260818.fourvec,e3501db5bacb065260016744bf43bf2248e66d338c0224836d33dced2e6879b3,5ff42cd54d529d06eb95a01c25e5aff30b7667fff00696e2b22bff1a55a97f4e,3ec0bea5b4f4ce7541edf23a81c3e48d4177cc0bc03ae58d8da9a57b0a090643,847E607A5E464394AD3A1E39A1284B425BF459D77E474A4919C7E9085BA580A8,A1478B16D3A514A18C069A445644113C3A6E347EA3088E5B903F331CF3F16CF9,F8EDF25675F0573483B21B9F9789A90A624FF99E81AE8EF569108A228FDD58B9,0c064db3ca5a386f2e05ffac5c684a125727c7d20523181b1bf183c50574ede7
200_5_4_1,20260819,100,initial-populations/200_5_4_1/seed-20260819.fourvec,e16fb6f775c12c25752e076e800ebc4562a63338b7423bc029c40e7094f4406b,c5cf94f3f2e9156739dbd1eb9f810581b7390780995741210ae923883bde1141,c01bd1b3ca562d1ce20a3314264ae5cb5fc10aaa870341af509120db705e0e18,847E607A5E464394AD3A1E39A1284B425BF459D77E474A4919C7E9085BA580A8,A1478B16D3A514A18C069A445644113C3A6E347EA3088E5B903F331CF3F16CF9,F8EDF25675F0573483B21B9F9789A90A624FF99E81AE8EF569108A228FDD58B9,0c064db3ca5a386f2e05ffac5c684a125727c7d20523181b1bf183c50574ede7
200_5_4_1,20260820,100,initial-populations/200_5_4_1/seed-20260820.fourvec,6c7b86dbb8b01438e5c6cd7e5b30a812588ec34a1f6686c834532e2ffb661ad1,214ee7c3d624114b58c54860c1d1aa62c64eb3996df075d4afeb9a604407e2fc,38c816d42f890febbd58dc1c4af4a89d22d7c4fb04b878543e5fdf2e53146838,847E607A5E464394AD3A1E39A1284B425BF459D77E474A4919C7E9085BA580A8,A1478B16D3A514A18C069A445644113C3A6E347EA3088E5B903F331CF3F16CF9,F8EDF25675F0573483B21B9F9789A90A624FF99E81AE8EF569108A228FDD58B9,0c064db3ca5a386f2e05ffac5c684a125727c7d20523181b1bf183c50574ede7
200_5_4_1,20260821,100,initial-populations/200_5_4_1/seed-20260821.fourvec,b526f7b559a6323574a327fdcbe9d3478a95f83c098af172387098ba915a4476,8aeba7d229ceaca504f01d5dfb1a4712281e119db4fa1e26803b34471790bff4,b72c285c69e67a6b82a0e56b0e38ae5f3e19ef9fd8108c52a18b343f2a2b4f5d,847E607A5E464394AD3A1E39A1284B425BF459D77E474A4919C7E9085BA580A8,A1478B16D3A514A18C069A445644113C3A6E347EA3088E5B903F331CF3F16CF9,F8EDF25675F0573483B21B9F9789A90A624FF99E81AE8EF569108A228FDD58B9,0c064db3ca5a386f2e05ffac5c684a125727c7d20523181b1bf183c50574ede7
200_5_4_1,20260822,100,initial-populations/200_5_4_1/seed-20260822.fourvec,a8a2d3945fc9014a34f5e87a6f7271cf8c44d995f2f697efc963bbfc0ed9aee1,b7b1e95f91e1cecc06d731bb77d9260cab1782a9b5aed4018b892f0fd3d025de,634c82438e138ebb1be9f82562f16a6cba8a33580616f77fb9b477fc6c89222b,847E607A5E464394AD3A1E39A1284B425BF459D77E474A4919C7E9085BA580A8,A1478B16D3A514A18C069A445644113C3A6E347EA3088E5B903F331CF3F16CF9,F8EDF25675F0573483B21B9F9789A90A624FF99E81AE8EF569108A228FDD58B9,0c064db3ca5a386f2e05ffac5c684a125727c7d20523181b1bf183c50574ede7
200_5_4_1,20260823,100,initial-populations/200_5_4_1/seed-20260823.fourvec,eb3cdde386d93f7beedcdd33484d14d55e4d454b9b98a58a9152b0d149e0ab8e,e62866905e046d7077dfaf103fcacd0dda1627d23cfc46ebb43b1ac71f262331,961b6a63fa7abd6b9c089d2c4579d248770901ae04c9031485f76e5584881e3b,847E607A5E464394AD3A1E39A1284B425BF459D77E474A4919C7E9085BA580A8,A1478B16D3A514A18C069A445644113C3A6E347EA3088E5B903F331CF3F16CF9,F8EDF25675F0573483B21B9F9789A90A624FF99E81AE8EF569108A228FDD58B9,0c064db3ca5a386f2e05ffac5c684a125727c7d20523181b1bf183c50574ede7
200_5_4_1,20260824,100,initial-populations/200_5_4_1/seed-20260824.fourvec,361346bfae81071ee76c7070059461c5bbb6ac94fa480828802cd89e39fd53f6,07a7cfe584750700be0854581c67a5455c7f2c9ced9a5e25a36dffe447b0e1fb,84283dd34a6d57421e52254c98be399fefefd38d5aabd82cea7bc725ee266987,847E607A5E464394AD3A1E39A1284B425BF459D77E474A4919C7E9085BA580A8,A1478B16D3A514A18C069A445644113C3A6E347EA3088E5B903F331CF3F16CF9,F8EDF25675F0573483B21B9F9789A90A624FF99E81AE8EF569108A228FDD58B9,0c064db3ca5a386f2e05ffac5c684a125727c7d20523181b1bf183c50574ede7
200_5_4_1,20260825,100,initial-populations/200_5_4_1/seed-20260825.fourvec,7b00dc34db5d8916291e7b74352d38f68768e21c494ef535efb9048343edc34f,2dda26885470bdb0fe033b220303f7c72470b2d1c9ea42dc1b06bb4739ce87c2,eaae02b97f550de5a815b2535a46e46c06103ab3713f93ebd9f35e0239ca16ef,847E607A5E464394AD3A1E39A1284B425BF459D77E474A4919C7E9085BA580A8,A1478B16D3A514A18C069A445644113C3A6E347EA3088E5B903F331CF3F16CF9,F8EDF25675F0573483B21B9F9789A90A624FF99E81AE8EF569108A228FDD58B9,0c064db3ca5a386f2e05ffac5c684a125727c7d20523181b1bf183c50574ede7
200_5_4_1,20260826,100,initial-populations/200_5_4_1/seed-20260826.fourvec,d8677ac1c19da2484eeb207e05c34007c4d99be48223e7ad91d3a264c190ced9,64a7f5d19d07f70c3a7e1a2324bd874e73c3f8a9f16cfba3e1241bcd71f266a0,154beb452f2a40f513d0637099c5dc0852aaaca1e143e3ee70471d14141be7e8,847E607A5E464394AD3A1E39A1284B425BF459D77E474A4919C7E9085BA580A8,A1478B16D3A514A18C069A445644113C3A6E347EA3088E5B903F331CF3F16CF9,F8EDF25675F0573483B21B9F9789A90A624FF99E81AE8EF569108A228FDD58B9,0c064db3ca5a386f2e05ffac5c684a125727c7d20523181b1bf183c50574ede7
200_5_4_1,20260827,100,initial-populations/200_5_4_1/seed-20260827.fourvec,463c1789e6462fd1371a5b4cabb00c06bd571dc46f26848016c7bbb6c64c26d3,c8c4868c1597e0d61e3ace6c3a9bf26a14353b68b4adab751b4652e801d4afeb,e2cc1971ceb240353c0dbcd58bd78b4477bb91b19398641327707ac68605f014,847E607A5E464394AD3A1E39A1284B425BF459D77E474A4919C7E9085BA580A8,A1478B16D3A514A18C069A445644113C3A6E347EA3088E5B903F331CF3F16CF9,F8EDF25675F0573483B21B9F9789A90A624FF99E81AE8EF569108A228FDD58B9,0c064db3ca5a386f2e05ffac5c684a125727c7d20523181b1bf183c50574ede7
200_5_5_1,20260808,100,initial-populations/200_5_5_1/seed-20260808.fourvec,5a52236460b2562f412685fc60f2f5f0cf7e36338b0d0bbd46487f0f93382e20,8a17678ee76c49ed9ee82ad2a0224b487699d1a41c7d8d851be9d7f751d64a70,a4e6e2377e316ffb3265b1c8c1b8ea2f7fcb939cdf2e1bc12a3549fa1ad54cf1,9506CEED94A86C6DF4167272F719922E176B8111020A1BB8FBEFB86342D8BE1F,2FF80A4332E21710E844248C4380583DAD72F706D0A415DD49129002CD592AFA,D533ADE16E4C412BD6359EEECAA93E647387E1F47E9D9BD645F003C579E45922,9c44a218c3d707af6e5213938e135de5be6fc95adec0daa1d6aaf290525cd062
200_5_5_1,20260809,100,initial-populations/200_5_5_1/seed-20260809.fourvec,bb8f1eee3d2643a508c6d499273673916b09925742647929afb00f27b894d5cf,d0d07383fe1e347488ef82a440512594e266f99cffd0a71d4038e1a04e4c3336,c327e2d15dd1769b496f06c05170cb025d2163a90a7a9433202339ed00a90239,9506CEED94A86C6DF4167272F719922E176B8111020A1BB8FBEFB86342D8BE1F,2FF80A4332E21710E844248C4380583DAD72F706D0A415DD49129002CD592AFA,D533ADE16E4C412BD6359EEECAA93E647387E1F47E9D9BD645F003C579E45922,9c44a218c3d707af6e5213938e135de5be6fc95adec0daa1d6aaf290525cd062
200_5_5_1,20260810,100,initial-populations/200_5_5_1/seed-20260810.fourvec,d55f90e838ca4760659fd7b4e81e57c661d17ca46c38f89af0dc4c56a8211b06,74397064f853fe48f025abf1810c65f188fe4cb1e71a72a6403a4bd596cd8e77,b18d31284e9f0a7a774b3bcc35d3daaf3d67e82bcd794faa20954efc22547807,9506CEED94A86C6DF4167272F719922E176B8111020A1BB8FBEFB86342D8BE1F,2FF80A4332E21710E844248C4380583DAD72F706D0A415DD49129002CD592AFA,D533ADE16E4C412BD6359EEECAA93E647387E1F47E9D9BD645F003C579E45922,9c44a218c3d707af6e5213938e135de5be6fc95adec0daa1d6aaf290525cd062
200_5_5_1,20260811,100,initial-populations/200_5_5_1/seed-20260811.fourvec,1b29ee957f2d8c8806d4b1ebaa4b3235746e42965f69e9510b2b06d6a4f0a1a5,4b96066d57ba49589522862aa585a3f591719e0aafb836081eced65dd1f01884,8a76411499cc1c6764c0c663b4a9f7e92c7269a349e56c06eae5c10663859a54,9506CEED94A86C6DF4167272F719922E176B8111020A1BB8FBEFB86342D8BE1F,2FF80A4332E21710E844248C4380583DAD72F706D0A415DD49129002CD592AFA,D533ADE16E4C412BD6359EEECAA93E647387E1F47E9D9BD645F003C579E45922,9c44a218c3d707af6e5213938e135de5be6fc95adec0daa1d6aaf290525cd062
200_5_5_1,20260812,100,initial-populations/200_5_5_1/seed-20260812.fourvec,de8c52ce61ffaebe1bac2ff38034643f481ab2b8582444ede2872e73ca7880a0,b51ea41c3e2d2727e99c0c9e3e6f72dcb9e42efe7d66a44d8f4486bf32cd259d,3ef1cf1c49bb59a76a453a799ea0ae7a1d63ad17beb5cb6c090472b1986ff470,9506CEED94A86C6DF4167272F719922E176B8111020A1BB8FBEFB86342D8BE1F,2FF80A4332E21710E844248C4380583DAD72F706D0A415DD49129002CD592AFA,D533ADE16E4C412BD6359EEECAA93E647387E1F47E9D9BD645F003C579E45922,9c44a218c3d707af6e5213938e135de5be6fc95adec0daa1d6aaf290525cd062
200_5_5_1,20260813,100,initial-populations/200_5_5_1/seed-20260813.fourvec,5e3e60ad705a570f3c543118655acef8990ca9fe3582a96ba2c13da035d0f69e,12ab6ea0ac7f9dfdfe2acae6096783d8f43674f7e38703ad3155803f2b2d4168,08d20ba26d285db28df73d9232ede2dbb7699a7eff1ec5a1b275f02745956fa2,9506CEED94A86C6DF4167272F719922E176B8111020A1BB8FBEFB86342D8BE1F,2FF80A4332E21710E844248C4380583DAD72F706D0A415DD49129002CD592AFA,D533ADE16E4C412BD6359EEECAA93E647387E1F47E9D9BD645F003C579E45922,9c44a218c3d707af6e5213938e135de5be6fc95adec0daa1d6aaf290525cd062
200_5_5_1,20260814,100,initial-populations/200_5_5_1/seed-20260814.fourvec,f016ec37e2e978703d1c0e3281be2a54f4ea2dd0d49522b0191c95427c386887,50ecd6f009e7c54523c617848d5239b6f56be819499eb2e3b5ccef0711e79618,6d31b7ced0508047f02cf046dcbcaf64beff6bf5677da37daf678d203cea7faa,9506CEED94A86C6DF4167272F719922E176B8111020A1BB8FBEFB86342D8BE1F,2FF80A4332E21710E844248C4380583DAD72F706D0A415DD49129002CD592AFA,D533ADE16E4C412BD6359EEECAA93E647387E1F47E9D9BD645F003C579E45922,9c44a218c3d707af6e5213938e135de5be6fc95adec0daa1d6aaf290525cd062
200_5_5_1,20260815,100,initial-populations/200_5_5_1/seed-20260815.fourvec,4b01fde9b2819b8db4bb38f7fdb7df1ae6483abcf8fb9f45f050b8311c93cbb5,e85ef5be5d0e6022e87a6fbc20305c35908bdc844b7a91a42e3c8f78ebc2a928,70678c9e5291fd4f128b1be67e9651434b50ec65ab69bdf932f1cc71c733181c,9506CEED94A86C6DF4167272F719922E176B8111020A1BB8FBEFB86342D8BE1F,2FF80A4332E21710E844248C4380583DAD72F706D0A415DD49129002CD592AFA,D533ADE16E4C412BD6359EEECAA93E647387E1F47E9D9BD645F003C579E45922,9c44a218c3d707af6e5213938e135de5be6fc95adec0daa1d6aaf290525cd062
200_5_5_1,20260816,100,initial-populations/200_5_5_1/seed-20260816.fourvec,dc419240dbc2aa3916efa8c5dcd412cbd7dac0d8951653dd9c87efcc71e4451e,bf8bd05c22617859e427e05645262d63ab256a8b839287ddca676ac1047e86e9,d82e1b20ed621aec88fff1b82ddcd5d462ed6963224e518588f4740f0bff84fb,9506CEED94A86C6DF4167272F719922E176B8111020A1BB8FBEFB86342D8BE1F,2FF80A4332E21710E844248C4380583DAD72F706D0A415DD49129002CD592AFA,D533ADE16E4C412BD6359EEECAA93E647387E1F47E9D9BD645F003C579E45922,9c44a218c3d707af6e5213938e135de5be6fc95adec0daa1d6aaf290525cd062
200_5_5_1,20260817,100,initial-populations/200_5_5_1/seed-20260817.fourvec,ecfa772001124d11e1f848df17974e2bd7b5153c22b1286b5fa6bd34f2aff3b3,a6afa514e9a60a04f03be5bf63d0561115947f1c77602f840112fd04edf3ce66,e96089990a5cc0613e48defe4aac23f0a6d278a4e7450bb5cf75f1e3a580183f,9506CEED94A86C6DF4167272F719922E176B8111020A1BB8FBEFB86342D8BE1F,2FF80A4332E21710E844248C4380583DAD72F706D0A415DD49129002CD592AFA,D533ADE16E4C412BD6359EEECAA93E647387E1F47E9D9BD645F003C579E45922,9c44a218c3d707af6e5213938e135de5be6fc95adec0daa1d6aaf290525cd062
200_5_5_1,20260818,100,initial-populations/200_5_5_1/seed-20260818.fourvec,ff4cc8765802e6c3a1a6b72316721edc3816fbf4eba42e98545c83726e375842,ccca82593bd2472d9f6c95624490eb49810c5195f434d32a7c379b02c8082a7d,e0b8c9ed91fa762a34af24b7caad4c031694073558f496f39853fb934c60c8d4,9506CEED94A86C6DF4167272F719922E176B8111020A1BB8FBEFB86342D8BE1F,2FF80A4332E21710E844248C4380583DAD72F706D0A415DD49129002CD592AFA,D533ADE16E4C412BD6359EEECAA93E647387E1F47E9D9BD645F003C579E45922,9c44a218c3d707af6e5213938e135de5be6fc95adec0daa1d6aaf290525cd062
200_5_5_1,20260819,100,initial-populations/200_5_5_1/seed-20260819.fourvec,a9de08fdadf9d8a6c3048445cbda3d8fbfc316849e8cc02200143c24eb2a54d1,93f388007f8bc1e599317d449eefa1dc8ece3b595cd9aae41002415c2982c1f7,bff9428ad0c2e968825e71def610aecacd4cb4a88145e85b428c292ecb86b440,9506CEED94A86C6DF4167272F719922E176B8111020A1BB8FBEFB86342D8BE1F,2FF80A4332E21710E844248C4380583DAD72F706D0A415DD49129002CD592AFA,D533ADE16E4C412BD6359EEECAA93E647387E1F47E9D9BD645F003C579E45922,9c44a218c3d707af6e5213938e135de5be6fc95adec0daa1d6aaf290525cd062
200_5_5_1,20260820,100,initial-populations/200_5_5_1/seed-20260820.fourvec,3c9dfb8d63cc4775886c49896886ebd1744bd34053dbc906def1a2f6fae243e6,e6828405b89c75837a5b4116316aadfbc155eeffe10cf522bfe1e457663cedce,bffd0a6a2a905c3184c1c4d8b96196046969af94c17a0f6c81def04446b97cd3,9506CEED94A86C6DF4167272F719922E176B8111020A1BB8FBEFB86342D8BE1F,2FF80A4332E21710E844248C4380583DAD72F706D0A415DD49129002CD592AFA,D533ADE16E4C412BD6359EEECAA93E647387E1F47E9D9BD645F003C579E45922,9c44a218c3d707af6e5213938e135de5be6fc95adec0daa1d6aaf290525cd062
200_5_5_1,20260821,100,initial-populations/200_5_5_1/seed-20260821.fourvec,4fc77e62addf5f15c9dd15763f9ba6616a9fbfd6e13ec18bd1327919f240d7ec,20d29839374f7242d8f5ef3e4976998d9fc234cd810dab864fe6caff93b8fe31,dde3127d85d96a0e5f35915a45d7048df04524e770f75b0a9beb55f4fa1b4951,9506CEED94A86C6DF4167272F719922E176B8111020A1BB8FBEFB86342D8BE1F,2FF80A4332E21710E844248C4380583DAD72F706D0A415DD49129002CD592AFA,D533ADE16E4C412BD6359EEECAA93E647387E1F47E9D9BD645F003C579E45922,9c44a218c3d707af6e5213938e135de5be6fc95adec0daa1d6aaf290525cd062
200_5_5_1,20260822,100,initial-populations/200_5_5_1/seed-20260822.fourvec,d7c271b364a5cdb7241a10864d35096f7d9eb4ee55f9f2228109ffa4126e87e0,37725fd0784cefc7c30ba6f668c12549ba40ea571d9ddaa2e85fb0725956559d,ac1b3a702918c21a0c6fcc3ce048302ce0a00ed9abe2860d905a2d972e5b01ca,9506CEED94A86C6DF4167272F719922E176B8111020A1BB8FBEFB86342D8BE1F,2FF80A4332E21710E844248C4380583DAD72F706D0A415DD49129002CD592AFA,D533ADE16E4C412BD6359EEECAA93E647387E1F47E9D9BD645F003C579E45922,9c44a218c3d707af6e5213938e135de5be6fc95adec0daa1d6aaf290525cd062
200_5_5_1,20260823,100,initial-populations/200_5_5_1/seed-20260823.fourvec,c8437354024225792c91fb02dd39db5ed34d88d13f134d705c71ef96c167b154,4fd8c72c8bc4c6cf77db56a48db27b1bfd63b2fd4f9ca7547e0560d27cdc1cdb,c60f71e57128f529acda5471e75c6691286351e999450d619c7c7b4113e5d2a1,9506CEED94A86C6DF4167272F719922E176B8111020A1BB8FBEFB86342D8BE1F,2FF80A4332E21710E844248C4380583DAD72F706D0A415DD49129002CD592AFA,D533ADE16E4C412BD6359EEECAA93E647387E1F47E9D9BD645F003C579E45922,9c44a218c3d707af6e5213938e135de5be6fc95adec0daa1d6aaf290525cd062
200_5_5_1,20260824,100,initial-populations/200_5_5_1/seed-20260824.fourvec,9a8a55a9e6e272fe5799c304dc9a872c9ae880c9cfd8439d1800cdfd333bd97b,c6e0ca7fb20d16c95a86dac11c2347ca610e9d6ebe80229bb949ad3476e9abcc,c3955ef158ffd1183f45dfe5424b5646b5353a21caa449cf7d840fa1354819cb,9506CEED94A86C6DF4167272F719922E176B8111020A1BB8FBEFB86342D8BE1F,2FF80A4332E21710E844248C4380583DAD72F706D0A415DD49129002CD592AFA,D533ADE16E4C412BD6359EEECAA93E647387E1F47E9D9BD645F003C579E45922,9c44a218c3d707af6e5213938e135de5be6fc95adec0daa1d6aaf290525cd062
200_5_5_1,20260825,100,initial-populations/200_5_5_1/seed-20260825.fourvec,4c22f147a323e9ae82c69081564fc15faab08738c8d9d0eb4baab0e58c162aa3,50e2c615189d023d27db67a0d9f78ef2a7d79d737f20191ac9e62ba8568ead4d,1cd2c02a1bf766e8d9a502746cde69a5a0c3e5a14bafdfd5b648415634aaf5e4,9506CEED94A86C6DF4167272F719922E176B8111020A1BB8FBEFB86342D8BE1F,2FF80A4332E21710E844248C4380583DAD72F706D0A415DD49129002CD592AFA,D533ADE16E4C412BD6359EEECAA93E647387E1F47E9D9BD645F003C579E45922,9c44a218c3d707af6e5213938e135de5be6fc95adec0daa1d6aaf290525cd062
200_5_5_1,20260826,100,initial-populations/200_5_5_1/seed-20260826.fourvec,989d40cd43d4fe5fdde8db1e4653bb43b91c93609a23fd3c304dafc691e38143,90b876e41fd9d3096ee25815e32f610b994f54d25f4c5daefa83d2b5a4ed9ae5,8638f3394d14168b9ce4c6fd8653dc9b9b469049a96b1bd8e295b21bd2c3912e,9506CEED94A86C6DF4167272F719922E176B8111020A1BB8FBEFB86342D8BE1F,2FF80A4332E21710E844248C4380583DAD72F706D0A415DD49129002CD592AFA,D533ADE16E4C412BD6359EEECAA93E647387E1F47E9D9BD645F003C579E45922,9c44a218c3d707af6e5213938e135de5be6fc95adec0daa1d6aaf290525cd062
200_5_5_1,20260827,100,initial-populations/200_5_5_1/seed-20260827.fourvec,772c0a7c43df5f93fba0150bada07991034e68e7023b6a3f6a50aeda12393a9c,7ff74627b3a00c94dd59fe7b1a7c68bfbf67c8b1f5a922f8deb106b62be1c9db,5f3ea90bef08a6bee00730424260744e9e87bda7654108d93fe4adea54c9b1dc,9506CEED94A86C6DF4167272F719922E176B8111020A1BB8FBEFB86342D8BE1F,2FF80A4332E21710E844248C4380583DAD72F706D0A415DD49129002CD592AFA,D533ADE16E4C412BD6359EEECAA93E647387E1F47E9D9BD645F003C579E45922,9c44a218c3d707af6e5213938e135de5be6fc95adec0daa1d6aaf290525cd062
200_8_3_1,20260808,100,initial-populations/200_8_3_1/seed-20260808.fourvec,d92fe84a5dc6f5ece9d9e706f91fafbabd63484b215bbbbec328524a9401a910,c0ce6bc3ee9975cf435b5a55307a7eca39b4a6d6a8f7b709392d7be059158395,30314904ed91f922ddf229b899555e4884ac674e1385f7ceae8d72321fea9077,87EFC35F27A94C857B795C74FF725E0A637E9E8A274B98098EE1B80DBFCD8DE8,335D63138C50C9FDEAB0DD8F73906DF007F20B6E058476000C01188499974151,00B601DDE153CA34CF4784768192CFBAD551FE3A62FE5D2D729554A89700280C,187c0c4a85e705455ce7801e0ee20f2622844bc5d1e129b13c4fb4b0de64073c
200_8_3_1,20260809,100,initial-populations/200_8_3_1/seed-20260809.fourvec,eced7813ff432b544f485a5f8e893c8076983f7b3a0c4f458c7690efd4160d08,644636827946e6efd211b9cb3cab0933ff17b32935637463bafab41e155d6808,2fb421f00b75f43b31e25fd20d8597f3f0347fba236571494ada75b7ac2ba799,87EFC35F27A94C857B795C74FF725E0A637E9E8A274B98098EE1B80DBFCD8DE8,335D63138C50C9FDEAB0DD8F73906DF007F20B6E058476000C01188499974151,00B601DDE153CA34CF4784768192CFBAD551FE3A62FE5D2D729554A89700280C,187c0c4a85e705455ce7801e0ee20f2622844bc5d1e129b13c4fb4b0de64073c
200_8_3_1,20260810,100,initial-populations/200_8_3_1/seed-20260810.fourvec,a1a511bd496bc51c8429dcdb410ef98c30732747e2e060547b702fd00d25c7a0,1f1ad30ed6d96892c77045d4483c1e7106d777adcf973a1e616dc4fab16a25c7,dc7855459853618c4c63eff0e0861b9283bc03b5b67e29c4fdee67eb473d3cd7,87EFC35F27A94C857B795C74FF725E0A637E9E8A274B98098EE1B80DBFCD8DE8,335D63138C50C9FDEAB0DD8F73906DF007F20B6E058476000C01188499974151,00B601DDE153CA34CF4784768192CFBAD551FE3A62FE5D2D729554A89700280C,187c0c4a85e705455ce7801e0ee20f2622844bc5d1e129b13c4fb4b0de64073c
200_8_3_1,20260811,100,initial-populations/200_8_3_1/seed-20260811.fourvec,7d664c8c1e3e0f4e14168b8def00bf6f29bb37e0b6242a8fccf7e4483d720a57,01d8de53e18ffdf15c23a34049fbbc6345f52098dfe871bf0b1cd88ac7a23db4,27d1fabb22178834566a4951ae6d1dd9bbc1cdfa861dc9aedb8328d564dfd761,87EFC35F27A94C857B795C74FF725E0A637E9E8A274B98098EE1B80DBFCD8DE8,335D63138C50C9FDEAB0DD8F73906DF007F20B6E058476000C01188499974151,00B601DDE153CA34CF4784768192CFBAD551FE3A62FE5D2D729554A89700280C,187c0c4a85e705455ce7801e0ee20f2622844bc5d1e129b13c4fb4b0de64073c
200_8_3_1,20260812,100,initial-populations/200_8_3_1/seed-20260812.fourvec,30a3df85f5917ecba8f3a341ef4f086ddd7d11e40d81c2f8e69adaac2a47f092,90dd1272cf1ff85140de2789e809280450ed62c206d1d468594e52e855f25c95,f86d534cb584eec8c0df88249c8b54414678086e541b18e792c32b78e01f081b,87EFC35F27A94C857B795C74FF725E0A637E9E8A274B98098EE1B80DBFCD8DE8,335D63138C50C9FDEAB0DD8F73906DF007F20B6E058476000C01188499974151,00B601DDE153CA34CF4784768192CFBAD551FE3A62FE5D2D729554A89700280C,187c0c4a85e705455ce7801e0ee20f2622844bc5d1e129b13c4fb4b0de64073c
200_8_3_1,20260813,100,initial-populations/200_8_3_1/seed-20260813.fourvec,5f4b63182a11b638ff0ca09c546cdc6d3b6448435a12654bb2debed4172b35af,3181e3aaedbf8998d37734c23fe1245d6bf49a9c08649edb081682454ef13899,43d0c15a9110bc6b48d2450a0e3417c3b9c0c21e4536d66a821180bbe6b17899,87EFC35F27A94C857B795C74FF725E0A637E9E8A274B98098EE1B80DBFCD8DE8,335D63138C50C9FDEAB0DD8F73906DF007F20B6E058476000C01188499974151,00B601DDE153CA34CF4784768192CFBAD551FE3A62FE5D2D729554A89700280C,187c0c4a85e705455ce7801e0ee20f2622844bc5d1e129b13c4fb4b0de64073c
200_8_3_1,20260814,100,initial-populations/200_8_3_1/seed-20260814.fourvec,66c1feac48ca939d0815916fd140ce3c3efba07138c08fb3db296d16e3d15a24,cc5693c9cc74b14713c4213802c65572ffb714e96dad9aa767d7817300ace8fc,ffb18bba82996bfe6ea84c21541e92223b5540a86240f36f897d9059cdf1b37e,87EFC35F27A94C857B795C74FF725E0A637E9E8A274B98098EE1B80DBFCD8DE8,335D63138C50C9FDEAB0DD8F73906DF007F20B6E058476000C01188499974151,00B601DDE153CA34CF4784768192CFBAD551FE3A62FE5D2D729554A89700280C,187c0c4a85e705455ce7801e0ee20f2622844bc5d1e129b13c4fb4b0de64073c
200_8_3_1,20260815,100,initial-populations/200_8_3_1/seed-20260815.fourvec,bd2cf016f9e27b69f7e485da08a7e56b9191523eef2155c5c6922f899fc1f10e,5d162f26fb30eb77b9432cfd79bbde25c9a290e2e6c1c3420292cb2dac91d63d,e15fb459735666247edcd2d94a9e3fc73222ba232de8a4ba024aeb5be522bb61,87EFC35F27A94C857B795C74FF725E0A637E9E8A274B98098EE1B80DBFCD8DE8,335D63138C50C9FDEAB0DD8F73906DF007F20B6E058476000C01188499974151,00B601DDE153CA34CF4784768192CFBAD551FE3A62FE5D2D729554A89700280C,187c0c4a85e705455ce7801e0ee20f2622844bc5d1e129b13c4fb4b0de64073c
200_8_3_1,20260816,100,initial-populations/200_8_3_1/seed-20260816.fourvec,2f599a941c551a49f14dff436e4f7368fb0116b7c3d298881b163f324cdf5913,d365bfd033fd219049c69f78e29882b24d817ce83db7673ab8910a532b4aa991,8da9f7617ec2ced7ac9f881d6d1090604783f9f82d2f0afb0a9322c593802972,87EFC35F27A94C857B795C74FF725E0A637E9E8A274B98098EE1B80DBFCD8DE8,335D63138C50C9FDEAB0DD8F73906DF007F20B6E058476000C01188499974151,00B601DDE153CA34CF4784768192CFBAD551FE3A62FE5D2D729554A89700280C,187c0c4a85e705455ce7801e0ee20f2622844bc5d1e129b13c4fb4b0de64073c
200_8_3_1,20260817,100,initial-populations/200_8_3_1/seed-20260817.fourvec,42f89c3a3de7384297b37e251f2cf812442e00b8cf6c5645d15418614ccc5189,d386775b9bd1966e9693cd8337199ad973d10050ea27223b9ae9522143039c52,135b3743a4668268cb0dd88a7b7e9099c9e2775038949a7fd45cd3171d8ba6b3,87EFC35F27A94C857B795C74FF725E0A637E9E8A274B98098EE1B80DBFCD8DE8,335D63138C50C9FDEAB0DD8F73906DF007F20B6E058476000C01188499974151,00B601DDE153CA34CF4784768192CFBAD551FE3A62FE5D2D729554A89700280C,187c0c4a85e705455ce7801e0ee20f2622844bc5d1e129b13c4fb4b0de64073c
200_8_3_1,20260818,100,initial-populations/200_8_3_1/seed-20260818.fourvec,cd581d4fc177184cef4f01e5011194e68b0a4181f61a4160f58fc8364cba1d51,eb38e7730ad4d6b495eca46244a607ac840f6f1c462f6b4db2e9efb614c1ed06,4d047675757f2b5fc9dc58bc948a0f17b036ad84bf6c40f6d768a6f705a30d33,87EFC35F27A94C857B795C74FF725E0A637E9E8A274B98098EE1B80DBFCD8DE8,335D63138C50C9FDEAB0DD8F73906DF007F20B6E058476000C01188499974151,00B601DDE153CA34CF4784768192CFBAD551FE3A62FE5D2D729554A89700280C,187c0c4a85e705455ce7801e0ee20f2622844bc5d1e129b13c4fb4b0de64073c
200_8_3_1,20260819,100,initial-populations/200_8_3_1/seed-20260819.fourvec,c27e6fa4bb370361d633dfdfedfed1401d9d5e9c6cfaf360285d7efbaa6fd31b,9eff7d380e2cb30bd6bb68e389c5d6820ac9ac5aa63c5f30ee41c3c85492ce29,95af9375cf9d8de6a7785f23ffcf2a1422dab063e3c8ea17f34ee75d745f03dc,87EFC35F27A94C857B795C74FF725E0A637E9E8A274B98098EE1B80DBFCD8DE8,335D63138C50C9FDEAB0DD8F73906DF007F20B6E058476000C01188499974151,00B601DDE153CA34CF4784768192CFBAD551FE3A62FE5D2D729554A89700280C,187c0c4a85e705455ce7801e0ee20f2622844bc5d1e129b13c4fb4b0de64073c
200_8_3_1,20260820,100,initial-populations/200_8_3_1/seed-20260820.fourvec,75cbfc64628354cb8e0b60732135ba8db574e74f1c75080fcd2fb1f8dd435db5,a484d82217907202a8a29d2c1dd47d7d339868ae2612445d91ea70d97ad22b6e,3783783b7c6ed5df99b3652a47a5ce5e8b03dc583ca3f3e376c2a6eb029a4afd,87EFC35F27A94C857B795C74FF725E0A637E9E8A274B98098EE1B80DBFCD8DE8,335D63138C50C9FDEAB0DD8F73906DF007F20B6E058476000C01188499974151,00B601DDE153CA34CF4784768192CFBAD551FE3A62FE5D2D729554A89700280C,187c0c4a85e705455ce7801e0ee20f2622844bc5d1e129b13c4fb4b0de64073c
200_8_3_1,20260821,100,initial-populations/200_8_3_1/seed-20260821.fourvec,9a8033bca0420db74304ea64876bc17fa758719f9a62d903a69d83892b08fa7a,faae67a0a51f581b2329c907dbe8ccef6e5935696a6dc9a66060fdf4a968aa71,c29895790634b35debc495660511daf7b1a16ff4485f381917bc03a900c14a86,87EFC35F27A94C857B795C74FF725E0A637E9E8A274B98098EE1B80DBFCD8DE8,335D63138C50C9FDEAB0DD8F73906DF007F20B6E058476000C01188499974151,00B601DDE153CA34CF4784768192CFBAD551FE3A62FE5D2D729554A89700280C,187c0c4a85e705455ce7801e0ee20f2622844bc5d1e129b13c4fb4b0de64073c
200_8_3_1,20260822,100,initial-populations/200_8_3_1/seed-20260822.fourvec,231e4f751818bd4a5b56de875420f53ccc5faf84b85b5dd9b8ce9188fa640572,3936d7aff3a4dd779988efa1bfcaa809b744c4bc03cedc791c5d5a004aacd37b,d1cda9994194d96aaf8482042fa26f1b1b47f586804ca3c828d95d8c97b3506e,87EFC35F27A94C857B795C74FF725E0A637E9E8A274B98098EE1B80DBFCD8DE8,335D63138C50C9FDEAB0DD8F73906DF007F20B6E058476000C01188499974151,00B601DDE153CA34CF4784768192CFBAD551FE3A62FE5D2D729554A89700280C,187c0c4a85e705455ce7801e0ee20f2622844bc5d1e129b13c4fb4b0de64073c
200_8_3_1,20260823,100,initial-populations/200_8_3_1/seed-20260823.fourvec,88b45fb954c922576348fed1367973dccb26938ee283ed2be8330928c00b0b96,ebddfc6efc1b2bcb204b9332f58bc3592db4d15f539fc480583a6c1dece3d7e1,93dcefb8298f3c363764d585aad5e370a51231e0cee5a9ae2a9a036781ff3db1,87EFC35F27A94C857B795C74FF725E0A637E9E8A274B98098EE1B80DBFCD8DE8,335D63138C50C9FDEAB0DD8F73906DF007F20B6E058476000C01188499974151,00B601DDE153CA34CF4784768192CFBAD551FE3A62FE5D2D729554A89700280C,187c0c4a85e705455ce7801e0ee20f2622844bc5d1e129b13c4fb4b0de64073c
200_8_3_1,20260824,100,initial-populations/200_8_3_1/seed-20260824.fourvec,be371a0ba30b398fcab4f53a434eaddffab1693ae092da383d2dcbe04f7335f8,a86181427e0500f4a1ab2e1aea65525e6179742faaa99f8dd6f11d66f9858581,45259ed5d6f8c595b57d7615fcfff339e33ef9bdbf92895934566708091c88b3,87EFC35F27A94C857B795C74FF725E0A637E9E8A274B98098EE1B80DBFCD8DE8,335D63138C50C9FDEAB0DD8F73906DF007F20B6E058476000C01188499974151,00B601DDE153CA34CF4784768192CFBAD551FE3A62FE5D2D729554A89700280C,187c0c4a85e705455ce7801e0ee20f2622844bc5d1e129b13c4fb4b0de64073c
200_8_3_1,20260825,100,initial-populations/200_8_3_1/seed-20260825.fourvec,d826d2c8e998f0249d06a4620472835a9505d78fa75310aa6d43671e0df5c5ec,94429701353e4cc0db4591fb32777e99462ef3f411bb55e9cc4445e28d4d7138,c6dc0f6c1d3301ed2263b3f2099fda5d9d74e23d8d9d3ab77ad307e39a6c943a,87EFC35F27A94C857B795C74FF725E0A637E9E8A274B98098EE1B80DBFCD8DE8,335D63138C50C9FDEAB0DD8F73906DF007F20B6E058476000C01188499974151,00B601DDE153CA34CF4784768192CFBAD551FE3A62FE5D2D729554A89700280C,187c0c4a85e705455ce7801e0ee20f2622844bc5d1e129b13c4fb4b0de64073c
200_8_3_1,20260826,100,initial-populations/200_8_3_1/seed-20260826.fourvec,97fe826d2a01ec0eaae843b261843ec19e67bc1b444936ccbcb1462871df1de2,c74ebb768e156408ca36597ad9154b70ce5de300bcc9228eee98ec8e264f96e3,962de0626114b2a5b66f6a1b52e646274b6e071bff8c53f23eb236b6b3f1db39,87EFC35F27A94C857B795C74FF725E0A637E9E8A274B98098EE1B80DBFCD8DE8,335D63138C50C9FDEAB0DD8F73906DF007F20B6E058476000C01188499974151,00B601DDE153CA34CF4784768192CFBAD551FE3A62FE5D2D729554A89700280C,187c0c4a85e705455ce7801e0ee20f2622844bc5d1e129b13c4fb4b0de64073c
200_8_3_1,20260827,100,initial-populations/200_8_3_1/seed-20260827.fourvec,a578b97e164e91fd5b31b2ab4240d168118300ccb1adc49f1c33cb5e5752eb77,d60466fb18b387d7c9d3798739cdbd1cb693895fd669a5741fe35ca950eb08d2,20c1a6c77db33cdacb19c35a6bf845dc6c8dc725e69677dcd7292392b7117e7c,87EFC35F27A94C857B795C74FF725E0A637E9E8A274B98098EE1B80DBFCD8DE8,335D63138C50C9FDEAB0DD8F73906DF007F20B6E058476000C01188499974151,00B601DDE153CA34CF4784768192CFBAD551FE3A62FE5D2D729554A89700280C,187c0c4a85e705455ce7801e0ee20f2622844bc5d1e129b13c4fb4b0de64073c
200_8_4_1,20260808,100,initial-populations/200_8_4_1/seed-20260808.fourvec,f3b1c7975e8e52314b580d793fb2038e23bae85f43c32110f625e3e528937527,466eb996a7520b8b8cdfc06f53de27fdf8f5ac9185ea45595f7515b798623864,92705b0d5c69e620d41193169b36dcfc6433151f69ce7ab2f88ed8a1c8006631,074888E63D91D02B7FB1A915AF6BA00128FE73306FC9FA06C849D7D7B0175852,042CEC73B49AB41FFD33994BB0FE9A418BA29DCC0578433137B16BEF82C48228,6374C824A2C4E1C8C2C6BA867D0A47FA918C62DE307AFDE3BC7E6BA2918A9153,145de03876fe4098147d292dc7c6647ffd0bdd18c9cfbe47df303be90fc22475
200_8_4_1,20260809,100,initial-populations/200_8_4_1/seed-20260809.fourvec,5a674910a1534b940d32f2df41d3db999d1c5bb1dab2d6a74ae018c598b56c93,be10d2459ea2c4820b5efad8fb36246036063fe62817a16cf9127a968dfcee2c,9dfc27397555c80fd4770d6ab95545082127e88e4304ac087917cca8dc29d47d,074888E63D91D02B7FB1A915AF6BA00128FE73306FC9FA06C849D7D7B0175852,042CEC73B49AB41FFD33994BB0FE9A418BA29DCC0578433137B16BEF82C48228,6374C824A2C4E1C8C2C6BA867D0A47FA918C62DE307AFDE3BC7E6BA2918A9153,145de03876fe4098147d292dc7c6647ffd0bdd18c9cfbe47df303be90fc22475
200_8_4_1,20260810,100,initial-populations/200_8_4_1/seed-20260810.fourvec,f5f7f6b721c7743242afd0edc429a090e700469a1d5d32c5802412b7276cc5e7,47fbb0a971336b96414ed8295ac54ff4a05080c79869d30e214de38189969bbf,0eb82ccdeb778cabd246ed9b061a79c9f28d15941fd38cdd82636f129a0ca082,074888E63D91D02B7FB1A915AF6BA00128FE73306FC9FA06C849D7D7B0175852,042CEC73B49AB41FFD33994BB0FE9A418BA29DCC0578433137B16BEF82C48228,6374C824A2C4E1C8C2C6BA867D0A47FA918C62DE307AFDE3BC7E6BA2918A9153,145de03876fe4098147d292dc7c6647ffd0bdd18c9cfbe47df303be90fc22475
200_8_4_1,20260811,100,initial-populations/200_8_4_1/seed-20260811.fourvec,0b2f253a1bc8e3ec9933aedd26e7b7f0f100731bf5af7eb3bb6707b7cc55bab0,3fa0e56ddd448c43ca12ff2d4ae7e67ce5ab73cd709d46819069e704b1a1d814,88fd7b0d3eff533424205ed81a44eaf7731f983fc9bc445c817fe38ff42b2b17,074888E63D91D02B7FB1A915AF6BA00128FE73306FC9FA06C849D7D7B0175852,042CEC73B49AB41FFD33994BB0FE9A418BA29DCC0578433137B16BEF82C48228,6374C824A2C4E1C8C2C6BA867D0A47FA918C62DE307AFDE3BC7E6BA2918A9153,145de03876fe4098147d292dc7c6647ffd0bdd18c9cfbe47df303be90fc22475
200_8_4_1,20260812,100,initial-populations/200_8_4_1/seed-20260812.fourvec,34898c4fcb2edbb8ebb2616262feff94c2ce5c3bcbe435131073f0461297afb4,92620a1e96618eaaa914707199f634a5adff3c805a342dcbbb0428ba9e4f887c,555985e14768685d685e3f4fcb0a7f2c79e0d77fb72f56e49ca04a14f9ad1c5b,074888E63D91D02B7FB1A915AF6BA00128FE73306FC9FA06C849D7D7B0175852,042CEC73B49AB41FFD33994BB0FE9A418BA29DCC0578433137B16BEF82C48228,6374C824A2C4E1C8C2C6BA867D0A47FA918C62DE307AFDE3BC7E6BA2918A9153,145de03876fe4098147d292dc7c6647ffd0bdd18c9cfbe47df303be90fc22475
200_8_4_1,20260813,100,initial-populations/200_8_4_1/seed-20260813.fourvec,6196e99ed1aee83e85c64e8fdf526a35246b009991dc7faa0ac9c20d8f4eb07e,d568f068a72a93c8a33dc71e21bd8e3d89f2a12684ec2b8383a40de207477c29,2d2bcebcb5fc5b3343b204a7d66f5e5e704805a2f661a2da6cb7ca4474d99e37,074888E63D91D02B7FB1A915AF6BA00128FE73306FC9FA06C849D7D7B0175852,042CEC73B49AB41FFD33994BB0FE9A418BA29DCC0578433137B16BEF82C48228,6374C824A2C4E1C8C2C6BA867D0A47FA918C62DE307AFDE3BC7E6BA2918A9153,145de03876fe4098147d292dc7c6647ffd0bdd18c9cfbe47df303be90fc22475
200_8_4_1,20260814,100,initial-populations/200_8_4_1/seed-20260814.fourvec,f3a0c64c2671bcfa5881b7c13432cbc9836b55f2a05efa657b6395666abbb051,25952acffd17061c811ae2812b17f8defba8c867c1683e12991b5f8e1ea7c036,cf101fba28b0381dfd7f1eb7a591354402cc02cb2310b57aa03f7e8de81e552d,074888E63D91D02B7FB1A915AF6BA00128FE73306FC9FA06C849D7D7B0175852,042CEC73B49AB41FFD33994BB0FE9A418BA29DCC0578433137B16BEF82C48228,6374C824A2C4E1C8C2C6BA867D0A47FA918C62DE307AFDE3BC7E6BA2918A9153,145de03876fe4098147d292dc7c6647ffd0bdd18c9cfbe47df303be90fc22475
200_8_4_1,20260815,100,initial-populations/200_8_4_1/seed-20260815.fourvec,55db68cea618eacc71c766e3e41192714248825244450ac602cd7e791544e053,0599a3559e6af34cfb4632ad4f900ad72570421261a2332ddbc6f002cb965d83,4826403f9f2f646df503a4a87bf8012dafae8cf1c1fb211e90c4385dd3d6429a,074888E63D91D02B7FB1A915AF6BA00128FE73306FC9FA06C849D7D7B0175852,042CEC73B49AB41FFD33994BB0FE9A418BA29DCC0578433137B16BEF82C48228,6374C824A2C4E1C8C2C6BA867D0A47FA918C62DE307AFDE3BC7E6BA2918A9153,145de03876fe4098147d292dc7c6647ffd0bdd18c9cfbe47df303be90fc22475
200_8_4_1,20260816,100,initial-populations/200_8_4_1/seed-20260816.fourvec,fd7bdbea5785044ab321192a2038e84cc36e4a6edb025ffb99a9966cb3ebc028,c9f38db58adc8f1b8699cd8998ec6a6dac9a54cd93276dbb7305736593654736,d1de5fc5127f830441fc9169463fa11fb14c0ddc5615e8b9aed2e5c2d6657f65,074888E63D91D02B7FB1A915AF6BA00128FE73306FC9FA06C849D7D7B0175852,042CEC73B49AB41FFD33994BB0FE9A418BA29DCC0578433137B16BEF82C48228,6374C824A2C4E1C8C2C6BA867D0A47FA918C62DE307AFDE3BC7E6BA2918A9153,145de03876fe4098147d292dc7c6647ffd0bdd18c9cfbe47df303be90fc22475
200_8_4_1,20260817,100,initial-populations/200_8_4_1/seed-20260817.fourvec,13b29e1b0b23f7b4e75c482f1ed5dcb92e62e757394aa95c53bb470fb69803e1,a00b4775e7cfe527b73a36cd7e57254def60b31ace4839932153345a8aedaacb,051865a96d019f21ff390a4eb4cfc98e73330e694ee453f98d1afe8338e1ab3b,074888E63D91D02B7FB1A915AF6BA00128FE73306FC9FA06C849D7D7B0175852,042CEC73B49AB41FFD33994BB0FE9A418BA29DCC0578433137B16BEF82C48228,6374C824A2C4E1C8C2C6BA867D0A47FA918C62DE307AFDE3BC7E6BA2918A9153,145de03876fe4098147d292dc7c6647ffd0bdd18c9cfbe47df303be90fc22475
200_8_4_1,20260818,100,initial-populations/200_8_4_1/seed-20260818.fourvec,46f2532d795d311269a728b830d8cae5b34968b9459546e006abfd0156f3f687,ba4418a665e73c961c454fad6d9f71512492aa7373aa88b8ea44cf937ac1b192,1b02346ef57bb81a226d781afa787bfee59ba31c459d3e6c54f87c038a0b2e39,074888E63D91D02B7FB1A915AF6BA00128FE73306FC9FA06C849D7D7B0175852,042CEC73B49AB41FFD33994BB0FE9A418BA29DCC0578433137B16BEF82C48228,6374C824A2C4E1C8C2C6BA867D0A47FA918C62DE307AFDE3BC7E6BA2918A9153,145de03876fe4098147d292dc7c6647ffd0bdd18c9cfbe47df303be90fc22475
200_8_4_1,20260819,100,initial-populations/200_8_4_1/seed-20260819.fourvec,962c9897767f1011cdab509062e2bf254e09ee5f13a2e48a8e2e9ef31c729105,a6dc50ee08da33ecb5f1329b35ad961f7c2679f3ce21bd6c7b3259e7a16fb919,48034cc3ece71809dbb082e6b7bcc15890a1fa2666d2ffcd199c5e6eea1769e6,074888E63D91D02B7FB1A915AF6BA00128FE73306FC9FA06C849D7D7B0175852,042CEC73B49AB41FFD33994BB0FE9A418BA29DCC0578433137B16BEF82C48228,6374C824A2C4E1C8C2C6BA867D0A47FA918C62DE307AFDE3BC7E6BA2918A9153,145de03876fe4098147d292dc7c6647ffd0bdd18c9cfbe47df303be90fc22475
200_8_4_1,20260820,100,initial-populations/200_8_4_1/seed-20260820.fourvec,87ba0ed3ed4a171db2d23655133f86b49335a01a7b9255b88fe780b407eb6314,0b0aa8f9234cccdbd7b35ffa2965ab44a96616806b280ab69063a42886665526,e2e620a4878d7739cecf12946678ee46792f3f156fdf75f62cc9eb39cf523caa,074888E63D91D02B7FB1A915AF6BA00128FE73306FC9FA06C849D7D7B0175852,042CEC73B49AB41FFD33994BB0FE9A418BA29DCC0578433137B16BEF82C48228,6374C824A2C4E1C8C2C6BA867D0A47FA918C62DE307AFDE3BC7E6BA2918A9153,145de03876fe4098147d292dc7c6647ffd0bdd18c9cfbe47df303be90fc22475
200_8_4_1,20260821,100,initial-populations/200_8_4_1/seed-20260821.fourvec,6637e3eae68d8259ea0d42277e988b924c152b01a5d1db482fd47dcd46f5f4dc,39f326018fb6c3a1933f9e0a56d4c6007f2076c9b4262e0d03bc2c3582637c7c,f810fe88e8ecaeeb68f72f19bf79dc4f465aa7a294a1dd808609d1567aabb447,074888E63D91D02B7FB1A915AF6BA00128FE73306FC9FA06C849D7D7B0175852,042CEC73B49AB41FFD33994BB0FE9A418BA29DCC0578433137B16BEF82C48228,6374C824A2C4E1C8C2C6BA867D0A47FA918C62DE307AFDE3BC7E6BA2918A9153,145de03876fe4098147d292dc7c6647ffd0bdd18c9cfbe47df303be90fc22475
200_8_4_1,20260822,100,initial-populations/200_8_4_1/seed-20260822.fourvec,07b260a681235d11afc9d045ea27b3590cef10d0c289ba2dc26078103aaf9c7f,82bdbe47bfe4f16361208fa73987b20a061b6b140dacb304284a3a00dabe682b,23011adf520d5269fb25f2c98cec574310eeb3a306ebf4dd3c41e140665898b3,074888E63D91D02B7FB1A915AF6BA00128FE73306FC9FA06C849D7D7B0175852,042CEC73B49AB41FFD33994BB0FE9A418BA29DCC0578433137B16BEF82C48228,6374C824A2C4E1C8C2C6BA867D0A47FA918C62DE307AFDE3BC7E6BA2918A9153,145de03876fe4098147d292dc7c6647ffd0bdd18c9cfbe47df303be90fc22475
200_8_4_1,20260823,100,initial-populations/200_8_4_1/seed-20260823.fourvec,0b59a27bda4ee5cb7a4e64158d5e3f64fbee292e1b36cf5fee905a552506b37c,f42e1e031c9baeefb9c05d074825f7954b6313cd01ca18f43ddc9ae4d5bd8ad7,c5a57dfa25399afc1619f426679e67f865699f883443523d30352e51176ed79b,074888E63D91D02B7FB1A915AF6BA00128FE73306FC9FA06C849D7D7B0175852,042CEC73B49AB41FFD33994BB0FE9A418BA29DCC0578433137B16BEF82C48228,6374C824A2C4E1C8C2C6BA867D0A47FA918C62DE307AFDE3BC7E6BA2918A9153,145de03876fe4098147d292dc7c6647ffd0bdd18c9cfbe47df303be90fc22475
200_8_4_1,20260824,100,initial-populations/200_8_4_1/seed-20260824.fourvec,4c775fbb7a543b08308d55ce765ba564d96ca04b4342135ddf65bc6b3b891e3d,e16d2ed6ad1a6382cad2467f218e2c50ed16db15111fb21c5121883d0b04d94a,ff1727af0f920050e8ba0b161d883716c56a29d8db5b0149f4a18ee20313fdf5,074888E63D91D02B7FB1A915AF6BA00128FE73306FC9FA06C849D7D7B0175852,042CEC73B49AB41FFD33994BB0FE9A418BA29DCC0578433137B16BEF82C48228,6374C824A2C4E1C8C2C6BA867D0A47FA918C62DE307AFDE3BC7E6BA2918A9153,145de03876fe4098147d292dc7c6647ffd0bdd18c9cfbe47df303be90fc22475
200_8_4_1,20260825,100,initial-populations/200_8_4_1/seed-20260825.fourvec,bb5296840332d0e715e51ee00df79e3c1f300ba3b15ef95bafae6f6aa8dfaf1b,d2e9e951c8c8960b138554be908bdd5fb293077abf46d7573effbe97a2b6cca8,662ba4489a4a96b226b566e78bea67b05245d637545e666f244b8b6ec9770fa9,074888E63D91D02B7FB1A915AF6BA00128FE73306FC9FA06C849D7D7B0175852,042CEC73B49AB41FFD33994BB0FE9A418BA29DCC0578433137B16BEF82C48228,6374C824A2C4E1C8C2C6BA867D0A47FA918C62DE307AFDE3BC7E6BA2918A9153,145de03876fe4098147d292dc7c6647ffd0bdd18c9cfbe47df303be90fc22475
200_8_4_1,20260826,100,initial-populations/200_8_4_1/seed-20260826.fourvec,7821af992443b713744516ee8fd6ec9fa96aaa71621687584c82f690e20b7252,ca1b9858791de33bc4db91d88dd310dbcf44b09681256083a7257072c1fdeb4e,31caa88bcccba439f5ab4028ba1dc5c356ab780318726d71551e4dd7f89dd4c6,074888E63D91D02B7FB1A915AF6BA00128FE73306FC9FA06C849D7D7B0175852,042CEC73B49AB41FFD33994BB0FE9A418BA29DCC0578433137B16BEF82C48228,6374C824A2C4E1C8C2C6BA867D0A47FA918C62DE307AFDE3BC7E6BA2918A9153,145de03876fe4098147d292dc7c6647ffd0bdd18c9cfbe47df303be90fc22475
200_8_4_1,20260827,100,initial-populations/200_8_4_1/seed-20260827.fourvec,6f7e2d47799c81212fe9e19975437bf111b642073fbb91d40be359f68998cbad,23c0a640e58703e59cb70537176e4620448f38ae92807592cb6933412b9a1993,0a806b4b4acbbc7ed20133e7bed18d2f9ab8832c127cb14e322fe858d1cf6415,074888E63D91D02B7FB1A915AF6BA00128FE73306FC9FA06C849D7D7B0175852,042CEC73B49AB41FFD33994BB0FE9A418BA29DCC0578433137B16BEF82C48228,6374C824A2C4E1C8C2C6BA867D0A47FA918C62DE307AFDE3BC7E6BA2918A9153,145de03876fe4098147d292dc7c6647ffd0bdd18c9cfbe47df303be90fc22475
200_8_5_1,20260808,100,initial-populations/200_8_5_1/seed-20260808.fourvec,23cc4c08e6a8af2a6b2b1c6cfb28278d6fc500a8244a82cb683e2a375619e8f1,58a1ab77158716ccd748846bbf73a0e884b770be4eff2c9082c023f70b10c6af,de133e5bfd7b8ee4245432b8ace1bc25db8943ac693476cc048cf558b6c19ed6,B28FC23335129221ABA89F9C9EAD00CA739F107A43EA3117183E32036B323169,928BDC7011DF14F5715C60C20103FFA24C5085752B60691A1E2A9C428CD2A696,7225E73B13CC33A137825EC47D07A07289FE53CF0323E62E41F7BB30077C56DF,1895f0d3340c7c6e10ebbb1149be85ede798d05cec31bbe01312de091ae34944
200_8_5_1,20260809,100,initial-populations/200_8_5_1/seed-20260809.fourvec,314675e39d4f6691efe036a287c08a302a5767d3347db02de14453ddfaec4c74,9b15a8bf74ce7f9973da960099d685b6bb4e261853257b82558295dfd554cd13,2d6d387d3091524c9e45fcffd693c8bdf7b6596b0d2aff1186d9a25878faa122,B28FC23335129221ABA89F9C9EAD00CA739F107A43EA3117183E32036B323169,928BDC7011DF14F5715C60C20103FFA24C5085752B60691A1E2A9C428CD2A696,7225E73B13CC33A137825EC47D07A07289FE53CF0323E62E41F7BB30077C56DF,1895f0d3340c7c6e10ebbb1149be85ede798d05cec31bbe01312de091ae34944
200_8_5_1,20260810,100,initial-populations/200_8_5_1/seed-20260810.fourvec,53ecd73e1186a5be1591e1c84a83ef68ff6d6606b835cc65c72a003a0b84ca80,d9d5f13ec4d0c9f261800431fda341ed1140ed0f17d260faec4b264a4da49355,6dca106741dd1afed7c807a2b691a31d3c20d604a8139409e9c13fae9aa7f26c,B28FC23335129221ABA89F9C9EAD00CA739F107A43EA3117183E32036B323169,928BDC7011DF14F5715C60C20103FFA24C5085752B60691A1E2A9C428CD2A696,7225E73B13CC33A137825EC47D07A07289FE53CF0323E62E41F7BB30077C56DF,1895f0d3340c7c6e10ebbb1149be85ede798d05cec31bbe01312de091ae34944
200_8_5_1,20260811,100,initial-populations/200_8_5_1/seed-20260811.fourvec,fd50e3514bd811084d4429615b77700e7a7a77feb2b9be3798f3524f28ba6e1f,b0c5a104d3616950051d03a2a6caf7e47e287b4d270c7783cda7286b9277115b,b45c2e998c599d6a14cb67eaf8cf57cd980dd5997199107b9bf62fd70ea1ca5c,B28FC23335129221ABA89F9C9EAD00CA739F107A43EA3117183E32036B323169,928BDC7011DF14F5715C60C20103FFA24C5085752B60691A1E2A9C428CD2A696,7225E73B13CC33A137825EC47D07A07289FE53CF0323E62E41F7BB30077C56DF,1895f0d3340c7c6e10ebbb1149be85ede798d05cec31bbe01312de091ae34944
200_8_5_1,20260812,100,initial-populations/200_8_5_1/seed-20260812.fourvec,1366ea6d6a6a71b52b83af4475324dbb3da99dedd6dfe229340cbf9459cda8af,6866b63d22843e94d41f548600f17d4d59e9e2a8515efdba21ce6e873b95ec65,b9ed7b428513ae79787ebdf4b7fa0bc9b276ed94a9bb73fdc50482810eb92894,B28FC23335129221ABA89F9C9EAD00CA739F107A43EA3117183E32036B323169,928BDC7011DF14F5715C60C20103FFA24C5085752B60691A1E2A9C428CD2A696,7225E73B13CC33A137825EC47D07A07289FE53CF0323E62E41F7BB30077C56DF,1895f0d3340c7c6e10ebbb1149be85ede798d05cec31bbe01312de091ae34944
200_8_5_1,20260813,100,initial-populations/200_8_5_1/seed-20260813.fourvec,0afda318d3daeeda55bc0e3cb4a43bdaba05c2181dc9d912a7221e7563982693,c1a59169f93de290f75d022f6fc7d7ff47f2471956df490330369cbf56c30832,fb3324c132515cdcc6a3711c25ded22d546afcccd839cbbe165910077422661b,B28FC23335129221ABA89F9C9EAD00CA739F107A43EA3117183E32036B323169,928BDC7011DF14F5715C60C20103FFA24C5085752B60691A1E2A9C428CD2A696,7225E73B13CC33A137825EC47D07A07289FE53CF0323E62E41F7BB30077C56DF,1895f0d3340c7c6e10ebbb1149be85ede798d05cec31bbe01312de091ae34944
200_8_5_1,20260814,100,initial-populations/200_8_5_1/seed-20260814.fourvec,c46cfb70b5743c01547bca5b5a10c5d69ea60443b72c7e252e9a3a9c501c60a1,1db101ea58fe08fa37f72e8c65dc20f9c2a17310f4a60e40b7447ce1001c7650,95cdfa99220d3d826ffc781dc65cf234fe2a79db85a096fc2b82c3b21be0870f,B28FC23335129221ABA89F9C9EAD00CA739F107A43EA3117183E32036B323169,928BDC7011DF14F5715C60C20103FFA24C5085752B60691A1E2A9C428CD2A696,7225E73B13CC33A137825EC47D07A07289FE53CF0323E62E41F7BB30077C56DF,1895f0d3340c7c6e10ebbb1149be85ede798d05cec31bbe01312de091ae34944
200_8_5_1,20260815,100,initial-populations/200_8_5_1/seed-20260815.fourvec,485e8dd270a93e2c85b548bd04b5d2c9291755ddd98edc41de6c20b59f7c6cfe,bfacac54411aca2c4b2e3ccaec641c77606b1af508a277a4f8232df67b9bc60b,2c468b3071237da272a9b77e5541b6bcc0baab9591d18a174118ac3ac388b041,B28FC23335129221ABA89F9C9EAD00CA739F107A43EA3117183E32036B323169,928BDC7011DF14F5715C60C20103FFA24C5085752B60691A1E2A9C428CD2A696,7225E73B13CC33A137825EC47D07A07289FE53CF0323E62E41F7BB30077C56DF,1895f0d3340c7c6e10ebbb1149be85ede798d05cec31bbe01312de091ae34944
200_8_5_1,20260816,100,initial-populations/200_8_5_1/seed-20260816.fourvec,7c972b03ae9f529070674b9e297c5acc525caf82f38d1204a6c547118b6bd5bb,3e6dc37d699dab8b06250832139a7f3ef524de6588e140b1a32cce5327bde47f,ef7864ca0e83d4bc76845aed6301f19304dc21c5534fe563b3801895bea892a6,B28FC23335129221ABA89F9C9EAD00CA739F107A43EA3117183E32036B323169,928BDC7011DF14F5715C60C20103FFA24C5085752B60691A1E2A9C428CD2A696,7225E73B13CC33A137825EC47D07A07289FE53CF0323E62E41F7BB30077C56DF,1895f0d3340c7c6e10ebbb1149be85ede798d05cec31bbe01312de091ae34944
200_8_5_1,20260817,100,initial-populations/200_8_5_1/seed-20260817.fourvec,f50e02fa589112a9df519938024dd98bb2b80c810d59d03b7dd2a761cd27b4f2,26baec0cae0623e3710dcd24d1cb31fd5c805928e446d8ca4db81670eab12ec4,372e2ff6ba87ffb4ce811a40dfd42b3870827fc5b0ce9c39a5cc111938997dd5,B28FC23335129221ABA89F9C9EAD00CA739F107A43EA3117183E32036B323169,928BDC7011DF14F5715C60C20103FFA24C5085752B60691A1E2A9C428CD2A696,7225E73B13CC33A137825EC47D07A07289FE53CF0323E62E41F7BB30077C56DF,1895f0d3340c7c6e10ebbb1149be85ede798d05cec31bbe01312de091ae34944
200_8_5_1,20260818,100,initial-populations/200_8_5_1/seed-20260818.fourvec,09ef00aeb03b38b97a932c0ed58e69aea9d983f4a622d6a9aca4e564c488caed,36970edec52fd39573555a83a3539c15786de37cb7fe05149e686a0f14e82f43,1ca639b87633bc37b90c8367c1abcd61bde5444e05a41d5db5910b7ee4ae436c,B28FC23335129221ABA89F9C9EAD00CA739F107A43EA3117183E32036B323169,928BDC7011DF14F5715C60C20103FFA24C5085752B60691A1E2A9C428CD2A696,7225E73B13CC33A137825EC47D07A07289FE53CF0323E62E41F7BB30077C56DF,1895f0d3340c7c6e10ebbb1149be85ede798d05cec31bbe01312de091ae34944
200_8_5_1,20260819,100,initial-populations/200_8_5_1/seed-20260819.fourvec,cf9e6554a5a5c98135662c2fa8967445fb7fc28b952266f166199bb342af173f,550e45f4544f8fff00b6a8b5fbf9c688e38e20d95df9f7c2d73c4df090f00029,3ec3e8352f88e661f2b2f255b86f9a7cda8ad573b22f826da67b5b8329b4e9e5,B28FC23335129221ABA89F9C9EAD00CA739F107A43EA3117183E32036B323169,928BDC7011DF14F5715C60C20103FFA24C5085752B60691A1E2A9C428CD2A696,7225E73B13CC33A137825EC47D07A07289FE53CF0323E62E41F7BB30077C56DF,1895f0d3340c7c6e10ebbb1149be85ede798d05cec31bbe01312de091ae34944
200_8_5_1,20260820,100,initial-populations/200_8_5_1/seed-20260820.fourvec,28e69372d5bd70125da845e7f27036e21f2dbb25f258c97c3d60e113d8fa83ce,b9f4339746a7c271694d52c8d0ecf041294380538b4503f64b0a411594256080,cfc4d321bcee304191d0ca1f2c130bb304200454ad6311644c051a8cb0302e10,B28FC23335129221ABA89F9C9EAD00CA739F107A43EA3117183E32036B323169,928BDC7011DF14F5715C60C20103FFA24C5085752B60691A1E2A9C428CD2A696,7225E73B13CC33A137825EC47D07A07289FE53CF0323E62E41F7BB30077C56DF,1895f0d3340c7c6e10ebbb1149be85ede798d05cec31bbe01312de091ae34944
200_8_5_1,20260821,100,initial-populations/200_8_5_1/seed-20260821.fourvec,213a9291f6e2b801cbeab9b81cbe8174e6e43569744dac486272a9a5aa7c8768,f082afaf2711dcd30708c9f9e187426e7f7018fa23bec794bcbcd7163b3fa4dd,2cf11994f1d482712b3b18cedd9ea3c2d3ceac6647c362ac9a6bad7f1cd6a38f,B28FC23335129221ABA89F9C9EAD00CA739F107A43EA3117183E32036B323169,928BDC7011DF14F5715C60C20103FFA24C5085752B60691A1E2A9C428CD2A696,7225E73B13CC33A137825EC47D07A07289FE53CF0323E62E41F7BB30077C56DF,1895f0d3340c7c6e10ebbb1149be85ede798d05cec31bbe01312de091ae34944
200_8_5_1,20260822,100,initial-populations/200_8_5_1/seed-20260822.fourvec,634ccd07f377f1c7ec83d05f47d329fbb7d745bec7d74bba9bb067aa699d29ee,d9fa79fabfc305f174ca8b6950a602a81da5a918cc8b916fa80b0692bb0e1937,b06155ee2a7d618ef081e2d0d5a6c65f579ccc9656b89e765b88ed79058e7e1c,B28FC23335129221ABA89F9C9EAD00CA739F107A43EA3117183E32036B323169,928BDC7011DF14F5715C60C20103FFA24C5085752B60691A1E2A9C428CD2A696,7225E73B13CC33A137825EC47D07A07289FE53CF0323E62E41F7BB30077C56DF,1895f0d3340c7c6e10ebbb1149be85ede798d05cec31bbe01312de091ae34944
200_8_5_1,20260823,100,initial-populations/200_8_5_1/seed-20260823.fourvec,053301ba0944afd5684484cc7905160bc884626ee6074caabba0f8e7535d774a,cd49fe362daa47006128906f7047ae9a26536c25b396811204709912fc78373c,30fc51d986b6b9b8d6982b1e4a3231846d3092a63d1f681d378bc8ae33111d92,B28FC23335129221ABA89F9C9EAD00CA739F107A43EA3117183E32036B323169,928BDC7011DF14F5715C60C20103FFA24C5085752B60691A1E2A9C428CD2A696,7225E73B13CC33A137825EC47D07A07289FE53CF0323E62E41F7BB30077C56DF,1895f0d3340c7c6e10ebbb1149be85ede798d05cec31bbe01312de091ae34944
200_8_5_1,20260824,100,initial-populations/200_8_5_1/seed-20260824.fourvec,5cc3139ac9d5790bf32500137da0e70ed15c03b1d78fed3b3f07a46c5d2536f5,daa53cd43081092cbcb3b8ae8959fe445ad81d8f8e98b9edf4d13655ec96025d,190e4aa3ebea8422ceac0ae730869d2718305fbc37676008bedfdf44d00db9a4,B28FC23335129221ABA89F9C9EAD00CA739F107A43EA3117183E32036B323169,928BDC7011DF14F5715C60C20103FFA24C5085752B60691A1E2A9C428CD2A696,7225E73B13CC33A137825EC47D07A07289FE53CF0323E62E41F7BB30077C56DF,1895f0d3340c7c6e10ebbb1149be85ede798d05cec31bbe01312de091ae34944
200_8_5_1,20260825,100,initial-populations/200_8_5_1/seed-20260825.fourvec,cd1567781f98d09624accbb013d877fc963426e7092ce2e79f34d6c058bc7984,2d31231d449488d2eed3129ff3e9dced347034879246ee574402bd940e3d4318,342e72991ee3d90b372716d46420c2cf2bc3798cbe30d5df95a72ffe7683ea23,B28FC23335129221ABA89F9C9EAD00CA739F107A43EA3117183E32036B323169,928BDC7011DF14F5715C60C20103FFA24C5085752B60691A1E2A9C428CD2A696,7225E73B13CC33A137825EC47D07A07289FE53CF0323E62E41F7BB30077C56DF,1895f0d3340c7c6e10ebbb1149be85ede798d05cec31bbe01312de091ae34944
200_8_5_1,20260826,100,initial-populations/200_8_5_1/seed-20260826.fourvec,1aed04dc09341e739eed12b8852951bd751587f5dfa2640e0c7b74fe846d5550,20fad5e638880c149c0e52308f7f12b9cdb3afa831a3b292ce0f7e760c12b3fd,6400a63b023b4309f3abf1d6d3ab1157d3ef90654044ebb777143e19bc330b76,B28FC23335129221ABA89F9C9EAD00CA739F107A43EA3117183E32036B323169,928BDC7011DF14F5715C60C20103FFA24C5085752B60691A1E2A9C428CD2A696,7225E73B13CC33A137825EC47D07A07289FE53CF0323E62E41F7BB30077C56DF,1895f0d3340c7c6e10ebbb1149be85ede798d05cec31bbe01312de091ae34944
200_8_5_1,20260827,100,initial-populations/200_8_5_1/seed-20260827.fourvec,ccce0483f1c398d0a730e5cd0b541c6e65f54eebaefaad1dae282e21a18c51a6,3ea2a32e8f8db4bc7525103a384e57b9ebb3e5f3cca2d1f0486f7730f3b23b7f,86469d1d161d1f2adf8d6b9a9a57edef0e6c0a9e1037c4030bf9080ff04600e9,B28FC23335129221ABA89F9C9EAD00CA739F107A43EA3117183E32036B323169,928BDC7011DF14F5715C60C20103FFA24C5085752B60691A1E2A9C428CD2A696,7225E73B13CC33A137825EC47D07A07289FE53CF0323E62E41F7BB30077C56DF,1895f0d3340c7c6e10ebbb1149be85ede798d05cec31bbe01312de091ae34944
