p6EventsTotal=94518,p6EventsRetained=4096,formalOuterCycles=18,formalQgRounds=900,baselineUpdateEvents=90000,fixedNeighborhoodEvents=467952,pddrEvents=18,qgSelections=3600,qgTdUpdates=3600,qpActions=0,qpTransitions=0,cfvfOffspring=0,cfvfRepairs=0,archiveInsertions=0,directionalPoolRequests=0,directionalPoolFiltered=0,caTaLiteTest=0,caTaLiteApply=0,caTaLiteFE=0,pressureDiagnosisEvents=0,shadowSamples=0,shadowEvaluations=0,formalLocalFE=409900,dualQWarmup=0,dualQP=0,dualQG=0,dscr=disabled,algorithmRunNanos=43162258736,decoder=calls=500000,baseDecodeNanos=13629901093,leftShiftNanos=0,rightShiftNanos=0,decoderTotalNanos=13656625933,frameworkOverheadNanos=26724840,leftRecomputations=0,rightRecomputations=0,leftAccepted=0,rightAccepted=0
fc6DiagBegin
fc6diagSeed=20260822
fc6diagRounds=18
fc6diagBoundaryPool=54 (cmax=18,tec=18,twc=18,multiRole=0)
fc6diagActualRescues=0 (cmax=0,tec=0,twc=0)
fc6diagDisplacements=0
fc6diagCumulativeRescues=cmax=0,tec=0,twc=0
fc6diagCycleBegin
fc6diagCycle 1	fe=29322	popSize=100	popND=36	archSize=52	popRanges=cmax[193.99179875581996,465.4653925039565,271.4735937481365],tec[8739.751819893716,11542.069215136511,2802.317395242795],twc[12929.878407525386,20244.6129721854,7314.734564660015]	archRanges=cmax[193.99179875581996,465.4653925039565,271.4735937481365],tec[8739.751819893716,12814.073865302984,4074.322045409268],twc[12929.878407525386,19268.189719808728,6338.311312283342]	rescues=0(cmax=0,tec=0,twc=0)	displaced=0	teacherSel=0	cfvfGbestLearn=0
fc6diagCycle 2	fe=58109	popSize=100	popND=74	archSize=97	popRanges=cmax[191.7329901343105,402.7593501476614,211.02636001335088],tec[8582.492225852595,11431.718260616224,2849.2260347636293],twc[12880.566434434062,18791.39746420918,5910.8310297751195]	archRanges=cmax[191.7329901343105,402.7593501476614,211.02636001335088],tec[8582.492225852595,11431.718260616224,2849.2260347636293],twc[12880.566434434062,18715.70761456435,5835.141180130289]	rescues=0(cmax=0,tec=0,twc=0)	displaced=0	teacherSel=0	cfvfGbestLearn=0
fc6diagCycle 3	fe=86784	popSize=100	popND=100	archSize=110	popRanges=cmax[191.7329901343105,402.7593501476614,211.02636001335088],tec[8578.538376444601,10994.71895590171,2416.1805794571083],twc[12880.566434434062,18791.39746420918,5910.8310297751195]	archRanges=cmax[191.7329901343105,402.7593501476614,211.02636001335088],tec[8578.538376444601,11431.718260616224,2853.1798841716227],twc[12822.795713375477,18715.70761456435,5892.911901188874]	rescues=0(cmax=0,tec=0,twc=0)	displaced=0	teacherSel=0	cfvfGbestLearn=0
fc6diagCycle 4	fe=115581	popSize=100	popND=88	archSize=125	popRanges=cmax[191.7329901343105,369.6792578030498,177.94626766873927],tec[8578.538376444601,10994.71895590171,2416.1805794571083],twc[12880.566434434062,17907.711313153468,5027.144878719406]	archRanges=cmax[191.7329901343105,402.7593501476614,211.02636001335088],tec[8578.538376444601,11431.718260616224,2853.1798841716227],twc[12822.795713375477,17907.711313153468,5084.915599777991]	rescues=0(cmax=0,tec=0,twc=0)	displaced=0	teacherSel=0	cfvfGbestLearn=0
fc6diagCycle 5	fe=144442	popSize=100	popND=100	archSize=180	popRanges=cmax[197.231354813189,403.4879279956483,206.2565731824593],tec[8578.538376444601,10800.73657312628,2222.1981966816784],twc[12899.054022036082,17907.711313153468,5008.657291117386]	archRanges=cmax[191.7329901343105,403.4879279956483,211.7549378613378],tec[8578.538376444601,11431.718260616224,2853.1798841716227],twc[12822.795713375477,17907.711313153468,5084.915599777991]	rescues=0(cmax=0,tec=0,twc=0)	displaced=0	teacherSel=0	cfvfGbestLearn=0
fc6diagCycle 6	fe=173139	popSize=100	popND=85	archSize=174	popRanges=cmax[197.231354813189,379.1241473614047,181.8927925482157],tec[8568.669903073715,10800.73657312628,2232.0666700525653],twc[12597.100278990023,17621.554055843648,5024.453776853625]	archRanges=cmax[191.7329901343105,379.1241473614047,187.3911572270942],tec[8568.669903073715,11431.718260616224,2863.0483575425096],twc[12597.100278990023,17570.766273296056,4973.665994306033]	rescues=0(cmax=0,tec=0,twc=0)	displaced=0	teacherSel=0	cfvfGbestLearn=0
fc6diagCycle 7	fe=201531	popSize=100	popND=100	archSize=195	popRanges=cmax[197.231354813189,379.1241473614047,181.8927925482157],tec[8552.268391062642,10800.73657312628,2248.468182063638],twc[12597.100278990023,17570.766273296056,4973.665994306033]	archRanges=cmax[191.7329901343105,379.1241473614047,187.3911572270942],tec[8552.268391062642,11431.718260616224,2879.449869553582],twc[12597.100278990023,17570.766273296056,4973.665994306033]	rescues=0(cmax=0,tec=0,twc=0)	displaced=0	teacherSel=0	cfvfGbestLearn=0
fc6diagCycle 8	fe=229607	popSize=100	popND=100	archSize=217	popRanges=cmax[204.1319733532275,375.6102236789978,171.4782503257703],tec[8552.268391062642,10628.81327891551,2076.5448878528678],twc[12488.275086563743,17570.766273296056,5082.4911867323135]	archRanges=cmax[191.7329901343105,379.1241473614047,187.3911572270942],tec[8552.268391062642,11431.718260616224,2879.449869553582],twc[12488.275086563743,17570.766273296056,5082.4911867323135]	rescues=0(cmax=0,tec=0,twc=0)	displaced=0	teacherSel=0	cfvfGbestLearn=0
fc6diagCycle 9	fe=258480	popSize=100	popND=100	archSize=242	popRanges=cmax[204.1319733532275,375.6102236789978,171.4782503257703],tec[8552.268391062642,10628.81327891551,2076.5448878528678],twc[12488.275086563743,17493.893740957297,5005.618654393555]	archRanges=cmax[191.7329901343105,379.1241473614047,187.3911572270942],tec[8552.268391062642,11431.718260616224,2879.449869553582],twc[12488.275086563743,17570.766273296056,5082.4911867323135]	rescues=0(cmax=0,tec=0,twc=0)	displaced=0	teacherSel=0	cfvfGbestLearn=0
fc6diagCycle 10	fe=287142	popSize=100	popND=100	archSize=252	popRanges=cmax[207.7991721510776,345.2627951362367,137.4636229851591],tec[8552.268391062642,10012.908501964142,1460.6401109015005],twc[12488.275086563743,17460.869937129282,4972.59485056554]	archRanges=cmax[191.7329901343105,379.1241473614047,187.3911572270942],tec[8552.268391062642,11431.718260616224,2879.449869553582],twc[12488.275086563743,17570.766273296056,5082.4911867323135]	rescues=0(cmax=0,tec=0,twc=0)	displaced=0	teacherSel=0	cfvfGbestLearn=0
fc6diagCycle 11	fe=315447	popSize=100	popND=100	archSize=255	popRanges=cmax[207.7991721510776,345.2627951362367,137.4636229851591],tec[8552.268391062642,10168.337384408798,1616.0689933461563],twc[12462.115411022016,17460.869937129282,4998.754526107266]	archRanges=cmax[191.7329901343105,379.1241473614047,187.3911572270942],tec[8552.268391062642,11431.718260616224,2879.449869553582],twc[12462.115411022016,18125.051712298402,5662.936301276386]	rescues=0(cmax=0,tec=0,twc=0)	displaced=0	teacherSel=0	cfvfGbestLearn=0
fc6diagCycle 12	fe=344194	popSize=100	popND=100	archSize=262	popRanges=cmax[207.7991721510776,333.19447797710313,125.39530582602552],tec[8552.268391062642,10012.908501964142,1460.6401109015005],twc[12462.115411022016,17523.744497283074,5061.629086261059]	archRanges=cmax[191.7329901343105,379.1241473614047,187.3911572270942],tec[8552.268391062642,11431.718260616224,2879.449869553582],twc[12462.115411022016,17585.254158446285,5123.138747424269]	rescues=0(cmax=0,tec=0,twc=0)	displaced=0	teacherSel=0	cfvfGbestLearn=0
fc6diagCycle 13	fe=372726	popSize=100	popND=100	archSize=306	popRanges=cmax[207.7991721510776,324.2314762628157,116.43230411173809],tec[8552.268391062642,10012.908501964142,1460.6401109015005],twc[12462.115411022016,17523.744497283074,5061.629086261059]	archRanges=cmax[191.7329901343105,413.30953887777844,221.57654874346792],tec[8529.053096313066,11431.718260616224,2902.6651643031582],twc[12462.115411022016,17585.254158446285,5123.138747424269]	rescues=0(cmax=0,tec=0,twc=0)	displaced=0	teacherSel=0	cfvfGbestLearn=0
fc6diagCycle 14	fe=400901	popSize=100	popND=100	archSize=334	popRanges=cmax[224.6319157155441,313.6653448236555,89.03342910811142],tec[8534.662196978732,9845.713078204111,1311.0508812253793],twc[12462.115411022016,17523.744497283074,5061.629086261059]	archRanges=cmax[191.7329901343105,384.19435107694966,192.46136094263915],tec[8529.053096313066,11431.718260616224,2902.6651643031582],twc[12462.115411022016,17585.254158446285,5123.138747424269]	rescues=0(cmax=0,tec=0,twc=0)	displaced=0	teacherSel=0	cfvfGbestLearn=0
fc6diagCycle 15	fe=429245	popSize=100	popND=100	archSize=345	popRanges=cmax[216.13013455275473,386.04413633253534,169.91400177978062],tec[8519.446633140884,10626.808454349657,2107.361821208773],twc[12462.115411022016,17523.744497283074,5061.629086261059]	archRanges=cmax[191.7329901343105,384.19435107694966,192.46136094263915],tec[8519.446633140884,11431.718260616224,2912.27162747534],twc[12462.115411022016,17585.254158446285,5123.138747424269]	rescues=0(cmax=0,tec=0,twc=0)	displaced=0	teacherSel=0	cfvfGbestLearn=0
fc6diagCycle 16	fe=457995	popSize=100	popND=100	archSize=343	popRanges=cmax[223.83487772610962,313.6653448236555,89.83046709754589],tec[8529.14061464158,9737.322165607748,1208.1815509661683],twc[12462.115411022016,17523.744497283074,5061.629086261059]	archRanges=cmax[191.7329901343105,384.19435107694966,192.46136094263915],tec[8519.446633140884,11431.718260616224,2912.27162747534],twc[12462.115411022016,17585.254158446285,5123.138747424269]	rescues=0(cmax=0,tec=0,twc=0)	displaced=0	teacherSel=0	cfvfGbestLearn=0
fc6diagCycle 17	fe=486786	popSize=100	popND=100	archSize=353	popRanges=cmax[223.83487772610962,313.6653448236555,89.83046709754589],tec[8529.14061464158,9747.089381396221,1217.9487667546418],twc[12462.115411022016,17287.379376314526,4825.26396529251]	archRanges=cmax[191.7329901343105,384.19435107694966,192.46136094263915],tec[8519.446633140884,11431.718260616224,2912.27162747534],twc[12462.115411022016,18099.539268572804,5637.423857550788]	rescues=0(cmax=0,tec=0,twc=0)	displaced=0	teacherSel=0	cfvfGbestLearn=0
fc6diagCycle 18	fe=500000	popSize=100	popND=100	archSize=378	popRanges=cmax[222.98849005356146,313.6653448236555,90.67685477009405],tec[8529.14061464158,9963.284282091474,1434.1436674498946],twc[12462.115411022016,17287.379376314526,4825.26396529251]	archRanges=cmax[191.7329901343105,384.19435107694966,192.46136094263915],tec[8488.349588673145,11431.718260616224,2943.368671943079],twc[12462.115411022016,18099.539268572804,5637.423857550788]	rescues=0(cmax=0,tec=0,twc=0)	displaced=0	teacherSel=0	cfvfGbestLearn=0
fc6diagCycleEnd
fc6diagRoundBegin
fc6diagRound 1	fe=29322	pool=300	target=100	rescued=0	sOriginal=[1, 19, 6, 10, 15, 11, 18, 0, 2, 7, 17, 14, 12, 4, 5, 16, 13, 3, 9, 8]|[0, 2, 1, 1, 2, 1, 0, 0, 2, 0, 1, 2, 1, 1, 0, 0, 2, 2, 1, 0]|[3, 0, 1, 1, 0, 1, 0, 0, 0, 0, 0, 0, 0, 1, 3, 3, 1, 0, 1, 3]|[1, 1, 1, 0, 0, 1, 0, 2, 1, 2, 1, 0, 1, 0, 0, 2, 0, 1, 1, 0];[18, 19, 6, 10, 8, 4, 9, 0, 13, 11, 7, 15, 12, 1, 5, 17, 14, 16, 2, 3]|[0, 2, 1, 1, 2, 1, 0, 0, 2, 0, 1, 2, 1, 1, 0, 0, 2, 2, 1, 0]|[3, 0, 1, 1, 0, 1, 0, 0, 0, 0, 1, 0, 0, 1, 3, 3, 1, 0, 1, 3]|[1, 1, 1, 1, 0, 1, 0, 2, 1, 2, 1, 0, 1, 0, 0, 2, 0, 1, 1, 0];[17, 12, 13, 11, 18, 8, 19, 10, 6, 2, 1, 7, 14, 4, 9, 3, 16, 15, 5, 0]|[0, 0, 2, 1, 0, 0, 2, 1, 1, 2, 0, 2, 1, 1, 0, 0, 2, 2, 1, 0]|[3, 3, 1, 1, 3, 3, 0, 1, 1, 0, 0, 0, 0, 1, 3, 3, 0, 0, 1, 3]|[2, 0, 1, 1, 1, 2, 0, 0, 1, 1, 0, 0, 1, 0, 0, 2, 1, 0, 1, 0];[1, 19, 5, 15, 4, 16, 14, 10, 7, 17, 2, 8, 18, 11, 12, 3, 9, 13, 6, 0]|[0, 2, 1, 2, 1, 0, 2, 1, 1, 1, 2, 0, 0, 1, 0, 0, 2, 2, 1, 0]|[3, 0, 1, 0, 1, 3, 0, 1, 1, 1, 0, 0, 3, 1, 3, 3, 1, 0, 1, 3]|[1, 1, 1, 0, 1, 0, 1, 1, 1, 1, 1, 2, 0, 1, 0, 2, 0, 1, 1, 0];[1, 19, 10, 8, 0, 18, 15, 11, 5, 17, 4, 7, 2, 6, 9, 3, 13, 14, 12, 16]|[0, 2, 2, 0, 0, 2, 0, 2, 1, 1, 1, 0, 0, 1, 1, 1, 1, 2, 2, 0]|[0, 0, 0, 1, 3, 0, 0, 0, 1, 1, 1, 3, 3, 1, 1, 1, 1, 0, 1, 3]|[1, 1, 0, 0, 2, 1, 2, 0, 1, 1, 1, 0, 0, 1, 1, 1, 1, 1, 0, 2];[1, 19, 6, 10, 15, 11, 18, 16, 8, 7, 3, 2, 9, 17, 4, 13, 12, 0, 5, 14]|[0, 2, 1, 1, 2, 1, 0, 0, 2, 0, 1, 2, 1, 1, 0, 0, 2, 2, 1, 0]|[3, 0, 1, 1, 0, 0, 1, 0, 0, 0, 0, 0, 0, 1, 3, 3, 1, 0, 1, 3]|[1, 1, 1, 0, 0, 1, 0, 2, 1, 2, 1, 0, 1, 0, 0, 2, 0, 1, 1, 0];[5, 19, 6, 10, 8, 4, 9, 15, 13, 11, 17, 16, 3, 2, 18, 14, 12, 0, 1, 7]|[0, 2, 1, 1, 2, 1, 1, 0, 2, 0, 1, 2, 1, 1, 0, 0, 2, 2, 0, 0]|[3, 1, 1, 1, 0, 1, 0, 0, 0, 0, 0, 0, 0, 1, 3, 3, 1, 0, 1, 3]|[0, 1, 1, 1, 0, 1, 1, 2, 1, 2, 1, 1, 1, 0, 0, 2, 1, 0, 2, 0];[12, 19, 6, 10, 8, 4, 9, 5, 15, 3, 13, 2, 1, 0, 11, 16, 17, 14, 7, 18]|[0, 2, 1, 1, 2, 2, 0, 0, 2, 0, 1, 2, 1, 1, 2, 2, 1, 0, 0, 0]|[3, 1, 1, 1, 0, 1, 0, 3, 1, 3, 1, 0, 0, 1, 1, 0, 1, 3, 3, 2]|[2, 1, 1, 0, 0, 1, 0, 0, 1, 2, 1, 0, 1, 0, 0, 1, 1, 2, 0, 1];[18, 19, 6, 10, 8, 4, 9, 13, 3, 2, 16, 14, 0, 17, 5, 1, 12, 15, 7, 11]|[0, 2, 1, 1, 2, 1, 0, 2, 0, 1, 2, 2, 0, 0, 0, 1, 1, 2, 1, 0]|[1, 1, 1, 1, 0, 1, 3, 0, 3, 1, 0, 1, 0, 3, 3, 1, 0, 0, 1, 0]|[1, 1, 1, 1, 0, 1, 0, 1, 0, 1, 1, 0, 2, 2, 0, 0, 1, 0, 1, 2];[19, 6, 15, 11, 5, 4, 10, 17, 7, 9, 2, 13, 14, 8, 18, 12, 16, 0, 3, 1]|[2, 1, 2, 2, 0, 1, 1, 2, 1, 1, 2, 1, 0, 2, 0, 0, 1, 0, 0, 0]|[0, 1, 1, 0, 3, 1, 1, 0, 1, 0, 0, 0, 3, 0, 3, 3, 1, 3, 3, 3]|[1, 1, 0, 1, 0, 1, 1, 1, 0, 1, 0, 1, 2, 1, 0, 2, 1, 0, 2, 0];[18, 19, 6, 10, 15, 4, 1, 14, 2, 7, 11, 9, 12, 17, 5, 16, 13, 3, 0, 8]|[0, 2, 1, 1, 2, 1, 0, 0, 2, 2, 1, 2, 1, 1, 0, 0, 2, 2, 1, 0]|[3, 0, 1, 1, 0, 1, 0, 0, 1, 0, 0, 0, 0, 1, 3, 3, 1, 0, 1, 3]|[1, 1, 1, 1, 0, 1, 0, 1, 1, 0, 1, 0, 1, 0, 0, 2, 0, 1, 1, 0];[18, 19, 4, 6, 15, 10, 1, 14, 16, 5, 17, 12, 9, 11, 7, 2, 13, 3, 0, 8]|[0, 2, 1, 1, 0, 1, 0, 2, 2, 0, 1, 1, 2, 1, 2, 2, 2, 2, 1, 0]|[3, 0, 1, 1, 1, 1, 0, 0, 1, 3, 1, 0, 0, 0, 0, 1, 1, 0, 1, 3]|[1, 1, 1, 1, 2, 1, 0, 0, 1, 0, 0, 1, 0, 1, 0, 1, 0, 1, 1, 0];[18, 12, 1, 5, 14, 10, 6, 0, 15, 19, 13, 16, 3, 8, 17, 11, 9, 7, 4, 2]|[0, 0, 0, 0, 2, 0, 0, 2, 2, 2, 0, 2, 1, 1, 1, 1, 1, 1, 1, 2]|[0, 3, 0, 3, 0, 0, 3, 0, 0, 1, 3, 0, 1, 1, 1, 1, 1, 1, 1, 0]|[2, 0, 1, 0, 1, 2, 0, 1, 1, 0, 0, 0, 1, 1, 1, 1, 1, 1, 1, 1];[19, 6, 10, 15, 11, 14, 16, 5, 4, 9, 2, 13, 8, 12, 3, 17, 0, 7, 18, 1]|[2, 1, 1, 2, 1, 2, 1, 0, 1, 1, 2, 2, 2, 0, 0, 0, 0, 0, 0, 0]|[0, 1, 1, 0, 1, 0, 1, 3, 1, 0, 0, 1, 0, 3, 3, 3, 3, 3, 3, 3]|[1, 1, 0, 0, 1, 1, 1, 0, 0, 1, 0, 1, 1, 2, 0, 2, 0, 2, 0, 0];[19, 6, 10, 15, 4, 9, 2, 18, 1, 17, 14, 3, 5, 7, 16, 8, 11, 0, 12, 13]|[2, 1, 1, 2, 1, 0, 2, 0, 1, 2, 1, 1, 0, 0, 0, 0, 1, 2, 2, 0]|[0, 0, 1, 0, 0, 2, 0, 3, 0, 0, 0, 1, 0, 3, 0, 1, 1, 1, 0, 0]|[1, 1, 0, 0, 1, 0, 1, 1, 1, 0, 1, 0, 2, 2, 0, 0, 1, 1, 1, 2];[1, 19, 15, 16, 7, 4, 8, 0, 18, 13, 2, 3, 5, 6, 10, 12, 17, 9, 11, 14]|[0, 2, 0, 1, 2, 2, 2, 0, 0, 0, 0, 2, 0, 1, 1, 1, 1, 1, 1, 2]|[3, 0, 1, 1, 0, 0, 0, 0, 0, 3, 3, 1, 3, 1, 1, 1, 1, 1, 1, 0]|[0, 1, 1, 1, 0, 1, 0, 2, 0, 0, 2, 0, 1, 1, 1, 1, 1, 1, 1, 1];[18, 19, 10, 8, 4, 13, 9, 5, 16, 7, 6, 11, 1, 17, 2, 0, 14, 3, 15, 12]|[0, 2, 2, 0, 1, 1, 0, 1, 2, 2, 1, 2, 1, 1, 2, 0, 0, 1, 1, 0]|[3, 0, 1, 1, 1, 1, 0, 0, 1, 0, 1, 0, 0, 0, 0, 3, 3, 1, 0, 3]|[1, 1, 0, 1, 1, 1, 0, 0, 0, 1, 1, 0, 1, 1, 1, 2, 0, 0, 1, 0];[18, 19, 1, 10, 8, 15, 9, 0, 12, 11, 17, 6, 4, 13, 14, 16, 5, 3, 2, 7]|[0, 2, 1, 1, 1, 2, 0, 0, 2, 0, 1, 1, 2, 1, 0, 0, 2, 2, 1, 0]|[3, 1, 0, 1, 0, 0, 1, 0, 0, 0, 1, 1, 0, 1, 3, 3, 1, 0, 0, 0]|[0, 0, 1, 1, 1, 1, 1, 2, 1, 1, 0, 1, 1, 1, 0, 2, 0, 1, 0, 0];[3, 11, 16, 17, 0, 14, 9, 5, 10, 4, 6, 19, 12, 18, 2, 13, 1, 15, 8, 7]|[2, 2, 1, 0, 0, 0, 0, 1, 2, 1, 1, 2, 1, 2, 1, 2, 0, 0, 0, 0]|[1, 0, 1, 3, 3, 3, 3, 0, 0, 1, 0, 0, 0, 0, 0, 0, 3, 3, 3, 3]|[1, 1, 1, 0, 2, 0, 0, 1, 0, 0, 1, 1, 1, 0, 1, 1, 2, 0, 2, 0];[9, 19, 12, 4, 1, 5, 16, 6, 17, 18, 11, 14, 7, 3, 2, 8, 10, 15, 13, 0]|[0, 2, 1, 1, 0, 2, 0, 1, 1, 0, 0, 0, 2, 2, 2, 2, 1, 1, 1, 1]|[2, 0, 1, 0, 0, 1, 3, 0, 1, 3, 3, 1, 1, 0, 1, 1, 1, 0, 1, 1]|[2, 1, 0, 1, 1, 0, 0, 1, 0, 2, 0, 1, 0, 0, 1, 0, 1, 0, 1, 1];[5, 16, 9, 14, 8, 0, 15, 10, 3, 1, 7, 4, 2, 12, 13, 17, 6, 18, 19, 11]|[2, 0, 2, 0, 2, 2, 2, 1, 2, 2, 0, 1, 1, 1, 1, 1, 1, 0, 0, 0]|[1, 0, 0, 3, 0, 1, 0, 1, 0, 0, 3, 1, 1, 1, 1, 1, 1, 3, 3, 3]|[1, 1, 0, 0, 1, 0, 0, 1, 1, 0, 0, 1, 1, 1, 1, 1, 1, 0, 2, 0];[1, 19, 10, 8, 4, 9, 16, 2, 12, 5, 18, 14, 3, 6, 11, 15, 13, 7, 0, 17]|[0, 2, 0, 2, 1, 0, 2, 1, 1, 2, 0, 0, 0, 0, 0, 1, 0, 0, 0, 2]|[2, 0, 3, 1, 1, 0, 0, 0, 0, 0, 0, 3, 0, 3, 0, 0, 0, 1, 0, 0]|[1, 1, 2, 1, 1, 1, 0, 1, 1, 0, 2, 0, 1, 0, 2, 1, 0, 0, 1, 1];[1, 19, 4, 2, 8, 0, 12, 15, 11, 6, 13, 17, 14, 5, 18, 7, 16, 10, 3, 9]|[0, 2, 1, 2, 0, 2, 0, 2, 1, 1, 1, 1, 1, 0, 0, 0, 2, 1, 0, 0]|[3, 0, 1, 0, 3, 0, 3, 0, 1, 1, 1, 1, 1, 3, 3, 3, 0, 1, 3, 3]|[0, 1, 1, 0, 2, 1, 2, 0, 1, 1, 1, 1, 1, 0, 2, 0, 1, 1, 0, 2];[12, 17, 8, 1, 0, 15, 4, 13, 19, 6, 10, 2, 11, 16, 5, 14, 3, 7, 9, 18]|[2, 1, 2, 0, 0, 2, 1, 2, 2, 1, 1, 1, 1, 0, 0, 2, 2, 1, 0, 0]|[0, 0, 1, 2, 3, 1, 1, 0, 0, 1, 1, 1, 1, 0, 0, 0, 0, 1, 3, 3]|[0, 0, 1, 0, 1, 1, 1, 0, 1, 1, 1, 1, 1, 2, 0, 0, 1, 1, 0, 0];[9, 19, 6, 10, 8, 4, 1, 16, 2, 12, 11, 5, 17, 15, 14, 0, 18, 13, 7, 3]|[0, 2, 0, 0, 2, 1, 0, 2, 1, 1, 0, 2, 0, 0, 1, 0, 0, 0, 0, 2]|[3, 0, 0, 3, 0, 1, 0, 0, 1, 0, 0, 0, 3, 0, 0, 0, 0, 2, 0, 0]|[1, 1, 0, 2, 1, 1, 1, 0, 1, 1, 2, 0, 0, 1, 1, 0, 2, 0, 1, 0];[1, 5, 16, 6, 11, 18, 8, 0, 4, 3, 15, 19, 13, 10, 12, 9, 7, 14, 2, 17]|[0, 1, 2, 1, 1, 0, 0, 2, 0, 1, 2, 2, 1, 1, 0, 0, 2, 2, 1, 0]|[3, 1, 0, 1, 1, 3, 3, 0, 3, 1, 0, 0, 1, 1, 0, 3, 1, 0, 1, 3]|[0, 1, 1, 1, 1, 0, 2, 1, 0, 1, 0, 1, 1, 1, 1, 2, 0, 1, 1, 2];[11, 19, 6, 8, 4, 9, 16, 2, 12, 1, 5, 18, 15, 14, 3, 17, 0, 7, 10, 13]|[0, 2, 0, 2, 1, 0, 2, 1, 1, 0, 2, 0, 0, 0, 1, 0, 0, 0, 0, 2]|[0, 0, 3, 1, 1, 0, 0, 1, 0, 3, 0, 0, 3, 0, 0, 3, 3, 0, 2, 0]|[2, 1, 0, 1, 1, 0, 0, 1, 1, 1, 0, 2, 0, 1, 1, 0, 2, 0, 2, 1];[19, 6, 8, 4, 2, 17, 18, 12, 14, 10, 11, 5, 3, 0, 16, 1, 7, 13, 9, 15]|[2, 1, 2, 1, 2, 1, 2, 1, 1, 0, 0, 0, 2, 2, 1, 0, 0, 0, 0, 0]|[0, 1, 0, 1, 0, 0, 0, 0, 1, 3, 3, 3, 1, 0, 1, 3, 3, 3, 3, 3]|[1, 1, 0, 1, 1, 1, 0, 1, 0, 2, 0, 2, 1, 1, 1, 0, 0, 0, 2, 0];[19, 6, 10, 8, 4, 11, 17, 16, 2, 12, 9, 5, 18, 14, 15, 3, 13, 0, 1, 7]|[2, 0, 0, 2, 1, 0, 0, 2, 1, 1, 0, 2, 0, 0, 0, 0, 1, 0, 0, 2]|[0, 3, 0, 1, 1, 0, 3, 0, 1, 0, 0, 0, 0, 3, 0, 0, 0, 3, 3, 0]|[1, 1, 0, 0, 1, 2, 1, 0, 1, 1, 0, 1, 2, 0, 1, 0, 1, 2, 1, 1];[0, 19, 6, 10, 8, 4, 9, 16, 2, 12, 18, 5, 17, 3, 7, 15, 13, 11, 1, 14]|[0, 2, 0, 0, 2, 1, 0, 2, 0, 1, 0, 2, 1, 0, 1, 0, 0, 0, 0, 2]|[0, 0, 3, 0, 1, 1, 0, 0, 3, 0, 0, 0, 1, 0, 0, 3, 0, 0, 0, 0]|[2, 1, 0, 2, 1, 1, 0, 0, 1, 1, 2, 0, 0, 1, 1, 0, 0, 2, 1, 1];[19, 6, 10, 11, 17, 5, 4, 14, 13, 12, 8, 0, 16, 3, 9, 2, 15, 1, 18, 7]|[2, 1, 1, 1, 0, 2, 1, 2, 0, 1, 1, 0, 0, 0, 0, 2, 0, 0, 0, 2]|[0, 0, 1, 1, 3, 1, 0, 0, 3, 0, 0, 3, 3, 3, 3, 0, 3, 3, 3, 0]|[1, 1, 1, 1, 0, 0, 0, 0, 0, 1, 1, 2, 0, 2, 0, 0, 0, 2, 0, 0];[19, 6, 10, 15, 11, 5, 0, 7, 18, 17, 9, 2, 13, 16, 1, 12, 14, 3, 8, 4]|[2, 1, 1, 2, 1, 0, 2, 0, 0, 1, 1, 2, 1, 0, 0, 2, 2, 1, 0, 0]|[0, 1, 1, 0, 1, 3, 0, 3, 3, 1, 0, 0, 1, 3, 3, 1, 0, 1, 3, 3]|[1, 1, 0, 0, 1, 2, 1, 0, 2, 0, 1, 0, 1, 0, 2, 0, 1, 1, 0, 2];[2, 0, 5, 17, 6, 12, 13, 7, 14, 11, 16, 9, 4, 15, 10, 18, 19, 1, 8, 3]|[0, 1, 2, 0, 0, 0, 0, 0, 1, 1, 2, 1, 1, 2, 0, 0, 2, 0, 0, 2]|[3, 0, 0, 3, 3, 3, 3, 3, 0, 1, 0, 1, 1, 0, 3, 3, 0, 3, 3, 0]|[0, 1, 0, 0, 2, 0, 0, 2, 1, 1, 0, 1, 1, 1, 0, 0, 1, 0, 2, 0];[4, 5, 9, 8, 3, 14, 17, 10, 15, 11, 2, 13, 7, 6, 19, 12, 1, 18, 16, 0]|[1, 0, 1, 2, 0, 0, 2, 1, 2, 1, 2, 1, 1, 1, 2, 0, 0, 0, 0, 0]|[1, 3, 1, 1, 3, 3, 0, 1, 0, 1, 0, 1, 1, 1, 0, 3, 3, 3, 3, 3]|[1, 0, 1, 1, 2, 0, 0, 0, 0, 1, 1, 0, 1, 1, 1, 0, 2, 0, 0, 0];[14, 6, 15, 4, 0, 8, 19, 5, 10, 3, 9, 7, 12, 2, 16, 18, 11, 1, 17, 13]|[2, 1, 2, 1, 1, 0, 0, 2, 0, 0, 0, 0, 1, 1, 2, 0, 0, 0, 0, 2]|[0, 0, 1, 1, 0, 3, 3, 0, 3, 3, 3, 3, 0, 0, 0, 3, 3, 3, 3, 0]|[1, 1, 1, 0, 1, 2, 0, 0, 2, 0, 0, 0, 0, 1, 1, 0, 2, 0, 0, 1];[5, 1, 15, 11, 7, 17, 19, 4, 6, 14, 3, 18, 16, 0, 2, 12, 8, 10, 9, 13]|[2, 0, 2, 1, 1, 1, 2, 0, 0, 0, 0, 0, 0, 2, 1, 1, 0, 0, 0, 2]|[0, 3, 1, 1, 0, 0, 0, 3, 3, 3, 3, 3, 3, 0, 1, 0, 3, 3, 3, 0]|[0, 0, 1, 1, 1, 1, 1, 0, 0, 2, 0, 0, 2, 0, 1, 1, 0, 2, 0, 1];[1, 19, 6, 10, 15, 11, 18, 0, 8, 12, 7, 13, 4, 17, 5, 9, 14, 16, 2, 3]|[0, 2, 1, 1, 2, 1, 0, 0, 2, 0, 1, 2, 1, 1, 0, 0, 2, 2, 1, 0]|[3, 0, 1, 1, 0, 1, 0, 0, 0, 0, 0, 0, 0, 1, 3, 3, 1, 0, 1, 3]|[1, 1, 1, 0, 0, 1, 0, 2, 1, 2, 1, 0, 1, 0, 0, 2, 0, 1, 1, 0];[1, 19, 6, 10, 15, 4, 18, 5, 2, 7, 13, 9, 12, 14, 8, 11, 3, 0, 16, 17]|[0, 2, 1, 1, 2, 1, 0, 0, 2, 0, 1, 2, 1, 1, 0, 0, 2, 2, 1, 0]|[3, 0, 1, 1, 0, 1, 1, 0, 0, 0, 0, 0, 0, 1, 3, 3, 1, 0, 1, 3]|[1, 1, 1, 0, 0, 1, 0, 2, 1, 2, 1, 0, 1, 0, 0, 2, 1, 1, 1, 0];[12, 19, 8, 4, 1, 14, 2, 7, 6, 0, 5, 16, 3, 17, 9, 13, 15, 10, 11, 18]|[0, 2, 2, 1, 0, 0, 2, 0, 1, 2, 2, 0, 0, 1, 1, 2, 1, 1, 1, 0]|[3, 1, 0, 1, 2, 0, 0, 0, 1, 0, 1, 3, 3, 1, 0, 0, 1, 1, 1, 1]|[0, 1, 0, 1, 0, 2, 1, 1, 1, 1, 1, 2, 0, 0, 1, 0, 1, 1, 1, 1];[18, 19, 6, 10, 8, 4, 9, 5, 13, 11, 17, 16, 3, 2, 15, 14, 12, 0, 1, 7]|[0, 2, 1, 1, 2, 1, 0, 0, 2, 0, 1, 2, 1, 1, 0, 0, 2, 2, 1, 0]|[3, 0, 1, 1, 0, 1, 0, 0, 0, 0, 0, 0, 0, 1, 3, 3, 1, 0, 1, 3]|[1, 1, 1, 0, 0, 1, 0, 2, 1, 2, 1, 1, 1, 0, 0, 2, 1, 0, 1, 0];[1, 19, 6, 4, 10, 5, 9, 0, 13, 15, 2, 18, 12, 14, 8, 7, 3, 11, 16, 17]|[0, 2, 1, 1, 2, 1, 0, 0, 2, 0, 1, 2, 1, 1, 0, 0, 2, 2, 1, 0]|[3, 0, 0, 1, 0, 0, 0, 1, 0, 0, 0, 0, 0, 1, 3, 3, 1, 0, 1, 3]|[1, 1, 1, 0, 0, 1, 0, 2, 1, 2, 1, 0, 1, 0, 0, 2, 1, 1, 1, 0];[1, 19, 6, 10, 15, 11, 18, 8, 0, 12, 13, 2, 4, 17, 5, 9, 7, 16, 14, 3]|[0, 2, 1, 1, 2, 1, 0, 0, 2, 0, 1, 2, 1, 1, 0, 0, 0, 2, 1, 0]|[3, 0, 1, 1, 0, 1, 0, 0, 0, 0, 0, 0, 0, 1, 3, 3, 1, 0, 1, 3]|[1, 1, 1, 0, 0, 1, 2, 2, 1, 2, 1, 0, 1, 0, 0, 2, 0, 1, 1, 0];[1, 19, 6, 10, 4, 11, 18, 8, 2, 15, 0, 12, 9, 3, 17, 7, 13, 14, 5, 16]|[0, 2, 1, 1, 2, 1, 0, 0, 1, 2, 2, 2, 1, 1, 0, 0, 2, 2, 1, 0]|[3, 0, 1, 1, 1, 1, 0, 0, 0, 0, 0, 0, 0, 1, 3, 3, 0, 0, 1, 3]|[1, 0, 1, 0, 1, 1, 0, 2, 1, 1, 1, 0, 1, 0, 0, 2, 0, 1, 1, 0];[1, 19, 6, 10, 8, 4, 9, 16, 2, 12, 11, 5, 18, 14, 3, 15, 13, 7, 0, 17]|[0, 2, 0, 0, 2, 1, 0, 2, 1, 1, 0, 2, 0, 0, 0, 1, 0, 0, 0, 2]|[3, 0, 3, 0, 1, 1, 0, 0, 0, 0, 0, 0, 0, 3, 0, 0, 0, 1, 0, 0]|[1, 1, 0, 2, 1, 1, 1, 0, 1, 1, 2, 0, 2, 0, 1, 1, 0, 0, 1, 1];[19, 10, 15, 11, 13, 8, 12, 6, 16, 17, 4, 0, 5, 14, 2, 18, 1, 3, 7, 9]|[2, 1, 2, 1, 0, 2, 0, 1, 2, 1, 1, 0, 2, 2, 0, 0, 0, 0, 1, 1]|[0, 1, 1, 0, 0, 1, 3, 1, 0, 0, 1, 0, 1, 0, 2, 1, 2, 3, 1, 0]|[0, 1, 1, 0, 2, 1, 0, 1, 0, 1, 0, 2, 1, 1, 0, 0, 2, 0, 0, 1];[19, 6, 10, 15, 11, 8, 4, 14, 5, 3, 9, 2, 13, 18, 1, 12, 17, 7, 16, 0]|[2, 1, 1, 2, 1, 2, 2, 2, 1, 1, 1, 2, 0, 0, 0, 0, 0, 0, 0, 0]|[0, 1, 1, 0, 1, 0, 1, 0, 1, 1, 0, 0, 3, 3, 3, 3, 3, 3, 3, 3]|[1, 1, 0, 0, 1, 1, 0, 1, 1, 0, 1, 0, 0, 2, 0, 0, 0, 2, 0, 2];[1, 19, 6, 10, 8, 4, 16, 2, 12, 5, 18, 3, 7, 9, 11, 13, 17, 14, 0, 15]|[0, 2, 0, 0, 2, 1, 2, 1, 1, 2, 0, 0, 0, 0, 0, 1, 0, 0, 0, 2]|[1, 0, 3, 0, 1, 1, 0, 1, 0, 0, 0, 3, 3, 0, 0, 0, 3, 0, 2, 0]|[1, 1, 0, 2, 1, 1, 0, 1, 1, 0, 2, 0, 0, 1, 2, 0, 0, 0, 1, 1];[10, 19, 9, 4, 8, 6, 11, 12, 2, 16, 1, 5, 3, 0, 15, 7, 17, 18, 13, 14]|[0, 2, 0, 1, 2, 0, 0, 1, 1, 2, 0, 2, 0, 0, 1, 0, 0, 0, 0, 2]|[0, 0, 0, 1, 1, 3, 0, 0, 0, 0, 3, 0, 3, 0, 0, 0, 2, 0, 0, 0]|[2, 1, 0, 1, 1, 1, 2, 1, 1, 0, 1, 0, 0, 1, 1, 0, 1, 2, 0, 1];[9, 19, 10, 8, 4, 1, 16, 2, 12, 5, 18, 17, 14, 7, 0, 6, 3, 11, 13, 15]|[0, 2, 0, 2, 1, 0, 2, 1, 1, 2, 0, 0, 0, 0, 1, 0, 0, 0, 0, 2]|[0, 0, 0, 1, 1, 0, 0, 0, 0, 0, 0, 3, 3, 0, 0, 3, 0, 0, 2, 0]|[1, 1, 2, 1, 1, 1, 0, 1, 1, 0, 2, 0, 0, 1, 1, 0, 0, 2, 1, 1];[1, 19, 6, 4, 9, 11, 8, 16, 5, 10, 12, 3, 18, 15, 14, 17, 7, 13, 0, 2]|[0, 2, 0, 0, 2, 1, 0, 2, 1, 1, 0, 2, 0, 1, 0, 0, 0, 0, 0, 2]|[3, 0, 0, 3, 0, 1, 0, 0, 1, 0, 0, 0, 0, 0, 3, 0, 3, 2, 0, 0]|[1, 1, 0, 2, 1, 1, 1, 0, 1, 1, 2, 0, 1, 1, 0, 2, 0, 1, 0, 0];[16, 13, 17, 8, 3, 2, 11, 15, 10, 6, 19, 9, 7, 12, 0, 5, 4, 18, 14, 1]|[0, 0, 1, 2, 1, 2, 2, 1, 1, 1, 2, 0, 0, 2, 2, 1, 0, 0, 0, 0]|[3, 3, 1, 0, 0, 0, 0, 1, 1, 1, 0, 3, 3, 1, 0, 1, 3, 3, 3, 3]|[2, 0, 0, 1, 1, 0, 1, 1, 0, 1, 1, 2, 0, 0, 1, 1, 0, 0, 2, 0];[4, 11, 19, 10, 5, 14, 9, 3, 18, 2, 13, 0, 8, 7, 1, 12, 17, 15, 6, 16]|[0, 1, 2, 1, 1, 2, 1, 1, 0, 2, 1, 2, 0, 0, 0, 0, 2, 2, 1, 0]|[3, 1, 0, 1, 1, 0, 1, 1, 3, 0, 1, 0, 3, 3, 3, 3, 1, 0, 1, 3]|[2, 1, 1, 0, 1, 0, 1, 0, 0, 1, 1, 1, 0, 2, 0, 2, 1, 0, 1, 0];[1, 19, 15, 11, 16, 2, 12, 5, 13, 18, 4, 0, 3, 6, 9, 10, 7, 8, 17, 14]|[1, 2, 2, 1, 2, 1, 1, 2, 0, 0, 0, 0, 0, 0, 0, 0, 0, 0, 1, 2]|[0, 0, 1, 1, 0, 1, 0, 0, 3, 3, 3, 3, 3, 3, 3, 3, 3, 3, 0, 1]|[1, 1, 0, 1, 0, 1, 0, 0, 0, 0, 2, 0, 2, 0, 2, 0, 0, 0, 1, 1];[19, 14, 8, 12, 10, 15, 11, 16, 2, 3, 17, 13, 4, 0, 18, 6, 9, 1, 5, 7]|[2, 0, 0, 0, 0, 2, 1, 2, 1, 1, 2, 0, 1, 0, 0, 0, 0, 0, 1, 2]|[0, 3, 3, 3, 3, 1, 1, 0, 1, 0, 0, 3, 0, 3, 3, 3, 3, 3, 0, 0]|[1, 0, 2, 0, 0, 1, 1, 0, 1, 1, 0, 2, 1, 0, 0, 2, 0, 0, 0, 1];[19, 15, 11, 7, 0, 8, 12, 13, 5, 16, 3, 14, 10, 6, 18, 17, 9, 4, 1, 2]|[2, 2, 1, 0, 2, 1, 1, 0, 2, 1, 0, 0, 0, 0, 0, 0, 1, 0, 0, 2]|[0, 0, 1, 3, 0, 0, 0, 3, 0, 0, 3, 3, 3, 3, 3, 3, 1, 3, 3, 0]|[1, 1, 1, 0, 0, 1, 1, 2, 0, 1, 0, 0, 2, 0, 0, 0, 0, 2, 0, 1];[1, 19, 6, 10, 15, 11, 18, 8, 9, 12, 13, 4, 14, 17, 3, 16, 5, 0, 2, 7]|[0, 2, 1, 1, 2, 1, 0, 0, 2, 0, 1, 2, 1, 1, 0, 0, 2, 2, 1, 0]|[3, 0, 1, 1, 0, 1, 0, 0, 0, 0, 1, 0, 0, 1, 3, 3, 1, 0, 1, 3]|[1, 1, 1, 0, 0, 1, 0, 2, 1, 1, 1, 0, 1, 0, 0, 2, 1, 1, 1, 0];[18, 19, 6, 10, 8, 4, 1, 14, 2, 7, 11, 13, 9, 17, 3, 16, 5, 0, 15, 12]|[0, 2, 1, 1, 2, 1, 0, 0, 2, 0, 1, 2, 1, 1, 0, 0, 2, 2, 1, 0]|[3, 0, 1, 1, 0, 1, 0, 0, 0, 0, 1, 0, 0, 1, 3, 3, 1, 0, 1, 3]|[1, 1, 1, 0, 0, 1, 0, 2, 1, 1, 1, 0, 1, 0, 0, 2, 1, 1, 1, 0];[19, 15, 4, 16, 11, 9, 13, 5, 6, 10, 17, 12, 1, 7, 14, 8, 3, 0, 18, 2]|[2, 2, 1, 1, 1, 2, 2, 2, 1, 0, 1, 0, 0, 0, 0, 2, 0, 0, 1, 2]|[1, 1, 0, 1, 1, 0, 0, 0, 1, 3, 1, 3, 3, 3, 3, 1, 3, 3, 1, 0]|[1, 1, 0, 1, 1, 0, 0, 0, 1, 0, 1, 2, 0, 0, 2, 1, 0, 0, 0, 1];[1, 19, 6, 10, 15, 11, 18, 0, 8, 12, 13, 2, 9, 7, 5, 14, 16, 17, 4, 3]|[0, 2, 1, 1, 2, 1, 0, 0, 2, 0, 1, 2, 1, 1, 0, 0, 2, 2, 1, 0]|[3, 0, 1, 1, 1, 1, 0, 0, 0, 0, 0, 0, 0, 1, 3, 3, 1, 0, 1, 3]|[1, 1, 1, 0, 0, 1, 0, 2, 1, 2, 1, 0, 1, 0, 0, 2, 0, 1, 1, 0];[1, 19, 4, 15, 16, 18, 5, 2, 7, 13, 9, 12, 8, 11, 3, 0, 10, 14, 6, 17]|[0, 2, 1, 2, 1, 0, 0, 2, 0, 1, 2, 1, 0, 0, 2, 2, 1, 1, 1, 0]|[3, 0, 1, 0, 1, 3, 0, 0, 0, 1, 0, 1, 3, 3, 1, 0, 1, 1, 1, 3]|[1, 1, 1, 0, 1, 0, 2, 1, 2, 1, 0, 1, 0, 2, 1, 1, 1, 1, 1, 0];[17, 4, 13, 14, 16, 2, 12, 0, 5, 18, 3, 8, 11, 15, 10, 6, 19, 7, 9, 1]|[1, 1, 2, 2, 2, 1, 0, 0, 0, 0, 0, 2, 1, 2, 1, 1, 2, 0, 0, 0]|[1, 0, 0, 1, 0, 1, 3, 3, 3, 3, 3, 0, 1, 0, 1, 1, 0, 3, 3, 3]|[0, 1, 0, 0, 1, 1, 0, 2, 0, 2, 2, 1, 1, 0, 0, 1, 1, 0, 0, 0];[1, 6, 10, 15, 5, 11, 18, 8, 4, 14, 17, 3, 16, 0, 13, 12, 19, 9, 2, 7]|[0, 1, 1, 2, 2, 1, 0, 0, 2, 1, 1, 0, 0, 2, 1, 0, 2, 2, 1, 0]|[3, 1, 1, 1, 0, 1, 3, 0, 0, 1, 1, 3, 3, 0, 1, 0, 0, 0, 1, 3]|[1, 1, 1, 1, 1, 1, 0, 2, 0, 1, 0, 0, 2, 1, 1, 1, 1, 1, 1, 0];[18, 13, 6, 10, 8, 4, 16, 3, 1, 5, 19, 12, 17, 2, 7, 14, 15, 9, 0, 11]|[0, 2, 0, 1, 2, 2, 2, 1, 0, 1, 2, 2, 2, 0, 0, 1, 1, 2, 1, 0]|[3, 0, 1, 0, 1, 1, 0, 0, 0, 1, 1, 0, 1, 0, 1, 0, 0, 0, 1, 3]|[0, 0, 1, 1, 1, 1, 0, 1, 0, 1, 1, 0, 0, 2, 0, 0, 1, 1, 1, 0];[1, 19, 6, 10, 8, 4, 9, 16, 2, 12, 11, 5, 18, 17, 7, 14, 13, 0, 15, 3]|[0, 2, 0, 0, 2, 1, 0, 2, 1, 1, 0, 2, 2, 0, 0, 1, 0, 0, 0, 2]|[3, 0, 3, 0, 1, 1, 0, 0, 1, 0, 0, 0, 0, 3, 0, 0, 1, 0, 0, 0]|[1, 1, 1, 0, 0, 1, 0, 1, 1, 1, 2, 0, 0, 0, 1, 0, 2, 1, 2, 1];[1, 19, 13, 14, 18, 5, 15, 17, 12, 2, 16, 10, 4, 8, 11, 6, 9, 0, 7, 3]|[0, 2, 0, 1, 2, 2, 0, 0, 1, 1, 2, 0, 1, 2, 0, 0, 0, 0, 0, 2]|[1, 0, 3, 0, 0, 0, 0, 3, 0, 1, 0, 0, 1, 1, 0, 3, 0, 0, 0, 0]|[1, 1, 2, 0, 0, 0, 2, 0, 1, 1, 1, 0, 1, 0, 2, 1, 0, 1, 1, 1];[19, 6, 1, 10, 15, 11, 12, 5, 4, 14, 17, 7, 0, 2, 9, 3, 13, 16, 18, 8]|[2, 0, 0, 1, 2, 1, 0, 0, 1, 2, 1, 0, 1, 2, 1, 2, 2, 0, 0, 0]|[0, 3, 3, 1, 0, 1, 3, 3, 1, 0, 0, 3, 1, 0, 1, 0, 1, 3, 3, 3]|[1, 0, 0, 0, 0, 1, 2, 0, 0, 0, 1, 0, 1, 1, 1, 1, 0, 2, 0, 0];[8, 19, 15, 4, 5, 6, 2, 9, 18, 1, 0, 12, 10, 13, 16, 11, 14, 7, 17, 3]|[0, 2, 2, 1, 1, 1, 2, 1, 0, 0, 2, 0, 1, 1, 0, 1, 2, 2, 0, 0]|[3, 0, 0, 1, 1, 1, 0, 1, 3, 3, 0, 3, 1, 1, 3, 1, 0, 1, 3, 3]|[2, 1, 0, 1, 1, 1, 0, 1, 1, 0, 0, 2, 1, 1, 0, 1, 1, 0, 2, 0];[19, 15, 11, 14, 17, 18, 6, 7, 1, 0, 8, 12, 13, 2, 4, 16, 3, 9, 10, 5]|[2, 2, 1, 0, 0, 0, 0, 0, 0, 2, 1, 1, 1, 2, 0, 1, 0, 0, 0, 2]|[0, 0, 1, 3, 3, 3, 3, 3, 3, 0, 0, 0, 0, 0, 3, 0, 3, 3, 3, 0]|[1, 0, 1, 0, 2, 0, 0, 0, 2, 0, 1, 1, 0, 0, 0, 1, 0, 0, 2, 1];[1, 19, 6, 10, 15, 11, 18, 0, 8, 12, 13, 2, 9, 3, 17, 7, 4, 14, 5, 16]|[0, 2, 1, 1, 2, 1, 0, 0, 2, 0, 1, 2, 1, 1, 0, 0, 2, 2, 1, 0]|[3, 0, 1, 1, 0, 1, 0, 0, 0, 0, 0, 0, 0, 1, 3, 3, 1, 0, 1, 3]|[1, 1, 1, 0, 0, 1, 0, 2, 1, 2, 1, 0, 1, 0, 0, 2, 0, 1, 1, 0];[1, 19, 6, 10, 15, 11, 18, 8, 2, 12, 17, 7, 14, 4, 9, 3, 13, 16, 5, 0]|[0, 2, 1, 1, 2, 1, 0, 0, 2, 0, 1, 2, 1, 1, 0, 0, 2, 2, 1, 0]|[3, 0, 1, 1, 0, 1, 1, 0, 0, 0, 0, 0, 0, 1, 3, 3, 1, 0, 1, 3]|[1, 1, 1, 0, 0, 1, 0, 2, 1, 0, 1, 0, 1, 0, 0, 2, 0, 1, 1, 0];[7, 19, 12, 8, 0, 3, 4, 18, 14, 11, 2, 16, 5, 17, 10, 15, 6, 13, 9, 1]|[0, 2, 0, 2, 2, 2, 1, 0, 2, 2, 2, 0, 0, 1, 1, 1, 1, 1, 1, 0]|[3, 1, 3, 0, 0, 0, 0, 3, 1, 1, 0, 3, 3, 1, 1, 1, 1, 1, 1, 0]|[1, 1, 0, 1, 1, 1, 0, 0, 0, 0, 1, 2, 0, 1, 1, 1, 1, 1, 1, 1];[1, 19, 6, 10, 15, 11, 18, 8, 0, 12, 13, 16, 3, 2, 4, 9, 7, 14, 5, 17]|[0, 2, 1, 1, 2, 1, 0, 0, 2, 0, 1, 2, 1, 1, 0, 0, 2, 2, 1, 0]|[3, 0, 1, 1, 0, 1, 1, 0, 0, 0, 0, 0, 0, 1, 3, 3, 1, 0, 1, 3]|[1, 1, 1, 0, 0, 1, 0, 2, 1, 1, 1, 0, 1, 0, 0, 2, 0, 1, 1, 2];[1, 19, 6, 10, 15, 11, 18, 8, 9, 12, 13, 16, 0, 4, 3, 17, 5, 14, 2, 7]|[0, 2, 1, 1, 2, 1, 0, 0, 2, 0, 1, 2, 1, 1, 0, 0, 2, 2, 1, 0]|[3, 0, 1, 1, 0, 1, 0, 0, 0, 0, 0, 0, 0, 1, 3, 3, 1, 0, 1, 3]|[1, 1, 1, 0, 0, 1, 2, 2, 1, 1, 1, 0, 1, 0, 0, 2, 1, 1, 1, 0];[3, 5, 6, 10, 15, 11, 18, 14, 4, 7, 2, 12, 9, 17, 13, 8, 1, 19, 16, 0]|[0, 2, 1, 1, 2, 1, 0, 0, 2, 1, 2, 2, 1, 1, 0, 0, 2, 2, 1, 0]|[3, 0, 1, 1, 0, 1, 0, 0, 0, 0, 0, 0, 0, 1, 3, 3, 1, 0, 1, 3]|[1, 1, 1, 0, 0, 1, 0, 2, 1, 0, 1, 0, 1, 0, 0, 2, 0, 1, 1, 0];[1, 19, 6, 10, 11, 18, 14, 12, 4, 7, 3, 0, 2, 13, 17, 9, 8, 5, 16, 15]|[0, 2, 1, 1, 1, 0, 0, 2, 2, 0, 1, 2, 2, 0, 1, 1, 2, 1, 0, 0]|[0, 0, 1, 1, 1, 3, 3, 1, 0, 0, 1, 0, 0, 3, 1, 0, 0, 1, 3, 3]|[0, 1, 1, 1, 1, 1, 2, 1, 0, 0, 1, 1, 1, 0, 0, 1, 1, 1, 0, 0];[1, 15, 12, 8, 0, 18, 7, 19, 14, 10, 6, 17, 11, 13, 9, 3, 4, 16, 5, 2]|[0, 2, 0, 2, 0, 0, 2, 1, 1, 1, 1, 1, 1, 1, 0, 0, 2, 2, 2, 0]|[3, 0, 0, 0, 0, 0, 0, 1, 1, 1, 1, 1, 1, 1, 3, 3, 1, 0, 0, 3]|[1, 0, 0, 1, 2, 0, 0, 1, 1, 1, 1, 1, 1, 1, 0, 2, 0, 1, 0, 0];[10, 12, 7, 18, 16, 14, 6, 13, 1, 2, 9, 15, 8, 4, 3, 17, 0, 11, 5, 19]|[0, 2, 0, 0, 1, 0, 2, 1, 1, 0, 2, 2, 1, 2, 0, 0, 0, 2, 0, 2]|[3, 0, 2, 3, 1, 1, 0, 1, 0, 3, 0, 1, 0, 1, 2, 0, 2, 1, 3, 1]|[0, 0, 0, 2, 0, 0, 1, 1, 0, 0, 0, 1, 1, 0, 2, 2, 2, 1, 1, 1];[10, 12, 7, 18, 16, 14, 6, 13, 1, 2, 9, 15, 8, 4, 3, 17, 0, 11, 5, 19]|[0, 2, 0, 0, 1, 0, 2, 1, 1, 0, 2, 2, 1, 2, 0, 0, 0, 2, 0, 2]|[3, 0, 2, 3, 1, 1, 0, 1, 0, 3, 0, 1, 0, 1, 2, 0, 2, 1, 3, 1]|[0, 0, 0, 2, 0, 0, 1, 1, 0, 0, 0, 1, 1, 0, 2, 2, 2, 1, 1, 1];[10, 12, 7, 18, 16, 14, 6, 13, 1, 2, 9, 15, 8, 4, 3, 17, 0, 11, 5, 19]|[0, 2, 0, 0, 1, 0, 2, 1, 1, 0, 2, 2, 1, 2, 0, 0, 0, 2, 0, 2]|[3, 0, 2, 3, 1, 1, 0, 1, 0, 3, 0, 1, 0, 1, 2, 0, 2, 1, 3, 1]|[0, 0, 0, 2, 0, 0, 1, 1, 0, 0, 0, 1, 1, 0, 2, 2, 2, 1, 1, 1];[10, 12, 7, 18, 16, 14, 6, 13, 1, 2, 9, 15, 8, 4, 3, 17, 0, 11, 5, 19]|[0, 2, 0, 0, 1, 0, 2, 1, 1, 0, 2, 2, 1, 2, 0, 0, 0, 2, 0, 2]|[3, 0, 2, 3, 1, 1, 0, 1, 0, 3, 0, 1, 0, 1, 2, 0, 2, 1, 3, 1]|[0, 0, 0, 2, 0, 0, 1, 1, 0, 0, 0, 1, 1, 0, 2, 2, 2, 1, 1, 1];[1, 19, 6, 10, 8, 4, 9, 16, 2, 12, 11, 5, 18, 17, 7, 13, 3, 14, 0, 15]|[0, 2, 0, 0, 2, 1, 0, 2, 1, 1, 0, 2, 0, 0, 0, 1, 0, 0, 0, 2]|[3, 0, 3, 0, 1, 1, 0, 0, 1, 0, 0, 0, 0, 3, 1, 0, 1, 0, 2, 0]|[1, 1, 0, 2, 1, 1, 1, 0, 1, 1, 2, 0, 2, 0, 0, 0, 0, 0, 1, 1];[1, 19, 6, 10, 8, 4, 9, 5, 2, 7, 17, 18, 12, 14, 15, 11, 3, 0, 16, 13]|[0, 2, 1, 1, 2, 1, 0, 0, 2, 0, 1, 2, 1, 1, 0, 0, 2, 2, 1, 0]|[3, 0, 1, 1, 0, 1, 0, 0, 0, 0, 0, 0, 0, 1, 3, 3, 1, 0, 1, 3]|[1, 1, 1, 0, 0, 1, 0, 2, 1, 2, 1, 0, 1, 0, 0, 2, 1, 1, 1, 0];[1, 19, 6, 10, 15, 11, 18, 0, 8, 12, 13, 7, 14, 17, 9, 3, 4, 16, 5, 2]|[0, 2, 1, 1, 2, 1, 0, 0, 2, 0, 1, 2, 1, 1, 0, 0, 2, 2, 1, 0]|[3, 0, 1, 1, 0, 1, 0, 0, 0, 0, 0, 0, 0, 1, 3, 3, 1, 0, 1, 3]|[1, 1, 1, 0, 0, 1, 0, 2, 1, 0, 1, 0, 1, 0, 0, 2, 0, 1, 1, 0];[1, 19, 6, 10, 15, 11, 18, 8, 0, 12, 13, 2, 9, 3, 4, 7, 17, 14, 5, 16]|[0, 2, 1, 1, 2, 1, 0, 0, 2, 0, 1, 2, 1, 1, 0, 0, 2, 2, 1, 0]|[3, 0, 1, 1, 0, 1, 0, 0, 0, 0, 0, 0, 0, 1, 3, 3, 1, 0, 1, 3]|[1, 1, 1, 0, 0, 1, 0, 2, 1, 2, 1, 0, 1, 0, 0, 2, 1, 0, 1, 0];[1, 19, 6, 4, 10, 5, 8, 0, 18, 15, 13, 11, 9, 17, 2, 16, 12, 14, 3, 7]|[0, 2, 1, 1, 2, 1, 0, 0, 2, 0, 1, 2, 1, 1, 0, 0, 2, 2, 1, 0]|[3, 0, 1, 1, 0, 1, 0, 0, 0, 0, 1, 0, 0, 1, 3, 3, 1, 0, 1, 3]|[2, 1, 1, 0, 0, 1, 0, 2, 1, 2, 1, 0, 1, 0, 0, 2, 0, 1, 1, 0];[1, 13, 7, 0, 18, 14, 4, 12, 15, 16, 10, 6, 11, 9, 5, 19, 2, 8, 17, 3]|[0, 1, 1, 1, 0, 0, 2, 2, 2, 2, 1, 1, 1, 0, 0, 2, 2, 2, 1, 0]|[3, 1, 1, 1, 3, 3, 0, 1, 1, 1, 0, 1, 1, 0, 0, 0, 1, 0, 1, 3]|[0, 1, 1, 1, 0, 2, 1, 1, 1, 0, 0, 1, 1, 0, 1, 1, 1, 0, 1, 2];[16, 6, 15, 11, 18, 4, 3, 2, 13, 8, 7, 14, 17, 1, 9, 10, 12, 0, 19, 5]|[2, 1, 2, 1, 1, 1, 1, 2, 1, 2, 2, 2, 0, 0, 0, 0, 0, 0, 0, 0]|[0, 1, 0, 1, 1, 1, 0, 0, 0, 0, 0, 0, 3, 3, 3, 3, 3, 3, 3, 3]|[1, 1, 0, 1, 0, 0, 1, 0, 1, 1, 0, 1, 0, 2, 0, 2, 0, 2, 0, 0];[3, 19, 6, 10, 8, 4, 9, 16, 2, 12, 13, 15, 17, 1, 5, 11, 14, 18, 7, 0]|[0, 2, 0, 0, 2, 1, 0, 2, 0, 1, 1, 0, 0, 0, 2, 0, 0, 0, 1, 2]|[3, 0, 3, 2, 1, 1, 0, 0, 0, 0, 0, 0, 3, 3, 0, 0, 0, 0, 0, 0]|[0, 1, 1, 2, 1, 1, 1, 0, 2, 1, 1, 1, 0, 0, 0, 2, 0, 2, 0, 0];[1, 16, 6, 10, 15, 11, 18, 0, 8, 12, 13, 2, 3, 4, 9, 17, 7, 14, 5, 19]|[0, 2, 1, 1, 2, 1, 0, 0, 2, 0, 1, 2, 1, 1, 0, 0, 2, 2, 1, 0]|[3, 0, 1, 1, 0, 1, 0, 0, 0, 0, 0, 0, 0, 1, 3, 3, 0, 0, 1, 3]|[1, 1, 1, 0, 0, 1, 0, 2, 1, 2, 1, 0, 1, 0, 0, 2, 0, 1, 1, 0];[7, 5, 6, 19, 1, 18, 4, 8, 2, 14, 3, 15, 10, 13, 12, 11, 17, 0, 9, 16]|[0, 1, 1, 2, 0, 0, 1, 2, 2, 2, 1, 2, 1, 1, 0, 0, 2, 2, 1, 0]|[0, 1, 1, 0, 0, 1, 0, 0, 0, 1, 1, 1, 1, 1, 3, 3, 1, 0, 0, 3]|[0, 1, 1, 1, 0, 1, 1, 0, 1, 0, 0, 1, 1, 1, 2, 0, 0, 1, 1, 0];[1, 19, 6, 10, 8, 4, 9, 16, 2, 12, 11, 5, 18, 15, 14, 3, 17, 7, 0, 13]|[0, 2, 0, 0, 2, 1, 0, 2, 1, 1, 0, 2, 0, 0, 0, 1, 0, 0, 0, 2]|[3, 0, 3, 0, 1, 1, 0, 0, 1, 0, 0, 0, 0, 1, 0, 0, 1, 0, 3, 0]|[1, 1, 0, 2, 1, 1, 1, 0, 1, 1, 2, 0, 2, 0, 1, 1, 0, 0, 2, 1];[19, 6, 10, 8, 4, 16, 2, 12, 5, 15, 17, 1, 3, 13, 9, 7, 11, 0, 18, 14]|[2, 0, 1, 2, 1, 2, 0, 1, 2, 0, 0, 0, 1, 0, 0, 0, 0, 0, 0, 2]|[0, 3, 0, 1, 1, 0, 2, 0, 0, 3, 1, 3, 0, 1, 2, 0, 0, 0, 0, 1]|[1, 2, 1, 1, 0, 0, 2, 1, 0, 1, 0, 1, 1, 0, 0, 1, 2, 0, 2, 1];[19, 6, 10, 8, 4, 9, 16, 2, 12, 5, 13, 14, 0, 3, 15, 17, 1, 11, 7, 18]|[2, 0, 0, 2, 1, 0, 2, 1, 1, 2, 0, 0, 1, 0, 0, 0, 0, 0, 0, 2]|[0, 3, 0, 1, 1, 0, 0, 1, 0, 0, 3, 3, 0, 0, 0, 0, 3, 0, 2, 0]|[1, 2, 0, 1, 1, 1, 0, 1, 1, 0, 0, 1, 1, 2, 2, 2, 0, 1, 1, 1];[19, 6, 10, 1, 8, 4, 9, 16, 2, 3, 5, 7, 14, 11, 18, 17, 13, 0, 12, 15]|[2, 0, 0, 0, 2, 1, 0, 2, 1, 1, 2, 0, 0, 0, 1, 0, 0, 0, 0, 2]|[0, 3, 0, 3, 0, 1, 0, 0, 1, 0, 0, 0, 3, 0, 0, 2, 0, 0, 0, 1]|[1, 0, 1, 2, 1, 1, 1, 0, 1, 1, 0, 2, 0, 1, 1, 0, 2, 0, 1, 1];[17, 19, 12, 9, 18, 0, 14, 6, 15, 5, 1, 11, 13, 2, 16, 4, 8, 10, 3, 7]|[0, 2, 0, 0, 1, 0, 0, 0, 0, 2, 0, 0, 1, 1, 2, 1, 2, 0, 0, 2]|[3, 0, 0, 3, 0, 3, 0, 0, 0, 0, 2, 0, 0, 1, 0, 1, 1, 0, 0, 0]|[2, 1, 0, 0, 1, 2, 1, 0, 2, 0, 0, 1, 1, 1, 0, 1, 1, 2, 1, 0];[1, 19, 6, 4, 9, 11, 8, 16, 5, 10, 12, 3, 17, 7, 18, 15, 14, 0, 13, 2]|[0, 2, 0, 0, 2, 1, 0, 2, 1, 1, 0, 2, 0, 0, 0, 1, 0, 0, 0, 2]|[3, 0, 3, 0, 0, 1, 0, 0, 1, 0, 0, 0, 0, 3, 0, 0, 1, 0, 2, 0]|[1, 1, 0, 2, 1, 1, 1, 0, 1, 1, 2, 0, 2, 0, 1, 1, 0, 0, 1, 0];[1, 19, 6, 10, 8, 4, 9, 16, 2, 12, 11, 5, 18, 17, 15, 14, 13, 0, 7, 3]|[0, 2, 0, 0, 2, 1, 0, 2, 1, 1, 0, 2, 0, 0, 0, 1, 0, 0, 0, 2]|[3, 0, 1, 0, 0, 1, 0, 0, 1, 0, 0, 0, 0, 3, 0, 0, 2, 0, 0, 0]|[1, 1, 0, 2, 1, 1, 1, 0, 1, 1, 2, 0, 2, 0, 1, 1, 0, 0, 1, 0];[4, 8, 6, 10, 15, 17, 18, 19, 0, 13, 12, 7, 11, 5, 2, 16, 9, 3, 14, 1]|[0, 2, 1, 1, 2, 1, 0, 2, 2, 1, 2, 1, 1, 0, 0, 0, 2, 2, 1, 0]|[3, 0, 1, 1, 0, 1, 3, 0, 0, 0, 0, 0, 1, 3, 3, 3, 0, 0, 1, 3]|[0, 1, 1, 1, 0, 0, 2, 1, 1, 1, 0, 1, 1, 0, 0, 2, 1, 0, 1, 0];[1, 19, 6, 10, 15, 11, 9, 0, 2, 12, 4, 5, 18, 8, 14, 3, 17, 7, 16, 13]|[0, 2, 0, 0, 2, 1, 0, 2, 1, 1, 0, 2, 0, 0, 0, 1, 0, 0, 0, 2]|[3, 0, 3, 0, 1, 1, 0, 0, 1, 0, 0, 0, 0, 3, 0, 0, 3, 0, 3, 0]|[1, 1, 0, 2, 1, 1, 1, 0, 1, 1, 2, 0, 2, 0, 1, 0, 0, 1, 2, 1];[1, 19, 6, 10, 15, 11, 9, 0, 2, 13, 17, 3, 14, 8, 4, 5, 16, 12, 18, 7]|[0, 2, 1, 1, 2, 1, 0, 0, 2, 0, 1, 1, 1, 0, 0, 2, 2, 2, 1, 0]|[3, 0, 1, 1, 0, 1, 0, 0, 0, 0, 0, 0, 1, 3, 3, 0, 0, 1, 1, 3]|[1, 1, 0, 0, 0, 1, 0, 2, 1, 2, 1, 1, 0, 0, 2, 0, 1, 1, 1, 0]	sBp=[1, 19, 6, 10, 15, 11, 18, 0, 2, 7, 17, 14, 12, 4, 5, 16, 13, 3, 9, 8]|[0, 2, 1, 1, 2, 1, 0, 0, 2, 0, 1, 2, 1, 1, 0, 0, 2, 2, 1, 0]|[3, 0, 1, 1, 0, 1, 0, 0, 0, 0, 0, 0, 0, 1, 3, 3, 1, 0, 1, 3]|[1, 1, 1, 0, 0, 1, 0, 2, 1, 2, 1, 0, 1, 0, 0, 2, 0, 1, 1, 0];[18, 19, 6, 10, 8, 4, 9, 0, 13, 11, 7, 15, 12, 1, 5, 17, 14, 16, 2, 3]|[0, 2, 1, 1, 2, 1, 0, 0, 2, 0, 1, 2, 1, 1, 0, 0, 2, 2, 1, 0]|[3, 0, 1, 1, 0, 1, 0, 0, 0, 0, 1, 0, 0, 1, 3, 3, 1, 0, 1, 3]|[1, 1, 1, 1, 0, 1, 0, 2, 1, 2, 1, 0, 1, 0, 0, 2, 0, 1, 1, 0];[17, 12, 13, 11, 18, 8, 19, 10, 6, 2, 1, 7, 14, 4, 9, 3, 16, 15, 5, 0]|[0, 0, 2, 1, 0, 0, 2, 1, 1, 2, 0, 2, 1, 1, 0, 0, 2, 2, 1, 0]|[3, 3, 1, 1, 3, 3, 0, 1, 1, 0, 0, 0, 0, 1, 3, 3, 0, 0, 1, 3]|[2, 0, 1, 1, 1, 2, 0, 0, 1, 1, 0, 0, 1, 0, 0, 2, 1, 0, 1, 0];[1, 19, 5, 15, 4, 16, 14, 10, 7, 17, 2, 8, 18, 11, 12, 3, 9, 13, 6, 0]|[0, 2, 1, 2, 1, 0, 2, 1, 1, 1, 2, 0, 0, 1, 0, 0, 2, 2, 1, 0]|[3, 0, 1, 0, 1, 3, 0, 1, 1, 1, 0, 0, 3, 1, 3, 3, 1, 0, 1, 3]|[1, 1, 1, 0, 1, 0, 1, 1, 1, 1, 1, 2, 0, 1, 0, 2, 0, 1, 1, 0];[1, 19, 10, 8, 0, 18, 15, 11, 5, 17, 4, 7, 2, 6, 9, 3, 13, 14, 12, 16]|[0, 2, 2, 0, 0, 2, 0, 2, 1, 1, 1, 0, 0, 1, 1, 1, 1, 2, 2, 0]|[0, 0, 0, 1, 3, 0, 0, 0, 1, 1, 1, 3, 3, 1, 1, 1, 1, 0, 1, 3]|[1, 1, 0, 0, 2, 1, 2, 0, 1, 1, 1, 0, 0, 1, 1, 1, 1, 1, 0, 2];[1, 19, 6, 10, 15, 11, 18, 16, 8, 7, 3, 2, 9, 17, 4, 13, 12, 0, 5, 14]|[0, 2, 1, 1, 2, 1, 0, 0, 2, 0, 1, 2, 1, 1, 0, 0, 2, 2, 1, 0]|[3, 0, 1, 1, 0, 0, 1, 0, 0, 0, 0, 0, 0, 1, 3, 3, 1, 0, 1, 3]|[1, 1, 1, 0, 0, 1, 0, 2, 1, 2, 1, 0, 1, 0, 0, 2, 0, 1, 1, 0];[5, 19, 6, 10, 8, 4, 9, 15, 13, 11, 17, 16, 3, 2, 18, 14, 12, 0, 1, 7]|[0, 2, 1, 1, 2, 1, 1, 0, 2, 0, 1, 2, 1, 1, 0, 0, 2, 2, 0, 0]|[3, 1, 1, 1, 0, 1, 0, 0, 0, 0, 0, 0, 0, 1, 3, 3, 1, 0, 1, 3]|[0, 1, 1, 1, 0, 1, 1, 2, 1, 2, 1, 1, 1, 0, 0, 2, 1, 0, 2, 0];[12, 19, 6, 10, 8, 4, 9, 5, 15, 3, 13, 2, 1, 0, 11, 16, 17, 14, 7, 18]|[0, 2, 1, 1, 2, 2, 0, 0, 2, 0, 1, 2, 1, 1, 2, 2, 1, 0, 0, 0]|[3, 1, 1, 1, 0, 1, 0, 3, 1, 3, 1, 0, 0, 1, 1, 0, 1, 3, 3, 2]|[2, 1, 1, 0, 0, 1, 0, 0, 1, 2, 1, 0, 1, 0, 0, 1, 1, 2, 0, 1];[18, 19, 6, 10, 8, 4, 9, 13, 3, 2, 16, 14, 0, 17, 5, 1, 12, 15, 7, 11]|[0, 2, 1, 1, 2, 1, 0, 2, 0, 1, 2, 2, 0, 0, 0, 1, 1, 2, 1, 0]|[1, 1, 1, 1, 0, 1, 3, 0, 3, 1, 0, 1, 0, 3, 3, 1, 0, 0, 1, 0]|[1, 1, 1, 1, 0, 1, 0, 1, 0, 1, 1, 0, 2, 2, 0, 0, 1, 0, 1, 2];[19, 6, 15, 11, 5, 4, 10, 17, 7, 9, 2, 13, 14, 8, 18, 12, 16, 0, 3, 1]|[2, 1, 2, 2, 0, 1, 1, 2, 1, 1, 2, 1, 0, 2, 0, 0, 1, 0, 0, 0]|[0, 1, 1, 0, 3, 1, 1, 0, 1, 0, 0, 0, 3, 0, 3, 3, 1, 3, 3, 3]|[1, 1, 0, 1, 0, 1, 1, 1, 0, 1, 0, 1, 2, 1, 0, 2, 1, 0, 2, 0];[18, 19, 6, 10, 15, 4, 1, 14, 2, 7, 11, 9, 12, 17, 5, 16, 13, 3, 0, 8]|[0, 2, 1, 1, 2, 1, 0, 0, 2, 2, 1, 2, 1, 1, 0, 0, 2, 2, 1, 0]|[3, 0, 1, 1, 0, 1, 0, 0, 1, 0, 0, 0, 0, 1, 3, 3, 1, 0, 1, 3]|[1, 1, 1, 1, 0, 1, 0, 1, 1, 0, 1, 0, 1, 0, 0, 2, 0, 1, 1, 0];[18, 19, 4, 6, 15, 10, 1, 14, 16, 5, 17, 12, 9, 11, 7, 2, 13, 3, 0, 8]|[0, 2, 1, 1, 0, 1, 0, 2, 2, 0, 1, 1, 2, 1, 2, 2, 2, 2, 1, 0]|[3, 0, 1, 1, 1, 1, 0, 0, 1, 3, 1, 0, 0, 0, 0, 1, 1, 0, 1, 3]|[1, 1, 1, 1, 2, 1, 0, 0, 1, 0, 0, 1, 0, 1, 0, 1, 0, 1, 1, 0];[18, 12, 1, 5, 14, 10, 6, 0, 15, 19, 13, 16, 3, 8, 17, 11, 9, 7, 4, 2]|[0, 0, 0, 0, 2, 0, 0, 2, 2, 2, 0, 2, 1, 1, 1, 1, 1, 1, 1, 2]|[0, 3, 0, 3, 0, 0, 3, 0, 0, 1, 3, 0, 1, 1, 1, 1, 1, 1, 1, 0]|[2, 0, 1, 0, 1, 2, 0, 1, 1, 0, 0, 0, 1, 1, 1, 1, 1, 1, 1, 1];[19, 6, 10, 15, 11, 14, 16, 5, 4, 9, 2, 13, 8, 12, 3, 17, 0, 7, 18, 1]|[2, 1, 1, 2, 1, 2, 1, 0, 1, 1, 2, 2, 2, 0, 0, 0, 0, 0, 0, 0]|[0, 1, 1, 0, 1, 0, 1, 3, 1, 0, 0, 1, 0, 3, 3, 3, 3, 3, 3, 3]|[1, 1, 0, 0, 1, 1, 1, 0, 0, 1, 0, 1, 1, 2, 0, 2, 0, 2, 0, 0];[19, 6, 10, 15, 4, 9, 2, 18, 1, 17, 14, 3, 5, 7, 16, 8, 11, 0, 12, 13]|[2, 1, 1, 2, 1, 0, 2, 0, 1, 2, 1, 1, 0, 0, 0, 0, 1, 2, 2, 0]|[0, 0, 1, 0, 0, 2, 0, 3, 0, 0, 0, 1, 0, 3, 0, 1, 1, 1, 0, 0]|[1, 1, 0, 0, 1, 0, 1, 1, 1, 0, 1, 0, 2, 2, 0, 0, 1, 1, 1, 2];[1, 19, 15, 16, 7, 4, 8, 0, 18, 13, 2, 3, 5, 6, 10, 12, 17, 9, 11, 14]|[0, 2, 0, 1, 2, 2, 2, 0, 0, 0, 0, 2, 0, 1, 1, 1, 1, 1, 1, 2]|[3, 0, 1, 1, 0, 0, 0, 0, 0, 3, 3, 1, 3, 1, 1, 1, 1, 1, 1, 0]|[0, 1, 1, 1, 0, 1, 0, 2, 0, 0, 2, 0, 1, 1, 1, 1, 1, 1, 1, 1];[18, 19, 10, 8, 4, 13, 9, 5, 16, 7, 6, 11, 1, 17, 2, 0, 14, 3, 15, 12]|[0, 2, 2, 0, 1, 1, 0, 1, 2, 2, 1, 2, 1, 1, 2, 0, 0, 1, 1, 0]|[3, 0, 1, 1, 1, 1, 0, 0, 1, 0, 1, 0, 0, 0, 0, 3, 3, 1, 0, 3]|[1, 1, 0, 1, 1, 1, 0, 0, 0, 1, 1, 0, 1, 1, 1, 2, 0, 0, 1, 0];[18, 19, 1, 10, 8, 15, 9, 0, 12, 11, 17, 6, 4, 13, 14, 16, 5, 3, 2, 7]|[0, 2, 1, 1, 1, 2, 0, 0, 2, 0, 1, 1, 2, 1, 0, 0, 2, 2, 1, 0]|[3, 1, 0, 1, 0, 0, 1, 0, 0, 0, 1, 1, 0, 1, 3, 3, 1, 0, 0, 0]|[0, 0, 1, 1, 1, 1, 1, 2, 1, 1, 0, 1, 1, 1, 0, 2, 0, 1, 0, 0];[3, 11, 16, 17, 0, 14, 9, 5, 10, 4, 6, 19, 12, 18, 2, 13, 1, 15, 8, 7]|[2, 2, 1, 0, 0, 0, 0, 1, 2, 1, 1, 2, 1, 2, 1, 2, 0, 0, 0, 0]|[1, 0, 1, 3, 3, 3, 3, 0, 0, 1, 0, 0, 0, 0, 0, 0, 3, 3, 3, 3]|[1, 1, 1, 0, 2, 0, 0, 1, 0, 0, 1, 1, 1, 0, 1, 1, 2, 0, 2, 0];[9, 19, 12, 4, 1, 5, 16, 6, 17, 18, 11, 14, 7, 3, 2, 8, 10, 15, 13, 0]|[0, 2, 1, 1, 0, 2, 0, 1, 1, 0, 0, 0, 2, 2, 2, 2, 1, 1, 1, 1]|[2, 0, 1, 0, 0, 1, 3, 0, 1, 3, 3, 1, 1, 0, 1, 1, 1, 0, 1, 1]|[2, 1, 0, 1, 1, 0, 0, 1, 0, 2, 0, 1, 0, 0, 1, 0, 1, 0, 1, 1];[5, 16, 9, 14, 8, 0, 15, 10, 3, 1, 7, 4, 2, 12, 13, 17, 6, 18, 19, 11]|[2, 0, 2, 0, 2, 2, 2, 1, 2, 2, 0, 1, 1, 1, 1, 1, 1, 0, 0, 0]|[1, 0, 0, 3, 0, 1, 0, 1, 0, 0, 3, 1, 1, 1, 1, 1, 1, 3, 3, 3]|[1, 1, 0, 0, 1, 0, 0, 1, 1, 0, 0, 1, 1, 1, 1, 1, 1, 0, 2, 0];[1, 19, 10, 8, 4, 9, 16, 2, 12, 5, 18, 14, 3, 6, 11, 15, 13, 7, 0, 17]|[0, 2, 0, 2, 1, 0, 2, 1, 1, 2, 0, 0, 0, 0, 0, 1, 0, 0, 0, 2]|[2, 0, 3, 1, 1, 0, 0, 0, 0, 0, 0, 3, 0, 3, 0, 0, 0, 1, 0, 0]|[1, 1, 2, 1, 1, 1, 0, 1, 1, 0, 2, 0, 1, 0, 2, 1, 0, 0, 1, 1];[1, 19, 4, 2, 8, 0, 12, 15, 11, 6, 13, 17, 14, 5, 18, 7, 16, 10, 3, 9]|[0, 2, 1, 2, 0, 2, 0, 2, 1, 1, 1, 1, 1, 0, 0, 0, 2, 1, 0, 0]|[3, 0, 1, 0, 3, 0, 3, 0, 1, 1, 1, 1, 1, 3, 3, 3, 0, 1, 3, 3]|[0, 1, 1, 0, 2, 1, 2, 0, 1, 1, 1, 1, 1, 0, 2, 0, 1, 1, 0, 2];[12, 17, 8, 1, 0, 15, 4, 13, 19, 6, 10, 2, 11, 16, 5, 14, 3, 7, 9, 18]|[2, 1, 2, 0, 0, 2, 1, 2, 2, 1, 1, 1, 1, 0, 0, 2, 2, 1, 0, 0]|[0, 0, 1, 2, 3, 1, 1, 0, 0, 1, 1, 1, 1, 0, 0, 0, 0, 1, 3, 3]|[0, 0, 1, 0, 1, 1, 1, 0, 1, 1, 1, 1, 1, 2, 0, 0, 1, 1, 0, 0];[9, 19, 6, 10, 8, 4, 1, 16, 2, 12, 11, 5, 17, 15, 14, 0, 18, 13, 7, 3]|[0, 2, 0, 0, 2, 1, 0, 2, 1, 1, 0, 2, 0, 0, 1, 0, 0, 0, 0, 2]|[3, 0, 0, 3, 0, 1, 0, 0, 1, 0, 0, 0, 3, 0, 0, 0, 0, 2, 0, 0]|[1, 1, 0, 2, 1, 1, 1, 0, 1, 1, 2, 0, 0, 1, 1, 0, 2, 0, 1, 0];[1, 5, 16, 6, 11, 18, 8, 0, 4, 3, 15, 19, 13, 10, 12, 9, 7, 14, 2, 17]|[0, 1, 2, 1, 1, 0, 0, 2, 0, 1, 2, 2, 1, 1, 0, 0, 2, 2, 1, 0]|[3, 1, 0, 1, 1, 3, 3, 0, 3, 1, 0, 0, 1, 1, 0, 3, 1, 0, 1, 3]|[0, 1, 1, 1, 1, 0, 2, 1, 0, 1, 0, 1, 1, 1, 1, 2, 0, 1, 1, 2];[11, 19, 6, 8, 4, 9, 16, 2, 12, 1, 5, 18, 15, 14, 3, 17, 0, 7, 10, 13]|[0, 2, 0, 2, 1, 0, 2, 1, 1, 0, 2, 0, 0, 0, 1, 0, 0, 0, 0, 2]|[0, 0, 3, 1, 1, 0, 0, 1, 0, 3, 0, 0, 3, 0, 0, 3, 3, 0, 2, 0]|[2, 1, 0, 1, 1, 0, 0, 1, 1, 1, 0, 2, 0, 1, 1, 0, 2, 0, 2, 1];[19, 6, 8, 4, 2, 17, 18, 12, 14, 10, 11, 5, 3, 0, 16, 1, 7, 13, 9, 15]|[2, 1, 2, 1, 2, 1, 2, 1, 1, 0, 0, 0, 2, 2, 1, 0, 0, 0, 0, 0]|[0, 1, 0, 1, 0, 0, 0, 0, 1, 3, 3, 3, 1, 0, 1, 3, 3, 3, 3, 3]|[1, 1, 0, 1, 1, 1, 0, 1, 0, 2, 0, 2, 1, 1, 1, 0, 0, 0, 2, 0];[19, 6, 10, 8, 4, 11, 17, 16, 2, 12, 9, 5, 18, 14, 15, 3, 13, 0, 1, 7]|[2, 0, 0, 2, 1, 0, 0, 2, 1, 1, 0, 2, 0, 0, 0, 0, 1, 0, 0, 2]|[0, 3, 0, 1, 1, 0, 3, 0, 1, 0, 0, 0, 0, 3, 0, 0, 0, 3, 3, 0]|[1, 1, 0, 0, 1, 2, 1, 0, 1, 1, 0, 1, 2, 0, 1, 0, 1, 2, 1, 1];[0, 19, 6, 10, 8, 4, 9, 16, 2, 12, 18, 5, 17, 3, 7, 15, 13, 11, 1, 14]|[0, 2, 0, 0, 2, 1, 0, 2, 0, 1, 0, 2, 1, 0, 1, 0, 0, 0, 0, 2]|[0, 0, 3, 0, 1, 1, 0, 0, 3, 0, 0, 0, 1, 0, 0, 3, 0, 0, 0, 0]|[2, 1, 0, 2, 1, 1, 0, 0, 1, 1, 2, 0, 0, 1, 1, 0, 0, 2, 1, 1];[19, 6, 10, 11, 17, 5, 4, 14, 13, 12, 8, 0, 16, 3, 9, 2, 15, 1, 18, 7]|[2, 1, 1, 1, 0, 2, 1, 2, 0, 1, 1, 0, 0, 0, 0, 2, 0, 0, 0, 2]|[0, 0, 1, 1, 3, 1, 0, 0, 3, 0, 0, 3, 3, 3, 3, 0, 3, 3, 3, 0]|[1, 1, 1, 1, 0, 0, 0, 0, 0, 1, 1, 2, 0, 2, 0, 0, 0, 2, 0, 0];[19, 6, 10, 15, 11, 5, 0, 7, 18, 17, 9, 2, 13, 16, 1, 12, 14, 3, 8, 4]|[2, 1, 1, 2, 1, 0, 2, 0, 0, 1, 1, 2, 1, 0, 0, 2, 2, 1, 0, 0]|[0, 1, 1, 0, 1, 3, 0, 3, 3, 1, 0, 0, 1, 3, 3, 1, 0, 1, 3, 3]|[1, 1, 0, 0, 1, 2, 1, 0, 2, 0, 1, 0, 1, 0, 2, 0, 1, 1, 0, 2];[2, 0, 5, 17, 6, 12, 13, 7, 14, 11, 16, 9, 4, 15, 10, 18, 19, 1, 8, 3]|[0, 1, 2, 0, 0, 0, 0, 0, 1, 1, 2, 1, 1, 2, 0, 0, 2, 0, 0, 2]|[3, 0, 0, 3, 3, 3, 3, 3, 0, 1, 0, 1, 1, 0, 3, 3, 0, 3, 3, 0]|[0, 1, 0, 0, 2, 0, 0, 2, 1, 1, 0, 1, 1, 1, 0, 0, 1, 0, 2, 0];[4, 5, 9, 8, 3, 14, 17, 10, 15, 11, 2, 13, 7, 6, 19, 12, 1, 18, 16, 0]|[1, 0, 1, 2, 0, 0, 2, 1, 2, 1, 2, 1, 1, 1, 2, 0, 0, 0, 0, 0]|[1, 3, 1, 1, 3, 3, 0, 1, 0, 1, 0, 1, 1, 1, 0, 3, 3, 3, 3, 3]|[1, 0, 1, 1, 2, 0, 0, 0, 0, 1, 1, 0, 1, 1, 1, 0, 2, 0, 0, 0];[14, 6, 15, 4, 0, 8, 19, 5, 10, 3, 9, 7, 12, 2, 16, 18, 11, 1, 17, 13]|[2, 1, 2, 1, 1, 0, 0, 2, 0, 0, 0, 0, 1, 1, 2, 0, 0, 0, 0, 2]|[0, 0, 1, 1, 0, 3, 3, 0, 3, 3, 3, 3, 0, 0, 0, 3, 3, 3, 3, 0]|[1, 1, 1, 0, 1, 2, 0, 0, 2, 0, 0, 0, 0, 1, 1, 0, 2, 0, 0, 1];[5, 1, 15, 11, 7, 17, 19, 4, 6, 14, 3, 18, 16, 0, 2, 12, 8, 10, 9, 13]|[2, 0, 2, 1, 1, 1, 2, 0, 0, 0, 0, 0, 0, 2, 1, 1, 0, 0, 0, 2]|[0, 3, 1, 1, 0, 0, 0, 3, 3, 3, 3, 3, 3, 0, 1, 0, 3, 3, 3, 0]|[0, 0, 1, 1, 1, 1, 1, 0, 0, 2, 0, 0, 2, 0, 1, 1, 0, 2, 0, 1];[1, 19, 6, 10, 15, 11, 18, 0, 8, 12, 7, 13, 4, 17, 5, 9, 14, 16, 2, 3]|[0, 2, 1, 1, 2, 1, 0, 0, 2, 0, 1, 2, 1, 1, 0, 0, 2, 2, 1, 0]|[3, 0, 1, 1, 0, 1, 0, 0, 0, 0, 0, 0, 0, 1, 3, 3, 1, 0, 1, 3]|[1, 1, 1, 0, 0, 1, 0, 2, 1, 2, 1, 0, 1, 0, 0, 2, 0, 1, 1, 0];[1, 19, 6, 10, 15, 4, 18, 5, 2, 7, 13, 9, 12, 14, 8, 11, 3, 0, 16, 17]|[0, 2, 1, 1, 2, 1, 0, 0, 2, 0, 1, 2, 1, 1, 0, 0, 2, 2, 1, 0]|[3, 0, 1, 1, 0, 1, 1, 0, 0, 0, 0, 0, 0, 1, 3, 3, 1, 0, 1, 3]|[1, 1, 1, 0, 0, 1, 0, 2, 1, 2, 1, 0, 1, 0, 0, 2, 1, 1, 1, 0];[12, 19, 8, 4, 1, 14, 2, 7, 6, 0, 5, 16, 3, 17, 9, 13, 15, 10, 11, 18]|[0, 2, 2, 1, 0, 0, 2, 0, 1, 2, 2, 0, 0, 1, 1, 2, 1, 1, 1, 0]|[3, 1, 0, 1, 2, 0, 0, 0, 1, 0, 1, 3, 3, 1, 0, 0, 1, 1, 1, 1]|[0, 1, 0, 1, 0, 2, 1, 1, 1, 1, 1, 2, 0, 0, 1, 0, 1, 1, 1, 1];[18, 19, 6, 10, 8, 4, 9, 5, 13, 11, 17, 16, 3, 2, 15, 14, 12, 0, 1, 7]|[0, 2, 1, 1, 2, 1, 0, 0, 2, 0, 1, 2, 1, 1, 0, 0, 2, 2, 1, 0]|[3, 0, 1, 1, 0, 1, 0, 0, 0, 0, 0, 0, 0, 1, 3, 3, 1, 0, 1, 3]|[1, 1, 1, 0, 0, 1, 0, 2, 1, 2, 1, 1, 1, 0, 0, 2, 1, 0, 1, 0];[1, 19, 6, 4, 10, 5, 9, 0, 13, 15, 2, 18, 12, 14, 8, 7, 3, 11, 16, 17]|[0, 2, 1, 1, 2, 1, 0, 0, 2, 0, 1, 2, 1, 1, 0, 0, 2, 2, 1, 0]|[3, 0, 0, 1, 0, 0, 0, 1, 0, 0, 0, 0, 0, 1, 3, 3, 1, 0, 1, 3]|[1, 1, 1, 0, 0, 1, 0, 2, 1, 2, 1, 0, 1, 0, 0, 2, 1, 1, 1, 0];[1, 19, 6, 10, 15, 11, 18, 8, 0, 12, 13, 2, 4, 17, 5, 9, 7, 16, 14, 3]|[0, 2, 1, 1, 2, 1, 0, 0, 2, 0, 1, 2, 1, 1, 0, 0, 0, 2, 1, 0]|[3, 0, 1, 1, 0, 1, 0, 0, 0, 0, 0, 0, 0, 1, 3, 3, 1, 0, 1, 3]|[1, 1, 1, 0, 0, 1, 2, 2, 1, 2, 1, 0, 1, 0, 0, 2, 0, 1, 1, 0];[1, 19, 6, 10, 4, 11, 18, 8, 2, 15, 0, 12, 9, 3, 17, 7, 13, 14, 5, 16]|[0, 2, 1, 1, 2, 1, 0, 0, 1, 2, 2, 2, 1, 1, 0, 0, 2, 2, 1, 0]|[3, 0, 1, 1, 1, 1, 0, 0, 0, 0, 0, 0, 0, 1, 3, 3, 0, 0, 1, 3]|[1, 0, 1, 0, 1, 1, 0, 2, 1, 1, 1, 0, 1, 0, 0, 2, 0, 1, 1, 0];[1, 19, 6, 10, 8, 4, 9, 16, 2, 12, 11, 5, 18, 14, 3, 15, 13, 7, 0, 17]|[0, 2, 0, 0, 2, 1, 0, 2, 1, 1, 0, 2, 0, 0, 0, 1, 0, 0, 0, 2]|[3, 0, 3, 0, 1, 1, 0, 0, 0, 0, 0, 0, 0, 3, 0, 0, 0, 1, 0, 0]|[1, 1, 0, 2, 1, 1, 1, 0, 1, 1, 2, 0, 2, 0, 1, 1, 0, 0, 1, 1];[19, 10, 15, 11, 13, 8, 12, 6, 16, 17, 4, 0, 5, 14, 2, 18, 1, 3, 7, 9]|[2, 1, 2, 1, 0, 2, 0, 1, 2, 1, 1, 0, 2, 2, 0, 0, 0, 0, 1, 1]|[0, 1, 1, 0, 0, 1, 3, 1, 0, 0, 1, 0, 1, 0, 2, 1, 2, 3, 1, 0]|[0, 1, 1, 0, 2, 1, 0, 1, 0, 1, 0, 2, 1, 1, 0, 0, 2, 0, 0, 1];[19, 6, 10, 15, 11, 8, 4, 14, 5, 3, 9, 2, 13, 18, 1, 12, 17, 7, 16, 0]|[2, 1, 1, 2, 1, 2, 2, 2, 1, 1, 1, 2, 0, 0, 0, 0, 0, 0, 0, 0]|[0, 1, 1, 0, 1, 0, 1, 0, 1, 1, 0, 0, 3, 3, 3, 3, 3, 3, 3, 3]|[1, 1, 0, 0, 1, 1, 0, 1, 1, 0, 1, 0, 0, 2, 0, 0, 0, 2, 0, 2];[1, 19, 6, 10, 8, 4, 16, 2, 12, 5, 18, 3, 7, 9, 11, 13, 17, 14, 0, 15]|[0, 2, 0, 0, 2, 1, 2, 1, 1, 2, 0, 0, 0, 0, 0, 1, 0, 0, 0, 2]|[1, 0, 3, 0, 1, 1, 0, 1, 0, 0, 0, 3, 3, 0, 0, 0, 3, 0, 2, 0]|[1, 1, 0, 2, 1, 1, 0, 1, 1, 0, 2, 0, 0, 1, 2, 0, 0, 0, 1, 1];[10, 19, 9, 4, 8, 6, 11, 12, 2, 16, 1, 5, 3, 0, 15, 7, 17, 18, 13, 14]|[0, 2, 0, 1, 2, 0, 0, 1, 1, 2, 0, 2, 0, 0, 1, 0, 0, 0, 0, 2]|[0, 0, 0, 1, 1, 3, 0, 0, 0, 0, 3, 0, 3, 0, 0, 0, 2, 0, 0, 0]|[2, 1, 0, 1, 1, 1, 2, 1, 1, 0, 1, 0, 0, 1, 1, 0, 1, 2, 0, 1];[9, 19, 10, 8, 4, 1, 16, 2, 12, 5, 18, 17, 14, 7, 0, 6, 3, 11, 13, 15]|[0, 2, 0, 2, 1, 0, 2, 1, 1, 2, 0, 0, 0, 0, 1, 0, 0, 0, 0, 2]|[0, 0, 0, 1, 1, 0, 0, 0, 0, 0, 0, 3, 3, 0, 0, 3, 0, 0, 2, 0]|[1, 1, 2, 1, 1, 1, 0, 1, 1, 0, 2, 0, 0, 1, 1, 0, 0, 2, 1, 1];[1, 19, 6, 4, 9, 11, 8, 16, 5, 10, 12, 3, 18, 15, 14, 17, 7, 13, 0, 2]|[0, 2, 0, 0, 2, 1, 0, 2, 1, 1, 0, 2, 0, 1, 0, 0, 0, 0, 0, 2]|[3, 0, 0, 3, 0, 1, 0, 0, 1, 0, 0, 0, 0, 0, 3, 0, 3, 2, 0, 0]|[1, 1, 0, 2, 1, 1, 1, 0, 1, 1, 2, 0, 1, 1, 0, 2, 0, 1, 0, 0];[16, 13, 17, 8, 3, 2, 11, 15, 10, 6, 19, 9, 7, 12, 0, 5, 4, 18, 14, 1]|[0, 0, 1, 2, 1, 2, 2, 1, 1, 1, 2, 0, 0, 2, 2, 1, 0, 0, 0, 0]|[3, 3, 1, 0, 0, 0, 0, 1, 1, 1, 0, 3, 3, 1, 0, 1, 3, 3, 3, 3]|[2, 0, 0, 1, 1, 0, 1, 1, 0, 1, 1, 2, 0, 0, 1, 1, 0, 0, 2, 0];[4, 11, 19, 10, 5, 14, 9, 3, 18, 2, 13, 0, 8, 7, 1, 12, 17, 15, 6, 16]|[0, 1, 2, 1, 1, 2, 1, 1, 0, 2, 1, 2, 0, 0, 0, 0, 2, 2, 1, 0]|[3, 1, 0, 1, 1, 0, 1, 1, 3, 0, 1, 0, 3, 3, 3, 3, 1, 0, 1, 3]|[2, 1, 1, 0, 1, 0, 1, 0, 0, 1, 1, 1, 0, 2, 0, 2, 1, 0, 1, 0];[1, 19, 15, 11, 16, 2, 12, 5, 13, 18, 4, 0, 3, 6, 9, 10, 7, 8, 17, 14]|[1, 2, 2, 1, 2, 1, 1, 2, 0, 0, 0, 0, 0, 0, 0, 0, 0, 0, 1, 2]|[0, 0, 1, 1, 0, 1, 0, 0, 3, 3, 3, 3, 3, 3, 3, 3, 3, 3, 0, 1]|[1, 1, 0, 1, 0, 1, 0, 0, 0, 0, 2, 0, 2, 0, 2, 0, 0, 0, 1, 1];[19, 14, 8, 12, 10, 15, 11, 16, 2, 3, 17, 13, 4, 0, 18, 6, 9, 1, 5, 7]|[2, 0, 0, 0, 0, 2, 1, 2, 1, 1, 2, 0, 1, 0, 0, 0, 0, 0, 1, 2]|[0, 3, 3, 3, 3, 1, 1, 0, 1, 0, 0, 3, 0, 3, 3, 3, 3, 3, 0, 0]|[1, 0, 2, 0, 0, 1, 1, 0, 1, 1, 0, 2, 1, 0, 0, 2, 0, 0, 0, 1];[19, 15, 11, 7, 0, 8, 12, 13, 5, 16, 3, 14, 10, 6, 18, 17, 9, 4, 1, 2]|[2, 2, 1, 0, 2, 1, 1, 0, 2, 1, 0, 0, 0, 0, 0, 0, 1, 0, 0, 2]|[0, 0, 1, 3, 0, 0, 0, 3, 0, 0, 3, 3, 3, 3, 3, 3, 1, 3, 3, 0]|[1, 1, 1, 0, 0, 1, 1, 2, 0, 1, 0, 0, 2, 0, 0, 0, 0, 2, 0, 1];[1, 19, 6, 10, 15, 11, 18, 8, 9, 12, 13, 4, 14, 17, 3, 16, 5, 0, 2, 7]|[0, 2, 1, 1, 2, 1, 0, 0, 2, 0, 1, 2, 1, 1, 0, 0, 2, 2, 1, 0]|[3, 0, 1, 1, 0, 1, 0, 0, 0, 0, 1, 0, 0, 1, 3, 3, 1, 0, 1, 3]|[1, 1, 1, 0, 0, 1, 0, 2, 1, 1, 1, 0, 1, 0, 0, 2, 1, 1, 1, 0];[18, 19, 6, 10, 8, 4, 1, 14, 2, 7, 11, 13, 9, 17, 3, 16, 5, 0, 15, 12]|[0, 2, 1, 1, 2, 1, 0, 0, 2, 0, 1, 2, 1, 1, 0, 0, 2, 2, 1, 0]|[3, 0, 1, 1, 0, 1, 0, 0, 0, 0, 1, 0, 0, 1, 3, 3, 1, 0, 1, 3]|[1, 1, 1, 0, 0, 1, 0, 2, 1, 1, 1, 0, 1, 0, 0, 2, 1, 1, 1, 0];[19, 15, 4, 16, 11, 9, 13, 5, 6, 10, 17, 12, 1, 7, 14, 8, 3, 0, 18, 2]|[2, 2, 1, 1, 1, 2, 2, 2, 1, 0, 1, 0, 0, 0, 0, 2, 0, 0, 1, 2]|[1, 1, 0, 1, 1, 0, 0, 0, 1, 3, 1, 3, 3, 3, 3, 1, 3, 3, 1, 0]|[1, 1, 0, 1, 1, 0, 0, 0, 1, 0, 1, 2, 0, 0, 2, 1, 0, 0, 0, 1];[1, 19, 6, 10, 15, 11, 18, 0, 8, 12, 13, 2, 9, 7, 5, 14, 16, 17, 4, 3]|[0, 2, 1, 1, 2, 1, 0, 0, 2, 0, 1, 2, 1, 1, 0, 0, 2, 2, 1, 0]|[3, 0, 1, 1, 1, 1, 0, 0, 0, 0, 0, 0, 0, 1, 3, 3, 1, 0, 1, 3]|[1, 1, 1, 0, 0, 1, 0, 2, 1, 2, 1, 0, 1, 0, 0, 2, 0, 1, 1, 0];[1, 19, 4, 15, 16, 18, 5, 2, 7, 13, 9, 12, 8, 11, 3, 0, 10, 14, 6, 17]|[0, 2, 1, 2, 1, 0, 0, 2, 0, 1, 2, 1, 0, 0, 2, 2, 1, 1, 1, 0]|[3, 0, 1, 0, 1, 3, 0, 0, 0, 1, 0, 1, 3, 3, 1, 0, 1, 1, 1, 3]|[1, 1, 1, 0, 1, 0, 2, 1, 2, 1, 0, 1, 0, 2, 1, 1, 1, 1, 1, 0];[17, 4, 13, 14, 16, 2, 12, 0, 5, 18, 3, 8, 11, 15, 10, 6, 19, 7, 9, 1]|[1, 1, 2, 2, 2, 1, 0, 0, 0, 0, 0, 2, 1, 2, 1, 1, 2, 0, 0, 0]|[1, 0, 0, 1, 0, 1, 3, 3, 3, 3, 3, 0, 1, 0, 1, 1, 0, 3, 3, 3]|[0, 1, 0, 0, 1, 1, 0, 2, 0, 2, 2, 1, 1, 0, 0, 1, 1, 0, 0, 0];[1, 6, 10, 15, 5, 11, 18, 8, 4, 14, 17, 3, 16, 0, 13, 12, 19, 9, 2, 7]|[0, 1, 1, 2, 2, 1, 0, 0, 2, 1, 1, 0, 0, 2, 1, 0, 2, 2, 1, 0]|[3, 1, 1, 1, 0, 1, 3, 0, 0, 1, 1, 3, 3, 0, 1, 0, 0, 0, 1, 3]|[1, 1, 1, 1, 1, 1, 0, 2, 0, 1, 0, 0, 2, 1, 1, 1, 1, 1, 1, 0];[18, 13, 6, 10, 8, 4, 16, 3, 1, 5, 19, 12, 17, 2, 7, 14, 15, 9, 0, 11]|[0, 2, 0, 1, 2, 2, 2, 1, 0, 1, 2, 2, 2, 0, 0, 1, 1, 2, 1, 0]|[3, 0, 1, 0, 1, 1, 0, 0, 0, 1, 1, 0, 1, 0, 1, 0, 0, 0, 1, 3]|[0, 0, 1, 1, 1, 1, 0, 1, 0, 1, 1, 0, 0, 2, 0, 0, 1, 1, 1, 0];[1, 19, 6, 10, 8, 4, 9, 16, 2, 12, 11, 5, 18, 17, 7, 14, 13, 0, 15, 3]|[0, 2, 0, 0, 2, 1, 0, 2, 1, 1, 0, 2, 2, 0, 0, 1, 0, 0, 0, 2]|[3, 0, 3, 0, 1, 1, 0, 0, 1, 0, 0, 0, 0, 3, 0, 0, 1, 0, 0, 0]|[1, 1, 1, 0, 0, 1, 0, 1, 1, 1, 2, 0, 0, 0, 1, 0, 2, 1, 2, 1];[1, 19, 13, 14, 18, 5, 15, 17, 12, 2, 16, 10, 4, 8, 11, 6, 9, 0, 7, 3]|[0, 2, 0, 1, 2, 2, 0, 0, 1, 1, 2, 0, 1, 2, 0, 0, 0, 0, 0, 2]|[1, 0, 3, 0, 0, 0, 0, 3, 0, 1, 0, 0, 1, 1, 0, 3, 0, 0, 0, 0]|[1, 1, 2, 0, 0, 0, 2, 0, 1, 1, 1, 0, 1, 0, 2, 1, 0, 1, 1, 1];[19, 6, 1, 10, 15, 11, 12, 5, 4, 14, 17, 7, 0, 2, 9, 3, 13, 16, 18, 8]|[2, 0, 0, 1, 2, 1, 0, 0, 1, 2, 1, 0, 1, 2, 1, 2, 2, 0, 0, 0]|[0, 3, 3, 1, 0, 1, 3, 3, 1, 0, 0, 3, 1, 0, 1, 0, 1, 3, 3, 3]|[1, 0, 0, 0, 0, 1, 2, 0, 0, 0, 1, 0, 1, 1, 1, 1, 0, 2, 0, 0];[8, 19, 15, 4, 5, 6, 2, 9, 18, 1, 0, 12, 10, 13, 16, 11, 14, 7, 17, 3]|[0, 2, 2, 1, 1, 1, 2, 1, 0, 0, 2, 0, 1, 1, 0, 1, 2, 2, 0, 0]|[3, 0, 0, 1, 1, 1, 0, 1, 3, 3, 0, 3, 1, 1, 3, 1, 0, 1, 3, 3]|[2, 1, 0, 1, 1, 1, 0, 1, 1, 0, 0, 2, 1, 1, 0, 1, 1, 0, 2, 0];[19, 15, 11, 14, 17, 18, 6, 7, 1, 0, 8, 12, 13, 2, 4, 16, 3, 9, 10, 5]|[2, 2, 1, 0, 0, 0, 0, 0, 0, 2, 1, 1, 1, 2, 0, 1, 0, 0, 0, 2]|[0, 0, 1, 3, 3, 3, 3, 3, 3, 0, 0, 0, 0, 0, 3, 0, 3, 3, 3, 0]|[1, 0, 1, 0, 2, 0, 0, 0, 2, 0, 1, 1, 0, 0, 0, 1, 0, 0, 2, 1];[1, 19, 6, 10, 15, 11, 18, 0, 8, 12, 13, 2, 9, 3, 17, 7, 4, 14, 5, 16]|[0, 2, 1, 1, 2, 1, 0, 0, 2, 0, 1, 2, 1, 1, 0, 0, 2, 2, 1, 0]|[3, 0, 1, 1, 0, 1, 0, 0, 0, 0, 0, 0, 0, 1, 3, 3, 1, 0, 1, 3]|[1, 1, 1, 0, 0, 1, 0, 2, 1, 2, 1, 0, 1, 0, 0, 2, 0, 1, 1, 0];[1, 19, 6, 10, 15, 11, 18, 8, 2, 12, 17, 7, 14, 4, 9, 3, 13, 16, 5, 0]|[0, 2, 1, 1, 2, 1, 0, 0, 2, 0, 1, 2, 1, 1, 0, 0, 2, 2, 1, 0]|[3, 0, 1, 1, 0, 1, 1, 0, 0, 0, 0, 0, 0, 1, 3, 3, 1, 0, 1, 3]|[1, 1, 1, 0, 0, 1, 0, 2, 1, 0, 1, 0, 1, 0, 0, 2, 0, 1, 1, 0];[7, 19, 12, 8, 0, 3, 4, 18, 14, 11, 2, 16, 5, 17, 10, 15, 6, 13, 9, 1]|[0, 2, 0, 2, 2, 2, 1, 0, 2, 2, 2, 0, 0, 1, 1, 1, 1, 1, 1, 0]|[3, 1, 3, 0, 0, 0, 0, 3, 1, 1, 0, 3, 3, 1, 1, 1, 1, 1, 1, 0]|[1, 1, 0, 1, 1, 1, 0, 0, 0, 0, 1, 2, 0, 1, 1, 1, 1, 1, 1, 1];[1, 19, 6, 10, 15, 11, 18, 8, 0, 12, 13, 16, 3, 2, 4, 9, 7, 14, 5, 17]|[0, 2, 1, 1, 2, 1, 0, 0, 2, 0, 1, 2, 1, 1, 0, 0, 2, 2, 1, 0]|[3, 0, 1, 1, 0, 1, 1, 0, 0, 0, 0, 0, 0, 1, 3, 3, 1, 0, 1, 3]|[1, 1, 1, 0, 0, 1, 0, 2, 1, 1, 1, 0, 1, 0, 0, 2, 0, 1, 1, 2];[1, 19, 6, 10, 15, 11, 18, 8, 9, 12, 13, 16, 0, 4, 3, 17, 5, 14, 2, 7]|[0, 2, 1, 1, 2, 1, 0, 0, 2, 0, 1, 2, 1, 1, 0, 0, 2, 2, 1, 0]|[3, 0, 1, 1, 0, 1, 0, 0, 0, 0, 0, 0, 0, 1, 3, 3, 1, 0, 1, 3]|[1, 1, 1, 0, 0, 1, 2, 2, 1, 1, 1, 0, 1, 0, 0, 2, 1, 1, 1, 0];[3, 5, 6, 10, 15, 11, 18, 14, 4, 7, 2, 12, 9, 17, 13, 8, 1, 19, 16, 0]|[0, 2, 1, 1, 2, 1, 0, 0, 2, 1, 2, 2, 1, 1, 0, 0, 2, 2, 1, 0]|[3, 0, 1, 1, 0, 1, 0, 0, 0, 0, 0, 0, 0, 1, 3, 3, 1, 0, 1, 3]|[1, 1, 1, 0, 0, 1, 0, 2, 1, 0, 1, 0, 1, 0, 0, 2, 0, 1, 1, 0];[1, 19, 6, 10, 11, 18, 14, 12, 4, 7, 3, 0, 2, 13, 17, 9, 8, 5, 16, 15]|[0, 2, 1, 1, 1, 0, 0, 2, 2, 0, 1, 2, 2, 0, 1, 1, 2, 1, 0, 0]|[0, 0, 1, 1, 1, 3, 3, 1, 0, 0, 1, 0, 0, 3, 1, 0, 0, 1, 3, 3]|[0, 1, 1, 1, 1, 1, 2, 1, 0, 0, 1, 1, 1, 0, 0, 1, 1, 1, 0, 0];[1, 15, 12, 8, 0, 18, 7, 19, 14, 10, 6, 17, 11, 13, 9, 3, 4, 16, 5, 2]|[0, 2, 0, 2, 0, 0, 2, 1, 1, 1, 1, 1, 1, 1, 0, 0, 2, 2, 2, 0]|[3, 0, 0, 0, 0, 0, 0, 1, 1, 1, 1, 1, 1, 1, 3, 3, 1, 0, 0, 3]|[1, 0, 0, 1, 2, 0, 0, 1, 1, 1, 1, 1, 1, 1, 0, 2, 0, 1, 0, 0];[10, 12, 7, 18, 16, 14, 6, 13, 1, 2, 9, 15, 8, 4, 3, 17, 0, 11, 5, 19]|[0, 2, 0, 0, 1, 0, 2, 1, 1, 0, 2, 2, 1, 2, 0, 0, 0, 2, 0, 2]|[3, 0, 2, 3, 1, 1, 0, 1, 0, 3, 0, 1, 0, 1, 2, 0, 2, 1, 3, 1]|[0, 0, 0, 2, 0, 0, 1, 1, 0, 0, 0, 1, 1, 0, 2, 2, 2, 1, 1, 1];[10, 12, 7, 18, 16, 14, 6, 13, 1, 2, 9, 15, 8, 4, 3, 17, 0, 11, 5, 19]|[0, 2, 0, 0, 1, 0, 2, 1, 1, 0, 2, 2, 1, 2, 0, 0, 0, 2, 0, 2]|[3, 0, 2, 3, 1, 1, 0, 1, 0, 3, 0, 1, 0, 1, 2, 0, 2, 1, 3, 1]|[0, 0, 0, 2, 0, 0, 1, 1, 0, 0, 0, 1, 1, 0, 2, 2, 2, 1, 1, 1];[10, 12, 7, 18, 16, 14, 6, 13, 1, 2, 9, 15, 8, 4, 3, 17, 0, 11, 5, 19]|[0, 2, 0, 0, 1, 0, 2, 1, 1, 0, 2, 2, 1, 2, 0, 0, 0, 2, 0, 2]|[3, 0, 2, 3, 1, 1, 0, 1, 0, 3, 0, 1, 0, 1, 2, 0, 2, 1, 3, 1]|[0, 0, 0, 2, 0, 0, 1, 1, 0, 0, 0, 1, 1, 0, 2, 2, 2, 1, 1, 1];[10, 12, 7, 18, 16, 14, 6, 13, 1, 2, 9, 15, 8, 4, 3, 17, 0, 11, 5, 19]|[0, 2, 0, 0, 1, 0, 2, 1, 1, 0, 2, 2, 1, 2, 0, 0, 0, 2, 0, 2]|[3, 0, 2, 3, 1, 1, 0, 1, 0, 3, 0, 1, 0, 1, 2, 0, 2, 1, 3, 1]|[0, 0, 0, 2, 0, 0, 1, 1, 0, 0, 0, 1, 1, 0, 2, 2, 2, 1, 1, 1];[1, 19, 6, 10, 8, 4, 9, 16, 2, 12, 11, 5, 18, 17, 7, 13, 3, 14, 0, 15]|[0, 2, 0, 0, 2, 1, 0, 2, 1, 1, 0, 2, 0, 0, 0, 1, 0, 0, 0, 2]|[3, 0, 3, 0, 1, 1, 0, 0, 1, 0, 0, 0, 0, 3, 1, 0, 1, 0, 2, 0]|[1, 1, 0, 2, 1, 1, 1, 0, 1, 1, 2, 0, 2, 0, 0, 0, 0, 0, 1, 1];[1, 19, 6, 10, 8, 4, 9, 5, 2, 7, 17, 18, 12, 14, 15, 11, 3, 0, 16, 13]|[0, 2, 1, 1, 2, 1, 0, 0, 2, 0, 1, 2, 1, 1, 0, 0, 2, 2, 1, 0]|[3, 0, 1, 1, 0, 1, 0, 0, 0, 0, 0, 0, 0, 1, 3, 3, 1, 0, 1, 3]|[1, 1, 1, 0, 0, 1, 0, 2, 1, 2, 1, 0, 1, 0, 0, 2, 1, 1, 1, 0];[1, 19, 6, 10, 15, 11, 18, 0, 8, 12, 13, 7, 14, 17, 9, 3, 4, 16, 5, 2]|[0, 2, 1, 1, 2, 1, 0, 0, 2, 0, 1, 2, 1, 1, 0, 0, 2, 2, 1, 0]|[3, 0, 1, 1, 0, 1, 0, 0, 0, 0, 0, 0, 0, 1, 3, 3, 1, 0, 1, 3]|[1, 1, 1, 0, 0, 1, 0, 2, 1, 0, 1, 0, 1, 0, 0, 2, 0, 1, 1, 0];[1, 19, 6, 10, 15, 11, 18, 8, 0, 12, 13, 2, 9, 3, 4, 7, 17, 14, 5, 16]|[0, 2, 1, 1, 2, 1, 0, 0, 2, 0, 1, 2, 1, 1, 0, 0, 2, 2, 1, 0]|[3, 0, 1, 1, 0, 1, 0, 0, 0, 0, 0, 0, 0, 1, 3, 3, 1, 0, 1, 3]|[1, 1, 1, 0, 0, 1, 0, 2, 1, 2, 1, 0, 1, 0, 0, 2, 1, 0, 1, 0];[1, 19, 6, 4, 10, 5, 8, 0, 18, 15, 13, 11, 9, 17, 2, 16, 12, 14, 3, 7]|[0, 2, 1, 1, 2, 1, 0, 0, 2, 0, 1, 2, 1, 1, 0, 0, 2, 2, 1, 0]|[3, 0, 1, 1, 0, 1, 0, 0, 0, 0, 1, 0, 0, 1, 3, 3, 1, 0, 1, 3]|[2, 1, 1, 0, 0, 1, 0, 2, 1, 2, 1, 0, 1, 0, 0, 2, 0, 1, 1, 0];[1, 13, 7, 0, 18, 14, 4, 12, 15, 16, 10, 6, 11, 9, 5, 19, 2, 8, 17, 3]|[0, 1, 1, 1, 0, 0, 2, 2, 2, 2, 1, 1, 1, 0, 0, 2, 2, 2, 1, 0]|[3, 1, 1, 1, 3, 3, 0, 1, 1, 1, 0, 1, 1, 0, 0, 0, 1, 0, 1, 3]|[0, 1, 1, 1, 0, 2, 1, 1, 1, 0, 0, 1, 1, 0, 1, 1, 1, 0, 1, 2];[16, 6, 15, 11, 18, 4, 3, 2, 13, 8, 7, 14, 17, 1, 9, 10, 12, 0, 19, 5]|[2, 1, 2, 1, 1, 1, 1, 2, 1, 2, 2, 2, 0, 0, 0, 0, 0, 0, 0, 0]|[0, 1, 0, 1, 1, 1, 0, 0, 0, 0, 0, 0, 3, 3, 3, 3, 3, 3, 3, 3]|[1, 1, 0, 1, 0, 0, 1, 0, 1, 1, 0, 1, 0, 2, 0, 2, 0, 2, 0, 0];[3, 19, 6, 10, 8, 4, 9, 16, 2, 12, 13, 15, 17, 1, 5, 11, 14, 18, 7, 0]|[0, 2, 0, 0, 2, 1, 0, 2, 0, 1, 1, 0, 0, 0, 2, 0, 0, 0, 1, 2]|[3, 0, 3, 2, 1, 1, 0, 0, 0, 0, 0, 0, 3, 3, 0, 0, 0, 0, 0, 0]|[0, 1, 1, 2, 1, 1, 1, 0, 2, 1, 1, 1, 0, 0, 0, 2, 0, 2, 0, 0];[1, 16, 6, 10, 15, 11, 18, 0, 8, 12, 13, 2, 3, 4, 9, 17, 7, 14, 5, 19]|[0, 2, 1, 1, 2, 1, 0, 0, 2, 0, 1, 2, 1, 1, 0, 0, 2, 2, 1, 0]|[3, 0, 1, 1, 0, 1, 0, 0, 0, 0, 0, 0, 0, 1, 3, 3, 0, 0, 1, 3]|[1, 1, 1, 0, 0, 1, 0, 2, 1, 2, 1, 0, 1, 0, 0, 2, 0, 1, 1, 0];[7, 5, 6, 19, 1, 18, 4, 8, 2, 14, 3, 15, 10, 13, 12, 11, 17, 0, 9, 16]|[0, 1, 1, 2, 0, 0, 1, 2, 2, 2, 1, 2, 1, 1, 0, 0, 2, 2, 1, 0]|[0, 1, 1, 0, 0, 1, 0, 0, 0, 1, 1, 1, 1, 1, 3, 3, 1, 0, 0, 3]|[0, 1, 1, 1, 0, 1, 1, 0, 1, 0, 0, 1, 1, 1, 2, 0, 0, 1, 1, 0];[1, 19, 6, 10, 8, 4, 9, 16, 2, 12, 11, 5, 18, 15, 14, 3, 17, 7, 0, 13]|[0, 2, 0, 0, 2, 1, 0, 2, 1, 1, 0, 2, 0, 0, 0, 1, 0, 0, 0, 2]|[3, 0, 3, 0, 1, 1, 0, 0, 1, 0, 0, 0, 0, 1, 0, 0, 1, 0, 3, 0]|[1, 1, 0, 2, 1, 1, 1, 0, 1, 1, 2, 0, 2, 0, 1, 1, 0, 0, 2, 1];[19, 6, 10, 8, 4, 16, 2, 12, 5, 15, 17, 1, 3, 13, 9, 7, 11, 0, 18, 14]|[2, 0, 1, 2, 1, 2, 0, 1, 2, 0, 0, 0, 1, 0, 0, 0, 0, 0, 0, 2]|[0, 3, 0, 1, 1, 0, 2, 0, 0, 3, 1, 3, 0, 1, 2, 0, 0, 0, 0, 1]|[1, 2, 1, 1, 0, 0, 2, 1, 0, 1, 0, 1, 1, 0, 0, 1, 2, 0, 2, 1];[19, 6, 10, 8, 4, 9, 16, 2, 12, 5, 13, 14, 0, 3, 15, 17, 1, 11, 7, 18]|[2, 0, 0, 2, 1, 0, 2, 1, 1, 2, 0, 0, 1, 0, 0, 0, 0, 0, 0, 2]|[0, 3, 0, 1, 1, 0, 0, 1, 0, 0, 3, 3, 0, 0, 0, 0, 3, 0, 2, 0]|[1, 2, 0, 1, 1, 1, 0, 1, 1, 0, 0, 1, 1, 2, 2, 2, 0, 1, 1, 1];[19, 6, 10, 1, 8, 4, 9, 16, 2, 3, 5, 7, 14, 11, 18, 17, 13, 0, 12, 15]|[2, 0, 0, 0, 2, 1, 0, 2, 1, 1, 2, 0, 0, 0, 1, 0, 0, 0, 0, 2]|[0, 3, 0, 3, 0, 1, 0, 0, 1, 0, 0, 0, 3, 0, 0, 2, 0, 0, 0, 1]|[1, 0, 1, 2, 1, 1, 1, 0, 1, 1, 0, 2, 0, 1, 1, 0, 2, 0, 1, 1];[17, 19, 12, 9, 18, 0, 14, 6, 15, 5, 1, 11, 13, 2, 16, 4, 8, 10, 3, 7]|[0, 2, 0, 0, 1, 0, 0, 0, 0, 2, 0, 0, 1, 1, 2, 1, 2, 0, 0, 2]|[3, 0, 0, 3, 0, 3, 0, 0, 0, 0, 2, 0, 0, 1, 0, 1, 1, 0, 0, 0]|[2, 1, 0, 0, 1, 2, 1, 0, 2, 0, 0, 1, 1, 1, 0, 1, 1, 2, 1, 0];[1, 19, 6, 4, 9, 11, 8, 16, 5, 10, 12, 3, 17, 7, 18, 15, 14, 0, 13, 2]|[0, 2, 0, 0, 2, 1, 0, 2, 1, 1, 0, 2, 0, 0, 0, 1, 0, 0, 0, 2]|[3, 0, 3, 0, 0, 1, 0, 0, 1, 0, 0, 0, 0, 3, 0, 0, 1, 0, 2, 0]|[1, 1, 0, 2, 1, 1, 1, 0, 1, 1, 2, 0, 2, 0, 1, 1, 0, 0, 1, 0];[1, 19, 6, 10, 8, 4, 9, 16, 2, 12, 11, 5, 18, 17, 15, 14, 13, 0, 7, 3]|[0, 2, 0, 0, 2, 1, 0, 2, 1, 1, 0, 2, 0, 0, 0, 1, 0, 0, 0, 2]|[3, 0, 1, 0, 0, 1, 0, 0, 1, 0, 0, 0, 0, 3, 0, 0, 2, 0, 0, 0]|[1, 1, 0, 2, 1, 1, 1, 0, 1, 1, 2, 0, 2, 0, 1, 1, 0, 0, 1, 0];[4, 8, 6, 10, 15, 17, 18, 19, 0, 13, 12, 7, 11, 5, 2, 16, 9, 3, 14, 1]|[0, 2, 1, 1, 2, 1, 0, 2, 2, 1, 2, 1, 1, 0, 0, 0, 2, 2, 1, 0]|[3, 0, 1, 1, 0, 1, 3, 0, 0, 0, 0, 0, 1, 3, 3, 3, 0, 0, 1, 3]|[0, 1, 1, 1, 0, 0, 2, 1, 1, 1, 0, 1, 1, 0, 0, 2, 1, 0, 1, 0];[1, 19, 6, 10, 15, 11, 9, 0, 2, 12, 4, 5, 18, 8, 14, 3, 17, 7, 16, 13]|[0, 2, 0, 0, 2, 1, 0, 2, 1, 1, 0, 2, 0, 0, 0, 1, 0, 0, 0, 2]|[3, 0, 3, 0, 1, 1, 0, 0, 1, 0, 0, 0, 0, 3, 0, 0, 3, 0, 3, 0]|[1, 1, 0, 2, 1, 1, 1, 0, 1, 1, 2, 0, 2, 0, 1, 0, 0, 1, 2, 1];[1, 19, 6, 10, 15, 11, 9, 0, 2, 13, 17, 3, 14, 8, 4, 5, 16, 12, 18, 7]|[0, 2, 1, 1, 2, 1, 0, 0, 2, 0, 1, 1, 1, 0, 0, 2, 2, 2, 1, 0]|[3, 0, 1, 1, 0, 1, 0, 0, 0, 0, 0, 0, 1, 3, 3, 0, 0, 1, 1, 3]|[1, 1, 0, 0, 0, 1, 0, 2, 1, 2, 1, 1, 0, 0, 2, 0, 1, 1, 1, 0]
fc6diagRound 2	fe=58109	pool=300	target=100	rescued=0	sOriginal=[1, 19, 6, 10, 15, 11, 18, 8, 4, 7, 13, 9, 12, 0, 14, 17, 3, 16, 5, 2]|[0, 2, 1, 1, 2, 1, 0, 0, 2, 0, 1, 2, 1, 1, 0, 0, 0, 2, 1, 0]|[3, 0, 1, 1, 0, 1, 1, 0, 0, 0, 0, 0, 0, 1, 3, 3, 3, 0, 1, 3]|[1, 1, 1, 0, 0, 1, 0, 2, 1, 2, 1, 0, 1, 0, 0, 2, 0, 1, 1, 0];[1, 4, 16, 11, 14, 2, 7, 8, 12, 17, 9, 10, 5, 13, 18, 3, 19, 15, 6, 0]|[0, 1, 2, 1, 0, 2, 0, 2, 1, 1, 1, 1, 0, 0, 0, 2, 2, 2, 1, 0]|[3, 1, 1, 1, 0, 1, 0, 0, 0, 0, 1, 1, 3, 3, 0, 0, 0, 0, 1, 3]|[1, 1, 1, 1, 2, 1, 2, 0, 1, 1, 0, 1, 0, 2, 0, 0, 1, 1, 1, 2];[1, 19, 6, 10, 15, 11, 18, 8, 2, 7, 13, 12, 9, 17, 4, 14, 0, 16, 5, 3]|[0, 2, 1, 1, 2, 1, 0, 0, 2, 0, 1, 2, 1, 1, 0, 0, 0, 2, 1, 0]|[3, 0, 1, 1, 0, 1, 1, 0, 0, 0, 0, 0, 0, 1, 3, 3, 0, 0, 1, 3]|[1, 1, 1, 0, 0, 1, 0, 2, 1, 2, 1, 0, 1, 0, 0, 2, 0, 1, 1, 0];[6, 19, 5, 10, 8, 4, 16, 2, 12, 1, 14, 17, 3, 7, 0, 13, 11, 9, 18, 15]|[0, 2, 2, 0, 2, 1, 2, 1, 1, 0, 1, 0, 0, 0, 0, 0, 0, 0, 0, 2]|[3, 0, 0, 0, 1, 1, 0, 1, 0, 3, 1, 0, 0, 0, 1, 0, 0, 0, 0, 0]|[2, 1, 0, 0, 1, 1, 1, 1, 1, 0, 0, 1, 2, 0, 0, 1, 2, 1, 2, 1];[9, 2, 6, 11, 8, 4, 1, 16, 19, 12, 10, 5, 17, 14, 3, 7, 13, 18, 0, 15]|[0, 2, 0, 0, 2, 1, 0, 2, 1, 1, 0, 2, 0, 0, 1, 0, 0, 0, 0, 2]|[0, 0, 3, 0, 1, 1, 3, 0, 1, 0, 0, 0, 0, 3, 0, 0, 2, 0, 0, 0]|[1, 1, 0, 2, 1, 1, 1, 0, 1, 1, 2, 0, 1, 0, 0, 0, 1, 2, 0, 1];[1, 19, 10, 8, 4, 9, 16, 2, 12, 5, 18, 14, 3, 6, 11, 15, 13, 7, 0, 17]|[0, 2, 0, 2, 1, 0, 2, 1, 1, 2, 0, 0, 0, 0, 0, 1, 0, 0, 0, 2]|[2, 0, 3, 1, 1, 0, 0, 0, 0, 0, 0, 3, 0, 3, 0, 0, 0, 1, 0, 0]|[1, 1, 2, 1, 1, 1, 0, 1, 1, 0, 2, 0, 1, 0, 2, 1, 0, 0, 1, 1];[1, 19, 10, 8, 4, 9, 16, 2, 12, 5, 18, 14, 3, 6, 11, 15, 13, 7, 0, 17]|[0, 2, 0, 2, 1, 0, 2, 1, 1, 2, 0, 0, 0, 0, 0, 1, 0, 0, 0, 2]|[2, 0, 3, 1, 1, 0, 0, 0, 0, 0, 0, 3, 0, 3, 0, 0, 0, 1, 0, 0]|[1, 1, 2, 1, 1, 1, 0, 1, 1, 0, 2, 0, 1, 0, 2, 1, 0, 0, 1, 1];[1, 19, 6, 10, 15, 11, 18, 8, 0, 12, 13, 2, 9, 17, 3, 5, 14, 16, 4, 7]|[0, 2, 1, 1, 2, 1, 0, 0, 2, 0, 1, 2, 1, 1, 0, 0, 0, 2, 1, 0]|[3, 0, 1, 1, 0, 1, 1, 0, 0, 0, 0, 0, 0, 1, 3, 3, 3, 0, 1, 3]|[1, 1, 1, 0, 0, 1, 0, 2, 1, 2, 1, 0, 1, 0, 0, 2, 0, 0, 1, 0];[19, 6, 10, 8, 4, 9, 1, 16, 2, 12, 11, 5, 14, 17, 13, 15, 7, 0, 18, 3]|[2, 0, 0, 2, 1, 0, 0, 2, 1, 1, 0, 2, 0, 0, 0, 1, 0, 0, 0, 2]|[0, 3, 0, 1, 1, 0, 3, 0, 1, 0, 0, 0, 0, 3, 0, 0, 2, 0, 0, 0]|[1, 2, 0, 1, 1, 1, 0, 0, 1, 1, 2, 0, 0, 1, 1, 0, 2, 0, 1, 0];[1, 19, 6, 10, 15, 11, 18, 16, 2, 12, 4, 5, 9, 3, 13, 17, 8, 7, 0, 14]|[0, 2, 0, 0, 2, 1, 0, 2, 1, 1, 0, 2, 0, 0, 0, 1, 0, 0, 0, 2]|[3, 0, 3, 0, 1, 1, 0, 0, 1, 0, 0, 0, 0, 3, 0, 0, 2, 0, 0, 0]|[0, 1, 0, 2, 1, 1, 1, 0, 1, 1, 2, 0, 2, 0, 1, 1, 0, 0, 1, 1];[1, 19, 6, 10, 15, 11, 18, 0, 2, 7, 17, 14, 12, 4, 5, 16, 13, 3, 9, 8]|[0, 2, 1, 1, 2, 1, 0, 0, 2, 0, 1, 2, 1, 1, 0, 0, 2, 2, 1, 0]|[3, 0, 1, 1, 0, 1, 0, 0, 0, 0, 0, 0, 0, 1, 3, 3, 1, 0, 1, 3]|[1, 1, 1, 0, 0, 1, 0, 2, 1, 2, 1, 0, 1, 0, 0, 2, 0, 1, 1, 0];[1, 19, 6, 10, 15, 11, 18, 0, 2, 7, 17, 14, 12, 4, 5, 16, 13, 3, 9, 8]|[0, 2, 1, 1, 2, 1, 0, 0, 2, 0, 1, 2, 1, 1, 0, 0, 2, 2, 1, 0]|[3, 0, 1, 1, 0, 1, 0, 0, 0, 0, 0, 0, 0, 1, 3, 3, 1, 0, 1, 3]|[1, 1, 1, 0, 0, 1, 0, 2, 1, 2, 1, 0, 1, 0, 0, 2, 0, 1, 1, 0];[1, 19, 6, 10, 15, 11, 18, 8, 0, 7, 13, 2, 9, 17, 3, 12, 14, 4, 16, 5]|[0, 2, 1, 1, 2, 1, 0, 0, 2, 0, 1, 2, 1, 1, 0, 0, 0, 2, 1, 0]|[3, 0, 1, 1, 0, 1, 1, 0, 0, 0, 0, 0, 0, 1, 3, 3, 3, 0, 1, 3]|[1, 1, 1, 0, 0, 1, 0, 2, 1, 2, 1, 0, 1, 0, 0, 2, 0, 1, 1, 0];[1, 2, 6, 10, 8, 4, 9, 16, 19, 12, 11, 5, 18, 14, 17, 3, 0, 7, 13, 15]|[0, 2, 0, 0, 2, 1, 0, 2, 1, 1, 0, 2, 0, 0, 0, 1, 0, 0, 0, 2]|[3, 0, 3, 0, 1, 1, 0, 0, 1, 0, 0, 0, 0, 3, 0, 0, 0, 0, 2, 0]|[1, 1, 0, 2, 1, 1, 2, 0, 1, 1, 2, 0, 2, 0, 1, 0, 0, 0, 1, 1];[17, 4, 8, 11, 12, 2, 16, 1, 9, 6, 19, 5, 0, 10, 7, 13, 18, 15, 14, 3]|[0, 1, 2, 0, 1, 1, 2, 0, 0, 0, 2, 2, 0, 0, 1, 0, 0, 0, 0, 2]|[3, 1, 1, 3, 0, 0, 0, 2, 0, 3, 0, 0, 0, 3, 0, 0, 0, 0, 0, 0]|[0, 1, 1, 2, 1, 1, 0, 1, 1, 0, 1, 0, 1, 2, 1, 0, 2, 0, 1, 1];[11, 19, 6, 8, 4, 9, 16, 2, 12, 1, 5, 18, 15, 14, 3, 17, 0, 7, 10, 13]|[0, 2, 0, 2, 1, 0, 2, 1, 1, 0, 2, 0, 0, 0, 1, 0, 0, 0, 0, 2]|[0, 0, 3, 1, 1, 0, 0, 1, 0, 3, 0, 0, 3, 0, 0, 3, 3, 0, 2, 0]|[2, 1, 0, 1, 1, 0, 0, 1, 1, 1, 0, 2, 0, 1, 1, 0, 2, 0, 2, 1];[11, 19, 6, 8, 4, 9, 16, 2, 12, 1, 5, 18, 15, 14, 3, 17, 0, 7, 10, 13]|[0, 2, 0, 2, 1, 0, 2, 1, 1, 0, 2, 0, 0, 0, 1, 0, 0, 0, 0, 2]|[0, 0, 3, 1, 1, 0, 0, 1, 0, 3, 0, 0, 3, 0, 0, 3, 3, 0, 2, 0]|[2, 1, 0, 1, 1, 0, 0, 1, 1, 1, 0, 2, 0, 1, 1, 0, 2, 0, 2, 1];[14, 19, 6, 10, 8, 4, 9, 16, 2, 12, 5, 18, 17, 1, 11, 3, 0, 7, 15, 13]|[0, 2, 0, 0, 2, 1, 0, 2, 1, 1, 2, 0, 0, 0, 0, 1, 0, 0, 0, 2]|[0, 0, 3, 3, 1, 1, 0, 0, 1, 0, 0, 0, 3, 0, 0, 0, 3, 0, 2, 0]|[1, 1, 0, 2, 1, 1, 1, 0, 1, 1, 0, 2, 0, 1, 2, 1, 0, 1, 0, 1];[1, 19, 6, 10, 15, 11, 18, 8, 0, 12, 17, 2, 9, 13, 14, 5, 3, 16, 4, 7]|[0, 2, 1, 1, 2, 1, 0, 0, 2, 0, 1, 2, 1, 1, 0, 0, 0, 2, 1, 0]|[3, 0, 1, 0, 0, 1, 1, 0, 0, 0, 0, 0, 0, 1, 3, 3, 3, 0, 1, 3]|[1, 1, 1, 0, 0, 1, 0, 2, 1, 2, 1, 0, 1, 0, 0, 0, 0, 1, 1, 0];[1, 5, 10, 7, 19, 4, 16, 14, 0, 12, 15, 11, 17, 9, 18, 3, 13, 2, 6, 8]|[0, 1, 1, 0, 2, 2, 2, 0, 1, 1, 2, 1, 1, 0, 0, 0, 0, 2, 1, 0]|[1, 1, 0, 0, 1, 1, 0, 0, 0, 0, 0, 0, 1, 3, 3, 3, 0, 0, 1, 3]|[1, 0, 1, 2, 0, 0, 1, 2, 1, 1, 1, 1, 0, 0, 0, 2, 0, 1, 1, 0];[19, 6, 13, 8, 4, 7, 1, 16, 2, 12, 5, 18, 17, 10, 9, 15, 3, 11, 0, 14]|[2, 0, 0, 2, 1, 0, 0, 2, 1, 1, 2, 0, 0, 0, 0, 0, 1, 0, 0, 2]|[0, 3, 3, 1, 1, 0, 0, 0, 1, 0, 0, 0, 3, 0, 0, 2, 0, 0, 0, 0]|[1, 0, 2, 1, 1, 0, 1, 0, 1, 1, 0, 2, 0, 1, 0, 0, 1, 2, 1, 1];[18, 19, 6, 10, 8, 4, 9, 0, 13, 11, 7, 15, 12, 1, 5, 17, 14, 16, 2, 3]|[0, 2, 1, 1, 2, 1, 0, 0, 2, 0, 1, 2, 1, 1, 0, 0, 2, 2, 1, 0]|[3, 0, 1, 1, 0, 1, 0, 0, 0, 0, 1, 0, 0, 1, 3, 3, 1, 0, 1, 3]|[1, 1, 1, 1, 0, 1, 0, 2, 1, 2, 1, 0, 1, 0, 0, 2, 0, 1, 1, 0];[19, 6, 10, 8, 4, 11, 17, 16, 2, 12, 9, 5, 18, 14, 15, 3, 13, 0, 1, 7]|[2, 0, 0, 2, 1, 0, 0, 2, 1, 1, 0, 2, 0, 0, 0, 0, 1, 0, 0, 2]|[0, 3, 0, 1, 1, 0, 3, 0, 1, 0, 0, 0, 0, 3, 0, 0, 0, 3, 3, 0]|[1, 1, 0, 0, 1, 2, 1, 0, 1, 1, 0, 1, 2, 0, 1, 0, 1, 2, 1, 1];[19, 6, 10, 8, 4, 11, 17, 16, 2, 12, 9, 5, 18, 14, 15, 3, 13, 0, 1, 7]|[2, 0, 0, 2, 1, 0, 0, 2, 1, 1, 0, 2, 0, 0, 0, 0, 1, 0, 0, 2]|[0, 3, 0, 1, 1, 0, 3, 0, 1, 0, 0, 0, 0, 3, 0, 0, 0, 3, 3, 0]|[1, 1, 0, 0, 1, 2, 1, 0, 1, 1, 0, 1, 2, 0, 1, 0, 1, 2, 1, 1];[1, 19, 5, 15, 4, 16, 14, 10, 7, 17, 2, 8, 18, 11, 12, 3, 9, 13, 6, 0]|[0, 2, 1, 2, 1, 0, 2, 1, 1, 1, 2, 0, 0, 1, 0, 0, 2, 2, 1, 0]|[3, 0, 1, 0, 1, 3, 0, 1, 1, 1, 0, 0, 3, 1, 3, 3, 1, 0, 1, 3]|[1, 1, 1, 0, 1, 0, 1, 1, 1, 1, 1, 2, 0, 1, 0, 2, 0, 1, 1, 0];[1, 19, 5, 15, 4, 16, 14, 10, 7, 17, 2, 8, 18, 11, 12, 3, 9, 13, 6, 0]|[0, 2, 1, 2, 1, 0, 2, 1, 1, 1, 2, 0, 0, 1, 0, 0, 2, 2, 1, 0]|[3, 0, 1, 0, 1, 3, 0, 1, 1, 1, 0, 0, 3, 1, 3, 3, 1, 0, 1, 3]|[1, 1, 1, 0, 1, 0, 1, 1, 1, 1, 1, 2, 0, 1, 0, 2, 0, 1, 1, 0];[1, 19, 4, 15, 11, 18, 8, 0, 12, 13, 2, 10, 17, 3, 7, 9, 16, 6, 5, 14]|[0, 2, 1, 2, 1, 0, 0, 2, 0, 1, 2, 1, 1, 0, 0, 0, 2, 1, 1, 0]|[3, 0, 1, 0, 1, 3, 0, 0, 0, 1, 0, 1, 1, 3, 3, 3, 0, 1, 1, 3]|[1, 1, 1, 0, 1, 0, 2, 1, 2, 1, 0, 1, 1, 0, 2, 0, 1, 1, 1, 0];[1, 19, 10, 8, 4, 9, 16, 2, 12, 11, 5, 6, 17, 14, 18, 7, 13, 0, 15, 3]|[0, 2, 0, 2, 1, 0, 2, 1, 1, 0, 2, 0, 0, 0, 0, 1, 0, 0, 0, 2]|[3, 0, 3, 1, 1, 3, 0, 1, 0, 0, 0, 2, 3, 0, 0, 0, 3, 0, 0, 0]|[1, 1, 2, 1, 1, 1, 0, 1, 1, 2, 0, 0, 0, 1, 2, 1, 0, 0, 1, 1];[17, 12, 13, 11, 18, 8, 19, 10, 6, 2, 1, 7, 14, 4, 9, 3, 16, 15, 5, 0]|[0, 0, 2, 1, 0, 0, 2, 1, 1, 2, 0, 2, 1, 1, 0, 0, 2, 2, 1, 0]|[3, 3, 1, 1, 3, 3, 0, 1, 1, 0, 0, 0, 0, 1, 3, 3, 0, 0, 1, 3]|[2, 0, 1, 1, 1, 2, 0, 0, 1, 1, 0, 0, 1, 0, 0, 2, 1, 0, 1, 0];[17, 12, 13, 11, 18, 8, 19, 10, 6, 2, 1, 7, 14, 4, 9, 3, 16, 15, 5, 0]|[0, 0, 2, 1, 0, 0, 2, 1, 1, 2, 0, 2, 1, 1, 0, 0, 2, 2, 1, 0]|[3, 3, 1, 1, 3, 3, 0, 1, 1, 0, 0, 0, 0, 1, 3, 3, 0, 0, 1, 3]|[2, 0, 1, 1, 1, 2, 0, 0, 1, 1, 0, 0, 1, 0, 0, 2, 1, 0, 1, 0];[1, 19, 6, 10, 15, 11, 18, 8, 2, 7, 17, 14, 4, 3, 9, 12, 13, 16, 5, 0]|[0, 2, 1, 1, 2, 1, 0, 0, 2, 0, 1, 2, 1, 1, 0, 0, 0, 2, 1, 0]|[3, 0, 1, 1, 0, 1, 0, 0, 0, 0, 1, 0, 0, 1, 3, 3, 3, 0, 1, 3]|[1, 1, 1, 0, 0, 1, 0, 2, 1, 2, 1, 0, 1, 0, 0, 2, 0, 1, 1, 0];[12, 0, 15, 10, 6, 19, 8, 13, 2, 9, 17, 11, 7, 3, 4, 5, 14, 16, 18, 1]|[0, 2, 2, 1, 1, 2, 0, 1, 2, 1, 1, 1, 0, 0, 1, 2, 0, 0, 0, 0]|[3, 0, 0, 1, 1, 0, 3, 1, 0, 0, 1, 1, 3, 3, 1, 0, 3, 3, 3, 3]|[0, 1, 0, 1, 1, 1, 2, 1, 0, 1, 0, 1, 0, 2, 1, 1, 0, 2, 0, 2];[0, 19, 6, 10, 8, 4, 9, 16, 2, 12, 18, 5, 17, 3, 7, 15, 13, 11, 1, 14]|[0, 2, 0, 0, 2, 1, 0, 2, 0, 1, 0, 2, 1, 0, 1, 0, 0, 0, 0, 2]|[0, 0, 3, 0, 1, 1, 0, 0, 3, 0, 0, 0, 1, 0, 0, 3, 0, 0, 0, 0]|[2, 1, 0, 2, 1, 1, 0, 0, 1, 1, 2, 0, 0, 1, 1, 0, 0, 2, 1, 1];[0, 19, 6, 10, 8, 4, 9, 16, 2, 12, 18, 5, 17, 3, 7, 15, 13, 11, 1, 14]|[0, 2, 0, 0, 2, 1, 0, 2, 0, 1, 0, 2, 1, 0, 1, 0, 0, 0, 0, 2]|[0, 0, 3, 0, 1, 1, 0, 0, 3, 0, 0, 0, 1, 0, 0, 3, 0, 0, 0, 0]|[2, 1, 0, 2, 1, 1, 0, 0, 1, 1, 2, 0, 0, 1, 1, 0, 0, 2, 1, 1];[1, 19, 6, 10, 15, 11, 18, 8, 2, 12, 4, 3, 9, 0, 16, 14, 13, 17, 5, 7]|[0, 2, 1, 1, 2, 1, 0, 0, 2, 0, 1, 2, 1, 1, 0, 0, 0, 2, 1, 0]|[3, 0, 1, 1, 0, 1, 0, 0, 0, 0, 1, 0, 0, 1, 3, 3, 3, 0, 1, 3]|[1, 1, 1, 0, 1, 1, 0, 2, 1, 2, 1, 0, 1, 0, 0, 2, 0, 1, 1, 0];[12, 19, 5, 10, 15, 11, 14, 18, 3, 16, 17, 2, 0, 4, 9, 6, 1, 13, 7, 8]|[0, 2, 1, 1, 0, 1, 0, 0, 2, 2, 1, 2, 1, 2, 1, 1, 0, 0, 0, 0]|[3, 0, 0, 1, 2, 0, 1, 0, 0, 0, 1, 1, 0, 0, 0, 1, 0, 3, 3, 3]|[0, 1, 1, 0, 1, 1, 2, 0, 0, 1, 1, 1, 1, 0, 1, 0, 0, 2, 1, 0];[16, 14, 15, 17, 5, 11, 19, 2, 10, 7, 6, 12, 3, 13, 1, 0, 4, 8, 9, 18]|[2, 0, 2, 1, 1, 1, 2, 1, 1, 2, 1, 0, 0, 0, 0, 0, 2, 2, 1, 0]|[1, 1, 0, 1, 1, 1, 0, 0, 0, 1, 1, 0, 3, 3, 3, 3, 0, 0, 0, 3]|[0, 2, 1, 1, 1, 1, 1, 0, 0, 1, 1, 1, 0, 0, 1, 2, 0, 0, 1, 0];[1, 19, 3, 15, 11, 18, 14, 2, 12, 5, 4, 10, 9, 6, 13, 0, 16, 17, 8, 7]|[0, 2, 1, 2, 1, 0, 0, 2, 0, 1, 2, 1, 1, 1, 0, 1, 2, 2, 0, 0]|[0, 1, 1, 0, 0, 3, 1, 1, 3, 1, 0, 0, 0, 1, 3, 1, 0, 1, 3, 0]|[0, 1, 1, 0, 0, 1, 2, 1, 0, 1, 0, 1, 1, 0, 0, 1, 1, 0, 2, 0];[5, 19, 6, 10, 8, 4, 9, 15, 13, 11, 17, 16, 3, 2, 18, 14, 12, 0, 1, 7]|[0, 2, 1, 1, 2, 1, 1, 0, 2, 0, 1, 2, 1, 1, 0, 0, 2, 2, 0, 0]|[3, 1, 1, 1, 0, 1, 0, 0, 0, 0, 0, 0, 0, 1, 3, 3, 1, 0, 1, 3]|[0, 1, 1, 1, 0, 1, 1, 2, 1, 2, 1, 1, 1, 0, 0, 2, 1, 0, 2, 0];[5, 19, 6, 10, 8, 4, 9, 15, 13, 11, 17, 16, 3, 2, 18, 14, 12, 0, 1, 7]|[0, 2, 1, 1, 2, 1, 1, 0, 2, 0, 1, 2, 1, 1, 0, 0, 2, 2, 0, 0]|[3, 1, 1, 1, 0, 1, 0, 0, 0, 0, 0, 0, 0, 1, 3, 3, 1, 0, 1, 3]|[0, 1, 1, 1, 0, 1, 1, 2, 1, 2, 1, 1, 1, 0, 0, 2, 1, 0, 2, 0];[19, 6, 10, 15, 11, 3, 5, 7, 13, 18, 17, 4, 8, 2, 9, 0, 12, 14, 16, 1]|[2, 1, 1, 2, 1, 0, 2, 0, 1, 2, 1, 2, 1, 1, 0, 0, 0, 0, 0, 0]|[0, 0, 1, 0, 1, 3, 0, 3, 1, 0, 1, 0, 1, 1, 3, 3, 3, 3, 3, 3]|[1, 0, 1, 0, 1, 0, 1, 2, 1, 0, 1, 1, 1, 1, 0, 0, 2, 0, 2, 0];[19, 6, 15, 11, 5, 4, 10, 17, 7, 9, 2, 13, 14, 8, 18, 12, 16, 0, 3, 1]|[2, 1, 2, 2, 0, 1, 1, 2, 1, 1, 2, 1, 0, 2, 0, 0, 1, 0, 0, 0]|[0, 1, 1, 0, 3, 1, 1, 0, 1, 0, 0, 0, 3, 0, 3, 3, 1, 3, 3, 3]|[1, 1, 0, 1, 0, 1, 1, 1, 0, 1, 0, 1, 2, 1, 0, 2, 1, 0, 2, 0];[19, 6, 15, 11, 5, 4, 10, 17, 7, 9, 2, 13, 14, 8, 18, 12, 16, 0, 3, 1]|[2, 1, 2, 2, 0, 1, 1, 2, 1, 1, 2, 1, 0, 2, 0, 0, 1, 0, 0, 0]|[0, 1, 1, 0, 3, 1, 1, 0, 1, 0, 0, 0, 3, 0, 3, 3, 1, 3, 3, 3]|[1, 1, 0, 1, 0, 1, 1, 1, 0, 1, 0, 1, 2, 1, 0, 2, 1, 0, 2, 0];[11, 15, 10, 6, 19, 13, 3, 4, 14, 17, 7, 2, 9, 1, 8, 16, 5, 18, 12, 0]|[2, 2, 1, 1, 2, 0, 1, 1, 2, 1, 0, 2, 0, 0, 0, 2, 1, 0, 0, 0]|[1, 0, 1, 1, 0, 3, 1, 0, 0, 1, 3, 0, 3, 3, 3, 0, 1, 3, 3, 3]|[1, 0, 0, 1, 1, 0, 0, 1, 0, 1, 2, 1, 0, 0, 2, 1, 1, 0, 2, 0];[8, 6, 4, 9, 2, 17, 11, 15, 10, 12, 19, 7, 1, 0, 5, 16, 3, 14, 13, 18]|[2, 1, 2, 1, 1, 0, 1, 2, 1, 1, 2, 0, 0, 0, 2, 1, 0, 0, 0, 0]|[0, 1, 0, 0, 1, 3, 1, 0, 1, 0, 0, 3, 3, 3, 0, 1, 3, 3, 3, 3]|[1, 1, 0, 1, 0, 0, 1, 0, 1, 0, 1, 2, 0, 1, 1, 1, 0, 2, 0, 0];[19, 4, 5, 15, 11, 2, 17, 8, 13, 7, 9, 1, 3, 12, 10, 6, 16, 18, 0, 14]|[2, 1, 1, 2, 1, 2, 0, 0, 1, 2, 1, 0, 0, 0, 1, 1, 2, 0, 0, 0]|[0, 1, 1, 0, 1, 0, 3, 3, 1, 0, 1, 3, 3, 3, 1, 1, 0, 3, 3, 3]|[1, 1, 1, 0, 1, 1, 0, 2, 1, 0, 1, 0, 0, 2, 1, 1, 1, 0, 2, 0];[19, 6, 10, 15, 11, 14, 16, 5, 4, 9, 2, 13, 8, 12, 3, 17, 0, 7, 18, 1]|[2, 1, 1, 2, 1, 2, 1, 0, 1, 1, 2, 2, 2, 0, 0, 0, 0, 0, 0, 0]|[0, 1, 1, 0, 1, 0, 1, 3, 1, 0, 0, 1, 0, 3, 3, 3, 3, 3, 3, 3]|[1, 1, 0, 0, 1, 1, 1, 0, 0, 1, 0, 1, 1, 2, 0, 2, 0, 2, 0, 0];[19, 6, 10, 15, 11, 14, 16, 5, 4, 9, 2, 13, 8, 12, 3, 17, 0, 7, 18, 1]|[2, 1, 1, 2, 1, 2, 1, 0, 1, 1, 2, 2, 2, 0, 0, 0, 0, 0, 0, 0]|[0, 1, 1, 0, 1, 0, 1, 3, 1, 0, 0, 1, 0, 3, 3, 3, 3, 3, 3, 3]|[1, 1, 0, 0, 1, 1, 1, 0, 0, 1, 0, 1, 1, 2, 0, 2, 0, 2, 0, 0];[1, 19, 6, 10, 15, 11, 18, 0, 8, 12, 3, 5, 9, 13, 17, 16, 2, 4, 7, 14]|[0, 2, 1, 1, 2, 1, 0, 0, 2, 0, 1, 2, 1, 1, 0, 0, 0, 2, 1, 0]|[3, 0, 1, 1, 0, 1, 1, 0, 0, 0, 0, 0, 0, 1, 3, 3, 3, 0, 1, 3]|[1, 1, 1, 0, 0, 1, 0, 2, 1, 2, 1, 0, 1, 0, 0, 2, 0, 1, 1, 0];[19, 6, 10, 15, 11, 8, 3, 5, 9, 13, 2, 17, 4, 7, 14, 12, 18, 0, 16, 1]|[2, 1, 1, 2, 1, 2, 1, 2, 1, 1, 0, 0, 2, 1, 0, 0, 0, 0, 0, 0]|[0, 1, 1, 0, 1, 0, 0, 0, 0, 1, 3, 3, 0, 1, 3, 3, 3, 3, 3, 3]|[1, 1, 0, 0, 1, 1, 1, 0, 1, 0, 0, 2, 1, 1, 0, 2, 0, 0, 2, 0];[18, 19, 4, 6, 15, 10, 1, 14, 16, 5, 17, 12, 9, 11, 7, 2, 13, 3, 0, 8]|[0, 2, 1, 1, 0, 1, 0, 2, 2, 0, 1, 1, 2, 1, 2, 2, 2, 2, 1, 0]|[3, 0, 1, 1, 1, 1, 0, 0, 1, 3, 1, 0, 0, 0, 0, 1, 1, 0, 1, 3]|[1, 1, 1, 1, 2, 1, 0, 0, 1, 0, 0, 1, 0, 1, 0, 1, 0, 1, 1, 0];[18, 19, 4, 6, 15, 10, 1, 14, 16, 5, 17, 12, 9, 11, 7, 2, 13, 3, 0, 8]|[0, 2, 1, 1, 0, 1, 0, 2, 2, 0, 1, 1, 2, 1, 2, 2, 2, 2, 1, 0]|[3, 0, 1, 1, 1, 1, 0, 0, 1, 3, 1, 0, 0, 0, 0, 1, 1, 0, 1, 3]|[1, 1, 1, 1, 2, 1, 0, 0, 1, 0, 0, 1, 0, 1, 0, 1, 0, 1, 1, 0];[5, 16, 12, 4, 6, 10, 15, 11, 18, 14, 1, 2, 7, 0, 13, 9, 17, 19, 3, 8]|[1, 2, 0, 0, 1, 1, 2, 1, 0, 0, 0, 2, 0, 1, 2, 1, 1, 2, 0, 0]|[1, 0, 3, 3, 1, 1, 0, 1, 1, 0, 0, 0, 1, 0, 0, 0, 1, 1, 3, 3]|[1, 1, 0, 0, 1, 1, 0, 1, 0, 2, 2, 0, 1, 1, 0, 1, 0, 1, 0, 2];[19, 6, 10, 15, 17, 9, 2, 13, 14, 5, 8, 0, 11, 18, 1, 12, 3, 16, 4, 7]|[2, 1, 1, 2, 1, 1, 2, 1, 0, 0, 0, 2, 1, 0, 0, 0, 0, 2, 1, 0]|[0, 1, 1, 0, 1, 1, 0, 1, 3, 3, 3, 0, 1, 3, 3, 3, 3, 0, 1, 3]|[1, 1, 1, 0, 0, 1, 0, 1, 0, 2, 0, 1, 1, 2, 0, 2, 0, 0, 1, 0];[19, 6, 15, 11, 5, 14, 18, 12, 13, 16, 8, 2, 7, 17, 9, 0, 10, 4, 3, 1]|[2, 1, 2, 1, 0, 0, 0, 0, 1, 2, 0, 2, 2, 1, 1, 2, 1, 1, 0, 0]|[0, 0, 0, 1, 3, 3, 3, 3, 1, 0, 3, 1, 1, 1, 1, 0, 1, 1, 3, 3]|[1, 0, 0, 1, 0, 2, 0, 0, 1, 1, 2, 1, 1, 1, 1, 0, 1, 1, 0, 0];[1, 19, 15, 16, 18, 0, 12, 8, 11, 6, 14, 10, 9, 13, 4, 7, 5, 3, 2, 17]|[0, 2, 2, 1, 0, 2, 0, 0, 1, 1, 2, 1, 1, 1, 0, 0, 2, 2, 1, 0]|[0, 0, 0, 1, 3, 0, 0, 3, 1, 1, 0, 1, 1, 1, 3, 3, 0, 0, 1, 3]|[0, 1, 0, 1, 0, 1, 2, 2, 1, 1, 0, 1, 1, 1, 0, 2, 1, 1, 1, 0];[7, 5, 11, 15, 10, 18, 14, 19, 1, 4, 12, 3, 8, 13, 6, 17, 16, 0, 9, 2]|[0, 1, 1, 2, 1, 0, 0, 2, 0, 2, 1, 1, 1, 0, 0, 0, 2, 1, 2, 2]|[0, 1, 0, 1, 0, 0, 1, 0, 3, 0, 0, 1, 1, 3, 3, 0, 0, 1, 1, 0]|[0, 0, 1, 0, 1, 0, 2, 1, 1, 0, 1, 1, 1, 0, 0, 1, 1, 1, 0, 1];[19, 6, 10, 15, 11, 12, 14, 0, 13, 2, 9, 17, 5, 8, 1, 7, 4, 16, 18, 3]|[2, 1, 1, 2, 1, 0, 0, 2, 1, 2, 1, 1, 0, 0, 0, 0, 1, 2, 0, 0]|[0, 1, 1, 0, 1, 3, 3, 0, 1, 0, 1, 1, 3, 3, 3, 3, 1, 0, 3, 3]|[1, 1, 0, 0, 1, 0, 2, 1, 1, 0, 1, 0, 0, 2, 0, 0, 1, 1, 2, 0];[19, 15, 11, 2, 8, 7, 12, 6, 9, 17, 3, 5, 4, 14, 18, 10, 1, 0, 13, 16]|[2, 2, 1, 1, 2, 0, 0, 0, 0, 1, 1, 2, 0, 0, 0, 0, 0, 0, 1, 2]|[0, 1, 1, 0, 0, 3, 3, 3, 3, 1, 0, 0, 3, 3, 3, 3, 3, 3, 1, 0]|[1, 1, 1, 1, 0, 0, 2, 0, 0, 1, 0, 0, 2, 0, 0, 2, 0, 0, 1, 1];[1, 19, 4, 2, 8, 0, 12, 15, 11, 6, 13, 17, 14, 5, 18, 7, 16, 10, 3, 9]|[0, 2, 1, 2, 0, 2, 0, 2, 1, 1, 1, 1, 1, 0, 0, 0, 2, 1, 0, 0]|[3, 0, 1, 0, 3, 0, 3, 0, 1, 1, 1, 1, 1, 3, 3, 3, 0, 1, 3, 3]|[0, 1, 1, 0, 2, 1, 2, 0, 1, 1, 1, 1, 1, 0, 2, 0, 1, 1, 0, 2];[1, 19, 4, 2, 8, 0, 12, 15, 11, 6, 13, 17, 14, 5, 18, 7, 16, 10, 3, 9]|[0, 2, 1, 2, 0, 2, 0, 2, 1, 1, 1, 1, 1, 0, 0, 0, 2, 1, 0, 0]|[3, 0, 1, 0, 3, 0, 3, 0, 1, 1, 1, 1, 1, 3, 3, 3, 0, 1, 3, 3]|[0, 1, 1, 0, 2, 1, 2, 0, 1, 1, 1, 1, 1, 0, 2, 0, 1, 1, 0, 2];[19, 16, 10, 11, 12, 6, 13, 9, 8, 17, 0, 4, 15, 18, 5, 14, 2, 7, 1, 3]|[2, 1, 0, 1, 0, 2, 0, 0, 0, 0, 0, 1, 2, 0, 0, 2, 1, 1, 0, 2]|[0, 1, 3, 0, 3, 0, 3, 3, 3, 3, 3, 1, 1, 3, 3, 0, 1, 0, 3, 0]|[1, 1, 0, 0, 2, 0, 0, 1, 0, 2, 0, 1, 1, 2, 0, 0, 1, 0, 0, 1];[2, 0, 5, 17, 6, 12, 13, 7, 14, 11, 16, 9, 4, 15, 10, 18, 19, 1, 8, 3]|[0, 1, 2, 0, 0, 0, 0, 0, 1, 1, 2, 1, 1, 2, 0, 0, 2, 0, 0, 2]|[3, 0, 0, 3, 3, 3, 3, 3, 0, 1, 0, 1, 1, 0, 3, 3, 0, 3, 3, 0]|[0, 1, 0, 0, 2, 0, 0, 2, 1, 1, 0, 1, 1, 1, 0, 0, 1, 0, 2, 0];[2, 0, 5, 17, 6, 12, 13, 7, 14, 11, 16, 9, 4, 15, 10, 18, 19, 1, 8, 3]|[0, 1, 2, 0, 0, 0, 0, 0, 1, 1, 2, 1, 1, 2, 0, 0, 2, 0, 0, 2]|[3, 0, 0, 3, 3, 3, 3, 3, 0, 1, 0, 1, 1, 0, 3, 3, 0, 3, 3, 0]|[0, 1, 0, 0, 2, 0, 0, 2, 1, 1, 0, 1, 1, 1, 0, 0, 1, 0, 2, 0];[19, 6, 10, 15, 11, 2, 5, 17, 9, 13, 3, 16, 4, 0, 18, 7, 12, 14, 8, 1]|[2, 1, 1, 2, 1, 0, 0, 1, 1, 1, 2, 2, 1, 2, 0, 0, 0, 0, 0, 0]|[0, 1, 0, 0, 1, 3, 3, 0, 0, 1, 0, 0, 1, 0, 3, 3, 3, 3, 3, 3]|[1, 1, 0, 0, 1, 0, 2, 1, 1, 0, 1, 1, 1, 1, 0, 0, 0, 0, 2, 0];[19, 6, 10, 15, 11, 0, 2, 8, 1, 17, 5, 9, 13, 12, 18, 3, 16, 4, 7, 14]|[2, 1, 1, 2, 1, 2, 0, 0, 0, 1, 2, 1, 1, 0, 0, 0, 0, 2, 1, 0]|[0, 1, 1, 0, 1, 0, 3, 3, 3, 1, 0, 0, 1, 3, 3, 3, 3, 0, 1, 3]|[1, 1, 0, 0, 1, 1, 0, 2, 0, 1, 0, 1, 0, 2, 0, 0, 2, 1, 1, 0];[12, 19, 10, 11, 18, 8, 0, 1, 13, 14, 7, 17, 5, 2, 3, 4, 15, 16, 6, 9]|[0, 2, 1, 1, 0, 0, 2, 0, 1, 2, 1, 1, 0, 0, 2, 2, 2, 1, 1, 0]|[3, 0, 1, 1, 3, 0, 1, 3, 1, 0, 0, 1, 3, 3, 0, 0, 0, 1, 1, 3]|[0, 0, 1, 1, 0, 2, 1, 1, 1, 1, 1, 0, 0, 2, 0, 1, 1, 1, 1, 0];[1, 19, 5, 10, 15, 9, 12, 4, 0, 7, 2, 14, 18, 11, 17, 3, 16, 6, 13, 8]|[0, 2, 1, 1, 2, 1, 1, 2, 1, 0, 2, 2, 0, 1, 0, 0, 0, 2, 1, 1]|[1, 0, 0, 1, 1, 1, 0, 0, 0, 3, 1, 1, 0, 1, 3, 3, 0, 0, 1, 0]|[2, 0, 1, 0, 1, 0, 1, 0, 1, 0, 1, 1, 1, 1, 0, 2, 0, 1, 1, 0];[19, 8, 18, 11, 15, 5, 14, 17, 12, 9, 10, 7, 1, 16, 13, 6, 4, 0, 2, 3]|[2, 2, 1, 1, 2, 0, 2, 1, 0, 0, 0, 0, 0, 1, 0, 0, 1, 0, 0, 2]|[0, 0, 1, 1, 0, 3, 0, 0, 3, 3, 3, 3, 3, 1, 3, 3, 0, 3, 3, 0]|[1, 0, 0, 1, 0, 0, 1, 1, 2, 0, 0, 2, 0, 0, 2, 0, 1, 0, 2, 0];[8, 0, 12, 11, 15, 10, 6, 19, 1, 18, 16, 2, 9, 4, 7, 14, 3, 5, 13, 17]|[0, 2, 0, 1, 2, 1, 1, 2, 0, 0, 0, 1, 1, 2, 1, 0, 0, 2, 1, 0]|[3, 0, 3, 1, 0, 1, 1, 0, 3, 3, 3, 1, 0, 0, 0, 3, 3, 0, 1, 3]|[0, 1, 2, 1, 0, 0, 1, 1, 0, 2, 0, 0, 1, 0, 1, 2, 0, 1, 1, 0];[19, 6, 8, 4, 2, 17, 18, 12, 14, 10, 11, 5, 3, 0, 16, 1, 7, 13, 9, 15]|[2, 1, 2, 1, 2, 1, 2, 1, 1, 0, 0, 0, 2, 2, 1, 0, 0, 0, 0, 0]|[0, 1, 0, 1, 0, 0, 0, 0, 1, 3, 3, 3, 1, 0, 1, 3, 3, 3, 3, 3]|[1, 1, 0, 1, 1, 1, 0, 1, 0, 2, 0, 2, 1, 1, 1, 0, 0, 0, 2, 0];[19, 6, 8, 4, 2, 17, 18, 12, 14, 10, 11, 5, 3, 0, 16, 1, 7, 13, 9, 15]|[2, 1, 2, 1, 2, 1, 2, 1, 1, 0, 0, 0, 2, 2, 1, 0, 0, 0, 0, 0]|[0, 1, 0, 1, 0, 0, 0, 0, 1, 3, 3, 3, 1, 0, 1, 3, 3, 3, 3, 3]|[1, 1, 0, 1, 1, 1, 0, 1, 0, 2, 0, 2, 1, 1, 1, 0, 0, 0, 2, 0];[9, 19, 12, 4, 1, 5, 16, 6, 17, 18, 11, 14, 7, 3, 2, 8, 10, 15, 13, 0]|[0, 2, 1, 1, 0, 2, 0, 1, 1, 0, 0, 0, 2, 2, 2, 2, 1, 1, 1, 1]|[2, 0, 1, 0, 0, 1, 3, 0, 1, 3, 3, 1, 1, 0, 1, 1, 1, 0, 1, 1]|[2, 1, 0, 1, 1, 0, 0, 1, 0, 2, 0, 1, 0, 0, 1, 0, 1, 0, 1, 1];[9, 19, 12, 4, 1, 5, 16, 6, 17, 18, 11, 14, 7, 3, 2, 8, 10, 15, 13, 0]|[0, 2, 1, 1, 0, 2, 0, 1, 1, 0, 0, 0, 2, 2, 2, 2, 1, 1, 1, 1]|[2, 0, 1, 0, 0, 1, 3, 0, 1, 3, 3, 1, 1, 0, 1, 1, 1, 0, 1, 1]|[2, 1, 0, 1, 1, 0, 0, 1, 0, 2, 0, 1, 0, 0, 1, 0, 1, 0, 1, 1];[1, 19, 6, 10, 15, 11, 18, 8, 0, 12, 13, 2, 9, 17, 4, 14, 7, 16, 5, 3]|[0, 2, 1, 1, 2, 1, 0, 0, 2, 0, 1, 2, 1, 1, 0, 0, 0, 2, 1, 0]|[3, 0, 1, 1, 0, 1, 1, 0, 0, 0, 0, 0, 0, 1, 3, 3, 0, 0, 1, 3]|[1, 1, 1, 0, 0, 1, 0, 2, 1, 2, 1, 0, 1, 0, 0, 2, 0, 1, 1, 0];[9, 19, 6, 10, 8, 4, 1, 16, 2, 12, 11, 5, 17, 15, 14, 0, 18, 13, 7, 3]|[0, 2, 0, 0, 2, 1, 0, 2, 1, 1, 0, 2, 0, 0, 1, 0, 0, 0, 0, 2]|[3, 0, 0, 3, 0, 1, 0, 0, 1, 0, 0, 0, 3, 0, 0, 0, 0, 2, 0, 0]|[1, 1, 0, 2, 1, 1, 1, 0, 1, 1, 2, 0, 0, 1, 1, 0, 2, 0, 1, 0];[9, 19, 6, 10, 8, 4, 1, 16, 2, 12, 11, 5, 17, 15, 14, 0, 18, 13, 7, 3]|[0, 2, 0, 0, 2, 1, 0, 2, 1, 1, 0, 2, 0, 0, 1, 0, 0, 0, 0, 2]|[3, 0, 0, 3, 0, 1, 0, 0, 1, 0, 0, 0, 3, 0, 0, 0, 0, 2, 0, 0]|[1, 1, 0, 2, 1, 1, 1, 0, 1, 1, 2, 0, 0, 1, 1, 0, 2, 0, 1, 0];[1, 19, 6, 10, 15, 11, 18, 8, 2, 7, 12, 4, 9, 0, 17, 3, 13, 16, 5, 14]|[0, 2, 1, 1, 2, 1, 0, 0, 2, 0, 1, 2, 1, 1, 0, 0, 0, 2, 1, 0]|[3, 0, 1, 1, 0, 1, 1, 0, 0, 0, 1, 0, 0, 1, 3, 3, 0, 0, 1, 3]|[1, 1, 1, 0, 0, 1, 2, 1, 1, 2, 1, 0, 1, 0, 0, 2, 0, 1, 1, 0];[1, 19, 6, 10, 15, 11, 9, 16, 5, 7, 17, 18, 13, 2, 3, 12, 14, 4, 8, 0]|[0, 2, 1, 1, 2, 1, 0, 0, 2, 0, 1, 2, 1, 1, 0, 0, 0, 2, 1, 0]|[3, 0, 1, 1, 0, 1, 1, 0, 0, 0, 1, 0, 0, 1, 3, 3, 3, 0, 1, 3]|[1, 1, 1, 0, 0, 1, 0, 2, 1, 2, 1, 0, 1, 0, 0, 2, 0, 1, 1, 0];[19, 5, 10, 15, 11, 7, 17, 6, 2, 1, 0, 8, 9, 13, 12, 14, 3, 16, 4, 18]|[2, 1, 1, 2, 1, 0, 0, 0, 2, 0, 1, 2, 1, 1, 0, 0, 0, 2, 1, 0]|[0, 1, 1, 0, 0, 0, 3, 3, 0, 3, 1, 0, 0, 1, 3, 0, 0, 0, 1, 3]|[1, 1, 0, 0, 1, 2, 0, 0, 1, 0, 1, 0, 1, 0, 0, 2, 0, 1, 1, 0];[1, 19, 6, 10, 15, 11, 18, 8, 0, 12, 13, 2, 9, 17, 5, 14, 3, 16, 4, 7]|[0, 2, 1, 1, 2, 1, 0, 0, 2, 0, 1, 2, 1, 1, 0, 0, 0, 2, 1, 0]|[3, 0, 1, 1, 0, 1, 1, 0, 0, 0, 1, 0, 0, 1, 3, 3, 0, 0, 1, 3]|[1, 1, 1, 0, 0, 1, 0, 2, 1, 2, 1, 0, 1, 0, 0, 2, 0, 1, 1, 0];[1, 4, 16, 15, 12, 7, 2, 14, 18, 11, 10, 6, 0, 3, 17, 8, 19, 5, 9, 13]|[0, 2, 1, 2, 2, 0, 2, 0, 0, 2, 1, 1, 1, 0, 0, 0, 2, 1, 1, 0]|[1, 1, 1, 0, 0, 0, 0, 0, 2, 0, 1, 0, 0, 3, 3, 0, 0, 1, 1, 3]|[1, 1, 1, 0, 0, 2, 1, 2, 0, 0, 0, 1, 1, 0, 2, 0, 1, 1, 1, 0];[1, 19, 6, 10, 15, 11, 18, 0, 2, 12, 13, 7, 9, 4, 3, 17, 8, 16, 5, 14]|[0, 2, 1, 1, 2, 1, 0, 0, 2, 0, 1, 2, 1, 1, 0, 0, 0, 2, 1, 0]|[3, 0, 1, 1, 0, 1, 0, 0, 0, 0, 0, 0, 0, 1, 3, 3, 0, 0, 1, 3]|[1, 1, 1, 0, 0, 1, 0, 2, 1, 2, 1, 0, 1, 0, 0, 2, 0, 1, 1, 0];[1, 19, 6, 10, 15, 11, 18, 0, 5, 7, 17, 14, 9, 4, 12, 3, 13, 16, 2, 8]|[0, 2, 1, 1, 2, 1, 0, 0, 2, 0, 1, 2, 1, 1, 0, 0, 0, 2, 1, 0]|[3, 0, 1, 1, 0, 1, 0, 1, 1, 1, 0, 0, 0, 1, 3, 3, 3, 0, 1, 3]|[1, 1, 1, 0, 1, 1, 0, 2, 1, 2, 1, 0, 1, 0, 0, 2, 0, 1, 1, 1];[5, 19, 15, 18, 8, 2, 7, 3, 4, 0, 16, 1, 13, 14, 11, 9, 10, 17, 6, 12]|[0, 2, 2, 2, 0, 2, 0, 1, 1, 0, 2, 0, 0, 2, 1, 1, 1, 1, 1, 0]|[0, 0, 0, 1, 3, 0, 3, 1, 1, 3, 1, 0, 3, 0, 1, 1, 1, 1, 1, 3]|[2, 1, 0, 1, 0, 1, 0, 1, 1, 0, 0, 2, 2, 0, 1, 1, 1, 1, 1, 0];[19, 6, 10, 15, 11, 12, 0, 18, 13, 2, 9, 17, 1, 5, 16, 7, 4, 8, 14, 3]|[2, 1, 1, 2, 1, 0, 2, 0, 1, 2, 1, 1, 0, 1, 2, 0, 0, 0, 0, 0]|[0, 1, 1, 0, 1, 3, 0, 3, 1, 0, 0, 1, 3, 1, 0, 3, 3, 3, 3, 3]|[1, 1, 1, 0, 1, 0, 1, 2, 1, 0, 1, 0, 0, 1, 1, 0, 2, 0, 2, 0];[1, 19, 10, 8, 0, 18, 15, 11, 5, 17, 4, 7, 2, 6, 9, 3, 13, 14, 12, 16]|[0, 2, 2, 0, 0, 2, 0, 2, 1, 1, 1, 0, 0, 1, 1, 1, 1, 2, 2, 0]|[0, 0, 0, 1, 3, 0, 0, 0, 1, 1, 1, 3, 3, 1, 1, 1, 1, 0, 1, 3]|[1, 1, 0, 0, 2, 1, 2, 0, 1, 1, 1, 0, 0, 1, 1, 1, 1, 1, 0, 2];[1, 19, 6, 10, 15, 11, 18, 16, 8, 7, 3, 2, 9, 17, 4, 13, 12, 0, 5, 14]|[0, 2, 1, 1, 2, 1, 0, 0, 2, 0, 1, 2, 1, 1, 0, 0, 2, 2, 1, 0]|[3, 0, 1, 1, 0, 0, 1, 0, 0, 0, 0, 0, 0, 1, 3, 3, 1, 0, 1, 3]|[1, 1, 1, 0, 0, 1, 0, 2, 1, 2, 1, 0, 1, 0, 0, 2, 0, 1, 1, 0];[1, 19, 6, 10, 15, 11, 18, 8, 0, 12, 13, 2, 7, 17, 9, 14, 3, 16, 5, 4]|[0, 2, 1, 1, 2, 1, 0, 0, 2, 0, 1, 2, 1, 1, 0, 0, 0, 2, 1, 0]|[3, 0, 1, 1, 0, 1, 1, 0, 0, 0, 1, 0, 0, 1, 3, 3, 3, 0, 1, 3]|[1, 1, 1, 0, 0, 1, 0, 2, 1, 2, 1, 0, 1, 0, 0, 2, 0, 1, 1, 0];[12, 19, 6, 10, 8, 4, 9, 5, 15, 3, 13, 2, 1, 0, 11, 16, 17, 14, 7, 18]|[0, 2, 1, 1, 2, 2, 0, 0, 2, 0, 1, 2, 1, 1, 2, 2, 1, 0, 0, 0]|[3, 1, 1, 1, 0, 1, 0, 3, 1, 3, 1, 0, 0, 1, 1, 0, 1, 3, 3, 2]|[2, 1, 1, 0, 0, 1, 0, 0, 1, 2, 1, 0, 1, 0, 0, 1, 1, 2, 0, 1];[12, 19, 6, 10, 8, 4, 9, 5, 15, 3, 13, 2, 1, 0, 11, 16, 17, 14, 7, 18]|[0, 2, 1, 1, 2, 2, 0, 0, 2, 0, 1, 2, 1, 1, 2, 2, 1, 0, 0, 0]|[3, 1, 1, 1, 0, 1, 0, 3, 1, 3, 1, 0, 0, 1, 1, 0, 1, 3, 3, 2]|[2, 1, 1, 0, 0, 1, 0, 0, 1, 2, 1, 0, 1, 0, 0, 1, 1, 2, 0, 1];[1, 19, 6, 10, 15, 11, 9, 16, 2, 12, 4, 0, 7, 13, 18, 14, 3, 8, 5, 17]|[0, 2, 1, 1, 2, 1, 0, 0, 2, 0, 1, 2, 1, 1, 0, 0, 0, 2, 1, 0]|[3, 0, 1, 1, 0, 1, 1, 0, 0, 0, 0, 0, 0, 1, 3, 3, 3, 0, 1, 3]|[1, 1, 1, 0, 0, 1, 0, 2, 1, 2, 1, 1, 1, 0, 0, 0, 1, 1, 1, 0];[18, 19, 6, 10, 8, 4, 9, 13, 3, 2, 16, 14, 0, 17, 5, 1, 12, 15, 7, 11]|[0, 2, 1, 1, 2, 1, 0, 2, 0, 1, 2, 2, 0, 0, 0, 1, 1, 2, 1, 0]|[1, 1, 1, 1, 0, 1, 3, 0, 3, 1, 0, 1, 0, 3, 3, 1, 0, 0, 1, 0]|[1, 1, 1, 1, 0, 1, 0, 1, 0, 1, 1, 0, 2, 2, 0, 0, 1, 0, 1, 2];[18, 19, 6, 10, 8, 4, 9, 13, 3, 2, 16, 14, 0, 17, 5, 1, 12, 15, 7, 11]|[0, 2, 1, 1, 2, 1, 0, 2, 0, 1, 2, 2, 0, 0, 0, 1, 1, 2, 1, 0]|[1, 1, 1, 1, 0, 1, 3, 0, 3, 1, 0, 1, 0, 3, 3, 1, 0, 0, 1, 0]|[1, 1, 1, 1, 0, 1, 0, 1, 0, 1, 1, 0, 2, 2, 0, 0, 1, 0, 1, 2];[18, 19, 6, 10, 15, 4, 1, 14, 2, 7, 11, 9, 12, 17, 5, 16, 13, 3, 0, 8]|[0, 2, 1, 1, 2, 1, 0, 0, 2, 2, 1, 2, 1, 1, 0, 0, 2, 2, 1, 0]|[3, 0, 1, 1, 0, 1, 0, 0, 1, 0, 0, 0, 0, 1, 3, 3, 1, 0, 1, 3]|[1, 1, 1, 1, 0, 1, 0, 1, 1, 0, 1, 0, 1, 0, 0, 2, 0, 1, 1, 0];[18, 19, 6, 10, 15, 4, 1, 14, 2, 7, 11, 9, 12, 17, 5, 16, 13, 3, 0, 8]|[0, 2, 1, 1, 2, 1, 0, 0, 2, 2, 1, 2, 1, 1, 0, 0, 2, 2, 1, 0]|[3, 0, 1, 1, 0, 1, 0, 0, 1, 0, 0, 0, 0, 1, 3, 3, 1, 0, 1, 3]|[1, 1, 1, 1, 0, 1, 0, 1, 1, 0, 1, 0, 1, 0, 0, 2, 0, 1, 1, 0];[6, 11, 15, 10, 5, 19, 1, 9, 12, 4, 0, 7, 2, 14, 18, 17, 3, 16, 8, 13]|[0, 1, 2, 1, 1, 2, 0, 1, 1, 2, 1, 0, 2, 0, 0, 0, 2, 2, 1, 0]|[3, 0, 0, 0, 1, 1, 3, 1, 0, 0, 0, 1, 1, 1, 0, 3, 0, 0, 1, 3]|[0, 1, 0, 0, 1, 1, 0, 0, 1, 0, 1, 2, 1, 2, 1, 2, 0, 1, 1, 2];[1, 13, 15, 11, 18, 8, 2, 16, 4, 5, 10, 9, 12, 0, 6, 14, 19, 17, 7, 3]|[0, 2, 2, 0, 0, 0, 2, 2, 1, 1, 1, 1, 1, 0, 1, 1, 2, 2, 0, 0]|[0, 1, 0, 3, 3, 0, 0, 0, 1, 1, 1, 1, 1, 3, 1, 1, 0, 0, 0, 3]|[1, 0, 1, 2, 0, 2, 1, 0, 1, 1, 1, 1, 1, 0, 1, 1, 1, 0, 2, 2];[18, 12, 1, 5, 14, 10, 6, 0, 15, 19, 13, 16, 3, 8, 17, 11, 9, 7, 4, 2]|[0, 0, 0, 0, 2, 0, 0, 2, 2, 2, 0, 2, 1, 1, 1, 1, 1, 1, 1, 2]|[0, 3, 0, 3, 0, 0, 3, 0, 0, 1, 3, 0, 1, 1, 1, 1, 1, 1, 1, 0]|[2, 0, 1, 0, 1, 2, 0, 1, 1, 0, 0, 0, 1, 1, 1, 1, 1, 1, 1, 1];[1, 19, 6, 10, 15, 11, 18, 8, 0, 12, 17, 5, 9, 13, 3, 16, 2, 4, 7, 14]|[0, 2, 1, 1, 2, 1, 0, 0, 2, 0, 1, 2, 1, 1, 0, 0, 0, 2, 1, 0]|[3, 0, 1, 1, 0, 1, 0, 0, 0, 0, 1, 0, 0, 1, 3, 3, 3, 0, 1, 3]|[1, 1, 1, 0, 0, 1, 0, 2, 1, 2, 1, 0, 1, 0, 0, 2, 0, 1, 1, 0]	sBp=[1, 19, 6, 10, 15, 11, 18, 8, 4, 7, 13, 9, 12, 0, 14, 17, 3, 16, 5, 2]|[0, 2, 1, 1, 2, 1, 0, 0, 2, 0, 1, 2, 1, 1, 0, 0, 0, 2, 1, 0]|[3, 0, 1, 1, 0, 1, 1, 0, 0, 0, 0, 0, 0, 1, 3, 3, 3, 0, 1, 3]|[1, 1, 1, 0, 0, 1, 0, 2, 1, 2, 1, 0, 1, 0, 0, 2, 0, 1, 1, 0];[1, 4, 16, 11, 14, 2, 7, 8, 12, 17, 9, 10, 5, 13, 18, 3, 19, 15, 6, 0]|[0, 1, 2, 1, 0, 2, 0, 2, 1, 1, 1, 1, 0, 0, 0, 2, 2, 2, 1, 0]|[3, 1, 1, 1, 0, 1, 0, 0, 0, 0, 1, 1, 3, 3, 0, 0, 0, 0, 1, 3]|[1, 1, 1, 1, 2, 1, 2, 0, 1, 1, 0, 1, 0, 2, 0, 0, 1, 1, 1, 2];[1, 19, 6, 10, 15, 11, 18, 8, 2, 7, 13, 12, 9, 17, 4, 14, 0, 16, 5, 3]|[0, 2, 1, 1, 2, 1, 0, 0, 2, 0, 1, 2, 1, 1, 0, 0, 0, 2, 1, 0]|[3, 0, 1, 1, 0, 1, 1, 0, 0, 0, 0, 0, 0, 1, 3, 3, 0, 0, 1, 3]|[1, 1, 1, 0, 0, 1, 0, 2, 1, 2, 1, 0, 1, 0, 0, 2, 0, 1, 1, 0];[6, 19, 5, 10, 8, 4, 16, 2, 12, 1, 14, 17, 3, 7, 0, 13, 11, 9, 18, 15]|[0, 2, 2, 0, 2, 1, 2, 1, 1, 0, 1, 0, 0, 0, 0, 0, 0, 0, 0, 2]|[3, 0, 0, 0, 1, 1, 0, 1, 0, 3, 1, 0, 0, 0, 1, 0, 0, 0, 0, 0]|[2, 1, 0, 0, 1, 1, 1, 1, 1, 0, 0, 1, 2, 0, 0, 1, 2, 1, 2, 1];[9, 2, 6, 11, 8, 4, 1, 16, 19, 12, 10, 5, 17, 14, 3, 7, 13, 18, 0, 15]|[0, 2, 0, 0, 2, 1, 0, 2, 1, 1, 0, 2, 0, 0, 1, 0, 0, 0, 0, 2]|[0, 0, 3, 0, 1, 1, 3, 0, 1, 0, 0, 0, 0, 3, 0, 0, 2, 0, 0, 0]|[1, 1, 0, 2, 1, 1, 1, 0, 1, 1, 2, 0, 1, 0, 0, 0, 1, 2, 0, 1];[1, 19, 10, 8, 4, 9, 16, 2, 12, 5, 18, 14, 3, 6, 11, 15, 13, 7, 0, 17]|[0, 2, 0, 2, 1, 0, 2, 1, 1, 2, 0, 0, 0, 0, 0, 1, 0, 0, 0, 2]|[2, 0, 3, 1, 1, 0, 0, 0, 0, 0, 0, 3, 0, 3, 0, 0, 0, 1, 0, 0]|[1, 1, 2, 1, 1, 1, 0, 1, 1, 0, 2, 0, 1, 0, 2, 1, 0, 0, 1, 1];[1, 19, 10, 8, 4, 9, 16, 2, 12, 5, 18, 14, 3, 6, 11, 15, 13, 7, 0, 17]|[0, 2, 0, 2, 1, 0, 2, 1, 1, 2, 0, 0, 0, 0, 0, 1, 0, 0, 0, 2]|[2, 0, 3, 1, 1, 0, 0, 0, 0, 0, 0, 3, 0, 3, 0, 0, 0, 1, 0, 0]|[1, 1, 2, 1, 1, 1, 0, 1, 1, 0, 2, 0, 1, 0, 2, 1, 0, 0, 1, 1];[1, 19, 6, 10, 15, 11, 18, 8, 0, 12, 13, 2, 9, 17, 3, 5, 14, 16, 4, 7]|[0, 2, 1, 1, 2, 1, 0, 0, 2, 0, 1, 2, 1, 1, 0, 0, 0, 2, 1, 0]|[3, 0, 1, 1, 0, 1, 1, 0, 0, 0, 0, 0, 0, 1, 3, 3, 3, 0, 1, 3]|[1, 1, 1, 0, 0, 1, 0, 2, 1, 2, 1, 0, 1, 0, 0, 2, 0, 0, 1, 0];[19, 6, 10, 8, 4, 9, 1, 16, 2, 12, 11, 5, 14, 17, 13, 15, 7, 0, 18, 3]|[2, 0, 0, 2, 1, 0, 0, 2, 1, 1, 0, 2, 0, 0, 0, 1, 0, 0, 0, 2]|[0, 3, 0, 1, 1, 0, 3, 0, 1, 0, 0, 0, 0, 3, 0, 0, 2, 0, 0, 0]|[1, 2, 0, 1, 1, 1, 0, 0, 1, 1, 2, 0, 0, 1, 1, 0, 2, 0, 1, 0];[1, 19, 6, 10, 15, 11, 18, 16, 2, 12, 4, 5, 9, 3, 13, 17, 8, 7, 0, 14]|[0, 2, 0, 0, 2, 1, 0, 2, 1, 1, 0, 2, 0, 0, 0, 1, 0, 0, 0, 2]|[3, 0, 3, 0, 1, 1, 0, 0, 1, 0, 0, 0, 0, 3, 0, 0, 2, 0, 0, 0]|[0, 1, 0, 2, 1, 1, 1, 0, 1, 1, 2, 0, 2, 0, 1, 1, 0, 0, 1, 1];[1, 19, 6, 10, 15, 11, 18, 0, 2, 7, 17, 14, 12, 4, 5, 16, 13, 3, 9, 8]|[0, 2, 1, 1, 2, 1, 0, 0, 2, 0, 1, 2, 1, 1, 0, 0, 2, 2, 1, 0]|[3, 0, 1, 1, 0, 1, 0, 0, 0, 0, 0, 0, 0, 1, 3, 3, 1, 0, 1, 3]|[1, 1, 1, 0, 0, 1, 0, 2, 1, 2, 1, 0, 1, 0, 0, 2, 0, 1, 1, 0];[1, 19, 6, 10, 15, 11, 18, 0, 2, 7, 17, 14, 12, 4, 5, 16, 13, 3, 9, 8]|[0, 2, 1, 1, 2, 1, 0, 0, 2, 0, 1, 2, 1, 1, 0, 0, 2, 2, 1, 0]|[3, 0, 1, 1, 0, 1, 0, 0, 0, 0, 0, 0, 0, 1, 3, 3, 1, 0, 1, 3]|[1, 1, 1, 0, 0, 1, 0, 2, 1, 2, 1, 0, 1, 0, 0, 2, 0, 1, 1, 0];[1, 19, 6, 10, 15, 11, 18, 8, 0, 7, 13, 2, 9, 17, 3, 12, 14, 4, 16, 5]|[0, 2, 1, 1, 2, 1, 0, 0, 2, 0, 1, 2, 1, 1, 0, 0, 0, 2, 1, 0]|[3, 0, 1, 1, 0, 1, 1, 0, 0, 0, 0, 0, 0, 1, 3, 3, 3, 0, 1, 3]|[1, 1, 1, 0, 0, 1, 0, 2, 1, 2, 1, 0, 1, 0, 0, 2, 0, 1, 1, 0];[1, 2, 6, 10, 8, 4, 9, 16, 19, 12, 11, 5, 18, 14, 17, 3, 0, 7, 13, 15]|[0, 2, 0, 0, 2, 1, 0, 2, 1, 1, 0, 2, 0, 0, 0, 1, 0, 0, 0, 2]|[3, 0, 3, 0, 1, 1, 0, 0, 1, 0, 0, 0, 0, 3, 0, 0, 0, 0, 2, 0]|[1, 1, 0, 2, 1, 1, 2, 0, 1, 1, 2, 0, 2, 0, 1, 0, 0, 0, 1, 1];[17, 4, 8, 11, 12, 2, 16, 1, 9, 6, 19, 5, 0, 10, 7, 13, 18, 15, 14, 3]|[0, 1, 2, 0, 1, 1, 2, 0, 0, 0, 2, 2, 0, 0, 1, 0, 0, 0, 0, 2]|[3, 1, 1, 3, 0, 0, 0, 2, 0, 3, 0, 0, 0, 3, 0, 0, 0, 0, 0, 0]|[0, 1, 1, 2, 1, 1, 0, 1, 1, 0, 1, 0, 1, 2, 1, 0, 2, 0, 1, 1];[11, 19, 6, 8, 4, 9, 16, 2, 12, 1, 5, 18, 15, 14, 3, 17, 0, 7, 10, 13]|[0, 2, 0, 2, 1, 0, 2, 1, 1, 0, 2, 0, 0, 0, 1, 0, 0, 0, 0, 2]|[0, 0, 3, 1, 1, 0, 0, 1, 0, 3, 0, 0, 3, 0, 0, 3, 3, 0, 2, 0]|[2, 1, 0, 1, 1, 0, 0, 1, 1, 1, 0, 2, 0, 1, 1, 0, 2, 0, 2, 1];[11, 19, 6, 8, 4, 9, 16, 2, 12, 1, 5, 18, 15, 14, 3, 17, 0, 7, 10, 13]|[0, 2, 0, 2, 1, 0, 2, 1, 1, 0, 2, 0, 0, 0, 1, 0, 0, 0, 0, 2]|[0, 0, 3, 1, 1, 0, 0, 1, 0, 3, 0, 0, 3, 0, 0, 3, 3, 0, 2, 0]|[2, 1, 0, 1, 1, 0, 0, 1, 1, 1, 0, 2, 0, 1, 1, 0, 2, 0, 2, 1];[14, 19, 6, 10, 8, 4, 9, 16, 2, 12, 5, 18, 17, 1, 11, 3, 0, 7, 15, 13]|[0, 2, 0, 0, 2, 1, 0, 2, 1, 1, 2, 0, 0, 0, 0, 1, 0, 0, 0, 2]|[0, 0, 3, 3, 1, 1, 0, 0, 1, 0, 0, 0, 3, 0, 0, 0, 3, 0, 2, 0]|[1, 1, 0, 2, 1, 1, 1, 0, 1, 1, 0, 2, 0, 1, 2, 1, 0, 1, 0, 1];[1, 19, 6, 10, 15, 11, 18, 8, 0, 12, 17, 2, 9, 13, 14, 5, 3, 16, 4, 7]|[0, 2, 1, 1, 2, 1, 0, 0, 2, 0, 1, 2, 1, 1, 0, 0, 0, 2, 1, 0]|[3, 0, 1, 0, 0, 1, 1, 0, 0, 0, 0, 0, 0, 1, 3, 3, 3, 0, 1, 3]|[1, 1, 1, 0, 0, 1, 0, 2, 1, 2, 1, 0, 1, 0, 0, 0, 0, 1, 1, 0];[1, 5, 10, 7, 19, 4, 16, 14, 0, 12, 15, 11, 17, 9, 18, 3, 13, 2, 6, 8]|[0, 1, 1, 0, 2, 2, 2, 0, 1, 1, 2, 1, 1, 0, 0, 0, 0, 2, 1, 0]|[1, 1, 0, 0, 1, 1, 0, 0, 0, 0, 0, 0, 1, 3, 3, 3, 0, 0, 1, 3]|[1, 0, 1, 2, 0, 0, 1, 2, 1, 1, 1, 1, 0, 0, 0, 2, 0, 1, 1, 0];[19, 6, 13, 8, 4, 7, 1, 16, 2, 12, 5, 18, 17, 10, 9, 15, 3, 11, 0, 14]|[2, 0, 0, 2, 1, 0, 0, 2, 1, 1, 2, 0, 0, 0, 0, 0, 1, 0, 0, 2]|[0, 3, 3, 1, 1, 0, 0, 0, 1, 0, 0, 0, 3, 0, 0, 2, 0, 0, 0, 0]|[1, 0, 2, 1, 1, 0, 1, 0, 1, 1, 0, 2, 0, 1, 0, 0, 1, 2, 1, 1];[18, 19, 6, 10, 8, 4, 9, 0, 13, 11, 7, 15, 12, 1, 5, 17, 14, 16, 2, 3]|[0, 2, 1, 1, 2, 1, 0, 0, 2, 0, 1, 2, 1, 1, 0, 0, 2, 2, 1, 0]|[3, 0, 1, 1, 0, 1, 0, 0, 0, 0, 1, 0, 0, 1, 3, 3, 1, 0, 1, 3]|[1, 1, 1, 1, 0, 1, 0, 2, 1, 2, 1, 0, 1, 0, 0, 2, 0, 1, 1, 0];[19, 6, 10, 8, 4, 11, 17, 16, 2, 12, 9, 5, 18, 14, 15, 3, 13, 0, 1, 7]|[2, 0, 0, 2, 1, 0, 0, 2, 1, 1, 0, 2, 0, 0, 0, 0, 1, 0, 0, 2]|[0, 3, 0, 1, 1, 0, 3, 0, 1, 0, 0, 0, 0, 3, 0, 0, 0, 3, 3, 0]|[1, 1, 0, 0, 1, 2, 1, 0, 1, 1, 0, 1, 2, 0, 1, 0, 1, 2, 1, 1];[19, 6, 10, 8, 4, 11, 17, 16, 2, 12, 9, 5, 18, 14, 15, 3, 13, 0, 1, 7]|[2, 0, 0, 2, 1, 0, 0, 2, 1, 1, 0, 2, 0, 0, 0, 0, 1, 0, 0, 2]|[0, 3, 0, 1, 1, 0, 3, 0, 1, 0, 0, 0, 0, 3, 0, 0, 0, 3, 3, 0]|[1, 1, 0, 0, 1, 2, 1, 0, 1, 1, 0, 1, 2, 0, 1, 0, 1, 2, 1, 1];[1, 19, 5, 15, 4, 16, 14, 10, 7, 17, 2, 8, 18, 11, 12, 3, 9, 13, 6, 0]|[0, 2, 1, 2, 1, 0, 2, 1, 1, 1, 2, 0, 0, 1, 0, 0, 2, 2, 1, 0]|[3, 0, 1, 0, 1, 3, 0, 1, 1, 1, 0, 0, 3, 1, 3, 3, 1, 0, 1, 3]|[1, 1, 1, 0, 1, 0, 1, 1, 1, 1, 1, 2, 0, 1, 0, 2, 0, 1, 1, 0];[1, 19, 5, 15, 4, 16, 14, 10, 7, 17, 2, 8, 18, 11, 12, 3, 9, 13, 6, 0]|[0, 2, 1, 2, 1, 0, 2, 1, 1, 1, 2, 0, 0, 1, 0, 0, 2, 2, 1, 0]|[3, 0, 1, 0, 1, 3, 0, 1, 1, 1, 0, 0, 3, 1, 3, 3, 1, 0, 1, 3]|[1, 1, 1, 0, 1, 0, 1, 1, 1, 1, 1, 2, 0, 1, 0, 2, 0, 1, 1, 0];[1, 19, 4, 15, 11, 18, 8, 0, 12, 13, 2, 10, 17, 3, 7, 9, 16, 6, 5, 14]|[0, 2, 1, 2, 1, 0, 0, 2, 0, 1, 2, 1, 1, 0, 0, 0, 2, 1, 1, 0]|[3, 0, 1, 0, 1, 3, 0, 0, 0, 1, 0, 1, 1, 3, 3, 3, 0, 1, 1, 3]|[1, 1, 1, 0, 1, 0, 2, 1, 2, 1, 0, 1, 1, 0, 2, 0, 1, 1, 1, 0];[1, 19, 10, 8, 4, 9, 16, 2, 12, 11, 5, 6, 17, 14, 18, 7, 13, 0, 15, 3]|[0, 2, 0, 2, 1, 0, 2, 1, 1, 0, 2, 0, 0, 0, 0, 1, 0, 0, 0, 2]|[3, 0, 3, 1, 1, 3, 0, 1, 0, 0, 0, 2, 3, 0, 0, 0, 3, 0, 0, 0]|[1, 1, 2, 1, 1, 1, 0, 1, 1, 2, 0, 0, 0, 1, 2, 1, 0, 0, 1, 1];[17, 12, 13, 11, 18, 8, 19, 10, 6, 2, 1, 7, 14, 4, 9, 3, 16, 15, 5, 0]|[0, 0, 2, 1, 0, 0, 2, 1, 1, 2, 0, 2, 1, 1, 0, 0, 2, 2, 1, 0]|[3, 3, 1, 1, 3, 3, 0, 1, 1, 0, 0, 0, 0, 1, 3, 3, 0, 0, 1, 3]|[2, 0, 1, 1, 1, 2, 0, 0, 1, 1, 0, 0, 1, 0, 0, 2, 1, 0, 1, 0];[17, 12, 13, 11, 18, 8, 19, 10, 6, 2, 1, 7, 14, 4, 9, 3, 16, 15, 5, 0]|[0, 0, 2, 1, 0, 0, 2, 1, 1, 2, 0, 2, 1, 1, 0, 0, 2, 2, 1, 0]|[3, 3, 1, 1, 3, 3, 0, 1, 1, 0, 0, 0, 0, 1, 3, 3, 0, 0, 1, 3]|[2, 0, 1, 1, 1, 2, 0, 0, 1, 1, 0, 0, 1, 0, 0, 2, 1, 0, 1, 0];[1, 19, 6, 10, 15, 11, 18, 8, 2, 7, 17, 14, 4, 3, 9, 12, 13, 16, 5, 0]|[0, 2, 1, 1, 2, 1, 0, 0, 2, 0, 1, 2, 1, 1, 0, 0, 0, 2, 1, 0]|[3, 0, 1, 1, 0, 1, 0, 0, 0, 0, 1, 0, 0, 1, 3, 3, 3, 0, 1, 3]|[1, 1, 1, 0, 0, 1, 0, 2, 1, 2, 1, 0, 1, 0, 0, 2, 0, 1, 1, 0];[12, 0, 15, 10, 6, 19, 8, 13, 2, 9, 17, 11, 7, 3, 4, 5, 14, 16, 18, 1]|[0, 2, 2, 1, 1, 2, 0, 1, 2, 1, 1, 1, 0, 0, 1, 2, 0, 0, 0, 0]|[3, 0, 0, 1, 1, 0, 3, 1, 0, 0, 1, 1, 3, 3, 1, 0, 3, 3, 3, 3]|[0, 1, 0, 1, 1, 1, 2, 1, 0, 1, 0, 1, 0, 2, 1, 1, 0, 2, 0, 2];[0, 19, 6, 10, 8, 4, 9, 16, 2, 12, 18, 5, 17, 3, 7, 15, 13, 11, 1, 14]|[0, 2, 0, 0, 2, 1, 0, 2, 0, 1, 0, 2, 1, 0, 1, 0, 0, 0, 0, 2]|[0, 0, 3, 0, 1, 1, 0, 0, 3, 0, 0, 0, 1, 0, 0, 3, 0, 0, 0, 0]|[2, 1, 0, 2, 1, 1, 0, 0, 1, 1, 2, 0, 0, 1, 1, 0, 0, 2, 1, 1];[0, 19, 6, 10, 8, 4, 9, 16, 2, 12, 18, 5, 17, 3, 7, 15, 13, 11, 1, 14]|[0, 2, 0, 0, 2, 1, 0, 2, 0, 1, 0, 2, 1, 0, 1, 0, 0, 0, 0, 2]|[0, 0, 3, 0, 1, 1, 0, 0, 3, 0, 0, 0, 1, 0, 0, 3, 0, 0, 0, 0]|[2, 1, 0, 2, 1, 1, 0, 0, 1, 1, 2, 0, 0, 1, 1, 0, 0, 2, 1, 1];[1, 19, 6, 10, 15, 11, 18, 8, 2, 12, 4, 3, 9, 0, 16, 14, 13, 17, 5, 7]|[0, 2, 1, 1, 2, 1, 0, 0, 2, 0, 1, 2, 1, 1, 0, 0, 0, 2, 1, 0]|[3, 0, 1, 1, 0, 1, 0, 0, 0, 0, 1, 0, 0, 1, 3, 3, 3, 0, 1, 3]|[1, 1, 1, 0, 1, 1, 0, 2, 1, 2, 1, 0, 1, 0, 0, 2, 0, 1, 1, 0];[12, 19, 5, 10, 15, 11, 14, 18, 3, 16, 17, 2, 0, 4, 9, 6, 1, 13, 7, 8]|[0, 2, 1, 1, 0, 1, 0, 0, 2, 2, 1, 2, 1, 2, 1, 1, 0, 0, 0, 0]|[3, 0, 0, 1, 2, 0, 1, 0, 0, 0, 1, 1, 0, 0, 0, 1, 0, 3, 3, 3]|[0, 1, 1, 0, 1, 1, 2, 0, 0, 1, 1, 1, 1, 0, 1, 0, 0, 2, 1, 0];[16, 14, 15, 17, 5, 11, 19, 2, 10, 7, 6, 12, 3, 13, 1, 0, 4, 8, 9, 18]|[2, 0, 2, 1, 1, 1, 2, 1, 1, 2, 1, 0, 0, 0, 0, 0, 2, 2, 1, 0]|[1, 1, 0, 1, 1, 1, 0, 0, 0, 1, 1, 0, 3, 3, 3, 3, 0, 0, 0, 3]|[0, 2, 1, 1, 1, 1, 1, 0, 0, 1, 1, 1, 0, 0, 1, 2, 0, 0, 1, 0];[1, 19, 3, 15, 11, 18, 14, 2, 12, 5, 4, 10, 9, 6, 13, 0, 16, 17, 8, 7]|[0, 2, 1, 2, 1, 0, 0, 2, 0, 1, 2, 1, 1, 1, 0, 1, 2, 2, 0, 0]|[0, 1, 1, 0, 0, 3, 1, 1, 3, 1, 0, 0, 0, 1, 3, 1, 0, 1, 3, 0]|[0, 1, 1, 0, 0, 1, 2, 1, 0, 1, 0, 1, 1, 0, 0, 1, 1, 0, 2, 0];[5, 19, 6, 10, 8, 4, 9, 15, 13, 11, 17, 16, 3, 2, 18, 14, 12, 0, 1, 7]|[0, 2, 1, 1, 2, 1, 1, 0, 2, 0, 1, 2, 1, 1, 0, 0, 2, 2, 0, 0]|[3, 1, 1, 1, 0, 1, 0, 0, 0, 0, 0, 0, 0, 1, 3, 3, 1, 0, 1, 3]|[0, 1, 1, 1, 0, 1, 1, 2, 1, 2, 1, 1, 1, 0, 0, 2, 1, 0, 2, 0];[5, 19, 6, 10, 8, 4, 9, 15, 13, 11, 17, 16, 3, 2, 18, 14, 12, 0, 1, 7]|[0, 2, 1, 1, 2, 1, 1, 0, 2, 0, 1, 2, 1, 1, 0, 0, 2, 2, 0, 0]|[3, 1, 1, 1, 0, 1, 0, 0, 0, 0, 0, 0, 0, 1, 3, 3, 1, 0, 1, 3]|[0, 1, 1, 1, 0, 1, 1, 2, 1, 2, 1, 1, 1, 0, 0, 2, 1, 0, 2, 0];[19, 6, 10, 15, 11, 3, 5, 7, 13, 18, 17, 4, 8, 2, 9, 0, 12, 14, 16, 1]|[2, 1, 1, 2, 1, 0, 2, 0, 1, 2, 1, 2, 1, 1, 0, 0, 0, 0, 0, 0]|[0, 0, 1, 0, 1, 3, 0, 3, 1, 0, 1, 0, 1, 1, 3, 3, 3, 3, 3, 3]|[1, 0, 1, 0, 1, 0, 1, 2, 1, 0, 1, 1, 1, 1, 0, 0, 2, 0, 2, 0];[19, 6, 15, 11, 5, 4, 10, 17, 7, 9, 2, 13, 14, 8, 18, 12, 16, 0, 3, 1]|[2, 1, 2, 2, 0, 1, 1, 2, 1, 1, 2, 1, 0, 2, 0, 0, 1, 0, 0, 0]|[0, 1, 1, 0, 3, 1, 1, 0, 1, 0, 0, 0, 3, 0, 3, 3, 1, 3, 3, 3]|[1, 1, 0, 1, 0, 1, 1, 1, 0, 1, 0, 1, 2, 1, 0, 2, 1, 0, 2, 0];[19, 6, 15, 11, 5, 4, 10, 17, 7, 9, 2, 13, 14, 8, 18, 12, 16, 0, 3, 1]|[2, 1, 2, 2, 0, 1, 1, 2, 1, 1, 2, 1, 0, 2, 0, 0, 1, 0, 0, 0]|[0, 1, 1, 0, 3, 1, 1, 0, 1, 0, 0, 0, 3, 0, 3, 3, 1, 3, 3, 3]|[1, 1, 0, 1, 0, 1, 1, 1, 0, 1, 0, 1, 2, 1, 0, 2, 1, 0, 2, 0];[11, 15, 10, 6, 19, 13, 3, 4, 14, 17, 7, 2, 9, 1, 8, 16, 5, 18, 12, 0]|[2, 2, 1, 1, 2, 0, 1, 1, 2, 1, 0, 2, 0, 0, 0, 2, 1, 0, 0, 0]|[1, 0, 1, 1, 0, 3, 1, 0, 0, 1, 3, 0, 3, 3, 3, 0, 1, 3, 3, 3]|[1, 0, 0, 1, 1, 0, 0, 1, 0, 1, 2, 1, 0, 0, 2, 1, 1, 0, 2, 0];[8, 6, 4, 9, 2, 17, 11, 15, 10, 12, 19, 7, 1, 0, 5, 16, 3, 14, 13, 18]|[2, 1, 2, 1, 1, 0, 1, 2, 1, 1, 2, 0, 0, 0, 2, 1, 0, 0, 0, 0]|[0, 1, 0, 0, 1, 3, 1, 0, 1, 0, 0, 3, 3, 3, 0, 1, 3, 3, 3, 3]|[1, 1, 0, 1, 0, 0, 1, 0, 1, 0, 1, 2, 0, 1, 1, 1, 0, 2, 0, 0];[19, 4, 5, 15, 11, 2, 17, 8, 13, 7, 9, 1, 3, 12, 10, 6, 16, 18, 0, 14]|[2, 1, 1, 2, 1, 2, 0, 0, 1, 2, 1, 0, 0, 0, 1, 1, 2, 0, 0, 0]|[0, 1, 1, 0, 1, 0, 3, 3, 1, 0, 1, 3, 3, 3, 1, 1, 0, 3, 3, 3]|[1, 1, 1, 0, 1, 1, 0, 2, 1, 0, 1, 0, 0, 2, 1, 1, 1, 0, 2, 0];[19, 6, 10, 15, 11, 14, 16, 5, 4, 9, 2, 13, 8, 12, 3, 17, 0, 7, 18, 1]|[2, 1, 1, 2, 1, 2, 1, 0, 1, 1, 2, 2, 2, 0, 0, 0, 0, 0, 0, 0]|[0, 1, 1, 0, 1, 0, 1, 3, 1, 0, 0, 1, 0, 3, 3, 3, 3, 3, 3, 3]|[1, 1, 0, 0, 1, 1, 1, 0, 0, 1, 0, 1, 1, 2, 0, 2, 0, 2, 0, 0];[19, 6, 10, 15, 11, 14, 16, 5, 4, 9, 2, 13, 8, 12, 3, 17, 0, 7, 18, 1]|[2, 1, 1, 2, 1, 2, 1, 0, 1, 1, 2, 2, 2, 0, 0, 0, 0, 0, 0, 0]|[0, 1, 1, 0, 1, 0, 1, 3, 1, 0, 0, 1, 0, 3, 3, 3, 3, 3, 3, 3]|[1, 1, 0, 0, 1, 1, 1, 0, 0, 1, 0, 1, 1, 2, 0, 2, 0, 2, 0, 0];[1, 19, 6, 10, 15, 11, 18, 0, 8, 12, 3, 5, 9, 13, 17, 16, 2, 4, 7, 14]|[0, 2, 1, 1, 2, 1, 0, 0, 2, 0, 1, 2, 1, 1, 0, 0, 0, 2, 1, 0]|[3, 0, 1, 1, 0, 1, 1, 0, 0, 0, 0, 0, 0, 1, 3, 3, 3, 0, 1, 3]|[1, 1, 1, 0, 0, 1, 0, 2, 1, 2, 1, 0, 1, 0, 0, 2, 0, 1, 1, 0];[19, 6, 10, 15, 11, 8, 3, 5, 9, 13, 2, 17, 4, 7, 14, 12, 18, 0, 16, 1]|[2, 1, 1, 2, 1, 2, 1, 2, 1, 1, 0, 0, 2, 1, 0, 0, 0, 0, 0, 0]|[0, 1, 1, 0, 1, 0, 0, 0, 0, 1, 3, 3, 0, 1, 3, 3, 3, 3, 3, 3]|[1, 1, 0, 0, 1, 1, 1, 0, 1, 0, 0, 2, 1, 1, 0, 2, 0, 0, 2, 0];[18, 19, 4, 6, 15, 10, 1, 14, 16, 5, 17, 12, 9, 11, 7, 2, 13, 3, 0, 8]|[0, 2, 1, 1, 0, 1, 0, 2, 2, 0, 1, 1, 2, 1, 2, 2, 2, 2, 1, 0]|[3, 0, 1, 1, 1, 1, 0, 0, 1, 3, 1, 0, 0, 0, 0, 1, 1, 0, 1, 3]|[1, 1, 1, 1, 2, 1, 0, 0, 1, 0, 0, 1, 0, 1, 0, 1, 0, 1, 1, 0];[18, 19, 4, 6, 15, 10, 1, 14, 16, 5, 17, 12, 9, 11, 7, 2, 13, 3, 0, 8]|[0, 2, 1, 1, 0, 1, 0, 2, 2, 0, 1, 1, 2, 1, 2, 2, 2, 2, 1, 0]|[3, 0, 1, 1, 1, 1, 0, 0, 1, 3, 1, 0, 0, 0, 0, 1, 1, 0, 1, 3]|[1, 1, 1, 1, 2, 1, 0, 0, 1, 0, 0, 1, 0, 1, 0, 1, 0, 1, 1, 0];[5, 16, 12, 4, 6, 10, 15, 11, 18, 14, 1, 2, 7, 0, 13, 9, 17, 19, 3, 8]|[1, 2, 0, 0, 1, 1, 2, 1, 0, 0, 0, 2, 0, 1, 2, 1, 1, 2, 0, 0]|[1, 0, 3, 3, 1, 1, 0, 1, 1, 0, 0, 0, 1, 0, 0, 0, 1, 1, 3, 3]|[1, 1, 0, 0, 1, 1, 0, 1, 0, 2, 2, 0, 1, 1, 0, 1, 0, 1, 0, 2];[19, 6, 10, 15, 17, 9, 2, 13, 14, 5, 8, 0, 11, 18, 1, 12, 3, 16, 4, 7]|[2, 1, 1, 2, 1, 1, 2, 1, 0, 0, 0, 2, 1, 0, 0, 0, 0, 2, 1, 0]|[0, 1, 1, 0, 1, 1, 0, 1, 3, 3, 3, 0, 1, 3, 3, 3, 3, 0, 1, 3]|[1, 1, 1, 0, 0, 1, 0, 1, 0, 2, 0, 1, 1, 2, 0, 2, 0, 0, 1, 0];[19, 6, 15, 11, 5, 14, 18, 12, 13, 16, 8, 2, 7, 17, 9, 0, 10, 4, 3, 1]|[2, 1, 2, 1, 0, 0, 0, 0, 1, 2, 0, 2, 2, 1, 1, 2, 1, 1, 0, 0]|[0, 0, 0, 1, 3, 3, 3, 3, 1, 0, 3, 1, 1, 1, 1, 0, 1, 1, 3, 3]|[1, 0, 0, 1, 0, 2, 0, 0, 1, 1, 2, 1, 1, 1, 1, 0, 1, 1, 0, 0];[1, 19, 15, 16, 18, 0, 12, 8, 11, 6, 14, 10, 9, 13, 4, 7, 5, 3, 2, 17]|[0, 2, 2, 1, 0, 2, 0, 0, 1, 1, 2, 1, 1, 1, 0, 0, 2, 2, 1, 0]|[0, 0, 0, 1, 3, 0, 0, 3, 1, 1, 0, 1, 1, 1, 3, 3, 0, 0, 1, 3]|[0, 1, 0, 1, 0, 1, 2, 2, 1, 1, 0, 1, 1, 1, 0, 2, 1, 1, 1, 0];[7, 5, 11, 15, 10, 18, 14, 19, 1, 4, 12, 3, 8, 13, 6, 17, 16, 0, 9, 2]|[0, 1, 1, 2, 1, 0, 0, 2, 0, 2, 1, 1, 1, 0, 0, 0, 2, 1, 2, 2]|[0, 1, 0, 1, 0, 0, 1, 0, 3, 0, 0, 1, 1, 3, 3, 0, 0, 1, 1, 0]|[0, 0, 1, 0, 1, 0, 2, 1, 1, 0, 1, 1, 1, 0, 0, 1, 1, 1, 0, 1];[19, 6, 10, 15, 11, 12, 14, 0, 13, 2, 9, 17, 5, 8, 1, 7, 4, 16, 18, 3]|[2, 1, 1, 2, 1, 0, 0, 2, 1, 2, 1, 1, 0, 0, 0, 0, 1, 2, 0, 0]|[0, 1, 1, 0, 1, 3, 3, 0, 1, 0, 1, 1, 3, 3, 3, 3, 1, 0, 3, 3]|[1, 1, 0, 0, 1, 0, 2, 1, 1, 0, 1, 0, 0, 2, 0, 0, 1, 1, 2, 0];[19, 15, 11, 2, 8, 7, 12, 6, 9, 17, 3, 5, 4, 14, 18, 10, 1, 0, 13, 16]|[2, 2, 1, 1, 2, 0, 0, 0, 0, 1, 1, 2, 0, 0, 0, 0, 0, 0, 1, 2]|[0, 1, 1, 0, 0, 3, 3, 3, 3, 1, 0, 0, 3, 3, 3, 3, 3, 3, 1, 0]|[1, 1, 1, 1, 0, 0, 2, 0, 0, 1, 0, 0, 2, 0, 0, 2, 0, 0, 1, 1];[1, 19, 4, 2, 8, 0, 12, 15, 11, 6, 13, 17, 14, 5, 18, 7, 16, 10, 3, 9]|[0, 2, 1, 2, 0, 2, 0, 2, 1, 1, 1, 1, 1, 0, 0, 0, 2, 1, 0, 0]|[3, 0, 1, 0, 3, 0, 3, 0, 1, 1, 1, 1, 1, 3, 3, 3, 0, 1, 3, 3]|[0, 1, 1, 0, 2, 1, 2, 0, 1, 1, 1, 1, 1, 0, 2, 0, 1, 1, 0, 2];[1, 19, 4, 2, 8, 0, 12, 15, 11, 6, 13, 17, 14, 5, 18, 7, 16, 10, 3, 9]|[0, 2, 1, 2, 0, 2, 0, 2, 1, 1, 1, 1, 1, 0, 0, 0, 2, 1, 0, 0]|[3, 0, 1, 0, 3, 0, 3, 0, 1, 1, 1, 1, 1, 3, 3, 3, 0, 1, 3, 3]|[0, 1, 1, 0, 2, 1, 2, 0, 1, 1, 1, 1, 1, 0, 2, 0, 1, 1, 0, 2];[19, 16, 10, 11, 12, 6, 13, 9, 8, 17, 0, 4, 15, 18, 5, 14, 2, 7, 1, 3]|[2, 1, 0, 1, 0, 2, 0, 0, 0, 0, 0, 1, 2, 0, 0, 2, 1, 1, 0, 2]|[0, 1, 3, 0, 3, 0, 3, 3, 3, 3, 3, 1, 1, 3, 3, 0, 1, 0, 3, 0]|[1, 1, 0, 0, 2, 0, 0, 1, 0, 2, 0, 1, 1, 2, 0, 0, 1, 0, 0, 1];[2, 0, 5, 17, 6, 12, 13, 7, 14, 11, 16, 9, 4, 15, 10, 18, 19, 1, 8, 3]|[0, 1, 2, 0, 0, 0, 0, 0, 1, 1, 2, 1, 1, 2, 0, 0, 2, 0, 0, 2]|[3, 0, 0, 3, 3, 3, 3, 3, 0, 1, 0, 1, 1, 0, 3, 3, 0, 3, 3, 0]|[0, 1, 0, 0, 2, 0, 0, 2, 1, 1, 0, 1, 1, 1, 0, 0, 1, 0, 2, 0];[2, 0, 5, 17, 6, 12, 13, 7, 14, 11, 16, 9, 4, 15, 10, 18, 19, 1, 8, 3]|[0, 1, 2, 0, 0, 0, 0, 0, 1, 1, 2, 1, 1, 2, 0, 0, 2, 0, 0, 2]|[3, 0, 0, 3, 3, 3, 3, 3, 0, 1, 0, 1, 1, 0, 3, 3, 0, 3, 3, 0]|[0, 1, 0, 0, 2, 0, 0, 2, 1, 1, 0, 1, 1, 1, 0, 0, 1, 0, 2, 0];[19, 6, 10, 15, 11, 2, 5, 17, 9, 13, 3, 16, 4, 0, 18, 7, 12, 14, 8, 1]|[2, 1, 1, 2, 1, 0, 0, 1, 1, 1, 2, 2, 1, 2, 0, 0, 0, 0, 0, 0]|[0, 1, 0, 0, 1, 3, 3, 0, 0, 1, 0, 0, 1, 0, 3, 3, 3, 3, 3, 3]|[1, 1, 0, 0, 1, 0, 2, 1, 1, 0, 1, 1, 1, 1, 0, 0, 0, 0, 2, 0];[19, 6, 10, 15, 11, 0, 2, 8, 1, 17, 5, 9, 13, 12, 18, 3, 16, 4, 7, 14]|[2, 1, 1, 2, 1, 2, 0, 0, 0, 1, 2, 1, 1, 0, 0, 0, 0, 2, 1, 0]|[0, 1, 1, 0, 1, 0, 3, 3, 3, 1, 0, 0, 1, 3, 3, 3, 3, 0, 1, 3]|[1, 1, 0, 0, 1, 1, 0, 2, 0, 1, 0, 1, 0, 2, 0, 0, 2, 1, 1, 0];[12, 19, 10, 11, 18, 8, 0, 1, 13, 14, 7, 17, 5, 2, 3, 4, 15, 16, 6, 9]|[0, 2, 1, 1, 0, 0, 2, 0, 1, 2, 1, 1, 0, 0, 2, 2, 2, 1, 1, 0]|[3, 0, 1, 1, 3, 0, 1, 3, 1, 0, 0, 1, 3, 3, 0, 0, 0, 1, 1, 3]|[0, 0, 1, 1, 0, 2, 1, 1, 1, 1, 1, 0, 0, 2, 0, 1, 1, 1, 1, 0];[1, 19, 5, 10, 15, 9, 12, 4, 0, 7, 2, 14, 18, 11, 17, 3, 16, 6, 13, 8]|[0, 2, 1, 1, 2, 1, 1, 2, 1, 0, 2, 2, 0, 1, 0, 0, 0, 2, 1, 1]|[1, 0, 0, 1, 1, 1, 0, 0, 0, 3, 1, 1, 0, 1, 3, 3, 0, 0, 1, 0]|[2, 0, 1, 0, 1, 0, 1, 0, 1, 0, 1, 1, 1, 1, 0, 2, 0, 1, 1, 0];[19, 8, 18, 11, 15, 5, 14, 17, 12, 9, 10, 7, 1, 16, 13, 6, 4, 0, 2, 3]|[2, 2, 1, 1, 2, 0, 2, 1, 0, 0, 0, 0, 0, 1, 0, 0, 1, 0, 0, 2]|[0, 0, 1, 1, 0, 3, 0, 0, 3, 3, 3, 3, 3, 1, 3, 3, 0, 3, 3, 0]|[1, 0, 0, 1, 0, 0, 1, 1, 2, 0, 0, 2, 0, 0, 2, 0, 1, 0, 2, 0];[8, 0, 12, 11, 15, 10, 6, 19, 1, 18, 16, 2, 9, 4, 7, 14, 3, 5, 13, 17]|[0, 2, 0, 1, 2, 1, 1, 2, 0, 0, 0, 1, 1, 2, 1, 0, 0, 2, 1, 0]|[3, 0, 3, 1, 0, 1, 1, 0, 3, 3, 3, 1, 0, 0, 0, 3, 3, 0, 1, 3]|[0, 1, 2, 1, 0, 0, 1, 1, 0, 2, 0, 0, 1, 0, 1, 2, 0, 1, 1, 0];[19, 6, 8, 4, 2, 17, 18, 12, 14, 10, 11, 5, 3, 0, 16, 1, 7, 13, 9, 15]|[2, 1, 2, 1, 2, 1, 2, 1, 1, 0, 0, 0, 2, 2, 1, 0, 0, 0, 0, 0]|[0, 1, 0, 1, 0, 0, 0, 0, 1, 3, 3, 3, 1, 0, 1, 3, 3, 3, 3, 3]|[1, 1, 0, 1, 1, 1, 0, 1, 0, 2, 0, 2, 1, 1, 1, 0, 0, 0, 2, 0];[19, 6, 8, 4, 2, 17, 18, 12, 14, 10, 11, 5, 3, 0, 16, 1, 7, 13, 9, 15]|[2, 1, 2, 1, 2, 1, 2, 1, 1, 0, 0, 0, 2, 2, 1, 0, 0, 0, 0, 0]|[0, 1, 0, 1, 0, 0, 0, 0, 1, 3, 3, 3, 1, 0, 1, 3, 3, 3, 3, 3]|[1, 1, 0, 1, 1, 1, 0, 1, 0, 2, 0, 2, 1, 1, 1, 0, 0, 0, 2, 0];[9, 19, 12, 4, 1, 5, 16, 6, 17, 18, 11, 14, 7, 3, 2, 8, 10, 15, 13, 0]|[0, 2, 1, 1, 0, 2, 0, 1, 1, 0, 0, 0, 2, 2, 2, 2, 1, 1, 1, 1]|[2, 0, 1, 0, 0, 1, 3, 0, 1, 3, 3, 1, 1, 0, 1, 1, 1, 0, 1, 1]|[2, 1, 0, 1, 1, 0, 0, 1, 0, 2, 0, 1, 0, 0, 1, 0, 1, 0, 1, 1];[9, 19, 12, 4, 1, 5, 16, 6, 17, 18, 11, 14, 7, 3, 2, 8, 10, 15, 13, 0]|[0, 2, 1, 1, 0, 2, 0, 1, 1, 0, 0, 0, 2, 2, 2, 2, 1, 1, 1, 1]|[2, 0, 1, 0, 0, 1, 3, 0, 1, 3, 3, 1, 1, 0, 1, 1, 1, 0, 1, 1]|[2, 1, 0, 1, 1, 0, 0, 1, 0, 2, 0, 1, 0, 0, 1, 0, 1, 0, 1, 1];[1, 19, 6, 10, 15, 11, 18, 8, 0, 12, 13, 2, 9, 17, 4, 14, 7, 16, 5, 3]|[0, 2, 1, 1, 2, 1, 0, 0, 2, 0, 1, 2, 1, 1, 0, 0, 0, 2, 1, 0]|[3, 0, 1, 1, 0, 1, 1, 0, 0, 0, 0, 0, 0, 1, 3, 3, 0, 0, 1, 3]|[1, 1, 1, 0, 0, 1, 0, 2, 1, 2, 1, 0, 1, 0, 0, 2, 0, 1, 1, 0];[9, 19, 6, 10, 8, 4, 1, 16, 2, 12, 11, 5, 17, 15, 14, 0, 18, 13, 7, 3]|[0, 2, 0, 0, 2, 1, 0, 2, 1, 1, 0, 2, 0, 0, 1, 0, 0, 0, 0, 2]|[3, 0, 0, 3, 0, 1, 0, 0, 1, 0, 0, 0, 3, 0, 0, 0, 0, 2, 0, 0]|[1, 1, 0, 2, 1, 1, 1, 0, 1, 1, 2, 0, 0, 1, 1, 0, 2, 0, 1, 0];[9, 19, 6, 10, 8, 4, 1, 16, 2, 12, 11, 5, 17, 15, 14, 0, 18, 13, 7, 3]|[0, 2, 0, 0, 2, 1, 0, 2, 1, 1, 0, 2, 0, 0, 1, 0, 0, 0, 0, 2]|[3, 0, 0, 3, 0, 1, 0, 0, 1, 0, 0, 0, 3, 0, 0, 0, 0, 2, 0, 0]|[1, 1, 0, 2, 1, 1, 1, 0, 1, 1, 2, 0, 0, 1, 1, 0, 2, 0, 1, 0];[1, 19, 6, 10, 15, 11, 18, 8, 2, 7, 12, 4, 9, 0, 17, 3, 13, 16, 5, 14]|[0, 2, 1, 1, 2, 1, 0, 0, 2, 0, 1, 2, 1, 1, 0, 0, 0, 2, 1, 0]|[3, 0, 1, 1, 0, 1, 1, 0, 0, 0, 1, 0, 0, 1, 3, 3, 0, 0, 1, 3]|[1, 1, 1, 0, 0, 1, 2, 1, 1, 2, 1, 0, 1, 0, 0, 2, 0, 1, 1, 0];[1, 19, 6, 10, 15, 11, 9, 16, 5, 7, 17, 18, 13, 2, 3, 12, 14, 4, 8, 0]|[0, 2, 1, 1, 2, 1, 0, 0, 2, 0, 1, 2, 1, 1, 0, 0, 0, 2, 1, 0]|[3, 0, 1, 1, 0, 1, 1, 0, 0, 0, 1, 0, 0, 1, 3, 3, 3, 0, 1, 3]|[1, 1, 1, 0, 0, 1, 0, 2, 1, 2, 1, 0, 1, 0, 0, 2, 0, 1, 1, 0];[19, 5, 10, 15, 11, 7, 17, 6, 2, 1, 0, 8, 9, 13, 12, 14, 3, 16, 4, 18]|[2, 1, 1, 2, 1, 0, 0, 0, 2, 0, 1, 2, 1, 1, 0, 0, 0, 2, 1, 0]|[0, 1, 1, 0, 0, 0, 3, 3, 0, 3, 1, 0, 0, 1, 3, 0, 0, 0, 1, 3]|[1, 1, 0, 0, 1, 2, 0, 0, 1, 0, 1, 0, 1, 0, 0, 2, 0, 1, 1, 0];[1, 19, 6, 10, 15, 11, 18, 8, 0, 12, 13, 2, 9, 17, 5, 14, 3, 16, 4, 7]|[0, 2, 1, 1, 2, 1, 0, 0, 2, 0, 1, 2, 1, 1, 0, 0, 0, 2, 1, 0]|[3, 0, 1, 1, 0, 1, 1, 0, 0, 0, 1, 0, 0, 1, 3, 3, 0, 0, 1, 3]|[1, 1, 1, 0, 0, 1, 0, 2, 1, 2, 1, 0, 1, 0, 0, 2, 0, 1, 1, 0];[1, 4, 16, 15, 12, 7, 2, 14, 18, 11, 10, 6, 0, 3, 17, 8, 19, 5, 9, 13]|[0, 2, 1, 2, 2, 0, 2, 0, 0, 2, 1, 1, 1, 0, 0, 0, 2, 1, 1, 0]|[1, 1, 1, 0, 0, 0, 0, 0, 2, 0, 1, 0, 0, 3, 3, 0, 0, 1, 1, 3]|[1, 1, 1, 0, 0, 2, 1, 2, 0, 0, 0, 1, 1, 0, 2, 0, 1, 1, 1, 0];[1, 19, 6, 10, 15, 11, 18, 0, 2, 12, 13, 7, 9, 4, 3, 17, 8, 16, 5, 14]|[0, 2, 1, 1, 2, 1, 0, 0, 2, 0, 1, 2, 1, 1, 0, 0, 0, 2, 1, 0]|[3, 0, 1, 1, 0, 1, 0, 0, 0, 0, 0, 0, 0, 1, 3, 3, 0, 0, 1, 3]|[1, 1, 1, 0, 0, 1, 0, 2, 1, 2, 1, 0, 1, 0, 0, 2, 0, 1, 1, 0];[1, 19, 6, 10, 15, 11, 18, 0, 5, 7, 17, 14, 9, 4, 12, 3, 13, 16, 2, 8]|[0, 2, 1, 1, 2, 1, 0, 0, 2, 0, 1, 2, 1, 1, 0, 0, 0, 2, 1, 0]|[3, 0, 1, 1, 0, 1, 0, 1, 1, 1, 0, 0, 0, 1, 3, 3, 3, 0, 1, 3]|[1, 1, 1, 0, 1, 1, 0, 2, 1, 2, 1, 0, 1, 0, 0, 2, 0, 1, 1, 1];[5, 19, 15, 18, 8, 2, 7, 3, 4, 0, 16, 1, 13, 14, 11, 9, 10, 17, 6, 12]|[0, 2, 2, 2, 0, 2, 0, 1, 1, 0, 2, 0, 0, 2, 1, 1, 1, 1, 1, 0]|[0, 0, 0, 1, 3, 0, 3, 1, 1, 3, 1, 0, 3, 0, 1, 1, 1, 1, 1, 3]|[2, 1, 0, 1, 0, 1, 0, 1, 1, 0, 0, 2, 2, 0, 1, 1, 1, 1, 1, 0];[19, 6, 10, 15, 11, 12, 0, 18, 13, 2, 9, 17, 1, 5, 16, 7, 4, 8, 14, 3]|[2, 1, 1, 2, 1, 0, 2, 0, 1, 2, 1, 1, 0, 1, 2, 0, 0, 0, 0, 0]|[0, 1, 1, 0, 1, 3, 0, 3, 1, 0, 0, 1, 3, 1, 0, 3, 3, 3, 3, 3]|[1, 1, 1, 0, 1, 0, 1, 2, 1, 0, 1, 0, 0, 1, 1, 0, 2, 0, 2, 0];[1, 19, 10, 8, 0, 18, 15, 11, 5, 17, 4, 7, 2, 6, 9, 3, 13, 14, 12, 16]|[0, 2, 2, 0, 0, 2, 0, 2, 1, 1, 1, 0, 0, 1, 1, 1, 1, 2, 2, 0]|[0, 0, 0, 1, 3, 0, 0, 0, 1, 1, 1, 3, 3, 1, 1, 1, 1, 0, 1, 3]|[1, 1, 0, 0, 2, 1, 2, 0, 1, 1, 1, 0, 0, 1, 1, 1, 1, 1, 0, 2];[1, 19, 6, 10, 15, 11, 18, 16, 8, 7, 3, 2, 9, 17, 4, 13, 12, 0, 5, 14]|[0, 2, 1, 1, 2, 1, 0, 0, 2, 0, 1, 2, 1, 1, 0, 0, 2, 2, 1, 0]|[3, 0, 1, 1, 0, 0, 1, 0, 0, 0, 0, 0, 0, 1, 3, 3, 1, 0, 1, 3]|[1, 1, 1, 0, 0, 1, 0, 2, 1, 2, 1, 0, 1, 0, 0, 2, 0, 1, 1, 0];[1, 19, 6, 10, 15, 11, 18, 8, 0, 12, 13, 2, 7, 17, 9, 14, 3, 16, 5, 4]|[0, 2, 1, 1, 2, 1, 0, 0, 2, 0, 1, 2, 1, 1, 0, 0, 0, 2, 1, 0]|[3, 0, 1, 1, 0, 1, 1, 0, 0, 0, 1, 0, 0, 1, 3, 3, 3, 0, 1, 3]|[1, 1, 1, 0, 0, 1, 0, 2, 1, 2, 1, 0, 1, 0, 0, 2, 0, 1, 1, 0];[12, 19, 6, 10, 8, 4, 9, 5, 15, 3, 13, 2, 1, 0, 11, 16, 17, 14, 7, 18]|[0, 2, 1, 1, 2, 2, 0, 0, 2, 0, 1, 2, 1, 1, 2, 2, 1, 0, 0, 0]|[3, 1, 1, 1, 0, 1, 0, 3, 1, 3, 1, 0, 0, 1, 1, 0, 1, 3, 3, 2]|[2, 1, 1, 0, 0, 1, 0, 0, 1, 2, 1, 0, 1, 0, 0, 1, 1, 2, 0, 1];[12, 19, 6, 10, 8, 4, 9, 5, 15, 3, 13, 2, 1, 0, 11, 16, 17, 14, 7, 18]|[0, 2, 1, 1, 2, 2, 0, 0, 2, 0, 1, 2, 1, 1, 2, 2, 1, 0, 0, 0]|[3, 1, 1, 1, 0, 1, 0, 3, 1, 3, 1, 0, 0, 1, 1, 0, 1, 3, 3, 2]|[2, 1, 1, 0, 0, 1, 0, 0, 1, 2, 1, 0, 1, 0, 0, 1, 1, 2, 0, 1];[1, 19, 6, 10, 15, 11, 9, 16, 2, 12, 4, 0, 7, 13, 18, 14, 3, 8, 5, 17]|[0, 2, 1, 1, 2, 1, 0, 0, 2, 0, 1, 2, 1, 1, 0, 0, 0, 2, 1, 0]|[3, 0, 1, 1, 0, 1, 1, 0, 0, 0, 0, 0, 0, 1, 3, 3, 3, 0, 1, 3]|[1, 1, 1, 0, 0, 1, 0, 2, 1, 2, 1, 1, 1, 0, 0, 0, 1, 1, 1, 0];[18, 19, 6, 10, 8, 4, 9, 13, 3, 2, 16, 14, 0, 17, 5, 1, 12, 15, 7, 11]|[0, 2, 1, 1, 2, 1, 0, 2, 0, 1, 2, 2, 0, 0, 0, 1, 1, 2, 1, 0]|[1, 1, 1, 1, 0, 1, 3, 0, 3, 1, 0, 1, 0, 3, 3, 1, 0, 0, 1, 0]|[1, 1, 1, 1, 0, 1, 0, 1, 0, 1, 1, 0, 2, 2, 0, 0, 1, 0, 1, 2];[18, 19, 6, 10, 8, 4, 9, 13, 3, 2, 16, 14, 0, 17, 5, 1, 12, 15, 7, 11]|[0, 2, 1, 1, 2, 1, 0, 2, 0, 1, 2, 2, 0, 0, 0, 1, 1, 2, 1, 0]|[1, 1, 1, 1, 0, 1, 3, 0, 3, 1, 0, 1, 0, 3, 3, 1, 0, 0, 1, 0]|[1, 1, 1, 1, 0, 1, 0, 1, 0, 1, 1, 0, 2, 2, 0, 0, 1, 0, 1, 2];[18, 19, 6, 10, 15, 4, 1, 14, 2, 7, 11, 9, 12, 17, 5, 16, 13, 3, 0, 8]|[0, 2, 1, 1, 2, 1, 0, 0, 2, 2, 1, 2, 1, 1, 0, 0, 2, 2, 1, 0]|[3, 0, 1, 1, 0, 1, 0, 0, 1, 0, 0, 0, 0, 1, 3, 3, 1, 0, 1, 3]|[1, 1, 1, 1, 0, 1, 0, 1, 1, 0, 1, 0, 1, 0, 0, 2, 0, 1, 1, 0];[18, 19, 6, 10, 15, 4, 1, 14, 2, 7, 11, 9, 12, 17, 5, 16, 13, 3, 0, 8]|[0, 2, 1, 1, 2, 1, 0, 0, 2, 2, 1, 2, 1, 1, 0, 0, 2, 2, 1, 0]|[3, 0, 1, 1, 0, 1, 0, 0, 1, 0, 0, 0, 0, 1, 3, 3, 1, 0, 1, 3]|[1, 1, 1, 1, 0, 1, 0, 1, 1, 0, 1, 0, 1, 0, 0, 2, 0, 1, 1, 0];[6, 11, 15, 10, 5, 19, 1, 9, 12, 4, 0, 7, 2, 14, 18, 17, 3, 16, 8, 13]|[0, 1, 2, 1, 1, 2, 0, 1, 1, 2, 1, 0, 2, 0, 0, 0, 2, 2, 1, 0]|[3, 0, 0, 0, 1, 1, 3, 1, 0, 0, 0, 1, 1, 1, 0, 3, 0, 0, 1, 3]|[0, 1, 0, 0, 1, 1, 0, 0, 1, 0, 1, 2, 1, 2, 1, 2, 0, 1, 1, 2];[1, 13, 15, 11, 18, 8, 2, 16, 4, 5, 10, 9, 12, 0, 6, 14, 19, 17, 7, 3]|[0, 2, 2, 0, 0, 0, 2, 2, 1, 1, 1, 1, 1, 0, 1, 1, 2, 2, 0, 0]|[0, 1, 0, 3, 3, 0, 0, 0, 1, 1, 1, 1, 1, 3, 1, 1, 0, 0, 0, 3]|[1, 0, 1, 2, 0, 2, 1, 0, 1, 1, 1, 1, 1, 0, 1, 1, 1, 0, 2, 2];[18, 12, 1, 5, 14, 10, 6, 0, 15, 19, 13, 16, 3, 8, 17, 11, 9, 7, 4, 2]|[0, 0, 0, 0, 2, 0, 0, 2, 2, 2, 0, 2, 1, 1, 1, 1, 1, 1, 1, 2]|[0, 3, 0, 3, 0, 0, 3, 0, 0, 1, 3, 0, 1, 1, 1, 1, 1, 1, 1, 0]|[2, 0, 1, 0, 1, 2, 0, 1, 1, 0, 0, 0, 1, 1, 1, 1, 1, 1, 1, 1];[1, 19, 6, 10, 15, 11, 18, 8, 0, 12, 17, 5, 9, 13, 3, 16, 2, 4, 7, 14]|[0, 2, 1, 1, 2, 1, 0, 0, 2, 0, 1, 2, 1, 1, 0, 0, 0, 2, 1, 0]|[3, 0, 1, 1, 0, 1, 0, 0, 0, 0, 1, 0, 0, 1, 3, 3, 3, 0, 1, 3]|[1, 1, 1, 0, 0, 1, 0, 2, 1, 2, 1, 0, 1, 0, 0, 2, 0, 1, 1, 0]
fc6diagRound 3	fe=86784	pool=300	target=100	rescued=0	sOriginal=[1, 19, 6, 10, 15, 11, 18, 8, 4, 7, 13, 9, 12, 0, 14, 17, 3, 16, 5, 2]|[0, 2, 1, 1, 2, 1, 0, 0, 2, 0, 1, 2, 1, 1, 0, 0, 0, 2, 1, 0]|[3, 0, 1, 1, 0, 1, 1, 0, 0, 0, 0, 0, 0, 1, 3, 3, 3, 0, 1, 3]|[1, 1, 1, 0, 0, 1, 0, 2, 1, 2, 1, 0, 1, 0, 0, 2, 0, 1, 1, 0];[1, 19, 6, 15, 10, 11, 18, 0, 4, 12, 17, 14, 13, 9, 8, 16, 3, 5, 2, 7]|[0, 2, 1, 1, 2, 1, 0, 0, 2, 0, 1, 2, 1, 1, 0, 0, 0, 2, 1, 0]|[3, 0, 1, 1, 0, 1, 0, 0, 0, 0, 0, 0, 0, 1, 3, 3, 0, 0, 1, 3]|[1, 1, 1, 0, 0, 1, 0, 2, 1, 1, 1, 0, 1, 0, 0, 2, 0, 1, 1, 0];[1, 19, 6, 10, 15, 11, 18, 8, 2, 7, 13, 12, 9, 17, 4, 14, 0, 16, 5, 3]|[0, 2, 1, 1, 2, 1, 0, 0, 2, 0, 1, 2, 1, 1, 0, 0, 0, 2, 1, 0]|[3, 0, 1, 1, 0, 1, 1, 0, 0, 0, 0, 0, 0, 1, 3, 3, 0, 0, 1, 3]|[1, 1, 1, 0, 0, 1, 0, 2, 1, 2, 1, 0, 1, 0, 0, 2, 0, 1, 1, 0];[1, 19, 6, 10, 15, 11, 18, 14, 5, 7, 13, 0, 16, 17, 12, 2, 8, 4, 3, 9]|[0, 2, 1, 1, 2, 1, 0, 0, 2, 0, 1, 2, 1, 1, 0, 0, 0, 2, 1, 0]|[3, 0, 1, 1, 0, 1, 1, 0, 0, 0, 1, 0, 0, 1, 3, 3, 3, 0, 1, 3]|[1, 1, 1, 1, 0, 1, 0, 2, 1, 1, 1, 0, 1, 0, 0, 2, 0, 1, 1, 0];[1, 19, 6, 10, 15, 11, 18, 8, 0, 7, 13, 2, 9, 17, 3, 12, 14, 4, 16, 5]|[0, 2, 1, 1, 2, 1, 0, 0, 2, 0, 1, 2, 1, 1, 0, 0, 0, 2, 1, 0]|[3, 0, 1, 1, 0, 1, 1, 0, 0, 0, 0, 0, 0, 1, 3, 3, 3, 0, 1, 3]|[1, 1, 1, 0, 0, 1, 0, 2, 1, 2, 1, 0, 1, 0, 0, 2, 0, 1, 1, 0];[1, 19, 6, 10, 15, 11, 18, 8, 0, 12, 13, 2, 9, 17, 3, 5, 14, 16, 4, 7]|[0, 2, 1, 1, 2, 1, 0, 0, 2, 0, 1, 2, 1, 1, 0, 0, 0, 2, 1, 0]|[3, 0, 1, 1, 0, 1, 1, 0, 0, 0, 0, 0, 0, 1, 3, 3, 3, 0, 1, 3]|[1, 1, 1, 0, 0, 1, 0, 2, 1, 2, 1, 0, 1, 0, 0, 2, 0, 0, 1, 0];[1, 19, 10, 8, 4, 9, 16, 2, 12, 5, 18, 14, 3, 6, 11, 15, 13, 7, 0, 17]|[0, 2, 0, 2, 1, 0, 2, 1, 1, 2, 0, 0, 0, 0, 0, 1, 0, 0, 0, 2]|[2, 0, 3, 1, 1, 0, 0, 0, 0, 0, 0, 3, 0, 3, 0, 0, 0, 1, 0, 0]|[1, 1, 2, 1, 1, 1, 0, 1, 1, 0, 2, 0, 1, 0, 2, 1, 0, 0, 1, 1];[1, 19, 10, 8, 4, 9, 16, 2, 12, 5, 18, 14, 3, 6, 11, 15, 13, 7, 0, 17]|[0, 2, 0, 2, 1, 0, 2, 1, 1, 2, 0, 0, 0, 0, 0, 1, 0, 0, 0, 2]|[2, 0, 3, 1, 1, 0, 0, 0, 0, 0, 0, 3, 0, 3, 0, 0, 0, 1, 0, 0]|[1, 1, 2, 1, 1, 1, 0, 1, 1, 0, 2, 0, 1, 0, 2, 1, 0, 0, 1, 1];[1, 19, 6, 10, 15, 11, 18, 8, 4, 12, 17, 2, 9, 13, 3, 5, 14, 7, 16, 0]|[0, 2, 1, 1, 2, 1, 0, 0, 2, 0, 1, 2, 1, 1, 0, 0, 0, 2, 1, 0]|[3, 0, 1, 1, 0, 1, 1, 0, 0, 0, 0, 0, 0, 1, 3, 3, 0, 0, 1, 3]|[1, 1, 1, 0, 0, 1, 0, 2, 1, 2, 1, 0, 1, 0, 0, 2, 1, 1, 1, 0];[6, 19, 5, 10, 8, 4, 16, 2, 12, 1, 14, 17, 3, 7, 0, 13, 11, 9, 18, 15]|[0, 2, 2, 0, 2, 1, 2, 1, 1, 0, 1, 0, 0, 0, 0, 0, 0, 0, 0, 2]|[3, 0, 0, 0, 1, 1, 0, 1, 0, 3, 1, 0, 0, 0, 1, 0, 0, 0, 0, 0]|[2, 1, 0, 0, 1, 1, 1, 1, 1, 0, 0, 1, 2, 0, 0, 1, 2, 1, 2, 1];[6, 19, 5, 10, 8, 4, 16, 2, 12, 1, 14, 17, 3, 7, 0, 13, 11, 9, 18, 15]|[0, 2, 2, 0, 2, 1, 2, 1, 1, 0, 1, 0, 0, 0, 0, 0, 0, 0, 0, 2]|[3, 0, 0, 0, 1, 1, 0, 1, 0, 3, 1, 0, 0, 0, 1, 0, 0, 0, 0, 0]|[2, 1, 0, 0, 1, 1, 1, 1, 1, 0, 0, 1, 2, 0, 0, 1, 2, 1, 2, 1];[1, 4, 16, 11, 14, 2, 7, 8, 12, 17, 9, 10, 5, 13, 18, 3, 19, 15, 6, 0]|[0, 1, 2, 1, 0, 2, 0, 2, 1, 1, 1, 1, 0, 0, 0, 2, 2, 2, 1, 0]|[3, 1, 1, 1, 0, 1, 0, 0, 0, 0, 1, 1, 3, 3, 0, 0, 0, 0, 1, 3]|[1, 1, 1, 1, 2, 1, 2, 0, 1, 1, 0, 1, 0, 2, 0, 0, 1, 1, 1, 2];[1, 4, 16, 11, 14, 2, 7, 8, 12, 17, 9, 10, 5, 13, 18, 3, 19, 15, 6, 0]|[0, 1, 2, 1, 0, 2, 0, 2, 1, 1, 1, 1, 0, 0, 0, 2, 2, 2, 1, 0]|[3, 1, 1, 1, 0, 1, 0, 0, 0, 0, 1, 1, 3, 3, 0, 0, 0, 0, 1, 3]|[1, 1, 1, 1, 2, 1, 2, 0, 1, 1, 0, 1, 0, 2, 0, 0, 1, 1, 1, 2];[1, 19, 5, 10, 15, 11, 18, 14, 2, 7, 13, 16, 9, 17, 6, 3, 0, 4, 8, 12]|[0, 2, 1, 1, 2, 1, 0, 0, 2, 0, 1, 2, 0, 1, 0, 0, 0, 2, 1, 0]|[3, 0, 1, 1, 0, 1, 0, 0, 0, 0, 1, 0, 3, 1, 3, 3, 0, 0, 1, 3]|[1, 1, 1, 0, 1, 1, 0, 2, 1, 2, 1, 0, 1, 0, 0, 2, 0, 1, 1, 1];[9, 2, 6, 11, 8, 4, 1, 16, 19, 12, 10, 5, 17, 14, 3, 7, 13, 18, 0, 15]|[0, 2, 0, 0, 2, 1, 0, 2, 1, 1, 0, 2, 0, 0, 1, 0, 0, 0, 0, 2]|[0, 0, 3, 0, 1, 1, 3, 0, 1, 0, 0, 0, 0, 3, 0, 0, 2, 0, 0, 0]|[1, 1, 0, 2, 1, 1, 1, 0, 1, 1, 2, 0, 1, 0, 0, 0, 1, 2, 0, 1];[9, 2, 6, 11, 8, 4, 1, 16, 19, 12, 10, 5, 17, 14, 3, 7, 13, 18, 0, 15]|[0, 2, 0, 0, 2, 1, 0, 2, 1, 1, 0, 2, 0, 0, 1, 0, 0, 0, 0, 2]|[0, 0, 3, 0, 1, 1, 3, 0, 1, 0, 0, 0, 0, 3, 0, 0, 2, 0, 0, 0]|[1, 1, 0, 2, 1, 1, 1, 0, 1, 1, 2, 0, 1, 0, 0, 0, 1, 2, 0, 1];[19, 5, 15, 16, 18, 1, 4, 7, 14, 13, 10, 2, 9, 12, 0, 11, 6, 8, 17, 3]|[2, 1, 2, 1, 0, 0, 2, 0, 0, 1, 1, 2, 1, 0, 0, 1, 1, 2, 0, 0]|[0, 1, 0, 1, 3, 3, 0, 0, 3, 1, 1, 0, 1, 3, 3, 1, 1, 0, 3, 3]|[1, 1, 0, 1, 0, 0, 1, 2, 2, 1, 1, 0, 1, 0, 0, 1, 1, 1, 0, 2];[6, 19, 13, 1, 4, 7, 8, 16, 2, 12, 0, 10, 9, 17, 14, 5, 11, 3, 18, 15]|[0, 2, 0, 0, 2, 1, 0, 2, 1, 1, 0, 2, 0, 0, 0, 1, 0, 0, 0, 2]|[0, 1, 3, 3, 1, 1, 0, 0, 1, 0, 0, 0, 0, 3, 2, 0, 3, 0, 0, 0]|[0, 1, 2, 1, 1, 1, 2, 0, 1, 1, 1, 0, 1, 0, 1, 1, 0, 0, 2, 0];[1, 19, 6, 10, 15, 11, 18, 8, 2, 7, 17, 14, 4, 3, 9, 12, 13, 16, 5, 0]|[0, 2, 1, 1, 2, 1, 0, 0, 2, 0, 1, 2, 1, 1, 0, 0, 0, 2, 1, 0]|[3, 0, 1, 1, 0, 1, 0, 0, 0, 0, 1, 0, 0, 1, 3, 3, 3, 0, 1, 3]|[1, 1, 1, 0, 0, 1, 0, 2, 1, 2, 1, 0, 1, 0, 0, 2, 0, 1, 1, 0];[1, 19, 2, 17, 18, 4, 12, 11, 15, 10, 6, 9, 13, 3, 5, 14, 7, 16, 0, 8]|[0, 2, 2, 1, 0, 2, 0, 1, 2, 1, 2, 1, 1, 0, 0, 0, 1, 1, 0, 0]|[3, 0, 0, 0, 1, 0, 0, 1, 0, 1, 0, 0, 1, 3, 3, 0, 0, 1, 3, 0]|[1, 1, 0, 1, 0, 1, 2, 1, 0, 1, 1, 1, 0, 0, 2, 1, 1, 1, 0, 2];[1, 19, 6, 10, 15, 11, 18, 8, 0, 12, 17, 2, 9, 13, 14, 5, 3, 16, 4, 7]|[0, 2, 1, 1, 2, 1, 0, 0, 2, 0, 1, 2, 1, 1, 0, 0, 0, 2, 1, 0]|[3, 0, 1, 0, 0, 1, 1, 0, 0, 0, 0, 0, 0, 1, 3, 3, 3, 0, 1, 3]|[1, 1, 1, 0, 0, 1, 0, 2, 1, 2, 1, 0, 1, 0, 0, 0, 0, 1, 1, 0];[1, 5, 19, 2, 18, 17, 10, 12, 4, 8, 15, 9, 13, 7, 16, 3, 14, 6, 11, 0]|[0, 1, 2, 2, 2, 1, 1, 0, 2, 0, 2, 1, 1, 0, 0, 0, 2, 1, 1, 0]|[3, 1, 1, 0, 0, 1, 1, 0, 0, 0, 0, 0, 1, 3, 3, 3, 0, 1, 1, 3]|[1, 1, 1, 0, 1, 1, 1, 2, 1, 2, 1, 1, 0, 0, 0, 2, 0, 1, 1, 0];[19, 6, 10, 8, 4, 9, 1, 16, 2, 12, 11, 5, 14, 17, 13, 15, 7, 0, 18, 3]|[2, 0, 0, 2, 1, 0, 0, 2, 1, 1, 0, 2, 0, 0, 0, 1, 0, 0, 0, 2]|[0, 3, 0, 1, 1, 0, 3, 0, 1, 0, 0, 0, 0, 3, 0, 0, 2, 0, 0, 0]|[1, 2, 0, 1, 1, 1, 0, 0, 1, 1, 2, 0, 0, 1, 1, 0, 2, 0, 1, 0];[1, 2, 6, 10, 8, 4, 9, 16, 19, 12, 11, 5, 18, 14, 17, 3, 0, 7, 13, 15]|[0, 2, 0, 0, 2, 1, 0, 2, 1, 1, 0, 2, 0, 0, 0, 1, 0, 0, 0, 2]|[3, 0, 3, 0, 1, 1, 0, 0, 1, 0, 0, 0, 0, 3, 0, 0, 0, 0, 2, 0]|[1, 1, 0, 2, 1, 1, 2, 0, 1, 1, 2, 0, 2, 0, 1, 0, 0, 0, 1, 1];[19, 6, 10, 8, 4, 9, 1, 16, 2, 12, 11, 5, 14, 17, 13, 15, 7, 0, 18, 3]|[2, 0, 0, 2, 1, 0, 0, 2, 1, 1, 0, 2, 0, 0, 0, 1, 0, 0, 0, 2]|[0, 3, 0, 1, 1, 0, 3, 0, 1, 0, 0, 0, 0, 3, 0, 0, 2, 0, 0, 0]|[1, 2, 0, 1, 1, 1, 0, 0, 1, 1, 2, 0, 0, 1, 1, 0, 2, 0, 1, 0];[1, 2, 6, 10, 8, 4, 9, 16, 19, 12, 11, 5, 18, 14, 17, 3, 0, 7, 13, 15]|[0, 2, 0, 0, 2, 1, 0, 2, 1, 1, 0, 2, 0, 0, 0, 1, 0, 0, 0, 2]|[3, 0, 3, 0, 1, 1, 0, 0, 1, 0, 0, 0, 0, 3, 0, 0, 0, 0, 2, 0]|[1, 1, 0, 2, 1, 1, 2, 0, 1, 1, 2, 0, 2, 0, 1, 0, 0, 0, 1, 1];[1, 19, 5, 15, 4, 16, 14, 10, 7, 17, 2, 8, 18, 11, 12, 3, 9, 13, 6, 0]|[0, 2, 1, 2, 1, 0, 2, 1, 1, 1, 2, 0, 0, 1, 0, 0, 2, 2, 1, 0]|[3, 0, 1, 0, 1, 3, 0, 1, 1, 1, 0, 0, 3, 1, 3, 3, 1, 0, 1, 3]|[1, 1, 1, 0, 1, 0, 1, 1, 1, 1, 1, 2, 0, 1, 0, 2, 0, 1, 1, 0];[1, 19, 5, 15, 4, 16, 14, 10, 7, 17, 2, 8, 18, 11, 12, 3, 9, 13, 6, 0]|[0, 2, 1, 2, 1, 0, 2, 1, 1, 1, 2, 0, 0, 1, 0, 0, 2, 2, 1, 0]|[3, 0, 1, 0, 1, 3, 0, 1, 1, 1, 0, 0, 3, 1, 3, 3, 1, 0, 1, 3]|[1, 1, 1, 0, 1, 0, 1, 1, 1, 1, 1, 2, 0, 1, 0, 2, 0, 1, 1, 0];[1, 19, 6, 10, 15, 11, 18, 16, 2, 12, 4, 5, 9, 3, 13, 17, 8, 7, 0, 14]|[0, 2, 0, 0, 2, 1, 0, 2, 1, 1, 0, 2, 0, 0, 0, 1, 0, 0, 0, 2]|[3, 0, 3, 0, 1, 1, 0, 0, 1, 0, 0, 0, 0, 3, 0, 0, 2, 0, 0, 0]|[0, 1, 0, 2, 1, 1, 1, 0, 1, 1, 2, 0, 2, 0, 1, 1, 0, 0, 1, 1];[1, 19, 6, 10, 15, 11, 18, 16, 2, 12, 4, 5, 9, 3, 13, 17, 8, 7, 0, 14]|[0, 2, 0, 0, 2, 1, 0, 2, 1, 1, 0, 2, 0, 0, 0, 1, 0, 0, 0, 2]|[3, 0, 3, 0, 1, 1, 0, 0, 1, 0, 0, 0, 0, 3, 0, 0, 2, 0, 0, 0]|[0, 1, 0, 2, 1, 1, 1, 0, 1, 1, 2, 0, 2, 0, 1, 1, 0, 0, 1, 1];[1, 19, 6, 10, 15, 11, 18, 0, 8, 12, 3, 5, 9, 13, 17, 16, 2, 4, 7, 14]|[0, 2, 1, 1, 2, 1, 0, 0, 2, 0, 1, 2, 1, 1, 0, 0, 0, 2, 1, 0]|[3, 0, 1, 1, 0, 1, 1, 0, 0, 0, 0, 0, 0, 1, 3, 3, 3, 0, 1, 3]|[1, 1, 1, 0, 0, 1, 0, 2, 1, 2, 1, 0, 1, 0, 0, 2, 0, 1, 1, 0];[1, 19, 5, 10, 15, 11, 18, 14, 4, 7, 13, 8, 9, 17, 3, 6, 2, 12, 16, 0]|[0, 2, 1, 1, 2, 1, 0, 0, 2, 0, 1, 2, 1, 1, 0, 0, 0, 2, 1, 0]|[3, 0, 1, 1, 0, 1, 0, 0, 0, 0, 1, 0, 0, 1, 3, 3, 0, 0, 1, 3]|[1, 1, 1, 0, 0, 1, 0, 2, 1, 2, 1, 0, 1, 0, 0, 2, 0, 1, 1, 0];[11, 19, 6, 8, 4, 9, 16, 2, 12, 1, 5, 18, 15, 14, 3, 17, 0, 7, 10, 13]|[0, 2, 0, 2, 1, 0, 2, 1, 1, 0, 2, 0, 0, 0, 1, 0, 0, 0, 0, 2]|[0, 0, 3, 1, 1, 0, 0, 1, 0, 3, 0, 0, 3, 0, 0, 3, 3, 0, 2, 0]|[2, 1, 0, 1, 1, 0, 0, 1, 1, 1, 0, 2, 0, 1, 1, 0, 2, 0, 2, 1];[11, 19, 6, 8, 4, 9, 16, 2, 12, 1, 5, 18, 15, 14, 3, 17, 0, 7, 10, 13]|[0, 2, 0, 2, 1, 0, 2, 1, 1, 0, 2, 0, 0, 0, 1, 0, 0, 0, 0, 2]|[0, 0, 3, 1, 1, 0, 0, 1, 0, 3, 0, 0, 3, 0, 0, 3, 3, 0, 2, 0]|[2, 1, 0, 1, 1, 0, 0, 1, 1, 1, 0, 2, 0, 1, 1, 0, 2, 0, 2, 1];[1, 19, 5, 10, 15, 11, 18, 14, 4, 12, 17, 2, 7, 13, 6, 3, 9, 8, 0, 16]|[0, 2, 1, 1, 2, 1, 0, 0, 2, 0, 1, 2, 1, 1, 0, 0, 0, 2, 1, 0]|[3, 0, 1, 1, 0, 1, 0, 0, 0, 0, 0, 0, 0, 1, 3, 3, 0, 0, 1, 3]|[1, 1, 1, 0, 0, 1, 0, 2, 1, 2, 1, 0, 1, 0, 0, 2, 0, 1, 1, 0];[17, 4, 8, 11, 12, 2, 16, 1, 9, 6, 19, 5, 0, 10, 7, 13, 18, 15, 14, 3]|[0, 1, 2, 0, 1, 1, 2, 0, 0, 0, 2, 2, 0, 0, 1, 0, 0, 0, 0, 2]|[3, 1, 1, 3, 0, 0, 0, 2, 0, 3, 0, 0, 0, 3, 0, 0, 0, 0, 0, 0]|[0, 1, 1, 2, 1, 1, 0, 1, 1, 0, 1, 0, 1, 2, 1, 0, 2, 0, 1, 1];[1, 19, 6, 10, 15, 11, 18, 8, 2, 12, 4, 3, 9, 0, 16, 14, 13, 17, 5, 7]|[0, 2, 1, 1, 2, 1, 0, 0, 2, 0, 1, 2, 1, 1, 0, 0, 0, 2, 1, 0]|[3, 0, 1, 1, 0, 1, 0, 0, 0, 0, 1, 0, 0, 1, 3, 3, 3, 0, 1, 3]|[1, 1, 1, 0, 1, 1, 0, 2, 1, 2, 1, 0, 1, 0, 0, 2, 0, 1, 1, 0];[19, 6, 10, 15, 11, 14, 16, 5, 4, 9, 2, 13, 8, 12, 3, 17, 0, 7, 18, 1]|[2, 1, 1, 2, 1, 2, 1, 0, 1, 1, 2, 2, 2, 0, 0, 0, 0, 0, 0, 0]|[0, 1, 1, 0, 1, 0, 1, 3, 1, 0, 0, 1, 0, 3, 3, 3, 3, 3, 3, 3]|[1, 1, 0, 0, 1, 1, 1, 0, 0, 1, 0, 1, 1, 2, 0, 2, 0, 2, 0, 0];[17, 4, 8, 11, 12, 2, 16, 1, 9, 6, 19, 5, 0, 10, 7, 13, 18, 15, 14, 3]|[0, 1, 2, 0, 1, 1, 2, 0, 0, 0, 2, 2, 0, 0, 1, 0, 0, 0, 0, 2]|[3, 1, 1, 3, 0, 0, 0, 2, 0, 3, 0, 0, 0, 3, 0, 0, 0, 0, 0, 0]|[0, 1, 1, 2, 1, 1, 0, 1, 1, 0, 1, 0, 1, 2, 1, 0, 2, 0, 1, 1];[19, 6, 10, 8, 4, 11, 17, 16, 2, 12, 9, 5, 18, 14, 15, 3, 13, 0, 1, 7]|[2, 0, 0, 2, 1, 0, 0, 2, 1, 1, 0, 2, 0, 0, 0, 0, 1, 0, 0, 2]|[0, 3, 0, 1, 1, 0, 3, 0, 1, 0, 0, 0, 0, 3, 0, 0, 0, 3, 3, 0]|[1, 1, 0, 0, 1, 2, 1, 0, 1, 1, 0, 1, 2, 0, 1, 0, 1, 2, 1, 1];[19, 6, 10, 8, 4, 11, 17, 16, 2, 12, 9, 5, 18, 14, 15, 3, 13, 0, 1, 7]|[2, 0, 0, 2, 1, 0, 0, 2, 1, 1, 0, 2, 0, 0, 0, 0, 1, 0, 0, 2]|[0, 3, 0, 1, 1, 0, 3, 0, 1, 0, 0, 0, 0, 3, 0, 0, 0, 3, 3, 0]|[1, 1, 0, 0, 1, 2, 1, 0, 1, 1, 0, 1, 2, 0, 1, 0, 1, 2, 1, 1];[1, 19, 6, 10, 15, 11, 18, 8, 4, 12, 17, 2, 9, 13, 7, 3, 16, 14, 5, 0]|[0, 2, 1, 1, 2, 1, 0, 0, 2, 0, 1, 2, 1, 1, 0, 0, 0, 2, 1, 0]|[3, 0, 1, 1, 0, 1, 0, 0, 0, 0, 1, 0, 0, 1, 3, 3, 3, 0, 1, 3]|[1, 1, 1, 1, 0, 1, 0, 2, 1, 2, 1, 0, 1, 0, 0, 2, 0, 0, 1, 0];[1, 19, 5, 10, 15, 11, 18, 0, 2, 7, 17, 4, 13, 9, 3, 14, 16, 6, 12, 8]|[0, 2, 1, 1, 2, 1, 0, 0, 2, 0, 1, 2, 1, 1, 0, 0, 0, 2, 1, 0]|[3, 0, 1, 1, 0, 1, 2, 0, 0, 0, 1, 0, 0, 1, 3, 3, 3, 0, 1, 3]|[1, 1, 1, 0, 0, 1, 0, 2, 1, 2, 1, 0, 1, 0, 2, 2, 0, 1, 1, 0];[9, 3, 5, 10, 12, 2, 15, 13, 17, 4, 7, 11, 8, 16, 14, 6, 19, 0, 1, 18]|[0, 0, 1, 1, 1, 2, 2, 1, 0, 2, 1, 1, 0, 2, 2, 1, 0, 0, 0, 0]|[3, 3, 0, 1, 0, 0, 0, 1, 0, 0, 1, 1, 0, 0, 0, 1, 2, 3, 3, 1]|[0, 0, 1, 0, 1, 0, 0, 1, 2, 1, 1, 1, 2, 0, 1, 1, 1, 0, 0, 0];[6, 14, 16, 0, 1, 7, 13, 2, 3, 4, 8, 18, 10, 9, 15, 17, 11, 5, 19, 12]|[0, 2, 1, 0, 0, 0, 1, 2, 0, 2, 0, 0, 1, 1, 2, 1, 1, 1, 2, 0]|[3, 0, 1, 3, 3, 0, 1, 0, 3, 0, 3, 3, 1, 1, 0, 1, 1, 1, 0, 3]|[2, 1, 1, 0, 0, 2, 1, 0, 0, 1, 2, 0, 1, 1, 0, 1, 1, 1, 1, 0];[14, 19, 6, 10, 8, 4, 9, 16, 2, 12, 5, 18, 17, 1, 11, 3, 0, 7, 15, 13]|[0, 2, 0, 0, 2, 1, 0, 2, 1, 1, 2, 0, 0, 0, 0, 1, 0, 0, 0, 2]|[0, 0, 3, 3, 1, 1, 0, 0, 1, 0, 0, 0, 3, 0, 0, 0, 3, 0, 2, 0]|[1, 1, 0, 2, 1, 1, 1, 0, 1, 1, 0, 2, 0, 1, 2, 1, 0, 1, 0, 1];[19, 6, 13, 8, 4, 7, 1, 16, 2, 12, 5, 18, 17, 10, 9, 15, 3, 11, 0, 14]|[2, 0, 0, 2, 1, 0, 0, 2, 1, 1, 2, 0, 0, 0, 0, 0, 1, 0, 0, 2]|[0, 3, 3, 1, 1, 0, 0, 0, 1, 0, 0, 0, 3, 0, 0, 2, 0, 0, 0, 0]|[1, 0, 2, 1, 1, 0, 1, 0, 1, 1, 0, 2, 0, 1, 0, 0, 1, 2, 1, 1];[8, 6, 4, 9, 2, 17, 11, 15, 10, 12, 19, 7, 1, 0, 5, 16, 3, 14, 13, 18]|[2, 1, 2, 1, 1, 0, 1, 2, 1, 1, 2, 0, 0, 0, 2, 1, 0, 0, 0, 0]|[0, 1, 0, 0, 1, 3, 1, 0, 1, 0, 0, 3, 3, 3, 0, 1, 3, 3, 3, 3]|[1, 1, 0, 1, 0, 0, 1, 0, 1, 0, 1, 2, 0, 1, 1, 1, 0, 2, 0, 0];[8, 6, 4, 9, 2, 17, 11, 15, 10, 12, 19, 7, 1, 0, 5, 16, 3, 14, 13, 18]|[2, 1, 2, 1, 1, 0, 1, 2, 1, 1, 2, 0, 0, 0, 2, 1, 0, 0, 0, 0]|[0, 1, 0, 0, 1, 3, 1, 0, 1, 0, 0, 3, 3, 3, 0, 1, 3, 3, 3, 3]|[1, 1, 0, 1, 0, 0, 1, 0, 1, 0, 1, 2, 0, 1, 1, 1, 0, 2, 0, 0];[19, 6, 13, 8, 4, 7, 1, 16, 2, 12, 5, 18, 17, 10, 9, 15, 3, 11, 0, 14]|[2, 0, 0, 2, 1, 0, 0, 2, 1, 1, 2, 0, 0, 0, 0, 0, 1, 0, 0, 2]|[0, 3, 3, 1, 1, 0, 0, 0, 1, 0, 0, 0, 3, 0, 0, 2, 0, 0, 0, 0]|[1, 0, 2, 1, 1, 0, 1, 0, 1, 1, 0, 2, 0, 1, 0, 0, 1, 2, 1, 1];[14, 19, 6, 10, 8, 4, 9, 16, 2, 12, 5, 18, 17, 1, 11, 3, 0, 7, 15, 13]|[0, 2, 0, 0, 2, 1, 0, 2, 1, 1, 2, 0, 0, 0, 0, 1, 0, 0, 0, 2]|[0, 0, 3, 3, 1, 1, 0, 0, 1, 0, 0, 0, 3, 0, 0, 0, 3, 0, 2, 0]|[1, 1, 0, 2, 1, 1, 1, 0, 1, 1, 0, 2, 0, 1, 2, 1, 0, 1, 0, 1];[19, 15, 10, 2, 4, 17, 14, 13, 6, 9, 18, 3, 5, 11, 7, 12, 1, 16, 8, 0]|[2, 1, 2, 1, 2, 1, 2, 1, 1, 1, 0, 0, 2, 1, 0, 0, 0, 0, 0, 0]|[0, 0, 0, 1, 0, 1, 0, 1, 1, 1, 3, 3, 0, 1, 3, 3, 3, 3, 3, 3]|[1, 0, 0, 1, 1, 1, 0, 1, 1, 1, 0, 2, 1, 1, 0, 0, 0, 2, 0, 0];[19, 16, 15, 11, 0, 6, 4, 3, 13, 17, 9, 10, 8, 18, 14, 2, 7, 5, 12, 1]|[2, 1, 2, 1, 0, 0, 2, 0, 1, 1, 1, 1, 2, 0, 0, 0, 0, 1, 2, 0]|[0, 1, 0, 1, 3, 3, 0, 3, 1, 1, 1, 1, 0, 3, 3, 3, 3, 1, 0, 3]|[1, 1, 0, 1, 0, 2, 1, 0, 1, 1, 1, 1, 0, 0, 2, 0, 2, 1, 1, 0];[10, 6, 19, 8, 4, 9, 16, 2, 12, 5, 18, 17, 1, 14, 13, 7, 3, 11, 0, 15]|[0, 0, 2, 2, 1, 0, 2, 1, 1, 2, 0, 0, 0, 0, 1, 0, 0, 0, 0, 2]|[0, 3, 0, 1, 1, 0, 0, 1, 0, 0, 0, 3, 3, 0, 0, 3, 0, 0, 0, 0]|[1, 2, 1, 1, 0, 1, 0, 1, 1, 0, 2, 0, 0, 1, 1, 0, 0, 2, 1, 0];[1, 19, 10, 8, 4, 9, 16, 2, 12, 11, 5, 6, 17, 14, 18, 7, 13, 0, 15, 3]|[0, 2, 0, 2, 1, 0, 2, 1, 1, 0, 2, 0, 0, 0, 0, 1, 0, 0, 0, 2]|[3, 0, 3, 1, 1, 3, 0, 1, 0, 0, 0, 2, 3, 0, 0, 0, 3, 0, 0, 0]|[1, 1, 2, 1, 1, 1, 0, 1, 1, 2, 0, 0, 0, 1, 2, 1, 0, 0, 1, 1];[1, 19, 10, 8, 4, 9, 16, 2, 12, 11, 5, 6, 17, 14, 18, 7, 13, 0, 15, 3]|[0, 2, 0, 2, 1, 0, 2, 1, 1, 0, 2, 0, 0, 0, 0, 1, 0, 0, 0, 2]|[3, 0, 3, 1, 1, 3, 0, 1, 0, 0, 0, 2, 3, 0, 0, 0, 3, 0, 0, 0]|[1, 1, 2, 1, 1, 1, 0, 1, 1, 2, 0, 0, 0, 1, 2, 1, 0, 0, 1, 1];[19, 6, 15, 11, 5, 14, 18, 12, 13, 16, 8, 2, 7, 17, 9, 0, 10, 4, 3, 1]|[2, 1, 2, 1, 0, 0, 0, 0, 1, 2, 0, 2, 2, 1, 1, 2, 1, 1, 0, 0]|[0, 0, 0, 1, 3, 3, 3, 3, 1, 0, 3, 1, 1, 1, 1, 0, 1, 1, 3, 3]|[1, 0, 0, 1, 0, 2, 0, 0, 1, 1, 2, 1, 1, 1, 1, 0, 1, 1, 0, 0];[0, 19, 6, 10, 8, 4, 9, 16, 2, 12, 18, 5, 17, 3, 7, 15, 13, 11, 1, 14]|[0, 2, 0, 0, 2, 1, 0, 2, 0, 1, 0, 2, 1, 0, 1, 0, 0, 0, 0, 2]|[0, 0, 3, 0, 1, 1, 0, 0, 3, 0, 0, 0, 1, 0, 0, 3, 0, 0, 0, 0]|[2, 1, 0, 2, 1, 1, 0, 0, 1, 1, 2, 0, 0, 1, 1, 0, 0, 2, 1, 1];[0, 19, 6, 10, 8, 4, 9, 16, 2, 12, 18, 5, 17, 3, 7, 15, 13, 11, 1, 14]|[0, 2, 0, 0, 2, 1, 0, 2, 0, 1, 0, 2, 1, 0, 1, 0, 0, 0, 0, 2]|[0, 0, 3, 0, 1, 1, 0, 0, 3, 0, 0, 0, 1, 0, 0, 3, 0, 0, 0, 0]|[2, 1, 0, 2, 1, 1, 0, 0, 1, 1, 2, 0, 0, 1, 1, 0, 0, 2, 1, 1];[1, 19, 6, 10, 15, 11, 18, 0, 8, 12, 13, 16, 9, 17, 3, 5, 14, 4, 2, 7]|[0, 2, 1, 1, 2, 1, 0, 0, 2, 0, 1, 2, 1, 1, 0, 0, 0, 2, 1, 0]|[3, 0, 1, 1, 0, 0, 1, 0, 0, 0, 0, 0, 0, 1, 3, 3, 0, 0, 1, 3]|[1, 1, 1, 0, 1, 1, 0, 2, 1, 2, 1, 0, 1, 0, 0, 2, 1, 1, 1, 0];[19, 5, 10, 15, 11, 7, 14, 2, 0, 16, 4, 9, 8, 6, 17, 12, 3, 13, 1, 18]|[2, 1, 1, 2, 1, 0, 0, 2, 0, 1, 2, 1, 1, 2, 0, 1, 0, 0, 0, 0]|[1, 1, 0, 0, 1, 0, 0, 0, 0, 1, 0, 0, 1, 0, 3, 0, 3, 3, 3, 0]|[1, 1, 0, 0, 1, 2, 1, 1, 2, 1, 0, 1, 0, 1, 0, 1, 0, 0, 0, 1];[1, 19, 5, 10, 15, 11, 18, 14, 2, 7, 9, 12, 4, 13, 3, 0, 17, 6, 16, 8]|[0, 2, 1, 1, 2, 1, 0, 0, 2, 0, 1, 2, 1, 1, 0, 0, 0, 2, 1, 0]|[3, 0, 1, 1, 0, 1, 0, 0, 0, 0, 1, 0, 0, 1, 3, 3, 3, 0, 1, 3]|[1, 1, 1, 0, 0, 1, 0, 2, 1, 2, 1, 0, 1, 0, 0, 2, 0, 1, 1, 1];[1, 19, 5, 10, 15, 11, 18, 14, 4, 7, 17, 0, 13, 9, 8, 16, 3, 6, 2, 12]|[0, 2, 1, 1, 2, 1, 0, 0, 2, 0, 1, 2, 1, 1, 0, 0, 0, 2, 1, 0]|[3, 0, 1, 1, 0, 1, 0, 0, 0, 0, 0, 0, 0, 1, 3, 3, 3, 0, 1, 3]|[1, 1, 1, 0, 0, 1, 0, 2, 1, 2, 1, 0, 1, 0, 0, 2, 0, 1, 1, 0];[17, 19, 5, 10, 15, 11, 14, 7, 0, 4, 13, 8, 3, 9, 12, 18, 16, 2, 6, 1]|[0, 2, 1, 1, 2, 1, 0, 0, 0, 2, 1, 2, 1, 1, 0, 0, 0, 1, 2, 0]|[3, 0, 1, 1, 0, 1, 3, 3, 3, 0, 1, 0, 0, 1, 3, 3, 3, 1, 0, 3]|[0, 1, 1, 0, 0, 1, 2, 0, 0, 1, 1, 0, 1, 0, 2, 0, 2, 1, 1, 0];[11, 15, 10, 6, 19, 13, 3, 4, 14, 17, 7, 2, 9, 1, 8, 16, 5, 18, 12, 0]|[2, 2, 1, 1, 2, 0, 1, 1, 2, 1, 0, 2, 0, 0, 0, 2, 1, 0, 0, 0]|[1, 0, 1, 1, 0, 3, 1, 0, 0, 1, 3, 0, 3, 3, 3, 0, 1, 3, 3, 3]|[1, 0, 0, 1, 1, 0, 0, 1, 0, 1, 2, 1, 0, 0, 2, 1, 1, 0, 2, 0];[19, 5, 16, 6, 2, 12, 8, 18, 13, 1, 17, 0, 9, 10, 15, 11, 4, 3, 14, 7]|[2, 1, 1, 1, 2, 2, 1, 0, 0, 0, 0, 2, 1, 1, 2, 1, 0, 0, 0, 0]|[0, 0, 1, 1, 0, 0, 1, 3, 3, 3, 3, 0, 1, 1, 0, 1, 3, 3, 3, 3]|[1, 0, 1, 1, 0, 1, 1, 0, 2, 0, 0, 1, 1, 0, 0, 1, 2, 0, 2, 0];[19, 5, 10, 15, 11, 18, 6, 13, 7, 2, 17, 12, 4, 8, 9, 14, 16, 0, 3, 1]|[2, 1, 1, 2, 1, 0, 2, 1, 1, 2, 1, 0, 2, 0, 0, 0, 0, 1, 0, 0]|[0, 1, 1, 0, 1, 3, 0, 1, 0, 0, 0, 3, 0, 3, 3, 3, 3, 1, 3, 3]|[1, 1, 0, 0, 1, 0, 1, 0, 1, 0, 1, 2, 1, 0, 0, 2, 0, 1, 2, 0];[19, 6, 15, 11, 5, 4, 10, 17, 7, 9, 2, 13, 14, 8, 18, 12, 16, 0, 3, 1]|[2, 1, 2, 2, 0, 1, 1, 2, 1, 1, 2, 1, 0, 2, 0, 0, 1, 0, 0, 0]|[0, 1, 1, 0, 3, 1, 1, 0, 1, 0, 0, 0, 3, 0, 3, 3, 1, 3, 3, 3]|[1, 1, 0, 1, 0, 1, 1, 1, 0, 1, 0, 1, 2, 1, 0, 2, 1, 0, 2, 0];[19, 6, 15, 11, 5, 4, 10, 17, 7, 9, 2, 13, 14, 8, 18, 12, 16, 0, 3, 1]|[2, 1, 2, 2, 0, 1, 1, 2, 1, 1, 2, 1, 0, 2, 0, 0, 1, 0, 0, 0]|[0, 1, 1, 0, 3, 1, 1, 0, 1, 0, 0, 0, 3, 0, 3, 3, 1, 3, 3, 3]|[1, 1, 0, 1, 0, 1, 1, 1, 0, 1, 0, 1, 2, 1, 0, 2, 1, 0, 2, 0];[19, 5, 10, 15, 11, 18, 4, 12, 9, 13, 0, 17, 8, 2, 6, 14, 3, 7, 16, 1]|[2, 1, 1, 2, 1, 0, 2, 0, 1, 1, 2, 1, 0, 1, 2, 0, 0, 0, 0, 0]|[0, 1, 1, 0, 1, 3, 0, 3, 1, 0, 0, 1, 3, 1, 0, 3, 3, 3, 3, 3]|[1, 1, 1, 0, 1, 0, 1, 2, 0, 1, 0, 1, 0, 1, 1, 2, 0, 0, 2, 0];[19, 6, 10, 15, 11, 8, 3, 5, 9, 13, 2, 17, 4, 7, 14, 12, 18, 0, 16, 1]|[2, 1, 1, 2, 1, 2, 1, 2, 1, 1, 0, 0, 2, 1, 0, 0, 0, 0, 0, 0]|[0, 1, 1, 0, 1, 0, 0, 0, 0, 1, 3, 3, 0, 1, 3, 3, 3, 3, 3, 3]|[1, 1, 0, 0, 1, 1, 1, 0, 1, 0, 0, 2, 1, 1, 0, 2, 0, 0, 2, 0];[19, 6, 10, 15, 11, 8, 3, 5, 9, 13, 2, 17, 4, 7, 14, 12, 18, 0, 16, 1]|[2, 1, 1, 2, 1, 2, 1, 2, 1, 1, 0, 0, 2, 1, 0, 0, 0, 0, 0, 0]|[0, 1, 1, 0, 1, 0, 0, 0, 0, 1, 3, 3, 0, 1, 3, 3, 3, 3, 3, 3]|[1, 1, 0, 0, 1, 1, 1, 0, 1, 0, 0, 2, 1, 1, 0, 2, 0, 0, 2, 0];[1, 5, 10, 7, 19, 4, 16, 14, 0, 12, 15, 11, 17, 9, 18, 3, 13, 2, 6, 8]|[0, 1, 1, 0, 2, 2, 2, 0, 1, 1, 2, 1, 1, 0, 0, 0, 0, 2, 1, 0]|[1, 1, 0, 0, 1, 1, 0, 0, 0, 0, 0, 0, 1, 3, 3, 3, 0, 0, 1, 3]|[1, 0, 1, 2, 0, 0, 1, 2, 1, 1, 1, 1, 0, 0, 0, 2, 0, 1, 1, 0];[1, 5, 10, 7, 19, 4, 16, 14, 0, 12, 15, 11, 17, 9, 18, 3, 13, 2, 6, 8]|[0, 1, 1, 0, 2, 2, 2, 0, 1, 1, 2, 1, 1, 0, 0, 0, 0, 2, 1, 0]|[1, 1, 0, 0, 1, 1, 0, 0, 0, 0, 0, 0, 1, 3, 3, 3, 0, 0, 1, 3]|[1, 0, 1, 2, 0, 0, 1, 2, 1, 1, 1, 1, 0, 0, 0, 2, 0, 1, 1, 0];[6, 10, 15, 11, 12, 14, 8, 13, 16, 9, 17, 3, 18, 5, 0, 1, 4, 19, 2, 7]|[1, 1, 2, 1, 0, 0, 1, 1, 2, 1, 2, 0, 0, 0, 0, 0, 2, 2, 1, 0]|[1, 1, 1, 0, 3, 0, 0, 0, 0, 0, 0, 3, 1, 3, 0, 0, 0, 0, 1, 3]|[0, 0, 0, 1, 2, 1, 1, 1, 1, 1, 0, 0, 0, 2, 2, 1, 1, 1, 1, 0];[19, 4, 5, 15, 11, 2, 17, 8, 13, 7, 9, 1, 3, 12, 10, 6, 16, 18, 0, 14]|[2, 1, 1, 2, 1, 2, 0, 0, 1, 2, 1, 0, 0, 0, 1, 1, 2, 0, 0, 0]|[0, 1, 1, 0, 1, 0, 3, 3, 1, 0, 1, 3, 3, 3, 1, 1, 0, 3, 3, 3]|[1, 1, 1, 0, 1, 1, 0, 2, 1, 0, 1, 0, 0, 2, 1, 1, 1, 0, 2, 0];[19, 4, 5, 15, 11, 2, 17, 8, 13, 7, 9, 1, 3, 12, 10, 6, 16, 18, 0, 14]|[2, 1, 1, 2, 1, 2, 0, 0, 1, 2, 1, 0, 0, 0, 1, 1, 2, 0, 0, 0]|[0, 1, 1, 0, 1, 0, 3, 3, 1, 0, 1, 3, 3, 3, 1, 1, 0, 3, 3, 3]|[1, 1, 1, 0, 1, 1, 0, 2, 1, 0, 1, 0, 0, 2, 1, 1, 1, 0, 2, 0];[19, 5, 10, 15, 11, 6, 3, 17, 16, 13, 2, 14, 7, 18, 9, 1, 0, 4, 8, 12]|[2, 1, 1, 2, 1, 0, 0, 1, 2, 1, 2, 0, 0, 0, 0, 0, 0, 2, 1, 0]|[0, 1, 1, 0, 1, 3, 3, 1, 0, 1, 0, 3, 3, 3, 3, 3, 3, 0, 1, 3]|[1, 1, 0, 1, 1, 0, 2, 0, 0, 1, 1, 0, 2, 0, 0, 2, 0, 1, 1, 0];[1, 19, 15, 16, 18, 0, 12, 8, 11, 6, 14, 10, 9, 13, 4, 7, 5, 3, 2, 17]|[0, 2, 2, 1, 0, 2, 0, 0, 1, 1, 2, 1, 1, 1, 0, 0, 2, 2, 1, 0]|[0, 0, 0, 1, 3, 0, 0, 3, 1, 1, 0, 1, 1, 1, 3, 3, 0, 0, 1, 3]|[0, 1, 0, 1, 0, 1, 2, 2, 1, 1, 0, 1, 1, 1, 0, 2, 1, 1, 1, 0];[1, 19, 15, 16, 18, 0, 12, 8, 11, 6, 14, 10, 9, 13, 4, 7, 5, 3, 2, 17]|[0, 2, 2, 1, 0, 2, 0, 0, 1, 1, 2, 1, 1, 1, 0, 0, 2, 2, 1, 0]|[0, 0, 0, 1, 3, 0, 0, 3, 1, 1, 0, 1, 1, 1, 3, 3, 0, 0, 1, 3]|[0, 1, 0, 1, 0, 1, 2, 2, 1, 1, 0, 1, 1, 1, 0, 2, 1, 1, 1, 0];[19, 6, 10, 15, 11, 2, 5, 17, 9, 13, 3, 16, 4, 0, 18, 7, 12, 14, 8, 1]|[2, 1, 1, 2, 1, 0, 0, 1, 1, 1, 2, 2, 1, 2, 0, 0, 0, 0, 0, 0]|[0, 1, 0, 0, 1, 3, 3, 0, 0, 1, 0, 0, 1, 0, 3, 3, 3, 3, 3, 3]|[1, 1, 0, 0, 1, 0, 2, 1, 1, 0, 1, 1, 1, 1, 0, 0, 0, 0, 2, 0];[1, 19, 4, 2, 8, 0, 12, 15, 11, 6, 13, 17, 14, 5, 18, 7, 16, 10, 3, 9]|[0, 2, 1, 2, 0, 2, 0, 2, 1, 1, 1, 1, 1, 0, 0, 0, 2, 1, 0, 0]|[3, 0, 1, 0, 3, 0, 3, 0, 1, 1, 1, 1, 1, 3, 3, 3, 0, 1, 3, 3]|[0, 1, 1, 0, 2, 1, 2, 0, 1, 1, 1, 1, 1, 0, 2, 0, 1, 1, 0, 2];[1, 19, 4, 2, 8, 0, 12, 15, 11, 6, 13, 17, 14, 5, 18, 7, 16, 10, 3, 9]|[0, 2, 1, 2, 0, 2, 0, 2, 1, 1, 1, 1, 1, 0, 0, 0, 2, 1, 0, 0]|[3, 0, 1, 0, 3, 0, 3, 0, 1, 1, 1, 1, 1, 3, 3, 3, 0, 1, 3, 3]|[0, 1, 1, 0, 2, 1, 2, 0, 1, 1, 1, 1, 1, 0, 2, 0, 1, 1, 0, 2];[19, 15, 11, 2, 8, 7, 12, 6, 9, 17, 3, 5, 4, 14, 18, 10, 1, 0, 13, 16]|[2, 2, 1, 1, 2, 0, 0, 0, 0, 1, 1, 2, 0, 0, 0, 0, 0, 0, 1, 2]|[0, 1, 1, 0, 0, 3, 3, 3, 3, 1, 0, 0, 3, 3, 3, 3, 3, 3, 1, 0]|[1, 1, 1, 1, 0, 0, 2, 0, 0, 1, 0, 0, 2, 0, 0, 2, 0, 0, 1, 1];[19, 15, 4, 12, 16, 7, 10, 14, 2, 9, 17, 6, 8, 18, 5, 13, 1, 11, 3, 0]|[2, 2, 1, 0, 2, 0, 1, 1, 2, 1, 1, 1, 0, 0, 0, 2, 2, 1, 0, 0]|[0, 0, 1, 3, 0, 1, 0, 0, 0, 0, 1, 1, 0, 3, 2, 1, 1, 0, 3, 3]|[1, 1, 1, 0, 1, 2, 1, 1, 0, 1, 0, 0, 0, 1, 2, 1, 1, 1, 0, 2];[12, 19, 5, 10, 15, 11, 14, 18, 3, 16, 17, 2, 0, 4, 9, 6, 1, 13, 7, 8]|[0, 2, 1, 1, 0, 1, 0, 0, 2, 2, 1, 2, 1, 2, 1, 1, 0, 0, 0, 0]|[3, 0, 0, 1, 2, 0, 1, 0, 0, 0, 1, 1, 0, 0, 0, 1, 0, 3, 3, 3]|[0, 1, 1, 0, 1, 1, 2, 0, 0, 1, 1, 1, 1, 0, 1, 0, 0, 2, 1, 0];[12, 19, 5, 10, 15, 11, 14, 18, 3, 16, 17, 2, 0, 4, 9, 6, 1, 13, 7, 8]|[0, 2, 1, 1, 0, 1, 0, 0, 2, 2, 1, 2, 1, 2, 1, 1, 0, 0, 0, 0]|[3, 0, 0, 1, 2, 0, 1, 0, 0, 0, 1, 1, 0, 0, 0, 1, 0, 3, 3, 3]|[0, 1, 1, 0, 1, 1, 2, 0, 0, 1, 1, 1, 1, 0, 1, 0, 0, 2, 1, 0];[18, 19, 4, 6, 15, 10, 1, 14, 16, 5, 17, 12, 9, 11, 7, 2, 13, 3, 0, 8]|[0, 2, 1, 1, 0, 1, 0, 2, 2, 0, 1, 1, 2, 1, 2, 2, 2, 2, 1, 0]|[3, 0, 1, 1, 1, 1, 0, 0, 1, 3, 1, 0, 0, 0, 0, 1, 1, 0, 1, 3]|[1, 1, 1, 1, 2, 1, 0, 0, 1, 0, 0, 1, 0, 1, 0, 1, 0, 1, 1, 0];[18, 19, 4, 6, 15, 10, 1, 14, 16, 5, 17, 12, 9, 11, 7, 2, 13, 3, 0, 8]|[0, 2, 1, 1, 0, 1, 0, 2, 2, 0, 1, 1, 2, 1, 2, 2, 2, 2, 1, 0]|[3, 0, 1, 1, 1, 1, 0, 0, 1, 3, 1, 0, 0, 0, 0, 1, 1, 0, 1, 3]|[1, 1, 1, 1, 2, 1, 0, 0, 1, 0, 0, 1, 0, 1, 0, 1, 0, 1, 1, 0];[19, 16, 10, 11, 12, 6, 13, 9, 8, 17, 0, 4, 15, 18, 5, 14, 2, 7, 1, 3]|[2, 1, 0, 1, 0, 2, 0, 0, 0, 0, 0, 1, 2, 0, 0, 2, 1, 1, 0, 2]|[0, 1, 3, 0, 3, 0, 3, 3, 3, 3, 3, 1, 1, 3, 3, 0, 1, 0, 3, 0]|[1, 1, 0, 0, 2, 0, 0, 1, 0, 2, 0, 1, 1, 2, 0, 0, 1, 0, 0, 1];[19, 6, 10, 15, 11, 5, 17, 3, 16, 9, 14, 1, 0, 18, 2, 12, 4, 13, 7, 8]|[2, 1, 1, 2, 1, 1, 0, 0, 1, 2, 0, 0, 2, 0, 2, 0, 0, 0, 0, 0]|[0, 1, 1, 0, 1, 0, 3, 3, 1, 0, 3, 3, 0, 3, 0, 3, 3, 3, 3, 3]|[0, 1, 0, 0, 1, 0, 0, 2, 1, 1, 0, 1, 1, 2, 0, 0, 0, 2, 0, 0];[19, 6, 17, 15, 11, 14, 0, 3, 16, 2, 12, 4, 13, 9, 10, 5, 18, 1, 7, 8]|[2, 1, 0, 2, 1, 2, 1, 0, 1, 1, 0, 0, 0, 0, 0, 2, 0, 0, 0, 2]|[0, 1, 3, 1, 1, 0, 1, 3, 0, 0, 3, 3, 3, 3, 3, 0, 3, 3, 3, 0]|[1, 1, 0, 0, 1, 0, 1, 0, 0, 1, 2, 0, 0, 0, 2, 1, 0, 2, 0, 0];[19, 6, 10, 15, 11, 0, 2, 8, 1, 17, 5, 9, 13, 12, 18, 3, 16, 4, 7, 14]|[2, 1, 1, 2, 1, 2, 0, 0, 0, 1, 2, 1, 1, 0, 0, 0, 0, 2, 1, 0]|[0, 1, 1, 0, 1, 0, 3, 3, 3, 1, 0, 0, 1, 3, 3, 3, 3, 0, 1, 3]|[1, 1, 0, 0, 1, 1, 0, 2, 0, 1, 0, 1, 0, 2, 0, 0, 2, 1, 1, 0];[19, 6, 10, 15, 11, 0, 2, 8, 1, 17, 5, 9, 13, 12, 18, 3, 16, 4, 7, 14]|[2, 1, 1, 2, 1, 2, 0, 0, 0, 1, 2, 1, 1, 0, 0, 0, 0, 2, 1, 0]|[0, 1, 1, 0, 1, 0, 3, 3, 3, 1, 0, 0, 1, 3, 3, 3, 3, 0, 1, 3]|[1, 1, 0, 0, 1, 1, 0, 2, 0, 1, 0, 1, 0, 2, 0, 0, 2, 1, 1, 0];[12, 19, 10, 11, 18, 8, 0, 1, 13, 14, 7, 17, 5, 2, 3, 4, 15, 16, 6, 9]|[0, 2, 1, 1, 0, 0, 2, 0, 1, 2, 1, 1, 0, 0, 2, 2, 2, 1, 1, 0]|[3, 0, 1, 1, 3, 0, 1, 3, 1, 0, 0, 1, 3, 3, 0, 0, 0, 1, 1, 3]|[0, 0, 1, 1, 0, 2, 1, 1, 1, 1, 1, 0, 0, 2, 0, 1, 1, 1, 1, 0];[19, 8, 18, 11, 15, 5, 14, 17, 12, 9, 10, 7, 1, 16, 13, 6, 4, 0, 2, 3]|[2, 2, 1, 1, 2, 0, 2, 1, 0, 0, 0, 0, 0, 1, 0, 0, 1, 0, 0, 2]|[0, 0, 1, 1, 0, 3, 0, 0, 3, 3, 3, 3, 3, 1, 3, 3, 0, 3, 3, 0]|[1, 0, 0, 1, 0, 0, 1, 1, 2, 0, 0, 2, 0, 0, 2, 0, 1, 0, 2, 0];[16, 14, 15, 17, 5, 11, 19, 2, 10, 7, 6, 12, 3, 13, 1, 0, 4, 8, 9, 18]|[2, 0, 2, 1, 1, 1, 2, 1, 1, 2, 1, 0, 0, 0, 0, 0, 2, 2, 1, 0]|[1, 1, 0, 1, 1, 1, 0, 0, 0, 1, 1, 0, 3, 3, 3, 3, 0, 0, 0, 3]|[0, 2, 1, 1, 1, 1, 1, 0, 0, 1, 1, 1, 0, 0, 1, 2, 0, 0, 1, 0];[16, 14, 15, 17, 5, 11, 19, 2, 10, 7, 6, 12, 3, 13, 1, 0, 4, 8, 9, 18]|[2, 0, 2, 1, 1, 1, 2, 1, 1, 2, 1, 0, 0, 0, 0, 0, 2, 2, 1, 0]|[1, 1, 0, 1, 1, 1, 0, 0, 0, 1, 1, 0, 3, 3, 3, 3, 0, 0, 0, 3]|[0, 2, 1, 1, 1, 1, 1, 0, 0, 1, 1, 1, 0, 0, 1, 2, 0, 0, 1, 0];[1, 19, 3, 15, 11, 18, 14, 2, 12, 5, 4, 10, 9, 6, 13, 0, 16, 17, 8, 7]|[0, 2, 1, 2, 1, 0, 0, 2, 0, 1, 2, 1, 1, 1, 0, 1, 2, 2, 0, 0]|[0, 1, 1, 0, 0, 3, 1, 1, 3, 1, 0, 0, 0, 1, 3, 1, 0, 1, 3, 0]|[0, 1, 1, 0, 0, 1, 2, 1, 0, 1, 0, 1, 1, 0, 0, 1, 1, 0, 2, 0];[1, 19, 3, 15, 11, 18, 14, 2, 12, 5, 4, 10, 9, 6, 13, 0, 16, 17, 8, 7]|[0, 2, 1, 2, 1, 0, 0, 2, 0, 1, 2, 1, 1, 1, 0, 1, 2, 2, 0, 0]|[0, 1, 1, 0, 0, 3, 1, 1, 3, 1, 0, 0, 0, 1, 3, 1, 0, 1, 3, 0]|[0, 1, 1, 0, 0, 1, 2, 1, 0, 1, 0, 1, 1, 0, 0, 1, 1, 0, 2, 0]	sBp=[1, 19, 6, 10, 15, 11, 18, 8, 4, 7, 13, 9, 12, 0, 14, 17, 3, 16, 5, 2]|[0, 2, 1, 1, 2, 1, 0, 0, 2, 0, 1, 2, 1, 1, 0, 0, 0, 2, 1, 0]|[3, 0, 1, 1, 0, 1, 1, 0, 0, 0, 0, 0, 0, 1, 3, 3, 3, 0, 1, 3]|[1, 1, 1, 0, 0, 1, 0, 2, 1, 2, 1, 0, 1, 0, 0, 2, 0, 1, 1, 0];[1, 19, 6, 15, 10, 11, 18, 0, 4, 12, 17, 14, 13, 9, 8, 16, 3, 5, 2, 7]|[0, 2, 1, 1, 2, 1, 0, 0, 2, 0, 1, 2, 1, 1, 0, 0, 0, 2, 1, 0]|[3, 0, 1, 1, 0, 1, 0, 0, 0, 0, 0, 0, 0, 1, 3, 3, 0, 0, 1, 3]|[1, 1, 1, 0, 0, 1, 0, 2, 1, 1, 1, 0, 1, 0, 0, 2, 0, 1, 1, 0];[1, 19, 6, 10, 15, 11, 18, 8, 2, 7, 13, 12, 9, 17, 4, 14, 0, 16, 5, 3]|[0, 2, 1, 1, 2, 1, 0, 0, 2, 0, 1, 2, 1, 1, 0, 0, 0, 2, 1, 0]|[3, 0, 1, 1, 0, 1, 1, 0, 0, 0, 0, 0, 0, 1, 3, 3, 0, 0, 1, 3]|[1, 1, 1, 0, 0, 1, 0, 2, 1, 2, 1, 0, 1, 0, 0, 2, 0, 1, 1, 0];[1, 19, 6, 10, 15, 11, 18, 14, 5, 7, 13, 0, 16, 17, 12, 2, 8, 4, 3, 9]|[0, 2, 1, 1, 2, 1, 0, 0, 2, 0, 1, 2, 1, 1, 0, 0, 0, 2, 1, 0]|[3, 0, 1, 1, 0, 1, 1, 0, 0, 0, 1, 0, 0, 1, 3, 3, 3, 0, 1, 3]|[1, 1, 1, 1, 0, 1, 0, 2, 1, 1, 1, 0, 1, 0, 0, 2, 0, 1, 1, 0];[1, 19, 6, 10, 15, 11, 18, 8, 0, 7, 13, 2, 9, 17, 3, 12, 14, 4, 16, 5]|[0, 2, 1, 1, 2, 1, 0, 0, 2, 0, 1, 2, 1, 1, 0, 0, 0, 2, 1, 0]|[3, 0, 1, 1, 0, 1, 1, 0, 0, 0, 0, 0, 0, 1, 3, 3, 3, 0, 1, 3]|[1, 1, 1, 0, 0, 1, 0, 2, 1, 2, 1, 0, 1, 0, 0, 2, 0, 1, 1, 0];[1, 19, 6, 10, 15, 11, 18, 8, 0, 12, 13, 2, 9, 17, 3, 5, 14, 16, 4, 7]|[0, 2, 1, 1, 2, 1, 0, 0, 2, 0, 1, 2, 1, 1, 0, 0, 0, 2, 1, 0]|[3, 0, 1, 1, 0, 1, 1, 0, 0, 0, 0, 0, 0, 1, 3, 3, 3, 0, 1, 3]|[1, 1, 1, 0, 0, 1, 0, 2, 1, 2, 1, 0, 1, 0, 0, 2, 0, 0, 1, 0];[1, 19, 10, 8, 4, 9, 16, 2, 12, 5, 18, 14, 3, 6, 11, 15, 13, 7, 0, 17]|[0, 2, 0, 2, 1, 0, 2, 1, 1, 2, 0, 0, 0, 0, 0, 1, 0, 0, 0, 2]|[2, 0, 3, 1, 1, 0, 0, 0, 0, 0, 0, 3, 0, 3, 0, 0, 0, 1, 0, 0]|[1, 1, 2, 1, 1, 1, 0, 1, 1, 0, 2, 0, 1, 0, 2, 1, 0, 0, 1, 1];[1, 19, 10, 8, 4, 9, 16, 2, 12, 5, 18, 14, 3, 6, 11, 15, 13, 7, 0, 17]|[0, 2, 0, 2, 1, 0, 2, 1, 1, 2, 0, 0, 0, 0, 0, 1, 0, 0, 0, 2]|[2, 0, 3, 1, 1, 0, 0, 0, 0, 0, 0, 3, 0, 3, 0, 0, 0, 1, 0, 0]|[1, 1, 2, 1, 1, 1, 0, 1, 1, 0, 2, 0, 1, 0, 2, 1, 0, 0, 1, 1];[1, 19, 6, 10, 15, 11, 18, 8, 4, 12, 17, 2, 9, 13, 3, 5, 14, 7, 16, 0]|[0, 2, 1, 1, 2, 1, 0, 0, 2, 0, 1, 2, 1, 1, 0, 0, 0, 2, 1, 0]|[3, 0, 1, 1, 0, 1, 1, 0, 0, 0, 0, 0, 0, 1, 3, 3, 0, 0, 1, 3]|[1, 1, 1, 0, 0, 1, 0, 2, 1, 2, 1, 0, 1, 0, 0, 2, 1, 1, 1, 0];[6, 19, 5, 10, 8, 4, 16, 2, 12, 1, 14, 17, 3, 7, 0, 13, 11, 9, 18, 15]|[0, 2, 2, 0, 2, 1, 2, 1, 1, 0, 1, 0, 0, 0, 0, 0, 0, 0, 0, 2]|[3, 0, 0, 0, 1, 1, 0, 1, 0, 3, 1, 0, 0, 0, 1, 0, 0, 0, 0, 0]|[2, 1, 0, 0, 1, 1, 1, 1, 1, 0, 0, 1, 2, 0, 0, 1, 2, 1, 2, 1];[6, 19, 5, 10, 8, 4, 16, 2, 12, 1, 14, 17, 3, 7, 0, 13, 11, 9, 18, 15]|[0, 2, 2, 0, 2, 1, 2, 1, 1, 0, 1, 0, 0, 0, 0, 0, 0, 0, 0, 2]|[3, 0, 0, 0, 1, 1, 0, 1, 0, 3, 1, 0, 0, 0, 1, 0, 0, 0, 0, 0]|[2, 1, 0, 0, 1, 1, 1, 1, 1, 0, 0, 1, 2, 0, 0, 1, 2, 1, 2, 1];[1, 4, 16, 11, 14, 2, 7, 8, 12, 17, 9, 10, 5, 13, 18, 3, 19, 15, 6, 0]|[0, 1, 2, 1, 0, 2, 0, 2, 1, 1, 1, 1, 0, 0, 0, 2, 2, 2, 1, 0]|[3, 1, 1, 1, 0, 1, 0, 0, 0, 0, 1, 1, 3, 3, 0, 0, 0, 0, 1, 3]|[1, 1, 1, 1, 2, 1, 2, 0, 1, 1, 0, 1, 0, 2, 0, 0, 1, 1, 1, 2];[1, 4, 16, 11, 14, 2, 7, 8, 12, 17, 9, 10, 5, 13, 18, 3, 19, 15, 6, 0]|[0, 1, 2, 1, 0, 2, 0, 2, 1, 1, 1, 1, 0, 0, 0, 2, 2, 2, 1, 0]|[3, 1, 1, 1, 0, 1, 0, 0, 0, 0, 1, 1, 3, 3, 0, 0, 0, 0, 1, 3]|[1, 1, 1, 1, 2, 1, 2, 0, 1, 1, 0, 1, 0, 2, 0, 0, 1, 1, 1, 2];[1, 19, 5, 10, 15, 11, 18, 14, 2, 7, 13, 16, 9, 17, 6, 3, 0, 4, 8, 12]|[0, 2, 1, 1, 2, 1, 0, 0, 2, 0, 1, 2, 0, 1, 0, 0, 0, 2, 1, 0]|[3, 0, 1, 1, 0, 1, 0, 0, 0, 0, 1, 0, 3, 1, 3, 3, 0, 0, 1, 3]|[1, 1, 1, 0, 1, 1, 0, 2, 1, 2, 1, 0, 1, 0, 0, 2, 0, 1, 1, 1];[9, 2, 6, 11, 8, 4, 1, 16, 19, 12, 10, 5, 17, 14, 3, 7, 13, 18, 0, 15]|[0, 2, 0, 0, 2, 1, 0, 2, 1, 1, 0, 2, 0, 0, 1, 0, 0, 0, 0, 2]|[0, 0, 3, 0, 1, 1, 3, 0, 1, 0, 0, 0, 0, 3, 0, 0, 2, 0, 0, 0]|[1, 1, 0, 2, 1, 1, 1, 0, 1, 1, 2, 0, 1, 0, 0, 0, 1, 2, 0, 1];[9, 2, 6, 11, 8, 4, 1, 16, 19, 12, 10, 5, 17, 14, 3, 7, 13, 18, 0, 15]|[0, 2, 0, 0, 2, 1, 0, 2, 1, 1, 0, 2, 0, 0, 1, 0, 0, 0, 0, 2]|[0, 0, 3, 0, 1, 1, 3, 0, 1, 0, 0, 0, 0, 3, 0, 0, 2, 0, 0, 0]|[1, 1, 0, 2, 1, 1, 1, 0, 1, 1, 2, 0, 1, 0, 0, 0, 1, 2, 0, 1];[19, 5, 15, 16, 18, 1, 4, 7, 14, 13, 10, 2, 9, 12, 0, 11, 6, 8, 17, 3]|[2, 1, 2, 1, 0, 0, 2, 0, 0, 1, 1, 2, 1, 0, 0, 1, 1, 2, 0, 0]|[0, 1, 0, 1, 3, 3, 0, 0, 3, 1, 1, 0, 1, 3, 3, 1, 1, 0, 3, 3]|[1, 1, 0, 1, 0, 0, 1, 2, 2, 1, 1, 0, 1, 0, 0, 1, 1, 1, 0, 2];[6, 19, 13, 1, 4, 7, 8, 16, 2, 12, 0, 10, 9, 17, 14, 5, 11, 3, 18, 15]|[0, 2, 0, 0, 2, 1, 0, 2, 1, 1, 0, 2, 0, 0, 0, 1, 0, 0, 0, 2]|[0, 1, 3, 3, 1, 1, 0, 0, 1, 0, 0, 0, 0, 3, 2, 0, 3, 0, 0, 0]|[0, 1, 2, 1, 1, 1, 2, 0, 1, 1, 1, 0, 1, 0, 1, 1, 0, 0, 2, 0];[1, 19, 6, 10, 15, 11, 18, 8, 2, 7, 17, 14, 4, 3, 9, 12, 13, 16, 5, 0]|[0, 2, 1, 1, 2, 1, 0, 0, 2, 0, 1, 2, 1, 1, 0, 0, 0, 2, 1, 0]|[3, 0, 1, 1, 0, 1, 0, 0, 0, 0, 1, 0, 0, 1, 3, 3, 3, 0, 1, 3]|[1, 1, 1, 0, 0, 1, 0, 2, 1, 2, 1, 0, 1, 0, 0, 2, 0, 1, 1, 0];[1, 19, 2, 17, 18, 4, 12, 11, 15, 10, 6, 9, 13, 3, 5, 14, 7, 16, 0, 8]|[0, 2, 2, 1, 0, 2, 0, 1, 2, 1, 2, 1, 1, 0, 0, 0, 1, 1, 0, 0]|[3, 0, 0, 0, 1, 0, 0, 1, 0, 1, 0, 0, 1, 3, 3, 0, 0, 1, 3, 0]|[1, 1, 0, 1, 0, 1, 2, 1, 0, 1, 1, 1, 0, 0, 2, 1, 1, 1, 0, 2];[1, 19, 6, 10, 15, 11, 18, 8, 0, 12, 17, 2, 9, 13, 14, 5, 3, 16, 4, 7]|[0, 2, 1, 1, 2, 1, 0, 0, 2, 0, 1, 2, 1, 1, 0, 0, 0, 2, 1, 0]|[3, 0, 1, 0, 0, 1, 1, 0, 0, 0, 0, 0, 0, 1, 3, 3, 3, 0, 1, 3]|[1, 1, 1, 0, 0, 1, 0, 2, 1, 2, 1, 0, 1, 0, 0, 0, 0, 1, 1, 0];[1, 5, 19, 2, 18, 17, 10, 12, 4, 8, 15, 9, 13, 7, 16, 3, 14, 6, 11, 0]|[0, 1, 2, 2, 2, 1, 1, 0, 2, 0, 2, 1, 1, 0, 0, 0, 2, 1, 1, 0]|[3, 1, 1, 0, 0, 1, 1, 0, 0, 0, 0, 0, 1, 3, 3, 3, 0, 1, 1, 3]|[1, 1, 1, 0, 1, 1, 1, 2, 1, 2, 1, 1, 0, 0, 0, 2, 0, 1, 1, 0];[19, 6, 10, 8, 4, 9, 1, 16, 2, 12, 11, 5, 14, 17, 13, 15, 7, 0, 18, 3]|[2, 0, 0, 2, 1, 0, 0, 2, 1, 1, 0, 2, 0, 0, 0, 1, 0, 0, 0, 2]|[0, 3, 0, 1, 1, 0, 3, 0, 1, 0, 0, 0, 0, 3, 0, 0, 2, 0, 0, 0]|[1, 2, 0, 1, 1, 1, 0, 0, 1, 1, 2, 0, 0, 1, 1, 0, 2, 0, 1, 0];[1, 2, 6, 10, 8, 4, 9, 16, 19, 12, 11, 5, 18, 14, 17, 3, 0, 7, 13, 15]|[0, 2, 0, 0, 2, 1, 0, 2, 1, 1, 0, 2, 0, 0, 0, 1, 0, 0, 0, 2]|[3, 0, 3, 0, 1, 1, 0, 0, 1, 0, 0, 0, 0, 3, 0, 0, 0, 0, 2, 0]|[1, 1, 0, 2, 1, 1, 2, 0, 1, 1, 2, 0, 2, 0, 1, 0, 0, 0, 1, 1];[19, 6, 10, 8, 4, 9, 1, 16, 2, 12, 11, 5, 14, 17, 13, 15, 7, 0, 18, 3]|[2, 0, 0, 2, 1, 0, 0, 2, 1, 1, 0, 2, 0, 0, 0, 1, 0, 0, 0, 2]|[0, 3, 0, 1, 1, 0, 3, 0, 1, 0, 0, 0, 0, 3, 0, 0, 2, 0, 0, 0]|[1, 2, 0, 1, 1, 1, 0, 0, 1, 1, 2, 0, 0, 1, 1, 0, 2, 0, 1, 0];[1, 2, 6, 10, 8, 4, 9, 16, 19, 12, 11, 5, 18, 14, 17, 3, 0, 7, 13, 15]|[0, 2, 0, 0, 2, 1, 0, 2, 1, 1, 0, 2, 0, 0, 0, 1, 0, 0, 0, 2]|[3, 0, 3, 0, 1, 1, 0, 0, 1, 0, 0, 0, 0, 3, 0, 0, 0, 0, 2, 0]|[1, 1, 0, 2, 1, 1, 2, 0, 1, 1, 2, 0, 2, 0, 1, 0, 0, 0, 1, 1];[1, 19, 5, 15, 4, 16, 14, 10, 7, 17, 2, 8, 18, 11, 12, 3, 9, 13, 6, 0]|[0, 2, 1, 2, 1, 0, 2, 1, 1, 1, 2, 0, 0, 1, 0, 0, 2, 2, 1, 0]|[3, 0, 1, 0, 1, 3, 0, 1, 1, 1, 0, 0, 3, 1, 3, 3, 1, 0, 1, 3]|[1, 1, 1, 0, 1, 0, 1, 1, 1, 1, 1, 2, 0, 1, 0, 2, 0, 1, 1, 0];[1, 19, 5, 15, 4, 16, 14, 10, 7, 17, 2, 8, 18, 11, 12, 3, 9, 13, 6, 0]|[0, 2, 1, 2, 1, 0, 2, 1, 1, 1, 2, 0, 0, 1, 0, 0, 2, 2, 1, 0]|[3, 0, 1, 0, 1, 3, 0, 1, 1, 1, 0, 0, 3, 1, 3, 3, 1, 0, 1, 3]|[1, 1, 1, 0, 1, 0, 1, 1, 1, 1, 1, 2, 0, 1, 0, 2, 0, 1, 1, 0];[1, 19, 6, 10, 15, 11, 18, 16, 2, 12, 4, 5, 9, 3, 13, 17, 8, 7, 0, 14]|[0, 2, 0, 0, 2, 1, 0, 2, 1, 1, 0, 2, 0, 0, 0, 1, 0, 0, 0, 2]|[3, 0, 3, 0, 1, 1, 0, 0, 1, 0, 0, 0, 0, 3, 0, 0, 2, 0, 0, 0]|[0, 1, 0, 2, 1, 1, 1, 0, 1, 1, 2, 0, 2, 0, 1, 1, 0, 0, 1, 1];[1, 19, 6, 10, 15, 11, 18, 16, 2, 12, 4, 5, 9, 3, 13, 17, 8, 7, 0, 14]|[0, 2, 0, 0, 2, 1, 0, 2, 1, 1, 0, 2, 0, 0, 0, 1, 0, 0, 0, 2]|[3, 0, 3, 0, 1, 1, 0, 0, 1, 0, 0, 0, 0, 3, 0, 0, 2, 0, 0, 0]|[0, 1, 0, 2, 1, 1, 1, 0, 1, 1, 2, 0, 2, 0, 1, 1, 0, 0, 1, 1];[1, 19, 6, 10, 15, 11, 18, 0, 8, 12, 3, 5, 9, 13, 17, 16, 2, 4, 7, 14]|[0, 2, 1, 1, 2, 1, 0, 0, 2, 0, 1, 2, 1, 1, 0, 0, 0, 2, 1, 0]|[3, 0, 1, 1, 0, 1, 1, 0, 0, 0, 0, 0, 0, 1, 3, 3, 3, 0, 1, 3]|[1, 1, 1, 0, 0, 1, 0, 2, 1, 2, 1, 0, 1, 0, 0, 2, 0, 1, 1, 0];[1, 19, 5, 10, 15, 11, 18, 14, 4, 7, 13, 8, 9, 17, 3, 6, 2, 12, 16, 0]|[0, 2, 1, 1, 2, 1, 0, 0, 2, 0, 1, 2, 1, 1, 0, 0, 0, 2, 1, 0]|[3, 0, 1, 1, 0, 1, 0, 0, 0, 0, 1, 0, 0, 1, 3, 3, 0, 0, 1, 3]|[1, 1, 1, 0, 0, 1, 0, 2, 1, 2, 1, 0, 1, 0, 0, 2, 0, 1, 1, 0];[11, 19, 6, 8, 4, 9, 16, 2, 12, 1, 5, 18, 15, 14, 3, 17, 0, 7, 10, 13]|[0, 2, 0, 2, 1, 0, 2, 1, 1, 0, 2, 0, 0, 0, 1, 0, 0, 0, 0, 2]|[0, 0, 3, 1, 1, 0, 0, 1, 0, 3, 0, 0, 3, 0, 0, 3, 3, 0, 2, 0]|[2, 1, 0, 1, 1, 0, 0, 1, 1, 1, 0, 2, 0, 1, 1, 0, 2, 0, 2, 1];[11, 19, 6, 8, 4, 9, 16, 2, 12, 1, 5, 18, 15, 14, 3, 17, 0, 7, 10, 13]|[0, 2, 0, 2, 1, 0, 2, 1, 1, 0, 2, 0, 0, 0, 1, 0, 0, 0, 0, 2]|[0, 0, 3, 1, 1, 0, 0, 1, 0, 3, 0, 0, 3, 0, 0, 3, 3, 0, 2, 0]|[2, 1, 0, 1, 1, 0, 0, 1, 1, 1, 0, 2, 0, 1, 1, 0, 2, 0, 2, 1];[1, 19, 5, 10, 15, 11, 18, 14, 4, 12, 17, 2, 7, 13, 6, 3, 9, 8, 0, 16]|[0, 2, 1, 1, 2, 1, 0, 0, 2, 0, 1, 2, 1, 1, 0, 0, 0, 2, 1, 0]|[3, 0, 1, 1, 0, 1, 0, 0, 0, 0, 0, 0, 0, 1, 3, 3, 0, 0, 1, 3]|[1, 1, 1, 0, 0, 1, 0, 2, 1, 2, 1, 0, 1, 0, 0, 2, 0, 1, 1, 0];[17, 4, 8, 11, 12, 2, 16, 1, 9, 6, 19, 5, 0, 10, 7, 13, 18, 15, 14, 3]|[0, 1, 2, 0, 1, 1, 2, 0, 0, 0, 2, 2, 0, 0, 1, 0, 0, 0, 0, 2]|[3, 1, 1, 3, 0, 0, 0, 2, 0, 3, 0, 0, 0, 3, 0, 0, 0, 0, 0, 0]|[0, 1, 1, 2, 1, 1, 0, 1, 1, 0, 1, 0, 1, 2, 1, 0, 2, 0, 1, 1];[1, 19, 6, 10, 15, 11, 18, 8, 2, 12, 4, 3, 9, 0, 16, 14, 13, 17, 5, 7]|[0, 2, 1, 1, 2, 1, 0, 0, 2, 0, 1, 2, 1, 1, 0, 0, 0, 2, 1, 0]|[3, 0, 1, 1, 0, 1, 0, 0, 0, 0, 1, 0, 0, 1, 3, 3, 3, 0, 1, 3]|[1, 1, 1, 0, 1, 1, 0, 2, 1, 2, 1, 0, 1, 0, 0, 2, 0, 1, 1, 0];[19, 6, 10, 15, 11, 14, 16, 5, 4, 9, 2, 13, 8, 12, 3, 17, 0, 7, 18, 1]|[2, 1, 1, 2, 1, 2, 1, 0, 1, 1, 2, 2, 2, 0, 0, 0, 0, 0, 0, 0]|[0, 1, 1, 0, 1, 0, 1, 3, 1, 0, 0, 1, 0, 3, 3, 3, 3, 3, 3, 3]|[1, 1, 0, 0, 1, 1, 1, 0, 0, 1, 0, 1, 1, 2, 0, 2, 0, 2, 0, 0];[17, 4, 8, 11, 12, 2, 16, 1, 9, 6, 19, 5, 0, 10, 7, 13, 18, 15, 14, 3]|[0, 1, 2, 0, 1, 1, 2, 0, 0, 0, 2, 2, 0, 0, 1, 0, 0, 0, 0, 2]|[3, 1, 1, 3, 0, 0, 0, 2, 0, 3, 0, 0, 0, 3, 0, 0, 0, 0, 0, 0]|[0, 1, 1, 2, 1, 1, 0, 1, 1, 0, 1, 0, 1, 2, 1, 0, 2, 0, 1, 1];[19, 6, 10, 8, 4, 11, 17, 16, 2, 12, 9, 5, 18, 14, 15, 3, 13, 0, 1, 7]|[2, 0, 0, 2, 1, 0, 0, 2, 1, 1, 0, 2, 0, 0, 0, 0, 1, 0, 0, 2]|[0, 3, 0, 1, 1, 0, 3, 0, 1, 0, 0, 0, 0, 3, 0, 0, 0, 3, 3, 0]|[1, 1, 0, 0, 1, 2, 1, 0, 1, 1, 0, 1, 2, 0, 1, 0, 1, 2, 1, 1];[19, 6, 10, 8, 4, 11, 17, 16, 2, 12, 9, 5, 18, 14, 15, 3, 13, 0, 1, 7]|[2, 0, 0, 2, 1, 0, 0, 2, 1, 1, 0, 2, 0, 0, 0, 0, 1, 0, 0, 2]|[0, 3, 0, 1, 1, 0, 3, 0, 1, 0, 0, 0, 0, 3, 0, 0, 0, 3, 3, 0]|[1, 1, 0, 0, 1, 2, 1, 0, 1, 1, 0, 1, 2, 0, 1, 0, 1, 2, 1, 1];[1, 19, 6, 10, 15, 11, 18, 8, 4, 12, 17, 2, 9, 13, 7, 3, 16, 14, 5, 0]|[0, 2, 1, 1, 2, 1, 0, 0, 2, 0, 1, 2, 1, 1, 0, 0, 0, 2, 1, 0]|[3, 0, 1, 1, 0, 1, 0, 0, 0, 0, 1, 0, 0, 1, 3, 3, 3, 0, 1, 3]|[1, 1, 1, 1, 0, 1, 0, 2, 1, 2, 1, 0, 1, 0, 0, 2, 0, 0, 1, 0];[1, 19, 5, 10, 15, 11, 18, 0, 2, 7, 17, 4, 13, 9, 3, 14, 16, 6, 12, 8]|[0, 2, 1, 1, 2, 1, 0, 0, 2, 0, 1, 2, 1, 1, 0, 0, 0, 2, 1, 0]|[3, 0, 1, 1, 0, 1, 2, 0, 0, 0, 1, 0, 0, 1, 3, 3, 3, 0, 1, 3]|[1, 1, 1, 0, 0, 1, 0, 2, 1, 2, 1, 0, 1, 0, 2, 2, 0, 1, 1, 0];[9, 3, 5, 10, 12, 2, 15, 13, 17, 4, 7, 11, 8, 16, 14, 6, 19, 0, 1, 18]|[0, 0, 1, 1, 1, 2, 2, 1, 0, 2, 1, 1, 0, 2, 2, 1, 0, 0, 0, 0]|[3, 3, 0, 1, 0, 0, 0, 1, 0, 0, 1, 1, 0, 0, 0, 1, 2, 3, 3, 1]|[0, 0, 1, 0, 1, 0, 0, 1, 2, 1, 1, 1, 2, 0, 1, 1, 1, 0, 0, 0];[6, 14, 16, 0, 1, 7, 13, 2, 3, 4, 8, 18, 10, 9, 15, 17, 11, 5, 19, 12]|[0, 2, 1, 0, 0, 0, 1, 2, 0, 2, 0, 0, 1, 1, 2, 1, 1, 1, 2, 0]|[3, 0, 1, 3, 3, 0, 1, 0, 3, 0, 3, 3, 1, 1, 0, 1, 1, 1, 0, 3]|[2, 1, 1, 0, 0, 2, 1, 0, 0, 1, 2, 0, 1, 1, 0, 1, 1, 1, 1, 0];[14, 19, 6, 10, 8, 4, 9, 16, 2, 12, 5, 18, 17, 1, 11, 3, 0, 7, 15, 13]|[0, 2, 0, 0, 2, 1, 0, 2, 1, 1, 2, 0, 0, 0, 0, 1, 0, 0, 0, 2]|[0, 0, 3, 3, 1, 1, 0, 0, 1, 0, 0, 0, 3, 0, 0, 0, 3, 0, 2, 0]|[1, 1, 0, 2, 1, 1, 1, 0, 1, 1, 0, 2, 0, 1, 2, 1, 0, 1, 0, 1];[19, 6, 13, 8, 4, 7, 1, 16, 2, 12, 5, 18, 17, 10, 9, 15, 3, 11, 0, 14]|[2, 0, 0, 2, 1, 0, 0, 2, 1, 1, 2, 0, 0, 0, 0, 0, 1, 0, 0, 2]|[0, 3, 3, 1, 1, 0, 0, 0, 1, 0, 0, 0, 3, 0, 0, 2, 0, 0, 0, 0]|[1, 0, 2, 1, 1, 0, 1, 0, 1, 1, 0, 2, 0, 1, 0, 0, 1, 2, 1, 1];[8, 6, 4, 9, 2, 17, 11, 15, 10, 12, 19, 7, 1, 0, 5, 16, 3, 14, 13, 18]|[2, 1, 2, 1, 1, 0, 1, 2, 1, 1, 2, 0, 0, 0, 2, 1, 0, 0, 0, 0]|[0, 1, 0, 0, 1, 3, 1, 0, 1, 0, 0, 3, 3, 3, 0, 1, 3, 3, 3, 3]|[1, 1, 0, 1, 0, 0, 1, 0, 1, 0, 1, 2, 0, 1, 1, 1, 0, 2, 0, 0];[8, 6, 4, 9, 2, 17, 11, 15, 10, 12, 19, 7, 1, 0, 5, 16, 3, 14, 13, 18]|[2, 1, 2, 1, 1, 0, 1, 2, 1, 1, 2, 0, 0, 0, 2, 1, 0, 0, 0, 0]|[0, 1, 0, 0, 1, 3, 1, 0, 1, 0, 0, 3, 3, 3, 0, 1, 3, 3, 3, 3]|[1, 1, 0, 1, 0, 0, 1, 0, 1, 0, 1, 2, 0, 1, 1, 1, 0, 2, 0, 0];[19, 6, 13, 8, 4, 7, 1, 16, 2, 12, 5, 18, 17, 10, 9, 15, 3, 11, 0, 14]|[2, 0, 0, 2, 1, 0, 0, 2, 1, 1, 2, 0, 0, 0, 0, 0, 1, 0, 0, 2]|[0, 3, 3, 1, 1, 0, 0, 0, 1, 0, 0, 0, 3, 0, 0, 2, 0, 0, 0, 0]|[1, 0, 2, 1, 1, 0, 1, 0, 1, 1, 0, 2, 0, 1, 0, 0, 1, 2, 1, 1];[14, 19, 6, 10, 8, 4, 9, 16, 2, 12, 5, 18, 17, 1, 11, 3, 0, 7, 15, 13]|[0, 2, 0, 0, 2, 1, 0, 2, 1, 1, 2, 0, 0, 0, 0, 1, 0, 0, 0, 2]|[0, 0, 3, 3, 1, 1, 0, 0, 1, 0, 0, 0, 3, 0, 0, 0, 3, 0, 2, 0]|[1, 1, 0, 2, 1, 1, 1, 0, 1, 1, 0, 2, 0, 1, 2, 1, 0, 1, 0, 1];[19, 15, 10, 2, 4, 17, 14, 13, 6, 9, 18, 3, 5, 11, 7, 12, 1, 16, 8, 0]|[2, 1, 2, 1, 2, 1, 2, 1, 1, 1, 0, 0, 2, 1, 0, 0, 0, 0, 0, 0]|[0, 0, 0, 1, 0, 1, 0, 1, 1, 1, 3, 3, 0, 1, 3, 3, 3, 3, 3, 3]|[1, 0, 0, 1, 1, 1, 0, 1, 1, 1, 0, 2, 1, 1, 0, 0, 0, 2, 0, 0];[19, 16, 15, 11, 0, 6, 4, 3, 13, 17, 9, 10, 8, 18, 14, 2, 7, 5, 12, 1]|[2, 1, 2, 1, 0, 0, 2, 0, 1, 1, 1, 1, 2, 0, 0, 0, 0, 1, 2, 0]|[0, 1, 0, 1, 3, 3, 0, 3, 1, 1, 1, 1, 0, 3, 3, 3, 3, 1, 0, 3]|[1, 1, 0, 1, 0, 2, 1, 0, 1, 1, 1, 1, 0, 0, 2, 0, 2, 1, 1, 0];[10, 6, 19, 8, 4, 9, 16, 2, 12, 5, 18, 17, 1, 14, 13, 7, 3, 11, 0, 15]|[0, 0, 2, 2, 1, 0, 2, 1, 1, 2, 0, 0, 0, 0, 1, 0, 0, 0, 0, 2]|[0, 3, 0, 1, 1, 0, 0, 1, 0, 0, 0, 3, 3, 0, 0, 3, 0, 0, 0, 0]|[1, 2, 1, 1, 0, 1, 0, 1, 1, 0, 2, 0, 0, 1, 1, 0, 0, 2, 1, 0];[1, 19, 10, 8, 4, 9, 16, 2, 12, 11, 5, 6, 17, 14, 18, 7, 13, 0, 15, 3]|[0, 2, 0, 2, 1, 0, 2, 1, 1, 0, 2, 0, 0, 0, 0, 1, 0, 0, 0, 2]|[3, 0, 3, 1, 1, 3, 0, 1, 0, 0, 0, 2, 3, 0, 0, 0, 3, 0, 0, 0]|[1, 1, 2, 1, 1, 1, 0, 1, 1, 2, 0, 0, 0, 1, 2, 1, 0, 0, 1, 1];[1, 19, 10, 8, 4, 9, 16, 2, 12, 11, 5, 6, 17, 14, 18, 7, 13, 0, 15, 3]|[0, 2, 0, 2, 1, 0, 2, 1, 1, 0, 2, 0, 0, 0, 0, 1, 0, 0, 0, 2]|[3, 0, 3, 1, 1, 3, 0, 1, 0, 0, 0, 2, 3, 0, 0, 0, 3, 0, 0, 0]|[1, 1, 2, 1, 1, 1, 0, 1, 1, 2, 0, 0, 0, 1, 2, 1, 0, 0, 1, 1];[19, 6, 15, 11, 5, 14, 18, 12, 13, 16, 8, 2, 7, 17, 9, 0, 10, 4, 3, 1]|[2, 1, 2, 1, 0, 0, 0, 0, 1, 2, 0, 2, 2, 1, 1, 2, 1, 1, 0, 0]|[0, 0, 0, 1, 3, 3, 3, 3, 1, 0, 3, 1, 1, 1, 1, 0, 1, 1, 3, 3]|[1, 0, 0, 1, 0, 2, 0, 0, 1, 1, 2, 1, 1, 1, 1, 0, 1, 1, 0, 0];[0, 19, 6, 10, 8, 4, 9, 16, 2, 12, 18, 5, 17, 3, 7, 15, 13, 11, 1, 14]|[0, 2, 0, 0, 2, 1, 0, 2, 0, 1, 0, 2, 1, 0, 1, 0, 0, 0, 0, 2]|[0, 0, 3, 0, 1, 1, 0, 0, 3, 0, 0, 0, 1, 0, 0, 3, 0, 0, 0, 0]|[2, 1, 0, 2, 1, 1, 0, 0, 1, 1, 2, 0, 0, 1, 1, 0, 0, 2, 1, 1];[0, 19, 6, 10, 8, 4, 9, 16, 2, 12, 18, 5, 17, 3, 7, 15, 13, 11, 1, 14]|[0, 2, 0, 0, 2, 1, 0, 2, 0, 1, 0, 2, 1, 0, 1, 0, 0, 0, 0, 2]|[0, 0, 3, 0, 1, 1, 0, 0, 3, 0, 0, 0, 1, 0, 0, 3, 0, 0, 0, 0]|[2, 1, 0, 2, 1, 1, 0, 0, 1, 1, 2, 0, 0, 1, 1, 0, 0, 2, 1, 1];[1, 19, 6, 10, 15, 11, 18, 0, 8, 12, 13, 16, 9, 17, 3, 5, 14, 4, 2, 7]|[0, 2, 1, 1, 2, 1, 0, 0, 2, 0, 1, 2, 1, 1, 0, 0, 0, 2, 1, 0]|[3, 0, 1, 1, 0, 0, 1, 0, 0, 0, 0, 0, 0, 1, 3, 3, 0, 0, 1, 3]|[1, 1, 1, 0, 1, 1, 0, 2, 1, 2, 1, 0, 1, 0, 0, 2, 1, 1, 1, 0];[19, 5, 10, 15, 11, 7, 14, 2, 0, 16, 4, 9, 8, 6, 17, 12, 3, 13, 1, 18]|[2, 1, 1, 2, 1, 0, 0, 2, 0, 1, 2, 1, 1, 2, 0, 1, 0, 0, 0, 0]|[1, 1, 0, 0, 1, 0, 0, 0, 0, 1, 0, 0, 1, 0, 3, 0, 3, 3, 3, 0]|[1, 1, 0, 0, 1, 2, 1, 1, 2, 1, 0, 1, 0, 1, 0, 1, 0, 0, 0, 1];[1, 19, 5, 10, 15, 11, 18, 14, 2, 7, 9, 12, 4, 13, 3, 0, 17, 6, 16, 8]|[0, 2, 1, 1, 2, 1, 0, 0, 2, 0, 1, 2, 1, 1, 0, 0, 0, 2, 1, 0]|[3, 0, 1, 1, 0, 1, 0, 0, 0, 0, 1, 0, 0, 1, 3, 3, 3, 0, 1, 3]|[1, 1, 1, 0, 0, 1, 0, 2, 1, 2, 1, 0, 1, 0, 0, 2, 0, 1, 1, 1];[1, 19, 5, 10, 15, 11, 18, 14, 4, 7, 17, 0, 13, 9, 8, 16, 3, 6, 2, 12]|[0, 2, 1, 1, 2, 1, 0, 0, 2, 0, 1, 2, 1, 1, 0, 0, 0, 2, 1, 0]|[3, 0, 1, 1, 0, 1, 0, 0, 0, 0, 0, 0, 0, 1, 3, 3, 3, 0, 1, 3]|[1, 1, 1, 0, 0, 1, 0, 2, 1, 2, 1, 0, 1, 0, 0, 2, 0, 1, 1, 0];[17, 19, 5, 10, 15, 11, 14, 7, 0, 4, 13, 8, 3, 9, 12, 18, 16, 2, 6, 1]|[0, 2, 1, 1, 2, 1, 0, 0, 0, 2, 1, 2, 1, 1, 0, 0, 0, 1, 2, 0]|[3, 0, 1, 1, 0, 1, 3, 3, 3, 0, 1, 0, 0, 1, 3, 3, 3, 1, 0, 3]|[0, 1, 1, 0, 0, 1, 2, 0, 0, 1, 1, 0, 1, 0, 2, 0, 2, 1, 1, 0];[11, 15, 10, 6, 19, 13, 3, 4, 14, 17, 7, 2, 9, 1, 8, 16, 5, 18, 12, 0]|[2, 2, 1, 1, 2, 0, 1, 1, 2, 1, 0, 2, 0, 0, 0, 2, 1, 0, 0, 0]|[1, 0, 1, 1, 0, 3, 1, 0, 0, 1, 3, 0, 3, 3, 3, 0, 1, 3, 3, 3]|[1, 0, 0, 1, 1, 0, 0, 1, 0, 1, 2, 1, 0, 0, 2, 1, 1, 0, 2, 0];[19, 5, 16, 6, 2, 12, 8, 18, 13, 1, 17, 0, 9, 10, 15, 11, 4, 3, 14, 7]|[2, 1, 1, 1, 2, 2, 1, 0, 0, 0, 0, 2, 1, 1, 2, 1, 0, 0, 0, 0]|[0, 0, 1, 1, 0, 0, 1, 3, 3, 3, 3, 0, 1, 1, 0, 1, 3, 3, 3, 3]|[1, 0, 1, 1, 0, 1, 1, 0, 2, 0, 0, 1, 1, 0, 0, 1, 2, 0, 2, 0];[19, 5, 10, 15, 11, 18, 6, 13, 7, 2, 17, 12, 4, 8, 9, 14, 16, 0, 3, 1]|[2, 1, 1, 2, 1, 0, 2, 1, 1, 2, 1, 0, 2, 0, 0, 0, 0, 1, 0, 0]|[0, 1, 1, 0, 1, 3, 0, 1, 0, 0, 0, 3, 0, 3, 3, 3, 3, 1, 3, 3]|[1, 1, 0, 0, 1, 0, 1, 0, 1, 0, 1, 2, 1, 0, 0, 2, 0, 1, 2, 0];[19, 6, 15, 11, 5, 4, 10, 17, 7, 9, 2, 13, 14, 8, 18, 12, 16, 0, 3, 1]|[2, 1, 2, 2, 0, 1, 1, 2, 1, 1, 2, 1, 0, 2, 0, 0, 1, 0, 0, 0]|[0, 1, 1, 0, 3, 1, 1, 0, 1, 0, 0, 0, 3, 0, 3, 3, 1, 3, 3, 3]|[1, 1, 0, 1, 0, 1, 1, 1, 0, 1, 0, 1, 2, 1, 0, 2, 1, 0, 2, 0];[19, 6, 15, 11, 5, 4, 10, 17, 7, 9, 2, 13, 14, 8, 18, 12, 16, 0, 3, 1]|[2, 1, 2, 2, 0, 1, 1, 2, 1, 1, 2, 1, 0, 2, 0, 0, 1, 0, 0, 0]|[0, 1, 1, 0, 3, 1, 1, 0, 1, 0, 0, 0, 3, 0, 3, 3, 1, 3, 3, 3]|[1, 1, 0, 1, 0, 1, 1, 1, 0, 1, 0, 1, 2, 1, 0, 2, 1, 0, 2, 0];[19, 5, 10, 15, 11, 18, 4, 12, 9, 13, 0, 17, 8, 2, 6, 14, 3, 7, 16, 1]|[2, 1, 1, 2, 1, 0, 2, 0, 1, 1, 2, 1, 0, 1, 2, 0, 0, 0, 0, 0]|[0, 1, 1, 0, 1, 3, 0, 3, 1, 0, 0, 1, 3, 1, 0, 3, 3, 3, 3, 3]|[1, 1, 1, 0, 1, 0, 1, 2, 0, 1, 0, 1, 0, 1, 1, 2, 0, 0, 2, 0];[19, 6, 10, 15, 11, 8, 3, 5, 9, 13, 2, 17, 4, 7, 14, 12, 18, 0, 16, 1]|[2, 1, 1, 2, 1, 2, 1, 2, 1, 1, 0, 0, 2, 1, 0, 0, 0, 0, 0, 0]|[0, 1, 1, 0, 1, 0, 0, 0, 0, 1, 3, 3, 0, 1, 3, 3, 3, 3, 3, 3]|[1, 1, 0, 0, 1, 1, 1, 0, 1, 0, 0, 2, 1, 1, 0, 2, 0, 0, 2, 0];[19, 6, 10, 15, 11, 8, 3, 5, 9, 13, 2, 17, 4, 7, 14, 12, 18, 0, 16, 1]|[2, 1, 1, 2, 1, 2, 1, 2, 1, 1, 0, 0, 2, 1, 0, 0, 0, 0, 0, 0]|[0, 1, 1, 0, 1, 0, 0, 0, 0, 1, 3, 3, 0, 1, 3, 3, 3, 3, 3, 3]|[1, 1, 0, 0, 1, 1, 1, 0, 1, 0, 0, 2, 1, 1, 0, 2, 0, 0, 2, 0];[1, 5, 10, 7, 19, 4, 16, 14, 0, 12, 15, 11, 17, 9, 18, 3, 13, 2, 6, 8]|[0, 1, 1, 0, 2, 2, 2, 0, 1, 1, 2, 1, 1, 0, 0, 0, 0, 2, 1, 0]|[1, 1, 0, 0, 1, 1, 0, 0, 0, 0, 0, 0, 1, 3, 3, 3, 0, 0, 1, 3]|[1, 0, 1, 2, 0, 0, 1, 2, 1, 1, 1, 1, 0, 0, 0, 2, 0, 1, 1, 0];[1, 5, 10, 7, 19, 4, 16, 14, 0, 12, 15, 11, 17, 9, 18, 3, 13, 2, 6, 8]|[0, 1, 1, 0, 2, 2, 2, 0, 1, 1, 2, 1, 1, 0, 0, 0, 0, 2, 1, 0]|[1, 1, 0, 0, 1, 1, 0, 0, 0, 0, 0, 0, 1, 3, 3, 3, 0, 0, 1, 3]|[1, 0, 1, 2, 0, 0, 1, 2, 1, 1, 1, 1, 0, 0, 0, 2, 0, 1, 1, 0];[6, 10, 15, 11, 12, 14, 8, 13, 16, 9, 17, 3, 18, 5, 0, 1, 4, 19, 2, 7]|[1, 1, 2, 1, 0, 0, 1, 1, 2, 1, 2, 0, 0, 0, 0, 0, 2, 2, 1, 0]|[1, 1, 1, 0, 3, 0, 0, 0, 0, 0, 0, 3, 1, 3, 0, 0, 0, 0, 1, 3]|[0, 0, 0, 1, 2, 1, 1, 1, 1, 1, 0, 0, 0, 2, 2, 1, 1, 1, 1, 0];[19, 4, 5, 15, 11, 2, 17, 8, 13, 7, 9, 1, 3, 12, 10, 6, 16, 18, 0, 14]|[2, 1, 1, 2, 1, 2, 0, 0, 1, 2, 1, 0, 0, 0, 1, 1, 2, 0, 0, 0]|[0, 1, 1, 0, 1, 0, 3, 3, 1, 0, 1, 3, 3, 3, 1, 1, 0, 3, 3, 3]|[1, 1, 1, 0, 1, 1, 0, 2, 1, 0, 1, 0, 0, 2, 1, 1, 1, 0, 2, 0];[19, 4, 5, 15, 11, 2, 17, 8, 13, 7, 9, 1, 3, 12, 10, 6, 16, 18, 0, 14]|[2, 1, 1, 2, 1, 2, 0, 0, 1, 2, 1, 0, 0, 0, 1, 1, 2, 0, 0, 0]|[0, 1, 1, 0, 1, 0, 3, 3, 1, 0, 1, 3, 3, 3, 1, 1, 0, 3, 3, 3]|[1, 1, 1, 0, 1, 1, 0, 2, 1, 0, 1, 0, 0, 2, 1, 1, 1, 0, 2, 0];[19, 5, 10, 15, 11, 6, 3, 17, 16, 13, 2, 14, 7, 18, 9, 1, 0, 4, 8, 12]|[2, 1, 1, 2, 1, 0, 0, 1, 2, 1, 2, 0, 0, 0, 0, 0, 0, 2, 1, 0]|[0, 1, 1, 0, 1, 3, 3, 1, 0, 1, 0, 3, 3, 3, 3, 3, 3, 0, 1, 3]|[1, 1, 0, 1, 1, 0, 2, 0, 0, 1, 1, 0, 2, 0, 0, 2, 0, 1, 1, 0];[1, 19, 15, 16, 18, 0, 12, 8, 11, 6, 14, 10, 9, 13, 4, 7, 5, 3, 2, 17]|[0, 2, 2, 1, 0, 2, 0, 0, 1, 1, 2, 1, 1, 1, 0, 0, 2, 2, 1, 0]|[0, 0, 0, 1, 3, 0, 0, 3, 1, 1, 0, 1, 1, 1, 3, 3, 0, 0, 1, 3]|[0, 1, 0, 1, 0, 1, 2, 2, 1, 1, 0, 1, 1, 1, 0, 2, 1, 1, 1, 0];[1, 19, 15, 16, 18, 0, 12, 8, 11, 6, 14, 10, 9, 13, 4, 7, 5, 3, 2, 17]|[0, 2, 2, 1, 0, 2, 0, 0, 1, 1, 2, 1, 1, 1, 0, 0, 2, 2, 1, 0]|[0, 0, 0, 1, 3, 0, 0, 3, 1, 1, 0, 1, 1, 1, 3, 3, 0, 0, 1, 3]|[0, 1, 0, 1, 0, 1, 2, 2, 1, 1, 0, 1, 1, 1, 0, 2, 1, 1, 1, 0];[19, 6, 10, 15, 11, 2, 5, 17, 9, 13, 3, 16, 4, 0, 18, 7, 12, 14, 8, 1]|[2, 1, 1, 2, 1, 0, 0, 1, 1, 1, 2, 2, 1, 2, 0, 0, 0, 0, 0, 0]|[0, 1, 0, 0, 1, 3, 3, 0, 0, 1, 0, 0, 1, 0, 3, 3, 3, 3, 3, 3]|[1, 1, 0, 0, 1, 0, 2, 1, 1, 0, 1, 1, 1, 1, 0, 0, 0, 0, 2, 0];[1, 19, 4, 2, 8, 0, 12, 15, 11, 6, 13, 17, 14, 5, 18, 7, 16, 10, 3, 9]|[0, 2, 1, 2, 0, 2, 0, 2, 1, 1, 1, 1, 1, 0, 0, 0, 2, 1, 0, 0]|[3, 0, 1, 0, 3, 0, 3, 0, 1, 1, 1, 1, 1, 3, 3, 3, 0, 1, 3, 3]|[0, 1, 1, 0, 2, 1, 2, 0, 1, 1, 1, 1, 1, 0, 2, 0, 1, 1, 0, 2];[1, 19, 4, 2, 8, 0, 12, 15, 11, 6, 13, 17, 14, 5, 18, 7, 16, 10, 3, 9]|[0, 2, 1, 2, 0, 2, 0, 2, 1, 1, 1, 1, 1, 0, 0, 0, 2, 1, 0, 0]|[3, 0, 1, 0, 3, 0, 3, 0, 1, 1, 1, 1, 1, 3, 3, 3, 0, 1, 3, 3]|[0, 1, 1, 0, 2, 1, 2, 0, 1, 1, 1, 1, 1, 0, 2, 0, 1, 1, 0, 2];[19, 15, 11, 2, 8, 7, 12, 6, 9, 17, 3, 5, 4, 14, 18, 10, 1, 0, 13, 16]|[2, 2, 1, 1, 2, 0, 0, 0, 0, 1, 1, 2, 0, 0, 0, 0, 0, 0, 1, 2]|[0, 1, 1, 0, 0, 3, 3, 3, 3, 1, 0, 0, 3, 3, 3, 3, 3, 3, 1, 0]|[1, 1, 1, 1, 0, 0, 2, 0, 0, 1, 0, 0, 2, 0, 0, 2, 0, 0, 1, 1];[19, 15, 4, 12, 16, 7, 10, 14, 2, 9, 17, 6, 8, 18, 5, 13, 1, 11, 3, 0]|[2, 2, 1, 0, 2, 0, 1, 1, 2, 1, 1, 1, 0, 0, 0, 2, 2, 1, 0, 0]|[0, 0, 1, 3, 0, 1, 0, 0, 0, 0, 1, 1, 0, 3, 2, 1, 1, 0, 3, 3]|[1, 1, 1, 0, 1, 2, 1, 1, 0, 1, 0, 0, 0, 1, 2, 1, 1, 1, 0, 2];[12, 19, 5, 10, 15, 11, 14, 18, 3, 16, 17, 2, 0, 4, 9, 6, 1, 13, 7, 8]|[0, 2, 1, 1, 0, 1, 0, 0, 2, 2, 1, 2, 1, 2, 1, 1, 0, 0, 0, 0]|[3, 0, 0, 1, 2, 0, 1, 0, 0, 0, 1, 1, 0, 0, 0, 1, 0, 3, 3, 3]|[0, 1, 1, 0, 1, 1, 2, 0, 0, 1, 1, 1, 1, 0, 1, 0, 0, 2, 1, 0];[12, 19, 5, 10, 15, 11, 14, 18, 3, 16, 17, 2, 0, 4, 9, 6, 1, 13, 7, 8]|[0, 2, 1, 1, 0, 1, 0, 0, 2, 2, 1, 2, 1, 2, 1, 1, 0, 0, 0, 0]|[3, 0, 0, 1, 2, 0, 1, 0, 0, 0, 1, 1, 0, 0, 0, 1, 0, 3, 3, 3]|[0, 1, 1, 0, 1, 1, 2, 0, 0, 1, 1, 1, 1, 0, 1, 0, 0, 2, 1, 0];[18, 19, 4, 6, 15, 10, 1, 14, 16, 5, 17, 12, 9, 11, 7, 2, 13, 3, 0, 8]|[0, 2, 1, 1, 0, 1, 0, 2, 2, 0, 1, 1, 2, 1, 2, 2, 2, 2, 1, 0]|[3, 0, 1, 1, 1, 1, 0, 0, 1, 3, 1, 0, 0, 0, 0, 1, 1, 0, 1, 3]|[1, 1, 1, 1, 2, 1, 0, 0, 1, 0, 0, 1, 0, 1, 0, 1, 0, 1, 1, 0];[18, 19, 4, 6, 15, 10, 1, 14, 16, 5, 17, 12, 9, 11, 7, 2, 13, 3, 0, 8]|[0, 2, 1, 1, 0, 1, 0, 2, 2, 0, 1, 1, 2, 1, 2, 2, 2, 2, 1, 0]|[3, 0, 1, 1, 1, 1, 0, 0, 1, 3, 1, 0, 0, 0, 0, 1, 1, 0, 1, 3]|[1, 1, 1, 1, 2, 1, 0, 0, 1, 0, 0, 1, 0, 1, 0, 1, 0, 1, 1, 0];[19, 16, 10, 11, 12, 6, 13, 9, 8, 17, 0, 4, 15, 18, 5, 14, 2, 7, 1, 3]|[2, 1, 0, 1, 0, 2, 0, 0, 0, 0, 0, 1, 2, 0, 0, 2, 1, 1, 0, 2]|[0, 1, 3, 0, 3, 0, 3, 3, 3, 3, 3, 1, 1, 3, 3, 0, 1, 0, 3, 0]|[1, 1, 0, 0, 2, 0, 0, 1, 0, 2, 0, 1, 1, 2, 0, 0, 1, 0, 0, 1];[19, 6, 10, 15, 11, 5, 17, 3, 16, 9, 14, 1, 0, 18, 2, 12, 4, 13, 7, 8]|[2, 1, 1, 2, 1, 1, 0, 0, 1, 2, 0, 0, 2, 0, 2, 0, 0, 0, 0, 0]|[0, 1, 1, 0, 1, 0, 3, 3, 1, 0, 3, 3, 0, 3, 0, 3, 3, 3, 3, 3]|[0, 1, 0, 0, 1, 0, 0, 2, 1, 1, 0, 1, 1, 2, 0, 0, 0, 2, 0, 0];[19, 6, 17, 15, 11, 14, 0, 3, 16, 2, 12, 4, 13, 9, 10, 5, 18, 1, 7, 8]|[2, 1, 0, 2, 1, 2, 1, 0, 1, 1, 0, 0, 0, 0, 0, 2, 0, 0, 0, 2]|[0, 1, 3, 1, 1, 0, 1, 3, 0, 0, 3, 3, 3, 3, 3, 0, 3, 3, 3, 0]|[1, 1, 0, 0, 1, 0, 1, 0, 0, 1, 2, 0, 0, 0, 2, 1, 0, 2, 0, 0];[19, 6, 10, 15, 11, 0, 2, 8, 1, 17, 5, 9, 13, 12, 18, 3, 16, 4, 7, 14]|[2, 1, 1, 2, 1, 2, 0, 0, 0, 1, 2, 1, 1, 0, 0, 0, 0, 2, 1, 0]|[0, 1, 1, 0, 1, 0, 3, 3, 3, 1, 0, 0, 1, 3, 3, 3, 3, 0, 1, 3]|[1, 1, 0, 0, 1, 1, 0, 2, 0, 1, 0, 1, 0, 2, 0, 0, 2, 1, 1, 0];[19, 6, 10, 15, 11, 0, 2, 8, 1, 17, 5, 9, 13, 12, 18, 3, 16, 4, 7, 14]|[2, 1, 1, 2, 1, 2, 0, 0, 0, 1, 2, 1, 1, 0, 0, 0, 0, 2, 1, 0]|[0, 1, 1, 0, 1, 0, 3, 3, 3, 1, 0, 0, 1, 3, 3, 3, 3, 0, 1, 3]|[1, 1, 0, 0, 1, 1, 0, 2, 0, 1, 0, 1, 0, 2, 0, 0, 2, 1, 1, 0];[12, 19, 10, 11, 18, 8, 0, 1, 13, 14, 7, 17, 5, 2, 3, 4, 15, 16, 6, 9]|[0, 2, 1, 1, 0, 0, 2, 0, 1, 2, 1, 1, 0, 0, 2, 2, 2, 1, 1, 0]|[3, 0, 1, 1, 3, 0, 1, 3, 1, 0, 0, 1, 3, 3, 0, 0, 0, 1, 1, 3]|[0, 0, 1, 1, 0, 2, 1, 1, 1, 1, 1, 0, 0, 2, 0, 1, 1, 1, 1, 0];[19, 8, 18, 11, 15, 5, 14, 17, 12, 9, 10, 7, 1, 16, 13, 6, 4, 0, 2, 3]|[2, 2, 1, 1, 2, 0, 2, 1, 0, 0, 0, 0, 0, 1, 0, 0, 1, 0, 0, 2]|[0, 0, 1, 1, 0, 3, 0, 0, 3, 3, 3, 3, 3, 1, 3, 3, 0, 3, 3, 0]|[1, 0, 0, 1, 0, 0, 1, 1, 2, 0, 0, 2, 0, 0, 2, 0, 1, 0, 2, 0];[16, 14, 15, 17, 5, 11, 19, 2, 10, 7, 6, 12, 3, 13, 1, 0, 4, 8, 9, 18]|[2, 0, 2, 1, 1, 1, 2, 1, 1, 2, 1, 0, 0, 0, 0, 0, 2, 2, 1, 0]|[1, 1, 0, 1, 1, 1, 0, 0, 0, 1, 1, 0, 3, 3, 3, 3, 0, 0, 0, 3]|[0, 2, 1, 1, 1, 1, 1, 0, 0, 1, 1, 1, 0, 0, 1, 2, 0, 0, 1, 0];[16, 14, 15, 17, 5, 11, 19, 2, 10, 7, 6, 12, 3, 13, 1, 0, 4, 8, 9, 18]|[2, 0, 2, 1, 1, 1, 2, 1, 1, 2, 1, 0, 0, 0, 0, 0, 2, 2, 1, 0]|[1, 1, 0, 1, 1, 1, 0, 0, 0, 1, 1, 0, 3, 3, 3, 3, 0, 0, 0, 3]|[0, 2, 1, 1, 1, 1, 1, 0, 0, 1, 1, 1, 0, 0, 1, 2, 0, 0, 1, 0];[1, 19, 3, 15, 11, 18, 14, 2, 12, 5, 4, 10, 9, 6, 13, 0, 16, 17, 8, 7]|[0, 2, 1, 2, 1, 0, 0, 2, 0, 1, 2, 1, 1, 1, 0, 1, 2, 2, 0, 0]|[0, 1, 1, 0, 0, 3, 1, 1, 3, 1, 0, 0, 0, 1, 3, 1, 0, 1, 3, 0]|[0, 1, 1, 0, 0, 1, 2, 1, 0, 1, 0, 1, 1, 0, 0, 1, 1, 0, 2, 0];[1, 19, 3, 15, 11, 18, 14, 2, 12, 5, 4, 10, 9, 6, 13, 0, 16, 17, 8, 7]|[0, 2, 1, 2, 1, 0, 0, 2, 0, 1, 2, 1, 1, 1, 0, 1, 2, 2, 0, 0]|[0, 1, 1, 0, 0, 3, 1, 1, 3, 1, 0, 0, 0, 1, 3, 1, 0, 1, 3, 0]|[0, 1, 1, 0, 0, 1, 2, 1, 0, 1, 0, 1, 1, 0, 0, 1, 1, 0, 2, 0]
fc6diagRound 4	fe=115581	pool=300	target=100	rescued=0	sOriginal=[0, 19, 6, 10, 15, 11, 18, 8, 4, 12, 17, 2, 1, 9, 14, 3, 13, 16, 5, 7]|[0, 2, 1, 1, 2, 1, 0, 0, 2, 0, 1, 2, 1, 1, 0, 0, 0, 2, 1, 0]|[3, 0, 1, 1, 0, 1, 2, 0, 0, 0, 1, 0, 0, 1, 3, 3, 3, 0, 1, 3]|[1, 1, 1, 0, 0, 1, 0, 2, 1, 2, 1, 0, 1, 0, 0, 2, 0, 1, 1, 0];[0, 19, 6, 10, 15, 11, 18, 1, 5, 12, 17, 2, 7, 9, 14, 8, 3, 16, 4, 13]|[0, 2, 1, 1, 2, 1, 0, 0, 2, 0, 1, 2, 1, 1, 0, 0, 0, 2, 1, 0]|[3, 0, 1, 1, 0, 1, 2, 0, 0, 0, 1, 0, 0, 1, 3, 3, 3, 0, 1, 3]|[1, 1, 1, 0, 0, 1, 0, 2, 1, 2, 1, 0, 1, 0, 0, 2, 0, 1, 1, 0];[0, 19, 5, 10, 15, 11, 18, 1, 6, 12, 17, 2, 13, 9, 14, 8, 7, 4, 16, 3]|[0, 2, 1, 1, 2, 1, 0, 0, 2, 0, 0, 2, 1, 1, 0, 0, 0, 2, 1, 0]|[3, 0, 1, 1, 0, 1, 2, 0, 0, 0, 0, 0, 0, 1, 3, 3, 3, 0, 1, 3]|[1, 1, 1, 0, 0, 1, 0, 2, 1, 2, 1, 0, 1, 0, 0, 2, 0, 1, 1, 0];[14, 19, 6, 10, 8, 11, 18, 1, 5, 12, 17, 2, 7, 9, 0, 3, 13, 16, 4, 15]|[0, 2, 1, 1, 2, 1, 0, 0, 2, 0, 1, 2, 1, 1, 0, 0, 0, 2, 1, 0]|[3, 0, 1, 1, 0, 1, 2, 0, 0, 0, 1, 0, 0, 1, 3, 3, 3, 0, 1, 3]|[1, 1, 1, 0, 0, 1, 0, 2, 1, 2, 1, 0, 1, 0, 0, 2, 2, 1, 1, 0];[0, 19, 6, 10, 15, 11, 18, 1, 5, 12, 17, 2, 7, 9, 14, 13, 3, 4, 16, 8]|[0, 2, 1, 1, 2, 1, 0, 0, 2, 0, 1, 2, 1, 1, 0, 0, 0, 2, 1, 0]|[3, 0, 1, 1, 0, 0, 1, 0, 0, 0, 1, 0, 0, 1, 3, 3, 3, 0, 1, 3]|[1, 1, 1, 0, 0, 1, 0, 2, 1, 2, 1, 0, 1, 0, 0, 2, 0, 1, 1, 0];[0, 19, 6, 10, 15, 11, 18, 1, 5, 12, 17, 2, 13, 9, 14, 7, 3, 4, 16, 8]|[0, 2, 1, 1, 2, 1, 0, 0, 2, 0, 1, 2, 1, 1, 0, 0, 0, 2, 1, 0]|[3, 0, 1, 1, 0, 0, 2, 0, 0, 0, 1, 0, 0, 1, 3, 3, 3, 0, 1, 3]|[1, 1, 1, 0, 0, 1, 0, 2, 1, 2, 1, 0, 1, 0, 0, 2, 0, 1, 1, 0];[0, 19, 6, 10, 15, 11, 18, 1, 5, 12, 17, 2, 9, 13, 8, 14, 7, 4, 16, 3]|[0, 2, 1, 1, 2, 1, 0, 0, 2, 0, 1, 2, 1, 1, 0, 0, 0, 2, 1, 0]|[3, 0, 1, 0, 1, 1, 2, 0, 0, 0, 0, 0, 0, 1, 3, 3, 3, 0, 1, 3]|[1, 1, 1, 0, 0, 1, 0, 2, 1, 2, 1, 0, 1, 0, 0, 2, 0, 1, 1, 0];[0, 19, 6, 10, 15, 11, 18, 1, 5, 12, 17, 2, 13, 9, 8, 14, 7, 4, 16, 3]|[0, 2, 1, 1, 2, 1, 0, 0, 2, 0, 1, 2, 1, 1, 0, 0, 0, 2, 1, 0]|[3, 0, 1, 1, 0, 0, 2, 0, 0, 0, 0, 0, 0, 1, 3, 3, 3, 0, 1, 3]|[1, 1, 1, 0, 0, 1, 0, 2, 1, 2, 1, 0, 1, 0, 0, 2, 0, 1, 1, 0];[1, 19, 5, 10, 14, 11, 18, 0, 6, 7, 17, 2, 9, 13, 8, 15, 12, 4, 16, 3]|[0, 2, 1, 1, 2, 1, 0, 0, 2, 0, 1, 2, 1, 1, 0, 0, 0, 2, 1, 0]|[3, 0, 1, 1, 0, 0, 2, 0, 0, 0, 0, 0, 0, 1, 3, 3, 3, 0, 1, 3]|[1, 1, 1, 0, 0, 1, 0, 2, 1, 2, 1, 0, 1, 0, 0, 2, 0, 1, 1, 0];[0, 19, 6, 10, 15, 11, 18, 1, 5, 12, 17, 2, 13, 9, 8, 14, 7, 16, 4, 3]|[0, 2, 1, 1, 2, 1, 0, 0, 2, 0, 1, 2, 1, 1, 0, 0, 0, 2, 1, 0]|[3, 0, 1, 1, 0, 1, 3, 0, 0, 0, 1, 0, 0, 1, 3, 3, 3, 0, 1, 3]|[1, 1, 1, 0, 0, 1, 0, 2, 1, 2, 1, 0, 1, 0, 0, 2, 0, 1, 1, 0];[0, 19, 6, 10, 15, 11, 18, 1, 5, 12, 17, 2, 7, 9, 8, 14, 13, 16, 4, 3]|[0, 2, 1, 1, 2, 1, 0, 0, 2, 0, 1, 2, 1, 1, 0, 0, 0, 2, 1, 0]|[3, 0, 1, 1, 0, 1, 3, 0, 0, 0, 1, 0, 0, 1, 3, 3, 3, 0, 1, 3]|[1, 1, 1, 0, 0, 1, 0, 2, 1, 2, 1, 0, 1, 0, 0, 2, 0, 1, 1, 0];[12, 19, 6, 10, 8, 11, 18, 0, 5, 1, 17, 2, 7, 9, 15, 13, 16, 4, 14, 3]|[0, 2, 1, 1, 2, 1, 0, 0, 2, 0, 1, 2, 1, 1, 0, 0, 2, 1, 0, 0]|[3, 0, 1, 1, 0, 1, 3, 3, 0, 3, 1, 0, 0, 1, 3, 3, 0, 1, 3, 3]|[0, 1, 1, 0, 0, 1, 2, 0, 1, 2, 1, 0, 1, 0, 0, 2, 1, 1, 0, 2];[5, 15, 16, 10, 4, 11, 12, 13, 18, 3, 14, 17, 8, 7, 9, 6, 19, 2, 0, 1]|[2, 2, 1, 1, 2, 1, 0, 0, 0, 0, 0, 1, 2, 1, 1, 1, 2, 0, 0, 0]|[0, 0, 1, 1, 0, 1, 3, 3, 3, 3, 3, 1, 0, 0, 1, 1, 0, 3, 3, 3]|[1, 1, 1, 0, 0, 1, 0, 2, 0, 0, 2, 1, 0, 1, 0, 1, 1, 0, 2, 0];[19, 16, 2, 12, 5, 15, 18, 8, 10, 13, 9, 17, 11, 14, 1, 0, 7, 4, 6, 3]|[2, 1, 2, 0, 2, 0, 0, 2, 1, 1, 1, 1, 1, 0, 0, 0, 0, 2, 1, 0]|[0, 1, 0, 3, 0, 3, 3, 0, 1, 1, 1, 1, 1, 3, 3, 3, 3, 0, 1, 3]|[1, 1, 0, 2, 1, 0, 2, 0, 1, 1, 1, 1, 1, 0, 0, 2, 0, 1, 1, 0];[19, 16, 8, 0, 5, 12, 18, 10, 9, 13, 2, 17, 3, 14, 7, 15, 4, 11, 6, 1]|[2, 1, 2, 0, 2, 0, 0, 1, 1, 1, 2, 1, 0, 0, 0, 0, 2, 1, 1, 0]|[0, 1, 0, 3, 0, 3, 3, 1, 1, 1, 0, 1, 3, 3, 3, 3, 0, 1, 1, 3]|[1, 1, 0, 0, 1, 2, 0, 1, 1, 1, 0, 1, 0, 2, 2, 0, 1, 1, 1, 0];[14, 19, 6, 10, 15, 11, 18, 1, 12, 9, 13, 2, 17, 5, 4, 16, 8, 0, 3, 7]|[0, 2, 1, 1, 2, 1, 0, 0, 0, 1, 1, 2, 1, 2, 1, 2, 0, 0, 0, 0]|[3, 0, 1, 1, 0, 0, 3, 3, 3, 1, 0, 0, 1, 0, 1, 0, 3, 3, 3, 3]|[0, 1, 1, 0, 0, 1, 2, 0, 2, 0, 1, 0, 1, 1, 1, 1, 0, 2, 0, 0];[19, 5, 15, 16, 18, 1, 4, 7, 14, 13, 10, 2, 9, 12, 0, 11, 6, 8, 17, 3]|[2, 1, 2, 1, 0, 0, 2, 0, 0, 1, 1, 2, 1, 0, 0, 1, 1, 2, 0, 0]|[0, 1, 0, 1, 3, 3, 0, 0, 3, 1, 1, 0, 1, 3, 3, 1, 1, 0, 3, 3]|[1, 1, 0, 1, 0, 0, 1, 2, 2, 1, 1, 0, 1, 0, 0, 1, 1, 1, 0, 2];[19, 5, 15, 16, 18, 1, 4, 7, 14, 13, 10, 2, 9, 12, 0, 11, 6, 8, 17, 3]|[2, 1, 2, 1, 0, 0, 2, 0, 0, 1, 1, 2, 1, 0, 0, 1, 1, 2, 0, 0]|[0, 1, 0, 1, 3, 3, 0, 0, 3, 1, 1, 0, 1, 3, 3, 1, 1, 0, 3, 3]|[1, 1, 0, 1, 0, 0, 1, 2, 2, 1, 1, 0, 1, 0, 0, 1, 1, 1, 0, 2];[19, 4, 10, 15, 11, 17, 2, 7, 9, 5, 16, 6, 12, 8, 14, 18, 3, 0, 13, 1]|[2, 1, 1, 2, 1, 1, 2, 1, 1, 2, 2, 1, 0, 0, 0, 0, 0, 0, 0, 0]|[0, 0, 1, 0, 1, 1, 0, 1, 1, 0, 0, 1, 3, 3, 3, 3, 3, 3, 3, 3]|[1, 0, 1, 0, 1, 1, 0, 1, 1, 1, 1, 1, 0, 2, 0, 2, 0, 2, 0, 0];[14, 19, 16, 2, 11, 13, 18, 0, 5, 12, 8, 10, 9, 1, 7, 3, 4, 17, 6, 15]|[0, 2, 1, 2, 1, 1, 0, 0, 2, 0, 2, 1, 1, 0, 0, 0, 2, 1, 1, 0]|[3, 0, 1, 0, 1, 1, 3, 3, 0, 3, 0, 1, 1, 3, 3, 3, 0, 1, 1, 3]|[0, 1, 1, 0, 1, 1, 2, 0, 1, 2, 0, 1, 1, 0, 2, 0, 1, 1, 1, 0];[14, 19, 16, 10, 13, 4, 12, 7, 2, 0, 18, 15, 17, 11, 8, 1, 9, 5, 6, 3]|[0, 2, 1, 1, 1, 2, 1, 0, 2, 0, 0, 2, 1, 1, 0, 0, 0, 2, 1, 0]|[3, 0, 1, 1, 1, 0, 1, 0, 0, 3, 2, 0, 1, 1, 3, 3, 3, 0, 1, 3]|[1, 1, 1, 1, 1, 1, 1, 2, 1, 2, 0, 0, 1, 1, 0, 2, 0, 1, 1, 0];[0, 19, 6, 10, 15, 11, 18, 1, 5, 12, 17, 2, 7, 9, 8, 14, 13, 16, 4, 3]|[0, 2, 1, 1, 2, 0, 0, 0, 2, 0, 1, 2, 1, 1, 0, 0, 0, 2, 1, 0]|[3, 0, 1, 1, 0, 3, 2, 0, 0, 0, 1, 0, 0, 1, 3, 3, 3, 0, 1, 3]|[1, 1, 1, 0, 0, 1, 0, 2, 1, 2, 1, 0, 1, 0, 0, 2, 0, 1, 1, 0];[0, 19, 6, 10, 15, 11, 18, 1, 5, 12, 17, 2, 13, 9, 16, 4, 7, 14, 3, 8]|[0, 2, 1, 1, 2, 1, 0, 0, 2, 0, 1, 2, 1, 1, 0, 0, 0, 2, 0, 0]|[3, 0, 1, 1, 0, 0, 2, 0, 0, 0, 0, 0, 0, 1, 3, 3, 3, 0, 1, 3]|[1, 1, 1, 0, 0, 1, 0, 2, 1, 2, 1, 0, 1, 0, 0, 2, 0, 1, 1, 0];[9, 3, 5, 10, 12, 2, 15, 13, 17, 4, 7, 11, 8, 16, 14, 6, 19, 0, 1, 18]|[0, 0, 1, 1, 1, 2, 2, 1, 0, 2, 1, 1, 0, 2, 2, 1, 0, 0, 0, 0]|[3, 3, 0, 1, 0, 0, 0, 1, 0, 0, 1, 1, 0, 0, 0, 1, 2, 3, 3, 1]|[0, 0, 1, 0, 1, 0, 0, 1, 2, 1, 1, 1, 2, 0, 1, 1, 1, 0, 0, 0];[9, 3, 5, 10, 12, 2, 15, 13, 17, 4, 7, 11, 8, 16, 14, 6, 19, 0, 1, 18]|[0, 0, 1, 1, 1, 2, 2, 1, 0, 2, 1, 1, 0, 2, 2, 1, 0, 0, 0, 0]|[3, 3, 0, 1, 0, 0, 0, 1, 0, 0, 1, 1, 0, 0, 0, 1, 2, 3, 3, 1]|[0, 0, 1, 0, 1, 0, 0, 1, 2, 1, 1, 1, 2, 0, 1, 1, 1, 0, 0, 0];[19, 5, 10, 15, 11, 7, 14, 2, 0, 16, 4, 9, 8, 6, 17, 12, 3, 13, 1, 18]|[2, 1, 1, 2, 1, 0, 0, 2, 0, 1, 2, 1, 1, 2, 0, 1, 0, 0, 0, 0]|[1, 1, 0, 0, 1, 0, 0, 0, 0, 1, 0, 0, 1, 0, 3, 0, 3, 3, 3, 0]|[1, 1, 0, 0, 1, 2, 1, 1, 2, 1, 0, 1, 0, 1, 0, 1, 0, 0, 0, 1];[1, 19, 6, 10, 15, 11, 18, 14, 5, 7, 13, 0, 16, 17, 12, 2, 8, 4, 3, 9]|[0, 2, 1, 1, 2, 1, 0, 0, 2, 0, 1, 2, 1, 1, 0, 0, 0, 2, 1, 0]|[3, 0, 1, 1, 0, 1, 1, 0, 0, 0, 1, 0, 0, 1, 3, 3, 3, 0, 1, 3]|[1, 1, 1, 1, 0, 1, 0, 2, 1, 1, 1, 0, 1, 0, 0, 2, 0, 1, 1, 0];[1, 19, 6, 10, 15, 11, 18, 14, 5, 7, 13, 0, 16, 17, 12, 2, 8, 4, 3, 9]|[0, 2, 1, 1, 2, 1, 0, 0, 2, 0, 1, 2, 1, 1, 0, 0, 0, 2, 1, 0]|[3, 0, 1, 1, 0, 1, 1, 0, 0, 0, 1, 0, 0, 1, 3, 3, 3, 0, 1, 3]|[1, 1, 1, 1, 0, 1, 0, 2, 1, 1, 1, 0, 1, 0, 0, 2, 0, 1, 1, 0];[19, 5, 10, 15, 11, 7, 14, 2, 0, 16, 4, 9, 8, 6, 17, 12, 3, 13, 1, 18]|[2, 1, 1, 2, 1, 0, 0, 2, 0, 1, 2, 1, 1, 2, 0, 1, 0, 0, 0, 0]|[1, 1, 0, 0, 1, 0, 0, 0, 0, 1, 0, 0, 1, 0, 3, 0, 3, 3, 3, 0]|[1, 1, 0, 0, 1, 2, 1, 1, 2, 1, 0, 1, 0, 1, 0, 1, 0, 0, 0, 1];[14, 19, 16, 15, 5, 11, 18, 1, 10, 12, 9, 2, 17, 13, 0, 3, 7, 4, 6, 8]|[0, 2, 1, 2, 1, 1, 0, 0, 2, 0, 1, 2, 1, 1, 0, 0, 0, 2, 1, 0]|[3, 0, 1, 0, 1, 1, 3, 3, 0, 0, 1, 0, 1, 1, 3, 3, 3, 0, 1, 3]|[0, 1, 1, 0, 1, 1, 1, 2, 1, 0, 1, 0, 1, 1, 0, 0, 2, 1, 1, 0];[12, 6, 16, 15, 7, 11, 8, 2, 17, 0, 5, 14, 3, 13, 10, 4, 9, 1, 19, 18]|[0, 2, 1, 2, 0, 1, 1, 2, 0, 0, 2, 0, 0, 1, 1, 2, 1, 0, 0, 0]|[1, 0, 1, 0, 3, 1, 1, 0, 0, 0, 1, 3, 3, 0, 0, 1, 0, 3, 0, 3]|[2, 1, 1, 1, 1, 1, 0, 0, 1, 2, 1, 0, 0, 1, 1, 0, 1, 0, 1, 2];[1, 19, 2, 17, 18, 4, 12, 11, 15, 10, 6, 9, 13, 3, 5, 14, 7, 16, 0, 8]|[0, 2, 2, 1, 0, 2, 0, 1, 2, 1, 2, 1, 1, 0, 0, 0, 1, 1, 0, 0]|[3, 0, 0, 0, 1, 0, 0, 1, 0, 1, 0, 0, 1, 3, 3, 0, 0, 1, 3, 0]|[1, 1, 0, 1, 0, 1, 2, 1, 0, 1, 1, 1, 0, 0, 2, 1, 1, 1, 0, 2];[1, 19, 2, 17, 18, 4, 12, 11, 15, 10, 6, 9, 13, 3, 5, 14, 7, 16, 0, 8]|[0, 2, 2, 1, 0, 2, 0, 1, 2, 1, 2, 1, 1, 0, 0, 0, 1, 1, 0, 0]|[3, 0, 0, 0, 1, 0, 0, 1, 0, 1, 0, 0, 1, 3, 3, 0, 0, 1, 3, 0]|[1, 1, 0, 1, 0, 1, 2, 1, 0, 1, 1, 1, 0, 0, 2, 1, 1, 1, 0, 2];[1, 5, 10, 7, 19, 4, 16, 14, 0, 12, 15, 11, 17, 9, 18, 3, 13, 2, 6, 8]|[0, 1, 1, 0, 2, 2, 2, 0, 1, 1, 2, 1, 1, 0, 0, 0, 0, 2, 1, 0]|[1, 1, 0, 0, 1, 1, 0, 0, 0, 0, 0, 0, 1, 3, 3, 3, 0, 0, 1, 3]|[1, 0, 1, 2, 0, 0, 1, 2, 1, 1, 1, 1, 0, 0, 0, 2, 0, 1, 1, 0];[1, 5, 10, 7, 19, 4, 16, 14, 0, 12, 15, 11, 17, 9, 18, 3, 13, 2, 6, 8]|[0, 1, 1, 0, 2, 2, 2, 0, 1, 1, 2, 1, 1, 0, 0, 0, 0, 2, 1, 0]|[1, 1, 0, 0, 1, 1, 0, 0, 0, 0, 0, 0, 1, 3, 3, 3, 0, 0, 1, 3]|[1, 0, 1, 2, 0, 0, 1, 2, 1, 1, 1, 1, 0, 0, 0, 2, 0, 1, 1, 0];[1, 4, 16, 11, 14, 2, 7, 8, 12, 17, 9, 10, 5, 13, 18, 3, 19, 15, 6, 0]|[0, 1, 2, 1, 0, 2, 0, 2, 1, 1, 1, 1, 0, 0, 0, 2, 2, 2, 1, 0]|[3, 1, 1, 1, 0, 1, 0, 0, 0, 0, 1, 1, 3, 3, 0, 0, 0, 0, 1, 3]|[1, 1, 1, 1, 2, 1, 2, 0, 1, 1, 0, 1, 0, 2, 0, 0, 1, 1, 1, 2];[1, 4, 16, 11, 14, 2, 7, 8, 12, 17, 9, 10, 5, 13, 18, 3, 19, 15, 6, 0]|[0, 1, 2, 1, 0, 2, 0, 2, 1, 1, 1, 1, 0, 0, 0, 2, 2, 2, 1, 0]|[3, 1, 1, 1, 0, 1, 0, 0, 0, 0, 1, 1, 3, 3, 0, 0, 0, 0, 1, 3]|[1, 1, 1, 1, 2, 1, 2, 0, 1, 1, 0, 1, 0, 2, 0, 0, 1, 1, 1, 2];[6, 10, 15, 11, 12, 14, 8, 13, 16, 9, 17, 3, 18, 5, 0, 1, 4, 19, 2, 7]|[1, 1, 2, 1, 0, 0, 1, 1, 2, 1, 2, 0, 0, 0, 0, 0, 2, 2, 1, 0]|[1, 1, 1, 0, 3, 0, 0, 0, 0, 0, 0, 3, 1, 3, 0, 0, 0, 0, 1, 3]|[0, 0, 0, 1, 2, 1, 1, 1, 1, 1, 0, 0, 0, 2, 2, 1, 1, 1, 1, 0];[6, 10, 15, 11, 12, 14, 8, 13, 16, 9, 17, 3, 18, 5, 0, 1, 4, 19, 2, 7]|[1, 1, 2, 1, 0, 0, 1, 1, 2, 1, 2, 0, 0, 0, 0, 0, 2, 2, 1, 0]|[1, 1, 1, 0, 3, 0, 0, 0, 0, 0, 0, 3, 1, 3, 0, 0, 0, 0, 1, 3]|[0, 0, 0, 1, 2, 1, 1, 1, 1, 1, 0, 0, 0, 2, 2, 1, 1, 1, 1, 0];[12, 19, 5, 10, 15, 11, 14, 18, 3, 16, 17, 2, 0, 4, 9, 6, 1, 13, 7, 8]|[0, 2, 1, 1, 0, 1, 0, 0, 2, 2, 1, 2, 1, 2, 1, 1, 0, 0, 0, 0]|[3, 0, 0, 1, 2, 0, 1, 0, 0, 0, 1, 1, 0, 0, 0, 1, 0, 3, 3, 3]|[0, 1, 1, 0, 1, 1, 2, 0, 0, 1, 1, 1, 1, 0, 1, 0, 0, 2, 1, 0];[12, 19, 5, 10, 15, 11, 14, 18, 3, 16, 17, 2, 0, 4, 9, 6, 1, 13, 7, 8]|[0, 2, 1, 1, 0, 1, 0, 0, 2, 2, 1, 2, 1, 2, 1, 1, 0, 0, 0, 0]|[3, 0, 0, 1, 2, 0, 1, 0, 0, 0, 1, 1, 0, 0, 0, 1, 0, 3, 3, 3]|[0, 1, 1, 0, 1, 1, 2, 0, 0, 1, 1, 1, 1, 0, 1, 0, 0, 2, 1, 0];[1, 19, 16, 10, 4, 6, 15, 12, 2, 11, 13, 17, 9, 5, 7, 14, 18, 0, 8, 3]|[0, 2, 1, 1, 2, 0, 2, 0, 2, 1, 1, 1, 1, 2, 0, 0, 0, 0, 1, 2]|[3, 1, 1, 1, 0, 0, 0, 0, 0, 1, 1, 0, 0, 0, 3, 3, 2, 3, 1, 0]|[0, 0, 1, 1, 1, 1, 1, 2, 0, 1, 0, 1, 1, 1, 0, 2, 0, 0, 1, 1];[19, 15, 4, 12, 16, 7, 10, 14, 2, 9, 17, 6, 8, 18, 5, 13, 1, 11, 3, 0]|[2, 2, 1, 0, 2, 0, 1, 1, 2, 1, 1, 1, 0, 0, 0, 2, 2, 1, 0, 0]|[0, 0, 1, 3, 0, 1, 0, 0, 0, 0, 1, 1, 0, 3, 2, 1, 1, 0, 3, 3]|[1, 1, 1, 0, 1, 2, 1, 1, 0, 1, 0, 0, 0, 1, 2, 1, 1, 1, 0, 2];[19, 16, 15, 11, 0, 6, 4, 3, 13, 17, 9, 10, 8, 18, 14, 2, 7, 5, 12, 1]|[2, 1, 2, 1, 0, 0, 2, 0, 1, 1, 1, 1, 2, 0, 0, 0, 0, 1, 2, 0]|[0, 1, 0, 1, 3, 3, 0, 3, 1, 1, 1, 1, 0, 3, 3, 3, 3, 1, 0, 3]|[1, 1, 0, 1, 0, 2, 1, 0, 1, 1, 1, 1, 0, 0, 2, 0, 2, 1, 1, 0];[19, 5, 10, 15, 11, 18, 4, 12, 9, 13, 0, 17, 8, 2, 6, 14, 3, 7, 16, 1]|[2, 1, 1, 2, 1, 0, 2, 0, 1, 1, 2, 1, 0, 1, 2, 0, 0, 0, 0, 0]|[0, 1, 1, 0, 1, 3, 0, 3, 1, 0, 0, 1, 3, 1, 0, 3, 3, 3, 3, 3]|[1, 1, 1, 0, 1, 0, 1, 2, 0, 1, 0, 1, 0, 1, 1, 2, 0, 0, 2, 0];[19, 16, 15, 11, 0, 6, 4, 3, 13, 17, 9, 10, 8, 18, 14, 2, 7, 5, 12, 1]|[2, 1, 2, 1, 0, 0, 2, 0, 1, 1, 1, 1, 2, 0, 0, 0, 0, 1, 2, 0]|[0, 1, 0, 1, 3, 3, 0, 3, 1, 1, 1, 1, 0, 3, 3, 3, 3, 1, 0, 3]|[1, 1, 0, 1, 0, 2, 1, 0, 1, 1, 1, 1, 0, 0, 2, 0, 2, 1, 1, 0];[19, 5, 10, 15, 11, 18, 4, 12, 9, 13, 0, 17, 8, 2, 6, 14, 3, 7, 16, 1]|[2, 1, 1, 2, 1, 0, 2, 0, 1, 1, 2, 1, 0, 1, 2, 0, 0, 0, 0, 0]|[0, 1, 1, 0, 1, 3, 0, 3, 1, 0, 0, 1, 3, 1, 0, 3, 3, 3, 3, 3]|[1, 1, 1, 0, 1, 0, 1, 2, 0, 1, 0, 1, 0, 1, 1, 2, 0, 0, 2, 0];[19, 16, 15, 11, 6, 12, 5, 18, 0, 14, 17, 2, 7, 13, 1, 8, 9, 4, 10, 3]|[2, 1, 2, 1, 1, 0, 2, 0, 0, 0, 1, 2, 1, 1, 0, 0, 0, 2, 1, 0]|[0, 1, 0, 1, 1, 3, 0, 3, 3, 3, 1, 0, 1, 1, 3, 3, 3, 0, 1, 3]|[1, 1, 0, 1, 1, 2, 1, 0, 0, 2, 1, 0, 1, 1, 0, 2, 0, 1, 1, 0];[1, 5, 19, 2, 18, 17, 10, 12, 4, 8, 15, 9, 13, 7, 16, 3, 14, 6, 11, 0]|[0, 1, 2, 2, 2, 1, 1, 0, 2, 0, 2, 1, 1, 0, 0, 0, 2, 1, 1, 0]|[3, 1, 1, 0, 0, 1, 1, 0, 0, 0, 0, 0, 1, 3, 3, 3, 0, 1, 1, 3]|[1, 1, 1, 0, 1, 1, 1, 2, 1, 2, 1, 1, 0, 0, 0, 2, 0, 1, 1, 0];[1, 5, 19, 2, 18, 17, 10, 12, 4, 8, 15, 9, 13, 7, 16, 3, 14, 6, 11, 0]|[0, 1, 2, 2, 2, 1, 1, 0, 2, 0, 2, 1, 1, 0, 0, 0, 2, 1, 1, 0]|[3, 1, 1, 0, 0, 1, 1, 0, 0, 0, 0, 0, 1, 3, 3, 3, 0, 1, 1, 3]|[1, 1, 1, 0, 1, 1, 1, 2, 1, 2, 1, 1, 0, 0, 0, 2, 0, 1, 1, 0];[19, 5, 10, 15, 11, 6, 3, 17, 16, 13, 2, 14, 7, 18, 9, 1, 0, 4, 8, 12]|[2, 1, 1, 2, 1, 0, 0, 1, 2, 1, 2, 0, 0, 0, 0, 0, 0, 2, 1, 0]|[0, 1, 1, 0, 1, 3, 3, 1, 0, 1, 0, 3, 3, 3, 3, 3, 3, 0, 1, 3]|[1, 1, 0, 1, 1, 0, 2, 0, 0, 1, 1, 0, 2, 0, 0, 2, 0, 1, 1, 0];[19, 5, 10, 15, 11, 6, 3, 17, 16, 13, 2, 14, 7, 18, 9, 1, 0, 4, 8, 12]|[2, 1, 1, 2, 1, 0, 0, 1, 2, 1, 2, 0, 0, 0, 0, 0, 0, 2, 1, 0]|[0, 1, 1, 0, 1, 3, 3, 1, 0, 1, 0, 3, 3, 3, 3, 3, 3, 0, 1, 3]|[1, 1, 0, 1, 1, 0, 2, 0, 0, 1, 1, 0, 2, 0, 0, 2, 0, 1, 1, 0];[16, 14, 15, 17, 5, 11, 19, 2, 10, 7, 6, 12, 3, 13, 1, 0, 4, 8, 9, 18]|[2, 0, 2, 1, 1, 1, 2, 1, 1, 2, 1, 0, 0, 0, 0, 0, 2, 2, 1, 0]|[1, 1, 0, 1, 1, 1, 0, 0, 0, 1, 1, 0, 3, 3, 3, 3, 0, 0, 0, 3]|[0, 2, 1, 1, 1, 1, 1, 0, 0, 1, 1, 1, 0, 0, 1, 2, 0, 0, 1, 0];[16, 14, 15, 17, 5, 11, 19, 2, 10, 7, 6, 12, 3, 13, 1, 0, 4, 8, 9, 18]|[2, 0, 2, 1, 1, 1, 2, 1, 1, 2, 1, 0, 0, 0, 0, 0, 2, 2, 1, 0]|[1, 1, 0, 1, 1, 1, 0, 0, 0, 1, 1, 0, 3, 3, 3, 3, 0, 0, 0, 3]|[0, 2, 1, 1, 1, 1, 1, 0, 0, 1, 1, 1, 0, 0, 1, 2, 0, 0, 1, 0];[14, 19, 6, 15, 11, 4, 7, 1, 12, 13, 2, 17, 9, 8, 5, 0, 18, 10, 16, 3]|[0, 2, 1, 2, 1, 2, 0, 0, 0, 1, 2, 1, 1, 0, 2, 0, 0, 1, 1, 0]|[3, 0, 1, 0, 1, 0, 3, 3, 3, 1, 0, 1, 1, 3, 0, 3, 3, 1, 1, 3]|[0, 1, 1, 0, 1, 1, 0, 2, 2, 1, 0, 1, 1, 0, 1, 2, 0, 1, 1, 0];[1, 19, 5, 15, 4, 16, 14, 10, 7, 17, 2, 8, 18, 11, 12, 3, 9, 13, 6, 0]|[0, 2, 1, 2, 1, 0, 2, 1, 1, 1, 2, 0, 0, 1, 0, 0, 2, 2, 1, 0]|[3, 0, 1, 0, 1, 3, 0, 1, 1, 1, 0, 0, 3, 1, 3, 3, 1, 0, 1, 3]|[1, 1, 1, 0, 1, 0, 1, 1, 1, 1, 1, 2, 0, 1, 0, 2, 0, 1, 1, 0];[1, 19, 5, 15, 4, 16, 14, 10, 7, 17, 2, 8, 18, 11, 12, 3, 9, 13, 6, 0]|[0, 2, 1, 2, 1, 0, 2, 1, 1, 1, 2, 0, 0, 1, 0, 0, 2, 2, 1, 0]|[3, 0, 1, 0, 1, 3, 0, 1, 1, 1, 0, 0, 3, 1, 3, 3, 1, 0, 1, 3]|[1, 1, 1, 0, 1, 0, 1, 1, 1, 1, 1, 2, 0, 1, 0, 2, 0, 1, 1, 0];[1, 19, 10, 8, 4, 9, 16, 2, 12, 5, 18, 14, 3, 6, 11, 15, 13, 7, 0, 17]|[0, 2, 0, 2, 1, 0, 2, 1, 1, 2, 0, 0, 0, 0, 0, 1, 0, 0, 0, 2]|[2, 0, 3, 1, 1, 0, 0, 0, 0, 0, 0, 3, 0, 3, 0, 0, 0, 1, 0, 0]|[1, 1, 2, 1, 1, 1, 0, 1, 1, 0, 2, 0, 1, 0, 2, 1, 0, 0, 1, 1];[1, 19, 10, 8, 4, 9, 16, 2, 12, 5, 18, 14, 3, 6, 11, 15, 13, 7, 0, 17]|[0, 2, 0, 2, 1, 0, 2, 1, 1, 2, 0, 0, 0, 0, 0, 1, 0, 0, 0, 2]|[2, 0, 3, 1, 1, 0, 0, 0, 0, 0, 0, 3, 0, 3, 0, 0, 0, 1, 0, 0]|[1, 1, 2, 1, 1, 1, 0, 1, 1, 0, 2, 0, 1, 0, 2, 1, 0, 0, 1, 1];[1, 19, 3, 15, 11, 18, 14, 2, 12, 5, 4, 10, 9, 6, 13, 0, 16, 17, 8, 7]|[0, 2, 1, 2, 1, 0, 0, 2, 0, 1, 2, 1, 1, 1, 0, 1, 2, 2, 0, 0]|[0, 1, 1, 0, 0, 3, 1, 1, 3, 1, 0, 0, 0, 1, 3, 1, 0, 1, 3, 0]|[0, 1, 1, 0, 0, 1, 2, 1, 0, 1, 0, 1, 1, 0, 0, 1, 1, 0, 2, 0];[1, 19, 3, 15, 11, 18, 14, 2, 12, 5, 4, 10, 9, 6, 13, 0, 16, 17, 8, 7]|[0, 2, 1, 2, 1, 0, 0, 2, 0, 1, 2, 1, 1, 1, 0, 1, 2, 2, 0, 0]|[0, 1, 1, 0, 0, 3, 1, 1, 3, 1, 0, 0, 0, 1, 3, 1, 0, 1, 3, 0]|[0, 1, 1, 0, 0, 1, 2, 1, 0, 1, 0, 1, 1, 0, 0, 1, 1, 0, 2, 0];[6, 19, 13, 1, 4, 7, 8, 16, 2, 12, 0, 10, 9, 17, 14, 5, 11, 3, 18, 15]|[0, 2, 0, 0, 2, 1, 0, 2, 1, 1, 0, 2, 0, 0, 0, 1, 0, 0, 0, 2]|[0, 1, 3, 3, 1, 1, 0, 0, 1, 0, 0, 0, 0, 3, 2, 0, 3, 0, 0, 0]|[0, 1, 2, 1, 1, 1, 2, 0, 1, 1, 1, 0, 1, 0, 1, 1, 0, 0, 2, 0];[19, 6, 10, 15, 11, 8, 3, 5, 9, 13, 2, 17, 4, 7, 14, 12, 18, 0, 16, 1]|[2, 1, 1, 2, 1, 2, 1, 2, 1, 1, 0, 0, 2, 1, 0, 0, 0, 0, 0, 0]|[0, 1, 1, 0, 1, 0, 0, 0, 0, 1, 3, 3, 0, 1, 3, 3, 3, 3, 3, 3]|[1, 1, 0, 0, 1, 1, 1, 0, 1, 0, 0, 2, 1, 1, 0, 2, 0, 0, 2, 0];[19, 6, 10, 15, 11, 8, 3, 5, 9, 13, 2, 17, 4, 7, 14, 12, 18, 0, 16, 1]|[2, 1, 1, 2, 1, 2, 1, 2, 1, 1, 0, 0, 2, 1, 0, 0, 0, 0, 0, 0]|[0, 1, 1, 0, 1, 0, 0, 0, 0, 1, 3, 3, 0, 1, 3, 3, 3, 3, 3, 3]|[1, 1, 0, 0, 1, 1, 1, 0, 1, 0, 0, 2, 1, 1, 0, 2, 0, 0, 2, 0];[18, 19, 4, 6, 15, 10, 1, 14, 16, 5, 17, 12, 9, 11, 7, 2, 13, 3, 0, 8]|[0, 2, 1, 1, 0, 1, 0, 2, 2, 0, 1, 1, 2, 1, 2, 2, 2, 2, 1, 0]|[3, 0, 1, 1, 1, 1, 0, 0, 1, 3, 1, 0, 0, 0, 0, 1, 1, 0, 1, 3]|[1, 1, 1, 1, 2, 1, 0, 0, 1, 0, 0, 1, 0, 1, 0, 1, 0, 1, 1, 0];[18, 19, 4, 6, 15, 10, 1, 14, 16, 5, 17, 12, 9, 11, 7, 2, 13, 3, 0, 8]|[0, 2, 1, 1, 0, 1, 0, 2, 2, 0, 1, 1, 2, 1, 2, 2, 2, 2, 1, 0]|[3, 0, 1, 1, 1, 1, 0, 0, 1, 3, 1, 0, 0, 0, 0, 1, 1, 0, 1, 3]|[1, 1, 1, 1, 2, 1, 0, 0, 1, 0, 0, 1, 0, 1, 0, 1, 0, 1, 1, 0];[19, 6, 10, 15, 11, 5, 12, 8, 17, 2, 7, 9, 14, 18, 13, 1, 0, 16, 4, 3]|[2, 1, 1, 2, 1, 0, 2, 0, 1, 2, 1, 1, 0, 0, 0, 0, 0, 2, 1, 0]|[0, 1, 1, 0, 1, 3, 0, 3, 1, 0, 0, 1, 3, 3, 3, 3, 3, 0, 1, 3]|[1, 1, 0, 0, 1, 0, 1, 2, 1, 0, 1, 0, 0, 2, 0, 0, 2, 1, 1, 0];[19, 6, 10, 8, 4, 9, 1, 16, 2, 12, 11, 5, 14, 17, 13, 15, 7, 0, 18, 3]|[2, 0, 0, 2, 1, 0, 0, 2, 1, 1, 0, 2, 0, 0, 0, 1, 0, 0, 0, 2]|[0, 3, 0, 1, 1, 0, 3, 0, 1, 0, 0, 0, 0, 3, 0, 0, 2, 0, 0, 0]|[1, 2, 0, 1, 1, 1, 0, 0, 1, 1, 2, 0, 0, 1, 1, 0, 2, 0, 1, 0];[19, 6, 10, 8, 4, 9, 1, 16, 2, 12, 11, 5, 14, 17, 13, 15, 7, 0, 18, 3]|[2, 0, 0, 2, 1, 0, 0, 2, 1, 1, 0, 2, 0, 0, 0, 1, 0, 0, 0, 2]|[0, 3, 0, 1, 1, 0, 3, 0, 1, 0, 0, 0, 0, 3, 0, 0, 2, 0, 0, 0]|[1, 2, 0, 1, 1, 1, 0, 0, 1, 1, 2, 0, 0, 1, 1, 0, 2, 0, 1, 0];[9, 2, 6, 11, 8, 4, 1, 16, 19, 12, 10, 5, 17, 14, 3, 7, 13, 18, 0, 15]|[0, 2, 0, 0, 2, 1, 0, 2, 1, 1, 0, 2, 0, 0, 1, 0, 0, 0, 0, 2]|[0, 0, 3, 0, 1, 1, 3, 0, 1, 0, 0, 0, 0, 3, 0, 0, 2, 0, 0, 0]|[1, 1, 0, 2, 1, 1, 1, 0, 1, 1, 2, 0, 1, 0, 0, 0, 1, 2, 0, 1];[9, 2, 6, 11, 8, 4, 1, 16, 19, 12, 10, 5, 17, 14, 3, 7, 13, 18, 0, 15]|[0, 2, 0, 0, 2, 1, 0, 2, 1, 1, 0, 2, 0, 0, 1, 0, 0, 0, 0, 2]|[0, 0, 3, 0, 1, 1, 3, 0, 1, 0, 0, 0, 0, 3, 0, 0, 2, 0, 0, 0]|[1, 1, 0, 2, 1, 1, 1, 0, 1, 1, 2, 0, 1, 0, 0, 0, 1, 2, 0, 1];[6, 19, 5, 10, 8, 4, 16, 2, 12, 1, 14, 17, 3, 7, 0, 13, 11, 9, 18, 15]|[0, 2, 2, 0, 2, 1, 2, 1, 1, 0, 1, 0, 0, 0, 0, 0, 0, 0, 0, 2]|[3, 0, 0, 0, 1, 1, 0, 1, 0, 3, 1, 0, 0, 0, 1, 0, 0, 0, 0, 0]|[2, 1, 0, 0, 1, 1, 1, 1, 1, 0, 0, 1, 2, 0, 0, 1, 2, 1, 2, 1];[6, 19, 5, 10, 8, 4, 16, 2, 12, 1, 14, 17, 3, 7, 0, 13, 11, 9, 18, 15]|[0, 2, 2, 0, 2, 1, 2, 1, 1, 0, 1, 0, 0, 0, 0, 0, 0, 0, 0, 2]|[3, 0, 0, 0, 1, 1, 0, 1, 0, 3, 1, 0, 0, 0, 1, 0, 0, 0, 0, 0]|[2, 1, 0, 0, 1, 1, 1, 1, 1, 0, 0, 1, 2, 0, 0, 1, 2, 1, 2, 1];[19, 4, 5, 15, 11, 2, 17, 8, 13, 7, 9, 1, 3, 12, 10, 6, 16, 18, 0, 14]|[2, 1, 1, 2, 1, 2, 0, 0, 1, 2, 1, 0, 0, 0, 1, 1, 2, 0, 0, 0]|[0, 1, 1, 0, 1, 0, 3, 3, 1, 0, 1, 3, 3, 3, 1, 1, 0, 3, 3, 3]|[1, 1, 1, 0, 1, 1, 0, 2, 1, 0, 1, 0, 0, 2, 1, 1, 1, 0, 2, 0];[19, 4, 5, 15, 11, 2, 17, 8, 13, 7, 9, 1, 3, 12, 10, 6, 16, 18, 0, 14]|[2, 1, 1, 2, 1, 2, 0, 0, 1, 2, 1, 0, 0, 0, 1, 1, 2, 0, 0, 0]|[0, 1, 1, 0, 1, 0, 3, 3, 1, 0, 1, 3, 3, 3, 1, 1, 0, 3, 3, 3]|[1, 1, 1, 0, 1, 1, 0, 2, 1, 0, 1, 0, 0, 2, 1, 1, 1, 0, 2, 0];[11, 19, 6, 8, 4, 9, 16, 2, 12, 1, 5, 18, 15, 14, 3, 17, 0, 7, 10, 13]|[0, 2, 0, 2, 1, 0, 2, 1, 1, 0, 2, 0, 0, 0, 1, 0, 0, 0, 0, 2]|[0, 0, 3, 1, 1, 0, 0, 1, 0, 3, 0, 0, 3, 0, 0, 3, 3, 0, 2, 0]|[2, 1, 0, 1, 1, 0, 0, 1, 1, 1, 0, 2, 0, 1, 1, 0, 2, 0, 2, 1];[10, 6, 19, 8, 4, 9, 16, 2, 12, 5, 18, 17, 1, 14, 13, 7, 3, 11, 0, 15]|[0, 0, 2, 2, 1, 0, 2, 1, 1, 2, 0, 0, 0, 0, 1, 0, 0, 0, 0, 2]|[0, 3, 0, 1, 1, 0, 0, 1, 0, 0, 0, 3, 3, 0, 0, 3, 0, 0, 0, 0]|[1, 2, 1, 1, 0, 1, 0, 1, 1, 0, 2, 0, 0, 1, 1, 0, 0, 2, 1, 0];[10, 6, 19, 8, 4, 9, 16, 2, 12, 5, 18, 17, 1, 14, 13, 7, 3, 11, 0, 15]|[0, 0, 2, 2, 1, 0, 2, 1, 1, 2, 0, 0, 0, 0, 1, 0, 0, 0, 0, 2]|[0, 3, 0, 1, 1, 0, 0, 1, 0, 0, 0, 3, 3, 0, 0, 3, 0, 0, 0, 0]|[1, 2, 1, 1, 0, 1, 0, 1, 1, 0, 2, 0, 0, 1, 1, 0, 0, 2, 1, 0];[17, 4, 8, 11, 12, 2, 16, 1, 9, 6, 19, 5, 0, 10, 7, 13, 18, 15, 14, 3]|[0, 1, 2, 0, 1, 1, 2, 0, 0, 0, 2, 2, 0, 0, 1, 0, 0, 0, 0, 2]|[3, 1, 1, 3, 0, 0, 0, 2, 0, 3, 0, 0, 0, 3, 0, 0, 0, 0, 0, 0]|[0, 1, 1, 2, 1, 1, 0, 1, 1, 0, 1, 0, 1, 2, 1, 0, 2, 0, 1, 1];[17, 4, 8, 11, 12, 2, 16, 1, 9, 6, 19, 5, 0, 10, 7, 13, 18, 15, 14, 3]|[0, 1, 2, 0, 1, 1, 2, 0, 0, 0, 2, 2, 0, 0, 1, 0, 0, 0, 0, 2]|[3, 1, 1, 3, 0, 0, 0, 2, 0, 3, 0, 0, 0, 3, 0, 0, 0, 0, 0, 0]|[0, 1, 1, 2, 1, 1, 0, 1, 1, 0, 1, 0, 1, 2, 1, 0, 2, 0, 1, 1];[14, 19, 6, 10, 8, 4, 9, 16, 2, 12, 5, 18, 17, 1, 11, 3, 0, 7, 15, 13]|[0, 2, 0, 0, 2, 1, 0, 2, 1, 1, 2, 0, 0, 0, 0, 1, 0, 0, 0, 2]|[0, 0, 3, 3, 1, 1, 0, 0, 1, 0, 0, 0, 3, 0, 0, 0, 3, 0, 2, 0]|[1, 1, 0, 2, 1, 1, 1, 0, 1, 1, 0, 2, 0, 1, 2, 1, 0, 1, 0, 1];[14, 19, 6, 10, 8, 4, 9, 16, 2, 12, 5, 18, 17, 1, 11, 3, 0, 7, 15, 13]|[0, 2, 0, 0, 2, 1, 0, 2, 1, 1, 2, 0, 0, 0, 0, 1, 0, 0, 0, 2]|[0, 0, 3, 3, 1, 1, 0, 0, 1, 0, 0, 0, 3, 0, 0, 0, 3, 0, 2, 0]|[1, 1, 0, 2, 1, 1, 1, 0, 1, 1, 0, 2, 0, 1, 2, 1, 0, 1, 0, 1];[1, 19, 10, 8, 4, 9, 16, 2, 12, 11, 5, 6, 17, 14, 18, 7, 13, 0, 15, 3]|[0, 2, 0, 2, 1, 0, 2, 1, 1, 0, 2, 0, 0, 0, 0, 1, 0, 0, 0, 2]|[3, 0, 3, 1, 1, 3, 0, 1, 0, 0, 0, 2, 3, 0, 0, 0, 3, 0, 0, 0]|[1, 1, 2, 1, 1, 1, 0, 1, 1, 2, 0, 0, 0, 1, 2, 1, 0, 0, 1, 1];[1, 19, 10, 8, 4, 9, 16, 2, 12, 11, 5, 6, 17, 14, 18, 7, 13, 0, 15, 3]|[0, 2, 0, 2, 1, 0, 2, 1, 1, 0, 2, 0, 0, 0, 0, 1, 0, 0, 0, 2]|[3, 0, 3, 1, 1, 3, 0, 1, 0, 0, 0, 2, 3, 0, 0, 0, 3, 0, 0, 0]|[1, 1, 2, 1, 1, 1, 0, 1, 1, 2, 0, 0, 0, 1, 2, 1, 0, 0, 1, 1];[0, 19, 6, 10, 8, 4, 9, 16, 2, 12, 18, 5, 17, 3, 7, 15, 13, 11, 1, 14]|[0, 2, 0, 0, 2, 1, 0, 2, 0, 1, 0, 2, 1, 0, 1, 0, 0, 0, 0, 2]|[0, 0, 3, 0, 1, 1, 0, 0, 3, 0, 0, 0, 1, 0, 0, 3, 0, 0, 0, 0]|[2, 1, 0, 2, 1, 1, 0, 0, 1, 1, 2, 0, 0, 1, 1, 0, 0, 2, 1, 1];[0, 19, 6, 10, 8, 4, 9, 16, 2, 12, 18, 5, 17, 3, 7, 15, 13, 11, 1, 14]|[0, 2, 0, 0, 2, 1, 0, 2, 0, 1, 0, 2, 1, 0, 1, 0, 0, 0, 0, 2]|[0, 0, 3, 0, 1, 1, 0, 0, 3, 0, 0, 0, 1, 0, 0, 3, 0, 0, 0, 0]|[2, 1, 0, 2, 1, 1, 0, 0, 1, 1, 2, 0, 0, 1, 1, 0, 0, 2, 1, 1];[19, 6, 13, 8, 4, 7, 1, 16, 2, 12, 5, 18, 17, 10, 9, 15, 3, 11, 0, 14]|[2, 0, 0, 2, 1, 0, 0, 2, 1, 1, 2, 0, 0, 0, 0, 0, 1, 0, 0, 2]|[0, 3, 3, 1, 1, 0, 0, 0, 1, 0, 0, 0, 3, 0, 0, 2, 0, 0, 0, 0]|[1, 0, 2, 1, 1, 0, 1, 0, 1, 1, 0, 2, 0, 1, 0, 0, 1, 2, 1, 1];[19, 6, 13, 8, 4, 7, 1, 16, 2, 12, 5, 18, 17, 10, 9, 15, 3, 11, 0, 14]|[2, 0, 0, 2, 1, 0, 0, 2, 1, 1, 2, 0, 0, 0, 0, 0, 1, 0, 0, 2]|[0, 3, 3, 1, 1, 0, 0, 0, 1, 0, 0, 0, 3, 0, 0, 2, 0, 0, 0, 0]|[1, 0, 2, 1, 1, 0, 1, 0, 1, 1, 0, 2, 0, 1, 0, 0, 1, 2, 1, 1];[14, 19, 6, 10, 8, 11, 18, 1, 5, 12, 17, 2, 7, 9, 15, 0, 13, 16, 4, 3]|[0, 2, 1, 1, 2, 1, 0, 0, 2, 0, 1, 2, 1, 1, 0, 0, 0, 2, 1, 0]|[3, 0, 1, 1, 0, 1, 3, 0, 0, 0, 1, 0, 0, 1, 3, 3, 3, 0, 1, 3]|[1, 1, 1, 0, 0, 1, 0, 2, 1, 2, 1, 0, 1, 0, 0, 2, 0, 1, 1, 0];[0, 19, 6, 10, 15, 11, 18, 1, 5, 12, 17, 2, 7, 13, 14, 8, 3, 16, 4, 9]|[0, 2, 1, 1, 2, 1, 0, 0, 2, 0, 1, 2, 1, 1, 0, 0, 0, 2, 1, 0]|[3, 0, 1, 1, 0, 0, 2, 0, 0, 0, 1, 0, 0, 1, 3, 3, 3, 0, 1, 3]|[1, 1, 1, 0, 0, 1, 0, 2, 1, 2, 1, 0, 1, 0, 0, 2, 0, 1, 1, 0];[0, 19, 6, 10, 15, 11, 18, 14, 5, 12, 17, 3, 7, 1, 9, 8, 2, 16, 4, 13]|[0, 2, 1, 1, 2, 1, 0, 0, 2, 0, 1, 2, 1, 1, 0, 0, 0, 2, 1, 0]|[3, 0, 1, 1, 0, 1, 2, 0, 0, 0, 1, 0, 1, 1, 3, 3, 3, 0, 1, 3]|[1, 1, 1, 0, 0, 1, 0, 2, 1, 2, 1, 0, 1, 0, 0, 2, 0, 1, 1, 0];[0, 19, 6, 10, 15, 11, 18, 1, 5, 12, 17, 2, 7, 9, 8, 14, 13, 16, 4, 3]|[0, 2, 1, 1, 2, 1, 0, 0, 2, 0, 1, 2, 1, 1, 0, 0, 0, 2, 1, 0]|[3, 0, 1, 1, 0, 1, 1, 0, 0, 0, 1, 0, 0, 1, 3, 3, 3, 0, 1, 3]|[1, 1, 1, 1, 0, 1, 0, 2, 1, 2, 1, 0, 1, 1, 0, 2, 0, 1, 1, 0];[0, 19, 6, 10, 15, 11, 18, 1, 5, 12, 17, 2, 9, 13, 8, 14, 7, 4, 16, 3]|[0, 2, 1, 1, 2, 1, 0, 0, 2, 0, 1, 2, 1, 1, 0, 0, 0, 2, 1, 0]|[3, 0, 1, 1, 0, 0, 1, 0, 0, 0, 0, 0, 0, 1, 3, 3, 3, 0, 1, 3]|[1, 1, 1, 0, 0, 1, 0, 2, 1, 2, 1, 0, 1, 0, 0, 2, 0, 1, 1, 0];[0, 19, 6, 10, 15, 11, 18, 1, 5, 12, 17, 2, 7, 9, 14, 16, 8, 4, 13, 3]|[0, 2, 1, 1, 2, 1, 0, 0, 2, 0, 1, 2, 1, 1, 0, 0, 0, 2, 1, 0]|[3, 0, 1, 1, 0, 1, 0, 0, 0, 0, 1, 0, 0, 1, 3, 3, 3, 0, 1, 3]|[1, 1, 1, 0, 0, 1, 0, 2, 1, 2, 1, 0, 1, 0, 0, 2, 0, 1, 1, 0];[0, 19, 6, 10, 15, 11, 3, 1, 5, 12, 17, 2, 9, 13, 8, 14, 7, 4, 16, 18]|[0, 2, 1, 1, 2, 1, 0, 0, 2, 0, 1, 2, 1, 1, 0, 0, 0, 2, 1, 0]|[3, 0, 1, 1, 0, 1, 0, 0, 0, 0, 1, 0, 0, 1, 3, 3, 3, 0, 1, 3]|[1, 1, 1, 0, 0, 1, 0, 2, 1, 2, 1, 0, 1, 1, 0, 2, 0, 1, 1, 0];[14, 19, 6, 10, 15, 11, 18, 0, 2, 7, 17, 4, 13, 12, 8, 1, 9, 5, 16, 3]|[0, 2, 1, 1, 2, 1, 0, 0, 2, 0, 1, 2, 1, 1, 0, 0, 0, 2, 1, 0]|[3, 0, 1, 1, 0, 1, 2, 3, 0, 0, 1, 0, 0, 1, 3, 3, 3, 0, 1, 3]|[1, 1, 1, 0, 0, 1, 0, 2, 1, 2, 1, 1, 1, 0, 0, 2, 0, 1, 1, 0];[1, 19, 6, 10, 15, 11, 18, 8, 2, 7, 13, 12, 9, 17, 4, 14, 0, 16, 5, 3]|[0, 2, 1, 1, 2, 1, 0, 0, 2, 0, 1, 2, 1, 1, 0, 0, 0, 2, 1, 0]|[3, 0, 1, 1, 0, 1, 1, 0, 0, 0, 0, 0, 0, 1, 3, 3, 0, 0, 1, 3]|[1, 1, 1, 0, 0, 1, 0, 2, 1, 2, 1, 0, 1, 0, 0, 2, 0, 1, 1, 0];[1, 19, 6, 10, 15, 11, 18, 8, 2, 7, 13, 12, 9, 17, 4, 14, 0, 16, 5, 3]|[0, 2, 1, 1, 2, 1, 0, 0, 2, 0, 1, 2, 1, 1, 0, 0, 0, 2, 1, 0]|[3, 0, 1, 1, 0, 1, 1, 0, 0, 0, 0, 0, 0, 1, 3, 3, 0, 0, 1, 3]|[1, 1, 1, 0, 0, 1, 0, 2, 1, 2, 1, 0, 1, 0, 0, 2, 0, 1, 1, 0];[1, 19, 6, 10, 15, 11, 18, 0, 8, 12, 13, 16, 9, 17, 3, 5, 14, 4, 2, 7]|[0, 2, 1, 1, 2, 1, 0, 0, 2, 0, 1, 2, 1, 1, 0, 0, 0, 2, 1, 0]|[3, 0, 1, 1, 0, 0, 1, 0, 0, 0, 0, 0, 0, 1, 3, 3, 0, 0, 1, 3]|[1, 1, 1, 0, 1, 1, 0, 2, 1, 2, 1, 0, 1, 0, 0, 2, 1, 1, 1, 0];[0, 19, 6, 10, 15, 11, 18, 1, 5, 12, 17, 2, 13, 9, 14, 8, 3, 16, 4, 7]|[0, 2, 1, 1, 2, 1, 0, 0, 2, 0, 1, 2, 1, 1, 0, 0, 0, 2, 1, 0]|[3, 0, 1, 1, 1, 0, 1, 0, 0, 0, 1, 0, 0, 1, 2, 3, 3, 0, 1, 3]|[1, 0, 1, 0, 0, 1, 0, 2, 1, 2, 1, 0, 1, 0, 1, 2, 0, 1, 1, 0]	sBp=[0, 19, 6, 10, 15, 11, 18, 8, 4, 12, 17, 2, 1, 9, 14, 3, 13, 16, 5, 7]|[0, 2, 1, 1, 2, 1, 0, 0, 2, 0, 1, 2, 1, 1, 0, 0, 0, 2, 1, 0]|[3, 0, 1, 1, 0, 1, 2, 0, 0, 0, 1, 0, 0, 1, 3, 3, 3, 0, 1, 3]|[1, 1, 1, 0, 0, 1, 0, 2, 1, 2, 1, 0, 1, 0, 0, 2, 0, 1, 1, 0];[0, 19, 6, 10, 15, 11, 18, 1, 5, 12, 17, 2, 7, 9, 14, 8, 3, 16, 4, 13]|[0, 2, 1, 1, 2, 1, 0, 0, 2, 0, 1, 2, 1, 1, 0, 0, 0, 2, 1, 0]|[3, 0, 1, 1, 0, 1, 2, 0, 0, 0, 1, 0, 0, 1, 3, 3, 3, 0, 1, 3]|[1, 1, 1, 0, 0, 1, 0, 2, 1, 2, 1, 0, 1, 0, 0, 2, 0, 1, 1, 0];[0, 19, 5, 10, 15, 11, 18, 1, 6, 12, 17, 2, 13, 9, 14, 8, 7, 4, 16, 3]|[0, 2, 1, 1, 2, 1, 0, 0, 2, 0, 0, 2, 1, 1, 0, 0, 0, 2, 1, 0]|[3, 0, 1, 1, 0, 1, 2, 0, 0, 0, 0, 0, 0, 1, 3, 3, 3, 0, 1, 3]|[1, 1, 1, 0, 0, 1, 0, 2, 1, 2, 1, 0, 1, 0, 0, 2, 0, 1, 1, 0];[14, 19, 6, 10, 8, 11, 18, 1, 5, 12, 17, 2, 7, 9, 0, 3, 13, 16, 4, 15]|[0, 2, 1, 1, 2, 1, 0, 0, 2, 0, 1, 2, 1, 1, 0, 0, 0, 2, 1, 0]|[3, 0, 1, 1, 0, 1, 2, 0, 0, 0, 1, 0, 0, 1, 3, 3, 3, 0, 1, 3]|[1, 1, 1, 0, 0, 1, 0, 2, 1, 2, 1, 0, 1, 0, 0, 2, 2, 1, 1, 0];[0, 19, 6, 10, 15, 11, 18, 1, 5, 12, 17, 2, 7, 9, 14, 13, 3, 4, 16, 8]|[0, 2, 1, 1, 2, 1, 0, 0, 2, 0, 1, 2, 1, 1, 0, 0, 0, 2, 1, 0]|[3, 0, 1, 1, 0, 0, 1, 0, 0, 0, 1, 0, 0, 1, 3, 3, 3, 0, 1, 3]|[1, 1, 1, 0, 0, 1, 0, 2, 1, 2, 1, 0, 1, 0, 0, 2, 0, 1, 1, 0];[0, 19, 6, 10, 15, 11, 18, 1, 5, 12, 17, 2, 13, 9, 14, 7, 3, 4, 16, 8]|[0, 2, 1, 1, 2, 1, 0, 0, 2, 0, 1, 2, 1, 1, 0, 0, 0, 2, 1, 0]|[3, 0, 1, 1, 0, 0, 2, 0, 0, 0, 1, 0, 0, 1, 3, 3, 3, 0, 1, 3]|[1, 1, 1, 0, 0, 1, 0, 2, 1, 2, 1, 0, 1, 0, 0, 2, 0, 1, 1, 0];[0, 19, 6, 10, 15, 11, 18, 1, 5, 12, 17, 2, 9, 13, 8, 14, 7, 4, 16, 3]|[0, 2, 1, 1, 2, 1, 0, 0, 2, 0, 1, 2, 1, 1, 0, 0, 0, 2, 1, 0]|[3, 0, 1, 0, 1, 1, 2, 0, 0, 0, 0, 0, 0, 1, 3, 3, 3, 0, 1, 3]|[1, 1, 1, 0, 0, 1, 0, 2, 1, 2, 1, 0, 1, 0, 0, 2, 0, 1, 1, 0];[0, 19, 6, 10, 15, 11, 18, 1, 5, 12, 17, 2, 13, 9, 8, 14, 7, 4, 16, 3]|[0, 2, 1, 1, 2, 1, 0, 0, 2, 0, 1, 2, 1, 1, 0, 0, 0, 2, 1, 0]|[3, 0, 1, 1, 0, 0, 2, 0, 0, 0, 0, 0, 0, 1, 3, 3, 3, 0, 1, 3]|[1, 1, 1, 0, 0, 1, 0, 2, 1, 2, 1, 0, 1, 0, 0, 2, 0, 1, 1, 0];[1, 19, 5, 10, 14, 11, 18, 0, 6, 7, 17, 2, 9, 13, 8, 15, 12, 4, 16, 3]|[0, 2, 1, 1, 2, 1, 0, 0, 2, 0, 1, 2, 1, 1, 0, 0, 0, 2, 1, 0]|[3, 0, 1, 1, 0, 0, 2, 0, 0, 0, 0, 0, 0, 1, 3, 3, 3, 0, 1, 3]|[1, 1, 1, 0, 0, 1, 0, 2, 1, 2, 1, 0, 1, 0, 0, 2, 0, 1, 1, 0];[0, 19, 6, 10, 15, 11, 18, 1, 5, 12, 17, 2, 13, 9, 8, 14, 7, 16, 4, 3]|[0, 2, 1, 1, 2, 1, 0, 0, 2, 0, 1, 2, 1, 1, 0, 0, 0, 2, 1, 0]|[3, 0, 1, 1, 0, 1, 3, 0, 0, 0, 1, 0, 0, 1, 3, 3, 3, 0, 1, 3]|[1, 1, 1, 0, 0, 1, 0, 2, 1, 2, 1, 0, 1, 0, 0, 2, 0, 1, 1, 0];[0, 19, 6, 10, 15, 11, 18, 1, 5, 12, 17, 2, 7, 9, 8, 14, 13, 16, 4, 3]|[0, 2, 1, 1, 2, 1, 0, 0, 2, 0, 1, 2, 1, 1, 0, 0, 0, 2, 1, 0]|[3, 0, 1, 1, 0, 1, 3, 0, 0, 0, 1, 0, 0, 1, 3, 3, 3, 0, 1, 3]|[1, 1, 1, 0, 0, 1, 0, 2, 1, 2, 1, 0, 1, 0, 0, 2, 0, 1, 1, 0];[12, 19, 6, 10, 8, 11, 18, 0, 5, 1, 17, 2, 7, 9, 15, 13, 16, 4, 14, 3]|[0, 2, 1, 1, 2, 1, 0, 0, 2, 0, 1, 2, 1, 1, 0, 0, 2, 1, 0, 0]|[3, 0, 1, 1, 0, 1, 3, 3, 0, 3, 1, 0, 0, 1, 3, 3, 0, 1, 3, 3]|[0, 1, 1, 0, 0, 1, 2, 0, 1, 2, 1, 0, 1, 0, 0, 2, 1, 1, 0, 2];[5, 15, 16, 10, 4, 11, 12, 13, 18, 3, 14, 17, 8, 7, 9, 6, 19, 2, 0, 1]|[2, 2, 1, 1, 2, 1, 0, 0, 0, 0, 0, 1, 2, 1, 1, 1, 2, 0, 0, 0]|[0, 0, 1, 1, 0, 1, 3, 3, 3, 3, 3, 1, 0, 0, 1, 1, 0, 3, 3, 3]|[1, 1, 1, 0, 0, 1, 0, 2, 0, 0, 2, 1, 0, 1, 0, 1, 1, 0, 2, 0];[19, 16, 2, 12, 5, 15, 18, 8, 10, 13, 9, 17, 11, 14, 1, 0, 7, 4, 6, 3]|[2, 1, 2, 0, 2, 0, 0, 2, 1, 1, 1, 1, 1, 0, 0, 0, 0, 2, 1, 0]|[0, 1, 0, 3, 0, 3, 3, 0, 1, 1, 1, 1, 1, 3, 3, 3, 3, 0, 1, 3]|[1, 1, 0, 2, 1, 0, 2, 0, 1, 1, 1, 1, 1, 0, 0, 2, 0, 1, 1, 0];[19, 16, 8, 0, 5, 12, 18, 10, 9, 13, 2, 17, 3, 14, 7, 15, 4, 11, 6, 1]|[2, 1, 2, 0, 2, 0, 0, 1, 1, 1, 2, 1, 0, 0, 0, 0, 2, 1, 1, 0]|[0, 1, 0, 3, 0, 3, 3, 1, 1, 1, 0, 1, 3, 3, 3, 3, 0, 1, 1, 3]|[1, 1, 0, 0, 1, 2, 0, 1, 1, 1, 0, 1, 0, 2, 2, 0, 1, 1, 1, 0];[14, 19, 6, 10, 15, 11, 18, 1, 12, 9, 13, 2, 17, 5, 4, 16, 8, 0, 3, 7]|[0, 2, 1, 1, 2, 1, 0, 0, 0, 1, 1, 2, 1, 2, 1, 2, 0, 0, 0, 0]|[3, 0, 1, 1, 0, 0, 3, 3, 3, 1, 0, 0, 1, 0, 1, 0, 3, 3, 3, 3]|[0, 1, 1, 0, 0, 1, 2, 0, 2, 0, 1, 0, 1, 1, 1, 1, 0, 2, 0, 0];[19, 5, 15, 16, 18, 1, 4, 7, 14, 13, 10, 2, 9, 12, 0, 11, 6, 8, 17, 3]|[2, 1, 2, 1, 0, 0, 2, 0, 0, 1, 1, 2, 1, 0, 0, 1, 1, 2, 0, 0]|[0, 1, 0, 1, 3, 3, 0, 0, 3, 1, 1, 0, 1, 3, 3, 1, 1, 0, 3, 3]|[1, 1, 0, 1, 0, 0, 1, 2, 2, 1, 1, 0, 1, 0, 0, 1, 1, 1, 0, 2];[19, 5, 15, 16, 18, 1, 4, 7, 14, 13, 10, 2, 9, 12, 0, 11, 6, 8, 17, 3]|[2, 1, 2, 1, 0, 0, 2, 0, 0, 1, 1, 2, 1, 0, 0, 1, 1, 2, 0, 0]|[0, 1, 0, 1, 3, 3, 0, 0, 3, 1, 1, 0, 1, 3, 3, 1, 1, 0, 3, 3]|[1, 1, 0, 1, 0, 0, 1, 2, 2, 1, 1, 0, 1, 0, 0, 1, 1, 1, 0, 2];[19, 4, 10, 15, 11, 17, 2, 7, 9, 5, 16, 6, 12, 8, 14, 18, 3, 0, 13, 1]|[2, 1, 1, 2, 1, 1, 2, 1, 1, 2, 2, 1, 0, 0, 0, 0, 0, 0, 0, 0]|[0, 0, 1, 0, 1, 1, 0, 1, 1, 0, 0, 1, 3, 3, 3, 3, 3, 3, 3, 3]|[1, 0, 1, 0, 1, 1, 0, 1, 1, 1, 1, 1, 0, 2, 0, 2, 0, 2, 0, 0];[14, 19, 16, 2, 11, 13, 18, 0, 5, 12, 8, 10, 9, 1, 7, 3, 4, 17, 6, 15]|[0, 2, 1, 2, 1, 1, 0, 0, 2, 0, 2, 1, 1, 0, 0, 0, 2, 1, 1, 0]|[3, 0, 1, 0, 1, 1, 3, 3, 0, 3, 0, 1, 1, 3, 3, 3, 0, 1, 1, 3]|[0, 1, 1, 0, 1, 1, 2, 0, 1, 2, 0, 1, 1, 0, 2, 0, 1, 1, 1, 0];[14, 19, 16, 10, 13, 4, 12, 7, 2, 0, 18, 15, 17, 11, 8, 1, 9, 5, 6, 3]|[0, 2, 1, 1, 1, 2, 1, 0, 2, 0, 0, 2, 1, 1, 0, 0, 0, 2, 1, 0]|[3, 0, 1, 1, 1, 0, 1, 0, 0, 3, 2, 0, 1, 1, 3, 3, 3, 0, 1, 3]|[1, 1, 1, 1, 1, 1, 1, 2, 1, 2, 0, 0, 1, 1, 0, 2, 0, 1, 1, 0];[0, 19, 6, 10, 15, 11, 18, 1, 5, 12, 17, 2, 7, 9, 8, 14, 13, 16, 4, 3]|[0, 2, 1, 1, 2, 0, 0, 0, 2, 0, 1, 2, 1, 1, 0, 0, 0, 2, 1, 0]|[3, 0, 1, 1, 0, 3, 2, 0, 0, 0, 1, 0, 0, 1, 3, 3, 3, 0, 1, 3]|[1, 1, 1, 0, 0, 1, 0, 2, 1, 2, 1, 0, 1, 0, 0, 2, 0, 1, 1, 0];[0, 19, 6, 10, 15, 11, 18, 1, 5, 12, 17, 2, 13, 9, 16, 4, 7, 14, 3, 8]|[0, 2, 1, 1, 2, 1, 0, 0, 2, 0, 1, 2, 1, 1, 0, 0, 0, 2, 0, 0]|[3, 0, 1, 1, 0, 0, 2, 0, 0, 0, 0, 0, 0, 1, 3, 3, 3, 0, 1, 3]|[1, 1, 1, 0, 0, 1, 0, 2, 1, 2, 1, 0, 1, 0, 0, 2, 0, 1, 1, 0];[9, 3, 5, 10, 12, 2, 15, 13, 17, 4, 7, 11, 8, 16, 14, 6, 19, 0, 1, 18]|[0, 0, 1, 1, 1, 2, 2, 1, 0, 2, 1, 1, 0, 2, 2, 1, 0, 0, 0, 0]|[3, 3, 0, 1, 0, 0, 0, 1, 0, 0, 1, 1, 0, 0, 0, 1, 2, 3, 3, 1]|[0, 0, 1, 0, 1, 0, 0, 1, 2, 1, 1, 1, 2, 0, 1, 1, 1, 0, 0, 0];[9, 3, 5, 10, 12, 2, 15, 13, 17, 4, 7, 11, 8, 16, 14, 6, 19, 0, 1, 18]|[0, 0, 1, 1, 1, 2, 2, 1, 0, 2, 1, 1, 0, 2, 2, 1, 0, 0, 0, 0]|[3, 3, 0, 1, 0, 0, 0, 1, 0, 0, 1, 1, 0, 0, 0, 1, 2, 3, 3, 1]|[0, 0, 1, 0, 1, 0, 0, 1, 2, 1, 1, 1, 2, 0, 1, 1, 1, 0, 0, 0];[19, 5, 10, 15, 11, 7, 14, 2, 0, 16, 4, 9, 8, 6, 17, 12, 3, 13, 1, 18]|[2, 1, 1, 2, 1, 0, 0, 2, 0, 1, 2, 1, 1, 2, 0, 1, 0, 0, 0, 0]|[1, 1, 0, 0, 1, 0, 0, 0, 0, 1, 0, 0, 1, 0, 3, 0, 3, 3, 3, 0]|[1, 1, 0, 0, 1, 2, 1, 1, 2, 1, 0, 1, 0, 1, 0, 1, 0, 0, 0, 1];[1, 19, 6, 10, 15, 11, 18, 14, 5, 7, 13, 0, 16, 17, 12, 2, 8, 4, 3, 9]|[0, 2, 1, 1, 2, 1, 0, 0, 2, 0, 1, 2, 1, 1, 0, 0, 0, 2, 1, 0]|[3, 0, 1, 1, 0, 1, 1, 0, 0, 0, 1, 0, 0, 1, 3, 3, 3, 0, 1, 3]|[1, 1, 1, 1, 0, 1, 0, 2, 1, 1, 1, 0, 1, 0, 0, 2, 0, 1, 1, 0];[1, 19, 6, 10, 15, 11, 18, 14, 5, 7, 13, 0, 16, 17, 12, 2, 8, 4, 3, 9]|[0, 2, 1, 1, 2, 1, 0, 0, 2, 0, 1, 2, 1, 1, 0, 0, 0, 2, 1, 0]|[3, 0, 1, 1, 0, 1, 1, 0, 0, 0, 1, 0, 0, 1, 3, 3, 3, 0, 1, 3]|[1, 1, 1, 1, 0, 1, 0, 2, 1, 1, 1, 0, 1, 0, 0, 2, 0, 1, 1, 0];[19, 5, 10, 15, 11, 7, 14, 2, 0, 16, 4, 9, 8, 6, 17, 12, 3, 13, 1, 18]|[2, 1, 1, 2, 1, 0, 0, 2, 0, 1, 2, 1, 1, 2, 0, 1, 0, 0, 0, 0]|[1, 1, 0, 0, 1, 0, 0, 0, 0, 1, 0, 0, 1, 0, 3, 0, 3, 3, 3, 0]|[1, 1, 0, 0, 1, 2, 1, 1, 2, 1, 0, 1, 0, 1, 0, 1, 0, 0, 0, 1];[14, 19, 16, 15, 5, 11, 18, 1, 10, 12, 9, 2, 17, 13, 0, 3, 7, 4, 6, 8]|[0, 2, 1, 2, 1, 1, 0, 0, 2, 0, 1, 2, 1, 1, 0, 0, 0, 2, 1, 0]|[3, 0, 1, 0, 1, 1, 3, 3, 0, 0, 1, 0, 1, 1, 3, 3, 3, 0, 1, 3]|[0, 1, 1, 0, 1, 1, 1, 2, 1, 0, 1, 0, 1, 1, 0, 0, 2, 1, 1, 0];[12, 6, 16, 15, 7, 11, 8, 2, 17, 0, 5, 14, 3, 13, 10, 4, 9, 1, 19, 18]|[0, 2, 1, 2, 0, 1, 1, 2, 0, 0, 2, 0, 0, 1, 1, 2, 1, 0, 0, 0]|[1, 0, 1, 0, 3, 1, 1, 0, 0, 0, 1, 3, 3, 0, 0, 1, 0, 3, 0, 3]|[2, 1, 1, 1, 1, 1, 0, 0, 1, 2, 1, 0, 0, 1, 1, 0, 1, 0, 1, 2];[1, 19, 2, 17, 18, 4, 12, 11, 15, 10, 6, 9, 13, 3, 5, 14, 7, 16, 0, 8]|[0, 2, 2, 1, 0, 2, 0, 1, 2, 1, 2, 1, 1, 0, 0, 0, 1, 1, 0, 0]|[3, 0, 0, 0, 1, 0, 0, 1, 0, 1, 0, 0, 1, 3, 3, 0, 0, 1, 3, 0]|[1, 1, 0, 1, 0, 1, 2, 1, 0, 1, 1, 1, 0, 0, 2, 1, 1, 1, 0, 2];[1, 19, 2, 17, 18, 4, 12, 11, 15, 10, 6, 9, 13, 3, 5, 14, 7, 16, 0, 8]|[0, 2, 2, 1, 0, 2, 0, 1, 2, 1, 2, 1, 1, 0, 0, 0, 1, 1, 0, 0]|[3, 0, 0, 0, 1, 0, 0, 1, 0, 1, 0, 0, 1, 3, 3, 0, 0, 1, 3, 0]|[1, 1, 0, 1, 0, 1, 2, 1, 0, 1, 1, 1, 0, 0, 2, 1, 1, 1, 0, 2];[1, 5, 10, 7, 19, 4, 16, 14, 0, 12, 15, 11, 17, 9, 18, 3, 13, 2, 6, 8]|[0, 1, 1, 0, 2, 2, 2, 0, 1, 1, 2, 1, 1, 0, 0, 0, 0, 2, 1, 0]|[1, 1, 0, 0, 1, 1, 0, 0, 0, 0, 0, 0, 1, 3, 3, 3, 0, 0, 1, 3]|[1, 0, 1, 2, 0, 0, 1, 2, 1, 1, 1, 1, 0, 0, 0, 2, 0, 1, 1, 0];[1, 5, 10, 7, 19, 4, 16, 14, 0, 12, 15, 11, 17, 9, 18, 3, 13, 2, 6, 8]|[0, 1, 1, 0, 2, 2, 2, 0, 1, 1, 2, 1, 1, 0, 0, 0, 0, 2, 1, 0]|[1, 1, 0, 0, 1, 1, 0, 0, 0, 0, 0, 0, 1, 3, 3, 3, 0, 0, 1, 3]|[1, 0, 1, 2, 0, 0, 1, 2, 1, 1, 1, 1, 0, 0, 0, 2, 0, 1, 1, 0];[1, 4, 16, 11, 14, 2, 7, 8, 12, 17, 9, 10, 5, 13, 18, 3, 19, 15, 6, 0]|[0, 1, 2, 1, 0, 2, 0, 2, 1, 1, 1, 1, 0, 0, 0, 2, 2, 2, 1, 0]|[3, 1, 1, 1, 0, 1, 0, 0, 0, 0, 1, 1, 3, 3, 0, 0, 0, 0, 1, 3]|[1, 1, 1, 1, 2, 1, 2, 0, 1, 1, 0, 1, 0, 2, 0, 0, 1, 1, 1, 2];[1, 4, 16, 11, 14, 2, 7, 8, 12, 17, 9, 10, 5, 13, 18, 3, 19, 15, 6, 0]|[0, 1, 2, 1, 0, 2, 0, 2, 1, 1, 1, 1, 0, 0, 0, 2, 2, 2, 1, 0]|[3, 1, 1, 1, 0, 1, 0, 0, 0, 0, 1, 1, 3, 3, 0, 0, 0, 0, 1, 3]|[1, 1, 1, 1, 2, 1, 2, 0, 1, 1, 0, 1, 0, 2, 0, 0, 1, 1, 1, 2];[6, 10, 15, 11, 12, 14, 8, 13, 16, 9, 17, 3, 18, 5, 0, 1, 4, 19, 2, 7]|[1, 1, 2, 1, 0, 0, 1, 1, 2, 1, 2, 0, 0, 0, 0, 0, 2, 2, 1, 0]|[1, 1, 1, 0, 3, 0, 0, 0, 0, 0, 0, 3, 1, 3, 0, 0, 0, 0, 1, 3]|[0, 0, 0, 1, 2, 1, 1, 1, 1, 1, 0, 0, 0, 2, 2, 1, 1, 1, 1, 0];[6, 10, 15, 11, 12, 14, 8, 13, 16, 9, 17, 3, 18, 5, 0, 1, 4, 19, 2, 7]|[1, 1, 2, 1, 0, 0, 1, 1, 2, 1, 2, 0, 0, 0, 0, 0, 2, 2, 1, 0]|[1, 1, 1, 0, 3, 0, 0, 0, 0, 0, 0, 3, 1, 3, 0, 0, 0, 0, 1, 3]|[0, 0, 0, 1, 2, 1, 1, 1, 1, 1, 0, 0, 0, 2, 2, 1, 1, 1, 1, 0];[12, 19, 5, 10, 15, 11, 14, 18, 3, 16, 17, 2, 0, 4, 9, 6, 1, 13, 7, 8]|[0, 2, 1, 1, 0, 1, 0, 0, 2, 2, 1, 2, 1, 2, 1, 1, 0, 0, 0, 0]|[3, 0, 0, 1, 2, 0, 1, 0, 0, 0, 1, 1, 0, 0, 0, 1, 0, 3, 3, 3]|[0, 1, 1, 0, 1, 1, 2, 0, 0, 1, 1, 1, 1, 0, 1, 0, 0, 2, 1, 0];[12, 19, 5, 10, 15, 11, 14, 18, 3, 16, 17, 2, 0, 4, 9, 6, 1, 13, 7, 8]|[0, 2, 1, 1, 0, 1, 0, 0, 2, 2, 1, 2, 1, 2, 1, 1, 0, 0, 0, 0]|[3, 0, 0, 1, 2, 0, 1, 0, 0, 0, 1, 1, 0, 0, 0, 1, 0, 3, 3, 3]|[0, 1, 1, 0, 1, 1, 2, 0, 0, 1, 1, 1, 1, 0, 1, 0, 0, 2, 1, 0];[1, 19, 16, 10, 4, 6, 15, 12, 2, 11, 13, 17, 9, 5, 7, 14, 18, 0, 8, 3]|[0, 2, 1, 1, 2, 0, 2, 0, 2, 1, 1, 1, 1, 2, 0, 0, 0, 0, 1, 2]|[3, 1, 1, 1, 0, 0, 0, 0, 0, 1, 1, 0, 0, 0, 3, 3, 2, 3, 1, 0]|[0, 0, 1, 1, 1, 1, 1, 2, 0, 1, 0, 1, 1, 1, 0, 2, 0, 0, 1, 1];[19, 15, 4, 12, 16, 7, 10, 14, 2, 9, 17, 6, 8, 18, 5, 13, 1, 11, 3, 0]|[2, 2, 1, 0, 2, 0, 1, 1, 2, 1, 1, 1, 0, 0, 0, 2, 2, 1, 0, 0]|[0, 0, 1, 3, 0, 1, 0, 0, 0, 0, 1, 1, 0, 3, 2, 1, 1, 0, 3, 3]|[1, 1, 1, 0, 1, 2, 1, 1, 0, 1, 0, 0, 0, 1, 2, 1, 1, 1, 0, 2];[19, 16, 15, 11, 0, 6, 4, 3, 13, 17, 9, 10, 8, 18, 14, 2, 7, 5, 12, 1]|[2, 1, 2, 1, 0, 0, 2, 0, 1, 1, 1, 1, 2, 0, 0, 0, 0, 1, 2, 0]|[0, 1, 0, 1, 3, 3, 0, 3, 1, 1, 1, 1, 0, 3, 3, 3, 3, 1, 0, 3]|[1, 1, 0, 1, 0, 2, 1, 0, 1, 1, 1, 1, 0, 0, 2, 0, 2, 1, 1, 0];[19, 5, 10, 15, 11, 18, 4, 12, 9, 13, 0, 17, 8, 2, 6, 14, 3, 7, 16, 1]|[2, 1, 1, 2, 1, 0, 2, 0, 1, 1, 2, 1, 0, 1, 2, 0, 0, 0, 0, 0]|[0, 1, 1, 0, 1, 3, 0, 3, 1, 0, 0, 1, 3, 1, 0, 3, 3, 3, 3, 3]|[1, 1, 1, 0, 1, 0, 1, 2, 0, 1, 0, 1, 0, 1, 1, 2, 0, 0, 2, 0];[19, 16, 15, 11, 0, 6, 4, 3, 13, 17, 9, 10, 8, 18, 14, 2, 7, 5, 12, 1]|[2, 1, 2, 1, 0, 0, 2, 0, 1, 1, 1, 1, 2, 0, 0, 0, 0, 1, 2, 0]|[0, 1, 0, 1, 3, 3, 0, 3, 1, 1, 1, 1, 0, 3, 3, 3, 3, 1, 0, 3]|[1, 1, 0, 1, 0, 2, 1, 0, 1, 1, 1, 1, 0, 0, 2, 0, 2, 1, 1, 0];[19, 5, 10, 15, 11, 18, 4, 12, 9, 13, 0, 17, 8, 2, 6, 14, 3, 7, 16, 1]|[2, 1, 1, 2, 1, 0, 2, 0, 1, 1, 2, 1, 0, 1, 2, 0, 0, 0, 0, 0]|[0, 1, 1, 0, 1, 3, 0, 3, 1, 0, 0, 1, 3, 1, 0, 3, 3, 3, 3, 3]|[1, 1, 1, 0, 1, 0, 1, 2, 0, 1, 0, 1, 0, 1, 1, 2, 0, 0, 2, 0];[19, 16, 15, 11, 6, 12, 5, 18, 0, 14, 17, 2, 7, 13, 1, 8, 9, 4, 10, 3]|[2, 1, 2, 1, 1, 0, 2, 0, 0, 0, 1, 2, 1, 1, 0, 0, 0, 2, 1, 0]|[0, 1, 0, 1, 1, 3, 0, 3, 3, 3, 1, 0, 1, 1, 3, 3, 3, 0, 1, 3]|[1, 1, 0, 1, 1, 2, 1, 0, 0, 2, 1, 0, 1, 1, 0, 2, 0, 1, 1, 0];[1, 5, 19, 2, 18, 17, 10, 12, 4, 8, 15, 9, 13, 7, 16, 3, 14, 6, 11, 0]|[0, 1, 2, 2, 2, 1, 1, 0, 2, 0, 2, 1, 1, 0, 0, 0, 2, 1, 1, 0]|[3, 1, 1, 0, 0, 1, 1, 0, 0, 0, 0, 0, 1, 3, 3, 3, 0, 1, 1, 3]|[1, 1, 1, 0, 1, 1, 1, 2, 1, 2, 1, 1, 0, 0, 0, 2, 0, 1, 1, 0];[1, 5, 19, 2, 18, 17, 10, 12, 4, 8, 15, 9, 13, 7, 16, 3, 14, 6, 11, 0]|[0, 1, 2, 2, 2, 1, 1, 0, 2, 0, 2, 1, 1, 0, 0, 0, 2, 1, 1, 0]|[3, 1, 1, 0, 0, 1, 1, 0, 0, 0, 0, 0, 1, 3, 3, 3, 0, 1, 1, 3]|[1, 1, 1, 0, 1, 1, 1, 2, 1, 2, 1, 1, 0, 0, 0, 2, 0, 1, 1, 0];[19, 5, 10, 15, 11, 6, 3, 17, 16, 13, 2, 14, 7, 18, 9, 1, 0, 4, 8, 12]|[2, 1, 1, 2, 1, 0, 0, 1, 2, 1, 2, 0, 0, 0, 0, 0, 0, 2, 1, 0]|[0, 1, 1, 0, 1, 3, 3, 1, 0, 1, 0, 3, 3, 3, 3, 3, 3, 0, 1, 3]|[1, 1, 0, 1, 1, 0, 2, 0, 0, 1, 1, 0, 2, 0, 0, 2, 0, 1, 1, 0];[19, 5, 10, 15, 11, 6, 3, 17, 16, 13, 2, 14, 7, 18, 9, 1, 0, 4, 8, 12]|[2, 1, 1, 2, 1, 0, 0, 1, 2, 1, 2, 0, 0, 0, 0, 0, 0, 2, 1, 0]|[0, 1, 1, 0, 1, 3, 3, 1, 0, 1, 0, 3, 3, 3, 3, 3, 3, 0, 1, 3]|[1, 1, 0, 1, 1, 0, 2, 0, 0, 1, 1, 0, 2, 0, 0, 2, 0, 1, 1, 0];[16, 14, 15, 17, 5, 11, 19, 2, 10, 7, 6, 12, 3, 13, 1, 0, 4, 8, 9, 18]|[2, 0, 2, 1, 1, 1, 2, 1, 1, 2, 1, 0, 0, 0, 0, 0, 2, 2, 1, 0]|[1, 1, 0, 1, 1, 1, 0, 0, 0, 1, 1, 0, 3, 3, 3, 3, 0, 0, 0, 3]|[0, 2, 1, 1, 1, 1, 1, 0, 0, 1, 1, 1, 0, 0, 1, 2, 0, 0, 1, 0];[16, 14, 15, 17, 5, 11, 19, 2, 10, 7, 6, 12, 3, 13, 1, 0, 4, 8, 9, 18]|[2, 0, 2, 1, 1, 1, 2, 1, 1, 2, 1, 0, 0, 0, 0, 0, 2, 2, 1, 0]|[1, 1, 0, 1, 1, 1, 0, 0, 0, 1, 1, 0, 3, 3, 3, 3, 0, 0, 0, 3]|[0, 2, 1, 1, 1, 1, 1, 0, 0, 1, 1, 1, 0, 0, 1, 2, 0, 0, 1, 0];[14, 19, 6, 15, 11, 4, 7, 1, 12, 13, 2, 17, 9, 8, 5, 0, 18, 10, 16, 3]|[0, 2, 1, 2, 1, 2, 0, 0, 0, 1, 2, 1, 1, 0, 2, 0, 0, 1, 1, 0]|[3, 0, 1, 0, 1, 0, 3, 3, 3, 1, 0, 1, 1, 3, 0, 3, 3, 1, 1, 3]|[0, 1, 1, 0, 1, 1, 0, 2, 2, 1, 0, 1, 1, 0, 1, 2, 0, 1, 1, 0];[1, 19, 5, 15, 4, 16, 14, 10, 7, 17, 2, 8, 18, 11, 12, 3, 9, 13, 6, 0]|[0, 2, 1, 2, 1, 0, 2, 1, 1, 1, 2, 0, 0, 1, 0, 0, 2, 2, 1, 0]|[3, 0, 1, 0, 1, 3, 0, 1, 1, 1, 0, 0, 3, 1, 3, 3, 1, 0, 1, 3]|[1, 1, 1, 0, 1, 0, 1, 1, 1, 1, 1, 2, 0, 1, 0, 2, 0, 1, 1, 0];[1, 19, 5, 15, 4, 16, 14, 10, 7, 17, 2, 8, 18, 11, 12, 3, 9, 13, 6, 0]|[0, 2, 1, 2, 1, 0, 2, 1, 1, 1, 2, 0, 0, 1, 0, 0, 2, 2, 1, 0]|[3, 0, 1, 0, 1, 3, 0, 1, 1, 1, 0, 0, 3, 1, 3, 3, 1, 0, 1, 3]|[1, 1, 1, 0, 1, 0, 1, 1, 1, 1, 1, 2, 0, 1, 0, 2, 0, 1, 1, 0];[1, 19, 10, 8, 4, 9, 16, 2, 12, 5, 18, 14, 3, 6, 11, 15, 13, 7, 0, 17]|[0, 2, 0, 2, 1, 0, 2, 1, 1, 2, 0, 0, 0, 0, 0, 1, 0, 0, 0, 2]|[2, 0, 3, 1, 1, 0, 0, 0, 0, 0, 0, 3, 0, 3, 0, 0, 0, 1, 0, 0]|[1, 1, 2, 1, 1, 1, 0, 1, 1, 0, 2, 0, 1, 0, 2, 1, 0, 0, 1, 1];[1, 19, 10, 8, 4, 9, 16, 2, 12, 5, 18, 14, 3, 6, 11, 15, 13, 7, 0, 17]|[0, 2, 0, 2, 1, 0, 2, 1, 1, 2, 0, 0, 0, 0, 0, 1, 0, 0, 0, 2]|[2, 0, 3, 1, 1, 0, 0, 0, 0, 0, 0, 3, 0, 3, 0, 0, 0, 1, 0, 0]|[1, 1, 2, 1, 1, 1, 0, 1, 1, 0, 2, 0, 1, 0, 2, 1, 0, 0, 1, 1];[1, 19, 3, 15, 11, 18, 14, 2, 12, 5, 4, 10, 9, 6, 13, 0, 16, 17, 8, 7]|[0, 2, 1, 2, 1, 0, 0, 2, 0, 1, 2, 1, 1, 1, 0, 1, 2, 2, 0, 0]|[0, 1, 1, 0, 0, 3, 1, 1, 3, 1, 0, 0, 0, 1, 3, 1, 0, 1, 3, 0]|[0, 1, 1, 0, 0, 1, 2, 1, 0, 1, 0, 1, 1, 0, 0, 1, 1, 0, 2, 0];[1, 19, 3, 15, 11, 18, 14, 2, 12, 5, 4, 10, 9, 6, 13, 0, 16, 17, 8, 7]|[0, 2, 1, 2, 1, 0, 0, 2, 0, 1, 2, 1, 1, 1, 0, 1, 2, 2, 0, 0]|[0, 1, 1, 0, 0, 3, 1, 1, 3, 1, 0, 0, 0, 1, 3, 1, 0, 1, 3, 0]|[0, 1, 1, 0, 0, 1, 2, 1, 0, 1, 0, 1, 1, 0, 0, 1, 1, 0, 2, 0];[6, 19, 13, 1, 4, 7, 8, 16, 2, 12, 0, 10, 9, 17, 14, 5, 11, 3, 18, 15]|[0, 2, 0, 0, 2, 1, 0, 2, 1, 1, 0, 2, 0, 0, 0, 1, 0, 0, 0, 2]|[0, 1, 3, 3, 1, 1, 0, 0, 1, 0, 0, 0, 0, 3, 2, 0, 3, 0, 0, 0]|[0, 1, 2, 1, 1, 1, 2, 0, 1, 1, 1, 0, 1, 0, 1, 1, 0, 0, 2, 0];[19, 6, 10, 15, 11, 8, 3, 5, 9, 13, 2, 17, 4, 7, 14, 12, 18, 0, 16, 1]|[2, 1, 1, 2, 1, 2, 1, 2, 1, 1, 0, 0, 2, 1, 0, 0, 0, 0, 0, 0]|[0, 1, 1, 0, 1, 0, 0, 0, 0, 1, 3, 3, 0, 1, 3, 3, 3, 3, 3, 3]|[1, 1, 0, 0, 1, 1, 1, 0, 1, 0, 0, 2, 1, 1, 0, 2, 0, 0, 2, 0];[19, 6, 10, 15, 11, 8, 3, 5, 9, 13, 2, 17, 4, 7, 14, 12, 18, 0, 16, 1]|[2, 1, 1, 2, 1, 2, 1, 2, 1, 1, 0, 0, 2, 1, 0, 0, 0, 0, 0, 0]|[0, 1, 1, 0, 1, 0, 0, 0, 0, 1, 3, 3, 0, 1, 3, 3, 3, 3, 3, 3]|[1, 1, 0, 0, 1, 1, 1, 0, 1, 0, 0, 2, 1, 1, 0, 2, 0, 0, 2, 0];[18, 19, 4, 6, 15, 10, 1, 14, 16, 5, 17, 12, 9, 11, 7, 2, 13, 3, 0, 8]|[0, 2, 1, 1, 0, 1, 0, 2, 2, 0, 1, 1, 2, 1, 2, 2, 2, 2, 1, 0]|[3, 0, 1, 1, 1, 1, 0, 0, 1, 3, 1, 0, 0, 0, 0, 1, 1, 0, 1, 3]|[1, 1, 1, 1, 2, 1, 0, 0, 1, 0, 0, 1, 0, 1, 0, 1, 0, 1, 1, 0];[18, 19, 4, 6, 15, 10, 1, 14, 16, 5, 17, 12, 9, 11, 7, 2, 13, 3, 0, 8]|[0, 2, 1, 1, 0, 1, 0, 2, 2, 0, 1, 1, 2, 1, 2, 2, 2, 2, 1, 0]|[3, 0, 1, 1, 1, 1, 0, 0, 1, 3, 1, 0, 0, 0, 0, 1, 1, 0, 1, 3]|[1, 1, 1, 1, 2, 1, 0, 0, 1, 0, 0, 1, 0, 1, 0, 1, 0, 1, 1, 0];[19, 6, 10, 15, 11, 5, 12, 8, 17, 2, 7, 9, 14, 18, 13, 1, 0, 16, 4, 3]|[2, 1, 1, 2, 1, 0, 2, 0, 1, 2, 1, 1, 0, 0, 0, 0, 0, 2, 1, 0]|[0, 1, 1, 0, 1, 3, 0, 3, 1, 0, 0, 1, 3, 3, 3, 3, 3, 0, 1, 3]|[1, 1, 0, 0, 1, 0, 1, 2, 1, 0, 1, 0, 0, 2, 0, 0, 2, 1, 1, 0];[19, 6, 10, 8, 4, 9, 1, 16, 2, 12, 11, 5, 14, 17, 13, 15, 7, 0, 18, 3]|[2, 0, 0, 2, 1, 0, 0, 2, 1, 1, 0, 2, 0, 0, 0, 1, 0, 0, 0, 2]|[0, 3, 0, 1, 1, 0, 3, 0, 1, 0, 0, 0, 0, 3, 0, 0, 2, 0, 0, 0]|[1, 2, 0, 1, 1, 1, 0, 0, 1, 1, 2, 0, 0, 1, 1, 0, 2, 0, 1, 0];[19, 6, 10, 8, 4, 9, 1, 16, 2, 12, 11, 5, 14, 17, 13, 15, 7, 0, 18, 3]|[2, 0, 0, 2, 1, 0, 0, 2, 1, 1, 0, 2, 0, 0, 0, 1, 0, 0, 0, 2]|[0, 3, 0, 1, 1, 0, 3, 0, 1, 0, 0, 0, 0, 3, 0, 0, 2, 0, 0, 0]|[1, 2, 0, 1, 1, 1, 0, 0, 1, 1, 2, 0, 0, 1, 1, 0, 2, 0, 1, 0];[9, 2, 6, 11, 8, 4, 1, 16, 19, 12, 10, 5, 17, 14, 3, 7, 13, 18, 0, 15]|[0, 2, 0, 0, 2, 1, 0, 2, 1, 1, 0, 2, 0, 0, 1, 0, 0, 0, 0, 2]|[0, 0, 3, 0, 1, 1, 3, 0, 1, 0, 0, 0, 0, 3, 0, 0, 2, 0, 0, 0]|[1, 1, 0, 2, 1, 1, 1, 0, 1, 1, 2, 0, 1, 0, 0, 0, 1, 2, 0, 1];[9, 2, 6, 11, 8, 4, 1, 16, 19, 12, 10, 5, 17, 14, 3, 7, 13, 18, 0, 15]|[0, 2, 0, 0, 2, 1, 0, 2, 1, 1, 0, 2, 0, 0, 1, 0, 0, 0, 0, 2]|[0, 0, 3, 0, 1, 1, 3, 0, 1, 0, 0, 0, 0, 3, 0, 0, 2, 0, 0, 0]|[1, 1, 0, 2, 1, 1, 1, 0, 1, 1, 2, 0, 1, 0, 0, 0, 1, 2, 0, 1];[6, 19, 5, 10, 8, 4, 16, 2, 12, 1, 14, 17, 3, 7, 0, 13, 11, 9, 18, 15]|[0, 2, 2, 0, 2, 1, 2, 1, 1, 0, 1, 0, 0, 0, 0, 0, 0, 0, 0, 2]|[3, 0, 0, 0, 1, 1, 0, 1, 0, 3, 1, 0, 0, 0, 1, 0, 0, 0, 0, 0]|[2, 1, 0, 0, 1, 1, 1, 1, 1, 0, 0, 1, 2, 0, 0, 1, 2, 1, 2, 1];[6, 19, 5, 10, 8, 4, 16, 2, 12, 1, 14, 17, 3, 7, 0, 13, 11, 9, 18, 15]|[0, 2, 2, 0, 2, 1, 2, 1, 1, 0, 1, 0, 0, 0, 0, 0, 0, 0, 0, 2]|[3, 0, 0, 0, 1, 1, 0, 1, 0, 3, 1, 0, 0, 0, 1, 0, 0, 0, 0, 0]|[2, 1, 0, 0, 1, 1, 1, 1, 1, 0, 0, 1, 2, 0, 0, 1, 2, 1, 2, 1];[19, 4, 5, 15, 11, 2, 17, 8, 13, 7, 9, 1, 3, 12, 10, 6, 16, 18, 0, 14]|[2, 1, 1, 2, 1, 2, 0, 0, 1, 2, 1, 0, 0, 0, 1, 1, 2, 0, 0, 0]|[0, 1, 1, 0, 1, 0, 3, 3, 1, 0, 1, 3, 3, 3, 1, 1, 0, 3, 3, 3]|[1, 1, 1, 0, 1, 1, 0, 2, 1, 0, 1, 0, 0, 2, 1, 1, 1, 0, 2, 0];[19, 4, 5, 15, 11, 2, 17, 8, 13, 7, 9, 1, 3, 12, 10, 6, 16, 18, 0, 14]|[2, 1, 1, 2, 1, 2, 0, 0, 1, 2, 1, 0, 0, 0, 1, 1, 2, 0, 0, 0]|[0, 1, 1, 0, 1, 0, 3, 3, 1, 0, 1, 3, 3, 3, 1, 1, 0, 3, 3, 3]|[1, 1, 1, 0, 1, 1, 0, 2, 1, 0, 1, 0, 0, 2, 1, 1, 1, 0, 2, 0];[11, 19, 6, 8, 4, 9, 16, 2, 12, 1, 5, 18, 15, 14, 3, 17, 0, 7, 10, 13]|[0, 2, 0, 2, 1, 0, 2, 1, 1, 0, 2, 0, 0, 0, 1, 0, 0, 0, 0, 2]|[0, 0, 3, 1, 1, 0, 0, 1, 0, 3, 0, 0, 3, 0, 0, 3, 3, 0, 2, 0]|[2, 1, 0, 1, 1, 0, 0, 1, 1, 1, 0, 2, 0, 1, 1, 0, 2, 0, 2, 1];[10, 6, 19, 8, 4, 9, 16, 2, 12, 5, 18, 17, 1, 14, 13, 7, 3, 11, 0, 15]|[0, 0, 2, 2, 1, 0, 2, 1, 1, 2, 0, 0, 0, 0, 1, 0, 0, 0, 0, 2]|[0, 3, 0, 1, 1, 0, 0, 1, 0, 0, 0, 3, 3, 0, 0, 3, 0, 0, 0, 0]|[1, 2, 1, 1, 0, 1, 0, 1, 1, 0, 2, 0, 0, 1, 1, 0, 0, 2, 1, 0];[10, 6, 19, 8, 4, 9, 16, 2, 12, 5, 18, 17, 1, 14, 13, 7, 3, 11, 0, 15]|[0, 0, 2, 2, 1, 0, 2, 1, 1, 2, 0, 0, 0, 0, 1, 0, 0, 0, 0, 2]|[0, 3, 0, 1, 1, 0, 0, 1, 0, 0, 0, 3, 3, 0, 0, 3, 0, 0, 0, 0]|[1, 2, 1, 1, 0, 1, 0, 1, 1, 0, 2, 0, 0, 1, 1, 0, 0, 2, 1, 0];[17, 4, 8, 11, 12, 2, 16, 1, 9, 6, 19, 5, 0, 10, 7, 13, 18, 15, 14, 3]|[0, 1, 2, 0, 1, 1, 2, 0, 0, 0, 2, 2, 0, 0, 1, 0, 0, 0, 0, 2]|[3, 1, 1, 3, 0, 0, 0, 2, 0, 3, 0, 0, 0, 3, 0, 0, 0, 0, 0, 0]|[0, 1, 1, 2, 1, 1, 0, 1, 1, 0, 1, 0, 1, 2, 1, 0, 2, 0, 1, 1];[17, 4, 8, 11, 12, 2, 16, 1, 9, 6, 19, 5, 0, 10, 7, 13, 18, 15, 14, 3]|[0, 1, 2, 0, 1, 1, 2, 0, 0, 0, 2, 2, 0, 0, 1, 0, 0, 0, 0, 2]|[3, 1, 1, 3, 0, 0, 0, 2, 0, 3, 0, 0, 0, 3, 0, 0, 0, 0, 0, 0]|[0, 1, 1, 2, 1, 1, 0, 1, 1, 0, 1, 0, 1, 2, 1, 0, 2, 0, 1, 1];[14, 19, 6, 10, 8, 4, 9, 16, 2, 12, 5, 18, 17, 1, 11, 3, 0, 7, 15, 13]|[0, 2, 0, 0, 2, 1, 0, 2, 1, 1, 2, 0, 0, 0, 0, 1, 0, 0, 0, 2]|[0, 0, 3, 3, 1, 1, 0, 0, 1, 0, 0, 0, 3, 0, 0, 0, 3, 0, 2, 0]|[1, 1, 0, 2, 1, 1, 1, 0, 1, 1, 0, 2, 0, 1, 2, 1, 0, 1, 0, 1];[14, 19, 6, 10, 8, 4, 9, 16, 2, 12, 5, 18, 17, 1, 11, 3, 0, 7, 15, 13]|[0, 2, 0, 0, 2, 1, 0, 2, 1, 1, 2, 0, 0, 0, 0, 1, 0, 0, 0, 2]|[0, 0, 3, 3, 1, 1, 0, 0, 1, 0, 0, 0, 3, 0, 0, 0, 3, 0, 2, 0]|[1, 1, 0, 2, 1, 1, 1, 0, 1, 1, 0, 2, 0, 1, 2, 1, 0, 1, 0, 1];[1, 19, 10, 8, 4, 9, 16, 2, 12, 11, 5, 6, 17, 14, 18, 7, 13, 0, 15, 3]|[0, 2, 0, 2, 1, 0, 2, 1, 1, 0, 2, 0, 0, 0, 0, 1, 0, 0, 0, 2]|[3, 0, 3, 1, 1, 3, 0, 1, 0, 0, 0, 2, 3, 0, 0, 0, 3, 0, 0, 0]|[1, 1, 2, 1, 1, 1, 0, 1, 1, 2, 0, 0, 0, 1, 2, 1, 0, 0, 1, 1];[1, 19, 10, 8, 4, 9, 16, 2, 12, 11, 5, 6, 17, 14, 18, 7, 13, 0, 15, 3]|[0, 2, 0, 2, 1, 0, 2, 1, 1, 0, 2, 0, 0, 0, 0, 1, 0, 0, 0, 2]|[3, 0, 3, 1, 1, 3, 0, 1, 0, 0, 0, 2, 3, 0, 0, 0, 3, 0, 0, 0]|[1, 1, 2, 1, 1, 1, 0, 1, 1, 2, 0, 0, 0, 1, 2, 1, 0, 0, 1, 1];[0, 19, 6, 10, 8, 4, 9, 16, 2, 12, 18, 5, 17, 3, 7, 15, 13, 11, 1, 14]|[0, 2, 0, 0, 2, 1, 0, 2, 0, 1, 0, 2, 1, 0, 1, 0, 0, 0, 0, 2]|[0, 0, 3, 0, 1, 1, 0, 0, 3, 0, 0, 0, 1, 0, 0, 3, 0, 0, 0, 0]|[2, 1, 0, 2, 1, 1, 0, 0, 1, 1, 2, 0, 0, 1, 1, 0, 0, 2, 1, 1];[0, 19, 6, 10, 8, 4, 9, 16, 2, 12, 18, 5, 17, 3, 7, 15, 13, 11, 1, 14]|[0, 2, 0, 0, 2, 1, 0, 2, 0, 1, 0, 2, 1, 0, 1, 0, 0, 0, 0, 2]|[0, 0, 3, 0, 1, 1, 0, 0, 3, 0, 0, 0, 1, 0, 0, 3, 0, 0, 0, 0]|[2, 1, 0, 2, 1, 1, 0, 0, 1, 1, 2, 0, 0, 1, 1, 0, 0, 2, 1, 1];[19, 6, 13, 8, 4, 7, 1, 16, 2, 12, 5, 18, 17, 10, 9, 15, 3, 11, 0, 14]|[2, 0, 0, 2, 1, 0, 0, 2, 1, 1, 2, 0, 0, 0, 0, 0, 1, 0, 0, 2]|[0, 3, 3, 1, 1, 0, 0, 0, 1, 0, 0, 0, 3, 0, 0, 2, 0, 0, 0, 0]|[1, 0, 2, 1, 1, 0, 1, 0, 1, 1, 0, 2, 0, 1, 0, 0, 1, 2, 1, 1];[19, 6, 13, 8, 4, 7, 1, 16, 2, 12, 5, 18, 17, 10, 9, 15, 3, 11, 0, 14]|[2, 0, 0, 2, 1, 0, 0, 2, 1, 1, 2, 0, 0, 0, 0, 0, 1, 0, 0, 2]|[0, 3, 3, 1, 1, 0, 0, 0, 1, 0, 0, 0, 3, 0, 0, 2, 0, 0, 0, 0]|[1, 0, 2, 1, 1, 0, 1, 0, 1, 1, 0, 2, 0, 1, 0, 0, 1, 2, 1, 1];[14, 19, 6, 10, 8, 11, 18, 1, 5, 12, 17, 2, 7, 9, 15, 0, 13, 16, 4, 3]|[0, 2, 1, 1, 2, 1, 0, 0, 2, 0, 1, 2, 1, 1, 0, 0, 0, 2, 1, 0]|[3, 0, 1, 1, 0, 1, 3, 0, 0, 0, 1, 0, 0, 1, 3, 3, 3, 0, 1, 3]|[1, 1, 1, 0, 0, 1, 0, 2, 1, 2, 1, 0, 1, 0, 0, 2, 0, 1, 1, 0];[0, 19, 6, 10, 15, 11, 18, 1, 5, 12, 17, 2, 7, 13, 14, 8, 3, 16, 4, 9]|[0, 2, 1, 1, 2, 1, 0, 0, 2, 0, 1, 2, 1, 1, 0, 0, 0, 2, 1, 0]|[3, 0, 1, 1, 0, 0, 2, 0, 0, 0, 1, 0, 0, 1, 3, 3, 3, 0, 1, 3]|[1, 1, 1, 0, 0, 1, 0, 2, 1, 2, 1, 0, 1, 0, 0, 2, 0, 1, 1, 0];[0, 19, 6, 10, 15, 11, 18, 14, 5, 12, 17, 3, 7, 1, 9, 8, 2, 16, 4, 13]|[0, 2, 1, 1, 2, 1, 0, 0, 2, 0, 1, 2, 1, 1, 0, 0, 0, 2, 1, 0]|[3, 0, 1, 1, 0, 1, 2, 0, 0, 0, 1, 0, 1, 1, 3, 3, 3, 0, 1, 3]|[1, 1, 1, 0, 0, 1, 0, 2, 1, 2, 1, 0, 1, 0, 0, 2, 0, 1, 1, 0];[0, 19, 6, 10, 15, 11, 18, 1, 5, 12, 17, 2, 7, 9, 8, 14, 13, 16, 4, 3]|[0, 2, 1, 1, 2, 1, 0, 0, 2, 0, 1, 2, 1, 1, 0, 0, 0, 2, 1, 0]|[3, 0, 1, 1, 0, 1, 1, 0, 0, 0, 1, 0, 0, 1, 3, 3, 3, 0, 1, 3]|[1, 1, 1, 1, 0, 1, 0, 2, 1, 2, 1, 0, 1, 1, 0, 2, 0, 1, 1, 0];[0, 19, 6, 10, 15, 11, 18, 1, 5, 12, 17, 2, 9, 13, 8, 14, 7, 4, 16, 3]|[0, 2, 1, 1, 2, 1, 0, 0, 2, 0, 1, 2, 1, 1, 0, 0, 0, 2, 1, 0]|[3, 0, 1, 1, 0, 0, 1, 0, 0, 0, 0, 0, 0, 1, 3, 3, 3, 0, 1, 3]|[1, 1, 1, 0, 0, 1, 0, 2, 1, 2, 1, 0, 1, 0, 0, 2, 0, 1, 1, 0];[0, 19, 6, 10, 15, 11, 18, 1, 5, 12, 17, 2, 7, 9, 14, 16, 8, 4, 13, 3]|[0, 2, 1, 1, 2, 1, 0, 0, 2, 0, 1, 2, 1, 1, 0, 0, 0, 2, 1, 0]|[3, 0, 1, 1, 0, 1, 0, 0, 0, 0, 1, 0, 0, 1, 3, 3, 3, 0, 1, 3]|[1, 1, 1, 0, 0, 1, 0, 2, 1, 2, 1, 0, 1, 0, 0, 2, 0, 1, 1, 0];[0, 19, 6, 10, 15, 11, 3, 1, 5, 12, 17, 2, 9, 13, 8, 14, 7, 4, 16, 18]|[0, 2, 1, 1, 2, 1, 0, 0, 2, 0, 1, 2, 1, 1, 0, 0, 0, 2, 1, 0]|[3, 0, 1, 1, 0, 1, 0, 0, 0, 0, 1, 0, 0, 1, 3, 3, 3, 0, 1, 3]|[1, 1, 1, 0, 0, 1, 0, 2, 1, 2, 1, 0, 1, 1, 0, 2, 0, 1, 1, 0];[14, 19, 6, 10, 15, 11, 18, 0, 2, 7, 17, 4, 13, 12, 8, 1, 9, 5, 16, 3]|[0, 2, 1, 1, 2, 1, 0, 0, 2, 0, 1, 2, 1, 1, 0, 0, 0, 2, 1, 0]|[3, 0, 1, 1, 0, 1, 2, 3, 0, 0, 1, 0, 0, 1, 3, 3, 3, 0, 1, 3]|[1, 1, 1, 0, 0, 1, 0, 2, 1, 2, 1, 1, 1, 0, 0, 2, 0, 1, 1, 0];[1, 19, 6, 10, 15, 11, 18, 8, 2, 7, 13, 12, 9, 17, 4, 14, 0, 16, 5, 3]|[0, 2, 1, 1, 2, 1, 0, 0, 2, 0, 1, 2, 1, 1, 0, 0, 0, 2, 1, 0]|[3, 0, 1, 1, 0, 1, 1, 0, 0, 0, 0, 0, 0, 1, 3, 3, 0, 0, 1, 3]|[1, 1, 1, 0, 0, 1, 0, 2, 1, 2, 1, 0, 1, 0, 0, 2, 0, 1, 1, 0];[1, 19, 6, 10, 15, 11, 18, 8, 2, 7, 13, 12, 9, 17, 4, 14, 0, 16, 5, 3]|[0, 2, 1, 1, 2, 1, 0, 0, 2, 0, 1, 2, 1, 1, 0, 0, 0, 2, 1, 0]|[3, 0, 1, 1, 0, 1, 1, 0, 0, 0, 0, 0, 0, 1, 3, 3, 0, 0, 1, 3]|[1, 1, 1, 0, 0, 1, 0, 2, 1, 2, 1, 0, 1, 0, 0, 2, 0, 1, 1, 0];[1, 19, 6, 10, 15, 11, 18, 0, 8, 12, 13, 16, 9, 17, 3, 5, 14, 4, 2, 7]|[0, 2, 1, 1, 2, 1, 0, 0, 2, 0, 1, 2, 1, 1, 0, 0, 0, 2, 1, 0]|[3, 0, 1, 1, 0, 0, 1, 0, 0, 0, 0, 0, 0, 1, 3, 3, 0, 0, 1, 3]|[1, 1, 1, 0, 1, 1, 0, 2, 1, 2, 1, 0, 1, 0, 0, 2, 1, 1, 1, 0];[0, 19, 6, 10, 15, 11, 18, 1, 5, 12, 17, 2, 13, 9, 14, 8, 3, 16, 4, 7]|[0, 2, 1, 1, 2, 1, 0, 0, 2, 0, 1, 2, 1, 1, 0, 0, 0, 2, 1, 0]|[3, 0, 1, 1, 1, 0, 1, 0, 0, 0, 1, 0, 0, 1, 2, 3, 3, 0, 1, 3]|[1, 0, 1, 0, 0, 1, 0, 2, 1, 2, 1, 0, 1, 0, 1, 2, 0, 1, 1, 0]
fc6diagRound 5	fe=144442	pool=299	target=100	rescued=0	sOriginal=[0, 19, 5, 10, 15, 11, 18, 1, 6, 12, 17, 2, 13, 9, 14, 8, 7, 4, 16, 3]|[0, 2, 1, 1, 2, 1, 0, 0, 2, 0, 0, 2, 1, 1, 0, 0, 0, 2, 1, 0]|[3, 0, 1, 1, 0, 1, 2, 0, 0, 0, 0, 0, 0, 1, 3, 3, 3, 0, 1, 3]|[1, 1, 1, 0, 0, 1, 0, 2, 1, 2, 1, 0, 1, 0, 0, 2, 0, 1, 1, 0];[0, 19, 16, 10, 15, 11, 18, 8, 5, 3, 17, 6, 7, 9, 12, 13, 14, 2, 4, 1]|[0, 2, 1, 1, 2, 1, 0, 0, 2, 0, 1, 2, 1, 1, 0, 0, 0, 2, 1, 0]|[3, 0, 1, 1, 0, 1, 3, 0, 0, 0, 1, 0, 0, 1, 3, 3, 3, 0, 1, 3]|[1, 1, 1, 0, 0, 1, 0, 2, 1, 2, 1, 0, 1, 0, 0, 2, 0, 1, 1, 0];[0, 19, 6, 10, 15, 11, 18, 8, 4, 12, 17, 2, 1, 9, 14, 3, 13, 16, 5, 7]|[0, 2, 1, 1, 2, 1, 0, 0, 2, 0, 1, 2, 1, 1, 0, 0, 0, 2, 1, 0]|[3, 0, 1, 1, 0, 1, 2, 0, 0, 0, 1, 0, 0, 1, 3, 3, 3, 0, 1, 3]|[1, 1, 1, 0, 0, 1, 0, 2, 1, 2, 1, 0, 1, 0, 0, 2, 0, 1, 1, 0];[0, 19, 16, 10, 15, 11, 18, 8, 5, 12, 17, 6, 7, 1, 3, 14, 9, 2, 4, 13]|[0, 2, 1, 1, 2, 1, 0, 0, 2, 0, 1, 2, 1, 1, 0, 0, 0, 2, 1, 0]|[3, 0, 1, 1, 0, 1, 3, 0, 0, 0, 1, 0, 0, 1, 3, 3, 3, 0, 1, 3]|[1, 1, 1, 0, 0, 1, 0, 2, 1, 2, 1, 0, 1, 0, 0, 2, 0, 1, 1, 0];[0, 19, 16, 10, 15, 11, 18, 8, 5, 12, 17, 6, 7, 3, 1, 2, 13, 4, 14, 9]|[0, 2, 1, 1, 2, 1, 0, 0, 2, 0, 1, 2, 0, 1, 0, 0, 0, 2, 1, 0]|[3, 0, 1, 1, 0, 1, 2, 0, 0, 0, 1, 0, 3, 1, 3, 3, 3, 0, 1, 3]|[1, 1, 1, 0, 0, 1, 0, 2, 1, 2, 1, 0, 0, 0, 0, 2, 0, 1, 1, 0];[0, 19, 6, 10, 15, 11, 18, 1, 5, 12, 17, 2, 7, 9, 14, 8, 3, 16, 4, 13]|[0, 2, 1, 1, 2, 1, 0, 0, 2, 0, 1, 2, 1, 1, 0, 0, 0, 2, 1, 0]|[3, 0, 1, 1, 0, 1, 2, 0, 0, 0, 1, 0, 0, 1, 3, 3, 3, 0, 1, 3]|[1, 1, 1, 0, 0, 1, 0, 2, 1, 2, 1, 0, 1, 0, 0, 2, 0, 1, 1, 0];[0, 19, 16, 10, 4, 11, 18, 8, 5, 12, 17, 6, 7, 1, 3, 13, 9, 15, 2, 14]|[0, 2, 1, 1, 2, 1, 0, 0, 2, 0, 1, 2, 1, 1, 0, 0, 0, 2, 1, 0]|[3, 0, 1, 1, 0, 1, 3, 0, 0, 0, 1, 0, 0, 1, 3, 3, 3, 0, 1, 3]|[1, 1, 1, 0, 0, 1, 0, 2, 1, 2, 1, 0, 1, 0, 0, 2, 0, 1, 1, 0];[0, 19, 16, 10, 15, 11, 18, 8, 5, 12, 17, 2, 7, 9, 1, 14, 6, 4, 13, 3]|[0, 2, 1, 1, 2, 1, 0, 0, 2, 0, 1, 2, 1, 1, 0, 0, 0, 2, 1, 0]|[3, 0, 1, 1, 0, 1, 3, 0, 0, 0, 1, 0, 0, 1, 3, 3, 3, 0, 1, 3]|[1, 1, 1, 0, 0, 1, 0, 2, 1, 2, 1, 0, 1, 0, 0, 2, 0, 1, 1, 0];[0, 19, 16, 10, 4, 6, 18, 3, 17, 14, 15, 11, 9, 8, 12, 1, 13, 5, 2, 7]|[0, 2, 1, 1, 2, 1, 0, 0, 2, 0, 1, 2, 1, 1, 0, 0, 0, 2, 1, 0]|[3, 0, 1, 1, 0, 1, 3, 0, 0, 0, 0, 0, 0, 1, 3, 3, 3, 0, 1, 3]|[1, 1, 1, 1, 0, 1, 0, 2, 1, 2, 1, 0, 1, 0, 0, 2, 0, 1, 1, 0];[0, 19, 16, 10, 15, 11, 18, 8, 5, 12, 17, 6, 7, 1, 3, 13, 9, 4, 2, 14]|[0, 2, 1, 1, 2, 1, 0, 0, 2, 0, 1, 2, 1, 1, 0, 0, 0, 2, 1, 0]|[2, 0, 1, 1, 0, 1, 3, 0, 0, 0, 0, 0, 0, 1, 3, 3, 3, 0, 1, 3]|[1, 1, 1, 0, 0, 1, 0, 2, 1, 2, 1, 0, 1, 0, 0, 2, 2, 1, 1, 0];[0, 19, 16, 10, 15, 11, 18, 8, 5, 12, 17, 6, 7, 1, 3, 13, 9, 4, 2, 14]|[0, 2, 1, 1, 2, 1, 0, 0, 2, 0, 1, 2, 1, 1, 0, 0, 0, 2, 1, 0]|[2, 0, 1, 1, 0, 1, 3, 0, 0, 0, 0, 0, 0, 1, 3, 3, 3, 0, 1, 3]|[1, 1, 1, 0, 0, 1, 0, 2, 1, 2, 1, 0, 1, 0, 0, 2, 2, 1, 1, 0];[0, 19, 16, 10, 15, 11, 6, 8, 5, 12, 7, 18, 9, 17, 14, 1, 13, 2, 4, 3]|[0, 2, 1, 1, 2, 1, 0, 0, 2, 0, 1, 2, 1, 1, 0, 0, 0, 2, 1, 0]|[3, 0, 1, 1, 0, 1, 2, 0, 0, 0, 0, 0, 0, 1, 3, 3, 3, 0, 1, 3]|[1, 1, 1, 1, 0, 1, 0, 2, 1, 2, 1, 0, 1, 0, 0, 2, 0, 1, 1, 0];[0, 19, 6, 11, 15, 10, 18, 1, 5, 12, 17, 16, 7, 9, 14, 13, 3, 4, 2, 8]|[0, 2, 1, 1, 2, 1, 0, 0, 2, 0, 1, 2, 1, 1, 0, 0, 0, 2, 1, 0]|[3, 0, 1, 1, 0, 1, 3, 0, 0, 0, 1, 0, 0, 1, 3, 3, 3, 0, 1, 3]|[1, 1, 1, 0, 0, 1, 0, 2, 1, 2, 1, 0, 1, 0, 0, 2, 0, 1, 1, 0];[0, 19, 16, 10, 15, 11, 18, 8, 5, 12, 17, 2, 7, 3, 1, 14, 13, 4, 6, 9]|[0, 2, 1, 1, 2, 1, 0, 0, 2, 0, 1, 2, 1, 1, 0, 0, 0, 2, 1, 0]|[3, 0, 1, 1, 0, 0, 2, 0, 0, 0, 0, 0, 0, 1, 3, 3, 3, 0, 1, 3]|[1, 1, 1, 0, 0, 1, 0, 2, 1, 2, 1, 0, 1, 0, 0, 2, 0, 1, 1, 0];[0, 19, 16, 10, 15, 11, 18, 1, 5, 12, 17, 6, 13, 7, 14, 8, 9, 2, 4, 3]|[0, 2, 1, 1, 2, 1, 0, 0, 2, 0, 1, 2, 1, 1, 0, 0, 0, 2, 1, 0]|[3, 0, 1, 1, 0, 1, 3, 0, 0, 0, 1, 0, 0, 1, 3, 3, 3, 0, 1, 3]|[1, 1, 1, 0, 0, 1, 0, 2, 1, 2, 1, 0, 1, 0, 0, 2, 0, 1, 1, 0];[0, 19, 16, 10, 15, 11, 18, 8, 5, 12, 17, 6, 7, 1, 14, 13, 9, 2, 4, 3]|[0, 2, 1, 1, 2, 1, 0, 0, 2, 0, 1, 2, 0, 1, 0, 0, 0, 2, 1, 0]|[3, 0, 0, 1, 0, 1, 3, 0, 0, 0, 0, 0, 0, 1, 3, 3, 3, 0, 1, 3]|[1, 1, 1, 0, 0, 1, 0, 2, 1, 2, 1, 0, 1, 0, 0, 2, 0, 1, 1, 0];[0, 19, 6, 10, 15, 11, 18, 1, 5, 12, 17, 2, 7, 9, 8, 14, 13, 16, 4, 3]|[0, 2, 1, 1, 2, 1, 0, 0, 2, 0, 1, 2, 1, 1, 0, 0, 0, 2, 1, 0]|[3, 0, 1, 1, 0, 1, 3, 0, 0, 0, 1, 0, 0, 1, 3, 3, 3, 0, 1, 3]|[1, 1, 1, 0, 0, 1, 0, 2, 1, 2, 1, 0, 1, 0, 0, 2, 0, 1, 1, 0];[0, 19, 6, 10, 15, 11, 18, 1, 5, 12, 17, 2, 13, 9, 8, 14, 7, 4, 16, 3]|[0, 2, 1, 1, 2, 1, 0, 0, 2, 0, 1, 2, 1, 1, 0, 0, 0, 2, 1, 0]|[3, 0, 1, 1, 0, 0, 2, 0, 0, 0, 0, 0, 0, 1, 3, 3, 3, 0, 1, 3]|[1, 1, 1, 0, 0, 1, 0, 2, 1, 2, 1, 0, 1, 0, 0, 2, 0, 1, 1, 0];[0, 19, 6, 10, 15, 11, 18, 1, 5, 12, 17, 2, 13, 9, 8, 14, 7, 16, 4, 3]|[0, 2, 1, 1, 2, 1, 0, 0, 2, 0, 1, 2, 1, 1, 0, 0, 0, 2, 1, 0]|[3, 0, 1, 1, 0, 1, 3, 0, 0, 0, 1, 0, 0, 1, 3, 3, 3, 0, 1, 3]|[1, 1, 1, 0, 0, 1, 0, 2, 1, 2, 1, 0, 1, 0, 0, 2, 0, 1, 1, 0];[0, 19, 6, 10, 15, 11, 18, 1, 5, 12, 17, 2, 9, 13, 8, 14, 7, 4, 16, 3]|[0, 2, 1, 1, 2, 1, 0, 0, 2, 0, 1, 2, 1, 1, 0, 0, 0, 2, 1, 0]|[3, 0, 1, 0, 1, 1, 2, 0, 0, 0, 0, 0, 0, 1, 3, 3, 3, 0, 1, 3]|[1, 1, 1, 0, 0, 1, 0, 2, 1, 2, 1, 0, 1, 0, 0, 2, 0, 1, 1, 0];[12, 19, 6, 10, 8, 11, 18, 0, 5, 1, 17, 2, 7, 9, 15, 13, 16, 4, 14, 3]|[0, 2, 1, 1, 2, 1, 0, 0, 2, 0, 1, 2, 1, 1, 0, 0, 2, 1, 0, 0]|[3, 0, 1, 1, 0, 1, 3, 3, 0, 3, 1, 0, 0, 1, 3, 3, 0, 1, 3, 3]|[0, 1, 1, 0, 0, 1, 2, 0, 1, 2, 1, 0, 1, 0, 0, 2, 1, 1, 0, 2];[19, 4, 10, 15, 11, 17, 2, 7, 9, 5, 16, 6, 12, 8, 14, 18, 3, 0, 13, 1]|[2, 1, 1, 2, 1, 1, 2, 1, 1, 2, 2, 1, 0, 0, 0, 0, 0, 0, 0, 0]|[0, 0, 1, 0, 1, 1, 0, 1, 1, 0, 0, 1, 3, 3, 3, 3, 3, 3, 3, 3]|[1, 0, 1, 0, 1, 1, 0, 1, 1, 1, 1, 1, 0, 2, 0, 2, 0, 2, 0, 0];[12, 19, 6, 10, 8, 11, 18, 0, 5, 1, 17, 2, 7, 9, 15, 13, 16, 4, 14, 3]|[0, 2, 1, 1, 2, 1, 0, 0, 2, 0, 1, 2, 1, 1, 0, 0, 2, 1, 0, 0]|[3, 0, 1, 1, 0, 1, 3, 3, 0, 3, 1, 0, 0, 1, 3, 3, 0, 1, 3, 3]|[0, 1, 1, 0, 0, 1, 2, 0, 1, 2, 1, 0, 1, 0, 0, 2, 1, 1, 0, 2];[5, 15, 16, 10, 4, 11, 12, 13, 18, 3, 14, 17, 8, 7, 9, 6, 19, 2, 0, 1]|[2, 2, 1, 1, 2, 1, 0, 0, 0, 0, 0, 1, 2, 1, 1, 1, 2, 0, 0, 0]|[0, 0, 1, 1, 0, 1, 3, 3, 3, 3, 3, 1, 0, 0, 1, 1, 0, 3, 3, 3]|[1, 1, 1, 0, 0, 1, 0, 2, 0, 0, 2, 1, 0, 1, 0, 1, 1, 0, 2, 0];[5, 15, 16, 10, 4, 11, 12, 13, 18, 3, 14, 17, 8, 7, 9, 6, 19, 2, 0, 1]|[2, 2, 1, 1, 2, 1, 0, 0, 0, 0, 0, 1, 2, 1, 1, 1, 2, 0, 0, 0]|[0, 0, 1, 1, 0, 1, 3, 3, 3, 3, 3, 1, 0, 0, 1, 1, 0, 3, 3, 3]|[1, 1, 1, 0, 0, 1, 0, 2, 0, 0, 2, 1, 0, 1, 0, 1, 1, 0, 2, 0];[19, 16, 10, 15, 11, 18, 12, 5, 8, 7, 14, 17, 6, 13, 9, 3, 4, 2, 1, 0]|[2, 1, 1, 1, 1, 0, 0, 2, 0, 1, 1, 1, 0, 0, 0, 0, 2, 2, 2, 0]|[0, 1, 1, 1, 0, 0, 2, 0, 0, 1, 1, 0, 3, 3, 3, 3, 0, 1, 0, 3]|[1, 1, 1, 0, 1, 1, 2, 1, 2, 1, 0, 1, 0, 0, 0, 2, 1, 1, 0, 0];[0, 19, 16, 10, 15, 11, 18, 8, 5, 12, 17, 6, 9, 1, 14, 4, 13, 2, 7, 3]|[0, 2, 1, 1, 2, 1, 0, 0, 2, 0, 1, 2, 1, 1, 0, 0, 0, 2, 1, 0]|[3, 0, 1, 1, 1, 0, 1, 0, 0, 0, 0, 0, 0, 1, 3, 3, 3, 0, 1, 3]|[1, 1, 1, 0, 0, 1, 0, 2, 1, 2, 1, 0, 1, 0, 0, 2, 2, 1, 1, 0];[14, 19, 16, 2, 11, 13, 18, 0, 5, 12, 8, 10, 9, 1, 7, 3, 4, 17, 6, 15]|[0, 2, 1, 2, 1, 1, 0, 0, 2, 0, 2, 1, 1, 0, 0, 0, 2, 1, 1, 0]|[3, 0, 1, 0, 1, 1, 3, 3, 0, 3, 0, 1, 1, 3, 3, 3, 0, 1, 1, 3]|[0, 1, 1, 0, 1, 1, 2, 0, 1, 2, 0, 1, 1, 0, 2, 0, 1, 1, 1, 0];[14, 19, 16, 2, 11, 13, 18, 0, 5, 12, 8, 10, 9, 1, 7, 3, 4, 17, 6, 15]|[0, 2, 1, 2, 1, 1, 0, 0, 2, 0, 2, 1, 1, 0, 0, 0, 2, 1, 1, 0]|[3, 0, 1, 0, 1, 1, 3, 3, 0, 3, 0, 1, 1, 3, 3, 3, 0, 1, 1, 3]|[0, 1, 1, 0, 1, 1, 2, 0, 1, 2, 0, 1, 1, 0, 2, 0, 1, 1, 1, 0];[0, 19, 6, 10, 15, 11, 18, 1, 5, 12, 17, 2, 7, 9, 8, 14, 13, 16, 4, 3]|[0, 2, 1, 1, 2, 0, 0, 0, 2, 0, 1, 2, 1, 1, 0, 0, 0, 2, 1, 0]|[3, 0, 1, 1, 0, 3, 2, 0, 0, 0, 1, 0, 0, 1, 3, 3, 3, 0, 1, 3]|[1, 1, 1, 0, 0, 1, 0, 2, 1, 2, 1, 0, 1, 0, 0, 2, 0, 1, 1, 0];[14, 19, 16, 10, 13, 4, 12, 7, 2, 0, 18, 15, 17, 11, 8, 1, 9, 5, 6, 3]|[0, 2, 1, 1, 1, 2, 1, 0, 2, 0, 0, 2, 1, 1, 0, 0, 0, 2, 1, 0]|[3, 0, 1, 1, 1, 0, 1, 0, 0, 3, 2, 0, 1, 1, 3, 3, 3, 0, 1, 3]|[1, 1, 1, 1, 1, 1, 1, 2, 1, 2, 0, 0, 1, 1, 0, 2, 0, 1, 1, 0];[14, 19, 16, 10, 13, 4, 12, 7, 2, 0, 18, 15, 17, 11, 8, 1, 9, 5, 6, 3]|[0, 2, 1, 1, 1, 2, 1, 0, 2, 0, 0, 2, 1, 1, 0, 0, 0, 2, 1, 0]|[3, 0, 1, 1, 1, 0, 1, 0, 0, 3, 2, 0, 1, 1, 3, 3, 3, 0, 1, 3]|[1, 1, 1, 1, 1, 1, 1, 2, 1, 2, 0, 0, 1, 1, 0, 2, 0, 1, 1, 0];[19, 16, 8, 0, 5, 12, 18, 10, 9, 13, 2, 17, 3, 14, 7, 15, 4, 11, 6, 1]|[2, 1, 2, 0, 2, 0, 0, 1, 1, 1, 2, 1, 0, 0, 0, 0, 2, 1, 1, 0]|[0, 1, 0, 3, 0, 3, 3, 1, 1, 1, 0, 1, 3, 3, 3, 3, 0, 1, 1, 3]|[1, 1, 0, 0, 1, 2, 0, 1, 1, 1, 0, 1, 0, 2, 2, 0, 1, 1, 1, 0];[19, 5, 15, 16, 18, 1, 4, 7, 14, 13, 10, 2, 9, 12, 0, 11, 6, 8, 17, 3]|[2, 1, 2, 1, 0, 0, 2, 0, 0, 1, 1, 2, 1, 0, 0, 1, 1, 2, 0, 0]|[0, 1, 0, 1, 3, 3, 0, 0, 3, 1, 1, 0, 1, 3, 3, 1, 1, 0, 3, 3]|[1, 1, 0, 1, 0, 0, 1, 2, 2, 1, 1, 0, 1, 0, 0, 1, 1, 1, 0, 2];[19, 5, 15, 16, 18, 1, 4, 7, 14, 13, 10, 2, 9, 12, 0, 11, 6, 8, 17, 3]|[2, 1, 2, 1, 0, 0, 2, 0, 0, 1, 1, 2, 1, 0, 0, 1, 1, 2, 0, 0]|[0, 1, 0, 1, 3, 3, 0, 0, 3, 1, 1, 0, 1, 3, 3, 1, 1, 0, 3, 3]|[1, 1, 0, 1, 0, 0, 1, 2, 2, 1, 1, 0, 1, 0, 0, 1, 1, 1, 0, 2];[19, 16, 8, 0, 5, 12, 18, 10, 9, 13, 2, 17, 3, 14, 7, 15, 4, 11, 6, 1]|[2, 1, 2, 0, 2, 0, 0, 1, 1, 1, 2, 1, 0, 0, 0, 0, 2, 1, 1, 0]|[0, 1, 0, 3, 0, 3, 3, 1, 1, 1, 0, 1, 3, 3, 3, 3, 0, 1, 1, 3]|[1, 1, 0, 0, 1, 2, 0, 1, 1, 1, 0, 1, 0, 2, 2, 0, 1, 1, 1, 0];[19, 5, 15, 16, 18, 1, 4, 7, 14, 13, 10, 2, 9, 12, 0, 11, 6, 8, 17, 3]|[2, 1, 2, 1, 0, 0, 2, 0, 0, 1, 1, 2, 1, 0, 0, 1, 1, 2, 0, 0]|[0, 1, 0, 1, 3, 3, 0, 0, 3, 1, 1, 0, 1, 3, 3, 1, 1, 0, 3, 3]|[1, 1, 0, 1, 0, 0, 1, 2, 2, 1, 1, 0, 1, 0, 0, 1, 1, 1, 0, 2];[19, 5, 15, 16, 18, 1, 4, 7, 14, 13, 10, 2, 9, 12, 0, 11, 6, 8, 17, 3]|[2, 1, 2, 1, 0, 0, 2, 0, 0, 1, 1, 2, 1, 0, 0, 1, 1, 2, 0, 0]|[0, 1, 0, 1, 3, 3, 0, 0, 3, 1, 1, 0, 1, 3, 3, 1, 1, 0, 3, 3]|[1, 1, 0, 1, 0, 0, 1, 2, 2, 1, 1, 0, 1, 0, 0, 1, 1, 1, 0, 2];[5, 12, 17, 9, 16, 11, 0, 13, 14, 3, 1, 7, 2, 19, 6, 10, 8, 15, 4, 18]|[0, 0, 2, 0, 1, 2, 0, 0, 1, 0, 0, 0, 2, 0, 2, 1, 1, 2, 1, 0]|[3, 0, 0, 0, 1, 0, 0, 3, 1, 3, 3, 3, 0, 3, 0, 1, 1, 0, 0, 2]|[2, 0, 1, 1, 1, 1, 2, 0, 0, 0, 0, 2, 0, 0, 1, 1, 0, 0, 1, 1];[19, 16, 2, 12, 5, 15, 18, 8, 10, 13, 9, 17, 11, 14, 1, 0, 7, 4, 6, 3]|[2, 1, 2, 0, 2, 0, 0, 2, 1, 1, 1, 1, 1, 0, 0, 0, 0, 2, 1, 0]|[0, 1, 0, 3, 0, 3, 3, 0, 1, 1, 1, 1, 1, 3, 3, 3, 3, 0, 1, 3]|[1, 1, 0, 2, 1, 0, 2, 0, 1, 1, 1, 1, 1, 0, 0, 2, 0, 1, 1, 0];[19, 16, 2, 12, 5, 15, 18, 8, 10, 13, 9, 17, 11, 14, 1, 0, 7, 4, 6, 3]|[2, 1, 2, 0, 2, 0, 0, 2, 1, 1, 1, 1, 1, 0, 0, 0, 0, 2, 1, 0]|[0, 1, 0, 3, 0, 3, 3, 0, 1, 1, 1, 1, 1, 3, 3, 3, 3, 0, 1, 3]|[1, 1, 0, 2, 1, 0, 2, 0, 1, 1, 1, 1, 1, 0, 0, 2, 0, 1, 1, 0];[14, 19, 16, 15, 5, 11, 18, 1, 10, 12, 9, 2, 17, 13, 0, 3, 7, 4, 6, 8]|[0, 2, 1, 2, 1, 1, 0, 0, 2, 0, 1, 2, 1, 1, 0, 0, 0, 2, 1, 0]|[3, 0, 1, 0, 1, 1, 3, 3, 0, 0, 1, 0, 1, 1, 3, 3, 3, 0, 1, 3]|[0, 1, 1, 0, 1, 1, 1, 2, 1, 0, 1, 0, 1, 1, 0, 0, 2, 1, 1, 0];[14, 19, 16, 15, 5, 11, 18, 1, 10, 12, 9, 2, 17, 13, 0, 3, 7, 4, 6, 8]|[0, 2, 1, 2, 1, 1, 0, 0, 2, 0, 1, 2, 1, 1, 0, 0, 0, 2, 1, 0]|[3, 0, 1, 0, 1, 1, 3, 3, 0, 0, 1, 0, 1, 1, 3, 3, 3, 0, 1, 3]|[0, 1, 1, 0, 1, 1, 1, 2, 1, 0, 1, 0, 1, 1, 0, 0, 2, 1, 1, 0];[0, 3, 16, 15, 2, 12, 5, 8, 19, 10, 9, 7, 6, 17, 11, 13, 4, 1, 18, 14]|[0, 2, 1, 2, 1, 0, 2, 0, 0, 1, 1, 1, 2, 1, 1, 0, 2, 1, 0, 0]|[1, 1, 1, 0, 1, 0, 0, 0, 3, 1, 1, 0, 0, 0, 0, 3, 0, 0, 2, 3]|[1, 1, 1, 0, 1, 2, 1, 2, 0, 0, 0, 1, 0, 1, 1, 0, 1, 1, 0, 2];[0, 19, 6, 10, 15, 11, 18, 1, 5, 12, 17, 2, 13, 9, 16, 4, 7, 14, 3, 8]|[0, 2, 1, 1, 2, 1, 0, 0, 2, 0, 1, 2, 1, 1, 0, 0, 0, 2, 0, 0]|[3, 0, 1, 1, 0, 0, 2, 0, 0, 0, 0, 0, 0, 1, 3, 3, 3, 0, 1, 3]|[1, 1, 1, 0, 0, 1, 0, 2, 1, 2, 1, 0, 1, 0, 0, 2, 0, 1, 1, 0];[14, 19, 16, 15, 18, 5, 12, 8, 17, 6, 10, 11, 2, 3, 9, 0, 4, 1, 7, 13]|[0, 2, 1, 2, 0, 2, 0, 0, 1, 2, 1, 1, 1, 0, 0, 0, 2, 1, 1, 0]|[3, 1, 1, 0, 2, 0, 0, 0, 0, 0, 1, 1, 1, 3, 3, 3, 0, 1, 0, 3]|[0, 1, 1, 0, 1, 1, 2, 2, 1, 0, 0, 1, 1, 0, 2, 0, 1, 0, 1, 2];[0, 19, 5, 4, 10, 16, 12, 6, 14, 11, 8, 15, 2, 3, 17, 9, 13, 18, 7, 1]|[0, 2, 1, 1, 2, 1, 0, 0, 2, 0, 0, 1, 2, 0, 1, 2, 1, 1, 0, 0]|[0, 0, 1, 1, 0, 0, 3, 0, 0, 3, 2, 1, 0, 3, 0, 0, 0, 1, 3, 3]|[1, 1, 1, 0, 0, 1, 2, 2, 1, 0, 1, 1, 1, 0, 1, 0, 1, 0, 0, 2];[0, 19, 16, 10, 15, 11, 3, 6, 2, 9, 8, 12, 13, 4, 5, 17, 14, 7, 18, 1]|[0, 2, 1, 1, 2, 1, 0, 1, 2, 1, 1, 0, 0, 2, 2, 1, 0, 0, 0, 0]|[2, 1, 0, 1, 0, 0, 3, 0, 0, 0, 1, 0, 3, 0, 0, 1, 3, 3, 3, 0]|[1, 1, 1, 0, 0, 1, 0, 1, 0, 1, 0, 2, 2, 1, 1, 1, 0, 2, 0, 2];[19, 5, 10, 15, 11, 18, 4, 12, 9, 13, 0, 17, 8, 2, 6, 14, 3, 7, 16, 1]|[2, 1, 1, 2, 1, 0, 2, 0, 1, 1, 2, 1, 0, 1, 2, 0, 0, 0, 0, 0]|[0, 1, 1, 0, 1, 3, 0, 3, 1, 0, 0, 1, 3, 1, 0, 3, 3, 3, 3, 3]|[1, 1, 1, 0, 1, 0, 1, 2, 0, 1, 0, 1, 0, 1, 1, 2, 0, 0, 2, 0];[19, 5, 10, 15, 11, 18, 4, 12, 9, 13, 0, 17, 8, 2, 6, 14, 3, 7, 16, 1]|[2, 1, 1, 2, 1, 0, 2, 0, 1, 1, 2, 1, 0, 1, 2, 0, 0, 0, 0, 0]|[0, 1, 1, 0, 1, 3, 0, 3, 1, 0, 0, 1, 3, 1, 0, 3, 3, 3, 3, 3]|[1, 1, 1, 0, 1, 0, 1, 2, 0, 1, 0, 1, 0, 1, 1, 2, 0, 0, 2, 0];[1, 19, 6, 10, 15, 11, 18, 0, 2, 7, 17, 5, 12, 16, 9, 13, 14, 4, 8, 3]|[0, 2, 1, 0, 2, 1, 0, 0, 2, 0, 0, 2, 0, 1, 0, 0, 0, 2, 1, 0]|[3, 0, 1, 1, 0, 1, 3, 0, 0, 0, 1, 0, 0, 1, 3, 3, 3, 0, 1, 3]|[1, 1, 1, 0, 0, 1, 0, 2, 1, 2, 1, 1, 1, 1, 0, 2, 2, 1, 1, 0];[1, 4, 16, 11, 14, 2, 7, 8, 12, 17, 9, 10, 5, 13, 18, 3, 19, 15, 6, 0]|[0, 1, 2, 1, 0, 2, 0, 2, 1, 1, 1, 1, 0, 0, 0, 2, 2, 2, 1, 0]|[3, 1, 1, 1, 0, 1, 0, 0, 0, 0, 1, 1, 3, 3, 0, 0, 0, 0, 1, 3]|[1, 1, 1, 1, 2, 1, 2, 0, 1, 1, 0, 1, 0, 2, 0, 0, 1, 1, 1, 2];[1, 4, 16, 11, 14, 2, 7, 8, 12, 17, 9, 10, 5, 13, 18, 3, 19, 15, 6, 0]|[0, 1, 2, 1, 0, 2, 0, 2, 1, 1, 1, 1, 0, 0, 0, 2, 2, 2, 1, 0]|[3, 1, 1, 1, 0, 1, 0, 0, 0, 0, 1, 1, 3, 3, 0, 0, 0, 0, 1, 3]|[1, 1, 1, 1, 2, 1, 2, 0, 1, 1, 0, 1, 0, 2, 0, 0, 1, 1, 1, 2];[19, 16, 15, 11, 0, 6, 4, 3, 13, 17, 9, 10, 8, 18, 14, 2, 7, 5, 12, 1]|[2, 1, 2, 1, 0, 0, 2, 0, 1, 1, 1, 1, 2, 0, 0, 0, 0, 1, 2, 0]|[0, 1, 0, 1, 3, 3, 0, 3, 1, 1, 1, 1, 0, 3, 3, 3, 3, 1, 0, 3]|[1, 1, 0, 1, 0, 2, 1, 0, 1, 1, 1, 1, 0, 0, 2, 0, 2, 1, 1, 0];[19, 16, 15, 11, 0, 6, 4, 3, 13, 17, 9, 10, 8, 18, 14, 2, 7, 5, 12, 1]|[2, 1, 2, 1, 0, 0, 2, 0, 1, 1, 1, 1, 2, 0, 0, 0, 0, 1, 2, 0]|[0, 1, 0, 1, 3, 3, 0, 3, 1, 1, 1, 1, 0, 3, 3, 3, 3, 1, 0, 3]|[1, 1, 0, 1, 0, 2, 1, 0, 1, 1, 1, 1, 0, 0, 2, 0, 2, 1, 1, 0];[1, 19, 2, 17, 18, 4, 12, 11, 15, 10, 6, 9, 13, 3, 5, 14, 7, 16, 0, 8]|[0, 2, 2, 1, 0, 2, 0, 1, 2, 1, 2, 1, 1, 0, 0, 0, 1, 1, 0, 0]|[3, 0, 0, 0, 1, 0, 0, 1, 0, 1, 0, 0, 1, 3, 3, 0, 0, 1, 3, 0]|[1, 1, 0, 1, 0, 1, 2, 1, 0, 1, 1, 1, 0, 0, 2, 1, 1, 1, 0, 2];[1, 19, 2, 17, 18, 4, 12, 11, 15, 10, 6, 9, 13, 3, 5, 14, 7, 16, 0, 8]|[0, 2, 2, 1, 0, 2, 0, 1, 2, 1, 2, 1, 1, 0, 0, 0, 1, 1, 0, 0]|[3, 0, 0, 0, 1, 0, 0, 1, 0, 1, 0, 0, 1, 3, 3, 0, 0, 1, 3, 0]|[1, 1, 0, 1, 0, 1, 2, 1, 0, 1, 1, 1, 0, 0, 2, 1, 1, 1, 0, 2];[1, 19, 2, 17, 18, 4, 12, 11, 15, 10, 6, 9, 13, 3, 5, 14, 7, 16, 0, 8]|[0, 2, 2, 1, 0, 2, 0, 1, 2, 1, 2, 1, 1, 0, 0, 0, 1, 1, 0, 0]|[3, 0, 0, 0, 1, 0, 0, 1, 0, 1, 0, 0, 1, 3, 3, 0, 0, 1, 3, 0]|[1, 1, 0, 1, 0, 1, 2, 1, 0, 1, 1, 1, 0, 0, 2, 1, 1, 1, 0, 2];[1, 19, 2, 17, 18, 4, 12, 11, 15, 10, 6, 9, 13, 3, 5, 14, 7, 16, 0, 8]|[0, 2, 2, 1, 0, 2, 0, 1, 2, 1, 2, 1, 1, 0, 0, 0, 1, 1, 0, 0]|[3, 0, 0, 0, 1, 0, 0, 1, 0, 1, 0, 0, 1, 3, 3, 0, 0, 1, 3, 0]|[1, 1, 0, 1, 0, 1, 2, 1, 0, 1, 1, 1, 0, 0, 2, 1, 1, 1, 0, 2];[19, 5, 10, 15, 11, 7, 14, 2, 0, 16, 4, 9, 8, 6, 17, 12, 3, 13, 1, 18]|[2, 1, 1, 2, 1, 0, 0, 2, 0, 1, 2, 1, 1, 2, 0, 1, 0, 0, 0, 0]|[1, 1, 0, 0, 1, 0, 0, 0, 0, 1, 0, 0, 1, 0, 3, 0, 3, 3, 3, 0]|[1, 1, 0, 0, 1, 2, 1, 1, 2, 1, 0, 1, 0, 1, 0, 1, 0, 0, 0, 1];[19, 5, 10, 15, 11, 7, 14, 2, 0, 16, 4, 9, 8, 6, 17, 12, 3, 13, 1, 18]|[2, 1, 1, 2, 1, 0, 0, 2, 0, 1, 2, 1, 1, 2, 0, 1, 0, 0, 0, 0]|[1, 1, 0, 0, 1, 0, 0, 0, 0, 1, 0, 0, 1, 0, 3, 0, 3, 3, 3, 0]|[1, 1, 0, 0, 1, 2, 1, 1, 2, 1, 0, 1, 0, 1, 0, 1, 0, 0, 0, 1];[19, 16, 15, 11, 6, 12, 5, 18, 0, 14, 17, 2, 7, 13, 1, 8, 9, 4, 10, 3]|[2, 1, 2, 1, 1, 0, 2, 0, 0, 0, 1, 2, 1, 1, 0, 0, 0, 2, 1, 0]|[0, 1, 0, 1, 1, 3, 0, 3, 3, 3, 1, 0, 1, 1, 3, 3, 3, 0, 1, 3]|[1, 1, 0, 1, 1, 2, 1, 0, 0, 2, 1, 0, 1, 1, 0, 2, 0, 1, 1, 0];[14, 19, 6, 15, 11, 4, 7, 1, 12, 13, 2, 17, 9, 8, 5, 0, 18, 10, 16, 3]|[0, 2, 1, 2, 1, 2, 0, 0, 0, 1, 2, 1, 1, 0, 2, 0, 0, 1, 1, 0]|[3, 0, 1, 0, 1, 0, 3, 3, 3, 1, 0, 1, 1, 3, 0, 3, 3, 1, 1, 3]|[0, 1, 1, 0, 1, 1, 0, 2, 2, 1, 0, 1, 1, 0, 1, 2, 0, 1, 1, 0];[19, 5, 10, 15, 11, 7, 14, 2, 0, 16, 4, 9, 8, 6, 17, 12, 3, 13, 1, 18]|[2, 1, 1, 2, 1, 0, 0, 2, 0, 1, 2, 1, 1, 2, 0, 1, 0, 0, 0, 0]|[1, 1, 0, 0, 1, 0, 0, 0, 0, 1, 0, 0, 1, 0, 3, 0, 3, 3, 3, 0]|[1, 1, 0, 0, 1, 2, 1, 1, 2, 1, 0, 1, 0, 1, 0, 1, 0, 0, 0, 1];[19, 5, 10, 15, 11, 7, 14, 2, 0, 16, 4, 9, 8, 6, 17, 12, 3, 13, 1, 18]|[2, 1, 1, 2, 1, 0, 0, 2, 0, 1, 2, 1, 1, 2, 0, 1, 0, 0, 0, 0]|[1, 1, 0, 0, 1, 0, 0, 0, 0, 1, 0, 0, 1, 0, 3, 0, 3, 3, 3, 0]|[1, 1, 0, 0, 1, 2, 1, 1, 2, 1, 0, 1, 0, 1, 0, 1, 0, 0, 0, 1];[19, 16, 15, 11, 6, 12, 5, 18, 0, 14, 17, 2, 7, 13, 1, 8, 9, 4, 10, 3]|[2, 1, 2, 1, 1, 0, 2, 0, 0, 0, 1, 2, 1, 1, 0, 0, 0, 2, 1, 0]|[0, 1, 0, 1, 1, 3, 0, 3, 3, 3, 1, 0, 1, 1, 3, 3, 3, 0, 1, 3]|[1, 1, 0, 1, 1, 2, 1, 0, 0, 2, 1, 0, 1, 1, 0, 2, 0, 1, 1, 0];[14, 19, 6, 15, 11, 4, 7, 1, 12, 13, 2, 17, 9, 8, 5, 0, 18, 10, 16, 3]|[0, 2, 1, 2, 1, 2, 0, 0, 0, 1, 2, 1, 1, 0, 2, 0, 0, 1, 1, 0]|[3, 0, 1, 0, 1, 0, 3, 3, 3, 1, 0, 1, 1, 3, 0, 3, 3, 1, 1, 3]|[0, 1, 1, 0, 1, 1, 0, 2, 2, 1, 0, 1, 1, 0, 1, 2, 0, 1, 1, 0];[19, 5, 10, 15, 11, 6, 3, 17, 16, 13, 2, 14, 7, 18, 9, 1, 0, 4, 8, 12]|[2, 1, 1, 2, 1, 0, 0, 1, 2, 1, 2, 0, 0, 0, 0, 0, 0, 2, 1, 0]|[0, 1, 1, 0, 1, 3, 3, 1, 0, 1, 0, 3, 3, 3, 3, 3, 3, 0, 1, 3]|[1, 1, 0, 1, 1, 0, 2, 0, 0, 1, 1, 0, 2, 0, 0, 2, 0, 1, 1, 0];[19, 5, 10, 15, 11, 6, 3, 17, 16, 13, 2, 14, 7, 18, 9, 1, 0, 4, 8, 12]|[2, 1, 1, 2, 1, 0, 0, 1, 2, 1, 2, 0, 0, 0, 0, 0, 0, 2, 1, 0]|[0, 1, 1, 0, 1, 3, 3, 1, 0, 1, 0, 3, 3, 3, 3, 3, 3, 0, 1, 3]|[1, 1, 0, 1, 1, 0, 2, 0, 0, 1, 1, 0, 2, 0, 0, 2, 0, 1, 1, 0];[1, 19, 16, 10, 4, 6, 15, 12, 2, 11, 13, 17, 9, 5, 7, 14, 18, 0, 8, 3]|[0, 2, 1, 1, 2, 0, 2, 0, 2, 1, 1, 1, 1, 2, 0, 0, 0, 0, 1, 2]|[3, 1, 1, 1, 0, 0, 0, 0, 0, 1, 1, 0, 0, 0, 3, 3, 2, 3, 1, 0]|[0, 0, 1, 1, 1, 1, 1, 2, 0, 1, 0, 1, 1, 1, 0, 2, 0, 0, 1, 1];[1, 19, 16, 10, 4, 6, 15, 12, 2, 11, 13, 17, 9, 5, 7, 14, 18, 0, 8, 3]|[0, 2, 1, 1, 2, 0, 2, 0, 2, 1, 1, 1, 1, 2, 0, 0, 0, 0, 1, 2]|[3, 1, 1, 1, 0, 0, 0, 0, 0, 1, 1, 0, 0, 0, 3, 3, 2, 3, 1, 0]|[0, 0, 1, 1, 1, 1, 1, 2, 0, 1, 0, 1, 1, 1, 0, 2, 0, 0, 1, 1];[11, 4, 10, 6, 17, 18, 5, 12, 14, 7, 0, 19, 16, 1, 13, 8, 9, 2, 15, 3]|[1, 2, 1, 2, 0, 0, 2, 0, 0, 0, 2, 0, 0, 1, 0, 0, 0, 2, 1, 2]|[1, 0, 1, 0, 3, 3, 0, 0, 3, 0, 0, 3, 0, 1, 3, 3, 3, 0, 1, 1]|[1, 0, 0, 1, 2, 2, 1, 1, 1, 0, 0, 2, 0, 1, 0, 1, 0, 1, 1, 1];[11, 19, 6, 8, 4, 9, 16, 2, 12, 1, 5, 18, 15, 14, 3, 17, 0, 7, 10, 13]|[0, 2, 0, 2, 1, 0, 2, 1, 1, 0, 2, 0, 0, 0, 1, 0, 0, 0, 0, 2]|[0, 0, 3, 1, 1, 0, 0, 1, 0, 3, 0, 0, 3, 0, 0, 3, 3, 0, 2, 0]|[2, 1, 0, 1, 1, 0, 0, 1, 1, 1, 0, 2, 0, 1, 1, 0, 2, 0, 2, 1];[19, 6, 10, 15, 11, 8, 5, 7, 0, 17, 12, 13, 3, 18, 16, 14, 1, 2, 4, 9]|[0, 2, 1, 2, 1, 0, 2, 0, 2, 1, 0, 1, 0, 0, 0, 0, 0, 2, 1, 0]|[0, 0, 0, 0, 1, 3, 0, 0, 0, 0, 0, 1, 3, 3, 3, 3, 3, 0, 1, 3]|[2, 1, 1, 0, 1, 1, 1, 1, 0, 1, 2, 0, 0, 0, 1, 0, 2, 1, 1, 0];[12, 6, 16, 15, 7, 11, 8, 2, 17, 0, 5, 14, 3, 13, 10, 4, 9, 1, 19, 18]|[0, 2, 1, 2, 0, 1, 1, 2, 0, 0, 2, 0, 0, 1, 1, 2, 1, 0, 0, 0]|[1, 0, 1, 0, 3, 1, 1, 0, 0, 0, 1, 3, 3, 0, 0, 1, 0, 3, 0, 3]|[2, 1, 1, 1, 1, 1, 0, 0, 1, 2, 1, 0, 0, 1, 1, 0, 1, 0, 1, 2];[19, 4, 5, 15, 11, 2, 17, 8, 13, 7, 9, 1, 3, 12, 10, 6, 16, 18, 0, 14]|[2, 1, 1, 2, 1, 2, 0, 0, 1, 2, 1, 0, 0, 0, 1, 1, 2, 0, 0, 0]|[0, 1, 1, 0, 1, 0, 3, 3, 1, 0, 1, 3, 3, 3, 1, 1, 0, 3, 3, 3]|[1, 1, 1, 0, 1, 1, 0, 2, 1, 0, 1, 0, 0, 2, 1, 1, 1, 0, 2, 0];[19, 4, 5, 15, 11, 2, 17, 8, 13, 7, 9, 1, 3, 12, 10, 6, 16, 18, 0, 14]|[2, 1, 1, 2, 1, 2, 0, 0, 1, 2, 1, 0, 0, 0, 1, 1, 2, 0, 0, 0]|[0, 1, 1, 0, 1, 0, 3, 3, 1, 0, 1, 3, 3, 3, 1, 1, 0, 3, 3, 3]|[1, 1, 1, 0, 1, 1, 0, 2, 1, 0, 1, 0, 0, 2, 1, 1, 1, 0, 2, 0];[19, 6, 10, 15, 11, 5, 12, 8, 17, 2, 7, 9, 14, 18, 13, 1, 0, 16, 4, 3]|[2, 1, 1, 2, 1, 0, 2, 0, 1, 2, 1, 1, 0, 0, 0, 0, 0, 2, 1, 0]|[0, 1, 1, 0, 1, 3, 0, 3, 1, 0, 0, 1, 3, 3, 3, 3, 3, 0, 1, 3]|[1, 1, 0, 0, 1, 0, 1, 2, 1, 0, 1, 0, 0, 2, 0, 0, 2, 1, 1, 0];[19, 6, 10, 15, 11, 5, 12, 8, 17, 2, 7, 9, 14, 18, 13, 1, 0, 16, 4, 3]|[2, 1, 1, 2, 1, 0, 2, 0, 1, 2, 1, 1, 0, 0, 0, 0, 0, 2, 1, 0]|[0, 1, 1, 0, 1, 3, 0, 3, 1, 0, 0, 1, 3, 3, 3, 3, 3, 0, 1, 3]|[1, 1, 0, 0, 1, 0, 1, 2, 1, 0, 1, 0, 0, 2, 0, 0, 2, 1, 1, 0];[1, 5, 10, 7, 19, 4, 16, 14, 0, 12, 15, 11, 17, 9, 18, 3, 13, 2, 6, 8]|[0, 1, 1, 0, 2, 2, 2, 0, 1, 1, 2, 1, 1, 0, 0, 0, 0, 2, 1, 0]|[1, 1, 0, 0, 1, 1, 0, 0, 0, 0, 0, 0, 1, 3, 3, 3, 0, 0, 1, 3]|[1, 0, 1, 2, 0, 0, 1, 2, 1, 1, 1, 1, 0, 0, 0, 2, 0, 1, 1, 0];[1, 5, 10, 7, 19, 4, 16, 14, 0, 12, 15, 11, 17, 9, 18, 3, 13, 2, 6, 8]|[0, 1, 1, 0, 2, 2, 2, 0, 1, 1, 2, 1, 1, 0, 0, 0, 0, 2, 1, 0]|[1, 1, 0, 0, 1, 1, 0, 0, 0, 0, 0, 0, 1, 3, 3, 3, 0, 0, 1, 3]|[1, 0, 1, 2, 0, 0, 1, 2, 1, 1, 1, 1, 0, 0, 0, 2, 0, 1, 1, 0];[13, 19, 16, 10, 15, 11, 5, 12, 17, 2, 7, 3, 14, 6, 4, 8, 0, 9, 1, 18]|[0, 2, 1, 1, 2, 1, 2, 0, 1, 2, 1, 1, 0, 1, 2, 0, 0, 0, 0, 0]|[0, 1, 0, 1, 0, 0, 1, 3, 0, 0, 0, 1, 3, 1, 0, 0, 2, 3, 3, 3]|[1, 1, 1, 0, 0, 1, 1, 2, 1, 0, 1, 0, 2, 1, 1, 2, 1, 0, 0, 0];[0, 19, 5, 1, 6, 10, 17, 2, 14, 15, 11, 12, 18, 9, 16, 3, 13, 4, 7, 8]|[0, 2, 1, 1, 1, 0, 2, 2, 0, 2, 1, 0, 0, 0, 2, 1, 0, 0, 0, 0]|[3, 0, 0, 1, 0, 3, 0, 0, 3, 0, 1, 3, 3, 3, 0, 1, 3, 3, 3, 3]|[0, 1, 0, 0, 1, 2, 0, 1, 0, 0, 1, 2, 0, 2, 1, 1, 0, 0, 0, 2];[19, 15, 4, 12, 16, 7, 10, 14, 2, 9, 17, 6, 8, 18, 5, 13, 1, 11, 3, 0]|[2, 2, 1, 0, 2, 0, 1, 1, 2, 1, 1, 1, 0, 0, 0, 2, 2, 1, 0, 0]|[0, 0, 1, 3, 0, 1, 0, 0, 0, 0, 1, 1, 0, 3, 2, 1, 1, 0, 3, 3]|[1, 1, 1, 0, 1, 2, 1, 1, 0, 1, 0, 0, 0, 1, 2, 1, 1, 1, 0, 2];[19, 15, 4, 12, 16, 7, 10, 14, 2, 9, 17, 6, 8, 18, 5, 13, 1, 11, 3, 0]|[2, 2, 1, 0, 2, 0, 1, 1, 2, 1, 1, 1, 0, 0, 0, 2, 2, 1, 0, 0]|[0, 0, 1, 3, 0, 1, 0, 0, 0, 0, 1, 1, 0, 3, 2, 1, 1, 0, 3, 3]|[1, 1, 1, 0, 1, 2, 1, 1, 0, 1, 0, 0, 0, 1, 2, 1, 1, 1, 0, 2];[16, 10, 15, 11, 3, 0, 7, 4, 1, 17, 12, 19, 5, 8, 14, 6, 2, 13, 9, 18]|[1, 1, 2, 1, 0, 0, 1, 1, 2, 1, 0, 2, 2, 0, 0, 0, 2, 2, 1, 0]|[0, 1, 0, 1, 3, 2, 1, 0, 0, 1, 0, 1, 0, 0, 3, 3, 0, 0, 1, 3]|[1, 0, 1, 1, 1, 1, 0, 1, 0, 1, 2, 0, 1, 2, 0, 2, 1, 0, 1, 0];[19, 6, 13, 8, 4, 7, 1, 16, 2, 12, 5, 18, 17, 10, 9, 15, 3, 11, 0, 14]|[2, 0, 0, 2, 1, 0, 0, 2, 1, 1, 2, 0, 0, 0, 0, 0, 1, 0, 0, 2]|[0, 3, 3, 1, 1, 0, 0, 0, 1, 0, 0, 0, 3, 0, 0, 2, 0, 0, 0, 0]|[1, 0, 2, 1, 1, 0, 1, 0, 1, 1, 0, 2, 0, 1, 0, 0, 1, 2, 1, 1];[19, 6, 13, 8, 4, 7, 1, 16, 2, 12, 5, 18, 17, 10, 9, 15, 3, 11, 0, 14]|[2, 0, 0, 2, 1, 0, 0, 2, 1, 1, 2, 0, 0, 0, 0, 0, 1, 0, 0, 2]|[0, 3, 3, 1, 1, 0, 0, 0, 1, 0, 0, 0, 3, 0, 0, 2, 0, 0, 0, 0]|[1, 0, 2, 1, 1, 0, 1, 0, 1, 1, 0, 2, 0, 1, 0, 0, 1, 2, 1, 1];[14, 19, 6, 10, 8, 4, 9, 16, 2, 12, 5, 18, 17, 1, 11, 3, 0, 7, 15, 13]|[0, 2, 0, 0, 2, 1, 0, 2, 1, 1, 2, 0, 0, 0, 0, 1, 0, 0, 0, 2]|[0, 0, 3, 3, 1, 1, 0, 0, 1, 0, 0, 0, 3, 0, 0, 0, 3, 0, 2, 0]|[1, 1, 0, 2, 1, 1, 1, 0, 1, 1, 0, 2, 0, 1, 2, 1, 0, 1, 0, 1];[14, 19, 6, 10, 8, 4, 9, 16, 2, 12, 5, 18, 17, 1, 11, 3, 0, 7, 15, 13]|[0, 2, 0, 0, 2, 1, 0, 2, 1, 1, 2, 0, 0, 0, 0, 1, 0, 0, 0, 2]|[0, 0, 3, 3, 1, 1, 0, 0, 1, 0, 0, 0, 3, 0, 0, 0, 3, 0, 2, 0]|[1, 1, 0, 2, 1, 1, 1, 0, 1, 1, 0, 2, 0, 1, 2, 1, 0, 1, 0, 1];[19, 16, 15, 11, 4, 2, 5, 14, 9, 18, 8, 12, 0, 1, 7, 10, 17, 6, 3, 13]|[2, 2, 1, 1, 0, 0, 2, 0, 1, 2, 0, 0, 0, 1, 1, 2, 1, 0, 0, 0]|[0, 0, 1, 1, 3, 3, 0, 3, 1, 0, 3, 3, 3, 1, 0, 0, 1, 3, 3, 3]|[0, 1, 1, 0, 0, 2, 1, 0, 1, 1, 2, 0, 2, 0, 1, 0, 1, 0, 2, 0];[12, 10, 8, 4, 9, 1, 19, 2, 0, 7, 16, 13, 11, 6, 5, 18, 17, 15, 14, 3]|[0, 0, 2, 2, 1, 0, 0, 2, 0, 0, 0, 1, 1, 0, 2, 0, 0, 2, 1, 0]|[0, 3, 1, 0, 1, 0, 3, 0, 3, 0, 3, 1, 1, 3, 0, 3, 3, 0, 1, 3]|[0, 1, 1, 1, 1, 0, 2, 0, 0, 1, 2, 1, 0, 1, 1, 0, 2, 1, 1, 0];[16, 14, 15, 17, 5, 11, 19, 2, 10, 7, 6, 12, 3, 13, 1, 0, 4, 8, 9, 18]|[2, 0, 2, 1, 1, 1, 2, 1, 1, 2, 1, 0, 0, 0, 0, 0, 2, 2, 1, 0]|[1, 1, 0, 1, 1, 1, 0, 0, 0, 1, 1, 0, 3, 3, 3, 3, 0, 0, 0, 3]|[0, 2, 1, 1, 1, 1, 1, 0, 0, 1, 1, 1, 0, 0, 1, 2, 0, 0, 1, 0];[16, 14, 15, 17, 5, 11, 19, 2, 10, 7, 6, 12, 3, 13, 1, 0, 4, 8, 9, 18]|[2, 0, 2, 1, 1, 1, 2, 1, 1, 2, 1, 0, 0, 0, 0, 0, 2, 2, 1, 0]|[1, 1, 0, 1, 1, 1, 0, 0, 0, 1, 1, 0, 3, 3, 3, 3, 0, 0, 0, 3]|[0, 2, 1, 1, 1, 1, 1, 0, 0, 1, 1, 1, 0, 0, 1, 2, 0, 0, 1, 0];[1, 19, 10, 8, 4, 9, 16, 2, 12, 11, 5, 6, 17, 14, 18, 7, 13, 0, 15, 3]|[0, 2, 0, 2, 1, 0, 2, 1, 1, 0, 2, 0, 0, 0, 0, 1, 0, 0, 0, 2]|[3, 0, 3, 1, 1, 3, 0, 1, 0, 0, 0, 2, 3, 0, 0, 0, 3, 0, 0, 0]|[1, 1, 2, 1, 1, 1, 0, 1, 1, 2, 0, 0, 0, 1, 2, 1, 0, 0, 1, 1];[1, 19, 10, 8, 4, 9, 16, 2, 12, 11, 5, 6, 17, 14, 18, 7, 13, 0, 15, 3]|[0, 2, 0, 2, 1, 0, 2, 1, 1, 0, 2, 0, 0, 0, 0, 1, 0, 0, 0, 2]|[3, 0, 3, 1, 1, 3, 0, 1, 0, 0, 0, 2, 3, 0, 0, 0, 3, 0, 0, 0]|[1, 1, 2, 1, 1, 1, 0, 1, 1, 2, 0, 0, 0, 1, 2, 1, 0, 0, 1, 1];[18, 19, 4, 6, 15, 10, 1, 14, 16, 5, 17, 12, 9, 11, 7, 2, 13, 3, 0, 8]|[0, 2, 1, 1, 0, 1, 0, 2, 2, 0, 1, 1, 2, 1, 2, 2, 2, 2, 1, 0]|[3, 0, 1, 1, 1, 1, 0, 0, 1, 3, 1, 0, 0, 0, 0, 1, 1, 0, 1, 3]|[1, 1, 1, 1, 2, 1, 0, 0, 1, 0, 0, 1, 0, 1, 0, 1, 0, 1, 1, 0];[18, 19, 4, 6, 15, 10, 1, 14, 16, 5, 17, 12, 9, 11, 7, 2, 13, 3, 0, 8]|[0, 2, 1, 1, 0, 1, 0, 2, 2, 0, 1, 1, 2, 1, 2, 2, 2, 2, 1, 0]|[3, 0, 1, 1, 1, 1, 0, 0, 1, 3, 1, 0, 0, 0, 0, 1, 1, 0, 1, 3]|[1, 1, 1, 1, 2, 1, 0, 0, 1, 0, 0, 1, 0, 1, 0, 1, 0, 1, 1, 0];[9, 2, 6, 11, 8, 4, 1, 16, 19, 12, 10, 5, 17, 14, 3, 7, 13, 18, 0, 15]|[0, 2, 0, 0, 2, 1, 0, 2, 1, 1, 0, 2, 0, 0, 1, 0, 0, 0, 0, 2]|[0, 0, 3, 0, 1, 1, 3, 0, 1, 0, 0, 0, 0, 3, 0, 0, 2, 0, 0, 0]|[1, 1, 0, 2, 1, 1, 1, 0, 1, 1, 2, 0, 1, 0, 0, 0, 1, 2, 0, 1];[9, 2, 6, 11, 8, 4, 1, 16, 19, 12, 10, 5, 17, 14, 3, 7, 13, 18, 0, 15]|[0, 2, 0, 0, 2, 1, 0, 2, 1, 1, 0, 2, 0, 0, 1, 0, 0, 0, 0, 2]|[0, 0, 3, 0, 1, 1, 3, 0, 1, 0, 0, 0, 0, 3, 0, 0, 2, 0, 0, 0]|[1, 1, 0, 2, 1, 1, 1, 0, 1, 1, 2, 0, 1, 0, 0, 0, 1, 2, 0, 1]	sBp=[0, 19, 5, 10, 15, 11, 18, 1, 6, 12, 17, 2, 13, 9, 14, 8, 7, 4, 16, 3]|[0, 2, 1, 1, 2, 1, 0, 0, 2, 0, 0, 2, 1, 1, 0, 0, 0, 2, 1, 0]|[3, 0, 1, 1, 0, 1, 2, 0, 0, 0, 0, 0, 0, 1, 3, 3, 3, 0, 1, 3]|[1, 1, 1, 0, 0, 1, 0, 2, 1, 2, 1, 0, 1, 0, 0, 2, 0, 1, 1, 0];[0, 19, 16, 10, 15, 11, 18, 8, 5, 3, 17, 6, 7, 9, 12, 13, 14, 2, 4, 1]|[0, 2, 1, 1, 2, 1, 0, 0, 2, 0, 1, 2, 1, 1, 0, 0, 0, 2, 1, 0]|[3, 0, 1, 1, 0, 1, 3, 0, 0, 0, 1, 0, 0, 1, 3, 3, 3, 0, 1, 3]|[1, 1, 1, 0, 0, 1, 0, 2, 1, 2, 1, 0, 1, 0, 0, 2, 0, 1, 1, 0];[0, 19, 6, 10, 15, 11, 18, 8, 4, 12, 17, 2, 1, 9, 14, 3, 13, 16, 5, 7]|[0, 2, 1, 1, 2, 1, 0, 0, 2, 0, 1, 2, 1, 1, 0, 0, 0, 2, 1, 0]|[3, 0, 1, 1, 0, 1, 2, 0, 0, 0, 1, 0, 0, 1, 3, 3, 3, 0, 1, 3]|[1, 1, 1, 0, 0, 1, 0, 2, 1, 2, 1, 0, 1, 0, 0, 2, 0, 1, 1, 0];[0, 19, 16, 10, 15, 11, 18, 8, 5, 12, 17, 6, 7, 1, 3, 14, 9, 2, 4, 13]|[0, 2, 1, 1, 2, 1, 0, 0, 2, 0, 1, 2, 1, 1, 0, 0, 0, 2, 1, 0]|[3, 0, 1, 1, 0, 1, 3, 0, 0, 0, 1, 0, 0, 1, 3, 3, 3, 0, 1, 3]|[1, 1, 1, 0, 0, 1, 0, 2, 1, 2, 1, 0, 1, 0, 0, 2, 0, 1, 1, 0];[0, 19, 16, 10, 15, 11, 18, 8, 5, 12, 17, 6, 7, 3, 1, 2, 13, 4, 14, 9]|[0, 2, 1, 1, 2, 1, 0, 0, 2, 0, 1, 2, 0, 1, 0, 0, 0, 2, 1, 0]|[3, 0, 1, 1, 0, 1, 2, 0, 0, 0, 1, 0, 3, 1, 3, 3, 3, 0, 1, 3]|[1, 1, 1, 0, 0, 1, 0, 2, 1, 2, 1, 0, 0, 0, 0, 2, 0, 1, 1, 0];[0, 19, 6, 10, 15, 11, 18, 1, 5, 12, 17, 2, 7, 9, 14, 8, 3, 16, 4, 13]|[0, 2, 1, 1, 2, 1, 0, 0, 2, 0, 1, 2, 1, 1, 0, 0, 0, 2, 1, 0]|[3, 0, 1, 1, 0, 1, 2, 0, 0, 0, 1, 0, 0, 1, 3, 3, 3, 0, 1, 3]|[1, 1, 1, 0, 0, 1, 0, 2, 1, 2, 1, 0, 1, 0, 0, 2, 0, 1, 1, 0];[0, 19, 16, 10, 4, 11, 18, 8, 5, 12, 17, 6, 7, 1, 3, 13, 9, 15, 2, 14]|[0, 2, 1, 1, 2, 1, 0, 0, 2, 0, 1, 2, 1, 1, 0, 0, 0, 2, 1, 0]|[3, 0, 1, 1, 0, 1, 3, 0, 0, 0, 1, 0, 0, 1, 3, 3, 3, 0, 1, 3]|[1, 1, 1, 0, 0, 1, 0, 2, 1, 2, 1, 0, 1, 0, 0, 2, 0, 1, 1, 0];[0, 19, 16, 10, 15, 11, 18, 8, 5, 12, 17, 2, 7, 9, 1, 14, 6, 4, 13, 3]|[0, 2, 1, 1, 2, 1, 0, 0, 2, 0, 1, 2, 1, 1, 0, 0, 0, 2, 1, 0]|[3, 0, 1, 1, 0, 1, 3, 0, 0, 0, 1, 0, 0, 1, 3, 3, 3, 0, 1, 3]|[1, 1, 1, 0, 0, 1, 0, 2, 1, 2, 1, 0, 1, 0, 0, 2, 0, 1, 1, 0];[0, 19, 16, 10, 4, 6, 18, 3, 17, 14, 15, 11, 9, 8, 12, 1, 13, 5, 2, 7]|[0, 2, 1, 1, 2, 1, 0, 0, 2, 0, 1, 2, 1, 1, 0, 0, 0, 2, 1, 0]|[3, 0, 1, 1, 0, 1, 3, 0, 0, 0, 0, 0, 0, 1, 3, 3, 3, 0, 1, 3]|[1, 1, 1, 1, 0, 1, 0, 2, 1, 2, 1, 0, 1, 0, 0, 2, 0, 1, 1, 0];[0, 19, 16, 10, 15, 11, 18, 8, 5, 12, 17, 6, 7, 1, 3, 13, 9, 4, 2, 14]|[0, 2, 1, 1, 2, 1, 0, 0, 2, 0, 1, 2, 1, 1, 0, 0, 0, 2, 1, 0]|[2, 0, 1, 1, 0, 1, 3, 0, 0, 0, 0, 0, 0, 1, 3, 3, 3, 0, 1, 3]|[1, 1, 1, 0, 0, 1, 0, 2, 1, 2, 1, 0, 1, 0, 0, 2, 2, 1, 1, 0];[0, 19, 16, 10, 15, 11, 18, 8, 5, 12, 17, 6, 7, 1, 3, 13, 9, 4, 2, 14]|[0, 2, 1, 1, 2, 1, 0, 0, 2, 0, 1, 2, 1, 1, 0, 0, 0, 2, 1, 0]|[2, 0, 1, 1, 0, 1, 3, 0, 0, 0, 0, 0, 0, 1, 3, 3, 3, 0, 1, 3]|[1, 1, 1, 0, 0, 1, 0, 2, 1, 2, 1, 0, 1, 0, 0, 2, 2, 1, 1, 0];[0, 19, 16, 10, 15, 11, 6, 8, 5, 12, 7, 18, 9, 17, 14, 1, 13, 2, 4, 3]|[0, 2, 1, 1, 2, 1, 0, 0, 2, 0, 1, 2, 1, 1, 0, 0, 0, 2, 1, 0]|[3, 0, 1, 1, 0, 1, 2, 0, 0, 0, 0, 0, 0, 1, 3, 3, 3, 0, 1, 3]|[1, 1, 1, 1, 0, 1, 0, 2, 1, 2, 1, 0, 1, 0, 0, 2, 0, 1, 1, 0];[0, 19, 6, 11, 15, 10, 18, 1, 5, 12, 17, 16, 7, 9, 14, 13, 3, 4, 2, 8]|[0, 2, 1, 1, 2, 1, 0, 0, 2, 0, 1, 2, 1, 1, 0, 0, 0, 2, 1, 0]|[3, 0, 1, 1, 0, 1, 3, 0, 0, 0, 1, 0, 0, 1, 3, 3, 3, 0, 1, 3]|[1, 1, 1, 0, 0, 1, 0, 2, 1, 2, 1, 0, 1, 0, 0, 2, 0, 1, 1, 0];[0, 19, 16, 10, 15, 11, 18, 8, 5, 12, 17, 2, 7, 3, 1, 14, 13, 4, 6, 9]|[0, 2, 1, 1, 2, 1, 0, 0, 2, 0, 1, 2, 1, 1, 0, 0, 0, 2, 1, 0]|[3, 0, 1, 1, 0, 0, 2, 0, 0, 0, 0, 0, 0, 1, 3, 3, 3, 0, 1, 3]|[1, 1, 1, 0, 0, 1, 0, 2, 1, 2, 1, 0, 1, 0, 0, 2, 0, 1, 1, 0];[0, 19, 16, 10, 15, 11, 18, 1, 5, 12, 17, 6, 13, 7, 14, 8, 9, 2, 4, 3]|[0, 2, 1, 1, 2, 1, 0, 0, 2, 0, 1, 2, 1, 1, 0, 0, 0, 2, 1, 0]|[3, 0, 1, 1, 0, 1, 3, 0, 0, 0, 1, 0, 0, 1, 3, 3, 3, 0, 1, 3]|[1, 1, 1, 0, 0, 1, 0, 2, 1, 2, 1, 0, 1, 0, 0, 2, 0, 1, 1, 0];[0, 19, 16, 10, 15, 11, 18, 8, 5, 12, 17, 6, 7, 1, 14, 13, 9, 2, 4, 3]|[0, 2, 1, 1, 2, 1, 0, 0, 2, 0, 1, 2, 0, 1, 0, 0, 0, 2, 1, 0]|[3, 0, 0, 1, 0, 1, 3, 0, 0, 0, 0, 0, 0, 1, 3, 3, 3, 0, 1, 3]|[1, 1, 1, 0, 0, 1, 0, 2, 1, 2, 1, 0, 1, 0, 0, 2, 0, 1, 1, 0];[0, 19, 6, 10, 15, 11, 18, 1, 5, 12, 17, 2, 7, 9, 8, 14, 13, 16, 4, 3]|[0, 2, 1, 1, 2, 1, 0, 0, 2, 0, 1, 2, 1, 1, 0, 0, 0, 2, 1, 0]|[3, 0, 1, 1, 0, 1, 3, 0, 0, 0, 1, 0, 0, 1, 3, 3, 3, 0, 1, 3]|[1, 1, 1, 0, 0, 1, 0, 2, 1, 2, 1, 0, 1, 0, 0, 2, 0, 1, 1, 0];[0, 19, 6, 10, 15, 11, 18, 1, 5, 12, 17, 2, 13, 9, 8, 14, 7, 4, 16, 3]|[0, 2, 1, 1, 2, 1, 0, 0, 2, 0, 1, 2, 1, 1, 0, 0, 0, 2, 1, 0]|[3, 0, 1, 1, 0, 0, 2, 0, 0, 0, 0, 0, 0, 1, 3, 3, 3, 0, 1, 3]|[1, 1, 1, 0, 0, 1, 0, 2, 1, 2, 1, 0, 1, 0, 0, 2, 0, 1, 1, 0];[0, 19, 6, 10, 15, 11, 18, 1, 5, 12, 17, 2, 13, 9, 8, 14, 7, 16, 4, 3]|[0, 2, 1, 1, 2, 1, 0, 0, 2, 0, 1, 2, 1, 1, 0, 0, 0, 2, 1, 0]|[3, 0, 1, 1, 0, 1, 3, 0, 0, 0, 1, 0, 0, 1, 3, 3, 3, 0, 1, 3]|[1, 1, 1, 0, 0, 1, 0, 2, 1, 2, 1, 0, 1, 0, 0, 2, 0, 1, 1, 0];[0, 19, 6, 10, 15, 11, 18, 1, 5, 12, 17, 2, 9, 13, 8, 14, 7, 4, 16, 3]|[0, 2, 1, 1, 2, 1, 0, 0, 2, 0, 1, 2, 1, 1, 0, 0, 0, 2, 1, 0]|[3, 0, 1, 0, 1, 1, 2, 0, 0, 0, 0, 0, 0, 1, 3, 3, 3, 0, 1, 3]|[1, 1, 1, 0, 0, 1, 0, 2, 1, 2, 1, 0, 1, 0, 0, 2, 0, 1, 1, 0];[12, 19, 6, 10, 8, 11, 18, 0, 5, 1, 17, 2, 7, 9, 15, 13, 16, 4, 14, 3]|[0, 2, 1, 1, 2, 1, 0, 0, 2, 0, 1, 2, 1, 1, 0, 0, 2, 1, 0, 0]|[3, 0, 1, 1, 0, 1, 3, 3, 0, 3, 1, 0, 0, 1, 3, 3, 0, 1, 3, 3]|[0, 1, 1, 0, 0, 1, 2, 0, 1, 2, 1, 0, 1, 0, 0, 2, 1, 1, 0, 2];[19, 4, 10, 15, 11, 17, 2, 7, 9, 5, 16, 6, 12, 8, 14, 18, 3, 0, 13, 1]|[2, 1, 1, 2, 1, 1, 2, 1, 1, 2, 2, 1, 0, 0, 0, 0, 0, 0, 0, 0]|[0, 0, 1, 0, 1, 1, 0, 1, 1, 0, 0, 1, 3, 3, 3, 3, 3, 3, 3, 3]|[1, 0, 1, 0, 1, 1, 0, 1, 1, 1, 1, 1, 0, 2, 0, 2, 0, 2, 0, 0];[12, 19, 6, 10, 8, 11, 18, 0, 5, 1, 17, 2, 7, 9, 15, 13, 16, 4, 14, 3]|[0, 2, 1, 1, 2, 1, 0, 0, 2, 0, 1, 2, 1, 1, 0, 0, 2, 1, 0, 0]|[3, 0, 1, 1, 0, 1, 3, 3, 0, 3, 1, 0, 0, 1, 3, 3, 0, 1, 3, 3]|[0, 1, 1, 0, 0, 1, 2, 0, 1, 2, 1, 0, 1, 0, 0, 2, 1, 1, 0, 2];[5, 15, 16, 10, 4, 11, 12, 13, 18, 3, 14, 17, 8, 7, 9, 6, 19, 2, 0, 1]|[2, 2, 1, 1, 2, 1, 0, 0, 0, 0, 0, 1, 2, 1, 1, 1, 2, 0, 0, 0]|[0, 0, 1, 1, 0, 1, 3, 3, 3, 3, 3, 1, 0, 0, 1, 1, 0, 3, 3, 3]|[1, 1, 1, 0, 0, 1, 0, 2, 0, 0, 2, 1, 0, 1, 0, 1, 1, 0, 2, 0];[5, 15, 16, 10, 4, 11, 12, 13, 18, 3, 14, 17, 8, 7, 9, 6, 19, 2, 0, 1]|[2, 2, 1, 1, 2, 1, 0, 0, 0, 0, 0, 1, 2, 1, 1, 1, 2, 0, 0, 0]|[0, 0, 1, 1, 0, 1, 3, 3, 3, 3, 3, 1, 0, 0, 1, 1, 0, 3, 3, 3]|[1, 1, 1, 0, 0, 1, 0, 2, 0, 0, 2, 1, 0, 1, 0, 1, 1, 0, 2, 0];[19, 16, 10, 15, 11, 18, 12, 5, 8, 7, 14, 17, 6, 13, 9, 3, 4, 2, 1, 0]|[2, 1, 1, 1, 1, 0, 0, 2, 0, 1, 1, 1, 0, 0, 0, 0, 2, 2, 2, 0]|[0, 1, 1, 1, 0, 0, 2, 0, 0, 1, 1, 0, 3, 3, 3, 3, 0, 1, 0, 3]|[1, 1, 1, 0, 1, 1, 2, 1, 2, 1, 0, 1, 0, 0, 0, 2, 1, 1, 0, 0];[0, 19, 16, 10, 15, 11, 18, 8, 5, 12, 17, 6, 9, 1, 14, 4, 13, 2, 7, 3]|[0, 2, 1, 1, 2, 1, 0, 0, 2, 0, 1, 2, 1, 1, 0, 0, 0, 2, 1, 0]|[3, 0, 1, 1, 1, 0, 1, 0, 0, 0, 0, 0, 0, 1, 3, 3, 3, 0, 1, 3]|[1, 1, 1, 0, 0, 1, 0, 2, 1, 2, 1, 0, 1, 0, 0, 2, 2, 1, 1, 0];[14, 19, 16, 2, 11, 13, 18, 0, 5, 12, 8, 10, 9, 1, 7, 3, 4, 17, 6, 15]|[0, 2, 1, 2, 1, 1, 0, 0, 2, 0, 2, 1, 1, 0, 0, 0, 2, 1, 1, 0]|[3, 0, 1, 0, 1, 1, 3, 3, 0, 3, 0, 1, 1, 3, 3, 3, 0, 1, 1, 3]|[0, 1, 1, 0, 1, 1, 2, 0, 1, 2, 0, 1, 1, 0, 2, 0, 1, 1, 1, 0];[14, 19, 16, 2, 11, 13, 18, 0, 5, 12, 8, 10, 9, 1, 7, 3, 4, 17, 6, 15]|[0, 2, 1, 2, 1, 1, 0, 0, 2, 0, 2, 1, 1, 0, 0, 0, 2, 1, 1, 0]|[3, 0, 1, 0, 1, 1, 3, 3, 0, 3, 0, 1, 1, 3, 3, 3, 0, 1, 1, 3]|[0, 1, 1, 0, 1, 1, 2, 0, 1, 2, 0, 1, 1, 0, 2, 0, 1, 1, 1, 0];[0, 19, 6, 10, 15, 11, 18, 1, 5, 12, 17, 2, 7, 9, 8, 14, 13, 16, 4, 3]|[0, 2, 1, 1, 2, 0, 0, 0, 2, 0, 1, 2, 1, 1, 0, 0, 0, 2, 1, 0]|[3, 0, 1, 1, 0, 3, 2, 0, 0, 0, 1, 0, 0, 1, 3, 3, 3, 0, 1, 3]|[1, 1, 1, 0, 0, 1, 0, 2, 1, 2, 1, 0, 1, 0, 0, 2, 0, 1, 1, 0];[14, 19, 16, 10, 13, 4, 12, 7, 2, 0, 18, 15, 17, 11, 8, 1, 9, 5, 6, 3]|[0, 2, 1, 1, 1, 2, 1, 0, 2, 0, 0, 2, 1, 1, 0, 0, 0, 2, 1, 0]|[3, 0, 1, 1, 1, 0, 1, 0, 0, 3, 2, 0, 1, 1, 3, 3, 3, 0, 1, 3]|[1, 1, 1, 1, 1, 1, 1, 2, 1, 2, 0, 0, 1, 1, 0, 2, 0, 1, 1, 0];[14, 19, 16, 10, 13, 4, 12, 7, 2, 0, 18, 15, 17, 11, 8, 1, 9, 5, 6, 3]|[0, 2, 1, 1, 1, 2, 1, 0, 2, 0, 0, 2, 1, 1, 0, 0, 0, 2, 1, 0]|[3, 0, 1, 1, 1, 0, 1, 0, 0, 3, 2, 0, 1, 1, 3, 3, 3, 0, 1, 3]|[1, 1, 1, 1, 1, 1, 1, 2, 1, 2, 0, 0, 1, 1, 0, 2, 0, 1, 1, 0];[19, 16, 8, 0, 5, 12, 18, 10, 9, 13, 2, 17, 3, 14, 7, 15, 4, 11, 6, 1]|[2, 1, 2, 0, 2, 0, 0, 1, 1, 1, 2, 1, 0, 0, 0, 0, 2, 1, 1, 0]|[0, 1, 0, 3, 0, 3, 3, 1, 1, 1, 0, 1, 3, 3, 3, 3, 0, 1, 1, 3]|[1, 1, 0, 0, 1, 2, 0, 1, 1, 1, 0, 1, 0, 2, 2, 0, 1, 1, 1, 0];[19, 5, 15, 16, 18, 1, 4, 7, 14, 13, 10, 2, 9, 12, 0, 11, 6, 8, 17, 3]|[2, 1, 2, 1, 0, 0, 2, 0, 0, 1, 1, 2, 1, 0, 0, 1, 1, 2, 0, 0]|[0, 1, 0, 1, 3, 3, 0, 0, 3, 1, 1, 0, 1, 3, 3, 1, 1, 0, 3, 3]|[1, 1, 0, 1, 0, 0, 1, 2, 2, 1, 1, 0, 1, 0, 0, 1, 1, 1, 0, 2];[19, 5, 15, 16, 18, 1, 4, 7, 14, 13, 10, 2, 9, 12, 0, 11, 6, 8, 17, 3]|[2, 1, 2, 1, 0, 0, 2, 0, 0, 1, 1, 2, 1, 0, 0, 1, 1, 2, 0, 0]|[0, 1, 0, 1, 3, 3, 0, 0, 3, 1, 1, 0, 1, 3, 3, 1, 1, 0, 3, 3]|[1, 1, 0, 1, 0, 0, 1, 2, 2, 1, 1, 0, 1, 0, 0, 1, 1, 1, 0, 2];[19, 16, 8, 0, 5, 12, 18, 10, 9, 13, 2, 17, 3, 14, 7, 15, 4, 11, 6, 1]|[2, 1, 2, 0, 2, 0, 0, 1, 1, 1, 2, 1, 0, 0, 0, 0, 2, 1, 1, 0]|[0, 1, 0, 3, 0, 3, 3, 1, 1, 1, 0, 1, 3, 3, 3, 3, 0, 1, 1, 3]|[1, 1, 0, 0, 1, 2, 0, 1, 1, 1, 0, 1, 0, 2, 2, 0, 1, 1, 1, 0];[19, 5, 15, 16, 18, 1, 4, 7, 14, 13, 10, 2, 9, 12, 0, 11, 6, 8, 17, 3]|[2, 1, 2, 1, 0, 0, 2, 0, 0, 1, 1, 2, 1, 0, 0, 1, 1, 2, 0, 0]|[0, 1, 0, 1, 3, 3, 0, 0, 3, 1, 1, 0, 1, 3, 3, 1, 1, 0, 3, 3]|[1, 1, 0, 1, 0, 0, 1, 2, 2, 1, 1, 0, 1, 0, 0, 1, 1, 1, 0, 2];[19, 5, 15, 16, 18, 1, 4, 7, 14, 13, 10, 2, 9, 12, 0, 11, 6, 8, 17, 3]|[2, 1, 2, 1, 0, 0, 2, 0, 0, 1, 1, 2, 1, 0, 0, 1, 1, 2, 0, 0]|[0, 1, 0, 1, 3, 3, 0, 0, 3, 1, 1, 0, 1, 3, 3, 1, 1, 0, 3, 3]|[1, 1, 0, 1, 0, 0, 1, 2, 2, 1, 1, 0, 1, 0, 0, 1, 1, 1, 0, 2];[5, 12, 17, 9, 16, 11, 0, 13, 14, 3, 1, 7, 2, 19, 6, 10, 8, 15, 4, 18]|[0, 0, 2, 0, 1, 2, 0, 0, 1, 0, 0, 0, 2, 0, 2, 1, 1, 2, 1, 0]|[3, 0, 0, 0, 1, 0, 0, 3, 1, 3, 3, 3, 0, 3, 0, 1, 1, 0, 0, 2]|[2, 0, 1, 1, 1, 1, 2, 0, 0, 0, 0, 2, 0, 0, 1, 1, 0, 0, 1, 1];[19, 16, 2, 12, 5, 15, 18, 8, 10, 13, 9, 17, 11, 14, 1, 0, 7, 4, 6, 3]|[2, 1, 2, 0, 2, 0, 0, 2, 1, 1, 1, 1, 1, 0, 0, 0, 0, 2, 1, 0]|[0, 1, 0, 3, 0, 3, 3, 0, 1, 1, 1, 1, 1, 3, 3, 3, 3, 0, 1, 3]|[1, 1, 0, 2, 1, 0, 2, 0, 1, 1, 1, 1, 1, 0, 0, 2, 0, 1, 1, 0];[19, 16, 2, 12, 5, 15, 18, 8, 10, 13, 9, 17, 11, 14, 1, 0, 7, 4, 6, 3]|[2, 1, 2, 0, 2, 0, 0, 2, 1, 1, 1, 1, 1, 0, 0, 0, 0, 2, 1, 0]|[0, 1, 0, 3, 0, 3, 3, 0, 1, 1, 1, 1, 1, 3, 3, 3, 3, 0, 1, 3]|[1, 1, 0, 2, 1, 0, 2, 0, 1, 1, 1, 1, 1, 0, 0, 2, 0, 1, 1, 0];[14, 19, 16, 15, 5, 11, 18, 1, 10, 12, 9, 2, 17, 13, 0, 3, 7, 4, 6, 8]|[0, 2, 1, 2, 1, 1, 0, 0, 2, 0, 1, 2, 1, 1, 0, 0, 0, 2, 1, 0]|[3, 0, 1, 0, 1, 1, 3, 3, 0, 0, 1, 0, 1, 1, 3, 3, 3, 0, 1, 3]|[0, 1, 1, 0, 1, 1, 1, 2, 1, 0, 1, 0, 1, 1, 0, 0, 2, 1, 1, 0];[14, 19, 16, 15, 5, 11, 18, 1, 10, 12, 9, 2, 17, 13, 0, 3, 7, 4, 6, 8]|[0, 2, 1, 2, 1, 1, 0, 0, 2, 0, 1, 2, 1, 1, 0, 0, 0, 2, 1, 0]|[3, 0, 1, 0, 1, 1, 3, 3, 0, 0, 1, 0, 1, 1, 3, 3, 3, 0, 1, 3]|[0, 1, 1, 0, 1, 1, 1, 2, 1, 0, 1, 0, 1, 1, 0, 0, 2, 1, 1, 0];[0, 3, 16, 15, 2, 12, 5, 8, 19, 10, 9, 7, 6, 17, 11, 13, 4, 1, 18, 14]|[0, 2, 1, 2, 1, 0, 2, 0, 0, 1, 1, 1, 2, 1, 1, 0, 2, 1, 0, 0]|[1, 1, 1, 0, 1, 0, 0, 0, 3, 1, 1, 0, 0, 0, 0, 3, 0, 0, 2, 3]|[1, 1, 1, 0, 1, 2, 1, 2, 0, 0, 0, 1, 0, 1, 1, 0, 1, 1, 0, 2];[0, 19, 6, 10, 15, 11, 18, 1, 5, 12, 17, 2, 13, 9, 16, 4, 7, 14, 3, 8]|[0, 2, 1, 1, 2, 1, 0, 0, 2, 0, 1, 2, 1, 1, 0, 0, 0, 2, 0, 0]|[3, 0, 1, 1, 0, 0, 2, 0, 0, 0, 0, 0, 0, 1, 3, 3, 3, 0, 1, 3]|[1, 1, 1, 0, 0, 1, 0, 2, 1, 2, 1, 0, 1, 0, 0, 2, 0, 1, 1, 0];[14, 19, 16, 15, 18, 5, 12, 8, 17, 6, 10, 11, 2, 3, 9, 0, 4, 1, 7, 13]|[0, 2, 1, 2, 0, 2, 0, 0, 1, 2, 1, 1, 1, 0, 0, 0, 2, 1, 1, 0]|[3, 1, 1, 0, 2, 0, 0, 0, 0, 0, 1, 1, 1, 3, 3, 3, 0, 1, 0, 3]|[0, 1, 1, 0, 1, 1, 2, 2, 1, 0, 0, 1, 1, 0, 2, 0, 1, 0, 1, 2];[0, 19, 5, 4, 10, 16, 12, 6, 14, 11, 8, 15, 2, 3, 17, 9, 13, 18, 7, 1]|[0, 2, 1, 1, 2, 1, 0, 0, 2, 0, 0, 1, 2, 0, 1, 2, 1, 1, 0, 0]|[0, 0, 1, 1, 0, 0, 3, 0, 0, 3, 2, 1, 0, 3, 0, 0, 0, 1, 3, 3]|[1, 1, 1, 0, 0, 1, 2, 2, 1, 0, 1, 1, 1, 0, 1, 0, 1, 0, 0, 2];[0, 19, 16, 10, 15, 11, 3, 6, 2, 9, 8, 12, 13, 4, 5, 17, 14, 7, 18, 1]|[0, 2, 1, 1, 2, 1, 0, 1, 2, 1, 1, 0, 0, 2, 2, 1, 0, 0, 0, 0]|[2, 1, 0, 1, 0, 0, 3, 0, 0, 0, 1, 0, 3, 0, 0, 1, 3, 3, 3, 0]|[1, 1, 1, 0, 0, 1, 0, 1, 0, 1, 0, 2, 2, 1, 1, 1, 0, 2, 0, 2];[19, 5, 10, 15, 11, 18, 4, 12, 9, 13, 0, 17, 8, 2, 6, 14, 3, 7, 16, 1]|[2, 1, 1, 2, 1, 0, 2, 0, 1, 1, 2, 1, 0, 1, 2, 0, 0, 0, 0, 0]|[0, 1, 1, 0, 1, 3, 0, 3, 1, 0, 0, 1, 3, 1, 0, 3, 3, 3, 3, 3]|[1, 1, 1, 0, 1, 0, 1, 2, 0, 1, 0, 1, 0, 1, 1, 2, 0, 0, 2, 0];[19, 5, 10, 15, 11, 18, 4, 12, 9, 13, 0, 17, 8, 2, 6, 14, 3, 7, 16, 1]|[2, 1, 1, 2, 1, 0, 2, 0, 1, 1, 2, 1, 0, 1, 2, 0, 0, 0, 0, 0]|[0, 1, 1, 0, 1, 3, 0, 3, 1, 0, 0, 1, 3, 1, 0, 3, 3, 3, 3, 3]|[1, 1, 1, 0, 1, 0, 1, 2, 0, 1, 0, 1, 0, 1, 1, 2, 0, 0, 2, 0];[1, 19, 6, 10, 15, 11, 18, 0, 2, 7, 17, 5, 12, 16, 9, 13, 14, 4, 8, 3]|[0, 2, 1, 0, 2, 1, 0, 0, 2, 0, 0, 2, 0, 1, 0, 0, 0, 2, 1, 0]|[3, 0, 1, 1, 0, 1, 3, 0, 0, 0, 1, 0, 0, 1, 3, 3, 3, 0, 1, 3]|[1, 1, 1, 0, 0, 1, 0, 2, 1, 2, 1, 1, 1, 1, 0, 2, 2, 1, 1, 0];[1, 4, 16, 11, 14, 2, 7, 8, 12, 17, 9, 10, 5, 13, 18, 3, 19, 15, 6, 0]|[0, 1, 2, 1, 0, 2, 0, 2, 1, 1, 1, 1, 0, 0, 0, 2, 2, 2, 1, 0]|[3, 1, 1, 1, 0, 1, 0, 0, 0, 0, 1, 1, 3, 3, 0, 0, 0, 0, 1, 3]|[1, 1, 1, 1, 2, 1, 2, 0, 1, 1, 0, 1, 0, 2, 0, 0, 1, 1, 1, 2];[1, 4, 16, 11, 14, 2, 7, 8, 12, 17, 9, 10, 5, 13, 18, 3, 19, 15, 6, 0]|[0, 1, 2, 1, 0, 2, 0, 2, 1, 1, 1, 1, 0, 0, 0, 2, 2, 2, 1, 0]|[3, 1, 1, 1, 0, 1, 0, 0, 0, 0, 1, 1, 3, 3, 0, 0, 0, 0, 1, 3]|[1, 1, 1, 1, 2, 1, 2, 0, 1, 1, 0, 1, 0, 2, 0, 0, 1, 1, 1, 2];[19, 16, 15, 11, 0, 6, 4, 3, 13, 17, 9, 10, 8, 18, 14, 2, 7, 5, 12, 1]|[2, 1, 2, 1, 0, 0, 2, 0, 1, 1, 1, 1, 2, 0, 0, 0, 0, 1, 2, 0]|[0, 1, 0, 1, 3, 3, 0, 3, 1, 1, 1, 1, 0, 3, 3, 3, 3, 1, 0, 3]|[1, 1, 0, 1, 0, 2, 1, 0, 1, 1, 1, 1, 0, 0, 2, 0, 2, 1, 1, 0];[19, 16, 15, 11, 0, 6, 4, 3, 13, 17, 9, 10, 8, 18, 14, 2, 7, 5, 12, 1]|[2, 1, 2, 1, 0, 0, 2, 0, 1, 1, 1, 1, 2, 0, 0, 0, 0, 1, 2, 0]|[0, 1, 0, 1, 3, 3, 0, 3, 1, 1, 1, 1, 0, 3, 3, 3, 3, 1, 0, 3]|[1, 1, 0, 1, 0, 2, 1, 0, 1, 1, 1, 1, 0, 0, 2, 0, 2, 1, 1, 0];[1, 19, 2, 17, 18, 4, 12, 11, 15, 10, 6, 9, 13, 3, 5, 14, 7, 16, 0, 8]|[0, 2, 2, 1, 0, 2, 0, 1, 2, 1, 2, 1, 1, 0, 0, 0, 1, 1, 0, 0]|[3, 0, 0, 0, 1, 0, 0, 1, 0, 1, 0, 0, 1, 3, 3, 0, 0, 1, 3, 0]|[1, 1, 0, 1, 0, 1, 2, 1, 0, 1, 1, 1, 0, 0, 2, 1, 1, 1, 0, 2];[1, 19, 2, 17, 18, 4, 12, 11, 15, 10, 6, 9, 13, 3, 5, 14, 7, 16, 0, 8]|[0, 2, 2, 1, 0, 2, 0, 1, 2, 1, 2, 1, 1, 0, 0, 0, 1, 1, 0, 0]|[3, 0, 0, 0, 1, 0, 0, 1, 0, 1, 0, 0, 1, 3, 3, 0, 0, 1, 3, 0]|[1, 1, 0, 1, 0, 1, 2, 1, 0, 1, 1, 1, 0, 0, 2, 1, 1, 1, 0, 2];[1, 19, 2, 17, 18, 4, 12, 11, 15, 10, 6, 9, 13, 3, 5, 14, 7, 16, 0, 8]|[0, 2, 2, 1, 0, 2, 0, 1, 2, 1, 2, 1, 1, 0, 0, 0, 1, 1, 0, 0]|[3, 0, 0, 0, 1, 0, 0, 1, 0, 1, 0, 0, 1, 3, 3, 0, 0, 1, 3, 0]|[1, 1, 0, 1, 0, 1, 2, 1, 0, 1, 1, 1, 0, 0, 2, 1, 1, 1, 0, 2];[1, 19, 2, 17, 18, 4, 12, 11, 15, 10, 6, 9, 13, 3, 5, 14, 7, 16, 0, 8]|[0, 2, 2, 1, 0, 2, 0, 1, 2, 1, 2, 1, 1, 0, 0, 0, 1, 1, 0, 0]|[3, 0, 0, 0, 1, 0, 0, 1, 0, 1, 0, 0, 1, 3, 3, 0, 0, 1, 3, 0]|[1, 1, 0, 1, 0, 1, 2, 1, 0, 1, 1, 1, 0, 0, 2, 1, 1, 1, 0, 2];[19, 5, 10, 15, 11, 7, 14, 2, 0, 16, 4, 9, 8, 6, 17, 12, 3, 13, 1, 18]|[2, 1, 1, 2, 1, 0, 0, 2, 0, 1, 2, 1, 1, 2, 0, 1, 0, 0, 0, 0]|[1, 1, 0, 0, 1, 0, 0, 0, 0, 1, 0, 0, 1, 0, 3, 0, 3, 3, 3, 0]|[1, 1, 0, 0, 1, 2, 1, 1, 2, 1, 0, 1, 0, 1, 0, 1, 0, 0, 0, 1];[19, 5, 10, 15, 11, 7, 14, 2, 0, 16, 4, 9, 8, 6, 17, 12, 3, 13, 1, 18]|[2, 1, 1, 2, 1, 0, 0, 2, 0, 1, 2, 1, 1, 2, 0, 1, 0, 0, 0, 0]|[1, 1, 0, 0, 1, 0, 0, 0, 0, 1, 0, 0, 1, 0, 3, 0, 3, 3, 3, 0]|[1, 1, 0, 0, 1, 2, 1, 1, 2, 1, 0, 1, 0, 1, 0, 1, 0, 0, 0, 1];[19, 16, 15, 11, 6, 12, 5, 18, 0, 14, 17, 2, 7, 13, 1, 8, 9, 4, 10, 3]|[2, 1, 2, 1, 1, 0, 2, 0, 0, 0, 1, 2, 1, 1, 0, 0, 0, 2, 1, 0]|[0, 1, 0, 1, 1, 3, 0, 3, 3, 3, 1, 0, 1, 1, 3, 3, 3, 0, 1, 3]|[1, 1, 0, 1, 1, 2, 1, 0, 0, 2, 1, 0, 1, 1, 0, 2, 0, 1, 1, 0];[14, 19, 6, 15, 11, 4, 7, 1, 12, 13, 2, 17, 9, 8, 5, 0, 18, 10, 16, 3]|[0, 2, 1, 2, 1, 2, 0, 0, 0, 1, 2, 1, 1, 0, 2, 0, 0, 1, 1, 0]|[3, 0, 1, 0, 1, 0, 3, 3, 3, 1, 0, 1, 1, 3, 0, 3, 3, 1, 1, 3]|[0, 1, 1, 0, 1, 1, 0, 2, 2, 1, 0, 1, 1, 0, 1, 2, 0, 1, 1, 0];[19, 5, 10, 15, 11, 7, 14, 2, 0, 16, 4, 9, 8, 6, 17, 12, 3, 13, 1, 18]|[2, 1, 1, 2, 1, 0, 0, 2, 0, 1, 2, 1, 1, 2, 0, 1, 0, 0, 0, 0]|[1, 1, 0, 0, 1, 0, 0, 0, 0, 1, 0, 0, 1, 0, 3, 0, 3, 3, 3, 0]|[1, 1, 0, 0, 1, 2, 1, 1, 2, 1, 0, 1, 0, 1, 0, 1, 0, 0, 0, 1];[19, 5, 10, 15, 11, 7, 14, 2, 0, 16, 4, 9, 8, 6, 17, 12, 3, 13, 1, 18]|[2, 1, 1, 2, 1, 0, 0, 2, 0, 1, 2, 1, 1, 2, 0, 1, 0, 0, 0, 0]|[1, 1, 0, 0, 1, 0, 0, 0, 0, 1, 0, 0, 1, 0, 3, 0, 3, 3, 3, 0]|[1, 1, 0, 0, 1, 2, 1, 1, 2, 1, 0, 1, 0, 1, 0, 1, 0, 0, 0, 1];[19, 16, 15, 11, 6, 12, 5, 18, 0, 14, 17, 2, 7, 13, 1, 8, 9, 4, 10, 3]|[2, 1, 2, 1, 1, 0, 2, 0, 0, 0, 1, 2, 1, 1, 0, 0, 0, 2, 1, 0]|[0, 1, 0, 1, 1, 3, 0, 3, 3, 3, 1, 0, 1, 1, 3, 3, 3, 0, 1, 3]|[1, 1, 0, 1, 1, 2, 1, 0, 0, 2, 1, 0, 1, 1, 0, 2, 0, 1, 1, 0];[14, 19, 6, 15, 11, 4, 7, 1, 12, 13, 2, 17, 9, 8, 5, 0, 18, 10, 16, 3]|[0, 2, 1, 2, 1, 2, 0, 0, 0, 1, 2, 1, 1, 0, 2, 0, 0, 1, 1, 0]|[3, 0, 1, 0, 1, 0, 3, 3, 3, 1, 0, 1, 1, 3, 0, 3, 3, 1, 1, 3]|[0, 1, 1, 0, 1, 1, 0, 2, 2, 1, 0, 1, 1, 0, 1, 2, 0, 1, 1, 0];[19, 5, 10, 15, 11, 6, 3, 17, 16, 13, 2, 14, 7, 18, 9, 1, 0, 4, 8, 12]|[2, 1, 1, 2, 1, 0, 0, 1, 2, 1, 2, 0, 0, 0, 0, 0, 0, 2, 1, 0]|[0, 1, 1, 0, 1, 3, 3, 1, 0, 1, 0, 3, 3, 3, 3, 3, 3, 0, 1, 3]|[1, 1, 0, 1, 1, 0, 2, 0, 0, 1, 1, 0, 2, 0, 0, 2, 0, 1, 1, 0];[19, 5, 10, 15, 11, 6, 3, 17, 16, 13, 2, 14, 7, 18, 9, 1, 0, 4, 8, 12]|[2, 1, 1, 2, 1, 0, 0, 1, 2, 1, 2, 0, 0, 0, 0, 0, 0, 2, 1, 0]|[0, 1, 1, 0, 1, 3, 3, 1, 0, 1, 0, 3, 3, 3, 3, 3, 3, 0, 1, 3]|[1, 1, 0, 1, 1, 0, 2, 0, 0, 1, 1, 0, 2, 0, 0, 2, 0, 1, 1, 0];[1, 19, 16, 10, 4, 6, 15, 12, 2, 11, 13, 17, 9, 5, 7, 14, 18, 0, 8, 3]|[0, 2, 1, 1, 2, 0, 2, 0, 2, 1, 1, 1, 1, 2, 0, 0, 0, 0, 1, 2]|[3, 1, 1, 1, 0, 0, 0, 0, 0, 1, 1, 0, 0, 0, 3, 3, 2, 3, 1, 0]|[0, 0, 1, 1, 1, 1, 1, 2, 0, 1, 0, 1, 1, 1, 0, 2, 0, 0, 1, 1];[1, 19, 16, 10, 4, 6, 15, 12, 2, 11, 13, 17, 9, 5, 7, 14, 18, 0, 8, 3]|[0, 2, 1, 1, 2, 0, 2, 0, 2, 1, 1, 1, 1, 2, 0, 0, 0, 0, 1, 2]|[3, 1, 1, 1, 0, 0, 0, 0, 0, 1, 1, 0, 0, 0, 3, 3, 2, 3, 1, 0]|[0, 0, 1, 1, 1, 1, 1, 2, 0, 1, 0, 1, 1, 1, 0, 2, 0, 0, 1, 1];[11, 4, 10, 6, 17, 18, 5, 12, 14, 7, 0, 19, 16, 1, 13, 8, 9, 2, 15, 3]|[1, 2, 1, 2, 0, 0, 2, 0, 0, 0, 2, 0, 0, 1, 0, 0, 0, 2, 1, 2]|[1, 0, 1, 0, 3, 3, 0, 0, 3, 0, 0, 3, 0, 1, 3, 3, 3, 0, 1, 1]|[1, 0, 0, 1, 2, 2, 1, 1, 1, 0, 0, 2, 0, 1, 0, 1, 0, 1, 1, 1];[11, 19, 6, 8, 4, 9, 16, 2, 12, 1, 5, 18, 15, 14, 3, 17, 0, 7, 10, 13]|[0, 2, 0, 2, 1, 0, 2, 1, 1, 0, 2, 0, 0, 0, 1, 0, 0, 0, 0, 2]|[0, 0, 3, 1, 1, 0, 0, 1, 0, 3, 0, 0, 3, 0, 0, 3, 3, 0, 2, 0]|[2, 1, 0, 1, 1, 0, 0, 1, 1, 1, 0, 2, 0, 1, 1, 0, 2, 0, 2, 1];[19, 6, 10, 15, 11, 8, 5, 7, 0, 17, 12, 13, 3, 18, 16, 14, 1, 2, 4, 9]|[0, 2, 1, 2, 1, 0, 2, 0, 2, 1, 0, 1, 0, 0, 0, 0, 0, 2, 1, 0]|[0, 0, 0, 0, 1, 3, 0, 0, 0, 0, 0, 1, 3, 3, 3, 3, 3, 0, 1, 3]|[2, 1, 1, 0, 1, 1, 1, 1, 0, 1, 2, 0, 0, 0, 1, 0, 2, 1, 1, 0];[12, 6, 16, 15, 7, 11, 8, 2, 17, 0, 5, 14, 3, 13, 10, 4, 9, 1, 19, 18]|[0, 2, 1, 2, 0, 1, 1, 2, 0, 0, 2, 0, 0, 1, 1, 2, 1, 0, 0, 0]|[1, 0, 1, 0, 3, 1, 1, 0, 0, 0, 1, 3, 3, 0, 0, 1, 0, 3, 0, 3]|[2, 1, 1, 1, 1, 1, 0, 0, 1, 2, 1, 0, 0, 1, 1, 0, 1, 0, 1, 2];[19, 4, 5, 15, 11, 2, 17, 8, 13, 7, 9, 1, 3, 12, 10, 6, 16, 18, 0, 14]|[2, 1, 1, 2, 1, 2, 0, 0, 1, 2, 1, 0, 0, 0, 1, 1, 2, 0, 0, 0]|[0, 1, 1, 0, 1, 0, 3, 3, 1, 0, 1, 3, 3, 3, 1, 1, 0, 3, 3, 3]|[1, 1, 1, 0, 1, 1, 0, 2, 1, 0, 1, 0, 0, 2, 1, 1, 1, 0, 2, 0];[19, 4, 5, 15, 11, 2, 17, 8, 13, 7, 9, 1, 3, 12, 10, 6, 16, 18, 0, 14]|[2, 1, 1, 2, 1, 2, 0, 0, 1, 2, 1, 0, 0, 0, 1, 1, 2, 0, 0, 0]|[0, 1, 1, 0, 1, 0, 3, 3, 1, 0, 1, 3, 3, 3, 1, 1, 0, 3, 3, 3]|[1, 1, 1, 0, 1, 1, 0, 2, 1, 0, 1, 0, 0, 2, 1, 1, 1, 0, 2, 0];[19, 6, 10, 15, 11, 5, 12, 8, 17, 2, 7, 9, 14, 18, 13, 1, 0, 16, 4, 3]|[2, 1, 1, 2, 1, 0, 2, 0, 1, 2, 1, 1, 0, 0, 0, 0, 0, 2, 1, 0]|[0, 1, 1, 0, 1, 3, 0, 3, 1, 0, 0, 1, 3, 3, 3, 3, 3, 0, 1, 3]|[1, 1, 0, 0, 1, 0, 1, 2, 1, 0, 1, 0, 0, 2, 0, 0, 2, 1, 1, 0];[19, 6, 10, 15, 11, 5, 12, 8, 17, 2, 7, 9, 14, 18, 13, 1, 0, 16, 4, 3]|[2, 1, 1, 2, 1, 0, 2, 0, 1, 2, 1, 1, 0, 0, 0, 0, 0, 2, 1, 0]|[0, 1, 1, 0, 1, 3, 0, 3, 1, 0, 0, 1, 3, 3, 3, 3, 3, 0, 1, 3]|[1, 1, 0, 0, 1, 0, 1, 2, 1, 0, 1, 0, 0, 2, 0, 0, 2, 1, 1, 0];[1, 5, 10, 7, 19, 4, 16, 14, 0, 12, 15, 11, 17, 9, 18, 3, 13, 2, 6, 8]|[0, 1, 1, 0, 2, 2, 2, 0, 1, 1, 2, 1, 1, 0, 0, 0, 0, 2, 1, 0]|[1, 1, 0, 0, 1, 1, 0, 0, 0, 0, 0, 0, 1, 3, 3, 3, 0, 0, 1, 3]|[1, 0, 1, 2, 0, 0, 1, 2, 1, 1, 1, 1, 0, 0, 0, 2, 0, 1, 1, 0];[1, 5, 10, 7, 19, 4, 16, 14, 0, 12, 15, 11, 17, 9, 18, 3, 13, 2, 6, 8]|[0, 1, 1, 0, 2, 2, 2, 0, 1, 1, 2, 1, 1, 0, 0, 0, 0, 2, 1, 0]|[1, 1, 0, 0, 1, 1, 0, 0, 0, 0, 0, 0, 1, 3, 3, 3, 0, 0, 1, 3]|[1, 0, 1, 2, 0, 0, 1, 2, 1, 1, 1, 1, 0, 0, 0, 2, 0, 1, 1, 0];[13, 19, 16, 10, 15, 11, 5, 12, 17, 2, 7, 3, 14, 6, 4, 8, 0, 9, 1, 18]|[0, 2, 1, 1, 2, 1, 2, 0, 1, 2, 1, 1, 0, 1, 2, 0, 0, 0, 0, 0]|[0, 1, 0, 1, 0, 0, 1, 3, 0, 0, 0, 1, 3, 1, 0, 0, 2, 3, 3, 3]|[1, 1, 1, 0, 0, 1, 1, 2, 1, 0, 1, 0, 2, 1, 1, 2, 1, 0, 0, 0];[0, 19, 5, 1, 6, 10, 17, 2, 14, 15, 11, 12, 18, 9, 16, 3, 13, 4, 7, 8]|[0, 2, 1, 1, 1, 0, 2, 2, 0, 2, 1, 0, 0, 0, 2, 1, 0, 0, 0, 0]|[3, 0, 0, 1, 0, 3, 0, 0, 3, 0, 1, 3, 3, 3, 0, 1, 3, 3, 3, 3]|[0, 1, 0, 0, 1, 2, 0, 1, 0, 0, 1, 2, 0, 2, 1, 1, 0, 0, 0, 2];[19, 15, 4, 12, 16, 7, 10, 14, 2, 9, 17, 6, 8, 18, 5, 13, 1, 11, 3, 0]|[2, 2, 1, 0, 2, 0, 1, 1, 2, 1, 1, 1, 0, 0, 0, 2, 2, 1, 0, 0]|[0, 0, 1, 3, 0, 1, 0, 0, 0, 0, 1, 1, 0, 3, 2, 1, 1, 0, 3, 3]|[1, 1, 1, 0, 1, 2, 1, 1, 0, 1, 0, 0, 0, 1, 2, 1, 1, 1, 0, 2];[19, 15, 4, 12, 16, 7, 10, 14, 2, 9, 17, 6, 8, 18, 5, 13, 1, 11, 3, 0]|[2, 2, 1, 0, 2, 0, 1, 1, 2, 1, 1, 1, 0, 0, 0, 2, 2, 1, 0, 0]|[0, 0, 1, 3, 0, 1, 0, 0, 0, 0, 1, 1, 0, 3, 2, 1, 1, 0, 3, 3]|[1, 1, 1, 0, 1, 2, 1, 1, 0, 1, 0, 0, 0, 1, 2, 1, 1, 1, 0, 2];[16, 10, 15, 11, 3, 0, 7, 4, 1, 17, 12, 19, 5, 8, 14, 6, 2, 13, 9, 18]|[1, 1, 2, 1, 0, 0, 1, 1, 2, 1, 0, 2, 2, 0, 0, 0, 2, 2, 1, 0]|[0, 1, 0, 1, 3, 2, 1, 0, 0, 1, 0, 1, 0, 0, 3, 3, 0, 0, 1, 3]|[1, 0, 1, 1, 1, 1, 0, 1, 0, 1, 2, 0, 1, 2, 0, 2, 1, 0, 1, 0];[19, 6, 13, 8, 4, 7, 1, 16, 2, 12, 5, 18, 17, 10, 9, 15, 3, 11, 0, 14]|[2, 0, 0, 2, 1, 0, 0, 2, 1, 1, 2, 0, 0, 0, 0, 0, 1, 0, 0, 2]|[0, 3, 3, 1, 1, 0, 0, 0, 1, 0, 0, 0, 3, 0, 0, 2, 0, 0, 0, 0]|[1, 0, 2, 1, 1, 0, 1, 0, 1, 1, 0, 2, 0, 1, 0, 0, 1, 2, 1, 1];[19, 6, 13, 8, 4, 7, 1, 16, 2, 12, 5, 18, 17, 10, 9, 15, 3, 11, 0, 14]|[2, 0, 0, 2, 1, 0, 0, 2, 1, 1, 2, 0, 0, 0, 0, 0, 1, 0, 0, 2]|[0, 3, 3, 1, 1, 0, 0, 0, 1, 0, 0, 0, 3, 0, 0, 2, 0, 0, 0, 0]|[1, 0, 2, 1, 1, 0, 1, 0, 1, 1, 0, 2, 0, 1, 0, 0, 1, 2, 1, 1];[14, 19, 6, 10, 8, 4, 9, 16, 2, 12, 5, 18, 17, 1, 11, 3, 0, 7, 15, 13]|[0, 2, 0, 0, 2, 1, 0, 2, 1, 1, 2, 0, 0, 0, 0, 1, 0, 0, 0, 2]|[0, 0, 3, 3, 1, 1, 0, 0, 1, 0, 0, 0, 3, 0, 0, 0, 3, 0, 2, 0]|[1, 1, 0, 2, 1, 1, 1, 0, 1, 1, 0, 2, 0, 1, 2, 1, 0, 1, 0, 1];[14, 19, 6, 10, 8, 4, 9, 16, 2, 12, 5, 18, 17, 1, 11, 3, 0, 7, 15, 13]|[0, 2, 0, 0, 2, 1, 0, 2, 1, 1, 2, 0, 0, 0, 0, 1, 0, 0, 0, 2]|[0, 0, 3, 3, 1, 1, 0, 0, 1, 0, 0, 0, 3, 0, 0, 0, 3, 0, 2, 0]|[1, 1, 0, 2, 1, 1, 1, 0, 1, 1, 0, 2, 0, 1, 2, 1, 0, 1, 0, 1];[19, 16, 15, 11, 4, 2, 5, 14, 9, 18, 8, 12, 0, 1, 7, 10, 17, 6, 3, 13]|[2, 2, 1, 1, 0, 0, 2, 0, 1, 2, 0, 0, 0, 1, 1, 2, 1, 0, 0, 0]|[0, 0, 1, 1, 3, 3, 0, 3, 1, 0, 3, 3, 3, 1, 0, 0, 1, 3, 3, 3]|[0, 1, 1, 0, 0, 2, 1, 0, 1, 1, 2, 0, 2, 0, 1, 0, 1, 0, 2, 0];[12, 10, 8, 4, 9, 1, 19, 2, 0, 7, 16, 13, 11, 6, 5, 18, 17, 15, 14, 3]|[0, 0, 2, 2, 1, 0, 0, 2, 0, 0, 0, 1, 1, 0, 2, 0, 0, 2, 1, 0]|[0, 3, 1, 0, 1, 0, 3, 0, 3, 0, 3, 1, 1, 3, 0, 3, 3, 0, 1, 3]|[0, 1, 1, 1, 1, 0, 2, 0, 0, 1, 2, 1, 0, 1, 1, 0, 2, 1, 1, 0];[16, 14, 15, 17, 5, 11, 19, 2, 10, 7, 6, 12, 3, 13, 1, 0, 4, 8, 9, 18]|[2, 0, 2, 1, 1, 1, 2, 1, 1, 2, 1, 0, 0, 0, 0, 0, 2, 2, 1, 0]|[1, 1, 0, 1, 1, 1, 0, 0, 0, 1, 1, 0, 3, 3, 3, 3, 0, 0, 0, 3]|[0, 2, 1, 1, 1, 1, 1, 0, 0, 1, 1, 1, 0, 0, 1, 2, 0, 0, 1, 0];[16, 14, 15, 17, 5, 11, 19, 2, 10, 7, 6, 12, 3, 13, 1, 0, 4, 8, 9, 18]|[2, 0, 2, 1, 1, 1, 2, 1, 1, 2, 1, 0, 0, 0, 0, 0, 2, 2, 1, 0]|[1, 1, 0, 1, 1, 1, 0, 0, 0, 1, 1, 0, 3, 3, 3, 3, 0, 0, 0, 3]|[0, 2, 1, 1, 1, 1, 1, 0, 0, 1, 1, 1, 0, 0, 1, 2, 0, 0, 1, 0];[1, 19, 10, 8, 4, 9, 16, 2, 12, 11, 5, 6, 17, 14, 18, 7, 13, 0, 15, 3]|[0, 2, 0, 2, 1, 0, 2, 1, 1, 0, 2, 0, 0, 0, 0, 1, 0, 0, 0, 2]|[3, 0, 3, 1, 1, 3, 0, 1, 0, 0, 0, 2, 3, 0, 0, 0, 3, 0, 0, 0]|[1, 1, 2, 1, 1, 1, 0, 1, 1, 2, 0, 0, 0, 1, 2, 1, 0, 0, 1, 1];[1, 19, 10, 8, 4, 9, 16, 2, 12, 11, 5, 6, 17, 14, 18, 7, 13, 0, 15, 3]|[0, 2, 0, 2, 1, 0, 2, 1, 1, 0, 2, 0, 0, 0, 0, 1, 0, 0, 0, 2]|[3, 0, 3, 1, 1, 3, 0, 1, 0, 0, 0, 2, 3, 0, 0, 0, 3, 0, 0, 0]|[1, 1, 2, 1, 1, 1, 0, 1, 1, 2, 0, 0, 0, 1, 2, 1, 0, 0, 1, 1];[18, 19, 4, 6, 15, 10, 1, 14, 16, 5, 17, 12, 9, 11, 7, 2, 13, 3, 0, 8]|[0, 2, 1, 1, 0, 1, 0, 2, 2, 0, 1, 1, 2, 1, 2, 2, 2, 2, 1, 0]|[3, 0, 1, 1, 1, 1, 0, 0, 1, 3, 1, 0, 0, 0, 0, 1, 1, 0, 1, 3]|[1, 1, 1, 1, 2, 1, 0, 0, 1, 0, 0, 1, 0, 1, 0, 1, 0, 1, 1, 0];[18, 19, 4, 6, 15, 10, 1, 14, 16, 5, 17, 12, 9, 11, 7, 2, 13, 3, 0, 8]|[0, 2, 1, 1, 0, 1, 0, 2, 2, 0, 1, 1, 2, 1, 2, 2, 2, 2, 1, 0]|[3, 0, 1, 1, 1, 1, 0, 0, 1, 3, 1, 0, 0, 0, 0, 1, 1, 0, 1, 3]|[1, 1, 1, 1, 2, 1, 0, 0, 1, 0, 0, 1, 0, 1, 0, 1, 0, 1, 1, 0];[9, 2, 6, 11, 8, 4, 1, 16, 19, 12, 10, 5, 17, 14, 3, 7, 13, 18, 0, 15]|[0, 2, 0, 0, 2, 1, 0, 2, 1, 1, 0, 2, 0, 0, 1, 0, 0, 0, 0, 2]|[0, 0, 3, 0, 1, 1, 3, 0, 1, 0, 0, 0, 0, 3, 0, 0, 2, 0, 0, 0]|[1, 1, 0, 2, 1, 1, 1, 0, 1, 1, 2, 0, 1, 0, 0, 0, 1, 2, 0, 1];[9, 2, 6, 11, 8, 4, 1, 16, 19, 12, 10, 5, 17, 14, 3, 7, 13, 18, 0, 15]|[0, 2, 0, 0, 2, 1, 0, 2, 1, 1, 0, 2, 0, 0, 1, 0, 0, 0, 0, 2]|[0, 0, 3, 0, 1, 1, 3, 0, 1, 0, 0, 0, 0, 3, 0, 0, 2, 0, 0, 0]|[1, 1, 0, 2, 1, 1, 1, 0, 1, 1, 2, 0, 1, 0, 0, 0, 1, 2, 0, 1]
fc6diagRound 6	fe=173139	pool=300	target=100	rescued=0	sOriginal=[0, 19, 16, 10, 15, 11, 18, 8, 5, 12, 17, 6, 7, 9, 14, 2, 13, 4, 3, 1]|[0, 2, 1, 1, 2, 1, 0, 0, 2, 0, 1, 2, 1, 1, 0, 0, 0, 2, 1, 1]|[3, 0, 1, 1, 0, 1, 3, 0, 0, 0, 1, 0, 0, 1, 3, 3, 3, 0, 1, 1]|[1, 1, 1, 0, 0, 1, 0, 2, 1, 2, 1, 0, 1, 0, 0, 2, 0, 1, 1, 1];[0, 19, 6, 10, 15, 11, 18, 8, 4, 12, 17, 2, 1, 9, 14, 3, 13, 16, 5, 7]|[0, 2, 1, 1, 2, 1, 0, 0, 2, 0, 1, 2, 1, 1, 0, 0, 0, 2, 1, 0]|[3, 0, 1, 1, 0, 1, 2, 0, 0, 0, 1, 0, 0, 1, 3, 3, 3, 0, 1, 3]|[1, 1, 1, 0, 0, 1, 0, 2, 1, 2, 1, 0, 1, 0, 0, 2, 0, 1, 1, 0];[0, 19, 6, 10, 15, 11, 18, 1, 5, 12, 17, 2, 7, 9, 14, 8, 3, 16, 4, 13]|[0, 2, 1, 1, 2, 1, 0, 0, 2, 0, 1, 2, 1, 1, 0, 0, 0, 2, 1, 0]|[3, 0, 1, 1, 0, 1, 2, 0, 0, 0, 1, 0, 0, 1, 3, 3, 3, 0, 1, 3]|[1, 1, 1, 0, 0, 1, 0, 2, 1, 2, 1, 0, 1, 0, 0, 2, 0, 1, 1, 0];[0, 19, 16, 10, 15, 11, 18, 8, 5, 3, 17, 6, 7, 9, 12, 13, 14, 2, 4, 1]|[0, 2, 1, 1, 2, 1, 0, 0, 2, 0, 1, 2, 1, 1, 0, 0, 0, 2, 1, 0]|[3, 0, 1, 1, 0, 1, 3, 0, 0, 0, 1, 0, 0, 1, 3, 3, 3, 0, 1, 3]|[1, 1, 1, 0, 0, 1, 0, 2, 1, 2, 1, 0, 1, 0, 0, 2, 0, 1, 1, 0];[0, 19, 16, 10, 15, 11, 18, 8, 5, 12, 17, 6, 7, 3, 1, 2, 13, 4, 14, 9]|[0, 2, 1, 1, 2, 1, 0, 0, 2, 0, 1, 2, 0, 1, 0, 0, 0, 2, 1, 0]|[3, 0, 1, 1, 0, 1, 2, 0, 0, 0, 1, 0, 3, 1, 3, 3, 3, 0, 1, 3]|[1, 1, 1, 0, 0, 1, 0, 2, 1, 2, 1, 0, 0, 0, 0, 2, 0, 1, 1, 0];[0, 19, 16, 10, 4, 11, 18, 8, 5, 12, 17, 6, 7, 1, 3, 13, 9, 15, 2, 14]|[0, 2, 1, 1, 2, 1, 0, 0, 2, 0, 1, 2, 1, 1, 0, 0, 0, 2, 1, 0]|[3, 0, 1, 1, 0, 1, 3, 0, 0, 0, 1, 0, 0, 1, 3, 3, 3, 0, 1, 3]|[1, 1, 1, 0, 0, 1, 0, 2, 1, 2, 1, 0, 1, 0, 0, 2, 0, 1, 1, 0];[0, 19, 16, 10, 15, 11, 18, 8, 5, 12, 17, 6, 7, 1, 3, 14, 9, 2, 4, 13]|[0, 2, 1, 1, 2, 1, 0, 0, 2, 0, 1, 2, 1, 1, 0, 0, 0, 2, 1, 0]|[3, 0, 1, 1, 0, 1, 3, 0, 0, 0, 1, 0, 0, 1, 3, 3, 3, 0, 1, 3]|[1, 1, 1, 0, 0, 1, 0, 2, 1, 2, 1, 0, 1, 0, 0, 2, 0, 1, 1, 0];[0, 19, 16, 10, 15, 11, 18, 8, 5, 12, 17, 2, 7, 9, 1, 14, 6, 4, 13, 3]|[0, 2, 1, 1, 2, 1, 0, 0, 2, 0, 1, 2, 1, 1, 0, 0, 0, 2, 1, 0]|[3, 0, 1, 1, 0, 1, 3, 0, 0, 0, 1, 0, 0, 1, 3, 3, 3, 0, 1, 3]|[1, 1, 1, 0, 0, 1, 0, 2, 1, 2, 1, 0, 1, 0, 0, 2, 0, 1, 1, 0];[19, 16, 2, 15, 11, 8, 5, 12, 7, 6, 9, 17, 0, 1, 10, 18, 13, 4, 14, 3]|[2, 1, 0, 2, 1, 0, 2, 0, 0, 2, 0, 1, 0, 0, 0, 0, 0, 2, 1, 0]|[0, 1, 3, 0, 1, 0, 0, 0, 3, 0, 0, 1, 3, 3, 3, 3, 3, 0, 1, 3]|[1, 1, 2, 0, 1, 0, 1, 2, 1, 0, 1, 0, 0, 2, 0, 1, 0, 1, 1, 0];[19, 6, 10, 15, 4, 17, 2, 5, 12, 16, 9, 0, 14, 13, 7, 3, 11, 18, 8, 1]|[2, 1, 1, 2, 1, 0, 0, 2, 0, 2, 0, 0, 1, 0, 0, 0, 2, 0, 0, 0]|[0, 1, 1, 0, 1, 3, 0, 0, 0, 0, 0, 3, 1, 3, 3, 3, 0, 3, 0, 3]|[1, 1, 0, 0, 1, 1, 2, 1, 2, 0, 1, 0, 0, 0, 0, 1, 1, 0, 2, 2];[0, 19, 5, 10, 15, 11, 18, 1, 6, 12, 17, 2, 13, 9, 14, 8, 7, 4, 16, 3]|[0, 2, 1, 1, 2, 1, 0, 0, 2, 0, 0, 2, 1, 1, 0, 0, 0, 2, 1, 0]|[3, 0, 1, 1, 0, 1, 2, 0, 0, 0, 0, 0, 0, 1, 3, 3, 3, 0, 1, 3]|[1, 1, 1, 0, 0, 1, 0, 2, 1, 2, 1, 0, 1, 0, 0, 2, 0, 1, 1, 0];[0, 19, 5, 10, 15, 11, 18, 1, 6, 12, 17, 2, 13, 9, 14, 8, 7, 4, 16, 3]|[0, 2, 1, 1, 2, 1, 0, 0, 2, 0, 0, 2, 1, 1, 0, 0, 0, 2, 1, 0]|[3, 0, 1, 1, 0, 1, 2, 0, 0, 0, 0, 0, 0, 1, 3, 3, 3, 0, 1, 3]|[1, 1, 1, 0, 0, 1, 0, 2, 1, 2, 1, 0, 1, 0, 0, 2, 0, 1, 1, 0];[0, 19, 16, 10, 4, 6, 18, 3, 17, 14, 15, 11, 9, 8, 12, 1, 13, 5, 2, 7]|[0, 2, 1, 1, 2, 1, 0, 0, 2, 0, 1, 2, 1, 1, 0, 0, 0, 2, 1, 0]|[3, 0, 1, 1, 0, 1, 3, 0, 0, 0, 0, 0, 0, 1, 3, 3, 3, 0, 1, 3]|[1, 1, 1, 1, 0, 1, 0, 2, 1, 2, 1, 0, 1, 0, 0, 2, 0, 1, 1, 0];[0, 19, 6, 11, 15, 10, 18, 1, 5, 12, 17, 16, 7, 9, 14, 13, 3, 4, 2, 8]|[0, 2, 1, 1, 2, 1, 0, 0, 2, 0, 1, 2, 1, 1, 0, 0, 0, 2, 1, 0]|[3, 0, 1, 1, 0, 1, 3, 0, 0, 0, 1, 0, 0, 1, 3, 3, 3, 0, 1, 3]|[1, 1, 1, 0, 0, 1, 0, 2, 1, 2, 1, 0, 1, 0, 0, 2, 0, 1, 1, 0];[0, 19, 16, 10, 15, 11, 18, 1, 5, 12, 17, 2, 9, 13, 7, 8, 3, 4, 6, 14]|[0, 2, 1, 1, 2, 1, 0, 0, 2, 0, 1, 2, 1, 1, 0, 0, 0, 2, 1, 0]|[3, 0, 1, 1, 0, 1, 3, 0, 0, 0, 1, 0, 0, 1, 3, 3, 3, 0, 1, 3]|[1, 1, 1, 0, 0, 1, 0, 2, 1, 2, 1, 0, 1, 0, 0, 2, 0, 1, 1, 0];[0, 19, 16, 10, 15, 11, 18, 8, 5, 12, 17, 13, 7, 1, 2, 14, 6, 4, 3, 9]|[0, 2, 1, 1, 2, 1, 0, 0, 2, 0, 1, 2, 1, 1, 0, 0, 0, 2, 1, 0]|[3, 0, 1, 1, 0, 1, 2, 0, 0, 0, 1, 0, 0, 1, 3, 3, 3, 0, 1, 3]|[1, 1, 1, 0, 0, 1, 0, 2, 1, 2, 1, 0, 1, 0, 0, 2, 0, 0, 1, 0];[15, 19, 16, 10, 0, 11, 18, 8, 5, 12, 17, 2, 7, 1, 6, 3, 14, 4, 13, 9]|[0, 2, 1, 1, 2, 1, 0, 0, 2, 0, 1, 2, 1, 1, 0, 0, 0, 2, 1, 0]|[3, 0, 1, 1, 0, 1, 3, 0, 0, 0, 0, 0, 0, 1, 3, 3, 3, 0, 1, 3]|[1, 1, 1, 0, 0, 1, 0, 2, 1, 2, 1, 0, 1, 0, 0, 2, 0, 1, 1, 0];[0, 19, 16, 10, 15, 11, 18, 1, 5, 12, 17, 6, 9, 7, 2, 14, 13, 4, 3, 8]|[0, 2, 1, 1, 2, 1, 0, 0, 2, 0, 1, 2, 1, 1, 0, 0, 0, 2, 1, 0]|[3, 0, 1, 1, 0, 1, 3, 0, 0, 0, 1, 0, 0, 1, 3, 3, 3, 0, 1, 3]|[1, 1, 1, 0, 0, 1, 0, 2, 1, 2, 1, 0, 1, 0, 0, 2, 2, 1, 1, 0];[19, 6, 10, 15, 11, 9, 8, 7, 16, 17, 5, 1, 13, 4, 14, 12, 3, 18, 0, 2]|[2, 1, 0, 2, 1, 0, 1, 0, 2, 0, 2, 0, 1, 2, 0, 0, 0, 0, 0, 0]|[0, 1, 3, 0, 1, 0, 1, 3, 0, 3, 0, 0, 1, 0, 3, 0, 3, 3, 3, 3]|[1, 1, 0, 0, 1, 1, 0, 0, 0, 1, 1, 2, 1, 0, 0, 2, 2, 0, 1, 0];[0, 19, 5, 10, 15, 11, 18, 1, 6, 12, 17, 16, 9, 7, 4, 14, 13, 2, 3, 8]|[0, 2, 1, 1, 2, 1, 0, 0, 2, 0, 1, 2, 1, 1, 0, 0, 0, 2, 1, 0]|[3, 0, 1, 1, 0, 1, 2, 0, 0, 0, 0, 0, 0, 1, 3, 3, 3, 0, 1, 3]|[1, 1, 1, 0, 0, 1, 0, 2, 1, 2, 1, 0, 1, 0, 0, 2, 2, 1, 1, 0];[15, 19, 16, 10, 0, 11, 18, 8, 5, 12, 7, 2, 17, 1, 6, 3, 14, 4, 13, 9]|[0, 2, 1, 1, 2, 1, 0, 0, 2, 0, 1, 2, 1, 1, 0, 0, 0, 2, 1, 0]|[3, 0, 1, 1, 0, 1, 3, 0, 0, 0, 0, 0, 0, 1, 3, 3, 3, 0, 1, 3]|[1, 1, 1, 0, 0, 1, 0, 2, 1, 2, 1, 0, 1, 0, 0, 2, 0, 1, 1, 0];[6, 19, 16, 10, 15, 11, 18, 8, 5, 12, 17, 2, 13, 7, 9, 1, 4, 3, 0, 14]|[0, 2, 1, 1, 2, 1, 0, 0, 2, 0, 1, 2, 1, 1, 0, 0, 2, 0, 0, 0]|[3, 0, 1, 1, 0, 1, 3, 0, 0, 0, 0, 0, 0, 1, 3, 3, 0, 3, 2, 3]|[0, 1, 0, 1, 0, 1, 1, 2, 1, 2, 1, 0, 1, 0, 0, 2, 1, 1, 0, 2];[0, 19, 16, 10, 15, 11, 6, 8, 5, 12, 7, 18, 9, 17, 14, 1, 13, 2, 4, 3]|[0, 2, 1, 1, 2, 1, 0, 0, 2, 0, 1, 2, 1, 1, 0, 0, 0, 2, 1, 0]|[3, 0, 1, 1, 0, 1, 2, 0, 0, 0, 0, 0, 0, 1, 3, 3, 3, 0, 1, 3]|[1, 1, 1, 1, 0, 1, 0, 2, 1, 2, 1, 0, 1, 0, 0, 2, 0, 1, 1, 0];[0, 19, 16, 10, 15, 11, 18, 8, 5, 12, 17, 6, 7, 1, 3, 13, 9, 4, 2, 14]|[0, 2, 1, 1, 2, 1, 0, 0, 2, 0, 1, 2, 1, 1, 0, 0, 0, 2, 1, 0]|[2, 0, 1, 1, 0, 1, 3, 0, 0, 0, 0, 0, 0, 1, 3, 3, 3, 0, 1, 3]|[1, 1, 1, 0, 0, 1, 0, 2, 1, 2, 1, 0, 1, 0, 0, 2, 2, 1, 1, 0];[0, 19, 16, 10, 15, 11, 18, 8, 5, 12, 17, 6, 7, 1, 3, 13, 9, 4, 2, 14]|[0, 2, 1, 1, 2, 1, 0, 0, 2, 0, 1, 2, 1, 1, 0, 0, 0, 2, 1, 0]|[2, 0, 1, 1, 0, 1, 3, 0, 0, 0, 0, 0, 0, 1, 3, 3, 3, 0, 1, 3]|[1, 1, 1, 0, 0, 1, 0, 2, 1, 2, 1, 0, 1, 0, 0, 2, 2, 1, 1, 0];[0, 19, 16, 10, 15, 11, 18, 8, 5, 12, 17, 6, 9, 13, 14, 3, 2, 4, 7, 1]|[0, 2, 1, 0, 2, 1, 0, 0, 2, 0, 1, 2, 1, 1, 0, 0, 0, 2, 1, 0]|[3, 0, 1, 1, 0, 1, 3, 0, 0, 0, 0, 0, 0, 1, 3, 3, 3, 0, 1, 3]|[1, 1, 1, 0, 0, 1, 0, 2, 1, 2, 1, 0, 1, 0, 0, 2, 0, 1, 1, 0];[0, 19, 16, 10, 15, 11, 18, 8, 6, 12, 17, 2, 9, 7, 5, 14, 13, 4, 3, 1]|[0, 2, 1, 1, 2, 1, 0, 0, 2, 0, 1, 2, 1, 1, 0, 0, 0, 2, 1, 0]|[3, 0, 1, 1, 0, 1, 3, 0, 0, 3, 0, 0, 0, 1, 3, 3, 3, 0, 1, 3]|[1, 1, 1, 0, 0, 1, 0, 2, 1, 2, 1, 0, 1, 0, 0, 2, 0, 1, 1, 0];[12, 19, 16, 15, 8, 10, 18, 5, 0, 17, 2, 7, 1, 4, 3, 6, 14, 9, 11, 13]|[0, 2, 1, 2, 1, 1, 0, 2, 0, 1, 2, 1, 1, 2, 0, 0, 0, 1, 1, 0]|[0, 0, 1, 0, 1, 1, 3, 0, 3, 1, 0, 1, 1, 0, 3, 3, 3, 1, 1, 3]|[0, 1, 1, 0, 1, 1, 2, 1, 0, 1, 0, 1, 1, 1, 0, 2, 0, 1, 1, 0];[0, 19, 16, 10, 15, 11, 18, 1, 6, 12, 17, 5, 9, 7, 2, 14, 13, 4, 3, 8]|[0, 2, 1, 1, 2, 1, 0, 0, 2, 0, 1, 2, 1, 1, 0, 0, 0, 2, 1, 0]|[3, 0, 1, 1, 0, 0, 1, 0, 0, 0, 1, 0, 0, 1, 3, 3, 3, 0, 1, 3]|[1, 1, 1, 0, 0, 1, 0, 2, 1, 2, 1, 0, 1, 0, 0, 2, 2, 1, 1, 0];[14, 19, 16, 2, 11, 13, 18, 0, 5, 12, 8, 10, 9, 1, 7, 3, 4, 17, 6, 15]|[0, 2, 1, 2, 1, 1, 0, 0, 2, 0, 2, 1, 1, 0, 0, 0, 2, 1, 1, 0]|[3, 0, 1, 0, 1, 1, 3, 3, 0, 3, 0, 1, 1, 3, 3, 3, 0, 1, 1, 3]|[0, 1, 1, 0, 1, 1, 2, 0, 1, 2, 0, 1, 1, 0, 2, 0, 1, 1, 1, 0];[14, 19, 16, 2, 11, 13, 18, 0, 5, 12, 8, 10, 9, 1, 7, 3, 4, 17, 6, 15]|[0, 2, 1, 2, 1, 1, 0, 0, 2, 0, 2, 1, 1, 0, 0, 0, 2, 1, 1, 0]|[3, 0, 1, 0, 1, 1, 3, 3, 0, 3, 0, 1, 1, 3, 3, 3, 0, 1, 1, 3]|[0, 1, 1, 0, 1, 1, 2, 0, 1, 2, 0, 1, 1, 0, 2, 0, 1, 1, 1, 0];[19, 16, 8, 0, 5, 12, 18, 10, 9, 13, 2, 17, 3, 14, 7, 15, 4, 11, 6, 1]|[2, 1, 2, 0, 2, 0, 0, 1, 1, 1, 2, 1, 0, 0, 0, 0, 2, 1, 1, 0]|[0, 1, 0, 3, 0, 3, 3, 1, 1, 1, 0, 1, 3, 3, 3, 3, 0, 1, 1, 3]|[1, 1, 0, 0, 1, 2, 0, 1, 1, 1, 0, 1, 0, 2, 2, 0, 1, 1, 1, 0];[19, 16, 8, 0, 5, 12, 18, 10, 9, 13, 2, 17, 3, 14, 7, 15, 4, 11, 6, 1]|[2, 1, 2, 0, 2, 0, 0, 1, 1, 1, 2, 1, 0, 0, 0, 0, 2, 1, 1, 0]|[0, 1, 0, 3, 0, 3, 3, 1, 1, 1, 0, 1, 3, 3, 3, 3, 0, 1, 1, 3]|[1, 1, 0, 0, 1, 2, 0, 1, 1, 1, 0, 1, 0, 2, 2, 0, 1, 1, 1, 0];[0, 19, 16, 10, 15, 11, 18, 8, 5, 12, 17, 2, 7, 3, 1, 14, 13, 4, 6, 9]|[0, 2, 1, 1, 2, 1, 0, 0, 2, 0, 1, 2, 1, 1, 0, 0, 0, 2, 1, 0]|[3, 0, 1, 1, 0, 0, 2, 0, 0, 0, 0, 0, 0, 1, 3, 3, 3, 0, 1, 3]|[1, 1, 1, 0, 0, 1, 0, 2, 1, 2, 1, 0, 1, 0, 0, 2, 0, 1, 1, 0];[19, 16, 2, 12, 5, 15, 18, 8, 10, 13, 9, 17, 11, 14, 1, 0, 7, 4, 6, 3]|[2, 1, 2, 0, 2, 0, 0, 2, 1, 1, 1, 1, 1, 0, 0, 0, 0, 2, 1, 0]|[0, 1, 0, 3, 0, 3, 3, 0, 1, 1, 1, 1, 1, 3, 3, 3, 3, 0, 1, 3]|[1, 1, 0, 2, 1, 0, 2, 0, 1, 1, 1, 1, 1, 0, 0, 2, 0, 1, 1, 0];[19, 16, 2, 12, 5, 15, 18, 8, 10, 13, 9, 17, 11, 14, 1, 0, 7, 4, 6, 3]|[2, 1, 2, 0, 2, 0, 0, 2, 1, 1, 1, 1, 1, 0, 0, 0, 0, 2, 1, 0]|[0, 1, 0, 3, 0, 3, 3, 0, 1, 1, 1, 1, 1, 3, 3, 3, 3, 0, 1, 3]|[1, 1, 0, 2, 1, 0, 2, 0, 1, 1, 1, 1, 1, 0, 0, 2, 0, 1, 1, 0];[19, 4, 10, 15, 11, 17, 2, 7, 9, 5, 16, 6, 12, 8, 14, 18, 3, 0, 13, 1]|[2, 1, 1, 2, 1, 1, 2, 1, 1, 2, 2, 1, 0, 0, 0, 0, 0, 0, 0, 0]|[0, 0, 1, 0, 1, 1, 0, 1, 1, 0, 0, 1, 3, 3, 3, 3, 3, 3, 3, 3]|[1, 0, 1, 0, 1, 1, 0, 1, 1, 1, 1, 1, 0, 2, 0, 2, 0, 2, 0, 0];[0, 19, 6, 10, 15, 11, 18, 1, 5, 12, 17, 2, 13, 9, 8, 14, 7, 4, 16, 3]|[0, 2, 1, 1, 2, 1, 0, 0, 2, 0, 1, 2, 1, 1, 0, 0, 0, 2, 1, 0]|[3, 0, 1, 1, 0, 0, 2, 0, 0, 0, 0, 0, 0, 1, 3, 3, 3, 0, 1, 3]|[1, 1, 1, 0, 0, 1, 0, 2, 1, 2, 1, 0, 1, 0, 0, 2, 0, 1, 1, 0];[0, 19, 16, 10, 15, 11, 12, 18, 5, 14, 3, 6, 9, 13, 2, 8, 1, 17, 4, 7]|[0, 2, 1, 1, 2, 1, 0, 0, 2, 0, 1, 2, 1, 1, 0, 0, 0, 1, 2, 0]|[3, 0, 1, 1, 0, 1, 3, 3, 0, 3, 1, 0, 1, 1, 3, 3, 3, 1, 0, 3]|[0, 1, 1, 1, 0, 1, 2, 0, 1, 2, 1, 0, 1, 1, 0, 2, 0, 1, 1, 0];[19, 16, 10, 15, 11, 12, 5, 8, 9, 17, 6, 7, 1, 0, 14, 13, 18, 2, 4, 3]|[2, 1, 1, 2, 1, 0, 2, 0, 0, 1, 2, 1, 1, 0, 0, 0, 0, 2, 1, 0]|[0, 1, 1, 0, 1, 3, 0, 3, 3, 1, 0, 1, 1, 3, 3, 3, 3, 0, 1, 3]|[1, 1, 1, 0, 1, 2, 1, 0, 2, 1, 0, 1, 1, 0, 2, 0, 2, 1, 1, 0];[19, 16, 10, 15, 5, 12, 1, 11, 6, 7, 17, 2, 8, 13, 9, 14, 0, 4, 3, 18]|[2, 1, 1, 2, 2, 0, 1, 1, 2, 1, 1, 0, 0, 0, 0, 0, 0, 2, 1, 1]|[1, 1, 0, 0, 0, 3, 1, 0, 0, 1, 1, 0, 0, 3, 3, 3, 3, 0, 1, 1]|[0, 1, 0, 1, 1, 2, 1, 1, 0, 0, 1, 0, 0, 2, 1, 2, 0, 1, 1, 1];[0, 19, 6, 10, 15, 11, 18, 1, 5, 12, 17, 2, 9, 13, 8, 14, 7, 4, 16, 3]|[0, 2, 1, 1, 2, 1, 0, 0, 2, 0, 1, 2, 1, 1, 0, 0, 0, 2, 1, 0]|[3, 0, 1, 0, 1, 1, 2, 0, 0, 0, 0, 0, 0, 1, 3, 3, 3, 0, 1, 3]|[1, 1, 1, 0, 0, 1, 0, 2, 1, 2, 1, 0, 1, 0, 0, 2, 0, 1, 1, 0];[0, 19, 5, 6, 15, 11, 18, 1, 16, 12, 4, 9, 10, 13, 14, 2, 7, 17, 3, 8]|[0, 2, 1, 1, 2, 1, 0, 0, 2, 0, 1, 2, 1, 1, 0, 0, 0, 2, 1, 0]|[3, 0, 1, 1, 0, 0, 2, 0, 0, 0, 0, 0, 0, 1, 3, 3, 3, 0, 1, 3]|[1, 1, 1, 0, 0, 1, 0, 2, 1, 2, 1, 0, 1, 0, 0, 2, 0, 1, 1, 0];[19, 16, 10, 15, 11, 12, 6, 5, 7, 9, 2, 17, 18, 13, 0, 8, 3, 4, 14, 1]|[2, 1, 1, 2, 1, 0, 2, 0, 1, 1, 2, 1, 0, 0, 0, 0, 0, 2, 1, 0]|[1, 1, 1, 0, 1, 0, 0, 0, 1, 0, 0, 0, 0, 3, 3, 3, 3, 0, 1, 3]|[1, 1, 1, 0, 1, 2, 1, 2, 0, 1, 0, 1, 2, 0, 0, 0, 2, 1, 1, 0];[0, 19, 16, 10, 15, 11, 18, 8, 5, 12, 17, 6, 7, 1, 14, 13, 9, 2, 4, 3]|[0, 2, 1, 1, 2, 1, 0, 0, 2, 0, 1, 2, 0, 1, 0, 0, 0, 2, 1, 0]|[3, 0, 0, 1, 0, 1, 3, 0, 0, 0, 0, 0, 0, 1, 3, 3, 3, 0, 1, 3]|[1, 1, 1, 0, 0, 1, 0, 2, 1, 2, 1, 0, 1, 0, 0, 2, 0, 1, 1, 0];[0, 19, 16, 10, 15, 11, 18, 8, 5, 12, 17, 6, 7, 1, 14, 13, 9, 2, 4, 3]|[0, 2, 1, 1, 2, 1, 0, 0, 2, 0, 1, 2, 0, 1, 0, 0, 0, 2, 1, 0]|[3, 0, 0, 1, 0, 1, 3, 0, 0, 0, 0, 0, 0, 1, 3, 3, 3, 0, 1, 3]|[1, 1, 1, 0, 0, 1, 0, 2, 1, 2, 1, 0, 1, 0, 0, 2, 0, 1, 1, 0];[0, 19, 16, 1, 9, 6, 10, 12, 5, 8, 18, 7, 15, 17, 14, 2, 13, 4, 3, 11]|[0, 2, 1, 1, 1, 2, 1, 0, 2, 0, 0, 1, 2, 1, 0, 0, 0, 2, 1, 1]|[3, 0, 1, 1, 1, 0, 1, 0, 0, 3, 3, 1, 0, 1, 3, 3, 3, 0, 1, 1]|[0, 1, 1, 1, 1, 0, 1, 2, 1, 2, 1, 1, 0, 1, 0, 2, 0, 1, 1, 1];[0, 19, 16, 10, 15, 11, 18, 8, 5, 12, 17, 6, 9, 13, 7, 2, 14, 4, 3, 1]|[0, 2, 1, 1, 2, 1, 0, 0, 2, 0, 1, 2, 1, 1, 0, 0, 0, 2, 1, 0]|[3, 0, 1, 1, 1, 0, 1, 0, 0, 0, 0, 0, 0, 1, 3, 3, 3, 0, 1, 3]|[1, 1, 1, 0, 0, 1, 0, 2, 1, 2, 1, 0, 1, 0, 0, 2, 0, 1, 1, 0];[19, 16, 15, 11, 0, 6, 4, 3, 13, 17, 9, 10, 8, 18, 14, 2, 7, 5, 12, 1]|[2, 1, 2, 1, 0, 0, 2, 0, 1, 1, 1, 1, 2, 0, 0, 0, 0, 1, 2, 0]|[0, 1, 0, 1, 3, 3, 0, 3, 1, 1, 1, 1, 0, 3, 3, 3, 3, 1, 0, 3]|[1, 1, 0, 1, 0, 2, 1, 0, 1, 1, 1, 1, 0, 0, 2, 0, 2, 1, 1, 0];[19, 16, 15, 11, 0, 6, 4, 3, 13, 17, 9, 10, 8, 18, 14, 2, 7, 5, 12, 1]|[2, 1, 2, 1, 0, 0, 2, 0, 1, 1, 1, 1, 2, 0, 0, 0, 0, 1, 2, 0]|[0, 1, 0, 1, 3, 3, 0, 3, 1, 1, 1, 1, 0, 3, 3, 3, 3, 1, 0, 3]|[1, 1, 0, 1, 0, 2, 1, 0, 1, 1, 1, 1, 0, 0, 2, 0, 2, 1, 1, 0];[2, 19, 16, 4, 15, 18, 6, 12, 7, 14, 10, 3, 0, 1, 5, 9, 17, 11, 13, 8]|[0, 2, 1, 2, 2, 0, 2, 0, 1, 1, 1, 1, 0, 0, 0, 0, 2, 1, 1, 0]|[3, 1, 1, 1, 0, 2, 0, 0, 1, 0, 1, 1, 3, 0, 3, 3, 0, 1, 1, 3]|[0, 1, 1, 0, 0, 1, 1, 2, 0, 1, 1, 1, 0, 2, 2, 2, 1, 1, 1, 0];[12, 19, 16, 10, 15, 11, 8, 5, 2, 17, 6, 9, 13, 0, 14, 4, 1, 7, 18, 3]|[0, 2, 1, 1, 2, 1, 0, 2, 0, 1, 2, 1, 1, 0, 0, 2, 1, 0, 0, 0]|[3, 0, 1, 1, 0, 1, 3, 0, 3, 1, 0, 0, 1, 3, 3, 0, 1, 3, 3, 3]|[2, 1, 1, 0, 0, 1, 0, 1, 2, 1, 0, 1, 0, 0, 2, 1, 1, 2, 0, 2];[0, 19, 6, 10, 15, 11, 18, 1, 5, 12, 17, 2, 7, 9, 8, 14, 13, 16, 4, 3]|[0, 2, 1, 1, 2, 0, 0, 0, 2, 0, 1, 2, 1, 1, 0, 0, 0, 2, 1, 0]|[3, 0, 1, 1, 0, 3, 2, 0, 0, 0, 1, 0, 0, 1, 3, 3, 3, 0, 1, 3]|[1, 1, 1, 0, 0, 1, 0, 2, 1, 2, 1, 0, 1, 0, 0, 2, 0, 1, 1, 0];[2, 9, 0, 4, 13, 14, 8, 18, 17, 3, 11, 15, 10, 5, 19, 7, 6, 12, 16, 1]|[0, 0, 0, 2, 0, 1, 0, 0, 0, 0, 1, 2, 1, 1, 2, 0, 2, 1, 2, 0]|[3, 3, 3, 0, 3, 1, 3, 3, 3, 3, 1, 0, 1, 1, 0, 3, 0, 1, 0, 3]|[0, 2, 0, 1, 0, 1, 2, 0, 0, 0, 1, 0, 0, 1, 1, 2, 1, 1, 0, 0];[0, 19, 16, 10, 15, 11, 12, 18, 6, 14, 17, 2, 9, 7, 5, 8, 13, 4, 3, 1]|[0, 2, 1, 1, 2, 1, 0, 0, 2, 0, 1, 2, 1, 1, 0, 0, 0, 2, 1, 0]|[3, 0, 1, 1, 0, 1, 3, 3, 0, 3, 0, 0, 0, 1, 3, 3, 3, 0, 1, 3]|[0, 1, 1, 0, 0, 1, 2, 0, 1, 2, 1, 0, 1, 0, 0, 2, 0, 1, 1, 0];[0, 19, 16, 10, 15, 11, 12, 18, 5, 14, 6, 7, 9, 2, 17, 8, 13, 4, 1, 3]|[0, 2, 1, 1, 2, 1, 0, 0, 2, 0, 0, 1, 1, 2, 1, 0, 0, 2, 1, 0]|[3, 0, 1, 1, 0, 1, 3, 3, 0, 3, 3, 1, 0, 0, 0, 3, 3, 0, 1, 3]|[0, 1, 1, 0, 0, 1, 2, 0, 1, 2, 0, 0, 1, 0, 1, 2, 0, 1, 0, 0];[14, 19, 16, 15, 18, 5, 12, 8, 17, 6, 10, 11, 2, 3, 9, 0, 4, 1, 7, 13]|[0, 2, 1, 2, 0, 2, 0, 0, 1, 2, 1, 1, 1, 0, 0, 0, 2, 1, 1, 0]|[3, 1, 1, 0, 2, 0, 0, 0, 0, 0, 1, 1, 1, 3, 3, 3, 0, 1, 0, 3]|[0, 1, 1, 0, 1, 1, 2, 2, 1, 0, 0, 1, 1, 0, 2, 0, 1, 0, 1, 2];[0, 19, 16, 10, 15, 11, 18, 8, 5, 12, 17, 2, 13, 7, 6, 1, 14, 4, 3, 9]|[0, 2, 1, 1, 2, 1, 0, 0, 2, 0, 1, 2, 1, 1, 0, 0, 0, 2, 0, 0]|[3, 0, 1, 1, 0, 1, 2, 0, 0, 0, 0, 0, 0, 1, 3, 3, 3, 0, 1, 3]|[1, 1, 1, 1, 0, 1, 0, 2, 1, 2, 1, 0, 1, 0, 0, 2, 2, 1, 1, 0];[19, 5, 10, 15, 11, 14, 3, 4, 7, 6, 17, 12, 16, 1, 18, 8, 9, 2, 0, 13]|[2, 1, 1, 2, 1, 0, 0, 2, 1, 2, 1, 1, 2, 0, 0, 0, 0, 0, 0, 0]|[0, 1, 1, 0, 1, 3, 3, 0, 1, 0, 0, 1, 0, 3, 3, 3, 3, 3, 3, 3]|[1, 1, 0, 0, 1, 0, 2, 1, 0, 0, 1, 0, 1, 0, 1, 0, 2, 0, 2, 0];[0, 19, 16, 15, 7, 18, 9, 17, 10, 11, 13, 2, 14, 12, 4, 6, 5, 3, 1, 8]|[0, 2, 1, 2, 1, 0, 1, 1, 1, 1, 1, 0, 0, 0, 2, 2, 2, 1, 0, 0]|[2, 0, 1, 1, 0, 1, 0, 0, 1, 0, 1, 3, 3, 0, 0, 0, 0, 1, 3, 0]|[0, 1, 1, 0, 0, 1, 1, 1, 0, 1, 0, 2, 0, 2, 1, 0, 1, 1, 0, 2];[14, 4, 16, 10, 15, 17, 1, 5, 12, 9, 3, 6, 18, 7, 2, 0, 13, 19, 11, 8]|[0, 2, 1, 1, 2, 1, 0, 2, 0, 0, 1, 2, 0, 1, 1, 0, 0, 2, 1, 0]|[2, 1, 1, 0, 0, 1, 0, 0, 0, 3, 1, 0, 3, 1, 1, 1, 3, 0, 1, 3]|[2, 1, 1, 0, 0, 1, 2, 1, 2, 0, 1, 0, 0, 0, 1, 0, 2, 1, 1, 0];[13, 19, 16, 10, 15, 11, 14, 18, 5, 6, 1, 7, 9, 2, 17, 8, 0, 4, 3, 12]|[0, 2, 1, 1, 2, 1, 0, 0, 2, 0, 0, 1, 1, 2, 1, 0, 0, 2, 1, 0]|[3, 0, 1, 1, 0, 1, 3, 3, 0, 3, 3, 1, 0, 0, 1, 3, 3, 0, 1, 3]|[0, 1, 1, 0, 0, 1, 2, 0, 1, 2, 0, 0, 1, 0, 1, 2, 0, 0, 1, 2];[14, 19, 16, 10, 15, 11, 8, 5, 2, 9, 7, 13, 1, 17, 12, 4, 0, 6, 18, 3]|[0, 2, 1, 1, 2, 1, 0, 2, 2, 1, 1, 0, 0, 0, 0, 2, 0, 0, 0, 0]|[3, 0, 1, 1, 0, 1, 0, 0, 0, 0, 1, 3, 3, 3, 0, 0, 3, 3, 3, 1]|[2, 1, 0, 0, 0, 1, 1, 1, 0, 1, 0, 0, 0, 1, 2, 1, 0, 2, 0, 1];[0, 19, 16, 10, 15, 11, 12, 5, 9, 6, 17, 7, 2, 14, 18, 1, 3, 4, 8, 13]|[0, 2, 1, 1, 2, 1, 0, 2, 1, 2, 1, 1, 0, 0, 0, 0, 1, 2, 0, 0]|[3, 0, 1, 1, 0, 1, 3, 0, 1, 0, 0, 1, 3, 3, 3, 3, 1, 1, 3, 3]|[0, 1, 1, 0, 0, 1, 2, 1, 1, 0, 1, 0, 0, 2, 0, 0, 1, 1, 2, 0];[0, 19, 6, 10, 15, 4, 18, 8, 5, 12, 17, 16, 9, 14, 7, 1, 2, 11, 3, 13]|[0, 2, 1, 1, 2, 1, 0, 0, 2, 0, 0, 2, 0, 1, 0, 0, 0, 2, 0, 0]|[3, 0, 1, 1, 0, 1, 3, 0, 0, 0, 1, 0, 0, 1, 3, 3, 0, 0, 1, 3]|[0, 1, 1, 0, 0, 1, 0, 2, 1, 2, 1, 0, 1, 0, 0, 2, 2, 1, 1, 0];[0, 3, 16, 15, 2, 12, 5, 8, 19, 10, 9, 7, 6, 17, 11, 13, 4, 1, 18, 14]|[0, 2, 1, 2, 1, 0, 2, 0, 0, 1, 1, 1, 2, 1, 1, 0, 2, 1, 0, 0]|[1, 1, 1, 0, 1, 0, 0, 0, 3, 1, 1, 0, 0, 0, 0, 3, 0, 0, 2, 3]|[1, 1, 1, 0, 1, 2, 1, 2, 0, 0, 0, 1, 0, 1, 1, 0, 1, 1, 0, 2];[1, 19, 16, 10, 4, 6, 15, 12, 2, 11, 13, 17, 9, 5, 7, 14, 18, 0, 8, 3]|[0, 2, 1, 1, 2, 0, 2, 0, 2, 1, 1, 1, 1, 2, 0, 0, 0, 0, 1, 2]|[3, 1, 1, 1, 0, 0, 0, 0, 0, 1, 1, 0, 0, 0, 3, 3, 2, 3, 1, 0]|[0, 0, 1, 1, 1, 1, 1, 2, 0, 1, 0, 1, 1, 1, 0, 2, 0, 0, 1, 1];[1, 19, 16, 10, 4, 6, 15, 12, 2, 11, 13, 17, 9, 5, 7, 14, 18, 0, 8, 3]|[0, 2, 1, 1, 2, 0, 2, 0, 2, 1, 1, 1, 1, 2, 0, 0, 0, 0, 1, 2]|[3, 1, 1, 1, 0, 0, 0, 0, 0, 1, 1, 0, 0, 0, 3, 3, 2, 3, 1, 0]|[0, 0, 1, 1, 1, 1, 1, 2, 0, 1, 0, 1, 1, 1, 0, 2, 0, 0, 1, 1];[0, 3, 16, 15, 2, 12, 5, 8, 19, 10, 9, 7, 6, 17, 11, 13, 4, 1, 18, 14]|[0, 2, 1, 2, 1, 0, 2, 0, 0, 1, 1, 1, 2, 1, 1, 0, 2, 1, 0, 0]|[1, 1, 1, 0, 1, 0, 0, 0, 3, 1, 1, 0, 0, 0, 0, 3, 0, 0, 2, 3]|[1, 1, 1, 0, 1, 2, 1, 2, 0, 0, 0, 1, 0, 1, 1, 0, 1, 1, 0, 2];[19, 5, 10, 15, 11, 6, 3, 17, 16, 13, 2, 14, 7, 18, 9, 1, 0, 4, 8, 12]|[2, 1, 1, 2, 1, 0, 0, 1, 2, 1, 2, 0, 0, 0, 0, 0, 0, 2, 1, 0]|[0, 1, 1, 0, 1, 3, 3, 1, 0, 1, 0, 3, 3, 3, 3, 3, 3, 0, 1, 3]|[1, 1, 0, 1, 1, 0, 2, 0, 0, 1, 1, 0, 2, 0, 0, 2, 0, 1, 1, 0];[19, 5, 10, 15, 11, 6, 3, 17, 16, 13, 2, 14, 7, 18, 9, 1, 0, 4, 8, 12]|[2, 1, 1, 2, 1, 0, 0, 1, 2, 1, 2, 0, 0, 0, 0, 0, 0, 2, 1, 0]|[0, 1, 1, 0, 1, 3, 3, 1, 0, 1, 0, 3, 3, 3, 3, 3, 3, 0, 1, 3]|[1, 1, 0, 1, 1, 0, 2, 0, 0, 1, 1, 0, 2, 0, 0, 2, 0, 1, 1, 0];[0, 19, 8, 18, 11, 2, 14, 13, 9, 6, 17, 12, 4, 7, 15, 16, 10, 5, 3, 1]|[0, 2, 0, 0, 1, 2, 0, 1, 1, 2, 1, 0, 2, 0, 2, 1, 1, 2, 1, 0]|[3, 0, 0, 0, 1, 1, 3, 1, 0, 0, 0, 0, 0, 3, 1, 1, 1, 0, 1, 3]|[1, 1, 2, 0, 1, 1, 0, 0, 1, 0, 1, 2, 1, 2, 0, 1, 1, 1, 1, 0];[16, 10, 15, 11, 3, 0, 7, 4, 1, 17, 12, 19, 5, 8, 14, 6, 2, 13, 9, 18]|[1, 1, 2, 1, 0, 0, 1, 1, 2, 1, 0, 2, 2, 0, 0, 0, 2, 2, 1, 0]|[0, 1, 0, 1, 3, 2, 1, 0, 0, 1, 0, 1, 0, 0, 3, 3, 0, 0, 1, 3]|[1, 0, 1, 1, 1, 1, 0, 1, 0, 1, 2, 0, 1, 2, 0, 2, 1, 0, 1, 0];[16, 10, 15, 11, 3, 0, 7, 4, 1, 17, 12, 19, 5, 8, 14, 6, 2, 13, 9, 18]|[1, 1, 2, 1, 0, 0, 1, 1, 2, 1, 0, 2, 2, 0, 0, 0, 2, 2, 1, 0]|[0, 1, 0, 1, 3, 2, 1, 0, 0, 1, 0, 1, 0, 0, 3, 3, 0, 0, 1, 3]|[1, 0, 1, 1, 1, 1, 0, 1, 0, 1, 2, 0, 1, 2, 0, 2, 1, 0, 1, 0];[19, 6, 10, 15, 11, 5, 12, 8, 17, 2, 7, 9, 14, 18, 13, 1, 0, 16, 4, 3]|[2, 1, 1, 2, 1, 0, 2, 0, 1, 2, 1, 1, 0, 0, 0, 0, 0, 2, 1, 0]|[0, 1, 1, 0, 1, 3, 0, 3, 1, 0, 0, 1, 3, 3, 3, 3, 3, 0, 1, 3]|[1, 1, 0, 0, 1, 0, 1, 2, 1, 0, 1, 0, 0, 2, 0, 0, 2, 1, 1, 0];[19, 6, 10, 15, 11, 5, 12, 8, 17, 2, 7, 9, 14, 18, 13, 1, 0, 16, 4, 3]|[2, 1, 1, 2, 1, 0, 2, 0, 1, 2, 1, 1, 0, 0, 0, 0, 0, 2, 1, 0]|[0, 1, 1, 0, 1, 3, 0, 3, 1, 0, 0, 1, 3, 3, 3, 3, 3, 0, 1, 3]|[1, 1, 0, 0, 1, 0, 1, 2, 1, 0, 1, 0, 0, 2, 0, 0, 2, 1, 1, 0];[1, 5, 10, 7, 19, 4, 16, 14, 0, 12, 15, 11, 17, 9, 18, 3, 13, 2, 6, 8]|[0, 1, 1, 0, 2, 2, 2, 0, 1, 1, 2, 1, 1, 0, 0, 0, 0, 2, 1, 0]|[1, 1, 0, 0, 1, 1, 0, 0, 0, 0, 0, 0, 1, 3, 3, 3, 0, 0, 1, 3]|[1, 0, 1, 2, 0, 0, 1, 2, 1, 1, 1, 1, 0, 0, 0, 2, 0, 1, 1, 0];[1, 5, 10, 7, 19, 4, 16, 14, 0, 12, 15, 11, 17, 9, 18, 3, 13, 2, 6, 8]|[0, 1, 1, 0, 2, 2, 2, 0, 1, 1, 2, 1, 1, 0, 0, 0, 0, 2, 1, 0]|[1, 1, 0, 0, 1, 1, 0, 0, 0, 0, 0, 0, 1, 3, 3, 3, 0, 0, 1, 3]|[1, 0, 1, 2, 0, 0, 1, 2, 1, 1, 1, 1, 0, 0, 0, 2, 0, 1, 1, 0];[16, 14, 15, 17, 5, 11, 19, 2, 10, 7, 6, 12, 3, 13, 1, 0, 4, 8, 9, 18]|[2, 0, 2, 1, 1, 1, 2, 1, 1, 2, 1, 0, 0, 0, 0, 0, 2, 2, 1, 0]|[1, 1, 0, 1, 1, 1, 0, 0, 0, 1, 1, 0, 3, 3, 3, 3, 0, 0, 0, 3]|[0, 2, 1, 1, 1, 1, 1, 0, 0, 1, 1, 1, 0, 0, 1, 2, 0, 0, 1, 0];[16, 14, 15, 17, 5, 11, 19, 2, 10, 7, 6, 12, 3, 13, 1, 0, 4, 8, 9, 18]|[2, 0, 2, 1, 1, 1, 2, 1, 1, 2, 1, 0, 0, 0, 0, 0, 2, 2, 1, 0]|[1, 1, 0, 1, 1, 1, 0, 0, 0, 1, 1, 0, 3, 3, 3, 3, 0, 0, 0, 3]|[0, 2, 1, 1, 1, 1, 1, 0, 0, 1, 1, 1, 0, 0, 1, 2, 0, 0, 1, 0];[13, 19, 16, 10, 15, 11, 5, 12, 17, 2, 7, 3, 14, 6, 4, 8, 0, 9, 1, 18]|[0, 2, 1, 1, 2, 1, 2, 0, 1, 2, 1, 1, 0, 1, 2, 0, 0, 0, 0, 0]|[0, 1, 0, 1, 0, 0, 1, 3, 0, 0, 0, 1, 3, 1, 0, 0, 2, 3, 3, 3]|[1, 1, 1, 0, 0, 1, 1, 2, 1, 0, 1, 0, 2, 1, 1, 2, 1, 0, 0, 0];[0, 19, 16, 10, 15, 11, 3, 6, 2, 9, 8, 12, 13, 4, 5, 17, 14, 7, 18, 1]|[0, 2, 1, 1, 2, 1, 0, 1, 2, 1, 1, 0, 0, 2, 2, 1, 0, 0, 0, 0]|[2, 1, 0, 1, 0, 0, 3, 0, 0, 0, 1, 0, 3, 0, 0, 1, 3, 3, 3, 0]|[1, 1, 1, 0, 0, 1, 0, 1, 0, 1, 0, 2, 2, 1, 1, 1, 0, 2, 0, 2];[0, 19, 16, 10, 15, 11, 3, 6, 2, 9, 8, 12, 13, 4, 5, 17, 14, 7, 18, 1]|[0, 2, 1, 1, 2, 1, 0, 1, 2, 1, 1, 0, 0, 2, 2, 1, 0, 0, 0, 0]|[2, 1, 0, 1, 0, 0, 3, 0, 0, 0, 1, 0, 3, 0, 0, 1, 3, 3, 3, 0]|[1, 1, 1, 0, 0, 1, 0, 1, 0, 1, 0, 2, 2, 1, 1, 1, 0, 2, 0, 2];[13, 19, 16, 10, 15, 11, 5, 12, 17, 2, 7, 3, 14, 6, 4, 8, 0, 9, 1, 18]|[0, 2, 1, 1, 2, 1, 2, 0, 1, 2, 1, 1, 0, 1, 2, 0, 0, 0, 0, 0]|[0, 1, 0, 1, 0, 0, 1, 3, 0, 0, 0, 1, 3, 1, 0, 0, 2, 3, 3, 3]|[1, 1, 1, 0, 0, 1, 1, 2, 1, 0, 1, 0, 2, 1, 1, 2, 1, 0, 0, 0];[0, 19, 5, 4, 10, 16, 12, 6, 14, 11, 8, 15, 2, 3, 17, 9, 13, 18, 7, 1]|[0, 2, 1, 1, 2, 1, 0, 0, 2, 0, 0, 1, 2, 0, 1, 2, 1, 1, 0, 0]|[0, 0, 1, 1, 0, 0, 3, 0, 0, 3, 2, 1, 0, 3, 0, 0, 0, 1, 3, 3]|[1, 1, 1, 0, 0, 1, 2, 2, 1, 0, 1, 1, 1, 0, 1, 0, 1, 0, 0, 2];[0, 19, 16, 10, 15, 11, 18, 8, 5, 12, 3, 6, 9, 13, 2, 14, 7, 4, 17, 1]|[0, 2, 1, 1, 2, 1, 0, 0, 2, 0, 1, 2, 1, 1, 0, 0, 0, 2, 1, 0]|[3, 0, 1, 1, 0, 1, 3, 0, 0, 0, 1, 0, 0, 1, 3, 3, 3, 0, 1, 3]|[1, 1, 1, 0, 0, 1, 0, 2, 1, 2, 1, 0, 1, 0, 0, 2, 0, 1, 1, 0];[0, 19, 5, 10, 15, 11, 18, 8, 6, 12, 17, 2, 9, 7, 16, 14, 13, 4, 3, 1]|[0, 2, 1, 1, 2, 1, 0, 0, 2, 0, 1, 2, 1, 1, 0, 0, 0, 2, 1, 0]|[3, 0, 1, 1, 0, 1, 3, 0, 0, 3, 0, 0, 0, 1, 3, 3, 3, 0, 1, 3]|[1, 1, 1, 0, 0, 1, 0, 2, 1, 2, 1, 0, 1, 0, 0, 2, 0, 1, 1, 0];[0, 19, 16, 10, 15, 11, 18, 8, 5, 12, 17, 2, 9, 7, 6, 14, 13, 4, 1, 3]|[0, 2, 1, 1, 2, 1, 0, 0, 2, 0, 1, 2, 1, 1, 0, 0, 0, 2, 1, 0]|[3, 0, 1, 1, 0, 1, 3, 0, 0, 0, 0, 0, 0, 1, 3, 3, 3, 0, 1, 3]|[1, 1, 1, 0, 0, 1, 0, 2, 1, 2, 1, 0, 1, 0, 0, 2, 0, 1, 0, 0];[18, 19, 16, 10, 15, 11, 0, 8, 5, 12, 7, 6, 9, 17, 2, 1, 13, 4, 14, 3]|[0, 2, 1, 0, 2, 1, 0, 0, 2, 0, 0, 2, 0, 1, 0, 0, 0, 2, 1, 0]|[3, 0, 1, 1, 0, 1, 3, 0, 0, 0, 1, 0, 0, 1, 3, 3, 3, 0, 1, 3]|[0, 1, 1, 1, 0, 1, 0, 2, 1, 2, 1, 0, 1, 0, 0, 2, 0, 1, 1, 0];[14, 19, 16, 15, 5, 11, 18, 1, 10, 12, 9, 2, 17, 13, 0, 3, 7, 4, 6, 8]|[0, 2, 1, 2, 1, 1, 0, 0, 2, 0, 1, 2, 1, 1, 0, 0, 0, 2, 1, 0]|[3, 0, 1, 0, 1, 1, 3, 3, 0, 0, 1, 0, 1, 1, 3, 3, 3, 0, 1, 3]|[0, 1, 1, 0, 1, 1, 1, 2, 1, 0, 1, 0, 1, 1, 0, 0, 2, 1, 1, 0];[14, 19, 16, 15, 5, 11, 18, 1, 10, 12, 9, 2, 17, 13, 0, 3, 7, 4, 6, 8]|[0, 2, 1, 2, 1, 1, 0, 0, 2, 0, 1, 2, 1, 1, 0, 0, 0, 2, 1, 0]|[3, 0, 1, 0, 1, 1, 3, 3, 0, 0, 1, 0, 1, 1, 3, 3, 3, 0, 1, 3]|[0, 1, 1, 0, 1, 1, 1, 2, 1, 0, 1, 0, 1, 1, 0, 0, 2, 1, 1, 0];[0, 19, 5, 10, 15, 11, 18, 1, 16, 12, 17, 6, 9, 7, 2, 14, 3, 4, 8, 13]|[0, 2, 1, 1, 2, 1, 0, 0, 2, 0, 1, 2, 0, 1, 0, 0, 0, 2, 0, 0]|[3, 0, 1, 1, 0, 1, 2, 0, 0, 0, 0, 0, 0, 1, 3, 3, 3, 0, 1, 3]|[0, 1, 1, 0, 0, 1, 0, 2, 1, 2, 1, 0, 1, 0, 0, 2, 0, 1, 1, 0];[0, 19, 16, 10, 15, 11, 18, 8, 5, 12, 17, 6, 9, 7, 14, 2, 13, 4, 3, 1]|[0, 2, 1, 1, 2, 1, 0, 0, 2, 0, 1, 2, 1, 1, 0, 0, 0, 2, 1, 0]|[3, 0, 1, 1, 0, 1, 2, 0, 0, 0, 1, 0, 0, 0, 2, 3, 3, 0, 1, 3]|[1, 1, 1, 0, 0, 1, 0, 2, 1, 2, 1, 0, 1, 0, 0, 2, 2, 1, 1, 0];[19, 16, 15, 11, 6, 12, 5, 18, 0, 14, 17, 2, 7, 13, 1, 8, 9, 4, 10, 3]|[2, 1, 2, 1, 1, 0, 2, 0, 0, 0, 1, 2, 1, 1, 0, 0, 0, 2, 1, 0]|[0, 1, 0, 1, 1, 3, 0, 3, 3, 3, 1, 0, 1, 1, 3, 3, 3, 0, 1, 3]|[1, 1, 0, 1, 1, 2, 1, 0, 0, 2, 1, 0, 1, 1, 0, 2, 0, 1, 1, 0];[19, 16, 15, 11, 6, 12, 5, 18, 0, 14, 17, 2, 7, 13, 1, 8, 9, 4, 10, 3]|[2, 1, 2, 1, 1, 0, 2, 0, 0, 0, 1, 2, 1, 1, 0, 0, 0, 2, 1, 0]|[0, 1, 0, 1, 1, 3, 0, 3, 3, 3, 1, 0, 1, 1, 3, 3, 3, 0, 1, 3]|[1, 1, 0, 1, 1, 2, 1, 0, 0, 2, 1, 0, 1, 1, 0, 2, 0, 1, 1, 0];[14, 19, 6, 15, 11, 4, 7, 1, 12, 13, 2, 17, 9, 8, 5, 0, 18, 10, 16, 3]|[0, 2, 1, 2, 1, 2, 0, 0, 0, 1, 2, 1, 1, 0, 2, 0, 0, 1, 1, 0]|[3, 0, 1, 0, 1, 0, 3, 3, 3, 1, 0, 1, 1, 3, 0, 3, 3, 1, 1, 3]|[0, 1, 1, 0, 1, 1, 0, 2, 2, 1, 0, 1, 1, 0, 1, 2, 0, 1, 1, 0];[14, 19, 6, 15, 11, 4, 7, 1, 12, 13, 2, 17, 9, 8, 5, 0, 18, 10, 16, 3]|[0, 2, 1, 2, 1, 2, 0, 0, 0, 1, 2, 1, 1, 0, 2, 0, 0, 1, 1, 0]|[3, 0, 1, 0, 1, 0, 3, 3, 3, 1, 0, 1, 1, 3, 0, 3, 3, 1, 1, 3]|[0, 1, 1, 0, 1, 1, 0, 2, 2, 1, 0, 1, 1, 0, 1, 2, 0, 1, 1, 0];[19, 4, 5, 15, 11, 2, 17, 8, 13, 7, 9, 1, 3, 12, 10, 6, 16, 18, 0, 14]|[2, 1, 1, 2, 1, 2, 0, 0, 1, 2, 1, 0, 0, 0, 1, 1, 2, 0, 0, 0]|[0, 1, 1, 0, 1, 0, 3, 3, 1, 0, 1, 3, 3, 3, 1, 1, 0, 3, 3, 3]|[1, 1, 1, 0, 1, 1, 0, 2, 1, 0, 1, 0, 0, 2, 1, 1, 1, 0, 2, 0];[19, 4, 5, 15, 11, 2, 17, 8, 13, 7, 9, 1, 3, 12, 10, 6, 16, 18, 0, 14]|[2, 1, 1, 2, 1, 2, 0, 0, 1, 2, 1, 0, 0, 0, 1, 1, 2, 0, 0, 0]|[0, 1, 1, 0, 1, 0, 3, 3, 1, 0, 1, 3, 3, 3, 1, 1, 0, 3, 3, 3]|[1, 1, 1, 0, 1, 1, 0, 2, 1, 0, 1, 0, 0, 2, 1, 1, 1, 0, 2, 0];[19, 16, 10, 15, 11, 18, 12, 5, 8, 7, 14, 17, 6, 13, 9, 3, 4, 2, 1, 0]|[2, 1, 1, 1, 1, 0, 0, 2, 0, 1, 1, 1, 0, 0, 0, 0, 2, 2, 2, 0]|[0, 1, 1, 1, 0, 0, 2, 0, 0, 1, 1, 0, 3, 3, 3, 3, 0, 1, 0, 3]|[1, 1, 1, 0, 1, 1, 2, 1, 2, 1, 0, 1, 0, 0, 0, 2, 1, 1, 0, 0]	sBp=[0, 19, 16, 10, 15, 11, 18, 8, 5, 12, 17, 6, 7, 9, 14, 2, 13, 4, 3, 1]|[0, 2, 1, 1, 2, 1, 0, 0, 2, 0, 1, 2, 1, 1, 0, 0, 0, 2, 1, 1]|[3, 0, 1, 1, 0, 1, 3, 0, 0, 0, 1, 0, 0, 1, 3, 3, 3, 0, 1, 1]|[1, 1, 1, 0, 0, 1, 0, 2, 1, 2, 1, 0, 1, 0, 0, 2, 0, 1, 1, 1];[0, 19, 6, 10, 15, 11, 18, 8, 4, 12, 17, 2, 1, 9, 14, 3, 13, 16, 5, 7]|[0, 2, 1, 1, 2, 1, 0, 0, 2, 0, 1, 2, 1, 1, 0, 0, 0, 2, 1, 0]|[3, 0, 1, 1, 0, 1, 2, 0, 0, 0, 1, 0, 0, 1, 3, 3, 3, 0, 1, 3]|[1, 1, 1, 0, 0, 1, 0, 2, 1, 2, 1, 0, 1, 0, 0, 2, 0, 1, 1, 0];[0, 19, 6, 10, 15, 11, 18, 1, 5, 12, 17, 2, 7, 9, 14, 8, 3, 16, 4, 13]|[0, 2, 1, 1, 2, 1, 0, 0, 2, 0, 1, 2, 1, 1, 0, 0, 0, 2, 1, 0]|[3, 0, 1, 1, 0, 1, 2, 0, 0, 0, 1, 0, 0, 1, 3, 3, 3, 0, 1, 3]|[1, 1, 1, 0, 0, 1, 0, 2, 1, 2, 1, 0, 1, 0, 0, 2, 0, 1, 1, 0];[0, 19, 16, 10, 15, 11, 18, 8, 5, 3, 17, 6, 7, 9, 12, 13, 14, 2, 4, 1]|[0, 2, 1, 1, 2, 1, 0, 0, 2, 0, 1, 2, 1, 1, 0, 0, 0, 2, 1, 0]|[3, 0, 1, 1, 0, 1, 3, 0, 0, 0, 1, 0, 0, 1, 3, 3, 3, 0, 1, 3]|[1, 1, 1, 0, 0, 1, 0, 2, 1, 2, 1, 0, 1, 0, 0, 2, 0, 1, 1, 0];[0, 19, 16, 10, 15, 11, 18, 8, 5, 12, 17, 6, 7, 3, 1, 2, 13, 4, 14, 9]|[0, 2, 1, 1, 2, 1, 0, 0, 2, 0, 1, 2, 0, 1, 0, 0, 0, 2, 1, 0]|[3, 0, 1, 1, 0, 1, 2, 0, 0, 0, 1, 0, 3, 1, 3, 3, 3, 0, 1, 3]|[1, 1, 1, 0, 0, 1, 0, 2, 1, 2, 1, 0, 0, 0, 0, 2, 0, 1, 1, 0];[0, 19, 16, 10, 4, 11, 18, 8, 5, 12, 17, 6, 7, 1, 3, 13, 9, 15, 2, 14]|[0, 2, 1, 1, 2, 1, 0, 0, 2, 0, 1, 2, 1, 1, 0, 0, 0, 2, 1, 0]|[3, 0, 1, 1, 0, 1, 3, 0, 0, 0, 1, 0, 0, 1, 3, 3, 3, 0, 1, 3]|[1, 1, 1, 0, 0, 1, 0, 2, 1, 2, 1, 0, 1, 0, 0, 2, 0, 1, 1, 0];[0, 19, 16, 10, 15, 11, 18, 8, 5, 12, 17, 6, 7, 1, 3, 14, 9, 2, 4, 13]|[0, 2, 1, 1, 2, 1, 0, 0, 2, 0, 1, 2, 1, 1, 0, 0, 0, 2, 1, 0]|[3, 0, 1, 1, 0, 1, 3, 0, 0, 0, 1, 0, 0, 1, 3, 3, 3, 0, 1, 3]|[1, 1, 1, 0, 0, 1, 0, 2, 1, 2, 1, 0, 1, 0, 0, 2, 0, 1, 1, 0];[0, 19, 16, 10, 15, 11, 18, 8, 5, 12, 17, 2, 7, 9, 1, 14, 6, 4, 13, 3]|[0, 2, 1, 1, 2, 1, 0, 0, 2, 0, 1, 2, 1, 1, 0, 0, 0, 2, 1, 0]|[3, 0, 1, 1, 0, 1, 3, 0, 0, 0, 1, 0, 0, 1, 3, 3, 3, 0, 1, 3]|[1, 1, 1, 0, 0, 1, 0, 2, 1, 2, 1, 0, 1, 0, 0, 2, 0, 1, 1, 0];[19, 16, 2, 15, 11, 8, 5, 12, 7, 6, 9, 17, 0, 1, 10, 18, 13, 4, 14, 3]|[2, 1, 0, 2, 1, 0, 2, 0, 0, 2, 0, 1, 0, 0, 0, 0, 0, 2, 1, 0]|[0, 1, 3, 0, 1, 0, 0, 0, 3, 0, 0, 1, 3, 3, 3, 3, 3, 0, 1, 3]|[1, 1, 2, 0, 1, 0, 1, 2, 1, 0, 1, 0, 0, 2, 0, 1, 0, 1, 1, 0];[19, 6, 10, 15, 4, 17, 2, 5, 12, 16, 9, 0, 14, 13, 7, 3, 11, 18, 8, 1]|[2, 1, 1, 2, 1, 0, 0, 2, 0, 2, 0, 0, 1, 0, 0, 0, 2, 0, 0, 0]|[0, 1, 1, 0, 1, 3, 0, 0, 0, 0, 0, 3, 1, 3, 3, 3, 0, 3, 0, 3]|[1, 1, 0, 0, 1, 1, 2, 1, 2, 0, 1, 0, 0, 0, 0, 1, 1, 0, 2, 2];[0, 19, 5, 10, 15, 11, 18, 1, 6, 12, 17, 2, 13, 9, 14, 8, 7, 4, 16, 3]|[0, 2, 1, 1, 2, 1, 0, 0, 2, 0, 0, 2, 1, 1, 0, 0, 0, 2, 1, 0]|[3, 0, 1, 1, 0, 1, 2, 0, 0, 0, 0, 0, 0, 1, 3, 3, 3, 0, 1, 3]|[1, 1, 1, 0, 0, 1, 0, 2, 1, 2, 1, 0, 1, 0, 0, 2, 0, 1, 1, 0];[0, 19, 5, 10, 15, 11, 18, 1, 6, 12, 17, 2, 13, 9, 14, 8, 7, 4, 16, 3]|[0, 2, 1, 1, 2, 1, 0, 0, 2, 0, 0, 2, 1, 1, 0, 0, 0, 2, 1, 0]|[3, 0, 1, 1, 0, 1, 2, 0, 0, 0, 0, 0, 0, 1, 3, 3, 3, 0, 1, 3]|[1, 1, 1, 0, 0, 1, 0, 2, 1, 2, 1, 0, 1, 0, 0, 2, 0, 1, 1, 0];[0, 19, 16, 10, 4, 6, 18, 3, 17, 14, 15, 11, 9, 8, 12, 1, 13, 5, 2, 7]|[0, 2, 1, 1, 2, 1, 0, 0, 2, 0, 1, 2, 1, 1, 0, 0, 0, 2, 1, 0]|[3, 0, 1, 1, 0, 1, 3, 0, 0, 0, 0, 0, 0, 1, 3, 3, 3, 0, 1, 3]|[1, 1, 1, 1, 0, 1, 0, 2, 1, 2, 1, 0, 1, 0, 0, 2, 0, 1, 1, 0];[0, 19, 6, 11, 15, 10, 18, 1, 5, 12, 17, 16, 7, 9, 14, 13, 3, 4, 2, 8]|[0, 2, 1, 1, 2, 1, 0, 0, 2, 0, 1, 2, 1, 1, 0, 0, 0, 2, 1, 0]|[3, 0, 1, 1, 0, 1, 3, 0, 0, 0, 1, 0, 0, 1, 3, 3, 3, 0, 1, 3]|[1, 1, 1, 0, 0, 1, 0, 2, 1, 2, 1, 0, 1, 0, 0, 2, 0, 1, 1, 0];[0, 19, 16, 10, 15, 11, 18, 1, 5, 12, 17, 2, 9, 13, 7, 8, 3, 4, 6, 14]|[0, 2, 1, 1, 2, 1, 0, 0, 2, 0, 1, 2, 1, 1, 0, 0, 0, 2, 1, 0]|[3, 0, 1, 1, 0, 1, 3, 0, 0, 0, 1, 0, 0, 1, 3, 3, 3, 0, 1, 3]|[1, 1, 1, 0, 0, 1, 0, 2, 1, 2, 1, 0, 1, 0, 0, 2, 0, 1, 1, 0];[0, 19, 16, 10, 15, 11, 18, 8, 5, 12, 17, 13, 7, 1, 2, 14, 6, 4, 3, 9]|[0, 2, 1, 1, 2, 1, 0, 0, 2, 0, 1, 2, 1, 1, 0, 0, 0, 2, 1, 0]|[3, 0, 1, 1, 0, 1, 2, 0, 0, 0, 1, 0, 0, 1, 3, 3, 3, 0, 1, 3]|[1, 1, 1, 0, 0, 1, 0, 2, 1, 2, 1, 0, 1, 0, 0, 2, 0, 0, 1, 0];[15, 19, 16, 10, 0, 11, 18, 8, 5, 12, 17, 2, 7, 1, 6, 3, 14, 4, 13, 9]|[0, 2, 1, 1, 2, 1, 0, 0, 2, 0, 1, 2, 1, 1, 0, 0, 0, 2, 1, 0]|[3, 0, 1, 1, 0, 1, 3, 0, 0, 0, 0, 0, 0, 1, 3, 3, 3, 0, 1, 3]|[1, 1, 1, 0, 0, 1, 0, 2, 1, 2, 1, 0, 1, 0, 0, 2, 0, 1, 1, 0];[0, 19, 16, 10, 15, 11, 18, 1, 5, 12, 17, 6, 9, 7, 2, 14, 13, 4, 3, 8]|[0, 2, 1, 1, 2, 1, 0, 0, 2, 0, 1, 2, 1, 1, 0, 0, 0, 2, 1, 0]|[3, 0, 1, 1, 0, 1, 3, 0, 0, 0, 1, 0, 0, 1, 3, 3, 3, 0, 1, 3]|[1, 1, 1, 0, 0, 1, 0, 2, 1, 2, 1, 0, 1, 0, 0, 2, 2, 1, 1, 0];[19, 6, 10, 15, 11, 9, 8, 7, 16, 17, 5, 1, 13, 4, 14, 12, 3, 18, 0, 2]|[2, 1, 0, 2, 1, 0, 1, 0, 2, 0, 2, 0, 1, 2, 0, 0, 0, 0, 0, 0]|[0, 1, 3, 0, 1, 0, 1, 3, 0, 3, 0, 0, 1, 0, 3, 0, 3, 3, 3, 3]|[1, 1, 0, 0, 1, 1, 0, 0, 0, 1, 1, 2, 1, 0, 0, 2, 2, 0, 1, 0];[0, 19, 5, 10, 15, 11, 18, 1, 6, 12, 17, 16, 9, 7, 4, 14, 13, 2, 3, 8]|[0, 2, 1, 1, 2, 1, 0, 0, 2, 0, 1, 2, 1, 1, 0, 0, 0, 2, 1, 0]|[3, 0, 1, 1, 0, 1, 2, 0, 0, 0, 0, 0, 0, 1, 3, 3, 3, 0, 1, 3]|[1, 1, 1, 0, 0, 1, 0, 2, 1, 2, 1, 0, 1, 0, 0, 2, 2, 1, 1, 0];[15, 19, 16, 10, 0, 11, 18, 8, 5, 12, 7, 2, 17, 1, 6, 3, 14, 4, 13, 9]|[0, 2, 1, 1, 2, 1, 0, 0, 2, 0, 1, 2, 1, 1, 0, 0, 0, 2, 1, 0]|[3, 0, 1, 1, 0, 1, 3, 0, 0, 0, 0, 0, 0, 1, 3, 3, 3, 0, 1, 3]|[1, 1, 1, 0, 0, 1, 0, 2, 1, 2, 1, 0, 1, 0, 0, 2, 0, 1, 1, 0];[6, 19, 16, 10, 15, 11, 18, 8, 5, 12, 17, 2, 13, 7, 9, 1, 4, 3, 0, 14]|[0, 2, 1, 1, 2, 1, 0, 0, 2, 0, 1, 2, 1, 1, 0, 0, 2, 0, 0, 0]|[3, 0, 1, 1, 0, 1, 3, 0, 0, 0, 0, 0, 0, 1, 3, 3, 0, 3, 2, 3]|[0, 1, 0, 1, 0, 1, 1, 2, 1, 2, 1, 0, 1, 0, 0, 2, 1, 1, 0, 2];[0, 19, 16, 10, 15, 11, 6, 8, 5, 12, 7, 18, 9, 17, 14, 1, 13, 2, 4, 3]|[0, 2, 1, 1, 2, 1, 0, 0, 2, 0, 1, 2, 1, 1, 0, 0, 0, 2, 1, 0]|[3, 0, 1, 1, 0, 1, 2, 0, 0, 0, 0, 0, 0, 1, 3, 3, 3, 0, 1, 3]|[1, 1, 1, 1, 0, 1, 0, 2, 1, 2, 1, 0, 1, 0, 0, 2, 0, 1, 1, 0];[0, 19, 16, 10, 15, 11, 18, 8, 5, 12, 17, 6, 7, 1, 3, 13, 9, 4, 2, 14]|[0, 2, 1, 1, 2, 1, 0, 0, 2, 0, 1, 2, 1, 1, 0, 0, 0, 2, 1, 0]|[2, 0, 1, 1, 0, 1, 3, 0, 0, 0, 0, 0, 0, 1, 3, 3, 3, 0, 1, 3]|[1, 1, 1, 0, 0, 1, 0, 2, 1, 2, 1, 0, 1, 0, 0, 2, 2, 1, 1, 0];[0, 19, 16, 10, 15, 11, 18, 8, 5, 12, 17, 6, 7, 1, 3, 13, 9, 4, 2, 14]|[0, 2, 1, 1, 2, 1, 0, 0, 2, 0, 1, 2, 1, 1, 0, 0, 0, 2, 1, 0]|[2, 0, 1, 1, 0, 1, 3, 0, 0, 0, 0, 0, 0, 1, 3, 3, 3, 0, 1, 3]|[1, 1, 1, 0, 0, 1, 0, 2, 1, 2, 1, 0, 1, 0, 0, 2, 2, 1, 1, 0];[0, 19, 16, 10, 15, 11, 18, 8, 5, 12, 17, 6, 9, 13, 14, 3, 2, 4, 7, 1]|[0, 2, 1, 0, 2, 1, 0, 0, 2, 0, 1, 2, 1, 1, 0, 0, 0, 2, 1, 0]|[3, 0, 1, 1, 0, 1, 3, 0, 0, 0, 0, 0, 0, 1, 3, 3, 3, 0, 1, 3]|[1, 1, 1, 0, 0, 1, 0, 2, 1, 2, 1, 0, 1, 0, 0, 2, 0, 1, 1, 0];[0, 19, 16, 10, 15, 11, 18, 8, 6, 12, 17, 2, 9, 7, 5, 14, 13, 4, 3, 1]|[0, 2, 1, 1, 2, 1, 0, 0, 2, 0, 1, 2, 1, 1, 0, 0, 0, 2, 1, 0]|[3, 0, 1, 1, 0, 1, 3, 0, 0, 3, 0, 0, 0, 1, 3, 3, 3, 0, 1, 3]|[1, 1, 1, 0, 0, 1, 0, 2, 1, 2, 1, 0, 1, 0, 0, 2, 0, 1, 1, 0];[12, 19, 16, 15, 8, 10, 18, 5, 0, 17, 2, 7, 1, 4, 3, 6, 14, 9, 11, 13]|[0, 2, 1, 2, 1, 1, 0, 2, 0, 1, 2, 1, 1, 2, 0, 0, 0, 1, 1, 0]|[0, 0, 1, 0, 1, 1, 3, 0, 3, 1, 0, 1, 1, 0, 3, 3, 3, 1, 1, 3]|[0, 1, 1, 0, 1, 1, 2, 1, 0, 1, 0, 1, 1, 1, 0, 2, 0, 1, 1, 0];[0, 19, 16, 10, 15, 11, 18, 1, 6, 12, 17, 5, 9, 7, 2, 14, 13, 4, 3, 8]|[0, 2, 1, 1, 2, 1, 0, 0, 2, 0, 1, 2, 1, 1, 0, 0, 0, 2, 1, 0]|[3, 0, 1, 1, 0, 0, 1, 0, 0, 0, 1, 0, 0, 1, 3, 3, 3, 0, 1, 3]|[1, 1, 1, 0, 0, 1, 0, 2, 1, 2, 1, 0, 1, 0, 0, 2, 2, 1, 1, 0];[14, 19, 16, 2, 11, 13, 18, 0, 5, 12, 8, 10, 9, 1, 7, 3, 4, 17, 6, 15]|[0, 2, 1, 2, 1, 1, 0, 0, 2, 0, 2, 1, 1, 0, 0, 0, 2, 1, 1, 0]|[3, 0, 1, 0, 1, 1, 3, 3, 0, 3, 0, 1, 1, 3, 3, 3, 0, 1, 1, 3]|[0, 1, 1, 0, 1, 1, 2, 0, 1, 2, 0, 1, 1, 0, 2, 0, 1, 1, 1, 0];[14, 19, 16, 2, 11, 13, 18, 0, 5, 12, 8, 10, 9, 1, 7, 3, 4, 17, 6, 15]|[0, 2, 1, 2, 1, 1, 0, 0, 2, 0, 2, 1, 1, 0, 0, 0, 2, 1, 1, 0]|[3, 0, 1, 0, 1, 1, 3, 3, 0, 3, 0, 1, 1, 3, 3, 3, 0, 1, 1, 3]|[0, 1, 1, 0, 1, 1, 2, 0, 1, 2, 0, 1, 1, 0, 2, 0, 1, 1, 1, 0];[19, 16, 8, 0, 5, 12, 18, 10, 9, 13, 2, 17, 3, 14, 7, 15, 4, 11, 6, 1]|[2, 1, 2, 0, 2, 0, 0, 1, 1, 1, 2, 1, 0, 0, 0, 0, 2, 1, 1, 0]|[0, 1, 0, 3, 0, 3, 3, 1, 1, 1, 0, 1, 3, 3, 3, 3, 0, 1, 1, 3]|[1, 1, 0, 0, 1, 2, 0, 1, 1, 1, 0, 1, 0, 2, 2, 0, 1, 1, 1, 0];[19, 16, 8, 0, 5, 12, 18, 10, 9, 13, 2, 17, 3, 14, 7, 15, 4, 11, 6, 1]|[2, 1, 2, 0, 2, 0, 0, 1, 1, 1, 2, 1, 0, 0, 0, 0, 2, 1, 1, 0]|[0, 1, 0, 3, 0, 3, 3, 1, 1, 1, 0, 1, 3, 3, 3, 3, 0, 1, 1, 3]|[1, 1, 0, 0, 1, 2, 0, 1, 1, 1, 0, 1, 0, 2, 2, 0, 1, 1, 1, 0];[0, 19, 16, 10, 15, 11, 18, 8, 5, 12, 17, 2, 7, 3, 1, 14, 13, 4, 6, 9]|[0, 2, 1, 1, 2, 1, 0, 0, 2, 0, 1, 2, 1, 1, 0, 0, 0, 2, 1, 0]|[3, 0, 1, 1, 0, 0, 2, 0, 0, 0, 0, 0, 0, 1, 3, 3, 3, 0, 1, 3]|[1, 1, 1, 0, 0, 1, 0, 2, 1, 2, 1, 0, 1, 0, 0, 2, 0, 1, 1, 0];[19, 16, 2, 12, 5, 15, 18, 8, 10, 13, 9, 17, 11, 14, 1, 0, 7, 4, 6, 3]|[2, 1, 2, 0, 2, 0, 0, 2, 1, 1, 1, 1, 1, 0, 0, 0, 0, 2, 1, 0]|[0, 1, 0, 3, 0, 3, 3, 0, 1, 1, 1, 1, 1, 3, 3, 3, 3, 0, 1, 3]|[1, 1, 0, 2, 1, 0, 2, 0, 1, 1, 1, 1, 1, 0, 0, 2, 0, 1, 1, 0];[19, 16, 2, 12, 5, 15, 18, 8, 10, 13, 9, 17, 11, 14, 1, 0, 7, 4, 6, 3]|[2, 1, 2, 0, 2, 0, 0, 2, 1, 1, 1, 1, 1, 0, 0, 0, 0, 2, 1, 0]|[0, 1, 0, 3, 0, 3, 3, 0, 1, 1, 1, 1, 1, 3, 3, 3, 3, 0, 1, 3]|[1, 1, 0, 2, 1, 0, 2, 0, 1, 1, 1, 1, 1, 0, 0, 2, 0, 1, 1, 0];[19, 4, 10, 15, 11, 17, 2, 7, 9, 5, 16, 6, 12, 8, 14, 18, 3, 0, 13, 1]|[2, 1, 1, 2, 1, 1, 2, 1, 1, 2, 2, 1, 0, 0, 0, 0, 0, 0, 0, 0]|[0, 0, 1, 0, 1, 1, 0, 1, 1, 0, 0, 1, 3, 3, 3, 3, 3, 3, 3, 3]|[1, 0, 1, 0, 1, 1, 0, 1, 1, 1, 1, 1, 0, 2, 0, 2, 0, 2, 0, 0];[0, 19, 6, 10, 15, 11, 18, 1, 5, 12, 17, 2, 13, 9, 8, 14, 7, 4, 16, 3]|[0, 2, 1, 1, 2, 1, 0, 0, 2, 0, 1, 2, 1, 1, 0, 0, 0, 2, 1, 0]|[3, 0, 1, 1, 0, 0, 2, 0, 0, 0, 0, 0, 0, 1, 3, 3, 3, 0, 1, 3]|[1, 1, 1, 0, 0, 1, 0, 2, 1, 2, 1, 0, 1, 0, 0, 2, 0, 1, 1, 0];[0, 19, 16, 10, 15, 11, 12, 18, 5, 14, 3, 6, 9, 13, 2, 8, 1, 17, 4, 7]|[0, 2, 1, 1, 2, 1, 0, 0, 2, 0, 1, 2, 1, 1, 0, 0, 0, 1, 2, 0]|[3, 0, 1, 1, 0, 1, 3, 3, 0, 3, 1, 0, 1, 1, 3, 3, 3, 1, 0, 3]|[0, 1, 1, 1, 0, 1, 2, 0, 1, 2, 1, 0, 1, 1, 0, 2, 0, 1, 1, 0];[19, 16, 10, 15, 11, 12, 5, 8, 9, 17, 6, 7, 1, 0, 14, 13, 18, 2, 4, 3]|[2, 1, 1, 2, 1, 0, 2, 0, 0, 1, 2, 1, 1, 0, 0, 0, 0, 2, 1, 0]|[0, 1, 1, 0, 1, 3, 0, 3, 3, 1, 0, 1, 1, 3, 3, 3, 3, 0, 1, 3]|[1, 1, 1, 0, 1, 2, 1, 0, 2, 1, 0, 1, 1, 0, 2, 0, 2, 1, 1, 0];[19, 16, 10, 15, 5, 12, 1, 11, 6, 7, 17, 2, 8, 13, 9, 14, 0, 4, 3, 18]|[2, 1, 1, 2, 2, 0, 1, 1, 2, 1, 1, 0, 0, 0, 0, 0, 0, 2, 1, 1]|[1, 1, 0, 0, 0, 3, 1, 0, 0, 1, 1, 0, 0, 3, 3, 3, 3, 0, 1, 1]|[0, 1, 0, 1, 1, 2, 1, 1, 0, 0, 1, 0, 0, 2, 1, 2, 0, 1, 1, 1];[0, 19, 6, 10, 15, 11, 18, 1, 5, 12, 17, 2, 9, 13, 8, 14, 7, 4, 16, 3]|[0, 2, 1, 1, 2, 1, 0, 0, 2, 0, 1, 2, 1, 1, 0, 0, 0, 2, 1, 0]|[3, 0, 1, 0, 1, 1, 2, 0, 0, 0, 0, 0, 0, 1, 3, 3, 3, 0, 1, 3]|[1, 1, 1, 0, 0, 1, 0, 2, 1, 2, 1, 0, 1, 0, 0, 2, 0, 1, 1, 0];[0, 19, 5, 6, 15, 11, 18, 1, 16, 12, 4, 9, 10, 13, 14, 2, 7, 17, 3, 8]|[0, 2, 1, 1, 2, 1, 0, 0, 2, 0, 1, 2, 1, 1, 0, 0, 0, 2, 1, 0]|[3, 0, 1, 1, 0, 0, 2, 0, 0, 0, 0, 0, 0, 1, 3, 3, 3, 0, 1, 3]|[1, 1, 1, 0, 0, 1, 0, 2, 1, 2, 1, 0, 1, 0, 0, 2, 0, 1, 1, 0];[19, 16, 10, 15, 11, 12, 6, 5, 7, 9, 2, 17, 18, 13, 0, 8, 3, 4, 14, 1]|[2, 1, 1, 2, 1, 0, 2, 0, 1, 1, 2, 1, 0, 0, 0, 0, 0, 2, 1, 0]|[1, 1, 1, 0, 1, 0, 0, 0, 1, 0, 0, 0, 0, 3, 3, 3, 3, 0, 1, 3]|[1, 1, 1, 0, 1, 2, 1, 2, 0, 1, 0, 1, 2, 0, 0, 0, 2, 1, 1, 0];[0, 19, 16, 10, 15, 11, 18, 8, 5, 12, 17, 6, 7, 1, 14, 13, 9, 2, 4, 3]|[0, 2, 1, 1, 2, 1, 0, 0, 2, 0, 1, 2, 0, 1, 0, 0, 0, 2, 1, 0]|[3, 0, 0, 1, 0, 1, 3, 0, 0, 0, 0, 0, 0, 1, 3, 3, 3, 0, 1, 3]|[1, 1, 1, 0, 0, 1, 0, 2, 1, 2, 1, 0, 1, 0, 0, 2, 0, 1, 1, 0];[0, 19, 16, 10, 15, 11, 18, 8, 5, 12, 17, 6, 7, 1, 14, 13, 9, 2, 4, 3]|[0, 2, 1, 1, 2, 1, 0, 0, 2, 0, 1, 2, 0, 1, 0, 0, 0, 2, 1, 0]|[3, 0, 0, 1, 0, 1, 3, 0, 0, 0, 0, 0, 0, 1, 3, 3, 3, 0, 1, 3]|[1, 1, 1, 0, 0, 1, 0, 2, 1, 2, 1, 0, 1, 0, 0, 2, 0, 1, 1, 0];[0, 19, 16, 1, 9, 6, 10, 12, 5, 8, 18, 7, 15, 17, 14, 2, 13, 4, 3, 11]|[0, 2, 1, 1, 1, 2, 1, 0, 2, 0, 0, 1, 2, 1, 0, 0, 0, 2, 1, 1]|[3, 0, 1, 1, 1, 0, 1, 0, 0, 3, 3, 1, 0, 1, 3, 3, 3, 0, 1, 1]|[0, 1, 1, 1, 1, 0, 1, 2, 1, 2, 1, 1, 0, 1, 0, 2, 0, 1, 1, 1];[0, 19, 16, 10, 15, 11, 18, 8, 5, 12, 17, 6, 9, 13, 7, 2, 14, 4, 3, 1]|[0, 2, 1, 1, 2, 1, 0, 0, 2, 0, 1, 2, 1, 1, 0, 0, 0, 2, 1, 0]|[3, 0, 1, 1, 1, 0, 1, 0, 0, 0, 0, 0, 0, 1, 3, 3, 3, 0, 1, 3]|[1, 1, 1, 0, 0, 1, 0, 2, 1, 2, 1, 0, 1, 0, 0, 2, 0, 1, 1, 0];[19, 16, 15, 11, 0, 6, 4, 3, 13, 17, 9, 10, 8, 18, 14, 2, 7, 5, 12, 1]|[2, 1, 2, 1, 0, 0, 2, 0, 1, 1, 1, 1, 2, 0, 0, 0, 0, 1, 2, 0]|[0, 1, 0, 1, 3, 3, 0, 3, 1, 1, 1, 1, 0, 3, 3, 3, 3, 1, 0, 3]|[1, 1, 0, 1, 0, 2, 1, 0, 1, 1, 1, 1, 0, 0, 2, 0, 2, 1, 1, 0];[19, 16, 15, 11, 0, 6, 4, 3, 13, 17, 9, 10, 8, 18, 14, 2, 7, 5, 12, 1]|[2, 1, 2, 1, 0, 0, 2, 0, 1, 1, 1, 1, 2, 0, 0, 0, 0, 1, 2, 0]|[0, 1, 0, 1, 3, 3, 0, 3, 1, 1, 1, 1, 0, 3, 3, 3, 3, 1, 0, 3]|[1, 1, 0, 1, 0, 2, 1, 0, 1, 1, 1, 1, 0, 0, 2, 0, 2, 1, 1, 0];[2, 19, 16, 4, 15, 18, 6, 12, 7, 14, 10, 3, 0, 1, 5, 9, 17, 11, 13, 8]|[0, 2, 1, 2, 2, 0, 2, 0, 1, 1, 1, 1, 0, 0, 0, 0, 2, 1, 1, 0]|[3, 1, 1, 1, 0, 2, 0, 0, 1, 0, 1, 1, 3, 0, 3, 3, 0, 1, 1, 3]|[0, 1, 1, 0, 0, 1, 1, 2, 0, 1, 1, 1, 0, 2, 2, 2, 1, 1, 1, 0];[12, 19, 16, 10, 15, 11, 8, 5, 2, 17, 6, 9, 13, 0, 14, 4, 1, 7, 18, 3]|[0, 2, 1, 1, 2, 1, 0, 2, 0, 1, 2, 1, 1, 0, 0, 2, 1, 0, 0, 0]|[3, 0, 1, 1, 0, 1, 3, 0, 3, 1, 0, 0, 1, 3, 3, 0, 1, 3, 3, 3]|[2, 1, 1, 0, 0, 1, 0, 1, 2, 1, 0, 1, 0, 0, 2, 1, 1, 2, 0, 2];[0, 19, 6, 10, 15, 11, 18, 1, 5, 12, 17, 2, 7, 9, 8, 14, 13, 16, 4, 3]|[0, 2, 1, 1, 2, 0, 0, 0, 2, 0, 1, 2, 1, 1, 0, 0, 0, 2, 1, 0]|[3, 0, 1, 1, 0, 3, 2, 0, 0, 0, 1, 0, 0, 1, 3, 3, 3, 0, 1, 3]|[1, 1, 1, 0, 0, 1, 0, 2, 1, 2, 1, 0, 1, 0, 0, 2, 0, 1, 1, 0];[2, 9, 0, 4, 13, 14, 8, 18, 17, 3, 11, 15, 10, 5, 19, 7, 6, 12, 16, 1]|[0, 0, 0, 2, 0, 1, 0, 0, 0, 0, 1, 2, 1, 1, 2, 0, 2, 1, 2, 0]|[3, 3, 3, 0, 3, 1, 3, 3, 3, 3, 1, 0, 1, 1, 0, 3, 0, 1, 0, 3]|[0, 2, 0, 1, 0, 1, 2, 0, 0, 0, 1, 0, 0, 1, 1, 2, 1, 1, 0, 0];[0, 19, 16, 10, 15, 11, 12, 18, 6, 14, 17, 2, 9, 7, 5, 8, 13, 4, 3, 1]|[0, 2, 1, 1, 2, 1, 0, 0, 2, 0, 1, 2, 1, 1, 0, 0, 0, 2, 1, 0]|[3, 0, 1, 1, 0, 1, 3, 3, 0, 3, 0, 0, 0, 1, 3, 3, 3, 0, 1, 3]|[0, 1, 1, 0, 0, 1, 2, 0, 1, 2, 1, 0, 1, 0, 0, 2, 0, 1, 1, 0];[0, 19, 16, 10, 15, 11, 12, 18, 5, 14, 6, 7, 9, 2, 17, 8, 13, 4, 1, 3]|[0, 2, 1, 1, 2, 1, 0, 0, 2, 0, 0, 1, 1, 2, 1, 0, 0, 2, 1, 0]|[3, 0, 1, 1, 0, 1, 3, 3, 0, 3, 3, 1, 0, 0, 0, 3, 3, 0, 1, 3]|[0, 1, 1, 0, 0, 1, 2, 0, 1, 2, 0, 0, 1, 0, 1, 2, 0, 1, 0, 0];[14, 19, 16, 15, 18, 5, 12, 8, 17, 6, 10, 11, 2, 3, 9, 0, 4, 1, 7, 13]|[0, 2, 1, 2, 0, 2, 0, 0, 1, 2, 1, 1, 1, 0, 0, 0, 2, 1, 1, 0]|[3, 1, 1, 0, 2, 0, 0, 0, 0, 0, 1, 1, 1, 3, 3, 3, 0, 1, 0, 3]|[0, 1, 1, 0, 1, 1, 2, 2, 1, 0, 0, 1, 1, 0, 2, 0, 1, 0, 1, 2];[0, 19, 16, 10, 15, 11, 18, 8, 5, 12, 17, 2, 13, 7, 6, 1, 14, 4, 3, 9]|[0, 2, 1, 1, 2, 1, 0, 0, 2, 0, 1, 2, 1, 1, 0, 0, 0, 2, 0, 0]|[3, 0, 1, 1, 0, 1, 2, 0, 0, 0, 0, 0, 0, 1, 3, 3, 3, 0, 1, 3]|[1, 1, 1, 1, 0, 1, 0, 2, 1, 2, 1, 0, 1, 0, 0, 2, 2, 1, 1, 0];[19, 5, 10, 15, 11, 14, 3, 4, 7, 6, 17, 12, 16, 1, 18, 8, 9, 2, 0, 13]|[2, 1, 1, 2, 1, 0, 0, 2, 1, 2, 1, 1, 2, 0, 0, 0, 0, 0, 0, 0]|[0, 1, 1, 0, 1, 3, 3, 0, 1, 0, 0, 1, 0, 3, 3, 3, 3, 3, 3, 3]|[1, 1, 0, 0, 1, 0, 2, 1, 0, 0, 1, 0, 1, 0, 1, 0, 2, 0, 2, 0];[0, 19, 16, 15, 7, 18, 9, 17, 10, 11, 13, 2, 14, 12, 4, 6, 5, 3, 1, 8]|[0, 2, 1, 2, 1, 0, 1, 1, 1, 1, 1, 0, 0, 0, 2, 2, 2, 1, 0, 0]|[2, 0, 1, 1, 0, 1, 0, 0, 1, 0, 1, 3, 3, 0, 0, 0, 0, 1, 3, 0]|[0, 1, 1, 0, 0, 1, 1, 1, 0, 1, 0, 2, 0, 2, 1, 0, 1, 1, 0, 2];[14, 4, 16, 10, 15, 17, 1, 5, 12, 9, 3, 6, 18, 7, 2, 0, 13, 19, 11, 8]|[0, 2, 1, 1, 2, 1, 0, 2, 0, 0, 1, 2, 0, 1, 1, 0, 0, 2, 1, 0]|[2, 1, 1, 0, 0, 1, 0, 0, 0, 3, 1, 0, 3, 1, 1, 1, 3, 0, 1, 3]|[2, 1, 1, 0, 0, 1, 2, 1, 2, 0, 1, 0, 0, 0, 1, 0, 2, 1, 1, 0];[13, 19, 16, 10, 15, 11, 14, 18, 5, 6, 1, 7, 9, 2, 17, 8, 0, 4, 3, 12]|[0, 2, 1, 1, 2, 1, 0, 0, 2, 0, 0, 1, 1, 2, 1, 0, 0, 2, 1, 0]|[3, 0, 1, 1, 0, 1, 3, 3, 0, 3, 3, 1, 0, 0, 1, 3, 3, 0, 1, 3]|[0, 1, 1, 0, 0, 1, 2, 0, 1, 2, 0, 0, 1, 0, 1, 2, 0, 0, 1, 2];[14, 19, 16, 10, 15, 11, 8, 5, 2, 9, 7, 13, 1, 17, 12, 4, 0, 6, 18, 3]|[0, 2, 1, 1, 2, 1, 0, 2, 2, 1, 1, 0, 0, 0, 0, 2, 0, 0, 0, 0]|[3, 0, 1, 1, 0, 1, 0, 0, 0, 0, 1, 3, 3, 3, 0, 0, 3, 3, 3, 1]|[2, 1, 0, 0, 0, 1, 1, 1, 0, 1, 0, 0, 0, 1, 2, 1, 0, 2, 0, 1];[0, 19, 16, 10, 15, 11, 12, 5, 9, 6, 17, 7, 2, 14, 18, 1, 3, 4, 8, 13]|[0, 2, 1, 1, 2, 1, 0, 2, 1, 2, 1, 1, 0, 0, 0, 0, 1, 2, 0, 0]|[3, 0, 1, 1, 0, 1, 3, 0, 1, 0, 0, 1, 3, 3, 3, 3, 1, 1, 3, 3]|[0, 1, 1, 0, 0, 1, 2, 1, 1, 0, 1, 0, 0, 2, 0, 0, 1, 1, 2, 0];[0, 19, 6, 10, 15, 4, 18, 8, 5, 12, 17, 16, 9, 14, 7, 1, 2, 11, 3, 13]|[0, 2, 1, 1, 2, 1, 0, 0, 2, 0, 0, 2, 0, 1, 0, 0, 0, 2, 0, 0]|[3, 0, 1, 1, 0, 1, 3, 0, 0, 0, 1, 0, 0, 1, 3, 3, 0, 0, 1, 3]|[0, 1, 1, 0, 0, 1, 0, 2, 1, 2, 1, 0, 1, 0, 0, 2, 2, 1, 1, 0];[0, 3, 16, 15, 2, 12, 5, 8, 19, 10, 9, 7, 6, 17, 11, 13, 4, 1, 18, 14]|[0, 2, 1, 2, 1, 0, 2, 0, 0, 1, 1, 1, 2, 1, 1, 0, 2, 1, 0, 0]|[1, 1, 1, 0, 1, 0, 0, 0, 3, 1, 1, 0, 0, 0, 0, 3, 0, 0, 2, 3]|[1, 1, 1, 0, 1, 2, 1, 2, 0, 0, 0, 1, 0, 1, 1, 0, 1, 1, 0, 2];[1, 19, 16, 10, 4, 6, 15, 12, 2, 11, 13, 17, 9, 5, 7, 14, 18, 0, 8, 3]|[0, 2, 1, 1, 2, 0, 2, 0, 2, 1, 1, 1, 1, 2, 0, 0, 0, 0, 1, 2]|[3, 1, 1, 1, 0, 0, 0, 0, 0, 1, 1, 0, 0, 0, 3, 3, 2, 3, 1, 0]|[0, 0, 1, 1, 1, 1, 1, 2, 0, 1, 0, 1, 1, 1, 0, 2, 0, 0, 1, 1];[1, 19, 16, 10, 4, 6, 15, 12, 2, 11, 13, 17, 9, 5, 7, 14, 18, 0, 8, 3]|[0, 2, 1, 1, 2, 0, 2, 0, 2, 1, 1, 1, 1, 2, 0, 0, 0, 0, 1, 2]|[3, 1, 1, 1, 0, 0, 0, 0, 0, 1, 1, 0, 0, 0, 3, 3, 2, 3, 1, 0]|[0, 0, 1, 1, 1, 1, 1, 2, 0, 1, 0, 1, 1, 1, 0, 2, 0, 0, 1, 1];[0, 3, 16, 15, 2, 12, 5, 8, 19, 10, 9, 7, 6, 17, 11, 13, 4, 1, 18, 14]|[0, 2, 1, 2, 1, 0, 2, 0, 0, 1, 1, 1, 2, 1, 1, 0, 2, 1, 0, 0]|[1, 1, 1, 0, 1, 0, 0, 0, 3, 1, 1, 0, 0, 0, 0, 3, 0, 0, 2, 3]|[1, 1, 1, 0, 1, 2, 1, 2, 0, 0, 0, 1, 0, 1, 1, 0, 1, 1, 0, 2];[19, 5, 10, 15, 11, 6, 3, 17, 16, 13, 2, 14, 7, 18, 9, 1, 0, 4, 8, 12]|[2, 1, 1, 2, 1, 0, 0, 1, 2, 1, 2, 0, 0, 0, 0, 0, 0, 2, 1, 0]|[0, 1, 1, 0, 1, 3, 3, 1, 0, 1, 0, 3, 3, 3, 3, 3, 3, 0, 1, 3]|[1, 1, 0, 1, 1, 0, 2, 0, 0, 1, 1, 0, 2, 0, 0, 2, 0, 1, 1, 0];[19, 5, 10, 15, 11, 6, 3, 17, 16, 13, 2, 14, 7, 18, 9, 1, 0, 4, 8, 12]|[2, 1, 1, 2, 1, 0, 0, 1, 2, 1, 2, 0, 0, 0, 0, 0, 0, 2, 1, 0]|[0, 1, 1, 0, 1, 3, 3, 1, 0, 1, 0, 3, 3, 3, 3, 3, 3, 0, 1, 3]|[1, 1, 0, 1, 1, 0, 2, 0, 0, 1, 1, 0, 2, 0, 0, 2, 0, 1, 1, 0];[0, 19, 8, 18, 11, 2, 14, 13, 9, 6, 17, 12, 4, 7, 15, 16, 10, 5, 3, 1]|[0, 2, 0, 0, 1, 2, 0, 1, 1, 2, 1, 0, 2, 0, 2, 1, 1, 2, 1, 0]|[3, 0, 0, 0, 1, 1, 3, 1, 0, 0, 0, 0, 0, 3, 1, 1, 1, 0, 1, 3]|[1, 1, 2, 0, 1, 1, 0, 0, 1, 0, 1, 2, 1, 2, 0, 1, 1, 1, 1, 0];[16, 10, 15, 11, 3, 0, 7, 4, 1, 17, 12, 19, 5, 8, 14, 6, 2, 13, 9, 18]|[1, 1, 2, 1, 0, 0, 1, 1, 2, 1, 0, 2, 2, 0, 0, 0, 2, 2, 1, 0]|[0, 1, 0, 1, 3, 2, 1, 0, 0, 1, 0, 1, 0, 0, 3, 3, 0, 0, 1, 3]|[1, 0, 1, 1, 1, 1, 0, 1, 0, 1, 2, 0, 1, 2, 0, 2, 1, 0, 1, 0];[16, 10, 15, 11, 3, 0, 7, 4, 1, 17, 12, 19, 5, 8, 14, 6, 2, 13, 9, 18]|[1, 1, 2, 1, 0, 0, 1, 1, 2, 1, 0, 2, 2, 0, 0, 0, 2, 2, 1, 0]|[0, 1, 0, 1, 3, 2, 1, 0, 0, 1, 0, 1, 0, 0, 3, 3, 0, 0, 1, 3]|[1, 0, 1, 1, 1, 1, 0, 1, 0, 1, 2, 0, 1, 2, 0, 2, 1, 0, 1, 0];[19, 6, 10, 15, 11, 5, 12, 8, 17, 2, 7, 9, 14, 18, 13, 1, 0, 16, 4, 3]|[2, 1, 1, 2, 1, 0, 2, 0, 1, 2, 1, 1, 0, 0, 0, 0, 0, 2, 1, 0]|[0, 1, 1, 0, 1, 3, 0, 3, 1, 0, 0, 1, 3, 3, 3, 3, 3, 0, 1, 3]|[1, 1, 0, 0, 1, 0, 1, 2, 1, 0, 1, 0, 0, 2, 0, 0, 2, 1, 1, 0];[19, 6, 10, 15, 11, 5, 12, 8, 17, 2, 7, 9, 14, 18, 13, 1, 0, 16, 4, 3]|[2, 1, 1, 2, 1, 0, 2, 0, 1, 2, 1, 1, 0, 0, 0, 0, 0, 2, 1, 0]|[0, 1, 1, 0, 1, 3, 0, 3, 1, 0, 0, 1, 3, 3, 3, 3, 3, 0, 1, 3]|[1, 1, 0, 0, 1, 0, 1, 2, 1, 0, 1, 0, 0, 2, 0, 0, 2, 1, 1, 0];[1, 5, 10, 7, 19, 4, 16, 14, 0, 12, 15, 11, 17, 9, 18, 3, 13, 2, 6, 8]|[0, 1, 1, 0, 2, 2, 2, 0, 1, 1, 2, 1, 1, 0, 0, 0, 0, 2, 1, 0]|[1, 1, 0, 0, 1, 1, 0, 0, 0, 0, 0, 0, 1, 3, 3, 3, 0, 0, 1, 3]|[1, 0, 1, 2, 0, 0, 1, 2, 1, 1, 1, 1, 0, 0, 0, 2, 0, 1, 1, 0];[1, 5, 10, 7, 19, 4, 16, 14, 0, 12, 15, 11, 17, 9, 18, 3, 13, 2, 6, 8]|[0, 1, 1, 0, 2, 2, 2, 0, 1, 1, 2, 1, 1, 0, 0, 0, 0, 2, 1, 0]|[1, 1, 0, 0, 1, 1, 0, 0, 0, 0, 0, 0, 1, 3, 3, 3, 0, 0, 1, 3]|[1, 0, 1, 2, 0, 0, 1, 2, 1, 1, 1, 1, 0, 0, 0, 2, 0, 1, 1, 0];[16, 14, 15, 17, 5, 11, 19, 2, 10, 7, 6, 12, 3, 13, 1, 0, 4, 8, 9, 18]|[2, 0, 2, 1, 1, 1, 2, 1, 1, 2, 1, 0, 0, 0, 0, 0, 2, 2, 1, 0]|[1, 1, 0, 1, 1, 1, 0, 0, 0, 1, 1, 0, 3, 3, 3, 3, 0, 0, 0, 3]|[0, 2, 1, 1, 1, 1, 1, 0, 0, 1, 1, 1, 0, 0, 1, 2, 0, 0, 1, 0];[16, 14, 15, 17, 5, 11, 19, 2, 10, 7, 6, 12, 3, 13, 1, 0, 4, 8, 9, 18]|[2, 0, 2, 1, 1, 1, 2, 1, 1, 2, 1, 0, 0, 0, 0, 0, 2, 2, 1, 0]|[1, 1, 0, 1, 1, 1, 0, 0, 0, 1, 1, 0, 3, 3, 3, 3, 0, 0, 0, 3]|[0, 2, 1, 1, 1, 1, 1, 0, 0, 1, 1, 1, 0, 0, 1, 2, 0, 0, 1, 0];[13, 19, 16, 10, 15, 11, 5, 12, 17, 2, 7, 3, 14, 6, 4, 8, 0, 9, 1, 18]|[0, 2, 1, 1, 2, 1, 2, 0, 1, 2, 1, 1, 0, 1, 2, 0, 0, 0, 0, 0]|[0, 1, 0, 1, 0, 0, 1, 3, 0, 0, 0, 1, 3, 1, 0, 0, 2, 3, 3, 3]|[1, 1, 1, 0, 0, 1, 1, 2, 1, 0, 1, 0, 2, 1, 1, 2, 1, 0, 0, 0];[0, 19, 16, 10, 15, 11, 3, 6, 2, 9, 8, 12, 13, 4, 5, 17, 14, 7, 18, 1]|[0, 2, 1, 1, 2, 1, 0, 1, 2, 1, 1, 0, 0, 2, 2, 1, 0, 0, 0, 0]|[2, 1, 0, 1, 0, 0, 3, 0, 0, 0, 1, 0, 3, 0, 0, 1, 3, 3, 3, 0]|[1, 1, 1, 0, 0, 1, 0, 1, 0, 1, 0, 2, 2, 1, 1, 1, 0, 2, 0, 2];[0, 19, 16, 10, 15, 11, 3, 6, 2, 9, 8, 12, 13, 4, 5, 17, 14, 7, 18, 1]|[0, 2, 1, 1, 2, 1, 0, 1, 2, 1, 1, 0, 0, 2, 2, 1, 0, 0, 0, 0]|[2, 1, 0, 1, 0, 0, 3, 0, 0, 0, 1, 0, 3, 0, 0, 1, 3, 3, 3, 0]|[1, 1, 1, 0, 0, 1, 0, 1, 0, 1, 0, 2, 2, 1, 1, 1, 0, 2, 0, 2];[13, 19, 16, 10, 15, 11, 5, 12, 17, 2, 7, 3, 14, 6, 4, 8, 0, 9, 1, 18]|[0, 2, 1, 1, 2, 1, 2, 0, 1, 2, 1, 1, 0, 1, 2, 0, 0, 0, 0, 0]|[0, 1, 0, 1, 0, 0, 1, 3, 0, 0, 0, 1, 3, 1, 0, 0, 2, 3, 3, 3]|[1, 1, 1, 0, 0, 1, 1, 2, 1, 0, 1, 0, 2, 1, 1, 2, 1, 0, 0, 0];[0, 19, 5, 4, 10, 16, 12, 6, 14, 11, 8, 15, 2, 3, 17, 9, 13, 18, 7, 1]|[0, 2, 1, 1, 2, 1, 0, 0, 2, 0, 0, 1, 2, 0, 1, 2, 1, 1, 0, 0]|[0, 0, 1, 1, 0, 0, 3, 0, 0, 3, 2, 1, 0, 3, 0, 0, 0, 1, 3, 3]|[1, 1, 1, 0, 0, 1, 2, 2, 1, 0, 1, 1, 1, 0, 1, 0, 1, 0, 0, 2];[0, 19, 16, 10, 15, 11, 18, 8, 5, 12, 3, 6, 9, 13, 2, 14, 7, 4, 17, 1]|[0, 2, 1, 1, 2, 1, 0, 0, 2, 0, 1, 2, 1, 1, 0, 0, 0, 2, 1, 0]|[3, 0, 1, 1, 0, 1, 3, 0, 0, 0, 1, 0, 0, 1, 3, 3, 3, 0, 1, 3]|[1, 1, 1, 0, 0, 1, 0, 2, 1, 2, 1, 0, 1, 0, 0, 2, 0, 1, 1, 0];[0, 19, 5, 10, 15, 11, 18, 8, 6, 12, 17, 2, 9, 7, 16, 14, 13, 4, 3, 1]|[0, 2, 1, 1, 2, 1, 0, 0, 2, 0, 1, 2, 1, 1, 0, 0, 0, 2, 1, 0]|[3, 0, 1, 1, 0, 1, 3, 0, 0, 3, 0, 0, 0, 1, 3, 3, 3, 0, 1, 3]|[1, 1, 1, 0, 0, 1, 0, 2, 1, 2, 1, 0, 1, 0, 0, 2, 0, 1, 1, 0];[0, 19, 16, 10, 15, 11, 18, 8, 5, 12, 17, 2, 9, 7, 6, 14, 13, 4, 1, 3]|[0, 2, 1, 1, 2, 1, 0, 0, 2, 0, 1, 2, 1, 1, 0, 0, 0, 2, 1, 0]|[3, 0, 1, 1, 0, 1, 3, 0, 0, 0, 0, 0, 0, 1, 3, 3, 3, 0, 1, 3]|[1, 1, 1, 0, 0, 1, 0, 2, 1, 2, 1, 0, 1, 0, 0, 2, 0, 1, 0, 0];[18, 19, 16, 10, 15, 11, 0, 8, 5, 12, 7, 6, 9, 17, 2, 1, 13, 4, 14, 3]|[0, 2, 1, 0, 2, 1, 0, 0, 2, 0, 0, 2, 0, 1, 0, 0, 0, 2, 1, 0]|[3, 0, 1, 1, 0, 1, 3, 0, 0, 0, 1, 0, 0, 1, 3, 3, 3, 0, 1, 3]|[0, 1, 1, 1, 0, 1, 0, 2, 1, 2, 1, 0, 1, 0, 0, 2, 0, 1, 1, 0];[14, 19, 16, 15, 5, 11, 18, 1, 10, 12, 9, 2, 17, 13, 0, 3, 7, 4, 6, 8]|[0, 2, 1, 2, 1, 1, 0, 0, 2, 0, 1, 2, 1, 1, 0, 0, 0, 2, 1, 0]|[3, 0, 1, 0, 1, 1, 3, 3, 0, 0, 1, 0, 1, 1, 3, 3, 3, 0, 1, 3]|[0, 1, 1, 0, 1, 1, 1, 2, 1, 0, 1, 0, 1, 1, 0, 0, 2, 1, 1, 0];[14, 19, 16, 15, 5, 11, 18, 1, 10, 12, 9, 2, 17, 13, 0, 3, 7, 4, 6, 8]|[0, 2, 1, 2, 1, 1, 0, 0, 2, 0, 1, 2, 1, 1, 0, 0, 0, 2, 1, 0]|[3, 0, 1, 0, 1, 1, 3, 3, 0, 0, 1, 0, 1, 1, 3, 3, 3, 0, 1, 3]|[0, 1, 1, 0, 1, 1, 1, 2, 1, 0, 1, 0, 1, 1, 0, 0, 2, 1, 1, 0];[0, 19, 5, 10, 15, 11, 18, 1, 16, 12, 17, 6, 9, 7, 2, 14, 3, 4, 8, 13]|[0, 2, 1, 1, 2, 1, 0, 0, 2, 0, 1, 2, 0, 1, 0, 0, 0, 2, 0, 0]|[3, 0, 1, 1, 0, 1, 2, 0, 0, 0, 0, 0, 0, 1, 3, 3, 3, 0, 1, 3]|[0, 1, 1, 0, 0, 1, 0, 2, 1, 2, 1, 0, 1, 0, 0, 2, 0, 1, 1, 0];[0, 19, 16, 10, 15, 11, 18, 8, 5, 12, 17, 6, 9, 7, 14, 2, 13, 4, 3, 1]|[0, 2, 1, 1, 2, 1, 0, 0, 2, 0, 1, 2, 1, 1, 0, 0, 0, 2, 1, 0]|[3, 0, 1, 1, 0, 1, 2, 0, 0, 0, 1, 0, 0, 0, 2, 3, 3, 0, 1, 3]|[1, 1, 1, 0, 0, 1, 0, 2, 1, 2, 1, 0, 1, 0, 0, 2, 2, 1, 1, 0];[19, 16, 15, 11, 6, 12, 5, 18, 0, 14, 17, 2, 7, 13, 1, 8, 9, 4, 10, 3]|[2, 1, 2, 1, 1, 0, 2, 0, 0, 0, 1, 2, 1, 1, 0, 0, 0, 2, 1, 0]|[0, 1, 0, 1, 1, 3, 0, 3, 3, 3, 1, 0, 1, 1, 3, 3, 3, 0, 1, 3]|[1, 1, 0, 1, 1, 2, 1, 0, 0, 2, 1, 0, 1, 1, 0, 2, 0, 1, 1, 0];[19, 16, 15, 11, 6, 12, 5, 18, 0, 14, 17, 2, 7, 13, 1, 8, 9, 4, 10, 3]|[2, 1, 2, 1, 1, 0, 2, 0, 0, 0, 1, 2, 1, 1, 0, 0, 0, 2, 1, 0]|[0, 1, 0, 1, 1, 3, 0, 3, 3, 3, 1, 0, 1, 1, 3, 3, 3, 0, 1, 3]|[1, 1, 0, 1, 1, 2, 1, 0, 0, 2, 1, 0, 1, 1, 0, 2, 0, 1, 1, 0];[14, 19, 6, 15, 11, 4, 7, 1, 12, 13, 2, 17, 9, 8, 5, 0, 18, 10, 16, 3]|[0, 2, 1, 2, 1, 2, 0, 0, 0, 1, 2, 1, 1, 0, 2, 0, 0, 1, 1, 0]|[3, 0, 1, 0, 1, 0, 3, 3, 3, 1, 0, 1, 1, 3, 0, 3, 3, 1, 1, 3]|[0, 1, 1, 0, 1, 1, 0, 2, 2, 1, 0, 1, 1, 0, 1, 2, 0, 1, 1, 0];[14, 19, 6, 15, 11, 4, 7, 1, 12, 13, 2, 17, 9, 8, 5, 0, 18, 10, 16, 3]|[0, 2, 1, 2, 1, 2, 0, 0, 0, 1, 2, 1, 1, 0, 2, 0, 0, 1, 1, 0]|[3, 0, 1, 0, 1, 0, 3, 3, 3, 1, 0, 1, 1, 3, 0, 3, 3, 1, 1, 3]|[0, 1, 1, 0, 1, 1, 0, 2, 2, 1, 0, 1, 1, 0, 1, 2, 0, 1, 1, 0];[19, 4, 5, 15, 11, 2, 17, 8, 13, 7, 9, 1, 3, 12, 10, 6, 16, 18, 0, 14]|[2, 1, 1, 2, 1, 2, 0, 0, 1, 2, 1, 0, 0, 0, 1, 1, 2, 0, 0, 0]|[0, 1, 1, 0, 1, 0, 3, 3, 1, 0, 1, 3, 3, 3, 1, 1, 0, 3, 3, 3]|[1, 1, 1, 0, 1, 1, 0, 2, 1, 0, 1, 0, 0, 2, 1, 1, 1, 0, 2, 0];[19, 4, 5, 15, 11, 2, 17, 8, 13, 7, 9, 1, 3, 12, 10, 6, 16, 18, 0, 14]|[2, 1, 1, 2, 1, 2, 0, 0, 1, 2, 1, 0, 0, 0, 1, 1, 2, 0, 0, 0]|[0, 1, 1, 0, 1, 0, 3, 3, 1, 0, 1, 3, 3, 3, 1, 1, 0, 3, 3, 3]|[1, 1, 1, 0, 1, 1, 0, 2, 1, 0, 1, 0, 0, 2, 1, 1, 1, 0, 2, 0];[19, 16, 10, 15, 11, 18, 12, 5, 8, 7, 14, 17, 6, 13, 9, 3, 4, 2, 1, 0]|[2, 1, 1, 1, 1, 0, 0, 2, 0, 1, 1, 1, 0, 0, 0, 0, 2, 2, 2, 0]|[0, 1, 1, 1, 0, 0, 2, 0, 0, 1, 1, 0, 3, 3, 3, 3, 0, 1, 0, 3]|[1, 1, 1, 0, 1, 1, 2, 1, 2, 1, 0, 1, 0, 0, 0, 2, 1, 1, 0, 0]
fc6diagRound 7	fe=201531	pool=300	target=100	rescued=0	sOriginal=[0, 19, 16, 10, 15, 11, 18, 8, 5, 12, 3, 6, 9, 17, 2, 1, 13, 4, 14, 7]|[0, 2, 1, 1, 2, 1, 0, 0, 2, 0, 1, 2, 1, 1, 0, 0, 0, 2, 1, 0]|[3, 0, 1, 1, 0, 1, 3, 0, 0, 0, 0, 0, 0, 1, 3, 3, 3, 0, 1, 3]|[1, 1, 1, 1, 0, 0, 0, 2, 1, 2, 1, 0, 1, 1, 0, 2, 0, 1, 1, 0];[0, 19, 16, 10, 15, 11, 12, 18, 5, 3, 17, 2, 7, 9, 6, 14, 8, 4, 13, 1]|[0, 2, 1, 1, 2, 1, 0, 0, 2, 0, 1, 2, 1, 1, 0, 0, 0, 2, 1, 0]|[3, 0, 1, 1, 0, 1, 2, 0, 0, 0, 1, 0, 1, 1, 3, 3, 3, 0, 1, 3]|[1, 1, 1, 0, 0, 1, 0, 2, 1, 2, 1, 0, 1, 1, 0, 2, 0, 1, 1, 0];[19, 16, 10, 15, 12, 3, 5, 1, 18, 11, 6, 17, 9, 2, 13, 7, 14, 4, 0, 8]|[2, 1, 1, 2, 1, 0, 2, 0, 0, 1, 2, 1, 1, 0, 0, 0, 1, 2, 0, 0]|[0, 1, 1, 0, 1, 3, 0, 0, 2, 1, 0, 1, 1, 3, 3, 0, 1, 0, 3, 3]|[1, 1, 1, 0, 1, 0, 1, 2, 1, 1, 0, 1, 1, 0, 0, 2, 1, 1, 0, 2];[0, 19, 16, 10, 15, 11, 18, 8, 5, 12, 17, 6, 7, 9, 14, 2, 13, 4, 3, 1]|[0, 2, 1, 1, 2, 1, 0, 0, 2, 0, 1, 2, 1, 1, 0, 0, 0, 2, 1, 1]|[3, 0, 1, 1, 0, 1, 3, 0, 0, 0, 1, 0, 0, 1, 3, 3, 3, 0, 1, 1]|[1, 1, 1, 0, 0, 1, 0, 2, 1, 2, 1, 0, 1, 0, 0, 2, 0, 1, 1, 1];[0, 19, 6, 10, 15, 11, 18, 8, 4, 12, 17, 2, 1, 9, 14, 3, 13, 16, 5, 7]|[0, 2, 1, 1, 2, 1, 0, 0, 2, 0, 1, 2, 1, 1, 0, 0, 0, 2, 1, 0]|[3, 0, 1, 1, 0, 1, 2, 0, 0, 0, 1, 0, 0, 1, 3, 3, 3, 0, 1, 3]|[1, 1, 1, 0, 0, 1, 0, 2, 1, 2, 1, 0, 1, 0, 0, 2, 0, 1, 1, 0];[19, 6, 10, 15, 4, 17, 2, 5, 12, 16, 9, 0, 14, 13, 7, 3, 11, 18, 8, 1]|[2, 1, 1, 2, 1, 0, 0, 2, 0, 2, 0, 0, 1, 0, 0, 0, 2, 0, 0, 0]|[0, 1, 1, 0, 1, 3, 0, 0, 0, 0, 0, 3, 1, 3, 3, 3, 0, 3, 0, 3]|[1, 1, 0, 0, 1, 1, 2, 1, 2, 0, 1, 0, 0, 0, 0, 1, 1, 0, 2, 2];[19, 6, 10, 15, 4, 17, 2, 5, 12, 16, 9, 0, 14, 13, 7, 3, 11, 18, 8, 1]|[2, 1, 1, 2, 1, 0, 0, 2, 0, 2, 0, 0, 1, 0, 0, 0, 2, 0, 0, 0]|[0, 1, 1, 0, 1, 3, 0, 0, 0, 0, 0, 3, 1, 3, 3, 3, 0, 3, 0, 3]|[1, 1, 0, 0, 1, 1, 2, 1, 2, 0, 1, 0, 0, 0, 0, 1, 1, 0, 2, 2];[0, 19, 16, 10, 15, 11, 18, 8, 5, 3, 17, 6, 7, 9, 12, 13, 14, 2, 4, 1]|[0, 2, 1, 1, 2, 1, 0, 0, 2, 0, 1, 2, 1, 1, 0, 0, 0, 2, 1, 0]|[3, 0, 1, 1, 0, 1, 3, 0, 0, 0, 1, 0, 0, 1, 3, 3, 3, 0, 1, 3]|[1, 1, 1, 0, 0, 1, 0, 2, 1, 2, 1, 0, 1, 0, 0, 2, 0, 1, 1, 0];[19, 16, 2, 15, 11, 8, 5, 12, 7, 6, 9, 17, 0, 1, 10, 18, 13, 4, 14, 3]|[2, 1, 0, 2, 1, 0, 2, 0, 0, 2, 0, 1, 0, 0, 0, 0, 0, 2, 1, 0]|[0, 1, 3, 0, 1, 0, 0, 0, 3, 0, 0, 1, 3, 3, 3, 3, 3, 0, 1, 3]|[1, 1, 2, 0, 1, 0, 1, 2, 1, 0, 1, 0, 0, 2, 0, 1, 0, 1, 1, 0];[19, 16, 2, 15, 11, 8, 5, 12, 7, 6, 9, 17, 0, 1, 10, 18, 13, 4, 14, 3]|[2, 1, 0, 2, 1, 0, 2, 0, 0, 2, 0, 1, 0, 0, 0, 0, 0, 2, 1, 0]|[0, 1, 3, 0, 1, 0, 0, 0, 3, 0, 0, 1, 3, 3, 3, 3, 3, 0, 1, 3]|[1, 1, 2, 0, 1, 0, 1, 2, 1, 0, 1, 0, 0, 2, 0, 1, 0, 1, 1, 0];[0, 19, 16, 15, 11, 8, 12, 18, 5, 3, 17, 2, 9, 10, 14, 1, 13, 4, 6, 7]|[0, 2, 1, 2, 1, 1, 0, 0, 2, 0, 1, 2, 1, 1, 0, 0, 0, 2, 1, 0]|[3, 0, 1, 0, 1, 1, 3, 3, 0, 3, 1, 0, 1, 1, 3, 3, 3, 0, 1, 3]|[2, 1, 1, 0, 1, 1, 0, 0, 1, 2, 1, 0, 1, 1, 0, 2, 0, 1, 1, 0];[19, 6, 10, 15, 11, 9, 8, 7, 16, 17, 5, 1, 13, 4, 14, 12, 3, 18, 0, 2]|[2, 1, 0, 2, 1, 0, 1, 0, 2, 0, 2, 0, 1, 2, 0, 0, 0, 0, 0, 0]|[0, 1, 3, 0, 1, 0, 1, 3, 0, 3, 0, 0, 1, 0, 3, 0, 3, 3, 3, 3]|[1, 1, 0, 0, 1, 1, 0, 0, 0, 1, 1, 2, 1, 0, 0, 2, 2, 0, 1, 0];[19, 6, 10, 15, 11, 9, 8, 7, 16, 17, 5, 1, 13, 4, 14, 12, 3, 18, 0, 2]|[2, 1, 0, 2, 1, 0, 1, 0, 2, 0, 2, 0, 1, 2, 0, 0, 0, 0, 0, 0]|[0, 1, 3, 0, 1, 0, 1, 3, 0, 3, 0, 0, 1, 0, 3, 0, 3, 3, 3, 3]|[1, 1, 0, 0, 1, 1, 0, 0, 0, 1, 1, 2, 1, 0, 0, 2, 2, 0, 1, 0];[0, 19, 5, 10, 15, 11, 18, 1, 6, 12, 17, 2, 13, 9, 14, 8, 7, 4, 16, 3]|[0, 2, 1, 1, 2, 1, 0, 0, 2, 0, 0, 2, 1, 1, 0, 0, 0, 2, 1, 0]|[3, 0, 1, 1, 0, 1, 2, 0, 0, 0, 0, 0, 0, 1, 3, 3, 3, 0, 1, 3]|[1, 1, 1, 0, 0, 1, 0, 2, 1, 2, 1, 0, 1, 0, 0, 2, 0, 1, 1, 0];[0, 19, 5, 10, 15, 11, 18, 1, 6, 12, 17, 2, 13, 9, 14, 8, 7, 4, 16, 3]|[0, 2, 1, 1, 2, 1, 0, 0, 2, 0, 0, 2, 1, 1, 0, 0, 0, 2, 1, 0]|[3, 0, 1, 1, 0, 1, 2, 0, 0, 0, 0, 0, 0, 1, 3, 3, 3, 0, 1, 3]|[1, 1, 1, 0, 0, 1, 0, 2, 1, 2, 1, 0, 1, 0, 0, 2, 0, 1, 1, 0];[12, 19, 16, 15, 8, 10, 18, 5, 0, 17, 2, 7, 1, 4, 3, 6, 14, 9, 11, 13]|[0, 2, 1, 2, 1, 1, 0, 2, 0, 1, 2, 1, 1, 2, 0, 0, 0, 1, 1, 0]|[0, 0, 1, 0, 1, 1, 3, 0, 3, 1, 0, 1, 1, 0, 3, 3, 3, 1, 1, 3]|[0, 1, 1, 0, 1, 1, 2, 1, 0, 1, 0, 1, 1, 1, 0, 2, 0, 1, 1, 0];[0, 19, 16, 10, 4, 11, 18, 8, 5, 12, 17, 6, 7, 1, 3, 13, 9, 15, 2, 14]|[0, 2, 1, 1, 2, 1, 0, 0, 2, 0, 1, 2, 1, 1, 0, 0, 0, 2, 1, 0]|[3, 0, 1, 1, 0, 1, 3, 0, 0, 0, 1, 0, 0, 1, 3, 3, 3, 0, 1, 3]|[1, 1, 1, 0, 0, 1, 0, 2, 1, 2, 1, 0, 1, 0, 0, 2, 0, 1, 1, 0];[12, 19, 16, 15, 8, 10, 18, 5, 0, 17, 2, 7, 1, 4, 3, 6, 14, 9, 11, 13]|[0, 2, 1, 2, 1, 1, 0, 2, 0, 1, 2, 1, 1, 2, 0, 0, 0, 1, 1, 0]|[0, 0, 1, 0, 1, 1, 3, 0, 3, 1, 0, 1, 1, 0, 3, 3, 3, 1, 1, 3]|[0, 1, 1, 0, 1, 1, 2, 1, 0, 1, 0, 1, 1, 1, 0, 2, 0, 1, 1, 0];[0, 19, 16, 10, 4, 6, 18, 3, 17, 14, 15, 11, 9, 8, 12, 1, 13, 5, 2, 7]|[0, 2, 1, 1, 2, 1, 0, 0, 2, 0, 1, 2, 1, 1, 0, 0, 0, 2, 1, 0]|[3, 0, 1, 1, 0, 1, 3, 0, 0, 0, 0, 0, 0, 1, 3, 3, 3, 0, 1, 3]|[1, 1, 1, 1, 0, 1, 0, 2, 1, 2, 1, 0, 1, 0, 0, 2, 0, 1, 1, 0];[0, 19, 16, 10, 15, 11, 18, 1, 5, 7, 12, 3, 9, 17, 2, 14, 8, 4, 13, 6]|[0, 2, 1, 1, 2, 1, 0, 0, 2, 0, 1, 2, 1, 1, 0, 0, 0, 2, 1, 0]|[3, 0, 1, 1, 0, 1, 2, 0, 0, 0, 1, 0, 0, 1, 2, 3, 3, 0, 1, 3]|[1, 1, 1, 1, 0, 1, 0, 2, 1, 2, 1, 0, 1, 0, 0, 2, 0, 1, 1, 2];[0, 19, 16, 10, 15, 11, 18, 1, 5, 7, 2, 6, 17, 12, 8, 14, 9, 4, 13, 3]|[0, 2, 1, 1, 2, 1, 0, 0, 2, 0, 0, 2, 0, 1, 0, 0, 0, 2, 0, 0]|[3, 0, 1, 1, 0, 1, 2, 0, 0, 0, 0, 0, 0, 1, 3, 3, 3, 0, 0, 3]|[1, 1, 1, 0, 0, 1, 0, 2, 1, 2, 1, 0, 1, 0, 0, 2, 0, 1, 1, 0];[0, 19, 16, 10, 15, 11, 12, 18, 5, 14, 3, 1, 9, 17, 2, 8, 13, 4, 6, 7]|[0, 2, 1, 1, 2, 1, 0, 0, 2, 0, 1, 2, 1, 1, 0, 0, 0, 2, 1, 0]|[3, 0, 1, 1, 0, 1, 2, 0, 0, 0, 1, 0, 1, 1, 3, 3, 3, 0, 1, 3]|[1, 1, 1, 1, 0, 1, 0, 2, 1, 2, 1, 0, 1, 1, 0, 2, 0, 1, 1, 0];[6, 19, 16, 10, 15, 11, 18, 8, 5, 12, 17, 2, 13, 7, 9, 1, 4, 3, 0, 14]|[0, 2, 1, 1, 2, 1, 0, 0, 2, 0, 1, 2, 1, 1, 0, 0, 2, 0, 0, 0]|[3, 0, 1, 1, 0, 1, 3, 0, 0, 0, 0, 0, 0, 1, 3, 3, 0, 3, 2, 3]|[0, 1, 0, 1, 0, 1, 1, 2, 1, 2, 1, 0, 1, 0, 0, 2, 1, 1, 0, 2];[19, 16, 2, 12, 5, 15, 18, 8, 10, 13, 9, 17, 11, 14, 1, 0, 7, 4, 6, 3]|[2, 1, 2, 0, 2, 0, 0, 2, 1, 1, 1, 1, 1, 0, 0, 0, 0, 2, 1, 0]|[0, 1, 0, 3, 0, 3, 3, 0, 1, 1, 1, 1, 1, 3, 3, 3, 3, 0, 1, 3]|[1, 1, 0, 2, 1, 0, 2, 0, 1, 1, 1, 1, 1, 0, 0, 2, 0, 1, 1, 0];[19, 16, 2, 12, 5, 15, 18, 8, 10, 13, 9, 17, 11, 14, 1, 0, 7, 4, 6, 3]|[2, 1, 2, 0, 2, 0, 0, 2, 1, 1, 1, 1, 1, 0, 0, 0, 0, 2, 1, 0]|[0, 1, 0, 3, 0, 3, 3, 0, 1, 1, 1, 1, 1, 3, 3, 3, 3, 0, 1, 3]|[1, 1, 0, 2, 1, 0, 2, 0, 1, 1, 1, 1, 1, 0, 0, 2, 0, 1, 1, 0];[6, 19, 16, 10, 15, 11, 18, 8, 5, 12, 17, 2, 13, 7, 9, 1, 4, 3, 0, 14]|[0, 2, 1, 1, 2, 1, 0, 0, 2, 0, 1, 2, 1, 1, 0, 0, 2, 0, 0, 0]|[3, 0, 1, 1, 0, 1, 3, 0, 0, 0, 0, 0, 0, 1, 3, 3, 0, 3, 2, 3]|[0, 1, 0, 1, 0, 1, 1, 2, 1, 2, 1, 0, 1, 0, 0, 2, 1, 1, 0, 2];[0, 19, 16, 10, 15, 11, 18, 8, 5, 12, 17, 6, 7, 1, 3, 14, 9, 2, 4, 13]|[0, 2, 1, 1, 2, 1, 0, 0, 2, 0, 1, 2, 1, 1, 0, 0, 0, 2, 1, 0]|[3, 0, 1, 1, 0, 1, 3, 0, 0, 0, 1, 0, 0, 1, 3, 3, 3, 0, 1, 3]|[1, 1, 1, 0, 0, 1, 0, 2, 1, 2, 1, 0, 1, 0, 0, 2, 0, 1, 1, 0];[14, 19, 16, 2, 11, 13, 18, 0, 5, 12, 8, 10, 9, 1, 7, 3, 4, 17, 6, 15]|[0, 2, 1, 2, 1, 1, 0, 0, 2, 0, 2, 1, 1, 0, 0, 0, 2, 1, 1, 0]|[3, 0, 1, 0, 1, 1, 3, 3, 0, 3, 0, 1, 1, 3, 3, 3, 0, 1, 1, 3]|[0, 1, 1, 0, 1, 1, 2, 0, 1, 2, 0, 1, 1, 0, 2, 0, 1, 1, 1, 0];[14, 19, 16, 2, 11, 13, 18, 0, 5, 12, 8, 10, 9, 1, 7, 3, 4, 17, 6, 15]|[0, 2, 1, 2, 1, 1, 0, 0, 2, 0, 2, 1, 1, 0, 0, 0, 2, 1, 1, 0]|[3, 0, 1, 0, 1, 1, 3, 3, 0, 3, 0, 1, 1, 3, 3, 3, 0, 1, 1, 3]|[0, 1, 1, 0, 1, 1, 2, 0, 1, 2, 0, 1, 1, 0, 2, 0, 1, 1, 1, 0];[19, 16, 8, 0, 5, 12, 18, 10, 9, 13, 2, 17, 3, 14, 7, 15, 4, 11, 6, 1]|[2, 1, 2, 0, 2, 0, 0, 1, 1, 1, 2, 1, 0, 0, 0, 0, 2, 1, 1, 0]|[0, 1, 0, 3, 0, 3, 3, 1, 1, 1, 0, 1, 3, 3, 3, 3, 0, 1, 1, 3]|[1, 1, 0, 0, 1, 2, 0, 1, 1, 1, 0, 1, 0, 2, 2, 0, 1, 1, 1, 0];[19, 16, 8, 0, 5, 12, 18, 10, 9, 13, 2, 17, 3, 14, 7, 15, 4, 11, 6, 1]|[2, 1, 2, 0, 2, 0, 0, 1, 1, 1, 2, 1, 0, 0, 0, 0, 2, 1, 1, 0]|[0, 1, 0, 3, 0, 3, 3, 1, 1, 1, 0, 1, 3, 3, 3, 3, 0, 1, 1, 3]|[1, 1, 0, 0, 1, 2, 0, 1, 1, 1, 0, 1, 0, 2, 2, 0, 1, 1, 1, 0];[0, 19, 16, 10, 15, 11, 18, 1, 5, 12, 17, 2, 9, 13, 7, 8, 3, 4, 6, 14]|[0, 2, 1, 1, 2, 1, 0, 0, 2, 0, 1, 2, 1, 1, 0, 0, 0, 2, 1, 0]|[3, 0, 1, 1, 0, 1, 3, 0, 0, 0, 1, 0, 0, 1, 3, 3, 3, 0, 1, 3]|[1, 1, 1, 0, 0, 1, 0, 2, 1, 2, 1, 0, 1, 0, 0, 2, 0, 1, 1, 0];[0, 19, 16, 10, 15, 11, 18, 8, 5, 12, 17, 2, 7, 9, 1, 14, 6, 4, 13, 3]|[0, 2, 1, 1, 2, 1, 0, 0, 2, 0, 1, 2, 1, 1, 0, 0, 0, 2, 1, 0]|[3, 0, 1, 1, 0, 1, 3, 0, 0, 0, 1, 0, 0, 1, 3, 3, 3, 0, 1, 3]|[1, 1, 1, 0, 0, 1, 0, 2, 1, 2, 1, 0, 1, 0, 0, 2, 0, 1, 1, 0];[0, 19, 16, 10, 15, 11, 18, 1, 5, 12, 17, 6, 9, 7, 2, 14, 13, 4, 3, 8]|[0, 2, 1, 1, 2, 1, 0, 0, 2, 0, 1, 2, 1, 1, 0, 0, 0, 2, 1, 0]|[3, 0, 1, 1, 0, 1, 3, 0, 0, 0, 1, 0, 0, 1, 3, 3, 3, 0, 1, 3]|[1, 1, 1, 0, 0, 1, 0, 2, 1, 2, 1, 0, 1, 0, 0, 2, 2, 1, 1, 0];[0, 19, 16, 10, 15, 11, 18, 8, 5, 12, 17, 2, 7, 3, 1, 14, 13, 4, 6, 9]|[0, 2, 1, 1, 2, 1, 0, 0, 2, 0, 1, 2, 1, 1, 0, 0, 0, 2, 1, 0]|[3, 0, 1, 1, 0, 0, 2, 0, 0, 0, 0, 0, 0, 1, 3, 3, 3, 0, 1, 3]|[1, 1, 1, 0, 0, 1, 0, 2, 1, 2, 1, 0, 1, 0, 0, 2, 0, 1, 1, 0];[0, 19, 16, 10, 15, 11, 18, 8, 5, 12, 17, 2, 7, 3, 1, 14, 13, 4, 6, 9]|[0, 2, 1, 1, 2, 1, 0, 0, 2, 0, 1, 2, 1, 1, 0, 0, 0, 2, 1, 0]|[3, 0, 1, 1, 0, 0, 2, 0, 0, 0, 0, 0, 0, 1, 3, 3, 3, 0, 1, 3]|[1, 1, 1, 0, 0, 1, 0, 2, 1, 2, 1, 0, 1, 0, 0, 2, 0, 1, 1, 0];[0, 19, 16, 10, 15, 11, 18, 8, 5, 7, 17, 2, 9, 3, 14, 12, 6, 4, 1, 13]|[0, 2, 1, 1, 2, 1, 0, 0, 2, 0, 1, 2, 1, 1, 0, 0, 0, 2, 1, 0]|[3, 0, 1, 1, 0, 0, 2, 0, 0, 0, 0, 0, 0, 1, 3, 3, 3, 0, 1, 3]|[1, 1, 1, 0, 0, 1, 0, 2, 1, 2, 1, 0, 1, 0, 0, 2, 0, 1, 1, 2];[0, 19, 16, 10, 15, 11, 18, 8, 5, 12, 17, 6, 9, 13, 14, 3, 2, 4, 7, 1]|[0, 2, 1, 0, 2, 1, 0, 0, 2, 0, 1, 2, 1, 1, 0, 0, 0, 2, 1, 0]|[3, 0, 1, 1, 0, 1, 3, 0, 0, 0, 0, 0, 0, 1, 3, 3, 3, 0, 1, 3]|[1, 1, 1, 0, 0, 1, 0, 2, 1, 2, 1, 0, 1, 0, 0, 2, 0, 1, 1, 0];[0, 19, 16, 10, 15, 11, 18, 8, 5, 12, 17, 6, 9, 13, 14, 3, 2, 4, 7, 1]|[0, 2, 1, 0, 2, 1, 0, 0, 2, 0, 1, 2, 1, 1, 0, 0, 0, 2, 1, 0]|[3, 0, 1, 1, 0, 1, 3, 0, 0, 0, 0, 0, 0, 1, 3, 3, 3, 0, 1, 3]|[1, 1, 1, 0, 0, 1, 0, 2, 1, 2, 1, 0, 1, 0, 0, 2, 0, 1, 1, 0];[8, 19, 16, 10, 15, 11, 12, 0, 5, 1, 3, 6, 9, 13, 2, 14, 18, 4, 17, 7]|[0, 2, 1, 1, 2, 1, 0, 0, 2, 0, 1, 2, 1, 1, 0, 0, 0, 2, 1, 0]|[3, 0, 1, 1, 0, 1, 3, 3, 0, 3, 1, 0, 1, 1, 3, 3, 3, 0, 1, 3]|[0, 1, 1, 1, 0, 1, 2, 0, 1, 2, 1, 0, 1, 1, 0, 2, 0, 1, 1, 0];[0, 19, 6, 10, 15, 11, 18, 1, 5, 12, 17, 2, 13, 9, 8, 14, 7, 4, 16, 3]|[0, 2, 1, 1, 2, 1, 0, 0, 2, 0, 1, 2, 1, 1, 0, 0, 0, 2, 1, 0]|[3, 0, 1, 1, 0, 0, 2, 0, 0, 0, 0, 0, 0, 1, 3, 3, 3, 0, 1, 3]|[1, 1, 1, 0, 0, 1, 0, 2, 1, 2, 1, 0, 1, 0, 0, 2, 0, 1, 1, 0];[0, 19, 16, 10, 15, 11, 12, 18, 5, 14, 3, 6, 9, 13, 2, 8, 1, 17, 4, 7]|[0, 2, 1, 1, 2, 1, 0, 0, 2, 0, 1, 2, 1, 1, 0, 0, 0, 1, 2, 0]|[3, 0, 1, 1, 0, 1, 3, 3, 0, 3, 1, 0, 1, 1, 3, 3, 3, 1, 0, 3]|[0, 1, 1, 1, 0, 1, 2, 0, 1, 2, 1, 0, 1, 1, 0, 2, 0, 1, 1, 0];[19, 16, 10, 15, 11, 12, 5, 8, 9, 17, 6, 7, 1, 0, 14, 13, 18, 2, 4, 3]|[2, 1, 1, 2, 1, 0, 2, 0, 0, 1, 2, 1, 1, 0, 0, 0, 0, 2, 1, 0]|[0, 1, 1, 0, 1, 3, 0, 3, 3, 1, 0, 1, 1, 3, 3, 3, 3, 0, 1, 3]|[1, 1, 1, 0, 1, 2, 1, 0, 2, 1, 0, 1, 1, 0, 2, 0, 2, 1, 1, 0];[0, 19, 16, 10, 15, 11, 12, 18, 5, 14, 3, 6, 9, 13, 2, 8, 1, 17, 4, 7]|[0, 2, 1, 1, 2, 1, 0, 0, 2, 0, 1, 2, 1, 1, 0, 0, 0, 1, 2, 0]|[3, 0, 1, 1, 0, 1, 3, 3, 0, 3, 1, 0, 1, 1, 3, 3, 3, 1, 0, 3]|[0, 1, 1, 1, 0, 1, 2, 0, 1, 2, 1, 0, 1, 1, 0, 2, 0, 1, 1, 0];[19, 16, 10, 15, 11, 12, 5, 8, 9, 17, 6, 7, 1, 0, 14, 13, 18, 2, 4, 3]|[2, 1, 1, 2, 1, 0, 2, 0, 0, 1, 2, 1, 1, 0, 0, 0, 0, 2, 1, 0]|[0, 1, 1, 0, 1, 3, 0, 3, 3, 1, 0, 1, 1, 3, 3, 3, 3, 0, 1, 3]|[1, 1, 1, 0, 1, 2, 1, 0, 2, 1, 0, 1, 1, 0, 2, 0, 2, 1, 1, 0];[0, 19, 16, 10, 15, 11, 18, 8, 5, 7, 17, 6, 9, 12, 14, 2, 1, 4, 13, 3]|[0, 2, 1, 1, 2, 1, 0, 0, 2, 0, 0, 2, 0, 1, 0, 0, 0, 2, 1, 0]|[3, 0, 1, 1, 0, 0, 2, 0, 0, 0, 0, 0, 0, 1, 3, 3, 3, 0, 1, 3]|[1, 1, 1, 0, 0, 1, 0, 2, 1, 2, 1, 0, 1, 0, 0, 2, 0, 1, 1, 1];[19, 16, 10, 15, 11, 12, 6, 5, 7, 9, 2, 17, 18, 13, 0, 8, 3, 4, 14, 1]|[2, 1, 1, 2, 1, 0, 2, 0, 1, 1, 2, 1, 0, 0, 0, 0, 0, 2, 1, 0]|[1, 1, 1, 0, 1, 0, 0, 0, 1, 0, 0, 0, 0, 3, 3, 3, 3, 0, 1, 3]|[1, 1, 1, 0, 1, 2, 1, 2, 0, 1, 0, 1, 2, 0, 0, 0, 2, 1, 1, 0];[0, 19, 16, 10, 15, 11, 12, 18, 5, 8, 2, 17, 9, 1, 3, 14, 13, 4, 6, 7]|[0, 2, 1, 1, 2, 1, 0, 0, 2, 0, 0, 1, 1, 2, 1, 0, 0, 2, 1, 0]|[3, 0, 1, 1, 0, 1, 3, 3, 0, 3, 3, 1, 1, 0, 1, 3, 3, 0, 1, 3]|[0, 1, 1, 1, 0, 1, 2, 0, 1, 2, 0, 1, 1, 0, 1, 2, 0, 1, 1, 0];[0, 19, 6, 10, 15, 11, 18, 1, 5, 12, 17, 2, 9, 13, 8, 14, 7, 4, 16, 3]|[0, 2, 1, 1, 2, 1, 0, 0, 2, 0, 1, 2, 1, 1, 0, 0, 0, 2, 1, 0]|[3, 0, 1, 0, 1, 1, 2, 0, 0, 0, 0, 0, 0, 1, 3, 3, 3, 0, 1, 3]|[1, 1, 1, 0, 0, 1, 0, 2, 1, 2, 1, 0, 1, 0, 0, 2, 0, 1, 1, 0];[0, 19, 16, 10, 15, 11, 18, 8, 6, 12, 17, 2, 9, 7, 5, 14, 13, 4, 3, 1]|[0, 2, 1, 1, 2, 1, 0, 0, 2, 0, 1, 2, 1, 1, 0, 0, 0, 2, 1, 0]|[3, 0, 1, 1, 0, 1, 3, 0, 0, 3, 0, 0, 0, 1, 3, 3, 3, 0, 1, 3]|[1, 1, 1, 0, 0, 1, 0, 2, 1, 2, 1, 0, 1, 0, 0, 2, 0, 1, 1, 0];[14, 19, 16, 10, 15, 11, 8, 5, 2, 9, 7, 13, 1, 17, 12, 4, 0, 6, 18, 3]|[0, 2, 1, 1, 2, 1, 0, 2, 2, 1, 1, 0, 0, 0, 0, 2, 0, 0, 0, 0]|[3, 0, 1, 1, 0, 1, 0, 0, 0, 0, 1, 3, 3, 3, 0, 0, 3, 3, 3, 1]|[2, 1, 0, 0, 0, 1, 1, 1, 0, 1, 0, 0, 0, 1, 2, 1, 0, 2, 0, 1];[0, 19, 16, 10, 15, 11, 18, 8, 5, 12, 17, 6, 7, 1, 14, 13, 9, 2, 4, 3]|[0, 2, 1, 1, 2, 1, 0, 0, 2, 0, 1, 2, 0, 1, 0, 0, 0, 2, 1, 0]|[3, 0, 0, 1, 0, 1, 3, 0, 0, 0, 0, 0, 0, 1, 3, 3, 3, 0, 1, 3]|[1, 1, 1, 0, 0, 1, 0, 2, 1, 2, 1, 0, 1, 0, 0, 2, 0, 1, 1, 0];[0, 19, 16, 10, 15, 11, 18, 8, 5, 12, 17, 6, 7, 1, 14, 13, 9, 2, 4, 3]|[0, 2, 1, 1, 2, 1, 0, 0, 2, 0, 1, 2, 0, 1, 0, 0, 0, 2, 1, 0]|[3, 0, 0, 1, 0, 1, 3, 0, 0, 0, 0, 0, 0, 1, 3, 3, 3, 0, 1, 3]|[1, 1, 1, 0, 0, 1, 0, 2, 1, 2, 1, 0, 1, 0, 0, 2, 0, 1, 1, 0];[19, 16, 10, 15, 11, 12, 5, 18, 3, 6, 1, 13, 0, 9, 14, 8, 17, 4, 2, 7]|[2, 1, 1, 2, 1, 0, 2, 0, 1, 2, 1, 1, 0, 0, 0, 0, 0, 2, 1, 0]|[0, 1, 1, 0, 1, 3, 0, 3, 1, 0, 1, 1, 3, 3, 3, 3, 3, 0, 1, 3]|[1, 1, 0, 0, 1, 0, 1, 2, 1, 0, 1, 1, 0, 0, 2, 0, 2, 1, 1, 0];[0, 19, 16, 10, 15, 11, 18, 8, 5, 12, 17, 6, 9, 13, 7, 2, 14, 4, 3, 1]|[0, 2, 1, 1, 2, 1, 0, 0, 2, 0, 1, 2, 1, 1, 0, 0, 0, 2, 1, 0]|[3, 0, 1, 1, 1, 0, 1, 0, 0, 0, 0, 0, 0, 1, 3, 3, 3, 0, 1, 3]|[1, 1, 1, 0, 0, 1, 0, 2, 1, 2, 1, 0, 1, 0, 0, 2, 0, 1, 1, 0];[0, 19, 16, 10, 15, 11, 18, 8, 5, 12, 17, 6, 9, 13, 7, 2, 14, 4, 3, 1]|[0, 2, 1, 1, 2, 1, 0, 0, 2, 0, 1, 2, 1, 1, 0, 0, 0, 2, 1, 0]|[3, 0, 1, 1, 1, 0, 1, 0, 0, 0, 0, 0, 0, 1, 3, 3, 3, 0, 1, 3]|[1, 1, 1, 0, 0, 1, 0, 2, 1, 2, 1, 0, 1, 0, 0, 2, 0, 1, 1, 0];[0, 19, 16, 10, 15, 11, 12, 18, 5, 3, 17, 13, 7, 9, 14, 6, 2, 4, 8, 1]|[0, 2, 1, 0, 2, 1, 0, 0, 2, 0, 1, 2, 0, 1, 0, 0, 0, 2, 1, 0]|[3, 0, 1, 0, 0, 1, 2, 0, 0, 0, 1, 0, 0, 1, 3, 3, 3, 0, 1, 3]|[1, 1, 1, 0, 0, 1, 0, 2, 1, 2, 1, 0, 1, 0, 0, 2, 0, 1, 1, 2];[19, 16, 15, 11, 0, 6, 4, 3, 13, 17, 9, 10, 8, 18, 14, 2, 7, 5, 12, 1]|[2, 1, 2, 1, 0, 0, 2, 0, 1, 1, 1, 1, 2, 0, 0, 0, 0, 1, 2, 0]|[0, 1, 0, 1, 3, 3, 0, 3, 1, 1, 1, 1, 0, 3, 3, 3, 3, 1, 0, 3]|[1, 1, 0, 1, 0, 2, 1, 0, 1, 1, 1, 1, 0, 0, 2, 0, 2, 1, 1, 0];[19, 16, 15, 11, 0, 6, 4, 3, 13, 17, 9, 10, 8, 18, 14, 2, 7, 5, 12, 1]|[2, 1, 2, 1, 0, 0, 2, 0, 1, 1, 1, 1, 2, 0, 0, 0, 0, 1, 2, 0]|[0, 1, 0, 1, 3, 3, 0, 3, 1, 1, 1, 1, 0, 3, 3, 3, 3, 1, 0, 3]|[1, 1, 0, 1, 0, 2, 1, 0, 1, 1, 1, 1, 0, 0, 2, 0, 2, 1, 1, 0];[0, 19, 16, 10, 15, 11, 18, 3, 5, 7, 12, 2, 1, 13, 14, 6, 9, 4, 17, 8]|[0, 2, 1, 1, 2, 1, 0, 0, 2, 0, 1, 2, 1, 1, 0, 0, 0, 2, 1, 0]|[3, 0, 1, 1, 0, 1, 3, 3, 0, 3, 1, 0, 1, 1, 3, 3, 3, 0, 1, 3]|[1, 1, 1, 1, 0, 1, 0, 2, 1, 2, 1, 0, 1, 1, 0, 2, 0, 1, 1, 0];[0, 19, 16, 3, 15, 18, 1, 5, 10, 9, 2, 17, 6, 8, 12, 13, 4, 11, 7, 14]|[0, 2, 1, 1, 2, 0, 0, 2, 1, 1, 2, 1, 1, 0, 0, 0, 2, 1, 1, 0]|[2, 1, 1, 1, 0, 3, 0, 0, 1, 0, 0, 0, 1, 3, 3, 3, 0, 1, 1, 3]|[1, 1, 1, 1, 0, 0, 2, 1, 1, 1, 0, 1, 0, 0, 0, 0, 1, 1, 1, 2];[19, 6, 10, 15, 11, 2, 5, 0, 7, 9, 16, 17, 13, 4, 14, 18, 3, 8, 12, 1]|[2, 1, 1, 2, 1, 0, 2, 0, 1, 1, 2, 1, 0, 2, 1, 0, 0, 0, 0, 0]|[0, 1, 1, 0, 1, 3, 0, 3, 1, 0, 0, 1, 3, 0, 1, 3, 3, 3, 3, 3]|[1, 1, 0, 0, 1, 2, 1, 0, 0, 1, 0, 1, 2, 1, 1, 2, 0, 2, 0, 2];[0, 19, 5, 6, 15, 11, 18, 1, 16, 12, 4, 9, 10, 13, 14, 2, 7, 17, 3, 8]|[0, 2, 1, 1, 2, 1, 0, 0, 2, 0, 1, 2, 1, 1, 0, 0, 0, 2, 1, 0]|[3, 0, 1, 1, 0, 0, 2, 0, 0, 0, 0, 0, 0, 1, 3, 3, 3, 0, 1, 3]|[1, 1, 1, 0, 0, 1, 0, 2, 1, 2, 1, 0, 1, 0, 0, 2, 0, 1, 1, 0];[0, 19, 16, 10, 15, 11, 18, 8, 5, 12, 17, 2, 13, 7, 6, 1, 14, 4, 3, 9]|[0, 2, 1, 1, 2, 1, 0, 0, 2, 0, 1, 2, 1, 1, 0, 0, 0, 2, 0, 0]|[3, 0, 1, 1, 0, 1, 2, 0, 0, 0, 0, 0, 0, 1, 3, 3, 3, 0, 1, 3]|[1, 1, 1, 1, 0, 1, 0, 2, 1, 2, 1, 0, 1, 0, 0, 2, 2, 1, 1, 0];[19, 4, 10, 15, 11, 17, 2, 7, 9, 5, 16, 6, 12, 8, 14, 18, 3, 0, 13, 1]|[2, 1, 1, 2, 1, 1, 2, 1, 1, 2, 2, 1, 0, 0, 0, 0, 0, 0, 0, 0]|[0, 0, 1, 0, 1, 1, 0, 1, 1, 0, 0, 1, 3, 3, 3, 3, 3, 3, 3, 3]|[1, 0, 1, 0, 1, 1, 0, 1, 1, 1, 1, 1, 0, 2, 0, 2, 0, 2, 0, 0];[2, 19, 16, 4, 15, 18, 6, 12, 7, 14, 10, 3, 0, 1, 5, 9, 17, 11, 13, 8]|[0, 2, 1, 2, 2, 0, 2, 0, 1, 1, 1, 1, 0, 0, 0, 0, 2, 1, 1, 0]|[3, 1, 1, 1, 0, 2, 0, 0, 1, 0, 1, 1, 3, 0, 3, 3, 0, 1, 1, 3]|[0, 1, 1, 0, 0, 1, 1, 2, 0, 1, 1, 1, 0, 2, 2, 2, 1, 1, 1, 0];[6, 14, 2, 11, 17, 9, 3, 12, 7, 5, 1, 18, 15, 16, 10, 19, 0, 4, 13, 8]|[0, 0, 0, 1, 1, 1, 2, 1, 0, 2, 0, 0, 2, 1, 1, 2, 0, 2, 1, 0]|[3, 3, 2, 1, 1, 0, 0, 1, 0, 0, 0, 2, 0, 1, 1, 1, 3, 0, 1, 3]|[2, 2, 0, 1, 0, 1, 0, 1, 2, 1, 2, 0, 0, 1, 1, 1, 1, 1, 1, 0];[6, 19, 16, 10, 15, 11, 14, 18, 5, 17, 2, 7, 9, 0, 12, 1, 8, 4, 13, 3]|[0, 2, 1, 1, 2, 2, 0, 0, 2, 1, 2, 1, 1, 0, 0, 0, 0, 1, 1, 0]|[0, 0, 1, 1, 0, 1, 3, 3, 0, 1, 0, 1, 1, 3, 2, 3, 3, 0, 1, 0]|[0, 1, 1, 0, 0, 0, 2, 2, 1, 1, 0, 1, 1, 0, 1, 0, 0, 0, 1, 2];[19, 16, 10, 15, 11, 12, 8, 2, 1, 5, 6, 3, 7, 14, 4, 9, 17, 0, 13, 18]|[2, 1, 1, 2, 1, 1, 1, 0, 0, 2, 2, 0, 0, 0, 2, 0, 0, 0, 0, 0]|[0, 1, 1, 0, 1, 1, 0, 3, 3, 0, 0, 3, 3, 3, 0, 3, 3, 3, 3, 3]|[1, 1, 0, 0, 1, 0, 1, 0, 2, 1, 0, 0, 2, 0, 1, 0, 0, 2, 0, 0];[9, 5, 7, 18, 16, 11, 15, 2, 19, 6, 12, 8, 17, 3, 14, 13, 0, 4, 10, 1]|[0, 2, 0, 0, 1, 1, 2, 1, 2, 0, 1, 2, 1, 1, 0, 0, 0, 2, 1, 0]|[2, 0, 0, 0, 0, 1, 0, 1, 1, 3, 1, 0, 0, 1, 3, 3, 3, 0, 1, 1]|[1, 1, 2, 1, 0, 1, 0, 1, 1, 0, 1, 0, 1, 0, 0, 2, 0, 1, 1, 2];[19, 16, 10, 15, 11, 6, 14, 8, 5, 17, 2, 7, 9, 3, 12, 18, 1, 13, 4, 0]|[2, 1, 1, 2, 1, 0, 0, 0, 2, 1, 2, 1, 1, 0, 0, 0, 0, 1, 2, 0]|[0, 1, 1, 0, 1, 3, 3, 3, 0, 0, 0, 0, 1, 3, 3, 3, 3, 1, 0, 3]|[1, 1, 0, 0, 1, 0, 2, 0, 1, 1, 0, 1, 0, 2, 0, 0, 2, 1, 1, 0];[19, 16, 10, 15, 5, 12, 1, 11, 6, 7, 17, 2, 8, 13, 9, 14, 0, 4, 3, 18]|[2, 1, 1, 2, 2, 0, 1, 1, 2, 1, 1, 0, 0, 0, 0, 0, 0, 2, 1, 1]|[1, 1, 0, 0, 0, 3, 1, 0, 0, 1, 1, 0, 0, 3, 3, 3, 3, 0, 1, 1]|[0, 1, 0, 1, 1, 2, 1, 1, 0, 0, 1, 0, 0, 2, 1, 2, 0, 1, 1, 1];[19, 16, 10, 15, 5, 12, 1, 11, 6, 7, 17, 2, 8, 13, 9, 14, 0, 4, 3, 18]|[2, 1, 1, 2, 2, 0, 1, 1, 2, 1, 1, 0, 0, 0, 0, 0, 0, 2, 1, 1]|[1, 1, 0, 0, 0, 3, 1, 0, 0, 1, 1, 0, 0, 3, 3, 3, 3, 0, 1, 1]|[0, 1, 0, 1, 1, 2, 1, 1, 0, 0, 1, 0, 0, 2, 1, 2, 0, 1, 1, 1];[0, 19, 16, 1, 9, 6, 10, 12, 5, 8, 18, 7, 15, 17, 14, 2, 13, 4, 3, 11]|[0, 2, 1, 1, 1, 2, 1, 0, 2, 0, 0, 1, 2, 1, 0, 0, 0, 2, 1, 1]|[3, 0, 1, 1, 1, 0, 1, 0, 0, 3, 3, 1, 0, 1, 3, 3, 3, 0, 1, 1]|[0, 1, 1, 1, 1, 0, 1, 2, 1, 2, 1, 1, 0, 1, 0, 2, 0, 1, 1, 1];[2, 9, 0, 4, 13, 14, 8, 18, 17, 3, 11, 15, 10, 5, 19, 7, 6, 12, 16, 1]|[0, 0, 0, 2, 0, 1, 0, 0, 0, 0, 1, 2, 1, 1, 2, 0, 2, 1, 2, 0]|[3, 3, 3, 0, 3, 1, 3, 3, 3, 3, 1, 0, 1, 1, 0, 3, 0, 1, 0, 3]|[0, 2, 0, 1, 0, 1, 2, 0, 0, 0, 1, 0, 0, 1, 1, 2, 1, 1, 0, 0];[0, 19, 16, 1, 9, 6, 10, 12, 5, 8, 18, 7, 15, 17, 14, 2, 13, 4, 3, 11]|[0, 2, 1, 1, 1, 2, 1, 0, 2, 0, 0, 1, 2, 1, 0, 0, 0, 2, 1, 1]|[3, 0, 1, 1, 1, 0, 1, 0, 0, 3, 3, 1, 0, 1, 3, 3, 3, 0, 1, 1]|[0, 1, 1, 1, 1, 0, 1, 2, 1, 2, 1, 1, 0, 1, 0, 2, 0, 1, 1, 1];[2, 9, 0, 4, 13, 14, 8, 18, 17, 3, 11, 15, 10, 5, 19, 7, 6, 12, 16, 1]|[0, 0, 0, 2, 0, 1, 0, 0, 0, 0, 1, 2, 1, 1, 2, 0, 2, 1, 2, 0]|[3, 3, 3, 0, 3, 1, 3, 3, 3, 3, 1, 0, 1, 1, 0, 3, 0, 1, 0, 3]|[0, 2, 0, 1, 0, 1, 2, 0, 0, 0, 1, 0, 0, 1, 1, 2, 1, 1, 0, 0];[0, 19, 16, 10, 15, 11, 18, 14, 2, 7, 17, 5, 12, 9, 6, 8, 1, 4, 13, 3]|[0, 2, 1, 1, 2, 1, 0, 0, 2, 0, 1, 2, 1, 1, 0, 0, 0, 2, 0, 0]|[3, 0, 1, 1, 0, 0, 2, 0, 0, 0, 0, 0, 0, 1, 2, 3, 3, 0, 1, 3]|[1, 1, 1, 1, 0, 1, 0, 2, 1, 2, 1, 0, 1, 0, 0, 2, 0, 1, 1, 0];[14, 19, 16, 15, 18, 5, 12, 8, 17, 6, 10, 11, 2, 3, 9, 0, 4, 1, 7, 13]|[0, 2, 1, 2, 0, 2, 0, 0, 1, 2, 1, 1, 1, 0, 0, 0, 2, 1, 1, 0]|[3, 1, 1, 0, 2, 0, 0, 0, 0, 0, 1, 1, 1, 3, 3, 3, 0, 1, 0, 3]|[0, 1, 1, 0, 1, 1, 2, 2, 1, 0, 0, 1, 1, 0, 2, 0, 1, 0, 1, 2];[19, 16, 15, 11, 2, 13, 17, 3, 5, 9, 7, 8, 4, 1, 6, 18, 10, 14, 12, 0]|[2, 1, 2, 1, 0, 2, 1, 1, 2, 1, 0, 1, 2, 0, 0, 0, 0, 0, 0, 0]|[0, 1, 0, 1, 3, 0, 1, 0, 0, 1, 3, 1, 0, 3, 3, 3, 3, 3, 3, 3]|[1, 1, 0, 1, 0, 0, 1, 1, 1, 0, 0, 1, 1, 2, 0, 2, 0, 2, 0, 0];[1, 19, 16, 10, 4, 6, 15, 12, 2, 11, 13, 17, 9, 5, 7, 14, 18, 0, 8, 3]|[0, 2, 1, 1, 2, 0, 2, 0, 2, 1, 1, 1, 1, 2, 0, 0, 0, 0, 1, 2]|[3, 1, 1, 1, 0, 0, 0, 0, 0, 1, 1, 0, 0, 0, 3, 3, 2, 3, 1, 0]|[0, 0, 1, 1, 1, 1, 1, 2, 0, 1, 0, 1, 1, 1, 0, 2, 0, 0, 1, 1];[1, 19, 16, 10, 4, 6, 15, 12, 2, 11, 13, 17, 9, 5, 7, 14, 18, 0, 8, 3]|[0, 2, 1, 1, 2, 0, 2, 0, 2, 1, 1, 1, 1, 2, 0, 0, 0, 0, 1, 2]|[3, 1, 1, 1, 0, 0, 0, 0, 0, 1, 1, 0, 0, 0, 3, 3, 2, 3, 1, 0]|[0, 0, 1, 1, 1, 1, 1, 2, 0, 1, 0, 1, 1, 1, 0, 2, 0, 0, 1, 1];[14, 4, 16, 10, 15, 17, 1, 5, 12, 9, 3, 6, 18, 7, 2, 0, 13, 19, 11, 8]|[0, 2, 1, 1, 2, 1, 0, 2, 0, 0, 1, 2, 0, 1, 1, 0, 0, 2, 1, 0]|[2, 1, 1, 0, 0, 1, 0, 0, 0, 3, 1, 0, 3, 1, 1, 1, 3, 0, 1, 3]|[2, 1, 1, 0, 0, 1, 2, 1, 2, 0, 1, 0, 0, 0, 1, 0, 2, 1, 1, 0];[12, 19, 16, 10, 15, 11, 8, 5, 2, 17, 6, 9, 13, 0, 14, 4, 1, 7, 18, 3]|[0, 2, 1, 1, 2, 1, 0, 2, 0, 1, 2, 1, 1, 0, 0, 2, 1, 0, 0, 0]|[3, 0, 1, 1, 0, 1, 3, 0, 3, 1, 0, 0, 1, 3, 3, 0, 1, 3, 3, 3]|[2, 1, 1, 0, 0, 1, 0, 1, 2, 1, 0, 1, 0, 0, 2, 1, 1, 2, 0, 2];[0, 3, 16, 15, 2, 12, 5, 8, 19, 10, 9, 7, 6, 17, 11, 13, 4, 1, 18, 14]|[0, 2, 1, 2, 1, 0, 2, 0, 0, 1, 1, 1, 2, 1, 1, 0, 2, 1, 0, 0]|[1, 1, 1, 0, 1, 0, 0, 0, 3, 1, 1, 0, 0, 0, 0, 3, 0, 0, 2, 3]|[1, 1, 1, 0, 1, 2, 1, 2, 0, 0, 0, 1, 0, 1, 1, 0, 1, 1, 0, 2];[0, 3, 16, 15, 2, 12, 5, 8, 19, 10, 9, 7, 6, 17, 11, 13, 4, 1, 18, 14]|[0, 2, 1, 2, 1, 0, 2, 0, 0, 1, 1, 1, 2, 1, 1, 0, 2, 1, 0, 0]|[1, 1, 1, 0, 1, 0, 0, 0, 3, 1, 1, 0, 0, 0, 0, 3, 0, 0, 2, 3]|[1, 1, 1, 0, 1, 2, 1, 2, 0, 0, 0, 1, 0, 1, 1, 0, 1, 1, 0, 2];[0, 19, 16, 15, 7, 18, 9, 17, 10, 11, 13, 2, 14, 12, 4, 6, 5, 3, 1, 8]|[0, 2, 1, 2, 1, 0, 1, 1, 1, 1, 1, 0, 0, 0, 2, 2, 2, 1, 0, 0]|[2, 0, 1, 1, 0, 1, 0, 0, 1, 0, 1, 3, 3, 0, 0, 0, 0, 1, 3, 0]|[0, 1, 1, 0, 0, 1, 1, 1, 0, 1, 0, 2, 0, 2, 1, 0, 1, 1, 0, 2];[0, 19, 5, 4, 10, 16, 12, 6, 14, 11, 8, 15, 2, 3, 17, 9, 13, 18, 7, 1]|[0, 2, 1, 1, 2, 1, 0, 0, 2, 0, 0, 1, 2, 0, 1, 2, 1, 1, 0, 0]|[0, 0, 1, 1, 0, 0, 3, 0, 0, 3, 2, 1, 0, 3, 0, 0, 0, 1, 3, 3]|[1, 1, 1, 0, 0, 1, 2, 2, 1, 0, 1, 1, 1, 0, 1, 0, 1, 0, 0, 2];[0, 19, 16, 10, 15, 11, 7, 1, 18, 17, 4, 5, 13, 6, 14, 9, 3, 2, 12, 8]|[0, 2, 1, 1, 1, 1, 0, 0, 0, 1, 2, 2, 0, 0, 2, 2, 0, 2, 1, 0]|[2, 1, 1, 1, 0, 1, 0, 0, 3, 1, 0, 0, 3, 3, 1, 1, 1, 0, 1, 3]|[0, 0, 1, 1, 0, 1, 2, 2, 1, 1, 1, 1, 0, 2, 0, 1, 1, 0, 1, 0];[19, 5, 10, 15, 11, 6, 3, 17, 16, 13, 2, 14, 7, 18, 9, 1, 0, 4, 8, 12]|[2, 1, 1, 2, 1, 0, 0, 1, 2, 1, 2, 0, 0, 0, 0, 0, 0, 2, 1, 0]|[0, 1, 1, 0, 1, 3, 3, 1, 0, 1, 0, 3, 3, 3, 3, 3, 3, 0, 1, 3]|[1, 1, 0, 1, 1, 0, 2, 0, 0, 1, 1, 0, 2, 0, 0, 2, 0, 1, 1, 0];[19, 5, 10, 15, 11, 6, 3, 17, 16, 13, 2, 14, 7, 18, 9, 1, 0, 4, 8, 12]|[2, 1, 1, 2, 1, 0, 0, 1, 2, 1, 2, 0, 0, 0, 0, 0, 0, 2, 1, 0]|[0, 1, 1, 0, 1, 3, 3, 1, 0, 1, 0, 3, 3, 3, 3, 3, 3, 0, 1, 3]|[1, 1, 0, 1, 1, 0, 2, 0, 0, 1, 1, 0, 2, 0, 0, 2, 0, 1, 1, 0];[0, 19, 16, 10, 15, 11, 3, 6, 2, 9, 8, 12, 13, 4, 5, 17, 14, 7, 18, 1]|[0, 2, 1, 1, 2, 1, 0, 1, 2, 1, 1, 0, 0, 2, 2, 1, 0, 0, 0, 0]|[2, 1, 0, 1, 0, 0, 3, 0, 0, 0, 1, 0, 3, 0, 0, 1, 3, 3, 3, 0]|[1, 1, 1, 0, 0, 1, 0, 1, 0, 1, 0, 2, 2, 1, 1, 1, 0, 2, 0, 2];[0, 19, 16, 10, 15, 11, 3, 6, 2, 9, 8, 12, 13, 4, 5, 17, 14, 7, 18, 1]|[0, 2, 1, 1, 2, 1, 0, 1, 2, 1, 1, 0, 0, 2, 2, 1, 0, 0, 0, 0]|[2, 1, 0, 1, 0, 0, 3, 0, 0, 0, 1, 0, 3, 0, 0, 1, 3, 3, 3, 0]|[1, 1, 1, 0, 0, 1, 0, 1, 0, 1, 0, 2, 2, 1, 1, 1, 0, 2, 0, 2];[0, 19, 8, 18, 11, 2, 14, 13, 9, 6, 17, 12, 4, 7, 15, 16, 10, 5, 3, 1]|[0, 2, 0, 0, 1, 2, 0, 1, 1, 2, 1, 0, 2, 0, 2, 1, 1, 2, 1, 0]|[3, 0, 0, 0, 1, 1, 3, 1, 0, 0, 0, 0, 0, 3, 1, 1, 1, 0, 1, 3]|[1, 1, 2, 0, 1, 1, 0, 0, 1, 0, 1, 2, 1, 2, 0, 1, 1, 1, 1, 0];[16, 10, 15, 11, 3, 0, 7, 4, 1, 17, 12, 19, 5, 8, 14, 6, 2, 13, 9, 18]|[1, 1, 2, 1, 0, 0, 1, 1, 2, 1, 0, 2, 2, 0, 0, 0, 2, 2, 1, 0]|[0, 1, 0, 1, 3, 2, 1, 0, 0, 1, 0, 1, 0, 0, 3, 3, 0, 0, 1, 3]|[1, 0, 1, 1, 1, 1, 0, 1, 0, 1, 2, 0, 1, 2, 0, 2, 1, 0, 1, 0];[16, 10, 15, 11, 3, 0, 7, 4, 1, 17, 12, 19, 5, 8, 14, 6, 2, 13, 9, 18]|[1, 1, 2, 1, 0, 0, 1, 1, 2, 1, 0, 2, 2, 0, 0, 0, 2, 2, 1, 0]|[0, 1, 0, 1, 3, 2, 1, 0, 0, 1, 0, 1, 0, 0, 3, 3, 0, 0, 1, 3]|[1, 0, 1, 1, 1, 1, 0, 1, 0, 1, 2, 0, 1, 2, 0, 2, 1, 0, 1, 0];[1, 5, 10, 7, 19, 4, 16, 14, 0, 12, 15, 11, 17, 9, 18, 3, 13, 2, 6, 8]|[0, 1, 1, 0, 2, 2, 2, 0, 1, 1, 2, 1, 1, 0, 0, 0, 0, 2, 1, 0]|[1, 1, 0, 0, 1, 1, 0, 0, 0, 0, 0, 0, 1, 3, 3, 3, 0, 0, 1, 3]|[1, 0, 1, 2, 0, 0, 1, 2, 1, 1, 1, 1, 0, 0, 0, 2, 0, 1, 1, 0];[1, 5, 10, 7, 19, 4, 16, 14, 0, 12, 15, 11, 17, 9, 18, 3, 13, 2, 6, 8]|[0, 1, 1, 0, 2, 2, 2, 0, 1, 1, 2, 1, 1, 0, 0, 0, 0, 2, 1, 0]|[1, 1, 0, 0, 1, 1, 0, 0, 0, 0, 0, 0, 1, 3, 3, 3, 0, 0, 1, 3]|[1, 0, 1, 2, 0, 0, 1, 2, 1, 1, 1, 1, 0, 0, 0, 2, 0, 1, 1, 0];[13, 19, 16, 10, 15, 11, 5, 12, 17, 2, 7, 3, 14, 6, 4, 8, 0, 9, 1, 18]|[0, 2, 1, 1, 2, 1, 2, 0, 1, 2, 1, 1, 0, 1, 2, 0, 0, 0, 0, 0]|[0, 1, 0, 1, 0, 0, 1, 3, 0, 0, 0, 1, 3, 1, 0, 0, 2, 3, 3, 3]|[1, 1, 1, 0, 0, 1, 1, 2, 1, 0, 1, 0, 2, 1, 1, 2, 1, 0, 0, 0];[13, 19, 16, 10, 15, 11, 5, 12, 17, 2, 7, 3, 14, 6, 4, 8, 0, 9, 1, 18]|[0, 2, 1, 1, 2, 1, 2, 0, 1, 2, 1, 1, 0, 1, 2, 0, 0, 0, 0, 0]|[0, 1, 0, 1, 0, 0, 1, 3, 0, 0, 0, 1, 3, 1, 0, 0, 2, 3, 3, 3]|[1, 1, 1, 0, 0, 1, 1, 2, 1, 0, 1, 0, 2, 1, 1, 2, 1, 0, 0, 0]	sBp=[0, 19, 16, 10, 15, 11, 18, 8, 5, 12, 3, 6, 9, 17, 2, 1, 13, 4, 14, 7]|[0, 2, 1, 1, 2, 1, 0, 0, 2, 0, 1, 2, 1, 1, 0, 0, 0, 2, 1, 0]|[3, 0, 1, 1, 0, 1, 3, 0, 0, 0, 0, 0, 0, 1, 3, 3, 3, 0, 1, 3]|[1, 1, 1, 1, 0, 0, 0, 2, 1, 2, 1, 0, 1, 1, 0, 2, 0, 1, 1, 0];[0, 19, 16, 10, 15, 11, 12, 18, 5, 3, 17, 2, 7, 9, 6, 14, 8, 4, 13, 1]|[0, 2, 1, 1, 2, 1, 0, 0, 2, 0, 1, 2, 1, 1, 0, 0, 0, 2, 1, 0]|[3, 0, 1, 1, 0, 1, 2, 0, 0, 0, 1, 0, 1, 1, 3, 3, 3, 0, 1, 3]|[1, 1, 1, 0, 0, 1, 0, 2, 1, 2, 1, 0, 1, 1, 0, 2, 0, 1, 1, 0];[19, 16, 10, 15, 12, 3, 5, 1, 18, 11, 6, 17, 9, 2, 13, 7, 14, 4, 0, 8]|[2, 1, 1, 2, 1, 0, 2, 0, 0, 1, 2, 1, 1, 0, 0, 0, 1, 2, 0, 0]|[0, 1, 1, 0, 1, 3, 0, 0, 2, 1, 0, 1, 1, 3, 3, 0, 1, 0, 3, 3]|[1, 1, 1, 0, 1, 0, 1, 2, 1, 1, 0, 1, 1, 0, 0, 2, 1, 1, 0, 2];[0, 19, 16, 10, 15, 11, 18, 8, 5, 12, 17, 6, 7, 9, 14, 2, 13, 4, 3, 1]|[0, 2, 1, 1, 2, 1, 0, 0, 2, 0, 1, 2, 1, 1, 0, 0, 0, 2, 1, 1]|[3, 0, 1, 1, 0, 1, 3, 0, 0, 0, 1, 0, 0, 1, 3, 3, 3, 0, 1, 1]|[1, 1, 1, 0, 0, 1, 0, 2, 1, 2, 1, 0, 1, 0, 0, 2, 0, 1, 1, 1];[0, 19, 6, 10, 15, 11, 18, 8, 4, 12, 17, 2, 1, 9, 14, 3, 13, 16, 5, 7]|[0, 2, 1, 1, 2, 1, 0, 0, 2, 0, 1, 2, 1, 1, 0, 0, 0, 2, 1, 0]|[3, 0, 1, 1, 0, 1, 2, 0, 0, 0, 1, 0, 0, 1, 3, 3, 3, 0, 1, 3]|[1, 1, 1, 0, 0, 1, 0, 2, 1, 2, 1, 0, 1, 0, 0, 2, 0, 1, 1, 0];[19, 6, 10, 15, 4, 17, 2, 5, 12, 16, 9, 0, 14, 13, 7, 3, 11, 18, 8, 1]|[2, 1, 1, 2, 1, 0, 0, 2, 0, 2, 0, 0, 1, 0, 0, 0, 2, 0, 0, 0]|[0, 1, 1, 0, 1, 3, 0, 0, 0, 0, 0, 3, 1, 3, 3, 3, 0, 3, 0, 3]|[1, 1, 0, 0, 1, 1, 2, 1, 2, 0, 1, 0, 0, 0, 0, 1, 1, 0, 2, 2];[19, 6, 10, 15, 4, 17, 2, 5, 12, 16, 9, 0, 14, 13, 7, 3, 11, 18, 8, 1]|[2, 1, 1, 2, 1, 0, 0, 2, 0, 2, 0, 0, 1, 0, 0, 0, 2, 0, 0, 0]|[0, 1, 1, 0, 1, 3, 0, 0, 0, 0, 0, 3, 1, 3, 3, 3, 0, 3, 0, 3]|[1, 1, 0, 0, 1, 1, 2, 1, 2, 0, 1, 0, 0, 0, 0, 1, 1, 0, 2, 2];[0, 19, 16, 10, 15, 11, 18, 8, 5, 3, 17, 6, 7, 9, 12, 13, 14, 2, 4, 1]|[0, 2, 1, 1, 2, 1, 0, 0, 2, 0, 1, 2, 1, 1, 0, 0, 0, 2, 1, 0]|[3, 0, 1, 1, 0, 1, 3, 0, 0, 0, 1, 0, 0, 1, 3, 3, 3, 0, 1, 3]|[1, 1, 1, 0, 0, 1, 0, 2, 1, 2, 1, 0, 1, 0, 0, 2, 0, 1, 1, 0];[19, 16, 2, 15, 11, 8, 5, 12, 7, 6, 9, 17, 0, 1, 10, 18, 13, 4, 14, 3]|[2, 1, 0, 2, 1, 0, 2, 0, 0, 2, 0, 1, 0, 0, 0, 0, 0, 2, 1, 0]|[0, 1, 3, 0, 1, 0, 0, 0, 3, 0, 0, 1, 3, 3, 3, 3, 3, 0, 1, 3]|[1, 1, 2, 0, 1, 0, 1, 2, 1, 0, 1, 0, 0, 2, 0, 1, 0, 1, 1, 0];[19, 16, 2, 15, 11, 8, 5, 12, 7, 6, 9, 17, 0, 1, 10, 18, 13, 4, 14, 3]|[2, 1, 0, 2, 1, 0, 2, 0, 0, 2, 0, 1, 0, 0, 0, 0, 0, 2, 1, 0]|[0, 1, 3, 0, 1, 0, 0, 0, 3, 0, 0, 1, 3, 3, 3, 3, 3, 0, 1, 3]|[1, 1, 2, 0, 1, 0, 1, 2, 1, 0, 1, 0, 0, 2, 0, 1, 0, 1, 1, 0];[0, 19, 16, 15, 11, 8, 12, 18, 5, 3, 17, 2, 9, 10, 14, 1, 13, 4, 6, 7]|[0, 2, 1, 2, 1, 1, 0, 0, 2, 0, 1, 2, 1, 1, 0, 0, 0, 2, 1, 0]|[3, 0, 1, 0, 1, 1, 3, 3, 0, 3, 1, 0, 1, 1, 3, 3, 3, 0, 1, 3]|[2, 1, 1, 0, 1, 1, 0, 0, 1, 2, 1, 0, 1, 1, 0, 2, 0, 1, 1, 0];[19, 6, 10, 15, 11, 9, 8, 7, 16, 17, 5, 1, 13, 4, 14, 12, 3, 18, 0, 2]|[2, 1, 0, 2, 1, 0, 1, 0, 2, 0, 2, 0, 1, 2, 0, 0, 0, 0, 0, 0]|[0, 1, 3, 0, 1, 0, 1, 3, 0, 3, 0, 0, 1, 0, 3, 0, 3, 3, 3, 3]|[1, 1, 0, 0, 1, 1, 0, 0, 0, 1, 1, 2, 1, 0, 0, 2, 2, 0, 1, 0];[19, 6, 10, 15, 11, 9, 8, 7, 16, 17, 5, 1, 13, 4, 14, 12, 3, 18, 0, 2]|[2, 1, 0, 2, 1, 0, 1, 0, 2, 0, 2, 0, 1, 2, 0, 0, 0, 0, 0, 0]|[0, 1, 3, 0, 1, 0, 1, 3, 0, 3, 0, 0, 1, 0, 3, 0, 3, 3, 3, 3]|[1, 1, 0, 0, 1, 1, 0, 0, 0, 1, 1, 2, 1, 0, 0, 2, 2, 0, 1, 0];[0, 19, 5, 10, 15, 11, 18, 1, 6, 12, 17, 2, 13, 9, 14, 8, 7, 4, 16, 3]|[0, 2, 1, 1, 2, 1, 0, 0, 2, 0, 0, 2, 1, 1, 0, 0, 0, 2, 1, 0]|[3, 0, 1, 1, 0, 1, 2, 0, 0, 0, 0, 0, 0, 1, 3, 3, 3, 0, 1, 3]|[1, 1, 1, 0, 0, 1, 0, 2, 1, 2, 1, 0, 1, 0, 0, 2, 0, 1, 1, 0];[0, 19, 5, 10, 15, 11, 18, 1, 6, 12, 17, 2, 13, 9, 14, 8, 7, 4, 16, 3]|[0, 2, 1, 1, 2, 1, 0, 0, 2, 0, 0, 2, 1, 1, 0, 0, 0, 2, 1, 0]|[3, 0, 1, 1, 0, 1, 2, 0, 0, 0, 0, 0, 0, 1, 3, 3, 3, 0, 1, 3]|[1, 1, 1, 0, 0, 1, 0, 2, 1, 2, 1, 0, 1, 0, 0, 2, 0, 1, 1, 0];[12, 19, 16, 15, 8, 10, 18, 5, 0, 17, 2, 7, 1, 4, 3, 6, 14, 9, 11, 13]|[0, 2, 1, 2, 1, 1, 0, 2, 0, 1, 2, 1, 1, 2, 0, 0, 0, 1, 1, 0]|[0, 0, 1, 0, 1, 1, 3, 0, 3, 1, 0, 1, 1, 0, 3, 3, 3, 1, 1, 3]|[0, 1, 1, 0, 1, 1, 2, 1, 0, 1, 0, 1, 1, 1, 0, 2, 0, 1, 1, 0];[0, 19, 16, 10, 4, 11, 18, 8, 5, 12, 17, 6, 7, 1, 3, 13, 9, 15, 2, 14]|[0, 2, 1, 1, 2, 1, 0, 0, 2, 0, 1, 2, 1, 1, 0, 0, 0, 2, 1, 0]|[3, 0, 1, 1, 0, 1, 3, 0, 0, 0, 1, 0, 0, 1, 3, 3, 3, 0, 1, 3]|[1, 1, 1, 0, 0, 1, 0, 2, 1, 2, 1, 0, 1, 0, 0, 2, 0, 1, 1, 0];[12, 19, 16, 15, 8, 10, 18, 5, 0, 17, 2, 7, 1, 4, 3, 6, 14, 9, 11, 13]|[0, 2, 1, 2, 1, 1, 0, 2, 0, 1, 2, 1, 1, 2, 0, 0, 0, 1, 1, 0]|[0, 0, 1, 0, 1, 1, 3, 0, 3, 1, 0, 1, 1, 0, 3, 3, 3, 1, 1, 3]|[0, 1, 1, 0, 1, 1, 2, 1, 0, 1, 0, 1, 1, 1, 0, 2, 0, 1, 1, 0];[0, 19, 16, 10, 4, 6, 18, 3, 17, 14, 15, 11, 9, 8, 12, 1, 13, 5, 2, 7]|[0, 2, 1, 1, 2, 1, 0, 0, 2, 0, 1, 2, 1, 1, 0, 0, 0, 2, 1, 0]|[3, 0, 1, 1, 0, 1, 3, 0, 0, 0, 0, 0, 0, 1, 3, 3, 3, 0, 1, 3]|[1, 1, 1, 1, 0, 1, 0, 2, 1, 2, 1, 0, 1, 0, 0, 2, 0, 1, 1, 0];[0, 19, 16, 10, 15, 11, 18, 1, 5, 7, 12, 3, 9, 17, 2, 14, 8, 4, 13, 6]|[0, 2, 1, 1, 2, 1, 0, 0, 2, 0, 1, 2, 1, 1, 0, 0, 0, 2, 1, 0]|[3, 0, 1, 1, 0, 1, 2, 0, 0, 0, 1, 0, 0, 1, 2, 3, 3, 0, 1, 3]|[1, 1, 1, 1, 0, 1, 0, 2, 1, 2, 1, 0, 1, 0, 0, 2, 0, 1, 1, 2];[0, 19, 16, 10, 15, 11, 18, 1, 5, 7, 2, 6, 17, 12, 8, 14, 9, 4, 13, 3]|[0, 2, 1, 1, 2, 1, 0, 0, 2, 0, 0, 2, 0, 1, 0, 0, 0, 2, 0, 0]|[3, 0, 1, 1, 0, 1, 2, 0, 0, 0, 0, 0, 0, 1, 3, 3, 3, 0, 0, 3]|[1, 1, 1, 0, 0, 1, 0, 2, 1, 2, 1, 0, 1, 0, 0, 2, 0, 1, 1, 0];[0, 19, 16, 10, 15, 11, 12, 18, 5, 14, 3, 1, 9, 17, 2, 8, 13, 4, 6, 7]|[0, 2, 1, 1, 2, 1, 0, 0, 2, 0, 1, 2, 1, 1, 0, 0, 0, 2, 1, 0]|[3, 0, 1, 1, 0, 1, 2, 0, 0, 0, 1, 0, 1, 1, 3, 3, 3, 0, 1, 3]|[1, 1, 1, 1, 0, 1, 0, 2, 1, 2, 1, 0, 1, 1, 0, 2, 0, 1, 1, 0];[6, 19, 16, 10, 15, 11, 18, 8, 5, 12, 17, 2, 13, 7, 9, 1, 4, 3, 0, 14]|[0, 2, 1, 1, 2, 1, 0, 0, 2, 0, 1, 2, 1, 1, 0, 0, 2, 0, 0, 0]|[3, 0, 1, 1, 0, 1, 3, 0, 0, 0, 0, 0, 0, 1, 3, 3, 0, 3, 2, 3]|[0, 1, 0, 1, 0, 1, 1, 2, 1, 2, 1, 0, 1, 0, 0, 2, 1, 1, 0, 2];[19, 16, 2, 12, 5, 15, 18, 8, 10, 13, 9, 17, 11, 14, 1, 0, 7, 4, 6, 3]|[2, 1, 2, 0, 2, 0, 0, 2, 1, 1, 1, 1, 1, 0, 0, 0, 0, 2, 1, 0]|[0, 1, 0, 3, 0, 3, 3, 0, 1, 1, 1, 1, 1, 3, 3, 3, 3, 0, 1, 3]|[1, 1, 0, 2, 1, 0, 2, 0, 1, 1, 1, 1, 1, 0, 0, 2, 0, 1, 1, 0];[19, 16, 2, 12, 5, 15, 18, 8, 10, 13, 9, 17, 11, 14, 1, 0, 7, 4, 6, 3]|[2, 1, 2, 0, 2, 0, 0, 2, 1, 1, 1, 1, 1, 0, 0, 0, 0, 2, 1, 0]|[0, 1, 0, 3, 0, 3, 3, 0, 1, 1, 1, 1, 1, 3, 3, 3, 3, 0, 1, 3]|[1, 1, 0, 2, 1, 0, 2, 0, 1, 1, 1, 1, 1, 0, 0, 2, 0, 1, 1, 0];[6, 19, 16, 10, 15, 11, 18, 8, 5, 12, 17, 2, 13, 7, 9, 1, 4, 3, 0, 14]|[0, 2, 1, 1, 2, 1, 0, 0, 2, 0, 1, 2, 1, 1, 0, 0, 2, 0, 0, 0]|[3, 0, 1, 1, 0, 1, 3, 0, 0, 0, 0, 0, 0, 1, 3, 3, 0, 3, 2, 3]|[0, 1, 0, 1, 0, 1, 1, 2, 1, 2, 1, 0, 1, 0, 0, 2, 1, 1, 0, 2];[0, 19, 16, 10, 15, 11, 18, 8, 5, 12, 17, 6, 7, 1, 3, 14, 9, 2, 4, 13]|[0, 2, 1, 1, 2, 1, 0, 0, 2, 0, 1, 2, 1, 1, 0, 0, 0, 2, 1, 0]|[3, 0, 1, 1, 0, 1, 3, 0, 0, 0, 1, 0, 0, 1, 3, 3, 3, 0, 1, 3]|[1, 1, 1, 0, 0, 1, 0, 2, 1, 2, 1, 0, 1, 0, 0, 2, 0, 1, 1, 0];[14, 19, 16, 2, 11, 13, 18, 0, 5, 12, 8, 10, 9, 1, 7, 3, 4, 17, 6, 15]|[0, 2, 1, 2, 1, 1, 0, 0, 2, 0, 2, 1, 1, 0, 0, 0, 2, 1, 1, 0]|[3, 0, 1, 0, 1, 1, 3, 3, 0, 3, 0, 1, 1, 3, 3, 3, 0, 1, 1, 3]|[0, 1, 1, 0, 1, 1, 2, 0, 1, 2, 0, 1, 1, 0, 2, 0, 1, 1, 1, 0];[14, 19, 16, 2, 11, 13, 18, 0, 5, 12, 8, 10, 9, 1, 7, 3, 4, 17, 6, 15]|[0, 2, 1, 2, 1, 1, 0, 0, 2, 0, 2, 1, 1, 0, 0, 0, 2, 1, 1, 0]|[3, 0, 1, 0, 1, 1, 3, 3, 0, 3, 0, 1, 1, 3, 3, 3, 0, 1, 1, 3]|[0, 1, 1, 0, 1, 1, 2, 0, 1, 2, 0, 1, 1, 0, 2, 0, 1, 1, 1, 0];[19, 16, 8, 0, 5, 12, 18, 10, 9, 13, 2, 17, 3, 14, 7, 15, 4, 11, 6, 1]|[2, 1, 2, 0, 2, 0, 0, 1, 1, 1, 2, 1, 0, 0, 0, 0, 2, 1, 1, 0]|[0, 1, 0, 3, 0, 3, 3, 1, 1, 1, 0, 1, 3, 3, 3, 3, 0, 1, 1, 3]|[1, 1, 0, 0, 1, 2, 0, 1, 1, 1, 0, 1, 0, 2, 2, 0, 1, 1, 1, 0];[19, 16, 8, 0, 5, 12, 18, 10, 9, 13, 2, 17, 3, 14, 7, 15, 4, 11, 6, 1]|[2, 1, 2, 0, 2, 0, 0, 1, 1, 1, 2, 1, 0, 0, 0, 0, 2, 1, 1, 0]|[0, 1, 0, 3, 0, 3, 3, 1, 1, 1, 0, 1, 3, 3, 3, 3, 0, 1, 1, 3]|[1, 1, 0, 0, 1, 2, 0, 1, 1, 1, 0, 1, 0, 2, 2, 0, 1, 1, 1, 0];[0, 19, 16, 10, 15, 11, 18, 1, 5, 12, 17, 2, 9, 13, 7, 8, 3, 4, 6, 14]|[0, 2, 1, 1, 2, 1, 0, 0, 2, 0, 1, 2, 1, 1, 0, 0, 0, 2, 1, 0]|[3, 0, 1, 1, 0, 1, 3, 0, 0, 0, 1, 0, 0, 1, 3, 3, 3, 0, 1, 3]|[1, 1, 1, 0, 0, 1, 0, 2, 1, 2, 1, 0, 1, 0, 0, 2, 0, 1, 1, 0];[0, 19, 16, 10, 15, 11, 18, 8, 5, 12, 17, 2, 7, 9, 1, 14, 6, 4, 13, 3]|[0, 2, 1, 1, 2, 1, 0, 0, 2, 0, 1, 2, 1, 1, 0, 0, 0, 2, 1, 0]|[3, 0, 1, 1, 0, 1, 3, 0, 0, 0, 1, 0, 0, 1, 3, 3, 3, 0, 1, 3]|[1, 1, 1, 0, 0, 1, 0, 2, 1, 2, 1, 0, 1, 0, 0, 2, 0, 1, 1, 0];[0, 19, 16, 10, 15, 11, 18, 1, 5, 12, 17, 6, 9, 7, 2, 14, 13, 4, 3, 8]|[0, 2, 1, 1, 2, 1, 0, 0, 2, 0, 1, 2, 1, 1, 0, 0, 0, 2, 1, 0]|[3, 0, 1, 1, 0, 1, 3, 0, 0, 0, 1, 0, 0, 1, 3, 3, 3, 0, 1, 3]|[1, 1, 1, 0, 0, 1, 0, 2, 1, 2, 1, 0, 1, 0, 0, 2, 2, 1, 1, 0];[0, 19, 16, 10, 15, 11, 18, 8, 5, 12, 17, 2, 7, 3, 1, 14, 13, 4, 6, 9]|[0, 2, 1, 1, 2, 1, 0, 0, 2, 0, 1, 2, 1, 1, 0, 0, 0, 2, 1, 0]|[3, 0, 1, 1, 0, 0, 2, 0, 0, 0, 0, 0, 0, 1, 3, 3, 3, 0, 1, 3]|[1, 1, 1, 0, 0, 1, 0, 2, 1, 2, 1, 0, 1, 0, 0, 2, 0, 1, 1, 0];[0, 19, 16, 10, 15, 11, 18, 8, 5, 12, 17, 2, 7, 3, 1, 14, 13, 4, 6, 9]|[0, 2, 1, 1, 2, 1, 0, 0, 2, 0, 1, 2, 1, 1, 0, 0, 0, 2, 1, 0]|[3, 0, 1, 1, 0, 0, 2, 0, 0, 0, 0, 0, 0, 1, 3, 3, 3, 0, 1, 3]|[1, 1, 1, 0, 0, 1, 0, 2, 1, 2, 1, 0, 1, 0, 0, 2, 0, 1, 1, 0];[0, 19, 16, 10, 15, 11, 18, 8, 5, 7, 17, 2, 9, 3, 14, 12, 6, 4, 1, 13]|[0, 2, 1, 1, 2, 1, 0, 0, 2, 0, 1, 2, 1, 1, 0, 0, 0, 2, 1, 0]|[3, 0, 1, 1, 0, 0, 2, 0, 0, 0, 0, 0, 0, 1, 3, 3, 3, 0, 1, 3]|[1, 1, 1, 0, 0, 1, 0, 2, 1, 2, 1, 0, 1, 0, 0, 2, 0, 1, 1, 2];[0, 19, 16, 10, 15, 11, 18, 8, 5, 12, 17, 6, 9, 13, 14, 3, 2, 4, 7, 1]|[0, 2, 1, 0, 2, 1, 0, 0, 2, 0, 1, 2, 1, 1, 0, 0, 0, 2, 1, 0]|[3, 0, 1, 1, 0, 1, 3, 0, 0, 0, 0, 0, 0, 1, 3, 3, 3, 0, 1, 3]|[1, 1, 1, 0, 0, 1, 0, 2, 1, 2, 1, 0, 1, 0, 0, 2, 0, 1, 1, 0];[0, 19, 16, 10, 15, 11, 18, 8, 5, 12, 17, 6, 9, 13, 14, 3, 2, 4, 7, 1]|[0, 2, 1, 0, 2, 1, 0, 0, 2, 0, 1, 2, 1, 1, 0, 0, 0, 2, 1, 0]|[3, 0, 1, 1, 0, 1, 3, 0, 0, 0, 0, 0, 0, 1, 3, 3, 3, 0, 1, 3]|[1, 1, 1, 0, 0, 1, 0, 2, 1, 2, 1, 0, 1, 0, 0, 2, 0, 1, 1, 0];[8, 19, 16, 10, 15, 11, 12, 0, 5, 1, 3, 6, 9, 13, 2, 14, 18, 4, 17, 7]|[0, 2, 1, 1, 2, 1, 0, 0, 2, 0, 1, 2, 1, 1, 0, 0, 0, 2, 1, 0]|[3, 0, 1, 1, 0, 1, 3, 3, 0, 3, 1, 0, 1, 1, 3, 3, 3, 0, 1, 3]|[0, 1, 1, 1, 0, 1, 2, 0, 1, 2, 1, 0, 1, 1, 0, 2, 0, 1, 1, 0];[0, 19, 6, 10, 15, 11, 18, 1, 5, 12, 17, 2, 13, 9, 8, 14, 7, 4, 16, 3]|[0, 2, 1, 1, 2, 1, 0, 0, 2, 0, 1, 2, 1, 1, 0, 0, 0, 2, 1, 0]|[3, 0, 1, 1, 0, 0, 2, 0, 0, 0, 0, 0, 0, 1, 3, 3, 3, 0, 1, 3]|[1, 1, 1, 0, 0, 1, 0, 2, 1, 2, 1, 0, 1, 0, 0, 2, 0, 1, 1, 0];[0, 19, 16, 10, 15, 11, 12, 18, 5, 14, 3, 6, 9, 13, 2, 8, 1, 17, 4, 7]|[0, 2, 1, 1, 2, 1, 0, 0, 2, 0, 1, 2, 1, 1, 0, 0, 0, 1, 2, 0]|[3, 0, 1, 1, 0, 1, 3, 3, 0, 3, 1, 0, 1, 1, 3, 3, 3, 1, 0, 3]|[0, 1, 1, 1, 0, 1, 2, 0, 1, 2, 1, 0, 1, 1, 0, 2, 0, 1, 1, 0];[19, 16, 10, 15, 11, 12, 5, 8, 9, 17, 6, 7, 1, 0, 14, 13, 18, 2, 4, 3]|[2, 1, 1, 2, 1, 0, 2, 0, 0, 1, 2, 1, 1, 0, 0, 0, 0, 2, 1, 0]|[0, 1, 1, 0, 1, 3, 0, 3, 3, 1, 0, 1, 1, 3, 3, 3, 3, 0, 1, 3]|[1, 1, 1, 0, 1, 2, 1, 0, 2, 1, 0, 1, 1, 0, 2, 0, 2, 1, 1, 0];[0, 19, 16, 10, 15, 11, 12, 18, 5, 14, 3, 6, 9, 13, 2, 8, 1, 17, 4, 7]|[0, 2, 1, 1, 2, 1, 0, 0, 2, 0, 1, 2, 1, 1, 0, 0, 0, 1, 2, 0]|[3, 0, 1, 1, 0, 1, 3, 3, 0, 3, 1, 0, 1, 1, 3, 3, 3, 1, 0, 3]|[0, 1, 1, 1, 0, 1, 2, 0, 1, 2, 1, 0, 1, 1, 0, 2, 0, 1, 1, 0];[19, 16, 10, 15, 11, 12, 5, 8, 9, 17, 6, 7, 1, 0, 14, 13, 18, 2, 4, 3]|[2, 1, 1, 2, 1, 0, 2, 0, 0, 1, 2, 1, 1, 0, 0, 0, 0, 2, 1, 0]|[0, 1, 1, 0, 1, 3, 0, 3, 3, 1, 0, 1, 1, 3, 3, 3, 3, 0, 1, 3]|[1, 1, 1, 0, 1, 2, 1, 0, 2, 1, 0, 1, 1, 0, 2, 0, 2, 1, 1, 0];[0, 19, 16, 10, 15, 11, 18, 8, 5, 7, 17, 6, 9, 12, 14, 2, 1, 4, 13, 3]|[0, 2, 1, 1, 2, 1, 0, 0, 2, 0, 0, 2, 0, 1, 0, 0, 0, 2, 1, 0]|[3, 0, 1, 1, 0, 0, 2, 0, 0, 0, 0, 0, 0, 1, 3, 3, 3, 0, 1, 3]|[1, 1, 1, 0, 0, 1, 0, 2, 1, 2, 1, 0, 1, 0, 0, 2, 0, 1, 1, 1];[19, 16, 10, 15, 11, 12, 6, 5, 7, 9, 2, 17, 18, 13, 0, 8, 3, 4, 14, 1]|[2, 1, 1, 2, 1, 0, 2, 0, 1, 1, 2, 1, 0, 0, 0, 0, 0, 2, 1, 0]|[1, 1, 1, 0, 1, 0, 0, 0, 1, 0, 0, 0, 0, 3, 3, 3, 3, 0, 1, 3]|[1, 1, 1, 0, 1, 2, 1, 2, 0, 1, 0, 1, 2, 0, 0, 0, 2, 1, 1, 0];[0, 19, 16, 10, 15, 11, 12, 18, 5, 8, 2, 17, 9, 1, 3, 14, 13, 4, 6, 7]|[0, 2, 1, 1, 2, 1, 0, 0, 2, 0, 0, 1, 1, 2, 1, 0, 0, 2, 1, 0]|[3, 0, 1, 1, 0, 1, 3, 3, 0, 3, 3, 1, 1, 0, 1, 3, 3, 0, 1, 3]|[0, 1, 1, 1, 0, 1, 2, 0, 1, 2, 0, 1, 1, 0, 1, 2, 0, 1, 1, 0];[0, 19, 6, 10, 15, 11, 18, 1, 5, 12, 17, 2, 9, 13, 8, 14, 7, 4, 16, 3]|[0, 2, 1, 1, 2, 1, 0, 0, 2, 0, 1, 2, 1, 1, 0, 0, 0, 2, 1, 0]|[3, 0, 1, 0, 1, 1, 2, 0, 0, 0, 0, 0, 0, 1, 3, 3, 3, 0, 1, 3]|[1, 1, 1, 0, 0, 1, 0, 2, 1, 2, 1, 0, 1, 0, 0, 2, 0, 1, 1, 0];[0, 19, 16, 10, 15, 11, 18, 8, 6, 12, 17, 2, 9, 7, 5, 14, 13, 4, 3, 1]|[0, 2, 1, 1, 2, 1, 0, 0, 2, 0, 1, 2, 1, 1, 0, 0, 0, 2, 1, 0]|[3, 0, 1, 1, 0, 1, 3, 0, 0, 3, 0, 0, 0, 1, 3, 3, 3, 0, 1, 3]|[1, 1, 1, 0, 0, 1, 0, 2, 1, 2, 1, 0, 1, 0, 0, 2, 0, 1, 1, 0];[14, 19, 16, 10, 15, 11, 8, 5, 2, 9, 7, 13, 1, 17, 12, 4, 0, 6, 18, 3]|[0, 2, 1, 1, 2, 1, 0, 2, 2, 1, 1, 0, 0, 0, 0, 2, 0, 0, 0, 0]|[3, 0, 1, 1, 0, 1, 0, 0, 0, 0, 1, 3, 3, 3, 0, 0, 3, 3, 3, 1]|[2, 1, 0, 0, 0, 1, 1, 1, 0, 1, 0, 0, 0, 1, 2, 1, 0, 2, 0, 1];[0, 19, 16, 10, 15, 11, 18, 8, 5, 12, 17, 6, 7, 1, 14, 13, 9, 2, 4, 3]|[0, 2, 1, 1, 2, 1, 0, 0, 2, 0, 1, 2, 0, 1, 0, 0, 0, 2, 1, 0]|[3, 0, 0, 1, 0, 1, 3, 0, 0, 0, 0, 0, 0, 1, 3, 3, 3, 0, 1, 3]|[1, 1, 1, 0, 0, 1, 0, 2, 1, 2, 1, 0, 1, 0, 0, 2, 0, 1, 1, 0];[0, 19, 16, 10, 15, 11, 18, 8, 5, 12, 17, 6, 7, 1, 14, 13, 9, 2, 4, 3]|[0, 2, 1, 1, 2, 1, 0, 0, 2, 0, 1, 2, 0, 1, 0, 0, 0, 2, 1, 0]|[3, 0, 0, 1, 0, 1, 3, 0, 0, 0, 0, 0, 0, 1, 3, 3, 3, 0, 1, 3]|[1, 1, 1, 0, 0, 1, 0, 2, 1, 2, 1, 0, 1, 0, 0, 2, 0, 1, 1, 0];[19, 16, 10, 15, 11, 12, 5, 18, 3, 6, 1, 13, 0, 9, 14, 8, 17, 4, 2, 7]|[2, 1, 1, 2, 1, 0, 2, 0, 1, 2, 1, 1, 0, 0, 0, 0, 0, 2, 1, 0]|[0, 1, 1, 0, 1, 3, 0, 3, 1, 0, 1, 1, 3, 3, 3, 3, 3, 0, 1, 3]|[1, 1, 0, 0, 1, 0, 1, 2, 1, 0, 1, 1, 0, 0, 2, 0, 2, 1, 1, 0];[0, 19, 16, 10, 15, 11, 18, 8, 5, 12, 17, 6, 9, 13, 7, 2, 14, 4, 3, 1]|[0, 2, 1, 1, 2, 1, 0, 0, 2, 0, 1, 2, 1, 1, 0, 0, 0, 2, 1, 0]|[3, 0, 1, 1, 1, 0, 1, 0, 0, 0, 0, 0, 0, 1, 3, 3, 3, 0, 1, 3]|[1, 1, 1, 0, 0, 1, 0, 2, 1, 2, 1, 0, 1, 0, 0, 2, 0, 1, 1, 0];[0, 19, 16, 10, 15, 11, 18, 8, 5, 12, 17, 6, 9, 13, 7, 2, 14, 4, 3, 1]|[0, 2, 1, 1, 2, 1, 0, 0, 2, 0, 1, 2, 1, 1, 0, 0, 0, 2, 1, 0]|[3, 0, 1, 1, 1, 0, 1, 0, 0, 0, 0, 0, 0, 1, 3, 3, 3, 0, 1, 3]|[1, 1, 1, 0, 0, 1, 0, 2, 1, 2, 1, 0, 1, 0, 0, 2, 0, 1, 1, 0];[0, 19, 16, 10, 15, 11, 12, 18, 5, 3, 17, 13, 7, 9, 14, 6, 2, 4, 8, 1]|[0, 2, 1, 0, 2, 1, 0, 0, 2, 0, 1, 2, 0, 1, 0, 0, 0, 2, 1, 0]|[3, 0, 1, 0, 0, 1, 2, 0, 0, 0, 1, 0, 0, 1, 3, 3, 3, 0, 1, 3]|[1, 1, 1, 0, 0, 1, 0, 2, 1, 2, 1, 0, 1, 0, 0, 2, 0, 1, 1, 2];[19, 16, 15, 11, 0, 6, 4, 3, 13, 17, 9, 10, 8, 18, 14, 2, 7, 5, 12, 1]|[2, 1, 2, 1, 0, 0, 2, 0, 1, 1, 1, 1, 2, 0, 0, 0, 0, 1, 2, 0]|[0, 1, 0, 1, 3, 3, 0, 3, 1, 1, 1, 1, 0, 3, 3, 3, 3, 1, 0, 3]|[1, 1, 0, 1, 0, 2, 1, 0, 1, 1, 1, 1, 0, 0, 2, 0, 2, 1, 1, 0];[19, 16, 15, 11, 0, 6, 4, 3, 13, 17, 9, 10, 8, 18, 14, 2, 7, 5, 12, 1]|[2, 1, 2, 1, 0, 0, 2, 0, 1, 1, 1, 1, 2, 0, 0, 0, 0, 1, 2, 0]|[0, 1, 0, 1, 3, 3, 0, 3, 1, 1, 1, 1, 0, 3, 3, 3, 3, 1, 0, 3]|[1, 1, 0, 1, 0, 2, 1, 0, 1, 1, 1, 1, 0, 0, 2, 0, 2, 1, 1, 0];[0, 19, 16, 10, 15, 11, 18, 3, 5, 7, 12, 2, 1, 13, 14, 6, 9, 4, 17, 8]|[0, 2, 1, 1, 2, 1, 0, 0, 2, 0, 1, 2, 1, 1, 0, 0, 0, 2, 1, 0]|[3, 0, 1, 1, 0, 1, 3, 3, 0, 3, 1, 0, 1, 1, 3, 3, 3, 0, 1, 3]|[1, 1, 1, 1, 0, 1, 0, 2, 1, 2, 1, 0, 1, 1, 0, 2, 0, 1, 1, 0];[0, 19, 16, 3, 15, 18, 1, 5, 10, 9, 2, 17, 6, 8, 12, 13, 4, 11, 7, 14]|[0, 2, 1, 1, 2, 0, 0, 2, 1, 1, 2, 1, 1, 0, 0, 0, 2, 1, 1, 0]|[2, 1, 1, 1, 0, 3, 0, 0, 1, 0, 0, 0, 1, 3, 3, 3, 0, 1, 1, 3]|[1, 1, 1, 1, 0, 0, 2, 1, 1, 1, 0, 1, 0, 0, 0, 0, 1, 1, 1, 2];[19, 6, 10, 15, 11, 2, 5, 0, 7, 9, 16, 17, 13, 4, 14, 18, 3, 8, 12, 1]|[2, 1, 1, 2, 1, 0, 2, 0, 1, 1, 2, 1, 0, 2, 1, 0, 0, 0, 0, 0]|[0, 1, 1, 0, 1, 3, 0, 3, 1, 0, 0, 1, 3, 0, 1, 3, 3, 3, 3, 3]|[1, 1, 0, 0, 1, 2, 1, 0, 0, 1, 0, 1, 2, 1, 1, 2, 0, 2, 0, 2];[0, 19, 5, 6, 15, 11, 18, 1, 16, 12, 4, 9, 10, 13, 14, 2, 7, 17, 3, 8]|[0, 2, 1, 1, 2, 1, 0, 0, 2, 0, 1, 2, 1, 1, 0, 0, 0, 2, 1, 0]|[3, 0, 1, 1, 0, 0, 2, 0, 0, 0, 0, 0, 0, 1, 3, 3, 3, 0, 1, 3]|[1, 1, 1, 0, 0, 1, 0, 2, 1, 2, 1, 0, 1, 0, 0, 2, 0, 1, 1, 0];[0, 19, 16, 10, 15, 11, 18, 8, 5, 12, 17, 2, 13, 7, 6, 1, 14, 4, 3, 9]|[0, 2, 1, 1, 2, 1, 0, 0, 2, 0, 1, 2, 1, 1, 0, 0, 0, 2, 0, 0]|[3, 0, 1, 1, 0, 1, 2, 0, 0, 0, 0, 0, 0, 1, 3, 3, 3, 0, 1, 3]|[1, 1, 1, 1, 0, 1, 0, 2, 1, 2, 1, 0, 1, 0, 0, 2, 2, 1, 1, 0];[19, 4, 10, 15, 11, 17, 2, 7, 9, 5, 16, 6, 12, 8, 14, 18, 3, 0, 13, 1]|[2, 1, 1, 2, 1, 1, 2, 1, 1, 2, 2, 1, 0, 0, 0, 0, 0, 0, 0, 0]|[0, 0, 1, 0, 1, 1, 0, 1, 1, 0, 0, 1, 3, 3, 3, 3, 3, 3, 3, 3]|[1, 0, 1, 0, 1, 1, 0, 1, 1, 1, 1, 1, 0, 2, 0, 2, 0, 2, 0, 0];[2, 19, 16, 4, 15, 18, 6, 12, 7, 14, 10, 3, 0, 1, 5, 9, 17, 11, 13, 8]|[0, 2, 1, 2, 2, 0, 2, 0, 1, 1, 1, 1, 0, 0, 0, 0, 2, 1, 1, 0]|[3, 1, 1, 1, 0, 2, 0, 0, 1, 0, 1, 1, 3, 0, 3, 3, 0, 1, 1, 3]|[0, 1, 1, 0, 0, 1, 1, 2, 0, 1, 1, 1, 0, 2, 2, 2, 1, 1, 1, 0];[6, 14, 2, 11, 17, 9, 3, 12, 7, 5, 1, 18, 15, 16, 10, 19, 0, 4, 13, 8]|[0, 0, 0, 1, 1, 1, 2, 1, 0, 2, 0, 0, 2, 1, 1, 2, 0, 2, 1, 0]|[3, 3, 2, 1, 1, 0, 0, 1, 0, 0, 0, 2, 0, 1, 1, 1, 3, 0, 1, 3]|[2, 2, 0, 1, 0, 1, 0, 1, 2, 1, 2, 0, 0, 1, 1, 1, 1, 1, 1, 0];[6, 19, 16, 10, 15, 11, 14, 18, 5, 17, 2, 7, 9, 0, 12, 1, 8, 4, 13, 3]|[0, 2, 1, 1, 2, 2, 0, 0, 2, 1, 2, 1, 1, 0, 0, 0, 0, 1, 1, 0]|[0, 0, 1, 1, 0, 1, 3, 3, 0, 1, 0, 1, 1, 3, 2, 3, 3, 0, 1, 0]|[0, 1, 1, 0, 0, 0, 2, 2, 1, 1, 0, 1, 1, 0, 1, 0, 0, 0, 1, 2];[19, 16, 10, 15, 11, 12, 8, 2, 1, 5, 6, 3, 7, 14, 4, 9, 17, 0, 13, 18]|[2, 1, 1, 2, 1, 1, 1, 0, 0, 2, 2, 0, 0, 0, 2, 0, 0, 0, 0, 0]|[0, 1, 1, 0, 1, 1, 0, 3, 3, 0, 0, 3, 3, 3, 0, 3, 3, 3, 3, 3]|[1, 1, 0, 0, 1, 0, 1, 0, 2, 1, 0, 0, 2, 0, 1, 0, 0, 2, 0, 0];[9, 5, 7, 18, 16, 11, 15, 2, 19, 6, 12, 8, 17, 3, 14, 13, 0, 4, 10, 1]|[0, 2, 0, 0, 1, 1, 2, 1, 2, 0, 1, 2, 1, 1, 0, 0, 0, 2, 1, 0]|[2, 0, 0, 0, 0, 1, 0, 1, 1, 3, 1, 0, 0, 1, 3, 3, 3, 0, 1, 1]|[1, 1, 2, 1, 0, 1, 0, 1, 1, 0, 1, 0, 1, 0, 0, 2, 0, 1, 1, 2];[19, 16, 10, 15, 11, 6, 14, 8, 5, 17, 2, 7, 9, 3, 12, 18, 1, 13, 4, 0]|[2, 1, 1, 2, 1, 0, 0, 0, 2, 1, 2, 1, 1, 0, 0, 0, 0, 1, 2, 0]|[0, 1, 1, 0, 1, 3, 3, 3, 0, 0, 0, 0, 1, 3, 3, 3, 3, 1, 0, 3]|[1, 1, 0, 0, 1, 0, 2, 0, 1, 1, 0, 1, 0, 2, 0, 0, 2, 1, 1, 0];[19, 16, 10, 15, 5, 12, 1, 11, 6, 7, 17, 2, 8, 13, 9, 14, 0, 4, 3, 18]|[2, 1, 1, 2, 2, 0, 1, 1, 2, 1, 1, 0, 0, 0, 0, 0, 0, 2, 1, 1]|[1, 1, 0, 0, 0, 3, 1, 0, 0, 1, 1, 0, 0, 3, 3, 3, 3, 0, 1, 1]|[0, 1, 0, 1, 1, 2, 1, 1, 0, 0, 1, 0, 0, 2, 1, 2, 0, 1, 1, 1];[19, 16, 10, 15, 5, 12, 1, 11, 6, 7, 17, 2, 8, 13, 9, 14, 0, 4, 3, 18]|[2, 1, 1, 2, 2, 0, 1, 1, 2, 1, 1, 0, 0, 0, 0, 0, 0, 2, 1, 1]|[1, 1, 0, 0, 0, 3, 1, 0, 0, 1, 1, 0, 0, 3, 3, 3, 3, 0, 1, 1]|[0, 1, 0, 1, 1, 2, 1, 1, 0, 0, 1, 0, 0, 2, 1, 2, 0, 1, 1, 1];[0, 19, 16, 1, 9, 6, 10, 12, 5, 8, 18, 7, 15, 17, 14, 2, 13, 4, 3, 11]|[0, 2, 1, 1, 1, 2, 1, 0, 2, 0, 0, 1, 2, 1, 0, 0, 0, 2, 1, 1]|[3, 0, 1, 1, 1, 0, 1, 0, 0, 3, 3, 1, 0, 1, 3, 3, 3, 0, 1, 1]|[0, 1, 1, 1, 1, 0, 1, 2, 1, 2, 1, 1, 0, 1, 0, 2, 0, 1, 1, 1];[2, 9, 0, 4, 13, 14, 8, 18, 17, 3, 11, 15, 10, 5, 19, 7, 6, 12, 16, 1]|[0, 0, 0, 2, 0, 1, 0, 0, 0, 0, 1, 2, 1, 1, 2, 0, 2, 1, 2, 0]|[3, 3, 3, 0, 3, 1, 3, 3, 3, 3, 1, 0, 1, 1, 0, 3, 0, 1, 0, 3]|[0, 2, 0, 1, 0, 1, 2, 0, 0, 0, 1, 0, 0, 1, 1, 2, 1, 1, 0, 0];[0, 19, 16, 1, 9, 6, 10, 12, 5, 8, 18, 7, 15, 17, 14, 2, 13, 4, 3, 11]|[0, 2, 1, 1, 1, 2, 1, 0, 2, 0, 0, 1, 2, 1, 0, 0, 0, 2, 1, 1]|[3, 0, 1, 1, 1, 0, 1, 0, 0, 3, 3, 1, 0, 1, 3, 3, 3, 0, 1, 1]|[0, 1, 1, 1, 1, 0, 1, 2, 1, 2, 1, 1, 0, 1, 0, 2, 0, 1, 1, 1];[2, 9, 0, 4, 13, 14, 8, 18, 17, 3, 11, 15, 10, 5, 19, 7, 6, 12, 16, 1]|[0, 0, 0, 2, 0, 1, 0, 0, 0, 0, 1, 2, 1, 1, 2, 0, 2, 1, 2, 0]|[3, 3, 3, 0, 3, 1, 3, 3, 3, 3, 1, 0, 1, 1, 0, 3, 0, 1, 0, 3]|[0, 2, 0, 1, 0, 1, 2, 0, 0, 0, 1, 0, 0, 1, 1, 2, 1, 1, 0, 0];[0, 19, 16, 10, 15, 11, 18, 14, 2, 7, 17, 5, 12, 9, 6, 8, 1, 4, 13, 3]|[0, 2, 1, 1, 2, 1, 0, 0, 2, 0, 1, 2, 1, 1, 0, 0, 0, 2, 0, 0]|[3, 0, 1, 1, 0, 0, 2, 0, 0, 0, 0, 0, 0, 1, 2, 3, 3, 0, 1, 3]|[1, 1, 1, 1, 0, 1, 0, 2, 1, 2, 1, 0, 1, 0, 0, 2, 0, 1, 1, 0];[14, 19, 16, 15, 18, 5, 12, 8, 17, 6, 10, 11, 2, 3, 9, 0, 4, 1, 7, 13]|[0, 2, 1, 2, 0, 2, 0, 0, 1, 2, 1, 1, 1, 0, 0, 0, 2, 1, 1, 0]|[3, 1, 1, 0, 2, 0, 0, 0, 0, 0, 1, 1, 1, 3, 3, 3, 0, 1, 0, 3]|[0, 1, 1, 0, 1, 1, 2, 2, 1, 0, 0, 1, 1, 0, 2, 0, 1, 0, 1, 2];[19, 16, 15, 11, 2, 13, 17, 3, 5, 9, 7, 8, 4, 1, 6, 18, 10, 14, 12, 0]|[2, 1, 2, 1, 0, 2, 1, 1, 2, 1, 0, 1, 2, 0, 0, 0, 0, 0, 0, 0]|[0, 1, 0, 1, 3, 0, 1, 0, 0, 1, 3, 1, 0, 3, 3, 3, 3, 3, 3, 3]|[1, 1, 0, 1, 0, 0, 1, 1, 1, 0, 0, 1, 1, 2, 0, 2, 0, 2, 0, 0];[1, 19, 16, 10, 4, 6, 15, 12, 2, 11, 13, 17, 9, 5, 7, 14, 18, 0, 8, 3]|[0, 2, 1, 1, 2, 0, 2, 0, 2, 1, 1, 1, 1, 2, 0, 0, 0, 0, 1, 2]|[3, 1, 1, 1, 0, 0, 0, 0, 0, 1, 1, 0, 0, 0, 3, 3, 2, 3, 1, 0]|[0, 0, 1, 1, 1, 1, 1, 2, 0, 1, 0, 1, 1, 1, 0, 2, 0, 0, 1, 1];[1, 19, 16, 10, 4, 6, 15, 12, 2, 11, 13, 17, 9, 5, 7, 14, 18, 0, 8, 3]|[0, 2, 1, 1, 2, 0, 2, 0, 2, 1, 1, 1, 1, 2, 0, 0, 0, 0, 1, 2]|[3, 1, 1, 1, 0, 0, 0, 0, 0, 1, 1, 0, 0, 0, 3, 3, 2, 3, 1, 0]|[0, 0, 1, 1, 1, 1, 1, 2, 0, 1, 0, 1, 1, 1, 0, 2, 0, 0, 1, 1];[14, 4, 16, 10, 15, 17, 1, 5, 12, 9, 3, 6, 18, 7, 2, 0, 13, 19, 11, 8]|[0, 2, 1, 1, 2, 1, 0, 2, 0, 0, 1, 2, 0, 1, 1, 0, 0, 2, 1, 0]|[2, 1, 1, 0, 0, 1, 0, 0, 0, 3, 1, 0, 3, 1, 1, 1, 3, 0, 1, 3]|[2, 1, 1, 0, 0, 1, 2, 1, 2, 0, 1, 0, 0, 0, 1, 0, 2, 1, 1, 0];[12, 19, 16, 10, 15, 11, 8, 5, 2, 17, 6, 9, 13, 0, 14, 4, 1, 7, 18, 3]|[0, 2, 1, 1, 2, 1, 0, 2, 0, 1, 2, 1, 1, 0, 0, 2, 1, 0, 0, 0]|[3, 0, 1, 1, 0, 1, 3, 0, 3, 1, 0, 0, 1, 3, 3, 0, 1, 3, 3, 3]|[2, 1, 1, 0, 0, 1, 0, 1, 2, 1, 0, 1, 0, 0, 2, 1, 1, 2, 0, 2];[0, 3, 16, 15, 2, 12, 5, 8, 19, 10, 9, 7, 6, 17, 11, 13, 4, 1, 18, 14]|[0, 2, 1, 2, 1, 0, 2, 0, 0, 1, 1, 1, 2, 1, 1, 0, 2, 1, 0, 0]|[1, 1, 1, 0, 1, 0, 0, 0, 3, 1, 1, 0, 0, 0, 0, 3, 0, 0, 2, 3]|[1, 1, 1, 0, 1, 2, 1, 2, 0, 0, 0, 1, 0, 1, 1, 0, 1, 1, 0, 2];[0, 3, 16, 15, 2, 12, 5, 8, 19, 10, 9, 7, 6, 17, 11, 13, 4, 1, 18, 14]|[0, 2, 1, 2, 1, 0, 2, 0, 0, 1, 1, 1, 2, 1, 1, 0, 2, 1, 0, 0]|[1, 1, 1, 0, 1, 0, 0, 0, 3, 1, 1, 0, 0, 0, 0, 3, 0, 0, 2, 3]|[1, 1, 1, 0, 1, 2, 1, 2, 0, 0, 0, 1, 0, 1, 1, 0, 1, 1, 0, 2];[0, 19, 16, 15, 7, 18, 9, 17, 10, 11, 13, 2, 14, 12, 4, 6, 5, 3, 1, 8]|[0, 2, 1, 2, 1, 0, 1, 1, 1, 1, 1, 0, 0, 0, 2, 2, 2, 1, 0, 0]|[2, 0, 1, 1, 0, 1, 0, 0, 1, 0, 1, 3, 3, 0, 0, 0, 0, 1, 3, 0]|[0, 1, 1, 0, 0, 1, 1, 1, 0, 1, 0, 2, 0, 2, 1, 0, 1, 1, 0, 2];[0, 19, 5, 4, 10, 16, 12, 6, 14, 11, 8, 15, 2, 3, 17, 9, 13, 18, 7, 1]|[0, 2, 1, 1, 2, 1, 0, 0, 2, 0, 0, 1, 2, 0, 1, 2, 1, 1, 0, 0]|[0, 0, 1, 1, 0, 0, 3, 0, 0, 3, 2, 1, 0, 3, 0, 0, 0, 1, 3, 3]|[1, 1, 1, 0, 0, 1, 2, 2, 1, 0, 1, 1, 1, 0, 1, 0, 1, 0, 0, 2];[0, 19, 16, 10, 15, 11, 7, 1, 18, 17, 4, 5, 13, 6, 14, 9, 3, 2, 12, 8]|[0, 2, 1, 1, 1, 1, 0, 0, 0, 1, 2, 2, 0, 0, 2, 2, 0, 2, 1, 0]|[2, 1, 1, 1, 0, 1, 0, 0, 3, 1, 0, 0, 3, 3, 1, 1, 1, 0, 1, 3]|[0, 0, 1, 1, 0, 1, 2, 2, 1, 1, 1, 1, 0, 2, 0, 1, 1, 0, 1, 0];[19, 5, 10, 15, 11, 6, 3, 17, 16, 13, 2, 14, 7, 18, 9, 1, 0, 4, 8, 12]|[2, 1, 1, 2, 1, 0, 0, 1, 2, 1, 2, 0, 0, 0, 0, 0, 0, 2, 1, 0]|[0, 1, 1, 0, 1, 3, 3, 1, 0, 1, 0, 3, 3, 3, 3, 3, 3, 0, 1, 3]|[1, 1, 0, 1, 1, 0, 2, 0, 0, 1, 1, 0, 2, 0, 0, 2, 0, 1, 1, 0];[19, 5, 10, 15, 11, 6, 3, 17, 16, 13, 2, 14, 7, 18, 9, 1, 0, 4, 8, 12]|[2, 1, 1, 2, 1, 0, 0, 1, 2, 1, 2, 0, 0, 0, 0, 0, 0, 2, 1, 0]|[0, 1, 1, 0, 1, 3, 3, 1, 0, 1, 0, 3, 3, 3, 3, 3, 3, 0, 1, 3]|[1, 1, 0, 1, 1, 0, 2, 0, 0, 1, 1, 0, 2, 0, 0, 2, 0, 1, 1, 0];[0, 19, 16, 10, 15, 11, 3, 6, 2, 9, 8, 12, 13, 4, 5, 17, 14, 7, 18, 1]|[0, 2, 1, 1, 2, 1, 0, 1, 2, 1, 1, 0, 0, 2, 2, 1, 0, 0, 0, 0]|[2, 1, 0, 1, 0, 0, 3, 0, 0, 0, 1, 0, 3, 0, 0, 1, 3, 3, 3, 0]|[1, 1, 1, 0, 0, 1, 0, 1, 0, 1, 0, 2, 2, 1, 1, 1, 0, 2, 0, 2];[0, 19, 16, 10, 15, 11, 3, 6, 2, 9, 8, 12, 13, 4, 5, 17, 14, 7, 18, 1]|[0, 2, 1, 1, 2, 1, 0, 1, 2, 1, 1, 0, 0, 2, 2, 1, 0, 0, 0, 0]|[2, 1, 0, 1, 0, 0, 3, 0, 0, 0, 1, 0, 3, 0, 0, 1, 3, 3, 3, 0]|[1, 1, 1, 0, 0, 1, 0, 1, 0, 1, 0, 2, 2, 1, 1, 1, 0, 2, 0, 2];[0, 19, 8, 18, 11, 2, 14, 13, 9, 6, 17, 12, 4, 7, 15, 16, 10, 5, 3, 1]|[0, 2, 0, 0, 1, 2, 0, 1, 1, 2, 1, 0, 2, 0, 2, 1, 1, 2, 1, 0]|[3, 0, 0, 0, 1, 1, 3, 1, 0, 0, 0, 0, 0, 3, 1, 1, 1, 0, 1, 3]|[1, 1, 2, 0, 1, 1, 0, 0, 1, 0, 1, 2, 1, 2, 0, 1, 1, 1, 1, 0];[16, 10, 15, 11, 3, 0, 7, 4, 1, 17, 12, 19, 5, 8, 14, 6, 2, 13, 9, 18]|[1, 1, 2, 1, 0, 0, 1, 1, 2, 1, 0, 2, 2, 0, 0, 0, 2, 2, 1, 0]|[0, 1, 0, 1, 3, 2, 1, 0, 0, 1, 0, 1, 0, 0, 3, 3, 0, 0, 1, 3]|[1, 0, 1, 1, 1, 1, 0, 1, 0, 1, 2, 0, 1, 2, 0, 2, 1, 0, 1, 0];[16, 10, 15, 11, 3, 0, 7, 4, 1, 17, 12, 19, 5, 8, 14, 6, 2, 13, 9, 18]|[1, 1, 2, 1, 0, 0, 1, 1, 2, 1, 0, 2, 2, 0, 0, 0, 2, 2, 1, 0]|[0, 1, 0, 1, 3, 2, 1, 0, 0, 1, 0, 1, 0, 0, 3, 3, 0, 0, 1, 3]|[1, 0, 1, 1, 1, 1, 0, 1, 0, 1, 2, 0, 1, 2, 0, 2, 1, 0, 1, 0];[1, 5, 10, 7, 19, 4, 16, 14, 0, 12, 15, 11, 17, 9, 18, 3, 13, 2, 6, 8]|[0, 1, 1, 0, 2, 2, 2, 0, 1, 1, 2, 1, 1, 0, 0, 0, 0, 2, 1, 0]|[1, 1, 0, 0, 1, 1, 0, 0, 0, 0, 0, 0, 1, 3, 3, 3, 0, 0, 1, 3]|[1, 0, 1, 2, 0, 0, 1, 2, 1, 1, 1, 1, 0, 0, 0, 2, 0, 1, 1, 0];[1, 5, 10, 7, 19, 4, 16, 14, 0, 12, 15, 11, 17, 9, 18, 3, 13, 2, 6, 8]|[0, 1, 1, 0, 2, 2, 2, 0, 1, 1, 2, 1, 1, 0, 0, 0, 0, 2, 1, 0]|[1, 1, 0, 0, 1, 1, 0, 0, 0, 0, 0, 0, 1, 3, 3, 3, 0, 0, 1, 3]|[1, 0, 1, 2, 0, 0, 1, 2, 1, 1, 1, 1, 0, 0, 0, 2, 0, 1, 1, 0];[13, 19, 16, 10, 15, 11, 5, 12, 17, 2, 7, 3, 14, 6, 4, 8, 0, 9, 1, 18]|[0, 2, 1, 1, 2, 1, 2, 0, 1, 2, 1, 1, 0, 1, 2, 0, 0, 0, 0, 0]|[0, 1, 0, 1, 0, 0, 1, 3, 0, 0, 0, 1, 3, 1, 0, 0, 2, 3, 3, 3]|[1, 1, 1, 0, 0, 1, 1, 2, 1, 0, 1, 0, 2, 1, 1, 2, 1, 0, 0, 0];[13, 19, 16, 10, 15, 11, 5, 12, 17, 2, 7, 3, 14, 6, 4, 8, 0, 9, 1, 18]|[0, 2, 1, 1, 2, 1, 2, 0, 1, 2, 1, 1, 0, 1, 2, 0, 0, 0, 0, 0]|[0, 1, 0, 1, 0, 0, 1, 3, 0, 0, 0, 1, 3, 1, 0, 0, 2, 3, 3, 3]|[1, 1, 1, 0, 0, 1, 1, 2, 1, 0, 1, 0, 2, 1, 1, 2, 1, 0, 0, 0]
fc6diagRound 8	fe=229607	pool=300	target=100	rescued=0	sOriginal=[3, 12, 5, 8, 17, 11, 15, 10, 16, 19, 0, 2, 9, 6, 18, 1, 13, 4, 7, 14]|[0, 0, 2, 0, 0, 1, 2, 1, 1, 2, 0, 2, 0, 1, 0, 0, 0, 2, 0, 0]|[3, 0, 0, 0, 0, 1, 0, 1, 1, 0, 3, 0, 0, 1, 3, 3, 3, 0, 3, 3]|[0, 2, 1, 2, 2, 1, 0, 0, 1, 1, 1, 0, 1, 1, 0, 0, 2, 1, 1, 0];[12, 5, 8, 3, 11, 15, 10, 16, 19, 0, 17, 2, 9, 6, 1, 13, 14, 4, 7, 18]|[0, 2, 0, 0, 1, 2, 1, 1, 2, 0, 0, 2, 0, 1, 0, 0, 0, 2, 0, 0]|[0, 0, 0, 3, 1, 0, 1, 1, 0, 3, 0, 0, 0, 1, 3, 3, 3, 0, 3, 3]|[2, 1, 2, 0, 1, 0, 0, 1, 1, 1, 1, 0, 1, 1, 0, 2, 0, 1, 1, 0];[12, 5, 8, 7, 11, 15, 10, 16, 19, 0, 13, 3, 14, 6, 2, 17, 9, 4, 1, 18]|[0, 2, 0, 0, 1, 2, 1, 1, 2, 0, 0, 0, 0, 1, 2, 0, 0, 2, 0, 0]|[0, 0, 0, 3, 1, 0, 1, 1, 0, 3, 3, 3, 3, 1, 0, 0, 0, 0, 3, 3]|[2, 1, 2, 0, 1, 0, 0, 1, 1, 1, 0, 2, 0, 0, 0, 1, 1, 1, 1, 0];[0, 19, 16, 10, 15, 11, 12, 18, 5, 3, 17, 2, 7, 9, 6, 14, 8, 4, 13, 1]|[0, 2, 1, 1, 2, 1, 0, 0, 2, 0, 1, 2, 1, 1, 0, 0, 0, 2, 1, 0]|[3, 0, 1, 1, 0, 1, 2, 0, 0, 0, 1, 0, 1, 1, 3, 3, 3, 0, 1, 3]|[1, 1, 1, 0, 0, 1, 0, 2, 1, 2, 1, 0, 1, 1, 0, 2, 0, 1, 1, 0];[19, 16, 10, 15, 12, 3, 5, 1, 18, 11, 6, 17, 9, 2, 13, 7, 14, 4, 0, 8]|[2, 1, 1, 2, 1, 0, 2, 0, 0, 1, 2, 1, 1, 0, 0, 0, 1, 2, 0, 0]|[0, 1, 1, 0, 1, 3, 0, 0, 2, 1, 0, 1, 1, 3, 3, 0, 1, 0, 3, 3]|[1, 1, 1, 0, 1, 0, 1, 2, 1, 1, 0, 1, 1, 0, 0, 2, 1, 1, 0, 2];[0, 19, 16, 10, 15, 11, 18, 8, 5, 12, 17, 6, 7, 9, 14, 2, 13, 4, 3, 1]|[0, 2, 1, 1, 2, 1, 0, 0, 2, 0, 1, 2, 1, 1, 0, 0, 0, 2, 1, 1]|[3, 0, 1, 1, 0, 1, 3, 0, 0, 0, 1, 0, 0, 1, 3, 3, 3, 0, 1, 1]|[1, 1, 1, 0, 0, 1, 0, 2, 1, 2, 1, 0, 1, 0, 0, 2, 0, 1, 1, 1];[0, 19, 16, 10, 15, 11, 18, 8, 5, 12, 3, 6, 9, 17, 2, 1, 13, 4, 14, 7]|[0, 2, 1, 1, 2, 1, 0, 0, 2, 0, 1, 2, 1, 1, 0, 0, 0, 2, 1, 0]|[3, 0, 1, 1, 0, 1, 3, 0, 0, 0, 0, 0, 0, 1, 3, 3, 3, 0, 1, 3]|[1, 1, 1, 1, 0, 0, 0, 2, 1, 2, 1, 0, 1, 1, 0, 2, 0, 1, 1, 0];[0, 19, 16, 10, 15, 11, 18, 12, 5, 7, 17, 6, 8, 9, 2, 3, 13, 4, 14, 1]|[0, 2, 1, 1, 2, 1, 0, 0, 2, 0, 1, 2, 1, 1, 0, 0, 0, 2, 1, 0]|[3, 0, 1, 1, 0, 1, 2, 0, 0, 0, 1, 0, 0, 1, 3, 3, 3, 0, 1, 3]|[1, 1, 1, 0, 0, 1, 0, 2, 1, 2, 0, 0, 1, 1, 0, 2, 0, 1, 1, 2];[12, 19, 16, 10, 15, 11, 3, 8, 5, 0, 2, 9, 6, 18, 1, 14, 4, 7, 13, 17]|[0, 2, 1, 1, 2, 1, 0, 0, 2, 0, 2, 0, 1, 0, 0, 0, 2, 0, 0, 0]|[3, 0, 1, 1, 0, 1, 0, 0, 0, 3, 0, 0, 1, 3, 3, 3, 0, 0, 3, 0]|[2, 1, 1, 0, 0, 1, 0, 2, 1, 1, 0, 1, 0, 0, 2, 0, 1, 1, 2, 1];[0, 19, 6, 10, 15, 11, 18, 8, 4, 12, 17, 2, 1, 9, 14, 3, 13, 16, 5, 7]|[0, 2, 1, 1, 2, 1, 0, 0, 2, 0, 1, 2, 1, 1, 0, 0, 0, 2, 1, 0]|[3, 0, 1, 1, 0, 1, 2, 0, 0, 0, 1, 0, 0, 1, 3, 3, 3, 0, 1, 3]|[1, 1, 1, 0, 0, 1, 0, 2, 1, 2, 1, 0, 1, 0, 0, 2, 0, 1, 1, 0];[0, 19, 16, 10, 15, 11, 18, 1, 5, 7, 12, 3, 9, 17, 2, 14, 8, 4, 13, 6]|[0, 2, 1, 1, 2, 1, 0, 0, 2, 0, 1, 2, 1, 1, 0, 0, 0, 2, 1, 0]|[3, 0, 1, 1, 0, 1, 2, 0, 0, 0, 1, 0, 0, 1, 2, 3, 3, 0, 1, 3]|[1, 1, 1, 1, 0, 1, 0, 2, 1, 2, 1, 0, 1, 0, 0, 2, 0, 1, 1, 2];[0, 19, 16, 10, 4, 11, 18, 8, 5, 12, 17, 6, 7, 1, 3, 13, 9, 15, 2, 14]|[0, 2, 1, 1, 2, 1, 0, 0, 2, 0, 1, 2, 1, 1, 0, 0, 0, 2, 1, 0]|[3, 0, 1, 1, 0, 1, 3, 0, 0, 0, 1, 0, 0, 1, 3, 3, 3, 0, 1, 3]|[1, 1, 1, 0, 0, 1, 0, 2, 1, 2, 1, 0, 1, 0, 0, 2, 0, 1, 1, 0];[0, 19, 16, 10, 15, 11, 18, 8, 5, 3, 17, 6, 7, 9, 12, 13, 14, 2, 4, 1]|[0, 2, 1, 1, 2, 1, 0, 0, 2, 0, 1, 2, 1, 1, 0, 0, 0, 2, 1, 0]|[3, 0, 1, 1, 0, 1, 3, 0, 0, 0, 1, 0, 0, 1, 3, 3, 3, 0, 1, 3]|[1, 1, 1, 0, 0, 1, 0, 2, 1, 2, 1, 0, 1, 0, 0, 2, 0, 1, 1, 0];[0, 19, 16, 10, 15, 11, 18, 8, 5, 12, 17, 6, 7, 1, 3, 14, 9, 2, 4, 13]|[0, 2, 1, 1, 2, 1, 0, 0, 2, 0, 1, 2, 1, 1, 0, 0, 0, 2, 1, 0]|[3, 0, 1, 1, 0, 1, 3, 0, 0, 0, 1, 0, 0, 1, 3, 3, 3, 0, 1, 3]|[1, 1, 1, 0, 0, 1, 0, 2, 1, 2, 1, 0, 1, 0, 0, 2, 0, 1, 1, 0];[0, 19, 16, 10, 15, 11, 18, 1, 5, 12, 17, 2, 9, 13, 7, 8, 3, 4, 6, 14]|[0, 2, 1, 1, 2, 1, 0, 0, 2, 0, 1, 2, 1, 1, 0, 0, 0, 2, 1, 0]|[3, 0, 1, 1, 0, 1, 3, 0, 0, 0, 1, 0, 0, 1, 3, 3, 3, 0, 1, 3]|[1, 1, 1, 0, 0, 1, 0, 2, 1, 2, 1, 0, 1, 0, 0, 2, 0, 1, 1, 0];[0, 19, 16, 10, 4, 6, 18, 3, 17, 14, 15, 11, 9, 8, 12, 1, 13, 5, 2, 7]|[0, 2, 1, 1, 2, 1, 0, 0, 2, 0, 1, 2, 1, 1, 0, 0, 0, 2, 1, 0]|[3, 0, 1, 1, 0, 1, 3, 0, 0, 0, 0, 0, 0, 1, 3, 3, 3, 0, 1, 3]|[1, 1, 1, 1, 0, 1, 0, 2, 1, 2, 1, 0, 1, 0, 0, 2, 0, 1, 1, 0];[12, 19, 16, 15, 8, 10, 18, 5, 0, 17, 2, 7, 1, 4, 3, 6, 14, 9, 11, 13]|[0, 2, 1, 2, 1, 1, 0, 2, 0, 1, 2, 1, 1, 2, 0, 0, 0, 1, 1, 0]|[0, 0, 1, 0, 1, 1, 3, 0, 3, 1, 0, 1, 1, 0, 3, 3, 3, 1, 1, 3]|[0, 1, 1, 0, 1, 1, 2, 1, 0, 1, 0, 1, 1, 1, 0, 2, 0, 1, 1, 0];[0, 19, 16, 10, 15, 11, 18, 8, 5, 12, 2, 6, 7, 17, 9, 1, 3, 4, 13, 14]|[0, 2, 1, 1, 2, 1, 0, 0, 2, 0, 1, 2, 1, 1, 0, 0, 0, 2, 1, 0]|[3, 0, 1, 1, 0, 1, 3, 2, 0, 0, 1, 0, 0, 1, 3, 3, 3, 0, 1, 3]|[1, 1, 1, 1, 0, 1, 0, 2, 1, 2, 1, 0, 1, 1, 0, 2, 0, 1, 1, 2];[0, 19, 16, 10, 15, 11, 12, 18, 5, 14, 3, 1, 9, 17, 2, 8, 13, 4, 6, 7]|[0, 2, 1, 1, 2, 1, 0, 0, 2, 0, 1, 2, 1, 1, 0, 0, 0, 2, 1, 0]|[3, 0, 1, 1, 0, 1, 2, 0, 0, 0, 1, 0, 1, 1, 3, 3, 3, 0, 1, 3]|[1, 1, 1, 1, 0, 1, 0, 2, 1, 2, 1, 0, 1, 1, 0, 2, 0, 1, 1, 0];[0, 19, 16, 15, 11, 8, 12, 18, 5, 3, 17, 2, 9, 10, 14, 1, 13, 4, 6, 7]|[0, 2, 1, 2, 1, 1, 0, 0, 2, 0, 1, 2, 1, 1, 0, 0, 0, 2, 1, 0]|[3, 0, 1, 0, 1, 1, 3, 3, 0, 3, 1, 0, 1, 1, 3, 3, 3, 0, 1, 3]|[2, 1, 1, 0, 1, 1, 0, 0, 1, 2, 1, 0, 1, 1, 0, 2, 0, 1, 1, 0];[0, 19, 16, 15, 11, 8, 12, 18, 5, 3, 17, 2, 9, 10, 14, 1, 13, 4, 6, 7]|[0, 2, 1, 2, 1, 1, 0, 0, 2, 0, 1, 2, 1, 1, 0, 0, 0, 2, 1, 0]|[3, 0, 1, 0, 1, 1, 3, 3, 0, 3, 1, 0, 1, 1, 3, 3, 3, 0, 1, 3]|[2, 1, 1, 0, 1, 1, 0, 0, 1, 2, 1, 0, 1, 1, 0, 2, 0, 1, 1, 0];[0, 19, 5, 15, 16, 18, 12, 4, 8, 10, 6, 7, 17, 11, 14, 13, 3, 9, 2, 1]|[0, 2, 1, 2, 1, 0, 0, 2, 0, 1, 2, 1, 1, 1, 0, 0, 0, 2, 1, 0]|[0, 0, 1, 0, 1, 3, 3, 0, 3, 1, 0, 1, 1, 1, 3, 3, 3, 0, 1, 3]|[2, 1, 1, 0, 1, 0, 0, 1, 2, 1, 0, 1, 1, 1, 0, 2, 0, 1, 1, 2];[0, 19, 16, 10, 15, 11, 12, 8, 5, 18, 17, 2, 9, 3, 6, 1, 14, 4, 7, 13]|[0, 2, 1, 1, 2, 1, 0, 0, 2, 0, 1, 2, 1, 1, 0, 0, 0, 2, 1, 0]|[3, 0, 1, 1, 0, 1, 3, 2, 0, 3, 1, 0, 1, 1, 3, 3, 3, 0, 1, 3]|[0, 1, 1, 0, 0, 1, 0, 2, 1, 2, 1, 0, 1, 1, 0, 2, 0, 1, 1, 0];[0, 19, 16, 10, 15, 11, 18, 8, 5, 12, 17, 2, 7, 9, 1, 14, 6, 4, 13, 3]|[0, 2, 1, 1, 2, 1, 0, 0, 2, 0, 1, 2, 1, 1, 0, 0, 0, 2, 1, 0]|[3, 0, 1, 1, 0, 1, 3, 0, 0, 0, 1, 0, 0, 1, 3, 3, 3, 0, 1, 3]|[1, 1, 1, 0, 0, 1, 0, 2, 1, 2, 1, 0, 1, 0, 0, 2, 0, 1, 1, 0];[0, 19, 16, 10, 15, 11, 18, 1, 5, 12, 2, 13, 9, 17, 7, 6, 3, 4, 14, 8]|[0, 2, 1, 1, 2, 1, 0, 0, 2, 0, 1, 2, 1, 1, 0, 0, 0, 2, 1, 0]|[3, 0, 1, 1, 1, 1, 2, 3, 0, 3, 1, 0, 1, 1, 3, 3, 3, 0, 1, 3]|[1, 1, 1, 0, 0, 1, 0, 2, 1, 2, 1, 0, 1, 1, 0, 2, 0, 1, 1, 0];[0, 19, 16, 10, 15, 11, 18, 1, 5, 12, 17, 6, 9, 7, 2, 14, 13, 4, 3, 8]|[0, 2, 1, 1, 2, 1, 0, 0, 2, 0, 1, 2, 1, 1, 0, 0, 0, 2, 1, 0]|[3, 0, 1, 1, 0, 1, 3, 0, 0, 0, 1, 0, 0, 1, 3, 3, 3, 0, 1, 3]|[1, 1, 1, 0, 0, 1, 0, 2, 1, 2, 1, 0, 1, 0, 0, 2, 2, 1, 1, 0];[0, 19, 16, 10, 15, 11, 12, 18, 5, 1, 7, 6, 17, 9, 14, 3, 2, 4, 8, 13]|[0, 2, 1, 1, 2, 1, 0, 0, 2, 0, 1, 2, 1, 1, 0, 0, 0, 2, 1, 0]|[3, 0, 1, 1, 0, 1, 0, 2, 0, 3, 1, 0, 1, 1, 3, 3, 3, 0, 1, 3]|[1, 1, 1, 0, 0, 1, 0, 2, 1, 2, 1, 0, 1, 0, 0, 2, 0, 1, 1, 0];[19, 10, 15, 18, 2, 5, 7, 17, 12, 8, 16, 3, 6, 9, 1, 14, 4, 13, 11, 0]|[2, 1, 2, 0, 0, 2, 0, 1, 1, 2, 1, 1, 0, 0, 0, 0, 2, 1, 1, 0]|[1, 1, 0, 2, 3, 0, 0, 1, 1, 0, 1, 1, 3, 3, 0, 3, 0, 0, 1, 3]|[1, 1, 0, 1, 0, 1, 2, 1, 1, 0, 1, 0, 0, 0, 2, 2, 1, 1, 1, 0];[14, 19, 16, 2, 11, 13, 18, 0, 5, 12, 8, 10, 9, 1, 7, 3, 4, 17, 6, 15]|[0, 2, 1, 2, 1, 1, 0, 0, 2, 0, 2, 1, 1, 0, 0, 0, 2, 1, 1, 0]|[3, 0, 1, 0, 1, 1, 3, 3, 0, 3, 0, 1, 1, 3, 3, 3, 0, 1, 1, 3]|[0, 1, 1, 0, 1, 1, 2, 0, 1, 2, 0, 1, 1, 0, 2, 0, 1, 1, 1, 0];[14, 19, 16, 2, 11, 13, 18, 0, 5, 12, 8, 10, 9, 1, 7, 3, 4, 17, 6, 15]|[0, 2, 1, 2, 1, 1, 0, 0, 2, 0, 2, 1, 1, 0, 0, 0, 2, 1, 1, 0]|[3, 0, 1, 0, 1, 1, 3, 3, 0, 3, 0, 1, 1, 3, 3, 3, 0, 1, 1, 3]|[0, 1, 1, 0, 1, 1, 2, 0, 1, 2, 0, 1, 1, 0, 2, 0, 1, 1, 1, 0];[19, 16, 8, 0, 5, 12, 18, 10, 9, 13, 2, 17, 3, 14, 7, 15, 4, 11, 6, 1]|[2, 1, 2, 0, 2, 0, 0, 1, 1, 1, 2, 1, 0, 0, 0, 0, 2, 1, 1, 0]|[0, 1, 0, 3, 0, 3, 3, 1, 1, 1, 0, 1, 3, 3, 3, 3, 0, 1, 1, 3]|[1, 1, 0, 0, 1, 2, 0, 1, 1, 1, 0, 1, 0, 2, 2, 0, 1, 1, 1, 0];[19, 16, 8, 0, 5, 12, 18, 10, 9, 13, 2, 17, 3, 14, 7, 15, 4, 11, 6, 1]|[2, 1, 2, 0, 2, 0, 0, 1, 1, 1, 2, 1, 0, 0, 0, 0, 2, 1, 1, 0]|[0, 1, 0, 3, 0, 3, 3, 1, 1, 1, 0, 1, 3, 3, 3, 3, 0, 1, 1, 3]|[1, 1, 0, 0, 1, 2, 0, 1, 1, 1, 0, 1, 0, 2, 2, 0, 1, 1, 1, 0];[0, 19, 16, 10, 15, 11, 12, 18, 5, 8, 2, 6, 9, 17, 13, 14, 3, 4, 7, 1]|[0, 2, 1, 1, 2, 1, 0, 0, 2, 0, 1, 2, 1, 1, 0, 0, 0, 2, 0, 0]|[3, 0, 1, 1, 0, 0, 2, 0, 0, 0, 1, 0, 1, 1, 3, 3, 3, 0, 1, 3]|[1, 1, 1, 0, 0, 1, 0, 2, 1, 2, 1, 0, 1, 1, 0, 2, 0, 1, 1, 0];[0, 19, 16, 8, 5, 18, 12, 15, 11, 7, 4, 3, 6, 14, 17, 1, 9, 13, 10, 2]|[0, 2, 1, 2, 2, 0, 0, 2, 1, 1, 2, 0, 0, 0, 1, 1, 1, 1, 1, 0]|[3, 0, 1, 0, 0, 0, 1, 0, 1, 1, 0, 3, 3, 3, 1, 1, 1, 1, 1, 3]|[1, 1, 1, 0, 1, 2, 0, 0, 1, 1, 1, 0, 2, 0, 1, 1, 1, 1, 1, 1];[19, 16, 2, 12, 5, 15, 18, 8, 10, 13, 9, 17, 11, 14, 1, 0, 7, 4, 6, 3]|[2, 1, 2, 0, 2, 0, 0, 2, 1, 1, 1, 1, 1, 0, 0, 0, 0, 2, 1, 0]|[0, 1, 0, 3, 0, 3, 3, 0, 1, 1, 1, 1, 1, 3, 3, 3, 3, 0, 1, 3]|[1, 1, 0, 2, 1, 0, 2, 0, 1, 1, 1, 1, 1, 0, 0, 2, 0, 1, 1, 0];[19, 16, 2, 12, 5, 15, 18, 8, 10, 13, 9, 17, 11, 14, 1, 0, 7, 4, 6, 3]|[2, 1, 2, 0, 2, 0, 0, 2, 1, 1, 1, 1, 1, 0, 0, 0, 0, 2, 1, 0]|[0, 1, 0, 3, 0, 3, 3, 0, 1, 1, 1, 1, 1, 3, 3, 3, 3, 0, 1, 3]|[1, 1, 0, 2, 1, 0, 2, 0, 1, 1, 1, 1, 1, 0, 0, 2, 0, 1, 1, 0];[0, 19, 16, 10, 15, 11, 18, 8, 5, 12, 3, 6, 9, 7, 14, 13, 1, 4, 2, 17]|[0, 2, 1, 1, 2, 1, 0, 0, 2, 0, 1, 2, 1, 1, 0, 0, 0, 2, 1, 0]|[3, 0, 1, 1, 0, 1, 3, 2, 0, 3, 1, 0, 1, 1, 3, 3, 3, 0, 1, 3]|[1, 1, 1, 0, 0, 1, 0, 2, 1, 2, 1, 0, 1, 1, 0, 2, 0, 1, 1, 2];[19, 16, 10, 15, 11, 12, 6, 5, 7, 9, 2, 17, 18, 13, 0, 8, 3, 4, 14, 1]|[2, 1, 1, 2, 1, 0, 2, 0, 1, 1, 2, 1, 0, 0, 0, 0, 0, 2, 1, 0]|[1, 1, 1, 0, 1, 0, 0, 0, 1, 0, 0, 0, 0, 3, 3, 3, 3, 0, 1, 3]|[1, 1, 1, 0, 1, 2, 1, 2, 0, 1, 0, 1, 2, 0, 0, 0, 2, 1, 1, 0];[0, 19, 16, 3, 15, 18, 1, 5, 10, 9, 2, 17, 6, 8, 12, 13, 4, 11, 7, 14]|[0, 2, 1, 1, 2, 0, 0, 2, 1, 1, 2, 1, 1, 0, 0, 0, 2, 1, 1, 0]|[2, 1, 1, 1, 0, 3, 0, 0, 1, 0, 0, 0, 1, 3, 3, 3, 0, 1, 1, 3]|[1, 1, 1, 1, 0, 0, 2, 1, 1, 1, 0, 1, 0, 0, 0, 0, 1, 1, 1, 2];[0, 19, 6, 10, 15, 11, 18, 1, 5, 12, 17, 2, 13, 9, 8, 14, 7, 4, 16, 3]|[0, 2, 1, 1, 2, 1, 0, 0, 2, 0, 1, 2, 1, 1, 0, 0, 0, 2, 1, 0]|[3, 0, 1, 1, 0, 0, 2, 0, 0, 0, 0, 0, 0, 1, 3, 3, 3, 0, 1, 3]|[1, 1, 1, 0, 0, 1, 0, 2, 1, 2, 1, 0, 1, 0, 0, 2, 0, 1, 1, 0];[8, 19, 16, 10, 15, 11, 12, 0, 5, 1, 3, 6, 9, 13, 2, 14, 18, 4, 17, 7]|[0, 2, 1, 1, 2, 1, 0, 0, 2, 0, 1, 2, 1, 1, 0, 0, 0, 2, 1, 0]|[3, 0, 1, 1, 0, 1, 3, 3, 0, 3, 1, 0, 1, 1, 3, 3, 3, 0, 1, 3]|[0, 1, 1, 1, 0, 1, 2, 0, 1, 2, 1, 0, 1, 1, 0, 2, 0, 1, 1, 0];[0, 19, 6, 10, 15, 11, 18, 1, 5, 12, 17, 2, 9, 13, 8, 14, 7, 4, 16, 3]|[0, 2, 1, 1, 2, 1, 0, 0, 2, 0, 1, 2, 1, 1, 0, 0, 0, 2, 1, 0]|[3, 0, 1, 0, 1, 1, 2, 0, 0, 0, 0, 0, 0, 1, 3, 3, 3, 0, 1, 3]|[1, 1, 1, 0, 0, 1, 0, 2, 1, 2, 1, 0, 1, 0, 0, 2, 0, 1, 1, 0];[8, 19, 16, 10, 15, 11, 12, 0, 5, 1, 3, 6, 9, 13, 2, 14, 18, 4, 17, 7]|[0, 2, 1, 1, 2, 1, 0, 0, 2, 0, 1, 2, 1, 1, 0, 0, 0, 2, 1, 0]|[3, 0, 1, 1, 0, 1, 3, 3, 0, 3, 1, 0, 1, 1, 3, 3, 3, 0, 1, 3]|[0, 1, 1, 1, 0, 1, 2, 0, 1, 2, 1, 0, 1, 1, 0, 2, 0, 1, 1, 0];[19, 16, 10, 15, 11, 12, 5, 8, 9, 17, 6, 7, 1, 0, 14, 13, 18, 2, 4, 3]|[2, 1, 1, 2, 1, 0, 2, 0, 0, 1, 2, 1, 1, 0, 0, 0, 0, 2, 1, 0]|[0, 1, 1, 0, 1, 3, 0, 3, 3, 1, 0, 1, 1, 3, 3, 3, 3, 0, 1, 3]|[1, 1, 1, 0, 1, 2, 1, 0, 2, 1, 0, 1, 1, 0, 2, 0, 2, 1, 1, 0];[19, 16, 10, 15, 11, 12, 5, 8, 9, 17, 6, 7, 1, 0, 14, 13, 18, 2, 4, 3]|[2, 1, 1, 2, 1, 0, 2, 0, 0, 1, 2, 1, 1, 0, 0, 0, 0, 2, 1, 0]|[0, 1, 1, 0, 1, 3, 0, 3, 3, 1, 0, 1, 1, 3, 3, 3, 3, 0, 1, 3]|[1, 1, 1, 0, 1, 2, 1, 0, 2, 1, 0, 1, 1, 0, 2, 0, 2, 1, 1, 0];[19, 16, 2, 15, 11, 8, 5, 12, 7, 6, 9, 17, 0, 1, 10, 18, 13, 4, 14, 3]|[2, 1, 0, 2, 1, 0, 2, 0, 0, 2, 0, 1, 0, 0, 0, 0, 0, 2, 1, 0]|[0, 1, 3, 0, 1, 0, 0, 0, 3, 0, 0, 1, 3, 3, 3, 3, 3, 0, 1, 3]|[1, 1, 2, 0, 1, 0, 1, 2, 1, 0, 1, 0, 0, 2, 0, 1, 0, 1, 1, 0];[19, 16, 2, 15, 11, 8, 5, 12, 7, 6, 9, 17, 0, 1, 10, 18, 13, 4, 14, 3]|[2, 1, 0, 2, 1, 0, 2, 0, 0, 2, 0, 1, 0, 0, 0, 0, 0, 2, 1, 0]|[0, 1, 3, 0, 1, 0, 0, 0, 3, 0, 0, 1, 3, 3, 3, 3, 3, 0, 1, 3]|[1, 1, 2, 0, 1, 0, 1, 2, 1, 0, 1, 0, 0, 2, 0, 1, 0, 1, 1, 0];[0, 19, 16, 10, 15, 11, 12, 1, 5, 18, 17, 2, 8, 13, 6, 3, 9, 4, 7, 14]|[0, 2, 1, 1, 2, 1, 0, 0, 2, 0, 1, 2, 1, 1, 0, 0, 0, 2, 1, 0]|[3, 0, 1, 1, 0, 1, 0, 0, 1, 0, 1, 0, 0, 1, 3, 3, 3, 0, 1, 3]|[1, 1, 1, 0, 0, 1, 0, 2, 1, 2, 1, 0, 1, 0, 0, 2, 0, 1, 1, 0];[0, 19, 16, 10, 15, 11, 12, 18, 5, 14, 3, 6, 9, 13, 2, 8, 1, 17, 4, 7]|[0, 2, 1, 1, 2, 1, 0, 0, 2, 0, 1, 2, 1, 1, 0, 0, 0, 1, 2, 0]|[3, 0, 1, 1, 0, 1, 3, 3, 0, 3, 1, 0, 1, 1, 3, 3, 3, 1, 0, 3]|[0, 1, 1, 1, 0, 1, 2, 0, 1, 2, 1, 0, 1, 1, 0, 2, 0, 1, 1, 0];[0, 19, 16, 10, 15, 11, 12, 18, 5, 14, 3, 6, 9, 13, 2, 8, 1, 17, 4, 7]|[0, 2, 1, 1, 2, 1, 0, 0, 2, 0, 1, 2, 1, 1, 0, 0, 0, 1, 2, 0]|[3, 0, 1, 1, 0, 1, 3, 3, 0, 3, 1, 0, 1, 1, 3, 3, 3, 1, 0, 3]|[0, 1, 1, 1, 0, 1, 2, 0, 1, 2, 1, 0, 1, 1, 0, 2, 0, 1, 1, 0];[6, 14, 2, 11, 17, 9, 3, 12, 7, 5, 1, 18, 15, 16, 10, 19, 0, 4, 13, 8]|[0, 0, 0, 1, 1, 1, 2, 1, 0, 2, 0, 0, 2, 1, 1, 2, 0, 2, 1, 0]|[3, 3, 2, 1, 1, 0, 0, 1, 0, 0, 0, 2, 0, 1, 1, 1, 3, 0, 1, 3]|[2, 2, 0, 1, 0, 1, 0, 1, 2, 1, 2, 0, 0, 1, 1, 1, 1, 1, 1, 0];[0, 19, 16, 10, 15, 11, 18, 8, 5, 7, 17, 2, 9, 3, 14, 12, 6, 4, 1, 13]|[0, 2, 1, 1, 2, 1, 0, 0, 2, 0, 1, 2, 1, 1, 0, 0, 0, 2, 1, 0]|[3, 0, 1, 1, 0, 0, 2, 0, 0, 0, 0, 0, 0, 1, 3, 3, 3, 0, 1, 3]|[1, 1, 1, 0, 0, 1, 0, 2, 1, 2, 1, 0, 1, 0, 0, 2, 0, 1, 1, 2];[6, 14, 2, 11, 17, 9, 3, 12, 7, 5, 1, 18, 15, 16, 10, 19, 0, 4, 13, 8]|[0, 0, 0, 1, 1, 1, 2, 1, 0, 2, 0, 0, 2, 1, 1, 2, 0, 2, 1, 0]|[3, 3, 2, 1, 1, 0, 0, 1, 0, 0, 0, 2, 0, 1, 1, 1, 3, 0, 1, 3]|[2, 2, 0, 1, 0, 1, 0, 1, 2, 1, 2, 0, 0, 1, 1, 1, 1, 1, 1, 0];[0, 19, 16, 10, 15, 11, 18, 8, 5, 7, 17, 2, 9, 3, 14, 12, 6, 4, 1, 13]|[0, 2, 1, 1, 2, 1, 0, 0, 2, 0, 1, 2, 1, 1, 0, 0, 0, 2, 1, 0]|[3, 0, 1, 1, 0, 0, 2, 0, 0, 0, 0, 0, 0, 1, 3, 3, 3, 0, 1, 3]|[1, 1, 1, 0, 0, 1, 0, 2, 1, 2, 1, 0, 1, 0, 0, 2, 0, 1, 1, 2];[0, 19, 16, 10, 15, 11, 18, 8, 6, 12, 17, 2, 9, 7, 5, 14, 13, 4, 3, 1]|[0, 2, 1, 1, 2, 1, 0, 0, 2, 0, 1, 2, 1, 1, 0, 0, 0, 2, 1, 0]|[3, 0, 1, 1, 0, 1, 3, 0, 0, 3, 0, 0, 0, 1, 3, 3, 3, 0, 1, 3]|[1, 1, 1, 0, 0, 1, 0, 2, 1, 2, 1, 0, 1, 0, 0, 2, 0, 1, 1, 0];[0, 19, 5, 6, 15, 11, 18, 1, 16, 12, 4, 9, 10, 13, 14, 2, 7, 17, 3, 8]|[0, 2, 1, 1, 2, 1, 0, 0, 2, 0, 1, 2, 1, 1, 0, 0, 0, 2, 1, 0]|[3, 0, 1, 1, 0, 0, 2, 0, 0, 0, 0, 0, 0, 1, 3, 3, 3, 0, 1, 3]|[1, 1, 1, 0, 0, 1, 0, 2, 1, 2, 1, 0, 1, 0, 0, 2, 0, 1, 1, 0];[19, 16, 15, 11, 0, 6, 4, 3, 13, 17, 9, 10, 8, 18, 14, 2, 7, 5, 12, 1]|[2, 1, 2, 1, 0, 0, 2, 0, 1, 1, 1, 1, 2, 0, 0, 0, 0, 1, 2, 0]|[0, 1, 0, 1, 3, 3, 0, 3, 1, 1, 1, 1, 0, 3, 3, 3, 3, 1, 0, 3]|[1, 1, 0, 1, 0, 2, 1, 0, 1, 1, 1, 1, 0, 0, 2, 0, 2, 1, 1, 0];[19, 16, 15, 11, 0, 6, 4, 3, 13, 17, 9, 10, 8, 18, 14, 2, 7, 5, 12, 1]|[2, 1, 2, 1, 0, 0, 2, 0, 1, 1, 1, 1, 2, 0, 0, 0, 0, 1, 2, 0]|[0, 1, 0, 1, 3, 3, 0, 3, 1, 1, 1, 1, 0, 3, 3, 3, 3, 1, 0, 3]|[1, 1, 0, 1, 0, 2, 1, 0, 1, 1, 1, 1, 0, 0, 2, 0, 2, 1, 1, 0];[0, 19, 16, 10, 15, 11, 18, 12, 5, 1, 17, 6, 9, 7, 14, 13, 3, 4, 2, 8]|[0, 2, 1, 1, 2, 1, 0, 0, 2, 0, 1, 2, 1, 1, 0, 0, 0, 2, 1, 0]|[3, 0, 1, 1, 0, 1, 3, 3, 0, 3, 1, 0, 1, 1, 3, 3, 3, 0, 1, 3]|[1, 1, 1, 0, 0, 1, 0, 2, 1, 2, 1, 0, 1, 1, 0, 2, 0, 1, 1, 2];[14, 19, 16, 15, 18, 5, 12, 8, 17, 6, 10, 11, 2, 3, 9, 0, 4, 1, 7, 13]|[0, 2, 1, 2, 0, 2, 0, 0, 1, 2, 1, 1, 1, 0, 0, 0, 2, 1, 1, 0]|[3, 1, 1, 0, 2, 0, 0, 0, 0, 0, 1, 1, 1, 3, 3, 3, 0, 1, 0, 3]|[0, 1, 1, 0, 1, 1, 2, 2, 1, 0, 0, 1, 1, 0, 2, 0, 1, 0, 1, 2];[19, 16, 10, 15, 11, 12, 5, 18, 3, 6, 1, 13, 0, 9, 14, 8, 17, 4, 2, 7]|[2, 1, 1, 2, 1, 0, 2, 0, 1, 2, 1, 1, 0, 0, 0, 0, 0, 2, 1, 0]|[0, 1, 1, 0, 1, 3, 0, 3, 1, 0, 1, 1, 3, 3, 3, 3, 3, 0, 1, 3]|[1, 1, 0, 0, 1, 0, 1, 2, 1, 0, 1, 1, 0, 0, 2, 0, 2, 1, 1, 0];[19, 16, 10, 15, 11, 6, 14, 8, 5, 17, 2, 7, 9, 3, 12, 18, 1, 13, 4, 0]|[2, 1, 1, 2, 1, 0, 0, 0, 2, 1, 2, 1, 1, 0, 0, 0, 0, 1, 2, 0]|[0, 1, 1, 0, 1, 3, 3, 3, 0, 0, 0, 0, 1, 3, 3, 3, 3, 1, 0, 3]|[1, 1, 0, 0, 1, 0, 2, 0, 1, 1, 0, 1, 0, 2, 0, 0, 2, 1, 1, 0];[19, 16, 10, 15, 11, 12, 5, 18, 3, 6, 1, 13, 0, 9, 14, 8, 17, 4, 2, 7]|[2, 1, 1, 2, 1, 0, 2, 0, 1, 2, 1, 1, 0, 0, 0, 0, 0, 2, 1, 0]|[0, 1, 1, 0, 1, 3, 0, 3, 1, 0, 1, 1, 3, 3, 3, 3, 3, 0, 1, 3]|[1, 1, 0, 0, 1, 0, 1, 2, 1, 0, 1, 1, 0, 0, 2, 0, 2, 1, 1, 0];[0, 19, 16, 1, 9, 6, 10, 12, 5, 8, 18, 7, 15, 17, 14, 2, 13, 4, 3, 11]|[0, 2, 1, 1, 1, 2, 1, 0, 2, 0, 0, 1, 2, 1, 0, 0, 0, 2, 1, 1]|[3, 0, 1, 1, 1, 0, 1, 0, 0, 3, 3, 1, 0, 1, 3, 3, 3, 0, 1, 1]|[0, 1, 1, 1, 1, 0, 1, 2, 1, 2, 1, 1, 0, 1, 0, 2, 0, 1, 1, 1];[0, 19, 16, 1, 9, 6, 10, 12, 5, 8, 18, 7, 15, 17, 14, 2, 13, 4, 3, 11]|[0, 2, 1, 1, 1, 2, 1, 0, 2, 0, 0, 1, 2, 1, 0, 0, 0, 2, 1, 1]|[3, 0, 1, 1, 1, 0, 1, 0, 0, 3, 3, 1, 0, 1, 3, 3, 3, 0, 1, 1]|[0, 1, 1, 1, 1, 0, 1, 2, 1, 2, 1, 1, 0, 1, 0, 2, 0, 1, 1, 1];[6, 19, 16, 10, 15, 11, 18, 8, 5, 12, 17, 2, 13, 7, 9, 1, 4, 3, 0, 14]|[0, 2, 1, 1, 2, 1, 0, 0, 2, 0, 1, 2, 1, 1, 0, 0, 2, 0, 0, 0]|[3, 0, 1, 1, 0, 1, 3, 0, 0, 0, 0, 0, 0, 1, 3, 3, 0, 3, 2, 3]|[0, 1, 0, 1, 0, 1, 1, 2, 1, 2, 1, 0, 1, 0, 0, 2, 1, 1, 0, 2];[6, 19, 16, 10, 15, 11, 18, 8, 5, 12, 17, 2, 13, 7, 9, 1, 4, 3, 0, 14]|[0, 2, 1, 1, 2, 1, 0, 0, 2, 0, 1, 2, 1, 1, 0, 0, 2, 0, 0, 0]|[3, 0, 1, 1, 0, 1, 3, 0, 0, 0, 0, 0, 0, 1, 3, 3, 0, 3, 2, 3]|[0, 1, 0, 1, 0, 1, 1, 2, 1, 2, 1, 0, 1, 0, 0, 2, 1, 1, 0, 2];[0, 19, 16, 10, 15, 11, 12, 18, 5, 1, 17, 8, 9, 3, 6, 7, 2, 4, 14, 13]|[0, 2, 1, 1, 2, 1, 0, 0, 2, 0, 1, 2, 1, 1, 0, 0, 0, 2, 1, 0]|[3, 0, 1, 1, 0, 1, 3, 3, 0, 3, 1, 0, 1, 1, 3, 3, 3, 0, 1, 3]|[0, 1, 1, 0, 0, 1, 0, 2, 1, 2, 1, 0, 1, 1, 0, 2, 0, 1, 1, 0];[2, 19, 16, 10, 15, 11, 8, 5, 0, 17, 6, 7, 9, 12, 14, 18, 4, 3, 13, 1]|[0, 2, 1, 1, 2, 1, 0, 2, 0, 1, 2, 1, 1, 0, 0, 0, 2, 1, 0, 0]|[3, 0, 1, 1, 0, 1, 3, 0, 3, 1, 0, 1, 1, 3, 3, 3, 0, 1, 3, 3]|[0, 1, 1, 0, 0, 1, 2, 1, 0, 1, 0, 1, 0, 2, 0, 2, 1, 1, 0, 0];[0, 19, 16, 10, 15, 11, 12, 18, 5, 8, 2, 17, 9, 1, 3, 14, 13, 4, 6, 7]|[0, 2, 1, 1, 2, 1, 0, 0, 2, 0, 0, 1, 1, 2, 1, 0, 0, 2, 1, 0]|[3, 0, 1, 1, 0, 1, 3, 3, 0, 3, 3, 1, 1, 0, 1, 3, 3, 0, 1, 3]|[0, 1, 1, 1, 0, 1, 2, 0, 1, 2, 0, 1, 1, 0, 1, 2, 0, 1, 1, 0];[0, 19, 16, 10, 15, 11, 12, 18, 5, 8, 2, 17, 9, 1, 3, 14, 13, 4, 6, 7]|[0, 2, 1, 1, 2, 1, 0, 0, 2, 0, 0, 1, 1, 2, 1, 0, 0, 2, 1, 0]|[3, 0, 1, 1, 0, 1, 3, 3, 0, 3, 3, 1, 1, 0, 1, 3, 3, 0, 1, 3]|[0, 1, 1, 1, 0, 1, 2, 0, 1, 2, 0, 1, 1, 0, 1, 2, 0, 1, 1, 0];[11, 19, 16, 10, 15, 0, 12, 8, 5, 3, 17, 9, 6, 2, 4, 14, 18, 7, 13, 1]|[0, 2, 1, 1, 2, 1, 0, 0, 2, 1, 2, 1, 1, 1, 2, 0, 0, 0, 0, 0]|[3, 0, 1, 1, 0, 1, 3, 3, 0, 1, 0, 1, 1, 1, 0, 3, 3, 3, 3, 3]|[0, 1, 1, 1, 0, 1, 2, 0, 1, 1, 0, 1, 1, 1, 1, 2, 0, 2, 0, 0];[0, 19, 16, 10, 15, 11, 18, 1, 5, 7, 2, 6, 9, 4, 3, 14, 17, 8, 12, 13]|[0, 2, 1, 1, 2, 1, 0, 0, 2, 0, 1, 2, 1, 1, 0, 0, 0, 2, 1, 0]|[3, 0, 1, 1, 0, 0, 2, 0, 0, 0, 0, 0, 0, 1, 3, 3, 3, 0, 1, 3]|[1, 1, 1, 0, 0, 1, 0, 2, 1, 2, 1, 0, 1, 0, 0, 2, 0, 1, 1, 0];[19, 16, 10, 15, 5, 12, 1, 11, 6, 7, 17, 2, 8, 13, 9, 14, 0, 4, 3, 18]|[2, 1, 1, 2, 2, 0, 1, 1, 2, 1, 1, 0, 0, 0, 0, 0, 0, 2, 1, 1]|[1, 1, 0, 0, 0, 3, 1, 0, 0, 1, 1, 0, 0, 3, 3, 3, 3, 0, 1, 1]|[0, 1, 0, 1, 1, 2, 1, 1, 0, 0, 1, 0, 0, 2, 1, 2, 0, 1, 1, 1];[19, 16, 10, 15, 5, 12, 1, 11, 6, 7, 17, 2, 8, 13, 9, 14, 0, 4, 3, 18]|[2, 1, 1, 2, 2, 0, 1, 1, 2, 1, 1, 0, 0, 0, 0, 0, 0, 2, 1, 1]|[1, 1, 0, 0, 0, 3, 1, 0, 0, 1, 1, 0, 0, 3, 3, 3, 3, 0, 1, 1]|[0, 1, 0, 1, 1, 2, 1, 1, 0, 0, 1, 0, 0, 2, 1, 2, 0, 1, 1, 1];[0, 19, 16, 10, 15, 11, 18, 3, 5, 7, 12, 2, 1, 13, 14, 6, 9, 4, 17, 8]|[0, 2, 1, 1, 2, 1, 0, 0, 2, 0, 1, 2, 1, 1, 0, 0, 0, 2, 1, 0]|[3, 0, 1, 1, 0, 1, 3, 3, 0, 3, 1, 0, 1, 1, 3, 3, 3, 0, 1, 3]|[1, 1, 1, 1, 0, 1, 0, 2, 1, 2, 1, 0, 1, 1, 0, 2, 0, 1, 1, 0];[19, 6, 10, 15, 11, 2, 5, 0, 7, 9, 16, 17, 13, 4, 14, 18, 3, 8, 12, 1]|[2, 1, 1, 2, 1, 0, 2, 0, 1, 1, 2, 1, 0, 2, 1, 0, 0, 0, 0, 0]|[0, 1, 1, 0, 1, 3, 0, 3, 1, 0, 0, 1, 3, 0, 1, 3, 3, 3, 3, 3]|[1, 1, 0, 0, 1, 2, 1, 0, 0, 1, 0, 1, 2, 1, 1, 2, 0, 2, 0, 2];[0, 19, 16, 10, 15, 11, 18, 3, 5, 7, 12, 2, 1, 13, 14, 6, 9, 4, 17, 8]|[0, 2, 1, 1, 2, 1, 0, 0, 2, 0, 1, 2, 1, 1, 0, 0, 0, 2, 1, 0]|[3, 0, 1, 1, 0, 1, 3, 3, 0, 3, 1, 0, 1, 1, 3, 3, 3, 0, 1, 3]|[1, 1, 1, 1, 0, 1, 0, 2, 1, 2, 1, 0, 1, 1, 0, 2, 0, 1, 1, 0];[0, 19, 16, 10, 15, 11, 18, 8, 5, 12, 17, 6, 9, 13, 14, 3, 2, 4, 7, 1]|[0, 2, 1, 0, 2, 1, 0, 0, 2, 0, 1, 2, 1, 1, 0, 0, 0, 2, 1, 0]|[3, 0, 1, 1, 0, 1, 3, 0, 0, 0, 0, 0, 0, 1, 3, 3, 3, 0, 1, 3]|[1, 1, 1, 0, 0, 1, 0, 2, 1, 2, 1, 0, 1, 0, 0, 2, 0, 1, 1, 0];[0, 19, 16, 10, 15, 11, 18, 8, 5, 12, 17, 6, 9, 13, 14, 3, 2, 4, 7, 1]|[0, 2, 1, 0, 2, 1, 0, 0, 2, 0, 1, 2, 1, 1, 0, 0, 0, 2, 1, 0]|[3, 0, 1, 1, 0, 1, 3, 0, 0, 0, 0, 0, 0, 1, 3, 3, 3, 0, 1, 3]|[1, 1, 1, 0, 0, 1, 0, 2, 1, 2, 1, 0, 1, 0, 0, 2, 0, 1, 1, 0];[0, 19, 16, 10, 15, 11, 18, 8, 5, 12, 17, 6, 7, 1, 14, 13, 9, 2, 4, 3]|[0, 2, 1, 1, 2, 1, 0, 0, 2, 0, 1, 2, 0, 1, 0, 0, 0, 2, 1, 0]|[3, 0, 0, 1, 0, 1, 3, 0, 0, 0, 0, 0, 0, 1, 3, 3, 3, 0, 1, 3]|[1, 1, 1, 0, 0, 1, 0, 2, 1, 2, 1, 0, 1, 0, 0, 2, 0, 1, 1, 0];[0, 19, 16, 10, 15, 11, 18, 8, 5, 12, 17, 6, 7, 1, 14, 13, 9, 2, 4, 3]|[0, 2, 1, 1, 2, 1, 0, 0, 2, 0, 1, 2, 0, 1, 0, 0, 0, 2, 1, 0]|[3, 0, 0, 1, 0, 1, 3, 0, 0, 0, 0, 0, 0, 1, 3, 3, 3, 0, 1, 3]|[1, 1, 1, 0, 0, 1, 0, 2, 1, 2, 1, 0, 1, 0, 0, 2, 0, 1, 1, 0];[0, 19, 16, 10, 15, 11, 12, 18, 5, 1, 7, 6, 2, 9, 8, 14, 3, 4, 17, 13]|[0, 2, 1, 1, 2, 1, 0, 0, 2, 0, 0, 2, 1, 1, 0, 0, 0, 2, 1, 0]|[3, 0, 1, 1, 0, 1, 3, 3, 0, 0, 1, 0, 1, 1, 3, 3, 3, 0, 1, 3]|[1, 1, 1, 0, 0, 1, 0, 2, 1, 2, 1, 0, 1, 1, 0, 2, 0, 1, 1, 0];[19, 4, 10, 15, 11, 17, 2, 7, 9, 5, 16, 6, 12, 8, 14, 18, 3, 0, 13, 1]|[2, 1, 1, 2, 1, 1, 2, 1, 1, 2, 2, 1, 0, 0, 0, 0, 0, 0, 0, 0]|[0, 0, 1, 0, 1, 1, 0, 1, 1, 0, 0, 1, 3, 3, 3, 3, 3, 3, 3, 3]|[1, 0, 1, 0, 1, 1, 0, 1, 1, 1, 1, 1, 0, 2, 0, 2, 0, 2, 0, 0];[13, 19, 16, 10, 15, 11, 14, 5, 0, 17, 6, 9, 7, 18, 1, 3, 4, 2, 8, 12]|[0, 2, 1, 1, 2, 1, 0, 2, 0, 1, 2, 1, 1, 0, 0, 0, 2, 1, 0, 0]|[3, 0, 1, 1, 0, 1, 3, 0, 3, 1, 0, 1, 1, 3, 3, 3, 0, 1, 3, 3]|[2, 1, 1, 0, 0, 1, 0, 1, 2, 1, 0, 1, 1, 0, 2, 0, 1, 1, 2, 0];[1, 19, 16, 10, 4, 6, 15, 12, 2, 11, 13, 17, 9, 5, 7, 14, 18, 0, 8, 3]|[0, 2, 1, 1, 2, 0, 2, 0, 2, 1, 1, 1, 1, 2, 0, 0, 0, 0, 1, 2]|[3, 1, 1, 1, 0, 0, 0, 0, 0, 1, 1, 0, 0, 0, 3, 3, 2, 3, 1, 0]|[0, 0, 1, 1, 1, 1, 1, 2, 0, 1, 0, 1, 1, 1, 0, 2, 0, 0, 1, 1];[1, 19, 16, 10, 4, 6, 15, 12, 2, 11, 13, 17, 9, 5, 7, 14, 18, 0, 8, 3]|[0, 2, 1, 1, 2, 0, 2, 0, 2, 1, 1, 1, 1, 2, 0, 0, 0, 0, 1, 2]|[3, 1, 1, 1, 0, 0, 0, 0, 0, 1, 1, 0, 0, 0, 3, 3, 2, 3, 1, 0]|[0, 0, 1, 1, 1, 1, 1, 2, 0, 1, 0, 1, 1, 1, 0, 2, 0, 0, 1, 1];[19, 16, 10, 15, 11, 12, 8, 2, 1, 5, 6, 3, 7, 14, 4, 9, 17, 0, 13, 18]|[2, 1, 1, 2, 1, 1, 1, 0, 0, 2, 2, 0, 0, 0, 2, 0, 0, 0, 0, 0]|[0, 1, 1, 0, 1, 1, 0, 3, 3, 0, 0, 3, 3, 3, 0, 3, 3, 3, 3, 3]|[1, 1, 0, 0, 1, 0, 1, 0, 2, 1, 0, 0, 2, 0, 1, 0, 0, 2, 0, 0];[19, 16, 10, 15, 11, 12, 8, 2, 1, 5, 6, 3, 7, 14, 4, 9, 17, 0, 13, 18]|[2, 1, 1, 2, 1, 1, 1, 0, 0, 2, 2, 0, 0, 0, 2, 0, 0, 0, 0, 0]|[0, 1, 1, 0, 1, 1, 0, 3, 3, 0, 0, 3, 3, 3, 0, 3, 3, 3, 3, 3]|[1, 1, 0, 0, 1, 0, 1, 0, 2, 1, 0, 0, 2, 0, 1, 0, 0, 2, 0, 0];[0, 19, 16, 10, 15, 11, 12, 18, 5, 1, 7, 2, 17, 9, 6, 8, 14, 4, 3, 13]|[0, 2, 1, 1, 2, 1, 0, 0, 2, 0, 1, 2, 1, 1, 0, 0, 0, 2, 1, 0]|[3, 0, 1, 1, 0, 0, 3, 3, 0, 3, 1, 0, 1, 1, 3, 3, 3, 0, 1, 3]|[0, 1, 1, 0, 0, 1, 0, 2, 1, 2, 1, 0, 1, 1, 0, 2, 0, 1, 1, 0];[19, 16, 10, 15, 8, 5, 12, 17, 6, 3, 9, 14, 1, 13, 4, 11, 7, 2, 18, 0]|[2, 1, 1, 2, 1, 2, 0, 1, 2, 1, 1, 0, 0, 0, 2, 1, 0, 0, 0, 0]|[1, 1, 0, 0, 1, 0, 3, 0, 0, 0, 1, 3, 2, 1, 0, 1, 0, 3, 3, 2]|[1, 1, 1, 0, 0, 1, 0, 1, 0, 1, 0, 0, 0, 2, 1, 1, 2, 2, 0, 2];[3, 19, 16, 10, 15, 11, 1, 5, 7, 12, 2, 9, 6, 17, 4, 14, 0, 18, 13, 8]|[0, 2, 1, 1, 2, 1, 1, 2, 0, 1, 2, 0, 1, 0, 2, 1, 0, 0, 0, 0]|[0, 1, 1, 0, 0, 1, 0, 0, 3, 0, 0, 0, 1, 3, 0, 1, 2, 1, 3, 3]|[2, 0, 1, 0, 1, 1, 1, 1, 0, 1, 0, 1, 0, 0, 1, 1, 2, 2, 0, 0];[0, 19, 8, 18, 11, 2, 14, 13, 9, 6, 17, 12, 4, 7, 15, 16, 10, 5, 3, 1]|[0, 2, 0, 0, 1, 2, 0, 1, 1, 2, 1, 0, 2, 0, 2, 1, 1, 2, 1, 0]|[3, 0, 0, 0, 1, 1, 3, 1, 0, 0, 0, 0, 0, 3, 1, 1, 1, 0, 1, 3]|[1, 1, 2, 0, 1, 1, 0, 0, 1, 0, 1, 2, 1, 2, 0, 1, 1, 1, 1, 0];[0, 19, 16, 10, 15, 11, 18, 8, 5, 7, 17, 6, 9, 12, 14, 2, 1, 4, 13, 3]|[0, 2, 1, 1, 2, 1, 0, 0, 2, 0, 0, 2, 0, 1, 0, 0, 0, 2, 1, 0]|[3, 0, 1, 1, 0, 0, 2, 0, 0, 0, 0, 0, 0, 1, 3, 3, 3, 0, 1, 3]|[1, 1, 1, 0, 0, 1, 0, 2, 1, 2, 1, 0, 1, 0, 0, 2, 0, 1, 1, 1];[0, 19, 16, 10, 15, 11, 18, 8, 5, 7, 17, 6, 9, 12, 14, 2, 1, 4, 13, 3]|[0, 2, 1, 1, 2, 1, 0, 0, 2, 0, 0, 2, 0, 1, 0, 0, 0, 2, 1, 0]|[3, 0, 1, 1, 0, 0, 2, 0, 0, 0, 0, 0, 0, 1, 3, 3, 3, 0, 1, 3]|[1, 1, 1, 0, 0, 1, 0, 2, 1, 2, 1, 0, 1, 0, 0, 2, 0, 1, 1, 1];[19, 16, 10, 15, 11, 2, 1, 13, 6, 5, 3, 12, 8, 4, 14, 17, 7, 9, 18, 0]|[2, 1, 1, 2, 1, 0, 0, 0, 1, 2, 2, 0, 0, 2, 1, 0, 0, 0, 0, 0]|[0, 1, 1, 0, 1, 3, 3, 3, 1, 0, 0, 3, 3, 0, 1, 3, 3, 3, 3, 3]|[1, 1, 0, 0, 1, 0, 2, 0, 1, 1, 0, 2, 0, 0, 1, 0, 0, 0, 2, 2];[0, 19, 16, 10, 15, 11, 7, 1, 18, 17, 4, 5, 13, 6, 14, 9, 3, 2, 12, 8]|[0, 2, 1, 1, 1, 1, 0, 0, 0, 1, 2, 2, 0, 0, 2, 2, 0, 2, 1, 0]|[2, 1, 1, 1, 0, 1, 0, 0, 3, 1, 0, 0, 3, 3, 1, 1, 1, 0, 1, 3]|[0, 0, 1, 1, 0, 1, 2, 2, 1, 1, 1, 1, 0, 2, 0, 1, 1, 0, 1, 0];[0, 19, 16, 10, 15, 11, 18, 8, 5, 12, 17, 2, 13, 7, 6, 1, 14, 4, 3, 9]|[0, 2, 1, 1, 2, 1, 0, 0, 2, 0, 1, 2, 1, 1, 0, 0, 0, 2, 0, 0]|[3, 0, 1, 1, 0, 1, 2, 0, 0, 0, 0, 0, 0, 1, 3, 3, 3, 0, 1, 3]|[1, 1, 1, 1, 0, 1, 0, 2, 1, 2, 1, 0, 1, 0, 0, 2, 2, 1, 1, 0];[0, 19, 16, 10, 15, 11, 18, 8, 5, 12, 17, 2, 13, 7, 6, 1, 14, 4, 3, 9]|[0, 2, 1, 1, 2, 1, 0, 0, 2, 0, 1, 2, 1, 1, 0, 0, 0, 2, 0, 0]|[3, 0, 1, 1, 0, 1, 2, 0, 0, 0, 0, 0, 0, 1, 3, 3, 3, 0, 1, 3]|[1, 1, 1, 1, 0, 1, 0, 2, 1, 2, 1, 0, 1, 0, 0, 2, 2, 1, 1, 0];[0, 19, 16, 15, 7, 18, 9, 17, 10, 11, 13, 2, 14, 12, 4, 6, 5, 3, 1, 8]|[0, 2, 1, 2, 1, 0, 1, 1, 1, 1, 1, 0, 0, 0, 2, 2, 2, 1, 0, 0]|[2, 0, 1, 1, 0, 1, 0, 0, 1, 0, 1, 3, 3, 0, 0, 0, 0, 1, 3, 0]|[0, 1, 1, 0, 0, 1, 1, 1, 0, 1, 0, 2, 0, 2, 1, 0, 1, 1, 0, 2]	sBp=[3, 12, 5, 8, 17, 11, 15, 10, 16, 19, 0, 2, 9, 6, 18, 1, 13, 4, 7, 14]|[0, 0, 2, 0, 0, 1, 2, 1, 1, 2, 0, 2, 0, 1, 0, 0, 0, 2, 0, 0]|[3, 0, 0, 0, 0, 1, 0, 1, 1, 0, 3, 0, 0, 1, 3, 3, 3, 0, 3, 3]|[0, 2, 1, 2, 2, 1, 0, 0, 1, 1, 1, 0, 1, 1, 0, 0, 2, 1, 1, 0];[12, 5, 8, 3, 11, 15, 10, 16, 19, 0, 17, 2, 9, 6, 1, 13, 14, 4, 7, 18]|[0, 2, 0, 0, 1, 2, 1, 1, 2, 0, 0, 2, 0, 1, 0, 0, 0, 2, 0, 0]|[0, 0, 0, 3, 1, 0, 1, 1, 0, 3, 0, 0, 0, 1, 3, 3, 3, 0, 3, 3]|[2, 1, 2, 0, 1, 0, 0, 1, 1, 1, 1, 0, 1, 1, 0, 2, 0, 1, 1, 0];[12, 5, 8, 7, 11, 15, 10, 16, 19, 0, 13, 3, 14, 6, 2, 17, 9, 4, 1, 18]|[0, 2, 0, 0, 1, 2, 1, 1, 2, 0, 0, 0, 0, 1, 2, 0, 0, 2, 0, 0]|[0, 0, 0, 3, 1, 0, 1, 1, 0, 3, 3, 3, 3, 1, 0, 0, 0, 0, 3, 3]|[2, 1, 2, 0, 1, 0, 0, 1, 1, 1, 0, 2, 0, 0, 0, 1, 1, 1, 1, 0];[0, 19, 16, 10, 15, 11, 12, 18, 5, 3, 17, 2, 7, 9, 6, 14, 8, 4, 13, 1]|[0, 2, 1, 1, 2, 1, 0, 0, 2, 0, 1, 2, 1, 1, 0, 0, 0, 2, 1, 0]|[3, 0, 1, 1, 0, 1, 2, 0, 0, 0, 1, 0, 1, 1, 3, 3, 3, 0, 1, 3]|[1, 1, 1, 0, 0, 1, 0, 2, 1, 2, 1, 0, 1, 1, 0, 2, 0, 1, 1, 0];[19, 16, 10, 15, 12, 3, 5, 1, 18, 11, 6, 17, 9, 2, 13, 7, 14, 4, 0, 8]|[2, 1, 1, 2, 1, 0, 2, 0, 0, 1, 2, 1, 1, 0, 0, 0, 1, 2, 0, 0]|[0, 1, 1, 0, 1, 3, 0, 0, 2, 1, 0, 1, 1, 3, 3, 0, 1, 0, 3, 3]|[1, 1, 1, 0, 1, 0, 1, 2, 1, 1, 0, 1, 1, 0, 0, 2, 1, 1, 0, 2];[0, 19, 16, 10, 15, 11, 18, 8, 5, 12, 17, 6, 7, 9, 14, 2, 13, 4, 3, 1]|[0, 2, 1, 1, 2, 1, 0, 0, 2, 0, 1, 2, 1, 1, 0, 0, 0, 2, 1, 1]|[3, 0, 1, 1, 0, 1, 3, 0, 0, 0, 1, 0, 0, 1, 3, 3, 3, 0, 1, 1]|[1, 1, 1, 0, 0, 1, 0, 2, 1, 2, 1, 0, 1, 0, 0, 2, 0, 1, 1, 1];[0, 19, 16, 10, 15, 11, 18, 8, 5, 12, 3, 6, 9, 17, 2, 1, 13, 4, 14, 7]|[0, 2, 1, 1, 2, 1, 0, 0, 2, 0, 1, 2, 1, 1, 0, 0, 0, 2, 1, 0]|[3, 0, 1, 1, 0, 1, 3, 0, 0, 0, 0, 0, 0, 1, 3, 3, 3, 0, 1, 3]|[1, 1, 1, 1, 0, 0, 0, 2, 1, 2, 1, 0, 1, 1, 0, 2, 0, 1, 1, 0];[0, 19, 16, 10, 15, 11, 18, 12, 5, 7, 17, 6, 8, 9, 2, 3, 13, 4, 14, 1]|[0, 2, 1, 1, 2, 1, 0, 0, 2, 0, 1, 2, 1, 1, 0, 0, 0, 2, 1, 0]|[3, 0, 1, 1, 0, 1, 2, 0, 0, 0, 1, 0, 0, 1, 3, 3, 3, 0, 1, 3]|[1, 1, 1, 0, 0, 1, 0, 2, 1, 2, 0, 0, 1, 1, 0, 2, 0, 1, 1, 2];[12, 19, 16, 10, 15, 11, 3, 8, 5, 0, 2, 9, 6, 18, 1, 14, 4, 7, 13, 17]|[0, 2, 1, 1, 2, 1, 0, 0, 2, 0, 2, 0, 1, 0, 0, 0, 2, 0, 0, 0]|[3, 0, 1, 1, 0, 1, 0, 0, 0, 3, 0, 0, 1, 3, 3, 3, 0, 0, 3, 0]|[2, 1, 1, 0, 0, 1, 0, 2, 1, 1, 0, 1, 0, 0, 2, 0, 1, 1, 2, 1];[0, 19, 6, 10, 15, 11, 18, 8, 4, 12, 17, 2, 1, 9, 14, 3, 13, 16, 5, 7]|[0, 2, 1, 1, 2, 1, 0, 0, 2, 0, 1, 2, 1, 1, 0, 0, 0, 2, 1, 0]|[3, 0, 1, 1, 0, 1, 2, 0, 0, 0, 1, 0, 0, 1, 3, 3, 3, 0, 1, 3]|[1, 1, 1, 0, 0, 1, 0, 2, 1, 2, 1, 0, 1, 0, 0, 2, 0, 1, 1, 0];[0, 19, 16, 10, 15, 11, 18, 1, 5, 7, 12, 3, 9, 17, 2, 14, 8, 4, 13, 6]|[0, 2, 1, 1, 2, 1, 0, 0, 2, 0, 1, 2, 1, 1, 0, 0, 0, 2, 1, 0]|[3, 0, 1, 1, 0, 1, 2, 0, 0, 0, 1, 0, 0, 1, 2, 3, 3, 0, 1, 3]|[1, 1, 1, 1, 0, 1, 0, 2, 1, 2, 1, 0, 1, 0, 0, 2, 0, 1, 1, 2];[0, 19, 16, 10, 4, 11, 18, 8, 5, 12, 17, 6, 7, 1, 3, 13, 9, 15, 2, 14]|[0, 2, 1, 1, 2, 1, 0, 0, 2, 0, 1, 2, 1, 1, 0, 0, 0, 2, 1, 0]|[3, 0, 1, 1, 0, 1, 3, 0, 0, 0, 1, 0, 0, 1, 3, 3, 3, 0, 1, 3]|[1, 1, 1, 0, 0, 1, 0, 2, 1, 2, 1, 0, 1, 0, 0, 2, 0, 1, 1, 0];[0, 19, 16, 10, 15, 11, 18, 8, 5, 3, 17, 6, 7, 9, 12, 13, 14, 2, 4, 1]|[0, 2, 1, 1, 2, 1, 0, 0, 2, 0, 1, 2, 1, 1, 0, 0, 0, 2, 1, 0]|[3, 0, 1, 1, 0, 1, 3, 0, 0, 0, 1, 0, 0, 1, 3, 3, 3, 0, 1, 3]|[1, 1, 1, 0, 0, 1, 0, 2, 1, 2, 1, 0, 1, 0, 0, 2, 0, 1, 1, 0];[0, 19, 16, 10, 15, 11, 18, 8, 5, 12, 17, 6, 7, 1, 3, 14, 9, 2, 4, 13]|[0, 2, 1, 1, 2, 1, 0, 0, 2, 0, 1, 2, 1, 1, 0, 0, 0, 2, 1, 0]|[3, 0, 1, 1, 0, 1, 3, 0, 0, 0, 1, 0, 0, 1, 3, 3, 3, 0, 1, 3]|[1, 1, 1, 0, 0, 1, 0, 2, 1, 2, 1, 0, 1, 0, 0, 2, 0, 1, 1, 0];[0, 19, 16, 10, 15, 11, 18, 1, 5, 12, 17, 2, 9, 13, 7, 8, 3, 4, 6, 14]|[0, 2, 1, 1, 2, 1, 0, 0, 2, 0, 1, 2, 1, 1, 0, 0, 0, 2, 1, 0]|[3, 0, 1, 1, 0, 1, 3, 0, 0, 0, 1, 0, 0, 1, 3, 3, 3, 0, 1, 3]|[1, 1, 1, 0, 0, 1, 0, 2, 1, 2, 1, 0, 1, 0, 0, 2, 0, 1, 1, 0];[0, 19, 16, 10, 4, 6, 18, 3, 17, 14, 15, 11, 9, 8, 12, 1, 13, 5, 2, 7]|[0, 2, 1, 1, 2, 1, 0, 0, 2, 0, 1, 2, 1, 1, 0, 0, 0, 2, 1, 0]|[3, 0, 1, 1, 0, 1, 3, 0, 0, 0, 0, 0, 0, 1, 3, 3, 3, 0, 1, 3]|[1, 1, 1, 1, 0, 1, 0, 2, 1, 2, 1, 0, 1, 0, 0, 2, 0, 1, 1, 0];[12, 19, 16, 15, 8, 10, 18, 5, 0, 17, 2, 7, 1, 4, 3, 6, 14, 9, 11, 13]|[0, 2, 1, 2, 1, 1, 0, 2, 0, 1, 2, 1, 1, 2, 0, 0, 0, 1, 1, 0]|[0, 0, 1, 0, 1, 1, 3, 0, 3, 1, 0, 1, 1, 0, 3, 3, 3, 1, 1, 3]|[0, 1, 1, 0, 1, 1, 2, 1, 0, 1, 0, 1, 1, 1, 0, 2, 0, 1, 1, 0];[0, 19, 16, 10, 15, 11, 18, 8, 5, 12, 2, 6, 7, 17, 9, 1, 3, 4, 13, 14]|[0, 2, 1, 1, 2, 1, 0, 0, 2, 0, 1, 2, 1, 1, 0, 0, 0, 2, 1, 0]|[3, 0, 1, 1, 0, 1, 3, 2, 0, 0, 1, 0, 0, 1, 3, 3, 3, 0, 1, 3]|[1, 1, 1, 1, 0, 1, 0, 2, 1, 2, 1, 0, 1, 1, 0, 2, 0, 1, 1, 2];[0, 19, 16, 10, 15, 11, 12, 18, 5, 14, 3, 1, 9, 17, 2, 8, 13, 4, 6, 7]|[0, 2, 1, 1, 2, 1, 0, 0, 2, 0, 1, 2, 1, 1, 0, 0, 0, 2, 1, 0]|[3, 0, 1, 1, 0, 1, 2, 0, 0, 0, 1, 0, 1, 1, 3, 3, 3, 0, 1, 3]|[1, 1, 1, 1, 0, 1, 0, 2, 1, 2, 1, 0, 1, 1, 0, 2, 0, 1, 1, 0];[0, 19, 16, 15, 11, 8, 12, 18, 5, 3, 17, 2, 9, 10, 14, 1, 13, 4, 6, 7]|[0, 2, 1, 2, 1, 1, 0, 0, 2, 0, 1, 2, 1, 1, 0, 0, 0, 2, 1, 0]|[3, 0, 1, 0, 1, 1, 3, 3, 0, 3, 1, 0, 1, 1, 3, 3, 3, 0, 1, 3]|[2, 1, 1, 0, 1, 1, 0, 0, 1, 2, 1, 0, 1, 1, 0, 2, 0, 1, 1, 0];[0, 19, 16, 15, 11, 8, 12, 18, 5, 3, 17, 2, 9, 10, 14, 1, 13, 4, 6, 7]|[0, 2, 1, 2, 1, 1, 0, 0, 2, 0, 1, 2, 1, 1, 0, 0, 0, 2, 1, 0]|[3, 0, 1, 0, 1, 1, 3, 3, 0, 3, 1, 0, 1, 1, 3, 3, 3, 0, 1, 3]|[2, 1, 1, 0, 1, 1, 0, 0, 1, 2, 1, 0, 1, 1, 0, 2, 0, 1, 1, 0];[0, 19, 5, 15, 16, 18, 12, 4, 8, 10, 6, 7, 17, 11, 14, 13, 3, 9, 2, 1]|[0, 2, 1, 2, 1, 0, 0, 2, 0, 1, 2, 1, 1, 1, 0, 0, 0, 2, 1, 0]|[0, 0, 1, 0, 1, 3, 3, 0, 3, 1, 0, 1, 1, 1, 3, 3, 3, 0, 1, 3]|[2, 1, 1, 0, 1, 0, 0, 1, 2, 1, 0, 1, 1, 1, 0, 2, 0, 1, 1, 2];[0, 19, 16, 10, 15, 11, 12, 8, 5, 18, 17, 2, 9, 3, 6, 1, 14, 4, 7, 13]|[0, 2, 1, 1, 2, 1, 0, 0, 2, 0, 1, 2, 1, 1, 0, 0, 0, 2, 1, 0]|[3, 0, 1, 1, 0, 1, 3, 2, 0, 3, 1, 0, 1, 1, 3, 3, 3, 0, 1, 3]|[0, 1, 1, 0, 0, 1, 0, 2, 1, 2, 1, 0, 1, 1, 0, 2, 0, 1, 1, 0];[0, 19, 16, 10, 15, 11, 18, 8, 5, 12, 17, 2, 7, 9, 1, 14, 6, 4, 13, 3]|[0, 2, 1, 1, 2, 1, 0, 0, 2, 0, 1, 2, 1, 1, 0, 0, 0, 2, 1, 0]|[3, 0, 1, 1, 0, 1, 3, 0, 0, 0, 1, 0, 0, 1, 3, 3, 3, 0, 1, 3]|[1, 1, 1, 0, 0, 1, 0, 2, 1, 2, 1, 0, 1, 0, 0, 2, 0, 1, 1, 0];[0, 19, 16, 10, 15, 11, 18, 1, 5, 12, 2, 13, 9, 17, 7, 6, 3, 4, 14, 8]|[0, 2, 1, 1, 2, 1, 0, 0, 2, 0, 1, 2, 1, 1, 0, 0, 0, 2, 1, 0]|[3, 0, 1, 1, 1, 1, 2, 3, 0, 3, 1, 0, 1, 1, 3, 3, 3, 0, 1, 3]|[1, 1, 1, 0, 0, 1, 0, 2, 1, 2, 1, 0, 1, 1, 0, 2, 0, 1, 1, 0];[0, 19, 16, 10, 15, 11, 18, 1, 5, 12, 17, 6, 9, 7, 2, 14, 13, 4, 3, 8]|[0, 2, 1, 1, 2, 1, 0, 0, 2, 0, 1, 2, 1, 1, 0, 0, 0, 2, 1, 0]|[3, 0, 1, 1, 0, 1, 3, 0, 0, 0, 1, 0, 0, 1, 3, 3, 3, 0, 1, 3]|[1, 1, 1, 0, 0, 1, 0, 2, 1, 2, 1, 0, 1, 0, 0, 2, 2, 1, 1, 0];[0, 19, 16, 10, 15, 11, 12, 18, 5, 1, 7, 6, 17, 9, 14, 3, 2, 4, 8, 13]|[0, 2, 1, 1, 2, 1, 0, 0, 2, 0, 1, 2, 1, 1, 0, 0, 0, 2, 1, 0]|[3, 0, 1, 1, 0, 1, 0, 2, 0, 3, 1, 0, 1, 1, 3, 3, 3, 0, 1, 3]|[1, 1, 1, 0, 0, 1, 0, 2, 1, 2, 1, 0, 1, 0, 0, 2, 0, 1, 1, 0];[19, 10, 15, 18, 2, 5, 7, 17, 12, 8, 16, 3, 6, 9, 1, 14, 4, 13, 11, 0]|[2, 1, 2, 0, 0, 2, 0, 1, 1, 2, 1, 1, 0, 0, 0, 0, 2, 1, 1, 0]|[1, 1, 0, 2, 3, 0, 0, 1, 1, 0, 1, 1, 3, 3, 0, 3, 0, 0, 1, 3]|[1, 1, 0, 1, 0, 1, 2, 1, 1, 0, 1, 0, 0, 0, 2, 2, 1, 1, 1, 0];[14, 19, 16, 2, 11, 13, 18, 0, 5, 12, 8, 10, 9, 1, 7, 3, 4, 17, 6, 15]|[0, 2, 1, 2, 1, 1, 0, 0, 2, 0, 2, 1, 1, 0, 0, 0, 2, 1, 1, 0]|[3, 0, 1, 0, 1, 1, 3, 3, 0, 3, 0, 1, 1, 3, 3, 3, 0, 1, 1, 3]|[0, 1, 1, 0, 1, 1, 2, 0, 1, 2, 0, 1, 1, 0, 2, 0, 1, 1, 1, 0];[14, 19, 16, 2, 11, 13, 18, 0, 5, 12, 8, 10, 9, 1, 7, 3, 4, 17, 6, 15]|[0, 2, 1, 2, 1, 1, 0, 0, 2, 0, 2, 1, 1, 0, 0, 0, 2, 1, 1, 0]|[3, 0, 1, 0, 1, 1, 3, 3, 0, 3, 0, 1, 1, 3, 3, 3, 0, 1, 1, 3]|[0, 1, 1, 0, 1, 1, 2, 0, 1, 2, 0, 1, 1, 0, 2, 0, 1, 1, 1, 0];[19, 16, 8, 0, 5, 12, 18, 10, 9, 13, 2, 17, 3, 14, 7, 15, 4, 11, 6, 1]|[2, 1, 2, 0, 2, 0, 0, 1, 1, 1, 2, 1, 0, 0, 0, 0, 2, 1, 1, 0]|[0, 1, 0, 3, 0, 3, 3, 1, 1, 1, 0, 1, 3, 3, 3, 3, 0, 1, 1, 3]|[1, 1, 0, 0, 1, 2, 0, 1, 1, 1, 0, 1, 0, 2, 2, 0, 1, 1, 1, 0];[19, 16, 8, 0, 5, 12, 18, 10, 9, 13, 2, 17, 3, 14, 7, 15, 4, 11, 6, 1]|[2, 1, 2, 0, 2, 0, 0, 1, 1, 1, 2, 1, 0, 0, 0, 0, 2, 1, 1, 0]|[0, 1, 0, 3, 0, 3, 3, 1, 1, 1, 0, 1, 3, 3, 3, 3, 0, 1, 1, 3]|[1, 1, 0, 0, 1, 2, 0, 1, 1, 1, 0, 1, 0, 2, 2, 0, 1, 1, 1, 0];[0, 19, 16, 10, 15, 11, 12, 18, 5, 8, 2, 6, 9, 17, 13, 14, 3, 4, 7, 1]|[0, 2, 1, 1, 2, 1, 0, 0, 2, 0, 1, 2, 1, 1, 0, 0, 0, 2, 0, 0]|[3, 0, 1, 1, 0, 0, 2, 0, 0, 0, 1, 0, 1, 1, 3, 3, 3, 0, 1, 3]|[1, 1, 1, 0, 0, 1, 0, 2, 1, 2, 1, 0, 1, 1, 0, 2, 0, 1, 1, 0];[0, 19, 16, 8, 5, 18, 12, 15, 11, 7, 4, 3, 6, 14, 17, 1, 9, 13, 10, 2]|[0, 2, 1, 2, 2, 0, 0, 2, 1, 1, 2, 0, 0, 0, 1, 1, 1, 1, 1, 0]|[3, 0, 1, 0, 0, 0, 1, 0, 1, 1, 0, 3, 3, 3, 1, 1, 1, 1, 1, 3]|[1, 1, 1, 0, 1, 2, 0, 0, 1, 1, 1, 0, 2, 0, 1, 1, 1, 1, 1, 1];[19, 16, 2, 12, 5, 15, 18, 8, 10, 13, 9, 17, 11, 14, 1, 0, 7, 4, 6, 3]|[2, 1, 2, 0, 2, 0, 0, 2, 1, 1, 1, 1, 1, 0, 0, 0, 0, 2, 1, 0]|[0, 1, 0, 3, 0, 3, 3, 0, 1, 1, 1, 1, 1, 3, 3, 3, 3, 0, 1, 3]|[1, 1, 0, 2, 1, 0, 2, 0, 1, 1, 1, 1, 1, 0, 0, 2, 0, 1, 1, 0];[19, 16, 2, 12, 5, 15, 18, 8, 10, 13, 9, 17, 11, 14, 1, 0, 7, 4, 6, 3]|[2, 1, 2, 0, 2, 0, 0, 2, 1, 1, 1, 1, 1, 0, 0, 0, 0, 2, 1, 0]|[0, 1, 0, 3, 0, 3, 3, 0, 1, 1, 1, 1, 1, 3, 3, 3, 3, 0, 1, 3]|[1, 1, 0, 2, 1, 0, 2, 0, 1, 1, 1, 1, 1, 0, 0, 2, 0, 1, 1, 0];[0, 19, 16, 10, 15, 11, 18, 8, 5, 12, 3, 6, 9, 7, 14, 13, 1, 4, 2, 17]|[0, 2, 1, 1, 2, 1, 0, 0, 2, 0, 1, 2, 1, 1, 0, 0, 0, 2, 1, 0]|[3, 0, 1, 1, 0, 1, 3, 2, 0, 3, 1, 0, 1, 1, 3, 3, 3, 0, 1, 3]|[1, 1, 1, 0, 0, 1, 0, 2, 1, 2, 1, 0, 1, 1, 0, 2, 0, 1, 1, 2];[19, 16, 10, 15, 11, 12, 6, 5, 7, 9, 2, 17, 18, 13, 0, 8, 3, 4, 14, 1]|[2, 1, 1, 2, 1, 0, 2, 0, 1, 1, 2, 1, 0, 0, 0, 0, 0, 2, 1, 0]|[1, 1, 1, 0, 1, 0, 0, 0, 1, 0, 0, 0, 0, 3, 3, 3, 3, 0, 1, 3]|[1, 1, 1, 0, 1, 2, 1, 2, 0, 1, 0, 1, 2, 0, 0, 0, 2, 1, 1, 0];[0, 19, 16, 3, 15, 18, 1, 5, 10, 9, 2, 17, 6, 8, 12, 13, 4, 11, 7, 14]|[0, 2, 1, 1, 2, 0, 0, 2, 1, 1, 2, 1, 1, 0, 0, 0, 2, 1, 1, 0]|[2, 1, 1, 1, 0, 3, 0, 0, 1, 0, 0, 0, 1, 3, 3, 3, 0, 1, 1, 3]|[1, 1, 1, 1, 0, 0, 2, 1, 1, 1, 0, 1, 0, 0, 0, 0, 1, 1, 1, 2];[0, 19, 6, 10, 15, 11, 18, 1, 5, 12, 17, 2, 13, 9, 8, 14, 7, 4, 16, 3]|[0, 2, 1, 1, 2, 1, 0, 0, 2, 0, 1, 2, 1, 1, 0, 0, 0, 2, 1, 0]|[3, 0, 1, 1, 0, 0, 2, 0, 0, 0, 0, 0, 0, 1, 3, 3, 3, 0, 1, 3]|[1, 1, 1, 0, 0, 1, 0, 2, 1, 2, 1, 0, 1, 0, 0, 2, 0, 1, 1, 0];[8, 19, 16, 10, 15, 11, 12, 0, 5, 1, 3, 6, 9, 13, 2, 14, 18, 4, 17, 7]|[0, 2, 1, 1, 2, 1, 0, 0, 2, 0, 1, 2, 1, 1, 0, 0, 0, 2, 1, 0]|[3, 0, 1, 1, 0, 1, 3, 3, 0, 3, 1, 0, 1, 1, 3, 3, 3, 0, 1, 3]|[0, 1, 1, 1, 0, 1, 2, 0, 1, 2, 1, 0, 1, 1, 0, 2, 0, 1, 1, 0];[0, 19, 6, 10, 15, 11, 18, 1, 5, 12, 17, 2, 9, 13, 8, 14, 7, 4, 16, 3]|[0, 2, 1, 1, 2, 1, 0, 0, 2, 0, 1, 2, 1, 1, 0, 0, 0, 2, 1, 0]|[3, 0, 1, 0, 1, 1, 2, 0, 0, 0, 0, 0, 0, 1, 3, 3, 3, 0, 1, 3]|[1, 1, 1, 0, 0, 1, 0, 2, 1, 2, 1, 0, 1, 0, 0, 2, 0, 1, 1, 0];[8, 19, 16, 10, 15, 11, 12, 0, 5, 1, 3, 6, 9, 13, 2, 14, 18, 4, 17, 7]|[0, 2, 1, 1, 2, 1, 0, 0, 2, 0, 1, 2, 1, 1, 0, 0, 0, 2, 1, 0]|[3, 0, 1, 1, 0, 1, 3, 3, 0, 3, 1, 0, 1, 1, 3, 3, 3, 0, 1, 3]|[0, 1, 1, 1, 0, 1, 2, 0, 1, 2, 1, 0, 1, 1, 0, 2, 0, 1, 1, 0];[19, 16, 10, 15, 11, 12, 5, 8, 9, 17, 6, 7, 1, 0, 14, 13, 18, 2, 4, 3]|[2, 1, 1, 2, 1, 0, 2, 0, 0, 1, 2, 1, 1, 0, 0, 0, 0, 2, 1, 0]|[0, 1, 1, 0, 1, 3, 0, 3, 3, 1, 0, 1, 1, 3, 3, 3, 3, 0, 1, 3]|[1, 1, 1, 0, 1, 2, 1, 0, 2, 1, 0, 1, 1, 0, 2, 0, 2, 1, 1, 0];[19, 16, 10, 15, 11, 12, 5, 8, 9, 17, 6, 7, 1, 0, 14, 13, 18, 2, 4, 3]|[2, 1, 1, 2, 1, 0, 2, 0, 0, 1, 2, 1, 1, 0, 0, 0, 0, 2, 1, 0]|[0, 1, 1, 0, 1, 3, 0, 3, 3, 1, 0, 1, 1, 3, 3, 3, 3, 0, 1, 3]|[1, 1, 1, 0, 1, 2, 1, 0, 2, 1, 0, 1, 1, 0, 2, 0, 2, 1, 1, 0];[19, 16, 2, 15, 11, 8, 5, 12, 7, 6, 9, 17, 0, 1, 10, 18, 13, 4, 14, 3]|[2, 1, 0, 2, 1, 0, 2, 0, 0, 2, 0, 1, 0, 0, 0, 0, 0, 2, 1, 0]|[0, 1, 3, 0, 1, 0, 0, 0, 3, 0, 0, 1, 3, 3, 3, 3, 3, 0, 1, 3]|[1, 1, 2, 0, 1, 0, 1, 2, 1, 0, 1, 0, 0, 2, 0, 1, 0, 1, 1, 0];[19, 16, 2, 15, 11, 8, 5, 12, 7, 6, 9, 17, 0, 1, 10, 18, 13, 4, 14, 3]|[2, 1, 0, 2, 1, 0, 2, 0, 0, 2, 0, 1, 0, 0, 0, 0, 0, 2, 1, 0]|[0, 1, 3, 0, 1, 0, 0, 0, 3, 0, 0, 1, 3, 3, 3, 3, 3, 0, 1, 3]|[1, 1, 2, 0, 1, 0, 1, 2, 1, 0, 1, 0, 0, 2, 0, 1, 0, 1, 1, 0];[0, 19, 16, 10, 15, 11, 12, 1, 5, 18, 17, 2, 8, 13, 6, 3, 9, 4, 7, 14]|[0, 2, 1, 1, 2, 1, 0, 0, 2, 0, 1, 2, 1, 1, 0, 0, 0, 2, 1, 0]|[3, 0, 1, 1, 0, 1, 0, 0, 1, 0, 1, 0, 0, 1, 3, 3, 3, 0, 1, 3]|[1, 1, 1, 0, 0, 1, 0, 2, 1, 2, 1, 0, 1, 0, 0, 2, 0, 1, 1, 0];[0, 19, 16, 10, 15, 11, 12, 18, 5, 14, 3, 6, 9, 13, 2, 8, 1, 17, 4, 7]|[0, 2, 1, 1, 2, 1, 0, 0, 2, 0, 1, 2, 1, 1, 0, 0, 0, 1, 2, 0]|[3, 0, 1, 1, 0, 1, 3, 3, 0, 3, 1, 0, 1, 1, 3, 3, 3, 1, 0, 3]|[0, 1, 1, 1, 0, 1, 2, 0, 1, 2, 1, 0, 1, 1, 0, 2, 0, 1, 1, 0];[0, 19, 16, 10, 15, 11, 12, 18, 5, 14, 3, 6, 9, 13, 2, 8, 1, 17, 4, 7]|[0, 2, 1, 1, 2, 1, 0, 0, 2, 0, 1, 2, 1, 1, 0, 0, 0, 1, 2, 0]|[3, 0, 1, 1, 0, 1, 3, 3, 0, 3, 1, 0, 1, 1, 3, 3, 3, 1, 0, 3]|[0, 1, 1, 1, 0, 1, 2, 0, 1, 2, 1, 0, 1, 1, 0, 2, 0, 1, 1, 0];[6, 14, 2, 11, 17, 9, 3, 12, 7, 5, 1, 18, 15, 16, 10, 19, 0, 4, 13, 8]|[0, 0, 0, 1, 1, 1, 2, 1, 0, 2, 0, 0, 2, 1, 1, 2, 0, 2, 1, 0]|[3, 3, 2, 1, 1, 0, 0, 1, 0, 0, 0, 2, 0, 1, 1, 1, 3, 0, 1, 3]|[2, 2, 0, 1, 0, 1, 0, 1, 2, 1, 2, 0, 0, 1, 1, 1, 1, 1, 1, 0];[0, 19, 16, 10, 15, 11, 18, 8, 5, 7, 17, 2, 9, 3, 14, 12, 6, 4, 1, 13]|[0, 2, 1, 1, 2, 1, 0, 0, 2, 0, 1, 2, 1, 1, 0, 0, 0, 2, 1, 0]|[3, 0, 1, 1, 0, 0, 2, 0, 0, 0, 0, 0, 0, 1, 3, 3, 3, 0, 1, 3]|[1, 1, 1, 0, 0, 1, 0, 2, 1, 2, 1, 0, 1, 0, 0, 2, 0, 1, 1, 2];[6, 14, 2, 11, 17, 9, 3, 12, 7, 5, 1, 18, 15, 16, 10, 19, 0, 4, 13, 8]|[0, 0, 0, 1, 1, 1, 2, 1, 0, 2, 0, 0, 2, 1, 1, 2, 0, 2, 1, 0]|[3, 3, 2, 1, 1, 0, 0, 1, 0, 0, 0, 2, 0, 1, 1, 1, 3, 0, 1, 3]|[2, 2, 0, 1, 0, 1, 0, 1, 2, 1, 2, 0, 0, 1, 1, 1, 1, 1, 1, 0];[0, 19, 16, 10, 15, 11, 18, 8, 5, 7, 17, 2, 9, 3, 14, 12, 6, 4, 1, 13]|[0, 2, 1, 1, 2, 1, 0, 0, 2, 0, 1, 2, 1, 1, 0, 0, 0, 2, 1, 0]|[3, 0, 1, 1, 0, 0, 2, 0, 0, 0, 0, 0, 0, 1, 3, 3, 3, 0, 1, 3]|[1, 1, 1, 0, 0, 1, 0, 2, 1, 2, 1, 0, 1, 0, 0, 2, 0, 1, 1, 2];[0, 19, 16, 10, 15, 11, 18, 8, 6, 12, 17, 2, 9, 7, 5, 14, 13, 4, 3, 1]|[0, 2, 1, 1, 2, 1, 0, 0, 2, 0, 1, 2, 1, 1, 0, 0, 0, 2, 1, 0]|[3, 0, 1, 1, 0, 1, 3, 0, 0, 3, 0, 0, 0, 1, 3, 3, 3, 0, 1, 3]|[1, 1, 1, 0, 0, 1, 0, 2, 1, 2, 1, 0, 1, 0, 0, 2, 0, 1, 1, 0];[0, 19, 5, 6, 15, 11, 18, 1, 16, 12, 4, 9, 10, 13, 14, 2, 7, 17, 3, 8]|[0, 2, 1, 1, 2, 1, 0, 0, 2, 0, 1, 2, 1, 1, 0, 0, 0, 2, 1, 0]|[3, 0, 1, 1, 0, 0, 2, 0, 0, 0, 0, 0, 0, 1, 3, 3, 3, 0, 1, 3]|[1, 1, 1, 0, 0, 1, 0, 2, 1, 2, 1, 0, 1, 0, 0, 2, 0, 1, 1, 0];[19, 16, 15, 11, 0, 6, 4, 3, 13, 17, 9, 10, 8, 18, 14, 2, 7, 5, 12, 1]|[2, 1, 2, 1, 0, 0, 2, 0, 1, 1, 1, 1, 2, 0, 0, 0, 0, 1, 2, 0]|[0, 1, 0, 1, 3, 3, 0, 3, 1, 1, 1, 1, 0, 3, 3, 3, 3, 1, 0, 3]|[1, 1, 0, 1, 0, 2, 1, 0, 1, 1, 1, 1, 0, 0, 2, 0, 2, 1, 1, 0];[19, 16, 15, 11, 0, 6, 4, 3, 13, 17, 9, 10, 8, 18, 14, 2, 7, 5, 12, 1]|[2, 1, 2, 1, 0, 0, 2, 0, 1, 1, 1, 1, 2, 0, 0, 0, 0, 1, 2, 0]|[0, 1, 0, 1, 3, 3, 0, 3, 1, 1, 1, 1, 0, 3, 3, 3, 3, 1, 0, 3]|[1, 1, 0, 1, 0, 2, 1, 0, 1, 1, 1, 1, 0, 0, 2, 0, 2, 1, 1, 0];[0, 19, 16, 10, 15, 11, 18, 12, 5, 1, 17, 6, 9, 7, 14, 13, 3, 4, 2, 8]|[0, 2, 1, 1, 2, 1, 0, 0, 2, 0, 1, 2, 1, 1, 0, 0, 0, 2, 1, 0]|[3, 0, 1, 1, 0, 1, 3, 3, 0, 3, 1, 0, 1, 1, 3, 3, 3, 0, 1, 3]|[1, 1, 1, 0, 0, 1, 0, 2, 1, 2, 1, 0, 1, 1, 0, 2, 0, 1, 1, 2];[14, 19, 16, 15, 18, 5, 12, 8, 17, 6, 10, 11, 2, 3, 9, 0, 4, 1, 7, 13]|[0, 2, 1, 2, 0, 2, 0, 0, 1, 2, 1, 1, 1, 0, 0, 0, 2, 1, 1, 0]|[3, 1, 1, 0, 2, 0, 0, 0, 0, 0, 1, 1, 1, 3, 3, 3, 0, 1, 0, 3]|[0, 1, 1, 0, 1, 1, 2, 2, 1, 0, 0, 1, 1, 0, 2, 0, 1, 0, 1, 2];[19, 16, 10, 15, 11, 12, 5, 18, 3, 6, 1, 13, 0, 9, 14, 8, 17, 4, 2, 7]|[2, 1, 1, 2, 1, 0, 2, 0, 1, 2, 1, 1, 0, 0, 0, 0, 0, 2, 1, 0]|[0, 1, 1, 0, 1, 3, 0, 3, 1, 0, 1, 1, 3, 3, 3, 3, 3, 0, 1, 3]|[1, 1, 0, 0, 1, 0, 1, 2, 1, 0, 1, 1, 0, 0, 2, 0, 2, 1, 1, 0];[19, 16, 10, 15, 11, 6, 14, 8, 5, 17, 2, 7, 9, 3, 12, 18, 1, 13, 4, 0]|[2, 1, 1, 2, 1, 0, 0, 0, 2, 1, 2, 1, 1, 0, 0, 0, 0, 1, 2, 0]|[0, 1, 1, 0, 1, 3, 3, 3, 0, 0, 0, 0, 1, 3, 3, 3, 3, 1, 0, 3]|[1, 1, 0, 0, 1, 0, 2, 0, 1, 1, 0, 1, 0, 2, 0, 0, 2, 1, 1, 0];[19, 16, 10, 15, 11, 12, 5, 18, 3, 6, 1, 13, 0, 9, 14, 8, 17, 4, 2, 7]|[2, 1, 1, 2, 1, 0, 2, 0, 1, 2, 1, 1, 0, 0, 0, 0, 0, 2, 1, 0]|[0, 1, 1, 0, 1, 3, 0, 3, 1, 0, 1, 1, 3, 3, 3, 3, 3, 0, 1, 3]|[1, 1, 0, 0, 1, 0, 1, 2, 1, 0, 1, 1, 0, 0, 2, 0, 2, 1, 1, 0];[0, 19, 16, 1, 9, 6, 10, 12, 5, 8, 18, 7, 15, 17, 14, 2, 13, 4, 3, 11]|[0, 2, 1, 1, 1, 2, 1, 0, 2, 0, 0, 1, 2, 1, 0, 0, 0, 2, 1, 1]|[3, 0, 1, 1, 1, 0, 1, 0, 0, 3, 3, 1, 0, 1, 3, 3, 3, 0, 1, 1]|[0, 1, 1, 1, 1, 0, 1, 2, 1, 2, 1, 1, 0, 1, 0, 2, 0, 1, 1, 1];[0, 19, 16, 1, 9, 6, 10, 12, 5, 8, 18, 7, 15, 17, 14, 2, 13, 4, 3, 11]|[0, 2, 1, 1, 1, 2, 1, 0, 2, 0, 0, 1, 2, 1, 0, 0, 0, 2, 1, 1]|[3, 0, 1, 1, 1, 0, 1, 0, 0, 3, 3, 1, 0, 1, 3, 3, 3, 0, 1, 1]|[0, 1, 1, 1, 1, 0, 1, 2, 1, 2, 1, 1, 0, 1, 0, 2, 0, 1, 1, 1];[6, 19, 16, 10, 15, 11, 18, 8, 5, 12, 17, 2, 13, 7, 9, 1, 4, 3, 0, 14]|[0, 2, 1, 1, 2, 1, 0, 0, 2, 0, 1, 2, 1, 1, 0, 0, 2, 0, 0, 0]|[3, 0, 1, 1, 0, 1, 3, 0, 0, 0, 0, 0, 0, 1, 3, 3, 0, 3, 2, 3]|[0, 1, 0, 1, 0, 1, 1, 2, 1, 2, 1, 0, 1, 0, 0, 2, 1, 1, 0, 2];[6, 19, 16, 10, 15, 11, 18, 8, 5, 12, 17, 2, 13, 7, 9, 1, 4, 3, 0, 14]|[0, 2, 1, 1, 2, 1, 0, 0, 2, 0, 1, 2, 1, 1, 0, 0, 2, 0, 0, 0]|[3, 0, 1, 1, 0, 1, 3, 0, 0, 0, 0, 0, 0, 1, 3, 3, 0, 3, 2, 3]|[0, 1, 0, 1, 0, 1, 1, 2, 1, 2, 1, 0, 1, 0, 0, 2, 1, 1, 0, 2];[0, 19, 16, 10, 15, 11, 12, 18, 5, 1, 17, 8, 9, 3, 6, 7, 2, 4, 14, 13]|[0, 2, 1, 1, 2, 1, 0, 0, 2, 0, 1, 2, 1, 1, 0, 0, 0, 2, 1, 0]|[3, 0, 1, 1, 0, 1, 3, 3, 0, 3, 1, 0, 1, 1, 3, 3, 3, 0, 1, 3]|[0, 1, 1, 0, 0, 1, 0, 2, 1, 2, 1, 0, 1, 1, 0, 2, 0, 1, 1, 0];[2, 19, 16, 10, 15, 11, 8, 5, 0, 17, 6, 7, 9, 12, 14, 18, 4, 3, 13, 1]|[0, 2, 1, 1, 2, 1, 0, 2, 0, 1, 2, 1, 1, 0, 0, 0, 2, 1, 0, 0]|[3, 0, 1, 1, 0, 1, 3, 0, 3, 1, 0, 1, 1, 3, 3, 3, 0, 1, 3, 3]|[0, 1, 1, 0, 0, 1, 2, 1, 0, 1, 0, 1, 0, 2, 0, 2, 1, 1, 0, 0];[0, 19, 16, 10, 15, 11, 12, 18, 5, 8, 2, 17, 9, 1, 3, 14, 13, 4, 6, 7]|[0, 2, 1, 1, 2, 1, 0, 0, 2, 0, 0, 1, 1, 2, 1, 0, 0, 2, 1, 0]|[3, 0, 1, 1, 0, 1, 3, 3, 0, 3, 3, 1, 1, 0, 1, 3, 3, 0, 1, 3]|[0, 1, 1, 1, 0, 1, 2, 0, 1, 2, 0, 1, 1, 0, 1, 2, 0, 1, 1, 0];[0, 19, 16, 10, 15, 11, 12, 18, 5, 8, 2, 17, 9, 1, 3, 14, 13, 4, 6, 7]|[0, 2, 1, 1, 2, 1, 0, 0, 2, 0, 0, 1, 1, 2, 1, 0, 0, 2, 1, 0]|[3, 0, 1, 1, 0, 1, 3, 3, 0, 3, 3, 1, 1, 0, 1, 3, 3, 0, 1, 3]|[0, 1, 1, 1, 0, 1, 2, 0, 1, 2, 0, 1, 1, 0, 1, 2, 0, 1, 1, 0];[11, 19, 16, 10, 15, 0, 12, 8, 5, 3, 17, 9, 6, 2, 4, 14, 18, 7, 13, 1]|[0, 2, 1, 1, 2, 1, 0, 0, 2, 1, 2, 1, 1, 1, 2, 0, 0, 0, 0, 0]|[3, 0, 1, 1, 0, 1, 3, 3, 0, 1, 0, 1, 1, 1, 0, 3, 3, 3, 3, 3]|[0, 1, 1, 1, 0, 1, 2, 0, 1, 1, 0, 1, 1, 1, 1, 2, 0, 2, 0, 0];[0, 19, 16, 10, 15, 11, 18, 1, 5, 7, 2, 6, 9, 4, 3, 14, 17, 8, 12, 13]|[0, 2, 1, 1, 2, 1, 0, 0, 2, 0, 1, 2, 1, 1, 0, 0, 0, 2, 1, 0]|[3, 0, 1, 1, 0, 0, 2, 0, 0, 0, 0, 0, 0, 1, 3, 3, 3, 0, 1, 3]|[1, 1, 1, 0, 0, 1, 0, 2, 1, 2, 1, 0, 1, 0, 0, 2, 0, 1, 1, 0];[19, 16, 10, 15, 5, 12, 1, 11, 6, 7, 17, 2, 8, 13, 9, 14, 0, 4, 3, 18]|[2, 1, 1, 2, 2, 0, 1, 1, 2, 1, 1, 0, 0, 0, 0, 0, 0, 2, 1, 1]|[1, 1, 0, 0, 0, 3, 1, 0, 0, 1, 1, 0, 0, 3, 3, 3, 3, 0, 1, 1]|[0, 1, 0, 1, 1, 2, 1, 1, 0, 0, 1, 0, 0, 2, 1, 2, 0, 1, 1, 1];[19, 16, 10, 15, 5, 12, 1, 11, 6, 7, 17, 2, 8, 13, 9, 14, 0, 4, 3, 18]|[2, 1, 1, 2, 2, 0, 1, 1, 2, 1, 1, 0, 0, 0, 0, 0, 0, 2, 1, 1]|[1, 1, 0, 0, 0, 3, 1, 0, 0, 1, 1, 0, 0, 3, 3, 3, 3, 0, 1, 1]|[0, 1, 0, 1, 1, 2, 1, 1, 0, 0, 1, 0, 0, 2, 1, 2, 0, 1, 1, 1];[0, 19, 16, 10, 15, 11, 18, 3, 5, 7, 12, 2, 1, 13, 14, 6, 9, 4, 17, 8]|[0, 2, 1, 1, 2, 1, 0, 0, 2, 0, 1, 2, 1, 1, 0, 0, 0, 2, 1, 0]|[3, 0, 1, 1, 0, 1, 3, 3, 0, 3, 1, 0, 1, 1, 3, 3, 3, 0, 1, 3]|[1, 1, 1, 1, 0, 1, 0, 2, 1, 2, 1, 0, 1, 1, 0, 2, 0, 1, 1, 0];[19, 6, 10, 15, 11, 2, 5, 0, 7, 9, 16, 17, 13, 4, 14, 18, 3, 8, 12, 1]|[2, 1, 1, 2, 1, 0, 2, 0, 1, 1, 2, 1, 0, 2, 1, 0, 0, 0, 0, 0]|[0, 1, 1, 0, 1, 3, 0, 3, 1, 0, 0, 1, 3, 0, 1, 3, 3, 3, 3, 3]|[1, 1, 0, 0, 1, 2, 1, 0, 0, 1, 0, 1, 2, 1, 1, 2, 0, 2, 0, 2];[0, 19, 16, 10, 15, 11, 18, 3, 5, 7, 12, 2, 1, 13, 14, 6, 9, 4, 17, 8]|[0, 2, 1, 1, 2, 1, 0, 0, 2, 0, 1, 2, 1, 1, 0, 0, 0, 2, 1, 0]|[3, 0, 1, 1, 0, 1, 3, 3, 0, 3, 1, 0, 1, 1, 3, 3, 3, 0, 1, 3]|[1, 1, 1, 1, 0, 1, 0, 2, 1, 2, 1, 0, 1, 1, 0, 2, 0, 1, 1, 0];[0, 19, 16, 10, 15, 11, 18, 8, 5, 12, 17, 6, 9, 13, 14, 3, 2, 4, 7, 1]|[0, 2, 1, 0, 2, 1, 0, 0, 2, 0, 1, 2, 1, 1, 0, 0, 0, 2, 1, 0]|[3, 0, 1, 1, 0, 1, 3, 0, 0, 0, 0, 0, 0, 1, 3, 3, 3, 0, 1, 3]|[1, 1, 1, 0, 0, 1, 0, 2, 1, 2, 1, 0, 1, 0, 0, 2, 0, 1, 1, 0];[0, 19, 16, 10, 15, 11, 18, 8, 5, 12, 17, 6, 9, 13, 14, 3, 2, 4, 7, 1]|[0, 2, 1, 0, 2, 1, 0, 0, 2, 0, 1, 2, 1, 1, 0, 0, 0, 2, 1, 0]|[3, 0, 1, 1, 0, 1, 3, 0, 0, 0, 0, 0, 0, 1, 3, 3, 3, 0, 1, 3]|[1, 1, 1, 0, 0, 1, 0, 2, 1, 2, 1, 0, 1, 0, 0, 2, 0, 1, 1, 0];[0, 19, 16, 10, 15, 11, 18, 8, 5, 12, 17, 6, 7, 1, 14, 13, 9, 2, 4, 3]|[0, 2, 1, 1, 2, 1, 0, 0, 2, 0, 1, 2, 0, 1, 0, 0, 0, 2, 1, 0]|[3, 0, 0, 1, 0, 1, 3, 0, 0, 0, 0, 0, 0, 1, 3, 3, 3, 0, 1, 3]|[1, 1, 1, 0, 0, 1, 0, 2, 1, 2, 1, 0, 1, 0, 0, 2, 0, 1, 1, 0];[0, 19, 16, 10, 15, 11, 18, 8, 5, 12, 17, 6, 7, 1, 14, 13, 9, 2, 4, 3]|[0, 2, 1, 1, 2, 1, 0, 0, 2, 0, 1, 2, 0, 1, 0, 0, 0, 2, 1, 0]|[3, 0, 0, 1, 0, 1, 3, 0, 0, 0, 0, 0, 0, 1, 3, 3, 3, 0, 1, 3]|[1, 1, 1, 0, 0, 1, 0, 2, 1, 2, 1, 0, 1, 0, 0, 2, 0, 1, 1, 0];[0, 19, 16, 10, 15, 11, 12, 18, 5, 1, 7, 6, 2, 9, 8, 14, 3, 4, 17, 13]|[0, 2, 1, 1, 2, 1, 0, 0, 2, 0, 0, 2, 1, 1, 0, 0, 0, 2, 1, 0]|[3, 0, 1, 1, 0, 1, 3, 3, 0, 0, 1, 0, 1, 1, 3, 3, 3, 0, 1, 3]|[1, 1, 1, 0, 0, 1, 0, 2, 1, 2, 1, 0, 1, 1, 0, 2, 0, 1, 1, 0];[19, 4, 10, 15, 11, 17, 2, 7, 9, 5, 16, 6, 12, 8, 14, 18, 3, 0, 13, 1]|[2, 1, 1, 2, 1, 1, 2, 1, 1, 2, 2, 1, 0, 0, 0, 0, 0, 0, 0, 0]|[0, 0, 1, 0, 1, 1, 0, 1, 1, 0, 0, 1, 3, 3, 3, 3, 3, 3, 3, 3]|[1, 0, 1, 0, 1, 1, 0, 1, 1, 1, 1, 1, 0, 2, 0, 2, 0, 2, 0, 0];[13, 19, 16, 10, 15, 11, 14, 5, 0, 17, 6, 9, 7, 18, 1, 3, 4, 2, 8, 12]|[0, 2, 1, 1, 2, 1, 0, 2, 0, 1, 2, 1, 1, 0, 0, 0, 2, 1, 0, 0]|[3, 0, 1, 1, 0, 1, 3, 0, 3, 1, 0, 1, 1, 3, 3, 3, 0, 1, 3, 3]|[2, 1, 1, 0, 0, 1, 0, 1, 2, 1, 0, 1, 1, 0, 2, 0, 1, 1, 2, 0];[1, 19, 16, 10, 4, 6, 15, 12, 2, 11, 13, 17, 9, 5, 7, 14, 18, 0, 8, 3]|[0, 2, 1, 1, 2, 0, 2, 0, 2, 1, 1, 1, 1, 2, 0, 0, 0, 0, 1, 2]|[3, 1, 1, 1, 0, 0, 0, 0, 0, 1, 1, 0, 0, 0, 3, 3, 2, 3, 1, 0]|[0, 0, 1, 1, 1, 1, 1, 2, 0, 1, 0, 1, 1, 1, 0, 2, 0, 0, 1, 1];[1, 19, 16, 10, 4, 6, 15, 12, 2, 11, 13, 17, 9, 5, 7, 14, 18, 0, 8, 3]|[0, 2, 1, 1, 2, 0, 2, 0, 2, 1, 1, 1, 1, 2, 0, 0, 0, 0, 1, 2]|[3, 1, 1, 1, 0, 0, 0, 0, 0, 1, 1, 0, 0, 0, 3, 3, 2, 3, 1, 0]|[0, 0, 1, 1, 1, 1, 1, 2, 0, 1, 0, 1, 1, 1, 0, 2, 0, 0, 1, 1];[19, 16, 10, 15, 11, 12, 8, 2, 1, 5, 6, 3, 7, 14, 4, 9, 17, 0, 13, 18]|[2, 1, 1, 2, 1, 1, 1, 0, 0, 2, 2, 0, 0, 0, 2, 0, 0, 0, 0, 0]|[0, 1, 1, 0, 1, 1, 0, 3, 3, 0, 0, 3, 3, 3, 0, 3, 3, 3, 3, 3]|[1, 1, 0, 0, 1, 0, 1, 0, 2, 1, 0, 0, 2, 0, 1, 0, 0, 2, 0, 0];[19, 16, 10, 15, 11, 12, 8, 2, 1, 5, 6, 3, 7, 14, 4, 9, 17, 0, 13, 18]|[2, 1, 1, 2, 1, 1, 1, 0, 0, 2, 2, 0, 0, 0, 2, 0, 0, 0, 0, 0]|[0, 1, 1, 0, 1, 1, 0, 3, 3, 0, 0, 3, 3, 3, 0, 3, 3, 3, 3, 3]|[1, 1, 0, 0, 1, 0, 1, 0, 2, 1, 0, 0, 2, 0, 1, 0, 0, 2, 0, 0];[0, 19, 16, 10, 15, 11, 12, 18, 5, 1, 7, 2, 17, 9, 6, 8, 14, 4, 3, 13]|[0, 2, 1, 1, 2, 1, 0, 0, 2, 0, 1, 2, 1, 1, 0, 0, 0, 2, 1, 0]|[3, 0, 1, 1, 0, 0, 3, 3, 0, 3, 1, 0, 1, 1, 3, 3, 3, 0, 1, 3]|[0, 1, 1, 0, 0, 1, 0, 2, 1, 2, 1, 0, 1, 1, 0, 2, 0, 1, 1, 0];[19, 16, 10, 15, 8, 5, 12, 17, 6, 3, 9, 14, 1, 13, 4, 11, 7, 2, 18, 0]|[2, 1, 1, 2, 1, 2, 0, 1, 2, 1, 1, 0, 0, 0, 2, 1, 0, 0, 0, 0]|[1, 1, 0, 0, 1, 0, 3, 0, 0, 0, 1, 3, 2, 1, 0, 1, 0, 3, 3, 2]|[1, 1, 1, 0, 0, 1, 0, 1, 0, 1, 0, 0, 0, 2, 1, 1, 2, 2, 0, 2];[3, 19, 16, 10, 15, 11, 1, 5, 7, 12, 2, 9, 6, 17, 4, 14, 0, 18, 13, 8]|[0, 2, 1, 1, 2, 1, 1, 2, 0, 1, 2, 0, 1, 0, 2, 1, 0, 0, 0, 0]|[0, 1, 1, 0, 0, 1, 0, 0, 3, 0, 0, 0, 1, 3, 0, 1, 2, 1, 3, 3]|[2, 0, 1, 0, 1, 1, 1, 1, 0, 1, 0, 1, 0, 0, 1, 1, 2, 2, 0, 0];[0, 19, 8, 18, 11, 2, 14, 13, 9, 6, 17, 12, 4, 7, 15, 16, 10, 5, 3, 1]|[0, 2, 0, 0, 1, 2, 0, 1, 1, 2, 1, 0, 2, 0, 2, 1, 1, 2, 1, 0]|[3, 0, 0, 0, 1, 1, 3, 1, 0, 0, 0, 0, 0, 3, 1, 1, 1, 0, 1, 3]|[1, 1, 2, 0, 1, 1, 0, 0, 1, 0, 1, 2, 1, 2, 0, 1, 1, 1, 1, 0];[0, 19, 16, 10, 15, 11, 18, 8, 5, 7, 17, 6, 9, 12, 14, 2, 1, 4, 13, 3]|[0, 2, 1, 1, 2, 1, 0, 0, 2, 0, 0, 2, 0, 1, 0, 0, 0, 2, 1, 0]|[3, 0, 1, 1, 0, 0, 2, 0, 0, 0, 0, 0, 0, 1, 3, 3, 3, 0, 1, 3]|[1, 1, 1, 0, 0, 1, 0, 2, 1, 2, 1, 0, 1, 0, 0, 2, 0, 1, 1, 1];[0, 19, 16, 10, 15, 11, 18, 8, 5, 7, 17, 6, 9, 12, 14, 2, 1, 4, 13, 3]|[0, 2, 1, 1, 2, 1, 0, 0, 2, 0, 0, 2, 0, 1, 0, 0, 0, 2, 1, 0]|[3, 0, 1, 1, 0, 0, 2, 0, 0, 0, 0, 0, 0, 1, 3, 3, 3, 0, 1, 3]|[1, 1, 1, 0, 0, 1, 0, 2, 1, 2, 1, 0, 1, 0, 0, 2, 0, 1, 1, 1];[19, 16, 10, 15, 11, 2, 1, 13, 6, 5, 3, 12, 8, 4, 14, 17, 7, 9, 18, 0]|[2, 1, 1, 2, 1, 0, 0, 0, 1, 2, 2, 0, 0, 2, 1, 0, 0, 0, 0, 0]|[0, 1, 1, 0, 1, 3, 3, 3, 1, 0, 0, 3, 3, 0, 1, 3, 3, 3, 3, 3]|[1, 1, 0, 0, 1, 0, 2, 0, 1, 1, 0, 2, 0, 0, 1, 0, 0, 0, 2, 2];[0, 19, 16, 10, 15, 11, 7, 1, 18, 17, 4, 5, 13, 6, 14, 9, 3, 2, 12, 8]|[0, 2, 1, 1, 1, 1, 0, 0, 0, 1, 2, 2, 0, 0, 2, 2, 0, 2, 1, 0]|[2, 1, 1, 1, 0, 1, 0, 0, 3, 1, 0, 0, 3, 3, 1, 1, 1, 0, 1, 3]|[0, 0, 1, 1, 0, 1, 2, 2, 1, 1, 1, 1, 0, 2, 0, 1, 1, 0, 1, 0];[0, 19, 16, 10, 15, 11, 18, 8, 5, 12, 17, 2, 13, 7, 6, 1, 14, 4, 3, 9]|[0, 2, 1, 1, 2, 1, 0, 0, 2, 0, 1, 2, 1, 1, 0, 0, 0, 2, 0, 0]|[3, 0, 1, 1, 0, 1, 2, 0, 0, 0, 0, 0, 0, 1, 3, 3, 3, 0, 1, 3]|[1, 1, 1, 1, 0, 1, 0, 2, 1, 2, 1, 0, 1, 0, 0, 2, 2, 1, 1, 0];[0, 19, 16, 10, 15, 11, 18, 8, 5, 12, 17, 2, 13, 7, 6, 1, 14, 4, 3, 9]|[0, 2, 1, 1, 2, 1, 0, 0, 2, 0, 1, 2, 1, 1, 0, 0, 0, 2, 0, 0]|[3, 0, 1, 1, 0, 1, 2, 0, 0, 0, 0, 0, 0, 1, 3, 3, 3, 0, 1, 3]|[1, 1, 1, 1, 0, 1, 0, 2, 1, 2, 1, 0, 1, 0, 0, 2, 2, 1, 1, 0];[0, 19, 16, 15, 7, 18, 9, 17, 10, 11, 13, 2, 14, 12, 4, 6, 5, 3, 1, 8]|[0, 2, 1, 2, 1, 0, 1, 1, 1, 1, 1, 0, 0, 0, 2, 2, 2, 1, 0, 0]|[2, 0, 1, 1, 0, 1, 0, 0, 1, 0, 1, 3, 3, 0, 0, 0, 0, 1, 3, 0]|[0, 1, 1, 0, 0, 1, 1, 1, 0, 1, 0, 2, 0, 2, 1, 0, 1, 1, 0, 2]
fc6diagRound 9	fe=258480	pool=300	target=100	rescued=0	sOriginal=[3, 12, 5, 8, 17, 11, 15, 10, 16, 19, 0, 2, 9, 6, 18, 1, 13, 4, 7, 14]|[0, 0, 2, 0, 0, 1, 2, 1, 1, 2, 0, 2, 0, 1, 0, 0, 0, 2, 0, 0]|[3, 0, 0, 0, 0, 1, 0, 1, 1, 0, 3, 0, 0, 1, 3, 3, 3, 0, 3, 3]|[0, 2, 1, 2, 2, 1, 0, 0, 1, 1, 1, 0, 1, 1, 0, 0, 2, 1, 1, 0];[3, 12, 5, 8, 17, 11, 15, 10, 16, 19, 0, 2, 9, 6, 18, 1, 13, 4, 7, 14]|[0, 0, 2, 0, 0, 1, 2, 1, 1, 2, 0, 2, 0, 1, 0, 0, 0, 2, 0, 0]|[3, 0, 0, 0, 0, 1, 0, 1, 1, 0, 3, 0, 0, 1, 3, 3, 3, 0, 3, 3]|[0, 2, 1, 2, 2, 1, 0, 0, 1, 1, 1, 0, 1, 1, 0, 0, 2, 1, 1, 0];[12, 5, 8, 3, 11, 15, 10, 16, 19, 0, 17, 2, 9, 6, 1, 13, 14, 4, 7, 18]|[0, 2, 0, 0, 1, 2, 1, 1, 2, 0, 0, 2, 0, 1, 0, 0, 0, 2, 0, 0]|[0, 0, 0, 3, 1, 0, 1, 1, 0, 3, 0, 0, 0, 1, 3, 3, 3, 0, 3, 3]|[2, 1, 2, 0, 1, 0, 0, 1, 1, 1, 1, 0, 1, 1, 0, 2, 0, 1, 1, 0];[12, 5, 8, 3, 11, 15, 10, 16, 19, 0, 17, 2, 9, 6, 1, 13, 14, 4, 7, 18]|[0, 2, 0, 0, 1, 2, 1, 1, 2, 0, 0, 2, 0, 1, 0, 0, 0, 2, 0, 0]|[0, 0, 0, 3, 1, 0, 1, 1, 0, 3, 0, 0, 0, 1, 3, 3, 3, 0, 3, 3]|[2, 1, 2, 0, 1, 0, 0, 1, 1, 1, 1, 0, 1, 1, 0, 2, 0, 1, 1, 0];[12, 5, 8, 7, 11, 15, 10, 16, 19, 0, 13, 3, 14, 6, 2, 17, 9, 4, 1, 18]|[0, 2, 0, 0, 1, 2, 1, 1, 2, 0, 0, 0, 0, 1, 2, 0, 0, 2, 0, 0]|[0, 0, 0, 3, 1, 0, 1, 1, 0, 3, 3, 3, 3, 1, 0, 0, 0, 0, 3, 3]|[2, 1, 2, 0, 1, 0, 0, 1, 1, 1, 0, 2, 0, 0, 0, 1, 1, 1, 1, 0];[12, 5, 8, 7, 11, 15, 10, 16, 19, 0, 13, 3, 14, 6, 2, 17, 9, 4, 1, 18]|[0, 2, 0, 0, 1, 2, 1, 1, 2, 0, 0, 0, 0, 1, 2, 0, 0, 2, 0, 0]|[0, 0, 0, 3, 1, 0, 1, 1, 0, 3, 3, 3, 3, 1, 0, 0, 0, 0, 3, 3]|[2, 1, 2, 0, 1, 0, 0, 1, 1, 1, 0, 2, 0, 0, 0, 1, 1, 1, 1, 0];[0, 19, 16, 10, 15, 11, 12, 18, 5, 3, 17, 2, 7, 9, 6, 14, 8, 4, 13, 1]|[0, 2, 1, 1, 2, 1, 0, 0, 2, 0, 1, 2, 1, 1, 0, 0, 0, 2, 1, 0]|[3, 0, 1, 1, 0, 1, 2, 0, 0, 0, 1, 0, 1, 1, 3, 3, 3, 0, 1, 3]|[1, 1, 1, 0, 0, 1, 0, 2, 1, 2, 1, 0, 1, 1, 0, 2, 0, 1, 1, 0];[12, 19, 16, 10, 15, 11, 3, 8, 5, 0, 2, 9, 6, 18, 1, 14, 4, 7, 13, 17]|[0, 2, 1, 1, 2, 1, 0, 0, 2, 0, 2, 0, 1, 0, 0, 0, 2, 0, 0, 0]|[3, 0, 1, 1, 0, 1, 0, 0, 0, 3, 0, 0, 1, 3, 3, 3, 0, 0, 3, 0]|[2, 1, 1, 0, 0, 1, 0, 2, 1, 1, 0, 1, 0, 0, 2, 0, 1, 1, 2, 1];[0, 19, 16, 10, 15, 11, 12, 8, 5, 18, 17, 2, 9, 3, 6, 1, 14, 4, 7, 13]|[0, 2, 1, 1, 2, 1, 0, 0, 2, 0, 1, 2, 1, 1, 0, 0, 0, 2, 1, 0]|[3, 0, 1, 1, 0, 1, 3, 2, 0, 3, 1, 0, 1, 1, 3, 3, 3, 0, 1, 3]|[0, 1, 1, 0, 0, 1, 0, 2, 1, 2, 1, 0, 1, 1, 0, 2, 0, 1, 1, 0];[12, 19, 16, 10, 15, 11, 3, 8, 5, 0, 2, 9, 6, 18, 1, 14, 4, 7, 13, 17]|[0, 2, 1, 1, 2, 1, 0, 0, 2, 0, 2, 0, 1, 0, 0, 0, 2, 0, 0, 0]|[3, 0, 1, 1, 0, 1, 0, 0, 0, 3, 0, 0, 1, 3, 3, 3, 0, 0, 3, 0]|[2, 1, 1, 0, 0, 1, 0, 2, 1, 1, 0, 1, 0, 0, 2, 0, 1, 1, 2, 1];[19, 16, 10, 15, 11, 12, 14, 4, 8, 3, 6, 1, 13, 9, 18, 17, 2, 5, 7, 0]|[2, 1, 1, 2, 1, 0, 0, 2, 0, 1, 2, 0, 1, 0, 0, 0, 2, 1, 0, 0]|[0, 1, 1, 0, 1, 3, 3, 0, 3, 1, 0, 3, 1, 3, 3, 3, 0, 1, 3, 3]|[1, 1, 0, 0, 1, 0, 2, 1, 0, 1, 0, 2, 1, 0, 2, 0, 1, 1, 2, 0];[0, 19, 16, 10, 15, 11, 18, 8, 5, 12, 3, 6, 9, 17, 2, 1, 13, 4, 14, 7]|[0, 2, 1, 1, 2, 1, 0, 0, 2, 0, 1, 2, 1, 1, 0, 0, 0, 2, 1, 0]|[3, 0, 1, 1, 0, 1, 3, 0, 0, 0, 0, 0, 0, 1, 3, 3, 3, 0, 1, 3]|[1, 1, 1, 1, 0, 0, 0, 2, 1, 2, 1, 0, 1, 1, 0, 2, 0, 1, 1, 0];[0, 19, 16, 15, 11, 8, 12, 18, 5, 3, 17, 2, 9, 10, 14, 1, 13, 4, 6, 7]|[0, 2, 1, 2, 1, 1, 0, 0, 2, 0, 1, 2, 1, 1, 0, 0, 0, 2, 1, 0]|[3, 0, 1, 0, 1, 1, 3, 3, 0, 3, 1, 0, 1, 1, 3, 3, 3, 0, 1, 3]|[2, 1, 1, 0, 1, 1, 0, 0, 1, 2, 1, 0, 1, 1, 0, 2, 0, 1, 1, 0];[0, 19, 16, 15, 11, 8, 12, 18, 5, 3, 17, 2, 9, 10, 14, 1, 13, 4, 6, 7]|[0, 2, 1, 2, 1, 1, 0, 0, 2, 0, 1, 2, 1, 1, 0, 0, 0, 2, 1, 0]|[3, 0, 1, 0, 1, 1, 3, 3, 0, 3, 1, 0, 1, 1, 3, 3, 3, 0, 1, 3]|[2, 1, 1, 0, 1, 1, 0, 0, 1, 2, 1, 0, 1, 1, 0, 2, 0, 1, 1, 0];[14, 19, 16, 2, 11, 13, 18, 0, 5, 12, 8, 10, 9, 1, 7, 3, 4, 17, 6, 15]|[0, 2, 1, 2, 1, 1, 0, 0, 2, 0, 2, 1, 1, 0, 0, 0, 2, 1, 1, 0]|[3, 0, 1, 0, 1, 1, 3, 3, 0, 3, 0, 1, 1, 3, 3, 3, 0, 1, 1, 3]|[0, 1, 1, 0, 1, 1, 2, 0, 1, 2, 0, 1, 1, 0, 2, 0, 1, 1, 1, 0];[0, 19, 16, 10, 15, 11, 18, 1, 5, 12, 17, 2, 7, 13, 6, 3, 14, 4, 9, 8]|[0, 2, 1, 1, 2, 1, 0, 0, 2, 0, 1, 2, 1, 1, 0, 0, 0, 2, 1, 0]|[3, 0, 1, 1, 0, 1, 2, 0, 0, 0, 0, 0, 0, 1, 3, 3, 3, 0, 1, 3]|[1, 1, 1, 0, 0, 1, 0, 2, 1, 2, 1, 0, 1, 0, 0, 2, 0, 1, 1, 2];[19, 16, 10, 15, 11, 18, 4, 12, 17, 2, 7, 13, 6, 0, 1, 3, 14, 5, 9, 8]|[2, 1, 1, 2, 1, 0, 2, 0, 1, 2, 1, 1, 0, 0, 0, 0, 0, 2, 1, 0]|[1, 1, 1, 0, 1, 2, 0, 0, 0, 0, 0, 1, 3, 3, 0, 3, 3, 0, 1, 3]|[1, 1, 0, 0, 1, 1, 1, 2, 1, 0, 1, 0, 0, 0, 2, 2, 0, 1, 1, 2];[0, 19, 16, 10, 15, 11, 18, 8, 5, 12, 17, 6, 7, 9, 14, 2, 13, 4, 3, 1]|[0, 2, 1, 1, 2, 1, 0, 0, 2, 0, 1, 2, 1, 1, 0, 0, 0, 2, 1, 1]|[3, 0, 1, 1, 0, 1, 3, 0, 0, 0, 1, 0, 0, 1, 3, 3, 3, 0, 1, 1]|[1, 1, 1, 0, 0, 1, 0, 2, 1, 2, 1, 0, 1, 0, 0, 2, 0, 1, 1, 1];[0, 19, 16, 10, 15, 11, 18, 8, 5, 12, 3, 6, 9, 7, 14, 13, 1, 4, 2, 17]|[0, 2, 1, 1, 2, 1, 0, 0, 2, 0, 1, 2, 1, 1, 0, 0, 0, 2, 1, 0]|[3, 0, 1, 1, 0, 1, 3, 2, 0, 3, 1, 0, 1, 1, 3, 3, 3, 0, 1, 3]|[1, 1, 1, 0, 0, 1, 0, 2, 1, 2, 1, 0, 1, 1, 0, 2, 0, 1, 1, 2];[19, 16, 2, 12, 5, 15, 18, 8, 10, 13, 9, 17, 11, 14, 1, 0, 7, 4, 6, 3]|[2, 1, 2, 0, 2, 0, 0, 2, 1, 1, 1, 1, 1, 0, 0, 0, 0, 2, 1, 0]|[0, 1, 0, 3, 0, 3, 3, 0, 1, 1, 1, 1, 1, 3, 3, 3, 3, 0, 1, 3]|[1, 1, 0, 2, 1, 0, 2, 0, 1, 1, 1, 1, 1, 0, 0, 2, 0, 1, 1, 0];[19, 16, 2, 12, 5, 15, 18, 8, 10, 13, 9, 17, 11, 14, 1, 0, 7, 4, 6, 3]|[2, 1, 2, 0, 2, 0, 0, 2, 1, 1, 1, 1, 1, 0, 0, 0, 0, 2, 1, 0]|[0, 1, 0, 3, 0, 3, 3, 0, 1, 1, 1, 1, 1, 3, 3, 3, 3, 0, 1, 3]|[1, 1, 0, 2, 1, 0, 2, 0, 1, 1, 1, 1, 1, 0, 0, 2, 0, 1, 1, 0];[19, 16, 10, 15, 12, 3, 5, 1, 18, 11, 6, 17, 9, 2, 13, 7, 14, 4, 0, 8]|[2, 1, 1, 2, 1, 0, 2, 0, 0, 1, 2, 1, 1, 0, 0, 0, 1, 2, 0, 0]|[0, 1, 1, 0, 1, 3, 0, 0, 2, 1, 0, 1, 1, 3, 3, 0, 1, 0, 3, 3]|[1, 1, 1, 0, 1, 0, 1, 2, 1, 1, 0, 1, 1, 0, 0, 2, 1, 1, 0, 2];[0, 19, 16, 10, 15, 11, 18, 1, 5, 12, 17, 2, 9, 13, 7, 6, 8, 4, 3, 14]|[0, 2, 1, 1, 2, 1, 0, 0, 2, 0, 1, 2, 1, 1, 0, 0, 0, 2, 1, 0]|[3, 0, 1, 1, 0, 1, 2, 0, 0, 0, 0, 0, 0, 1, 3, 3, 3, 0, 1, 3]|[1, 1, 1, 0, 0, 1, 0, 2, 1, 2, 1, 0, 1, 0, 0, 2, 0, 1, 1, 2];[0, 19, 16, 10, 15, 11, 18, 12, 5, 7, 17, 6, 8, 9, 2, 3, 13, 4, 14, 1]|[0, 2, 1, 1, 2, 1, 0, 0, 2, 0, 1, 2, 1, 1, 0, 0, 0, 2, 1, 0]|[3, 0, 1, 1, 0, 1, 2, 0, 0, 0, 1, 0, 0, 1, 3, 3, 3, 0, 1, 3]|[1, 1, 1, 0, 0, 1, 0, 2, 1, 2, 0, 0, 1, 1, 0, 2, 0, 1, 1, 2];[0, 19, 6, 10, 15, 11, 18, 8, 4, 12, 17, 2, 1, 9, 14, 3, 13, 16, 5, 7]|[0, 2, 1, 1, 2, 1, 0, 0, 2, 0, 1, 2, 1, 1, 0, 0, 0, 2, 1, 0]|[3, 0, 1, 1, 0, 1, 2, 0, 0, 0, 1, 0, 0, 1, 3, 3, 3, 0, 1, 3]|[1, 1, 1, 0, 0, 1, 0, 2, 1, 2, 1, 0, 1, 0, 0, 2, 0, 1, 1, 0];[0, 19, 16, 10, 15, 11, 12, 1, 5, 7, 17, 2, 9, 6, 14, 4, 18, 3, 13, 8]|[0, 2, 1, 1, 2, 1, 0, 0, 2, 0, 1, 2, 1, 1, 0, 0, 0, 2, 1, 0]|[3, 0, 1, 1, 0, 1, 2, 0, 0, 0, 0, 0, 0, 1, 3, 3, 3, 0, 1, 3]|[1, 1, 1, 0, 0, 1, 0, 2, 1, 2, 1, 0, 1, 0, 0, 2, 0, 1, 1, 2];[0, 19, 16, 10, 15, 11, 18, 8, 5, 12, 17, 2, 7, 9, 1, 14, 6, 4, 13, 3]|[0, 2, 1, 1, 2, 1, 0, 0, 2, 0, 1, 2, 1, 1, 0, 0, 0, 2, 1, 0]|[3, 0, 1, 1, 0, 1, 3, 0, 0, 0, 1, 0, 0, 1, 3, 3, 3, 0, 1, 3]|[1, 1, 1, 0, 0, 1, 0, 2, 1, 2, 1, 0, 1, 0, 0, 2, 0, 1, 1, 0];[19, 16, 10, 15, 11, 12, 5, 8, 9, 17, 6, 7, 1, 0, 14, 13, 18, 2, 4, 3]|[2, 1, 1, 2, 1, 0, 2, 0, 0, 1, 2, 1, 1, 0, 0, 0, 0, 2, 1, 0]|[0, 1, 1, 0, 1, 3, 0, 3, 3, 1, 0, 1, 1, 3, 3, 3, 3, 0, 1, 3]|[1, 1, 1, 0, 1, 2, 1, 0, 2, 1, 0, 1, 1, 0, 2, 0, 2, 1, 1, 0];[19, 16, 10, 15, 11, 12, 5, 8, 9, 17, 6, 7, 1, 0, 14, 13, 18, 2, 4, 3]|[2, 1, 1, 2, 1, 0, 2, 0, 0, 1, 2, 1, 1, 0, 0, 0, 0, 2, 1, 0]|[0, 1, 1, 0, 1, 3, 0, 3, 3, 1, 0, 1, 1, 3, 3, 3, 3, 0, 1, 3]|[1, 1, 1, 0, 1, 2, 1, 0, 2, 1, 0, 1, 1, 0, 2, 0, 2, 1, 1, 0];[0, 19, 16, 10, 15, 11, 18, 8, 5, 3, 17, 6, 7, 9, 12, 13, 14, 2, 4, 1]|[0, 2, 1, 1, 2, 1, 0, 0, 2, 0, 1, 2, 1, 1, 0, 0, 0, 2, 1, 0]|[3, 0, 1, 1, 0, 1, 3, 0, 0, 0, 1, 0, 0, 1, 3, 3, 3, 0, 1, 3]|[1, 1, 1, 0, 0, 1, 0, 2, 1, 2, 1, 0, 1, 0, 0, 2, 0, 1, 1, 0];[0, 19, 16, 10, 15, 11, 18, 8, 5, 12, 17, 6, 7, 1, 3, 14, 9, 2, 4, 13]|[0, 2, 1, 1, 2, 1, 0, 0, 2, 0, 1, 2, 1, 1, 0, 0, 0, 2, 1, 0]|[3, 0, 1, 1, 0, 1, 3, 0, 0, 0, 1, 0, 0, 1, 3, 3, 3, 0, 1, 3]|[1, 1, 1, 0, 0, 1, 0, 2, 1, 2, 1, 0, 1, 0, 0, 2, 0, 1, 1, 0];[12, 19, 16, 15, 8, 10, 18, 5, 0, 17, 2, 7, 1, 4, 3, 6, 14, 9, 11, 13]|[0, 2, 1, 2, 1, 1, 0, 2, 0, 1, 2, 1, 1, 2, 0, 0, 0, 1, 1, 0]|[0, 0, 1, 0, 1, 1, 3, 0, 3, 1, 0, 1, 1, 0, 3, 3, 3, 1, 1, 3]|[0, 1, 1, 0, 1, 1, 2, 1, 0, 1, 0, 1, 1, 1, 0, 2, 0, 1, 1, 0];[0, 19, 16, 10, 15, 11, 12, 18, 5, 1, 7, 6, 17, 9, 14, 3, 2, 4, 8, 13]|[0, 2, 1, 1, 2, 1, 0, 0, 2, 0, 1, 2, 1, 1, 0, 0, 0, 2, 1, 0]|[3, 0, 1, 1, 0, 1, 0, 2, 0, 3, 1, 0, 1, 1, 3, 3, 3, 0, 1, 3]|[1, 1, 1, 0, 0, 1, 0, 2, 1, 2, 1, 0, 1, 0, 0, 2, 0, 1, 1, 0];[0, 19, 16, 10, 15, 11, 18, 1, 5, 12, 17, 2, 9, 13, 7, 8, 3, 4, 6, 14]|[0, 2, 1, 1, 2, 1, 0, 0, 2, 0, 1, 2, 1, 1, 0, 0, 0, 2, 1, 0]|[3, 0, 1, 1, 0, 1, 3, 0, 0, 0, 1, 0, 0, 1, 3, 3, 3, 0, 1, 3]|[1, 1, 1, 0, 0, 1, 0, 2, 1, 2, 1, 0, 1, 0, 0, 2, 0, 1, 1, 0];[0, 19, 5, 15, 16, 18, 12, 4, 8, 10, 6, 7, 17, 11, 14, 13, 3, 9, 2, 1]|[0, 2, 1, 2, 1, 0, 0, 2, 0, 1, 2, 1, 1, 1, 0, 0, 0, 2, 1, 0]|[0, 0, 1, 0, 1, 3, 3, 0, 3, 1, 0, 1, 1, 1, 3, 3, 3, 0, 1, 3]|[2, 1, 1, 0, 1, 0, 0, 1, 2, 1, 0, 1, 1, 1, 0, 2, 0, 1, 1, 2];[0, 19, 16, 10, 15, 11, 18, 1, 5, 12, 17, 6, 9, 7, 2, 14, 13, 4, 3, 8]|[0, 2, 1, 1, 2, 1, 0, 0, 2, 0, 1, 2, 1, 1, 0, 0, 0, 2, 1, 0]|[3, 0, 1, 1, 0, 1, 3, 0, 0, 0, 1, 0, 0, 1, 3, 3, 3, 0, 1, 3]|[1, 1, 1, 0, 0, 1, 0, 2, 1, 2, 1, 0, 1, 0, 0, 2, 2, 1, 1, 0];[0, 19, 16, 10, 15, 11, 18, 1, 5, 7, 12, 3, 9, 17, 2, 14, 8, 4, 13, 6]|[0, 2, 1, 1, 2, 1, 0, 0, 2, 0, 1, 2, 1, 1, 0, 0, 0, 2, 1, 0]|[3, 0, 1, 1, 0, 1, 2, 0, 0, 0, 1, 0, 0, 1, 2, 3, 3, 0, 1, 3]|[1, 1, 1, 1, 0, 1, 0, 2, 1, 2, 1, 0, 1, 0, 0, 2, 0, 1, 1, 2];[0, 19, 16, 10, 4, 11, 18, 8, 5, 12, 17, 6, 7, 1, 3, 13, 9, 15, 2, 14]|[0, 2, 1, 1, 2, 1, 0, 0, 2, 0, 1, 2, 1, 1, 0, 0, 0, 2, 1, 0]|[3, 0, 1, 1, 0, 1, 3, 0, 0, 0, 1, 0, 0, 1, 3, 3, 3, 0, 1, 3]|[1, 1, 1, 0, 0, 1, 0, 2, 1, 2, 1, 0, 1, 0, 0, 2, 0, 1, 1, 0];[0, 19, 16, 10, 15, 11, 12, 1, 5, 18, 7, 2, 9, 17, 14, 8, 6, 3, 4, 13]|[0, 2, 1, 1, 2, 1, 0, 0, 2, 0, 0, 2, 0, 1, 0, 0, 0, 2, 1, 0]|[3, 0, 1, 1, 0, 1, 2, 0, 0, 0, 0, 0, 0, 1, 3, 3, 3, 0, 1, 3]|[1, 1, 1, 0, 0, 1, 0, 2, 1, 2, 1, 0, 1, 0, 0, 2, 0, 1, 1, 2];[0, 19, 16, 10, 4, 6, 18, 3, 17, 14, 15, 11, 9, 8, 12, 1, 13, 5, 2, 7]|[0, 2, 1, 1, 2, 1, 0, 0, 2, 0, 1, 2, 1, 1, 0, 0, 0, 2, 1, 0]|[3, 0, 1, 1, 0, 1, 3, 0, 0, 0, 0, 0, 0, 1, 3, 3, 3, 0, 1, 3]|[1, 1, 1, 1, 0, 1, 0, 2, 1, 2, 1, 0, 1, 0, 0, 2, 0, 1, 1, 0];[0, 19, 16, 10, 15, 11, 18, 8, 5, 12, 2, 6, 7, 17, 9, 1, 3, 4, 13, 14]|[0, 2, 1, 1, 2, 1, 0, 0, 2, 0, 1, 2, 1, 1, 0, 0, 0, 2, 1, 0]|[3, 0, 1, 1, 0, 1, 3, 2, 0, 0, 1, 0, 0, 1, 3, 3, 3, 0, 1, 3]|[1, 1, 1, 1, 0, 1, 0, 2, 1, 2, 1, 0, 1, 1, 0, 2, 0, 1, 1, 2];[0, 19, 16, 10, 15, 11, 12, 18, 5, 14, 3, 1, 9, 17, 2, 8, 13, 4, 6, 7]|[0, 2, 1, 1, 2, 1, 0, 0, 2, 0, 1, 2, 1, 1, 0, 0, 0, 2, 1, 0]|[3, 0, 1, 1, 0, 1, 2, 0, 0, 0, 1, 0, 1, 1, 3, 3, 3, 0, 1, 3]|[1, 1, 1, 1, 0, 1, 0, 2, 1, 2, 1, 0, 1, 1, 0, 2, 0, 1, 1, 0];[0, 19, 16, 10, 15, 11, 12, 1, 5, 18, 7, 2, 9, 13, 6, 3, 17, 4, 8, 14]|[0, 2, 1, 1, 2, 1, 0, 0, 2, 0, 1, 2, 1, 1, 0, 0, 0, 2, 1, 0]|[3, 0, 1, 1, 0, 1, 2, 0, 0, 3, 1, 0, 0, 1, 3, 3, 3, 0, 1, 3]|[1, 1, 1, 0, 0, 1, 0, 2, 1, 2, 1, 0, 1, 0, 0, 2, 0, 1, 1, 0];[8, 19, 16, 10, 15, 11, 12, 0, 5, 1, 3, 6, 9, 13, 2, 14, 18, 4, 17, 7]|[0, 2, 1, 1, 2, 1, 0, 0, 2, 0, 1, 2, 1, 1, 0, 0, 0, 2, 1, 0]|[3, 0, 1, 1, 0, 1, 3, 3, 0, 3, 1, 0, 1, 1, 3, 3, 3, 0, 1, 3]|[0, 1, 1, 1, 0, 1, 2, 0, 1, 2, 1, 0, 1, 1, 0, 2, 0, 1, 1, 0];[8, 19, 16, 10, 15, 11, 12, 0, 5, 1, 3, 6, 9, 13, 2, 14, 18, 4, 17, 7]|[0, 2, 1, 1, 2, 1, 0, 0, 2, 0, 1, 2, 1, 1, 0, 0, 0, 2, 1, 0]|[3, 0, 1, 1, 0, 1, 3, 3, 0, 3, 1, 0, 1, 1, 3, 3, 3, 0, 1, 3]|[0, 1, 1, 1, 0, 1, 2, 0, 1, 2, 1, 0, 1, 1, 0, 2, 0, 1, 1, 0];[19, 16, 10, 15, 11, 6, 14, 8, 5, 17, 2, 7, 9, 3, 12, 18, 1, 13, 4, 0]|[2, 1, 1, 2, 1, 0, 0, 0, 2, 1, 2, 1, 1, 0, 0, 0, 0, 1, 2, 0]|[0, 1, 1, 0, 1, 3, 3, 3, 0, 0, 0, 0, 1, 3, 3, 3, 3, 1, 0, 3]|[1, 1, 0, 0, 1, 0, 2, 0, 1, 1, 0, 1, 0, 2, 0, 0, 2, 1, 1, 0];[0, 19, 16, 10, 15, 11, 18, 1, 5, 12, 2, 13, 9, 17, 7, 6, 3, 4, 14, 8]|[0, 2, 1, 1, 2, 1, 0, 0, 2, 0, 1, 2, 1, 1, 0, 0, 0, 2, 1, 0]|[3, 0, 1, 1, 1, 1, 2, 3, 0, 3, 1, 0, 1, 1, 3, 3, 3, 0, 1, 3]|[1, 1, 1, 0, 0, 1, 0, 2, 1, 2, 1, 0, 1, 1, 0, 2, 0, 1, 1, 0];[0, 19, 16, 10, 15, 11, 18, 8, 6, 12, 17, 2, 9, 7, 5, 14, 13, 4, 3, 1]|[0, 2, 1, 1, 2, 1, 0, 0, 2, 0, 1, 2, 1, 1, 0, 0, 0, 2, 1, 0]|[3, 0, 1, 1, 0, 1, 3, 0, 0, 3, 0, 0, 0, 1, 3, 3, 3, 0, 1, 3]|[1, 1, 1, 0, 0, 1, 0, 2, 1, 2, 1, 0, 1, 0, 0, 2, 0, 1, 1, 0];[0, 19, 16, 10, 15, 11, 8, 6, 4, 12, 17, 18, 7, 9, 14, 3, 1, 5, 13, 2]|[0, 2, 1, 1, 2, 1, 0, 0, 2, 0, 1, 2, 1, 1, 0, 0, 0, 2, 1, 0]|[3, 0, 1, 1, 0, 0, 2, 0, 0, 0, 1, 0, 1, 1, 3, 3, 3, 0, 1, 3]|[1, 1, 1, 0, 0, 1, 0, 2, 1, 2, 1, 0, 1, 0, 0, 2, 0, 1, 1, 2];[19, 16, 10, 15, 5, 17, 6, 7, 9, 2, 8, 12, 1, 3, 11, 13, 4, 14, 18, 0]|[2, 1, 1, 2, 2, 1, 2, 1, 1, 0, 0, 0, 0, 0, 1, 1, 2, 0, 0, 0]|[0, 1, 1, 0, 0, 0, 0, 0, 1, 3, 3, 3, 3, 3, 1, 1, 0, 3, 3, 3]|[1, 1, 0, 0, 1, 1, 0, 1, 0, 0, 2, 0, 0, 2, 1, 1, 1, 0, 2, 0];[0, 19, 16, 10, 15, 11, 18, 12, 5, 1, 17, 6, 9, 7, 14, 13, 3, 4, 2, 8]|[0, 2, 1, 1, 2, 1, 0, 0, 2, 0, 1, 2, 1, 1, 0, 0, 0, 2, 1, 0]|[3, 0, 1, 1, 0, 1, 3, 3, 0, 3, 1, 0, 1, 1, 3, 3, 3, 0, 1, 3]|[1, 1, 1, 0, 0, 1, 0, 2, 1, 2, 1, 0, 1, 1, 0, 2, 0, 1, 1, 2];[19, 16, 10, 15, 11, 12, 5, 18, 3, 6, 1, 13, 0, 9, 14, 8, 17, 4, 2, 7]|[2, 1, 1, 2, 1, 0, 2, 0, 1, 2, 1, 1, 0, 0, 0, 0, 0, 2, 1, 0]|[0, 1, 1, 0, 1, 3, 0, 3, 1, 0, 1, 1, 3, 3, 3, 3, 3, 0, 1, 3]|[1, 1, 0, 0, 1, 0, 1, 2, 1, 0, 1, 1, 0, 0, 2, 0, 2, 1, 1, 0];[19, 16, 10, 15, 11, 12, 5, 18, 3, 6, 1, 13, 0, 9, 14, 8, 17, 4, 2, 7]|[2, 1, 1, 2, 1, 0, 2, 0, 1, 2, 1, 1, 0, 0, 0, 0, 0, 2, 1, 0]|[0, 1, 1, 0, 1, 3, 0, 3, 1, 0, 1, 1, 3, 3, 3, 3, 3, 0, 1, 3]|[1, 1, 0, 0, 1, 0, 1, 2, 1, 0, 1, 1, 0, 0, 2, 0, 2, 1, 1, 0];[0, 19, 16, 10, 15, 11, 18, 1, 5, 12, 17, 2, 7, 13, 9, 8, 6, 4, 14, 3]|[0, 2, 1, 1, 2, 1, 0, 0, 2, 0, 1, 2, 1, 1, 0, 0, 0, 2, 1, 0]|[3, 0, 1, 1, 0, 0, 2, 0, 0, 0, 0, 0, 0, 1, 3, 3, 3, 0, 1, 3]|[1, 1, 1, 0, 0, 1, 0, 2, 1, 2, 1, 0, 1, 0, 0, 2, 0, 1, 1, 0];[0, 19, 16, 10, 15, 11, 12, 18, 5, 8, 2, 17, 9, 1, 3, 14, 13, 4, 6, 7]|[0, 2, 1, 1, 2, 1, 0, 0, 2, 0, 0, 1, 1, 2, 1, 0, 0, 2, 1, 0]|[3, 0, 1, 1, 0, 1, 3, 3, 0, 3, 3, 1, 1, 0, 1, 3, 3, 0, 1, 3]|[0, 1, 1, 1, 0, 1, 2, 0, 1, 2, 0, 1, 1, 0, 1, 2, 0, 1, 1, 0];[0, 19, 16, 10, 15, 11, 12, 18, 5, 8, 2, 17, 9, 1, 3, 14, 13, 4, 6, 7]|[0, 2, 1, 1, 2, 1, 0, 0, 2, 0, 0, 1, 1, 2, 1, 0, 0, 2, 1, 0]|[3, 0, 1, 1, 0, 1, 3, 3, 0, 3, 3, 1, 1, 0, 1, 3, 3, 0, 1, 3]|[0, 1, 1, 1, 0, 1, 2, 0, 1, 2, 0, 1, 1, 0, 1, 2, 0, 1, 1, 0];[0, 19, 16, 10, 15, 11, 12, 18, 5, 14, 3, 6, 9, 13, 2, 8, 1, 17, 4, 7]|[0, 2, 1, 1, 2, 1, 0, 0, 2, 0, 1, 2, 1, 1, 0, 0, 0, 1, 2, 0]|[3, 0, 1, 1, 0, 1, 3, 3, 0, 3, 1, 0, 1, 1, 3, 3, 3, 1, 0, 3]|[0, 1, 1, 1, 0, 1, 2, 0, 1, 2, 1, 0, 1, 1, 0, 2, 0, 1, 1, 0];[0, 19, 16, 10, 15, 11, 12, 18, 5, 14, 3, 6, 9, 13, 2, 8, 1, 17, 4, 7]|[0, 2, 1, 1, 2, 1, 0, 0, 2, 0, 1, 2, 1, 1, 0, 0, 0, 1, 2, 0]|[3, 0, 1, 1, 0, 1, 3, 3, 0, 3, 1, 0, 1, 1, 3, 3, 3, 1, 0, 3]|[0, 1, 1, 1, 0, 1, 2, 0, 1, 2, 1, 0, 1, 1, 0, 2, 0, 1, 1, 0];[0, 4, 16, 10, 15, 11, 7, 12, 17, 6, 13, 14, 3, 19, 2, 5, 18, 1, 9, 8]|[0, 2, 1, 1, 2, 1, 0, 0, 1, 1, 1, 0, 1, 2, 2, 2, 0, 0, 0, 0]|[2, 1, 1, 1, 0, 0, 3, 0, 0, 0, 1, 3, 1, 0, 0, 0, 3, 0, 3, 3]|[1, 0, 1, 0, 1, 1, 0, 2, 1, 1, 0, 0, 1, 1, 0, 1, 0, 2, 2, 0];[2, 19, 16, 10, 15, 11, 8, 5, 0, 17, 6, 7, 9, 12, 14, 18, 4, 3, 13, 1]|[0, 2, 1, 1, 2, 1, 0, 2, 0, 1, 2, 1, 1, 0, 0, 0, 2, 1, 0, 0]|[3, 0, 1, 1, 0, 1, 3, 0, 3, 1, 0, 1, 1, 3, 3, 3, 0, 1, 3, 3]|[0, 1, 1, 0, 0, 1, 2, 1, 0, 1, 0, 1, 0, 2, 0, 2, 1, 1, 0, 0];[0, 19, 16, 10, 15, 11, 12, 18, 5, 8, 2, 6, 9, 17, 13, 14, 3, 4, 7, 1]|[0, 2, 1, 1, 2, 1, 0, 0, 2, 0, 1, 2, 1, 1, 0, 0, 0, 2, 0, 0]|[3, 0, 1, 1, 0, 0, 2, 0, 0, 0, 1, 0, 1, 1, 3, 3, 3, 0, 1, 3]|[1, 1, 1, 0, 0, 1, 0, 2, 1, 2, 1, 0, 1, 1, 0, 2, 0, 1, 1, 0];[0, 19, 16, 10, 15, 11, 12, 18, 5, 8, 2, 6, 9, 17, 13, 14, 3, 4, 7, 1]|[0, 2, 1, 1, 2, 1, 0, 0, 2, 0, 1, 2, 1, 1, 0, 0, 0, 2, 0, 0]|[3, 0, 1, 1, 0, 0, 2, 0, 0, 0, 1, 0, 1, 1, 3, 3, 3, 0, 1, 3]|[1, 1, 1, 0, 0, 1, 0, 2, 1, 2, 1, 0, 1, 1, 0, 2, 0, 1, 1, 0];[6, 19, 16, 10, 15, 11, 18, 8, 5, 12, 17, 2, 13, 7, 9, 1, 4, 3, 0, 14]|[0, 2, 1, 1, 2, 1, 0, 0, 2, 0, 1, 2, 1, 1, 0, 0, 2, 0, 0, 0]|[3, 0, 1, 1, 0, 1, 3, 0, 0, 0, 0, 0, 0, 1, 3, 3, 0, 3, 2, 3]|[0, 1, 0, 1, 0, 1, 1, 2, 1, 2, 1, 0, 1, 0, 0, 2, 1, 1, 0, 2];[6, 19, 16, 10, 15, 11, 18, 8, 5, 12, 17, 2, 13, 7, 9, 1, 4, 3, 0, 14]|[0, 2, 1, 1, 2, 1, 0, 0, 2, 0, 1, 2, 1, 1, 0, 0, 2, 0, 0, 0]|[3, 0, 1, 1, 0, 1, 3, 0, 0, 0, 0, 0, 0, 1, 3, 3, 0, 3, 2, 3]|[0, 1, 0, 1, 0, 1, 1, 2, 1, 2, 1, 0, 1, 0, 0, 2, 1, 1, 0, 2];[0, 19, 16, 10, 15, 11, 18, 8, 5, 7, 17, 2, 9, 3, 14, 12, 6, 4, 1, 13]|[0, 2, 1, 1, 2, 1, 0, 0, 2, 0, 1, 2, 1, 1, 0, 0, 0, 2, 1, 0]|[3, 0, 1, 1, 0, 0, 2, 0, 0, 0, 0, 0, 0, 1, 3, 3, 3, 0, 1, 3]|[1, 1, 1, 0, 0, 1, 0, 2, 1, 2, 1, 0, 1, 0, 0, 2, 0, 1, 1, 2];[0, 19, 16, 10, 15, 11, 18, 8, 5, 7, 17, 2, 9, 3, 14, 12, 6, 4, 1, 13]|[0, 2, 1, 1, 2, 1, 0, 0, 2, 0, 1, 2, 1, 1, 0, 0, 0, 2, 1, 0]|[3, 0, 1, 1, 0, 0, 2, 0, 0, 0, 0, 0, 0, 1, 3, 3, 3, 0, 1, 3]|[1, 1, 1, 0, 0, 1, 0, 2, 1, 2, 1, 0, 1, 0, 0, 2, 0, 1, 1, 2];[0, 19, 16, 10, 15, 11, 12, 1, 5, 7, 17, 6, 13, 18, 14, 3, 2, 4, 9, 8]|[0, 2, 1, 1, 2, 1, 0, 0, 2, 0, 1, 2, 1, 1, 0, 0, 0, 2, 1, 0]|[3, 0, 1, 1, 0, 0, 2, 0, 0, 0, 0, 0, 1, 1, 3, 3, 3, 0, 1, 3]|[1, 1, 1, 0, 0, 1, 0, 2, 1, 2, 1, 0, 1, 0, 0, 2, 0, 1, 1, 2];[0, 19, 16, 14, 15, 11, 12, 18, 5, 10, 7, 9, 2, 3, 13, 6, 8, 4, 17, 1]|[0, 2, 1, 1, 2, 1, 0, 0, 2, 1, 1, 1, 2, 1, 0, 0, 0, 2, 1, 0]|[3, 0, 1, 1, 0, 1, 3, 3, 0, 1, 1, 1, 0, 1, 3, 3, 3, 0, 1, 3]|[0, 1, 1, 1, 0, 1, 0, 2, 1, 1, 1, 1, 0, 1, 0, 2, 0, 1, 1, 0];[0, 19, 16, 8, 5, 18, 12, 15, 11, 7, 4, 3, 6, 14, 17, 1, 9, 13, 10, 2]|[0, 2, 1, 2, 2, 0, 0, 2, 1, 1, 2, 0, 0, 0, 1, 1, 1, 1, 1, 0]|[3, 0, 1, 0, 0, 0, 1, 0, 1, 1, 0, 3, 3, 3, 1, 1, 1, 1, 1, 3]|[1, 1, 1, 0, 1, 2, 0, 0, 1, 1, 1, 0, 2, 0, 1, 1, 1, 1, 1, 1];[0, 19, 16, 10, 15, 11, 18, 8, 5, 12, 17, 6, 9, 13, 14, 3, 2, 4, 7, 1]|[0, 2, 1, 0, 2, 1, 0, 0, 2, 0, 1, 2, 1, 1, 0, 0, 0, 2, 1, 0]|[3, 0, 1, 1, 0, 1, 3, 0, 0, 0, 0, 0, 0, 1, 3, 3, 3, 0, 1, 3]|[1, 1, 1, 0, 0, 1, 0, 2, 1, 2, 1, 0, 1, 0, 0, 2, 0, 1, 1, 0];[0, 19, 16, 10, 15, 11, 18, 8, 5, 12, 17, 6, 9, 13, 14, 3, 2, 4, 7, 1]|[0, 2, 1, 0, 2, 1, 0, 0, 2, 0, 1, 2, 1, 1, 0, 0, 0, 2, 1, 0]|[3, 0, 1, 1, 0, 1, 3, 0, 0, 0, 0, 0, 0, 1, 3, 3, 3, 0, 1, 3]|[1, 1, 1, 0, 0, 1, 0, 2, 1, 2, 1, 0, 1, 0, 0, 2, 0, 1, 1, 0];[0, 19, 16, 10, 15, 11, 12, 1, 5, 18, 17, 7, 13, 6, 14, 3, 2, 4, 9, 8]|[0, 2, 1, 1, 2, 1, 0, 0, 2, 0, 1, 2, 1, 1, 0, 0, 0, 2, 1, 0]|[3, 0, 1, 1, 0, 0, 2, 0, 0, 0, 0, 0, 0, 1, 3, 3, 3, 0, 1, 3]|[1, 1, 1, 0, 0, 1, 0, 2, 1, 2, 1, 0, 1, 0, 0, 2, 0, 1, 1, 2];[11, 19, 16, 10, 15, 0, 12, 8, 5, 3, 17, 9, 6, 2, 4, 14, 18, 7, 13, 1]|[0, 2, 1, 1, 2, 1, 0, 0, 2, 1, 2, 1, 1, 1, 2, 0, 0, 0, 0, 0]|[3, 0, 1, 1, 0, 1, 3, 3, 0, 1, 0, 1, 1, 1, 0, 3, 3, 3, 3, 3]|[0, 1, 1, 1, 0, 1, 2, 0, 1, 1, 0, 1, 1, 1, 1, 2, 0, 2, 0, 0];[0, 19, 16, 10, 15, 9, 18, 5, 12, 14, 17, 2, 13, 11, 7, 6, 8, 4, 3, 1]|[0, 2, 1, 1, 2, 1, 0, 2, 0, 0, 1, 2, 1, 1, 0, 0, 0, 2, 1, 0]|[2, 1, 1, 1, 0, 0, 1, 0, 0, 3, 0, 0, 1, 1, 3, 3, 3, 0, 1, 0]|[1, 0, 1, 1, 1, 1, 0, 1, 2, 2, 1, 0, 0, 1, 0, 2, 0, 1, 1, 2];[19, 10, 15, 18, 2, 5, 7, 17, 12, 8, 16, 3, 6, 9, 1, 14, 4, 13, 11, 0]|[2, 1, 2, 0, 0, 2, 0, 1, 1, 2, 1, 1, 0, 0, 0, 0, 2, 1, 1, 0]|[1, 1, 0, 2, 3, 0, 0, 1, 1, 0, 1, 1, 3, 3, 0, 3, 0, 0, 1, 3]|[1, 1, 0, 1, 0, 1, 2, 1, 1, 0, 1, 0, 0, 0, 2, 2, 1, 1, 1, 0];[19, 10, 15, 18, 2, 5, 7, 17, 12, 8, 16, 3, 6, 9, 1, 14, 4, 13, 11, 0]|[2, 1, 2, 0, 0, 2, 0, 1, 1, 2, 1, 1, 0, 0, 0, 0, 2, 1, 1, 0]|[1, 1, 0, 2, 3, 0, 0, 1, 1, 0, 1, 1, 3, 3, 0, 3, 0, 0, 1, 3]|[1, 1, 0, 1, 0, 1, 2, 1, 1, 0, 1, 0, 0, 0, 2, 2, 1, 1, 1, 0];[19, 16, 2, 15, 11, 8, 5, 12, 7, 6, 9, 17, 0, 1, 10, 18, 13, 4, 14, 3]|[2, 1, 0, 2, 1, 0, 2, 0, 0, 2, 0, 1, 0, 0, 0, 0, 0, 2, 1, 0]|[0, 1, 3, 0, 1, 0, 0, 0, 3, 0, 0, 1, 3, 3, 3, 3, 3, 0, 1, 3]|[1, 1, 2, 0, 1, 0, 1, 2, 1, 0, 1, 0, 0, 2, 0, 1, 0, 1, 1, 0];[19, 16, 2, 15, 11, 8, 5, 12, 7, 6, 9, 17, 0, 1, 10, 18, 13, 4, 14, 3]|[2, 1, 0, 2, 1, 0, 2, 0, 0, 2, 0, 1, 0, 0, 0, 0, 0, 2, 1, 0]|[0, 1, 3, 0, 1, 0, 0, 0, 3, 0, 0, 1, 3, 3, 3, 3, 3, 0, 1, 3]|[1, 1, 2, 0, 1, 0, 1, 2, 1, 0, 1, 0, 0, 2, 0, 1, 0, 1, 1, 0];[0, 19, 16, 10, 15, 11, 12, 1, 5, 18, 7, 14, 6, 2, 17, 13, 3, 4, 8, 9]|[0, 2, 1, 1, 2, 1, 0, 0, 2, 0, 1, 2, 1, 1, 0, 0, 0, 2, 1, 0]|[3, 0, 1, 1, 0, 1, 3, 0, 0, 2, 1, 0, 1, 1, 3, 3, 3, 0, 1, 3]|[0, 1, 1, 1, 0, 1, 0, 0, 1, 2, 1, 0, 1, 1, 0, 2, 0, 1, 1, 0];[0, 19, 16, 10, 15, 11, 18, 8, 5, 7, 17, 6, 9, 12, 14, 2, 1, 4, 13, 3]|[0, 2, 1, 1, 2, 1, 0, 0, 2, 0, 0, 2, 0, 1, 0, 0, 0, 2, 1, 0]|[3, 0, 1, 1, 0, 0, 2, 0, 0, 0, 0, 0, 0, 1, 3, 3, 3, 0, 1, 3]|[1, 1, 1, 0, 0, 1, 0, 2, 1, 2, 1, 0, 1, 0, 0, 2, 0, 1, 1, 1];[0, 19, 16, 10, 15, 11, 18, 8, 5, 7, 17, 6, 9, 12, 14, 2, 1, 4, 13, 3]|[0, 2, 1, 1, 2, 1, 0, 0, 2, 0, 0, 2, 0, 1, 0, 0, 0, 2, 1, 0]|[3, 0, 1, 1, 0, 0, 2, 0, 0, 0, 0, 0, 0, 1, 3, 3, 3, 0, 1, 3]|[1, 1, 1, 0, 0, 1, 0, 2, 1, 2, 1, 0, 1, 0, 0, 2, 0, 1, 1, 1];[19, 16, 10, 15, 5, 12, 1, 11, 6, 7, 17, 2, 8, 13, 9, 14, 0, 4, 3, 18]|[2, 1, 1, 2, 2, 0, 1, 1, 2, 1, 1, 0, 0, 0, 0, 0, 0, 2, 1, 1]|[1, 1, 0, 0, 0, 3, 1, 0, 0, 1, 1, 0, 0, 3, 3, 3, 3, 0, 1, 1]|[0, 1, 0, 1, 1, 2, 1, 1, 0, 0, 1, 0, 0, 2, 1, 2, 0, 1, 1, 1];[19, 16, 10, 15, 5, 12, 1, 11, 6, 7, 17, 2, 8, 13, 9, 14, 0, 4, 3, 18]|[2, 1, 1, 2, 2, 0, 1, 1, 2, 1, 1, 0, 0, 0, 0, 0, 0, 2, 1, 1]|[1, 1, 0, 0, 0, 3, 1, 0, 0, 1, 1, 0, 0, 3, 3, 3, 3, 0, 1, 1]|[0, 1, 0, 1, 1, 2, 1, 1, 0, 0, 1, 0, 0, 2, 1, 2, 0, 1, 1, 1];[6, 14, 2, 11, 17, 9, 3, 12, 7, 5, 1, 18, 15, 16, 10, 19, 0, 4, 13, 8]|[0, 0, 0, 1, 1, 1, 2, 1, 0, 2, 0, 0, 2, 1, 1, 2, 0, 2, 1, 0]|[3, 3, 2, 1, 1, 0, 0, 1, 0, 0, 0, 2, 0, 1, 1, 1, 3, 0, 1, 3]|[2, 2, 0, 1, 0, 1, 0, 1, 2, 1, 2, 0, 0, 1, 1, 1, 1, 1, 1, 0];[6, 14, 2, 11, 17, 9, 3, 12, 7, 5, 1, 18, 15, 16, 10, 19, 0, 4, 13, 8]|[0, 0, 0, 1, 1, 1, 2, 1, 0, 2, 0, 0, 2, 1, 1, 2, 0, 2, 1, 0]|[3, 3, 2, 1, 1, 0, 0, 1, 0, 0, 0, 2, 0, 1, 1, 1, 3, 0, 1, 3]|[2, 2, 0, 1, 0, 1, 0, 1, 2, 1, 2, 0, 0, 1, 1, 1, 1, 1, 1, 0];[0, 19, 16, 3, 15, 18, 1, 5, 10, 9, 2, 17, 6, 8, 12, 13, 4, 11, 7, 14]|[0, 2, 1, 1, 2, 0, 0, 2, 1, 1, 2, 1, 1, 0, 0, 0, 2, 1, 1, 0]|[2, 1, 1, 1, 0, 3, 0, 0, 1, 0, 0, 0, 1, 3, 3, 3, 0, 1, 1, 3]|[1, 1, 1, 1, 0, 0, 2, 1, 1, 1, 0, 1, 0, 0, 0, 0, 1, 1, 1, 2];[0, 19, 16, 3, 15, 18, 1, 5, 10, 9, 2, 17, 6, 8, 12, 13, 4, 11, 7, 14]|[0, 2, 1, 1, 2, 0, 0, 2, 1, 1, 2, 1, 1, 0, 0, 0, 2, 1, 1, 0]|[2, 1, 1, 1, 0, 3, 0, 0, 1, 0, 0, 0, 1, 3, 3, 3, 0, 1, 1, 3]|[1, 1, 1, 1, 0, 0, 2, 1, 1, 1, 0, 1, 0, 0, 0, 0, 1, 1, 1, 2];[0, 19, 6, 10, 15, 5, 16, 1, 11, 12, 17, 2, 7, 3, 14, 8, 9, 4, 13, 18]|[0, 2, 1, 1, 2, 1, 0, 0, 2, 0, 1, 2, 1, 1, 0, 0, 0, 2, 1, 0]|[3, 0, 1, 1, 0, 0, 2, 0, 0, 0, 0, 0, 0, 1, 3, 3, 3, 0, 1, 3]|[1, 1, 1, 0, 0, 1, 0, 2, 1, 1, 1, 0, 1, 0, 0, 2, 0, 1, 1, 0];[19, 16, 10, 15, 11, 4, 6, 7, 2, 3, 8, 12, 9, 1, 5, 13, 18, 14, 17, 0]|[2, 1, 1, 2, 1, 1, 2, 1, 2, 1, 0, 0, 0, 0, 2, 0, 0, 0, 0, 0]|[0, 1, 1, 0, 1, 1, 0, 0, 0, 1, 3, 3, 3, 3, 0, 3, 3, 3, 3, 3]|[1, 1, 0, 0, 1, 1, 1, 1, 0, 1, 0, 2, 0, 0, 1, 2, 0, 2, 0, 0];[0, 19, 16, 10, 15, 11, 18, 8, 5, 12, 17, 2, 13, 7, 6, 1, 14, 4, 3, 9]|[0, 2, 1, 1, 2, 1, 0, 0, 2, 0, 1, 2, 1, 1, 0, 0, 0, 2, 0, 0]|[3, 0, 1, 1, 0, 1, 2, 0, 0, 0, 0, 0, 0, 1, 3, 3, 3, 0, 1, 3]|[1, 1, 1, 1, 0, 1, 0, 2, 1, 2, 1, 0, 1, 0, 0, 2, 2, 1, 1, 0];[0, 19, 16, 10, 15, 11, 18, 8, 5, 12, 17, 2, 13, 7, 6, 1, 14, 4, 3, 9]|[0, 2, 1, 1, 2, 1, 0, 0, 2, 0, 1, 2, 1, 1, 0, 0, 0, 2, 0, 0]|[3, 0, 1, 1, 0, 1, 2, 0, 0, 0, 0, 0, 0, 1, 3, 3, 3, 0, 1, 3]|[1, 1, 1, 1, 0, 1, 0, 2, 1, 2, 1, 0, 1, 0, 0, 2, 2, 1, 1, 0];[0, 19, 16, 10, 15, 11, 12, 1, 5, 18, 7, 2, 9, 6, 3, 13, 14, 4, 8, 17]|[0, 2, 1, 1, 2, 1, 0, 0, 2, 0, 1, 2, 1, 1, 0, 0, 0, 2, 0, 0]|[3, 0, 1, 1, 1, 0, 2, 0, 0, 0, 0, 0, 0, 1, 3, 3, 3, 0, 0, 3]|[1, 1, 1, 0, 0, 1, 0, 2, 1, 2, 1, 0, 1, 0, 0, 2, 0, 1, 1, 0];[19, 16, 10, 15, 11, 6, 7, 17, 2, 14, 4, 12, 3, 1, 9, 8, 13, 0, 18, 5]|[2, 1, 1, 2, 1, 0, 0, 1, 2, 2, 2, 0, 0, 0, 0, 0, 0, 0, 0, 1]|[0, 1, 1, 0, 1, 3, 3, 1, 0, 0, 0, 3, 3, 3, 3, 3, 3, 3, 3, 1]|[1, 1, 0, 0, 1, 0, 2, 0, 0, 1, 1, 0, 0, 2, 0, 0, 2, 0, 0, 1];[19, 16, 14, 10, 3, 6, 9, 8, 5, 17, 13, 12, 11, 15, 0, 4, 2, 18, 1, 7]|[2, 1, 0, 0, 1, 2, 1, 0, 2, 0, 0, 1, 1, 2, 0, 1, 2, 0, 0, 0]|[0, 1, 3, 3, 1, 0, 1, 3, 0, 3, 3, 1, 1, 0, 3, 1, 0, 3, 3, 3]|[1, 1, 0, 2, 1, 0, 1, 0, 1, 0, 2, 0, 1, 0, 0, 1, 1, 2, 0, 0];[0, 19, 16, 10, 15, 11, 7, 1, 18, 17, 4, 5, 13, 6, 14, 9, 3, 2, 12, 8]|[0, 2, 1, 1, 1, 1, 0, 0, 0, 1, 2, 2, 0, 0, 2, 2, 0, 2, 1, 0]|[2, 1, 1, 1, 0, 1, 0, 0, 3, 1, 0, 0, 3, 3, 1, 1, 1, 0, 1, 3]|[0, 0, 1, 1, 0, 1, 2, 2, 1, 1, 1, 1, 0, 2, 0, 1, 1, 0, 1, 0];[14, 19, 16, 15, 18, 5, 12, 8, 17, 6, 10, 11, 2, 3, 9, 0, 4, 1, 7, 13]|[0, 2, 1, 2, 0, 2, 0, 0, 1, 2, 1, 1, 1, 0, 0, 0, 2, 1, 1, 0]|[3, 1, 1, 0, 2, 0, 0, 0, 0, 0, 1, 1, 1, 3, 3, 3, 0, 1, 0, 3]|[0, 1, 1, 0, 1, 1, 2, 2, 1, 0, 0, 1, 1, 0, 2, 0, 1, 0, 1, 2];[14, 19, 16, 15, 18, 5, 12, 8, 17, 6, 10, 11, 2, 3, 9, 0, 4, 1, 7, 13]|[0, 2, 1, 2, 0, 2, 0, 0, 1, 2, 1, 1, 1, 0, 0, 0, 2, 1, 1, 0]|[3, 1, 1, 0, 2, 0, 0, 0, 0, 0, 1, 1, 1, 3, 3, 3, 0, 1, 0, 3]|[0, 1, 1, 0, 1, 1, 2, 2, 1, 0, 0, 1, 1, 0, 2, 0, 1, 0, 1, 2];[0, 19, 16, 10, 15, 11, 8, 1, 5, 12, 17, 2, 7, 13, 3, 6, 14, 4, 18, 9]|[0, 2, 1, 1, 2, 1, 0, 0, 2, 0, 1, 2, 1, 1, 0, 0, 0, 2, 1, 0]|[3, 0, 1, 1, 1, 1, 2, 0, 0, 0, 0, 0, 0, 1, 3, 3, 3, 0, 0, 3]|[1, 1, 0, 1, 0, 1, 0, 2, 1, 2, 0, 0, 1, 0, 0, 2, 0, 1, 1, 0];[19, 16, 10, 15, 11, 12, 8, 2, 1, 5, 6, 3, 7, 14, 4, 9, 17, 0, 13, 18]|[2, 1, 1, 2, 1, 1, 1, 0, 0, 2, 2, 0, 0, 0, 2, 0, 0, 0, 0, 0]|[0, 1, 1, 0, 1, 1, 0, 3, 3, 0, 0, 3, 3, 3, 0, 3, 3, 3, 3, 3]|[1, 1, 0, 0, 1, 0, 1, 0, 2, 1, 0, 0, 2, 0, 1, 0, 0, 2, 0, 0];[19, 16, 10, 15, 11, 12, 8, 2, 1, 5, 6, 3, 7, 14, 4, 9, 17, 0, 13, 18]|[2, 1, 1, 2, 1, 1, 1, 0, 0, 2, 2, 0, 0, 0, 2, 0, 0, 0, 0, 0]|[0, 1, 1, 0, 1, 1, 0, 3, 3, 0, 0, 3, 3, 3, 0, 3, 3, 3, 3, 3]|[1, 1, 0, 0, 1, 0, 1, 0, 2, 1, 0, 0, 2, 0, 1, 0, 0, 2, 0, 0]	sBp=[3, 12, 5, 8, 17, 11, 15, 10, 16, 19, 0, 2, 9, 6, 18, 1, 13, 4, 7, 14]|[0, 0, 2, 0, 0, 1, 2, 1, 1, 2, 0, 2, 0, 1, 0, 0, 0, 2, 0, 0]|[3, 0, 0, 0, 0, 1, 0, 1, 1, 0, 3, 0, 0, 1, 3, 3, 3, 0, 3, 3]|[0, 2, 1, 2, 2, 1, 0, 0, 1, 1, 1, 0, 1, 1, 0, 0, 2, 1, 1, 0];[3, 12, 5, 8, 17, 11, 15, 10, 16, 19, 0, 2, 9, 6, 18, 1, 13, 4, 7, 14]|[0, 0, 2, 0, 0, 1, 2, 1, 1, 2, 0, 2, 0, 1, 0, 0, 0, 2, 0, 0]|[3, 0, 0, 0, 0, 1, 0, 1, 1, 0, 3, 0, 0, 1, 3, 3, 3, 0, 3, 3]|[0, 2, 1, 2, 2, 1, 0, 0, 1, 1, 1, 0, 1, 1, 0, 0, 2, 1, 1, 0];[12, 5, 8, 3, 11, 15, 10, 16, 19, 0, 17, 2, 9, 6, 1, 13, 14, 4, 7, 18]|[0, 2, 0, 0, 1, 2, 1, 1, 2, 0, 0, 2, 0, 1, 0, 0, 0, 2, 0, 0]|[0, 0, 0, 3, 1, 0, 1, 1, 0, 3, 0, 0, 0, 1, 3, 3, 3, 0, 3, 3]|[2, 1, 2, 0, 1, 0, 0, 1, 1, 1, 1, 0, 1, 1, 0, 2, 0, 1, 1, 0];[12, 5, 8, 3, 11, 15, 10, 16, 19, 0, 17, 2, 9, 6, 1, 13, 14, 4, 7, 18]|[0, 2, 0, 0, 1, 2, 1, 1, 2, 0, 0, 2, 0, 1, 0, 0, 0, 2, 0, 0]|[0, 0, 0, 3, 1, 0, 1, 1, 0, 3, 0, 0, 0, 1, 3, 3, 3, 0, 3, 3]|[2, 1, 2, 0, 1, 0, 0, 1, 1, 1, 1, 0, 1, 1, 0, 2, 0, 1, 1, 0];[12, 5, 8, 7, 11, 15, 10, 16, 19, 0, 13, 3, 14, 6, 2, 17, 9, 4, 1, 18]|[0, 2, 0, 0, 1, 2, 1, 1, 2, 0, 0, 0, 0, 1, 2, 0, 0, 2, 0, 0]|[0, 0, 0, 3, 1, 0, 1, 1, 0, 3, 3, 3, 3, 1, 0, 0, 0, 0, 3, 3]|[2, 1, 2, 0, 1, 0, 0, 1, 1, 1, 0, 2, 0, 0, 0, 1, 1, 1, 1, 0];[12, 5, 8, 7, 11, 15, 10, 16, 19, 0, 13, 3, 14, 6, 2, 17, 9, 4, 1, 18]|[0, 2, 0, 0, 1, 2, 1, 1, 2, 0, 0, 0, 0, 1, 2, 0, 0, 2, 0, 0]|[0, 0, 0, 3, 1, 0, 1, 1, 0, 3, 3, 3, 3, 1, 0, 0, 0, 0, 3, 3]|[2, 1, 2, 0, 1, 0, 0, 1, 1, 1, 0, 2, 0, 0, 0, 1, 1, 1, 1, 0];[0, 19, 16, 10, 15, 11, 12, 18, 5, 3, 17, 2, 7, 9, 6, 14, 8, 4, 13, 1]|[0, 2, 1, 1, 2, 1, 0, 0, 2, 0, 1, 2, 1, 1, 0, 0, 0, 2, 1, 0]|[3, 0, 1, 1, 0, 1, 2, 0, 0, 0, 1, 0, 1, 1, 3, 3, 3, 0, 1, 3]|[1, 1, 1, 0, 0, 1, 0, 2, 1, 2, 1, 0, 1, 1, 0, 2, 0, 1, 1, 0];[12, 19, 16, 10, 15, 11, 3, 8, 5, 0, 2, 9, 6, 18, 1, 14, 4, 7, 13, 17]|[0, 2, 1, 1, 2, 1, 0, 0, 2, 0, 2, 0, 1, 0, 0, 0, 2, 0, 0, 0]|[3, 0, 1, 1, 0, 1, 0, 0, 0, 3, 0, 0, 1, 3, 3, 3, 0, 0, 3, 0]|[2, 1, 1, 0, 0, 1, 0, 2, 1, 1, 0, 1, 0, 0, 2, 0, 1, 1, 2, 1];[0, 19, 16, 10, 15, 11, 12, 8, 5, 18, 17, 2, 9, 3, 6, 1, 14, 4, 7, 13]|[0, 2, 1, 1, 2, 1, 0, 0, 2, 0, 1, 2, 1, 1, 0, 0, 0, 2, 1, 0]|[3, 0, 1, 1, 0, 1, 3, 2, 0, 3, 1, 0, 1, 1, 3, 3, 3, 0, 1, 3]|[0, 1, 1, 0, 0, 1, 0, 2, 1, 2, 1, 0, 1, 1, 0, 2, 0, 1, 1, 0];[12, 19, 16, 10, 15, 11, 3, 8, 5, 0, 2, 9, 6, 18, 1, 14, 4, 7, 13, 17]|[0, 2, 1, 1, 2, 1, 0, 0, 2, 0, 2, 0, 1, 0, 0, 0, 2, 0, 0, 0]|[3, 0, 1, 1, 0, 1, 0, 0, 0, 3, 0, 0, 1, 3, 3, 3, 0, 0, 3, 0]|[2, 1, 1, 0, 0, 1, 0, 2, 1, 1, 0, 1, 0, 0, 2, 0, 1, 1, 2, 1];[19, 16, 10, 15, 11, 12, 14, 4, 8, 3, 6, 1, 13, 9, 18, 17, 2, 5, 7, 0]|[2, 1, 1, 2, 1, 0, 0, 2, 0, 1, 2, 0, 1, 0, 0, 0, 2, 1, 0, 0]|[0, 1, 1, 0, 1, 3, 3, 0, 3, 1, 0, 3, 1, 3, 3, 3, 0, 1, 3, 3]|[1, 1, 0, 0, 1, 0, 2, 1, 0, 1, 0, 2, 1, 0, 2, 0, 1, 1, 2, 0];[0, 19, 16, 10, 15, 11, 18, 8, 5, 12, 3, 6, 9, 17, 2, 1, 13, 4, 14, 7]|[0, 2, 1, 1, 2, 1, 0, 0, 2, 0, 1, 2, 1, 1, 0, 0, 0, 2, 1, 0]|[3, 0, 1, 1, 0, 1, 3, 0, 0, 0, 0, 0, 0, 1, 3, 3, 3, 0, 1, 3]|[1, 1, 1, 1, 0, 0, 0, 2, 1, 2, 1, 0, 1, 1, 0, 2, 0, 1, 1, 0];[0, 19, 16, 15, 11, 8, 12, 18, 5, 3, 17, 2, 9, 10, 14, 1, 13, 4, 6, 7]|[0, 2, 1, 2, 1, 1, 0, 0, 2, 0, 1, 2, 1, 1, 0, 0, 0, 2, 1, 0]|[3, 0, 1, 0, 1, 1, 3, 3, 0, 3, 1, 0, 1, 1, 3, 3, 3, 0, 1, 3]|[2, 1, 1, 0, 1, 1, 0, 0, 1, 2, 1, 0, 1, 1, 0, 2, 0, 1, 1, 0];[0, 19, 16, 15, 11, 8, 12, 18, 5, 3, 17, 2, 9, 10, 14, 1, 13, 4, 6, 7]|[0, 2, 1, 2, 1, 1, 0, 0, 2, 0, 1, 2, 1, 1, 0, 0, 0, 2, 1, 0]|[3, 0, 1, 0, 1, 1, 3, 3, 0, 3, 1, 0, 1, 1, 3, 3, 3, 0, 1, 3]|[2, 1, 1, 0, 1, 1, 0, 0, 1, 2, 1, 0, 1, 1, 0, 2, 0, 1, 1, 0];[14, 19, 16, 2, 11, 13, 18, 0, 5, 12, 8, 10, 9, 1, 7, 3, 4, 17, 6, 15]|[0, 2, 1, 2, 1, 1, 0, 0, 2, 0, 2, 1, 1, 0, 0, 0, 2, 1, 1, 0]|[3, 0, 1, 0, 1, 1, 3, 3, 0, 3, 0, 1, 1, 3, 3, 3, 0, 1, 1, 3]|[0, 1, 1, 0, 1, 1, 2, 0, 1, 2, 0, 1, 1, 0, 2, 0, 1, 1, 1, 0];[0, 19, 16, 10, 15, 11, 18, 1, 5, 12, 17, 2, 7, 13, 6, 3, 14, 4, 9, 8]|[0, 2, 1, 1, 2, 1, 0, 0, 2, 0, 1, 2, 1, 1, 0, 0, 0, 2, 1, 0]|[3, 0, 1, 1, 0, 1, 2, 0, 0, 0, 0, 0, 0, 1, 3, 3, 3, 0, 1, 3]|[1, 1, 1, 0, 0, 1, 0, 2, 1, 2, 1, 0, 1, 0, 0, 2, 0, 1, 1, 2];[19, 16, 10, 15, 11, 18, 4, 12, 17, 2, 7, 13, 6, 0, 1, 3, 14, 5, 9, 8]|[2, 1, 1, 2, 1, 0, 2, 0, 1, 2, 1, 1, 0, 0, 0, 0, 0, 2, 1, 0]|[1, 1, 1, 0, 1, 2, 0, 0, 0, 0, 0, 1, 3, 3, 0, 3, 3, 0, 1, 3]|[1, 1, 0, 0, 1, 1, 1, 2, 1, 0, 1, 0, 0, 0, 2, 2, 0, 1, 1, 2];[0, 19, 16, 10, 15, 11, 18, 8, 5, 12, 17, 6, 7, 9, 14, 2, 13, 4, 3, 1]|[0, 2, 1, 1, 2, 1, 0, 0, 2, 0, 1, 2, 1, 1, 0, 0, 0, 2, 1, 1]|[3, 0, 1, 1, 0, 1, 3, 0, 0, 0, 1, 0, 0, 1, 3, 3, 3, 0, 1, 1]|[1, 1, 1, 0, 0, 1, 0, 2, 1, 2, 1, 0, 1, 0, 0, 2, 0, 1, 1, 1];[0, 19, 16, 10, 15, 11, 18, 8, 5, 12, 3, 6, 9, 7, 14, 13, 1, 4, 2, 17]|[0, 2, 1, 1, 2, 1, 0, 0, 2, 0, 1, 2, 1, 1, 0, 0, 0, 2, 1, 0]|[3, 0, 1, 1, 0, 1, 3, 2, 0, 3, 1, 0, 1, 1, 3, 3, 3, 0, 1, 3]|[1, 1, 1, 0, 0, 1, 0, 2, 1, 2, 1, 0, 1, 1, 0, 2, 0, 1, 1, 2];[19, 16, 2, 12, 5, 15, 18, 8, 10, 13, 9, 17, 11, 14, 1, 0, 7, 4, 6, 3]|[2, 1, 2, 0, 2, 0, 0, 2, 1, 1, 1, 1, 1, 0, 0, 0, 0, 2, 1, 0]|[0, 1, 0, 3, 0, 3, 3, 0, 1, 1, 1, 1, 1, 3, 3, 3, 3, 0, 1, 3]|[1, 1, 0, 2, 1, 0, 2, 0, 1, 1, 1, 1, 1, 0, 0, 2, 0, 1, 1, 0];[19, 16, 2, 12, 5, 15, 18, 8, 10, 13, 9, 17, 11, 14, 1, 0, 7, 4, 6, 3]|[2, 1, 2, 0, 2, 0, 0, 2, 1, 1, 1, 1, 1, 0, 0, 0, 0, 2, 1, 0]|[0, 1, 0, 3, 0, 3, 3, 0, 1, 1, 1, 1, 1, 3, 3, 3, 3, 0, 1, 3]|[1, 1, 0, 2, 1, 0, 2, 0, 1, 1, 1, 1, 1, 0, 0, 2, 0, 1, 1, 0];[19, 16, 10, 15, 12, 3, 5, 1, 18, 11, 6, 17, 9, 2, 13, 7, 14, 4, 0, 8]|[2, 1, 1, 2, 1, 0, 2, 0, 0, 1, 2, 1, 1, 0, 0, 0, 1, 2, 0, 0]|[0, 1, 1, 0, 1, 3, 0, 0, 2, 1, 0, 1, 1, 3, 3, 0, 1, 0, 3, 3]|[1, 1, 1, 0, 1, 0, 1, 2, 1, 1, 0, 1, 1, 0, 0, 2, 1, 1, 0, 2];[0, 19, 16, 10, 15, 11, 18, 1, 5, 12, 17, 2, 9, 13, 7, 6, 8, 4, 3, 14]|[0, 2, 1, 1, 2, 1, 0, 0, 2, 0, 1, 2, 1, 1, 0, 0, 0, 2, 1, 0]|[3, 0, 1, 1, 0, 1, 2, 0, 0, 0, 0, 0, 0, 1, 3, 3, 3, 0, 1, 3]|[1, 1, 1, 0, 0, 1, 0, 2, 1, 2, 1, 0, 1, 0, 0, 2, 0, 1, 1, 2];[0, 19, 16, 10, 15, 11, 18, 12, 5, 7, 17, 6, 8, 9, 2, 3, 13, 4, 14, 1]|[0, 2, 1, 1, 2, 1, 0, 0, 2, 0, 1, 2, 1, 1, 0, 0, 0, 2, 1, 0]|[3, 0, 1, 1, 0, 1, 2, 0, 0, 0, 1, 0, 0, 1, 3, 3, 3, 0, 1, 3]|[1, 1, 1, 0, 0, 1, 0, 2, 1, 2, 0, 0, 1, 1, 0, 2, 0, 1, 1, 2];[0, 19, 6, 10, 15, 11, 18, 8, 4, 12, 17, 2, 1, 9, 14, 3, 13, 16, 5, 7]|[0, 2, 1, 1, 2, 1, 0, 0, 2, 0, 1, 2, 1, 1, 0, 0, 0, 2, 1, 0]|[3, 0, 1, 1, 0, 1, 2, 0, 0, 0, 1, 0, 0, 1, 3, 3, 3, 0, 1, 3]|[1, 1, 1, 0, 0, 1, 0, 2, 1, 2, 1, 0, 1, 0, 0, 2, 0, 1, 1, 0];[0, 19, 16, 10, 15, 11, 12, 1, 5, 7, 17, 2, 9, 6, 14, 4, 18, 3, 13, 8]|[0, 2, 1, 1, 2, 1, 0, 0, 2, 0, 1, 2, 1, 1, 0, 0, 0, 2, 1, 0]|[3, 0, 1, 1, 0, 1, 2, 0, 0, 0, 0, 0, 0, 1, 3, 3, 3, 0, 1, 3]|[1, 1, 1, 0, 0, 1, 0, 2, 1, 2, 1, 0, 1, 0, 0, 2, 0, 1, 1, 2];[0, 19, 16, 10, 15, 11, 18, 8, 5, 12, 17, 2, 7, 9, 1, 14, 6, 4, 13, 3]|[0, 2, 1, 1, 2, 1, 0, 0, 2, 0, 1, 2, 1, 1, 0, 0, 0, 2, 1, 0]|[3, 0, 1, 1, 0, 1, 3, 0, 0, 0, 1, 0, 0, 1, 3, 3, 3, 0, 1, 3]|[1, 1, 1, 0, 0, 1, 0, 2, 1, 2, 1, 0, 1, 0, 0, 2, 0, 1, 1, 0];[19, 16, 10, 15, 11, 12, 5, 8, 9, 17, 6, 7, 1, 0, 14, 13, 18, 2, 4, 3]|[2, 1, 1, 2, 1, 0, 2, 0, 0, 1, 2, 1, 1, 0, 0, 0, 0, 2, 1, 0]|[0, 1, 1, 0, 1, 3, 0, 3, 3, 1, 0, 1, 1, 3, 3, 3, 3, 0, 1, 3]|[1, 1, 1, 0, 1, 2, 1, 0, 2, 1, 0, 1, 1, 0, 2, 0, 2, 1, 1, 0];[19, 16, 10, 15, 11, 12, 5, 8, 9, 17, 6, 7, 1, 0, 14, 13, 18, 2, 4, 3]|[2, 1, 1, 2, 1, 0, 2, 0, 0, 1, 2, 1, 1, 0, 0, 0, 0, 2, 1, 0]|[0, 1, 1, 0, 1, 3, 0, 3, 3, 1, 0, 1, 1, 3, 3, 3, 3, 0, 1, 3]|[1, 1, 1, 0, 1, 2, 1, 0, 2, 1, 0, 1, 1, 0, 2, 0, 2, 1, 1, 0];[0, 19, 16, 10, 15, 11, 18, 8, 5, 3, 17, 6, 7, 9, 12, 13, 14, 2, 4, 1]|[0, 2, 1, 1, 2, 1, 0, 0, 2, 0, 1, 2, 1, 1, 0, 0, 0, 2, 1, 0]|[3, 0, 1, 1, 0, 1, 3, 0, 0, 0, 1, 0, 0, 1, 3, 3, 3, 0, 1, 3]|[1, 1, 1, 0, 0, 1, 0, 2, 1, 2, 1, 0, 1, 0, 0, 2, 0, 1, 1, 0];[0, 19, 16, 10, 15, 11, 18, 8, 5, 12, 17, 6, 7, 1, 3, 14, 9, 2, 4, 13]|[0, 2, 1, 1, 2, 1, 0, 0, 2, 0, 1, 2, 1, 1, 0, 0, 0, 2, 1, 0]|[3, 0, 1, 1, 0, 1, 3, 0, 0, 0, 1, 0, 0, 1, 3, 3, 3, 0, 1, 3]|[1, 1, 1, 0, 0, 1, 0, 2, 1, 2, 1, 0, 1, 0, 0, 2, 0, 1, 1, 0];[12, 19, 16, 15, 8, 10, 18, 5, 0, 17, 2, 7, 1, 4, 3, 6, 14, 9, 11, 13]|[0, 2, 1, 2, 1, 1, 0, 2, 0, 1, 2, 1, 1, 2, 0, 0, 0, 1, 1, 0]|[0, 0, 1, 0, 1, 1, 3, 0, 3, 1, 0, 1, 1, 0, 3, 3, 3, 1, 1, 3]|[0, 1, 1, 0, 1, 1, 2, 1, 0, 1, 0, 1, 1, 1, 0, 2, 0, 1, 1, 0];[0, 19, 16, 10, 15, 11, 12, 18, 5, 1, 7, 6, 17, 9, 14, 3, 2, 4, 8, 13]|[0, 2, 1, 1, 2, 1, 0, 0, 2, 0, 1, 2, 1, 1, 0, 0, 0, 2, 1, 0]|[3, 0, 1, 1, 0, 1, 0, 2, 0, 3, 1, 0, 1, 1, 3, 3, 3, 0, 1, 3]|[1, 1, 1, 0, 0, 1, 0, 2, 1, 2, 1, 0, 1, 0, 0, 2, 0, 1, 1, 0];[0, 19, 16, 10, 15, 11, 18, 1, 5, 12, 17, 2, 9, 13, 7, 8, 3, 4, 6, 14]|[0, 2, 1, 1, 2, 1, 0, 0, 2, 0, 1, 2, 1, 1, 0, 0, 0, 2, 1, 0]|[3, 0, 1, 1, 0, 1, 3, 0, 0, 0, 1, 0, 0, 1, 3, 3, 3, 0, 1, 3]|[1, 1, 1, 0, 0, 1, 0, 2, 1, 2, 1, 0, 1, 0, 0, 2, 0, 1, 1, 0];[0, 19, 5, 15, 16, 18, 12, 4, 8, 10, 6, 7, 17, 11, 14, 13, 3, 9, 2, 1]|[0, 2, 1, 2, 1, 0, 0, 2, 0, 1, 2, 1, 1, 1, 0, 0, 0, 2, 1, 0]|[0, 0, 1, 0, 1, 3, 3, 0, 3, 1, 0, 1, 1, 1, 3, 3, 3, 0, 1, 3]|[2, 1, 1, 0, 1, 0, 0, 1, 2, 1, 0, 1, 1, 1, 0, 2, 0, 1, 1, 2];[0, 19, 16, 10, 15, 11, 18, 1, 5, 12, 17, 6, 9, 7, 2, 14, 13, 4, 3, 8]|[0, 2, 1, 1, 2, 1, 0, 0, 2, 0, 1, 2, 1, 1, 0, 0, 0, 2, 1, 0]|[3, 0, 1, 1, 0, 1, 3, 0, 0, 0, 1, 0, 0, 1, 3, 3, 3, 0, 1, 3]|[1, 1, 1, 0, 0, 1, 0, 2, 1, 2, 1, 0, 1, 0, 0, 2, 2, 1, 1, 0];[0, 19, 16, 10, 15, 11, 18, 1, 5, 7, 12, 3, 9, 17, 2, 14, 8, 4, 13, 6]|[0, 2, 1, 1, 2, 1, 0, 0, 2, 0, 1, 2, 1, 1, 0, 0, 0, 2, 1, 0]|[3, 0, 1, 1, 0, 1, 2, 0, 0, 0, 1, 0, 0, 1, 2, 3, 3, 0, 1, 3]|[1, 1, 1, 1, 0, 1, 0, 2, 1, 2, 1, 0, 1, 0, 0, 2, 0, 1, 1, 2];[0, 19, 16, 10, 4, 11, 18, 8, 5, 12, 17, 6, 7, 1, 3, 13, 9, 15, 2, 14]|[0, 2, 1, 1, 2, 1, 0, 0, 2, 0, 1, 2, 1, 1, 0, 0, 0, 2, 1, 0]|[3, 0, 1, 1, 0, 1, 3, 0, 0, 0, 1, 0, 0, 1, 3, 3, 3, 0, 1, 3]|[1, 1, 1, 0, 0, 1, 0, 2, 1, 2, 1, 0, 1, 0, 0, 2, 0, 1, 1, 0];[0, 19, 16, 10, 15, 11, 12, 1, 5, 18, 7, 2, 9, 17, 14, 8, 6, 3, 4, 13]|[0, 2, 1, 1, 2, 1, 0, 0, 2, 0, 0, 2, 0, 1, 0, 0, 0, 2, 1, 0]|[3, 0, 1, 1, 0, 1, 2, 0, 0, 0, 0, 0, 0, 1, 3, 3, 3, 0, 1, 3]|[1, 1, 1, 0, 0, 1, 0, 2, 1, 2, 1, 0, 1, 0, 0, 2, 0, 1, 1, 2];[0, 19, 16, 10, 4, 6, 18, 3, 17, 14, 15, 11, 9, 8, 12, 1, 13, 5, 2, 7]|[0, 2, 1, 1, 2, 1, 0, 0, 2, 0, 1, 2, 1, 1, 0, 0, 0, 2, 1, 0]|[3, 0, 1, 1, 0, 1, 3, 0, 0, 0, 0, 0, 0, 1, 3, 3, 3, 0, 1, 3]|[1, 1, 1, 1, 0, 1, 0, 2, 1, 2, 1, 0, 1, 0, 0, 2, 0, 1, 1, 0];[0, 19, 16, 10, 15, 11, 18, 8, 5, 12, 2, 6, 7, 17, 9, 1, 3, 4, 13, 14]|[0, 2, 1, 1, 2, 1, 0, 0, 2, 0, 1, 2, 1, 1, 0, 0, 0, 2, 1, 0]|[3, 0, 1, 1, 0, 1, 3, 2, 0, 0, 1, 0, 0, 1, 3, 3, 3, 0, 1, 3]|[1, 1, 1, 1, 0, 1, 0, 2, 1, 2, 1, 0, 1, 1, 0, 2, 0, 1, 1, 2];[0, 19, 16, 10, 15, 11, 12, 18, 5, 14, 3, 1, 9, 17, 2, 8, 13, 4, 6, 7]|[0, 2, 1, 1, 2, 1, 0, 0, 2, 0, 1, 2, 1, 1, 0, 0, 0, 2, 1, 0]|[3, 0, 1, 1, 0, 1, 2, 0, 0, 0, 1, 0, 1, 1, 3, 3, 3, 0, 1, 3]|[1, 1, 1, 1, 0, 1, 0, 2, 1, 2, 1, 0, 1, 1, 0, 2, 0, 1, 1, 0];[0, 19, 16, 10, 15, 11, 12, 1, 5, 18, 7, 2, 9, 13, 6, 3, 17, 4, 8, 14]|[0, 2, 1, 1, 2, 1, 0, 0, 2, 0, 1, 2, 1, 1, 0, 0, 0, 2, 1, 0]|[3, 0, 1, 1, 0, 1, 2, 0, 0, 3, 1, 0, 0, 1, 3, 3, 3, 0, 1, 3]|[1, 1, 1, 0, 0, 1, 0, 2, 1, 2, 1, 0, 1, 0, 0, 2, 0, 1, 1, 0];[8, 19, 16, 10, 15, 11, 12, 0, 5, 1, 3, 6, 9, 13, 2, 14, 18, 4, 17, 7]|[0, 2, 1, 1, 2, 1, 0, 0, 2, 0, 1, 2, 1, 1, 0, 0, 0, 2, 1, 0]|[3, 0, 1, 1, 0, 1, 3, 3, 0, 3, 1, 0, 1, 1, 3, 3, 3, 0, 1, 3]|[0, 1, 1, 1, 0, 1, 2, 0, 1, 2, 1, 0, 1, 1, 0, 2, 0, 1, 1, 0];[8, 19, 16, 10, 15, 11, 12, 0, 5, 1, 3, 6, 9, 13, 2, 14, 18, 4, 17, 7]|[0, 2, 1, 1, 2, 1, 0, 0, 2, 0, 1, 2, 1, 1, 0, 0, 0, 2, 1, 0]|[3, 0, 1, 1, 0, 1, 3, 3, 0, 3, 1, 0, 1, 1, 3, 3, 3, 0, 1, 3]|[0, 1, 1, 1, 0, 1, 2, 0, 1, 2, 1, 0, 1, 1, 0, 2, 0, 1, 1, 0];[19, 16, 10, 15, 11, 6, 14, 8, 5, 17, 2, 7, 9, 3, 12, 18, 1, 13, 4, 0]|[2, 1, 1, 2, 1, 0, 0, 0, 2, 1, 2, 1, 1, 0, 0, 0, 0, 1, 2, 0]|[0, 1, 1, 0, 1, 3, 3, 3, 0, 0, 0, 0, 1, 3, 3, 3, 3, 1, 0, 3]|[1, 1, 0, 0, 1, 0, 2, 0, 1, 1, 0, 1, 0, 2, 0, 0, 2, 1, 1, 0];[0, 19, 16, 10, 15, 11, 18, 1, 5, 12, 2, 13, 9, 17, 7, 6, 3, 4, 14, 8]|[0, 2, 1, 1, 2, 1, 0, 0, 2, 0, 1, 2, 1, 1, 0, 0, 0, 2, 1, 0]|[3, 0, 1, 1, 1, 1, 2, 3, 0, 3, 1, 0, 1, 1, 3, 3, 3, 0, 1, 3]|[1, 1, 1, 0, 0, 1, 0, 2, 1, 2, 1, 0, 1, 1, 0, 2, 0, 1, 1, 0];[0, 19, 16, 10, 15, 11, 18, 8, 6, 12, 17, 2, 9, 7, 5, 14, 13, 4, 3, 1]|[0, 2, 1, 1, 2, 1, 0, 0, 2, 0, 1, 2, 1, 1, 0, 0, 0, 2, 1, 0]|[3, 0, 1, 1, 0, 1, 3, 0, 0, 3, 0, 0, 0, 1, 3, 3, 3, 0, 1, 3]|[1, 1, 1, 0, 0, 1, 0, 2, 1, 2, 1, 0, 1, 0, 0, 2, 0, 1, 1, 0];[0, 19, 16, 10, 15, 11, 8, 6, 4, 12, 17, 18, 7, 9, 14, 3, 1, 5, 13, 2]|[0, 2, 1, 1, 2, 1, 0, 0, 2, 0, 1, 2, 1, 1, 0, 0, 0, 2, 1, 0]|[3, 0, 1, 1, 0, 0, 2, 0, 0, 0, 1, 0, 1, 1, 3, 3, 3, 0, 1, 3]|[1, 1, 1, 0, 0, 1, 0, 2, 1, 2, 1, 0, 1, 0, 0, 2, 0, 1, 1, 2];[19, 16, 10, 15, 5, 17, 6, 7, 9, 2, 8, 12, 1, 3, 11, 13, 4, 14, 18, 0]|[2, 1, 1, 2, 2, 1, 2, 1, 1, 0, 0, 0, 0, 0, 1, 1, 2, 0, 0, 0]|[0, 1, 1, 0, 0, 0, 0, 0, 1, 3, 3, 3, 3, 3, 1, 1, 0, 3, 3, 3]|[1, 1, 0, 0, 1, 1, 0, 1, 0, 0, 2, 0, 0, 2, 1, 1, 1, 0, 2, 0];[0, 19, 16, 10, 15, 11, 18, 12, 5, 1, 17, 6, 9, 7, 14, 13, 3, 4, 2, 8]|[0, 2, 1, 1, 2, 1, 0, 0, 2, 0, 1, 2, 1, 1, 0, 0, 0, 2, 1, 0]|[3, 0, 1, 1, 0, 1, 3, 3, 0, 3, 1, 0, 1, 1, 3, 3, 3, 0, 1, 3]|[1, 1, 1, 0, 0, 1, 0, 2, 1, 2, 1, 0, 1, 1, 0, 2, 0, 1, 1, 2];[19, 16, 10, 15, 11, 12, 5, 18, 3, 6, 1, 13, 0, 9, 14, 8, 17, 4, 2, 7]|[2, 1, 1, 2, 1, 0, 2, 0, 1, 2, 1, 1, 0, 0, 0, 0, 0, 2, 1, 0]|[0, 1, 1, 0, 1, 3, 0, 3, 1, 0, 1, 1, 3, 3, 3, 3, 3, 0, 1, 3]|[1, 1, 0, 0, 1, 0, 1, 2, 1, 0, 1, 1, 0, 0, 2, 0, 2, 1, 1, 0];[19, 16, 10, 15, 11, 12, 5, 18, 3, 6, 1, 13, 0, 9, 14, 8, 17, 4, 2, 7]|[2, 1, 1, 2, 1, 0, 2, 0, 1, 2, 1, 1, 0, 0, 0, 0, 0, 2, 1, 0]|[0, 1, 1, 0, 1, 3, 0, 3, 1, 0, 1, 1, 3, 3, 3, 3, 3, 0, 1, 3]|[1, 1, 0, 0, 1, 0, 1, 2, 1, 0, 1, 1, 0, 0, 2, 0, 2, 1, 1, 0];[0, 19, 16, 10, 15, 11, 18, 1, 5, 12, 17, 2, 7, 13, 9, 8, 6, 4, 14, 3]|[0, 2, 1, 1, 2, 1, 0, 0, 2, 0, 1, 2, 1, 1, 0, 0, 0, 2, 1, 0]|[3, 0, 1, 1, 0, 0, 2, 0, 0, 0, 0, 0, 0, 1, 3, 3, 3, 0, 1, 3]|[1, 1, 1, 0, 0, 1, 0, 2, 1, 2, 1, 0, 1, 0, 0, 2, 0, 1, 1, 0];[0, 19, 16, 10, 15, 11, 12, 18, 5, 8, 2, 17, 9, 1, 3, 14, 13, 4, 6, 7]|[0, 2, 1, 1, 2, 1, 0, 0, 2, 0, 0, 1, 1, 2, 1, 0, 0, 2, 1, 0]|[3, 0, 1, 1, 0, 1, 3, 3, 0, 3, 3, 1, 1, 0, 1, 3, 3, 0, 1, 3]|[0, 1, 1, 1, 0, 1, 2, 0, 1, 2, 0, 1, 1, 0, 1, 2, 0, 1, 1, 0];[0, 19, 16, 10, 15, 11, 12, 18, 5, 8, 2, 17, 9, 1, 3, 14, 13, 4, 6, 7]|[0, 2, 1, 1, 2, 1, 0, 0, 2, 0, 0, 1, 1, 2, 1, 0, 0, 2, 1, 0]|[3, 0, 1, 1, 0, 1, 3, 3, 0, 3, 3, 1, 1, 0, 1, 3, 3, 0, 1, 3]|[0, 1, 1, 1, 0, 1, 2, 0, 1, 2, 0, 1, 1, 0, 1, 2, 0, 1, 1, 0];[0, 19, 16, 10, 15, 11, 12, 18, 5, 14, 3, 6, 9, 13, 2, 8, 1, 17, 4, 7]|[0, 2, 1, 1, 2, 1, 0, 0, 2, 0, 1, 2, 1, 1, 0, 0, 0, 1, 2, 0]|[3, 0, 1, 1, 0, 1, 3, 3, 0, 3, 1, 0, 1, 1, 3, 3, 3, 1, 0, 3]|[0, 1, 1, 1, 0, 1, 2, 0, 1, 2, 1, 0, 1, 1, 0, 2, 0, 1, 1, 0];[0, 19, 16, 10, 15, 11, 12, 18, 5, 14, 3, 6, 9, 13, 2, 8, 1, 17, 4, 7]|[0, 2, 1, 1, 2, 1, 0, 0, 2, 0, 1, 2, 1, 1, 0, 0, 0, 1, 2, 0]|[3, 0, 1, 1, 0, 1, 3, 3, 0, 3, 1, 0, 1, 1, 3, 3, 3, 1, 0, 3]|[0, 1, 1, 1, 0, 1, 2, 0, 1, 2, 1, 0, 1, 1, 0, 2, 0, 1, 1, 0];[0, 4, 16, 10, 15, 11, 7, 12, 17, 6, 13, 14, 3, 19, 2, 5, 18, 1, 9, 8]|[0, 2, 1, 1, 2, 1, 0, 0, 1, 1, 1, 0, 1, 2, 2, 2, 0, 0, 0, 0]|[2, 1, 1, 1, 0, 0, 3, 0, 0, 0, 1, 3, 1, 0, 0, 0, 3, 0, 3, 3]|[1, 0, 1, 0, 1, 1, 0, 2, 1, 1, 0, 0, 1, 1, 0, 1, 0, 2, 2, 0];[2, 19, 16, 10, 15, 11, 8, 5, 0, 17, 6, 7, 9, 12, 14, 18, 4, 3, 13, 1]|[0, 2, 1, 1, 2, 1, 0, 2, 0, 1, 2, 1, 1, 0, 0, 0, 2, 1, 0, 0]|[3, 0, 1, 1, 0, 1, 3, 0, 3, 1, 0, 1, 1, 3, 3, 3, 0, 1, 3, 3]|[0, 1, 1, 0, 0, 1, 2, 1, 0, 1, 0, 1, 0, 2, 0, 2, 1, 1, 0, 0];[0, 19, 16, 10, 15, 11, 12, 18, 5, 8, 2, 6, 9, 17, 13, 14, 3, 4, 7, 1]|[0, 2, 1, 1, 2, 1, 0, 0, 2, 0, 1, 2, 1, 1, 0, 0, 0, 2, 0, 0]|[3, 0, 1, 1, 0, 0, 2, 0, 0, 0, 1, 0, 1, 1, 3, 3, 3, 0, 1, 3]|[1, 1, 1, 0, 0, 1, 0, 2, 1, 2, 1, 0, 1, 1, 0, 2, 0, 1, 1, 0];[0, 19, 16, 10, 15, 11, 12, 18, 5, 8, 2, 6, 9, 17, 13, 14, 3, 4, 7, 1]|[0, 2, 1, 1, 2, 1, 0, 0, 2, 0, 1, 2, 1, 1, 0, 0, 0, 2, 0, 0]|[3, 0, 1, 1, 0, 0, 2, 0, 0, 0, 1, 0, 1, 1, 3, 3, 3, 0, 1, 3]|[1, 1, 1, 0, 0, 1, 0, 2, 1, 2, 1, 0, 1, 1, 0, 2, 0, 1, 1, 0];[6, 19, 16, 10, 15, 11, 18, 8, 5, 12, 17, 2, 13, 7, 9, 1, 4, 3, 0, 14]|[0, 2, 1, 1, 2, 1, 0, 0, 2, 0, 1, 2, 1, 1, 0, 0, 2, 0, 0, 0]|[3, 0, 1, 1, 0, 1, 3, 0, 0, 0, 0, 0, 0, 1, 3, 3, 0, 3, 2, 3]|[0, 1, 0, 1, 0, 1, 1, 2, 1, 2, 1, 0, 1, 0, 0, 2, 1, 1, 0, 2];[6, 19, 16, 10, 15, 11, 18, 8, 5, 12, 17, 2, 13, 7, 9, 1, 4, 3, 0, 14]|[0, 2, 1, 1, 2, 1, 0, 0, 2, 0, 1, 2, 1, 1, 0, 0, 2, 0, 0, 0]|[3, 0, 1, 1, 0, 1, 3, 0, 0, 0, 0, 0, 0, 1, 3, 3, 0, 3, 2, 3]|[0, 1, 0, 1, 0, 1, 1, 2, 1, 2, 1, 0, 1, 0, 0, 2, 1, 1, 0, 2];[0, 19, 16, 10, 15, 11, 18, 8, 5, 7, 17, 2, 9, 3, 14, 12, 6, 4, 1, 13]|[0, 2, 1, 1, 2, 1, 0, 0, 2, 0, 1, 2, 1, 1, 0, 0, 0, 2, 1, 0]|[3, 0, 1, 1, 0, 0, 2, 0, 0, 0, 0, 0, 0, 1, 3, 3, 3, 0, 1, 3]|[1, 1, 1, 0, 0, 1, 0, 2, 1, 2, 1, 0, 1, 0, 0, 2, 0, 1, 1, 2];[0, 19, 16, 10, 15, 11, 18, 8, 5, 7, 17, 2, 9, 3, 14, 12, 6, 4, 1, 13]|[0, 2, 1, 1, 2, 1, 0, 0, 2, 0, 1, 2, 1, 1, 0, 0, 0, 2, 1, 0]|[3, 0, 1, 1, 0, 0, 2, 0, 0, 0, 0, 0, 0, 1, 3, 3, 3, 0, 1, 3]|[1, 1, 1, 0, 0, 1, 0, 2, 1, 2, 1, 0, 1, 0, 0, 2, 0, 1, 1, 2];[0, 19, 16, 10, 15, 11, 12, 1, 5, 7, 17, 6, 13, 18, 14, 3, 2, 4, 9, 8]|[0, 2, 1, 1, 2, 1, 0, 0, 2, 0, 1, 2, 1, 1, 0, 0, 0, 2, 1, 0]|[3, 0, 1, 1, 0, 0, 2, 0, 0, 0, 0, 0, 1, 1, 3, 3, 3, 0, 1, 3]|[1, 1, 1, 0, 0, 1, 0, 2, 1, 2, 1, 0, 1, 0, 0, 2, 0, 1, 1, 2];[0, 19, 16, 14, 15, 11, 12, 18, 5, 10, 7, 9, 2, 3, 13, 6, 8, 4, 17, 1]|[0, 2, 1, 1, 2, 1, 0, 0, 2, 1, 1, 1, 2, 1, 0, 0, 0, 2, 1, 0]|[3, 0, 1, 1, 0, 1, 3, 3, 0, 1, 1, 1, 0, 1, 3, 3, 3, 0, 1, 3]|[0, 1, 1, 1, 0, 1, 0, 2, 1, 1, 1, 1, 0, 1, 0, 2, 0, 1, 1, 0];[0, 19, 16, 8, 5, 18, 12, 15, 11, 7, 4, 3, 6, 14, 17, 1, 9, 13, 10, 2]|[0, 2, 1, 2, 2, 0, 0, 2, 1, 1, 2, 0, 0, 0, 1, 1, 1, 1, 1, 0]|[3, 0, 1, 0, 0, 0, 1, 0, 1, 1, 0, 3, 3, 3, 1, 1, 1, 1, 1, 3]|[1, 1, 1, 0, 1, 2, 0, 0, 1, 1, 1, 0, 2, 0, 1, 1, 1, 1, 1, 1];[0, 19, 16, 10, 15, 11, 18, 8, 5, 12, 17, 6, 9, 13, 14, 3, 2, 4, 7, 1]|[0, 2, 1, 0, 2, 1, 0, 0, 2, 0, 1, 2, 1, 1, 0, 0, 0, 2, 1, 0]|[3, 0, 1, 1, 0, 1, 3, 0, 0, 0, 0, 0, 0, 1, 3, 3, 3, 0, 1, 3]|[1, 1, 1, 0, 0, 1, 0, 2, 1, 2, 1, 0, 1, 0, 0, 2, 0, 1, 1, 0];[0, 19, 16, 10, 15, 11, 18, 8, 5, 12, 17, 6, 9, 13, 14, 3, 2, 4, 7, 1]|[0, 2, 1, 0, 2, 1, 0, 0, 2, 0, 1, 2, 1, 1, 0, 0, 0, 2, 1, 0]|[3, 0, 1, 1, 0, 1, 3, 0, 0, 0, 0, 0, 0, 1, 3, 3, 3, 0, 1, 3]|[1, 1, 1, 0, 0, 1, 0, 2, 1, 2, 1, 0, 1, 0, 0, 2, 0, 1, 1, 0];[0, 19, 16, 10, 15, 11, 12, 1, 5, 18, 17, 7, 13, 6, 14, 3, 2, 4, 9, 8]|[0, 2, 1, 1, 2, 1, 0, 0, 2, 0, 1, 2, 1, 1, 0, 0, 0, 2, 1, 0]|[3, 0, 1, 1, 0, 0, 2, 0, 0, 0, 0, 0, 0, 1, 3, 3, 3, 0, 1, 3]|[1, 1, 1, 0, 0, 1, 0, 2, 1, 2, 1, 0, 1, 0, 0, 2, 0, 1, 1, 2];[11, 19, 16, 10, 15, 0, 12, 8, 5, 3, 17, 9, 6, 2, 4, 14, 18, 7, 13, 1]|[0, 2, 1, 1, 2, 1, 0, 0, 2, 1, 2, 1, 1, 1, 2, 0, 0, 0, 0, 0]|[3, 0, 1, 1, 0, 1, 3, 3, 0, 1, 0, 1, 1, 1, 0, 3, 3, 3, 3, 3]|[0, 1, 1, 1, 0, 1, 2, 0, 1, 1, 0, 1, 1, 1, 1, 2, 0, 2, 0, 0];[0, 19, 16, 10, 15, 9, 18, 5, 12, 14, 17, 2, 13, 11, 7, 6, 8, 4, 3, 1]|[0, 2, 1, 1, 2, 1, 0, 2, 0, 0, 1, 2, 1, 1, 0, 0, 0, 2, 1, 0]|[2, 1, 1, 1, 0, 0, 1, 0, 0, 3, 0, 0, 1, 1, 3, 3, 3, 0, 1, 0]|[1, 0, 1, 1, 1, 1, 0, 1, 2, 2, 1, 0, 0, 1, 0, 2, 0, 1, 1, 2];[19, 10, 15, 18, 2, 5, 7, 17, 12, 8, 16, 3, 6, 9, 1, 14, 4, 13, 11, 0]|[2, 1, 2, 0, 0, 2, 0, 1, 1, 2, 1, 1, 0, 0, 0, 0, 2, 1, 1, 0]|[1, 1, 0, 2, 3, 0, 0, 1, 1, 0, 1, 1, 3, 3, 0, 3, 0, 0, 1, 3]|[1, 1, 0, 1, 0, 1, 2, 1, 1, 0, 1, 0, 0, 0, 2, 2, 1, 1, 1, 0];[19, 10, 15, 18, 2, 5, 7, 17, 12, 8, 16, 3, 6, 9, 1, 14, 4, 13, 11, 0]|[2, 1, 2, 0, 0, 2, 0, 1, 1, 2, 1, 1, 0, 0, 0, 0, 2, 1, 1, 0]|[1, 1, 0, 2, 3, 0, 0, 1, 1, 0, 1, 1, 3, 3, 0, 3, 0, 0, 1, 3]|[1, 1, 0, 1, 0, 1, 2, 1, 1, 0, 1, 0, 0, 0, 2, 2, 1, 1, 1, 0];[19, 16, 2, 15, 11, 8, 5, 12, 7, 6, 9, 17, 0, 1, 10, 18, 13, 4, 14, 3]|[2, 1, 0, 2, 1, 0, 2, 0, 0, 2, 0, 1, 0, 0, 0, 0, 0, 2, 1, 0]|[0, 1, 3, 0, 1, 0, 0, 0, 3, 0, 0, 1, 3, 3, 3, 3, 3, 0, 1, 3]|[1, 1, 2, 0, 1, 0, 1, 2, 1, 0, 1, 0, 0, 2, 0, 1, 0, 1, 1, 0];[19, 16, 2, 15, 11, 8, 5, 12, 7, 6, 9, 17, 0, 1, 10, 18, 13, 4, 14, 3]|[2, 1, 0, 2, 1, 0, 2, 0, 0, 2, 0, 1, 0, 0, 0, 0, 0, 2, 1, 0]|[0, 1, 3, 0, 1, 0, 0, 0, 3, 0, 0, 1, 3, 3, 3, 3, 3, 0, 1, 3]|[1, 1, 2, 0, 1, 0, 1, 2, 1, 0, 1, 0, 0, 2, 0, 1, 0, 1, 1, 0];[0, 19, 16, 10, 15, 11, 12, 1, 5, 18, 7, 14, 6, 2, 17, 13, 3, 4, 8, 9]|[0, 2, 1, 1, 2, 1, 0, 0, 2, 0, 1, 2, 1, 1, 0, 0, 0, 2, 1, 0]|[3, 0, 1, 1, 0, 1, 3, 0, 0, 2, 1, 0, 1, 1, 3, 3, 3, 0, 1, 3]|[0, 1, 1, 1, 0, 1, 0, 0, 1, 2, 1, 0, 1, 1, 0, 2, 0, 1, 1, 0];[0, 19, 16, 10, 15, 11, 18, 8, 5, 7, 17, 6, 9, 12, 14, 2, 1, 4, 13, 3]|[0, 2, 1, 1, 2, 1, 0, 0, 2, 0, 0, 2, 0, 1, 0, 0, 0, 2, 1, 0]|[3, 0, 1, 1, 0, 0, 2, 0, 0, 0, 0, 0, 0, 1, 3, 3, 3, 0, 1, 3]|[1, 1, 1, 0, 0, 1, 0, 2, 1, 2, 1, 0, 1, 0, 0, 2, 0, 1, 1, 1];[0, 19, 16, 10, 15, 11, 18, 8, 5, 7, 17, 6, 9, 12, 14, 2, 1, 4, 13, 3]|[0, 2, 1, 1, 2, 1, 0, 0, 2, 0, 0, 2, 0, 1, 0, 0, 0, 2, 1, 0]|[3, 0, 1, 1, 0, 0, 2, 0, 0, 0, 0, 0, 0, 1, 3, 3, 3, 0, 1, 3]|[1, 1, 1, 0, 0, 1, 0, 2, 1, 2, 1, 0, 1, 0, 0, 2, 0, 1, 1, 1];[19, 16, 10, 15, 5, 12, 1, 11, 6, 7, 17, 2, 8, 13, 9, 14, 0, 4, 3, 18]|[2, 1, 1, 2, 2, 0, 1, 1, 2, 1, 1, 0, 0, 0, 0, 0, 0, 2, 1, 1]|[1, 1, 0, 0, 0, 3, 1, 0, 0, 1, 1, 0, 0, 3, 3, 3, 3, 0, 1, 1]|[0, 1, 0, 1, 1, 2, 1, 1, 0, 0, 1, 0, 0, 2, 1, 2, 0, 1, 1, 1];[19, 16, 10, 15, 5, 12, 1, 11, 6, 7, 17, 2, 8, 13, 9, 14, 0, 4, 3, 18]|[2, 1, 1, 2, 2, 0, 1, 1, 2, 1, 1, 0, 0, 0, 0, 0, 0, 2, 1, 1]|[1, 1, 0, 0, 0, 3, 1, 0, 0, 1, 1, 0, 0, 3, 3, 3, 3, 0, 1, 1]|[0, 1, 0, 1, 1, 2, 1, 1, 0, 0, 1, 0, 0, 2, 1, 2, 0, 1, 1, 1];[6, 14, 2, 11, 17, 9, 3, 12, 7, 5, 1, 18, 15, 16, 10, 19, 0, 4, 13, 8]|[0, 0, 0, 1, 1, 1, 2, 1, 0, 2, 0, 0, 2, 1, 1, 2, 0, 2, 1, 0]|[3, 3, 2, 1, 1, 0, 0, 1, 0, 0, 0, 2, 0, 1, 1, 1, 3, 0, 1, 3]|[2, 2, 0, 1, 0, 1, 0, 1, 2, 1, 2, 0, 0, 1, 1, 1, 1, 1, 1, 0];[6, 14, 2, 11, 17, 9, 3, 12, 7, 5, 1, 18, 15, 16, 10, 19, 0, 4, 13, 8]|[0, 0, 0, 1, 1, 1, 2, 1, 0, 2, 0, 0, 2, 1, 1, 2, 0, 2, 1, 0]|[3, 3, 2, 1, 1, 0, 0, 1, 0, 0, 0, 2, 0, 1, 1, 1, 3, 0, 1, 3]|[2, 2, 0, 1, 0, 1, 0, 1, 2, 1, 2, 0, 0, 1, 1, 1, 1, 1, 1, 0];[0, 19, 16, 3, 15, 18, 1, 5, 10, 9, 2, 17, 6, 8, 12, 13, 4, 11, 7, 14]|[0, 2, 1, 1, 2, 0, 0, 2, 1, 1, 2, 1, 1, 0, 0, 0, 2, 1, 1, 0]|[2, 1, 1, 1, 0, 3, 0, 0, 1, 0, 0, 0, 1, 3, 3, 3, 0, 1, 1, 3]|[1, 1, 1, 1, 0, 0, 2, 1, 1, 1, 0, 1, 0, 0, 0, 0, 1, 1, 1, 2];[0, 19, 16, 3, 15, 18, 1, 5, 10, 9, 2, 17, 6, 8, 12, 13, 4, 11, 7, 14]|[0, 2, 1, 1, 2, 0, 0, 2, 1, 1, 2, 1, 1, 0, 0, 0, 2, 1, 1, 0]|[2, 1, 1, 1, 0, 3, 0, 0, 1, 0, 0, 0, 1, 3, 3, 3, 0, 1, 1, 3]|[1, 1, 1, 1, 0, 0, 2, 1, 1, 1, 0, 1, 0, 0, 0, 0, 1, 1, 1, 2];[0, 19, 6, 10, 15, 5, 16, 1, 11, 12, 17, 2, 7, 3, 14, 8, 9, 4, 13, 18]|[0, 2, 1, 1, 2, 1, 0, 0, 2, 0, 1, 2, 1, 1, 0, 0, 0, 2, 1, 0]|[3, 0, 1, 1, 0, 0, 2, 0, 0, 0, 0, 0, 0, 1, 3, 3, 3, 0, 1, 3]|[1, 1, 1, 0, 0, 1, 0, 2, 1, 1, 1, 0, 1, 0, 0, 2, 0, 1, 1, 0];[19, 16, 10, 15, 11, 4, 6, 7, 2, 3, 8, 12, 9, 1, 5, 13, 18, 14, 17, 0]|[2, 1, 1, 2, 1, 1, 2, 1, 2, 1, 0, 0, 0, 0, 2, 0, 0, 0, 0, 0]|[0, 1, 1, 0, 1, 1, 0, 0, 0, 1, 3, 3, 3, 3, 0, 3, 3, 3, 3, 3]|[1, 1, 0, 0, 1, 1, 1, 1, 0, 1, 0, 2, 0, 0, 1, 2, 0, 2, 0, 0];[0, 19, 16, 10, 15, 11, 18, 8, 5, 12, 17, 2, 13, 7, 6, 1, 14, 4, 3, 9]|[0, 2, 1, 1, 2, 1, 0, 0, 2, 0, 1, 2, 1, 1, 0, 0, 0, 2, 0, 0]|[3, 0, 1, 1, 0, 1, 2, 0, 0, 0, 0, 0, 0, 1, 3, 3, 3, 0, 1, 3]|[1, 1, 1, 1, 0, 1, 0, 2, 1, 2, 1, 0, 1, 0, 0, 2, 2, 1, 1, 0];[0, 19, 16, 10, 15, 11, 18, 8, 5, 12, 17, 2, 13, 7, 6, 1, 14, 4, 3, 9]|[0, 2, 1, 1, 2, 1, 0, 0, 2, 0, 1, 2, 1, 1, 0, 0, 0, 2, 0, 0]|[3, 0, 1, 1, 0, 1, 2, 0, 0, 0, 0, 0, 0, 1, 3, 3, 3, 0, 1, 3]|[1, 1, 1, 1, 0, 1, 0, 2, 1, 2, 1, 0, 1, 0, 0, 2, 2, 1, 1, 0];[0, 19, 16, 10, 15, 11, 12, 1, 5, 18, 7, 2, 9, 6, 3, 13, 14, 4, 8, 17]|[0, 2, 1, 1, 2, 1, 0, 0, 2, 0, 1, 2, 1, 1, 0, 0, 0, 2, 0, 0]|[3, 0, 1, 1, 1, 0, 2, 0, 0, 0, 0, 0, 0, 1, 3, 3, 3, 0, 0, 3]|[1, 1, 1, 0, 0, 1, 0, 2, 1, 2, 1, 0, 1, 0, 0, 2, 0, 1, 1, 0];[19, 16, 10, 15, 11, 6, 7, 17, 2, 14, 4, 12, 3, 1, 9, 8, 13, 0, 18, 5]|[2, 1, 1, 2, 1, 0, 0, 1, 2, 2, 2, 0, 0, 0, 0, 0, 0, 0, 0, 1]|[0, 1, 1, 0, 1, 3, 3, 1, 0, 0, 0, 3, 3, 3, 3, 3, 3, 3, 3, 1]|[1, 1, 0, 0, 1, 0, 2, 0, 0, 1, 1, 0, 0, 2, 0, 0, 2, 0, 0, 1];[19, 16, 14, 10, 3, 6, 9, 8, 5, 17, 13, 12, 11, 15, 0, 4, 2, 18, 1, 7]|[2, 1, 0, 0, 1, 2, 1, 0, 2, 0, 0, 1, 1, 2, 0, 1, 2, 0, 0, 0]|[0, 1, 3, 3, 1, 0, 1, 3, 0, 3, 3, 1, 1, 0, 3, 1, 0, 3, 3, 3]|[1, 1, 0, 2, 1, 0, 1, 0, 1, 0, 2, 0, 1, 0, 0, 1, 1, 2, 0, 0];[0, 19, 16, 10, 15, 11, 7, 1, 18, 17, 4, 5, 13, 6, 14, 9, 3, 2, 12, 8]|[0, 2, 1, 1, 1, 1, 0, 0, 0, 1, 2, 2, 0, 0, 2, 2, 0, 2, 1, 0]|[2, 1, 1, 1, 0, 1, 0, 0, 3, 1, 0, 0, 3, 3, 1, 1, 1, 0, 1, 3]|[0, 0, 1, 1, 0, 1, 2, 2, 1, 1, 1, 1, 0, 2, 0, 1, 1, 0, 1, 0];[14, 19, 16, 15, 18, 5, 12, 8, 17, 6, 10, 11, 2, 3, 9, 0, 4, 1, 7, 13]|[0, 2, 1, 2, 0, 2, 0, 0, 1, 2, 1, 1, 1, 0, 0, 0, 2, 1, 1, 0]|[3, 1, 1, 0, 2, 0, 0, 0, 0, 0, 1, 1, 1, 3, 3, 3, 0, 1, 0, 3]|[0, 1, 1, 0, 1, 1, 2, 2, 1, 0, 0, 1, 1, 0, 2, 0, 1, 0, 1, 2];[14, 19, 16, 15, 18, 5, 12, 8, 17, 6, 10, 11, 2, 3, 9, 0, 4, 1, 7, 13]|[0, 2, 1, 2, 0, 2, 0, 0, 1, 2, 1, 1, 1, 0, 0, 0, 2, 1, 1, 0]|[3, 1, 1, 0, 2, 0, 0, 0, 0, 0, 1, 1, 1, 3, 3, 3, 0, 1, 0, 3]|[0, 1, 1, 0, 1, 1, 2, 2, 1, 0, 0, 1, 1, 0, 2, 0, 1, 0, 1, 2];[0, 19, 16, 10, 15, 11, 8, 1, 5, 12, 17, 2, 7, 13, 3, 6, 14, 4, 18, 9]|[0, 2, 1, 1, 2, 1, 0, 0, 2, 0, 1, 2, 1, 1, 0, 0, 0, 2, 1, 0]|[3, 0, 1, 1, 1, 1, 2, 0, 0, 0, 0, 0, 0, 1, 3, 3, 3, 0, 0, 3]|[1, 1, 0, 1, 0, 1, 0, 2, 1, 2, 0, 0, 1, 0, 0, 2, 0, 1, 1, 0];[19, 16, 10, 15, 11, 12, 8, 2, 1, 5, 6, 3, 7, 14, 4, 9, 17, 0, 13, 18]|[2, 1, 1, 2, 1, 1, 1, 0, 0, 2, 2, 0, 0, 0, 2, 0, 0, 0, 0, 0]|[0, 1, 1, 0, 1, 1, 0, 3, 3, 0, 0, 3, 3, 3, 0, 3, 3, 3, 3, 3]|[1, 1, 0, 0, 1, 0, 1, 0, 2, 1, 0, 0, 2, 0, 1, 0, 0, 2, 0, 0];[19, 16, 10, 15, 11, 12, 8, 2, 1, 5, 6, 3, 7, 14, 4, 9, 17, 0, 13, 18]|[2, 1, 1, 2, 1, 1, 1, 0, 0, 2, 2, 0, 0, 0, 2, 0, 0, 0, 0, 0]|[0, 1, 1, 0, 1, 1, 0, 3, 3, 0, 0, 3, 3, 3, 0, 3, 3, 3, 3, 3]|[1, 1, 0, 0, 1, 0, 1, 0, 2, 1, 0, 0, 2, 0, 1, 0, 0, 2, 0, 0]
fc6diagRound 10	fe=287142	pool=300	target=100	rescued=0	sOriginal=[0, 19, 16, 10, 15, 11, 12, 18, 5, 3, 17, 2, 7, 9, 6, 14, 8, 4, 13, 1]|[0, 2, 1, 1, 2, 1, 0, 0, 2, 0, 1, 2, 1, 1, 0, 0, 0, 2, 1, 0]|[3, 0, 1, 1, 0, 1, 2, 0, 0, 0, 1, 0, 1, 1, 3, 3, 3, 0, 1, 3]|[1, 1, 1, 0, 0, 1, 0, 2, 1, 2, 1, 0, 1, 1, 0, 2, 0, 1, 1, 0];[0, 19, 16, 10, 15, 11, 18, 8, 5, 12, 17, 6, 7, 9, 14, 2, 13, 4, 3, 1]|[0, 2, 1, 1, 2, 1, 0, 0, 2, 0, 1, 2, 1, 1, 0, 0, 0, 2, 1, 1]|[3, 0, 1, 1, 0, 1, 3, 0, 0, 0, 1, 0, 0, 1, 3, 3, 3, 0, 1, 1]|[1, 1, 1, 0, 0, 1, 0, 2, 1, 2, 1, 0, 1, 0, 0, 2, 0, 1, 1, 1];[0, 19, 16, 10, 15, 11, 18, 12, 5, 7, 17, 6, 8, 9, 2, 3, 13, 4, 14, 1]|[0, 2, 1, 1, 2, 1, 0, 0, 2, 0, 1, 2, 1, 1, 0, 0, 0, 2, 1, 0]|[3, 0, 1, 1, 0, 1, 2, 0, 0, 0, 1, 0, 0, 1, 3, 3, 3, 0, 1, 3]|[1, 1, 1, 0, 0, 1, 0, 2, 1, 2, 0, 0, 1, 1, 0, 2, 0, 1, 1, 2];[19, 16, 10, 15, 12, 3, 5, 1, 18, 11, 6, 17, 9, 2, 13, 7, 14, 4, 0, 8]|[2, 1, 1, 2, 1, 0, 2, 0, 0, 1, 2, 1, 1, 0, 0, 0, 1, 2, 0, 0]|[0, 1, 1, 0, 1, 3, 0, 0, 2, 1, 0, 1, 1, 3, 3, 0, 1, 0, 3, 3]|[1, 1, 1, 0, 1, 0, 1, 2, 1, 1, 0, 1, 1, 0, 0, 2, 1, 1, 0, 2];[19, 16, 10, 15, 12, 3, 5, 1, 18, 11, 6, 17, 9, 2, 13, 7, 14, 4, 0, 8]|[2, 1, 1, 2, 1, 0, 2, 0, 0, 1, 2, 1, 1, 0, 0, 0, 1, 2, 0, 0]|[0, 1, 1, 0, 1, 3, 0, 0, 2, 1, 0, 1, 1, 3, 3, 0, 1, 0, 3, 3]|[1, 1, 1, 0, 1, 0, 1, 2, 1, 1, 0, 1, 1, 0, 0, 2, 1, 1, 0, 2];[0, 19, 6, 10, 15, 11, 18, 8, 4, 12, 17, 2, 1, 9, 14, 3, 13, 16, 5, 7]|[0, 2, 1, 1, 2, 1, 0, 0, 2, 0, 1, 2, 1, 1, 0, 0, 0, 2, 1, 0]|[3, 0, 1, 1, 0, 1, 2, 0, 0, 0, 1, 0, 0, 1, 3, 3, 3, 0, 1, 3]|[1, 1, 1, 0, 0, 1, 0, 2, 1, 2, 1, 0, 1, 0, 0, 2, 0, 1, 1, 0];[0, 19, 16, 10, 15, 11, 18, 8, 5, 12, 3, 6, 9, 17, 2, 1, 13, 4, 14, 7]|[0, 2, 1, 1, 2, 1, 0, 0, 2, 0, 1, 2, 1, 1, 0, 0, 0, 2, 1, 0]|[3, 0, 1, 1, 0, 1, 3, 0, 0, 0, 0, 0, 0, 1, 3, 3, 3, 0, 1, 3]|[1, 1, 1, 1, 0, 0, 0, 2, 1, 2, 1, 0, 1, 1, 0, 2, 0, 1, 1, 0];[0, 19, 16, 10, 15, 11, 12, 1, 5, 18, 7, 3, 9, 6, 8, 17, 2, 4, 14, 13]|[0, 2, 1, 1, 2, 1, 0, 0, 2, 0, 1, 2, 1, 1, 0, 0, 0, 2, 1, 0]|[3, 0, 1, 1, 0, 1, 2, 2, 0, 3, 1, 0, 1, 1, 3, 3, 3, 0, 1, 3]|[1, 1, 1, 0, 0, 1, 2, 0, 1, 2, 1, 0, 1, 1, 0, 2, 0, 1, 1, 2];[0, 19, 16, 10, 15, 11, 18, 1, 5, 12, 17, 2, 9, 13, 7, 6, 8, 4, 3, 14]|[0, 2, 1, 1, 2, 1, 0, 0, 2, 0, 1, 2, 1, 1, 0, 0, 0, 2, 1, 0]|[3, 0, 1, 1, 0, 1, 2, 0, 0, 0, 0, 0, 0, 1, 3, 3, 3, 0, 1, 3]|[1, 1, 1, 0, 0, 1, 0, 2, 1, 2, 1, 0, 1, 0, 0, 2, 0, 1, 1, 2];[0, 19, 16, 10, 15, 11, 18, 1, 5, 12, 17, 2, 7, 13, 6, 3, 14, 4, 9, 8]|[0, 2, 1, 1, 2, 1, 0, 0, 2, 0, 1, 2, 1, 1, 0, 0, 0, 2, 1, 0]|[3, 0, 1, 1, 0, 1, 2, 0, 0, 0, 0, 0, 0, 1, 3, 3, 3, 0, 1, 3]|[1, 1, 1, 0, 0, 1, 0, 2, 1, 2, 1, 0, 1, 0, 0, 2, 0, 1, 1, 2];[3, 12, 5, 8, 17, 11, 15, 10, 16, 19, 0, 2, 9, 6, 18, 1, 13, 4, 7, 14]|[0, 0, 2, 0, 0, 1, 2, 1, 1, 2, 0, 2, 0, 1, 0, 0, 0, 2, 0, 0]|[3, 0, 0, 0, 0, 1, 0, 1, 1, 0, 3, 0, 0, 1, 3, 3, 3, 0, 3, 3]|[0, 2, 1, 2, 2, 1, 0, 0, 1, 1, 1, 0, 1, 1, 0, 0, 2, 1, 1, 0];[3, 12, 5, 8, 17, 11, 15, 10, 16, 19, 0, 2, 9, 6, 18, 1, 13, 4, 7, 14]|[0, 0, 2, 0, 0, 1, 2, 1, 1, 2, 0, 2, 0, 1, 0, 0, 0, 2, 0, 0]|[3, 0, 0, 0, 0, 1, 0, 1, 1, 0, 3, 0, 0, 1, 3, 3, 3, 0, 3, 3]|[0, 2, 1, 2, 2, 1, 0, 0, 1, 1, 1, 0, 1, 1, 0, 0, 2, 1, 1, 0];[0, 19, 16, 10, 15, 11, 12, 1, 5, 14, 17, 2, 9, 13, 8, 3, 7, 4, 6, 18]|[0, 2, 1, 1, 2, 1, 0, 0, 2, 0, 1, 2, 1, 1, 0, 0, 0, 2, 1, 0]|[3, 0, 1, 1, 0, 1, 2, 0, 0, 0, 1, 0, 1, 1, 3, 3, 3, 0, 1, 3]|[1, 1, 1, 0, 0, 1, 0, 2, 1, 2, 1, 0, 1, 1, 0, 2, 0, 1, 1, 0];[0, 19, 16, 10, 15, 11, 12, 1, 5, 7, 17, 2, 9, 6, 14, 4, 18, 3, 13, 8]|[0, 2, 1, 1, 2, 1, 0, 0, 2, 0, 1, 2, 1, 1, 0, 0, 0, 2, 1, 0]|[3, 0, 1, 1, 0, 1, 2, 0, 0, 0, 0, 0, 0, 1, 3, 3, 3, 0, 1, 3]|[1, 1, 1, 0, 0, 1, 0, 2, 1, 2, 1, 0, 1, 0, 0, 2, 0, 1, 1, 2];[0, 19, 16, 10, 15, 11, 18, 8, 5, 3, 17, 6, 7, 9, 12, 13, 14, 2, 4, 1]|[0, 2, 1, 1, 2, 1, 0, 0, 2, 0, 1, 2, 1, 1, 0, 0, 0, 2, 1, 0]|[3, 0, 1, 1, 0, 1, 3, 0, 0, 0, 1, 0, 0, 1, 3, 3, 3, 0, 1, 3]|[1, 1, 1, 0, 0, 1, 0, 2, 1, 2, 1, 0, 1, 0, 0, 2, 0, 1, 1, 0];[0, 19, 16, 10, 4, 11, 18, 8, 5, 12, 17, 6, 7, 1, 3, 13, 9, 15, 2, 14]|[0, 2, 1, 1, 2, 1, 0, 0, 2, 0, 1, 2, 1, 1, 0, 0, 0, 2, 1, 0]|[3, 0, 1, 1, 0, 1, 3, 0, 0, 0, 1, 0, 0, 1, 3, 3, 3, 0, 1, 3]|[1, 1, 1, 0, 0, 1, 0, 2, 1, 2, 1, 0, 1, 0, 0, 2, 0, 1, 1, 0];[12, 5, 8, 3, 11, 15, 10, 16, 19, 0, 17, 2, 9, 6, 1, 13, 14, 4, 7, 18]|[0, 2, 0, 0, 1, 2, 1, 1, 2, 0, 0, 2, 0, 1, 0, 0, 0, 2, 0, 0]|[0, 0, 0, 3, 1, 0, 1, 1, 0, 3, 0, 0, 0, 1, 3, 3, 3, 0, 3, 3]|[2, 1, 2, 0, 1, 0, 0, 1, 1, 1, 1, 0, 1, 1, 0, 2, 0, 1, 1, 0];[12, 5, 8, 3, 11, 15, 10, 16, 19, 0, 17, 2, 9, 6, 1, 13, 14, 4, 7, 18]|[0, 2, 0, 0, 1, 2, 1, 1, 2, 0, 0, 2, 0, 1, 0, 0, 0, 2, 0, 0]|[0, 0, 0, 3, 1, 0, 1, 1, 0, 3, 0, 0, 0, 1, 3, 3, 3, 0, 3, 3]|[2, 1, 2, 0, 1, 0, 0, 1, 1, 1, 1, 0, 1, 1, 0, 2, 0, 1, 1, 0];[0, 19, 16, 10, 15, 11, 18, 1, 5, 7, 12, 3, 9, 17, 2, 14, 8, 4, 13, 6]|[0, 2, 1, 1, 2, 1, 0, 0, 2, 0, 1, 2, 1, 1, 0, 0, 0, 2, 1, 0]|[3, 0, 1, 1, 0, 1, 2, 0, 0, 0, 1, 0, 0, 1, 2, 3, 3, 0, 1, 3]|[1, 1, 1, 1, 0, 1, 0, 2, 1, 2, 1, 0, 1, 0, 0, 2, 0, 1, 1, 2];[0, 19, 16, 10, 15, 11, 18, 1, 5, 7, 12, 3, 9, 17, 2, 14, 8, 4, 13, 6]|[0, 2, 1, 1, 2, 1, 0, 0, 2, 0, 1, 2, 1, 1, 0, 0, 0, 2, 1, 0]|[3, 0, 1, 1, 0, 1, 2, 0, 0, 0, 1, 0, 0, 1, 2, 3, 3, 0, 1, 3]|[1, 1, 1, 1, 0, 1, 0, 2, 1, 2, 1, 0, 1, 0, 0, 2, 0, 1, 1, 2];[12, 5, 8, 7, 11, 15, 10, 16, 19, 0, 13, 3, 14, 6, 2, 17, 9, 4, 1, 18]|[0, 2, 0, 0, 1, 2, 1, 1, 2, 0, 0, 0, 0, 1, 2, 0, 0, 2, 0, 0]|[0, 0, 0, 3, 1, 0, 1, 1, 0, 3, 3, 3, 3, 1, 0, 0, 0, 0, 3, 3]|[2, 1, 2, 0, 1, 0, 0, 1, 1, 1, 0, 2, 0, 0, 0, 1, 1, 1, 1, 0];[12, 5, 8, 7, 11, 15, 10, 16, 19, 0, 13, 3, 14, 6, 2, 17, 9, 4, 1, 18]|[0, 2, 0, 0, 1, 2, 1, 1, 2, 0, 0, 0, 0, 1, 2, 0, 0, 2, 0, 0]|[0, 0, 0, 3, 1, 0, 1, 1, 0, 3, 3, 3, 3, 1, 0, 0, 0, 0, 3, 3]|[2, 1, 2, 0, 1, 0, 0, 1, 1, 1, 0, 2, 0, 0, 0, 1, 1, 1, 1, 0];[14, 19, 16, 2, 11, 13, 18, 0, 5, 12, 8, 10, 9, 1, 7, 3, 4, 17, 6, 15]|[0, 2, 1, 2, 1, 1, 0, 0, 2, 0, 2, 1, 1, 0, 0, 0, 2, 1, 1, 0]|[3, 0, 1, 0, 1, 1, 3, 3, 0, 3, 0, 1, 1, 3, 3, 3, 0, 1, 1, 3]|[0, 1, 1, 0, 1, 1, 2, 0, 1, 2, 0, 1, 1, 0, 2, 0, 1, 1, 1, 0];[0, 19, 16, 10, 15, 11, 18, 8, 5, 12, 17, 6, 7, 1, 3, 14, 9, 2, 4, 13]|[0, 2, 1, 1, 2, 1, 0, 0, 2, 0, 1, 2, 1, 1, 0, 0, 0, 2, 1, 0]|[3, 0, 1, 1, 0, 1, 3, 0, 0, 0, 1, 0, 0, 1, 3, 3, 3, 0, 1, 3]|[1, 1, 1, 0, 0, 1, 0, 2, 1, 2, 1, 0, 1, 0, 0, 2, 0, 1, 1, 0];[0, 19, 16, 15, 11, 8, 12, 18, 5, 3, 17, 2, 9, 10, 14, 1, 13, 4, 6, 7]|[0, 2, 1, 2, 1, 1, 0, 0, 2, 0, 1, 2, 1, 1, 0, 0, 0, 2, 1, 0]|[3, 0, 1, 0, 1, 1, 3, 3, 0, 3, 1, 0, 1, 1, 3, 3, 3, 0, 1, 3]|[2, 1, 1, 0, 1, 1, 0, 0, 1, 2, 1, 0, 1, 1, 0, 2, 0, 1, 1, 0];[0, 19, 16, 15, 11, 8, 12, 18, 5, 3, 17, 2, 9, 10, 14, 1, 13, 4, 6, 7]|[0, 2, 1, 2, 1, 1, 0, 0, 2, 0, 1, 2, 1, 1, 0, 0, 0, 2, 1, 0]|[3, 0, 1, 0, 1, 1, 3, 3, 0, 3, 1, 0, 1, 1, 3, 3, 3, 0, 1, 3]|[2, 1, 1, 0, 1, 1, 0, 0, 1, 2, 1, 0, 1, 1, 0, 2, 0, 1, 1, 0];[14, 19, 16, 2, 11, 13, 18, 0, 5, 12, 8, 10, 9, 1, 7, 3, 4, 17, 6, 15]|[0, 2, 1, 2, 1, 1, 0, 0, 2, 0, 2, 1, 1, 0, 0, 0, 2, 1, 1, 0]|[3, 0, 1, 0, 1, 1, 3, 3, 0, 3, 0, 1, 1, 3, 3, 3, 0, 1, 1, 3]|[0, 1, 1, 0, 1, 1, 2, 0, 1, 2, 0, 1, 1, 0, 2, 0, 1, 1, 1, 0];[0, 19, 16, 10, 15, 11, 18, 1, 5, 12, 17, 2, 9, 13, 7, 8, 3, 4, 6, 14]|[0, 2, 1, 1, 2, 1, 0, 0, 2, 0, 1, 2, 1, 1, 0, 0, 0, 2, 1, 0]|[3, 0, 1, 1, 0, 1, 3, 0, 0, 0, 1, 0, 0, 1, 3, 3, 3, 0, 1, 3]|[1, 1, 1, 0, 0, 1, 0, 2, 1, 2, 1, 0, 1, 0, 0, 2, 0, 1, 1, 0];[0, 19, 16, 10, 15, 11, 18, 8, 5, 12, 2, 6, 7, 17, 9, 1, 3, 4, 13, 14]|[0, 2, 1, 1, 2, 1, 0, 0, 2, 0, 1, 2, 1, 1, 0, 0, 0, 2, 1, 0]|[3, 0, 1, 1, 0, 1, 3, 2, 0, 0, 1, 0, 0, 1, 3, 3, 3, 0, 1, 3]|[1, 1, 1, 1, 0, 1, 0, 2, 1, 2, 1, 0, 1, 1, 0, 2, 0, 1, 1, 2];[0, 19, 16, 10, 15, 11, 12, 18, 5, 14, 3, 1, 9, 17, 2, 8, 13, 4, 6, 7]|[0, 2, 1, 1, 2, 1, 0, 0, 2, 0, 1, 2, 1, 1, 0, 0, 0, 2, 1, 0]|[3, 0, 1, 1, 0, 1, 2, 0, 0, 0, 1, 0, 1, 1, 3, 3, 3, 0, 1, 3]|[1, 1, 1, 1, 0, 1, 0, 2, 1, 2, 1, 0, 1, 1, 0, 2, 0, 1, 1, 0];[0, 19, 16, 10, 15, 11, 12, 8, 5, 18, 17, 2, 9, 3, 6, 1, 14, 4, 7, 13]|[0, 2, 1, 1, 2, 1, 0, 0, 2, 0, 1, 2, 1, 1, 0, 0, 0, 2, 1, 0]|[3, 0, 1, 1, 0, 1, 3, 2, 0, 3, 1, 0, 1, 1, 3, 3, 3, 0, 1, 3]|[0, 1, 1, 0, 0, 1, 0, 2, 1, 2, 1, 0, 1, 1, 0, 2, 0, 1, 1, 0];[0, 19, 16, 10, 15, 11, 18, 8, 5, 12, 3, 6, 9, 7, 14, 13, 1, 4, 2, 17]|[0, 2, 1, 1, 2, 1, 0, 0, 2, 0, 1, 2, 1, 1, 0, 0, 0, 2, 1, 0]|[3, 0, 1, 1, 0, 1, 3, 2, 0, 3, 1, 0, 1, 1, 3, 3, 3, 0, 1, 3]|[1, 1, 1, 0, 0, 1, 0, 2, 1, 2, 1, 0, 1, 1, 0, 2, 0, 1, 1, 2];[19, 16, 2, 12, 5, 15, 18, 8, 10, 13, 9, 17, 11, 14, 1, 0, 7, 4, 6, 3]|[2, 1, 2, 0, 2, 0, 0, 2, 1, 1, 1, 1, 1, 0, 0, 0, 0, 2, 1, 0]|[0, 1, 0, 3, 0, 3, 3, 0, 1, 1, 1, 1, 1, 3, 3, 3, 3, 0, 1, 3]|[1, 1, 0, 2, 1, 0, 2, 0, 1, 1, 1, 1, 1, 0, 0, 2, 0, 1, 1, 0];[19, 16, 2, 12, 5, 15, 18, 8, 10, 13, 9, 17, 11, 14, 1, 0, 7, 4, 6, 3]|[2, 1, 2, 0, 2, 0, 0, 2, 1, 1, 1, 1, 1, 0, 0, 0, 0, 2, 1, 0]|[0, 1, 0, 3, 0, 3, 3, 0, 1, 1, 1, 1, 1, 3, 3, 3, 3, 0, 1, 3]|[1, 1, 0, 2, 1, 0, 2, 0, 1, 1, 1, 1, 1, 0, 0, 2, 0, 1, 1, 0];[19, 16, 10, 15, 11, 12, 14, 4, 8, 3, 6, 1, 13, 9, 18, 17, 2, 5, 7, 0]|[2, 1, 1, 2, 1, 0, 0, 2, 0, 1, 2, 0, 1, 0, 0, 0, 2, 1, 0, 0]|[0, 1, 1, 0, 1, 3, 3, 0, 3, 1, 0, 3, 1, 3, 3, 3, 0, 1, 3, 3]|[1, 1, 0, 0, 1, 0, 2, 1, 0, 1, 0, 2, 1, 0, 2, 0, 1, 1, 2, 0];[12, 19, 16, 15, 8, 10, 18, 5, 0, 17, 2, 7, 1, 4, 3, 6, 14, 9, 11, 13]|[0, 2, 1, 2, 1, 1, 0, 2, 0, 1, 2, 1, 1, 2, 0, 0, 0, 1, 1, 0]|[0, 0, 1, 0, 1, 1, 3, 0, 3, 1, 0, 1, 1, 0, 3, 3, 3, 1, 1, 3]|[0, 1, 1, 0, 1, 1, 2, 1, 0, 1, 0, 1, 1, 1, 0, 2, 0, 1, 1, 0];[0, 19, 5, 15, 16, 18, 12, 4, 8, 10, 6, 7, 17, 11, 14, 13, 3, 9, 2, 1]|[0, 2, 1, 2, 1, 0, 0, 2, 0, 1, 2, 1, 1, 1, 0, 0, 0, 2, 1, 0]|[0, 0, 1, 0, 1, 3, 3, 0, 3, 1, 0, 1, 1, 1, 3, 3, 3, 0, 1, 3]|[2, 1, 1, 0, 1, 0, 0, 1, 2, 1, 0, 1, 1, 1, 0, 2, 0, 1, 1, 2];[19, 16, 10, 15, 11, 12, 14, 4, 8, 3, 6, 1, 13, 9, 18, 17, 2, 5, 7, 0]|[2, 1, 1, 2, 1, 0, 0, 2, 0, 1, 2, 0, 1, 0, 0, 0, 2, 1, 0, 0]|[0, 1, 1, 0, 1, 3, 3, 0, 3, 1, 0, 3, 1, 3, 3, 3, 0, 1, 3, 3]|[1, 1, 0, 0, 1, 0, 2, 1, 0, 1, 0, 2, 1, 0, 2, 0, 1, 1, 2, 0];[0, 19, 16, 10, 4, 6, 18, 3, 17, 14, 15, 11, 9, 8, 12, 1, 13, 5, 2, 7]|[0, 2, 1, 1, 2, 1, 0, 0, 2, 0, 1, 2, 1, 1, 0, 0, 0, 2, 1, 0]|[3, 0, 1, 1, 0, 1, 3, 0, 0, 0, 0, 0, 0, 1, 3, 3, 3, 0, 1, 3]|[1, 1, 1, 1, 0, 1, 0, 2, 1, 2, 1, 0, 1, 0, 0, 2, 0, 1, 1, 0];[0, 19, 16, 10, 4, 6, 18, 3, 17, 14, 15, 11, 9, 8, 12, 1, 13, 5, 2, 7]|[0, 2, 1, 1, 2, 1, 0, 0, 2, 0, 1, 2, 1, 1, 0, 0, 0, 2, 1, 0]|[3, 0, 1, 1, 0, 1, 3, 0, 0, 0, 0, 0, 0, 1, 3, 3, 3, 0, 1, 3]|[1, 1, 1, 1, 0, 1, 0, 2, 1, 2, 1, 0, 1, 0, 0, 2, 0, 1, 1, 0];[0, 19, 16, 10, 15, 11, 12, 14, 5, 1, 17, 2, 9, 3, 8, 6, 18, 4, 13, 7]|[0, 2, 1, 1, 2, 1, 0, 0, 2, 0, 1, 2, 1, 1, 0, 0, 0, 2, 1, 0]|[3, 0, 1, 1, 0, 1, 3, 3, 0, 3, 1, 0, 1, 1, 3, 3, 3, 0, 1, 3]|[0, 1, 1, 1, 1, 1, 2, 0, 1, 2, 1, 0, 1, 1, 0, 2, 0, 1, 1, 0];[0, 19, 16, 10, 15, 11, 18, 8, 5, 12, 17, 2, 7, 9, 1, 14, 6, 4, 13, 3]|[0, 2, 1, 1, 2, 1, 0, 0, 2, 0, 1, 2, 1, 1, 0, 0, 0, 2, 1, 0]|[3, 0, 1, 1, 0, 1, 3, 0, 0, 0, 1, 0, 0, 1, 3, 3, 3, 0, 1, 3]|[1, 1, 1, 0, 0, 1, 0, 2, 1, 2, 1, 0, 1, 0, 0, 2, 0, 1, 1, 0];[0, 19, 16, 10, 15, 11, 18, 1, 5, 12, 2, 13, 9, 17, 7, 6, 3, 4, 14, 8]|[0, 2, 1, 1, 2, 1, 0, 0, 2, 0, 1, 2, 1, 1, 0, 0, 0, 2, 1, 0]|[3, 0, 1, 1, 1, 1, 2, 3, 0, 3, 1, 0, 1, 1, 3, 3, 3, 0, 1, 3]|[1, 1, 1, 0, 0, 1, 0, 2, 1, 2, 1, 0, 1, 1, 0, 2, 0, 1, 1, 0];[19, 16, 10, 15, 11, 12, 5, 8, 9, 17, 6, 7, 1, 0, 14, 13, 18, 2, 4, 3]|[2, 1, 1, 2, 1, 0, 2, 0, 0, 1, 2, 1, 1, 0, 0, 0, 0, 2, 1, 0]|[0, 1, 1, 0, 1, 3, 0, 3, 3, 1, 0, 1, 1, 3, 3, 3, 3, 0, 1, 3]|[1, 1, 1, 0, 1, 2, 1, 0, 2, 1, 0, 1, 1, 0, 2, 0, 2, 1, 1, 0];[19, 16, 10, 15, 11, 12, 5, 8, 9, 17, 6, 7, 1, 0, 14, 13, 18, 2, 4, 3]|[2, 1, 1, 2, 1, 0, 2, 0, 0, 1, 2, 1, 1, 0, 0, 0, 0, 2, 1, 0]|[0, 1, 1, 0, 1, 3, 0, 3, 3, 1, 0, 1, 1, 3, 3, 3, 3, 0, 1, 3]|[1, 1, 1, 0, 1, 2, 1, 0, 2, 1, 0, 1, 1, 0, 2, 0, 2, 1, 1, 0];[19, 16, 10, 15, 11, 18, 4, 12, 17, 2, 7, 13, 6, 0, 1, 3, 14, 5, 9, 8]|[2, 1, 1, 2, 1, 0, 2, 0, 1, 2, 1, 1, 0, 0, 0, 0, 0, 2, 1, 0]|[1, 1, 1, 0, 1, 2, 0, 0, 0, 0, 0, 1, 3, 3, 0, 3, 3, 0, 1, 3]|[1, 1, 0, 0, 1, 1, 1, 2, 1, 0, 1, 0, 0, 0, 2, 2, 0, 1, 1, 2];[19, 16, 10, 15, 11, 18, 4, 12, 17, 2, 7, 13, 6, 0, 1, 3, 14, 5, 9, 8]|[2, 1, 1, 2, 1, 0, 2, 0, 1, 2, 1, 1, 0, 0, 0, 0, 0, 2, 1, 0]|[1, 1, 1, 0, 1, 2, 0, 0, 0, 0, 0, 1, 3, 3, 0, 3, 3, 0, 1, 3]|[1, 1, 0, 0, 1, 1, 1, 2, 1, 0, 1, 0, 0, 0, 2, 2, 0, 1, 1, 2];[12, 19, 16, 10, 15, 11, 3, 8, 5, 0, 2, 9, 6, 18, 1, 14, 4, 7, 13, 17]|[0, 2, 1, 1, 2, 1, 0, 0, 2, 0, 2, 0, 1, 0, 0, 0, 2, 0, 0, 0]|[3, 0, 1, 1, 0, 1, 0, 0, 0, 3, 0, 0, 1, 3, 3, 3, 0, 0, 3, 0]|[2, 1, 1, 0, 0, 1, 0, 2, 1, 1, 0, 1, 0, 0, 2, 0, 1, 1, 2, 1];[12, 19, 16, 10, 15, 11, 3, 8, 5, 0, 2, 9, 6, 18, 1, 14, 4, 7, 13, 17]|[0, 2, 1, 1, 2, 1, 0, 0, 2, 0, 2, 0, 1, 0, 0, 0, 2, 0, 0, 0]|[3, 0, 1, 1, 0, 1, 0, 0, 0, 3, 0, 0, 1, 3, 3, 3, 0, 0, 3, 0]|[2, 1, 1, 0, 0, 1, 0, 2, 1, 1, 0, 1, 0, 0, 2, 0, 1, 1, 2, 1];[0, 19, 16, 10, 15, 11, 12, 1, 5, 7, 17, 6, 13, 18, 14, 3, 2, 4, 9, 8]|[0, 2, 1, 1, 2, 1, 0, 0, 2, 0, 1, 2, 1, 1, 0, 0, 0, 2, 1, 0]|[3, 0, 1, 1, 0, 0, 2, 0, 0, 0, 0, 0, 1, 1, 3, 3, 3, 0, 1, 3]|[1, 1, 1, 0, 0, 1, 0, 2, 1, 2, 1, 0, 1, 0, 0, 2, 0, 1, 1, 2];[0, 19, 16, 10, 15, 11, 18, 1, 5, 12, 17, 6, 9, 7, 2, 14, 13, 4, 3, 8]|[0, 2, 1, 1, 2, 1, 0, 0, 2, 0, 1, 2, 1, 1, 0, 0, 0, 2, 1, 0]|[3, 0, 1, 1, 0, 1, 3, 0, 0, 0, 1, 0, 0, 1, 3, 3, 3, 0, 1, 3]|[1, 1, 1, 0, 0, 1, 0, 2, 1, 2, 1, 0, 1, 0, 0, 2, 2, 1, 1, 0];[0, 19, 16, 10, 15, 11, 18, 12, 5, 1, 17, 6, 9, 7, 14, 13, 3, 4, 2, 8]|[0, 2, 1, 1, 2, 1, 0, 0, 2, 0, 1, 2, 1, 1, 0, 0, 0, 2, 1, 0]|[3, 0, 1, 1, 0, 1, 3, 3, 0, 3, 1, 0, 1, 1, 3, 3, 3, 0, 1, 3]|[1, 1, 1, 0, 0, 1, 0, 2, 1, 2, 1, 0, 1, 1, 0, 2, 0, 1, 1, 2];[0, 19, 16, 10, 15, 11, 12, 1, 5, 7, 17, 6, 13, 18, 14, 3, 2, 4, 9, 8]|[0, 2, 1, 1, 2, 1, 0, 0, 2, 0, 1, 2, 1, 1, 0, 0, 0, 2, 1, 0]|[3, 0, 1, 1, 0, 0, 2, 0, 0, 0, 0, 0, 1, 1, 3, 3, 3, 0, 1, 3]|[1, 1, 1, 0, 0, 1, 0, 2, 1, 2, 1, 0, 1, 0, 0, 2, 0, 1, 1, 2];[2, 19, 16, 10, 15, 11, 8, 5, 0, 17, 6, 7, 9, 12, 14, 18, 4, 3, 13, 1]|[0, 2, 1, 1, 2, 1, 0, 2, 0, 1, 2, 1, 1, 0, 0, 0, 2, 1, 0, 0]|[3, 0, 1, 1, 0, 1, 3, 0, 3, 1, 0, 1, 1, 3, 3, 3, 0, 1, 3, 3]|[0, 1, 1, 0, 0, 1, 2, 1, 0, 1, 0, 1, 0, 2, 0, 2, 1, 1, 0, 0];[2, 19, 16, 10, 15, 11, 8, 5, 0, 17, 6, 7, 9, 12, 14, 18, 4, 3, 13, 1]|[0, 2, 1, 1, 2, 1, 0, 2, 0, 1, 2, 1, 1, 0, 0, 0, 2, 1, 0, 0]|[3, 0, 1, 1, 0, 1, 3, 0, 3, 1, 0, 1, 1, 3, 3, 3, 0, 1, 3, 3]|[0, 1, 1, 0, 0, 1, 2, 1, 0, 1, 0, 1, 0, 2, 0, 2, 1, 1, 0, 0];[0, 19, 16, 10, 15, 11, 12, 18, 5, 8, 2, 17, 9, 1, 3, 14, 13, 4, 6, 7]|[0, 2, 1, 1, 2, 1, 0, 0, 2, 0, 0, 1, 1, 2, 1, 0, 0, 2, 1, 0]|[3, 0, 1, 1, 0, 1, 3, 3, 0, 3, 3, 1, 1, 0, 1, 3, 3, 0, 1, 3]|[0, 1, 1, 1, 0, 1, 2, 0, 1, 2, 0, 1, 1, 0, 1, 2, 0, 1, 1, 0];[0, 19, 16, 10, 15, 11, 12, 18, 5, 8, 2, 17, 9, 1, 3, 14, 13, 4, 6, 7]|[0, 2, 1, 1, 2, 1, 0, 0, 2, 0, 0, 1, 1, 2, 1, 0, 0, 2, 1, 0]|[3, 0, 1, 1, 0, 1, 3, 3, 0, 3, 3, 1, 1, 0, 1, 3, 3, 0, 1, 3]|[0, 1, 1, 1, 0, 1, 2, 0, 1, 2, 0, 1, 1, 0, 1, 2, 0, 1, 1, 0];[8, 19, 16, 10, 15, 11, 12, 0, 5, 1, 3, 6, 9, 13, 2, 14, 18, 4, 17, 7]|[0, 2, 1, 1, 2, 1, 0, 0, 2, 0, 1, 2, 1, 1, 0, 0, 0, 2, 1, 0]|[3, 0, 1, 1, 0, 1, 3, 3, 0, 3, 1, 0, 1, 1, 3, 3, 3, 0, 1, 3]|[0, 1, 1, 1, 0, 1, 2, 0, 1, 2, 1, 0, 1, 1, 0, 2, 0, 1, 1, 0];[8, 19, 16, 10, 15, 11, 12, 0, 5, 1, 3, 6, 9, 13, 2, 14, 18, 4, 17, 7]|[0, 2, 1, 1, 2, 1, 0, 0, 2, 0, 1, 2, 1, 1, 0, 0, 0, 2, 1, 0]|[3, 0, 1, 1, 0, 1, 3, 3, 0, 3, 1, 0, 1, 1, 3, 3, 3, 0, 1, 3]|[0, 1, 1, 1, 0, 1, 2, 0, 1, 2, 1, 0, 1, 1, 0, 2, 0, 1, 1, 0];[0, 4, 16, 10, 15, 11, 7, 12, 17, 6, 13, 14, 3, 19, 2, 5, 18, 1, 9, 8]|[0, 2, 1, 1, 2, 1, 0, 0, 1, 1, 1, 0, 1, 2, 2, 2, 0, 0, 0, 0]|[2, 1, 1, 1, 0, 0, 3, 0, 0, 0, 1, 3, 1, 0, 0, 0, 3, 0, 3, 3]|[1, 0, 1, 0, 1, 1, 0, 2, 1, 1, 0, 0, 1, 1, 0, 1, 0, 2, 2, 0];[0, 4, 16, 10, 15, 11, 7, 12, 17, 6, 13, 14, 3, 19, 2, 5, 18, 1, 9, 8]|[0, 2, 1, 1, 2, 1, 0, 0, 1, 1, 1, 0, 1, 2, 2, 2, 0, 0, 0, 0]|[2, 1, 1, 1, 0, 0, 3, 0, 0, 0, 1, 3, 1, 0, 0, 0, 3, 0, 3, 3]|[1, 0, 1, 0, 1, 1, 0, 2, 1, 1, 0, 0, 1, 1, 0, 1, 0, 2, 2, 0];[0, 19, 16, 2, 4, 1, 6, 13, 15, 12, 18, 5, 14, 10, 17, 9, 7, 3, 11, 8]|[0, 2, 1, 2, 2, 0, 0, 0, 2, 2, 0, 2, 0, 1, 1, 1, 1, 1, 1, 0]|[0, 0, 1, 0, 0, 3, 3, 3, 0, 1, 3, 0, 2, 1, 1, 1, 1, 1, 1, 3]|[2, 1, 1, 0, 1, 0, 0, 2, 0, 0, 0, 1, 0, 1, 1, 1, 1, 1, 1, 2];[0, 19, 16, 10, 15, 11, 12, 1, 5, 18, 7, 2, 9, 17, 14, 8, 6, 3, 4, 13]|[0, 2, 1, 1, 2, 1, 0, 0, 2, 0, 0, 2, 0, 1, 0, 0, 0, 2, 1, 0]|[3, 0, 1, 1, 0, 1, 2, 0, 0, 0, 0, 0, 0, 1, 3, 3, 3, 0, 1, 3]|[1, 1, 1, 0, 0, 1, 0, 2, 1, 2, 1, 0, 1, 0, 0, 2, 0, 1, 1, 2];[0, 19, 16, 10, 15, 11, 12, 1, 5, 18, 7, 2, 9, 17, 14, 8, 6, 3, 4, 13]|[0, 2, 1, 1, 2, 1, 0, 0, 2, 0, 0, 2, 0, 1, 0, 0, 0, 2, 1, 0]|[3, 0, 1, 1, 0, 1, 2, 0, 0, 0, 0, 0, 0, 1, 3, 3, 3, 0, 1, 3]|[1, 1, 1, 0, 0, 1, 0, 2, 1, 2, 1, 0, 1, 0, 0, 2, 0, 1, 1, 2];[19, 16, 10, 15, 11, 6, 14, 8, 5, 17, 2, 7, 9, 3, 12, 18, 1, 13, 4, 0]|[2, 1, 1, 2, 1, 0, 0, 0, 2, 1, 2, 1, 1, 0, 0, 0, 0, 1, 2, 0]|[0, 1, 1, 0, 1, 3, 3, 3, 0, 0, 0, 0, 1, 3, 3, 3, 3, 1, 0, 3]|[1, 1, 0, 0, 1, 0, 2, 0, 1, 1, 0, 1, 0, 2, 0, 0, 2, 1, 1, 0];[0, 19, 16, 10, 15, 11, 8, 6, 4, 12, 17, 18, 7, 9, 14, 3, 1, 5, 13, 2]|[0, 2, 1, 1, 2, 1, 0, 0, 2, 0, 1, 2, 1, 1, 0, 0, 0, 2, 1, 0]|[3, 0, 1, 1, 0, 0, 2, 0, 0, 0, 1, 0, 1, 1, 3, 3, 3, 0, 1, 3]|[1, 1, 1, 0, 0, 1, 0, 2, 1, 2, 1, 0, 1, 0, 0, 2, 0, 1, 1, 2];[0, 19, 16, 10, 15, 11, 12, 18, 5, 14, 3, 6, 9, 13, 2, 8, 1, 17, 4, 7]|[0, 2, 1, 1, 2, 1, 0, 0, 2, 0, 1, 2, 1, 1, 0, 0, 0, 1, 2, 0]|[3, 0, 1, 1, 0, 1, 3, 3, 0, 3, 1, 0, 1, 1, 3, 3, 3, 1, 0, 3]|[0, 1, 1, 1, 0, 1, 2, 0, 1, 2, 1, 0, 1, 1, 0, 2, 0, 1, 1, 0];[0, 19, 16, 10, 15, 11, 12, 18, 5, 14, 3, 6, 9, 13, 2, 8, 1, 17, 4, 7]|[0, 2, 1, 1, 2, 1, 0, 0, 2, 0, 1, 2, 1, 1, 0, 0, 0, 1, 2, 0]|[3, 0, 1, 1, 0, 1, 3, 3, 0, 3, 1, 0, 1, 1, 3, 3, 3, 1, 0, 3]|[0, 1, 1, 1, 0, 1, 2, 0, 1, 2, 1, 0, 1, 1, 0, 2, 0, 1, 1, 0];[19, 16, 10, 15, 11, 12, 5, 18, 3, 6, 1, 13, 0, 9, 14, 8, 17, 4, 2, 7]|[2, 1, 1, 2, 1, 0, 2, 0, 1, 2, 1, 1, 0, 0, 0, 0, 0, 2, 1, 0]|[0, 1, 1, 0, 1, 3, 0, 3, 1, 0, 1, 1, 3, 3, 3, 3, 3, 0, 1, 3]|[1, 1, 0, 0, 1, 0, 1, 2, 1, 0, 1, 1, 0, 0, 2, 0, 2, 1, 1, 0];[19, 16, 10, 15, 11, 12, 5, 18, 3, 6, 1, 13, 0, 9, 14, 8, 17, 4, 2, 7]|[2, 1, 1, 2, 1, 0, 2, 0, 1, 2, 1, 1, 0, 0, 0, 0, 0, 2, 1, 0]|[0, 1, 1, 0, 1, 3, 0, 3, 1, 0, 1, 1, 3, 3, 3, 3, 3, 0, 1, 3]|[1, 1, 0, 0, 1, 0, 1, 2, 1, 0, 1, 1, 0, 0, 2, 0, 2, 1, 1, 0];[5, 16, 10, 15, 11, 14, 18, 9, 7, 1, 4, 3, 0, 12, 13, 2, 6, 17, 19, 8]|[2, 1, 1, 2, 1, 0, 0, 0, 0, 0, 2, 0, 0, 0, 1, 1, 2, 1, 2, 0]|[0, 1, 1, 0, 1, 3, 3, 3, 3, 3, 0, 3, 3, 3, 1, 1, 0, 0, 0, 3]|[1, 1, 0, 0, 1, 0, 2, 0, 0, 0, 1, 2, 0, 2, 1, 0, 0, 1, 1, 0];[18, 19, 16, 10, 15, 11, 12, 1, 5, 0, 2, 9, 17, 13, 3, 14, 8, 4, 6, 7]|[0, 2, 1, 1, 2, 1, 0, 0, 2, 0, 2, 0, 1, 0, 0, 0, 0, 2, 0, 0]|[0, 0, 1, 1, 0, 1, 2, 0, 0, 3, 0, 0, 1, 3, 3, 3, 3, 0, 0, 0]|[0, 1, 1, 0, 0, 1, 2, 2, 1, 1, 1, 1, 0, 0, 0, 2, 0, 1, 1, 1];[19, 10, 15, 18, 2, 5, 7, 17, 12, 8, 16, 3, 6, 9, 1, 14, 4, 13, 11, 0]|[2, 1, 2, 0, 0, 2, 0, 1, 1, 2, 1, 1, 0, 0, 0, 0, 2, 1, 1, 0]|[1, 1, 0, 2, 3, 0, 0, 1, 1, 0, 1, 1, 3, 3, 0, 3, 0, 0, 1, 3]|[1, 1, 0, 1, 0, 1, 2, 1, 1, 0, 1, 0, 0, 0, 2, 2, 1, 1, 1, 0];[19, 10, 15, 18, 2, 5, 7, 17, 12, 8, 16, 3, 6, 9, 1, 14, 4, 13, 11, 0]|[2, 1, 2, 0, 0, 2, 0, 1, 1, 2, 1, 1, 0, 0, 0, 0, 2, 1, 1, 0]|[1, 1, 0, 2, 3, 0, 0, 1, 1, 0, 1, 1, 3, 3, 0, 3, 0, 0, 1, 3]|[1, 1, 0, 1, 0, 1, 2, 1, 1, 0, 1, 0, 0, 0, 2, 2, 1, 1, 1, 0];[0, 19, 16, 14, 15, 11, 12, 18, 5, 10, 7, 9, 2, 3, 13, 6, 8, 4, 17, 1]|[0, 2, 1, 1, 2, 1, 0, 0, 2, 1, 1, 1, 2, 1, 0, 0, 0, 2, 1, 0]|[3, 0, 1, 1, 0, 1, 3, 3, 0, 1, 1, 1, 0, 1, 3, 3, 3, 0, 1, 3]|[0, 1, 1, 1, 0, 1, 0, 2, 1, 1, 1, 1, 0, 1, 0, 2, 0, 1, 1, 0];[0, 19, 16, 14, 15, 11, 12, 18, 5, 10, 7, 9, 2, 3, 13, 6, 8, 4, 17, 1]|[0, 2, 1, 1, 2, 1, 0, 0, 2, 1, 1, 1, 2, 1, 0, 0, 0, 2, 1, 0]|[3, 0, 1, 1, 0, 1, 3, 3, 0, 1, 1, 1, 0, 1, 3, 3, 3, 0, 1, 3]|[0, 1, 1, 1, 0, 1, 0, 2, 1, 1, 1, 1, 0, 1, 0, 2, 0, 1, 1, 0];[19, 16, 10, 15, 5, 17, 6, 7, 9, 2, 8, 12, 1, 3, 11, 13, 4, 14, 18, 0]|[2, 1, 1, 2, 2, 1, 2, 1, 1, 0, 0, 0, 0, 0, 1, 1, 2, 0, 0, 0]|[0, 1, 1, 0, 0, 0, 0, 0, 1, 3, 3, 3, 3, 3, 1, 1, 0, 3, 3, 3]|[1, 1, 0, 0, 1, 1, 0, 1, 0, 0, 2, 0, 0, 2, 1, 1, 1, 0, 2, 0];[11, 19, 16, 10, 15, 0, 12, 8, 5, 3, 17, 9, 6, 2, 4, 14, 18, 7, 13, 1]|[0, 2, 1, 1, 2, 1, 0, 0, 2, 1, 2, 1, 1, 1, 2, 0, 0, 0, 0, 0]|[3, 0, 1, 1, 0, 1, 3, 3, 0, 1, 0, 1, 1, 1, 0, 3, 3, 3, 3, 3]|[0, 1, 1, 1, 0, 1, 2, 0, 1, 1, 0, 1, 1, 1, 1, 2, 0, 2, 0, 0];[0, 19, 16, 10, 15, 11, 12, 8, 5, 18, 7, 2, 9, 17, 14, 6, 3, 4, 13, 1]|[0, 2, 1, 1, 2, 1, 0, 0, 2, 0, 1, 2, 1, 1, 0, 0, 0, 2, 1, 0]|[3, 0, 1, 1, 0, 0, 2, 0, 0, 0, 0, 0, 0, 1, 3, 3, 3, 0, 1, 3]|[1, 1, 1, 0, 0, 1, 0, 2, 1, 2, 1, 0, 1, 0, 0, 2, 0, 1, 1, 0];[0, 19, 16, 10, 15, 11, 12, 18, 5, 14, 7, 2, 13, 4, 8, 1, 3, 6, 17, 9]|[0, 2, 1, 1, 2, 1, 0, 0, 2, 0, 0, 2, 1, 1, 0, 0, 0, 2, 1, 0]|[3, 0, 1, 1, 0, 0, 2, 0, 0, 0, 0, 0, 0, 1, 3, 3, 3, 0, 1, 3]|[1, 1, 1, 1, 0, 1, 0, 2, 1, 2, 1, 0, 1, 0, 0, 2, 2, 1, 1, 0];[0, 19, 16, 10, 15, 9, 18, 5, 12, 14, 17, 2, 13, 11, 7, 6, 8, 4, 3, 1]|[0, 2, 1, 1, 2, 1, 0, 2, 0, 0, 1, 2, 1, 1, 0, 0, 0, 2, 1, 0]|[2, 1, 1, 1, 0, 0, 1, 0, 0, 3, 0, 0, 1, 1, 3, 3, 3, 0, 1, 0]|[1, 0, 1, 1, 1, 1, 0, 1, 2, 2, 1, 0, 0, 1, 0, 2, 0, 1, 1, 2];[0, 19, 16, 10, 15, 11, 18, 1, 5, 12, 17, 2, 7, 13, 9, 8, 6, 4, 14, 3]|[0, 2, 1, 1, 2, 1, 0, 0, 2, 0, 1, 2, 1, 1, 0, 0, 0, 2, 1, 0]|[3, 0, 1, 1, 0, 0, 2, 0, 0, 0, 0, 0, 0, 1, 3, 3, 3, 0, 1, 3]|[1, 1, 1, 0, 0, 1, 0, 2, 1, 2, 1, 0, 1, 0, 0, 2, 0, 1, 1, 0];[19, 16, 10, 15, 5, 12, 1, 11, 6, 7, 17, 2, 8, 13, 9, 14, 0, 4, 3, 18]|[2, 1, 1, 2, 2, 0, 1, 1, 2, 1, 1, 0, 0, 0, 0, 0, 0, 2, 1, 1]|[1, 1, 0, 0, 0, 3, 1, 0, 0, 1, 1, 0, 0, 3, 3, 3, 3, 0, 1, 1]|[0, 1, 0, 1, 1, 2, 1, 1, 0, 0, 1, 0, 0, 2, 1, 2, 0, 1, 1, 1];[19, 16, 10, 15, 5, 12, 1, 11, 6, 7, 17, 2, 8, 13, 9, 14, 0, 4, 3, 18]|[2, 1, 1, 2, 2, 0, 1, 1, 2, 1, 1, 0, 0, 0, 0, 0, 0, 2, 1, 1]|[1, 1, 0, 0, 0, 3, 1, 0, 0, 1, 1, 0, 0, 3, 3, 3, 3, 0, 1, 1]|[0, 1, 0, 1, 1, 2, 1, 1, 0, 0, 1, 0, 0, 2, 1, 2, 0, 1, 1, 1];[0, 19, 16, 10, 15, 11, 12, 18, 5, 8, 2, 6, 9, 17, 13, 14, 3, 4, 7, 1]|[0, 2, 1, 1, 2, 1, 0, 0, 2, 0, 1, 2, 1, 1, 0, 0, 0, 2, 0, 0]|[3, 0, 1, 1, 0, 0, 2, 0, 0, 0, 1, 0, 1, 1, 3, 3, 3, 0, 1, 3]|[1, 1, 1, 0, 0, 1, 0, 2, 1, 2, 1, 0, 1, 1, 0, 2, 0, 1, 1, 0];[0, 19, 16, 10, 15, 11, 12, 18, 5, 8, 2, 6, 9, 17, 13, 14, 3, 4, 7, 1]|[0, 2, 1, 1, 2, 1, 0, 0, 2, 0, 1, 2, 1, 1, 0, 0, 0, 2, 0, 0]|[3, 0, 1, 1, 0, 0, 2, 0, 0, 0, 1, 0, 1, 1, 3, 3, 3, 0, 1, 3]|[1, 1, 1, 0, 0, 1, 0, 2, 1, 2, 1, 0, 1, 1, 0, 2, 0, 1, 1, 0];[0, 19, 16, 10, 15, 11, 18, 8, 6, 12, 17, 2, 9, 7, 5, 14, 13, 4, 3, 1]|[0, 2, 1, 1, 2, 1, 0, 0, 2, 0, 1, 2, 1, 1, 0, 0, 0, 2, 1, 0]|[3, 0, 1, 1, 0, 1, 3, 0, 0, 3, 0, 0, 0, 1, 3, 3, 3, 0, 1, 3]|[1, 1, 1, 0, 0, 1, 0, 2, 1, 2, 1, 0, 1, 0, 0, 2, 0, 1, 1, 0];[0, 19, 6, 10, 14, 11, 12, 1, 5, 18, 9, 2, 17, 16, 8, 3, 15, 4, 13, 7]|[0, 2, 1, 1, 2, 1, 0, 0, 2, 0, 1, 2, 1, 1, 0, 0, 0, 2, 1, 0]|[3, 0, 1, 1, 1, 1, 2, 0, 0, 0, 0, 0, 0, 1, 3, 3, 3, 0, 0, 3]|[1, 1, 1, 1, 0, 1, 0, 2, 1, 2, 1, 0, 1, 0, 0, 2, 0, 1, 1, 0];[14, 19, 16, 15, 18, 5, 12, 8, 17, 6, 10, 11, 2, 3, 9, 0, 4, 1, 7, 13]|[0, 2, 1, 2, 0, 2, 0, 0, 1, 2, 1, 1, 1, 0, 0, 0, 2, 1, 1, 0]|[3, 1, 1, 0, 2, 0, 0, 0, 0, 0, 1, 1, 1, 3, 3, 3, 0, 1, 0, 3]|[0, 1, 1, 0, 1, 1, 2, 2, 1, 0, 0, 1, 1, 0, 2, 0, 1, 0, 1, 2];[14, 19, 16, 15, 18, 5, 12, 8, 17, 6, 10, 11, 2, 3, 9, 0, 4, 1, 7, 13]|[0, 2, 1, 2, 0, 2, 0, 0, 1, 2, 1, 1, 1, 0, 0, 0, 2, 1, 1, 0]|[3, 1, 1, 0, 2, 0, 0, 0, 0, 0, 1, 1, 1, 3, 3, 3, 0, 1, 0, 3]|[0, 1, 1, 0, 1, 1, 2, 2, 1, 0, 0, 1, 1, 0, 2, 0, 1, 0, 1, 2];[0, 19, 16, 3, 15, 18, 1, 5, 10, 9, 2, 17, 6, 8, 12, 13, 4, 11, 7, 14]|[0, 2, 1, 1, 2, 0, 0, 2, 1, 1, 2, 1, 1, 0, 0, 0, 2, 1, 1, 0]|[2, 1, 1, 1, 0, 3, 0, 0, 1, 0, 0, 0, 1, 3, 3, 3, 0, 1, 1, 3]|[1, 1, 1, 1, 0, 0, 2, 1, 1, 1, 0, 1, 0, 0, 0, 0, 1, 1, 1, 2];[0, 19, 16, 3, 15, 18, 1, 5, 10, 9, 2, 17, 6, 8, 12, 13, 4, 11, 7, 14]|[0, 2, 1, 1, 2, 0, 0, 2, 1, 1, 2, 1, 1, 0, 0, 0, 2, 1, 1, 0]|[2, 1, 1, 1, 0, 3, 0, 0, 1, 0, 0, 0, 1, 3, 3, 3, 0, 1, 1, 3]|[1, 1, 1, 1, 0, 0, 2, 1, 1, 1, 0, 1, 0, 0, 0, 0, 1, 1, 1, 2];[6, 19, 16, 10, 15, 11, 18, 8, 5, 12, 17, 2, 13, 7, 9, 1, 4, 3, 0, 14]|[0, 2, 1, 1, 2, 1, 0, 0, 2, 0, 1, 2, 1, 1, 0, 0, 2, 0, 0, 0]|[3, 0, 1, 1, 0, 1, 3, 0, 0, 0, 0, 0, 0, 1, 3, 3, 0, 3, 2, 3]|[0, 1, 0, 1, 0, 1, 1, 2, 1, 2, 1, 0, 1, 0, 0, 2, 1, 1, 0, 2];[6, 19, 16, 10, 15, 11, 18, 8, 5, 12, 17, 2, 13, 7, 9, 1, 4, 3, 0, 14]|[0, 2, 1, 1, 2, 1, 0, 0, 2, 0, 1, 2, 1, 1, 0, 0, 2, 0, 0, 0]|[3, 0, 1, 1, 0, 1, 3, 0, 0, 0, 0, 0, 0, 1, 3, 3, 0, 3, 2, 3]|[0, 1, 0, 1, 0, 1, 1, 2, 1, 2, 1, 0, 1, 0, 0, 2, 1, 1, 0, 2];[6, 14, 2, 11, 17, 9, 3, 12, 7, 5, 1, 18, 15, 16, 10, 19, 0, 4, 13, 8]|[0, 0, 0, 1, 1, 1, 2, 1, 0, 2, 0, 0, 2, 1, 1, 2, 0, 2, 1, 0]|[3, 3, 2, 1, 1, 0, 0, 1, 0, 0, 0, 2, 0, 1, 1, 1, 3, 0, 1, 3]|[2, 2, 0, 1, 0, 1, 0, 1, 2, 1, 2, 0, 0, 1, 1, 1, 1, 1, 1, 0];[6, 14, 2, 11, 17, 9, 3, 12, 7, 5, 1, 18, 15, 16, 10, 19, 0, 4, 13, 8]|[0, 0, 0, 1, 1, 1, 2, 1, 0, 2, 0, 0, 2, 1, 1, 2, 0, 2, 1, 0]|[3, 3, 2, 1, 1, 0, 0, 1, 0, 0, 0, 2, 0, 1, 1, 1, 3, 0, 1, 3]|[2, 2, 0, 1, 0, 1, 0, 1, 2, 1, 2, 0, 0, 1, 1, 1, 1, 1, 1, 0];[19, 16, 2, 15, 11, 8, 5, 12, 7, 6, 9, 17, 0, 1, 10, 18, 13, 4, 14, 3]|[2, 1, 0, 2, 1, 0, 2, 0, 0, 2, 0, 1, 0, 0, 0, 0, 0, 2, 1, 0]|[0, 1, 3, 0, 1, 0, 0, 0, 3, 0, 0, 1, 3, 3, 3, 3, 3, 0, 1, 3]|[1, 1, 2, 0, 1, 0, 1, 2, 1, 0, 1, 0, 0, 2, 0, 1, 0, 1, 1, 0];[19, 16, 2, 15, 11, 8, 5, 12, 7, 6, 9, 17, 0, 1, 10, 18, 13, 4, 14, 3]|[2, 1, 0, 2, 1, 0, 2, 0, 0, 2, 0, 1, 0, 0, 0, 0, 0, 2, 1, 0]|[0, 1, 3, 0, 1, 0, 0, 0, 3, 0, 0, 1, 3, 3, 3, 3, 3, 0, 1, 3]|[1, 1, 2, 0, 1, 0, 1, 2, 1, 0, 1, 0, 0, 2, 0, 1, 0, 1, 1, 0];[19, 16, 10, 15, 11, 13, 0, 6, 4, 12, 14, 7, 1, 17, 2, 9, 5, 8, 3, 18]|[2, 1, 1, 2, 1, 0, 0, 2, 1, 0, 1, 0, 0, 0, 2, 0, 2, 0, 0, 0]|[0, 1, 1, 0, 1, 3, 3, 0, 1, 3, 0, 3, 3, 3, 0, 3, 0, 3, 3, 3]|[1, 1, 0, 0, 1, 0, 2, 1, 0, 0, 1, 0, 2, 0, 0, 0, 1, 2, 0, 0];[19, 16, 14, 10, 3, 6, 9, 8, 5, 17, 13, 12, 11, 15, 0, 4, 2, 18, 1, 7]|[2, 1, 0, 0, 1, 2, 1, 0, 2, 0, 0, 1, 1, 2, 0, 1, 2, 0, 0, 0]|[0, 1, 3, 3, 1, 0, 1, 3, 0, 3, 3, 1, 1, 0, 3, 1, 0, 3, 3, 3]|[1, 1, 0, 2, 1, 0, 1, 0, 1, 0, 2, 0, 1, 0, 0, 1, 1, 2, 0, 0]	sBp=[0, 19, 16, 10, 15, 11, 12, 18, 5, 3, 17, 2, 7, 9, 6, 14, 8, 4, 13, 1]|[0, 2, 1, 1, 2, 1, 0, 0, 2, 0, 1, 2, 1, 1, 0, 0, 0, 2, 1, 0]|[3, 0, 1, 1, 0, 1, 2, 0, 0, 0, 1, 0, 1, 1, 3, 3, 3, 0, 1, 3]|[1, 1, 1, 0, 0, 1, 0, 2, 1, 2, 1, 0, 1, 1, 0, 2, 0, 1, 1, 0];[0, 19, 16, 10, 15, 11, 18, 8, 5, 12, 17, 6, 7, 9, 14, 2, 13, 4, 3, 1]|[0, 2, 1, 1, 2, 1, 0, 0, 2, 0, 1, 2, 1, 1, 0, 0, 0, 2, 1, 1]|[3, 0, 1, 1, 0, 1, 3, 0, 0, 0, 1, 0, 0, 1, 3, 3, 3, 0, 1, 1]|[1, 1, 1, 0, 0, 1, 0, 2, 1, 2, 1, 0, 1, 0, 0, 2, 0, 1, 1, 1];[0, 19, 16, 10, 15, 11, 18, 12, 5, 7, 17, 6, 8, 9, 2, 3, 13, 4, 14, 1]|[0, 2, 1, 1, 2, 1, 0, 0, 2, 0, 1, 2, 1, 1, 0, 0, 0, 2, 1, 0]|[3, 0, 1, 1, 0, 1, 2, 0, 0, 0, 1, 0, 0, 1, 3, 3, 3, 0, 1, 3]|[1, 1, 1, 0, 0, 1, 0, 2, 1, 2, 0, 0, 1, 1, 0, 2, 0, 1, 1, 2];[19, 16, 10, 15, 12, 3, 5, 1, 18, 11, 6, 17, 9, 2, 13, 7, 14, 4, 0, 8]|[2, 1, 1, 2, 1, 0, 2, 0, 0, 1, 2, 1, 1, 0, 0, 0, 1, 2, 0, 0]|[0, 1, 1, 0, 1, 3, 0, 0, 2, 1, 0, 1, 1, 3, 3, 0, 1, 0, 3, 3]|[1, 1, 1, 0, 1, 0, 1, 2, 1, 1, 0, 1, 1, 0, 0, 2, 1, 1, 0, 2];[19, 16, 10, 15, 12, 3, 5, 1, 18, 11, 6, 17, 9, 2, 13, 7, 14, 4, 0, 8]|[2, 1, 1, 2, 1, 0, 2, 0, 0, 1, 2, 1, 1, 0, 0, 0, 1, 2, 0, 0]|[0, 1, 1, 0, 1, 3, 0, 0, 2, 1, 0, 1, 1, 3, 3, 0, 1, 0, 3, 3]|[1, 1, 1, 0, 1, 0, 1, 2, 1, 1, 0, 1, 1, 0, 0, 2, 1, 1, 0, 2];[0, 19, 6, 10, 15, 11, 18, 8, 4, 12, 17, 2, 1, 9, 14, 3, 13, 16, 5, 7]|[0, 2, 1, 1, 2, 1, 0, 0, 2, 0, 1, 2, 1, 1, 0, 0, 0, 2, 1, 0]|[3, 0, 1, 1, 0, 1, 2, 0, 0, 0, 1, 0, 0, 1, 3, 3, 3, 0, 1, 3]|[1, 1, 1, 0, 0, 1, 0, 2, 1, 2, 1, 0, 1, 0, 0, 2, 0, 1, 1, 0];[0, 19, 16, 10, 15, 11, 18, 8, 5, 12, 3, 6, 9, 17, 2, 1, 13, 4, 14, 7]|[0, 2, 1, 1, 2, 1, 0, 0, 2, 0, 1, 2, 1, 1, 0, 0, 0, 2, 1, 0]|[3, 0, 1, 1, 0, 1, 3, 0, 0, 0, 0, 0, 0, 1, 3, 3, 3, 0, 1, 3]|[1, 1, 1, 1, 0, 0, 0, 2, 1, 2, 1, 0, 1, 1, 0, 2, 0, 1, 1, 0];[0, 19, 16, 10, 15, 11, 12, 1, 5, 18, 7, 3, 9, 6, 8, 17, 2, 4, 14, 13]|[0, 2, 1, 1, 2, 1, 0, 0, 2, 0, 1, 2, 1, 1, 0, 0, 0, 2, 1, 0]|[3, 0, 1, 1, 0, 1, 2, 2, 0, 3, 1, 0, 1, 1, 3, 3, 3, 0, 1, 3]|[1, 1, 1, 0, 0, 1, 2, 0, 1, 2, 1, 0, 1, 1, 0, 2, 0, 1, 1, 2];[0, 19, 16, 10, 15, 11, 18, 1, 5, 12, 17, 2, 9, 13, 7, 6, 8, 4, 3, 14]|[0, 2, 1, 1, 2, 1, 0, 0, 2, 0, 1, 2, 1, 1, 0, 0, 0, 2, 1, 0]|[3, 0, 1, 1, 0, 1, 2, 0, 0, 0, 0, 0, 0, 1, 3, 3, 3, 0, 1, 3]|[1, 1, 1, 0, 0, 1, 0, 2, 1, 2, 1, 0, 1, 0, 0, 2, 0, 1, 1, 2];[0, 19, 16, 10, 15, 11, 18, 1, 5, 12, 17, 2, 7, 13, 6, 3, 14, 4, 9, 8]|[0, 2, 1, 1, 2, 1, 0, 0, 2, 0, 1, 2, 1, 1, 0, 0, 0, 2, 1, 0]|[3, 0, 1, 1, 0, 1, 2, 0, 0, 0, 0, 0, 0, 1, 3, 3, 3, 0, 1, 3]|[1, 1, 1, 0, 0, 1, 0, 2, 1, 2, 1, 0, 1, 0, 0, 2, 0, 1, 1, 2];[3, 12, 5, 8, 17, 11, 15, 10, 16, 19, 0, 2, 9, 6, 18, 1, 13, 4, 7, 14]|[0, 0, 2, 0, 0, 1, 2, 1, 1, 2, 0, 2, 0, 1, 0, 0, 0, 2, 0, 0]|[3, 0, 0, 0, 0, 1, 0, 1, 1, 0, 3, 0, 0, 1, 3, 3, 3, 0, 3, 3]|[0, 2, 1, 2, 2, 1, 0, 0, 1, 1, 1, 0, 1, 1, 0, 0, 2, 1, 1, 0];[3, 12, 5, 8, 17, 11, 15, 10, 16, 19, 0, 2, 9, 6, 18, 1, 13, 4, 7, 14]|[0, 0, 2, 0, 0, 1, 2, 1, 1, 2, 0, 2, 0, 1, 0, 0, 0, 2, 0, 0]|[3, 0, 0, 0, 0, 1, 0, 1, 1, 0, 3, 0, 0, 1, 3, 3, 3, 0, 3, 3]|[0, 2, 1, 2, 2, 1, 0, 0, 1, 1, 1, 0, 1, 1, 0, 0, 2, 1, 1, 0];[0, 19, 16, 10, 15, 11, 12, 1, 5, 14, 17, 2, 9, 13, 8, 3, 7, 4, 6, 18]|[0, 2, 1, 1, 2, 1, 0, 0, 2, 0, 1, 2, 1, 1, 0, 0, 0, 2, 1, 0]|[3, 0, 1, 1, 0, 1, 2, 0, 0, 0, 1, 0, 1, 1, 3, 3, 3, 0, 1, 3]|[1, 1, 1, 0, 0, 1, 0, 2, 1, 2, 1, 0, 1, 1, 0, 2, 0, 1, 1, 0];[0, 19, 16, 10, 15, 11, 12, 1, 5, 7, 17, 2, 9, 6, 14, 4, 18, 3, 13, 8]|[0, 2, 1, 1, 2, 1, 0, 0, 2, 0, 1, 2, 1, 1, 0, 0, 0, 2, 1, 0]|[3, 0, 1, 1, 0, 1, 2, 0, 0, 0, 0, 0, 0, 1, 3, 3, 3, 0, 1, 3]|[1, 1, 1, 0, 0, 1, 0, 2, 1, 2, 1, 0, 1, 0, 0, 2, 0, 1, 1, 2];[0, 19, 16, 10, 15, 11, 18, 8, 5, 3, 17, 6, 7, 9, 12, 13, 14, 2, 4, 1]|[0, 2, 1, 1, 2, 1, 0, 0, 2, 0, 1, 2, 1, 1, 0, 0, 0, 2, 1, 0]|[3, 0, 1, 1, 0, 1, 3, 0, 0, 0, 1, 0, 0, 1, 3, 3, 3, 0, 1, 3]|[1, 1, 1, 0, 0, 1, 0, 2, 1, 2, 1, 0, 1, 0, 0, 2, 0, 1, 1, 0];[0, 19, 16, 10, 4, 11, 18, 8, 5, 12, 17, 6, 7, 1, 3, 13, 9, 15, 2, 14]|[0, 2, 1, 1, 2, 1, 0, 0, 2, 0, 1, 2, 1, 1, 0, 0, 0, 2, 1, 0]|[3, 0, 1, 1, 0, 1, 3, 0, 0, 0, 1, 0, 0, 1, 3, 3, 3, 0, 1, 3]|[1, 1, 1, 0, 0, 1, 0, 2, 1, 2, 1, 0, 1, 0, 0, 2, 0, 1, 1, 0];[12, 5, 8, 3, 11, 15, 10, 16, 19, 0, 17, 2, 9, 6, 1, 13, 14, 4, 7, 18]|[0, 2, 0, 0, 1, 2, 1, 1, 2, 0, 0, 2, 0, 1, 0, 0, 0, 2, 0, 0]|[0, 0, 0, 3, 1, 0, 1, 1, 0, 3, 0, 0, 0, 1, 3, 3, 3, 0, 3, 3]|[2, 1, 2, 0, 1, 0, 0, 1, 1, 1, 1, 0, 1, 1, 0, 2, 0, 1, 1, 0];[12, 5, 8, 3, 11, 15, 10, 16, 19, 0, 17, 2, 9, 6, 1, 13, 14, 4, 7, 18]|[0, 2, 0, 0, 1, 2, 1, 1, 2, 0, 0, 2, 0, 1, 0, 0, 0, 2, 0, 0]|[0, 0, 0, 3, 1, 0, 1, 1, 0, 3, 0, 0, 0, 1, 3, 3, 3, 0, 3, 3]|[2, 1, 2, 0, 1, 0, 0, 1, 1, 1, 1, 0, 1, 1, 0, 2, 0, 1, 1, 0];[0, 19, 16, 10, 15, 11, 18, 1, 5, 7, 12, 3, 9, 17, 2, 14, 8, 4, 13, 6]|[0, 2, 1, 1, 2, 1, 0, 0, 2, 0, 1, 2, 1, 1, 0, 0, 0, 2, 1, 0]|[3, 0, 1, 1, 0, 1, 2, 0, 0, 0, 1, 0, 0, 1, 2, 3, 3, 0, 1, 3]|[1, 1, 1, 1, 0, 1, 0, 2, 1, 2, 1, 0, 1, 0, 0, 2, 0, 1, 1, 2];[0, 19, 16, 10, 15, 11, 18, 1, 5, 7, 12, 3, 9, 17, 2, 14, 8, 4, 13, 6]|[0, 2, 1, 1, 2, 1, 0, 0, 2, 0, 1, 2, 1, 1, 0, 0, 0, 2, 1, 0]|[3, 0, 1, 1, 0, 1, 2, 0, 0, 0, 1, 0, 0, 1, 2, 3, 3, 0, 1, 3]|[1, 1, 1, 1, 0, 1, 0, 2, 1, 2, 1, 0, 1, 0, 0, 2, 0, 1, 1, 2];[12, 5, 8, 7, 11, 15, 10, 16, 19, 0, 13, 3, 14, 6, 2, 17, 9, 4, 1, 18]|[0, 2, 0, 0, 1, 2, 1, 1, 2, 0, 0, 0, 0, 1, 2, 0, 0, 2, 0, 0]|[0, 0, 0, 3, 1, 0, 1, 1, 0, 3, 3, 3, 3, 1, 0, 0, 0, 0, 3, 3]|[2, 1, 2, 0, 1, 0, 0, 1, 1, 1, 0, 2, 0, 0, 0, 1, 1, 1, 1, 0];[12, 5, 8, 7, 11, 15, 10, 16, 19, 0, 13, 3, 14, 6, 2, 17, 9, 4, 1, 18]|[0, 2, 0, 0, 1, 2, 1, 1, 2, 0, 0, 0, 0, 1, 2, 0, 0, 2, 0, 0]|[0, 0, 0, 3, 1, 0, 1, 1, 0, 3, 3, 3, 3, 1, 0, 0, 0, 0, 3, 3]|[2, 1, 2, 0, 1, 0, 0, 1, 1, 1, 0, 2, 0, 0, 0, 1, 1, 1, 1, 0];[14, 19, 16, 2, 11, 13, 18, 0, 5, 12, 8, 10, 9, 1, 7, 3, 4, 17, 6, 15]|[0, 2, 1, 2, 1, 1, 0, 0, 2, 0, 2, 1, 1, 0, 0, 0, 2, 1, 1, 0]|[3, 0, 1, 0, 1, 1, 3, 3, 0, 3, 0, 1, 1, 3, 3, 3, 0, 1, 1, 3]|[0, 1, 1, 0, 1, 1, 2, 0, 1, 2, 0, 1, 1, 0, 2, 0, 1, 1, 1, 0];[0, 19, 16, 10, 15, 11, 18, 8, 5, 12, 17, 6, 7, 1, 3, 14, 9, 2, 4, 13]|[0, 2, 1, 1, 2, 1, 0, 0, 2, 0, 1, 2, 1, 1, 0, 0, 0, 2, 1, 0]|[3, 0, 1, 1, 0, 1, 3, 0, 0, 0, 1, 0, 0, 1, 3, 3, 3, 0, 1, 3]|[1, 1, 1, 0, 0, 1, 0, 2, 1, 2, 1, 0, 1, 0, 0, 2, 0, 1, 1, 0];[0, 19, 16, 15, 11, 8, 12, 18, 5, 3, 17, 2, 9, 10, 14, 1, 13, 4, 6, 7]|[0, 2, 1, 2, 1, 1, 0, 0, 2, 0, 1, 2, 1, 1, 0, 0, 0, 2, 1, 0]|[3, 0, 1, 0, 1, 1, 3, 3, 0, 3, 1, 0, 1, 1, 3, 3, 3, 0, 1, 3]|[2, 1, 1, 0, 1, 1, 0, 0, 1, 2, 1, 0, 1, 1, 0, 2, 0, 1, 1, 0];[0, 19, 16, 15, 11, 8, 12, 18, 5, 3, 17, 2, 9, 10, 14, 1, 13, 4, 6, 7]|[0, 2, 1, 2, 1, 1, 0, 0, 2, 0, 1, 2, 1, 1, 0, 0, 0, 2, 1, 0]|[3, 0, 1, 0, 1, 1, 3, 3, 0, 3, 1, 0, 1, 1, 3, 3, 3, 0, 1, 3]|[2, 1, 1, 0, 1, 1, 0, 0, 1, 2, 1, 0, 1, 1, 0, 2, 0, 1, 1, 0];[14, 19, 16, 2, 11, 13, 18, 0, 5, 12, 8, 10, 9, 1, 7, 3, 4, 17, 6, 15]|[0, 2, 1, 2, 1, 1, 0, 0, 2, 0, 2, 1, 1, 0, 0, 0, 2, 1, 1, 0]|[3, 0, 1, 0, 1, 1, 3, 3, 0, 3, 0, 1, 1, 3, 3, 3, 0, 1, 1, 3]|[0, 1, 1, 0, 1, 1, 2, 0, 1, 2, 0, 1, 1, 0, 2, 0, 1, 1, 1, 0];[0, 19, 16, 10, 15, 11, 18, 1, 5, 12, 17, 2, 9, 13, 7, 8, 3, 4, 6, 14]|[0, 2, 1, 1, 2, 1, 0, 0, 2, 0, 1, 2, 1, 1, 0, 0, 0, 2, 1, 0]|[3, 0, 1, 1, 0, 1, 3, 0, 0, 0, 1, 0, 0, 1, 3, 3, 3, 0, 1, 3]|[1, 1, 1, 0, 0, 1, 0, 2, 1, 2, 1, 0, 1, 0, 0, 2, 0, 1, 1, 0];[0, 19, 16, 10, 15, 11, 18, 8, 5, 12, 2, 6, 7, 17, 9, 1, 3, 4, 13, 14]|[0, 2, 1, 1, 2, 1, 0, 0, 2, 0, 1, 2, 1, 1, 0, 0, 0, 2, 1, 0]|[3, 0, 1, 1, 0, 1, 3, 2, 0, 0, 1, 0, 0, 1, 3, 3, 3, 0, 1, 3]|[1, 1, 1, 1, 0, 1, 0, 2, 1, 2, 1, 0, 1, 1, 0, 2, 0, 1, 1, 2];[0, 19, 16, 10, 15, 11, 12, 18, 5, 14, 3, 1, 9, 17, 2, 8, 13, 4, 6, 7]|[0, 2, 1, 1, 2, 1, 0, 0, 2, 0, 1, 2, 1, 1, 0, 0, 0, 2, 1, 0]|[3, 0, 1, 1, 0, 1, 2, 0, 0, 0, 1, 0, 1, 1, 3, 3, 3, 0, 1, 3]|[1, 1, 1, 1, 0, 1, 0, 2, 1, 2, 1, 0, 1, 1, 0, 2, 0, 1, 1, 0];[0, 19, 16, 10, 15, 11, 12, 8, 5, 18, 17, 2, 9, 3, 6, 1, 14, 4, 7, 13]|[0, 2, 1, 1, 2, 1, 0, 0, 2, 0, 1, 2, 1, 1, 0, 0, 0, 2, 1, 0]|[3, 0, 1, 1, 0, 1, 3, 2, 0, 3, 1, 0, 1, 1, 3, 3, 3, 0, 1, 3]|[0, 1, 1, 0, 0, 1, 0, 2, 1, 2, 1, 0, 1, 1, 0, 2, 0, 1, 1, 0];[0, 19, 16, 10, 15, 11, 18, 8, 5, 12, 3, 6, 9, 7, 14, 13, 1, 4, 2, 17]|[0, 2, 1, 1, 2, 1, 0, 0, 2, 0, 1, 2, 1, 1, 0, 0, 0, 2, 1, 0]|[3, 0, 1, 1, 0, 1, 3, 2, 0, 3, 1, 0, 1, 1, 3, 3, 3, 0, 1, 3]|[1, 1, 1, 0, 0, 1, 0, 2, 1, 2, 1, 0, 1, 1, 0, 2, 0, 1, 1, 2];[19, 16, 2, 12, 5, 15, 18, 8, 10, 13, 9, 17, 11, 14, 1, 0, 7, 4, 6, 3]|[2, 1, 2, 0, 2, 0, 0, 2, 1, 1, 1, 1, 1, 0, 0, 0, 0, 2, 1, 0]|[0, 1, 0, 3, 0, 3, 3, 0, 1, 1, 1, 1, 1, 3, 3, 3, 3, 0, 1, 3]|[1, 1, 0, 2, 1, 0, 2, 0, 1, 1, 1, 1, 1, 0, 0, 2, 0, 1, 1, 0];[19, 16, 2, 12, 5, 15, 18, 8, 10, 13, 9, 17, 11, 14, 1, 0, 7, 4, 6, 3]|[2, 1, 2, 0, 2, 0, 0, 2, 1, 1, 1, 1, 1, 0, 0, 0, 0, 2, 1, 0]|[0, 1, 0, 3, 0, 3, 3, 0, 1, 1, 1, 1, 1, 3, 3, 3, 3, 0, 1, 3]|[1, 1, 0, 2, 1, 0, 2, 0, 1, 1, 1, 1, 1, 0, 0, 2, 0, 1, 1, 0];[19, 16, 10, 15, 11, 12, 14, 4, 8, 3, 6, 1, 13, 9, 18, 17, 2, 5, 7, 0]|[2, 1, 1, 2, 1, 0, 0, 2, 0, 1, 2, 0, 1, 0, 0, 0, 2, 1, 0, 0]|[0, 1, 1, 0, 1, 3, 3, 0, 3, 1, 0, 3, 1, 3, 3, 3, 0, 1, 3, 3]|[1, 1, 0, 0, 1, 0, 2, 1, 0, 1, 0, 2, 1, 0, 2, 0, 1, 1, 2, 0];[12, 19, 16, 15, 8, 10, 18, 5, 0, 17, 2, 7, 1, 4, 3, 6, 14, 9, 11, 13]|[0, 2, 1, 2, 1, 1, 0, 2, 0, 1, 2, 1, 1, 2, 0, 0, 0, 1, 1, 0]|[0, 0, 1, 0, 1, 1, 3, 0, 3, 1, 0, 1, 1, 0, 3, 3, 3, 1, 1, 3]|[0, 1, 1, 0, 1, 1, 2, 1, 0, 1, 0, 1, 1, 1, 0, 2, 0, 1, 1, 0];[0, 19, 5, 15, 16, 18, 12, 4, 8, 10, 6, 7, 17, 11, 14, 13, 3, 9, 2, 1]|[0, 2, 1, 2, 1, 0, 0, 2, 0, 1, 2, 1, 1, 1, 0, 0, 0, 2, 1, 0]|[0, 0, 1, 0, 1, 3, 3, 0, 3, 1, 0, 1, 1, 1, 3, 3, 3, 0, 1, 3]|[2, 1, 1, 0, 1, 0, 0, 1, 2, 1, 0, 1, 1, 1, 0, 2, 0, 1, 1, 2];[19, 16, 10, 15, 11, 12, 14, 4, 8, 3, 6, 1, 13, 9, 18, 17, 2, 5, 7, 0]|[2, 1, 1, 2, 1, 0, 0, 2, 0, 1, 2, 0, 1, 0, 0, 0, 2, 1, 0, 0]|[0, 1, 1, 0, 1, 3, 3, 0, 3, 1, 0, 3, 1, 3, 3, 3, 0, 1, 3, 3]|[1, 1, 0, 0, 1, 0, 2, 1, 0, 1, 0, 2, 1, 0, 2, 0, 1, 1, 2, 0];[0, 19, 16, 10, 4, 6, 18, 3, 17, 14, 15, 11, 9, 8, 12, 1, 13, 5, 2, 7]|[0, 2, 1, 1, 2, 1, 0, 0, 2, 0, 1, 2, 1, 1, 0, 0, 0, 2, 1, 0]|[3, 0, 1, 1, 0, 1, 3, 0, 0, 0, 0, 0, 0, 1, 3, 3, 3, 0, 1, 3]|[1, 1, 1, 1, 0, 1, 0, 2, 1, 2, 1, 0, 1, 0, 0, 2, 0, 1, 1, 0];[0, 19, 16, 10, 4, 6, 18, 3, 17, 14, 15, 11, 9, 8, 12, 1, 13, 5, 2, 7]|[0, 2, 1, 1, 2, 1, 0, 0, 2, 0, 1, 2, 1, 1, 0, 0, 0, 2, 1, 0]|[3, 0, 1, 1, 0, 1, 3, 0, 0, 0, 0, 0, 0, 1, 3, 3, 3, 0, 1, 3]|[1, 1, 1, 1, 0, 1, 0, 2, 1, 2, 1, 0, 1, 0, 0, 2, 0, 1, 1, 0];[0, 19, 16, 10, 15, 11, 12, 14, 5, 1, 17, 2, 9, 3, 8, 6, 18, 4, 13, 7]|[0, 2, 1, 1, 2, 1, 0, 0, 2, 0, 1, 2, 1, 1, 0, 0, 0, 2, 1, 0]|[3, 0, 1, 1, 0, 1, 3, 3, 0, 3, 1, 0, 1, 1, 3, 3, 3, 0, 1, 3]|[0, 1, 1, 1, 1, 1, 2, 0, 1, 2, 1, 0, 1, 1, 0, 2, 0, 1, 1, 0];[0, 19, 16, 10, 15, 11, 18, 8, 5, 12, 17, 2, 7, 9, 1, 14, 6, 4, 13, 3]|[0, 2, 1, 1, 2, 1, 0, 0, 2, 0, 1, 2, 1, 1, 0, 0, 0, 2, 1, 0]|[3, 0, 1, 1, 0, 1, 3, 0, 0, 0, 1, 0, 0, 1, 3, 3, 3, 0, 1, 3]|[1, 1, 1, 0, 0, 1, 0, 2, 1, 2, 1, 0, 1, 0, 0, 2, 0, 1, 1, 0];[0, 19, 16, 10, 15, 11, 18, 1, 5, 12, 2, 13, 9, 17, 7, 6, 3, 4, 14, 8]|[0, 2, 1, 1, 2, 1, 0, 0, 2, 0, 1, 2, 1, 1, 0, 0, 0, 2, 1, 0]|[3, 0, 1, 1, 1, 1, 2, 3, 0, 3, 1, 0, 1, 1, 3, 3, 3, 0, 1, 3]|[1, 1, 1, 0, 0, 1, 0, 2, 1, 2, 1, 0, 1, 1, 0, 2, 0, 1, 1, 0];[19, 16, 10, 15, 11, 12, 5, 8, 9, 17, 6, 7, 1, 0, 14, 13, 18, 2, 4, 3]|[2, 1, 1, 2, 1, 0, 2, 0, 0, 1, 2, 1, 1, 0, 0, 0, 0, 2, 1, 0]|[0, 1, 1, 0, 1, 3, 0, 3, 3, 1, 0, 1, 1, 3, 3, 3, 3, 0, 1, 3]|[1, 1, 1, 0, 1, 2, 1, 0, 2, 1, 0, 1, 1, 0, 2, 0, 2, 1, 1, 0];[19, 16, 10, 15, 11, 12, 5, 8, 9, 17, 6, 7, 1, 0, 14, 13, 18, 2, 4, 3]|[2, 1, 1, 2, 1, 0, 2, 0, 0, 1, 2, 1, 1, 0, 0, 0, 0, 2, 1, 0]|[0, 1, 1, 0, 1, 3, 0, 3, 3, 1, 0, 1, 1, 3, 3, 3, 3, 0, 1, 3]|[1, 1, 1, 0, 1, 2, 1, 0, 2, 1, 0, 1, 1, 0, 2, 0, 2, 1, 1, 0];[19, 16, 10, 15, 11, 18, 4, 12, 17, 2, 7, 13, 6, 0, 1, 3, 14, 5, 9, 8]|[2, 1, 1, 2, 1, 0, 2, 0, 1, 2, 1, 1, 0, 0, 0, 0, 0, 2, 1, 0]|[1, 1, 1, 0, 1, 2, 0, 0, 0, 0, 0, 1, 3, 3, 0, 3, 3, 0, 1, 3]|[1, 1, 0, 0, 1, 1, 1, 2, 1, 0, 1, 0, 0, 0, 2, 2, 0, 1, 1, 2];[19, 16, 10, 15, 11, 18, 4, 12, 17, 2, 7, 13, 6, 0, 1, 3, 14, 5, 9, 8]|[2, 1, 1, 2, 1, 0, 2, 0, 1, 2, 1, 1, 0, 0, 0, 0, 0, 2, 1, 0]|[1, 1, 1, 0, 1, 2, 0, 0, 0, 0, 0, 1, 3, 3, 0, 3, 3, 0, 1, 3]|[1, 1, 0, 0, 1, 1, 1, 2, 1, 0, 1, 0, 0, 0, 2, 2, 0, 1, 1, 2];[12, 19, 16, 10, 15, 11, 3, 8, 5, 0, 2, 9, 6, 18, 1, 14, 4, 7, 13, 17]|[0, 2, 1, 1, 2, 1, 0, 0, 2, 0, 2, 0, 1, 0, 0, 0, 2, 0, 0, 0]|[3, 0, 1, 1, 0, 1, 0, 0, 0, 3, 0, 0, 1, 3, 3, 3, 0, 0, 3, 0]|[2, 1, 1, 0, 0, 1, 0, 2, 1, 1, 0, 1, 0, 0, 2, 0, 1, 1, 2, 1];[12, 19, 16, 10, 15, 11, 3, 8, 5, 0, 2, 9, 6, 18, 1, 14, 4, 7, 13, 17]|[0, 2, 1, 1, 2, 1, 0, 0, 2, 0, 2, 0, 1, 0, 0, 0, 2, 0, 0, 0]|[3, 0, 1, 1, 0, 1, 0, 0, 0, 3, 0, 0, 1, 3, 3, 3, 0, 0, 3, 0]|[2, 1, 1, 0, 0, 1, 0, 2, 1, 1, 0, 1, 0, 0, 2, 0, 1, 1, 2, 1];[0, 19, 16, 10, 15, 11, 12, 1, 5, 7, 17, 6, 13, 18, 14, 3, 2, 4, 9, 8]|[0, 2, 1, 1, 2, 1, 0, 0, 2, 0, 1, 2, 1, 1, 0, 0, 0, 2, 1, 0]|[3, 0, 1, 1, 0, 0, 2, 0, 0, 0, 0, 0, 1, 1, 3, 3, 3, 0, 1, 3]|[1, 1, 1, 0, 0, 1, 0, 2, 1, 2, 1, 0, 1, 0, 0, 2, 0, 1, 1, 2];[0, 19, 16, 10, 15, 11, 18, 1, 5, 12, 17, 6, 9, 7, 2, 14, 13, 4, 3, 8]|[0, 2, 1, 1, 2, 1, 0, 0, 2, 0, 1, 2, 1, 1, 0, 0, 0, 2, 1, 0]|[3, 0, 1, 1, 0, 1, 3, 0, 0, 0, 1, 0, 0, 1, 3, 3, 3, 0, 1, 3]|[1, 1, 1, 0, 0, 1, 0, 2, 1, 2, 1, 0, 1, 0, 0, 2, 2, 1, 1, 0];[0, 19, 16, 10, 15, 11, 18, 12, 5, 1, 17, 6, 9, 7, 14, 13, 3, 4, 2, 8]|[0, 2, 1, 1, 2, 1, 0, 0, 2, 0, 1, 2, 1, 1, 0, 0, 0, 2, 1, 0]|[3, 0, 1, 1, 0, 1, 3, 3, 0, 3, 1, 0, 1, 1, 3, 3, 3, 0, 1, 3]|[1, 1, 1, 0, 0, 1, 0, 2, 1, 2, 1, 0, 1, 1, 0, 2, 0, 1, 1, 2];[0, 19, 16, 10, 15, 11, 12, 1, 5, 7, 17, 6, 13, 18, 14, 3, 2, 4, 9, 8]|[0, 2, 1, 1, 2, 1, 0, 0, 2, 0, 1, 2, 1, 1, 0, 0, 0, 2, 1, 0]|[3, 0, 1, 1, 0, 0, 2, 0, 0, 0, 0, 0, 1, 1, 3, 3, 3, 0, 1, 3]|[1, 1, 1, 0, 0, 1, 0, 2, 1, 2, 1, 0, 1, 0, 0, 2, 0, 1, 1, 2];[2, 19, 16, 10, 15, 11, 8, 5, 0, 17, 6, 7, 9, 12, 14, 18, 4, 3, 13, 1]|[0, 2, 1, 1, 2, 1, 0, 2, 0, 1, 2, 1, 1, 0, 0, 0, 2, 1, 0, 0]|[3, 0, 1, 1, 0, 1, 3, 0, 3, 1, 0, 1, 1, 3, 3, 3, 0, 1, 3, 3]|[0, 1, 1, 0, 0, 1, 2, 1, 0, 1, 0, 1, 0, 2, 0, 2, 1, 1, 0, 0];[2, 19, 16, 10, 15, 11, 8, 5, 0, 17, 6, 7, 9, 12, 14, 18, 4, 3, 13, 1]|[0, 2, 1, 1, 2, 1, 0, 2, 0, 1, 2, 1, 1, 0, 0, 0, 2, 1, 0, 0]|[3, 0, 1, 1, 0, 1, 3, 0, 3, 1, 0, 1, 1, 3, 3, 3, 0, 1, 3, 3]|[0, 1, 1, 0, 0, 1, 2, 1, 0, 1, 0, 1, 0, 2, 0, 2, 1, 1, 0, 0];[0, 19, 16, 10, 15, 11, 12, 18, 5, 8, 2, 17, 9, 1, 3, 14, 13, 4, 6, 7]|[0, 2, 1, 1, 2, 1, 0, 0, 2, 0, 0, 1, 1, 2, 1, 0, 0, 2, 1, 0]|[3, 0, 1, 1, 0, 1, 3, 3, 0, 3, 3, 1, 1, 0, 1, 3, 3, 0, 1, 3]|[0, 1, 1, 1, 0, 1, 2, 0, 1, 2, 0, 1, 1, 0, 1, 2, 0, 1, 1, 0];[0, 19, 16, 10, 15, 11, 12, 18, 5, 8, 2, 17, 9, 1, 3, 14, 13, 4, 6, 7]|[0, 2, 1, 1, 2, 1, 0, 0, 2, 0, 0, 1, 1, 2, 1, 0, 0, 2, 1, 0]|[3, 0, 1, 1, 0, 1, 3, 3, 0, 3, 3, 1, 1, 0, 1, 3, 3, 0, 1, 3]|[0, 1, 1, 1, 0, 1, 2, 0, 1, 2, 0, 1, 1, 0, 1, 2, 0, 1, 1, 0];[8, 19, 16, 10, 15, 11, 12, 0, 5, 1, 3, 6, 9, 13, 2, 14, 18, 4, 17, 7]|[0, 2, 1, 1, 2, 1, 0, 0, 2, 0, 1, 2, 1, 1, 0, 0, 0, 2, 1, 0]|[3, 0, 1, 1, 0, 1, 3, 3, 0, 3, 1, 0, 1, 1, 3, 3, 3, 0, 1, 3]|[0, 1, 1, 1, 0, 1, 2, 0, 1, 2, 1, 0, 1, 1, 0, 2, 0, 1, 1, 0];[8, 19, 16, 10, 15, 11, 12, 0, 5, 1, 3, 6, 9, 13, 2, 14, 18, 4, 17, 7]|[0, 2, 1, 1, 2, 1, 0, 0, 2, 0, 1, 2, 1, 1, 0, 0, 0, 2, 1, 0]|[3, 0, 1, 1, 0, 1, 3, 3, 0, 3, 1, 0, 1, 1, 3, 3, 3, 0, 1, 3]|[0, 1, 1, 1, 0, 1, 2, 0, 1, 2, 1, 0, 1, 1, 0, 2, 0, 1, 1, 0];[0, 4, 16, 10, 15, 11, 7, 12, 17, 6, 13, 14, 3, 19, 2, 5, 18, 1, 9, 8]|[0, 2, 1, 1, 2, 1, 0, 0, 1, 1, 1, 0, 1, 2, 2, 2, 0, 0, 0, 0]|[2, 1, 1, 1, 0, 0, 3, 0, 0, 0, 1, 3, 1, 0, 0, 0, 3, 0, 3, 3]|[1, 0, 1, 0, 1, 1, 0, 2, 1, 1, 0, 0, 1, 1, 0, 1, 0, 2, 2, 0];[0, 4, 16, 10, 15, 11, 7, 12, 17, 6, 13, 14, 3, 19, 2, 5, 18, 1, 9, 8]|[0, 2, 1, 1, 2, 1, 0, 0, 1, 1, 1, 0, 1, 2, 2, 2, 0, 0, 0, 0]|[2, 1, 1, 1, 0, 0, 3, 0, 0, 0, 1, 3, 1, 0, 0, 0, 3, 0, 3, 3]|[1, 0, 1, 0, 1, 1, 0, 2, 1, 1, 0, 0, 1, 1, 0, 1, 0, 2, 2, 0];[0, 19, 16, 2, 4, 1, 6, 13, 15, 12, 18, 5, 14, 10, 17, 9, 7, 3, 11, 8]|[0, 2, 1, 2, 2, 0, 0, 0, 2, 2, 0, 2, 0, 1, 1, 1, 1, 1, 1, 0]|[0, 0, 1, 0, 0, 3, 3, 3, 0, 1, 3, 0, 2, 1, 1, 1, 1, 1, 1, 3]|[2, 1, 1, 0, 1, 0, 0, 2, 0, 0, 0, 1, 0, 1, 1, 1, 1, 1, 1, 2];[0, 19, 16, 10, 15, 11, 12, 1, 5, 18, 7, 2, 9, 17, 14, 8, 6, 3, 4, 13]|[0, 2, 1, 1, 2, 1, 0, 0, 2, 0, 0, 2, 0, 1, 0, 0, 0, 2, 1, 0]|[3, 0, 1, 1, 0, 1, 2, 0, 0, 0, 0, 0, 0, 1, 3, 3, 3, 0, 1, 3]|[1, 1, 1, 0, 0, 1, 0, 2, 1, 2, 1, 0, 1, 0, 0, 2, 0, 1, 1, 2];[0, 19, 16, 10, 15, 11, 12, 1, 5, 18, 7, 2, 9, 17, 14, 8, 6, 3, 4, 13]|[0, 2, 1, 1, 2, 1, 0, 0, 2, 0, 0, 2, 0, 1, 0, 0, 0, 2, 1, 0]|[3, 0, 1, 1, 0, 1, 2, 0, 0, 0, 0, 0, 0, 1, 3, 3, 3, 0, 1, 3]|[1, 1, 1, 0, 0, 1, 0, 2, 1, 2, 1, 0, 1, 0, 0, 2, 0, 1, 1, 2];[19, 16, 10, 15, 11, 6, 14, 8, 5, 17, 2, 7, 9, 3, 12, 18, 1, 13, 4, 0]|[2, 1, 1, 2, 1, 0, 0, 0, 2, 1, 2, 1, 1, 0, 0, 0, 0, 1, 2, 0]|[0, 1, 1, 0, 1, 3, 3, 3, 0, 0, 0, 0, 1, 3, 3, 3, 3, 1, 0, 3]|[1, 1, 0, 0, 1, 0, 2, 0, 1, 1, 0, 1, 0, 2, 0, 0, 2, 1, 1, 0];[0, 19, 16, 10, 15, 11, 8, 6, 4, 12, 17, 18, 7, 9, 14, 3, 1, 5, 13, 2]|[0, 2, 1, 1, 2, 1, 0, 0, 2, 0, 1, 2, 1, 1, 0, 0, 0, 2, 1, 0]|[3, 0, 1, 1, 0, 0, 2, 0, 0, 0, 1, 0, 1, 1, 3, 3, 3, 0, 1, 3]|[1, 1, 1, 0, 0, 1, 0, 2, 1, 2, 1, 0, 1, 0, 0, 2, 0, 1, 1, 2];[0, 19, 16, 10, 15, 11, 12, 18, 5, 14, 3, 6, 9, 13, 2, 8, 1, 17, 4, 7]|[0, 2, 1, 1, 2, 1, 0, 0, 2, 0, 1, 2, 1, 1, 0, 0, 0, 1, 2, 0]|[3, 0, 1, 1, 0, 1, 3, 3, 0, 3, 1, 0, 1, 1, 3, 3, 3, 1, 0, 3]|[0, 1, 1, 1, 0, 1, 2, 0, 1, 2, 1, 0, 1, 1, 0, 2, 0, 1, 1, 0];[0, 19, 16, 10, 15, 11, 12, 18, 5, 14, 3, 6, 9, 13, 2, 8, 1, 17, 4, 7]|[0, 2, 1, 1, 2, 1, 0, 0, 2, 0, 1, 2, 1, 1, 0, 0, 0, 1, 2, 0]|[3, 0, 1, 1, 0, 1, 3, 3, 0, 3, 1, 0, 1, 1, 3, 3, 3, 1, 0, 3]|[0, 1, 1, 1, 0, 1, 2, 0, 1, 2, 1, 0, 1, 1, 0, 2, 0, 1, 1, 0];[19, 16, 10, 15, 11, 12, 5, 18, 3, 6, 1, 13, 0, 9, 14, 8, 17, 4, 2, 7]|[2, 1, 1, 2, 1, 0, 2, 0, 1, 2, 1, 1, 0, 0, 0, 0, 0, 2, 1, 0]|[0, 1, 1, 0, 1, 3, 0, 3, 1, 0, 1, 1, 3, 3, 3, 3, 3, 0, 1, 3]|[1, 1, 0, 0, 1, 0, 1, 2, 1, 0, 1, 1, 0, 0, 2, 0, 2, 1, 1, 0];[19, 16, 10, 15, 11, 12, 5, 18, 3, 6, 1, 13, 0, 9, 14, 8, 17, 4, 2, 7]|[2, 1, 1, 2, 1, 0, 2, 0, 1, 2, 1, 1, 0, 0, 0, 0, 0, 2, 1, 0]|[0, 1, 1, 0, 1, 3, 0, 3, 1, 0, 1, 1, 3, 3, 3, 3, 3, 0, 1, 3]|[1, 1, 0, 0, 1, 0, 1, 2, 1, 0, 1, 1, 0, 0, 2, 0, 2, 1, 1, 0];[5, 16, 10, 15, 11, 14, 18, 9, 7, 1, 4, 3, 0, 12, 13, 2, 6, 17, 19, 8]|[2, 1, 1, 2, 1, 0, 0, 0, 0, 0, 2, 0, 0, 0, 1, 1, 2, 1, 2, 0]|[0, 1, 1, 0, 1, 3, 3, 3, 3, 3, 0, 3, 3, 3, 1, 1, 0, 0, 0, 3]|[1, 1, 0, 0, 1, 0, 2, 0, 0, 0, 1, 2, 0, 2, 1, 0, 0, 1, 1, 0];[18, 19, 16, 10, 15, 11, 12, 1, 5, 0, 2, 9, 17, 13, 3, 14, 8, 4, 6, 7]|[0, 2, 1, 1, 2, 1, 0, 0, 2, 0, 2, 0, 1, 0, 0, 0, 0, 2, 0, 0]|[0, 0, 1, 1, 0, 1, 2, 0, 0, 3, 0, 0, 1, 3, 3, 3, 3, 0, 0, 0]|[0, 1, 1, 0, 0, 1, 2, 2, 1, 1, 1, 1, 0, 0, 0, 2, 0, 1, 1, 1];[19, 10, 15, 18, 2, 5, 7, 17, 12, 8, 16, 3, 6, 9, 1, 14, 4, 13, 11, 0]|[2, 1, 2, 0, 0, 2, 0, 1, 1, 2, 1, 1, 0, 0, 0, 0, 2, 1, 1, 0]|[1, 1, 0, 2, 3, 0, 0, 1, 1, 0, 1, 1, 3, 3, 0, 3, 0, 0, 1, 3]|[1, 1, 0, 1, 0, 1, 2, 1, 1, 0, 1, 0, 0, 0, 2, 2, 1, 1, 1, 0];[19, 10, 15, 18, 2, 5, 7, 17, 12, 8, 16, 3, 6, 9, 1, 14, 4, 13, 11, 0]|[2, 1, 2, 0, 0, 2, 0, 1, 1, 2, 1, 1, 0, 0, 0, 0, 2, 1, 1, 0]|[1, 1, 0, 2, 3, 0, 0, 1, 1, 0, 1, 1, 3, 3, 0, 3, 0, 0, 1, 3]|[1, 1, 0, 1, 0, 1, 2, 1, 1, 0, 1, 0, 0, 0, 2, 2, 1, 1, 1, 0];[0, 19, 16, 14, 15, 11, 12, 18, 5, 10, 7, 9, 2, 3, 13, 6, 8, 4, 17, 1]|[0, 2, 1, 1, 2, 1, 0, 0, 2, 1, 1, 1, 2, 1, 0, 0, 0, 2, 1, 0]|[3, 0, 1, 1, 0, 1, 3, 3, 0, 1, 1, 1, 0, 1, 3, 3, 3, 0, 1, 3]|[0, 1, 1, 1, 0, 1, 0, 2, 1, 1, 1, 1, 0, 1, 0, 2, 0, 1, 1, 0];[0, 19, 16, 14, 15, 11, 12, 18, 5, 10, 7, 9, 2, 3, 13, 6, 8, 4, 17, 1]|[0, 2, 1, 1, 2, 1, 0, 0, 2, 1, 1, 1, 2, 1, 0, 0, 0, 2, 1, 0]|[3, 0, 1, 1, 0, 1, 3, 3, 0, 1, 1, 1, 0, 1, 3, 3, 3, 0, 1, 3]|[0, 1, 1, 1, 0, 1, 0, 2, 1, 1, 1, 1, 0, 1, 0, 2, 0, 1, 1, 0];[19, 16, 10, 15, 5, 17, 6, 7, 9, 2, 8, 12, 1, 3, 11, 13, 4, 14, 18, 0]|[2, 1, 1, 2, 2, 1, 2, 1, 1, 0, 0, 0, 0, 0, 1, 1, 2, 0, 0, 0]|[0, 1, 1, 0, 0, 0, 0, 0, 1, 3, 3, 3, 3, 3, 1, 1, 0, 3, 3, 3]|[1, 1, 0, 0, 1, 1, 0, 1, 0, 0, 2, 0, 0, 2, 1, 1, 1, 0, 2, 0];[11, 19, 16, 10, 15, 0, 12, 8, 5, 3, 17, 9, 6, 2, 4, 14, 18, 7, 13, 1]|[0, 2, 1, 1, 2, 1, 0, 0, 2, 1, 2, 1, 1, 1, 2, 0, 0, 0, 0, 0]|[3, 0, 1, 1, 0, 1, 3, 3, 0, 1, 0, 1, 1, 1, 0, 3, 3, 3, 3, 3]|[0, 1, 1, 1, 0, 1, 2, 0, 1, 1, 0, 1, 1, 1, 1, 2, 0, 2, 0, 0];[0, 19, 16, 10, 15, 11, 12, 8, 5, 18, 7, 2, 9, 17, 14, 6, 3, 4, 13, 1]|[0, 2, 1, 1, 2, 1, 0, 0, 2, 0, 1, 2, 1, 1, 0, 0, 0, 2, 1, 0]|[3, 0, 1, 1, 0, 0, 2, 0, 0, 0, 0, 0, 0, 1, 3, 3, 3, 0, 1, 3]|[1, 1, 1, 0, 0, 1, 0, 2, 1, 2, 1, 0, 1, 0, 0, 2, 0, 1, 1, 0];[0, 19, 16, 10, 15, 11, 12, 18, 5, 14, 7, 2, 13, 4, 8, 1, 3, 6, 17, 9]|[0, 2, 1, 1, 2, 1, 0, 0, 2, 0, 0, 2, 1, 1, 0, 0, 0, 2, 1, 0]|[3, 0, 1, 1, 0, 0, 2, 0, 0, 0, 0, 0, 0, 1, 3, 3, 3, 0, 1, 3]|[1, 1, 1, 1, 0, 1, 0, 2, 1, 2, 1, 0, 1, 0, 0, 2, 2, 1, 1, 0];[0, 19, 16, 10, 15, 9, 18, 5, 12, 14, 17, 2, 13, 11, 7, 6, 8, 4, 3, 1]|[0, 2, 1, 1, 2, 1, 0, 2, 0, 0, 1, 2, 1, 1, 0, 0, 0, 2, 1, 0]|[2, 1, 1, 1, 0, 0, 1, 0, 0, 3, 0, 0, 1, 1, 3, 3, 3, 0, 1, 0]|[1, 0, 1, 1, 1, 1, 0, 1, 2, 2, 1, 0, 0, 1, 0, 2, 0, 1, 1, 2];[0, 19, 16, 10, 15, 11, 18, 1, 5, 12, 17, 2, 7, 13, 9, 8, 6, 4, 14, 3]|[0, 2, 1, 1, 2, 1, 0, 0, 2, 0, 1, 2, 1, 1, 0, 0, 0, 2, 1, 0]|[3, 0, 1, 1, 0, 0, 2, 0, 0, 0, 0, 0, 0, 1, 3, 3, 3, 0, 1, 3]|[1, 1, 1, 0, 0, 1, 0, 2, 1, 2, 1, 0, 1, 0, 0, 2, 0, 1, 1, 0];[19, 16, 10, 15, 5, 12, 1, 11, 6, 7, 17, 2, 8, 13, 9, 14, 0, 4, 3, 18]|[2, 1, 1, 2, 2, 0, 1, 1, 2, 1, 1, 0, 0, 0, 0, 0, 0, 2, 1, 1]|[1, 1, 0, 0, 0, 3, 1, 0, 0, 1, 1, 0, 0, 3, 3, 3, 3, 0, 1, 1]|[0, 1, 0, 1, 1, 2, 1, 1, 0, 0, 1, 0, 0, 2, 1, 2, 0, 1, 1, 1];[19, 16, 10, 15, 5, 12, 1, 11, 6, 7, 17, 2, 8, 13, 9, 14, 0, 4, 3, 18]|[2, 1, 1, 2, 2, 0, 1, 1, 2, 1, 1, 0, 0, 0, 0, 0, 0, 2, 1, 1]|[1, 1, 0, 0, 0, 3, 1, 0, 0, 1, 1, 0, 0, 3, 3, 3, 3, 0, 1, 1]|[0, 1, 0, 1, 1, 2, 1, 1, 0, 0, 1, 0, 0, 2, 1, 2, 0, 1, 1, 1];[0, 19, 16, 10, 15, 11, 12, 18, 5, 8, 2, 6, 9, 17, 13, 14, 3, 4, 7, 1]|[0, 2, 1, 1, 2, 1, 0, 0, 2, 0, 1, 2, 1, 1, 0, 0, 0, 2, 0, 0]|[3, 0, 1, 1, 0, 0, 2, 0, 0, 0, 1, 0, 1, 1, 3, 3, 3, 0, 1, 3]|[1, 1, 1, 0, 0, 1, 0, 2, 1, 2, 1, 0, 1, 1, 0, 2, 0, 1, 1, 0];[0, 19, 16, 10, 15, 11, 12, 18, 5, 8, 2, 6, 9, 17, 13, 14, 3, 4, 7, 1]|[0, 2, 1, 1, 2, 1, 0, 0, 2, 0, 1, 2, 1, 1, 0, 0, 0, 2, 0, 0]|[3, 0, 1, 1, 0, 0, 2, 0, 0, 0, 1, 0, 1, 1, 3, 3, 3, 0, 1, 3]|[1, 1, 1, 0, 0, 1, 0, 2, 1, 2, 1, 0, 1, 1, 0, 2, 0, 1, 1, 0];[0, 19, 16, 10, 15, 11, 18, 8, 6, 12, 17, 2, 9, 7, 5, 14, 13, 4, 3, 1]|[0, 2, 1, 1, 2, 1, 0, 0, 2, 0, 1, 2, 1, 1, 0, 0, 0, 2, 1, 0]|[3, 0, 1, 1, 0, 1, 3, 0, 0, 3, 0, 0, 0, 1, 3, 3, 3, 0, 1, 3]|[1, 1, 1, 0, 0, 1, 0, 2, 1, 2, 1, 0, 1, 0, 0, 2, 0, 1, 1, 0];[0, 19, 6, 10, 14, 11, 12, 1, 5, 18, 9, 2, 17, 16, 8, 3, 15, 4, 13, 7]|[0, 2, 1, 1, 2, 1, 0, 0, 2, 0, 1, 2, 1, 1, 0, 0, 0, 2, 1, 0]|[3, 0, 1, 1, 1, 1, 2, 0, 0, 0, 0, 0, 0, 1, 3, 3, 3, 0, 0, 3]|[1, 1, 1, 1, 0, 1, 0, 2, 1, 2, 1, 0, 1, 0, 0, 2, 0, 1, 1, 0];[14, 19, 16, 15, 18, 5, 12, 8, 17, 6, 10, 11, 2, 3, 9, 0, 4, 1, 7, 13]|[0, 2, 1, 2, 0, 2, 0, 0, 1, 2, 1, 1, 1, 0, 0, 0, 2, 1, 1, 0]|[3, 1, 1, 0, 2, 0, 0, 0, 0, 0, 1, 1, 1, 3, 3, 3, 0, 1, 0, 3]|[0, 1, 1, 0, 1, 1, 2, 2, 1, 0, 0, 1, 1, 0, 2, 0, 1, 0, 1, 2];[14, 19, 16, 15, 18, 5, 12, 8, 17, 6, 10, 11, 2, 3, 9, 0, 4, 1, 7, 13]|[0, 2, 1, 2, 0, 2, 0, 0, 1, 2, 1, 1, 1, 0, 0, 0, 2, 1, 1, 0]|[3, 1, 1, 0, 2, 0, 0, 0, 0, 0, 1, 1, 1, 3, 3, 3, 0, 1, 0, 3]|[0, 1, 1, 0, 1, 1, 2, 2, 1, 0, 0, 1, 1, 0, 2, 0, 1, 0, 1, 2];[0, 19, 16, 3, 15, 18, 1, 5, 10, 9, 2, 17, 6, 8, 12, 13, 4, 11, 7, 14]|[0, 2, 1, 1, 2, 0, 0, 2, 1, 1, 2, 1, 1, 0, 0, 0, 2, 1, 1, 0]|[2, 1, 1, 1, 0, 3, 0, 0, 1, 0, 0, 0, 1, 3, 3, 3, 0, 1, 1, 3]|[1, 1, 1, 1, 0, 0, 2, 1, 1, 1, 0, 1, 0, 0, 0, 0, 1, 1, 1, 2];[0, 19, 16, 3, 15, 18, 1, 5, 10, 9, 2, 17, 6, 8, 12, 13, 4, 11, 7, 14]|[0, 2, 1, 1, 2, 0, 0, 2, 1, 1, 2, 1, 1, 0, 0, 0, 2, 1, 1, 0]|[2, 1, 1, 1, 0, 3, 0, 0, 1, 0, 0, 0, 1, 3, 3, 3, 0, 1, 1, 3]|[1, 1, 1, 1, 0, 0, 2, 1, 1, 1, 0, 1, 0, 0, 0, 0, 1, 1, 1, 2];[6, 19, 16, 10, 15, 11, 18, 8, 5, 12, 17, 2, 13, 7, 9, 1, 4, 3, 0, 14]|[0, 2, 1, 1, 2, 1, 0, 0, 2, 0, 1, 2, 1, 1, 0, 0, 2, 0, 0, 0]|[3, 0, 1, 1, 0, 1, 3, 0, 0, 0, 0, 0, 0, 1, 3, 3, 0, 3, 2, 3]|[0, 1, 0, 1, 0, 1, 1, 2, 1, 2, 1, 0, 1, 0, 0, 2, 1, 1, 0, 2];[6, 19, 16, 10, 15, 11, 18, 8, 5, 12, 17, 2, 13, 7, 9, 1, 4, 3, 0, 14]|[0, 2, 1, 1, 2, 1, 0, 0, 2, 0, 1, 2, 1, 1, 0, 0, 2, 0, 0, 0]|[3, 0, 1, 1, 0, 1, 3, 0, 0, 0, 0, 0, 0, 1, 3, 3, 0, 3, 2, 3]|[0, 1, 0, 1, 0, 1, 1, 2, 1, 2, 1, 0, 1, 0, 0, 2, 1, 1, 0, 2];[6, 14, 2, 11, 17, 9, 3, 12, 7, 5, 1, 18, 15, 16, 10, 19, 0, 4, 13, 8]|[0, 0, 0, 1, 1, 1, 2, 1, 0, 2, 0, 0, 2, 1, 1, 2, 0, 2, 1, 0]|[3, 3, 2, 1, 1, 0, 0, 1, 0, 0, 0, 2, 0, 1, 1, 1, 3, 0, 1, 3]|[2, 2, 0, 1, 0, 1, 0, 1, 2, 1, 2, 0, 0, 1, 1, 1, 1, 1, 1, 0];[6, 14, 2, 11, 17, 9, 3, 12, 7, 5, 1, 18, 15, 16, 10, 19, 0, 4, 13, 8]|[0, 0, 0, 1, 1, 1, 2, 1, 0, 2, 0, 0, 2, 1, 1, 2, 0, 2, 1, 0]|[3, 3, 2, 1, 1, 0, 0, 1, 0, 0, 0, 2, 0, 1, 1, 1, 3, 0, 1, 3]|[2, 2, 0, 1, 0, 1, 0, 1, 2, 1, 2, 0, 0, 1, 1, 1, 1, 1, 1, 0];[19, 16, 2, 15, 11, 8, 5, 12, 7, 6, 9, 17, 0, 1, 10, 18, 13, 4, 14, 3]|[2, 1, 0, 2, 1, 0, 2, 0, 0, 2, 0, 1, 0, 0, 0, 0, 0, 2, 1, 0]|[0, 1, 3, 0, 1, 0, 0, 0, 3, 0, 0, 1, 3, 3, 3, 3, 3, 0, 1, 3]|[1, 1, 2, 0, 1, 0, 1, 2, 1, 0, 1, 0, 0, 2, 0, 1, 0, 1, 1, 0];[19, 16, 2, 15, 11, 8, 5, 12, 7, 6, 9, 17, 0, 1, 10, 18, 13, 4, 14, 3]|[2, 1, 0, 2, 1, 0, 2, 0, 0, 2, 0, 1, 0, 0, 0, 0, 0, 2, 1, 0]|[0, 1, 3, 0, 1, 0, 0, 0, 3, 0, 0, 1, 3, 3, 3, 3, 3, 0, 1, 3]|[1, 1, 2, 0, 1, 0, 1, 2, 1, 0, 1, 0, 0, 2, 0, 1, 0, 1, 1, 0];[19, 16, 10, 15, 11, 13, 0, 6, 4, 12, 14, 7, 1, 17, 2, 9, 5, 8, 3, 18]|[2, 1, 1, 2, 1, 0, 0, 2, 1, 0, 1, 0, 0, 0, 2, 0, 2, 0, 0, 0]|[0, 1, 1, 0, 1, 3, 3, 0, 1, 3, 0, 3, 3, 3, 0, 3, 0, 3, 3, 3]|[1, 1, 0, 0, 1, 0, 2, 1, 0, 0, 1, 0, 2, 0, 0, 0, 1, 2, 0, 0];[19, 16, 14, 10, 3, 6, 9, 8, 5, 17, 13, 12, 11, 15, 0, 4, 2, 18, 1, 7]|[2, 1, 0, 0, 1, 2, 1, 0, 2, 0, 0, 1, 1, 2, 0, 1, 2, 0, 0, 0]|[0, 1, 3, 3, 1, 0, 1, 3, 0, 3, 3, 1, 1, 0, 3, 1, 0, 3, 3, 3]|[1, 1, 0, 2, 1, 0, 1, 0, 1, 0, 2, 0, 1, 0, 0, 1, 1, 2, 0, 0]
fc6diagRound 11	fe=315447	pool=300	target=100	rescued=0	sOriginal=[0, 19, 16, 10, 15, 11, 12, 18, 5, 3, 17, 2, 7, 9, 6, 14, 8, 4, 13, 1]|[0, 2, 1, 1, 2, 1, 0, 0, 2, 0, 1, 2, 1, 1, 0, 0, 0, 2, 1, 0]|[3, 0, 1, 1, 0, 1, 2, 0, 0, 0, 1, 0, 1, 1, 3, 3, 3, 0, 1, 3]|[1, 1, 1, 0, 0, 1, 0, 2, 1, 2, 1, 0, 1, 1, 0, 2, 0, 1, 1, 0];[18, 5, 1, 12, 11, 15, 10, 16, 19, 7, 4, 14, 17, 13, 0, 9, 2, 8, 6, 3]|[0, 2, 0, 0, 1, 2, 1, 1, 2, 0, 2, 0, 1, 0, 0, 0, 2, 0, 0, 0]|[2, 0, 0, 3, 1, 0, 1, 1, 0, 3, 0, 0, 1, 3, 3, 0, 0, 3, 3, 3]|[2, 1, 2, 0, 1, 0, 0, 1, 1, 1, 0, 1, 1, 0, 2, 1, 1, 0, 2, 0];[0, 19, 16, 10, 15, 11, 18, 8, 5, 12, 17, 6, 7, 9, 14, 2, 13, 4, 3, 1]|[0, 2, 1, 1, 2, 1, 0, 0, 2, 0, 1, 2, 1, 1, 0, 0, 0, 2, 1, 1]|[3, 0, 1, 1, 0, 1, 3, 0, 0, 0, 1, 0, 0, 1, 3, 3, 3, 0, 1, 1]|[1, 1, 1, 0, 0, 1, 0, 2, 1, 2, 1, 0, 1, 0, 0, 2, 0, 1, 1, 1];[0, 19, 16, 10, 15, 11, 18, 12, 5, 7, 17, 6, 8, 9, 2, 3, 13, 4, 14, 1]|[0, 2, 1, 1, 2, 1, 0, 0, 2, 0, 1, 2, 1, 1, 0, 0, 0, 2, 1, 0]|[3, 0, 1, 1, 0, 1, 2, 0, 0, 0, 1, 0, 0, 1, 3, 3, 3, 0, 1, 3]|[1, 1, 1, 0, 0, 1, 0, 2, 1, 2, 0, 0, 1, 1, 0, 2, 0, 1, 1, 2];[0, 19, 16, 10, 15, 11, 18, 8, 5, 12, 3, 6, 9, 17, 2, 1, 13, 4, 14, 7]|[0, 2, 1, 1, 2, 1, 0, 0, 2, 0, 1, 2, 1, 1, 0, 0, 0, 2, 1, 0]|[3, 0, 1, 1, 0, 1, 3, 0, 0, 0, 0, 0, 0, 1, 3, 3, 3, 0, 1, 3]|[1, 1, 1, 1, 0, 0, 0, 2, 1, 2, 1, 0, 1, 1, 0, 2, 0, 1, 1, 0];[0, 19, 16, 10, 15, 11, 12, 1, 5, 18, 7, 3, 9, 6, 8, 17, 2, 4, 14, 13]|[0, 2, 1, 1, 2, 1, 0, 0, 2, 0, 1, 2, 1, 1, 0, 0, 0, 2, 1, 0]|[3, 0, 1, 1, 0, 1, 2, 2, 0, 3, 1, 0, 1, 1, 3, 3, 3, 0, 1, 3]|[1, 1, 1, 0, 0, 1, 2, 0, 1, 2, 1, 0, 1, 1, 0, 2, 0, 1, 1, 2];[3, 12, 5, 8, 17, 11, 15, 10, 16, 19, 0, 2, 9, 6, 18, 1, 13, 4, 7, 14]|[0, 0, 2, 0, 0, 1, 2, 1, 1, 2, 0, 2, 0, 1, 0, 0, 0, 2, 0, 0]|[3, 0, 0, 0, 0, 1, 0, 1, 1, 0, 3, 0, 0, 1, 3, 3, 3, 0, 3, 3]|[0, 2, 1, 2, 2, 1, 0, 0, 1, 1, 1, 0, 1, 1, 0, 0, 2, 1, 1, 0];[3, 12, 5, 8, 17, 11, 15, 10, 16, 19, 0, 2, 9, 6, 18, 1, 13, 4, 7, 14]|[0, 0, 2, 0, 0, 1, 2, 1, 1, 2, 0, 2, 0, 1, 0, 0, 0, 2, 0, 0]|[3, 0, 0, 0, 0, 1, 0, 1, 1, 0, 3, 0, 0, 1, 3, 3, 3, 0, 3, 3]|[0, 2, 1, 2, 2, 1, 0, 0, 1, 1, 1, 0, 1, 1, 0, 0, 2, 1, 1, 0];[0, 19, 16, 15, 11, 8, 12, 18, 5, 3, 17, 2, 9, 10, 14, 1, 13, 4, 6, 7]|[0, 2, 1, 2, 1, 1, 0, 0, 2, 0, 1, 2, 1, 1, 0, 0, 0, 2, 1, 0]|[3, 0, 1, 0, 1, 1, 3, 3, 0, 3, 1, 0, 1, 1, 3, 3, 3, 0, 1, 3]|[2, 1, 1, 0, 1, 1, 0, 0, 1, 2, 1, 0, 1, 1, 0, 2, 0, 1, 1, 0];[0, 19, 16, 15, 11, 8, 12, 18, 5, 3, 17, 2, 9, 10, 14, 1, 13, 4, 6, 7]|[0, 2, 1, 2, 1, 1, 0, 0, 2, 0, 1, 2, 1, 1, 0, 0, 0, 2, 1, 0]|[3, 0, 1, 0, 1, 1, 3, 3, 0, 3, 1, 0, 1, 1, 3, 3, 3, 0, 1, 3]|[2, 1, 1, 0, 1, 1, 0, 0, 1, 2, 1, 0, 1, 1, 0, 2, 0, 1, 1, 0];[0, 19, 16, 10, 15, 11, 12, 18, 5, 6, 17, 8, 9, 13, 3, 1, 7, 4, 14, 2]|[0, 2, 1, 1, 2, 1, 0, 0, 2, 0, 1, 2, 1, 1, 0, 0, 0, 2, 1, 0]|[3, 0, 1, 1, 0, 0, 2, 0, 0, 3, 1, 0, 1, 1, 3, 3, 3, 0, 1, 3]|[0, 1, 1, 0, 0, 1, 0, 2, 1, 2, 1, 0, 1, 1, 0, 2, 0, 1, 1, 2];[0, 19, 6, 10, 15, 11, 18, 8, 4, 12, 17, 2, 1, 9, 14, 3, 13, 16, 5, 7]|[0, 2, 1, 1, 2, 1, 0, 0, 2, 0, 1, 2, 1, 1, 0, 0, 0, 2, 1, 0]|[3, 0, 1, 1, 0, 1, 2, 0, 0, 0, 1, 0, 0, 1, 3, 3, 3, 0, 1, 3]|[1, 1, 1, 0, 0, 1, 0, 2, 1, 2, 1, 0, 1, 0, 0, 2, 0, 1, 1, 0];[18, 1, 5, 12, 11, 15, 10, 16, 19, 0, 2, 9, 17, 7, 14, 13, 4, 6, 3, 8]|[0, 0, 2, 0, 1, 2, 1, 1, 2, 0, 2, 0, 1, 0, 0, 0, 2, 0, 0, 0]|[0, 0, 0, 2, 1, 0, 1, 1, 0, 3, 0, 0, 1, 0, 3, 3, 0, 3, 3, 3]|[2, 2, 1, 0, 1, 0, 0, 1, 1, 1, 0, 1, 0, 1, 0, 0, 1, 2, 1, 0];[0, 19, 16, 10, 15, 11, 18, 1, 5, 12, 17, 2, 7, 13, 6, 3, 14, 4, 9, 8]|[0, 2, 1, 1, 2, 1, 0, 0, 2, 0, 1, 2, 1, 1, 0, 0, 0, 2, 1, 0]|[3, 0, 1, 1, 0, 1, 2, 0, 0, 0, 0, 0, 0, 1, 3, 3, 3, 0, 1, 3]|[1, 1, 1, 0, 0, 1, 0, 2, 1, 2, 1, 0, 1, 0, 0, 2, 0, 1, 1, 2];[0, 19, 16, 10, 15, 11, 12, 8, 5, 18, 17, 2, 9, 3, 6, 1, 14, 4, 7, 13]|[0, 2, 1, 1, 2, 1, 0, 0, 2, 0, 1, 2, 1, 1, 0, 0, 0, 2, 1, 0]|[3, 0, 1, 1, 0, 1, 3, 2, 0, 3, 1, 0, 1, 1, 3, 3, 3, 0, 1, 3]|[0, 1, 1, 0, 0, 1, 0, 2, 1, 2, 1, 0, 1, 1, 0, 2, 0, 1, 1, 0];[0, 19, 16, 10, 15, 11, 12, 18, 5, 3, 17, 2, 9, 7, 14, 1, 6, 4, 13, 8]|[0, 2, 1, 1, 2, 1, 0, 0, 2, 0, 1, 2, 1, 1, 0, 0, 0, 2, 1, 0]|[3, 0, 1, 1, 0, 1, 3, 0, 0, 3, 1, 0, 1, 1, 3, 3, 3, 0, 1, 3]|[0, 1, 1, 1, 0, 1, 2, 0, 1, 2, 1, 0, 1, 1, 0, 2, 0, 1, 1, 0];[0, 19, 16, 10, 15, 11, 18, 1, 5, 12, 17, 2, 9, 13, 7, 6, 8, 4, 3, 14]|[0, 2, 1, 1, 2, 1, 0, 0, 2, 0, 1, 2, 1, 1, 0, 0, 0, 2, 1, 0]|[3, 0, 1, 1, 0, 1, 2, 0, 0, 0, 0, 0, 0, 1, 3, 3, 3, 0, 1, 3]|[1, 1, 1, 0, 0, 1, 0, 2, 1, 2, 1, 0, 1, 0, 0, 2, 0, 1, 1, 2];[0, 19, 16, 10, 15, 11, 12, 1, 5, 7, 17, 2, 9, 6, 14, 4, 18, 3, 13, 8]|[0, 2, 1, 1, 2, 1, 0, 0, 2, 0, 1, 2, 1, 1, 0, 0, 0, 2, 1, 0]|[3, 0, 1, 1, 0, 1, 2, 0, 0, 0, 0, 0, 0, 1, 3, 3, 3, 0, 1, 3]|[1, 1, 1, 0, 0, 1, 0, 2, 1, 2, 1, 0, 1, 0, 0, 2, 0, 1, 1, 2];[0, 19, 16, 10, 15, 11, 18, 8, 5, 3, 17, 6, 7, 9, 12, 13, 14, 2, 4, 1]|[0, 2, 1, 1, 2, 1, 0, 0, 2, 0, 1, 2, 1, 1, 0, 0, 0, 2, 1, 0]|[3, 0, 1, 1, 0, 1, 3, 0, 0, 0, 1, 0, 0, 1, 3, 3, 3, 0, 1, 3]|[1, 1, 1, 0, 0, 1, 0, 2, 1, 2, 1, 0, 1, 0, 0, 2, 0, 1, 1, 0];[0, 19, 16, 10, 4, 11, 18, 8, 5, 12, 17, 6, 7, 1, 3, 13, 9, 15, 2, 14]|[0, 2, 1, 1, 2, 1, 0, 0, 2, 0, 1, 2, 1, 1, 0, 0, 0, 2, 1, 0]|[3, 0, 1, 1, 0, 1, 3, 0, 0, 0, 1, 0, 0, 1, 3, 3, 3, 0, 1, 3]|[1, 1, 1, 0, 0, 1, 0, 2, 1, 2, 1, 0, 1, 0, 0, 2, 0, 1, 1, 0];[12, 19, 16, 15, 8, 10, 18, 5, 0, 17, 2, 7, 1, 4, 3, 6, 14, 9, 11, 13]|[0, 2, 1, 2, 1, 1, 0, 2, 0, 1, 2, 1, 1, 2, 0, 0, 0, 1, 1, 0]|[0, 0, 1, 0, 1, 1, 3, 0, 3, 1, 0, 1, 1, 0, 3, 3, 3, 1, 1, 3]|[0, 1, 1, 0, 1, 1, 2, 1, 0, 1, 0, 1, 1, 1, 0, 2, 0, 1, 1, 0];[0, 19, 5, 15, 16, 18, 12, 4, 8, 10, 6, 7, 17, 11, 14, 13, 3, 9, 2, 1]|[0, 2, 1, 2, 1, 0, 0, 2, 0, 1, 2, 1, 1, 1, 0, 0, 0, 2, 1, 0]|[0, 0, 1, 0, 1, 3, 3, 0, 3, 1, 0, 1, 1, 1, 3, 3, 3, 0, 1, 3]|[2, 1, 1, 0, 1, 0, 0, 1, 2, 1, 0, 1, 1, 1, 0, 2, 0, 1, 1, 2];[0, 19, 16, 10, 15, 11, 12, 18, 2, 1, 17, 5, 9, 13, 3, 6, 7, 4, 14, 8]|[0, 2, 1, 1, 2, 1, 0, 0, 2, 0, 1, 2, 1, 1, 0, 0, 0, 2, 1, 0]|[3, 0, 1, 1, 0, 1, 3, 3, 0, 3, 1, 0, 1, 1, 3, 3, 3, 0, 1, 3]|[0, 1, 1, 1, 0, 1, 0, 2, 1, 2, 1, 0, 1, 1, 0, 2, 0, 1, 1, 2];[0, 19, 16, 10, 15, 11, 12, 18, 5, 8, 17, 1, 9, 13, 3, 6, 7, 4, 2, 14]|[0, 2, 1, 1, 2, 1, 0, 0, 2, 0, 1, 2, 1, 1, 0, 0, 0, 2, 1, 0]|[3, 0, 1, 1, 0, 1, 3, 0, 0, 3, 1, 0, 1, 1, 3, 3, 3, 0, 1, 3]|[0, 1, 1, 1, 0, 1, 2, 0, 1, 2, 1, 0, 1, 1, 0, 2, 0, 1, 1, 0];[0, 19, 16, 10, 15, 11, 12, 1, 5, 14, 17, 2, 9, 13, 8, 3, 7, 4, 6, 18]|[0, 2, 1, 1, 2, 1, 0, 0, 2, 0, 1, 2, 1, 1, 0, 0, 0, 2, 1, 0]|[3, 0, 1, 1, 0, 1, 2, 0, 0, 0, 1, 0, 1, 1, 3, 3, 3, 0, 1, 3]|[1, 1, 1, 0, 0, 1, 0, 2, 1, 2, 1, 0, 1, 1, 0, 2, 0, 1, 1, 0];[0, 19, 16, 10, 15, 11, 18, 8, 5, 12, 3, 6, 9, 7, 14, 13, 1, 4, 2, 17]|[0, 2, 1, 1, 2, 1, 0, 0, 2, 0, 1, 2, 1, 1, 0, 0, 0, 2, 1, 0]|[3, 0, 1, 1, 0, 1, 3, 2, 0, 3, 1, 0, 1, 1, 3, 3, 3, 0, 1, 3]|[1, 1, 1, 0, 0, 1, 0, 2, 1, 2, 1, 0, 1, 1, 0, 2, 0, 1, 1, 2];[12, 5, 8, 3, 11, 15, 10, 16, 19, 0, 17, 2, 9, 6, 1, 13, 14, 4, 7, 18]|[0, 2, 0, 0, 1, 2, 1, 1, 2, 0, 0, 2, 0, 1, 0, 0, 0, 2, 0, 0]|[0, 0, 0, 3, 1, 0, 1, 1, 0, 3, 0, 0, 0, 1, 3, 3, 3, 0, 3, 3]|[2, 1, 2, 0, 1, 0, 0, 1, 1, 1, 1, 0, 1, 1, 0, 2, 0, 1, 1, 0];[12, 5, 8, 3, 11, 15, 10, 16, 19, 0, 17, 2, 9, 6, 1, 13, 14, 4, 7, 18]|[0, 2, 0, 0, 1, 2, 1, 1, 2, 0, 0, 2, 0, 1, 0, 0, 0, 2, 0, 0]|[0, 0, 0, 3, 1, 0, 1, 1, 0, 3, 0, 0, 0, 1, 3, 3, 3, 0, 3, 3]|[2, 1, 2, 0, 1, 0, 0, 1, 1, 1, 1, 0, 1, 1, 0, 2, 0, 1, 1, 0];[0, 19, 16, 10, 15, 11, 18, 8, 5, 12, 17, 2, 7, 9, 1, 14, 6, 4, 13, 3]|[0, 2, 1, 1, 2, 1, 0, 0, 2, 0, 1, 2, 1, 1, 0, 0, 0, 2, 1, 0]|[3, 0, 1, 1, 0, 1, 3, 0, 0, 0, 1, 0, 0, 1, 3, 3, 3, 0, 1, 3]|[1, 1, 1, 0, 0, 1, 0, 2, 1, 2, 1, 0, 1, 0, 0, 2, 0, 1, 1, 0];[0, 19, 16, 10, 15, 11, 12, 3, 5, 18, 6, 17, 7, 1, 2, 14, 13, 4, 9, 8]|[0, 2, 1, 1, 2, 1, 0, 0, 2, 0, 1, 2, 1, 1, 0, 0, 0, 2, 1, 0]|[3, 0, 1, 1, 0, 0, 2, 0, 0, 3, 1, 0, 1, 1, 3, 3, 3, 0, 1, 3]|[1, 1, 1, 0, 0, 1, 0, 2, 1, 2, 1, 0, 1, 1, 0, 2, 0, 1, 1, 2];[0, 19, 16, 10, 15, 11, 18, 1, 5, 12, 17, 2, 9, 13, 7, 8, 3, 4, 6, 14]|[0, 2, 1, 1, 2, 1, 0, 0, 2, 0, 1, 2, 1, 1, 0, 0, 0, 2, 1, 0]|[3, 0, 1, 1, 0, 1, 3, 0, 0, 0, 1, 0, 0, 1, 3, 3, 3, 0, 1, 3]|[1, 1, 1, 0, 0, 1, 0, 2, 1, 2, 1, 0, 1, 0, 0, 2, 0, 1, 1, 0];[0, 19, 16, 10, 15, 11, 18, 1, 5, 12, 17, 6, 9, 7, 2, 14, 13, 4, 3, 8]|[0, 2, 1, 1, 2, 1, 0, 0, 2, 0, 1, 2, 1, 1, 0, 0, 0, 2, 1, 0]|[3, 0, 1, 1, 0, 1, 3, 0, 0, 0, 1, 0, 0, 1, 3, 3, 3, 0, 1, 3]|[1, 1, 1, 0, 0, 1, 0, 2, 1, 2, 1, 0, 1, 0, 0, 2, 2, 1, 1, 0];[0, 19, 16, 10, 15, 11, 12, 18, 5, 7, 17, 4, 9, 3, 8, 14, 6, 2, 13, 1]|[0, 2, 1, 1, 2, 1, 0, 0, 2, 0, 1, 2, 1, 1, 0, 0, 0, 2, 1, 0]|[3, 0, 1, 1, 0, 1, 3, 0, 0, 3, 1, 0, 0, 1, 3, 3, 3, 0, 1, 3]|[1, 1, 1, 0, 0, 1, 0, 2, 1, 2, 1, 0, 1, 0, 0, 2, 0, 1, 1, 2];[19, 16, 10, 15, 11, 18, 4, 12, 17, 2, 7, 13, 6, 0, 1, 3, 14, 5, 9, 8]|[2, 1, 1, 2, 1, 0, 2, 0, 1, 2, 1, 1, 0, 0, 0, 0, 0, 2, 1, 0]|[1, 1, 1, 0, 1, 2, 0, 0, 0, 0, 0, 1, 3, 3, 0, 3, 3, 0, 1, 3]|[1, 1, 0, 0, 1, 1, 1, 2, 1, 0, 1, 0, 0, 0, 2, 2, 0, 1, 1, 2];[19, 16, 10, 15, 11, 18, 4, 12, 17, 2, 7, 13, 6, 0, 1, 3, 14, 5, 9, 8]|[2, 1, 1, 2, 1, 0, 2, 0, 1, 2, 1, 1, 0, 0, 0, 0, 0, 2, 1, 0]|[1, 1, 1, 0, 1, 2, 0, 0, 0, 0, 0, 1, 3, 3, 0, 3, 3, 0, 1, 3]|[1, 1, 0, 0, 1, 1, 1, 2, 1, 0, 1, 0, 0, 0, 2, 2, 0, 1, 1, 2];[0, 19, 16, 10, 15, 11, 18, 8, 5, 12, 2, 6, 7, 17, 9, 1, 3, 4, 13, 14]|[0, 2, 1, 1, 2, 1, 0, 0, 2, 0, 1, 2, 1, 1, 0, 0, 0, 2, 1, 0]|[3, 0, 1, 1, 0, 1, 3, 2, 0, 0, 1, 0, 0, 1, 3, 3, 3, 0, 1, 3]|[1, 1, 1, 1, 0, 1, 0, 2, 1, 2, 1, 0, 1, 1, 0, 2, 0, 1, 1, 2];[0, 19, 16, 10, 15, 11, 12, 18, 5, 14, 3, 1, 9, 17, 2, 8, 13, 4, 6, 7]|[0, 2, 1, 1, 2, 1, 0, 0, 2, 0, 1, 2, 1, 1, 0, 0, 0, 2, 1, 0]|[3, 0, 1, 1, 0, 1, 2, 0, 0, 0, 1, 0, 1, 1, 3, 3, 3, 0, 1, 3]|[1, 1, 1, 1, 0, 1, 0, 2, 1, 2, 1, 0, 1, 1, 0, 2, 0, 1, 1, 0];[0, 19, 16, 10, 15, 11, 18, 1, 5, 12, 2, 13, 9, 17, 7, 6, 3, 4, 14, 8]|[0, 2, 1, 1, 2, 1, 0, 0, 2, 0, 1, 2, 1, 1, 0, 0, 0, 2, 1, 0]|[3, 0, 1, 1, 1, 1, 2, 3, 0, 3, 1, 0, 1, 1, 3, 3, 3, 0, 1, 3]|[1, 1, 1, 0, 0, 1, 0, 2, 1, 2, 1, 0, 1, 1, 0, 2, 0, 1, 1, 0];[19, 5, 11, 6, 17, 12, 16, 1, 9, 15, 10, 2, 0, 3, 18, 14, 4, 13, 7, 8]|[2, 1, 1, 2, 1, 0, 2, 0, 1, 2, 1, 0, 0, 0, 0, 0, 2, 1, 1, 0]|[1, 1, 1, 0, 1, 3, 0, 0, 1, 0, 1, 3, 0, 3, 2, 3, 0, 1, 1, 3]|[1, 1, 1, 0, 1, 0, 1, 2, 1, 0, 1, 0, 0, 2, 1, 2, 1, 1, 1, 0];[0, 19, 16, 2, 4, 1, 6, 13, 15, 12, 18, 5, 14, 10, 17, 9, 7, 3, 11, 8]|[0, 2, 1, 2, 2, 0, 0, 0, 2, 2, 0, 2, 0, 1, 1, 1, 1, 1, 1, 0]|[0, 0, 1, 0, 0, 3, 3, 3, 0, 1, 3, 0, 2, 1, 1, 1, 1, 1, 1, 3]|[2, 1, 1, 0, 1, 0, 0, 2, 0, 0, 0, 1, 0, 1, 1, 1, 1, 1, 1, 2];[0, 19, 16, 2, 4, 1, 6, 13, 15, 12, 18, 5, 14, 10, 17, 9, 7, 3, 11, 8]|[0, 2, 1, 2, 2, 0, 0, 0, 2, 2, 0, 2, 0, 1, 1, 1, 1, 1, 1, 0]|[0, 0, 1, 0, 0, 3, 3, 3, 0, 1, 3, 0, 2, 1, 1, 1, 1, 1, 1, 3]|[2, 1, 1, 0, 1, 0, 0, 2, 0, 0, 0, 1, 0, 1, 1, 1, 1, 1, 1, 2];[19, 16, 10, 15, 11, 12, 14, 4, 8, 3, 6, 1, 13, 9, 18, 17, 2, 5, 7, 0]|[2, 1, 1, 2, 1, 0, 0, 2, 0, 1, 2, 0, 1, 0, 0, 0, 2, 1, 0, 0]|[0, 1, 1, 0, 1, 3, 3, 0, 3, 1, 0, 3, 1, 3, 3, 3, 0, 1, 3, 3]|[1, 1, 0, 0, 1, 0, 2, 1, 0, 1, 0, 2, 1, 0, 2, 0, 1, 1, 2, 0];[19, 16, 10, 15, 11, 12, 14, 4, 8, 3, 6, 1, 13, 9, 18, 17, 2, 5, 7, 0]|[2, 1, 1, 2, 1, 0, 0, 2, 0, 1, 2, 0, 1, 0, 0, 0, 2, 1, 0, 0]|[0, 1, 1, 0, 1, 3, 3, 0, 3, 1, 0, 3, 1, 3, 3, 3, 0, 1, 3, 3]|[1, 1, 0, 0, 1, 0, 2, 1, 0, 1, 0, 2, 1, 0, 2, 0, 1, 1, 2, 0];[0, 19, 16, 10, 15, 11, 12, 14, 5, 1, 17, 2, 9, 3, 8, 6, 18, 4, 13, 7]|[0, 2, 1, 1, 2, 1, 0, 0, 2, 0, 1, 2, 1, 1, 0, 0, 0, 2, 1, 0]|[3, 0, 1, 1, 0, 1, 3, 3, 0, 3, 1, 0, 1, 1, 3, 3, 3, 0, 1, 3]|[0, 1, 1, 1, 1, 1, 2, 0, 1, 2, 1, 0, 1, 1, 0, 2, 0, 1, 1, 0];[0, 19, 16, 14, 15, 11, 12, 18, 5, 10, 7, 9, 2, 3, 13, 6, 8, 4, 17, 1]|[0, 2, 1, 1, 2, 1, 0, 0, 2, 1, 1, 1, 2, 1, 0, 0, 0, 2, 1, 0]|[3, 0, 1, 1, 0, 1, 3, 3, 0, 1, 1, 1, 0, 1, 3, 3, 3, 0, 1, 3]|[0, 1, 1, 1, 0, 1, 0, 2, 1, 1, 1, 1, 0, 1, 0, 2, 0, 1, 1, 0];[0, 19, 16, 14, 15, 11, 12, 18, 5, 10, 7, 9, 2, 3, 13, 6, 8, 4, 17, 1]|[0, 2, 1, 1, 2, 1, 0, 0, 2, 1, 1, 1, 2, 1, 0, 0, 0, 2, 1, 0]|[3, 0, 1, 1, 0, 1, 3, 3, 0, 1, 1, 1, 0, 1, 3, 3, 3, 0, 1, 3]|[0, 1, 1, 1, 0, 1, 0, 2, 1, 1, 1, 1, 0, 1, 0, 2, 0, 1, 1, 0];[19, 16, 10, 15, 11, 12, 5, 8, 9, 17, 6, 7, 1, 0, 14, 13, 18, 2, 4, 3]|[2, 1, 1, 2, 1, 0, 2, 0, 0, 1, 2, 1, 1, 0, 0, 0, 0, 2, 1, 0]|[0, 1, 1, 0, 1, 3, 0, 3, 3, 1, 0, 1, 1, 3, 3, 3, 3, 0, 1, 3]|[1, 1, 1, 0, 1, 2, 1, 0, 2, 1, 0, 1, 1, 0, 2, 0, 2, 1, 1, 0];[19, 16, 10, 15, 11, 12, 5, 8, 9, 17, 6, 7, 1, 0, 14, 13, 18, 2, 4, 3]|[2, 1, 1, 2, 1, 0, 2, 0, 0, 1, 2, 1, 1, 0, 0, 0, 0, 2, 1, 0]|[0, 1, 1, 0, 1, 3, 0, 3, 3, 1, 0, 1, 1, 3, 3, 3, 3, 0, 1, 3]|[1, 1, 1, 0, 1, 2, 1, 0, 2, 1, 0, 1, 1, 0, 2, 0, 2, 1, 1, 0];[0, 4, 16, 10, 15, 11, 7, 12, 17, 6, 13, 14, 3, 19, 2, 5, 18, 1, 9, 8]|[0, 2, 1, 1, 2, 1, 0, 0, 1, 1, 1, 0, 1, 2, 2, 2, 0, 0, 0, 0]|[2, 1, 1, 1, 0, 0, 3, 0, 0, 0, 1, 3, 1, 0, 0, 0, 3, 0, 3, 3]|[1, 0, 1, 0, 1, 1, 0, 2, 1, 1, 0, 0, 1, 1, 0, 1, 0, 2, 2, 0];[0, 4, 16, 10, 15, 11, 7, 12, 17, 6, 13, 14, 3, 19, 2, 5, 18, 1, 9, 8]|[0, 2, 1, 1, 2, 1, 0, 0, 1, 1, 1, 0, 1, 2, 2, 2, 0, 0, 0, 0]|[2, 1, 1, 1, 0, 0, 3, 0, 0, 0, 1, 3, 1, 0, 0, 0, 3, 0, 3, 3]|[1, 0, 1, 0, 1, 1, 0, 2, 1, 1, 0, 0, 1, 1, 0, 1, 0, 2, 2, 0];[0, 19, 16, 10, 15, 11, 18, 12, 5, 1, 17, 6, 9, 7, 14, 13, 3, 4, 2, 8]|[0, 2, 1, 1, 2, 1, 0, 0, 2, 0, 1, 2, 1, 1, 0, 0, 0, 2, 1, 0]|[3, 0, 1, 1, 0, 1, 3, 3, 0, 3, 1, 0, 1, 1, 3, 3, 3, 0, 1, 3]|[1, 1, 1, 0, 0, 1, 0, 2, 1, 2, 1, 0, 1, 1, 0, 2, 0, 1, 1, 2];[8, 19, 16, 10, 15, 11, 12, 0, 5, 1, 3, 6, 9, 13, 2, 14, 18, 4, 17, 7]|[0, 2, 1, 1, 2, 1, 0, 0, 2, 0, 1, 2, 1, 1, 0, 0, 0, 2, 1, 0]|[3, 0, 1, 1, 0, 1, 3, 3, 0, 3, 1, 0, 1, 1, 3, 3, 3, 0, 1, 3]|[0, 1, 1, 1, 0, 1, 2, 0, 1, 2, 1, 0, 1, 1, 0, 2, 0, 1, 1, 0];[8, 19, 16, 10, 15, 11, 12, 0, 5, 1, 3, 6, 9, 13, 2, 14, 18, 4, 17, 7]|[0, 2, 1, 1, 2, 1, 0, 0, 2, 0, 1, 2, 1, 1, 0, 0, 0, 2, 1, 0]|[3, 0, 1, 1, 0, 1, 3, 3, 0, 3, 1, 0, 1, 1, 3, 3, 3, 0, 1, 3]|[0, 1, 1, 1, 0, 1, 2, 0, 1, 2, 1, 0, 1, 1, 0, 2, 0, 1, 1, 0];[0, 19, 16, 10, 15, 11, 12, 18, 5, 14, 7, 2, 13, 4, 8, 1, 3, 6, 17, 9]|[0, 2, 1, 1, 2, 1, 0, 0, 2, 0, 0, 2, 1, 1, 0, 0, 0, 2, 1, 0]|[3, 0, 1, 1, 0, 0, 2, 0, 0, 0, 0, 0, 0, 1, 3, 3, 3, 0, 1, 3]|[1, 1, 1, 1, 0, 1, 0, 2, 1, 2, 1, 0, 1, 0, 0, 2, 2, 1, 1, 0];[0, 19, 16, 10, 15, 11, 12, 18, 5, 8, 2, 6, 9, 17, 13, 14, 3, 4, 7, 1]|[0, 2, 1, 1, 2, 1, 0, 0, 2, 0, 1, 2, 1, 1, 0, 0, 0, 2, 0, 0]|[3, 0, 1, 1, 0, 0, 2, 0, 0, 0, 1, 0, 1, 1, 3, 3, 3, 0, 1, 3]|[1, 1, 1, 0, 0, 1, 0, 2, 1, 2, 1, 0, 1, 1, 0, 2, 0, 1, 1, 0];[0, 19, 16, 10, 15, 11, 12, 18, 5, 8, 2, 6, 9, 17, 13, 14, 3, 4, 7, 1]|[0, 2, 1, 1, 2, 1, 0, 0, 2, 0, 1, 2, 1, 1, 0, 0, 0, 2, 0, 0]|[3, 0, 1, 1, 0, 0, 2, 0, 0, 0, 1, 0, 1, 1, 3, 3, 3, 0, 1, 3]|[1, 1, 1, 0, 0, 1, 0, 2, 1, 2, 1, 0, 1, 1, 0, 2, 0, 1, 1, 0];[19, 16, 10, 15, 11, 6, 14, 8, 5, 17, 2, 7, 9, 3, 12, 18, 1, 13, 4, 0]|[2, 1, 1, 2, 1, 0, 0, 0, 2, 1, 2, 1, 1, 0, 0, 0, 0, 1, 2, 0]|[0, 1, 1, 0, 1, 3, 3, 3, 0, 0, 0, 0, 1, 3, 3, 3, 3, 1, 0, 3]|[1, 1, 0, 0, 1, 0, 2, 0, 1, 1, 0, 1, 0, 2, 0, 0, 2, 1, 1, 0];[0, 19, 16, 10, 15, 11, 12, 18, 5, 14, 7, 2, 13, 4, 8, 1, 3, 6, 17, 9]|[0, 2, 1, 1, 2, 1, 0, 0, 2, 0, 0, 2, 1, 1, 0, 0, 0, 2, 1, 0]|[3, 0, 1, 1, 0, 0, 2, 0, 0, 0, 0, 0, 0, 1, 3, 3, 3, 0, 1, 3]|[1, 1, 1, 1, 0, 1, 0, 2, 1, 2, 1, 0, 1, 0, 0, 2, 2, 1, 1, 0];[0, 19, 16, 10, 15, 11, 18, 8, 6, 12, 17, 2, 9, 7, 5, 14, 13, 4, 3, 1]|[0, 2, 1, 1, 2, 1, 0, 0, 2, 0, 1, 2, 1, 1, 0, 0, 0, 2, 1, 0]|[3, 0, 1, 1, 0, 1, 3, 0, 0, 3, 0, 0, 0, 1, 3, 3, 3, 0, 1, 3]|[1, 1, 1, 0, 0, 1, 0, 2, 1, 2, 1, 0, 1, 0, 0, 2, 0, 1, 1, 0];[0, 19, 16, 10, 15, 11, 12, 18, 5, 14, 3, 6, 9, 13, 2, 8, 1, 17, 4, 7]|[0, 2, 1, 1, 2, 1, 0, 0, 2, 0, 1, 2, 1, 1, 0, 0, 0, 1, 2, 0]|[3, 0, 1, 1, 0, 1, 3, 3, 0, 3, 1, 0, 1, 1, 3, 3, 3, 1, 0, 3]|[0, 1, 1, 1, 0, 1, 2, 0, 1, 2, 1, 0, 1, 1, 0, 2, 0, 1, 1, 0];[0, 19, 16, 10, 15, 11, 12, 18, 5, 14, 3, 6, 9, 13, 2, 8, 1, 17, 4, 7]|[0, 2, 1, 1, 2, 1, 0, 0, 2, 0, 1, 2, 1, 1, 0, 0, 0, 1, 2, 0]|[3, 0, 1, 1, 0, 1, 3, 3, 0, 3, 1, 0, 1, 1, 3, 3, 3, 1, 0, 3]|[0, 1, 1, 1, 0, 1, 2, 0, 1, 2, 1, 0, 1, 1, 0, 2, 0, 1, 1, 0];[19, 16, 10, 15, 11, 12, 5, 18, 3, 6, 1, 13, 0, 9, 14, 8, 17, 4, 2, 7]|[2, 1, 1, 2, 1, 0, 2, 0, 1, 2, 1, 1, 0, 0, 0, 0, 0, 2, 1, 0]|[0, 1, 1, 0, 1, 3, 0, 3, 1, 0, 1, 1, 3, 3, 3, 3, 3, 0, 1, 3]|[1, 1, 0, 0, 1, 0, 1, 2, 1, 0, 1, 1, 0, 0, 2, 0, 2, 1, 1, 0];[19, 16, 10, 15, 11, 12, 5, 18, 3, 6, 1, 13, 0, 9, 14, 8, 17, 4, 2, 7]|[2, 1, 1, 2, 1, 0, 2, 0, 1, 2, 1, 1, 0, 0, 0, 0, 0, 2, 1, 0]|[0, 1, 1, 0, 1, 3, 0, 3, 1, 0, 1, 1, 3, 3, 3, 3, 3, 0, 1, 3]|[1, 1, 0, 0, 1, 0, 1, 2, 1, 0, 1, 1, 0, 0, 2, 0, 2, 1, 1, 0];[2, 19, 16, 10, 15, 11, 8, 5, 0, 17, 6, 7, 9, 12, 14, 18, 4, 3, 13, 1]|[0, 2, 1, 1, 2, 1, 0, 2, 0, 1, 2, 1, 1, 0, 0, 0, 2, 1, 0, 0]|[3, 0, 1, 1, 0, 1, 3, 0, 3, 1, 0, 1, 1, 3, 3, 3, 0, 1, 3, 3]|[0, 1, 1, 0, 0, 1, 2, 1, 0, 1, 0, 1, 0, 2, 0, 2, 1, 1, 0, 0];[2, 19, 16, 10, 15, 11, 8, 5, 0, 17, 6, 7, 9, 12, 14, 18, 4, 3, 13, 1]|[0, 2, 1, 1, 2, 1, 0, 2, 0, 1, 2, 1, 1, 0, 0, 0, 2, 1, 0, 0]|[3, 0, 1, 1, 0, 1, 3, 0, 3, 1, 0, 1, 1, 3, 3, 3, 0, 1, 3, 3]|[0, 1, 1, 0, 0, 1, 2, 1, 0, 1, 0, 1, 0, 2, 0, 2, 1, 1, 0, 0];[0, 19, 16, 10, 15, 11, 12, 18, 5, 14, 7, 2, 13, 4, 8, 1, 3, 6, 17, 9]|[0, 2, 1, 1, 2, 1, 0, 0, 2, 0, 0, 2, 1, 1, 0, 0, 0, 2, 1, 0]|[3, 0, 1, 1, 0, 0, 2, 0, 0, 0, 0, 0, 0, 1, 3, 3, 3, 0, 1, 3]|[1, 1, 1, 1, 0, 1, 0, 2, 1, 2, 1, 0, 1, 0, 0, 2, 2, 1, 1, 0];[19, 10, 15, 18, 2, 5, 7, 17, 12, 8, 16, 3, 6, 9, 1, 14, 4, 13, 11, 0]|[2, 1, 2, 0, 0, 2, 0, 1, 1, 2, 1, 1, 0, 0, 0, 0, 2, 1, 1, 0]|[1, 1, 0, 2, 3, 0, 0, 1, 1, 0, 1, 1, 3, 3, 0, 3, 0, 0, 1, 3]|[1, 1, 0, 1, 0, 1, 2, 1, 1, 0, 1, 0, 0, 0, 2, 2, 1, 1, 1, 0];[19, 10, 15, 18, 2, 5, 7, 17, 12, 8, 16, 3, 6, 9, 1, 14, 4, 13, 11, 0]|[2, 1, 2, 0, 0, 2, 0, 1, 1, 2, 1, 1, 0, 0, 0, 0, 2, 1, 1, 0]|[1, 1, 0, 2, 3, 0, 0, 1, 1, 0, 1, 1, 3, 3, 0, 3, 0, 0, 1, 3]|[1, 1, 0, 1, 0, 1, 2, 1, 1, 0, 1, 0, 0, 0, 2, 2, 1, 1, 1, 0];[0, 19, 16, 10, 15, 11, 12, 18, 5, 8, 2, 17, 9, 1, 3, 14, 13, 4, 6, 7]|[0, 2, 1, 1, 2, 1, 0, 0, 2, 0, 0, 1, 1, 2, 1, 0, 0, 2, 1, 0]|[3, 0, 1, 1, 0, 1, 3, 3, 0, 3, 3, 1, 1, 0, 1, 3, 3, 0, 1, 3]|[0, 1, 1, 1, 0, 1, 2, 0, 1, 2, 0, 1, 1, 0, 1, 2, 0, 1, 1, 0];[0, 19, 16, 10, 15, 11, 12, 18, 5, 8, 2, 17, 9, 1, 3, 14, 13, 4, 6, 7]|[0, 2, 1, 1, 2, 1, 0, 0, 2, 0, 0, 1, 1, 2, 1, 0, 0, 2, 1, 0]|[3, 0, 1, 1, 0, 1, 3, 3, 0, 3, 3, 1, 1, 0, 1, 3, 3, 0, 1, 3]|[0, 1, 1, 1, 0, 1, 2, 0, 1, 2, 0, 1, 1, 0, 1, 2, 0, 1, 1, 0];[6, 19, 5, 10, 15, 9, 11, 16, 17, 2, 12, 1, 7, 13, 4, 3, 8, 14, 18, 0]|[0, 2, 1, 1, 2, 1, 1, 2, 1, 2, 1, 1, 0, 0, 2, 0, 0, 0, 0, 0]|[3, 1, 1, 1, 0, 1, 1, 0, 1, 0, 1, 1, 1, 3, 0, 3, 0, 3, 2, 3]|[0, 1, 1, 1, 0, 1, 1, 1, 1, 0, 1, 1, 1, 0, 1, 2, 2, 0, 1, 0];[0, 19, 16, 10, 15, 11, 12, 8, 5, 18, 7, 2, 9, 17, 14, 6, 3, 4, 13, 1]|[0, 2, 1, 1, 2, 1, 0, 0, 2, 0, 1, 2, 1, 1, 0, 0, 0, 2, 1, 0]|[3, 0, 1, 1, 0, 0, 2, 0, 0, 0, 0, 0, 0, 1, 3, 3, 3, 0, 1, 3]|[1, 1, 1, 0, 0, 1, 0, 2, 1, 2, 1, 0, 1, 0, 0, 2, 0, 1, 1, 0];[0, 19, 16, 10, 15, 11, 18, 1, 5, 12, 17, 2, 7, 13, 9, 8, 6, 4, 14, 3]|[0, 2, 1, 1, 2, 1, 0, 0, 2, 0, 1, 2, 1, 1, 0, 0, 0, 2, 1, 0]|[3, 0, 1, 1, 0, 0, 2, 0, 0, 0, 0, 0, 0, 1, 3, 3, 3, 0, 1, 3]|[1, 1, 1, 0, 0, 1, 0, 2, 1, 2, 1, 0, 1, 0, 0, 2, 0, 1, 1, 0];[0, 19, 16, 10, 15, 11, 12, 8, 5, 18, 7, 2, 9, 17, 14, 6, 3, 4, 13, 1]|[0, 2, 1, 1, 2, 1, 0, 0, 2, 0, 1, 2, 1, 1, 0, 0, 0, 2, 1, 0]|[3, 0, 1, 1, 0, 0, 2, 0, 0, 0, 0, 0, 0, 1, 3, 3, 3, 0, 1, 3]|[1, 1, 1, 0, 0, 1, 0, 2, 1, 2, 1, 0, 1, 0, 0, 2, 0, 1, 1, 0];[0, 19, 16, 10, 15, 11, 18, 1, 5, 12, 17, 2, 7, 13, 9, 8, 6, 4, 14, 3]|[0, 2, 1, 1, 2, 1, 0, 0, 2, 0, 1, 2, 1, 1, 0, 0, 0, 2, 1, 0]|[3, 0, 1, 1, 0, 0, 2, 0, 0, 0, 0, 0, 0, 1, 3, 3, 3, 0, 1, 3]|[1, 1, 1, 0, 0, 1, 0, 2, 1, 2, 1, 0, 1, 0, 0, 2, 0, 1, 1, 0];[5, 16, 10, 15, 11, 14, 18, 9, 7, 1, 4, 3, 0, 12, 13, 2, 6, 17, 19, 8]|[2, 1, 1, 2, 1, 0, 0, 0, 0, 0, 2, 0, 0, 0, 1, 1, 2, 1, 2, 0]|[0, 1, 1, 0, 1, 3, 3, 3, 3, 3, 0, 3, 3, 3, 1, 1, 0, 0, 0, 3]|[1, 1, 0, 0, 1, 0, 2, 0, 0, 0, 1, 2, 0, 2, 1, 0, 0, 1, 1, 0];[19, 16, 10, 15, 5, 17, 6, 7, 9, 2, 8, 12, 1, 3, 11, 13, 4, 14, 18, 0]|[2, 1, 1, 2, 2, 1, 2, 1, 1, 0, 0, 0, 0, 0, 1, 1, 2, 0, 0, 0]|[0, 1, 1, 0, 0, 0, 0, 0, 1, 3, 3, 3, 3, 3, 1, 1, 0, 3, 3, 3]|[1, 1, 0, 0, 1, 1, 0, 1, 0, 0, 2, 0, 0, 2, 1, 1, 1, 0, 2, 0];[11, 19, 16, 10, 15, 0, 12, 8, 5, 3, 17, 9, 6, 2, 4, 14, 18, 7, 13, 1]|[0, 2, 1, 1, 2, 1, 0, 0, 2, 1, 2, 1, 1, 1, 2, 0, 0, 0, 0, 0]|[3, 0, 1, 1, 0, 1, 3, 3, 0, 1, 0, 1, 1, 1, 0, 3, 3, 3, 3, 3]|[0, 1, 1, 1, 0, 1, 2, 0, 1, 1, 0, 1, 1, 1, 1, 2, 0, 2, 0, 0];[11, 19, 16, 10, 15, 0, 12, 8, 5, 3, 17, 9, 6, 2, 4, 14, 18, 7, 13, 1]|[0, 2, 1, 1, 2, 1, 0, 0, 2, 1, 2, 1, 1, 1, 2, 0, 0, 0, 0, 0]|[3, 0, 1, 1, 0, 1, 3, 3, 0, 1, 0, 1, 1, 1, 0, 3, 3, 3, 3, 3]|[0, 1, 1, 1, 0, 1, 2, 0, 1, 1, 0, 1, 1, 1, 1, 2, 0, 2, 0, 0];[0, 19, 16, 10, 15, 11, 12, 1, 5, 18, 7, 2, 9, 17, 14, 8, 6, 3, 4, 13]|[0, 2, 1, 1, 2, 1, 0, 0, 2, 0, 0, 2, 0, 1, 0, 0, 0, 2, 1, 0]|[3, 0, 1, 1, 0, 1, 2, 0, 0, 0, 0, 0, 0, 1, 3, 3, 3, 0, 1, 3]|[1, 1, 1, 0, 0, 1, 0, 2, 1, 2, 1, 0, 1, 0, 0, 2, 0, 1, 1, 2];[0, 19, 16, 10, 15, 11, 12, 1, 5, 18, 7, 2, 9, 17, 14, 8, 6, 3, 4, 13]|[0, 2, 1, 1, 2, 1, 0, 0, 2, 0, 0, 2, 0, 1, 0, 0, 0, 2, 1, 0]|[3, 0, 1, 1, 0, 1, 2, 0, 0, 0, 0, 0, 0, 1, 3, 3, 3, 0, 1, 3]|[1, 1, 1, 0, 0, 1, 0, 2, 1, 2, 1, 0, 1, 0, 0, 2, 0, 1, 1, 2];[0, 19, 16, 10, 15, 11, 8, 6, 4, 12, 17, 18, 7, 9, 14, 3, 1, 5, 13, 2]|[0, 2, 1, 1, 2, 1, 0, 0, 2, 0, 1, 2, 1, 1, 0, 0, 0, 2, 1, 0]|[3, 0, 1, 1, 0, 0, 2, 0, 0, 0, 1, 0, 1, 1, 3, 3, 3, 0, 1, 3]|[1, 1, 1, 0, 0, 1, 0, 2, 1, 2, 1, 0, 1, 0, 0, 2, 0, 1, 1, 2];[0, 19, 16, 10, 15, 11, 8, 6, 4, 12, 17, 18, 7, 9, 14, 3, 1, 5, 13, 2]|[0, 2, 1, 1, 2, 1, 0, 0, 2, 0, 1, 2, 1, 1, 0, 0, 0, 2, 1, 0]|[3, 0, 1, 1, 0, 0, 2, 0, 0, 0, 1, 0, 1, 1, 3, 3, 3, 0, 1, 3]|[1, 1, 1, 0, 0, 1, 0, 2, 1, 2, 1, 0, 1, 0, 0, 2, 0, 1, 1, 2];[0, 19, 5, 10, 15, 11, 18, 12, 16, 1, 17, 2, 9, 3, 14, 8, 6, 4, 13, 7]|[0, 2, 1, 1, 2, 1, 0, 0, 2, 0, 1, 2, 1, 1, 0, 0, 0, 2, 1, 0]|[3, 0, 1, 1, 0, 0, 2, 0, 0, 0, 0, 0, 0, 1, 3, 3, 3, 0, 1, 3]|[1, 0, 1, 0, 1, 1, 0, 2, 1, 2, 1, 0, 1, 0, 0, 2, 0, 1, 1, 2];[0, 19, 16, 10, 15, 9, 18, 5, 12, 14, 17, 2, 13, 11, 7, 6, 8, 4, 3, 1]|[0, 2, 1, 1, 2, 1, 0, 2, 0, 0, 1, 2, 1, 1, 0, 0, 0, 2, 1, 0]|[2, 1, 1, 1, 0, 0, 1, 0, 0, 3, 0, 0, 1, 1, 3, 3, 3, 0, 1, 0]|[1, 0, 1, 1, 1, 1, 0, 1, 2, 2, 1, 0, 0, 1, 0, 2, 0, 1, 1, 2];[0, 19, 6, 10, 14, 11, 12, 1, 5, 18, 9, 2, 17, 16, 8, 3, 15, 4, 13, 7]|[0, 2, 1, 1, 2, 1, 0, 0, 2, 0, 1, 2, 1, 1, 0, 0, 0, 2, 1, 0]|[3, 0, 1, 1, 1, 1, 2, 0, 0, 0, 0, 0, 0, 1, 3, 3, 3, 0, 0, 3]|[1, 1, 1, 1, 0, 1, 0, 2, 1, 2, 1, 0, 1, 0, 0, 2, 0, 1, 1, 0];[0, 19, 16, 10, 15, 9, 18, 5, 12, 14, 17, 2, 13, 11, 7, 6, 8, 4, 3, 1]|[0, 2, 1, 1, 2, 1, 0, 2, 0, 0, 1, 2, 1, 1, 0, 0, 0, 2, 1, 0]|[2, 1, 1, 1, 0, 0, 1, 0, 0, 3, 0, 0, 1, 1, 3, 3, 3, 0, 1, 0]|[1, 0, 1, 1, 1, 1, 0, 1, 2, 2, 1, 0, 0, 1, 0, 2, 0, 1, 1, 2];[0, 19, 6, 10, 14, 11, 12, 1, 5, 18, 9, 2, 17, 16, 8, 3, 15, 4, 13, 7]|[0, 2, 1, 1, 2, 1, 0, 0, 2, 0, 1, 2, 1, 1, 0, 0, 0, 2, 1, 0]|[3, 0, 1, 1, 1, 1, 2, 0, 0, 0, 0, 0, 0, 1, 3, 3, 3, 0, 0, 3]|[1, 1, 1, 1, 0, 1, 0, 2, 1, 2, 1, 0, 1, 0, 0, 2, 0, 1, 1, 0];[19, 16, 2, 15, 11, 8, 5, 12, 7, 6, 9, 17, 0, 1, 10, 18, 13, 4, 14, 3]|[2, 1, 0, 2, 1, 0, 2, 0, 0, 2, 0, 1, 0, 0, 0, 0, 0, 2, 1, 0]|[0, 1, 3, 0, 1, 0, 0, 0, 3, 0, 0, 1, 3, 3, 3, 3, 3, 0, 1, 3]|[1, 1, 2, 0, 1, 0, 1, 2, 1, 0, 1, 0, 0, 2, 0, 1, 0, 1, 1, 0];[19, 16, 2, 15, 11, 8, 5, 12, 7, 6, 9, 17, 0, 1, 10, 18, 13, 4, 14, 3]|[2, 1, 0, 2, 1, 0, 2, 0, 0, 2, 0, 1, 0, 0, 0, 0, 0, 2, 1, 0]|[0, 1, 3, 0, 1, 0, 0, 0, 3, 0, 0, 1, 3, 3, 3, 3, 3, 0, 1, 3]|[1, 1, 2, 0, 1, 0, 1, 2, 1, 0, 1, 0, 0, 2, 0, 1, 0, 1, 1, 0];[0, 19, 5, 10, 15, 11, 12, 18, 16, 14, 17, 2, 9, 13, 1, 7, 3, 4, 6, 8]|[0, 2, 1, 1, 2, 1, 0, 0, 2, 0, 1, 2, 0, 1, 0, 0, 0, 2, 1, 0]|[3, 1, 1, 1, 0, 0, 2, 0, 0, 0, 0, 0, 0, 1, 3, 3, 3, 0, 0, 3]|[1, 1, 1, 0, 0, 1, 0, 2, 1, 2, 1, 0, 1, 0, 0, 2, 2, 1, 1, 0];[6, 19, 16, 10, 15, 11, 18, 8, 5, 12, 17, 2, 13, 7, 9, 1, 4, 3, 0, 14]|[0, 2, 1, 1, 2, 1, 0, 0, 2, 0, 1, 2, 1, 1, 0, 0, 2, 0, 0, 0]|[3, 0, 1, 1, 0, 1, 3, 0, 0, 0, 0, 0, 0, 1, 3, 3, 0, 3, 2, 3]|[0, 1, 0, 1, 0, 1, 1, 2, 1, 2, 1, 0, 1, 0, 0, 2, 1, 1, 0, 2];[6, 19, 16, 10, 15, 11, 18, 8, 5, 12, 17, 2, 13, 7, 9, 1, 4, 3, 0, 14]|[0, 2, 1, 1, 2, 1, 0, 0, 2, 0, 1, 2, 1, 1, 0, 0, 2, 0, 0, 0]|[3, 0, 1, 1, 0, 1, 3, 0, 0, 0, 0, 0, 0, 1, 3, 3, 0, 3, 2, 3]|[0, 1, 0, 1, 0, 1, 1, 2, 1, 2, 1, 0, 1, 0, 0, 2, 1, 1, 0, 2];[0, 19, 6, 10, 15, 11, 12, 1, 2, 14, 17, 16, 8, 9, 3, 18, 7, 4, 13, 5]|[0, 2, 1, 1, 2, 1, 0, 0, 2, 0, 1, 2, 0, 1, 0, 0, 0, 2, 1, 0]|[3, 0, 1, 1, 0, 1, 2, 0, 0, 0, 0, 0, 0, 1, 3, 3, 3, 0, 1, 3]|[1, 1, 1, 0, 0, 1, 0, 2, 1, 2, 1, 0, 1, 0, 0, 2, 0, 1, 1, 0];[19, 16, 10, 15, 11, 13, 0, 6, 4, 12, 14, 7, 1, 17, 2, 9, 5, 8, 3, 18]|[2, 1, 1, 2, 1, 0, 0, 2, 1, 0, 1, 0, 0, 0, 2, 0, 2, 0, 0, 0]|[0, 1, 1, 0, 1, 3, 3, 0, 1, 3, 0, 3, 3, 3, 0, 3, 0, 3, 3, 3]|[1, 1, 0, 0, 1, 0, 2, 1, 0, 0, 1, 0, 2, 0, 0, 0, 1, 2, 0, 0];[19, 16, 10, 15, 11, 13, 0, 6, 4, 12, 14, 7, 1, 17, 2, 9, 5, 8, 3, 18]|[2, 1, 1, 2, 1, 0, 0, 2, 1, 0, 1, 0, 0, 0, 2, 0, 2, 0, 0, 0]|[0, 1, 1, 0, 1, 3, 3, 0, 1, 3, 0, 3, 3, 3, 0, 3, 0, 3, 3, 3]|[1, 1, 0, 0, 1, 0, 2, 1, 0, 0, 1, 0, 2, 0, 0, 0, 1, 2, 0, 0];[0, 19, 16, 10, 15, 11, 12, 18, 5, 3, 17, 2, 7, 14, 1, 13, 6, 4, 9, 8]|[0, 2, 1, 1, 2, 1, 0, 0, 2, 0, 1, 2, 1, 1, 0, 0, 0, 2, 0, 0]|[3, 0, 1, 1, 0, 0, 2, 0, 0, 0, 0, 0, 0, 1, 3, 3, 3, 0, 1, 3]|[1, 1, 1, 0, 0, 1, 0, 2, 1, 2, 1, 0, 1, 0, 0, 2, 0, 1, 2, 0];[0, 19, 16, 10, 15, 11, 12, 18, 5, 3, 17, 2, 9, 13, 1, 7, 14, 4, 6, 8]|[0, 2, 1, 1, 2, 1, 0, 0, 2, 0, 1, 2, 0, 1, 0, 0, 0, 2, 1, 0]|[3, 1, 1, 1, 0, 0, 2, 0, 0, 0, 0, 0, 0, 1, 3, 3, 3, 0, 0, 3]|[1, 1, 1, 0, 0, 1, 0, 2, 1, 2, 1, 0, 1, 1, 0, 2, 0, 1, 1, 0];[19, 16, 10, 15, 5, 12, 1, 11, 6, 7, 17, 2, 8, 13, 9, 14, 0, 4, 3, 18]|[2, 1, 1, 2, 2, 0, 1, 1, 2, 1, 1, 0, 0, 0, 0, 0, 0, 2, 1, 1]|[1, 1, 0, 0, 0, 3, 1, 0, 0, 1, 1, 0, 0, 3, 3, 3, 3, 0, 1, 1]|[0, 1, 0, 1, 1, 2, 1, 1, 0, 0, 1, 0, 0, 2, 1, 2, 0, 1, 1, 1];[19, 16, 10, 15, 5, 12, 1, 11, 6, 7, 17, 2, 8, 13, 9, 14, 0, 4, 3, 18]|[2, 1, 1, 2, 2, 0, 1, 1, 2, 1, 1, 0, 0, 0, 0, 0, 0, 2, 1, 1]|[1, 1, 0, 0, 0, 3, 1, 0, 0, 1, 1, 0, 0, 3, 3, 3, 3, 0, 1, 1]|[0, 1, 0, 1, 1, 2, 1, 1, 0, 0, 1, 0, 0, 2, 1, 2, 0, 1, 1, 1]	sBp=[0, 19, 16, 10, 15, 11, 12, 18, 5, 3, 17, 2, 7, 9, 6, 14, 8, 4, 13, 1]|[0, 2, 1, 1, 2, 1, 0, 0, 2, 0, 1, 2, 1, 1, 0, 0, 0, 2, 1, 0]|[3, 0, 1, 1, 0, 1, 2, 0, 0, 0, 1, 0, 1, 1, 3, 3, 3, 0, 1, 3]|[1, 1, 1, 0, 0, 1, 0, 2, 1, 2, 1, 0, 1, 1, 0, 2, 0, 1, 1, 0];[18, 5, 1, 12, 11, 15, 10, 16, 19, 7, 4, 14, 17, 13, 0, 9, 2, 8, 6, 3]|[0, 2, 0, 0, 1, 2, 1, 1, 2, 0, 2, 0, 1, 0, 0, 0, 2, 0, 0, 0]|[2, 0, 0, 3, 1, 0, 1, 1, 0, 3, 0, 0, 1, 3, 3, 0, 0, 3, 3, 3]|[2, 1, 2, 0, 1, 0, 0, 1, 1, 1, 0, 1, 1, 0, 2, 1, 1, 0, 2, 0];[0, 19, 16, 10, 15, 11, 18, 8, 5, 12, 17, 6, 7, 9, 14, 2, 13, 4, 3, 1]|[0, 2, 1, 1, 2, 1, 0, 0, 2, 0, 1, 2, 1, 1, 0, 0, 0, 2, 1, 1]|[3, 0, 1, 1, 0, 1, 3, 0, 0, 0, 1, 0, 0, 1, 3, 3, 3, 0, 1, 1]|[1, 1, 1, 0, 0, 1, 0, 2, 1, 2, 1, 0, 1, 0, 0, 2, 0, 1, 1, 1];[0, 19, 16, 10, 15, 11, 18, 12, 5, 7, 17, 6, 8, 9, 2, 3, 13, 4, 14, 1]|[0, 2, 1, 1, 2, 1, 0, 0, 2, 0, 1, 2, 1, 1, 0, 0, 0, 2, 1, 0]|[3, 0, 1, 1, 0, 1, 2, 0, 0, 0, 1, 0, 0, 1, 3, 3, 3, 0, 1, 3]|[1, 1, 1, 0, 0, 1, 0, 2, 1, 2, 0, 0, 1, 1, 0, 2, 0, 1, 1, 2];[0, 19, 16, 10, 15, 11, 18, 8, 5, 12, 3, 6, 9, 17, 2, 1, 13, 4, 14, 7]|[0, 2, 1, 1, 2, 1, 0, 0, 2, 0, 1, 2, 1, 1, 0, 0, 0, 2, 1, 0]|[3, 0, 1, 1, 0, 1, 3, 0, 0, 0, 0, 0, 0, 1, 3, 3, 3, 0, 1, 3]|[1, 1, 1, 1, 0, 0, 0, 2, 1, 2, 1, 0, 1, 1, 0, 2, 0, 1, 1, 0];[0, 19, 16, 10, 15, 11, 12, 1, 5, 18, 7, 3, 9, 6, 8, 17, 2, 4, 14, 13]|[0, 2, 1, 1, 2, 1, 0, 0, 2, 0, 1, 2, 1, 1, 0, 0, 0, 2, 1, 0]|[3, 0, 1, 1, 0, 1, 2, 2, 0, 3, 1, 0, 1, 1, 3, 3, 3, 0, 1, 3]|[1, 1, 1, 0, 0, 1, 2, 0, 1, 2, 1, 0, 1, 1, 0, 2, 0, 1, 1, 2];[3, 12, 5, 8, 17, 11, 15, 10, 16, 19, 0, 2, 9, 6, 18, 1, 13, 4, 7, 14]|[0, 0, 2, 0, 0, 1, 2, 1, 1, 2, 0, 2, 0, 1, 0, 0, 0, 2, 0, 0]|[3, 0, 0, 0, 0, 1, 0, 1, 1, 0, 3, 0, 0, 1, 3, 3, 3, 0, 3, 3]|[0, 2, 1, 2, 2, 1, 0, 0, 1, 1, 1, 0, 1, 1, 0, 0, 2, 1, 1, 0];[3, 12, 5, 8, 17, 11, 15, 10, 16, 19, 0, 2, 9, 6, 18, 1, 13, 4, 7, 14]|[0, 0, 2, 0, 0, 1, 2, 1, 1, 2, 0, 2, 0, 1, 0, 0, 0, 2, 0, 0]|[3, 0, 0, 0, 0, 1, 0, 1, 1, 0, 3, 0, 0, 1, 3, 3, 3, 0, 3, 3]|[0, 2, 1, 2, 2, 1, 0, 0, 1, 1, 1, 0, 1, 1, 0, 0, 2, 1, 1, 0];[0, 19, 16, 15, 11, 8, 12, 18, 5, 3, 17, 2, 9, 10, 14, 1, 13, 4, 6, 7]|[0, 2, 1, 2, 1, 1, 0, 0, 2, 0, 1, 2, 1, 1, 0, 0, 0, 2, 1, 0]|[3, 0, 1, 0, 1, 1, 3, 3, 0, 3, 1, 0, 1, 1, 3, 3, 3, 0, 1, 3]|[2, 1, 1, 0, 1, 1, 0, 0, 1, 2, 1, 0, 1, 1, 0, 2, 0, 1, 1, 0];[0, 19, 16, 15, 11, 8, 12, 18, 5, 3, 17, 2, 9, 10, 14, 1, 13, 4, 6, 7]|[0, 2, 1, 2, 1, 1, 0, 0, 2, 0, 1, 2, 1, 1, 0, 0, 0, 2, 1, 0]|[3, 0, 1, 0, 1, 1, 3, 3, 0, 3, 1, 0, 1, 1, 3, 3, 3, 0, 1, 3]|[2, 1, 1, 0, 1, 1, 0, 0, 1, 2, 1, 0, 1, 1, 0, 2, 0, 1, 1, 0];[0, 19, 16, 10, 15, 11, 12, 18, 5, 6, 17, 8, 9, 13, 3, 1, 7, 4, 14, 2]|[0, 2, 1, 1, 2, 1, 0, 0, 2, 0, 1, 2, 1, 1, 0, 0, 0, 2, 1, 0]|[3, 0, 1, 1, 0, 0, 2, 0, 0, 3, 1, 0, 1, 1, 3, 3, 3, 0, 1, 3]|[0, 1, 1, 0, 0, 1, 0, 2, 1, 2, 1, 0, 1, 1, 0, 2, 0, 1, 1, 2];[0, 19, 6, 10, 15, 11, 18, 8, 4, 12, 17, 2, 1, 9, 14, 3, 13, 16, 5, 7]|[0, 2, 1, 1, 2, 1, 0, 0, 2, 0, 1, 2, 1, 1, 0, 0, 0, 2, 1, 0]|[3, 0, 1, 1, 0, 1, 2, 0, 0, 0, 1, 0, 0, 1, 3, 3, 3, 0, 1, 3]|[1, 1, 1, 0, 0, 1, 0, 2, 1, 2, 1, 0, 1, 0, 0, 2, 0, 1, 1, 0];[18, 1, 5, 12, 11, 15, 10, 16, 19, 0, 2, 9, 17, 7, 14, 13, 4, 6, 3, 8]|[0, 0, 2, 0, 1, 2, 1, 1, 2, 0, 2, 0, 1, 0, 0, 0, 2, 0, 0, 0]|[0, 0, 0, 2, 1, 0, 1, 1, 0, 3, 0, 0, 1, 0, 3, 3, 0, 3, 3, 3]|[2, 2, 1, 0, 1, 0, 0, 1, 1, 1, 0, 1, 0, 1, 0, 0, 1, 2, 1, 0];[0, 19, 16, 10, 15, 11, 18, 1, 5, 12, 17, 2, 7, 13, 6, 3, 14, 4, 9, 8]|[0, 2, 1, 1, 2, 1, 0, 0, 2, 0, 1, 2, 1, 1, 0, 0, 0, 2, 1, 0]|[3, 0, 1, 1, 0, 1, 2, 0, 0, 0, 0, 0, 0, 1, 3, 3, 3, 0, 1, 3]|[1, 1, 1, 0, 0, 1, 0, 2, 1, 2, 1, 0, 1, 0, 0, 2, 0, 1, 1, 2];[0, 19, 16, 10, 15, 11, 12, 8, 5, 18, 17, 2, 9, 3, 6, 1, 14, 4, 7, 13]|[0, 2, 1, 1, 2, 1, 0, 0, 2, 0, 1, 2, 1, 1, 0, 0, 0, 2, 1, 0]|[3, 0, 1, 1, 0, 1, 3, 2, 0, 3, 1, 0, 1, 1, 3, 3, 3, 0, 1, 3]|[0, 1, 1, 0, 0, 1, 0, 2, 1, 2, 1, 0, 1, 1, 0, 2, 0, 1, 1, 0];[0, 19, 16, 10, 15, 11, 12, 18, 5, 3, 17, 2, 9, 7, 14, 1, 6, 4, 13, 8]|[0, 2, 1, 1, 2, 1, 0, 0, 2, 0, 1, 2, 1, 1, 0, 0, 0, 2, 1, 0]|[3, 0, 1, 1, 0, 1, 3, 0, 0, 3, 1, 0, 1, 1, 3, 3, 3, 0, 1, 3]|[0, 1, 1, 1, 0, 1, 2, 0, 1, 2, 1, 0, 1, 1, 0, 2, 0, 1, 1, 0];[0, 19, 16, 10, 15, 11, 18, 1, 5, 12, 17, 2, 9, 13, 7, 6, 8, 4, 3, 14]|[0, 2, 1, 1, 2, 1, 0, 0, 2, 0, 1, 2, 1, 1, 0, 0, 0, 2, 1, 0]|[3, 0, 1, 1, 0, 1, 2, 0, 0, 0, 0, 0, 0, 1, 3, 3, 3, 0, 1, 3]|[1, 1, 1, 0, 0, 1, 0, 2, 1, 2, 1, 0, 1, 0, 0, 2, 0, 1, 1, 2];[0, 19, 16, 10, 15, 11, 12, 1, 5, 7, 17, 2, 9, 6, 14, 4, 18, 3, 13, 8]|[0, 2, 1, 1, 2, 1, 0, 0, 2, 0, 1, 2, 1, 1, 0, 0, 0, 2, 1, 0]|[3, 0, 1, 1, 0, 1, 2, 0, 0, 0, 0, 0, 0, 1, 3, 3, 3, 0, 1, 3]|[1, 1, 1, 0, 0, 1, 0, 2, 1, 2, 1, 0, 1, 0, 0, 2, 0, 1, 1, 2];[0, 19, 16, 10, 15, 11, 18, 8, 5, 3, 17, 6, 7, 9, 12, 13, 14, 2, 4, 1]|[0, 2, 1, 1, 2, 1, 0, 0, 2, 0, 1, 2, 1, 1, 0, 0, 0, 2, 1, 0]|[3, 0, 1, 1, 0, 1, 3, 0, 0, 0, 1, 0, 0, 1, 3, 3, 3, 0, 1, 3]|[1, 1, 1, 0, 0, 1, 0, 2, 1, 2, 1, 0, 1, 0, 0, 2, 0, 1, 1, 0];[0, 19, 16, 10, 4, 11, 18, 8, 5, 12, 17, 6, 7, 1, 3, 13, 9, 15, 2, 14]|[0, 2, 1, 1, 2, 1, 0, 0, 2, 0, 1, 2, 1, 1, 0, 0, 0, 2, 1, 0]|[3, 0, 1, 1, 0, 1, 3, 0, 0, 0, 1, 0, 0, 1, 3, 3, 3, 0, 1, 3]|[1, 1, 1, 0, 0, 1, 0, 2, 1, 2, 1, 0, 1, 0, 0, 2, 0, 1, 1, 0];[12, 19, 16, 15, 8, 10, 18, 5, 0, 17, 2, 7, 1, 4, 3, 6, 14, 9, 11, 13]|[0, 2, 1, 2, 1, 1, 0, 2, 0, 1, 2, 1, 1, 2, 0, 0, 0, 1, 1, 0]|[0, 0, 1, 0, 1, 1, 3, 0, 3, 1, 0, 1, 1, 0, 3, 3, 3, 1, 1, 3]|[0, 1, 1, 0, 1, 1, 2, 1, 0, 1, 0, 1, 1, 1, 0, 2, 0, 1, 1, 0];[0, 19, 5, 15, 16, 18, 12, 4, 8, 10, 6, 7, 17, 11, 14, 13, 3, 9, 2, 1]|[0, 2, 1, 2, 1, 0, 0, 2, 0, 1, 2, 1, 1, 1, 0, 0, 0, 2, 1, 0]|[0, 0, 1, 0, 1, 3, 3, 0, 3, 1, 0, 1, 1, 1, 3, 3, 3, 0, 1, 3]|[2, 1, 1, 0, 1, 0, 0, 1, 2, 1, 0, 1, 1, 1, 0, 2, 0, 1, 1, 2];[0, 19, 16, 10, 15, 11, 12, 18, 2, 1, 17, 5, 9, 13, 3, 6, 7, 4, 14, 8]|[0, 2, 1, 1, 2, 1, 0, 0, 2, 0, 1, 2, 1, 1, 0, 0, 0, 2, 1, 0]|[3, 0, 1, 1, 0, 1, 3, 3, 0, 3, 1, 0, 1, 1, 3, 3, 3, 0, 1, 3]|[0, 1, 1, 1, 0, 1, 0, 2, 1, 2, 1, 0, 1, 1, 0, 2, 0, 1, 1, 2];[0, 19, 16, 10, 15, 11, 12, 18, 5, 8, 17, 1, 9, 13, 3, 6, 7, 4, 2, 14]|[0, 2, 1, 1, 2, 1, 0, 0, 2, 0, 1, 2, 1, 1, 0, 0, 0, 2, 1, 0]|[3, 0, 1, 1, 0, 1, 3, 0, 0, 3, 1, 0, 1, 1, 3, 3, 3, 0, 1, 3]|[0, 1, 1, 1, 0, 1, 2, 0, 1, 2, 1, 0, 1, 1, 0, 2, 0, 1, 1, 0];[0, 19, 16, 10, 15, 11, 12, 1, 5, 14, 17, 2, 9, 13, 8, 3, 7, 4, 6, 18]|[0, 2, 1, 1, 2, 1, 0, 0, 2, 0, 1, 2, 1, 1, 0, 0, 0, 2, 1, 0]|[3, 0, 1, 1, 0, 1, 2, 0, 0, 0, 1, 0, 1, 1, 3, 3, 3, 0, 1, 3]|[1, 1, 1, 0, 0, 1, 0, 2, 1, 2, 1, 0, 1, 1, 0, 2, 0, 1, 1, 0];[0, 19, 16, 10, 15, 11, 18, 8, 5, 12, 3, 6, 9, 7, 14, 13, 1, 4, 2, 17]|[0, 2, 1, 1, 2, 1, 0, 0, 2, 0, 1, 2, 1, 1, 0, 0, 0, 2, 1, 0]|[3, 0, 1, 1, 0, 1, 3, 2, 0, 3, 1, 0, 1, 1, 3, 3, 3, 0, 1, 3]|[1, 1, 1, 0, 0, 1, 0, 2, 1, 2, 1, 0, 1, 1, 0, 2, 0, 1, 1, 2];[12, 5, 8, 3, 11, 15, 10, 16, 19, 0, 17, 2, 9, 6, 1, 13, 14, 4, 7, 18]|[0, 2, 0, 0, 1, 2, 1, 1, 2, 0, 0, 2, 0, 1, 0, 0, 0, 2, 0, 0]|[0, 0, 0, 3, 1, 0, 1, 1, 0, 3, 0, 0, 0, 1, 3, 3, 3, 0, 3, 3]|[2, 1, 2, 0, 1, 0, 0, 1, 1, 1, 1, 0, 1, 1, 0, 2, 0, 1, 1, 0];[12, 5, 8, 3, 11, 15, 10, 16, 19, 0, 17, 2, 9, 6, 1, 13, 14, 4, 7, 18]|[0, 2, 0, 0, 1, 2, 1, 1, 2, 0, 0, 2, 0, 1, 0, 0, 0, 2, 0, 0]|[0, 0, 0, 3, 1, 0, 1, 1, 0, 3, 0, 0, 0, 1, 3, 3, 3, 0, 3, 3]|[2, 1, 2, 0, 1, 0, 0, 1, 1, 1, 1, 0, 1, 1, 0, 2, 0, 1, 1, 0];[0, 19, 16, 10, 15, 11, 18, 8, 5, 12, 17, 2, 7, 9, 1, 14, 6, 4, 13, 3]|[0, 2, 1, 1, 2, 1, 0, 0, 2, 0, 1, 2, 1, 1, 0, 0, 0, 2, 1, 0]|[3, 0, 1, 1, 0, 1, 3, 0, 0, 0, 1, 0, 0, 1, 3, 3, 3, 0, 1, 3]|[1, 1, 1, 0, 0, 1, 0, 2, 1, 2, 1, 0, 1, 0, 0, 2, 0, 1, 1, 0];[0, 19, 16, 10, 15, 11, 12, 3, 5, 18, 6, 17, 7, 1, 2, 14, 13, 4, 9, 8]|[0, 2, 1, 1, 2, 1, 0, 0, 2, 0, 1, 2, 1, 1, 0, 0, 0, 2, 1, 0]|[3, 0, 1, 1, 0, 0, 2, 0, 0, 3, 1, 0, 1, 1, 3, 3, 3, 0, 1, 3]|[1, 1, 1, 0, 0, 1, 0, 2, 1, 2, 1, 0, 1, 1, 0, 2, 0, 1, 1, 2];[0, 19, 16, 10, 15, 11, 18, 1, 5, 12, 17, 2, 9, 13, 7, 8, 3, 4, 6, 14]|[0, 2, 1, 1, 2, 1, 0, 0, 2, 0, 1, 2, 1, 1, 0, 0, 0, 2, 1, 0]|[3, 0, 1, 1, 0, 1, 3, 0, 0, 0, 1, 0, 0, 1, 3, 3, 3, 0, 1, 3]|[1, 1, 1, 0, 0, 1, 0, 2, 1, 2, 1, 0, 1, 0, 0, 2, 0, 1, 1, 0];[0, 19, 16, 10, 15, 11, 18, 1, 5, 12, 17, 6, 9, 7, 2, 14, 13, 4, 3, 8]|[0, 2, 1, 1, 2, 1, 0, 0, 2, 0, 1, 2, 1, 1, 0, 0, 0, 2, 1, 0]|[3, 0, 1, 1, 0, 1, 3, 0, 0, 0, 1, 0, 0, 1, 3, 3, 3, 0, 1, 3]|[1, 1, 1, 0, 0, 1, 0, 2, 1, 2, 1, 0, 1, 0, 0, 2, 2, 1, 1, 0];[0, 19, 16, 10, 15, 11, 12, 18, 5, 7, 17, 4, 9, 3, 8, 14, 6, 2, 13, 1]|[0, 2, 1, 1, 2, 1, 0, 0, 2, 0, 1, 2, 1, 1, 0, 0, 0, 2, 1, 0]|[3, 0, 1, 1, 0, 1, 3, 0, 0, 3, 1, 0, 0, 1, 3, 3, 3, 0, 1, 3]|[1, 1, 1, 0, 0, 1, 0, 2, 1, 2, 1, 0, 1, 0, 0, 2, 0, 1, 1, 2];[19, 16, 10, 15, 11, 18, 4, 12, 17, 2, 7, 13, 6, 0, 1, 3, 14, 5, 9, 8]|[2, 1, 1, 2, 1, 0, 2, 0, 1, 2, 1, 1, 0, 0, 0, 0, 0, 2, 1, 0]|[1, 1, 1, 0, 1, 2, 0, 0, 0, 0, 0, 1, 3, 3, 0, 3, 3, 0, 1, 3]|[1, 1, 0, 0, 1, 1, 1, 2, 1, 0, 1, 0, 0, 0, 2, 2, 0, 1, 1, 2];[19, 16, 10, 15, 11, 18, 4, 12, 17, 2, 7, 13, 6, 0, 1, 3, 14, 5, 9, 8]|[2, 1, 1, 2, 1, 0, 2, 0, 1, 2, 1, 1, 0, 0, 0, 0, 0, 2, 1, 0]|[1, 1, 1, 0, 1, 2, 0, 0, 0, 0, 0, 1, 3, 3, 0, 3, 3, 0, 1, 3]|[1, 1, 0, 0, 1, 1, 1, 2, 1, 0, 1, 0, 0, 0, 2, 2, 0, 1, 1, 2];[0, 19, 16, 10, 15, 11, 18, 8, 5, 12, 2, 6, 7, 17, 9, 1, 3, 4, 13, 14]|[0, 2, 1, 1, 2, 1, 0, 0, 2, 0, 1, 2, 1, 1, 0, 0, 0, 2, 1, 0]|[3, 0, 1, 1, 0, 1, 3, 2, 0, 0, 1, 0, 0, 1, 3, 3, 3, 0, 1, 3]|[1, 1, 1, 1, 0, 1, 0, 2, 1, 2, 1, 0, 1, 1, 0, 2, 0, 1, 1, 2];[0, 19, 16, 10, 15, 11, 12, 18, 5, 14, 3, 1, 9, 17, 2, 8, 13, 4, 6, 7]|[0, 2, 1, 1, 2, 1, 0, 0, 2, 0, 1, 2, 1, 1, 0, 0, 0, 2, 1, 0]|[3, 0, 1, 1, 0, 1, 2, 0, 0, 0, 1, 0, 1, 1, 3, 3, 3, 0, 1, 3]|[1, 1, 1, 1, 0, 1, 0, 2, 1, 2, 1, 0, 1, 1, 0, 2, 0, 1, 1, 0];[0, 19, 16, 10, 15, 11, 18, 1, 5, 12, 2, 13, 9, 17, 7, 6, 3, 4, 14, 8]|[0, 2, 1, 1, 2, 1, 0, 0, 2, 0, 1, 2, 1, 1, 0, 0, 0, 2, 1, 0]|[3, 0, 1, 1, 1, 1, 2, 3, 0, 3, 1, 0, 1, 1, 3, 3, 3, 0, 1, 3]|[1, 1, 1, 0, 0, 1, 0, 2, 1, 2, 1, 0, 1, 1, 0, 2, 0, 1, 1, 0];[19, 5, 11, 6, 17, 12, 16, 1, 9, 15, 10, 2, 0, 3, 18, 14, 4, 13, 7, 8]|[2, 1, 1, 2, 1, 0, 2, 0, 1, 2, 1, 0, 0, 0, 0, 0, 2, 1, 1, 0]|[1, 1, 1, 0, 1, 3, 0, 0, 1, 0, 1, 3, 0, 3, 2, 3, 0, 1, 1, 3]|[1, 1, 1, 0, 1, 0, 1, 2, 1, 0, 1, 0, 0, 2, 1, 2, 1, 1, 1, 0];[0, 19, 16, 2, 4, 1, 6, 13, 15, 12, 18, 5, 14, 10, 17, 9, 7, 3, 11, 8]|[0, 2, 1, 2, 2, 0, 0, 0, 2, 2, 0, 2, 0, 1, 1, 1, 1, 1, 1, 0]|[0, 0, 1, 0, 0, 3, 3, 3, 0, 1, 3, 0, 2, 1, 1, 1, 1, 1, 1, 3]|[2, 1, 1, 0, 1, 0, 0, 2, 0, 0, 0, 1, 0, 1, 1, 1, 1, 1, 1, 2];[0, 19, 16, 2, 4, 1, 6, 13, 15, 12, 18, 5, 14, 10, 17, 9, 7, 3, 11, 8]|[0, 2, 1, 2, 2, 0, 0, 0, 2, 2, 0, 2, 0, 1, 1, 1, 1, 1, 1, 0]|[0, 0, 1, 0, 0, 3, 3, 3, 0, 1, 3, 0, 2, 1, 1, 1, 1, 1, 1, 3]|[2, 1, 1, 0, 1, 0, 0, 2, 0, 0, 0, 1, 0, 1, 1, 1, 1, 1, 1, 2];[19, 16, 10, 15, 11, 12, 14, 4, 8, 3, 6, 1, 13, 9, 18, 17, 2, 5, 7, 0]|[2, 1, 1, 2, 1, 0, 0, 2, 0, 1, 2, 0, 1, 0, 0, 0, 2, 1, 0, 0]|[0, 1, 1, 0, 1, 3, 3, 0, 3, 1, 0, 3, 1, 3, 3, 3, 0, 1, 3, 3]|[1, 1, 0, 0, 1, 0, 2, 1, 0, 1, 0, 2, 1, 0, 2, 0, 1, 1, 2, 0];[19, 16, 10, 15, 11, 12, 14, 4, 8, 3, 6, 1, 13, 9, 18, 17, 2, 5, 7, 0]|[2, 1, 1, 2, 1, 0, 0, 2, 0, 1, 2, 0, 1, 0, 0, 0, 2, 1, 0, 0]|[0, 1, 1, 0, 1, 3, 3, 0, 3, 1, 0, 3, 1, 3, 3, 3, 0, 1, 3, 3]|[1, 1, 0, 0, 1, 0, 2, 1, 0, 1, 0, 2, 1, 0, 2, 0, 1, 1, 2, 0];[0, 19, 16, 10, 15, 11, 12, 14, 5, 1, 17, 2, 9, 3, 8, 6, 18, 4, 13, 7]|[0, 2, 1, 1, 2, 1, 0, 0, 2, 0, 1, 2, 1, 1, 0, 0, 0, 2, 1, 0]|[3, 0, 1, 1, 0, 1, 3, 3, 0, 3, 1, 0, 1, 1, 3, 3, 3, 0, 1, 3]|[0, 1, 1, 1, 1, 1, 2, 0, 1, 2, 1, 0, 1, 1, 0, 2, 0, 1, 1, 0];[0, 19, 16, 14, 15, 11, 12, 18, 5, 10, 7, 9, 2, 3, 13, 6, 8, 4, 17, 1]|[0, 2, 1, 1, 2, 1, 0, 0, 2, 1, 1, 1, 2, 1, 0, 0, 0, 2, 1, 0]|[3, 0, 1, 1, 0, 1, 3, 3, 0, 1, 1, 1, 0, 1, 3, 3, 3, 0, 1, 3]|[0, 1, 1, 1, 0, 1, 0, 2, 1, 1, 1, 1, 0, 1, 0, 2, 0, 1, 1, 0];[0, 19, 16, 14, 15, 11, 12, 18, 5, 10, 7, 9, 2, 3, 13, 6, 8, 4, 17, 1]|[0, 2, 1, 1, 2, 1, 0, 0, 2, 1, 1, 1, 2, 1, 0, 0, 0, 2, 1, 0]|[3, 0, 1, 1, 0, 1, 3, 3, 0, 1, 1, 1, 0, 1, 3, 3, 3, 0, 1, 3]|[0, 1, 1, 1, 0, 1, 0, 2, 1, 1, 1, 1, 0, 1, 0, 2, 0, 1, 1, 0];[19, 16, 10, 15, 11, 12, 5, 8, 9, 17, 6, 7, 1, 0, 14, 13, 18, 2, 4, 3]|[2, 1, 1, 2, 1, 0, 2, 0, 0, 1, 2, 1, 1, 0, 0, 0, 0, 2, 1, 0]|[0, 1, 1, 0, 1, 3, 0, 3, 3, 1, 0, 1, 1, 3, 3, 3, 3, 0, 1, 3]|[1, 1, 1, 0, 1, 2, 1, 0, 2, 1, 0, 1, 1, 0, 2, 0, 2, 1, 1, 0];[19, 16, 10, 15, 11, 12, 5, 8, 9, 17, 6, 7, 1, 0, 14, 13, 18, 2, 4, 3]|[2, 1, 1, 2, 1, 0, 2, 0, 0, 1, 2, 1, 1, 0, 0, 0, 0, 2, 1, 0]|[0, 1, 1, 0, 1, 3, 0, 3, 3, 1, 0, 1, 1, 3, 3, 3, 3, 0, 1, 3]|[1, 1, 1, 0, 1, 2, 1, 0, 2, 1, 0, 1, 1, 0, 2, 0, 2, 1, 1, 0];[0, 4, 16, 10, 15, 11, 7, 12, 17, 6, 13, 14, 3, 19, 2, 5, 18, 1, 9, 8]|[0, 2, 1, 1, 2, 1, 0, 0, 1, 1, 1, 0, 1, 2, 2, 2, 0, 0, 0, 0]|[2, 1, 1, 1, 0, 0, 3, 0, 0, 0, 1, 3, 1, 0, 0, 0, 3, 0, 3, 3]|[1, 0, 1, 0, 1, 1, 0, 2, 1, 1, 0, 0, 1, 1, 0, 1, 0, 2, 2, 0];[0, 4, 16, 10, 15, 11, 7, 12, 17, 6, 13, 14, 3, 19, 2, 5, 18, 1, 9, 8]|[0, 2, 1, 1, 2, 1, 0, 0, 1, 1, 1, 0, 1, 2, 2, 2, 0, 0, 0, 0]|[2, 1, 1, 1, 0, 0, 3, 0, 0, 0, 1, 3, 1, 0, 0, 0, 3, 0, 3, 3]|[1, 0, 1, 0, 1, 1, 0, 2, 1, 1, 0, 0, 1, 1, 0, 1, 0, 2, 2, 0];[0, 19, 16, 10, 15, 11, 18, 12, 5, 1, 17, 6, 9, 7, 14, 13, 3, 4, 2, 8]|[0, 2, 1, 1, 2, 1, 0, 0, 2, 0, 1, 2, 1, 1, 0, 0, 0, 2, 1, 0]|[3, 0, 1, 1, 0, 1, 3, 3, 0, 3, 1, 0, 1, 1, 3, 3, 3, 0, 1, 3]|[1, 1, 1, 0, 0, 1, 0, 2, 1, 2, 1, 0, 1, 1, 0, 2, 0, 1, 1, 2];[8, 19, 16, 10, 15, 11, 12, 0, 5, 1, 3, 6, 9, 13, 2, 14, 18, 4, 17, 7]|[0, 2, 1, 1, 2, 1, 0, 0, 2, 0, 1, 2, 1, 1, 0, 0, 0, 2, 1, 0]|[3, 0, 1, 1, 0, 1, 3, 3, 0, 3, 1, 0, 1, 1, 3, 3, 3, 0, 1, 3]|[0, 1, 1, 1, 0, 1, 2, 0, 1, 2, 1, 0, 1, 1, 0, 2, 0, 1, 1, 0];[8, 19, 16, 10, 15, 11, 12, 0, 5, 1, 3, 6, 9, 13, 2, 14, 18, 4, 17, 7]|[0, 2, 1, 1, 2, 1, 0, 0, 2, 0, 1, 2, 1, 1, 0, 0, 0, 2, 1, 0]|[3, 0, 1, 1, 0, 1, 3, 3, 0, 3, 1, 0, 1, 1, 3, 3, 3, 0, 1, 3]|[0, 1, 1, 1, 0, 1, 2, 0, 1, 2, 1, 0, 1, 1, 0, 2, 0, 1, 1, 0];[0, 19, 16, 10, 15, 11, 12, 18, 5, 14, 7, 2, 13, 4, 8, 1, 3, 6, 17, 9]|[0, 2, 1, 1, 2, 1, 0, 0, 2, 0, 0, 2, 1, 1, 0, 0, 0, 2, 1, 0]|[3, 0, 1, 1, 0, 0, 2, 0, 0, 0, 0, 0, 0, 1, 3, 3, 3, 0, 1, 3]|[1, 1, 1, 1, 0, 1, 0, 2, 1, 2, 1, 0, 1, 0, 0, 2, 2, 1, 1, 0];[0, 19, 16, 10, 15, 11, 12, 18, 5, 8, 2, 6, 9, 17, 13, 14, 3, 4, 7, 1]|[0, 2, 1, 1, 2, 1, 0, 0, 2, 0, 1, 2, 1, 1, 0, 0, 0, 2, 0, 0]|[3, 0, 1, 1, 0, 0, 2, 0, 0, 0, 1, 0, 1, 1, 3, 3, 3, 0, 1, 3]|[1, 1, 1, 0, 0, 1, 0, 2, 1, 2, 1, 0, 1, 1, 0, 2, 0, 1, 1, 0];[0, 19, 16, 10, 15, 11, 12, 18, 5, 8, 2, 6, 9, 17, 13, 14, 3, 4, 7, 1]|[0, 2, 1, 1, 2, 1, 0, 0, 2, 0, 1, 2, 1, 1, 0, 0, 0, 2, 0, 0]|[3, 0, 1, 1, 0, 0, 2, 0, 0, 0, 1, 0, 1, 1, 3, 3, 3, 0, 1, 3]|[1, 1, 1, 0, 0, 1, 0, 2, 1, 2, 1, 0, 1, 1, 0, 2, 0, 1, 1, 0];[19, 16, 10, 15, 11, 6, 14, 8, 5, 17, 2, 7, 9, 3, 12, 18, 1, 13, 4, 0]|[2, 1, 1, 2, 1, 0, 0, 0, 2, 1, 2, 1, 1, 0, 0, 0, 0, 1, 2, 0]|[0, 1, 1, 0, 1, 3, 3, 3, 0, 0, 0, 0, 1, 3, 3, 3, 3, 1, 0, 3]|[1, 1, 0, 0, 1, 0, 2, 0, 1, 1, 0, 1, 0, 2, 0, 0, 2, 1, 1, 0];[0, 19, 16, 10, 15, 11, 12, 18, 5, 14, 7, 2, 13, 4, 8, 1, 3, 6, 17, 9]|[0, 2, 1, 1, 2, 1, 0, 0, 2, 0, 0, 2, 1, 1, 0, 0, 0, 2, 1, 0]|[3, 0, 1, 1, 0, 0, 2, 0, 0, 0, 0, 0, 0, 1, 3, 3, 3, 0, 1, 3]|[1, 1, 1, 1, 0, 1, 0, 2, 1, 2, 1, 0, 1, 0, 0, 2, 2, 1, 1, 0];[0, 19, 16, 10, 15, 11, 18, 8, 6, 12, 17, 2, 9, 7, 5, 14, 13, 4, 3, 1]|[0, 2, 1, 1, 2, 1, 0, 0, 2, 0, 1, 2, 1, 1, 0, 0, 0, 2, 1, 0]|[3, 0, 1, 1, 0, 1, 3, 0, 0, 3, 0, 0, 0, 1, 3, 3, 3, 0, 1, 3]|[1, 1, 1, 0, 0, 1, 0, 2, 1, 2, 1, 0, 1, 0, 0, 2, 0, 1, 1, 0];[0, 19, 16, 10, 15, 11, 12, 18, 5, 14, 3, 6, 9, 13, 2, 8, 1, 17, 4, 7]|[0, 2, 1, 1, 2, 1, 0, 0, 2, 0, 1, 2, 1, 1, 0, 0, 0, 1, 2, 0]|[3, 0, 1, 1, 0, 1, 3, 3, 0, 3, 1, 0, 1, 1, 3, 3, 3, 1, 0, 3]|[0, 1, 1, 1, 0, 1, 2, 0, 1, 2, 1, 0, 1, 1, 0, 2, 0, 1, 1, 0];[0, 19, 16, 10, 15, 11, 12, 18, 5, 14, 3, 6, 9, 13, 2, 8, 1, 17, 4, 7]|[0, 2, 1, 1, 2, 1, 0, 0, 2, 0, 1, 2, 1, 1, 0, 0, 0, 1, 2, 0]|[3, 0, 1, 1, 0, 1, 3, 3, 0, 3, 1, 0, 1, 1, 3, 3, 3, 1, 0, 3]|[0, 1, 1, 1, 0, 1, 2, 0, 1, 2, 1, 0, 1, 1, 0, 2, 0, 1, 1, 0];[19, 16, 10, 15, 11, 12, 5, 18, 3, 6, 1, 13, 0, 9, 14, 8, 17, 4, 2, 7]|[2, 1, 1, 2, 1, 0, 2, 0, 1, 2, 1, 1, 0, 0, 0, 0, 0, 2, 1, 0]|[0, 1, 1, 0, 1, 3, 0, 3, 1, 0, 1, 1, 3, 3, 3, 3, 3, 0, 1, 3]|[1, 1, 0, 0, 1, 0, 1, 2, 1, 0, 1, 1, 0, 0, 2, 0, 2, 1, 1, 0];[19, 16, 10, 15, 11, 12, 5, 18, 3, 6, 1, 13, 0, 9, 14, 8, 17, 4, 2, 7]|[2, 1, 1, 2, 1, 0, 2, 0, 1, 2, 1, 1, 0, 0, 0, 0, 0, 2, 1, 0]|[0, 1, 1, 0, 1, 3, 0, 3, 1, 0, 1, 1, 3, 3, 3, 3, 3, 0, 1, 3]|[1, 1, 0, 0, 1, 0, 1, 2, 1, 0, 1, 1, 0, 0, 2, 0, 2, 1, 1, 0];[2, 19, 16, 10, 15, 11, 8, 5, 0, 17, 6, 7, 9, 12, 14, 18, 4, 3, 13, 1]|[0, 2, 1, 1, 2, 1, 0, 2, 0, 1, 2, 1, 1, 0, 0, 0, 2, 1, 0, 0]|[3, 0, 1, 1, 0, 1, 3, 0, 3, 1, 0, 1, 1, 3, 3, 3, 0, 1, 3, 3]|[0, 1, 1, 0, 0, 1, 2, 1, 0, 1, 0, 1, 0, 2, 0, 2, 1, 1, 0, 0];[2, 19, 16, 10, 15, 11, 8, 5, 0, 17, 6, 7, 9, 12, 14, 18, 4, 3, 13, 1]|[0, 2, 1, 1, 2, 1, 0, 2, 0, 1, 2, 1, 1, 0, 0, 0, 2, 1, 0, 0]|[3, 0, 1, 1, 0, 1, 3, 0, 3, 1, 0, 1, 1, 3, 3, 3, 0, 1, 3, 3]|[0, 1, 1, 0, 0, 1, 2, 1, 0, 1, 0, 1, 0, 2, 0, 2, 1, 1, 0, 0];[0, 19, 16, 10, 15, 11, 12, 18, 5, 14, 7, 2, 13, 4, 8, 1, 3, 6, 17, 9]|[0, 2, 1, 1, 2, 1, 0, 0, 2, 0, 0, 2, 1, 1, 0, 0, 0, 2, 1, 0]|[3, 0, 1, 1, 0, 0, 2, 0, 0, 0, 0, 0, 0, 1, 3, 3, 3, 0, 1, 3]|[1, 1, 1, 1, 0, 1, 0, 2, 1, 2, 1, 0, 1, 0, 0, 2, 2, 1, 1, 0];[19, 10, 15, 18, 2, 5, 7, 17, 12, 8, 16, 3, 6, 9, 1, 14, 4, 13, 11, 0]|[2, 1, 2, 0, 0, 2, 0, 1, 1, 2, 1, 1, 0, 0, 0, 0, 2, 1, 1, 0]|[1, 1, 0, 2, 3, 0, 0, 1, 1, 0, 1, 1, 3, 3, 0, 3, 0, 0, 1, 3]|[1, 1, 0, 1, 0, 1, 2, 1, 1, 0, 1, 0, 0, 0, 2, 2, 1, 1, 1, 0];[19, 10, 15, 18, 2, 5, 7, 17, 12, 8, 16, 3, 6, 9, 1, 14, 4, 13, 11, 0]|[2, 1, 2, 0, 0, 2, 0, 1, 1, 2, 1, 1, 0, 0, 0, 0, 2, 1, 1, 0]|[1, 1, 0, 2, 3, 0, 0, 1, 1, 0, 1, 1, 3, 3, 0, 3, 0, 0, 1, 3]|[1, 1, 0, 1, 0, 1, 2, 1, 1, 0, 1, 0, 0, 0, 2, 2, 1, 1, 1, 0];[0, 19, 16, 10, 15, 11, 12, 18, 5, 8, 2, 17, 9, 1, 3, 14, 13, 4, 6, 7]|[0, 2, 1, 1, 2, 1, 0, 0, 2, 0, 0, 1, 1, 2, 1, 0, 0, 2, 1, 0]|[3, 0, 1, 1, 0, 1, 3, 3, 0, 3, 3, 1, 1, 0, 1, 3, 3, 0, 1, 3]|[0, 1, 1, 1, 0, 1, 2, 0, 1, 2, 0, 1, 1, 0, 1, 2, 0, 1, 1, 0];[0, 19, 16, 10, 15, 11, 12, 18, 5, 8, 2, 17, 9, 1, 3, 14, 13, 4, 6, 7]|[0, 2, 1, 1, 2, 1, 0, 0, 2, 0, 0, 1, 1, 2, 1, 0, 0, 2, 1, 0]|[3, 0, 1, 1, 0, 1, 3, 3, 0, 3, 3, 1, 1, 0, 1, 3, 3, 0, 1, 3]|[0, 1, 1, 1, 0, 1, 2, 0, 1, 2, 0, 1, 1, 0, 1, 2, 0, 1, 1, 0];[6, 19, 5, 10, 15, 9, 11, 16, 17, 2, 12, 1, 7, 13, 4, 3, 8, 14, 18, 0]|[0, 2, 1, 1, 2, 1, 1, 2, 1, 2, 1, 1, 0, 0, 2, 0, 0, 0, 0, 0]|[3, 1, 1, 1, 0, 1, 1, 0, 1, 0, 1, 1, 1, 3, 0, 3, 0, 3, 2, 3]|[0, 1, 1, 1, 0, 1, 1, 1, 1, 0, 1, 1, 1, 0, 1, 2, 2, 0, 1, 0];[0, 19, 16, 10, 15, 11, 12, 8, 5, 18, 7, 2, 9, 17, 14, 6, 3, 4, 13, 1]|[0, 2, 1, 1, 2, 1, 0, 0, 2, 0, 1, 2, 1, 1, 0, 0, 0, 2, 1, 0]|[3, 0, 1, 1, 0, 0, 2, 0, 0, 0, 0, 0, 0, 1, 3, 3, 3, 0, 1, 3]|[1, 1, 1, 0, 0, 1, 0, 2, 1, 2, 1, 0, 1, 0, 0, 2, 0, 1, 1, 0];[0, 19, 16, 10, 15, 11, 18, 1, 5, 12, 17, 2, 7, 13, 9, 8, 6, 4, 14, 3]|[0, 2, 1, 1, 2, 1, 0, 0, 2, 0, 1, 2, 1, 1, 0, 0, 0, 2, 1, 0]|[3, 0, 1, 1, 0, 0, 2, 0, 0, 0, 0, 0, 0, 1, 3, 3, 3, 0, 1, 3]|[1, 1, 1, 0, 0, 1, 0, 2, 1, 2, 1, 0, 1, 0, 0, 2, 0, 1, 1, 0];[0, 19, 16, 10, 15, 11, 12, 8, 5, 18, 7, 2, 9, 17, 14, 6, 3, 4, 13, 1]|[0, 2, 1, 1, 2, 1, 0, 0, 2, 0, 1, 2, 1, 1, 0, 0, 0, 2, 1, 0]|[3, 0, 1, 1, 0, 0, 2, 0, 0, 0, 0, 0, 0, 1, 3, 3, 3, 0, 1, 3]|[1, 1, 1, 0, 0, 1, 0, 2, 1, 2, 1, 0, 1, 0, 0, 2, 0, 1, 1, 0];[0, 19, 16, 10, 15, 11, 18, 1, 5, 12, 17, 2, 7, 13, 9, 8, 6, 4, 14, 3]|[0, 2, 1, 1, 2, 1, 0, 0, 2, 0, 1, 2, 1, 1, 0, 0, 0, 2, 1, 0]|[3, 0, 1, 1, 0, 0, 2, 0, 0, 0, 0, 0, 0, 1, 3, 3, 3, 0, 1, 3]|[1, 1, 1, 0, 0, 1, 0, 2, 1, 2, 1, 0, 1, 0, 0, 2, 0, 1, 1, 0];[5, 16, 10, 15, 11, 14, 18, 9, 7, 1, 4, 3, 0, 12, 13, 2, 6, 17, 19, 8]|[2, 1, 1, 2, 1, 0, 0, 0, 0, 0, 2, 0, 0, 0, 1, 1, 2, 1, 2, 0]|[0, 1, 1, 0, 1, 3, 3, 3, 3, 3, 0, 3, 3, 3, 1, 1, 0, 0, 0, 3]|[1, 1, 0, 0, 1, 0, 2, 0, 0, 0, 1, 2, 0, 2, 1, 0, 0, 1, 1, 0];[19, 16, 10, 15, 5, 17, 6, 7, 9, 2, 8, 12, 1, 3, 11, 13, 4, 14, 18, 0]|[2, 1, 1, 2, 2, 1, 2, 1, 1, 0, 0, 0, 0, 0, 1, 1, 2, 0, 0, 0]|[0, 1, 1, 0, 0, 0, 0, 0, 1, 3, 3, 3, 3, 3, 1, 1, 0, 3, 3, 3]|[1, 1, 0, 0, 1, 1, 0, 1, 0, 0, 2, 0, 0, 2, 1, 1, 1, 0, 2, 0];[11, 19, 16, 10, 15, 0, 12, 8, 5, 3, 17, 9, 6, 2, 4, 14, 18, 7, 13, 1]|[0, 2, 1, 1, 2, 1, 0, 0, 2, 1, 2, 1, 1, 1, 2, 0, 0, 0, 0, 0]|[3, 0, 1, 1, 0, 1, 3, 3, 0, 1, 0, 1, 1, 1, 0, 3, 3, 3, 3, 3]|[0, 1, 1, 1, 0, 1, 2, 0, 1, 1, 0, 1, 1, 1, 1, 2, 0, 2, 0, 0];[11, 19, 16, 10, 15, 0, 12, 8, 5, 3, 17, 9, 6, 2, 4, 14, 18, 7, 13, 1]|[0, 2, 1, 1, 2, 1, 0, 0, 2, 1, 2, 1, 1, 1, 2, 0, 0, 0, 0, 0]|[3, 0, 1, 1, 0, 1, 3, 3, 0, 1, 0, 1, 1, 1, 0, 3, 3, 3, 3, 3]|[0, 1, 1, 1, 0, 1, 2, 0, 1, 1, 0, 1, 1, 1, 1, 2, 0, 2, 0, 0];[0, 19, 16, 10, 15, 11, 12, 1, 5, 18, 7, 2, 9, 17, 14, 8, 6, 3, 4, 13]|[0, 2, 1, 1, 2, 1, 0, 0, 2, 0, 0, 2, 0, 1, 0, 0, 0, 2, 1, 0]|[3, 0, 1, 1, 0, 1, 2, 0, 0, 0, 0, 0, 0, 1, 3, 3, 3, 0, 1, 3]|[1, 1, 1, 0, 0, 1, 0, 2, 1, 2, 1, 0, 1, 0, 0, 2, 0, 1, 1, 2];[0, 19, 16, 10, 15, 11, 12, 1, 5, 18, 7, 2, 9, 17, 14, 8, 6, 3, 4, 13]|[0, 2, 1, 1, 2, 1, 0, 0, 2, 0, 0, 2, 0, 1, 0, 0, 0, 2, 1, 0]|[3, 0, 1, 1, 0, 1, 2, 0, 0, 0, 0, 0, 0, 1, 3, 3, 3, 0, 1, 3]|[1, 1, 1, 0, 0, 1, 0, 2, 1, 2, 1, 0, 1, 0, 0, 2, 0, 1, 1, 2];[0, 19, 16, 10, 15, 11, 8, 6, 4, 12, 17, 18, 7, 9, 14, 3, 1, 5, 13, 2]|[0, 2, 1, 1, 2, 1, 0, 0, 2, 0, 1, 2, 1, 1, 0, 0, 0, 2, 1, 0]|[3, 0, 1, 1, 0, 0, 2, 0, 0, 0, 1, 0, 1, 1, 3, 3, 3, 0, 1, 3]|[1, 1, 1, 0, 0, 1, 0, 2, 1, 2, 1, 0, 1, 0, 0, 2, 0, 1, 1, 2];[0, 19, 16, 10, 15, 11, 8, 6, 4, 12, 17, 18, 7, 9, 14, 3, 1, 5, 13, 2]|[0, 2, 1, 1, 2, 1, 0, 0, 2, 0, 1, 2, 1, 1, 0, 0, 0, 2, 1, 0]|[3, 0, 1, 1, 0, 0, 2, 0, 0, 0, 1, 0, 1, 1, 3, 3, 3, 0, 1, 3]|[1, 1, 1, 0, 0, 1, 0, 2, 1, 2, 1, 0, 1, 0, 0, 2, 0, 1, 1, 2];[0, 19, 5, 10, 15, 11, 18, 12, 16, 1, 17, 2, 9, 3, 14, 8, 6, 4, 13, 7]|[0, 2, 1, 1, 2, 1, 0, 0, 2, 0, 1, 2, 1, 1, 0, 0, 0, 2, 1, 0]|[3, 0, 1, 1, 0, 0, 2, 0, 0, 0, 0, 0, 0, 1, 3, 3, 3, 0, 1, 3]|[1, 0, 1, 0, 1, 1, 0, 2, 1, 2, 1, 0, 1, 0, 0, 2, 0, 1, 1, 2];[0, 19, 16, 10, 15, 9, 18, 5, 12, 14, 17, 2, 13, 11, 7, 6, 8, 4, 3, 1]|[0, 2, 1, 1, 2, 1, 0, 2, 0, 0, 1, 2, 1, 1, 0, 0, 0, 2, 1, 0]|[2, 1, 1, 1, 0, 0, 1, 0, 0, 3, 0, 0, 1, 1, 3, 3, 3, 0, 1, 0]|[1, 0, 1, 1, 1, 1, 0, 1, 2, 2, 1, 0, 0, 1, 0, 2, 0, 1, 1, 2];[0, 19, 6, 10, 14, 11, 12, 1, 5, 18, 9, 2, 17, 16, 8, 3, 15, 4, 13, 7]|[0, 2, 1, 1, 2, 1, 0, 0, 2, 0, 1, 2, 1, 1, 0, 0, 0, 2, 1, 0]|[3, 0, 1, 1, 1, 1, 2, 0, 0, 0, 0, 0, 0, 1, 3, 3, 3, 0, 0, 3]|[1, 1, 1, 1, 0, 1, 0, 2, 1, 2, 1, 0, 1, 0, 0, 2, 0, 1, 1, 0];[0, 19, 16, 10, 15, 9, 18, 5, 12, 14, 17, 2, 13, 11, 7, 6, 8, 4, 3, 1]|[0, 2, 1, 1, 2, 1, 0, 2, 0, 0, 1, 2, 1, 1, 0, 0, 0, 2, 1, 0]|[2, 1, 1, 1, 0, 0, 1, 0, 0, 3, 0, 0, 1, 1, 3, 3, 3, 0, 1, 0]|[1, 0, 1, 1, 1, 1, 0, 1, 2, 2, 1, 0, 0, 1, 0, 2, 0, 1, 1, 2];[0, 19, 6, 10, 14, 11, 12, 1, 5, 18, 9, 2, 17, 16, 8, 3, 15, 4, 13, 7]|[0, 2, 1, 1, 2, 1, 0, 0, 2, 0, 1, 2, 1, 1, 0, 0, 0, 2, 1, 0]|[3, 0, 1, 1, 1, 1, 2, 0, 0, 0, 0, 0, 0, 1, 3, 3, 3, 0, 0, 3]|[1, 1, 1, 1, 0, 1, 0, 2, 1, 2, 1, 0, 1, 0, 0, 2, 0, 1, 1, 0];[19, 16, 2, 15, 11, 8, 5, 12, 7, 6, 9, 17, 0, 1, 10, 18, 13, 4, 14, 3]|[2, 1, 0, 2, 1, 0, 2, 0, 0, 2, 0, 1, 0, 0, 0, 0, 0, 2, 1, 0]|[0, 1, 3, 0, 1, 0, 0, 0, 3, 0, 0, 1, 3, 3, 3, 3, 3, 0, 1, 3]|[1, 1, 2, 0, 1, 0, 1, 2, 1, 0, 1, 0, 0, 2, 0, 1, 0, 1, 1, 0];[19, 16, 2, 15, 11, 8, 5, 12, 7, 6, 9, 17, 0, 1, 10, 18, 13, 4, 14, 3]|[2, 1, 0, 2, 1, 0, 2, 0, 0, 2, 0, 1, 0, 0, 0, 0, 0, 2, 1, 0]|[0, 1, 3, 0, 1, 0, 0, 0, 3, 0, 0, 1, 3, 3, 3, 3, 3, 0, 1, 3]|[1, 1, 2, 0, 1, 0, 1, 2, 1, 0, 1, 0, 0, 2, 0, 1, 0, 1, 1, 0];[0, 19, 5, 10, 15, 11, 12, 18, 16, 14, 17, 2, 9, 13, 1, 7, 3, 4, 6, 8]|[0, 2, 1, 1, 2, 1, 0, 0, 2, 0, 1, 2, 0, 1, 0, 0, 0, 2, 1, 0]|[3, 1, 1, 1, 0, 0, 2, 0, 0, 0, 0, 0, 0, 1, 3, 3, 3, 0, 0, 3]|[1, 1, 1, 0, 0, 1, 0, 2, 1, 2, 1, 0, 1, 0, 0, 2, 2, 1, 1, 0];[6, 19, 16, 10, 15, 11, 18, 8, 5, 12, 17, 2, 13, 7, 9, 1, 4, 3, 0, 14]|[0, 2, 1, 1, 2, 1, 0, 0, 2, 0, 1, 2, 1, 1, 0, 0, 2, 0, 0, 0]|[3, 0, 1, 1, 0, 1, 3, 0, 0, 0, 0, 0, 0, 1, 3, 3, 0, 3, 2, 3]|[0, 1, 0, 1, 0, 1, 1, 2, 1, 2, 1, 0, 1, 0, 0, 2, 1, 1, 0, 2];[6, 19, 16, 10, 15, 11, 18, 8, 5, 12, 17, 2, 13, 7, 9, 1, 4, 3, 0, 14]|[0, 2, 1, 1, 2, 1, 0, 0, 2, 0, 1, 2, 1, 1, 0, 0, 2, 0, 0, 0]|[3, 0, 1, 1, 0, 1, 3, 0, 0, 0, 0, 0, 0, 1, 3, 3, 0, 3, 2, 3]|[0, 1, 0, 1, 0, 1, 1, 2, 1, 2, 1, 0, 1, 0, 0, 2, 1, 1, 0, 2];[0, 19, 6, 10, 15, 11, 12, 1, 2, 14, 17, 16, 8, 9, 3, 18, 7, 4, 13, 5]|[0, 2, 1, 1, 2, 1, 0, 0, 2, 0, 1, 2, 0, 1, 0, 0, 0, 2, 1, 0]|[3, 0, 1, 1, 0, 1, 2, 0, 0, 0, 0, 0, 0, 1, 3, 3, 3, 0, 1, 3]|[1, 1, 1, 0, 0, 1, 0, 2, 1, 2, 1, 0, 1, 0, 0, 2, 0, 1, 1, 0];[19, 16, 10, 15, 11, 13, 0, 6, 4, 12, 14, 7, 1, 17, 2, 9, 5, 8, 3, 18]|[2, 1, 1, 2, 1, 0, 0, 2, 1, 0, 1, 0, 0, 0, 2, 0, 2, 0, 0, 0]|[0, 1, 1, 0, 1, 3, 3, 0, 1, 3, 0, 3, 3, 3, 0, 3, 0, 3, 3, 3]|[1, 1, 0, 0, 1, 0, 2, 1, 0, 0, 1, 0, 2, 0, 0, 0, 1, 2, 0, 0];[19, 16, 10, 15, 11, 13, 0, 6, 4, 12, 14, 7, 1, 17, 2, 9, 5, 8, 3, 18]|[2, 1, 1, 2, 1, 0, 0, 2, 1, 0, 1, 0, 0, 0, 2, 0, 2, 0, 0, 0]|[0, 1, 1, 0, 1, 3, 3, 0, 1, 3, 0, 3, 3, 3, 0, 3, 0, 3, 3, 3]|[1, 1, 0, 0, 1, 0, 2, 1, 0, 0, 1, 0, 2, 0, 0, 0, 1, 2, 0, 0];[0, 19, 16, 10, 15, 11, 12, 18, 5, 3, 17, 2, 7, 14, 1, 13, 6, 4, 9, 8]|[0, 2, 1, 1, 2, 1, 0, 0, 2, 0, 1, 2, 1, 1, 0, 0, 0, 2, 0, 0]|[3, 0, 1, 1, 0, 0, 2, 0, 0, 0, 0, 0, 0, 1, 3, 3, 3, 0, 1, 3]|[1, 1, 1, 0, 0, 1, 0, 2, 1, 2, 1, 0, 1, 0, 0, 2, 0, 1, 2, 0];[0, 19, 16, 10, 15, 11, 12, 18, 5, 3, 17, 2, 9, 13, 1, 7, 14, 4, 6, 8]|[0, 2, 1, 1, 2, 1, 0, 0, 2, 0, 1, 2, 0, 1, 0, 0, 0, 2, 1, 0]|[3, 1, 1, 1, 0, 0, 2, 0, 0, 0, 0, 0, 0, 1, 3, 3, 3, 0, 0, 3]|[1, 1, 1, 0, 0, 1, 0, 2, 1, 2, 1, 0, 1, 1, 0, 2, 0, 1, 1, 0];[19, 16, 10, 15, 5, 12, 1, 11, 6, 7, 17, 2, 8, 13, 9, 14, 0, 4, 3, 18]|[2, 1, 1, 2, 2, 0, 1, 1, 2, 1, 1, 0, 0, 0, 0, 0, 0, 2, 1, 1]|[1, 1, 0, 0, 0, 3, 1, 0, 0, 1, 1, 0, 0, 3, 3, 3, 3, 0, 1, 1]|[0, 1, 0, 1, 1, 2, 1, 1, 0, 0, 1, 0, 0, 2, 1, 2, 0, 1, 1, 1];[19, 16, 10, 15, 5, 12, 1, 11, 6, 7, 17, 2, 8, 13, 9, 14, 0, 4, 3, 18]|[2, 1, 1, 2, 2, 0, 1, 1, 2, 1, 1, 0, 0, 0, 0, 0, 0, 2, 1, 1]|[1, 1, 0, 0, 0, 3, 1, 0, 0, 1, 1, 0, 0, 3, 3, 3, 3, 0, 1, 1]|[0, 1, 0, 1, 1, 2, 1, 1, 0, 0, 1, 0, 0, 2, 1, 2, 0, 1, 1, 1]
fc6diagRound 12	fe=344194	pool=300	target=100	rescued=0	sOriginal=[3, 12, 5, 8, 17, 11, 15, 10, 16, 19, 0, 2, 9, 6, 18, 1, 13, 4, 7, 14]|[0, 0, 2, 0, 0, 1, 2, 1, 1, 2, 0, 2, 0, 1, 0, 0, 0, 2, 0, 0]|[3, 0, 0, 0, 0, 1, 0, 1, 1, 0, 3, 0, 0, 1, 3, 3, 3, 0, 3, 3]|[0, 2, 1, 2, 2, 1, 0, 0, 1, 1, 1, 0, 1, 1, 0, 0, 2, 1, 1, 0];[3, 12, 5, 8, 17, 11, 15, 10, 16, 19, 0, 2, 9, 6, 18, 1, 13, 4, 7, 14]|[0, 0, 2, 0, 0, 1, 2, 1, 1, 2, 0, 2, 0, 1, 0, 0, 0, 2, 0, 0]|[3, 0, 0, 0, 0, 1, 0, 1, 1, 0, 3, 0, 0, 1, 3, 3, 3, 0, 3, 3]|[0, 2, 1, 2, 2, 1, 0, 0, 1, 1, 1, 0, 1, 1, 0, 0, 2, 1, 1, 0];[18, 5, 1, 12, 11, 15, 10, 16, 19, 7, 4, 14, 17, 13, 0, 9, 2, 8, 6, 3]|[0, 2, 0, 0, 1, 2, 1, 1, 2, 0, 2, 0, 1, 0, 0, 0, 2, 0, 0, 0]|[2, 0, 0, 3, 1, 0, 1, 1, 0, 3, 0, 0, 1, 3, 3, 0, 0, 3, 3, 3]|[2, 1, 2, 0, 1, 0, 0, 1, 1, 1, 0, 1, 1, 0, 2, 1, 1, 0, 2, 0];[18, 5, 1, 12, 11, 15, 10, 16, 19, 7, 4, 14, 17, 13, 0, 9, 2, 8, 6, 3]|[0, 2, 0, 0, 1, 2, 1, 1, 2, 0, 2, 0, 1, 0, 0, 0, 2, 0, 0, 0]|[2, 0, 0, 3, 1, 0, 1, 1, 0, 3, 0, 0, 1, 3, 3, 0, 0, 3, 3, 3]|[2, 1, 2, 0, 1, 0, 0, 1, 1, 1, 0, 1, 1, 0, 2, 1, 1, 0, 2, 0];[18, 1, 5, 12, 11, 15, 10, 16, 19, 0, 2, 9, 17, 7, 14, 13, 4, 6, 3, 8]|[0, 0, 2, 0, 1, 2, 1, 1, 2, 0, 2, 0, 1, 0, 0, 0, 2, 0, 0, 0]|[0, 0, 0, 2, 1, 0, 1, 1, 0, 3, 0, 0, 1, 0, 3, 3, 0, 3, 3, 3]|[2, 2, 1, 0, 1, 0, 0, 1, 1, 1, 0, 1, 0, 1, 0, 0, 1, 2, 1, 0];[18, 1, 5, 12, 11, 15, 10, 16, 19, 0, 2, 9, 17, 7, 14, 13, 4, 6, 3, 8]|[0, 0, 2, 0, 1, 2, 1, 1, 2, 0, 2, 0, 1, 0, 0, 0, 2, 0, 0, 0]|[0, 0, 0, 2, 1, 0, 1, 1, 0, 3, 0, 0, 1, 0, 3, 3, 0, 3, 3, 3]|[2, 2, 1, 0, 1, 0, 0, 1, 1, 1, 0, 1, 0, 1, 0, 0, 1, 2, 1, 0];[0, 19, 16, 10, 15, 11, 12, 18, 5, 3, 17, 2, 7, 9, 6, 14, 8, 4, 13, 1]|[0, 2, 1, 1, 2, 1, 0, 0, 2, 0, 1, 2, 1, 1, 0, 0, 0, 2, 1, 0]|[3, 0, 1, 1, 0, 1, 2, 0, 0, 0, 1, 0, 1, 1, 3, 3, 3, 0, 1, 3]|[1, 1, 1, 0, 0, 1, 0, 2, 1, 2, 1, 0, 1, 1, 0, 2, 0, 1, 1, 0];[12, 5, 8, 3, 11, 15, 10, 16, 19, 0, 17, 2, 9, 6, 1, 13, 14, 4, 7, 18]|[0, 2, 0, 0, 1, 2, 1, 1, 2, 0, 0, 2, 0, 1, 0, 0, 0, 2, 0, 0]|[0, 0, 0, 3, 1, 0, 1, 1, 0, 3, 0, 0, 0, 1, 3, 3, 3, 0, 3, 3]|[2, 1, 2, 0, 1, 0, 0, 1, 1, 1, 1, 0, 1, 1, 0, 2, 0, 1, 1, 0];[12, 5, 8, 3, 11, 15, 10, 16, 19, 0, 17, 2, 9, 6, 1, 13, 14, 4, 7, 18]|[0, 2, 0, 0, 1, 2, 1, 1, 2, 0, 0, 2, 0, 1, 0, 0, 0, 2, 0, 0]|[0, 0, 0, 3, 1, 0, 1, 1, 0, 3, 0, 0, 0, 1, 3, 3, 3, 0, 3, 3]|[2, 1, 2, 0, 1, 0, 0, 1, 1, 1, 1, 0, 1, 1, 0, 2, 0, 1, 1, 0];[0, 19, 16, 10, 15, 11, 12, 18, 5, 7, 17, 1, 9, 3, 6, 13, 8, 4, 2, 14]|[0, 2, 1, 1, 2, 1, 0, 0, 2, 0, 1, 2, 1, 1, 0, 0, 0, 2, 1, 0]|[3, 0, 1, 1, 0, 0, 2, 0, 0, 0, 1, 0, 1, 1, 3, 3, 3, 0, 1, 3]|[1, 1, 1, 0, 0, 1, 0, 2, 1, 2, 1, 0, 1, 1, 0, 2, 0, 1, 1, 2];[0, 19, 16, 10, 15, 11, 18, 1, 5, 12, 17, 2, 7, 13, 6, 3, 14, 4, 9, 8]|[0, 2, 1, 1, 2, 1, 0, 0, 2, 0, 1, 2, 1, 1, 0, 0, 0, 2, 1, 0]|[3, 0, 1, 1, 0, 1, 2, 0, 0, 0, 0, 0, 0, 1, 3, 3, 3, 0, 1, 3]|[1, 1, 1, 0, 0, 1, 0, 2, 1, 2, 1, 0, 1, 0, 0, 2, 0, 1, 1, 2];[0, 19, 16, 15, 12, 1, 5, 7, 6, 10, 14, 18, 2, 4, 9, 13, 11, 17, 3, 8]|[0, 2, 1, 2, 0, 0, 2, 0, 2, 1, 0, 0, 0, 2, 1, 1, 1, 1, 1, 0]|[3, 0, 1, 0, 2, 0, 0, 0, 0, 1, 3, 3, 3, 0, 1, 1, 1, 1, 1, 3]|[1, 1, 1, 0, 2, 0, 1, 2, 0, 1, 0, 2, 0, 1, 1, 1, 1, 1, 1, 2];[0, 19, 16, 10, 15, 11, 18, 8, 5, 12, 3, 6, 9, 17, 2, 1, 13, 4, 14, 7]|[0, 2, 1, 1, 2, 1, 0, 0, 2, 0, 1, 2, 1, 1, 0, 0, 0, 2, 1, 0]|[3, 0, 1, 1, 0, 1, 3, 0, 0, 0, 0, 0, 0, 1, 3, 3, 3, 0, 1, 3]|[1, 1, 1, 1, 0, 0, 0, 2, 1, 2, 1, 0, 1, 1, 0, 2, 0, 1, 1, 0];[0, 19, 16, 10, 15, 11, 12, 1, 5, 7, 17, 6, 9, 3, 13, 8, 14, 4, 2, 18]|[0, 2, 1, 1, 2, 1, 0, 0, 2, 0, 1, 2, 1, 1, 0, 0, 0, 2, 1, 0]|[3, 0, 1, 1, 0, 1, 2, 0, 0, 0, 0, 0, 0, 1, 3, 3, 3, 0, 1, 3]|[1, 1, 1, 0, 0, 1, 0, 2, 1, 2, 1, 0, 1, 0, 0, 2, 0, 1, 1, 0];[0, 19, 16, 10, 15, 11, 12, 1, 5, 7, 17, 6, 9, 3, 13, 8, 14, 2, 4, 18]|[0, 2, 1, 1, 2, 1, 0, 0, 2, 0, 1, 2, 0, 1, 0, 0, 0, 2, 1, 0]|[3, 0, 1, 1, 0, 1, 2, 0, 0, 0, 0, 0, 0, 1, 3, 3, 3, 0, 1, 3]|[1, 1, 1, 0, 0, 1, 0, 2, 1, 2, 1, 0, 1, 0, 0, 2, 0, 1, 1, 2];[0, 19, 6, 10, 15, 11, 18, 8, 4, 12, 17, 2, 1, 9, 14, 3, 13, 16, 5, 7]|[0, 2, 1, 1, 2, 1, 0, 0, 2, 0, 1, 2, 1, 1, 0, 0, 0, 2, 1, 0]|[3, 0, 1, 1, 0, 1, 2, 0, 0, 0, 1, 0, 0, 1, 3, 3, 3, 0, 1, 3]|[1, 1, 1, 0, 0, 1, 0, 2, 1, 2, 1, 0, 1, 0, 0, 2, 0, 1, 1, 0];[0, 19, 16, 10, 15, 11, 18, 1, 5, 12, 17, 2, 9, 13, 7, 6, 8, 4, 3, 14]|[0, 2, 1, 1, 2, 1, 0, 0, 2, 0, 1, 2, 1, 1, 0, 0, 0, 2, 1, 0]|[3, 0, 1, 1, 0, 1, 2, 0, 0, 0, 0, 0, 0, 1, 3, 3, 3, 0, 1, 3]|[1, 1, 1, 0, 0, 1, 0, 2, 1, 2, 1, 0, 1, 0, 0, 2, 0, 1, 1, 2];[0, 19, 16, 10, 15, 11, 18, 12, 5, 7, 17, 6, 8, 9, 2, 3, 13, 4, 14, 1]|[0, 2, 1, 1, 2, 1, 0, 0, 2, 0, 1, 2, 1, 1, 0, 0, 0, 2, 1, 0]|[3, 0, 1, 1, 0, 1, 2, 0, 0, 0, 1, 0, 0, 1, 3, 3, 3, 0, 1, 3]|[1, 1, 1, 0, 0, 1, 0, 2, 1, 2, 0, 0, 1, 1, 0, 2, 0, 1, 1, 2];[0, 19, 16, 10, 15, 11, 12, 1, 5, 7, 17, 13, 9, 3, 6, 18, 14, 4, 2, 8]|[0, 2, 1, 1, 2, 1, 0, 0, 2, 0, 1, 2, 1, 1, 0, 0, 0, 2, 1, 0]|[3, 0, 1, 1, 0, 1, 2, 0, 0, 0, 0, 0, 0, 1, 3, 3, 3, 0, 1, 3]|[1, 1, 1, 0, 0, 1, 0, 2, 1, 2, 1, 0, 1, 0, 0, 2, 0, 1, 1, 0];[0, 19, 16, 10, 15, 11, 12, 18, 5, 1, 17, 2, 9, 7, 6, 8, 13, 4, 14, 3]|[0, 2, 1, 1, 2, 1, 0, 0, 2, 0, 1, 2, 1, 1, 0, 0, 0, 2, 1, 0]|[3, 0, 1, 1, 0, 1, 2, 0, 0, 3, 1, 0, 1, 1, 3, 3, 3, 0, 1, 3]|[1, 1, 1, 0, 0, 1, 2, 0, 1, 2, 1, 1, 1, 1, 0, 2, 0, 1, 1, 0];[0, 19, 16, 10, 15, 11, 12, 18, 2, 1, 17, 5, 9, 13, 3, 6, 7, 4, 14, 8]|[0, 2, 1, 1, 2, 1, 0, 0, 2, 0, 1, 2, 1, 1, 0, 0, 0, 2, 1, 0]|[3, 0, 1, 1, 0, 1, 3, 3, 0, 3, 1, 0, 1, 1, 3, 3, 3, 0, 1, 3]|[0, 1, 1, 1, 0, 1, 0, 2, 1, 2, 1, 0, 1, 1, 0, 2, 0, 1, 1, 2];[0, 19, 16, 10, 15, 11, 12, 14, 5, 1, 17, 2, 9, 3, 8, 6, 18, 4, 13, 7]|[0, 2, 1, 1, 2, 1, 0, 0, 2, 0, 1, 2, 1, 1, 0, 0, 0, 2, 1, 0]|[3, 0, 1, 1, 0, 1, 3, 3, 0, 3, 1, 0, 1, 1, 3, 3, 3, 0, 1, 3]|[0, 1, 1, 1, 1, 1, 2, 0, 1, 2, 1, 0, 1, 1, 0, 2, 0, 1, 1, 0];[0, 19, 16, 10, 15, 11, 18, 8, 5, 12, 17, 6, 7, 9, 14, 2, 13, 4, 3, 1]|[0, 2, 1, 1, 2, 1, 0, 0, 2, 0, 1, 2, 1, 1, 0, 0, 0, 2, 1, 1]|[3, 0, 1, 1, 0, 1, 3, 0, 0, 0, 1, 0, 0, 1, 3, 3, 3, 0, 1, 1]|[1, 1, 1, 0, 0, 1, 0, 2, 1, 2, 1, 0, 1, 0, 0, 2, 0, 1, 1, 1];[0, 19, 16, 10, 15, 11, 12, 1, 5, 18, 7, 3, 9, 6, 8, 17, 2, 4, 14, 13]|[0, 2, 1, 1, 2, 1, 0, 0, 2, 0, 1, 2, 1, 1, 0, 0, 0, 2, 1, 0]|[3, 0, 1, 1, 0, 1, 2, 2, 0, 3, 1, 0, 1, 1, 3, 3, 3, 0, 1, 3]|[1, 1, 1, 0, 0, 1, 2, 0, 1, 2, 1, 0, 1, 1, 0, 2, 0, 1, 1, 2];[0, 19, 16, 10, 15, 11, 12, 1, 5, 7, 17, 2, 9, 6, 14, 4, 18, 3, 13, 8]|[0, 2, 1, 1, 2, 1, 0, 0, 2, 0, 1, 2, 1, 1, 0, 0, 0, 2, 1, 0]|[3, 0, 1, 1, 0, 1, 2, 0, 0, 0, 0, 0, 0, 1, 3, 3, 3, 0, 1, 3]|[1, 1, 1, 0, 0, 1, 0, 2, 1, 2, 1, 0, 1, 0, 0, 2, 0, 1, 1, 2];[18, 19, 16, 10, 15, 11, 12, 1, 5, 0, 7, 2, 9, 17, 3, 8, 4, 14, 13, 6]|[0, 2, 1, 1, 2, 1, 0, 0, 2, 0, 0, 2, 0, 1, 0, 0, 2, 0, 0, 0]|[0, 0, 1, 1, 0, 1, 2, 0, 0, 3, 0, 0, 0, 1, 0, 3, 0, 3, 3, 3]|[0, 1, 1, 0, 0, 1, 2, 2, 1, 1, 2, 0, 1, 1, 2, 0, 1, 0, 0, 2];[19, 16, 10, 15, 11, 12, 14, 4, 8, 3, 6, 1, 13, 9, 18, 17, 2, 5, 7, 0]|[2, 1, 1, 2, 1, 0, 0, 2, 0, 1, 2, 0, 1, 0, 0, 0, 2, 1, 0, 0]|[0, 1, 1, 0, 1, 3, 3, 0, 3, 1, 0, 3, 1, 3, 3, 3, 0, 1, 3, 3]|[1, 1, 0, 0, 1, 0, 2, 1, 0, 1, 0, 2, 1, 0, 2, 0, 1, 1, 2, 0];[19, 16, 10, 15, 11, 12, 14, 4, 8, 3, 6, 1, 13, 9, 18, 17, 2, 5, 7, 0]|[2, 1, 1, 2, 1, 0, 0, 2, 0, 1, 2, 0, 1, 0, 0, 0, 2, 1, 0, 0]|[0, 1, 1, 0, 1, 3, 3, 0, 3, 1, 0, 3, 1, 3, 3, 3, 0, 1, 3, 3]|[1, 1, 0, 0, 1, 0, 2, 1, 0, 1, 0, 2, 1, 0, 2, 0, 1, 1, 2, 0];[0, 19, 16, 10, 15, 11, 12, 8, 5, 18, 17, 2, 9, 3, 6, 1, 14, 4, 7, 13]|[0, 2, 1, 1, 2, 1, 0, 0, 2, 0, 1, 2, 1, 1, 0, 0, 0, 2, 1, 0]|[3, 0, 1, 1, 0, 1, 3, 2, 0, 3, 1, 0, 1, 1, 3, 3, 3, 0, 1, 3]|[0, 1, 1, 0, 0, 1, 0, 2, 1, 2, 1, 0, 1, 1, 0, 2, 0, 1, 1, 0];[0, 19, 16, 10, 15, 11, 12, 18, 5, 8, 17, 1, 9, 13, 3, 6, 7, 4, 2, 14]|[0, 2, 1, 1, 2, 1, 0, 0, 2, 0, 1, 2, 1, 1, 0, 0, 0, 2, 1, 0]|[3, 0, 1, 1, 0, 1, 3, 0, 0, 3, 1, 0, 1, 1, 3, 3, 3, 0, 1, 3]|[0, 1, 1, 1, 0, 1, 2, 0, 1, 2, 1, 0, 1, 1, 0, 2, 0, 1, 1, 0];[0, 19, 16, 15, 11, 8, 12, 18, 5, 3, 17, 2, 9, 10, 14, 1, 13, 4, 6, 7]|[0, 2, 1, 2, 1, 1, 0, 0, 2, 0, 1, 2, 1, 1, 0, 0, 0, 2, 1, 0]|[3, 0, 1, 0, 1, 1, 3, 3, 0, 3, 1, 0, 1, 1, 3, 3, 3, 0, 1, 3]|[2, 1, 1, 0, 1, 1, 0, 0, 1, 2, 1, 0, 1, 1, 0, 2, 0, 1, 1, 0];[0, 19, 16, 15, 11, 8, 12, 18, 5, 3, 17, 2, 9, 10, 14, 1, 13, 4, 6, 7]|[0, 2, 1, 2, 1, 1, 0, 0, 2, 0, 1, 2, 1, 1, 0, 0, 0, 2, 1, 0]|[3, 0, 1, 0, 1, 1, 3, 3, 0, 3, 1, 0, 1, 1, 3, 3, 3, 0, 1, 3]|[2, 1, 1, 0, 1, 1, 0, 0, 1, 2, 1, 0, 1, 1, 0, 2, 0, 1, 1, 0];[0, 19, 16, 10, 15, 11, 12, 1, 5, 7, 17, 6, 9, 3, 13, 18, 14, 2, 4, 8]|[0, 2, 1, 1, 2, 1, 0, 0, 2, 0, 1, 2, 0, 1, 0, 0, 0, 2, 1, 0]|[3, 0, 1, 1, 0, 1, 2, 0, 0, 0, 0, 0, 0, 1, 3, 3, 3, 0, 0, 3]|[1, 1, 1, 0, 0, 1, 0, 2, 1, 2, 1, 0, 1, 0, 0, 2, 0, 1, 1, 2];[0, 19, 16, 10, 15, 11, 12, 18, 5, 3, 17, 2, 9, 7, 14, 1, 6, 4, 13, 8]|[0, 2, 1, 1, 2, 1, 0, 0, 2, 0, 1, 2, 1, 1, 0, 0, 0, 2, 1, 0]|[3, 0, 1, 1, 0, 1, 3, 0, 0, 3, 1, 0, 1, 1, 3, 3, 3, 0, 1, 3]|[0, 1, 1, 1, 0, 1, 2, 0, 1, 2, 1, 0, 1, 1, 0, 2, 0, 1, 1, 0];[0, 19, 16, 10, 15, 11, 18, 8, 5, 12, 3, 6, 9, 7, 14, 13, 1, 4, 2, 17]|[0, 2, 1, 1, 2, 1, 0, 0, 2, 0, 1, 2, 1, 1, 0, 0, 0, 2, 1, 0]|[3, 0, 1, 1, 0, 1, 3, 2, 0, 3, 1, 0, 1, 1, 3, 3, 3, 0, 1, 3]|[1, 1, 1, 0, 0, 1, 0, 2, 1, 2, 1, 0, 1, 1, 0, 2, 0, 1, 1, 2];[0, 19, 16, 10, 15, 11, 12, 1, 5, 7, 17, 6, 9, 3, 13, 2, 18, 4, 14, 8]|[0, 2, 1, 1, 2, 1, 0, 0, 2, 0, 1, 2, 1, 1, 0, 0, 0, 2, 0, 0]|[3, 0, 1, 1, 0, 1, 2, 0, 0, 0, 1, 0, 0, 1, 3, 3, 3, 0, 2, 3]|[1, 1, 1, 0, 0, 1, 0, 2, 1, 2, 1, 0, 1, 0, 0, 2, 0, 1, 1, 2];[0, 19, 16, 10, 15, 11, 12, 18, 5, 6, 17, 8, 9, 13, 3, 1, 7, 4, 14, 2]|[0, 2, 1, 1, 2, 1, 0, 0, 2, 0, 1, 2, 1, 1, 0, 0, 0, 2, 1, 0]|[3, 0, 1, 1, 0, 0, 2, 0, 0, 3, 1, 0, 1, 1, 3, 3, 3, 0, 1, 3]|[0, 1, 1, 0, 0, 1, 0, 2, 1, 2, 1, 0, 1, 1, 0, 2, 0, 1, 1, 2];[19, 16, 10, 15, 11, 12, 5, 8, 9, 17, 6, 7, 1, 0, 14, 13, 18, 2, 4, 3]|[2, 1, 1, 2, 1, 0, 2, 0, 0, 1, 2, 1, 1, 0, 0, 0, 0, 2, 1, 0]|[0, 1, 1, 0, 1, 3, 0, 3, 3, 1, 0, 1, 1, 3, 3, 3, 3, 0, 1, 3]|[1, 1, 1, 0, 1, 2, 1, 0, 2, 1, 0, 1, 1, 0, 2, 0, 2, 1, 1, 0];[19, 16, 10, 15, 11, 12, 5, 8, 9, 17, 6, 7, 1, 0, 14, 13, 18, 2, 4, 3]|[2, 1, 1, 2, 1, 0, 2, 0, 0, 1, 2, 1, 1, 0, 0, 0, 0, 2, 1, 0]|[0, 1, 1, 0, 1, 3, 0, 3, 3, 1, 0, 1, 1, 3, 3, 3, 3, 0, 1, 3]|[1, 1, 1, 0, 1, 2, 1, 0, 2, 1, 0, 1, 1, 0, 2, 0, 2, 1, 1, 0];[0, 19, 16, 10, 15, 11, 12, 1, 5, 7, 17, 6, 9, 3, 2, 8, 13, 4, 14, 18]|[0, 2, 1, 1, 2, 1, 0, 0, 2, 0, 1, 2, 1, 1, 0, 0, 0, 2, 1, 0]|[3, 0, 1, 1, 0, 1, 3, 0, 0, 0, 1, 0, 0, 1, 3, 3, 3, 0, 1, 3]|[1, 1, 1, 1, 0, 1, 0, 2, 1, 2, 1, 0, 1, 0, 0, 2, 0, 1, 1, 0];[0, 19, 16, 10, 15, 11, 12, 1, 5, 14, 3, 6, 9, 13, 2, 8, 17, 4, 7, 18]|[0, 2, 1, 1, 2, 1, 0, 0, 2, 0, 1, 2, 1, 1, 0, 0, 0, 2, 1, 0]|[3, 0, 1, 1, 0, 1, 2, 0, 0, 0, 1, 0, 1, 1, 3, 3, 3, 0, 0, 3]|[1, 1, 1, 0, 0, 1, 0, 2, 1, 2, 1, 0, 1, 1, 0, 2, 0, 1, 1, 2];[0, 19, 16, 10, 15, 11, 12, 1, 5, 14, 17, 2, 9, 13, 8, 3, 7, 4, 6, 18]|[0, 2, 1, 1, 2, 1, 0, 0, 2, 0, 1, 2, 1, 1, 0, 0, 0, 2, 1, 0]|[3, 0, 1, 1, 0, 1, 2, 0, 0, 0, 1, 0, 1, 1, 3, 3, 3, 0, 1, 3]|[1, 1, 1, 0, 0, 1, 0, 2, 1, 2, 1, 0, 1, 1, 0, 2, 0, 1, 1, 0];[2, 19, 16, 10, 15, 11, 8, 5, 0, 17, 6, 7, 9, 12, 14, 18, 4, 3, 13, 1]|[0, 2, 1, 1, 2, 1, 0, 2, 0, 1, 2, 1, 1, 0, 0, 0, 2, 1, 0, 0]|[3, 0, 1, 1, 0, 1, 3, 0, 3, 1, 0, 1, 1, 3, 3, 3, 0, 1, 3, 3]|[0, 1, 1, 0, 0, 1, 2, 1, 0, 1, 0, 1, 0, 2, 0, 2, 1, 1, 0, 0];[2, 19, 16, 10, 15, 11, 8, 5, 0, 17, 6, 7, 9, 12, 14, 18, 4, 3, 13, 1]|[0, 2, 1, 1, 2, 1, 0, 2, 0, 1, 2, 1, 1, 0, 0, 0, 2, 1, 0, 0]|[3, 0, 1, 1, 0, 1, 3, 0, 3, 1, 0, 1, 1, 3, 3, 3, 0, 1, 3, 3]|[0, 1, 1, 0, 0, 1, 2, 1, 0, 1, 0, 1, 0, 2, 0, 2, 1, 1, 0, 0];[19, 16, 10, 15, 11, 18, 4, 12, 17, 2, 7, 13, 6, 0, 1, 3, 14, 5, 9, 8]|[2, 1, 1, 2, 1, 0, 2, 0, 1, 2, 1, 1, 0, 0, 0, 0, 0, 2, 1, 0]|[1, 1, 1, 0, 1, 2, 0, 0, 0, 0, 0, 1, 3, 3, 0, 3, 3, 0, 1, 3]|[1, 1, 0, 0, 1, 1, 1, 2, 1, 0, 1, 0, 0, 0, 2, 2, 0, 1, 1, 2];[19, 16, 10, 15, 11, 18, 4, 12, 17, 2, 7, 13, 6, 0, 1, 3, 14, 5, 9, 8]|[2, 1, 1, 2, 1, 0, 2, 0, 1, 2, 1, 1, 0, 0, 0, 0, 0, 2, 1, 0]|[1, 1, 1, 0, 1, 2, 0, 0, 0, 0, 0, 1, 3, 3, 0, 3, 3, 0, 1, 3]|[1, 1, 0, 0, 1, 1, 1, 2, 1, 0, 1, 0, 0, 0, 2, 2, 0, 1, 1, 2];[0, 19, 16, 10, 15, 11, 12, 3, 5, 18, 6, 17, 7, 1, 2, 14, 13, 4, 9, 8]|[0, 2, 1, 1, 2, 1, 0, 0, 2, 0, 1, 2, 1, 1, 0, 0, 0, 2, 1, 0]|[3, 0, 1, 1, 0, 0, 2, 0, 0, 3, 1, 0, 1, 1, 3, 3, 3, 0, 1, 3]|[1, 1, 1, 0, 0, 1, 0, 2, 1, 2, 1, 0, 1, 1, 0, 2, 0, 1, 1, 2];[8, 19, 16, 10, 15, 11, 12, 0, 5, 1, 3, 6, 9, 13, 2, 14, 18, 4, 17, 7]|[0, 2, 1, 1, 2, 1, 0, 0, 2, 0, 1, 2, 1, 1, 0, 0, 0, 2, 1, 0]|[3, 0, 1, 1, 0, 1, 3, 3, 0, 3, 1, 0, 1, 1, 3, 3, 3, 0, 1, 3]|[0, 1, 1, 1, 0, 1, 2, 0, 1, 2, 1, 0, 1, 1, 0, 2, 0, 1, 1, 0];[8, 19, 16, 10, 15, 11, 12, 0, 5, 1, 3, 6, 9, 13, 2, 14, 18, 4, 17, 7]|[0, 2, 1, 1, 2, 1, 0, 0, 2, 0, 1, 2, 1, 1, 0, 0, 0, 2, 1, 0]|[3, 0, 1, 1, 0, 1, 3, 3, 0, 3, 1, 0, 1, 1, 3, 3, 3, 0, 1, 3]|[0, 1, 1, 1, 0, 1, 2, 0, 1, 2, 1, 0, 1, 1, 0, 2, 0, 1, 1, 0];[0, 19, 16, 10, 15, 11, 1, 18, 5, 7, 17, 6, 9, 3, 4, 12, 13, 14, 2, 8]|[0, 2, 1, 1, 2, 1, 0, 0, 2, 0, 1, 2, 1, 1, 0, 0, 0, 2, 1, 0]|[3, 0, 1, 1, 0, 1, 2, 0, 0, 0, 1, 0, 1, 1, 3, 3, 3, 0, 0, 3]|[1, 1, 1, 0, 0, 1, 0, 2, 1, 2, 1, 0, 1, 0, 0, 2, 0, 1, 1, 2];[0, 19, 16, 10, 15, 11, 18, 8, 5, 12, 17, 2, 7, 9, 1, 14, 6, 4, 13, 3]|[0, 2, 1, 1, 2, 1, 0, 0, 2, 0, 1, 2, 1, 1, 0, 0, 0, 2, 1, 0]|[3, 0, 1, 1, 0, 1, 3, 0, 0, 0, 1, 0, 0, 1, 3, 3, 3, 0, 1, 3]|[1, 1, 1, 0, 0, 1, 0, 2, 1, 2, 1, 0, 1, 0, 0, 2, 0, 1, 1, 0];[0, 19, 16, 10, 15, 11, 12, 18, 5, 7, 17, 4, 9, 3, 8, 14, 6, 2, 13, 1]|[0, 2, 1, 1, 2, 1, 0, 0, 2, 0, 1, 2, 1, 1, 0, 0, 0, 2, 1, 0]|[3, 0, 1, 1, 0, 1, 3, 0, 0, 3, 1, 0, 0, 1, 3, 3, 3, 0, 1, 3]|[1, 1, 1, 0, 0, 1, 0, 2, 1, 2, 1, 0, 1, 0, 0, 2, 0, 1, 1, 2];[0, 19, 16, 10, 15, 11, 18, 12, 5, 1, 17, 6, 9, 7, 14, 13, 3, 4, 2, 8]|[0, 2, 1, 1, 2, 1, 0, 0, 2, 0, 1, 2, 1, 1, 0, 0, 0, 2, 1, 0]|[3, 0, 1, 1, 0, 1, 3, 3, 0, 3, 1, 0, 1, 1, 3, 3, 3, 0, 1, 3]|[1, 1, 1, 0, 0, 1, 0, 2, 1, 2, 1, 0, 1, 1, 0, 2, 0, 1, 1, 2];[0, 19, 16, 10, 15, 11, 18, 1, 5, 12, 17, 6, 9, 7, 2, 14, 13, 4, 3, 8]|[0, 2, 1, 1, 2, 1, 0, 0, 2, 0, 1, 2, 1, 1, 0, 0, 0, 2, 1, 0]|[3, 0, 1, 1, 0, 1, 3, 0, 0, 0, 1, 0, 0, 1, 3, 3, 3, 0, 1, 3]|[1, 1, 1, 0, 0, 1, 0, 2, 1, 2, 1, 0, 1, 0, 0, 2, 2, 1, 1, 0];[0, 19, 16, 10, 15, 11, 12, 18, 5, 14, 3, 1, 9, 17, 2, 8, 13, 4, 6, 7]|[0, 2, 1, 1, 2, 1, 0, 0, 2, 0, 1, 2, 1, 1, 0, 0, 0, 2, 1, 0]|[3, 0, 1, 1, 0, 1, 2, 0, 0, 0, 1, 0, 1, 1, 3, 3, 3, 0, 1, 3]|[1, 1, 1, 1, 0, 1, 0, 2, 1, 2, 1, 0, 1, 1, 0, 2, 0, 1, 1, 0];[0, 19, 16, 10, 15, 11, 12, 18, 5, 14, 3, 6, 9, 13, 2, 8, 1, 17, 4, 7]|[0, 2, 1, 1, 2, 1, 0, 0, 2, 0, 1, 2, 1, 1, 0, 0, 0, 1, 2, 0]|[3, 0, 1, 1, 0, 1, 3, 3, 0, 3, 1, 0, 1, 1, 3, 3, 3, 1, 0, 3]|[0, 1, 1, 1, 0, 1, 2, 0, 1, 2, 1, 0, 1, 1, 0, 2, 0, 1, 1, 0];[0, 19, 16, 10, 15, 11, 12, 18, 5, 14, 3, 6, 9, 13, 2, 8, 1, 17, 4, 7]|[0, 2, 1, 1, 2, 1, 0, 0, 2, 0, 1, 2, 1, 1, 0, 0, 0, 1, 2, 0]|[3, 0, 1, 1, 0, 1, 3, 3, 0, 3, 1, 0, 1, 1, 3, 3, 3, 1, 0, 3]|[0, 1, 1, 1, 0, 1, 2, 0, 1, 2, 1, 0, 1, 1, 0, 2, 0, 1, 1, 0];[0, 19, 16, 10, 15, 11, 18, 8, 5, 12, 2, 6, 7, 17, 9, 1, 3, 4, 13, 14]|[0, 2, 1, 1, 2, 1, 0, 0, 2, 0, 1, 2, 1, 1, 0, 0, 0, 2, 1, 0]|[3, 0, 1, 1, 0, 1, 3, 2, 0, 0, 1, 0, 0, 1, 3, 3, 3, 0, 1, 3]|[1, 1, 1, 1, 0, 1, 0, 2, 1, 2, 1, 0, 1, 1, 0, 2, 0, 1, 1, 2];[0, 19, 16, 10, 15, 11, 12, 18, 5, 8, 2, 17, 9, 1, 3, 14, 13, 4, 6, 7]|[0, 2, 1, 1, 2, 1, 0, 0, 2, 0, 0, 1, 1, 2, 1, 0, 0, 2, 1, 0]|[3, 0, 1, 1, 0, 1, 3, 3, 0, 3, 3, 1, 1, 0, 1, 3, 3, 0, 1, 3]|[0, 1, 1, 1, 0, 1, 2, 0, 1, 2, 0, 1, 1, 0, 1, 2, 0, 1, 1, 0];[0, 19, 16, 10, 15, 11, 12, 18, 5, 8, 2, 17, 9, 1, 3, 14, 13, 4, 6, 7]|[0, 2, 1, 1, 2, 1, 0, 0, 2, 0, 0, 1, 1, 2, 1, 0, 0, 2, 1, 0]|[3, 0, 1, 1, 0, 1, 3, 3, 0, 3, 3, 1, 1, 0, 1, 3, 3, 0, 1, 3]|[0, 1, 1, 1, 0, 1, 2, 0, 1, 2, 0, 1, 1, 0, 1, 2, 0, 1, 1, 0];[0, 19, 5, 15, 16, 18, 12, 4, 8, 10, 6, 7, 17, 11, 14, 13, 3, 9, 2, 1]|[0, 2, 1, 2, 1, 0, 0, 2, 0, 1, 2, 1, 1, 1, 0, 0, 0, 2, 1, 0]|[0, 0, 1, 0, 1, 3, 3, 0, 3, 1, 0, 1, 1, 1, 3, 3, 3, 0, 1, 3]|[2, 1, 1, 0, 1, 0, 0, 1, 2, 1, 0, 1, 1, 1, 0, 2, 0, 1, 1, 2];[19, 16, 10, 15, 11, 6, 14, 8, 5, 17, 2, 7, 9, 3, 12, 18, 1, 13, 4, 0]|[2, 1, 1, 2, 1, 0, 0, 0, 2, 1, 2, 1, 1, 0, 0, 0, 0, 1, 2, 0]|[0, 1, 1, 0, 1, 3, 3, 3, 0, 0, 0, 0, 1, 3, 3, 3, 3, 1, 0, 3]|[1, 1, 0, 0, 1, 0, 2, 0, 1, 1, 0, 1, 0, 2, 0, 0, 2, 1, 1, 0];[0, 19, 16, 10, 15, 11, 12, 1, 5, 7, 17, 6, 9, 3, 13, 2, 14, 4, 18, 8]|[0, 2, 1, 1, 2, 1, 0, 0, 2, 0, 1, 2, 1, 1, 0, 0, 0, 2, 0, 0]|[3, 0, 1, 1, 0, 1, 2, 0, 0, 0, 0, 0, 0, 1, 3, 3, 3, 0, 0, 3]|[1, 1, 1, 0, 0, 1, 0, 2, 1, 2, 1, 0, 1, 0, 0, 2, 0, 1, 1, 0];[19, 5, 11, 6, 17, 12, 16, 1, 9, 15, 10, 2, 0, 3, 18, 14, 4, 13, 7, 8]|[2, 1, 1, 2, 1, 0, 2, 0, 1, 2, 1, 0, 0, 0, 0, 0, 2, 1, 1, 0]|[1, 1, 1, 0, 1, 3, 0, 0, 1, 0, 1, 3, 0, 3, 2, 3, 0, 1, 1, 3]|[1, 1, 1, 0, 1, 0, 1, 2, 1, 0, 1, 0, 0, 2, 1, 2, 1, 1, 1, 0];[0, 19, 16, 10, 15, 11, 12, 18, 5, 14, 7, 2, 13, 4, 8, 1, 3, 6, 17, 9]|[0, 2, 1, 1, 2, 1, 0, 0, 2, 0, 0, 2, 1, 1, 0, 0, 0, 2, 1, 0]|[3, 0, 1, 1, 0, 0, 2, 0, 0, 0, 0, 0, 0, 1, 3, 3, 3, 0, 1, 3]|[1, 1, 1, 1, 0, 1, 0, 2, 1, 2, 1, 0, 1, 0, 0, 2, 2, 1, 1, 0];[0, 19, 16, 10, 15, 11, 12, 18, 5, 14, 7, 2, 13, 4, 8, 1, 3, 6, 17, 9]|[0, 2, 1, 1, 2, 1, 0, 0, 2, 0, 0, 2, 1, 1, 0, 0, 0, 2, 1, 0]|[3, 0, 1, 1, 0, 0, 2, 0, 0, 0, 0, 0, 0, 1, 3, 3, 3, 0, 1, 3]|[1, 1, 1, 1, 0, 1, 0, 2, 1, 2, 1, 0, 1, 0, 0, 2, 2, 1, 1, 0];[0, 19, 16, 10, 15, 11, 12, 18, 5, 14, 7, 2, 13, 4, 8, 1, 3, 6, 17, 9]|[0, 2, 1, 1, 2, 1, 0, 0, 2, 0, 0, 2, 1, 1, 0, 0, 0, 2, 1, 0]|[3, 0, 1, 1, 0, 0, 2, 0, 0, 0, 0, 0, 0, 1, 3, 3, 3, 0, 1, 3]|[1, 1, 1, 1, 0, 1, 0, 2, 1, 2, 1, 0, 1, 0, 0, 2, 2, 1, 1, 0];[19, 5, 11, 6, 17, 12, 16, 1, 9, 15, 10, 2, 0, 3, 18, 14, 4, 13, 7, 8]|[2, 1, 1, 2, 1, 0, 2, 0, 1, 2, 1, 0, 0, 0, 0, 0, 2, 1, 1, 0]|[1, 1, 1, 0, 1, 3, 0, 0, 1, 0, 1, 3, 0, 3, 2, 3, 0, 1, 1, 3]|[1, 1, 1, 0, 1, 0, 1, 2, 1, 0, 1, 0, 0, 2, 1, 2, 1, 1, 1, 0];[0, 19, 16, 14, 15, 11, 12, 18, 5, 10, 7, 9, 2, 3, 13, 6, 8, 4, 17, 1]|[0, 2, 1, 1, 2, 1, 0, 0, 2, 1, 1, 1, 2, 1, 0, 0, 0, 2, 1, 0]|[3, 0, 1, 1, 0, 1, 3, 3, 0, 1, 1, 1, 0, 1, 3, 3, 3, 0, 1, 3]|[0, 1, 1, 1, 0, 1, 0, 2, 1, 1, 1, 1, 0, 1, 0, 2, 0, 1, 1, 0];[0, 19, 16, 14, 15, 11, 12, 18, 5, 10, 7, 9, 2, 3, 13, 6, 8, 4, 17, 1]|[0, 2, 1, 1, 2, 1, 0, 0, 2, 1, 1, 1, 2, 1, 0, 0, 0, 2, 1, 0]|[3, 0, 1, 1, 0, 1, 3, 3, 0, 1, 1, 1, 0, 1, 3, 3, 3, 0, 1, 3]|[0, 1, 1, 1, 0, 1, 0, 2, 1, 1, 1, 1, 0, 1, 0, 2, 0, 1, 1, 0];[0, 19, 16, 10, 15, 11, 12, 18, 5, 14, 7, 2, 13, 4, 8, 1, 3, 6, 17, 9]|[0, 2, 1, 1, 2, 1, 0, 0, 2, 0, 0, 2, 1, 1, 0, 0, 0, 2, 1, 0]|[3, 0, 1, 1, 0, 0, 2, 0, 0, 0, 0, 0, 0, 1, 3, 3, 3, 0, 1, 3]|[1, 1, 1, 1, 0, 1, 0, 2, 1, 2, 1, 0, 1, 0, 0, 2, 2, 1, 1, 0];[0, 19, 16, 10, 15, 11, 12, 18, 5, 14, 7, 2, 13, 4, 8, 1, 3, 6, 17, 9]|[0, 2, 1, 1, 2, 1, 0, 0, 2, 0, 0, 2, 1, 1, 0, 0, 0, 2, 1, 0]|[3, 0, 1, 1, 0, 0, 2, 0, 0, 0, 0, 0, 0, 1, 3, 3, 3, 0, 1, 3]|[1, 1, 1, 1, 0, 1, 0, 2, 1, 2, 1, 0, 1, 0, 0, 2, 2, 1, 1, 0];[0, 19, 16, 10, 15, 11, 12, 18, 5, 14, 7, 2, 13, 4, 8, 1, 3, 6, 17, 9]|[0, 2, 1, 1, 2, 1, 0, 0, 2, 0, 0, 2, 1, 1, 0, 0, 0, 2, 1, 0]|[3, 0, 1, 1, 0, 0, 2, 0, 0, 0, 0, 0, 0, 1, 3, 3, 3, 0, 1, 3]|[1, 1, 1, 1, 0, 1, 0, 2, 1, 2, 1, 0, 1, 0, 0, 2, 2, 1, 1, 0];[12, 19, 16, 15, 8, 10, 18, 5, 0, 17, 2, 7, 1, 4, 3, 6, 14, 9, 11, 13]|[0, 2, 1, 2, 1, 1, 0, 2, 0, 1, 2, 1, 1, 2, 0, 0, 0, 1, 1, 0]|[0, 0, 1, 0, 1, 1, 3, 0, 3, 1, 0, 1, 1, 0, 3, 3, 3, 1, 1, 3]|[0, 1, 1, 0, 1, 1, 2, 1, 0, 1, 0, 1, 1, 1, 0, 2, 0, 1, 1, 0];[19, 16, 10, 15, 11, 12, 5, 18, 3, 6, 1, 13, 0, 9, 14, 8, 17, 4, 2, 7]|[2, 1, 1, 2, 1, 0, 2, 0, 1, 2, 1, 1, 0, 0, 0, 0, 0, 2, 1, 0]|[0, 1, 1, 0, 1, 3, 0, 3, 1, 0, 1, 1, 3, 3, 3, 3, 3, 0, 1, 3]|[1, 1, 0, 0, 1, 0, 1, 2, 1, 0, 1, 1, 0, 0, 2, 0, 2, 1, 1, 0];[19, 16, 10, 15, 11, 12, 5, 18, 3, 6, 1, 13, 0, 9, 14, 8, 17, 4, 2, 7]|[2, 1, 1, 2, 1, 0, 2, 0, 1, 2, 1, 1, 0, 0, 0, 0, 0, 2, 1, 0]|[0, 1, 1, 0, 1, 3, 0, 3, 1, 0, 1, 1, 3, 3, 3, 3, 3, 0, 1, 3]|[1, 1, 0, 0, 1, 0, 1, 2, 1, 0, 1, 1, 0, 0, 2, 0, 2, 1, 1, 0];[0, 19, 16, 10, 15, 11, 12, 1, 5, 18, 17, 6, 9, 3, 13, 2, 7, 4, 14, 8]|[0, 2, 1, 1, 2, 1, 0, 0, 2, 0, 1, 2, 1, 1, 0, 0, 0, 2, 0, 0]|[3, 0, 1, 1, 0, 1, 2, 0, 0, 0, 0, 0, 0, 1, 3, 3, 3, 0, 2, 3]|[1, 1, 1, 0, 0, 1, 0, 2, 1, 2, 1, 0, 1, 0, 0, 2, 0, 1, 1, 2];[0, 19, 5, 10, 6, 11, 12, 1, 16, 7, 17, 15, 18, 13, 2, 8, 3, 4, 14, 9]|[0, 2, 1, 0, 2, 1, 0, 0, 2, 0, 1, 2, 1, 1, 0, 0, 0, 2, 1, 0]|[3, 0, 1, 1, 0, 1, 3, 0, 0, 3, 1, 0, 0, 1, 3, 3, 3, 0, 1, 3]|[1, 1, 1, 0, 0, 1, 0, 2, 1, 2, 1, 0, 1, 0, 0, 2, 0, 1, 1, 0];[0, 19, 16, 10, 15, 11, 18, 8, 6, 12, 17, 2, 9, 7, 5, 14, 13, 4, 3, 1]|[0, 2, 1, 1, 2, 1, 0, 0, 2, 0, 1, 2, 1, 1, 0, 0, 0, 2, 1, 0]|[3, 0, 1, 1, 0, 1, 3, 0, 0, 3, 0, 0, 0, 1, 3, 3, 3, 0, 1, 3]|[1, 1, 1, 0, 0, 1, 0, 2, 1, 2, 1, 0, 1, 0, 0, 2, 0, 1, 1, 0];[11, 19, 16, 10, 15, 0, 12, 8, 5, 3, 17, 9, 6, 2, 4, 14, 18, 7, 13, 1]|[0, 2, 1, 1, 2, 1, 0, 0, 2, 1, 2, 1, 1, 1, 2, 0, 0, 0, 0, 0]|[3, 0, 1, 1, 0, 1, 3, 3, 0, 1, 0, 1, 1, 1, 0, 3, 3, 3, 3, 3]|[0, 1, 1, 1, 0, 1, 2, 0, 1, 1, 0, 1, 1, 1, 1, 2, 0, 2, 0, 0];[11, 19, 16, 10, 15, 0, 12, 8, 5, 3, 17, 9, 6, 2, 4, 14, 18, 7, 13, 1]|[0, 2, 1, 1, 2, 1, 0, 0, 2, 1, 2, 1, 1, 1, 2, 0, 0, 0, 0, 0]|[3, 0, 1, 1, 0, 1, 3, 3, 0, 1, 0, 1, 1, 1, 0, 3, 3, 3, 3, 3]|[0, 1, 1, 1, 0, 1, 2, 0, 1, 1, 0, 1, 1, 1, 1, 2, 0, 2, 0, 0];[19, 16, 10, 15, 13, 17, 5, 14, 3, 6, 9, 11, 2, 0, 1, 4, 7, 18, 12, 8]|[2, 1, 1, 2, 1, 0, 2, 0, 1, 2, 1, 1, 0, 0, 0, 2, 1, 0, 0, 0]|[1, 1, 1, 0, 1, 3, 0, 0, 1, 0, 1, 1, 3, 3, 0, 0, 0, 3, 2, 3]|[1, 1, 1, 0, 1, 0, 1, 2, 1, 0, 1, 1, 0, 0, 2, 1, 1, 2, 1, 2];[0, 19, 16, 2, 4, 1, 6, 13, 15, 12, 18, 5, 14, 10, 17, 9, 7, 3, 11, 8]|[0, 2, 1, 2, 2, 0, 0, 0, 2, 2, 0, 2, 0, 1, 1, 1, 1, 1, 1, 0]|[0, 0, 1, 0, 0, 3, 3, 3, 0, 1, 3, 0, 2, 1, 1, 1, 1, 1, 1, 3]|[2, 1, 1, 0, 1, 0, 0, 2, 0, 0, 0, 1, 0, 1, 1, 1, 1, 1, 1, 2];[0, 19, 16, 10, 15, 11, 12, 1, 5, 7, 17, 6, 18, 9, 13, 3, 14, 4, 2, 8]|[0, 2, 1, 1, 2, 1, 0, 0, 2, 0, 1, 2, 1, 1, 0, 0, 0, 2, 0, 0]|[3, 0, 1, 1, 0, 1, 2, 0, 0, 0, 0, 0, 0, 1, 3, 3, 3, 0, 0, 3]|[1, 1, 1, 0, 0, 1, 0, 2, 1, 2, 1, 0, 1, 0, 0, 2, 0, 1, 1, 2];[5, 16, 10, 15, 11, 14, 18, 9, 7, 1, 4, 3, 0, 12, 13, 2, 6, 17, 19, 8]|[2, 1, 1, 2, 1, 0, 0, 0, 0, 0, 2, 0, 0, 0, 1, 1, 2, 1, 2, 0]|[0, 1, 1, 0, 1, 3, 3, 3, 3, 3, 0, 3, 3, 3, 1, 1, 0, 0, 0, 3]|[1, 1, 0, 0, 1, 0, 2, 0, 0, 0, 1, 2, 0, 2, 1, 0, 0, 1, 1, 0];[19, 16, 10, 15, 5, 17, 6, 7, 9, 2, 8, 12, 1, 3, 11, 13, 4, 14, 18, 0]|[2, 1, 1, 2, 2, 1, 2, 1, 1, 0, 0, 0, 0, 0, 1, 1, 2, 0, 0, 0]|[0, 1, 1, 0, 0, 0, 0, 0, 1, 3, 3, 3, 3, 3, 1, 1, 0, 3, 3, 3]|[1, 1, 0, 0, 1, 1, 0, 1, 0, 0, 2, 0, 0, 2, 1, 1, 1, 0, 2, 0];[0, 4, 16, 10, 15, 11, 7, 12, 17, 6, 13, 14, 3, 19, 2, 5, 18, 1, 9, 8]|[0, 2, 1, 1, 2, 1, 0, 0, 1, 1, 1, 0, 1, 2, 2, 2, 0, 0, 0, 0]|[2, 1, 1, 1, 0, 0, 3, 0, 0, 0, 1, 3, 1, 0, 0, 0, 3, 0, 3, 3]|[1, 0, 1, 0, 1, 1, 0, 2, 1, 1, 0, 0, 1, 1, 0, 1, 0, 2, 2, 0];[0, 4, 16, 10, 15, 11, 7, 12, 17, 6, 13, 14, 3, 19, 2, 5, 18, 1, 9, 8]|[0, 2, 1, 1, 2, 1, 0, 0, 1, 1, 1, 0, 1, 2, 2, 2, 0, 0, 0, 0]|[2, 1, 1, 1, 0, 0, 3, 0, 0, 0, 1, 3, 1, 0, 0, 0, 3, 0, 3, 3]|[1, 0, 1, 0, 1, 1, 0, 2, 1, 1, 0, 0, 1, 1, 0, 1, 0, 2, 2, 0];[14, 7, 13, 18, 19, 16, 10, 15, 11, 5, 3, 9, 6, 17, 8, 2, 4, 12, 0, 1]|[0, 0, 0, 0, 2, 1, 1, 2, 1, 2, 1, 0, 2, 1, 0, 2, 1, 0, 0, 0]|[3, 3, 3, 3, 0, 1, 1, 0, 1, 0, 1, 3, 0, 0, 3, 0, 1, 3, 3, 3]|[0, 2, 0, 0, 1, 1, 0, 0, 1, 1, 0, 2, 0, 1, 0, 1, 1, 2, 0, 0];[19, 16, 9, 15, 11, 12, 2, 5, 8, 3, 6, 10, 13, 0, 7, 18, 4, 17, 14, 1]|[2, 1, 1, 2, 1, 0, 0, 2, 0, 1, 2, 1, 1, 0, 0, 0, 2, 1, 0, 0]|[0, 1, 1, 0, 1, 3, 3, 0, 3, 1, 0, 1, 1, 3, 3, 3, 0, 1, 3, 3]|[1, 1, 1, 0, 1, 2, 0, 1, 2, 1, 0, 1, 1, 0, 2, 0, 1, 1, 2, 0];[7, 4, 1, 12, 11, 15, 10, 16, 19, 14, 17, 6, 0, 8, 13, 3, 9, 5, 2, 18]|[0, 2, 0, 0, 1, 2, 1, 1, 2, 0, 1, 2, 0, 0, 0, 1, 0, 2, 1, 0]|[0, 1, 0, 2, 1, 0, 1, 0, 0, 3, 0, 0, 3, 3, 3, 1, 0, 0, 1, 3]|[2, 1, 2, 1, 1, 0, 0, 1, 1, 0, 1, 0, 0, 2, 0, 0, 1, 1, 1, 0];[19, 10, 15, 18, 2, 5, 7, 17, 12, 8, 16, 3, 6, 9, 1, 14, 4, 13, 11, 0]|[2, 1, 2, 0, 0, 2, 0, 1, 1, 2, 1, 1, 0, 0, 0, 0, 2, 1, 1, 0]|[1, 1, 0, 2, 3, 0, 0, 1, 1, 0, 1, 1, 3, 3, 0, 3, 0, 0, 1, 3]|[1, 1, 0, 1, 0, 1, 2, 1, 1, 0, 1, 0, 0, 0, 2, 2, 1, 1, 1, 0];[19, 10, 15, 18, 2, 5, 7, 17, 12, 8, 16, 3, 6, 9, 1, 14, 4, 13, 11, 0]|[2, 1, 2, 0, 0, 2, 0, 1, 1, 2, 1, 1, 0, 0, 0, 0, 2, 1, 1, 0]|[1, 1, 0, 2, 3, 0, 0, 1, 1, 0, 1, 1, 3, 3, 0, 3, 0, 0, 1, 3]|[1, 1, 0, 1, 0, 1, 2, 1, 1, 0, 1, 0, 0, 0, 2, 2, 1, 1, 1, 0];[0, 19, 16, 10, 15, 11, 12, 1, 5, 18, 7, 2, 9, 17, 14, 8, 6, 3, 4, 13]|[0, 2, 1, 1, 2, 1, 0, 0, 2, 0, 0, 2, 0, 1, 0, 0, 0, 2, 1, 0]|[3, 0, 1, 1, 0, 1, 2, 0, 0, 0, 0, 0, 0, 1, 3, 3, 3, 0, 1, 3]|[1, 1, 1, 0, 0, 1, 0, 2, 1, 2, 1, 0, 1, 0, 0, 2, 0, 1, 1, 2];[0, 19, 16, 10, 15, 11, 12, 1, 5, 18, 7, 2, 9, 17, 14, 8, 6, 3, 4, 13]|[0, 2, 1, 1, 2, 1, 0, 0, 2, 0, 0, 2, 0, 1, 0, 0, 0, 2, 1, 0]|[3, 0, 1, 1, 0, 1, 2, 0, 0, 0, 0, 0, 0, 1, 3, 3, 3, 0, 1, 3]|[1, 1, 1, 0, 0, 1, 0, 2, 1, 2, 1, 0, 1, 0, 0, 2, 0, 1, 1, 2];[0, 19, 16, 10, 15, 11, 18, 1, 5, 12, 17, 6, 9, 3, 13, 14, 2, 4, 7, 8]|[0, 2, 1, 1, 2, 1, 0, 0, 2, 0, 1, 2, 1, 1, 0, 0, 0, 2, 0, 0]|[3, 0, 1, 1, 0, 1, 2, 0, 0, 0, 0, 0, 0, 1, 3, 3, 3, 0, 0, 3]|[1, 1, 1, 0, 0, 1, 0, 2, 1, 2, 1, 0, 1, 0, 0, 2, 0, 1, 1, 1];[0, 19, 6, 10, 14, 11, 12, 1, 5, 18, 9, 2, 17, 16, 8, 3, 15, 4, 13, 7]|[0, 2, 1, 1, 2, 1, 0, 0, 2, 0, 1, 2, 1, 1, 0, 0, 0, 2, 1, 0]|[3, 0, 1, 1, 1, 1, 2, 0, 0, 0, 0, 0, 0, 1, 3, 3, 3, 0, 0, 3]|[1, 1, 1, 1, 0, 1, 0, 2, 1, 2, 1, 0, 1, 0, 0, 2, 0, 1, 1, 0];[0, 19, 6, 10, 14, 11, 12, 1, 5, 18, 9, 2, 17, 16, 8, 3, 15, 4, 13, 7]|[0, 2, 1, 1, 2, 1, 0, 0, 2, 0, 1, 2, 1, 1, 0, 0, 0, 2, 1, 0]|[3, 0, 1, 1, 1, 1, 2, 0, 0, 0, 0, 0, 0, 1, 3, 3, 3, 0, 0, 3]|[1, 1, 1, 1, 0, 1, 0, 2, 1, 2, 1, 0, 1, 0, 0, 2, 0, 1, 1, 0];[6, 19, 5, 10, 15, 9, 11, 16, 17, 2, 12, 1, 7, 13, 4, 3, 8, 14, 18, 0]|[0, 2, 1, 1, 2, 1, 1, 2, 1, 2, 1, 1, 0, 0, 2, 0, 0, 0, 0, 0]|[3, 1, 1, 1, 0, 1, 1, 0, 1, 0, 1, 1, 1, 3, 0, 3, 0, 3, 2, 3]|[0, 1, 1, 1, 0, 1, 1, 1, 1, 0, 1, 1, 1, 0, 1, 2, 2, 0, 1, 0];[6, 19, 5, 10, 15, 9, 11, 16, 17, 2, 12, 1, 7, 13, 4, 3, 8, 14, 18, 0]|[0, 2, 1, 1, 2, 1, 1, 2, 1, 2, 1, 1, 0, 0, 2, 0, 0, 0, 0, 0]|[3, 1, 1, 1, 0, 1, 1, 0, 1, 0, 1, 1, 1, 3, 0, 3, 0, 3, 2, 3]|[0, 1, 1, 1, 0, 1, 1, 1, 1, 0, 1, 1, 1, 0, 1, 2, 2, 0, 1, 0]	sBp=[3, 12, 5, 8, 17, 11, 15, 10, 16, 19, 0, 2, 9, 6, 18, 1, 13, 4, 7, 14]|[0, 0, 2, 0, 0, 1, 2, 1, 1, 2, 0, 2, 0, 1, 0, 0, 0, 2, 0, 0]|[3, 0, 0, 0, 0, 1, 0, 1, 1, 0, 3, 0, 0, 1, 3, 3, 3, 0, 3, 3]|[0, 2, 1, 2, 2, 1, 0, 0, 1, 1, 1, 0, 1, 1, 0, 0, 2, 1, 1, 0];[3, 12, 5, 8, 17, 11, 15, 10, 16, 19, 0, 2, 9, 6, 18, 1, 13, 4, 7, 14]|[0, 0, 2, 0, 0, 1, 2, 1, 1, 2, 0, 2, 0, 1, 0, 0, 0, 2, 0, 0]|[3, 0, 0, 0, 0, 1, 0, 1, 1, 0, 3, 0, 0, 1, 3, 3, 3, 0, 3, 3]|[0, 2, 1, 2, 2, 1, 0, 0, 1, 1, 1, 0, 1, 1, 0, 0, 2, 1, 1, 0];[18, 5, 1, 12, 11, 15, 10, 16, 19, 7, 4, 14, 17, 13, 0, 9, 2, 8, 6, 3]|[0, 2, 0, 0, 1, 2, 1, 1, 2, 0, 2, 0, 1, 0, 0, 0, 2, 0, 0, 0]|[2, 0, 0, 3, 1, 0, 1, 1, 0, 3, 0, 0, 1, 3, 3, 0, 0, 3, 3, 3]|[2, 1, 2, 0, 1, 0, 0, 1, 1, 1, 0, 1, 1, 0, 2, 1, 1, 0, 2, 0];[18, 5, 1, 12, 11, 15, 10, 16, 19, 7, 4, 14, 17, 13, 0, 9, 2, 8, 6, 3]|[0, 2, 0, 0, 1, 2, 1, 1, 2, 0, 2, 0, 1, 0, 0, 0, 2, 0, 0, 0]|[2, 0, 0, 3, 1, 0, 1, 1, 0, 3, 0, 0, 1, 3, 3, 0, 0, 3, 3, 3]|[2, 1, 2, 0, 1, 0, 0, 1, 1, 1, 0, 1, 1, 0, 2, 1, 1, 0, 2, 0];[18, 1, 5, 12, 11, 15, 10, 16, 19, 0, 2, 9, 17, 7, 14, 13, 4, 6, 3, 8]|[0, 0, 2, 0, 1, 2, 1, 1, 2, 0, 2, 0, 1, 0, 0, 0, 2, 0, 0, 0]|[0, 0, 0, 2, 1, 0, 1, 1, 0, 3, 0, 0, 1, 0, 3, 3, 0, 3, 3, 3]|[2, 2, 1, 0, 1, 0, 0, 1, 1, 1, 0, 1, 0, 1, 0, 0, 1, 2, 1, 0];[18, 1, 5, 12, 11, 15, 10, 16, 19, 0, 2, 9, 17, 7, 14, 13, 4, 6, 3, 8]|[0, 0, 2, 0, 1, 2, 1, 1, 2, 0, 2, 0, 1, 0, 0, 0, 2, 0, 0, 0]|[0, 0, 0, 2, 1, 0, 1, 1, 0, 3, 0, 0, 1, 0, 3, 3, 0, 3, 3, 3]|[2, 2, 1, 0, 1, 0, 0, 1, 1, 1, 0, 1, 0, 1, 0, 0, 1, 2, 1, 0];[0, 19, 16, 10, 15, 11, 12, 18, 5, 3, 17, 2, 7, 9, 6, 14, 8, 4, 13, 1]|[0, 2, 1, 1, 2, 1, 0, 0, 2, 0, 1, 2, 1, 1, 0, 0, 0, 2, 1, 0]|[3, 0, 1, 1, 0, 1, 2, 0, 0, 0, 1, 0, 1, 1, 3, 3, 3, 0, 1, 3]|[1, 1, 1, 0, 0, 1, 0, 2, 1, 2, 1, 0, 1, 1, 0, 2, 0, 1, 1, 0];[12, 5, 8, 3, 11, 15, 10, 16, 19, 0, 17, 2, 9, 6, 1, 13, 14, 4, 7, 18]|[0, 2, 0, 0, 1, 2, 1, 1, 2, 0, 0, 2, 0, 1, 0, 0, 0, 2, 0, 0]|[0, 0, 0, 3, 1, 0, 1, 1, 0, 3, 0, 0, 0, 1, 3, 3, 3, 0, 3, 3]|[2, 1, 2, 0, 1, 0, 0, 1, 1, 1, 1, 0, 1, 1, 0, 2, 0, 1, 1, 0];[12, 5, 8, 3, 11, 15, 10, 16, 19, 0, 17, 2, 9, 6, 1, 13, 14, 4, 7, 18]|[0, 2, 0, 0, 1, 2, 1, 1, 2, 0, 0, 2, 0, 1, 0, 0, 0, 2, 0, 0]|[0, 0, 0, 3, 1, 0, 1, 1, 0, 3, 0, 0, 0, 1, 3, 3, 3, 0, 3, 3]|[2, 1, 2, 0, 1, 0, 0, 1, 1, 1, 1, 0, 1, 1, 0, 2, 0, 1, 1, 0];[0, 19, 16, 10, 15, 11, 12, 18, 5, 7, 17, 1, 9, 3, 6, 13, 8, 4, 2, 14]|[0, 2, 1, 1, 2, 1, 0, 0, 2, 0, 1, 2, 1, 1, 0, 0, 0, 2, 1, 0]|[3, 0, 1, 1, 0, 0, 2, 0, 0, 0, 1, 0, 1, 1, 3, 3, 3, 0, 1, 3]|[1, 1, 1, 0, 0, 1, 0, 2, 1, 2, 1, 0, 1, 1, 0, 2, 0, 1, 1, 2];[0, 19, 16, 10, 15, 11, 18, 1, 5, 12, 17, 2, 7, 13, 6, 3, 14, 4, 9, 8]|[0, 2, 1, 1, 2, 1, 0, 0, 2, 0, 1, 2, 1, 1, 0, 0, 0, 2, 1, 0]|[3, 0, 1, 1, 0, 1, 2, 0, 0, 0, 0, 0, 0, 1, 3, 3, 3, 0, 1, 3]|[1, 1, 1, 0, 0, 1, 0, 2, 1, 2, 1, 0, 1, 0, 0, 2, 0, 1, 1, 2];[0, 19, 16, 15, 12, 1, 5, 7, 6, 10, 14, 18, 2, 4, 9, 13, 11, 17, 3, 8]|[0, 2, 1, 2, 0, 0, 2, 0, 2, 1, 0, 0, 0, 2, 1, 1, 1, 1, 1, 0]|[3, 0, 1, 0, 2, 0, 0, 0, 0, 1, 3, 3, 3, 0, 1, 1, 1, 1, 1, 3]|[1, 1, 1, 0, 2, 0, 1, 2, 0, 1, 0, 2, 0, 1, 1, 1, 1, 1, 1, 2];[0, 19, 16, 10, 15, 11, 18, 8, 5, 12, 3, 6, 9, 17, 2, 1, 13, 4, 14, 7]|[0, 2, 1, 1, 2, 1, 0, 0, 2, 0, 1, 2, 1, 1, 0, 0, 0, 2, 1, 0]|[3, 0, 1, 1, 0, 1, 3, 0, 0, 0, 0, 0, 0, 1, 3, 3, 3, 0, 1, 3]|[1, 1, 1, 1, 0, 0, 0, 2, 1, 2, 1, 0, 1, 1, 0, 2, 0, 1, 1, 0];[0, 19, 16, 10, 15, 11, 12, 1, 5, 7, 17, 6, 9, 3, 13, 8, 14, 4, 2, 18]|[0, 2, 1, 1, 2, 1, 0, 0, 2, 0, 1, 2, 1, 1, 0, 0, 0, 2, 1, 0]|[3, 0, 1, 1, 0, 1, 2, 0, 0, 0, 0, 0, 0, 1, 3, 3, 3, 0, 1, 3]|[1, 1, 1, 0, 0, 1, 0, 2, 1, 2, 1, 0, 1, 0, 0, 2, 0, 1, 1, 0];[0, 19, 16, 10, 15, 11, 12, 1, 5, 7, 17, 6, 9, 3, 13, 8, 14, 2, 4, 18]|[0, 2, 1, 1, 2, 1, 0, 0, 2, 0, 1, 2, 0, 1, 0, 0, 0, 2, 1, 0]|[3, 0, 1, 1, 0, 1, 2, 0, 0, 0, 0, 0, 0, 1, 3, 3, 3, 0, 1, 3]|[1, 1, 1, 0, 0, 1, 0, 2, 1, 2, 1, 0, 1, 0, 0, 2, 0, 1, 1, 2];[0, 19, 6, 10, 15, 11, 18, 8, 4, 12, 17, 2, 1, 9, 14, 3, 13, 16, 5, 7]|[0, 2, 1, 1, 2, 1, 0, 0, 2, 0, 1, 2, 1, 1, 0, 0, 0, 2, 1, 0]|[3, 0, 1, 1, 0, 1, 2, 0, 0, 0, 1, 0, 0, 1, 3, 3, 3, 0, 1, 3]|[1, 1, 1, 0, 0, 1, 0, 2, 1, 2, 1, 0, 1, 0, 0, 2, 0, 1, 1, 0];[0, 19, 16, 10, 15, 11, 18, 1, 5, 12, 17, 2, 9, 13, 7, 6, 8, 4, 3, 14]|[0, 2, 1, 1, 2, 1, 0, 0, 2, 0, 1, 2, 1, 1, 0, 0, 0, 2, 1, 0]|[3, 0, 1, 1, 0, 1, 2, 0, 0, 0, 0, 0, 0, 1, 3, 3, 3, 0, 1, 3]|[1, 1, 1, 0, 0, 1, 0, 2, 1, 2, 1, 0, 1, 0, 0, 2, 0, 1, 1, 2];[0, 19, 16, 10, 15, 11, 18, 12, 5, 7, 17, 6, 8, 9, 2, 3, 13, 4, 14, 1]|[0, 2, 1, 1, 2, 1, 0, 0, 2, 0, 1, 2, 1, 1, 0, 0, 0, 2, 1, 0]|[3, 0, 1, 1, 0, 1, 2, 0, 0, 0, 1, 0, 0, 1, 3, 3, 3, 0, 1, 3]|[1, 1, 1, 0, 0, 1, 0, 2, 1, 2, 0, 0, 1, 1, 0, 2, 0, 1, 1, 2];[0, 19, 16, 10, 15, 11, 12, 1, 5, 7, 17, 13, 9, 3, 6, 18, 14, 4, 2, 8]|[0, 2, 1, 1, 2, 1, 0, 0, 2, 0, 1, 2, 1, 1, 0, 0, 0, 2, 1, 0]|[3, 0, 1, 1, 0, 1, 2, 0, 0, 0, 0, 0, 0, 1, 3, 3, 3, 0, 1, 3]|[1, 1, 1, 0, 0, 1, 0, 2, 1, 2, 1, 0, 1, 0, 0, 2, 0, 1, 1, 0];[0, 19, 16, 10, 15, 11, 12, 18, 5, 1, 17, 2, 9, 7, 6, 8, 13, 4, 14, 3]|[0, 2, 1, 1, 2, 1, 0, 0, 2, 0, 1, 2, 1, 1, 0, 0, 0, 2, 1, 0]|[3, 0, 1, 1, 0, 1, 2, 0, 0, 3, 1, 0, 1, 1, 3, 3, 3, 0, 1, 3]|[1, 1, 1, 0, 0, 1, 2, 0, 1, 2, 1, 1, 1, 1, 0, 2, 0, 1, 1, 0];[0, 19, 16, 10, 15, 11, 12, 18, 2, 1, 17, 5, 9, 13, 3, 6, 7, 4, 14, 8]|[0, 2, 1, 1, 2, 1, 0, 0, 2, 0, 1, 2, 1, 1, 0, 0, 0, 2, 1, 0]|[3, 0, 1, 1, 0, 1, 3, 3, 0, 3, 1, 0, 1, 1, 3, 3, 3, 0, 1, 3]|[0, 1, 1, 1, 0, 1, 0, 2, 1, 2, 1, 0, 1, 1, 0, 2, 0, 1, 1, 2];[0, 19, 16, 10, 15, 11, 12, 14, 5, 1, 17, 2, 9, 3, 8, 6, 18, 4, 13, 7]|[0, 2, 1, 1, 2, 1, 0, 0, 2, 0, 1, 2, 1, 1, 0, 0, 0, 2, 1, 0]|[3, 0, 1, 1, 0, 1, 3, 3, 0, 3, 1, 0, 1, 1, 3, 3, 3, 0, 1, 3]|[0, 1, 1, 1, 1, 1, 2, 0, 1, 2, 1, 0, 1, 1, 0, 2, 0, 1, 1, 0];[0, 19, 16, 10, 15, 11, 18, 8, 5, 12, 17, 6, 7, 9, 14, 2, 13, 4, 3, 1]|[0, 2, 1, 1, 2, 1, 0, 0, 2, 0, 1, 2, 1, 1, 0, 0, 0, 2, 1, 1]|[3, 0, 1, 1, 0, 1, 3, 0, 0, 0, 1, 0, 0, 1, 3, 3, 3, 0, 1, 1]|[1, 1, 1, 0, 0, 1, 0, 2, 1, 2, 1, 0, 1, 0, 0, 2, 0, 1, 1, 1];[0, 19, 16, 10, 15, 11, 12, 1, 5, 18, 7, 3, 9, 6, 8, 17, 2, 4, 14, 13]|[0, 2, 1, 1, 2, 1, 0, 0, 2, 0, 1, 2, 1, 1, 0, 0, 0, 2, 1, 0]|[3, 0, 1, 1, 0, 1, 2, 2, 0, 3, 1, 0, 1, 1, 3, 3, 3, 0, 1, 3]|[1, 1, 1, 0, 0, 1, 2, 0, 1, 2, 1, 0, 1, 1, 0, 2, 0, 1, 1, 2];[0, 19, 16, 10, 15, 11, 12, 1, 5, 7, 17, 2, 9, 6, 14, 4, 18, 3, 13, 8]|[0, 2, 1, 1, 2, 1, 0, 0, 2, 0, 1, 2, 1, 1, 0, 0, 0, 2, 1, 0]|[3, 0, 1, 1, 0, 1, 2, 0, 0, 0, 0, 0, 0, 1, 3, 3, 3, 0, 1, 3]|[1, 1, 1, 0, 0, 1, 0, 2, 1, 2, 1, 0, 1, 0, 0, 2, 0, 1, 1, 2];[18, 19, 16, 10, 15, 11, 12, 1, 5, 0, 7, 2, 9, 17, 3, 8, 4, 14, 13, 6]|[0, 2, 1, 1, 2, 1, 0, 0, 2, 0, 0, 2, 0, 1, 0, 0, 2, 0, 0, 0]|[0, 0, 1, 1, 0, 1, 2, 0, 0, 3, 0, 0, 0, 1, 0, 3, 0, 3, 3, 3]|[0, 1, 1, 0, 0, 1, 2, 2, 1, 1, 2, 0, 1, 1, 2, 0, 1, 0, 0, 2];[19, 16, 10, 15, 11, 12, 14, 4, 8, 3, 6, 1, 13, 9, 18, 17, 2, 5, 7, 0]|[2, 1, 1, 2, 1, 0, 0, 2, 0, 1, 2, 0, 1, 0, 0, 0, 2, 1, 0, 0]|[0, 1, 1, 0, 1, 3, 3, 0, 3, 1, 0, 3, 1, 3, 3, 3, 0, 1, 3, 3]|[1, 1, 0, 0, 1, 0, 2, 1, 0, 1, 0, 2, 1, 0, 2, 0, 1, 1, 2, 0];[19, 16, 10, 15, 11, 12, 14, 4, 8, 3, 6, 1, 13, 9, 18, 17, 2, 5, 7, 0]|[2, 1, 1, 2, 1, 0, 0, 2, 0, 1, 2, 0, 1, 0, 0, 0, 2, 1, 0, 0]|[0, 1, 1, 0, 1, 3, 3, 0, 3, 1, 0, 3, 1, 3, 3, 3, 0, 1, 3, 3]|[1, 1, 0, 0, 1, 0, 2, 1, 0, 1, 0, 2, 1, 0, 2, 0, 1, 1, 2, 0];[0, 19, 16, 10, 15, 11, 12, 8, 5, 18, 17, 2, 9, 3, 6, 1, 14, 4, 7, 13]|[0, 2, 1, 1, 2, 1, 0, 0, 2, 0, 1, 2, 1, 1, 0, 0, 0, 2, 1, 0]|[3, 0, 1, 1, 0, 1, 3, 2, 0, 3, 1, 0, 1, 1, 3, 3, 3, 0, 1, 3]|[0, 1, 1, 0, 0, 1, 0, 2, 1, 2, 1, 0, 1, 1, 0, 2, 0, 1, 1, 0];[0, 19, 16, 10, 15, 11, 12, 18, 5, 8, 17, 1, 9, 13, 3, 6, 7, 4, 2, 14]|[0, 2, 1, 1, 2, 1, 0, 0, 2, 0, 1, 2, 1, 1, 0, 0, 0, 2, 1, 0]|[3, 0, 1, 1, 0, 1, 3, 0, 0, 3, 1, 0, 1, 1, 3, 3, 3, 0, 1, 3]|[0, 1, 1, 1, 0, 1, 2, 0, 1, 2, 1, 0, 1, 1, 0, 2, 0, 1, 1, 0];[0, 19, 16, 15, 11, 8, 12, 18, 5, 3, 17, 2, 9, 10, 14, 1, 13, 4, 6, 7]|[0, 2, 1, 2, 1, 1, 0, 0, 2, 0, 1, 2, 1, 1, 0, 0, 0, 2, 1, 0]|[3, 0, 1, 0, 1, 1, 3, 3, 0, 3, 1, 0, 1, 1, 3, 3, 3, 0, 1, 3]|[2, 1, 1, 0, 1, 1, 0, 0, 1, 2, 1, 0, 1, 1, 0, 2, 0, 1, 1, 0];[0, 19, 16, 15, 11, 8, 12, 18, 5, 3, 17, 2, 9, 10, 14, 1, 13, 4, 6, 7]|[0, 2, 1, 2, 1, 1, 0, 0, 2, 0, 1, 2, 1, 1, 0, 0, 0, 2, 1, 0]|[3, 0, 1, 0, 1, 1, 3, 3, 0, 3, 1, 0, 1, 1, 3, 3, 3, 0, 1, 3]|[2, 1, 1, 0, 1, 1, 0, 0, 1, 2, 1, 0, 1, 1, 0, 2, 0, 1, 1, 0];[0, 19, 16, 10, 15, 11, 12, 1, 5, 7, 17, 6, 9, 3, 13, 18, 14, 2, 4, 8]|[0, 2, 1, 1, 2, 1, 0, 0, 2, 0, 1, 2, 0, 1, 0, 0, 0, 2, 1, 0]|[3, 0, 1, 1, 0, 1, 2, 0, 0, 0, 0, 0, 0, 1, 3, 3, 3, 0, 0, 3]|[1, 1, 1, 0, 0, 1, 0, 2, 1, 2, 1, 0, 1, 0, 0, 2, 0, 1, 1, 2];[0, 19, 16, 10, 15, 11, 12, 18, 5, 3, 17, 2, 9, 7, 14, 1, 6, 4, 13, 8]|[0, 2, 1, 1, 2, 1, 0, 0, 2, 0, 1, 2, 1, 1, 0, 0, 0, 2, 1, 0]|[3, 0, 1, 1, 0, 1, 3, 0, 0, 3, 1, 0, 1, 1, 3, 3, 3, 0, 1, 3]|[0, 1, 1, 1, 0, 1, 2, 0, 1, 2, 1, 0, 1, 1, 0, 2, 0, 1, 1, 0];[0, 19, 16, 10, 15, 11, 18, 8, 5, 12, 3, 6, 9, 7, 14, 13, 1, 4, 2, 17]|[0, 2, 1, 1, 2, 1, 0, 0, 2, 0, 1, 2, 1, 1, 0, 0, 0, 2, 1, 0]|[3, 0, 1, 1, 0, 1, 3, 2, 0, 3, 1, 0, 1, 1, 3, 3, 3, 0, 1, 3]|[1, 1, 1, 0, 0, 1, 0, 2, 1, 2, 1, 0, 1, 1, 0, 2, 0, 1, 1, 2];[0, 19, 16, 10, 15, 11, 12, 1, 5, 7, 17, 6, 9, 3, 13, 2, 18, 4, 14, 8]|[0, 2, 1, 1, 2, 1, 0, 0, 2, 0, 1, 2, 1, 1, 0, 0, 0, 2, 0, 0]|[3, 0, 1, 1, 0, 1, 2, 0, 0, 0, 1, 0, 0, 1, 3, 3, 3, 0, 2, 3]|[1, 1, 1, 0, 0, 1, 0, 2, 1, 2, 1, 0, 1, 0, 0, 2, 0, 1, 1, 2];[0, 19, 16, 10, 15, 11, 12, 18, 5, 6, 17, 8, 9, 13, 3, 1, 7, 4, 14, 2]|[0, 2, 1, 1, 2, 1, 0, 0, 2, 0, 1, 2, 1, 1, 0, 0, 0, 2, 1, 0]|[3, 0, 1, 1, 0, 0, 2, 0, 0, 3, 1, 0, 1, 1, 3, 3, 3, 0, 1, 3]|[0, 1, 1, 0, 0, 1, 0, 2, 1, 2, 1, 0, 1, 1, 0, 2, 0, 1, 1, 2];[19, 16, 10, 15, 11, 12, 5, 8, 9, 17, 6, 7, 1, 0, 14, 13, 18, 2, 4, 3]|[2, 1, 1, 2, 1, 0, 2, 0, 0, 1, 2, 1, 1, 0, 0, 0, 0, 2, 1, 0]|[0, 1, 1, 0, 1, 3, 0, 3, 3, 1, 0, 1, 1, 3, 3, 3, 3, 0, 1, 3]|[1, 1, 1, 0, 1, 2, 1, 0, 2, 1, 0, 1, 1, 0, 2, 0, 2, 1, 1, 0];[19, 16, 10, 15, 11, 12, 5, 8, 9, 17, 6, 7, 1, 0, 14, 13, 18, 2, 4, 3]|[2, 1, 1, 2, 1, 0, 2, 0, 0, 1, 2, 1, 1, 0, 0, 0, 0, 2, 1, 0]|[0, 1, 1, 0, 1, 3, 0, 3, 3, 1, 0, 1, 1, 3, 3, 3, 3, 0, 1, 3]|[1, 1, 1, 0, 1, 2, 1, 0, 2, 1, 0, 1, 1, 0, 2, 0, 2, 1, 1, 0];[0, 19, 16, 10, 15, 11, 12, 1, 5, 7, 17, 6, 9, 3, 2, 8, 13, 4, 14, 18]|[0, 2, 1, 1, 2, 1, 0, 0, 2, 0, 1, 2, 1, 1, 0, 0, 0, 2, 1, 0]|[3, 0, 1, 1, 0, 1, 3, 0, 0, 0, 1, 0, 0, 1, 3, 3, 3, 0, 1, 3]|[1, 1, 1, 1, 0, 1, 0, 2, 1, 2, 1, 0, 1, 0, 0, 2, 0, 1, 1, 0];[0, 19, 16, 10, 15, 11, 12, 1, 5, 14, 3, 6, 9, 13, 2, 8, 17, 4, 7, 18]|[0, 2, 1, 1, 2, 1, 0, 0, 2, 0, 1, 2, 1, 1, 0, 0, 0, 2, 1, 0]|[3, 0, 1, 1, 0, 1, 2, 0, 0, 0, 1, 0, 1, 1, 3, 3, 3, 0, 0, 3]|[1, 1, 1, 0, 0, 1, 0, 2, 1, 2, 1, 0, 1, 1, 0, 2, 0, 1, 1, 2];[0, 19, 16, 10, 15, 11, 12, 1, 5, 14, 17, 2, 9, 13, 8, 3, 7, 4, 6, 18]|[0, 2, 1, 1, 2, 1, 0, 0, 2, 0, 1, 2, 1, 1, 0, 0, 0, 2, 1, 0]|[3, 0, 1, 1, 0, 1, 2, 0, 0, 0, 1, 0, 1, 1, 3, 3, 3, 0, 1, 3]|[1, 1, 1, 0, 0, 1, 0, 2, 1, 2, 1, 0, 1, 1, 0, 2, 0, 1, 1, 0];[2, 19, 16, 10, 15, 11, 8, 5, 0, 17, 6, 7, 9, 12, 14, 18, 4, 3, 13, 1]|[0, 2, 1, 1, 2, 1, 0, 2, 0, 1, 2, 1, 1, 0, 0, 0, 2, 1, 0, 0]|[3, 0, 1, 1, 0, 1, 3, 0, 3, 1, 0, 1, 1, 3, 3, 3, 0, 1, 3, 3]|[0, 1, 1, 0, 0, 1, 2, 1, 0, 1, 0, 1, 0, 2, 0, 2, 1, 1, 0, 0];[2, 19, 16, 10, 15, 11, 8, 5, 0, 17, 6, 7, 9, 12, 14, 18, 4, 3, 13, 1]|[0, 2, 1, 1, 2, 1, 0, 2, 0, 1, 2, 1, 1, 0, 0, 0, 2, 1, 0, 0]|[3, 0, 1, 1, 0, 1, 3, 0, 3, 1, 0, 1, 1, 3, 3, 3, 0, 1, 3, 3]|[0, 1, 1, 0, 0, 1, 2, 1, 0, 1, 0, 1, 0, 2, 0, 2, 1, 1, 0, 0];[19, 16, 10, 15, 11, 18, 4, 12, 17, 2, 7, 13, 6, 0, 1, 3, 14, 5, 9, 8]|[2, 1, 1, 2, 1, 0, 2, 0, 1, 2, 1, 1, 0, 0, 0, 0, 0, 2, 1, 0]|[1, 1, 1, 0, 1, 2, 0, 0, 0, 0, 0, 1, 3, 3, 0, 3, 3, 0, 1, 3]|[1, 1, 0, 0, 1, 1, 1, 2, 1, 0, 1, 0, 0, 0, 2, 2, 0, 1, 1, 2];[19, 16, 10, 15, 11, 18, 4, 12, 17, 2, 7, 13, 6, 0, 1, 3, 14, 5, 9, 8]|[2, 1, 1, 2, 1, 0, 2, 0, 1, 2, 1, 1, 0, 0, 0, 0, 0, 2, 1, 0]|[1, 1, 1, 0, 1, 2, 0, 0, 0, 0, 0, 1, 3, 3, 0, 3, 3, 0, 1, 3]|[1, 1, 0, 0, 1, 1, 1, 2, 1, 0, 1, 0, 0, 0, 2, 2, 0, 1, 1, 2];[0, 19, 16, 10, 15, 11, 12, 3, 5, 18, 6, 17, 7, 1, 2, 14, 13, 4, 9, 8]|[0, 2, 1, 1, 2, 1, 0, 0, 2, 0, 1, 2, 1, 1, 0, 0, 0, 2, 1, 0]|[3, 0, 1, 1, 0, 0, 2, 0, 0, 3, 1, 0, 1, 1, 3, 3, 3, 0, 1, 3]|[1, 1, 1, 0, 0, 1, 0, 2, 1, 2, 1, 0, 1, 1, 0, 2, 0, 1, 1, 2];[8, 19, 16, 10, 15, 11, 12, 0, 5, 1, 3, 6, 9, 13, 2, 14, 18, 4, 17, 7]|[0, 2, 1, 1, 2, 1, 0, 0, 2, 0, 1, 2, 1, 1, 0, 0, 0, 2, 1, 0]|[3, 0, 1, 1, 0, 1, 3, 3, 0, 3, 1, 0, 1, 1, 3, 3, 3, 0, 1, 3]|[0, 1, 1, 1, 0, 1, 2, 0, 1, 2, 1, 0, 1, 1, 0, 2, 0, 1, 1, 0];[8, 19, 16, 10, 15, 11, 12, 0, 5, 1, 3, 6, 9, 13, 2, 14, 18, 4, 17, 7]|[0, 2, 1, 1, 2, 1, 0, 0, 2, 0, 1, 2, 1, 1, 0, 0, 0, 2, 1, 0]|[3, 0, 1, 1, 0, 1, 3, 3, 0, 3, 1, 0, 1, 1, 3, 3, 3, 0, 1, 3]|[0, 1, 1, 1, 0, 1, 2, 0, 1, 2, 1, 0, 1, 1, 0, 2, 0, 1, 1, 0];[0, 19, 16, 10, 15, 11, 1, 18, 5, 7, 17, 6, 9, 3, 4, 12, 13, 14, 2, 8]|[0, 2, 1, 1, 2, 1, 0, 0, 2, 0, 1, 2, 1, 1, 0, 0, 0, 2, 1, 0]|[3, 0, 1, 1, 0, 1, 2, 0, 0, 0, 1, 0, 1, 1, 3, 3, 3, 0, 0, 3]|[1, 1, 1, 0, 0, 1, 0, 2, 1, 2, 1, 0, 1, 0, 0, 2, 0, 1, 1, 2];[0, 19, 16, 10, 15, 11, 18, 8, 5, 12, 17, 2, 7, 9, 1, 14, 6, 4, 13, 3]|[0, 2, 1, 1, 2, 1, 0, 0, 2, 0, 1, 2, 1, 1, 0, 0, 0, 2, 1, 0]|[3, 0, 1, 1, 0, 1, 3, 0, 0, 0, 1, 0, 0, 1, 3, 3, 3, 0, 1, 3]|[1, 1, 1, 0, 0, 1, 0, 2, 1, 2, 1, 0, 1, 0, 0, 2, 0, 1, 1, 0];[0, 19, 16, 10, 15, 11, 12, 18, 5, 7, 17, 4, 9, 3, 8, 14, 6, 2, 13, 1]|[0, 2, 1, 1, 2, 1, 0, 0, 2, 0, 1, 2, 1, 1, 0, 0, 0, 2, 1, 0]|[3, 0, 1, 1, 0, 1, 3, 0, 0, 3, 1, 0, 0, 1, 3, 3, 3, 0, 1, 3]|[1, 1, 1, 0, 0, 1, 0, 2, 1, 2, 1, 0, 1, 0, 0, 2, 0, 1, 1, 2];[0, 19, 16, 10, 15, 11, 18, 12, 5, 1, 17, 6, 9, 7, 14, 13, 3, 4, 2, 8]|[0, 2, 1, 1, 2, 1, 0, 0, 2, 0, 1, 2, 1, 1, 0, 0, 0, 2, 1, 0]|[3, 0, 1, 1, 0, 1, 3, 3, 0, 3, 1, 0, 1, 1, 3, 3, 3, 0, 1, 3]|[1, 1, 1, 0, 0, 1, 0, 2, 1, 2, 1, 0, 1, 1, 0, 2, 0, 1, 1, 2];[0, 19, 16, 10, 15, 11, 18, 1, 5, 12, 17, 6, 9, 7, 2, 14, 13, 4, 3, 8]|[0, 2, 1, 1, 2, 1, 0, 0, 2, 0, 1, 2, 1, 1, 0, 0, 0, 2, 1, 0]|[3, 0, 1, 1, 0, 1, 3, 0, 0, 0, 1, 0, 0, 1, 3, 3, 3, 0, 1, 3]|[1, 1, 1, 0, 0, 1, 0, 2, 1, 2, 1, 0, 1, 0, 0, 2, 2, 1, 1, 0];[0, 19, 16, 10, 15, 11, 12, 18, 5, 14, 3, 1, 9, 17, 2, 8, 13, 4, 6, 7]|[0, 2, 1, 1, 2, 1, 0, 0, 2, 0, 1, 2, 1, 1, 0, 0, 0, 2, 1, 0]|[3, 0, 1, 1, 0, 1, 2, 0, 0, 0, 1, 0, 1, 1, 3, 3, 3, 0, 1, 3]|[1, 1, 1, 1, 0, 1, 0, 2, 1, 2, 1, 0, 1, 1, 0, 2, 0, 1, 1, 0];[0, 19, 16, 10, 15, 11, 12, 18, 5, 14, 3, 6, 9, 13, 2, 8, 1, 17, 4, 7]|[0, 2, 1, 1, 2, 1, 0, 0, 2, 0, 1, 2, 1, 1, 0, 0, 0, 1, 2, 0]|[3, 0, 1, 1, 0, 1, 3, 3, 0, 3, 1, 0, 1, 1, 3, 3, 3, 1, 0, 3]|[0, 1, 1, 1, 0, 1, 2, 0, 1, 2, 1, 0, 1, 1, 0, 2, 0, 1, 1, 0];[0, 19, 16, 10, 15, 11, 12, 18, 5, 14, 3, 6, 9, 13, 2, 8, 1, 17, 4, 7]|[0, 2, 1, 1, 2, 1, 0, 0, 2, 0, 1, 2, 1, 1, 0, 0, 0, 1, 2, 0]|[3, 0, 1, 1, 0, 1, 3, 3, 0, 3, 1, 0, 1, 1, 3, 3, 3, 1, 0, 3]|[0, 1, 1, 1, 0, 1, 2, 0, 1, 2, 1, 0, 1, 1, 0, 2, 0, 1, 1, 0];[0, 19, 16, 10, 15, 11, 18, 8, 5, 12, 2, 6, 7, 17, 9, 1, 3, 4, 13, 14]|[0, 2, 1, 1, 2, 1, 0, 0, 2, 0, 1, 2, 1, 1, 0, 0, 0, 2, 1, 0]|[3, 0, 1, 1, 0, 1, 3, 2, 0, 0, 1, 0, 0, 1, 3, 3, 3, 0, 1, 3]|[1, 1, 1, 1, 0, 1, 0, 2, 1, 2, 1, 0, 1, 1, 0, 2, 0, 1, 1, 2];[0, 19, 16, 10, 15, 11, 12, 18, 5, 8, 2, 17, 9, 1, 3, 14, 13, 4, 6, 7]|[0, 2, 1, 1, 2, 1, 0, 0, 2, 0, 0, 1, 1, 2, 1, 0, 0, 2, 1, 0]|[3, 0, 1, 1, 0, 1, 3, 3, 0, 3, 3, 1, 1, 0, 1, 3, 3, 0, 1, 3]|[0, 1, 1, 1, 0, 1, 2, 0, 1, 2, 0, 1, 1, 0, 1, 2, 0, 1, 1, 0];[0, 19, 16, 10, 15, 11, 12, 18, 5, 8, 2, 17, 9, 1, 3, 14, 13, 4, 6, 7]|[0, 2, 1, 1, 2, 1, 0, 0, 2, 0, 0, 1, 1, 2, 1, 0, 0, 2, 1, 0]|[3, 0, 1, 1, 0, 1, 3, 3, 0, 3, 3, 1, 1, 0, 1, 3, 3, 0, 1, 3]|[0, 1, 1, 1, 0, 1, 2, 0, 1, 2, 0, 1, 1, 0, 1, 2, 0, 1, 1, 0];[0, 19, 5, 15, 16, 18, 12, 4, 8, 10, 6, 7, 17, 11, 14, 13, 3, 9, 2, 1]|[0, 2, 1, 2, 1, 0, 0, 2, 0, 1, 2, 1, 1, 1, 0, 0, 0, 2, 1, 0]|[0, 0, 1, 0, 1, 3, 3, 0, 3, 1, 0, 1, 1, 1, 3, 3, 3, 0, 1, 3]|[2, 1, 1, 0, 1, 0, 0, 1, 2, 1, 0, 1, 1, 1, 0, 2, 0, 1, 1, 2];[19, 16, 10, 15, 11, 6, 14, 8, 5, 17, 2, 7, 9, 3, 12, 18, 1, 13, 4, 0]|[2, 1, 1, 2, 1, 0, 0, 0, 2, 1, 2, 1, 1, 0, 0, 0, 0, 1, 2, 0]|[0, 1, 1, 0, 1, 3, 3, 3, 0, 0, 0, 0, 1, 3, 3, 3, 3, 1, 0, 3]|[1, 1, 0, 0, 1, 0, 2, 0, 1, 1, 0, 1, 0, 2, 0, 0, 2, 1, 1, 0];[0, 19, 16, 10, 15, 11, 12, 1, 5, 7, 17, 6, 9, 3, 13, 2, 14, 4, 18, 8]|[0, 2, 1, 1, 2, 1, 0, 0, 2, 0, 1, 2, 1, 1, 0, 0, 0, 2, 0, 0]|[3, 0, 1, 1, 0, 1, 2, 0, 0, 0, 0, 0, 0, 1, 3, 3, 3, 0, 0, 3]|[1, 1, 1, 0, 0, 1, 0, 2, 1, 2, 1, 0, 1, 0, 0, 2, 0, 1, 1, 0];[19, 5, 11, 6, 17, 12, 16, 1, 9, 15, 10, 2, 0, 3, 18, 14, 4, 13, 7, 8]|[2, 1, 1, 2, 1, 0, 2, 0, 1, 2, 1, 0, 0, 0, 0, 0, 2, 1, 1, 0]|[1, 1, 1, 0, 1, 3, 0, 0, 1, 0, 1, 3, 0, 3, 2, 3, 0, 1, 1, 3]|[1, 1, 1, 0, 1, 0, 1, 2, 1, 0, 1, 0, 0, 2, 1, 2, 1, 1, 1, 0];[0, 19, 16, 10, 15, 11, 12, 18, 5, 14, 7, 2, 13, 4, 8, 1, 3, 6, 17, 9]|[0, 2, 1, 1, 2, 1, 0, 0, 2, 0, 0, 2, 1, 1, 0, 0, 0, 2, 1, 0]|[3, 0, 1, 1, 0, 0, 2, 0, 0, 0, 0, 0, 0, 1, 3, 3, 3, 0, 1, 3]|[1, 1, 1, 1, 0, 1, 0, 2, 1, 2, 1, 0, 1, 0, 0, 2, 2, 1, 1, 0];[0, 19, 16, 10, 15, 11, 12, 18, 5, 14, 7, 2, 13, 4, 8, 1, 3, 6, 17, 9]|[0, 2, 1, 1, 2, 1, 0, 0, 2, 0, 0, 2, 1, 1, 0, 0, 0, 2, 1, 0]|[3, 0, 1, 1, 0, 0, 2, 0, 0, 0, 0, 0, 0, 1, 3, 3, 3, 0, 1, 3]|[1, 1, 1, 1, 0, 1, 0, 2, 1, 2, 1, 0, 1, 0, 0, 2, 2, 1, 1, 0];[0, 19, 16, 10, 15, 11, 12, 18, 5, 14, 7, 2, 13, 4, 8, 1, 3, 6, 17, 9]|[0, 2, 1, 1, 2, 1, 0, 0, 2, 0, 0, 2, 1, 1, 0, 0, 0, 2, 1, 0]|[3, 0, 1, 1, 0, 0, 2, 0, 0, 0, 0, 0, 0, 1, 3, 3, 3, 0, 1, 3]|[1, 1, 1, 1, 0, 1, 0, 2, 1, 2, 1, 0, 1, 0, 0, 2, 2, 1, 1, 0];[19, 5, 11, 6, 17, 12, 16, 1, 9, 15, 10, 2, 0, 3, 18, 14, 4, 13, 7, 8]|[2, 1, 1, 2, 1, 0, 2, 0, 1, 2, 1, 0, 0, 0, 0, 0, 2, 1, 1, 0]|[1, 1, 1, 0, 1, 3, 0, 0, 1, 0, 1, 3, 0, 3, 2, 3, 0, 1, 1, 3]|[1, 1, 1, 0, 1, 0, 1, 2, 1, 0, 1, 0, 0, 2, 1, 2, 1, 1, 1, 0];[0, 19, 16, 14, 15, 11, 12, 18, 5, 10, 7, 9, 2, 3, 13, 6, 8, 4, 17, 1]|[0, 2, 1, 1, 2, 1, 0, 0, 2, 1, 1, 1, 2, 1, 0, 0, 0, 2, 1, 0]|[3, 0, 1, 1, 0, 1, 3, 3, 0, 1, 1, 1, 0, 1, 3, 3, 3, 0, 1, 3]|[0, 1, 1, 1, 0, 1, 0, 2, 1, 1, 1, 1, 0, 1, 0, 2, 0, 1, 1, 0];[0, 19, 16, 14, 15, 11, 12, 18, 5, 10, 7, 9, 2, 3, 13, 6, 8, 4, 17, 1]|[0, 2, 1, 1, 2, 1, 0, 0, 2, 1, 1, 1, 2, 1, 0, 0, 0, 2, 1, 0]|[3, 0, 1, 1, 0, 1, 3, 3, 0, 1, 1, 1, 0, 1, 3, 3, 3, 0, 1, 3]|[0, 1, 1, 1, 0, 1, 0, 2, 1, 1, 1, 1, 0, 1, 0, 2, 0, 1, 1, 0];[0, 19, 16, 10, 15, 11, 12, 18, 5, 14, 7, 2, 13, 4, 8, 1, 3, 6, 17, 9]|[0, 2, 1, 1, 2, 1, 0, 0, 2, 0, 0, 2, 1, 1, 0, 0, 0, 2, 1, 0]|[3, 0, 1, 1, 0, 0, 2, 0, 0, 0, 0, 0, 0, 1, 3, 3, 3, 0, 1, 3]|[1, 1, 1, 1, 0, 1, 0, 2, 1, 2, 1, 0, 1, 0, 0, 2, 2, 1, 1, 0];[0, 19, 16, 10, 15, 11, 12, 18, 5, 14, 7, 2, 13, 4, 8, 1, 3, 6, 17, 9]|[0, 2, 1, 1, 2, 1, 0, 0, 2, 0, 0, 2, 1, 1, 0, 0, 0, 2, 1, 0]|[3, 0, 1, 1, 0, 0, 2, 0, 0, 0, 0, 0, 0, 1, 3, 3, 3, 0, 1, 3]|[1, 1, 1, 1, 0, 1, 0, 2, 1, 2, 1, 0, 1, 0, 0, 2, 2, 1, 1, 0];[0, 19, 16, 10, 15, 11, 12, 18, 5, 14, 7, 2, 13, 4, 8, 1, 3, 6, 17, 9]|[0, 2, 1, 1, 2, 1, 0, 0, 2, 0, 0, 2, 1, 1, 0, 0, 0, 2, 1, 0]|[3, 0, 1, 1, 0, 0, 2, 0, 0, 0, 0, 0, 0, 1, 3, 3, 3, 0, 1, 3]|[1, 1, 1, 1, 0, 1, 0, 2, 1, 2, 1, 0, 1, 0, 0, 2, 2, 1, 1, 0];[12, 19, 16, 15, 8, 10, 18, 5, 0, 17, 2, 7, 1, 4, 3, 6, 14, 9, 11, 13]|[0, 2, 1, 2, 1, 1, 0, 2, 0, 1, 2, 1, 1, 2, 0, 0, 0, 1, 1, 0]|[0, 0, 1, 0, 1, 1, 3, 0, 3, 1, 0, 1, 1, 0, 3, 3, 3, 1, 1, 3]|[0, 1, 1, 0, 1, 1, 2, 1, 0, 1, 0, 1, 1, 1, 0, 2, 0, 1, 1, 0];[19, 16, 10, 15, 11, 12, 5, 18, 3, 6, 1, 13, 0, 9, 14, 8, 17, 4, 2, 7]|[2, 1, 1, 2, 1, 0, 2, 0, 1, 2, 1, 1, 0, 0, 0, 0, 0, 2, 1, 0]|[0, 1, 1, 0, 1, 3, 0, 3, 1, 0, 1, 1, 3, 3, 3, 3, 3, 0, 1, 3]|[1, 1, 0, 0, 1, 0, 1, 2, 1, 0, 1, 1, 0, 0, 2, 0, 2, 1, 1, 0];[19, 16, 10, 15, 11, 12, 5, 18, 3, 6, 1, 13, 0, 9, 14, 8, 17, 4, 2, 7]|[2, 1, 1, 2, 1, 0, 2, 0, 1, 2, 1, 1, 0, 0, 0, 0, 0, 2, 1, 0]|[0, 1, 1, 0, 1, 3, 0, 3, 1, 0, 1, 1, 3, 3, 3, 3, 3, 0, 1, 3]|[1, 1, 0, 0, 1, 0, 1, 2, 1, 0, 1, 1, 0, 0, 2, 0, 2, 1, 1, 0];[0, 19, 16, 10, 15, 11, 12, 1, 5, 18, 17, 6, 9, 3, 13, 2, 7, 4, 14, 8]|[0, 2, 1, 1, 2, 1, 0, 0, 2, 0, 1, 2, 1, 1, 0, 0, 0, 2, 0, 0]|[3, 0, 1, 1, 0, 1, 2, 0, 0, 0, 0, 0, 0, 1, 3, 3, 3, 0, 2, 3]|[1, 1, 1, 0, 0, 1, 0, 2, 1, 2, 1, 0, 1, 0, 0, 2, 0, 1, 1, 2];[0, 19, 5, 10, 6, 11, 12, 1, 16, 7, 17, 15, 18, 13, 2, 8, 3, 4, 14, 9]|[0, 2, 1, 0, 2, 1, 0, 0, 2, 0, 1, 2, 1, 1, 0, 0, 0, 2, 1, 0]|[3, 0, 1, 1, 0, 1, 3, 0, 0, 3, 1, 0, 0, 1, 3, 3, 3, 0, 1, 3]|[1, 1, 1, 0, 0, 1, 0, 2, 1, 2, 1, 0, 1, 0, 0, 2, 0, 1, 1, 0];[0, 19, 16, 10, 15, 11, 18, 8, 6, 12, 17, 2, 9, 7, 5, 14, 13, 4, 3, 1]|[0, 2, 1, 1, 2, 1, 0, 0, 2, 0, 1, 2, 1, 1, 0, 0, 0, 2, 1, 0]|[3, 0, 1, 1, 0, 1, 3, 0, 0, 3, 0, 0, 0, 1, 3, 3, 3, 0, 1, 3]|[1, 1, 1, 0, 0, 1, 0, 2, 1, 2, 1, 0, 1, 0, 0, 2, 0, 1, 1, 0];[11, 19, 16, 10, 15, 0, 12, 8, 5, 3, 17, 9, 6, 2, 4, 14, 18, 7, 13, 1]|[0, 2, 1, 1, 2, 1, 0, 0, 2, 1, 2, 1, 1, 1, 2, 0, 0, 0, 0, 0]|[3, 0, 1, 1, 0, 1, 3, 3, 0, 1, 0, 1, 1, 1, 0, 3, 3, 3, 3, 3]|[0, 1, 1, 1, 0, 1, 2, 0, 1, 1, 0, 1, 1, 1, 1, 2, 0, 2, 0, 0];[11, 19, 16, 10, 15, 0, 12, 8, 5, 3, 17, 9, 6, 2, 4, 14, 18, 7, 13, 1]|[0, 2, 1, 1, 2, 1, 0, 0, 2, 1, 2, 1, 1, 1, 2, 0, 0, 0, 0, 0]|[3, 0, 1, 1, 0, 1, 3, 3, 0, 1, 0, 1, 1, 1, 0, 3, 3, 3, 3, 3]|[0, 1, 1, 1, 0, 1, 2, 0, 1, 1, 0, 1, 1, 1, 1, 2, 0, 2, 0, 0];[19, 16, 10, 15, 13, 17, 5, 14, 3, 6, 9, 11, 2, 0, 1, 4, 7, 18, 12, 8]|[2, 1, 1, 2, 1, 0, 2, 0, 1, 2, 1, 1, 0, 0, 0, 2, 1, 0, 0, 0]|[1, 1, 1, 0, 1, 3, 0, 0, 1, 0, 1, 1, 3, 3, 0, 0, 0, 3, 2, 3]|[1, 1, 1, 0, 1, 0, 1, 2, 1, 0, 1, 1, 0, 0, 2, 1, 1, 2, 1, 2];[0, 19, 16, 2, 4, 1, 6, 13, 15, 12, 18, 5, 14, 10, 17, 9, 7, 3, 11, 8]|[0, 2, 1, 2, 2, 0, 0, 0, 2, 2, 0, 2, 0, 1, 1, 1, 1, 1, 1, 0]|[0, 0, 1, 0, 0, 3, 3, 3, 0, 1, 3, 0, 2, 1, 1, 1, 1, 1, 1, 3]|[2, 1, 1, 0, 1, 0, 0, 2, 0, 0, 0, 1, 0, 1, 1, 1, 1, 1, 1, 2];[0, 19, 16, 10, 15, 11, 12, 1, 5, 7, 17, 6, 18, 9, 13, 3, 14, 4, 2, 8]|[0, 2, 1, 1, 2, 1, 0, 0, 2, 0, 1, 2, 1, 1, 0, 0, 0, 2, 0, 0]|[3, 0, 1, 1, 0, 1, 2, 0, 0, 0, 0, 0, 0, 1, 3, 3, 3, 0, 0, 3]|[1, 1, 1, 0, 0, 1, 0, 2, 1, 2, 1, 0, 1, 0, 0, 2, 0, 1, 1, 2];[5, 16, 10, 15, 11, 14, 18, 9, 7, 1, 4, 3, 0, 12, 13, 2, 6, 17, 19, 8]|[2, 1, 1, 2, 1, 0, 0, 0, 0, 0, 2, 0, 0, 0, 1, 1, 2, 1, 2, 0]|[0, 1, 1, 0, 1, 3, 3, 3, 3, 3, 0, 3, 3, 3, 1, 1, 0, 0, 0, 3]|[1, 1, 0, 0, 1, 0, 2, 0, 0, 0, 1, 2, 0, 2, 1, 0, 0, 1, 1, 0];[19, 16, 10, 15, 5, 17, 6, 7, 9, 2, 8, 12, 1, 3, 11, 13, 4, 14, 18, 0]|[2, 1, 1, 2, 2, 1, 2, 1, 1, 0, 0, 0, 0, 0, 1, 1, 2, 0, 0, 0]|[0, 1, 1, 0, 0, 0, 0, 0, 1, 3, 3, 3, 3, 3, 1, 1, 0, 3, 3, 3]|[1, 1, 0, 0, 1, 1, 0, 1, 0, 0, 2, 0, 0, 2, 1, 1, 1, 0, 2, 0];[0, 4, 16, 10, 15, 11, 7, 12, 17, 6, 13, 14, 3, 19, 2, 5, 18, 1, 9, 8]|[0, 2, 1, 1, 2, 1, 0, 0, 1, 1, 1, 0, 1, 2, 2, 2, 0, 0, 0, 0]|[2, 1, 1, 1, 0, 0, 3, 0, 0, 0, 1, 3, 1, 0, 0, 0, 3, 0, 3, 3]|[1, 0, 1, 0, 1, 1, 0, 2, 1, 1, 0, 0, 1, 1, 0, 1, 0, 2, 2, 0];[0, 4, 16, 10, 15, 11, 7, 12, 17, 6, 13, 14, 3, 19, 2, 5, 18, 1, 9, 8]|[0, 2, 1, 1, 2, 1, 0, 0, 1, 1, 1, 0, 1, 2, 2, 2, 0, 0, 0, 0]|[2, 1, 1, 1, 0, 0, 3, 0, 0, 0, 1, 3, 1, 0, 0, 0, 3, 0, 3, 3]|[1, 0, 1, 0, 1, 1, 0, 2, 1, 1, 0, 0, 1, 1, 0, 1, 0, 2, 2, 0];[14, 7, 13, 18, 19, 16, 10, 15, 11, 5, 3, 9, 6, 17, 8, 2, 4, 12, 0, 1]|[0, 0, 0, 0, 2, 1, 1, 2, 1, 2, 1, 0, 2, 1, 0, 2, 1, 0, 0, 0]|[3, 3, 3, 3, 0, 1, 1, 0, 1, 0, 1, 3, 0, 0, 3, 0, 1, 3, 3, 3]|[0, 2, 0, 0, 1, 1, 0, 0, 1, 1, 0, 2, 0, 1, 0, 1, 1, 2, 0, 0];[19, 16, 9, 15, 11, 12, 2, 5, 8, 3, 6, 10, 13, 0, 7, 18, 4, 17, 14, 1]|[2, 1, 1, 2, 1, 0, 0, 2, 0, 1, 2, 1, 1, 0, 0, 0, 2, 1, 0, 0]|[0, 1, 1, 0, 1, 3, 3, 0, 3, 1, 0, 1, 1, 3, 3, 3, 0, 1, 3, 3]|[1, 1, 1, 0, 1, 2, 0, 1, 2, 1, 0, 1, 1, 0, 2, 0, 1, 1, 2, 0];[7, 4, 1, 12, 11, 15, 10, 16, 19, 14, 17, 6, 0, 8, 13, 3, 9, 5, 2, 18]|[0, 2, 0, 0, 1, 2, 1, 1, 2, 0, 1, 2, 0, 0, 0, 1, 0, 2, 1, 0]|[0, 1, 0, 2, 1, 0, 1, 0, 0, 3, 0, 0, 3, 3, 3, 1, 0, 0, 1, 3]|[2, 1, 2, 1, 1, 0, 0, 1, 1, 0, 1, 0, 0, 2, 0, 0, 1, 1, 1, 0];[19, 10, 15, 18, 2, 5, 7, 17, 12, 8, 16, 3, 6, 9, 1, 14, 4, 13, 11, 0]|[2, 1, 2, 0, 0, 2, 0, 1, 1, 2, 1, 1, 0, 0, 0, 0, 2, 1, 1, 0]|[1, 1, 0, 2, 3, 0, 0, 1, 1, 0, 1, 1, 3, 3, 0, 3, 0, 0, 1, 3]|[1, 1, 0, 1, 0, 1, 2, 1, 1, 0, 1, 0, 0, 0, 2, 2, 1, 1, 1, 0];[19, 10, 15, 18, 2, 5, 7, 17, 12, 8, 16, 3, 6, 9, 1, 14, 4, 13, 11, 0]|[2, 1, 2, 0, 0, 2, 0, 1, 1, 2, 1, 1, 0, 0, 0, 0, 2, 1, 1, 0]|[1, 1, 0, 2, 3, 0, 0, 1, 1, 0, 1, 1, 3, 3, 0, 3, 0, 0, 1, 3]|[1, 1, 0, 1, 0, 1, 2, 1, 1, 0, 1, 0, 0, 0, 2, 2, 1, 1, 1, 0];[0, 19, 16, 10, 15, 11, 12, 1, 5, 18, 7, 2, 9, 17, 14, 8, 6, 3, 4, 13]|[0, 2, 1, 1, 2, 1, 0, 0, 2, 0, 0, 2, 0, 1, 0, 0, 0, 2, 1, 0]|[3, 0, 1, 1, 0, 1, 2, 0, 0, 0, 0, 0, 0, 1, 3, 3, 3, 0, 1, 3]|[1, 1, 1, 0, 0, 1, 0, 2, 1, 2, 1, 0, 1, 0, 0, 2, 0, 1, 1, 2];[0, 19, 16, 10, 15, 11, 12, 1, 5, 18, 7, 2, 9, 17, 14, 8, 6, 3, 4, 13]|[0, 2, 1, 1, 2, 1, 0, 0, 2, 0, 0, 2, 0, 1, 0, 0, 0, 2, 1, 0]|[3, 0, 1, 1, 0, 1, 2, 0, 0, 0, 0, 0, 0, 1, 3, 3, 3, 0, 1, 3]|[1, 1, 1, 0, 0, 1, 0, 2, 1, 2, 1, 0, 1, 0, 0, 2, 0, 1, 1, 2];[0, 19, 16, 10, 15, 11, 18, 1, 5, 12, 17, 6, 9, 3, 13, 14, 2, 4, 7, 8]|[0, 2, 1, 1, 2, 1, 0, 0, 2, 0, 1, 2, 1, 1, 0, 0, 0, 2, 0, 0]|[3, 0, 1, 1, 0, 1, 2, 0, 0, 0, 0, 0, 0, 1, 3, 3, 3, 0, 0, 3]|[1, 1, 1, 0, 0, 1, 0, 2, 1, 2, 1, 0, 1, 0, 0, 2, 0, 1, 1, 1];[0, 19, 6, 10, 14, 11, 12, 1, 5, 18, 9, 2, 17, 16, 8, 3, 15, 4, 13, 7]|[0, 2, 1, 1, 2, 1, 0, 0, 2, 0, 1, 2, 1, 1, 0, 0, 0, 2, 1, 0]|[3, 0, 1, 1, 1, 1, 2, 0, 0, 0, 0, 0, 0, 1, 3, 3, 3, 0, 0, 3]|[1, 1, 1, 1, 0, 1, 0, 2, 1, 2, 1, 0, 1, 0, 0, 2, 0, 1, 1, 0];[0, 19, 6, 10, 14, 11, 12, 1, 5, 18, 9, 2, 17, 16, 8, 3, 15, 4, 13, 7]|[0, 2, 1, 1, 2, 1, 0, 0, 2, 0, 1, 2, 1, 1, 0, 0, 0, 2, 1, 0]|[3, 0, 1, 1, 1, 1, 2, 0, 0, 0, 0, 0, 0, 1, 3, 3, 3, 0, 0, 3]|[1, 1, 1, 1, 0, 1, 0, 2, 1, 2, 1, 0, 1, 0, 0, 2, 0, 1, 1, 0];[6, 19, 5, 10, 15, 9, 11, 16, 17, 2, 12, 1, 7, 13, 4, 3, 8, 14, 18, 0]|[0, 2, 1, 1, 2, 1, 1, 2, 1, 2, 1, 1, 0, 0, 2, 0, 0, 0, 0, 0]|[3, 1, 1, 1, 0, 1, 1, 0, 1, 0, 1, 1, 1, 3, 0, 3, 0, 3, 2, 3]|[0, 1, 1, 1, 0, 1, 1, 1, 1, 0, 1, 1, 1, 0, 1, 2, 2, 0, 1, 0];[6, 19, 5, 10, 15, 9, 11, 16, 17, 2, 12, 1, 7, 13, 4, 3, 8, 14, 18, 0]|[0, 2, 1, 1, 2, 1, 1, 2, 1, 2, 1, 1, 0, 0, 2, 0, 0, 0, 0, 0]|[3, 1, 1, 1, 0, 1, 1, 0, 1, 0, 1, 1, 1, 3, 0, 3, 0, 3, 2, 3]|[0, 1, 1, 1, 0, 1, 1, 1, 1, 0, 1, 1, 1, 0, 1, 2, 2, 0, 1, 0]
fc6diagRound 13	fe=372726	pool=300	target=100	rescued=0	sOriginal=[0, 19, 16, 10, 15, 11, 12, 1, 5, 14, 17, 4, 9, 7, 2, 13, 18, 6, 3, 8]|[0, 2, 1, 1, 2, 1, 0, 0, 2, 0, 1, 2, 1, 1, 0, 0, 0, 2, 1, 0]|[3, 0, 1, 1, 0, 1, 2, 0, 0, 0, 1, 0, 1, 1, 3, 3, 3, 0, 1, 3]|[1, 1, 1, 0, 0, 1, 0, 2, 1, 2, 1, 0, 1, 1, 0, 2, 0, 1, 1, 2];[0, 19, 16, 10, 15, 11, 12, 18, 5, 3, 17, 2, 7, 9, 6, 14, 8, 4, 13, 1]|[0, 2, 1, 1, 2, 1, 0, 0, 2, 0, 1, 2, 1, 1, 0, 0, 0, 2, 1, 0]|[3, 0, 1, 1, 0, 1, 2, 0, 0, 0, 1, 0, 1, 1, 3, 3, 3, 0, 1, 3]|[1, 1, 1, 0, 0, 1, 0, 2, 1, 2, 1, 0, 1, 1, 0, 2, 0, 1, 1, 0];[0, 19, 16, 10, 15, 11, 12, 1, 5, 7, 17, 4, 9, 14, 18, 13, 2, 6, 3, 8]|[0, 2, 1, 1, 2, 1, 0, 0, 2, 0, 1, 2, 1, 1, 0, 0, 0, 2, 1, 0]|[3, 0, 1, 1, 0, 1, 2, 0, 0, 0, 1, 0, 1, 1, 3, 3, 3, 0, 1, 3]|[1, 1, 1, 0, 0, 1, 0, 2, 1, 2, 1, 0, 1, 1, 0, 2, 0, 1, 1, 2];[0, 19, 16, 15, 12, 1, 5, 7, 6, 10, 14, 18, 2, 4, 9, 13, 11, 17, 3, 8]|[0, 2, 1, 2, 0, 0, 2, 0, 2, 1, 0, 0, 0, 2, 1, 1, 1, 1, 1, 0]|[3, 0, 1, 0, 2, 0, 0, 0, 0, 1, 3, 3, 3, 0, 1, 1, 1, 1, 1, 3]|[1, 1, 1, 0, 2, 0, 1, 2, 0, 1, 0, 2, 0, 1, 1, 1, 1, 1, 1, 2];[0, 4, 5, 10, 15, 11, 18, 1, 16, 7, 17, 2, 9, 14, 12, 6, 3, 19, 13, 8]|[0, 2, 1, 1, 2, 1, 0, 0, 2, 0, 1, 2, 1, 1, 0, 0, 0, 2, 1, 0]|[3, 0, 1, 1, 0, 0, 2, 0, 0, 0, 1, 0, 1, 1, 3, 3, 3, 0, 1, 3]|[1, 1, 1, 0, 0, 1, 0, 2, 1, 2, 1, 0, 1, 1, 0, 2, 0, 1, 1, 2];[0, 19, 16, 10, 15, 11, 18, 8, 5, 12, 17, 6, 7, 9, 14, 2, 13, 4, 3, 1]|[0, 2, 1, 1, 2, 1, 0, 0, 2, 0, 1, 2, 1, 1, 0, 0, 0, 2, 1, 1]|[3, 0, 1, 1, 0, 1, 3, 0, 0, 0, 1, 0, 0, 1, 3, 3, 3, 0, 1, 1]|[1, 1, 1, 0, 0, 1, 0, 2, 1, 2, 1, 0, 1, 0, 0, 2, 0, 1, 1, 1];[18, 5, 1, 12, 11, 15, 10, 16, 19, 7, 4, 14, 17, 13, 0, 9, 2, 8, 6, 3]|[0, 2, 0, 0, 1, 2, 1, 1, 2, 0, 2, 0, 1, 0, 0, 0, 2, 0, 0, 0]|[2, 0, 0, 3, 1, 0, 1, 1, 0, 3, 0, 0, 1, 3, 3, 0, 0, 3, 3, 3]|[2, 1, 2, 0, 1, 0, 0, 1, 1, 1, 0, 1, 1, 0, 2, 1, 1, 0, 2, 0];[18, 5, 1, 12, 11, 15, 10, 16, 19, 7, 4, 14, 17, 13, 0, 9, 2, 8, 6, 3]|[0, 2, 0, 0, 1, 2, 1, 1, 2, 0, 2, 0, 1, 0, 0, 0, 2, 0, 0, 0]|[2, 0, 0, 3, 1, 0, 1, 1, 0, 3, 0, 0, 1, 3, 3, 0, 0, 3, 3, 3]|[2, 1, 2, 0, 1, 0, 0, 1, 1, 1, 0, 1, 1, 0, 2, 1, 1, 0, 2, 0];[0, 19, 16, 10, 15, 11, 12, 18, 5, 7, 17, 1, 9, 3, 6, 13, 8, 4, 2, 14]|[0, 2, 1, 1, 2, 1, 0, 0, 2, 0, 1, 2, 1, 1, 0, 0, 0, 2, 1, 0]|[3, 0, 1, 1, 0, 0, 2, 0, 0, 0, 1, 0, 1, 1, 3, 3, 3, 0, 1, 3]|[1, 1, 1, 0, 0, 1, 0, 2, 1, 2, 1, 0, 1, 1, 0, 2, 0, 1, 1, 2];[0, 19, 5, 10, 15, 11, 18, 1, 16, 7, 12, 6, 9, 13, 17, 2, 3, 4, 8, 14]|[0, 2, 1, 1, 2, 1, 0, 0, 2, 0, 1, 2, 1, 1, 0, 0, 0, 2, 1, 0]|[3, 0, 1, 1, 0, 1, 2, 0, 0, 0, 0, 0, 0, 1, 3, 3, 3, 0, 1, 3]|[1, 1, 1, 1, 0, 1, 0, 2, 1, 1, 1, 0, 1, 0, 0, 2, 2, 1, 1, 0];[0, 19, 16, 10, 15, 11, 12, 1, 5, 7, 17, 6, 9, 14, 8, 3, 13, 2, 4, 18]|[0, 2, 1, 1, 2, 1, 0, 0, 2, 0, 1, 2, 0, 1, 0, 0, 0, 2, 1, 0]|[3, 0, 1, 1, 0, 1, 2, 0, 0, 0, 1, 0, 0, 1, 3, 3, 3, 0, 0, 3]|[1, 1, 1, 1, 0, 1, 0, 2, 1, 2, 1, 0, 1, 0, 0, 2, 0, 1, 1, 2];[12, 11, 15, 10, 16, 19, 0, 5, 14, 7, 2, 17, 13, 8, 3, 1, 4, 9, 18, 6]|[0, 1, 2, 1, 1, 2, 0, 2, 0, 0, 2, 1, 0, 0, 0, 0, 2, 0, 0, 0]|[3, 1, 0, 1, 1, 0, 3, 0, 0, 0, 0, 1, 3, 3, 3, 0, 0, 0, 0, 3]|[0, 1, 0, 0, 1, 1, 1, 1, 2, 2, 0, 1, 0, 0, 0, 2, 1, 1, 2, 2];[0, 19, 16, 10, 15, 11, 12, 18, 5, 1, 17, 2, 9, 7, 6, 8, 13, 4, 14, 3]|[0, 2, 1, 1, 2, 1, 0, 0, 2, 0, 1, 2, 1, 1, 0, 0, 0, 2, 1, 0]|[3, 0, 1, 1, 0, 1, 2, 0, 0, 3, 1, 0, 1, 1, 3, 3, 3, 0, 1, 3]|[1, 1, 1, 0, 0, 1, 2, 0, 1, 2, 1, 1, 1, 1, 0, 2, 0, 1, 1, 0];[0, 19, 16, 10, 15, 11, 12, 1, 5, 18, 7, 3, 9, 6, 8, 17, 2, 4, 14, 13]|[0, 2, 1, 1, 2, 1, 0, 0, 2, 0, 1, 2, 1, 1, 0, 0, 0, 2, 1, 0]|[3, 0, 1, 1, 0, 1, 2, 2, 0, 3, 1, 0, 1, 1, 3, 3, 3, 0, 1, 3]|[1, 1, 1, 0, 0, 1, 2, 0, 1, 2, 1, 0, 1, 1, 0, 2, 0, 1, 1, 2];[18, 1, 5, 12, 11, 15, 10, 16, 19, 0, 2, 9, 17, 7, 14, 13, 4, 6, 3, 8]|[0, 0, 2, 0, 1, 2, 1, 1, 2, 0, 2, 0, 1, 0, 0, 0, 2, 0, 0, 0]|[0, 0, 0, 2, 1, 0, 1, 1, 0, 3, 0, 0, 1, 0, 3, 3, 0, 3, 3, 3]|[2, 2, 1, 0, 1, 0, 0, 1, 1, 1, 0, 1, 0, 1, 0, 0, 1, 2, 1, 0];[18, 1, 5, 12, 11, 15, 10, 16, 19, 0, 2, 9, 17, 7, 14, 13, 4, 6, 3, 8]|[0, 0, 2, 0, 1, 2, 1, 1, 2, 0, 2, 0, 1, 0, 0, 0, 2, 0, 0, 0]|[0, 0, 0, 2, 1, 0, 1, 1, 0, 3, 0, 0, 1, 0, 3, 3, 0, 3, 3, 3]|[2, 2, 1, 0, 1, 0, 0, 1, 1, 1, 0, 1, 0, 1, 0, 0, 1, 2, 1, 0];[0, 19, 16, 10, 15, 11, 12, 18, 2, 1, 17, 5, 9, 13, 3, 6, 7, 4, 14, 8]|[0, 2, 1, 1, 2, 1, 0, 0, 2, 0, 1, 2, 1, 1, 0, 0, 0, 2, 1, 0]|[3, 0, 1, 1, 0, 1, 3, 3, 0, 3, 1, 0, 1, 1, 3, 3, 3, 0, 1, 3]|[0, 1, 1, 1, 0, 1, 0, 2, 1, 2, 1, 0, 1, 1, 0, 2, 0, 1, 1, 2];[3, 12, 5, 8, 17, 11, 15, 10, 16, 19, 0, 2, 9, 6, 18, 1, 13, 4, 7, 14]|[0, 0, 2, 0, 0, 1, 2, 1, 1, 2, 0, 2, 0, 1, 0, 0, 0, 2, 0, 0]|[3, 0, 0, 0, 0, 1, 0, 1, 1, 0, 3, 0, 0, 1, 3, 3, 3, 0, 3, 3]|[0, 2, 1, 2, 2, 1, 0, 0, 1, 1, 1, 0, 1, 1, 0, 0, 2, 1, 1, 0];[3, 12, 5, 8, 17, 11, 15, 10, 16, 19, 0, 2, 9, 6, 18, 1, 13, 4, 7, 14]|[0, 0, 2, 0, 0, 1, 2, 1, 1, 2, 0, 2, 0, 1, 0, 0, 0, 2, 0, 0]|[3, 0, 0, 0, 0, 1, 0, 1, 1, 0, 3, 0, 0, 1, 3, 3, 3, 0, 3, 3]|[0, 2, 1, 2, 2, 1, 0, 0, 1, 1, 1, 0, 1, 1, 0, 0, 2, 1, 1, 0];[12, 8, 4, 3, 13, 14, 17, 9, 2, 7, 18, 5, 1, 6, 11, 15, 10, 16, 19, 0]|[0, 0, 2, 0, 0, 0, 1, 0, 2, 0, 0, 2, 0, 0, 1, 2, 1, 1, 2, 0]|[3, 0, 0, 3, 3, 3, 1, 0, 0, 0, 0, 0, 0, 3, 1, 0, 1, 1, 0, 3]|[2, 1, 1, 0, 2, 0, 1, 1, 0, 1, 2, 1, 2, 0, 1, 0, 0, 1, 1, 1];[0, 19, 16, 10, 15, 11, 12, 1, 5, 7, 17, 6, 9, 3, 13, 8, 14, 2, 4, 18]|[0, 2, 1, 1, 2, 1, 0, 0, 2, 0, 1, 2, 0, 1, 0, 0, 0, 2, 1, 0]|[3, 0, 1, 1, 0, 1, 2, 0, 0, 0, 0, 0, 0, 1, 3, 3, 3, 0, 1, 3]|[1, 1, 1, 0, 0, 1, 0, 2, 1, 2, 1, 0, 1, 0, 0, 2, 0, 1, 1, 2];[0, 19, 16, 15, 11, 8, 12, 18, 5, 3, 17, 2, 9, 10, 14, 1, 13, 4, 6, 7]|[0, 2, 1, 2, 1, 1, 0, 0, 2, 0, 1, 2, 1, 1, 0, 0, 0, 2, 1, 0]|[3, 0, 1, 0, 1, 1, 3, 3, 0, 3, 1, 0, 1, 1, 3, 3, 3, 0, 1, 3]|[2, 1, 1, 0, 1, 1, 0, 0, 1, 2, 1, 0, 1, 1, 0, 2, 0, 1, 1, 0];[0, 19, 16, 15, 11, 8, 12, 18, 5, 3, 17, 2, 9, 10, 14, 1, 13, 4, 6, 7]|[0, 2, 1, 2, 1, 1, 0, 0, 2, 0, 1, 2, 1, 1, 0, 0, 0, 2, 1, 0]|[3, 0, 1, 0, 1, 1, 3, 3, 0, 3, 1, 0, 1, 1, 3, 3, 3, 0, 1, 3]|[2, 1, 1, 0, 1, 1, 0, 0, 1, 2, 1, 0, 1, 1, 0, 2, 0, 1, 1, 0];[0, 19, 5, 10, 15, 11, 18, 1, 16, 7, 12, 4, 2, 9, 17, 3, 6, 14, 13, 8]|[0, 2, 1, 1, 2, 1, 0, 0, 2, 0, 1, 2, 1, 1, 0, 0, 0, 2, 1, 0]|[3, 0, 1, 1, 0, 0, 2, 0, 0, 0, 1, 0, 1, 1, 3, 3, 3, 0, 1, 3]|[1, 1, 1, 0, 0, 1, 2, 0, 1, 2, 1, 0, 1, 0, 0, 2, 0, 1, 1, 2];[0, 19, 16, 10, 15, 11, 18, 1, 5, 12, 17, 2, 7, 13, 6, 3, 14, 4, 9, 8]|[0, 2, 1, 1, 2, 1, 0, 0, 2, 0, 1, 2, 1, 1, 0, 0, 0, 2, 1, 0]|[3, 0, 1, 1, 0, 1, 2, 0, 0, 0, 0, 0, 0, 1, 3, 3, 3, 0, 1, 3]|[1, 1, 1, 0, 0, 1, 0, 2, 1, 2, 1, 0, 1, 0, 0, 2, 0, 1, 1, 2];[0, 19, 16, 10, 15, 11, 12, 8, 5, 18, 17, 2, 9, 3, 6, 1, 14, 4, 7, 13]|[0, 2, 1, 1, 2, 1, 0, 0, 2, 0, 1, 2, 1, 1, 0, 0, 0, 2, 1, 0]|[3, 0, 1, 1, 0, 1, 3, 2, 0, 3, 1, 0, 1, 1, 3, 3, 3, 0, 1, 3]|[0, 1, 1, 0, 0, 1, 0, 2, 1, 2, 1, 0, 1, 1, 0, 2, 0, 1, 1, 0];[0, 19, 16, 10, 15, 11, 12, 18, 5, 3, 17, 2, 9, 7, 14, 1, 6, 4, 13, 8]|[0, 2, 1, 1, 2, 1, 0, 0, 2, 0, 1, 2, 1, 1, 0, 0, 0, 2, 1, 0]|[3, 0, 1, 1, 0, 1, 3, 0, 0, 3, 1, 0, 1, 1, 3, 3, 3, 0, 1, 3]|[0, 1, 1, 1, 0, 1, 2, 0, 1, 2, 1, 0, 1, 1, 0, 2, 0, 1, 1, 0];[0, 19, 16, 10, 15, 11, 12, 18, 5, 6, 17, 8, 9, 13, 3, 1, 7, 4, 14, 2]|[0, 2, 1, 1, 2, 1, 0, 0, 2, 0, 1, 2, 1, 1, 0, 0, 0, 2, 1, 0]|[3, 0, 1, 1, 0, 0, 2, 0, 0, 3, 1, 0, 1, 1, 3, 3, 3, 0, 1, 3]|[0, 1, 1, 0, 0, 1, 0, 2, 1, 2, 1, 0, 1, 1, 0, 2, 0, 1, 1, 2];[0, 19, 16, 10, 15, 11, 18, 8, 5, 12, 3, 6, 9, 17, 2, 1, 13, 4, 14, 7]|[0, 2, 1, 1, 2, 1, 0, 0, 2, 0, 1, 2, 1, 1, 0, 0, 0, 2, 1, 0]|[3, 0, 1, 1, 0, 1, 3, 0, 0, 0, 0, 0, 0, 1, 3, 3, 3, 0, 1, 3]|[1, 1, 1, 1, 0, 0, 0, 2, 1, 2, 1, 0, 1, 1, 0, 2, 0, 1, 1, 0];[0, 19, 16, 10, 15, 11, 12, 18, 5, 8, 17, 1, 9, 13, 3, 6, 7, 4, 2, 14]|[0, 2, 1, 1, 2, 1, 0, 0, 2, 0, 1, 2, 1, 1, 0, 0, 0, 2, 1, 0]|[3, 0, 1, 1, 0, 1, 3, 0, 0, 3, 1, 0, 1, 1, 3, 3, 3, 0, 1, 3]|[0, 1, 1, 1, 0, 1, 2, 0, 1, 2, 1, 0, 1, 1, 0, 2, 0, 1, 1, 0];[0, 19, 16, 10, 15, 11, 12, 1, 5, 14, 17, 2, 9, 13, 8, 3, 7, 4, 6, 18]|[0, 2, 1, 1, 2, 1, 0, 0, 2, 0, 1, 2, 1, 1, 0, 0, 0, 2, 1, 0]|[3, 0, 1, 1, 0, 1, 2, 0, 0, 0, 1, 0, 1, 1, 3, 3, 3, 0, 1, 3]|[1, 1, 1, 0, 0, 1, 0, 2, 1, 2, 1, 0, 1, 1, 0, 2, 0, 1, 1, 0];[0, 19, 6, 10, 15, 11, 18, 8, 4, 12, 17, 2, 1, 9, 14, 3, 13, 16, 5, 7]|[0, 2, 1, 1, 2, 1, 0, 0, 2, 0, 1, 2, 1, 1, 0, 0, 0, 2, 1, 0]|[3, 0, 1, 1, 0, 1, 2, 0, 0, 0, 1, 0, 0, 1, 3, 3, 3, 0, 1, 3]|[1, 1, 1, 0, 0, 1, 0, 2, 1, 2, 1, 0, 1, 0, 0, 2, 0, 1, 1, 0];[0, 19, 16, 10, 15, 11, 12, 1, 5, 7, 17, 6, 9, 3, 13, 18, 14, 2, 4, 8]|[0, 2, 1, 1, 2, 1, 0, 0, 2, 0, 1, 2, 0, 1, 0, 0, 0, 2, 1, 0]|[3, 0, 1, 1, 0, 1, 2, 0, 0, 0, 0, 0, 0, 1, 3, 3, 3, 0, 0, 3]|[1, 1, 1, 0, 0, 1, 0, 2, 1, 2, 1, 0, 1, 0, 0, 2, 0, 1, 1, 2];[12, 5, 8, 3, 11, 15, 10, 16, 19, 0, 17, 2, 9, 6, 1, 13, 14, 4, 7, 18]|[0, 2, 0, 0, 1, 2, 1, 1, 2, 0, 0, 2, 0, 1, 0, 0, 0, 2, 0, 0]|[0, 0, 0, 3, 1, 0, 1, 1, 0, 3, 0, 0, 0, 1, 3, 3, 3, 0, 3, 3]|[2, 1, 2, 0, 1, 0, 0, 1, 1, 1, 1, 0, 1, 1, 0, 2, 0, 1, 1, 0];[12, 5, 8, 3, 11, 15, 10, 16, 19, 0, 17, 2, 9, 6, 1, 13, 14, 4, 7, 18]|[0, 2, 0, 0, 1, 2, 1, 1, 2, 0, 0, 2, 0, 1, 0, 0, 0, 2, 0, 0]|[0, 0, 0, 3, 1, 0, 1, 1, 0, 3, 0, 0, 0, 1, 3, 3, 3, 0, 3, 3]|[2, 1, 2, 0, 1, 0, 0, 1, 1, 1, 1, 0, 1, 1, 0, 2, 0, 1, 1, 0];[0, 19, 16, 10, 15, 11, 12, 1, 5, 7, 17, 6, 9, 3, 13, 18, 14, 2, 4, 8]|[0, 2, 1, 1, 2, 1, 0, 0, 2, 0, 1, 2, 0, 1, 0, 0, 0, 2, 1, 0]|[3, 0, 1, 1, 0, 1, 2, 0, 0, 0, 0, 0, 0, 1, 3, 3, 3, 0, 0, 3]|[1, 1, 1, 0, 0, 1, 0, 2, 1, 2, 1, 0, 1, 0, 0, 2, 0, 1, 1, 2];[0, 19, 16, 10, 15, 11, 18, 8, 5, 12, 3, 6, 9, 7, 14, 13, 1, 4, 2, 17]|[0, 2, 1, 1, 2, 1, 0, 0, 2, 0, 1, 2, 1, 1, 0, 0, 0, 2, 1, 0]|[3, 0, 1, 1, 0, 1, 3, 2, 0, 3, 1, 0, 1, 1, 3, 3, 3, 0, 1, 3]|[1, 1, 1, 0, 0, 1, 0, 2, 1, 2, 1, 0, 1, 1, 0, 2, 0, 1, 1, 2];[0, 19, 16, 10, 15, 11, 12, 18, 5, 7, 17, 4, 9, 3, 8, 14, 6, 2, 13, 1]|[0, 2, 1, 1, 2, 1, 0, 0, 2, 0, 1, 2, 1, 1, 0, 0, 0, 2, 1, 0]|[3, 0, 1, 1, 0, 1, 3, 0, 0, 3, 1, 0, 0, 1, 3, 3, 3, 0, 1, 3]|[1, 1, 1, 0, 0, 1, 0, 2, 1, 2, 1, 0, 1, 0, 0, 2, 0, 1, 1, 2];[18, 19, 16, 10, 15, 11, 12, 1, 5, 0, 7, 2, 9, 17, 3, 8, 4, 14, 13, 6]|[0, 2, 1, 1, 2, 1, 0, 0, 2, 0, 0, 2, 0, 1, 0, 0, 2, 0, 0, 0]|[0, 0, 1, 1, 0, 1, 2, 0, 0, 3, 0, 0, 0, 1, 0, 3, 0, 3, 3, 3]|[0, 1, 1, 0, 0, 1, 2, 2, 1, 1, 2, 0, 1, 1, 2, 0, 1, 0, 0, 2];[0, 19, 16, 10, 15, 11, 12, 1, 5, 7, 17, 6, 9, 3, 13, 2, 18, 4, 14, 8]|[0, 2, 1, 1, 2, 1, 0, 0, 2, 0, 1, 2, 1, 1, 0, 0, 0, 2, 0, 0]|[3, 0, 1, 1, 0, 1, 2, 0, 0, 0, 1, 0, 0, 1, 3, 3, 3, 0, 2, 3]|[1, 1, 1, 0, 0, 1, 0, 2, 1, 2, 1, 0, 1, 0, 0, 2, 0, 1, 1, 2];[0, 19, 16, 10, 15, 11, 12, 18, 5, 14, 3, 1, 9, 17, 2, 8, 13, 4, 6, 7]|[0, 2, 1, 1, 2, 1, 0, 0, 2, 0, 1, 2, 1, 1, 0, 0, 0, 2, 1, 0]|[3, 0, 1, 1, 0, 1, 2, 0, 0, 0, 1, 0, 1, 1, 3, 3, 3, 0, 1, 3]|[1, 1, 1, 1, 0, 1, 0, 2, 1, 2, 1, 0, 1, 1, 0, 2, 0, 1, 1, 0];[19, 16, 10, 15, 11, 12, 14, 4, 8, 3, 6, 1, 13, 9, 18, 17, 2, 5, 7, 0]|[2, 1, 1, 2, 1, 0, 0, 2, 0, 1, 2, 0, 1, 0, 0, 0, 2, 1, 0, 0]|[0, 1, 1, 0, 1, 3, 3, 0, 3, 1, 0, 3, 1, 3, 3, 3, 0, 1, 3, 3]|[1, 1, 0, 0, 1, 0, 2, 1, 0, 1, 0, 2, 1, 0, 2, 0, 1, 1, 2, 0];[19, 16, 10, 15, 11, 12, 14, 4, 8, 3, 6, 1, 13, 9, 18, 17, 2, 5, 7, 0]|[2, 1, 1, 2, 1, 0, 0, 2, 0, 1, 2, 0, 1, 0, 0, 0, 2, 1, 0, 0]|[0, 1, 1, 0, 1, 3, 3, 0, 3, 1, 0, 3, 1, 3, 3, 3, 0, 1, 3, 3]|[1, 1, 0, 0, 1, 0, 2, 1, 0, 1, 0, 2, 1, 0, 2, 0, 1, 1, 2, 0];[18, 19, 16, 10, 15, 11, 12, 1, 5, 0, 7, 2, 9, 17, 3, 8, 4, 14, 13, 6]|[0, 2, 1, 1, 2, 1, 0, 0, 2, 0, 0, 2, 0, 1, 0, 0, 2, 0, 0, 0]|[0, 0, 1, 1, 0, 1, 2, 0, 0, 3, 0, 0, 0, 1, 0, 3, 0, 3, 3, 3]|[0, 1, 1, 0, 0, 1, 2, 2, 1, 1, 2, 0, 1, 1, 2, 0, 1, 0, 0, 2];[0, 19, 16, 10, 15, 11, 12, 1, 5, 7, 17, 6, 9, 3, 13, 2, 18, 4, 14, 8]|[0, 2, 1, 1, 2, 1, 0, 0, 2, 0, 1, 2, 1, 1, 0, 0, 0, 2, 0, 0]|[3, 0, 1, 1, 0, 1, 2, 0, 0, 0, 1, 0, 0, 1, 3, 3, 3, 0, 2, 3]|[1, 1, 1, 0, 0, 1, 0, 2, 1, 2, 1, 0, 1, 0, 0, 2, 0, 1, 1, 2];[17, 19, 5, 2, 4, 12, 9, 7, 16, 1, 18, 11, 15, 10, 0, 3, 6, 14, 13, 8]|[0, 2, 1, 1, 2, 1, 1, 0, 2, 0, 0, 1, 2, 1, 0, 0, 0, 2, 1, 0]|[3, 1, 1, 1, 0, 1, 1, 0, 0, 0, 2, 0, 0, 1, 3, 3, 3, 0, 1, 3]|[0, 1, 1, 1, 0, 1, 1, 2, 1, 0, 2, 1, 0, 0, 1, 2, 0, 1, 1, 2];[19, 16, 10, 15, 11, 18, 4, 12, 17, 2, 7, 13, 6, 0, 1, 3, 14, 5, 9, 8]|[2, 1, 1, 2, 1, 0, 2, 0, 1, 2, 1, 1, 0, 0, 0, 0, 0, 2, 1, 0]|[1, 1, 1, 0, 1, 2, 0, 0, 0, 0, 0, 1, 3, 3, 0, 3, 3, 0, 1, 3]|[1, 1, 0, 0, 1, 1, 1, 2, 1, 0, 1, 0, 0, 0, 2, 2, 0, 1, 1, 2];[19, 16, 10, 15, 11, 18, 4, 12, 17, 2, 7, 13, 6, 0, 1, 3, 14, 5, 9, 8]|[2, 1, 1, 2, 1, 0, 2, 0, 1, 2, 1, 1, 0, 0, 0, 0, 0, 2, 1, 0]|[1, 1, 1, 0, 1, 2, 0, 0, 0, 0, 0, 1, 3, 3, 0, 3, 3, 0, 1, 3]|[1, 1, 0, 0, 1, 1, 1, 2, 1, 0, 1, 0, 0, 0, 2, 2, 0, 1, 1, 2];[0, 19, 16, 10, 15, 11, 12, 14, 5, 1, 17, 2, 9, 3, 8, 6, 18, 4, 13, 7]|[0, 2, 1, 1, 2, 1, 0, 0, 2, 0, 1, 2, 1, 1, 0, 0, 0, 2, 1, 0]|[3, 0, 1, 1, 0, 1, 3, 3, 0, 3, 1, 0, 1, 1, 3, 3, 3, 0, 1, 3]|[0, 1, 1, 1, 1, 1, 2, 0, 1, 2, 1, 0, 1, 1, 0, 2, 0, 1, 1, 0];[0, 19, 16, 10, 15, 11, 12, 3, 5, 18, 6, 17, 7, 1, 2, 14, 13, 4, 9, 8]|[0, 2, 1, 1, 2, 1, 0, 0, 2, 0, 1, 2, 1, 1, 0, 0, 0, 2, 1, 0]|[3, 0, 1, 1, 0, 0, 2, 0, 0, 3, 1, 0, 1, 1, 3, 3, 3, 0, 1, 3]|[1, 1, 1, 0, 0, 1, 0, 2, 1, 2, 1, 0, 1, 1, 0, 2, 0, 1, 1, 2];[0, 19, 16, 10, 15, 11, 18, 8, 5, 12, 2, 6, 7, 17, 9, 1, 3, 4, 13, 14]|[0, 2, 1, 1, 2, 1, 0, 0, 2, 0, 1, 2, 1, 1, 0, 0, 0, 2, 1, 0]|[3, 0, 1, 1, 0, 1, 3, 2, 0, 0, 1, 0, 0, 1, 3, 3, 3, 0, 1, 3]|[1, 1, 1, 1, 0, 1, 0, 2, 1, 2, 1, 0, 1, 1, 0, 2, 0, 1, 1, 2];[14, 19, 16, 10, 11, 15, 12, 8, 4, 1, 18, 3, 17, 9, 13, 7, 2, 5, 6, 0]|[0, 2, 1, 1, 2, 1, 0, 0, 2, 0, 0, 1, 2, 1, 1, 0, 0, 2, 1, 0]|[3, 0, 1, 1, 0, 1, 3, 3, 0, 3, 3, 1, 0, 1, 1, 3, 3, 0, 1, 3]|[0, 1, 1, 1, 0, 1, 2, 0, 1, 2, 0, 1, 0, 0, 1, 0, 2, 1, 1, 0];[19, 16, 10, 15, 11, 12, 5, 8, 9, 17, 6, 7, 1, 0, 14, 13, 18, 2, 4, 3]|[2, 1, 1, 2, 1, 0, 2, 0, 0, 1, 2, 1, 1, 0, 0, 0, 0, 2, 1, 0]|[0, 1, 1, 0, 1, 3, 0, 3, 3, 1, 0, 1, 1, 3, 3, 3, 3, 0, 1, 3]|[1, 1, 1, 0, 1, 2, 1, 0, 2, 1, 0, 1, 1, 0, 2, 0, 2, 1, 1, 0];[19, 16, 10, 15, 11, 12, 5, 8, 9, 17, 6, 7, 1, 0, 14, 13, 18, 2, 4, 3]|[2, 1, 1, 2, 1, 0, 2, 0, 0, 1, 2, 1, 1, 0, 0, 0, 0, 2, 1, 0]|[0, 1, 1, 0, 1, 3, 0, 3, 3, 1, 0, 1, 1, 3, 3, 3, 3, 0, 1, 3]|[1, 1, 1, 0, 1, 2, 1, 0, 2, 1, 0, 1, 1, 0, 2, 0, 2, 1, 1, 0];[0, 19, 16, 10, 15, 11, 18, 1, 5, 12, 17, 6, 9, 7, 2, 14, 13, 4, 3, 8]|[0, 2, 1, 1, 2, 1, 0, 0, 2, 0, 1, 2, 1, 1, 0, 0, 0, 2, 1, 0]|[3, 0, 1, 1, 0, 1, 3, 0, 0, 0, 1, 0, 0, 1, 3, 3, 3, 0, 1, 3]|[1, 1, 1, 0, 0, 1, 0, 2, 1, 2, 1, 0, 1, 0, 0, 2, 2, 1, 1, 0];[0, 19, 16, 10, 15, 11, 18, 8, 5, 12, 17, 2, 7, 9, 1, 14, 6, 4, 13, 3]|[0, 2, 1, 1, 2, 1, 0, 0, 2, 0, 1, 2, 1, 1, 0, 0, 0, 2, 1, 0]|[3, 0, 1, 1, 0, 1, 3, 0, 0, 0, 1, 0, 0, 1, 3, 3, 3, 0, 1, 3]|[1, 1, 1, 0, 0, 1, 0, 2, 1, 2, 1, 0, 1, 0, 0, 2, 0, 1, 1, 0];[0, 19, 5, 15, 16, 18, 12, 4, 8, 10, 6, 7, 17, 11, 14, 13, 3, 9, 2, 1]|[0, 2, 1, 2, 1, 0, 0, 2, 0, 1, 2, 1, 1, 1, 0, 0, 0, 2, 1, 0]|[0, 0, 1, 0, 1, 3, 3, 0, 3, 1, 0, 1, 1, 1, 3, 3, 3, 0, 1, 3]|[2, 1, 1, 0, 1, 0, 0, 1, 2, 1, 0, 1, 1, 1, 0, 2, 0, 1, 1, 2];[19, 5, 11, 6, 17, 12, 16, 1, 9, 15, 10, 2, 0, 3, 18, 14, 4, 13, 7, 8]|[2, 1, 1, 2, 1, 0, 2, 0, 1, 2, 1, 0, 0, 0, 0, 0, 2, 1, 1, 0]|[1, 1, 1, 0, 1, 3, 0, 0, 1, 0, 1, 3, 0, 3, 2, 3, 0, 1, 1, 3]|[1, 1, 1, 0, 1, 0, 1, 2, 1, 0, 1, 0, 0, 2, 1, 2, 1, 1, 1, 0];[19, 5, 11, 6, 17, 12, 16, 1, 9, 15, 10, 2, 0, 3, 18, 14, 4, 13, 7, 8]|[2, 1, 1, 2, 1, 0, 2, 0, 1, 2, 1, 0, 0, 0, 0, 0, 2, 1, 1, 0]|[1, 1, 1, 0, 1, 3, 0, 0, 1, 0, 1, 3, 0, 3, 2, 3, 0, 1, 1, 3]|[1, 1, 1, 0, 1, 0, 1, 2, 1, 0, 1, 0, 0, 2, 1, 2, 1, 1, 1, 0];[12, 19, 16, 15, 8, 10, 18, 5, 0, 17, 2, 7, 1, 4, 3, 6, 14, 9, 11, 13]|[0, 2, 1, 2, 1, 1, 0, 2, 0, 1, 2, 1, 1, 2, 0, 0, 0, 1, 1, 0]|[0, 0, 1, 0, 1, 1, 3, 0, 3, 1, 0, 1, 1, 0, 3, 3, 3, 1, 1, 3]|[0, 1, 1, 0, 1, 1, 2, 1, 0, 1, 0, 1, 1, 1, 0, 2, 0, 1, 1, 0];[19, 10, 15, 18, 2, 5, 7, 17, 12, 8, 16, 3, 6, 9, 1, 14, 4, 13, 11, 0]|[2, 1, 2, 0, 0, 2, 0, 1, 1, 2, 1, 1, 0, 0, 0, 0, 2, 1, 1, 0]|[1, 1, 0, 2, 3, 0, 0, 1, 1, 0, 1, 1, 3, 3, 0, 3, 0, 0, 1, 3]|[1, 1, 0, 1, 0, 1, 2, 1, 1, 0, 1, 0, 0, 0, 2, 2, 1, 1, 1, 0];[19, 10, 15, 18, 2, 5, 7, 17, 12, 8, 16, 3, 6, 9, 1, 14, 4, 13, 11, 0]|[2, 1, 2, 0, 0, 2, 0, 1, 1, 2, 1, 1, 0, 0, 0, 0, 2, 1, 1, 0]|[1, 1, 0, 2, 3, 0, 0, 1, 1, 0, 1, 1, 3, 3, 0, 3, 0, 0, 1, 3]|[1, 1, 0, 1, 0, 1, 2, 1, 1, 0, 1, 0, 0, 0, 2, 2, 1, 1, 1, 0];[0, 19, 16, 10, 15, 11, 18, 12, 5, 1, 17, 6, 9, 7, 14, 13, 3, 4, 2, 8]|[0, 2, 1, 1, 2, 1, 0, 0, 2, 0, 1, 2, 1, 1, 0, 0, 0, 2, 1, 0]|[3, 0, 1, 1, 0, 1, 3, 3, 0, 3, 1, 0, 1, 1, 3, 3, 3, 0, 1, 3]|[1, 1, 1, 0, 0, 1, 0, 2, 1, 2, 1, 0, 1, 1, 0, 2, 0, 1, 1, 2];[0, 19, 16, 10, 15, 11, 12, 18, 5, 8, 2, 17, 9, 1, 3, 14, 13, 4, 6, 7]|[0, 2, 1, 1, 2, 1, 0, 0, 2, 0, 0, 1, 1, 2, 1, 0, 0, 2, 1, 0]|[3, 0, 1, 1, 0, 1, 3, 3, 0, 3, 3, 1, 1, 0, 1, 3, 3, 0, 1, 3]|[0, 1, 1, 1, 0, 1, 2, 0, 1, 2, 0, 1, 1, 0, 1, 2, 0, 1, 1, 0];[0, 19, 16, 10, 15, 11, 12, 18, 5, 8, 2, 17, 9, 1, 3, 14, 13, 4, 6, 7]|[0, 2, 1, 1, 2, 1, 0, 0, 2, 0, 0, 1, 1, 2, 1, 0, 0, 2, 1, 0]|[3, 0, 1, 1, 0, 1, 3, 3, 0, 3, 3, 1, 1, 0, 1, 3, 3, 0, 1, 3]|[0, 1, 1, 1, 0, 1, 2, 0, 1, 2, 0, 1, 1, 0, 1, 2, 0, 1, 1, 0];[0, 19, 16, 2, 4, 1, 6, 13, 15, 12, 18, 5, 14, 10, 17, 9, 7, 3, 11, 8]|[0, 2, 1, 2, 2, 0, 0, 0, 2, 2, 0, 2, 0, 1, 1, 1, 1, 1, 1, 0]|[0, 0, 1, 0, 0, 3, 3, 3, 0, 1, 3, 0, 2, 1, 1, 1, 1, 1, 1, 3]|[2, 1, 1, 0, 1, 0, 0, 2, 0, 0, 0, 1, 0, 1, 1, 1, 1, 1, 1, 2];[0, 19, 16, 10, 15, 11, 12, 1, 5, 7, 17, 6, 9, 3, 13, 2, 14, 4, 18, 8]|[0, 2, 1, 1, 2, 1, 0, 0, 2, 0, 1, 2, 1, 1, 0, 0, 0, 2, 0, 0]|[3, 0, 1, 1, 0, 1, 2, 0, 0, 0, 0, 0, 0, 1, 3, 3, 3, 0, 0, 3]|[1, 1, 1, 0, 0, 1, 0, 2, 1, 2, 1, 0, 1, 0, 0, 2, 0, 1, 1, 0];[8, 19, 16, 10, 15, 11, 12, 0, 5, 1, 3, 6, 9, 13, 2, 14, 18, 4, 17, 7]|[0, 2, 1, 1, 2, 1, 0, 0, 2, 0, 1, 2, 1, 1, 0, 0, 0, 2, 1, 0]|[3, 0, 1, 1, 0, 1, 3, 3, 0, 3, 1, 0, 1, 1, 3, 3, 3, 0, 1, 3]|[0, 1, 1, 1, 0, 1, 2, 0, 1, 2, 1, 0, 1, 1, 0, 2, 0, 1, 1, 0];[8, 19, 16, 10, 15, 11, 12, 0, 5, 1, 3, 6, 9, 13, 2, 14, 18, 4, 17, 7]|[0, 2, 1, 1, 2, 1, 0, 0, 2, 0, 1, 2, 1, 1, 0, 0, 0, 2, 1, 0]|[3, 0, 1, 1, 0, 1, 3, 3, 0, 3, 1, 0, 1, 1, 3, 3, 3, 0, 1, 3]|[0, 1, 1, 1, 0, 1, 2, 0, 1, 2, 1, 0, 1, 1, 0, 2, 0, 1, 1, 0];[0, 19, 16, 10, 15, 11, 12, 1, 5, 7, 17, 6, 9, 3, 13, 2, 14, 4, 18, 8]|[0, 2, 1, 1, 2, 1, 0, 0, 2, 0, 1, 2, 1, 1, 0, 0, 0, 2, 0, 0]|[3, 0, 1, 1, 0, 1, 2, 0, 0, 0, 0, 0, 0, 1, 3, 3, 3, 0, 0, 3]|[1, 1, 1, 0, 0, 1, 0, 2, 1, 2, 1, 0, 1, 0, 0, 2, 0, 1, 1, 0];[0, 19, 16, 10, 15, 11, 12, 18, 5, 14, 7, 2, 13, 4, 8, 1, 3, 6, 17, 9]|[0, 2, 1, 1, 2, 1, 0, 0, 2, 0, 0, 2, 1, 1, 0, 0, 0, 2, 1, 0]|[3, 0, 1, 1, 0, 0, 2, 0, 0, 0, 0, 0, 0, 1, 3, 3, 3, 0, 1, 3]|[1, 1, 1, 1, 0, 1, 0, 2, 1, 2, 1, 0, 1, 0, 0, 2, 2, 1, 1, 0];[0, 19, 16, 10, 15, 11, 12, 18, 5, 14, 7, 2, 13, 4, 8, 1, 3, 6, 17, 9]|[0, 2, 1, 1, 2, 1, 0, 0, 2, 0, 0, 2, 1, 1, 0, 0, 0, 2, 1, 0]|[3, 0, 1, 1, 0, 0, 2, 0, 0, 0, 0, 0, 0, 1, 3, 3, 3, 0, 1, 3]|[1, 1, 1, 1, 0, 1, 0, 2, 1, 2, 1, 0, 1, 0, 0, 2, 2, 1, 1, 0];[0, 19, 16, 10, 15, 11, 12, 18, 5, 14, 7, 2, 13, 4, 8, 1, 3, 6, 17, 9]|[0, 2, 1, 1, 2, 1, 0, 0, 2, 0, 0, 2, 1, 1, 0, 0, 0, 2, 1, 0]|[3, 0, 1, 1, 0, 0, 2, 0, 0, 0, 0, 0, 0, 1, 3, 3, 3, 0, 1, 3]|[1, 1, 1, 1, 0, 1, 0, 2, 1, 2, 1, 0, 1, 0, 0, 2, 2, 1, 1, 0];[0, 19, 16, 10, 15, 11, 12, 18, 5, 14, 7, 2, 13, 4, 8, 1, 3, 6, 17, 9]|[0, 2, 1, 1, 2, 1, 0, 0, 2, 0, 0, 2, 1, 1, 0, 0, 0, 2, 1, 0]|[3, 0, 1, 1, 0, 0, 2, 0, 0, 0, 0, 0, 0, 1, 3, 3, 3, 0, 1, 3]|[1, 1, 1, 1, 0, 1, 0, 2, 1, 2, 1, 0, 1, 0, 0, 2, 2, 1, 1, 0];[0, 19, 16, 10, 15, 11, 12, 18, 5, 14, 7, 2, 13, 4, 8, 1, 3, 6, 17, 9]|[0, 2, 1, 1, 2, 1, 0, 0, 2, 0, 0, 2, 1, 1, 0, 0, 0, 2, 1, 0]|[3, 0, 1, 1, 0, 0, 2, 0, 0, 0, 0, 0, 0, 1, 3, 3, 3, 0, 1, 3]|[1, 1, 1, 1, 0, 1, 0, 2, 1, 2, 1, 0, 1, 0, 0, 2, 2, 1, 1, 0];[0, 19, 16, 10, 15, 11, 12, 18, 5, 14, 7, 2, 13, 4, 8, 1, 3, 6, 17, 9]|[0, 2, 1, 1, 2, 1, 0, 0, 2, 0, 0, 2, 1, 1, 0, 0, 0, 2, 1, 0]|[3, 0, 1, 1, 0, 0, 2, 0, 0, 0, 0, 0, 0, 1, 3, 3, 3, 0, 1, 3]|[1, 1, 1, 1, 0, 1, 0, 2, 1, 2, 1, 0, 1, 0, 0, 2, 2, 1, 1, 0];[0, 19, 16, 14, 15, 11, 12, 18, 5, 10, 7, 9, 2, 3, 13, 6, 8, 4, 17, 1]|[0, 2, 1, 1, 2, 1, 0, 0, 2, 1, 1, 1, 2, 1, 0, 0, 0, 2, 1, 0]|[3, 0, 1, 1, 0, 1, 3, 3, 0, 1, 1, 1, 0, 1, 3, 3, 3, 0, 1, 3]|[0, 1, 1, 1, 0, 1, 0, 2, 1, 1, 1, 1, 0, 1, 0, 2, 0, 1, 1, 0];[0, 19, 16, 14, 15, 11, 12, 18, 5, 10, 7, 9, 2, 3, 13, 6, 8, 4, 17, 1]|[0, 2, 1, 1, 2, 1, 0, 0, 2, 1, 1, 1, 2, 1, 0, 0, 0, 2, 1, 0]|[3, 0, 1, 1, 0, 1, 3, 3, 0, 1, 1, 1, 0, 1, 3, 3, 3, 0, 1, 3]|[0, 1, 1, 1, 0, 1, 0, 2, 1, 1, 1, 1, 0, 1, 0, 2, 0, 1, 1, 0];[2, 19, 16, 10, 15, 11, 8, 5, 0, 17, 6, 7, 9, 12, 14, 18, 4, 3, 13, 1]|[0, 2, 1, 1, 2, 1, 0, 2, 0, 1, 2, 1, 1, 0, 0, 0, 2, 1, 0, 0]|[3, 0, 1, 1, 0, 1, 3, 0, 3, 1, 0, 1, 1, 3, 3, 3, 0, 1, 3, 3]|[0, 1, 1, 0, 0, 1, 2, 1, 0, 1, 0, 1, 0, 2, 0, 2, 1, 1, 0, 0];[0, 19, 16, 10, 15, 11, 12, 18, 5, 14, 7, 2, 13, 4, 8, 1, 3, 6, 17, 9]|[0, 2, 1, 1, 2, 1, 0, 0, 2, 0, 0, 2, 1, 1, 0, 0, 0, 2, 1, 0]|[3, 0, 1, 1, 0, 0, 2, 0, 0, 0, 0, 0, 0, 1, 3, 3, 3, 0, 1, 3]|[1, 1, 1, 1, 0, 1, 0, 2, 1, 2, 1, 0, 1, 0, 0, 2, 2, 1, 1, 0];[0, 19, 16, 10, 15, 11, 12, 18, 5, 14, 7, 2, 13, 4, 8, 1, 3, 6, 17, 9]|[0, 2, 1, 1, 2, 1, 0, 0, 2, 0, 0, 2, 1, 1, 0, 0, 0, 2, 1, 0]|[3, 0, 1, 1, 0, 0, 2, 0, 0, 0, 0, 0, 0, 1, 3, 3, 3, 0, 1, 3]|[1, 1, 1, 1, 0, 1, 0, 2, 1, 2, 1, 0, 1, 0, 0, 2, 2, 1, 1, 0];[0, 19, 16, 10, 15, 11, 12, 18, 5, 14, 7, 2, 13, 4, 8, 1, 3, 6, 17, 9]|[0, 2, 1, 1, 2, 1, 0, 0, 2, 0, 0, 2, 1, 1, 0, 0, 0, 2, 1, 0]|[3, 0, 1, 1, 0, 0, 2, 0, 0, 0, 0, 0, 0, 1, 3, 3, 3, 0, 1, 3]|[1, 1, 1, 1, 0, 1, 0, 2, 1, 2, 1, 0, 1, 0, 0, 2, 2, 1, 1, 0];[19, 16, 10, 15, 11, 12, 5, 18, 3, 6, 1, 13, 0, 9, 14, 8, 17, 4, 2, 7]|[2, 1, 1, 2, 1, 0, 2, 0, 1, 2, 1, 1, 0, 0, 0, 0, 0, 2, 1, 0]|[0, 1, 1, 0, 1, 3, 0, 3, 1, 0, 1, 1, 3, 3, 3, 3, 3, 0, 1, 3]|[1, 1, 0, 0, 1, 0, 1, 2, 1, 0, 1, 1, 0, 0, 2, 0, 2, 1, 1, 0];[19, 16, 10, 15, 11, 12, 5, 18, 3, 6, 1, 13, 0, 9, 14, 8, 17, 4, 2, 7]|[2, 1, 1, 2, 1, 0, 2, 0, 1, 2, 1, 1, 0, 0, 0, 0, 0, 2, 1, 0]|[0, 1, 1, 0, 1, 3, 0, 3, 1, 0, 1, 1, 3, 3, 3, 3, 3, 0, 1, 3]|[1, 1, 0, 0, 1, 0, 1, 2, 1, 0, 1, 1, 0, 0, 2, 0, 2, 1, 1, 0];[0, 19, 16, 10, 15, 11, 12, 1, 5, 18, 7, 2, 9, 17, 14, 8, 6, 3, 4, 13]|[0, 2, 1, 1, 2, 1, 0, 0, 2, 0, 0, 2, 0, 1, 0, 0, 0, 2, 1, 0]|[3, 0, 1, 1, 0, 1, 2, 0, 0, 0, 0, 0, 0, 1, 3, 3, 3, 0, 1, 3]|[1, 1, 1, 0, 0, 1, 0, 2, 1, 2, 1, 0, 1, 0, 0, 2, 0, 1, 1, 2];[0, 19, 16, 10, 15, 11, 12, 1, 5, 18, 7, 2, 9, 17, 14, 8, 6, 3, 4, 13]|[0, 2, 1, 1, 2, 1, 0, 0, 2, 0, 0, 2, 0, 1, 0, 0, 0, 2, 1, 0]|[3, 0, 1, 1, 0, 1, 2, 0, 0, 0, 0, 0, 0, 1, 3, 3, 3, 0, 1, 3]|[1, 1, 1, 0, 0, 1, 0, 2, 1, 2, 1, 0, 1, 0, 0, 2, 0, 1, 1, 2];[0, 19, 16, 10, 15, 11, 12, 1, 5, 18, 17, 6, 9, 3, 13, 2, 7, 4, 14, 8]|[0, 2, 1, 1, 2, 1, 0, 0, 2, 0, 1, 2, 1, 1, 0, 0, 0, 2, 0, 0]|[3, 0, 1, 1, 0, 1, 2, 0, 0, 0, 0, 0, 0, 1, 3, 3, 3, 0, 2, 3]|[1, 1, 1, 0, 0, 1, 0, 2, 1, 2, 1, 0, 1, 0, 0, 2, 0, 1, 1, 2];[0, 19, 16, 10, 15, 11, 12, 18, 5, 14, 3, 6, 9, 13, 2, 8, 1, 17, 4, 7]|[0, 2, 1, 1, 2, 1, 0, 0, 2, 0, 1, 2, 1, 1, 0, 0, 0, 1, 2, 0]|[3, 0, 1, 1, 0, 1, 3, 3, 0, 3, 1, 0, 1, 1, 3, 3, 3, 1, 0, 3]|[0, 1, 1, 1, 0, 1, 2, 0, 1, 2, 1, 0, 1, 1, 0, 2, 0, 1, 1, 0];[0, 19, 16, 10, 15, 11, 12, 18, 5, 14, 3, 6, 9, 13, 2, 8, 1, 17, 4, 7]|[0, 2, 1, 1, 2, 1, 0, 0, 2, 0, 1, 2, 1, 1, 0, 0, 0, 1, 2, 0]|[3, 0, 1, 1, 0, 1, 3, 3, 0, 3, 1, 0, 1, 1, 3, 3, 3, 1, 0, 3]|[0, 1, 1, 1, 0, 1, 2, 0, 1, 2, 1, 0, 1, 1, 0, 2, 0, 1, 1, 0];[0, 19, 16, 10, 15, 11, 12, 1, 5, 7, 17, 6, 18, 9, 13, 3, 14, 4, 2, 8]|[0, 2, 1, 1, 2, 1, 0, 0, 2, 0, 1, 2, 1, 1, 0, 0, 0, 2, 0, 0]|[3, 0, 1, 1, 0, 1, 2, 0, 0, 0, 0, 0, 0, 1, 3, 3, 3, 0, 0, 3]|[1, 1, 1, 0, 0, 1, 0, 2, 1, 2, 1, 0, 1, 0, 0, 2, 0, 1, 1, 2];[11, 19, 16, 10, 15, 0, 12, 8, 5, 3, 17, 9, 6, 2, 4, 14, 18, 7, 13, 1]|[0, 2, 1, 1, 2, 1, 0, 0, 2, 1, 2, 1, 1, 1, 2, 0, 0, 0, 0, 0]|[3, 0, 1, 1, 0, 1, 3, 3, 0, 1, 0, 1, 1, 1, 0, 3, 3, 3, 3, 3]|[0, 1, 1, 1, 0, 1, 2, 0, 1, 1, 0, 1, 1, 1, 1, 2, 0, 2, 0, 0];[11, 19, 16, 10, 15, 0, 12, 8, 5, 3, 17, 9, 6, 2, 4, 14, 18, 7, 13, 1]|[0, 2, 1, 1, 2, 1, 0, 0, 2, 1, 2, 1, 1, 1, 2, 0, 0, 0, 0, 0]|[3, 0, 1, 1, 0, 1, 3, 3, 0, 1, 0, 1, 1, 1, 0, 3, 3, 3, 3, 3]|[0, 1, 1, 1, 0, 1, 2, 0, 1, 1, 0, 1, 1, 1, 1, 2, 0, 2, 0, 0];[19, 16, 10, 15, 11, 6, 14, 8, 5, 17, 2, 7, 9, 3, 12, 18, 1, 13, 4, 0]|[2, 1, 1, 2, 1, 0, 0, 0, 2, 1, 2, 1, 1, 0, 0, 0, 0, 1, 2, 0]|[0, 1, 1, 0, 1, 3, 3, 3, 0, 0, 0, 0, 1, 3, 3, 3, 3, 1, 0, 3]|[1, 1, 0, 0, 1, 0, 2, 0, 1, 1, 0, 1, 0, 2, 0, 0, 2, 1, 1, 0];[0, 19, 16, 10, 15, 11, 18, 1, 5, 12, 17, 6, 9, 3, 13, 14, 2, 4, 7, 8]|[0, 2, 1, 1, 2, 1, 0, 0, 2, 0, 1, 2, 1, 1, 0, 0, 0, 2, 0, 0]|[3, 0, 1, 1, 0, 1, 2, 0, 0, 0, 0, 0, 0, 1, 3, 3, 3, 0, 0, 3]|[1, 1, 1, 0, 0, 1, 0, 2, 1, 2, 1, 0, 1, 0, 0, 2, 0, 1, 1, 1];[0, 4, 16, 10, 15, 11, 7, 12, 17, 6, 13, 14, 3, 19, 2, 5, 18, 1, 9, 8]|[0, 2, 1, 1, 2, 1, 0, 0, 1, 1, 1, 0, 1, 2, 2, 2, 0, 0, 0, 0]|[2, 1, 1, 1, 0, 0, 3, 0, 0, 0, 1, 3, 1, 0, 0, 0, 3, 0, 3, 3]|[1, 0, 1, 0, 1, 1, 0, 2, 1, 1, 0, 0, 1, 1, 0, 1, 0, 2, 2, 0];[0, 4, 16, 10, 15, 11, 7, 12, 17, 6, 13, 14, 3, 19, 2, 5, 18, 1, 9, 8]|[0, 2, 1, 1, 2, 1, 0, 0, 1, 1, 1, 0, 1, 2, 2, 2, 0, 0, 0, 0]|[2, 1, 1, 1, 0, 0, 3, 0, 0, 0, 1, 3, 1, 0, 0, 0, 3, 0, 3, 3]|[1, 0, 1, 0, 1, 1, 0, 2, 1, 1, 0, 0, 1, 1, 0, 1, 0, 2, 2, 0];[19, 16, 9, 15, 11, 12, 2, 5, 8, 3, 6, 10, 13, 0, 7, 18, 4, 17, 14, 1]|[2, 1, 1, 2, 1, 0, 0, 2, 0, 1, 2, 1, 1, 0, 0, 0, 2, 1, 0, 0]|[0, 1, 1, 0, 1, 3, 3, 0, 3, 1, 0, 1, 1, 3, 3, 3, 0, 1, 3, 3]|[1, 1, 1, 0, 1, 2, 0, 1, 2, 1, 0, 1, 1, 0, 2, 0, 1, 1, 2, 0];[0, 19, 4, 7, 16, 1, 18, 11, 12, 15, 10, 2, 8, 14, 6, 9, 5, 17, 13, 3]|[0, 2, 2, 0, 2, 0, 0, 1, 1, 2, 1, 0, 0, 0, 2, 1, 1, 1, 1, 0]|[0, 1, 0, 3, 0, 0, 2, 1, 1, 0, 1, 3, 3, 0, 0, 0, 1, 1, 1, 3]|[1, 1, 0, 2, 1, 2, 1, 1, 1, 0, 0, 0, 2, 0, 1, 1, 1, 1, 1, 0];[7, 4, 1, 12, 11, 15, 10, 16, 19, 14, 17, 6, 0, 8, 13, 3, 9, 5, 2, 18]|[0, 2, 0, 0, 1, 2, 1, 1, 2, 0, 1, 2, 0, 0, 0, 1, 0, 2, 1, 0]|[0, 1, 0, 2, 1, 0, 1, 0, 0, 3, 0, 0, 3, 3, 3, 1, 0, 0, 1, 3]|[2, 1, 2, 1, 1, 0, 0, 1, 1, 0, 1, 0, 0, 2, 0, 0, 1, 1, 1, 0];[0, 19, 16, 10, 15, 11, 12, 1, 5, 14, 17, 4, 9, 7, 13, 8, 18, 2, 6, 3]|[0, 2, 1, 1, 2, 1, 0, 0, 2, 0, 1, 2, 0, 1, 0, 0, 0, 2, 0, 0]|[3, 0, 1, 1, 0, 1, 2, 0, 0, 0, 0, 0, 0, 1, 3, 3, 3, 0, 3, 3]|[1, 1, 1, 0, 0, 1, 0, 2, 1, 2, 1, 0, 1, 1, 0, 2, 0, 1, 2, 2]	sBp=[0, 19, 16, 10, 15, 11, 12, 1, 5, 14, 17, 4, 9, 7, 2, 13, 18, 6, 3, 8]|[0, 2, 1, 1, 2, 1, 0, 0, 2, 0, 1, 2, 1, 1, 0, 0, 0, 2, 1, 0]|[3, 0, 1, 1, 0, 1, 2, 0, 0, 0, 1, 0, 1, 1, 3, 3, 3, 0, 1, 3]|[1, 1, 1, 0, 0, 1, 0, 2, 1, 2, 1, 0, 1, 1, 0, 2, 0, 1, 1, 2];[0, 19, 16, 10, 15, 11, 12, 18, 5, 3, 17, 2, 7, 9, 6, 14, 8, 4, 13, 1]|[0, 2, 1, 1, 2, 1, 0, 0, 2, 0, 1, 2, 1, 1, 0, 0, 0, 2, 1, 0]|[3, 0, 1, 1, 0, 1, 2, 0, 0, 0, 1, 0, 1, 1, 3, 3, 3, 0, 1, 3]|[1, 1, 1, 0, 0, 1, 0, 2, 1, 2, 1, 0, 1, 1, 0, 2, 0, 1, 1, 0];[0, 19, 16, 10, 15, 11, 12, 1, 5, 7, 17, 4, 9, 14, 18, 13, 2, 6, 3, 8]|[0, 2, 1, 1, 2, 1, 0, 0, 2, 0, 1, 2, 1, 1, 0, 0, 0, 2, 1, 0]|[3, 0, 1, 1, 0, 1, 2, 0, 0, 0, 1, 0, 1, 1, 3, 3, 3, 0, 1, 3]|[1, 1, 1, 0, 0, 1, 0, 2, 1, 2, 1, 0, 1, 1, 0, 2, 0, 1, 1, 2];[0, 19, 16, 15, 12, 1, 5, 7, 6, 10, 14, 18, 2, 4, 9, 13, 11, 17, 3, 8]|[0, 2, 1, 2, 0, 0, 2, 0, 2, 1, 0, 0, 0, 2, 1, 1, 1, 1, 1, 0]|[3, 0, 1, 0, 2, 0, 0, 0, 0, 1, 3, 3, 3, 0, 1, 1, 1, 1, 1, 3]|[1, 1, 1, 0, 2, 0, 1, 2, 0, 1, 0, 2, 0, 1, 1, 1, 1, 1, 1, 2];[0, 4, 5, 10, 15, 11, 18, 1, 16, 7, 17, 2, 9, 14, 12, 6, 3, 19, 13, 8]|[0, 2, 1, 1, 2, 1, 0, 0, 2, 0, 1, 2, 1, 1, 0, 0, 0, 2, 1, 0]|[3, 0, 1, 1, 0, 0, 2, 0, 0, 0, 1, 0, 1, 1, 3, 3, 3, 0, 1, 3]|[1, 1, 1, 0, 0, 1, 0, 2, 1, 2, 1, 0, 1, 1, 0, 2, 0, 1, 1, 2];[0, 19, 16, 10, 15, 11, 18, 8, 5, 12, 17, 6, 7, 9, 14, 2, 13, 4, 3, 1]|[0, 2, 1, 1, 2, 1, 0, 0, 2, 0, 1, 2, 1, 1, 0, 0, 0, 2, 1, 1]|[3, 0, 1, 1, 0, 1, 3, 0, 0, 0, 1, 0, 0, 1, 3, 3, 3, 0, 1, 1]|[1, 1, 1, 0, 0, 1, 0, 2, 1, 2, 1, 0, 1, 0, 0, 2, 0, 1, 1, 1];[18, 5, 1, 12, 11, 15, 10, 16, 19, 7, 4, 14, 17, 13, 0, 9, 2, 8, 6, 3]|[0, 2, 0, 0, 1, 2, 1, 1, 2, 0, 2, 0, 1, 0, 0, 0, 2, 0, 0, 0]|[2, 0, 0, 3, 1, 0, 1, 1, 0, 3, 0, 0, 1, 3, 3, 0, 0, 3, 3, 3]|[2, 1, 2, 0, 1, 0, 0, 1, 1, 1, 0, 1, 1, 0, 2, 1, 1, 0, 2, 0];[18, 5, 1, 12, 11, 15, 10, 16, 19, 7, 4, 14, 17, 13, 0, 9, 2, 8, 6, 3]|[0, 2, 0, 0, 1, 2, 1, 1, 2, 0, 2, 0, 1, 0, 0, 0, 2, 0, 0, 0]|[2, 0, 0, 3, 1, 0, 1, 1, 0, 3, 0, 0, 1, 3, 3, 0, 0, 3, 3, 3]|[2, 1, 2, 0, 1, 0, 0, 1, 1, 1, 0, 1, 1, 0, 2, 1, 1, 0, 2, 0];[0, 19, 16, 10, 15, 11, 12, 18, 5, 7, 17, 1, 9, 3, 6, 13, 8, 4, 2, 14]|[0, 2, 1, 1, 2, 1, 0, 0, 2, 0, 1, 2, 1, 1, 0, 0, 0, 2, 1, 0]|[3, 0, 1, 1, 0, 0, 2, 0, 0, 0, 1, 0, 1, 1, 3, 3, 3, 0, 1, 3]|[1, 1, 1, 0, 0, 1, 0, 2, 1, 2, 1, 0, 1, 1, 0, 2, 0, 1, 1, 2];[0, 19, 5, 10, 15, 11, 18, 1, 16, 7, 12, 6, 9, 13, 17, 2, 3, 4, 8, 14]|[0, 2, 1, 1, 2, 1, 0, 0, 2, 0, 1, 2, 1, 1, 0, 0, 0, 2, 1, 0]|[3, 0, 1, 1, 0, 1, 2, 0, 0, 0, 0, 0, 0, 1, 3, 3, 3, 0, 1, 3]|[1, 1, 1, 1, 0, 1, 0, 2, 1, 1, 1, 0, 1, 0, 0, 2, 2, 1, 1, 0];[0, 19, 16, 10, 15, 11, 12, 1, 5, 7, 17, 6, 9, 14, 8, 3, 13, 2, 4, 18]|[0, 2, 1, 1, 2, 1, 0, 0, 2, 0, 1, 2, 0, 1, 0, 0, 0, 2, 1, 0]|[3, 0, 1, 1, 0, 1, 2, 0, 0, 0, 1, 0, 0, 1, 3, 3, 3, 0, 0, 3]|[1, 1, 1, 1, 0, 1, 0, 2, 1, 2, 1, 0, 1, 0, 0, 2, 0, 1, 1, 2];[12, 11, 15, 10, 16, 19, 0, 5, 14, 7, 2, 17, 13, 8, 3, 1, 4, 9, 18, 6]|[0, 1, 2, 1, 1, 2, 0, 2, 0, 0, 2, 1, 0, 0, 0, 0, 2, 0, 0, 0]|[3, 1, 0, 1, 1, 0, 3, 0, 0, 0, 0, 1, 3, 3, 3, 0, 0, 0, 0, 3]|[0, 1, 0, 0, 1, 1, 1, 1, 2, 2, 0, 1, 0, 0, 0, 2, 1, 1, 2, 2];[0, 19, 16, 10, 15, 11, 12, 18, 5, 1, 17, 2, 9, 7, 6, 8, 13, 4, 14, 3]|[0, 2, 1, 1, 2, 1, 0, 0, 2, 0, 1, 2, 1, 1, 0, 0, 0, 2, 1, 0]|[3, 0, 1, 1, 0, 1, 2, 0, 0, 3, 1, 0, 1, 1, 3, 3, 3, 0, 1, 3]|[1, 1, 1, 0, 0, 1, 2, 0, 1, 2, 1, 1, 1, 1, 0, 2, 0, 1, 1, 0];[0, 19, 16, 10, 15, 11, 12, 1, 5, 18, 7, 3, 9, 6, 8, 17, 2, 4, 14, 13]|[0, 2, 1, 1, 2, 1, 0, 0, 2, 0, 1, 2, 1, 1, 0, 0, 0, 2, 1, 0]|[3, 0, 1, 1, 0, 1, 2, 2, 0, 3, 1, 0, 1, 1, 3, 3, 3, 0, 1, 3]|[1, 1, 1, 0, 0, 1, 2, 0, 1, 2, 1, 0, 1, 1, 0, 2, 0, 1, 1, 2];[18, 1, 5, 12, 11, 15, 10, 16, 19, 0, 2, 9, 17, 7, 14, 13, 4, 6, 3, 8]|[0, 0, 2, 0, 1, 2, 1, 1, 2, 0, 2, 0, 1, 0, 0, 0, 2, 0, 0, 0]|[0, 0, 0, 2, 1, 0, 1, 1, 0, 3, 0, 0, 1, 0, 3, 3, 0, 3, 3, 3]|[2, 2, 1, 0, 1, 0, 0, 1, 1, 1, 0, 1, 0, 1, 0, 0, 1, 2, 1, 0];[18, 1, 5, 12, 11, 15, 10, 16, 19, 0, 2, 9, 17, 7, 14, 13, 4, 6, 3, 8]|[0, 0, 2, 0, 1, 2, 1, 1, 2, 0, 2, 0, 1, 0, 0, 0, 2, 0, 0, 0]|[0, 0, 0, 2, 1, 0, 1, 1, 0, 3, 0, 0, 1, 0, 3, 3, 0, 3, 3, 3]|[2, 2, 1, 0, 1, 0, 0, 1, 1, 1, 0, 1, 0, 1, 0, 0, 1, 2, 1, 0];[0, 19, 16, 10, 15, 11, 12, 18, 2, 1, 17, 5, 9, 13, 3, 6, 7, 4, 14, 8]|[0, 2, 1, 1, 2, 1, 0, 0, 2, 0, 1, 2, 1, 1, 0, 0, 0, 2, 1, 0]|[3, 0, 1, 1, 0, 1, 3, 3, 0, 3, 1, 0, 1, 1, 3, 3, 3, 0, 1, 3]|[0, 1, 1, 1, 0, 1, 0, 2, 1, 2, 1, 0, 1, 1, 0, 2, 0, 1, 1, 2];[3, 12, 5, 8, 17, 11, 15, 10, 16, 19, 0, 2, 9, 6, 18, 1, 13, 4, 7, 14]|[0, 0, 2, 0, 0, 1, 2, 1, 1, 2, 0, 2, 0, 1, 0, 0, 0, 2, 0, 0]|[3, 0, 0, 0, 0, 1, 0, 1, 1, 0, 3, 0, 0, 1, 3, 3, 3, 0, 3, 3]|[0, 2, 1, 2, 2, 1, 0, 0, 1, 1, 1, 0, 1, 1, 0, 0, 2, 1, 1, 0];[3, 12, 5, 8, 17, 11, 15, 10, 16, 19, 0, 2, 9, 6, 18, 1, 13, 4, 7, 14]|[0, 0, 2, 0, 0, 1, 2, 1, 1, 2, 0, 2, 0, 1, 0, 0, 0, 2, 0, 0]|[3, 0, 0, 0, 0, 1, 0, 1, 1, 0, 3, 0, 0, 1, 3, 3, 3, 0, 3, 3]|[0, 2, 1, 2, 2, 1, 0, 0, 1, 1, 1, 0, 1, 1, 0, 0, 2, 1, 1, 0];[12, 8, 4, 3, 13, 14, 17, 9, 2, 7, 18, 5, 1, 6, 11, 15, 10, 16, 19, 0]|[0, 0, 2, 0, 0, 0, 1, 0, 2, 0, 0, 2, 0, 0, 1, 2, 1, 1, 2, 0]|[3, 0, 0, 3, 3, 3, 1, 0, 0, 0, 0, 0, 0, 3, 1, 0, 1, 1, 0, 3]|[2, 1, 1, 0, 2, 0, 1, 1, 0, 1, 2, 1, 2, 0, 1, 0, 0, 1, 1, 1];[0, 19, 16, 10, 15, 11, 12, 1, 5, 7, 17, 6, 9, 3, 13, 8, 14, 2, 4, 18]|[0, 2, 1, 1, 2, 1, 0, 0, 2, 0, 1, 2, 0, 1, 0, 0, 0, 2, 1, 0]|[3, 0, 1, 1, 0, 1, 2, 0, 0, 0, 0, 0, 0, 1, 3, 3, 3, 0, 1, 3]|[1, 1, 1, 0, 0, 1, 0, 2, 1, 2, 1, 0, 1, 0, 0, 2, 0, 1, 1, 2];[0, 19, 16, 15, 11, 8, 12, 18, 5, 3, 17, 2, 9, 10, 14, 1, 13, 4, 6, 7]|[0, 2, 1, 2, 1, 1, 0, 0, 2, 0, 1, 2, 1, 1, 0, 0, 0, 2, 1, 0]|[3, 0, 1, 0, 1, 1, 3, 3, 0, 3, 1, 0, 1, 1, 3, 3, 3, 0, 1, 3]|[2, 1, 1, 0, 1, 1, 0, 0, 1, 2, 1, 0, 1, 1, 0, 2, 0, 1, 1, 0];[0, 19, 16, 15, 11, 8, 12, 18, 5, 3, 17, 2, 9, 10, 14, 1, 13, 4, 6, 7]|[0, 2, 1, 2, 1, 1, 0, 0, 2, 0, 1, 2, 1, 1, 0, 0, 0, 2, 1, 0]|[3, 0, 1, 0, 1, 1, 3, 3, 0, 3, 1, 0, 1, 1, 3, 3, 3, 0, 1, 3]|[2, 1, 1, 0, 1, 1, 0, 0, 1, 2, 1, 0, 1, 1, 0, 2, 0, 1, 1, 0];[0, 19, 5, 10, 15, 11, 18, 1, 16, 7, 12, 4, 2, 9, 17, 3, 6, 14, 13, 8]|[0, 2, 1, 1, 2, 1, 0, 0, 2, 0, 1, 2, 1, 1, 0, 0, 0, 2, 1, 0]|[3, 0, 1, 1, 0, 0, 2, 0, 0, 0, 1, 0, 1, 1, 3, 3, 3, 0, 1, 3]|[1, 1, 1, 0, 0, 1, 2, 0, 1, 2, 1, 0, 1, 0, 0, 2, 0, 1, 1, 2];[0, 19, 16, 10, 15, 11, 18, 1, 5, 12, 17, 2, 7, 13, 6, 3, 14, 4, 9, 8]|[0, 2, 1, 1, 2, 1, 0, 0, 2, 0, 1, 2, 1, 1, 0, 0, 0, 2, 1, 0]|[3, 0, 1, 1, 0, 1, 2, 0, 0, 0, 0, 0, 0, 1, 3, 3, 3, 0, 1, 3]|[1, 1, 1, 0, 0, 1, 0, 2, 1, 2, 1, 0, 1, 0, 0, 2, 0, 1, 1, 2];[0, 19, 16, 10, 15, 11, 12, 8, 5, 18, 17, 2, 9, 3, 6, 1, 14, 4, 7, 13]|[0, 2, 1, 1, 2, 1, 0, 0, 2, 0, 1, 2, 1, 1, 0, 0, 0, 2, 1, 0]|[3, 0, 1, 1, 0, 1, 3, 2, 0, 3, 1, 0, 1, 1, 3, 3, 3, 0, 1, 3]|[0, 1, 1, 0, 0, 1, 0, 2, 1, 2, 1, 0, 1, 1, 0, 2, 0, 1, 1, 0];[0, 19, 16, 10, 15, 11, 12, 18, 5, 3, 17, 2, 9, 7, 14, 1, 6, 4, 13, 8]|[0, 2, 1, 1, 2, 1, 0, 0, 2, 0, 1, 2, 1, 1, 0, 0, 0, 2, 1, 0]|[3, 0, 1, 1, 0, 1, 3, 0, 0, 3, 1, 0, 1, 1, 3, 3, 3, 0, 1, 3]|[0, 1, 1, 1, 0, 1, 2, 0, 1, 2, 1, 0, 1, 1, 0, 2, 0, 1, 1, 0];[0, 19, 16, 10, 15, 11, 12, 18, 5, 6, 17, 8, 9, 13, 3, 1, 7, 4, 14, 2]|[0, 2, 1, 1, 2, 1, 0, 0, 2, 0, 1, 2, 1, 1, 0, 0, 0, 2, 1, 0]|[3, 0, 1, 1, 0, 0, 2, 0, 0, 3, 1, 0, 1, 1, 3, 3, 3, 0, 1, 3]|[0, 1, 1, 0, 0, 1, 0, 2, 1, 2, 1, 0, 1, 1, 0, 2, 0, 1, 1, 2];[0, 19, 16, 10, 15, 11, 18, 8, 5, 12, 3, 6, 9, 17, 2, 1, 13, 4, 14, 7]|[0, 2, 1, 1, 2, 1, 0, 0, 2, 0, 1, 2, 1, 1, 0, 0, 0, 2, 1, 0]|[3, 0, 1, 1, 0, 1, 3, 0, 0, 0, 0, 0, 0, 1, 3, 3, 3, 0, 1, 3]|[1, 1, 1, 1, 0, 0, 0, 2, 1, 2, 1, 0, 1, 1, 0, 2, 0, 1, 1, 0];[0, 19, 16, 10, 15, 11, 12, 18, 5, 8, 17, 1, 9, 13, 3, 6, 7, 4, 2, 14]|[0, 2, 1, 1, 2, 1, 0, 0, 2, 0, 1, 2, 1, 1, 0, 0, 0, 2, 1, 0]|[3, 0, 1, 1, 0, 1, 3, 0, 0, 3, 1, 0, 1, 1, 3, 3, 3, 0, 1, 3]|[0, 1, 1, 1, 0, 1, 2, 0, 1, 2, 1, 0, 1, 1, 0, 2, 0, 1, 1, 0];[0, 19, 16, 10, 15, 11, 12, 1, 5, 14, 17, 2, 9, 13, 8, 3, 7, 4, 6, 18]|[0, 2, 1, 1, 2, 1, 0, 0, 2, 0, 1, 2, 1, 1, 0, 0, 0, 2, 1, 0]|[3, 0, 1, 1, 0, 1, 2, 0, 0, 0, 1, 0, 1, 1, 3, 3, 3, 0, 1, 3]|[1, 1, 1, 0, 0, 1, 0, 2, 1, 2, 1, 0, 1, 1, 0, 2, 0, 1, 1, 0];[0, 19, 6, 10, 15, 11, 18, 8, 4, 12, 17, 2, 1, 9, 14, 3, 13, 16, 5, 7]|[0, 2, 1, 1, 2, 1, 0, 0, 2, 0, 1, 2, 1, 1, 0, 0, 0, 2, 1, 0]|[3, 0, 1, 1, 0, 1, 2, 0, 0, 0, 1, 0, 0, 1, 3, 3, 3, 0, 1, 3]|[1, 1, 1, 0, 0, 1, 0, 2, 1, 2, 1, 0, 1, 0, 0, 2, 0, 1, 1, 0];[0, 19, 16, 10, 15, 11, 12, 1, 5, 7, 17, 6, 9, 3, 13, 18, 14, 2, 4, 8]|[0, 2, 1, 1, 2, 1, 0, 0, 2, 0, 1, 2, 0, 1, 0, 0, 0, 2, 1, 0]|[3, 0, 1, 1, 0, 1, 2, 0, 0, 0, 0, 0, 0, 1, 3, 3, 3, 0, 0, 3]|[1, 1, 1, 0, 0, 1, 0, 2, 1, 2, 1, 0, 1, 0, 0, 2, 0, 1, 1, 2];[12, 5, 8, 3, 11, 15, 10, 16, 19, 0, 17, 2, 9, 6, 1, 13, 14, 4, 7, 18]|[0, 2, 0, 0, 1, 2, 1, 1, 2, 0, 0, 2, 0, 1, 0, 0, 0, 2, 0, 0]|[0, 0, 0, 3, 1, 0, 1, 1, 0, 3, 0, 0, 0, 1, 3, 3, 3, 0, 3, 3]|[2, 1, 2, 0, 1, 0, 0, 1, 1, 1, 1, 0, 1, 1, 0, 2, 0, 1, 1, 0];[12, 5, 8, 3, 11, 15, 10, 16, 19, 0, 17, 2, 9, 6, 1, 13, 14, 4, 7, 18]|[0, 2, 0, 0, 1, 2, 1, 1, 2, 0, 0, 2, 0, 1, 0, 0, 0, 2, 0, 0]|[0, 0, 0, 3, 1, 0, 1, 1, 0, 3, 0, 0, 0, 1, 3, 3, 3, 0, 3, 3]|[2, 1, 2, 0, 1, 0, 0, 1, 1, 1, 1, 0, 1, 1, 0, 2, 0, 1, 1, 0];[0, 19, 16, 10, 15, 11, 12, 1, 5, 7, 17, 6, 9, 3, 13, 18, 14, 2, 4, 8]|[0, 2, 1, 1, 2, 1, 0, 0, 2, 0, 1, 2, 0, 1, 0, 0, 0, 2, 1, 0]|[3, 0, 1, 1, 0, 1, 2, 0, 0, 0, 0, 0, 0, 1, 3, 3, 3, 0, 0, 3]|[1, 1, 1, 0, 0, 1, 0, 2, 1, 2, 1, 0, 1, 0, 0, 2, 0, 1, 1, 2];[0, 19, 16, 10, 15, 11, 18, 8, 5, 12, 3, 6, 9, 7, 14, 13, 1, 4, 2, 17]|[0, 2, 1, 1, 2, 1, 0, 0, 2, 0, 1, 2, 1, 1, 0, 0, 0, 2, 1, 0]|[3, 0, 1, 1, 0, 1, 3, 2, 0, 3, 1, 0, 1, 1, 3, 3, 3, 0, 1, 3]|[1, 1, 1, 0, 0, 1, 0, 2, 1, 2, 1, 0, 1, 1, 0, 2, 0, 1, 1, 2];[0, 19, 16, 10, 15, 11, 12, 18, 5, 7, 17, 4, 9, 3, 8, 14, 6, 2, 13, 1]|[0, 2, 1, 1, 2, 1, 0, 0, 2, 0, 1, 2, 1, 1, 0, 0, 0, 2, 1, 0]|[3, 0, 1, 1, 0, 1, 3, 0, 0, 3, 1, 0, 0, 1, 3, 3, 3, 0, 1, 3]|[1, 1, 1, 0, 0, 1, 0, 2, 1, 2, 1, 0, 1, 0, 0, 2, 0, 1, 1, 2];[18, 19, 16, 10, 15, 11, 12, 1, 5, 0, 7, 2, 9, 17, 3, 8, 4, 14, 13, 6]|[0, 2, 1, 1, 2, 1, 0, 0, 2, 0, 0, 2, 0, 1, 0, 0, 2, 0, 0, 0]|[0, 0, 1, 1, 0, 1, 2, 0, 0, 3, 0, 0, 0, 1, 0, 3, 0, 3, 3, 3]|[0, 1, 1, 0, 0, 1, 2, 2, 1, 1, 2, 0, 1, 1, 2, 0, 1, 0, 0, 2];[0, 19, 16, 10, 15, 11, 12, 1, 5, 7, 17, 6, 9, 3, 13, 2, 18, 4, 14, 8]|[0, 2, 1, 1, 2, 1, 0, 0, 2, 0, 1, 2, 1, 1, 0, 0, 0, 2, 0, 0]|[3, 0, 1, 1, 0, 1, 2, 0, 0, 0, 1, 0, 0, 1, 3, 3, 3, 0, 2, 3]|[1, 1, 1, 0, 0, 1, 0, 2, 1, 2, 1, 0, 1, 0, 0, 2, 0, 1, 1, 2];[0, 19, 16, 10, 15, 11, 12, 18, 5, 14, 3, 1, 9, 17, 2, 8, 13, 4, 6, 7]|[0, 2, 1, 1, 2, 1, 0, 0, 2, 0, 1, 2, 1, 1, 0, 0, 0, 2, 1, 0]|[3, 0, 1, 1, 0, 1, 2, 0, 0, 0, 1, 0, 1, 1, 3, 3, 3, 0, 1, 3]|[1, 1, 1, 1, 0, 1, 0, 2, 1, 2, 1, 0, 1, 1, 0, 2, 0, 1, 1, 0];[19, 16, 10, 15, 11, 12, 14, 4, 8, 3, 6, 1, 13, 9, 18, 17, 2, 5, 7, 0]|[2, 1, 1, 2, 1, 0, 0, 2, 0, 1, 2, 0, 1, 0, 0, 0, 2, 1, 0, 0]|[0, 1, 1, 0, 1, 3, 3, 0, 3, 1, 0, 3, 1, 3, 3, 3, 0, 1, 3, 3]|[1, 1, 0, 0, 1, 0, 2, 1, 0, 1, 0, 2, 1, 0, 2, 0, 1, 1, 2, 0];[19, 16, 10, 15, 11, 12, 14, 4, 8, 3, 6, 1, 13, 9, 18, 17, 2, 5, 7, 0]|[2, 1, 1, 2, 1, 0, 0, 2, 0, 1, 2, 0, 1, 0, 0, 0, 2, 1, 0, 0]|[0, 1, 1, 0, 1, 3, 3, 0, 3, 1, 0, 3, 1, 3, 3, 3, 0, 1, 3, 3]|[1, 1, 0, 0, 1, 0, 2, 1, 0, 1, 0, 2, 1, 0, 2, 0, 1, 1, 2, 0];[18, 19, 16, 10, 15, 11, 12, 1, 5, 0, 7, 2, 9, 17, 3, 8, 4, 14, 13, 6]|[0, 2, 1, 1, 2, 1, 0, 0, 2, 0, 0, 2, 0, 1, 0, 0, 2, 0, 0, 0]|[0, 0, 1, 1, 0, 1, 2, 0, 0, 3, 0, 0, 0, 1, 0, 3, 0, 3, 3, 3]|[0, 1, 1, 0, 0, 1, 2, 2, 1, 1, 2, 0, 1, 1, 2, 0, 1, 0, 0, 2];[0, 19, 16, 10, 15, 11, 12, 1, 5, 7, 17, 6, 9, 3, 13, 2, 18, 4, 14, 8]|[0, 2, 1, 1, 2, 1, 0, 0, 2, 0, 1, 2, 1, 1, 0, 0, 0, 2, 0, 0]|[3, 0, 1, 1, 0, 1, 2, 0, 0, 0, 1, 0, 0, 1, 3, 3, 3, 0, 2, 3]|[1, 1, 1, 0, 0, 1, 0, 2, 1, 2, 1, 0, 1, 0, 0, 2, 0, 1, 1, 2];[17, 19, 5, 2, 4, 12, 9, 7, 16, 1, 18, 11, 15, 10, 0, 3, 6, 14, 13, 8]|[0, 2, 1, 1, 2, 1, 1, 0, 2, 0, 0, 1, 2, 1, 0, 0, 0, 2, 1, 0]|[3, 1, 1, 1, 0, 1, 1, 0, 0, 0, 2, 0, 0, 1, 3, 3, 3, 0, 1, 3]|[0, 1, 1, 1, 0, 1, 1, 2, 1, 0, 2, 1, 0, 0, 1, 2, 0, 1, 1, 2];[19, 16, 10, 15, 11, 18, 4, 12, 17, 2, 7, 13, 6, 0, 1, 3, 14, 5, 9, 8]|[2, 1, 1, 2, 1, 0, 2, 0, 1, 2, 1, 1, 0, 0, 0, 0, 0, 2, 1, 0]|[1, 1, 1, 0, 1, 2, 0, 0, 0, 0, 0, 1, 3, 3, 0, 3, 3, 0, 1, 3]|[1, 1, 0, 0, 1, 1, 1, 2, 1, 0, 1, 0, 0, 0, 2, 2, 0, 1, 1, 2];[19, 16, 10, 15, 11, 18, 4, 12, 17, 2, 7, 13, 6, 0, 1, 3, 14, 5, 9, 8]|[2, 1, 1, 2, 1, 0, 2, 0, 1, 2, 1, 1, 0, 0, 0, 0, 0, 2, 1, 0]|[1, 1, 1, 0, 1, 2, 0, 0, 0, 0, 0, 1, 3, 3, 0, 3, 3, 0, 1, 3]|[1, 1, 0, 0, 1, 1, 1, 2, 1, 0, 1, 0, 0, 0, 2, 2, 0, 1, 1, 2];[0, 19, 16, 10, 15, 11, 12, 14, 5, 1, 17, 2, 9, 3, 8, 6, 18, 4, 13, 7]|[0, 2, 1, 1, 2, 1, 0, 0, 2, 0, 1, 2, 1, 1, 0, 0, 0, 2, 1, 0]|[3, 0, 1, 1, 0, 1, 3, 3, 0, 3, 1, 0, 1, 1, 3, 3, 3, 0, 1, 3]|[0, 1, 1, 1, 1, 1, 2, 0, 1, 2, 1, 0, 1, 1, 0, 2, 0, 1, 1, 0];[0, 19, 16, 10, 15, 11, 12, 3, 5, 18, 6, 17, 7, 1, 2, 14, 13, 4, 9, 8]|[0, 2, 1, 1, 2, 1, 0, 0, 2, 0, 1, 2, 1, 1, 0, 0, 0, 2, 1, 0]|[3, 0, 1, 1, 0, 0, 2, 0, 0, 3, 1, 0, 1, 1, 3, 3, 3, 0, 1, 3]|[1, 1, 1, 0, 0, 1, 0, 2, 1, 2, 1, 0, 1, 1, 0, 2, 0, 1, 1, 2];[0, 19, 16, 10, 15, 11, 18, 8, 5, 12, 2, 6, 7, 17, 9, 1, 3, 4, 13, 14]|[0, 2, 1, 1, 2, 1, 0, 0, 2, 0, 1, 2, 1, 1, 0, 0, 0, 2, 1, 0]|[3, 0, 1, 1, 0, 1, 3, 2, 0, 0, 1, 0, 0, 1, 3, 3, 3, 0, 1, 3]|[1, 1, 1, 1, 0, 1, 0, 2, 1, 2, 1, 0, 1, 1, 0, 2, 0, 1, 1, 2];[14, 19, 16, 10, 11, 15, 12, 8, 4, 1, 18, 3, 17, 9, 13, 7, 2, 5, 6, 0]|[0, 2, 1, 1, 2, 1, 0, 0, 2, 0, 0, 1, 2, 1, 1, 0, 0, 2, 1, 0]|[3, 0, 1, 1, 0, 1, 3, 3, 0, 3, 3, 1, 0, 1, 1, 3, 3, 0, 1, 3]|[0, 1, 1, 1, 0, 1, 2, 0, 1, 2, 0, 1, 0, 0, 1, 0, 2, 1, 1, 0];[19, 16, 10, 15, 11, 12, 5, 8, 9, 17, 6, 7, 1, 0, 14, 13, 18, 2, 4, 3]|[2, 1, 1, 2, 1, 0, 2, 0, 0, 1, 2, 1, 1, 0, 0, 0, 0, 2, 1, 0]|[0, 1, 1, 0, 1, 3, 0, 3, 3, 1, 0, 1, 1, 3, 3, 3, 3, 0, 1, 3]|[1, 1, 1, 0, 1, 2, 1, 0, 2, 1, 0, 1, 1, 0, 2, 0, 2, 1, 1, 0];[19, 16, 10, 15, 11, 12, 5, 8, 9, 17, 6, 7, 1, 0, 14, 13, 18, 2, 4, 3]|[2, 1, 1, 2, 1, 0, 2, 0, 0, 1, 2, 1, 1, 0, 0, 0, 0, 2, 1, 0]|[0, 1, 1, 0, 1, 3, 0, 3, 3, 1, 0, 1, 1, 3, 3, 3, 3, 0, 1, 3]|[1, 1, 1, 0, 1, 2, 1, 0, 2, 1, 0, 1, 1, 0, 2, 0, 2, 1, 1, 0];[0, 19, 16, 10, 15, 11, 18, 1, 5, 12, 17, 6, 9, 7, 2, 14, 13, 4, 3, 8]|[0, 2, 1, 1, 2, 1, 0, 0, 2, 0, 1, 2, 1, 1, 0, 0, 0, 2, 1, 0]|[3, 0, 1, 1, 0, 1, 3, 0, 0, 0, 1, 0, 0, 1, 3, 3, 3, 0, 1, 3]|[1, 1, 1, 0, 0, 1, 0, 2, 1, 2, 1, 0, 1, 0, 0, 2, 2, 1, 1, 0];[0, 19, 16, 10, 15, 11, 18, 8, 5, 12, 17, 2, 7, 9, 1, 14, 6, 4, 13, 3]|[0, 2, 1, 1, 2, 1, 0, 0, 2, 0, 1, 2, 1, 1, 0, 0, 0, 2, 1, 0]|[3, 0, 1, 1, 0, 1, 3, 0, 0, 0, 1, 0, 0, 1, 3, 3, 3, 0, 1, 3]|[1, 1, 1, 0, 0, 1, 0, 2, 1, 2, 1, 0, 1, 0, 0, 2, 0, 1, 1, 0];[0, 19, 5, 15, 16, 18, 12, 4, 8, 10, 6, 7, 17, 11, 14, 13, 3, 9, 2, 1]|[0, 2, 1, 2, 1, 0, 0, 2, 0, 1, 2, 1, 1, 1, 0, 0, 0, 2, 1, 0]|[0, 0, 1, 0, 1, 3, 3, 0, 3, 1, 0, 1, 1, 1, 3, 3, 3, 0, 1, 3]|[2, 1, 1, 0, 1, 0, 0, 1, 2, 1, 0, 1, 1, 1, 0, 2, 0, 1, 1, 2];[19, 5, 11, 6, 17, 12, 16, 1, 9, 15, 10, 2, 0, 3, 18, 14, 4, 13, 7, 8]|[2, 1, 1, 2, 1, 0, 2, 0, 1, 2, 1, 0, 0, 0, 0, 0, 2, 1, 1, 0]|[1, 1, 1, 0, 1, 3, 0, 0, 1, 0, 1, 3, 0, 3, 2, 3, 0, 1, 1, 3]|[1, 1, 1, 0, 1, 0, 1, 2, 1, 0, 1, 0, 0, 2, 1, 2, 1, 1, 1, 0];[19, 5, 11, 6, 17, 12, 16, 1, 9, 15, 10, 2, 0, 3, 18, 14, 4, 13, 7, 8]|[2, 1, 1, 2, 1, 0, 2, 0, 1, 2, 1, 0, 0, 0, 0, 0, 2, 1, 1, 0]|[1, 1, 1, 0, 1, 3, 0, 0, 1, 0, 1, 3, 0, 3, 2, 3, 0, 1, 1, 3]|[1, 1, 1, 0, 1, 0, 1, 2, 1, 0, 1, 0, 0, 2, 1, 2, 1, 1, 1, 0];[12, 19, 16, 15, 8, 10, 18, 5, 0, 17, 2, 7, 1, 4, 3, 6, 14, 9, 11, 13]|[0, 2, 1, 2, 1, 1, 0, 2, 0, 1, 2, 1, 1, 2, 0, 0, 0, 1, 1, 0]|[0, 0, 1, 0, 1, 1, 3, 0, 3, 1, 0, 1, 1, 0, 3, 3, 3, 1, 1, 3]|[0, 1, 1, 0, 1, 1, 2, 1, 0, 1, 0, 1, 1, 1, 0, 2, 0, 1, 1, 0];[19, 10, 15, 18, 2, 5, 7, 17, 12, 8, 16, 3, 6, 9, 1, 14, 4, 13, 11, 0]|[2, 1, 2, 0, 0, 2, 0, 1, 1, 2, 1, 1, 0, 0, 0, 0, 2, 1, 1, 0]|[1, 1, 0, 2, 3, 0, 0, 1, 1, 0, 1, 1, 3, 3, 0, 3, 0, 0, 1, 3]|[1, 1, 0, 1, 0, 1, 2, 1, 1, 0, 1, 0, 0, 0, 2, 2, 1, 1, 1, 0];[19, 10, 15, 18, 2, 5, 7, 17, 12, 8, 16, 3, 6, 9, 1, 14, 4, 13, 11, 0]|[2, 1, 2, 0, 0, 2, 0, 1, 1, 2, 1, 1, 0, 0, 0, 0, 2, 1, 1, 0]|[1, 1, 0, 2, 3, 0, 0, 1, 1, 0, 1, 1, 3, 3, 0, 3, 0, 0, 1, 3]|[1, 1, 0, 1, 0, 1, 2, 1, 1, 0, 1, 0, 0, 0, 2, 2, 1, 1, 1, 0];[0, 19, 16, 10, 15, 11, 18, 12, 5, 1, 17, 6, 9, 7, 14, 13, 3, 4, 2, 8]|[0, 2, 1, 1, 2, 1, 0, 0, 2, 0, 1, 2, 1, 1, 0, 0, 0, 2, 1, 0]|[3, 0, 1, 1, 0, 1, 3, 3, 0, 3, 1, 0, 1, 1, 3, 3, 3, 0, 1, 3]|[1, 1, 1, 0, 0, 1, 0, 2, 1, 2, 1, 0, 1, 1, 0, 2, 0, 1, 1, 2];[0, 19, 16, 10, 15, 11, 12, 18, 5, 8, 2, 17, 9, 1, 3, 14, 13, 4, 6, 7]|[0, 2, 1, 1, 2, 1, 0, 0, 2, 0, 0, 1, 1, 2, 1, 0, 0, 2, 1, 0]|[3, 0, 1, 1, 0, 1, 3, 3, 0, 3, 3, 1, 1, 0, 1, 3, 3, 0, 1, 3]|[0, 1, 1, 1, 0, 1, 2, 0, 1, 2, 0, 1, 1, 0, 1, 2, 0, 1, 1, 0];[0, 19, 16, 10, 15, 11, 12, 18, 5, 8, 2, 17, 9, 1, 3, 14, 13, 4, 6, 7]|[0, 2, 1, 1, 2, 1, 0, 0, 2, 0, 0, 1, 1, 2, 1, 0, 0, 2, 1, 0]|[3, 0, 1, 1, 0, 1, 3, 3, 0, 3, 3, 1, 1, 0, 1, 3, 3, 0, 1, 3]|[0, 1, 1, 1, 0, 1, 2, 0, 1, 2, 0, 1, 1, 0, 1, 2, 0, 1, 1, 0];[0, 19, 16, 2, 4, 1, 6, 13, 15, 12, 18, 5, 14, 10, 17, 9, 7, 3, 11, 8]|[0, 2, 1, 2, 2, 0, 0, 0, 2, 2, 0, 2, 0, 1, 1, 1, 1, 1, 1, 0]|[0, 0, 1, 0, 0, 3, 3, 3, 0, 1, 3, 0, 2, 1, 1, 1, 1, 1, 1, 3]|[2, 1, 1, 0, 1, 0, 0, 2, 0, 0, 0, 1, 0, 1, 1, 1, 1, 1, 1, 2];[0, 19, 16, 10, 15, 11, 12, 1, 5, 7, 17, 6, 9, 3, 13, 2, 14, 4, 18, 8]|[0, 2, 1, 1, 2, 1, 0, 0, 2, 0, 1, 2, 1, 1, 0, 0, 0, 2, 0, 0]|[3, 0, 1, 1, 0, 1, 2, 0, 0, 0, 0, 0, 0, 1, 3, 3, 3, 0, 0, 3]|[1, 1, 1, 0, 0, 1, 0, 2, 1, 2, 1, 0, 1, 0, 0, 2, 0, 1, 1, 0];[8, 19, 16, 10, 15, 11, 12, 0, 5, 1, 3, 6, 9, 13, 2, 14, 18, 4, 17, 7]|[0, 2, 1, 1, 2, 1, 0, 0, 2, 0, 1, 2, 1, 1, 0, 0, 0, 2, 1, 0]|[3, 0, 1, 1, 0, 1, 3, 3, 0, 3, 1, 0, 1, 1, 3, 3, 3, 0, 1, 3]|[0, 1, 1, 1, 0, 1, 2, 0, 1, 2, 1, 0, 1, 1, 0, 2, 0, 1, 1, 0];[8, 19, 16, 10, 15, 11, 12, 0, 5, 1, 3, 6, 9, 13, 2, 14, 18, 4, 17, 7]|[0, 2, 1, 1, 2, 1, 0, 0, 2, 0, 1, 2, 1, 1, 0, 0, 0, 2, 1, 0]|[3, 0, 1, 1, 0, 1, 3, 3, 0, 3, 1, 0, 1, 1, 3, 3, 3, 0, 1, 3]|[0, 1, 1, 1, 0, 1, 2, 0, 1, 2, 1, 0, 1, 1, 0, 2, 0, 1, 1, 0];[0, 19, 16, 10, 15, 11, 12, 1, 5, 7, 17, 6, 9, 3, 13, 2, 14, 4, 18, 8]|[0, 2, 1, 1, 2, 1, 0, 0, 2, 0, 1, 2, 1, 1, 0, 0, 0, 2, 0, 0]|[3, 0, 1, 1, 0, 1, 2, 0, 0, 0, 0, 0, 0, 1, 3, 3, 3, 0, 0, 3]|[1, 1, 1, 0, 0, 1, 0, 2, 1, 2, 1, 0, 1, 0, 0, 2, 0, 1, 1, 0];[0, 19, 16, 10, 15, 11, 12, 18, 5, 14, 7, 2, 13, 4, 8, 1, 3, 6, 17, 9]|[0, 2, 1, 1, 2, 1, 0, 0, 2, 0, 0, 2, 1, 1, 0, 0, 0, 2, 1, 0]|[3, 0, 1, 1, 0, 0, 2, 0, 0, 0, 0, 0, 0, 1, 3, 3, 3, 0, 1, 3]|[1, 1, 1, 1, 0, 1, 0, 2, 1, 2, 1, 0, 1, 0, 0, 2, 2, 1, 1, 0];[0, 19, 16, 10, 15, 11, 12, 18, 5, 14, 7, 2, 13, 4, 8, 1, 3, 6, 17, 9]|[0, 2, 1, 1, 2, 1, 0, 0, 2, 0, 0, 2, 1, 1, 0, 0, 0, 2, 1, 0]|[3, 0, 1, 1, 0, 0, 2, 0, 0, 0, 0, 0, 0, 1, 3, 3, 3, 0, 1, 3]|[1, 1, 1, 1, 0, 1, 0, 2, 1, 2, 1, 0, 1, 0, 0, 2, 2, 1, 1, 0];[0, 19, 16, 10, 15, 11, 12, 18, 5, 14, 7, 2, 13, 4, 8, 1, 3, 6, 17, 9]|[0, 2, 1, 1, 2, 1, 0, 0, 2, 0, 0, 2, 1, 1, 0, 0, 0, 2, 1, 0]|[3, 0, 1, 1, 0, 0, 2, 0, 0, 0, 0, 0, 0, 1, 3, 3, 3, 0, 1, 3]|[1, 1, 1, 1, 0, 1, 0, 2, 1, 2, 1, 0, 1, 0, 0, 2, 2, 1, 1, 0];[0, 19, 16, 10, 15, 11, 12, 18, 5, 14, 7, 2, 13, 4, 8, 1, 3, 6, 17, 9]|[0, 2, 1, 1, 2, 1, 0, 0, 2, 0, 0, 2, 1, 1, 0, 0, 0, 2, 1, 0]|[3, 0, 1, 1, 0, 0, 2, 0, 0, 0, 0, 0, 0, 1, 3, 3, 3, 0, 1, 3]|[1, 1, 1, 1, 0, 1, 0, 2, 1, 2, 1, 0, 1, 0, 0, 2, 2, 1, 1, 0];[0, 19, 16, 10, 15, 11, 12, 18, 5, 14, 7, 2, 13, 4, 8, 1, 3, 6, 17, 9]|[0, 2, 1, 1, 2, 1, 0, 0, 2, 0, 0, 2, 1, 1, 0, 0, 0, 2, 1, 0]|[3, 0, 1, 1, 0, 0, 2, 0, 0, 0, 0, 0, 0, 1, 3, 3, 3, 0, 1, 3]|[1, 1, 1, 1, 0, 1, 0, 2, 1, 2, 1, 0, 1, 0, 0, 2, 2, 1, 1, 0];[0, 19, 16, 10, 15, 11, 12, 18, 5, 14, 7, 2, 13, 4, 8, 1, 3, 6, 17, 9]|[0, 2, 1, 1, 2, 1, 0, 0, 2, 0, 0, 2, 1, 1, 0, 0, 0, 2, 1, 0]|[3, 0, 1, 1, 0, 0, 2, 0, 0, 0, 0, 0, 0, 1, 3, 3, 3, 0, 1, 3]|[1, 1, 1, 1, 0, 1, 0, 2, 1, 2, 1, 0, 1, 0, 0, 2, 2, 1, 1, 0];[0, 19, 16, 14, 15, 11, 12, 18, 5, 10, 7, 9, 2, 3, 13, 6, 8, 4, 17, 1]|[0, 2, 1, 1, 2, 1, 0, 0, 2, 1, 1, 1, 2, 1, 0, 0, 0, 2, 1, 0]|[3, 0, 1, 1, 0, 1, 3, 3, 0, 1, 1, 1, 0, 1, 3, 3, 3, 0, 1, 3]|[0, 1, 1, 1, 0, 1, 0, 2, 1, 1, 1, 1, 0, 1, 0, 2, 0, 1, 1, 0];[0, 19, 16, 14, 15, 11, 12, 18, 5, 10, 7, 9, 2, 3, 13, 6, 8, 4, 17, 1]|[0, 2, 1, 1, 2, 1, 0, 0, 2, 1, 1, 1, 2, 1, 0, 0, 0, 2, 1, 0]|[3, 0, 1, 1, 0, 1, 3, 3, 0, 1, 1, 1, 0, 1, 3, 3, 3, 0, 1, 3]|[0, 1, 1, 1, 0, 1, 0, 2, 1, 1, 1, 1, 0, 1, 0, 2, 0, 1, 1, 0];[2, 19, 16, 10, 15, 11, 8, 5, 0, 17, 6, 7, 9, 12, 14, 18, 4, 3, 13, 1]|[0, 2, 1, 1, 2, 1, 0, 2, 0, 1, 2, 1, 1, 0, 0, 0, 2, 1, 0, 0]|[3, 0, 1, 1, 0, 1, 3, 0, 3, 1, 0, 1, 1, 3, 3, 3, 0, 1, 3, 3]|[0, 1, 1, 0, 0, 1, 2, 1, 0, 1, 0, 1, 0, 2, 0, 2, 1, 1, 0, 0];[0, 19, 16, 10, 15, 11, 12, 18, 5, 14, 7, 2, 13, 4, 8, 1, 3, 6, 17, 9]|[0, 2, 1, 1, 2, 1, 0, 0, 2, 0, 0, 2, 1, 1, 0, 0, 0, 2, 1, 0]|[3, 0, 1, 1, 0, 0, 2, 0, 0, 0, 0, 0, 0, 1, 3, 3, 3, 0, 1, 3]|[1, 1, 1, 1, 0, 1, 0, 2, 1, 2, 1, 0, 1, 0, 0, 2, 2, 1, 1, 0];[0, 19, 16, 10, 15, 11, 12, 18, 5, 14, 7, 2, 13, 4, 8, 1, 3, 6, 17, 9]|[0, 2, 1, 1, 2, 1, 0, 0, 2, 0, 0, 2, 1, 1, 0, 0, 0, 2, 1, 0]|[3, 0, 1, 1, 0, 0, 2, 0, 0, 0, 0, 0, 0, 1, 3, 3, 3, 0, 1, 3]|[1, 1, 1, 1, 0, 1, 0, 2, 1, 2, 1, 0, 1, 0, 0, 2, 2, 1, 1, 0];[0, 19, 16, 10, 15, 11, 12, 18, 5, 14, 7, 2, 13, 4, 8, 1, 3, 6, 17, 9]|[0, 2, 1, 1, 2, 1, 0, 0, 2, 0, 0, 2, 1, 1, 0, 0, 0, 2, 1, 0]|[3, 0, 1, 1, 0, 0, 2, 0, 0, 0, 0, 0, 0, 1, 3, 3, 3, 0, 1, 3]|[1, 1, 1, 1, 0, 1, 0, 2, 1, 2, 1, 0, 1, 0, 0, 2, 2, 1, 1, 0];[19, 16, 10, 15, 11, 12, 5, 18, 3, 6, 1, 13, 0, 9, 14, 8, 17, 4, 2, 7]|[2, 1, 1, 2, 1, 0, 2, 0, 1, 2, 1, 1, 0, 0, 0, 0, 0, 2, 1, 0]|[0, 1, 1, 0, 1, 3, 0, 3, 1, 0, 1, 1, 3, 3, 3, 3, 3, 0, 1, 3]|[1, 1, 0, 0, 1, 0, 1, 2, 1, 0, 1, 1, 0, 0, 2, 0, 2, 1, 1, 0];[19, 16, 10, 15, 11, 12, 5, 18, 3, 6, 1, 13, 0, 9, 14, 8, 17, 4, 2, 7]|[2, 1, 1, 2, 1, 0, 2, 0, 1, 2, 1, 1, 0, 0, 0, 0, 0, 2, 1, 0]|[0, 1, 1, 0, 1, 3, 0, 3, 1, 0, 1, 1, 3, 3, 3, 3, 3, 0, 1, 3]|[1, 1, 0, 0, 1, 0, 1, 2, 1, 0, 1, 1, 0, 0, 2, 0, 2, 1, 1, 0];[0, 19, 16, 10, 15, 11, 12, 1, 5, 18, 7, 2, 9, 17, 14, 8, 6, 3, 4, 13]|[0, 2, 1, 1, 2, 1, 0, 0, 2, 0, 0, 2, 0, 1, 0, 0, 0, 2, 1, 0]|[3, 0, 1, 1, 0, 1, 2, 0, 0, 0, 0, 0, 0, 1, 3, 3, 3, 0, 1, 3]|[1, 1, 1, 0, 0, 1, 0, 2, 1, 2, 1, 0, 1, 0, 0, 2, 0, 1, 1, 2];[0, 19, 16, 10, 15, 11, 12, 1, 5, 18, 7, 2, 9, 17, 14, 8, 6, 3, 4, 13]|[0, 2, 1, 1, 2, 1, 0, 0, 2, 0, 0, 2, 0, 1, 0, 0, 0, 2, 1, 0]|[3, 0, 1, 1, 0, 1, 2, 0, 0, 0, 0, 0, 0, 1, 3, 3, 3, 0, 1, 3]|[1, 1, 1, 0, 0, 1, 0, 2, 1, 2, 1, 0, 1, 0, 0, 2, 0, 1, 1, 2];[0, 19, 16, 10, 15, 11, 12, 1, 5, 18, 17, 6, 9, 3, 13, 2, 7, 4, 14, 8]|[0, 2, 1, 1, 2, 1, 0, 0, 2, 0, 1, 2, 1, 1, 0, 0, 0, 2, 0, 0]|[3, 0, 1, 1, 0, 1, 2, 0, 0, 0, 0, 0, 0, 1, 3, 3, 3, 0, 2, 3]|[1, 1, 1, 0, 0, 1, 0, 2, 1, 2, 1, 0, 1, 0, 0, 2, 0, 1, 1, 2];[0, 19, 16, 10, 15, 11, 12, 18, 5, 14, 3, 6, 9, 13, 2, 8, 1, 17, 4, 7]|[0, 2, 1, 1, 2, 1, 0, 0, 2, 0, 1, 2, 1, 1, 0, 0, 0, 1, 2, 0]|[3, 0, 1, 1, 0, 1, 3, 3, 0, 3, 1, 0, 1, 1, 3, 3, 3, 1, 0, 3]|[0, 1, 1, 1, 0, 1, 2, 0, 1, 2, 1, 0, 1, 1, 0, 2, 0, 1, 1, 0];[0, 19, 16, 10, 15, 11, 12, 18, 5, 14, 3, 6, 9, 13, 2, 8, 1, 17, 4, 7]|[0, 2, 1, 1, 2, 1, 0, 0, 2, 0, 1, 2, 1, 1, 0, 0, 0, 1, 2, 0]|[3, 0, 1, 1, 0, 1, 3, 3, 0, 3, 1, 0, 1, 1, 3, 3, 3, 1, 0, 3]|[0, 1, 1, 1, 0, 1, 2, 0, 1, 2, 1, 0, 1, 1, 0, 2, 0, 1, 1, 0];[0, 19, 16, 10, 15, 11, 12, 1, 5, 7, 17, 6, 18, 9, 13, 3, 14, 4, 2, 8]|[0, 2, 1, 1, 2, 1, 0, 0, 2, 0, 1, 2, 1, 1, 0, 0, 0, 2, 0, 0]|[3, 0, 1, 1, 0, 1, 2, 0, 0, 0, 0, 0, 0, 1, 3, 3, 3, 0, 0, 3]|[1, 1, 1, 0, 0, 1, 0, 2, 1, 2, 1, 0, 1, 0, 0, 2, 0, 1, 1, 2];[11, 19, 16, 10, 15, 0, 12, 8, 5, 3, 17, 9, 6, 2, 4, 14, 18, 7, 13, 1]|[0, 2, 1, 1, 2, 1, 0, 0, 2, 1, 2, 1, 1, 1, 2, 0, 0, 0, 0, 0]|[3, 0, 1, 1, 0, 1, 3, 3, 0, 1, 0, 1, 1, 1, 0, 3, 3, 3, 3, 3]|[0, 1, 1, 1, 0, 1, 2, 0, 1, 1, 0, 1, 1, 1, 1, 2, 0, 2, 0, 0];[11, 19, 16, 10, 15, 0, 12, 8, 5, 3, 17, 9, 6, 2, 4, 14, 18, 7, 13, 1]|[0, 2, 1, 1, 2, 1, 0, 0, 2, 1, 2, 1, 1, 1, 2, 0, 0, 0, 0, 0]|[3, 0, 1, 1, 0, 1, 3, 3, 0, 1, 0, 1, 1, 1, 0, 3, 3, 3, 3, 3]|[0, 1, 1, 1, 0, 1, 2, 0, 1, 1, 0, 1, 1, 1, 1, 2, 0, 2, 0, 0];[19, 16, 10, 15, 11, 6, 14, 8, 5, 17, 2, 7, 9, 3, 12, 18, 1, 13, 4, 0]|[2, 1, 1, 2, 1, 0, 0, 0, 2, 1, 2, 1, 1, 0, 0, 0, 0, 1, 2, 0]|[0, 1, 1, 0, 1, 3, 3, 3, 0, 0, 0, 0, 1, 3, 3, 3, 3, 1, 0, 3]|[1, 1, 0, 0, 1, 0, 2, 0, 1, 1, 0, 1, 0, 2, 0, 0, 2, 1, 1, 0];[0, 19, 16, 10, 15, 11, 18, 1, 5, 12, 17, 6, 9, 3, 13, 14, 2, 4, 7, 8]|[0, 2, 1, 1, 2, 1, 0, 0, 2, 0, 1, 2, 1, 1, 0, 0, 0, 2, 0, 0]|[3, 0, 1, 1, 0, 1, 2, 0, 0, 0, 0, 0, 0, 1, 3, 3, 3, 0, 0, 3]|[1, 1, 1, 0, 0, 1, 0, 2, 1, 2, 1, 0, 1, 0, 0, 2, 0, 1, 1, 1];[0, 4, 16, 10, 15, 11, 7, 12, 17, 6, 13, 14, 3, 19, 2, 5, 18, 1, 9, 8]|[0, 2, 1, 1, 2, 1, 0, 0, 1, 1, 1, 0, 1, 2, 2, 2, 0, 0, 0, 0]|[2, 1, 1, 1, 0, 0, 3, 0, 0, 0, 1, 3, 1, 0, 0, 0, 3, 0, 3, 3]|[1, 0, 1, 0, 1, 1, 0, 2, 1, 1, 0, 0, 1, 1, 0, 1, 0, 2, 2, 0];[0, 4, 16, 10, 15, 11, 7, 12, 17, 6, 13, 14, 3, 19, 2, 5, 18, 1, 9, 8]|[0, 2, 1, 1, 2, 1, 0, 0, 1, 1, 1, 0, 1, 2, 2, 2, 0, 0, 0, 0]|[2, 1, 1, 1, 0, 0, 3, 0, 0, 0, 1, 3, 1, 0, 0, 0, 3, 0, 3, 3]|[1, 0, 1, 0, 1, 1, 0, 2, 1, 1, 0, 0, 1, 1, 0, 1, 0, 2, 2, 0];[19, 16, 9, 15, 11, 12, 2, 5, 8, 3, 6, 10, 13, 0, 7, 18, 4, 17, 14, 1]|[2, 1, 1, 2, 1, 0, 0, 2, 0, 1, 2, 1, 1, 0, 0, 0, 2, 1, 0, 0]|[0, 1, 1, 0, 1, 3, 3, 0, 3, 1, 0, 1, 1, 3, 3, 3, 0, 1, 3, 3]|[1, 1, 1, 0, 1, 2, 0, 1, 2, 1, 0, 1, 1, 0, 2, 0, 1, 1, 2, 0];[0, 19, 4, 7, 16, 1, 18, 11, 12, 15, 10, 2, 8, 14, 6, 9, 5, 17, 13, 3]|[0, 2, 2, 0, 2, 0, 0, 1, 1, 2, 1, 0, 0, 0, 2, 1, 1, 1, 1, 0]|[0, 1, 0, 3, 0, 0, 2, 1, 1, 0, 1, 3, 3, 0, 0, 0, 1, 1, 1, 3]|[1, 1, 0, 2, 1, 2, 1, 1, 1, 0, 0, 0, 2, 0, 1, 1, 1, 1, 1, 0];[7, 4, 1, 12, 11, 15, 10, 16, 19, 14, 17, 6, 0, 8, 13, 3, 9, 5, 2, 18]|[0, 2, 0, 0, 1, 2, 1, 1, 2, 0, 1, 2, 0, 0, 0, 1, 0, 2, 1, 0]|[0, 1, 0, 2, 1, 0, 1, 0, 0, 3, 0, 0, 3, 3, 3, 1, 0, 0, 1, 3]|[2, 1, 2, 1, 1, 0, 0, 1, 1, 0, 1, 0, 0, 2, 0, 0, 1, 1, 1, 0];[0, 19, 16, 10, 15, 11, 12, 1, 5, 14, 17, 4, 9, 7, 13, 8, 18, 2, 6, 3]|[0, 2, 1, 1, 2, 1, 0, 0, 2, 0, 1, 2, 0, 1, 0, 0, 0, 2, 0, 0]|[3, 0, 1, 1, 0, 1, 2, 0, 0, 0, 0, 0, 0, 1, 3, 3, 3, 0, 3, 3]|[1, 1, 1, 0, 0, 1, 0, 2, 1, 2, 1, 0, 1, 1, 0, 2, 0, 1, 2, 2]
fc6diagRound 14	fe=400901	pool=300	target=100	rescued=0	sOriginal=[0, 19, 16, 10, 15, 11, 12, 1, 4, 3, 17, 14, 9, 2, 13, 7, 8, 5, 6, 18]|[0, 2, 1, 1, 2, 1, 0, 0, 2, 0, 1, 2, 1, 1, 0, 0, 0, 2, 0, 0]|[3, 0, 1, 1, 0, 1, 2, 0, 0, 3, 1, 0, 1, 1, 3, 3, 3, 0, 0, 3]|[1, 1, 1, 1, 0, 1, 0, 2, 1, 2, 1, 0, 1, 1, 0, 2, 0, 1, 1, 2];[0, 19, 16, 10, 15, 11, 12, 1, 5, 14, 17, 4, 9, 7, 2, 13, 18, 6, 3, 8]|[0, 2, 1, 1, 2, 1, 0, 0, 2, 0, 1, 2, 1, 1, 0, 0, 0, 2, 1, 0]|[3, 0, 1, 1, 0, 1, 2, 0, 0, 0, 1, 0, 1, 1, 3, 3, 3, 0, 1, 3]|[1, 1, 1, 0, 0, 1, 0, 2, 1, 2, 1, 0, 1, 1, 0, 2, 0, 1, 1, 2];[0, 19, 16, 10, 15, 11, 12, 18, 5, 3, 17, 2, 7, 9, 6, 14, 8, 4, 13, 1]|[0, 2, 1, 1, 2, 1, 0, 0, 2, 0, 1, 2, 1, 1, 0, 0, 0, 2, 1, 0]|[3, 0, 1, 1, 0, 1, 2, 0, 0, 0, 1, 0, 1, 1, 3, 3, 3, 0, 1, 3]|[1, 1, 1, 0, 0, 1, 0, 2, 1, 2, 1, 0, 1, 1, 0, 2, 0, 1, 1, 0];[0, 19, 16, 10, 15, 11, 12, 18, 5, 7, 17, 1, 9, 3, 6, 13, 8, 4, 2, 14]|[0, 2, 1, 1, 2, 1, 0, 0, 2, 0, 1, 2, 1, 1, 0, 0, 0, 2, 1, 0]|[3, 0, 1, 1, 0, 0, 2, 0, 0, 0, 1, 0, 1, 1, 3, 3, 3, 0, 1, 3]|[1, 1, 1, 0, 0, 1, 0, 2, 1, 2, 1, 0, 1, 1, 0, 2, 0, 1, 1, 2];[0, 19, 16, 15, 12, 1, 5, 7, 6, 10, 14, 18, 2, 4, 9, 13, 11, 17, 3, 8]|[0, 2, 1, 2, 0, 0, 2, 0, 2, 1, 0, 0, 0, 2, 1, 1, 1, 1, 1, 0]|[3, 0, 1, 0, 2, 0, 0, 0, 0, 1, 3, 3, 3, 0, 1, 1, 1, 1, 1, 3]|[1, 1, 1, 0, 2, 0, 1, 2, 0, 1, 0, 2, 0, 1, 1, 1, 1, 1, 1, 2];[0, 4, 5, 10, 15, 11, 18, 1, 16, 7, 17, 2, 9, 14, 12, 6, 3, 19, 13, 8]|[0, 2, 1, 1, 2, 1, 0, 0, 2, 0, 1, 2, 1, 1, 0, 0, 0, 2, 1, 0]|[3, 0, 1, 1, 0, 0, 2, 0, 0, 0, 1, 0, 1, 1, 3, 3, 3, 0, 1, 3]|[1, 1, 1, 0, 0, 1, 0, 2, 1, 2, 1, 0, 1, 1, 0, 2, 0, 1, 1, 2];[0, 19, 16, 10, 15, 11, 18, 12, 5, 3, 17, 2, 9, 8, 13, 14, 7, 4, 6, 1]|[0, 2, 1, 1, 2, 1, 0, 0, 2, 0, 1, 2, 1, 1, 0, 0, 0, 2, 1, 0]|[3, 0, 1, 1, 0, 1, 3, 1, 0, 3, 1, 0, 1, 1, 3, 3, 3, 0, 1, 3]|[1, 1, 1, 0, 0, 1, 0, 2, 1, 2, 1, 0, 1, 1, 0, 2, 0, 1, 1, 2];[0, 19, 16, 10, 15, 11, 12, 1, 5, 7, 17, 6, 9, 3, 13, 8, 14, 2, 4, 18]|[0, 2, 1, 1, 2, 1, 0, 0, 2, 0, 1, 2, 0, 1, 0, 0, 0, 2, 1, 0]|[3, 0, 1, 1, 0, 1, 2, 0, 0, 0, 0, 0, 0, 1, 3, 3, 3, 0, 1, 3]|[1, 1, 1, 0, 0, 1, 0, 2, 1, 2, 1, 0, 1, 0, 0, 2, 0, 1, 1, 2];[0, 19, 16, 10, 15, 11, 12, 1, 5, 18, 7, 6, 9, 3, 14, 17, 2, 4, 8, 13]|[0, 2, 1, 1, 2, 1, 0, 0, 2, 0, 1, 2, 1, 1, 0, 0, 0, 2, 1, 0]|[3, 0, 1, 1, 0, 1, 2, 0, 0, 3, 1, 0, 1, 1, 3, 3, 3, 0, 1, 3]|[1, 1, 1, 0, 0, 1, 0, 2, 1, 2, 1, 0, 1, 1, 0, 2, 0, 1, 1, 0];[14, 19, 5, 10, 15, 11, 13, 12, 4, 3, 7, 2, 9, 6, 8, 18, 16, 17, 0, 1]|[0, 2, 1, 1, 2, 1, 0, 1, 2, 0, 1, 2, 1, 1, 0, 0, 2, 0, 0, 0]|[3, 0, 1, 1, 0, 1, 3, 1, 0, 3, 1, 0, 1, 1, 3, 3, 0, 3, 3, 3]|[2, 1, 1, 1, 0, 1, 0, 1, 1, 2, 1, 0, 1, 1, 0, 2, 1, 0, 2, 0];[18, 5, 1, 12, 11, 15, 10, 16, 19, 7, 4, 14, 17, 13, 0, 9, 2, 8, 6, 3]|[0, 2, 0, 0, 1, 2, 1, 1, 2, 0, 2, 0, 1, 0, 0, 0, 2, 0, 0, 0]|[2, 0, 0, 3, 1, 0, 1, 1, 0, 3, 0, 0, 1, 3, 3, 0, 0, 3, 3, 3]|[2, 1, 2, 0, 1, 0, 0, 1, 1, 1, 0, 1, 1, 0, 2, 1, 1, 0, 2, 0];[18, 5, 1, 12, 11, 15, 10, 16, 19, 7, 4, 14, 17, 13, 0, 9, 2, 8, 6, 3]|[0, 2, 0, 0, 1, 2, 1, 1, 2, 0, 2, 0, 1, 0, 0, 0, 2, 0, 0, 0]|[2, 0, 0, 3, 1, 0, 1, 1, 0, 3, 0, 0, 1, 3, 3, 0, 0, 3, 3, 3]|[2, 1, 2, 0, 1, 0, 0, 1, 1, 1, 0, 1, 1, 0, 2, 1, 1, 0, 2, 0];[14, 19, 5, 10, 15, 11, 8, 12, 16, 1, 17, 4, 9, 13, 2, 18, 0, 6, 3, 7]|[0, 2, 1, 1, 2, 1, 0, 0, 2, 0, 1, 2, 1, 1, 0, 0, 0, 2, 1, 0]|[3, 0, 1, 1, 0, 1, 3, 3, 0, 3, 1, 0, 1, 1, 3, 3, 3, 0, 1, 3]|[0, 1, 1, 0, 0, 1, 2, 0, 1, 2, 1, 0, 1, 1, 0, 2, 0, 1, 1, 2];[0, 19, 5, 10, 15, 11, 18, 1, 16, 7, 12, 6, 9, 13, 17, 2, 3, 4, 8, 14]|[0, 2, 1, 1, 2, 1, 0, 0, 2, 0, 1, 2, 1, 1, 0, 0, 0, 2, 1, 0]|[3, 0, 1, 1, 0, 1, 2, 0, 0, 0, 0, 0, 0, 1, 3, 3, 3, 0, 1, 3]|[1, 1, 1, 1, 0, 1, 0, 2, 1, 1, 1, 0, 1, 0, 0, 2, 2, 1, 1, 0];[3, 12, 5, 8, 17, 11, 15, 10, 16, 19, 0, 2, 9, 6, 18, 1, 13, 4, 7, 14]|[0, 0, 2, 0, 0, 1, 2, 1, 1, 2, 0, 2, 0, 1, 0, 0, 0, 2, 0, 0]|[3, 0, 0, 0, 0, 1, 0, 1, 1, 0, 3, 0, 0, 1, 3, 3, 3, 0, 3, 3]|[0, 2, 1, 2, 2, 1, 0, 0, 1, 1, 1, 0, 1, 1, 0, 0, 2, 1, 1, 0];[3, 12, 5, 8, 17, 11, 15, 10, 16, 19, 0, 2, 9, 6, 18, 1, 13, 4, 7, 14]|[0, 0, 2, 0, 0, 1, 2, 1, 1, 2, 0, 2, 0, 1, 0, 0, 0, 2, 0, 0]|[3, 0, 0, 0, 0, 1, 0, 1, 1, 0, 3, 0, 0, 1, 3, 3, 3, 0, 3, 3]|[0, 2, 1, 2, 2, 1, 0, 0, 1, 1, 1, 0, 1, 1, 0, 0, 2, 1, 1, 0];[6, 19, 16, 10, 15, 11, 12, 3, 17, 8, 13, 2, 9, 1, 5, 7, 18, 4, 14, 0]|[0, 2, 1, 1, 2, 1, 0, 0, 1, 0, 0, 2, 0, 0, 2, 0, 0, 2, 0, 0]|[3, 0, 1, 1, 0, 1, 2, 3, 1, 3, 3, 0, 2, 0, 0, 0, 0, 0, 3, 3]|[0, 1, 1, 0, 0, 1, 2, 2, 1, 0, 0, 0, 1, 2, 1, 1, 2, 1, 1, 0];[0, 19, 16, 10, 15, 11, 12, 1, 5, 7, 17, 4, 9, 14, 18, 13, 2, 6, 3, 8]|[0, 2, 1, 1, 2, 1, 0, 0, 2, 0, 1, 2, 1, 1, 0, 0, 0, 2, 1, 0]|[3, 0, 1, 1, 0, 1, 2, 0, 0, 0, 1, 0, 1, 1, 3, 3, 3, 0, 1, 3]|[1, 1, 1, 0, 0, 1, 0, 2, 1, 2, 1, 0, 1, 1, 0, 2, 0, 1, 1, 2];[18, 1, 5, 12, 11, 15, 10, 16, 19, 0, 2, 9, 17, 7, 14, 13, 4, 6, 3, 8]|[0, 0, 2, 0, 1, 2, 1, 1, 2, 0, 2, 0, 1, 0, 0, 0, 2, 0, 0, 0]|[0, 0, 0, 2, 1, 0, 1, 1, 0, 3, 0, 0, 1, 0, 3, 3, 0, 3, 3, 3]|[2, 2, 1, 0, 1, 0, 0, 1, 1, 1, 0, 1, 0, 1, 0, 0, 1, 2, 1, 0];[18, 1, 5, 12, 11, 15, 10, 16, 19, 0, 2, 9, 17, 7, 14, 13, 4, 6, 3, 8]|[0, 0, 2, 0, 1, 2, 1, 1, 2, 0, 2, 0, 1, 0, 0, 0, 2, 0, 0, 0]|[0, 0, 0, 2, 1, 0, 1, 1, 0, 3, 0, 0, 1, 0, 3, 3, 0, 3, 3, 3]|[2, 2, 1, 0, 1, 0, 0, 1, 1, 1, 0, 1, 0, 1, 0, 0, 1, 2, 1, 0];[0, 19, 5, 10, 15, 11, 18, 1, 16, 7, 12, 4, 2, 9, 17, 3, 6, 14, 13, 8]|[0, 2, 1, 1, 2, 1, 0, 0, 2, 0, 1, 2, 1, 1, 0, 0, 0, 2, 1, 0]|[3, 0, 1, 1, 0, 0, 2, 0, 0, 0, 1, 0, 1, 1, 3, 3, 3, 0, 1, 3]|[1, 1, 1, 0, 0, 1, 2, 0, 1, 2, 1, 0, 1, 0, 0, 2, 0, 1, 1, 2];[0, 19, 16, 10, 15, 11, 18, 8, 5, 12, 17, 6, 7, 9, 14, 2, 13, 4, 3, 1]|[0, 2, 1, 1, 2, 1, 0, 0, 2, 0, 1, 2, 1, 1, 0, 0, 0, 2, 1, 1]|[3, 0, 1, 1, 0, 1, 3, 0, 0, 0, 1, 0, 0, 1, 3, 3, 3, 0, 1, 1]|[1, 1, 1, 0, 0, 1, 0, 2, 1, 2, 1, 0, 1, 0, 0, 2, 0, 1, 1, 1];[0, 19, 16, 10, 15, 11, 12, 18, 5, 1, 17, 2, 9, 7, 6, 8, 13, 4, 14, 3]|[0, 2, 1, 1, 2, 1, 0, 0, 2, 0, 1, 2, 1, 1, 0, 0, 0, 2, 1, 0]|[3, 0, 1, 1, 0, 1, 2, 0, 0, 3, 1, 0, 1, 1, 3, 3, 3, 0, 1, 3]|[1, 1, 1, 0, 0, 1, 2, 0, 1, 2, 1, 1, 1, 1, 0, 2, 0, 1, 1, 0];[0, 19, 5, 10, 15, 11, 18, 1, 16, 7, 12, 4, 2, 9, 17, 3, 6, 14, 13, 8]|[0, 2, 1, 1, 2, 1, 0, 0, 2, 0, 1, 2, 1, 1, 0, 0, 0, 2, 1, 0]|[3, 0, 1, 1, 0, 0, 2, 0, 0, 0, 1, 0, 1, 1, 3, 3, 3, 0, 1, 3]|[1, 1, 1, 0, 0, 1, 2, 0, 1, 2, 1, 0, 1, 0, 0, 2, 0, 1, 1, 2];[12, 5, 8, 3, 11, 15, 10, 16, 19, 0, 17, 2, 9, 6, 1, 13, 14, 4, 7, 18]|[0, 2, 0, 0, 1, 2, 1, 1, 2, 0, 0, 2, 0, 1, 0, 0, 0, 2, 0, 0]|[0, 0, 0, 3, 1, 0, 1, 1, 0, 3, 0, 0, 0, 1, 3, 3, 3, 0, 3, 3]|[2, 1, 2, 0, 1, 0, 0, 1, 1, 1, 1, 0, 1, 1, 0, 2, 0, 1, 1, 0];[12, 5, 8, 3, 11, 15, 10, 16, 19, 0, 17, 2, 9, 6, 1, 13, 14, 4, 7, 18]|[0, 2, 0, 0, 1, 2, 1, 1, 2, 0, 0, 2, 0, 1, 0, 0, 0, 2, 0, 0]|[0, 0, 0, 3, 1, 0, 1, 1, 0, 3, 0, 0, 0, 1, 3, 3, 3, 0, 3, 3]|[2, 1, 2, 0, 1, 0, 0, 1, 1, 1, 1, 0, 1, 1, 0, 2, 0, 1, 1, 0];[0, 19, 16, 10, 15, 11, 12, 18, 5, 3, 17, 4, 9, 1, 8, 13, 7, 6, 2, 14]|[0, 2, 1, 1, 2, 1, 0, 0, 2, 0, 1, 2, 1, 1, 0, 0, 0, 2, 1, 0]|[3, 0, 1, 1, 0, 1, 2, 0, 0, 0, 0, 0, 0, 1, 3, 3, 3, 0, 1, 3]|[1, 1, 1, 1, 0, 1, 0, 2, 1, 2, 1, 0, 1, 0, 0, 2, 0, 1, 1, 0];[0, 19, 16, 10, 15, 11, 12, 8, 5, 14, 17, 2, 3, 9, 18, 1, 6, 4, 13, 7]|[0, 2, 1, 1, 2, 1, 0, 0, 2, 0, 1, 2, 1, 1, 0, 0, 0, 2, 1, 0]|[3, 0, 1, 1, 0, 1, 2, 0, 0, 3, 1, 0, 1, 1, 3, 3, 3, 0, 1, 3]|[1, 1, 1, 0, 0, 1, 0, 2, 1, 2, 1, 0, 1, 1, 0, 2, 0, 1, 1, 0];[0, 19, 16, 10, 15, 11, 12, 1, 5, 14, 17, 4, 9, 7, 8, 13, 18, 6, 2, 3]|[0, 2, 1, 1, 2, 1, 0, 0, 2, 0, 1, 2, 1, 1, 0, 0, 0, 2, 1, 0]|[3, 0, 1, 1, 0, 1, 2, 0, 0, 0, 0, 0, 0, 1, 3, 3, 3, 0, 1, 3]|[1, 1, 1, 1, 0, 1, 0, 2, 1, 2, 1, 0, 1, 0, 0, 2, 0, 1, 1, 0];[0, 19, 16, 10, 15, 11, 12, 1, 5, 18, 17, 4, 9, 14, 8, 3, 13, 6, 2, 7]|[0, 2, 1, 1, 2, 1, 0, 0, 2, 0, 1, 2, 1, 1, 0, 0, 0, 2, 1, 0]|[3, 0, 1, 1, 0, 1, 3, 0, 0, 3, 1, 0, 1, 1, 3, 3, 3, 0, 1, 3]|[2, 1, 1, 1, 0, 1, 0, 0, 1, 2, 1, 0, 1, 1, 0, 2, 0, 1, 1, 0];[2, 19, 5, 10, 15, 11, 18, 16, 1, 3, 14, 7, 6, 8, 12, 17, 4, 9, 13, 0]|[0, 2, 1, 1, 2, 1, 0, 2, 0, 1, 2, 0, 0, 0, 0, 1, 2, 1, 1, 0]|[3, 0, 1, 1, 0, 1, 3, 0, 3, 1, 0, 3, 3, 3, 3, 1, 0, 1, 1, 3]|[0, 1, 1, 1, 0, 1, 2, 1, 0, 1, 1, 0, 2, 0, 2, 1, 0, 1, 1, 0];[19, 16, 10, 15, 11, 12, 17, 3, 1, 18, 6, 9, 5, 0, 7, 2, 13, 4, 14, 8]|[2, 1, 1, 2, 1, 0, 0, 2, 0, 0, 2, 0, 1, 0, 0, 0, 0, 2, 0, 0]|[0, 1, 1, 0, 1, 0, 3, 0, 0, 0, 0, 0, 1, 3, 3, 3, 3, 0, 3, 3]|[1, 1, 0, 0, 1, 2, 1, 1, 2, 1, 0, 1, 1, 0, 0, 2, 0, 1, 2, 0];[0, 19, 16, 10, 15, 11, 12, 1, 5, 7, 17, 6, 9, 14, 8, 3, 13, 2, 4, 18]|[0, 2, 1, 1, 2, 1, 0, 0, 2, 0, 1, 2, 0, 1, 0, 0, 0, 2, 1, 0]|[3, 0, 1, 1, 0, 1, 2, 0, 0, 0, 1, 0, 0, 1, 3, 3, 3, 0, 0, 3]|[1, 1, 1, 1, 0, 1, 0, 2, 1, 2, 1, 0, 1, 0, 0, 2, 0, 1, 1, 2];[0, 19, 16, 10, 15, 11, 12, 1, 5, 7, 17, 6, 9, 14, 8, 3, 13, 2, 4, 18]|[0, 2, 1, 1, 2, 1, 0, 0, 2, 0, 1, 2, 0, 1, 0, 0, 0, 2, 1, 0]|[3, 0, 1, 1, 0, 1, 2, 0, 0, 0, 1, 0, 0, 1, 3, 3, 3, 0, 0, 3]|[1, 1, 1, 1, 0, 1, 0, 2, 1, 2, 1, 0, 1, 0, 0, 2, 0, 1, 1, 2];[12, 11, 15, 10, 16, 19, 0, 5, 14, 7, 2, 17, 13, 8, 3, 1, 4, 9, 18, 6]|[0, 1, 2, 1, 1, 2, 0, 2, 0, 0, 2, 1, 0, 0, 0, 0, 2, 0, 0, 0]|[3, 1, 0, 1, 1, 0, 3, 0, 0, 0, 0, 1, 3, 3, 3, 0, 0, 0, 0, 3]|[0, 1, 0, 0, 1, 1, 1, 1, 2, 2, 0, 1, 0, 0, 0, 2, 1, 1, 2, 2];[12, 11, 15, 10, 16, 19, 0, 5, 14, 7, 2, 17, 13, 8, 3, 1, 4, 9, 18, 6]|[0, 1, 2, 1, 1, 2, 0, 2, 0, 0, 2, 1, 0, 0, 0, 0, 2, 0, 0, 0]|[3, 1, 0, 1, 1, 0, 3, 0, 0, 0, 0, 1, 3, 3, 3, 0, 0, 0, 0, 3]|[0, 1, 0, 0, 1, 1, 1, 1, 2, 2, 0, 1, 0, 0, 0, 2, 1, 1, 2, 2];[0, 19, 16, 10, 15, 11, 12, 18, 5, 6, 17, 8, 9, 13, 3, 1, 7, 4, 14, 2]|[0, 2, 1, 1, 2, 1, 0, 0, 2, 0, 1, 2, 1, 1, 0, 0, 0, 2, 1, 0]|[3, 0, 1, 1, 0, 0, 2, 0, 0, 3, 1, 0, 1, 1, 3, 3, 3, 0, 1, 3]|[0, 1, 1, 0, 0, 1, 0, 2, 1, 2, 1, 0, 1, 1, 0, 2, 0, 1, 1, 2];[12, 8, 4, 3, 13, 14, 17, 9, 2, 7, 18, 5, 1, 6, 11, 15, 10, 16, 19, 0]|[0, 0, 2, 0, 0, 0, 1, 0, 2, 0, 0, 2, 0, 0, 1, 2, 1, 1, 2, 0]|[3, 0, 0, 3, 3, 3, 1, 0, 0, 0, 0, 0, 0, 3, 1, 0, 1, 1, 0, 3]|[2, 1, 1, 0, 2, 0, 1, 1, 0, 1, 2, 1, 2, 0, 1, 0, 0, 1, 1, 1];[0, 19, 16, 10, 15, 11, 12, 8, 5, 18, 17, 2, 9, 3, 6, 1, 14, 4, 7, 13]|[0, 2, 1, 1, 2, 1, 0, 0, 2, 0, 1, 2, 1, 1, 0, 0, 0, 2, 1, 0]|[3, 0, 1, 1, 0, 1, 3, 2, 0, 3, 1, 0, 1, 1, 3, 3, 3, 0, 1, 3]|[0, 1, 1, 0, 0, 1, 0, 2, 1, 2, 1, 0, 1, 1, 0, 2, 0, 1, 1, 0];[12, 8, 4, 3, 13, 14, 17, 9, 2, 7, 18, 5, 1, 6, 11, 15, 10, 16, 19, 0]|[0, 0, 2, 0, 0, 0, 1, 0, 2, 0, 0, 2, 0, 0, 1, 2, 1, 1, 2, 0]|[3, 0, 0, 3, 3, 3, 1, 0, 0, 0, 0, 0, 0, 3, 1, 0, 1, 1, 0, 3]|[2, 1, 1, 0, 2, 0, 1, 1, 0, 1, 2, 1, 2, 0, 1, 0, 0, 1, 1, 1];[0, 19, 5, 15, 11, 10, 12, 18, 16, 1, 9, 6, 17, 14, 8, 3, 13, 4, 2, 7]|[0, 2, 1, 2, 1, 1, 0, 0, 2, 0, 1, 2, 1, 1, 0, 0, 0, 2, 1, 0]|[3, 0, 1, 0, 1, 1, 3, 0, 0, 3, 1, 0, 1, 1, 3, 3, 3, 0, 1, 3]|[1, 1, 1, 0, 1, 1, 0, 2, 1, 2, 1, 0, 1, 1, 0, 2, 0, 1, 1, 0];[19, 5, 11, 6, 17, 12, 16, 1, 9, 15, 10, 2, 0, 3, 18, 14, 4, 13, 7, 8]|[2, 1, 1, 2, 1, 0, 2, 0, 1, 2, 1, 0, 0, 0, 0, 0, 2, 1, 1, 0]|[1, 1, 1, 0, 1, 3, 0, 0, 1, 0, 1, 3, 0, 3, 2, 3, 0, 1, 1, 3]|[1, 1, 1, 0, 1, 0, 1, 2, 1, 0, 1, 0, 0, 2, 1, 2, 1, 1, 1, 0];[19, 5, 11, 6, 17, 12, 16, 1, 9, 15, 10, 2, 0, 3, 18, 14, 4, 13, 7, 8]|[2, 1, 1, 2, 1, 0, 2, 0, 1, 2, 1, 0, 0, 0, 0, 0, 2, 1, 1, 0]|[1, 1, 1, 0, 1, 3, 0, 0, 1, 0, 1, 3, 0, 3, 2, 3, 0, 1, 1, 3]|[1, 1, 1, 0, 1, 0, 1, 2, 1, 0, 1, 0, 0, 2, 1, 2, 1, 1, 1, 0];[0, 19, 16, 10, 15, 11, 12, 18, 2, 1, 17, 5, 9, 13, 3, 6, 7, 4, 14, 8]|[0, 2, 1, 1, 2, 1, 0, 0, 2, 0, 1, 2, 1, 1, 0, 0, 0, 2, 1, 0]|[3, 0, 1, 1, 0, 1, 3, 3, 0, 3, 1, 0, 1, 1, 3, 3, 3, 0, 1, 3]|[0, 1, 1, 1, 0, 1, 0, 2, 1, 2, 1, 0, 1, 1, 0, 2, 0, 1, 1, 2];[0, 19, 16, 10, 15, 11, 12, 18, 5, 3, 17, 2, 9, 7, 14, 1, 6, 4, 13, 8]|[0, 2, 1, 1, 2, 1, 0, 0, 2, 0, 1, 2, 1, 1, 0, 0, 0, 2, 1, 0]|[3, 0, 1, 1, 0, 1, 3, 0, 0, 3, 1, 0, 1, 1, 3, 3, 3, 0, 1, 3]|[0, 1, 1, 1, 0, 1, 2, 0, 1, 2, 1, 0, 1, 1, 0, 2, 0, 1, 1, 0];[0, 19, 16, 15, 11, 8, 12, 18, 5, 3, 17, 2, 9, 10, 14, 1, 13, 4, 6, 7]|[0, 2, 1, 2, 1, 1, 0, 0, 2, 0, 1, 2, 1, 1, 0, 0, 0, 2, 1, 0]|[3, 0, 1, 0, 1, 1, 3, 3, 0, 3, 1, 0, 1, 1, 3, 3, 3, 0, 1, 3]|[2, 1, 1, 0, 1, 1, 0, 0, 1, 2, 1, 0, 1, 1, 0, 2, 0, 1, 1, 0];[0, 19, 16, 15, 11, 8, 12, 18, 5, 3, 17, 2, 9, 10, 14, 1, 13, 4, 6, 7]|[0, 2, 1, 2, 1, 1, 0, 0, 2, 0, 1, 2, 1, 1, 0, 0, 0, 2, 1, 0]|[3, 0, 1, 0, 1, 1, 3, 3, 0, 3, 1, 0, 1, 1, 3, 3, 3, 0, 1, 3]|[2, 1, 1, 0, 1, 1, 0, 0, 1, 2, 1, 0, 1, 1, 0, 2, 0, 1, 1, 0];[0, 19, 16, 10, 15, 11, 12, 18, 5, 8, 17, 1, 9, 13, 3, 6, 7, 4, 2, 14]|[0, 2, 1, 1, 2, 1, 0, 0, 2, 0, 1, 2, 1, 1, 0, 0, 0, 2, 1, 0]|[3, 0, 1, 1, 0, 1, 3, 0, 0, 3, 1, 0, 1, 1, 3, 3, 3, 0, 1, 3]|[0, 1, 1, 1, 0, 1, 2, 0, 1, 2, 1, 0, 1, 1, 0, 2, 0, 1, 1, 0];[0, 19, 16, 10, 15, 11, 12, 18, 5, 14, 3, 1, 9, 17, 2, 8, 13, 4, 6, 7]|[0, 2, 1, 1, 2, 1, 0, 0, 2, 0, 1, 2, 1, 1, 0, 0, 0, 2, 1, 0]|[3, 0, 1, 1, 0, 1, 2, 0, 0, 0, 1, 0, 1, 1, 3, 3, 3, 0, 1, 3]|[1, 1, 1, 1, 0, 1, 0, 2, 1, 2, 1, 0, 1, 1, 0, 2, 0, 1, 1, 0];[0, 19, 16, 10, 15, 11, 12, 14, 5, 1, 17, 2, 9, 3, 8, 6, 18, 4, 13, 7]|[0, 2, 1, 1, 2, 1, 0, 0, 2, 0, 1, 2, 1, 1, 0, 0, 0, 2, 1, 0]|[3, 0, 1, 1, 0, 1, 3, 3, 0, 3, 1, 0, 1, 1, 3, 3, 3, 0, 1, 3]|[0, 1, 1, 1, 1, 1, 2, 0, 1, 2, 1, 0, 1, 1, 0, 2, 0, 1, 1, 0];[0, 19, 16, 10, 15, 11, 12, 1, 5, 14, 17, 6, 9, 7, 2, 13, 8, 4, 3, 18]|[0, 2, 1, 1, 2, 1, 0, 0, 2, 0, 1, 2, 1, 1, 0, 0, 0, 2, 1, 0]|[3, 0, 1, 1, 0, 1, 3, 0, 0, 3, 1, 0, 1, 1, 3, 3, 3, 0, 1, 3]|[1, 1, 1, 0, 0, 1, 0, 2, 1, 2, 1, 0, 1, 1, 0, 2, 0, 1, 1, 0];[19, 16, 15, 12, 1, 0, 5, 14, 2, 13, 3, 8, 6, 4, 17, 9, 10, 11, 18, 7]|[2, 1, 2, 0, 0, 0, 2, 1, 2, 1, 0, 0, 0, 2, 1, 1, 1, 1, 0, 0]|[0, 1, 0, 3, 3, 3, 0, 1, 0, 1, 3, 3, 3, 0, 1, 1, 1, 1, 3, 3]|[1, 1, 0, 0, 2, 0, 1, 1, 0, 1, 0, 2, 0, 1, 1, 1, 1, 1, 2, 0];[0, 19, 16, 10, 15, 11, 12, 18, 5, 7, 17, 4, 9, 3, 8, 14, 6, 2, 13, 1]|[0, 2, 1, 1, 2, 1, 0, 0, 2, 0, 1, 2, 1, 1, 0, 0, 0, 2, 1, 0]|[3, 0, 1, 1, 0, 1, 3, 0, 0, 3, 1, 0, 0, 1, 3, 3, 3, 0, 1, 3]|[1, 1, 1, 0, 0, 1, 0, 2, 1, 2, 1, 0, 1, 0, 0, 2, 0, 1, 1, 2];[0, 19, 16, 10, 15, 11, 18, 8, 5, 12, 2, 6, 7, 17, 9, 1, 3, 4, 13, 14]|[0, 2, 1, 1, 2, 1, 0, 0, 2, 0, 1, 2, 1, 1, 0, 0, 0, 2, 1, 0]|[3, 0, 1, 1, 0, 1, 3, 2, 0, 0, 1, 0, 0, 1, 3, 3, 3, 0, 1, 3]|[1, 1, 1, 1, 0, 1, 0, 2, 1, 2, 1, 0, 1, 1, 0, 2, 0, 1, 1, 2];[0, 19, 5, 15, 16, 18, 12, 4, 8, 10, 6, 7, 17, 11, 14, 13, 3, 9, 2, 1]|[0, 2, 1, 2, 1, 0, 0, 2, 0, 1, 2, 1, 1, 1, 0, 0, 0, 2, 1, 0]|[0, 0, 1, 0, 1, 3, 3, 0, 3, 1, 0, 1, 1, 1, 3, 3, 3, 0, 1, 3]|[2, 1, 1, 0, 1, 0, 0, 1, 2, 1, 0, 1, 1, 1, 0, 2, 0, 1, 1, 2];[0, 19, 16, 10, 15, 11, 18, 8, 5, 12, 3, 6, 9, 7, 14, 13, 1, 4, 2, 17]|[0, 2, 1, 1, 2, 1, 0, 0, 2, 0, 1, 2, 1, 1, 0, 0, 0, 2, 1, 0]|[3, 0, 1, 1, 0, 1, 3, 2, 0, 3, 1, 0, 1, 1, 3, 3, 3, 0, 1, 3]|[1, 1, 1, 0, 0, 1, 0, 2, 1, 2, 1, 0, 1, 1, 0, 2, 0, 1, 1, 2];[19, 16, 10, 15, 11, 18, 4, 12, 17, 2, 7, 13, 6, 0, 1, 3, 14, 5, 9, 8]|[2, 1, 1, 2, 1, 0, 2, 0, 1, 2, 1, 1, 0, 0, 0, 0, 0, 2, 1, 0]|[1, 1, 1, 0, 1, 2, 0, 0, 0, 0, 0, 1, 3, 3, 0, 3, 3, 0, 1, 3]|[1, 1, 0, 0, 1, 1, 1, 2, 1, 0, 1, 0, 0, 0, 2, 2, 0, 1, 1, 2];[19, 16, 10, 15, 11, 18, 4, 12, 17, 2, 7, 13, 6, 0, 1, 3, 14, 5, 9, 8]|[2, 1, 1, 2, 1, 0, 2, 0, 1, 2, 1, 1, 0, 0, 0, 0, 0, 2, 1, 0]|[1, 1, 1, 0, 1, 2, 0, 0, 0, 0, 0, 1, 3, 3, 0, 3, 3, 0, 1, 3]|[1, 1, 0, 0, 1, 1, 1, 2, 1, 0, 1, 0, 0, 0, 2, 2, 0, 1, 1, 2];[0, 19, 16, 10, 15, 11, 12, 3, 5, 18, 6, 17, 7, 1, 2, 14, 13, 4, 9, 8]|[0, 2, 1, 1, 2, 1, 0, 0, 2, 0, 1, 2, 1, 1, 0, 0, 0, 2, 1, 0]|[3, 0, 1, 1, 0, 0, 2, 0, 0, 3, 1, 0, 1, 1, 3, 3, 3, 0, 1, 3]|[1, 1, 1, 0, 0, 1, 0, 2, 1, 2, 1, 0, 1, 1, 0, 2, 0, 1, 1, 2];[14, 19, 16, 10, 11, 15, 12, 8, 4, 1, 18, 3, 17, 9, 13, 7, 2, 5, 6, 0]|[0, 2, 1, 1, 2, 1, 0, 0, 2, 0, 0, 1, 2, 1, 1, 0, 0, 2, 1, 0]|[3, 0, 1, 1, 0, 1, 3, 3, 0, 3, 3, 1, 0, 1, 1, 3, 3, 0, 1, 3]|[0, 1, 1, 1, 0, 1, 2, 0, 1, 2, 0, 1, 0, 0, 1, 0, 2, 1, 1, 0];[14, 19, 16, 10, 11, 15, 12, 8, 4, 1, 18, 3, 17, 9, 13, 7, 2, 5, 6, 0]|[0, 2, 1, 1, 2, 1, 0, 0, 2, 0, 0, 1, 2, 1, 1, 0, 0, 2, 1, 0]|[3, 0, 1, 1, 0, 1, 3, 3, 0, 3, 3, 1, 0, 1, 1, 3, 3, 0, 1, 3]|[0, 1, 1, 1, 0, 1, 2, 0, 1, 2, 0, 1, 0, 0, 1, 0, 2, 1, 1, 0];[0, 19, 5, 10, 7, 11, 12, 18, 16, 14, 15, 6, 9, 17, 2, 13, 8, 4, 3, 1]|[0, 2, 1, 1, 2, 1, 0, 0, 2, 0, 1, 2, 1, 1, 0, 0, 0, 2, 1, 0]|[3, 0, 1, 1, 0, 1, 3, 0, 0, 3, 1, 0, 1, 1, 3, 3, 3, 0, 1, 3]|[1, 1, 1, 0, 0, 1, 0, 2, 1, 2, 1, 0, 1, 1, 0, 2, 0, 1, 1, 0];[0, 19, 16, 10, 15, 11, 12, 1, 5, 14, 17, 2, 9, 13, 8, 3, 7, 4, 6, 18]|[0, 2, 1, 1, 2, 1, 0, 0, 2, 0, 1, 2, 1, 1, 0, 0, 0, 2, 1, 0]|[3, 0, 1, 1, 0, 1, 2, 0, 0, 0, 1, 0, 1, 1, 3, 3, 3, 0, 1, 3]|[1, 1, 1, 0, 0, 1, 0, 2, 1, 2, 1, 0, 1, 1, 0, 2, 0, 1, 1, 0];[0, 19, 16, 10, 15, 11, 18, 8, 5, 12, 17, 2, 7, 9, 1, 14, 6, 4, 13, 3]|[0, 2, 1, 1, 2, 1, 0, 0, 2, 0, 1, 2, 1, 1, 0, 0, 0, 2, 1, 0]|[3, 0, 1, 1, 0, 1, 3, 0, 0, 0, 1, 0, 0, 1, 3, 3, 3, 0, 1, 3]|[1, 1, 1, 0, 0, 1, 0, 2, 1, 2, 1, 0, 1, 0, 0, 2, 0, 1, 1, 0];[12, 19, 16, 15, 8, 10, 18, 5, 0, 17, 2, 7, 1, 4, 3, 6, 14, 9, 11, 13]|[0, 2, 1, 2, 1, 1, 0, 2, 0, 1, 2, 1, 1, 2, 0, 0, 0, 1, 1, 0]|[0, 0, 1, 0, 1, 1, 3, 0, 3, 1, 0, 1, 1, 0, 3, 3, 3, 1, 1, 3]|[0, 1, 1, 0, 1, 1, 2, 1, 0, 1, 0, 1, 1, 1, 0, 2, 0, 1, 1, 0];[0, 19, 16, 10, 15, 11, 12, 3, 5, 18, 17, 14, 9, 13, 2, 7, 1, 4, 6, 8]|[0, 2, 1, 1, 2, 1, 1, 0, 2, 0, 1, 2, 1, 1, 0, 0, 1, 2, 0, 0]|[0, 1, 1, 1, 0, 1, 1, 3, 0, 0, 0, 0, 0, 1, 3, 3, 1, 0, 3, 3]|[2, 1, 1, 1, 0, 1, 1, 0, 1, 2, 1, 0, 1, 0, 0, 2, 1, 1, 0, 2];[17, 19, 5, 2, 4, 12, 9, 7, 16, 1, 18, 11, 15, 10, 0, 3, 6, 14, 13, 8]|[0, 2, 1, 1, 2, 1, 1, 0, 2, 0, 0, 1, 2, 1, 0, 0, 0, 2, 1, 0]|[3, 1, 1, 1, 0, 1, 1, 0, 0, 0, 2, 0, 0, 1, 3, 3, 3, 0, 1, 3]|[0, 1, 1, 1, 0, 1, 1, 2, 1, 0, 2, 1, 0, 0, 1, 2, 0, 1, 1, 2];[17, 19, 5, 2, 4, 12, 9, 7, 16, 1, 18, 11, 15, 10, 0, 3, 6, 14, 13, 8]|[0, 2, 1, 1, 2, 1, 1, 0, 2, 0, 0, 1, 2, 1, 0, 0, 0, 2, 1, 0]|[3, 1, 1, 1, 0, 1, 1, 0, 0, 0, 2, 0, 0, 1, 3, 3, 3, 0, 1, 3]|[0, 1, 1, 1, 0, 1, 1, 2, 1, 0, 2, 1, 0, 0, 1, 2, 0, 1, 1, 2];[0, 19, 16, 15, 6, 3, 5, 12, 18, 11, 2, 9, 10, 8, 7, 14, 13, 4, 17, 1]|[0, 2, 1, 2, 1, 0, 2, 0, 0, 1, 2, 1, 1, 1, 0, 0, 0, 2, 1, 0]|[3, 0, 1, 0, 1, 3, 0, 3, 3, 1, 0, 1, 1, 1, 3, 3, 3, 0, 1, 3]|[0, 1, 1, 0, 1, 2, 1, 2, 0, 1, 0, 1, 1, 1, 0, 2, 0, 1, 1, 2];[0, 19, 16, 10, 15, 11, 12, 1, 5, 18, 17, 6, 9, 2, 13, 14, 3, 4, 7, 8]|[0, 2, 1, 1, 2, 1, 0, 0, 2, 0, 1, 2, 1, 1, 0, 0, 0, 2, 0, 0]|[3, 0, 1, 1, 0, 1, 2, 0, 0, 0, 0, 0, 0, 1, 3, 3, 3, 0, 1, 3]|[1, 1, 1, 0, 0, 1, 0, 2, 1, 2, 1, 0, 1, 0, 0, 2, 0, 1, 1, 0];[0, 19, 16, 10, 15, 11, 12, 18, 5, 14, 7, 2, 13, 4, 8, 1, 3, 6, 17, 9]|[0, 2, 1, 1, 2, 1, 0, 0, 2, 0, 0, 2, 1, 1, 0, 0, 0, 2, 1, 0]|[3, 0, 1, 1, 0, 0, 2, 0, 0, 0, 0, 0, 0, 1, 3, 3, 3, 0, 1, 3]|[1, 1, 1, 1, 0, 1, 0, 2, 1, 2, 1, 0, 1, 0, 0, 2, 2, 1, 1, 0];[0, 19, 16, 10, 15, 11, 12, 18, 5, 14, 7, 2, 13, 4, 8, 1, 3, 6, 17, 9]|[0, 2, 1, 1, 2, 1, 0, 0, 2, 0, 0, 2, 1, 1, 0, 0, 0, 2, 1, 0]|[3, 0, 1, 1, 0, 0, 2, 0, 0, 0, 0, 0, 0, 1, 3, 3, 3, 0, 1, 3]|[1, 1, 1, 1, 0, 1, 0, 2, 1, 2, 1, 0, 1, 0, 0, 2, 2, 1, 1, 0];[0, 19, 16, 10, 15, 11, 12, 18, 5, 14, 7, 2, 13, 4, 8, 1, 3, 6, 17, 9]|[0, 2, 1, 1, 2, 1, 0, 0, 2, 0, 0, 2, 1, 1, 0, 0, 0, 2, 1, 0]|[3, 0, 1, 1, 0, 0, 2, 0, 0, 0, 0, 0, 0, 1, 3, 3, 3, 0, 1, 3]|[1, 1, 1, 1, 0, 1, 0, 2, 1, 2, 1, 0, 1, 0, 0, 2, 2, 1, 1, 0];[0, 19, 16, 10, 15, 11, 12, 18, 5, 14, 7, 2, 13, 4, 8, 1, 3, 6, 17, 9]|[0, 2, 1, 1, 2, 1, 0, 0, 2, 0, 0, 2, 1, 1, 0, 0, 0, 2, 1, 0]|[3, 0, 1, 1, 0, 0, 2, 0, 0, 0, 0, 0, 0, 1, 3, 3, 3, 0, 1, 3]|[1, 1, 1, 1, 0, 1, 0, 2, 1, 2, 1, 0, 1, 0, 0, 2, 2, 1, 1, 0];[0, 19, 16, 10, 15, 11, 12, 18, 5, 14, 7, 2, 13, 4, 8, 1, 3, 6, 17, 9]|[0, 2, 1, 1, 2, 1, 0, 0, 2, 0, 0, 2, 1, 1, 0, 0, 0, 2, 1, 0]|[3, 0, 1, 1, 0, 0, 2, 0, 0, 0, 0, 0, 0, 1, 3, 3, 3, 0, 1, 3]|[1, 1, 1, 1, 0, 1, 0, 2, 1, 2, 1, 0, 1, 0, 0, 2, 2, 1, 1, 0];[0, 19, 16, 10, 15, 11, 12, 18, 5, 14, 7, 2, 13, 4, 8, 1, 3, 6, 17, 9]|[0, 2, 1, 1, 2, 1, 0, 0, 2, 0, 0, 2, 1, 1, 0, 0, 0, 2, 1, 0]|[3, 0, 1, 1, 0, 0, 2, 0, 0, 0, 0, 0, 0, 1, 3, 3, 3, 0, 1, 3]|[1, 1, 1, 1, 0, 1, 0, 2, 1, 2, 1, 0, 1, 0, 0, 2, 2, 1, 1, 0];[0, 19, 16, 10, 15, 11, 12, 18, 5, 14, 7, 2, 13, 4, 8, 1, 3, 6, 17, 9]|[0, 2, 1, 1, 2, 1, 0, 0, 2, 0, 0, 2, 1, 1, 0, 0, 0, 2, 1, 0]|[3, 0, 1, 1, 0, 0, 2, 0, 0, 0, 0, 0, 0, 1, 3, 3, 3, 0, 1, 3]|[1, 1, 1, 1, 0, 1, 0, 2, 1, 2, 1, 0, 1, 0, 0, 2, 2, 1, 1, 0];[0, 19, 16, 10, 15, 11, 18, 1, 5, 12, 17, 6, 9, 7, 2, 14, 13, 4, 3, 8]|[0, 2, 1, 1, 2, 1, 0, 0, 2, 0, 1, 2, 1, 1, 0, 0, 0, 2, 1, 0]|[3, 0, 1, 1, 0, 1, 3, 0, 0, 0, 1, 0, 0, 1, 3, 3, 3, 0, 1, 3]|[1, 1, 1, 0, 0, 1, 0, 2, 1, 2, 1, 0, 1, 0, 0, 2, 2, 1, 1, 0];[0, 19, 16, 10, 15, 11, 12, 1, 5, 7, 17, 6, 9, 3, 13, 2, 14, 4, 18, 8]|[0, 2, 1, 1, 2, 1, 0, 0, 2, 0, 1, 2, 1, 1, 0, 0, 0, 2, 0, 0]|[3, 0, 1, 1, 0, 1, 2, 0, 0, 0, 0, 0, 0, 1, 3, 3, 3, 0, 0, 3]|[1, 1, 1, 0, 0, 1, 0, 2, 1, 2, 1, 0, 1, 0, 0, 2, 0, 1, 1, 0];[0, 19, 16, 10, 15, 11, 12, 1, 5, 7, 17, 6, 9, 3, 13, 2, 14, 4, 18, 8]|[0, 2, 1, 1, 2, 1, 0, 0, 2, 0, 1, 2, 1, 1, 0, 0, 0, 2, 0, 0]|[3, 0, 1, 1, 0, 1, 2, 0, 0, 0, 0, 0, 0, 1, 3, 3, 3, 0, 0, 3]|[1, 1, 1, 0, 0, 1, 0, 2, 1, 2, 1, 0, 1, 0, 0, 2, 0, 1, 1, 0];[8, 19, 16, 10, 15, 11, 12, 0, 5, 1, 3, 6, 9, 13, 2, 14, 18, 4, 17, 7]|[0, 2, 1, 1, 2, 1, 0, 0, 2, 0, 1, 2, 1, 1, 0, 0, 0, 2, 1, 0]|[3, 0, 1, 1, 0, 1, 3, 3, 0, 3, 1, 0, 1, 1, 3, 3, 3, 0, 1, 3]|[0, 1, 1, 1, 0, 1, 2, 0, 1, 2, 1, 0, 1, 1, 0, 2, 0, 1, 1, 0];[8, 19, 16, 10, 15, 11, 12, 0, 5, 1, 3, 6, 9, 13, 2, 14, 18, 4, 17, 7]|[0, 2, 1, 1, 2, 1, 0, 0, 2, 0, 1, 2, 1, 1, 0, 0, 0, 2, 1, 0]|[3, 0, 1, 1, 0, 1, 3, 3, 0, 3, 1, 0, 1, 1, 3, 3, 3, 0, 1, 3]|[0, 1, 1, 1, 0, 1, 2, 0, 1, 2, 1, 0, 1, 1, 0, 2, 0, 1, 1, 0];[0, 19, 16, 14, 15, 11, 12, 18, 5, 10, 7, 9, 2, 3, 13, 6, 8, 4, 17, 1]|[0, 2, 1, 1, 2, 1, 0, 0, 2, 1, 1, 1, 2, 1, 0, 0, 0, 2, 1, 0]|[3, 0, 1, 1, 0, 1, 3, 3, 0, 1, 1, 1, 0, 1, 3, 3, 3, 0, 1, 3]|[0, 1, 1, 1, 0, 1, 0, 2, 1, 1, 1, 1, 0, 1, 0, 2, 0, 1, 1, 0];[0, 19, 16, 14, 15, 11, 12, 18, 5, 10, 7, 9, 2, 3, 13, 6, 8, 4, 17, 1]|[0, 2, 1, 1, 2, 1, 0, 0, 2, 1, 1, 1, 2, 1, 0, 0, 0, 2, 1, 0]|[3, 0, 1, 1, 0, 1, 3, 3, 0, 1, 1, 1, 0, 1, 3, 3, 3, 0, 1, 3]|[0, 1, 1, 1, 0, 1, 0, 2, 1, 1, 1, 1, 0, 1, 0, 2, 0, 1, 1, 0];[0, 19, 16, 10, 15, 11, 12, 1, 5, 7, 17, 6, 18, 9, 13, 3, 14, 4, 2, 8]|[0, 2, 1, 1, 2, 1, 0, 0, 2, 0, 1, 2, 1, 1, 0, 0, 0, 2, 0, 0]|[3, 0, 1, 1, 0, 1, 2, 0, 0, 0, 0, 0, 0, 1, 3, 3, 3, 0, 0, 3]|[1, 1, 1, 0, 0, 1, 0, 2, 1, 2, 1, 0, 1, 0, 0, 2, 0, 1, 1, 2];[0, 19, 16, 10, 15, 11, 12, 1, 5, 18, 7, 2, 9, 17, 14, 8, 6, 3, 4, 13]|[0, 2, 1, 1, 2, 1, 0, 0, 2, 0, 0, 2, 0, 1, 0, 0, 0, 2, 1, 0]|[3, 0, 1, 1, 0, 1, 2, 0, 0, 0, 0, 0, 0, 1, 3, 3, 3, 0, 1, 3]|[1, 1, 1, 0, 0, 1, 0, 2, 1, 2, 1, 0, 1, 0, 0, 2, 0, 1, 1, 2];[0, 19, 16, 10, 15, 11, 12, 1, 5, 18, 7, 2, 9, 17, 14, 8, 6, 3, 4, 13]|[0, 2, 1, 1, 2, 1, 0, 0, 2, 0, 0, 2, 0, 1, 0, 0, 0, 2, 1, 0]|[3, 0, 1, 1, 0, 1, 2, 0, 0, 0, 0, 0, 0, 1, 3, 3, 3, 0, 1, 3]|[1, 1, 1, 0, 0, 1, 0, 2, 1, 2, 1, 0, 1, 0, 0, 2, 0, 1, 1, 2];[19, 16, 6, 15, 10, 3, 1, 5, 14, 4, 9, 13, 17, 11, 2, 0, 12, 8, 7, 18]|[2, 1, 1, 2, 1, 0, 0, 2, 0, 2, 1, 1, 1, 1, 2, 0, 0, 0, 0, 0]|[1, 1, 1, 0, 1, 1, 0, 0, 3, 0, 0, 1, 0, 1, 0, 3, 2, 3, 3, 3]|[1, 1, 1, 0, 1, 0, 1, 1, 2, 0, 1, 0, 1, 1, 1, 0, 1, 2, 2, 0];[19, 10, 15, 18, 2, 5, 7, 17, 12, 8, 16, 3, 6, 9, 1, 14, 4, 13, 11, 0]|[2, 1, 2, 0, 0, 2, 0, 1, 1, 2, 1, 1, 0, 0, 0, 0, 2, 1, 1, 0]|[1, 1, 0, 2, 3, 0, 0, 1, 1, 0, 1, 1, 3, 3, 0, 3, 0, 0, 1, 3]|[1, 1, 0, 1, 0, 1, 2, 1, 1, 0, 1, 0, 0, 0, 2, 2, 1, 1, 1, 0];[19, 10, 15, 18, 2, 5, 7, 17, 12, 8, 16, 3, 6, 9, 1, 14, 4, 13, 11, 0]|[2, 1, 2, 0, 0, 2, 0, 1, 1, 2, 1, 1, 0, 0, 0, 0, 2, 1, 1, 0]|[1, 1, 0, 2, 3, 0, 0, 1, 1, 0, 1, 1, 3, 3, 0, 3, 0, 0, 1, 3]|[1, 1, 0, 1, 0, 1, 2, 1, 1, 0, 1, 0, 0, 0, 2, 2, 1, 1, 1, 0];[0, 19, 16, 2, 4, 1, 6, 13, 15, 12, 18, 5, 14, 10, 17, 9, 7, 3, 11, 8]|[0, 2, 1, 2, 2, 0, 0, 0, 2, 2, 0, 2, 0, 1, 1, 1, 1, 1, 1, 0]|[0, 0, 1, 0, 0, 3, 3, 3, 0, 1, 3, 0, 2, 1, 1, 1, 1, 1, 1, 3]|[2, 1, 1, 0, 1, 0, 0, 2, 0, 0, 0, 1, 0, 1, 1, 1, 1, 1, 1, 2];[0, 19, 16, 10, 15, 11, 12, 1, 5, 18, 17, 6, 9, 3, 13, 2, 7, 4, 14, 8]|[0, 2, 1, 1, 2, 1, 0, 0, 2, 0, 1, 2, 1, 1, 0, 0, 0, 2, 0, 0]|[3, 0, 1, 1, 0, 1, 2, 0, 0, 0, 0, 0, 0, 1, 3, 3, 3, 0, 2, 3]|[1, 1, 1, 0, 0, 1, 0, 2, 1, 2, 1, 0, 1, 0, 0, 2, 0, 1, 1, 2];[11, 19, 16, 10, 15, 0, 12, 8, 5, 3, 17, 9, 6, 2, 4, 14, 18, 7, 13, 1]|[0, 2, 1, 1, 2, 1, 0, 0, 2, 1, 2, 1, 1, 1, 2, 0, 0, 0, 0, 0]|[3, 0, 1, 1, 0, 1, 3, 3, 0, 1, 0, 1, 1, 1, 0, 3, 3, 3, 3, 3]|[0, 1, 1, 1, 0, 1, 2, 0, 1, 1, 0, 1, 1, 1, 1, 2, 0, 2, 0, 0];[11, 19, 16, 10, 15, 0, 12, 8, 5, 3, 17, 9, 6, 2, 4, 14, 18, 7, 13, 1]|[0, 2, 1, 1, 2, 1, 0, 0, 2, 1, 2, 1, 1, 1, 2, 0, 0, 0, 0, 0]|[3, 0, 1, 1, 0, 1, 3, 3, 0, 1, 0, 1, 1, 1, 0, 3, 3, 3, 3, 3]|[0, 1, 1, 1, 0, 1, 2, 0, 1, 1, 0, 1, 1, 1, 1, 2, 0, 2, 0, 0];[0, 19, 16, 10, 15, 11, 12, 18, 5, 14, 3, 6, 9, 13, 2, 8, 1, 17, 4, 7]|[0, 2, 1, 1, 2, 1, 0, 0, 2, 0, 1, 2, 1, 1, 0, 0, 0, 1, 2, 0]|[3, 0, 1, 1, 0, 1, 3, 3, 0, 3, 1, 0, 1, 1, 3, 3, 3, 1, 0, 3]|[0, 1, 1, 1, 0, 1, 2, 0, 1, 2, 1, 0, 1, 1, 0, 2, 0, 1, 1, 0];[0, 19, 16, 10, 15, 11, 12, 18, 5, 14, 3, 6, 9, 13, 2, 8, 1, 17, 4, 7]|[0, 2, 1, 1, 2, 1, 0, 0, 2, 0, 1, 2, 1, 1, 0, 0, 0, 1, 2, 0]|[3, 0, 1, 1, 0, 1, 3, 3, 0, 3, 1, 0, 1, 1, 3, 3, 3, 1, 0, 3]|[0, 1, 1, 1, 0, 1, 2, 0, 1, 2, 1, 0, 1, 1, 0, 2, 0, 1, 1, 0];[0, 19, 16, 10, 15, 11, 12, 1, 5, 18, 17, 6, 9, 3, 13, 2, 7, 4, 14, 8]|[0, 2, 1, 1, 2, 1, 0, 0, 2, 0, 1, 2, 1, 1, 0, 0, 0, 2, 0, 0]|[3, 0, 1, 1, 0, 1, 2, 0, 0, 0, 0, 0, 0, 1, 3, 3, 3, 0, 2, 3]|[1, 1, 1, 0, 0, 1, 0, 2, 1, 2, 1, 0, 1, 0, 0, 2, 0, 1, 1, 2];[7, 4, 1, 12, 11, 15, 10, 16, 19, 14, 17, 6, 0, 8, 13, 3, 9, 5, 2, 18]|[0, 2, 0, 0, 1, 2, 1, 1, 2, 0, 1, 2, 0, 0, 0, 1, 0, 2, 1, 0]|[0, 1, 0, 2, 1, 0, 1, 0, 0, 3, 0, 0, 3, 3, 3, 1, 0, 0, 1, 3]|[2, 1, 2, 1, 1, 0, 0, 1, 1, 0, 1, 0, 0, 2, 0, 0, 1, 1, 1, 0];[0, 19, 16, 10, 15, 11, 18, 1, 5, 12, 17, 6, 9, 3, 13, 14, 2, 4, 7, 8]|[0, 2, 1, 1, 2, 1, 0, 0, 2, 0, 1, 2, 1, 1, 0, 0, 0, 2, 0, 0]|[3, 0, 1, 1, 0, 1, 2, 0, 0, 0, 0, 0, 0, 1, 3, 3, 3, 0, 0, 3]|[1, 1, 1, 0, 0, 1, 0, 2, 1, 2, 1, 0, 1, 0, 0, 2, 0, 1, 1, 1];[19, 16, 9, 15, 11, 12, 2, 5, 8, 3, 6, 10, 13, 0, 7, 18, 4, 17, 14, 1]|[2, 1, 1, 2, 1, 0, 0, 2, 0, 1, 2, 1, 1, 0, 0, 0, 2, 1, 0, 0]|[0, 1, 1, 0, 1, 3, 3, 0, 3, 1, 0, 1, 1, 3, 3, 3, 0, 1, 3, 3]|[1, 1, 1, 0, 1, 2, 0, 1, 2, 1, 0, 1, 1, 0, 2, 0, 1, 1, 2, 0]	sBp=[0, 19, 16, 10, 15, 11, 12, 1, 4, 3, 17, 14, 9, 2, 13, 7, 8, 5, 6, 18]|[0, 2, 1, 1, 2, 1, 0, 0, 2, 0, 1, 2, 1, 1, 0, 0, 0, 2, 0, 0]|[3, 0, 1, 1, 0, 1, 2, 0, 0, 3, 1, 0, 1, 1, 3, 3, 3, 0, 0, 3]|[1, 1, 1, 1, 0, 1, 0, 2, 1, 2, 1, 0, 1, 1, 0, 2, 0, 1, 1, 2];[0, 19, 16, 10, 15, 11, 12, 1, 5, 14, 17, 4, 9, 7, 2, 13, 18, 6, 3, 8]|[0, 2, 1, 1, 2, 1, 0, 0, 2, 0, 1, 2, 1, 1, 0, 0, 0, 2, 1, 0]|[3, 0, 1, 1, 0, 1, 2, 0, 0, 0, 1, 0, 1, 1, 3, 3, 3, 0, 1, 3]|[1, 1, 1, 0, 0, 1, 0, 2, 1, 2, 1, 0, 1, 1, 0, 2, 0, 1, 1, 2];[0, 19, 16, 10, 15, 11, 12, 18, 5, 3, 17, 2, 7, 9, 6, 14, 8, 4, 13, 1]|[0, 2, 1, 1, 2, 1, 0, 0, 2, 0, 1, 2, 1, 1, 0, 0, 0, 2, 1, 0]|[3, 0, 1, 1, 0, 1, 2, 0, 0, 0, 1, 0, 1, 1, 3, 3, 3, 0, 1, 3]|[1, 1, 1, 0, 0, 1, 0, 2, 1, 2, 1, 0, 1, 1, 0, 2, 0, 1, 1, 0];[0, 19, 16, 10, 15, 11, 12, 18, 5, 7, 17, 1, 9, 3, 6, 13, 8, 4, 2, 14]|[0, 2, 1, 1, 2, 1, 0, 0, 2, 0, 1, 2, 1, 1, 0, 0, 0, 2, 1, 0]|[3, 0, 1, 1, 0, 0, 2, 0, 0, 0, 1, 0, 1, 1, 3, 3, 3, 0, 1, 3]|[1, 1, 1, 0, 0, 1, 0, 2, 1, 2, 1, 0, 1, 1, 0, 2, 0, 1, 1, 2];[0, 19, 16, 15, 12, 1, 5, 7, 6, 10, 14, 18, 2, 4, 9, 13, 11, 17, 3, 8]|[0, 2, 1, 2, 0, 0, 2, 0, 2, 1, 0, 0, 0, 2, 1, 1, 1, 1, 1, 0]|[3, 0, 1, 0, 2, 0, 0, 0, 0, 1, 3, 3, 3, 0, 1, 1, 1, 1, 1, 3]|[1, 1, 1, 0, 2, 0, 1, 2, 0, 1, 0, 2, 0, 1, 1, 1, 1, 1, 1, 2];[0, 4, 5, 10, 15, 11, 18, 1, 16, 7, 17, 2, 9, 14, 12, 6, 3, 19, 13, 8]|[0, 2, 1, 1, 2, 1, 0, 0, 2, 0, 1, 2, 1, 1, 0, 0, 0, 2, 1, 0]|[3, 0, 1, 1, 0, 0, 2, 0, 0, 0, 1, 0, 1, 1, 3, 3, 3, 0, 1, 3]|[1, 1, 1, 0, 0, 1, 0, 2, 1, 2, 1, 0, 1, 1, 0, 2, 0, 1, 1, 2];[0, 19, 16, 10, 15, 11, 18, 12, 5, 3, 17, 2, 9, 8, 13, 14, 7, 4, 6, 1]|[0, 2, 1, 1, 2, 1, 0, 0, 2, 0, 1, 2, 1, 1, 0, 0, 0, 2, 1, 0]|[3, 0, 1, 1, 0, 1, 3, 1, 0, 3, 1, 0, 1, 1, 3, 3, 3, 0, 1, 3]|[1, 1, 1, 0, 0, 1, 0, 2, 1, 2, 1, 0, 1, 1, 0, 2, 0, 1, 1, 2];[0, 19, 16, 10, 15, 11, 12, 1, 5, 7, 17, 6, 9, 3, 13, 8, 14, 2, 4, 18]|[0, 2, 1, 1, 2, 1, 0, 0, 2, 0, 1, 2, 0, 1, 0, 0, 0, 2, 1, 0]|[3, 0, 1, 1, 0, 1, 2, 0, 0, 0, 0, 0, 0, 1, 3, 3, 3, 0, 1, 3]|[1, 1, 1, 0, 0, 1, 0, 2, 1, 2, 1, 0, 1, 0, 0, 2, 0, 1, 1, 2];[0, 19, 16, 10, 15, 11, 12, 1, 5, 18, 7, 6, 9, 3, 14, 17, 2, 4, 8, 13]|[0, 2, 1, 1, 2, 1, 0, 0, 2, 0, 1, 2, 1, 1, 0, 0, 0, 2, 1, 0]|[3, 0, 1, 1, 0, 1, 2, 0, 0, 3, 1, 0, 1, 1, 3, 3, 3, 0, 1, 3]|[1, 1, 1, 0, 0, 1, 0, 2, 1, 2, 1, 0, 1, 1, 0, 2, 0, 1, 1, 0];[14, 19, 5, 10, 15, 11, 13, 12, 4, 3, 7, 2, 9, 6, 8, 18, 16, 17, 0, 1]|[0, 2, 1, 1, 2, 1, 0, 1, 2, 0, 1, 2, 1, 1, 0, 0, 2, 0, 0, 0]|[3, 0, 1, 1, 0, 1, 3, 1, 0, 3, 1, 0, 1, 1, 3, 3, 0, 3, 3, 3]|[2, 1, 1, 1, 0, 1, 0, 1, 1, 2, 1, 0, 1, 1, 0, 2, 1, 0, 2, 0];[18, 5, 1, 12, 11, 15, 10, 16, 19, 7, 4, 14, 17, 13, 0, 9, 2, 8, 6, 3]|[0, 2, 0, 0, 1, 2, 1, 1, 2, 0, 2, 0, 1, 0, 0, 0, 2, 0, 0, 0]|[2, 0, 0, 3, 1, 0, 1, 1, 0, 3, 0, 0, 1, 3, 3, 0, 0, 3, 3, 3]|[2, 1, 2, 0, 1, 0, 0, 1, 1, 1, 0, 1, 1, 0, 2, 1, 1, 0, 2, 0];[18, 5, 1, 12, 11, 15, 10, 16, 19, 7, 4, 14, 17, 13, 0, 9, 2, 8, 6, 3]|[0, 2, 0, 0, 1, 2, 1, 1, 2, 0, 2, 0, 1, 0, 0, 0, 2, 0, 0, 0]|[2, 0, 0, 3, 1, 0, 1, 1, 0, 3, 0, 0, 1, 3, 3, 0, 0, 3, 3, 3]|[2, 1, 2, 0, 1, 0, 0, 1, 1, 1, 0, 1, 1, 0, 2, 1, 1, 0, 2, 0];[14, 19, 5, 10, 15, 11, 8, 12, 16, 1, 17, 4, 9, 13, 2, 18, 0, 6, 3, 7]|[0, 2, 1, 1, 2, 1, 0, 0, 2, 0, 1, 2, 1, 1, 0, 0, 0, 2, 1, 0]|[3, 0, 1, 1, 0, 1, 3, 3, 0, 3, 1, 0, 1, 1, 3, 3, 3, 0, 1, 3]|[0, 1, 1, 0, 0, 1, 2, 0, 1, 2, 1, 0, 1, 1, 0, 2, 0, 1, 1, 2];[0, 19, 5, 10, 15, 11, 18, 1, 16, 7, 12, 6, 9, 13, 17, 2, 3, 4, 8, 14]|[0, 2, 1, 1, 2, 1, 0, 0, 2, 0, 1, 2, 1, 1, 0, 0, 0, 2, 1, 0]|[3, 0, 1, 1, 0, 1, 2, 0, 0, 0, 0, 0, 0, 1, 3, 3, 3, 0, 1, 3]|[1, 1, 1, 1, 0, 1, 0, 2, 1, 1, 1, 0, 1, 0, 0, 2, 2, 1, 1, 0];[3, 12, 5, 8, 17, 11, 15, 10, 16, 19, 0, 2, 9, 6, 18, 1, 13, 4, 7, 14]|[0, 0, 2, 0, 0, 1, 2, 1, 1, 2, 0, 2, 0, 1, 0, 0, 0, 2, 0, 0]|[3, 0, 0, 0, 0, 1, 0, 1, 1, 0, 3, 0, 0, 1, 3, 3, 3, 0, 3, 3]|[0, 2, 1, 2, 2, 1, 0, 0, 1, 1, 1, 0, 1, 1, 0, 0, 2, 1, 1, 0];[3, 12, 5, 8, 17, 11, 15, 10, 16, 19, 0, 2, 9, 6, 18, 1, 13, 4, 7, 14]|[0, 0, 2, 0, 0, 1, 2, 1, 1, 2, 0, 2, 0, 1, 0, 0, 0, 2, 0, 0]|[3, 0, 0, 0, 0, 1, 0, 1, 1, 0, 3, 0, 0, 1, 3, 3, 3, 0, 3, 3]|[0, 2, 1, 2, 2, 1, 0, 0, 1, 1, 1, 0, 1, 1, 0, 0, 2, 1, 1, 0];[6, 19, 16, 10, 15, 11, 12, 3, 17, 8, 13, 2, 9, 1, 5, 7, 18, 4, 14, 0]|[0, 2, 1, 1, 2, 1, 0, 0, 1, 0, 0, 2, 0, 0, 2, 0, 0, 2, 0, 0]|[3, 0, 1, 1, 0, 1, 2, 3, 1, 3, 3, 0, 2, 0, 0, 0, 0, 0, 3, 3]|[0, 1, 1, 0, 0, 1, 2, 2, 1, 0, 0, 0, 1, 2, 1, 1, 2, 1, 1, 0];[0, 19, 16, 10, 15, 11, 12, 1, 5, 7, 17, 4, 9, 14, 18, 13, 2, 6, 3, 8]|[0, 2, 1, 1, 2, 1, 0, 0, 2, 0, 1, 2, 1, 1, 0, 0, 0, 2, 1, 0]|[3, 0, 1, 1, 0, 1, 2, 0, 0, 0, 1, 0, 1, 1, 3, 3, 3, 0, 1, 3]|[1, 1, 1, 0, 0, 1, 0, 2, 1, 2, 1, 0, 1, 1, 0, 2, 0, 1, 1, 2];[18, 1, 5, 12, 11, 15, 10, 16, 19, 0, 2, 9, 17, 7, 14, 13, 4, 6, 3, 8]|[0, 0, 2, 0, 1, 2, 1, 1, 2, 0, 2, 0, 1, 0, 0, 0, 2, 0, 0, 0]|[0, 0, 0, 2, 1, 0, 1, 1, 0, 3, 0, 0, 1, 0, 3, 3, 0, 3, 3, 3]|[2, 2, 1, 0, 1, 0, 0, 1, 1, 1, 0, 1, 0, 1, 0, 0, 1, 2, 1, 0];[18, 1, 5, 12, 11, 15, 10, 16, 19, 0, 2, 9, 17, 7, 14, 13, 4, 6, 3, 8]|[0, 0, 2, 0, 1, 2, 1, 1, 2, 0, 2, 0, 1, 0, 0, 0, 2, 0, 0, 0]|[0, 0, 0, 2, 1, 0, 1, 1, 0, 3, 0, 0, 1, 0, 3, 3, 0, 3, 3, 3]|[2, 2, 1, 0, 1, 0, 0, 1, 1, 1, 0, 1, 0, 1, 0, 0, 1, 2, 1, 0];[0, 19, 5, 10, 15, 11, 18, 1, 16, 7, 12, 4, 2, 9, 17, 3, 6, 14, 13, 8]|[0, 2, 1, 1, 2, 1, 0, 0, 2, 0, 1, 2, 1, 1, 0, 0, 0, 2, 1, 0]|[3, 0, 1, 1, 0, 0, 2, 0, 0, 0, 1, 0, 1, 1, 3, 3, 3, 0, 1, 3]|[1, 1, 1, 0, 0, 1, 2, 0, 1, 2, 1, 0, 1, 0, 0, 2, 0, 1, 1, 2];[0, 19, 16, 10, 15, 11, 18, 8, 5, 12, 17, 6, 7, 9, 14, 2, 13, 4, 3, 1]|[0, 2, 1, 1, 2, 1, 0, 0, 2, 0, 1, 2, 1, 1, 0, 0, 0, 2, 1, 1]|[3, 0, 1, 1, 0, 1, 3, 0, 0, 0, 1, 0, 0, 1, 3, 3, 3, 0, 1, 1]|[1, 1, 1, 0, 0, 1, 0, 2, 1, 2, 1, 0, 1, 0, 0, 2, 0, 1, 1, 1];[0, 19, 16, 10, 15, 11, 12, 18, 5, 1, 17, 2, 9, 7, 6, 8, 13, 4, 14, 3]|[0, 2, 1, 1, 2, 1, 0, 0, 2, 0, 1, 2, 1, 1, 0, 0, 0, 2, 1, 0]|[3, 0, 1, 1, 0, 1, 2, 0, 0, 3, 1, 0, 1, 1, 3, 3, 3, 0, 1, 3]|[1, 1, 1, 0, 0, 1, 2, 0, 1, 2, 1, 1, 1, 1, 0, 2, 0, 1, 1, 0];[0, 19, 5, 10, 15, 11, 18, 1, 16, 7, 12, 4, 2, 9, 17, 3, 6, 14, 13, 8]|[0, 2, 1, 1, 2, 1, 0, 0, 2, 0, 1, 2, 1, 1, 0, 0, 0, 2, 1, 0]|[3, 0, 1, 1, 0, 0, 2, 0, 0, 0, 1, 0, 1, 1, 3, 3, 3, 0, 1, 3]|[1, 1, 1, 0, 0, 1, 2, 0, 1, 2, 1, 0, 1, 0, 0, 2, 0, 1, 1, 2];[12, 5, 8, 3, 11, 15, 10, 16, 19, 0, 17, 2, 9, 6, 1, 13, 14, 4, 7, 18]|[0, 2, 0, 0, 1, 2, 1, 1, 2, 0, 0, 2, 0, 1, 0, 0, 0, 2, 0, 0]|[0, 0, 0, 3, 1, 0, 1, 1, 0, 3, 0, 0, 0, 1, 3, 3, 3, 0, 3, 3]|[2, 1, 2, 0, 1, 0, 0, 1, 1, 1, 1, 0, 1, 1, 0, 2, 0, 1, 1, 0];[12, 5, 8, 3, 11, 15, 10, 16, 19, 0, 17, 2, 9, 6, 1, 13, 14, 4, 7, 18]|[0, 2, 0, 0, 1, 2, 1, 1, 2, 0, 0, 2, 0, 1, 0, 0, 0, 2, 0, 0]|[0, 0, 0, 3, 1, 0, 1, 1, 0, 3, 0, 0, 0, 1, 3, 3, 3, 0, 3, 3]|[2, 1, 2, 0, 1, 0, 0, 1, 1, 1, 1, 0, 1, 1, 0, 2, 0, 1, 1, 0];[0, 19, 16, 10, 15, 11, 12, 18, 5, 3, 17, 4, 9, 1, 8, 13, 7, 6, 2, 14]|[0, 2, 1, 1, 2, 1, 0, 0, 2, 0, 1, 2, 1, 1, 0, 0, 0, 2, 1, 0]|[3, 0, 1, 1, 0, 1, 2, 0, 0, 0, 0, 0, 0, 1, 3, 3, 3, 0, 1, 3]|[1, 1, 1, 1, 0, 1, 0, 2, 1, 2, 1, 0, 1, 0, 0, 2, 0, 1, 1, 0];[0, 19, 16, 10, 15, 11, 12, 8, 5, 14, 17, 2, 3, 9, 18, 1, 6, 4, 13, 7]|[0, 2, 1, 1, 2, 1, 0, 0, 2, 0, 1, 2, 1, 1, 0, 0, 0, 2, 1, 0]|[3, 0, 1, 1, 0, 1, 2, 0, 0, 3, 1, 0, 1, 1, 3, 3, 3, 0, 1, 3]|[1, 1, 1, 0, 0, 1, 0, 2, 1, 2, 1, 0, 1, 1, 0, 2, 0, 1, 1, 0];[0, 19, 16, 10, 15, 11, 12, 1, 5, 14, 17, 4, 9, 7, 8, 13, 18, 6, 2, 3]|[0, 2, 1, 1, 2, 1, 0, 0, 2, 0, 1, 2, 1, 1, 0, 0, 0, 2, 1, 0]|[3, 0, 1, 1, 0, 1, 2, 0, 0, 0, 0, 0, 0, 1, 3, 3, 3, 0, 1, 3]|[1, 1, 1, 1, 0, 1, 0, 2, 1, 2, 1, 0, 1, 0, 0, 2, 0, 1, 1, 0];[0, 19, 16, 10, 15, 11, 12, 1, 5, 18, 17, 4, 9, 14, 8, 3, 13, 6, 2, 7]|[0, 2, 1, 1, 2, 1, 0, 0, 2, 0, 1, 2, 1, 1, 0, 0, 0, 2, 1, 0]|[3, 0, 1, 1, 0, 1, 3, 0, 0, 3, 1, 0, 1, 1, 3, 3, 3, 0, 1, 3]|[2, 1, 1, 1, 0, 1, 0, 0, 1, 2, 1, 0, 1, 1, 0, 2, 0, 1, 1, 0];[2, 19, 5, 10, 15, 11, 18, 16, 1, 3, 14, 7, 6, 8, 12, 17, 4, 9, 13, 0]|[0, 2, 1, 1, 2, 1, 0, 2, 0, 1, 2, 0, 0, 0, 0, 1, 2, 1, 1, 0]|[3, 0, 1, 1, 0, 1, 3, 0, 3, 1, 0, 3, 3, 3, 3, 1, 0, 1, 1, 3]|[0, 1, 1, 1, 0, 1, 2, 1, 0, 1, 1, 0, 2, 0, 2, 1, 0, 1, 1, 0];[19, 16, 10, 15, 11, 12, 17, 3, 1, 18, 6, 9, 5, 0, 7, 2, 13, 4, 14, 8]|[2, 1, 1, 2, 1, 0, 0, 2, 0, 0, 2, 0, 1, 0, 0, 0, 0, 2, 0, 0]|[0, 1, 1, 0, 1, 0, 3, 0, 0, 0, 0, 0, 1, 3, 3, 3, 3, 0, 3, 3]|[1, 1, 0, 0, 1, 2, 1, 1, 2, 1, 0, 1, 1, 0, 0, 2, 0, 1, 2, 0];[0, 19, 16, 10, 15, 11, 12, 1, 5, 7, 17, 6, 9, 14, 8, 3, 13, 2, 4, 18]|[0, 2, 1, 1, 2, 1, 0, 0, 2, 0, 1, 2, 0, 1, 0, 0, 0, 2, 1, 0]|[3, 0, 1, 1, 0, 1, 2, 0, 0, 0, 1, 0, 0, 1, 3, 3, 3, 0, 0, 3]|[1, 1, 1, 1, 0, 1, 0, 2, 1, 2, 1, 0, 1, 0, 0, 2, 0, 1, 1, 2];[0, 19, 16, 10, 15, 11, 12, 1, 5, 7, 17, 6, 9, 14, 8, 3, 13, 2, 4, 18]|[0, 2, 1, 1, 2, 1, 0, 0, 2, 0, 1, 2, 0, 1, 0, 0, 0, 2, 1, 0]|[3, 0, 1, 1, 0, 1, 2, 0, 0, 0, 1, 0, 0, 1, 3, 3, 3, 0, 0, 3]|[1, 1, 1, 1, 0, 1, 0, 2, 1, 2, 1, 0, 1, 0, 0, 2, 0, 1, 1, 2];[12, 11, 15, 10, 16, 19, 0, 5, 14, 7, 2, 17, 13, 8, 3, 1, 4, 9, 18, 6]|[0, 1, 2, 1, 1, 2, 0, 2, 0, 0, 2, 1, 0, 0, 0, 0, 2, 0, 0, 0]|[3, 1, 0, 1, 1, 0, 3, 0, 0, 0, 0, 1, 3, 3, 3, 0, 0, 0, 0, 3]|[0, 1, 0, 0, 1, 1, 1, 1, 2, 2, 0, 1, 0, 0, 0, 2, 1, 1, 2, 2];[12, 11, 15, 10, 16, 19, 0, 5, 14, 7, 2, 17, 13, 8, 3, 1, 4, 9, 18, 6]|[0, 1, 2, 1, 1, 2, 0, 2, 0, 0, 2, 1, 0, 0, 0, 0, 2, 0, 0, 0]|[3, 1, 0, 1, 1, 0, 3, 0, 0, 0, 0, 1, 3, 3, 3, 0, 0, 0, 0, 3]|[0, 1, 0, 0, 1, 1, 1, 1, 2, 2, 0, 1, 0, 0, 0, 2, 1, 1, 2, 2];[0, 19, 16, 10, 15, 11, 12, 18, 5, 6, 17, 8, 9, 13, 3, 1, 7, 4, 14, 2]|[0, 2, 1, 1, 2, 1, 0, 0, 2, 0, 1, 2, 1, 1, 0, 0, 0, 2, 1, 0]|[3, 0, 1, 1, 0, 0, 2, 0, 0, 3, 1, 0, 1, 1, 3, 3, 3, 0, 1, 3]|[0, 1, 1, 0, 0, 1, 0, 2, 1, 2, 1, 0, 1, 1, 0, 2, 0, 1, 1, 2];[12, 8, 4, 3, 13, 14, 17, 9, 2, 7, 18, 5, 1, 6, 11, 15, 10, 16, 19, 0]|[0, 0, 2, 0, 0, 0, 1, 0, 2, 0, 0, 2, 0, 0, 1, 2, 1, 1, 2, 0]|[3, 0, 0, 3, 3, 3, 1, 0, 0, 0, 0, 0, 0, 3, 1, 0, 1, 1, 0, 3]|[2, 1, 1, 0, 2, 0, 1, 1, 0, 1, 2, 1, 2, 0, 1, 0, 0, 1, 1, 1];[0, 19, 16, 10, 15, 11, 12, 8, 5, 18, 17, 2, 9, 3, 6, 1, 14, 4, 7, 13]|[0, 2, 1, 1, 2, 1, 0, 0, 2, 0, 1, 2, 1, 1, 0, 0, 0, 2, 1, 0]|[3, 0, 1, 1, 0, 1, 3, 2, 0, 3, 1, 0, 1, 1, 3, 3, 3, 0, 1, 3]|[0, 1, 1, 0, 0, 1, 0, 2, 1, 2, 1, 0, 1, 1, 0, 2, 0, 1, 1, 0];[12, 8, 4, 3, 13, 14, 17, 9, 2, 7, 18, 5, 1, 6, 11, 15, 10, 16, 19, 0]|[0, 0, 2, 0, 0, 0, 1, 0, 2, 0, 0, 2, 0, 0, 1, 2, 1, 1, 2, 0]|[3, 0, 0, 3, 3, 3, 1, 0, 0, 0, 0, 0, 0, 3, 1, 0, 1, 1, 0, 3]|[2, 1, 1, 0, 2, 0, 1, 1, 0, 1, 2, 1, 2, 0, 1, 0, 0, 1, 1, 1];[0, 19, 5, 15, 11, 10, 12, 18, 16, 1, 9, 6, 17, 14, 8, 3, 13, 4, 2, 7]|[0, 2, 1, 2, 1, 1, 0, 0, 2, 0, 1, 2, 1, 1, 0, 0, 0, 2, 1, 0]|[3, 0, 1, 0, 1, 1, 3, 0, 0, 3, 1, 0, 1, 1, 3, 3, 3, 0, 1, 3]|[1, 1, 1, 0, 1, 1, 0, 2, 1, 2, 1, 0, 1, 1, 0, 2, 0, 1, 1, 0];[19, 5, 11, 6, 17, 12, 16, 1, 9, 15, 10, 2, 0, 3, 18, 14, 4, 13, 7, 8]|[2, 1, 1, 2, 1, 0, 2, 0, 1, 2, 1, 0, 0, 0, 0, 0, 2, 1, 1, 0]|[1, 1, 1, 0, 1, 3, 0, 0, 1, 0, 1, 3, 0, 3, 2, 3, 0, 1, 1, 3]|[1, 1, 1, 0, 1, 0, 1, 2, 1, 0, 1, 0, 0, 2, 1, 2, 1, 1, 1, 0];[19, 5, 11, 6, 17, 12, 16, 1, 9, 15, 10, 2, 0, 3, 18, 14, 4, 13, 7, 8]|[2, 1, 1, 2, 1, 0, 2, 0, 1, 2, 1, 0, 0, 0, 0, 0, 2, 1, 1, 0]|[1, 1, 1, 0, 1, 3, 0, 0, 1, 0, 1, 3, 0, 3, 2, 3, 0, 1, 1, 3]|[1, 1, 1, 0, 1, 0, 1, 2, 1, 0, 1, 0, 0, 2, 1, 2, 1, 1, 1, 0];[0, 19, 16, 10, 15, 11, 12, 18, 2, 1, 17, 5, 9, 13, 3, 6, 7, 4, 14, 8]|[0, 2, 1, 1, 2, 1, 0, 0, 2, 0, 1, 2, 1, 1, 0, 0, 0, 2, 1, 0]|[3, 0, 1, 1, 0, 1, 3, 3, 0, 3, 1, 0, 1, 1, 3, 3, 3, 0, 1, 3]|[0, 1, 1, 1, 0, 1, 0, 2, 1, 2, 1, 0, 1, 1, 0, 2, 0, 1, 1, 2];[0, 19, 16, 10, 15, 11, 12, 18, 5, 3, 17, 2, 9, 7, 14, 1, 6, 4, 13, 8]|[0, 2, 1, 1, 2, 1, 0, 0, 2, 0, 1, 2, 1, 1, 0, 0, 0, 2, 1, 0]|[3, 0, 1, 1, 0, 1, 3, 0, 0, 3, 1, 0, 1, 1, 3, 3, 3, 0, 1, 3]|[0, 1, 1, 1, 0, 1, 2, 0, 1, 2, 1, 0, 1, 1, 0, 2, 0, 1, 1, 0];[0, 19, 16, 15, 11, 8, 12, 18, 5, 3, 17, 2, 9, 10, 14, 1, 13, 4, 6, 7]|[0, 2, 1, 2, 1, 1, 0, 0, 2, 0, 1, 2, 1, 1, 0, 0, 0, 2, 1, 0]|[3, 0, 1, 0, 1, 1, 3, 3, 0, 3, 1, 0, 1, 1, 3, 3, 3, 0, 1, 3]|[2, 1, 1, 0, 1, 1, 0, 0, 1, 2, 1, 0, 1, 1, 0, 2, 0, 1, 1, 0];[0, 19, 16, 15, 11, 8, 12, 18, 5, 3, 17, 2, 9, 10, 14, 1, 13, 4, 6, 7]|[0, 2, 1, 2, 1, 1, 0, 0, 2, 0, 1, 2, 1, 1, 0, 0, 0, 2, 1, 0]|[3, 0, 1, 0, 1, 1, 3, 3, 0, 3, 1, 0, 1, 1, 3, 3, 3, 0, 1, 3]|[2, 1, 1, 0, 1, 1, 0, 0, 1, 2, 1, 0, 1, 1, 0, 2, 0, 1, 1, 0];[0, 19, 16, 10, 15, 11, 12, 18, 5, 8, 17, 1, 9, 13, 3, 6, 7, 4, 2, 14]|[0, 2, 1, 1, 2, 1, 0, 0, 2, 0, 1, 2, 1, 1, 0, 0, 0, 2, 1, 0]|[3, 0, 1, 1, 0, 1, 3, 0, 0, 3, 1, 0, 1, 1, 3, 3, 3, 0, 1, 3]|[0, 1, 1, 1, 0, 1, 2, 0, 1, 2, 1, 0, 1, 1, 0, 2, 0, 1, 1, 0];[0, 19, 16, 10, 15, 11, 12, 18, 5, 14, 3, 1, 9, 17, 2, 8, 13, 4, 6, 7]|[0, 2, 1, 1, 2, 1, 0, 0, 2, 0, 1, 2, 1, 1, 0, 0, 0, 2, 1, 0]|[3, 0, 1, 1, 0, 1, 2, 0, 0, 0, 1, 0, 1, 1, 3, 3, 3, 0, 1, 3]|[1, 1, 1, 1, 0, 1, 0, 2, 1, 2, 1, 0, 1, 1, 0, 2, 0, 1, 1, 0];[0, 19, 16, 10, 15, 11, 12, 14, 5, 1, 17, 2, 9, 3, 8, 6, 18, 4, 13, 7]|[0, 2, 1, 1, 2, 1, 0, 0, 2, 0, 1, 2, 1, 1, 0, 0, 0, 2, 1, 0]|[3, 0, 1, 1, 0, 1, 3, 3, 0, 3, 1, 0, 1, 1, 3, 3, 3, 0, 1, 3]|[0, 1, 1, 1, 1, 1, 2, 0, 1, 2, 1, 0, 1, 1, 0, 2, 0, 1, 1, 0];[0, 19, 16, 10, 15, 11, 12, 1, 5, 14, 17, 6, 9, 7, 2, 13, 8, 4, 3, 18]|[0, 2, 1, 1, 2, 1, 0, 0, 2, 0, 1, 2, 1, 1, 0, 0, 0, 2, 1, 0]|[3, 0, 1, 1, 0, 1, 3, 0, 0, 3, 1, 0, 1, 1, 3, 3, 3, 0, 1, 3]|[1, 1, 1, 0, 0, 1, 0, 2, 1, 2, 1, 0, 1, 1, 0, 2, 0, 1, 1, 0];[19, 16, 15, 12, 1, 0, 5, 14, 2, 13, 3, 8, 6, 4, 17, 9, 10, 11, 18, 7]|[2, 1, 2, 0, 0, 0, 2, 1, 2, 1, 0, 0, 0, 2, 1, 1, 1, 1, 0, 0]|[0, 1, 0, 3, 3, 3, 0, 1, 0, 1, 3, 3, 3, 0, 1, 1, 1, 1, 3, 3]|[1, 1, 0, 0, 2, 0, 1, 1, 0, 1, 0, 2, 0, 1, 1, 1, 1, 1, 2, 0];[0, 19, 16, 10, 15, 11, 12, 18, 5, 7, 17, 4, 9, 3, 8, 14, 6, 2, 13, 1]|[0, 2, 1, 1, 2, 1, 0, 0, 2, 0, 1, 2, 1, 1, 0, 0, 0, 2, 1, 0]|[3, 0, 1, 1, 0, 1, 3, 0, 0, 3, 1, 0, 0, 1, 3, 3, 3, 0, 1, 3]|[1, 1, 1, 0, 0, 1, 0, 2, 1, 2, 1, 0, 1, 0, 0, 2, 0, 1, 1, 2];[0, 19, 16, 10, 15, 11, 18, 8, 5, 12, 2, 6, 7, 17, 9, 1, 3, 4, 13, 14]|[0, 2, 1, 1, 2, 1, 0, 0, 2, 0, 1, 2, 1, 1, 0, 0, 0, 2, 1, 0]|[3, 0, 1, 1, 0, 1, 3, 2, 0, 0, 1, 0, 0, 1, 3, 3, 3, 0, 1, 3]|[1, 1, 1, 1, 0, 1, 0, 2, 1, 2, 1, 0, 1, 1, 0, 2, 0, 1, 1, 2];[0, 19, 5, 15, 16, 18, 12, 4, 8, 10, 6, 7, 17, 11, 14, 13, 3, 9, 2, 1]|[0, 2, 1, 2, 1, 0, 0, 2, 0, 1, 2, 1, 1, 1, 0, 0, 0, 2, 1, 0]|[0, 0, 1, 0, 1, 3, 3, 0, 3, 1, 0, 1, 1, 1, 3, 3, 3, 0, 1, 3]|[2, 1, 1, 0, 1, 0, 0, 1, 2, 1, 0, 1, 1, 1, 0, 2, 0, 1, 1, 2];[0, 19, 16, 10, 15, 11, 18, 8, 5, 12, 3, 6, 9, 7, 14, 13, 1, 4, 2, 17]|[0, 2, 1, 1, 2, 1, 0, 0, 2, 0, 1, 2, 1, 1, 0, 0, 0, 2, 1, 0]|[3, 0, 1, 1, 0, 1, 3, 2, 0, 3, 1, 0, 1, 1, 3, 3, 3, 0, 1, 3]|[1, 1, 1, 0, 0, 1, 0, 2, 1, 2, 1, 0, 1, 1, 0, 2, 0, 1, 1, 2];[19, 16, 10, 15, 11, 18, 4, 12, 17, 2, 7, 13, 6, 0, 1, 3, 14, 5, 9, 8]|[2, 1, 1, 2, 1, 0, 2, 0, 1, 2, 1, 1, 0, 0, 0, 0, 0, 2, 1, 0]|[1, 1, 1, 0, 1, 2, 0, 0, 0, 0, 0, 1, 3, 3, 0, 3, 3, 0, 1, 3]|[1, 1, 0, 0, 1, 1, 1, 2, 1, 0, 1, 0, 0, 0, 2, 2, 0, 1, 1, 2];[19, 16, 10, 15, 11, 18, 4, 12, 17, 2, 7, 13, 6, 0, 1, 3, 14, 5, 9, 8]|[2, 1, 1, 2, 1, 0, 2, 0, 1, 2, 1, 1, 0, 0, 0, 0, 0, 2, 1, 0]|[1, 1, 1, 0, 1, 2, 0, 0, 0, 0, 0, 1, 3, 3, 0, 3, 3, 0, 1, 3]|[1, 1, 0, 0, 1, 1, 1, 2, 1, 0, 1, 0, 0, 0, 2, 2, 0, 1, 1, 2];[0, 19, 16, 10, 15, 11, 12, 3, 5, 18, 6, 17, 7, 1, 2, 14, 13, 4, 9, 8]|[0, 2, 1, 1, 2, 1, 0, 0, 2, 0, 1, 2, 1, 1, 0, 0, 0, 2, 1, 0]|[3, 0, 1, 1, 0, 0, 2, 0, 0, 3, 1, 0, 1, 1, 3, 3, 3, 0, 1, 3]|[1, 1, 1, 0, 0, 1, 0, 2, 1, 2, 1, 0, 1, 1, 0, 2, 0, 1, 1, 2];[14, 19, 16, 10, 11, 15, 12, 8, 4, 1, 18, 3, 17, 9, 13, 7, 2, 5, 6, 0]|[0, 2, 1, 1, 2, 1, 0, 0, 2, 0, 0, 1, 2, 1, 1, 0, 0, 2, 1, 0]|[3, 0, 1, 1, 0, 1, 3, 3, 0, 3, 3, 1, 0, 1, 1, 3, 3, 0, 1, 3]|[0, 1, 1, 1, 0, 1, 2, 0, 1, 2, 0, 1, 0, 0, 1, 0, 2, 1, 1, 0];[14, 19, 16, 10, 11, 15, 12, 8, 4, 1, 18, 3, 17, 9, 13, 7, 2, 5, 6, 0]|[0, 2, 1, 1, 2, 1, 0, 0, 2, 0, 0, 1, 2, 1, 1, 0, 0, 2, 1, 0]|[3, 0, 1, 1, 0, 1, 3, 3, 0, 3, 3, 1, 0, 1, 1, 3, 3, 0, 1, 3]|[0, 1, 1, 1, 0, 1, 2, 0, 1, 2, 0, 1, 0, 0, 1, 0, 2, 1, 1, 0];[0, 19, 5, 10, 7, 11, 12, 18, 16, 14, 15, 6, 9, 17, 2, 13, 8, 4, 3, 1]|[0, 2, 1, 1, 2, 1, 0, 0, 2, 0, 1, 2, 1, 1, 0, 0, 0, 2, 1, 0]|[3, 0, 1, 1, 0, 1, 3, 0, 0, 3, 1, 0, 1, 1, 3, 3, 3, 0, 1, 3]|[1, 1, 1, 0, 0, 1, 0, 2, 1, 2, 1, 0, 1, 1, 0, 2, 0, 1, 1, 0];[0, 19, 16, 10, 15, 11, 12, 1, 5, 14, 17, 2, 9, 13, 8, 3, 7, 4, 6, 18]|[0, 2, 1, 1, 2, 1, 0, 0, 2, 0, 1, 2, 1, 1, 0, 0, 0, 2, 1, 0]|[3, 0, 1, 1, 0, 1, 2, 0, 0, 0, 1, 0, 1, 1, 3, 3, 3, 0, 1, 3]|[1, 1, 1, 0, 0, 1, 0, 2, 1, 2, 1, 0, 1, 1, 0, 2, 0, 1, 1, 0];[0, 19, 16, 10, 15, 11, 18, 8, 5, 12, 17, 2, 7, 9, 1, 14, 6, 4, 13, 3]|[0, 2, 1, 1, 2, 1, 0, 0, 2, 0, 1, 2, 1, 1, 0, 0, 0, 2, 1, 0]|[3, 0, 1, 1, 0, 1, 3, 0, 0, 0, 1, 0, 0, 1, 3, 3, 3, 0, 1, 3]|[1, 1, 1, 0, 0, 1, 0, 2, 1, 2, 1, 0, 1, 0, 0, 2, 0, 1, 1, 0];[12, 19, 16, 15, 8, 10, 18, 5, 0, 17, 2, 7, 1, 4, 3, 6, 14, 9, 11, 13]|[0, 2, 1, 2, 1, 1, 0, 2, 0, 1, 2, 1, 1, 2, 0, 0, 0, 1, 1, 0]|[0, 0, 1, 0, 1, 1, 3, 0, 3, 1, 0, 1, 1, 0, 3, 3, 3, 1, 1, 3]|[0, 1, 1, 0, 1, 1, 2, 1, 0, 1, 0, 1, 1, 1, 0, 2, 0, 1, 1, 0];[0, 19, 16, 10, 15, 11, 12, 3, 5, 18, 17, 14, 9, 13, 2, 7, 1, 4, 6, 8]|[0, 2, 1, 1, 2, 1, 1, 0, 2, 0, 1, 2, 1, 1, 0, 0, 1, 2, 0, 0]|[0, 1, 1, 1, 0, 1, 1, 3, 0, 0, 0, 0, 0, 1, 3, 3, 1, 0, 3, 3]|[2, 1, 1, 1, 0, 1, 1, 0, 1, 2, 1, 0, 1, 0, 0, 2, 1, 1, 0, 2];[17, 19, 5, 2, 4, 12, 9, 7, 16, 1, 18, 11, 15, 10, 0, 3, 6, 14, 13, 8]|[0, 2, 1, 1, 2, 1, 1, 0, 2, 0, 0, 1, 2, 1, 0, 0, 0, 2, 1, 0]|[3, 1, 1, 1, 0, 1, 1, 0, 0, 0, 2, 0, 0, 1, 3, 3, 3, 0, 1, 3]|[0, 1, 1, 1, 0, 1, 1, 2, 1, 0, 2, 1, 0, 0, 1, 2, 0, 1, 1, 2];[17, 19, 5, 2, 4, 12, 9, 7, 16, 1, 18, 11, 15, 10, 0, 3, 6, 14, 13, 8]|[0, 2, 1, 1, 2, 1, 1, 0, 2, 0, 0, 1, 2, 1, 0, 0, 0, 2, 1, 0]|[3, 1, 1, 1, 0, 1, 1, 0, 0, 0, 2, 0, 0, 1, 3, 3, 3, 0, 1, 3]|[0, 1, 1, 1, 0, 1, 1, 2, 1, 0, 2, 1, 0, 0, 1, 2, 0, 1, 1, 2];[0, 19, 16, 15, 6, 3, 5, 12, 18, 11, 2, 9, 10, 8, 7, 14, 13, 4, 17, 1]|[0, 2, 1, 2, 1, 0, 2, 0, 0, 1, 2, 1, 1, 1, 0, 0, 0, 2, 1, 0]|[3, 0, 1, 0, 1, 3, 0, 3, 3, 1, 0, 1, 1, 1, 3, 3, 3, 0, 1, 3]|[0, 1, 1, 0, 1, 2, 1, 2, 0, 1, 0, 1, 1, 1, 0, 2, 0, 1, 1, 2];[0, 19, 16, 10, 15, 11, 12, 1, 5, 18, 17, 6, 9, 2, 13, 14, 3, 4, 7, 8]|[0, 2, 1, 1, 2, 1, 0, 0, 2, 0, 1, 2, 1, 1, 0, 0, 0, 2, 0, 0]|[3, 0, 1, 1, 0, 1, 2, 0, 0, 0, 0, 0, 0, 1, 3, 3, 3, 0, 1, 3]|[1, 1, 1, 0, 0, 1, 0, 2, 1, 2, 1, 0, 1, 0, 0, 2, 0, 1, 1, 0];[0, 19, 16, 10, 15, 11, 12, 18, 5, 14, 7, 2, 13, 4, 8, 1, 3, 6, 17, 9]|[0, 2, 1, 1, 2, 1, 0, 0, 2, 0, 0, 2, 1, 1, 0, 0, 0, 2, 1, 0]|[3, 0, 1, 1, 0, 0, 2, 0, 0, 0, 0, 0, 0, 1, 3, 3, 3, 0, 1, 3]|[1, 1, 1, 1, 0, 1, 0, 2, 1, 2, 1, 0, 1, 0, 0, 2, 2, 1, 1, 0];[0, 19, 16, 10, 15, 11, 12, 18, 5, 14, 7, 2, 13, 4, 8, 1, 3, 6, 17, 9]|[0, 2, 1, 1, 2, 1, 0, 0, 2, 0, 0, 2, 1, 1, 0, 0, 0, 2, 1, 0]|[3, 0, 1, 1, 0, 0, 2, 0, 0, 0, 0, 0, 0, 1, 3, 3, 3, 0, 1, 3]|[1, 1, 1, 1, 0, 1, 0, 2, 1, 2, 1, 0, 1, 0, 0, 2, 2, 1, 1, 0];[0, 19, 16, 10, 15, 11, 12, 18, 5, 14, 7, 2, 13, 4, 8, 1, 3, 6, 17, 9]|[0, 2, 1, 1, 2, 1, 0, 0, 2, 0, 0, 2, 1, 1, 0, 0, 0, 2, 1, 0]|[3, 0, 1, 1, 0, 0, 2, 0, 0, 0, 0, 0, 0, 1, 3, 3, 3, 0, 1, 3]|[1, 1, 1, 1, 0, 1, 0, 2, 1, 2, 1, 0, 1, 0, 0, 2, 2, 1, 1, 0];[0, 19, 16, 10, 15, 11, 12, 18, 5, 14, 7, 2, 13, 4, 8, 1, 3, 6, 17, 9]|[0, 2, 1, 1, 2, 1, 0, 0, 2, 0, 0, 2, 1, 1, 0, 0, 0, 2, 1, 0]|[3, 0, 1, 1, 0, 0, 2, 0, 0, 0, 0, 0, 0, 1, 3, 3, 3, 0, 1, 3]|[1, 1, 1, 1, 0, 1, 0, 2, 1, 2, 1, 0, 1, 0, 0, 2, 2, 1, 1, 0];[0, 19, 16, 10, 15, 11, 12, 18, 5, 14, 7, 2, 13, 4, 8, 1, 3, 6, 17, 9]|[0, 2, 1, 1, 2, 1, 0, 0, 2, 0, 0, 2, 1, 1, 0, 0, 0, 2, 1, 0]|[3, 0, 1, 1, 0, 0, 2, 0, 0, 0, 0, 0, 0, 1, 3, 3, 3, 0, 1, 3]|[1, 1, 1, 1, 0, 1, 0, 2, 1, 2, 1, 0, 1, 0, 0, 2, 2, 1, 1, 0];[0, 19, 16, 10, 15, 11, 12, 18, 5, 14, 7, 2, 13, 4, 8, 1, 3, 6, 17, 9]|[0, 2, 1, 1, 2, 1, 0, 0, 2, 0, 0, 2, 1, 1, 0, 0, 0, 2, 1, 0]|[3, 0, 1, 1, 0, 0, 2, 0, 0, 0, 0, 0, 0, 1, 3, 3, 3, 0, 1, 3]|[1, 1, 1, 1, 0, 1, 0, 2, 1, 2, 1, 0, 1, 0, 0, 2, 2, 1, 1, 0];[0, 19, 16, 10, 15, 11, 12, 18, 5, 14, 7, 2, 13, 4, 8, 1, 3, 6, 17, 9]|[0, 2, 1, 1, 2, 1, 0, 0, 2, 0, 0, 2, 1, 1, 0, 0, 0, 2, 1, 0]|[3, 0, 1, 1, 0, 0, 2, 0, 0, 0, 0, 0, 0, 1, 3, 3, 3, 0, 1, 3]|[1, 1, 1, 1, 0, 1, 0, 2, 1, 2, 1, 0, 1, 0, 0, 2, 2, 1, 1, 0];[0, 19, 16, 10, 15, 11, 18, 1, 5, 12, 17, 6, 9, 7, 2, 14, 13, 4, 3, 8]|[0, 2, 1, 1, 2, 1, 0, 0, 2, 0, 1, 2, 1, 1, 0, 0, 0, 2, 1, 0]|[3, 0, 1, 1, 0, 1, 3, 0, 0, 0, 1, 0, 0, 1, 3, 3, 3, 0, 1, 3]|[1, 1, 1, 0, 0, 1, 0, 2, 1, 2, 1, 0, 1, 0, 0, 2, 2, 1, 1, 0];[0, 19, 16, 10, 15, 11, 12, 1, 5, 7, 17, 6, 9, 3, 13, 2, 14, 4, 18, 8]|[0, 2, 1, 1, 2, 1, 0, 0, 2, 0, 1, 2, 1, 1, 0, 0, 0, 2, 0, 0]|[3, 0, 1, 1, 0, 1, 2, 0, 0, 0, 0, 0, 0, 1, 3, 3, 3, 0, 0, 3]|[1, 1, 1, 0, 0, 1, 0, 2, 1, 2, 1, 0, 1, 0, 0, 2, 0, 1, 1, 0];[0, 19, 16, 10, 15, 11, 12, 1, 5, 7, 17, 6, 9, 3, 13, 2, 14, 4, 18, 8]|[0, 2, 1, 1, 2, 1, 0, 0, 2, 0, 1, 2, 1, 1, 0, 0, 0, 2, 0, 0]|[3, 0, 1, 1, 0, 1, 2, 0, 0, 0, 0, 0, 0, 1, 3, 3, 3, 0, 0, 3]|[1, 1, 1, 0, 0, 1, 0, 2, 1, 2, 1, 0, 1, 0, 0, 2, 0, 1, 1, 0];[8, 19, 16, 10, 15, 11, 12, 0, 5, 1, 3, 6, 9, 13, 2, 14, 18, 4, 17, 7]|[0, 2, 1, 1, 2, 1, 0, 0, 2, 0, 1, 2, 1, 1, 0, 0, 0, 2, 1, 0]|[3, 0, 1, 1, 0, 1, 3, 3, 0, 3, 1, 0, 1, 1, 3, 3, 3, 0, 1, 3]|[0, 1, 1, 1, 0, 1, 2, 0, 1, 2, 1, 0, 1, 1, 0, 2, 0, 1, 1, 0];[8, 19, 16, 10, 15, 11, 12, 0, 5, 1, 3, 6, 9, 13, 2, 14, 18, 4, 17, 7]|[0, 2, 1, 1, 2, 1, 0, 0, 2, 0, 1, 2, 1, 1, 0, 0, 0, 2, 1, 0]|[3, 0, 1, 1, 0, 1, 3, 3, 0, 3, 1, 0, 1, 1, 3, 3, 3, 0, 1, 3]|[0, 1, 1, 1, 0, 1, 2, 0, 1, 2, 1, 0, 1, 1, 0, 2, 0, 1, 1, 0];[0, 19, 16, 14, 15, 11, 12, 18, 5, 10, 7, 9, 2, 3, 13, 6, 8, 4, 17, 1]|[0, 2, 1, 1, 2, 1, 0, 0, 2, 1, 1, 1, 2, 1, 0, 0, 0, 2, 1, 0]|[3, 0, 1, 1, 0, 1, 3, 3, 0, 1, 1, 1, 0, 1, 3, 3, 3, 0, 1, 3]|[0, 1, 1, 1, 0, 1, 0, 2, 1, 1, 1, 1, 0, 1, 0, 2, 0, 1, 1, 0];[0, 19, 16, 14, 15, 11, 12, 18, 5, 10, 7, 9, 2, 3, 13, 6, 8, 4, 17, 1]|[0, 2, 1, 1, 2, 1, 0, 0, 2, 1, 1, 1, 2, 1, 0, 0, 0, 2, 1, 0]|[3, 0, 1, 1, 0, 1, 3, 3, 0, 1, 1, 1, 0, 1, 3, 3, 3, 0, 1, 3]|[0, 1, 1, 1, 0, 1, 0, 2, 1, 1, 1, 1, 0, 1, 0, 2, 0, 1, 1, 0];[0, 19, 16, 10, 15, 11, 12, 1, 5, 7, 17, 6, 18, 9, 13, 3, 14, 4, 2, 8]|[0, 2, 1, 1, 2, 1, 0, 0, 2, 0, 1, 2, 1, 1, 0, 0, 0, 2, 0, 0]|[3, 0, 1, 1, 0, 1, 2, 0, 0, 0, 0, 0, 0, 1, 3, 3, 3, 0, 0, 3]|[1, 1, 1, 0, 0, 1, 0, 2, 1, 2, 1, 0, 1, 0, 0, 2, 0, 1, 1, 2];[0, 19, 16, 10, 15, 11, 12, 1, 5, 18, 7, 2, 9, 17, 14, 8, 6, 3, 4, 13]|[0, 2, 1, 1, 2, 1, 0, 0, 2, 0, 0, 2, 0, 1, 0, 0, 0, 2, 1, 0]|[3, 0, 1, 1, 0, 1, 2, 0, 0, 0, 0, 0, 0, 1, 3, 3, 3, 0, 1, 3]|[1, 1, 1, 0, 0, 1, 0, 2, 1, 2, 1, 0, 1, 0, 0, 2, 0, 1, 1, 2];[0, 19, 16, 10, 15, 11, 12, 1, 5, 18, 7, 2, 9, 17, 14, 8, 6, 3, 4, 13]|[0, 2, 1, 1, 2, 1, 0, 0, 2, 0, 0, 2, 0, 1, 0, 0, 0, 2, 1, 0]|[3, 0, 1, 1, 0, 1, 2, 0, 0, 0, 0, 0, 0, 1, 3, 3, 3, 0, 1, 3]|[1, 1, 1, 0, 0, 1, 0, 2, 1, 2, 1, 0, 1, 0, 0, 2, 0, 1, 1, 2];[19, 16, 6, 15, 10, 3, 1, 5, 14, 4, 9, 13, 17, 11, 2, 0, 12, 8, 7, 18]|[2, 1, 1, 2, 1, 0, 0, 2, 0, 2, 1, 1, 1, 1, 2, 0, 0, 0, 0, 0]|[1, 1, 1, 0, 1, 1, 0, 0, 3, 0, 0, 1, 0, 1, 0, 3, 2, 3, 3, 3]|[1, 1, 1, 0, 1, 0, 1, 1, 2, 0, 1, 0, 1, 1, 1, 0, 1, 2, 2, 0];[19, 10, 15, 18, 2, 5, 7, 17, 12, 8, 16, 3, 6, 9, 1, 14, 4, 13, 11, 0]|[2, 1, 2, 0, 0, 2, 0, 1, 1, 2, 1, 1, 0, 0, 0, 0, 2, 1, 1, 0]|[1, 1, 0, 2, 3, 0, 0, 1, 1, 0, 1, 1, 3, 3, 0, 3, 0, 0, 1, 3]|[1, 1, 0, 1, 0, 1, 2, 1, 1, 0, 1, 0, 0, 0, 2, 2, 1, 1, 1, 0];[19, 10, 15, 18, 2, 5, 7, 17, 12, 8, 16, 3, 6, 9, 1, 14, 4, 13, 11, 0]|[2, 1, 2, 0, 0, 2, 0, 1, 1, 2, 1, 1, 0, 0, 0, 0, 2, 1, 1, 0]|[1, 1, 0, 2, 3, 0, 0, 1, 1, 0, 1, 1, 3, 3, 0, 3, 0, 0, 1, 3]|[1, 1, 0, 1, 0, 1, 2, 1, 1, 0, 1, 0, 0, 0, 2, 2, 1, 1, 1, 0];[0, 19, 16, 2, 4, 1, 6, 13, 15, 12, 18, 5, 14, 10, 17, 9, 7, 3, 11, 8]|[0, 2, 1, 2, 2, 0, 0, 0, 2, 2, 0, 2, 0, 1, 1, 1, 1, 1, 1, 0]|[0, 0, 1, 0, 0, 3, 3, 3, 0, 1, 3, 0, 2, 1, 1, 1, 1, 1, 1, 3]|[2, 1, 1, 0, 1, 0, 0, 2, 0, 0, 0, 1, 0, 1, 1, 1, 1, 1, 1, 2];[0, 19, 16, 10, 15, 11, 12, 1, 5, 18, 17, 6, 9, 3, 13, 2, 7, 4, 14, 8]|[0, 2, 1, 1, 2, 1, 0, 0, 2, 0, 1, 2, 1, 1, 0, 0, 0, 2, 0, 0]|[3, 0, 1, 1, 0, 1, 2, 0, 0, 0, 0, 0, 0, 1, 3, 3, 3, 0, 2, 3]|[1, 1, 1, 0, 0, 1, 0, 2, 1, 2, 1, 0, 1, 0, 0, 2, 0, 1, 1, 2];[11, 19, 16, 10, 15, 0, 12, 8, 5, 3, 17, 9, 6, 2, 4, 14, 18, 7, 13, 1]|[0, 2, 1, 1, 2, 1, 0, 0, 2, 1, 2, 1, 1, 1, 2, 0, 0, 0, 0, 0]|[3, 0, 1, 1, 0, 1, 3, 3, 0, 1, 0, 1, 1, 1, 0, 3, 3, 3, 3, 3]|[0, 1, 1, 1, 0, 1, 2, 0, 1, 1, 0, 1, 1, 1, 1, 2, 0, 2, 0, 0];[11, 19, 16, 10, 15, 0, 12, 8, 5, 3, 17, 9, 6, 2, 4, 14, 18, 7, 13, 1]|[0, 2, 1, 1, 2, 1, 0, 0, 2, 1, 2, 1, 1, 1, 2, 0, 0, 0, 0, 0]|[3, 0, 1, 1, 0, 1, 3, 3, 0, 1, 0, 1, 1, 1, 0, 3, 3, 3, 3, 3]|[0, 1, 1, 1, 0, 1, 2, 0, 1, 1, 0, 1, 1, 1, 1, 2, 0, 2, 0, 0];[0, 19, 16, 10, 15, 11, 12, 18, 5, 14, 3, 6, 9, 13, 2, 8, 1, 17, 4, 7]|[0, 2, 1, 1, 2, 1, 0, 0, 2, 0, 1, 2, 1, 1, 0, 0, 0, 1, 2, 0]|[3, 0, 1, 1, 0, 1, 3, 3, 0, 3, 1, 0, 1, 1, 3, 3, 3, 1, 0, 3]|[0, 1, 1, 1, 0, 1, 2, 0, 1, 2, 1, 0, 1, 1, 0, 2, 0, 1, 1, 0];[0, 19, 16, 10, 15, 11, 12, 18, 5, 14, 3, 6, 9, 13, 2, 8, 1, 17, 4, 7]|[0, 2, 1, 1, 2, 1, 0, 0, 2, 0, 1, 2, 1, 1, 0, 0, 0, 1, 2, 0]|[3, 0, 1, 1, 0, 1, 3, 3, 0, 3, 1, 0, 1, 1, 3, 3, 3, 1, 0, 3]|[0, 1, 1, 1, 0, 1, 2, 0, 1, 2, 1, 0, 1, 1, 0, 2, 0, 1, 1, 0];[0, 19, 16, 10, 15, 11, 12, 1, 5, 18, 17, 6, 9, 3, 13, 2, 7, 4, 14, 8]|[0, 2, 1, 1, 2, 1, 0, 0, 2, 0, 1, 2, 1, 1, 0, 0, 0, 2, 0, 0]|[3, 0, 1, 1, 0, 1, 2, 0, 0, 0, 0, 0, 0, 1, 3, 3, 3, 0, 2, 3]|[1, 1, 1, 0, 0, 1, 0, 2, 1, 2, 1, 0, 1, 0, 0, 2, 0, 1, 1, 2];[7, 4, 1, 12, 11, 15, 10, 16, 19, 14, 17, 6, 0, 8, 13, 3, 9, 5, 2, 18]|[0, 2, 0, 0, 1, 2, 1, 1, 2, 0, 1, 2, 0, 0, 0, 1, 0, 2, 1, 0]|[0, 1, 0, 2, 1, 0, 1, 0, 0, 3, 0, 0, 3, 3, 3, 1, 0, 0, 1, 3]|[2, 1, 2, 1, 1, 0, 0, 1, 1, 0, 1, 0, 0, 2, 0, 0, 1, 1, 1, 0];[0, 19, 16, 10, 15, 11, 18, 1, 5, 12, 17, 6, 9, 3, 13, 14, 2, 4, 7, 8]|[0, 2, 1, 1, 2, 1, 0, 0, 2, 0, 1, 2, 1, 1, 0, 0, 0, 2, 0, 0]|[3, 0, 1, 1, 0, 1, 2, 0, 0, 0, 0, 0, 0, 1, 3, 3, 3, 0, 0, 3]|[1, 1, 1, 0, 0, 1, 0, 2, 1, 2, 1, 0, 1, 0, 0, 2, 0, 1, 1, 1];[19, 16, 9, 15, 11, 12, 2, 5, 8, 3, 6, 10, 13, 0, 7, 18, 4, 17, 14, 1]|[2, 1, 1, 2, 1, 0, 0, 2, 0, 1, 2, 1, 1, 0, 0, 0, 2, 1, 0, 0]|[0, 1, 1, 0, 1, 3, 3, 0, 3, 1, 0, 1, 1, 3, 3, 3, 0, 1, 3, 3]|[1, 1, 1, 0, 1, 2, 0, 1, 2, 1, 0, 1, 1, 0, 2, 0, 1, 1, 2, 0]
fc6diagRound 15	fe=429245	pool=300	target=100	rescued=0	sOriginal=[0, 19, 16, 10, 15, 11, 12, 1, 4, 3, 17, 14, 9, 2, 13, 7, 8, 5, 6, 18]|[0, 2, 1, 1, 2, 1, 0, 0, 2, 0, 1, 2, 1, 1, 0, 0, 0, 2, 0, 0]|[3, 0, 1, 1, 0, 1, 2, 0, 0, 3, 1, 0, 1, 1, 3, 3, 3, 0, 0, 3]|[1, 1, 1, 1, 0, 1, 0, 2, 1, 2, 1, 0, 1, 1, 0, 2, 0, 1, 1, 2];[0, 19, 16, 11, 2, 18, 5, 1, 12, 10, 15, 9, 17, 14, 13, 6, 4, 3, 7, 8]|[0, 2, 1, 1, 2, 0, 2, 0, 0, 1, 2, 1, 1, 0, 0, 0, 2, 1, 1, 0]|[2, 1, 1, 1, 0, 0, 0, 0, 3, 1, 0, 0, 1, 3, 3, 3, 0, 1, 1, 3]|[1, 1, 1, 1, 0, 2, 1, 2, 0, 1, 0, 1, 0, 0, 2, 0, 1, 1, 1, 2];[0, 19, 16, 10, 15, 11, 12, 1, 5, 14, 17, 4, 9, 7, 2, 13, 18, 6, 3, 8]|[0, 2, 1, 1, 2, 1, 0, 0, 2, 0, 1, 2, 1, 1, 0, 0, 0, 2, 1, 0]|[3, 0, 1, 1, 0, 1, 2, 0, 0, 0, 1, 0, 1, 1, 3, 3, 3, 0, 1, 3]|[1, 1, 1, 0, 0, 1, 0, 2, 1, 2, 1, 0, 1, 1, 0, 2, 0, 1, 1, 2];[0, 19, 16, 10, 15, 11, 12, 18, 5, 3, 17, 2, 7, 9, 6, 14, 8, 4, 13, 1]|[0, 2, 1, 1, 2, 1, 0, 0, 2, 0, 1, 2, 1, 1, 0, 0, 0, 2, 1, 0]|[3, 0, 1, 1, 0, 1, 2, 0, 0, 0, 1, 0, 1, 1, 3, 3, 3, 0, 1, 3]|[1, 1, 1, 0, 0, 1, 0, 2, 1, 2, 1, 0, 1, 1, 0, 2, 0, 1, 1, 0];[0, 4, 5, 10, 15, 11, 18, 1, 16, 7, 17, 2, 9, 14, 12, 6, 3, 19, 13, 8]|[0, 2, 1, 1, 2, 1, 0, 0, 2, 0, 1, 2, 1, 1, 0, 0, 0, 2, 1, 0]|[3, 0, 1, 1, 0, 0, 2, 0, 0, 0, 1, 0, 1, 1, 3, 3, 3, 0, 1, 3]|[1, 1, 1, 0, 0, 1, 0, 2, 1, 2, 1, 0, 1, 1, 0, 2, 0, 1, 1, 2];[14, 19, 5, 10, 15, 11, 13, 12, 4, 3, 7, 2, 9, 6, 8, 18, 16, 17, 0, 1]|[0, 2, 1, 1, 2, 1, 0, 1, 2, 0, 1, 2, 1, 1, 0, 0, 2, 0, 0, 0]|[3, 0, 1, 1, 0, 1, 3, 1, 0, 3, 1, 0, 1, 1, 3, 3, 0, 3, 3, 3]|[2, 1, 1, 1, 0, 1, 0, 1, 1, 2, 1, 0, 1, 1, 0, 2, 1, 0, 2, 0];[14, 19, 5, 10, 15, 11, 13, 12, 4, 3, 7, 2, 9, 6, 8, 18, 16, 17, 0, 1]|[0, 2, 1, 1, 2, 1, 0, 1, 2, 0, 1, 2, 1, 1, 0, 0, 2, 0, 0, 0]|[3, 0, 1, 1, 0, 1, 3, 1, 0, 3, 1, 0, 1, 1, 3, 3, 0, 3, 3, 3]|[2, 1, 1, 1, 0, 1, 0, 1, 1, 2, 1, 0, 1, 1, 0, 2, 1, 0, 2, 0];[0, 19, 16, 10, 15, 11, 12, 1, 5, 7, 17, 6, 9, 3, 13, 8, 14, 2, 4, 18]|[0, 2, 1, 1, 2, 1, 0, 0, 2, 0, 1, 2, 0, 1, 0, 0, 0, 2, 1, 0]|[3, 0, 1, 1, 0, 1, 2, 0, 0, 0, 0, 0, 0, 1, 3, 3, 3, 0, 1, 3]|[1, 1, 1, 0, 0, 1, 0, 2, 1, 2, 1, 0, 1, 0, 0, 2, 0, 1, 1, 2];[0, 19, 16, 10, 15, 11, 12, 18, 5, 7, 17, 1, 9, 3, 6, 13, 8, 4, 2, 14]|[0, 2, 1, 1, 2, 1, 0, 0, 2, 0, 1, 2, 1, 1, 0, 0, 0, 2, 1, 0]|[3, 0, 1, 1, 0, 0, 2, 0, 0, 0, 1, 0, 1, 1, 3, 3, 3, 0, 1, 3]|[1, 1, 1, 0, 0, 1, 0, 2, 1, 2, 1, 0, 1, 1, 0, 2, 0, 1, 1, 2];[0, 19, 16, 10, 15, 11, 12, 1, 5, 7, 17, 6, 9, 14, 8, 3, 13, 2, 4, 18]|[0, 2, 1, 1, 2, 1, 0, 0, 2, 0, 1, 2, 0, 1, 0, 0, 0, 2, 1, 0]|[3, 0, 1, 1, 0, 1, 2, 0, 0, 0, 1, 0, 0, 1, 3, 3, 3, 0, 0, 3]|[1, 1, 1, 1, 0, 1, 0, 2, 1, 2, 1, 0, 1, 0, 0, 2, 0, 1, 1, 2];[0, 19, 16, 10, 15, 11, 12, 1, 5, 7, 17, 6, 9, 14, 8, 3, 13, 2, 4, 18]|[0, 2, 1, 1, 2, 1, 0, 0, 2, 0, 1, 2, 0, 1, 0, 0, 0, 2, 1, 0]|[3, 0, 1, 1, 0, 1, 2, 0, 0, 0, 1, 0, 0, 1, 3, 3, 3, 0, 0, 3]|[1, 1, 1, 1, 0, 1, 0, 2, 1, 2, 1, 0, 1, 0, 0, 2, 0, 1, 1, 2];[0, 19, 5, 10, 15, 11, 18, 1, 16, 7, 12, 6, 9, 13, 17, 2, 3, 4, 8, 14]|[0, 2, 1, 1, 2, 1, 0, 0, 2, 0, 1, 2, 1, 1, 0, 0, 0, 2, 1, 0]|[3, 0, 1, 1, 0, 1, 2, 0, 0, 0, 0, 0, 0, 1, 3, 3, 3, 0, 1, 3]|[1, 1, 1, 1, 0, 1, 0, 2, 1, 1, 1, 0, 1, 0, 0, 2, 2, 1, 1, 0];[18, 5, 1, 12, 11, 15, 10, 16, 19, 7, 4, 14, 17, 13, 0, 9, 2, 8, 6, 3]|[0, 2, 0, 0, 1, 2, 1, 1, 2, 0, 2, 0, 1, 0, 0, 0, 2, 0, 0, 0]|[2, 0, 0, 3, 1, 0, 1, 1, 0, 3, 0, 0, 1, 3, 3, 0, 0, 3, 3, 3]|[2, 1, 2, 0, 1, 0, 0, 1, 1, 1, 0, 1, 1, 0, 2, 1, 1, 0, 2, 0];[18, 5, 1, 12, 11, 15, 10, 16, 19, 7, 4, 14, 17, 13, 0, 9, 2, 8, 6, 3]|[0, 2, 0, 0, 1, 2, 1, 1, 2, 0, 2, 0, 1, 0, 0, 0, 2, 0, 0, 0]|[2, 0, 0, 3, 1, 0, 1, 1, 0, 3, 0, 0, 1, 3, 3, 0, 0, 3, 3, 3]|[2, 1, 2, 0, 1, 0, 0, 1, 1, 1, 0, 1, 1, 0, 2, 1, 1, 0, 2, 0];[3, 12, 5, 8, 17, 11, 15, 10, 16, 19, 0, 2, 9, 6, 18, 1, 13, 4, 7, 14]|[0, 0, 2, 0, 0, 1, 2, 1, 1, 2, 0, 2, 0, 1, 0, 0, 0, 2, 0, 0]|[3, 0, 0, 0, 0, 1, 0, 1, 1, 0, 3, 0, 0, 1, 3, 3, 3, 0, 3, 3]|[0, 2, 1, 2, 2, 1, 0, 0, 1, 1, 1, 0, 1, 1, 0, 0, 2, 1, 1, 0];[3, 12, 5, 8, 17, 11, 15, 10, 16, 19, 0, 2, 9, 6, 18, 1, 13, 4, 7, 14]|[0, 0, 2, 0, 0, 1, 2, 1, 1, 2, 0, 2, 0, 1, 0, 0, 0, 2, 0, 0]|[3, 0, 0, 0, 0, 1, 0, 1, 1, 0, 3, 0, 0, 1, 3, 3, 3, 0, 3, 3]|[0, 2, 1, 2, 2, 1, 0, 0, 1, 1, 1, 0, 1, 1, 0, 0, 2, 1, 1, 0];[0, 19, 16, 15, 12, 1, 5, 7, 6, 10, 14, 18, 2, 4, 9, 13, 11, 17, 3, 8]|[0, 2, 1, 2, 0, 0, 2, 0, 2, 1, 0, 0, 0, 2, 1, 1, 1, 1, 1, 0]|[3, 0, 1, 0, 2, 0, 0, 0, 0, 1, 3, 3, 3, 0, 1, 1, 1, 1, 1, 3]|[1, 1, 1, 0, 2, 0, 1, 2, 0, 1, 0, 2, 0, 1, 1, 1, 1, 1, 1, 2];[18, 1, 5, 12, 11, 15, 10, 16, 19, 0, 2, 9, 17, 7, 14, 13, 4, 6, 3, 8]|[0, 0, 2, 0, 1, 2, 1, 1, 2, 0, 2, 0, 1, 0, 0, 0, 2, 0, 0, 0]|[0, 0, 0, 2, 1, 0, 1, 1, 0, 3, 0, 0, 1, 0, 3, 3, 0, 3, 3, 3]|[2, 2, 1, 0, 1, 0, 0, 1, 1, 1, 0, 1, 0, 1, 0, 0, 1, 2, 1, 0];[18, 1, 5, 12, 11, 15, 10, 16, 19, 0, 2, 9, 17, 7, 14, 13, 4, 6, 3, 8]|[0, 0, 2, 0, 1, 2, 1, 1, 2, 0, 2, 0, 1, 0, 0, 0, 2, 0, 0, 0]|[0, 0, 0, 2, 1, 0, 1, 1, 0, 3, 0, 0, 1, 0, 3, 3, 0, 3, 3, 3]|[2, 2, 1, 0, 1, 0, 0, 1, 1, 1, 0, 1, 0, 1, 0, 0, 1, 2, 1, 0];[6, 19, 16, 10, 15, 11, 12, 3, 17, 8, 13, 2, 9, 1, 5, 7, 18, 4, 14, 0]|[0, 2, 1, 1, 2, 1, 0, 0, 1, 0, 0, 2, 0, 0, 2, 0, 0, 2, 0, 0]|[3, 0, 1, 1, 0, 1, 2, 3, 1, 3, 3, 0, 2, 0, 0, 0, 0, 0, 3, 3]|[0, 1, 1, 0, 0, 1, 2, 2, 1, 0, 0, 0, 1, 2, 1, 1, 2, 1, 1, 0];[0, 19, 16, 10, 15, 11, 18, 8, 5, 12, 17, 6, 7, 9, 14, 2, 13, 4, 3, 1]|[0, 2, 1, 1, 2, 1, 0, 0, 2, 0, 1, 2, 1, 1, 0, 0, 0, 2, 1, 1]|[3, 0, 1, 1, 0, 1, 3, 0, 0, 0, 1, 0, 0, 1, 3, 3, 3, 0, 1, 1]|[1, 1, 1, 0, 0, 1, 0, 2, 1, 2, 1, 0, 1, 0, 0, 2, 0, 1, 1, 1];[12, 5, 8, 3, 11, 15, 10, 16, 19, 0, 17, 2, 9, 6, 1, 13, 14, 4, 7, 18]|[0, 2, 0, 0, 1, 2, 1, 1, 2, 0, 0, 2, 0, 1, 0, 0, 0, 2, 0, 0]|[0, 0, 0, 3, 1, 0, 1, 1, 0, 3, 0, 0, 0, 1, 3, 3, 3, 0, 3, 3]|[2, 1, 2, 0, 1, 0, 0, 1, 1, 1, 1, 0, 1, 1, 0, 2, 0, 1, 1, 0];[12, 5, 8, 3, 11, 15, 10, 16, 19, 0, 17, 2, 9, 6, 1, 13, 14, 4, 7, 18]|[0, 2, 0, 0, 1, 2, 1, 1, 2, 0, 0, 2, 0, 1, 0, 0, 0, 2, 0, 0]|[0, 0, 0, 3, 1, 0, 1, 1, 0, 3, 0, 0, 0, 1, 3, 3, 3, 0, 3, 3]|[2, 1, 2, 0, 1, 0, 0, 1, 1, 1, 1, 0, 1, 1, 0, 2, 0, 1, 1, 0];[6, 19, 16, 10, 15, 11, 12, 3, 17, 8, 13, 2, 9, 1, 5, 7, 18, 4, 14, 0]|[0, 2, 1, 1, 2, 1, 0, 0, 1, 0, 0, 2, 0, 0, 2, 0, 0, 2, 0, 0]|[3, 0, 1, 1, 0, 1, 2, 3, 1, 3, 3, 0, 2, 0, 0, 0, 0, 0, 3, 3]|[0, 1, 1, 0, 0, 1, 2, 2, 1, 0, 0, 0, 1, 2, 1, 1, 2, 1, 1, 0];[14, 19, 5, 10, 15, 11, 8, 12, 16, 1, 17, 4, 9, 13, 2, 18, 0, 6, 3, 7]|[0, 2, 1, 1, 2, 1, 0, 0, 2, 0, 1, 2, 1, 1, 0, 0, 0, 2, 1, 0]|[3, 0, 1, 1, 0, 1, 3, 3, 0, 3, 1, 0, 1, 1, 3, 3, 3, 0, 1, 3]|[0, 1, 1, 0, 0, 1, 2, 0, 1, 2, 1, 0, 1, 1, 0, 2, 0, 1, 1, 2];[14, 19, 5, 10, 15, 11, 8, 12, 16, 1, 17, 4, 9, 13, 2, 18, 0, 6, 3, 7]|[0, 2, 1, 1, 2, 1, 0, 0, 2, 0, 1, 2, 1, 1, 0, 0, 0, 2, 1, 0]|[3, 0, 1, 1, 0, 1, 3, 3, 0, 3, 1, 0, 1, 1, 3, 3, 3, 0, 1, 3]|[0, 1, 1, 0, 0, 1, 2, 0, 1, 2, 1, 0, 1, 1, 0, 2, 0, 1, 1, 2];[12, 11, 15, 10, 16, 19, 0, 5, 14, 7, 2, 17, 13, 8, 3, 1, 4, 9, 18, 6]|[0, 1, 2, 1, 1, 2, 0, 2, 0, 0, 2, 1, 0, 0, 0, 0, 2, 0, 0, 0]|[3, 1, 0, 1, 1, 0, 3, 0, 0, 0, 0, 1, 3, 3, 3, 0, 0, 0, 0, 3]|[0, 1, 0, 0, 1, 1, 1, 1, 2, 2, 0, 1, 0, 0, 0, 2, 1, 1, 2, 2];[12, 11, 15, 10, 16, 19, 0, 5, 14, 7, 2, 17, 13, 8, 3, 1, 4, 9, 18, 6]|[0, 1, 2, 1, 1, 2, 0, 2, 0, 0, 2, 1, 0, 0, 0, 0, 2, 0, 0, 0]|[3, 1, 0, 1, 1, 0, 3, 0, 0, 0, 0, 1, 3, 3, 3, 0, 0, 0, 0, 3]|[0, 1, 0, 0, 1, 1, 1, 1, 2, 2, 0, 1, 0, 0, 0, 2, 1, 1, 2, 2];[19, 5, 10, 15, 11, 12, 8, 16, 14, 2, 17, 3, 9, 13, 0, 18, 7, 4, 6, 1]|[2, 1, 1, 2, 1, 0, 0, 2, 0, 0, 1, 2, 1, 1, 0, 0, 0, 2, 1, 0]|[0, 1, 1, 0, 1, 3, 3, 0, 3, 3, 1, 0, 1, 1, 3, 3, 3, 0, 1, 3]|[1, 1, 1, 0, 1, 0, 2, 1, 0, 2, 1, 0, 1, 1, 0, 2, 0, 1, 1, 2];[0, 19, 16, 10, 15, 11, 12, 1, 5, 14, 17, 4, 9, 7, 8, 13, 18, 6, 2, 3]|[0, 2, 1, 1, 2, 1, 0, 0, 2, 0, 1, 2, 1, 1, 0, 0, 0, 2, 1, 0]|[3, 0, 1, 1, 0, 1, 2, 0, 0, 0, 0, 0, 0, 1, 3, 3, 3, 0, 1, 3]|[1, 1, 1, 1, 0, 1, 0, 2, 1, 2, 1, 0, 1, 0, 0, 2, 0, 1, 1, 0];[19, 16, 10, 15, 11, 12, 17, 3, 1, 18, 6, 9, 5, 0, 7, 2, 13, 4, 14, 8]|[2, 1, 1, 2, 1, 0, 0, 2, 0, 0, 2, 0, 1, 0, 0, 0, 0, 2, 0, 0]|[0, 1, 1, 0, 1, 0, 3, 0, 0, 0, 0, 0, 1, 3, 3, 3, 3, 0, 3, 3]|[1, 1, 0, 0, 1, 2, 1, 1, 2, 1, 0, 1, 1, 0, 0, 2, 0, 1, 2, 0];[19, 16, 10, 15, 11, 12, 17, 3, 1, 18, 6, 9, 5, 0, 7, 2, 13, 4, 14, 8]|[2, 1, 1, 2, 1, 0, 0, 2, 0, 0, 2, 0, 1, 0, 0, 0, 0, 2, 0, 0]|[0, 1, 1, 0, 1, 0, 3, 0, 0, 0, 0, 0, 1, 3, 3, 3, 3, 0, 3, 3]|[1, 1, 0, 0, 1, 2, 1, 1, 2, 1, 0, 1, 1, 0, 0, 2, 0, 1, 2, 0];[0, 19, 5, 10, 15, 11, 18, 1, 16, 7, 12, 4, 2, 9, 17, 3, 6, 14, 13, 8]|[0, 2, 1, 1, 2, 1, 0, 0, 2, 0, 1, 2, 1, 1, 0, 0, 0, 2, 1, 0]|[3, 0, 1, 1, 0, 0, 2, 0, 0, 0, 1, 0, 1, 1, 3, 3, 3, 0, 1, 3]|[1, 1, 1, 0, 0, 1, 2, 0, 1, 2, 1, 0, 1, 0, 0, 2, 0, 1, 1, 2];[0, 19, 5, 10, 15, 11, 18, 1, 16, 7, 12, 4, 2, 9, 17, 3, 6, 14, 13, 8]|[0, 2, 1, 1, 2, 1, 0, 0, 2, 0, 1, 2, 1, 1, 0, 0, 0, 2, 1, 0]|[3, 0, 1, 1, 0, 0, 2, 0, 0, 0, 1, 0, 1, 1, 3, 3, 3, 0, 1, 3]|[1, 1, 1, 0, 0, 1, 2, 0, 1, 2, 1, 0, 1, 0, 0, 2, 0, 1, 1, 2];[0, 19, 16, 10, 15, 11, 18, 12, 5, 3, 17, 2, 9, 8, 13, 14, 7, 4, 6, 1]|[0, 2, 1, 1, 2, 1, 0, 0, 2, 0, 1, 2, 1, 1, 0, 0, 0, 2, 1, 0]|[3, 0, 1, 1, 0, 1, 3, 1, 0, 3, 1, 0, 1, 1, 3, 3, 3, 0, 1, 3]|[1, 1, 1, 0, 0, 1, 0, 2, 1, 2, 1, 0, 1, 1, 0, 2, 0, 1, 1, 2];[0, 19, 16, 10, 15, 11, 12, 18, 5, 6, 17, 8, 9, 13, 3, 1, 7, 4, 14, 2]|[0, 2, 1, 1, 2, 1, 0, 0, 2, 0, 1, 2, 1, 1, 0, 0, 0, 2, 1, 0]|[3, 0, 1, 1, 0, 0, 2, 0, 0, 3, 1, 0, 1, 1, 3, 3, 3, 0, 1, 3]|[0, 1, 1, 0, 0, 1, 0, 2, 1, 2, 1, 0, 1, 1, 0, 2, 0, 1, 1, 2];[0, 19, 16, 10, 15, 11, 12, 18, 5, 1, 17, 2, 9, 7, 6, 8, 13, 4, 14, 3]|[0, 2, 1, 1, 2, 1, 0, 0, 2, 0, 1, 2, 1, 1, 0, 0, 0, 2, 1, 0]|[3, 0, 1, 1, 0, 1, 2, 0, 0, 3, 1, 0, 1, 1, 3, 3, 3, 0, 1, 3]|[1, 1, 1, 0, 0, 1, 2, 0, 1, 2, 1, 1, 1, 1, 0, 2, 0, 1, 1, 0];[0, 19, 16, 10, 15, 11, 12, 18, 5, 3, 17, 4, 9, 1, 8, 13, 7, 6, 2, 14]|[0, 2, 1, 1, 2, 1, 0, 0, 2, 0, 1, 2, 1, 1, 0, 0, 0, 2, 1, 0]|[3, 0, 1, 1, 0, 1, 2, 0, 0, 0, 0, 0, 0, 1, 3, 3, 3, 0, 1, 3]|[1, 1, 1, 1, 0, 1, 0, 2, 1, 2, 1, 0, 1, 0, 0, 2, 0, 1, 1, 0];[19, 16, 10, 15, 11, 18, 4, 12, 17, 2, 7, 13, 6, 0, 1, 3, 14, 5, 9, 8]|[2, 1, 1, 2, 1, 0, 2, 0, 1, 2, 1, 1, 0, 0, 0, 0, 0, 2, 1, 0]|[1, 1, 1, 0, 1, 2, 0, 0, 0, 0, 0, 1, 3, 3, 0, 3, 3, 0, 1, 3]|[1, 1, 0, 0, 1, 1, 1, 2, 1, 0, 1, 0, 0, 0, 2, 2, 0, 1, 1, 2];[19, 16, 10, 15, 11, 18, 4, 12, 17, 2, 7, 13, 6, 0, 1, 3, 14, 5, 9, 8]|[2, 1, 1, 2, 1, 0, 2, 0, 1, 2, 1, 1, 0, 0, 0, 0, 0, 2, 1, 0]|[1, 1, 1, 0, 1, 2, 0, 0, 0, 0, 0, 1, 3, 3, 0, 3, 3, 0, 1, 3]|[1, 1, 0, 0, 1, 1, 1, 2, 1, 0, 1, 0, 0, 0, 2, 2, 0, 1, 1, 2];[12, 8, 4, 3, 13, 14, 17, 9, 2, 7, 18, 5, 1, 6, 11, 15, 10, 16, 19, 0]|[0, 0, 2, 0, 0, 0, 1, 0, 2, 0, 0, 2, 0, 0, 1, 2, 1, 1, 2, 0]|[3, 0, 0, 3, 3, 3, 1, 0, 0, 0, 0, 0, 0, 3, 1, 0, 1, 1, 0, 3]|[2, 1, 1, 0, 2, 0, 1, 1, 0, 1, 2, 1, 2, 0, 1, 0, 0, 1, 1, 1];[12, 8, 4, 3, 13, 14, 17, 9, 2, 7, 18, 5, 1, 6, 11, 15, 10, 16, 19, 0]|[0, 0, 2, 0, 0, 0, 1, 0, 2, 0, 0, 2, 0, 0, 1, 2, 1, 1, 2, 0]|[3, 0, 0, 3, 3, 3, 1, 0, 0, 0, 0, 0, 0, 3, 1, 0, 1, 1, 0, 3]|[2, 1, 1, 0, 2, 0, 1, 1, 0, 1, 2, 1, 2, 0, 1, 0, 0, 1, 1, 1];[0, 19, 16, 10, 15, 11, 12, 1, 5, 7, 17, 4, 9, 14, 18, 13, 2, 6, 3, 8]|[0, 2, 1, 1, 2, 1, 0, 0, 2, 0, 1, 2, 1, 1, 0, 0, 0, 2, 1, 0]|[3, 0, 1, 1, 0, 1, 2, 0, 0, 0, 1, 0, 1, 1, 3, 3, 3, 0, 1, 3]|[1, 1, 1, 0, 0, 1, 0, 2, 1, 2, 1, 0, 1, 1, 0, 2, 0, 1, 1, 2];[0, 19, 6, 10, 15, 11, 18, 1, 16, 12, 17, 3, 9, 7, 8, 2, 13, 4, 5, 14]|[0, 2, 1, 1, 2, 1, 0, 0, 2, 0, 1, 2, 1, 1, 0, 0, 0, 2, 1, 0]|[3, 0, 1, 1, 0, 1, 2, 0, 0, 0, 1, 0, 0, 1, 3, 3, 3, 0, 1, 3]|[1, 1, 1, 1, 0, 1, 0, 2, 1, 2, 1, 0, 1, 0, 0, 2, 0, 1, 1, 2];[17, 19, 5, 2, 4, 12, 9, 7, 16, 1, 18, 11, 15, 10, 0, 3, 6, 14, 13, 8]|[0, 2, 1, 1, 2, 1, 1, 0, 2, 0, 0, 1, 2, 1, 0, 0, 0, 2, 1, 0]|[3, 1, 1, 1, 0, 1, 1, 0, 0, 0, 2, 0, 0, 1, 3, 3, 3, 0, 1, 3]|[0, 1, 1, 1, 0, 1, 1, 2, 1, 0, 2, 1, 0, 0, 1, 2, 0, 1, 1, 2];[17, 19, 5, 2, 4, 12, 9, 7, 16, 1, 18, 11, 15, 10, 0, 3, 6, 14, 13, 8]|[0, 2, 1, 1, 2, 1, 1, 0, 2, 0, 0, 1, 2, 1, 0, 0, 0, 2, 1, 0]|[3, 1, 1, 1, 0, 1, 1, 0, 0, 0, 2, 0, 0, 1, 3, 3, 3, 0, 1, 3]|[0, 1, 1, 1, 0, 1, 1, 2, 1, 0, 2, 1, 0, 0, 1, 2, 0, 1, 1, 2];[0, 19, 16, 10, 15, 11, 12, 1, 5, 18, 17, 4, 9, 14, 8, 3, 13, 6, 2, 7]|[0, 2, 1, 1, 2, 1, 0, 0, 2, 0, 1, 2, 1, 1, 0, 0, 0, 2, 1, 0]|[3, 0, 1, 1, 0, 1, 3, 0, 0, 3, 1, 0, 1, 1, 3, 3, 3, 0, 1, 3]|[2, 1, 1, 1, 0, 1, 0, 0, 1, 2, 1, 0, 1, 1, 0, 2, 0, 1, 1, 0];[0, 19, 5, 15, 11, 10, 12, 18, 16, 1, 9, 6, 17, 14, 8, 3, 13, 4, 2, 7]|[0, 2, 1, 2, 1, 1, 0, 0, 2, 0, 1, 2, 1, 1, 0, 0, 0, 2, 1, 0]|[3, 0, 1, 0, 1, 1, 3, 0, 0, 3, 1, 0, 1, 1, 3, 3, 3, 0, 1, 3]|[1, 1, 1, 0, 1, 1, 0, 2, 1, 2, 1, 0, 1, 1, 0, 2, 0, 1, 1, 0];[0, 19, 16, 10, 15, 11, 12, 18, 2, 1, 17, 5, 9, 13, 3, 6, 7, 4, 14, 8]|[0, 2, 1, 1, 2, 1, 0, 0, 2, 0, 1, 2, 1, 1, 0, 0, 0, 2, 1, 0]|[3, 0, 1, 1, 0, 1, 3, 3, 0, 3, 1, 0, 1, 1, 3, 3, 3, 0, 1, 3]|[0, 1, 1, 1, 0, 1, 0, 2, 1, 2, 1, 0, 1, 1, 0, 2, 0, 1, 1, 2];[0, 19, 16, 10, 15, 11, 12, 18, 2, 1, 17, 5, 9, 13, 3, 6, 7, 4, 14, 8]|[0, 2, 1, 1, 2, 1, 0, 0, 2, 0, 1, 2, 1, 1, 0, 0, 0, 2, 1, 0]|[3, 0, 1, 1, 0, 1, 3, 3, 0, 3, 1, 0, 1, 1, 3, 3, 3, 0, 1, 3]|[0, 1, 1, 1, 0, 1, 0, 2, 1, 2, 1, 0, 1, 1, 0, 2, 0, 1, 1, 2];[0, 19, 16, 10, 15, 11, 12, 1, 5, 18, 7, 6, 9, 3, 14, 17, 2, 4, 8, 13]|[0, 2, 1, 1, 2, 1, 0, 0, 2, 0, 1, 2, 1, 1, 0, 0, 0, 2, 1, 0]|[3, 0, 1, 1, 0, 1, 2, 0, 0, 3, 1, 0, 1, 1, 3, 3, 3, 0, 1, 3]|[1, 1, 1, 0, 0, 1, 0, 2, 1, 2, 1, 0, 1, 1, 0, 2, 0, 1, 1, 0];[0, 19, 16, 10, 15, 11, 12, 8, 5, 14, 17, 2, 3, 9, 18, 1, 6, 4, 13, 7]|[0, 2, 1, 1, 2, 1, 0, 0, 2, 0, 1, 2, 1, 1, 0, 0, 0, 2, 1, 0]|[3, 0, 1, 1, 0, 1, 2, 0, 0, 3, 1, 0, 1, 1, 3, 3, 3, 0, 1, 3]|[1, 1, 1, 0, 0, 1, 0, 2, 1, 2, 1, 0, 1, 1, 0, 2, 0, 1, 1, 0];[2, 19, 5, 10, 15, 11, 18, 16, 1, 3, 14, 7, 6, 8, 12, 17, 4, 9, 13, 0]|[0, 2, 1, 1, 2, 1, 0, 2, 0, 1, 2, 0, 0, 0, 0, 1, 2, 1, 1, 0]|[3, 0, 1, 1, 0, 1, 3, 0, 3, 1, 0, 3, 3, 3, 3, 1, 0, 1, 1, 3]|[0, 1, 1, 1, 0, 1, 2, 1, 0, 1, 1, 0, 2, 0, 2, 1, 0, 1, 1, 0];[2, 19, 5, 10, 15, 11, 18, 16, 1, 3, 14, 7, 6, 8, 12, 17, 4, 9, 13, 0]|[0, 2, 1, 1, 2, 1, 0, 2, 0, 1, 2, 0, 0, 0, 0, 1, 2, 1, 1, 0]|[3, 0, 1, 1, 0, 1, 3, 0, 3, 1, 0, 3, 3, 3, 3, 1, 0, 1, 1, 3]|[0, 1, 1, 1, 0, 1, 2, 1, 0, 1, 1, 0, 2, 0, 2, 1, 0, 1, 1, 0];[0, 19, 16, 10, 15, 11, 12, 1, 5, 7, 17, 6, 9, 3, 13, 2, 14, 4, 18, 8]|[0, 2, 1, 1, 2, 1, 0, 0, 2, 0, 1, 2, 1, 1, 0, 0, 0, 2, 0, 0]|[3, 0, 1, 1, 0, 1, 2, 0, 0, 0, 0, 0, 0, 1, 3, 3, 3, 0, 0, 3]|[1, 1, 1, 0, 0, 1, 0, 2, 1, 2, 1, 0, 1, 0, 0, 2, 0, 1, 1, 0];[0, 19, 16, 10, 15, 11, 12, 1, 5, 7, 17, 6, 9, 3, 13, 2, 14, 4, 18, 8]|[0, 2, 1, 1, 2, 1, 0, 0, 2, 0, 1, 2, 1, 1, 0, 0, 0, 2, 0, 0]|[3, 0, 1, 1, 0, 1, 2, 0, 0, 0, 0, 0, 0, 1, 3, 3, 3, 0, 0, 3]|[1, 1, 1, 0, 0, 1, 0, 2, 1, 2, 1, 0, 1, 0, 0, 2, 0, 1, 1, 0];[19, 16, 15, 12, 1, 0, 5, 14, 2, 13, 3, 8, 6, 4, 17, 9, 10, 11, 18, 7]|[2, 1, 2, 0, 0, 0, 2, 1, 2, 1, 0, 0, 0, 2, 1, 1, 1, 1, 0, 0]|[0, 1, 0, 3, 3, 3, 0, 1, 0, 1, 3, 3, 3, 0, 1, 1, 1, 1, 3, 3]|[1, 1, 0, 0, 2, 0, 1, 1, 0, 1, 0, 2, 0, 1, 1, 1, 1, 1, 2, 0];[19, 16, 15, 12, 1, 0, 5, 14, 2, 13, 3, 8, 6, 4, 17, 9, 10, 11, 18, 7]|[2, 1, 2, 0, 0, 0, 2, 1, 2, 1, 0, 0, 0, 2, 1, 1, 1, 1, 0, 0]|[0, 1, 0, 3, 3, 3, 0, 1, 0, 1, 3, 3, 3, 0, 1, 1, 1, 1, 3, 3]|[1, 1, 0, 0, 2, 0, 1, 1, 0, 1, 0, 2, 0, 1, 1, 1, 1, 1, 2, 0];[0, 19, 16, 10, 15, 11, 12, 8, 5, 18, 17, 2, 9, 3, 6, 1, 14, 4, 7, 13]|[0, 2, 1, 1, 2, 1, 0, 0, 2, 0, 1, 2, 1, 1, 0, 0, 0, 2, 1, 0]|[3, 0, 1, 1, 0, 1, 3, 2, 0, 3, 1, 0, 1, 1, 3, 3, 3, 0, 1, 3]|[0, 1, 1, 0, 0, 1, 0, 2, 1, 2, 1, 0, 1, 1, 0, 2, 0, 1, 1, 0];[0, 19, 16, 10, 15, 11, 12, 18, 5, 3, 17, 2, 9, 7, 14, 1, 6, 4, 13, 8]|[0, 2, 1, 1, 2, 1, 0, 0, 2, 0, 1, 2, 1, 1, 0, 0, 0, 2, 1, 0]|[3, 0, 1, 1, 0, 1, 3, 0, 0, 3, 1, 0, 1, 1, 3, 3, 3, 0, 1, 3]|[0, 1, 1, 1, 0, 1, 2, 0, 1, 2, 1, 0, 1, 1, 0, 2, 0, 1, 1, 0];[0, 19, 16, 15, 11, 8, 12, 18, 5, 3, 17, 2, 9, 10, 14, 1, 13, 4, 6, 7]|[0, 2, 1, 2, 1, 1, 0, 0, 2, 0, 1, 2, 1, 1, 0, 0, 0, 2, 1, 0]|[3, 0, 1, 0, 1, 1, 3, 3, 0, 3, 1, 0, 1, 1, 3, 3, 3, 0, 1, 3]|[2, 1, 1, 0, 1, 1, 0, 0, 1, 2, 1, 0, 1, 1, 0, 2, 0, 1, 1, 0];[0, 19, 16, 15, 11, 8, 12, 18, 5, 3, 17, 2, 9, 10, 14, 1, 13, 4, 6, 7]|[0, 2, 1, 2, 1, 1, 0, 0, 2, 0, 1, 2, 1, 1, 0, 0, 0, 2, 1, 0]|[3, 0, 1, 0, 1, 1, 3, 3, 0, 3, 1, 0, 1, 1, 3, 3, 3, 0, 1, 3]|[2, 1, 1, 0, 1, 1, 0, 0, 1, 2, 1, 0, 1, 1, 0, 2, 0, 1, 1, 0];[19, 5, 11, 6, 17, 12, 16, 1, 9, 15, 10, 2, 0, 3, 18, 14, 4, 13, 7, 8]|[2, 1, 1, 2, 1, 0, 2, 0, 1, 2, 1, 0, 0, 0, 0, 0, 2, 1, 1, 0]|[1, 1, 1, 0, 1, 3, 0, 0, 1, 0, 1, 3, 0, 3, 2, 3, 0, 1, 1, 3]|[1, 1, 1, 0, 1, 0, 1, 2, 1, 0, 1, 0, 0, 2, 1, 2, 1, 1, 1, 0];[19, 5, 11, 6, 17, 12, 16, 1, 9, 15, 10, 2, 0, 3, 18, 14, 4, 13, 7, 8]|[2, 1, 1, 2, 1, 0, 2, 0, 1, 2, 1, 0, 0, 0, 0, 0, 2, 1, 1, 0]|[1, 1, 1, 0, 1, 3, 0, 0, 1, 0, 1, 3, 0, 3, 2, 3, 0, 1, 1, 3]|[1, 1, 1, 0, 1, 0, 1, 2, 1, 0, 1, 0, 0, 2, 1, 2, 1, 1, 1, 0];[0, 19, 16, 10, 15, 11, 12, 18, 5, 8, 17, 1, 9, 13, 3, 6, 7, 4, 2, 14]|[0, 2, 1, 1, 2, 1, 0, 0, 2, 0, 1, 2, 1, 1, 0, 0, 0, 2, 1, 0]|[3, 0, 1, 1, 0, 1, 3, 0, 0, 3, 1, 0, 1, 1, 3, 3, 3, 0, 1, 3]|[0, 1, 1, 1, 0, 1, 2, 0, 1, 2, 1, 0, 1, 1, 0, 2, 0, 1, 1, 0];[0, 19, 16, 10, 15, 11, 12, 18, 5, 14, 3, 1, 9, 17, 2, 8, 13, 4, 6, 7]|[0, 2, 1, 1, 2, 1, 0, 0, 2, 0, 1, 2, 1, 1, 0, 0, 0, 2, 1, 0]|[3, 0, 1, 1, 0, 1, 2, 0, 0, 0, 1, 0, 1, 1, 3, 3, 3, 0, 1, 3]|[1, 1, 1, 1, 0, 1, 0, 2, 1, 2, 1, 0, 1, 1, 0, 2, 0, 1, 1, 0];[0, 19, 16, 10, 15, 11, 18, 8, 5, 12, 2, 6, 7, 17, 9, 1, 3, 4, 13, 14]|[0, 2, 1, 1, 2, 1, 0, 0, 2, 0, 1, 2, 1, 1, 0, 0, 0, 2, 1, 0]|[3, 0, 1, 1, 0, 1, 3, 2, 0, 0, 1, 0, 0, 1, 3, 3, 3, 0, 1, 3]|[1, 1, 1, 1, 0, 1, 0, 2, 1, 2, 1, 0, 1, 1, 0, 2, 0, 1, 1, 2];[0, 19, 5, 15, 16, 18, 12, 4, 8, 10, 6, 7, 17, 11, 14, 13, 3, 9, 2, 1]|[0, 2, 1, 2, 1, 0, 0, 2, 0, 1, 2, 1, 1, 1, 0, 0, 0, 2, 1, 0]|[0, 0, 1, 0, 1, 3, 3, 0, 3, 1, 0, 1, 1, 1, 3, 3, 3, 0, 1, 3]|[2, 1, 1, 0, 1, 0, 0, 1, 2, 1, 0, 1, 1, 1, 0, 2, 0, 1, 1, 2];[0, 19, 16, 10, 15, 11, 12, 1, 5, 7, 17, 6, 18, 9, 13, 3, 14, 4, 2, 8]|[0, 2, 1, 1, 2, 1, 0, 0, 2, 0, 1, 2, 1, 1, 0, 0, 0, 2, 0, 0]|[3, 0, 1, 1, 0, 1, 2, 0, 0, 0, 0, 0, 0, 1, 3, 3, 3, 0, 0, 3]|[1, 1, 1, 0, 0, 1, 0, 2, 1, 2, 1, 0, 1, 0, 0, 2, 0, 1, 1, 2];[0, 19, 16, 10, 15, 11, 12, 1, 5, 18, 7, 2, 9, 17, 14, 8, 6, 3, 4, 13]|[0, 2, 1, 1, 2, 1, 0, 0, 2, 0, 0, 2, 0, 1, 0, 0, 0, 2, 1, 0]|[3, 0, 1, 1, 0, 1, 2, 0, 0, 0, 0, 0, 0, 1, 3, 3, 3, 0, 1, 3]|[1, 1, 1, 0, 0, 1, 0, 2, 1, 2, 1, 0, 1, 0, 0, 2, 0, 1, 1, 2];[0, 19, 16, 10, 15, 11, 12, 1, 5, 18, 7, 2, 9, 17, 14, 8, 6, 3, 4, 13]|[0, 2, 1, 1, 2, 1, 0, 0, 2, 0, 0, 2, 0, 1, 0, 0, 0, 2, 1, 0]|[3, 0, 1, 1, 0, 1, 2, 0, 0, 0, 0, 0, 0, 1, 3, 3, 3, 0, 1, 3]|[1, 1, 1, 0, 0, 1, 0, 2, 1, 2, 1, 0, 1, 0, 0, 2, 0, 1, 1, 2];[0, 19, 16, 10, 15, 11, 18, 8, 5, 12, 3, 6, 9, 7, 14, 13, 1, 4, 2, 17]|[0, 2, 1, 1, 2, 1, 0, 0, 2, 0, 1, 2, 1, 1, 0, 0, 0, 2, 1, 0]|[3, 0, 1, 1, 0, 1, 3, 2, 0, 3, 1, 0, 1, 1, 3, 3, 3, 0, 1, 3]|[1, 1, 1, 0, 0, 1, 0, 2, 1, 2, 1, 0, 1, 1, 0, 2, 0, 1, 1, 2];[0, 19, 16, 10, 15, 11, 12, 14, 5, 1, 17, 2, 9, 3, 8, 6, 18, 4, 13, 7]|[0, 2, 1, 1, 2, 1, 0, 0, 2, 0, 1, 2, 1, 1, 0, 0, 0, 2, 1, 0]|[3, 0, 1, 1, 0, 1, 3, 3, 0, 3, 1, 0, 1, 1, 3, 3, 3, 0, 1, 3]|[0, 1, 1, 1, 1, 1, 2, 0, 1, 2, 1, 0, 1, 1, 0, 2, 0, 1, 1, 0];[0, 19, 16, 10, 15, 11, 12, 1, 5, 14, 17, 6, 9, 7, 2, 13, 8, 4, 3, 18]|[0, 2, 1, 1, 2, 1, 0, 0, 2, 0, 1, 2, 1, 1, 0, 0, 0, 2, 1, 0]|[3, 0, 1, 1, 0, 1, 3, 0, 0, 3, 1, 0, 1, 1, 3, 3, 3, 0, 1, 3]|[1, 1, 1, 0, 0, 1, 0, 2, 1, 2, 1, 0, 1, 1, 0, 2, 0, 1, 1, 0];[14, 19, 16, 10, 11, 15, 12, 8, 4, 1, 18, 3, 17, 9, 13, 7, 2, 5, 6, 0]|[0, 2, 1, 1, 2, 1, 0, 0, 2, 0, 0, 1, 2, 1, 1, 0, 0, 2, 1, 0]|[3, 0, 1, 1, 0, 1, 3, 3, 0, 3, 3, 1, 0, 1, 1, 3, 3, 0, 1, 3]|[0, 1, 1, 1, 0, 1, 2, 0, 1, 2, 0, 1, 0, 0, 1, 0, 2, 1, 1, 0];[14, 19, 16, 10, 11, 15, 12, 8, 4, 1, 18, 3, 17, 9, 13, 7, 2, 5, 6, 0]|[0, 2, 1, 1, 2, 1, 0, 0, 2, 0, 0, 1, 2, 1, 1, 0, 0, 2, 1, 0]|[3, 0, 1, 1, 0, 1, 3, 3, 0, 3, 3, 1, 0, 1, 1, 3, 3, 0, 1, 3]|[0, 1, 1, 1, 0, 1, 2, 0, 1, 2, 0, 1, 0, 0, 1, 0, 2, 1, 1, 0];[0, 19, 16, 10, 15, 11, 12, 14, 5, 1, 17, 2, 9, 3, 8, 6, 18, 4, 13, 7]|[0, 2, 1, 1, 2, 1, 0, 0, 2, 0, 1, 2, 1, 1, 0, 0, 0, 2, 1, 0]|[3, 0, 1, 1, 0, 1, 3, 3, 0, 3, 1, 0, 1, 1, 3, 3, 3, 0, 1, 3]|[0, 1, 1, 1, 1, 1, 2, 0, 1, 2, 1, 0, 1, 1, 0, 2, 0, 1, 1, 0];[0, 19, 5, 10, 7, 11, 12, 18, 16, 14, 15, 6, 9, 17, 2, 13, 8, 4, 3, 1]|[0, 2, 1, 1, 2, 1, 0, 0, 2, 0, 1, 2, 1, 1, 0, 0, 0, 2, 1, 0]|[3, 0, 1, 1, 0, 1, 3, 0, 0, 3, 1, 0, 1, 1, 3, 3, 3, 0, 1, 3]|[1, 1, 1, 0, 0, 1, 0, 2, 1, 2, 1, 0, 1, 1, 0, 2, 0, 1, 1, 0];[0, 19, 16, 10, 15, 11, 18, 8, 5, 12, 17, 2, 7, 9, 1, 14, 6, 4, 13, 3]|[0, 2, 1, 1, 2, 1, 0, 0, 2, 0, 1, 2, 1, 1, 0, 0, 0, 2, 1, 0]|[3, 0, 1, 1, 0, 1, 3, 0, 0, 0, 1, 0, 0, 1, 3, 3, 3, 0, 1, 3]|[1, 1, 1, 0, 0, 1, 0, 2, 1, 2, 1, 0, 1, 0, 0, 2, 0, 1, 1, 0];[0, 19, 16, 10, 15, 11, 18, 1, 5, 12, 17, 6, 9, 3, 13, 14, 2, 4, 7, 8]|[0, 2, 1, 1, 2, 1, 0, 0, 2, 0, 1, 2, 1, 1, 0, 0, 0, 2, 0, 0]|[3, 0, 1, 1, 0, 1, 2, 0, 0, 0, 0, 0, 0, 1, 3, 3, 3, 0, 0, 3]|[1, 1, 1, 0, 0, 1, 0, 2, 1, 2, 1, 0, 1, 0, 0, 2, 0, 1, 1, 1];[0, 19, 16, 10, 15, 11, 12, 8, 5, 18, 7, 6, 9, 14, 17, 13, 2, 4, 3, 1]|[0, 2, 1, 1, 2, 1, 0, 0, 2, 0, 1, 2, 1, 1, 0, 0, 0, 2, 1, 0]|[3, 0, 1, 1, 0, 0, 1, 0, 0, 0, 0, 0, 0, 1, 3, 3, 3, 0, 1, 3]|[1, 1, 1, 1, 0, 1, 0, 2, 1, 2, 1, 0, 1, 0, 0, 2, 0, 1, 1, 2];[0, 19, 16, 10, 15, 11, 12, 18, 5, 14, 7, 2, 13, 4, 8, 1, 3, 6, 17, 9]|[0, 2, 1, 1, 2, 1, 0, 0, 2, 0, 0, 2, 1, 1, 0, 0, 0, 2, 1, 0]|[3, 0, 1, 1, 0, 0, 2, 0, 0, 0, 0, 0, 0, 1, 3, 3, 3, 0, 1, 3]|[1, 1, 1, 1, 0, 1, 0, 2, 1, 2, 1, 0, 1, 0, 0, 2, 2, 1, 1, 0];[0, 19, 16, 10, 15, 11, 12, 18, 5, 14, 7, 2, 13, 4, 8, 1, 3, 6, 17, 9]|[0, 2, 1, 1, 2, 1, 0, 0, 2, 0, 0, 2, 1, 1, 0, 0, 0, 2, 1, 0]|[3, 0, 1, 1, 0, 0, 2, 0, 0, 0, 0, 0, 0, 1, 3, 3, 3, 0, 1, 3]|[1, 1, 1, 1, 0, 1, 0, 2, 1, 2, 1, 0, 1, 0, 0, 2, 2, 1, 1, 0];[0, 19, 16, 10, 15, 11, 12, 18, 5, 14, 7, 2, 13, 4, 8, 1, 3, 6, 17, 9]|[0, 2, 1, 1, 2, 1, 0, 0, 2, 0, 0, 2, 1, 1, 0, 0, 0, 2, 1, 0]|[3, 0, 1, 1, 0, 0, 2, 0, 0, 0, 0, 0, 0, 1, 3, 3, 3, 0, 1, 3]|[1, 1, 1, 1, 0, 1, 0, 2, 1, 2, 1, 0, 1, 0, 0, 2, 2, 1, 1, 0];[0, 19, 16, 10, 15, 11, 12, 18, 5, 14, 7, 2, 13, 4, 8, 1, 3, 6, 17, 9]|[0, 2, 1, 1, 2, 1, 0, 0, 2, 0, 0, 2, 1, 1, 0, 0, 0, 2, 1, 0]|[3, 0, 1, 1, 0, 0, 2, 0, 0, 0, 0, 0, 0, 1, 3, 3, 3, 0, 1, 3]|[1, 1, 1, 1, 0, 1, 0, 2, 1, 2, 1, 0, 1, 0, 0, 2, 2, 1, 1, 0];[0, 19, 16, 10, 15, 11, 12, 18, 5, 14, 7, 2, 13, 4, 8, 1, 3, 6, 17, 9]|[0, 2, 1, 1, 2, 1, 0, 0, 2, 0, 0, 2, 1, 1, 0, 0, 0, 2, 1, 0]|[3, 0, 1, 1, 0, 0, 2, 0, 0, 0, 0, 0, 0, 1, 3, 3, 3, 0, 1, 3]|[1, 1, 1, 1, 0, 1, 0, 2, 1, 2, 1, 0, 1, 0, 0, 2, 2, 1, 1, 0];[0, 19, 16, 15, 6, 3, 5, 12, 18, 11, 2, 9, 10, 8, 7, 14, 13, 4, 17, 1]|[0, 2, 1, 2, 1, 0, 2, 0, 0, 1, 2, 1, 1, 1, 0, 0, 0, 2, 1, 0]|[3, 0, 1, 0, 1, 3, 0, 3, 3, 1, 0, 1, 1, 1, 3, 3, 3, 0, 1, 3]|[0, 1, 1, 0, 1, 2, 1, 2, 0, 1, 0, 1, 1, 1, 0, 2, 0, 1, 1, 2];[0, 19, 16, 10, 15, 11, 12, 18, 5, 7, 17, 4, 9, 3, 8, 14, 6, 2, 13, 1]|[0, 2, 1, 1, 2, 1, 0, 0, 2, 0, 1, 2, 1, 1, 0, 0, 0, 2, 1, 0]|[3, 0, 1, 1, 0, 1, 3, 0, 0, 3, 1, 0, 0, 1, 3, 3, 3, 0, 1, 3]|[1, 1, 1, 0, 0, 1, 0, 2, 1, 2, 1, 0, 1, 0, 0, 2, 0, 1, 1, 2];[0, 19, 16, 10, 15, 11, 12, 3, 5, 18, 6, 17, 7, 1, 2, 14, 13, 4, 9, 8]|[0, 2, 1, 1, 2, 1, 0, 0, 2, 0, 1, 2, 1, 1, 0, 0, 0, 2, 1, 0]|[3, 0, 1, 1, 0, 0, 2, 0, 0, 3, 1, 0, 1, 1, 3, 3, 3, 0, 1, 3]|[1, 1, 1, 0, 0, 1, 0, 2, 1, 2, 1, 0, 1, 1, 0, 2, 0, 1, 1, 2];[0, 19, 16, 10, 15, 11, 12, 1, 5, 18, 17, 2, 9, 7, 8, 6, 14, 4, 13, 3]|[0, 2, 1, 1, 2, 1, 0, 0, 2, 0, 1, 2, 0, 1, 0, 0, 0, 2, 0, 0]|[3, 0, 1, 1, 0, 1, 2, 0, 0, 0, 1, 0, 0, 1, 3, 3, 3, 0, 0, 3]|[1, 1, 1, 0, 0, 1, 0, 2, 1, 2, 1, 0, 1, 0, 0, 2, 0, 1, 1, 2];[7, 4, 1, 12, 11, 15, 10, 16, 19, 14, 17, 6, 0, 8, 13, 3, 9, 5, 2, 18]|[0, 2, 0, 0, 1, 2, 1, 1, 2, 0, 1, 2, 0, 0, 0, 1, 0, 2, 1, 0]|[0, 1, 0, 2, 1, 0, 1, 0, 0, 3, 0, 0, 3, 3, 3, 1, 0, 0, 1, 3]|[2, 1, 2, 1, 1, 0, 0, 1, 1, 0, 1, 0, 0, 2, 0, 0, 1, 1, 1, 0];[0, 19, 16, 14, 15, 11, 12, 18, 5, 10, 7, 9, 2, 3, 13, 6, 8, 4, 17, 1]|[0, 2, 1, 1, 2, 1, 0, 0, 2, 1, 1, 1, 2, 1, 0, 0, 0, 2, 1, 0]|[3, 0, 1, 1, 0, 1, 3, 3, 0, 1, 1, 1, 0, 1, 3, 3, 3, 0, 1, 3]|[0, 1, 1, 1, 0, 1, 0, 2, 1, 1, 1, 1, 0, 1, 0, 2, 0, 1, 1, 0];[0, 19, 16, 14, 15, 11, 12, 18, 5, 10, 7, 9, 2, 3, 13, 6, 8, 4, 17, 1]|[0, 2, 1, 1, 2, 1, 0, 0, 2, 1, 1, 1, 2, 1, 0, 0, 0, 2, 1, 0]|[3, 0, 1, 1, 0, 1, 3, 3, 0, 1, 1, 1, 0, 1, 3, 3, 3, 0, 1, 3]|[0, 1, 1, 1, 0, 1, 0, 2, 1, 1, 1, 1, 0, 1, 0, 2, 0, 1, 1, 0];[19, 16, 9, 15, 11, 12, 2, 5, 8, 3, 6, 10, 13, 0, 7, 18, 4, 17, 14, 1]|[2, 1, 1, 2, 1, 0, 0, 2, 0, 1, 2, 1, 1, 0, 0, 0, 2, 1, 0, 0]|[0, 1, 1, 0, 1, 3, 3, 0, 3, 1, 0, 1, 1, 3, 3, 3, 0, 1, 3, 3]|[1, 1, 1, 0, 1, 2, 0, 1, 2, 1, 0, 1, 1, 0, 2, 0, 1, 1, 2, 0];[0, 19, 16, 15, 12, 1, 5, 18, 4, 6, 7, 13, 8, 10, 9, 2, 17, 3, 11, 14]|[0, 2, 1, 2, 0, 0, 2, 0, 1, 2, 0, 2, 0, 1, 0, 2, 1, 1, 1, 0]|[0, 1, 1, 0, 3, 3, 0, 0, 1, 0, 3, 1, 3, 1, 0, 0, 0, 1, 1, 3]|[1, 1, 1, 0, 0, 2, 1, 2, 1, 0, 0, 1, 0, 1, 1, 1, 1, 0, 1, 2];[19, 5, 10, 0, 15, 11, 14, 6, 4, 18, 7, 2, 8, 13, 9, 3, 17, 12, 16, 1]|[2, 1, 0, 0, 2, 1, 0, 1, 2, 0, 0, 0, 0, 1, 1, 2, 1, 0, 2, 0]|[0, 1, 3, 3, 0, 1, 3, 1, 0, 3, 3, 3, 3, 1, 1, 0, 1, 3, 0, 3]|[1, 1, 2, 0, 0, 1, 2, 1, 1, 0, 0, 2, 0, 1, 1, 0, 1, 2, 1, 0];[14, 19, 16, 10, 15, 11, 12, 1, 5, 13, 7, 4, 17, 18, 0, 3, 2, 6, 9, 8]|[0, 2, 1, 1, 2, 1, 0, 0, 2, 1, 1, 2, 1, 1, 0, 0, 0, 2, 1, 0]|[1, 1, 1, 0, 0, 1, 2, 0, 0, 1, 0, 0, 1, 1, 3, 3, 3, 0, 0, 3]|[2, 1, 1, 0, 0, 1, 0, 0, 1, 0, 1, 1, 1, 0, 1, 2, 0, 0, 1, 0];[19, 16, 10, 15, 11, 3, 13, 4, 17, 2, 12, 18, 7, 0, 1, 5, 6, 14, 9, 8]|[2, 1, 1, 2, 1, 2, 1, 0, 0, 2, 0, 0, 0, 0, 1, 2, 0, 0, 0, 0]|[0, 1, 1, 0, 1, 0, 1, 3, 3, 0, 3, 3, 3, 3, 0, 0, 3, 3, 3, 3]|[1, 1, 0, 0, 1, 1, 1, 0, 0, 0, 2, 0, 1, 0, 1, 1, 2, 0, 2, 0];[19, 16, 10, 4, 12, 1, 5, 15, 18, 7, 11, 9, 0, 13, 6, 14, 8, 2, 17, 3]|[2, 1, 1, 2, 0, 0, 2, 2, 0, 1, 2, 0, 0, 1, 0, 0, 0, 2, 1, 1]|[1, 0, 1, 0, 3, 0, 0, 0, 0, 1, 1, 1, 2, 1, 3, 3, 3, 0, 1, 1]|[1, 1, 0, 0, 0, 2, 1, 1, 2, 1, 0, 1, 1, 0, 0, 0, 2, 1, 1, 1];[0, 19, 16, 10, 15, 11, 12, 1, 4, 18, 7, 2, 9, 17, 14, 6, 13, 5, 3, 8]|[0, 2, 1, 1, 2, 1, 0, 1, 2, 0, 1, 0, 1, 1, 2, 0, 0, 2, 1, 0]|[1, 1, 1, 1, 0, 0, 3, 1, 0, 0, 0, 0, 0, 1, 0, 3, 3, 0, 1, 0]|[1, 0, 1, 0, 1, 1, 0, 1, 1, 2, 1, 0, 1, 0, 1, 2, 0, 1, 1, 0]	sBp=[0, 19, 16, 10, 15, 11, 12, 1, 4, 3, 17, 14, 9, 2, 13, 7, 8, 5, 6, 18]|[0, 2, 1, 1, 2, 1, 0, 0, 2, 0, 1, 2, 1, 1, 0, 0, 0, 2, 0, 0]|[3, 0, 1, 1, 0, 1, 2, 0, 0, 3, 1, 0, 1, 1, 3, 3, 3, 0, 0, 3]|[1, 1, 1, 1, 0, 1, 0, 2, 1, 2, 1, 0, 1, 1, 0, 2, 0, 1, 1, 2];[0, 19, 16, 11, 2, 18, 5, 1, 12, 10, 15, 9, 17, 14, 13, 6, 4, 3, 7, 8]|[0, 2, 1, 1, 2, 0, 2, 0, 0, 1, 2, 1, 1, 0, 0, 0, 2, 1, 1, 0]|[2, 1, 1, 1, 0, 0, 0, 0, 3, 1, 0, 0, 1, 3, 3, 3, 0, 1, 1, 3]|[1, 1, 1, 1, 0, 2, 1, 2, 0, 1, 0, 1, 0, 0, 2, 0, 1, 1, 1, 2];[0, 19, 16, 10, 15, 11, 12, 1, 5, 14, 17, 4, 9, 7, 2, 13, 18, 6, 3, 8]|[0, 2, 1, 1, 2, 1, 0, 0, 2, 0, 1, 2, 1, 1, 0, 0, 0, 2, 1, 0]|[3, 0, 1, 1, 0, 1, 2, 0, 0, 0, 1, 0, 1, 1, 3, 3, 3, 0, 1, 3]|[1, 1, 1, 0, 0, 1, 0, 2, 1, 2, 1, 0, 1, 1, 0, 2, 0, 1, 1, 2];[0, 19, 16, 10, 15, 11, 12, 18, 5, 3, 17, 2, 7, 9, 6, 14, 8, 4, 13, 1]|[0, 2, 1, 1, 2, 1, 0, 0, 2, 0, 1, 2, 1, 1, 0, 0, 0, 2, 1, 0]|[3, 0, 1, 1, 0, 1, 2, 0, 0, 0, 1, 0, 1, 1, 3, 3, 3, 0, 1, 3]|[1, 1, 1, 0, 0, 1, 0, 2, 1, 2, 1, 0, 1, 1, 0, 2, 0, 1, 1, 0];[0, 4, 5, 10, 15, 11, 18, 1, 16, 7, 17, 2, 9, 14, 12, 6, 3, 19, 13, 8]|[0, 2, 1, 1, 2, 1, 0, 0, 2, 0, 1, 2, 1, 1, 0, 0, 0, 2, 1, 0]|[3, 0, 1, 1, 0, 0, 2, 0, 0, 0, 1, 0, 1, 1, 3, 3, 3, 0, 1, 3]|[1, 1, 1, 0, 0, 1, 0, 2, 1, 2, 1, 0, 1, 1, 0, 2, 0, 1, 1, 2];[14, 19, 5, 10, 15, 11, 13, 12, 4, 3, 7, 2, 9, 6, 8, 18, 16, 17, 0, 1]|[0, 2, 1, 1, 2, 1, 0, 1, 2, 0, 1, 2, 1, 1, 0, 0, 2, 0, 0, 0]|[3, 0, 1, 1, 0, 1, 3, 1, 0, 3, 1, 0, 1, 1, 3, 3, 0, 3, 3, 3]|[2, 1, 1, 1, 0, 1, 0, 1, 1, 2, 1, 0, 1, 1, 0, 2, 1, 0, 2, 0];[14, 19, 5, 10, 15, 11, 13, 12, 4, 3, 7, 2, 9, 6, 8, 18, 16, 17, 0, 1]|[0, 2, 1, 1, 2, 1, 0, 1, 2, 0, 1, 2, 1, 1, 0, 0, 2, 0, 0, 0]|[3, 0, 1, 1, 0, 1, 3, 1, 0, 3, 1, 0, 1, 1, 3, 3, 0, 3, 3, 3]|[2, 1, 1, 1, 0, 1, 0, 1, 1, 2, 1, 0, 1, 1, 0, 2, 1, 0, 2, 0];[0, 19, 16, 10, 15, 11, 12, 1, 5, 7, 17, 6, 9, 3, 13, 8, 14, 2, 4, 18]|[0, 2, 1, 1, 2, 1, 0, 0, 2, 0, 1, 2, 0, 1, 0, 0, 0, 2, 1, 0]|[3, 0, 1, 1, 0, 1, 2, 0, 0, 0, 0, 0, 0, 1, 3, 3, 3, 0, 1, 3]|[1, 1, 1, 0, 0, 1, 0, 2, 1, 2, 1, 0, 1, 0, 0, 2, 0, 1, 1, 2];[0, 19, 16, 10, 15, 11, 12, 18, 5, 7, 17, 1, 9, 3, 6, 13, 8, 4, 2, 14]|[0, 2, 1, 1, 2, 1, 0, 0, 2, 0, 1, 2, 1, 1, 0, 0, 0, 2, 1, 0]|[3, 0, 1, 1, 0, 0, 2, 0, 0, 0, 1, 0, 1, 1, 3, 3, 3, 0, 1, 3]|[1, 1, 1, 0, 0, 1, 0, 2, 1, 2, 1, 0, 1, 1, 0, 2, 0, 1, 1, 2];[0, 19, 16, 10, 15, 11, 12, 1, 5, 7, 17, 6, 9, 14, 8, 3, 13, 2, 4, 18]|[0, 2, 1, 1, 2, 1, 0, 0, 2, 0, 1, 2, 0, 1, 0, 0, 0, 2, 1, 0]|[3, 0, 1, 1, 0, 1, 2, 0, 0, 0, 1, 0, 0, 1, 3, 3, 3, 0, 0, 3]|[1, 1, 1, 1, 0, 1, 0, 2, 1, 2, 1, 0, 1, 0, 0, 2, 0, 1, 1, 2];[0, 19, 16, 10, 15, 11, 12, 1, 5, 7, 17, 6, 9, 14, 8, 3, 13, 2, 4, 18]|[0, 2, 1, 1, 2, 1, 0, 0, 2, 0, 1, 2, 0, 1, 0, 0, 0, 2, 1, 0]|[3, 0, 1, 1, 0, 1, 2, 0, 0, 0, 1, 0, 0, 1, 3, 3, 3, 0, 0, 3]|[1, 1, 1, 1, 0, 1, 0, 2, 1, 2, 1, 0, 1, 0, 0, 2, 0, 1, 1, 2];[0, 19, 5, 10, 15, 11, 18, 1, 16, 7, 12, 6, 9, 13, 17, 2, 3, 4, 8, 14]|[0, 2, 1, 1, 2, 1, 0, 0, 2, 0, 1, 2, 1, 1, 0, 0, 0, 2, 1, 0]|[3, 0, 1, 1, 0, 1, 2, 0, 0, 0, 0, 0, 0, 1, 3, 3, 3, 0, 1, 3]|[1, 1, 1, 1, 0, 1, 0, 2, 1, 1, 1, 0, 1, 0, 0, 2, 2, 1, 1, 0];[18, 5, 1, 12, 11, 15, 10, 16, 19, 7, 4, 14, 17, 13, 0, 9, 2, 8, 6, 3]|[0, 2, 0, 0, 1, 2, 1, 1, 2, 0, 2, 0, 1, 0, 0, 0, 2, 0, 0, 0]|[2, 0, 0, 3, 1, 0, 1, 1, 0, 3, 0, 0, 1, 3, 3, 0, 0, 3, 3, 3]|[2, 1, 2, 0, 1, 0, 0, 1, 1, 1, 0, 1, 1, 0, 2, 1, 1, 0, 2, 0];[18, 5, 1, 12, 11, 15, 10, 16, 19, 7, 4, 14, 17, 13, 0, 9, 2, 8, 6, 3]|[0, 2, 0, 0, 1, 2, 1, 1, 2, 0, 2, 0, 1, 0, 0, 0, 2, 0, 0, 0]|[2, 0, 0, 3, 1, 0, 1, 1, 0, 3, 0, 0, 1, 3, 3, 0, 0, 3, 3, 3]|[2, 1, 2, 0, 1, 0, 0, 1, 1, 1, 0, 1, 1, 0, 2, 1, 1, 0, 2, 0];[3, 12, 5, 8, 17, 11, 15, 10, 16, 19, 0, 2, 9, 6, 18, 1, 13, 4, 7, 14]|[0, 0, 2, 0, 0, 1, 2, 1, 1, 2, 0, 2, 0, 1, 0, 0, 0, 2, 0, 0]|[3, 0, 0, 0, 0, 1, 0, 1, 1, 0, 3, 0, 0, 1, 3, 3, 3, 0, 3, 3]|[0, 2, 1, 2, 2, 1, 0, 0, 1, 1, 1, 0, 1, 1, 0, 0, 2, 1, 1, 0];[3, 12, 5, 8, 17, 11, 15, 10, 16, 19, 0, 2, 9, 6, 18, 1, 13, 4, 7, 14]|[0, 0, 2, 0, 0, 1, 2, 1, 1, 2, 0, 2, 0, 1, 0, 0, 0, 2, 0, 0]|[3, 0, 0, 0, 0, 1, 0, 1, 1, 0, 3, 0, 0, 1, 3, 3, 3, 0, 3, 3]|[0, 2, 1, 2, 2, 1, 0, 0, 1, 1, 1, 0, 1, 1, 0, 0, 2, 1, 1, 0];[0, 19, 16, 15, 12, 1, 5, 7, 6, 10, 14, 18, 2, 4, 9, 13, 11, 17, 3, 8]|[0, 2, 1, 2, 0, 0, 2, 0, 2, 1, 0, 0, 0, 2, 1, 1, 1, 1, 1, 0]|[3, 0, 1, 0, 2, 0, 0, 0, 0, 1, 3, 3, 3, 0, 1, 1, 1, 1, 1, 3]|[1, 1, 1, 0, 2, 0, 1, 2, 0, 1, 0, 2, 0, 1, 1, 1, 1, 1, 1, 2];[18, 1, 5, 12, 11, 15, 10, 16, 19, 0, 2, 9, 17, 7, 14, 13, 4, 6, 3, 8]|[0, 0, 2, 0, 1, 2, 1, 1, 2, 0, 2, 0, 1, 0, 0, 0, 2, 0, 0, 0]|[0, 0, 0, 2, 1, 0, 1, 1, 0, 3, 0, 0, 1, 0, 3, 3, 0, 3, 3, 3]|[2, 2, 1, 0, 1, 0, 0, 1, 1, 1, 0, 1, 0, 1, 0, 0, 1, 2, 1, 0];[18, 1, 5, 12, 11, 15, 10, 16, 19, 0, 2, 9, 17, 7, 14, 13, 4, 6, 3, 8]|[0, 0, 2, 0, 1, 2, 1, 1, 2, 0, 2, 0, 1, 0, 0, 0, 2, 0, 0, 0]|[0, 0, 0, 2, 1, 0, 1, 1, 0, 3, 0, 0, 1, 0, 3, 3, 0, 3, 3, 3]|[2, 2, 1, 0, 1, 0, 0, 1, 1, 1, 0, 1, 0, 1, 0, 0, 1, 2, 1, 0];[6, 19, 16, 10, 15, 11, 12, 3, 17, 8, 13, 2, 9, 1, 5, 7, 18, 4, 14, 0]|[0, 2, 1, 1, 2, 1, 0, 0, 1, 0, 0, 2, 0, 0, 2, 0, 0, 2, 0, 0]|[3, 0, 1, 1, 0, 1, 2, 3, 1, 3, 3, 0, 2, 0, 0, 0, 0, 0, 3, 3]|[0, 1, 1, 0, 0, 1, 2, 2, 1, 0, 0, 0, 1, 2, 1, 1, 2, 1, 1, 0];[0, 19, 16, 10, 15, 11, 18, 8, 5, 12, 17, 6, 7, 9, 14, 2, 13, 4, 3, 1]|[0, 2, 1, 1, 2, 1, 0, 0, 2, 0, 1, 2, 1, 1, 0, 0, 0, 2, 1, 1]|[3, 0, 1, 1, 0, 1, 3, 0, 0, 0, 1, 0, 0, 1, 3, 3, 3, 0, 1, 1]|[1, 1, 1, 0, 0, 1, 0, 2, 1, 2, 1, 0, 1, 0, 0, 2, 0, 1, 1, 1];[12, 5, 8, 3, 11, 15, 10, 16, 19, 0, 17, 2, 9, 6, 1, 13, 14, 4, 7, 18]|[0, 2, 0, 0, 1, 2, 1, 1, 2, 0, 0, 2, 0, 1, 0, 0, 0, 2, 0, 0]|[0, 0, 0, 3, 1, 0, 1, 1, 0, 3, 0, 0, 0, 1, 3, 3, 3, 0, 3, 3]|[2, 1, 2, 0, 1, 0, 0, 1, 1, 1, 1, 0, 1, 1, 0, 2, 0, 1, 1, 0];[12, 5, 8, 3, 11, 15, 10, 16, 19, 0, 17, 2, 9, 6, 1, 13, 14, 4, 7, 18]|[0, 2, 0, 0, 1, 2, 1, 1, 2, 0, 0, 2, 0, 1, 0, 0, 0, 2, 0, 0]|[0, 0, 0, 3, 1, 0, 1, 1, 0, 3, 0, 0, 0, 1, 3, 3, 3, 0, 3, 3]|[2, 1, 2, 0, 1, 0, 0, 1, 1, 1, 1, 0, 1, 1, 0, 2, 0, 1, 1, 0];[6, 19, 16, 10, 15, 11, 12, 3, 17, 8, 13, 2, 9, 1, 5, 7, 18, 4, 14, 0]|[0, 2, 1, 1, 2, 1, 0, 0, 1, 0, 0, 2, 0, 0, 2, 0, 0, 2, 0, 0]|[3, 0, 1, 1, 0, 1, 2, 3, 1, 3, 3, 0, 2, 0, 0, 0, 0, 0, 3, 3]|[0, 1, 1, 0, 0, 1, 2, 2, 1, 0, 0, 0, 1, 2, 1, 1, 2, 1, 1, 0];[14, 19, 5, 10, 15, 11, 8, 12, 16, 1, 17, 4, 9, 13, 2, 18, 0, 6, 3, 7]|[0, 2, 1, 1, 2, 1, 0, 0, 2, 0, 1, 2, 1, 1, 0, 0, 0, 2, 1, 0]|[3, 0, 1, 1, 0, 1, 3, 3, 0, 3, 1, 0, 1, 1, 3, 3, 3, 0, 1, 3]|[0, 1, 1, 0, 0, 1, 2, 0, 1, 2, 1, 0, 1, 1, 0, 2, 0, 1, 1, 2];[14, 19, 5, 10, 15, 11, 8, 12, 16, 1, 17, 4, 9, 13, 2, 18, 0, 6, 3, 7]|[0, 2, 1, 1, 2, 1, 0, 0, 2, 0, 1, 2, 1, 1, 0, 0, 0, 2, 1, 0]|[3, 0, 1, 1, 0, 1, 3, 3, 0, 3, 1, 0, 1, 1, 3, 3, 3, 0, 1, 3]|[0, 1, 1, 0, 0, 1, 2, 0, 1, 2, 1, 0, 1, 1, 0, 2, 0, 1, 1, 2];[12, 11, 15, 10, 16, 19, 0, 5, 14, 7, 2, 17, 13, 8, 3, 1, 4, 9, 18, 6]|[0, 1, 2, 1, 1, 2, 0, 2, 0, 0, 2, 1, 0, 0, 0, 0, 2, 0, 0, 0]|[3, 1, 0, 1, 1, 0, 3, 0, 0, 0, 0, 1, 3, 3, 3, 0, 0, 0, 0, 3]|[0, 1, 0, 0, 1, 1, 1, 1, 2, 2, 0, 1, 0, 0, 0, 2, 1, 1, 2, 2];[12, 11, 15, 10, 16, 19, 0, 5, 14, 7, 2, 17, 13, 8, 3, 1, 4, 9, 18, 6]|[0, 1, 2, 1, 1, 2, 0, 2, 0, 0, 2, 1, 0, 0, 0, 0, 2, 0, 0, 0]|[3, 1, 0, 1, 1, 0, 3, 0, 0, 0, 0, 1, 3, 3, 3, 0, 0, 0, 0, 3]|[0, 1, 0, 0, 1, 1, 1, 1, 2, 2, 0, 1, 0, 0, 0, 2, 1, 1, 2, 2];[19, 5, 10, 15, 11, 12, 8, 16, 14, 2, 17, 3, 9, 13, 0, 18, 7, 4, 6, 1]|[2, 1, 1, 2, 1, 0, 0, 2, 0, 0, 1, 2, 1, 1, 0, 0, 0, 2, 1, 0]|[0, 1, 1, 0, 1, 3, 3, 0, 3, 3, 1, 0, 1, 1, 3, 3, 3, 0, 1, 3]|[1, 1, 1, 0, 1, 0, 2, 1, 0, 2, 1, 0, 1, 1, 0, 2, 0, 1, 1, 2];[0, 19, 16, 10, 15, 11, 12, 1, 5, 14, 17, 4, 9, 7, 8, 13, 18, 6, 2, 3]|[0, 2, 1, 1, 2, 1, 0, 0, 2, 0, 1, 2, 1, 1, 0, 0, 0, 2, 1, 0]|[3, 0, 1, 1, 0, 1, 2, 0, 0, 0, 0, 0, 0, 1, 3, 3, 3, 0, 1, 3]|[1, 1, 1, 1, 0, 1, 0, 2, 1, 2, 1, 0, 1, 0, 0, 2, 0, 1, 1, 0];[19, 16, 10, 15, 11, 12, 17, 3, 1, 18, 6, 9, 5, 0, 7, 2, 13, 4, 14, 8]|[2, 1, 1, 2, 1, 0, 0, 2, 0, 0, 2, 0, 1, 0, 0, 0, 0, 2, 0, 0]|[0, 1, 1, 0, 1, 0, 3, 0, 0, 0, 0, 0, 1, 3, 3, 3, 3, 0, 3, 3]|[1, 1, 0, 0, 1, 2, 1, 1, 2, 1, 0, 1, 1, 0, 0, 2, 0, 1, 2, 0];[19, 16, 10, 15, 11, 12, 17, 3, 1, 18, 6, 9, 5, 0, 7, 2, 13, 4, 14, 8]|[2, 1, 1, 2, 1, 0, 0, 2, 0, 0, 2, 0, 1, 0, 0, 0, 0, 2, 0, 0]|[0, 1, 1, 0, 1, 0, 3, 0, 0, 0, 0, 0, 1, 3, 3, 3, 3, 0, 3, 3]|[1, 1, 0, 0, 1, 2, 1, 1, 2, 1, 0, 1, 1, 0, 0, 2, 0, 1, 2, 0];[0, 19, 5, 10, 15, 11, 18, 1, 16, 7, 12, 4, 2, 9, 17, 3, 6, 14, 13, 8]|[0, 2, 1, 1, 2, 1, 0, 0, 2, 0, 1, 2, 1, 1, 0, 0, 0, 2, 1, 0]|[3, 0, 1, 1, 0, 0, 2, 0, 0, 0, 1, 0, 1, 1, 3, 3, 3, 0, 1, 3]|[1, 1, 1, 0, 0, 1, 2, 0, 1, 2, 1, 0, 1, 0, 0, 2, 0, 1, 1, 2];[0, 19, 5, 10, 15, 11, 18, 1, 16, 7, 12, 4, 2, 9, 17, 3, 6, 14, 13, 8]|[0, 2, 1, 1, 2, 1, 0, 0, 2, 0, 1, 2, 1, 1, 0, 0, 0, 2, 1, 0]|[3, 0, 1, 1, 0, 0, 2, 0, 0, 0, 1, 0, 1, 1, 3, 3, 3, 0, 1, 3]|[1, 1, 1, 0, 0, 1, 2, 0, 1, 2, 1, 0, 1, 0, 0, 2, 0, 1, 1, 2];[0, 19, 16, 10, 15, 11, 18, 12, 5, 3, 17, 2, 9, 8, 13, 14, 7, 4, 6, 1]|[0, 2, 1, 1, 2, 1, 0, 0, 2, 0, 1, 2, 1, 1, 0, 0, 0, 2, 1, 0]|[3, 0, 1, 1, 0, 1, 3, 1, 0, 3, 1, 0, 1, 1, 3, 3, 3, 0, 1, 3]|[1, 1, 1, 0, 0, 1, 0, 2, 1, 2, 1, 0, 1, 1, 0, 2, 0, 1, 1, 2];[0, 19, 16, 10, 15, 11, 12, 18, 5, 6, 17, 8, 9, 13, 3, 1, 7, 4, 14, 2]|[0, 2, 1, 1, 2, 1, 0, 0, 2, 0, 1, 2, 1, 1, 0, 0, 0, 2, 1, 0]|[3, 0, 1, 1, 0, 0, 2, 0, 0, 3, 1, 0, 1, 1, 3, 3, 3, 0, 1, 3]|[0, 1, 1, 0, 0, 1, 0, 2, 1, 2, 1, 0, 1, 1, 0, 2, 0, 1, 1, 2];[0, 19, 16, 10, 15, 11, 12, 18, 5, 1, 17, 2, 9, 7, 6, 8, 13, 4, 14, 3]|[0, 2, 1, 1, 2, 1, 0, 0, 2, 0, 1, 2, 1, 1, 0, 0, 0, 2, 1, 0]|[3, 0, 1, 1, 0, 1, 2, 0, 0, 3, 1, 0, 1, 1, 3, 3, 3, 0, 1, 3]|[1, 1, 1, 0, 0, 1, 2, 0, 1, 2, 1, 1, 1, 1, 0, 2, 0, 1, 1, 0];[0, 19, 16, 10, 15, 11, 12, 18, 5, 3, 17, 4, 9, 1, 8, 13, 7, 6, 2, 14]|[0, 2, 1, 1, 2, 1, 0, 0, 2, 0, 1, 2, 1, 1, 0, 0, 0, 2, 1, 0]|[3, 0, 1, 1, 0, 1, 2, 0, 0, 0, 0, 0, 0, 1, 3, 3, 3, 0, 1, 3]|[1, 1, 1, 1, 0, 1, 0, 2, 1, 2, 1, 0, 1, 0, 0, 2, 0, 1, 1, 0];[19, 16, 10, 15, 11, 18, 4, 12, 17, 2, 7, 13, 6, 0, 1, 3, 14, 5, 9, 8]|[2, 1, 1, 2, 1, 0, 2, 0, 1, 2, 1, 1, 0, 0, 0, 0, 0, 2, 1, 0]|[1, 1, 1, 0, 1, 2, 0, 0, 0, 0, 0, 1, 3, 3, 0, 3, 3, 0, 1, 3]|[1, 1, 0, 0, 1, 1, 1, 2, 1, 0, 1, 0, 0, 0, 2, 2, 0, 1, 1, 2];[19, 16, 10, 15, 11, 18, 4, 12, 17, 2, 7, 13, 6, 0, 1, 3, 14, 5, 9, 8]|[2, 1, 1, 2, 1, 0, 2, 0, 1, 2, 1, 1, 0, 0, 0, 0, 0, 2, 1, 0]|[1, 1, 1, 0, 1, 2, 0, 0, 0, 0, 0, 1, 3, 3, 0, 3, 3, 0, 1, 3]|[1, 1, 0, 0, 1, 1, 1, 2, 1, 0, 1, 0, 0, 0, 2, 2, 0, 1, 1, 2];[12, 8, 4, 3, 13, 14, 17, 9, 2, 7, 18, 5, 1, 6, 11, 15, 10, 16, 19, 0]|[0, 0, 2, 0, 0, 0, 1, 0, 2, 0, 0, 2, 0, 0, 1, 2, 1, 1, 2, 0]|[3, 0, 0, 3, 3, 3, 1, 0, 0, 0, 0, 0, 0, 3, 1, 0, 1, 1, 0, 3]|[2, 1, 1, 0, 2, 0, 1, 1, 0, 1, 2, 1, 2, 0, 1, 0, 0, 1, 1, 1];[12, 8, 4, 3, 13, 14, 17, 9, 2, 7, 18, 5, 1, 6, 11, 15, 10, 16, 19, 0]|[0, 0, 2, 0, 0, 0, 1, 0, 2, 0, 0, 2, 0, 0, 1, 2, 1, 1, 2, 0]|[3, 0, 0, 3, 3, 3, 1, 0, 0, 0, 0, 0, 0, 3, 1, 0, 1, 1, 0, 3]|[2, 1, 1, 0, 2, 0, 1, 1, 0, 1, 2, 1, 2, 0, 1, 0, 0, 1, 1, 1];[0, 19, 16, 10, 15, 11, 12, 1, 5, 7, 17, 4, 9, 14, 18, 13, 2, 6, 3, 8]|[0, 2, 1, 1, 2, 1, 0, 0, 2, 0, 1, 2, 1, 1, 0, 0, 0, 2, 1, 0]|[3, 0, 1, 1, 0, 1, 2, 0, 0, 0, 1, 0, 1, 1, 3, 3, 3, 0, 1, 3]|[1, 1, 1, 0, 0, 1, 0, 2, 1, 2, 1, 0, 1, 1, 0, 2, 0, 1, 1, 2];[0, 19, 6, 10, 15, 11, 18, 1, 16, 12, 17, 3, 9, 7, 8, 2, 13, 4, 5, 14]|[0, 2, 1, 1, 2, 1, 0, 0, 2, 0, 1, 2, 1, 1, 0, 0, 0, 2, 1, 0]|[3, 0, 1, 1, 0, 1, 2, 0, 0, 0, 1, 0, 0, 1, 3, 3, 3, 0, 1, 3]|[1, 1, 1, 1, 0, 1, 0, 2, 1, 2, 1, 0, 1, 0, 0, 2, 0, 1, 1, 2];[17, 19, 5, 2, 4, 12, 9, 7, 16, 1, 18, 11, 15, 10, 0, 3, 6, 14, 13, 8]|[0, 2, 1, 1, 2, 1, 1, 0, 2, 0, 0, 1, 2, 1, 0, 0, 0, 2, 1, 0]|[3, 1, 1, 1, 0, 1, 1, 0, 0, 0, 2, 0, 0, 1, 3, 3, 3, 0, 1, 3]|[0, 1, 1, 1, 0, 1, 1, 2, 1, 0, 2, 1, 0, 0, 1, 2, 0, 1, 1, 2];[17, 19, 5, 2, 4, 12, 9, 7, 16, 1, 18, 11, 15, 10, 0, 3, 6, 14, 13, 8]|[0, 2, 1, 1, 2, 1, 1, 0, 2, 0, 0, 1, 2, 1, 0, 0, 0, 2, 1, 0]|[3, 1, 1, 1, 0, 1, 1, 0, 0, 0, 2, 0, 0, 1, 3, 3, 3, 0, 1, 3]|[0, 1, 1, 1, 0, 1, 1, 2, 1, 0, 2, 1, 0, 0, 1, 2, 0, 1, 1, 2];[0, 19, 16, 10, 15, 11, 12, 1, 5, 18, 17, 4, 9, 14, 8, 3, 13, 6, 2, 7]|[0, 2, 1, 1, 2, 1, 0, 0, 2, 0, 1, 2, 1, 1, 0, 0, 0, 2, 1, 0]|[3, 0, 1, 1, 0, 1, 3, 0, 0, 3, 1, 0, 1, 1, 3, 3, 3, 0, 1, 3]|[2, 1, 1, 1, 0, 1, 0, 0, 1, 2, 1, 0, 1, 1, 0, 2, 0, 1, 1, 0];[0, 19, 5, 15, 11, 10, 12, 18, 16, 1, 9, 6, 17, 14, 8, 3, 13, 4, 2, 7]|[0, 2, 1, 2, 1, 1, 0, 0, 2, 0, 1, 2, 1, 1, 0, 0, 0, 2, 1, 0]|[3, 0, 1, 0, 1, 1, 3, 0, 0, 3, 1, 0, 1, 1, 3, 3, 3, 0, 1, 3]|[1, 1, 1, 0, 1, 1, 0, 2, 1, 2, 1, 0, 1, 1, 0, 2, 0, 1, 1, 0];[0, 19, 16, 10, 15, 11, 12, 18, 2, 1, 17, 5, 9, 13, 3, 6, 7, 4, 14, 8]|[0, 2, 1, 1, 2, 1, 0, 0, 2, 0, 1, 2, 1, 1, 0, 0, 0, 2, 1, 0]|[3, 0, 1, 1, 0, 1, 3, 3, 0, 3, 1, 0, 1, 1, 3, 3, 3, 0, 1, 3]|[0, 1, 1, 1, 0, 1, 0, 2, 1, 2, 1, 0, 1, 1, 0, 2, 0, 1, 1, 2];[0, 19, 16, 10, 15, 11, 12, 18, 2, 1, 17, 5, 9, 13, 3, 6, 7, 4, 14, 8]|[0, 2, 1, 1, 2, 1, 0, 0, 2, 0, 1, 2, 1, 1, 0, 0, 0, 2, 1, 0]|[3, 0, 1, 1, 0, 1, 3, 3, 0, 3, 1, 0, 1, 1, 3, 3, 3, 0, 1, 3]|[0, 1, 1, 1, 0, 1, 0, 2, 1, 2, 1, 0, 1, 1, 0, 2, 0, 1, 1, 2];[0, 19, 16, 10, 15, 11, 12, 1, 5, 18, 7, 6, 9, 3, 14, 17, 2, 4, 8, 13]|[0, 2, 1, 1, 2, 1, 0, 0, 2, 0, 1, 2, 1, 1, 0, 0, 0, 2, 1, 0]|[3, 0, 1, 1, 0, 1, 2, 0, 0, 3, 1, 0, 1, 1, 3, 3, 3, 0, 1, 3]|[1, 1, 1, 0, 0, 1, 0, 2, 1, 2, 1, 0, 1, 1, 0, 2, 0, 1, 1, 0];[0, 19, 16, 10, 15, 11, 12, 8, 5, 14, 17, 2, 3, 9, 18, 1, 6, 4, 13, 7]|[0, 2, 1, 1, 2, 1, 0, 0, 2, 0, 1, 2, 1, 1, 0, 0, 0, 2, 1, 0]|[3, 0, 1, 1, 0, 1, 2, 0, 0, 3, 1, 0, 1, 1, 3, 3, 3, 0, 1, 3]|[1, 1, 1, 0, 0, 1, 0, 2, 1, 2, 1, 0, 1, 1, 0, 2, 0, 1, 1, 0];[2, 19, 5, 10, 15, 11, 18, 16, 1, 3, 14, 7, 6, 8, 12, 17, 4, 9, 13, 0]|[0, 2, 1, 1, 2, 1, 0, 2, 0, 1, 2, 0, 0, 0, 0, 1, 2, 1, 1, 0]|[3, 0, 1, 1, 0, 1, 3, 0, 3, 1, 0, 3, 3, 3, 3, 1, 0, 1, 1, 3]|[0, 1, 1, 1, 0, 1, 2, 1, 0, 1, 1, 0, 2, 0, 2, 1, 0, 1, 1, 0];[2, 19, 5, 10, 15, 11, 18, 16, 1, 3, 14, 7, 6, 8, 12, 17, 4, 9, 13, 0]|[0, 2, 1, 1, 2, 1, 0, 2, 0, 1, 2, 0, 0, 0, 0, 1, 2, 1, 1, 0]|[3, 0, 1, 1, 0, 1, 3, 0, 3, 1, 0, 3, 3, 3, 3, 1, 0, 1, 1, 3]|[0, 1, 1, 1, 0, 1, 2, 1, 0, 1, 1, 0, 2, 0, 2, 1, 0, 1, 1, 0];[0, 19, 16, 10, 15, 11, 12, 1, 5, 7, 17, 6, 9, 3, 13, 2, 14, 4, 18, 8]|[0, 2, 1, 1, 2, 1, 0, 0, 2, 0, 1, 2, 1, 1, 0, 0, 0, 2, 0, 0]|[3, 0, 1, 1, 0, 1, 2, 0, 0, 0, 0, 0, 0, 1, 3, 3, 3, 0, 0, 3]|[1, 1, 1, 0, 0, 1, 0, 2, 1, 2, 1, 0, 1, 0, 0, 2, 0, 1, 1, 0];[0, 19, 16, 10, 15, 11, 12, 1, 5, 7, 17, 6, 9, 3, 13, 2, 14, 4, 18, 8]|[0, 2, 1, 1, 2, 1, 0, 0, 2, 0, 1, 2, 1, 1, 0, 0, 0, 2, 0, 0]|[3, 0, 1, 1, 0, 1, 2, 0, 0, 0, 0, 0, 0, 1, 3, 3, 3, 0, 0, 3]|[1, 1, 1, 0, 0, 1, 0, 2, 1, 2, 1, 0, 1, 0, 0, 2, 0, 1, 1, 0];[19, 16, 15, 12, 1, 0, 5, 14, 2, 13, 3, 8, 6, 4, 17, 9, 10, 11, 18, 7]|[2, 1, 2, 0, 0, 0, 2, 1, 2, 1, 0, 0, 0, 2, 1, 1, 1, 1, 0, 0]|[0, 1, 0, 3, 3, 3, 0, 1, 0, 1, 3, 3, 3, 0, 1, 1, 1, 1, 3, 3]|[1, 1, 0, 0, 2, 0, 1, 1, 0, 1, 0, 2, 0, 1, 1, 1, 1, 1, 2, 0];[19, 16, 15, 12, 1, 0, 5, 14, 2, 13, 3, 8, 6, 4, 17, 9, 10, 11, 18, 7]|[2, 1, 2, 0, 0, 0, 2, 1, 2, 1, 0, 0, 0, 2, 1, 1, 1, 1, 0, 0]|[0, 1, 0, 3, 3, 3, 0, 1, 0, 1, 3, 3, 3, 0, 1, 1, 1, 1, 3, 3]|[1, 1, 0, 0, 2, 0, 1, 1, 0, 1, 0, 2, 0, 1, 1, 1, 1, 1, 2, 0];[0, 19, 16, 10, 15, 11, 12, 8, 5, 18, 17, 2, 9, 3, 6, 1, 14, 4, 7, 13]|[0, 2, 1, 1, 2, 1, 0, 0, 2, 0, 1, 2, 1, 1, 0, 0, 0, 2, 1, 0]|[3, 0, 1, 1, 0, 1, 3, 2, 0, 3, 1, 0, 1, 1, 3, 3, 3, 0, 1, 3]|[0, 1, 1, 0, 0, 1, 0, 2, 1, 2, 1, 0, 1, 1, 0, 2, 0, 1, 1, 0];[0, 19, 16, 10, 15, 11, 12, 18, 5, 3, 17, 2, 9, 7, 14, 1, 6, 4, 13, 8]|[0, 2, 1, 1, 2, 1, 0, 0, 2, 0, 1, 2, 1, 1, 0, 0, 0, 2, 1, 0]|[3, 0, 1, 1, 0, 1, 3, 0, 0, 3, 1, 0, 1, 1, 3, 3, 3, 0, 1, 3]|[0, 1, 1, 1, 0, 1, 2, 0, 1, 2, 1, 0, 1, 1, 0, 2, 0, 1, 1, 0];[0, 19, 16, 15, 11, 8, 12, 18, 5, 3, 17, 2, 9, 10, 14, 1, 13, 4, 6, 7]|[0, 2, 1, 2, 1, 1, 0, 0, 2, 0, 1, 2, 1, 1, 0, 0, 0, 2, 1, 0]|[3, 0, 1, 0, 1, 1, 3, 3, 0, 3, 1, 0, 1, 1, 3, 3, 3, 0, 1, 3]|[2, 1, 1, 0, 1, 1, 0, 0, 1, 2, 1, 0, 1, 1, 0, 2, 0, 1, 1, 0];[0, 19, 16, 15, 11, 8, 12, 18, 5, 3, 17, 2, 9, 10, 14, 1, 13, 4, 6, 7]|[0, 2, 1, 2, 1, 1, 0, 0, 2, 0, 1, 2, 1, 1, 0, 0, 0, 2, 1, 0]|[3, 0, 1, 0, 1, 1, 3, 3, 0, 3, 1, 0, 1, 1, 3, 3, 3, 0, 1, 3]|[2, 1, 1, 0, 1, 1, 0, 0, 1, 2, 1, 0, 1, 1, 0, 2, 0, 1, 1, 0];[19, 5, 11, 6, 17, 12, 16, 1, 9, 15, 10, 2, 0, 3, 18, 14, 4, 13, 7, 8]|[2, 1, 1, 2, 1, 0, 2, 0, 1, 2, 1, 0, 0, 0, 0, 0, 2, 1, 1, 0]|[1, 1, 1, 0, 1, 3, 0, 0, 1, 0, 1, 3, 0, 3, 2, 3, 0, 1, 1, 3]|[1, 1, 1, 0, 1, 0, 1, 2, 1, 0, 1, 0, 0, 2, 1, 2, 1, 1, 1, 0];[19, 5, 11, 6, 17, 12, 16, 1, 9, 15, 10, 2, 0, 3, 18, 14, 4, 13, 7, 8]|[2, 1, 1, 2, 1, 0, 2, 0, 1, 2, 1, 0, 0, 0, 0, 0, 2, 1, 1, 0]|[1, 1, 1, 0, 1, 3, 0, 0, 1, 0, 1, 3, 0, 3, 2, 3, 0, 1, 1, 3]|[1, 1, 1, 0, 1, 0, 1, 2, 1, 0, 1, 0, 0, 2, 1, 2, 1, 1, 1, 0];[0, 19, 16, 10, 15, 11, 12, 18, 5, 8, 17, 1, 9, 13, 3, 6, 7, 4, 2, 14]|[0, 2, 1, 1, 2, 1, 0, 0, 2, 0, 1, 2, 1, 1, 0, 0, 0, 2, 1, 0]|[3, 0, 1, 1, 0, 1, 3, 0, 0, 3, 1, 0, 1, 1, 3, 3, 3, 0, 1, 3]|[0, 1, 1, 1, 0, 1, 2, 0, 1, 2, 1, 0, 1, 1, 0, 2, 0, 1, 1, 0];[0, 19, 16, 10, 15, 11, 12, 18, 5, 14, 3, 1, 9, 17, 2, 8, 13, 4, 6, 7]|[0, 2, 1, 1, 2, 1, 0, 0, 2, 0, 1, 2, 1, 1, 0, 0, 0, 2, 1, 0]|[3, 0, 1, 1, 0, 1, 2, 0, 0, 0, 1, 0, 1, 1, 3, 3, 3, 0, 1, 3]|[1, 1, 1, 1, 0, 1, 0, 2, 1, 2, 1, 0, 1, 1, 0, 2, 0, 1, 1, 0];[0, 19, 16, 10, 15, 11, 18, 8, 5, 12, 2, 6, 7, 17, 9, 1, 3, 4, 13, 14]|[0, 2, 1, 1, 2, 1, 0, 0, 2, 0, 1, 2, 1, 1, 0, 0, 0, 2, 1, 0]|[3, 0, 1, 1, 0, 1, 3, 2, 0, 0, 1, 0, 0, 1, 3, 3, 3, 0, 1, 3]|[1, 1, 1, 1, 0, 1, 0, 2, 1, 2, 1, 0, 1, 1, 0, 2, 0, 1, 1, 2];[0, 19, 5, 15, 16, 18, 12, 4, 8, 10, 6, 7, 17, 11, 14, 13, 3, 9, 2, 1]|[0, 2, 1, 2, 1, 0, 0, 2, 0, 1, 2, 1, 1, 1, 0, 0, 0, 2, 1, 0]|[0, 0, 1, 0, 1, 3, 3, 0, 3, 1, 0, 1, 1, 1, 3, 3, 3, 0, 1, 3]|[2, 1, 1, 0, 1, 0, 0, 1, 2, 1, 0, 1, 1, 1, 0, 2, 0, 1, 1, 2];[0, 19, 16, 10, 15, 11, 12, 1, 5, 7, 17, 6, 18, 9, 13, 3, 14, 4, 2, 8]|[0, 2, 1, 1, 2, 1, 0, 0, 2, 0, 1, 2, 1, 1, 0, 0, 0, 2, 0, 0]|[3, 0, 1, 1, 0, 1, 2, 0, 0, 0, 0, 0, 0, 1, 3, 3, 3, 0, 0, 3]|[1, 1, 1, 0, 0, 1, 0, 2, 1, 2, 1, 0, 1, 0, 0, 2, 0, 1, 1, 2];[0, 19, 16, 10, 15, 11, 12, 1, 5, 18, 7, 2, 9, 17, 14, 8, 6, 3, 4, 13]|[0, 2, 1, 1, 2, 1, 0, 0, 2, 0, 0, 2, 0, 1, 0, 0, 0, 2, 1, 0]|[3, 0, 1, 1, 0, 1, 2, 0, 0, 0, 0, 0, 0, 1, 3, 3, 3, 0, 1, 3]|[1, 1, 1, 0, 0, 1, 0, 2, 1, 2, 1, 0, 1, 0, 0, 2, 0, 1, 1, 2];[0, 19, 16, 10, 15, 11, 12, 1, 5, 18, 7, 2, 9, 17, 14, 8, 6, 3, 4, 13]|[0, 2, 1, 1, 2, 1, 0, 0, 2, 0, 0, 2, 0, 1, 0, 0, 0, 2, 1, 0]|[3, 0, 1, 1, 0, 1, 2, 0, 0, 0, 0, 0, 0, 1, 3, 3, 3, 0, 1, 3]|[1, 1, 1, 0, 0, 1, 0, 2, 1, 2, 1, 0, 1, 0, 0, 2, 0, 1, 1, 2];[0, 19, 16, 10, 15, 11, 18, 8, 5, 12, 3, 6, 9, 7, 14, 13, 1, 4, 2, 17]|[0, 2, 1, 1, 2, 1, 0, 0, 2, 0, 1, 2, 1, 1, 0, 0, 0, 2, 1, 0]|[3, 0, 1, 1, 0, 1, 3, 2, 0, 3, 1, 0, 1, 1, 3, 3, 3, 0, 1, 3]|[1, 1, 1, 0, 0, 1, 0, 2, 1, 2, 1, 0, 1, 1, 0, 2, 0, 1, 1, 2];[0, 19, 16, 10, 15, 11, 12, 14, 5, 1, 17, 2, 9, 3, 8, 6, 18, 4, 13, 7]|[0, 2, 1, 1, 2, 1, 0, 0, 2, 0, 1, 2, 1, 1, 0, 0, 0, 2, 1, 0]|[3, 0, 1, 1, 0, 1, 3, 3, 0, 3, 1, 0, 1, 1, 3, 3, 3, 0, 1, 3]|[0, 1, 1, 1, 1, 1, 2, 0, 1, 2, 1, 0, 1, 1, 0, 2, 0, 1, 1, 0];[0, 19, 16, 10, 15, 11, 12, 1, 5, 14, 17, 6, 9, 7, 2, 13, 8, 4, 3, 18]|[0, 2, 1, 1, 2, 1, 0, 0, 2, 0, 1, 2, 1, 1, 0, 0, 0, 2, 1, 0]|[3, 0, 1, 1, 0, 1, 3, 0, 0, 3, 1, 0, 1, 1, 3, 3, 3, 0, 1, 3]|[1, 1, 1, 0, 0, 1, 0, 2, 1, 2, 1, 0, 1, 1, 0, 2, 0, 1, 1, 0];[14, 19, 16, 10, 11, 15, 12, 8, 4, 1, 18, 3, 17, 9, 13, 7, 2, 5, 6, 0]|[0, 2, 1, 1, 2, 1, 0, 0, 2, 0, 0, 1, 2, 1, 1, 0, 0, 2, 1, 0]|[3, 0, 1, 1, 0, 1, 3, 3, 0, 3, 3, 1, 0, 1, 1, 3, 3, 0, 1, 3]|[0, 1, 1, 1, 0, 1, 2, 0, 1, 2, 0, 1, 0, 0, 1, 0, 2, 1, 1, 0];[14, 19, 16, 10, 11, 15, 12, 8, 4, 1, 18, 3, 17, 9, 13, 7, 2, 5, 6, 0]|[0, 2, 1, 1, 2, 1, 0, 0, 2, 0, 0, 1, 2, 1, 1, 0, 0, 2, 1, 0]|[3, 0, 1, 1, 0, 1, 3, 3, 0, 3, 3, 1, 0, 1, 1, 3, 3, 0, 1, 3]|[0, 1, 1, 1, 0, 1, 2, 0, 1, 2, 0, 1, 0, 0, 1, 0, 2, 1, 1, 0];[0, 19, 16, 10, 15, 11, 12, 14, 5, 1, 17, 2, 9, 3, 8, 6, 18, 4, 13, 7]|[0, 2, 1, 1, 2, 1, 0, 0, 2, 0, 1, 2, 1, 1, 0, 0, 0, 2, 1, 0]|[3, 0, 1, 1, 0, 1, 3, 3, 0, 3, 1, 0, 1, 1, 3, 3, 3, 0, 1, 3]|[0, 1, 1, 1, 1, 1, 2, 0, 1, 2, 1, 0, 1, 1, 0, 2, 0, 1, 1, 0];[0, 19, 5, 10, 7, 11, 12, 18, 16, 14, 15, 6, 9, 17, 2, 13, 8, 4, 3, 1]|[0, 2, 1, 1, 2, 1, 0, 0, 2, 0, 1, 2, 1, 1, 0, 0, 0, 2, 1, 0]|[3, 0, 1, 1, 0, 1, 3, 0, 0, 3, 1, 0, 1, 1, 3, 3, 3, 0, 1, 3]|[1, 1, 1, 0, 0, 1, 0, 2, 1, 2, 1, 0, 1, 1, 0, 2, 0, 1, 1, 0];[0, 19, 16, 10, 15, 11, 18, 8, 5, 12, 17, 2, 7, 9, 1, 14, 6, 4, 13, 3]|[0, 2, 1, 1, 2, 1, 0, 0, 2, 0, 1, 2, 1, 1, 0, 0, 0, 2, 1, 0]|[3, 0, 1, 1, 0, 1, 3, 0, 0, 0, 1, 0, 0, 1, 3, 3, 3, 0, 1, 3]|[1, 1, 1, 0, 0, 1, 0, 2, 1, 2, 1, 0, 1, 0, 0, 2, 0, 1, 1, 0];[0, 19, 16, 10, 15, 11, 18, 1, 5, 12, 17, 6, 9, 3, 13, 14, 2, 4, 7, 8]|[0, 2, 1, 1, 2, 1, 0, 0, 2, 0, 1, 2, 1, 1, 0, 0, 0, 2, 0, 0]|[3, 0, 1, 1, 0, 1, 2, 0, 0, 0, 0, 0, 0, 1, 3, 3, 3, 0, 0, 3]|[1, 1, 1, 0, 0, 1, 0, 2, 1, 2, 1, 0, 1, 0, 0, 2, 0, 1, 1, 1];[0, 19, 16, 10, 15, 11, 12, 8, 5, 18, 7, 6, 9, 14, 17, 13, 2, 4, 3, 1]|[0, 2, 1, 1, 2, 1, 0, 0, 2, 0, 1, 2, 1, 1, 0, 0, 0, 2, 1, 0]|[3, 0, 1, 1, 0, 0, 1, 0, 0, 0, 0, 0, 0, 1, 3, 3, 3, 0, 1, 3]|[1, 1, 1, 1, 0, 1, 0, 2, 1, 2, 1, 0, 1, 0, 0, 2, 0, 1, 1, 2];[0, 19, 16, 10, 15, 11, 12, 18, 5, 14, 7, 2, 13, 4, 8, 1, 3, 6, 17, 9]|[0, 2, 1, 1, 2, 1, 0, 0, 2, 0, 0, 2, 1, 1, 0, 0, 0, 2, 1, 0]|[3, 0, 1, 1, 0, 0, 2, 0, 0, 0, 0, 0, 0, 1, 3, 3, 3, 0, 1, 3]|[1, 1, 1, 1, 0, 1, 0, 2, 1, 2, 1, 0, 1, 0, 0, 2, 2, 1, 1, 0];[0, 19, 16, 10, 15, 11, 12, 18, 5, 14, 7, 2, 13, 4, 8, 1, 3, 6, 17, 9]|[0, 2, 1, 1, 2, 1, 0, 0, 2, 0, 0, 2, 1, 1, 0, 0, 0, 2, 1, 0]|[3, 0, 1, 1, 0, 0, 2, 0, 0, 0, 0, 0, 0, 1, 3, 3, 3, 0, 1, 3]|[1, 1, 1, 1, 0, 1, 0, 2, 1, 2, 1, 0, 1, 0, 0, 2, 2, 1, 1, 0];[0, 19, 16, 10, 15, 11, 12, 18, 5, 14, 7, 2, 13, 4, 8, 1, 3, 6, 17, 9]|[0, 2, 1, 1, 2, 1, 0, 0, 2, 0, 0, 2, 1, 1, 0, 0, 0, 2, 1, 0]|[3, 0, 1, 1, 0, 0, 2, 0, 0, 0, 0, 0, 0, 1, 3, 3, 3, 0, 1, 3]|[1, 1, 1, 1, 0, 1, 0, 2, 1, 2, 1, 0, 1, 0, 0, 2, 2, 1, 1, 0];[0, 19, 16, 10, 15, 11, 12, 18, 5, 14, 7, 2, 13, 4, 8, 1, 3, 6, 17, 9]|[0, 2, 1, 1, 2, 1, 0, 0, 2, 0, 0, 2, 1, 1, 0, 0, 0, 2, 1, 0]|[3, 0, 1, 1, 0, 0, 2, 0, 0, 0, 0, 0, 0, 1, 3, 3, 3, 0, 1, 3]|[1, 1, 1, 1, 0, 1, 0, 2, 1, 2, 1, 0, 1, 0, 0, 2, 2, 1, 1, 0];[0, 19, 16, 10, 15, 11, 12, 18, 5, 14, 7, 2, 13, 4, 8, 1, 3, 6, 17, 9]|[0, 2, 1, 1, 2, 1, 0, 0, 2, 0, 0, 2, 1, 1, 0, 0, 0, 2, 1, 0]|[3, 0, 1, 1, 0, 0, 2, 0, 0, 0, 0, 0, 0, 1, 3, 3, 3, 0, 1, 3]|[1, 1, 1, 1, 0, 1, 0, 2, 1, 2, 1, 0, 1, 0, 0, 2, 2, 1, 1, 0];[0, 19, 16, 15, 6, 3, 5, 12, 18, 11, 2, 9, 10, 8, 7, 14, 13, 4, 17, 1]|[0, 2, 1, 2, 1, 0, 2, 0, 0, 1, 2, 1, 1, 1, 0, 0, 0, 2, 1, 0]|[3, 0, 1, 0, 1, 3, 0, 3, 3, 1, 0, 1, 1, 1, 3, 3, 3, 0, 1, 3]|[0, 1, 1, 0, 1, 2, 1, 2, 0, 1, 0, 1, 1, 1, 0, 2, 0, 1, 1, 2];[0, 19, 16, 10, 15, 11, 12, 18, 5, 7, 17, 4, 9, 3, 8, 14, 6, 2, 13, 1]|[0, 2, 1, 1, 2, 1, 0, 0, 2, 0, 1, 2, 1, 1, 0, 0, 0, 2, 1, 0]|[3, 0, 1, 1, 0, 1, 3, 0, 0, 3, 1, 0, 0, 1, 3, 3, 3, 0, 1, 3]|[1, 1, 1, 0, 0, 1, 0, 2, 1, 2, 1, 0, 1, 0, 0, 2, 0, 1, 1, 2];[0, 19, 16, 10, 15, 11, 12, 3, 5, 18, 6, 17, 7, 1, 2, 14, 13, 4, 9, 8]|[0, 2, 1, 1, 2, 1, 0, 0, 2, 0, 1, 2, 1, 1, 0, 0, 0, 2, 1, 0]|[3, 0, 1, 1, 0, 0, 2, 0, 0, 3, 1, 0, 1, 1, 3, 3, 3, 0, 1, 3]|[1, 1, 1, 0, 0, 1, 0, 2, 1, 2, 1, 0, 1, 1, 0, 2, 0, 1, 1, 2];[0, 19, 16, 10, 15, 11, 12, 1, 5, 18, 17, 2, 9, 7, 8, 6, 14, 4, 13, 3]|[0, 2, 1, 1, 2, 1, 0, 0, 2, 0, 1, 2, 0, 1, 0, 0, 0, 2, 0, 0]|[3, 0, 1, 1, 0, 1, 2, 0, 0, 0, 1, 0, 0, 1, 3, 3, 3, 0, 0, 3]|[1, 1, 1, 0, 0, 1, 0, 2, 1, 2, 1, 0, 1, 0, 0, 2, 0, 1, 1, 2];[7, 4, 1, 12, 11, 15, 10, 16, 19, 14, 17, 6, 0, 8, 13, 3, 9, 5, 2, 18]|[0, 2, 0, 0, 1, 2, 1, 1, 2, 0, 1, 2, 0, 0, 0, 1, 0, 2, 1, 0]|[0, 1, 0, 2, 1, 0, 1, 0, 0, 3, 0, 0, 3, 3, 3, 1, 0, 0, 1, 3]|[2, 1, 2, 1, 1, 0, 0, 1, 1, 0, 1, 0, 0, 2, 0, 0, 1, 1, 1, 0];[0, 19, 16, 14, 15, 11, 12, 18, 5, 10, 7, 9, 2, 3, 13, 6, 8, 4, 17, 1]|[0, 2, 1, 1, 2, 1, 0, 0, 2, 1, 1, 1, 2, 1, 0, 0, 0, 2, 1, 0]|[3, 0, 1, 1, 0, 1, 3, 3, 0, 1, 1, 1, 0, 1, 3, 3, 3, 0, 1, 3]|[0, 1, 1, 1, 0, 1, 0, 2, 1, 1, 1, 1, 0, 1, 0, 2, 0, 1, 1, 0];[0, 19, 16, 14, 15, 11, 12, 18, 5, 10, 7, 9, 2, 3, 13, 6, 8, 4, 17, 1]|[0, 2, 1, 1, 2, 1, 0, 0, 2, 1, 1, 1, 2, 1, 0, 0, 0, 2, 1, 0]|[3, 0, 1, 1, 0, 1, 3, 3, 0, 1, 1, 1, 0, 1, 3, 3, 3, 0, 1, 3]|[0, 1, 1, 1, 0, 1, 0, 2, 1, 1, 1, 1, 0, 1, 0, 2, 0, 1, 1, 0];[19, 16, 9, 15, 11, 12, 2, 5, 8, 3, 6, 10, 13, 0, 7, 18, 4, 17, 14, 1]|[2, 1, 1, 2, 1, 0, 0, 2, 0, 1, 2, 1, 1, 0, 0, 0, 2, 1, 0, 0]|[0, 1, 1, 0, 1, 3, 3, 0, 3, 1, 0, 1, 1, 3, 3, 3, 0, 1, 3, 3]|[1, 1, 1, 0, 1, 2, 0, 1, 2, 1, 0, 1, 1, 0, 2, 0, 1, 1, 2, 0];[0, 19, 16, 15, 12, 1, 5, 18, 4, 6, 7, 13, 8, 10, 9, 2, 17, 3, 11, 14]|[0, 2, 1, 2, 0, 0, 2, 0, 1, 2, 0, 2, 0, 1, 0, 2, 1, 1, 1, 0]|[0, 1, 1, 0, 3, 3, 0, 0, 1, 0, 3, 1, 3, 1, 0, 0, 0, 1, 1, 3]|[1, 1, 1, 0, 0, 2, 1, 2, 1, 0, 0, 1, 0, 1, 1, 1, 1, 0, 1, 2];[19, 5, 10, 0, 15, 11, 14, 6, 4, 18, 7, 2, 8, 13, 9, 3, 17, 12, 16, 1]|[2, 1, 0, 0, 2, 1, 0, 1, 2, 0, 0, 0, 0, 1, 1, 2, 1, 0, 2, 0]|[0, 1, 3, 3, 0, 1, 3, 1, 0, 3, 3, 3, 3, 1, 1, 0, 1, 3, 0, 3]|[1, 1, 2, 0, 0, 1, 2, 1, 1, 0, 0, 2, 0, 1, 1, 0, 1, 2, 1, 0];[14, 19, 16, 10, 15, 11, 12, 1, 5, 13, 7, 4, 17, 18, 0, 3, 2, 6, 9, 8]|[0, 2, 1, 1, 2, 1, 0, 0, 2, 1, 1, 2, 1, 1, 0, 0, 0, 2, 1, 0]|[1, 1, 1, 0, 0, 1, 2, 0, 0, 1, 0, 0, 1, 1, 3, 3, 3, 0, 0, 3]|[2, 1, 1, 0, 0, 1, 0, 0, 1, 0, 1, 1, 1, 0, 1, 2, 0, 0, 1, 0];[19, 16, 10, 15, 11, 3, 13, 4, 17, 2, 12, 18, 7, 0, 1, 5, 6, 14, 9, 8]|[2, 1, 1, 2, 1, 2, 1, 0, 0, 2, 0, 0, 0, 0, 1, 2, 0, 0, 0, 0]|[0, 1, 1, 0, 1, 0, 1, 3, 3, 0, 3, 3, 3, 3, 0, 0, 3, 3, 3, 3]|[1, 1, 0, 0, 1, 1, 1, 0, 0, 0, 2, 0, 1, 0, 1, 1, 2, 0, 2, 0];[19, 16, 10, 4, 12, 1, 5, 15, 18, 7, 11, 9, 0, 13, 6, 14, 8, 2, 17, 3]|[2, 1, 1, 2, 0, 0, 2, 2, 0, 1, 2, 0, 0, 1, 0, 0, 0, 2, 1, 1]|[1, 0, 1, 0, 3, 0, 0, 0, 0, 1, 1, 1, 2, 1, 3, 3, 3, 0, 1, 1]|[1, 1, 0, 0, 0, 2, 1, 1, 2, 1, 0, 1, 1, 0, 0, 0, 2, 1, 1, 1];[0, 19, 16, 10, 15, 11, 12, 1, 4, 18, 7, 2, 9, 17, 14, 6, 13, 5, 3, 8]|[0, 2, 1, 1, 2, 1, 0, 1, 2, 0, 1, 0, 1, 1, 2, 0, 0, 2, 1, 0]|[1, 1, 1, 1, 0, 0, 3, 1, 0, 0, 0, 0, 0, 1, 0, 3, 3, 0, 1, 0]|[1, 0, 1, 0, 1, 1, 0, 1, 1, 2, 1, 0, 1, 0, 1, 2, 0, 1, 1, 0]
fc6diagRound 16	fe=457995	pool=300	target=100	rescued=0	sOriginal=[0, 19, 16, 10, 15, 11, 12, 1, 4, 3, 17, 14, 9, 2, 13, 7, 8, 5, 6, 18]|[0, 2, 1, 1, 2, 1, 0, 0, 2, 0, 1, 2, 1, 1, 0, 0, 0, 2, 0, 0]|[3, 0, 1, 1, 0, 1, 2, 0, 0, 3, 1, 0, 1, 1, 3, 3, 3, 0, 0, 3]|[1, 1, 1, 1, 0, 1, 0, 2, 1, 2, 1, 0, 1, 1, 0, 2, 0, 1, 1, 2];[0, 19, 16, 10, 15, 11, 12, 1, 5, 14, 17, 4, 9, 7, 2, 13, 18, 6, 3, 8]|[0, 2, 1, 1, 2, 1, 0, 0, 2, 0, 1, 2, 1, 1, 0, 0, 0, 2, 1, 0]|[3, 0, 1, 1, 0, 1, 2, 0, 0, 0, 1, 0, 1, 1, 3, 3, 3, 0, 1, 3]|[1, 1, 1, 0, 0, 1, 0, 2, 1, 2, 1, 0, 1, 1, 0, 2, 0, 1, 1, 2];[18, 5, 1, 12, 11, 15, 10, 16, 19, 7, 4, 14, 17, 13, 0, 9, 2, 8, 6, 3]|[0, 2, 0, 0, 1, 2, 1, 1, 2, 0, 2, 0, 1, 0, 0, 0, 2, 0, 0, 0]|[2, 0, 0, 3, 1, 0, 1, 1, 0, 3, 0, 0, 1, 3, 3, 0, 0, 3, 3, 3]|[2, 1, 2, 0, 1, 0, 0, 1, 1, 1, 0, 1, 1, 0, 2, 1, 1, 0, 2, 0];[18, 5, 1, 12, 11, 15, 10, 16, 19, 7, 4, 14, 17, 13, 0, 9, 2, 8, 6, 3]|[0, 2, 0, 0, 1, 2, 1, 1, 2, 0, 2, 0, 1, 0, 0, 0, 2, 0, 0, 0]|[2, 0, 0, 3, 1, 0, 1, 1, 0, 3, 0, 0, 1, 3, 3, 0, 0, 3, 3, 3]|[2, 1, 2, 0, 1, 0, 0, 1, 1, 1, 0, 1, 1, 0, 2, 1, 1, 0, 2, 0];[0, 19, 16, 10, 15, 11, 12, 18, 5, 3, 17, 2, 7, 9, 6, 14, 8, 4, 13, 1]|[0, 2, 1, 1, 2, 1, 0, 0, 2, 0, 1, 2, 1, 1, 0, 0, 0, 2, 1, 0]|[3, 0, 1, 1, 0, 1, 2, 0, 0, 0, 1, 0, 1, 1, 3, 3, 3, 0, 1, 3]|[1, 1, 1, 0, 0, 1, 0, 2, 1, 2, 1, 0, 1, 1, 0, 2, 0, 1, 1, 0];[14, 19, 5, 10, 15, 11, 13, 12, 4, 3, 7, 2, 9, 6, 8, 18, 16, 17, 0, 1]|[0, 2, 1, 1, 2, 1, 0, 1, 2, 0, 1, 2, 1, 1, 0, 0, 2, 0, 0, 0]|[3, 0, 1, 1, 0, 1, 3, 1, 0, 3, 1, 0, 1, 1, 3, 3, 0, 3, 3, 3]|[2, 1, 1, 1, 0, 1, 0, 1, 1, 2, 1, 0, 1, 1, 0, 2, 1, 0, 2, 0];[14, 19, 5, 10, 15, 11, 13, 12, 4, 3, 7, 2, 9, 6, 8, 18, 16, 17, 0, 1]|[0, 2, 1, 1, 2, 1, 0, 1, 2, 0, 1, 2, 1, 1, 0, 0, 2, 0, 0, 0]|[3, 0, 1, 1, 0, 1, 3, 1, 0, 3, 1, 0, 1, 1, 3, 3, 0, 3, 3, 3]|[2, 1, 1, 1, 0, 1, 0, 1, 1, 2, 1, 0, 1, 1, 0, 2, 1, 0, 2, 0];[3, 12, 5, 8, 17, 11, 15, 10, 16, 19, 0, 2, 9, 6, 18, 1, 13, 4, 7, 14]|[0, 0, 2, 0, 0, 1, 2, 1, 1, 2, 0, 2, 0, 1, 0, 0, 0, 2, 0, 0]|[3, 0, 0, 0, 0, 1, 0, 1, 1, 0, 3, 0, 0, 1, 3, 3, 3, 0, 3, 3]|[0, 2, 1, 2, 2, 1, 0, 0, 1, 1, 1, 0, 1, 1, 0, 0, 2, 1, 1, 0];[3, 12, 5, 8, 17, 11, 15, 10, 16, 19, 0, 2, 9, 6, 18, 1, 13, 4, 7, 14]|[0, 0, 2, 0, 0, 1, 2, 1, 1, 2, 0, 2, 0, 1, 0, 0, 0, 2, 0, 0]|[3, 0, 0, 0, 0, 1, 0, 1, 1, 0, 3, 0, 0, 1, 3, 3, 3, 0, 3, 3]|[0, 2, 1, 2, 2, 1, 0, 0, 1, 1, 1, 0, 1, 1, 0, 0, 2, 1, 1, 0];[0, 19, 16, 15, 12, 1, 5, 7, 6, 10, 14, 18, 2, 4, 9, 13, 11, 17, 3, 8]|[0, 2, 1, 2, 0, 0, 2, 0, 2, 1, 0, 0, 0, 2, 1, 1, 1, 1, 1, 0]|[3, 0, 1, 0, 2, 0, 0, 0, 0, 1, 3, 3, 3, 0, 1, 1, 1, 1, 1, 3]|[1, 1, 1, 0, 2, 0, 1, 2, 0, 1, 0, 2, 0, 1, 1, 1, 1, 1, 1, 2];[0, 4, 5, 10, 15, 11, 18, 1, 16, 7, 17, 2, 9, 14, 12, 6, 3, 19, 13, 8]|[0, 2, 1, 1, 2, 1, 0, 0, 2, 0, 1, 2, 1, 1, 0, 0, 0, 2, 1, 0]|[3, 0, 1, 1, 0, 0, 2, 0, 0, 0, 1, 0, 1, 1, 3, 3, 3, 0, 1, 3]|[1, 1, 1, 0, 0, 1, 0, 2, 1, 2, 1, 0, 1, 1, 0, 2, 0, 1, 1, 2];[18, 1, 5, 12, 11, 15, 10, 16, 19, 0, 2, 9, 17, 7, 14, 13, 4, 6, 3, 8]|[0, 0, 2, 0, 1, 2, 1, 1, 2, 0, 2, 0, 1, 0, 0, 0, 2, 0, 0, 0]|[0, 0, 0, 2, 1, 0, 1, 1, 0, 3, 0, 0, 1, 0, 3, 3, 0, 3, 3, 3]|[2, 2, 1, 0, 1, 0, 0, 1, 1, 1, 0, 1, 0, 1, 0, 0, 1, 2, 1, 0];[18, 1, 5, 12, 11, 15, 10, 16, 19, 0, 2, 9, 17, 7, 14, 13, 4, 6, 3, 8]|[0, 0, 2, 0, 1, 2, 1, 1, 2, 0, 2, 0, 1, 0, 0, 0, 2, 0, 0, 0]|[0, 0, 0, 2, 1, 0, 1, 1, 0, 3, 0, 0, 1, 0, 3, 3, 0, 3, 3, 3]|[2, 2, 1, 0, 1, 0, 0, 1, 1, 1, 0, 1, 0, 1, 0, 0, 1, 2, 1, 0];[12, 11, 15, 10, 16, 19, 0, 5, 14, 7, 2, 17, 13, 8, 3, 1, 4, 9, 18, 6]|[0, 1, 2, 1, 1, 2, 0, 2, 0, 0, 2, 1, 0, 0, 0, 0, 2, 0, 0, 0]|[3, 1, 0, 1, 1, 0, 3, 0, 0, 0, 0, 1, 3, 3, 3, 0, 0, 0, 0, 3]|[0, 1, 0, 0, 1, 1, 1, 1, 2, 2, 0, 1, 0, 0, 0, 2, 1, 1, 2, 2];[12, 11, 15, 10, 16, 19, 0, 5, 14, 7, 2, 17, 13, 8, 3, 1, 4, 9, 18, 6]|[0, 1, 2, 1, 1, 2, 0, 2, 0, 0, 2, 1, 0, 0, 0, 0, 2, 0, 0, 0]|[3, 1, 0, 1, 1, 0, 3, 0, 0, 0, 0, 1, 3, 3, 3, 0, 0, 0, 0, 3]|[0, 1, 0, 0, 1, 1, 1, 1, 2, 2, 0, 1, 0, 0, 0, 2, 1, 1, 2, 2];[6, 19, 16, 10, 15, 11, 12, 3, 17, 8, 13, 2, 9, 1, 5, 7, 18, 4, 14, 0]|[0, 2, 1, 1, 2, 1, 0, 0, 1, 0, 0, 2, 0, 0, 2, 0, 0, 2, 0, 0]|[3, 0, 1, 1, 0, 1, 2, 3, 1, 3, 3, 0, 2, 0, 0, 0, 0, 0, 3, 3]|[0, 1, 1, 0, 0, 1, 2, 2, 1, 0, 0, 0, 1, 2, 1, 1, 2, 1, 1, 0];[6, 19, 16, 10, 15, 11, 12, 3, 17, 8, 13, 2, 9, 1, 5, 7, 18, 4, 14, 0]|[0, 2, 1, 1, 2, 1, 0, 0, 1, 0, 0, 2, 0, 0, 2, 0, 0, 2, 0, 0]|[3, 0, 1, 1, 0, 1, 2, 3, 1, 3, 3, 0, 2, 0, 0, 0, 0, 0, 3, 3]|[0, 1, 1, 0, 0, 1, 2, 2, 1, 0, 0, 0, 1, 2, 1, 1, 2, 1, 1, 0];[0, 19, 16, 10, 15, 11, 12, 18, 5, 7, 17, 1, 9, 3, 6, 13, 8, 4, 2, 14]|[0, 2, 1, 1, 2, 1, 0, 0, 2, 0, 1, 2, 1, 1, 0, 0, 0, 2, 1, 0]|[3, 0, 1, 1, 0, 0, 2, 0, 0, 0, 1, 0, 1, 1, 3, 3, 3, 0, 1, 3]|[1, 1, 1, 0, 0, 1, 0, 2, 1, 2, 1, 0, 1, 1, 0, 2, 0, 1, 1, 2];[0, 19, 16, 10, 15, 11, 12, 1, 5, 7, 17, 4, 9, 14, 18, 13, 2, 6, 3, 8]|[0, 2, 1, 1, 2, 1, 0, 0, 2, 0, 1, 2, 1, 1, 0, 0, 0, 2, 1, 0]|[3, 0, 1, 1, 0, 1, 2, 0, 0, 0, 1, 0, 1, 1, 3, 3, 3, 0, 1, 3]|[1, 1, 1, 0, 0, 1, 0, 2, 1, 2, 1, 0, 1, 1, 0, 2, 0, 1, 1, 2];[12, 5, 8, 3, 11, 15, 10, 16, 19, 0, 17, 2, 9, 6, 1, 13, 14, 4, 7, 18]|[0, 2, 0, 0, 1, 2, 1, 1, 2, 0, 0, 2, 0, 1, 0, 0, 0, 2, 0, 0]|[0, 0, 0, 3, 1, 0, 1, 1, 0, 3, 0, 0, 0, 1, 3, 3, 3, 0, 3, 3]|[2, 1, 2, 0, 1, 0, 0, 1, 1, 1, 1, 0, 1, 1, 0, 2, 0, 1, 1, 0];[12, 5, 8, 3, 11, 15, 10, 16, 19, 0, 17, 2, 9, 6, 1, 13, 14, 4, 7, 18]|[0, 2, 0, 0, 1, 2, 1, 1, 2, 0, 0, 2, 0, 1, 0, 0, 0, 2, 0, 0]|[0, 0, 0, 3, 1, 0, 1, 1, 0, 3, 0, 0, 0, 1, 3, 3, 3, 0, 3, 3]|[2, 1, 2, 0, 1, 0, 0, 1, 1, 1, 1, 0, 1, 1, 0, 2, 0, 1, 1, 0];[0, 19, 16, 10, 15, 11, 12, 18, 5, 1, 17, 2, 9, 7, 6, 8, 13, 4, 14, 3]|[0, 2, 1, 1, 2, 1, 0, 0, 2, 0, 1, 2, 1, 1, 0, 0, 0, 2, 1, 0]|[3, 0, 1, 1, 0, 1, 2, 0, 0, 3, 1, 0, 1, 1, 3, 3, 3, 0, 1, 3]|[1, 1, 1, 0, 0, 1, 2, 0, 1, 2, 1, 1, 1, 1, 0, 2, 0, 1, 1, 0];[19, 16, 15, 12, 1, 0, 5, 14, 2, 13, 3, 8, 6, 4, 17, 9, 10, 11, 18, 7]|[2, 1, 2, 0, 0, 0, 2, 1, 2, 1, 0, 0, 0, 2, 1, 1, 1, 1, 0, 0]|[0, 1, 0, 3, 3, 3, 0, 1, 0, 1, 3, 3, 3, 0, 1, 1, 1, 1, 3, 3]|[1, 1, 0, 0, 2, 0, 1, 1, 0, 1, 0, 2, 0, 1, 1, 1, 1, 1, 2, 0];[19, 16, 15, 12, 1, 0, 5, 14, 2, 13, 3, 8, 6, 4, 17, 9, 10, 11, 18, 7]|[2, 1, 2, 0, 0, 0, 2, 1, 2, 1, 0, 0, 0, 2, 1, 1, 1, 1, 0, 0]|[0, 1, 0, 3, 3, 3, 0, 1, 0, 1, 3, 3, 3, 0, 1, 1, 1, 1, 3, 3]|[1, 1, 0, 0, 2, 0, 1, 1, 0, 1, 0, 2, 0, 1, 1, 1, 1, 1, 2, 0];[0, 19, 16, 10, 15, 11, 12, 1, 5, 7, 17, 6, 9, 3, 13, 8, 14, 2, 4, 18]|[0, 2, 1, 1, 2, 1, 0, 0, 2, 0, 1, 2, 0, 1, 0, 0, 0, 2, 1, 0]|[3, 0, 1, 1, 0, 1, 2, 0, 0, 0, 0, 0, 0, 1, 3, 3, 3, 0, 1, 3]|[1, 1, 1, 0, 0, 1, 0, 2, 1, 2, 1, 0, 1, 0, 0, 2, 0, 1, 1, 2];[0, 19, 16, 10, 15, 11, 18, 8, 5, 12, 17, 6, 7, 9, 14, 2, 13, 4, 3, 1]|[0, 2, 1, 1, 2, 1, 0, 0, 2, 0, 1, 2, 1, 1, 0, 0, 0, 2, 1, 1]|[3, 0, 1, 1, 0, 1, 3, 0, 0, 0, 1, 0, 0, 1, 3, 3, 3, 0, 1, 1]|[1, 1, 1, 0, 0, 1, 0, 2, 1, 2, 1, 0, 1, 0, 0, 2, 0, 1, 1, 1];[0, 19, 16, 10, 15, 11, 12, 1, 5, 14, 17, 4, 9, 7, 8, 3, 13, 6, 2, 18]|[0, 2, 1, 1, 2, 1, 0, 0, 2, 0, 1, 2, 1, 1, 0, 0, 0, 2, 1, 0]|[3, 0, 1, 1, 0, 1, 2, 0, 0, 3, 1, 0, 1, 1, 3, 3, 3, 0, 1, 3]|[1, 1, 1, 0, 0, 1, 0, 2, 1, 2, 1, 0, 1, 0, 0, 2, 0, 1, 1, 0];[0, 19, 16, 10, 15, 11, 12, 1, 5, 14, 6, 3, 9, 7, 13, 18, 17, 4, 2, 8]|[0, 2, 1, 1, 2, 1, 0, 0, 2, 0, 1, 2, 1, 1, 0, 0, 0, 2, 1, 0]|[3, 0, 1, 1, 0, 1, 2, 0, 0, 3, 1, 0, 1, 1, 3, 3, 3, 0, 1, 3]|[1, 1, 1, 0, 0, 1, 0, 2, 1, 2, 1, 0, 1, 0, 0, 2, 0, 1, 1, 0];[19, 5, 10, 15, 11, 12, 8, 16, 14, 2, 17, 3, 9, 13, 0, 18, 7, 4, 6, 1]|[2, 1, 1, 2, 1, 0, 0, 2, 0, 0, 1, 2, 1, 1, 0, 0, 0, 2, 1, 0]|[0, 1, 1, 0, 1, 3, 3, 0, 3, 3, 1, 0, 1, 1, 3, 3, 3, 0, 1, 3]|[1, 1, 1, 0, 1, 0, 2, 1, 0, 2, 1, 0, 1, 1, 0, 2, 0, 1, 1, 2];[19, 5, 10, 15, 11, 12, 8, 16, 14, 2, 17, 3, 9, 13, 0, 18, 7, 4, 6, 1]|[2, 1, 1, 2, 1, 0, 0, 2, 0, 0, 1, 2, 1, 1, 0, 0, 0, 2, 1, 0]|[0, 1, 1, 0, 1, 3, 3, 0, 3, 3, 1, 0, 1, 1, 3, 3, 3, 0, 1, 3]|[1, 1, 1, 0, 1, 0, 2, 1, 0, 2, 1, 0, 1, 1, 0, 2, 0, 1, 1, 2];[19, 16, 10, 15, 11, 12, 17, 3, 1, 18, 6, 9, 5, 0, 7, 2, 13, 4, 14, 8]|[2, 1, 1, 2, 1, 0, 0, 2, 0, 0, 2, 0, 1, 0, 0, 0, 0, 2, 0, 0]|[0, 1, 1, 0, 1, 0, 3, 0, 0, 0, 0, 0, 1, 3, 3, 3, 3, 0, 3, 3]|[1, 1, 0, 0, 1, 2, 1, 1, 2, 1, 0, 1, 1, 0, 0, 2, 0, 1, 2, 0];[19, 16, 10, 15, 11, 12, 17, 3, 1, 18, 6, 9, 5, 0, 7, 2, 13, 4, 14, 8]|[2, 1, 1, 2, 1, 0, 0, 2, 0, 0, 2, 0, 1, 0, 0, 0, 0, 2, 0, 0]|[0, 1, 1, 0, 1, 0, 3, 0, 0, 0, 0, 0, 1, 3, 3, 3, 3, 0, 3, 3]|[1, 1, 0, 0, 1, 2, 1, 1, 2, 1, 0, 1, 1, 0, 0, 2, 0, 1, 2, 0];[0, 19, 16, 10, 15, 11, 18, 12, 5, 3, 17, 2, 9, 8, 13, 14, 7, 4, 6, 1]|[0, 2, 1, 1, 2, 1, 0, 0, 2, 0, 1, 2, 1, 1, 0, 0, 0, 2, 1, 0]|[3, 0, 1, 1, 0, 1, 3, 1, 0, 3, 1, 0, 1, 1, 3, 3, 3, 0, 1, 3]|[1, 1, 1, 0, 0, 1, 0, 2, 1, 2, 1, 0, 1, 1, 0, 2, 0, 1, 1, 2];[0, 19, 16, 10, 15, 11, 12, 1, 5, 18, 7, 6, 9, 3, 14, 17, 2, 4, 8, 13]|[0, 2, 1, 1, 2, 1, 0, 0, 2, 0, 1, 2, 1, 1, 0, 0, 0, 2, 1, 0]|[3, 0, 1, 1, 0, 1, 2, 0, 0, 3, 1, 0, 1, 1, 3, 3, 3, 0, 1, 3]|[1, 1, 1, 0, 0, 1, 0, 2, 1, 2, 1, 0, 1, 1, 0, 2, 0, 1, 1, 0];[14, 19, 5, 10, 15, 11, 8, 12, 16, 1, 17, 4, 9, 13, 2, 18, 0, 6, 3, 7]|[0, 2, 1, 1, 2, 1, 0, 0, 2, 0, 1, 2, 1, 1, 0, 0, 0, 2, 1, 0]|[3, 0, 1, 1, 0, 1, 3, 3, 0, 3, 1, 0, 1, 1, 3, 3, 3, 0, 1, 3]|[0, 1, 1, 0, 0, 1, 2, 0, 1, 2, 1, 0, 1, 1, 0, 2, 0, 1, 1, 2];[14, 19, 5, 10, 15, 11, 8, 12, 16, 1, 17, 4, 9, 13, 2, 18, 0, 6, 3, 7]|[0, 2, 1, 1, 2, 1, 0, 0, 2, 0, 1, 2, 1, 1, 0, 0, 0, 2, 1, 0]|[3, 0, 1, 1, 0, 1, 3, 3, 0, 3, 1, 0, 1, 1, 3, 3, 3, 0, 1, 3]|[0, 1, 1, 0, 0, 1, 2, 0, 1, 2, 1, 0, 1, 1, 0, 2, 0, 1, 1, 2];[2, 19, 5, 10, 15, 11, 18, 16, 1, 3, 14, 7, 6, 8, 12, 17, 4, 9, 13, 0]|[0, 2, 1, 1, 2, 1, 0, 2, 0, 1, 2, 0, 0, 0, 0, 1, 2, 1, 1, 0]|[3, 0, 1, 1, 0, 1, 3, 0, 3, 1, 0, 3, 3, 3, 3, 1, 0, 1, 1, 3]|[0, 1, 1, 1, 0, 1, 2, 1, 0, 1, 1, 0, 2, 0, 2, 1, 0, 1, 1, 0];[2, 19, 5, 10, 15, 11, 18, 16, 1, 3, 14, 7, 6, 8, 12, 17, 4, 9, 13, 0]|[0, 2, 1, 1, 2, 1, 0, 2, 0, 1, 2, 0, 0, 0, 0, 1, 2, 1, 1, 0]|[3, 0, 1, 1, 0, 1, 3, 0, 3, 1, 0, 3, 3, 3, 3, 1, 0, 1, 1, 3]|[0, 1, 1, 1, 0, 1, 2, 1, 0, 1, 1, 0, 2, 0, 2, 1, 0, 1, 1, 0];[12, 8, 4, 3, 13, 14, 17, 9, 2, 7, 18, 5, 1, 6, 11, 15, 10, 16, 19, 0]|[0, 0, 2, 0, 0, 0, 1, 0, 2, 0, 0, 2, 0, 0, 1, 2, 1, 1, 2, 0]|[3, 0, 0, 3, 3, 3, 1, 0, 0, 0, 0, 0, 0, 3, 1, 0, 1, 1, 0, 3]|[2, 1, 1, 0, 2, 0, 1, 1, 0, 1, 2, 1, 2, 0, 1, 0, 0, 1, 1, 1];[12, 8, 4, 3, 13, 14, 17, 9, 2, 7, 18, 5, 1, 6, 11, 15, 10, 16, 19, 0]|[0, 0, 2, 0, 0, 0, 1, 0, 2, 0, 0, 2, 0, 0, 1, 2, 1, 1, 2, 0]|[3, 0, 0, 3, 3, 3, 1, 0, 0, 0, 0, 0, 0, 3, 1, 0, 1, 1, 0, 3]|[2, 1, 1, 0, 2, 0, 1, 1, 0, 1, 2, 1, 2, 0, 1, 0, 0, 1, 1, 1];[0, 19, 16, 10, 15, 11, 12, 1, 5, 18, 17, 3, 9, 6, 8, 2, 7, 4, 14, 13]|[0, 2, 1, 1, 2, 1, 0, 0, 2, 0, 1, 2, 1, 1, 0, 0, 0, 2, 1, 0]|[3, 0, 1, 1, 0, 1, 2, 3, 0, 2, 1, 0, 1, 1, 3, 3, 3, 0, 1, 3]|[0, 1, 1, 0, 0, 1, 0, 2, 1, 2, 1, 0, 1, 1, 0, 2, 2, 1, 1, 0];[0, 19, 16, 11, 2, 18, 5, 1, 12, 10, 15, 9, 17, 14, 13, 6, 4, 3, 7, 8]|[0, 2, 1, 1, 2, 0, 2, 0, 0, 1, 2, 1, 1, 0, 0, 0, 2, 1, 1, 0]|[2, 1, 1, 1, 0, 0, 0, 0, 3, 1, 0, 0, 1, 3, 3, 3, 0, 1, 1, 3]|[1, 1, 1, 1, 0, 2, 1, 2, 0, 1, 0, 1, 0, 0, 2, 0, 1, 1, 1, 2];[0, 19, 16, 11, 2, 18, 5, 1, 12, 10, 15, 9, 17, 14, 13, 6, 4, 3, 7, 8]|[0, 2, 1, 1, 2, 0, 2, 0, 0, 1, 2, 1, 1, 0, 0, 0, 2, 1, 1, 0]|[2, 1, 1, 1, 0, 0, 0, 0, 3, 1, 0, 0, 1, 3, 3, 3, 0, 1, 1, 3]|[1, 1, 1, 1, 0, 2, 1, 2, 0, 1, 0, 1, 0, 0, 2, 0, 1, 1, 1, 2];[0, 19, 5, 10, 15, 11, 18, 1, 16, 7, 12, 6, 9, 13, 17, 2, 3, 4, 8, 14]|[0, 2, 1, 1, 2, 1, 0, 0, 2, 0, 1, 2, 1, 1, 0, 0, 0, 2, 1, 0]|[3, 0, 1, 1, 0, 1, 2, 0, 0, 0, 0, 0, 0, 1, 3, 3, 3, 0, 1, 3]|[1, 1, 1, 1, 0, 1, 0, 2, 1, 1, 1, 0, 1, 0, 0, 2, 2, 1, 1, 0];[0, 19, 6, 10, 15, 11, 18, 1, 16, 12, 17, 3, 9, 7, 8, 2, 13, 4, 5, 14]|[0, 2, 1, 1, 2, 1, 0, 0, 2, 0, 1, 2, 1, 1, 0, 0, 0, 2, 1, 0]|[3, 0, 1, 1, 0, 1, 2, 0, 0, 0, 1, 0, 0, 1, 3, 3, 3, 0, 1, 3]|[1, 1, 1, 1, 0, 1, 0, 2, 1, 2, 1, 0, 1, 0, 0, 2, 0, 1, 1, 2];[0, 19, 16, 10, 15, 11, 12, 8, 5, 18, 17, 2, 9, 3, 6, 1, 14, 4, 7, 13]|[0, 2, 1, 1, 2, 1, 0, 0, 2, 0, 1, 2, 1, 1, 0, 0, 0, 2, 1, 0]|[3, 0, 1, 1, 0, 1, 3, 2, 0, 3, 1, 0, 1, 1, 3, 3, 3, 0, 1, 3]|[0, 1, 1, 0, 0, 1, 0, 2, 1, 2, 1, 0, 1, 1, 0, 2, 0, 1, 1, 0];[0, 19, 16, 10, 15, 11, 12, 1, 5, 7, 17, 6, 9, 14, 8, 3, 13, 2, 4, 18]|[0, 2, 1, 1, 2, 1, 0, 0, 2, 0, 1, 2, 0, 1, 0, 0, 0, 2, 1, 0]|[3, 0, 1, 1, 0, 1, 2, 0, 0, 0, 1, 0, 0, 1, 3, 3, 3, 0, 0, 3]|[1, 1, 1, 1, 0, 1, 0, 2, 1, 2, 1, 0, 1, 0, 0, 2, 0, 1, 1, 2];[0, 19, 16, 10, 15, 11, 12, 1, 5, 7, 17, 6, 9, 14, 8, 3, 13, 2, 4, 18]|[0, 2, 1, 1, 2, 1, 0, 0, 2, 0, 1, 2, 0, 1, 0, 0, 0, 2, 1, 0]|[3, 0, 1, 1, 0, 1, 2, 0, 0, 0, 1, 0, 0, 1, 3, 3, 3, 0, 0, 3]|[1, 1, 1, 1, 0, 1, 0, 2, 1, 2, 1, 0, 1, 0, 0, 2, 0, 1, 1, 2];[0, 19, 16, 10, 15, 11, 12, 18, 5, 3, 17, 4, 9, 1, 8, 13, 7, 6, 2, 14]|[0, 2, 1, 1, 2, 1, 0, 0, 2, 0, 1, 2, 1, 1, 0, 0, 0, 2, 1, 0]|[3, 0, 1, 1, 0, 1, 2, 0, 0, 0, 0, 0, 0, 1, 3, 3, 3, 0, 1, 3]|[1, 1, 1, 1, 0, 1, 0, 2, 1, 2, 1, 0, 1, 0, 0, 2, 0, 1, 1, 0];[0, 19, 16, 10, 15, 11, 12, 18, 5, 3, 17, 2, 9, 7, 14, 1, 6, 4, 13, 8]|[0, 2, 1, 1, 2, 1, 0, 0, 2, 0, 1, 2, 1, 1, 0, 0, 0, 2, 1, 0]|[3, 0, 1, 1, 0, 1, 3, 0, 0, 3, 1, 0, 1, 1, 3, 3, 3, 0, 1, 3]|[0, 1, 1, 1, 0, 1, 2, 0, 1, 2, 1, 0, 1, 1, 0, 2, 0, 1, 1, 0];[0, 19, 16, 10, 15, 11, 12, 14, 5, 1, 17, 2, 9, 3, 8, 6, 18, 4, 13, 7]|[0, 2, 1, 1, 2, 1, 0, 0, 2, 0, 1, 2, 1, 1, 0, 0, 0, 2, 1, 0]|[3, 0, 1, 1, 0, 1, 3, 3, 0, 3, 1, 0, 1, 1, 3, 3, 3, 0, 1, 3]|[0, 1, 1, 1, 1, 1, 2, 0, 1, 2, 1, 0, 1, 1, 0, 2, 0, 1, 1, 0];[0, 19, 16, 10, 15, 11, 12, 14, 5, 1, 17, 2, 9, 3, 8, 6, 18, 4, 13, 7]|[0, 2, 1, 1, 2, 1, 0, 0, 2, 0, 1, 2, 1, 1, 0, 0, 0, 2, 1, 0]|[3, 0, 1, 1, 0, 1, 3, 3, 0, 3, 1, 0, 1, 1, 3, 3, 3, 0, 1, 3]|[0, 1, 1, 1, 1, 1, 2, 0, 1, 2, 1, 0, 1, 1, 0, 2, 0, 1, 1, 0];[19, 5, 10, 15, 11, 2, 16, 8, 1, 9, 3, 17, 12, 0, 13, 6, 14, 4, 7, 18]|[2, 1, 1, 2, 1, 0, 2, 0, 1, 1, 2, 1, 0, 0, 0, 0, 1, 2, 0, 0]|[0, 1, 1, 0, 1, 3, 0, 3, 1, 1, 0, 1, 3, 3, 3, 3, 1, 0, 3, 3]|[1, 1, 0, 0, 1, 2, 1, 0, 1, 1, 0, 1, 2, 0, 2, 0, 1, 1, 2, 0];[0, 19, 5, 10, 15, 11, 18, 1, 16, 7, 12, 4, 2, 9, 17, 3, 6, 14, 13, 8]|[0, 2, 1, 1, 2, 1, 0, 0, 2, 0, 1, 2, 1, 1, 0, 0, 0, 2, 1, 0]|[3, 0, 1, 1, 0, 0, 2, 0, 0, 0, 1, 0, 1, 1, 3, 3, 3, 0, 1, 3]|[1, 1, 1, 0, 0, 1, 2, 0, 1, 2, 1, 0, 1, 0, 0, 2, 0, 1, 1, 2];[0, 19, 5, 10, 15, 11, 18, 1, 16, 7, 12, 4, 2, 9, 17, 3, 6, 14, 13, 8]|[0, 2, 1, 1, 2, 1, 0, 0, 2, 0, 1, 2, 1, 1, 0, 0, 0, 2, 1, 0]|[3, 0, 1, 1, 0, 0, 2, 0, 0, 0, 1, 0, 1, 1, 3, 3, 3, 0, 1, 3]|[1, 1, 1, 0, 0, 1, 2, 0, 1, 2, 1, 0, 1, 0, 0, 2, 0, 1, 1, 2];[0, 19, 16, 10, 15, 11, 12, 18, 5, 6, 17, 8, 9, 13, 3, 1, 7, 4, 14, 2]|[0, 2, 1, 1, 2, 1, 0, 0, 2, 0, 1, 2, 1, 1, 0, 0, 0, 2, 1, 0]|[3, 0, 1, 1, 0, 0, 2, 0, 0, 3, 1, 0, 1, 1, 3, 3, 3, 0, 1, 3]|[0, 1, 1, 0, 0, 1, 0, 2, 1, 2, 1, 0, 1, 1, 0, 2, 0, 1, 1, 2];[0, 19, 16, 10, 15, 11, 12, 8, 5, 14, 17, 2, 3, 9, 18, 1, 6, 4, 13, 7]|[0, 2, 1, 1, 2, 1, 0, 0, 2, 0, 1, 2, 1, 1, 0, 0, 0, 2, 1, 0]|[3, 0, 1, 1, 0, 1, 2, 0, 0, 3, 1, 0, 1, 1, 3, 3, 3, 0, 1, 3]|[1, 1, 1, 0, 0, 1, 0, 2, 1, 2, 1, 0, 1, 1, 0, 2, 0, 1, 1, 0];[0, 19, 16, 10, 15, 11, 12, 1, 5, 14, 17, 4, 9, 13, 18, 7, 3, 2, 6, 8]|[0, 2, 1, 1, 2, 1, 0, 0, 2, 0, 1, 2, 1, 1, 0, 0, 0, 2, 1, 0]|[3, 0, 1, 1, 0, 1, 2, 0, 0, 0, 0, 0, 0, 1, 3, 3, 3, 0, 1, 3]|[1, 1, 1, 1, 0, 1, 0, 2, 1, 2, 1, 0, 1, 0, 0, 2, 0, 1, 1, 2];[0, 19, 16, 10, 15, 11, 12, 1, 5, 18, 17, 4, 9, 14, 8, 3, 13, 6, 2, 7]|[0, 2, 1, 1, 2, 1, 0, 0, 2, 0, 1, 2, 1, 1, 0, 0, 0, 2, 1, 0]|[3, 0, 1, 1, 0, 1, 3, 0, 0, 3, 1, 0, 1, 1, 3, 3, 3, 0, 1, 3]|[2, 1, 1, 1, 0, 1, 0, 0, 1, 2, 1, 0, 1, 1, 0, 2, 0, 1, 1, 0];[0, 19, 16, 10, 15, 11, 18, 8, 5, 12, 3, 6, 9, 7, 14, 13, 1, 4, 2, 17]|[0, 2, 1, 1, 2, 1, 0, 0, 2, 0, 1, 2, 1, 1, 0, 0, 0, 2, 1, 0]|[3, 0, 1, 1, 0, 1, 3, 2, 0, 3, 1, 0, 1, 1, 3, 3, 3, 0, 1, 3]|[1, 1, 1, 0, 0, 1, 0, 2, 1, 2, 1, 0, 1, 1, 0, 2, 0, 1, 1, 2];[0, 19, 16, 15, 11, 8, 12, 18, 5, 3, 17, 2, 9, 10, 14, 1, 13, 4, 6, 7]|[0, 2, 1, 2, 1, 1, 0, 0, 2, 0, 1, 2, 1, 1, 0, 0, 0, 2, 1, 0]|[3, 0, 1, 0, 1, 1, 3, 3, 0, 3, 1, 0, 1, 1, 3, 3, 3, 0, 1, 3]|[2, 1, 1, 0, 1, 1, 0, 0, 1, 2, 1, 0, 1, 1, 0, 2, 0, 1, 1, 0];[0, 19, 16, 15, 11, 8, 12, 18, 5, 3, 17, 2, 9, 10, 14, 1, 13, 4, 6, 7]|[0, 2, 1, 2, 1, 1, 0, 0, 2, 0, 1, 2, 1, 1, 0, 0, 0, 2, 1, 0]|[3, 0, 1, 0, 1, 1, 3, 3, 0, 3, 1, 0, 1, 1, 3, 3, 3, 0, 1, 3]|[2, 1, 1, 0, 1, 1, 0, 0, 1, 2, 1, 0, 1, 1, 0, 2, 0, 1, 1, 0];[0, 19, 16, 10, 15, 11, 12, 18, 5, 14, 3, 1, 9, 17, 2, 8, 13, 4, 6, 7]|[0, 2, 1, 1, 2, 1, 0, 0, 2, 0, 1, 2, 1, 1, 0, 0, 0, 2, 1, 0]|[3, 0, 1, 1, 0, 1, 2, 0, 0, 0, 1, 0, 1, 1, 3, 3, 3, 0, 1, 3]|[1, 1, 1, 1, 0, 1, 0, 2, 1, 2, 1, 0, 1, 1, 0, 2, 0, 1, 1, 0];[0, 19, 16, 10, 15, 11, 18, 8, 5, 12, 2, 6, 7, 17, 9, 1, 3, 4, 13, 14]|[0, 2, 1, 1, 2, 1, 0, 0, 2, 0, 1, 2, 1, 1, 0, 0, 0, 2, 1, 0]|[3, 0, 1, 1, 0, 1, 3, 2, 0, 0, 1, 0, 0, 1, 3, 3, 3, 0, 1, 3]|[1, 1, 1, 1, 0, 1, 0, 2, 1, 2, 1, 0, 1, 1, 0, 2, 0, 1, 1, 2];[0, 19, 16, 10, 15, 11, 12, 1, 5, 14, 17, 4, 9, 7, 8, 13, 18, 6, 2, 3]|[0, 2, 1, 1, 2, 1, 0, 0, 2, 0, 1, 2, 1, 1, 0, 0, 0, 2, 1, 0]|[3, 0, 1, 1, 0, 1, 2, 0, 0, 0, 0, 0, 0, 1, 3, 3, 3, 0, 1, 3]|[1, 1, 1, 1, 0, 1, 0, 2, 1, 2, 1, 0, 1, 0, 0, 2, 0, 1, 1, 0];[0, 19, 5, 15, 11, 10, 12, 18, 16, 1, 9, 6, 17, 14, 8, 3, 13, 4, 2, 7]|[0, 2, 1, 2, 1, 1, 0, 0, 2, 0, 1, 2, 1, 1, 0, 0, 0, 2, 1, 0]|[3, 0, 1, 0, 1, 1, 3, 0, 0, 3, 1, 0, 1, 1, 3, 3, 3, 0, 1, 3]|[1, 1, 1, 0, 1, 1, 0, 2, 1, 2, 1, 0, 1, 1, 0, 2, 0, 1, 1, 0];[0, 19, 16, 10, 15, 11, 12, 18, 5, 8, 17, 1, 9, 13, 3, 6, 7, 4, 2, 14]|[0, 2, 1, 1, 2, 1, 0, 0, 2, 0, 1, 2, 1, 1, 0, 0, 0, 2, 1, 0]|[3, 0, 1, 1, 0, 1, 3, 0, 0, 3, 1, 0, 1, 1, 3, 3, 3, 0, 1, 3]|[0, 1, 1, 1, 0, 1, 2, 0, 1, 2, 1, 0, 1, 1, 0, 2, 0, 1, 1, 0];[0, 19, 16, 10, 15, 11, 12, 18, 5, 7, 17, 4, 9, 3, 8, 14, 6, 2, 13, 1]|[0, 2, 1, 1, 2, 1, 0, 0, 2, 0, 1, 2, 1, 1, 0, 0, 0, 2, 1, 0]|[3, 0, 1, 1, 0, 1, 3, 0, 0, 3, 1, 0, 0, 1, 3, 3, 3, 0, 1, 3]|[1, 1, 1, 0, 0, 1, 0, 2, 1, 2, 1, 0, 1, 0, 0, 2, 0, 1, 1, 2];[19, 16, 10, 15, 11, 18, 4, 12, 17, 2, 7, 13, 6, 0, 1, 3, 14, 5, 9, 8]|[2, 1, 1, 2, 1, 0, 2, 0, 1, 2, 1, 1, 0, 0, 0, 0, 0, 2, 1, 0]|[1, 1, 1, 0, 1, 2, 0, 0, 0, 0, 0, 1, 3, 3, 0, 3, 3, 0, 1, 3]|[1, 1, 0, 0, 1, 1, 1, 2, 1, 0, 1, 0, 0, 0, 2, 2, 0, 1, 1, 2];[19, 16, 10, 15, 11, 18, 4, 12, 17, 2, 7, 13, 6, 0, 1, 3, 14, 5, 9, 8]|[2, 1, 1, 2, 1, 0, 2, 0, 1, 2, 1, 1, 0, 0, 0, 0, 0, 2, 1, 0]|[1, 1, 1, 0, 1, 2, 0, 0, 0, 0, 0, 1, 3, 3, 0, 3, 3, 0, 1, 3]|[1, 1, 0, 0, 1, 1, 1, 2, 1, 0, 1, 0, 0, 0, 2, 2, 0, 1, 1, 2];[0, 19, 5, 10, 7, 11, 12, 18, 16, 14, 15, 6, 9, 17, 2, 13, 8, 4, 3, 1]|[0, 2, 1, 1, 2, 1, 0, 0, 2, 0, 1, 2, 1, 1, 0, 0, 0, 2, 1, 0]|[3, 0, 1, 1, 0, 1, 3, 0, 0, 3, 1, 0, 1, 1, 3, 3, 3, 0, 1, 3]|[1, 1, 1, 0, 0, 1, 0, 2, 1, 2, 1, 0, 1, 1, 0, 2, 0, 1, 1, 0];[14, 19, 16, 10, 11, 15, 12, 8, 4, 1, 18, 3, 17, 9, 13, 7, 2, 5, 6, 0]|[0, 2, 1, 1, 2, 1, 0, 0, 2, 0, 0, 1, 2, 1, 1, 0, 0, 2, 1, 0]|[3, 0, 1, 1, 0, 1, 3, 3, 0, 3, 3, 1, 0, 1, 1, 3, 3, 0, 1, 3]|[0, 1, 1, 1, 0, 1, 2, 0, 1, 2, 0, 1, 0, 0, 1, 0, 2, 1, 1, 0];[14, 19, 16, 10, 11, 15, 12, 8, 4, 1, 18, 3, 17, 9, 13, 7, 2, 5, 6, 0]|[0, 2, 1, 1, 2, 1, 0, 0, 2, 0, 0, 1, 2, 1, 1, 0, 0, 2, 1, 0]|[3, 0, 1, 1, 0, 1, 3, 3, 0, 3, 3, 1, 0, 1, 1, 3, 3, 0, 1, 3]|[0, 1, 1, 1, 0, 1, 2, 0, 1, 2, 0, 1, 0, 0, 1, 0, 2, 1, 1, 0];[17, 19, 5, 2, 4, 12, 9, 7, 16, 1, 18, 11, 15, 10, 0, 3, 6, 14, 13, 8]|[0, 2, 1, 1, 2, 1, 1, 0, 2, 0, 0, 1, 2, 1, 0, 0, 0, 2, 1, 0]|[3, 1, 1, 1, 0, 1, 1, 0, 0, 0, 2, 0, 0, 1, 3, 3, 3, 0, 1, 3]|[0, 1, 1, 1, 0, 1, 1, 2, 1, 0, 2, 1, 0, 0, 1, 2, 0, 1, 1, 2];[17, 19, 5, 2, 4, 12, 9, 7, 16, 1, 18, 11, 15, 10, 0, 3, 6, 14, 13, 8]|[0, 2, 1, 1, 2, 1, 1, 0, 2, 0, 0, 1, 2, 1, 0, 0, 0, 2, 1, 0]|[3, 1, 1, 1, 0, 1, 1, 0, 0, 0, 2, 0, 0, 1, 3, 3, 3, 0, 1, 3]|[0, 1, 1, 1, 0, 1, 1, 2, 1, 0, 2, 1, 0, 0, 1, 2, 0, 1, 1, 2];[0, 19, 16, 10, 15, 11, 12, 3, 5, 18, 6, 17, 7, 1, 2, 14, 13, 4, 9, 8]|[0, 2, 1, 1, 2, 1, 0, 0, 2, 0, 1, 2, 1, 1, 0, 0, 0, 2, 1, 0]|[3, 0, 1, 1, 0, 0, 2, 0, 0, 3, 1, 0, 1, 1, 3, 3, 3, 0, 1, 3]|[1, 1, 1, 0, 0, 1, 0, 2, 1, 2, 1, 0, 1, 1, 0, 2, 0, 1, 1, 2];[0, 19, 5, 15, 16, 18, 12, 4, 8, 10, 6, 7, 17, 11, 14, 13, 3, 9, 2, 1]|[0, 2, 1, 2, 1, 0, 0, 2, 0, 1, 2, 1, 1, 1, 0, 0, 0, 2, 1, 0]|[0, 0, 1, 0, 1, 3, 3, 0, 3, 1, 0, 1, 1, 1, 3, 3, 3, 0, 1, 3]|[2, 1, 1, 0, 1, 0, 0, 1, 2, 1, 0, 1, 1, 1, 0, 2, 0, 1, 1, 2];[0, 19, 16, 10, 15, 11, 12, 1, 5, 14, 17, 6, 9, 7, 2, 13, 8, 4, 3, 18]|[0, 2, 1, 1, 2, 1, 0, 0, 2, 0, 1, 2, 1, 1, 0, 0, 0, 2, 1, 0]|[3, 0, 1, 1, 0, 1, 3, 0, 0, 3, 1, 0, 1, 1, 3, 3, 3, 0, 1, 3]|[1, 1, 1, 0, 0, 1, 0, 2, 1, 2, 1, 0, 1, 1, 0, 2, 0, 1, 1, 0];[0, 19, 16, 10, 15, 11, 18, 8, 5, 12, 17, 2, 7, 9, 1, 14, 6, 4, 13, 3]|[0, 2, 1, 1, 2, 1, 0, 0, 2, 0, 1, 2, 1, 1, 0, 0, 0, 2, 1, 0]|[3, 0, 1, 1, 0, 1, 3, 0, 0, 0, 1, 0, 0, 1, 3, 3, 3, 0, 1, 3]|[1, 1, 1, 0, 0, 1, 0, 2, 1, 2, 1, 0, 1, 0, 0, 2, 0, 1, 1, 0];[0, 19, 16, 10, 15, 11, 12, 1, 5, 18, 7, 2, 9, 17, 14, 8, 6, 3, 4, 13]|[0, 2, 1, 1, 2, 1, 0, 0, 2, 0, 0, 2, 0, 1, 0, 0, 0, 2, 1, 0]|[3, 0, 1, 1, 0, 1, 2, 0, 0, 0, 0, 0, 0, 1, 3, 3, 3, 0, 1, 3]|[1, 1, 1, 0, 0, 1, 0, 2, 1, 2, 1, 0, 1, 0, 0, 2, 0, 1, 1, 2];[0, 19, 16, 10, 15, 11, 12, 1, 5, 18, 7, 2, 9, 17, 14, 8, 6, 3, 4, 13]|[0, 2, 1, 1, 2, 1, 0, 0, 2, 0, 0, 2, 0, 1, 0, 0, 0, 2, 1, 0]|[3, 0, 1, 1, 0, 1, 2, 0, 0, 0, 0, 0, 0, 1, 3, 3, 3, 0, 1, 3]|[1, 1, 1, 0, 0, 1, 0, 2, 1, 2, 1, 0, 1, 0, 0, 2, 0, 1, 1, 2];[19, 5, 11, 6, 17, 12, 16, 1, 9, 15, 10, 2, 0, 3, 18, 14, 4, 13, 7, 8]|[2, 1, 1, 2, 1, 0, 2, 0, 1, 2, 1, 0, 0, 0, 0, 0, 2, 1, 1, 0]|[1, 1, 1, 0, 1, 3, 0, 0, 1, 0, 1, 3, 0, 3, 2, 3, 0, 1, 1, 3]|[1, 1, 1, 0, 1, 0, 1, 2, 1, 0, 1, 0, 0, 2, 1, 2, 1, 1, 1, 0];[19, 5, 11, 6, 17, 12, 16, 1, 9, 15, 10, 2, 0, 3, 18, 14, 4, 13, 7, 8]|[2, 1, 1, 2, 1, 0, 2, 0, 1, 2, 1, 0, 0, 0, 0, 0, 2, 1, 1, 0]|[1, 1, 1, 0, 1, 3, 0, 0, 1, 0, 1, 3, 0, 3, 2, 3, 0, 1, 1, 3]|[1, 1, 1, 0, 1, 0, 1, 2, 1, 0, 1, 0, 0, 2, 1, 2, 1, 1, 1, 0];[0, 19, 16, 10, 15, 11, 12, 18, 5, 14, 7, 2, 13, 4, 8, 1, 3, 6, 17, 9]|[0, 2, 1, 1, 2, 1, 0, 0, 2, 0, 0, 2, 1, 1, 0, 0, 0, 2, 1, 0]|[3, 0, 1, 1, 0, 0, 2, 0, 0, 0, 0, 0, 0, 1, 3, 3, 3, 0, 1, 3]|[1, 1, 1, 1, 0, 1, 0, 2, 1, 2, 1, 0, 1, 0, 0, 2, 2, 1, 1, 0];[0, 19, 16, 10, 15, 11, 12, 18, 5, 14, 7, 2, 13, 4, 8, 1, 3, 6, 17, 9]|[0, 2, 1, 1, 2, 1, 0, 0, 2, 0, 0, 2, 1, 1, 0, 0, 0, 2, 1, 0]|[3, 0, 1, 1, 0, 0, 2, 0, 0, 0, 0, 0, 0, 1, 3, 3, 3, 0, 1, 3]|[1, 1, 1, 1, 0, 1, 0, 2, 1, 2, 1, 0, 1, 0, 0, 2, 2, 1, 1, 0];[0, 19, 16, 10, 15, 11, 12, 18, 5, 14, 7, 2, 13, 4, 8, 1, 3, 6, 17, 9]|[0, 2, 1, 1, 2, 1, 0, 0, 2, 0, 0, 2, 1, 1, 0, 0, 0, 2, 1, 0]|[3, 0, 1, 1, 0, 0, 2, 0, 0, 0, 0, 0, 0, 1, 3, 3, 3, 0, 1, 3]|[1, 1, 1, 1, 0, 1, 0, 2, 1, 2, 1, 0, 1, 0, 0, 2, 2, 1, 1, 0];[0, 19, 16, 10, 15, 11, 12, 18, 5, 14, 7, 2, 13, 4, 8, 1, 3, 6, 17, 9]|[0, 2, 1, 1, 2, 1, 0, 0, 2, 0, 0, 2, 1, 1, 0, 0, 0, 2, 1, 0]|[3, 0, 1, 1, 0, 0, 2, 0, 0, 0, 0, 0, 0, 1, 3, 3, 3, 0, 1, 3]|[1, 1, 1, 1, 0, 1, 0, 2, 1, 2, 1, 0, 1, 0, 0, 2, 2, 1, 1, 0];[0, 19, 16, 10, 15, 11, 12, 1, 5, 7, 17, 6, 18, 9, 13, 3, 14, 4, 2, 8]|[0, 2, 1, 1, 2, 1, 0, 0, 2, 0, 1, 2, 1, 1, 0, 0, 0, 2, 0, 0]|[3, 0, 1, 1, 0, 1, 2, 0, 0, 0, 0, 0, 0, 1, 3, 3, 3, 0, 0, 3]|[1, 1, 1, 0, 0, 1, 0, 2, 1, 2, 1, 0, 1, 0, 0, 2, 0, 1, 1, 2];[0, 19, 16, 10, 15, 11, 12, 1, 5, 7, 17, 6, 18, 9, 13, 3, 14, 4, 2, 8]|[0, 2, 1, 1, 2, 1, 0, 0, 2, 0, 1, 2, 1, 1, 0, 0, 0, 2, 0, 0]|[3, 0, 1, 1, 0, 1, 2, 0, 0, 0, 0, 0, 0, 1, 3, 3, 3, 0, 0, 3]|[1, 1, 1, 0, 0, 1, 0, 2, 1, 2, 1, 0, 1, 0, 0, 2, 0, 1, 1, 2];[0, 16, 11, 10, 12, 1, 5, 2, 6, 7, 3, 17, 13, 9, 18, 19, 4, 15, 14, 8]|[0, 1, 1, 1, 0, 0, 2, 0, 2, 1, 1, 1, 0, 0, 0, 2, 2, 2, 1, 0]|[3, 1, 1, 1, 2, 0, 1, 0, 0, 0, 1, 0, 3, 3, 3, 0, 0, 0, 1, 3]|[1, 1, 1, 1, 0, 2, 1, 2, 0, 1, 0, 1, 0, 2, 0, 1, 1, 1, 1, 2];[0, 19, 16, 15, 6, 3, 5, 12, 18, 11, 2, 9, 10, 8, 7, 14, 13, 4, 17, 1]|[0, 2, 1, 2, 1, 0, 2, 0, 0, 1, 2, 1, 1, 1, 0, 0, 0, 2, 1, 0]|[3, 0, 1, 0, 1, 3, 0, 3, 3, 1, 0, 1, 1, 1, 3, 3, 3, 0, 1, 3]|[0, 1, 1, 0, 1, 2, 1, 2, 0, 1, 0, 1, 1, 1, 0, 2, 0, 1, 1, 2];[0, 19, 16, 15, 6, 3, 5, 12, 18, 11, 2, 9, 10, 8, 7, 14, 13, 4, 17, 1]|[0, 2, 1, 2, 1, 0, 2, 0, 0, 1, 2, 1, 1, 1, 0, 0, 0, 2, 1, 0]|[3, 0, 1, 0, 1, 3, 0, 3, 3, 1, 0, 1, 1, 1, 3, 3, 3, 0, 1, 3]|[0, 1, 1, 0, 1, 2, 1, 2, 0, 1, 0, 1, 1, 1, 0, 2, 0, 1, 1, 2];[0, 19, 16, 14, 15, 11, 12, 18, 5, 10, 7, 9, 2, 3, 13, 6, 8, 4, 17, 1]|[0, 2, 1, 1, 2, 1, 0, 0, 2, 1, 1, 1, 2, 1, 0, 0, 0, 2, 1, 0]|[3, 0, 1, 1, 0, 1, 3, 3, 0, 1, 1, 1, 0, 1, 3, 3, 3, 0, 1, 3]|[0, 1, 1, 1, 0, 1, 0, 2, 1, 1, 1, 1, 0, 1, 0, 2, 0, 1, 1, 0];[0, 19, 16, 14, 15, 11, 12, 18, 5, 10, 7, 9, 2, 3, 13, 6, 8, 4, 17, 1]|[0, 2, 1, 1, 2, 1, 0, 0, 2, 1, 1, 1, 2, 1, 0, 0, 0, 2, 1, 0]|[3, 0, 1, 1, 0, 1, 3, 3, 0, 1, 1, 1, 0, 1, 3, 3, 3, 0, 1, 3]|[0, 1, 1, 1, 0, 1, 0, 2, 1, 1, 1, 1, 0, 1, 0, 2, 0, 1, 1, 0];[0, 19, 16, 10, 15, 11, 18, 1, 5, 12, 17, 6, 9, 3, 13, 14, 2, 4, 7, 8]|[0, 2, 1, 1, 2, 1, 0, 0, 2, 0, 1, 2, 1, 1, 0, 0, 0, 2, 0, 0]|[3, 0, 1, 1, 0, 1, 2, 0, 0, 0, 0, 0, 0, 1, 3, 3, 3, 0, 0, 3]|[1, 1, 1, 0, 0, 1, 0, 2, 1, 2, 1, 0, 1, 0, 0, 2, 0, 1, 1, 1];[0, 19, 16, 10, 15, 11, 12, 8, 5, 18, 7, 6, 9, 14, 17, 13, 2, 4, 3, 1]|[0, 2, 1, 1, 2, 1, 0, 0, 2, 0, 1, 2, 1, 1, 0, 0, 0, 2, 1, 0]|[3, 0, 1, 1, 0, 0, 1, 0, 0, 0, 0, 0, 0, 1, 3, 3, 3, 0, 1, 3]|[1, 1, 1, 1, 0, 1, 0, 2, 1, 2, 1, 0, 1, 0, 0, 2, 0, 1, 1, 2];[0, 19, 5, 10, 15, 11, 18, 1, 16, 3, 17, 6, 9, 13, 12, 2, 7, 4, 14, 8]|[0, 2, 1, 1, 2, 1, 0, 0, 2, 0, 1, 2, 0, 1, 0, 0, 0, 2, 1, 0]|[3, 0, 1, 1, 0, 1, 2, 0, 0, 0, 0, 0, 0, 1, 3, 3, 3, 0, 0, 3]|[1, 1, 1, 1, 0, 1, 0, 2, 1, 2, 1, 0, 1, 0, 0, 2, 0, 1, 1, 2];[0, 19, 16, 10, 15, 11, 12, 1, 5, 18, 17, 2, 9, 7, 8, 6, 14, 4, 13, 3]|[0, 2, 1, 1, 2, 1, 0, 0, 2, 0, 1, 2, 0, 1, 0, 0, 0, 2, 0, 0]|[3, 0, 1, 1, 0, 1, 2, 0, 0, 0, 1, 0, 0, 1, 3, 3, 3, 0, 0, 3]|[1, 1, 1, 0, 0, 1, 0, 2, 1, 2, 1, 0, 1, 0, 0, 2, 0, 1, 1, 2];[19, 16, 9, 15, 11, 12, 2, 5, 8, 3, 6, 10, 13, 0, 7, 18, 4, 17, 14, 1]|[2, 1, 1, 2, 1, 0, 0, 2, 0, 1, 2, 1, 1, 0, 0, 0, 2, 1, 0, 0]|[0, 1, 1, 0, 1, 3, 3, 0, 3, 1, 0, 1, 1, 3, 3, 3, 0, 1, 3, 3]|[1, 1, 1, 0, 1, 2, 0, 1, 2, 1, 0, 1, 1, 0, 2, 0, 1, 1, 2, 0];[0, 19, 16, 10, 15, 11, 12, 1, 5, 18, 17, 2, 9, 7, 8, 6, 14, 4, 13, 3]|[0, 2, 1, 1, 2, 1, 0, 0, 2, 0, 1, 2, 0, 1, 0, 0, 0, 2, 0, 0]|[3, 0, 1, 1, 0, 1, 2, 0, 0, 0, 1, 0, 0, 1, 3, 3, 3, 0, 0, 3]|[1, 1, 1, 0, 0, 1, 0, 2, 1, 2, 1, 0, 1, 0, 0, 2, 0, 1, 1, 2]	sBp=[0, 19, 16, 10, 15, 11, 12, 1, 4, 3, 17, 14, 9, 2, 13, 7, 8, 5, 6, 18]|[0, 2, 1, 1, 2, 1, 0, 0, 2, 0, 1, 2, 1, 1, 0, 0, 0, 2, 0, 0]|[3, 0, 1, 1, 0, 1, 2, 0, 0, 3, 1, 0, 1, 1, 3, 3, 3, 0, 0, 3]|[1, 1, 1, 1, 0, 1, 0, 2, 1, 2, 1, 0, 1, 1, 0, 2, 0, 1, 1, 2];[0, 19, 16, 10, 15, 11, 12, 1, 5, 14, 17, 4, 9, 7, 2, 13, 18, 6, 3, 8]|[0, 2, 1, 1, 2, 1, 0, 0, 2, 0, 1, 2, 1, 1, 0, 0, 0, 2, 1, 0]|[3, 0, 1, 1, 0, 1, 2, 0, 0, 0, 1, 0, 1, 1, 3, 3, 3, 0, 1, 3]|[1, 1, 1, 0, 0, 1, 0, 2, 1, 2, 1, 0, 1, 1, 0, 2, 0, 1, 1, 2];[18, 5, 1, 12, 11, 15, 10, 16, 19, 7, 4, 14, 17, 13, 0, 9, 2, 8, 6, 3]|[0, 2, 0, 0, 1, 2, 1, 1, 2, 0, 2, 0, 1, 0, 0, 0, 2, 0, 0, 0]|[2, 0, 0, 3, 1, 0, 1, 1, 0, 3, 0, 0, 1, 3, 3, 0, 0, 3, 3, 3]|[2, 1, 2, 0, 1, 0, 0, 1, 1, 1, 0, 1, 1, 0, 2, 1, 1, 0, 2, 0];[18, 5, 1, 12, 11, 15, 10, 16, 19, 7, 4, 14, 17, 13, 0, 9, 2, 8, 6, 3]|[0, 2, 0, 0, 1, 2, 1, 1, 2, 0, 2, 0, 1, 0, 0, 0, 2, 0, 0, 0]|[2, 0, 0, 3, 1, 0, 1, 1, 0, 3, 0, 0, 1, 3, 3, 0, 0, 3, 3, 3]|[2, 1, 2, 0, 1, 0, 0, 1, 1, 1, 0, 1, 1, 0, 2, 1, 1, 0, 2, 0];[0, 19, 16, 10, 15, 11, 12, 18, 5, 3, 17, 2, 7, 9, 6, 14, 8, 4, 13, 1]|[0, 2, 1, 1, 2, 1, 0, 0, 2, 0, 1, 2, 1, 1, 0, 0, 0, 2, 1, 0]|[3, 0, 1, 1, 0, 1, 2, 0, 0, 0, 1, 0, 1, 1, 3, 3, 3, 0, 1, 3]|[1, 1, 1, 0, 0, 1, 0, 2, 1, 2, 1, 0, 1, 1, 0, 2, 0, 1, 1, 0];[14, 19, 5, 10, 15, 11, 13, 12, 4, 3, 7, 2, 9, 6, 8, 18, 16, 17, 0, 1]|[0, 2, 1, 1, 2, 1, 0, 1, 2, 0, 1, 2, 1, 1, 0, 0, 2, 0, 0, 0]|[3, 0, 1, 1, 0, 1, 3, 1, 0, 3, 1, 0, 1, 1, 3, 3, 0, 3, 3, 3]|[2, 1, 1, 1, 0, 1, 0, 1, 1, 2, 1, 0, 1, 1, 0, 2, 1, 0, 2, 0];[14, 19, 5, 10, 15, 11, 13, 12, 4, 3, 7, 2, 9, 6, 8, 18, 16, 17, 0, 1]|[0, 2, 1, 1, 2, 1, 0, 1, 2, 0, 1, 2, 1, 1, 0, 0, 2, 0, 0, 0]|[3, 0, 1, 1, 0, 1, 3, 1, 0, 3, 1, 0, 1, 1, 3, 3, 0, 3, 3, 3]|[2, 1, 1, 1, 0, 1, 0, 1, 1, 2, 1, 0, 1, 1, 0, 2, 1, 0, 2, 0];[3, 12, 5, 8, 17, 11, 15, 10, 16, 19, 0, 2, 9, 6, 18, 1, 13, 4, 7, 14]|[0, 0, 2, 0, 0, 1, 2, 1, 1, 2, 0, 2, 0, 1, 0, 0, 0, 2, 0, 0]|[3, 0, 0, 0, 0, 1, 0, 1, 1, 0, 3, 0, 0, 1, 3, 3, 3, 0, 3, 3]|[0, 2, 1, 2, 2, 1, 0, 0, 1, 1, 1, 0, 1, 1, 0, 0, 2, 1, 1, 0];[3, 12, 5, 8, 17, 11, 15, 10, 16, 19, 0, 2, 9, 6, 18, 1, 13, 4, 7, 14]|[0, 0, 2, 0, 0, 1, 2, 1, 1, 2, 0, 2, 0, 1, 0, 0, 0, 2, 0, 0]|[3, 0, 0, 0, 0, 1, 0, 1, 1, 0, 3, 0, 0, 1, 3, 3, 3, 0, 3, 3]|[0, 2, 1, 2, 2, 1, 0, 0, 1, 1, 1, 0, 1, 1, 0, 0, 2, 1, 1, 0];[0, 19, 16, 15, 12, 1, 5, 7, 6, 10, 14, 18, 2, 4, 9, 13, 11, 17, 3, 8]|[0, 2, 1, 2, 0, 0, 2, 0, 2, 1, 0, 0, 0, 2, 1, 1, 1, 1, 1, 0]|[3, 0, 1, 0, 2, 0, 0, 0, 0, 1, 3, 3, 3, 0, 1, 1, 1, 1, 1, 3]|[1, 1, 1, 0, 2, 0, 1, 2, 0, 1, 0, 2, 0, 1, 1, 1, 1, 1, 1, 2];[0, 4, 5, 10, 15, 11, 18, 1, 16, 7, 17, 2, 9, 14, 12, 6, 3, 19, 13, 8]|[0, 2, 1, 1, 2, 1, 0, 0, 2, 0, 1, 2, 1, 1, 0, 0, 0, 2, 1, 0]|[3, 0, 1, 1, 0, 0, 2, 0, 0, 0, 1, 0, 1, 1, 3, 3, 3, 0, 1, 3]|[1, 1, 1, 0, 0, 1, 0, 2, 1, 2, 1, 0, 1, 1, 0, 2, 0, 1, 1, 2];[18, 1, 5, 12, 11, 15, 10, 16, 19, 0, 2, 9, 17, 7, 14, 13, 4, 6, 3, 8]|[0, 0, 2, 0, 1, 2, 1, 1, 2, 0, 2, 0, 1, 0, 0, 0, 2, 0, 0, 0]|[0, 0, 0, 2, 1, 0, 1, 1, 0, 3, 0, 0, 1, 0, 3, 3, 0, 3, 3, 3]|[2, 2, 1, 0, 1, 0, 0, 1, 1, 1, 0, 1, 0, 1, 0, 0, 1, 2, 1, 0];[18, 1, 5, 12, 11, 15, 10, 16, 19, 0, 2, 9, 17, 7, 14, 13, 4, 6, 3, 8]|[0, 0, 2, 0, 1, 2, 1, 1, 2, 0, 2, 0, 1, 0, 0, 0, 2, 0, 0, 0]|[0, 0, 0, 2, 1, 0, 1, 1, 0, 3, 0, 0, 1, 0, 3, 3, 0, 3, 3, 3]|[2, 2, 1, 0, 1, 0, 0, 1, 1, 1, 0, 1, 0, 1, 0, 0, 1, 2, 1, 0];[12, 11, 15, 10, 16, 19, 0, 5, 14, 7, 2, 17, 13, 8, 3, 1, 4, 9, 18, 6]|[0, 1, 2, 1, 1, 2, 0, 2, 0, 0, 2, 1, 0, 0, 0, 0, 2, 0, 0, 0]|[3, 1, 0, 1, 1, 0, 3, 0, 0, 0, 0, 1, 3, 3, 3, 0, 0, 0, 0, 3]|[0, 1, 0, 0, 1, 1, 1, 1, 2, 2, 0, 1, 0, 0, 0, 2, 1, 1, 2, 2];[12, 11, 15, 10, 16, 19, 0, 5, 14, 7, 2, 17, 13, 8, 3, 1, 4, 9, 18, 6]|[0, 1, 2, 1, 1, 2, 0, 2, 0, 0, 2, 1, 0, 0, 0, 0, 2, 0, 0, 0]|[3, 1, 0, 1, 1, 0, 3, 0, 0, 0, 0, 1, 3, 3, 3, 0, 0, 0, 0, 3]|[0, 1, 0, 0, 1, 1, 1, 1, 2, 2, 0, 1, 0, 0, 0, 2, 1, 1, 2, 2];[6, 19, 16, 10, 15, 11, 12, 3, 17, 8, 13, 2, 9, 1, 5, 7, 18, 4, 14, 0]|[0, 2, 1, 1, 2, 1, 0, 0, 1, 0, 0, 2, 0, 0, 2, 0, 0, 2, 0, 0]|[3, 0, 1, 1, 0, 1, 2, 3, 1, 3, 3, 0, 2, 0, 0, 0, 0, 0, 3, 3]|[0, 1, 1, 0, 0, 1, 2, 2, 1, 0, 0, 0, 1, 2, 1, 1, 2, 1, 1, 0];[6, 19, 16, 10, 15, 11, 12, 3, 17, 8, 13, 2, 9, 1, 5, 7, 18, 4, 14, 0]|[0, 2, 1, 1, 2, 1, 0, 0, 1, 0, 0, 2, 0, 0, 2, 0, 0, 2, 0, 0]|[3, 0, 1, 1, 0, 1, 2, 3, 1, 3, 3, 0, 2, 0, 0, 0, 0, 0, 3, 3]|[0, 1, 1, 0, 0, 1, 2, 2, 1, 0, 0, 0, 1, 2, 1, 1, 2, 1, 1, 0];[0, 19, 16, 10, 15, 11, 12, 18, 5, 7, 17, 1, 9, 3, 6, 13, 8, 4, 2, 14]|[0, 2, 1, 1, 2, 1, 0, 0, 2, 0, 1, 2, 1, 1, 0, 0, 0, 2, 1, 0]|[3, 0, 1, 1, 0, 0, 2, 0, 0, 0, 1, 0, 1, 1, 3, 3, 3, 0, 1, 3]|[1, 1, 1, 0, 0, 1, 0, 2, 1, 2, 1, 0, 1, 1, 0, 2, 0, 1, 1, 2];[0, 19, 16, 10, 15, 11, 12, 1, 5, 7, 17, 4, 9, 14, 18, 13, 2, 6, 3, 8]|[0, 2, 1, 1, 2, 1, 0, 0, 2, 0, 1, 2, 1, 1, 0, 0, 0, 2, 1, 0]|[3, 0, 1, 1, 0, 1, 2, 0, 0, 0, 1, 0, 1, 1, 3, 3, 3, 0, 1, 3]|[1, 1, 1, 0, 0, 1, 0, 2, 1, 2, 1, 0, 1, 1, 0, 2, 0, 1, 1, 2];[12, 5, 8, 3, 11, 15, 10, 16, 19, 0, 17, 2, 9, 6, 1, 13, 14, 4, 7, 18]|[0, 2, 0, 0, 1, 2, 1, 1, 2, 0, 0, 2, 0, 1, 0, 0, 0, 2, 0, 0]|[0, 0, 0, 3, 1, 0, 1, 1, 0, 3, 0, 0, 0, 1, 3, 3, 3, 0, 3, 3]|[2, 1, 2, 0, 1, 0, 0, 1, 1, 1, 1, 0, 1, 1, 0, 2, 0, 1, 1, 0];[12, 5, 8, 3, 11, 15, 10, 16, 19, 0, 17, 2, 9, 6, 1, 13, 14, 4, 7, 18]|[0, 2, 0, 0, 1, 2, 1, 1, 2, 0, 0, 2, 0, 1, 0, 0, 0, 2, 0, 0]|[0, 0, 0, 3, 1, 0, 1, 1, 0, 3, 0, 0, 0, 1, 3, 3, 3, 0, 3, 3]|[2, 1, 2, 0, 1, 0, 0, 1, 1, 1, 1, 0, 1, 1, 0, 2, 0, 1, 1, 0];[0, 19, 16, 10, 15, 11, 12, 18, 5, 1, 17, 2, 9, 7, 6, 8, 13, 4, 14, 3]|[0, 2, 1, 1, 2, 1, 0, 0, 2, 0, 1, 2, 1, 1, 0, 0, 0, 2, 1, 0]|[3, 0, 1, 1, 0, 1, 2, 0, 0, 3, 1, 0, 1, 1, 3, 3, 3, 0, 1, 3]|[1, 1, 1, 0, 0, 1, 2, 0, 1, 2, 1, 1, 1, 1, 0, 2, 0, 1, 1, 0];[19, 16, 15, 12, 1, 0, 5, 14, 2, 13, 3, 8, 6, 4, 17, 9, 10, 11, 18, 7]|[2, 1, 2, 0, 0, 0, 2, 1, 2, 1, 0, 0, 0, 2, 1, 1, 1, 1, 0, 0]|[0, 1, 0, 3, 3, 3, 0, 1, 0, 1, 3, 3, 3, 0, 1, 1, 1, 1, 3, 3]|[1, 1, 0, 0, 2, 0, 1, 1, 0, 1, 0, 2, 0, 1, 1, 1, 1, 1, 2, 0];[19, 16, 15, 12, 1, 0, 5, 14, 2, 13, 3, 8, 6, 4, 17, 9, 10, 11, 18, 7]|[2, 1, 2, 0, 0, 0, 2, 1, 2, 1, 0, 0, 0, 2, 1, 1, 1, 1, 0, 0]|[0, 1, 0, 3, 3, 3, 0, 1, 0, 1, 3, 3, 3, 0, 1, 1, 1, 1, 3, 3]|[1, 1, 0, 0, 2, 0, 1, 1, 0, 1, 0, 2, 0, 1, 1, 1, 1, 1, 2, 0];[0, 19, 16, 10, 15, 11, 12, 1, 5, 7, 17, 6, 9, 3, 13, 8, 14, 2, 4, 18]|[0, 2, 1, 1, 2, 1, 0, 0, 2, 0, 1, 2, 0, 1, 0, 0, 0, 2, 1, 0]|[3, 0, 1, 1, 0, 1, 2, 0, 0, 0, 0, 0, 0, 1, 3, 3, 3, 0, 1, 3]|[1, 1, 1, 0, 0, 1, 0, 2, 1, 2, 1, 0, 1, 0, 0, 2, 0, 1, 1, 2];[0, 19, 16, 10, 15, 11, 18, 8, 5, 12, 17, 6, 7, 9, 14, 2, 13, 4, 3, 1]|[0, 2, 1, 1, 2, 1, 0, 0, 2, 0, 1, 2, 1, 1, 0, 0, 0, 2, 1, 1]|[3, 0, 1, 1, 0, 1, 3, 0, 0, 0, 1, 0, 0, 1, 3, 3, 3, 0, 1, 1]|[1, 1, 1, 0, 0, 1, 0, 2, 1, 2, 1, 0, 1, 0, 0, 2, 0, 1, 1, 1];[0, 19, 16, 10, 15, 11, 12, 1, 5, 14, 17, 4, 9, 7, 8, 3, 13, 6, 2, 18]|[0, 2, 1, 1, 2, 1, 0, 0, 2, 0, 1, 2, 1, 1, 0, 0, 0, 2, 1, 0]|[3, 0, 1, 1, 0, 1, 2, 0, 0, 3, 1, 0, 1, 1, 3, 3, 3, 0, 1, 3]|[1, 1, 1, 0, 0, 1, 0, 2, 1, 2, 1, 0, 1, 0, 0, 2, 0, 1, 1, 0];[0, 19, 16, 10, 15, 11, 12, 1, 5, 14, 6, 3, 9, 7, 13, 18, 17, 4, 2, 8]|[0, 2, 1, 1, 2, 1, 0, 0, 2, 0, 1, 2, 1, 1, 0, 0, 0, 2, 1, 0]|[3, 0, 1, 1, 0, 1, 2, 0, 0, 3, 1, 0, 1, 1, 3, 3, 3, 0, 1, 3]|[1, 1, 1, 0, 0, 1, 0, 2, 1, 2, 1, 0, 1, 0, 0, 2, 0, 1, 1, 0];[19, 5, 10, 15, 11, 12, 8, 16, 14, 2, 17, 3, 9, 13, 0, 18, 7, 4, 6, 1]|[2, 1, 1, 2, 1, 0, 0, 2, 0, 0, 1, 2, 1, 1, 0, 0, 0, 2, 1, 0]|[0, 1, 1, 0, 1, 3, 3, 0, 3, 3, 1, 0, 1, 1, 3, 3, 3, 0, 1, 3]|[1, 1, 1, 0, 1, 0, 2, 1, 0, 2, 1, 0, 1, 1, 0, 2, 0, 1, 1, 2];[19, 5, 10, 15, 11, 12, 8, 16, 14, 2, 17, 3, 9, 13, 0, 18, 7, 4, 6, 1]|[2, 1, 1, 2, 1, 0, 0, 2, 0, 0, 1, 2, 1, 1, 0, 0, 0, 2, 1, 0]|[0, 1, 1, 0, 1, 3, 3, 0, 3, 3, 1, 0, 1, 1, 3, 3, 3, 0, 1, 3]|[1, 1, 1, 0, 1, 0, 2, 1, 0, 2, 1, 0, 1, 1, 0, 2, 0, 1, 1, 2];[19, 16, 10, 15, 11, 12, 17, 3, 1, 18, 6, 9, 5, 0, 7, 2, 13, 4, 14, 8]|[2, 1, 1, 2, 1, 0, 0, 2, 0, 0, 2, 0, 1, 0, 0, 0, 0, 2, 0, 0]|[0, 1, 1, 0, 1, 0, 3, 0, 0, 0, 0, 0, 1, 3, 3, 3, 3, 0, 3, 3]|[1, 1, 0, 0, 1, 2, 1, 1, 2, 1, 0, 1, 1, 0, 0, 2, 0, 1, 2, 0];[19, 16, 10, 15, 11, 12, 17, 3, 1, 18, 6, 9, 5, 0, 7, 2, 13, 4, 14, 8]|[2, 1, 1, 2, 1, 0, 0, 2, 0, 0, 2, 0, 1, 0, 0, 0, 0, 2, 0, 0]|[0, 1, 1, 0, 1, 0, 3, 0, 0, 0, 0, 0, 1, 3, 3, 3, 3, 0, 3, 3]|[1, 1, 0, 0, 1, 2, 1, 1, 2, 1, 0, 1, 1, 0, 0, 2, 0, 1, 2, 0];[0, 19, 16, 10, 15, 11, 18, 12, 5, 3, 17, 2, 9, 8, 13, 14, 7, 4, 6, 1]|[0, 2, 1, 1, 2, 1, 0, 0, 2, 0, 1, 2, 1, 1, 0, 0, 0, 2, 1, 0]|[3, 0, 1, 1, 0, 1, 3, 1, 0, 3, 1, 0, 1, 1, 3, 3, 3, 0, 1, 3]|[1, 1, 1, 0, 0, 1, 0, 2, 1, 2, 1, 0, 1, 1, 0, 2, 0, 1, 1, 2];[0, 19, 16, 10, 15, 11, 12, 1, 5, 18, 7, 6, 9, 3, 14, 17, 2, 4, 8, 13]|[0, 2, 1, 1, 2, 1, 0, 0, 2, 0, 1, 2, 1, 1, 0, 0, 0, 2, 1, 0]|[3, 0, 1, 1, 0, 1, 2, 0, 0, 3, 1, 0, 1, 1, 3, 3, 3, 0, 1, 3]|[1, 1, 1, 0, 0, 1, 0, 2, 1, 2, 1, 0, 1, 1, 0, 2, 0, 1, 1, 0];[14, 19, 5, 10, 15, 11, 8, 12, 16, 1, 17, 4, 9, 13, 2, 18, 0, 6, 3, 7]|[0, 2, 1, 1, 2, 1, 0, 0, 2, 0, 1, 2, 1, 1, 0, 0, 0, 2, 1, 0]|[3, 0, 1, 1, 0, 1, 3, 3, 0, 3, 1, 0, 1, 1, 3, 3, 3, 0, 1, 3]|[0, 1, 1, 0, 0, 1, 2, 0, 1, 2, 1, 0, 1, 1, 0, 2, 0, 1, 1, 2];[14, 19, 5, 10, 15, 11, 8, 12, 16, 1, 17, 4, 9, 13, 2, 18, 0, 6, 3, 7]|[0, 2, 1, 1, 2, 1, 0, 0, 2, 0, 1, 2, 1, 1, 0, 0, 0, 2, 1, 0]|[3, 0, 1, 1, 0, 1, 3, 3, 0, 3, 1, 0, 1, 1, 3, 3, 3, 0, 1, 3]|[0, 1, 1, 0, 0, 1, 2, 0, 1, 2, 1, 0, 1, 1, 0, 2, 0, 1, 1, 2];[2, 19, 5, 10, 15, 11, 18, 16, 1, 3, 14, 7, 6, 8, 12, 17, 4, 9, 13, 0]|[0, 2, 1, 1, 2, 1, 0, 2, 0, 1, 2, 0, 0, 0, 0, 1, 2, 1, 1, 0]|[3, 0, 1, 1, 0, 1, 3, 0, 3, 1, 0, 3, 3, 3, 3, 1, 0, 1, 1, 3]|[0, 1, 1, 1, 0, 1, 2, 1, 0, 1, 1, 0, 2, 0, 2, 1, 0, 1, 1, 0];[2, 19, 5, 10, 15, 11, 18, 16, 1, 3, 14, 7, 6, 8, 12, 17, 4, 9, 13, 0]|[0, 2, 1, 1, 2, 1, 0, 2, 0, 1, 2, 0, 0, 0, 0, 1, 2, 1, 1, 0]|[3, 0, 1, 1, 0, 1, 3, 0, 3, 1, 0, 3, 3, 3, 3, 1, 0, 1, 1, 3]|[0, 1, 1, 1, 0, 1, 2, 1, 0, 1, 1, 0, 2, 0, 2, 1, 0, 1, 1, 0];[12, 8, 4, 3, 13, 14, 17, 9, 2, 7, 18, 5, 1, 6, 11, 15, 10, 16, 19, 0]|[0, 0, 2, 0, 0, 0, 1, 0, 2, 0, 0, 2, 0, 0, 1, 2, 1, 1, 2, 0]|[3, 0, 0, 3, 3, 3, 1, 0, 0, 0, 0, 0, 0, 3, 1, 0, 1, 1, 0, 3]|[2, 1, 1, 0, 2, 0, 1, 1, 0, 1, 2, 1, 2, 0, 1, 0, 0, 1, 1, 1];[12, 8, 4, 3, 13, 14, 17, 9, 2, 7, 18, 5, 1, 6, 11, 15, 10, 16, 19, 0]|[0, 0, 2, 0, 0, 0, 1, 0, 2, 0, 0, 2, 0, 0, 1, 2, 1, 1, 2, 0]|[3, 0, 0, 3, 3, 3, 1, 0, 0, 0, 0, 0, 0, 3, 1, 0, 1, 1, 0, 3]|[2, 1, 1, 0, 2, 0, 1, 1, 0, 1, 2, 1, 2, 0, 1, 0, 0, 1, 1, 1];[0, 19, 16, 10, 15, 11, 12, 1, 5, 18, 17, 3, 9, 6, 8, 2, 7, 4, 14, 13]|[0, 2, 1, 1, 2, 1, 0, 0, 2, 0, 1, 2, 1, 1, 0, 0, 0, 2, 1, 0]|[3, 0, 1, 1, 0, 1, 2, 3, 0, 2, 1, 0, 1, 1, 3, 3, 3, 0, 1, 3]|[0, 1, 1, 0, 0, 1, 0, 2, 1, 2, 1, 0, 1, 1, 0, 2, 2, 1, 1, 0];[0, 19, 16, 11, 2, 18, 5, 1, 12, 10, 15, 9, 17, 14, 13, 6, 4, 3, 7, 8]|[0, 2, 1, 1, 2, 0, 2, 0, 0, 1, 2, 1, 1, 0, 0, 0, 2, 1, 1, 0]|[2, 1, 1, 1, 0, 0, 0, 0, 3, 1, 0, 0, 1, 3, 3, 3, 0, 1, 1, 3]|[1, 1, 1, 1, 0, 2, 1, 2, 0, 1, 0, 1, 0, 0, 2, 0, 1, 1, 1, 2];[0, 19, 16, 11, 2, 18, 5, 1, 12, 10, 15, 9, 17, 14, 13, 6, 4, 3, 7, 8]|[0, 2, 1, 1, 2, 0, 2, 0, 0, 1, 2, 1, 1, 0, 0, 0, 2, 1, 1, 0]|[2, 1, 1, 1, 0, 0, 0, 0, 3, 1, 0, 0, 1, 3, 3, 3, 0, 1, 1, 3]|[1, 1, 1, 1, 0, 2, 1, 2, 0, 1, 0, 1, 0, 0, 2, 0, 1, 1, 1, 2];[0, 19, 5, 10, 15, 11, 18, 1, 16, 7, 12, 6, 9, 13, 17, 2, 3, 4, 8, 14]|[0, 2, 1, 1, 2, 1, 0, 0, 2, 0, 1, 2, 1, 1, 0, 0, 0, 2, 1, 0]|[3, 0, 1, 1, 0, 1, 2, 0, 0, 0, 0, 0, 0, 1, 3, 3, 3, 0, 1, 3]|[1, 1, 1, 1, 0, 1, 0, 2, 1, 1, 1, 0, 1, 0, 0, 2, 2, 1, 1, 0];[0, 19, 6, 10, 15, 11, 18, 1, 16, 12, 17, 3, 9, 7, 8, 2, 13, 4, 5, 14]|[0, 2, 1, 1, 2, 1, 0, 0, 2, 0, 1, 2, 1, 1, 0, 0, 0, 2, 1, 0]|[3, 0, 1, 1, 0, 1, 2, 0, 0, 0, 1, 0, 0, 1, 3, 3, 3, 0, 1, 3]|[1, 1, 1, 1, 0, 1, 0, 2, 1, 2, 1, 0, 1, 0, 0, 2, 0, 1, 1, 2];[0, 19, 16, 10, 15, 11, 12, 8, 5, 18, 17, 2, 9, 3, 6, 1, 14, 4, 7, 13]|[0, 2, 1, 1, 2, 1, 0, 0, 2, 0, 1, 2, 1, 1, 0, 0, 0, 2, 1, 0]|[3, 0, 1, 1, 0, 1, 3, 2, 0, 3, 1, 0, 1, 1, 3, 3, 3, 0, 1, 3]|[0, 1, 1, 0, 0, 1, 0, 2, 1, 2, 1, 0, 1, 1, 0, 2, 0, 1, 1, 0];[0, 19, 16, 10, 15, 11, 12, 1, 5, 7, 17, 6, 9, 14, 8, 3, 13, 2, 4, 18]|[0, 2, 1, 1, 2, 1, 0, 0, 2, 0, 1, 2, 0, 1, 0, 0, 0, 2, 1, 0]|[3, 0, 1, 1, 0, 1, 2, 0, 0, 0, 1, 0, 0, 1, 3, 3, 3, 0, 0, 3]|[1, 1, 1, 1, 0, 1, 0, 2, 1, 2, 1, 0, 1, 0, 0, 2, 0, 1, 1, 2];[0, 19, 16, 10, 15, 11, 12, 1, 5, 7, 17, 6, 9, 14, 8, 3, 13, 2, 4, 18]|[0, 2, 1, 1, 2, 1, 0, 0, 2, 0, 1, 2, 0, 1, 0, 0, 0, 2, 1, 0]|[3, 0, 1, 1, 0, 1, 2, 0, 0, 0, 1, 0, 0, 1, 3, 3, 3, 0, 0, 3]|[1, 1, 1, 1, 0, 1, 0, 2, 1, 2, 1, 0, 1, 0, 0, 2, 0, 1, 1, 2];[0, 19, 16, 10, 15, 11, 12, 18, 5, 3, 17, 4, 9, 1, 8, 13, 7, 6, 2, 14]|[0, 2, 1, 1, 2, 1, 0, 0, 2, 0, 1, 2, 1, 1, 0, 0, 0, 2, 1, 0]|[3, 0, 1, 1, 0, 1, 2, 0, 0, 0, 0, 0, 0, 1, 3, 3, 3, 0, 1, 3]|[1, 1, 1, 1, 0, 1, 0, 2, 1, 2, 1, 0, 1, 0, 0, 2, 0, 1, 1, 0];[0, 19, 16, 10, 15, 11, 12, 18, 5, 3, 17, 2, 9, 7, 14, 1, 6, 4, 13, 8]|[0, 2, 1, 1, 2, 1, 0, 0, 2, 0, 1, 2, 1, 1, 0, 0, 0, 2, 1, 0]|[3, 0, 1, 1, 0, 1, 3, 0, 0, 3, 1, 0, 1, 1, 3, 3, 3, 0, 1, 3]|[0, 1, 1, 1, 0, 1, 2, 0, 1, 2, 1, 0, 1, 1, 0, 2, 0, 1, 1, 0];[0, 19, 16, 10, 15, 11, 12, 14, 5, 1, 17, 2, 9, 3, 8, 6, 18, 4, 13, 7]|[0, 2, 1, 1, 2, 1, 0, 0, 2, 0, 1, 2, 1, 1, 0, 0, 0, 2, 1, 0]|[3, 0, 1, 1, 0, 1, 3, 3, 0, 3, 1, 0, 1, 1, 3, 3, 3, 0, 1, 3]|[0, 1, 1, 1, 1, 1, 2, 0, 1, 2, 1, 0, 1, 1, 0, 2, 0, 1, 1, 0];[0, 19, 16, 10, 15, 11, 12, 14, 5, 1, 17, 2, 9, 3, 8, 6, 18, 4, 13, 7]|[0, 2, 1, 1, 2, 1, 0, 0, 2, 0, 1, 2, 1, 1, 0, 0, 0, 2, 1, 0]|[3, 0, 1, 1, 0, 1, 3, 3, 0, 3, 1, 0, 1, 1, 3, 3, 3, 0, 1, 3]|[0, 1, 1, 1, 1, 1, 2, 0, 1, 2, 1, 0, 1, 1, 0, 2, 0, 1, 1, 0];[19, 5, 10, 15, 11, 2, 16, 8, 1, 9, 3, 17, 12, 0, 13, 6, 14, 4, 7, 18]|[2, 1, 1, 2, 1, 0, 2, 0, 1, 1, 2, 1, 0, 0, 0, 0, 1, 2, 0, 0]|[0, 1, 1, 0, 1, 3, 0, 3, 1, 1, 0, 1, 3, 3, 3, 3, 1, 0, 3, 3]|[1, 1, 0, 0, 1, 2, 1, 0, 1, 1, 0, 1, 2, 0, 2, 0, 1, 1, 2, 0];[0, 19, 5, 10, 15, 11, 18, 1, 16, 7, 12, 4, 2, 9, 17, 3, 6, 14, 13, 8]|[0, 2, 1, 1, 2, 1, 0, 0, 2, 0, 1, 2, 1, 1, 0, 0, 0, 2, 1, 0]|[3, 0, 1, 1, 0, 0, 2, 0, 0, 0, 1, 0, 1, 1, 3, 3, 3, 0, 1, 3]|[1, 1, 1, 0, 0, 1, 2, 0, 1, 2, 1, 0, 1, 0, 0, 2, 0, 1, 1, 2];[0, 19, 5, 10, 15, 11, 18, 1, 16, 7, 12, 4, 2, 9, 17, 3, 6, 14, 13, 8]|[0, 2, 1, 1, 2, 1, 0, 0, 2, 0, 1, 2, 1, 1, 0, 0, 0, 2, 1, 0]|[3, 0, 1, 1, 0, 0, 2, 0, 0, 0, 1, 0, 1, 1, 3, 3, 3, 0, 1, 3]|[1, 1, 1, 0, 0, 1, 2, 0, 1, 2, 1, 0, 1, 0, 0, 2, 0, 1, 1, 2];[0, 19, 16, 10, 15, 11, 12, 18, 5, 6, 17, 8, 9, 13, 3, 1, 7, 4, 14, 2]|[0, 2, 1, 1, 2, 1, 0, 0, 2, 0, 1, 2, 1, 1, 0, 0, 0, 2, 1, 0]|[3, 0, 1, 1, 0, 0, 2, 0, 0, 3, 1, 0, 1, 1, 3, 3, 3, 0, 1, 3]|[0, 1, 1, 0, 0, 1, 0, 2, 1, 2, 1, 0, 1, 1, 0, 2, 0, 1, 1, 2];[0, 19, 16, 10, 15, 11, 12, 8, 5, 14, 17, 2, 3, 9, 18, 1, 6, 4, 13, 7]|[0, 2, 1, 1, 2, 1, 0, 0, 2, 0, 1, 2, 1, 1, 0, 0, 0, 2, 1, 0]|[3, 0, 1, 1, 0, 1, 2, 0, 0, 3, 1, 0, 1, 1, 3, 3, 3, 0, 1, 3]|[1, 1, 1, 0, 0, 1, 0, 2, 1, 2, 1, 0, 1, 1, 0, 2, 0, 1, 1, 0];[0, 19, 16, 10, 15, 11, 12, 1, 5, 14, 17, 4, 9, 13, 18, 7, 3, 2, 6, 8]|[0, 2, 1, 1, 2, 1, 0, 0, 2, 0, 1, 2, 1, 1, 0, 0, 0, 2, 1, 0]|[3, 0, 1, 1, 0, 1, 2, 0, 0, 0, 0, 0, 0, 1, 3, 3, 3, 0, 1, 3]|[1, 1, 1, 1, 0, 1, 0, 2, 1, 2, 1, 0, 1, 0, 0, 2, 0, 1, 1, 2];[0, 19, 16, 10, 15, 11, 12, 1, 5, 18, 17, 4, 9, 14, 8, 3, 13, 6, 2, 7]|[0, 2, 1, 1, 2, 1, 0, 0, 2, 0, 1, 2, 1, 1, 0, 0, 0, 2, 1, 0]|[3, 0, 1, 1, 0, 1, 3, 0, 0, 3, 1, 0, 1, 1, 3, 3, 3, 0, 1, 3]|[2, 1, 1, 1, 0, 1, 0, 0, 1, 2, 1, 0, 1, 1, 0, 2, 0, 1, 1, 0];[0, 19, 16, 10, 15, 11, 18, 8, 5, 12, 3, 6, 9, 7, 14, 13, 1, 4, 2, 17]|[0, 2, 1, 1, 2, 1, 0, 0, 2, 0, 1, 2, 1, 1, 0, 0, 0, 2, 1, 0]|[3, 0, 1, 1, 0, 1, 3, 2, 0, 3, 1, 0, 1, 1, 3, 3, 3, 0, 1, 3]|[1, 1, 1, 0, 0, 1, 0, 2, 1, 2, 1, 0, 1, 1, 0, 2, 0, 1, 1, 2];[0, 19, 16, 15, 11, 8, 12, 18, 5, 3, 17, 2, 9, 10, 14, 1, 13, 4, 6, 7]|[0, 2, 1, 2, 1, 1, 0, 0, 2, 0, 1, 2, 1, 1, 0, 0, 0, 2, 1, 0]|[3, 0, 1, 0, 1, 1, 3, 3, 0, 3, 1, 0, 1, 1, 3, 3, 3, 0, 1, 3]|[2, 1, 1, 0, 1, 1, 0, 0, 1, 2, 1, 0, 1, 1, 0, 2, 0, 1, 1, 0];[0, 19, 16, 15, 11, 8, 12, 18, 5, 3, 17, 2, 9, 10, 14, 1, 13, 4, 6, 7]|[0, 2, 1, 2, 1, 1, 0, 0, 2, 0, 1, 2, 1, 1, 0, 0, 0, 2, 1, 0]|[3, 0, 1, 0, 1, 1, 3, 3, 0, 3, 1, 0, 1, 1, 3, 3, 3, 0, 1, 3]|[2, 1, 1, 0, 1, 1, 0, 0, 1, 2, 1, 0, 1, 1, 0, 2, 0, 1, 1, 0];[0, 19, 16, 10, 15, 11, 12, 18, 5, 14, 3, 1, 9, 17, 2, 8, 13, 4, 6, 7]|[0, 2, 1, 1, 2, 1, 0, 0, 2, 0, 1, 2, 1, 1, 0, 0, 0, 2, 1, 0]|[3, 0, 1, 1, 0, 1, 2, 0, 0, 0, 1, 0, 1, 1, 3, 3, 3, 0, 1, 3]|[1, 1, 1, 1, 0, 1, 0, 2, 1, 2, 1, 0, 1, 1, 0, 2, 0, 1, 1, 0];[0, 19, 16, 10, 15, 11, 18, 8, 5, 12, 2, 6, 7, 17, 9, 1, 3, 4, 13, 14]|[0, 2, 1, 1, 2, 1, 0, 0, 2, 0, 1, 2, 1, 1, 0, 0, 0, 2, 1, 0]|[3, 0, 1, 1, 0, 1, 3, 2, 0, 0, 1, 0, 0, 1, 3, 3, 3, 0, 1, 3]|[1, 1, 1, 1, 0, 1, 0, 2, 1, 2, 1, 0, 1, 1, 0, 2, 0, 1, 1, 2];[0, 19, 16, 10, 15, 11, 12, 1, 5, 14, 17, 4, 9, 7, 8, 13, 18, 6, 2, 3]|[0, 2, 1, 1, 2, 1, 0, 0, 2, 0, 1, 2, 1, 1, 0, 0, 0, 2, 1, 0]|[3, 0, 1, 1, 0, 1, 2, 0, 0, 0, 0, 0, 0, 1, 3, 3, 3, 0, 1, 3]|[1, 1, 1, 1, 0, 1, 0, 2, 1, 2, 1, 0, 1, 0, 0, 2, 0, 1, 1, 0];[0, 19, 5, 15, 11, 10, 12, 18, 16, 1, 9, 6, 17, 14, 8, 3, 13, 4, 2, 7]|[0, 2, 1, 2, 1, 1, 0, 0, 2, 0, 1, 2, 1, 1, 0, 0, 0, 2, 1, 0]|[3, 0, 1, 0, 1, 1, 3, 0, 0, 3, 1, 0, 1, 1, 3, 3, 3, 0, 1, 3]|[1, 1, 1, 0, 1, 1, 0, 2, 1, 2, 1, 0, 1, 1, 0, 2, 0, 1, 1, 0];[0, 19, 16, 10, 15, 11, 12, 18, 5, 8, 17, 1, 9, 13, 3, 6, 7, 4, 2, 14]|[0, 2, 1, 1, 2, 1, 0, 0, 2, 0, 1, 2, 1, 1, 0, 0, 0, 2, 1, 0]|[3, 0, 1, 1, 0, 1, 3, 0, 0, 3, 1, 0, 1, 1, 3, 3, 3, 0, 1, 3]|[0, 1, 1, 1, 0, 1, 2, 0, 1, 2, 1, 0, 1, 1, 0, 2, 0, 1, 1, 0];[0, 19, 16, 10, 15, 11, 12, 18, 5, 7, 17, 4, 9, 3, 8, 14, 6, 2, 13, 1]|[0, 2, 1, 1, 2, 1, 0, 0, 2, 0, 1, 2, 1, 1, 0, 0, 0, 2, 1, 0]|[3, 0, 1, 1, 0, 1, 3, 0, 0, 3, 1, 0, 0, 1, 3, 3, 3, 0, 1, 3]|[1, 1, 1, 0, 0, 1, 0, 2, 1, 2, 1, 0, 1, 0, 0, 2, 0, 1, 1, 2];[19, 16, 10, 15, 11, 18, 4, 12, 17, 2, 7, 13, 6, 0, 1, 3, 14, 5, 9, 8]|[2, 1, 1, 2, 1, 0, 2, 0, 1, 2, 1, 1, 0, 0, 0, 0, 0, 2, 1, 0]|[1, 1, 1, 0, 1, 2, 0, 0, 0, 0, 0, 1, 3, 3, 0, 3, 3, 0, 1, 3]|[1, 1, 0, 0, 1, 1, 1, 2, 1, 0, 1, 0, 0, 0, 2, 2, 0, 1, 1, 2];[19, 16, 10, 15, 11, 18, 4, 12, 17, 2, 7, 13, 6, 0, 1, 3, 14, 5, 9, 8]|[2, 1, 1, 2, 1, 0, 2, 0, 1, 2, 1, 1, 0, 0, 0, 0, 0, 2, 1, 0]|[1, 1, 1, 0, 1, 2, 0, 0, 0, 0, 0, 1, 3, 3, 0, 3, 3, 0, 1, 3]|[1, 1, 0, 0, 1, 1, 1, 2, 1, 0, 1, 0, 0, 0, 2, 2, 0, 1, 1, 2];[0, 19, 5, 10, 7, 11, 12, 18, 16, 14, 15, 6, 9, 17, 2, 13, 8, 4, 3, 1]|[0, 2, 1, 1, 2, 1, 0, 0, 2, 0, 1, 2, 1, 1, 0, 0, 0, 2, 1, 0]|[3, 0, 1, 1, 0, 1, 3, 0, 0, 3, 1, 0, 1, 1, 3, 3, 3, 0, 1, 3]|[1, 1, 1, 0, 0, 1, 0, 2, 1, 2, 1, 0, 1, 1, 0, 2, 0, 1, 1, 0];[14, 19, 16, 10, 11, 15, 12, 8, 4, 1, 18, 3, 17, 9, 13, 7, 2, 5, 6, 0]|[0, 2, 1, 1, 2, 1, 0, 0, 2, 0, 0, 1, 2, 1, 1, 0, 0, 2, 1, 0]|[3, 0, 1, 1, 0, 1, 3, 3, 0, 3, 3, 1, 0, 1, 1, 3, 3, 0, 1, 3]|[0, 1, 1, 1, 0, 1, 2, 0, 1, 2, 0, 1, 0, 0, 1, 0, 2, 1, 1, 0];[14, 19, 16, 10, 11, 15, 12, 8, 4, 1, 18, 3, 17, 9, 13, 7, 2, 5, 6, 0]|[0, 2, 1, 1, 2, 1, 0, 0, 2, 0, 0, 1, 2, 1, 1, 0, 0, 2, 1, 0]|[3, 0, 1, 1, 0, 1, 3, 3, 0, 3, 3, 1, 0, 1, 1, 3, 3, 0, 1, 3]|[0, 1, 1, 1, 0, 1, 2, 0, 1, 2, 0, 1, 0, 0, 1, 0, 2, 1, 1, 0];[17, 19, 5, 2, 4, 12, 9, 7, 16, 1, 18, 11, 15, 10, 0, 3, 6, 14, 13, 8]|[0, 2, 1, 1, 2, 1, 1, 0, 2, 0, 0, 1, 2, 1, 0, 0, 0, 2, 1, 0]|[3, 1, 1, 1, 0, 1, 1, 0, 0, 0, 2, 0, 0, 1, 3, 3, 3, 0, 1, 3]|[0, 1, 1, 1, 0, 1, 1, 2, 1, 0, 2, 1, 0, 0, 1, 2, 0, 1, 1, 2];[17, 19, 5, 2, 4, 12, 9, 7, 16, 1, 18, 11, 15, 10, 0, 3, 6, 14, 13, 8]|[0, 2, 1, 1, 2, 1, 1, 0, 2, 0, 0, 1, 2, 1, 0, 0, 0, 2, 1, 0]|[3, 1, 1, 1, 0, 1, 1, 0, 0, 0, 2, 0, 0, 1, 3, 3, 3, 0, 1, 3]|[0, 1, 1, 1, 0, 1, 1, 2, 1, 0, 2, 1, 0, 0, 1, 2, 0, 1, 1, 2];[0, 19, 16, 10, 15, 11, 12, 3, 5, 18, 6, 17, 7, 1, 2, 14, 13, 4, 9, 8]|[0, 2, 1, 1, 2, 1, 0, 0, 2, 0, 1, 2, 1, 1, 0, 0, 0, 2, 1, 0]|[3, 0, 1, 1, 0, 0, 2, 0, 0, 3, 1, 0, 1, 1, 3, 3, 3, 0, 1, 3]|[1, 1, 1, 0, 0, 1, 0, 2, 1, 2, 1, 0, 1, 1, 0, 2, 0, 1, 1, 2];[0, 19, 5, 15, 16, 18, 12, 4, 8, 10, 6, 7, 17, 11, 14, 13, 3, 9, 2, 1]|[0, 2, 1, 2, 1, 0, 0, 2, 0, 1, 2, 1, 1, 1, 0, 0, 0, 2, 1, 0]|[0, 0, 1, 0, 1, 3, 3, 0, 3, 1, 0, 1, 1, 1, 3, 3, 3, 0, 1, 3]|[2, 1, 1, 0, 1, 0, 0, 1, 2, 1, 0, 1, 1, 1, 0, 2, 0, 1, 1, 2];[0, 19, 16, 10, 15, 11, 12, 1, 5, 14, 17, 6, 9, 7, 2, 13, 8, 4, 3, 18]|[0, 2, 1, 1, 2, 1, 0, 0, 2, 0, 1, 2, 1, 1, 0, 0, 0, 2, 1, 0]|[3, 0, 1, 1, 0, 1, 3, 0, 0, 3, 1, 0, 1, 1, 3, 3, 3, 0, 1, 3]|[1, 1, 1, 0, 0, 1, 0, 2, 1, 2, 1, 0, 1, 1, 0, 2, 0, 1, 1, 0];[0, 19, 16, 10, 15, 11, 18, 8, 5, 12, 17, 2, 7, 9, 1, 14, 6, 4, 13, 3]|[0, 2, 1, 1, 2, 1, 0, 0, 2, 0, 1, 2, 1, 1, 0, 0, 0, 2, 1, 0]|[3, 0, 1, 1, 0, 1, 3, 0, 0, 0, 1, 0, 0, 1, 3, 3, 3, 0, 1, 3]|[1, 1, 1, 0, 0, 1, 0, 2, 1, 2, 1, 0, 1, 0, 0, 2, 0, 1, 1, 0];[0, 19, 16, 10, 15, 11, 12, 1, 5, 18, 7, 2, 9, 17, 14, 8, 6, 3, 4, 13]|[0, 2, 1, 1, 2, 1, 0, 0, 2, 0, 0, 2, 0, 1, 0, 0, 0, 2, 1, 0]|[3, 0, 1, 1, 0, 1, 2, 0, 0, 0, 0, 0, 0, 1, 3, 3, 3, 0, 1, 3]|[1, 1, 1, 0, 0, 1, 0, 2, 1, 2, 1, 0, 1, 0, 0, 2, 0, 1, 1, 2];[0, 19, 16, 10, 15, 11, 12, 1, 5, 18, 7, 2, 9, 17, 14, 8, 6, 3, 4, 13]|[0, 2, 1, 1, 2, 1, 0, 0, 2, 0, 0, 2, 0, 1, 0, 0, 0, 2, 1, 0]|[3, 0, 1, 1, 0, 1, 2, 0, 0, 0, 0, 0, 0, 1, 3, 3, 3, 0, 1, 3]|[1, 1, 1, 0, 0, 1, 0, 2, 1, 2, 1, 0, 1, 0, 0, 2, 0, 1, 1, 2];[19, 5, 11, 6, 17, 12, 16, 1, 9, 15, 10, 2, 0, 3, 18, 14, 4, 13, 7, 8]|[2, 1, 1, 2, 1, 0, 2, 0, 1, 2, 1, 0, 0, 0, 0, 0, 2, 1, 1, 0]|[1, 1, 1, 0, 1, 3, 0, 0, 1, 0, 1, 3, 0, 3, 2, 3, 0, 1, 1, 3]|[1, 1, 1, 0, 1, 0, 1, 2, 1, 0, 1, 0, 0, 2, 1, 2, 1, 1, 1, 0];[19, 5, 11, 6, 17, 12, 16, 1, 9, 15, 10, 2, 0, 3, 18, 14, 4, 13, 7, 8]|[2, 1, 1, 2, 1, 0, 2, 0, 1, 2, 1, 0, 0, 0, 0, 0, 2, 1, 1, 0]|[1, 1, 1, 0, 1, 3, 0, 0, 1, 0, 1, 3, 0, 3, 2, 3, 0, 1, 1, 3]|[1, 1, 1, 0, 1, 0, 1, 2, 1, 0, 1, 0, 0, 2, 1, 2, 1, 1, 1, 0];[0, 19, 16, 10, 15, 11, 12, 18, 5, 14, 7, 2, 13, 4, 8, 1, 3, 6, 17, 9]|[0, 2, 1, 1, 2, 1, 0, 0, 2, 0, 0, 2, 1, 1, 0, 0, 0, 2, 1, 0]|[3, 0, 1, 1, 0, 0, 2, 0, 0, 0, 0, 0, 0, 1, 3, 3, 3, 0, 1, 3]|[1, 1, 1, 1, 0, 1, 0, 2, 1, 2, 1, 0, 1, 0, 0, 2, 2, 1, 1, 0];[0, 19, 16, 10, 15, 11, 12, 18, 5, 14, 7, 2, 13, 4, 8, 1, 3, 6, 17, 9]|[0, 2, 1, 1, 2, 1, 0, 0, 2, 0, 0, 2, 1, 1, 0, 0, 0, 2, 1, 0]|[3, 0, 1, 1, 0, 0, 2, 0, 0, 0, 0, 0, 0, 1, 3, 3, 3, 0, 1, 3]|[1, 1, 1, 1, 0, 1, 0, 2, 1, 2, 1, 0, 1, 0, 0, 2, 2, 1, 1, 0];[0, 19, 16, 10, 15, 11, 12, 18, 5, 14, 7, 2, 13, 4, 8, 1, 3, 6, 17, 9]|[0, 2, 1, 1, 2, 1, 0, 0, 2, 0, 0, 2, 1, 1, 0, 0, 0, 2, 1, 0]|[3, 0, 1, 1, 0, 0, 2, 0, 0, 0, 0, 0, 0, 1, 3, 3, 3, 0, 1, 3]|[1, 1, 1, 1, 0, 1, 0, 2, 1, 2, 1, 0, 1, 0, 0, 2, 2, 1, 1, 0];[0, 19, 16, 10, 15, 11, 12, 18, 5, 14, 7, 2, 13, 4, 8, 1, 3, 6, 17, 9]|[0, 2, 1, 1, 2, 1, 0, 0, 2, 0, 0, 2, 1, 1, 0, 0, 0, 2, 1, 0]|[3, 0, 1, 1, 0, 0, 2, 0, 0, 0, 0, 0, 0, 1, 3, 3, 3, 0, 1, 3]|[1, 1, 1, 1, 0, 1, 0, 2, 1, 2, 1, 0, 1, 0, 0, 2, 2, 1, 1, 0];[0, 19, 16, 10, 15, 11, 12, 1, 5, 7, 17, 6, 18, 9, 13, 3, 14, 4, 2, 8]|[0, 2, 1, 1, 2, 1, 0, 0, 2, 0, 1, 2, 1, 1, 0, 0, 0, 2, 0, 0]|[3, 0, 1, 1, 0, 1, 2, 0, 0, 0, 0, 0, 0, 1, 3, 3, 3, 0, 0, 3]|[1, 1, 1, 0, 0, 1, 0, 2, 1, 2, 1, 0, 1, 0, 0, 2, 0, 1, 1, 2];[0, 19, 16, 10, 15, 11, 12, 1, 5, 7, 17, 6, 18, 9, 13, 3, 14, 4, 2, 8]|[0, 2, 1, 1, 2, 1, 0, 0, 2, 0, 1, 2, 1, 1, 0, 0, 0, 2, 0, 0]|[3, 0, 1, 1, 0, 1, 2, 0, 0, 0, 0, 0, 0, 1, 3, 3, 3, 0, 0, 3]|[1, 1, 1, 0, 0, 1, 0, 2, 1, 2, 1, 0, 1, 0, 0, 2, 0, 1, 1, 2];[0, 16, 11, 10, 12, 1, 5, 2, 6, 7, 3, 17, 13, 9, 18, 19, 4, 15, 14, 8]|[0, 1, 1, 1, 0, 0, 2, 0, 2, 1, 1, 1, 0, 0, 0, 2, 2, 2, 1, 0]|[3, 1, 1, 1, 2, 0, 1, 0, 0, 0, 1, 0, 3, 3, 3, 0, 0, 0, 1, 3]|[1, 1, 1, 1, 0, 2, 1, 2, 0, 1, 0, 1, 0, 2, 0, 1, 1, 1, 1, 2];[0, 19, 16, 15, 6, 3, 5, 12, 18, 11, 2, 9, 10, 8, 7, 14, 13, 4, 17, 1]|[0, 2, 1, 2, 1, 0, 2, 0, 0, 1, 2, 1, 1, 1, 0, 0, 0, 2, 1, 0]|[3, 0, 1, 0, 1, 3, 0, 3, 3, 1, 0, 1, 1, 1, 3, 3, 3, 0, 1, 3]|[0, 1, 1, 0, 1, 2, 1, 2, 0, 1, 0, 1, 1, 1, 0, 2, 0, 1, 1, 2];[0, 19, 16, 15, 6, 3, 5, 12, 18, 11, 2, 9, 10, 8, 7, 14, 13, 4, 17, 1]|[0, 2, 1, 2, 1, 0, 2, 0, 0, 1, 2, 1, 1, 1, 0, 0, 0, 2, 1, 0]|[3, 0, 1, 0, 1, 3, 0, 3, 3, 1, 0, 1, 1, 1, 3, 3, 3, 0, 1, 3]|[0, 1, 1, 0, 1, 2, 1, 2, 0, 1, 0, 1, 1, 1, 0, 2, 0, 1, 1, 2];[0, 19, 16, 14, 15, 11, 12, 18, 5, 10, 7, 9, 2, 3, 13, 6, 8, 4, 17, 1]|[0, 2, 1, 1, 2, 1, 0, 0, 2, 1, 1, 1, 2, 1, 0, 0, 0, 2, 1, 0]|[3, 0, 1, 1, 0, 1, 3, 3, 0, 1, 1, 1, 0, 1, 3, 3, 3, 0, 1, 3]|[0, 1, 1, 1, 0, 1, 0, 2, 1, 1, 1, 1, 0, 1, 0, 2, 0, 1, 1, 0];[0, 19, 16, 14, 15, 11, 12, 18, 5, 10, 7, 9, 2, 3, 13, 6, 8, 4, 17, 1]|[0, 2, 1, 1, 2, 1, 0, 0, 2, 1, 1, 1, 2, 1, 0, 0, 0, 2, 1, 0]|[3, 0, 1, 1, 0, 1, 3, 3, 0, 1, 1, 1, 0, 1, 3, 3, 3, 0, 1, 3]|[0, 1, 1, 1, 0, 1, 0, 2, 1, 1, 1, 1, 0, 1, 0, 2, 0, 1, 1, 0];[0, 19, 16, 10, 15, 11, 18, 1, 5, 12, 17, 6, 9, 3, 13, 14, 2, 4, 7, 8]|[0, 2, 1, 1, 2, 1, 0, 0, 2, 0, 1, 2, 1, 1, 0, 0, 0, 2, 0, 0]|[3, 0, 1, 1, 0, 1, 2, 0, 0, 0, 0, 0, 0, 1, 3, 3, 3, 0, 0, 3]|[1, 1, 1, 0, 0, 1, 0, 2, 1, 2, 1, 0, 1, 0, 0, 2, 0, 1, 1, 1];[0, 19, 16, 10, 15, 11, 12, 8, 5, 18, 7, 6, 9, 14, 17, 13, 2, 4, 3, 1]|[0, 2, 1, 1, 2, 1, 0, 0, 2, 0, 1, 2, 1, 1, 0, 0, 0, 2, 1, 0]|[3, 0, 1, 1, 0, 0, 1, 0, 0, 0, 0, 0, 0, 1, 3, 3, 3, 0, 1, 3]|[1, 1, 1, 1, 0, 1, 0, 2, 1, 2, 1, 0, 1, 0, 0, 2, 0, 1, 1, 2];[0, 19, 5, 10, 15, 11, 18, 1, 16, 3, 17, 6, 9, 13, 12, 2, 7, 4, 14, 8]|[0, 2, 1, 1, 2, 1, 0, 0, 2, 0, 1, 2, 0, 1, 0, 0, 0, 2, 1, 0]|[3, 0, 1, 1, 0, 1, 2, 0, 0, 0, 0, 0, 0, 1, 3, 3, 3, 0, 0, 3]|[1, 1, 1, 1, 0, 1, 0, 2, 1, 2, 1, 0, 1, 0, 0, 2, 0, 1, 1, 2];[0, 19, 16, 10, 15, 11, 12, 1, 5, 18, 17, 2, 9, 7, 8, 6, 14, 4, 13, 3]|[0, 2, 1, 1, 2, 1, 0, 0, 2, 0, 1, 2, 0, 1, 0, 0, 0, 2, 0, 0]|[3, 0, 1, 1, 0, 1, 2, 0, 0, 0, 1, 0, 0, 1, 3, 3, 3, 0, 0, 3]|[1, 1, 1, 0, 0, 1, 0, 2, 1, 2, 1, 0, 1, 0, 0, 2, 0, 1, 1, 2];[19, 16, 9, 15, 11, 12, 2, 5, 8, 3, 6, 10, 13, 0, 7, 18, 4, 17, 14, 1]|[2, 1, 1, 2, 1, 0, 0, 2, 0, 1, 2, 1, 1, 0, 0, 0, 2, 1, 0, 0]|[0, 1, 1, 0, 1, 3, 3, 0, 3, 1, 0, 1, 1, 3, 3, 3, 0, 1, 3, 3]|[1, 1, 1, 0, 1, 2, 0, 1, 2, 1, 0, 1, 1, 0, 2, 0, 1, 1, 2, 0];[0, 19, 16, 10, 15, 11, 12, 1, 5, 18, 17, 2, 9, 7, 8, 6, 14, 4, 13, 3]|[0, 2, 1, 1, 2, 1, 0, 0, 2, 0, 1, 2, 0, 1, 0, 0, 0, 2, 0, 0]|[3, 0, 1, 1, 0, 1, 2, 0, 0, 0, 1, 0, 0, 1, 3, 3, 3, 0, 0, 3]|[1, 1, 1, 0, 0, 1, 0, 2, 1, 2, 1, 0, 1, 0, 0, 2, 0, 1, 1, 2]
fc6diagRound 17	fe=486786	pool=300	target=100	rescued=0	sOriginal=[0, 19, 16, 10, 15, 11, 12, 1, 5, 14, 17, 4, 9, 7, 2, 13, 18, 6, 3, 8]|[0, 2, 1, 1, 2, 1, 0, 0, 2, 0, 1, 2, 1, 1, 0, 0, 0, 2, 1, 0]|[3, 0, 1, 1, 0, 1, 2, 0, 0, 0, 1, 0, 1, 1, 3, 3, 3, 0, 1, 3]|[1, 1, 1, 0, 0, 1, 0, 2, 1, 2, 1, 0, 1, 1, 0, 2, 0, 1, 1, 2];[0, 19, 16, 10, 15, 11, 12, 1, 4, 3, 17, 14, 9, 2, 13, 7, 8, 5, 6, 18]|[0, 2, 1, 1, 2, 1, 0, 0, 2, 0, 1, 2, 1, 1, 0, 0, 0, 2, 0, 0]|[3, 0, 1, 1, 0, 1, 2, 0, 0, 3, 1, 0, 1, 1, 3, 3, 3, 0, 0, 3]|[1, 1, 1, 1, 0, 1, 0, 2, 1, 2, 1, 0, 1, 1, 0, 2, 0, 1, 1, 2];[0, 19, 16, 10, 15, 11, 12, 1, 5, 14, 17, 4, 9, 7, 2, 13, 18, 6, 3, 8]|[0, 2, 1, 1, 2, 1, 0, 0, 2, 0, 1, 2, 1, 1, 0, 0, 0, 2, 1, 0]|[3, 0, 1, 1, 0, 1, 2, 0, 0, 0, 1, 0, 1, 1, 3, 3, 3, 0, 1, 3]|[1, 1, 1, 0, 0, 1, 0, 2, 1, 2, 1, 0, 1, 1, 0, 2, 0, 1, 1, 2];[3, 12, 5, 8, 17, 11, 15, 10, 16, 19, 0, 2, 9, 6, 18, 1, 13, 4, 7, 14]|[0, 0, 2, 0, 0, 1, 2, 1, 1, 2, 0, 2, 0, 1, 0, 0, 0, 2, 0, 0]|[3, 0, 0, 0, 0, 1, 0, 1, 1, 0, 3, 0, 0, 1, 3, 3, 3, 0, 3, 3]|[0, 2, 1, 2, 2, 1, 0, 0, 1, 1, 1, 0, 1, 1, 0, 0, 2, 1, 1, 0];[3, 12, 5, 8, 17, 11, 15, 10, 16, 19, 0, 2, 9, 6, 18, 1, 13, 4, 7, 14]|[0, 0, 2, 0, 0, 1, 2, 1, 1, 2, 0, 2, 0, 1, 0, 0, 0, 2, 0, 0]|[3, 0, 0, 0, 0, 1, 0, 1, 1, 0, 3, 0, 0, 1, 3, 3, 3, 0, 3, 3]|[0, 2, 1, 2, 2, 1, 0, 0, 1, 1, 1, 0, 1, 1, 0, 0, 2, 1, 1, 0];[0, 19, 16, 10, 15, 11, 12, 18, 5, 3, 17, 2, 7, 9, 6, 14, 8, 4, 13, 1]|[0, 2, 1, 1, 2, 1, 0, 0, 2, 0, 1, 2, 1, 1, 0, 0, 0, 2, 1, 0]|[3, 0, 1, 1, 0, 1, 2, 0, 0, 0, 1, 0, 1, 1, 3, 3, 3, 0, 1, 3]|[1, 1, 1, 0, 0, 1, 0, 2, 1, 2, 1, 0, 1, 1, 0, 2, 0, 1, 1, 0];[0, 19, 16, 10, 15, 11, 12, 18, 5, 7, 17, 1, 9, 3, 6, 13, 8, 4, 2, 14]|[0, 2, 1, 1, 2, 1, 0, 0, 2, 0, 1, 2, 1, 1, 0, 0, 0, 2, 1, 0]|[3, 0, 1, 1, 0, 0, 2, 0, 0, 0, 1, 0, 1, 1, 3, 3, 3, 0, 1, 3]|[1, 1, 1, 0, 0, 1, 0, 2, 1, 2, 1, 0, 1, 1, 0, 2, 0, 1, 1, 2];[18, 1, 5, 12, 11, 15, 10, 16, 19, 0, 2, 9, 17, 7, 14, 13, 4, 6, 3, 8]|[0, 0, 2, 0, 1, 2, 1, 1, 2, 0, 2, 0, 1, 0, 0, 0, 2, 0, 0, 0]|[0, 0, 0, 2, 1, 0, 1, 1, 0, 3, 0, 0, 1, 0, 3, 3, 0, 3, 3, 3]|[2, 2, 1, 0, 1, 0, 0, 1, 1, 1, 0, 1, 0, 1, 0, 0, 1, 2, 1, 0];[18, 1, 5, 12, 11, 15, 10, 16, 19, 0, 2, 9, 17, 7, 14, 13, 4, 6, 3, 8]|[0, 0, 2, 0, 1, 2, 1, 1, 2, 0, 2, 0, 1, 0, 0, 0, 2, 0, 0, 0]|[0, 0, 0, 2, 1, 0, 1, 1, 0, 3, 0, 0, 1, 0, 3, 3, 0, 3, 3, 3]|[2, 2, 1, 0, 1, 0, 0, 1, 1, 1, 0, 1, 0, 1, 0, 0, 1, 2, 1, 0];[18, 5, 1, 12, 11, 15, 10, 16, 19, 7, 4, 14, 17, 13, 0, 9, 2, 8, 6, 3]|[0, 2, 0, 0, 1, 2, 1, 1, 2, 0, 2, 0, 1, 0, 0, 0, 2, 0, 0, 0]|[2, 0, 0, 3, 1, 0, 1, 1, 0, 3, 0, 0, 1, 3, 3, 0, 0, 3, 3, 3]|[2, 1, 2, 0, 1, 0, 0, 1, 1, 1, 0, 1, 1, 0, 2, 1, 1, 0, 2, 0];[18, 5, 1, 12, 11, 15, 10, 16, 19, 7, 4, 14, 17, 13, 0, 9, 2, 8, 6, 3]|[0, 2, 0, 0, 1, 2, 1, 1, 2, 0, 2, 0, 1, 0, 0, 0, 2, 0, 0, 0]|[2, 0, 0, 3, 1, 0, 1, 1, 0, 3, 0, 0, 1, 3, 3, 0, 0, 3, 3, 3]|[2, 1, 2, 0, 1, 0, 0, 1, 1, 1, 0, 1, 1, 0, 2, 1, 1, 0, 2, 0];[0, 19, 16, 11, 2, 18, 5, 1, 12, 10, 15, 9, 17, 14, 13, 6, 4, 3, 7, 8]|[0, 2, 1, 1, 2, 0, 2, 0, 0, 1, 2, 1, 1, 0, 0, 0, 2, 1, 1, 0]|[2, 1, 1, 1, 0, 0, 0, 0, 3, 1, 0, 0, 1, 3, 3, 3, 0, 1, 1, 3]|[1, 1, 1, 1, 0, 2, 1, 2, 0, 1, 0, 1, 0, 0, 2, 0, 1, 1, 1, 2];[0, 19, 16, 11, 2, 18, 5, 1, 12, 10, 15, 9, 17, 14, 13, 6, 4, 3, 7, 8]|[0, 2, 1, 1, 2, 0, 2, 0, 0, 1, 2, 1, 1, 0, 0, 0, 2, 1, 1, 0]|[2, 1, 1, 1, 0, 0, 0, 0, 3, 1, 0, 0, 1, 3, 3, 3, 0, 1, 1, 3]|[1, 1, 1, 1, 0, 2, 1, 2, 0, 1, 0, 1, 0, 0, 2, 0, 1, 1, 1, 2];[12, 5, 8, 3, 11, 15, 10, 16, 19, 0, 17, 2, 9, 6, 1, 13, 14, 4, 7, 18]|[0, 2, 0, 0, 1, 2, 1, 1, 2, 0, 0, 2, 0, 1, 0, 0, 0, 2, 0, 0]|[0, 0, 0, 3, 1, 0, 1, 1, 0, 3, 0, 0, 0, 1, 3, 3, 3, 0, 3, 3]|[2, 1, 2, 0, 1, 0, 0, 1, 1, 1, 1, 0, 1, 1, 0, 2, 0, 1, 1, 0];[12, 5, 8, 3, 11, 15, 10, 16, 19, 0, 17, 2, 9, 6, 1, 13, 14, 4, 7, 18]|[0, 2, 0, 0, 1, 2, 1, 1, 2, 0, 0, 2, 0, 1, 0, 0, 0, 2, 0, 0]|[0, 0, 0, 3, 1, 0, 1, 1, 0, 3, 0, 0, 0, 1, 3, 3, 3, 0, 3, 3]|[2, 1, 2, 0, 1, 0, 0, 1, 1, 1, 1, 0, 1, 1, 0, 2, 0, 1, 1, 0];[0, 19, 16, 10, 15, 11, 12, 1, 5, 7, 17, 6, 9, 14, 8, 3, 13, 2, 4, 18]|[0, 2, 1, 1, 2, 1, 0, 0, 2, 0, 1, 2, 0, 1, 0, 0, 0, 2, 1, 0]|[3, 0, 1, 1, 0, 1, 2, 0, 0, 0, 1, 0, 0, 1, 3, 3, 3, 0, 0, 3]|[1, 1, 1, 1, 0, 1, 0, 2, 1, 2, 1, 0, 1, 0, 0, 2, 0, 1, 1, 2];[0, 19, 16, 10, 15, 11, 12, 1, 5, 7, 17, 6, 9, 14, 8, 3, 13, 2, 4, 18]|[0, 2, 1, 1, 2, 1, 0, 0, 2, 0, 1, 2, 0, 1, 0, 0, 0, 2, 1, 0]|[3, 0, 1, 1, 0, 1, 2, 0, 0, 0, 1, 0, 0, 1, 3, 3, 3, 0, 0, 3]|[1, 1, 1, 1, 0, 1, 0, 2, 1, 2, 1, 0, 1, 0, 0, 2, 0, 1, 1, 2];[0, 19, 16, 10, 15, 11, 12, 18, 5, 6, 17, 8, 9, 13, 3, 1, 7, 4, 14, 2]|[0, 2, 1, 1, 2, 1, 0, 0, 2, 0, 1, 2, 1, 1, 0, 0, 0, 2, 1, 0]|[3, 0, 1, 1, 0, 0, 2, 0, 0, 3, 1, 0, 1, 1, 3, 3, 3, 0, 1, 3]|[0, 1, 1, 0, 0, 1, 0, 2, 1, 2, 1, 0, 1, 1, 0, 2, 0, 1, 1, 2];[12, 8, 4, 3, 13, 14, 17, 9, 2, 7, 18, 5, 1, 6, 11, 15, 10, 16, 19, 0]|[0, 0, 2, 0, 0, 0, 1, 0, 2, 0, 0, 2, 0, 0, 1, 2, 1, 1, 2, 0]|[3, 0, 0, 3, 3, 3, 1, 0, 0, 0, 0, 0, 0, 3, 1, 0, 1, 1, 0, 3]|[2, 1, 1, 0, 2, 0, 1, 1, 0, 1, 2, 1, 2, 0, 1, 0, 0, 1, 1, 1];[12, 8, 4, 3, 13, 14, 17, 9, 2, 7, 18, 5, 1, 6, 11, 15, 10, 16, 19, 0]|[0, 0, 2, 0, 0, 0, 1, 0, 2, 0, 0, 2, 0, 0, 1, 2, 1, 1, 2, 0]|[3, 0, 0, 3, 3, 3, 1, 0, 0, 0, 0, 0, 0, 3, 1, 0, 1, 1, 0, 3]|[2, 1, 1, 0, 2, 0, 1, 1, 0, 1, 2, 1, 2, 0, 1, 0, 0, 1, 1, 1];[0, 19, 16, 10, 15, 11, 12, 1, 5, 14, 17, 4, 9, 6, 13, 7, 8, 2, 18, 3]|[0, 2, 1, 1, 2, 1, 0, 0, 2, 0, 1, 2, 1, 1, 0, 0, 0, 2, 0, 0]|[3, 0, 1, 1, 0, 1, 2, 0, 0, 0, 0, 0, 0, 1, 3, 3, 3, 0, 0, 3]|[1, 1, 1, 0, 0, 1, 0, 2, 1, 2, 1, 0, 1, 0, 0, 2, 0, 1, 1, 2];[0, 4, 5, 10, 15, 11, 18, 1, 16, 7, 17, 2, 9, 14, 12, 6, 3, 19, 13, 8]|[0, 2, 1, 1, 2, 1, 0, 0, 2, 0, 1, 2, 1, 1, 0, 0, 0, 2, 1, 0]|[3, 0, 1, 1, 0, 0, 2, 0, 0, 0, 1, 0, 1, 1, 3, 3, 3, 0, 1, 3]|[1, 1, 1, 0, 0, 1, 0, 2, 1, 2, 1, 0, 1, 1, 0, 2, 0, 1, 1, 2];[0, 19, 16, 10, 15, 11, 12, 1, 5, 7, 17, 4, 9, 14, 18, 13, 2, 6, 3, 8]|[0, 2, 1, 1, 2, 1, 0, 0, 2, 0, 1, 2, 1, 1, 0, 0, 0, 2, 1, 0]|[3, 0, 1, 1, 0, 1, 2, 0, 0, 0, 1, 0, 1, 1, 3, 3, 3, 0, 1, 3]|[1, 1, 1, 0, 0, 1, 0, 2, 1, 2, 1, 0, 1, 1, 0, 2, 0, 1, 1, 2];[0, 19, 6, 10, 15, 11, 18, 1, 16, 12, 17, 3, 9, 7, 8, 2, 13, 4, 5, 14]|[0, 2, 1, 1, 2, 1, 0, 0, 2, 0, 1, 2, 1, 1, 0, 0, 0, 2, 1, 0]|[3, 0, 1, 1, 0, 1, 2, 0, 0, 0, 1, 0, 0, 1, 3, 3, 3, 0, 1, 3]|[1, 1, 1, 1, 0, 1, 0, 2, 1, 2, 1, 0, 1, 0, 0, 2, 0, 1, 1, 2];[14, 19, 5, 10, 15, 11, 13, 12, 4, 3, 7, 2, 9, 6, 8, 18, 16, 17, 0, 1]|[0, 2, 1, 1, 2, 1, 0, 1, 2, 0, 1, 2, 1, 1, 0, 0, 2, 0, 0, 0]|[3, 0, 1, 1, 0, 1, 3, 1, 0, 3, 1, 0, 1, 1, 3, 3, 0, 3, 3, 3]|[2, 1, 1, 1, 0, 1, 0, 1, 1, 2, 1, 0, 1, 1, 0, 2, 1, 0, 2, 0];[14, 19, 5, 10, 15, 11, 13, 12, 4, 3, 7, 2, 9, 6, 8, 18, 16, 17, 0, 1]|[0, 2, 1, 1, 2, 1, 0, 1, 2, 0, 1, 2, 1, 1, 0, 0, 2, 0, 0, 0]|[3, 0, 1, 1, 0, 1, 3, 1, 0, 3, 1, 0, 1, 1, 3, 3, 0, 3, 3, 3]|[2, 1, 1, 1, 0, 1, 0, 1, 1, 2, 1, 0, 1, 1, 0, 2, 1, 0, 2, 0];[12, 11, 15, 10, 16, 19, 0, 5, 14, 7, 2, 17, 13, 8, 3, 1, 4, 9, 18, 6]|[0, 1, 2, 1, 1, 2, 0, 2, 0, 0, 2, 1, 0, 0, 0, 0, 2, 0, 0, 0]|[3, 1, 0, 1, 1, 0, 3, 0, 0, 0, 0, 1, 3, 3, 3, 0, 0, 0, 0, 3]|[0, 1, 0, 0, 1, 1, 1, 1, 2, 2, 0, 1, 0, 0, 0, 2, 1, 1, 2, 2];[12, 11, 15, 10, 16, 19, 0, 5, 14, 7, 2, 17, 13, 8, 3, 1, 4, 9, 18, 6]|[0, 1, 2, 1, 1, 2, 0, 2, 0, 0, 2, 1, 0, 0, 0, 0, 2, 0, 0, 0]|[3, 1, 0, 1, 1, 0, 3, 0, 0, 0, 0, 1, 3, 3, 3, 0, 0, 0, 0, 3]|[0, 1, 0, 0, 1, 1, 1, 1, 2, 2, 0, 1, 0, 0, 0, 2, 1, 1, 2, 2];[6, 19, 16, 10, 15, 11, 12, 3, 17, 8, 13, 2, 9, 1, 5, 7, 18, 4, 14, 0]|[0, 2, 1, 1, 2, 1, 0, 0, 1, 0, 0, 2, 0, 0, 2, 0, 0, 2, 0, 0]|[3, 0, 1, 1, 0, 1, 2, 3, 1, 3, 3, 0, 2, 0, 0, 0, 0, 0, 3, 3]|[0, 1, 1, 0, 0, 1, 2, 2, 1, 0, 0, 0, 1, 2, 1, 1, 2, 1, 1, 0];[6, 19, 16, 10, 15, 11, 12, 3, 17, 8, 13, 2, 9, 1, 5, 7, 18, 4, 14, 0]|[0, 2, 1, 1, 2, 1, 0, 0, 1, 0, 0, 2, 0, 0, 2, 0, 0, 2, 0, 0]|[3, 0, 1, 1, 0, 1, 2, 3, 1, 3, 3, 0, 2, 0, 0, 0, 0, 0, 3, 3]|[0, 1, 1, 0, 0, 1, 2, 2, 1, 0, 0, 0, 1, 2, 1, 1, 2, 1, 1, 0];[0, 19, 16, 10, 15, 11, 12, 1, 5, 14, 17, 2, 9, 3, 18, 13, 7, 6, 4, 8]|[0, 2, 1, 1, 2, 1, 0, 0, 2, 0, 1, 2, 0, 1, 0, 0, 0, 2, 1, 0]|[3, 0, 1, 1, 0, 1, 2, 0, 0, 0, 0, 0, 0, 1, 3, 3, 3, 0, 0, 3]|[1, 1, 1, 1, 0, 1, 0, 2, 1, 2, 1, 0, 1, 0, 0, 2, 0, 1, 1, 0];[0, 19, 16, 10, 15, 11, 18, 8, 5, 12, 17, 6, 7, 9, 14, 2, 13, 4, 3, 1]|[0, 2, 1, 1, 2, 1, 0, 0, 2, 0, 1, 2, 1, 1, 0, 0, 0, 2, 1, 1]|[3, 0, 1, 1, 0, 1, 3, 0, 0, 0, 1, 0, 0, 1, 3, 3, 3, 0, 1, 1]|[1, 1, 1, 0, 0, 1, 0, 2, 1, 2, 1, 0, 1, 0, 0, 2, 0, 1, 1, 1];[0, 19, 16, 15, 12, 1, 5, 7, 6, 10, 14, 18, 2, 4, 9, 13, 11, 17, 3, 8]|[0, 2, 1, 2, 0, 0, 2, 0, 2, 1, 0, 0, 0, 2, 1, 1, 1, 1, 1, 0]|[3, 0, 1, 0, 2, 0, 0, 0, 0, 1, 3, 3, 3, 0, 1, 1, 1, 1, 1, 3]|[1, 1, 1, 0, 2, 0, 1, 2, 0, 1, 0, 2, 0, 1, 1, 1, 1, 1, 1, 2];[0, 19, 16, 10, 15, 11, 12, 1, 5, 7, 17, 6, 9, 3, 13, 8, 14, 2, 4, 18]|[0, 2, 1, 1, 2, 1, 0, 0, 2, 0, 1, 2, 0, 1, 0, 0, 0, 2, 1, 0]|[3, 0, 1, 1, 0, 1, 2, 0, 0, 0, 0, 0, 0, 1, 3, 3, 3, 0, 1, 3]|[1, 1, 1, 0, 0, 1, 0, 2, 1, 2, 1, 0, 1, 0, 0, 2, 0, 1, 1, 2];[0, 19, 16, 10, 15, 11, 12, 1, 5, 7, 17, 6, 18, 13, 9, 3, 14, 2, 4, 8]|[0, 2, 1, 1, 2, 1, 0, 0, 2, 0, 1, 2, 0, 1, 0, 0, 0, 2, 1, 0]|[3, 0, 1, 1, 0, 1, 2, 0, 0, 0, 0, 0, 0, 1, 3, 3, 3, 0, 1, 3]|[1, 1, 1, 1, 0, 1, 0, 2, 1, 2, 1, 0, 1, 0, 0, 2, 0, 1, 1, 0];[0, 19, 16, 10, 15, 11, 12, 18, 5, 14, 7, 2, 13, 4, 8, 1, 3, 6, 17, 9]|[0, 2, 1, 1, 2, 1, 0, 0, 2, 0, 0, 2, 1, 1, 0, 0, 0, 2, 1, 0]|[3, 0, 1, 1, 0, 0, 2, 0, 0, 0, 0, 0, 0, 1, 3, 3, 3, 0, 1, 3]|[1, 1, 1, 1, 0, 1, 0, 2, 1, 2, 1, 0, 1, 0, 0, 2, 2, 1, 1, 0];[0, 19, 16, 10, 15, 11, 12, 18, 5, 14, 7, 2, 13, 4, 8, 1, 3, 6, 17, 9]|[0, 2, 1, 1, 2, 1, 0, 0, 2, 0, 0, 2, 1, 1, 0, 0, 0, 2, 1, 0]|[3, 0, 1, 1, 0, 0, 2, 0, 0, 0, 0, 0, 0, 1, 3, 3, 3, 0, 1, 3]|[1, 1, 1, 1, 0, 1, 0, 2, 1, 2, 1, 0, 1, 0, 0, 2, 2, 1, 1, 0];[0, 19, 16, 10, 15, 11, 12, 18, 5, 14, 7, 2, 13, 4, 8, 1, 3, 6, 17, 9]|[0, 2, 1, 1, 2, 1, 0, 0, 2, 0, 0, 2, 1, 1, 0, 0, 0, 2, 1, 0]|[3, 0, 1, 1, 0, 0, 2, 0, 0, 0, 0, 0, 0, 1, 3, 3, 3, 0, 1, 3]|[1, 1, 1, 1, 0, 1, 0, 2, 1, 2, 1, 0, 1, 0, 0, 2, 2, 1, 1, 0];[0, 19, 16, 10, 15, 11, 12, 18, 5, 14, 7, 2, 13, 4, 8, 1, 3, 6, 17, 9]|[0, 2, 1, 1, 2, 1, 0, 0, 2, 0, 0, 2, 1, 1, 0, 0, 0, 2, 1, 0]|[3, 0, 1, 1, 0, 0, 2, 0, 0, 0, 0, 0, 0, 1, 3, 3, 3, 0, 1, 3]|[1, 1, 1, 1, 0, 1, 0, 2, 1, 2, 1, 0, 1, 0, 0, 2, 2, 1, 1, 0];[0, 19, 16, 10, 15, 11, 12, 18, 5, 1, 17, 2, 9, 7, 6, 8, 13, 4, 14, 3]|[0, 2, 1, 1, 2, 1, 0, 0, 2, 0, 1, 2, 1, 1, 0, 0, 0, 2, 1, 0]|[3, 0, 1, 1, 0, 1, 2, 0, 0, 3, 1, 0, 1, 1, 3, 3, 3, 0, 1, 3]|[1, 1, 1, 0, 0, 1, 2, 0, 1, 2, 1, 1, 1, 1, 0, 2, 0, 1, 1, 0];[0, 19, 16, 10, 15, 11, 18, 12, 5, 3, 17, 2, 9, 8, 13, 14, 7, 4, 6, 1]|[0, 2, 1, 1, 2, 1, 0, 0, 2, 0, 1, 2, 1, 1, 0, 0, 0, 2, 1, 0]|[3, 0, 1, 1, 0, 1, 3, 1, 0, 3, 1, 0, 1, 1, 3, 3, 3, 0, 1, 3]|[1, 1, 1, 0, 0, 1, 0, 2, 1, 2, 1, 0, 1, 1, 0, 2, 0, 1, 1, 2];[19, 16, 10, 15, 11, 12, 17, 3, 1, 18, 6, 9, 5, 0, 7, 2, 13, 4, 14, 8]|[2, 1, 1, 2, 1, 0, 0, 2, 0, 0, 2, 0, 1, 0, 0, 0, 0, 2, 0, 0]|[0, 1, 1, 0, 1, 0, 3, 0, 0, 0, 0, 0, 1, 3, 3, 3, 3, 0, 3, 3]|[1, 1, 0, 0, 1, 2, 1, 1, 2, 1, 0, 1, 1, 0, 0, 2, 0, 1, 2, 0];[19, 16, 10, 15, 11, 12, 17, 3, 1, 18, 6, 9, 5, 0, 7, 2, 13, 4, 14, 8]|[2, 1, 1, 2, 1, 0, 0, 2, 0, 0, 2, 0, 1, 0, 0, 0, 0, 2, 0, 0]|[0, 1, 1, 0, 1, 0, 3, 0, 0, 0, 0, 0, 1, 3, 3, 3, 3, 0, 3, 3]|[1, 1, 0, 0, 1, 2, 1, 1, 2, 1, 0, 1, 1, 0, 0, 2, 0, 1, 2, 0];[17, 19, 5, 2, 4, 12, 9, 7, 16, 1, 18, 11, 15, 10, 0, 3, 6, 14, 13, 8]|[0, 2, 1, 1, 2, 1, 1, 0, 2, 0, 0, 1, 2, 1, 0, 0, 0, 2, 1, 0]|[3, 1, 1, 1, 0, 1, 1, 0, 0, 0, 2, 0, 0, 1, 3, 3, 3, 0, 1, 3]|[0, 1, 1, 1, 0, 1, 1, 2, 1, 0, 2, 1, 0, 0, 1, 2, 0, 1, 1, 2];[17, 19, 5, 2, 4, 12, 9, 7, 16, 1, 18, 11, 15, 10, 0, 3, 6, 14, 13, 8]|[0, 2, 1, 1, 2, 1, 1, 0, 2, 0, 0, 1, 2, 1, 0, 0, 0, 2, 1, 0]|[3, 1, 1, 1, 0, 1, 1, 0, 0, 0, 2, 0, 0, 1, 3, 3, 3, 0, 1, 3]|[0, 1, 1, 1, 0, 1, 1, 2, 1, 0, 2, 1, 0, 0, 1, 2, 0, 1, 1, 2];[19, 16, 10, 15, 11, 18, 4, 12, 17, 2, 7, 13, 6, 0, 1, 3, 14, 5, 9, 8]|[2, 1, 1, 2, 1, 0, 2, 0, 1, 2, 1, 1, 0, 0, 0, 0, 0, 2, 1, 0]|[1, 1, 1, 0, 1, 2, 0, 0, 0, 0, 0, 1, 3, 3, 0, 3, 3, 0, 1, 3]|[1, 1, 0, 0, 1, 1, 1, 2, 1, 0, 1, 0, 0, 0, 2, 2, 0, 1, 1, 2];[19, 16, 10, 15, 11, 18, 4, 12, 17, 2, 7, 13, 6, 0, 1, 3, 14, 5, 9, 8]|[2, 1, 1, 2, 1, 0, 2, 0, 1, 2, 1, 1, 0, 0, 0, 0, 0, 2, 1, 0]|[1, 1, 1, 0, 1, 2, 0, 0, 0, 0, 0, 1, 3, 3, 0, 3, 3, 0, 1, 3]|[1, 1, 0, 0, 1, 1, 1, 2, 1, 0, 1, 0, 0, 0, 2, 2, 0, 1, 1, 2];[0, 19, 5, 10, 15, 11, 18, 1, 16, 7, 12, 4, 2, 9, 17, 3, 6, 14, 13, 8]|[0, 2, 1, 1, 2, 1, 0, 0, 2, 0, 1, 2, 1, 1, 0, 0, 0, 2, 1, 0]|[3, 0, 1, 1, 0, 0, 2, 0, 0, 0, 1, 0, 1, 1, 3, 3, 3, 0, 1, 3]|[1, 1, 1, 0, 0, 1, 2, 0, 1, 2, 1, 0, 1, 0, 0, 2, 0, 1, 1, 2];[0, 19, 5, 10, 15, 11, 18, 1, 16, 7, 12, 4, 2, 9, 17, 3, 6, 14, 13, 8]|[0, 2, 1, 1, 2, 1, 0, 0, 2, 0, 1, 2, 1, 1, 0, 0, 0, 2, 1, 0]|[3, 0, 1, 1, 0, 0, 2, 0, 0, 0, 1, 0, 1, 1, 3, 3, 3, 0, 1, 3]|[1, 1, 1, 0, 0, 1, 2, 0, 1, 2, 1, 0, 1, 0, 0, 2, 0, 1, 1, 2];[0, 19, 16, 10, 15, 11, 12, 1, 5, 14, 17, 4, 9, 7, 8, 3, 13, 6, 2, 18]|[0, 2, 1, 1, 2, 1, 0, 0, 2, 0, 1, 2, 1, 1, 0, 0, 0, 2, 1, 0]|[3, 0, 1, 1, 0, 1, 2, 0, 0, 3, 1, 0, 1, 1, 3, 3, 3, 0, 1, 3]|[1, 1, 1, 0, 0, 1, 0, 2, 1, 2, 1, 0, 1, 0, 0, 2, 0, 1, 1, 0];[0, 19, 16, 10, 15, 11, 12, 8, 5, 18, 17, 2, 9, 3, 6, 1, 14, 4, 7, 13]|[0, 2, 1, 1, 2, 1, 0, 0, 2, 0, 1, 2, 1, 1, 0, 0, 0, 2, 1, 0]|[3, 0, 1, 1, 0, 1, 3, 2, 0, 3, 1, 0, 1, 1, 3, 3, 3, 0, 1, 3]|[0, 1, 1, 0, 0, 1, 0, 2, 1, 2, 1, 0, 1, 1, 0, 2, 0, 1, 1, 0];[0, 19, 16, 15, 11, 8, 12, 18, 5, 3, 17, 2, 9, 10, 14, 1, 13, 4, 6, 7]|[0, 2, 1, 2, 1, 1, 0, 0, 2, 0, 1, 2, 1, 1, 0, 0, 0, 2, 1, 0]|[3, 0, 1, 0, 1, 1, 3, 3, 0, 3, 1, 0, 1, 1, 3, 3, 3, 0, 1, 3]|[2, 1, 1, 0, 1, 1, 0, 0, 1, 2, 1, 0, 1, 1, 0, 2, 0, 1, 1, 0];[0, 19, 16, 15, 11, 8, 12, 18, 5, 3, 17, 2, 9, 10, 14, 1, 13, 4, 6, 7]|[0, 2, 1, 2, 1, 1, 0, 0, 2, 0, 1, 2, 1, 1, 0, 0, 0, 2, 1, 0]|[3, 0, 1, 0, 1, 1, 3, 3, 0, 3, 1, 0, 1, 1, 3, 3, 3, 0, 1, 3]|[2, 1, 1, 0, 1, 1, 0, 0, 1, 2, 1, 0, 1, 1, 0, 2, 0, 1, 1, 0];[0, 19, 16, 10, 15, 11, 12, 1, 5, 14, 6, 3, 9, 7, 13, 18, 17, 4, 2, 8]|[0, 2, 1, 1, 2, 1, 0, 0, 2, 0, 1, 2, 1, 1, 0, 0, 0, 2, 1, 0]|[3, 0, 1, 1, 0, 1, 2, 0, 0, 3, 1, 0, 1, 1, 3, 3, 3, 0, 1, 3]|[1, 1, 1, 0, 0, 1, 0, 2, 1, 2, 1, 0, 1, 0, 0, 2, 0, 1, 1, 0];[0, 19, 16, 10, 15, 11, 12, 18, 5, 3, 17, 2, 9, 7, 14, 1, 6, 4, 13, 8]|[0, 2, 1, 1, 2, 1, 0, 0, 2, 0, 1, 2, 1, 1, 0, 0, 0, 2, 1, 0]|[3, 0, 1, 1, 0, 1, 3, 0, 0, 3, 1, 0, 1, 1, 3, 3, 3, 0, 1, 3]|[0, 1, 1, 1, 0, 1, 2, 0, 1, 2, 1, 0, 1, 1, 0, 2, 0, 1, 1, 0];[0, 19, 16, 10, 15, 11, 12, 1, 5, 14, 17, 4, 9, 13, 18, 7, 3, 2, 6, 8]|[0, 2, 1, 1, 2, 1, 0, 0, 2, 0, 1, 2, 1, 1, 0, 0, 0, 2, 1, 0]|[3, 0, 1, 1, 0, 1, 2, 0, 0, 0, 0, 0, 0, 1, 3, 3, 3, 0, 1, 3]|[1, 1, 1, 1, 0, 1, 0, 2, 1, 2, 1, 0, 1, 0, 0, 2, 0, 1, 1, 2];[0, 19, 16, 10, 15, 11, 12, 1, 5, 18, 7, 6, 9, 3, 14, 17, 2, 4, 8, 13]|[0, 2, 1, 1, 2, 1, 0, 0, 2, 0, 1, 2, 1, 1, 0, 0, 0, 2, 1, 0]|[3, 0, 1, 1, 0, 1, 2, 0, 0, 3, 1, 0, 1, 1, 3, 3, 3, 0, 1, 3]|[1, 1, 1, 0, 0, 1, 0, 2, 1, 2, 1, 0, 1, 1, 0, 2, 0, 1, 1, 0];[0, 19, 16, 10, 15, 11, 12, 8, 5, 14, 17, 2, 3, 9, 18, 1, 6, 4, 13, 7]|[0, 2, 1, 1, 2, 1, 0, 0, 2, 0, 1, 2, 1, 1, 0, 0, 0, 2, 1, 0]|[3, 0, 1, 1, 0, 1, 2, 0, 0, 3, 1, 0, 1, 1, 3, 3, 3, 0, 1, 3]|[1, 1, 1, 0, 0, 1, 0, 2, 1, 2, 1, 0, 1, 1, 0, 2, 0, 1, 1, 0];[0, 19, 16, 10, 15, 11, 12, 1, 5, 14, 17, 4, 9, 13, 18, 7, 3, 2, 6, 8]|[0, 2, 1, 1, 2, 1, 0, 0, 2, 0, 1, 2, 1, 1, 0, 0, 0, 2, 1, 0]|[3, 0, 1, 1, 0, 1, 2, 0, 0, 0, 0, 0, 0, 1, 3, 3, 3, 0, 1, 3]|[1, 1, 1, 1, 0, 1, 0, 2, 1, 2, 1, 0, 1, 0, 0, 2, 0, 1, 1, 2];[14, 19, 5, 10, 15, 11, 8, 12, 16, 1, 17, 4, 9, 13, 2, 18, 0, 6, 3, 7]|[0, 2, 1, 1, 2, 1, 0, 0, 2, 0, 1, 2, 1, 1, 0, 0, 0, 2, 1, 0]|[3, 0, 1, 1, 0, 1, 3, 3, 0, 3, 1, 0, 1, 1, 3, 3, 3, 0, 1, 3]|[0, 1, 1, 0, 0, 1, 2, 0, 1, 2, 1, 0, 1, 1, 0, 2, 0, 1, 1, 2];[14, 19, 5, 10, 15, 11, 8, 12, 16, 1, 17, 4, 9, 13, 2, 18, 0, 6, 3, 7]|[0, 2, 1, 1, 2, 1, 0, 0, 2, 0, 1, 2, 1, 1, 0, 0, 0, 2, 1, 0]|[3, 0, 1, 1, 0, 1, 3, 3, 0, 3, 1, 0, 1, 1, 3, 3, 3, 0, 1, 3]|[0, 1, 1, 0, 0, 1, 2, 0, 1, 2, 1, 0, 1, 1, 0, 2, 0, 1, 1, 2];[0, 16, 11, 10, 12, 1, 5, 2, 6, 7, 3, 17, 13, 9, 18, 19, 4, 15, 14, 8]|[0, 1, 1, 1, 0, 0, 2, 0, 2, 1, 1, 1, 0, 0, 0, 2, 2, 2, 1, 0]|[3, 1, 1, 1, 2, 0, 1, 0, 0, 0, 1, 0, 3, 3, 3, 0, 0, 0, 1, 3]|[1, 1, 1, 1, 0, 2, 1, 2, 0, 1, 0, 1, 0, 2, 0, 1, 1, 1, 1, 2];[0, 19, 16, 10, 15, 11, 12, 18, 5, 3, 17, 4, 9, 1, 8, 13, 7, 6, 2, 14]|[0, 2, 1, 1, 2, 1, 0, 0, 2, 0, 1, 2, 1, 1, 0, 0, 0, 2, 1, 0]|[3, 0, 1, 1, 0, 1, 2, 0, 0, 0, 0, 0, 0, 1, 3, 3, 3, 0, 1, 3]|[1, 1, 1, 1, 0, 1, 0, 2, 1, 2, 1, 0, 1, 0, 0, 2, 0, 1, 1, 0];[0, 19, 16, 10, 15, 11, 12, 1, 5, 18, 17, 3, 9, 6, 8, 2, 7, 4, 14, 13]|[0, 2, 1, 1, 2, 1, 0, 0, 2, 0, 1, 2, 1, 1, 0, 0, 0, 2, 1, 0]|[3, 0, 1, 1, 0, 1, 2, 3, 0, 2, 1, 0, 1, 1, 3, 3, 3, 0, 1, 3]|[0, 1, 1, 0, 0, 1, 0, 2, 1, 2, 1, 0, 1, 1, 0, 2, 2, 1, 1, 0];[0, 19, 5, 10, 15, 11, 18, 1, 16, 7, 12, 6, 9, 13, 17, 2, 3, 4, 8, 14]|[0, 2, 1, 1, 2, 1, 0, 0, 2, 0, 1, 2, 1, 1, 0, 0, 0, 2, 1, 0]|[3, 0, 1, 1, 0, 1, 2, 0, 0, 0, 0, 0, 0, 1, 3, 3, 3, 0, 1, 3]|[1, 1, 1, 1, 0, 1, 0, 2, 1, 1, 1, 0, 1, 0, 0, 2, 2, 1, 1, 0];[0, 19, 16, 10, 15, 11, 12, 18, 5, 3, 17, 4, 9, 1, 8, 13, 7, 6, 2, 14]|[0, 2, 1, 1, 2, 1, 0, 0, 2, 0, 1, 2, 1, 1, 0, 0, 0, 2, 1, 0]|[3, 0, 1, 1, 0, 1, 2, 0, 0, 0, 0, 0, 0, 1, 3, 3, 3, 0, 1, 3]|[1, 1, 1, 1, 0, 1, 0, 2, 1, 2, 1, 0, 1, 0, 0, 2, 0, 1, 1, 0];[0, 16, 11, 10, 12, 1, 5, 2, 6, 7, 3, 17, 13, 9, 18, 19, 4, 15, 14, 8]|[0, 1, 1, 1, 0, 0, 2, 0, 2, 1, 1, 1, 0, 0, 0, 2, 2, 2, 1, 0]|[3, 1, 1, 1, 2, 0, 1, 0, 0, 0, 1, 0, 3, 3, 3, 0, 0, 0, 1, 3]|[1, 1, 1, 1, 0, 2, 1, 2, 0, 1, 0, 1, 0, 2, 0, 1, 1, 1, 1, 2];[0, 19, 16, 10, 15, 11, 12, 18, 5, 1, 7, 2, 9, 17, 6, 13, 14, 4, 3, 8]|[0, 2, 1, 1, 2, 1, 0, 0, 2, 0, 1, 2, 1, 1, 0, 0, 0, 2, 0, 0]|[3, 0, 1, 1, 0, 1, 2, 0, 0, 0, 0, 0, 0, 1, 3, 3, 3, 0, 0, 3]|[1, 1, 0, 1, 0, 1, 0, 2, 1, 2, 1, 0, 1, 0, 0, 0, 2, 1, 1, 0];[0, 19, 16, 10, 15, 11, 12, 3, 5, 18, 6, 17, 7, 1, 2, 14, 13, 4, 9, 8]|[0, 2, 1, 1, 2, 1, 0, 0, 2, 0, 1, 2, 1, 1, 0, 0, 0, 2, 1, 0]|[3, 0, 1, 1, 0, 0, 2, 0, 0, 3, 1, 0, 1, 1, 3, 3, 3, 0, 1, 3]|[1, 1, 1, 0, 0, 1, 0, 2, 1, 2, 1, 0, 1, 1, 0, 2, 0, 1, 1, 2];[19, 16, 15, 12, 1, 0, 5, 14, 2, 13, 3, 8, 6, 4, 17, 9, 10, 11, 18, 7]|[2, 1, 2, 0, 0, 0, 2, 1, 2, 1, 0, 0, 0, 2, 1, 1, 1, 1, 0, 0]|[0, 1, 0, 3, 3, 3, 0, 1, 0, 1, 3, 3, 3, 0, 1, 1, 1, 1, 3, 3]|[1, 1, 0, 0, 2, 0, 1, 1, 0, 1, 0, 2, 0, 1, 1, 1, 1, 1, 2, 0];[19, 16, 15, 12, 1, 0, 5, 14, 2, 13, 3, 8, 6, 4, 17, 9, 10, 11, 18, 7]|[2, 1, 2, 0, 0, 0, 2, 1, 2, 1, 0, 0, 0, 2, 1, 1, 1, 1, 0, 0]|[0, 1, 0, 3, 3, 3, 0, 1, 0, 1, 3, 3, 3, 0, 1, 1, 1, 1, 3, 3]|[1, 1, 0, 0, 2, 0, 1, 1, 0, 1, 0, 2, 0, 1, 1, 1, 1, 1, 2, 0];[0, 19, 16, 10, 15, 11, 12, 1, 5, 7, 17, 6, 18, 9, 13, 3, 14, 4, 2, 8]|[0, 2, 1, 1, 2, 1, 0, 0, 2, 0, 1, 2, 1, 1, 0, 0, 0, 2, 0, 0]|[3, 0, 1, 1, 0, 1, 2, 0, 0, 0, 0, 0, 0, 1, 3, 3, 3, 0, 0, 3]|[1, 1, 1, 0, 0, 1, 0, 2, 1, 2, 1, 0, 1, 0, 0, 2, 0, 1, 1, 2];[0, 19, 16, 10, 15, 11, 12, 1, 5, 7, 17, 6, 18, 9, 13, 3, 14, 4, 2, 8]|[0, 2, 1, 1, 2, 1, 0, 0, 2, 0, 1, 2, 1, 1, 0, 0, 0, 2, 0, 0]|[3, 0, 1, 1, 0, 1, 2, 0, 0, 0, 0, 0, 0, 1, 3, 3, 3, 0, 0, 3]|[1, 1, 1, 0, 0, 1, 0, 2, 1, 2, 1, 0, 1, 0, 0, 2, 0, 1, 1, 2];[19, 5, 10, 15, 11, 2, 16, 8, 1, 9, 3, 17, 12, 0, 13, 6, 14, 4, 7, 18]|[2, 1, 1, 2, 1, 0, 2, 0, 1, 1, 2, 1, 0, 0, 0, 0, 1, 2, 0, 0]|[0, 1, 1, 0, 1, 3, 0, 3, 1, 1, 0, 1, 3, 3, 3, 3, 1, 0, 3, 3]|[1, 1, 0, 0, 1, 2, 1, 0, 1, 1, 0, 1, 2, 0, 2, 0, 1, 1, 2, 0];[0, 19, 16, 10, 15, 11, 12, 1, 5, 18, 17, 4, 9, 14, 8, 3, 13, 6, 2, 7]|[0, 2, 1, 1, 2, 1, 0, 0, 2, 0, 1, 2, 1, 1, 0, 0, 0, 2, 1, 0]|[3, 0, 1, 1, 0, 1, 3, 0, 0, 3, 1, 0, 1, 1, 3, 3, 3, 0, 1, 3]|[2, 1, 1, 1, 0, 1, 0, 0, 1, 2, 1, 0, 1, 1, 0, 2, 0, 1, 1, 0];[0, 19, 16, 10, 15, 11, 12, 18, 5, 14, 3, 1, 9, 17, 2, 8, 13, 4, 6, 7]|[0, 2, 1, 1, 2, 1, 0, 0, 2, 0, 1, 2, 1, 1, 0, 0, 0, 2, 1, 0]|[3, 0, 1, 1, 0, 1, 2, 0, 0, 0, 1, 0, 1, 1, 3, 3, 3, 0, 1, 3]|[1, 1, 1, 1, 0, 1, 0, 2, 1, 2, 1, 0, 1, 1, 0, 2, 0, 1, 1, 0];[0, 19, 16, 10, 15, 11, 18, 8, 5, 12, 2, 6, 7, 17, 9, 1, 3, 4, 13, 14]|[0, 2, 1, 1, 2, 1, 0, 0, 2, 0, 1, 2, 1, 1, 0, 0, 0, 2, 1, 0]|[3, 0, 1, 1, 0, 1, 3, 2, 0, 0, 1, 0, 0, 1, 3, 3, 3, 0, 1, 3]|[1, 1, 1, 1, 0, 1, 0, 2, 1, 2, 1, 0, 1, 1, 0, 2, 0, 1, 1, 2];[0, 19, 16, 10, 15, 11, 12, 18, 5, 8, 17, 1, 9, 13, 3, 6, 7, 4, 2, 14]|[0, 2, 1, 1, 2, 1, 0, 0, 2, 0, 1, 2, 1, 1, 0, 0, 0, 2, 1, 0]|[3, 0, 1, 1, 0, 1, 3, 0, 0, 3, 1, 0, 1, 1, 3, 3, 3, 0, 1, 3]|[0, 1, 1, 1, 0, 1, 2, 0, 1, 2, 1, 0, 1, 1, 0, 2, 0, 1, 1, 0];[19, 5, 10, 15, 11, 2, 16, 8, 1, 9, 3, 17, 12, 0, 13, 6, 14, 4, 7, 18]|[2, 1, 1, 2, 1, 0, 2, 0, 1, 1, 2, 1, 0, 0, 0, 0, 1, 2, 0, 0]|[0, 1, 1, 0, 1, 3, 0, 3, 1, 1, 0, 1, 3, 3, 3, 3, 1, 0, 3, 3]|[1, 1, 0, 0, 1, 2, 1, 0, 1, 1, 0, 1, 2, 0, 2, 0, 1, 1, 2, 0];[0, 19, 16, 10, 15, 11, 12, 1, 5, 14, 17, 4, 9, 7, 8, 13, 18, 6, 2, 3]|[0, 2, 1, 1, 2, 1, 0, 0, 2, 0, 1, 2, 1, 1, 0, 0, 0, 2, 1, 0]|[3, 0, 1, 1, 0, 1, 2, 0, 0, 0, 0, 0, 0, 1, 3, 3, 3, 0, 1, 3]|[1, 1, 1, 1, 0, 1, 0, 2, 1, 2, 1, 0, 1, 0, 0, 2, 0, 1, 1, 0];[0, 19, 5, 15, 11, 10, 12, 18, 16, 1, 9, 6, 17, 14, 8, 3, 13, 4, 2, 7]|[0, 2, 1, 2, 1, 1, 0, 0, 2, 0, 1, 2, 1, 1, 0, 0, 0, 2, 1, 0]|[3, 0, 1, 0, 1, 1, 3, 0, 0, 3, 1, 0, 1, 1, 3, 3, 3, 0, 1, 3]|[1, 1, 1, 0, 1, 1, 0, 2, 1, 2, 1, 0, 1, 1, 0, 2, 0, 1, 1, 0];[0, 19, 16, 10, 15, 11, 12, 18, 5, 7, 17, 4, 9, 3, 8, 14, 6, 2, 13, 1]|[0, 2, 1, 1, 2, 1, 0, 0, 2, 0, 1, 2, 1, 1, 0, 0, 0, 2, 1, 0]|[3, 0, 1, 1, 0, 1, 3, 0, 0, 3, 1, 0, 0, 1, 3, 3, 3, 0, 1, 3]|[1, 1, 1, 0, 0, 1, 0, 2, 1, 2, 1, 0, 1, 0, 0, 2, 0, 1, 1, 2];[0, 19, 16, 10, 15, 11, 12, 1, 5, 14, 17, 6, 9, 7, 2, 13, 8, 4, 3, 18]|[0, 2, 1, 1, 2, 1, 0, 0, 2, 0, 1, 2, 1, 1, 0, 0, 0, 2, 1, 0]|[3, 0, 1, 1, 0, 1, 3, 0, 0, 3, 1, 0, 1, 1, 3, 3, 3, 0, 1, 3]|[1, 1, 1, 0, 0, 1, 0, 2, 1, 2, 1, 0, 1, 1, 0, 2, 0, 1, 1, 0];[0, 19, 16, 10, 15, 11, 18, 8, 5, 12, 17, 2, 7, 9, 1, 14, 6, 4, 13, 3]|[0, 2, 1, 1, 2, 1, 0, 0, 2, 0, 1, 2, 1, 1, 0, 0, 0, 2, 1, 0]|[3, 0, 1, 1, 0, 1, 3, 0, 0, 0, 1, 0, 0, 1, 3, 3, 3, 0, 1, 3]|[1, 1, 1, 0, 0, 1, 0, 2, 1, 2, 1, 0, 1, 0, 0, 2, 0, 1, 1, 0];[2, 19, 5, 10, 15, 11, 18, 16, 1, 3, 14, 7, 6, 8, 12, 17, 4, 9, 13, 0]|[0, 2, 1, 1, 2, 1, 0, 2, 0, 1, 2, 0, 0, 0, 0, 1, 2, 1, 1, 0]|[3, 0, 1, 1, 0, 1, 3, 0, 3, 1, 0, 3, 3, 3, 3, 1, 0, 1, 1, 3]|[0, 1, 1, 1, 0, 1, 2, 1, 0, 1, 1, 0, 2, 0, 2, 1, 0, 1, 1, 0];[2, 19, 5, 10, 15, 11, 18, 16, 1, 3, 14, 7, 6, 8, 12, 17, 4, 9, 13, 0]|[0, 2, 1, 1, 2, 1, 0, 2, 0, 1, 2, 0, 0, 0, 0, 1, 2, 1, 1, 0]|[3, 0, 1, 1, 0, 1, 3, 0, 3, 1, 0, 3, 3, 3, 3, 1, 0, 1, 1, 3]|[0, 1, 1, 1, 0, 1, 2, 1, 0, 1, 1, 0, 2, 0, 2, 1, 0, 1, 1, 0];[0, 19, 5, 6, 15, 11, 18, 1, 16, 12, 2, 17, 9, 13, 7, 14, 8, 4, 10, 3]|[0, 2, 1, 1, 2, 1, 0, 0, 2, 0, 2, 1, 1, 1, 0, 0, 0, 2, 1, 0]|[3, 0, 1, 1, 0, 1, 3, 3, 0, 3, 0, 1, 1, 1, 3, 3, 3, 0, 1, 3]|[0, 1, 1, 1, 0, 1, 2, 0, 1, 2, 0, 1, 1, 1, 0, 2, 0, 1, 1, 2];[0, 19, 5, 10, 7, 11, 12, 18, 16, 14, 15, 6, 9, 17, 2, 13, 8, 4, 3, 1]|[0, 2, 1, 1, 2, 1, 0, 0, 2, 0, 1, 2, 1, 1, 0, 0, 0, 2, 1, 0]|[3, 0, 1, 1, 0, 1, 3, 0, 0, 3, 1, 0, 1, 1, 3, 3, 3, 0, 1, 3]|[1, 1, 1, 0, 0, 1, 0, 2, 1, 2, 1, 0, 1, 1, 0, 2, 0, 1, 1, 0];[0, 19, 16, 10, 15, 11, 12, 8, 5, 18, 7, 6, 9, 14, 17, 13, 2, 4, 3, 1]|[0, 2, 1, 1, 2, 1, 0, 0, 2, 0, 1, 2, 1, 1, 0, 0, 0, 2, 1, 0]|[3, 0, 1, 1, 0, 0, 1, 0, 0, 0, 0, 0, 0, 1, 3, 3, 3, 0, 1, 3]|[1, 1, 1, 1, 0, 1, 0, 2, 1, 2, 1, 0, 1, 0, 0, 2, 0, 1, 1, 2];[0, 19, 5, 15, 16, 18, 12, 4, 8, 10, 6, 7, 17, 11, 14, 13, 3, 9, 2, 1]|[0, 2, 1, 2, 1, 0, 0, 2, 0, 1, 2, 1, 1, 1, 0, 0, 0, 2, 1, 0]|[0, 0, 1, 0, 1, 3, 3, 0, 3, 1, 0, 1, 1, 1, 3, 3, 3, 0, 1, 3]|[2, 1, 1, 0, 1, 0, 0, 1, 2, 1, 0, 1, 1, 1, 0, 2, 0, 1, 1, 2];[19, 5, 10, 15, 11, 12, 8, 16, 14, 2, 17, 3, 9, 13, 0, 18, 7, 4, 6, 1]|[2, 1, 1, 2, 1, 0, 0, 2, 0, 0, 1, 2, 1, 1, 0, 0, 0, 2, 1, 0]|[0, 1, 1, 0, 1, 3, 3, 0, 3, 3, 1, 0, 1, 1, 3, 3, 3, 0, 1, 3]|[1, 1, 1, 0, 1, 0, 2, 1, 0, 2, 1, 0, 1, 1, 0, 2, 0, 1, 1, 2];[19, 5, 10, 15, 11, 12, 8, 16, 14, 2, 17, 3, 9, 13, 0, 18, 7, 4, 6, 1]|[2, 1, 1, 2, 1, 0, 0, 2, 0, 0, 1, 2, 1, 1, 0, 0, 0, 2, 1, 0]|[0, 1, 1, 0, 1, 3, 3, 0, 3, 3, 1, 0, 1, 1, 3, 3, 3, 0, 1, 3]|[1, 1, 1, 0, 1, 0, 2, 1, 0, 2, 1, 0, 1, 1, 0, 2, 0, 1, 1, 2];[0, 19, 16, 10, 15, 11, 18, 8, 5, 12, 3, 6, 9, 7, 14, 13, 1, 4, 2, 17]|[0, 2, 1, 1, 2, 1, 0, 0, 2, 0, 1, 2, 1, 1, 0, 0, 0, 2, 1, 0]|[3, 0, 1, 1, 0, 1, 3, 2, 0, 3, 1, 0, 1, 1, 3, 3, 3, 0, 1, 3]|[1, 1, 1, 0, 0, 1, 0, 2, 1, 2, 1, 0, 1, 1, 0, 2, 0, 1, 1, 2];[0, 19, 16, 15, 6, 3, 5, 12, 18, 11, 2, 9, 10, 8, 7, 14, 13, 4, 17, 1]|[0, 2, 1, 2, 1, 0, 2, 0, 0, 1, 2, 1, 1, 1, 0, 0, 0, 2, 1, 0]|[3, 0, 1, 0, 1, 3, 0, 3, 3, 1, 0, 1, 1, 1, 3, 3, 3, 0, 1, 3]|[0, 1, 1, 0, 1, 2, 1, 2, 0, 1, 0, 1, 1, 1, 0, 2, 0, 1, 1, 2];[0, 19, 16, 15, 6, 3, 5, 12, 18, 11, 2, 9, 10, 8, 7, 14, 13, 4, 17, 1]|[0, 2, 1, 2, 1, 0, 2, 0, 0, 1, 2, 1, 1, 1, 0, 0, 0, 2, 1, 0]|[3, 0, 1, 0, 1, 3, 0, 3, 3, 1, 0, 1, 1, 1, 3, 3, 3, 0, 1, 3]|[0, 1, 1, 0, 1, 2, 1, 2, 0, 1, 0, 1, 1, 1, 0, 2, 0, 1, 1, 2];[0, 19, 16, 10, 15, 11, 18, 1, 5, 12, 17, 6, 9, 3, 13, 14, 2, 4, 7, 8]|[0, 2, 1, 1, 2, 1, 0, 0, 2, 0, 1, 2, 1, 1, 0, 0, 0, 2, 0, 0]|[3, 0, 1, 1, 0, 1, 2, 0, 0, 0, 0, 0, 0, 1, 3, 3, 3, 0, 0, 3]|[1, 1, 1, 0, 0, 1, 0, 2, 1, 2, 1, 0, 1, 0, 0, 2, 0, 1, 1, 1];[14, 19, 16, 10, 11, 15, 12, 8, 4, 1, 18, 3, 17, 9, 13, 7, 2, 5, 6, 0]|[0, 2, 1, 1, 2, 1, 0, 0, 2, 0, 0, 1, 2, 1, 1, 0, 0, 2, 1, 0]|[3, 0, 1, 1, 0, 1, 3, 3, 0, 3, 3, 1, 0, 1, 1, 3, 3, 0, 1, 3]|[0, 1, 1, 1, 0, 1, 2, 0, 1, 2, 0, 1, 0, 0, 1, 0, 2, 1, 1, 0];[14, 19, 16, 10, 11, 15, 12, 8, 4, 1, 18, 3, 17, 9, 13, 7, 2, 5, 6, 0]|[0, 2, 1, 1, 2, 1, 0, 0, 2, 0, 0, 1, 2, 1, 1, 0, 0, 2, 1, 0]|[3, 0, 1, 1, 0, 1, 3, 3, 0, 3, 3, 1, 0, 1, 1, 3, 3, 0, 1, 3]|[0, 1, 1, 1, 0, 1, 2, 0, 1, 2, 0, 1, 0, 0, 1, 0, 2, 1, 1, 0];[0, 19, 16, 10, 15, 11, 18, 1, 5, 12, 17, 6, 9, 3, 2, 14, 13, 4, 7, 8]|[0, 2, 1, 1, 2, 1, 0, 0, 2, 0, 1, 2, 0, 1, 0, 0, 0, 2, 0, 0]|[3, 0, 1, 1, 0, 1, 2, 0, 0, 0, 0, 0, 0, 1, 3, 3, 3, 1, 3, 3]|[1, 1, 1, 0, 0, 1, 0, 2, 1, 2, 1, 0, 1, 0, 0, 2, 0, 0, 1, 0];[19, 5, 11, 6, 17, 12, 16, 1, 9, 15, 10, 2, 0, 3, 18, 14, 4, 13, 7, 8]|[2, 1, 1, 2, 1, 0, 2, 0, 1, 2, 1, 0, 0, 0, 0, 0, 2, 1, 1, 0]|[1, 1, 1, 0, 1, 3, 0, 0, 1, 0, 1, 3, 0, 3, 2, 3, 0, 1, 1, 3]|[1, 1, 1, 0, 1, 0, 1, 2, 1, 0, 1, 0, 0, 2, 1, 2, 1, 1, 1, 0]	sBp=[0, 19, 16, 10, 15, 11, 12, 1, 5, 14, 17, 4, 9, 7, 2, 13, 18, 6, 3, 8]|[0, 2, 1, 1, 2, 1, 0, 0, 2, 0, 1, 2, 1, 1, 0, 0, 0, 2, 1, 0]|[3, 0, 1, 1, 0, 1, 2, 0, 0, 0, 1, 0, 1, 1, 3, 3, 3, 0, 1, 3]|[1, 1, 1, 0, 0, 1, 0, 2, 1, 2, 1, 0, 1, 1, 0, 2, 0, 1, 1, 2];[0, 19, 16, 10, 15, 11, 12, 1, 4, 3, 17, 14, 9, 2, 13, 7, 8, 5, 6, 18]|[0, 2, 1, 1, 2, 1, 0, 0, 2, 0, 1, 2, 1, 1, 0, 0, 0, 2, 0, 0]|[3, 0, 1, 1, 0, 1, 2, 0, 0, 3, 1, 0, 1, 1, 3, 3, 3, 0, 0, 3]|[1, 1, 1, 1, 0, 1, 0, 2, 1, 2, 1, 0, 1, 1, 0, 2, 0, 1, 1, 2];[0, 19, 16, 10, 15, 11, 12, 1, 5, 14, 17, 4, 9, 7, 2, 13, 18, 6, 3, 8]|[0, 2, 1, 1, 2, 1, 0, 0, 2, 0, 1, 2, 1, 1, 0, 0, 0, 2, 1, 0]|[3, 0, 1, 1, 0, 1, 2, 0, 0, 0, 1, 0, 1, 1, 3, 3, 3, 0, 1, 3]|[1, 1, 1, 0, 0, 1, 0, 2, 1, 2, 1, 0, 1, 1, 0, 2, 0, 1, 1, 2];[3, 12, 5, 8, 17, 11, 15, 10, 16, 19, 0, 2, 9, 6, 18, 1, 13, 4, 7, 14]|[0, 0, 2, 0, 0, 1, 2, 1, 1, 2, 0, 2, 0, 1, 0, 0, 0, 2, 0, 0]|[3, 0, 0, 0, 0, 1, 0, 1, 1, 0, 3, 0, 0, 1, 3, 3, 3, 0, 3, 3]|[0, 2, 1, 2, 2, 1, 0, 0, 1, 1, 1, 0, 1, 1, 0, 0, 2, 1, 1, 0];[3, 12, 5, 8, 17, 11, 15, 10, 16, 19, 0, 2, 9, 6, 18, 1, 13, 4, 7, 14]|[0, 0, 2, 0, 0, 1, 2, 1, 1, 2, 0, 2, 0, 1, 0, 0, 0, 2, 0, 0]|[3, 0, 0, 0, 0, 1, 0, 1, 1, 0, 3, 0, 0, 1, 3, 3, 3, 0, 3, 3]|[0, 2, 1, 2, 2, 1, 0, 0, 1, 1, 1, 0, 1, 1, 0, 0, 2, 1, 1, 0];[0, 19, 16, 10, 15, 11, 12, 18, 5, 3, 17, 2, 7, 9, 6, 14, 8, 4, 13, 1]|[0, 2, 1, 1, 2, 1, 0, 0, 2, 0, 1, 2, 1, 1, 0, 0, 0, 2, 1, 0]|[3, 0, 1, 1, 0, 1, 2, 0, 0, 0, 1, 0, 1, 1, 3, 3, 3, 0, 1, 3]|[1, 1, 1, 0, 0, 1, 0, 2, 1, 2, 1, 0, 1, 1, 0, 2, 0, 1, 1, 0];[0, 19, 16, 10, 15, 11, 12, 18, 5, 7, 17, 1, 9, 3, 6, 13, 8, 4, 2, 14]|[0, 2, 1, 1, 2, 1, 0, 0, 2, 0, 1, 2, 1, 1, 0, 0, 0, 2, 1, 0]|[3, 0, 1, 1, 0, 0, 2, 0, 0, 0, 1, 0, 1, 1, 3, 3, 3, 0, 1, 3]|[1, 1, 1, 0, 0, 1, 0, 2, 1, 2, 1, 0, 1, 1, 0, 2, 0, 1, 1, 2];[18, 1, 5, 12, 11, 15, 10, 16, 19, 0, 2, 9, 17, 7, 14, 13, 4, 6, 3, 8]|[0, 0, 2, 0, 1, 2, 1, 1, 2, 0, 2, 0, 1, 0, 0, 0, 2, 0, 0, 0]|[0, 0, 0, 2, 1, 0, 1, 1, 0, 3, 0, 0, 1, 0, 3, 3, 0, 3, 3, 3]|[2, 2, 1, 0, 1, 0, 0, 1, 1, 1, 0, 1, 0, 1, 0, 0, 1, 2, 1, 0];[18, 1, 5, 12, 11, 15, 10, 16, 19, 0, 2, 9, 17, 7, 14, 13, 4, 6, 3, 8]|[0, 0, 2, 0, 1, 2, 1, 1, 2, 0, 2, 0, 1, 0, 0, 0, 2, 0, 0, 0]|[0, 0, 0, 2, 1, 0, 1, 1, 0, 3, 0, 0, 1, 0, 3, 3, 0, 3, 3, 3]|[2, 2, 1, 0, 1, 0, 0, 1, 1, 1, 0, 1, 0, 1, 0, 0, 1, 2, 1, 0];[18, 5, 1, 12, 11, 15, 10, 16, 19, 7, 4, 14, 17, 13, 0, 9, 2, 8, 6, 3]|[0, 2, 0, 0, 1, 2, 1, 1, 2, 0, 2, 0, 1, 0, 0, 0, 2, 0, 0, 0]|[2, 0, 0, 3, 1, 0, 1, 1, 0, 3, 0, 0, 1, 3, 3, 0, 0, 3, 3, 3]|[2, 1, 2, 0, 1, 0, 0, 1, 1, 1, 0, 1, 1, 0, 2, 1, 1, 0, 2, 0];[18, 5, 1, 12, 11, 15, 10, 16, 19, 7, 4, 14, 17, 13, 0, 9, 2, 8, 6, 3]|[0, 2, 0, 0, 1, 2, 1, 1, 2, 0, 2, 0, 1, 0, 0, 0, 2, 0, 0, 0]|[2, 0, 0, 3, 1, 0, 1, 1, 0, 3, 0, 0, 1, 3, 3, 0, 0, 3, 3, 3]|[2, 1, 2, 0, 1, 0, 0, 1, 1, 1, 0, 1, 1, 0, 2, 1, 1, 0, 2, 0];[0, 19, 16, 11, 2, 18, 5, 1, 12, 10, 15, 9, 17, 14, 13, 6, 4, 3, 7, 8]|[0, 2, 1, 1, 2, 0, 2, 0, 0, 1, 2, 1, 1, 0, 0, 0, 2, 1, 1, 0]|[2, 1, 1, 1, 0, 0, 0, 0, 3, 1, 0, 0, 1, 3, 3, 3, 0, 1, 1, 3]|[1, 1, 1, 1, 0, 2, 1, 2, 0, 1, 0, 1, 0, 0, 2, 0, 1, 1, 1, 2];[0, 19, 16, 11, 2, 18, 5, 1, 12, 10, 15, 9, 17, 14, 13, 6, 4, 3, 7, 8]|[0, 2, 1, 1, 2, 0, 2, 0, 0, 1, 2, 1, 1, 0, 0, 0, 2, 1, 1, 0]|[2, 1, 1, 1, 0, 0, 0, 0, 3, 1, 0, 0, 1, 3, 3, 3, 0, 1, 1, 3]|[1, 1, 1, 1, 0, 2, 1, 2, 0, 1, 0, 1, 0, 0, 2, 0, 1, 1, 1, 2];[12, 5, 8, 3, 11, 15, 10, 16, 19, 0, 17, 2, 9, 6, 1, 13, 14, 4, 7, 18]|[0, 2, 0, 0, 1, 2, 1, 1, 2, 0, 0, 2, 0, 1, 0, 0, 0, 2, 0, 0]|[0, 0, 0, 3, 1, 0, 1, 1, 0, 3, 0, 0, 0, 1, 3, 3, 3, 0, 3, 3]|[2, 1, 2, 0, 1, 0, 0, 1, 1, 1, 1, 0, 1, 1, 0, 2, 0, 1, 1, 0];[12, 5, 8, 3, 11, 15, 10, 16, 19, 0, 17, 2, 9, 6, 1, 13, 14, 4, 7, 18]|[0, 2, 0, 0, 1, 2, 1, 1, 2, 0, 0, 2, 0, 1, 0, 0, 0, 2, 0, 0]|[0, 0, 0, 3, 1, 0, 1, 1, 0, 3, 0, 0, 0, 1, 3, 3, 3, 0, 3, 3]|[2, 1, 2, 0, 1, 0, 0, 1, 1, 1, 1, 0, 1, 1, 0, 2, 0, 1, 1, 0];[0, 19, 16, 10, 15, 11, 12, 1, 5, 7, 17, 6, 9, 14, 8, 3, 13, 2, 4, 18]|[0, 2, 1, 1, 2, 1, 0, 0, 2, 0, 1, 2, 0, 1, 0, 0, 0, 2, 1, 0]|[3, 0, 1, 1, 0, 1, 2, 0, 0, 0, 1, 0, 0, 1, 3, 3, 3, 0, 0, 3]|[1, 1, 1, 1, 0, 1, 0, 2, 1, 2, 1, 0, 1, 0, 0, 2, 0, 1, 1, 2];[0, 19, 16, 10, 15, 11, 12, 1, 5, 7, 17, 6, 9, 14, 8, 3, 13, 2, 4, 18]|[0, 2, 1, 1, 2, 1, 0, 0, 2, 0, 1, 2, 0, 1, 0, 0, 0, 2, 1, 0]|[3, 0, 1, 1, 0, 1, 2, 0, 0, 0, 1, 0, 0, 1, 3, 3, 3, 0, 0, 3]|[1, 1, 1, 1, 0, 1, 0, 2, 1, 2, 1, 0, 1, 0, 0, 2, 0, 1, 1, 2];[0, 19, 16, 10, 15, 11, 12, 18, 5, 6, 17, 8, 9, 13, 3, 1, 7, 4, 14, 2]|[0, 2, 1, 1, 2, 1, 0, 0, 2, 0, 1, 2, 1, 1, 0, 0, 0, 2, 1, 0]|[3, 0, 1, 1, 0, 0, 2, 0, 0, 3, 1, 0, 1, 1, 3, 3, 3, 0, 1, 3]|[0, 1, 1, 0, 0, 1, 0, 2, 1, 2, 1, 0, 1, 1, 0, 2, 0, 1, 1, 2];[12, 8, 4, 3, 13, 14, 17, 9, 2, 7, 18, 5, 1, 6, 11, 15, 10, 16, 19, 0]|[0, 0, 2, 0, 0, 0, 1, 0, 2, 0, 0, 2, 0, 0, 1, 2, 1, 1, 2, 0]|[3, 0, 0, 3, 3, 3, 1, 0, 0, 0, 0, 0, 0, 3, 1, 0, 1, 1, 0, 3]|[2, 1, 1, 0, 2, 0, 1, 1, 0, 1, 2, 1, 2, 0, 1, 0, 0, 1, 1, 1];[12, 8, 4, 3, 13, 14, 17, 9, 2, 7, 18, 5, 1, 6, 11, 15, 10, 16, 19, 0]|[0, 0, 2, 0, 0, 0, 1, 0, 2, 0, 0, 2, 0, 0, 1, 2, 1, 1, 2, 0]|[3, 0, 0, 3, 3, 3, 1, 0, 0, 0, 0, 0, 0, 3, 1, 0, 1, 1, 0, 3]|[2, 1, 1, 0, 2, 0, 1, 1, 0, 1, 2, 1, 2, 0, 1, 0, 0, 1, 1, 1];[0, 19, 16, 10, 15, 11, 12, 1, 5, 14, 17, 4, 9, 6, 13, 7, 8, 2, 18, 3]|[0, 2, 1, 1, 2, 1, 0, 0, 2, 0, 1, 2, 1, 1, 0, 0, 0, 2, 0, 0]|[3, 0, 1, 1, 0, 1, 2, 0, 0, 0, 0, 0, 0, 1, 3, 3, 3, 0, 0, 3]|[1, 1, 1, 0, 0, 1, 0, 2, 1, 2, 1, 0, 1, 0, 0, 2, 0, 1, 1, 2];[0, 4, 5, 10, 15, 11, 18, 1, 16, 7, 17, 2, 9, 14, 12, 6, 3, 19, 13, 8]|[0, 2, 1, 1, 2, 1, 0, 0, 2, 0, 1, 2, 1, 1, 0, 0, 0, 2, 1, 0]|[3, 0, 1, 1, 0, 0, 2, 0, 0, 0, 1, 0, 1, 1, 3, 3, 3, 0, 1, 3]|[1, 1, 1, 0, 0, 1, 0, 2, 1, 2, 1, 0, 1, 1, 0, 2, 0, 1, 1, 2];[0, 19, 16, 10, 15, 11, 12, 1, 5, 7, 17, 4, 9, 14, 18, 13, 2, 6, 3, 8]|[0, 2, 1, 1, 2, 1, 0, 0, 2, 0, 1, 2, 1, 1, 0, 0, 0, 2, 1, 0]|[3, 0, 1, 1, 0, 1, 2, 0, 0, 0, 1, 0, 1, 1, 3, 3, 3, 0, 1, 3]|[1, 1, 1, 0, 0, 1, 0, 2, 1, 2, 1, 0, 1, 1, 0, 2, 0, 1, 1, 2];[0, 19, 6, 10, 15, 11, 18, 1, 16, 12, 17, 3, 9, 7, 8, 2, 13, 4, 5, 14]|[0, 2, 1, 1, 2, 1, 0, 0, 2, 0, 1, 2, 1, 1, 0, 0, 0, 2, 1, 0]|[3, 0, 1, 1, 0, 1, 2, 0, 0, 0, 1, 0, 0, 1, 3, 3, 3, 0, 1, 3]|[1, 1, 1, 1, 0, 1, 0, 2, 1, 2, 1, 0, 1, 0, 0, 2, 0, 1, 1, 2];[14, 19, 5, 10, 15, 11, 13, 12, 4, 3, 7, 2, 9, 6, 8, 18, 16, 17, 0, 1]|[0, 2, 1, 1, 2, 1, 0, 1, 2, 0, 1, 2, 1, 1, 0, 0, 2, 0, 0, 0]|[3, 0, 1, 1, 0, 1, 3, 1, 0, 3, 1, 0, 1, 1, 3, 3, 0, 3, 3, 3]|[2, 1, 1, 1, 0, 1, 0, 1, 1, 2, 1, 0, 1, 1, 0, 2, 1, 0, 2, 0];[14, 19, 5, 10, 15, 11, 13, 12, 4, 3, 7, 2, 9, 6, 8, 18, 16, 17, 0, 1]|[0, 2, 1, 1, 2, 1, 0, 1, 2, 0, 1, 2, 1, 1, 0, 0, 2, 0, 0, 0]|[3, 0, 1, 1, 0, 1, 3, 1, 0, 3, 1, 0, 1, 1, 3, 3, 0, 3, 3, 3]|[2, 1, 1, 1, 0, 1, 0, 1, 1, 2, 1, 0, 1, 1, 0, 2, 1, 0, 2, 0];[12, 11, 15, 10, 16, 19, 0, 5, 14, 7, 2, 17, 13, 8, 3, 1, 4, 9, 18, 6]|[0, 1, 2, 1, 1, 2, 0, 2, 0, 0, 2, 1, 0, 0, 0, 0, 2, 0, 0, 0]|[3, 1, 0, 1, 1, 0, 3, 0, 0, 0, 0, 1, 3, 3, 3, 0, 0, 0, 0, 3]|[0, 1, 0, 0, 1, 1, 1, 1, 2, 2, 0, 1, 0, 0, 0, 2, 1, 1, 2, 2];[12, 11, 15, 10, 16, 19, 0, 5, 14, 7, 2, 17, 13, 8, 3, 1, 4, 9, 18, 6]|[0, 1, 2, 1, 1, 2, 0, 2, 0, 0, 2, 1, 0, 0, 0, 0, 2, 0, 0, 0]|[3, 1, 0, 1, 1, 0, 3, 0, 0, 0, 0, 1, 3, 3, 3, 0, 0, 0, 0, 3]|[0, 1, 0, 0, 1, 1, 1, 1, 2, 2, 0, 1, 0, 0, 0, 2, 1, 1, 2, 2];[6, 19, 16, 10, 15, 11, 12, 3, 17, 8, 13, 2, 9, 1, 5, 7, 18, 4, 14, 0]|[0, 2, 1, 1, 2, 1, 0, 0, 1, 0, 0, 2, 0, 0, 2, 0, 0, 2, 0, 0]|[3, 0, 1, 1, 0, 1, 2, 3, 1, 3, 3, 0, 2, 0, 0, 0, 0, 0, 3, 3]|[0, 1, 1, 0, 0, 1, 2, 2, 1, 0, 0, 0, 1, 2, 1, 1, 2, 1, 1, 0];[6, 19, 16, 10, 15, 11, 12, 3, 17, 8, 13, 2, 9, 1, 5, 7, 18, 4, 14, 0]|[0, 2, 1, 1, 2, 1, 0, 0, 1, 0, 0, 2, 0, 0, 2, 0, 0, 2, 0, 0]|[3, 0, 1, 1, 0, 1, 2, 3, 1, 3, 3, 0, 2, 0, 0, 0, 0, 0, 3, 3]|[0, 1, 1, 0, 0, 1, 2, 2, 1, 0, 0, 0, 1, 2, 1, 1, 2, 1, 1, 0];[0, 19, 16, 10, 15, 11, 12, 1, 5, 14, 17, 2, 9, 3, 18, 13, 7, 6, 4, 8]|[0, 2, 1, 1, 2, 1, 0, 0, 2, 0, 1, 2, 0, 1, 0, 0, 0, 2, 1, 0]|[3, 0, 1, 1, 0, 1, 2, 0, 0, 0, 0, 0, 0, 1, 3, 3, 3, 0, 0, 3]|[1, 1, 1, 1, 0, 1, 0, 2, 1, 2, 1, 0, 1, 0, 0, 2, 0, 1, 1, 0];[0, 19, 16, 10, 15, 11, 18, 8, 5, 12, 17, 6, 7, 9, 14, 2, 13, 4, 3, 1]|[0, 2, 1, 1, 2, 1, 0, 0, 2, 0, 1, 2, 1, 1, 0, 0, 0, 2, 1, 1]|[3, 0, 1, 1, 0, 1, 3, 0, 0, 0, 1, 0, 0, 1, 3, 3, 3, 0, 1, 1]|[1, 1, 1, 0, 0, 1, 0, 2, 1, 2, 1, 0, 1, 0, 0, 2, 0, 1, 1, 1];[0, 19, 16, 15, 12, 1, 5, 7, 6, 10, 14, 18, 2, 4, 9, 13, 11, 17, 3, 8]|[0, 2, 1, 2, 0, 0, 2, 0, 2, 1, 0, 0, 0, 2, 1, 1, 1, 1, 1, 0]|[3, 0, 1, 0, 2, 0, 0, 0, 0, 1, 3, 3, 3, 0, 1, 1, 1, 1, 1, 3]|[1, 1, 1, 0, 2, 0, 1, 2, 0, 1, 0, 2, 0, 1, 1, 1, 1, 1, 1, 2];[0, 19, 16, 10, 15, 11, 12, 1, 5, 7, 17, 6, 9, 3, 13, 8, 14, 2, 4, 18]|[0, 2, 1, 1, 2, 1, 0, 0, 2, 0, 1, 2, 0, 1, 0, 0, 0, 2, 1, 0]|[3, 0, 1, 1, 0, 1, 2, 0, 0, 0, 0, 0, 0, 1, 3, 3, 3, 0, 1, 3]|[1, 1, 1, 0, 0, 1, 0, 2, 1, 2, 1, 0, 1, 0, 0, 2, 0, 1, 1, 2];[0, 19, 16, 10, 15, 11, 12, 1, 5, 7, 17, 6, 18, 13, 9, 3, 14, 2, 4, 8]|[0, 2, 1, 1, 2, 1, 0, 0, 2, 0, 1, 2, 0, 1, 0, 0, 0, 2, 1, 0]|[3, 0, 1, 1, 0, 1, 2, 0, 0, 0, 0, 0, 0, 1, 3, 3, 3, 0, 1, 3]|[1, 1, 1, 1, 0, 1, 0, 2, 1, 2, 1, 0, 1, 0, 0, 2, 0, 1, 1, 0];[0, 19, 16, 10, 15, 11, 12, 18, 5, 14, 7, 2, 13, 4, 8, 1, 3, 6, 17, 9]|[0, 2, 1, 1, 2, 1, 0, 0, 2, 0, 0, 2, 1, 1, 0, 0, 0, 2, 1, 0]|[3, 0, 1, 1, 0, 0, 2, 0, 0, 0, 0, 0, 0, 1, 3, 3, 3, 0, 1, 3]|[1, 1, 1, 1, 0, 1, 0, 2, 1, 2, 1, 0, 1, 0, 0, 2, 2, 1, 1, 0];[0, 19, 16, 10, 15, 11, 12, 18, 5, 14, 7, 2, 13, 4, 8, 1, 3, 6, 17, 9]|[0, 2, 1, 1, 2, 1, 0, 0, 2, 0, 0, 2, 1, 1, 0, 0, 0, 2, 1, 0]|[3, 0, 1, 1, 0, 0, 2, 0, 0, 0, 0, 0, 0, 1, 3, 3, 3, 0, 1, 3]|[1, 1, 1, 1, 0, 1, 0, 2, 1, 2, 1, 0, 1, 0, 0, 2, 2, 1, 1, 0];[0, 19, 16, 10, 15, 11, 12, 18, 5, 14, 7, 2, 13, 4, 8, 1, 3, 6, 17, 9]|[0, 2, 1, 1, 2, 1, 0, 0, 2, 0, 0, 2, 1, 1, 0, 0, 0, 2, 1, 0]|[3, 0, 1, 1, 0, 0, 2, 0, 0, 0, 0, 0, 0, 1, 3, 3, 3, 0, 1, 3]|[1, 1, 1, 1, 0, 1, 0, 2, 1, 2, 1, 0, 1, 0, 0, 2, 2, 1, 1, 0];[0, 19, 16, 10, 15, 11, 12, 18, 5, 14, 7, 2, 13, 4, 8, 1, 3, 6, 17, 9]|[0, 2, 1, 1, 2, 1, 0, 0, 2, 0, 0, 2, 1, 1, 0, 0, 0, 2, 1, 0]|[3, 0, 1, 1, 0, 0, 2, 0, 0, 0, 0, 0, 0, 1, 3, 3, 3, 0, 1, 3]|[1, 1, 1, 1, 0, 1, 0, 2, 1, 2, 1, 0, 1, 0, 0, 2, 2, 1, 1, 0];[0, 19, 16, 10, 15, 11, 12, 18, 5, 1, 17, 2, 9, 7, 6, 8, 13, 4, 14, 3]|[0, 2, 1, 1, 2, 1, 0, 0, 2, 0, 1, 2, 1, 1, 0, 0, 0, 2, 1, 0]|[3, 0, 1, 1, 0, 1, 2, 0, 0, 3, 1, 0, 1, 1, 3, 3, 3, 0, 1, 3]|[1, 1, 1, 0, 0, 1, 2, 0, 1, 2, 1, 1, 1, 1, 0, 2, 0, 1, 1, 0];[0, 19, 16, 10, 15, 11, 18, 12, 5, 3, 17, 2, 9, 8, 13, 14, 7, 4, 6, 1]|[0, 2, 1, 1, 2, 1, 0, 0, 2, 0, 1, 2, 1, 1, 0, 0, 0, 2, 1, 0]|[3, 0, 1, 1, 0, 1, 3, 1, 0, 3, 1, 0, 1, 1, 3, 3, 3, 0, 1, 3]|[1, 1, 1, 0, 0, 1, 0, 2, 1, 2, 1, 0, 1, 1, 0, 2, 0, 1, 1, 2];[19, 16, 10, 15, 11, 12, 17, 3, 1, 18, 6, 9, 5, 0, 7, 2, 13, 4, 14, 8]|[2, 1, 1, 2, 1, 0, 0, 2, 0, 0, 2, 0, 1, 0, 0, 0, 0, 2, 0, 0]|[0, 1, 1, 0, 1, 0, 3, 0, 0, 0, 0, 0, 1, 3, 3, 3, 3, 0, 3, 3]|[1, 1, 0, 0, 1, 2, 1, 1, 2, 1, 0, 1, 1, 0, 0, 2, 0, 1, 2, 0];[19, 16, 10, 15, 11, 12, 17, 3, 1, 18, 6, 9, 5, 0, 7, 2, 13, 4, 14, 8]|[2, 1, 1, 2, 1, 0, 0, 2, 0, 0, 2, 0, 1, 0, 0, 0, 0, 2, 0, 0]|[0, 1, 1, 0, 1, 0, 3, 0, 0, 0, 0, 0, 1, 3, 3, 3, 3, 0, 3, 3]|[1, 1, 0, 0, 1, 2, 1, 1, 2, 1, 0, 1, 1, 0, 0, 2, 0, 1, 2, 0];[17, 19, 5, 2, 4, 12, 9, 7, 16, 1, 18, 11, 15, 10, 0, 3, 6, 14, 13, 8]|[0, 2, 1, 1, 2, 1, 1, 0, 2, 0, 0, 1, 2, 1, 0, 0, 0, 2, 1, 0]|[3, 1, 1, 1, 0, 1, 1, 0, 0, 0, 2, 0, 0, 1, 3, 3, 3, 0, 1, 3]|[0, 1, 1, 1, 0, 1, 1, 2, 1, 0, 2, 1, 0, 0, 1, 2, 0, 1, 1, 2];[17, 19, 5, 2, 4, 12, 9, 7, 16, 1, 18, 11, 15, 10, 0, 3, 6, 14, 13, 8]|[0, 2, 1, 1, 2, 1, 1, 0, 2, 0, 0, 1, 2, 1, 0, 0, 0, 2, 1, 0]|[3, 1, 1, 1, 0, 1, 1, 0, 0, 0, 2, 0, 0, 1, 3, 3, 3, 0, 1, 3]|[0, 1, 1, 1, 0, 1, 1, 2, 1, 0, 2, 1, 0, 0, 1, 2, 0, 1, 1, 2];[19, 16, 10, 15, 11, 18, 4, 12, 17, 2, 7, 13, 6, 0, 1, 3, 14, 5, 9, 8]|[2, 1, 1, 2, 1, 0, 2, 0, 1, 2, 1, 1, 0, 0, 0, 0, 0, 2, 1, 0]|[1, 1, 1, 0, 1, 2, 0, 0, 0, 0, 0, 1, 3, 3, 0, 3, 3, 0, 1, 3]|[1, 1, 0, 0, 1, 1, 1, 2, 1, 0, 1, 0, 0, 0, 2, 2, 0, 1, 1, 2];[19, 16, 10, 15, 11, 18, 4, 12, 17, 2, 7, 13, 6, 0, 1, 3, 14, 5, 9, 8]|[2, 1, 1, 2, 1, 0, 2, 0, 1, 2, 1, 1, 0, 0, 0, 0, 0, 2, 1, 0]|[1, 1, 1, 0, 1, 2, 0, 0, 0, 0, 0, 1, 3, 3, 0, 3, 3, 0, 1, 3]|[1, 1, 0, 0, 1, 1, 1, 2, 1, 0, 1, 0, 0, 0, 2, 2, 0, 1, 1, 2];[0, 19, 5, 10, 15, 11, 18, 1, 16, 7, 12, 4, 2, 9, 17, 3, 6, 14, 13, 8]|[0, 2, 1, 1, 2, 1, 0, 0, 2, 0, 1, 2, 1, 1, 0, 0, 0, 2, 1, 0]|[3, 0, 1, 1, 0, 0, 2, 0, 0, 0, 1, 0, 1, 1, 3, 3, 3, 0, 1, 3]|[1, 1, 1, 0, 0, 1, 2, 0, 1, 2, 1, 0, 1, 0, 0, 2, 0, 1, 1, 2];[0, 19, 5, 10, 15, 11, 18, 1, 16, 7, 12, 4, 2, 9, 17, 3, 6, 14, 13, 8]|[0, 2, 1, 1, 2, 1, 0, 0, 2, 0, 1, 2, 1, 1, 0, 0, 0, 2, 1, 0]|[3, 0, 1, 1, 0, 0, 2, 0, 0, 0, 1, 0, 1, 1, 3, 3, 3, 0, 1, 3]|[1, 1, 1, 0, 0, 1, 2, 0, 1, 2, 1, 0, 1, 0, 0, 2, 0, 1, 1, 2];[0, 19, 16, 10, 15, 11, 12, 1, 5, 14, 17, 4, 9, 7, 8, 3, 13, 6, 2, 18]|[0, 2, 1, 1, 2, 1, 0, 0, 2, 0, 1, 2, 1, 1, 0, 0, 0, 2, 1, 0]|[3, 0, 1, 1, 0, 1, 2, 0, 0, 3, 1, 0, 1, 1, 3, 3, 3, 0, 1, 3]|[1, 1, 1, 0, 0, 1, 0, 2, 1, 2, 1, 0, 1, 0, 0, 2, 0, 1, 1, 0];[0, 19, 16, 10, 15, 11, 12, 8, 5, 18, 17, 2, 9, 3, 6, 1, 14, 4, 7, 13]|[0, 2, 1, 1, 2, 1, 0, 0, 2, 0, 1, 2, 1, 1, 0, 0, 0, 2, 1, 0]|[3, 0, 1, 1, 0, 1, 3, 2, 0, 3, 1, 0, 1, 1, 3, 3, 3, 0, 1, 3]|[0, 1, 1, 0, 0, 1, 0, 2, 1, 2, 1, 0, 1, 1, 0, 2, 0, 1, 1, 0];[0, 19, 16, 15, 11, 8, 12, 18, 5, 3, 17, 2, 9, 10, 14, 1, 13, 4, 6, 7]|[0, 2, 1, 2, 1, 1, 0, 0, 2, 0, 1, 2, 1, 1, 0, 0, 0, 2, 1, 0]|[3, 0, 1, 0, 1, 1, 3, 3, 0, 3, 1, 0, 1, 1, 3, 3, 3, 0, 1, 3]|[2, 1, 1, 0, 1, 1, 0, 0, 1, 2, 1, 0, 1, 1, 0, 2, 0, 1, 1, 0];[0, 19, 16, 15, 11, 8, 12, 18, 5, 3, 17, 2, 9, 10, 14, 1, 13, 4, 6, 7]|[0, 2, 1, 2, 1, 1, 0, 0, 2, 0, 1, 2, 1, 1, 0, 0, 0, 2, 1, 0]|[3, 0, 1, 0, 1, 1, 3, 3, 0, 3, 1, 0, 1, 1, 3, 3, 3, 0, 1, 3]|[2, 1, 1, 0, 1, 1, 0, 0, 1, 2, 1, 0, 1, 1, 0, 2, 0, 1, 1, 0];[0, 19, 16, 10, 15, 11, 12, 1, 5, 14, 6, 3, 9, 7, 13, 18, 17, 4, 2, 8]|[0, 2, 1, 1, 2, 1, 0, 0, 2, 0, 1, 2, 1, 1, 0, 0, 0, 2, 1, 0]|[3, 0, 1, 1, 0, 1, 2, 0, 0, 3, 1, 0, 1, 1, 3, 3, 3, 0, 1, 3]|[1, 1, 1, 0, 0, 1, 0, 2, 1, 2, 1, 0, 1, 0, 0, 2, 0, 1, 1, 0];[0, 19, 16, 10, 15, 11, 12, 18, 5, 3, 17, 2, 9, 7, 14, 1, 6, 4, 13, 8]|[0, 2, 1, 1, 2, 1, 0, 0, 2, 0, 1, 2, 1, 1, 0, 0, 0, 2, 1, 0]|[3, 0, 1, 1, 0, 1, 3, 0, 0, 3, 1, 0, 1, 1, 3, 3, 3, 0, 1, 3]|[0, 1, 1, 1, 0, 1, 2, 0, 1, 2, 1, 0, 1, 1, 0, 2, 0, 1, 1, 0];[0, 19, 16, 10, 15, 11, 12, 1, 5, 14, 17, 4, 9, 13, 18, 7, 3, 2, 6, 8]|[0, 2, 1, 1, 2, 1, 0, 0, 2, 0, 1, 2, 1, 1, 0, 0, 0, 2, 1, 0]|[3, 0, 1, 1, 0, 1, 2, 0, 0, 0, 0, 0, 0, 1, 3, 3, 3, 0, 1, 3]|[1, 1, 1, 1, 0, 1, 0, 2, 1, 2, 1, 0, 1, 0, 0, 2, 0, 1, 1, 2];[0, 19, 16, 10, 15, 11, 12, 1, 5, 18, 7, 6, 9, 3, 14, 17, 2, 4, 8, 13]|[0, 2, 1, 1, 2, 1, 0, 0, 2, 0, 1, 2, 1, 1, 0, 0, 0, 2, 1, 0]|[3, 0, 1, 1, 0, 1, 2, 0, 0, 3, 1, 0, 1, 1, 3, 3, 3, 0, 1, 3]|[1, 1, 1, 0, 0, 1, 0, 2, 1, 2, 1, 0, 1, 1, 0, 2, 0, 1, 1, 0];[0, 19, 16, 10, 15, 11, 12, 8, 5, 14, 17, 2, 3, 9, 18, 1, 6, 4, 13, 7]|[0, 2, 1, 1, 2, 1, 0, 0, 2, 0, 1, 2, 1, 1, 0, 0, 0, 2, 1, 0]|[3, 0, 1, 1, 0, 1, 2, 0, 0, 3, 1, 0, 1, 1, 3, 3, 3, 0, 1, 3]|[1, 1, 1, 0, 0, 1, 0, 2, 1, 2, 1, 0, 1, 1, 0, 2, 0, 1, 1, 0];[0, 19, 16, 10, 15, 11, 12, 1, 5, 14, 17, 4, 9, 13, 18, 7, 3, 2, 6, 8]|[0, 2, 1, 1, 2, 1, 0, 0, 2, 0, 1, 2, 1, 1, 0, 0, 0, 2, 1, 0]|[3, 0, 1, 1, 0, 1, 2, 0, 0, 0, 0, 0, 0, 1, 3, 3, 3, 0, 1, 3]|[1, 1, 1, 1, 0, 1, 0, 2, 1, 2, 1, 0, 1, 0, 0, 2, 0, 1, 1, 2];[14, 19, 5, 10, 15, 11, 8, 12, 16, 1, 17, 4, 9, 13, 2, 18, 0, 6, 3, 7]|[0, 2, 1, 1, 2, 1, 0, 0, 2, 0, 1, 2, 1, 1, 0, 0, 0, 2, 1, 0]|[3, 0, 1, 1, 0, 1, 3, 3, 0, 3, 1, 0, 1, 1, 3, 3, 3, 0, 1, 3]|[0, 1, 1, 0, 0, 1, 2, 0, 1, 2, 1, 0, 1, 1, 0, 2, 0, 1, 1, 2];[14, 19, 5, 10, 15, 11, 8, 12, 16, 1, 17, 4, 9, 13, 2, 18, 0, 6, 3, 7]|[0, 2, 1, 1, 2, 1, 0, 0, 2, 0, 1, 2, 1, 1, 0, 0, 0, 2, 1, 0]|[3, 0, 1, 1, 0, 1, 3, 3, 0, 3, 1, 0, 1, 1, 3, 3, 3, 0, 1, 3]|[0, 1, 1, 0, 0, 1, 2, 0, 1, 2, 1, 0, 1, 1, 0, 2, 0, 1, 1, 2];[0, 16, 11, 10, 12, 1, 5, 2, 6, 7, 3, 17, 13, 9, 18, 19, 4, 15, 14, 8]|[0, 1, 1, 1, 0, 0, 2, 0, 2, 1, 1, 1, 0, 0, 0, 2, 2, 2, 1, 0]|[3, 1, 1, 1, 2, 0, 1, 0, 0, 0, 1, 0, 3, 3, 3, 0, 0, 0, 1, 3]|[1, 1, 1, 1, 0, 2, 1, 2, 0, 1, 0, 1, 0, 2, 0, 1, 1, 1, 1, 2];[0, 19, 16, 10, 15, 11, 12, 18, 5, 3, 17, 4, 9, 1, 8, 13, 7, 6, 2, 14]|[0, 2, 1, 1, 2, 1, 0, 0, 2, 0, 1, 2, 1, 1, 0, 0, 0, 2, 1, 0]|[3, 0, 1, 1, 0, 1, 2, 0, 0, 0, 0, 0, 0, 1, 3, 3, 3, 0, 1, 3]|[1, 1, 1, 1, 0, 1, 0, 2, 1, 2, 1, 0, 1, 0, 0, 2, 0, 1, 1, 0];[0, 19, 16, 10, 15, 11, 12, 1, 5, 18, 17, 3, 9, 6, 8, 2, 7, 4, 14, 13]|[0, 2, 1, 1, 2, 1, 0, 0, 2, 0, 1, 2, 1, 1, 0, 0, 0, 2, 1, 0]|[3, 0, 1, 1, 0, 1, 2, 3, 0, 2, 1, 0, 1, 1, 3, 3, 3, 0, 1, 3]|[0, 1, 1, 0, 0, 1, 0, 2, 1, 2, 1, 0, 1, 1, 0, 2, 2, 1, 1, 0];[0, 19, 5, 10, 15, 11, 18, 1, 16, 7, 12, 6, 9, 13, 17, 2, 3, 4, 8, 14]|[0, 2, 1, 1, 2, 1, 0, 0, 2, 0, 1, 2, 1, 1, 0, 0, 0, 2, 1, 0]|[3, 0, 1, 1, 0, 1, 2, 0, 0, 0, 0, 0, 0, 1, 3, 3, 3, 0, 1, 3]|[1, 1, 1, 1, 0, 1, 0, 2, 1, 1, 1, 0, 1, 0, 0, 2, 2, 1, 1, 0];[0, 19, 16, 10, 15, 11, 12, 18, 5, 3, 17, 4, 9, 1, 8, 13, 7, 6, 2, 14]|[0, 2, 1, 1, 2, 1, 0, 0, 2, 0, 1, 2, 1, 1, 0, 0, 0, 2, 1, 0]|[3, 0, 1, 1, 0, 1, 2, 0, 0, 0, 0, 0, 0, 1, 3, 3, 3, 0, 1, 3]|[1, 1, 1, 1, 0, 1, 0, 2, 1, 2, 1, 0, 1, 0, 0, 2, 0, 1, 1, 0];[0, 16, 11, 10, 12, 1, 5, 2, 6, 7, 3, 17, 13, 9, 18, 19, 4, 15, 14, 8]|[0, 1, 1, 1, 0, 0, 2, 0, 2, 1, 1, 1, 0, 0, 0, 2, 2, 2, 1, 0]|[3, 1, 1, 1, 2, 0, 1, 0, 0, 0, 1, 0, 3, 3, 3, 0, 0, 0, 1, 3]|[1, 1, 1, 1, 0, 2, 1, 2, 0, 1, 0, 1, 0, 2, 0, 1, 1, 1, 1, 2];[0, 19, 16, 10, 15, 11, 12, 18, 5, 1, 7, 2, 9, 17, 6, 13, 14, 4, 3, 8]|[0, 2, 1, 1, 2, 1, 0, 0, 2, 0, 1, 2, 1, 1, 0, 0, 0, 2, 0, 0]|[3, 0, 1, 1, 0, 1, 2, 0, 0, 0, 0, 0, 0, 1, 3, 3, 3, 0, 0, 3]|[1, 1, 0, 1, 0, 1, 0, 2, 1, 2, 1, 0, 1, 0, 0, 0, 2, 1, 1, 0];[0, 19, 16, 10, 15, 11, 12, 3, 5, 18, 6, 17, 7, 1, 2, 14, 13, 4, 9, 8]|[0, 2, 1, 1, 2, 1, 0, 0, 2, 0, 1, 2, 1, 1, 0, 0, 0, 2, 1, 0]|[3, 0, 1, 1, 0, 0, 2, 0, 0, 3, 1, 0, 1, 1, 3, 3, 3, 0, 1, 3]|[1, 1, 1, 0, 0, 1, 0, 2, 1, 2, 1, 0, 1, 1, 0, 2, 0, 1, 1, 2];[19, 16, 15, 12, 1, 0, 5, 14, 2, 13, 3, 8, 6, 4, 17, 9, 10, 11, 18, 7]|[2, 1, 2, 0, 0, 0, 2, 1, 2, 1, 0, 0, 0, 2, 1, 1, 1, 1, 0, 0]|[0, 1, 0, 3, 3, 3, 0, 1, 0, 1, 3, 3, 3, 0, 1, 1, 1, 1, 3, 3]|[1, 1, 0, 0, 2, 0, 1, 1, 0, 1, 0, 2, 0, 1, 1, 1, 1, 1, 2, 0];[19, 16, 15, 12, 1, 0, 5, 14, 2, 13, 3, 8, 6, 4, 17, 9, 10, 11, 18, 7]|[2, 1, 2, 0, 0, 0, 2, 1, 2, 1, 0, 0, 0, 2, 1, 1, 1, 1, 0, 0]|[0, 1, 0, 3, 3, 3, 0, 1, 0, 1, 3, 3, 3, 0, 1, 1, 1, 1, 3, 3]|[1, 1, 0, 0, 2, 0, 1, 1, 0, 1, 0, 2, 0, 1, 1, 1, 1, 1, 2, 0];[0, 19, 16, 10, 15, 11, 12, 1, 5, 7, 17, 6, 18, 9, 13, 3, 14, 4, 2, 8]|[0, 2, 1, 1, 2, 1, 0, 0, 2, 0, 1, 2, 1, 1, 0, 0, 0, 2, 0, 0]|[3, 0, 1, 1, 0, 1, 2, 0, 0, 0, 0, 0, 0, 1, 3, 3, 3, 0, 0, 3]|[1, 1, 1, 0, 0, 1, 0, 2, 1, 2, 1, 0, 1, 0, 0, 2, 0, 1, 1, 2];[0, 19, 16, 10, 15, 11, 12, 1, 5, 7, 17, 6, 18, 9, 13, 3, 14, 4, 2, 8]|[0, 2, 1, 1, 2, 1, 0, 0, 2, 0, 1, 2, 1, 1, 0, 0, 0, 2, 0, 0]|[3, 0, 1, 1, 0, 1, 2, 0, 0, 0, 0, 0, 0, 1, 3, 3, 3, 0, 0, 3]|[1, 1, 1, 0, 0, 1, 0, 2, 1, 2, 1, 0, 1, 0, 0, 2, 0, 1, 1, 2];[19, 5, 10, 15, 11, 2, 16, 8, 1, 9, 3, 17, 12, 0, 13, 6, 14, 4, 7, 18]|[2, 1, 1, 2, 1, 0, 2, 0, 1, 1, 2, 1, 0, 0, 0, 0, 1, 2, 0, 0]|[0, 1, 1, 0, 1, 3, 0, 3, 1, 1, 0, 1, 3, 3, 3, 3, 1, 0, 3, 3]|[1, 1, 0, 0, 1, 2, 1, 0, 1, 1, 0, 1, 2, 0, 2, 0, 1, 1, 2, 0];[0, 19, 16, 10, 15, 11, 12, 1, 5, 18, 17, 4, 9, 14, 8, 3, 13, 6, 2, 7]|[0, 2, 1, 1, 2, 1, 0, 0, 2, 0, 1, 2, 1, 1, 0, 0, 0, 2, 1, 0]|[3, 0, 1, 1, 0, 1, 3, 0, 0, 3, 1, 0, 1, 1, 3, 3, 3, 0, 1, 3]|[2, 1, 1, 1, 0, 1, 0, 0, 1, 2, 1, 0, 1, 1, 0, 2, 0, 1, 1, 0];[0, 19, 16, 10, 15, 11, 12, 18, 5, 14, 3, 1, 9, 17, 2, 8, 13, 4, 6, 7]|[0, 2, 1, 1, 2, 1, 0, 0, 2, 0, 1, 2, 1, 1, 0, 0, 0, 2, 1, 0]|[3, 0, 1, 1, 0, 1, 2, 0, 0, 0, 1, 0, 1, 1, 3, 3, 3, 0, 1, 3]|[1, 1, 1, 1, 0, 1, 0, 2, 1, 2, 1, 0, 1, 1, 0, 2, 0, 1, 1, 0];[0, 19, 16, 10, 15, 11, 18, 8, 5, 12, 2, 6, 7, 17, 9, 1, 3, 4, 13, 14]|[0, 2, 1, 1, 2, 1, 0, 0, 2, 0, 1, 2, 1, 1, 0, 0, 0, 2, 1, 0]|[3, 0, 1, 1, 0, 1, 3, 2, 0, 0, 1, 0, 0, 1, 3, 3, 3, 0, 1, 3]|[1, 1, 1, 1, 0, 1, 0, 2, 1, 2, 1, 0, 1, 1, 0, 2, 0, 1, 1, 2];[0, 19, 16, 10, 15, 11, 12, 18, 5, 8, 17, 1, 9, 13, 3, 6, 7, 4, 2, 14]|[0, 2, 1, 1, 2, 1, 0, 0, 2, 0, 1, 2, 1, 1, 0, 0, 0, 2, 1, 0]|[3, 0, 1, 1, 0, 1, 3, 0, 0, 3, 1, 0, 1, 1, 3, 3, 3, 0, 1, 3]|[0, 1, 1, 1, 0, 1, 2, 0, 1, 2, 1, 0, 1, 1, 0, 2, 0, 1, 1, 0];[19, 5, 10, 15, 11, 2, 16, 8, 1, 9, 3, 17, 12, 0, 13, 6, 14, 4, 7, 18]|[2, 1, 1, 2, 1, 0, 2, 0, 1, 1, 2, 1, 0, 0, 0, 0, 1, 2, 0, 0]|[0, 1, 1, 0, 1, 3, 0, 3, 1, 1, 0, 1, 3, 3, 3, 3, 1, 0, 3, 3]|[1, 1, 0, 0, 1, 2, 1, 0, 1, 1, 0, 1, 2, 0, 2, 0, 1, 1, 2, 0];[0, 19, 16, 10, 15, 11, 12, 1, 5, 14, 17, 4, 9, 7, 8, 13, 18, 6, 2, 3]|[0, 2, 1, 1, 2, 1, 0, 0, 2, 0, 1, 2, 1, 1, 0, 0, 0, 2, 1, 0]|[3, 0, 1, 1, 0, 1, 2, 0, 0, 0, 0, 0, 0, 1, 3, 3, 3, 0, 1, 3]|[1, 1, 1, 1, 0, 1, 0, 2, 1, 2, 1, 0, 1, 0, 0, 2, 0, 1, 1, 0];[0, 19, 5, 15, 11, 10, 12, 18, 16, 1, 9, 6, 17, 14, 8, 3, 13, 4, 2, 7]|[0, 2, 1, 2, 1, 1, 0, 0, 2, 0, 1, 2, 1, 1, 0, 0, 0, 2, 1, 0]|[3, 0, 1, 0, 1, 1, 3, 0, 0, 3, 1, 0, 1, 1, 3, 3, 3, 0, 1, 3]|[1, 1, 1, 0, 1, 1, 0, 2, 1, 2, 1, 0, 1, 1, 0, 2, 0, 1, 1, 0];[0, 19, 16, 10, 15, 11, 12, 18, 5, 7, 17, 4, 9, 3, 8, 14, 6, 2, 13, 1]|[0, 2, 1, 1, 2, 1, 0, 0, 2, 0, 1, 2, 1, 1, 0, 0, 0, 2, 1, 0]|[3, 0, 1, 1, 0, 1, 3, 0, 0, 3, 1, 0, 0, 1, 3, 3, 3, 0, 1, 3]|[1, 1, 1, 0, 0, 1, 0, 2, 1, 2, 1, 0, 1, 0, 0, 2, 0, 1, 1, 2];[0, 19, 16, 10, 15, 11, 12, 1, 5, 14, 17, 6, 9, 7, 2, 13, 8, 4, 3, 18]|[0, 2, 1, 1, 2, 1, 0, 0, 2, 0, 1, 2, 1, 1, 0, 0, 0, 2, 1, 0]|[3, 0, 1, 1, 0, 1, 3, 0, 0, 3, 1, 0, 1, 1, 3, 3, 3, 0, 1, 3]|[1, 1, 1, 0, 0, 1, 0, 2, 1, 2, 1, 0, 1, 1, 0, 2, 0, 1, 1, 0];[0, 19, 16, 10, 15, 11, 18, 8, 5, 12, 17, 2, 7, 9, 1, 14, 6, 4, 13, 3]|[0, 2, 1, 1, 2, 1, 0, 0, 2, 0, 1, 2, 1, 1, 0, 0, 0, 2, 1, 0]|[3, 0, 1, 1, 0, 1, 3, 0, 0, 0, 1, 0, 0, 1, 3, 3, 3, 0, 1, 3]|[1, 1, 1, 0, 0, 1, 0, 2, 1, 2, 1, 0, 1, 0, 0, 2, 0, 1, 1, 0];[2, 19, 5, 10, 15, 11, 18, 16, 1, 3, 14, 7, 6, 8, 12, 17, 4, 9, 13, 0]|[0, 2, 1, 1, 2, 1, 0, 2, 0, 1, 2, 0, 0, 0, 0, 1, 2, 1, 1, 0]|[3, 0, 1, 1, 0, 1, 3, 0, 3, 1, 0, 3, 3, 3, 3, 1, 0, 1, 1, 3]|[0, 1, 1, 1, 0, 1, 2, 1, 0, 1, 1, 0, 2, 0, 2, 1, 0, 1, 1, 0];[2, 19, 5, 10, 15, 11, 18, 16, 1, 3, 14, 7, 6, 8, 12, 17, 4, 9, 13, 0]|[0, 2, 1, 1, 2, 1, 0, 2, 0, 1, 2, 0, 0, 0, 0, 1, 2, 1, 1, 0]|[3, 0, 1, 1, 0, 1, 3, 0, 3, 1, 0, 3, 3, 3, 3, 1, 0, 1, 1, 3]|[0, 1, 1, 1, 0, 1, 2, 1, 0, 1, 1, 0, 2, 0, 2, 1, 0, 1, 1, 0];[0, 19, 5, 6, 15, 11, 18, 1, 16, 12, 2, 17, 9, 13, 7, 14, 8, 4, 10, 3]|[0, 2, 1, 1, 2, 1, 0, 0, 2, 0, 2, 1, 1, 1, 0, 0, 0, 2, 1, 0]|[3, 0, 1, 1, 0, 1, 3, 3, 0, 3, 0, 1, 1, 1, 3, 3, 3, 0, 1, 3]|[0, 1, 1, 1, 0, 1, 2, 0, 1, 2, 0, 1, 1, 1, 0, 2, 0, 1, 1, 2];[0, 19, 5, 10, 7, 11, 12, 18, 16, 14, 15, 6, 9, 17, 2, 13, 8, 4, 3, 1]|[0, 2, 1, 1, 2, 1, 0, 0, 2, 0, 1, 2, 1, 1, 0, 0, 0, 2, 1, 0]|[3, 0, 1, 1, 0, 1, 3, 0, 0, 3, 1, 0, 1, 1, 3, 3, 3, 0, 1, 3]|[1, 1, 1, 0, 0, 1, 0, 2, 1, 2, 1, 0, 1, 1, 0, 2, 0, 1, 1, 0];[0, 19, 16, 10, 15, 11, 12, 8, 5, 18, 7, 6, 9, 14, 17, 13, 2, 4, 3, 1]|[0, 2, 1, 1, 2, 1, 0, 0, 2, 0, 1, 2, 1, 1, 0, 0, 0, 2, 1, 0]|[3, 0, 1, 1, 0, 0, 1, 0, 0, 0, 0, 0, 0, 1, 3, 3, 3, 0, 1, 3]|[1, 1, 1, 1, 0, 1, 0, 2, 1, 2, 1, 0, 1, 0, 0, 2, 0, 1, 1, 2];[0, 19, 5, 15, 16, 18, 12, 4, 8, 10, 6, 7, 17, 11, 14, 13, 3, 9, 2, 1]|[0, 2, 1, 2, 1, 0, 0, 2, 0, 1, 2, 1, 1, 1, 0, 0, 0, 2, 1, 0]|[0, 0, 1, 0, 1, 3, 3, 0, 3, 1, 0, 1, 1, 1, 3, 3, 3, 0, 1, 3]|[2, 1, 1, 0, 1, 0, 0, 1, 2, 1, 0, 1, 1, 1, 0, 2, 0, 1, 1, 2];[19, 5, 10, 15, 11, 12, 8, 16, 14, 2, 17, 3, 9, 13, 0, 18, 7, 4, 6, 1]|[2, 1, 1, 2, 1, 0, 0, 2, 0, 0, 1, 2, 1, 1, 0, 0, 0, 2, 1, 0]|[0, 1, 1, 0, 1, 3, 3, 0, 3, 3, 1, 0, 1, 1, 3, 3, 3, 0, 1, 3]|[1, 1, 1, 0, 1, 0, 2, 1, 0, 2, 1, 0, 1, 1, 0, 2, 0, 1, 1, 2];[19, 5, 10, 15, 11, 12, 8, 16, 14, 2, 17, 3, 9, 13, 0, 18, 7, 4, 6, 1]|[2, 1, 1, 2, 1, 0, 0, 2, 0, 0, 1, 2, 1, 1, 0, 0, 0, 2, 1, 0]|[0, 1, 1, 0, 1, 3, 3, 0, 3, 3, 1, 0, 1, 1, 3, 3, 3, 0, 1, 3]|[1, 1, 1, 0, 1, 0, 2, 1, 0, 2, 1, 0, 1, 1, 0, 2, 0, 1, 1, 2];[0, 19, 16, 10, 15, 11, 18, 8, 5, 12, 3, 6, 9, 7, 14, 13, 1, 4, 2, 17]|[0, 2, 1, 1, 2, 1, 0, 0, 2, 0, 1, 2, 1, 1, 0, 0, 0, 2, 1, 0]|[3, 0, 1, 1, 0, 1, 3, 2, 0, 3, 1, 0, 1, 1, 3, 3, 3, 0, 1, 3]|[1, 1, 1, 0, 0, 1, 0, 2, 1, 2, 1, 0, 1, 1, 0, 2, 0, 1, 1, 2];[0, 19, 16, 15, 6, 3, 5, 12, 18, 11, 2, 9, 10, 8, 7, 14, 13, 4, 17, 1]|[0, 2, 1, 2, 1, 0, 2, 0, 0, 1, 2, 1, 1, 1, 0, 0, 0, 2, 1, 0]|[3, 0, 1, 0, 1, 3, 0, 3, 3, 1, 0, 1, 1, 1, 3, 3, 3, 0, 1, 3]|[0, 1, 1, 0, 1, 2, 1, 2, 0, 1, 0, 1, 1, 1, 0, 2, 0, 1, 1, 2];[0, 19, 16, 15, 6, 3, 5, 12, 18, 11, 2, 9, 10, 8, 7, 14, 13, 4, 17, 1]|[0, 2, 1, 2, 1, 0, 2, 0, 0, 1, 2, 1, 1, 1, 0, 0, 0, 2, 1, 0]|[3, 0, 1, 0, 1, 3, 0, 3, 3, 1, 0, 1, 1, 1, 3, 3, 3, 0, 1, 3]|[0, 1, 1, 0, 1, 2, 1, 2, 0, 1, 0, 1, 1, 1, 0, 2, 0, 1, 1, 2];[0, 19, 16, 10, 15, 11, 18, 1, 5, 12, 17, 6, 9, 3, 13, 14, 2, 4, 7, 8]|[0, 2, 1, 1, 2, 1, 0, 0, 2, 0, 1, 2, 1, 1, 0, 0, 0, 2, 0, 0]|[3, 0, 1, 1, 0, 1, 2, 0, 0, 0, 0, 0, 0, 1, 3, 3, 3, 0, 0, 3]|[1, 1, 1, 0, 0, 1, 0, 2, 1, 2, 1, 0, 1, 0, 0, 2, 0, 1, 1, 1];[14, 19, 16, 10, 11, 15, 12, 8, 4, 1, 18, 3, 17, 9, 13, 7, 2, 5, 6, 0]|[0, 2, 1, 1, 2, 1, 0, 0, 2, 0, 0, 1, 2, 1, 1, 0, 0, 2, 1, 0]|[3, 0, 1, 1, 0, 1, 3, 3, 0, 3, 3, 1, 0, 1, 1, 3, 3, 0, 1, 3]|[0, 1, 1, 1, 0, 1, 2, 0, 1, 2, 0, 1, 0, 0, 1, 0, 2, 1, 1, 0];[14, 19, 16, 10, 11, 15, 12, 8, 4, 1, 18, 3, 17, 9, 13, 7, 2, 5, 6, 0]|[0, 2, 1, 1, 2, 1, 0, 0, 2, 0, 0, 1, 2, 1, 1, 0, 0, 2, 1, 0]|[3, 0, 1, 1, 0, 1, 3, 3, 0, 3, 3, 1, 0, 1, 1, 3, 3, 0, 1, 3]|[0, 1, 1, 1, 0, 1, 2, 0, 1, 2, 0, 1, 0, 0, 1, 0, 2, 1, 1, 0];[0, 19, 16, 10, 15, 11, 18, 1, 5, 12, 17, 6, 9, 3, 2, 14, 13, 4, 7, 8]|[0, 2, 1, 1, 2, 1, 0, 0, 2, 0, 1, 2, 0, 1, 0, 0, 0, 2, 0, 0]|[3, 0, 1, 1, 0, 1, 2, 0, 0, 0, 0, 0, 0, 1, 3, 3, 3, 1, 3, 3]|[1, 1, 1, 0, 0, 1, 0, 2, 1, 2, 1, 0, 1, 0, 0, 2, 0, 0, 1, 0];[19, 5, 11, 6, 17, 12, 16, 1, 9, 15, 10, 2, 0, 3, 18, 14, 4, 13, 7, 8]|[2, 1, 1, 2, 1, 0, 2, 0, 1, 2, 1, 0, 0, 0, 0, 0, 2, 1, 1, 0]|[1, 1, 1, 0, 1, 3, 0, 0, 1, 0, 1, 3, 0, 3, 2, 3, 0, 1, 1, 3]|[1, 1, 1, 0, 1, 0, 1, 2, 1, 0, 1, 0, 0, 2, 1, 2, 1, 1, 1, 0]
fc6diagRound 18	fe=500000	pool=234	target=100	rescued=0	sOriginal=[0, 19, 16, 10, 15, 11, 12, 1, 4, 3, 17, 14, 9, 2, 13, 7, 8, 5, 6, 18]|[0, 2, 1, 1, 2, 1, 0, 0, 2, 0, 1, 2, 1, 1, 0, 0, 0, 2, 0, 0]|[3, 0, 1, 1, 0, 1, 2, 0, 0, 3, 1, 0, 1, 1, 3, 3, 3, 0, 0, 3]|[1, 1, 1, 1, 0, 1, 0, 2, 1, 2, 1, 0, 1, 1, 0, 2, 0, 1, 1, 2];[0, 19, 16, 10, 15, 11, 12, 18, 5, 3, 17, 2, 7, 9, 6, 14, 8, 4, 13, 1]|[0, 2, 1, 1, 2, 1, 0, 0, 2, 0, 1, 2, 1, 1, 0, 0, 0, 2, 1, 0]|[3, 0, 1, 1, 0, 1, 2, 0, 0, 0, 1, 0, 1, 1, 3, 3, 3, 0, 1, 3]|[1, 1, 1, 0, 0, 1, 0, 2, 1, 2, 1, 0, 1, 1, 0, 2, 0, 1, 1, 0];[0, 19, 16, 10, 15, 11, 12, 18, 5, 7, 17, 1, 9, 3, 6, 13, 8, 4, 2, 14]|[0, 2, 1, 1, 2, 1, 0, 0, 2, 0, 1, 2, 1, 1, 0, 0, 0, 2, 1, 0]|[3, 0, 1, 1, 0, 0, 2, 0, 0, 0, 1, 0, 1, 1, 3, 3, 3, 0, 1, 3]|[1, 1, 1, 0, 0, 1, 0, 2, 1, 2, 1, 0, 1, 1, 0, 2, 0, 1, 1, 2];[0, 4, 5, 10, 15, 11, 18, 1, 16, 7, 17, 2, 9, 14, 12, 6, 3, 19, 13, 8]|[0, 2, 1, 1, 2, 1, 0, 0, 2, 0, 1, 2, 1, 1, 0, 0, 0, 2, 1, 0]|[3, 0, 1, 1, 0, 0, 2, 0, 0, 0, 1, 0, 1, 1, 3, 3, 3, 0, 1, 3]|[1, 1, 1, 0, 0, 1, 0, 2, 1, 2, 1, 0, 1, 1, 0, 2, 0, 1, 1, 2];[3, 12, 5, 8, 17, 11, 15, 10, 16, 19, 0, 2, 9, 6, 18, 1, 13, 4, 7, 14]|[0, 0, 2, 0, 0, 1, 2, 1, 1, 2, 0, 2, 0, 1, 0, 0, 0, 2, 0, 0]|[3, 0, 0, 0, 0, 1, 0, 1, 1, 0, 3, 0, 0, 1, 3, 3, 3, 0, 3, 3]|[0, 2, 1, 2, 2, 1, 0, 0, 1, 1, 1, 0, 1, 1, 0, 0, 2, 1, 1, 0];[3, 12, 5, 8, 17, 11, 15, 10, 16, 19, 0, 2, 9, 6, 18, 1, 13, 4, 7, 14]|[0, 0, 2, 0, 0, 1, 2, 1, 1, 2, 0, 2, 0, 1, 0, 0, 0, 2, 0, 0]|[3, 0, 0, 0, 0, 1, 0, 1, 1, 0, 3, 0, 0, 1, 3, 3, 3, 0, 3, 3]|[0, 2, 1, 2, 2, 1, 0, 0, 1, 1, 1, 0, 1, 1, 0, 0, 2, 1, 1, 0];[6, 19, 16, 10, 15, 11, 12, 3, 17, 8, 13, 2, 9, 1, 5, 7, 18, 4, 14, 0]|[0, 2, 1, 1, 2, 1, 0, 0, 1, 0, 0, 2, 0, 0, 2, 0, 0, 2, 0, 0]|[3, 0, 1, 1, 0, 1, 2, 3, 1, 3, 3, 0, 2, 0, 0, 0, 0, 0, 3, 3]|[0, 1, 1, 0, 0, 1, 2, 2, 1, 0, 0, 0, 1, 2, 1, 1, 2, 1, 1, 0];[6, 19, 16, 10, 15, 11, 12, 3, 17, 8, 13, 2, 9, 1, 5, 7, 18, 4, 14, 0]|[0, 2, 1, 1, 2, 1, 0, 0, 1, 0, 0, 2, 0, 0, 2, 0, 0, 2, 0, 0]|[3, 0, 1, 1, 0, 1, 2, 3, 1, 3, 3, 0, 2, 0, 0, 0, 0, 0, 3, 3]|[0, 1, 1, 0, 0, 1, 2, 2, 1, 0, 0, 0, 1, 2, 1, 1, 2, 1, 1, 0];[0, 19, 16, 10, 15, 11, 12, 1, 5, 18, 17, 4, 7, 3, 2, 8, 13, 6, 14, 9]|[0, 2, 1, 1, 2, 1, 0, 0, 2, 0, 1, 2, 1, 1, 0, 0, 0, 2, 1, 0]|[3, 0, 1, 1, 0, 1, 2, 0, 0, 0, 1, 0, 1, 1, 3, 3, 3, 0, 1, 3]|[1, 1, 1, 1, 0, 1, 0, 2, 1, 2, 1, 0, 1, 1, 0, 2, 0, 1, 1, 0];[0, 19, 16, 11, 2, 18, 5, 1, 12, 10, 15, 9, 17, 14, 13, 6, 4, 3, 7, 8]|[0, 2, 1, 1, 2, 0, 2, 0, 0, 1, 2, 1, 1, 0, 0, 0, 2, 1, 1, 0]|[2, 1, 1, 1, 0, 0, 0, 0, 3, 1, 0, 0, 1, 3, 3, 3, 0, 1, 1, 3]|[1, 1, 1, 1, 0, 2, 1, 2, 0, 1, 0, 1, 0, 0, 2, 0, 1, 1, 1, 2];[0, 19, 16, 11, 2, 18, 5, 1, 12, 10, 15, 9, 17, 14, 13, 6, 4, 3, 7, 8]|[0, 2, 1, 1, 2, 0, 2, 0, 0, 1, 2, 1, 1, 0, 0, 0, 2, 1, 1, 0]|[2, 1, 1, 1, 0, 0, 0, 0, 3, 1, 0, 0, 1, 3, 3, 3, 0, 1, 1, 3]|[1, 1, 1, 1, 0, 2, 1, 2, 0, 1, 0, 1, 0, 0, 2, 0, 1, 1, 1, 2];[0, 19, 16, 10, 15, 11, 18, 8, 5, 12, 17, 6, 7, 9, 14, 2, 13, 4, 3, 1]|[0, 2, 1, 1, 2, 1, 0, 0, 2, 0, 1, 2, 1, 1, 0, 0, 0, 2, 1, 1]|[3, 0, 1, 1, 0, 1, 3, 0, 0, 0, 1, 0, 0, 1, 3, 3, 3, 0, 1, 1]|[1, 1, 1, 0, 0, 1, 0, 2, 1, 2, 1, 0, 1, 0, 0, 2, 0, 1, 1, 1];[18, 1, 5, 12, 11, 15, 10, 16, 19, 0, 2, 9, 17, 7, 14, 13, 4, 6, 3, 8]|[0, 0, 2, 0, 1, 2, 1, 1, 2, 0, 2, 0, 1, 0, 0, 0, 2, 0, 0, 0]|[0, 0, 0, 2, 1, 0, 1, 1, 0, 3, 0, 0, 1, 0, 3, 3, 0, 3, 3, 3]|[2, 2, 1, 0, 1, 0, 0, 1, 1, 1, 0, 1, 0, 1, 0, 0, 1, 2, 1, 0];[18, 1, 5, 12, 11, 15, 10, 16, 19, 0, 2, 9, 17, 7, 14, 13, 4, 6, 3, 8]|[0, 0, 2, 0, 1, 2, 1, 1, 2, 0, 2, 0, 1, 0, 0, 0, 2, 0, 0, 0]|[0, 0, 0, 2, 1, 0, 1, 1, 0, 3, 0, 0, 1, 0, 3, 3, 0, 3, 3, 3]|[2, 2, 1, 0, 1, 0, 0, 1, 1, 1, 0, 1, 0, 1, 0, 0, 1, 2, 1, 0];[18, 5, 1, 12, 11, 15, 10, 16, 19, 7, 4, 14, 17, 13, 0, 9, 2, 8, 6, 3]|[0, 2, 0, 0, 1, 2, 1, 1, 2, 0, 2, 0, 1, 0, 0, 0, 2, 0, 0, 0]|[2, 0, 0, 3, 1, 0, 1, 1, 0, 3, 0, 0, 1, 3, 3, 0, 0, 3, 3, 3]|[2, 1, 2, 0, 1, 0, 0, 1, 1, 1, 0, 1, 1, 0, 2, 1, 1, 0, 2, 0];[18, 5, 1, 12, 11, 15, 10, 16, 19, 7, 4, 14, 17, 13, 0, 9, 2, 8, 6, 3]|[0, 2, 0, 0, 1, 2, 1, 1, 2, 0, 2, 0, 1, 0, 0, 0, 2, 0, 0, 0]|[2, 0, 0, 3, 1, 0, 1, 1, 0, 3, 0, 0, 1, 3, 3, 0, 0, 3, 3, 3]|[2, 1, 2, 0, 1, 0, 0, 1, 1, 1, 0, 1, 1, 0, 2, 1, 1, 0, 2, 0];[19, 16, 10, 15, 11, 12, 17, 3, 1, 18, 6, 9, 5, 0, 7, 2, 13, 4, 14, 8]|[2, 1, 1, 2, 1, 0, 0, 2, 0, 0, 2, 0, 1, 0, 0, 0, 0, 2, 0, 0]|[0, 1, 1, 0, 1, 0, 3, 0, 0, 0, 0, 0, 1, 3, 3, 3, 3, 0, 3, 3]|[1, 1, 0, 0, 1, 2, 1, 1, 2, 1, 0, 1, 1, 0, 0, 2, 0, 1, 2, 0];[19, 16, 10, 15, 11, 12, 17, 3, 1, 18, 6, 9, 5, 0, 7, 2, 13, 4, 14, 8]|[2, 1, 1, 2, 1, 0, 0, 2, 0, 0, 2, 0, 1, 0, 0, 0, 0, 2, 0, 0]|[0, 1, 1, 0, 1, 0, 3, 0, 0, 0, 0, 0, 1, 3, 3, 3, 3, 0, 3, 3]|[1, 1, 0, 0, 1, 2, 1, 1, 2, 1, 0, 1, 1, 0, 0, 2, 0, 1, 2, 0];[12, 11, 15, 10, 16, 19, 0, 5, 14, 7, 2, 17, 13, 8, 3, 1, 4, 9, 18, 6]|[0, 1, 2, 1, 1, 2, 0, 2, 0, 0, 2, 1, 0, 0, 0, 0, 2, 0, 0, 0]|[3, 1, 0, 1, 1, 0, 3, 0, 0, 0, 0, 1, 3, 3, 3, 0, 0, 0, 0, 3]|[0, 1, 0, 0, 1, 1, 1, 1, 2, 2, 0, 1, 0, 0, 0, 2, 1, 1, 2, 2];[12, 11, 15, 10, 16, 19, 0, 5, 14, 7, 2, 17, 13, 8, 3, 1, 4, 9, 18, 6]|[0, 1, 2, 1, 1, 2, 0, 2, 0, 0, 2, 1, 0, 0, 0, 0, 2, 0, 0, 0]|[3, 1, 0, 1, 1, 0, 3, 0, 0, 0, 0, 1, 3, 3, 3, 0, 0, 0, 0, 3]|[0, 1, 0, 0, 1, 1, 1, 1, 2, 2, 0, 1, 0, 0, 0, 2, 1, 1, 2, 2];[0, 19, 16, 10, 15, 11, 12, 1, 5, 7, 17, 6, 9, 3, 13, 8, 14, 2, 4, 18]|[0, 2, 1, 1, 2, 1, 0, 0, 2, 0, 1, 2, 0, 1, 0, 0, 0, 2, 1, 0]|[3, 0, 1, 1, 0, 1, 2, 0, 0, 0, 0, 0, 0, 1, 3, 3, 3, 0, 1, 3]|[1, 1, 1, 0, 0, 1, 0, 2, 1, 2, 1, 0, 1, 0, 0, 2, 0, 1, 1, 2];[0, 19, 16, 10, 15, 11, 12, 18, 5, 6, 17, 8, 9, 13, 3, 1, 7, 4, 14, 2]|[0, 2, 1, 1, 2, 1, 0, 0, 2, 0, 1, 2, 1, 1, 0, 0, 0, 2, 1, 0]|[3, 0, 1, 1, 0, 0, 2, 0, 0, 3, 1, 0, 1, 1, 3, 3, 3, 0, 1, 3]|[0, 1, 1, 0, 0, 1, 0, 2, 1, 2, 1, 0, 1, 1, 0, 2, 0, 1, 1, 2];[0, 19, 16, 10, 15, 11, 12, 1, 5, 7, 17, 4, 9, 14, 18, 13, 2, 6, 3, 8]|[0, 2, 1, 1, 2, 1, 0, 0, 2, 0, 1, 2, 1, 1, 0, 0, 0, 2, 1, 0]|[3, 0, 1, 1, 0, 1, 2, 0, 0, 0, 1, 0, 1, 1, 3, 3, 3, 0, 1, 3]|[1, 1, 1, 0, 0, 1, 0, 2, 1, 2, 1, 0, 1, 1, 0, 2, 0, 1, 1, 2];[0, 19, 6, 10, 15, 11, 18, 1, 16, 12, 17, 3, 9, 7, 8, 2, 13, 4, 5, 14]|[0, 2, 1, 1, 2, 1, 0, 0, 2, 0, 1, 2, 1, 1, 0, 0, 0, 2, 1, 0]|[3, 0, 1, 1, 0, 1, 2, 0, 0, 0, 1, 0, 0, 1, 3, 3, 3, 0, 1, 3]|[1, 1, 1, 1, 0, 1, 0, 2, 1, 2, 1, 0, 1, 0, 0, 2, 0, 1, 1, 2];[0, 19, 5, 10, 15, 11, 18, 1, 16, 7, 12, 6, 9, 13, 17, 2, 3, 4, 8, 14]|[0, 2, 1, 1, 2, 1, 0, 0, 2, 0, 1, 2, 1, 1, 0, 0, 0, 2, 1, 0]|[3, 0, 1, 1, 0, 1, 2, 0, 0, 0, 0, 0, 0, 1, 3, 3, 3, 0, 1, 3]|[1, 1, 1, 1, 0, 1, 0, 2, 1, 1, 1, 0, 1, 0, 0, 2, 2, 1, 1, 0];[12, 5, 8, 3, 11, 15, 10, 16, 19, 0, 17, 2, 9, 6, 1, 13, 14, 4, 7, 18]|[0, 2, 0, 0, 1, 2, 1, 1, 2, 0, 0, 2, 0, 1, 0, 0, 0, 2, 0, 0]|[0, 0, 0, 3, 1, 0, 1, 1, 0, 3, 0, 0, 0, 1, 3, 3, 3, 0, 3, 3]|[2, 1, 2, 0, 1, 0, 0, 1, 1, 1, 1, 0, 1, 1, 0, 2, 0, 1, 1, 0];[12, 5, 8, 3, 11, 15, 10, 16, 19, 0, 17, 2, 9, 6, 1, 13, 14, 4, 7, 18]|[0, 2, 0, 0, 1, 2, 1, 1, 2, 0, 0, 2, 0, 1, 0, 0, 0, 2, 0, 0]|[0, 0, 0, 3, 1, 0, 1, 1, 0, 3, 0, 0, 0, 1, 3, 3, 3, 0, 3, 3]|[2, 1, 2, 0, 1, 0, 0, 1, 1, 1, 1, 0, 1, 1, 0, 2, 0, 1, 1, 0];[0, 19, 16, 10, 15, 11, 12, 1, 5, 18, 17, 4, 7, 3, 8, 9, 2, 14, 6, 13]|[0, 2, 1, 1, 2, 1, 0, 0, 2, 0, 1, 2, 1, 1, 0, 0, 0, 2, 1, 0]|[3, 0, 1, 1, 0, 1, 2, 0, 0, 0, 0, 0, 0, 1, 3, 3, 3, 0, 1, 3]|[1, 1, 1, 1, 0, 1, 0, 2, 1, 2, 1, 0, 1, 0, 0, 2, 0, 1, 1, 2];[0, 19, 16, 10, 15, 11, 12, 1, 5, 7, 17, 6, 9, 14, 8, 3, 13, 2, 4, 18]|[0, 2, 1, 1, 2, 1, 0, 0, 2, 0, 1, 2, 0, 1, 0, 0, 0, 2, 1, 0]|[3, 0, 1, 1, 0, 1, 2, 0, 0, 0, 1, 0, 0, 1, 3, 3, 3, 0, 0, 3]|[1, 1, 1, 1, 0, 1, 0, 2, 1, 2, 1, 0, 1, 0, 0, 2, 0, 1, 1, 2];[0, 19, 16, 10, 15, 11, 12, 1, 5, 7, 17, 6, 9, 14, 8, 3, 13, 2, 4, 18]|[0, 2, 1, 1, 2, 1, 0, 0, 2, 0, 1, 2, 0, 1, 0, 0, 0, 2, 1, 0]|[3, 0, 1, 1, 0, 1, 2, 0, 0, 0, 1, 0, 0, 1, 3, 3, 3, 0, 0, 3]|[1, 1, 1, 1, 0, 1, 0, 2, 1, 2, 1, 0, 1, 0, 0, 2, 0, 1, 1, 2];[0, 19, 16, 10, 15, 11, 12, 1, 5, 7, 17, 6, 18, 13, 9, 3, 14, 2, 4, 8]|[0, 2, 1, 1, 2, 1, 0, 0, 2, 0, 1, 2, 0, 1, 0, 0, 0, 2, 1, 0]|[3, 0, 1, 1, 0, 1, 2, 0, 0, 0, 0, 0, 0, 1, 3, 3, 3, 0, 1, 3]|[1, 1, 1, 1, 0, 1, 0, 2, 1, 2, 1, 0, 1, 0, 0, 2, 0, 1, 1, 0];[0, 19, 5, 10, 15, 11, 18, 1, 16, 7, 12, 4, 2, 9, 17, 3, 6, 14, 13, 8]|[0, 2, 1, 1, 2, 1, 0, 0, 2, 0, 1, 2, 1, 1, 0, 0, 0, 2, 1, 0]|[3, 0, 1, 1, 0, 0, 2, 0, 0, 0, 1, 0, 1, 1, 3, 3, 3, 0, 1, 3]|[1, 1, 1, 0, 0, 1, 2, 0, 1, 2, 1, 0, 1, 0, 0, 2, 0, 1, 1, 2];[0, 19, 5, 10, 15, 11, 18, 1, 16, 7, 12, 4, 2, 9, 17, 3, 6, 14, 13, 8]|[0, 2, 1, 1, 2, 1, 0, 0, 2, 0, 1, 2, 1, 1, 0, 0, 0, 2, 1, 0]|[3, 0, 1, 1, 0, 0, 2, 0, 0, 0, 1, 0, 1, 1, 3, 3, 3, 0, 1, 3]|[1, 1, 1, 0, 0, 1, 2, 0, 1, 2, 1, 0, 1, 0, 0, 2, 0, 1, 1, 2];[0, 19, 16, 10, 15, 11, 12, 1, 5, 14, 17, 4, 9, 13, 18, 7, 3, 2, 6, 8]|[0, 2, 1, 1, 2, 1, 0, 0, 2, 0, 1, 2, 1, 1, 0, 0, 0, 2, 1, 0]|[3, 0, 1, 1, 0, 1, 2, 0, 0, 0, 0, 0, 0, 1, 3, 3, 3, 0, 1, 3]|[1, 1, 1, 1, 0, 1, 0, 2, 1, 2, 1, 0, 1, 0, 0, 2, 0, 1, 1, 2];[0, 19, 16, 10, 15, 11, 12, 8, 5, 18, 17, 2, 9, 7, 14, 3, 13, 6, 4, 1]|[0, 2, 1, 1, 2, 1, 0, 0, 2, 0, 1, 2, 1, 1, 0, 0, 0, 2, 1, 0]|[3, 0, 1, 1, 0, 1, 2, 0, 0, 0, 0, 0, 0, 1, 3, 3, 3, 0, 1, 3]|[1, 1, 1, 1, 0, 1, 0, 2, 1, 2, 1, 0, 1, 0, 0, 2, 0, 1, 1, 2];[0, 19, 16, 10, 15, 11, 18, 8, 5, 12, 17, 2, 7, 9, 1, 14, 6, 4, 13, 3]|[0, 2, 1, 1, 2, 1, 0, 0, 2, 0, 1, 2, 1, 1, 0, 0, 0, 2, 1, 0]|[3, 0, 1, 1, 0, 1, 3, 0, 0, 0, 1, 0, 0, 1, 3, 3, 3, 0, 1, 3]|[1, 1, 1, 0, 0, 1, 0, 2, 1, 2, 1, 0, 1, 0, 0, 2, 0, 1, 1, 0];[0, 19, 16, 10, 15, 11, 12, 1, 5, 18, 7, 2, 13, 17, 9, 3, 6, 4, 14, 8]|[0, 2, 1, 1, 2, 1, 0, 0, 2, 0, 1, 2, 1, 1, 0, 0, 0, 2, 0, 0]|[3, 0, 1, 1, 0, 1, 2, 0, 0, 0, 0, 0, 0, 1, 3, 3, 3, 0, 3, 3]|[1, 1, 1, 0, 0, 1, 0, 2, 1, 2, 1, 0, 1, 0, 0, 2, 0, 1, 2, 0];[0, 19, 16, 10, 15, 11, 12, 1, 5, 14, 17, 4, 9, 7, 8, 13, 18, 6, 2, 3]|[0, 2, 1, 1, 2, 1, 0, 0, 2, 0, 1, 2, 1, 1, 0, 0, 0, 2, 1, 0]|[3, 0, 1, 1, 0, 1, 2, 0, 0, 0, 0, 0, 0, 1, 3, 3, 3, 0, 1, 3]|[1, 1, 1, 1, 0, 1, 0, 2, 1, 2, 1, 0, 1, 0, 0, 2, 0, 1, 1, 0];[19, 16, 10, 15, 11, 18, 4, 12, 17, 2, 7, 13, 6, 0, 1, 3, 14, 5, 9, 8]|[2, 1, 1, 2, 1, 0, 2, 0, 1, 2, 1, 1, 0, 0, 0, 0, 0, 2, 1, 0]|[1, 1, 1, 0, 1, 2, 0, 0, 0, 0, 0, 1, 3, 3, 0, 3, 3, 0, 1, 3]|[1, 1, 0, 0, 1, 1, 1, 2, 1, 0, 1, 0, 0, 0, 2, 2, 0, 1, 1, 2];[19, 16, 10, 15, 11, 18, 4, 12, 17, 2, 7, 13, 6, 0, 1, 3, 14, 5, 9, 8]|[2, 1, 1, 2, 1, 0, 2, 0, 1, 2, 1, 1, 0, 0, 0, 0, 0, 2, 1, 0]|[1, 1, 1, 0, 1, 2, 0, 0, 0, 0, 0, 1, 3, 3, 0, 3, 3, 0, 1, 3]|[1, 1, 0, 0, 1, 1, 1, 2, 1, 0, 1, 0, 0, 0, 2, 2, 0, 1, 1, 2];[0, 19, 16, 10, 15, 11, 12, 18, 5, 1, 17, 2, 9, 7, 6, 8, 13, 4, 14, 3]|[0, 2, 1, 1, 2, 1, 0, 0, 2, 0, 1, 2, 1, 1, 0, 0, 0, 2, 1, 0]|[3, 0, 1, 1, 0, 1, 2, 0, 0, 3, 1, 0, 1, 1, 3, 3, 3, 0, 1, 3]|[1, 1, 1, 0, 0, 1, 2, 0, 1, 2, 1, 1, 1, 1, 0, 2, 0, 1, 1, 0];[0, 19, 16, 15, 12, 1, 5, 7, 6, 10, 14, 18, 2, 4, 9, 13, 11, 17, 3, 8]|[0, 2, 1, 2, 0, 0, 2, 0, 2, 1, 0, 0, 0, 2, 1, 1, 1, 1, 1, 0]|[3, 0, 1, 0, 2, 0, 0, 0, 0, 1, 3, 3, 3, 0, 1, 1, 1, 1, 1, 3]|[1, 1, 1, 0, 2, 0, 1, 2, 0, 1, 0, 2, 0, 1, 1, 1, 1, 1, 1, 2];[0, 19, 16, 10, 15, 11, 12, 1, 5, 14, 17, 4, 9, 7, 8, 3, 13, 6, 2, 18]|[0, 2, 1, 1, 2, 1, 0, 0, 2, 0, 1, 2, 1, 1, 0, 0, 0, 2, 1, 0]|[3, 0, 1, 1, 0, 1, 2, 0, 0, 3, 1, 0, 1, 1, 3, 3, 3, 0, 1, 3]|[1, 1, 1, 0, 0, 1, 0, 2, 1, 2, 1, 0, 1, 0, 0, 2, 0, 1, 1, 0];[0, 19, 16, 10, 15, 11, 12, 1, 5, 14, 6, 3, 9, 7, 13, 18, 17, 4, 2, 8]|[0, 2, 1, 1, 2, 1, 0, 0, 2, 0, 1, 2, 1, 1, 0, 0, 0, 2, 1, 0]|[3, 0, 1, 1, 0, 1, 2, 0, 0, 3, 1, 0, 1, 1, 3, 3, 3, 0, 1, 3]|[1, 1, 1, 0, 0, 1, 0, 2, 1, 2, 1, 0, 1, 0, 0, 2, 0, 1, 1, 0];[0, 19, 16, 10, 15, 11, 12, 1, 5, 18, 17, 3, 9, 6, 8, 2, 7, 4, 14, 13]|[0, 2, 1, 1, 2, 1, 0, 0, 2, 0, 1, 2, 1, 1, 0, 0, 0, 2, 1, 0]|[3, 0, 1, 1, 0, 1, 2, 3, 0, 2, 1, 0, 1, 1, 3, 3, 3, 0, 1, 3]|[0, 1, 1, 0, 0, 1, 0, 2, 1, 2, 1, 0, 1, 1, 0, 2, 2, 1, 1, 0];[12, 8, 4, 3, 13, 14, 17, 9, 2, 7, 18, 5, 1, 6, 11, 15, 10, 16, 19, 0]|[0, 0, 2, 0, 0, 0, 1, 0, 2, 0, 0, 2, 0, 0, 1, 2, 1, 1, 2, 0]|[3, 0, 0, 3, 3, 3, 1, 0, 0, 0, 0, 0, 0, 3, 1, 0, 1, 1, 0, 3]|[2, 1, 1, 0, 2, 0, 1, 1, 0, 1, 2, 1, 2, 0, 1, 0, 0, 1, 1, 1];[12, 8, 4, 3, 13, 14, 17, 9, 2, 7, 18, 5, 1, 6, 11, 15, 10, 16, 19, 0]|[0, 0, 2, 0, 0, 0, 1, 0, 2, 0, 0, 2, 0, 0, 1, 2, 1, 1, 2, 0]|[3, 0, 0, 3, 3, 3, 1, 0, 0, 0, 0, 0, 0, 3, 1, 0, 1, 1, 0, 3]|[2, 1, 1, 0, 2, 0, 1, 1, 0, 1, 2, 1, 2, 0, 1, 0, 0, 1, 1, 1];[19, 5, 11, 6, 17, 12, 16, 1, 9, 15, 10, 2, 0, 3, 18, 14, 4, 13, 7, 8]|[2, 1, 1, 2, 1, 0, 2, 0, 1, 2, 1, 0, 0, 0, 0, 0, 2, 1, 1, 0]|[1, 1, 1, 0, 1, 3, 0, 0, 1, 0, 1, 3, 0, 3, 2, 3, 0, 1, 1, 3]|[1, 1, 1, 0, 1, 0, 1, 2, 1, 0, 1, 0, 0, 2, 1, 2, 1, 1, 1, 0];[0, 19, 16, 10, 15, 11, 18, 12, 5, 3, 17, 2, 9, 8, 13, 14, 7, 4, 6, 1]|[0, 2, 1, 1, 2, 1, 0, 0, 2, 0, 1, 2, 1, 1, 0, 0, 0, 2, 1, 0]|[3, 0, 1, 1, 0, 1, 3, 1, 0, 3, 1, 0, 1, 1, 3, 3, 3, 0, 1, 3]|[1, 1, 1, 0, 0, 1, 0, 2, 1, 2, 1, 0, 1, 1, 0, 2, 0, 1, 1, 2];[0, 19, 16, 10, 15, 11, 12, 8, 5, 18, 17, 2, 9, 3, 6, 1, 14, 4, 7, 13]|[0, 2, 1, 1, 2, 1, 0, 0, 2, 0, 1, 2, 1, 1, 0, 0, 0, 2, 1, 0]|[3, 0, 1, 1, 0, 1, 3, 2, 0, 3, 1, 0, 1, 1, 3, 3, 3, 0, 1, 3]|[0, 1, 1, 0, 0, 1, 0, 2, 1, 2, 1, 0, 1, 1, 0, 2, 0, 1, 1, 0];[0, 19, 16, 10, 15, 11, 12, 8, 5, 14, 17, 2, 3, 9, 18, 1, 6, 4, 13, 7]|[0, 2, 1, 1, 2, 1, 0, 0, 2, 0, 1, 2, 1, 1, 0, 0, 0, 2, 1, 0]|[3, 0, 1, 1, 0, 1, 2, 0, 0, 3, 1, 0, 1, 1, 3, 3, 3, 0, 1, 3]|[1, 1, 1, 0, 0, 1, 0, 2, 1, 2, 1, 0, 1, 1, 0, 2, 0, 1, 1, 0];[0, 19, 16, 10, 15, 11, 12, 3, 5, 18, 6, 17, 7, 1, 2, 14, 13, 4, 9, 8]|[0, 2, 1, 1, 2, 1, 0, 0, 2, 0, 1, 2, 1, 1, 0, 0, 0, 2, 1, 0]|[3, 0, 1, 1, 0, 0, 2, 0, 0, 3, 1, 0, 1, 1, 3, 3, 3, 0, 1, 3]|[1, 1, 1, 0, 0, 1, 0, 2, 1, 2, 1, 0, 1, 1, 0, 2, 0, 1, 1, 2];[0, 19, 5, 15, 11, 10, 12, 18, 16, 1, 9, 6, 17, 14, 8, 3, 13, 4, 2, 7]|[0, 2, 1, 2, 1, 1, 0, 0, 2, 0, 1, 2, 1, 1, 0, 0, 0, 2, 1, 0]|[3, 0, 1, 0, 1, 1, 3, 0, 0, 3, 1, 0, 1, 1, 3, 3, 3, 0, 1, 3]|[1, 1, 1, 0, 1, 1, 0, 2, 1, 2, 1, 0, 1, 1, 0, 2, 0, 1, 1, 0];[19, 16, 15, 12, 1, 0, 5, 14, 2, 13, 3, 8, 6, 4, 17, 9, 10, 11, 18, 7]|[2, 1, 2, 0, 0, 0, 2, 1, 2, 1, 0, 0, 0, 2, 1, 1, 1, 1, 0, 0]|[0, 1, 0, 3, 3, 3, 0, 1, 0, 1, 3, 3, 3, 0, 1, 1, 1, 1, 3, 3]|[1, 1, 0, 0, 2, 0, 1, 1, 0, 1, 0, 2, 0, 1, 1, 1, 1, 1, 2, 0];[19, 16, 15, 12, 1, 0, 5, 14, 2, 13, 3, 8, 6, 4, 17, 9, 10, 11, 18, 7]|[2, 1, 2, 0, 0, 0, 2, 1, 2, 1, 0, 0, 0, 2, 1, 1, 1, 1, 0, 0]|[0, 1, 0, 3, 3, 3, 0, 1, 0, 1, 3, 3, 3, 0, 1, 1, 1, 1, 3, 3]|[1, 1, 0, 0, 2, 0, 1, 1, 0, 1, 0, 2, 0, 1, 1, 1, 1, 1, 2, 0];[0, 19, 16, 15, 11, 8, 12, 18, 5, 3, 17, 2, 9, 10, 14, 1, 13, 4, 6, 7]|[0, 2, 1, 2, 1, 1, 0, 0, 2, 0, 1, 2, 1, 1, 0, 0, 0, 2, 1, 0]|[3, 0, 1, 0, 1, 1, 3, 3, 0, 3, 1, 0, 1, 1, 3, 3, 3, 0, 1, 3]|[2, 1, 1, 0, 1, 1, 0, 0, 1, 2, 1, 0, 1, 1, 0, 2, 0, 1, 1, 0];[0, 19, 16, 15, 11, 8, 12, 18, 5, 3, 17, 2, 9, 10, 14, 1, 13, 4, 6, 7]|[0, 2, 1, 2, 1, 1, 0, 0, 2, 0, 1, 2, 1, 1, 0, 0, 0, 2, 1, 0]|[3, 0, 1, 0, 1, 1, 3, 3, 0, 3, 1, 0, 1, 1, 3, 3, 3, 0, 1, 3]|[2, 1, 1, 0, 1, 1, 0, 0, 1, 2, 1, 0, 1, 1, 0, 2, 0, 1, 1, 0];[0, 16, 11, 10, 12, 1, 5, 2, 6, 7, 3, 17, 13, 9, 18, 19, 4, 15, 14, 8]|[0, 1, 1, 1, 0, 0, 2, 0, 2, 1, 1, 1, 0, 0, 0, 2, 2, 2, 1, 0]|[3, 1, 1, 1, 2, 0, 1, 0, 0, 0, 1, 0, 3, 3, 3, 0, 0, 0, 1, 3]|[1, 1, 1, 1, 0, 2, 1, 2, 0, 1, 0, 1, 0, 2, 0, 1, 1, 1, 1, 2];[0, 16, 11, 10, 12, 1, 5, 2, 6, 7, 3, 17, 13, 9, 18, 19, 4, 15, 14, 8]|[0, 1, 1, 1, 0, 0, 2, 0, 2, 1, 1, 1, 0, 0, 0, 2, 2, 2, 1, 0]|[3, 1, 1, 1, 2, 0, 1, 0, 0, 0, 1, 0, 3, 3, 3, 0, 0, 0, 1, 3]|[1, 1, 1, 1, 0, 2, 1, 2, 0, 1, 0, 1, 0, 2, 0, 1, 1, 1, 1, 2];[17, 19, 5, 2, 4, 12, 9, 7, 16, 1, 18, 11, 15, 10, 0, 3, 6, 14, 13, 8]|[0, 2, 1, 1, 2, 1, 1, 0, 2, 0, 0, 1, 2, 1, 0, 0, 0, 2, 1, 0]|[3, 1, 1, 1, 0, 1, 1, 0, 0, 0, 2, 0, 0, 1, 3, 3, 3, 0, 1, 3]|[0, 1, 1, 1, 0, 1, 1, 2, 1, 0, 2, 1, 0, 0, 1, 2, 0, 1, 1, 2];[17, 19, 5, 2, 4, 12, 9, 7, 16, 1, 18, 11, 15, 10, 0, 3, 6, 14, 13, 8]|[0, 2, 1, 1, 2, 1, 1, 0, 2, 0, 0, 1, 2, 1, 0, 0, 0, 2, 1, 0]|[3, 1, 1, 1, 0, 1, 1, 0, 0, 0, 2, 0, 0, 1, 3, 3, 3, 0, 1, 3]|[0, 1, 1, 1, 0, 1, 1, 2, 1, 0, 2, 1, 0, 0, 1, 2, 0, 1, 1, 2];[0, 19, 16, 10, 15, 11, 12, 18, 5, 3, 17, 2, 9, 7, 14, 1, 6, 4, 13, 8]|[0, 2, 1, 1, 2, 1, 0, 0, 2, 0, 1, 2, 1, 1, 0, 0, 0, 2, 1, 0]|[3, 0, 1, 1, 0, 1, 3, 0, 0, 3, 1, 0, 1, 1, 3, 3, 3, 0, 1, 3]|[0, 1, 1, 1, 0, 1, 2, 0, 1, 2, 1, 0, 1, 1, 0, 2, 0, 1, 1, 0];[0, 19, 16, 10, 15, 11, 12, 1, 5, 18, 7, 6, 9, 3, 14, 17, 2, 4, 8, 13]|[0, 2, 1, 1, 2, 1, 0, 0, 2, 0, 1, 2, 1, 1, 0, 0, 0, 2, 1, 0]|[3, 0, 1, 1, 0, 1, 2, 0, 0, 3, 1, 0, 1, 1, 3, 3, 3, 0, 1, 3]|[1, 1, 1, 0, 0, 1, 0, 2, 1, 2, 1, 0, 1, 1, 0, 2, 0, 1, 1, 0];[0, 19, 16, 10, 15, 11, 12, 1, 5, 18, 17, 4, 9, 14, 8, 3, 13, 6, 2, 7]|[0, 2, 1, 1, 2, 1, 0, 0, 2, 0, 1, 2, 1, 1, 0, 0, 0, 2, 1, 0]|[3, 0, 1, 1, 0, 1, 3, 0, 0, 3, 1, 0, 1, 1, 3, 3, 3, 0, 1, 3]|[2, 1, 1, 1, 0, 1, 0, 0, 1, 2, 1, 0, 1, 1, 0, 2, 0, 1, 1, 0];[0, 19, 16, 15, 6, 3, 5, 12, 18, 11, 2, 9, 10, 8, 7, 14, 13, 4, 17, 1]|[0, 2, 1, 2, 1, 0, 2, 0, 0, 1, 2, 1, 1, 1, 0, 0, 0, 2, 1, 0]|[3, 0, 1, 0, 1, 3, 0, 3, 3, 1, 0, 1, 1, 1, 3, 3, 3, 0, 1, 3]|[0, 1, 1, 0, 1, 2, 1, 2, 0, 1, 0, 1, 1, 1, 0, 2, 0, 1, 1, 2];[0, 19, 16, 15, 6, 3, 5, 12, 18, 11, 2, 9, 10, 8, 7, 14, 13, 4, 17, 1]|[0, 2, 1, 2, 1, 0, 2, 0, 0, 1, 2, 1, 1, 1, 0, 0, 0, 2, 1, 0]|[3, 0, 1, 0, 1, 3, 0, 3, 3, 1, 0, 1, 1, 1, 3, 3, 3, 0, 1, 3]|[0, 1, 1, 0, 1, 2, 1, 2, 0, 1, 0, 1, 1, 1, 0, 2, 0, 1, 1, 2];[0, 19, 16, 10, 15, 11, 12, 1, 5, 14, 17, 4, 9, 6, 13, 7, 8, 2, 18, 3]|[0, 2, 1, 1, 2, 1, 0, 0, 2, 0, 1, 2, 1, 1, 0, 0, 0, 2, 0, 0]|[3, 0, 1, 1, 0, 1, 2, 0, 0, 0, 0, 0, 0, 1, 3, 3, 3, 0, 0, 3]|[1, 1, 1, 0, 0, 1, 0, 2, 1, 2, 1, 0, 1, 0, 0, 2, 0, 1, 1, 2];[0, 19, 16, 10, 15, 11, 12, 1, 5, 14, 17, 4, 9, 6, 13, 7, 8, 2, 18, 3]|[0, 2, 1, 1, 2, 1, 0, 0, 2, 0, 1, 2, 1, 1, 0, 0, 0, 2, 0, 0]|[3, 0, 1, 1, 0, 1, 2, 0, 0, 0, 0, 0, 0, 1, 3, 3, 3, 0, 0, 3]|[1, 1, 1, 0, 0, 1, 0, 2, 1, 2, 1, 0, 1, 0, 0, 2, 0, 1, 1, 2];[0, 19, 16, 10, 15, 11, 12, 18, 5, 8, 17, 1, 9, 13, 3, 6, 7, 4, 2, 14]|[0, 2, 1, 1, 2, 1, 0, 0, 2, 0, 1, 2, 1, 1, 0, 0, 0, 2, 1, 0]|[3, 0, 1, 1, 0, 1, 3, 0, 0, 3, 1, 0, 1, 1, 3, 3, 3, 0, 1, 3]|[0, 1, 1, 1, 0, 1, 2, 0, 1, 2, 1, 0, 1, 1, 0, 2, 0, 1, 1, 0];[0, 19, 16, 10, 15, 11, 12, 18, 5, 7, 17, 4, 9, 3, 8, 14, 6, 2, 13, 1]|[0, 2, 1, 1, 2, 1, 0, 0, 2, 0, 1, 2, 1, 1, 0, 0, 0, 2, 1, 0]|[3, 0, 1, 1, 0, 1, 3, 0, 0, 3, 1, 0, 0, 1, 3, 3, 3, 0, 1, 3]|[1, 1, 1, 0, 0, 1, 0, 2, 1, 2, 1, 0, 1, 0, 0, 2, 0, 1, 1, 2];[0, 19, 5, 15, 16, 18, 12, 4, 8, 10, 6, 7, 17, 11, 14, 13, 3, 9, 2, 1]|[0, 2, 1, 2, 1, 0, 0, 2, 0, 1, 2, 1, 1, 1, 0, 0, 0, 2, 1, 0]|[0, 0, 1, 0, 1, 3, 3, 0, 3, 1, 0, 1, 1, 1, 3, 3, 3, 0, 1, 3]|[2, 1, 1, 0, 1, 0, 0, 1, 2, 1, 0, 1, 1, 1, 0, 2, 0, 1, 1, 2];[0, 19, 5, 15, 16, 18, 12, 4, 8, 10, 6, 7, 17, 11, 14, 13, 3, 9, 2, 1]|[0, 2, 1, 2, 1, 0, 0, 2, 0, 1, 2, 1, 1, 1, 0, 0, 0, 2, 1, 0]|[0, 0, 1, 0, 1, 3, 3, 0, 3, 1, 0, 1, 1, 1, 3, 3, 3, 0, 1, 3]|[2, 1, 1, 0, 1, 0, 0, 1, 2, 1, 0, 1, 1, 1, 0, 2, 0, 1, 1, 2];[0, 19, 16, 10, 15, 11, 12, 18, 5, 7, 17, 4, 9, 3, 13, 1, 8, 6, 2, 14]|[0, 2, 1, 1, 2, 1, 0, 0, 2, 0, 0, 2, 0, 1, 0, 0, 0, 2, 1, 0]|[3, 0, 1, 1, 0, 1, 2, 0, 0, 0, 0, 0, 0, 1, 3, 3, 3, 0, 1, 3]|[1, 1, 1, 1, 0, 1, 0, 2, 1, 2, 1, 0, 1, 0, 0, 2, 0, 1, 1, 2];[0, 19, 5, 10, 15, 11, 12, 1, 16, 18, 17, 3, 9, 6, 2, 13, 7, 4, 8, 14]|[0, 2, 1, 1, 2, 1, 0, 0, 2, 0, 1, 2, 1, 1, 0, 0, 0, 2, 1, 0]|[2, 0, 1, 1, 0, 1, 3, 3, 0, 3, 1, 0, 1, 1, 3, 3, 3, 0, 1, 3]|[0, 1, 1, 1, 0, 1, 2, 0, 1, 2, 1, 0, 1, 1, 0, 2, 0, 1, 1, 2];[0, 19, 16, 10, 15, 11, 12, 1, 5, 14, 17, 2, 9, 3, 18, 13, 7, 6, 4, 8]|[0, 2, 1, 1, 2, 1, 0, 0, 2, 0, 1, 2, 0, 1, 0, 0, 0, 2, 1, 0]|[3, 0, 1, 1, 0, 1, 2, 0, 0, 0, 0, 0, 0, 1, 3, 3, 3, 0, 0, 3]|[1, 1, 1, 1, 0, 1, 0, 2, 1, 2, 1, 0, 1, 0, 0, 2, 0, 1, 1, 0];[0, 19, 16, 10, 15, 11, 12, 1, 5, 14, 17, 2, 9, 3, 18, 13, 7, 6, 4, 8]|[0, 2, 1, 1, 2, 1, 0, 0, 2, 0, 1, 2, 0, 1, 0, 0, 0, 2, 1, 0]|[3, 0, 1, 1, 0, 1, 2, 0, 0, 0, 0, 0, 0, 1, 3, 3, 3, 0, 0, 3]|[1, 1, 1, 1, 0, 1, 0, 2, 1, 2, 1, 0, 1, 0, 0, 2, 0, 1, 1, 0];[0, 19, 16, 10, 15, 11, 12, 1, 5, 14, 17, 6, 9, 7, 2, 13, 8, 4, 3, 18]|[0, 2, 1, 1, 2, 1, 0, 0, 2, 0, 1, 2, 1, 1, 0, 0, 0, 2, 1, 0]|[3, 0, 1, 1, 0, 1, 3, 0, 0, 3, 1, 0, 1, 1, 3, 3, 3, 0, 1, 3]|[1, 1, 1, 0, 0, 1, 0, 2, 1, 2, 1, 0, 1, 1, 0, 2, 0, 1, 1, 0];[0, 19, 16, 10, 15, 11, 12, 1, 5, 18, 17, 4, 9, 7, 13, 6, 8, 2, 14, 3]|[0, 2, 1, 1, 2, 1, 0, 0, 2, 0, 1, 2, 0, 1, 0, 0, 0, 2, 1, 0]|[3, 0, 1, 1, 0, 1, 2, 0, 0, 0, 0, 0, 0, 1, 3, 3, 3, 0, 0, 3]|[1, 1, 1, 0, 0, 1, 0, 2, 1, 2, 1, 0, 1, 0, 0, 2, 0, 1, 1, 2];[0, 19, 16, 10, 15, 11, 18, 8, 5, 12, 3, 6, 9, 7, 14, 13, 1, 4, 2, 17]|[0, 2, 1, 1, 2, 1, 0, 0, 2, 0, 1, 2, 1, 1, 0, 0, 0, 2, 1, 0]|[3, 0, 1, 1, 0, 1, 3, 2, 0, 3, 1, 0, 1, 1, 3, 3, 3, 0, 1, 3]|[1, 1, 1, 0, 0, 1, 0, 2, 1, 2, 1, 0, 1, 1, 0, 2, 0, 1, 1, 2];[14, 19, 5, 10, 15, 11, 13, 12, 4, 3, 7, 2, 9, 6, 8, 18, 16, 17, 0, 1]|[0, 2, 1, 1, 2, 1, 0, 1, 2, 0, 1, 2, 1, 1, 0, 0, 2, 0, 0, 0]|[3, 0, 1, 1, 0, 1, 3, 1, 0, 3, 1, 0, 1, 1, 3, 3, 0, 3, 3, 3]|[2, 1, 1, 1, 0, 1, 0, 1, 1, 2, 1, 0, 1, 1, 0, 2, 1, 0, 2, 0];[14, 19, 5, 10, 15, 11, 13, 12, 4, 3, 7, 2, 9, 6, 8, 18, 16, 17, 0, 1]|[0, 2, 1, 1, 2, 1, 0, 1, 2, 0, 1, 2, 1, 1, 0, 0, 2, 0, 0, 0]|[3, 0, 1, 1, 0, 1, 3, 1, 0, 3, 1, 0, 1, 1, 3, 3, 0, 3, 3, 3]|[2, 1, 1, 1, 0, 1, 0, 1, 1, 2, 1, 0, 1, 1, 0, 2, 1, 0, 2, 0];[14, 19, 5, 10, 15, 11, 8, 12, 16, 1, 17, 4, 9, 13, 2, 18, 0, 6, 3, 7]|[0, 2, 1, 1, 2, 1, 0, 0, 2, 0, 1, 2, 1, 1, 0, 0, 0, 2, 1, 0]|[3, 0, 1, 1, 0, 1, 3, 3, 0, 3, 1, 0, 1, 1, 3, 3, 3, 0, 1, 3]|[0, 1, 1, 0, 0, 1, 2, 0, 1, 2, 1, 0, 1, 1, 0, 2, 0, 1, 1, 2];[14, 19, 5, 10, 15, 11, 8, 12, 16, 1, 17, 4, 9, 13, 2, 18, 0, 6, 3, 7]|[0, 2, 1, 1, 2, 1, 0, 0, 2, 0, 1, 2, 1, 1, 0, 0, 0, 2, 1, 0]|[3, 0, 1, 1, 0, 1, 3, 3, 0, 3, 1, 0, 1, 1, 3, 3, 3, 0, 1, 3]|[0, 1, 1, 0, 0, 1, 2, 0, 1, 2, 1, 0, 1, 1, 0, 2, 0, 1, 1, 2];[0, 19, 16, 10, 15, 11, 12, 1, 5, 7, 17, 6, 18, 9, 13, 3, 14, 4, 2, 8]|[0, 2, 1, 1, 2, 1, 0, 0, 2, 0, 1, 2, 1, 1, 0, 0, 0, 2, 0, 0]|[3, 0, 1, 1, 0, 1, 2, 0, 0, 0, 0, 0, 0, 1, 3, 3, 3, 0, 0, 3]|[1, 1, 1, 0, 0, 1, 0, 2, 1, 2, 1, 0, 1, 0, 0, 2, 0, 1, 1, 2];[0, 19, 16, 10, 15, 11, 12, 1, 5, 7, 17, 6, 18, 9, 13, 3, 14, 4, 2, 8]|[0, 2, 1, 1, 2, 1, 0, 0, 2, 0, 1, 2, 1, 1, 0, 0, 0, 2, 0, 0]|[3, 0, 1, 1, 0, 1, 2, 0, 0, 0, 0, 0, 0, 1, 3, 3, 3, 0, 0, 3]|[1, 1, 1, 0, 0, 1, 0, 2, 1, 2, 1, 0, 1, 0, 0, 2, 0, 1, 1, 2];[11, 15, 10, 19, 3, 7, 4, 17, 5, 2, 14, 6, 16, 1, 9, 8, 0, 12, 13, 18]|[1, 2, 1, 2, 1, 1, 2, 1, 2, 0, 2, 1, 1, 0, 0, 0, 0, 0, 0, 0]|[1, 0, 1, 0, 1, 0, 0, 0, 0, 3, 0, 1, 1, 3, 3, 3, 3, 3, 3, 3]|[1, 0, 1, 1, 0, 1, 0, 1, 1, 0, 1, 1, 1, 2, 0, 2, 0, 0, 2, 0];[0, 19, 16, 10, 15, 11, 12, 18, 5, 14, 7, 2, 13, 4, 8, 1, 3, 6, 17, 9]|[0, 2, 1, 1, 2, 1, 0, 0, 2, 0, 0, 2, 1, 1, 0, 0, 0, 2, 1, 0]|[3, 0, 1, 1, 0, 0, 2, 0, 0, 0, 0, 0, 0, 1, 3, 3, 3, 0, 1, 3]|[1, 1, 1, 1, 0, 1, 0, 2, 1, 2, 1, 0, 1, 0, 0, 2, 2, 1, 1, 0];[0, 19, 16, 10, 15, 11, 12, 18, 5, 14, 7, 2, 13, 4, 8, 1, 3, 6, 17, 9]|[0, 2, 1, 1, 2, 1, 0, 0, 2, 0, 0, 2, 1, 1, 0, 0, 0, 2, 1, 0]|[3, 0, 1, 1, 0, 0, 2, 0, 0, 0, 0, 0, 0, 1, 3, 3, 3, 0, 1, 3]|[1, 1, 1, 1, 0, 1, 0, 2, 1, 2, 1, 0, 1, 0, 0, 2, 2, 1, 1, 0];[0, 19, 16, 10, 15, 11, 12, 18, 5, 14, 7, 2, 13, 4, 8, 1, 3, 6, 17, 9]|[0, 2, 1, 1, 2, 1, 0, 0, 2, 0, 0, 2, 1, 1, 0, 0, 0, 2, 1, 0]|[3, 0, 1, 1, 0, 0, 2, 0, 0, 0, 0, 0, 0, 1, 3, 3, 3, 0, 1, 3]|[1, 1, 1, 1, 0, 1, 0, 2, 1, 2, 1, 0, 1, 0, 0, 2, 2, 1, 1, 0];[0, 19, 16, 10, 15, 11, 12, 18, 5, 14, 7, 2, 13, 4, 8, 1, 3, 6, 17, 9]|[0, 2, 1, 1, 2, 1, 0, 0, 2, 0, 0, 2, 1, 1, 0, 0, 0, 2, 1, 0]|[3, 0, 1, 1, 0, 0, 2, 0, 0, 0, 0, 0, 0, 1, 3, 3, 3, 0, 1, 3]|[1, 1, 1, 1, 0, 1, 0, 2, 1, 2, 1, 0, 1, 0, 0, 2, 2, 1, 1, 0];[0, 19, 5, 6, 15, 11, 18, 1, 16, 12, 2, 17, 9, 13, 7, 14, 8, 4, 10, 3]|[0, 2, 1, 1, 2, 1, 0, 0, 2, 0, 2, 1, 1, 1, 0, 0, 0, 2, 1, 0]|[3, 0, 1, 1, 0, 1, 3, 3, 0, 3, 0, 1, 1, 1, 3, 3, 3, 0, 1, 3]|[0, 1, 1, 1, 0, 1, 2, 0, 1, 2, 0, 1, 1, 1, 0, 2, 0, 1, 1, 2];[0, 19, 5, 10, 7, 11, 12, 18, 16, 14, 15, 6, 9, 17, 2, 13, 8, 4, 3, 1]|[0, 2, 1, 1, 2, 1, 0, 0, 2, 0, 1, 2, 1, 1, 0, 0, 0, 2, 1, 0]|[3, 0, 1, 1, 0, 1, 3, 0, 0, 3, 1, 0, 1, 1, 3, 3, 3, 0, 1, 3]|[1, 1, 1, 0, 0, 1, 0, 2, 1, 2, 1, 0, 1, 1, 0, 2, 0, 1, 1, 0];[0, 19, 16, 10, 15, 11, 12, 8, 5, 18, 7, 6, 9, 14, 17, 13, 2, 4, 3, 1]|[0, 2, 1, 1, 2, 1, 0, 0, 2, 0, 1, 2, 1, 1, 0, 0, 0, 2, 1, 0]|[3, 0, 1, 1, 0, 0, 1, 0, 0, 0, 0, 0, 0, 1, 3, 3, 3, 0, 1, 3]|[1, 1, 1, 1, 0, 1, 0, 2, 1, 2, 1, 0, 1, 0, 0, 2, 0, 1, 1, 2];[19, 5, 10, 15, 11, 12, 8, 16, 14, 2, 17, 3, 9, 13, 0, 18, 7, 4, 6, 1]|[2, 1, 1, 2, 1, 0, 0, 2, 0, 0, 1, 2, 1, 1, 0, 0, 0, 2, 1, 0]|[0, 1, 1, 0, 1, 3, 3, 0, 3, 3, 1, 0, 1, 1, 3, 3, 3, 0, 1, 3]|[1, 1, 1, 0, 1, 0, 2, 1, 0, 2, 1, 0, 1, 1, 0, 2, 0, 1, 1, 2];[19, 5, 10, 15, 11, 12, 8, 16, 14, 2, 17, 3, 9, 13, 0, 18, 7, 4, 6, 1]|[2, 1, 1, 2, 1, 0, 0, 2, 0, 0, 1, 2, 1, 1, 0, 0, 0, 2, 1, 0]|[0, 1, 1, 0, 1, 3, 3, 0, 3, 3, 1, 0, 1, 1, 3, 3, 3, 0, 1, 3]|[1, 1, 1, 0, 1, 0, 2, 1, 0, 2, 1, 0, 1, 1, 0, 2, 0, 1, 1, 2];[0, 19, 5, 6, 15, 11, 18, 1, 16, 12, 2, 17, 9, 13, 7, 14, 8, 4, 10, 3]|[0, 2, 1, 1, 2, 1, 0, 0, 2, 0, 2, 1, 1, 1, 0, 0, 0, 2, 1, 0]|[3, 0, 1, 1, 0, 1, 3, 3, 0, 3, 0, 1, 1, 1, 3, 3, 3, 0, 1, 3]|[0, 1, 1, 1, 0, 1, 2, 0, 1, 2, 0, 1, 1, 1, 0, 2, 0, 1, 1, 2];[2, 19, 5, 10, 15, 11, 18, 16, 1, 3, 14, 7, 6, 8, 12, 17, 4, 9, 13, 0]|[0, 2, 1, 1, 2, 1, 0, 2, 0, 1, 2, 0, 0, 0, 0, 1, 2, 1, 1, 0]|[3, 0, 1, 1, 0, 1, 3, 0, 3, 1, 0, 3, 3, 3, 3, 1, 0, 1, 1, 3]|[0, 1, 1, 1, 0, 1, 2, 1, 0, 1, 1, 0, 2, 0, 2, 1, 0, 1, 1, 0];[2, 19, 5, 10, 15, 11, 18, 16, 1, 3, 14, 7, 6, 8, 12, 17, 4, 9, 13, 0]|[0, 2, 1, 1, 2, 1, 0, 2, 0, 1, 2, 0, 0, 0, 0, 1, 2, 1, 1, 0]|[3, 0, 1, 1, 0, 1, 3, 0, 3, 1, 0, 3, 3, 3, 3, 1, 0, 1, 1, 3]|[0, 1, 1, 1, 0, 1, 2, 1, 0, 1, 1, 0, 2, 0, 2, 1, 0, 1, 1, 0];[0, 19, 5, 15, 16, 12, 17, 6, 7, 14, 4, 10, 2, 8, 11, 13, 3, 9, 18, 1]|[0, 2, 1, 2, 2, 0, 1, 2, 2, 1, 1, 1, 0, 0, 1, 2, 0, 0, 0, 0]|[0, 0, 0, 0, 0, 2, 0, 0, 1, 1, 1, 1, 3, 0, 1, 0, 3, 3, 3, 3]|[1, 1, 1, 0, 1, 2, 1, 0, 0, 0, 1, 1, 0, 2, 1, 1, 0, 2, 0, 0];[0, 19, 16, 10, 15, 11, 18, 1, 5, 12, 17, 6, 9, 3, 13, 14, 2, 4, 7, 8]|[0, 2, 1, 1, 2, 1, 0, 0, 2, 0, 1, 2, 1, 1, 0, 0, 0, 2, 0, 0]|[3, 0, 1, 1, 0, 1, 2, 0, 0, 0, 0, 0, 0, 1, 3, 3, 3, 0, 0, 3]|[1, 1, 1, 0, 0, 1, 0, 2, 1, 2, 1, 0, 1, 0, 0, 2, 0, 1, 1, 1]	sBp=[0, 19, 16, 10, 15, 11, 12, 1, 4, 3, 17, 14, 9, 2, 13, 7, 8, 5, 6, 18]|[0, 2, 1, 1, 2, 1, 0, 0, 2, 0, 1, 2, 1, 1, 0, 0, 0, 2, 0, 0]|[3, 0, 1, 1, 0, 1, 2, 0, 0, 3, 1, 0, 1, 1, 3, 3, 3, 0, 0, 3]|[1, 1, 1, 1, 0, 1, 0, 2, 1, 2, 1, 0, 1, 1, 0, 2, 0, 1, 1, 2];[0, 19, 16, 10, 15, 11, 12, 18, 5, 3, 17, 2, 7, 9, 6, 14, 8, 4, 13, 1]|[0, 2, 1, 1, 2, 1, 0, 0, 2, 0, 1, 2, 1, 1, 0, 0, 0, 2, 1, 0]|[3, 0, 1, 1, 0, 1, 2, 0, 0, 0, 1, 0, 1, 1, 3, 3, 3, 0, 1, 3]|[1, 1, 1, 0, 0, 1, 0, 2, 1, 2, 1, 0, 1, 1, 0, 2, 0, 1, 1, 0];[0, 19, 16, 10, 15, 11, 12, 18, 5, 7, 17, 1, 9, 3, 6, 13, 8, 4, 2, 14]|[0, 2, 1, 1, 2, 1, 0, 0, 2, 0, 1, 2, 1, 1, 0, 0, 0, 2, 1, 0]|[3, 0, 1, 1, 0, 0, 2, 0, 0, 0, 1, 0, 1, 1, 3, 3, 3, 0, 1, 3]|[1, 1, 1, 0, 0, 1, 0, 2, 1, 2, 1, 0, 1, 1, 0, 2, 0, 1, 1, 2];[0, 4, 5, 10, 15, 11, 18, 1, 16, 7, 17, 2, 9, 14, 12, 6, 3, 19, 13, 8]|[0, 2, 1, 1, 2, 1, 0, 0, 2, 0, 1, 2, 1, 1, 0, 0, 0, 2, 1, 0]|[3, 0, 1, 1, 0, 0, 2, 0, 0, 0, 1, 0, 1, 1, 3, 3, 3, 0, 1, 3]|[1, 1, 1, 0, 0, 1, 0, 2, 1, 2, 1, 0, 1, 1, 0, 2, 0, 1, 1, 2];[3, 12, 5, 8, 17, 11, 15, 10, 16, 19, 0, 2, 9, 6, 18, 1, 13, 4, 7, 14]|[0, 0, 2, 0, 0, 1, 2, 1, 1, 2, 0, 2, 0, 1, 0, 0, 0, 2, 0, 0]|[3, 0, 0, 0, 0, 1, 0, 1, 1, 0, 3, 0, 0, 1, 3, 3, 3, 0, 3, 3]|[0, 2, 1, 2, 2, 1, 0, 0, 1, 1, 1, 0, 1, 1, 0, 0, 2, 1, 1, 0];[3, 12, 5, 8, 17, 11, 15, 10, 16, 19, 0, 2, 9, 6, 18, 1, 13, 4, 7, 14]|[0, 0, 2, 0, 0, 1, 2, 1, 1, 2, 0, 2, 0, 1, 0, 0, 0, 2, 0, 0]|[3, 0, 0, 0, 0, 1, 0, 1, 1, 0, 3, 0, 0, 1, 3, 3, 3, 0, 3, 3]|[0, 2, 1, 2, 2, 1, 0, 0, 1, 1, 1, 0, 1, 1, 0, 0, 2, 1, 1, 0];[6, 19, 16, 10, 15, 11, 12, 3, 17, 8, 13, 2, 9, 1, 5, 7, 18, 4, 14, 0]|[0, 2, 1, 1, 2, 1, 0, 0, 1, 0, 0, 2, 0, 0, 2, 0, 0, 2, 0, 0]|[3, 0, 1, 1, 0, 1, 2, 3, 1, 3, 3, 0, 2, 0, 0, 0, 0, 0, 3, 3]|[0, 1, 1, 0, 0, 1, 2, 2, 1, 0, 0, 0, 1, 2, 1, 1, 2, 1, 1, 0];[6, 19, 16, 10, 15, 11, 12, 3, 17, 8, 13, 2, 9, 1, 5, 7, 18, 4, 14, 0]|[0, 2, 1, 1, 2, 1, 0, 0, 1, 0, 0, 2, 0, 0, 2, 0, 0, 2, 0, 0]|[3, 0, 1, 1, 0, 1, 2, 3, 1, 3, 3, 0, 2, 0, 0, 0, 0, 0, 3, 3]|[0, 1, 1, 0, 0, 1, 2, 2, 1, 0, 0, 0, 1, 2, 1, 1, 2, 1, 1, 0];[0, 19, 16, 10, 15, 11, 12, 1, 5, 18, 17, 4, 7, 3, 2, 8, 13, 6, 14, 9]|[0, 2, 1, 1, 2, 1, 0, 0, 2, 0, 1, 2, 1, 1, 0, 0, 0, 2, 1, 0]|[3, 0, 1, 1, 0, 1, 2, 0, 0, 0, 1, 0, 1, 1, 3, 3, 3, 0, 1, 3]|[1, 1, 1, 1, 0, 1, 0, 2, 1, 2, 1, 0, 1, 1, 0, 2, 0, 1, 1, 0];[0, 19, 16, 11, 2, 18, 5, 1, 12, 10, 15, 9, 17, 14, 13, 6, 4, 3, 7, 8]|[0, 2, 1, 1, 2, 0, 2, 0, 0, 1, 2, 1, 1, 0, 0, 0, 2, 1, 1, 0]|[2, 1, 1, 1, 0, 0, 0, 0, 3, 1, 0, 0, 1, 3, 3, 3, 0, 1, 1, 3]|[1, 1, 1, 1, 0, 2, 1, 2, 0, 1, 0, 1, 0, 0, 2, 0, 1, 1, 1, 2];[0, 19, 16, 11, 2, 18, 5, 1, 12, 10, 15, 9, 17, 14, 13, 6, 4, 3, 7, 8]|[0, 2, 1, 1, 2, 0, 2, 0, 0, 1, 2, 1, 1, 0, 0, 0, 2, 1, 1, 0]|[2, 1, 1, 1, 0, 0, 0, 0, 3, 1, 0, 0, 1, 3, 3, 3, 0, 1, 1, 3]|[1, 1, 1, 1, 0, 2, 1, 2, 0, 1, 0, 1, 0, 0, 2, 0, 1, 1, 1, 2];[0, 19, 16, 10, 15, 11, 18, 8, 5, 12, 17, 6, 7, 9, 14, 2, 13, 4, 3, 1]|[0, 2, 1, 1, 2, 1, 0, 0, 2, 0, 1, 2, 1, 1, 0, 0, 0, 2, 1, 1]|[3, 0, 1, 1, 0, 1, 3, 0, 0, 0, 1, 0, 0, 1, 3, 3, 3, 0, 1, 1]|[1, 1, 1, 0, 0, 1, 0, 2, 1, 2, 1, 0, 1, 0, 0, 2, 0, 1, 1, 1];[18, 1, 5, 12, 11, 15, 10, 16, 19, 0, 2, 9, 17, 7, 14, 13, 4, 6, 3, 8]|[0, 0, 2, 0, 1, 2, 1, 1, 2, 0, 2, 0, 1, 0, 0, 0, 2, 0, 0, 0]|[0, 0, 0, 2, 1, 0, 1, 1, 0, 3, 0, 0, 1, 0, 3, 3, 0, 3, 3, 3]|[2, 2, 1, 0, 1, 0, 0, 1, 1, 1, 0, 1, 0, 1, 0, 0, 1, 2, 1, 0];[18, 1, 5, 12, 11, 15, 10, 16, 19, 0, 2, 9, 17, 7, 14, 13, 4, 6, 3, 8]|[0, 0, 2, 0, 1, 2, 1, 1, 2, 0, 2, 0, 1, 0, 0, 0, 2, 0, 0, 0]|[0, 0, 0, 2, 1, 0, 1, 1, 0, 3, 0, 0, 1, 0, 3, 3, 0, 3, 3, 3]|[2, 2, 1, 0, 1, 0, 0, 1, 1, 1, 0, 1, 0, 1, 0, 0, 1, 2, 1, 0];[18, 5, 1, 12, 11, 15, 10, 16, 19, 7, 4, 14, 17, 13, 0, 9, 2, 8, 6, 3]|[0, 2, 0, 0, 1, 2, 1, 1, 2, 0, 2, 0, 1, 0, 0, 0, 2, 0, 0, 0]|[2, 0, 0, 3, 1, 0, 1, 1, 0, 3, 0, 0, 1, 3, 3, 0, 0, 3, 3, 3]|[2, 1, 2, 0, 1, 0, 0, 1, 1, 1, 0, 1, 1, 0, 2, 1, 1, 0, 2, 0];[18, 5, 1, 12, 11, 15, 10, 16, 19, 7, 4, 14, 17, 13, 0, 9, 2, 8, 6, 3]|[0, 2, 0, 0, 1, 2, 1, 1, 2, 0, 2, 0, 1, 0, 0, 0, 2, 0, 0, 0]|[2, 0, 0, 3, 1, 0, 1, 1, 0, 3, 0, 0, 1, 3, 3, 0, 0, 3, 3, 3]|[2, 1, 2, 0, 1, 0, 0, 1, 1, 1, 0, 1, 1, 0, 2, 1, 1, 0, 2, 0];[19, 16, 10, 15, 11, 12, 17, 3, 1, 18, 6, 9, 5, 0, 7, 2, 13, 4, 14, 8]|[2, 1, 1, 2, 1, 0, 0, 2, 0, 0, 2, 0, 1, 0, 0, 0, 0, 2, 0, 0]|[0, 1, 1, 0, 1, 0, 3, 0, 0, 0, 0, 0, 1, 3, 3, 3, 3, 0, 3, 3]|[1, 1, 0, 0, 1, 2, 1, 1, 2, 1, 0, 1, 1, 0, 0, 2, 0, 1, 2, 0];[19, 16, 10, 15, 11, 12, 17, 3, 1, 18, 6, 9, 5, 0, 7, 2, 13, 4, 14, 8]|[2, 1, 1, 2, 1, 0, 0, 2, 0, 0, 2, 0, 1, 0, 0, 0, 0, 2, 0, 0]|[0, 1, 1, 0, 1, 0, 3, 0, 0, 0, 0, 0, 1, 3, 3, 3, 3, 0, 3, 3]|[1, 1, 0, 0, 1, 2, 1, 1, 2, 1, 0, 1, 1, 0, 0, 2, 0, 1, 2, 0];[12, 11, 15, 10, 16, 19, 0, 5, 14, 7, 2, 17, 13, 8, 3, 1, 4, 9, 18, 6]|[0, 1, 2, 1, 1, 2, 0, 2, 0, 0, 2, 1, 0, 0, 0, 0, 2, 0, 0, 0]|[3, 1, 0, 1, 1, 0, 3, 0, 0, 0, 0, 1, 3, 3, 3, 0, 0, 0, 0, 3]|[0, 1, 0, 0, 1, 1, 1, 1, 2, 2, 0, 1, 0, 0, 0, 2, 1, 1, 2, 2];[12, 11, 15, 10, 16, 19, 0, 5, 14, 7, 2, 17, 13, 8, 3, 1, 4, 9, 18, 6]|[0, 1, 2, 1, 1, 2, 0, 2, 0, 0, 2, 1, 0, 0, 0, 0, 2, 0, 0, 0]|[3, 1, 0, 1, 1, 0, 3, 0, 0, 0, 0, 1, 3, 3, 3, 0, 0, 0, 0, 3]|[0, 1, 0, 0, 1, 1, 1, 1, 2, 2, 0, 1, 0, 0, 0, 2, 1, 1, 2, 2];[0, 19, 16, 10, 15, 11, 12, 1, 5, 7, 17, 6, 9, 3, 13, 8, 14, 2, 4, 18]|[0, 2, 1, 1, 2, 1, 0, 0, 2, 0, 1, 2, 0, 1, 0, 0, 0, 2, 1, 0]|[3, 0, 1, 1, 0, 1, 2, 0, 0, 0, 0, 0, 0, 1, 3, 3, 3, 0, 1, 3]|[1, 1, 1, 0, 0, 1, 0, 2, 1, 2, 1, 0, 1, 0, 0, 2, 0, 1, 1, 2];[0, 19, 16, 10, 15, 11, 12, 18, 5, 6, 17, 8, 9, 13, 3, 1, 7, 4, 14, 2]|[0, 2, 1, 1, 2, 1, 0, 0, 2, 0, 1, 2, 1, 1, 0, 0, 0, 2, 1, 0]|[3, 0, 1, 1, 0, 0, 2, 0, 0, 3, 1, 0, 1, 1, 3, 3, 3, 0, 1, 3]|[0, 1, 1, 0, 0, 1, 0, 2, 1, 2, 1, 0, 1, 1, 0, 2, 0, 1, 1, 2];[0, 19, 16, 10, 15, 11, 12, 1, 5, 7, 17, 4, 9, 14, 18, 13, 2, 6, 3, 8]|[0, 2, 1, 1, 2, 1, 0, 0, 2, 0, 1, 2, 1, 1, 0, 0, 0, 2, 1, 0]|[3, 0, 1, 1, 0, 1, 2, 0, 0, 0, 1, 0, 1, 1, 3, 3, 3, 0, 1, 3]|[1, 1, 1, 0, 0, 1, 0, 2, 1, 2, 1, 0, 1, 1, 0, 2, 0, 1, 1, 2];[0, 19, 6, 10, 15, 11, 18, 1, 16, 12, 17, 3, 9, 7, 8, 2, 13, 4, 5, 14]|[0, 2, 1, 1, 2, 1, 0, 0, 2, 0, 1, 2, 1, 1, 0, 0, 0, 2, 1, 0]|[3, 0, 1, 1, 0, 1, 2, 0, 0, 0, 1, 0, 0, 1, 3, 3, 3, 0, 1, 3]|[1, 1, 1, 1, 0, 1, 0, 2, 1, 2, 1, 0, 1, 0, 0, 2, 0, 1, 1, 2];[0, 19, 5, 10, 15, 11, 18, 1, 16, 7, 12, 6, 9, 13, 17, 2, 3, 4, 8, 14]|[0, 2, 1, 1, 2, 1, 0, 0, 2, 0, 1, 2, 1, 1, 0, 0, 0, 2, 1, 0]|[3, 0, 1, 1, 0, 1, 2, 0, 0, 0, 0, 0, 0, 1, 3, 3, 3, 0, 1, 3]|[1, 1, 1, 1, 0, 1, 0, 2, 1, 1, 1, 0, 1, 0, 0, 2, 2, 1, 1, 0];[12, 5, 8, 3, 11, 15, 10, 16, 19, 0, 17, 2, 9, 6, 1, 13, 14, 4, 7, 18]|[0, 2, 0, 0, 1, 2, 1, 1, 2, 0, 0, 2, 0, 1, 0, 0, 0, 2, 0, 0]|[0, 0, 0, 3, 1, 0, 1, 1, 0, 3, 0, 0, 0, 1, 3, 3, 3, 0, 3, 3]|[2, 1, 2, 0, 1, 0, 0, 1, 1, 1, 1, 0, 1, 1, 0, 2, 0, 1, 1, 0];[12, 5, 8, 3, 11, 15, 10, 16, 19, 0, 17, 2, 9, 6, 1, 13, 14, 4, 7, 18]|[0, 2, 0, 0, 1, 2, 1, 1, 2, 0, 0, 2, 0, 1, 0, 0, 0, 2, 0, 0]|[0, 0, 0, 3, 1, 0, 1, 1, 0, 3, 0, 0, 0, 1, 3, 3, 3, 0, 3, 3]|[2, 1, 2, 0, 1, 0, 0, 1, 1, 1, 1, 0, 1, 1, 0, 2, 0, 1, 1, 0];[0, 19, 16, 10, 15, 11, 12, 1, 5, 18, 17, 4, 7, 3, 8, 9, 2, 14, 6, 13]|[0, 2, 1, 1, 2, 1, 0, 0, 2, 0, 1, 2, 1, 1, 0, 0, 0, 2, 1, 0]|[3, 0, 1, 1, 0, 1, 2, 0, 0, 0, 0, 0, 0, 1, 3, 3, 3, 0, 1, 3]|[1, 1, 1, 1, 0, 1, 0, 2, 1, 2, 1, 0, 1, 0, 0, 2, 0, 1, 1, 2];[0, 19, 16, 10, 15, 11, 12, 1, 5, 7, 17, 6, 9, 14, 8, 3, 13, 2, 4, 18]|[0, 2, 1, 1, 2, 1, 0, 0, 2, 0, 1, 2, 0, 1, 0, 0, 0, 2, 1, 0]|[3, 0, 1, 1, 0, 1, 2, 0, 0, 0, 1, 0, 0, 1, 3, 3, 3, 0, 0, 3]|[1, 1, 1, 1, 0, 1, 0, 2, 1, 2, 1, 0, 1, 0, 0, 2, 0, 1, 1, 2];[0, 19, 16, 10, 15, 11, 12, 1, 5, 7, 17, 6, 9, 14, 8, 3, 13, 2, 4, 18]|[0, 2, 1, 1, 2, 1, 0, 0, 2, 0, 1, 2, 0, 1, 0, 0, 0, 2, 1, 0]|[3, 0, 1, 1, 0, 1, 2, 0, 0, 0, 1, 0, 0, 1, 3, 3, 3, 0, 0, 3]|[1, 1, 1, 1, 0, 1, 0, 2, 1, 2, 1, 0, 1, 0, 0, 2, 0, 1, 1, 2];[0, 19, 16, 10, 15, 11, 12, 1, 5, 7, 17, 6, 18, 13, 9, 3, 14, 2, 4, 8]|[0, 2, 1, 1, 2, 1, 0, 0, 2, 0, 1, 2, 0, 1, 0, 0, 0, 2, 1, 0]|[3, 0, 1, 1, 0, 1, 2, 0, 0, 0, 0, 0, 0, 1, 3, 3, 3, 0, 1, 3]|[1, 1, 1, 1, 0, 1, 0, 2, 1, 2, 1, 0, 1, 0, 0, 2, 0, 1, 1, 0];[0, 19, 5, 10, 15, 11, 18, 1, 16, 7, 12, 4, 2, 9, 17, 3, 6, 14, 13, 8]|[0, 2, 1, 1, 2, 1, 0, 0, 2, 0, 1, 2, 1, 1, 0, 0, 0, 2, 1, 0]|[3, 0, 1, 1, 0, 0, 2, 0, 0, 0, 1, 0, 1, 1, 3, 3, 3, 0, 1, 3]|[1, 1, 1, 0, 0, 1, 2, 0, 1, 2, 1, 0, 1, 0, 0, 2, 0, 1, 1, 2];[0, 19, 5, 10, 15, 11, 18, 1, 16, 7, 12, 4, 2, 9, 17, 3, 6, 14, 13, 8]|[0, 2, 1, 1, 2, 1, 0, 0, 2, 0, 1, 2, 1, 1, 0, 0, 0, 2, 1, 0]|[3, 0, 1, 1, 0, 0, 2, 0, 0, 0, 1, 0, 1, 1, 3, 3, 3, 0, 1, 3]|[1, 1, 1, 0, 0, 1, 2, 0, 1, 2, 1, 0, 1, 0, 0, 2, 0, 1, 1, 2];[0, 19, 16, 10, 15, 11, 12, 1, 5, 14, 17, 4, 9, 13, 18, 7, 3, 2, 6, 8]|[0, 2, 1, 1, 2, 1, 0, 0, 2, 0, 1, 2, 1, 1, 0, 0, 0, 2, 1, 0]|[3, 0, 1, 1, 0, 1, 2, 0, 0, 0, 0, 0, 0, 1, 3, 3, 3, 0, 1, 3]|[1, 1, 1, 1, 0, 1, 0, 2, 1, 2, 1, 0, 1, 0, 0, 2, 0, 1, 1, 2];[0, 19, 16, 10, 15, 11, 12, 8, 5, 18, 17, 2, 9, 7, 14, 3, 13, 6, 4, 1]|[0, 2, 1, 1, 2, 1, 0, 0, 2, 0, 1, 2, 1, 1, 0, 0, 0, 2, 1, 0]|[3, 0, 1, 1, 0, 1, 2, 0, 0, 0, 0, 0, 0, 1, 3, 3, 3, 0, 1, 3]|[1, 1, 1, 1, 0, 1, 0, 2, 1, 2, 1, 0, 1, 0, 0, 2, 0, 1, 1, 2];[0, 19, 16, 10, 15, 11, 18, 8, 5, 12, 17, 2, 7, 9, 1, 14, 6, 4, 13, 3]|[0, 2, 1, 1, 2, 1, 0, 0, 2, 0, 1, 2, 1, 1, 0, 0, 0, 2, 1, 0]|[3, 0, 1, 1, 0, 1, 3, 0, 0, 0, 1, 0, 0, 1, 3, 3, 3, 0, 1, 3]|[1, 1, 1, 0, 0, 1, 0, 2, 1, 2, 1, 0, 1, 0, 0, 2, 0, 1, 1, 0];[0, 19, 16, 10, 15, 11, 12, 1, 5, 18, 7, 2, 13, 17, 9, 3, 6, 4, 14, 8]|[0, 2, 1, 1, 2, 1, 0, 0, 2, 0, 1, 2, 1, 1, 0, 0, 0, 2, 0, 0]|[3, 0, 1, 1, 0, 1, 2, 0, 0, 0, 0, 0, 0, 1, 3, 3, 3, 0, 3, 3]|[1, 1, 1, 0, 0, 1, 0, 2, 1, 2, 1, 0, 1, 0, 0, 2, 0, 1, 2, 0];[0, 19, 16, 10, 15, 11, 12, 1, 5, 14, 17, 4, 9, 7, 8, 13, 18, 6, 2, 3]|[0, 2, 1, 1, 2, 1, 0, 0, 2, 0, 1, 2, 1, 1, 0, 0, 0, 2, 1, 0]|[3, 0, 1, 1, 0, 1, 2, 0, 0, 0, 0, 0, 0, 1, 3, 3, 3, 0, 1, 3]|[1, 1, 1, 1, 0, 1, 0, 2, 1, 2, 1, 0, 1, 0, 0, 2, 0, 1, 1, 0];[19, 16, 10, 15, 11, 18, 4, 12, 17, 2, 7, 13, 6, 0, 1, 3, 14, 5, 9, 8]|[2, 1, 1, 2, 1, 0, 2, 0, 1, 2, 1, 1, 0, 0, 0, 0, 0, 2, 1, 0]|[1, 1, 1, 0, 1, 2, 0, 0, 0, 0, 0, 1, 3, 3, 0, 3, 3, 0, 1, 3]|[1, 1, 0, 0, 1, 1, 1, 2, 1, 0, 1, 0, 0, 0, 2, 2, 0, 1, 1, 2];[19, 16, 10, 15, 11, 18, 4, 12, 17, 2, 7, 13, 6, 0, 1, 3, 14, 5, 9, 8]|[2, 1, 1, 2, 1, 0, 2, 0, 1, 2, 1, 1, 0, 0, 0, 0, 0, 2, 1, 0]|[1, 1, 1, 0, 1, 2, 0, 0, 0, 0, 0, 1, 3, 3, 0, 3, 3, 0, 1, 3]|[1, 1, 0, 0, 1, 1, 1, 2, 1, 0, 1, 0, 0, 0, 2, 2, 0, 1, 1, 2];[0, 19, 16, 10, 15, 11, 12, 18, 5, 1, 17, 2, 9, 7, 6, 8, 13, 4, 14, 3]|[0, 2, 1, 1, 2, 1, 0, 0, 2, 0, 1, 2, 1, 1, 0, 0, 0, 2, 1, 0]|[3, 0, 1, 1, 0, 1, 2, 0, 0, 3, 1, 0, 1, 1, 3, 3, 3, 0, 1, 3]|[1, 1, 1, 0, 0, 1, 2, 0, 1, 2, 1, 1, 1, 1, 0, 2, 0, 1, 1, 0];[0, 19, 16, 15, 12, 1, 5, 7, 6, 10, 14, 18, 2, 4, 9, 13, 11, 17, 3, 8]|[0, 2, 1, 2, 0, 0, 2, 0, 2, 1, 0, 0, 0, 2, 1, 1, 1, 1, 1, 0]|[3, 0, 1, 0, 2, 0, 0, 0, 0, 1, 3, 3, 3, 0, 1, 1, 1, 1, 1, 3]|[1, 1, 1, 0, 2, 0, 1, 2, 0, 1, 0, 2, 0, 1, 1, 1, 1, 1, 1, 2];[0, 19, 16, 10, 15, 11, 12, 1, 5, 14, 17, 4, 9, 7, 8, 3, 13, 6, 2, 18]|[0, 2, 1, 1, 2, 1, 0, 0, 2, 0, 1, 2, 1, 1, 0, 0, 0, 2, 1, 0]|[3, 0, 1, 1, 0, 1, 2, 0, 0, 3, 1, 0, 1, 1, 3, 3, 3, 0, 1, 3]|[1, 1, 1, 0, 0, 1, 0, 2, 1, 2, 1, 0, 1, 0, 0, 2, 0, 1, 1, 0];[0, 19, 16, 10, 15, 11, 12, 1, 5, 14, 6, 3, 9, 7, 13, 18, 17, 4, 2, 8]|[0, 2, 1, 1, 2, 1, 0, 0, 2, 0, 1, 2, 1, 1, 0, 0, 0, 2, 1, 0]|[3, 0, 1, 1, 0, 1, 2, 0, 0, 3, 1, 0, 1, 1, 3, 3, 3, 0, 1, 3]|[1, 1, 1, 0, 0, 1, 0, 2, 1, 2, 1, 0, 1, 0, 0, 2, 0, 1, 1, 0];[0, 19, 16, 10, 15, 11, 12, 1, 5, 18, 17, 3, 9, 6, 8, 2, 7, 4, 14, 13]|[0, 2, 1, 1, 2, 1, 0, 0, 2, 0, 1, 2, 1, 1, 0, 0, 0, 2, 1, 0]|[3, 0, 1, 1, 0, 1, 2, 3, 0, 2, 1, 0, 1, 1, 3, 3, 3, 0, 1, 3]|[0, 1, 1, 0, 0, 1, 0, 2, 1, 2, 1, 0, 1, 1, 0, 2, 2, 1, 1, 0];[12, 8, 4, 3, 13, 14, 17, 9, 2, 7, 18, 5, 1, 6, 11, 15, 10, 16, 19, 0]|[0, 0, 2, 0, 0, 0, 1, 0, 2, 0, 0, 2, 0, 0, 1, 2, 1, 1, 2, 0]|[3, 0, 0, 3, 3, 3, 1, 0, 0, 0, 0, 0, 0, 3, 1, 0, 1, 1, 0, 3]|[2, 1, 1, 0, 2, 0, 1, 1, 0, 1, 2, 1, 2, 0, 1, 0, 0, 1, 1, 1];[12, 8, 4, 3, 13, 14, 17, 9, 2, 7, 18, 5, 1, 6, 11, 15, 10, 16, 19, 0]|[0, 0, 2, 0, 0, 0, 1, 0, 2, 0, 0, 2, 0, 0, 1, 2, 1, 1, 2, 0]|[3, 0, 0, 3, 3, 3, 1, 0, 0, 0, 0, 0, 0, 3, 1, 0, 1, 1, 0, 3]|[2, 1, 1, 0, 2, 0, 1, 1, 0, 1, 2, 1, 2, 0, 1, 0, 0, 1, 1, 1];[19, 5, 11, 6, 17, 12, 16, 1, 9, 15, 10, 2, 0, 3, 18, 14, 4, 13, 7, 8]|[2, 1, 1, 2, 1, 0, 2, 0, 1, 2, 1, 0, 0, 0, 0, 0, 2, 1, 1, 0]|[1, 1, 1, 0, 1, 3, 0, 0, 1, 0, 1, 3, 0, 3, 2, 3, 0, 1, 1, 3]|[1, 1, 1, 0, 1, 0, 1, 2, 1, 0, 1, 0, 0, 2, 1, 2, 1, 1, 1, 0];[0, 19, 16, 10, 15, 11, 18, 12, 5, 3, 17, 2, 9, 8, 13, 14, 7, 4, 6, 1]|[0, 2, 1, 1, 2, 1, 0, 0, 2, 0, 1, 2, 1, 1, 0, 0, 0, 2, 1, 0]|[3, 0, 1, 1, 0, 1, 3, 1, 0, 3, 1, 0, 1, 1, 3, 3, 3, 0, 1, 3]|[1, 1, 1, 0, 0, 1, 0, 2, 1, 2, 1, 0, 1, 1, 0, 2, 0, 1, 1, 2];[0, 19, 16, 10, 15, 11, 12, 8, 5, 18, 17, 2, 9, 3, 6, 1, 14, 4, 7, 13]|[0, 2, 1, 1, 2, 1, 0, 0, 2, 0, 1, 2, 1, 1, 0, 0, 0, 2, 1, 0]|[3, 0, 1, 1, 0, 1, 3, 2, 0, 3, 1, 0, 1, 1, 3, 3, 3, 0, 1, 3]|[0, 1, 1, 0, 0, 1, 0, 2, 1, 2, 1, 0, 1, 1, 0, 2, 0, 1, 1, 0];[0, 19, 16, 10, 15, 11, 12, 8, 5, 14, 17, 2, 3, 9, 18, 1, 6, 4, 13, 7]|[0, 2, 1, 1, 2, 1, 0, 0, 2, 0, 1, 2, 1, 1, 0, 0, 0, 2, 1, 0]|[3, 0, 1, 1, 0, 1, 2, 0, 0, 3, 1, 0, 1, 1, 3, 3, 3, 0, 1, 3]|[1, 1, 1, 0, 0, 1, 0, 2, 1, 2, 1, 0, 1, 1, 0, 2, 0, 1, 1, 0];[0, 19, 16, 10, 15, 11, 12, 3, 5, 18, 6, 17, 7, 1, 2, 14, 13, 4, 9, 8]|[0, 2, 1, 1, 2, 1, 0, 0, 2, 0, 1, 2, 1, 1, 0, 0, 0, 2, 1, 0]|[3, 0, 1, 1, 0, 0, 2, 0, 0, 3, 1, 0, 1, 1, 3, 3, 3, 0, 1, 3]|[1, 1, 1, 0, 0, 1, 0, 2, 1, 2, 1, 0, 1, 1, 0, 2, 0, 1, 1, 2];[0, 19, 5, 15, 11, 10, 12, 18, 16, 1, 9, 6, 17, 14, 8, 3, 13, 4, 2, 7]|[0, 2, 1, 2, 1, 1, 0, 0, 2, 0, 1, 2, 1, 1, 0, 0, 0, 2, 1, 0]|[3, 0, 1, 0, 1, 1, 3, 0, 0, 3, 1, 0, 1, 1, 3, 3, 3, 0, 1, 3]|[1, 1, 1, 0, 1, 1, 0, 2, 1, 2, 1, 0, 1, 1, 0, 2, 0, 1, 1, 0];[19, 16, 15, 12, 1, 0, 5, 14, 2, 13, 3, 8, 6, 4, 17, 9, 10, 11, 18, 7]|[2, 1, 2, 0, 0, 0, 2, 1, 2, 1, 0, 0, 0, 2, 1, 1, 1, 1, 0, 0]|[0, 1, 0, 3, 3, 3, 0, 1, 0, 1, 3, 3, 3, 0, 1, 1, 1, 1, 3, 3]|[1, 1, 0, 0, 2, 0, 1, 1, 0, 1, 0, 2, 0, 1, 1, 1, 1, 1, 2, 0];[19, 16, 15, 12, 1, 0, 5, 14, 2, 13, 3, 8, 6, 4, 17, 9, 10, 11, 18, 7]|[2, 1, 2, 0, 0, 0, 2, 1, 2, 1, 0, 0, 0, 2, 1, 1, 1, 1, 0, 0]|[0, 1, 0, 3, 3, 3, 0, 1, 0, 1, 3, 3, 3, 0, 1, 1, 1, 1, 3, 3]|[1, 1, 0, 0, 2, 0, 1, 1, 0, 1, 0, 2, 0, 1, 1, 1, 1, 1, 2, 0];[0, 19, 16, 15, 11, 8, 12, 18, 5, 3, 17, 2, 9, 10, 14, 1, 13, 4, 6, 7]|[0, 2, 1, 2, 1, 1, 0, 0, 2, 0, 1, 2, 1, 1, 0, 0, 0, 2, 1, 0]|[3, 0, 1, 0, 1, 1, 3, 3, 0, 3, 1, 0, 1, 1, 3, 3, 3, 0, 1, 3]|[2, 1, 1, 0, 1, 1, 0, 0, 1, 2, 1, 0, 1, 1, 0, 2, 0, 1, 1, 0];[0, 19, 16, 15, 11, 8, 12, 18, 5, 3, 17, 2, 9, 10, 14, 1, 13, 4, 6, 7]|[0, 2, 1, 2, 1, 1, 0, 0, 2, 0, 1, 2, 1, 1, 0, 0, 0, 2, 1, 0]|[3, 0, 1, 0, 1, 1, 3, 3, 0, 3, 1, 0, 1, 1, 3, 3, 3, 0, 1, 3]|[2, 1, 1, 0, 1, 1, 0, 0, 1, 2, 1, 0, 1, 1, 0, 2, 0, 1, 1, 0];[0, 16, 11, 10, 12, 1, 5, 2, 6, 7, 3, 17, 13, 9, 18, 19, 4, 15, 14, 8]|[0, 1, 1, 1, 0, 0, 2, 0, 2, 1, 1, 1, 0, 0, 0, 2, 2, 2, 1, 0]|[3, 1, 1, 1, 2, 0, 1, 0, 0, 0, 1, 0, 3, 3, 3, 0, 0, 0, 1, 3]|[1, 1, 1, 1, 0, 2, 1, 2, 0, 1, 0, 1, 0, 2, 0, 1, 1, 1, 1, 2];[0, 16, 11, 10, 12, 1, 5, 2, 6, 7, 3, 17, 13, 9, 18, 19, 4, 15, 14, 8]|[0, 1, 1, 1, 0, 0, 2, 0, 2, 1, 1, 1, 0, 0, 0, 2, 2, 2, 1, 0]|[3, 1, 1, 1, 2, 0, 1, 0, 0, 0, 1, 0, 3, 3, 3, 0, 0, 0, 1, 3]|[1, 1, 1, 1, 0, 2, 1, 2, 0, 1, 0, 1, 0, 2, 0, 1, 1, 1, 1, 2];[17, 19, 5, 2, 4, 12, 9, 7, 16, 1, 18, 11, 15, 10, 0, 3, 6, 14, 13, 8]|[0, 2, 1, 1, 2, 1, 1, 0, 2, 0, 0, 1, 2, 1, 0, 0, 0, 2, 1, 0]|[3, 1, 1, 1, 0, 1, 1, 0, 0, 0, 2, 0, 0, 1, 3, 3, 3, 0, 1, 3]|[0, 1, 1, 1, 0, 1, 1, 2, 1, 0, 2, 1, 0, 0, 1, 2, 0, 1, 1, 2];[17, 19, 5, 2, 4, 12, 9, 7, 16, 1, 18, 11, 15, 10, 0, 3, 6, 14, 13, 8]|[0, 2, 1, 1, 2, 1, 1, 0, 2, 0, 0, 1, 2, 1, 0, 0, 0, 2, 1, 0]|[3, 1, 1, 1, 0, 1, 1, 0, 0, 0, 2, 0, 0, 1, 3, 3, 3, 0, 1, 3]|[0, 1, 1, 1, 0, 1, 1, 2, 1, 0, 2, 1, 0, 0, 1, 2, 0, 1, 1, 2];[0, 19, 16, 10, 15, 11, 12, 18, 5, 3, 17, 2, 9, 7, 14, 1, 6, 4, 13, 8]|[0, 2, 1, 1, 2, 1, 0, 0, 2, 0, 1, 2, 1, 1, 0, 0, 0, 2, 1, 0]|[3, 0, 1, 1, 0, 1, 3, 0, 0, 3, 1, 0, 1, 1, 3, 3, 3, 0, 1, 3]|[0, 1, 1, 1, 0, 1, 2, 0, 1, 2, 1, 0, 1, 1, 0, 2, 0, 1, 1, 0];[0, 19, 16, 10, 15, 11, 12, 1, 5, 18, 7, 6, 9, 3, 14, 17, 2, 4, 8, 13]|[0, 2, 1, 1, 2, 1, 0, 0, 2, 0, 1, 2, 1, 1, 0, 0, 0, 2, 1, 0]|[3, 0, 1, 1, 0, 1, 2, 0, 0, 3, 1, 0, 1, 1, 3, 3, 3, 0, 1, 3]|[1, 1, 1, 0, 0, 1, 0, 2, 1, 2, 1, 0, 1, 1, 0, 2, 0, 1, 1, 0];[0, 19, 16, 10, 15, 11, 12, 1, 5, 18, 17, 4, 9, 14, 8, 3, 13, 6, 2, 7]|[0, 2, 1, 1, 2, 1, 0, 0, 2, 0, 1, 2, 1, 1, 0, 0, 0, 2, 1, 0]|[3, 0, 1, 1, 0, 1, 3, 0, 0, 3, 1, 0, 1, 1, 3, 3, 3, 0, 1, 3]|[2, 1, 1, 1, 0, 1, 0, 0, 1, 2, 1, 0, 1, 1, 0, 2, 0, 1, 1, 0];[0, 19, 16, 15, 6, 3, 5, 12, 18, 11, 2, 9, 10, 8, 7, 14, 13, 4, 17, 1]|[0, 2, 1, 2, 1, 0, 2, 0, 0, 1, 2, 1, 1, 1, 0, 0, 0, 2, 1, 0]|[3, 0, 1, 0, 1, 3, 0, 3, 3, 1, 0, 1, 1, 1, 3, 3, 3, 0, 1, 3]|[0, 1, 1, 0, 1, 2, 1, 2, 0, 1, 0, 1, 1, 1, 0, 2, 0, 1, 1, 2];[0, 19, 16, 15, 6, 3, 5, 12, 18, 11, 2, 9, 10, 8, 7, 14, 13, 4, 17, 1]|[0, 2, 1, 2, 1, 0, 2, 0, 0, 1, 2, 1, 1, 1, 0, 0, 0, 2, 1, 0]|[3, 0, 1, 0, 1, 3, 0, 3, 3, 1, 0, 1, 1, 1, 3, 3, 3, 0, 1, 3]|[0, 1, 1, 0, 1, 2, 1, 2, 0, 1, 0, 1, 1, 1, 0, 2, 0, 1, 1, 2];[0, 19, 16, 10, 15, 11, 12, 1, 5, 14, 17, 4, 9, 6, 13, 7, 8, 2, 18, 3]|[0, 2, 1, 1, 2, 1, 0, 0, 2, 0, 1, 2, 1, 1, 0, 0, 0, 2, 0, 0]|[3, 0, 1, 1, 0, 1, 2, 0, 0, 0, 0, 0, 0, 1, 3, 3, 3, 0, 0, 3]|[1, 1, 1, 0, 0, 1, 0, 2, 1, 2, 1, 0, 1, 0, 0, 2, 0, 1, 1, 2];[0, 19, 16, 10, 15, 11, 12, 1, 5, 14, 17, 4, 9, 6, 13, 7, 8, 2, 18, 3]|[0, 2, 1, 1, 2, 1, 0, 0, 2, 0, 1, 2, 1, 1, 0, 0, 0, 2, 0, 0]|[3, 0, 1, 1, 0, 1, 2, 0, 0, 0, 0, 0, 0, 1, 3, 3, 3, 0, 0, 3]|[1, 1, 1, 0, 0, 1, 0, 2, 1, 2, 1, 0, 1, 0, 0, 2, 0, 1, 1, 2];[0, 19, 16, 10, 15, 11, 12, 18, 5, 8, 17, 1, 9, 13, 3, 6, 7, 4, 2, 14]|[0, 2, 1, 1, 2, 1, 0, 0, 2, 0, 1, 2, 1, 1, 0, 0, 0, 2, 1, 0]|[3, 0, 1, 1, 0, 1, 3, 0, 0, 3, 1, 0, 1, 1, 3, 3, 3, 0, 1, 3]|[0, 1, 1, 1, 0, 1, 2, 0, 1, 2, 1, 0, 1, 1, 0, 2, 0, 1, 1, 0];[0, 19, 16, 10, 15, 11, 12, 18, 5, 7, 17, 4, 9, 3, 8, 14, 6, 2, 13, 1]|[0, 2, 1, 1, 2, 1, 0, 0, 2, 0, 1, 2, 1, 1, 0, 0, 0, 2, 1, 0]|[3, 0, 1, 1, 0, 1, 3, 0, 0, 3, 1, 0, 0, 1, 3, 3, 3, 0, 1, 3]|[1, 1, 1, 0, 0, 1, 0, 2, 1, 2, 1, 0, 1, 0, 0, 2, 0, 1, 1, 2];[0, 19, 5, 15, 16, 18, 12, 4, 8, 10, 6, 7, 17, 11, 14, 13, 3, 9, 2, 1]|[0, 2, 1, 2, 1, 0, 0, 2, 0, 1, 2, 1, 1, 1, 0, 0, 0, 2, 1, 0]|[0, 0, 1, 0, 1, 3, 3, 0, 3, 1, 0, 1, 1, 1, 3, 3, 3, 0, 1, 3]|[2, 1, 1, 0, 1, 0, 0, 1, 2, 1, 0, 1, 1, 1, 0, 2, 0, 1, 1, 2];[0, 19, 5, 15, 16, 18, 12, 4, 8, 10, 6, 7, 17, 11, 14, 13, 3, 9, 2, 1]|[0, 2, 1, 2, 1, 0, 0, 2, 0, 1, 2, 1, 1, 1, 0, 0, 0, 2, 1, 0]|[0, 0, 1, 0, 1, 3, 3, 0, 3, 1, 0, 1, 1, 1, 3, 3, 3, 0, 1, 3]|[2, 1, 1, 0, 1, 0, 0, 1, 2, 1, 0, 1, 1, 1, 0, 2, 0, 1, 1, 2];[0, 19, 16, 10, 15, 11, 12, 18, 5, 7, 17, 4, 9, 3, 13, 1, 8, 6, 2, 14]|[0, 2, 1, 1, 2, 1, 0, 0, 2, 0, 0, 2, 0, 1, 0, 0, 0, 2, 1, 0]|[3, 0, 1, 1, 0, 1, 2, 0, 0, 0, 0, 0, 0, 1, 3, 3, 3, 0, 1, 3]|[1, 1, 1, 1, 0, 1, 0, 2, 1, 2, 1, 0, 1, 0, 0, 2, 0, 1, 1, 2];[0, 19, 5, 10, 15, 11, 12, 1, 16, 18, 17, 3, 9, 6, 2, 13, 7, 4, 8, 14]|[0, 2, 1, 1, 2, 1, 0, 0, 2, 0, 1, 2, 1, 1, 0, 0, 0, 2, 1, 0]|[2, 0, 1, 1, 0, 1, 3, 3, 0, 3, 1, 0, 1, 1, 3, 3, 3, 0, 1, 3]|[0, 1, 1, 1, 0, 1, 2, 0, 1, 2, 1, 0, 1, 1, 0, 2, 0, 1, 1, 2];[0, 19, 16, 10, 15, 11, 12, 1, 5, 14, 17, 2, 9, 3, 18, 13, 7, 6, 4, 8]|[0, 2, 1, 1, 2, 1, 0, 0, 2, 0, 1, 2, 0, 1, 0, 0, 0, 2, 1, 0]|[3, 0, 1, 1, 0, 1, 2, 0, 0, 0, 0, 0, 0, 1, 3, 3, 3, 0, 0, 3]|[1, 1, 1, 1, 0, 1, 0, 2, 1, 2, 1, 0, 1, 0, 0, 2, 0, 1, 1, 0];[0, 19, 16, 10, 15, 11, 12, 1, 5, 14, 17, 2, 9, 3, 18, 13, 7, 6, 4, 8]|[0, 2, 1, 1, 2, 1, 0, 0, 2, 0, 1, 2, 0, 1, 0, 0, 0, 2, 1, 0]|[3, 0, 1, 1, 0, 1, 2, 0, 0, 0, 0, 0, 0, 1, 3, 3, 3, 0, 0, 3]|[1, 1, 1, 1, 0, 1, 0, 2, 1, 2, 1, 0, 1, 0, 0, 2, 0, 1, 1, 0];[0, 19, 16, 10, 15, 11, 12, 1, 5, 14, 17, 6, 9, 7, 2, 13, 8, 4, 3, 18]|[0, 2, 1, 1, 2, 1, 0, 0, 2, 0, 1, 2, 1, 1, 0, 0, 0, 2, 1, 0]|[3, 0, 1, 1, 0, 1, 3, 0, 0, 3, 1, 0, 1, 1, 3, 3, 3, 0, 1, 3]|[1, 1, 1, 0, 0, 1, 0, 2, 1, 2, 1, 0, 1, 1, 0, 2, 0, 1, 1, 0];[0, 19, 16, 10, 15, 11, 12, 1, 5, 18, 17, 4, 9, 7, 13, 6, 8, 2, 14, 3]|[0, 2, 1, 1, 2, 1, 0, 0, 2, 0, 1, 2, 0, 1, 0, 0, 0, 2, 1, 0]|[3, 0, 1, 1, 0, 1, 2, 0, 0, 0, 0, 0, 0, 1, 3, 3, 3, 0, 0, 3]|[1, 1, 1, 0, 0, 1, 0, 2, 1, 2, 1, 0, 1, 0, 0, 2, 0, 1, 1, 2];[0, 19, 16, 10, 15, 11, 18, 8, 5, 12, 3, 6, 9, 7, 14, 13, 1, 4, 2, 17]|[0, 2, 1, 1, 2, 1, 0, 0, 2, 0, 1, 2, 1, 1, 0, 0, 0, 2, 1, 0]|[3, 0, 1, 1, 0, 1, 3, 2, 0, 3, 1, 0, 1, 1, 3, 3, 3, 0, 1, 3]|[1, 1, 1, 0, 0, 1, 0, 2, 1, 2, 1, 0, 1, 1, 0, 2, 0, 1, 1, 2];[14, 19, 5, 10, 15, 11, 13, 12, 4, 3, 7, 2, 9, 6, 8, 18, 16, 17, 0, 1]|[0, 2, 1, 1, 2, 1, 0, 1, 2, 0, 1, 2, 1, 1, 0, 0, 2, 0, 0, 0]|[3, 0, 1, 1, 0, 1, 3, 1, 0, 3, 1, 0, 1, 1, 3, 3, 0, 3, 3, 3]|[2, 1, 1, 1, 0, 1, 0, 1, 1, 2, 1, 0, 1, 1, 0, 2, 1, 0, 2, 0];[14, 19, 5, 10, 15, 11, 13, 12, 4, 3, 7, 2, 9, 6, 8, 18, 16, 17, 0, 1]|[0, 2, 1, 1, 2, 1, 0, 1, 2, 0, 1, 2, 1, 1, 0, 0, 2, 0, 0, 0]|[3, 0, 1, 1, 0, 1, 3, 1, 0, 3, 1, 0, 1, 1, 3, 3, 0, 3, 3, 3]|[2, 1, 1, 1, 0, 1, 0, 1, 1, 2, 1, 0, 1, 1, 0, 2, 1, 0, 2, 0];[14, 19, 5, 10, 15, 11, 8, 12, 16, 1, 17, 4, 9, 13, 2, 18, 0, 6, 3, 7]|[0, 2, 1, 1, 2, 1, 0, 0, 2, 0, 1, 2, 1, 1, 0, 0, 0, 2, 1, 0]|[3, 0, 1, 1, 0, 1, 3, 3, 0, 3, 1, 0, 1, 1, 3, 3, 3, 0, 1, 3]|[0, 1, 1, 0, 0, 1, 2, 0, 1, 2, 1, 0, 1, 1, 0, 2, 0, 1, 1, 2];[14, 19, 5, 10, 15, 11, 8, 12, 16, 1, 17, 4, 9, 13, 2, 18, 0, 6, 3, 7]|[0, 2, 1, 1, 2, 1, 0, 0, 2, 0, 1, 2, 1, 1, 0, 0, 0, 2, 1, 0]|[3, 0, 1, 1, 0, 1, 3, 3, 0, 3, 1, 0, 1, 1, 3, 3, 3, 0, 1, 3]|[0, 1, 1, 0, 0, 1, 2, 0, 1, 2, 1, 0, 1, 1, 0, 2, 0, 1, 1, 2];[0, 19, 16, 10, 15, 11, 12, 1, 5, 7, 17, 6, 18, 9, 13, 3, 14, 4, 2, 8]|[0, 2, 1, 1, 2, 1, 0, 0, 2, 0, 1, 2, 1, 1, 0, 0, 0, 2, 0, 0]|[3, 0, 1, 1, 0, 1, 2, 0, 0, 0, 0, 0, 0, 1, 3, 3, 3, 0, 0, 3]|[1, 1, 1, 0, 0, 1, 0, 2, 1, 2, 1, 0, 1, 0, 0, 2, 0, 1, 1, 2];[0, 19, 16, 10, 15, 11, 12, 1, 5, 7, 17, 6, 18, 9, 13, 3, 14, 4, 2, 8]|[0, 2, 1, 1, 2, 1, 0, 0, 2, 0, 1, 2, 1, 1, 0, 0, 0, 2, 0, 0]|[3, 0, 1, 1, 0, 1, 2, 0, 0, 0, 0, 0, 0, 1, 3, 3, 3, 0, 0, 3]|[1, 1, 1, 0, 0, 1, 0, 2, 1, 2, 1, 0, 1, 0, 0, 2, 0, 1, 1, 2];[11, 15, 10, 19, 3, 7, 4, 17, 5, 2, 14, 6, 16, 1, 9, 8, 0, 12, 13, 18]|[1, 2, 1, 2, 1, 1, 2, 1, 2, 0, 2, 1, 1, 0, 0, 0, 0, 0, 0, 0]|[1, 0, 1, 0, 1, 0, 0, 0, 0, 3, 0, 1, 1, 3, 3, 3, 3, 3, 3, 3]|[1, 0, 1, 1, 0, 1, 0, 1, 1, 0, 1, 1, 1, 2, 0, 2, 0, 0, 2, 0];[0, 19, 16, 10, 15, 11, 12, 18, 5, 14, 7, 2, 13, 4, 8, 1, 3, 6, 17, 9]|[0, 2, 1, 1, 2, 1, 0, 0, 2, 0, 0, 2, 1, 1, 0, 0, 0, 2, 1, 0]|[3, 0, 1, 1, 0, 0, 2, 0, 0, 0, 0, 0, 0, 1, 3, 3, 3, 0, 1, 3]|[1, 1, 1, 1, 0, 1, 0, 2, 1, 2, 1, 0, 1, 0, 0, 2, 2, 1, 1, 0];[0, 19, 16, 10, 15, 11, 12, 18, 5, 14, 7, 2, 13, 4, 8, 1, 3, 6, 17, 9]|[0, 2, 1, 1, 2, 1, 0, 0, 2, 0, 0, 2, 1, 1, 0, 0, 0, 2, 1, 0]|[3, 0, 1, 1, 0, 0, 2, 0, 0, 0, 0, 0, 0, 1, 3, 3, 3, 0, 1, 3]|[1, 1, 1, 1, 0, 1, 0, 2, 1, 2, 1, 0, 1, 0, 0, 2, 2, 1, 1, 0];[0, 19, 16, 10, 15, 11, 12, 18, 5, 14, 7, 2, 13, 4, 8, 1, 3, 6, 17, 9]|[0, 2, 1, 1, 2, 1, 0, 0, 2, 0, 0, 2, 1, 1, 0, 0, 0, 2, 1, 0]|[3, 0, 1, 1, 0, 0, 2, 0, 0, 0, 0, 0, 0, 1, 3, 3, 3, 0, 1, 3]|[1, 1, 1, 1, 0, 1, 0, 2, 1, 2, 1, 0, 1, 0, 0, 2, 2, 1, 1, 0];[0, 19, 16, 10, 15, 11, 12, 18, 5, 14, 7, 2, 13, 4, 8, 1, 3, 6, 17, 9]|[0, 2, 1, 1, 2, 1, 0, 0, 2, 0, 0, 2, 1, 1, 0, 0, 0, 2, 1, 0]|[3, 0, 1, 1, 0, 0, 2, 0, 0, 0, 0, 0, 0, 1, 3, 3, 3, 0, 1, 3]|[1, 1, 1, 1, 0, 1, 0, 2, 1, 2, 1, 0, 1, 0, 0, 2, 2, 1, 1, 0];[0, 19, 5, 6, 15, 11, 18, 1, 16, 12, 2, 17, 9, 13, 7, 14, 8, 4, 10, 3]|[0, 2, 1, 1, 2, 1, 0, 0, 2, 0, 2, 1, 1, 1, 0, 0, 0, 2, 1, 0]|[3, 0, 1, 1, 0, 1, 3, 3, 0, 3, 0, 1, 1, 1, 3, 3, 3, 0, 1, 3]|[0, 1, 1, 1, 0, 1, 2, 0, 1, 2, 0, 1, 1, 1, 0, 2, 0, 1, 1, 2];[0, 19, 5, 10, 7, 11, 12, 18, 16, 14, 15, 6, 9, 17, 2, 13, 8, 4, 3, 1]|[0, 2, 1, 1, 2, 1, 0, 0, 2, 0, 1, 2, 1, 1, 0, 0, 0, 2, 1, 0]|[3, 0, 1, 1, 0, 1, 3, 0, 0, 3, 1, 0, 1, 1, 3, 3, 3, 0, 1, 3]|[1, 1, 1, 0, 0, 1, 0, 2, 1, 2, 1, 0, 1, 1, 0, 2, 0, 1, 1, 0];[0, 19, 16, 10, 15, 11, 12, 8, 5, 18, 7, 6, 9, 14, 17, 13, 2, 4, 3, 1]|[0, 2, 1, 1, 2, 1, 0, 0, 2, 0, 1, 2, 1, 1, 0, 0, 0, 2, 1, 0]|[3, 0, 1, 1, 0, 0, 1, 0, 0, 0, 0, 0, 0, 1, 3, 3, 3, 0, 1, 3]|[1, 1, 1, 1, 0, 1, 0, 2, 1, 2, 1, 0, 1, 0, 0, 2, 0, 1, 1, 2];[19, 5, 10, 15, 11, 12, 8, 16, 14, 2, 17, 3, 9, 13, 0, 18, 7, 4, 6, 1]|[2, 1, 1, 2, 1, 0, 0, 2, 0, 0, 1, 2, 1, 1, 0, 0, 0, 2, 1, 0]|[0, 1, 1, 0, 1, 3, 3, 0, 3, 3, 1, 0, 1, 1, 3, 3, 3, 0, 1, 3]|[1, 1, 1, 0, 1, 0, 2, 1, 0, 2, 1, 0, 1, 1, 0, 2, 0, 1, 1, 2];[19, 5, 10, 15, 11, 12, 8, 16, 14, 2, 17, 3, 9, 13, 0, 18, 7, 4, 6, 1]|[2, 1, 1, 2, 1, 0, 0, 2, 0, 0, 1, 2, 1, 1, 0, 0, 0, 2, 1, 0]|[0, 1, 1, 0, 1, 3, 3, 0, 3, 3, 1, 0, 1, 1, 3, 3, 3, 0, 1, 3]|[1, 1, 1, 0, 1, 0, 2, 1, 0, 2, 1, 0, 1, 1, 0, 2, 0, 1, 1, 2];[0, 19, 5, 6, 15, 11, 18, 1, 16, 12, 2, 17, 9, 13, 7, 14, 8, 4, 10, 3]|[0, 2, 1, 1, 2, 1, 0, 0, 2, 0, 2, 1, 1, 1, 0, 0, 0, 2, 1, 0]|[3, 0, 1, 1, 0, 1, 3, 3, 0, 3, 0, 1, 1, 1, 3, 3, 3, 0, 1, 3]|[0, 1, 1, 1, 0, 1, 2, 0, 1, 2, 0, 1, 1, 1, 0, 2, 0, 1, 1, 2];[2, 19, 5, 10, 15, 11, 18, 16, 1, 3, 14, 7, 6, 8, 12, 17, 4, 9, 13, 0]|[0, 2, 1, 1, 2, 1, 0, 2, 0, 1, 2, 0, 0, 0, 0, 1, 2, 1, 1, 0]|[3, 0, 1, 1, 0, 1, 3, 0, 3, 1, 0, 3, 3, 3, 3, 1, 0, 1, 1, 3]|[0, 1, 1, 1, 0, 1, 2, 1, 0, 1, 1, 0, 2, 0, 2, 1, 0, 1, 1, 0];[2, 19, 5, 10, 15, 11, 18, 16, 1, 3, 14, 7, 6, 8, 12, 17, 4, 9, 13, 0]|[0, 2, 1, 1, 2, 1, 0, 2, 0, 1, 2, 0, 0, 0, 0, 1, 2, 1, 1, 0]|[3, 0, 1, 1, 0, 1, 3, 0, 3, 1, 0, 3, 3, 3, 3, 1, 0, 1, 1, 3]|[0, 1, 1, 1, 0, 1, 2, 1, 0, 1, 1, 0, 2, 0, 2, 1, 0, 1, 1, 0];[0, 19, 5, 15, 16, 12, 17, 6, 7, 14, 4, 10, 2, 8, 11, 13, 3, 9, 18, 1]|[0, 2, 1, 2, 2, 0, 1, 2, 2, 1, 1, 1, 0, 0, 1, 2, 0, 0, 0, 0]|[0, 0, 0, 0, 0, 2, 0, 0, 1, 1, 1, 1, 3, 0, 1, 0, 3, 3, 3, 3]|[1, 1, 1, 0, 1, 2, 1, 0, 0, 0, 1, 1, 0, 2, 1, 1, 0, 2, 0, 0];[0, 19, 16, 10, 15, 11, 18, 1, 5, 12, 17, 6, 9, 3, 13, 14, 2, 4, 7, 8]|[0, 2, 1, 1, 2, 1, 0, 0, 2, 0, 1, 2, 1, 1, 0, 0, 0, 2, 0, 0]|[3, 0, 1, 1, 0, 1, 2, 0, 0, 0, 0, 0, 0, 1, 3, 3, 3, 0, 0, 3]|[1, 1, 1, 0, 0, 1, 0, 2, 1, 2, 1, 0, 1, 0, 0, 2, 0, 1, 1, 1]
fc6diagRoundEnd
fc6diagRescueBegin
fc6diagRescueEnd
fc6diagExposureBegin
fc6diagExposureEnd
fc6diagCompBegin
fc6diagComp 1	fe=29322	pool=300	target=100	nLT1=36	nEq1=0	nGt1=264	nND=36	selLT1=36	selEq1=0	selGt1=64	rejLT1=0	rejEq1=0	rejGt1=200	bpLT1=36	bpEq1=0	bpGt1=64
fc6diagComp 2	fe=58109	pool=300	target=100	nLT1=74	nEq1=0	nGt1=226	nND=74	selLT1=74	selEq1=0	selGt1=26	rejLT1=0	rejEq1=0	rejGt1=200	bpLT1=74	bpEq1=0	bpGt1=26
fc6diagComp 3	fe=86784	pool=300	target=100	nLT1=107	nEq1=0	nGt1=193	nND=107	selLT1=100	selEq1=0	selGt1=0	rejLT1=7	rejEq1=0	rejGt1=193	bpLT1=100	bpEq1=0	bpGt1=0
fc6diagComp 4	fe=115581	pool=300	target=100	nLT1=88	nEq1=0	nGt1=212	nND=88	selLT1=88	selEq1=0	selGt1=12	rejLT1=0	rejEq1=0	rejGt1=200	bpLT1=88	bpEq1=0	bpGt1=12
fc6diagComp 5	fe=144442	pool=299	target=100	nLT1=115	nEq1=0	nGt1=184	nND=115	selLT1=100	selEq1=0	selGt1=0	rejLT1=15	rejEq1=0	rejGt1=184	bpLT1=100	bpEq1=0	bpGt1=0
fc6diagComp 6	fe=173139	pool=300	target=100	nLT1=84	nEq1=1	nGt1=215	nND=85	selLT1=84	selEq1=1	selGt1=15	rejLT1=0	rejEq1=0	rejGt1=200	bpLT1=84	bpEq1=1	bpGt1=15
fc6diagComp 7	fe=201531	pool=300	target=100	nLT1=100	nEq1=0	nGt1=200	nND=100	selLT1=100	selEq1=0	selGt1=0	rejLT1=0	rejEq1=0	rejGt1=200	bpLT1=100	bpEq1=0	bpGt1=0
fc6diagComp 8	fe=229607	pool=300	target=100	nLT1=110	nEq1=3	nGt1=187	nND=113	selLT1=100	selEq1=0	selGt1=0	rejLT1=10	rejEq1=3	rejGt1=187	bpLT1=100	bpEq1=0	bpGt1=0
fc6diagComp 9	fe=258480	pool=300	target=100	nLT1=103	nEq1=0	nGt1=197	nND=103	selLT1=100	selEq1=0	selGt1=0	rejLT1=3	rejEq1=0	rejGt1=197	bpLT1=100	bpEq1=0	bpGt1=0
fc6diagComp 10	fe=287142	pool=300	target=100	nLT1=113	nEq1=0	nGt1=187	nND=113	selLT1=100	selEq1=0	selGt1=0	rejLT1=13	rejEq1=0	rejGt1=187	bpLT1=100	bpEq1=0	bpGt1=0
fc6diagComp 11	fe=315447	pool=300	target=100	nLT1=108	nEq1=2	nGt1=190	nND=110	selLT1=100	selEq1=0	selGt1=0	rejLT1=8	rejEq1=2	rejGt1=190	bpLT1=100	bpEq1=0	bpGt1=0
fc6diagComp 12	fe=344194	pool=300	target=100	nLT1=122	nEq1=3	nGt1=175	nND=125	selLT1=100	selEq1=0	selGt1=0	rejLT1=22	rejEq1=3	rejGt1=175	bpLT1=100	bpEq1=0	bpGt1=0
fc6diagComp 13	fe=372726	pool=300	target=100	nLT1=104	nEq1=1	nGt1=195	nND=105	selLT1=100	selEq1=0	selGt1=0	rejLT1=4	rejEq1=1	rejGt1=195	bpLT1=100	bpEq1=0	bpGt1=0
fc6diagComp 14	fe=400901	pool=300	target=100	nLT1=110	nEq1=1	nGt1=189	nND=111	selLT1=100	selEq1=0	selGt1=0	rejLT1=10	rejEq1=1	rejGt1=189	bpLT1=100	bpEq1=0	bpGt1=0
fc6diagComp 15	fe=429245	pool=300	target=100	nLT1=99	nEq1=5	nGt1=196	nND=104	selLT1=99	selEq1=1	selGt1=0	rejLT1=0	rejEq1=4	rejGt1=196	bpLT1=99	bpEq1=1	bpGt1=0
fc6diagComp 16	fe=457995	pool=300	target=100	nLT1=117	nEq1=0	nGt1=183	nND=117	selLT1=100	selEq1=0	selGt1=0	rejLT1=17	rejEq1=0	rejGt1=183	bpLT1=100	bpEq1=0	bpGt1=0
fc6diagComp 17	fe=486786	pool=300	target=100	nLT1=118	nEq1=1	nGt1=181	nND=119	selLT1=100	selEq1=0	selGt1=0	rejLT1=18	rejEq1=1	rejGt1=181	bpLT1=100	bpEq1=0	bpGt1=0
fc6diagComp 18	fe=500000	pool=234	target=100	nLT1=113	nEq1=2	nGt1=119	nND=115	selLT1=100	selEq1=0	selGt1=0	rejLT1=13	rejEq1=2	rejGt1=119	bpLT1=100	bpEq1=0	bpGt1=0
fc6diagCompEnd
fc6diagCompSummary rounds=18 targetLt1OnlyRounds=12 targetNdGtRounds=13
fc6DiagEnd

