fe,bestCmaxGlobal,bestCmaxG1,currentBestCmaxG1,bestCmaxGenerated,bestCmaxGeneratedG1,bestCmaxSurvived,windowBestGenerated,windowBestSurvived,bestTECGlobal,bestTWCGlobal,bestTECGenerated,bestTWCGenerated
1000,227.482280975900,227.482280975900,227.482280975900,227.482280975900,227.482280975900,,227.482280975900,,9714.475230331835,13354.828022503774,9714.475230331835,13313.156831036524
2000,210.122414484730,210.122414484730,250.004289302130,210.122414484730,214.136909198527,,210.122414484730,,9621.698436124449,12821.999628919802,9621.698436124449,12821.999628919802
3000,210.122414484730,210.122414484730,228.184799253503,210.122414484730,214.136909198527,,215.310831184620,,9460.188563876925,12821.999628919802,9460.188563876925,12821.999628919802
4000,210.122414484730,210.122414484730,211.564779796665,210.122414484730,211.421607854172,,210.440444948779,,9460.188563876925,12821.999628919802,9460.188563876925,12821.999628919802
5000,207.561871777242,207.561871777242,211.564779796665,207.561871777242,207.561871777242,,207.561871777242,,9240.928825109619,12821.999628919802,9240.928825109619,12821.999628919802
6000,207.561871777242,207.561871777242,216.003292451619,195.342912828291,195.342912828291,,195.342912828291,,9240.928825109619,12821.999628919802,9240.928825109619,12821.999628919802
7000,207.561871777242,207.561871777242,216.003292451619,195.342912828291,195.342912828291,,200.478164799706,,9240.928825109619,12821.999628919802,9240.928825109619,12821.999628919802
8000,207.561871777242,207.561871777242,216.003292451619,191.767542683638,191.767542683638,,191.767542683638,,9240.928825109619,12821.999628919802,9240.928825109619,12821.999628919802
9000,207.561871777242,207.561871777242,216.003292451619,191.767542683638,191.767542683638,,218.919738781601,,9240.928825109619,12821.999628919802,9240.928825109619,12821.999628919802
10000,207.561871777242,207.561871777242,216.003292451619,191.767542683638,191.767542683638,,201.673619881264,,9240.928825109619,12821.999628919802,9240.928825109619,12821.999628919802
11000,207.561871777242,207.561871777242,216.003292451619,191.767542683638,191.767542683638,,235.757990306108,,9240.928825109619,12821.999628919802,9240.928825109619,12821.999628919802
12000,207.561871777242,207.561871777242,216.003292451619,191.767542683638,191.767542683638,,219.986992079413,,9240.928825109619,12821.999628919802,9240.928825109619,12821.999628919802
13000,207.561871777242,207.561871777242,216.003292451619,191.767542683638,191.767542683638,,234.633346417377,,9240.928825109619,12821.999628919802,9240.928825109619,12821.999628919802
14000,207.561871777242,207.561871777242,216.003292451619,191.767542683638,191.767542683638,,255.384475351105,,9240.928825109619,12821.999628919802,9240.928825109619,12821.999628919802
15000,207.561871777242,207.561871777242,216.003292451619,191.767542683638,191.767542683638,,252.538511493824,,9240.928825109619,12821.999628919802,9240.928825109619,12821.999628919802
16000,207.561871777242,207.561871777242,216.003292451619,191.767542683638,191.767542683638,,249.487004517062,,9240.928825109619,12821.999628919802,9060.773370659230,12821.999628919802
17000,207.561871777242,207.561871777242,216.003292451619,191.767542683638,191.767542683638,,263.338208097623,,9240.928825109619,12821.999628919802,9060.773370659230,12821.999628919802
18000,207.561871777242,207.561871777242,216.003292451619,191.767542683638,191.767542683638,,217.438622717287,,9240.928825109619,12821.999628919802,9060.773370659230,12821.999628919802
19000,207.561871777242,207.561871777242,216.003292451619,191.767542683638,191.767542683638,,263.183898666347,,9240.928825109619,12821.999628919802,9060.773370659230,12821.999628919802
20000,207.561871777242,207.561871777242,216.003292451619,191.767542683638,191.767542683638,,250.239207667087,,9240.928825109619,12821.999628919802,8973.536744444933,12821.999628919802
21000,207.561871777242,207.561871777242,216.003292451619,191.767542683638,191.767542683638,,262.724973654321,,9240.928825109619,12821.999628919802,8973.536744444933,12821.999628919802
22000,207.561871777242,207.561871777242,216.003292451619,191.767542683638,191.767542683638,,261.643016741006,,9240.928825109619,12821.999628919802,8940.734548545282,12821.999628919802
23000,207.561871777242,207.561871777242,216.003292451619,191.767542683638,191.767542683638,,253.154782826888,,9240.928825109619,12821.999628919802,8940.734548545282,12821.999628919802
24000,207.561871777242,207.561871777242,216.003292451619,191.767542683638,191.767542683638,,242.929834621840,,9240.928825109619,12821.999628919802,8940.734548545282,12821.999628919802
25000,207.561871777242,207.561871777242,216.003292451619,191.767542683638,191.767542683638,,282.395814409831,,9240.928825109619,12821.999628919802,8940.734548545282,12821.999628919802
26000,207.561871777242,207.561871777242,216.003292451619,191.767542683638,191.767542683638,,278.690953682000,,9240.928825109619,12821.999628919802,8940.734548545282,12821.999628919802
27000,207.561871777242,207.561871777242,216.003292451619,191.767542683638,191.767542683638,,256.064540907233,,9240.928825109619,12821.999628919802,8940.734548545282,12771.049117640378
28000,207.561871777242,207.561871777242,216.003292451619,191.767542683638,191.767542683638,,280.547804899465,,9240.928825109619,12821.999628919802,8940.734548545282,12771.049117640378
29000,207.561871777242,207.561871777242,216.003292451619,191.767542683638,191.767542683638,,242.407821840311,,9240.928825109619,12821.999628919802,8940.734548545282,12771.049117640378
30000,190.965778065670,190.965778065670,190.965778065670,190.965778065670,191.767542683638,191.767542683638,190.965778065670,191.767542683638,8862.317619952040,12771.049117640378,8862.317619952040,12771.049117640378
31000,190.965778065670,190.965778065670,207.788462320469,190.965778065670,191.767542683638,191.767542683638,193.623075551971,,8854.650561498443,12771.049117640378,8793.295258714168,12771.049117640378
32000,190.965778065670,190.965778065670,202.252829331697,190.965778065670,191.767542683638,191.767542683638,202.252829331697,,8793.295258714168,12771.049117640378,8793.295258714168,12771.049117640378
33000,190.965778065670,190.965778065670,221.748077809435,190.965778065670,191.767542683638,191.767542683638,203.179784242510,,8666.295136734763,12703.671852185913,8666.295136734763,12703.671852185913
34000,190.965778065670,190.965778065670,209.348193873071,190.965778065670,191.767542683638,191.767542683638,206.755776676493,,8666.295136734763,12656.695057728015,8666.295136734763,12656.695057728015
35000,190.965778065670,190.965778065670,207.788462320469,186.496237924882,186.496237924882,191.767542683638,186.496237924882,,8666.295136734763,12656.695057728015,8666.295136734763,12630.607288624287
36000,190.965778065670,190.965778065670,207.788462320469,186.496237924882,186.496237924882,191.767542683638,190.858777953235,,8666.295136734763,12656.695057728015,8666.295136734763,12630.607288624287
37000,190.965778065670,190.965778065670,207.788462320469,186.496237924882,186.496237924882,191.767542683638,198.524309979970,,8666.295136734763,12656.695057728015,8666.295136734763,12630.607288624287
38000,190.965778065670,190.965778065670,207.788462320469,186.496237924882,186.496237924882,191.767542683638,218.806644216570,,8666.295136734763,12656.695057728015,8666.295136734763,12630.607288624287
39000,190.965778065670,190.965778065670,207.788462320469,186.496237924882,186.496237924882,191.767542683638,212.128250365319,,8666.295136734763,12656.695057728015,8666.295136734763,12630.607288624287
40000,190.965778065670,190.965778065670,207.788462320469,186.496237924882,186.496237924882,191.767542683638,211.470526063307,,8666.295136734763,12656.695057728015,8666.295136734763,12630.607288624287
41000,190.965778065670,190.965778065670,207.788462320469,186.496237924882,186.496237924882,191.767542683638,259.423439010997,,8666.295136734763,12656.695057728015,8666.295136734763,12630.607288624287
42000,190.965778065670,190.965778065670,207.788462320469,186.496237924882,186.496237924882,191.767542683638,255.687830984489,,8666.295136734763,12656.695057728015,8666.295136734763,12630.607288624287
43000,190.965778065670,190.965778065670,207.788462320469,186.496237924882,186.496237924882,191.767542683638,248.726521880918,,8666.295136734763,12656.695057728015,8666.295136734763,12630.607288624287
44000,190.965778065670,190.965778065670,207.788462320469,186.496237924882,186.496237924882,191.767542683638,244.459933796507,,8666.295136734763,12656.695057728015,8666.295136734763,12630.607288624287
45000,190.965778065670,190.965778065670,207.788462320469,186.496237924882,186.496237924882,191.767542683638,243.289163177009,,8666.295136734763,12656.695057728015,8666.295136734763,12630.607288624287
46000,190.965778065670,190.965778065670,207.788462320469,186.496237924882,186.496237924882,191.767542683638,248.664821735178,,8666.295136734763,12656.695057728015,8666.295136734763,12630.607288624287
47000,190.965778065670,190.965778065670,207.788462320469,186.496237924882,186.496237924882,191.767542683638,223.231531503994,,8666.295136734763,12656.695057728015,8666.295136734763,12630.607288624287
48000,190.965778065670,190.965778065670,207.788462320469,186.496237924882,186.496237924882,191.767542683638,223.231531503994,,8666.295136734763,12656.695057728015,8666.295136734763,12630.607288624287
49000,190.965778065670,190.965778065670,207.788462320469,186.496237924882,186.496237924882,191.767542683638,257.732955216167,,8666.295136734763,12656.695057728015,8666.295136734763,12630.607288624287
50000,190.965778065670,190.965778065670,207.788462320469,186.496237924882,186.496237924882,191.767542683638,266.925052299693,,8666.295136734763,12656.695057728015,8666.295136734763,12630.607288624287
51000,190.965778065670,190.965778065670,207.788462320469,186.496237924882,186.496237924882,191.767542683638,280.554825177265,,8666.295136734763,12656.695057728015,8666.295136734763,12630.607288624287
52000,190.965778065670,190.965778065670,207.788462320469,186.496237924882,186.496237924882,191.767542683638,275.223876536070,,8666.295136734763,12656.695057728015,8666.295136734763,12630.607288624287
53000,190.965778065670,190.965778065670,207.788462320469,186.496237924882,186.496237924882,191.767542683638,272.240882559058,,8666.295136734763,12656.695057728015,8666.295136734763,12630.607288624287
54000,190.965778065670,190.965778065670,207.788462320469,186.496237924882,186.496237924882,191.767542683638,281.984952566004,,8666.295136734763,12656.695057728015,8666.295136734763,12630.607288624287
55000,190.965778065670,190.965778065670,207.788462320469,186.496237924882,186.496237924882,191.767542683638,294.330012326779,,8666.295136734763,12656.695057728015,8666.295136734763,12630.607288624287
56000,190.965778065670,190.965778065670,207.788462320469,186.496237924882,186.496237924882,191.767542683638,251.779197716610,,8666.295136734763,12656.695057728015,8666.295136734763,12630.607288624287
57000,190.965778065670,190.965778065670,207.788462320469,186.496237924882,186.496237924882,191.767542683638,250.527663336074,,8666.295136734763,12656.695057728015,8666.295136734763,12630.607288624287
58000,186.496237924882,186.496237924882,211.564779796665,186.496237924882,186.496237924882,186.496237924882,211.564779796665,186.496237924882,8666.295136734763,12630.607288624287,8666.295136734763,12630.607288624287
59000,186.496237924882,186.496237924882,212.665292920340,186.496237924882,186.496237924882,186.496237924882,195.362502458983,,8666.295136734763,12630.607288624287,8666.295136734763,12630.607288624287
60000,186.496237924882,186.496237924882,207.788462320469,186.496237924882,186.496237924882,186.496237924882,203.269774069900,,8666.295136734763,12630.607288624287,8666.295136734763,12630.607288624287
61000,186.496237924882,186.496237924882,214.393528726934,186.496237924882,186.496237924882,186.496237924882,207.788462320469,,8666.295136734763,12630.607288624287,8666.295136734763,12630.607288624287
62000,186.496237924882,186.496237924882,209.002843289973,186.496237924882,186.496237924882,186.496237924882,206.755776676493,,8666.295136734763,12630.607288624287,8666.295136734763,12630.607288624287
63000,186.496237924882,186.496237924882,214.393528726934,186.496237924882,186.496237924882,186.496237924882,193.256747637575,,8666.295136734763,12630.607288624287,8666.295136734763,12630.607288624287
64000,186.496237924882,186.496237924882,214.393528726934,182.860494998233,182.860494998233,186.496237924882,182.860494998233,,8666.295136734763,12630.607288624287,8666.295136734763,12630.607288624287
65000,186.496237924882,186.496237924882,214.393528726934,182.860494998233,182.860494998233,186.496237924882,195.621078830681,,8666.295136734763,12630.607288624287,8666.295136734763,12630.607288624287
66000,186.496237924882,186.496237924882,214.393528726934,182.860494998233,182.860494998233,186.496237924882,202.106146113249,,8666.295136734763,12630.607288624287,8666.295136734763,12630.607288624287
67000,186.496237924882,186.496237924882,214.393528726934,182.860494998233,182.860494998233,186.496237924882,216.200303995581,,8666.295136734763,12630.607288624287,8666.295136734763,12630.607288624287
68000,186.496237924882,186.496237924882,214.393528726934,182.860494998233,182.860494998233,186.496237924882,215.680503887886,,8666.295136734763,12630.607288624287,8666.295136734763,12630.607288624287
69000,186.496237924882,186.496237924882,214.393528726934,182.860494998233,182.860494998233,186.496237924882,223.525906787483,,8666.295136734763,12630.607288624287,8666.295136734763,12630.607288624287
70000,186.496237924882,186.496237924882,214.393528726934,182.860494998233,182.860494998233,186.496237924882,239.701309170869,,8666.295136734763,12630.607288624287,8666.295136734763,12630.607288624287
71000,186.496237924882,186.496237924882,214.393528726934,182.860494998233,182.860494998233,186.496237924882,240.426624686265,,8666.295136734763,12630.607288624287,8666.295136734763,12630.607288624287
72000,186.496237924882,186.496237924882,214.393528726934,182.860494998233,182.860494998233,186.496237924882,247.790155924250,,8666.295136734763,12630.607288624287,8666.295136734763,12630.607288624287
73000,186.496237924882,186.496237924882,214.393528726934,182.860494998233,182.860494998233,186.496237924882,227.846650606220,,8666.295136734763,12630.607288624287,8666.295136734763,12630.607288624287
74000,186.496237924882,186.496237924882,214.393528726934,182.860494998233,182.860494998233,186.496237924882,232.837572983302,,8666.295136734763,12630.607288624287,8666.295136734763,12630.607288624287
75000,186.496237924882,186.496237924882,214.393528726934,182.860494998233,182.860494998233,186.496237924882,226.507979305534,,8666.295136734763,12630.607288624287,8666.295136734763,12630.607288624287
76000,186.496237924882,186.496237924882,214.393528726934,182.860494998233,182.860494998233,186.496237924882,245.891748666067,,8666.295136734763,12630.607288624287,8666.295136734763,12630.607288624287
77000,186.496237924882,186.496237924882,214.393528726934,182.860494998233,182.860494998233,186.496237924882,223.895707634125,,8666.295136734763,12630.607288624287,8666.295136734763,12630.607288624287
78000,186.496237924882,186.496237924882,214.393528726934,182.860494998233,182.860494998233,186.496237924882,267.667934219822,,8666.295136734763,12630.607288624287,8666.295136734763,12630.607288624287
79000,186.496237924882,186.496237924882,214.393528726934,182.860494998233,182.860494998233,186.496237924882,267.045052728409,,8666.295136734763,12630.607288624287,8666.295136734763,12630.607288624287
80000,186.496237924882,186.496237924882,214.393528726934,182.860494998233,182.860494998233,186.496237924882,292.418729343838,,8666.295136734763,12630.607288624287,8666.295136734763,12630.607288624287
81000,186.496237924882,186.496237924882,214.393528726934,182.860494998233,182.860494998233,186.496237924882,254.609639521923,,8666.295136734763,12630.607288624287,8650.799321167626,12630.607288624287
82000,186.496237924882,186.496237924882,214.393528726934,182.860494998233,182.860494998233,186.496237924882,290.118298478703,,8666.295136734763,12630.607288624287,8650.799321167626,12630.607288624287
83000,186.496237924882,186.496237924882,214.393528726934,182.860494998233,182.860494998233,186.496237924882,310.769802104326,,8666.295136734763,12630.607288624287,8650.799321167626,12630.607288624287
84000,186.496237924882,186.496237924882,214.393528726934,182.860494998233,182.860494998233,186.496237924882,281.583723164773,,8666.295136734763,12630.607288624287,8650.799321167626,12630.607288624287
85000,186.496237924882,186.496237924882,214.393528726934,182.860494998233,182.860494998233,186.496237924882,277.893136374968,,8666.295136734763,12630.607288624287,8650.799321167626,12630.607288624287
86000,186.496237924882,186.496237924882,214.393528726934,182.860494998233,182.860494998233,186.496237924882,280.208423454088,,8666.295136734763,12630.607288624287,8650.799321167626,12630.607288624287
87000,186.496237924882,186.496237924882,207.788462320469,182.860494998233,182.860494998233,186.496237924882,196.927183719128,,8650.799321167626,12630.607288624287,8650.799321167626,12630.607288624287
88000,186.496237924882,186.496237924882,203.606134514764,182.860494998233,182.860494998233,186.496237924882,198.825903285694,,8650.799321167626,12630.607288624287,8650.799321167626,12630.607288624287
89000,186.496237924882,186.496237924882,207.788462320469,182.860494998233,182.860494998233,186.496237924882,199.635993722994,,8650.799321167626,12630.607288624287,8650.799321167626,12630.607288624287
90000,186.496237924882,186.496237924882,207.788462320469,182.860494998233,182.860494998233,186.496237924882,203.265903018641,,8650.799321167626,12630.607288624287,8650.799321167626,12630.607288624287
91000,186.496237924882,186.496237924882,207.788462320469,182.860494998233,182.860494998233,186.496237924882,205.347128682335,,8595.883377799659,12630.607288624287,8595.883377799659,12630.607288624287
92000,186.496237924882,186.496237924882,207.788462320469,182.860494998233,182.860494998233,186.496237924882,192.166586597587,,8595.883377799659,12630.607288624287,8595.883377799659,12630.607288624287
93000,186.496237924882,186.496237924882,207.788462320469,182.860494998233,182.860494998233,186.496237924882,192.062466333778,,8595.883377799659,12630.607288624287,8595.883377799659,12630.607288624287
94000,186.496237924882,186.496237924882,207.788462320469,182.860494998233,182.860494998233,186.496237924882,186.104500103651,,8595.883377799659,12630.607288624287,8595.883377799659,12630.607288624287
95000,186.496237924882,186.496237924882,207.788462320469,182.860494998233,182.860494998233,186.496237924882,186.104500103651,,8595.883377799659,12630.607288624287,8595.883377799659,12630.607288624287
96000,186.496237924882,186.496237924882,207.788462320469,182.860494998233,182.860494998233,186.496237924882,186.496237924882,,8595.883377799659,12630.607288624287,8595.883377799659,12630.607288624287
97000,186.496237924882,186.496237924882,207.788462320469,182.860494998233,182.860494998233,186.496237924882,186.104500103651,,8595.883377799659,12630.607288624287,8595.883377799659,12630.607288624287
98000,186.496237924882,186.496237924882,207.788462320469,182.860494998233,182.860494998233,186.496237924882,240.544099321084,,8595.883377799659,12630.607288624287,8595.883377799659,12630.607288624287
99000,186.496237924882,186.496237924882,207.788462320469,182.860494998233,182.860494998233,186.496237924882,243.376473532513,,8595.883377799659,12630.607288624287,8595.883377799659,12630.607288624287
100000,186.496237924882,186.496237924882,207.788462320469,182.860494998233,182.860494998233,186.496237924882,263.122083511259,,8595.883377799659,12630.607288624287,8595.883377799659,12630.607288624287
101000,186.496237924882,186.496237924882,207.788462320469,182.860494998233,182.860494998233,186.496237924882,226.985636813193,,8595.883377799659,12630.607288624287,8595.883377799659,12630.607288624287
102000,186.496237924882,186.496237924882,207.788462320469,182.860494998233,182.860494998233,186.496237924882,221.464437692747,,8595.883377799659,12630.607288624287,8595.883377799659,12630.607288624287
103000,186.496237924882,186.496237924882,207.788462320469,182.860494998233,182.860494998233,186.496237924882,229.897751733535,,8595.883377799659,12630.607288624287,8595.883377799659,12630.607288624287
104000,186.496237924882,186.496237924882,207.788462320469,182.860494998233,182.860494998233,186.496237924882,230.814889447353,,8595.883377799659,12630.607288624287,8595.883377799659,12630.607288624287
105000,186.496237924882,186.496237924882,207.788462320469,182.860494998233,182.860494998233,186.496237924882,228.322362184358,,8595.883377799659,12630.607288624287,8595.883377799659,12630.607288624287
106000,186.496237924882,186.496237924882,207.788462320469,182.860494998233,182.860494998233,186.496237924882,204.764371261616,,8595.883377799659,12630.607288624287,8595.883377799659,12630.607288624287
107000,186.496237924882,186.496237924882,207.788462320469,182.860494998233,182.860494998233,186.496237924882,281.082827895703,,8595.883377799659,12630.607288624287,8595.883377799659,12630.607288624287
108000,186.496237924882,186.496237924882,207.788462320469,182.860494998233,182.860494998233,186.496237924882,283.748841809072,,8595.883377799659,12630.607288624287,8595.883377799659,12630.607288624287
109000,186.496237924882,186.496237924882,207.788462320469,182.860494998233,182.860494998233,186.496237924882,278.802449921405,,8595.883377799659,12630.607288624287,8595.883377799659,12630.607288624287
110000,186.496237924882,186.496237924882,207.788462320469,182.860494998233,182.860494998233,186.496237924882,298.464226169821,,8595.883377799659,12630.607288624287,8595.883377799659,12630.607288624287
111000,186.496237924882,186.496237924882,207.788462320469,182.860494998233,182.860494998233,186.496237924882,312.528998886517,,8595.883377799659,12630.607288624287,8595.883377799659,12630.607288624287
112000,186.496237924882,186.496237924882,207.788462320469,182.860494998233,182.860494998233,186.496237924882,295.071063300015,,8595.883377799659,12630.607288624287,8595.883377799659,12630.607288624287
113000,186.496237924882,186.496237924882,207.788462320469,182.860494998233,182.860494998233,186.496237924882,289.700908228264,,8595.883377799659,12630.607288624287,8595.883377799659,12630.607288624287
114000,186.496237924882,186.496237924882,207.788462320469,182.860494998233,182.860494998233,186.496237924882,283.410293386706,,8595.883377799659,12630.607288624287,8595.883377799659,12630.607288624287
115000,186.104500103651,186.104500103651,186.104500103651,182.860494998233,182.860494998233,186.496237924882,210.453410092595,,8595.883377799659,12630.607288624287,8595.883377799659,12630.607288624287
116000,186.104500103651,186.104500103651,207.788462320469,182.860494998233,182.860494998233,186.496237924882,206.333796080985,,8574.738730854550,12630.607288624287,8574.738730854550,12630.607288624287
117000,186.104500103651,186.104500103651,206.693854437538,182.860494998233,182.860494998233,186.496237924882,205.236264433755,,8574.738730854550,12630.607288624287,8574.738730854550,12630.607288624287
118000,186.104500103651,186.104500103651,207.788462320469,182.860494998233,182.860494998233,186.496237924882,203.179784242510,,8574.738730854550,12630.607288624287,8574.738730854550,12630.607288624287
119000,186.104500103651,186.104500103651,205.508584475872,182.860494998233,182.860494998233,186.496237924882,205.508584475872,,8574.738730854550,12630.607288624287,8574.738730854550,12630.607288624287
120000,186.104500103651,186.104500103651,205.347128682335,182.860494998233,182.860494998233,186.496237924882,202.252829331697,,8574.738730854550,12630.607288624287,8574.738730854550,12630.607288624287
121000,186.104500103651,186.104500103651,205.347128682335,182.860494998233,182.860494998233,186.496237924882,186.104500103651,,8574.738730854550,12630.607288624287,8574.738730854550,12630.607288624287
122000,186.104500103651,186.104500103651,205.347128682335,175.569934356121,175.569934356121,186.496237924882,175.569934356121,,8574.738730854550,12630.607288624287,8574.738730854550,12630.607288624287
123000,186.104500103651,186.104500103651,205.347128682335,175.569934356121,175.569934356121,186.496237924882,189.686963578337,,8574.738730854550,12630.607288624287,8574.738730854550,12630.607288624287
124000,186.104500103651,186.104500103651,205.347128682335,175.569934356121,175.569934356121,186.496237924882,186.222388015725,,8574.738730854550,12630.607288624287,8574.738730854550,12630.607288624287
125000,186.104500103651,186.104500103651,205.347128682335,175.569934356121,175.569934356121,186.496237924882,212.867832985033,,8574.738730854550,12630.607288624287,8574.738730854550,12630.607288624287
126000,186.104500103651,186.104500103651,205.347128682335,175.569934356121,175.569934356121,186.496237924882,239.796150350232,,8574.738730854550,12630.607288624287,8574.738730854550,12630.607288624287
127000,186.104500103651,186.104500103651,205.347128682335,175.569934356121,175.569934356121,186.496237924882,218.029656171724,,8574.738730854550,12630.607288624287,8574.738730854550,12630.607288624287
128000,186.104500103651,186.104500103651,205.347128682335,175.569934356121,175.569934356121,186.496237924882,255.782840890590,,8574.738730854550,12630.607288624287,8574.738730854550,12630.607288624287
129000,186.104500103651,186.104500103651,205.347128682335,175.569934356121,175.569934356121,186.496237924882,219.625821099903,,8574.738730854550,12630.607288624287,8574.738730854550,12630.607288624287
130000,186.104500103651,186.104500103651,205.347128682335,175.569934356121,175.569934356121,186.496237924882,246.523225675263,,8574.738730854550,12630.607288624287,8574.738730854550,12630.607288624287
131000,186.104500103651,186.104500103651,205.347128682335,175.569934356121,175.569934356121,186.496237924882,223.161239920328,,8574.738730854550,12630.607288624287,8574.738730854550,12630.607288624287
132000,186.104500103651,186.104500103651,205.347128682335,175.569934356121,175.569934356121,186.496237924882,248.095874244689,,8574.738730854550,12630.607288624287,8574.738730854550,12630.607288624287
133000,186.104500103651,186.104500103651,205.347128682335,175.569934356121,175.569934356121,186.496237924882,212.058919149961,,8574.738730854550,12630.607288624287,8574.738730854550,12630.607288624287
134000,186.104500103651,186.104500103651,205.347128682335,175.569934356121,175.569934356121,186.496237924882,242.983005007260,,8574.738730854550,12630.607288624287,8574.738730854550,12630.607288624287
135000,186.104500103651,186.104500103651,205.347128682335,175.569934356121,175.569934356121,186.496237924882,275.394389407207,,8574.738730854550,12630.607288624287,8574.738730854550,12630.607288624287
136000,186.104500103651,186.104500103651,205.347128682335,175.569934356121,175.569934356121,186.496237924882,277.560835357836,,8574.738730854550,12630.607288624287,8574.738730854550,12630.607288624287
137000,186.104500103651,186.104500103651,205.347128682335,175.569934356121,175.569934356121,186.496237924882,277.840063470355,,8574.738730854550,12630.607288624287,8574.738730854550,12630.607288624287
138000,186.104500103651,186.104500103651,205.347128682335,175.569934356121,175.569934356121,186.496237924882,267.707309224771,,8574.738730854550,12630.607288624287,8574.738730854550,12630.607288624287
139000,186.104500103651,186.104500103651,205.347128682335,175.569934356121,175.569934356121,186.496237924882,313.854267367993,,8574.738730854550,12630.607288624287,8574.738730854550,12630.607288624287
140000,186.104500103651,186.104500103651,205.347128682335,175.569934356121,175.569934356121,186.496237924882,269.139702430239,,8574.738730854550,12630.607288624287,8574.738730854550,12630.607288624287
141000,186.104500103651,186.104500103651,205.347128682335,175.569934356121,175.569934356121,186.496237924882,269.139702430239,,8574.738730854550,12630.607288624287,8574.738730854550,12630.607288624287
142000,186.104500103651,186.104500103651,205.347128682335,175.569934356121,175.569934356121,186.496237924882,264.492258025363,,8574.738730854550,12630.607288624287,8574.738730854550,12630.607288624287
143000,186.104500103651,186.104500103651,205.347128682335,175.569934356121,175.569934356121,186.496237924882,264.492258025363,,8574.738730854550,12630.607288624287,8574.738730854550,12630.607288624287
144000,175.569934356121,175.569934356121,207.788462320469,175.569934356121,175.569934356121,175.569934356121,204.282873101125,175.569934356121,8574.738730854550,12630.607288624287,8574.738730854550,12630.607288624287
145000,175.569934356121,175.569934356121,205.347128682335,175.569934356121,175.569934356121,175.569934356121,195.002756163895,,8573.647962287010,12630.607288624287,8573.647962287010,12630.607288624287
146000,175.569934356121,175.569934356121,204.275539112046,175.569934356121,175.569934356121,175.569934356121,201.103598765126,,8573.647962287010,12630.607288624287,8573.647962287010,12630.607288624287
147000,175.569934356121,175.569934356121,205.347128682335,175.569934356121,175.569934356121,175.569934356121,203.358262248985,,8573.647962287010,12630.607288624287,8573.647962287010,12630.607288624287
148000,175.569934356121,175.569934356121,207.788462320469,175.569934356121,175.569934356121,175.569934356121,203.606134514764,,8573.647962287010,12630.607288624287,8573.647962287010,12630.607288624287
149000,175.569934356121,175.569934356121,205.347128682335,175.569934356121,175.569934356121,175.569934356121,186.104500103651,,8573.647962287010,12630.607288624287,8573.647962287010,12630.607288624287
150000,175.569934356121,175.569934356121,205.347128682335,175.569934356121,175.569934356121,175.569934356121,186.104500103651,,8573.647962287010,12630.607288624287,8573.647962287010,12630.607288624287
151000,175.569934356121,175.569934356121,205.347128682335,175.569934356121,175.569934356121,175.569934356121,178.475062761464,,8573.647962287010,12630.607288624287,8573.647962287010,12630.607288624287
152000,175.569934356121,175.569934356121,205.347128682335,175.569934356121,175.569934356121,175.569934356121,186.104500103651,,8573.647962287010,12630.607288624287,8573.647962287010,12630.607288624287
153000,175.569934356121,175.569934356121,205.347128682335,175.569934356121,175.569934356121,175.569934356121,189.686963578337,,8573.647962287010,12630.607288624287,8573.647962287010,12630.607288624287
154000,175.569934356121,175.569934356121,205.347128682335,175.569934356121,175.569934356121,175.569934356121,197.553545146391,,8573.647962287010,12630.607288624287,8573.647962287010,12630.607288624287
155000,175.569934356121,175.569934356121,205.347128682335,175.569934356121,175.569934356121,175.569934356121,205.904230895577,,8573.647962287010,12630.607288624287,8573.647962287010,12630.607288624287
156000,175.569934356121,175.569934356121,205.347128682335,175.569934356121,175.569934356121,175.569934356121,214.226670774415,,8573.647962287010,12630.607288624287,8573.647962287010,12630.607288624287
157000,175.569934356121,175.569934356121,205.347128682335,175.569934356121,175.569934356121,175.569934356121,229.794907692132,,8573.647962287010,12630.607288624287,8573.647962287010,12630.607288624287
158000,175.569934356121,175.569934356121,205.347128682335,175.569934356121,175.569934356121,175.569934356121,213.108261711649,,8573.647962287010,12630.607288624287,8573.647962287010,12630.607288624287
159000,175.569934356121,175.569934356121,205.347128682335,175.569934356121,175.569934356121,175.569934356121,246.863913888963,,8573.647962287010,12630.607288624287,8573.647962287010,12630.607288624287
160000,175.569934356121,175.569934356121,205.347128682335,175.569934356121,175.569934356121,175.569934356121,238.150780033452,,8573.647962287010,12630.607288624287,8573.647962287010,12630.607288624287
161000,175.569934356121,175.569934356121,205.347128682335,175.569934356121,175.569934356121,175.569934356121,206.111015342741,,8573.647962287010,12630.607288624287,8573.647962287010,12630.607288624287
162000,175.569934356121,175.569934356121,205.347128682335,175.569934356121,175.569934356121,175.569934356121,206.558975745715,,8573.647962287010,12630.607288624287,8573.647962287010,12630.607288624287
163000,175.569934356121,175.569934356121,205.347128682335,175.569934356121,175.569934356121,175.569934356121,213.471317197035,,8573.647962287010,12630.607288624287,8573.647962287010,12630.607288624287
164000,175.569934356121,175.569934356121,205.347128682335,175.569934356121,175.569934356121,175.569934356121,293.240049293197,,8573.647962287010,12630.607288624287,8573.647962287010,12630.607288624287
165000,175.569934356121,175.569934356121,205.347128682335,175.569934356121,175.569934356121,175.569934356121,282.447583998703,,8573.647962287010,12630.607288624287,8573.647962287010,12630.607288624287
166000,175.569934356121,175.569934356121,205.347128682335,175.569934356121,175.569934356121,175.569934356121,276.842443509331,,8573.647962287010,12630.607288624287,8573.647962287010,12630.607288624287
167000,175.569934356121,175.569934356121,205.347128682335,175.569934356121,175.569934356121,175.569934356121,270.128293701591,,8573.647962287010,12630.607288624287,8573.647962287010,12630.607288624287
168000,175.569934356121,175.569934356121,205.347128682335,175.569934356121,175.569934356121,175.569934356121,279.817812256458,,8573.647962287010,12630.607288624287,8573.647962287010,12630.607288624287
169000,175.569934356121,175.569934356121,205.347128682335,175.569934356121,175.569934356121,175.569934356121,273.799747856647,,8573.647962287010,12630.607288624287,8573.647962287010,12630.607288624287
170000,175.569934356121,175.569934356121,205.347128682335,175.569934356121,175.569934356121,175.569934356121,352.248897943785,,8573.647962287010,12630.607288624287,8573.647962287010,12630.607288624287
171000,175.569934356121,175.569934356121,205.347128682335,175.569934356121,175.569934356121,175.569934356121,278.103048165637,,8573.647962287010,12630.607288624287,8573.647962287010,12630.607288624287
172000,175.569934356121,175.569934356121,202.922863577132,175.569934356121,175.569934356121,175.569934356121,196.526769167041,,8573.647962287010,12630.607288624287,8573.647962287010,12630.607288624287
173000,175.569934356121,175.569934356121,196.526769167041,175.569934356121,175.569934356121,175.569934356121,195.773476003889,,8573.647962287010,12630.607288624287,8573.647962287010,12630.607288624287
174000,175.569934356121,175.569934356121,208.766947885221,175.569934356121,175.569934356121,175.569934356121,195.773476003889,,8573.647962287010,12630.607288624287,8573.647962287010,12630.607288624287
175000,175.569934356121,175.569934356121,195.773476003889,175.569934356121,175.569934356121,175.569934356121,189.509039743377,,8554.250823609014,12630.607288624287,8554.250823609014,12630.607288624287
176000,175.569934356121,175.569934356121,196.526769167041,175.569934356121,175.569934356121,175.569934356121,195.773476003889,,8554.250823609014,12630.607288624287,8554.250823609014,12630.607288624287
177000,175.569934356121,175.569934356121,195.773476003889,175.569934356121,175.569934356121,175.569934356121,195.002756163895,,8554.250823609014,12630.607288624287,8554.250823609014,12630.607288624287
178000,175.569934356121,175.569934356121,195.773476003889,175.569934356121,175.569934356121,175.569934356121,183.637247667651,,8554.250823609014,12630.607288624287,8554.250823609014,12630.607288624287
179000,175.569934356121,175.569934356121,195.773476003889,175.569934356121,175.569934356121,175.569934356121,190.171237754649,,8554.250823609014,12630.607288624287,8554.250823609014,12630.607288624287
180000,175.569934356121,175.569934356121,195.773476003889,175.569934356121,175.569934356121,175.569934356121,214.623765858630,,8554.250823609014,12630.607288624287,8554.250823609014,12630.607288624287
181000,175.569934356121,175.569934356121,195.773476003889,175.569934356121,175.569934356121,175.569934356121,189.722944638784,,8554.250823609014,12630.607288624287,8554.250823609014,12630.607288624287
182000,175.569934356121,175.569934356121,195.773476003889,175.569934356121,175.569934356121,175.569934356121,186.496237924882,,8554.250823609014,12630.607288624287,8554.250823609014,12630.607288624287
183000,175.569934356121,175.569934356121,195.773476003889,175.569934356121,175.569934356121,175.569934356121,186.104500103651,,8554.250823609014,12630.607288624287,8554.250823609014,12630.607288624287
184000,175.569934356121,175.569934356121,195.773476003889,175.569934356121,175.569934356121,175.569934356121,221.235643929423,,8554.250823609014,12630.607288624287,8554.250823609014,12630.607288624287
185000,175.569934356121,175.569934356121,195.773476003889,175.569934356121,175.569934356121,175.569934356121,235.595188452655,,8554.250823609014,12630.607288624287,8554.250823609014,12630.607288624287
186000,175.569934356121,175.569934356121,195.773476003889,175.569934356121,175.569934356121,175.569934356121,218.940298727525,,8554.250823609014,12630.607288624287,8554.250823609014,12630.607288624287
187000,175.569934356121,175.569934356121,195.773476003889,175.569934356121,175.569934356121,175.569934356121,215.175062338362,,8554.250823609014,12630.607288624287,8554.250823609014,12630.607288624287
188000,175.569934356121,175.569934356121,195.773476003889,175.569934356121,175.569934356121,175.569934356121,222.024382334952,,8554.250823609014,12630.607288624287,8554.250823609014,12630.607288624287
189000,175.569934356121,175.569934356121,195.773476003889,175.569934356121,175.569934356121,175.569934356121,238.126258459434,,8554.250823609014,12630.607288624287,8554.250823609014,12630.607288624287
190000,175.569934356121,175.569934356121,195.773476003889,175.569934356121,175.569934356121,175.569934356121,249.773929368003,,8554.250823609014,12630.607288624287,8554.250823609014,12630.607288624287
191000,175.569934356121,175.569934356121,195.773476003889,175.569934356121,175.569934356121,175.569934356121,226.798096489168,,8554.250823609014,12630.607288624287,8554.250823609014,12630.607288624287
192000,175.569934356121,175.569934356121,195.773476003889,175.569934356121,175.569934356121,175.569934356121,284.744256065017,,8554.250823609014,12630.607288624287,8554.250823609014,12630.607288624287
193000,175.569934356121,175.569934356121,195.773476003889,175.569934356121,175.569934356121,175.569934356121,287.389596271219,,8554.250823609014,12630.607288624287,8554.250823609014,12630.607288624287
194000,175.569934356121,175.569934356121,195.773476003889,175.569934356121,175.569934356121,175.569934356121,285.444938485678,,8554.250823609014,12630.607288624287,8554.250823609014,12630.607288624287
195000,175.569934356121,175.569934356121,195.773476003889,175.569934356121,175.569934356121,175.569934356121,289.289960979806,,8554.250823609014,12630.607288624287,8554.250823609014,12630.607288624287
196000,175.569934356121,175.569934356121,195.773476003889,175.569934356121,175.569934356121,175.569934356121,306.472639312872,,8554.250823609014,12630.607288624287,8554.250823609014,12630.607288624287
197000,175.569934356121,175.569934356121,195.773476003889,175.569934356121,175.569934356121,175.569934356121,266.949112424084,,8554.250823609014,12630.607288624287,8554.250823609014,12630.607288624287
198000,175.569934356121,175.569934356121,195.773476003889,175.569934356121,175.569934356121,175.569934356121,296.210023955427,,8554.250823609014,12630.607288624287,8554.250823609014,12630.607288624287
199000,175.569934356121,175.569934356121,195.773476003889,175.569934356121,175.569934356121,175.569934356121,287.145679153182,,8554.250823609014,12630.607288624287,8554.250823609014,12630.607288624287
200000,175.569934356121,175.569934356121,195.773476003889,175.569934356121,175.569934356121,175.569934356121,286.676233251014,,8554.250823609014,12630.607288624287,8554.250823609014,12630.607288624287
201000,175.569934356121,175.569934356121,217.097445285445,175.569934356121,175.569934356121,175.569934356121,195.773476003889,,8554.250823609014,12630.607288624287,8554.250823609014,12630.607288624287
202000,175.569934356121,175.569934356121,207.788462320469,175.569934356121,175.569934356121,175.569934356121,195.773476003889,,8554.250823609014,12630.607288624287,8554.250823609014,12630.607288624287
203000,175.569934356121,175.569934356121,196.526769167041,175.569934356121,175.569934356121,175.569934356121,195.773476003889,,8554.250823609014,12630.607288624287,8554.250823609014,12630.607288624287
204000,175.569934356121,175.569934356121,226.067013934308,175.569934356121,175.569934356121,175.569934356121,207.788462320469,,8550.867225045637,12630.607288624287,8550.867225045637,12630.607288624287
205000,175.569934356121,175.569934356121,225.790661070728,175.569934356121,175.569934356121,175.569934356121,205.822495305253,,8550.867225045637,12630.607288624287,8550.867225045637,12630.607288624287
206000,175.569934356121,175.569934356121,230.088729739405,175.569934356121,175.569934356121,175.569934356121,200.319492205085,,8550.867225045637,12630.607288624287,8550.867225045637,12630.607288624287
207000,175.569934356121,175.569934356121,230.088729739405,175.569934356121,175.569934356121,175.569934356121,205.418858807662,,8550.867225045637,12630.607288624287,8550.867225045637,12630.607288624287
208000,175.569934356121,175.569934356121,230.088729739405,175.569934356121,175.569934356121,175.569934356121,207.551010803588,,8550.867225045637,12630.607288624287,8550.867225045637,12630.607288624287
209000,175.569934356121,175.569934356121,230.088729739405,175.569934356121,175.569934356121,175.569934356121,214.076109500724,,8550.867225045637,12630.607288624287,8550.867225045637,12630.607288624287
210000,175.569934356121,175.569934356121,230.088729739405,175.569934356121,175.569934356121,175.569934356121,227.194551594261,,8550.867225045637,12630.607288624287,8550.867225045637,12630.607288624287
211000,175.569934356121,175.569934356121,230.088729739405,175.569934356121,175.569934356121,175.569934356121,189.047812716603,,8550.867225045637,12630.607288624287,8550.867225045637,12630.607288624287
212000,175.569934356121,175.569934356121,230.088729739405,175.569934356121,175.569934356121,175.569934356121,228.970113014723,,8550.867225045637,12630.607288624287,8550.867225045637,12630.607288624287
213000,175.569934356121,175.569934356121,230.088729739405,175.569934356121,175.569934356121,175.569934356121,236.999836899256,,8550.867225045637,12630.607288624287,8550.867225045637,12630.607288624287
214000,175.569934356121,175.569934356121,230.088729739405,175.569934356121,175.569934356121,175.569934356121,241.175615244808,,8550.867225045637,12630.607288624287,8550.867225045637,12630.607288624287
215000,175.569934356121,175.569934356121,230.088729739405,175.569934356121,175.569934356121,175.569934356121,240.992623794283,,8550.867225045637,12630.607288624287,8550.867225045637,12630.607288624287
216000,175.569934356121,175.569934356121,230.088729739405,175.569934356121,175.569934356121,175.569934356121,230.106904117782,,8550.867225045637,12630.607288624287,8550.867225045637,12630.607288624287
217000,175.569934356121,175.569934356121,230.088729739405,175.569934356121,175.569934356121,175.569934356121,218.377171368552,,8550.867225045637,12630.607288624287,8550.867225045637,12630.607288624287
218000,175.569934356121,175.569934356121,230.088729739405,175.569934356121,175.569934356121,175.569934356121,205.896203511445,,8550.867225045637,12630.607288624287,8550.867225045637,12630.607288624287
219000,175.569934356121,175.569934356121,230.088729739405,175.569934356121,175.569934356121,175.569934356121,238.482875843433,,8550.867225045637,12630.607288624287,8550.867225045637,12630.607288624287
220000,175.569934356121,175.569934356121,230.088729739405,175.569934356121,175.569934356121,175.569934356121,283.800518857643,,8550.867225045637,12630.607288624287,8550.867225045637,12630.607288624287
221000,175.569934356121,175.569934356121,230.088729739405,175.569934356121,175.569934356121,175.569934356121,311.105041935442,,8550.867225045637,12630.607288624287,8550.867225045637,12630.607288624287
222000,175.569934356121,175.569934356121,230.088729739405,175.569934356121,175.569934356121,175.569934356121,282.061706898605,,8550.867225045637,12630.607288624287,8550.867225045637,12630.607288624287
223000,175.569934356121,175.569934356121,230.088729739405,175.569934356121,175.569934356121,175.569934356121,284.643212898515,,8550.867225045637,12630.607288624287,8550.867225045637,12630.607288624287
224000,175.569934356121,175.569934356121,230.088729739405,175.569934356121,175.569934356121,175.569934356121,272.293976409071,,8550.867225045637,12630.607288624287,8550.867225045637,12630.607288624287
225000,175.569934356121,175.569934356121,230.088729739405,175.569934356121,175.569934356121,175.569934356121,287.695823992326,,8550.867225045637,12630.607288624287,8550.867225045637,12630.607288624287
226000,175.569934356121,175.569934356121,230.088729739405,175.569934356121,175.569934356121,175.569934356121,277.519724247230,,8550.867225045637,12630.607288624287,8550.867225045637,12630.607288624287
227000,175.569934356121,175.569934356121,230.088729739405,175.569934356121,175.569934356121,175.569934356121,253.993645197999,,8550.867225045637,12630.607288624287,8550.867225045637,12630.607288624287
228000,175.569934356121,175.569934356121,230.088729739405,175.569934356121,175.569934356121,175.569934356121,307.697020120923,,8550.867225045637,12630.607288624287,8550.867225045637,12630.607288624287
229000,175.569934356121,175.569934356121,196.526769167041,175.569934356121,175.569934356121,175.569934356121,196.390518685898,,8550.867225045637,12630.607288624287,8550.867225045637,12630.607288624287
230000,175.569934356121,175.569934356121,193.927975487109,175.569934356121,175.569934356121,175.569934356121,193.927975487109,,8529.909021615062,12630.607288624287,8529.909021615062,12630.607288624287
231000,175.569934356121,175.569934356121,205.347128682335,175.569934356121,175.569934356121,175.569934356121,195.773476003889,,8529.909021615062,12630.607288624287,8529.909021615062,12630.607288624287
232000,175.569934356121,175.569934356121,204.297677313206,175.569934356121,175.569934356121,175.569934356121,195.773476003889,,8523.649784520403,12630.607288624287,8523.649784520403,12630.607288624287
233000,175.569934356121,175.569934356121,195.773476003889,175.569934356121,175.569934356121,175.569934356121,191.098814690303,,8509.830477544874,12630.607288624287,8509.830477544874,12630.607288624287
234000,175.569934356121,175.569934356121,206.312865948923,175.569934356121,175.569934356121,175.569934356121,192.141676076444,,8509.830477544874,12630.607288624287,8509.830477544874,12630.607288624287
235000,175.569934356121,175.569934356121,206.312865948923,175.569934356121,175.569934356121,175.569934356121,190.337538242546,,8509.830477544874,12630.607288624287,8509.830477544874,12630.607288624287
236000,175.569934356121,175.569934356121,206.312865948923,175.569934356121,175.569934356121,175.569934356121,188.370425355323,,8509.830477544874,12630.607288624287,8509.830477544874,12630.607288624287
237000,175.569934356121,175.569934356121,206.312865948923,175.569934356121,175.569934356121,175.569934356121,184.190764792424,,8509.830477544874,12630.607288624287,8509.830477544874,12630.607288624287
238000,175.569934356121,175.569934356121,206.312865948923,175.569934356121,175.569934356121,175.569934356121,184.190764792424,,8509.830477544874,12630.607288624287,8509.830477544874,12630.607288624287
239000,175.569934356121,175.569934356121,206.312865948923,175.569934356121,175.569934356121,175.569934356121,183.011356042952,,8509.830477544874,12630.607288624287,8509.830477544874,12630.607288624287
240000,175.569934356121,175.569934356121,206.312865948923,175.569934356121,175.569934356121,175.569934356121,235.412555480649,,8509.830477544874,12630.607288624287,8509.830477544874,12630.607288624287
241000,175.569934356121,175.569934356121,206.312865948923,175.569934356121,175.569934356121,175.569934356121,222.825186041127,,8509.830477544874,12630.607288624287,8509.830477544874,12630.607288624287
242000,175.569934356121,175.569934356121,206.312865948923,175.569934356121,175.569934356121,175.569934356121,213.474477572166,,8509.830477544874,12630.607288624287,8509.830477544874,12630.607288624287
243000,175.569934356121,175.569934356121,206.312865948923,175.569934356121,175.569934356121,175.569934356121,200.161595884756,,8509.830477544874,12630.607288624287,8509.830477544874,12630.607288624287
244000,175.569934356121,175.569934356121,206.312865948923,175.569934356121,175.569934356121,175.569934356121,222.801578503565,,8509.830477544874,12630.607288624287,8509.830477544874,12630.607288624287
245000,175.569934356121,175.569934356121,206.312865948923,175.569934356121,175.569934356121,175.569934356121,228.351702445435,,8509.830477544874,12630.607288624287,8509.830477544874,12630.607288624287
246000,175.569934356121,175.569934356121,206.312865948923,175.569934356121,175.569934356121,175.569934356121,235.517871278986,,8509.830477544874,12630.607288624287,8509.830477544874,12630.607288624287
247000,175.569934356121,175.569934356121,206.312865948923,175.569934356121,175.569934356121,175.569934356121,205.827880317890,,8509.830477544874,12630.607288624287,8509.830477544874,12630.607288624287
248000,175.569934356121,175.569934356121,206.312865948923,175.569934356121,175.569934356121,175.569934356121,215.525275458102,,8509.830477544874,12630.607288624287,8509.830477544874,12630.607288624287
249000,175.569934356121,175.569934356121,206.312865948923,175.569934356121,175.569934356121,175.569934356121,292.039137903565,,8509.830477544874,12630.607288624287,8509.830477544874,12630.607288624287
250000,175.569934356121,175.569934356121,206.312865948923,175.569934356121,175.569934356121,175.569934356121,280.771692121557,,8509.830477544874,12630.607288624287,8509.830477544874,12630.607288624287
251000,175.569934356121,175.569934356121,206.312865948923,175.569934356121,175.569934356121,175.569934356121,305.262864502947,,8509.830477544874,12630.607288624287,8509.830477544874,12630.607288624287
252000,175.569934356121,175.569934356121,206.312865948923,175.569934356121,175.569934356121,175.569934356121,299.249886643889,,8509.830477544874,12630.607288624287,8509.830477544874,12630.607288624287
253000,175.569934356121,175.569934356121,206.312865948923,175.569934356121,175.569934356121,175.569934356121,295.784692482101,,8509.830477544874,12630.607288624287,8509.830477544874,12630.607288624287
254000,175.569934356121,175.569934356121,206.312865948923,175.569934356121,175.569934356121,175.569934356121,249.559233647213,,8509.830477544874,12630.607288624287,8509.830477544874,12630.607288624287
255000,175.569934356121,175.569934356121,206.312865948923,175.569934356121,175.569934356121,175.569934356121,258.459253967785,,8509.830477544874,12630.607288624287,8509.830477544874,12630.607288624287
256000,175.569934356121,175.569934356121,206.312865948923,175.569934356121,175.569934356121,175.569934356121,308.424995690445,,8509.830477544874,12630.607288624287,8509.830477544874,12630.607288624287
257000,175.569934356121,175.569934356121,195.773476003889,175.569934356121,175.569934356121,175.569934356121,195.773476003889,,8509.830477544874,12630.607288624287,8509.830477544874,12630.607288624287
258000,175.569934356121,175.569934356121,195.773476003889,175.569934356121,175.569934356121,175.569934356121,195.002756163895,,8509.830477544874,12630.607288624287,8509.830477544874,12630.607288624287
259000,175.569934356121,175.569934356121,205.347128682335,175.569934356121,175.569934356121,175.569934356121,195.605038390742,,8509.830477544874,12630.607288624287,8509.830477544874,12630.607288624287
260000,175.569934356121,175.569934356121,195.002756163895,175.569934356121,175.569934356121,175.569934356121,192.407690081957,,8509.830477544874,12630.607288624287,8509.830477544874,12630.607288624287
261000,175.569934356121,175.569934356121,206.001474945252,175.569934356121,175.569934356121,175.569934356121,196.526769167041,,8509.830477544874,12630.607288624287,8509.830477544874,12630.607288624287
262000,175.569934356121,175.569934356121,229.524221562446,175.569934356121,175.569934356121,175.569934356121,188.945998679762,,8509.830477544874,12630.607288624287,8509.830477544874,12630.607288624287
263000,175.569934356121,175.569934356121,229.524221562446,175.569934356121,175.569934356121,175.569934356121,205.109040199451,,8509.830477544874,12630.607288624287,8509.830477544874,12630.607288624287
264000,175.569934356121,175.569934356121,229.524221562446,175.569934356121,175.569934356121,175.569934356121,200.008321679359,,8509.830477544874,12630.607288624287,8509.830477544874,12630.607288624287
265000,175.569934356121,175.569934356121,229.524221562446,175.569934356121,175.569934356121,175.569934356121,195.863942778058,,8509.830477544874,12630.607288624287,8509.830477544874,12630.607288624287
266000,175.569934356121,175.569934356121,229.524221562446,175.569934356121,175.569934356121,175.569934356121,210.302881601148,,8509.830477544874,12630.607288624287,8509.830477544874,12630.607288624287
267000,175.569934356121,175.569934356121,229.524221562446,175.569934356121,175.569934356121,175.569934356121,203.329835624702,,8509.830477544874,12630.607288624287,8509.830477544874,12630.607288624287
268000,175.569934356121,175.569934356121,229.524221562446,175.569934356121,175.569934356121,175.569934356121,235.751839376437,,8509.830477544874,12630.607288624287,8509.830477544874,12630.607288624287
269000,175.569934356121,175.569934356121,229.524221562446,175.569934356121,175.569934356121,175.569934356121,244.755852710376,,8509.830477544874,12630.607288624287,8509.830477544874,12630.607288624287
270000,175.569934356121,175.569934356121,229.524221562446,175.569934356121,175.569934356121,175.569934356121,234.693585489716,,8509.830477544874,12630.607288624287,8509.830477544874,12630.607288624287
271000,175.569934356121,175.569934356121,229.524221562446,175.569934356121,175.569934356121,175.569934356121,258.899645815697,,8509.830477544874,12630.607288624287,8509.830477544874,12630.607288624287
272000,175.569934356121,175.569934356121,229.524221562446,175.569934356121,175.569934356121,175.569934356121,261.556127215621,,8509.830477544874,12630.607288624287,8509.830477544874,12630.607288624287
273000,175.569934356121,175.569934356121,229.524221562446,175.569934356121,175.569934356121,175.569934356121,259.054912952004,,8509.830477544874,12630.607288624287,8509.830477544874,12630.607288624287
274000,175.569934356121,175.569934356121,229.524221562446,175.569934356121,175.569934356121,175.569934356121,219.745509050666,,8509.830477544874,12630.607288624287,8509.830477544874,12630.607288624287
275000,175.569934356121,175.569934356121,229.524221562446,175.569934356121,175.569934356121,175.569934356121,251.836943909855,,8509.830477544874,12630.607288624287,8509.830477544874,12630.607288624287
276000,175.569934356121,175.569934356121,229.524221562446,175.569934356121,175.569934356121,175.569934356121,221.813245114169,,8509.830477544874,12630.607288624287,8509.830477544874,12630.607288624287
277000,175.569934356121,175.569934356121,229.524221562446,175.569934356121,175.569934356121,175.569934356121,259.559725560396,,8509.830477544874,12630.607288624287,8509.830477544874,12630.607288624287
278000,175.569934356121,175.569934356121,229.524221562446,175.569934356121,175.569934356121,175.569934356121,282.085456229126,,8509.830477544874,12630.607288624287,8509.830477544874,12630.607288624287
279000,175.569934356121,175.569934356121,229.524221562446,175.569934356121,175.569934356121,175.569934356121,292.736338427851,,8509.830477544874,12630.607288624287,8509.830477544874,12630.607288624287
280000,175.569934356121,175.569934356121,229.524221562446,175.569934356121,175.569934356121,175.569934356121,286.103682717708,,8509.830477544874,12630.607288624287,8509.830477544874,12630.607288624287
281000,175.569934356121,175.569934356121,229.524221562446,175.569934356121,175.569934356121,175.569934356121,270.151095565483,,8509.830477544874,12630.607288624287,8509.830477544874,12630.607288624287
282000,175.569934356121,175.569934356121,229.524221562446,175.569934356121,175.569934356121,175.569934356121,335.352526984743,,8509.830477544874,12630.607288624287,8509.830477544874,12630.607288624287
283000,175.569934356121,175.569934356121,229.524221562446,175.569934356121,175.569934356121,175.569934356121,282.709601571868,,8509.830477544874,12630.607288624287,8509.830477544874,12630.607288624287
284000,175.569934356121,175.569934356121,229.524221562446,175.569934356121,175.569934356121,175.569934356121,256.507133133358,,8509.830477544874,12630.607288624287,8509.830477544874,12630.607288624287
285000,175.569934356121,175.569934356121,229.524221562446,175.569934356121,175.569934356121,175.569934356121,291.679189838986,,8509.830477544874,12630.607288624287,8509.830477544874,12630.607288624287
286000,175.569934356121,175.569934356121,195.773476003889,175.569934356121,175.569934356121,175.569934356121,195.773476003889,,8509.830477544874,12630.607288624287,8509.830477544874,12630.607288624287
287000,175.569934356121,175.569934356121,195.773476003889,175.569934356121,175.569934356121,175.569934356121,195.773476003889,,8509.830477544874,12630.607288624287,8509.830477544874,12630.607288624287
288000,175.569934356121,175.569934356121,198.977469301382,175.569934356121,175.569934356121,175.569934356121,192.743816344622,,8509.830477544874,12630.607288624287,8509.830477544874,12630.607288624287
289000,175.569934356121,175.569934356121,195.773476003889,175.569934356121,175.569934356121,175.569934356121,195.773476003889,,8499.379278311290,12630.607288624287,8499.379278311290,12630.607288624287
290000,175.569934356121,175.569934356121,217.097445285445,175.569934356121,175.569934356121,175.569934356121,194.857173108490,,8499.379278311290,12630.607288624287,8499.379278311290,12630.607288624287
291000,175.569934356121,175.569934356121,198.977469301382,175.569934356121,175.569934356121,175.569934356121,198.977469301382,,8499.379278311290,12630.607288624287,8499.379278311290,12630.607288624287
292000,175.569934356121,175.569934356121,198.977469301382,175.569934356121,175.569934356121,175.569934356121,198.976634977690,,8499.379278311290,12630.607288624287,8499.379278311290,12630.607288624287
293000,175.569934356121,175.569934356121,198.977469301382,175.569934356121,175.569934356121,175.569934356121,184.746763451887,,8499.379278311290,12630.607288624287,8499.379278311290,12630.607288624287
294000,175.569934356121,175.569934356121,198.977469301382,175.569934356121,175.569934356121,175.569934356121,184.479258449135,,8499.379278311290,12630.607288624287,8499.379278311290,12630.607288624287
295000,175.569934356121,175.569934356121,198.977469301382,175.569934356121,175.569934356121,175.569934356121,193.847202900246,,8499.379278311290,12630.607288624287,8499.379278311290,12630.607288624287
296000,175.569934356121,175.569934356121,198.977469301382,175.569934356121,175.569934356121,175.569934356121,200.729607014163,,8499.379278311290,12630.607288624287,8499.379278311290,12630.607288624287
297000,175.569934356121,175.569934356121,198.977469301382,175.569934356121,175.569934356121,175.569934356121,378.823131446358,,8499.379278311290,12630.607288624287,8499.379278311290,12630.607288624287
298000,175.569934356121,175.569934356121,198.977469301382,175.569934356121,175.569934356121,175.569934356121,259.856034964662,,8499.379278311290,12630.607288624287,8499.379278311290,12630.607288624287
299000,175.569934356121,175.569934356121,198.977469301382,175.569934356121,175.569934356121,175.569934356121,244.336564623863,,8499.379278311290,12630.607288624287,8499.379278311290,12630.607288624287
300000,175.569934356121,175.569934356121,198.977469301382,175.569934356121,175.569934356121,175.569934356121,243.825141664454,,8499.379278311290,12630.607288624287,8499.379278311290,12630.607288624287
301000,175.569934356121,175.569934356121,198.977469301382,175.569934356121,175.569934356121,175.569934356121,229.090290228345,,8499.379278311290,12630.607288624287,8499.379278311290,12630.607288624287
302000,175.569934356121,175.569934356121,198.977469301382,175.569934356121,175.569934356121,175.569934356121,213.822282669477,,8499.379278311290,12630.607288624287,8499.379278311290,12630.607288624287
303000,175.569934356121,175.569934356121,198.977469301382,175.569934356121,175.569934356121,175.569934356121,232.590518316303,,8499.379278311290,12630.607288624287,8499.379278311290,12630.607288624287
304000,175.569934356121,175.569934356121,198.977469301382,175.569934356121,175.569934356121,175.569934356121,218.130289927116,,8499.379278311290,12630.607288624287,8499.379278311290,12630.607288624287
305000,175.569934356121,175.569934356121,198.977469301382,175.569934356121,175.569934356121,175.569934356121,290.936150456606,,8499.379278311290,12630.607288624287,8482.970406265214,12630.607288624287
306000,175.569934356121,175.569934356121,198.977469301382,175.569934356121,175.569934356121,175.569934356121,305.933609866274,,8499.379278311290,12630.607288624287,8482.970406265214,12630.607288624287
307000,175.569934356121,175.569934356121,198.977469301382,175.569934356121,175.569934356121,175.569934356121,277.560835357836,,8499.379278311290,12630.607288624287,8482.970406265214,12630.607288624287
308000,175.569934356121,175.569934356121,198.977469301382,175.569934356121,175.569934356121,175.569934356121,272.620205217115,,8499.379278311290,12630.607288624287,8482.970406265214,12630.607288624287
309000,175.569934356121,175.569934356121,198.977469301382,175.569934356121,175.569934356121,175.569934356121,285.037923670250,,8499.379278311290,12630.607288624287,8482.970406265214,12630.607288624287
310000,175.569934356121,175.569934356121,198.977469301382,175.569934356121,175.569934356121,175.569934356121,299.725134132764,,8499.379278311290,12630.607288624287,8482.970406265214,12630.607288624287
311000,175.569934356121,175.569934356121,198.977469301382,175.569934356121,175.569934356121,175.569934356121,295.519461796571,,8499.379278311290,12630.607288624287,8482.970406265214,12630.607288624287
312000,175.569934356121,175.569934356121,198.977469301382,175.569934356121,175.569934356121,175.569934356121,309.655588701290,,8499.379278311290,12630.607288624287,8482.970406265214,12630.607288624287
313000,175.569934356121,175.569934356121,198.977469301382,175.569934356121,175.569934356121,175.569934356121,278.436632546272,,8499.379278311290,12630.607288624287,8482.970406265214,12630.607288624287
314000,175.569934356121,175.569934356121,217.097445285445,175.569934356121,175.569934356121,175.569934356121,195.773476003889,,8467.012611076821,12630.607288624287,8467.012611076821,12630.607288624287
315000,175.569934356121,175.569934356121,195.773476003889,175.569934356121,175.569934356121,175.569934356121,193.386932319044,,8467.012611076821,12630.607288624287,8467.012611076821,12630.607288624287
316000,175.569934356121,175.569934356121,195.773476003889,175.569934356121,175.569934356121,175.569934356121,195.773476003889,,8467.012611076821,12630.607288624287,8467.012611076821,12630.607288624287
317000,175.569934356121,175.569934356121,215.521760010936,175.569934356121,175.569934356121,175.569934356121,195.773476003889,,8467.012611076821,12630.607288624287,8467.012611076821,12630.607288624287
318000,175.569934356121,175.569934356121,198.977469301382,175.569934356121,175.569934356121,175.569934356121,195.773476003889,,8467.012611076821,12630.607288624287,8467.012611076821,12630.607288624287
319000,175.569934356121,175.569934356121,208.350572806696,175.569934356121,175.569934356121,175.569934356121,193.657979930209,,8467.012611076821,12630.607288624287,8467.012611076821,12630.607288624287
320000,175.569934356121,175.569934356121,208.350572806696,175.569934356121,175.569934356121,175.569934356121,187.065768936756,,8467.012611076821,12630.607288624287,8467.012611076821,12630.607288624287
321000,175.569934356121,175.569934356121,208.350572806696,175.569934356121,175.569934356121,175.569934356121,183.946068555889,,8467.012611076821,12630.607288624287,8467.012611076821,12630.607288624287
322000,175.569934356121,175.569934356121,208.350572806696,175.569934356121,175.569934356121,175.569934356121,188.884882955850,,8467.012611076821,12630.607288624287,8467.012611076821,12630.607288624287
323000,175.569934356121,175.569934356121,208.350572806696,175.569934356121,175.569934356121,175.569934356121,187.700291161143,,8467.012611076821,12630.607288624287,8467.012611076821,12630.607288624287
324000,175.569934356121,175.569934356121,208.350572806696,175.569934356121,175.569934356121,175.569934356121,187.700291161143,,8467.012611076821,12630.607288624287,8467.012611076821,12630.607288624287
325000,175.569934356121,175.569934356121,208.350572806696,175.569934356121,175.569934356121,175.569934356121,197.925202108633,,8467.012611076821,12630.607288624287,8467.012611076821,12630.607288624287
326000,175.569934356121,175.569934356121,208.350572806696,175.569934356121,175.569934356121,175.569934356121,217.398848102362,,8467.012611076821,12630.607288624287,8467.012611076821,12630.607288624287
327000,175.569934356121,175.569934356121,208.350572806696,175.569934356121,175.569934356121,175.569934356121,231.371544882575,,8467.012611076821,12630.607288624287,8467.012611076821,12630.607288624287
328000,175.569934356121,175.569934356121,208.350572806696,175.569934356121,175.569934356121,175.569934356121,217.347329459546,,8467.012611076821,12630.607288624287,8467.012611076821,12630.607288624287
329000,175.569934356121,175.569934356121,208.350572806696,175.569934356121,175.569934356121,175.569934356121,228.483500106223,,8467.012611076821,12630.607288624287,8467.012611076821,12630.607288624287
330000,175.569934356121,175.569934356121,208.350572806696,175.569934356121,175.569934356121,175.569934356121,198.171995477334,,8467.012611076821,12630.607288624287,8467.012611076821,12630.607288624287
331000,175.569934356121,175.569934356121,208.350572806696,175.569934356121,175.569934356121,175.569934356121,201.036227998521,,8467.012611076821,12630.607288624287,8467.012611076821,12630.607288624287
332000,175.569934356121,175.569934356121,208.350572806696,175.569934356121,175.569934356121,175.569934356121,211.656465516346,,8467.012611076821,12630.607288624287,8467.012611076821,12630.607288624287
333000,175.569934356121,175.569934356121,208.350572806696,175.569934356121,175.569934356121,175.569934356121,218.618011178263,,8467.012611076821,12630.607288624287,8467.012611076821,12630.607288624287
334000,175.569934356121,175.569934356121,208.350572806696,175.569934356121,175.569934356121,175.569934356121,244.204126736244,,8467.012611076821,12630.607288624287,8467.012611076821,12630.607288624287
335000,175.569934356121,175.569934356121,208.350572806696,175.569934356121,175.569934356121,175.569934356121,271.701729230545,,8467.012611076821,12630.607288624287,8467.012611076821,12630.607288624287
336000,175.569934356121,175.569934356121,208.350572806696,175.569934356121,175.569934356121,175.569934356121,272.125759230677,,8467.012611076821,12630.607288624287,8467.012611076821,12630.607288624287
337000,175.569934356121,175.569934356121,208.350572806696,175.569934356121,175.569934356121,175.569934356121,291.532083723067,,8467.012611076821,12630.607288624287,8467.012611076821,12630.607288624287
338000,175.569934356121,175.569934356121,208.350572806696,175.569934356121,175.569934356121,175.569934356121,300.540836691623,,8467.012611076821,12630.607288624287,8467.012611076821,12630.607288624287
339000,175.569934356121,175.569934356121,208.350572806696,175.569934356121,175.569934356121,175.569934356121,271.618847049485,,8467.012611076821,12630.607288624287,8467.012611076821,12630.607288624287
340000,175.569934356121,175.569934356121,208.350572806696,175.569934356121,175.569934356121,175.569934356121,266.025789089485,,8467.012611076821,12630.607288624287,8467.012611076821,12630.607288624287
341000,175.569934356121,175.569934356121,208.350572806696,175.569934356121,175.569934356121,175.569934356121,228.715418372579,,8467.012611076821,12630.607288624287,8467.012611076821,12630.607288624287
342000,175.569934356121,175.569934356121,210.868746979491,175.569934356121,175.569934356121,175.569934356121,198.977469301382,,8467.012611076821,12630.607288624287,8467.012611076821,12630.607288624287
343000,175.569934356121,175.569934356121,195.773476003889,175.569934356121,175.569934356121,175.569934356121,195.773476003889,,8467.012611076821,12630.607288624287,8467.012611076821,12630.607288624287
344000,175.569934356121,175.569934356121,195.773476003889,175.569934356121,175.569934356121,175.569934356121,193.816928286841,,8467.012611076821,12630.607288624287,8467.012611076821,12630.607288624287
345000,175.569934356121,175.569934356121,195.773476003889,175.569934356121,175.569934356121,175.569934356121,195.773476003889,,8467.012611076821,12630.607288624287,8467.012611076821,12630.607288624287
346000,175.569934356121,175.569934356121,195.773476003889,175.569934356121,175.569934356121,175.569934356121,192.647653318106,,8467.012611076821,12630.607288624287,8467.012611076821,12630.607288624287
347000,175.569934356121,175.569934356121,203.606134514764,175.569934356121,175.569934356121,175.569934356121,195.773476003889,,8467.012611076821,12630.607288624287,8467.012611076821,12630.607288624287
348000,175.569934356121,175.569934356121,203.606134514764,175.569934356121,175.569934356121,175.569934356121,181.051236254453,,8467.012611076821,12630.607288624287,8467.012611076821,12630.607288624287
349000,175.569934356121,175.569934356121,203.606134514764,175.569934356121,175.569934356121,175.569934356121,183.573118622935,,8467.012611076821,12630.607288624287,8467.012611076821,12630.607288624287
350000,175.569934356121,175.569934356121,203.606134514764,175.569934356121,175.569934356121,175.569934356121,191.064070084608,,8467.012611076821,12630.607288624287,8467.012611076821,12630.607288624287
351000,175.569934356121,175.569934356121,203.606134514764,175.569934356121,175.569934356121,175.569934356121,186.104500103651,,8467.012611076821,12630.607288624287,8467.012611076821,12630.607288624287
352000,175.569934356121,175.569934356121,203.606134514764,175.569934356121,175.569934356121,175.569934356121,186.104500103651,,8467.012611076821,12630.607288624287,8467.012611076821,12630.607288624287
353000,175.569934356121,175.569934356121,203.606134514764,175.569934356121,175.569934356121,175.569934356121,195.516078985917,,8467.012611076821,12630.607288624287,8467.012611076821,12630.607288624287
354000,175.569934356121,175.569934356121,203.606134514764,175.569934356121,175.569934356121,175.569934356121,214.014105161541,,8467.012611076821,12630.607288624287,8467.012611076821,12630.607288624287
355000,175.569934356121,175.569934356121,203.606134514764,175.569934356121,175.569934356121,175.569934356121,235.802537887191,,8467.012611076821,12630.607288624287,8467.012611076821,12630.607288624287
356000,175.569934356121,175.569934356121,203.606134514764,175.569934356121,175.569934356121,175.569934356121,204.266006086833,,8467.012611076821,12630.607288624287,8467.012611076821,12630.607288624287
357000,175.569934356121,175.569934356121,203.606134514764,175.569934356121,175.569934356121,175.569934356121,227.531205565409,,8467.012611076821,12630.607288624287,8467.012611076821,12630.607288624287
358000,175.569934356121,175.569934356121,203.606134514764,175.569934356121,175.569934356121,175.569934356121,203.353044969792,,8467.012611076821,12630.607288624287,8467.012611076821,12630.607288624287
359000,175.569934356121,175.569934356121,203.606134514764,175.569934356121,175.569934356121,175.569934356121,217.608954474072,,8467.012611076821,12630.607288624287,8467.012611076821,12630.607288624287
360000,175.569934356121,175.569934356121,203.606134514764,175.569934356121,175.569934356121,175.569934356121,232.564189030974,,8467.012611076821,12630.607288624287,8467.012611076821,12630.607288624287
361000,175.569934356121,175.569934356121,203.606134514764,175.569934356121,175.569934356121,175.569934356121,242.315964589790,,8467.012611076821,12630.607288624287,8467.012611076821,12630.607288624287
362000,175.569934356121,175.569934356121,203.606134514764,175.569934356121,175.569934356121,175.569934356121,226.935258599076,,8467.012611076821,12630.607288624287,8467.012611076821,12630.607288624287
363000,175.569934356121,175.569934356121,203.606134514764,175.569934356121,175.569934356121,175.569934356121,299.399189505640,,8467.012611076821,12630.607288624287,8467.012611076821,12630.607288624287
364000,175.569934356121,175.569934356121,203.606134514764,175.569934356121,175.569934356121,175.569934356121,310.222702816678,,8467.012611076821,12630.607288624287,8467.012611076821,12630.607288624287
365000,175.569934356121,175.569934356121,203.606134514764,175.569934356121,175.569934356121,175.569934356121,285.625241069070,,8467.012611076821,12630.607288624287,8467.012611076821,12630.607288624287
366000,175.569934356121,175.569934356121,203.606134514764,175.569934356121,175.569934356121,175.569934356121,291.511082382708,,8467.012611076821,12630.607288624287,8467.012611076821,12630.607288624287
367000,175.569934356121,175.569934356121,203.606134514764,175.569934356121,175.569934356121,175.569934356121,281.318635292477,,8467.012611076821,12630.607288624287,8467.012611076821,12630.607288624287
368000,175.569934356121,175.569934356121,203.606134514764,175.569934356121,175.569934356121,175.569934356121,293.212057742503,,8467.012611076821,12630.607288624287,8467.012611076821,12630.607288624287
369000,175.569934356121,175.569934356121,203.606134514764,175.569934356121,175.569934356121,175.569934356121,273.992497545394,,8467.012611076821,12630.607288624287,8467.012611076821,12630.607288624287
370000,175.569934356121,175.569934356121,203.606134514764,175.569934356121,175.569934356121,175.569934356121,230.492722107581,,8467.012611076821,12630.607288624287,8467.012611076821,12630.607288624287
371000,175.569934356121,175.569934356121,193.580620490326,175.569934356121,175.569934356121,175.569934356121,193.580620490326,,8467.012611076821,12630.607288624287,8467.012611076821,12630.607288624287
372000,175.569934356121,175.569934356121,196.526769167041,175.569934356121,175.569934356121,175.569934356121,193.580620490326,,8467.012611076821,12630.607288624287,8467.012611076821,12630.607288624287
373000,175.569934356121,175.569934356121,196.526769167041,175.569934356121,175.569934356121,175.569934356121,195.734512717997,,8467.012611076821,12630.607288624287,8467.012611076821,12630.607288624287
374000,175.569934356121,175.569934356121,196.526769167041,175.569934356121,175.569934356121,175.569934356121,193.580620490326,,8455.417814909499,12630.607288624287,8455.417814909499,12630.607288624287
375000,175.569934356121,175.569934356121,207.708880908468,175.569934356121,175.569934356121,175.569934356121,195.773476003889,,8455.417814909499,12630.607288624287,8455.417814909499,12630.607288624287
376000,175.569934356121,175.569934356121,196.526769167041,175.569934356121,175.569934356121,175.569934356121,188.257953363463,,8455.417814909499,12630.607288624287,8455.417814909499,12630.607288624287
377000,175.569934356121,175.569934356121,196.526769167041,175.569934356121,175.569934356121,175.569934356121,185.025248332446,,8455.417814909499,12630.607288624287,8455.417814909499,12630.607288624287
378000,175.569934356121,175.569934356121,196.526769167041,175.569934356121,175.569934356121,175.569934356121,185.025248332446,,8455.417814909499,12630.607288624287,8455.417814909499,12630.607288624287
379000,175.569934356121,175.569934356121,196.526769167041,175.569934356121,175.569934356121,175.569934356121,180.771731230519,,8455.417814909499,12630.607288624287,8455.417814909499,12630.607288624287
380000,175.569934356121,175.569934356121,196.526769167041,175.569934356121,175.569934356121,175.569934356121,180.771731230519,,8455.417814909499,12630.607288624287,8455.417814909499,12630.607288624287
381000,175.569934356121,175.569934356121,196.526769167041,175.569934356121,175.569934356121,175.569934356121,210.316068525858,,8455.417814909499,12630.607288624287,8455.417814909499,12630.607288624287
382000,175.569934356121,175.569934356121,196.526769167041,175.569934356121,175.569934356121,175.569934356121,230.590421818629,,8455.417814909499,12630.607288624287,8455.417814909499,12630.607288624287
383000,175.569934356121,175.569934356121,196.526769167041,175.569934356121,175.569934356121,175.569934356121,222.589479447744,,8455.417814909499,12630.607288624287,8455.417814909499,12630.607288624287
384000,175.569934356121,175.569934356121,196.526769167041,175.569934356121,175.569934356121,175.569934356121,204.308145011478,,8455.417814909499,12630.607288624287,8455.417814909499,12630.607288624287
385000,175.569934356121,175.569934356121,196.526769167041,175.569934356121,175.569934356121,175.569934356121,235.787313615661,,8455.417814909499,12630.607288624287,8455.417814909499,12630.607288624287
386000,175.569934356121,175.569934356121,196.526769167041,175.569934356121,175.569934356121,175.569934356121,223.580947292119,,8455.417814909499,12630.607288624287,8455.417814909499,12630.607288624287
387000,175.569934356121,175.569934356121,196.526769167041,175.569934356121,175.569934356121,175.569934356121,235.417247143492,,8455.417814909499,12630.607288624287,8455.417814909499,12630.607288624287
388000,175.569934356121,175.569934356121,196.526769167041,175.569934356121,175.569934356121,175.569934356121,261.652849704224,,8455.417814909499,12630.607288624287,8455.417814909499,12630.607288624287
389000,175.569934356121,175.569934356121,196.526769167041,175.569934356121,175.569934356121,175.569934356121,240.348687729306,,8455.417814909499,12630.607288624287,8455.417814909499,12630.607288624287
390000,175.569934356121,175.569934356121,196.526769167041,175.569934356121,175.569934356121,175.569934356121,245.713527289481,,8455.417814909499,12630.607288624287,8455.417814909499,12630.607288624287
391000,175.569934356121,175.569934356121,196.526769167041,175.569934356121,175.569934356121,175.569934356121,328.364760769615,,8455.417814909499,12630.607288624287,8455.417814909499,12630.607288624287
392000,175.569934356121,175.569934356121,196.526769167041,175.569934356121,175.569934356121,175.569934356121,307.740246914041,,8455.417814909499,12630.607288624287,8455.417814909499,12630.607288624287
393000,175.569934356121,175.569934356121,196.526769167041,175.569934356121,175.569934356121,175.569934356121,299.116558047173,,8455.417814909499,12630.607288624287,8455.417814909499,12630.607288624287
394000,175.569934356121,175.569934356121,196.526769167041,175.569934356121,175.569934356121,175.569934356121,266.622536238208,,8455.417814909499,12630.607288624287,8455.417814909499,12630.607288624287
395000,175.569934356121,175.569934356121,196.526769167041,175.569934356121,175.569934356121,175.569934356121,300.323004870006,,8455.417814909499,12630.607288624287,8455.417814909499,12630.607288624287
396000,175.569934356121,175.569934356121,196.526769167041,175.569934356121,175.569934356121,175.569934356121,257.966482174584,,8455.417814909499,12630.607288624287,8455.417814909499,12630.607288624287
397000,175.569934356121,175.569934356121,196.526769167041,175.569934356121,175.569934356121,175.569934356121,237.266484192073,,8455.417814909499,12630.607288624287,8455.417814909499,12630.607288624287
398000,175.569934356121,175.569934356121,196.526769167041,175.569934356121,175.569934356121,175.569934356121,294.619177021902,,8455.417814909499,12630.607288624287,8455.417814909499,12630.607288624287
399000,175.569934356121,175.569934356121,203.606134514764,175.569934356121,175.569934356121,175.569934356121,197.999856647038,,8453.591600619948,12630.607288624287,8453.591600619948,12630.607288624287
400000,175.569934356121,175.569934356121,199.302997478664,175.569934356121,175.569934356121,175.569934356121,195.773476003889,,8453.591600619948,12630.607288624287,8453.591600619948,12630.607288624287
401000,175.569934356121,175.569934356121,195.773476003889,175.569934356121,175.569934356121,175.569934356121,195.773476003889,,8453.591600619948,12630.607288624287,8453.591600619948,12630.607288624287
402000,175.569934356121,175.569934356121,193.580620490326,175.569934356121,175.569934356121,175.569934356121,193.580620490326,,8453.591600619948,12630.607288624287,8453.591600619948,12630.607288624287
403000,175.569934356121,175.569934356121,205.347128682335,175.569934356121,175.569934356121,175.569934356121,195.773476003889,,8453.591600619948,12630.607288624287,8453.591600619948,12630.607288624287
404000,175.569934356121,175.569934356121,195.773476003889,175.569934356121,175.569934356121,175.569934356121,193.580620490326,,8453.591600619948,12630.607288624287,8453.591600619948,12630.607288624287
405000,175.569934356121,175.569934356121,195.773476003889,175.569934356121,175.569934356121,175.569934356121,189.685965876469,,8453.591600619948,12630.607288624287,8453.591600619948,12630.607288624287
406000,175.569934356121,175.569934356121,195.773476003889,175.569934356121,175.569934356121,175.569934356121,197.896528170718,,8453.591600619948,12630.607288624287,8453.591600619948,12630.607288624287
407000,175.569934356121,175.569934356121,195.773476003889,175.569934356121,175.569934356121,175.569934356121,186.104500103651,,8453.591600619948,12630.607288624287,8453.591600619948,12630.607288624287
408000,175.569934356121,175.569934356121,195.773476003889,175.569934356121,175.569934356121,175.569934356121,193.762334130971,,8453.591600619948,12630.607288624287,8453.591600619948,12630.607288624287
409000,175.569934356121,175.569934356121,195.773476003889,175.569934356121,175.569934356121,175.569934356121,204.575148986554,,8453.591600619948,12630.607288624287,8453.591600619948,12630.607288624287
410000,175.569934356121,175.569934356121,195.773476003889,175.569934356121,175.569934356121,175.569934356121,287.023002073020,,8453.591600619948,12630.607288624287,8453.591600619948,12630.607288624287
411000,175.569934356121,175.569934356121,195.773476003889,175.569934356121,175.569934356121,175.569934356121,244.367163113328,,8453.591600619948,12630.607288624287,8453.591600619948,12630.607288624287
412000,175.569934356121,175.569934356121,195.773476003889,175.569934356121,175.569934356121,175.569934356121,223.431786229451,,8453.591600619948,12630.607288624287,8453.591600619948,12630.607288624287
413000,175.569934356121,175.569934356121,195.773476003889,175.569934356121,175.569934356121,175.569934356121,239.814139911180,,8453.591600619948,12630.607288624287,8453.591600619948,12630.607288624287
414000,175.569934356121,175.569934356121,195.773476003889,175.569934356121,175.569934356121,175.569934356121,260.524994555075,,8453.591600619948,12630.607288624287,8453.591600619948,12630.607288624287
415000,175.569934356121,175.569934356121,195.773476003889,175.569934356121,175.569934356121,175.569934356121,227.167754656348,,8453.591600619948,12630.607288624287,8453.591600619948,12630.607288624287
416000,175.569934356121,175.569934356121,195.773476003889,175.569934356121,175.569934356121,175.569934356121,219.051745046401,,8453.591600619948,12630.607288624287,8453.591600619948,12630.607288624287
417000,175.569934356121,175.569934356121,195.773476003889,175.569934356121,175.569934356121,175.569934356121,268.971647284083,,8453.591600619948,12630.607288624287,8453.591600619948,12630.607288624287
418000,175.569934356121,175.569934356121,195.773476003889,175.569934356121,175.569934356121,175.569934356121,229.485326595604,,8453.591600619948,12630.607288624287,8453.591600619948,12630.607288624287
419000,175.569934356121,175.569934356121,195.773476003889,175.569934356121,175.569934356121,175.569934356121,269.364105672144,,8453.591600619948,12630.607288624287,8453.591600619948,12630.607288624287
420000,175.569934356121,175.569934356121,195.773476003889,175.569934356121,175.569934356121,175.569934356121,285.470249401823,,8453.591600619948,12630.607288624287,8453.591600619948,12630.607288624287
421000,175.569934356121,175.569934356121,195.773476003889,175.569934356121,175.569934356121,175.569934356121,302.817012736325,,8453.591600619948,12630.607288624287,8453.591600619948,12630.607288624287
422000,175.569934356121,175.569934356121,195.773476003889,175.569934356121,175.569934356121,175.569934356121,265.123286096149,,8453.591600619948,12630.607288624287,8453.591600619948,12630.607288624287
423000,175.569934356121,175.569934356121,195.773476003889,175.569934356121,175.569934356121,175.569934356121,290.885402398575,,8453.591600619948,12630.607288624287,8453.591600619948,12630.607288624287
424000,175.569934356121,175.569934356121,195.773476003889,175.569934356121,175.569934356121,175.569934356121,285.589957996544,,8453.591600619948,12630.607288624287,8453.591600619948,12630.607288624287
425000,175.569934356121,175.569934356121,195.773476003889,175.569934356121,175.569934356121,175.569934356121,316.455944496266,,8453.591600619948,12630.607288624287,8453.591600619948,12630.607288624287
426000,175.569934356121,175.569934356121,195.773476003889,175.569934356121,175.569934356121,175.569934356121,277.400197740136,,8453.591600619948,12630.607288624287,8453.591600619948,12630.607288624287
427000,175.569934356121,175.569934356121,195.773476003889,175.569934356121,175.569934356121,175.569934356121,274.380335750886,,8453.591600619948,12630.607288624287,8453.591600619948,12630.607288624287
428000,175.569934356121,175.569934356121,199.292584396113,175.569934356121,175.569934356121,175.569934356121,195.773476003889,,8453.591600619948,12630.607288624287,8453.591600619948,12630.607288624287
429000,175.569934356121,175.569934356121,195.773476003889,175.569934356121,175.569934356121,175.569934356121,195.773476003889,,8453.591600619948,12630.607288624287,8453.591600619948,12630.607288624287
430000,175.569934356121,175.569934356121,210.087641555349,175.569934356121,175.569934356121,175.569934356121,195.773476003889,,8453.591600619948,12630.607288624287,8453.591600619948,12630.607288624287
431000,175.569934356121,175.569934356121,196.526769167041,175.569934356121,175.569934356121,175.569934356121,195.773476003889,,8453.591600619948,12630.607288624287,8453.591600619948,12630.607288624287
432000,175.569934356121,175.569934356121,195.773476003889,175.569934356121,175.569934356121,175.569934356121,195.773476003889,,8453.591600619948,12630.607288624287,8453.591600619948,12630.607288624287
433000,175.569934356121,175.569934356121,202.842016386224,175.569934356121,175.569934356121,175.569934356121,193.641913047366,,8453.591600619948,12630.607288624287,8453.591600619948,12630.607288624287
434000,175.569934356121,175.569934356121,202.842016386224,175.569934356121,175.569934356121,175.569934356121,190.522821544944,,8453.591600619948,12630.607288624287,8453.591600619948,12630.607288624287
435000,175.569934356121,175.569934356121,202.842016386224,175.569934356121,175.569934356121,175.569934356121,180.507357904789,,8453.591600619948,12630.607288624287,8453.591600619948,12630.607288624287
436000,175.569934356121,175.569934356121,202.842016386224,175.569934356121,175.569934356121,175.569934356121,198.026107594358,,8453.591600619948,12630.607288624287,8453.591600619948,12630.607288624287
437000,175.569934356121,175.569934356121,202.842016386224,175.569934356121,175.569934356121,175.569934356121,184.139266725050,,8453.591600619948,12630.607288624287,8453.591600619948,12630.607288624287
438000,175.569934356121,175.569934356121,202.842016386224,175.569934356121,175.569934356121,175.569934356121,189.693115476882,,8453.591600619948,12630.607288624287,8453.591600619948,12630.607288624287
439000,175.569934356121,175.569934356121,202.842016386224,175.569934356121,175.569934356121,175.569934356121,239.660338701167,,8453.591600619948,12630.607288624287,8453.591600619948,12630.607288624287
440000,175.569934356121,175.569934356121,202.842016386224,175.569934356121,175.569934356121,175.569934356121,255.412311060622,,8453.591600619948,12630.607288624287,8453.591600619948,12630.607288624287
441000,175.569934356121,175.569934356121,202.842016386224,175.569934356121,175.569934356121,175.569934356121,233.604319971894,,8453.591600619948,12630.607288624287,8453.591600619948,12630.607288624287
442000,175.569934356121,175.569934356121,202.842016386224,175.569934356121,175.569934356121,175.569934356121,231.129510765437,,8453.591600619948,12630.607288624287,8453.591600619948,12630.607288624287
443000,175.569934356121,175.569934356121,202.842016386224,175.569934356121,175.569934356121,175.569934356121,253.864435505879,,8453.591600619948,12630.607288624287,8453.591600619948,12630.607288624287
444000,175.569934356121,175.569934356121,202.842016386224,175.569934356121,175.569934356121,175.569934356121,225.413431568744,,8453.591600619948,12630.607288624287,8453.591600619948,12630.607288624287
445000,175.569934356121,175.569934356121,202.842016386224,175.569934356121,175.569934356121,175.569934356121,271.191885165861,,8453.591600619948,12630.607288624287,8453.591600619948,12630.607288624287
446000,175.569934356121,175.569934356121,202.842016386224,175.569934356121,175.569934356121,175.569934356121,242.217828223394,,8453.591600619948,12630.607288624287,8453.591600619948,12630.607288624287
447000,175.569934356121,175.569934356121,202.842016386224,175.569934356121,175.569934356121,175.569934356121,265.795247208082,,8453.591600619948,12630.607288624287,8453.591600619948,12630.607288624287
448000,175.569934356121,175.569934356121,202.842016386224,175.569934356121,175.569934356121,175.569934356121,272.672174271675,,8453.591600619948,12630.607288624287,8453.591600619948,12630.607288624287
449000,175.569934356121,175.569934356121,202.842016386224,175.569934356121,175.569934356121,175.569934356121,276.057574471858,,8453.591600619948,12630.607288624287,8453.591600619948,12630.607288624287
450000,175.569934356121,175.569934356121,202.842016386224,175.569934356121,175.569934356121,175.569934356121,275.000352354803,,8453.591600619948,12630.607288624287,8453.591600619948,12630.607288624287
451000,175.569934356121,175.569934356121,202.842016386224,175.569934356121,175.569934356121,175.569934356121,299.743634016959,,8453.591600619948,12630.607288624287,8453.591600619948,12630.607288624287
452000,175.569934356121,175.569934356121,202.842016386224,175.569934356121,175.569934356121,175.569934356121,294.598803936701,,8453.591600619948,12630.607288624287,8453.591600619948,12630.607288624287
453000,175.569934356121,175.569934356121,202.842016386224,175.569934356121,175.569934356121,175.569934356121,302.191189033087,,8453.591600619948,12630.607288624287,8453.591600619948,12630.607288624287
454000,175.569934356121,175.569934356121,202.842016386224,175.569934356121,175.569934356121,175.569934356121,290.292661483026,,8453.591600619948,12630.607288624287,8453.591600619948,12630.607288624287
455000,175.569934356121,175.569934356121,202.842016386224,175.569934356121,175.569934356121,175.569934356121,243.576822284546,,8453.591600619948,12630.607288624287,8453.591600619948,12630.607288624287
456000,175.569934356121,175.569934356121,198.977469301382,175.569934356121,175.569934356121,175.569934356121,198.977469301382,,8453.591600619948,12630.607288624287,8453.591600619948,12630.607288624287
457000,175.569934356121,175.569934356121,204.297677313206,175.569934356121,175.569934356121,175.569934356121,195.773476003889,,8453.591600619948,12630.607288624287,8453.591600619948,12630.607288624287
458000,175.569934356121,175.569934356121,204.682414967437,175.569934356121,175.569934356121,175.569934356121,195.773476003889,,8453.591600619948,12630.607288624287,8453.591600619948,12630.607288624287
459000,175.569934356121,175.569934356121,203.606134514764,175.569934356121,175.569934356121,175.569934356121,192.352341125619,,8453.591600619948,12630.607288624287,8453.591600619948,12630.607288624287
460000,175.569934356121,175.569934356121,217.041913802029,175.569934356121,175.569934356121,175.569934356121,194.911575538557,,8453.591600619948,12630.607288624287,8453.591600619948,12630.607288624287
461000,175.569934356121,175.569934356121,195.773476003889,175.569934356121,175.569934356121,175.569934356121,184.593606575814,,8453.591600619948,12630.607288624287,8453.591600619948,12630.607288624287
462000,175.569934356121,175.569934356121,195.773476003889,175.569934356121,175.569934356121,175.569934356121,183.230376370948,,8453.591600619948,12630.607288624287,8453.591600619948,12630.607288624287
463000,175.569934356121,175.569934356121,195.773476003889,175.569934356121,175.569934356121,175.569934356121,186.016987711964,,8453.591600619948,12630.607288624287,8453.591600619948,12630.607288624287
464000,175.569934356121,175.569934356121,195.773476003889,175.569934356121,175.569934356121,175.569934356121,175.678730115128,,8453.591600619948,12630.607288624287,8453.591600619948,12630.607288624287
465000,175.569934356121,175.569934356121,195.773476003889,175.569934356121,175.569934356121,175.569934356121,183.567224912891,,8453.591600619948,12630.607288624287,8453.591600619948,12630.607288624287
466000,175.569934356121,175.569934356121,195.773476003889,175.569934356121,175.569934356121,175.569934356121,200.072442912971,,8453.591600619948,12630.607288624287,8453.591600619948,12630.607288624287
467000,175.569934356121,175.569934356121,195.773476003889,175.569934356121,175.569934356121,175.569934356121,220.062888276932,,8453.591600619948,12630.607288624287,8453.591600619948,12630.607288624287
468000,175.569934356121,175.569934356121,195.773476003889,175.569934356121,175.569934356121,175.569934356121,292.033164265852,,8453.591600619948,12630.607288624287,8453.591600619948,12630.607288624287
469000,175.569934356121,175.569934356121,195.773476003889,175.569934356121,175.569934356121,175.569934356121,216.119530862192,,8453.591600619948,12630.607288624287,8453.591600619948,12630.607288624287
470000,175.569934356121,175.569934356121,195.773476003889,175.569934356121,175.569934356121,175.569934356121,212.621678071627,,8453.591600619948,12630.607288624287,8453.591600619948,12630.607288624287
471000,175.569934356121,175.569934356121,195.773476003889,175.569934356121,175.569934356121,175.569934356121,227.991851568032,,8453.591600619948,12630.607288624287,8453.591600619948,12630.607288624287
472000,175.569934356121,175.569934356121,195.773476003889,175.569934356121,175.569934356121,175.569934356121,302.171892565858,,8453.591600619948,12630.607288624287,8453.591600619948,12630.607288624287
473000,175.569934356121,175.569934356121,195.773476003889,175.569934356121,175.569934356121,175.569934356121,257.946418952099,,8453.591600619948,12630.607288624287,8453.591600619948,12630.607288624287
474000,175.569934356121,175.569934356121,195.773476003889,175.569934356121,175.569934356121,175.569934356121,211.415287816264,,8453.591600619948,12630.607288624287,8453.591600619948,12630.607288624287
475000,175.569934356121,175.569934356121,195.773476003889,175.569934356121,175.569934356121,175.569934356121,206.455262265966,,8453.591600619948,12630.607288624287,8453.591600619948,12630.607288624287
476000,175.569934356121,175.569934356121,195.773476003889,175.569934356121,175.569934356121,175.569934356121,305.521595195899,,8453.591600619948,12630.607288624287,8453.591600619948,12630.607288624287
477000,175.569934356121,175.569934356121,195.773476003889,175.569934356121,175.569934356121,175.569934356121,300.192712877765,,8453.591600619948,12630.607288624287,8453.591600619948,12630.607288624287
478000,175.569934356121,175.569934356121,195.773476003889,175.569934356121,175.569934356121,175.569934356121,306.033706763919,,8453.591600619948,12630.607288624287,8453.591600619948,12630.607288624287
479000,175.569934356121,175.569934356121,195.773476003889,175.569934356121,175.569934356121,175.569934356121,280.288309425484,,8453.591600619948,12630.607288624287,8453.591600619948,12630.607288624287
480000,175.569934356121,175.569934356121,195.773476003889,175.569934356121,175.569934356121,175.569934356121,270.067539851153,,8453.591600619948,12630.607288624287,8453.591600619948,12630.607288624287
481000,175.569934356121,175.569934356121,195.773476003889,175.569934356121,175.569934356121,175.569934356121,269.020841477026,,8453.591600619948,12630.607288624287,8453.591600619948,12630.607288624287
482000,175.569934356121,175.569934356121,195.773476003889,175.569934356121,175.569934356121,175.569934356121,342.654922398502,,8453.591600619948,12630.607288624287,8453.591600619948,12630.607288624287
483000,175.569934356121,175.569934356121,195.773476003889,175.569934356121,175.569934356121,175.569934356121,252.416394956845,,8453.591600619948,12630.607288624287,8453.591600619948,12630.607288624287
484000,175.569934356121,175.569934356121,195.773476003889,175.569934356121,175.569934356121,175.569934356121,228.091461714636,,8453.591600619948,12630.607288624287,8453.591600619948,12630.607288624287
485000,175.569934356121,175.569934356121,196.526769167041,175.569934356121,175.569934356121,175.569934356121,195.773476003889,,8453.591600619948,12630.607288624287,8453.591600619948,12630.607288624287
486000,175.569934356121,175.569934356121,196.526769167041,175.569934356121,175.569934356121,175.569934356121,195.773476003889,,8453.591600619948,12630.607288624287,8453.591600619948,12630.607288624287
487000,175.569934356121,175.569934356121,200.782476290694,175.569934356121,175.569934356121,175.569934356121,196.526769167041,,8453.591600619948,12630.607288624287,8453.591600619948,12630.607288624287
488000,175.569934356121,175.569934356121,200.075557691292,175.569934356121,175.569934356121,175.569934356121,195.773476003889,,8453.591600619948,12630.607288624287,8453.591600619948,12630.607288624287
489000,175.569934356121,175.569934356121,204.562598715308,175.569934356121,175.569934356121,175.569934356121,191.262764894486,,8453.591600619948,12630.607288624287,8453.591600619948,12630.607288624287
490000,175.569934356121,175.569934356121,238.230877873922,175.569934356121,175.569934356121,175.569934356121,206.210115153321,,8453.591600619948,12630.607288624287,8453.591600619948,12630.607288624287
491000,175.569934356121,175.569934356121,238.230877873922,175.569934356121,175.569934356121,175.569934356121,197.733169018137,,8453.591600619948,12630.607288624287,8453.591600619948,12630.607288624287
492000,175.569934356121,175.569934356121,238.230877873922,175.569934356121,175.569934356121,175.569934356121,193.191425005030,,8453.591600619948,12630.607288624287,8453.591600619948,12630.607288624287
493000,175.569934356121,175.569934356121,238.230877873922,175.569934356121,175.569934356121,175.569934356121,204.306954388398,,8453.591600619948,12630.607288624287,8453.591600619948,12630.607288624287
494000,175.569934356121,175.569934356121,238.230877873922,175.569934356121,175.569934356121,175.569934356121,207.034535601568,,8453.591600619948,12630.607288624287,8453.591600619948,12630.607288624287
495000,175.569934356121,175.569934356121,238.230877873922,175.569934356121,175.569934356121,175.569934356121,226.727113837906,,8453.591600619948,12630.607288624287,8453.591600619948,12630.607288624287
496000,175.569934356121,175.569934356121,238.230877873922,175.569934356121,175.569934356121,175.569934356121,274.897137696448,,8453.591600619948,12630.607288624287,8453.591600619948,12630.607288624287
497000,175.569934356121,175.569934356121,238.230877873922,175.569934356121,175.569934356121,175.569934356121,242.310580365091,,8453.591600619948,12630.607288624287,8453.591600619948,12630.607288624287
498000,175.569934356121,175.569934356121,238.230877873922,175.569934356121,175.569934356121,175.569934356121,239.758039769029,,8453.591600619948,12630.607288624287,8453.591600619948,12630.607288624287
499000,175.569934356121,175.569934356121,238.230877873922,175.569934356121,175.569934356121,175.569934356121,239.291019873925,,8453.591600619948,12630.607288624287,8453.591600619948,12630.607288624287
500000,175.569934356121,175.569934356121,238.230877873922,175.569934356121,175.569934356121,175.569934356121,241.735696194595,,8453.591600619948,12630.607288624287,8453.591600619948,12630.607288624287
