fe,bestCmaxGlobal,bestCmaxG1,currentBestCmaxG1,bestCmaxGenerated,bestCmaxGeneratedG1,bestCmaxSurvived,windowBestGenerated,windowBestSurvived,bestTECGlobal,bestTWCGlobal,bestTECGenerated,bestTWCGenerated
1000,219.106281350317,219.106281350317,260.348613812012,219.106281350317,234.972956189409,,219.106281350317,,10524.732082534307,14147.903603753053,10524.732082534307,14147.903603753053
2000,219.106281350317,219.106281350317,233.502052955201,215.486429746716,215.486429746716,,215.486429746716,,10363.474627976644,13344.927509546606,10109.098588773146,13246.506253951113
3000,215.486429746716,215.486429746716,232.796363920734,215.486429746716,215.486429746716,,222.811223244697,,9719.036045850286,13145.544619641274,9719.036045850286,13145.544619641274
4000,214.599145567274,214.599145567274,220.833810570308,214.599145567274,215.486429746716,,214.599145567274,,9621.289828861538,13145.544619641274,9458.740423739418,13145.544619641274
5000,211.774646097280,211.774646097280,230.063716755398,211.774646097280,211.774646097280,,211.774646097280,,9453.132091248173,13036.512414618339,9453.132091248173,13036.512414618339
6000,211.774646097280,211.774646097280,230.572483494197,202.546096863392,202.546096863392,,202.546096863392,,9453.132091248173,13036.512414618339,9453.132091248173,13036.512414618339
7000,211.774646097280,211.774646097280,230.572483494197,202.546096863392,202.546096863392,,213.859574846903,,9453.132091248173,13036.512414618339,9453.132091248173,13036.512414618339
8000,211.774646097280,211.774646097280,230.572483494197,202.546096863392,202.546096863392,,212.651832433038,,9453.132091248173,13036.512414618339,9453.132091248173,13036.512414618339
9000,211.774646097280,211.774646097280,230.572483494197,202.546096863392,202.546096863392,,214.925436118190,,9453.132091248173,13036.512414618339,9453.132091248173,13036.512414618339
10000,211.774646097280,211.774646097280,230.572483494197,202.546096863392,202.546096863392,,222.430147521845,,9453.132091248173,13036.512414618339,9453.132091248173,13036.512414618339
11000,211.774646097280,211.774646097280,230.572483494197,202.546096863392,202.546096863392,,215.903796864341,,9453.132091248173,13036.512414618339,9453.132091248173,13036.512414618339
12000,211.774646097280,211.774646097280,230.572483494197,202.546096863392,202.546096863392,,233.568625175757,,9453.132091248173,13036.512414618339,9320.897355850653,13036.512414618339
13000,211.774646097280,211.774646097280,230.572483494197,202.546096863392,202.546096863392,,216.409394965376,,9453.132091248173,13036.512414618339,9067.360429002973,13036.512414618339
14000,211.774646097280,211.774646097280,230.572483494197,202.546096863392,202.546096863392,,217.414724648640,,9453.132091248173,13036.512414618339,9067.360429002973,13036.512414618339
15000,211.774646097280,211.774646097280,230.572483494197,202.546096863392,202.546096863392,,238.043237694424,,9453.132091248173,13036.512414618339,9067.360429002973,13036.512414618339
16000,211.774646097280,211.774646097280,230.572483494197,202.546096863392,202.546096863392,,232.707216253320,,9453.132091248173,13036.512414618339,9067.360429002973,13036.512414618339
17000,211.774646097280,211.774646097280,230.572483494197,202.546096863392,202.546096863392,,236.205151542424,,9453.132091248173,13036.512414618339,9048.416389778948,13036.512414618339
18000,211.774646097280,211.774646097280,230.572483494197,202.546096863392,202.546096863392,,238.944997280882,,9453.132091248173,13036.512414618339,9048.416389778948,13036.512414618339
19000,211.774646097280,211.774646097280,230.572483494197,202.546096863392,202.546096863392,,244.090627636778,,9453.132091248173,13036.512414618339,9048.416389778948,13036.512414618339
20000,211.774646097280,211.774646097280,230.572483494197,202.546096863392,202.546096863392,,247.448318430267,,9453.132091248173,13036.512414618339,9022.446790319890,13036.512414618339
21000,211.774646097280,211.774646097280,230.572483494197,202.546096863392,202.546096863392,,240.352196801387,,9453.132091248173,13036.512414618339,9022.446790319890,13036.512414618339
22000,211.774646097280,211.774646097280,230.572483494197,202.546096863392,202.546096863392,,225.252679896031,,9453.132091248173,13036.512414618339,8939.350173344803,13036.512414618339
23000,211.774646097280,211.774646097280,230.572483494197,202.546096863392,202.546096863392,,250.154081961142,,9453.132091248173,13036.512414618339,8939.350173344803,13036.512414618339
24000,211.774646097280,211.774646097280,230.572483494197,202.546096863392,202.546096863392,,248.354878884150,,9453.132091248173,13036.512414618339,8939.350173344803,12786.950603282425
25000,211.774646097280,211.774646097280,230.572483494197,202.546096863392,202.546096863392,,306.569834046883,,9453.132091248173,13036.512414618339,8939.350173344803,12786.950603282425
26000,211.774646097280,211.774646097280,230.572483494197,202.546096863392,202.546096863392,,287.353157404662,,9453.132091248173,13036.512414618339,8939.350173344803,12786.950603282425
27000,211.774646097280,211.774646097280,230.572483494197,202.546096863392,202.546096863392,,342.750369932835,,9453.132091248173,13036.512414618339,8939.350173344803,12786.950603282425
28000,211.774646097280,211.774646097280,230.572483494197,202.546096863392,202.546096863392,,282.975096325770,,9453.132091248173,13036.512414618339,8939.350173344803,12786.950603282425
29000,202.546096863392,202.546096863392,238.437226944185,202.546096863392,202.546096863392,202.546096863392,230.333955390426,202.546096863392,8939.350173344803,12786.950603282425,8939.350173344803,12786.950603282425
30000,202.546096863392,202.546096863392,230.955414927579,202.546096863392,202.546096863392,202.546096863392,210.257263350011,,8939.350173344803,12786.950603282425,8939.350173344803,12786.950603282425
31000,202.546096863392,202.546096863392,218.979213848995,202.546096863392,202.546096863392,202.546096863392,210.674463921544,,8939.350173344803,12786.950603282425,8939.350173344803,12786.950603282425
32000,202.546096863392,202.546096863392,216.282854088982,202.546096863392,202.546096863392,202.546096863392,209.947436445991,,8939.350173344803,12786.950603282425,8939.350173344803,12786.950603282425
33000,202.546096863392,202.546096863392,218.565929058320,202.546096863392,202.546096863392,202.546096863392,209.947436445991,,8939.350173344803,12786.950603282425,8939.350173344803,12786.950603282425
34000,202.546096863392,202.546096863392,218.106065348374,202.546096863392,202.546096863392,202.546096863392,212.131250146388,,8939.350173344803,12786.950603282425,8939.350173344803,12786.950603282425
35000,202.546096863392,202.546096863392,218.106065348374,202.546096863392,202.546096863392,202.546096863392,211.375023076156,,8939.350173344803,12786.950603282425,8939.350173344803,12786.950603282425
36000,202.546096863392,202.546096863392,218.106065348374,202.546096863392,202.546096863392,202.546096863392,210.637114030956,,8939.350173344803,12786.950603282425,8939.350173344803,12786.950603282425
37000,202.546096863392,202.546096863392,218.106065348374,202.546096863392,202.546096863392,202.546096863392,203.636213185936,,8939.350173344803,12786.950603282425,8939.350173344803,12786.950603282425
38000,202.546096863392,202.546096863392,218.106065348374,202.546096863392,202.546096863392,202.546096863392,206.244771586475,,8939.350173344803,12786.950603282425,8939.350173344803,12786.950603282425
39000,202.546096863392,202.546096863392,218.106065348374,202.546096863392,202.546096863392,202.546096863392,217.848958065537,,8939.350173344803,12786.950603282425,8939.350173344803,12786.950603282425
40000,202.546096863392,202.546096863392,218.106065348374,202.546096863392,202.546096863392,202.546096863392,225.315394494935,,8939.350173344803,12786.950603282425,8939.350173344803,12786.950603282425
41000,202.546096863392,202.546096863392,218.106065348374,202.546096863392,202.546096863392,202.546096863392,232.641220372189,,8939.350173344803,12786.950603282425,8939.350173344803,12786.950603282425
42000,202.546096863392,202.546096863392,218.106065348374,202.546096863392,202.546096863392,202.546096863392,231.088999339661,,8939.350173344803,12786.950603282425,8939.350173344803,12786.950603282425
43000,202.546096863392,202.546096863392,218.106065348374,202.546096863392,202.546096863392,202.546096863392,231.211406643392,,8939.350173344803,12786.950603282425,8939.350173344803,12786.950603282425
44000,202.546096863392,202.546096863392,218.106065348374,202.546096863392,202.546096863392,202.546096863392,224.085849480042,,8939.350173344803,12786.950603282425,8939.350173344803,12786.950603282425
45000,202.546096863392,202.546096863392,218.106065348374,202.546096863392,202.546096863392,202.546096863392,218.560085096449,,8939.350173344803,12786.950603282425,8939.350173344803,12786.950603282425
46000,202.546096863392,202.546096863392,218.106065348374,202.546096863392,202.546096863392,202.546096863392,244.389142724419,,8939.350173344803,12786.950603282425,8939.350173344803,12786.950603282425
47000,202.546096863392,202.546096863392,218.106065348374,202.546096863392,202.546096863392,202.546096863392,213.561690805996,,8939.350173344803,12786.950603282425,8939.350173344803,12786.950603282425
48000,202.546096863392,202.546096863392,218.106065348374,202.546096863392,202.546096863392,202.546096863392,226.542928074388,,8939.350173344803,12786.950603282425,8939.350173344803,12786.950603282425
49000,202.546096863392,202.546096863392,218.106065348374,202.546096863392,202.546096863392,202.546096863392,241.039738016217,,8939.350173344803,12786.950603282425,8939.350173344803,12786.950603282425
50000,202.546096863392,202.546096863392,218.106065348374,202.546096863392,202.546096863392,202.546096863392,243.495057831101,,8939.350173344803,12786.950603282425,8939.350173344803,12786.950603282425
51000,202.546096863392,202.546096863392,218.106065348374,202.546096863392,202.546096863392,202.546096863392,218.979213848995,,8939.350173344803,12786.950603282425,8939.350173344803,12786.950603282425
52000,202.546096863392,202.546096863392,218.106065348374,202.546096863392,202.546096863392,202.546096863392,245.695862534304,,8939.350173344803,12786.950603282425,8814.559366326379,12786.950603282425
53000,202.546096863392,202.546096863392,218.106065348374,202.546096863392,202.546096863392,202.546096863392,287.915365543114,,8939.350173344803,12786.950603282425,8814.559366326379,12786.950603282425
54000,202.546096863392,202.546096863392,218.106065348374,202.546096863392,202.546096863392,202.546096863392,245.432730206038,,8939.350173344803,12786.950603282425,8814.559366326379,12786.950603282425
55000,202.546096863392,202.546096863392,218.106065348374,202.546096863392,202.546096863392,202.546096863392,297.085268546104,,8939.350173344803,12786.950603282425,8814.559366326379,12766.803219769023
56000,202.546096863392,202.546096863392,218.106065348374,202.546096863392,202.546096863392,202.546096863392,326.556557169309,,8939.350173344803,12786.950603282425,8814.559366326379,12766.803219769023
57000,202.546096863392,202.546096863392,218.106065348374,202.546096863392,202.546096863392,202.546096863392,294.445776967914,,8939.350173344803,12786.950603282425,8814.559366326379,12766.803219769023
58000,202.546096863392,202.546096863392,221.426304427194,202.546096863392,202.546096863392,202.546096863392,210.575978550993,202.546096863392,8814.559366326379,12766.803219769023,8814.559366326379,12766.803219769023
59000,202.546096863392,202.546096863392,219.469014941444,202.546096863392,202.546096863392,202.546096863392,203.261520851116,,8814.559366326379,12682.083491517005,8814.559366326379,12682.083491517005
60000,202.546096863392,202.546096863392,212.221395749831,202.546096863392,202.546096863392,202.546096863392,212.149097329762,,8814.559366326379,12661.130128956030,8814.559366326379,12661.130128956030
61000,202.546096863392,202.546096863392,221.426304427194,202.546096863392,202.546096863392,202.546096863392,203.205883086291,,8814.559366326379,12661.130128956030,8814.559366326379,12661.130128956030
62000,202.546096863392,202.546096863392,224.171256960302,202.546096863392,202.546096863392,202.546096863392,204.643896211979,,8814.559366326379,12661.130128956030,8814.559366326379,12661.130128956030
63000,202.546096863392,202.546096863392,207.355706804561,202.546096863392,202.546096863392,202.546096863392,202.587254890366,,8814.559366326379,12661.130128956030,8814.559366326379,12661.130128956030
64000,202.546096863392,202.546096863392,207.355706804561,202.546096863392,202.546096863392,202.546096863392,206.278731151259,,8814.559366326379,12661.130128956030,8814.559366326379,12661.130128956030
65000,202.546096863392,202.546096863392,207.355706804561,202.546096863392,202.546096863392,202.546096863392,215.639127256898,,8814.559366326379,12661.130128956030,8814.559366326379,12661.130128956030
66000,202.546096863392,202.546096863392,207.355706804561,196.883976715439,196.883976715439,202.546096863392,196.883976715439,,8814.559366326379,12661.130128956030,8814.559366326379,12661.130128956030
67000,202.546096863392,202.546096863392,207.355706804561,196.883976715439,196.883976715439,202.546096863392,206.083446497023,,8814.559366326379,12661.130128956030,8814.559366326379,12661.130128956030
68000,202.546096863392,202.546096863392,207.355706804561,195.727469710126,195.727469710126,202.546096863392,195.727469710126,,8814.559366326379,12661.130128956030,8814.559366326379,12661.130128956030
69000,202.546096863392,202.546096863392,207.355706804561,195.727469710126,195.727469710126,202.546096863392,223.509085354581,,8814.559366326379,12661.130128956030,8814.559366326379,12661.130128956030
70000,202.546096863392,202.546096863392,207.355706804561,195.727469710126,195.727469710126,202.546096863392,218.272198911188,,8814.559366326379,12661.130128956030,8814.559366326379,12661.130128956030
71000,202.546096863392,202.546096863392,207.355706804561,195.727469710126,195.727469710126,202.546096863392,261.105539799956,,8814.559366326379,12661.130128956030,8814.559366326379,12661.130128956030
72000,202.546096863392,202.546096863392,207.355706804561,195.727469710126,195.727469710126,202.546096863392,217.288478566443,,8814.559366326379,12661.130128956030,8814.559366326379,12661.130128956030
73000,202.546096863392,202.546096863392,207.355706804561,195.727469710126,195.727469710126,202.546096863392,233.255348096306,,8814.559366326379,12661.130128956030,8814.559366326379,12661.130128956030
74000,202.546096863392,202.546096863392,207.355706804561,195.727469710126,195.727469710126,202.546096863392,215.628883463030,,8814.559366326379,12661.130128956030,8814.559366326379,12661.130128956030
75000,202.546096863392,202.546096863392,207.355706804561,195.727469710126,195.727469710126,202.546096863392,230.268024594756,,8814.559366326379,12661.130128956030,8814.559366326379,12661.130128956030
76000,202.546096863392,202.546096863392,207.355706804561,195.727469710126,195.727469710126,202.546096863392,237.544376385337,,8814.559366326379,12661.130128956030,8814.559366326379,12661.130128956030
77000,202.546096863392,202.546096863392,207.355706804561,195.727469710126,195.727469710126,202.546096863392,229.365276917536,,8814.559366326379,12661.130128956030,8814.559366326379,12661.130128956030
78000,202.546096863392,202.546096863392,207.355706804561,195.727469710126,195.727469710126,202.546096863392,230.704110220528,,8814.559366326379,12661.130128956030,8814.559366326379,12661.130128956030
79000,202.546096863392,202.546096863392,207.355706804561,195.727469710126,195.727469710126,202.546096863392,223.970377888804,,8814.559366326379,12661.130128956030,8814.559366326379,12661.130128956030
80000,202.546096863392,202.546096863392,207.355706804561,195.727469710126,195.727469710126,202.546096863392,227.377747617888,,8814.559366326379,12661.130128956030,8814.559366326379,12661.130128956030
81000,202.546096863392,202.546096863392,207.355706804561,195.727469710126,195.727469710126,202.546096863392,230.110854755738,,8814.559366326379,12661.130128956030,8814.559366326379,12602.633215571774
82000,202.546096863392,202.546096863392,207.355706804561,195.727469710126,195.727469710126,202.546096863392,284.739149523128,,8814.559366326379,12661.130128956030,8814.559366326379,12572.312377155904
83000,202.546096863392,202.546096863392,207.355706804561,195.727469710126,195.727469710126,202.546096863392,286.748709745232,,8814.559366326379,12661.130128956030,8814.559366326379,12572.312377155904
84000,202.546096863392,202.546096863392,207.355706804561,195.727469710126,195.727469710126,202.546096863392,277.164024150070,,8814.559366326379,12661.130128956030,8814.559366326379,12572.312377155904
85000,202.546096863392,202.546096863392,207.355706804561,195.727469710126,195.727469710126,202.546096863392,309.215274419597,,8814.559366326379,12661.130128956030,8814.559366326379,12572.312377155904
86000,202.546096863392,202.546096863392,207.355706804561,195.727469710126,195.727469710126,202.546096863392,284.680009253138,,8814.559366326379,12661.130128956030,8814.559366326379,12572.312377155904
87000,195.727469710126,195.727469710126,214.274920195350,195.727469710126,195.727469710126,195.727469710126,206.177415717958,195.727469710126,8814.559366326379,12572.312377155904,8814.559366326379,12572.312377155904
88000,195.727469710126,195.727469710126,210.575978550993,195.727469710126,195.727469710126,195.727469710126,200.306322822472,,8814.559366326379,12572.312377155904,8814.559366326379,12572.312377155904
89000,195.727469710126,195.727469710126,210.575978550993,195.727469710126,195.727469710126,195.727469710126,200.570787843661,,8814.559366326379,12572.312377155904,8814.559366326379,12572.312377155904
90000,195.727469710126,195.727469710126,206.383726051782,195.727469710126,195.727469710126,195.727469710126,198.214998557057,,8814.559366326379,12572.312377155904,8814.559366326379,12572.312377155904
91000,195.727469710126,195.727469710126,218.305003867633,195.727469710126,195.727469710126,195.727469710126,207.774354588609,,8814.559366326379,12572.312377155904,8814.559366326379,12572.312377155904
92000,195.727469710126,195.727469710126,208.253626861436,195.727469710126,195.727469710126,195.727469710126,207.196352692263,,8814.559366326379,12572.312377155904,8814.559366326379,12572.312377155904
93000,195.727469710126,195.727469710126,208.253626861436,190.943708864387,190.943708864387,195.727469710126,190.943708864387,,8814.559366326379,12572.312377155904,8814.559366326379,12572.312377155904
94000,195.727469710126,195.727469710126,208.253626861436,190.943708864387,190.943708864387,195.727469710126,202.280007163832,,8814.559366326379,12572.312377155904,8814.559366326379,12572.312377155904
95000,195.727469710126,195.727469710126,208.253626861436,190.943708864387,190.943708864387,195.727469710126,201.204645221025,,8814.559366326379,12572.312377155904,8814.559366326379,12572.312377155904
96000,195.727469710126,195.727469710126,208.253626861436,190.943708864387,190.943708864387,195.727469710126,199.439251307866,,8814.559366326379,12572.312377155904,8814.559366326379,12572.312377155904
97000,195.727469710126,195.727469710126,208.253626861436,190.943708864387,190.943708864387,195.727469710126,231.329343416458,,8814.559366326379,12572.312377155904,8814.559366326379,12572.312377155904
98000,195.727469710126,195.727469710126,208.253626861436,190.943708864387,190.943708864387,195.727469710126,280.437031091838,,8814.559366326379,12572.312377155904,8814.559366326379,12572.312377155904
99000,195.727469710126,195.727469710126,208.253626861436,190.943708864387,190.943708864387,195.727469710126,308.217015648189,,8814.559366326379,12572.312377155904,8814.559366326379,12572.312377155904
100000,195.727469710126,195.727469710126,208.253626861436,190.943708864387,190.943708864387,195.727469710126,251.960204695757,,8814.559366326379,12572.312377155904,8814.559366326379,12572.312377155904
101000,195.727469710126,195.727469710126,208.253626861436,190.943708864387,190.943708864387,195.727469710126,285.101867692063,,8814.559366326379,12572.312377155904,8814.559366326379,12572.312377155904
102000,195.727469710126,195.727469710126,208.253626861436,190.943708864387,190.943708864387,195.727469710126,243.484742018486,,8814.559366326379,12572.312377155904,8814.559366326379,12572.312377155904
103000,195.727469710126,195.727469710126,208.253626861436,190.943708864387,190.943708864387,195.727469710126,306.219519434942,,8814.559366326379,12572.312377155904,8814.559366326379,12572.312377155904
104000,195.727469710126,195.727469710126,208.253626861436,190.943708864387,190.943708864387,195.727469710126,253.181242424534,,8814.559366326379,12572.312377155904,8814.559366326379,12572.312377155904
105000,195.727469710126,195.727469710126,208.253626861436,190.943708864387,190.943708864387,195.727469710126,245.876223663424,,8814.559366326379,12572.312377155904,8814.559366326379,12572.312377155904
106000,195.727469710126,195.727469710126,208.253626861436,190.943708864387,190.943708864387,195.727469710126,253.292697315202,,8814.559366326379,12572.312377155904,8814.559366326379,12572.312377155904
107000,195.727469710126,195.727469710126,208.253626861436,190.943708864387,190.943708864387,195.727469710126,234.672841289845,,8814.559366326379,12572.312377155904,8814.559366326379,12572.312377155904
108000,195.727469710126,195.727469710126,208.253626861436,190.943708864387,190.943708864387,195.727469710126,234.672841289845,,8814.559366326379,12572.312377155904,8814.559366326379,12572.312377155904
109000,195.727469710126,195.727469710126,208.253626861436,190.943708864387,190.943708864387,195.727469710126,245.061317632513,,8814.559366326379,12572.312377155904,8814.559366326379,12572.312377155904
110000,195.727469710126,195.727469710126,208.253626861436,190.943708864387,190.943708864387,195.727469710126,258.741226682483,,8814.559366326379,12572.312377155904,8814.559366326379,12572.312377155904
111000,195.727469710126,195.727469710126,208.253626861436,190.943708864387,190.943708864387,195.727469710126,293.488519014034,,8814.559366326379,12572.312377155904,8814.559366326379,12572.312377155904
112000,195.727469710126,195.727469710126,208.253626861436,190.943708864387,190.943708864387,195.727469710126,278.516707695209,,8814.559366326379,12572.312377155904,8814.559366326379,12572.312377155904
113000,195.727469710126,195.727469710126,208.253626861436,190.943708864387,190.943708864387,195.727469710126,313.632374021885,,8814.559366326379,12572.312377155904,8814.559366326379,12572.312377155904
114000,195.727469710126,195.727469710126,208.253626861436,190.943708864387,190.943708864387,195.727469710126,282.803337846280,,8814.559366326379,12572.312377155904,8814.559366326379,12572.312377155904
115000,195.727469710126,195.727469710126,208.253626861436,190.943708864387,190.943708864387,195.727469710126,304.872209654381,,8814.559366326379,12572.312377155904,8814.559366326379,12572.312377155904
116000,190.943708864387,190.943708864387,212.719368563444,190.943708864387,190.943708864387,190.943708864387,208.253626861436,190.943708864387,8814.559366326379,12572.312377155904,8814.559366326379,12572.312377155904
117000,190.943708864387,190.943708864387,211.931918320537,190.943708864387,190.943708864387,190.943708864387,203.069789803337,,8814.559366326379,12572.312377155904,8814.559366326379,12572.312377155904
118000,190.943708864387,190.943708864387,206.348262053637,190.943708864387,190.943708864387,190.943708864387,199.685056673071,,8814.559366326379,12572.312377155904,8814.559366326379,12572.312377155904
119000,190.943708864387,190.943708864387,209.853976531422,190.943708864387,190.943708864387,190.943708864387,209.853976531422,,8814.559366326379,12572.312377155904,8814.559366326379,12572.312377155904
120000,190.943708864387,190.943708864387,228.202263435091,190.943708864387,190.943708864387,190.943708864387,199.585174917170,,8814.559366326379,12572.312377155904,8814.559366326379,12572.312377155904
121000,190.943708864387,190.943708864387,238.802932458104,190.943708864387,190.943708864387,190.943708864387,207.776955446062,,8814.559366326379,12572.312377155904,8814.559366326379,12572.312377155904
122000,190.943708864387,190.943708864387,238.802932458104,190.943708864387,190.943708864387,190.943708864387,212.598695341068,,8814.559366326379,12572.312377155904,8814.559366326379,12572.312377155904
123000,190.943708864387,190.943708864387,238.802932458104,190.943708864387,190.943708864387,190.943708864387,224.388929199782,,8814.559366326379,12572.312377155904,8814.559366326379,12572.312377155904
124000,190.943708864387,190.943708864387,238.802932458104,190.943708864387,190.943708864387,190.943708864387,206.649580544350,,8814.559366326379,12572.312377155904,8814.559366326379,12572.312377155904
125000,190.943708864387,190.943708864387,238.802932458104,190.943708864387,190.943708864387,190.943708864387,221.575257779908,,8814.559366326379,12572.312377155904,8814.559366326379,12572.312377155904
126000,190.943708864387,190.943708864387,238.802932458104,190.943708864387,190.943708864387,190.943708864387,201.447892795416,,8814.559366326379,12572.312377155904,8814.559366326379,12572.312377155904
127000,190.943708864387,190.943708864387,238.802932458104,190.943708864387,190.943708864387,190.943708864387,228.985586626529,,8814.559366326379,12572.312377155904,8814.559366326379,12572.312377155904
128000,190.943708864387,190.943708864387,238.802932458104,190.943708864387,190.943708864387,190.943708864387,236.703689701802,,8814.559366326379,12572.312377155904,8814.559366326379,12572.312377155904
129000,190.943708864387,190.943708864387,238.802932458104,190.943708864387,190.943708864387,190.943708864387,238.305387872427,,8814.559366326379,12572.312377155904,8814.559366326379,12572.312377155904
130000,190.943708864387,190.943708864387,238.802932458104,190.943708864387,190.943708864387,190.943708864387,221.349344894584,,8814.559366326379,12572.312377155904,8814.559366326379,12572.312377155904
131000,190.943708864387,190.943708864387,238.802932458104,190.943708864387,190.943708864387,190.943708864387,230.511895398555,,8814.559366326379,12572.312377155904,8814.559366326379,12572.312377155904
132000,190.943708864387,190.943708864387,238.802932458104,190.943708864387,190.943708864387,190.943708864387,235.361094824009,,8814.559366326379,12572.312377155904,8814.559366326379,12572.312377155904
133000,190.943708864387,190.943708864387,238.802932458104,190.943708864387,190.943708864387,190.943708864387,219.471699644598,,8814.559366326379,12572.312377155904,8814.559366326379,12572.312377155904
134000,190.943708864387,190.943708864387,238.802932458104,190.943708864387,190.943708864387,190.943708864387,232.824921275234,,8814.559366326379,12572.312377155904,8814.559366326379,12572.312377155904
135000,190.943708864387,190.943708864387,238.802932458104,190.943708864387,190.943708864387,190.943708864387,246.851956565834,,8814.559366326379,12572.312377155904,8762.853172728740,12572.312377155904
136000,190.943708864387,190.943708864387,238.802932458104,190.943708864387,190.943708864387,190.943708864387,228.163644357736,,8814.559366326379,12572.312377155904,8762.853172728740,12572.312377155904
137000,190.943708864387,190.943708864387,238.802932458104,190.943708864387,190.943708864387,190.943708864387,251.170215375691,,8814.559366326379,12572.312377155904,8762.853172728740,12572.312377155904
138000,190.943708864387,190.943708864387,238.802932458104,190.943708864387,190.943708864387,190.943708864387,233.719915641783,,8814.559366326379,12572.312377155904,8762.853172728740,12572.312377155904
139000,190.943708864387,190.943708864387,238.802932458104,190.943708864387,190.943708864387,190.943708864387,231.689581700670,,8814.559366326379,12572.312377155904,8762.853172728740,12572.312377155904
140000,190.943708864387,190.943708864387,238.802932458104,190.943708864387,190.943708864387,190.943708864387,321.250457786114,,8814.559366326379,12572.312377155904,8762.853172728740,12572.312377155904
141000,190.943708864387,190.943708864387,238.802932458104,190.943708864387,190.943708864387,190.943708864387,314.727755107463,,8814.559366326379,12572.312377155904,8762.853172728740,12572.312377155904
142000,190.943708864387,190.943708864387,238.802932458104,190.943708864387,190.943708864387,190.943708864387,290.464029793857,,8814.559366326379,12572.312377155904,8762.853172728740,12572.312377155904
143000,190.943708864387,190.943708864387,238.802932458104,190.943708864387,190.943708864387,190.943708864387,300.691236855287,,8814.559366326379,12572.312377155904,8762.853172728740,12572.312377155904
144000,190.943708864387,190.943708864387,238.802932458104,190.943708864387,190.943708864387,190.943708864387,308.135647867770,,8814.559366326379,12572.312377155904,8762.853172728740,12572.312377155904
145000,190.943708864387,190.943708864387,221.758764383824,190.943708864387,190.943708864387,190.943708864387,209.075616073172,190.943708864387,8762.853172728740,12572.312377155904,8762.853172728740,12572.312377155904
146000,190.943708864387,190.943708864387,222.630320190326,190.943708864387,190.943708864387,190.943708864387,206.394609102436,,8762.853172728740,12572.312377155904,8762.853172728740,12572.312377155904
147000,190.943708864387,190.943708864387,215.402888926706,190.943708864387,190.943708864387,190.943708864387,210.193291908326,,8762.853172728740,12572.312377155904,8762.853172728740,12572.312377155904
148000,190.943708864387,190.943708864387,221.421302747457,190.943708864387,190.943708864387,190.943708864387,218.913244793819,,8762.853172728740,12572.312377155904,8762.853172728740,12572.312377155904
149000,190.943708864387,190.943708864387,221.768857311387,190.943708864387,190.943708864387,190.943708864387,220.382887208141,,8762.853172728740,12572.312377155904,8762.853172728740,12572.312377155904
150000,190.943708864387,190.943708864387,237.530464878489,190.943708864387,190.943708864387,190.943708864387,212.878452359318,,8762.853172728740,12572.312377155904,8762.853172728740,12572.312377155904
151000,190.943708864387,190.943708864387,237.530464878489,190.943708864387,190.943708864387,190.943708864387,215.099736473078,,8762.853172728740,12572.312377155904,8762.853172728740,12572.312377155904
152000,190.943708864387,190.943708864387,237.530464878489,190.943708864387,190.943708864387,190.943708864387,220.610817420758,,8762.853172728740,12572.312377155904,8762.853172728740,12572.312377155904
153000,190.943708864387,190.943708864387,237.530464878489,190.943708864387,190.943708864387,190.943708864387,219.451091887248,,8762.853172728740,12572.312377155904,8762.853172728740,12572.312377155904
154000,190.943708864387,190.943708864387,237.530464878489,190.943708864387,190.943708864387,190.943708864387,228.494143365170,,8762.853172728740,12572.312377155904,8762.853172728740,12572.312377155904
155000,190.943708864387,190.943708864387,237.530464878489,190.943708864387,190.943708864387,190.943708864387,237.085694413830,,8762.853172728740,12572.312377155904,8762.853172728740,12572.312377155904
156000,190.943708864387,190.943708864387,237.530464878489,190.943708864387,190.943708864387,190.943708864387,249.728559101931,,8762.853172728740,12572.312377155904,8762.853172728740,12572.312377155904
157000,190.943708864387,190.943708864387,237.530464878489,190.943708864387,190.943708864387,190.943708864387,256.633279088182,,8762.853172728740,12572.312377155904,8762.853172728740,12572.312377155904
158000,190.943708864387,190.943708864387,237.530464878489,190.943708864387,190.943708864387,190.943708864387,207.557509402844,,8762.853172728740,12572.312377155904,8762.853172728740,12572.312377155904
159000,190.943708864387,190.943708864387,237.530464878489,190.943708864387,190.943708864387,190.943708864387,226.906760282443,,8762.853172728740,12572.312377155904,8762.853172728740,12572.312377155904
160000,190.943708864387,190.943708864387,237.530464878489,190.943708864387,190.943708864387,190.943708864387,232.011060897160,,8762.853172728740,12572.312377155904,8762.853172728740,12572.312377155904
161000,190.943708864387,190.943708864387,237.530464878489,190.943708864387,190.943708864387,190.943708864387,249.734992403864,,8762.853172728740,12572.312377155904,8762.853172728740,12572.312377155904
162000,190.943708864387,190.943708864387,237.530464878489,190.943708864387,190.943708864387,190.943708864387,223.205614731038,,8762.853172728740,12572.312377155904,8762.853172728740,12572.312377155904
163000,190.943708864387,190.943708864387,237.530464878489,190.943708864387,190.943708864387,190.943708864387,232.032642272983,,8762.853172728740,12572.312377155904,8762.853172728740,12572.312377155904
164000,190.943708864387,190.943708864387,237.530464878489,190.943708864387,190.943708864387,190.943708864387,236.454551545981,,8762.853172728740,12572.312377155904,8762.853172728740,12572.312377155904
165000,190.943708864387,190.943708864387,237.530464878489,190.943708864387,190.943708864387,190.943708864387,254.993306163554,,8762.853172728740,12572.312377155904,8762.853172728740,12572.312377155904
166000,190.943708864387,190.943708864387,237.530464878489,190.943708864387,190.943708864387,190.943708864387,254.993306163554,,8762.853172728740,12572.312377155904,8762.853172728740,12572.312377155904
167000,190.943708864387,190.943708864387,237.530464878489,190.943708864387,190.943708864387,190.943708864387,270.482486349774,,8762.853172728740,12572.312377155904,8762.853172728740,12572.312377155904
168000,190.943708864387,190.943708864387,237.530464878489,190.943708864387,190.943708864387,190.943708864387,248.560494320448,,8762.853172728740,12572.312377155904,8762.853172728740,12572.312377155904
169000,190.943708864387,190.943708864387,237.530464878489,190.943708864387,190.943708864387,190.943708864387,289.213348861540,,8762.853172728740,12572.312377155904,8762.853172728740,12572.312377155904
170000,190.943708864387,190.943708864387,237.530464878489,190.943708864387,190.943708864387,190.943708864387,294.227066677023,,8762.853172728740,12572.312377155904,8762.853172728740,12572.312377155904
171000,190.943708864387,190.943708864387,237.530464878489,190.943708864387,190.943708864387,190.943708864387,302.368272197941,,8762.853172728740,12572.312377155904,8762.853172728740,12572.312377155904
172000,190.943708864387,190.943708864387,237.530464878489,190.943708864387,190.943708864387,190.943708864387,294.901812250775,,8762.853172728740,12572.312377155904,8762.853172728740,12572.312377155904
173000,190.943708864387,190.943708864387,190.943708864387,190.943708864387,190.943708864387,190.943708864387,210.982295879593,190.943708864387,8762.853172728740,12572.312377155904,8762.853172728740,12572.312377155904
174000,190.943708864387,190.943708864387,212.896683652270,190.943708864387,190.943708864387,190.943708864387,212.896683652270,,8762.853172728740,12572.312377155904,8762.853172728740,12572.312377155904
175000,190.943708864387,190.943708864387,225.778427715319,190.943708864387,190.943708864387,190.943708864387,205.740914099314,,8762.853172728740,12572.312377155904,8762.853172728740,12572.312377155904
176000,190.943708864387,190.943708864387,215.974498790533,190.943708864387,190.943708864387,190.943708864387,213.354483300294,,8762.853172728740,12572.312377155904,8762.853172728740,12572.312377155904
177000,190.943708864387,190.943708864387,211.790787174896,190.943708864387,190.943708864387,190.943708864387,207.474205258643,,8762.853172728740,12572.312377155904,8762.853172728740,12572.312377155904
178000,190.943708864387,190.943708864387,219.862491257452,190.943708864387,190.943708864387,190.943708864387,206.314608367180,,8762.853172728740,12572.312377155904,8762.853172728740,12572.312377155904
179000,190.943708864387,190.943708864387,219.862491257452,190.389636622861,190.389636622861,190.943708864387,190.389636622861,,8762.853172728740,12572.312377155904,8762.853172728740,12572.312377155904
180000,190.943708864387,190.943708864387,219.862491257452,190.389636622861,190.389636622861,190.943708864387,190.389636622861,,8762.853172728740,12572.312377155904,8762.853172728740,12572.312377155904
181000,190.943708864387,190.943708864387,219.862491257452,190.389636622861,190.389636622861,190.943708864387,203.869153782704,,8762.853172728740,12572.312377155904,8762.853172728740,12572.312377155904
182000,190.943708864387,190.943708864387,219.862491257452,190.389636622861,190.389636622861,190.943708864387,203.468392444672,,8762.853172728740,12572.312377155904,8762.853172728740,12572.312377155904
183000,190.943708864387,190.943708864387,219.862491257452,190.389636622861,190.389636622861,190.943708864387,204.956152757188,,8762.853172728740,12572.312377155904,8762.853172728740,12572.312377155904
184000,190.943708864387,190.943708864387,219.862491257452,190.389636622861,190.389636622861,190.943708864387,218.534845929069,,8762.853172728740,12572.312377155904,8762.853172728740,12572.312377155904
185000,190.943708864387,190.943708864387,219.862491257452,190.389636622861,190.389636622861,190.943708864387,211.834920125288,,8762.853172728740,12572.312377155904,8762.853172728740,12572.312377155904
186000,190.943708864387,190.943708864387,219.862491257452,190.389636622861,190.389636622861,190.943708864387,195.400779636049,,8762.853172728740,12572.312377155904,8762.853172728740,12572.312377155904
187000,190.943708864387,190.943708864387,219.862491257452,190.389636622861,190.389636622861,190.943708864387,228.446679668787,,8762.853172728740,12572.312377155904,8762.853172728740,12572.312377155904
188000,190.943708864387,190.943708864387,219.862491257452,190.389636622861,190.389636622861,190.943708864387,213.402801048013,,8762.853172728740,12572.312377155904,8762.853172728740,12572.312377155904
189000,190.943708864387,190.943708864387,219.862491257452,190.389636622861,190.389636622861,190.943708864387,224.647851485338,,8762.853172728740,12572.312377155904,8762.853172728740,12572.312377155904
190000,190.943708864387,190.943708864387,219.862491257452,190.389636622861,190.389636622861,190.943708864387,282.754077005490,,8762.853172728740,12572.312377155904,8762.853172728740,12572.312377155904
191000,190.943708864387,190.943708864387,219.862491257452,190.389636622861,190.389636622861,190.943708864387,230.816182926985,,8762.853172728740,12572.312377155904,8762.853172728740,12572.312377155904
192000,190.943708864387,190.943708864387,219.862491257452,190.389636622861,190.389636622861,190.943708864387,244.545305622644,,8762.853172728740,12572.312377155904,8762.853172728740,12572.312377155904
193000,190.943708864387,190.943708864387,219.862491257452,190.389636622861,190.389636622861,190.943708864387,232.204494044319,,8762.853172728740,12572.312377155904,8762.853172728740,12572.312377155904
194000,190.943708864387,190.943708864387,219.862491257452,190.389636622861,190.389636622861,190.943708864387,266.768118135920,,8762.853172728740,12572.312377155904,8746.786285087370,12572.312377155904
195000,190.943708864387,190.943708864387,219.862491257452,190.389636622861,190.389636622861,190.943708864387,312.660276561094,,8762.853172728740,12572.312377155904,8746.786285087370,12572.312377155904
196000,190.943708864387,190.943708864387,219.862491257452,190.389636622861,190.389636622861,190.943708864387,267.646066577550,,8762.853172728740,12572.312377155904,8746.786285087370,12572.312377155904
197000,190.943708864387,190.943708864387,219.862491257452,190.389636622861,190.389636622861,190.943708864387,249.394697421829,,8762.853172728740,12572.312377155904,8746.786285087370,12572.312377155904
198000,190.943708864387,190.943708864387,219.862491257452,190.389636622861,190.389636622861,190.943708864387,295.294010969118,,8762.853172728740,12572.312377155904,8746.786285087370,12572.312377155904
199000,190.943708864387,190.943708864387,219.862491257452,190.389636622861,190.389636622861,190.943708864387,311.825970006283,,8762.853172728740,12572.312377155904,8746.786285087370,12572.312377155904
200000,190.943708864387,190.943708864387,219.862491257452,190.389636622861,190.389636622861,190.943708864387,307.621725640077,,8762.853172728740,12572.312377155904,8746.786285087370,12572.312377155904
201000,190.943708864387,190.943708864387,219.862491257452,190.389636622861,190.389636622861,190.943708864387,319.801491438183,,8762.853172728740,12572.312377155904,8746.786285087370,12572.312377155904
202000,190.943708864387,190.943708864387,219.500294482389,190.389636622861,190.389636622861,190.943708864387,211.359857932717,195.727469710126,8746.786285087370,12572.312377155904,8746.786285087370,12572.312377155904
203000,190.943708864387,190.943708864387,206.906640229619,190.389636622861,190.389636622861,190.943708864387,206.906640229619,,8746.786285087370,12572.312377155904,8746.786285087370,12572.312377155904
204000,190.943708864387,190.943708864387,224.812967117150,190.389636622861,190.389636622861,190.943708864387,211.529599558387,,8746.786285087370,12572.312377155904,8746.786285087370,12572.312377155904
205000,190.943708864387,190.943708864387,226.293185799700,190.389636622861,190.389636622861,190.943708864387,222.593044922822,,8746.786285087370,12572.312377155904,8746.786285087370,12572.312377155904
206000,190.943708864387,190.943708864387,223.898110354397,190.389636622861,190.389636622861,190.943708864387,218.335520804776,,8746.786285087370,12572.312377155904,8746.786285087370,12572.312377155904
207000,190.943708864387,190.943708864387,232.157207138569,190.389636622861,190.389636622861,190.943708864387,210.300073919325,,8746.786285087370,12572.312377155904,8746.786285087370,12572.312377155904
208000,190.943708864387,190.943708864387,232.157207138569,190.389636622861,190.389636622861,190.943708864387,208.257759540048,,8746.786285087370,12572.312377155904,8746.786285087370,12572.312377155904
209000,190.943708864387,190.943708864387,232.157207138569,190.389636622861,190.389636622861,190.943708864387,203.669599546357,,8746.786285087370,12572.312377155904,8746.786285087370,12572.312377155904
210000,190.943708864387,190.943708864387,232.157207138569,190.389636622861,190.389636622861,190.943708864387,207.717685997025,,8746.786285087370,12572.312377155904,8746.786285087370,12572.312377155904
211000,190.943708864387,190.943708864387,232.157207138569,190.389636622861,190.389636622861,190.943708864387,209.218803858628,,8746.786285087370,12572.312377155904,8746.786285087370,12572.312377155904
212000,190.943708864387,190.943708864387,232.157207138569,190.389636622861,190.389636622861,190.943708864387,197.672452379531,,8746.786285087370,12572.312377155904,8746.786285087370,12572.312377155904
213000,190.943708864387,190.943708864387,232.157207138569,190.389636622861,190.389636622861,190.943708864387,249.946009007772,,8746.786285087370,12572.312377155904,8746.786285087370,12572.312377155904
214000,190.943708864387,190.943708864387,232.157207138569,190.389636622861,190.389636622861,190.943708864387,253.480081007976,,8746.786285087370,12572.312377155904,8746.786285087370,12572.312377155904
215000,190.943708864387,190.943708864387,232.157207138569,190.389636622861,190.389636622861,190.943708864387,233.771556586027,,8746.786285087370,12572.312377155904,8746.786285087370,12572.312377155904
216000,190.943708864387,190.943708864387,232.157207138569,190.389636622861,190.389636622861,190.943708864387,220.829720668350,,8746.786285087370,12572.312377155904,8746.786285087370,12572.312377155904
217000,190.943708864387,190.943708864387,232.157207138569,190.389636622861,190.389636622861,190.943708864387,250.468978071178,,8746.786285087370,12572.312377155904,8746.786285087370,12572.312377155904
218000,190.943708864387,190.943708864387,232.157207138569,190.389636622861,190.389636622861,190.943708864387,216.404891681408,,8746.786285087370,12572.312377155904,8746.786285087370,12572.312377155904
219000,190.943708864387,190.943708864387,232.157207138569,190.389636622861,190.389636622861,190.943708864387,254.280177051807,,8746.786285087370,12572.312377155904,8746.786285087370,12572.312377155904
220000,190.943708864387,190.943708864387,232.157207138569,190.389636622861,190.389636622861,190.943708864387,232.694638694782,,8746.786285087370,12572.312377155904,8746.786285087370,12572.312377155904
221000,190.943708864387,190.943708864387,232.157207138569,190.389636622861,190.389636622861,190.943708864387,243.232933614897,,8746.786285087370,12572.312377155904,8746.786285087370,12572.312377155904
222000,190.943708864387,190.943708864387,232.157207138569,190.389636622861,190.389636622861,190.943708864387,254.450921022144,,8746.786285087370,12572.312377155904,8746.786285087370,12572.312377155904
223000,190.943708864387,190.943708864387,232.157207138569,190.389636622861,190.389636622861,190.943708864387,233.401961114952,,8746.786285087370,12572.312377155904,8746.786285087370,12572.312377155904
224000,190.943708864387,190.943708864387,232.157207138569,190.389636622861,190.389636622861,190.943708864387,261.679777804240,,8746.786285087370,12572.312377155904,8746.786285087370,12572.312377155904
225000,190.943708864387,190.943708864387,232.157207138569,190.389636622861,190.389636622861,190.943708864387,256.546926002138,,8746.786285087370,12572.312377155904,8746.786285087370,12572.312377155904
226000,190.943708864387,190.943708864387,232.157207138569,190.389636622861,190.389636622861,190.943708864387,298.399511751329,,8746.786285087370,12572.312377155904,8746.786285087370,12572.312377155904
227000,190.943708864387,190.943708864387,232.157207138569,190.389636622861,190.389636622861,190.943708864387,307.522707951090,,8746.786285087370,12572.312377155904,8746.786285087370,12562.682576277373
228000,190.943708864387,190.943708864387,232.157207138569,190.389636622861,190.389636622861,190.943708864387,285.757292330272,,8746.786285087370,12572.312377155904,8746.786285087370,12558.421562626216
229000,190.943708864387,190.943708864387,232.157207138569,190.389636622861,190.389636622861,190.943708864387,289.875478670628,,8746.786285087370,12572.312377155904,8746.786285087370,12421.849734487510
230000,190.943708864387,190.943708864387,232.157207138569,190.389636622861,190.389636622861,190.943708864387,292.772457362164,,8746.786285087370,12572.312377155904,8746.786285087370,12420.169774925518
231000,190.943708864387,190.943708864387,212.322777691965,190.389636622861,190.389636622861,190.943708864387,212.184277018624,195.727469710126,8746.786285087370,12420.169774925518,8746.786285087370,12420.169774925518
232000,190.943708864387,190.943708864387,217.000332984680,190.389636622861,190.389636622861,190.943708864387,207.408606827585,,8746.786285087370,12420.169774925518,8746.786285087370,12420.169774925518
233000,190.943708864387,190.943708864387,226.203229172516,190.389636622861,190.389636622861,190.943708864387,213.992767765026,,8746.786285087370,12420.169774925518,8746.786285087370,12420.169774925518
234000,190.943708864387,190.943708864387,224.365670628749,190.389636622861,190.389636622861,190.943708864387,211.532029919884,,8746.786285087370,12420.169774925518,8746.786285087370,12420.169774925518
235000,190.943708864387,190.943708864387,225.500139639216,190.389636622861,190.389636622861,190.943708864387,216.766234718831,,8746.786285087370,12420.169774925518,8746.786285087370,12420.169774925518
236000,190.943708864387,190.943708864387,223.803778706976,190.389636622861,190.389636622861,190.943708864387,196.512703691498,,8746.786285087370,12420.169774925518,8746.786285087370,12420.169774925518
237000,190.943708864387,190.943708864387,223.803778706976,190.389636622861,190.389636622861,190.943708864387,196.527049323472,,8746.786285087370,12420.169774925518,8746.786285087370,12420.169774925518
238000,190.943708864387,190.943708864387,223.803778706976,190.389636622861,190.389636622861,190.943708864387,203.799867035955,,8746.786285087370,12420.169774925518,8746.786285087370,12420.169774925518
239000,190.943708864387,190.943708864387,223.803778706976,190.389636622861,190.389636622861,190.943708864387,212.163979958684,,8746.786285087370,12420.169774925518,8746.786285087370,12420.169774925518
240000,190.943708864387,190.943708864387,223.803778706976,190.389636622861,190.389636622861,190.943708864387,200.399072660237,,8746.786285087370,12420.169774925518,8746.786285087370,12420.169774925518
241000,190.943708864387,190.943708864387,223.803778706976,190.389636622861,190.389636622861,190.943708864387,195.163678643682,,8746.786285087370,12420.169774925518,8746.786285087370,12420.169774925518
242000,190.943708864387,190.943708864387,223.803778706976,190.389636622861,190.389636622861,190.943708864387,237.768751980978,,8746.786285087370,12420.169774925518,8746.786285087370,12420.169774925518
243000,190.943708864387,190.943708864387,223.803778706976,190.389636622861,190.389636622861,190.943708864387,229.092237840333,,8746.786285087370,12420.169774925518,8746.786285087370,12420.169774925518
244000,190.943708864387,190.943708864387,223.803778706976,190.389636622861,190.389636622861,190.943708864387,249.890281864287,,8746.786285087370,12420.169774925518,8746.786285087370,12420.169774925518
245000,190.943708864387,190.943708864387,223.803778706976,190.389636622861,190.389636622861,190.943708864387,237.612479392613,,8746.786285087370,12420.169774925518,8746.786285087370,12420.169774925518
246000,190.943708864387,190.943708864387,223.803778706976,190.389636622861,190.389636622861,190.943708864387,239.324786687857,,8746.786285087370,12420.169774925518,8746.786285087370,12420.169774925518
247000,190.943708864387,190.943708864387,223.803778706976,190.389636622861,190.389636622861,190.943708864387,221.029105544138,,8746.786285087370,12420.169774925518,8746.786285087370,12420.169774925518
248000,190.943708864387,190.943708864387,223.803778706976,190.389636622861,190.389636622861,190.943708864387,229.206351581481,,8746.786285087370,12420.169774925518,8746.786285087370,12420.169774925518
249000,190.943708864387,190.943708864387,223.803778706976,190.389636622861,190.389636622861,190.943708864387,226.412015247755,,8746.786285087370,12420.169774925518,8746.786285087370,12420.169774925518
250000,190.943708864387,190.943708864387,223.803778706976,190.389636622861,190.389636622861,190.943708864387,237.712115828998,,8746.786285087370,12420.169774925518,8746.786285087370,12420.169774925518
251000,190.943708864387,190.943708864387,223.803778706976,190.389636622861,190.389636622861,190.943708864387,253.475951659473,,8746.786285087370,12420.169774925518,8746.786285087370,12420.169774925518
252000,190.943708864387,190.943708864387,223.803778706976,190.389636622861,190.389636622861,190.943708864387,237.200543979234,,8746.786285087370,12420.169774925518,8746.786285087370,12420.169774925518
253000,190.943708864387,190.943708864387,223.803778706976,190.389636622861,190.389636622861,190.943708864387,235.951193807820,,8746.786285087370,12420.169774925518,8746.786285087370,12420.169774925518
254000,190.943708864387,190.943708864387,223.803778706976,190.389636622861,190.389636622861,190.943708864387,302.560792769365,,8746.786285087370,12420.169774925518,8746.786285087370,12420.169774925518
255000,190.943708864387,190.943708864387,223.803778706976,190.389636622861,190.389636622861,190.943708864387,312.123832475811,,8746.786285087370,12420.169774925518,8746.786285087370,12420.169774925518
256000,190.943708864387,190.943708864387,223.803778706976,190.389636622861,190.389636622861,190.943708864387,302.607914205803,,8746.786285087370,12420.169774925518,8746.786285087370,12420.169774925518
257000,190.943708864387,190.943708864387,223.803778706976,190.389636622861,190.389636622861,190.943708864387,288.546263986176,,8746.786285087370,12420.169774925518,8746.786285087370,12420.169774925518
258000,190.943708864387,190.943708864387,223.803778706976,190.389636622861,190.389636622861,190.943708864387,296.734975742336,,8746.786285087370,12420.169774925518,8746.786285087370,12420.169774925518
259000,190.943708864387,190.943708864387,225.414998518159,190.389636622861,190.389636622861,190.943708864387,209.406845243843,195.727469710126,8746.786285087370,12420.169774925518,8746.786285087370,12420.169774925518
260000,190.943708864387,190.943708864387,211.927140285981,190.389636622861,190.389636622861,190.943708864387,205.202158102905,,8746.786285087370,12420.169774925518,8746.786285087370,12420.169774925518
261000,190.943708864387,190.943708864387,205.069924752252,190.389636622861,190.389636622861,190.943708864387,205.069924752252,,8746.786285087370,12420.169774925518,8746.786285087370,12420.169774925518
262000,190.943708864387,190.943708864387,206.502068236797,190.389636622861,190.389636622861,190.943708864387,205.078513504086,,8746.786285087370,12420.169774925518,8746.786285087370,12420.169774925518
263000,190.943708864387,190.943708864387,215.598459542541,190.389636622861,190.389636622861,190.943708864387,202.334842445624,,8746.786285087370,12420.169774925518,8746.786285087370,12420.169774925518
264000,190.943708864387,190.943708864387,218.005210149805,190.389636622861,190.389636622861,190.943708864387,217.848193936675,,8746.786285087370,12420.169774925518,8746.786285087370,12420.169774925518
265000,190.943708864387,190.943708864387,218.005210149805,190.389636622861,190.389636622861,190.943708864387,211.464915805663,,8746.786285087370,12420.169774925518,8746.786285087370,12420.169774925518
266000,190.943708864387,190.943708864387,218.005210149805,190.389636622861,190.389636622861,190.943708864387,206.900080203973,,8746.786285087370,12420.169774925518,8746.786285087370,12420.169774925518
267000,190.943708864387,190.943708864387,218.005210149805,190.389636622861,190.389636622861,190.943708864387,207.267663636546,,8746.786285087370,12420.169774925518,8746.786285087370,12420.169774925518
268000,190.943708864387,190.943708864387,218.005210149805,190.389636622861,190.389636622861,190.943708864387,222.712769517365,,8746.786285087370,12420.169774925518,8746.786285087370,12420.169774925518
269000,190.943708864387,190.943708864387,218.005210149805,190.389636622861,190.389636622861,190.943708864387,217.949283761728,,8746.786285087370,12420.169774925518,8746.786285087370,12420.169774925518
270000,190.943708864387,190.943708864387,218.005210149805,190.389636622861,190.389636622861,190.943708864387,265.032883270448,,8746.786285087370,12420.169774925518,8746.786285087370,12420.169774925518
271000,190.943708864387,190.943708864387,218.005210149805,190.389636622861,190.389636622861,190.943708864387,237.079168165923,,8746.786285087370,12420.169774925518,8746.786285087370,12420.169774925518
272000,190.943708864387,190.943708864387,218.005210149805,190.389636622861,190.389636622861,190.943708864387,235.167853186733,,8746.786285087370,12420.169774925518,8746.786285087370,12420.169774925518
273000,190.943708864387,190.943708864387,218.005210149805,190.389636622861,190.389636622861,190.943708864387,253.036393611809,,8746.786285087370,12420.169774925518,8746.786285087370,12420.169774925518
274000,190.943708864387,190.943708864387,218.005210149805,190.389636622861,190.389636622861,190.943708864387,215.210337547739,,8746.786285087370,12420.169774925518,8746.786285087370,12420.169774925518
275000,190.943708864387,190.943708864387,218.005210149805,190.389636622861,190.389636622861,190.943708864387,214.894255135129,,8746.786285087370,12420.169774925518,8746.786285087370,12420.169774925518
276000,190.943708864387,190.943708864387,218.005210149805,190.389636622861,190.389636622861,190.943708864387,301.481450094627,,8746.786285087370,12420.169774925518,8746.786285087370,12420.169774925518
277000,190.943708864387,190.943708864387,218.005210149805,190.389636622861,190.389636622861,190.943708864387,236.323266642441,,8746.786285087370,12420.169774925518,8746.786285087370,12420.169774925518
278000,190.943708864387,190.943708864387,218.005210149805,190.389636622861,190.389636622861,190.943708864387,229.177244645813,,8746.786285087370,12420.169774925518,8746.786285087370,12420.169774925518
279000,190.943708864387,190.943708864387,218.005210149805,190.389636622861,190.389636622861,190.943708864387,260.253798293600,,8746.786285087370,12420.169774925518,8746.786285087370,12420.169774925518
280000,190.943708864387,190.943708864387,218.005210149805,190.389636622861,190.389636622861,190.943708864387,287.150241971893,,8746.786285087370,12420.169774925518,8746.786285087370,12420.169774925518
281000,190.943708864387,190.943708864387,218.005210149805,190.389636622861,190.389636622861,190.943708864387,250.396578826920,,8746.786285087370,12420.169774925518,8746.786285087370,12420.169774925518
282000,190.943708864387,190.943708864387,218.005210149805,190.389636622861,190.389636622861,190.943708864387,265.008696760406,,8746.786285087370,12420.169774925518,8746.786285087370,12420.169774925518
283000,190.943708864387,190.943708864387,218.005210149805,190.389636622861,190.389636622861,190.943708864387,277.136497093384,,8746.786285087370,12420.169774925518,8746.786285087370,12420.169774925518
284000,190.943708864387,190.943708864387,218.005210149805,190.389636622861,190.389636622861,190.943708864387,302.186669765111,,8746.786285087370,12420.169774925518,8746.786285087370,12420.169774925518
285000,190.943708864387,190.943708864387,218.005210149805,190.389636622861,190.389636622861,190.943708864387,294.798550554426,,8746.786285087370,12420.169774925518,8746.786285087370,12420.169774925518
286000,190.943708864387,190.943708864387,218.005210149805,190.389636622861,190.389636622861,190.943708864387,277.766666542500,,8746.786285087370,12420.169774925518,8746.786285087370,12420.169774925518
287000,190.943708864387,190.943708864387,218.005210149805,190.389636622861,190.389636622861,190.943708864387,288.570304975837,,8746.786285087370,12420.169774925518,8746.786285087370,12420.169774925518
288000,190.943708864387,190.943708864387,223.674293867226,190.389636622861,190.389636622861,190.943708864387,207.208936728781,195.727469710126,8746.786285087370,12420.169774925518,8746.786285087370,12420.169774925518
289000,190.943708864387,190.943708864387,214.315302984149,190.389636622861,190.389636622861,190.943708864387,208.674447219363,,8746.786285087370,12420.169774925518,8746.786285087370,12420.169774925518
290000,190.943708864387,190.943708864387,212.454336828812,190.389636622861,190.389636622861,190.943708864387,211.004308951217,,8746.786285087370,12420.169774925518,8746.786285087370,12420.169774925518
291000,190.943708864387,190.943708864387,218.837689214559,190.389636622861,190.389636622861,190.943708864387,215.730264357799,,8746.786285087370,12420.169774925518,8746.786285087370,12420.169774925518
292000,190.943708864387,190.943708864387,215.557084134493,190.389636622861,190.389636622861,190.943708864387,206.841764075182,,8746.786285087370,12420.169774925518,8746.786285087370,12420.169774925518
293000,190.943708864387,190.943708864387,218.918223792354,190.389636622861,190.389636622861,190.943708864387,203.130688358821,,8746.786285087370,12420.169774925518,8746.786285087370,12420.169774925518
294000,190.943708864387,190.943708864387,218.918223792354,190.389636622861,190.389636622861,190.943708864387,191.164180690797,,8746.786285087370,12420.169774925518,8746.786285087370,12420.169774925518
295000,190.943708864387,190.943708864387,218.918223792354,190.389636622861,190.389636622861,190.943708864387,195.264842840741,,8746.786285087370,12420.169774925518,8746.786285087370,12420.169774925518
296000,190.943708864387,190.943708864387,218.918223792354,190.389636622861,190.389636622861,190.943708864387,195.696536531406,,8746.786285087370,12420.169774925518,8746.786285087370,12420.169774925518
297000,190.943708864387,190.943708864387,218.918223792354,190.389636622861,190.389636622861,190.943708864387,209.817820985178,,8746.786285087370,12420.169774925518,8746.786285087370,12420.169774925518
298000,190.943708864387,190.943708864387,218.918223792354,190.389636622861,190.389636622861,190.943708864387,211.806957993418,,8746.786285087370,12420.169774925518,8746.786285087370,12420.169774925518
299000,190.943708864387,190.943708864387,218.918223792354,190.389636622861,190.389636622861,190.943708864387,222.691207483753,,8746.786285087370,12420.169774925518,8746.786285087370,12420.169774925518
300000,190.943708864387,190.943708864387,218.918223792354,190.389636622861,190.389636622861,190.943708864387,208.077559144440,,8746.786285087370,12420.169774925518,8746.786285087370,12420.169774925518
301000,190.943708864387,190.943708864387,218.918223792354,190.389636622861,190.389636622861,190.943708864387,236.157399802027,,8746.786285087370,12420.169774925518,8746.786285087370,12420.169774925518
302000,190.943708864387,190.943708864387,218.918223792354,190.389636622861,190.389636622861,190.943708864387,226.952818187112,,8746.786285087370,12420.169774925518,8746.786285087370,12420.169774925518
303000,190.943708864387,190.943708864387,218.918223792354,190.389636622861,190.389636622861,190.943708864387,245.373389450191,,8746.786285087370,12420.169774925518,8746.786285087370,12420.169774925518
304000,190.943708864387,190.943708864387,218.918223792354,190.389636622861,190.389636622861,190.943708864387,231.773448361362,,8746.786285087370,12420.169774925518,8746.786285087370,12420.169774925518
305000,190.943708864387,190.943708864387,218.918223792354,190.389636622861,190.389636622861,190.943708864387,220.581615165151,,8746.786285087370,12420.169774925518,8746.786285087370,12420.169774925518
306000,190.943708864387,190.943708864387,218.918223792354,190.389636622861,190.389636622861,190.943708864387,245.895240517374,,8746.786285087370,12420.169774925518,8746.786285087370,12420.169774925518
307000,190.943708864387,190.943708864387,218.918223792354,190.389636622861,190.389636622861,190.943708864387,245.207802094375,,8746.786285087370,12420.169774925518,8746.786285087370,12420.169774925518
308000,190.943708864387,190.943708864387,218.918223792354,190.389636622861,190.389636622861,190.943708864387,243.018345359646,,8746.786285087370,12420.169774925518,8746.786285087370,12420.169774925518
309000,190.943708864387,190.943708864387,218.918223792354,190.389636622861,190.389636622861,190.943708864387,258.071331004789,,8746.786285087370,12420.169774925518,8746.786285087370,12420.169774925518
310000,190.943708864387,190.943708864387,218.918223792354,190.389636622861,190.389636622861,190.943708864387,220.587431835659,,8746.786285087370,12420.169774925518,8746.786285087370,12420.169774925518
311000,190.943708864387,190.943708864387,218.918223792354,190.389636622861,190.389636622861,190.943708864387,283.148272207826,,8746.786285087370,12420.169774925518,8746.786285087370,12420.169774925518
312000,190.943708864387,190.943708864387,218.918223792354,190.389636622861,190.389636622861,190.943708864387,294.063230410186,,8746.786285087370,12420.169774925518,8746.786285087370,12420.169774925518
313000,190.943708864387,190.943708864387,218.918223792354,190.389636622861,190.389636622861,190.943708864387,283.099310209496,,8746.786285087370,12420.169774925518,8746.786285087370,12420.169774925518
314000,190.943708864387,190.943708864387,218.918223792354,190.389636622861,190.389636622861,190.943708864387,310.159698153883,,8746.786285087370,12420.169774925518,8746.786285087370,12420.169774925518
315000,190.943708864387,190.943708864387,218.918223792354,190.389636622861,190.389636622861,190.943708864387,297.192059748954,,8746.786285087370,12420.169774925518,8746.786285087370,12420.169774925518
316000,190.943708864387,190.943708864387,219.275041348517,190.389636622861,190.389636622861,190.943708864387,213.401985786782,195.727469710126,8746.786285087370,12420.169774925518,8746.786285087370,12420.169774925518
317000,190.943708864387,190.943708864387,207.495771713977,190.389636622861,190.389636622861,190.943708864387,202.043696836089,,8746.786285087370,12420.169774925518,8746.786285087370,12420.169774925518
318000,190.943708864387,190.943708864387,219.010575168773,190.389636622861,190.389636622861,190.943708864387,195.416876899046,,8746.786285087370,12420.169774925518,8746.786285087370,12420.169774925518
319000,190.943708864387,190.943708864387,200.064746298009,190.389636622861,190.389636622861,190.943708864387,200.064746298009,,8746.786285087370,12420.169774925518,8746.786285087370,12420.169774925518
320000,190.943708864387,190.943708864387,208.794681583126,190.389636622861,190.389636622861,190.943708864387,208.794681583126,,8746.786285087370,12420.169774925518,8746.786285087370,12420.169774925518
321000,190.943708864387,190.943708864387,222.916141641788,190.389636622861,190.389636622861,190.943708864387,201.881427603282,,8746.786285087370,12420.169774925518,8746.786285087370,12420.169774925518
322000,190.943708864387,190.943708864387,222.916141641788,190.389636622861,190.389636622861,190.943708864387,211.177866321917,,8746.786285087370,12420.169774925518,8746.786285087370,12420.169774925518
323000,190.943708864387,190.943708864387,222.916141641788,190.389636622861,190.389636622861,190.943708864387,202.869467625246,,8746.786285087370,12420.169774925518,8746.786285087370,12420.169774925518
324000,190.943708864387,190.943708864387,222.916141641788,190.389636622861,190.389636622861,190.943708864387,214.631888305442,,8746.786285087370,12420.169774925518,8746.786285087370,12420.169774925518
325000,190.943708864387,190.943708864387,222.916141641788,190.389636622861,190.389636622861,190.943708864387,207.130580571956,,8746.786285087370,12420.169774925518,8746.786285087370,12420.169774925518
326000,190.943708864387,190.943708864387,222.916141641788,190.389636622861,190.389636622861,190.943708864387,222.694389510327,,8746.786285087370,12420.169774925518,8746.786285087370,12420.169774925518
327000,190.943708864387,190.943708864387,222.916141641788,190.389636622861,190.389636622861,190.943708864387,225.499825904031,,8746.786285087370,12420.169774925518,8746.786285087370,12420.169774925518
328000,190.943708864387,190.943708864387,222.916141641788,190.389636622861,190.389636622861,190.943708864387,225.599835487408,,8746.786285087370,12420.169774925518,8746.786285087370,12420.169774925518
329000,190.943708864387,190.943708864387,222.916141641788,190.389636622861,190.389636622861,190.943708864387,234.086547665216,,8746.786285087370,12420.169774925518,8746.786285087370,12420.169774925518
330000,190.943708864387,190.943708864387,222.916141641788,190.389636622861,190.389636622861,190.943708864387,231.258983632344,,8746.786285087370,12420.169774925518,8746.786285087370,12420.169774925518
331000,190.943708864387,190.943708864387,222.916141641788,190.389636622861,190.389636622861,190.943708864387,205.287515012845,,8746.786285087370,12420.169774925518,8746.786285087370,12420.169774925518
332000,190.943708864387,190.943708864387,222.916141641788,190.389636622861,190.389636622861,190.943708864387,257.525471245570,,8746.786285087370,12420.169774925518,8746.786285087370,12420.169774925518
333000,190.943708864387,190.943708864387,222.916141641788,190.389636622861,190.389636622861,190.943708864387,291.402118976271,,8746.786285087370,12420.169774925518,8746.786285087370,12420.169774925518
334000,190.943708864387,190.943708864387,222.916141641788,190.389636622861,190.389636622861,190.943708864387,232.024850666251,,8746.786285087370,12420.169774925518,8746.786285087370,12420.169774925518
335000,190.943708864387,190.943708864387,222.916141641788,190.389636622861,190.389636622861,190.943708864387,260.726974935059,,8746.786285087370,12420.169774925518,8746.786285087370,12420.169774925518
336000,190.943708864387,190.943708864387,222.916141641788,190.389636622861,190.389636622861,190.943708864387,255.326371942387,,8746.786285087370,12420.169774925518,8746.786285087370,12420.169774925518
337000,190.943708864387,190.943708864387,222.916141641788,190.389636622861,190.389636622861,190.943708864387,239.992348428534,,8746.786285087370,12420.169774925518,8746.786285087370,12420.169774925518
338000,190.943708864387,190.943708864387,222.916141641788,190.389636622861,190.389636622861,190.943708864387,240.556940661942,,8746.786285087370,12420.169774925518,8746.786285087370,12420.169774925518
339000,190.943708864387,190.943708864387,222.916141641788,190.389636622861,190.389636622861,190.943708864387,254.764048630456,,8746.786285087370,12420.169774925518,8746.786285087370,12420.169774925518
340000,190.943708864387,190.943708864387,222.916141641788,190.389636622861,190.389636622861,190.943708864387,304.215352783154,,8746.786285087370,12420.169774925518,8746.786285087370,12420.169774925518
341000,190.943708864387,190.943708864387,222.916141641788,190.389636622861,190.389636622861,190.943708864387,295.543299110797,,8746.786285087370,12420.169774925518,8746.786285087370,12420.169774925518
342000,190.943708864387,190.943708864387,222.916141641788,190.389636622861,190.389636622861,190.943708864387,304.161777840678,,8746.786285087370,12420.169774925518,8746.786285087370,12420.169774925518
343000,190.943708864387,190.943708864387,222.916141641788,190.389636622861,190.389636622861,190.943708864387,314.710793124284,,8746.786285087370,12420.169774925518,8746.786285087370,12420.169774925518
344000,190.943708864387,190.943708864387,222.916141641788,190.389636622861,190.389636622861,190.943708864387,282.037562206450,,8746.786285087370,12420.169774925518,8746.786285087370,12420.169774925518
345000,190.943708864387,190.943708864387,211.819271859212,190.389636622861,190.389636622861,190.943708864387,206.247248480816,195.727469710126,8746.786285087370,12420.169774925518,8746.786285087370,12420.169774925518
346000,190.943708864387,190.943708864387,228.968719010903,190.389636622861,190.389636622861,190.943708864387,208.576502033237,,8746.786285087370,12420.169774925518,8746.786285087370,12420.169774925518
347000,190.943708864387,190.943708864387,204.852529501802,190.389636622861,190.389636622861,190.943708864387,204.852529501802,,8746.786285087370,12420.169774925518,8746.786285087370,12420.169774925518
348000,190.943708864387,190.943708864387,215.419231206706,190.389636622861,190.389636622861,190.943708864387,208.782021318810,,8746.786285087370,12420.169774925518,8746.786285087370,12420.169774925518
349000,190.943708864387,190.943708864387,211.254636558331,190.389636622861,190.389636622861,190.943708864387,209.204762320619,,8746.786285087370,12420.169774925518,8746.786285087370,12420.169774925518
350000,190.943708864387,190.943708864387,216.809578331788,190.389636622861,190.389636622861,190.943708864387,207.601623330979,,8746.786285087370,12420.169774925518,8746.786285087370,12420.169774925518
351000,190.943708864387,190.943708864387,216.809578331788,190.389636622861,190.389636622861,190.943708864387,207.601623330979,,8746.786285087370,12420.169774925518,8746.786285087370,12420.169774925518
352000,190.943708864387,190.943708864387,216.809578331788,190.389636622861,190.389636622861,190.943708864387,209.020766571229,,8746.786285087370,12420.169774925518,8746.786285087370,12420.169774925518
353000,190.943708864387,190.943708864387,216.809578331788,190.389636622861,190.389636622861,190.943708864387,208.691426429979,,8746.786285087370,12420.169774925518,8746.786285087370,12420.169774925518
354000,190.943708864387,190.943708864387,216.809578331788,190.389636622861,190.389636622861,190.943708864387,211.953751527050,,8746.786285087370,12420.169774925518,8746.786285087370,12420.169774925518
355000,190.943708864387,190.943708864387,216.809578331788,190.389636622861,190.389636622861,190.943708864387,214.819233466568,,8746.786285087370,12420.169774925518,8746.786285087370,12420.169774925518
356000,190.943708864387,190.943708864387,216.809578331788,190.389636622861,190.389636622861,190.943708864387,237.517308604616,,8746.786285087370,12420.169774925518,8746.786285087370,12420.169774925518
357000,190.943708864387,190.943708864387,216.809578331788,190.389636622861,190.389636622861,190.943708864387,229.470748425457,,8746.786285087370,12420.169774925518,8746.786285087370,12420.169774925518
358000,190.943708864387,190.943708864387,216.809578331788,190.389636622861,190.389636622861,190.943708864387,217.291203375961,,8746.786285087370,12420.169774925518,8746.786285087370,12420.169774925518
359000,190.943708864387,190.943708864387,216.809578331788,190.389636622861,190.389636622861,190.943708864387,199.968532842473,,8746.786285087370,12420.169774925518,8746.786285087370,12420.169774925518
360000,190.943708864387,190.943708864387,216.809578331788,190.389636622861,190.389636622861,190.943708864387,220.531435379345,,8746.786285087370,12420.169774925518,8746.786285087370,12420.169774925518
361000,190.943708864387,190.943708864387,216.809578331788,190.389636622861,190.389636622861,190.943708864387,238.568446037371,,8746.786285087370,12420.169774925518,8746.786285087370,12420.169774925518
362000,190.943708864387,190.943708864387,216.809578331788,190.389636622861,190.389636622861,190.943708864387,235.494137569414,,8746.786285087370,12420.169774925518,8746.786285087370,12420.169774925518
363000,190.943708864387,190.943708864387,216.809578331788,190.389636622861,190.389636622861,190.943708864387,243.234891165509,,8746.786285087370,12420.169774925518,8746.786285087370,12420.169774925518
364000,190.943708864387,190.943708864387,216.809578331788,190.389636622861,190.389636622861,190.943708864387,250.762521617088,,8746.786285087370,12420.169774925518,8746.786285087370,12420.169774925518
365000,190.943708864387,190.943708864387,216.809578331788,190.389636622861,190.389636622861,190.943708864387,283.793376987007,,8746.786285087370,12420.169774925518,8746.786285087370,12420.169774925518
366000,190.943708864387,190.943708864387,216.809578331788,190.389636622861,190.389636622861,190.943708864387,317.978198450880,,8746.786285087370,12420.169774925518,8746.786285087370,12420.169774925518
367000,190.943708864387,190.943708864387,216.809578331788,190.389636622861,190.389636622861,190.943708864387,252.314810920866,,8746.786285087370,12420.169774925518,8746.786285087370,12420.169774925518
368000,190.943708864387,190.943708864387,216.809578331788,190.389636622861,190.389636622861,190.943708864387,260.283045191071,,8746.786285087370,12420.169774925518,8746.786285087370,12420.169774925518
369000,190.943708864387,190.943708864387,216.809578331788,190.389636622861,190.389636622861,190.943708864387,291.521037099871,,8746.786285087370,12420.169774925518,8746.786285087370,12420.169774925518
370000,190.943708864387,190.943708864387,216.809578331788,190.389636622861,190.389636622861,190.943708864387,301.785786898813,,8746.786285087370,12420.169774925518,8746.786285087370,12420.169774925518
371000,190.943708864387,190.943708864387,216.809578331788,190.389636622861,190.389636622861,190.943708864387,292.275928204001,,8746.786285087370,12420.169774925518,8746.786285087370,12420.169774925518
372000,190.943708864387,190.943708864387,216.809578331788,190.389636622861,190.389636622861,190.943708864387,312.726756281208,,8746.786285087370,12420.169774925518,8746.786285087370,12420.169774925518
373000,190.943708864387,190.943708864387,216.809578331788,190.389636622861,190.389636622861,190.943708864387,269.068188312108,,8746.786285087370,12420.169774925518,8746.786285087370,12420.169774925518
374000,190.943708864387,190.943708864387,217.731045817063,190.389636622861,190.389636622861,190.943708864387,210.478975605374,195.727469710126,8746.786285087370,12420.169774925518,8746.786285087370,12420.169774925518
375000,190.943708864387,190.943708864387,211.380655437812,190.389636622861,190.389636622861,190.943708864387,202.903766347827,,8746.786285087370,12420.169774925518,8746.786285087370,12420.169774925518
376000,190.943708864387,190.943708864387,207.487677024445,190.389636622861,190.389636622861,190.943708864387,204.058636458645,,8746.786285087370,12420.169774925518,8746.786285087370,12420.169774925518
377000,190.943708864387,190.943708864387,209.441193524051,190.389636622861,190.389636622861,190.943708864387,207.712185208125,,8746.786285087370,12420.169774925518,8746.786285087370,12420.169774925518
378000,190.943708864387,190.943708864387,222.102981769073,190.389636622861,190.389636622861,190.943708864387,211.663275478068,,8746.786285087370,12420.169774925518,8746.786285087370,12420.169774925518
379000,190.943708864387,190.943708864387,211.663275478068,190.389636622861,190.389636622861,190.943708864387,211.509494325871,,8746.786285087370,12420.169774925518,8746.786285087370,12420.169774925518
380000,190.943708864387,190.943708864387,211.663275478068,190.389636622861,190.389636622861,190.943708864387,211.509494325871,,8746.786285087370,12420.169774925518,8746.786285087370,12420.169774925518
381000,190.943708864387,190.943708864387,211.663275478068,190.389636622861,190.389636622861,190.943708864387,211.741460433488,,8746.786285087370,12420.169774925518,8746.786285087370,12420.169774925518
382000,190.943708864387,190.943708864387,211.663275478068,190.389636622861,190.389636622861,190.943708864387,204.455912826402,,8746.786285087370,12420.169774925518,8746.786285087370,12420.169774925518
383000,190.943708864387,190.943708864387,211.663275478068,190.389636622861,190.389636622861,190.943708864387,204.415701633794,,8746.786285087370,12420.169774925518,8746.786285087370,12420.169774925518
384000,190.943708864387,190.943708864387,211.663275478068,190.389636622861,190.389636622861,190.943708864387,217.310157964604,,8746.786285087370,12420.169774925518,8746.786285087370,12420.169774925518
385000,190.943708864387,190.943708864387,211.663275478068,190.389636622861,190.389636622861,190.943708864387,249.477807204764,,8746.786285087370,12420.169774925518,8746.786285087370,12420.169774925518
386000,190.943708864387,190.943708864387,211.663275478068,190.389636622861,190.389636622861,190.943708864387,233.964809059525,,8746.786285087370,12420.169774925518,8746.786285087370,12420.169774925518
387000,190.943708864387,190.943708864387,211.663275478068,190.389636622861,190.389636622861,190.943708864387,215.081922556565,,8746.786285087370,12420.169774925518,8746.786285087370,12420.169774925518
388000,190.943708864387,190.943708864387,211.663275478068,190.389636622861,190.389636622861,190.943708864387,223.384871055045,,8746.786285087370,12420.169774925518,8746.786285087370,12420.169774925518
389000,190.943708864387,190.943708864387,211.663275478068,190.389636622861,190.389636622861,190.943708864387,228.882779484540,,8746.786285087370,12420.169774925518,8746.786285087370,12420.169774925518
390000,190.943708864387,190.943708864387,211.663275478068,190.389636622861,190.389636622861,190.943708864387,241.047330180127,,8746.786285087370,12420.169774925518,8746.786285087370,12420.169774925518
391000,190.943708864387,190.943708864387,211.663275478068,190.389636622861,190.389636622861,190.943708864387,270.465677329890,,8746.786285087370,12420.169774925518,8746.786285087370,12420.169774925518
392000,190.943708864387,190.943708864387,211.663275478068,190.389636622861,190.389636622861,190.943708864387,241.757245993354,,8746.786285087370,12420.169774925518,8746.786285087370,12420.169774925518
393000,190.943708864387,190.943708864387,211.663275478068,190.389636622861,190.389636622861,190.943708864387,258.140859704348,,8746.786285087370,12420.169774925518,8746.786285087370,12420.169774925518
394000,190.943708864387,190.943708864387,211.663275478068,190.389636622861,190.389636622861,190.943708864387,308.452441029914,,8746.786285087370,12420.169774925518,8746.786285087370,12420.169774925518
395000,190.943708864387,190.943708864387,211.663275478068,190.389636622861,190.389636622861,190.943708864387,278.172516546707,,8746.786285087370,12420.169774925518,8746.786285087370,12420.169774925518
396000,190.943708864387,190.943708864387,211.663275478068,190.389636622861,190.389636622861,190.943708864387,290.729312568792,,8746.786285087370,12420.169774925518,8746.786285087370,12420.169774925518
397000,190.943708864387,190.943708864387,211.663275478068,190.389636622861,190.389636622861,190.943708864387,274.043584293639,,8746.786285087370,12420.169774925518,8746.786285087370,12420.169774925518
398000,190.943708864387,190.943708864387,211.663275478068,190.389636622861,190.389636622861,190.943708864387,286.431483964148,,8746.786285087370,12420.169774925518,8746.786285087370,12420.169774925518
399000,190.943708864387,190.943708864387,211.663275478068,190.389636622861,190.389636622861,190.943708864387,280.691087402841,,8746.786285087370,12420.169774925518,8746.786285087370,12420.169774925518
400000,190.943708864387,190.943708864387,211.663275478068,190.389636622861,190.389636622861,190.943708864387,283.153780288930,,8746.786285087370,12420.169774925518,8746.786285087370,12420.169774925518
401000,190.943708864387,190.943708864387,211.663275478068,190.389636622861,190.389636622861,190.943708864387,298.225368977004,,8746.786285087370,12420.169774925518,8746.786285087370,12420.169774925518
402000,190.943708864387,190.943708864387,211.663275478068,190.389636622861,190.389636622861,190.943708864387,299.138910696855,,8746.786285087370,12420.169774925518,8746.786285087370,12420.169774925518
403000,190.943708864387,190.943708864387,216.664709062201,190.389636622861,190.389636622861,190.943708864387,213.888809308432,195.727469710126,8746.786285087370,12420.169774925518,8746.786285087370,12420.169774925518
404000,190.943708864387,190.943708864387,207.997570050786,190.389636622861,190.389636622861,190.943708864387,206.621598255941,,8746.786285087370,12420.169774925518,8746.786285087370,12420.169774925518
405000,190.943708864387,190.943708864387,215.666502796993,190.389636622861,190.389636622861,190.943708864387,208.417807111763,,8746.786285087370,12420.169774925518,8746.786285087370,12420.169774925518
406000,190.943708864387,190.943708864387,219.652022088963,190.389636622861,190.389636622861,190.943708864387,210.831795940499,,8746.786285087370,12420.169774925518,8746.786285087370,12420.169774925518
407000,190.943708864387,190.943708864387,234.859691210137,190.389636622861,190.389636622861,190.943708864387,214.950412043472,,8746.786285087370,12420.169774925518,8746.786285087370,12420.169774925518
408000,190.943708864387,190.943708864387,224.135553689601,190.389636622861,190.389636622861,190.943708864387,213.159745300958,,8746.786285087370,12420.169774925518,8746.786285087370,12420.169774925518
409000,190.943708864387,190.943708864387,224.135553689601,190.389636622861,190.389636622861,190.943708864387,220.745922984349,,8746.786285087370,12420.169774925518,8746.786285087370,12420.169774925518
410000,190.943708864387,190.943708864387,224.135553689601,190.389636622861,190.389636622861,190.943708864387,207.768894065910,,8746.786285087370,12420.169774925518,8746.786285087370,12420.169774925518
411000,190.943708864387,190.943708864387,224.135553689601,190.389636622861,190.389636622861,190.943708864387,212.847689802812,,8746.786285087370,12420.169774925518,8746.786285087370,12420.169774925518
412000,190.943708864387,190.943708864387,224.135553689601,190.389636622861,190.389636622861,190.943708864387,207.936218245440,,8746.786285087370,12420.169774925518,8746.786285087370,12420.169774925518
413000,190.943708864387,190.943708864387,224.135553689601,190.389636622861,190.389636622861,190.943708864387,207.936218245440,,8746.786285087370,12420.169774925518,8746.786285087370,12420.169774925518
414000,190.943708864387,190.943708864387,224.135553689601,190.389636622861,190.389636622861,190.943708864387,240.703767350909,,8746.786285087370,12420.169774925518,8746.786285087370,12420.169774925518
415000,190.943708864387,190.943708864387,224.135553689601,190.389636622861,190.389636622861,190.943708864387,290.422634073392,,8746.786285087370,12420.169774925518,8746.786285087370,12420.169774925518
416000,190.943708864387,190.943708864387,224.135553689601,190.389636622861,190.389636622861,190.943708864387,251.875686560371,,8746.786285087370,12420.169774925518,8746.786285087370,12420.169774925518
417000,190.943708864387,190.943708864387,224.135553689601,190.389636622861,190.389636622861,190.943708864387,201.509971404621,,8746.786285087370,12420.169774925518,8746.786285087370,12420.169774925518
418000,190.943708864387,190.943708864387,224.135553689601,190.389636622861,190.389636622861,190.943708864387,237.319366874664,,8746.786285087370,12420.169774925518,8746.786285087370,12420.169774925518
419000,190.943708864387,190.943708864387,224.135553689601,190.389636622861,190.389636622861,190.943708864387,232.896374906136,,8746.786285087370,12420.169774925518,8746.786285087370,12420.169774925518
420000,190.943708864387,190.943708864387,224.135553689601,190.389636622861,190.389636622861,190.943708864387,249.397684863265,,8746.786285087370,12420.169774925518,8746.786285087370,12420.169774925518
421000,190.943708864387,190.943708864387,224.135553689601,190.389636622861,190.389636622861,190.943708864387,230.819483712961,,8746.786285087370,12420.169774925518,8746.786285087370,12420.169774925518
422000,190.943708864387,190.943708864387,224.135553689601,190.389636622861,190.389636622861,190.943708864387,212.314586190272,,8746.786285087370,12420.169774925518,8746.786285087370,12420.169774925518
423000,190.943708864387,190.943708864387,224.135553689601,190.389636622861,190.389636622861,190.943708864387,273.280901525526,,8746.786285087370,12420.169774925518,8746.786285087370,12420.169774925518
424000,190.943708864387,190.943708864387,224.135553689601,190.389636622861,190.389636622861,190.943708864387,282.831785005108,,8746.786285087370,12420.169774925518,8746.786285087370,12420.169774925518
425000,190.943708864387,190.943708864387,224.135553689601,190.389636622861,190.389636622861,190.943708864387,305.568539630950,,8746.786285087370,12420.169774925518,8746.786285087370,12420.169774925518
426000,190.943708864387,190.943708864387,224.135553689601,190.389636622861,190.389636622861,190.943708864387,289.118687550400,,8746.786285087370,12420.169774925518,8746.786285087370,12420.169774925518
427000,190.943708864387,190.943708864387,224.135553689601,190.389636622861,190.389636622861,190.943708864387,292.592041119142,,8746.786285087370,12420.169774925518,8746.786285087370,12420.169774925518
428000,190.943708864387,190.943708864387,224.135553689601,190.389636622861,190.389636622861,190.943708864387,292.581902937780,,8746.786285087370,12420.169774925518,8746.786285087370,12420.169774925518
429000,190.943708864387,190.943708864387,224.135553689601,190.389636622861,190.389636622861,190.943708864387,296.910100769961,,8746.786285087370,12420.169774925518,8746.786285087370,12420.169774925518
430000,190.943708864387,190.943708864387,224.135553689601,190.389636622861,190.389636622861,190.943708864387,282.857307060494,,8746.786285087370,12420.169774925518,8746.786285087370,12420.169774925518
431000,190.943708864387,190.943708864387,212.187030900864,190.389636622861,190.389636622861,190.943708864387,212.187030900864,195.727469710126,8746.786285087370,12420.169774925518,8746.786285087370,12420.169774925518
432000,190.943708864387,190.943708864387,218.470669293807,190.389636622861,190.389636622861,190.943708864387,211.137319100967,,8746.786285087370,12420.169774925518,8746.786285087370,12420.169774925518
433000,190.943708864387,190.943708864387,229.028621975414,190.389636622861,190.389636622861,190.943708864387,224.960907916180,,8746.786285087370,12420.169774925518,8746.786285087370,12420.169774925518
434000,190.943708864387,190.943708864387,210.336693826966,190.389636622861,190.389636622861,190.943708864387,207.858709333655,,8746.786285087370,12420.169774925518,8746.786285087370,12420.169774925518
435000,190.943708864387,190.943708864387,239.264288134523,190.389636622861,190.389636622861,190.943708864387,221.577121778020,,8746.786285087370,12420.169774925518,8746.786285087370,12420.169774925518
436000,190.943708864387,190.943708864387,233.829246449766,190.389636622861,190.389636622861,190.943708864387,224.720801248299,,8746.786285087370,12420.169774925518,8746.786285087370,12420.169774925518
437000,190.943708864387,190.943708864387,233.829246449766,190.389636622861,190.389636622861,190.943708864387,215.551237809302,,8746.786285087370,12420.169774925518,8746.786285087370,12420.169774925518
438000,190.943708864387,190.943708864387,233.829246449766,190.389636622861,190.389636622861,190.943708864387,222.063997157151,,8746.786285087370,12420.169774925518,8746.786285087370,12420.169774925518
439000,190.943708864387,190.943708864387,233.829246449766,190.389636622861,190.389636622861,190.943708864387,219.900239581987,,8746.786285087370,12420.169774925518,8746.786285087370,12420.169774925518
440000,190.943708864387,190.943708864387,233.829246449766,190.389636622861,190.389636622861,190.943708864387,218.201554210815,,8746.786285087370,12420.169774925518,8746.786285087370,12420.169774925518
441000,190.943708864387,190.943708864387,233.829246449766,190.389636622861,190.389636622861,190.943708864387,218.201554210815,,8746.786285087370,12420.169774925518,8746.786285087370,12420.169774925518
442000,190.943708864387,190.943708864387,233.829246449766,190.389636622861,190.389636622861,190.943708864387,237.409724776581,,8746.786285087370,12420.169774925518,8746.786285087370,12420.169774925518
443000,190.943708864387,190.943708864387,233.829246449766,190.389636622861,190.389636622861,190.943708864387,231.009197355452,,8746.786285087370,12420.169774925518,8746.786285087370,12420.169774925518
444000,190.943708864387,190.943708864387,233.829246449766,190.389636622861,190.389636622861,190.943708864387,235.816766238698,,8746.786285087370,12420.169774925518,8746.786285087370,12420.169774925518
445000,190.943708864387,190.943708864387,233.829246449766,190.389636622861,190.389636622861,190.943708864387,258.860652876243,,8746.786285087370,12420.169774925518,8746.786285087370,12420.169774925518
446000,190.943708864387,190.943708864387,233.829246449766,190.389636622861,190.389636622861,190.943708864387,238.242597743271,,8746.786285087370,12420.169774925518,8746.786285087370,12420.169774925518
447000,190.943708864387,190.943708864387,233.829246449766,190.389636622861,190.389636622861,190.943708864387,224.130124906449,,8746.786285087370,12420.169774925518,8746.786285087370,12420.169774925518
448000,190.943708864387,190.943708864387,233.829246449766,190.389636622861,190.389636622861,190.943708864387,221.845377021442,,8746.786285087370,12420.169774925518,8746.786285087370,12420.169774925518
449000,190.943708864387,190.943708864387,233.829246449766,190.389636622861,190.389636622861,190.943708864387,226.389338830929,,8746.786285087370,12420.169774925518,8746.786285087370,12420.169774925518
450000,190.943708864387,190.943708864387,233.829246449766,190.389636622861,190.389636622861,190.943708864387,261.350375055237,,8746.786285087370,12420.169774925518,8746.786285087370,12420.169774925518
451000,190.943708864387,190.943708864387,233.829246449766,190.389636622861,190.389636622861,190.943708864387,237.314986508306,,8746.786285087370,12420.169774925518,8687.579404018887,12420.169774925518
452000,190.943708864387,190.943708864387,233.829246449766,190.389636622861,190.389636622861,190.943708864387,258.964705088547,,8746.786285087370,12420.169774925518,8687.579404018887,12420.169774925518
453000,190.943708864387,190.943708864387,233.829246449766,190.389636622861,190.389636622861,190.943708864387,245.552165891138,,8746.786285087370,12420.169774925518,8687.579404018887,12420.169774925518
454000,190.943708864387,190.943708864387,233.829246449766,190.389636622861,190.389636622861,190.943708864387,255.931688132609,,8746.786285087370,12420.169774925518,8687.579404018887,12420.169774925518
455000,190.943708864387,190.943708864387,233.829246449766,190.389636622861,190.389636622861,190.943708864387,257.504329294331,,8746.786285087370,12420.169774925518,8686.240828261056,12420.169774925518
456000,190.943708864387,190.943708864387,233.829246449766,190.389636622861,190.389636622861,190.943708864387,307.344683748511,,8746.786285087370,12420.169774925518,8686.240828261056,12420.169774925518
457000,190.943708864387,190.943708864387,233.829246449766,190.389636622861,190.389636622861,190.943708864387,294.585833440200,,8746.786285087370,12420.169774925518,8686.240828261056,12420.169774925518
458000,190.943708864387,190.943708864387,233.829246449766,190.389636622861,190.389636622861,190.943708864387,308.180713824659,,8746.786285087370,12420.169774925518,8686.240828261056,12420.169774925518
459000,190.943708864387,190.943708864387,233.829246449766,190.389636622861,190.389636622861,190.943708864387,305.819224215764,,8746.786285087370,12420.169774925518,8686.240828261056,12420.169774925518
460000,190.943708864387,190.943708864387,212.511036781964,190.389636622861,190.389636622861,190.943708864387,211.907333550255,195.727469710126,8686.240828261056,12420.169774925518,8686.240828261056,12420.169774925518
461000,190.943708864387,190.943708864387,217.494759867381,190.389636622861,190.389636622861,190.943708864387,217.164825338372,,8686.240828261056,12420.169774925518,8686.240828261056,12420.169774925518
462000,190.943708864387,190.943708864387,227.632946393585,190.389636622861,190.389636622861,190.943708864387,201.654622831497,,8686.240828261056,12420.169774925518,8686.240828261056,12420.169774925518
463000,190.943708864387,190.943708864387,242.025755323603,190.389636622861,190.389636622861,190.943708864387,221.132439968909,,8686.240828261056,12420.169774925518,8686.240828261056,12420.169774925518
464000,190.943708864387,190.943708864387,224.850083829112,190.389636622861,190.389636622861,190.943708864387,224.850083829112,,8686.240828261056,12420.169774925518,8686.240828261056,12420.169774925518
465000,190.943708864387,190.943708864387,232.600375445030,190.389636622861,190.389636622861,190.943708864387,207.322432883945,,8686.240828261056,12420.169774925518,8686.240828261056,12420.169774925518
466000,190.943708864387,190.943708864387,232.600375445030,190.389636622861,190.389636622861,190.943708864387,206.475732596129,,8686.240828261056,12420.169774925518,8686.240828261056,12420.169774925518
467000,190.943708864387,190.943708864387,232.600375445030,190.389636622861,190.389636622861,190.943708864387,225.627684986832,,8686.240828261056,12420.169774925518,8686.240828261056,12420.169774925518
468000,190.943708864387,190.943708864387,232.600375445030,190.389636622861,190.389636622861,190.943708864387,225.627684986832,,8686.240828261056,12420.169774925518,8686.240828261056,12420.169774925518
469000,190.943708864387,190.943708864387,232.600375445030,190.389636622861,190.389636622861,190.943708864387,219.714187621297,,8686.240828261056,12420.169774925518,8686.240828261056,12420.169774925518
470000,190.943708864387,190.943708864387,232.600375445030,190.389636622861,190.389636622861,190.943708864387,197.365107395428,,8686.240828261056,12420.169774925518,8686.240828261056,12420.169774925518
471000,190.943708864387,190.943708864387,232.600375445030,190.389636622861,190.389636622861,190.943708864387,283.314346077843,,8686.240828261056,12420.169774925518,8686.240828261056,12420.169774925518
472000,190.943708864387,190.943708864387,232.600375445030,190.389636622861,190.389636622861,190.943708864387,296.829480880427,,8686.240828261056,12420.169774925518,8686.240828261056,12420.169774925518
473000,190.943708864387,190.943708864387,232.600375445030,190.389636622861,190.389636622861,190.943708864387,235.750018094409,,8686.240828261056,12420.169774925518,8686.240828261056,12420.169774925518
474000,190.943708864387,190.943708864387,232.600375445030,190.389636622861,190.389636622861,190.943708864387,232.729217711507,,8686.240828261056,12420.169774925518,8686.240828261056,12420.169774925518
475000,190.943708864387,190.943708864387,232.600375445030,190.389636622861,190.389636622861,190.943708864387,237.720213110247,,8686.240828261056,12420.169774925518,8686.240828261056,12420.169774925518
476000,190.943708864387,190.943708864387,232.600375445030,190.389636622861,190.389636622861,190.943708864387,224.322473800029,,8686.240828261056,12420.169774925518,8686.240828261056,12420.169774925518
477000,190.943708864387,190.943708864387,232.600375445030,190.389636622861,190.389636622861,190.943708864387,231.985084293756,,8686.240828261056,12420.169774925518,8686.240828261056,12420.169774925518
478000,190.943708864387,190.943708864387,232.600375445030,190.389636622861,190.389636622861,190.943708864387,237.566886551152,,8686.240828261056,12420.169774925518,8686.240828261056,12420.169774925518
479000,190.943708864387,190.943708864387,232.600375445030,190.389636622861,190.389636622861,190.943708864387,221.976340035627,,8686.240828261056,12420.169774925518,8686.240828261056,12420.169774925518
480000,190.943708864387,190.943708864387,232.600375445030,190.389636622861,190.389636622861,190.943708864387,336.230932217647,,8686.240828261056,12420.169774925518,8686.240828261056,12420.169774925518
481000,190.943708864387,190.943708864387,232.600375445030,190.389636622861,190.389636622861,190.943708864387,275.547419554907,,8686.240828261056,12420.169774925518,8686.240828261056,12420.169774925518
482000,190.943708864387,190.943708864387,232.600375445030,190.389636622861,190.389636622861,190.943708864387,271.424881255808,,8686.240828261056,12420.169774925518,8686.240828261056,12420.169774925518
483000,190.943708864387,190.943708864387,232.600375445030,190.389636622861,190.389636622861,190.943708864387,247.985599447900,,8686.240828261056,12420.169774925518,8686.240828261056,12420.169774925518
484000,190.943708864387,190.943708864387,232.600375445030,190.389636622861,190.389636622861,190.943708864387,271.242188340004,,8686.240828261056,12420.169774925518,8686.240828261056,12420.169774925518
485000,190.943708864387,190.943708864387,232.600375445030,190.389636622861,190.389636622861,190.943708864387,294.770888854517,,8686.240828261056,12420.169774925518,8686.240828261056,12420.169774925518
486000,190.943708864387,190.943708864387,232.600375445030,190.389636622861,190.389636622861,190.943708864387,283.153780288930,,8686.240828261056,12420.169774925518,8686.240828261056,12420.169774925518
487000,190.943708864387,190.943708864387,232.600375445030,190.389636622861,190.389636622861,190.943708864387,292.899393320425,,8686.240828261056,12420.169774925518,8686.240828261056,12420.169774925518
488000,190.943708864387,190.943708864387,232.600375445030,190.389636622861,190.389636622861,190.943708864387,292.571422391283,,8686.240828261056,12420.169774925518,8686.240828261056,12420.169774925518
489000,190.943708864387,190.943708864387,228.883212990731,190.389636622861,190.389636622861,190.943708864387,201.345583037769,195.727469710126,8686.240828261056,12420.169774925518,8686.240828261056,12420.169774925518
490000,190.943708864387,190.943708864387,234.507937546276,190.389636622861,190.389636622861,190.943708864387,211.540516149935,,8686.240828261056,12420.169774925518,8686.240828261056,12420.169774925518
491000,190.943708864387,190.943708864387,218.848589960813,190.389636622861,190.389636622861,190.943708864387,213.580674195607,,8686.240828261056,12420.169774925518,8686.240828261056,12420.169774925518
492000,190.943708864387,190.943708864387,232.519962930598,190.389636622861,190.389636622861,190.943708864387,219.009684187576,,8686.240828261056,12420.169774925518,8686.240828261056,12420.169774925518
493000,190.943708864387,190.943708864387,231.787051600486,190.389636622861,190.389636622861,190.943708864387,220.002172689783,,8686.240828261056,12420.169774925518,8686.240828261056,12420.169774925518
494000,190.943708864387,190.943708864387,228.685579483252,190.389636622861,190.389636622861,190.943708864387,209.369559732963,,8686.240828261056,12420.169774925518,8686.240828261056,12420.169774925518
495000,190.943708864387,190.943708864387,228.685579483252,190.389636622861,190.389636622861,190.943708864387,197.119247184793,,8686.240828261056,12420.169774925518,8686.240828261056,12420.169774925518
496000,190.943708864387,190.943708864387,228.685579483252,190.389636622861,190.389636622861,190.943708864387,223.349218416769,,8686.240828261056,12420.169774925518,8686.240828261056,12420.169774925518
497000,190.943708864387,190.943708864387,228.685579483252,190.389636622861,190.389636622861,190.943708864387,209.567162780882,,8686.240828261056,12420.169774925518,8686.240828261056,12420.169774925518
498000,190.943708864387,190.943708864387,228.685579483252,190.389636622861,190.389636622861,190.943708864387,233.742826763613,,8686.240828261056,12420.169774925518,8686.240828261056,12420.169774925518
499000,190.943708864387,190.943708864387,228.685579483252,190.389636622861,190.389636622861,190.943708864387,200.382306645494,,8686.240828261056,12420.169774925518,8686.240828261056,12420.169774925518
500000,190.943708864387,190.943708864387,228.685579483252,190.389636622861,190.389636622861,190.943708864387,244.905766932377,,8686.240828261056,12420.169774925518,8686.240828261056,12420.169774925518
