subSwarmSemanticsVersion=P6.5-subswarm-semantics-v1
subSwarmRoleMappingSha256=C636B40AA1F3ACB393B29E96663DCAE9DFDF9803E91F48EA6A8BCC4B17E23C03
G1_CMAX.state=1
G1_CMAX.q0=[-170.28020566761802, 0.0, 0.0]
G1_CMAX.q1=[-317.8399900083846, -322.29029815975025, -223.18971778577097]
G2_TEC.state=1
G2_TEC.q0=[-497.3824866529059, -1788.9759642363167, -1061.6319570896158]
G2_TEC.q1=[-1830.8570693397355, -1621.0742321267933, -1728.1753332300866]
G3_TWC.state=1
G3_TWC.q0=[-9524.238776446407, -8386.158624904012, 0.0]
G3_TWC.q1=[-16235.687195172633, -27771.17955785006, -17567.64802485364]
G4_BALANCED.state=1
G4_BALANCED.q0=[-0.14627559277059932, -0.0168438054560111, -0.029140885955688145]
G4_BALANCED.q1=[-0.2970819107213728, -0.2842201297981361, -0.28312622743395033]
event=0:G1_CMAX:tournament:reason=initialize,left=8,right=1,selected=[58, 42, 31, 41, 13, 3, 75, 93, 72, 99, 18, 66, 89, 35, 4, 50, 34, 68, 40, 79, 2, 74, 5, 32, 97, 8, 57, 36, 67, 29, 73, 55, 23, 26, 9, 59, 16, 63, 71, 90, 94, 1, 83, 69, 25, 48, 44, 0, 53, 62, 15, 21, 49, 91, 22, 86, 11, 27, 54, 47, 85, 46, 33, 65, 20, 43, 6, 30, 88, 7, 38, 87, 10, 76, 92, 70, 12, 82, 14, 95, 56, 52, 98, 96, 28, 60, 77, 17, 37, 45, 51, 24, 84, 64, 78, 80, 19, 81, 61, 39]|[1, 2, 0, 0, 0, 0, 1, 1, 1, 2, 0, 0, 1, 1, 1, 1, 1, 1, 1, 0, 2, 2, 2, 2, 1, 0, 1, 0, 2, 2, 0, 0, 2, 0, 2, 0, 1, 0, 2, 2, 1, 1, 2, 2, 1, 0, 1, 0, 2, 0, 0, 0, 1, 0, 2, 1, 2, 1, 2, 2, 0, 2, 0, 1, 2, 1, 1, 1, 1, 1, 1, 2, 1, 2, 1, 0, 1, 1, 1, 1, 2, 1, 2, 1, 1, 2, 2, 0, 0, 0, 2, 0, 0, 1, 1, 2, 2, 2, 1, 1]|[3, 0, 1, 1, 0, 0, 1, 2, 3, 0, 0, 1, 2, 1, 0, 3, 3, 1, 1, 0, 0, 0, 1, 1, 3, 2, 0, 2, 2, 0, 0, 0, 2, 2, 2, 2, 3, 2, 2, 1, 0, 1, 1, 0, 2, 0, 0, 0, 0, 0, 2, 2, 0, 0, 0, 0, 0, 2, 2, 2, 1, 2, 0, 3, 0, 2, 2, 3, 4, 3, 2, 1, 4, 0, 2, 1, 4, 4, 2, 4, 0, 1, 2, 1, 0, 1, 0, 0, 2, 0, 1, 0, 2, 1, 1, 1, 2, 0, 2, 1]|[1, 0, 0, 0, 0, 0, 1, 1, 1, 0, 1, 1, 0, 1, 0, 0, 3, 3, 2, 0, 1, 1, 1, 1, 0, 1, 2, 0, 1, 1, 0, 1, 0, 0, 0, 0, 0, 1, 0, 1, 0, 1, 0, 0, 3, 1, 1, 0, 0, 1, 0, 0, 1, 0, 1, 3, 0, 3, 1, 0, 0, 0, 1, 1, 0, 0, 1, 3, 2, 1, 2, 1, 3, 1, 1, 0, 2, 3, 0, 0, 1, 2, 0, 3, 0, 0, 1, 0, 1, 1, 0, 0, 1, 1, 0, 0, 0, 1, 1, 1]
event=1:G1_CMAX:action:mode=exploit,state=0,draw=0.1524246228149928,action=0
event=2:G1_CMAX:leader:action=0,fingerprint=[58, 42, 31, 41, 13, 3, 75, 93, 72, 99, 18, 66, 89, 35, 4, 50, 34, 68, 40, 79, 2, 74, 5, 32, 97, 8, 57, 36, 67, 29, 73, 55, 23, 26, 9, 59, 16, 63, 71, 90, 94, 1, 83, 69, 25, 48, 44, 0, 53, 62, 15, 21, 49, 91, 22, 86, 11, 27, 54, 47, 85, 46, 33, 65, 20, 43, 6, 30, 88, 7, 38, 87, 10, 76, 92, 70, 12, 82, 14, 95, 56, 52, 98, 96, 28, 60, 77, 17, 37, 45, 51, 24, 84, 64, 78, 80, 19, 81, 61, 39]|[1, 2, 0, 0, 0, 0, 1, 1, 1, 2, 0, 0, 1, 1, 1, 1, 1, 1, 1, 0, 2, 2, 2, 2, 1, 0, 1, 0, 2, 2, 0, 0, 2, 0, 2, 0, 1, 0, 2, 2, 1, 1, 2, 2, 1, 0, 1, 0, 2, 0, 0, 0, 1, 0, 2, 1, 2, 1, 2, 2, 0, 2, 0, 1, 2, 1, 1, 1, 1, 1, 1, 2, 1, 2, 1, 0, 1, 1, 1, 1, 2, 1, 2, 1, 1, 2, 2, 0, 0, 0, 2, 0, 0, 1, 1, 2, 2, 2, 1, 1]|[3, 0, 1, 1, 0, 0, 1, 2, 3, 0, 0, 1, 2, 1, 0, 3, 3, 1, 1, 0, 0, 0, 1, 1, 3, 2, 0, 2, 2, 0, 0, 0, 2, 2, 2, 2, 3, 2, 2, 1, 0, 1, 1, 0, 2, 0, 0, 0, 0, 0, 2, 2, 0, 0, 0, 0, 0, 2, 2, 2, 1, 2, 0, 3, 0, 2, 2, 3, 4, 3, 2, 1, 4, 0, 2, 1, 4, 4, 2, 4, 0, 1, 2, 1, 0, 1, 0, 0, 2, 0, 1, 0, 2, 1, 1, 1, 2, 0, 2, 1]|[1, 0, 0, 0, 0, 0, 1, 1, 1, 0, 1, 1, 0, 1, 0, 0, 3, 3, 2, 0, 1, 1, 1, 1, 0, 1, 2, 0, 1, 1, 0, 1, 0, 0, 0, 0, 0, 1, 0, 1, 0, 1, 0, 0, 3, 1, 1, 0, 0, 1, 0, 0, 1, 0, 1, 3, 0, 3, 1, 0, 0, 0, 1, 1, 0, 0, 1, 3, 2, 1, 2, 1, 3, 1, 1, 0, 2, 3, 0, 0, 1, 2, 0, 3, 0, 0, 1, 0, 1, 1, 0, 0, 1, 1, 0, 0, 0, 1, 1, 1]
event=3:G4_BALANCED:tournament:reason=initialize,left=1,right=3,selected=[54, 53, 12, 76, 16, 0, 26, 23, 5, 61, 60, 93, 97, 48, 52, 13, 32, 77, 37, 79, 45, 33, 3, 82, 44, 51, 30, 4, 34, 62, 91, 20, 74, 15, 17, 95, 89, 67, 35, 9, 27, 63, 72, 80, 87, 41, 39, 65, 68, 59, 11, 75, 46, 70, 86, 18, 83, 24, 85, 28, 56, 78, 90, 36, 64, 47, 96, 40, 7, 98, 84, 92, 58, 99, 8, 14, 22, 81, 2, 94, 88, 38, 10, 55, 21, 49, 42, 73, 25, 6, 69, 50, 29, 31, 57, 43, 19, 66, 1, 71]|[1, 0, 1, 0, 1, 0, 0, 1, 2, 0, 1, 0, 2, 1, 0, 2, 0, 2, 0, 2, 0, 2, 0, 1, 1, 2, 2, 2, 1, 1, 0, 1, 2, 1, 2, 1, 0, 1, 2, 0, 1, 0, 2, 2, 2, 1, 1, 2, 0, 2, 2, 1, 0, 0, 1, 0, 1, 1, 1, 1, 1, 1, 1, 1, 0, 2, 2, 0, 1, 0, 0, 2, 2, 0, 2, 2, 0, 2, 2, 0, 1, 1, 2, 1, 0, 0, 0, 0, 2, 0, 1, 1, 2, 0, 1, 1, 1, 1, 1, 1]|[2, 2, 0, 2, 4, 2, 0, 2, 1, 1, 1, 2, 2, 0, 1, 2, 0, 0, 0, 2, 2, 1, 1, 0, 2, 0, 2, 0, 4, 4, 0, 2, 2, 4, 1, 3, 1, 1, 2, 2, 4, 1, 0, 2, 2, 3, 0, 1, 0, 0, 0, 0, 1, 2, 4, 2, 4, 1, 4, 4, 2, 2, 2, 2, 2, 0, 1, 1, 4, 1, 2, 1, 1, 1, 0, 2, 1, 0, 1, 0, 0, 4, 0, 2, 2, 2, 2, 1, 2, 2, 3, 1, 2, 1, 0, 3, 3, 2, 4, 0]|[1, 1, 2, 1, 1, 0, 0, 2, 0, 1, 3, 0, 1, 3, 0, 0, 0, 0, 1, 1, 0, 1, 0, 1, 0, 0, 1, 1, 3, 2, 1, 2, 1, 1, 0, 2, 1, 2, 1, 1, 1, 1, 1, 1, 0, 1, 1, 1, 1, 1, 1, 1, 0, 1, 3, 1, 0, 1, 0, 1, 0, 2, 0, 2, 1, 1, 0, 1, 0, 1, 1, 1, 1, 1, 1, 0, 0, 0, 0, 0, 3, 3, 1, 1, 0, 1, 1, 0, 1, 0, 1, 3, 1, 1, 0, 1, 2, 0, 0, 0]
event=4:G4_BALANCED:action:mode=exploit,state=0,draw=0.5143578079457197,action=0
event=5:G4_BALANCED:leader:action=0,fingerprint=[54, 53, 12, 76, 16, 0, 26, 23, 5, 61, 60, 93, 97, 48, 52, 13, 32, 77, 37, 79, 45, 33, 3, 82, 44, 51, 30, 4, 34, 62, 91, 20, 74, 15, 17, 95, 89, 67, 35, 9, 27, 63, 72, 80, 87, 41, 39, 65, 68, 59, 11, 75, 46, 70, 86, 18, 83, 24, 85, 28, 56, 78, 90, 36, 64, 47, 96, 40, 7, 98, 84, 92, 58, 99, 8, 14, 22, 81, 2, 94, 88, 38, 10, 55, 21, 49, 42, 73, 25, 6, 69, 50, 29, 31, 57, 43, 19, 66, 1, 71]|[1, 0, 1, 0, 1, 0, 0, 1, 2, 0, 1, 0, 2, 1, 0, 2, 0, 2, 0, 2, 0, 2, 0, 1, 1, 2, 2, 2, 1, 1, 0, 1, 2, 1, 2, 1, 0, 1, 2, 0, 1, 0, 2, 2, 2, 1, 1, 2, 0, 2, 2, 1, 0, 0, 1, 0, 1, 1, 1, 1, 1, 1, 1, 1, 0, 2, 2, 0, 1, 0, 0, 2, 2, 0, 2, 2, 0, 2, 2, 0, 1, 1, 2, 1, 0, 0, 0, 0, 2, 0, 1, 1, 2, 0, 1, 1, 1, 1, 1, 1]|[2, 2, 0, 2, 4, 2, 0, 2, 1, 1, 1, 2, 2, 0, 1, 2, 0, 0, 0, 2, 2, 1, 1, 0, 2, 0, 2, 0, 4, 4, 0, 2, 2, 4, 1, 3, 1, 1, 2, 2, 4, 1, 0, 2, 2, 3, 0, 1, 0, 0, 0, 0, 1, 2, 4, 2, 4, 1, 4, 4, 2, 2, 2, 2, 2, 0, 1, 1, 4, 1, 2, 1, 1, 1, 0, 2, 1, 0, 1, 0, 0, 4, 0, 2, 2, 2, 2, 1, 2, 2, 3, 1, 2, 1, 0, 3, 3, 2, 4, 0]|[1, 1, 2, 1, 1, 0, 0, 2, 0, 1, 3, 0, 1, 3, 0, 0, 0, 0, 1, 1, 0, 1, 0, 1, 0, 0, 1, 1, 3, 2, 1, 2, 1, 1, 0, 2, 1, 2, 1, 1, 1, 1, 1, 1, 0, 1, 1, 1, 1, 1, 1, 1, 0, 1, 3, 1, 0, 1, 0, 1, 0, 2, 0, 2, 1, 1, 0, 1, 0, 1, 1, 1, 1, 1, 1, 0, 0, 0, 0, 0, 3, 3, 1, 1, 0, 1, 1, 0, 1, 0, 1, 3, 1, 1, 0, 1, 2, 0, 0, 0]
event=6:G2_TEC:tournament:reason=initialize,left=11,right=6,selected=[37, 67, 25, 91, 93, 56, 76, 81, 55, 8, 32, 89, 92, 85, 98, 4, 78, 61, 29, 83, 99, 16, 41, 33, 70, 30, 44, 48, 5, 35, 97, 14, 31, 27, 69, 80, 53, 7, 73, 66, 51, 60, 21, 39, 88, 6, 75, 24, 0, 45, 17, 11, 43, 96, 26, 90, 20, 12, 87, 3, 95, 38, 86, 52, 15, 84, 74, 2, 57, 82, 63, 71, 46, 10, 65, 50, 22, 72, 23, 9, 64, 58, 40, 94, 19, 47, 68, 62, 49, 54, 13, 36, 1, 28, 34, 77, 42, 79, 59, 18]|[1, 2, 0, 0, 0, 1, 0, 0, 0, 1, 1, 0, 2, 2, 0, 2, 1, 1, 2, 0, 0, 2, 2, 0, 1, 0, 0, 2, 0, 0, 2, 2, 1, 0, 0, 0, 2, 0, 1, 1, 1, 2, 1, 1, 0, 1, 2, 0, 1, 0, 2, 0, 0, 0, 0, 1, 2, 1, 1, 0, 2, 1, 0, 2, 2, 1, 0, 0, 0, 0, 2, 2, 2, 0, 2, 0, 0, 0, 2, 1, 1, 1, 2, 1, 0, 0, 2, 0, 2, 0, 2, 0, 1, 1, 1, 2, 0, 1, 2, 2]|[2, 0, 2, 2, 0, 1, 2, 0, 2, 3, 3, 2, 0, 2, 2, 1, 1, 1, 1, 0, 0, 1, 0, 1, 2, 2, 0, 0, 2, 1, 0, 2, 3, 1, 0, 1, 1, 0, 0, 0, 3, 0, 0, 2, 2, 3, 2, 1, 4, 2, 1, 2, 2, 1, 2, 1, 0, 4, 0, 0, 0, 1, 0, 2, 2, 1, 0, 2, 2, 2, 0, 1, 0, 2, 0, 2, 2, 1, 1, 1, 4, 0, 2, 4, 0, 2, 0, 2, 0, 2, 1, 0, 1, 3, 0, 0, 2, 4, 0, 1]|[0, 1, 1, 1, 0, 0, 1, 1, 0, 1, 3, 1, 0, 0, 1, 1, 2, 2, 0, 1, 1, 1, 0, 1, 3, 0, 0, 1, 0, 1, 1, 1, 2, 0, 0, 1, 1, 1, 3, 0, 0, 1, 3, 3, 1, 3, 1, 0, 0, 1, 1, 1, 0, 1, 0, 1, 0, 1, 3, 1, 0, 3, 0, 0, 1, 0, 1, 0, 0, 1, 1, 0, 0, 0, 1, 1, 1, 1, 0, 1, 0, 3, 1, 2, 1, 1, 1, 1, 0, 0, 0, 1, 3, 1, 1, 1, 0, 0, 0, 0]
event=7:G2_TEC:action:mode=explore,state=0,draw=0.9344984777538962,action=2
event=8:G2_TEC:tournament:reason=action2,left=6,right=7,selected=[78, 47, 52, 65, 3, 16, 99, 61, 11, 4, 75, 97, 20, 88, 5, 18, 83, 26, 7, 44, 51, 38, 42, 84, 76, 64, 89, 0, 68, 33, 50, 34, 31, 55, 80, 29, 39, 24, 2, 22, 95, 93, 41, 36, 67, 54, 58, 56, 6, 28, 46, 53, 13, 40, 91, 8, 62, 49, 48, 90, 45, 32, 12, 43, 10, 98, 59, 81, 69, 77, 14, 23, 92, 35, 70, 87, 9, 21, 57, 85, 1, 27, 72, 60, 63, 30, 19, 96, 82, 15, 66, 74, 73, 37, 86, 79, 94, 17, 71, 25]|[2, 0, 1, 0, 2, 2, 1, 0, 1, 0, 2, 1, 2, 2, 2, 1, 0, 0, 2, 1, 0, 0, 0, 1, 1, 2, 0, 0, 2, 2, 2, 0, 1, 0, 0, 2, 2, 0, 2, 1, 1, 1, 2, 2, 0, 1, 0, 0, 1, 2, 1, 1, 1, 1, 2, 1, 0, 1, 0, 2, 2, 0, 0, 2, 0, 2, 0, 0, 0, 0, 2, 2, 2, 0, 1, 1, 1, 0, 2, 1, 1, 2, 1, 0, 1, 2, 1, 0, 2, 0, 0, 0, 1, 2, 1, 1, 0, 0, 2, 1]|[1, 0, 0, 1, 2, 1, 2, 2, 3, 2, 2, 2, 2, 0, 1, 2, 2, 2, 1, 4, 0, 2, 1, 0, 2, 2, 0, 1, 2, 1, 1, 0, 0, 1, 1, 2, 2, 2, 2, 3, 2, 3, 2, 2, 1, 2, 0, 1, 4, 1, 4, 3, 4, 4, 2, 3, 0, 0, 1, 1, 1, 0, 1, 1, 1, 0, 1, 2, 1, 2, 0, 2, 0, 2, 3, 3, 4, 1, 0, 1, 2, 1, 4, 0, 4, 1, 4, 2, 0, 2, 1, 2, 3, 2, 4, 4, 1, 1, 2, 0]|[1, 0, 0, 1, 1, 1, 0, 0, 1, 1, 0, 2, 1, 0, 0, 2, 0, 1, 0, 0, 0, 1, 1, 2, 0, 0, 0, 1, 1, 0, 1, 0, 0, 1, 1, 1, 0, 0, 0, 3, 3, 3, 0, 1, 1, 1, 1, 0, 1, 1, 2, 0, 0, 3, 1, 0, 0, 2, 0, 0, 1, 1, 1, 0, 1, 0, 0, 0, 1, 0, 1, 1, 1, 0, 3, 2, 2, 0, 0, 3, 2, 1, 3, 0, 1, 1, 0, 0, 0, 0, 0, 1, 3, 1, 3, 3, 0, 0, 0, 1]
event=9:G2_TEC:leader:action=2,fingerprint=[78, 47, 52, 65, 3, 16, 99, 61, 11, 4, 75, 97, 20, 88, 5, 18, 83, 26, 7, 44, 51, 38, 42, 84, 76, 64, 89, 0, 68, 33, 50, 34, 31, 55, 80, 29, 39, 24, 2, 22, 95, 93, 41, 36, 67, 54, 58, 56, 6, 28, 46, 53, 13, 40, 91, 8, 62, 49, 48, 90, 45, 32, 12, 43, 10, 98, 59, 81, 69, 77, 14, 23, 92, 35, 70, 87, 9, 21, 57, 85, 1, 27, 72, 60, 63, 30, 19, 96, 82, 15, 66, 74, 73, 37, 86, 79, 94, 17, 71, 25]|[2, 0, 1, 0, 2, 2, 1, 0, 1, 0, 2, 1, 2, 2, 2, 1, 0, 0, 2, 1, 0, 0, 0, 1, 1, 2, 0, 0, 2, 2, 2, 0, 1, 0, 0, 2, 2, 0, 2, 1, 1, 1, 2, 2, 0, 1, 0, 0, 1, 2, 1, 1, 1, 1, 2, 1, 0, 1, 0, 2, 2, 0, 0, 2, 0, 2, 0, 0, 0, 0, 2, 2, 2, 0, 1, 1, 1, 0, 2, 1, 1, 2, 1, 0, 1, 2, 1, 0, 2, 0, 0, 0, 1, 2, 1, 1, 0, 0, 2, 1]|[1, 0, 0, 1, 2, 1, 2, 2, 3, 2, 2, 2, 2, 0, 1, 2, 2, 2, 1, 4, 0, 2, 1, 0, 2, 2, 0, 1, 2, 1, 1, 0, 0, 1, 1, 2, 2, 2, 2, 3, 2, 3, 2, 2, 1, 2, 0, 1, 4, 1, 4, 3, 4, 4, 2, 3, 0, 0, 1, 1, 1, 0, 1, 1, 1, 0, 1, 2, 1, 2, 0, 2, 0, 2, 3, 3, 4, 1, 0, 1, 2, 1, 4, 0, 4, 1, 4, 2, 0, 2, 1, 2, 3, 2, 4, 4, 1, 1, 2, 0]|[1, 0, 0, 1, 1, 1, 0, 0, 1, 1, 0, 2, 1, 0, 0, 2, 0, 1, 0, 0, 0, 1, 1, 2, 0, 0, 0, 1, 1, 0, 1, 0, 0, 1, 1, 1, 0, 0, 0, 3, 3, 3, 0, 1, 1, 1, 1, 0, 1, 1, 2, 0, 0, 3, 1, 0, 0, 2, 0, 0, 1, 1, 1, 0, 1, 0, 0, 0, 1, 0, 1, 1, 1, 0, 3, 2, 2, 0, 0, 3, 2, 1, 3, 0, 1, 1, 0, 0, 0, 0, 0, 1, 3, 1, 3, 3, 0, 0, 0, 1]
event=10:G3_TWC:tournament:reason=initialize,left=7,right=0,selected=[78, 47, 52, 65, 3, 16, 99, 61, 11, 4, 75, 97, 20, 88, 5, 18, 83, 26, 7, 44, 51, 38, 42, 84, 76, 64, 89, 0, 68, 33, 50, 34, 31, 55, 80, 29, 39, 24, 2, 22, 95, 93, 41, 36, 67, 54, 58, 56, 6, 28, 46, 53, 13, 40, 91, 8, 62, 49, 48, 90, 45, 32, 12, 43, 10, 98, 59, 81, 69, 77, 14, 23, 92, 35, 70, 87, 9, 21, 57, 85, 1, 27, 72, 60, 63, 30, 19, 96, 82, 15, 66, 74, 73, 37, 86, 79, 94, 17, 71, 25]|[2, 0, 1, 0, 2, 2, 1, 0, 1, 0, 2, 1, 2, 2, 2, 1, 0, 0, 2, 1, 0, 0, 0, 1, 1, 2, 0, 0, 2, 2, 2, 0, 1, 0, 0, 2, 2, 0, 2, 1, 1, 1, 2, 2, 0, 1, 0, 0, 1, 2, 1, 1, 1, 1, 2, 1, 0, 1, 0, 2, 2, 0, 0, 2, 0, 2, 0, 0, 0, 0, 2, 2, 2, 0, 1, 1, 1, 0, 2, 1, 1, 2, 1, 0, 1, 2, 1, 0, 2, 0, 0, 0, 1, 2, 1, 1, 0, 0, 2, 1]|[1, 0, 0, 1, 2, 1, 2, 2, 3, 2, 2, 2, 2, 0, 1, 2, 2, 2, 1, 4, 0, 2, 1, 0, 2, 2, 0, 1, 2, 1, 1, 0, 0, 1, 1, 2, 2, 2, 2, 3, 2, 3, 2, 2, 1, 2, 0, 1, 4, 1, 4, 3, 4, 4, 2, 3, 0, 0, 1, 1, 1, 0, 1, 1, 1, 0, 1, 2, 1, 2, 0, 2, 0, 2, 3, 3, 4, 1, 0, 1, 2, 1, 4, 0, 4, 1, 4, 2, 0, 2, 1, 2, 3, 2, 4, 4, 1, 1, 2, 0]|[1, 0, 0, 1, 1, 1, 0, 0, 1, 1, 0, 2, 1, 0, 0, 2, 0, 1, 0, 0, 0, 1, 1, 2, 0, 0, 0, 1, 1, 0, 1, 0, 0, 1, 1, 1, 0, 0, 0, 3, 3, 3, 0, 1, 1, 1, 1, 0, 1, 1, 2, 0, 0, 3, 1, 0, 0, 2, 0, 0, 1, 1, 1, 0, 1, 0, 0, 0, 1, 0, 1, 1, 1, 0, 3, 2, 2, 0, 0, 3, 2, 1, 3, 0, 1, 1, 0, 0, 0, 0, 0, 1, 3, 1, 3, 3, 0, 0, 0, 1]
event=11:G3_TWC:action:mode=exploit,state=0,draw=0.39824459346634156,action=0
event=12:G3_TWC:leader:action=0,fingerprint=[78, 47, 52, 65, 3, 16, 99, 61, 11, 4, 75, 97, 20, 88, 5, 18, 83, 26, 7, 44, 51, 38, 42, 84, 76, 64, 89, 0, 68, 33, 50, 34, 31, 55, 80, 29, 39, 24, 2, 22, 95, 93, 41, 36, 67, 54, 58, 56, 6, 28, 46, 53, 13, 40, 91, 8, 62, 49, 48, 90, 45, 32, 12, 43, 10, 98, 59, 81, 69, 77, 14, 23, 92, 35, 70, 87, 9, 21, 57, 85, 1, 27, 72, 60, 63, 30, 19, 96, 82, 15, 66, 74, 73, 37, 86, 79, 94, 17, 71, 25]|[2, 0, 1, 0, 2, 2, 1, 0, 1, 0, 2, 1, 2, 2, 2, 1, 0, 0, 2, 1, 0, 0, 0, 1, 1, 2, 0, 0, 2, 2, 2, 0, 1, 0, 0, 2, 2, 0, 2, 1, 1, 1, 2, 2, 0, 1, 0, 0, 1, 2, 1, 1, 1, 1, 2, 1, 0, 1, 0, 2, 2, 0, 0, 2, 0, 2, 0, 0, 0, 0, 2, 2, 2, 0, 1, 1, 1, 0, 2, 1, 1, 2, 1, 0, 1, 2, 1, 0, 2, 0, 0, 0, 1, 2, 1, 1, 0, 0, 2, 1]|[1, 0, 0, 1, 2, 1, 2, 2, 3, 2, 2, 2, 2, 0, 1, 2, 2, 2, 1, 4, 0, 2, 1, 0, 2, 2, 0, 1, 2, 1, 1, 0, 0, 1, 1, 2, 2, 2, 2, 3, 2, 3, 2, 2, 1, 2, 0, 1, 4, 1, 4, 3, 4, 4, 2, 3, 0, 0, 1, 1, 1, 0, 1, 1, 1, 0, 1, 2, 1, 2, 0, 2, 0, 2, 3, 3, 4, 1, 0, 1, 2, 1, 4, 0, 4, 1, 4, 2, 0, 2, 1, 2, 3, 2, 4, 4, 1, 1, 2, 0]|[1, 0, 0, 1, 1, 1, 0, 0, 1, 1, 0, 2, 1, 0, 0, 2, 0, 1, 0, 0, 0, 1, 1, 2, 0, 0, 0, 1, 1, 0, 1, 0, 0, 1, 1, 1, 0, 0, 0, 3, 3, 3, 0, 1, 1, 1, 1, 0, 1, 1, 2, 0, 0, 3, 1, 0, 0, 2, 0, 0, 1, 1, 1, 0, 1, 0, 0, 0, 1, 0, 1, 1, 1, 0, 3, 2, 2, 0, 0, 3, 2, 1, 3, 0, 1, 1, 0, 0, 0, 0, 0, 1, 3, 1, 3, 3, 0, 0, 0, 1]
event=13:G1_CMAX:update:state=0,action=0,reward=-170.28020566761802,nextState=1,old=0.0,new=-170.28020566761802
event=14:G2_TEC:update:state=0,action=2,reward=-1061.6319570896158,nextState=1,old=0.0,new=-1061.6319570896158
event=15:G3_TWC:update:state=0,action=0,reward=-9524.238776446407,nextState=1,old=0.0,new=-9524.238776446407
event=16:G4_BALANCED:update:state=0,action=0,reward=-0.14627559277059932,nextState=1,old=0.0,new=-0.14627559277059932
event=17:G1_CMAX:action:mode=exploit,state=1,draw=0.7446405493671207,action=0
event=18:G1_CMAX:leader:action=0,fingerprint=[51, 8, 83, 31, 94, 66, 33, 56, 24, 98, 58, 77, 52, 65, 22, 47, 19, 79, 39, 49, 99, 2, 84, 91, 62, 43, 16, 76, 97, 3, 88, 30, 53, 20, 60, 23, 93, 75, 82, 59, 38, 28, 92, 67, 9, 18, 17, 87, 12, 74, 71, 96, 95, 63, 21, 14, 27, 37, 40, 6, 42, 10, 68, 57, 55, 29, 26, 35, 46, 25, 7, 85, 86, 48, 69, 80, 32, 34, 70, 72, 1, 11, 44, 0, 45, 64, 54, 36, 73, 61, 5, 89, 4, 81, 90, 13, 15, 78, 41, 50]|[0, 0, 0, 0, 2, 1, 0, 1, 2, 0, 0, 1, 0, 0, 0, 1, 1, 2, 2, 1, 2, 1, 1, 1, 1, 2, 1, 2, 1, 0, 1, 0, 1, 0, 2, 2, 2, 2, 0, 2, 2, 1, 0, 1, 0, 1, 2, 0, 1, 0, 2, 2, 1, 1, 2, 1, 0, 2, 0, 0, 2, 2, 1, 1, 0, 2, 2, 1, 1, 2, 2, 1, 2, 1, 0, 1, 0, 1, 0, 2, 1, 1, 2, 0, 0, 1, 0, 1, 1, 1, 1, 2, 1, 0, 1, 1, 2, 1, 2, 2]|[1, 0, 2, 0, 0, 4, 1, 2, 2, 1, 2, 1, 2, 0, 0, 1, 2, 1, 2, 4, 1, 4, 3, 1, 1, 2, 2, 1, 1, 2, 3, 0, 4, 1, 2, 0, 1, 1, 2, 0, 1, 3, 0, 4, 2, 2, 1, 2, 1, 1, 2, 2, 0, 0, 1, 0, 2, 2, 1, 2, 1, 2, 1, 1, 1, 1, 2, 2, 4, 1, 2, 1, 2, 1, 0, 4, 2, 4, 0, 1, 1, 0, 2, 2, 2, 1, 0, 2, 3, 2, 1, 0, 1, 1, 4, 2, 2, 1, 1, 2]|[0, 1, 1, 1, 0, 2, 1, 0, 1, 0, 0, 1, 1, 0, 0, 1, 3, 0, 1, 3, 0, 3, 1, 0, 3, 1, 1, 0, 2, 1, 0, 1, 3, 0, 1, 0, 0, 1, 1, 0, 1, 2, 0, 1, 0, 1, 0, 1, 2, 0, 0, 0, 1, 3, 1, 1, 0, 1, 1, 0, 0, 0, 0, 3, 0, 0, 0, 0, 0, 0, 1, 0, 0, 2, 0, 0, 1, 2, 0, 0, 3, 1, 1, 0, 0, 0, 0, 1, 0, 0, 0, 0, 1, 1, 0, 2, 1, 3, 0, 0]
event=19:G4_BALANCED:action:mode=exploit,state=1,draw=0.24774683273013776,action=0
event=20:G4_BALANCED:leader:action=0,fingerprint=[58, 42, 31, 41, 98, 11, 15, 22, 57, 19, 84, 40, 73, 1, 81, 14, 99, 16, 3, 30, 39, 26, 80, 95, 59, 90, 32, 56, 85, 96, 55, 61, 0, 63, 51, 93, 24, 72, 49, 62, 38, 28, 92, 67, 9, 18, 17, 87, 12, 74, 71, 94, 91, 20, 21, 47, 27, 37, 77, 6, 78, 10, 68, 23, 88, 29, 2, 35, 46, 25, 7, 97, 86, 48, 69, 65, 79, 34, 70, 75, 60, 66, 44, 53, 45, 64, 54, 36, 52, 82, 5, 43, 4, 76, 89, 13, 33, 8, 83, 50]|[0, 0, 0, 0, 2, 1, 0, 1, 2, 0, 0, 1, 0, 2, 0, 1, 1, 1, 2, 1, 2, 1, 1, 1, 0, 2, 1, 2, 1, 2, 2, 1, 1, 0, 1, 2, 1, 2, 0, 2, 2, 1, 0, 1, 0, 0, 2, 0, 1, 0, 2, 2, 1, 0, 2, 1, 0, 2, 0, 0, 2, 1, 2, 2, 0, 2, 0, 1, 1, 1, 2, 1, 2, 1, 0, 1, 1, 1, 0, 2, 0, 1, 2, 0, 1, 1, 0, 1, 1, 1, 1, 0, 1, 0, 2, 1, 2, 1, 2, 2]|[1, 0, 1, 2, 0, 4, 1, 2, 2, 1, 2, 1, 2, 1, 0, 1, 2, 1, 2, 4, 1, 4, 3, 1, 0, 0, 2, 1, 1, 1, 2, 2, 4, 1, 1, 0, 3, 2, 2, 0, 1, 0, 0, 4, 1, 0, 1, 2, 1, 1, 2, 2, 0, 2, 1, 0, 2, 2, 0, 1, 1, 2, 0, 2, 1, 1, 1, 2, 4, 0, 0, 1, 0, 1, 0, 4, 0, 4, 0, 1, 1, 0, 2, 2, 2, 1, 0, 2, 3, 2, 1, 1, 1, 1, 1, 2, 2, 1, 1, 2]|[0, 1, 0, 1, 0, 2, 1, 0, 1, 0, 0, 1, 1, 1, 0, 1, 3, 1, 1, 3, 0, 3, 1, 0, 0, 0, 1, 0, 2, 0, 1, 1, 3, 0, 1, 0, 3, 1, 1, 0, 1, 3, 0, 1, 0, 0, 0, 1, 2, 0, 0, 0, 1, 0, 1, 1, 0, 1, 1, 0, 0, 2, 0, 1, 0, 0, 0, 0, 0, 1, 1, 0, 0, 2, 0, 0, 1, 2, 0, 0, 0, 1, 1, 0, 1, 2, 0, 1, 0, 0, 0, 0, 1, 1, 1, 2, 1, 3, 0, 0]
event=21:G2_TEC:action:mode=explore,state=1,draw=0.8651407474137567,action=0
event=22:G2_TEC:leader:action=0,fingerprint=[51, 8, 83, 31, 94, 66, 33, 56, 24, 98, 58, 77, 52, 65, 22, 47, 19, 79, 39, 49, 99, 2, 84, 91, 62, 43, 16, 76, 97, 3, 88, 30, 53, 20, 60, 23, 93, 75, 82, 59, 38, 28, 92, 67, 9, 18, 17, 87, 12, 74, 71, 96, 95, 63, 21, 14, 27, 37, 40, 6, 42, 10, 68, 57, 55, 29, 26, 35, 46, 25, 7, 85, 86, 48, 69, 80, 32, 34, 70, 72, 1, 11, 44, 0, 45, 64, 54, 36, 73, 61, 5, 89, 4, 81, 90, 13, 15, 78, 41, 50]|[0, 0, 0, 0, 2, 1, 0, 1, 2, 0, 0, 1, 0, 0, 0, 1, 1, 2, 2, 1, 2, 1, 1, 1, 1, 2, 1, 2, 1, 0, 1, 0, 1, 0, 2, 2, 2, 2, 0, 2, 2, 1, 0, 1, 0, 1, 2, 0, 1, 0, 2, 2, 1, 1, 2, 1, 0, 2, 0, 0, 2, 2, 1, 1, 0, 2, 2, 1, 1, 2, 2, 1, 2, 1, 0, 1, 0, 1, 0, 2, 1, 1, 2, 0, 0, 1, 0, 1, 1, 1, 1, 2, 1, 0, 1, 1, 2, 1, 2, 2]|[1, 0, 2, 0, 0, 4, 1, 2, 2, 1, 2, 1, 2, 0, 0, 1, 2, 1, 2, 4, 1, 4, 3, 1, 1, 2, 2, 1, 1, 2, 3, 0, 4, 1, 2, 0, 1, 1, 2, 0, 1, 3, 0, 4, 2, 2, 1, 2, 1, 1, 2, 2, 0, 0, 1, 0, 2, 2, 1, 2, 1, 2, 1, 1, 1, 1, 2, 2, 4, 1, 2, 1, 2, 1, 0, 4, 2, 4, 0, 1, 1, 0, 2, 2, 2, 1, 0, 2, 3, 2, 1, 0, 1, 1, 4, 2, 2, 1, 1, 2]|[0, 1, 1, 1, 0, 2, 1, 0, 1, 0, 0, 1, 1, 0, 0, 1, 3, 0, 1, 3, 0, 3, 1, 0, 3, 1, 1, 0, 2, 1, 0, 1, 3, 0, 1, 0, 0, 1, 1, 0, 1, 2, 0, 1, 0, 1, 0, 1, 2, 0, 0, 0, 1, 3, 1, 1, 0, 1, 1, 0, 0, 0, 0, 3, 0, 0, 0, 0, 0, 0, 1, 0, 0, 2, 0, 0, 1, 2, 0, 0, 3, 1, 1, 0, 0, 0, 0, 1, 0, 0, 0, 0, 1, 1, 0, 2, 1, 3, 0, 0]
event=23:G3_TWC:action:mode=exploit,state=1,draw=0.28523165914530024,action=0
event=24:G3_TWC:leader:action=0,fingerprint=[78, 47, 52, 68, 34, 91, 28, 94, 18, 21, 39, 37, 10, 93, 23, 38, 55, 46, 99, 69, 54, 77, 62, 64, 79, 7, 53, 90, 40, 70, 43, 96, 82, 24, 89, 65, 17, 66, 97, 3, 60, 41, 71, 85, 15, 74, 4, 1, 32, 75, 42, 30, 88, 22, 83, 2, 57, 92, 29, 56, 50, 67, 45, 36, 63, 44, 51, 19, 80, 9, 73, 26, 81, 72, 14, 16, 13, 98, 27, 5, 61, 20, 8, 59, 6, 0, 87, 84, 25, 76, 11, 48, 33, 58, 86, 49, 35, 95, 31, 12]|[0, 0, 1, 0, 1, 2, 1, 0, 1, 1, 0, 1, 2, 0, 1, 1, 0, 1, 2, 0, 1, 1, 2, 2, 1, 1, 1, 0, 2, 2, 0, 2, 0, 2, 0, 0, 2, 0, 1, 2, 2, 2, 1, 1, 0, 0, 1, 0, 2, 2, 0, 0, 1, 1, 1, 0, 0, 2, 0, 2, 1, 1, 0, 0, 0, 2, 1, 0, 2, 0, 2, 1, 0, 1, 2, 2, 0, 1, 1, 1, 1, 1, 1, 2, 0, 2, 2, 0, 1, 1, 0, 2, 0, 1, 1, 1, 2, 2, 2, 2]|[2, 1, 2, 0, 0, 2, 3, 1, 4, 0, 1, 0, 2, 0, 2, 1, 1, 4, 2, 0, 2, 4, 1, 2, 1, 2, 0, 0, 1, 1, 1, 0, 2, 2, 0, 2, 1, 1, 4, 0, 0, 1, 1, 4, 1, 2, 1, 0, 2, 1, 2, 0, 3, 1, 0, 2, 1, 1, 2, 1, 1, 3, 0, 2, 2, 1, 2, 1, 1, 1, 0, 4, 2, 4, 2, 1, 2, 0, 2, 4, 2, 0, 0, 2, 2, 0, 1, 0, 0, 4, 0, 0, 2, 0, 2, 1, 2, 1, 1, 2]|[1, 0, 3, 0, 2, 0, 0, 0, 0, 0, 0, 1, 1, 0, 0, 1, 0, 3, 0, 1, 3, 2, 1, 0, 2, 1, 1, 1, 1, 0, 1, 0, 1, 0, 0, 1, 0, 0, 3, 0, 0, 1, 1, 2, 1, 0, 2, 1, 1, 0, 0, 1, 0, 2, 3, 0, 1, 0, 1, 1, 2, 3, 1, 0, 0, 1, 1, 0, 0, 0, 1, 1, 0, 3, 0, 0, 0, 1, 0, 3, 1, 1, 2, 1, 1, 0, 0, 1, 1, 3, 1, 0, 0, 1, 2, 3, 1, 0, 1, 1]
event=25:G1_CMAX:update:state=1,action=0,reward=-65.35028020547975,nextState=1,old=0.0,new=-65.35028020547975
event=26:G2_TEC:update:state=1,action=0,reward=-826.3310332663314,nextState=1,old=0.0,new=-826.3310332663314
event=27:G3_TWC:update:state=1,action=0,reward=-9562.032877188758,nextState=1,old=0.0,new=-9562.032877188758
event=28:G4_BALANCED:update:state=1,action=0,reward=0.0033726482419340273,nextState=0,old=0.0,new=0.0033726482419340273
event=29:G1_CMAX:action:mode=exploit,state=1,draw=0.16371038582380337,action=1
event=30:G1_CMAX:leader:action=1,fingerprint=[51, 8, 83, 31, 94, 66, 33, 56, 24, 98, 58, 77, 52, 65, 22, 47, 19, 79, 39, 49, 99, 2, 84, 91, 62, 43, 16, 76, 97, 3, 88, 30, 53, 20, 60, 23, 93, 75, 82, 59, 38, 28, 92, 67, 9, 18, 17, 87, 12, 74, 71, 96, 95, 63, 21, 14, 27, 37, 40, 6, 42, 10, 68, 57, 55, 29, 26, 35, 46, 25, 7, 85, 86, 48, 69, 80, 32, 34, 70, 72, 1, 11, 44, 0, 45, 64, 54, 36, 73, 61, 5, 89, 4, 81, 90, 13, 15, 78, 41, 50]|[0, 0, 0, 0, 2, 1, 0, 1, 2, 0, 0, 1, 0, 0, 0, 1, 1, 2, 2, 1, 2, 1, 1, 1, 1, 2, 1, 2, 1, 0, 1, 0, 1, 0, 2, 2, 2, 2, 0, 2, 2, 1, 0, 1, 0, 1, 2, 0, 1, 0, 2, 2, 1, 1, 2, 1, 0, 2, 0, 0, 2, 2, 1, 1, 0, 2, 2, 1, 1, 2, 2, 1, 2, 1, 0, 1, 0, 1, 0, 2, 1, 1, 2, 0, 0, 1, 0, 1, 1, 1, 1, 2, 1, 0, 1, 1, 2, 1, 2, 2]|[1, 0, 2, 0, 0, 4, 1, 2, 2, 1, 2, 1, 2, 0, 0, 1, 2, 1, 2, 4, 1, 4, 3, 1, 1, 2, 2, 1, 1, 2, 3, 0, 4, 1, 2, 0, 1, 1, 2, 0, 1, 3, 0, 4, 2, 2, 1, 2, 1, 1, 2, 2, 0, 0, 1, 0, 2, 2, 1, 2, 1, 2, 1, 1, 1, 1, 2, 2, 4, 1, 2, 1, 2, 1, 0, 4, 2, 4, 0, 1, 1, 0, 2, 2, 2, 1, 0, 2, 3, 2, 1, 0, 1, 1, 4, 2, 2, 1, 1, 2]|[0, 1, 1, 1, 0, 2, 1, 0, 1, 0, 0, 1, 1, 0, 0, 1, 3, 0, 1, 3, 0, 3, 1, 0, 3, 1, 1, 0, 2, 1, 0, 1, 3, 0, 1, 0, 0, 1, 1, 0, 1, 2, 0, 1, 0, 1, 0, 1, 2, 0, 0, 0, 1, 3, 1, 1, 0, 1, 1, 0, 0, 0, 0, 3, 0, 0, 0, 0, 0, 0, 1, 0, 0, 2, 0, 0, 1, 2, 0, 0, 3, 1, 1, 0, 0, 0, 0, 1, 0, 0, 0, 0, 1, 1, 0, 2, 1, 3, 0, 0]
event=31:G4_BALANCED:action:mode=exploit,state=0,draw=0.04523724378762817,action=1
event=32:G4_BALANCED:leader:action=1,fingerprint=[58, 42, 31, 41, 98, 11, 15, 22, 57, 19, 84, 40, 73, 1, 81, 14, 99, 16, 3, 79, 2, 74, 5, 91, 62, 43, 68, 76, 97, 77, 88, 30, 53, 20, 51, 93, 24, 72, 49, 59, 38, 28, 92, 67, 9, 18, 17, 87, 12, 26, 71, 94, 95, 63, 21, 47, 27, 37, 96, 6, 78, 10, 32, 23, 55, 56, 39, 35, 46, 25, 7, 85, 86, 48, 69, 65, 61, 34, 70, 75, 60, 66, 44, 0, 45, 64, 54, 36, 52, 82, 80, 90, 4, 29, 89, 13, 33, 8, 83, 50]|[2, 0, 1, 0, 2, 1, 0, 1, 1, 0, 0, 1, 0, 2, 0, 1, 1, 1, 1, 1, 0, 0, 1, 1, 1, 0, 1, 0, 1, 0, 1, 1, 1, 0, 0, 2, 1, 2, 0, 0, 2, 1, 0, 1, 0, 0, 2, 0, 1, 0, 2, 2, 1, 1, 2, 2, 0, 2, 2, 0, 2, 1, 1, 2, 2, 2, 1, 1, 1, 1, 2, 0, 2, 1, 0, 1, 1, 1, 2, 2, 0, 1, 2, 1, 1, 1, 1, 1, 0, 0, 1, 2, 1, 2, 2, 1, 0, 1, 1, 2]|[2, 0, 2, 2, 0, 4, 1, 2, 1, 1, 2, 1, 2, 1, 0, 1, 2, 1, 3, 0, 1, 1, 0, 0, 3, 1, 2, 0, 1, 0, 3, 4, 4, 2, 1, 0, 3, 2, 2, 0, 1, 0, 0, 4, 1, 0, 1, 2, 1, 1, 2, 2, 1, 3, 1, 1, 2, 2, 2, 1, 1, 2, 2, 0, 2, 1, 4, 2, 4, 0, 0, 0, 0, 1, 0, 4, 0, 4, 1, 1, 1, 0, 2, 4, 2, 1, 4, 2, 2, 1, 1, 0, 1, 1, 1, 2, 1, 1, 2, 2]|[0, 1, 1, 1, 0, 2, 1, 0, 3, 0, 0, 1, 1, 1, 0, 1, 3, 1, 3, 1, 0, 0, 0, 1, 3, 0, 1, 0, 0, 1, 0, 3, 3, 0, 0, 0, 3, 1, 1, 0, 1, 3, 0, 1, 0, 0, 0, 1, 2, 0, 0, 0, 0, 1, 1, 0, 0, 1, 0, 0, 1, 2, 1, 0, 1, 0, 3, 0, 0, 1, 1, 0, 0, 2, 0, 0, 1, 2, 1, 0, 0, 1, 0, 3, 1, 2, 3, 1, 1, 1, 0, 0, 1, 0, 1, 2, 1, 3, 0, 0]
event=33:G2_TEC:action:mode=exploit,state=1,draw=0.24748767989468523,action=1
event=34:G2_TEC:leader:action=1,fingerprint=[51, 8, 83, 31, 94, 66, 33, 56, 24, 98, 58, 77, 52, 65, 22, 47, 19, 79, 39, 49, 99, 2, 84, 91, 62, 43, 16, 76, 97, 3, 88, 30, 53, 20, 60, 23, 93, 75, 82, 59, 38, 28, 92, 67, 9, 18, 17, 87, 12, 74, 71, 96, 95, 63, 21, 14, 27, 37, 40, 6, 42, 10, 68, 57, 55, 29, 26, 35, 46, 25, 7, 85, 86, 48, 69, 80, 32, 34, 70, 72, 1, 11, 44, 0, 45, 64, 54, 36, 73, 61, 5, 89, 4, 81, 90, 13, 15, 78, 41, 50]|[0, 0, 0, 0, 2, 1, 0, 1, 2, 0, 0, 1, 0, 0, 0, 1, 1, 2, 2, 1, 2, 1, 1, 1, 1, 2, 1, 2, 1, 0, 1, 0, 1, 0, 2, 2, 2, 2, 0, 2, 2, 1, 0, 1, 0, 1, 2, 0, 1, 0, 2, 2, 1, 1, 2, 1, 0, 2, 0, 0, 2, 2, 1, 1, 0, 2, 2, 1, 1, 2, 2, 1, 2, 1, 0, 1, 0, 1, 0, 2, 1, 1, 2, 0, 0, 1, 0, 1, 1, 1, 1, 2, 1, 0, 1, 1, 2, 1, 2, 2]|[1, 0, 2, 0, 0, 4, 1, 2, 2, 1, 2, 1, 2, 0, 0, 1, 2, 1, 2, 4, 1, 4, 3, 1, 1, 2, 2, 1, 1, 2, 3, 0, 4, 1, 2, 0, 1, 1, 2, 0, 1, 3, 0, 4, 2, 2, 1, 2, 1, 1, 2, 2, 0, 0, 1, 0, 2, 2, 1, 2, 1, 2, 1, 1, 1, 1, 2, 2, 4, 1, 2, 1, 2, 1, 0, 4, 2, 4, 0, 1, 1, 0, 2, 2, 2, 1, 0, 2, 3, 2, 1, 0, 1, 1, 4, 2, 2, 1, 1, 2]|[0, 1, 1, 1, 0, 2, 1, 0, 1, 0, 0, 1, 1, 0, 0, 1, 3, 0, 1, 3, 0, 3, 1, 0, 3, 1, 1, 0, 2, 1, 0, 1, 3, 0, 1, 0, 0, 1, 1, 0, 1, 2, 0, 1, 0, 1, 0, 1, 2, 0, 0, 0, 1, 3, 1, 1, 0, 1, 1, 0, 0, 0, 0, 3, 0, 0, 0, 0, 0, 0, 1, 0, 0, 2, 0, 0, 1, 2, 0, 0, 3, 1, 1, 0, 0, 0, 0, 1, 0, 0, 0, 0, 1, 1, 0, 2, 1, 3, 0, 0]
event=35:G3_TWC:action:mode=exploit,state=1,draw=0.6256293855829647,action=1
event=36:G3_TWC:leader:action=1,fingerprint=[78, 47, 52, 68, 34, 91, 28, 94, 18, 21, 39, 37, 10, 93, 23, 38, 55, 46, 99, 69, 54, 77, 62, 64, 79, 7, 53, 90, 40, 70, 43, 96, 82, 24, 89, 65, 17, 66, 97, 3, 60, 41, 71, 85, 15, 74, 4, 1, 32, 75, 42, 30, 88, 22, 83, 2, 57, 92, 29, 56, 50, 67, 45, 36, 63, 44, 51, 19, 80, 9, 73, 26, 81, 72, 14, 16, 13, 98, 27, 5, 61, 20, 8, 59, 6, 0, 87, 84, 25, 76, 11, 48, 33, 58, 86, 49, 35, 95, 31, 12]|[0, 0, 1, 0, 1, 2, 1, 0, 1, 1, 0, 1, 2, 0, 1, 1, 0, 1, 2, 0, 1, 1, 2, 2, 1, 1, 1, 0, 2, 2, 0, 2, 0, 2, 0, 0, 2, 0, 1, 2, 2, 2, 1, 1, 0, 0, 1, 0, 2, 2, 0, 0, 1, 1, 1, 0, 0, 2, 0, 2, 1, 1, 0, 0, 0, 2, 1, 0, 2, 0, 2, 1, 0, 1, 2, 2, 0, 1, 1, 1, 1, 1, 1, 2, 0, 2, 2, 0, 1, 1, 0, 2, 0, 1, 1, 1, 2, 2, 2, 2]|[2, 1, 2, 0, 0, 2, 3, 1, 4, 0, 1, 0, 2, 0, 2, 1, 1, 4, 2, 0, 2, 4, 1, 2, 1, 2, 0, 0, 1, 1, 1, 0, 2, 2, 0, 2, 1, 1, 4, 0, 0, 1, 1, 4, 1, 2, 1, 0, 2, 1, 2, 0, 3, 1, 0, 2, 1, 1, 2, 1, 1, 3, 0, 2, 2, 1, 2, 1, 1, 1, 0, 4, 2, 4, 2, 1, 2, 0, 2, 4, 2, 0, 0, 2, 2, 0, 1, 0, 0, 4, 0, 0, 2, 0, 2, 1, 2, 1, 1, 2]|[1, 0, 3, 0, 2, 0, 0, 0, 0, 0, 0, 1, 1, 0, 0, 1, 0, 3, 0, 1, 3, 2, 1, 0, 2, 1, 1, 1, 1, 0, 1, 0, 1, 0, 0, 1, 0, 0, 3, 0, 0, 1, 1, 2, 1, 0, 2, 1, 1, 0, 0, 1, 0, 2, 3, 0, 1, 0, 1, 1, 2, 3, 1, 0, 0, 1, 1, 0, 0, 0, 1, 1, 0, 3, 0, 0, 0, 1, 0, 3, 1, 1, 2, 1, 1, 0, 0, 1, 1, 3, 1, 0, 0, 1, 2, 3, 1, 0, 1, 1]
event=37:G1_CMAX:update:state=1,action=1,reward=-46.92755537291555,nextState=1,old=0.0,new=-46.92755537291555
event=38:G2_TEC:update:state=1,action=1,reward=-391.48620627380296,nextState=1,old=0.0,new=-391.48620627380296
event=39:G3_TWC:update:state=1,action=1,reward=-9457.342663880176,nextState=1,old=0.0,new=-9457.342663880176
event=40:G4_BALANCED:update:state=0,action=1,reward=-0.01954192404955832,nextState=1,old=0.0,new=-0.0168438054560111
event=41:G1_CMAX:action:mode=exploit,state=1,draw=0.5830154297911112,action=2
event=42:G1_CMAX:tournament:reason=action2,left=5,right=1,selected=[58, 42, 31, 41, 98, 11, 15, 22, 57, 19, 84, 40, 73, 1, 81, 14, 99, 16, 3, 79, 2, 74, 5, 91, 62, 43, 68, 76, 97, 77, 88, 30, 53, 20, 51, 93, 24, 72, 49, 59, 38, 28, 92, 67, 9, 18, 17, 87, 12, 26, 71, 94, 95, 63, 21, 47, 27, 37, 96, 6, 78, 10, 32, 23, 55, 56, 39, 35, 46, 25, 7, 85, 86, 48, 69, 65, 61, 34, 70, 75, 60, 66, 44, 0, 45, 64, 54, 36, 52, 82, 80, 90, 4, 29, 89, 13, 33, 8, 83, 50]|[2, 0, 1, 0, 2, 1, 0, 1, 1, 0, 0, 1, 0, 2, 0, 1, 1, 1, 1, 1, 0, 0, 1, 1, 1, 0, 1, 0, 1, 0, 1, 1, 1, 0, 0, 2, 1, 2, 0, 0, 2, 1, 0, 1, 0, 0, 2, 0, 1, 0, 2, 2, 1, 1, 2, 2, 0, 2, 2, 0, 2, 1, 1, 2, 2, 2, 1, 1, 1, 1, 2, 0, 2, 1, 0, 1, 1, 1, 2, 2, 0, 1, 2, 1, 1, 1, 1, 1, 0, 0, 1, 2, 1, 2, 2, 1, 0, 1, 1, 2]|[2, 0, 2, 2, 0, 4, 1, 2, 1, 1, 2, 1, 2, 1, 0, 1, 2, 1, 3, 0, 1, 1, 0, 0, 3, 1, 2, 0, 1, 0, 3, 4, 4, 2, 1, 0, 3, 2, 2, 0, 1, 0, 0, 4, 1, 0, 1, 2, 1, 1, 2, 2, 1, 3, 1, 1, 2, 2, 2, 1, 1, 2, 2, 0, 2, 1, 4, 2, 4, 0, 0, 0, 0, 1, 0, 4, 0, 4, 1, 1, 1, 0, 2, 4, 2, 1, 4, 2, 2, 1, 1, 0, 1, 1, 1, 2, 1, 1, 2, 2]|[0, 1, 1, 1, 0, 2, 1, 0, 3, 0, 0, 1, 1, 1, 0, 1, 3, 1, 3, 1, 0, 0, 0, 1, 3, 0, 1, 0, 0, 1, 0, 3, 3, 0, 0, 0, 3, 1, 1, 0, 1, 3, 0, 1, 0, 0, 0, 1, 2, 0, 0, 0, 0, 1, 1, 0, 0, 1, 0, 0, 1, 2, 1, 0, 1, 0, 3, 0, 0, 1, 1, 0, 0, 2, 0, 0, 1, 2, 1, 0, 0, 1, 0, 3, 1, 2, 3, 1, 1, 1, 0, 0, 1, 0, 1, 2, 1, 3, 0, 0]
event=43:G1_CMAX:leader:action=2,fingerprint=[58, 42, 31, 41, 98, 11, 15, 22, 57, 19, 84, 40, 73, 1, 81, 14, 99, 16, 3, 79, 2, 74, 5, 91, 62, 43, 68, 76, 97, 77, 88, 30, 53, 20, 51, 93, 24, 72, 49, 59, 38, 28, 92, 67, 9, 18, 17, 87, 12, 26, 71, 94, 95, 63, 21, 47, 27, 37, 96, 6, 78, 10, 32, 23, 55, 56, 39, 35, 46, 25, 7, 85, 86, 48, 69, 65, 61, 34, 70, 75, 60, 66, 44, 0, 45, 64, 54, 36, 52, 82, 80, 90, 4, 29, 89, 13, 33, 8, 83, 50]|[2, 0, 1, 0, 2, 1, 0, 1, 1, 0, 0, 1, 0, 2, 0, 1, 1, 1, 1, 1, 0, 0, 1, 1, 1, 0, 1, 0, 1, 0, 1, 1, 1, 0, 0, 2, 1, 2, 0, 0, 2, 1, 0, 1, 0, 0, 2, 0, 1, 0, 2, 2, 1, 1, 2, 2, 0, 2, 2, 0, 2, 1, 1, 2, 2, 2, 1, 1, 1, 1, 2, 0, 2, 1, 0, 1, 1, 1, 2, 2, 0, 1, 2, 1, 1, 1, 1, 1, 0, 0, 1, 2, 1, 2, 2, 1, 0, 1, 1, 2]|[2, 0, 2, 2, 0, 4, 1, 2, 1, 1, 2, 1, 2, 1, 0, 1, 2, 1, 3, 0, 1, 1, 0, 0, 3, 1, 2, 0, 1, 0, 3, 4, 4, 2, 1, 0, 3, 2, 2, 0, 1, 0, 0, 4, 1, 0, 1, 2, 1, 1, 2, 2, 1, 3, 1, 1, 2, 2, 2, 1, 1, 2, 2, 0, 2, 1, 4, 2, 4, 0, 0, 0, 0, 1, 0, 4, 0, 4, 1, 1, 1, 0, 2, 4, 2, 1, 4, 2, 2, 1, 1, 0, 1, 1, 1, 2, 1, 1, 2, 2]|[0, 1, 1, 1, 0, 2, 1, 0, 3, 0, 0, 1, 1, 1, 0, 1, 3, 1, 3, 1, 0, 0, 0, 1, 3, 0, 1, 0, 0, 1, 0, 3, 3, 0, 0, 0, 3, 1, 1, 0, 1, 3, 0, 1, 0, 0, 0, 1, 2, 0, 0, 0, 0, 1, 1, 0, 0, 1, 0, 0, 1, 2, 1, 0, 1, 0, 3, 0, 0, 1, 1, 0, 0, 2, 0, 0, 1, 2, 1, 0, 0, 1, 0, 3, 1, 2, 3, 1, 1, 1, 0, 0, 1, 0, 1, 2, 1, 3, 0, 0]
event=44:G4_BALANCED:action:mode=exploit,state=1,draw=0.6513201517570397,action=0
event=45:G4_BALANCED:leader:action=0,fingerprint=[58, 42, 31, 41, 98, 11, 15, 22, 57, 19, 84, 40, 73, 1, 81, 14, 99, 16, 3, 79, 2, 74, 5, 91, 62, 43, 68, 76, 97, 77, 88, 30, 53, 20, 51, 93, 24, 72, 49, 59, 38, 28, 92, 67, 9, 18, 17, 87, 12, 26, 71, 94, 95, 63, 21, 47, 27, 37, 96, 6, 78, 10, 32, 23, 55, 56, 39, 35, 46, 25, 7, 85, 86, 48, 69, 65, 61, 34, 70, 75, 60, 66, 44, 0, 45, 64, 54, 36, 52, 82, 80, 90, 4, 29, 89, 13, 33, 8, 83, 50]|[2, 0, 1, 0, 2, 1, 0, 1, 1, 0, 0, 1, 0, 2, 0, 1, 1, 1, 1, 1, 0, 0, 1, 1, 1, 0, 1, 0, 1, 0, 1, 1, 1, 0, 0, 2, 1, 2, 0, 0, 2, 1, 0, 1, 0, 0, 2, 0, 1, 0, 2, 2, 1, 1, 2, 2, 0, 2, 2, 0, 2, 1, 1, 2, 2, 2, 1, 1, 1, 1, 2, 0, 2, 1, 0, 1, 1, 1, 2, 2, 0, 1, 2, 1, 1, 1, 1, 1, 0, 0, 1, 2, 1, 2, 2, 1, 0, 1, 1, 2]|[2, 0, 2, 2, 0, 4, 1, 2, 1, 1, 2, 1, 2, 1, 0, 1, 2, 1, 3, 0, 1, 1, 0, 0, 3, 1, 2, 0, 1, 0, 3, 4, 4, 2, 1, 0, 3, 2, 2, 0, 1, 0, 0, 4, 1, 0, 1, 2, 1, 1, 2, 2, 1, 3, 1, 1, 2, 2, 2, 1, 1, 2, 2, 0, 2, 1, 4, 2, 4, 0, 0, 0, 0, 1, 0, 4, 0, 4, 1, 1, 1, 0, 2, 4, 2, 1, 4, 2, 2, 1, 1, 0, 1, 1, 1, 2, 1, 1, 2, 2]|[0, 1, 1, 1, 0, 2, 1, 0, 3, 0, 0, 1, 1, 1, 0, 1, 3, 1, 3, 1, 0, 0, 0, 1, 3, 0, 1, 0, 0, 1, 0, 3, 3, 0, 0, 0, 3, 1, 1, 0, 1, 3, 0, 1, 0, 0, 0, 1, 2, 0, 0, 0, 0, 1, 1, 0, 0, 1, 0, 0, 1, 2, 1, 0, 1, 0, 3, 0, 0, 1, 1, 0, 0, 2, 0, 0, 1, 2, 1, 0, 0, 1, 0, 3, 1, 2, 3, 1, 1, 1, 0, 0, 1, 0, 1, 2, 1, 3, 0, 0]
event=46:G2_TEC:action:mode=exploit,state=1,draw=0.3899805038888846,action=2
event=47:G2_TEC:tournament:reason=action2,left=0,right=0,selected=[78, 47, 52, 68, 34, 91, 28, 94, 18, 21, 39, 37, 10, 93, 23, 38, 55, 46, 99, 69, 54, 77, 62, 64, 79, 7, 53, 90, 40, 70, 43, 96, 82, 24, 89, 65, 17, 66, 97, 3, 60, 41, 71, 85, 15, 74, 4, 1, 32, 75, 42, 30, 88, 22, 83, 2, 57, 92, 29, 56, 50, 67, 45, 36, 63, 44, 51, 19, 80, 9, 73, 26, 81, 72, 14, 16, 13, 98, 27, 5, 61, 20, 8, 59, 6, 0, 87, 84, 25, 76, 11, 48, 33, 58, 86, 49, 35, 95, 31, 12]|[0, 0, 1, 0, 1, 2, 1, 0, 1, 1, 0, 1, 2, 0, 1, 1, 0, 1, 2, 0, 1, 1, 2, 2, 1, 1, 1, 0, 2, 2, 0, 2, 0, 2, 0, 0, 2, 0, 1, 2, 2, 2, 1, 1, 0, 0, 1, 0, 2, 2, 0, 0, 1, 1, 1, 0, 0, 2, 0, 2, 1, 1, 0, 0, 0, 2, 1, 0, 2, 0, 2, 1, 0, 1, 2, 2, 0, 1, 1, 1, 1, 1, 1, 2, 0, 2, 2, 0, 1, 1, 0, 2, 0, 1, 1, 1, 2, 2, 2, 2]|[2, 1, 2, 0, 0, 2, 3, 1, 4, 0, 1, 0, 2, 0, 2, 1, 1, 4, 2, 0, 2, 4, 1, 2, 1, 2, 0, 0, 1, 1, 1, 0, 2, 2, 0, 2, 1, 1, 4, 0, 0, 1, 1, 4, 1, 2, 1, 0, 2, 1, 2, 0, 3, 1, 0, 2, 1, 1, 2, 1, 1, 3, 0, 2, 2, 1, 2, 1, 1, 1, 0, 4, 2, 4, 2, 1, 2, 0, 2, 4, 2, 0, 0, 2, 2, 0, 1, 0, 0, 4, 0, 0, 2, 0, 2, 1, 2, 1, 1, 2]|[1, 0, 3, 0, 2, 0, 0, 0, 0, 0, 0, 1, 1, 0, 0, 1, 0, 3, 0, 1, 3, 2, 1, 0, 2, 1, 1, 1, 1, 0, 1, 0, 1, 0, 0, 1, 0, 0, 3, 0, 0, 1, 1, 2, 1, 0, 2, 1, 1, 0, 0, 1, 0, 2, 3, 0, 1, 0, 1, 1, 2, 3, 1, 0, 0, 1, 1, 0, 0, 0, 1, 1, 0, 3, 0, 0, 0, 1, 0, 3, 1, 1, 2, 1, 1, 0, 0, 1, 1, 3, 1, 0, 0, 1, 2, 3, 1, 0, 1, 1]
event=48:G2_TEC:leader:action=2,fingerprint=[78, 47, 52, 68, 34, 91, 28, 94, 18, 21, 39, 37, 10, 93, 23, 38, 55, 46, 99, 69, 54, 77, 62, 64, 79, 7, 53, 90, 40, 70, 43, 96, 82, 24, 89, 65, 17, 66, 97, 3, 60, 41, 71, 85, 15, 74, 4, 1, 32, 75, 42, 30, 88, 22, 83, 2, 57, 92, 29, 56, 50, 67, 45, 36, 63, 44, 51, 19, 80, 9, 73, 26, 81, 72, 14, 16, 13, 98, 27, 5, 61, 20, 8, 59, 6, 0, 87, 84, 25, 76, 11, 48, 33, 58, 86, 49, 35, 95, 31, 12]|[0, 0, 1, 0, 1, 2, 1, 0, 1, 1, 0, 1, 2, 0, 1, 1, 0, 1, 2, 0, 1, 1, 2, 2, 1, 1, 1, 0, 2, 2, 0, 2, 0, 2, 0, 0, 2, 0, 1, 2, 2, 2, 1, 1, 0, 0, 1, 0, 2, 2, 0, 0, 1, 1, 1, 0, 0, 2, 0, 2, 1, 1, 0, 0, 0, 2, 1, 0, 2, 0, 2, 1, 0, 1, 2, 2, 0, 1, 1, 1, 1, 1, 1, 2, 0, 2, 2, 0, 1, 1, 0, 2, 0, 1, 1, 1, 2, 2, 2, 2]|[2, 1, 2, 0, 0, 2, 3, 1, 4, 0, 1, 0, 2, 0, 2, 1, 1, 4, 2, 0, 2, 4, 1, 2, 1, 2, 0, 0, 1, 1, 1, 0, 2, 2, 0, 2, 1, 1, 4, 0, 0, 1, 1, 4, 1, 2, 1, 0, 2, 1, 2, 0, 3, 1, 0, 2, 1, 1, 2, 1, 1, 3, 0, 2, 2, 1, 2, 1, 1, 1, 0, 4, 2, 4, 2, 1, 2, 0, 2, 4, 2, 0, 0, 2, 2, 0, 1, 0, 0, 4, 0, 0, 2, 0, 2, 1, 2, 1, 1, 2]|[1, 0, 3, 0, 2, 0, 0, 0, 0, 0, 0, 1, 1, 0, 0, 1, 0, 3, 0, 1, 3, 2, 1, 0, 2, 1, 1, 1, 1, 0, 1, 0, 1, 0, 0, 1, 0, 0, 3, 0, 0, 1, 1, 2, 1, 0, 2, 1, 1, 0, 0, 1, 0, 2, 3, 0, 1, 0, 1, 1, 2, 3, 1, 0, 0, 1, 1, 0, 0, 0, 1, 1, 0, 3, 0, 0, 0, 1, 0, 3, 1, 1, 2, 1, 1, 0, 0, 1, 1, 3, 1, 0, 0, 1, 2, 3, 1, 0, 1, 1]
event=49:G3_TWC:action:mode=exploit,state=1,draw=0.7942866830695795,action=2
event=50:G3_TWC:tournament:reason=action2,left=7,right=6,selected=[78, 47, 52, 68, 34, 91, 28, 94, 18, 21, 39, 37, 10, 93, 23, 38, 55, 46, 99, 69, 54, 77, 62, 64, 79, 7, 53, 90, 40, 70, 43, 96, 82, 24, 89, 65, 17, 66, 97, 3, 60, 41, 71, 85, 15, 74, 4, 1, 32, 75, 42, 30, 88, 22, 83, 20, 86, 56, 73, 81, 5, 12, 67, 35, 25, 33, 31, 16, 27, 0, 11, 14, 48, 80, 84, 51, 8, 98, 29, 72, 92, 49, 87, 36, 95, 45, 19, 76, 9, 6, 61, 58, 2, 13, 50, 26, 59, 63, 57, 44]|[0, 0, 2, 0, 1, 0, 1, 0, 2, 1, 0, 1, 1, 0, 1, 2, 0, 1, 2, 0, 1, 2, 2, 1, 2, 1, 0, 0, 1, 2, 0, 2, 2, 0, 0, 0, 1, 0, 1, 2, 2, 2, 2, 1, 0, 0, 1, 0, 1, 1, 0, 0, 0, 1, 1, 2, 1, 2, 1, 0, 1, 2, 2, 1, 1, 0, 0, 0, 2, 1, 0, 1, 2, 2, 1, 0, 1, 1, 0, 1, 2, 1, 2, 1, 2, 0, 0, 1, 0, 0, 0, 1, 1, 1, 2, 2, 0, 0, 2, 0]|[2, 1, 1, 0, 0, 0, 2, 1, 0, 0, 1, 2, 2, 0, 2, 1, 2, 4, 1, 0, 2, 0, 1, 0, 0, 2, 2, 0, 1, 1, 1, 1, 2, 1, 0, 2, 3, 1, 4, 2, 1, 1, 0, 4, 1, 2, 1, 0, 4, 2, 1, 0, 1, 1, 0, 2, 4, 1, 2, 2, 1, 2, 1, 2, 0, 2, 1, 1, 0, 4, 0, 2, 2, 1, 0, 0, 0, 0, 2, 0, 1, 0, 2, 2, 1, 0, 1, 4, 1, 2, 2, 0, 4, 2, 2, 1, 0, 1, 0, 2]|[1, 0, 1, 0, 2, 1, 3, 0, 0, 0, 0, 2, 2, 0, 0, 1, 0, 3, 0, 1, 3, 0, 1, 2, 0, 1, 0, 1, 2, 0, 0, 0, 1, 0, 0, 1, 3, 0, 3, 1, 0, 1, 0, 1, 1, 0, 2, 1, 0, 1, 0, 1, 0, 2, 3, 1, 3, 0, 2, 0, 0, 1, 0, 0, 1, 0, 0, 0, 1, 2, 1, 3, 0, 0, 2, 0, 2, 1, 1, 1, 0, 2, 0, 1, 0, 1, 0, 3, 0, 0, 1, 1, 3, 2, 0, 1, 0, 0, 0, 1]
event=51:G3_TWC:leader:action=2,fingerprint=[78, 47, 52, 68, 34, 91, 28, 94, 18, 21, 39, 37, 10, 93, 23, 38, 55, 46, 99, 69, 54, 77, 62, 64, 79, 7, 53, 90, 40, 70, 43, 96, 82, 24, 89, 65, 17, 66, 97, 3, 60, 41, 71, 85, 15, 74, 4, 1, 32, 75, 42, 30, 88, 22, 83, 20, 86, 56, 73, 81, 5, 12, 67, 35, 25, 33, 31, 16, 27, 0, 11, 14, 48, 80, 84, 51, 8, 98, 29, 72, 92, 49, 87, 36, 95, 45, 19, 76, 9, 6, 61, 58, 2, 13, 50, 26, 59, 63, 57, 44]|[0, 0, 2, 0, 1, 0, 1, 0, 2, 1, 0, 1, 1, 0, 1, 2, 0, 1, 2, 0, 1, 2, 2, 1, 2, 1, 0, 0, 1, 2, 0, 2, 2, 0, 0, 0, 1, 0, 1, 2, 2, 2, 2, 1, 0, 0, 1, 0, 1, 1, 0, 0, 0, 1, 1, 2, 1, 2, 1, 0, 1, 2, 2, 1, 1, 0, 0, 0, 2, 1, 0, 1, 2, 2, 1, 0, 1, 1, 0, 1, 2, 1, 2, 1, 2, 0, 0, 1, 0, 0, 0, 1, 1, 1, 2, 2, 0, 0, 2, 0]|[2, 1, 1, 0, 0, 0, 2, 1, 0, 0, 1, 2, 2, 0, 2, 1, 2, 4, 1, 0, 2, 0, 1, 0, 0, 2, 2, 0, 1, 1, 1, 1, 2, 1, 0, 2, 3, 1, 4, 2, 1, 1, 0, 4, 1, 2, 1, 0, 4, 2, 1, 0, 1, 1, 0, 2, 4, 1, 2, 2, 1, 2, 1, 2, 0, 2, 1, 1, 0, 4, 0, 2, 2, 1, 0, 0, 0, 0, 2, 0, 1, 0, 2, 2, 1, 0, 1, 4, 1, 2, 2, 0, 4, 2, 2, 1, 0, 1, 0, 2]|[1, 0, 1, 0, 2, 1, 3, 0, 0, 0, 0, 2, 2, 0, 0, 1, 0, 3, 0, 1, 3, 0, 1, 2, 0, 1, 0, 1, 2, 0, 0, 0, 1, 0, 0, 1, 3, 0, 3, 1, 0, 1, 0, 1, 1, 0, 2, 1, 0, 1, 0, 1, 0, 2, 3, 1, 3, 0, 2, 0, 0, 1, 0, 0, 1, 0, 0, 0, 1, 2, 1, 3, 0, 0, 2, 0, 2, 1, 1, 1, 0, 2, 0, 1, 0, 1, 0, 3, 0, 0, 1, 1, 3, 2, 0, 1, 0, 0, 0, 1]
event=52:G1_CMAX:update:state=1,action=2,reward=-99.07538008400752,nextState=1,old=0.0,new=-99.07538008400752
event=53:G2_TEC:update:state=1,action=2,reward=-1282.9337612137897,nextState=1,old=0.0,new=-1282.9337612137897
event=54:G3_TWC:update:state=1,action=2,reward=-11523.94300865641,nextState=1,old=0.0,new=-11523.94300865641
event=55:G4_BALANCED:update:state=1,action=0,reward=-0.05632228805084863,nextState=1,old=0.0033726482419340273,new=-0.053624169457301404
event=56:G1_CMAX:action:mode=explore,state=1,draw=0.9628756025995973,action=0
event=57:G1_CMAX:leader:action=0,fingerprint=[58, 42, 31, 41, 98, 11, 15, 22, 57, 19, 84, 40, 73, 1, 81, 14, 99, 16, 3, 79, 2, 74, 5, 91, 62, 43, 68, 76, 97, 77, 88, 30, 53, 20, 51, 93, 24, 72, 49, 59, 38, 28, 92, 67, 9, 18, 17, 87, 12, 26, 71, 94, 95, 63, 21, 47, 27, 37, 96, 6, 78, 10, 32, 23, 55, 56, 39, 35, 46, 25, 7, 85, 86, 48, 69, 65, 61, 34, 70, 75, 60, 66, 44, 0, 45, 64, 54, 36, 52, 82, 80, 90, 4, 29, 89, 13, 33, 8, 83, 50]|[2, 0, 1, 0, 2, 1, 0, 1, 1, 0, 0, 1, 0, 2, 0, 1, 1, 1, 1, 1, 0, 0, 1, 1, 1, 0, 1, 0, 1, 0, 1, 1, 1, 0, 0, 2, 1, 2, 0, 0, 2, 1, 0, 1, 0, 0, 2, 0, 1, 0, 2, 2, 1, 1, 2, 2, 0, 2, 2, 0, 2, 1, 1, 2, 2, 2, 1, 1, 1, 1, 2, 0, 2, 1, 0, 1, 1, 1, 2, 2, 0, 1, 2, 1, 1, 1, 1, 1, 0, 0, 1, 2, 1, 2, 2, 1, 0, 1, 1, 2]|[2, 0, 2, 2, 0, 4, 1, 2, 1, 1, 2, 1, 2, 1, 0, 1, 2, 1, 3, 0, 1, 1, 0, 0, 3, 1, 2, 0, 1, 0, 3, 4, 4, 2, 1, 0, 3, 2, 2, 0, 1, 0, 0, 4, 1, 0, 1, 2, 1, 1, 2, 2, 1, 3, 1, 1, 2, 2, 2, 1, 1, 2, 2, 0, 2, 1, 4, 2, 4, 0, 0, 0, 0, 1, 0, 4, 0, 4, 1, 1, 1, 0, 2, 4, 2, 1, 4, 2, 2, 1, 1, 0, 1, 1, 1, 2, 1, 1, 2, 2]|[0, 1, 1, 1, 0, 2, 1, 0, 3, 0, 0, 1, 1, 1, 0, 1, 3, 1, 3, 1, 0, 0, 0, 1, 3, 0, 1, 0, 0, 1, 0, 3, 3, 0, 0, 0, 3, 1, 1, 0, 1, 3, 0, 1, 0, 0, 0, 1, 2, 0, 0, 0, 0, 1, 1, 0, 0, 1, 0, 0, 1, 2, 1, 0, 1, 0, 3, 0, 0, 1, 1, 0, 0, 2, 0, 0, 1, 2, 1, 0, 0, 1, 0, 3, 1, 2, 3, 1, 1, 1, 0, 0, 1, 0, 1, 2, 1, 3, 0, 0]
event=58:G4_BALANCED:action:mode=exploit,state=1,draw=0.20373643735166735,action=1
event=59:G4_BALANCED:leader:action=1,fingerprint=[58, 42, 31, 41, 98, 11, 15, 22, 57, 19, 84, 40, 73, 1, 81, 14, 99, 16, 3, 79, 2, 74, 5, 91, 62, 43, 68, 76, 97, 77, 88, 30, 53, 20, 51, 93, 24, 72, 49, 59, 38, 28, 92, 67, 9, 18, 17, 87, 12, 26, 71, 94, 95, 63, 21, 47, 27, 37, 96, 6, 78, 10, 32, 23, 55, 56, 39, 35, 46, 25, 7, 85, 86, 48, 69, 65, 61, 34, 70, 75, 60, 66, 44, 0, 45, 64, 54, 36, 52, 82, 80, 90, 4, 29, 89, 13, 33, 8, 83, 50]|[2, 0, 1, 0, 2, 1, 0, 1, 1, 0, 0, 1, 0, 2, 0, 1, 1, 1, 1, 1, 0, 0, 1, 1, 1, 0, 1, 0, 1, 0, 1, 1, 1, 0, 0, 2, 1, 2, 0, 0, 2, 1, 0, 1, 0, 0, 2, 0, 1, 0, 2, 2, 1, 1, 2, 2, 0, 2, 2, 0, 2, 1, 1, 2, 2, 2, 1, 1, 1, 1, 2, 0, 2, 1, 0, 1, 1, 1, 2, 2, 0, 1, 2, 1, 1, 1, 1, 1, 0, 0, 1, 2, 1, 2, 2, 1, 0, 1, 1, 2]|[2, 0, 2, 2, 0, 4, 1, 2, 1, 1, 2, 1, 2, 1, 0, 1, 2, 1, 3, 0, 1, 1, 0, 0, 3, 1, 2, 0, 1, 0, 3, 4, 4, 2, 1, 0, 3, 2, 2, 0, 1, 0, 0, 4, 1, 0, 1, 2, 1, 1, 2, 2, 1, 3, 1, 1, 2, 2, 2, 1, 1, 2, 2, 0, 2, 1, 4, 2, 4, 0, 0, 0, 0, 1, 0, 4, 0, 4, 1, 1, 1, 0, 2, 4, 2, 1, 4, 2, 2, 1, 1, 0, 1, 1, 1, 2, 1, 1, 2, 2]|[0, 1, 1, 1, 0, 2, 1, 0, 3, 0, 0, 1, 1, 1, 0, 1, 3, 1, 3, 1, 0, 0, 0, 1, 3, 0, 1, 0, 0, 1, 0, 3, 3, 0, 0, 0, 3, 1, 1, 0, 1, 3, 0, 1, 0, 0, 0, 1, 2, 0, 0, 0, 0, 1, 1, 0, 0, 1, 0, 0, 1, 2, 1, 0, 1, 0, 3, 0, 0, 1, 1, 0, 0, 2, 0, 0, 1, 2, 1, 0, 0, 1, 0, 3, 1, 2, 3, 1, 1, 1, 0, 0, 1, 0, 1, 2, 1, 3, 0, 0]
event=60:G2_TEC:action:mode=exploit,state=1,draw=0.6521516020463973,action=1
event=61:G2_TEC:leader:action=1,fingerprint=[51, 8, 83, 31, 94, 66, 33, 56, 24, 98, 58, 77, 52, 65, 22, 47, 19, 79, 39, 49, 99, 2, 84, 91, 62, 7, 53, 90, 40, 70, 43, 36, 82, 21, 89, 93, 17, 11, 97, 3, 60, 41, 71, 85, 15, 74, 4, 1, 32, 68, 42, 30, 88, 23, 10, 64, 57, 92, 29, 45, 0, 75, 16, 9, 72, 55, 63, 5, 13, 27, 48, 81, 78, 73, 61, 69, 20, 96, 38, 87, 95, 6, 18, 86, 76, 28, 34, 26, 80, 14, 46, 37, 50, 67, 54, 12, 44, 35, 59, 25]|[0, 1, 0, 0, 0, 1, 0, 2, 0, 1, 0, 1, 2, 0, 1, 0, 1, 1, 2, 0, 2, 1, 1, 1, 2, 0, 1, 1, 1, 0, 2, 2, 0, 1, 2, 2, 0, 1, 1, 2, 1, 2, 1, 0, 0, 0, 0, 1, 0, 1, 2, 1, 1, 2, 2, 1, 0, 1, 0, 2, 2, 2, 2, 0, 2, 0, 0, 0, 2, 1, 2, 0, 0, 1, 1, 0, 1, 1, 0, 0, 0, 1, 1, 2, 1, 1, 1, 1, 1, 1, 1, 1, 2, 1, 2, 1, 0, 1, 2, 1]|[2, 2, 2, 0, 0, 4, 2, 1, 0, 0, 1, 0, 0, 2, 1, 0, 2, 1, 2, 0, 1, 3, 1, 1, 1, 1, 0, 4, 0, 2, 2, 0, 2, 2, 1, 1, 2, 0, 1, 0, 4, 1, 1, 1, 0, 1, 1, 2, 2, 1, 2, 4, 3, 0, 2, 0, 1, 0, 2, 0, 0, 2, 1, 1, 1, 1, 2, 1, 1, 1, 2, 2, 2, 3, 2, 0, 0, 0, 0, 2, 1, 3, 2, 2, 4, 3, 4, 0, 4, 0, 4, 0, 2, 3, 2, 1, 0, 0, 2, 1]|[0, 3, 1, 0, 1, 2, 0, 1, 0, 1, 0, 1, 0, 1, 2, 1, 3, 2, 0, 0, 0, 3, 1, 0, 1, 0, 1, 0, 3, 1, 1, 0, 1, 2, 1, 0, 1, 1, 2, 0, 0, 0, 1, 0, 1, 0, 0, 3, 1, 0, 0, 2, 0, 0, 0, 3, 1, 1, 1, 0, 0, 1, 0, 0, 0, 0, 0, 0, 0, 0, 0, 0, 0, 0, 1, 0, 1, 2, 1, 0, 0, 3, 2, 0, 1, 2, 1, 2, 0, 1, 3, 0, 0, 3, 0, 2, 1, 3, 1, 1]
event=62:G3_TWC:action:mode=explore,state=1,draw=0.9282384676103079,action=2
event=63:G3_TWC:tournament:reason=action2,left=2,right=1,selected=[58, 42, 31, 41, 98, 11, 15, 22, 57, 19, 84, 40, 73, 1, 81, 14, 99, 16, 3, 79, 2, 74, 5, 91, 62, 43, 68, 76, 97, 77, 88, 30, 53, 20, 51, 93, 24, 72, 49, 59, 38, 28, 92, 67, 9, 18, 17, 87, 12, 26, 71, 94, 95, 63, 21, 47, 27, 37, 96, 6, 78, 10, 32, 23, 55, 56, 29, 64, 60, 46, 65, 36, 34, 85, 52, 48, 66, 69, 75, 39, 83, 33, 90, 82, 0, 61, 89, 44, 54, 45, 25, 86, 4, 8, 7, 80, 70, 50, 13, 35]|[2, 0, 1, 1, 2, 1, 0, 1, 0, 1, 0, 1, 1, 2, 0, 1, 1, 1, 0, 1, 2, 0, 0, 0, 2, 0, 2, 0, 1, 1, 1, 1, 1, 0, 1, 2, 0, 0, 0, 0, 2, 1, 1, 1, 0, 0, 0, 0, 1, 0, 2, 2, 1, 0, 2, 2, 1, 2, 2, 0, 2, 1, 2, 0, 2, 2, 2, 1, 2, 1, 1, 1, 1, 0, 0, 1, 2, 0, 2, 1, 1, 1, 2, 1, 0, 1, 2, 0, 1, 1, 1, 0, 1, 1, 2, 1, 0, 2, 1, 1]|[2, 0, 2, 2, 0, 4, 1, 2, 1, 2, 2, 0, 1, 1, 0, 0, 1, 1, 0, 0, 2, 1, 1, 0, 0, 1, 2, 0, 1, 3, 3, 4, 4, 2, 4, 0, 0, 0, 2, 0, 1, 0, 3, 3, 1, 0, 2, 2, 1, 1, 2, 2, 1, 2, 1, 1, 1, 1, 2, 1, 1, 2, 1, 1, 2, 1, 1, 0, 0, 4, 4, 2, 4, 1, 2, 1, 1, 0, 1, 4, 2, 1, 0, 2, 0, 0, 1, 0, 4, 2, 0, 2, 1, 2, 0, 4, 1, 2, 2, 0]|[0, 1, 1, 2, 0, 2, 1, 0, 1, 1, 0, 3, 0, 1, 0, 0, 0, 1, 0, 1, 0, 0, 0, 0, 0, 0, 0, 0, 0, 3, 0, 3, 3, 0, 3, 0, 0, 0, 1, 0, 1, 3, 1, 3, 0, 0, 1, 1, 2, 0, 0, 0, 0, 1, 1, 0, 0, 0, 0, 0, 1, 2, 0, 0, 1, 0, 0, 3, 0, 3, 0, 1, 3, 0, 1, 2, 0, 0, 0, 3, 0, 2, 0, 1, 0, 1, 1, 1, 3, 1, 1, 1, 1, 3, 1, 0, 0, 0, 2, 3]
event=64:G3_TWC:leader:action=2,fingerprint=[58, 42, 31, 41, 98, 11, 15, 22, 57, 19, 84, 40, 73, 1, 81, 14, 99, 16, 3, 79, 2, 74, 5, 91, 62, 43, 68, 76, 97, 77, 88, 30, 53, 20, 51, 93, 24, 72, 49, 59, 38, 28, 92, 67, 9, 18, 17, 87, 12, 26, 71, 94, 95, 63, 21, 47, 27, 37, 96, 6, 78, 10, 32, 23, 55, 56, 29, 64, 60, 46, 65, 36, 34, 85, 52, 48, 66, 69, 75, 39, 83, 33, 90, 82, 0, 61, 89, 44, 54, 45, 25, 86, 4, 8, 7, 80, 70, 50, 13, 35]|[2, 0, 1, 1, 2, 1, 0, 1, 0, 1, 0, 1, 1, 2, 0, 1, 1, 1, 0, 1, 2, 0, 0, 0, 2, 0, 2, 0, 1, 1, 1, 1, 1, 0, 1, 2, 0, 0, 0, 0, 2, 1, 1, 1, 0, 0, 0, 0, 1, 0, 2, 2, 1, 0, 2, 2, 1, 2, 2, 0, 2, 1, 2, 0, 2, 2, 2, 1, 2, 1, 1, 1, 1, 0, 0, 1, 2, 0, 2, 1, 1, 1, 2, 1, 0, 1, 2, 0, 1, 1, 1, 0, 1, 1, 2, 1, 0, 2, 1, 1]|[2, 0, 2, 2, 0, 4, 1, 2, 1, 2, 2, 0, 1, 1, 0, 0, 1, 1, 0, 0, 2, 1, 1, 0, 0, 1, 2, 0, 1, 3, 3, 4, 4, 2, 4, 0, 0, 0, 2, 0, 1, 0, 3, 3, 1, 0, 2, 2, 1, 1, 2, 2, 1, 2, 1, 1, 1, 1, 2, 1, 1, 2, 1, 1, 2, 1, 1, 0, 0, 4, 4, 2, 4, 1, 2, 1, 1, 0, 1, 4, 2, 1, 0, 2, 0, 0, 1, 0, 4, 2, 0, 2, 1, 2, 0, 4, 1, 2, 2, 0]|[0, 1, 1, 2, 0, 2, 1, 0, 1, 1, 0, 3, 0, 1, 0, 0, 0, 1, 0, 1, 0, 0, 0, 0, 0, 0, 0, 0, 0, 3, 0, 3, 3, 0, 3, 0, 0, 0, 1, 0, 1, 3, 1, 3, 0, 0, 1, 1, 2, 0, 0, 0, 0, 1, 1, 0, 0, 0, 0, 0, 1, 2, 0, 0, 1, 0, 0, 3, 0, 3, 0, 1, 3, 0, 1, 2, 0, 0, 0, 3, 0, 2, 0, 1, 0, 1, 1, 1, 3, 1, 1, 1, 1, 3, 1, 0, 0, 0, 2, 3]
event=65:G1_CMAX:update:state=1,action=0,reward=-125.0717805147965,nextState=1,old=-65.35028020547975,new=-162.61382481312893
event=66:G2_TEC:update:state=1,action=1,reward=-1738.410337453679,nextState=1,old=-391.48620627380296,new=-2051.5993024727213
event=67:G3_TWC:update:state=1,action=2,reward=-7055.865680034447,nextState=1,old=-11523.94300865641,new=-14621.739811138588
event=68:G4_BALANCED:update:state=1,action=1,reward=-0.08776137571404315,nextState=1,old=0.0,new=-0.08776137571404315
event=69:G1_CMAX:action:mode=exploit,state=1,draw=0.053835312732356866,action=1
event=70:G1_CMAX:leader:action=1,fingerprint=[58, 42, 31, 41, 98, 11, 15, 22, 57, 19, 84, 40, 73, 1, 81, 14, 99, 16, 3, 79, 2, 74, 5, 91, 62, 43, 68, 76, 97, 77, 88, 30, 53, 20, 51, 93, 24, 72, 49, 59, 38, 28, 92, 67, 9, 18, 17, 87, 12, 26, 71, 94, 95, 63, 21, 47, 27, 37, 96, 6, 78, 10, 32, 23, 55, 56, 39, 35, 46, 25, 7, 85, 86, 48, 69, 65, 61, 34, 70, 75, 60, 66, 44, 0, 45, 64, 54, 36, 52, 82, 80, 90, 4, 29, 89, 13, 33, 8, 83, 50]|[2, 0, 1, 0, 2, 1, 0, 1, 1, 0, 0, 1, 0, 2, 0, 1, 1, 1, 1, 1, 0, 0, 1, 1, 1, 0, 1, 0, 1, 0, 1, 1, 1, 0, 0, 2, 1, 2, 0, 0, 2, 1, 0, 1, 0, 0, 2, 0, 1, 0, 2, 2, 1, 1, 2, 2, 0, 2, 2, 0, 2, 1, 1, 2, 2, 2, 1, 1, 1, 1, 2, 0, 2, 1, 0, 1, 1, 1, 2, 2, 0, 1, 2, 1, 1, 1, 1, 1, 0, 0, 1, 2, 1, 2, 2, 1, 0, 1, 1, 2]|[2, 0, 2, 2, 0, 4, 1, 2, 1, 1, 2, 1, 2, 1, 0, 1, 2, 1, 3, 0, 1, 1, 0, 0, 3, 1, 2, 0, 1, 0, 3, 4, 4, 2, 1, 0, 3, 2, 2, 0, 1, 0, 0, 4, 1, 0, 1, 2, 1, 1, 2, 2, 1, 3, 1, 1, 2, 2, 2, 1, 1, 2, 2, 0, 2, 1, 4, 2, 4, 0, 0, 0, 0, 1, 0, 4, 0, 4, 1, 1, 1, 0, 2, 4, 2, 1, 4, 2, 2, 1, 1, 0, 1, 1, 1, 2, 1, 1, 2, 2]|[0, 1, 1, 1, 0, 2, 1, 0, 3, 0, 0, 1, 1, 1, 0, 1, 3, 1, 3, 1, 0, 0, 0, 1, 3, 0, 1, 0, 0, 1, 0, 3, 3, 0, 0, 0, 3, 1, 1, 0, 1, 3, 0, 1, 0, 0, 0, 1, 2, 0, 0, 0, 0, 1, 1, 0, 0, 1, 0, 0, 1, 2, 1, 0, 1, 0, 3, 0, 0, 1, 1, 0, 0, 2, 0, 0, 1, 2, 1, 0, 0, 1, 0, 3, 1, 2, 3, 1, 1, 1, 0, 0, 1, 0, 1, 2, 1, 3, 0, 0]
event=71:G4_BALANCED:action:mode=exploit,state=1,draw=0.599404922978274,action=2
event=72:G4_BALANCED:tournament:reason=action2,left=1,right=1,selected=[51, 8, 83, 31, 94, 66, 33, 56, 24, 98, 58, 77, 52, 65, 22, 47, 19, 79, 39, 49, 99, 2, 84, 91, 62, 7, 53, 90, 40, 70, 43, 36, 82, 21, 89, 93, 17, 11, 97, 3, 60, 41, 71, 85, 15, 74, 4, 1, 32, 68, 42, 30, 88, 23, 10, 64, 57, 92, 29, 45, 0, 75, 16, 9, 72, 55, 63, 5, 13, 27, 48, 81, 78, 73, 61, 69, 20, 96, 38, 87, 95, 6, 18, 86, 76, 28, 34, 26, 80, 14, 46, 37, 50, 67, 54, 12, 44, 35, 59, 25]|[0, 1, 0, 0, 0, 1, 0, 2, 0, 1, 0, 1, 2, 0, 1, 0, 1, 1, 2, 0, 2, 1, 1, 1, 2, 0, 1, 1, 1, 0, 2, 2, 0, 1, 2, 2, 0, 1, 1, 2, 1, 2, 1, 0, 0, 0, 0, 1, 0, 1, 2, 1, 1, 2, 2, 1, 0, 1, 0, 2, 2, 2, 2, 0, 2, 0, 0, 0, 2, 1, 2, 0, 0, 1, 1, 0, 1, 1, 0, 0, 0, 1, 1, 2, 1, 1, 1, 1, 1, 1, 1, 1, 2, 1, 2, 1, 0, 1, 2, 1]|[2, 2, 2, 0, 0, 4, 2, 1, 0, 0, 1, 0, 0, 2, 1, 0, 2, 1, 2, 0, 1, 3, 1, 1, 1, 1, 0, 4, 0, 2, 2, 0, 2, 2, 1, 1, 2, 0, 1, 0, 4, 1, 1, 1, 0, 1, 1, 2, 2, 1, 2, 4, 3, 0, 2, 0, 1, 0, 2, 0, 0, 2, 1, 1, 1, 1, 2, 1, 1, 1, 2, 2, 2, 3, 2, 0, 0, 0, 0, 2, 1, 3, 2, 2, 4, 3, 4, 0, 4, 0, 4, 0, 2, 3, 2, 1, 0, 0, 2, 1]|[0, 3, 1, 0, 1, 2, 0, 1, 0, 1, 0, 1, 0, 1, 2, 1, 3, 2, 0, 0, 0, 3, 1, 0, 1, 0, 1, 0, 3, 1, 1, 0, 1, 2, 1, 0, 1, 1, 2, 0, 0, 0, 1, 0, 1, 0, 0, 3, 1, 0, 0, 2, 0, 0, 0, 3, 1, 1, 1, 0, 0, 1, 0, 0, 0, 0, 0, 0, 0, 0, 0, 0, 0, 0, 1, 0, 1, 2, 1, 0, 0, 3, 2, 0, 1, 2, 1, 2, 0, 1, 3, 0, 0, 3, 0, 2, 1, 3, 1, 1]
event=73:G4_BALANCED:leader:action=2,fingerprint=[51, 8, 83, 31, 94, 66, 33, 56, 24, 98, 58, 77, 52, 65, 22, 47, 19, 79, 39, 49, 99, 2, 84, 91, 62, 7, 53, 90, 40, 70, 43, 36, 82, 21, 89, 93, 17, 11, 97, 3, 60, 41, 71, 85, 15, 74, 4, 1, 32, 68, 42, 30, 88, 23, 10, 64, 57, 92, 29, 45, 0, 75, 16, 9, 72, 55, 63, 5, 13, 27, 48, 81, 78, 73, 61, 69, 20, 96, 38, 87, 95, 6, 18, 86, 76, 28, 34, 26, 80, 14, 46, 37, 50, 67, 54, 12, 44, 35, 59, 25]|[0, 1, 0, 0, 0, 1, 0, 2, 0, 1, 0, 1, 2, 0, 1, 0, 1, 1, 2, 0, 2, 1, 1, 1, 2, 0, 1, 1, 1, 0, 2, 2, 0, 1, 2, 2, 0, 1, 1, 2, 1, 2, 1, 0, 0, 0, 0, 1, 0, 1, 2, 1, 1, 2, 2, 1, 0, 1, 0, 2, 2, 2, 2, 0, 2, 0, 0, 0, 2, 1, 2, 0, 0, 1, 1, 0, 1, 1, 0, 0, 0, 1, 1, 2, 1, 1, 1, 1, 1, 1, 1, 1, 2, 1, 2, 1, 0, 1, 2, 1]|[2, 2, 2, 0, 0, 4, 2, 1, 0, 0, 1, 0, 0, 2, 1, 0, 2, 1, 2, 0, 1, 3, 1, 1, 1, 1, 0, 4, 0, 2, 2, 0, 2, 2, 1, 1, 2, 0, 1, 0, 4, 1, 1, 1, 0, 1, 1, 2, 2, 1, 2, 4, 3, 0, 2, 0, 1, 0, 2, 0, 0, 2, 1, 1, 1, 1, 2, 1, 1, 1, 2, 2, 2, 3, 2, 0, 0, 0, 0, 2, 1, 3, 2, 2, 4, 3, 4, 0, 4, 0, 4, 0, 2, 3, 2, 1, 0, 0, 2, 1]|[0, 3, 1, 0, 1, 2, 0, 1, 0, 1, 0, 1, 0, 1, 2, 1, 3, 2, 0, 0, 0, 3, 1, 0, 1, 0, 1, 0, 3, 1, 1, 0, 1, 2, 1, 0, 1, 1, 2, 0, 0, 0, 1, 0, 1, 0, 0, 3, 1, 0, 0, 2, 0, 0, 0, 3, 1, 1, 1, 0, 0, 1, 0, 0, 0, 0, 0, 0, 0, 0, 0, 0, 0, 0, 1, 0, 1, 2, 1, 0, 0, 3, 2, 0, 1, 2, 1, 2, 0, 1, 3, 0, 0, 3, 0, 2, 1, 3, 1, 1]
event=74:G2_TEC:action:mode=exploit,state=1,draw=0.7288398596587528,action=0
event=75:G2_TEC:leader:action=0,fingerprint=[51, 8, 83, 31, 94, 66, 33, 56, 24, 98, 58, 77, 52, 65, 22, 47, 19, 79, 39, 49, 99, 2, 84, 91, 62, 7, 53, 90, 40, 70, 43, 36, 82, 21, 89, 93, 17, 11, 97, 3, 60, 41, 71, 85, 15, 74, 4, 1, 32, 68, 42, 30, 88, 23, 10, 64, 57, 92, 29, 45, 0, 75, 16, 9, 72, 55, 63, 5, 13, 27, 48, 81, 78, 73, 61, 69, 20, 96, 38, 87, 95, 6, 18, 86, 76, 28, 34, 26, 80, 14, 46, 37, 50, 67, 54, 12, 44, 35, 59, 25]|[0, 1, 0, 0, 0, 1, 0, 2, 0, 1, 0, 1, 2, 0, 1, 0, 1, 1, 2, 0, 2, 1, 1, 1, 2, 0, 1, 1, 1, 0, 2, 2, 0, 1, 2, 2, 0, 1, 1, 2, 1, 2, 1, 0, 0, 0, 0, 1, 0, 1, 2, 1, 1, 2, 2, 1, 0, 1, 0, 2, 2, 2, 2, 0, 2, 0, 0, 0, 2, 1, 2, 0, 0, 1, 1, 0, 1, 1, 0, 0, 0, 1, 1, 2, 1, 1, 1, 1, 1, 1, 1, 1, 2, 1, 2, 1, 0, 1, 2, 1]|[2, 2, 2, 0, 0, 4, 2, 1, 0, 0, 1, 0, 0, 2, 1, 0, 2, 1, 2, 0, 1, 3, 1, 1, 1, 1, 0, 4, 0, 2, 2, 0, 2, 2, 1, 1, 2, 0, 1, 0, 4, 1, 1, 1, 0, 1, 1, 2, 2, 1, 2, 4, 3, 0, 2, 0, 1, 0, 2, 0, 0, 2, 1, 1, 1, 1, 2, 1, 1, 1, 2, 2, 2, 3, 2, 0, 0, 0, 0, 2, 1, 3, 2, 2, 4, 3, 4, 0, 4, 0, 4, 0, 2, 3, 2, 1, 0, 0, 2, 1]|[0, 3, 1, 0, 1, 2, 0, 1, 0, 1, 0, 1, 0, 1, 2, 1, 3, 2, 0, 0, 0, 3, 1, 0, 1, 0, 1, 0, 3, 1, 1, 0, 1, 2, 1, 0, 1, 1, 2, 0, 0, 0, 1, 0, 1, 0, 0, 3, 1, 0, 0, 2, 0, 0, 0, 3, 1, 1, 1, 0, 0, 1, 0, 0, 0, 0, 0, 0, 0, 0, 0, 0, 0, 0, 1, 0, 1, 2, 1, 0, 0, 3, 2, 0, 1, 2, 1, 2, 0, 1, 3, 0, 0, 3, 0, 2, 1, 3, 1, 1]
event=76:G3_TWC:action:mode=exploit,state=1,draw=0.7116652021097435,action=1
event=77:G3_TWC:leader:action=1,fingerprint=[58, 42, 31, 41, 98, 11, 15, 22, 57, 19, 84, 40, 73, 1, 81, 14, 99, 16, 3, 79, 2, 74, 5, 91, 62, 43, 68, 76, 97, 77, 88, 30, 53, 20, 51, 93, 24, 72, 49, 59, 38, 28, 92, 67, 9, 18, 17, 87, 12, 26, 71, 94, 95, 63, 21, 47, 27, 37, 96, 6, 78, 10, 32, 23, 55, 56, 29, 64, 60, 46, 65, 36, 34, 85, 52, 48, 66, 69, 75, 54, 86, 45, 7, 25, 33, 80, 8, 50, 39, 83, 89, 70, 4, 13, 0, 44, 35, 90, 82, 61]|[2, 0, 1, 0, 2, 1, 0, 1, 0, 1, 0, 1, 1, 2, 0, 1, 1, 2, 0, 2, 2, 0, 1, 0, 2, 0, 2, 0, 1, 0, 0, 1, 1, 2, 2, 2, 0, 0, 0, 0, 2, 1, 1, 1, 0, 1, 0, 0, 1, 0, 2, 2, 1, 0, 2, 2, 1, 2, 2, 0, 2, 1, 1, 0, 0, 2, 2, 1, 2, 1, 1, 1, 1, 0, 0, 1, 2, 0, 2, 1, 0, 2, 2, 1, 1, 1, 1, 2, 1, 1, 2, 0, 0, 1, 0, 0, 1, 2, 1, 1]|[2, 0, 2, 2, 0, 4, 1, 2, 1, 2, 2, 0, 1, 1, 0, 0, 1, 0, 0, 2, 0, 1, 0, 0, 1, 1, 0, 0, 1, 1, 1, 4, 4, 1, 1, 0, 0, 0, 2, 0, 1, 0, 3, 4, 1, 3, 2, 2, 1, 1, 2, 2, 1, 2, 1, 1, 1, 1, 2, 1, 1, 2, 4, 1, 0, 1, 1, 0, 0, 4, 4, 2, 4, 1, 2, 1, 1, 2, 1, 4, 2, 1, 0, 0, 1, 4, 2, 2, 4, 2, 1, 1, 2, 2, 0, 0, 0, 0, 2, 0]|[0, 1, 1, 1, 0, 2, 1, 2, 1, 1, 0, 3, 0, 1, 0, 0, 0, 0, 0, 1, 0, 0, 0, 0, 1, 0, 0, 0, 0, 1, 0, 3, 3, 0, 0, 0, 0, 0, 1, 0, 1, 3, 1, 0, 0, 3, 1, 1, 2, 0, 0, 0, 0, 1, 1, 0, 0, 0, 0, 0, 1, 2, 2, 0, 0, 0, 0, 3, 0, 3, 0, 1, 3, 0, 1, 2, 0, 0, 0, 3, 1, 0, 1, 1, 2, 0, 3, 0, 3, 0, 1, 0, 0, 2, 0, 1, 3, 0, 1, 1]
event=78:G1_CMAX:update:state=1,action=1,reward=-120.63060629362462,nextState=1,old=-46.92755537291555,new=-158.17265059195705
event=79:G2_TEC:update:state=1,action=0,reward=-1006.4251970467885,nextState=1,old=-826.3310332663314,new=-1667.4900236598537
event=80:G3_TWC:update:state=1,action=1,reward=-7076.884995015163,nextState=1,old=-9457.342663880176,new=-14642.759126119305
event=81:G4_BALANCED:update:state=1,action=2,reward=-0.12473978140442571,nextState=1,old=0.0,new=-0.12473978140442571
event=82:G1_CMAX:action:mode=exploit,state=1,draw=0.6364034551321204,action=2
event=83:G1_CMAX:tournament:reason=action2,left=0,right=13,selected=[58, 42, 31, 41, 98, 11, 15, 22, 57, 19, 84, 40, 73, 1, 81, 14, 99, 16, 3, 79, 2, 74, 5, 91, 62, 43, 68, 76, 97, 77, 88, 30, 53, 20, 51, 93, 24, 72, 49, 59, 38, 28, 92, 67, 9, 18, 17, 87, 12, 26, 71, 94, 95, 63, 21, 47, 27, 37, 96, 6, 78, 10, 32, 23, 55, 56, 39, 35, 46, 25, 7, 85, 86, 48, 69, 65, 61, 34, 70, 75, 60, 66, 44, 0, 45, 64, 54, 36, 52, 82, 80, 90, 4, 29, 89, 13, 33, 8, 83, 50]|[2, 0, 1, 0, 2, 1, 0, 1, 1, 0, 0, 1, 0, 2, 0, 1, 1, 1, 1, 1, 0, 0, 1, 1, 1, 0, 1, 0, 1, 0, 1, 1, 1, 0, 0, 2, 1, 2, 0, 0, 2, 1, 0, 1, 0, 0, 2, 0, 1, 0, 2, 2, 1, 1, 2, 2, 0, 2, 2, 0, 2, 1, 1, 2, 2, 2, 1, 1, 1, 1, 2, 0, 2, 1, 0, 1, 1, 1, 2, 2, 0, 1, 2, 1, 1, 1, 1, 1, 0, 0, 1, 2, 1, 2, 2, 1, 0, 1, 1, 2]|[2, 0, 2, 2, 0, 4, 1, 2, 1, 1, 2, 1, 2, 1, 0, 1, 2, 1, 3, 0, 1, 1, 0, 0, 3, 1, 2, 0, 1, 0, 3, 4, 4, 2, 1, 0, 3, 2, 2, 0, 1, 0, 0, 4, 1, 0, 1, 2, 1, 1, 2, 2, 1, 3, 1, 1, 2, 2, 2, 1, 1, 2, 2, 0, 2, 1, 4, 2, 4, 0, 0, 0, 0, 1, 0, 4, 0, 4, 1, 1, 1, 0, 2, 4, 2, 1, 4, 2, 2, 1, 1, 0, 1, 1, 1, 2, 1, 1, 2, 2]|[0, 1, 1, 1, 0, 2, 1, 0, 3, 0, 0, 1, 1, 1, 0, 1, 3, 1, 3, 1, 0, 0, 0, 1, 3, 0, 1, 0, 0, 1, 0, 3, 3, 0, 0, 0, 3, 1, 1, 0, 1, 3, 0, 1, 0, 0, 0, 1, 2, 0, 0, 0, 0, 1, 1, 0, 0, 1, 0, 0, 1, 2, 1, 0, 1, 0, 3, 0, 0, 1, 1, 0, 0, 2, 0, 0, 1, 2, 1, 0, 0, 1, 0, 3, 1, 2, 3, 1, 1, 1, 0, 0, 1, 0, 1, 2, 1, 3, 0, 0]
event=84:G1_CMAX:leader:action=2,fingerprint=[58, 42, 31, 41, 98, 11, 15, 22, 57, 19, 84, 40, 73, 1, 81, 14, 99, 16, 3, 79, 2, 74, 5, 91, 62, 43, 68, 76, 97, 77, 88, 30, 53, 20, 51, 93, 24, 72, 49, 59, 38, 28, 92, 67, 9, 18, 17, 87, 12, 26, 71, 94, 95, 63, 21, 47, 27, 37, 96, 6, 78, 10, 32, 23, 55, 56, 39, 35, 46, 25, 7, 85, 86, 48, 69, 65, 61, 34, 70, 75, 60, 66, 44, 0, 45, 64, 54, 36, 52, 82, 80, 90, 4, 29, 89, 13, 33, 8, 83, 50]|[2, 0, 1, 0, 2, 1, 0, 1, 1, 0, 0, 1, 0, 2, 0, 1, 1, 1, 1, 1, 0, 0, 1, 1, 1, 0, 1, 0, 1, 0, 1, 1, 1, 0, 0, 2, 1, 2, 0, 0, 2, 1, 0, 1, 0, 0, 2, 0, 1, 0, 2, 2, 1, 1, 2, 2, 0, 2, 2, 0, 2, 1, 1, 2, 2, 2, 1, 1, 1, 1, 2, 0, 2, 1, 0, 1, 1, 1, 2, 2, 0, 1, 2, 1, 1, 1, 1, 1, 0, 0, 1, 2, 1, 2, 2, 1, 0, 1, 1, 2]|[2, 0, 2, 2, 0, 4, 1, 2, 1, 1, 2, 1, 2, 1, 0, 1, 2, 1, 3, 0, 1, 1, 0, 0, 3, 1, 2, 0, 1, 0, 3, 4, 4, 2, 1, 0, 3, 2, 2, 0, 1, 0, 0, 4, 1, 0, 1, 2, 1, 1, 2, 2, 1, 3, 1, 1, 2, 2, 2, 1, 1, 2, 2, 0, 2, 1, 4, 2, 4, 0, 0, 0, 0, 1, 0, 4, 0, 4, 1, 1, 1, 0, 2, 4, 2, 1, 4, 2, 2, 1, 1, 0, 1, 1, 1, 2, 1, 1, 2, 2]|[0, 1, 1, 1, 0, 2, 1, 0, 3, 0, 0, 1, 1, 1, 0, 1, 3, 1, 3, 1, 0, 0, 0, 1, 3, 0, 1, 0, 0, 1, 0, 3, 3, 0, 0, 0, 3, 1, 1, 0, 1, 3, 0, 1, 0, 0, 0, 1, 2, 0, 0, 0, 0, 1, 1, 0, 0, 1, 0, 0, 1, 2, 1, 0, 1, 0, 3, 0, 0, 1, 1, 0, 0, 2, 0, 0, 1, 2, 1, 0, 0, 1, 0, 3, 1, 2, 3, 1, 1, 1, 0, 0, 1, 0, 1, 2, 1, 3, 0, 0]
event=85:G4_BALANCED:action:mode=exploit,state=1,draw=0.01938231189108175,action=0
event=86:G4_BALANCED:leader:action=0,fingerprint=[58, 42, 31, 41, 98, 11, 15, 22, 57, 19, 84, 40, 73, 1, 81, 14, 99, 16, 3, 79, 2, 74, 5, 91, 62, 43, 68, 76, 97, 77, 88, 30, 53, 20, 51, 93, 24, 72, 49, 59, 38, 28, 92, 67, 9, 18, 17, 87, 12, 26, 71, 94, 95, 63, 21, 47, 27, 37, 96, 6, 78, 10, 32, 23, 55, 56, 29, 64, 60, 46, 7, 36, 34, 85, 52, 48, 66, 69, 75, 39, 83, 33, 90, 82, 0, 61, 54, 44, 45, 65, 80, 35, 4, 25, 89, 50, 70, 86, 8, 13]|[2, 0, 1, 0, 2, 1, 0, 1, 0, 1, 0, 1, 0, 2, 0, 1, 1, 1, 0, 1, 2, 0, 0, 1, 2, 0, 2, 0, 1, 1, 1, 1, 1, 2, 0, 2, 0, 0, 0, 0, 2, 1, 1, 1, 0, 0, 0, 0, 1, 0, 2, 2, 1, 1, 2, 1, 1, 2, 2, 0, 2, 1, 2, 0, 0, 1, 2, 1, 2, 1, 1, 0, 1, 0, 0, 1, 2, 0, 2, 1, 1, 1, 0, 1, 0, 1, 1, 2, 2, 2, 1, 1, 1, 1, 0, 2, 0, 1, 1, 1]|[2, 0, 2, 2, 0, 4, 1, 2, 1, 2, 2, 0, 2, 1, 0, 0, 1, 2, 0, 0, 2, 1, 1, 0, 0, 1, 2, 0, 1, 3, 3, 4, 4, 1, 0, 1, 0, 0, 2, 0, 1, 0, 3, 4, 1, 0, 2, 2, 1, 1, 2, 2, 1, 0, 1, 0, 1, 2, 2, 1, 1, 2, 1, 1, 0, 2, 1, 0, 0, 4, 0, 0, 4, 1, 2, 1, 1, 2, 1, 4, 2, 1, 0, 2, 0, 0, 4, 0, 1, 0, 4, 0, 1, 0, 0, 2, 0, 4, 2, 2]|[0, 1, 1, 1, 0, 2, 1, 0, 1, 1, 0, 3, 1, 1, 0, 0, 0, 1, 0, 1, 0, 0, 0, 1, 0, 0, 0, 0, 0, 3, 0, 3, 3, 0, 0, 1, 0, 0, 1, 0, 1, 3, 1, 1, 0, 0, 1, 1, 2, 0, 0, 0, 0, 3, 0, 1, 0, 1, 0, 0, 1, 2, 0, 0, 0, 0, 0, 3, 0, 0, 3, 0, 3, 0, 1, 2, 0, 0, 0, 3, 0, 2, 1, 1, 0, 1, 3, 1, 0, 1, 0, 3, 1, 1, 1, 0, 0, 0, 3, 2]
event=87:G2_TEC:action:mode=exploit,state=1,draw=0.22823198736705141,action=2
event=88:G2_TEC:tournament:reason=action2,left=4,right=1,selected=[58, 42, 31, 41, 98, 11, 15, 22, 57, 19, 84, 40, 73, 1, 81, 14, 99, 16, 3, 79, 2, 74, 5, 91, 62, 43, 68, 76, 97, 77, 88, 30, 53, 20, 51, 93, 24, 72, 49, 59, 38, 28, 92, 67, 36, 78, 89, 7, 6, 33, 39, 21, 60, 37, 12, 29, 17, 25, 48, 86, 87, 70, 10, 66, 61, 82, 55, 80, 65, 46, 85, 90, 32, 96, 94, 75, 83, 44, 27, 45, 23, 9, 34, 54, 35, 56, 13, 26, 0, 63, 18, 64, 47, 50, 52, 69, 8, 71, 95, 4]|[2, 0, 1, 0, 2, 1, 0, 0, 1, 1, 1, 1, 2, 0, 0, 1, 1, 1, 2, 0, 0, 0, 1, 2, 1, 0, 0, 0, 1, 2, 0, 1, 1, 2, 0, 0, 2, 1, 1, 2, 0, 1, 0, 1, 1, 0, 2, 2, 0, 0, 1, 0, 2, 1, 1, 2, 0, 0, 2, 2, 2, 2, 1, 1, 1, 0, 2, 2, 2, 1, 1, 2, 1, 1, 1, 2, 2, 2, 0, 0, 0, 0, 0, 1, 1, 2, 1, 1, 1, 1, 0, 1, 0, 2, 0, 2, 0, 2, 1, 1]|[2, 0, 2, 0, 1, 4, 0, 0, 1, 2, 3, 1, 2, 0, 2, 1, 2, 4, 0, 0, 1, 1, 3, 2, 3, 1, 0, 0, 1, 1, 1, 4, 4, 2, 1, 0, 2, 1, 4, 0, 2, 0, 0, 3, 2, 2, 1, 0, 0, 2, 4, 2, 1, 1, 3, 1, 1, 1, 2, 2, 0, 1, 2, 0, 0, 2, 0, 1, 1, 4, 1, 0, 0, 4, 3, 1, 0, 2, 2, 2, 2, 1, 2, 1, 2, 1, 4, 4, 4, 3, 0, 1, 2, 2, 2, 2, 0, 2, 1, 1]|[0, 1, 0, 0, 1, 2, 0, 0, 3, 3, 1, 1, 0, 0, 0, 1, 3, 0, 0, 0, 0, 0, 3, 0, 3, 1, 0, 0, 2, 1, 1, 3, 3, 1, 0, 0, 1, 1, 3, 0, 0, 0, 0, 3, 1, 0, 1, 1, 0, 0, 0, 0, 0, 0, 0, 0, 0, 0, 0, 0, 0, 1, 2, 2, 1, 1, 0, 0, 0, 0, 3, 0, 1, 3, 3, 0, 0, 1, 0, 0, 0, 0, 1, 0, 0, 1, 0, 1, 3, 1, 0, 2, 0, 0, 1, 1, 0, 0, 0, 2]
event=89:G2_TEC:leader:action=2,fingerprint=[58, 42, 31, 41, 98, 11, 15, 22, 57, 19, 84, 40, 73, 1, 81, 14, 99, 16, 3, 79, 2, 74, 5, 91, 62, 43, 68, 76, 97, 77, 88, 30, 53, 20, 51, 93, 24, 72, 49, 59, 38, 28, 92, 67, 36, 78, 89, 7, 6, 33, 39, 21, 60, 37, 12, 29, 17, 25, 48, 86, 87, 70, 10, 66, 61, 82, 55, 80, 65, 46, 85, 90, 32, 96, 94, 75, 83, 44, 27, 45, 23, 9, 34, 54, 35, 56, 13, 26, 0, 63, 18, 64, 47, 50, 52, 69, 8, 71, 95, 4]|[2, 0, 1, 0, 2, 1, 0, 0, 1, 1, 1, 1, 2, 0, 0, 1, 1, 1, 2, 0, 0, 0, 1, 2, 1, 0, 0, 0, 1, 2, 0, 1, 1, 2, 0, 0, 2, 1, 1, 2, 0, 1, 0, 1, 1, 0, 2, 2, 0, 0, 1, 0, 2, 1, 1, 2, 0, 0, 2, 2, 2, 2, 1, 1, 1, 0, 2, 2, 2, 1, 1, 2, 1, 1, 1, 2, 2, 2, 0, 0, 0, 0, 0, 1, 1, 2, 1, 1, 1, 1, 0, 1, 0, 2, 0, 2, 0, 2, 1, 1]|[2, 0, 2, 0, 1, 4, 0, 0, 1, 2, 3, 1, 2, 0, 2, 1, 2, 4, 0, 0, 1, 1, 3, 2, 3, 1, 0, 0, 1, 1, 1, 4, 4, 2, 1, 0, 2, 1, 4, 0, 2, 0, 0, 3, 2, 2, 1, 0, 0, 2, 4, 2, 1, 1, 3, 1, 1, 1, 2, 2, 0, 1, 2, 0, 0, 2, 0, 1, 1, 4, 1, 0, 0, 4, 3, 1, 0, 2, 2, 2, 2, 1, 2, 1, 2, 1, 4, 4, 4, 3, 0, 1, 2, 2, 2, 2, 0, 2, 1, 1]|[0, 1, 0, 0, 1, 2, 0, 0, 3, 3, 1, 1, 0, 0, 0, 1, 3, 0, 0, 0, 0, 0, 3, 0, 3, 1, 0, 0, 2, 1, 1, 3, 3, 1, 0, 0, 1, 1, 3, 0, 0, 0, 0, 3, 1, 0, 1, 1, 0, 0, 0, 0, 0, 0, 0, 0, 0, 0, 0, 0, 0, 1, 2, 2, 1, 1, 0, 0, 0, 0, 3, 0, 1, 3, 3, 0, 0, 1, 0, 0, 0, 0, 1, 0, 0, 1, 0, 1, 3, 1, 0, 2, 0, 0, 1, 1, 0, 0, 0, 2]
event=90:G3_TWC:action:mode=exploit,state=1,draw=0.143114504642345,action=0
event=91:G3_TWC:leader:action=0,fingerprint=[58, 42, 31, 41, 98, 11, 15, 22, 57, 19, 84, 40, 73, 1, 81, 14, 99, 16, 3, 79, 2, 74, 5, 91, 62, 43, 68, 76, 97, 77, 88, 30, 53, 20, 51, 93, 24, 72, 49, 59, 38, 28, 92, 67, 9, 18, 17, 87, 12, 26, 71, 94, 95, 63, 21, 47, 27, 37, 96, 6, 78, 10, 32, 23, 55, 56, 29, 64, 60, 46, 65, 36, 34, 85, 52, 48, 66, 69, 75, 54, 86, 45, 7, 25, 33, 80, 8, 50, 39, 83, 89, 70, 4, 13, 0, 44, 35, 90, 82, 61]|[2, 0, 1, 0, 2, 1, 0, 1, 0, 1, 0, 1, 1, 2, 0, 1, 1, 2, 0, 2, 2, 0, 1, 0, 2, 0, 2, 0, 1, 0, 0, 1, 1, 2, 2, 2, 0, 0, 0, 0, 2, 1, 1, 1, 0, 1, 0, 0, 1, 0, 2, 2, 1, 0, 2, 2, 1, 2, 2, 0, 2, 1, 1, 0, 0, 2, 2, 1, 2, 1, 1, 1, 1, 0, 0, 1, 2, 0, 2, 1, 0, 2, 2, 1, 1, 1, 1, 2, 1, 1, 2, 0, 0, 1, 0, 0, 1, 2, 1, 1]|[2, 0, 2, 2, 0, 4, 1, 2, 1, 2, 2, 0, 1, 1, 0, 0, 1, 0, 0, 2, 0, 1, 0, 0, 1, 1, 0, 0, 1, 1, 1, 4, 4, 1, 1, 0, 0, 0, 2, 0, 1, 0, 3, 4, 1, 3, 2, 2, 1, 1, 2, 2, 1, 2, 1, 1, 1, 1, 2, 1, 1, 2, 4, 1, 0, 1, 1, 0, 0, 4, 4, 2, 4, 1, 2, 1, 1, 2, 1, 4, 2, 1, 0, 0, 1, 4, 2, 2, 4, 2, 1, 1, 2, 2, 0, 0, 0, 0, 2, 0]|[0, 1, 1, 1, 0, 2, 1, 2, 1, 1, 0, 3, 0, 1, 0, 0, 0, 0, 0, 1, 0, 0, 0, 0, 1, 0, 0, 0, 0, 1, 0, 3, 3, 0, 0, 0, 0, 0, 1, 0, 1, 3, 1, 0, 0, 3, 1, 1, 2, 0, 0, 0, 0, 1, 1, 0, 0, 0, 0, 0, 1, 2, 2, 0, 0, 0, 0, 3, 0, 3, 0, 1, 3, 0, 1, 2, 0, 0, 0, 3, 1, 0, 1, 1, 2, 0, 3, 0, 3, 0, 1, 0, 0, 2, 0, 1, 3, 0, 1, 1]
event=92:G1_CMAX:update:state=1,action=2,reward=-79.90273331323397,nextState=1,old=-99.07538008400752,new=-159.16303738044
event=93:G2_TEC:update:state=1,action=2,reward=-621.652052607591,nextState=1,old=-1282.9337612137897,new=-1647.9990615786228
event=94:G3_TWC:update:state=1,action=0,reward=-8946.762777812051,nextState=1,old=-9562.032877188758,new=-16596.389079563058
event=95:G4_BALANCED:update:state=1,action=0,reward=-0.15488235836628284,nextState=1,old=-0.053624169457301404,new=-0.19778169393212397
event=96:G1_CMAX:action:mode=exploit,state=1,draw=0.2806476628653928,action=1
event=97:G1_CMAX:leader:action=1,fingerprint=[58, 42, 31, 41, 98, 11, 15, 22, 57, 19, 84, 40, 73, 1, 81, 14, 99, 16, 3, 79, 2, 74, 5, 91, 62, 43, 68, 76, 97, 77, 88, 30, 53, 20, 51, 93, 24, 72, 49, 59, 38, 28, 92, 67, 9, 18, 17, 87, 12, 26, 71, 94, 95, 63, 21, 47, 27, 37, 96, 6, 78, 10, 32, 23, 55, 56, 39, 35, 46, 25, 7, 85, 86, 48, 69, 65, 61, 34, 70, 75, 60, 66, 44, 0, 45, 64, 54, 36, 52, 82, 80, 90, 4, 29, 89, 13, 33, 8, 83, 50]|[2, 0, 1, 0, 2, 1, 0, 1, 1, 0, 0, 1, 0, 2, 0, 1, 1, 1, 1, 1, 0, 0, 1, 1, 1, 0, 1, 0, 1, 0, 1, 1, 1, 0, 0, 2, 1, 2, 0, 0, 2, 1, 0, 1, 0, 0, 2, 0, 1, 0, 2, 2, 1, 1, 2, 2, 0, 2, 2, 0, 2, 1, 1, 2, 2, 2, 1, 1, 1, 1, 2, 0, 2, 1, 0, 1, 1, 1, 2, 2, 0, 1, 2, 1, 1, 1, 1, 1, 0, 0, 1, 2, 1, 2, 2, 1, 0, 1, 1, 2]|[2, 0, 2, 2, 0, 4, 1, 2, 1, 1, 2, 1, 2, 1, 0, 1, 2, 1, 3, 0, 1, 1, 0, 0, 3, 1, 2, 0, 1, 0, 3, 4, 4, 2, 1, 0, 3, 2, 2, 0, 1, 0, 0, 4, 1, 0, 1, 2, 1, 1, 2, 2, 1, 3, 1, 1, 2, 2, 2, 1, 1, 2, 2, 0, 2, 1, 4, 2, 4, 0, 0, 0, 0, 1, 0, 4, 0, 4, 1, 1, 1, 0, 2, 4, 2, 1, 4, 2, 2, 1, 1, 0, 1, 1, 1, 2, 1, 1, 2, 2]|[0, 1, 1, 1, 0, 2, 1, 0, 3, 0, 0, 1, 1, 1, 0, 1, 3, 1, 3, 1, 0, 0, 0, 1, 3, 0, 1, 0, 0, 1, 0, 3, 3, 0, 0, 0, 3, 1, 1, 0, 1, 3, 0, 1, 0, 0, 0, 1, 2, 0, 0, 0, 0, 1, 1, 0, 0, 1, 0, 0, 1, 2, 1, 0, 1, 0, 3, 0, 0, 1, 1, 0, 0, 2, 0, 0, 1, 2, 1, 0, 0, 1, 0, 3, 1, 2, 3, 1, 1, 1, 0, 0, 1, 0, 1, 2, 1, 3, 0, 0]
event=98:G4_BALANCED:action:mode=explore,state=1,draw=0.9531544386198783,action=2
event=99:G4_BALANCED:tournament:reason=action2,left=17,right=6,selected=[58, 42, 31, 41, 98, 11, 15, 22, 57, 19, 84, 40, 73, 1, 81, 14, 99, 16, 3, 79, 2, 74, 5, 91, 62, 43, 68, 76, 97, 77, 88, 30, 53, 20, 51, 93, 24, 72, 49, 59, 38, 28, 92, 67, 9, 18, 17, 87, 12, 26, 71, 94, 95, 63, 21, 47, 27, 37, 96, 6, 78, 10, 32, 23, 55, 56, 29, 64, 60, 46, 65, 36, 34, 85, 52, 48, 80, 69, 75, 39, 83, 33, 90, 82, 0, 61, 89, 44, 54, 66, 25, 7, 4, 8, 86, 45, 70, 50, 13, 35]|[0, 0, 1, 1, 2, 0, 0, 1, 0, 1, 0, 0, 0, 2, 0, 1, 2, 1, 0, 1, 2, 0, 1, 1, 2, 2, 2, 1, 1, 0, 1, 1, 1, 2, 0, 2, 0, 0, 0, 0, 0, 1, 1, 1, 0, 0, 0, 2, 1, 0, 2, 2, 1, 1, 2, 0, 1, 2, 2, 1, 0, 1, 1, 0, 0, 1, 2, 1, 1, 0, 1, 0, 1, 1, 0, 0, 1, 0, 0, 0, 1, 1, 0, 2, 0, 1, 1, 0, 1, 2, 1, 0, 1, 1, 1, 1, 0, 2, 1, 2]|[2, 0, 2, 2, 0, 0, 0, 2, 1, 4, 2, 1, 2, 1, 0, 1, 2, 1, 0, 0, 1, 1, 1, 0, 0, 2, 2, 4, 1, 1, 3, 4, 0, 1, 0, 1, 0, 0, 2, 0, 0, 3, 3, 3, 1, 0, 2, 1, 1, 1, 2, 2, 1, 0, 1, 0, 1, 2, 2, 3, 2, 2, 2, 1, 1, 1, 1, 3, 4, 1, 4, 0, 4, 4, 2, 0, 4, 0, 0, 2, 2, 1, 0, 2, 0, 0, 2, 2, 4, 1, 0, 2, 1, 2, 3, 2, 0, 2, 2, 1]|[0, 1, 1, 2, 0, 0, 1, 0, 1, 0, 0, 0, 1, 1, 0, 1, 0, 1, 0, 1, 0, 0, 0, 1, 0, 1, 0, 3, 2, 0, 0, 3, 1, 0, 0, 1, 0, 0, 1, 0, 1, 2, 1, 3, 0, 0, 1, 0, 2, 0, 0, 0, 0, 3, 0, 1, 0, 1, 0, 3, 0, 2, 1, 0, 0, 0, 0, 0, 0, 0, 0, 0, 3, 2, 1, 0, 0, 0, 0, 0, 0, 2, 1, 0, 0, 1, 0, 1, 3, 0, 1, 1, 1, 3, 0, 1, 0, 0, 2, 0]
event=100:G4_BALANCED:leader:action=2,fingerprint=[58, 42, 31, 41, 98, 11, 15, 22, 57, 19, 84, 40, 73, 1, 81, 14, 99, 16, 3, 79, 2, 74, 5, 91, 62, 43, 68, 76, 97, 77, 88, 30, 53, 20, 51, 93, 24, 72, 49, 59, 38, 28, 92, 67, 9, 18, 17, 87, 12, 26, 71, 94, 95, 63, 21, 47, 27, 37, 96, 6, 78, 10, 32, 23, 55, 56, 29, 64, 60, 46, 65, 36, 34, 85, 52, 48, 80, 69, 75, 39, 83, 33, 90, 82, 0, 61, 89, 44, 54, 66, 25, 7, 4, 8, 86, 45, 70, 50, 13, 35]|[0, 0, 1, 1, 2, 0, 0, 1, 0, 1, 0, 0, 0, 2, 0, 1, 2, 1, 0, 1, 2, 0, 1, 1, 2, 2, 2, 1, 1, 0, 1, 1, 1, 2, 0, 2, 0, 0, 0, 0, 0, 1, 1, 1, 0, 0, 0, 2, 1, 0, 2, 2, 1, 1, 2, 0, 1, 2, 2, 1, 0, 1, 1, 0, 0, 1, 2, 1, 1, 0, 1, 0, 1, 1, 0, 0, 1, 0, 0, 0, 1, 1, 0, 2, 0, 1, 1, 0, 1, 2, 1, 0, 1, 1, 1, 1, 0, 2, 1, 2]|[2, 0, 2, 2, 0, 0, 0, 2, 1, 4, 2, 1, 2, 1, 0, 1, 2, 1, 0, 0, 1, 1, 1, 0, 0, 2, 2, 4, 1, 1, 3, 4, 0, 1, 0, 1, 0, 0, 2, 0, 0, 3, 3, 3, 1, 0, 2, 1, 1, 1, 2, 2, 1, 0, 1, 0, 1, 2, 2, 3, 2, 2, 2, 1, 1, 1, 1, 3, 4, 1, 4, 0, 4, 4, 2, 0, 4, 0, 0, 2, 2, 1, 0, 2, 0, 0, 2, 2, 4, 1, 0, 2, 1, 2, 3, 2, 0, 2, 2, 1]|[0, 1, 1, 2, 0, 0, 1, 0, 1, 0, 0, 0, 1, 1, 0, 1, 0, 1, 0, 1, 0, 0, 0, 1, 0, 1, 0, 3, 2, 0, 0, 3, 1, 0, 0, 1, 0, 0, 1, 0, 1, 2, 1, 3, 0, 0, 1, 0, 2, 0, 0, 0, 0, 3, 0, 1, 0, 1, 0, 3, 0, 2, 1, 0, 0, 0, 0, 0, 0, 0, 0, 0, 3, 2, 1, 0, 0, 0, 0, 0, 0, 2, 1, 0, 0, 1, 0, 1, 3, 0, 1, 1, 1, 3, 0, 1, 0, 0, 2, 0]
event=101:G2_TEC:action:mode=exploit,state=1,draw=0.11768349908898657,action=2
event=102:G2_TEC:tournament:reason=action2,left=14,right=7,selected=[58, 42, 31, 41, 98, 11, 15, 22, 57, 19, 84, 40, 73, 1, 81, 14, 99, 16, 3, 79, 2, 74, 5, 91, 62, 43, 68, 76, 97, 77, 88, 30, 53, 20, 51, 93, 24, 72, 49, 59, 38, 28, 92, 67, 9, 18, 17, 87, 12, 26, 71, 94, 95, 63, 21, 47, 27, 37, 96, 6, 78, 10, 32, 23, 55, 56, 29, 64, 60, 46, 7, 36, 34, 85, 52, 48, 66, 54, 89, 83, 61, 39, 33, 8, 86, 80, 13, 90, 69, 0, 65, 35, 4, 45, 50, 70, 82, 75, 25, 44]|[2, 0, 1, 2, 2, 0, 0, 1, 0, 1, 0, 0, 0, 1, 0, 1, 1, 1, 0, 1, 0, 0, 0, 1, 1, 2, 2, 0, 1, 0, 1, 1, 1, 2, 0, 2, 0, 0, 0, 0, 2, 1, 0, 1, 0, 0, 2, 0, 1, 0, 2, 2, 2, 1, 1, 1, 0, 2, 2, 0, 2, 1, 0, 2, 0, 2, 2, 0, 2, 1, 1, 1, 1, 0, 0, 2, 2, 1, 0, 1, 1, 2, 1, 1, 1, 1, 1, 0, 0, 0, 1, 1, 0, 2, 2, 0, 0, 2, 1, 2]|[2, 2, 2, 1, 0, 0, 1, 2, 1, 4, 2, 1, 2, 1, 0, 1, 1, 2, 0, 0, 1, 1, 1, 0, 3, 2, 2, 0, 1, 1, 3, 4, 4, 1, 0, 0, 0, 0, 2, 0, 1, 0, 0, 0, 1, 0, 1, 2, 3, 1, 2, 2, 1, 3, 0, 1, 2, 1, 2, 1, 1, 2, 0, 2, 0, 1, 1, 0, 2, 4, 0, 4, 4, 1, 2, 2, 1, 4, 0, 2, 0, 1, 1, 2, 4, 4, 2, 0, 2, 0, 4, 0, 1, 1, 2, 0, 2, 1, 0, 0]|[0, 0, 1, 0, 0, 0, 1, 0, 1, 0, 0, 0, 1, 3, 0, 1, 0, 1, 0, 1, 0, 0, 0, 1, 3, 1, 0, 0, 0, 0, 0, 3, 3, 0, 0, 0, 0, 0, 1, 0, 1, 0, 0, 1, 0, 0, 0, 1, 0, 0, 0, 0, 0, 1, 1, 1, 0, 0, 0, 0, 1, 2, 1, 0, 0, 0, 0, 1, 0, 0, 3, 0, 2, 0, 1, 0, 0, 3, 1, 0, 1, 0, 2, 3, 0, 0, 2, 1, 0, 0, 0, 3, 1, 0, 0, 0, 1, 0, 1, 1]
event=103:G2_TEC:leader:action=2,fingerprint=[58, 42, 31, 41, 98, 11, 15, 22, 57, 19, 84, 40, 73, 1, 81, 14, 99, 16, 3, 79, 2, 74, 5, 91, 62, 43, 68, 76, 97, 77, 88, 30, 53, 20, 51, 93, 24, 72, 49, 59, 38, 28, 92, 67, 9, 18, 17, 87, 12, 26, 71, 94, 95, 63, 21, 47, 27, 37, 96, 6, 78, 10, 32, 23, 55, 56, 29, 64, 60, 46, 7, 36, 34, 85, 52, 48, 66, 54, 89, 83, 61, 39, 33, 8, 86, 80, 13, 90, 69, 0, 65, 35, 4, 45, 50, 70, 82, 75, 25, 44]|[2, 0, 1, 2, 2, 0, 0, 1, 0, 1, 0, 0, 0, 1, 0, 1, 1, 1, 0, 1, 0, 0, 0, 1, 1, 2, 2, 0, 1, 0, 1, 1, 1, 2, 0, 2, 0, 0, 0, 0, 2, 1, 0, 1, 0, 0, 2, 0, 1, 0, 2, 2, 2, 1, 1, 1, 0, 2, 2, 0, 2, 1, 0, 2, 0, 2, 2, 0, 2, 1, 1, 1, 1, 0, 0, 2, 2, 1, 0, 1, 1, 2, 1, 1, 1, 1, 1, 0, 0, 0, 1, 1, 0, 2, 2, 0, 0, 2, 1, 2]|[2, 2, 2, 1, 0, 0, 1, 2, 1, 4, 2, 1, 2, 1, 0, 1, 1, 2, 0, 0, 1, 1, 1, 0, 3, 2, 2, 0, 1, 1, 3, 4, 4, 1, 0, 0, 0, 0, 2, 0, 1, 0, 0, 0, 1, 0, 1, 2, 3, 1, 2, 2, 1, 3, 0, 1, 2, 1, 2, 1, 1, 2, 0, 2, 0, 1, 1, 0, 2, 4, 0, 4, 4, 1, 2, 2, 1, 4, 0, 2, 0, 1, 1, 2, 4, 4, 2, 0, 2, 0, 4, 0, 1, 1, 2, 0, 2, 1, 0, 0]|[0, 0, 1, 0, 0, 0, 1, 0, 1, 0, 0, 0, 1, 3, 0, 1, 0, 1, 0, 1, 0, 0, 0, 1, 3, 1, 0, 0, 0, 0, 0, 3, 3, 0, 0, 0, 0, 0, 1, 0, 1, 0, 0, 1, 0, 0, 0, 1, 0, 0, 0, 0, 0, 1, 1, 1, 0, 0, 0, 0, 1, 2, 1, 0, 0, 0, 0, 1, 0, 0, 3, 0, 2, 0, 1, 0, 0, 3, 1, 0, 1, 0, 2, 3, 0, 0, 2, 1, 0, 0, 0, 3, 1, 0, 0, 0, 1, 0, 1, 1]
event=104:G3_TWC:action:mode=exploit,state=1,draw=0.6620818373783223,action=2
event=105:G3_TWC:tournament:reason=action2,left=16,right=8,selected=[51, 47, 52, 68, 34, 91, 15, 22, 57, 19, 84, 40, 73, 1, 81, 14, 99, 16, 3, 30, 39, 26, 80, 95, 62, 43, 41, 76, 97, 77, 88, 79, 53, 20, 78, 93, 17, 64, 37, 55, 60, 83, 71, 85, 33, 70, 4, 65, 32, 75, 8, 96, 7, 56, 31, 24, 86, 98, 74, 23, 69, 12, 46, 9, 72, 21, 49, 54, 13, 27, 48, 45, 89, 29, 61, 63, 50, 82, 2, 87, 11, 6, 42, 18, 90, 28, 94, 10, 5, 38, 92, 36, 58, 67, 0, 25, 44, 35, 59, 66]|[0, 0, 2, 1, 1, 1, 0, 1, 1, 1, 0, 0, 2, 1, 0, 1, 2, 0, 2, 1, 0, 0, 1, 1, 1, 1, 1, 0, 1, 2, 0, 2, 1, 0, 0, 0, 2, 0, 2, 0, 2, 0, 2, 0, 0, 0, 0, 2, 0, 2, 1, 2, 0, 2, 1, 1, 2, 1, 1, 2, 0, 1, 1, 0, 2, 2, 0, 1, 2, 0, 2, 2, 0, 1, 0, 0, 2, 1, 1, 0, 1, 0, 0, 2, 1, 2, 1, 1, 1, 2, 2, 1, 0, 1, 1, 1, 0, 1, 0, 1]|[2, 0, 0, 1, 0, 0, 0, 1, 3, 0, 2, 0, 0, 2, 0, 1, 1, 1, 1, 1, 1, 1, 1, 0, 3, 0, 1, 0, 1, 1, 1, 1, 4, 2, 0, 2, 1, 1, 2, 1, 1, 2, 2, 0, 2, 2, 1, 1, 2, 1, 2, 2, 0, 1, 2, 3, 2, 4, 0, 0, 0, 1, 4, 1, 1, 1, 2, 4, 1, 2, 2, 1, 0, 3, 1, 0, 2, 3, 4, 2, 0, 2, 0, 0, 4, 2, 4, 0, 1, 1, 1, 0, 2, 4, 4, 1, 2, 0, 0, 4]|[1, 1, 0, 0, 1, 1, 1, 2, 3, 1, 0, 0, 0, 3, 0, 1, 0, 0, 0, 2, 0, 0, 0, 2, 3, 0, 0, 1, 0, 1, 0, 0, 3, 0, 0, 1, 0, 0, 1, 0, 0, 1, 0, 0, 0, 0, 0, 0, 1, 0, 3, 0, 1, 0, 1, 3, 0, 1, 2, 0, 0, 2, 3, 0, 0, 1, 1, 3, 0, 0, 0, 1, 0, 2, 0, 0, 0, 0, 3, 1, 1, 0, 1, 0, 3, 1, 1, 2, 0, 1, 0, 1, 0, 1, 3, 2, 1, 3, 0, 2]
event=106:G3_TWC:leader:action=2,fingerprint=[51, 47, 52, 68, 34, 91, 15, 22, 57, 19, 84, 40, 73, 1, 81, 14, 99, 16, 3, 30, 39, 26, 80, 95, 62, 43, 41, 76, 97, 77, 88, 79, 53, 20, 78, 93, 17, 64, 37, 55, 60, 83, 71, 85, 33, 70, 4, 65, 32, 75, 8, 96, 7, 56, 31, 24, 86, 98, 74, 23, 69, 12, 46, 9, 72, 21, 49, 54, 13, 27, 48, 45, 89, 29, 61, 63, 50, 82, 2, 87, 11, 6, 42, 18, 90, 28, 94, 10, 5, 38, 92, 36, 58, 67, 0, 25, 44, 35, 59, 66]|[0, 0, 2, 1, 1, 1, 0, 1, 1, 1, 0, 0, 2, 1, 0, 1, 2, 0, 2, 1, 0, 0, 1, 1, 1, 1, 1, 0, 1, 2, 0, 2, 1, 0, 0, 0, 2, 0, 2, 0, 2, 0, 2, 0, 0, 0, 0, 2, 0, 2, 1, 2, 0, 2, 1, 1, 2, 1, 1, 2, 0, 1, 1, 0, 2, 2, 0, 1, 2, 0, 2, 2, 0, 1, 0, 0, 2, 1, 1, 0, 1, 0, 0, 2, 1, 2, 1, 1, 1, 2, 2, 1, 0, 1, 1, 1, 0, 1, 0, 1]|[2, 0, 0, 1, 0, 0, 0, 1, 3, 0, 2, 0, 0, 2, 0, 1, 1, 1, 1, 1, 1, 1, 1, 0, 3, 0, 1, 0, 1, 1, 1, 1, 4, 2, 0, 2, 1, 1, 2, 1, 1, 2, 2, 0, 2, 2, 1, 1, 2, 1, 2, 2, 0, 1, 2, 3, 2, 4, 0, 0, 0, 1, 4, 1, 1, 1, 2, 4, 1, 2, 2, 1, 0, 3, 1, 0, 2, 3, 4, 2, 0, 2, 0, 0, 4, 2, 4, 0, 1, 1, 1, 0, 2, 4, 4, 1, 2, 0, 0, 4]|[1, 1, 0, 0, 1, 1, 1, 2, 3, 1, 0, 0, 0, 3, 0, 1, 0, 0, 0, 2, 0, 0, 0, 2, 3, 0, 0, 1, 0, 1, 0, 0, 3, 0, 0, 1, 0, 0, 1, 0, 0, 1, 0, 0, 0, 0, 0, 0, 1, 0, 3, 0, 1, 0, 1, 3, 0, 1, 2, 0, 0, 2, 3, 0, 0, 1, 1, 3, 0, 0, 0, 1, 0, 2, 0, 0, 0, 0, 3, 1, 1, 0, 1, 0, 3, 1, 1, 2, 0, 1, 0, 1, 0, 1, 3, 2, 1, 3, 0, 2]
event=107:G1_CMAX:update:state=1,action=1,reward=-141.22055983119196,nextState=1,old=-158.17265059195705,new=-267.7586803047576
event=108:G2_TEC:update:state=1,action=2,reward=-444.49197123488557,nextState=1,old=-1647.9990615786228,new=-1762.891220497784
event=109:G3_TWC:update:state=1,action=2,reward=-11447.675115920953,nextState=1,old=-14621.739811138588,new=-23145.06696483182
event=110:G4_BALANCED:update:state=1,action=2,reward=-0.13839053724722347,nextState=1,old=-0.12473978140442571,new=-0.20859963781845797
event=111:G1_CMAX:action:mode=exploit,state=1,draw=0.5106406748392534,action=2
event=112:G1_CMAX:tournament:reason=action2,left=11,right=9,selected=[58, 42, 31, 41, 98, 11, 15, 22, 57, 19, 84, 40, 73, 1, 81, 14, 99, 16, 3, 79, 2, 74, 5, 91, 62, 43, 68, 76, 97, 77, 88, 30, 53, 20, 51, 93, 24, 72, 49, 59, 38, 28, 92, 67, 9, 18, 17, 87, 12, 26, 71, 94, 95, 63, 21, 47, 27, 37, 96, 6, 78, 10, 32, 23, 55, 56, 29, 64, 60, 46, 7, 36, 34, 52, 61, 69, 66, 50, 13, 89, 82, 45, 39, 86, 33, 0, 75, 8, 65, 48, 4, 83, 90, 85, 54, 80, 44, 35, 70, 25]|[2, 0, 1, 0, 0, 1, 0, 1, 1, 1, 0, 1, 0, 2, 0, 1, 2, 1, 2, 1, 2, 0, 1, 1, 1, 0, 0, 0, 1, 0, 2, 1, 1, 0, 0, 2, 0, 1, 1, 2, 2, 1, 0, 1, 0, 2, 2, 0, 1, 0, 2, 1, 1, 1, 2, 1, 2, 2, 2, 0, 2, 1, 2, 0, 0, 1, 2, 1, 1, 1, 0, 1, 1, 1, 0, 0, 0, 2, 0, 0, 1, 2, 1, 2, 1, 2, 2, 1, 2, 1, 1, 2, 0, 1, 1, 1, 2, 1, 1, 1]|[2, 0, 2, 2, 0, 4, 0, 2, 1, 4, 2, 0, 2, 1, 0, 0, 1, 2, 2, 0, 2, 1, 0, 1, 3, 1, 0, 0, 1, 0, 2, 4, 4, 2, 0, 0, 0, 0, 4, 0, 1, 3, 2, 4, 1, 0, 1, 0, 1, 1, 2, 3, 1, 3, 1, 0, 1, 2, 2, 1, 1, 2, 1, 2, 2, 2, 1, 1, 4, 1, 0, 2, 4, 3, 1, 2, 1, 2, 1, 0, 2, 1, 4, 0, 1, 1, 1, 2, 1, 1, 1, 0, 0, 1, 1, 1, 0, 0, 4, 1]|[0, 1, 1, 1, 1, 2, 0, 0, 3, 2, 0, 3, 1, 1, 0, 0, 0, 1, 1, 1, 0, 0, 0, 0, 3, 0, 0, 0, 0, 1, 1, 3, 3, 0, 0, 0, 0, 1, 3, 0, 1, 3, 1, 1, 0, 0, 0, 0, 2, 0, 0, 3, 0, 1, 1, 3, 0, 1, 0, 0, 0, 2, 0, 0, 0, 0, 0, 2, 0, 1, 0, 0, 3, 0, 0, 0, 0, 0, 0, 1, 1, 0, 3, 0, 2, 0, 0, 3, 0, 2, 1, 0, 1, 3, 0, 2, 1, 3, 3, 1]
event=113:G1_CMAX:leader:action=2,fingerprint=[58, 42, 31, 41, 98, 11, 15, 22, 57, 19, 84, 40, 73, 1, 81, 14, 99, 16, 3, 79, 2, 74, 5, 91, 62, 43, 68, 76, 97, 77, 88, 30, 53, 20, 51, 93, 24, 72, 49, 59, 38, 28, 92, 67, 9, 18, 17, 87, 12, 26, 71, 94, 95, 63, 21, 47, 27, 37, 96, 6, 78, 10, 32, 23, 55, 56, 29, 64, 60, 46, 7, 36, 34, 52, 61, 69, 66, 50, 13, 89, 82, 45, 39, 86, 33, 0, 75, 8, 65, 48, 4, 83, 90, 85, 54, 80, 44, 35, 70, 25]|[2, 0, 1, 0, 0, 1, 0, 1, 1, 1, 0, 1, 0, 2, 0, 1, 2, 1, 2, 1, 2, 0, 1, 1, 1, 0, 0, 0, 1, 0, 2, 1, 1, 0, 0, 2, 0, 1, 1, 2, 2, 1, 0, 1, 0, 2, 2, 0, 1, 0, 2, 1, 1, 1, 2, 1, 2, 2, 2, 0, 2, 1, 2, 0, 0, 1, 2, 1, 1, 1, 0, 1, 1, 1, 0, 0, 0, 2, 0, 0, 1, 2, 1, 2, 1, 2, 2, 1, 2, 1, 1, 2, 0, 1, 1, 1, 2, 1, 1, 1]|[2, 0, 2, 2, 0, 4, 0, 2, 1, 4, 2, 0, 2, 1, 0, 0, 1, 2, 2, 0, 2, 1, 0, 1, 3, 1, 0, 0, 1, 0, 2, 4, 4, 2, 0, 0, 0, 0, 4, 0, 1, 3, 2, 4, 1, 0, 1, 0, 1, 1, 2, 3, 1, 3, 1, 0, 1, 2, 2, 1, 1, 2, 1, 2, 2, 2, 1, 1, 4, 1, 0, 2, 4, 3, 1, 2, 1, 2, 1, 0, 2, 1, 4, 0, 1, 1, 1, 2, 1, 1, 1, 0, 0, 1, 1, 1, 0, 0, 4, 1]|[0, 1, 1, 1, 1, 2, 0, 0, 3, 2, 0, 3, 1, 1, 0, 0, 0, 1, 1, 1, 0, 0, 0, 0, 3, 0, 0, 0, 0, 1, 1, 3, 3, 0, 0, 0, 0, 1, 3, 0, 1, 3, 1, 1, 0, 0, 0, 0, 2, 0, 0, 3, 0, 1, 1, 3, 0, 1, 0, 0, 0, 2, 0, 0, 0, 0, 0, 2, 0, 1, 0, 0, 3, 0, 0, 0, 0, 0, 0, 1, 1, 0, 3, 0, 2, 0, 0, 3, 0, 2, 1, 0, 1, 3, 0, 2, 1, 3, 3, 1]
event=114:G4_BALANCED:action:mode=exploit,state=1,draw=0.5499288394714767,action=1
event=115:G4_BALANCED:leader:action=1,fingerprint=[58, 42, 31, 41, 98, 11, 15, 22, 57, 19, 84, 40, 73, 1, 81, 14, 99, 16, 3, 79, 2, 74, 5, 91, 62, 43, 68, 76, 97, 77, 88, 30, 53, 20, 51, 93, 24, 72, 49, 59, 38, 28, 92, 67, 9, 18, 17, 87, 12, 26, 71, 94, 95, 63, 21, 47, 27, 37, 96, 6, 78, 10, 32, 23, 55, 56, 29, 64, 60, 46, 7, 36, 34, 85, 52, 48, 61, 54, 89, 83, 66, 39, 33, 8, 86, 80, 75, 50, 70, 0, 35, 82, 69, 4, 13, 65, 25, 45, 90, 44]|[2, 0, 1, 0, 2, 0, 0, 1, 0, 1, 0, 0, 0, 1, 0, 1, 1, 1, 1, 1, 0, 0, 1, 0, 1, 2, 0, 0, 1, 0, 1, 2, 1, 2, 0, 2, 0, 0, 0, 0, 2, 1, 0, 1, 0, 0, 2, 1, 1, 2, 2, 2, 2, 1, 1, 1, 0, 2, 2, 0, 2, 1, 1, 0, 0, 2, 2, 0, 2, 0, 1, 1, 1, 1, 0, 1, 1, 1, 1, 1, 2, 1, 1, 0, 1, 1, 2, 1, 2, 0, 1, 1, 0, 0, 1, 1, 1, 2, 1, 1]|[2, 2, 2, 2, 0, 0, 1, 2, 1, 2, 2, 1, 2, 1, 0, 1, 1, 2, 2, 0, 1, 1, 0, 0, 3, 2, 2, 0, 2, 1, 3, 0, 4, 1, 0, 0, 0, 0, 2, 0, 1, 0, 0, 0, 1, 1, 1, 2, 3, 1, 2, 2, 1, 3, 0, 2, 2, 1, 2, 1, 1, 2, 4, 0, 0, 1, 1, 2, 2, 2, 0, 4, 4, 4, 2, 4, 1, 4, 2, 0, 1, 4, 1, 1, 4, 4, 1, 0, 1, 0, 0, 0, 0, 1, 4, 4, 0, 1, 4, 1]|[0, 0, 1, 1, 0, 0, 1, 0, 1, 1, 0, 0, 1, 3, 0, 1, 0, 1, 3, 1, 0, 0, 0, 0, 3, 1, 0, 0, 0, 0, 0, 0, 3, 0, 0, 0, 0, 0, 1, 0, 1, 3, 0, 1, 0, 0, 0, 2, 0, 1, 0, 0, 0, 1, 1, 0, 0, 0, 0, 0, 1, 2, 0, 1, 0, 0, 0, 0, 1, 0, 3, 0, 2, 0, 1, 3, 1, 3, 0, 1, 0, 3, 2, 0, 2, 0, 0, 1, 0, 0, 3, 2, 0, 1, 3, 0, 1, 0, 0, 2]
event=116:G2_TEC:action:mode=exploit,state=1,draw=0.007844518889582042,action=0
event=117:G2_TEC:leader:action=0,fingerprint=[58, 42, 31, 41, 98, 11, 15, 22, 57, 19, 84, 40, 73, 1, 81, 14, 99, 16, 3, 79, 2, 74, 5, 91, 62, 43, 68, 76, 97, 77, 88, 30, 53, 20, 51, 93, 24, 72, 49, 59, 38, 28, 92, 67, 9, 18, 17, 87, 12, 26, 71, 94, 95, 63, 21, 47, 27, 37, 96, 6, 78, 10, 32, 23, 55, 56, 29, 64, 60, 46, 7, 36, 34, 85, 52, 48, 61, 54, 89, 83, 66, 39, 33, 8, 86, 80, 75, 50, 70, 0, 35, 82, 69, 4, 13, 65, 25, 45, 90, 44]|[2, 0, 1, 0, 2, 0, 0, 1, 0, 1, 0, 0, 0, 1, 0, 1, 1, 1, 1, 1, 0, 0, 1, 0, 1, 2, 0, 0, 1, 0, 1, 2, 1, 2, 0, 2, 0, 0, 0, 0, 2, 1, 0, 1, 0, 0, 2, 1, 1, 2, 2, 2, 2, 1, 1, 1, 0, 2, 2, 0, 2, 1, 1, 0, 0, 2, 2, 0, 2, 0, 1, 1, 1, 1, 0, 1, 1, 1, 1, 1, 2, 1, 1, 0, 1, 1, 2, 1, 2, 0, 1, 1, 0, 0, 1, 1, 1, 2, 1, 1]|[2, 2, 2, 2, 0, 0, 1, 2, 1, 2, 2, 1, 2, 1, 0, 1, 1, 2, 2, 0, 1, 1, 0, 0, 3, 2, 2, 0, 2, 1, 3, 0, 4, 1, 0, 0, 0, 0, 2, 0, 1, 0, 0, 0, 1, 1, 1, 2, 3, 1, 2, 2, 1, 3, 0, 2, 2, 1, 2, 1, 1, 2, 4, 0, 0, 1, 1, 2, 2, 2, 0, 4, 4, 4, 2, 4, 1, 4, 2, 0, 1, 4, 1, 1, 4, 4, 1, 0, 1, 0, 0, 0, 0, 1, 4, 4, 0, 1, 4, 1]|[0, 0, 1, 1, 0, 0, 1, 0, 1, 1, 0, 0, 1, 3, 0, 1, 0, 1, 3, 1, 0, 0, 0, 0, 3, 1, 0, 0, 0, 0, 0, 0, 3, 0, 0, 0, 0, 0, 1, 0, 1, 3, 0, 1, 0, 0, 0, 2, 0, 1, 0, 0, 0, 1, 1, 0, 0, 0, 0, 0, 1, 2, 0, 1, 0, 0, 0, 0, 1, 0, 3, 0, 2, 0, 1, 3, 1, 3, 0, 1, 0, 3, 2, 0, 2, 0, 0, 1, 0, 0, 3, 2, 0, 1, 3, 0, 1, 0, 0, 2]
event=118:G3_TWC:action:mode=explore,state=1,draw=0.9297100871045613,action=2
event=119:G3_TWC:tournament:reason=action2,left=0,right=13,selected=[58, 42, 31, 41, 98, 11, 15, 22, 57, 19, 84, 40, 73, 1, 81, 14, 99, 16, 3, 79, 2, 74, 5, 91, 62, 43, 68, 76, 97, 77, 88, 30, 53, 20, 51, 93, 24, 72, 49, 59, 38, 28, 92, 67, 9, 18, 17, 87, 12, 26, 71, 94, 95, 63, 21, 47, 27, 37, 96, 6, 78, 10, 32, 23, 55, 56, 39, 35, 46, 25, 7, 85, 86, 48, 69, 65, 61, 34, 70, 75, 60, 66, 44, 0, 45, 64, 54, 36, 52, 82, 80, 90, 4, 29, 89, 13, 33, 8, 83, 50]|[2, 0, 1, 0, 2, 1, 0, 1, 1, 0, 0, 1, 0, 2, 0, 1, 1, 1, 1, 1, 0, 0, 1, 1, 1, 0, 1, 0, 1, 0, 1, 1, 1, 0, 0, 2, 1, 2, 0, 0, 2, 1, 0, 1, 0, 0, 2, 0, 1, 0, 2, 2, 1, 1, 2, 2, 0, 2, 2, 0, 2, 1, 1, 2, 2, 2, 1, 1, 1, 1, 2, 0, 2, 1, 0, 1, 1, 1, 2, 2, 0, 1, 2, 1, 1, 1, 1, 1, 0, 0, 1, 2, 1, 2, 2, 1, 0, 1, 1, 2]|[2, 0, 2, 2, 0, 4, 1, 2, 1, 1, 2, 1, 2, 1, 0, 1, 2, 1, 3, 0, 1, 1, 0, 0, 3, 1, 2, 0, 1, 0, 3, 4, 4, 2, 1, 0, 3, 2, 2, 0, 1, 0, 0, 4, 1, 0, 1, 2, 1, 1, 2, 2, 1, 3, 1, 1, 2, 2, 2, 1, 1, 2, 2, 0, 2, 1, 4, 2, 4, 0, 0, 0, 0, 1, 0, 4, 0, 4, 1, 1, 1, 0, 2, 4, 2, 1, 4, 2, 2, 1, 1, 0, 1, 1, 1, 2, 1, 1, 2, 2]|[0, 1, 1, 1, 0, 2, 1, 0, 3, 0, 0, 1, 1, 1, 0, 1, 3, 1, 3, 1, 0, 0, 0, 1, 3, 0, 1, 0, 0, 1, 0, 3, 3, 0, 0, 0, 3, 1, 1, 0, 1, 3, 0, 1, 0, 0, 0, 1, 2, 0, 0, 0, 0, 1, 1, 0, 0, 1, 0, 0, 1, 2, 1, 0, 1, 0, 3, 0, 0, 1, 1, 0, 0, 2, 0, 0, 1, 2, 1, 0, 0, 1, 0, 3, 1, 2, 3, 1, 1, 1, 0, 0, 1, 0, 1, 2, 1, 3, 0, 0]
event=120:G3_TWC:leader:action=2,fingerprint=[58, 42, 31, 41, 98, 11, 15, 22, 57, 19, 84, 40, 73, 1, 81, 14, 99, 16, 3, 79, 2, 74, 5, 91, 62, 43, 68, 76, 97, 77, 88, 30, 53, 20, 51, 93, 24, 72, 49, 59, 38, 28, 92, 67, 9, 18, 17, 87, 12, 26, 71, 94, 95, 63, 21, 47, 27, 37, 96, 6, 78, 10, 32, 23, 55, 56, 39, 35, 46, 25, 7, 85, 86, 48, 69, 65, 61, 34, 70, 75, 60, 66, 44, 0, 45, 64, 54, 36, 52, 82, 80, 90, 4, 29, 89, 13, 33, 8, 83, 50]|[2, 0, 1, 0, 2, 1, 0, 1, 1, 0, 0, 1, 0, 2, 0, 1, 1, 1, 1, 1, 0, 0, 1, 1, 1, 0, 1, 0, 1, 0, 1, 1, 1, 0, 0, 2, 1, 2, 0, 0, 2, 1, 0, 1, 0, 0, 2, 0, 1, 0, 2, 2, 1, 1, 2, 2, 0, 2, 2, 0, 2, 1, 1, 2, 2, 2, 1, 1, 1, 1, 2, 0, 2, 1, 0, 1, 1, 1, 2, 2, 0, 1, 2, 1, 1, 1, 1, 1, 0, 0, 1, 2, 1, 2, 2, 1, 0, 1, 1, 2]|[2, 0, 2, 2, 0, 4, 1, 2, 1, 1, 2, 1, 2, 1, 0, 1, 2, 1, 3, 0, 1, 1, 0, 0, 3, 1, 2, 0, 1, 0, 3, 4, 4, 2, 1, 0, 3, 2, 2, 0, 1, 0, 0, 4, 1, 0, 1, 2, 1, 1, 2, 2, 1, 3, 1, 1, 2, 2, 2, 1, 1, 2, 2, 0, 2, 1, 4, 2, 4, 0, 0, 0, 0, 1, 0, 4, 0, 4, 1, 1, 1, 0, 2, 4, 2, 1, 4, 2, 2, 1, 1, 0, 1, 1, 1, 2, 1, 1, 2, 2]|[0, 1, 1, 1, 0, 2, 1, 0, 3, 0, 0, 1, 1, 1, 0, 1, 3, 1, 3, 1, 0, 0, 0, 1, 3, 0, 1, 0, 0, 1, 0, 3, 3, 0, 0, 0, 3, 1, 1, 0, 1, 3, 0, 1, 0, 0, 0, 1, 2, 0, 0, 0, 0, 1, 1, 0, 0, 1, 0, 0, 1, 2, 1, 0, 1, 0, 3, 0, 0, 1, 1, 0, 0, 2, 0, 0, 1, 2, 1, 0, 0, 1, 0, 3, 1, 2, 3, 1, 1, 1, 0, 0, 1, 0, 1, 2, 1, 3, 0, 0]
event=121:G1_CMAX:update:state=1,action=2,reward=-122.51851028388933,nextState=1,old=-159.16303738044,new=-249.84894018824133
event=122:G2_TEC:update:state=1,action=0,reward=-469.945529834833,nextState=1,old=-1667.4900236598537,new=-1803.937548762716
event=123:G3_TWC:update:state=1,action=2,reward=-7027.708591969218,nextState=1,old=-23145.06696483182,new=-18741.915892864665
event=124:G4_BALANCED:update:state=1,action=1,reward=-0.10838247268727519,nextState=1,old=-0.08776137571404315,new=-0.17859157325850972
event=125:G1_CMAX:action:mode=exploit,state=1,draw=0.2433162534804798,action=0
event=126:G1_CMAX:leader:action=0,fingerprint=[58, 42, 31, 41, 98, 11, 15, 22, 57, 19, 84, 40, 73, 1, 81, 14, 99, 16, 3, 79, 2, 74, 5, 91, 62, 43, 68, 76, 97, 77, 88, 30, 53, 20, 51, 93, 24, 72, 49, 59, 38, 28, 92, 67, 9, 18, 17, 87, 12, 26, 71, 94, 95, 63, 21, 47, 27, 34, 75, 23, 69, 32, 46, 33, 64, 52, 29, 55, 50, 56, 80, 10, 54, 4, 89, 35, 78, 86, 61, 83, 66, 65, 0, 25, 37, 7, 13, 90, 82, 6, 36, 39, 8, 45, 85, 70, 60, 96, 44, 48]|[2, 0, 1, 0, 2, 0, 0, 1, 1, 1, 0, 0, 2, 1, 0, 1, 1, 1, 2, 2, 1, 0, 1, 1, 1, 2, 0, 0, 1, 0, 1, 2, 1, 0, 0, 2, 1, 0, 2, 0, 2, 2, 0, 1, 0, 2, 2, 0, 1, 1, 2, 2, 2, 1, 2, 0, 1, 1, 1, 2, 0, 1, 0, 1, 0, 2, 2, 0, 2, 2, 1, 1, 1, 0, 2, 1, 0, 1, 1, 1, 1, 1, 0, 0, 2, 2, 2, 0, 1, 0, 1, 1, 2, 2, 1, 0, 2, 1, 0, 1]|[2, 0, 2, 2, 0, 0, 1, 2, 3, 0, 2, 0, 0, 1, 0, 1, 1, 2, 1, 1, 4, 1, 0, 0, 3, 2, 2, 0, 1, 1, 3, 0, 4, 1, 0, 0, 1, 0, 2, 0, 1, 2, 0, 0, 1, 0, 1, 2, 3, 4, 2, 2, 1, 3, 1, 0, 1, 4, 0, 0, 0, 4, 2, 1, 2, 0, 1, 1, 2, 1, 4, 2, 4, 0, 1, 2, 0, 4, 1, 0, 4, 4, 0, 1, 2, 1, 1, 0, 0, 1, 4, 4, 1, 1, 4, 2, 2, 4, 0, 1]|[0, 1, 1, 1, 0, 0, 1, 0, 3, 1, 0, 0, 0, 3, 0, 1, 0, 1, 0, 0, 3, 0, 0, 1, 3, 1, 0, 0, 0, 0, 0, 0, 3, 0, 0, 0, 3, 0, 1, 0, 0, 1, 0, 1, 0, 0, 0, 1, 0, 1, 0, 0, 0, 1, 1, 1, 0, 2, 2, 0, 0, 0, 0, 2, 0, 0, 0, 0, 0, 1, 0, 2, 3, 1, 1, 0, 0, 0, 1, 1, 2, 0, 0, 0, 1, 0, 0, 0, 2, 0, 0, 3, 0, 0, 1, 0, 1, 1, 1, 2]
event=127:G4_BALANCED:action:mode=exploit,state=1,draw=0.08664991546293188,action=1
event=128:G4_BALANCED:leader:action=1,fingerprint=[58, 42, 31, 41, 98, 11, 15, 22, 57, 19, 84, 40, 73, 1, 81, 14, 99, 16, 3, 79, 2, 74, 5, 91, 62, 43, 68, 76, 97, 77, 88, 30, 53, 20, 51, 93, 24, 72, 49, 59, 38, 28, 92, 67, 9, 18, 17, 87, 12, 26, 71, 94, 95, 63, 21, 47, 27, 37, 96, 6, 78, 10, 32, 23, 55, 56, 29, 64, 60, 46, 7, 36, 34, 85, 52, 48, 61, 54, 89, 83, 66, 39, 33, 8, 86, 80, 75, 50, 70, 0, 35, 82, 69, 4, 13, 65, 25, 45, 90, 44]|[2, 0, 1, 0, 2, 0, 0, 1, 0, 1, 0, 0, 0, 1, 0, 1, 1, 1, 1, 1, 0, 0, 1, 0, 1, 2, 0, 0, 1, 0, 1, 2, 1, 2, 0, 2, 0, 0, 0, 0, 2, 1, 0, 1, 0, 0, 2, 1, 1, 2, 2, 2, 2, 1, 1, 1, 0, 2, 2, 0, 2, 1, 1, 0, 0, 2, 2, 0, 2, 0, 1, 1, 1, 1, 0, 1, 1, 1, 1, 1, 2, 1, 1, 0, 1, 1, 2, 1, 2, 0, 1, 1, 0, 0, 1, 1, 1, 2, 1, 1]|[2, 2, 2, 2, 0, 0, 1, 2, 1, 2, 2, 1, 2, 1, 0, 1, 1, 2, 2, 0, 1, 1, 0, 0, 3, 2, 2, 0, 2, 1, 3, 0, 4, 1, 0, 0, 0, 0, 2, 0, 1, 0, 0, 0, 1, 1, 1, 2, 3, 1, 2, 2, 1, 3, 0, 2, 2, 1, 2, 1, 1, 2, 4, 0, 0, 1, 1, 2, 2, 2, 0, 4, 4, 4, 2, 4, 1, 4, 2, 0, 1, 4, 1, 1, 4, 4, 1, 0, 1, 0, 0, 0, 0, 1, 4, 4, 0, 1, 4, 1]|[0, 0, 1, 1, 0, 0, 1, 0, 1, 1, 0, 0, 1, 3, 0, 1, 0, 1, 3, 1, 0, 0, 0, 0, 3, 1, 0, 0, 0, 0, 0, 0, 3, 0, 0, 0, 0, 0, 1, 0, 1, 3, 0, 1, 0, 0, 0, 2, 0, 1, 0, 0, 0, 1, 1, 0, 0, 0, 0, 0, 1, 2, 0, 1, 0, 0, 0, 0, 1, 0, 3, 0, 2, 0, 1, 3, 1, 3, 0, 1, 0, 3, 2, 0, 2, 0, 0, 1, 0, 0, 3, 2, 0, 1, 3, 0, 1, 0, 0, 2]
event=129:G2_TEC:action:mode=exploit,state=1,draw=0.37871392843991314,action=2
event=130:G2_TEC:tournament:reason=action2,left=16,right=11,selected=[58, 42, 31, 41, 98, 11, 15, 22, 57, 19, 84, 40, 73, 1, 81, 14, 99, 16, 3, 79, 2, 74, 5, 91, 62, 43, 68, 76, 97, 77, 88, 30, 53, 20, 51, 93, 24, 72, 49, 59, 38, 28, 92, 67, 9, 18, 17, 87, 12, 26, 71, 94, 95, 63, 21, 47, 27, 37, 96, 6, 78, 10, 32, 23, 55, 56, 29, 64, 60, 46, 7, 36, 34, 85, 52, 48, 61, 54, 89, 83, 66, 39, 33, 8, 86, 80, 75, 50, 70, 0, 35, 82, 69, 4, 13, 65, 25, 45, 90, 44]|[2, 0, 1, 0, 2, 0, 0, 1, 0, 1, 0, 0, 0, 1, 0, 1, 1, 1, 1, 1, 0, 0, 1, 0, 1, 2, 0, 0, 1, 0, 1, 2, 1, 2, 0, 2, 0, 0, 0, 0, 2, 1, 0, 1, 0, 0, 2, 1, 1, 2, 2, 2, 2, 1, 1, 1, 0, 2, 2, 0, 2, 1, 1, 0, 0, 2, 2, 0, 2, 0, 1, 1, 1, 1, 0, 1, 1, 1, 1, 1, 2, 1, 1, 0, 1, 1, 2, 1, 2, 0, 1, 1, 0, 0, 1, 1, 1, 2, 1, 1]|[2, 2, 2, 2, 0, 0, 1, 2, 1, 2, 2, 1, 2, 1, 0, 1, 1, 2, 2, 0, 1, 1, 0, 0, 3, 2, 2, 0, 2, 1, 3, 0, 4, 1, 0, 0, 0, 0, 2, 0, 1, 0, 0, 0, 1, 1, 1, 2, 3, 1, 2, 2, 1, 3, 0, 2, 2, 1, 2, 1, 1, 2, 4, 0, 0, 1, 1, 2, 2, 2, 0, 4, 4, 4, 2, 4, 1, 4, 2, 0, 1, 4, 1, 1, 4, 4, 1, 0, 1, 0, 0, 0, 0, 1, 4, 4, 0, 1, 4, 1]|[0, 0, 1, 1, 0, 0, 1, 0, 1, 1, 0, 0, 1, 3, 0, 1, 0, 1, 3, 1, 0, 0, 0, 0, 3, 1, 0, 0, 0, 0, 0, 0, 3, 0, 0, 0, 0, 0, 1, 0, 1, 3, 0, 1, 0, 0, 0, 2, 0, 1, 0, 0, 0, 1, 1, 0, 0, 0, 0, 0, 1, 2, 0, 1, 0, 0, 0, 0, 1, 0, 3, 0, 2, 0, 1, 3, 1, 3, 0, 1, 0, 3, 2, 0, 2, 0, 0, 1, 0, 0, 3, 2, 0, 1, 3, 0, 1, 0, 0, 2]
event=131:G2_TEC:leader:action=2,fingerprint=[58, 42, 31, 41, 98, 11, 15, 22, 57, 19, 84, 40, 73, 1, 81, 14, 99, 16, 3, 79, 2, 74, 5, 91, 62, 43, 68, 76, 97, 77, 88, 30, 53, 20, 51, 93, 24, 72, 49, 59, 38, 28, 92, 67, 9, 18, 17, 87, 12, 26, 71, 94, 95, 63, 21, 47, 27, 37, 96, 6, 78, 10, 32, 23, 55, 56, 29, 64, 60, 46, 7, 36, 34, 85, 52, 48, 61, 54, 89, 83, 66, 39, 33, 8, 86, 80, 75, 50, 70, 0, 35, 82, 69, 4, 13, 65, 25, 45, 90, 44]|[2, 0, 1, 0, 2, 0, 0, 1, 0, 1, 0, 0, 0, 1, 0, 1, 1, 1, 1, 1, 0, 0, 1, 0, 1, 2, 0, 0, 1, 0, 1, 2, 1, 2, 0, 2, 0, 0, 0, 0, 2, 1, 0, 1, 0, 0, 2, 1, 1, 2, 2, 2, 2, 1, 1, 1, 0, 2, 2, 0, 2, 1, 1, 0, 0, 2, 2, 0, 2, 0, 1, 1, 1, 1, 0, 1, 1, 1, 1, 1, 2, 1, 1, 0, 1, 1, 2, 1, 2, 0, 1, 1, 0, 0, 1, 1, 1, 2, 1, 1]|[2, 2, 2, 2, 0, 0, 1, 2, 1, 2, 2, 1, 2, 1, 0, 1, 1, 2, 2, 0, 1, 1, 0, 0, 3, 2, 2, 0, 2, 1, 3, 0, 4, 1, 0, 0, 0, 0, 2, 0, 1, 0, 0, 0, 1, 1, 1, 2, 3, 1, 2, 2, 1, 3, 0, 2, 2, 1, 2, 1, 1, 2, 4, 0, 0, 1, 1, 2, 2, 2, 0, 4, 4, 4, 2, 4, 1, 4, 2, 0, 1, 4, 1, 1, 4, 4, 1, 0, 1, 0, 0, 0, 0, 1, 4, 4, 0, 1, 4, 1]|[0, 0, 1, 1, 0, 0, 1, 0, 1, 1, 0, 0, 1, 3, 0, 1, 0, 1, 3, 1, 0, 0, 0, 0, 3, 1, 0, 0, 0, 0, 0, 0, 3, 0, 0, 0, 0, 0, 1, 0, 1, 3, 0, 1, 0, 0, 0, 2, 0, 1, 0, 0, 0, 1, 1, 0, 0, 0, 0, 0, 1, 2, 0, 1, 0, 0, 0, 0, 1, 0, 3, 0, 2, 0, 1, 3, 1, 3, 0, 1, 0, 3, 2, 0, 2, 0, 0, 1, 0, 0, 3, 2, 0, 1, 3, 0, 1, 0, 0, 2]
event=132:G3_TWC:action:mode=exploit,state=1,draw=0.15883110817536594,action=1
event=133:G3_TWC:leader:action=1,fingerprint=[58, 42, 31, 41, 98, 11, 15, 22, 57, 19, 84, 40, 73, 1, 81, 14, 99, 16, 3, 79, 2, 74, 5, 91, 62, 43, 68, 76, 97, 77, 88, 30, 53, 20, 51, 93, 24, 72, 49, 59, 38, 28, 92, 67, 9, 18, 17, 87, 12, 26, 71, 94, 95, 63, 21, 47, 27, 37, 96, 6, 78, 10, 32, 23, 55, 56, 29, 64, 60, 46, 65, 36, 34, 85, 52, 48, 66, 69, 75, 54, 86, 45, 7, 25, 33, 80, 8, 50, 39, 83, 89, 70, 4, 13, 0, 44, 35, 90, 82, 61]|[2, 0, 1, 0, 2, 1, 0, 1, 0, 1, 0, 1, 1, 2, 0, 1, 1, 2, 0, 2, 2, 0, 1, 0, 2, 0, 2, 0, 1, 0, 0, 1, 1, 2, 2, 2, 0, 0, 0, 0, 2, 1, 1, 1, 0, 1, 0, 0, 1, 0, 2, 2, 1, 0, 2, 2, 1, 2, 2, 0, 2, 1, 1, 0, 0, 2, 2, 1, 2, 1, 1, 1, 1, 0, 0, 1, 2, 0, 2, 1, 0, 2, 2, 1, 1, 1, 1, 2, 1, 1, 2, 0, 0, 1, 0, 0, 1, 2, 1, 1]|[2, 0, 2, 2, 0, 4, 1, 2, 1, 2, 2, 0, 1, 1, 0, 0, 1, 0, 0, 2, 0, 1, 0, 0, 1, 1, 0, 0, 1, 1, 1, 4, 4, 1, 1, 0, 0, 0, 2, 0, 1, 0, 3, 4, 1, 3, 2, 2, 1, 1, 2, 2, 1, 2, 1, 1, 1, 1, 2, 1, 1, 2, 4, 1, 0, 1, 1, 0, 0, 4, 4, 2, 4, 1, 2, 1, 1, 2, 1, 4, 2, 1, 0, 0, 1, 4, 2, 2, 4, 2, 1, 1, 2, 2, 0, 0, 0, 0, 2, 0]|[0, 1, 1, 1, 0, 2, 1, 2, 1, 1, 0, 3, 0, 1, 0, 0, 0, 0, 0, 1, 0, 0, 0, 0, 1, 0, 0, 0, 0, 1, 0, 3, 3, 0, 0, 0, 0, 0, 1, 0, 1, 3, 1, 0, 0, 3, 1, 1, 2, 0, 0, 0, 0, 1, 1, 0, 0, 0, 0, 0, 1, 2, 2, 0, 0, 0, 0, 3, 0, 3, 0, 1, 3, 0, 1, 2, 0, 0, 0, 3, 1, 0, 1, 1, 2, 0, 3, 0, 3, 0, 1, 0, 0, 2, 0, 1, 3, 0, 1, 1]
event=134:G1_CMAX:update:state=1,action=0,reward=-92.43781748843185,nextState=1,old=-162.61382481312893,new=-222.528877338935
event=135:G2_TEC:update:state=1,action=2,reward=-712.5779370265664,nextState=1,old=-1762.891220497784,new=-2122.8909134247933
event=136:G3_TWC:update:state=1,action=1,reward=-5011.7115161099355,nextState=1,old=-14642.759126119305,new=-16725.918817005382
event=137:G4_BALANCED:update:state=1,action=1,reward=-0.06919702920180461,nextState=1,old=-0.17859157325850972,new=-0.21207028780861237
event=138:G1_CMAX:action:mode=exploit,state=1,draw=0.5074640086159546,action=0
event=139:G1_CMAX:leader:action=0,fingerprint=[58, 42, 31, 41, 98, 11, 15, 22, 57, 19, 84, 40, 73, 1, 81, 14, 99, 16, 3, 79, 2, 74, 5, 91, 62, 43, 68, 76, 97, 77, 88, 30, 53, 20, 51, 93, 24, 72, 49, 59, 38, 28, 92, 67, 9, 18, 17, 87, 12, 26, 71, 94, 95, 63, 21, 47, 27, 34, 75, 23, 69, 32, 46, 33, 64, 52, 29, 55, 50, 56, 80, 10, 54, 4, 89, 35, 78, 86, 61, 83, 66, 65, 0, 25, 37, 7, 13, 90, 82, 6, 36, 39, 8, 45, 85, 70, 60, 96, 44, 48]|[2, 0, 1, 0, 2, 0, 0, 1, 1, 1, 0, 0, 2, 1, 0, 1, 1, 1, 2, 2, 1, 0, 1, 1, 1, 2, 0, 0, 1, 0, 1, 2, 1, 0, 0, 2, 1, 0, 2, 0, 2, 2, 0, 1, 0, 2, 2, 0, 1, 1, 2, 2, 2, 1, 2, 0, 1, 1, 1, 2, 0, 1, 0, 1, 0, 2, 2, 0, 2, 2, 1, 1, 1, 0, 2, 1, 0, 1, 1, 1, 1, 1, 0, 0, 2, 2, 2, 0, 1, 0, 1, 1, 2, 2, 1, 0, 2, 1, 0, 1]|[2, 0, 2, 2, 0, 0, 1, 2, 3, 0, 2, 0, 0, 1, 0, 1, 1, 2, 1, 1, 4, 1, 0, 0, 3, 2, 2, 0, 1, 1, 3, 0, 4, 1, 0, 0, 1, 0, 2, 0, 1, 2, 0, 0, 1, 0, 1, 2, 3, 4, 2, 2, 1, 3, 1, 0, 1, 4, 0, 0, 0, 4, 2, 1, 2, 0, 1, 1, 2, 1, 4, 2, 4, 0, 1, 2, 0, 4, 1, 0, 4, 4, 0, 1, 2, 1, 1, 0, 0, 1, 4, 4, 1, 1, 4, 2, 2, 4, 0, 1]|[0, 1, 1, 1, 0, 0, 1, 0, 3, 1, 0, 0, 0, 3, 0, 1, 0, 1, 0, 0, 3, 0, 0, 1, 3, 1, 0, 0, 0, 0, 0, 0, 3, 0, 0, 0, 3, 0, 1, 0, 0, 1, 0, 1, 0, 0, 0, 1, 0, 1, 0, 0, 0, 1, 1, 1, 0, 2, 2, 0, 0, 0, 0, 2, 0, 0, 0, 0, 0, 1, 0, 2, 3, 1, 1, 0, 0, 0, 1, 1, 2, 0, 0, 0, 1, 0, 0, 0, 2, 0, 0, 3, 0, 0, 1, 0, 1, 1, 1, 2]
event=140:G4_BALANCED:action:mode=exploit,state=1,draw=0.32326947112019977,action=0
event=141:G4_BALANCED:leader:action=0,fingerprint=[58, 42, 31, 41, 98, 11, 15, 22, 57, 19, 84, 40, 73, 1, 81, 14, 99, 16, 3, 79, 2, 74, 5, 91, 62, 43, 68, 76, 97, 77, 88, 30, 53, 20, 51, 93, 24, 72, 49, 59, 38, 28, 92, 67, 9, 18, 17, 87, 12, 26, 71, 94, 95, 63, 21, 47, 27, 37, 96, 6, 78, 10, 32, 23, 55, 56, 29, 64, 60, 46, 7, 36, 34, 85, 52, 48, 61, 54, 89, 83, 66, 39, 33, 8, 86, 80, 75, 50, 70, 0, 35, 82, 69, 4, 13, 65, 25, 45, 90, 44]|[2, 0, 1, 0, 2, 0, 0, 1, 0, 1, 0, 0, 0, 1, 0, 1, 1, 1, 1, 1, 0, 0, 1, 0, 1, 2, 0, 0, 1, 0, 1, 2, 1, 2, 0, 2, 0, 0, 0, 0, 2, 1, 0, 1, 0, 0, 2, 1, 1, 2, 2, 2, 2, 1, 1, 1, 0, 2, 2, 0, 2, 1, 1, 0, 0, 2, 2, 0, 2, 0, 1, 1, 1, 1, 0, 1, 1, 1, 1, 1, 2, 1, 1, 0, 1, 1, 2, 1, 2, 0, 1, 1, 0, 0, 1, 1, 1, 2, 1, 1]|[2, 2, 2, 2, 0, 0, 1, 2, 1, 2, 2, 1, 2, 1, 0, 1, 1, 2, 2, 0, 1, 1, 0, 0, 3, 2, 2, 0, 2, 1, 3, 0, 4, 1, 0, 0, 0, 0, 2, 0, 1, 0, 0, 0, 1, 1, 1, 2, 3, 1, 2, 2, 1, 3, 0, 2, 2, 1, 2, 1, 1, 2, 4, 0, 0, 1, 1, 2, 2, 2, 0, 4, 4, 4, 2, 4, 1, 4, 2, 0, 1, 4, 1, 1, 4, 4, 1, 0, 1, 0, 0, 0, 0, 1, 4, 4, 0, 1, 4, 1]|[0, 0, 1, 1, 0, 0, 1, 0, 1, 1, 0, 0, 1, 3, 0, 1, 0, 1, 3, 1, 0, 0, 0, 0, 3, 1, 0, 0, 0, 0, 0, 0, 3, 0, 0, 0, 0, 0, 1, 0, 1, 3, 0, 1, 0, 0, 0, 2, 0, 1, 0, 0, 0, 1, 1, 0, 0, 0, 0, 0, 1, 2, 0, 1, 0, 0, 0, 0, 1, 0, 3, 0, 2, 0, 1, 3, 1, 3, 0, 1, 0, 3, 2, 0, 2, 0, 0, 1, 0, 0, 3, 2, 0, 1, 3, 0, 1, 0, 0, 2]
event=142:G2_TEC:action:mode=exploit,state=1,draw=0.4103997255976881,action=0
event=143:G2_TEC:leader:action=0,fingerprint=[58, 42, 31, 41, 98, 11, 15, 22, 57, 19, 84, 40, 73, 1, 81, 14, 99, 16, 3, 79, 2, 74, 5, 91, 62, 43, 68, 76, 97, 77, 88, 30, 53, 20, 51, 93, 24, 72, 49, 59, 38, 28, 92, 67, 9, 18, 17, 87, 12, 26, 71, 94, 95, 63, 21, 47, 27, 37, 96, 6, 78, 10, 32, 23, 55, 56, 29, 64, 60, 46, 7, 36, 34, 85, 52, 48, 61, 54, 89, 83, 66, 39, 33, 8, 86, 80, 75, 50, 70, 0, 35, 82, 69, 4, 13, 65, 25, 45, 90, 44]|[2, 0, 1, 0, 2, 0, 0, 1, 0, 1, 0, 0, 0, 1, 0, 1, 1, 1, 1, 1, 0, 0, 1, 0, 1, 2, 0, 0, 1, 0, 1, 2, 1, 2, 0, 2, 0, 0, 0, 0, 2, 1, 0, 1, 0, 0, 2, 1, 1, 2, 2, 2, 2, 1, 1, 1, 0, 2, 2, 0, 2, 1, 1, 0, 0, 2, 2, 0, 2, 0, 1, 1, 1, 1, 0, 1, 1, 1, 1, 1, 2, 1, 1, 0, 1, 1, 2, 1, 2, 0, 1, 1, 0, 0, 1, 1, 1, 2, 1, 1]|[2, 2, 2, 2, 0, 0, 1, 2, 1, 2, 2, 1, 2, 1, 0, 1, 1, 2, 2, 0, 1, 1, 0, 0, 3, 2, 2, 0, 2, 1, 3, 0, 4, 1, 0, 0, 0, 0, 2, 0, 1, 0, 0, 0, 1, 1, 1, 2, 3, 1, 2, 2, 1, 3, 0, 2, 2, 1, 2, 1, 1, 2, 4, 0, 0, 1, 1, 2, 2, 2, 0, 4, 4, 4, 2, 4, 1, 4, 2, 0, 1, 4, 1, 1, 4, 4, 1, 0, 1, 0, 0, 0, 0, 1, 4, 4, 0, 1, 4, 1]|[0, 0, 1, 1, 0, 0, 1, 0, 1, 1, 0, 0, 1, 3, 0, 1, 0, 1, 3, 1, 0, 0, 0, 0, 3, 1, 0, 0, 0, 0, 0, 0, 3, 0, 0, 0, 0, 0, 1, 0, 1, 3, 0, 1, 0, 0, 0, 2, 0, 1, 0, 0, 0, 1, 1, 0, 0, 0, 0, 0, 1, 2, 0, 1, 0, 0, 0, 0, 1, 0, 3, 0, 2, 0, 1, 3, 1, 3, 0, 1, 0, 3, 2, 0, 2, 0, 0, 1, 0, 0, 3, 2, 0, 1, 3, 0, 1, 0, 0, 2]
event=144:G3_TWC:action:mode=exploit,state=1,draw=0.34724695002033656,action=0
event=145:G3_TWC:leader:action=0,fingerprint=[58, 42, 31, 41, 98, 11, 15, 22, 57, 19, 84, 40, 73, 1, 81, 14, 99, 16, 3, 79, 2, 74, 5, 91, 62, 43, 68, 76, 97, 77, 88, 30, 53, 20, 51, 93, 24, 72, 49, 59, 38, 28, 92, 67, 9, 18, 17, 87, 12, 26, 71, 94, 95, 63, 21, 47, 27, 37, 96, 6, 78, 10, 32, 23, 55, 56, 29, 64, 60, 46, 65, 36, 34, 85, 52, 48, 66, 69, 75, 54, 86, 45, 7, 25, 33, 80, 8, 50, 39, 83, 89, 70, 4, 13, 0, 44, 35, 90, 82, 61]|[2, 0, 1, 0, 2, 1, 0, 1, 0, 1, 0, 1, 1, 2, 0, 1, 1, 2, 0, 2, 2, 0, 1, 0, 2, 0, 2, 0, 1, 0, 0, 1, 1, 2, 2, 2, 0, 0, 0, 0, 2, 1, 1, 1, 0, 1, 0, 0, 1, 0, 2, 2, 1, 0, 2, 2, 1, 2, 2, 0, 2, 1, 1, 0, 0, 2, 2, 1, 2, 1, 1, 1, 1, 0, 0, 1, 2, 0, 2, 1, 0, 2, 2, 1, 1, 1, 1, 2, 1, 1, 2, 0, 0, 1, 0, 0, 1, 2, 1, 1]|[2, 0, 2, 2, 0, 4, 1, 2, 1, 2, 2, 0, 1, 1, 0, 0, 1, 0, 0, 2, 0, 1, 0, 0, 1, 1, 0, 0, 1, 1, 1, 4, 4, 1, 1, 0, 0, 0, 2, 0, 1, 0, 3, 4, 1, 3, 2, 2, 1, 1, 2, 2, 1, 2, 1, 1, 1, 1, 2, 1, 1, 2, 4, 1, 0, 1, 1, 0, 0, 4, 4, 2, 4, 1, 2, 1, 1, 2, 1, 4, 2, 1, 0, 0, 1, 4, 2, 2, 4, 2, 1, 1, 2, 2, 0, 0, 0, 0, 2, 0]|[0, 1, 1, 1, 0, 2, 1, 2, 1, 1, 0, 3, 0, 1, 0, 0, 0, 0, 0, 1, 0, 0, 0, 0, 1, 0, 0, 0, 0, 1, 0, 3, 3, 0, 0, 0, 0, 0, 1, 0, 1, 3, 1, 0, 0, 3, 1, 1, 2, 0, 0, 0, 0, 1, 1, 0, 0, 0, 0, 0, 1, 2, 2, 0, 0, 0, 0, 3, 0, 3, 0, 1, 3, 0, 1, 2, 0, 0, 0, 3, 1, 0, 1, 1, 2, 0, 3, 0, 3, 0, 1, 0, 0, 2, 0, 1, 3, 0, 1, 1]
event=146:G1_CMAX:update:state=1,action=0,reward=-114.4881682139486,nextState=1,old=-222.528877338935,new=-292.5112700850966
event=147:G2_TEC:update:state=1,action=0,reward=-476.02082586701,nextState=1,old=-1803.937548762716,new=-1919.1708648771828
event=148:G3_TWC:update:state=1,action=0,reward=-7157.861093679559,nextState=1,old=-16596.389079563058,new=-20434.972357330007
event=149:G4_BALANCED:update:state=1,action=0,reward=-0.1363554341508017,nextState=1,old=-0.19778169393212397,new=-0.2945807892965009
event=150:G1_CMAX:action:mode=exploit,state=1,draw=0.3785481626374535,action=2
event=151:G1_CMAX:tournament:reason=action2,left=21,right=22,selected=[58, 42, 31, 41, 98, 11, 15, 22, 57, 19, 84, 40, 73, 1, 81, 14, 99, 16, 3, 79, 2, 74, 5, 91, 62, 43, 68, 76, 97, 77, 88, 30, 53, 20, 51, 93, 24, 72, 49, 59, 38, 28, 92, 67, 9, 18, 17, 87, 12, 26, 71, 94, 95, 63, 21, 47, 27, 37, 96, 6, 78, 10, 32, 23, 55, 56, 29, 64, 65, 80, 36, 90, 75, 34, 70, 4, 39, 54, 83, 45, 66, 50, 86, 25, 35, 89, 13, 61, 0, 46, 85, 33, 8, 82, 44, 69, 60, 7, 48, 52]|[2, 0, 1, 2, 2, 0, 0, 1, 0, 1, 0, 0, 2, 1, 0, 1, 1, 1, 0, 0, 2, 1, 0, 0, 1, 2, 1, 0, 1, 0, 0, 2, 1, 2, 0, 2, 0, 1, 0, 0, 2, 1, 2, 1, 0, 0, 2, 1, 1, 2, 2, 2, 1, 1, 1, 1, 0, 1, 2, 1, 1, 1, 1, 1, 1, 2, 0, 1, 1, 1, 1, 0, 2, 1, 0, 0, 2, 1, 1, 2, 0, 2, 0, 1, 1, 1, 1, 1, 1, 1, 0, 2, 0, 2, 2, 0, 2, 0, 2, 0]|[2, 2, 2, 1, 0, 0, 1, 2, 1, 2, 2, 1, 0, 2, 0, 1, 1, 2, 0, 2, 2, 3, 2, 0, 3, 1, 0, 0, 2, 1, 1, 0, 4, 1, 1, 0, 0, 0, 2, 2, 1, 0, 1, 0, 1, 0, 1, 2, 3, 1, 2, 2, 4, 3, 0, 2, 2, 0, 2, 4, 0, 4, 4, 4, 4, 1, 0, 4, 4, 1, 2, 0, 1, 4, 0, 1, 0, 0, 4, 1, 1, 2, 1, 0, 0, 2, 4, 1, 3, 4, 0, 1, 1, 2, 0, 0, 2, 1, 0, 2]|[0, 0, 1, 0, 0, 0, 1, 0, 1, 1, 0, 0, 0, 2, 0, 1, 0, 1, 0, 1, 0, 3, 0, 0, 3, 0, 1, 0, 0, 0, 0, 0, 3, 0, 0, 0, 0, 1, 1, 0, 1, 3, 0, 1, 0, 0, 0, 2, 0, 1, 0, 0, 0, 1, 1, 0, 0, 1, 0, 2, 1, 2, 0, 0, 3, 1, 0, 0, 0, 2, 1, 0, 0, 0, 0, 1, 0, 3, 0, 0, 0, 0, 0, 1, 3, 0, 3, 1, 3, 0, 0, 1, 0, 0, 0, 0, 1, 0, 1, 1]
event=152:G1_CMAX:leader:action=2,fingerprint=[58, 42, 31, 41, 98, 11, 15, 22, 57, 19, 84, 40, 73, 1, 81, 14, 99, 16, 3, 79, 2, 74, 5, 91, 62, 43, 68, 76, 97, 77, 88, 30, 53, 20, 51, 93, 24, 72, 49, 59, 38, 28, 92, 67, 9, 18, 17, 87, 12, 26, 71, 94, 95, 63, 21, 47, 27, 37, 96, 6, 78, 10, 32, 23, 55, 56, 29, 64, 65, 80, 36, 90, 75, 34, 70, 4, 39, 54, 83, 45, 66, 50, 86, 25, 35, 89, 13, 61, 0, 46, 85, 33, 8, 82, 44, 69, 60, 7, 48, 52]|[2, 0, 1, 2, 2, 0, 0, 1, 0, 1, 0, 0, 2, 1, 0, 1, 1, 1, 0, 0, 2, 1, 0, 0, 1, 2, 1, 0, 1, 0, 0, 2, 1, 2, 0, 2, 0, 1, 0, 0, 2, 1, 2, 1, 0, 0, 2, 1, 1, 2, 2, 2, 1, 1, 1, 1, 0, 1, 2, 1, 1, 1, 1, 1, 1, 2, 0, 1, 1, 1, 1, 0, 2, 1, 0, 0, 2, 1, 1, 2, 0, 2, 0, 1, 1, 1, 1, 1, 1, 1, 0, 2, 0, 2, 2, 0, 2, 0, 2, 0]|[2, 2, 2, 1, 0, 0, 1, 2, 1, 2, 2, 1, 0, 2, 0, 1, 1, 2, 0, 2, 2, 3, 2, 0, 3, 1, 0, 0, 2, 1, 1, 0, 4, 1, 1, 0, 0, 0, 2, 2, 1, 0, 1, 0, 1, 0, 1, 2, 3, 1, 2, 2, 4, 3, 0, 2, 2, 0, 2, 4, 0, 4, 4, 4, 4, 1, 0, 4, 4, 1, 2, 0, 1, 4, 0, 1, 0, 0, 4, 1, 1, 2, 1, 0, 0, 2, 4, 1, 3, 4, 0, 1, 1, 2, 0, 0, 2, 1, 0, 2]|[0, 0, 1, 0, 0, 0, 1, 0, 1, 1, 0, 0, 0, 2, 0, 1, 0, 1, 0, 1, 0, 3, 0, 0, 3, 0, 1, 0, 0, 0, 0, 0, 3, 0, 0, 0, 0, 1, 1, 0, 1, 3, 0, 1, 0, 0, 0, 2, 0, 1, 0, 0, 0, 1, 1, 0, 0, 1, 0, 2, 1, 2, 0, 0, 3, 1, 0, 0, 0, 2, 1, 0, 0, 0, 0, 1, 0, 3, 0, 0, 0, 0, 0, 1, 3, 0, 3, 1, 3, 0, 0, 1, 0, 0, 0, 0, 1, 0, 1, 1]
event=153:G4_BALANCED:action:mode=exploit,state=1,draw=0.3281221298520669,action=2
event=154:G4_BALANCED:tournament:reason=action2,left=30,right=8,selected=[51, 8, 83, 31, 94, 66, 33, 56, 24, 98, 58, 77, 52, 65, 22, 47, 19, 79, 39, 49, 99, 2, 84, 91, 62, 7, 53, 90, 40, 70, 43, 36, 82, 21, 89, 93, 17, 11, 16, 59, 38, 28, 92, 67, 9, 18, 57, 87, 12, 26, 71, 74, 95, 63, 20, 14, 27, 37, 96, 6, 78, 81, 32, 23, 55, 10, 29, 64, 60, 46, 88, 30, 34, 85, 73, 48, 35, 54, 5, 41, 72, 3, 15, 42, 86, 0, 75, 50, 97, 80, 61, 68, 69, 4, 13, 1, 25, 45, 76, 44]|[0, 1, 1, 0, 0, 0, 0, 2, 0, 1, 0, 0, 0, 2, 1, 0, 1, 1, 0, 1, 1, 1, 1, 1, 2, 1, 0, 1, 1, 0, 0, 2, 0, 1, 2, 2, 0, 1, 0, 2, 2, 1, 0, 1, 0, 0, 2, 2, 1, 2, 1, 2, 2, 0, 1, 1, 0, 2, 1, 1, 0, 0, 1, 2, 2, 1, 2, 0, 2, 0, 1, 1, 1, 0, 0, 0, 1, 1, 1, 1, 2, 2, 1, 0, 1, 2, 0, 1, 1, 0, 1, 0, 0, 0, 2, 2, 2, 2, 1, 1]|[2, 2, 2, 2, 0, 0, 2, 1, 0, 2, 1, 1, 2, 1, 2, 0, 2, 2, 2, 0, 1, 3, 1, 1, 0, 0, 2, 4, 1, 1, 1, 0, 2, 2, 1, 1, 2, 0, 2, 0, 1, 0, 0, 3, 1, 1, 1, 1, 3, 1, 1, 2, 1, 2, 0, 2, 2, 1, 0, 3, 2, 2, 4, 0, 2, 2, 1, 2, 2, 2, 3, 2, 4, 1, 2, 0, 0, 4, 2, 0, 1, 0, 1, 1, 4, 0, 0, 0, 1, 0, 1, 2, 0, 1, 1, 2, 0, 0, 4, 1]|[0, 3, 1, 1, 1, 0, 0, 0, 0, 1, 0, 0, 1, 1, 2, 1, 3, 1, 0, 1, 0, 3, 0, 0, 0, 3, 0, 0, 0, 0, 1, 0, 1, 2, 1, 0, 1, 1, 1, 0, 1, 0, 0, 3, 0, 0, 0, 0, 0, 1, 1, 0, 0, 0, 1, 0, 1, 0, 2, 3, 0, 0, 0, 0, 1, 2, 0, 0, 1, 0, 0, 2, 3, 0, 1, 0, 3, 3, 0, 1, 0, 0, 2, 0, 2, 0, 0, 1, 2, 0, 1, 1, 0, 1, 0, 1, 0, 0, 1, 2]
event=155:G4_BALANCED:leader:action=2,fingerprint=[51, 8, 83, 31, 94, 66, 33, 56, 24, 98, 58, 77, 52, 65, 22, 47, 19, 79, 39, 49, 99, 2, 84, 91, 62, 7, 53, 90, 40, 70, 43, 36, 82, 21, 89, 93, 17, 11, 16, 59, 38, 28, 92, 67, 9, 18, 57, 87, 12, 26, 71, 74, 95, 63, 20, 14, 27, 37, 96, 6, 78, 81, 32, 23, 55, 10, 29, 64, 60, 46, 88, 30, 34, 85, 73, 48, 35, 54, 5, 41, 72, 3, 15, 42, 86, 0, 75, 50, 97, 80, 61, 68, 69, 4, 13, 1, 25, 45, 76, 44]|[0, 1, 1, 0, 0, 0, 0, 2, 0, 1, 0, 0, 0, 2, 1, 0, 1, 1, 0, 1, 1, 1, 1, 1, 2, 1, 0, 1, 1, 0, 0, 2, 0, 1, 2, 2, 0, 1, 0, 2, 2, 1, 0, 1, 0, 0, 2, 2, 1, 2, 1, 2, 2, 0, 1, 1, 0, 2, 1, 1, 0, 0, 1, 2, 2, 1, 2, 0, 2, 0, 1, 1, 1, 0, 0, 0, 1, 1, 1, 1, 2, 2, 1, 0, 1, 2, 0, 1, 1, 0, 1, 0, 0, 0, 2, 2, 2, 2, 1, 1]|[2, 2, 2, 2, 0, 0, 2, 1, 0, 2, 1, 1, 2, 1, 2, 0, 2, 2, 2, 0, 1, 3, 1, 1, 0, 0, 2, 4, 1, 1, 1, 0, 2, 2, 1, 1, 2, 0, 2, 0, 1, 0, 0, 3, 1, 1, 1, 1, 3, 1, 1, 2, 1, 2, 0, 2, 2, 1, 0, 3, 2, 2, 4, 0, 2, 2, 1, 2, 2, 2, 3, 2, 4, 1, 2, 0, 0, 4, 2, 0, 1, 0, 1, 1, 4, 0, 0, 0, 1, 0, 1, 2, 0, 1, 1, 2, 0, 0, 4, 1]|[0, 3, 1, 1, 1, 0, 0, 0, 0, 1, 0, 0, 1, 1, 2, 1, 3, 1, 0, 1, 0, 3, 0, 0, 0, 3, 0, 0, 0, 0, 1, 0, 1, 2, 1, 0, 1, 1, 1, 0, 1, 0, 0, 3, 0, 0, 0, 0, 0, 1, 1, 0, 0, 0, 1, 0, 1, 0, 2, 3, 0, 0, 0, 0, 1, 2, 0, 0, 1, 0, 0, 2, 3, 0, 1, 0, 3, 3, 0, 1, 0, 0, 2, 0, 2, 0, 0, 1, 2, 0, 1, 1, 0, 1, 0, 1, 0, 0, 1, 2]
event=156:G2_TEC:action:mode=exploit,state=1,draw=0.5738932171996634,action=0
event=157:G2_TEC:leader:action=0,fingerprint=[58, 42, 31, 41, 98, 11, 15, 22, 57, 19, 84, 40, 73, 1, 81, 14, 99, 16, 3, 79, 2, 74, 5, 91, 62, 43, 68, 76, 97, 77, 88, 30, 53, 20, 51, 93, 24, 72, 49, 59, 38, 28, 92, 67, 9, 18, 17, 87, 12, 26, 71, 94, 95, 63, 21, 47, 27, 37, 96, 6, 78, 10, 32, 23, 55, 56, 29, 64, 60, 46, 7, 36, 34, 85, 52, 48, 61, 54, 89, 83, 66, 39, 33, 8, 86, 80, 75, 50, 70, 0, 35, 82, 69, 4, 13, 65, 25, 45, 90, 44]|[2, 0, 1, 0, 2, 0, 0, 1, 0, 1, 0, 0, 0, 1, 0, 1, 1, 1, 1, 1, 0, 0, 1, 0, 1, 2, 0, 0, 1, 0, 1, 2, 1, 2, 0, 2, 0, 0, 0, 0, 2, 1, 0, 1, 0, 0, 2, 1, 1, 2, 2, 2, 2, 1, 1, 1, 0, 2, 2, 0, 2, 1, 1, 0, 0, 2, 2, 0, 2, 0, 1, 1, 1, 1, 0, 1, 1, 1, 1, 1, 2, 1, 1, 0, 1, 1, 2, 1, 2, 0, 1, 1, 0, 0, 1, 1, 1, 2, 1, 1]|[2, 2, 2, 2, 0, 0, 1, 2, 1, 2, 2, 1, 2, 1, 0, 1, 1, 2, 2, 0, 1, 1, 0, 0, 3, 2, 2, 0, 2, 1, 3, 0, 4, 1, 0, 0, 0, 0, 2, 0, 1, 0, 0, 0, 1, 1, 1, 2, 3, 1, 2, 2, 1, 3, 0, 2, 2, 1, 2, 1, 1, 2, 4, 0, 0, 1, 1, 2, 2, 2, 0, 4, 4, 4, 2, 4, 1, 4, 2, 0, 1, 4, 1, 1, 4, 4, 1, 0, 1, 0, 0, 0, 0, 1, 4, 4, 0, 1, 4, 1]|[0, 0, 1, 1, 0, 0, 1, 0, 1, 1, 0, 0, 1, 3, 0, 1, 0, 1, 3, 1, 0, 0, 0, 0, 3, 1, 0, 0, 0, 0, 0, 0, 3, 0, 0, 0, 0, 0, 1, 0, 1, 3, 0, 1, 0, 0, 0, 2, 0, 1, 0, 0, 0, 1, 1, 0, 0, 0, 0, 0, 1, 2, 0, 1, 0, 0, 0, 0, 1, 0, 3, 0, 2, 0, 1, 3, 1, 3, 0, 1, 0, 3, 2, 0, 2, 0, 0, 1, 0, 0, 3, 2, 0, 1, 3, 0, 1, 0, 0, 2]
event=158:G3_TWC:action:mode=exploit,state=1,draw=0.5941163376821534,action=1
event=159:G3_TWC:leader:action=1,fingerprint=[58, 42, 31, 41, 98, 11, 15, 22, 57, 19, 84, 40, 73, 1, 81, 14, 99, 16, 3, 79, 2, 74, 5, 91, 62, 43, 68, 76, 97, 77, 88, 30, 53, 20, 51, 93, 24, 72, 49, 59, 38, 28, 92, 67, 9, 18, 17, 87, 12, 26, 71, 94, 95, 63, 21, 47, 27, 37, 96, 6, 78, 10, 32, 23, 55, 56, 29, 64, 60, 46, 65, 36, 34, 85, 52, 48, 66, 69, 75, 54, 86, 45, 7, 25, 33, 80, 8, 50, 39, 83, 89, 70, 4, 13, 0, 44, 35, 90, 82, 61]|[2, 0, 1, 0, 2, 1, 0, 1, 0, 1, 0, 1, 1, 2, 0, 1, 1, 2, 0, 2, 2, 0, 1, 0, 2, 0, 2, 0, 1, 0, 0, 1, 1, 2, 2, 2, 0, 0, 0, 0, 2, 1, 1, 1, 0, 1, 0, 0, 1, 0, 2, 2, 1, 0, 2, 2, 1, 2, 2, 0, 2, 1, 1, 0, 0, 2, 2, 1, 2, 1, 1, 1, 1, 0, 0, 1, 2, 0, 2, 1, 0, 2, 2, 1, 1, 1, 1, 2, 1, 1, 2, 0, 0, 1, 0, 0, 1, 2, 1, 1]|[2, 0, 2, 2, 0, 4, 1, 2, 1, 2, 2, 0, 1, 1, 0, 0, 1, 0, 0, 2, 0, 1, 0, 0, 1, 1, 0, 0, 1, 1, 1, 4, 4, 1, 1, 0, 0, 0, 2, 0, 1, 0, 3, 4, 1, 3, 2, 2, 1, 1, 2, 2, 1, 2, 1, 1, 1, 1, 2, 1, 1, 2, 4, 1, 0, 1, 1, 0, 0, 4, 4, 2, 4, 1, 2, 1, 1, 2, 1, 4, 2, 1, 0, 0, 1, 4, 2, 2, 4, 2, 1, 1, 2, 2, 0, 0, 0, 0, 2, 0]|[0, 1, 1, 1, 0, 2, 1, 2, 1, 1, 0, 3, 0, 1, 0, 0, 0, 0, 0, 1, 0, 0, 0, 0, 1, 0, 0, 0, 0, 1, 0, 3, 3, 0, 0, 0, 0, 0, 1, 0, 1, 3, 1, 0, 0, 3, 1, 1, 2, 0, 0, 0, 0, 1, 1, 0, 0, 0, 0, 0, 1, 2, 2, 0, 0, 0, 0, 3, 0, 3, 0, 1, 3, 0, 1, 2, 0, 0, 0, 3, 1, 0, 1, 1, 2, 0, 3, 0, 3, 0, 1, 0, 0, 2, 0, 1, 3, 0, 1, 1]
event=160:G1_CMAX:update:state=1,action=2,reward=-107.28966905965763,nextState=1,old=-249.84894018824133,new=-307.1688212102507
event=161:G2_TEC:update:state=1,action=0,reward=-583.5161303514251,nextState=1,old=-1919.1708648771828,new=-2118.8528222531713
event=162:G3_TWC:update:state=1,action=1,reward=-10561.158918915753,nextState=1,old=-16725.918817005382,new=-23941.89397252006
event=163:G4_BALANCED:update:state=1,action=2,reward=-0.13336737243230665,nextState=1,old=-0.20859963781845797,new=-0.300247082687073
event=164:G1_CMAX:action:mode=explore,state=1,draw=0.8003830732915951,action=2
event=165:G1_CMAX:tournament:reason=action2,left=19,right=21,selected=[58, 42, 31, 41, 98, 11, 15, 22, 57, 19, 84, 40, 73, 1, 81, 14, 99, 16, 3, 79, 2, 74, 5, 91, 62, 43, 68, 76, 97, 77, 88, 30, 53, 20, 51, 93, 24, 72, 49, 59, 38, 28, 92, 67, 9, 18, 17, 87, 12, 26, 71, 94, 95, 23, 10, 64, 7, 83, 96, 6, 78, 80, 75, 46, 48, 36, 55, 61, 65, 47, 85, 90, 32, 34, 70, 4, 63, 44, 37, 45, 33, 54, 86, 25, 35, 56, 13, 21, 0, 39, 27, 66, 8, 50, 82, 69, 60, 89, 29, 52]|[0, 0, 1, 2, 2, 1, 0, 1, 1, 1, 0, 1, 0, 1, 0, 1, 1, 1, 1, 0, 2, 1, 0, 0, 1, 1, 1, 0, 1, 0, 0, 2, 2, 1, 0, 2, 0, 0, 0, 0, 0, 1, 2, 1, 0, 1, 1, 0, 1, 0, 2, 2, 1, 2, 1, 1, 2, 1, 2, 1, 2, 1, 2, 1, 0, 0, 0, 0, 1, 1, 1, 0, 1, 1, 2, 1, 0, 2, 1, 2, 2, 2, 0, 2, 1, 2, 1, 1, 1, 2, 1, 1, 0, 2, 1, 0, 2, 1, 1, 0]|[2, 2, 2, 1, 0, 4, 1, 2, 1, 2, 2, 0, 2, 2, 0, 1, 1, 2, 4, 1, 2, 3, 1, 0, 3, 0, 1, 1, 1, 0, 1, 0, 2, 0, 1, 1, 0, 0, 2, 0, 0, 3, 1, 0, 1, 2, 1, 1, 1, 1, 2, 2, 4, 0, 2, 0, 0, 0, 2, 3, 1, 4, 1, 4, 1, 1, 1, 1, 4, 2, 0, 0, 4, 4, 1, 1, 2, 1, 0, 1, 1, 2, 1, 2, 2, 1, 4, 0, 3, 1, 1, 0, 1, 2, 0, 2, 2, 2, 3, 2]|[0, 0, 1, 0, 0, 2, 1, 0, 1, 1, 0, 3, 1, 2, 0, 1, 0, 1, 3, 0, 0, 3, 0, 0, 3, 0, 0, 1, 0, 1, 0, 0, 0, 1, 0, 1, 0, 0, 1, 0, 1, 2, 0, 1, 0, 2, 1, 0, 2, 0, 0, 0, 0, 0, 2, 3, 1, 1, 0, 3, 1, 0, 0, 0, 0, 0, 0, 0, 0, 0, 1, 0, 0, 0, 0, 1, 0, 1, 1, 0, 1, 0, 0, 1, 0, 1, 3, 1, 3, 0, 0, 1, 0, 0, 2, 0, 1, 0, 2, 1]
event=166:G1_CMAX:leader:action=2,fingerprint=[58, 42, 31, 41, 98, 11, 15, 22, 57, 19, 84, 40, 73, 1, 81, 14, 99, 16, 3, 79, 2, 74, 5, 91, 62, 43, 68, 76, 97, 77, 88, 30, 53, 20, 51, 93, 24, 72, 49, 59, 38, 28, 92, 67, 9, 18, 17, 87, 12, 26, 71, 94, 95, 23, 10, 64, 7, 83, 96, 6, 78, 80, 75, 46, 48, 36, 55, 61, 65, 47, 85, 90, 32, 34, 70, 4, 63, 44, 37, 45, 33, 54, 86, 25, 35, 56, 13, 21, 0, 39, 27, 66, 8, 50, 82, 69, 60, 89, 29, 52]|[0, 0, 1, 2, 2, 1, 0, 1, 1, 1, 0, 1, 0, 1, 0, 1, 1, 1, 1, 0, 2, 1, 0, 0, 1, 1, 1, 0, 1, 0, 0, 2, 2, 1, 0, 2, 0, 0, 0, 0, 0, 1, 2, 1, 0, 1, 1, 0, 1, 0, 2, 2, 1, 2, 1, 1, 2, 1, 2, 1, 2, 1, 2, 1, 0, 0, 0, 0, 1, 1, 1, 0, 1, 1, 2, 1, 0, 2, 1, 2, 2, 2, 0, 2, 1, 2, 1, 1, 1, 2, 1, 1, 0, 2, 1, 0, 2, 1, 1, 0]|[2, 2, 2, 1, 0, 4, 1, 2, 1, 2, 2, 0, 2, 2, 0, 1, 1, 2, 4, 1, 2, 3, 1, 0, 3, 0, 1, 1, 1, 0, 1, 0, 2, 0, 1, 1, 0, 0, 2, 0, 0, 3, 1, 0, 1, 2, 1, 1, 1, 1, 2, 2, 4, 0, 2, 0, 0, 0, 2, 3, 1, 4, 1, 4, 1, 1, 1, 1, 4, 2, 0, 0, 4, 4, 1, 1, 2, 1, 0, 1, 1, 2, 1, 2, 2, 1, 4, 0, 3, 1, 1, 0, 1, 2, 0, 2, 2, 2, 3, 2]|[0, 0, 1, 0, 0, 2, 1, 0, 1, 1, 0, 3, 1, 2, 0, 1, 0, 1, 3, 0, 0, 3, 0, 0, 3, 0, 0, 1, 0, 1, 0, 0, 0, 1, 0, 1, 0, 0, 1, 0, 1, 2, 0, 1, 0, 2, 1, 0, 2, 0, 0, 0, 0, 0, 2, 3, 1, 1, 0, 3, 1, 0, 0, 0, 0, 0, 0, 0, 0, 0, 1, 0, 0, 0, 0, 1, 0, 1, 1, 0, 1, 0, 0, 1, 0, 1, 3, 1, 3, 0, 0, 1, 0, 0, 2, 0, 1, 0, 2, 1]
event=167:G4_BALANCED:action:mode=exploit,state=1,draw=0.4523777408218257,action=1
event=168:G4_BALANCED:leader:action=1,fingerprint=[51, 8, 83, 31, 94, 66, 33, 56, 24, 98, 58, 77, 52, 65, 22, 47, 19, 79, 39, 49, 99, 2, 84, 91, 62, 7, 53, 90, 40, 70, 43, 30, 41, 20, 78, 93, 57, 72, 16, 59, 38, 28, 92, 67, 9, 18, 17, 87, 12, 26, 71, 63, 95, 74, 21, 42, 27, 37, 96, 6, 5, 10, 32, 23, 55, 81, 29, 64, 60, 46, 88, 36, 34, 85, 68, 48, 61, 54, 89, 73, 11, 3, 15, 14, 86, 80, 35, 25, 45, 69, 97, 44, 0, 4, 50, 13, 1, 75, 76, 82]|[0, 0, 1, 0, 2, 0, 0, 1, 0, 2, 0, 1, 0, 2, 1, 0, 1, 1, 1, 1, 1, 0, 0, 0, 2, 1, 0, 1, 1, 2, 0, 1, 0, 0, 0, 2, 2, 2, 0, 2, 2, 1, 0, 1, 0, 0, 0, 2, 1, 2, 1, 2, 2, 2, 0, 0, 0, 2, 1, 1, 1, 1, 2, 0, 2, 2, 2, 1, 2, 0, 1, 2, 1, 0, 0, 2, 1, 1, 2, 0, 0, 1, 1, 1, 1, 1, 1, 2, 2, 0, 1, 1, 2, 0, 1, 2, 1, 0, 0, 0]|[2, 2, 0, 2, 0, 0, 1, 2, 1, 0, 2, 4, 2, 1, 2, 0, 2, 2, 4, 0, 1, 1, 1, 0, 1, 0, 2, 4, 1, 1, 1, 2, 1, 2, 2, 1, 1, 1, 2, 0, 1, 0, 0, 3, 1, 1, 2, 1, 3, 1, 1, 2, 1, 2, 2, 1, 2, 1, 0, 3, 2, 2, 1, 1, 2, 1, 1, 0, 2, 2, 1, 0, 4, 1, 2, 2, 1, 4, 1, 2, 0, 4, 1, 0, 4, 4, 0, 0, 0, 2, 1, 1, 0, 1, 0, 1, 4, 0, 0, 2]|[0, 0, 1, 1, 0, 0, 1, 0, 1, 0, 0, 1, 1, 1, 0, 1, 3, 1, 3, 1, 0, 0, 0, 0, 1, 3, 0, 0, 0, 0, 1, 2, 0, 0, 0, 0, 0, 0, 1, 0, 1, 0, 0, 3, 0, 0, 1, 0, 0, 1, 1, 0, 0, 0, 0, 0, 1, 0, 2, 3, 0, 2, 0, 0, 1, 0, 0, 3, 1, 0, 3, 0, 3, 0, 0, 1, 1, 3, 1, 1, 0, 3, 2, 1, 2, 0, 3, 0, 0, 0, 2, 2, 0, 1, 1, 0, 0, 0, 0, 1]
event=169:G2_TEC:action:mode=exploit,state=1,draw=0.678832664171015,action=1
event=170:G2_TEC:leader:action=1,fingerprint=[58, 42, 83, 31, 94, 66, 33, 56, 24, 98, 51, 77, 52, 1, 90, 14, 99, 16, 3, 79, 2, 74, 5, 91, 62, 43, 68, 76, 97, 40, 88, 30, 53, 20, 84, 93, 57, 72, 49, 59, 38, 28, 92, 67, 9, 18, 17, 87, 12, 26, 71, 19, 95, 63, 21, 47, 27, 37, 96, 6, 78, 10, 32, 23, 55, 22, 39, 35, 46, 25, 7, 85, 86, 48, 69, 65, 61, 54, 89, 41, 11, 29, 15, 8, 34, 80, 13, 81, 73, 0, 36, 64, 4, 45, 50, 70, 82, 75, 60, 44]|[2, 2, 1, 2, 2, 0, 1, 1, 0, 1, 0, 1, 0, 2, 0, 1, 1, 1, 2, 1, 0, 0, 1, 0, 1, 1, 1, 0, 1, 0, 1, 2, 1, 0, 0, 2, 0, 2, 0, 0, 0, 1, 0, 1, 0, 0, 2, 1, 1, 2, 2, 1, 2, 1, 1, 1, 0, 2, 2, 0, 0, 1, 0, 2, 2, 2, 1, 1, 2, 2, 1, 1, 1, 0, 0, 1, 0, 2, 1, 0, 2, 2, 1, 1, 1, 1, 2, 1, 0, 1, 0, 1, 1, 1, 2, 1, 0, 2, 2, 1]|[2, 1, 2, 1, 0, 0, 1, 2, 0, 4, 2, 0, 2, 1, 0, 1, 1, 2, 0, 0, 1, 1, 0, 0, 3, 0, 2, 0, 1, 1, 0, 0, 4, 2, 0, 0, 1, 1, 2, 0, 0, 3, 0, 0, 1, 0, 1, 2, 3, 1, 2, 4, 1, 3, 0, 2, 2, 1, 2, 1, 2, 2, 0, 2, 2, 1, 4, 0, 2, 1, 4, 4, 4, 0, 0, 4, 0, 2, 2, 2, 1, 1, 1, 0, 4, 4, 1, 4, 0, 4, 2, 4, 4, 2, 2, 0, 2, 1, 2, 1]|[0, 0, 1, 0, 0, 0, 2, 0, 0, 0, 0, 3, 1, 1, 0, 1, 0, 1, 0, 1, 0, 0, 0, 0, 3, 0, 1, 0, 0, 0, 3, 0, 3, 0, 0, 0, 0, 0, 1, 0, 1, 2, 0, 1, 0, 0, 0, 2, 0, 1, 0, 0, 0, 1, 1, 0, 0, 0, 0, 0, 0, 2, 1, 0, 1, 0, 0, 3, 0, 0, 0, 0, 2, 0, 0, 0, 1, 1, 0, 1, 0, 0, 2, 1, 3, 0, 0, 0, 0, 3, 0, 3, 1, 1, 0, 3, 1, 0, 1, 2]
event=171:G3_TWC:action:mode=exploit,state=1,draw=0.570367666445352,action=2
event=172:G3_TWC:tournament:reason=action2,left=24,right=25,selected=[58, 42, 31, 41, 98, 11, 15, 22, 57, 19, 84, 40, 73, 1, 81, 14, 99, 16, 3, 79, 2, 74, 5, 91, 62, 43, 68, 76, 97, 77, 88, 30, 53, 20, 51, 93, 24, 72, 49, 59, 38, 28, 92, 67, 9, 18, 17, 87, 12, 26, 71, 94, 95, 63, 21, 47, 27, 37, 96, 6, 78, 10, 32, 23, 55, 56, 29, 64, 60, 46, 7, 36, 34, 85, 52, 48, 61, 54, 89, 83, 66, 39, 33, 8, 86, 80, 75, 50, 70, 25, 35, 90, 0, 13, 45, 4, 44, 69, 82, 65]|[2, 0, 1, 0, 2, 0, 0, 1, 0, 1, 0, 0, 0, 1, 0, 1, 1, 1, 1, 1, 0, 0, 1, 1, 1, 2, 0, 0, 1, 0, 1, 2, 1, 0, 0, 2, 1, 0, 0, 0, 2, 2, 0, 1, 0, 0, 2, 1, 1, 2, 2, 2, 2, 1, 0, 0, 0, 2, 2, 0, 2, 1, 2, 0, 0, 2, 0, 0, 2, 1, 1, 1, 1, 0, 0, 1, 1, 1, 1, 1, 2, 2, 1, 0, 1, 1, 0, 2, 2, 1, 1, 1, 0, 2, 2, 0, 0, 0, 1, 1]|[2, 2, 2, 2, 0, 0, 1, 2, 1, 2, 2, 1, 2, 1, 0, 1, 1, 2, 2, 0, 1, 1, 0, 0, 3, 2, 2, 0, 0, 1, 3, 0, 4, 2, 0, 0, 3, 0, 2, 0, 1, 2, 0, 0, 1, 1, 1, 2, 3, 1, 2, 2, 1, 3, 0, 0, 2, 1, 2, 1, 1, 2, 1, 2, 0, 1, 0, 2, 2, 0, 0, 4, 4, 1, 0, 4, 1, 4, 2, 0, 1, 1, 1, 1, 4, 4, 1, 1, 1, 0, 3, 4, 0, 1, 1, 1, 0, 0, 0, 4]|[0, 0, 1, 1, 0, 0, 1, 2, 1, 1, 0, 0, 1, 3, 0, 1, 0, 1, 3, 1, 0, 0, 0, 1, 3, 1, 0, 0, 1, 1, 0, 0, 3, 0, 0, 0, 3, 0, 1, 0, 1, 1, 0, 1, 0, 0, 0, 2, 0, 1, 0, 0, 0, 1, 0, 1, 0, 0, 0, 0, 1, 2, 0, 0, 0, 0, 0, 0, 1, 1, 3, 0, 0, 0, 0, 3, 1, 3, 0, 1, 0, 0, 2, 0, 0, 0, 1, 0, 0, 1, 0, 0, 0, 0, 0, 1, 1, 0, 2, 0]
event=173:G3_TWC:leader:action=2,fingerprint=[58, 42, 31, 41, 98, 11, 15, 22, 57, 19, 84, 40, 73, 1, 81, 14, 99, 16, 3, 79, 2, 74, 5, 91, 62, 43, 68, 76, 97, 77, 88, 30, 53, 20, 51, 93, 24, 72, 49, 59, 38, 28, 92, 67, 9, 18, 17, 87, 12, 26, 71, 94, 95, 63, 21, 47, 27, 37, 96, 6, 78, 10, 32, 23, 55, 56, 29, 64, 60, 46, 7, 36, 34, 85, 52, 48, 61, 54, 89, 83, 66, 39, 33, 8, 86, 80, 75, 50, 70, 25, 35, 90, 0, 13, 45, 4, 44, 69, 82, 65]|[2, 0, 1, 0, 2, 0, 0, 1, 0, 1, 0, 0, 0, 1, 0, 1, 1, 1, 1, 1, 0, 0, 1, 1, 1, 2, 0, 0, 1, 0, 1, 2, 1, 0, 0, 2, 1, 0, 0, 0, 2, 2, 0, 1, 0, 0, 2, 1, 1, 2, 2, 2, 2, 1, 0, 0, 0, 2, 2, 0, 2, 1, 2, 0, 0, 2, 0, 0, 2, 1, 1, 1, 1, 0, 0, 1, 1, 1, 1, 1, 2, 2, 1, 0, 1, 1, 0, 2, 2, 1, 1, 1, 0, 2, 2, 0, 0, 0, 1, 1]|[2, 2, 2, 2, 0, 0, 1, 2, 1, 2, 2, 1, 2, 1, 0, 1, 1, 2, 2, 0, 1, 1, 0, 0, 3, 2, 2, 0, 0, 1, 3, 0, 4, 2, 0, 0, 3, 0, 2, 0, 1, 2, 0, 0, 1, 1, 1, 2, 3, 1, 2, 2, 1, 3, 0, 0, 2, 1, 2, 1, 1, 2, 1, 2, 0, 1, 0, 2, 2, 0, 0, 4, 4, 1, 0, 4, 1, 4, 2, 0, 1, 1, 1, 1, 4, 4, 1, 1, 1, 0, 3, 4, 0, 1, 1, 1, 0, 0, 0, 4]|[0, 0, 1, 1, 0, 0, 1, 2, 1, 1, 0, 0, 1, 3, 0, 1, 0, 1, 3, 1, 0, 0, 0, 1, 3, 1, 0, 0, 1, 1, 0, 0, 3, 0, 0, 0, 3, 0, 1, 0, 1, 1, 0, 1, 0, 0, 0, 2, 0, 1, 0, 0, 0, 1, 0, 1, 0, 0, 0, 0, 1, 2, 0, 0, 0, 0, 0, 0, 1, 1, 3, 0, 0, 0, 0, 3, 1, 3, 0, 1, 0, 0, 2, 0, 0, 0, 1, 0, 0, 1, 0, 0, 0, 0, 0, 1, 1, 0, 2, 0]
event=174:G1_CMAX:update:state=1,action=2,reward=-95.40452467902094,nextState=1,old=-307.1688212102507,new=-309.61146892282704
event=175:G2_TEC:update:state=1,action=1,reward=-746.4521610027441,nextState=1,old=-2051.5993024727213,new=-2387.7316029809213
event=176:G3_TWC:update:state=1,action=2,reward=-6763.38136280686,nextState=1,old=-18741.915892864665,new=-21756.91407709859
event=177:G4_BALANCED:update:state=1,action=1,reward=-0.08692629534040652,nextState=1,old=-0.21207028780861237,new=-0.25658252558729644
event=178:G1_CMAX:action:mode=exploit,state=1,draw=0.1311261429962397,action=1
event=179:G1_CMAX:leader:action=1,fingerprint=[58, 42, 31, 41, 98, 11, 15, 22, 57, 19, 84, 40, 73, 1, 81, 14, 99, 16, 3, 79, 2, 74, 5, 91, 62, 43, 68, 76, 97, 77, 88, 30, 53, 20, 51, 93, 24, 72, 49, 59, 38, 28, 92, 67, 9, 18, 17, 87, 12, 26, 71, 94, 95, 23, 10, 64, 7, 83, 96, 6, 78, 80, 75, 46, 48, 36, 55, 61, 65, 47, 85, 90, 32, 34, 70, 4, 63, 44, 37, 45, 33, 54, 86, 25, 35, 56, 13, 21, 0, 39, 27, 66, 8, 50, 82, 69, 60, 89, 29, 52]|[0, 0, 1, 2, 2, 1, 0, 1, 1, 1, 0, 1, 0, 1, 0, 1, 1, 1, 1, 0, 2, 1, 0, 0, 1, 1, 1, 0, 1, 0, 0, 2, 2, 1, 0, 2, 0, 0, 0, 0, 0, 1, 2, 1, 0, 1, 1, 0, 1, 0, 2, 2, 1, 2, 1, 1, 2, 1, 2, 1, 2, 1, 2, 1, 0, 0, 0, 0, 1, 1, 1, 0, 1, 1, 2, 1, 0, 2, 1, 2, 2, 2, 0, 2, 1, 2, 1, 1, 1, 2, 1, 1, 0, 2, 1, 0, 2, 1, 1, 0]|[2, 2, 2, 1, 0, 4, 1, 2, 1, 2, 2, 0, 2, 2, 0, 1, 1, 2, 4, 1, 2, 3, 1, 0, 3, 0, 1, 1, 1, 0, 1, 0, 2, 0, 1, 1, 0, 0, 2, 0, 0, 3, 1, 0, 1, 2, 1, 1, 1, 1, 2, 2, 4, 0, 2, 0, 0, 0, 2, 3, 1, 4, 1, 4, 1, 1, 1, 1, 4, 2, 0, 0, 4, 4, 1, 1, 2, 1, 0, 1, 1, 2, 1, 2, 2, 1, 4, 0, 3, 1, 1, 0, 1, 2, 0, 2, 2, 2, 3, 2]|[0, 0, 1, 0, 0, 2, 1, 0, 1, 1, 0, 3, 1, 2, 0, 1, 0, 1, 3, 0, 0, 3, 0, 0, 3, 0, 0, 1, 0, 1, 0, 0, 0, 1, 0, 1, 0, 0, 1, 0, 1, 2, 0, 1, 0, 2, 1, 0, 2, 0, 0, 0, 0, 0, 2, 3, 1, 1, 0, 3, 1, 0, 0, 0, 0, 0, 0, 0, 0, 0, 1, 0, 0, 0, 0, 1, 0, 1, 1, 0, 1, 0, 0, 1, 0, 1, 3, 1, 3, 0, 0, 1, 0, 0, 2, 0, 1, 0, 2, 1]
event=180:G4_BALANCED:action:mode=exploit,state=1,draw=0.7695776053908674,action=1
event=181:G4_BALANCED:leader:action=1,fingerprint=[51, 8, 83, 31, 94, 66, 33, 56, 24, 98, 58, 77, 52, 65, 22, 47, 19, 79, 39, 49, 99, 2, 84, 91, 62, 7, 53, 90, 40, 70, 43, 30, 41, 20, 78, 93, 57, 72, 16, 59, 38, 28, 92, 67, 9, 18, 17, 87, 12, 26, 71, 63, 95, 74, 21, 42, 27, 37, 96, 6, 5, 10, 32, 23, 55, 81, 29, 64, 60, 46, 88, 36, 34, 85, 68, 48, 61, 54, 89, 73, 11, 3, 15, 14, 86, 80, 35, 25, 45, 69, 97, 44, 0, 4, 50, 13, 1, 75, 76, 82]|[0, 0, 1, 0, 2, 0, 0, 1, 0, 2, 0, 1, 0, 2, 1, 0, 1, 1, 1, 1, 1, 0, 0, 0, 2, 1, 0, 1, 1, 2, 0, 1, 0, 0, 0, 2, 2, 2, 0, 2, 2, 1, 0, 1, 0, 0, 0, 2, 1, 2, 1, 2, 2, 2, 0, 0, 0, 2, 1, 1, 1, 1, 2, 0, 2, 2, 2, 1, 2, 0, 1, 2, 1, 0, 0, 2, 1, 1, 2, 0, 0, 1, 1, 1, 1, 1, 1, 2, 2, 0, 1, 1, 2, 0, 1, 2, 1, 0, 0, 0]|[2, 2, 0, 2, 0, 0, 1, 2, 1, 0, 2, 4, 2, 1, 2, 0, 2, 2, 4, 0, 1, 1, 1, 0, 1, 0, 2, 4, 1, 1, 1, 2, 1, 2, 2, 1, 1, 1, 2, 0, 1, 0, 0, 3, 1, 1, 2, 1, 3, 1, 1, 2, 1, 2, 2, 1, 2, 1, 0, 3, 2, 2, 1, 1, 2, 1, 1, 0, 2, 2, 1, 0, 4, 1, 2, 2, 1, 4, 1, 2, 0, 4, 1, 0, 4, 4, 0, 0, 0, 2, 1, 1, 0, 1, 0, 1, 4, 0, 0, 2]|[0, 0, 1, 1, 0, 0, 1, 0, 1, 0, 0, 1, 1, 1, 0, 1, 3, 1, 3, 1, 0, 0, 0, 0, 1, 3, 0, 0, 0, 0, 1, 2, 0, 0, 0, 0, 0, 0, 1, 0, 1, 0, 0, 3, 0, 0, 1, 0, 0, 1, 1, 0, 0, 0, 0, 0, 1, 0, 2, 3, 0, 2, 0, 0, 1, 0, 0, 3, 1, 0, 3, 0, 3, 0, 0, 1, 1, 3, 1, 1, 0, 3, 2, 1, 2, 0, 3, 0, 0, 0, 2, 2, 0, 1, 1, 0, 0, 0, 0, 1]
event=182:G2_TEC:action:mode=explore,state=1,draw=0.8496557894769536,action=0
event=183:G2_TEC:leader:action=0,fingerprint=[58, 42, 83, 31, 94, 66, 33, 56, 24, 98, 51, 77, 52, 1, 90, 14, 99, 16, 3, 79, 2, 74, 5, 91, 62, 43, 68, 76, 97, 40, 88, 30, 53, 20, 84, 93, 57, 72, 49, 59, 38, 28, 92, 67, 9, 18, 17, 87, 12, 26, 71, 19, 95, 63, 21, 47, 27, 37, 96, 6, 78, 10, 32, 23, 55, 22, 39, 35, 46, 25, 7, 85, 86, 48, 69, 65, 61, 54, 89, 41, 11, 29, 15, 8, 34, 80, 13, 81, 73, 0, 36, 64, 4, 45, 50, 70, 82, 75, 60, 44]|[2, 2, 1, 2, 2, 0, 1, 1, 0, 1, 0, 1, 0, 2, 0, 1, 1, 1, 2, 1, 0, 0, 1, 0, 1, 1, 1, 0, 1, 0, 1, 2, 1, 0, 0, 2, 0, 2, 0, 0, 0, 1, 0, 1, 0, 0, 2, 1, 1, 2, 2, 1, 2, 1, 1, 1, 0, 2, 2, 0, 0, 1, 0, 2, 2, 2, 1, 1, 2, 2, 1, 1, 1, 0, 0, 1, 0, 2, 1, 0, 2, 2, 1, 1, 1, 1, 2, 1, 0, 1, 0, 1, 1, 1, 2, 1, 0, 2, 2, 1]|[2, 1, 2, 1, 0, 0, 1, 2, 0, 4, 2, 0, 2, 1, 0, 1, 1, 2, 0, 0, 1, 1, 0, 0, 3, 0, 2, 0, 1, 1, 0, 0, 4, 2, 0, 0, 1, 1, 2, 0, 0, 3, 0, 0, 1, 0, 1, 2, 3, 1, 2, 4, 1, 3, 0, 2, 2, 1, 2, 1, 2, 2, 0, 2, 2, 1, 4, 0, 2, 1, 4, 4, 4, 0, 0, 4, 0, 2, 2, 2, 1, 1, 1, 0, 4, 4, 1, 4, 0, 4, 2, 4, 4, 2, 2, 0, 2, 1, 2, 1]|[0, 0, 1, 0, 0, 0, 2, 0, 0, 0, 0, 3, 1, 1, 0, 1, 0, 1, 0, 1, 0, 0, 0, 0, 3, 0, 1, 0, 0, 0, 3, 0, 3, 0, 0, 0, 0, 0, 1, 0, 1, 2, 0, 1, 0, 0, 0, 2, 0, 1, 0, 0, 0, 1, 1, 0, 0, 0, 0, 0, 0, 2, 1, 0, 1, 0, 0, 3, 0, 0, 0, 0, 2, 0, 0, 0, 1, 1, 0, 1, 0, 0, 2, 1, 3, 0, 0, 0, 0, 3, 0, 3, 1, 1, 0, 3, 1, 0, 1, 2]
event=184:G3_TWC:action:mode=exploit,state=1,draw=0.708475852296139,action=0
event=185:G3_TWC:leader:action=0,fingerprint=[58, 42, 31, 41, 98, 11, 15, 22, 57, 19, 84, 40, 73, 1, 81, 14, 99, 16, 3, 79, 2, 74, 5, 91, 62, 43, 68, 76, 97, 77, 88, 30, 53, 20, 51, 93, 24, 72, 49, 59, 38, 28, 92, 67, 9, 18, 17, 87, 12, 26, 71, 94, 95, 63, 21, 47, 27, 37, 96, 6, 78, 10, 32, 23, 55, 56, 29, 64, 60, 46, 7, 36, 34, 85, 52, 48, 61, 54, 89, 83, 66, 39, 33, 8, 86, 80, 75, 50, 70, 25, 35, 90, 0, 13, 45, 4, 44, 69, 82, 65]|[2, 0, 1, 0, 2, 0, 0, 1, 0, 1, 0, 0, 0, 1, 0, 1, 1, 1, 1, 1, 0, 0, 1, 1, 1, 2, 0, 0, 1, 0, 1, 2, 1, 0, 0, 2, 1, 0, 0, 0, 2, 2, 0, 1, 0, 0, 2, 1, 1, 2, 2, 2, 2, 1, 0, 0, 0, 2, 2, 0, 2, 1, 2, 0, 0, 2, 0, 0, 2, 1, 1, 1, 1, 0, 0, 1, 1, 1, 1, 1, 2, 2, 1, 0, 1, 1, 0, 2, 2, 1, 1, 1, 0, 2, 2, 0, 0, 0, 1, 1]|[2, 2, 2, 2, 0, 0, 1, 2, 1, 2, 2, 1, 2, 1, 0, 1, 1, 2, 2, 0, 1, 1, 0, 0, 3, 2, 2, 0, 0, 1, 3, 0, 4, 2, 0, 0, 3, 0, 2, 0, 1, 2, 0, 0, 1, 1, 1, 2, 3, 1, 2, 2, 1, 3, 0, 0, 2, 1, 2, 1, 1, 2, 1, 2, 0, 1, 0, 2, 2, 0, 0, 4, 4, 1, 0, 4, 1, 4, 2, 0, 1, 1, 1, 1, 4, 4, 1, 1, 1, 0, 3, 4, 0, 1, 1, 1, 0, 0, 0, 4]|[0, 0, 1, 1, 0, 0, 1, 2, 1, 1, 0, 0, 1, 3, 0, 1, 0, 1, 3, 1, 0, 0, 0, 1, 3, 1, 0, 0, 1, 1, 0, 0, 3, 0, 0, 0, 3, 0, 1, 0, 1, 1, 0, 1, 0, 0, 0, 2, 0, 1, 0, 0, 0, 1, 0, 1, 0, 0, 0, 0, 1, 2, 0, 0, 0, 0, 0, 0, 1, 1, 3, 0, 0, 0, 0, 3, 1, 3, 0, 1, 0, 0, 2, 0, 0, 0, 1, 0, 0, 1, 0, 0, 0, 0, 0, 1, 1, 0, 2, 0]
event=186:G1_CMAX:update:state=1,action=1,reward=-132.95759410532173,nextState=1,old=-267.7586803047576,new=-347.16453834912784
event=187:G2_TEC:update:state=1,action=0,reward=7.507691848964896,nextState=0,old=-2118.8528222531713,new=7.507691848964896
event=188:G3_TWC:update:state=1,action=0,reward=-3221.6158002505254,nextState=1,old=-20434.972357330007,new=-19569.59368611453
event=189:G4_BALANCED:update:state=1,action=1,reward=-0.10027937961928296,nextState=1,old=-0.25658252558729644,new=-0.3055454000891201
event=190:G1_CMAX:action:mode=exploit,state=1,draw=0.004831141567632757,action=0
event=191:G1_CMAX:leader:action=0,fingerprint=[58, 42, 31, 41, 98, 11, 15, 22, 57, 19, 84, 40, 73, 1, 81, 14, 99, 16, 3, 79, 2, 74, 5, 91, 62, 43, 68, 76, 97, 77, 88, 30, 53, 20, 51, 93, 24, 72, 49, 59, 38, 28, 92, 67, 9, 18, 17, 87, 12, 26, 71, 94, 95, 23, 10, 64, 7, 83, 96, 6, 78, 80, 75, 46, 48, 36, 55, 61, 65, 47, 85, 90, 32, 34, 70, 4, 63, 44, 37, 45, 33, 54, 86, 25, 35, 56, 13, 21, 0, 39, 27, 66, 8, 50, 82, 69, 60, 89, 29, 52]|[0, 0, 1, 2, 2, 1, 0, 1, 1, 1, 0, 1, 0, 1, 0, 1, 1, 1, 1, 0, 2, 1, 0, 0, 1, 1, 1, 0, 1, 0, 0, 2, 2, 1, 0, 2, 0, 0, 0, 0, 0, 1, 2, 1, 0, 1, 1, 0, 1, 0, 2, 2, 1, 2, 1, 1, 2, 1, 2, 1, 2, 1, 2, 1, 0, 0, 0, 0, 1, 1, 1, 0, 1, 1, 2, 1, 0, 2, 1, 2, 2, 2, 0, 2, 1, 2, 1, 1, 1, 2, 1, 1, 0, 2, 1, 0, 2, 1, 1, 0]|[2, 2, 2, 1, 0, 4, 1, 2, 1, 2, 2, 0, 2, 2, 0, 1, 1, 2, 4, 1, 2, 3, 1, 0, 3, 0, 1, 1, 1, 0, 1, 0, 2, 0, 1, 1, 0, 0, 2, 0, 0, 3, 1, 0, 1, 2, 1, 1, 1, 1, 2, 2, 4, 0, 2, 0, 0, 0, 2, 3, 1, 4, 1, 4, 1, 1, 1, 1, 4, 2, 0, 0, 4, 4, 1, 1, 2, 1, 0, 1, 1, 2, 1, 2, 2, 1, 4, 0, 3, 1, 1, 0, 1, 2, 0, 2, 2, 2, 3, 2]|[0, 0, 1, 0, 0, 2, 1, 0, 1, 1, 0, 3, 1, 2, 0, 1, 0, 1, 3, 0, 0, 3, 0, 0, 3, 0, 0, 1, 0, 1, 0, 0, 0, 1, 0, 1, 0, 0, 1, 0, 1, 2, 0, 1, 0, 2, 1, 0, 2, 0, 0, 0, 0, 0, 2, 3, 1, 1, 0, 3, 1, 0, 0, 0, 0, 0, 0, 0, 0, 0, 1, 0, 0, 0, 0, 1, 0, 1, 1, 0, 1, 0, 0, 1, 0, 1, 3, 1, 3, 0, 0, 1, 0, 0, 2, 0, 1, 0, 2, 1]
event=192:G4_BALANCED:action:mode=exploit,state=1,draw=0.15717488259606127,action=0
event=193:G4_BALANCED:leader:action=0,fingerprint=[51, 8, 83, 31, 94, 66, 33, 56, 24, 98, 58, 77, 52, 65, 22, 47, 19, 79, 39, 49, 99, 2, 84, 91, 62, 7, 53, 90, 40, 70, 43, 30, 41, 20, 78, 93, 57, 72, 16, 59, 38, 28, 92, 67, 9, 18, 17, 87, 12, 26, 71, 63, 95, 74, 21, 42, 27, 37, 96, 6, 5, 10, 32, 23, 55, 81, 29, 64, 60, 46, 88, 36, 34, 85, 68, 48, 61, 54, 89, 73, 11, 3, 15, 14, 86, 80, 35, 25, 45, 69, 97, 44, 0, 4, 50, 13, 1, 75, 76, 82]|[0, 0, 1, 0, 2, 0, 0, 1, 0, 2, 0, 1, 0, 2, 1, 0, 1, 1, 1, 1, 1, 0, 0, 0, 2, 1, 0, 1, 1, 2, 0, 1, 0, 0, 0, 2, 2, 2, 0, 2, 2, 1, 0, 1, 0, 0, 0, 2, 1, 2, 1, 2, 2, 2, 0, 0, 0, 2, 1, 1, 1, 1, 2, 0, 2, 2, 2, 1, 2, 0, 1, 2, 1, 0, 0, 2, 1, 1, 2, 0, 0, 1, 1, 1, 1, 1, 1, 2, 2, 0, 1, 1, 2, 0, 1, 2, 1, 0, 0, 0]|[2, 2, 0, 2, 0, 0, 1, 2, 1, 0, 2, 4, 2, 1, 2, 0, 2, 2, 4, 0, 1, 1, 1, 0, 1, 0, 2, 4, 1, 1, 1, 2, 1, 2, 2, 1, 1, 1, 2, 0, 1, 0, 0, 3, 1, 1, 2, 1, 3, 1, 1, 2, 1, 2, 2, 1, 2, 1, 0, 3, 2, 2, 1, 1, 2, 1, 1, 0, 2, 2, 1, 0, 4, 1, 2, 2, 1, 4, 1, 2, 0, 4, 1, 0, 4, 4, 0, 0, 0, 2, 1, 1, 0, 1, 0, 1, 4, 0, 0, 2]|[0, 0, 1, 1, 0, 0, 1, 0, 1, 0, 0, 1, 1, 1, 0, 1, 3, 1, 3, 1, 0, 0, 0, 0, 1, 3, 0, 0, 0, 0, 1, 2, 0, 0, 0, 0, 0, 0, 1, 0, 1, 0, 0, 3, 0, 0, 1, 0, 0, 1, 1, 0, 0, 0, 0, 0, 1, 0, 2, 3, 0, 2, 0, 0, 1, 0, 0, 3, 1, 0, 3, 0, 3, 0, 0, 1, 1, 3, 1, 1, 0, 3, 2, 1, 2, 0, 3, 0, 0, 0, 2, 2, 0, 1, 1, 0, 0, 0, 0, 1]
event=194:G2_TEC:action:mode=exploit,state=0,draw=0.47461466754439874,action=0
event=195:G2_TEC:leader:action=0,fingerprint=[58, 42, 83, 31, 94, 66, 33, 56, 24, 98, 51, 77, 52, 1, 90, 14, 99, 16, 3, 79, 2, 74, 5, 91, 62, 43, 68, 76, 97, 40, 88, 30, 53, 20, 84, 93, 57, 72, 49, 59, 38, 28, 92, 67, 9, 18, 17, 87, 12, 26, 71, 19, 95, 63, 21, 47, 27, 37, 96, 6, 78, 10, 32, 23, 55, 22, 39, 35, 46, 25, 7, 85, 86, 48, 69, 65, 61, 54, 89, 41, 11, 29, 15, 8, 34, 80, 13, 81, 73, 0, 36, 64, 4, 45, 50, 70, 82, 75, 60, 44]|[2, 2, 1, 2, 2, 0, 1, 1, 0, 1, 0, 1, 0, 2, 0, 1, 1, 1, 2, 1, 0, 0, 1, 0, 1, 1, 1, 0, 1, 0, 1, 2, 1, 0, 0, 2, 0, 2, 0, 0, 0, 1, 0, 1, 0, 0, 2, 1, 1, 2, 2, 1, 2, 1, 1, 1, 0, 2, 2, 0, 0, 1, 0, 2, 2, 2, 1, 1, 2, 2, 1, 1, 1, 0, 0, 1, 0, 2, 1, 0, 2, 2, 1, 1, 1, 1, 2, 1, 0, 1, 0, 1, 1, 1, 2, 1, 0, 2, 2, 1]|[2, 1, 2, 1, 0, 0, 1, 2, 0, 4, 2, 0, 2, 1, 0, 1, 1, 2, 0, 0, 1, 1, 0, 0, 3, 0, 2, 0, 1, 1, 0, 0, 4, 2, 0, 0, 1, 1, 2, 0, 0, 3, 0, 0, 1, 0, 1, 2, 3, 1, 2, 4, 1, 3, 0, 2, 2, 1, 2, 1, 2, 2, 0, 2, 2, 1, 4, 0, 2, 1, 4, 4, 4, 0, 0, 4, 0, 2, 2, 2, 1, 1, 1, 0, 4, 4, 1, 4, 0, 4, 2, 4, 4, 2, 2, 0, 2, 1, 2, 1]|[0, 0, 1, 0, 0, 0, 2, 0, 0, 0, 0, 3, 1, 1, 0, 1, 0, 1, 0, 1, 0, 0, 0, 0, 3, 0, 1, 0, 0, 0, 3, 0, 3, 0, 0, 0, 0, 0, 1, 0, 1, 2, 0, 1, 0, 0, 0, 2, 0, 1, 0, 0, 0, 1, 1, 0, 0, 0, 0, 0, 0, 2, 1, 0, 1, 0, 0, 3, 0, 0, 0, 0, 2, 0, 0, 0, 1, 1, 0, 1, 0, 0, 2, 1, 3, 0, 0, 0, 0, 3, 0, 3, 1, 1, 0, 3, 1, 0, 1, 2]
event=196:G3_TWC:action:mode=exploit,state=1,draw=0.6027865604684068,action=0
event=197:G3_TWC:leader:action=0,fingerprint=[58, 42, 31, 41, 98, 11, 15, 22, 57, 19, 84, 40, 73, 1, 81, 14, 99, 16, 3, 79, 2, 74, 5, 91, 62, 43, 68, 76, 97, 77, 88, 30, 53, 20, 51, 93, 24, 72, 49, 59, 38, 28, 92, 67, 9, 18, 17, 87, 12, 26, 71, 94, 95, 63, 21, 47, 27, 37, 96, 6, 78, 10, 32, 23, 55, 56, 29, 64, 60, 46, 7, 36, 34, 85, 52, 48, 61, 54, 89, 83, 66, 39, 33, 8, 86, 80, 75, 50, 70, 25, 35, 90, 0, 13, 45, 4, 44, 69, 82, 65]|[2, 0, 1, 0, 2, 0, 0, 1, 0, 1, 0, 0, 0, 1, 0, 1, 1, 1, 1, 1, 0, 0, 1, 1, 1, 2, 0, 0, 1, 0, 1, 2, 1, 0, 0, 2, 1, 0, 0, 0, 2, 2, 0, 1, 0, 0, 2, 1, 1, 2, 2, 2, 2, 1, 0, 0, 0, 2, 2, 0, 2, 1, 2, 0, 0, 2, 0, 0, 2, 1, 1, 1, 1, 0, 0, 1, 1, 1, 1, 1, 2, 2, 1, 0, 1, 1, 0, 2, 2, 1, 1, 1, 0, 2, 2, 0, 0, 0, 1, 1]|[2, 2, 2, 2, 0, 0, 1, 2, 1, 2, 2, 1, 2, 1, 0, 1, 1, 2, 2, 0, 1, 1, 0, 0, 3, 2, 2, 0, 0, 1, 3, 0, 4, 2, 0, 0, 3, 0, 2, 0, 1, 2, 0, 0, 1, 1, 1, 2, 3, 1, 2, 2, 1, 3, 0, 0, 2, 1, 2, 1, 1, 2, 1, 2, 0, 1, 0, 2, 2, 0, 0, 4, 4, 1, 0, 4, 1, 4, 2, 0, 1, 1, 1, 1, 4, 4, 1, 1, 1, 0, 3, 4, 0, 1, 1, 1, 0, 0, 0, 4]|[0, 0, 1, 1, 0, 0, 1, 2, 1, 1, 0, 0, 1, 3, 0, 1, 0, 1, 3, 1, 0, 0, 0, 1, 3, 1, 0, 0, 1, 1, 0, 0, 3, 0, 0, 0, 3, 0, 1, 0, 1, 1, 0, 1, 0, 0, 0, 2, 0, 1, 0, 0, 0, 1, 0, 1, 0, 0, 0, 0, 1, 2, 0, 0, 0, 0, 0, 0, 1, 1, 3, 0, 0, 0, 0, 3, 1, 3, 0, 1, 0, 0, 2, 0, 0, 0, 1, 0, 0, 1, 0, 0, 0, 0, 0, 1, 1, 0, 2, 0]
event=198:G1_CMAX:update:state=1,action=0,reward=-99.16231411451736,nextState=1,old=-292.5112700850966,new=-333.17133018259466
event=199:G2_TEC:update:state=0,action=0,reward=-503.38864013207785,nextState=1,old=0.0,new=-497.3824866529059
event=200:G3_TWC:update:state=1,action=0,reward=-10343.697931806819,nextState=1,old=-19569.59368611453,new=-25999.372880698444
event=201:G4_BALANCED:update:state=1,action=0,reward=-0.1189384349381495,nextState=1,old=-0.2945807892965009,new=-0.3546030663753502
event=202:G1_CMAX:action:mode=exploit,state=1,draw=0.6415882240413253,action=2
event=203:G1_CMAX:tournament:reason=action2,left=6,right=14,selected=[51, 8, 83, 31, 94, 66, 33, 56, 24, 98, 58, 77, 52, 65, 22, 47, 19, 79, 39, 49, 99, 2, 84, 91, 62, 7, 53, 90, 40, 70, 43, 30, 41, 20, 78, 93, 57, 72, 16, 59, 38, 28, 92, 67, 9, 18, 17, 87, 12, 26, 71, 63, 95, 74, 21, 42, 27, 37, 96, 6, 5, 10, 32, 23, 55, 81, 29, 64, 60, 46, 88, 36, 34, 85, 68, 48, 61, 54, 89, 73, 11, 3, 15, 14, 86, 80, 35, 25, 45, 69, 97, 44, 0, 4, 50, 13, 1, 75, 76, 82]|[0, 0, 1, 0, 2, 0, 0, 1, 0, 2, 0, 1, 0, 2, 1, 0, 1, 1, 1, 1, 1, 0, 0, 0, 2, 1, 0, 1, 1, 2, 0, 1, 0, 0, 0, 2, 2, 2, 0, 2, 2, 1, 0, 1, 0, 0, 0, 2, 1, 2, 1, 2, 2, 2, 0, 0, 0, 2, 1, 1, 1, 1, 2, 0, 2, 2, 2, 1, 2, 0, 1, 2, 1, 0, 0, 2, 1, 1, 2, 0, 0, 1, 1, 1, 1, 1, 1, 2, 2, 0, 1, 1, 2, 0, 1, 2, 1, 0, 0, 0]|[2, 2, 0, 2, 0, 0, 1, 2, 1, 0, 2, 4, 2, 1, 2, 0, 2, 2, 4, 0, 1, 1, 1, 0, 1, 0, 2, 4, 1, 1, 1, 2, 1, 2, 2, 1, 1, 1, 2, 0, 1, 0, 0, 3, 1, 1, 2, 1, 3, 1, 1, 2, 1, 2, 2, 1, 2, 1, 0, 3, 2, 2, 1, 1, 2, 1, 1, 0, 2, 2, 1, 0, 4, 1, 2, 2, 1, 4, 1, 2, 0, 4, 1, 0, 4, 4, 0, 0, 0, 2, 1, 1, 0, 1, 0, 1, 4, 0, 0, 2]|[0, 0, 1, 1, 0, 0, 1, 0, 1, 0, 0, 1, 1, 1, 0, 1, 3, 1, 3, 1, 0, 0, 0, 0, 1, 3, 0, 0, 0, 0, 1, 2, 0, 0, 0, 0, 0, 0, 1, 0, 1, 0, 0, 3, 0, 0, 1, 0, 0, 1, 1, 0, 0, 0, 0, 0, 1, 0, 2, 3, 0, 2, 0, 0, 1, 0, 0, 3, 1, 0, 3, 0, 3, 0, 0, 1, 1, 3, 1, 1, 0, 3, 2, 1, 2, 0, 3, 0, 0, 0, 2, 2, 0, 1, 1, 0, 0, 0, 0, 1]
event=204:G1_CMAX:leader:action=2,fingerprint=[51, 8, 83, 31, 94, 66, 33, 56, 24, 98, 58, 77, 52, 65, 22, 47, 19, 79, 39, 49, 99, 2, 84, 91, 62, 7, 53, 90, 40, 70, 43, 30, 41, 20, 78, 93, 57, 72, 16, 59, 38, 28, 92, 67, 9, 18, 17, 87, 12, 26, 71, 63, 95, 74, 21, 42, 27, 37, 96, 6, 5, 10, 32, 23, 55, 81, 29, 64, 60, 46, 88, 36, 34, 85, 68, 48, 61, 54, 89, 73, 11, 3, 15, 14, 86, 80, 35, 25, 45, 69, 97, 44, 0, 4, 50, 13, 1, 75, 76, 82]|[0, 0, 1, 0, 2, 0, 0, 1, 0, 2, 0, 1, 0, 2, 1, 0, 1, 1, 1, 1, 1, 0, 0, 0, 2, 1, 0, 1, 1, 2, 0, 1, 0, 0, 0, 2, 2, 2, 0, 2, 2, 1, 0, 1, 0, 0, 0, 2, 1, 2, 1, 2, 2, 2, 0, 0, 0, 2, 1, 1, 1, 1, 2, 0, 2, 2, 2, 1, 2, 0, 1, 2, 1, 0, 0, 2, 1, 1, 2, 0, 0, 1, 1, 1, 1, 1, 1, 2, 2, 0, 1, 1, 2, 0, 1, 2, 1, 0, 0, 0]|[2, 2, 0, 2, 0, 0, 1, 2, 1, 0, 2, 4, 2, 1, 2, 0, 2, 2, 4, 0, 1, 1, 1, 0, 1, 0, 2, 4, 1, 1, 1, 2, 1, 2, 2, 1, 1, 1, 2, 0, 1, 0, 0, 3, 1, 1, 2, 1, 3, 1, 1, 2, 1, 2, 2, 1, 2, 1, 0, 3, 2, 2, 1, 1, 2, 1, 1, 0, 2, 2, 1, 0, 4, 1, 2, 2, 1, 4, 1, 2, 0, 4, 1, 0, 4, 4, 0, 0, 0, 2, 1, 1, 0, 1, 0, 1, 4, 0, 0, 2]|[0, 0, 1, 1, 0, 0, 1, 0, 1, 0, 0, 1, 1, 1, 0, 1, 3, 1, 3, 1, 0, 0, 0, 0, 1, 3, 0, 0, 0, 0, 1, 2, 0, 0, 0, 0, 0, 0, 1, 0, 1, 0, 0, 3, 0, 0, 1, 0, 0, 1, 1, 0, 0, 0, 0, 0, 1, 0, 2, 3, 0, 2, 0, 0, 1, 0, 0, 3, 1, 0, 3, 0, 3, 0, 0, 1, 1, 3, 1, 1, 0, 3, 2, 1, 2, 0, 3, 0, 0, 0, 2, 2, 0, 1, 1, 0, 0, 0, 0, 1]
event=205:G4_BALANCED:action:mode=exploit,state=1,draw=0.6544217116898715,action=2
event=206:G4_BALANCED:tournament:reason=action2,left=2,right=13,selected=[51, 8, 83, 31, 94, 66, 33, 56, 24, 98, 58, 77, 52, 65, 22, 47, 19, 79, 39, 49, 99, 2, 84, 91, 62, 7, 53, 90, 40, 70, 43, 30, 68, 20, 5, 93, 57, 72, 16, 59, 38, 28, 92, 67, 9, 18, 17, 87, 12, 26, 71, 74, 95, 63, 21, 14, 27, 37, 96, 6, 78, 10, 32, 23, 55, 81, 29, 64, 60, 46, 88, 36, 34, 85, 73, 48, 61, 86, 97, 75, 1, 11, 80, 42, 54, 25, 41, 50, 89, 0, 35, 82, 76, 13, 15, 4, 44, 45, 3, 69]|[0, 0, 1, 1, 2, 2, 1, 2, 0, 2, 0, 2, 0, 2, 1, 1, 0, 1, 1, 1, 1, 0, 0, 0, 2, 1, 0, 1, 0, 1, 0, 1, 0, 2, 1, 2, 2, 2, 1, 2, 2, 1, 0, 1, 0, 0, 2, 1, 1, 0, 1, 2, 2, 1, 1, 1, 0, 2, 2, 1, 0, 1, 2, 0, 2, 2, 0, 0, 0, 0, 1, 1, 1, 1, 0, 2, 1, 1, 1, 0, 1, 1, 1, 0, 1, 2, 1, 1, 2, 2, 1, 1, 0, 2, 0, 0, 1, 1, 1, 0]|[2, 2, 0, 2, 0, 1, 1, 1, 1, 0, 2, 0, 2, 1, 2, 2, 1, 0, 4, 0, 1, 1, 1, 0, 1, 0, 2, 4, 1, 1, 1, 2, 2, 1, 2, 0, 1, 1, 2, 0, 1, 0, 0, 4, 1, 1, 1, 2, 3, 1, 1, 2, 1, 3, 2, 0, 2, 1, 2, 3, 2, 2, 1, 1, 2, 1, 0, 2, 0, 2, 1, 4, 4, 4, 2, 2, 1, 4, 1, 1, 1, 4, 4, 1, 4, 0, 0, 0, 1, 0, 2, 0, 0, 1, 1, 1, 1, 2, 4, 2]|[0, 0, 1, 1, 0, 0, 2, 0, 0, 0, 0, 0, 1, 1, 0, 0, 0, 1, 3, 1, 0, 0, 0, 0, 1, 3, 0, 3, 0, 1, 1, 2, 0, 0, 0, 0, 0, 0, 1, 0, 1, 3, 0, 0, 0, 0, 0, 2, 0, 0, 1, 0, 0, 1, 2, 1, 1, 0, 0, 3, 0, 2, 0, 0, 1, 0, 0, 0, 0, 0, 3, 0, 3, 0, 1, 1, 1, 0, 0, 0, 3, 2, 0, 0, 3, 0, 1, 1, 1, 0, 0, 2, 0, 0, 1, 1, 2, 1, 3, 0]
event=207:G4_BALANCED:leader:action=2,fingerprint=[51, 8, 83, 31, 94, 66, 33, 56, 24, 98, 58, 77, 52, 65, 22, 47, 19, 79, 39, 49, 99, 2, 84, 91, 62, 7, 53, 90, 40, 70, 43, 30, 68, 20, 5, 93, 57, 72, 16, 59, 38, 28, 92, 67, 9, 18, 17, 87, 12, 26, 71, 74, 95, 63, 21, 14, 27, 37, 96, 6, 78, 10, 32, 23, 55, 81, 29, 64, 60, 46, 88, 36, 34, 85, 73, 48, 61, 86, 97, 75, 1, 11, 80, 42, 54, 25, 41, 50, 89, 0, 35, 82, 76, 13, 15, 4, 44, 45, 3, 69]|[0, 0, 1, 1, 2, 2, 1, 2, 0, 2, 0, 2, 0, 2, 1, 1, 0, 1, 1, 1, 1, 0, 0, 0, 2, 1, 0, 1, 0, 1, 0, 1, 0, 2, 1, 2, 2, 2, 1, 2, 2, 1, 0, 1, 0, 0, 2, 1, 1, 0, 1, 2, 2, 1, 1, 1, 0, 2, 2, 1, 0, 1, 2, 0, 2, 2, 0, 0, 0, 0, 1, 1, 1, 1, 0, 2, 1, 1, 1, 0, 1, 1, 1, 0, 1, 2, 1, 1, 2, 2, 1, 1, 0, 2, 0, 0, 1, 1, 1, 0]|[2, 2, 0, 2, 0, 1, 1, 1, 1, 0, 2, 0, 2, 1, 2, 2, 1, 0, 4, 0, 1, 1, 1, 0, 1, 0, 2, 4, 1, 1, 1, 2, 2, 1, 2, 0, 1, 1, 2, 0, 1, 0, 0, 4, 1, 1, 1, 2, 3, 1, 1, 2, 1, 3, 2, 0, 2, 1, 2, 3, 2, 2, 1, 1, 2, 1, 0, 2, 0, 2, 1, 4, 4, 4, 2, 2, 1, 4, 1, 1, 1, 4, 4, 1, 4, 0, 0, 0, 1, 0, 2, 0, 0, 1, 1, 1, 1, 2, 4, 2]|[0, 0, 1, 1, 0, 0, 2, 0, 0, 0, 0, 0, 1, 1, 0, 0, 0, 1, 3, 1, 0, 0, 0, 0, 1, 3, 0, 3, 0, 1, 1, 2, 0, 0, 0, 0, 0, 0, 1, 0, 1, 3, 0, 0, 0, 0, 0, 2, 0, 0, 1, 0, 0, 1, 2, 1, 1, 0, 0, 3, 0, 2, 0, 0, 1, 0, 0, 0, 0, 0, 3, 0, 3, 0, 1, 1, 1, 0, 0, 0, 3, 2, 0, 0, 3, 0, 1, 1, 1, 0, 0, 2, 0, 0, 1, 1, 2, 1, 3, 0]
event=208:G2_TEC:action:mode=explore,state=1,draw=0.8411914553248263,action=0
event=209:G2_TEC:leader:action=0,fingerprint=[51, 8, 83, 31, 94, 11, 15, 22, 57, 19, 84, 40, 73, 1, 81, 14, 99, 16, 3, 79, 2, 74, 5, 91, 62, 43, 68, 76, 97, 77, 88, 30, 53, 20, 58, 93, 24, 72, 49, 59, 38, 28, 92, 67, 9, 18, 17, 87, 12, 26, 71, 98, 95, 63, 21, 47, 27, 37, 96, 6, 78, 10, 32, 46, 48, 56, 29, 64, 60, 23, 7, 36, 34, 85, 52, 55, 61, 54, 89, 41, 66, 39, 33, 42, 86, 80, 75, 50, 70, 0, 35, 82, 4, 45, 90, 69, 65, 13, 25, 44]|[0, 0, 1, 0, 2, 0, 1, 1, 0, 1, 0, 1, 0, 1, 0, 1, 1, 0, 2, 2, 0, 0, 1, 1, 1, 2, 1, 0, 1, 0, 0, 2, 1, 2, 0, 2, 1, 2, 0, 0, 2, 1, 0, 1, 0, 0, 2, 0, 1, 2, 2, 1, 2, 1, 2, 2, 0, 2, 1, 0, 2, 1, 2, 1, 2, 2, 0, 0, 2, 2, 0, 0, 1, 0, 0, 1, 1, 1, 2, 1, 0, 1, 1, 1, 1, 1, 2, 2, 0, 0, 2, 1, 1, 0, 0, 0, 1, 2, 0, 0]|[2, 2, 2, 2, 2, 0, 1, 2, 1, 4, 1, 1, 2, 4, 0, 1, 1, 2, 0, 1, 1, 1, 0, 0, 3, 2, 2, 0, 0, 1, 1, 0, 4, 1, 0, 0, 3, 1, 2, 0, 1, 0, 0, 4, 1, 1, 1, 2, 3, 1, 2, 4, 1, 3, 1, 1, 2, 1, 0, 1, 1, 2, 1, 4, 2, 1, 0, 2, 1, 1, 1, 0, 4, 1, 2, 4, 1, 4, 1, 0, 0, 4, 1, 0, 4, 4, 1, 2, 1, 0, 1, 0, 4, 2, 0, 2, 4, 1, 1, 0]|[0, 0, 1, 1, 0, 0, 2, 2, 1, 0, 0, 0, 1, 0, 0, 1, 0, 1, 0, 0, 0, 0, 0, 1, 3, 1, 1, 0, 1, 0, 1, 0, 3, 0, 0, 0, 3, 0, 1, 0, 1, 3, 0, 0, 0, 0, 0, 1, 0, 1, 0, 2, 0, 1, 0, 0, 1, 0, 2, 0, 1, 2, 0, 0, 1, 0, 0, 0, 0, 0, 0, 0, 0, 0, 1, 3, 1, 3, 1, 1, 0, 3, 2, 1, 2, 0, 0, 0, 0, 0, 0, 2, 1, 0, 0, 1, 0, 0, 0, 1]
event=210:G3_TWC:action:mode=exploit,state=1,draw=0.6117205377661447,action=2
event=211:G3_TWC:tournament:reason=action2,left=12,right=13,selected=[51, 8, 83, 31, 94, 66, 33, 56, 24, 98, 58, 77, 52, 65, 22, 47, 19, 79, 39, 49, 99, 2, 84, 91, 62, 7, 53, 90, 40, 70, 43, 30, 68, 20, 5, 93, 57, 72, 16, 59, 38, 28, 92, 67, 9, 18, 17, 87, 12, 26, 71, 74, 95, 63, 21, 14, 27, 37, 96, 6, 78, 10, 32, 23, 55, 81, 29, 64, 60, 46, 88, 36, 34, 85, 73, 48, 61, 86, 97, 75, 1, 11, 80, 42, 54, 25, 41, 50, 89, 0, 35, 82, 76, 13, 15, 4, 44, 45, 3, 69]|[0, 0, 1, 1, 2, 2, 1, 2, 0, 2, 0, 2, 0, 2, 1, 1, 0, 1, 1, 1, 1, 0, 0, 0, 2, 1, 0, 1, 0, 1, 0, 1, 0, 2, 1, 2, 2, 2, 1, 2, 2, 1, 0, 1, 0, 0, 2, 1, 1, 0, 1, 2, 2, 1, 1, 1, 0, 2, 2, 1, 0, 1, 2, 0, 2, 2, 0, 0, 0, 0, 1, 1, 1, 1, 0, 2, 1, 1, 1, 0, 1, 1, 1, 0, 1, 2, 1, 1, 2, 2, 1, 1, 0, 2, 0, 0, 1, 1, 1, 0]|[2, 2, 0, 2, 0, 1, 1, 1, 1, 0, 2, 0, 2, 1, 2, 2, 1, 0, 4, 0, 1, 1, 1, 0, 1, 0, 2, 4, 1, 1, 1, 2, 2, 1, 2, 0, 1, 1, 2, 0, 1, 0, 0, 4, 1, 1, 1, 2, 3, 1, 1, 2, 1, 3, 2, 0, 2, 1, 2, 3, 2, 2, 1, 1, 2, 1, 0, 2, 0, 2, 1, 4, 4, 4, 2, 2, 1, 4, 1, 1, 1, 4, 4, 1, 4, 0, 0, 0, 1, 0, 2, 0, 0, 1, 1, 1, 1, 2, 4, 2]|[0, 0, 1, 1, 0, 0, 2, 0, 0, 0, 0, 0, 1, 1, 0, 0, 0, 1, 3, 1, 0, 0, 0, 0, 1, 3, 0, 3, 0, 1, 1, 2, 0, 0, 0, 0, 0, 0, 1, 0, 1, 3, 0, 0, 0, 0, 0, 2, 0, 0, 1, 0, 0, 1, 2, 1, 1, 0, 0, 3, 0, 2, 0, 0, 1, 0, 0, 0, 0, 0, 3, 0, 3, 0, 1, 1, 1, 0, 0, 0, 3, 2, 0, 0, 3, 0, 1, 1, 1, 0, 0, 2, 0, 0, 1, 1, 2, 1, 3, 0]
event=212:G3_TWC:leader:action=2,fingerprint=[51, 8, 83, 31, 94, 66, 33, 56, 24, 98, 58, 77, 52, 65, 22, 47, 19, 79, 39, 49, 99, 2, 84, 91, 62, 7, 53, 90, 40, 70, 43, 30, 68, 20, 5, 93, 57, 72, 16, 59, 38, 28, 92, 67, 9, 18, 17, 87, 12, 26, 71, 74, 95, 63, 21, 14, 27, 37, 96, 6, 78, 10, 32, 23, 55, 81, 29, 64, 60, 46, 88, 36, 34, 85, 73, 48, 61, 86, 97, 75, 1, 11, 80, 42, 54, 25, 41, 50, 89, 0, 35, 82, 76, 13, 15, 4, 44, 45, 3, 69]|[0, 0, 1, 1, 2, 2, 1, 2, 0, 2, 0, 2, 0, 2, 1, 1, 0, 1, 1, 1, 1, 0, 0, 0, 2, 1, 0, 1, 0, 1, 0, 1, 0, 2, 1, 2, 2, 2, 1, 2, 2, 1, 0, 1, 0, 0, 2, 1, 1, 0, 1, 2, 2, 1, 1, 1, 0, 2, 2, 1, 0, 1, 2, 0, 2, 2, 0, 0, 0, 0, 1, 1, 1, 1, 0, 2, 1, 1, 1, 0, 1, 1, 1, 0, 1, 2, 1, 1, 2, 2, 1, 1, 0, 2, 0, 0, 1, 1, 1, 0]|[2, 2, 0, 2, 0, 1, 1, 1, 1, 0, 2, 0, 2, 1, 2, 2, 1, 0, 4, 0, 1, 1, 1, 0, 1, 0, 2, 4, 1, 1, 1, 2, 2, 1, 2, 0, 1, 1, 2, 0, 1, 0, 0, 4, 1, 1, 1, 2, 3, 1, 1, 2, 1, 3, 2, 0, 2, 1, 2, 3, 2, 2, 1, 1, 2, 1, 0, 2, 0, 2, 1, 4, 4, 4, 2, 2, 1, 4, 1, 1, 1, 4, 4, 1, 4, 0, 0, 0, 1, 0, 2, 0, 0, 1, 1, 1, 1, 2, 4, 2]|[0, 0, 1, 1, 0, 0, 2, 0, 0, 0, 0, 0, 1, 1, 0, 0, 0, 1, 3, 1, 0, 0, 0, 0, 1, 3, 0, 3, 0, 1, 1, 2, 0, 0, 0, 0, 0, 0, 1, 0, 1, 3, 0, 0, 0, 0, 0, 2, 0, 0, 1, 0, 0, 1, 2, 1, 1, 0, 0, 3, 0, 2, 0, 0, 1, 0, 0, 0, 0, 0, 3, 0, 3, 0, 1, 1, 1, 0, 0, 0, 3, 2, 0, 0, 3, 0, 1, 1, 1, 0, 0, 2, 0, 0, 1, 1, 2, 1, 3, 0]
event=213:G1_CMAX:update:state=1,action=2,reward=-120.8505266820049,nextState=1,old=-309.61146892282704,new=-368.53970182026654
event=214:G2_TEC:update:state=1,action=0,reward=-766.2761038076351,nextState=1,old=7.507691848964896,new=-760.2699503284632
event=215:G3_TWC:update:state=1,action=2,reward=-12375.783278249786,nextState=1,old=-21756.91407709859,new=-29781.31453992866
event=216:G4_BALANCED:update:state=1,action=2,reward=-0.11424105613125027,nextState=1,old=-0.300247082687073,new=-0.35443872228090867
event=217:G1_CMAX:action:mode=exploit,state=1,draw=0.10081504990044554,action=0
event=218:G1_CMAX:leader:action=0,fingerprint=[51, 8, 83, 31, 94, 66, 33, 56, 24, 98, 58, 77, 52, 65, 22, 47, 19, 79, 39, 49, 99, 2, 84, 91, 62, 7, 53, 90, 40, 70, 43, 30, 41, 20, 78, 93, 57, 72, 16, 59, 38, 28, 92, 67, 9, 18, 17, 87, 12, 26, 71, 63, 95, 74, 21, 42, 27, 37, 96, 6, 5, 10, 32, 23, 55, 81, 29, 64, 60, 46, 88, 36, 34, 85, 68, 48, 61, 54, 89, 73, 11, 3, 15, 14, 86, 80, 35, 25, 45, 69, 97, 44, 0, 4, 50, 13, 1, 75, 76, 82]|[0, 0, 1, 0, 2, 0, 0, 1, 0, 2, 0, 1, 0, 2, 1, 0, 1, 1, 1, 1, 1, 0, 0, 0, 2, 1, 0, 1, 1, 2, 0, 1, 0, 0, 0, 2, 2, 2, 0, 2, 2, 1, 0, 1, 0, 0, 0, 2, 1, 2, 1, 2, 2, 2, 0, 0, 0, 2, 1, 1, 1, 1, 2, 0, 2, 2, 2, 1, 2, 0, 1, 2, 1, 0, 0, 2, 1, 1, 2, 0, 0, 1, 1, 1, 1, 1, 1, 2, 2, 0, 1, 1, 2, 0, 1, 2, 1, 0, 0, 0]|[2, 2, 0, 2, 0, 0, 1, 2, 1, 0, 2, 4, 2, 1, 2, 0, 2, 2, 4, 0, 1, 1, 1, 0, 1, 0, 2, 4, 1, 1, 1, 2, 1, 2, 2, 1, 1, 1, 2, 0, 1, 0, 0, 3, 1, 1, 2, 1, 3, 1, 1, 2, 1, 2, 2, 1, 2, 1, 0, 3, 2, 2, 1, 1, 2, 1, 1, 0, 2, 2, 1, 0, 4, 1, 2, 2, 1, 4, 1, 2, 0, 4, 1, 0, 4, 4, 0, 0, 0, 2, 1, 1, 0, 1, 0, 1, 4, 0, 0, 2]|[0, 0, 1, 1, 0, 0, 1, 0, 1, 0, 0, 1, 1, 1, 0, 1, 3, 1, 3, 1, 0, 0, 0, 0, 1, 3, 0, 0, 0, 0, 1, 2, 0, 0, 0, 0, 0, 0, 1, 0, 1, 0, 0, 3, 0, 0, 1, 0, 0, 1, 1, 0, 0, 0, 0, 0, 1, 0, 2, 3, 0, 2, 0, 0, 1, 0, 0, 3, 1, 0, 3, 0, 3, 0, 0, 1, 1, 3, 1, 1, 0, 3, 2, 1, 2, 0, 3, 0, 0, 0, 2, 2, 0, 1, 1, 0, 0, 0, 0, 1]
event=219:G4_BALANCED:action:mode=exploit,state=1,draw=0.5937671842449948,action=1
event=220:G4_BALANCED:leader:action=1,fingerprint=[51, 8, 83, 31, 94, 66, 33, 56, 24, 98, 58, 77, 52, 65, 22, 47, 19, 79, 39, 49, 99, 2, 84, 91, 62, 7, 53, 90, 40, 70, 43, 30, 41, 20, 78, 93, 57, 72, 16, 59, 38, 28, 92, 67, 9, 18, 17, 87, 12, 26, 71, 63, 95, 74, 21, 42, 27, 37, 96, 6, 5, 10, 32, 23, 55, 81, 29, 64, 60, 46, 88, 36, 34, 85, 68, 48, 61, 54, 89, 73, 11, 3, 15, 14, 86, 80, 35, 25, 45, 69, 97, 44, 0, 4, 50, 13, 1, 75, 76, 82]|[0, 0, 1, 0, 2, 0, 0, 1, 0, 2, 0, 1, 0, 2, 1, 0, 1, 1, 1, 1, 1, 0, 0, 0, 2, 1, 0, 1, 1, 2, 0, 1, 0, 0, 0, 2, 2, 2, 0, 2, 2, 1, 0, 1, 0, 0, 0, 2, 1, 2, 1, 2, 2, 2, 0, 0, 0, 2, 1, 1, 1, 1, 2, 0, 2, 2, 2, 1, 2, 0, 1, 2, 1, 0, 0, 2, 1, 1, 2, 0, 0, 1, 1, 1, 1, 1, 1, 2, 2, 0, 1, 1, 2, 0, 1, 2, 1, 0, 0, 0]|[2, 2, 0, 2, 0, 0, 1, 2, 1, 0, 2, 4, 2, 1, 2, 0, 2, 2, 4, 0, 1, 1, 1, 0, 1, 0, 2, 4, 1, 1, 1, 2, 1, 2, 2, 1, 1, 1, 2, 0, 1, 0, 0, 3, 1, 1, 2, 1, 3, 1, 1, 2, 1, 2, 2, 1, 2, 1, 0, 3, 2, 2, 1, 1, 2, 1, 1, 0, 2, 2, 1, 0, 4, 1, 2, 2, 1, 4, 1, 2, 0, 4, 1, 0, 4, 4, 0, 0, 0, 2, 1, 1, 0, 1, 0, 1, 4, 0, 0, 2]|[0, 0, 1, 1, 0, 0, 1, 0, 1, 0, 0, 1, 1, 1, 0, 1, 3, 1, 3, 1, 0, 0, 0, 0, 1, 3, 0, 0, 0, 0, 1, 2, 0, 0, 0, 0, 0, 0, 1, 0, 1, 0, 0, 3, 0, 0, 1, 0, 0, 1, 1, 0, 0, 0, 0, 0, 1, 0, 2, 3, 0, 2, 0, 0, 1, 0, 0, 3, 1, 0, 3, 0, 3, 0, 0, 1, 1, 3, 1, 1, 0, 3, 2, 1, 2, 0, 3, 0, 0, 0, 2, 2, 0, 1, 1, 0, 0, 0, 0, 1]
event=221:G2_TEC:action:mode=exploit,state=1,draw=0.589044146206039,action=0
event=222:G2_TEC:leader:action=0,fingerprint=[51, 8, 83, 31, 94, 11, 15, 22, 57, 19, 84, 40, 73, 1, 81, 14, 99, 16, 3, 79, 2, 74, 5, 91, 62, 43, 68, 76, 97, 77, 88, 30, 53, 20, 58, 93, 24, 72, 49, 59, 38, 28, 92, 67, 9, 18, 17, 87, 12, 26, 71, 98, 95, 63, 21, 47, 27, 37, 96, 6, 78, 10, 32, 46, 48, 56, 29, 64, 60, 23, 7, 36, 34, 85, 52, 55, 61, 54, 89, 41, 66, 39, 33, 42, 86, 80, 75, 50, 70, 0, 35, 82, 4, 45, 90, 69, 65, 13, 25, 44]|[0, 0, 1, 0, 2, 0, 1, 1, 0, 1, 0, 1, 0, 1, 0, 1, 1, 0, 2, 2, 0, 0, 1, 1, 1, 2, 1, 0, 1, 0, 0, 2, 1, 2, 0, 2, 1, 2, 0, 0, 2, 1, 0, 1, 0, 0, 2, 0, 1, 2, 2, 1, 2, 1, 2, 2, 0, 2, 1, 0, 2, 1, 2, 1, 2, 2, 0, 0, 2, 2, 0, 0, 1, 0, 0, 1, 1, 1, 2, 1, 0, 1, 1, 1, 1, 1, 2, 2, 0, 0, 2, 1, 1, 0, 0, 0, 1, 2, 0, 0]|[2, 2, 2, 2, 2, 0, 1, 2, 1, 4, 1, 1, 2, 4, 0, 1, 1, 2, 0, 1, 1, 1, 0, 0, 3, 2, 2, 0, 0, 1, 1, 0, 4, 1, 0, 0, 3, 1, 2, 0, 1, 0, 0, 4, 1, 1, 1, 2, 3, 1, 2, 4, 1, 3, 1, 1, 2, 1, 0, 1, 1, 2, 1, 4, 2, 1, 0, 2, 1, 1, 1, 0, 4, 1, 2, 4, 1, 4, 1, 0, 0, 4, 1, 0, 4, 4, 1, 2, 1, 0, 1, 0, 4, 2, 0, 2, 4, 1, 1, 0]|[0, 0, 1, 1, 0, 0, 2, 2, 1, 0, 0, 0, 1, 0, 0, 1, 0, 1, 0, 0, 0, 0, 0, 1, 3, 1, 1, 0, 1, 0, 1, 0, 3, 0, 0, 0, 3, 0, 1, 0, 1, 3, 0, 0, 0, 0, 0, 1, 0, 1, 0, 2, 0, 1, 0, 0, 1, 0, 2, 0, 1, 2, 0, 0, 1, 0, 0, 0, 0, 0, 0, 0, 0, 0, 1, 3, 1, 3, 1, 1, 0, 3, 2, 1, 2, 0, 0, 0, 0, 0, 0, 2, 1, 0, 0, 1, 0, 0, 0, 1]
event=223:G3_TWC:action:mode=exploit,state=1,draw=0.37775241647899827,action=1
event=224:G3_TWC:leader:action=1,fingerprint=[51, 8, 83, 31, 94, 66, 33, 56, 24, 98, 58, 77, 52, 65, 22, 47, 19, 79, 39, 49, 99, 2, 84, 91, 62, 7, 53, 90, 40, 70, 43, 30, 41, 20, 78, 93, 57, 72, 16, 59, 38, 28, 92, 67, 9, 18, 17, 87, 12, 26, 71, 63, 95, 74, 21, 42, 27, 37, 96, 6, 5, 10, 32, 23, 55, 81, 29, 64, 60, 46, 88, 36, 34, 85, 68, 48, 61, 54, 89, 73, 11, 3, 15, 14, 86, 80, 35, 25, 45, 69, 97, 44, 0, 4, 50, 13, 1, 75, 76, 82]|[0, 0, 1, 0, 2, 0, 0, 1, 0, 2, 0, 1, 0, 2, 1, 0, 1, 1, 1, 1, 1, 0, 0, 0, 2, 1, 0, 1, 1, 2, 0, 1, 0, 0, 0, 2, 2, 2, 0, 2, 2, 1, 0, 1, 0, 0, 0, 2, 1, 2, 1, 2, 2, 2, 0, 0, 0, 2, 1, 1, 1, 1, 2, 0, 2, 2, 2, 1, 2, 0, 1, 2, 1, 0, 0, 2, 1, 1, 2, 0, 0, 1, 1, 1, 1, 1, 1, 2, 2, 0, 1, 1, 2, 0, 1, 2, 1, 0, 0, 0]|[2, 2, 0, 2, 0, 0, 1, 2, 1, 0, 2, 4, 2, 1, 2, 0, 2, 2, 4, 0, 1, 1, 1, 0, 1, 0, 2, 4, 1, 1, 1, 2, 1, 2, 2, 1, 1, 1, 2, 0, 1, 0, 0, 3, 1, 1, 2, 1, 3, 1, 1, 2, 1, 2, 2, 1, 2, 1, 0, 3, 2, 2, 1, 1, 2, 1, 1, 0, 2, 2, 1, 0, 4, 1, 2, 2, 1, 4, 1, 2, 0, 4, 1, 0, 4, 4, 0, 0, 0, 2, 1, 1, 0, 1, 0, 1, 4, 0, 0, 2]|[0, 0, 1, 1, 0, 0, 1, 0, 1, 0, 0, 1, 1, 1, 0, 1, 3, 1, 3, 1, 0, 0, 0, 0, 1, 3, 0, 0, 0, 0, 1, 2, 0, 0, 0, 0, 0, 0, 1, 0, 1, 0, 0, 3, 0, 0, 1, 0, 0, 1, 1, 0, 0, 0, 0, 0, 1, 0, 2, 3, 0, 2, 0, 0, 1, 0, 0, 3, 1, 0, 3, 0, 3, 0, 0, 1, 1, 3, 1, 1, 0, 3, 2, 1, 2, 0, 3, 0, 0, 0, 2, 2, 0, 1, 1, 0, 0, 0, 0, 1]
event=225:G1_CMAX:update:state=1,action=0,reward=-85.9975085588153,nextState=1,old=-333.17133018259466,new=-352.53457270489105
event=226:G2_TEC:update:state=1,action=0,reward=-634.4286850270437,nextState=1,old=-760.2699503284632,new=-1242.6446452898144
event=227:G3_TWC:update:state=1,action=1,reward=-9473.355279380834,nextState=1,old=-23941.89397252006,new=-28626.870457396883
event=228:G4_BALANCED:update:state=1,action=1,reward=-0.10180255783007844,nextState=1,old=-0.3055454000891201,new=-0.34623887790137453
event=229:G1_CMAX:action:mode=exploit,state=1,draw=0.468289085645495,action=1
event=230:G1_CMAX:leader:action=1,fingerprint=[51, 8, 83, 31, 94, 66, 33, 56, 24, 98, 58, 77, 52, 65, 22, 47, 19, 79, 39, 49, 99, 2, 84, 91, 62, 7, 53, 90, 40, 70, 43, 30, 41, 20, 78, 93, 57, 72, 16, 59, 38, 28, 92, 67, 9, 18, 17, 87, 12, 26, 71, 63, 95, 74, 21, 42, 27, 37, 96, 6, 5, 10, 32, 23, 55, 81, 29, 64, 60, 46, 88, 36, 34, 85, 68, 1, 69, 86, 89, 61, 11, 3, 15, 14, 54, 80, 75, 50, 97, 25, 35, 76, 0, 13, 45, 4, 44, 73, 82, 48]|[2, 0, 1, 0, 2, 0, 0, 2, 0, 2, 0, 1, 0, 1, 0, 0, 1, 1, 2, 1, 1, 0, 0, 0, 2, 0, 0, 1, 1, 2, 0, 1, 1, 0, 0, 2, 2, 2, 0, 2, 2, 1, 0, 1, 0, 1, 0, 2, 1, 2, 2, 0, 2, 2, 2, 0, 0, 2, 1, 1, 1, 1, 2, 0, 2, 0, 2, 0, 2, 0, 1, 2, 1, 0, 0, 1, 0, 1, 1, 1, 0, 1, 1, 1, 1, 1, 0, 1, 1, 2, 2, 1, 0, 2, 1, 0, 1, 0, 1, 0]|[2, 2, 2, 2, 0, 0, 1, 1, 1, 0, 2, 4, 2, 1, 0, 0, 0, 0, 1, 0, 1, 1, 1, 0, 1, 1, 2, 4, 1, 1, 1, 2, 0, 2, 2, 0, 1, 1, 2, 0, 1, 0, 0, 4, 1, 2, 2, 1, 1, 1, 2, 0, 1, 2, 1, 1, 2, 1, 0, 3, 0, 2, 1, 0, 2, 2, 1, 2, 2, 2, 1, 0, 4, 1, 2, 4, 2, 4, 2, 1, 0, 4, 1, 0, 4, 4, 1, 0, 1, 2, 1, 4, 0, 1, 2, 1, 1, 2, 0, 0]|[0, 0, 0, 1, 0, 0, 1, 0, 1, 0, 0, 1, 1, 3, 0, 1, 1, 1, 0, 1, 0, 0, 0, 0, 1, 1, 0, 0, 0, 0, 1, 2, 1, 0, 0, 0, 0, 0, 1, 0, 1, 0, 0, 0, 0, 2, 1, 0, 2, 1, 0, 0, 0, 0, 0, 0, 1, 0, 2, 3, 0, 2, 0, 1, 1, 0, 0, 0, 1, 0, 3, 0, 3, 0, 0, 0, 0, 2, 0, 1, 0, 3, 2, 1, 3, 0, 0, 1, 2, 1, 0, 0, 0, 0, 1, 1, 2, 1, 2, 0]
event=231:G4_BALANCED:action:mode=exploit,state=1,draw=0.27947666514679737,action=1
event=232:G4_BALANCED:leader:action=1,fingerprint=[51, 8, 83, 31, 94, 66, 33, 56, 24, 98, 58, 77, 52, 65, 22, 47, 19, 79, 39, 49, 99, 2, 84, 91, 62, 7, 53, 90, 40, 70, 43, 30, 41, 20, 78, 93, 57, 72, 16, 59, 38, 28, 92, 67, 9, 18, 17, 87, 12, 26, 71, 63, 95, 74, 21, 42, 27, 37, 96, 6, 5, 10, 32, 23, 55, 81, 29, 64, 60, 46, 88, 36, 34, 85, 68, 1, 69, 86, 89, 61, 11, 3, 15, 14, 54, 80, 75, 50, 97, 25, 35, 76, 0, 13, 45, 4, 44, 73, 82, 48]|[2, 0, 1, 0, 2, 0, 0, 2, 0, 2, 0, 1, 0, 1, 0, 0, 1, 1, 2, 1, 1, 0, 0, 0, 2, 0, 0, 1, 1, 2, 0, 1, 1, 0, 0, 2, 2, 2, 0, 2, 2, 1, 0, 1, 0, 1, 0, 2, 1, 2, 2, 0, 2, 2, 2, 0, 0, 2, 1, 1, 1, 1, 2, 0, 2, 0, 2, 0, 2, 0, 1, 2, 1, 0, 0, 1, 0, 1, 1, 1, 0, 1, 1, 1, 1, 1, 0, 1, 1, 2, 2, 1, 0, 2, 1, 0, 1, 0, 1, 0]|[2, 2, 2, 2, 0, 0, 1, 1, 1, 0, 2, 4, 2, 1, 0, 0, 0, 0, 1, 0, 1, 1, 1, 0, 1, 1, 2, 4, 1, 1, 1, 2, 0, 2, 2, 0, 1, 1, 2, 0, 1, 0, 0, 4, 1, 2, 2, 1, 1, 1, 2, 0, 1, 2, 1, 1, 2, 1, 0, 3, 0, 2, 1, 0, 2, 2, 1, 2, 2, 2, 1, 0, 4, 1, 2, 4, 2, 4, 2, 1, 0, 4, 1, 0, 4, 4, 1, 0, 1, 2, 1, 4, 0, 1, 2, 1, 1, 2, 0, 0]|[0, 0, 0, 1, 0, 0, 1, 0, 1, 0, 0, 1, 1, 3, 0, 1, 1, 1, 0, 1, 0, 0, 0, 0, 1, 1, 0, 0, 0, 0, 1, 2, 1, 0, 0, 0, 0, 0, 1, 0, 1, 0, 0, 0, 0, 2, 1, 0, 2, 1, 0, 0, 0, 0, 0, 0, 1, 0, 2, 3, 0, 2, 0, 1, 1, 0, 0, 0, 1, 0, 3, 0, 3, 0, 0, 0, 0, 2, 0, 1, 0, 3, 2, 1, 3, 0, 0, 1, 2, 1, 0, 0, 0, 0, 1, 1, 2, 1, 2, 0]
event=233:G2_TEC:action:mode=exploit,state=1,draw=0.10107760714107461,action=0
event=234:G2_TEC:leader:action=0,fingerprint=[51, 8, 83, 31, 94, 11, 15, 22, 57, 19, 84, 40, 73, 1, 81, 14, 99, 16, 3, 79, 2, 74, 5, 91, 62, 43, 68, 76, 97, 77, 88, 30, 53, 20, 58, 93, 24, 72, 49, 59, 38, 28, 92, 67, 9, 18, 17, 87, 12, 26, 71, 98, 95, 63, 21, 47, 27, 37, 96, 6, 78, 10, 32, 46, 48, 56, 29, 64, 60, 23, 7, 36, 34, 85, 52, 55, 61, 54, 89, 41, 66, 39, 33, 42, 86, 80, 75, 50, 70, 0, 35, 82, 4, 45, 90, 69, 65, 13, 25, 44]|[0, 0, 1, 0, 2, 0, 1, 1, 0, 1, 0, 1, 0, 1, 0, 1, 1, 0, 2, 2, 0, 0, 1, 1, 1, 2, 1, 0, 1, 0, 0, 2, 1, 2, 0, 2, 1, 2, 0, 0, 2, 1, 0, 1, 0, 0, 2, 0, 1, 2, 2, 1, 2, 1, 2, 2, 0, 2, 1, 0, 2, 1, 2, 1, 2, 2, 0, 0, 2, 2, 0, 0, 1, 0, 0, 1, 1, 1, 2, 1, 0, 1, 1, 1, 1, 1, 2, 2, 0, 0, 2, 1, 1, 0, 0, 0, 1, 2, 0, 0]|[2, 2, 2, 2, 2, 0, 1, 2, 1, 4, 1, 1, 2, 4, 0, 1, 1, 2, 0, 1, 1, 1, 0, 0, 3, 2, 2, 0, 0, 1, 1, 0, 4, 1, 0, 0, 3, 1, 2, 0, 1, 0, 0, 4, 1, 1, 1, 2, 3, 1, 2, 4, 1, 3, 1, 1, 2, 1, 0, 1, 1, 2, 1, 4, 2, 1, 0, 2, 1, 1, 1, 0, 4, 1, 2, 4, 1, 4, 1, 0, 0, 4, 1, 0, 4, 4, 1, 2, 1, 0, 1, 0, 4, 2, 0, 2, 4, 1, 1, 0]|[0, 0, 1, 1, 0, 0, 2, 2, 1, 0, 0, 0, 1, 0, 0, 1, 0, 1, 0, 0, 0, 0, 0, 1, 3, 1, 1, 0, 1, 0, 1, 0, 3, 0, 0, 0, 3, 0, 1, 0, 1, 3, 0, 0, 0, 0, 0, 1, 0, 1, 0, 2, 0, 1, 0, 0, 1, 0, 2, 0, 1, 2, 0, 0, 1, 0, 0, 0, 0, 0, 0, 0, 0, 0, 1, 3, 1, 3, 1, 1, 0, 3, 2, 1, 2, 0, 0, 0, 0, 0, 0, 2, 1, 0, 0, 1, 0, 0, 0, 1]
event=235:G3_TWC:action:mode=exploit,state=1,draw=0.6981659055266817,action=0
event=236:G3_TWC:leader:action=0,fingerprint=[51, 8, 83, 31, 94, 66, 33, 56, 24, 98, 58, 77, 52, 65, 22, 47, 19, 79, 39, 49, 99, 2, 84, 91, 62, 7, 53, 90, 40, 70, 43, 30, 41, 20, 78, 93, 57, 72, 16, 59, 38, 28, 92, 67, 9, 18, 17, 87, 12, 26, 71, 63, 95, 74, 21, 42, 27, 37, 96, 6, 5, 10, 32, 23, 55, 81, 29, 64, 60, 46, 88, 36, 34, 85, 68, 1, 69, 86, 89, 61, 11, 3, 15, 14, 54, 80, 75, 50, 97, 25, 35, 76, 0, 13, 45, 4, 44, 73, 82, 48]|[2, 0, 1, 0, 2, 0, 0, 2, 0, 2, 0, 1, 0, 1, 0, 0, 1, 1, 2, 1, 1, 0, 0, 0, 2, 0, 0, 1, 1, 2, 0, 1, 1, 0, 0, 2, 2, 2, 0, 2, 2, 1, 0, 1, 0, 1, 0, 2, 1, 2, 2, 0, 2, 2, 2, 0, 0, 2, 1, 1, 1, 1, 2, 0, 2, 0, 2, 0, 2, 0, 1, 2, 1, 0, 0, 1, 0, 1, 1, 1, 0, 1, 1, 1, 1, 1, 0, 1, 1, 2, 2, 1, 0, 2, 1, 0, 1, 0, 1, 0]|[2, 2, 2, 2, 0, 0, 1, 1, 1, 0, 2, 4, 2, 1, 0, 0, 0, 0, 1, 0, 1, 1, 1, 0, 1, 1, 2, 4, 1, 1, 1, 2, 0, 2, 2, 0, 1, 1, 2, 0, 1, 0, 0, 4, 1, 2, 2, 1, 1, 1, 2, 0, 1, 2, 1, 1, 2, 1, 0, 3, 0, 2, 1, 0, 2, 2, 1, 2, 2, 2, 1, 0, 4, 1, 2, 4, 2, 4, 2, 1, 0, 4, 1, 0, 4, 4, 1, 0, 1, 2, 1, 4, 0, 1, 2, 1, 1, 2, 0, 0]|[0, 0, 0, 1, 0, 0, 1, 0, 1, 0, 0, 1, 1, 3, 0, 1, 1, 1, 0, 1, 0, 0, 0, 0, 1, 1, 0, 0, 0, 0, 1, 2, 1, 0, 0, 0, 0, 0, 1, 0, 1, 0, 0, 0, 0, 2, 1, 0, 2, 1, 0, 0, 0, 0, 0, 0, 1, 0, 2, 3, 0, 2, 0, 1, 1, 0, 0, 0, 1, 0, 3, 0, 3, 0, 0, 0, 0, 2, 0, 1, 0, 3, 2, 1, 3, 0, 0, 1, 2, 1, 0, 0, 0, 0, 1, 1, 2, 1, 2, 0]
event=237:G1_CMAX:update:state=1,action=1,reward=-81.61435725424406,nextState=1,old=-347.16453834912784,new=-359.3459879335463
event=238:G2_TEC:update:state=1,action=0,reward=-250.444892440064,nextState=1,old=-1242.6446452898144,new=-1244.5606086719156
event=239:G3_TWC:update:state=1,action=0,reward=-9662.916194687918,nextState=1,old=-25999.372880698444,new=-30462.414499246675
event=240:G4_BALANCED:update:state=1,action=1,reward=-0.10104876218828954,nextState=1,old=-0.34623887790137453,new=-0.3780398645093892
event=241:G1_CMAX:action:mode=exploit,state=1,draw=0.14203739025003326,action=0
event=242:G1_CMAX:leader:action=0,fingerprint=[51, 8, 83, 31, 94, 66, 33, 56, 24, 98, 58, 77, 52, 65, 22, 47, 19, 79, 39, 49, 99, 2, 84, 91, 62, 7, 53, 90, 40, 70, 43, 30, 41, 20, 78, 93, 57, 72, 16, 59, 38, 28, 92, 67, 9, 18, 17, 87, 12, 26, 71, 63, 95, 74, 21, 42, 27, 37, 96, 6, 5, 10, 32, 23, 55, 81, 29, 64, 60, 46, 88, 36, 34, 85, 68, 1, 69, 86, 89, 61, 11, 3, 15, 14, 54, 80, 75, 50, 97, 25, 35, 76, 0, 13, 45, 4, 44, 73, 82, 48]|[2, 0, 1, 0, 2, 0, 0, 2, 0, 2, 0, 1, 0, 1, 0, 0, 1, 1, 2, 1, 1, 0, 0, 0, 2, 0, 0, 1, 1, 2, 0, 1, 1, 0, 0, 2, 2, 2, 0, 2, 2, 1, 0, 1, 0, 1, 0, 2, 1, 2, 2, 0, 2, 2, 2, 0, 0, 2, 1, 1, 1, 1, 2, 0, 2, 0, 2, 0, 2, 0, 1, 2, 1, 0, 0, 1, 0, 1, 1, 1, 0, 1, 1, 1, 1, 1, 0, 1, 1, 2, 2, 1, 0, 2, 1, 0, 1, 0, 1, 0]|[2, 2, 2, 2, 0, 0, 1, 1, 1, 0, 2, 4, 2, 1, 0, 0, 0, 0, 1, 0, 1, 1, 1, 0, 1, 1, 2, 4, 1, 1, 1, 2, 0, 2, 2, 0, 1, 1, 2, 0, 1, 0, 0, 4, 1, 2, 2, 1, 1, 1, 2, 0, 1, 2, 1, 1, 2, 1, 0, 3, 0, 2, 1, 0, 2, 2, 1, 2, 2, 2, 1, 0, 4, 1, 2, 4, 2, 4, 2, 1, 0, 4, 1, 0, 4, 4, 1, 0, 1, 2, 1, 4, 0, 1, 2, 1, 1, 2, 0, 0]|[0, 0, 0, 1, 0, 0, 1, 0, 1, 0, 0, 1, 1, 3, 0, 1, 1, 1, 0, 1, 0, 0, 0, 0, 1, 1, 0, 0, 0, 0, 1, 2, 1, 0, 0, 0, 0, 0, 1, 0, 1, 0, 0, 0, 0, 2, 1, 0, 2, 1, 0, 0, 0, 0, 0, 0, 1, 0, 2, 3, 0, 2, 0, 1, 1, 0, 0, 0, 1, 0, 3, 0, 3, 0, 0, 0, 0, 2, 0, 1, 0, 3, 2, 1, 3, 0, 0, 1, 2, 1, 0, 0, 0, 0, 1, 1, 2, 1, 2, 0]
event=243:G4_BALANCED:action:mode=exploit,state=1,draw=0.6553569372930098,action=2
event=244:G4_BALANCED:tournament:reason=action2,left=9,right=8,selected=[51, 8, 83, 31, 98, 11, 15, 22, 57, 19, 84, 40, 73, 1, 81, 14, 99, 16, 3, 79, 2, 74, 5, 91, 62, 43, 68, 76, 97, 77, 88, 30, 53, 20, 58, 93, 24, 72, 49, 59, 38, 28, 92, 67, 9, 18, 17, 87, 12, 26, 71, 94, 95, 63, 21, 47, 27, 37, 96, 6, 78, 10, 32, 23, 55, 56, 29, 64, 60, 36, 70, 66, 54, 4, 44, 48, 42, 34, 89, 52, 46, 39, 33, 61, 86, 80, 35, 25, 45, 85, 7, 41, 0, 69, 50, 13, 65, 75, 90, 82]|[2, 0, 0, 0, 2, 1, 0, 1, 0, 1, 2, 1, 0, 1, 2, 1, 1, 1, 0, 1, 0, 0, 1, 0, 1, 0, 0, 1, 1, 2, 0, 2, 0, 1, 0, 2, 1, 0, 0, 0, 2, 1, 0, 1, 0, 1, 0, 0, 1, 0, 2, 2, 2, 1, 0, 0, 0, 2, 1, 1, 0, 2, 2, 0, 0, 1, 2, 1, 2, 1, 2, 1, 1, 1, 1, 0, 0, 1, 1, 0, 1, 2, 2, 1, 0, 1, 1, 1, 2, 1, 2, 1, 2, 0, 2, 1, 2, 2, 1, 1]|[2, 2, 2, 2, 0, 4, 1, 2, 1, 2, 2, 4, 2, 1, 1, 1, 1, 2, 0, 0, 1, 1, 0, 0, 3, 1, 2, 4, 1, 1, 1, 0, 2, 0, 2, 0, 3, 0, 2, 0, 1, 2, 0, 0, 1, 2, 2, 2, 1, 1, 2, 2, 1, 3, 1, 0, 2, 1, 0, 3, 2, 0, 1, 1, 0, 2, 1, 1, 2, 4, 1, 0, 4, 1, 1, 1, 1, 4, 2, 2, 4, 2, 1, 1, 1, 4, 3, 0, 1, 0, 1, 1, 0, 0, 2, 4, 1, 1, 4, 0]|[0, 0, 1, 1, 0, 2, 0, 0, 1, 3, 0, 1, 1, 3, 0, 1, 0, 1, 0, 1, 0, 0, 0, 0, 3, 1, 0, 3, 0, 0, 1, 0, 1, 1, 0, 0, 3, 0, 1, 0, 1, 0, 0, 1, 0, 2, 1, 1, 2, 0, 0, 0, 0, 1, 0, 1, 1, 0, 2, 3, 0, 0, 0, 0, 0, 0, 0, 1, 1, 0, 0, 1, 3, 1, 2, 0, 0, 3, 0, 1, 0, 0, 1, 1, 0, 0, 0, 1, 0, 1, 0, 2, 0, 0, 0, 3, 1, 0, 3, 2]
event=245:G4_BALANCED:leader:action=2,fingerprint=[51, 8, 83, 31, 98, 11, 15, 22, 57, 19, 84, 40, 73, 1, 81, 14, 99, 16, 3, 79, 2, 74, 5, 91, 62, 43, 68, 76, 97, 77, 88, 30, 53, 20, 58, 93, 24, 72, 49, 59, 38, 28, 92, 67, 9, 18, 17, 87, 12, 26, 71, 94, 95, 63, 21, 47, 27, 37, 96, 6, 78, 10, 32, 23, 55, 56, 29, 64, 60, 36, 70, 66, 54, 4, 44, 48, 42, 34, 89, 52, 46, 39, 33, 61, 86, 80, 35, 25, 45, 85, 7, 41, 0, 69, 50, 13, 65, 75, 90, 82]|[2, 0, 0, 0, 2, 1, 0, 1, 0, 1, 2, 1, 0, 1, 2, 1, 1, 1, 0, 1, 0, 0, 1, 0, 1, 0, 0, 1, 1, 2, 0, 2, 0, 1, 0, 2, 1, 0, 0, 0, 2, 1, 0, 1, 0, 1, 0, 0, 1, 0, 2, 2, 2, 1, 0, 0, 0, 2, 1, 1, 0, 2, 2, 0, 0, 1, 2, 1, 2, 1, 2, 1, 1, 1, 1, 0, 0, 1, 1, 0, 1, 2, 2, 1, 0, 1, 1, 1, 2, 1, 2, 1, 2, 0, 2, 1, 2, 2, 1, 1]|[2, 2, 2, 2, 0, 4, 1, 2, 1, 2, 2, 4, 2, 1, 1, 1, 1, 2, 0, 0, 1, 1, 0, 0, 3, 1, 2, 4, 1, 1, 1, 0, 2, 0, 2, 0, 3, 0, 2, 0, 1, 2, 0, 0, 1, 2, 2, 2, 1, 1, 2, 2, 1, 3, 1, 0, 2, 1, 0, 3, 2, 0, 1, 1, 0, 2, 1, 1, 2, 4, 1, 0, 4, 1, 1, 1, 1, 4, 2, 2, 4, 2, 1, 1, 1, 4, 3, 0, 1, 0, 1, 1, 0, 0, 2, 4, 1, 1, 4, 0]|[0, 0, 1, 1, 0, 2, 0, 0, 1, 3, 0, 1, 1, 3, 0, 1, 0, 1, 0, 1, 0, 0, 0, 0, 3, 1, 0, 3, 0, 0, 1, 0, 1, 1, 0, 0, 3, 0, 1, 0, 1, 0, 0, 1, 0, 2, 1, 1, 2, 0, 0, 0, 0, 1, 0, 1, 1, 0, 2, 3, 0, 0, 0, 0, 0, 0, 0, 1, 1, 0, 0, 1, 3, 1, 2, 0, 0, 3, 0, 1, 0, 0, 1, 1, 0, 0, 0, 1, 0, 1, 0, 2, 0, 0, 0, 3, 1, 0, 3, 2]
event=246:G2_TEC:action:mode=explore,state=1,draw=0.8543302746076845,action=1
event=247:G2_TEC:leader:action=1,fingerprint=[51, 8, 83, 31, 94, 11, 15, 22, 57, 19, 84, 40, 73, 1, 81, 14, 99, 16, 3, 79, 2, 74, 5, 91, 62, 43, 68, 76, 97, 77, 88, 30, 53, 20, 58, 93, 24, 72, 49, 59, 38, 28, 92, 67, 9, 18, 17, 87, 12, 26, 71, 98, 95, 63, 21, 47, 27, 37, 96, 6, 78, 10, 32, 46, 48, 56, 29, 64, 60, 23, 7, 36, 34, 85, 52, 55, 61, 54, 89, 41, 66, 39, 33, 42, 86, 80, 75, 50, 70, 0, 35, 82, 4, 45, 90, 69, 65, 13, 25, 44]|[0, 0, 1, 0, 2, 0, 1, 1, 0, 1, 0, 1, 0, 1, 0, 1, 1, 0, 2, 2, 0, 0, 1, 1, 1, 2, 1, 0, 1, 0, 0, 2, 1, 2, 0, 2, 1, 2, 0, 0, 2, 1, 0, 1, 0, 0, 2, 0, 1, 2, 2, 1, 2, 1, 2, 2, 0, 2, 1, 0, 2, 1, 2, 1, 2, 2, 0, 0, 2, 2, 0, 0, 1, 0, 0, 1, 1, 1, 2, 1, 0, 1, 1, 1, 1, 1, 2, 2, 0, 0, 2, 1, 1, 0, 0, 0, 1, 2, 0, 0]|[2, 2, 2, 2, 2, 0, 1, 2, 1, 4, 1, 1, 2, 4, 0, 1, 1, 2, 0, 1, 1, 1, 0, 0, 3, 2, 2, 0, 0, 1, 1, 0, 4, 1, 0, 0, 3, 1, 2, 0, 1, 0, 0, 4, 1, 1, 1, 2, 3, 1, 2, 4, 1, 3, 1, 1, 2, 1, 0, 1, 1, 2, 1, 4, 2, 1, 0, 2, 1, 1, 1, 0, 4, 1, 2, 4, 1, 4, 1, 0, 0, 4, 1, 0, 4, 4, 1, 2, 1, 0, 1, 0, 4, 2, 0, 2, 4, 1, 1, 0]|[0, 0, 1, 1, 0, 0, 2, 2, 1, 0, 0, 0, 1, 0, 0, 1, 0, 1, 0, 0, 0, 0, 0, 1, 3, 1, 1, 0, 1, 0, 1, 0, 3, 0, 0, 0, 3, 0, 1, 0, 1, 3, 0, 0, 0, 0, 0, 1, 0, 1, 0, 2, 0, 1, 0, 0, 1, 0, 2, 0, 1, 2, 0, 0, 1, 0, 0, 0, 0, 0, 0, 0, 0, 0, 1, 3, 1, 3, 1, 1, 0, 3, 2, 1, 2, 0, 0, 0, 0, 0, 0, 2, 1, 0, 0, 1, 0, 0, 0, 1]
event=248:G3_TWC:action:mode=exploit,state=1,draw=0.4723233643890613,action=1
event=249:G3_TWC:leader:action=1,fingerprint=[51, 8, 83, 31, 94, 66, 33, 56, 24, 98, 58, 77, 52, 65, 22, 47, 19, 79, 39, 49, 99, 2, 84, 91, 62, 7, 53, 90, 40, 70, 43, 30, 41, 20, 78, 93, 57, 72, 16, 59, 38, 28, 92, 67, 9, 18, 17, 87, 12, 26, 71, 63, 95, 74, 21, 42, 27, 37, 96, 6, 5, 10, 32, 23, 55, 81, 29, 64, 60, 46, 88, 36, 34, 85, 68, 1, 69, 86, 89, 61, 11, 3, 15, 14, 54, 80, 75, 50, 97, 25, 35, 76, 0, 13, 45, 4, 44, 73, 82, 48]|[2, 0, 1, 0, 2, 0, 0, 2, 0, 2, 0, 1, 0, 1, 0, 0, 1, 1, 2, 1, 1, 0, 0, 0, 2, 0, 0, 1, 1, 2, 0, 1, 1, 0, 0, 2, 2, 2, 0, 2, 2, 1, 0, 1, 0, 1, 0, 2, 1, 2, 2, 0, 2, 2, 2, 0, 0, 2, 1, 1, 1, 1, 2, 0, 2, 0, 2, 0, 2, 0, 1, 2, 1, 0, 0, 1, 0, 1, 1, 1, 0, 1, 1, 1, 1, 1, 0, 1, 1, 2, 2, 1, 0, 2, 1, 0, 1, 0, 1, 0]|[2, 2, 2, 2, 0, 0, 1, 1, 1, 0, 2, 4, 2, 1, 0, 0, 0, 0, 1, 0, 1, 1, 1, 0, 1, 1, 2, 4, 1, 1, 1, 2, 0, 2, 2, 0, 1, 1, 2, 0, 1, 0, 0, 4, 1, 2, 2, 1, 1, 1, 2, 0, 1, 2, 1, 1, 2, 1, 0, 3, 0, 2, 1, 0, 2, 2, 1, 2, 2, 2, 1, 0, 4, 1, 2, 4, 2, 4, 2, 1, 0, 4, 1, 0, 4, 4, 1, 0, 1, 2, 1, 4, 0, 1, 2, 1, 1, 2, 0, 0]|[0, 0, 0, 1, 0, 0, 1, 0, 1, 0, 0, 1, 1, 3, 0, 1, 1, 1, 0, 1, 0, 0, 0, 0, 1, 1, 0, 0, 0, 0, 1, 2, 1, 0, 0, 0, 0, 0, 1, 0, 1, 0, 0, 0, 0, 2, 1, 0, 2, 1, 0, 0, 0, 0, 0, 0, 1, 0, 2, 3, 0, 2, 0, 1, 1, 0, 0, 0, 1, 0, 3, 0, 3, 0, 0, 0, 0, 2, 0, 1, 0, 3, 2, 1, 3, 0, 0, 1, 2, 1, 0, 0, 0, 0, 1, 1, 2, 1, 2, 0]
event=250:G1_CMAX:update:state=1,action=0,reward=-68.66720656775101,nextState=1,old=-352.53457270489105,new=-350.69486473166387
event=251:G2_TEC:update:state=1,action=1,reward=-435.29262189113797,nextState=1,old=-2387.7316029809213,new=-1430.9411088286706
event=252:G3_TWC:update:state=1,action=1,reward=-8274.200369928614,nextState=1,old=-28626.870457396883,new=-31175.696735846122
event=253:G4_BALANCED:update:state=1,action=2,reward=-0.10368125199666393,nextState=1,old=-0.35443872228090867,new=-0.3872322298213909
event=254:G1_CMAX:action:mode=explore,state=1,draw=0.9783883079626763,action=2
event=255:G1_CMAX:tournament:reason=action2,left=1,right=5,selected=[58, 42, 31, 41, 98, 11, 15, 22, 57, 19, 84, 40, 73, 1, 81, 14, 99, 16, 3, 79, 2, 74, 5, 91, 62, 43, 68, 76, 97, 77, 88, 30, 53, 20, 51, 93, 24, 72, 49, 59, 38, 28, 92, 67, 9, 18, 17, 87, 12, 26, 71, 94, 95, 63, 21, 47, 27, 37, 96, 6, 78, 10, 32, 23, 55, 56, 29, 64, 60, 46, 65, 36, 34, 85, 52, 48, 66, 69, 75, 54, 25, 61, 44, 0, 82, 80, 89, 50, 7, 86, 8, 33, 4, 70, 39, 90, 83, 13, 45, 35]|[2, 0, 1, 0, 2, 1, 0, 1, 0, 0, 0, 1, 0, 1, 0, 1, 1, 1, 0, 1, 0, 0, 0, 0, 2, 1, 0, 0, 1, 0, 1, 2, 1, 2, 2, 2, 0, 0, 0, 0, 2, 0, 0, 1, 0, 0, 0, 0, 1, 0, 2, 2, 2, 1, 2, 1, 0, 2, 2, 0, 2, 1, 1, 0, 0, 2, 2, 1, 2, 1, 1, 1, 1, 0, 0, 1, 2, 0, 2, 1, 2, 1, 0, 0, 1, 1, 2, 1, 2, 1, 1, 1, 0, 0, 1, 1, 1, 1, 2, 1]|[2, 2, 2, 2, 0, 4, 1, 2, 1, 1, 2, 0, 2, 2, 0, 0, 1, 2, 0, 0, 1, 1, 1, 0, 1, 0, 2, 0, 2, 1, 3, 0, 4, 1, 1, 0, 0, 0, 2, 0, 1, 2, 0, 0, 1, 1, 1, 2, 1, 1, 2, 2, 1, 0, 1, 0, 2, 1, 2, 1, 1, 2, 4, 1, 0, 1, 1, 0, 2, 4, 4, 4, 0, 0, 2, 1, 1, 0, 1, 0, 1, 4, 0, 0, 0, 4, 1, 0, 0, 0, 2, 1, 2, 1, 0, 4, 2, 4, 1, 0]|[0, 0, 1, 1, 0, 2, 1, 0, 1, 0, 0, 3, 1, 3, 0, 1, 0, 1, 0, 1, 0, 0, 0, 0, 1, 0, 0, 0, 0, 1, 0, 0, 3, 0, 0, 0, 0, 0, 1, 0, 1, 1, 0, 1, 0, 0, 0, 1, 2, 0, 0, 0, 0, 3, 1, 1, 0, 0, 0, 0, 1, 2, 0, 0, 0, 0, 0, 3, 1, 0, 0, 0, 1, 0, 1, 2, 0, 0, 0, 1, 0, 3, 1, 0, 2, 0, 0, 1, 1, 2, 3, 2, 0, 0, 1, 3, 0, 3, 0, 3]
event=256:G1_CMAX:leader:action=2,fingerprint=[58, 42, 31, 41, 98, 11, 15, 22, 57, 19, 84, 40, 73, 1, 81, 14, 99, 16, 3, 79, 2, 74, 5, 91, 62, 43, 68, 76, 97, 77, 88, 30, 53, 20, 51, 93, 24, 72, 49, 59, 38, 28, 92, 67, 9, 18, 17, 87, 12, 26, 71, 94, 95, 63, 21, 47, 27, 37, 96, 6, 78, 10, 32, 23, 55, 56, 29, 64, 60, 46, 65, 36, 34, 85, 52, 48, 66, 69, 75, 54, 25, 61, 44, 0, 82, 80, 89, 50, 7, 86, 8, 33, 4, 70, 39, 90, 83, 13, 45, 35]|[2, 0, 1, 0, 2, 1, 0, 1, 0, 0, 0, 1, 0, 1, 0, 1, 1, 1, 0, 1, 0, 0, 0, 0, 2, 1, 0, 0, 1, 0, 1, 2, 1, 2, 2, 2, 0, 0, 0, 0, 2, 0, 0, 1, 0, 0, 0, 0, 1, 0, 2, 2, 2, 1, 2, 1, 0, 2, 2, 0, 2, 1, 1, 0, 0, 2, 2, 1, 2, 1, 1, 1, 1, 0, 0, 1, 2, 0, 2, 1, 2, 1, 0, 0, 1, 1, 2, 1, 2, 1, 1, 1, 0, 0, 1, 1, 1, 1, 2, 1]|[2, 2, 2, 2, 0, 4, 1, 2, 1, 1, 2, 0, 2, 2, 0, 0, 1, 2, 0, 0, 1, 1, 1, 0, 1, 0, 2, 0, 2, 1, 3, 0, 4, 1, 1, 0, 0, 0, 2, 0, 1, 2, 0, 0, 1, 1, 1, 2, 1, 1, 2, 2, 1, 0, 1, 0, 2, 1, 2, 1, 1, 2, 4, 1, 0, 1, 1, 0, 2, 4, 4, 4, 0, 0, 2, 1, 1, 0, 1, 0, 1, 4, 0, 0, 0, 4, 1, 0, 0, 0, 2, 1, 2, 1, 0, 4, 2, 4, 1, 0]|[0, 0, 1, 1, 0, 2, 1, 0, 1, 0, 0, 3, 1, 3, 0, 1, 0, 1, 0, 1, 0, 0, 0, 0, 1, 0, 0, 0, 0, 1, 0, 0, 3, 0, 0, 0, 0, 0, 1, 0, 1, 1, 0, 1, 0, 0, 0, 1, 2, 0, 0, 0, 0, 3, 1, 1, 0, 0, 0, 0, 1, 2, 0, 0, 0, 0, 0, 3, 1, 0, 0, 0, 1, 0, 1, 2, 0, 0, 0, 1, 0, 3, 1, 0, 2, 0, 0, 1, 1, 2, 3, 2, 0, 0, 1, 3, 0, 3, 0, 3]
event=257:G4_BALANCED:action:mode=explore,state=1,draw=0.947284241407869,action=2
event=258:G4_BALANCED:tournament:reason=action2,left=11,right=19,selected=[51, 8, 83, 31, 98, 11, 15, 22, 57, 19, 84, 40, 73, 1, 81, 14, 99, 16, 3, 79, 2, 74, 5, 91, 62, 43, 68, 76, 97, 77, 88, 30, 53, 20, 58, 93, 24, 72, 49, 59, 38, 28, 92, 67, 9, 18, 17, 87, 12, 26, 71, 94, 95, 63, 21, 47, 27, 37, 96, 6, 78, 10, 32, 23, 55, 56, 29, 64, 60, 36, 70, 66, 54, 4, 44, 48, 42, 34, 89, 52, 46, 39, 80, 61, 86, 25, 41, 50, 7, 0, 35, 82, 90, 13, 33, 85, 75, 45, 65, 69]|[2, 0, 0, 0, 1, 1, 0, 2, 0, 1, 0, 1, 0, 1, 2, 1, 1, 0, 1, 1, 0, 0, 1, 0, 1, 2, 0, 0, 1, 0, 0, 2, 0, 1, 0, 2, 1, 0, 1, 0, 2, 1, 0, 1, 0, 0, 0, 0, 1, 0, 2, 2, 2, 0, 0, 0, 0, 2, 1, 1, 0, 2, 2, 0, 1, 0, 1, 2, 2, 1, 2, 1, 2, 1, 0, 0, 0, 1, 0, 0, 1, 2, 1, 1, 1, 1, 1, 2, 1, 0, 2, 0, 1, 1, 0, 1, 0, 1, 2, 0]|[2, 2, 2, 2, 4, 4, 1, 1, 1, 2, 2, 1, 2, 1, 1, 1, 1, 2, 4, 0, 1, 1, 0, 0, 3, 2, 2, 0, 1, 1, 1, 0, 2, 0, 2, 0, 3, 0, 0, 0, 1, 2, 0, 0, 1, 1, 2, 2, 1, 1, 2, 2, 1, 0, 1, 0, 2, 1, 0, 3, 2, 0, 1, 1, 4, 0, 3, 1, 2, 4, 1, 0, 2, 4, 2, 1, 1, 4, 1, 2, 1, 2, 4, 1, 4, 0, 1, 2, 0, 0, 1, 2, 4, 4, 1, 0, 2, 2, 1, 0]|[0, 0, 1, 1, 2, 2, 0, 0, 1, 3, 0, 1, 1, 3, 0, 1, 0, 1, 3, 1, 0, 0, 0, 0, 3, 1, 0, 0, 0, 0, 1, 0, 0, 1, 0, 0, 3, 0, 1, 0, 1, 0, 0, 1, 0, 0, 1, 1, 2, 0, 0, 0, 0, 0, 0, 1, 1, 0, 2, 3, 0, 0, 0, 0, 3, 0, 0, 0, 1, 0, 0, 1, 1, 2, 1, 0, 0, 3, 0, 1, 3, 0, 0, 1, 2, 1, 2, 0, 3, 0, 0, 1, 3, 3, 1, 1, 1, 1, 1, 0]
event=259:G4_BALANCED:leader:action=2,fingerprint=[51, 8, 83, 31, 98, 11, 15, 22, 57, 19, 84, 40, 73, 1, 81, 14, 99, 16, 3, 79, 2, 74, 5, 91, 62, 43, 68, 76, 97, 77, 88, 30, 53, 20, 58, 93, 24, 72, 49, 59, 38, 28, 92, 67, 9, 18, 17, 87, 12, 26, 71, 94, 95, 63, 21, 47, 27, 37, 96, 6, 78, 10, 32, 23, 55, 56, 29, 64, 60, 36, 70, 66, 54, 4, 44, 48, 42, 34, 89, 52, 46, 39, 80, 61, 86, 25, 41, 50, 7, 0, 35, 82, 90, 13, 33, 85, 75, 45, 65, 69]|[2, 0, 0, 0, 1, 1, 0, 2, 0, 1, 0, 1, 0, 1, 2, 1, 1, 0, 1, 1, 0, 0, 1, 0, 1, 2, 0, 0, 1, 0, 0, 2, 0, 1, 0, 2, 1, 0, 1, 0, 2, 1, 0, 1, 0, 0, 0, 0, 1, 0, 2, 2, 2, 0, 0, 0, 0, 2, 1, 1, 0, 2, 2, 0, 1, 0, 1, 2, 2, 1, 2, 1, 2, 1, 0, 0, 0, 1, 0, 0, 1, 2, 1, 1, 1, 1, 1, 2, 1, 0, 2, 0, 1, 1, 0, 1, 0, 1, 2, 0]|[2, 2, 2, 2, 4, 4, 1, 1, 1, 2, 2, 1, 2, 1, 1, 1, 1, 2, 4, 0, 1, 1, 0, 0, 3, 2, 2, 0, 1, 1, 1, 0, 2, 0, 2, 0, 3, 0, 0, 0, 1, 2, 0, 0, 1, 1, 2, 2, 1, 1, 2, 2, 1, 0, 1, 0, 2, 1, 0, 3, 2, 0, 1, 1, 4, 0, 3, 1, 2, 4, 1, 0, 2, 4, 2, 1, 1, 4, 1, 2, 1, 2, 4, 1, 4, 0, 1, 2, 0, 0, 1, 2, 4, 4, 1, 0, 2, 2, 1, 0]|[0, 0, 1, 1, 2, 2, 0, 0, 1, 3, 0, 1, 1, 3, 0, 1, 0, 1, 3, 1, 0, 0, 0, 0, 3, 1, 0, 0, 0, 0, 1, 0, 0, 1, 0, 0, 3, 0, 1, 0, 1, 0, 0, 1, 0, 0, 1, 1, 2, 0, 0, 0, 0, 0, 0, 1, 1, 0, 2, 3, 0, 0, 0, 0, 3, 0, 0, 0, 1, 0, 0, 1, 1, 2, 1, 0, 0, 3, 0, 1, 3, 0, 0, 1, 2, 1, 2, 0, 3, 0, 0, 1, 3, 3, 1, 1, 1, 1, 1, 0]
event=260:G2_TEC:action:mode=exploit,state=1,draw=0.6044136427398006,action=0
event=261:G2_TEC:leader:action=0,fingerprint=[51, 8, 83, 31, 94, 11, 15, 22, 57, 19, 84, 40, 73, 1, 81, 14, 99, 16, 3, 79, 2, 74, 5, 91, 62, 43, 68, 76, 97, 77, 88, 30, 53, 20, 58, 93, 24, 72, 49, 59, 38, 28, 92, 67, 9, 18, 17, 87, 12, 26, 71, 98, 95, 63, 21, 47, 27, 37, 96, 6, 78, 10, 32, 46, 48, 56, 29, 64, 60, 23, 7, 36, 34, 85, 52, 55, 61, 54, 89, 41, 66, 39, 33, 42, 86, 80, 75, 50, 70, 0, 35, 82, 4, 45, 90, 69, 65, 13, 25, 44]|[0, 0, 1, 0, 2, 0, 1, 1, 0, 1, 0, 1, 0, 1, 0, 1, 1, 0, 2, 2, 0, 0, 1, 1, 1, 2, 1, 0, 1, 0, 0, 2, 1, 2, 0, 2, 1, 2, 0, 0, 2, 1, 0, 1, 0, 0, 2, 0, 1, 2, 2, 1, 2, 1, 2, 2, 0, 2, 1, 0, 2, 1, 2, 1, 2, 2, 0, 0, 2, 2, 0, 0, 1, 0, 0, 1, 1, 1, 2, 1, 0, 1, 1, 1, 1, 1, 2, 2, 0, 0, 2, 1, 1, 0, 0, 0, 1, 2, 0, 0]|[2, 2, 2, 2, 2, 0, 1, 2, 1, 4, 1, 1, 2, 4, 0, 1, 1, 2, 0, 1, 1, 1, 0, 0, 3, 2, 2, 0, 0, 1, 1, 0, 4, 1, 0, 0, 3, 1, 2, 0, 1, 0, 0, 4, 1, 1, 1, 2, 3, 1, 2, 4, 1, 3, 1, 1, 2, 1, 0, 1, 1, 2, 1, 4, 2, 1, 0, 2, 1, 1, 1, 0, 4, 1, 2, 4, 1, 4, 1, 0, 0, 4, 1, 0, 4, 4, 1, 2, 1, 0, 1, 0, 4, 2, 0, 2, 4, 1, 1, 0]|[0, 0, 1, 1, 0, 0, 2, 2, 1, 0, 0, 0, 1, 0, 0, 1, 0, 1, 0, 0, 0, 0, 0, 1, 3, 1, 1, 0, 1, 0, 1, 0, 3, 0, 0, 0, 3, 0, 1, 0, 1, 3, 0, 0, 0, 0, 0, 1, 0, 1, 0, 2, 0, 1, 0, 0, 1, 0, 2, 0, 1, 2, 0, 0, 1, 0, 0, 0, 0, 0, 0, 0, 0, 0, 1, 3, 1, 3, 1, 1, 0, 3, 2, 1, 2, 0, 0, 0, 0, 0, 0, 2, 1, 0, 0, 1, 0, 0, 0, 1]
event=262:G3_TWC:action:mode=explore,state=1,draw=0.9374362216670412,action=0
event=263:G3_TWC:leader:action=0,fingerprint=[51, 8, 83, 31, 94, 66, 33, 56, 24, 98, 58, 77, 52, 65, 22, 47, 19, 79, 39, 49, 99, 2, 84, 91, 62, 7, 53, 90, 40, 70, 43, 30, 41, 20, 78, 93, 57, 72, 16, 59, 38, 28, 92, 67, 9, 18, 17, 87, 12, 26, 71, 63, 95, 74, 21, 42, 27, 37, 96, 6, 5, 10, 32, 23, 55, 81, 29, 64, 60, 46, 88, 36, 34, 85, 68, 1, 69, 86, 89, 61, 11, 3, 15, 14, 54, 80, 75, 50, 97, 25, 35, 76, 0, 13, 45, 4, 44, 73, 82, 48]|[2, 0, 1, 0, 2, 0, 0, 2, 0, 2, 0, 1, 0, 1, 0, 0, 1, 1, 2, 1, 1, 0, 0, 0, 2, 0, 0, 1, 1, 2, 0, 1, 1, 0, 0, 2, 2, 2, 0, 2, 2, 1, 0, 1, 0, 1, 0, 2, 1, 2, 2, 0, 2, 2, 2, 0, 0, 2, 1, 1, 1, 1, 2, 0, 2, 0, 2, 0, 2, 0, 1, 2, 1, 0, 0, 1, 0, 1, 1, 1, 0, 1, 1, 1, 1, 1, 0, 1, 1, 2, 2, 1, 0, 2, 1, 0, 1, 0, 1, 0]|[2, 2, 2, 2, 0, 0, 1, 1, 1, 0, 2, 4, 2, 1, 0, 0, 0, 0, 1, 0, 1, 1, 1, 0, 1, 1, 2, 4, 1, 1, 1, 2, 0, 2, 2, 0, 1, 1, 2, 0, 1, 0, 0, 4, 1, 2, 2, 1, 1, 1, 2, 0, 1, 2, 1, 1, 2, 1, 0, 3, 0, 2, 1, 0, 2, 2, 1, 2, 2, 2, 1, 0, 4, 1, 2, 4, 2, 4, 2, 1, 0, 4, 1, 0, 4, 4, 1, 0, 1, 2, 1, 4, 0, 1, 2, 1, 1, 2, 0, 0]|[0, 0, 0, 1, 0, 0, 1, 0, 1, 0, 0, 1, 1, 3, 0, 1, 1, 1, 0, 1, 0, 0, 0, 0, 1, 1, 0, 0, 0, 0, 1, 2, 1, 0, 0, 0, 0, 0, 1, 0, 1, 0, 0, 0, 0, 2, 1, 0, 2, 1, 0, 0, 0, 0, 0, 0, 1, 0, 2, 3, 0, 2, 0, 1, 1, 0, 0, 0, 1, 0, 3, 0, 3, 0, 0, 0, 0, 2, 0, 1, 0, 3, 2, 1, 3, 0, 0, 1, 2, 1, 0, 0, 0, 0, 1, 1, 2, 1, 2, 0]
event=264:G1_CMAX:update:state=1,action=2,reward=-116.29777677005086,nextState=1,old=-368.53970182026654,new=-396.85366855538194
event=265:G2_TEC:update:state=1,action=0,reward=-590.1099888886092,nextState=1,old=-1244.5606086719156,new=-1585.7584758261419
event=266:G3_TWC:update:state=1,action=0,reward=-8383.49551445755,nextState=1,old=-30462.414499246675,new=-32208.54714640048
event=267:G4_BALANCED:update:state=1,action=2,reward=-0.12397429695847999,nextState=1,old=-0.3872322298213909,new=-0.4076567500587602
event=268:G1_CMAX:action:mode=exploit,state=1,draw=0.015471315680912867,action=0
event=269:G1_CMAX:leader:action=0,fingerprint=[58, 42, 31, 41, 98, 11, 15, 22, 57, 19, 84, 40, 73, 1, 81, 14, 99, 16, 3, 79, 2, 74, 5, 91, 62, 43, 68, 76, 97, 77, 88, 30, 53, 20, 51, 93, 24, 72, 49, 59, 38, 28, 92, 67, 9, 18, 17, 87, 12, 26, 71, 94, 95, 63, 21, 47, 27, 37, 96, 6, 78, 10, 32, 23, 55, 56, 29, 64, 60, 46, 65, 36, 34, 85, 52, 48, 66, 69, 75, 54, 25, 61, 44, 0, 82, 80, 89, 50, 7, 86, 8, 33, 4, 70, 39, 90, 83, 13, 45, 35]|[2, 0, 1, 0, 2, 1, 0, 1, 0, 0, 0, 1, 0, 1, 0, 1, 1, 1, 0, 1, 0, 0, 0, 0, 2, 1, 0, 0, 1, 0, 1, 2, 1, 2, 2, 2, 0, 0, 0, 0, 2, 0, 0, 1, 0, 0, 0, 0, 1, 0, 2, 2, 2, 1, 2, 1, 0, 2, 2, 0, 2, 1, 1, 0, 0, 2, 2, 1, 2, 1, 1, 1, 1, 0, 0, 1, 2, 0, 2, 1, 2, 1, 0, 0, 1, 1, 2, 1, 2, 1, 1, 1, 0, 0, 1, 1, 1, 1, 2, 1]|[2, 2, 2, 2, 0, 4, 1, 2, 1, 1, 2, 0, 2, 2, 0, 0, 1, 2, 0, 0, 1, 1, 1, 0, 1, 0, 2, 0, 2, 1, 3, 0, 4, 1, 1, 0, 0, 0, 2, 0, 1, 2, 0, 0, 1, 1, 1, 2, 1, 1, 2, 2, 1, 0, 1, 0, 2, 1, 2, 1, 1, 2, 4, 1, 0, 1, 1, 0, 2, 4, 4, 4, 0, 0, 2, 1, 1, 0, 1, 0, 1, 4, 0, 0, 0, 4, 1, 0, 0, 0, 2, 1, 2, 1, 0, 4, 2, 4, 1, 0]|[0, 0, 1, 1, 0, 2, 1, 0, 1, 0, 0, 3, 1, 3, 0, 1, 0, 1, 0, 1, 0, 0, 0, 0, 1, 0, 0, 0, 0, 1, 0, 0, 3, 0, 0, 0, 0, 0, 1, 0, 1, 1, 0, 1, 0, 0, 0, 1, 2, 0, 0, 0, 0, 3, 1, 1, 0, 0, 0, 0, 1, 2, 0, 0, 0, 0, 0, 3, 1, 0, 0, 0, 1, 0, 1, 2, 0, 0, 0, 1, 0, 3, 1, 0, 2, 0, 0, 1, 1, 2, 3, 2, 0, 0, 1, 3, 0, 3, 0, 3]
event=270:G4_BALANCED:action:mode=exploit,state=1,draw=0.26476370523481874,action=0
event=271:G4_BALANCED:leader:action=0,fingerprint=[51, 8, 83, 31, 98, 11, 15, 22, 57, 19, 84, 40, 73, 1, 81, 14, 99, 16, 3, 79, 2, 74, 5, 91, 62, 43, 68, 76, 97, 77, 88, 30, 53, 20, 58, 93, 24, 72, 49, 59, 38, 28, 92, 67, 9, 18, 17, 87, 12, 26, 71, 94, 95, 63, 21, 47, 27, 37, 96, 6, 78, 10, 32, 23, 55, 56, 29, 64, 60, 36, 70, 66, 54, 4, 44, 48, 42, 34, 89, 52, 46, 39, 80, 61, 86, 25, 41, 50, 7, 0, 35, 82, 90, 13, 33, 85, 75, 45, 65, 69]|[2, 0, 0, 0, 1, 1, 0, 2, 0, 1, 0, 1, 0, 1, 2, 1, 1, 0, 1, 1, 0, 0, 1, 0, 1, 2, 0, 0, 1, 0, 0, 2, 0, 1, 0, 2, 1, 0, 1, 0, 2, 1, 0, 1, 0, 0, 0, 0, 1, 0, 2, 2, 2, 0, 0, 0, 0, 2, 1, 1, 0, 2, 2, 0, 1, 0, 1, 2, 2, 1, 2, 1, 2, 1, 0, 0, 0, 1, 0, 0, 1, 2, 1, 1, 1, 1, 1, 2, 1, 0, 2, 0, 1, 1, 0, 1, 0, 1, 2, 0]|[2, 2, 2, 2, 4, 4, 1, 1, 1, 2, 2, 1, 2, 1, 1, 1, 1, 2, 4, 0, 1, 1, 0, 0, 3, 2, 2, 0, 1, 1, 1, 0, 2, 0, 2, 0, 3, 0, 0, 0, 1, 2, 0, 0, 1, 1, 2, 2, 1, 1, 2, 2, 1, 0, 1, 0, 2, 1, 0, 3, 2, 0, 1, 1, 4, 0, 3, 1, 2, 4, 1, 0, 2, 4, 2, 1, 1, 4, 1, 2, 1, 2, 4, 1, 4, 0, 1, 2, 0, 0, 1, 2, 4, 4, 1, 0, 2, 2, 1, 0]|[0, 0, 1, 1, 2, 2, 0, 0, 1, 3, 0, 1, 1, 3, 0, 1, 0, 1, 3, 1, 0, 0, 0, 0, 3, 1, 0, 0, 0, 0, 1, 0, 0, 1, 0, 0, 3, 0, 1, 0, 1, 0, 0, 1, 0, 0, 1, 1, 2, 0, 0, 0, 0, 0, 0, 1, 1, 0, 2, 3, 0, 0, 0, 0, 3, 0, 0, 0, 1, 0, 0, 1, 1, 2, 1, 0, 0, 3, 0, 1, 3, 0, 0, 1, 2, 1, 2, 0, 3, 0, 0, 1, 3, 3, 1, 1, 1, 1, 1, 0]
event=272:G2_TEC:action:mode=exploit,state=1,draw=0.16685624388240183,action=1
event=273:G2_TEC:leader:action=1,fingerprint=[51, 8, 83, 31, 94, 11, 15, 22, 57, 19, 84, 40, 73, 1, 81, 14, 99, 16, 3, 79, 2, 74, 5, 91, 62, 43, 68, 76, 97, 77, 88, 30, 53, 20, 58, 93, 24, 72, 49, 59, 38, 28, 92, 67, 9, 18, 17, 87, 12, 26, 71, 98, 95, 63, 21, 47, 27, 37, 96, 6, 78, 10, 32, 46, 48, 56, 29, 64, 60, 23, 7, 36, 34, 85, 52, 55, 61, 54, 89, 41, 66, 39, 33, 42, 86, 80, 75, 50, 70, 0, 35, 82, 4, 45, 90, 69, 65, 13, 25, 44]|[0, 0, 1, 0, 2, 0, 1, 1, 0, 1, 0, 1, 0, 1, 0, 1, 1, 0, 2, 2, 0, 0, 1, 1, 1, 2, 1, 0, 1, 0, 0, 2, 1, 2, 0, 2, 1, 2, 0, 0, 2, 1, 0, 1, 0, 0, 2, 0, 1, 2, 2, 1, 2, 1, 2, 2, 0, 2, 1, 0, 2, 1, 2, 1, 2, 2, 0, 0, 2, 2, 0, 0, 1, 0, 0, 1, 1, 1, 2, 1, 0, 1, 1, 1, 1, 1, 2, 2, 0, 0, 2, 1, 1, 0, 0, 0, 1, 2, 0, 0]|[2, 2, 2, 2, 2, 0, 1, 2, 1, 4, 1, 1, 2, 4, 0, 1, 1, 2, 0, 1, 1, 1, 0, 0, 3, 2, 2, 0, 0, 1, 1, 0, 4, 1, 0, 0, 3, 1, 2, 0, 1, 0, 0, 4, 1, 1, 1, 2, 3, 1, 2, 4, 1, 3, 1, 1, 2, 1, 0, 1, 1, 2, 1, 4, 2, 1, 0, 2, 1, 1, 1, 0, 4, 1, 2, 4, 1, 4, 1, 0, 0, 4, 1, 0, 4, 4, 1, 2, 1, 0, 1, 0, 4, 2, 0, 2, 4, 1, 1, 0]|[0, 0, 1, 1, 0, 0, 2, 2, 1, 0, 0, 0, 1, 0, 0, 1, 0, 1, 0, 0, 0, 0, 0, 1, 3, 1, 1, 0, 1, 0, 1, 0, 3, 0, 0, 0, 3, 0, 1, 0, 1, 3, 0, 0, 0, 0, 0, 1, 0, 1, 0, 2, 0, 1, 0, 0, 1, 0, 2, 0, 1, 2, 0, 0, 1, 0, 0, 0, 0, 0, 0, 0, 0, 0, 1, 3, 1, 3, 1, 1, 0, 3, 2, 1, 2, 0, 0, 0, 0, 0, 0, 2, 1, 0, 0, 1, 0, 0, 0, 1]
event=274:G3_TWC:action:mode=exploit,state=1,draw=0.7264668060735985,action=2
event=275:G3_TWC:tournament:reason=action2,left=9,right=17,selected=[51, 8, 83, 31, 94, 66, 33, 56, 24, 98, 58, 77, 52, 65, 22, 47, 19, 79, 39, 49, 99, 2, 84, 91, 62, 7, 53, 90, 40, 70, 43, 30, 41, 20, 78, 93, 57, 72, 16, 59, 38, 28, 92, 67, 9, 18, 17, 87, 12, 26, 71, 63, 95, 74, 21, 42, 27, 37, 96, 6, 5, 10, 32, 23, 55, 81, 29, 64, 60, 46, 88, 36, 34, 85, 68, 1, 69, 86, 89, 61, 11, 3, 15, 14, 54, 80, 75, 50, 97, 25, 35, 76, 0, 13, 45, 4, 44, 73, 82, 48]|[2, 0, 1, 0, 2, 0, 0, 2, 0, 2, 0, 1, 0, 1, 0, 0, 1, 1, 2, 1, 1, 0, 0, 0, 2, 0, 0, 1, 1, 2, 0, 1, 1, 0, 0, 2, 2, 2, 0, 2, 2, 1, 0, 1, 0, 1, 0, 2, 1, 2, 2, 0, 2, 2, 2, 0, 0, 2, 1, 1, 1, 1, 2, 0, 2, 0, 2, 0, 2, 0, 1, 2, 1, 0, 0, 1, 0, 1, 1, 1, 0, 1, 1, 1, 1, 1, 0, 1, 1, 2, 2, 1, 0, 2, 1, 0, 1, 0, 1, 0]|[2, 2, 2, 2, 0, 0, 1, 1, 1, 0, 2, 4, 2, 1, 0, 0, 0, 0, 1, 0, 1, 1, 1, 0, 1, 1, 2, 4, 1, 1, 1, 2, 0, 2, 2, 0, 1, 1, 2, 0, 1, 0, 0, 4, 1, 2, 2, 1, 1, 1, 2, 0, 1, 2, 1, 1, 2, 1, 0, 3, 0, 2, 1, 0, 2, 2, 1, 2, 2, 2, 1, 0, 4, 1, 2, 4, 2, 4, 2, 1, 0, 4, 1, 0, 4, 4, 1, 0, 1, 2, 1, 4, 0, 1, 2, 1, 1, 2, 0, 0]|[0, 0, 0, 1, 0, 0, 1, 0, 1, 0, 0, 1, 1, 3, 0, 1, 1, 1, 0, 1, 0, 0, 0, 0, 1, 1, 0, 0, 0, 0, 1, 2, 1, 0, 0, 0, 0, 0, 1, 0, 1, 0, 0, 0, 0, 2, 1, 0, 2, 1, 0, 0, 0, 0, 0, 0, 1, 0, 2, 3, 0, 2, 0, 1, 1, 0, 0, 0, 1, 0, 3, 0, 3, 0, 0, 0, 0, 2, 0, 1, 0, 3, 2, 1, 3, 0, 0, 1, 2, 1, 0, 0, 0, 0, 1, 1, 2, 1, 2, 0]
event=276:G3_TWC:leader:action=2,fingerprint=[51, 8, 83, 31, 94, 66, 33, 56, 24, 98, 58, 77, 52, 65, 22, 47, 19, 79, 39, 49, 99, 2, 84, 91, 62, 7, 53, 90, 40, 70, 43, 30, 41, 20, 78, 93, 57, 72, 16, 59, 38, 28, 92, 67, 9, 18, 17, 87, 12, 26, 71, 63, 95, 74, 21, 42, 27, 37, 96, 6, 5, 10, 32, 23, 55, 81, 29, 64, 60, 46, 88, 36, 34, 85, 68, 1, 69, 86, 89, 61, 11, 3, 15, 14, 54, 80, 75, 50, 97, 25, 35, 76, 0, 13, 45, 4, 44, 73, 82, 48]|[2, 0, 1, 0, 2, 0, 0, 2, 0, 2, 0, 1, 0, 1, 0, 0, 1, 1, 2, 1, 1, 0, 0, 0, 2, 0, 0, 1, 1, 2, 0, 1, 1, 0, 0, 2, 2, 2, 0, 2, 2, 1, 0, 1, 0, 1, 0, 2, 1, 2, 2, 0, 2, 2, 2, 0, 0, 2, 1, 1, 1, 1, 2, 0, 2, 0, 2, 0, 2, 0, 1, 2, 1, 0, 0, 1, 0, 1, 1, 1, 0, 1, 1, 1, 1, 1, 0, 1, 1, 2, 2, 1, 0, 2, 1, 0, 1, 0, 1, 0]|[2, 2, 2, 2, 0, 0, 1, 1, 1, 0, 2, 4, 2, 1, 0, 0, 0, 0, 1, 0, 1, 1, 1, 0, 1, 1, 2, 4, 1, 1, 1, 2, 0, 2, 2, 0, 1, 1, 2, 0, 1, 0, 0, 4, 1, 2, 2, 1, 1, 1, 2, 0, 1, 2, 1, 1, 2, 1, 0, 3, 0, 2, 1, 0, 2, 2, 1, 2, 2, 2, 1, 0, 4, 1, 2, 4, 2, 4, 2, 1, 0, 4, 1, 0, 4, 4, 1, 0, 1, 2, 1, 4, 0, 1, 2, 1, 1, 2, 0, 0]|[0, 0, 0, 1, 0, 0, 1, 0, 1, 0, 0, 1, 1, 3, 0, 1, 1, 1, 0, 1, 0, 0, 0, 0, 1, 1, 0, 0, 0, 0, 1, 2, 1, 0, 0, 0, 0, 0, 1, 0, 1, 0, 0, 0, 0, 2, 1, 0, 2, 1, 0, 0, 0, 0, 0, 0, 1, 0, 2, 3, 0, 2, 0, 1, 1, 0, 0, 0, 1, 0, 3, 0, 3, 0, 0, 0, 0, 2, 0, 1, 0, 3, 2, 1, 3, 0, 0, 1, 2, 1, 0, 0, 0, 0, 1, 1, 2, 1, 2, 0]
event=277:G1_CMAX:update:state=1,action=0,reward=-107.04230808898035,nextState=1,old=-350.69486473166387,new=-387.59819987431143
event=278:G2_TEC:update:state=1,action=1,reward=-492.9139942463371,nextState=1,old=-1430.9411088286706,new=-1637.6668813092735
event=279:G3_TWC:update:state=1,action=2,reward=-11856.90204758168,nextState=1,old=-29781.31453992866,new=-35681.95367952461
event=280:G4_BALANCED:update:state=1,action=0,reward=-0.20931278798240785,nextState=1,old=-0.3546030663753502,new=-0.492995241082688
event=281:G1_CMAX:action:mode=exploit,state=1,draw=0.7379995733210284,action=1
event=282:G1_CMAX:leader:action=1,fingerprint=[51, 8, 83, 31, 94, 66, 33, 56, 24, 98, 58, 77, 52, 65, 22, 47, 19, 79, 39, 49, 99, 2, 84, 91, 62, 7, 53, 90, 40, 70, 43, 30, 41, 20, 78, 93, 57, 72, 16, 59, 38, 28, 92, 67, 9, 18, 17, 87, 12, 26, 71, 63, 95, 74, 21, 42, 27, 37, 96, 6, 5, 10, 32, 23, 55, 81, 29, 64, 60, 46, 88, 36, 34, 85, 68, 1, 69, 86, 89, 61, 11, 3, 15, 14, 54, 80, 75, 50, 97, 25, 35, 76, 0, 13, 45, 4, 44, 73, 82, 48]|[2, 0, 1, 0, 2, 0, 0, 2, 0, 2, 0, 1, 0, 1, 0, 0, 1, 1, 2, 1, 1, 0, 0, 0, 2, 0, 0, 1, 1, 2, 0, 1, 1, 0, 0, 2, 2, 2, 0, 2, 2, 1, 0, 1, 0, 1, 0, 2, 1, 2, 2, 0, 2, 2, 2, 0, 0, 2, 1, 1, 1, 1, 2, 0, 2, 0, 2, 0, 2, 0, 1, 2, 1, 0, 0, 1, 0, 1, 1, 1, 0, 1, 1, 1, 1, 1, 0, 1, 1, 2, 2, 1, 0, 2, 1, 0, 1, 0, 1, 0]|[2, 2, 2, 2, 0, 0, 1, 1, 1, 0, 2, 4, 2, 1, 0, 0, 0, 0, 1, 0, 1, 1, 1, 0, 1, 1, 2, 4, 1, 1, 1, 2, 0, 2, 2, 0, 1, 1, 2, 0, 1, 0, 0, 4, 1, 2, 2, 1, 1, 1, 2, 0, 1, 2, 1, 1, 2, 1, 0, 3, 0, 2, 1, 0, 2, 2, 1, 2, 2, 2, 1, 0, 4, 1, 2, 4, 2, 4, 2, 1, 0, 4, 1, 0, 4, 4, 1, 0, 1, 2, 1, 4, 0, 1, 2, 1, 1, 2, 0, 0]|[0, 0, 0, 1, 0, 0, 1, 0, 1, 0, 0, 1, 1, 3, 0, 1, 1, 1, 0, 1, 0, 0, 0, 0, 1, 1, 0, 0, 0, 0, 1, 2, 1, 0, 0, 0, 0, 0, 1, 0, 1, 0, 0, 0, 0, 2, 1, 0, 2, 1, 0, 0, 0, 0, 0, 0, 1, 0, 2, 3, 0, 2, 0, 1, 1, 0, 0, 0, 1, 0, 3, 0, 3, 0, 0, 0, 0, 2, 0, 1, 0, 3, 2, 1, 3, 0, 0, 1, 2, 1, 0, 0, 0, 0, 1, 1, 2, 1, 2, 0]
event=283:G4_BALANCED:action:mode=exploit,state=1,draw=0.13724930821714387,action=1
event=284:G4_BALANCED:leader:action=1,fingerprint=[51, 8, 83, 31, 94, 66, 33, 56, 24, 98, 58, 77, 52, 65, 22, 47, 19, 79, 39, 49, 99, 2, 84, 91, 62, 7, 53, 90, 40, 70, 43, 30, 41, 20, 78, 93, 57, 72, 16, 59, 38, 28, 92, 67, 9, 18, 17, 87, 12, 26, 71, 63, 95, 74, 21, 42, 27, 37, 96, 6, 5, 10, 32, 23, 55, 81, 29, 64, 60, 46, 88, 36, 34, 85, 68, 1, 69, 86, 89, 61, 11, 3, 15, 14, 54, 80, 75, 50, 97, 25, 35, 76, 0, 13, 45, 4, 44, 73, 82, 48]|[2, 0, 1, 0, 2, 0, 0, 2, 0, 2, 0, 1, 0, 1, 0, 0, 1, 1, 2, 1, 1, 0, 0, 0, 2, 0, 0, 1, 1, 2, 0, 1, 1, 0, 0, 2, 2, 2, 0, 2, 2, 1, 0, 1, 0, 1, 0, 2, 1, 2, 2, 0, 2, 2, 2, 0, 0, 2, 1, 1, 1, 1, 2, 0, 2, 0, 2, 0, 2, 0, 1, 2, 1, 0, 0, 1, 0, 1, 1, 1, 0, 1, 1, 1, 1, 1, 0, 1, 1, 2, 2, 1, 0, 2, 1, 0, 1, 0, 1, 0]|[2, 2, 2, 2, 0, 0, 1, 1, 1, 0, 2, 4, 2, 1, 0, 0, 0, 0, 1, 0, 1, 1, 1, 0, 1, 1, 2, 4, 1, 1, 1, 2, 0, 2, 2, 0, 1, 1, 2, 0, 1, 0, 0, 4, 1, 2, 2, 1, 1, 1, 2, 0, 1, 2, 1, 1, 2, 1, 0, 3, 0, 2, 1, 0, 2, 2, 1, 2, 2, 2, 1, 0, 4, 1, 2, 4, 2, 4, 2, 1, 0, 4, 1, 0, 4, 4, 1, 0, 1, 2, 1, 4, 0, 1, 2, 1, 1, 2, 0, 0]|[0, 0, 0, 1, 0, 0, 1, 0, 1, 0, 0, 1, 1, 3, 0, 1, 1, 1, 0, 1, 0, 0, 0, 0, 1, 1, 0, 0, 0, 0, 1, 2, 1, 0, 0, 0, 0, 0, 1, 0, 1, 0, 0, 0, 0, 2, 1, 0, 2, 1, 0, 0, 0, 0, 0, 0, 1, 0, 2, 3, 0, 2, 0, 1, 1, 0, 0, 0, 1, 0, 3, 0, 3, 0, 0, 0, 0, 2, 0, 1, 0, 3, 2, 1, 3, 0, 0, 1, 2, 1, 0, 0, 0, 0, 1, 1, 2, 1, 2, 0]
event=285:G2_TEC:action:mode=exploit,state=1,draw=0.43024869183301373,action=0
event=286:G2_TEC:leader:action=0,fingerprint=[51, 8, 83, 31, 94, 11, 15, 22, 57, 19, 84, 40, 73, 1, 81, 14, 99, 16, 3, 79, 2, 74, 5, 91, 62, 43, 68, 76, 97, 77, 88, 30, 53, 20, 58, 93, 24, 72, 49, 59, 38, 28, 92, 67, 9, 18, 17, 87, 12, 26, 71, 98, 95, 63, 21, 47, 27, 37, 96, 6, 78, 10, 32, 46, 48, 56, 29, 64, 60, 23, 7, 36, 34, 85, 52, 55, 61, 54, 89, 41, 66, 39, 33, 42, 86, 80, 75, 50, 70, 35, 4, 0, 90, 69, 65, 44, 25, 13, 82, 45]|[2, 0, 1, 0, 2, 1, 1, 1, 0, 0, 0, 1, 0, 2, 0, 1, 1, 0, 1, 2, 0, 0, 1, 0, 1, 2, 1, 0, 1, 0, 0, 2, 1, 2, 0, 2, 1, 2, 0, 0, 2, 1, 0, 1, 0, 0, 2, 0, 1, 2, 2, 1, 2, 1, 2, 2, 0, 2, 2, 0, 0, 1, 2, 1, 1, 2, 2, 0, 2, 2, 0, 0, 1, 1, 0, 1, 1, 1, 2, 1, 0, 1, 1, 1, 1, 1, 2, 1, 0, 2, 0, 0, 1, 0, 1, 0, 0, 2, 1, 0]|[2, 2, 2, 2, 2, 4, 1, 2, 1, 1, 1, 1, 2, 1, 2, 1, 1, 2, 4, 1, 1, 1, 0, 0, 3, 2, 2, 0, 0, 1, 1, 0, 4, 1, 2, 0, 3, 1, 2, 0, 1, 0, 0, 0, 1, 1, 1, 2, 3, 1, 2, 4, 1, 3, 1, 1, 2, 1, 2, 1, 2, 2, 1, 4, 1, 1, 1, 2, 1, 1, 1, 1, 0, 0, 2, 4, 2, 4, 1, 0, 0, 4, 1, 0, 4, 4, 1, 4, 1, 1, 1, 0, 0, 0, 4, 0, 1, 1, 0, 2]|[0, 0, 1, 1, 0, 2, 2, 2, 1, 0, 0, 0, 1, 1, 0, 1, 0, 1, 3, 0, 0, 0, 0, 0, 3, 1, 1, 0, 1, 0, 1, 0, 3, 0, 0, 0, 3, 0, 1, 0, 1, 3, 0, 1, 0, 0, 0, 1, 0, 1, 0, 0, 0, 1, 0, 0, 1, 0, 0, 0, 0, 2, 0, 0, 2, 0, 0, 0, 0, 0, 0, 0, 1, 1, 1, 3, 2, 3, 1, 1, 0, 3, 2, 1, 2, 0, 0, 3, 0, 0, 1, 0, 1, 0, 0, 1, 0, 0, 2, 0]
event=287:G3_TWC:action:mode=explore,state=1,draw=0.9553358099913787,action=2
event=288:G3_TWC:tournament:reason=action2,left=3,right=11,selected=[51, 8, 83, 31, 94, 11, 15, 22, 57, 19, 84, 40, 73, 1, 81, 14, 99, 16, 3, 79, 2, 74, 5, 91, 62, 43, 68, 76, 97, 77, 88, 30, 53, 20, 58, 93, 24, 72, 49, 59, 38, 28, 92, 67, 9, 18, 17, 87, 12, 26, 71, 98, 95, 63, 21, 47, 27, 37, 96, 6, 78, 10, 32, 46, 48, 56, 29, 64, 60, 23, 7, 36, 34, 85, 52, 55, 61, 54, 89, 41, 66, 39, 33, 42, 86, 80, 75, 50, 70, 35, 4, 0, 90, 69, 65, 44, 25, 13, 82, 45]|[2, 0, 1, 0, 2, 1, 1, 1, 0, 0, 0, 1, 0, 2, 0, 1, 1, 0, 1, 2, 0, 0, 1, 0, 1, 2, 1, 0, 1, 0, 0, 2, 1, 2, 0, 2, 1, 2, 0, 0, 2, 1, 0, 1, 0, 0, 2, 0, 1, 2, 2, 1, 2, 1, 2, 2, 0, 2, 2, 0, 0, 1, 2, 1, 1, 2, 2, 0, 2, 2, 0, 0, 1, 1, 0, 1, 1, 1, 2, 1, 0, 1, 1, 1, 1, 1, 2, 1, 0, 2, 0, 0, 1, 0, 1, 0, 0, 2, 1, 0]|[2, 2, 2, 2, 2, 4, 1, 2, 1, 1, 1, 1, 2, 1, 2, 1, 1, 2, 4, 1, 1, 1, 0, 0, 3, 2, 2, 0, 0, 1, 1, 0, 4, 1, 2, 0, 3, 1, 2, 0, 1, 0, 0, 0, 1, 1, 1, 2, 3, 1, 2, 4, 1, 3, 1, 1, 2, 1, 2, 1, 2, 2, 1, 4, 1, 1, 1, 2, 1, 1, 1, 1, 0, 0, 2, 4, 2, 4, 1, 0, 0, 4, 1, 0, 4, 4, 1, 4, 1, 1, 1, 0, 0, 0, 4, 0, 1, 1, 0, 2]|[0, 0, 1, 1, 0, 2, 2, 2, 1, 0, 0, 0, 1, 1, 0, 1, 0, 1, 3, 0, 0, 0, 0, 0, 3, 1, 1, 0, 1, 0, 1, 0, 3, 0, 0, 0, 3, 0, 1, 0, 1, 3, 0, 1, 0, 0, 0, 1, 0, 1, 0, 0, 0, 1, 0, 0, 1, 0, 0, 0, 0, 2, 0, 0, 2, 0, 0, 0, 0, 0, 0, 0, 1, 1, 1, 3, 2, 3, 1, 1, 0, 3, 2, 1, 2, 0, 0, 3, 0, 0, 1, 0, 1, 0, 0, 1, 0, 0, 2, 0]
event=289:G3_TWC:leader:action=2,fingerprint=[51, 8, 83, 31, 94, 11, 15, 22, 57, 19, 84, 40, 73, 1, 81, 14, 99, 16, 3, 79, 2, 74, 5, 91, 62, 43, 68, 76, 97, 77, 88, 30, 53, 20, 58, 93, 24, 72, 49, 59, 38, 28, 92, 67, 9, 18, 17, 87, 12, 26, 71, 98, 95, 63, 21, 47, 27, 37, 96, 6, 78, 10, 32, 46, 48, 56, 29, 64, 60, 23, 7, 36, 34, 85, 52, 55, 61, 54, 89, 41, 66, 39, 33, 42, 86, 80, 75, 50, 70, 35, 4, 0, 90, 69, 65, 44, 25, 13, 82, 45]|[2, 0, 1, 0, 2, 1, 1, 1, 0, 0, 0, 1, 0, 2, 0, 1, 1, 0, 1, 2, 0, 0, 1, 0, 1, 2, 1, 0, 1, 0, 0, 2, 1, 2, 0, 2, 1, 2, 0, 0, 2, 1, 0, 1, 0, 0, 2, 0, 1, 2, 2, 1, 2, 1, 2, 2, 0, 2, 2, 0, 0, 1, 2, 1, 1, 2, 2, 0, 2, 2, 0, 0, 1, 1, 0, 1, 1, 1, 2, 1, 0, 1, 1, 1, 1, 1, 2, 1, 0, 2, 0, 0, 1, 0, 1, 0, 0, 2, 1, 0]|[2, 2, 2, 2, 2, 4, 1, 2, 1, 1, 1, 1, 2, 1, 2, 1, 1, 2, 4, 1, 1, 1, 0, 0, 3, 2, 2, 0, 0, 1, 1, 0, 4, 1, 2, 0, 3, 1, 2, 0, 1, 0, 0, 0, 1, 1, 1, 2, 3, 1, 2, 4, 1, 3, 1, 1, 2, 1, 2, 1, 2, 2, 1, 4, 1, 1, 1, 2, 1, 1, 1, 1, 0, 0, 2, 4, 2, 4, 1, 0, 0, 4, 1, 0, 4, 4, 1, 4, 1, 1, 1, 0, 0, 0, 4, 0, 1, 1, 0, 2]|[0, 0, 1, 1, 0, 2, 2, 2, 1, 0, 0, 0, 1, 1, 0, 1, 0, 1, 3, 0, 0, 0, 0, 0, 3, 1, 1, 0, 1, 0, 1, 0, 3, 0, 0, 0, 3, 0, 1, 0, 1, 3, 0, 1, 0, 0, 0, 1, 0, 1, 0, 0, 0, 1, 0, 0, 1, 0, 0, 0, 0, 2, 0, 0, 2, 0, 0, 0, 0, 0, 0, 0, 1, 1, 1, 3, 2, 3, 1, 1, 0, 3, 2, 1, 2, 0, 0, 3, 0, 0, 1, 0, 1, 0, 0, 1, 0, 0, 2, 0]
event=290:G1_CMAX:update:state=1,action=1,reward=-73.69228352744608,nextState=1,old=-359.3459879335463,new=-361.16907387428313
event=291:G2_TEC:update:state=1,action=0,reward=-375.6686159771125,nextState=1,old=-1585.7584758261419,new=-1644.275396638026
event=292:G3_TWC:update:state=1,action=2,reward=-5034.69049594723,nextState=1,old=-35681.95367952461,new=-29975.24788462413
event=293:G4_BALANCED:update:state=1,action=1,reward=-0.1246220964519767,nextState=1,old=-0.3780398645093892,new=-0.4270539880594881
event=294:G1_CMAX:action:mode=exploit,state=1,draw=0.3713440781610441,action=1
event=295:G1_CMAX:leader:action=1,fingerprint=[51, 8, 83, 31, 94, 66, 33, 56, 24, 98, 58, 77, 52, 65, 22, 47, 19, 79, 39, 49, 99, 2, 84, 91, 62, 7, 53, 90, 40, 70, 43, 30, 41, 20, 78, 93, 57, 72, 16, 59, 38, 28, 92, 67, 9, 18, 17, 87, 12, 26, 71, 63, 95, 74, 21, 42, 27, 37, 96, 6, 5, 10, 32, 23, 55, 81, 29, 64, 60, 46, 88, 36, 34, 85, 68, 1, 69, 86, 89, 61, 11, 3, 15, 14, 54, 80, 75, 50, 97, 25, 35, 76, 0, 13, 45, 4, 44, 73, 82, 48]|[2, 0, 1, 0, 2, 0, 0, 2, 0, 2, 0, 1, 0, 1, 0, 0, 1, 1, 2, 1, 1, 0, 0, 0, 2, 0, 0, 1, 1, 2, 0, 1, 1, 0, 0, 2, 2, 2, 0, 2, 2, 1, 0, 1, 0, 1, 0, 2, 1, 2, 2, 0, 2, 2, 2, 0, 0, 2, 1, 1, 1, 1, 2, 0, 2, 0, 2, 0, 2, 0, 1, 2, 1, 0, 0, 1, 0, 1, 1, 1, 0, 1, 1, 1, 1, 1, 0, 1, 1, 2, 2, 1, 0, 2, 1, 0, 1, 0, 1, 0]|[2, 2, 2, 2, 0, 0, 1, 1, 1, 0, 2, 4, 2, 1, 0, 0, 0, 0, 1, 0, 1, 1, 1, 0, 1, 1, 2, 4, 1, 1, 1, 2, 0, 2, 2, 0, 1, 1, 2, 0, 1, 0, 0, 4, 1, 2, 2, 1, 1, 1, 2, 0, 1, 2, 1, 1, 2, 1, 0, 3, 0, 2, 1, 0, 2, 2, 1, 2, 2, 2, 1, 0, 4, 1, 2, 4, 2, 4, 2, 1, 0, 4, 1, 0, 4, 4, 1, 0, 1, 2, 1, 4, 0, 1, 2, 1, 1, 2, 0, 0]|[0, 0, 0, 1, 0, 0, 1, 0, 1, 0, 0, 1, 1, 3, 0, 1, 1, 1, 0, 1, 0, 0, 0, 0, 1, 1, 0, 0, 0, 0, 1, 2, 1, 0, 0, 0, 0, 0, 1, 0, 1, 0, 0, 0, 0, 2, 1, 0, 2, 1, 0, 0, 0, 0, 0, 0, 1, 0, 2, 3, 0, 2, 0, 1, 1, 0, 0, 0, 1, 0, 3, 0, 3, 0, 0, 0, 0, 2, 0, 1, 0, 3, 2, 1, 3, 0, 0, 1, 2, 1, 0, 0, 0, 0, 1, 1, 2, 1, 2, 0]
event=296:G4_BALANCED:action:mode=exploit,state=1,draw=0.3600663637555821,action=2
event=297:G4_BALANCED:tournament:reason=action2,left=2,right=8,selected=[51, 8, 83, 31, 98, 11, 15, 22, 57, 19, 84, 40, 73, 1, 81, 14, 99, 16, 3, 79, 2, 74, 5, 91, 62, 43, 68, 76, 97, 77, 88, 30, 53, 20, 58, 93, 24, 72, 49, 59, 38, 28, 92, 67, 9, 18, 17, 87, 12, 26, 71, 94, 95, 63, 21, 47, 27, 37, 96, 6, 78, 10, 32, 23, 55, 56, 29, 64, 60, 36, 70, 66, 54, 4, 44, 48, 42, 34, 89, 41, 85, 46, 75, 52, 86, 80, 25, 50, 7, 35, 65, 61, 90, 0, 69, 33, 39, 13, 82, 45]|[2, 0, 1, 2, 1, 0, 0, 0, 0, 1, 0, 1, 0, 1, 0, 1, 1, 0, 1, 1, 1, 0, 1, 0, 1, 1, 0, 0, 1, 0, 0, 2, 0, 2, 0, 2, 0, 0, 1, 0, 2, 1, 0, 1, 0, 0, 2, 0, 1, 0, 2, 2, 2, 0, 0, 2, 0, 2, 2, 1, 0, 1, 2, 2, 1, 2, 1, 2, 2, 2, 0, 2, 1, 1, 0, 0, 2, 1, 1, 2, 2, 2, 0, 0, 1, 1, 1, 2, 1, 2, 1, 1, 0, 0, 0, 0, 2, 1, 0, 0]|[2, 2, 2, 1, 4, 0, 1, 2, 1, 2, 2, 1, 2, 4, 0, 1, 1, 2, 4, 2, 3, 1, 0, 0, 3, 0, 2, 0, 0, 1, 1, 0, 2, 1, 0, 0, 0, 0, 0, 0, 1, 2, 0, 4, 1, 1, 1, 2, 3, 1, 2, 2, 1, 0, 1, 1, 2, 1, 2, 3, 2, 2, 1, 2, 4, 1, 3, 1, 2, 1, 1, 1, 4, 4, 0, 0, 1, 4, 0, 1, 1, 2, 2, 2, 4, 4, 0, 2, 0, 1, 4, 1, 0, 0, 2, 1, 2, 4, 2, 2]|[0, 0, 1, 0, 2, 0, 0, 0, 1, 3, 0, 1, 1, 0, 0, 1, 0, 1, 3, 1, 3, 0, 0, 0, 3, 0, 0, 0, 1, 1, 1, 0, 0, 0, 0, 0, 0, 0, 1, 0, 1, 0, 0, 0, 0, 0, 0, 1, 0, 0, 0, 0, 0, 0, 0, 0, 1, 0, 0, 3, 0, 2, 0, 0, 3, 0, 0, 0, 1, 0, 0, 0, 2, 1, 1, 0, 0, 3, 0, 0, 0, 0, 1, 1, 2, 0, 1, 0, 3, 0, 1, 1, 0, 0, 1, 1, 0, 3, 1, 0]
event=298:G4_BALANCED:leader:action=2,fingerprint=[51, 8, 83, 31, 98, 11, 15, 22, 57, 19, 84, 40, 73, 1, 81, 14, 99, 16, 3, 79, 2, 74, 5, 91, 62, 43, 68, 76, 97, 77, 88, 30, 53, 20, 58, 93, 24, 72, 49, 59, 38, 28, 92, 67, 9, 18, 17, 87, 12, 26, 71, 94, 95, 63, 21, 47, 27, 37, 96, 6, 78, 10, 32, 23, 55, 56, 29, 64, 60, 36, 70, 66, 54, 4, 44, 48, 42, 34, 89, 41, 85, 46, 75, 52, 86, 80, 25, 50, 7, 35, 65, 61, 90, 0, 69, 33, 39, 13, 82, 45]|[2, 0, 1, 2, 1, 0, 0, 0, 0, 1, 0, 1, 0, 1, 0, 1, 1, 0, 1, 1, 1, 0, 1, 0, 1, 1, 0, 0, 1, 0, 0, 2, 0, 2, 0, 2, 0, 0, 1, 0, 2, 1, 0, 1, 0, 0, 2, 0, 1, 0, 2, 2, 2, 0, 0, 2, 0, 2, 2, 1, 0, 1, 2, 2, 1, 2, 1, 2, 2, 2, 0, 2, 1, 1, 0, 0, 2, 1, 1, 2, 2, 2, 0, 0, 1, 1, 1, 2, 1, 2, 1, 1, 0, 0, 0, 0, 2, 1, 0, 0]|[2, 2, 2, 1, 4, 0, 1, 2, 1, 2, 2, 1, 2, 4, 0, 1, 1, 2, 4, 2, 3, 1, 0, 0, 3, 0, 2, 0, 0, 1, 1, 0, 2, 1, 0, 0, 0, 0, 0, 0, 1, 2, 0, 4, 1, 1, 1, 2, 3, 1, 2, 2, 1, 0, 1, 1, 2, 1, 2, 3, 2, 2, 1, 2, 4, 1, 3, 1, 2, 1, 1, 1, 4, 4, 0, 0, 1, 4, 0, 1, 1, 2, 2, 2, 4, 4, 0, 2, 0, 1, 4, 1, 0, 0, 2, 1, 2, 4, 2, 2]|[0, 0, 1, 0, 2, 0, 0, 0, 1, 3, 0, 1, 1, 0, 0, 1, 0, 1, 3, 1, 3, 0, 0, 0, 3, 0, 0, 0, 1, 1, 1, 0, 0, 0, 0, 0, 0, 0, 1, 0, 1, 0, 0, 0, 0, 0, 0, 1, 0, 0, 0, 0, 0, 0, 0, 0, 1, 0, 0, 3, 0, 2, 0, 0, 3, 0, 0, 0, 1, 0, 0, 0, 2, 1, 1, 0, 0, 3, 0, 0, 0, 0, 1, 1, 2, 0, 1, 0, 3, 0, 1, 1, 0, 0, 1, 1, 0, 3, 1, 0]
event=299:G2_TEC:action:mode=exploit,state=1,draw=0.5720187753678417,action=1
event=300:G2_TEC:leader:action=1,fingerprint=[51, 8, 83, 31, 94, 11, 15, 22, 57, 19, 84, 40, 73, 1, 81, 14, 99, 16, 3, 79, 2, 74, 5, 91, 62, 43, 68, 76, 97, 77, 88, 30, 53, 20, 58, 93, 24, 72, 49, 59, 38, 28, 92, 67, 9, 18, 17, 87, 12, 26, 71, 98, 95, 63, 21, 47, 27, 37, 96, 6, 78, 10, 32, 46, 48, 56, 29, 64, 60, 23, 7, 36, 34, 85, 52, 55, 61, 54, 89, 41, 66, 39, 33, 42, 86, 80, 75, 50, 70, 35, 4, 0, 90, 69, 65, 44, 25, 13, 82, 45]|[2, 0, 1, 0, 2, 1, 1, 1, 0, 0, 0, 1, 0, 2, 0, 1, 1, 0, 1, 2, 0, 0, 1, 0, 1, 2, 1, 0, 1, 0, 0, 2, 1, 2, 0, 2, 1, 2, 0, 0, 2, 1, 0, 1, 0, 0, 2, 0, 1, 2, 2, 1, 2, 1, 2, 2, 0, 2, 2, 0, 0, 1, 2, 1, 1, 2, 2, 0, 2, 2, 0, 0, 1, 1, 0, 1, 1, 1, 2, 1, 0, 1, 1, 1, 1, 1, 2, 1, 0, 2, 0, 0, 1, 0, 1, 0, 0, 2, 1, 0]|[2, 2, 2, 2, 2, 4, 1, 2, 1, 1, 1, 1, 2, 1, 2, 1, 1, 2, 4, 1, 1, 1, 0, 0, 3, 2, 2, 0, 0, 1, 1, 0, 4, 1, 2, 0, 3, 1, 2, 0, 1, 0, 0, 0, 1, 1, 1, 2, 3, 1, 2, 4, 1, 3, 1, 1, 2, 1, 2, 1, 2, 2, 1, 4, 1, 1, 1, 2, 1, 1, 1, 1, 0, 0, 2, 4, 2, 4, 1, 0, 0, 4, 1, 0, 4, 4, 1, 4, 1, 1, 1, 0, 0, 0, 4, 0, 1, 1, 0, 2]|[0, 0, 1, 1, 0, 2, 2, 2, 1, 0, 0, 0, 1, 1, 0, 1, 0, 1, 3, 0, 0, 0, 0, 0, 3, 1, 1, 0, 1, 0, 1, 0, 3, 0, 0, 0, 3, 0, 1, 0, 1, 3, 0, 1, 0, 0, 0, 1, 0, 1, 0, 0, 0, 1, 0, 0, 1, 0, 0, 0, 0, 2, 0, 0, 2, 0, 0, 0, 0, 0, 0, 0, 1, 1, 1, 3, 2, 3, 1, 1, 0, 3, 2, 1, 2, 0, 0, 3, 0, 0, 1, 0, 1, 0, 0, 1, 0, 0, 2, 0]
event=301:G3_TWC:action:mode=exploit,state=1,draw=0.20816976569572399,action=2
event=302:G3_TWC:tournament:reason=action2,left=12,right=5,selected=[58, 8, 83, 31, 94, 11, 15, 22, 57, 19, 84, 40, 73, 1, 81, 14, 99, 16, 3, 79, 2, 74, 5, 91, 62, 43, 68, 76, 97, 77, 88, 30, 53, 20, 51, 93, 24, 72, 49, 59, 38, 28, 92, 67, 9, 18, 17, 87, 12, 26, 71, 98, 41, 63, 21, 47, 27, 37, 96, 6, 78, 10, 32, 46, 48, 56, 29, 64, 60, 23, 7, 85, 86, 55, 69, 65, 61, 54, 89, 95, 66, 36, 75, 52, 34, 80, 25, 50, 70, 35, 4, 42, 90, 0, 44, 33, 39, 13, 82, 45]|[0, 0, 1, 2, 2, 0, 0, 0, 0, 1, 0, 1, 0, 1, 0, 1, 1, 0, 1, 1, 1, 0, 1, 0, 1, 1, 1, 0, 1, 0, 2, 2, 2, 2, 0, 2, 0, 0, 0, 0, 2, 1, 1, 1, 0, 0, 2, 0, 1, 2, 2, 1, 2, 1, 1, 2, 0, 2, 2, 1, 2, 1, 2, 2, 0, 2, 0, 1, 2, 2, 0, 0, 1, 1, 0, 1, 1, 1, 1, 2, 2, 0, 2, 0, 1, 1, 1, 2, 0, 0, 1, 2, 0, 0, 0, 0, 1, 1, 1, 0]|[2, 2, 2, 1, 2, 0, 1, 2, 1, 4, 2, 1, 2, 4, 0, 1, 1, 2, 4, 2, 3, 1, 0, 0, 3, 0, 2, 0, 0, 1, 1, 0, 0, 1, 0, 0, 0, 0, 2, 0, 1, 0, 3, 4, 1, 1, 1, 2, 3, 1, 2, 4, 1, 3, 0, 1, 2, 1, 2, 3, 1, 2, 1, 2, 0, 1, 0, 0, 2, 1, 1, 1, 4, 4, 2, 4, 1, 4, 0, 1, 1, 2, 1, 2, 4, 4, 4, 2, 1, 0, 4, 1, 0, 0, 0, 1, 4, 4, 0, 2]|[0, 0, 1, 0, 0, 0, 1, 0, 1, 0, 0, 0, 1, 0, 0, 1, 0, 1, 3, 1, 3, 0, 0, 0, 3, 0, 1, 0, 1, 1, 0, 0, 0, 0, 0, 0, 0, 0, 1, 0, 1, 3, 1, 0, 0, 0, 0, 1, 0, 1, 0, 2, 0, 1, 1, 0, 1, 0, 0, 3, 1, 2, 0, 0, 0, 0, 0, 3, 0, 0, 0, 0, 2, 3, 1, 0, 1, 3, 0, 0, 0, 0, 0, 1, 3, 0, 0, 0, 0, 1, 1, 0, 0, 0, 1, 1, 3, 3, 2, 0]
event=303:G3_TWC:leader:action=2,fingerprint=[58, 8, 83, 31, 94, 11, 15, 22, 57, 19, 84, 40, 73, 1, 81, 14, 99, 16, 3, 79, 2, 74, 5, 91, 62, 43, 68, 76, 97, 77, 88, 30, 53, 20, 51, 93, 24, 72, 49, 59, 38, 28, 92, 67, 9, 18, 17, 87, 12, 26, 71, 98, 41, 63, 21, 47, 27, 37, 96, 6, 78, 10, 32, 46, 48, 56, 29, 64, 60, 23, 7, 85, 86, 55, 69, 65, 61, 54, 89, 95, 66, 36, 75, 52, 34, 80, 25, 50, 70, 35, 4, 42, 90, 0, 44, 33, 39, 13, 82, 45]|[0, 0, 1, 2, 2, 0, 0, 0, 0, 1, 0, 1, 0, 1, 0, 1, 1, 0, 1, 1, 1, 0, 1, 0, 1, 1, 1, 0, 1, 0, 2, 2, 2, 2, 0, 2, 0, 0, 0, 0, 2, 1, 1, 1, 0, 0, 2, 0, 1, 2, 2, 1, 2, 1, 1, 2, 0, 2, 2, 1, 2, 1, 2, 2, 0, 2, 0, 1, 2, 2, 0, 0, 1, 1, 0, 1, 1, 1, 1, 2, 2, 0, 2, 0, 1, 1, 1, 2, 0, 0, 1, 2, 0, 0, 0, 0, 1, 1, 1, 0]|[2, 2, 2, 1, 2, 0, 1, 2, 1, 4, 2, 1, 2, 4, 0, 1, 1, 2, 4, 2, 3, 1, 0, 0, 3, 0, 2, 0, 0, 1, 1, 0, 0, 1, 0, 0, 0, 0, 2, 0, 1, 0, 3, 4, 1, 1, 1, 2, 3, 1, 2, 4, 1, 3, 0, 1, 2, 1, 2, 3, 1, 2, 1, 2, 0, 1, 0, 0, 2, 1, 1, 1, 4, 4, 2, 4, 1, 4, 0, 1, 1, 2, 1, 2, 4, 4, 4, 2, 1, 0, 4, 1, 0, 0, 0, 1, 4, 4, 0, 2]|[0, 0, 1, 0, 0, 0, 1, 0, 1, 0, 0, 0, 1, 0, 0, 1, 0, 1, 3, 1, 3, 0, 0, 0, 3, 0, 1, 0, 1, 1, 0, 0, 0, 0, 0, 0, 0, 0, 1, 0, 1, 3, 1, 0, 0, 0, 0, 1, 0, 1, 0, 2, 0, 1, 1, 0, 1, 0, 0, 3, 1, 2, 0, 0, 0, 0, 0, 3, 0, 0, 0, 0, 2, 3, 1, 0, 1, 3, 0, 0, 0, 0, 0, 1, 3, 0, 0, 0, 0, 1, 1, 0, 0, 0, 1, 1, 3, 3, 2, 0]
event=304:G1_CMAX:update:state=1,action=1,reward=-25.318517988247322,nextState=1,old=-361.16907387428313,new=-314.2537770876738
event=305:G2_TEC:update:state=1,action=1,reward=-417.505447830481,nextState=1,old=-1637.6668813092735,new=-1727.6389528779
event=306:G3_TWC:update:state=1,action=2,reward=-5649.487935852056,nextState=1,old=-29975.24788462413,new=-29629.68624355136
event=307:G4_BALANCED:update:state=1,action=2,reward=-0.06619228466641994,nextState=1,old=-0.4076567500587602,new=-0.3923176847134281
event=308:G1_CMAX:action:mode=exploit,state=1,draw=0.5670138565923057,action=1
event=309:G1_CMAX:leader:action=1,fingerprint=[51, 8, 83, 31, 94, 66, 33, 56, 24, 98, 58, 77, 52, 65, 22, 47, 19, 79, 39, 49, 99, 2, 84, 91, 62, 7, 53, 90, 40, 70, 43, 30, 41, 20, 78, 93, 57, 72, 16, 59, 38, 28, 92, 67, 9, 18, 17, 87, 12, 26, 71, 63, 95, 74, 21, 42, 27, 37, 96, 6, 5, 10, 32, 23, 55, 81, 29, 64, 60, 46, 88, 36, 34, 85, 68, 1, 69, 86, 89, 61, 11, 3, 15, 14, 54, 80, 75, 50, 97, 25, 35, 76, 0, 13, 45, 4, 44, 73, 82, 48]|[2, 0, 1, 0, 2, 0, 0, 2, 0, 2, 0, 1, 0, 1, 0, 0, 1, 1, 2, 1, 1, 0, 0, 0, 2, 0, 0, 1, 1, 2, 0, 1, 1, 0, 0, 2, 2, 2, 0, 2, 2, 1, 0, 1, 0, 1, 0, 2, 1, 2, 2, 0, 2, 2, 2, 0, 0, 2, 1, 1, 1, 1, 2, 0, 2, 0, 2, 0, 2, 0, 1, 2, 1, 0, 0, 1, 0, 1, 1, 1, 0, 1, 1, 1, 1, 1, 0, 1, 1, 2, 2, 1, 0, 2, 1, 0, 1, 0, 1, 0]|[2, 2, 2, 2, 0, 0, 1, 1, 1, 0, 2, 4, 2, 1, 0, 0, 0, 0, 1, 0, 1, 1, 1, 0, 1, 1, 2, 4, 1, 1, 1, 2, 0, 2, 2, 0, 1, 1, 2, 0, 1, 0, 0, 4, 1, 2, 2, 1, 1, 1, 2, 0, 1, 2, 1, 1, 2, 1, 0, 3, 0, 2, 1, 0, 2, 2, 1, 2, 2, 2, 1, 0, 4, 1, 2, 4, 2, 4, 2, 1, 0, 4, 1, 0, 4, 4, 1, 0, 1, 2, 1, 4, 0, 1, 2, 1, 1, 2, 0, 0]|[0, 0, 0, 1, 0, 0, 1, 0, 1, 0, 0, 1, 1, 3, 0, 1, 1, 1, 0, 1, 0, 0, 0, 0, 1, 1, 0, 0, 0, 0, 1, 2, 1, 0, 0, 0, 0, 0, 1, 0, 1, 0, 0, 0, 0, 2, 1, 0, 2, 1, 0, 0, 0, 0, 0, 0, 1, 0, 2, 3, 0, 2, 0, 1, 1, 0, 0, 0, 1, 0, 3, 0, 3, 0, 0, 0, 0, 2, 0, 1, 0, 3, 2, 1, 3, 0, 0, 1, 2, 1, 0, 0, 0, 0, 1, 1, 2, 1, 2, 0]
event=310:G4_BALANCED:action:mode=explore,state=1,draw=0.8060496032275422,action=1
event=311:G4_BALANCED:leader:action=1,fingerprint=[51, 8, 83, 31, 94, 66, 33, 56, 24, 98, 58, 77, 52, 65, 22, 47, 19, 79, 39, 49, 99, 2, 84, 91, 62, 7, 53, 90, 40, 70, 43, 30, 41, 20, 78, 93, 57, 72, 16, 59, 38, 28, 92, 67, 9, 18, 17, 87, 12, 26, 71, 63, 95, 74, 21, 42, 27, 37, 96, 6, 5, 10, 32, 23, 55, 81, 29, 64, 60, 46, 88, 36, 34, 85, 68, 1, 69, 86, 89, 61, 11, 3, 15, 14, 54, 80, 75, 50, 97, 25, 35, 76, 0, 13, 45, 4, 44, 73, 82, 48]|[2, 0, 1, 0, 2, 0, 0, 2, 0, 2, 0, 1, 0, 1, 0, 0, 1, 1, 2, 1, 1, 0, 0, 0, 2, 0, 0, 1, 1, 2, 0, 1, 1, 0, 0, 2, 2, 2, 0, 2, 2, 1, 0, 1, 0, 1, 0, 2, 1, 2, 2, 0, 2, 2, 2, 0, 0, 2, 1, 1, 1, 1, 2, 0, 2, 0, 2, 0, 2, 0, 1, 2, 1, 0, 0, 1, 0, 1, 1, 1, 0, 1, 1, 1, 1, 1, 0, 1, 1, 2, 2, 1, 0, 2, 1, 0, 1, 0, 1, 0]|[2, 2, 2, 2, 0, 0, 1, 1, 1, 0, 2, 4, 2, 1, 0, 0, 0, 0, 1, 0, 1, 1, 1, 0, 1, 1, 2, 4, 1, 1, 1, 2, 0, 2, 2, 0, 1, 1, 2, 0, 1, 0, 0, 4, 1, 2, 2, 1, 1, 1, 2, 0, 1, 2, 1, 1, 2, 1, 0, 3, 0, 2, 1, 0, 2, 2, 1, 2, 2, 2, 1, 0, 4, 1, 2, 4, 2, 4, 2, 1, 0, 4, 1, 0, 4, 4, 1, 0, 1, 2, 1, 4, 0, 1, 2, 1, 1, 2, 0, 0]|[0, 0, 0, 1, 0, 0, 1, 0, 1, 0, 0, 1, 1, 3, 0, 1, 1, 1, 0, 1, 0, 0, 0, 0, 1, 1, 0, 0, 0, 0, 1, 2, 1, 0, 0, 0, 0, 0, 1, 0, 1, 0, 0, 0, 0, 2, 1, 0, 2, 1, 0, 0, 0, 0, 0, 0, 1, 0, 2, 3, 0, 2, 0, 1, 1, 0, 0, 0, 1, 0, 3, 0, 3, 0, 0, 0, 0, 2, 0, 1, 0, 3, 2, 1, 3, 0, 0, 1, 2, 1, 0, 0, 0, 0, 1, 1, 2, 1, 2, 0]
event=312:G2_TEC:action:mode=exploit,state=1,draw=0.6683131098138517,action=0
event=313:G2_TEC:leader:action=0,fingerprint=[51, 8, 83, 31, 94, 11, 15, 22, 57, 19, 84, 40, 73, 1, 81, 14, 99, 16, 3, 79, 2, 74, 5, 91, 62, 43, 68, 76, 97, 77, 88, 30, 53, 20, 58, 93, 24, 72, 49, 59, 38, 28, 92, 67, 9, 18, 17, 87, 12, 26, 71, 98, 95, 63, 21, 47, 27, 37, 96, 6, 78, 10, 32, 46, 48, 56, 29, 64, 60, 23, 7, 36, 34, 85, 52, 55, 61, 54, 89, 41, 66, 39, 33, 42, 86, 80, 75, 50, 70, 35, 4, 0, 90, 69, 65, 44, 25, 13, 82, 45]|[2, 0, 1, 0, 2, 1, 1, 1, 0, 0, 0, 1, 0, 2, 0, 1, 1, 0, 1, 2, 0, 0, 1, 0, 1, 2, 1, 0, 1, 0, 0, 2, 1, 2, 0, 2, 1, 2, 0, 0, 2, 1, 0, 1, 0, 0, 2, 0, 1, 2, 2, 1, 2, 1, 2, 2, 0, 2, 2, 0, 0, 1, 2, 1, 1, 2, 2, 0, 2, 2, 0, 0, 1, 1, 0, 1, 1, 1, 2, 1, 0, 1, 1, 1, 1, 1, 2, 1, 0, 2, 0, 0, 1, 0, 1, 0, 0, 2, 1, 0]|[2, 2, 2, 2, 2, 4, 1, 2, 1, 1, 1, 1, 2, 1, 2, 1, 1, 2, 4, 1, 1, 1, 0, 0, 3, 2, 2, 0, 0, 1, 1, 0, 4, 1, 2, 0, 3, 1, 2, 0, 1, 0, 0, 0, 1, 1, 1, 2, 3, 1, 2, 4, 1, 3, 1, 1, 2, 1, 2, 1, 2, 2, 1, 4, 1, 1, 1, 2, 1, 1, 1, 1, 0, 0, 2, 4, 2, 4, 1, 0, 0, 4, 1, 0, 4, 4, 1, 4, 1, 1, 1, 0, 0, 0, 4, 0, 1, 1, 0, 2]|[0, 0, 1, 1, 0, 2, 2, 2, 1, 0, 0, 0, 1, 1, 0, 1, 0, 1, 3, 0, 0, 0, 0, 0, 3, 1, 1, 0, 1, 0, 1, 0, 3, 0, 0, 0, 3, 0, 1, 0, 1, 3, 0, 1, 0, 0, 0, 1, 0, 1, 0, 0, 0, 1, 0, 0, 1, 0, 0, 0, 0, 2, 0, 0, 2, 0, 0, 0, 0, 0, 0, 0, 1, 1, 1, 3, 2, 3, 1, 1, 0, 3, 2, 1, 2, 0, 0, 3, 0, 0, 1, 0, 1, 0, 0, 1, 0, 0, 2, 0]
event=314:G3_TWC:action:mode=explore,state=1,draw=0.8602983839545075,action=1
event=315:G3_TWC:leader:action=1,fingerprint=[51, 8, 83, 31, 94, 11, 15, 22, 57, 19, 84, 40, 73, 1, 81, 14, 99, 16, 3, 79, 2, 74, 5, 91, 62, 43, 68, 76, 97, 77, 88, 30, 53, 20, 58, 93, 24, 72, 49, 59, 38, 28, 92, 67, 9, 18, 17, 87, 12, 26, 71, 98, 95, 63, 21, 47, 27, 37, 96, 6, 78, 10, 32, 46, 48, 56, 29, 64, 60, 23, 7, 36, 34, 85, 52, 55, 61, 54, 89, 41, 66, 39, 33, 42, 86, 80, 75, 50, 70, 35, 4, 0, 90, 69, 65, 44, 25, 13, 82, 45]|[2, 0, 1, 0, 2, 1, 1, 1, 0, 0, 0, 1, 0, 2, 0, 1, 1, 0, 1, 2, 0, 0, 1, 0, 1, 2, 1, 0, 1, 0, 0, 2, 1, 2, 0, 2, 1, 2, 0, 0, 2, 1, 0, 1, 0, 0, 2, 0, 1, 2, 2, 1, 2, 1, 2, 2, 0, 2, 2, 0, 0, 1, 2, 1, 1, 2, 2, 0, 2, 2, 0, 0, 1, 1, 0, 1, 1, 1, 2, 1, 0, 1, 1, 1, 1, 1, 2, 1, 0, 2, 0, 0, 1, 0, 1, 0, 0, 2, 1, 0]|[2, 2, 2, 2, 2, 4, 1, 2, 1, 1, 1, 1, 2, 1, 2, 1, 1, 2, 4, 1, 1, 1, 0, 0, 3, 2, 2, 0, 0, 1, 1, 0, 4, 1, 2, 0, 3, 1, 2, 0, 1, 0, 0, 0, 1, 1, 1, 2, 3, 1, 2, 4, 1, 3, 1, 1, 2, 1, 2, 1, 2, 2, 1, 4, 1, 1, 1, 2, 1, 1, 1, 1, 0, 0, 2, 4, 2, 4, 1, 0, 0, 4, 1, 0, 4, 4, 1, 4, 1, 1, 1, 0, 0, 0, 4, 0, 1, 1, 0, 2]|[0, 0, 1, 1, 0, 2, 2, 2, 1, 0, 0, 0, 1, 1, 0, 1, 0, 1, 3, 0, 0, 0, 0, 0, 3, 1, 1, 0, 1, 0, 1, 0, 3, 0, 0, 0, 3, 0, 1, 0, 1, 3, 0, 1, 0, 0, 0, 1, 0, 1, 0, 0, 0, 1, 0, 0, 1, 0, 0, 0, 0, 2, 0, 0, 2, 0, 0, 0, 0, 0, 0, 0, 1, 1, 1, 3, 2, 3, 1, 1, 0, 3, 2, 1, 2, 0, 0, 3, 0, 0, 1, 0, 1, 0, 0, 1, 0, 0, 2, 0]
event=316:G1_CMAX:update:state=1,action=1,reward=-92.12544485062847,nextState=1,old=-314.2537770876738,new=-343.52846652076755
event=317:G2_TEC:update:state=1,action=0,reward=-636.3017444044672,nextState=1,old=-1644.275396638026,new=-1951.722061714888
event=318:G3_TWC:update:state=1,action=1,reward=-5466.138157780661,nextState=1,old=-31175.696735846122,new=-29169.88715262175
event=319:G4_BALANCED:update:state=1,action=1,reward=-0.12457446765832567,nextState=1,old=-0.4270539880594881,new=-0.4384286154290682
event=320:G1_CMAX:action:mode=exploit,state=1,draw=0.5507456948423847,action=1
event=321:G1_CMAX:leader:action=1,fingerprint=[51, 8, 83, 31, 94, 66, 33, 56, 24, 98, 58, 77, 52, 65, 22, 47, 19, 79, 39, 49, 99, 2, 84, 91, 62, 7, 53, 90, 40, 70, 43, 30, 41, 20, 78, 93, 57, 72, 16, 59, 38, 28, 92, 67, 9, 18, 17, 87, 12, 26, 71, 63, 95, 74, 21, 42, 27, 37, 96, 6, 5, 10, 32, 23, 55, 81, 29, 64, 60, 46, 88, 36, 34, 85, 68, 1, 69, 86, 89, 61, 11, 3, 15, 14, 54, 80, 75, 50, 97, 25, 35, 76, 0, 13, 45, 4, 44, 73, 82, 48]|[2, 0, 1, 0, 2, 0, 0, 2, 0, 2, 0, 1, 0, 1, 0, 0, 1, 1, 2, 1, 1, 0, 0, 0, 2, 0, 0, 1, 1, 2, 0, 1, 1, 0, 0, 2, 2, 2, 0, 2, 2, 1, 0, 1, 0, 1, 0, 2, 1, 2, 2, 0, 2, 2, 2, 0, 0, 2, 1, 1, 1, 1, 2, 0, 2, 0, 2, 0, 2, 0, 1, 2, 1, 0, 0, 1, 0, 1, 1, 1, 0, 1, 1, 1, 1, 1, 0, 1, 1, 2, 2, 1, 0, 2, 1, 0, 1, 0, 1, 0]|[2, 2, 2, 2, 0, 0, 1, 1, 1, 0, 2, 4, 2, 1, 0, 0, 0, 0, 1, 0, 1, 1, 1, 0, 1, 1, 2, 4, 1, 1, 1, 2, 0, 2, 2, 0, 1, 1, 2, 0, 1, 0, 0, 4, 1, 2, 2, 1, 1, 1, 2, 0, 1, 2, 1, 1, 2, 1, 0, 3, 0, 2, 1, 0, 2, 2, 1, 2, 2, 2, 1, 0, 4, 1, 2, 4, 2, 4, 2, 1, 0, 4, 1, 0, 4, 4, 1, 0, 1, 2, 1, 4, 0, 1, 2, 1, 1, 2, 0, 0]|[0, 0, 0, 1, 0, 0, 1, 0, 1, 0, 0, 1, 1, 3, 0, 1, 1, 1, 0, 1, 0, 0, 0, 0, 1, 1, 0, 0, 0, 0, 1, 2, 1, 0, 0, 0, 0, 0, 1, 0, 1, 0, 0, 0, 0, 2, 1, 0, 2, 1, 0, 0, 0, 0, 0, 0, 1, 0, 2, 3, 0, 2, 0, 1, 1, 0, 0, 0, 1, 0, 3, 0, 3, 0, 0, 0, 0, 2, 0, 1, 0, 3, 2, 1, 3, 0, 0, 1, 2, 1, 0, 0, 0, 0, 1, 1, 2, 1, 2, 0]
event=322:G4_BALANCED:action:mode=exploit,state=1,draw=0.11377913685091534,action=2
event=323:G4_BALANCED:tournament:reason=action2,left=16,right=3,selected=[51, 8, 83, 31, 94, 11, 15, 22, 57, 19, 84, 40, 73, 1, 81, 14, 99, 16, 3, 79, 2, 74, 5, 91, 62, 43, 68, 76, 97, 77, 88, 30, 53, 20, 58, 93, 24, 72, 49, 59, 38, 28, 92, 67, 9, 18, 17, 87, 12, 26, 71, 98, 95, 63, 21, 47, 27, 37, 96, 6, 78, 10, 32, 46, 48, 56, 29, 64, 60, 23, 7, 36, 34, 85, 52, 55, 61, 54, 89, 41, 4, 39, 33, 42, 86, 65, 13, 66, 0, 80, 90, 75, 35, 50, 82, 44, 25, 45, 70, 69]|[2, 1, 0, 1, 2, 1, 0, 1, 0, 2, 0, 1, 0, 1, 1, 1, 1, 0, 1, 1, 0, 0, 0, 0, 1, 2, 1, 0, 1, 0, 0, 2, 1, 0, 0, 2, 0, 2, 1, 2, 2, 1, 0, 1, 0, 0, 2, 0, 1, 2, 2, 1, 1, 1, 1, 2, 0, 2, 2, 0, 0, 1, 1, 1, 2, 0, 2, 0, 2, 2, 0, 0, 1, 1, 0, 1, 1, 1, 2, 1, 0, 1, 0, 1, 1, 1, 2, 0, 0, 1, 0, 2, 2, 1, 1, 0, 2, 0, 0, 0]|[2, 2, 2, 2, 0, 4, 1, 2, 1, 0, 2, 1, 2, 1, 4, 1, 0, 2, 4, 0, 1, 1, 1, 0, 3, 2, 2, 0, 1, 1, 1, 0, 4, 2, 0, 0, 0, 1, 0, 0, 1, 0, 0, 0, 1, 1, 1, 2, 3, 1, 2, 4, 1, 3, 0, 1, 2, 1, 2, 1, 2, 2, 4, 4, 2, 2, 1, 2, 2, 1, 1, 2, 0, 0, 2, 1, 2, 4, 1, 0, 1, 4, 1, 0, 4, 4, 1, 0, 0, 4, 0, 1, 1, 4, 0, 0, 0, 2, 1, 2]|[0, 3, 1, 1, 0, 2, 0, 2, 1, 0, 0, 0, 1, 3, 0, 1, 1, 1, 3, 1, 0, 0, 0, 0, 3, 1, 1, 0, 0, 1, 1, 0, 3, 0, 0, 0, 0, 0, 1, 0, 1, 3, 0, 1, 0, 0, 0, 1, 0, 1, 0, 0, 0, 1, 1, 0, 1, 0, 0, 0, 0, 2, 0, 0, 1, 0, 0, 0, 1, 0, 0, 0, 2, 1, 1, 3, 2, 3, 1, 1, 1, 3, 1, 1, 2, 0, 0, 0, 0, 0, 0, 0, 0, 3, 2, 1, 0, 0, 0, 0]
event=324:G4_BALANCED:leader:action=2,fingerprint=[51, 8, 83, 31, 94, 11, 15, 22, 57, 19, 84, 40, 73, 1, 81, 14, 99, 16, 3, 79, 2, 74, 5, 91, 62, 43, 68, 76, 97, 77, 88, 30, 53, 20, 58, 93, 24, 72, 49, 59, 38, 28, 92, 67, 9, 18, 17, 87, 12, 26, 71, 98, 95, 63, 21, 47, 27, 37, 96, 6, 78, 10, 32, 46, 48, 56, 29, 64, 60, 23, 7, 36, 34, 85, 52, 55, 61, 54, 89, 41, 4, 39, 33, 42, 86, 65, 13, 66, 0, 80, 90, 75, 35, 50, 82, 44, 25, 45, 70, 69]|[2, 1, 0, 1, 2, 1, 0, 1, 0, 2, 0, 1, 0, 1, 1, 1, 1, 0, 1, 1, 0, 0, 0, 0, 1, 2, 1, 0, 1, 0, 0, 2, 1, 0, 0, 2, 0, 2, 1, 2, 2, 1, 0, 1, 0, 0, 2, 0, 1, 2, 2, 1, 1, 1, 1, 2, 0, 2, 2, 0, 0, 1, 1, 1, 2, 0, 2, 0, 2, 2, 0, 0, 1, 1, 0, 1, 1, 1, 2, 1, 0, 1, 0, 1, 1, 1, 2, 0, 0, 1, 0, 2, 2, 1, 1, 0, 2, 0, 0, 0]|[2, 2, 2, 2, 0, 4, 1, 2, 1, 0, 2, 1, 2, 1, 4, 1, 0, 2, 4, 0, 1, 1, 1, 0, 3, 2, 2, 0, 1, 1, 1, 0, 4, 2, 0, 0, 0, 1, 0, 0, 1, 0, 0, 0, 1, 1, 1, 2, 3, 1, 2, 4, 1, 3, 0, 1, 2, 1, 2, 1, 2, 2, 4, 4, 2, 2, 1, 2, 2, 1, 1, 2, 0, 0, 2, 1, 2, 4, 1, 0, 1, 4, 1, 0, 4, 4, 1, 0, 0, 4, 0, 1, 1, 4, 0, 0, 0, 2, 1, 2]|[0, 3, 1, 1, 0, 2, 0, 2, 1, 0, 0, 0, 1, 3, 0, 1, 1, 1, 3, 1, 0, 0, 0, 0, 3, 1, 1, 0, 0, 1, 1, 0, 3, 0, 0, 0, 0, 0, 1, 0, 1, 3, 0, 1, 0, 0, 0, 1, 0, 1, 0, 0, 0, 1, 1, 0, 1, 0, 0, 0, 0, 2, 0, 0, 1, 0, 0, 0, 1, 0, 0, 0, 2, 1, 1, 3, 2, 3, 1, 1, 1, 3, 1, 1, 2, 0, 0, 0, 0, 0, 0, 0, 0, 3, 2, 1, 0, 0, 0, 0]
event=325:G2_TEC:action:mode=exploit,state=1,draw=0.39071761555488527,action=1
event=326:G2_TEC:leader:action=1,fingerprint=[51, 8, 83, 31, 94, 11, 15, 22, 57, 19, 84, 40, 73, 1, 81, 14, 99, 16, 3, 79, 2, 74, 5, 91, 62, 43, 68, 76, 97, 77, 88, 30, 53, 20, 58, 93, 24, 72, 49, 59, 38, 28, 92, 67, 9, 18, 17, 87, 12, 26, 71, 98, 95, 63, 21, 47, 27, 37, 96, 6, 78, 10, 32, 46, 48, 56, 29, 64, 60, 23, 7, 36, 34, 85, 52, 55, 61, 54, 89, 41, 66, 39, 33, 42, 86, 80, 75, 50, 70, 35, 4, 0, 90, 69, 65, 44, 25, 13, 82, 45]|[2, 0, 1, 0, 2, 1, 1, 1, 0, 0, 0, 1, 0, 2, 0, 1, 1, 0, 1, 2, 0, 0, 1, 0, 1, 2, 1, 0, 1, 0, 0, 2, 1, 2, 0, 2, 1, 2, 0, 0, 2, 1, 0, 1, 0, 0, 2, 0, 1, 2, 2, 1, 2, 1, 2, 2, 0, 2, 2, 0, 0, 1, 2, 1, 1, 2, 2, 0, 2, 2, 0, 0, 1, 1, 0, 1, 1, 1, 2, 1, 0, 1, 1, 1, 1, 1, 2, 1, 0, 2, 0, 0, 1, 0, 1, 0, 0, 2, 1, 0]|[2, 2, 2, 2, 2, 4, 1, 2, 1, 1, 1, 1, 2, 1, 2, 1, 1, 2, 4, 1, 1, 1, 0, 0, 3, 2, 2, 0, 0, 1, 1, 0, 4, 1, 2, 0, 3, 1, 2, 0, 1, 0, 0, 0, 1, 1, 1, 2, 3, 1, 2, 4, 1, 3, 1, 1, 2, 1, 2, 1, 2, 2, 1, 4, 1, 1, 1, 2, 1, 1, 1, 1, 0, 0, 2, 4, 2, 4, 1, 0, 0, 4, 1, 0, 4, 4, 1, 4, 1, 1, 1, 0, 0, 0, 4, 0, 1, 1, 0, 2]|[0, 0, 1, 1, 0, 2, 2, 2, 1, 0, 0, 0, 1, 1, 0, 1, 0, 1, 3, 0, 0, 0, 0, 0, 3, 1, 1, 0, 1, 0, 1, 0, 3, 0, 0, 0, 3, 0, 1, 0, 1, 3, 0, 1, 0, 0, 0, 1, 0, 1, 0, 0, 0, 1, 0, 0, 1, 0, 0, 0, 0, 2, 0, 0, 2, 0, 0, 0, 0, 0, 0, 0, 1, 1, 1, 3, 2, 3, 1, 1, 0, 3, 2, 1, 2, 0, 0, 3, 0, 0, 1, 0, 1, 0, 0, 1, 0, 0, 2, 0]
event=327:G3_TWC:action:mode=exploit,state=1,draw=0.4966715143347804,action=1
event=328:G3_TWC:leader:action=1,fingerprint=[51, 8, 83, 31, 94, 11, 15, 22, 57, 19, 84, 40, 73, 1, 81, 14, 99, 16, 3, 79, 2, 74, 5, 91, 62, 43, 68, 76, 97, 77, 88, 30, 53, 20, 58, 93, 24, 72, 49, 59, 38, 28, 92, 67, 9, 18, 17, 87, 12, 26, 71, 98, 95, 63, 21, 47, 27, 37, 96, 6, 78, 10, 32, 46, 48, 56, 29, 64, 60, 23, 7, 36, 34, 85, 52, 55, 61, 54, 89, 41, 66, 39, 33, 42, 86, 80, 75, 50, 70, 35, 4, 0, 90, 69, 65, 44, 25, 13, 82, 45]|[2, 0, 1, 0, 2, 1, 1, 1, 0, 0, 0, 1, 0, 2, 0, 1, 1, 0, 1, 2, 0, 0, 1, 0, 1, 2, 1, 0, 1, 0, 0, 2, 1, 2, 0, 2, 1, 2, 0, 0, 2, 1, 0, 1, 0, 0, 2, 0, 1, 2, 2, 1, 2, 1, 2, 2, 0, 2, 2, 0, 0, 1, 2, 1, 1, 2, 2, 0, 2, 2, 0, 0, 1, 1, 0, 1, 1, 1, 2, 1, 0, 1, 1, 1, 1, 1, 2, 1, 0, 2, 0, 0, 1, 0, 1, 0, 0, 2, 1, 0]|[2, 2, 2, 2, 2, 4, 1, 2, 1, 1, 1, 1, 2, 1, 2, 1, 1, 2, 4, 1, 1, 1, 0, 0, 3, 2, 2, 0, 0, 1, 1, 0, 4, 1, 2, 0, 3, 1, 2, 0, 1, 0, 0, 0, 1, 1, 1, 2, 3, 1, 2, 4, 1, 3, 1, 1, 2, 1, 2, 1, 2, 2, 1, 4, 1, 1, 1, 2, 1, 1, 1, 1, 0, 0, 2, 4, 2, 4, 1, 0, 0, 4, 1, 0, 4, 4, 1, 4, 1, 1, 1, 0, 0, 0, 4, 0, 1, 1, 0, 2]|[0, 0, 1, 1, 0, 2, 2, 2, 1, 0, 0, 0, 1, 1, 0, 1, 0, 1, 3, 0, 0, 0, 0, 0, 3, 1, 1, 0, 1, 0, 1, 0, 3, 0, 0, 0, 3, 0, 1, 0, 1, 3, 0, 1, 0, 0, 0, 1, 0, 1, 0, 0, 0, 1, 0, 0, 1, 0, 0, 0, 0, 2, 0, 0, 2, 0, 0, 0, 0, 0, 0, 0, 1, 1, 1, 3, 2, 3, 1, 1, 0, 3, 2, 1, 2, 0, 0, 3, 0, 0, 1, 0, 1, 0, 0, 1, 0, 0, 2, 0]
event=329:G1_CMAX:update:state=1,action=1,reward=-69.11198940953818,nextState=1,old=-343.52846652076755,new=-343.93476262615224
event=330:G2_TEC:update:state=1,action=1,reward=-274.899597730051,nextState=1,old=-1727.6389528779,new=-1657.010760032371
event=331:G3_TWC:update:state=1,action=1,reward=-3992.921074818558,nextState=1,old=-29169.88715262175,new=-27328.83079691596
event=332:G4_BALANCED:update:state=1,action=2,reward=-0.053385550679024424,nextState=1,old=-0.3923176847134281,new=-0.3672396984497669
event=333:G1_CMAX:action:mode=explore,state=1,draw=0.9612395323004724,action=0
event=334:G1_CMAX:leader:action=0,fingerprint=[51, 8, 83, 31, 94, 11, 15, 22, 57, 19, 84, 40, 73, 1, 81, 47, 98, 79, 39, 49, 99, 2, 58, 91, 62, 7, 68, 76, 97, 77, 88, 30, 53, 20, 5, 93, 24, 72, 16, 59, 38, 28, 92, 67, 9, 18, 17, 87, 12, 26, 71, 74, 95, 63, 36, 14, 27, 37, 96, 6, 78, 56, 32, 23, 55, 48, 64, 35, 46, 60, 43, 21, 34, 85, 52, 10, 61, 54, 89, 41, 66, 3, 33, 42, 86, 80, 29, 4, 0, 25, 90, 75, 13, 50, 82, 44, 65, 45, 70, 69]|[0, 0, 1, 1, 2, 0, 1, 1, 2, 0, 0, 1, 0, 1, 2, 0, 1, 1, 1, 0, 1, 0, 0, 0, 1, 2, 1, 0, 1, 1, 0, 2, 1, 0, 1, 2, 0, 0, 0, 0, 2, 1, 0, 1, 0, 2, 2, 0, 1, 2, 2, 2, 2, 2, 0, 0, 0, 1, 2, 0, 0, 1, 2, 2, 1, 2, 2, 1, 1, 1, 2, 0, 1, 1, 0, 0, 1, 1, 2, 1, 0, 1, 0, 0, 1, 1, 2, 0, 0, 0, 1, 2, 1, 2, 1, 0, 1, 1, 2, 0]|[0, 2, 0, 2, 2, 0, 1, 2, 1, 1, 1, 0, 2, 1, 1, 0, 1, 2, 4, 2, 1, 1, 2, 0, 3, 2, 2, 0, 0, 1, 1, 0, 4, 2, 2, 0, 1, 0, 2, 0, 1, 3, 0, 0, 1, 0, 1, 2, 3, 1, 2, 2, 1, 2, 1, 0, 2, 4, 2, 1, 2, 2, 1, 0, 4, 1, 1, 0, 4, 4, 2, 1, 0, 0, 2, 1, 2, 4, 1, 0, 0, 4, 1, 2, 4, 4, 1, 1, 0, 1, 4, 1, 2, 2, 0, 0, 4, 1, 1, 2]|[0, 0, 1, 1, 0, 0, 2, 2, 0, 0, 0, 1, 1, 3, 0, 1, 0, 1, 3, 1, 0, 0, 0, 0, 3, 1, 1, 0, 1, 0, 1, 0, 3, 0, 0, 0, 1, 0, 1, 0, 1, 2, 0, 1, 0, 0, 0, 1, 0, 1, 0, 0, 0, 0, 0, 1, 1, 1, 0, 0, 0, 2, 0, 0, 3, 0, 0, 3, 0, 0, 1, 0, 1, 1, 1, 0, 2, 3, 1, 1, 0, 3, 1, 0, 0, 0, 0, 1, 0, 0, 3, 0, 2, 0, 2, 1, 0, 2, 0, 0]
event=335:G4_BALANCED:action:mode=exploit,state=1,draw=0.3302928545710817,action=2
event=336:G4_BALANCED:tournament:reason=action2,left=6,right=16,selected=[51, 8, 83, 31, 94, 11, 15, 22, 57, 19, 84, 40, 73, 1, 81, 14, 99, 16, 3, 79, 2, 74, 5, 91, 62, 43, 68, 76, 97, 77, 88, 30, 53, 20, 33, 93, 24, 72, 59, 49, 38, 28, 92, 67, 9, 18, 17, 87, 12, 26, 71, 98, 95, 63, 21, 47, 27, 37, 96, 6, 78, 66, 32, 46, 48, 56, 29, 64, 60, 23, 7, 36, 34, 85, 52, 55, 61, 54, 89, 41, 10, 39, 58, 42, 86, 80, 75, 90, 45, 35, 4, 0, 50, 69, 65, 44, 25, 13, 82, 70]|[2, 0, 1, 0, 2, 0, 0, 0, 2, 0, 0, 1, 0, 1, 0, 1, 1, 0, 1, 2, 0, 0, 1, 0, 1, 2, 1, 1, 1, 0, 0, 2, 1, 2, 1, 2, 1, 2, 0, 0, 2, 1, 1, 1, 0, 0, 2, 0, 1, 2, 2, 1, 2, 0, 2, 2, 0, 2, 2, 0, 0, 0, 2, 0, 1, 2, 2, 0, 2, 1, 0, 0, 1, 1, 0, 0, 1, 1, 2, 1, 0, 1, 0, 1, 1, 1, 2, 1, 2, 0, 0, 0, 1, 0, 1, 0, 1, 2, 1, 0]|[2, 2, 2, 2, 0, 0, 1, 0, 0, 1, 1, 1, 2, 4, 2, 1, 1, 2, 4, 1, 1, 0, 0, 0, 3, 2, 2, 4, 0, 1, 1, 0, 4, 1, 1, 0, 3, 1, 0, 2, 1, 0, 3, 0, 1, 1, 1, 2, 3, 1, 2, 4, 1, 2, 1, 1, 2, 1, 2, 1, 2, 0, 1, 2, 2, 1, 1, 2, 1, 3, 1, 1, 0, 0, 2, 2, 2, 4, 1, 0, 0, 4, 2, 0, 4, 4, 1, 0, 1, 0, 1, 0, 4, 0, 4, 0, 0, 1, 0, 0]|[0, 0, 1, 1, 0, 0, 0, 0, 0, 0, 0, 0, 1, 0, 0, 1, 0, 1, 3, 0, 1, 0, 0, 0, 3, 1, 1, 0, 1, 0, 1, 0, 3, 0, 2, 0, 3, 0, 0, 1, 1, 0, 1, 1, 0, 0, 0, 1, 0, 1, 0, 0, 0, 0, 0, 0, 1, 0, 0, 0, 0, 0, 0, 0, 2, 0, 0, 0, 0, 3, 0, 0, 1, 1, 1, 0, 2, 3, 1, 1, 0, 3, 0, 1, 2, 0, 0, 1, 0, 1, 1, 0, 3, 0, 0, 1, 1, 0, 2, 0]
event=337:G4_BALANCED:leader:action=2,fingerprint=[51, 8, 83, 31, 94, 11, 15, 22, 57, 19, 84, 40, 73, 1, 81, 14, 99, 16, 3, 79, 2, 74, 5, 91, 62, 43, 68, 76, 97, 77, 88, 30, 53, 20, 33, 93, 24, 72, 59, 49, 38, 28, 92, 67, 9, 18, 17, 87, 12, 26, 71, 98, 95, 63, 21, 47, 27, 37, 96, 6, 78, 66, 32, 46, 48, 56, 29, 64, 60, 23, 7, 36, 34, 85, 52, 55, 61, 54, 89, 41, 10, 39, 58, 42, 86, 80, 75, 90, 45, 35, 4, 0, 50, 69, 65, 44, 25, 13, 82, 70]|[2, 0, 1, 0, 2, 0, 0, 0, 2, 0, 0, 1, 0, 1, 0, 1, 1, 0, 1, 2, 0, 0, 1, 0, 1, 2, 1, 1, 1, 0, 0, 2, 1, 2, 1, 2, 1, 2, 0, 0, 2, 1, 1, 1, 0, 0, 2, 0, 1, 2, 2, 1, 2, 0, 2, 2, 0, 2, 2, 0, 0, 0, 2, 0, 1, 2, 2, 0, 2, 1, 0, 0, 1, 1, 0, 0, 1, 1, 2, 1, 0, 1, 0, 1, 1, 1, 2, 1, 2, 0, 0, 0, 1, 0, 1, 0, 1, 2, 1, 0]|[2, 2, 2, 2, 0, 0, 1, 0, 0, 1, 1, 1, 2, 4, 2, 1, 1, 2, 4, 1, 1, 0, 0, 0, 3, 2, 2, 4, 0, 1, 1, 0, 4, 1, 1, 0, 3, 1, 0, 2, 1, 0, 3, 0, 1, 1, 1, 2, 3, 1, 2, 4, 1, 2, 1, 1, 2, 1, 2, 1, 2, 0, 1, 2, 2, 1, 1, 2, 1, 3, 1, 1, 0, 0, 2, 2, 2, 4, 1, 0, 0, 4, 2, 0, 4, 4, 1, 0, 1, 0, 1, 0, 4, 0, 4, 0, 0, 1, 0, 0]|[0, 0, 1, 1, 0, 0, 0, 0, 0, 0, 0, 0, 1, 0, 0, 1, 0, 1, 3, 0, 1, 0, 0, 0, 3, 1, 1, 0, 1, 0, 1, 0, 3, 0, 2, 0, 3, 0, 0, 1, 1, 0, 1, 1, 0, 0, 0, 1, 0, 1, 0, 0, 0, 0, 0, 0, 1, 0, 0, 0, 0, 0, 0, 0, 2, 0, 0, 0, 0, 3, 0, 0, 1, 1, 1, 0, 2, 3, 1, 1, 0, 3, 0, 1, 2, 0, 0, 1, 0, 1, 1, 0, 3, 0, 0, 1, 1, 0, 2, 0]
event=338:G2_TEC:action:mode=exploit,state=1,draw=0.7717037916172262,action=1
event=339:G2_TEC:leader:action=1,fingerprint=[51, 8, 83, 31, 94, 11, 15, 22, 57, 19, 84, 40, 73, 1, 81, 14, 99, 16, 3, 79, 2, 74, 5, 91, 62, 43, 68, 76, 97, 77, 88, 30, 53, 20, 58, 93, 24, 72, 49, 59, 38, 28, 92, 67, 9, 18, 17, 87, 12, 26, 71, 98, 95, 63, 21, 47, 27, 37, 96, 6, 78, 10, 32, 46, 48, 56, 29, 64, 60, 23, 7, 36, 34, 85, 52, 55, 61, 54, 89, 41, 66, 39, 33, 42, 86, 80, 75, 50, 70, 35, 4, 0, 90, 69, 65, 44, 25, 13, 82, 45]|[2, 0, 1, 0, 2, 1, 1, 1, 0, 0, 0, 1, 0, 2, 0, 1, 1, 0, 1, 2, 0, 0, 1, 0, 1, 2, 1, 0, 1, 0, 0, 2, 1, 2, 0, 2, 1, 2, 0, 0, 2, 1, 0, 1, 0, 0, 2, 0, 1, 2, 2, 1, 2, 1, 2, 2, 0, 2, 2, 0, 0, 1, 2, 1, 1, 2, 2, 0, 2, 2, 0, 0, 1, 1, 0, 1, 1, 1, 2, 1, 0, 1, 1, 1, 1, 1, 2, 1, 0, 2, 0, 0, 1, 0, 1, 0, 0, 2, 1, 0]|[2, 2, 2, 2, 2, 4, 1, 2, 1, 1, 1, 1, 2, 1, 2, 1, 1, 2, 4, 1, 1, 1, 0, 0, 3, 2, 2, 0, 0, 1, 1, 0, 4, 1, 2, 0, 3, 1, 2, 0, 1, 0, 0, 0, 1, 1, 1, 2, 3, 1, 2, 4, 1, 3, 1, 1, 2, 1, 2, 1, 2, 2, 1, 4, 1, 1, 1, 2, 1, 1, 1, 1, 0, 0, 2, 4, 2, 4, 1, 0, 0, 4, 1, 0, 4, 4, 1, 4, 1, 1, 1, 0, 0, 0, 4, 0, 1, 1, 0, 2]|[0, 0, 1, 1, 0, 2, 2, 2, 1, 0, 0, 0, 1, 1, 0, 1, 0, 1, 3, 0, 0, 0, 0, 0, 3, 1, 1, 0, 1, 0, 1, 0, 3, 0, 0, 0, 3, 0, 1, 0, 1, 3, 0, 1, 0, 0, 0, 1, 0, 1, 0, 0, 0, 1, 0, 0, 1, 0, 0, 0, 0, 2, 0, 0, 2, 0, 0, 0, 0, 0, 0, 0, 1, 1, 1, 3, 2, 3, 1, 1, 0, 3, 2, 1, 2, 0, 0, 3, 0, 0, 1, 0, 1, 0, 0, 1, 0, 0, 2, 0]
event=340:G3_TWC:action:mode=exploit,state=1,draw=0.5460020385763559,action=1
event=341:G3_TWC:leader:action=1,fingerprint=[51, 8, 83, 31, 94, 11, 15, 22, 57, 19, 84, 40, 73, 1, 81, 14, 99, 16, 3, 79, 2, 74, 5, 91, 62, 43, 68, 76, 97, 77, 88, 30, 53, 20, 58, 93, 24, 72, 49, 59, 38, 28, 92, 67, 9, 18, 17, 87, 12, 26, 71, 98, 95, 63, 21, 47, 27, 37, 96, 6, 78, 10, 32, 46, 48, 56, 29, 64, 60, 23, 7, 36, 34, 85, 52, 55, 61, 54, 89, 41, 66, 39, 33, 42, 86, 80, 75, 50, 70, 35, 4, 0, 90, 69, 65, 44, 25, 13, 82, 45]|[2, 0, 1, 0, 2, 1, 1, 1, 0, 0, 0, 1, 0, 2, 0, 1, 1, 0, 1, 2, 0, 0, 1, 0, 1, 2, 1, 0, 1, 0, 0, 2, 1, 2, 0, 2, 1, 2, 0, 0, 2, 1, 0, 1, 0, 0, 2, 0, 1, 2, 2, 1, 2, 1, 2, 2, 0, 2, 2, 0, 0, 1, 2, 1, 1, 2, 2, 0, 2, 2, 0, 0, 1, 1, 0, 1, 1, 1, 2, 1, 0, 1, 1, 1, 1, 1, 2, 1, 0, 2, 0, 0, 1, 0, 1, 0, 0, 2, 1, 0]|[2, 2, 2, 2, 2, 4, 1, 2, 1, 1, 1, 1, 2, 1, 2, 1, 1, 2, 4, 1, 1, 1, 0, 0, 3, 2, 2, 0, 0, 1, 1, 0, 4, 1, 2, 0, 3, 1, 2, 0, 1, 0, 0, 0, 1, 1, 1, 2, 3, 1, 2, 4, 1, 3, 1, 1, 2, 1, 2, 1, 2, 2, 1, 4, 1, 1, 1, 2, 1, 1, 1, 1, 0, 0, 2, 4, 2, 4, 1, 0, 0, 4, 1, 0, 4, 4, 1, 4, 1, 1, 1, 0, 0, 0, 4, 0, 1, 1, 0, 2]|[0, 0, 1, 1, 0, 2, 2, 2, 1, 0, 0, 0, 1, 1, 0, 1, 0, 1, 3, 0, 0, 0, 0, 0, 3, 1, 1, 0, 1, 0, 1, 0, 3, 0, 0, 0, 3, 0, 1, 0, 1, 3, 0, 1, 0, 0, 0, 1, 0, 1, 0, 0, 0, 1, 0, 0, 1, 0, 0, 0, 0, 2, 0, 0, 2, 0, 0, 0, 0, 0, 0, 0, 1, 1, 1, 3, 2, 3, 1, 1, 0, 3, 2, 1, 2, 0, 0, 3, 0, 0, 1, 0, 1, 0, 0, 1, 0, 0, 2, 0]
event=342:G1_CMAX:update:state=1,action=0,reward=-98.99380456222593,nextState=1,old=-387.59819987431143,new=-374.1416146631477
event=343:G2_TEC:update:state=1,action=1,reward=-659.0991394837547,nextState=1,old=-1657.010760032371,new=-1984.7077475096517
event=344:G3_TWC:update:state=1,action=1,reward=-8732.123138671523,nextState=1,old=-27328.83079691596,new=-30595.187776204293
event=345:G4_BALANCED:update:state=1,action=2,reward=-0.14626283385231284,nextState=1,old=-0.3672396984497669,new=-0.4400545926121263
event=346:G1_CMAX:action:mode=exploit,state=1,draw=0.3877048993147798,action=1
event=347:G1_CMAX:leader:action=1,fingerprint=[51, 8, 83, 31, 94, 11, 15, 22, 57, 19, 84, 40, 73, 1, 81, 47, 98, 79, 39, 49, 99, 2, 58, 91, 62, 7, 68, 76, 97, 77, 88, 30, 53, 20, 5, 93, 24, 72, 16, 59, 38, 28, 92, 67, 9, 18, 17, 87, 12, 26, 71, 74, 95, 63, 36, 14, 27, 37, 96, 6, 78, 56, 32, 23, 55, 48, 64, 35, 46, 60, 43, 21, 34, 85, 52, 10, 61, 54, 89, 41, 66, 3, 33, 42, 86, 80, 29, 4, 0, 25, 90, 75, 13, 50, 82, 44, 65, 45, 70, 69]|[0, 0, 1, 1, 2, 0, 1, 1, 2, 0, 0, 1, 0, 1, 2, 0, 1, 1, 1, 0, 1, 0, 0, 0, 1, 2, 1, 0, 1, 1, 0, 2, 1, 0, 1, 2, 0, 0, 0, 0, 2, 1, 0, 1, 0, 2, 2, 0, 1, 2, 2, 2, 2, 2, 0, 0, 0, 1, 2, 0, 0, 1, 2, 2, 1, 2, 2, 1, 1, 1, 2, 0, 1, 1, 0, 0, 1, 1, 2, 1, 0, 1, 0, 0, 1, 1, 2, 0, 0, 0, 1, 2, 1, 2, 1, 0, 1, 1, 2, 0]|[0, 2, 0, 2, 2, 0, 1, 2, 1, 1, 1, 0, 2, 1, 1, 0, 1, 2, 4, 2, 1, 1, 2, 0, 3, 2, 2, 0, 0, 1, 1, 0, 4, 2, 2, 0, 1, 0, 2, 0, 1, 3, 0, 0, 1, 0, 1, 2, 3, 1, 2, 2, 1, 2, 1, 0, 2, 4, 2, 1, 2, 2, 1, 0, 4, 1, 1, 0, 4, 4, 2, 1, 0, 0, 2, 1, 2, 4, 1, 0, 0, 4, 1, 2, 4, 4, 1, 1, 0, 1, 4, 1, 2, 2, 0, 0, 4, 1, 1, 2]|[0, 0, 1, 1, 0, 0, 2, 2, 0, 0, 0, 1, 1, 3, 0, 1, 0, 1, 3, 1, 0, 0, 0, 0, 3, 1, 1, 0, 1, 0, 1, 0, 3, 0, 0, 0, 1, 0, 1, 0, 1, 2, 0, 1, 0, 0, 0, 1, 0, 1, 0, 0, 0, 0, 0, 1, 1, 1, 0, 0, 0, 2, 0, 0, 3, 0, 0, 3, 0, 0, 1, 0, 1, 1, 1, 0, 2, 3, 1, 1, 0, 3, 1, 0, 0, 0, 0, 1, 0, 0, 3, 0, 2, 0, 2, 1, 0, 2, 0, 0]
event=348:G4_BALANCED:action:mode=explore,state=1,draw=0.9347117938346885,action=0
event=349:G4_BALANCED:leader:action=0,fingerprint=[51, 8, 83, 31, 94, 11, 15, 22, 57, 19, 84, 40, 73, 1, 81, 14, 99, 16, 3, 79, 2, 74, 5, 91, 62, 43, 68, 76, 97, 77, 88, 30, 53, 20, 33, 93, 24, 72, 59, 49, 38, 28, 92, 67, 9, 18, 17, 87, 12, 26, 71, 98, 95, 63, 21, 47, 27, 37, 96, 6, 78, 66, 32, 46, 48, 56, 29, 64, 60, 23, 7, 36, 34, 85, 52, 55, 61, 54, 89, 41, 10, 39, 58, 42, 86, 80, 75, 90, 45, 35, 4, 0, 50, 69, 65, 44, 25, 13, 82, 70]|[2, 0, 1, 0, 2, 0, 0, 0, 2, 0, 0, 1, 0, 1, 0, 1, 1, 0, 1, 2, 0, 0, 1, 0, 1, 2, 1, 1, 1, 0, 0, 2, 1, 2, 1, 2, 1, 2, 0, 0, 2, 1, 1, 1, 0, 0, 2, 0, 1, 2, 2, 1, 2, 0, 2, 2, 0, 2, 2, 0, 0, 0, 2, 0, 1, 2, 2, 0, 2, 1, 0, 0, 1, 1, 0, 0, 1, 1, 2, 1, 0, 1, 0, 1, 1, 1, 2, 1, 2, 0, 0, 0, 1, 0, 1, 0, 1, 2, 1, 0]|[2, 2, 2, 2, 0, 0, 1, 0, 0, 1, 1, 1, 2, 4, 2, 1, 1, 2, 4, 1, 1, 0, 0, 0, 3, 2, 2, 4, 0, 1, 1, 0, 4, 1, 1, 0, 3, 1, 0, 2, 1, 0, 3, 0, 1, 1, 1, 2, 3, 1, 2, 4, 1, 2, 1, 1, 2, 1, 2, 1, 2, 0, 1, 2, 2, 1, 1, 2, 1, 3, 1, 1, 0, 0, 2, 2, 2, 4, 1, 0, 0, 4, 2, 0, 4, 4, 1, 0, 1, 0, 1, 0, 4, 0, 4, 0, 0, 1, 0, 0]|[0, 0, 1, 1, 0, 0, 0, 0, 0, 0, 0, 0, 1, 0, 0, 1, 0, 1, 3, 0, 1, 0, 0, 0, 3, 1, 1, 0, 1, 0, 1, 0, 3, 0, 2, 0, 3, 0, 0, 1, 1, 0, 1, 1, 0, 0, 0, 1, 0, 1, 0, 0, 0, 0, 0, 0, 1, 0, 0, 0, 0, 0, 0, 0, 2, 0, 0, 0, 0, 3, 0, 0, 1, 1, 1, 0, 2, 3, 1, 1, 0, 3, 0, 1, 2, 0, 0, 1, 0, 1, 1, 0, 3, 0, 0, 1, 1, 0, 2, 0]
event=350:G2_TEC:action:mode=exploit,state=1,draw=0.6010201015807405,action=0
event=351:G2_TEC:leader:action=0,fingerprint=[51, 8, 83, 31, 94, 11, 15, 22, 57, 19, 84, 40, 73, 1, 81, 14, 99, 16, 3, 79, 2, 74, 5, 91, 62, 43, 68, 76, 97, 77, 88, 30, 53, 20, 58, 93, 24, 72, 49, 59, 38, 28, 92, 67, 9, 18, 17, 87, 12, 26, 71, 98, 95, 63, 21, 47, 27, 37, 96, 6, 78, 10, 32, 46, 48, 56, 29, 64, 60, 23, 7, 36, 34, 85, 52, 55, 61, 54, 89, 41, 66, 39, 33, 42, 86, 80, 75, 50, 70, 35, 4, 0, 90, 69, 65, 44, 25, 13, 82, 45]|[2, 0, 1, 0, 2, 1, 1, 1, 0, 0, 0, 1, 0, 2, 0, 1, 1, 0, 1, 2, 0, 0, 1, 0, 1, 2, 1, 0, 1, 0, 0, 2, 1, 2, 0, 2, 1, 2, 0, 0, 2, 1, 0, 1, 0, 0, 2, 0, 1, 2, 2, 1, 2, 1, 2, 2, 0, 2, 2, 0, 0, 1, 2, 1, 1, 2, 2, 0, 2, 2, 0, 0, 1, 1, 0, 1, 1, 1, 2, 1, 0, 1, 1, 1, 1, 1, 2, 1, 0, 2, 0, 0, 1, 0, 1, 0, 0, 2, 1, 0]|[2, 2, 2, 2, 2, 4, 1, 2, 1, 1, 1, 1, 2, 1, 2, 1, 1, 2, 4, 1, 1, 1, 0, 0, 3, 2, 2, 0, 0, 1, 1, 0, 4, 1, 2, 0, 3, 1, 2, 0, 1, 0, 0, 0, 1, 1, 1, 2, 3, 1, 2, 4, 1, 3, 1, 1, 2, 1, 2, 1, 2, 2, 1, 4, 1, 1, 1, 2, 1, 1, 1, 1, 0, 0, 2, 4, 2, 4, 1, 0, 0, 4, 1, 0, 4, 4, 1, 4, 1, 1, 1, 0, 0, 0, 4, 0, 1, 1, 0, 2]|[0, 0, 1, 1, 0, 2, 2, 2, 1, 0, 0, 0, 1, 1, 0, 1, 0, 1, 3, 0, 0, 0, 0, 0, 3, 1, 1, 0, 1, 0, 1, 0, 3, 0, 0, 0, 3, 0, 1, 0, 1, 3, 0, 1, 0, 0, 0, 1, 0, 1, 0, 0, 0, 1, 0, 0, 1, 0, 0, 0, 0, 2, 0, 0, 2, 0, 0, 0, 0, 0, 0, 0, 1, 1, 1, 3, 2, 3, 1, 1, 0, 3, 2, 1, 2, 0, 0, 3, 0, 0, 1, 0, 1, 0, 0, 1, 0, 0, 2, 0]
event=352:G3_TWC:action:mode=exploit,state=1,draw=0.2558027751598959,action=2
event=353:G3_TWC:tournament:reason=action2,left=19,right=18,selected=[51, 8, 83, 31, 94, 11, 15, 22, 57, 19, 84, 40, 73, 1, 81, 14, 99, 16, 3, 79, 2, 74, 5, 91, 62, 43, 68, 76, 97, 77, 88, 30, 53, 20, 58, 93, 24, 72, 49, 59, 38, 28, 92, 67, 9, 18, 17, 87, 12, 26, 71, 98, 95, 63, 21, 47, 27, 37, 96, 6, 78, 10, 32, 46, 48, 56, 29, 64, 60, 23, 7, 36, 34, 85, 52, 55, 61, 54, 89, 41, 66, 39, 33, 42, 86, 80, 75, 50, 70, 35, 13, 44, 90, 45, 25, 4, 0, 65, 82, 69]|[2, 0, 1, 1, 2, 1, 1, 1, 0, 1, 0, 1, 0, 2, 0, 1, 1, 0, 1, 1, 0, 0, 1, 0, 1, 2, 1, 0, 1, 0, 0, 2, 1, 1, 0, 2, 0, 2, 0, 0, 2, 1, 0, 1, 0, 0, 2, 0, 1, 2, 2, 1, 2, 0, 1, 0, 0, 2, 2, 0, 0, 1, 1, 1, 1, 2, 2, 0, 0, 2, 0, 0, 1, 1, 0, 1, 1, 1, 2, 0, 0, 2, 1, 2, 1, 1, 2, 1, 0, 2, 1, 0, 1, 0, 0, 0, 0, 1, 1, 0]|[2, 2, 2, 2, 2, 4, 1, 2, 1, 2, 2, 1, 2, 1, 0, 1, 1, 2, 4, 0, 1, 1, 0, 0, 3, 2, 2, 0, 0, 1, 1, 0, 4, 0, 2, 0, 0, 1, 2, 0, 1, 0, 0, 0, 1, 1, 1, 2, 3, 1, 2, 4, 1, 2, 0, 0, 2, 1, 2, 1, 2, 2, 4, 4, 1, 1, 1, 2, 1, 1, 1, 2, 0, 0, 2, 4, 2, 4, 1, 1, 0, 1, 1, 1, 4, 4, 1, 4, 1, 1, 4, 0, 0, 2, 1, 1, 0, 4, 0, 0]|[0, 0, 1, 1, 0, 2, 2, 2, 1, 1, 0, 0, 1, 1, 0, 1, 0, 1, 3, 1, 0, 0, 0, 0, 3, 1, 1, 0, 1, 1, 1, 0, 3, 1, 0, 0, 0, 0, 1, 0, 1, 3, 0, 1, 0, 0, 0, 1, 0, 1, 0, 0, 0, 0, 1, 1, 0, 0, 0, 0, 0, 2, 0, 0, 2, 0, 0, 0, 0, 0, 0, 0, 1, 1, 1, 3, 2, 3, 0, 0, 0, 0, 2, 0, 2, 0, 0, 3, 0, 0, 3, 1, 1, 0, 0, 1, 0, 0, 2, 0]
event=354:G3_TWC:leader:action=2,fingerprint=[51, 8, 83, 31, 94, 11, 15, 22, 57, 19, 84, 40, 73, 1, 81, 14, 99, 16, 3, 79, 2, 74, 5, 91, 62, 43, 68, 76, 97, 77, 88, 30, 53, 20, 58, 93, 24, 72, 49, 59, 38, 28, 92, 67, 9, 18, 17, 87, 12, 26, 71, 98, 95, 63, 21, 47, 27, 37, 96, 6, 78, 10, 32, 46, 48, 56, 29, 64, 60, 23, 7, 36, 34, 85, 52, 55, 61, 54, 89, 41, 66, 39, 33, 42, 86, 80, 75, 50, 70, 35, 13, 44, 90, 45, 25, 4, 0, 65, 82, 69]|[2, 0, 1, 1, 2, 1, 1, 1, 0, 1, 0, 1, 0, 2, 0, 1, 1, 0, 1, 1, 0, 0, 1, 0, 1, 2, 1, 0, 1, 0, 0, 2, 1, 1, 0, 2, 0, 2, 0, 0, 2, 1, 0, 1, 0, 0, 2, 0, 1, 2, 2, 1, 2, 0, 1, 0, 0, 2, 2, 0, 0, 1, 1, 1, 1, 2, 2, 0, 0, 2, 0, 0, 1, 1, 0, 1, 1, 1, 2, 0, 0, 2, 1, 2, 1, 1, 2, 1, 0, 2, 1, 0, 1, 0, 0, 0, 0, 1, 1, 0]|[2, 2, 2, 2, 2, 4, 1, 2, 1, 2, 2, 1, 2, 1, 0, 1, 1, 2, 4, 0, 1, 1, 0, 0, 3, 2, 2, 0, 0, 1, 1, 0, 4, 0, 2, 0, 0, 1, 2, 0, 1, 0, 0, 0, 1, 1, 1, 2, 3, 1, 2, 4, 1, 2, 0, 0, 2, 1, 2, 1, 2, 2, 4, 4, 1, 1, 1, 2, 1, 1, 1, 2, 0, 0, 2, 4, 2, 4, 1, 1, 0, 1, 1, 1, 4, 4, 1, 4, 1, 1, 4, 0, 0, 2, 1, 1, 0, 4, 0, 0]|[0, 0, 1, 1, 0, 2, 2, 2, 1, 1, 0, 0, 1, 1, 0, 1, 0, 1, 3, 1, 0, 0, 0, 0, 3, 1, 1, 0, 1, 1, 1, 0, 3, 1, 0, 0, 0, 0, 1, 0, 1, 3, 0, 1, 0, 0, 0, 1, 0, 1, 0, 0, 0, 0, 1, 1, 0, 0, 0, 0, 0, 2, 0, 0, 2, 0, 0, 0, 0, 0, 0, 0, 1, 1, 1, 3, 2, 3, 0, 0, 0, 0, 2, 0, 2, 0, 0, 3, 0, 0, 3, 1, 1, 0, 0, 1, 0, 0, 2, 0]
event=355:G1_CMAX:update:state=1,action=1,reward=-70.58673588932254,nextState=1,old=-343.93476262615224,new=-345.7345459902443
event=356:G2_TEC:update:state=1,action=0,reward=-680.3531162330983,nextState=1,old=-1951.722061714888,new=-2241.730765605009
event=357:G3_TWC:update:state=1,action=2,reward=-4449.054881932912,nextState=1,old=-29629.68624355136,new=-28152.803876774004
event=358:G4_BALANCED:update:state=1,action=0,reward=-0.0654383880125669,nextState=1,old=-0.492995241082688,new=-0.41618128035582147
event=359:G1_CMAX:action:mode=exploit,state=1,draw=0.5634811147925587,action=1
event=360:G1_CMAX:leader:action=1,fingerprint=[51, 8, 83, 31, 94, 11, 15, 22, 57, 19, 84, 40, 73, 1, 81, 47, 98, 79, 39, 49, 99, 2, 58, 91, 62, 7, 68, 76, 97, 77, 88, 30, 53, 20, 5, 93, 24, 72, 16, 59, 38, 28, 92, 67, 9, 18, 17, 87, 12, 26, 71, 74, 95, 63, 36, 14, 27, 37, 96, 6, 78, 56, 32, 23, 55, 48, 64, 35, 46, 60, 43, 21, 34, 85, 52, 10, 61, 54, 89, 41, 66, 3, 33, 42, 86, 80, 29, 4, 0, 25, 90, 75, 13, 50, 82, 44, 65, 45, 70, 69]|[0, 0, 1, 1, 2, 0, 1, 1, 2, 0, 0, 1, 0, 1, 2, 0, 1, 1, 1, 0, 1, 0, 0, 0, 1, 2, 1, 0, 1, 1, 0, 2, 1, 0, 1, 2, 0, 0, 0, 0, 2, 1, 0, 1, 0, 2, 2, 0, 1, 2, 2, 2, 2, 2, 0, 0, 0, 1, 2, 0, 0, 1, 2, 2, 1, 2, 2, 1, 1, 1, 2, 0, 1, 1, 0, 0, 1, 1, 2, 1, 0, 1, 0, 0, 1, 1, 2, 0, 0, 0, 1, 2, 1, 2, 1, 0, 1, 1, 2, 0]|[0, 2, 0, 2, 2, 0, 1, 2, 1, 1, 1, 0, 2, 1, 1, 0, 1, 2, 4, 2, 1, 1, 2, 0, 3, 2, 2, 0, 0, 1, 1, 0, 4, 2, 2, 0, 1, 0, 2, 0, 1, 3, 0, 0, 1, 0, 1, 2, 3, 1, 2, 2, 1, 2, 1, 0, 2, 4, 2, 1, 2, 2, 1, 0, 4, 1, 1, 0, 4, 4, 2, 1, 0, 0, 2, 1, 2, 4, 1, 0, 0, 4, 1, 2, 4, 4, 1, 1, 0, 1, 4, 1, 2, 2, 0, 0, 4, 1, 1, 2]|[0, 0, 1, 1, 0, 0, 2, 2, 0, 0, 0, 1, 1, 3, 0, 1, 0, 1, 3, 1, 0, 0, 0, 0, 3, 1, 1, 0, 1, 0, 1, 0, 3, 0, 0, 0, 1, 0, 1, 0, 1, 2, 0, 1, 0, 0, 0, 1, 0, 1, 0, 0, 0, 0, 0, 1, 1, 1, 0, 0, 0, 2, 0, 0, 3, 0, 0, 3, 0, 0, 1, 0, 1, 1, 1, 0, 2, 3, 1, 1, 0, 3, 1, 0, 0, 0, 0, 1, 0, 0, 3, 0, 2, 0, 2, 1, 0, 2, 0, 0]
event=361:G4_BALANCED:action:mode=exploit,state=1,draw=0.17598181968919246,action=0
event=362:G4_BALANCED:leader:action=0,fingerprint=[51, 8, 83, 31, 94, 66, 15, 22, 57, 19, 84, 40, 73, 1, 81, 14, 99, 16, 3, 79, 2, 74, 5, 91, 62, 43, 68, 76, 97, 77, 88, 30, 53, 20, 58, 93, 24, 72, 59, 49, 38, 28, 92, 67, 9, 18, 17, 87, 65, 26, 71, 98, 95, 63, 21, 47, 27, 37, 96, 6, 78, 10, 32, 46, 48, 56, 29, 64, 60, 23, 7, 36, 34, 85, 52, 55, 61, 54, 89, 41, 11, 39, 33, 42, 86, 80, 75, 90, 70, 25, 35, 50, 0, 13, 45, 4, 69, 44, 82, 12]|[2, 0, 1, 1, 2, 1, 1, 1, 0, 1, 0, 2, 0, 1, 1, 1, 1, 0, 1, 2, 0, 0, 0, 0, 1, 2, 0, 0, 1, 0, 0, 2, 1, 2, 0, 2, 0, 0, 1, 0, 2, 1, 0, 1, 0, 0, 2, 0, 1, 2, 2, 2, 2, 0, 2, 2, 0, 2, 2, 0, 0, 1, 2, 0, 1, 2, 2, 0, 2, 0, 0, 0, 1, 1, 0, 1, 0, 1, 2, 1, 1, 1, 0, 2, 1, 1, 2, 1, 0, 0, 2, 1, 0, 2, 0, 1, 0, 0, 1, 1]|[2, 2, 2, 2, 2, 4, 1, 2, 0, 4, 2, 0, 2, 1, 4, 1, 0, 2, 4, 1, 1, 1, 1, 0, 3, 2, 2, 0, 0, 1, 1, 0, 4, 1, 0, 0, 0, 0, 2, 2, 1, 0, 0, 0, 1, 1, 1, 2, 3, 1, 2, 2, 1, 2, 1, 1, 2, 1, 2, 1, 2, 2, 1, 2, 4, 1, 1, 2, 1, 0, 1, 2, 0, 0, 2, 4, 2, 4, 1, 0, 4, 4, 1, 1, 4, 4, 1, 0, 0, 1, 1, 4, 0, 1, 2, 4, 0, 0, 0, 3]|[0, 0, 1, 1, 0, 2, 2, 2, 0, 0, 0, 0, 1, 3, 0, 1, 1, 1, 3, 0, 0, 0, 0, 0, 3, 1, 0, 0, 1, 1, 1, 0, 3, 0, 0, 0, 0, 0, 0, 1, 1, 3, 0, 1, 0, 0, 0, 1, 0, 1, 0, 0, 0, 0, 0, 0, 1, 0, 0, 0, 0, 2, 0, 0, 3, 0, 0, 0, 0, 1, 0, 0, 1, 1, 1, 3, 0, 3, 1, 1, 2, 3, 1, 0, 3, 0, 0, 1, 0, 0, 0, 3, 0, 0, 0, 1, 0, 1, 2, 0]
event=363:G2_TEC:action:mode=exploit,state=1,draw=0.08779571876734715,action=1
event=364:G2_TEC:leader:action=1,fingerprint=[51, 8, 83, 31, 94, 11, 15, 22, 57, 19, 84, 40, 73, 1, 81, 14, 99, 16, 3, 79, 2, 74, 5, 91, 62, 43, 68, 76, 97, 77, 88, 30, 53, 20, 58, 93, 24, 72, 49, 59, 38, 28, 92, 67, 9, 18, 17, 87, 12, 26, 71, 98, 95, 63, 21, 47, 27, 37, 96, 6, 78, 10, 32, 46, 48, 56, 29, 64, 60, 23, 7, 36, 34, 85, 52, 55, 61, 54, 89, 41, 66, 39, 33, 42, 86, 80, 75, 50, 70, 35, 4, 0, 90, 69, 65, 44, 25, 13, 82, 45]|[2, 0, 1, 0, 2, 1, 1, 1, 0, 0, 0, 1, 0, 2, 0, 1, 1, 0, 1, 2, 0, 0, 1, 0, 1, 2, 1, 0, 1, 0, 0, 2, 1, 2, 0, 2, 1, 2, 0, 0, 2, 1, 0, 1, 0, 0, 2, 0, 1, 2, 2, 1, 2, 1, 2, 2, 0, 2, 2, 0, 0, 1, 2, 1, 1, 2, 2, 0, 2, 2, 0, 0, 1, 1, 0, 1, 1, 1, 2, 1, 0, 1, 1, 1, 1, 1, 2, 1, 0, 2, 0, 0, 1, 0, 1, 0, 0, 2, 1, 0]|[2, 2, 2, 2, 2, 4, 1, 2, 1, 1, 1, 1, 2, 1, 2, 1, 1, 2, 4, 1, 1, 1, 0, 0, 3, 2, 2, 0, 0, 1, 1, 0, 4, 1, 2, 0, 3, 1, 2, 0, 1, 0, 0, 0, 1, 1, 1, 2, 3, 1, 2, 4, 1, 3, 1, 1, 2, 1, 2, 1, 2, 2, 1, 4, 1, 1, 1, 2, 1, 1, 1, 1, 0, 0, 2, 4, 2, 4, 1, 0, 0, 4, 1, 0, 4, 4, 1, 4, 1, 1, 1, 0, 0, 0, 4, 0, 1, 1, 0, 2]|[0, 0, 1, 1, 0, 2, 2, 2, 1, 0, 0, 0, 1, 1, 0, 1, 0, 1, 3, 0, 0, 0, 0, 0, 3, 1, 1, 0, 1, 0, 1, 0, 3, 0, 0, 0, 3, 0, 1, 0, 1, 3, 0, 1, 0, 0, 0, 1, 0, 1, 0, 0, 0, 1, 0, 0, 1, 0, 0, 0, 0, 2, 0, 0, 2, 0, 0, 0, 0, 0, 0, 0, 1, 1, 1, 3, 2, 3, 1, 1, 0, 3, 2, 1, 2, 0, 0, 3, 0, 0, 1, 0, 1, 0, 0, 1, 0, 0, 2, 0]
event=365:G3_TWC:action:mode=explore,state=1,draw=0.8150853935650093,action=2
event=366:G3_TWC:tournament:reason=action2,left=5,right=20,selected=[51, 8, 83, 31, 94, 11, 15, 22, 57, 19, 84, 77, 73, 1, 81, 14, 99, 16, 3, 79, 2, 74, 5, 91, 62, 43, 68, 76, 97, 40, 88, 30, 53, 20, 58, 93, 96, 72, 49, 59, 38, 28, 92, 67, 9, 18, 17, 87, 12, 26, 71, 86, 95, 63, 21, 47, 27, 37, 24, 6, 78, 10, 32, 46, 48, 56, 29, 64, 60, 23, 7, 36, 34, 85, 52, 55, 61, 54, 89, 41, 66, 98, 33, 42, 39, 80, 75, 50, 45, 35, 4, 0, 90, 69, 65, 44, 25, 13, 82, 70]|[2, 0, 1, 1, 2, 1, 0, 1, 2, 2, 0, 0, 0, 1, 0, 1, 1, 0, 2, 2, 0, 0, 0, 0, 1, 1, 0, 0, 0, 1, 0, 2, 1, 2, 1, 2, 2, 2, 0, 0, 2, 1, 1, 1, 0, 0, 2, 0, 1, 0, 2, 1, 2, 0, 2, 0, 0, 1, 1, 0, 0, 1, 2, 0, 0, 2, 2, 0, 2, 2, 0, 0, 1, 1, 0, 0, 1, 1, 2, 1, 0, 1, 1, 1, 2, 1, 2, 1, 0, 1, 0, 2, 1, 0, 1, 0, 1, 2, 1, 0]|[2, 2, 2, 2, 2, 4, 1, 2, 1, 0, 0, 1, 2, 0, 2, 1, 1, 2, 0, 1, 1, 0, 1, 0, 3, 0, 2, 0, 2, 1, 1, 0, 4, 1, 4, 0, 2, 1, 2, 0, 1, 0, 3, 0, 1, 1, 1, 2, 3, 1, 2, 4, 1, 2, 1, 0, 2, 4, 3, 1, 2, 2, 1, 2, 1, 1, 1, 2, 1, 1, 1, 1, 0, 4, 2, 2, 2, 4, 1, 0, 0, 4, 1, 0, 1, 4, 1, 4, 2, 3, 1, 1, 4, 0, 4, 0, 0, 1, 0, 1]|[0, 0, 1, 1, 0, 2, 0, 2, 0, 0, 0, 0, 1, 0, 0, 1, 0, 1, 0, 0, 1, 0, 0, 0, 3, 0, 0, 0, 1, 0, 1, 0, 3, 0, 0, 0, 0, 0, 1, 0, 1, 3, 1, 1, 0, 0, 0, 1, 0, 0, 0, 2, 0, 0, 0, 1, 1, 1, 3, 0, 0, 2, 0, 0, 0, 0, 0, 0, 0, 0, 0, 0, 1, 0, 1, 0, 2, 3, 1, 1, 0, 0, 2, 1, 0, 0, 0, 3, 0, 0, 1, 0, 3, 0, 0, 1, 1, 0, 2, 0]
event=367:G3_TWC:leader:action=2,fingerprint=[51, 8, 83, 31, 94, 11, 15, 22, 57, 19, 84, 77, 73, 1, 81, 14, 99, 16, 3, 79, 2, 74, 5, 91, 62, 43, 68, 76, 97, 40, 88, 30, 53, 20, 58, 93, 96, 72, 49, 59, 38, 28, 92, 67, 9, 18, 17, 87, 12, 26, 71, 86, 95, 63, 21, 47, 27, 37, 24, 6, 78, 10, 32, 46, 48, 56, 29, 64, 60, 23, 7, 36, 34, 85, 52, 55, 61, 54, 89, 41, 66, 98, 33, 42, 39, 80, 75, 50, 45, 35, 4, 0, 90, 69, 65, 44, 25, 13, 82, 70]|[2, 0, 1, 1, 2, 1, 0, 1, 2, 2, 0, 0, 0, 1, 0, 1, 1, 0, 2, 2, 0, 0, 0, 0, 1, 1, 0, 0, 0, 1, 0, 2, 1, 2, 1, 2, 2, 2, 0, 0, 2, 1, 1, 1, 0, 0, 2, 0, 1, 0, 2, 1, 2, 0, 2, 0, 0, 1, 1, 0, 0, 1, 2, 0, 0, 2, 2, 0, 2, 2, 0, 0, 1, 1, 0, 0, 1, 1, 2, 1, 0, 1, 1, 1, 2, 1, 2, 1, 0, 1, 0, 2, 1, 0, 1, 0, 1, 2, 1, 0]|[2, 2, 2, 2, 2, 4, 1, 2, 1, 0, 0, 1, 2, 0, 2, 1, 1, 2, 0, 1, 1, 0, 1, 0, 3, 0, 2, 0, 2, 1, 1, 0, 4, 1, 4, 0, 2, 1, 2, 0, 1, 0, 3, 0, 1, 1, 1, 2, 3, 1, 2, 4, 1, 2, 1, 0, 2, 4, 3, 1, 2, 2, 1, 2, 1, 1, 1, 2, 1, 1, 1, 1, 0, 4, 2, 2, 2, 4, 1, 0, 0, 4, 1, 0, 1, 4, 1, 4, 2, 3, 1, 1, 4, 0, 4, 0, 0, 1, 0, 1]|[0, 0, 1, 1, 0, 2, 0, 2, 0, 0, 0, 0, 1, 0, 0, 1, 0, 1, 0, 0, 1, 0, 0, 0, 3, 0, 0, 0, 1, 0, 1, 0, 3, 0, 0, 0, 0, 0, 1, 0, 1, 3, 1, 1, 0, 0, 0, 1, 0, 0, 0, 2, 0, 0, 0, 1, 1, 1, 3, 0, 0, 2, 0, 0, 0, 0, 0, 0, 0, 0, 0, 0, 1, 0, 1, 0, 2, 3, 1, 1, 0, 0, 2, 1, 0, 0, 0, 3, 0, 0, 1, 0, 3, 0, 0, 1, 1, 0, 2, 0]
event=368:G1_CMAX:update:state=1,action=1,reward=-86.37183151741715,nextState=1,old=-345.7345459902443,new=-362.95946830961265
event=369:G2_TEC:update:state=1,action=1,reward=-836.2974630768294,nextState=1,old=-1984.7077475096517,new=-2424.063661084551
event=370:G3_TWC:update:state=1,action=2,reward=-3221.0072257963184,nextState=1,old=-28152.803876774004,new=-25743.250327215523
event=371:G4_BALANCED:update:state=1,action=0,reward=-0.09089266991304405,nextState=1,old=-0.41618128035582147,new=-0.4238376941977013
event=372:G1_CMAX:action:mode=exploit,state=1,draw=0.1876071759011011,action=1
event=373:G1_CMAX:leader:action=1,fingerprint=[51, 8, 83, 31, 94, 11, 15, 22, 57, 19, 84, 40, 73, 1, 81, 47, 98, 79, 39, 49, 99, 2, 58, 91, 62, 7, 68, 76, 97, 77, 88, 30, 53, 20, 5, 93, 24, 72, 16, 59, 38, 28, 92, 67, 9, 18, 17, 87, 12, 26, 71, 74, 95, 63, 36, 14, 27, 37, 96, 6, 78, 56, 32, 23, 55, 48, 64, 35, 46, 60, 43, 21, 34, 85, 52, 10, 61, 54, 89, 41, 66, 3, 33, 42, 86, 80, 29, 4, 0, 25, 90, 75, 13, 50, 82, 44, 65, 45, 70, 69]|[0, 0, 1, 1, 2, 0, 1, 1, 2, 0, 0, 1, 0, 1, 2, 0, 1, 1, 1, 0, 1, 0, 0, 0, 1, 2, 1, 0, 1, 1, 0, 2, 1, 0, 1, 2, 0, 0, 0, 0, 2, 1, 0, 1, 0, 2, 2, 0, 1, 2, 2, 2, 2, 2, 0, 0, 0, 1, 2, 0, 0, 1, 2, 2, 1, 2, 2, 1, 1, 1, 2, 0, 1, 1, 0, 0, 1, 1, 2, 1, 0, 1, 0, 0, 1, 1, 2, 0, 0, 0, 1, 2, 1, 2, 1, 0, 1, 1, 2, 0]|[0, 2, 0, 2, 2, 0, 1, 2, 1, 1, 1, 0, 2, 1, 1, 0, 1, 2, 4, 2, 1, 1, 2, 0, 3, 2, 2, 0, 0, 1, 1, 0, 4, 2, 2, 0, 1, 0, 2, 0, 1, 3, 0, 0, 1, 0, 1, 2, 3, 1, 2, 2, 1, 2, 1, 0, 2, 4, 2, 1, 2, 2, 1, 0, 4, 1, 1, 0, 4, 4, 2, 1, 0, 0, 2, 1, 2, 4, 1, 0, 0, 4, 1, 2, 4, 4, 1, 1, 0, 1, 4, 1, 2, 2, 0, 0, 4, 1, 1, 2]|[0, 0, 1, 1, 0, 0, 2, 2, 0, 0, 0, 1, 1, 3, 0, 1, 0, 1, 3, 1, 0, 0, 0, 0, 3, 1, 1, 0, 1, 0, 1, 0, 3, 0, 0, 0, 1, 0, 1, 0, 1, 2, 0, 1, 0, 0, 0, 1, 0, 1, 0, 0, 0, 0, 0, 1, 1, 1, 0, 0, 0, 2, 0, 0, 3, 0, 0, 3, 0, 0, 1, 0, 1, 1, 1, 0, 2, 3, 1, 1, 0, 3, 1, 0, 0, 0, 0, 1, 0, 0, 3, 0, 2, 0, 2, 1, 0, 2, 0, 0]
event=374:G4_BALANCED:action:mode=exploit,state=1,draw=0.7062411101869671,action=0
event=375:G4_BALANCED:leader:action=0,fingerprint=[51, 8, 83, 31, 94, 66, 15, 22, 57, 19, 84, 40, 73, 1, 81, 14, 99, 16, 3, 79, 2, 74, 5, 91, 62, 43, 68, 76, 97, 77, 88, 30, 53, 20, 58, 93, 24, 72, 59, 49, 38, 28, 92, 67, 9, 18, 17, 87, 65, 26, 71, 98, 95, 63, 21, 47, 27, 37, 96, 6, 78, 10, 32, 46, 48, 56, 29, 64, 60, 23, 7, 36, 34, 85, 52, 55, 61, 54, 89, 41, 11, 39, 33, 42, 86, 80, 75, 90, 70, 25, 35, 50, 0, 13, 45, 4, 69, 44, 82, 12]|[2, 0, 1, 1, 2, 1, 1, 1, 0, 1, 0, 2, 0, 1, 1, 1, 1, 0, 1, 2, 0, 0, 0, 0, 1, 2, 0, 0, 1, 0, 0, 2, 1, 2, 0, 2, 0, 0, 1, 0, 2, 1, 0, 1, 0, 0, 2, 0, 1, 2, 2, 2, 2, 0, 2, 2, 0, 2, 2, 0, 0, 1, 2, 0, 1, 2, 2, 0, 2, 0, 0, 0, 1, 1, 0, 1, 0, 1, 2, 1, 1, 1, 0, 2, 1, 1, 2, 1, 0, 0, 2, 1, 0, 2, 0, 1, 0, 0, 1, 1]|[2, 2, 2, 2, 2, 4, 1, 2, 0, 4, 2, 0, 2, 1, 4, 1, 0, 2, 4, 1, 1, 1, 1, 0, 3, 2, 2, 0, 0, 1, 1, 0, 4, 1, 0, 0, 0, 0, 2, 2, 1, 0, 0, 0, 1, 1, 1, 2, 3, 1, 2, 2, 1, 2, 1, 1, 2, 1, 2, 1, 2, 2, 1, 2, 4, 1, 1, 2, 1, 0, 1, 2, 0, 0, 2, 4, 2, 4, 1, 0, 4, 4, 1, 1, 4, 4, 1, 0, 0, 1, 1, 4, 0, 1, 2, 4, 0, 0, 0, 3]|[0, 0, 1, 1, 0, 2, 2, 2, 0, 0, 0, 0, 1, 3, 0, 1, 1, 1, 3, 0, 0, 0, 0, 0, 3, 1, 0, 0, 1, 1, 1, 0, 3, 0, 0, 0, 0, 0, 0, 1, 1, 3, 0, 1, 0, 0, 0, 1, 0, 1, 0, 0, 0, 0, 0, 0, 1, 0, 0, 0, 0, 2, 0, 0, 3, 0, 0, 0, 0, 1, 0, 0, 1, 1, 1, 3, 0, 3, 1, 1, 2, 3, 1, 0, 3, 0, 0, 1, 0, 0, 0, 3, 0, 0, 0, 1, 0, 1, 2, 0]
event=376:G2_TEC:action:mode=exploit,state=1,draw=0.4998785526629903,action=2
event=377:G2_TEC:tournament:reason=action2,left=8,right=4,selected=[51, 8, 83, 31, 94, 11, 15, 22, 57, 19, 84, 40, 73, 1, 81, 14, 99, 16, 3, 79, 2, 74, 5, 91, 62, 43, 68, 76, 97, 77, 88, 30, 53, 20, 58, 93, 24, 72, 49, 59, 38, 28, 92, 67, 9, 18, 17, 87, 12, 26, 71, 98, 95, 63, 21, 47, 27, 37, 96, 6, 78, 10, 32, 46, 48, 50, 29, 64, 60, 23, 7, 36, 34, 85, 52, 55, 61, 54, 89, 41, 66, 39, 33, 42, 82, 80, 75, 56, 70, 35, 4, 0, 90, 69, 65, 44, 25, 13, 86, 45]|[2, 0, 1, 0, 1, 1, 0, 1, 0, 0, 0, 1, 0, 2, 0, 1, 0, 0, 1, 2, 0, 0, 1, 0, 1, 2, 0, 0, 1, 0, 0, 2, 1, 2, 0, 2, 1, 2, 0, 0, 2, 1, 0, 1, 0, 0, 2, 0, 1, 2, 2, 2, 2, 0, 0, 0, 0, 2, 2, 0, 2, 2, 2, 1, 1, 1, 2, 0, 2, 2, 0, 0, 1, 1, 0, 1, 0, 1, 2, 1, 1, 2, 1, 1, 1, 1, 2, 2, 0, 2, 0, 0, 0, 0, 1, 0, 0, 1, 1, 0]|[2, 2, 2, 2, 4, 4, 1, 2, 1, 1, 1, 1, 2, 1, 2, 1, 1, 2, 4, 1, 1, 1, 0, 0, 3, 2, 2, 0, 0, 1, 1, 0, 4, 1, 0, 0, 3, 1, 2, 0, 1, 2, 0, 0, 1, 1, 1, 2, 3, 1, 2, 2, 1, 0, 1, 0, 2, 1, 2, 1, 1, 1, 1, 4, 4, 4, 1, 2, 1, 1, 1, 1, 0, 0, 2, 4, 2, 4, 1, 0, 4, 1, 1, 0, 0, 4, 1, 1, 1, 1, 1, 0, 0, 2, 4, 0, 1, 4, 4, 2]|[0, 0, 1, 1, 2, 2, 0, 2, 0, 0, 0, 1, 1, 1, 0, 1, 0, 1, 3, 0, 0, 0, 0, 0, 3, 1, 0, 0, 1, 0, 1, 0, 3, 0, 0, 0, 3, 0, 1, 0, 1, 0, 0, 1, 0, 0, 0, 1, 0, 1, 0, 0, 0, 0, 0, 1, 1, 0, 0, 0, 1, 0, 0, 0, 3, 3, 0, 0, 0, 0, 0, 0, 1, 1, 1, 3, 0, 3, 1, 1, 1, 0, 2, 1, 2, 0, 0, 0, 0, 0, 1, 0, 0, 0, 0, 1, 0, 3, 0, 0]
event=378:G2_TEC:leader:action=2,fingerprint=[51, 8, 83, 31, 94, 11, 15, 22, 57, 19, 84, 40, 73, 1, 81, 14, 99, 16, 3, 79, 2, 74, 5, 91, 62, 43, 68, 76, 97, 77, 88, 30, 53, 20, 58, 93, 24, 72, 49, 59, 38, 28, 92, 67, 9, 18, 17, 87, 12, 26, 71, 98, 95, 63, 21, 47, 27, 37, 96, 6, 78, 10, 32, 46, 48, 50, 29, 64, 60, 23, 7, 36, 34, 85, 52, 55, 61, 54, 89, 41, 66, 39, 33, 42, 82, 80, 75, 56, 70, 35, 4, 0, 90, 69, 65, 44, 25, 13, 86, 45]|[2, 0, 1, 0, 1, 1, 0, 1, 0, 0, 0, 1, 0, 2, 0, 1, 0, 0, 1, 2, 0, 0, 1, 0, 1, 2, 0, 0, 1, 0, 0, 2, 1, 2, 0, 2, 1, 2, 0, 0, 2, 1, 0, 1, 0, 0, 2, 0, 1, 2, 2, 2, 2, 0, 0, 0, 0, 2, 2, 0, 2, 2, 2, 1, 1, 1, 2, 0, 2, 2, 0, 0, 1, 1, 0, 1, 0, 1, 2, 1, 1, 2, 1, 1, 1, 1, 2, 2, 0, 2, 0, 0, 0, 0, 1, 0, 0, 1, 1, 0]|[2, 2, 2, 2, 4, 4, 1, 2, 1, 1, 1, 1, 2, 1, 2, 1, 1, 2, 4, 1, 1, 1, 0, 0, 3, 2, 2, 0, 0, 1, 1, 0, 4, 1, 0, 0, 3, 1, 2, 0, 1, 2, 0, 0, 1, 1, 1, 2, 3, 1, 2, 2, 1, 0, 1, 0, 2, 1, 2, 1, 1, 1, 1, 4, 4, 4, 1, 2, 1, 1, 1, 1, 0, 0, 2, 4, 2, 4, 1, 0, 4, 1, 1, 0, 0, 4, 1, 1, 1, 1, 1, 0, 0, 2, 4, 0, 1, 4, 4, 2]|[0, 0, 1, 1, 2, 2, 0, 2, 0, 0, 0, 1, 1, 1, 0, 1, 0, 1, 3, 0, 0, 0, 0, 0, 3, 1, 0, 0, 1, 0, 1, 0, 3, 0, 0, 0, 3, 0, 1, 0, 1, 0, 0, 1, 0, 0, 0, 1, 0, 1, 0, 0, 0, 0, 0, 1, 1, 0, 0, 0, 1, 0, 0, 0, 3, 3, 0, 0, 0, 0, 0, 0, 1, 1, 1, 3, 0, 3, 1, 1, 1, 0, 2, 1, 2, 0, 0, 0, 0, 0, 1, 0, 0, 0, 0, 1, 0, 3, 0, 0]
event=379:G3_TWC:action:mode=exploit,state=1,draw=0.6070953139661188,action=2
event=380:G3_TWC:tournament:reason=action2,left=29,right=13,selected=[51, 8, 83, 31, 94, 11, 15, 22, 57, 19, 84, 77, 73, 1, 81, 14, 99, 16, 3, 79, 2, 98, 5, 91, 62, 43, 68, 76, 97, 40, 88, 30, 53, 20, 58, 93, 96, 72, 49, 59, 38, 28, 92, 67, 9, 18, 17, 87, 12, 26, 71, 86, 95, 63, 21, 47, 27, 37, 24, 6, 78, 10, 32, 0, 48, 56, 29, 64, 60, 23, 7, 36, 90, 85, 52, 55, 61, 54, 89, 41, 66, 39, 33, 42, 74, 80, 75, 50, 45, 35, 4, 46, 34, 69, 65, 44, 25, 13, 82, 70]|[2, 0, 1, 1, 2, 0, 0, 1, 0, 0, 0, 1, 0, 1, 0, 1, 1, 0, 1, 2, 0, 1, 0, 0, 1, 2, 1, 0, 1, 1, 0, 2, 1, 2, 0, 2, 2, 2, 0, 0, 2, 1, 1, 1, 0, 0, 2, 0, 1, 0, 2, 1, 2, 0, 0, 0, 0, 2, 1, 0, 2, 2, 2, 0, 0, 2, 2, 0, 2, 2, 0, 0, 1, 1, 0, 0, 1, 1, 2, 1, 0, 1, 0, 1, 0, 1, 2, 1, 0, 2, 0, 1, 1, 0, 1, 0, 1, 2, 1, 0]|[2, 2, 2, 2, 2, 0, 1, 2, 1, 1, 0, 1, 2, 1, 2, 1, 1, 2, 4, 1, 1, 4, 1, 0, 3, 2, 2, 0, 0, 1, 1, 0, 4, 1, 0, 0, 2, 1, 2, 0, 1, 2, 3, 0, 1, 1, 1, 2, 3, 1, 2, 4, 1, 0, 1, 0, 2, 1, 3, 1, 1, 1, 1, 0, 1, 1, 1, 2, 1, 1, 1, 1, 4, 0, 2, 2, 2, 4, 1, 0, 0, 4, 1, 0, 1, 4, 1, 4, 2, 1, 1, 4, 0, 0, 4, 0, 0, 1, 0, 1]|[0, 0, 1, 1, 0, 0, 0, 2, 0, 0, 0, 0, 1, 3, 0, 1, 0, 1, 3, 0, 1, 0, 0, 0, 3, 1, 1, 0, 1, 0, 1, 0, 3, 0, 0, 0, 0, 0, 1, 0, 1, 0, 1, 1, 0, 0, 0, 1, 0, 0, 0, 2, 0, 0, 0, 1, 1, 0, 3, 0, 1, 0, 0, 0, 0, 0, 0, 0, 0, 0, 0, 0, 3, 1, 1, 0, 2, 3, 1, 1, 0, 3, 1, 1, 0, 0, 0, 3, 0, 0, 1, 0, 1, 0, 0, 1, 1, 0, 2, 0]
event=381:G3_TWC:leader:action=2,fingerprint=[51, 8, 83, 31, 94, 11, 15, 22, 57, 19, 84, 77, 73, 1, 81, 14, 99, 16, 3, 79, 2, 98, 5, 91, 62, 43, 68, 76, 97, 40, 88, 30, 53, 20, 58, 93, 96, 72, 49, 59, 38, 28, 92, 67, 9, 18, 17, 87, 12, 26, 71, 86, 95, 63, 21, 47, 27, 37, 24, 6, 78, 10, 32, 0, 48, 56, 29, 64, 60, 23, 7, 36, 90, 85, 52, 55, 61, 54, 89, 41, 66, 39, 33, 42, 74, 80, 75, 50, 45, 35, 4, 46, 34, 69, 65, 44, 25, 13, 82, 70]|[2, 0, 1, 1, 2, 0, 0, 1, 0, 0, 0, 1, 0, 1, 0, 1, 1, 0, 1, 2, 0, 1, 0, 0, 1, 2, 1, 0, 1, 1, 0, 2, 1, 2, 0, 2, 2, 2, 0, 0, 2, 1, 1, 1, 0, 0, 2, 0, 1, 0, 2, 1, 2, 0, 0, 0, 0, 2, 1, 0, 2, 2, 2, 0, 0, 2, 2, 0, 2, 2, 0, 0, 1, 1, 0, 0, 1, 1, 2, 1, 0, 1, 0, 1, 0, 1, 2, 1, 0, 2, 0, 1, 1, 0, 1, 0, 1, 2, 1, 0]|[2, 2, 2, 2, 2, 0, 1, 2, 1, 1, 0, 1, 2, 1, 2, 1, 1, 2, 4, 1, 1, 4, 1, 0, 3, 2, 2, 0, 0, 1, 1, 0, 4, 1, 0, 0, 2, 1, 2, 0, 1, 2, 3, 0, 1, 1, 1, 2, 3, 1, 2, 4, 1, 0, 1, 0, 2, 1, 3, 1, 1, 1, 1, 0, 1, 1, 1, 2, 1, 1, 1, 1, 4, 0, 2, 2, 2, 4, 1, 0, 0, 4, 1, 0, 1, 4, 1, 4, 2, 1, 1, 4, 0, 0, 4, 0, 0, 1, 0, 1]|[0, 0, 1, 1, 0, 0, 0, 2, 0, 0, 0, 0, 1, 3, 0, 1, 0, 1, 3, 0, 1, 0, 0, 0, 3, 1, 1, 0, 1, 0, 1, 0, 3, 0, 0, 0, 0, 0, 1, 0, 1, 0, 1, 1, 0, 0, 0, 1, 0, 0, 0, 2, 0, 0, 0, 1, 1, 0, 3, 0, 1, 0, 0, 0, 0, 0, 0, 0, 0, 0, 0, 0, 3, 1, 1, 0, 2, 3, 1, 1, 0, 3, 1, 1, 0, 0, 0, 3, 0, 0, 1, 0, 1, 0, 0, 1, 1, 0, 2, 0]
event=382:G1_CMAX:update:state=1,action=1,reward=-44.82862006695052,nextState=1,old=-362.95946830961265,new=-335.1961947146406
event=383:G2_TEC:update:state=1,action=2,reward=-395.9444183684027,nextState=1,old=-2122.8909134247933,new=-2094.257149108237
event=384:G3_TWC:update:state=1,action=2,reward=-2760.754498956958,nextState=1,old=-25743.250327215523,new=-23355.354760729377
event=385:G4_BALANCED:update:state=1,action=0,reward=-0.07627888889971263,nextState=1,old=-0.4238376941977013,new=-0.41534904425787367
event=386:G1_CMAX:action:mode=exploit,state=1,draw=0.5267802480762211,action=1
event=387:G1_CMAX:leader:action=1,fingerprint=[51, 8, 83, 31, 94, 11, 15, 22, 57, 19, 84, 40, 73, 1, 81, 47, 98, 79, 39, 49, 99, 2, 58, 91, 62, 7, 68, 76, 97, 77, 88, 30, 53, 20, 5, 93, 24, 72, 16, 59, 38, 28, 92, 67, 9, 18, 17, 87, 12, 26, 71, 74, 95, 63, 36, 14, 27, 37, 96, 6, 78, 56, 32, 23, 55, 48, 64, 35, 46, 60, 43, 21, 34, 85, 52, 10, 61, 54, 89, 41, 66, 3, 33, 42, 86, 80, 29, 4, 0, 25, 90, 75, 13, 50, 82, 44, 65, 45, 70, 69]|[0, 0, 1, 1, 2, 0, 1, 1, 2, 0, 0, 1, 0, 1, 2, 0, 1, 1, 1, 0, 1, 0, 0, 0, 1, 2, 1, 0, 1, 1, 0, 2, 1, 0, 1, 2, 0, 0, 0, 0, 2, 1, 0, 1, 0, 2, 2, 0, 1, 2, 2, 2, 2, 2, 0, 0, 0, 1, 2, 0, 0, 1, 2, 2, 1, 2, 2, 1, 1, 1, 2, 0, 1, 1, 0, 0, 1, 1, 2, 1, 0, 1, 0, 0, 1, 1, 2, 0, 0, 0, 1, 2, 1, 2, 1, 0, 1, 1, 2, 0]|[0, 2, 0, 2, 2, 0, 1, 2, 1, 1, 1, 0, 2, 1, 1, 0, 1, 2, 4, 2, 1, 1, 2, 0, 3, 2, 2, 0, 0, 1, 1, 0, 4, 2, 2, 0, 1, 0, 2, 0, 1, 3, 0, 0, 1, 0, 1, 2, 3, 1, 2, 2, 1, 2, 1, 0, 2, 4, 2, 1, 2, 2, 1, 0, 4, 1, 1, 0, 4, 4, 2, 1, 0, 0, 2, 1, 2, 4, 1, 0, 0, 4, 1, 2, 4, 4, 1, 1, 0, 1, 4, 1, 2, 2, 0, 0, 4, 1, 1, 2]|[0, 0, 1, 1, 0, 0, 2, 2, 0, 0, 0, 1, 1, 3, 0, 1, 0, 1, 3, 1, 0, 0, 0, 0, 3, 1, 1, 0, 1, 0, 1, 0, 3, 0, 0, 0, 1, 0, 1, 0, 1, 2, 0, 1, 0, 0, 0, 1, 0, 1, 0, 0, 0, 0, 0, 1, 1, 1, 0, 0, 0, 2, 0, 0, 3, 0, 0, 3, 0, 0, 1, 0, 1, 1, 1, 0, 2, 3, 1, 1, 0, 3, 1, 0, 0, 0, 0, 1, 0, 0, 3, 0, 2, 0, 2, 1, 0, 2, 0, 0]
event=388:G4_BALANCED:action:mode=exploit,state=1,draw=0.33903824544326255,action=0
event=389:G4_BALANCED:leader:action=0,fingerprint=[51, 8, 83, 31, 94, 11, 15, 22, 57, 19, 84, 77, 73, 1, 81, 14, 99, 16, 3, 79, 2, 98, 5, 91, 62, 43, 68, 76, 97, 40, 88, 30, 53, 20, 58, 93, 96, 72, 49, 59, 38, 28, 92, 67, 9, 78, 17, 87, 12, 26, 71, 74, 95, 63, 21, 47, 27, 37, 24, 6, 18, 10, 32, 46, 48, 56, 29, 64, 60, 23, 7, 36, 34, 85, 52, 55, 61, 54, 89, 41, 4, 39, 33, 42, 86, 80, 75, 90, 45, 35, 66, 0, 50, 69, 65, 44, 25, 13, 82, 70]|[2, 0, 1, 0, 2, 0, 1, 1, 0, 2, 0, 2, 0, 1, 1, 1, 1, 0, 1, 2, 0, 0, 1, 0, 1, 2, 1, 0, 1, 1, 0, 2, 1, 2, 0, 2, 0, 2, 0, 0, 2, 1, 1, 1, 0, 0, 2, 0, 1, 2, 2, 1, 2, 0, 2, 0, 0, 2, 1, 0, 0, 1, 2, 0, 1, 2, 2, 0, 2, 0, 0, 0, 1, 1, 0, 1, 1, 1, 1, 1, 0, 1, 0, 2, 1, 1, 2, 1, 0, 2, 0, 0, 1, 0, 1, 0, 1, 2, 1, 0]|[2, 2, 2, 2, 2, 0, 1, 2, 0, 0, 2, 0, 2, 1, 4, 1, 1, 2, 4, 1, 1, 1, 0, 0, 3, 2, 2, 0, 0, 1, 1, 0, 0, 1, 0, 0, 0, 1, 2, 0, 1, 0, 3, 0, 1, 1, 1, 2, 3, 1, 2, 4, 1, 2, 1, 0, 2, 1, 3, 1, 2, 2, 1, 2, 1, 1, 1, 2, 1, 0, 1, 1, 0, 0, 2, 4, 2, 4, 0, 0, 1, 4, 1, 1, 4, 4, 1, 0, 2, 1, 0, 0, 0, 0, 4, 0, 0, 1, 0, 1]|[0, 0, 1, 1, 0, 0, 2, 2, 0, 0, 0, 0, 1, 3, 0, 1, 0, 1, 3, 0, 0, 0, 0, 0, 3, 1, 1, 0, 1, 0, 1, 0, 1, 0, 0, 0, 0, 0, 1, 0, 1, 3, 1, 1, 0, 0, 0, 1, 0, 1, 0, 0, 0, 0, 0, 1, 1, 0, 3, 0, 0, 2, 0, 0, 2, 0, 0, 0, 0, 1, 0, 0, 1, 1, 1, 3, 2, 3, 0, 1, 0, 3, 1, 0, 2, 0, 0, 1, 0, 0, 0, 0, 1, 0, 0, 1, 1, 0, 2, 0]
event=390:G2_TEC:action:mode=explore,state=1,draw=0.8962596756032198,action=2
event=391:G2_TEC:tournament:reason=action2,left=5,right=12,selected=[51, 8, 83, 31, 94, 66, 15, 22, 57, 19, 84, 40, 73, 1, 81, 14, 99, 16, 3, 79, 2, 74, 5, 91, 62, 43, 68, 76, 97, 77, 88, 30, 53, 20, 58, 93, 24, 72, 59, 49, 38, 28, 92, 67, 9, 18, 17, 87, 65, 26, 71, 98, 95, 63, 21, 47, 27, 37, 96, 6, 78, 10, 32, 46, 48, 56, 29, 64, 60, 23, 7, 36, 34, 85, 52, 55, 61, 54, 89, 41, 11, 39, 33, 42, 86, 80, 75, 90, 70, 35, 50, 0, 4, 69, 12, 44, 25, 13, 82, 45]|[2, 0, 1, 1, 2, 0, 1, 1, 0, 1, 0, 2, 0, 1, 1, 1, 1, 0, 1, 2, 1, 0, 0, 0, 1, 2, 1, 0, 1, 0, 0, 2, 1, 2, 0, 2, 0, 2, 2, 2, 2, 1, 0, 1, 0, 0, 2, 0, 1, 2, 2, 2, 2, 0, 2, 2, 0, 2, 2, 0, 0, 1, 2, 1, 1, 2, 2, 0, 2, 0, 0, 0, 1, 1, 0, 2, 0, 1, 2, 1, 1, 1, 0, 2, 1, 1, 2, 1, 0, 2, 1, 0, 1, 0, 1, 0, 0, 2, 0, 2]|[2, 2, 2, 2, 2, 0, 1, 2, 0, 4, 2, 0, 2, 1, 4, 1, 1, 2, 4, 1, 3, 0, 1, 0, 3, 2, 2, 0, 0, 1, 1, 0, 4, 1, 2, 0, 0, 1, 1, 1, 1, 0, 0, 0, 1, 1, 1, 2, 4, 1, 2, 2, 1, 2, 1, 1, 2, 1, 2, 1, 2, 2, 1, 4, 4, 1, 1, 2, 1, 0, 1, 2, 0, 0, 2, 1, 2, 4, 1, 0, 4, 4, 2, 1, 4, 4, 1, 0, 0, 1, 4, 0, 4, 0, 4, 0, 1, 1, 2, 1]|[0, 0, 1, 1, 0, 0, 2, 2, 0, 0, 0, 0, 1, 3, 0, 1, 0, 1, 3, 0, 3, 0, 0, 0, 3, 1, 1, 0, 1, 0, 1, 0, 3, 0, 0, 0, 0, 0, 0, 0, 1, 3, 0, 1, 0, 0, 0, 1, 0, 1, 0, 0, 0, 0, 0, 0, 1, 0, 0, 0, 0, 2, 0, 0, 3, 0, 0, 0, 0, 1, 0, 0, 1, 1, 1, 0, 0, 3, 1, 1, 2, 3, 0, 0, 3, 0, 0, 1, 0, 0, 3, 0, 1, 0, 0, 0, 0, 0, 1, 0]
event=392:G2_TEC:leader:action=2,fingerprint=[51, 8, 83, 31, 94, 66, 15, 22, 57, 19, 84, 40, 73, 1, 81, 14, 99, 16, 3, 79, 2, 74, 5, 91, 62, 43, 68, 76, 97, 77, 88, 30, 53, 20, 58, 93, 24, 72, 59, 49, 38, 28, 92, 67, 9, 18, 17, 87, 65, 26, 71, 98, 95, 63, 21, 47, 27, 37, 96, 6, 78, 10, 32, 46, 48, 56, 29, 64, 60, 23, 7, 36, 34, 85, 52, 55, 61, 54, 89, 41, 11, 39, 33, 42, 86, 80, 75, 90, 70, 35, 50, 0, 4, 69, 12, 44, 25, 13, 82, 45]|[2, 0, 1, 1, 2, 0, 1, 1, 0, 1, 0, 2, 0, 1, 1, 1, 1, 0, 1, 2, 1, 0, 0, 0, 1, 2, 1, 0, 1, 0, 0, 2, 1, 2, 0, 2, 0, 2, 2, 2, 2, 1, 0, 1, 0, 0, 2, 0, 1, 2, 2, 2, 2, 0, 2, 2, 0, 2, 2, 0, 0, 1, 2, 1, 1, 2, 2, 0, 2, 0, 0, 0, 1, 1, 0, 2, 0, 1, 2, 1, 1, 1, 0, 2, 1, 1, 2, 1, 0, 2, 1, 0, 1, 0, 1, 0, 0, 2, 0, 2]|[2, 2, 2, 2, 2, 0, 1, 2, 0, 4, 2, 0, 2, 1, 4, 1, 1, 2, 4, 1, 3, 0, 1, 0, 3, 2, 2, 0, 0, 1, 1, 0, 4, 1, 2, 0, 0, 1, 1, 1, 1, 0, 0, 0, 1, 1, 1, 2, 4, 1, 2, 2, 1, 2, 1, 1, 2, 1, 2, 1, 2, 2, 1, 4, 4, 1, 1, 2, 1, 0, 1, 2, 0, 0, 2, 1, 2, 4, 1, 0, 4, 4, 2, 1, 4, 4, 1, 0, 0, 1, 4, 0, 4, 0, 4, 0, 1, 1, 2, 1]|[0, 0, 1, 1, 0, 0, 2, 2, 0, 0, 0, 0, 1, 3, 0, 1, 0, 1, 3, 0, 3, 0, 0, 0, 3, 1, 1, 0, 1, 0, 1, 0, 3, 0, 0, 0, 0, 0, 0, 0, 1, 3, 0, 1, 0, 0, 0, 1, 0, 1, 0, 0, 0, 0, 0, 0, 1, 0, 0, 0, 0, 2, 0, 0, 3, 0, 0, 0, 0, 1, 0, 0, 1, 1, 1, 0, 0, 3, 1, 1, 2, 3, 0, 0, 3, 0, 0, 1, 0, 0, 3, 0, 1, 0, 0, 0, 0, 0, 1, 0]
event=393:G3_TWC:action:mode=exploit,state=1,draw=0.6803315833811256,action=2
event=394:G3_TWC:tournament:reason=action2,left=2,right=11,selected=[51, 8, 83, 31, 94, 11, 15, 22, 57, 19, 84, 40, 73, 1, 81, 47, 98, 79, 39, 49, 99, 2, 58, 91, 62, 7, 68, 76, 97, 77, 88, 30, 53, 20, 5, 93, 24, 72, 16, 59, 38, 28, 92, 67, 9, 18, 17, 87, 12, 26, 71, 74, 95, 63, 36, 14, 27, 37, 96, 6, 78, 56, 32, 23, 55, 48, 64, 35, 46, 60, 43, 21, 34, 85, 52, 10, 61, 54, 89, 41, 66, 3, 33, 42, 86, 80, 29, 50, 70, 75, 13, 44, 90, 25, 82, 69, 4, 0, 45, 65]|[2, 0, 1, 0, 2, 0, 1, 1, 2, 1, 0, 1, 0, 1, 2, 1, 1, 1, 1, 1, 1, 0, 0, 0, 1, 2, 1, 0, 1, 1, 0, 2, 1, 2, 1, 2, 0, 0, 0, 0, 2, 1, 0, 1, 0, 2, 0, 0, 1, 2, 2, 2, 2, 2, 0, 0, 0, 1, 2, 0, 0, 1, 2, 1, 2, 2, 2, 1, 2, 2, 1, 0, 1, 1, 0, 1, 1, 1, 2, 1, 0, 1, 0, 0, 1, 1, 2, 2, 2, 2, 1, 0, 1, 0, 1, 0, 0, 0, 1, 1]|[2, 2, 0, 2, 2, 0, 1, 2, 1, 0, 1, 0, 2, 1, 1, 1, 1, 2, 4, 0, 1, 1, 2, 0, 3, 2, 2, 0, 0, 1, 1, 0, 4, 1, 2, 0, 1, 0, 2, 0, 1, 3, 0, 0, 1, 0, 2, 2, 3, 1, 2, 2, 1, 2, 1, 0, 2, 4, 2, 1, 2, 2, 1, 4, 1, 1, 1, 0, 1, 1, 0, 1, 0, 0, 2, 4, 2, 4, 1, 0, 0, 4, 0, 2, 4, 4, 1, 2, 1, 1, 2, 0, 4, 1, 0, 2, 1, 0, 1, 4]|[0, 0, 1, 1, 0, 0, 2, 2, 0, 1, 0, 1, 1, 3, 0, 1, 0, 1, 3, 1, 0, 0, 0, 0, 3, 1, 1, 0, 1, 0, 1, 0, 3, 0, 0, 0, 1, 0, 1, 0, 1, 2, 0, 1, 0, 0, 1, 1, 0, 1, 0, 0, 0, 0, 0, 1, 1, 1, 0, 0, 0, 2, 0, 0, 0, 0, 0, 3, 0, 0, 3, 0, 1, 1, 1, 3, 2, 3, 1, 1, 0, 3, 0, 0, 0, 0, 0, 0, 0, 0, 2, 1, 3, 0, 2, 0, 1, 0, 2, 0]
event=395:G3_TWC:leader:action=2,fingerprint=[51, 8, 83, 31, 94, 11, 15, 22, 57, 19, 84, 40, 73, 1, 81, 47, 98, 79, 39, 49, 99, 2, 58, 91, 62, 7, 68, 76, 97, 77, 88, 30, 53, 20, 5, 93, 24, 72, 16, 59, 38, 28, 92, 67, 9, 18, 17, 87, 12, 26, 71, 74, 95, 63, 36, 14, 27, 37, 96, 6, 78, 56, 32, 23, 55, 48, 64, 35, 46, 60, 43, 21, 34, 85, 52, 10, 61, 54, 89, 41, 66, 3, 33, 42, 86, 80, 29, 50, 70, 75, 13, 44, 90, 25, 82, 69, 4, 0, 45, 65]|[2, 0, 1, 0, 2, 0, 1, 1, 2, 1, 0, 1, 0, 1, 2, 1, 1, 1, 1, 1, 1, 0, 0, 0, 1, 2, 1, 0, 1, 1, 0, 2, 1, 2, 1, 2, 0, 0, 0, 0, 2, 1, 0, 1, 0, 2, 0, 0, 1, 2, 2, 2, 2, 2, 0, 0, 0, 1, 2, 0, 0, 1, 2, 1, 2, 2, 2, 1, 2, 2, 1, 0, 1, 1, 0, 1, 1, 1, 2, 1, 0, 1, 0, 0, 1, 1, 2, 2, 2, 2, 1, 0, 1, 0, 1, 0, 0, 0, 1, 1]|[2, 2, 0, 2, 2, 0, 1, 2, 1, 0, 1, 0, 2, 1, 1, 1, 1, 2, 4, 0, 1, 1, 2, 0, 3, 2, 2, 0, 0, 1, 1, 0, 4, 1, 2, 0, 1, 0, 2, 0, 1, 3, 0, 0, 1, 0, 2, 2, 3, 1, 2, 2, 1, 2, 1, 0, 2, 4, 2, 1, 2, 2, 1, 4, 1, 1, 1, 0, 1, 1, 0, 1, 0, 0, 2, 4, 2, 4, 1, 0, 0, 4, 0, 2, 4, 4, 1, 2, 1, 1, 2, 0, 4, 1, 0, 2, 1, 0, 1, 4]|[0, 0, 1, 1, 0, 0, 2, 2, 0, 1, 0, 1, 1, 3, 0, 1, 0, 1, 3, 1, 0, 0, 0, 0, 3, 1, 1, 0, 1, 0, 1, 0, 3, 0, 0, 0, 1, 0, 1, 0, 1, 2, 0, 1, 0, 0, 1, 1, 0, 1, 0, 0, 0, 0, 0, 1, 1, 1, 0, 0, 0, 2, 0, 0, 0, 0, 0, 3, 0, 0, 3, 0, 1, 1, 1, 3, 2, 3, 1, 1, 0, 3, 0, 0, 0, 0, 0, 0, 0, 0, 2, 1, 3, 0, 2, 0, 1, 0, 2, 0]
event=396:G1_CMAX:update:state=1,action=1,reward=-69.0784368935191,nextState=1,old=-335.1961947146406,new=-337.2353926652316
event=397:G2_TEC:update:state=1,action=2,reward=-324.6921289173115,nextState=1,old=-2094.257149108237,new=-2000.0978482039013
event=398:G3_TWC:update:state=1,action=2,reward=-6991.973660224248,nextState=1,old=-23355.354760729377,new=-25676.25746880775
event=399:G4_BALANCED:update:state=1,action=0,reward=-0.07342745539227835,nextState=1,old=-0.41534904425787367,new=-0.4057066907985773
event=400:G1_CMAX:action:mode=explore,state=1,draw=0.9983502956532103,action=2
event=401:G1_CMAX:tournament:reason=action2,left=3,right=0,selected=[51, 8, 83, 31, 94, 11, 15, 22, 57, 19, 84, 40, 73, 1, 81, 14, 99, 16, 3, 79, 2, 74, 5, 91, 62, 43, 68, 76, 97, 77, 88, 30, 53, 20, 33, 93, 24, 72, 59, 49, 38, 28, 92, 67, 9, 18, 17, 87, 12, 26, 71, 98, 95, 63, 21, 47, 27, 37, 96, 6, 78, 10, 32, 46, 48, 56, 29, 64, 60, 23, 7, 36, 34, 85, 52, 55, 69, 86, 89, 61, 66, 39, 58, 42, 54, 80, 25, 50, 70, 35, 65, 44, 90, 0, 41, 75, 82, 13, 4, 45]|[2, 1, 1, 0, 2, 1, 0, 1, 0, 0, 0, 1, 0, 1, 1, 1, 1, 0, 1, 2, 0, 0, 1, 0, 2, 1, 1, 1, 1, 2, 2, 2, 1, 2, 0, 2, 1, 2, 0, 0, 2, 1, 0, 1, 0, 0, 2, 0, 1, 2, 2, 1, 2, 1, 2, 2, 0, 2, 2, 0, 0, 0, 2, 2, 1, 2, 2, 0, 2, 2, 0, 0, 1, 1, 0, 0, 0, 1, 2, 1, 2, 1, 0, 0, 1, 1, 0, 1, 0, 2, 1, 1, 0, 0, 0, 2, 1, 2, 0, 0]|[2, 0, 2, 2, 2, 4, 1, 2, 1, 1, 1, 1, 2, 4, 4, 1, 0, 2, 4, 1, 1, 0, 0, 0, 1, 0, 2, 4, 1, 1, 1, 0, 4, 1, 0, 0, 3, 1, 2, 0, 1, 0, 0, 4, 1, 1, 1, 2, 3, 1, 2, 4, 1, 3, 1, 1, 2, 1, 1, 1, 2, 0, 1, 1, 2, 1, 1, 2, 1, 1, 1, 1, 4, 0, 2, 2, 2, 4, 1, 0, 1, 4, 1, 0, 4, 0, 1, 4, 1, 1, 4, 0, 0, 0, 0, 1, 0, 1, 1, 2]|[0, 1, 1, 1, 0, 2, 0, 2, 1, 0, 0, 0, 1, 0, 0, 1, 1, 1, 3, 0, 0, 0, 0, 0, 1, 0, 1, 0, 0, 0, 0, 0, 3, 0, 0, 0, 3, 0, 1, 0, 1, 3, 0, 0, 0, 0, 0, 1, 0, 1, 0, 0, 0, 1, 0, 0, 0, 0, 0, 0, 0, 0, 0, 0, 2, 0, 0, 0, 0, 0, 0, 0, 2, 1, 1, 0, 0, 2, 1, 1, 0, 3, 1, 1, 2, 3, 0, 3, 0, 0, 0, 1, 0, 0, 0, 0, 2, 0, 1, 0]
event=402:G1_CMAX:leader:action=2,fingerprint=[51, 8, 83, 31, 94, 11, 15, 22, 57, 19, 84, 40, 73, 1, 81, 14, 99, 16, 3, 79, 2, 74, 5, 91, 62, 43, 68, 76, 97, 77, 88, 30, 53, 20, 33, 93, 24, 72, 59, 49, 38, 28, 92, 67, 9, 18, 17, 87, 12, 26, 71, 98, 95, 63, 21, 47, 27, 37, 96, 6, 78, 10, 32, 46, 48, 56, 29, 64, 60, 23, 7, 36, 34, 85, 52, 55, 69, 86, 89, 61, 66, 39, 58, 42, 54, 80, 25, 50, 70, 35, 65, 44, 90, 0, 41, 75, 82, 13, 4, 45]|[2, 1, 1, 0, 2, 1, 0, 1, 0, 0, 0, 1, 0, 1, 1, 1, 1, 0, 1, 2, 0, 0, 1, 0, 2, 1, 1, 1, 1, 2, 2, 2, 1, 2, 0, 2, 1, 2, 0, 0, 2, 1, 0, 1, 0, 0, 2, 0, 1, 2, 2, 1, 2, 1, 2, 2, 0, 2, 2, 0, 0, 0, 2, 2, 1, 2, 2, 0, 2, 2, 0, 0, 1, 1, 0, 0, 0, 1, 2, 1, 2, 1, 0, 0, 1, 1, 0, 1, 0, 2, 1, 1, 0, 0, 0, 2, 1, 2, 0, 0]|[2, 0, 2, 2, 2, 4, 1, 2, 1, 1, 1, 1, 2, 4, 4, 1, 0, 2, 4, 1, 1, 0, 0, 0, 1, 0, 2, 4, 1, 1, 1, 0, 4, 1, 0, 0, 3, 1, 2, 0, 1, 0, 0, 4, 1, 1, 1, 2, 3, 1, 2, 4, 1, 3, 1, 1, 2, 1, 1, 1, 2, 0, 1, 1, 2, 1, 1, 2, 1, 1, 1, 1, 4, 0, 2, 2, 2, 4, 1, 0, 1, 4, 1, 0, 4, 0, 1, 4, 1, 1, 4, 0, 0, 0, 0, 1, 0, 1, 1, 2]|[0, 1, 1, 1, 0, 2, 0, 2, 1, 0, 0, 0, 1, 0, 0, 1, 1, 1, 3, 0, 0, 0, 0, 0, 1, 0, 1, 0, 0, 0, 0, 0, 3, 0, 0, 0, 3, 0, 1, 0, 1, 3, 0, 0, 0, 0, 0, 1, 0, 1, 0, 0, 0, 1, 0, 0, 0, 0, 0, 0, 0, 0, 0, 0, 2, 0, 0, 0, 0, 0, 0, 0, 2, 1, 1, 0, 0, 2, 1, 1, 0, 3, 1, 1, 2, 3, 0, 3, 0, 0, 0, 1, 0, 0, 0, 0, 2, 0, 1, 0]
event=403:G4_BALANCED:action:mode=exploit,state=1,draw=0.6149327650316729,action=0
event=404:G4_BALANCED:leader:action=0,fingerprint=[51, 8, 83, 31, 94, 11, 15, 22, 57, 19, 84, 77, 73, 1, 81, 14, 99, 16, 3, 79, 2, 98, 5, 91, 62, 43, 68, 76, 97, 40, 88, 30, 53, 20, 58, 93, 24, 72, 49, 59, 38, 28, 92, 67, 9, 18, 17, 87, 12, 26, 71, 74, 95, 63, 21, 47, 27, 37, 96, 6, 78, 10, 32, 46, 48, 56, 29, 64, 60, 23, 7, 36, 34, 85, 52, 55, 61, 54, 89, 41, 66, 86, 33, 42, 39, 80, 75, 50, 45, 35, 4, 0, 90, 69, 65, 44, 25, 13, 82, 70]|[2, 0, 1, 1, 2, 0, 0, 1, 0, 2, 0, 2, 0, 1, 1, 1, 1, 0, 1, 2, 0, 0, 1, 0, 1, 2, 0, 0, 1, 1, 0, 2, 1, 2, 1, 2, 2, 0, 0, 0, 2, 1, 1, 1, 0, 0, 2, 0, 1, 0, 2, 1, 2, 0, 2, 0, 0, 2, 1, 0, 0, 2, 2, 1, 1, 2, 2, 0, 2, 2, 0, 0, 1, 1, 0, 1, 0, 1, 1, 1, 1, 1, 1, 1, 2, 1, 2, 1, 0, 2, 0, 0, 0, 0, 1, 0, 0, 2, 1, 0]|[2, 2, 2, 2, 2, 0, 1, 2, 0, 0, 2, 0, 2, 0, 4, 1, 1, 2, 4, 1, 1, 0, 0, 0, 3, 2, 2, 0, 0, 1, 1, 0, 4, 1, 4, 0, 2, 0, 2, 0, 1, 0, 3, 0, 1, 1, 1, 2, 3, 1, 2, 4, 1, 2, 1, 0, 2, 1, 3, 1, 1, 1, 1, 4, 1, 1, 1, 2, 1, 1, 1, 1, 0, 0, 2, 4, 2, 4, 0, 0, 4, 4, 1, 0, 1, 4, 1, 0, 2, 1, 1, 0, 0, 0, 4, 1, 1, 1, 0, 1]|[0, 0, 1, 1, 0, 0, 0, 2, 0, 0, 0, 0, 1, 0, 0, 1, 0, 1, 3, 0, 0, 0, 0, 0, 3, 1, 0, 0, 1, 0, 1, 0, 3, 0, 0, 0, 0, 0, 1, 0, 1, 3, 1, 1, 0, 0, 0, 1, 0, 0, 0, 2, 0, 0, 0, 1, 1, 0, 3, 0, 0, 0, 0, 0, 2, 0, 0, 0, 0, 0, 0, 0, 1, 1, 1, 3, 0, 3, 0, 1, 1, 0, 2, 1, 0, 0, 0, 1, 0, 0, 1, 0, 0, 0, 0, 1, 0, 0, 2, 0]
event=405:G2_TEC:action:mode=exploit,state=1,draw=0.22019501519502838,action=2
event=406:G2_TEC:tournament:reason=action2,left=9,right=7,selected=[51, 8, 83, 31, 94, 66, 15, 22, 57, 19, 84, 40, 73, 1, 81, 14, 99, 16, 3, 79, 2, 74, 5, 91, 62, 43, 68, 76, 97, 77, 88, 30, 53, 20, 58, 93, 24, 72, 59, 49, 38, 28, 92, 67, 9, 18, 17, 87, 65, 26, 71, 98, 95, 63, 21, 47, 27, 37, 96, 6, 78, 10, 32, 46, 48, 56, 29, 64, 60, 23, 7, 36, 34, 85, 52, 55, 61, 54, 89, 41, 44, 39, 33, 42, 86, 80, 75, 90, 70, 25, 12, 35, 50, 0, 69, 11, 4, 13, 82, 45]|[2, 0, 1, 1, 2, 1, 1, 1, 0, 1, 0, 1, 0, 1, 0, 1, 1, 0, 1, 1, 0, 0, 0, 0, 1, 2, 1, 0, 1, 2, 0, 2, 1, 2, 0, 2, 0, 2, 0, 2, 0, 1, 0, 1, 0, 0, 2, 0, 1, 2, 2, 1, 2, 0, 2, 1, 0, 2, 2, 1, 0, 1, 2, 1, 2, 2, 2, 0, 2, 0, 0, 2, 1, 1, 0, 0, 0, 1, 2, 1, 0, 1, 0, 2, 1, 1, 2, 1, 0, 0, 1, 2, 1, 0, 1, 1, 1, 2, 0, 2]|[2, 2, 2, 2, 2, 4, 1, 2, 0, 4, 2, 1, 2, 4, 2, 1, 0, 2, 4, 0, 1, 1, 1, 0, 3, 2, 2, 0, 0, 1, 1, 0, 4, 1, 0, 0, 0, 1, 2, 1, 2, 0, 0, 0, 1, 1, 1, 2, 4, 1, 2, 4, 1, 2, 1, 2, 2, 1, 2, 3, 2, 2, 1, 4, 2, 1, 1, 2, 1, 1, 1, 1, 4, 0, 2, 2, 0, 4, 1, 0, 0, 4, 1, 1, 4, 4, 1, 0, 1, 1, 3, 1, 0, 0, 2, 4, 4, 1, 2, 1]|[0, 0, 1, 1, 0, 2, 2, 2, 0, 0, 0, 1, 1, 0, 0, 1, 1, 1, 3, 1, 0, 0, 0, 0, 3, 1, 1, 0, 1, 0, 1, 0, 3, 0, 0, 0, 0, 0, 1, 0, 0, 3, 0, 1, 0, 0, 0, 1, 0, 1, 0, 0, 0, 0, 0, 0, 1, 0, 0, 3, 0, 2, 0, 0, 0, 0, 0, 0, 0, 0, 0, 0, 2, 1, 1, 0, 0, 0, 1, 1, 0, 3, 1, 0, 2, 0, 0, 1, 0, 0, 0, 0, 1, 0, 2, 2, 0, 0, 1, 0]
event=407:G2_TEC:leader:action=2,fingerprint=[51, 8, 83, 31, 94, 66, 15, 22, 57, 19, 84, 40, 73, 1, 81, 14, 99, 16, 3, 79, 2, 74, 5, 91, 62, 43, 68, 76, 97, 77, 88, 30, 53, 20, 58, 93, 24, 72, 59, 49, 38, 28, 92, 67, 9, 18, 17, 87, 65, 26, 71, 98, 95, 63, 21, 47, 27, 37, 96, 6, 78, 10, 32, 46, 48, 56, 29, 64, 60, 23, 7, 36, 34, 85, 52, 55, 61, 54, 89, 41, 44, 39, 33, 42, 86, 80, 75, 90, 70, 25, 12, 35, 50, 0, 69, 11, 4, 13, 82, 45]|[2, 0, 1, 1, 2, 1, 1, 1, 0, 1, 0, 1, 0, 1, 0, 1, 1, 0, 1, 1, 0, 0, 0, 0, 1, 2, 1, 0, 1, 2, 0, 2, 1, 2, 0, 2, 0, 2, 0, 2, 0, 1, 0, 1, 0, 0, 2, 0, 1, 2, 2, 1, 2, 0, 2, 1, 0, 2, 2, 1, 0, 1, 2, 1, 2, 2, 2, 0, 2, 0, 0, 2, 1, 1, 0, 0, 0, 1, 2, 1, 0, 1, 0, 2, 1, 1, 2, 1, 0, 0, 1, 2, 1, 0, 1, 1, 1, 2, 0, 2]|[2, 2, 2, 2, 2, 4, 1, 2, 0, 4, 2, 1, 2, 4, 2, 1, 0, 2, 4, 0, 1, 1, 1, 0, 3, 2, 2, 0, 0, 1, 1, 0, 4, 1, 0, 0, 0, 1, 2, 1, 2, 0, 0, 0, 1, 1, 1, 2, 4, 1, 2, 4, 1, 2, 1, 2, 2, 1, 2, 3, 2, 2, 1, 4, 2, 1, 1, 2, 1, 1, 1, 1, 4, 0, 2, 2, 0, 4, 1, 0, 0, 4, 1, 1, 4, 4, 1, 0, 1, 1, 3, 1, 0, 0, 2, 4, 4, 1, 2, 1]|[0, 0, 1, 1, 0, 2, 2, 2, 0, 0, 0, 1, 1, 0, 0, 1, 1, 1, 3, 1, 0, 0, 0, 0, 3, 1, 1, 0, 1, 0, 1, 0, 3, 0, 0, 0, 0, 0, 1, 0, 0, 3, 0, 1, 0, 0, 0, 1, 0, 1, 0, 0, 0, 0, 0, 0, 1, 0, 0, 3, 0, 2, 0, 0, 0, 0, 0, 0, 0, 0, 0, 0, 2, 1, 1, 0, 0, 0, 1, 1, 0, 3, 1, 0, 2, 0, 0, 1, 0, 0, 0, 0, 1, 0, 2, 2, 0, 0, 1, 0]
event=408:G3_TWC:action:mode=exploit,state=1,draw=0.3984909311457673,action=2
event=409:G3_TWC:tournament:reason=action2,left=7,right=1,selected=[51, 8, 83, 31, 94, 11, 15, 22, 57, 19, 84, 77, 73, 1, 81, 14, 99, 16, 3, 79, 2, 98, 5, 91, 62, 43, 68, 76, 97, 40, 88, 30, 53, 20, 58, 93, 24, 72, 49, 59, 38, 28, 92, 67, 9, 18, 17, 87, 12, 26, 71, 74, 95, 63, 21, 47, 27, 37, 96, 6, 78, 10, 32, 46, 48, 56, 29, 64, 60, 23, 7, 36, 34, 85, 52, 55, 61, 54, 89, 41, 66, 86, 33, 42, 39, 80, 75, 50, 45, 35, 4, 0, 90, 69, 65, 44, 25, 13, 82, 70]|[2, 0, 1, 1, 2, 0, 0, 1, 0, 2, 0, 2, 0, 1, 1, 1, 1, 0, 1, 2, 0, 0, 1, 0, 1, 2, 0, 0, 1, 1, 0, 2, 1, 2, 1, 2, 2, 0, 0, 0, 2, 1, 1, 1, 0, 0, 2, 0, 1, 0, 2, 1, 2, 0, 2, 0, 0, 2, 1, 0, 0, 2, 2, 1, 1, 2, 2, 0, 2, 2, 0, 0, 1, 1, 0, 1, 0, 1, 1, 1, 1, 1, 1, 1, 2, 1, 2, 1, 0, 2, 0, 0, 0, 0, 1, 0, 0, 2, 1, 0]|[2, 2, 2, 2, 2, 0, 1, 2, 0, 0, 2, 0, 2, 0, 4, 1, 1, 2, 4, 1, 1, 0, 0, 0, 3, 2, 2, 0, 0, 1, 1, 0, 4, 1, 4, 0, 2, 0, 2, 0, 1, 0, 3, 0, 1, 1, 1, 2, 3, 1, 2, 4, 1, 2, 1, 0, 2, 1, 3, 1, 1, 1, 1, 4, 1, 1, 1, 2, 1, 1, 1, 1, 0, 0, 2, 4, 2, 4, 0, 0, 4, 4, 1, 0, 1, 4, 1, 0, 2, 1, 1, 0, 0, 0, 4, 1, 1, 1, 0, 1]|[0, 0, 1, 1, 0, 0, 0, 2, 0, 0, 0, 0, 1, 0, 0, 1, 0, 1, 3, 0, 0, 0, 0, 0, 3, 1, 0, 0, 1, 0, 1, 0, 3, 0, 0, 0, 0, 0, 1, 0, 1, 3, 1, 1, 0, 0, 0, 1, 0, 0, 0, 2, 0, 0, 0, 1, 1, 0, 3, 0, 0, 0, 0, 0, 2, 0, 0, 0, 0, 0, 0, 0, 1, 1, 1, 3, 0, 3, 0, 1, 1, 0, 2, 1, 0, 0, 0, 1, 0, 0, 1, 0, 0, 0, 0, 1, 0, 0, 2, 0]
event=410:G3_TWC:leader:action=2,fingerprint=[51, 8, 83, 31, 94, 11, 15, 22, 57, 19, 84, 77, 73, 1, 81, 14, 99, 16, 3, 79, 2, 98, 5, 91, 62, 43, 68, 76, 97, 40, 88, 30, 53, 20, 58, 93, 24, 72, 49, 59, 38, 28, 92, 67, 9, 18, 17, 87, 12, 26, 71, 74, 95, 63, 21, 47, 27, 37, 96, 6, 78, 10, 32, 46, 48, 56, 29, 64, 60, 23, 7, 36, 34, 85, 52, 55, 61, 54, 89, 41, 66, 86, 33, 42, 39, 80, 75, 50, 45, 35, 4, 0, 90, 69, 65, 44, 25, 13, 82, 70]|[2, 0, 1, 1, 2, 0, 0, 1, 0, 2, 0, 2, 0, 1, 1, 1, 1, 0, 1, 2, 0, 0, 1, 0, 1, 2, 0, 0, 1, 1, 0, 2, 1, 2, 1, 2, 2, 0, 0, 0, 2, 1, 1, 1, 0, 0, 2, 0, 1, 0, 2, 1, 2, 0, 2, 0, 0, 2, 1, 0, 0, 2, 2, 1, 1, 2, 2, 0, 2, 2, 0, 0, 1, 1, 0, 1, 0, 1, 1, 1, 1, 1, 1, 1, 2, 1, 2, 1, 0, 2, 0, 0, 0, 0, 1, 0, 0, 2, 1, 0]|[2, 2, 2, 2, 2, 0, 1, 2, 0, 0, 2, 0, 2, 0, 4, 1, 1, 2, 4, 1, 1, 0, 0, 0, 3, 2, 2, 0, 0, 1, 1, 0, 4, 1, 4, 0, 2, 0, 2, 0, 1, 0, 3, 0, 1, 1, 1, 2, 3, 1, 2, 4, 1, 2, 1, 0, 2, 1, 3, 1, 1, 1, 1, 4, 1, 1, 1, 2, 1, 1, 1, 1, 0, 0, 2, 4, 2, 4, 0, 0, 4, 4, 1, 0, 1, 4, 1, 0, 2, 1, 1, 0, 0, 0, 4, 1, 1, 1, 0, 1]|[0, 0, 1, 1, 0, 0, 0, 2, 0, 0, 0, 0, 1, 0, 0, 1, 0, 1, 3, 0, 0, 0, 0, 0, 3, 1, 0, 0, 1, 0, 1, 0, 3, 0, 0, 0, 0, 0, 1, 0, 1, 3, 1, 1, 0, 0, 0, 1, 0, 0, 0, 2, 0, 0, 0, 1, 1, 0, 3, 0, 0, 0, 0, 0, 2, 0, 0, 0, 0, 0, 0, 0, 1, 1, 1, 3, 0, 3, 0, 1, 1, 0, 2, 1, 0, 0, 0, 1, 0, 0, 1, 0, 0, 0, 0, 1, 0, 0, 2, 0]
event=411:G1_CMAX:update:state=1,action=2,reward=-92.63983367956291,nextState=1,old=-396.85366855538194,new=-362.4281478117482
event=412:G2_TEC:update:state=1,action=2,reward=-739.9095319744301,nextState=1,old=-2000.0978482039013,new=-2339.987810537551
event=413:G3_TWC:update:state=1,action=2,reward=-4414.199362125379,nextState=1,old=-25676.25746880775,new=-24955.20533717158
event=414:G4_BALANCED:update:state=1,action=0,reward=-0.04381393902494914,nextState=1,old=-0.4057066907985773,new=-0.368379291663811
event=415:G1_CMAX:action:mode=exploit,state=1,draw=0.49123786949723947,action=1
event=416:G1_CMAX:leader:action=1,fingerprint=[51, 8, 83, 31, 94, 11, 15, 22, 57, 19, 84, 40, 73, 1, 81, 47, 98, 79, 39, 49, 99, 74, 5, 91, 62, 43, 68, 76, 97, 77, 88, 30, 53, 20, 58, 93, 96, 72, 16, 59, 38, 28, 92, 67, 9, 18, 17, 87, 12, 26, 71, 2, 95, 63, 21, 14, 27, 37, 24, 6, 78, 10, 32, 46, 48, 56, 29, 64, 60, 23, 7, 36, 34, 85, 52, 55, 61, 54, 89, 41, 66, 86, 33, 42, 3, 80, 75, 50, 45, 35, 4, 0, 90, 69, 65, 44, 25, 13, 82, 70]|[2, 0, 1, 1, 2, 1, 1, 1, 2, 2, 0, 1, 0, 1, 2, 1, 1, 0, 1, 2, 0, 0, 1, 0, 1, 2, 1, 0, 1, 1, 0, 2, 1, 2, 0, 2, 2, 0, 0, 0, 2, 1, 1, 1, 0, 0, 2, 0, 1, 0, 2, 1, 2, 0, 2, 0, 0, 2, 1, 0, 2, 1, 2, 0, 0, 2, 2, 0, 1, 2, 0, 0, 1, 1, 0, 1, 1, 1, 2, 1, 0, 1, 0, 0, 1, 1, 2, 1, 0, 2, 0, 0, 1, 0, 1, 0, 0, 1, 1, 0]|[2, 2, 0, 2, 2, 4, 1, 2, 1, 0, 0, 0, 2, 0, 1, 1, 1, 2, 4, 1, 1, 0, 0, 0, 3, 2, 3, 0, 0, 1, 1, 0, 4, 1, 2, 0, 2, 0, 2, 0, 1, 0, 3, 0, 1, 1, 1, 2, 3, 1, 2, 4, 1, 2, 1, 0, 2, 1, 3, 1, 1, 2, 1, 2, 1, 1, 1, 2, 4, 1, 1, 1, 0, 4, 2, 4, 2, 4, 1, 0, 0, 4, 1, 2, 4, 4, 1, 4, 2, 1, 1, 0, 4, 2, 4, 1, 1, 2, 0, 0]|[0, 0, 1, 1, 0, 2, 2, 2, 0, 0, 0, 1, 1, 0, 0, 1, 0, 1, 3, 0, 1, 0, 0, 0, 3, 1, 1, 0, 1, 0, 1, 0, 3, 0, 0, 0, 0, 0, 1, 0, 1, 3, 1, 1, 0, 0, 0, 1, 0, 0, 0, 2, 0, 0, 0, 1, 1, 0, 3, 0, 1, 2, 0, 0, 0, 0, 0, 0, 0, 0, 0, 0, 1, 0, 1, 3, 2, 3, 1, 1, 0, 0, 1, 0, 3, 0, 0, 3, 0, 0, 1, 0, 3, 0, 0, 1, 0, 2, 2, 0]
event=417:G4_BALANCED:action:mode=exploit,state=1,draw=0.7876161669811862,action=0
event=418:G4_BALANCED:leader:action=0,fingerprint=[51, 8, 83, 31, 94, 11, 15, 22, 57, 19, 84, 77, 73, 1, 81, 14, 99, 16, 3, 79, 2, 98, 5, 91, 62, 43, 68, 76, 97, 40, 88, 30, 53, 20, 58, 93, 24, 72, 49, 59, 38, 28, 92, 67, 9, 18, 17, 87, 12, 26, 71, 74, 95, 63, 21, 47, 27, 37, 96, 6, 78, 10, 32, 46, 48, 56, 29, 64, 60, 23, 7, 36, 34, 85, 52, 55, 61, 54, 89, 41, 66, 86, 33, 42, 39, 80, 75, 50, 45, 35, 4, 0, 90, 69, 65, 44, 25, 13, 82, 70]|[2, 0, 1, 1, 2, 0, 0, 1, 0, 2, 0, 2, 0, 1, 1, 1, 1, 0, 1, 2, 0, 0, 1, 0, 1, 2, 0, 0, 1, 1, 0, 2, 1, 2, 1, 2, 2, 0, 0, 0, 2, 1, 1, 1, 0, 0, 2, 0, 1, 0, 2, 1, 2, 0, 2, 0, 0, 2, 1, 0, 0, 2, 2, 1, 1, 2, 2, 0, 2, 2, 0, 0, 1, 1, 0, 1, 0, 1, 1, 1, 1, 1, 1, 1, 2, 1, 2, 1, 0, 2, 0, 0, 0, 0, 1, 0, 0, 2, 1, 0]|[2, 2, 2, 2, 2, 0, 1, 2, 0, 0, 2, 0, 2, 0, 4, 1, 1, 2, 4, 1, 1, 0, 0, 0, 3, 2, 2, 0, 0, 1, 1, 0, 4, 1, 4, 0, 2, 0, 2, 0, 1, 0, 3, 0, 1, 1, 1, 2, 3, 1, 2, 4, 1, 2, 1, 0, 2, 1, 3, 1, 1, 1, 1, 4, 1, 1, 1, 2, 1, 1, 1, 1, 0, 0, 2, 4, 2, 4, 0, 0, 4, 4, 1, 0, 1, 4, 1, 0, 2, 1, 1, 0, 0, 0, 4, 1, 1, 1, 0, 1]|[0, 0, 1, 1, 0, 0, 0, 2, 0, 0, 0, 0, 1, 0, 0, 1, 0, 1, 3, 0, 0, 0, 0, 0, 3, 1, 0, 0, 1, 0, 1, 0, 3, 0, 0, 0, 0, 0, 1, 0, 1, 3, 1, 1, 0, 0, 0, 1, 0, 0, 0, 2, 0, 0, 0, 1, 1, 0, 3, 0, 0, 0, 0, 0, 2, 0, 0, 0, 0, 0, 0, 0, 1, 1, 1, 3, 0, 3, 0, 1, 1, 0, 2, 1, 0, 0, 0, 1, 0, 0, 1, 0, 0, 0, 0, 1, 0, 0, 2, 0]
event=419:G2_TEC:action:mode=exploit,state=1,draw=0.1691899672588838,action=0
event=420:G2_TEC:leader:action=0,fingerprint=[51, 8, 83, 31, 94, 66, 15, 22, 57, 19, 84, 40, 73, 1, 81, 14, 99, 16, 3, 79, 2, 74, 5, 91, 62, 43, 68, 76, 97, 77, 88, 30, 53, 20, 58, 93, 24, 72, 59, 49, 38, 28, 92, 67, 9, 18, 17, 87, 65, 26, 71, 98, 95, 63, 21, 47, 27, 37, 96, 6, 78, 10, 32, 46, 48, 56, 29, 64, 60, 23, 7, 36, 34, 85, 52, 55, 61, 54, 89, 41, 44, 39, 33, 42, 86, 80, 75, 90, 70, 25, 12, 35, 50, 0, 69, 11, 4, 13, 82, 45]|[2, 0, 1, 1, 2, 1, 1, 1, 0, 1, 0, 1, 0, 1, 0, 1, 1, 0, 1, 1, 0, 0, 0, 0, 1, 2, 1, 0, 1, 2, 0, 2, 1, 2, 0, 2, 0, 2, 0, 2, 0, 1, 0, 1, 0, 0, 2, 0, 1, 2, 2, 1, 2, 0, 2, 1, 0, 2, 2, 1, 0, 1, 2, 1, 2, 2, 2, 0, 2, 0, 0, 2, 1, 1, 0, 0, 0, 1, 2, 1, 0, 1, 0, 2, 1, 1, 2, 1, 0, 0, 1, 2, 1, 0, 1, 1, 1, 2, 0, 2]|[2, 2, 2, 2, 2, 4, 1, 2, 0, 4, 2, 1, 2, 4, 2, 1, 0, 2, 4, 0, 1, 1, 1, 0, 3, 2, 2, 0, 0, 1, 1, 0, 4, 1, 0, 0, 0, 1, 2, 1, 2, 0, 0, 0, 1, 1, 1, 2, 4, 1, 2, 4, 1, 2, 1, 2, 2, 1, 2, 3, 2, 2, 1, 4, 2, 1, 1, 2, 1, 1, 1, 1, 4, 0, 2, 2, 0, 4, 1, 0, 0, 4, 1, 1, 4, 4, 1, 0, 1, 1, 3, 1, 0, 0, 2, 4, 4, 1, 2, 1]|[0, 0, 1, 1, 0, 2, 2, 2, 0, 0, 0, 1, 1, 0, 0, 1, 1, 1, 3, 1, 0, 0, 0, 0, 3, 1, 1, 0, 1, 0, 1, 0, 3, 0, 0, 0, 0, 0, 1, 0, 0, 3, 0, 1, 0, 0, 0, 1, 0, 1, 0, 0, 0, 0, 0, 0, 1, 0, 0, 3, 0, 2, 0, 0, 0, 0, 0, 0, 0, 0, 0, 0, 2, 1, 1, 0, 0, 0, 1, 1, 0, 3, 1, 0, 2, 0, 0, 1, 0, 0, 0, 0, 1, 0, 2, 2, 0, 0, 1, 0]
event=421:G3_TWC:action:mode=exploit,state=1,draw=4.1237916660774587E-4,action=2
event=422:G3_TWC:tournament:reason=action2,left=4,right=1,selected=[51, 8, 83, 31, 94, 11, 15, 22, 57, 19, 84, 77, 73, 1, 81, 14, 99, 16, 3, 79, 2, 98, 5, 91, 62, 43, 68, 76, 97, 40, 88, 30, 53, 20, 58, 93, 96, 72, 49, 59, 38, 28, 92, 67, 9, 18, 17, 87, 12, 26, 71, 86, 95, 63, 21, 47, 27, 37, 24, 6, 78, 39, 32, 23, 55, 48, 64, 35, 60, 46, 7, 36, 66, 85, 52, 50, 61, 54, 89, 41, 34, 56, 33, 42, 82, 80, 75, 10, 70, 29, 4, 0, 90, 69, 65, 44, 25, 13, 74, 45]|[2, 0, 1, 0, 1, 0, 0, 1, 2, 0, 0, 0, 0, 1, 1, 0, 0, 0, 1, 2, 0, 2, 1, 0, 1, 2, 0, 0, 1, 1, 0, 1, 1, 1, 0, 2, 0, 2, 0, 0, 2, 1, 1, 1, 0, 2, 2, 0, 1, 2, 2, 1, 2, 0, 0, 0, 0, 2, 2, 0, 0, 1, 2, 2, 1, 0, 1, 2, 1, 1, 2, 0, 0, 1, 0, 1, 1, 1, 2, 1, 1, 2, 0, 2, 1, 1, 2, 2, 0, 2, 0, 0, 1, 0, 1, 0, 1, 2, 1, 0]|[2, 2, 0, 2, 4, 0, 1, 2, 1, 1, 1, 1, 2, 1, 4, 0, 1, 2, 4, 1, 1, 2, 2, 0, 3, 2, 2, 0, 0, 1, 1, 2, 4, 0, 2, 0, 1, 1, 2, 0, 1, 2, 3, 0, 1, 0, 1, 2, 3, 1, 2, 4, 1, 0, 1, 0, 2, 1, 2, 1, 2, 2, 1, 1, 4, 1, 0, 1, 4, 4, 2, 1, 0, 0, 2, 4, 2, 4, 1, 0, 0, 1, 1, 1, 0, 4, 1, 1, 1, 1, 1, 0, 0, 0, 4, 0, 0, 1, 4, 2]|[0, 0, 1, 1, 2, 0, 0, 2, 0, 0, 0, 0, 1, 3, 0, 1, 0, 1, 3, 0, 1, 0, 0, 0, 3, 1, 0, 0, 1, 0, 1, 2, 3, 1, 0, 0, 1, 0, 1, 0, 1, 0, 1, 1, 0, 0, 0, 1, 0, 1, 0, 2, 0, 0, 0, 1, 0, 0, 0, 0, 0, 2, 0, 0, 3, 0, 3, 0, 0, 0, 1, 0, 0, 1, 1, 3, 2, 3, 0, 1, 1, 0, 1, 0, 2, 0, 0, 0, 0, 0, 1, 0, 1, 0, 0, 1, 1, 0, 0, 0]
event=423:G3_TWC:leader:action=2,fingerprint=[51, 8, 83, 31, 94, 11, 15, 22, 57, 19, 84, 77, 73, 1, 81, 14, 99, 16, 3, 79, 2, 98, 5, 91, 62, 43, 68, 76, 97, 40, 88, 30, 53, 20, 58, 93, 96, 72, 49, 59, 38, 28, 92, 67, 9, 18, 17, 87, 12, 26, 71, 86, 95, 63, 21, 47, 27, 37, 24, 6, 78, 39, 32, 23, 55, 48, 64, 35, 60, 46, 7, 36, 66, 85, 52, 50, 61, 54, 89, 41, 34, 56, 33, 42, 82, 80, 75, 10, 70, 29, 4, 0, 90, 69, 65, 44, 25, 13, 74, 45]|[2, 0, 1, 0, 1, 0, 0, 1, 2, 0, 0, 0, 0, 1, 1, 0, 0, 0, 1, 2, 0, 2, 1, 0, 1, 2, 0, 0, 1, 1, 0, 1, 1, 1, 0, 2, 0, 2, 0, 0, 2, 1, 1, 1, 0, 2, 2, 0, 1, 2, 2, 1, 2, 0, 0, 0, 0, 2, 2, 0, 0, 1, 2, 2, 1, 0, 1, 2, 1, 1, 2, 0, 0, 1, 0, 1, 1, 1, 2, 1, 1, 2, 0, 2, 1, 1, 2, 2, 0, 2, 0, 0, 1, 0, 1, 0, 1, 2, 1, 0]|[2, 2, 0, 2, 4, 0, 1, 2, 1, 1, 1, 1, 2, 1, 4, 0, 1, 2, 4, 1, 1, 2, 2, 0, 3, 2, 2, 0, 0, 1, 1, 2, 4, 0, 2, 0, 1, 1, 2, 0, 1, 2, 3, 0, 1, 0, 1, 2, 3, 1, 2, 4, 1, 0, 1, 0, 2, 1, 2, 1, 2, 2, 1, 1, 4, 1, 0, 1, 4, 4, 2, 1, 0, 0, 2, 4, 2, 4, 1, 0, 0, 1, 1, 1, 0, 4, 1, 1, 1, 1, 1, 0, 0, 0, 4, 0, 0, 1, 4, 2]|[0, 0, 1, 1, 2, 0, 0, 2, 0, 0, 0, 0, 1, 3, 0, 1, 0, 1, 3, 0, 1, 0, 0, 0, 3, 1, 0, 0, 1, 0, 1, 2, 3, 1, 0, 0, 1, 0, 1, 0, 1, 0, 1, 1, 0, 0, 0, 1, 0, 1, 0, 2, 0, 0, 0, 1, 0, 0, 0, 0, 0, 2, 0, 0, 3, 0, 3, 0, 0, 0, 1, 0, 0, 1, 1, 3, 2, 3, 0, 1, 1, 0, 1, 0, 2, 0, 0, 0, 0, 0, 1, 0, 1, 0, 0, 1, 1, 0, 0, 0]
event=424:G1_CMAX:update:state=1,action=1,reward=-42.60443249390721,nextState=1,old=-337.2353926652316,new=-312.3927466260925
event=425:G2_TEC:update:state=1,action=0,reward=-739.9589032921285,nextState=1,old=-2241.730765605009,new=-2533.343515776136
event=426:G3_TWC:update:state=1,action=2,reward=-2891.4661849840777,nextState=1,old=-24955.20533717158,new=-22855.630454721344
event=427:G4_BALANCED:update:state=1,action=0,reward=-0.03175439417405383,nextState=1,old=-0.368379291663811,new=-0.32645782750510266
event=428:G1_CMAX:action:mode=exploit,state=1,draw=0.30633415808816256,action=1
event=429:G1_CMAX:leader:action=1,fingerprint=[51, 8, 83, 31, 94, 11, 15, 22, 57, 19, 84, 40, 73, 1, 81, 47, 98, 79, 39, 49, 99, 74, 5, 91, 62, 43, 68, 76, 97, 77, 88, 30, 53, 20, 58, 93, 96, 72, 16, 59, 38, 28, 92, 67, 9, 18, 17, 87, 12, 26, 71, 2, 95, 63, 21, 14, 27, 37, 24, 6, 78, 10, 32, 46, 48, 56, 29, 64, 60, 23, 7, 36, 34, 85, 52, 55, 61, 54, 89, 41, 66, 86, 33, 42, 3, 80, 75, 50, 45, 35, 4, 0, 90, 69, 65, 44, 25, 13, 82, 70]|[2, 0, 1, 1, 2, 1, 1, 1, 2, 2, 0, 1, 0, 1, 2, 1, 1, 0, 1, 2, 0, 0, 1, 0, 1, 2, 1, 0, 1, 1, 0, 2, 1, 2, 0, 2, 2, 0, 0, 0, 2, 1, 1, 1, 0, 0, 2, 0, 1, 0, 2, 1, 2, 0, 2, 0, 0, 2, 1, 0, 2, 1, 2, 0, 0, 2, 2, 0, 1, 2, 0, 0, 1, 1, 0, 1, 1, 1, 2, 1, 0, 1, 0, 0, 1, 1, 2, 1, 0, 2, 0, 0, 1, 0, 1, 0, 0, 1, 1, 0]|[2, 2, 0, 2, 2, 4, 1, 2, 1, 0, 0, 0, 2, 0, 1, 1, 1, 2, 4, 1, 1, 0, 0, 0, 3, 2, 3, 0, 0, 1, 1, 0, 4, 1, 2, 0, 2, 0, 2, 0, 1, 0, 3, 0, 1, 1, 1, 2, 3, 1, 2, 4, 1, 2, 1, 0, 2, 1, 3, 1, 1, 2, 1, 2, 1, 1, 1, 2, 4, 1, 1, 1, 0, 4, 2, 4, 2, 4, 1, 0, 0, 4, 1, 2, 4, 4, 1, 4, 2, 1, 1, 0, 4, 2, 4, 1, 1, 2, 0, 0]|[0, 0, 1, 1, 0, 2, 2, 2, 0, 0, 0, 1, 1, 0, 0, 1, 0, 1, 3, 0, 1, 0, 0, 0, 3, 1, 1, 0, 1, 0, 1, 0, 3, 0, 0, 0, 0, 0, 1, 0, 1, 3, 1, 1, 0, 0, 0, 1, 0, 0, 0, 2, 0, 0, 0, 1, 1, 0, 3, 0, 1, 2, 0, 0, 0, 0, 0, 0, 0, 0, 0, 0, 1, 0, 1, 3, 2, 3, 1, 1, 0, 0, 1, 0, 3, 0, 0, 3, 0, 0, 1, 0, 3, 0, 0, 1, 0, 2, 2, 0]
event=430:G4_BALANCED:action:mode=explore,state=1,draw=0.8136850531448188,action=0
event=431:G4_BALANCED:leader:action=0,fingerprint=[51, 8, 83, 31, 94, 11, 15, 22, 57, 19, 84, 77, 73, 1, 81, 14, 99, 16, 3, 79, 2, 98, 5, 91, 62, 43, 68, 76, 97, 40, 88, 30, 53, 20, 58, 93, 24, 72, 49, 59, 38, 28, 92, 67, 9, 18, 17, 87, 12, 26, 71, 74, 95, 63, 21, 47, 27, 37, 96, 23, 78, 10, 66, 6, 48, 25, 29, 64, 60, 46, 7, 36, 34, 85, 52, 55, 61, 54, 89, 41, 32, 39, 33, 42, 86, 80, 75, 50, 70, 35, 4, 0, 90, 69, 65, 44, 56, 13, 82, 45]|[2, 0, 1, 1, 2, 1, 0, 1, 2, 2, 0, 2, 0, 1, 1, 1, 1, 0, 1, 2, 0, 0, 1, 0, 1, 2, 0, 0, 1, 1, 0, 2, 1, 2, 1, 2, 2, 0, 0, 0, 2, 1, 1, 1, 0, 0, 2, 0, 1, 0, 2, 1, 2, 0, 2, 1, 0, 2, 1, 2, 0, 2, 1, 0, 1, 0, 2, 0, 2, 1, 0, 0, 1, 1, 0, 1, 0, 1, 1, 1, 2, 2, 1, 0, 1, 1, 2, 1, 0, 2, 0, 0, 0, 0, 1, 0, 1, 2, 1, 0]|[2, 2, 2, 2, 2, 4, 1, 2, 1, 0, 1, 0, 2, 4, 4, 1, 1, 2, 4, 1, 1, 0, 0, 0, 3, 2, 2, 0, 0, 1, 1, 0, 4, 1, 4, 0, 2, 0, 2, 1, 1, 0, 3, 0, 1, 1, 1, 2, 3, 1, 2, 4, 1, 2, 1, 1, 2, 1, 3, 1, 1, 1, 4, 1, 1, 1, 1, 2, 1, 4, 1, 1, 0, 4, 2, 4, 2, 4, 0, 0, 1, 1, 1, 2, 4, 4, 1, 0, 1, 1, 1, 0, 0, 0, 4, 1, 0, 1, 0, 2]|[0, 0, 1, 1, 0, 2, 0, 2, 0, 0, 0, 0, 1, 0, 0, 1, 0, 1, 3, 0, 0, 0, 0, 0, 3, 1, 0, 0, 1, 0, 1, 0, 3, 0, 0, 0, 0, 0, 1, 1, 1, 3, 1, 1, 0, 0, 0, 1, 0, 0, 0, 2, 0, 0, 0, 1, 1, 0, 3, 0, 0, 0, 1, 0, 2, 0, 0, 0, 0, 0, 0, 0, 1, 0, 1, 3, 0, 3, 0, 1, 0, 0, 2, 0, 0, 0, 0, 1, 0, 0, 1, 0, 0, 0, 0, 1, 1, 0, 2, 0]
event=432:G2_TEC:action:mode=exploit,state=1,draw=0.4719483968566007,action=2
event=433:G2_TEC:tournament:reason=action2,left=5,right=5,selected=[51, 8, 83, 31, 94, 11, 15, 22, 57, 19, 84, 77, 73, 1, 81, 14, 99, 16, 3, 79, 2, 74, 5, 91, 62, 43, 68, 76, 97, 40, 88, 30, 53, 20, 58, 93, 96, 72, 49, 59, 38, 28, 92, 18, 9, 67, 17, 87, 12, 26, 55, 98, 95, 63, 21, 47, 27, 37, 24, 6, 78, 10, 32, 46, 48, 50, 29, 64, 60, 23, 7, 36, 34, 85, 52, 71, 61, 54, 89, 41, 66, 39, 33, 42, 82, 80, 75, 56, 70, 35, 4, 0, 13, 90, 86, 44, 65, 45, 25, 69]|[2, 0, 1, 1, 2, 1, 0, 1, 2, 2, 0, 1, 0, 2, 1, 1, 1, 0, 1, 2, 0, 0, 1, 0, 1, 2, 0, 0, 1, 1, 0, 2, 1, 2, 1, 2, 2, 2, 0, 2, 2, 1, 1, 1, 0, 1, 2, 0, 1, 0, 1, 1, 2, 0, 2, 0, 0, 2, 1, 0, 2, 2, 2, 0, 1, 1, 2, 0, 2, 0, 0, 0, 1, 1, 0, 2, 1, 1, 1, 1, 1, 2, 1, 1, 1, 1, 2, 2, 0, 2, 0, 0, 2, 1, 1, 1, 1, 0, 1, 0]|[2, 2, 2, 2, 0, 4, 1, 2, 1, 0, 1, 1, 2, 1, 4, 1, 1, 2, 4, 1, 1, 1, 0, 0, 3, 2, 2, 0, 0, 1, 1, 0, 4, 1, 4, 0, 2, 1, 2, 1, 1, 0, 3, 0, 1, 0, 1, 2, 1, 1, 4, 4, 1, 2, 1, 0, 2, 1, 3, 1, 1, 1, 1, 2, 4, 4, 1, 2, 1, 0, 1, 1, 0, 0, 2, 1, 1, 4, 0, 0, 4, 1, 1, 0, 0, 4, 1, 1, 1, 1, 1, 0, 1, 4, 4, 1, 4, 2, 0, 2]|[0, 0, 1, 1, 0, 2, 0, 2, 0, 0, 0, 0, 1, 1, 0, 1, 0, 1, 3, 0, 0, 0, 0, 0, 3, 1, 0, 0, 1, 0, 1, 0, 3, 0, 0, 0, 0, 0, 1, 0, 1, 3, 1, 1, 0, 1, 0, 1, 2, 0, 3, 0, 0, 0, 0, 1, 0, 0, 3, 0, 1, 0, 0, 0, 3, 3, 0, 0, 0, 1, 0, 0, 1, 1, 1, 0, 1, 3, 0, 1, 2, 0, 2, 1, 2, 0, 0, 0, 0, 0, 1, 0, 0, 3, 0, 2, 0, 0, 1, 0]
event=434:G2_TEC:leader:action=2,fingerprint=[51, 8, 83, 31, 94, 11, 15, 22, 57, 19, 84, 77, 73, 1, 81, 14, 99, 16, 3, 79, 2, 74, 5, 91, 62, 43, 68, 76, 97, 40, 88, 30, 53, 20, 58, 93, 96, 72, 49, 59, 38, 28, 92, 18, 9, 67, 17, 87, 12, 26, 55, 98, 95, 63, 21, 47, 27, 37, 24, 6, 78, 10, 32, 46, 48, 50, 29, 64, 60, 23, 7, 36, 34, 85, 52, 71, 61, 54, 89, 41, 66, 39, 33, 42, 82, 80, 75, 56, 70, 35, 4, 0, 13, 90, 86, 44, 65, 45, 25, 69]|[2, 0, 1, 1, 2, 1, 0, 1, 2, 2, 0, 1, 0, 2, 1, 1, 1, 0, 1, 2, 0, 0, 1, 0, 1, 2, 0, 0, 1, 1, 0, 2, 1, 2, 1, 2, 2, 2, 0, 2, 2, 1, 1, 1, 0, 1, 2, 0, 1, 0, 1, 1, 2, 0, 2, 0, 0, 2, 1, 0, 2, 2, 2, 0, 1, 1, 2, 0, 2, 0, 0, 0, 1, 1, 0, 2, 1, 1, 1, 1, 1, 2, 1, 1, 1, 1, 2, 2, 0, 2, 0, 0, 2, 1, 1, 1, 1, 0, 1, 0]|[2, 2, 2, 2, 0, 4, 1, 2, 1, 0, 1, 1, 2, 1, 4, 1, 1, 2, 4, 1, 1, 1, 0, 0, 3, 2, 2, 0, 0, 1, 1, 0, 4, 1, 4, 0, 2, 1, 2, 1, 1, 0, 3, 0, 1, 0, 1, 2, 1, 1, 4, 4, 1, 2, 1, 0, 2, 1, 3, 1, 1, 1, 1, 2, 4, 4, 1, 2, 1, 0, 1, 1, 0, 0, 2, 1, 1, 4, 0, 0, 4, 1, 1, 0, 0, 4, 1, 1, 1, 1, 1, 0, 1, 4, 4, 1, 4, 2, 0, 2]|[0, 0, 1, 1, 0, 2, 0, 2, 0, 0, 0, 0, 1, 1, 0, 1, 0, 1, 3, 0, 0, 0, 0, 0, 3, 1, 0, 0, 1, 0, 1, 0, 3, 0, 0, 0, 0, 0, 1, 0, 1, 3, 1, 1, 0, 1, 0, 1, 2, 0, 3, 0, 0, 0, 0, 1, 0, 0, 3, 0, 1, 0, 0, 0, 3, 3, 0, 0, 0, 1, 0, 0, 1, 1, 1, 0, 1, 3, 0, 1, 2, 0, 2, 1, 2, 0, 0, 0, 0, 0, 1, 0, 0, 3, 0, 2, 0, 0, 1, 0]
event=435:G3_TWC:action:mode=exploit,state=1,draw=0.3262041457677062,action=2
event=436:G3_TWC:tournament:reason=action2,left=7,right=3,selected=[51, 8, 83, 31, 94, 11, 15, 22, 57, 19, 84, 77, 73, 1, 81, 14, 99, 16, 3, 79, 2, 98, 5, 91, 62, 43, 68, 76, 97, 40, 88, 30, 53, 20, 58, 93, 24, 72, 49, 59, 38, 28, 92, 67, 9, 18, 17, 87, 12, 26, 71, 74, 95, 63, 21, 47, 27, 37, 96, 6, 78, 10, 32, 46, 48, 56, 60, 64, 29, 23, 7, 36, 34, 85, 52, 55, 69, 86, 89, 41, 66, 39, 33, 42, 54, 80, 75, 50, 70, 25, 4, 0, 90, 61, 65, 44, 35, 13, 82, 45]|[2, 0, 1, 1, 2, 0, 0, 1, 0, 0, 0, 0, 0, 1, 1, 1, 1, 0, 1, 2, 0, 0, 1, 0, 1, 2, 1, 0, 1, 1, 0, 2, 1, 0, 1, 2, 2, 2, 0, 0, 2, 1, 1, 1, 0, 0, 2, 0, 1, 0, 2, 1, 2, 0, 2, 0, 0, 2, 1, 0, 0, 2, 2, 1, 1, 2, 2, 0, 2, 2, 0, 0, 1, 1, 0, 1, 0, 1, 2, 1, 1, 2, 1, 1, 1, 1, 2, 1, 0, 0, 0, 0, 0, 0, 1, 0, 2, 2, 1, 0]|[2, 2, 2, 2, 2, 0, 1, 2, 0, 1, 0, 1, 2, 0, 4, 1, 1, 2, 4, 1, 1, 0, 0, 0, 3, 2, 3, 0, 0, 1, 1, 0, 4, 2, 4, 0, 2, 1, 0, 0, 1, 0, 3, 0, 1, 1, 1, 2, 3, 1, 2, 4, 1, 2, 1, 0, 2, 1, 3, 1, 2, 1, 1, 4, 1, 1, 1, 2, 1, 1, 1, 1, 0, 0, 2, 4, 0, 4, 1, 0, 4, 1, 1, 0, 4, 4, 1, 4, 1, 1, 1, 0, 0, 2, 4, 1, 1, 1, 0, 2]|[0, 0, 1, 1, 0, 0, 0, 2, 0, 0, 0, 0, 1, 0, 0, 1, 0, 1, 3, 0, 0, 0, 0, 0, 3, 1, 1, 0, 1, 0, 1, 0, 3, 0, 0, 0, 0, 0, 0, 0, 1, 3, 1, 1, 0, 0, 0, 1, 0, 0, 0, 2, 0, 0, 0, 1, 1, 0, 3, 0, 0, 0, 0, 0, 2, 0, 0, 0, 0, 0, 0, 0, 1, 1, 1, 3, 0, 2, 1, 1, 1, 0, 2, 1, 3, 0, 0, 3, 0, 0, 1, 0, 0, 0, 0, 1, 0, 0, 2, 0]
event=437:G3_TWC:leader:action=2,fingerprint=[51, 8, 83, 31, 94, 11, 15, 22, 57, 19, 84, 77, 73, 1, 81, 14, 99, 16, 3, 79, 2, 98, 5, 91, 62, 43, 68, 76, 97, 40, 88, 30, 53, 20, 58, 93, 24, 72, 49, 59, 38, 28, 92, 67, 9, 18, 17, 87, 12, 26, 71, 74, 95, 63, 21, 47, 27, 37, 96, 6, 78, 10, 32, 46, 48, 56, 60, 64, 29, 23, 7, 36, 34, 85, 52, 55, 69, 86, 89, 41, 66, 39, 33, 42, 54, 80, 75, 50, 70, 25, 4, 0, 90, 61, 65, 44, 35, 13, 82, 45]|[2, 0, 1, 1, 2, 0, 0, 1, 0, 0, 0, 0, 0, 1, 1, 1, 1, 0, 1, 2, 0, 0, 1, 0, 1, 2, 1, 0, 1, 1, 0, 2, 1, 0, 1, 2, 2, 2, 0, 0, 2, 1, 1, 1, 0, 0, 2, 0, 1, 0, 2, 1, 2, 0, 2, 0, 0, 2, 1, 0, 0, 2, 2, 1, 1, 2, 2, 0, 2, 2, 0, 0, 1, 1, 0, 1, 0, 1, 2, 1, 1, 2, 1, 1, 1, 1, 2, 1, 0, 0, 0, 0, 0, 0, 1, 0, 2, 2, 1, 0]|[2, 2, 2, 2, 2, 0, 1, 2, 0, 1, 0, 1, 2, 0, 4, 1, 1, 2, 4, 1, 1, 0, 0, 0, 3, 2, 3, 0, 0, 1, 1, 0, 4, 2, 4, 0, 2, 1, 0, 0, 1, 0, 3, 0, 1, 1, 1, 2, 3, 1, 2, 4, 1, 2, 1, 0, 2, 1, 3, 1, 2, 1, 1, 4, 1, 1, 1, 2, 1, 1, 1, 1, 0, 0, 2, 4, 0, 4, 1, 0, 4, 1, 1, 0, 4, 4, 1, 4, 1, 1, 1, 0, 0, 2, 4, 1, 1, 1, 0, 2]|[0, 0, 1, 1, 0, 0, 0, 2, 0, 0, 0, 0, 1, 0, 0, 1, 0, 1, 3, 0, 0, 0, 0, 0, 3, 1, 1, 0, 1, 0, 1, 0, 3, 0, 0, 0, 0, 0, 0, 0, 1, 3, 1, 1, 0, 0, 0, 1, 0, 0, 0, 2, 0, 0, 0, 1, 1, 0, 3, 0, 0, 0, 0, 0, 2, 0, 0, 0, 0, 0, 0, 0, 1, 1, 1, 3, 0, 2, 1, 1, 1, 0, 2, 1, 3, 0, 0, 3, 0, 0, 1, 0, 0, 0, 0, 1, 0, 0, 2, 0]
event=438:G1_CMAX:update:state=1,action=1,reward=-35.614289928922176,nextState=1,old=-312.3927466260925,new=-285.52848722979616
event=439:G2_TEC:update:state=1,action=2,reward=-759.3473156086402,nextState=1,old=-2339.987810537551,new=-2631.337564038681
event=440:G3_TWC:update:state=1,action=2,reward=-7191.559402571176,nextState=1,old=-22855.630454721344,new=-25476.063766348252
event=441:G4_BALANCED:update:state=1,action=0,reward=-0.08403075745843105,nextState=1,old=-0.32645782750510266,new=-0.34519701946251324
event=442:G1_CMAX:action:mode=exploit,state=1,draw=0.27814525525539324,action=1
event=443:G1_CMAX:leader:action=1,fingerprint=[51, 8, 83, 31, 94, 11, 15, 22, 57, 19, 84, 40, 73, 1, 81, 47, 98, 79, 39, 49, 99, 74, 5, 91, 62, 43, 68, 76, 97, 77, 88, 30, 53, 20, 58, 93, 96, 72, 16, 59, 38, 28, 92, 67, 9, 18, 17, 87, 12, 26, 71, 2, 95, 63, 21, 14, 27, 37, 24, 6, 78, 10, 32, 46, 48, 56, 29, 64, 60, 23, 7, 36, 34, 85, 52, 55, 61, 54, 89, 41, 66, 86, 33, 42, 3, 80, 75, 50, 45, 35, 4, 0, 90, 69, 65, 44, 25, 13, 82, 70]|[2, 0, 1, 1, 2, 1, 1, 1, 2, 2, 0, 1, 0, 1, 2, 1, 1, 0, 1, 2, 0, 0, 1, 0, 1, 2, 1, 0, 1, 1, 0, 2, 1, 2, 0, 2, 2, 0, 0, 0, 2, 1, 1, 1, 0, 0, 2, 0, 1, 0, 2, 1, 2, 0, 2, 0, 0, 2, 1, 0, 2, 1, 2, 0, 0, 2, 2, 0, 1, 2, 0, 0, 1, 1, 0, 1, 1, 1, 2, 1, 0, 1, 0, 0, 1, 1, 2, 1, 0, 2, 0, 0, 1, 0, 1, 0, 0, 1, 1, 0]|[2, 2, 0, 2, 2, 4, 1, 2, 1, 0, 0, 0, 2, 0, 1, 1, 1, 2, 4, 1, 1, 0, 0, 0, 3, 2, 3, 0, 0, 1, 1, 0, 4, 1, 2, 0, 2, 0, 2, 0, 1, 0, 3, 0, 1, 1, 1, 2, 3, 1, 2, 4, 1, 2, 1, 0, 2, 1, 3, 1, 1, 2, 1, 2, 1, 1, 1, 2, 4, 1, 1, 1, 0, 4, 2, 4, 2, 4, 1, 0, 0, 4, 1, 2, 4, 4, 1, 4, 2, 1, 1, 0, 4, 2, 4, 1, 1, 2, 0, 0]|[0, 0, 1, 1, 0, 2, 2, 2, 0, 0, 0, 1, 1, 0, 0, 1, 0, 1, 3, 0, 1, 0, 0, 0, 3, 1, 1, 0, 1, 0, 1, 0, 3, 0, 0, 0, 0, 0, 1, 0, 1, 3, 1, 1, 0, 0, 0, 1, 0, 0, 0, 2, 0, 0, 0, 1, 1, 0, 3, 0, 1, 2, 0, 0, 0, 0, 0, 0, 0, 0, 0, 0, 1, 0, 1, 3, 2, 3, 1, 1, 0, 0, 1, 0, 3, 0, 0, 3, 0, 0, 1, 0, 3, 0, 0, 1, 0, 2, 2, 0]
event=444:G4_BALANCED:action:mode=exploit,state=1,draw=0.4081819089436176,action=0
event=445:G4_BALANCED:leader:action=0,fingerprint=[51, 8, 83, 31, 94, 11, 15, 22, 57, 19, 84, 77, 73, 1, 81, 14, 99, 16, 3, 79, 2, 98, 5, 91, 62, 43, 68, 76, 97, 40, 88, 30, 53, 20, 58, 93, 24, 72, 49, 59, 38, 28, 92, 67, 9, 18, 17, 87, 12, 26, 71, 74, 95, 63, 21, 47, 27, 37, 96, 23, 78, 10, 66, 6, 48, 25, 29, 64, 60, 46, 7, 36, 34, 85, 52, 55, 61, 54, 89, 41, 32, 39, 33, 42, 86, 80, 75, 50, 70, 35, 4, 0, 90, 69, 65, 44, 56, 13, 82, 45]|[2, 0, 1, 1, 2, 1, 0, 1, 2, 2, 0, 2, 0, 1, 1, 1, 1, 0, 1, 2, 0, 0, 1, 0, 1, 2, 0, 0, 1, 1, 0, 2, 1, 2, 1, 2, 2, 0, 0, 0, 2, 1, 1, 1, 0, 0, 2, 0, 1, 0, 2, 1, 2, 0, 2, 1, 0, 2, 1, 2, 0, 2, 1, 0, 1, 0, 2, 0, 2, 1, 0, 0, 1, 1, 0, 1, 0, 1, 1, 1, 2, 2, 1, 0, 1, 1, 2, 1, 0, 2, 0, 0, 0, 0, 1, 0, 1, 2, 1, 0]|[2, 2, 2, 2, 2, 4, 1, 2, 1, 0, 1, 0, 2, 4, 4, 1, 1, 2, 4, 1, 1, 0, 0, 0, 3, 2, 2, 0, 0, 1, 1, 0, 4, 1, 4, 0, 2, 0, 2, 1, 1, 0, 3, 0, 1, 1, 1, 2, 3, 1, 2, 4, 1, 2, 1, 1, 2, 1, 3, 1, 1, 1, 4, 1, 1, 1, 1, 2, 1, 4, 1, 1, 0, 4, 2, 4, 2, 4, 0, 0, 1, 1, 1, 2, 4, 4, 1, 0, 1, 1, 1, 0, 0, 0, 4, 1, 0, 1, 0, 2]|[0, 0, 1, 1, 0, 2, 0, 2, 0, 0, 0, 0, 1, 0, 0, 1, 0, 1, 3, 0, 0, 0, 0, 0, 3, 1, 0, 0, 1, 0, 1, 0, 3, 0, 0, 0, 0, 0, 1, 1, 1, 3, 1, 1, 0, 0, 0, 1, 0, 0, 0, 2, 0, 0, 0, 1, 1, 0, 3, 0, 0, 0, 1, 0, 2, 0, 0, 0, 0, 0, 0, 0, 1, 0, 1, 3, 0, 3, 0, 1, 0, 0, 2, 0, 0, 0, 0, 1, 0, 0, 1, 0, 0, 0, 0, 1, 1, 0, 2, 0]
event=446:G2_TEC:action:mode=explore,state=1,draw=0.9408181124269457,action=1
event=447:G2_TEC:leader:action=1,fingerprint=[51, 8, 83, 31, 94, 66, 15, 22, 57, 19, 84, 40, 73, 1, 81, 14, 99, 16, 3, 79, 2, 74, 5, 91, 62, 43, 68, 76, 97, 77, 88, 30, 53, 20, 58, 93, 24, 72, 59, 49, 38, 28, 92, 67, 9, 18, 17, 87, 65, 26, 71, 98, 95, 63, 21, 47, 27, 37, 96, 6, 78, 10, 32, 46, 48, 56, 29, 64, 60, 23, 7, 36, 34, 85, 52, 55, 61, 54, 89, 41, 11, 39, 33, 42, 86, 80, 75, 90, 70, 35, 50, 0, 4, 69, 12, 44, 25, 13, 82, 45]|[2, 0, 1, 1, 2, 0, 1, 1, 0, 1, 0, 2, 0, 1, 1, 1, 1, 0, 1, 2, 1, 0, 0, 0, 1, 2, 1, 0, 1, 0, 0, 2, 1, 2, 0, 2, 0, 2, 2, 2, 2, 1, 0, 1, 0, 0, 2, 0, 1, 2, 2, 2, 2, 0, 2, 2, 0, 2, 2, 0, 0, 1, 2, 1, 1, 2, 2, 0, 2, 0, 0, 0, 1, 1, 0, 2, 0, 1, 2, 1, 1, 1, 0, 2, 1, 1, 2, 1, 0, 2, 1, 0, 1, 0, 1, 0, 0, 2, 0, 2]|[2, 2, 2, 2, 2, 0, 1, 2, 0, 4, 2, 0, 2, 1, 4, 1, 1, 2, 4, 1, 3, 0, 1, 0, 3, 2, 2, 0, 0, 1, 1, 0, 4, 1, 2, 0, 0, 1, 1, 1, 1, 0, 0, 0, 1, 1, 1, 2, 4, 1, 2, 2, 1, 2, 1, 1, 2, 1, 2, 1, 2, 2, 1, 4, 4, 1, 1, 2, 1, 0, 1, 2, 0, 0, 2, 1, 2, 4, 1, 0, 4, 4, 2, 1, 4, 4, 1, 0, 0, 1, 4, 0, 4, 0, 4, 0, 1, 1, 2, 1]|[0, 0, 1, 1, 0, 0, 2, 2, 0, 0, 0, 0, 1, 3, 0, 1, 0, 1, 3, 0, 3, 0, 0, 0, 3, 1, 1, 0, 1, 0, 1, 0, 3, 0, 0, 0, 0, 0, 0, 0, 1, 3, 0, 1, 0, 0, 0, 1, 0, 1, 0, 0, 0, 0, 0, 0, 1, 0, 0, 0, 0, 2, 0, 0, 3, 0, 0, 0, 0, 1, 0, 0, 1, 1, 1, 0, 0, 3, 1, 1, 2, 3, 0, 0, 3, 0, 0, 1, 0, 0, 3, 0, 1, 0, 0, 0, 0, 0, 1, 0]
event=448:G3_TWC:action:mode=exploit,state=1,draw=0.6257475864485437,action=2
event=449:G3_TWC:tournament:reason=action2,left=3,right=8,selected=[51, 8, 83, 31, 94, 11, 15, 22, 57, 19, 84, 77, 73, 1, 81, 14, 99, 16, 3, 79, 2, 98, 5, 91, 62, 43, 68, 76, 97, 40, 88, 30, 53, 20, 58, 93, 24, 72, 49, 59, 38, 28, 92, 67, 9, 18, 17, 87, 12, 26, 71, 74, 95, 63, 21, 47, 27, 37, 96, 6, 78, 10, 32, 46, 48, 56, 29, 64, 60, 23, 7, 36, 90, 85, 52, 55, 61, 54, 89, 41, 66, 39, 33, 42, 86, 80, 75, 50, 45, 35, 4, 0, 34, 69, 65, 44, 25, 13, 82, 70]|[2, 0, 0, 1, 2, 1, 0, 1, 2, 2, 0, 2, 0, 1, 1, 1, 1, 0, 1, 2, 0, 2, 1, 0, 1, 2, 0, 0, 1, 1, 0, 2, 1, 2, 0, 2, 2, 0, 0, 0, 2, 1, 1, 1, 0, 0, 2, 0, 1, 0, 2, 1, 2, 0, 2, 0, 0, 2, 1, 0, 0, 2, 2, 0, 1, 2, 2, 0, 2, 2, 0, 0, 2, 1, 0, 1, 0, 1, 1, 1, 1, 2, 0, 1, 1, 1, 2, 2, 0, 2, 0, 0, 1, 0, 1, 0, 2, 1, 1, 0]|[2, 2, 2, 2, 2, 4, 1, 2, 1, 0, 2, 0, 2, 0, 4, 1, 1, 2, 4, 1, 1, 0, 0, 0, 3, 2, 2, 0, 0, 1, 1, 0, 4, 1, 2, 0, 2, 0, 2, 0, 1, 0, 3, 0, 1, 1, 1, 2, 3, 1, 2, 4, 1, 2, 1, 0, 2, 1, 3, 1, 1, 1, 1, 2, 1, 1, 1, 2, 1, 1, 1, 1, 1, 0, 2, 4, 2, 4, 0, 0, 4, 1, 1, 0, 4, 4, 1, 1, 2, 1, 1, 0, 0, 0, 4, 1, 1, 4, 0, 1]|[0, 0, 1, 1, 0, 2, 0, 2, 0, 0, 0, 0, 1, 0, 0, 1, 0, 1, 3, 0, 0, 0, 0, 0, 3, 1, 0, 0, 1, 0, 1, 0, 3, 0, 0, 0, 0, 0, 1, 0, 1, 3, 1, 1, 0, 0, 0, 1, 0, 0, 0, 0, 0, 0, 0, 1, 1, 0, 3, 0, 0, 0, 0, 0, 2, 0, 0, 0, 0, 0, 0, 0, 0, 1, 1, 3, 0, 3, 0, 1, 1, 0, 1, 1, 0, 0, 0, 0, 0, 0, 0, 0, 1, 0, 0, 1, 0, 3, 2, 0]
event=450:G3_TWC:leader:action=2,fingerprint=[51, 8, 83, 31, 94, 11, 15, 22, 57, 19, 84, 77, 73, 1, 81, 14, 99, 16, 3, 79, 2, 98, 5, 91, 62, 43, 68, 76, 97, 40, 88, 30, 53, 20, 58, 93, 24, 72, 49, 59, 38, 28, 92, 67, 9, 18, 17, 87, 12, 26, 71, 74, 95, 63, 21, 47, 27, 37, 96, 6, 78, 10, 32, 46, 48, 56, 29, 64, 60, 23, 7, 36, 90, 85, 52, 55, 61, 54, 89, 41, 66, 39, 33, 42, 86, 80, 75, 50, 45, 35, 4, 0, 34, 69, 65, 44, 25, 13, 82, 70]|[2, 0, 0, 1, 2, 1, 0, 1, 2, 2, 0, 2, 0, 1, 1, 1, 1, 0, 1, 2, 0, 2, 1, 0, 1, 2, 0, 0, 1, 1, 0, 2, 1, 2, 0, 2, 2, 0, 0, 0, 2, 1, 1, 1, 0, 0, 2, 0, 1, 0, 2, 1, 2, 0, 2, 0, 0, 2, 1, 0, 0, 2, 2, 0, 1, 2, 2, 0, 2, 2, 0, 0, 2, 1, 0, 1, 0, 1, 1, 1, 1, 2, 0, 1, 1, 1, 2, 2, 0, 2, 0, 0, 1, 0, 1, 0, 2, 1, 1, 0]|[2, 2, 2, 2, 2, 4, 1, 2, 1, 0, 2, 0, 2, 0, 4, 1, 1, 2, 4, 1, 1, 0, 0, 0, 3, 2, 2, 0, 0, 1, 1, 0, 4, 1, 2, 0, 2, 0, 2, 0, 1, 0, 3, 0, 1, 1, 1, 2, 3, 1, 2, 4, 1, 2, 1, 0, 2, 1, 3, 1, 1, 1, 1, 2, 1, 1, 1, 2, 1, 1, 1, 1, 1, 0, 2, 4, 2, 4, 0, 0, 4, 1, 1, 0, 4, 4, 1, 1, 2, 1, 1, 0, 0, 0, 4, 1, 1, 4, 0, 1]|[0, 0, 1, 1, 0, 2, 0, 2, 0, 0, 0, 0, 1, 0, 0, 1, 0, 1, 3, 0, 0, 0, 0, 0, 3, 1, 0, 0, 1, 0, 1, 0, 3, 0, 0, 0, 0, 0, 1, 0, 1, 3, 1, 1, 0, 0, 0, 1, 0, 0, 0, 0, 0, 0, 0, 1, 1, 0, 3, 0, 0, 0, 0, 0, 2, 0, 0, 0, 0, 0, 0, 0, 0, 1, 1, 3, 0, 3, 0, 1, 1, 0, 1, 1, 0, 0, 0, 0, 0, 0, 0, 0, 1, 0, 0, 1, 0, 3, 2, 0]
event=451:G1_CMAX:update:state=1,action=1,reward=-47.363140356917256,nextState=1,old=-285.52848722979616,new=-275.7859301407542
event=452:G2_TEC:update:state=1,action=1,reward=-254.14763161254086,nextState=1,old=-2424.063661084551,new=-2193.398560480182
event=453:G3_TWC:update:state=1,action=2,reward=-3583.9664840434125,nextState=1,old=-25476.063766348252,new=-23964.817497122014
event=454:G4_BALANCED:update:state=1,action=0,reward=-0.03069945272750607,nextState=1,old=-0.34519701946251324,new=-0.3068570682975167
event=455:G1_CMAX:action:mode=exploit,state=1,draw=0.7714036824549277,action=1
event=456:G1_CMAX:leader:action=1,fingerprint=[51, 8, 83, 31, 94, 11, 15, 22, 57, 19, 84, 77, 73, 1, 81, 14, 99, 16, 3, 79, 2, 98, 5, 91, 62, 43, 68, 76, 97, 40, 88, 30, 53, 20, 58, 93, 24, 72, 49, 59, 38, 28, 92, 67, 9, 18, 17, 87, 12, 26, 71, 74, 95, 63, 21, 47, 27, 37, 96, 6, 78, 10, 32, 46, 48, 56, 29, 64, 60, 23, 7, 36, 34, 85, 52, 55, 61, 54, 89, 41, 66, 39, 33, 42, 82, 80, 75, 50, 70, 69, 4, 0, 90, 35, 65, 44, 25, 13, 86, 45]|[2, 0, 1, 1, 1, 0, 0, 1, 2, 2, 0, 1, 0, 1, 1, 0, 1, 0, 1, 2, 0, 1, 1, 0, 1, 2, 0, 0, 1, 1, 0, 2, 1, 2, 1, 2, 0, 2, 0, 0, 2, 1, 1, 1, 0, 0, 2, 0, 1, 0, 2, 1, 0, 0, 2, 1, 0, 2, 1, 0, 0, 2, 2, 1, 0, 1, 2, 0, 2, 2, 0, 0, 1, 1, 0, 1, 0, 1, 1, 1, 1, 2, 0, 2, 1, 1, 2, 1, 0, 0, 0, 0, 1, 2, 1, 0, 1, 2, 1, 0]|[2, 2, 2, 2, 4, 0, 1, 2, 1, 0, 1, 1, 2, 1, 4, 0, 1, 2, 4, 1, 1, 1, 0, 0, 3, 2, 2, 0, 0, 1, 1, 0, 4, 1, 4, 0, 1, 1, 2, 0, 1, 0, 3, 0, 1, 1, 1, 2, 3, 1, 2, 4, 2, 0, 1, 1, 2, 1, 3, 1, 1, 1, 1, 4, 1, 0, 1, 2, 2, 1, 1, 1, 0, 4, 2, 4, 2, 4, 0, 0, 4, 1, 1, 1, 0, 4, 1, 0, 1, 0, 1, 0, 4, 1, 4, 1, 0, 1, 4, 2]|[0, 0, 1, 1, 2, 0, 0, 2, 0, 0, 0, 0, 1, 3, 0, 1, 0, 1, 3, 0, 0, 0, 0, 0, 3, 1, 0, 0, 1, 0, 1, 0, 3, 0, 0, 0, 1, 0, 1, 0, 1, 3, 1, 1, 0, 0, 0, 1, 0, 0, 0, 2, 1, 0, 0, 1, 1, 0, 3, 0, 0, 0, 0, 0, 0, 1, 0, 0, 1, 0, 0, 0, 1, 0, 1, 3, 0, 3, 0, 1, 1, 0, 1, 0, 2, 0, 0, 1, 0, 0, 1, 0, 3, 0, 0, 1, 1, 0, 2, 0]
event=457:G4_BALANCED:action:mode=explore,state=1,draw=0.9565145137563222,action=1
event=458:G4_BALANCED:leader:action=1,fingerprint=[51, 8, 83, 31, 94, 11, 15, 22, 57, 19, 84, 77, 73, 1, 81, 14, 99, 16, 3, 79, 2, 98, 5, 91, 62, 43, 68, 76, 97, 40, 88, 30, 53, 20, 58, 93, 24, 72, 49, 59, 38, 28, 92, 67, 9, 18, 17, 87, 12, 26, 71, 74, 95, 63, 21, 47, 27, 37, 96, 23, 78, 10, 66, 6, 48, 25, 29, 64, 60, 46, 7, 36, 34, 85, 52, 55, 61, 54, 89, 41, 32, 39, 33, 42, 86, 80, 75, 50, 70, 35, 4, 0, 90, 69, 65, 44, 56, 13, 82, 45]|[2, 0, 1, 1, 2, 1, 0, 1, 2, 2, 0, 2, 0, 1, 1, 1, 1, 0, 1, 2, 0, 0, 1, 0, 1, 2, 0, 0, 1, 1, 0, 2, 1, 2, 1, 2, 2, 0, 0, 0, 2, 1, 1, 1, 0, 0, 2, 0, 1, 0, 2, 1, 2, 0, 2, 1, 0, 2, 1, 2, 0, 2, 1, 0, 1, 0, 2, 0, 2, 1, 0, 0, 1, 1, 0, 1, 0, 1, 1, 1, 2, 2, 1, 0, 1, 1, 2, 1, 0, 2, 0, 0, 0, 0, 1, 0, 1, 2, 1, 0]|[2, 2, 2, 2, 2, 4, 1, 2, 1, 0, 1, 0, 2, 4, 4, 1, 1, 2, 4, 1, 1, 0, 0, 0, 3, 2, 2, 0, 0, 1, 1, 0, 4, 1, 4, 0, 2, 0, 2, 1, 1, 0, 3, 0, 1, 1, 1, 2, 3, 1, 2, 4, 1, 2, 1, 1, 2, 1, 3, 1, 1, 1, 4, 1, 1, 1, 1, 2, 1, 4, 1, 1, 0, 4, 2, 4, 2, 4, 0, 0, 1, 1, 1, 2, 4, 4, 1, 0, 1, 1, 1, 0, 0, 0, 4, 1, 0, 1, 0, 2]|[0, 0, 1, 1, 0, 2, 0, 2, 0, 0, 0, 0, 1, 0, 0, 1, 0, 1, 3, 0, 0, 0, 0, 0, 3, 1, 0, 0, 1, 0, 1, 0, 3, 0, 0, 0, 0, 0, 1, 1, 1, 3, 1, 1, 0, 0, 0, 1, 0, 0, 0, 2, 0, 0, 0, 1, 1, 0, 3, 0, 0, 0, 1, 0, 2, 0, 0, 0, 0, 0, 0, 0, 1, 0, 1, 3, 0, 3, 0, 1, 0, 0, 2, 0, 0, 0, 0, 1, 0, 0, 1, 0, 0, 0, 0, 1, 1, 0, 2, 0]
event=459:G2_TEC:action:mode=exploit,state=1,draw=0.045295248996896076,action=1
event=460:G2_TEC:leader:action=1,fingerprint=[51, 8, 83, 31, 94, 66, 15, 22, 57, 19, 84, 40, 73, 1, 81, 14, 99, 16, 3, 79, 2, 74, 5, 91, 62, 43, 68, 76, 97, 77, 88, 30, 53, 20, 58, 93, 24, 72, 59, 49, 38, 28, 92, 67, 9, 18, 17, 87, 65, 26, 71, 98, 95, 63, 21, 47, 27, 37, 96, 6, 78, 10, 32, 46, 48, 56, 29, 64, 60, 23, 7, 36, 34, 85, 52, 55, 61, 54, 89, 41, 11, 39, 33, 42, 86, 80, 75, 90, 70, 35, 50, 0, 4, 69, 12, 44, 25, 13, 82, 45]|[2, 0, 1, 1, 2, 0, 1, 1, 0, 1, 0, 2, 0, 1, 1, 1, 1, 0, 1, 2, 1, 0, 0, 0, 1, 2, 1, 0, 1, 0, 0, 2, 1, 2, 0, 2, 0, 2, 2, 2, 2, 1, 0, 1, 0, 0, 2, 0, 1, 2, 2, 2, 2, 0, 2, 2, 0, 2, 2, 0, 0, 1, 2, 1, 1, 2, 2, 0, 2, 0, 0, 0, 1, 1, 0, 2, 0, 1, 2, 1, 1, 1, 0, 2, 1, 1, 2, 1, 0, 2, 1, 0, 1, 0, 1, 0, 0, 2, 0, 2]|[2, 2, 2, 2, 2, 0, 1, 2, 0, 4, 2, 0, 2, 1, 4, 1, 1, 2, 4, 1, 3, 0, 1, 0, 3, 2, 2, 0, 0, 1, 1, 0, 4, 1, 2, 0, 0, 1, 1, 1, 1, 0, 0, 0, 1, 1, 1, 2, 4, 1, 2, 2, 1, 2, 1, 1, 2, 1, 2, 1, 2, 2, 1, 4, 4, 1, 1, 2, 1, 0, 1, 2, 0, 0, 2, 1, 2, 4, 1, 0, 4, 4, 2, 1, 4, 4, 1, 0, 0, 1, 4, 0, 4, 0, 4, 0, 1, 1, 2, 1]|[0, 0, 1, 1, 0, 0, 2, 2, 0, 0, 0, 0, 1, 3, 0, 1, 0, 1, 3, 0, 3, 0, 0, 0, 3, 1, 1, 0, 1, 0, 1, 0, 3, 0, 0, 0, 0, 0, 0, 0, 1, 3, 0, 1, 0, 0, 0, 1, 0, 1, 0, 0, 0, 0, 0, 0, 1, 0, 0, 0, 0, 2, 0, 0, 3, 0, 0, 0, 0, 1, 0, 0, 1, 1, 1, 0, 0, 3, 1, 1, 2, 3, 0, 0, 3, 0, 0, 1, 0, 0, 3, 0, 1, 0, 0, 0, 0, 0, 1, 0]
event=461:G3_TWC:action:mode=explore,state=1,draw=0.9052129760241542,action=1
event=462:G3_TWC:leader:action=1,fingerprint=[51, 8, 83, 31, 94, 11, 15, 22, 57, 19, 84, 77, 73, 1, 81, 14, 99, 16, 3, 79, 2, 98, 5, 91, 62, 43, 68, 76, 97, 40, 88, 30, 53, 20, 58, 93, 96, 72, 49, 59, 38, 28, 92, 67, 9, 18, 17, 87, 12, 26, 71, 86, 95, 63, 21, 47, 27, 37, 24, 6, 78, 39, 32, 23, 55, 48, 64, 35, 60, 46, 7, 36, 66, 85, 52, 50, 61, 54, 89, 41, 34, 56, 33, 42, 82, 80, 75, 10, 70, 29, 4, 0, 90, 69, 65, 44, 25, 13, 74, 45]|[2, 0, 1, 0, 1, 0, 0, 1, 2, 0, 0, 0, 0, 1, 1, 0, 0, 0, 1, 2, 0, 2, 1, 0, 1, 2, 0, 0, 1, 1, 0, 1, 1, 1, 0, 2, 0, 2, 0, 0, 2, 1, 1, 1, 0, 2, 2, 0, 1, 2, 2, 1, 2, 0, 0, 0, 0, 2, 2, 0, 0, 1, 2, 2, 1, 0, 1, 2, 1, 1, 2, 0, 0, 1, 0, 1, 1, 1, 2, 1, 1, 2, 0, 2, 1, 1, 2, 2, 0, 2, 0, 0, 1, 0, 1, 0, 1, 2, 1, 0]|[2, 2, 0, 2, 4, 0, 1, 2, 1, 1, 1, 1, 2, 1, 4, 0, 1, 2, 4, 1, 1, 2, 2, 0, 3, 2, 2, 0, 0, 1, 1, 2, 4, 0, 2, 0, 1, 1, 2, 0, 1, 2, 3, 0, 1, 0, 1, 2, 3, 1, 2, 4, 1, 0, 1, 0, 2, 1, 2, 1, 2, 2, 1, 1, 4, 1, 0, 1, 4, 4, 2, 1, 0, 0, 2, 4, 2, 4, 1, 0, 0, 1, 1, 1, 0, 4, 1, 1, 1, 1, 1, 0, 0, 0, 4, 0, 0, 1, 4, 2]|[0, 0, 1, 1, 2, 0, 0, 2, 0, 0, 0, 0, 1, 3, 0, 1, 0, 1, 3, 0, 1, 0, 0, 0, 3, 1, 0, 0, 1, 0, 1, 2, 3, 1, 0, 0, 1, 0, 1, 0, 1, 0, 1, 1, 0, 0, 0, 1, 0, 1, 0, 2, 0, 0, 0, 1, 0, 0, 0, 0, 0, 2, 0, 0, 3, 0, 3, 0, 0, 0, 1, 0, 0, 1, 1, 3, 2, 3, 0, 1, 1, 0, 1, 0, 2, 0, 0, 0, 0, 0, 1, 0, 1, 0, 0, 1, 1, 0, 0, 0]
event=463:G1_CMAX:update:state=1,action=1,reward=-53.5110530091697,nextState=1,old=-275.7859301407542,new=-274.1397971217731
event=464:G2_TEC:update:state=1,action=1,reward=-207.071765505847,nextState=1,old=-2193.398560480182,new=-1961.7906138899925
event=465:G3_TWC:update:state=1,action=1,reward=-4223.466618984603,nextState=1,old=-30595.187776204293,new=-23395.320616682216
event=466:G4_BALANCED:update:state=1,action=1,reward=-0.02247089607205354,nextState=1,old=-0.4384286154290682,new=-0.2679565507100669
event=467:G1_CMAX:action:mode=explore,state=1,draw=0.8566259564879602,action=1
event=468:G1_CMAX:leader:action=1,fingerprint=[51, 8, 83, 31, 94, 11, 15, 22, 57, 19, 84, 77, 73, 1, 81, 14, 99, 16, 3, 79, 2, 98, 5, 91, 62, 43, 68, 76, 97, 40, 88, 30, 53, 20, 58, 93, 24, 72, 49, 59, 38, 28, 92, 67, 9, 18, 17, 87, 12, 26, 71, 74, 95, 63, 21, 47, 27, 37, 96, 6, 78, 10, 32, 46, 48, 56, 29, 64, 60, 23, 7, 36, 34, 85, 52, 55, 61, 54, 89, 41, 66, 39, 33, 42, 82, 80, 75, 50, 70, 69, 4, 0, 90, 35, 65, 44, 25, 13, 86, 45]|[2, 0, 1, 1, 1, 0, 0, 1, 2, 2, 0, 1, 0, 1, 1, 0, 1, 0, 1, 2, 0, 1, 1, 0, 1, 2, 0, 0, 1, 1, 0, 2, 1, 2, 1, 2, 0, 2, 0, 0, 2, 1, 1, 1, 0, 0, 2, 0, 1, 0, 2, 1, 0, 0, 2, 1, 0, 2, 1, 0, 0, 2, 2, 1, 0, 1, 2, 0, 2, 2, 0, 0, 1, 1, 0, 1, 0, 1, 1, 1, 1, 2, 0, 2, 1, 1, 2, 1, 0, 0, 0, 0, 1, 2, 1, 0, 1, 2, 1, 0]|[2, 2, 2, 2, 4, 0, 1, 2, 1, 0, 1, 1, 2, 1, 4, 0, 1, 2, 4, 1, 1, 1, 0, 0, 3, 2, 2, 0, 0, 1, 1, 0, 4, 1, 4, 0, 1, 1, 2, 0, 1, 0, 3, 0, 1, 1, 1, 2, 3, 1, 2, 4, 2, 0, 1, 1, 2, 1, 3, 1, 1, 1, 1, 4, 1, 0, 1, 2, 2, 1, 1, 1, 0, 4, 2, 4, 2, 4, 0, 0, 4, 1, 1, 1, 0, 4, 1, 0, 1, 0, 1, 0, 4, 1, 4, 1, 0, 1, 4, 2]|[0, 0, 1, 1, 2, 0, 0, 2, 0, 0, 0, 0, 1, 3, 0, 1, 0, 1, 3, 0, 0, 0, 0, 0, 3, 1, 0, 0, 1, 0, 1, 0, 3, 0, 0, 0, 1, 0, 1, 0, 1, 3, 1, 1, 0, 0, 0, 1, 0, 0, 0, 2, 1, 0, 0, 1, 1, 0, 3, 0, 0, 0, 0, 0, 0, 1, 0, 0, 1, 0, 0, 0, 1, 0, 1, 3, 0, 3, 0, 1, 1, 0, 1, 0, 2, 0, 0, 1, 0, 0, 1, 0, 3, 0, 0, 1, 1, 0, 2, 0]
event=469:G4_BALANCED:action:mode=exploit,state=1,draw=0.3492089674495039,action=1
event=470:G4_BALANCED:leader:action=1,fingerprint=[51, 8, 83, 31, 94, 11, 15, 22, 57, 19, 84, 77, 73, 1, 81, 14, 99, 16, 3, 79, 2, 98, 5, 91, 62, 43, 68, 76, 97, 40, 88, 30, 53, 20, 58, 93, 24, 72, 49, 59, 38, 28, 92, 67, 9, 18, 17, 87, 12, 26, 71, 74, 95, 63, 21, 47, 27, 37, 96, 23, 78, 10, 66, 6, 48, 25, 29, 64, 60, 46, 7, 36, 34, 85, 52, 55, 61, 54, 89, 41, 32, 39, 33, 42, 86, 80, 75, 50, 70, 35, 4, 0, 90, 69, 65, 44, 56, 13, 82, 45]|[2, 0, 1, 1, 2, 1, 0, 1, 2, 2, 0, 2, 0, 1, 1, 1, 1, 0, 1, 2, 0, 0, 1, 0, 1, 2, 0, 0, 1, 1, 0, 2, 1, 2, 1, 2, 2, 0, 0, 0, 2, 1, 1, 1, 0, 0, 2, 0, 1, 0, 2, 1, 2, 0, 2, 1, 0, 2, 1, 2, 0, 2, 1, 0, 1, 0, 2, 0, 2, 1, 0, 0, 1, 1, 0, 1, 0, 1, 1, 1, 2, 2, 1, 0, 1, 1, 2, 1, 0, 2, 0, 0, 0, 0, 1, 0, 1, 2, 1, 0]|[2, 2, 2, 2, 2, 4, 1, 2, 1, 0, 1, 0, 2, 4, 4, 1, 1, 2, 4, 1, 1, 0, 0, 0, 3, 2, 2, 0, 0, 1, 1, 0, 4, 1, 4, 0, 2, 0, 2, 1, 1, 0, 3, 0, 1, 1, 1, 2, 3, 1, 2, 4, 1, 2, 1, 1, 2, 1, 3, 1, 1, 1, 4, 1, 1, 1, 1, 2, 1, 4, 1, 1, 0, 4, 2, 4, 2, 4, 0, 0, 1, 1, 1, 2, 4, 4, 1, 0, 1, 1, 1, 0, 0, 0, 4, 1, 0, 1, 0, 2]|[0, 0, 1, 1, 0, 2, 0, 2, 0, 0, 0, 0, 1, 0, 0, 1, 0, 1, 3, 0, 0, 0, 0, 0, 3, 1, 0, 0, 1, 0, 1, 0, 3, 0, 0, 0, 0, 0, 1, 1, 1, 3, 1, 1, 0, 0, 0, 1, 0, 0, 0, 2, 0, 0, 0, 1, 1, 0, 3, 0, 0, 0, 1, 0, 2, 0, 0, 0, 0, 0, 0, 0, 1, 0, 1, 3, 0, 3, 0, 1, 0, 0, 2, 0, 0, 0, 0, 1, 0, 0, 1, 0, 0, 0, 0, 1, 1, 0, 2, 0]
event=471:G2_TEC:action:mode=exploit,state=1,draw=0.2831053494449327,action=1
event=472:G2_TEC:leader:action=1,fingerprint=[51, 8, 83, 31, 94, 11, 15, 22, 57, 19, 84, 40, 73, 1, 81, 47, 98, 79, 39, 65, 2, 99, 5, 91, 62, 43, 68, 76, 97, 77, 88, 30, 53, 20, 58, 93, 24, 72, 49, 59, 38, 28, 92, 67, 9, 18, 17, 87, 12, 26, 71, 74, 95, 63, 21, 14, 27, 37, 96, 6, 78, 10, 32, 23, 48, 25, 29, 64, 60, 46, 7, 36, 34, 85, 52, 55, 61, 54, 89, 69, 4, 3, 33, 42, 86, 80, 75, 90, 82, 35, 66, 0, 50, 41, 16, 44, 56, 13, 45, 70]|[2, 0, 1, 0, 2, 1, 0, 1, 2, 0, 0, 2, 0, 1, 1, 1, 2, 1, 1, 2, 0, 2, 0, 0, 1, 2, 1, 0, 1, 2, 0, 2, 1, 2, 0, 2, 2, 0, 1, 0, 2, 1, 0, 1, 0, 2, 2, 0, 1, 0, 2, 1, 2, 0, 2, 0, 0, 2, 1, 0, 0, 2, 2, 2, 0, 2, 2, 0, 1, 1, 0, 0, 1, 1, 0, 1, 0, 1, 2, 0, 0, 2, 0, 1, 1, 1, 2, 2, 1, 2, 1, 0, 1, 1, 1, 0, 2, 2, 0, 0]|[2, 2, 2, 2, 2, 4, 1, 2, 1, 1, 0, 0, 2, 0, 4, 1, 0, 0, 4, 1, 1, 0, 1, 0, 3, 2, 3, 0, 0, 0, 1, 0, 4, 1, 2, 0, 2, 0, 0, 0, 1, 0, 0, 0, 1, 0, 1, 2, 3, 1, 2, 4, 1, 2, 1, 0, 2, 1, 3, 1, 2, 1, 1, 1, 1, 1, 1, 2, 4, 4, 1, 1, 0, 4, 2, 4, 2, 4, 1, 2, 1, 1, 1, 0, 4, 4, 1, 1, 0, 1, 4, 0, 4, 0, 4, 0, 1, 1, 2, 1]|[0, 0, 1, 1, 0, 2, 0, 2, 0, 0, 0, 0, 1, 0, 0, 1, 0, 1, 3, 0, 0, 0, 0, 0, 3, 1, 1, 0, 1, 0, 1, 0, 3, 0, 0, 0, 0, 0, 1, 0, 1, 3, 0, 1, 0, 0, 0, 1, 0, 0, 0, 0, 0, 0, 0, 1, 1, 0, 3, 0, 0, 0, 0, 0, 0, 0, 0, 0, 0, 0, 0, 0, 1, 0, 1, 3, 0, 3, 1, 0, 0, 0, 1, 1, 0, 0, 0, 0, 2, 0, 1, 0, 3, 1, 0, 1, 0, 0, 0, 0]
event=473:G3_TWC:action:mode=exploit,state=1,draw=0.3841227246724843,action=1
event=474:G3_TWC:leader:action=1,fingerprint=[51, 8, 83, 31, 94, 11, 15, 22, 57, 19, 84, 77, 73, 1, 81, 14, 99, 16, 3, 79, 2, 98, 5, 91, 62, 43, 68, 76, 97, 40, 88, 30, 53, 20, 58, 93, 96, 72, 49, 59, 38, 28, 92, 67, 9, 18, 17, 87, 12, 26, 71, 86, 95, 63, 21, 47, 27, 37, 24, 6, 78, 39, 32, 23, 55, 48, 64, 35, 60, 46, 7, 36, 66, 85, 52, 50, 61, 54, 89, 41, 34, 56, 33, 42, 82, 80, 75, 10, 70, 29, 4, 0, 90, 69, 65, 44, 25, 13, 74, 45]|[2, 0, 1, 0, 1, 0, 0, 1, 2, 0, 0, 0, 0, 1, 1, 0, 0, 0, 1, 2, 0, 2, 1, 0, 1, 2, 0, 0, 1, 1, 0, 1, 1, 1, 0, 2, 0, 2, 0, 0, 2, 1, 1, 1, 0, 2, 2, 0, 1, 2, 2, 1, 2, 0, 0, 0, 0, 2, 2, 0, 0, 1, 2, 2, 1, 0, 1, 2, 1, 1, 2, 0, 0, 1, 0, 1, 1, 1, 2, 1, 1, 2, 0, 2, 1, 1, 2, 2, 0, 2, 0, 0, 1, 0, 1, 0, 1, 2, 1, 0]|[2, 2, 0, 2, 4, 0, 1, 2, 1, 1, 1, 1, 2, 1, 4, 0, 1, 2, 4, 1, 1, 2, 2, 0, 3, 2, 2, 0, 0, 1, 1, 2, 4, 0, 2, 0, 1, 1, 2, 0, 1, 2, 3, 0, 1, 0, 1, 2, 3, 1, 2, 4, 1, 0, 1, 0, 2, 1, 2, 1, 2, 2, 1, 1, 4, 1, 0, 1, 4, 4, 2, 1, 0, 0, 2, 4, 2, 4, 1, 0, 0, 1, 1, 1, 0, 4, 1, 1, 1, 1, 1, 0, 0, 0, 4, 0, 0, 1, 4, 2]|[0, 0, 1, 1, 2, 0, 0, 2, 0, 0, 0, 0, 1, 3, 0, 1, 0, 1, 3, 0, 1, 0, 0, 0, 3, 1, 0, 0, 1, 0, 1, 2, 3, 1, 0, 0, 1, 0, 1, 0, 1, 0, 1, 1, 0, 0, 0, 1, 0, 1, 0, 2, 0, 0, 0, 1, 0, 0, 0, 0, 0, 2, 0, 0, 3, 0, 3, 0, 0, 0, 1, 0, 0, 1, 1, 3, 2, 3, 0, 1, 1, 0, 1, 0, 2, 0, 0, 0, 0, 0, 1, 0, 1, 0, 0, 1, 1, 0, 0, 0]
event=475:G1_CMAX:update:state=1,action=1,reward=-67.78039002426817,nextState=1,old=-274.1397971217731,new=-287.09222772168664
event=476:G2_TEC:update:state=1,action=1,reward=-537.2000472903819,nextState=1,old=-1961.7906138899925,new=-2106.6325384023758
event=477:G3_TWC:update:state=1,action=1,reward=-2807.6594098294154,nextState=1,old=-23395.320616682216,new=-21523.915903175188
event=478:G4_BALANCED:update:state=1,action=1,reward=-0.048748881594271376,nextState=1,old=-0.2679565507100669,new=-0.2631141221623249
event=479:G1_CMAX:action:mode=exploit,state=1,draw=0.4935860175748358,action=1
event=480:G1_CMAX:leader:action=1,fingerprint=[51, 8, 83, 31, 94, 11, 15, 22, 57, 19, 84, 77, 73, 1, 81, 14, 99, 16, 3, 79, 2, 98, 5, 91, 62, 43, 68, 76, 97, 40, 88, 30, 53, 20, 58, 93, 24, 72, 49, 59, 38, 28, 92, 67, 9, 18, 17, 87, 12, 26, 71, 74, 95, 63, 21, 47, 27, 37, 96, 6, 78, 10, 32, 46, 48, 56, 29, 64, 60, 23, 7, 36, 34, 85, 52, 55, 61, 54, 89, 41, 66, 39, 33, 42, 82, 80, 75, 50, 70, 69, 4, 0, 90, 35, 65, 44, 25, 13, 86, 45]|[2, 0, 1, 1, 1, 0, 0, 1, 2, 2, 0, 1, 0, 1, 1, 0, 1, 0, 1, 2, 0, 1, 1, 0, 1, 2, 0, 0, 1, 1, 0, 2, 1, 2, 1, 2, 0, 2, 0, 0, 2, 1, 1, 1, 0, 0, 2, 0, 1, 0, 2, 1, 0, 0, 2, 1, 0, 2, 1, 0, 0, 2, 2, 1, 0, 1, 2, 0, 2, 2, 0, 0, 1, 1, 0, 1, 0, 1, 1, 1, 1, 2, 0, 2, 1, 1, 2, 1, 0, 0, 0, 0, 1, 2, 1, 0, 1, 2, 1, 0]|[2, 2, 2, 2, 4, 0, 1, 2, 1, 0, 1, 1, 2, 1, 4, 0, 1, 2, 4, 1, 1, 1, 0, 0, 3, 2, 2, 0, 0, 1, 1, 0, 4, 1, 4, 0, 1, 1, 2, 0, 1, 0, 3, 0, 1, 1, 1, 2, 3, 1, 2, 4, 2, 0, 1, 1, 2, 1, 3, 1, 1, 1, 1, 4, 1, 0, 1, 2, 2, 1, 1, 1, 0, 4, 2, 4, 2, 4, 0, 0, 4, 1, 1, 1, 0, 4, 1, 0, 1, 0, 1, 0, 4, 1, 4, 1, 0, 1, 4, 2]|[0, 0, 1, 1, 2, 0, 0, 2, 0, 0, 0, 0, 1, 3, 0, 1, 0, 1, 3, 0, 0, 0, 0, 0, 3, 1, 0, 0, 1, 0, 1, 0, 3, 0, 0, 0, 1, 0, 1, 0, 1, 3, 1, 1, 0, 0, 0, 1, 0, 0, 0, 2, 1, 0, 0, 1, 1, 0, 3, 0, 0, 0, 0, 0, 0, 1, 0, 0, 1, 0, 0, 0, 1, 0, 1, 3, 0, 3, 0, 1, 1, 0, 1, 0, 2, 0, 0, 1, 0, 0, 1, 0, 3, 0, 0, 1, 1, 0, 2, 0]
event=481:G4_BALANCED:action:mode=explore,state=1,draw=0.890858660289113,action=2
event=482:G4_BALANCED:tournament:reason=action2,left=4,right=7,selected=[51, 8, 83, 31, 94, 11, 15, 22, 57, 19, 84, 40, 73, 1, 81, 47, 98, 79, 3, 16, 77, 99, 5, 91, 62, 43, 68, 76, 97, 2, 88, 30, 53, 20, 58, 93, 24, 72, 49, 59, 38, 28, 92, 67, 9, 18, 17, 87, 12, 26, 71, 74, 95, 63, 21, 14, 27, 37, 96, 6, 78, 10, 32, 46, 48, 56, 60, 64, 29, 23, 7, 36, 34, 85, 52, 55, 61, 54, 89, 41, 66, 39, 33, 42, 82, 80, 75, 50, 70, 69, 4, 45, 90, 35, 65, 44, 25, 13, 86, 0]|[2, 0, 1, 0, 2, 0, 1, 1, 2, 2, 0, 0, 0, 1, 1, 1, 1, 0, 1, 2, 0, 2, 1, 0, 1, 2, 1, 0, 1, 1, 0, 2, 1, 0, 1, 2, 2, 0, 0, 0, 2, 1, 1, 1, 0, 2, 2, 0, 1, 0, 2, 1, 0, 0, 2, 0, 0, 2, 2, 0, 2, 2, 2, 1, 0, 2, 2, 0, 2, 2, 2, 0, 1, 1, 0, 1, 1, 1, 1, 1, 0, 2, 1, 0, 1, 1, 2, 1, 0, 0, 0, 0, 0, 2, 1, 0, 0, 2, 1, 0]|[2, 2, 2, 2, 0, 0, 1, 2, 1, 0, 0, 1, 2, 1, 4, 1, 1, 2, 4, 1, 1, 2, 0, 0, 3, 2, 3, 0, 1, 4, 1, 0, 4, 2, 4, 0, 2, 0, 2, 0, 1, 0, 3, 0, 1, 0, 1, 2, 3, 1, 2, 4, 2, 2, 1, 0, 2, 1, 2, 1, 1, 1, 1, 4, 1, 1, 1, 2, 1, 1, 2, 1, 0, 4, 2, 4, 2, 4, 0, 0, 0, 1, 1, 2, 0, 4, 1, 4, 1, 0, 1, 2, 0, 1, 4, 1, 1, 1, 4, 0]|[0, 0, 1, 1, 0, 0, 2, 2, 0, 0, 0, 0, 1, 3, 0, 1, 0, 1, 3, 0, 0, 0, 0, 0, 3, 1, 1, 0, 0, 2, 1, 0, 3, 0, 0, 0, 0, 0, 1, 0, 1, 3, 1, 1, 0, 0, 0, 1, 0, 0, 0, 2, 1, 0, 0, 1, 1, 0, 0, 0, 1, 0, 0, 0, 0, 0, 0, 0, 0, 0, 1, 0, 1, 0, 1, 3, 2, 3, 0, 1, 0, 0, 2, 0, 2, 0, 0, 3, 0, 0, 1, 0, 0, 0, 0, 1, 0, 0, 2, 0]
event=483:G4_BALANCED:leader:action=2,fingerprint=[51, 8, 83, 31, 94, 11, 15, 22, 57, 19, 84, 40, 73, 1, 81, 47, 98, 79, 3, 16, 77, 99, 5, 91, 62, 43, 68, 76, 97, 2, 88, 30, 53, 20, 58, 93, 24, 72, 49, 59, 38, 28, 92, 67, 9, 18, 17, 87, 12, 26, 71, 74, 95, 63, 21, 14, 27, 37, 96, 6, 78, 10, 32, 46, 48, 56, 60, 64, 29, 23, 7, 36, 34, 85, 52, 55, 61, 54, 89, 41, 66, 39, 33, 42, 82, 80, 75, 50, 70, 69, 4, 45, 90, 35, 65, 44, 25, 13, 86, 0]|[2, 0, 1, 0, 2, 0, 1, 1, 2, 2, 0, 0, 0, 1, 1, 1, 1, 0, 1, 2, 0, 2, 1, 0, 1, 2, 1, 0, 1, 1, 0, 2, 1, 0, 1, 2, 2, 0, 0, 0, 2, 1, 1, 1, 0, 2, 2, 0, 1, 0, 2, 1, 0, 0, 2, 0, 0, 2, 2, 0, 2, 2, 2, 1, 0, 2, 2, 0, 2, 2, 2, 0, 1, 1, 0, 1, 1, 1, 1, 1, 0, 2, 1, 0, 1, 1, 2, 1, 0, 0, 0, 0, 0, 2, 1, 0, 0, 2, 1, 0]|[2, 2, 2, 2, 0, 0, 1, 2, 1, 0, 0, 1, 2, 1, 4, 1, 1, 2, 4, 1, 1, 2, 0, 0, 3, 2, 3, 0, 1, 4, 1, 0, 4, 2, 4, 0, 2, 0, 2, 0, 1, 0, 3, 0, 1, 0, 1, 2, 3, 1, 2, 4, 2, 2, 1, 0, 2, 1, 2, 1, 1, 1, 1, 4, 1, 1, 1, 2, 1, 1, 2, 1, 0, 4, 2, 4, 2, 4, 0, 0, 0, 1, 1, 2, 0, 4, 1, 4, 1, 0, 1, 2, 0, 1, 4, 1, 1, 1, 4, 0]|[0, 0, 1, 1, 0, 0, 2, 2, 0, 0, 0, 0, 1, 3, 0, 1, 0, 1, 3, 0, 0, 0, 0, 0, 3, 1, 1, 0, 0, 2, 1, 0, 3, 0, 0, 0, 0, 0, 1, 0, 1, 3, 1, 1, 0, 0, 0, 1, 0, 0, 0, 2, 1, 0, 0, 1, 1, 0, 0, 0, 1, 0, 0, 0, 0, 0, 0, 0, 0, 0, 1, 0, 1, 0, 1, 3, 2, 3, 0, 1, 0, 0, 2, 0, 2, 0, 0, 3, 0, 0, 1, 0, 0, 0, 0, 1, 0, 0, 2, 0]
event=484:G2_TEC:action:mode=exploit,state=1,draw=0.2092805165447632,action=1
event=485:G2_TEC:leader:action=1,fingerprint=[51, 8, 83, 31, 94, 11, 15, 22, 57, 19, 84, 40, 73, 1, 81, 47, 98, 79, 39, 65, 2, 99, 5, 91, 62, 43, 68, 76, 97, 77, 88, 30, 53, 20, 58, 93, 24, 72, 49, 59, 38, 28, 92, 67, 9, 18, 17, 87, 12, 26, 71, 74, 95, 63, 21, 14, 27, 37, 96, 6, 78, 10, 32, 23, 48, 25, 29, 64, 60, 46, 7, 36, 34, 85, 52, 55, 61, 54, 89, 69, 4, 3, 33, 42, 86, 80, 75, 90, 82, 35, 66, 0, 50, 41, 16, 44, 56, 13, 45, 70]|[2, 0, 1, 0, 2, 1, 0, 1, 2, 0, 0, 2, 0, 1, 1, 1, 2, 1, 1, 2, 0, 2, 0, 0, 1, 2, 1, 0, 1, 2, 0, 2, 1, 2, 0, 2, 2, 0, 1, 0, 2, 1, 0, 1, 0, 2, 2, 0, 1, 0, 2, 1, 2, 0, 2, 0, 0, 2, 1, 0, 0, 2, 2, 2, 0, 2, 2, 0, 1, 1, 0, 0, 1, 1, 0, 1, 0, 1, 2, 0, 0, 2, 0, 1, 1, 1, 2, 2, 1, 2, 1, 0, 1, 1, 1, 0, 2, 2, 0, 0]|[2, 2, 2, 2, 2, 4, 1, 2, 1, 1, 0, 0, 2, 0, 4, 1, 0, 0, 4, 1, 1, 0, 1, 0, 3, 2, 3, 0, 0, 0, 1, 0, 4, 1, 2, 0, 2, 0, 0, 0, 1, 0, 0, 0, 1, 0, 1, 2, 3, 1, 2, 4, 1, 2, 1, 0, 2, 1, 3, 1, 2, 1, 1, 1, 1, 1, 1, 2, 4, 4, 1, 1, 0, 4, 2, 4, 2, 4, 1, 2, 1, 1, 1, 0, 4, 4, 1, 1, 0, 1, 4, 0, 4, 0, 4, 0, 1, 1, 2, 1]|[0, 0, 1, 1, 0, 2, 0, 2, 0, 0, 0, 0, 1, 0, 0, 1, 0, 1, 3, 0, 0, 0, 0, 0, 3, 1, 1, 0, 1, 0, 1, 0, 3, 0, 0, 0, 0, 0, 1, 0, 1, 3, 0, 1, 0, 0, 0, 1, 0, 0, 0, 0, 0, 0, 0, 1, 1, 0, 3, 0, 0, 0, 0, 0, 0, 0, 0, 0, 0, 0, 0, 0, 1, 0, 1, 3, 0, 3, 1, 0, 0, 0, 1, 1, 0, 0, 0, 0, 2, 0, 1, 0, 3, 1, 0, 1, 0, 0, 0, 0]
event=486:G3_TWC:action:mode=exploit,state=1,draw=0.40887116396254,action=1
event=487:G3_TWC:leader:action=1,fingerprint=[51, 8, 83, 31, 94, 11, 15, 22, 57, 19, 84, 77, 73, 1, 81, 14, 99, 16, 3, 79, 2, 98, 5, 91, 62, 43, 68, 76, 97, 40, 88, 30, 53, 20, 58, 93, 96, 72, 49, 59, 38, 28, 92, 67, 9, 18, 17, 87, 12, 26, 71, 86, 95, 63, 21, 47, 27, 37, 24, 6, 78, 39, 32, 23, 55, 48, 64, 35, 60, 46, 7, 36, 66, 85, 52, 50, 61, 54, 89, 41, 34, 56, 33, 42, 82, 80, 75, 10, 70, 29, 4, 0, 90, 69, 65, 44, 25, 13, 74, 45]|[2, 0, 1, 0, 1, 0, 0, 1, 2, 0, 0, 0, 0, 1, 1, 0, 0, 0, 1, 2, 0, 2, 1, 0, 1, 2, 0, 0, 1, 1, 0, 1, 1, 1, 0, 2, 0, 2, 0, 0, 2, 1, 1, 1, 0, 2, 2, 0, 1, 2, 2, 1, 2, 0, 0, 0, 0, 2, 2, 0, 0, 1, 2, 2, 1, 0, 1, 2, 1, 1, 2, 0, 0, 1, 0, 1, 1, 1, 2, 1, 1, 2, 0, 2, 1, 1, 2, 2, 0, 2, 0, 0, 1, 0, 1, 0, 1, 2, 1, 0]|[2, 2, 0, 2, 4, 0, 1, 2, 1, 1, 1, 1, 2, 1, 4, 0, 1, 2, 4, 1, 1, 2, 2, 0, 3, 2, 2, 0, 0, 1, 1, 2, 4, 0, 2, 0, 1, 1, 2, 0, 1, 2, 3, 0, 1, 0, 1, 2, 3, 1, 2, 4, 1, 0, 1, 0, 2, 1, 2, 1, 2, 2, 1, 1, 4, 1, 0, 1, 4, 4, 2, 1, 0, 0, 2, 4, 2, 4, 1, 0, 0, 1, 1, 1, 0, 4, 1, 1, 1, 1, 1, 0, 0, 0, 4, 0, 0, 1, 4, 2]|[0, 0, 1, 1, 2, 0, 0, 2, 0, 0, 0, 0, 1, 3, 0, 1, 0, 1, 3, 0, 1, 0, 0, 0, 3, 1, 0, 0, 1, 0, 1, 2, 3, 1, 0, 0, 1, 0, 1, 0, 1, 0, 1, 1, 0, 0, 0, 1, 0, 1, 0, 2, 0, 0, 0, 1, 0, 0, 0, 0, 0, 2, 0, 0, 3, 0, 3, 0, 0, 0, 1, 0, 0, 1, 1, 3, 2, 3, 0, 1, 1, 0, 1, 0, 2, 0, 0, 0, 0, 0, 1, 0, 1, 0, 0, 1, 1, 0, 0, 0]
event=488:G1_CMAX:update:state=1,action=1,reward=-55.46771381637734,nextState=1,old=-287.09222772168664,new=-285.14149599372666
event=489:G2_TEC:update:state=1,action=1,reward=-205.75413192564156,nextState=1,old=-2106.6325384023758,new=-1891.0601626475423
event=490:G3_TWC:update:state=1,action=1,reward=-6527.455221766737,nextState=1,old=-21523.915903175188,new=-23746.587944306888
event=491:G4_BALANCED:update:state=1,action=2,reward=-0.05570374271041707,nextState=1,old=-0.4400545926121263,new=-0.266195040440277
event=492:G1_CMAX:action:mode=exploit,state=1,draw=0.20746069925169863,action=1
event=493:G1_CMAX:leader:action=1,fingerprint=[51, 8, 83, 31, 94, 11, 15, 22, 57, 19, 84, 77, 73, 1, 81, 14, 99, 16, 3, 79, 2, 98, 5, 91, 62, 43, 68, 76, 97, 40, 88, 30, 53, 20, 58, 93, 24, 72, 49, 59, 38, 28, 92, 67, 9, 18, 17, 87, 12, 26, 71, 74, 95, 63, 21, 47, 27, 37, 96, 6, 78, 10, 32, 46, 48, 56, 29, 64, 60, 23, 7, 36, 34, 85, 52, 55, 61, 54, 89, 41, 66, 39, 33, 42, 82, 80, 75, 50, 70, 69, 4, 0, 90, 35, 65, 44, 25, 13, 86, 45]|[2, 0, 1, 1, 1, 0, 0, 1, 2, 2, 0, 1, 0, 1, 1, 0, 1, 0, 1, 2, 0, 1, 1, 0, 1, 2, 0, 0, 1, 1, 0, 2, 1, 2, 1, 2, 0, 2, 0, 0, 2, 1, 1, 1, 0, 0, 2, 0, 1, 0, 2, 1, 0, 0, 2, 1, 0, 2, 1, 0, 0, 2, 2, 1, 0, 1, 2, 0, 2, 2, 0, 0, 1, 1, 0, 1, 0, 1, 1, 1, 1, 2, 0, 2, 1, 1, 2, 1, 0, 0, 0, 0, 1, 2, 1, 0, 1, 2, 1, 0]|[2, 2, 2, 2, 4, 0, 1, 2, 1, 0, 1, 1, 2, 1, 4, 0, 1, 2, 4, 1, 1, 1, 0, 0, 3, 2, 2, 0, 0, 1, 1, 0, 4, 1, 4, 0, 1, 1, 2, 0, 1, 0, 3, 0, 1, 1, 1, 2, 3, 1, 2, 4, 2, 0, 1, 1, 2, 1, 3, 1, 1, 1, 1, 4, 1, 0, 1, 2, 2, 1, 1, 1, 0, 4, 2, 4, 2, 4, 0, 0, 4, 1, 1, 1, 0, 4, 1, 0, 1, 0, 1, 0, 4, 1, 4, 1, 0, 1, 4, 2]|[0, 0, 1, 1, 2, 0, 0, 2, 0, 0, 0, 0, 1, 3, 0, 1, 0, 1, 3, 0, 0, 0, 0, 0, 3, 1, 0, 0, 1, 0, 1, 0, 3, 0, 0, 0, 1, 0, 1, 0, 1, 3, 1, 1, 0, 0, 0, 1, 0, 0, 0, 2, 1, 0, 0, 1, 1, 0, 3, 0, 0, 0, 0, 0, 0, 1, 0, 0, 1, 0, 0, 0, 1, 0, 1, 3, 0, 3, 0, 1, 1, 0, 1, 0, 2, 0, 0, 1, 0, 0, 1, 0, 3, 0, 0, 1, 1, 0, 2, 0]
event=494:G4_BALANCED:action:mode=explore,state=1,draw=0.8808122583899056,action=0
event=495:G4_BALANCED:leader:action=0,fingerprint=[51, 8, 83, 31, 94, 11, 15, 22, 57, 19, 84, 40, 73, 1, 81, 47, 98, 79, 3, 16, 77, 99, 5, 91, 62, 43, 68, 76, 97, 2, 88, 30, 53, 20, 58, 93, 24, 72, 49, 59, 38, 28, 92, 67, 9, 18, 17, 87, 12, 26, 71, 74, 95, 63, 21, 14, 27, 37, 96, 6, 78, 10, 32, 46, 48, 56, 60, 64, 29, 23, 7, 36, 34, 85, 52, 55, 61, 54, 89, 41, 66, 39, 33, 42, 82, 80, 75, 50, 70, 69, 4, 45, 90, 35, 65, 44, 25, 13, 86, 0]|[2, 0, 1, 0, 2, 0, 1, 1, 2, 2, 0, 0, 0, 1, 1, 1, 1, 0, 1, 2, 0, 2, 1, 0, 1, 2, 1, 0, 1, 1, 0, 2, 1, 0, 1, 2, 2, 0, 0, 0, 2, 1, 1, 1, 0, 2, 2, 0, 1, 0, 2, 1, 0, 0, 2, 0, 0, 2, 2, 0, 2, 2, 2, 1, 0, 2, 2, 0, 2, 2, 2, 0, 1, 1, 0, 1, 1, 1, 1, 1, 0, 2, 1, 0, 1, 1, 2, 1, 0, 0, 0, 0, 0, 2, 1, 0, 0, 2, 1, 0]|[2, 2, 2, 2, 0, 0, 1, 2, 1, 0, 0, 1, 2, 1, 4, 1, 1, 2, 4, 1, 1, 2, 0, 0, 3, 2, 3, 0, 1, 4, 1, 0, 4, 2, 4, 0, 2, 0, 2, 0, 1, 0, 3, 0, 1, 0, 1, 2, 3, 1, 2, 4, 2, 2, 1, 0, 2, 1, 2, 1, 1, 1, 1, 4, 1, 1, 1, 2, 1, 1, 2, 1, 0, 4, 2, 4, 2, 4, 0, 0, 0, 1, 1, 2, 0, 4, 1, 4, 1, 0, 1, 2, 0, 1, 4, 1, 1, 1, 4, 0]|[0, 0, 1, 1, 0, 0, 2, 2, 0, 0, 0, 0, 1, 3, 0, 1, 0, 1, 3, 0, 0, 0, 0, 0, 3, 1, 1, 0, 0, 2, 1, 0, 3, 0, 0, 0, 0, 0, 1, 0, 1, 3, 1, 1, 0, 0, 0, 1, 0, 0, 0, 2, 1, 0, 0, 1, 1, 0, 0, 0, 1, 0, 0, 0, 0, 0, 0, 0, 0, 0, 1, 0, 1, 0, 1, 3, 2, 3, 0, 1, 0, 0, 2, 0, 2, 0, 0, 3, 0, 0, 1, 0, 0, 0, 0, 1, 0, 0, 2, 0]
event=496:G2_TEC:action:mode=exploit,state=1,draw=0.1984115141381977,action=1
event=497:G2_TEC:leader:action=1,fingerprint=[51, 8, 83, 31, 94, 11, 15, 22, 57, 19, 84, 40, 73, 1, 81, 47, 98, 79, 3, 16, 2, 99, 5, 91, 62, 43, 68, 76, 97, 77, 88, 30, 53, 20, 58, 93, 24, 72, 49, 59, 38, 28, 92, 67, 9, 18, 17, 87, 12, 26, 71, 74, 95, 63, 21, 14, 27, 37, 96, 23, 78, 10, 66, 6, 48, 56, 29, 64, 60, 46, 7, 36, 34, 85, 52, 55, 69, 86, 89, 41, 32, 54, 33, 42, 39, 61, 75, 50, 70, 80, 4, 0, 90, 35, 65, 44, 25, 13, 82, 45]|[2, 0, 1, 1, 2, 0, 0, 1, 2, 1, 0, 0, 0, 1, 1, 1, 1, 2, 1, 2, 1, 0, 1, 0, 1, 2, 0, 0, 1, 0, 0, 2, 1, 0, 1, 2, 2, 0, 1, 0, 2, 1, 1, 1, 0, 2, 2, 0, 1, 2, 2, 1, 2, 0, 2, 0, 0, 2, 2, 2, 0, 2, 2, 0, 0, 2, 2, 0, 2, 0, 0, 0, 1, 1, 0, 1, 0, 1, 2, 1, 1, 1, 1, 2, 2, 0, 2, 1, 0, 1, 0, 0, 0, 2, 1, 0, 2, 2, 1, 2]|[2, 2, 2, 2, 2, 0, 1, 2, 1, 4, 0, 1, 2, 4, 4, 1, 1, 1, 4, 1, 4, 1, 0, 0, 3, 2, 2, 0, 0, 1, 1, 0, 4, 2, 4, 0, 2, 0, 0, 0, 1, 0, 3, 0, 1, 1, 1, 2, 3, 1, 2, 4, 1, 2, 1, 0, 2, 1, 2, 1, 1, 1, 1, 1, 1, 1, 1, 2, 1, 1, 1, 1, 4, 0, 2, 4, 0, 4, 1, 0, 4, 4, 1, 1, 1, 0, 1, 0, 1, 4, 1, 0, 0, 1, 4, 1, 1, 1, 0, 1]|[0, 0, 1, 1, 0, 0, 0, 2, 0, 0, 0, 1, 1, 0, 0, 1, 0, 0, 3, 0, 2, 0, 0, 0, 3, 1, 0, 0, 1, 0, 1, 0, 3, 0, 0, 0, 0, 0, 1, 0, 1, 3, 1, 1, 0, 0, 0, 1, 0, 1, 0, 2, 0, 0, 0, 1, 0, 0, 0, 0, 0, 0, 0, 0, 0, 0, 0, 0, 0, 0, 0, 0, 0, 1, 1, 3, 0, 0, 1, 1, 1, 0, 2, 0, 0, 0, 0, 1, 0, 0, 1, 0, 0, 0, 0, 1, 0, 0, 2, 0]
event=498:G3_TWC:action:mode=exploit,state=1,draw=0.7645564037846876,action=1
event=499:G3_TWC:leader:action=1,fingerprint=[51, 8, 83, 31, 94, 11, 15, 22, 57, 19, 84, 77, 73, 1, 81, 14, 99, 16, 3, 79, 2, 98, 5, 91, 62, 43, 68, 76, 97, 40, 88, 30, 53, 20, 58, 93, 96, 72, 49, 59, 38, 28, 92, 67, 9, 18, 17, 87, 12, 26, 71, 86, 95, 63, 21, 47, 27, 37, 24, 6, 78, 39, 32, 23, 55, 48, 64, 35, 60, 46, 7, 36, 66, 85, 52, 50, 61, 54, 89, 41, 34, 56, 33, 42, 82, 80, 75, 10, 70, 29, 4, 0, 90, 69, 65, 44, 25, 13, 74, 45]|[2, 0, 1, 0, 1, 0, 0, 1, 2, 0, 0, 0, 0, 1, 1, 0, 0, 0, 1, 2, 0, 2, 1, 0, 1, 2, 0, 0, 1, 1, 0, 1, 1, 1, 0, 2, 0, 2, 0, 0, 2, 1, 1, 1, 0, 2, 2, 0, 1, 2, 2, 1, 2, 0, 0, 0, 0, 2, 2, 0, 0, 1, 2, 2, 1, 0, 1, 2, 1, 1, 2, 0, 0, 1, 0, 1, 1, 1, 2, 1, 1, 2, 0, 2, 1, 1, 2, 2, 0, 2, 0, 0, 1, 0, 1, 0, 1, 2, 1, 0]|[2, 2, 0, 2, 4, 0, 1, 2, 1, 1, 1, 1, 2, 1, 4, 0, 1, 2, 4, 1, 1, 2, 2, 0, 3, 2, 2, 0, 0, 1, 1, 2, 4, 0, 2, 0, 1, 1, 2, 0, 1, 2, 3, 0, 1, 0, 1, 2, 3, 1, 2, 4, 1, 0, 1, 0, 2, 1, 2, 1, 2, 2, 1, 1, 4, 1, 0, 1, 4, 4, 2, 1, 0, 0, 2, 4, 2, 4, 1, 0, 0, 1, 1, 1, 0, 4, 1, 1, 1, 1, 1, 0, 0, 0, 4, 0, 0, 1, 4, 2]|[0, 0, 1, 1, 2, 0, 0, 2, 0, 0, 0, 0, 1, 3, 0, 1, 0, 1, 3, 0, 1, 0, 0, 0, 3, 1, 0, 0, 1, 0, 1, 2, 3, 1, 0, 0, 1, 0, 1, 0, 1, 0, 1, 1, 0, 0, 0, 1, 0, 1, 0, 2, 0, 0, 0, 1, 0, 0, 0, 0, 0, 2, 0, 0, 3, 0, 3, 0, 0, 0, 1, 0, 0, 1, 1, 3, 2, 3, 0, 1, 1, 0, 1, 0, 2, 0, 0, 0, 0, 0, 1, 0, 1, 0, 0, 1, 1, 0, 0, 0]
event=500:G1_CMAX:update:state=1,action=1,reward=-22.311871702395024,nextState=1,old=-285.14149599372666,new=-250.42506849737637
event=501:G2_TEC:update:state=1,action=1,reward=-407.41407902472565,nextState=1,old=-1891.0601626475423,new=-1920.2622091427595
event=502:G3_TWC:update:state=1,action=1,reward=-4569.818079364632,nextState=1,old=-23746.587944306888,new=-23567.088434810143
event=503:G4_BALANCED:update:state=1,action=0,reward=-0.07295586345037325,nextState=1,old=-0.3068570682975167,new=-0.28344716118023316
event=504:G1_CMAX:action:mode=exploit,state=1,draw=0.007932697852505832,action=1
event=505:G1_CMAX:leader:action=1,fingerprint=[51, 8, 83, 31, 94, 11, 15, 22, 57, 19, 84, 77, 73, 1, 81, 14, 99, 16, 3, 79, 2, 98, 5, 91, 62, 43, 68, 76, 97, 40, 88, 30, 53, 20, 58, 93, 24, 72, 49, 59, 38, 28, 92, 67, 9, 18, 17, 87, 12, 26, 71, 74, 95, 63, 21, 47, 27, 37, 96, 6, 78, 10, 32, 46, 48, 55, 29, 64, 60, 23, 7, 36, 90, 85, 52, 42, 61, 54, 89, 41, 4, 39, 33, 56, 86, 80, 75, 34, 82, 35, 66, 0, 50, 69, 65, 44, 25, 13, 45, 70]|[2, 0, 1, 1, 2, 1, 0, 1, 2, 2, 0, 1, 0, 1, 1, 1, 1, 0, 1, 0, 0, 1, 1, 0, 1, 2, 0, 0, 1, 1, 0, 2, 1, 2, 1, 2, 0, 0, 0, 0, 2, 1, 1, 1, 0, 1, 2, 0, 1, 0, 2, 1, 2, 0, 2, 2, 0, 2, 0, 0, 0, 2, 2, 1, 1, 1, 2, 0, 2, 0, 0, 0, 1, 2, 0, 1, 0, 1, 2, 1, 0, 2, 1, 2, 1, 1, 2, 1, 1, 2, 0, 0, 1, 0, 1, 1, 1, 2, 0, 0]|[2, 2, 0, 2, 2, 4, 1, 2, 1, 0, 1, 1, 2, 4, 4, 1, 1, 2, 4, 2, 1, 4, 0, 0, 3, 2, 2, 0, 0, 1, 1, 0, 4, 1, 4, 0, 1, 0, 2, 0, 1, 0, 3, 0, 1, 0, 1, 2, 3, 1, 1, 4, 1, 2, 1, 1, 2, 1, 0, 1, 1, 1, 1, 4, 1, 4, 1, 2, 1, 0, 1, 1, 4, 1, 2, 0, 2, 4, 1, 0, 1, 1, 1, 1, 4, 4, 1, 0, 0, 1, 0, 0, 0, 0, 4, 1, 0, 1, 2, 1]|[0, 0, 1, 1, 0, 2, 0, 2, 0, 0, 0, 0, 1, 0, 0, 1, 0, 1, 3, 1, 0, 0, 0, 0, 3, 1, 0, 0, 1, 0, 1, 0, 3, 0, 0, 0, 1, 0, 1, 0, 1, 3, 1, 1, 0, 1, 0, 1, 0, 0, 0, 2, 0, 0, 0, 0, 1, 0, 0, 0, 0, 0, 0, 0, 2, 3, 0, 0, 0, 1, 0, 0, 3, 0, 1, 1, 0, 3, 0, 1, 1, 0, 2, 0, 0, 0, 0, 1, 2, 0, 0, 0, 1, 0, 0, 2, 1, 0, 0, 0]
event=506:G4_BALANCED:action:mode=exploit,state=1,draw=0.7020574754859962,action=1
event=507:G4_BALANCED:leader:action=1,fingerprint=[51, 8, 83, 31, 94, 11, 15, 22, 57, 19, 84, 40, 73, 1, 81, 47, 98, 79, 3, 16, 77, 99, 5, 91, 62, 43, 68, 76, 97, 2, 88, 30, 53, 20, 58, 93, 24, 72, 49, 59, 38, 28, 92, 67, 9, 18, 17, 87, 12, 26, 71, 74, 95, 63, 21, 14, 27, 37, 96, 6, 78, 10, 32, 46, 48, 56, 60, 64, 29, 23, 7, 36, 34, 85, 52, 55, 61, 54, 89, 41, 66, 39, 33, 42, 82, 80, 75, 50, 70, 69, 4, 45, 90, 35, 65, 44, 25, 13, 86, 0]|[2, 0, 1, 0, 2, 0, 1, 1, 2, 2, 0, 0, 0, 1, 1, 1, 1, 0, 1, 2, 0, 2, 1, 0, 1, 2, 1, 0, 1, 1, 0, 2, 1, 0, 1, 2, 2, 0, 0, 0, 2, 1, 1, 1, 0, 2, 2, 0, 1, 0, 2, 1, 0, 0, 2, 0, 0, 2, 2, 0, 2, 2, 2, 1, 0, 2, 2, 0, 2, 2, 2, 0, 1, 1, 0, 1, 1, 1, 1, 1, 0, 2, 1, 0, 1, 1, 2, 1, 0, 0, 0, 0, 0, 2, 1, 0, 0, 2, 1, 0]|[2, 2, 2, 2, 0, 0, 1, 2, 1, 0, 0, 1, 2, 1, 4, 1, 1, 2, 4, 1, 1, 2, 0, 0, 3, 2, 3, 0, 1, 4, 1, 0, 4, 2, 4, 0, 2, 0, 2, 0, 1, 0, 3, 0, 1, 0, 1, 2, 3, 1, 2, 4, 2, 2, 1, 0, 2, 1, 2, 1, 1, 1, 1, 4, 1, 1, 1, 2, 1, 1, 2, 1, 0, 4, 2, 4, 2, 4, 0, 0, 0, 1, 1, 2, 0, 4, 1, 4, 1, 0, 1, 2, 0, 1, 4, 1, 1, 1, 4, 0]|[0, 0, 1, 1, 0, 0, 2, 2, 0, 0, 0, 0, 1, 3, 0, 1, 0, 1, 3, 0, 0, 0, 0, 0, 3, 1, 1, 0, 0, 2, 1, 0, 3, 0, 0, 0, 0, 0, 1, 0, 1, 3, 1, 1, 0, 0, 0, 1, 0, 0, 0, 2, 1, 0, 0, 1, 1, 0, 0, 0, 1, 0, 0, 0, 0, 0, 0, 0, 0, 0, 1, 0, 1, 0, 1, 3, 2, 3, 0, 1, 0, 0, 2, 0, 2, 0, 0, 3, 0, 0, 1, 0, 0, 0, 0, 1, 0, 0, 2, 0]
event=508:G2_TEC:action:mode=exploit,state=1,draw=0.34519057934229613,action=1
event=509:G2_TEC:leader:action=1,fingerprint=[51, 8, 83, 31, 94, 11, 15, 22, 57, 19, 84, 40, 73, 1, 81, 47, 98, 79, 3, 16, 2, 99, 5, 91, 62, 43, 68, 76, 97, 77, 88, 30, 53, 20, 58, 93, 24, 72, 49, 59, 38, 28, 92, 67, 9, 18, 17, 87, 12, 26, 71, 74, 95, 63, 21, 14, 27, 37, 96, 23, 78, 10, 66, 6, 48, 56, 29, 64, 60, 46, 7, 36, 34, 85, 52, 55, 69, 86, 89, 41, 32, 54, 33, 42, 39, 61, 75, 50, 70, 80, 4, 0, 90, 35, 65, 44, 25, 13, 82, 45]|[2, 0, 1, 1, 2, 0, 0, 1, 2, 1, 0, 0, 0, 1, 1, 1, 1, 2, 1, 2, 1, 0, 1, 0, 1, 2, 0, 0, 1, 0, 0, 2, 1, 0, 1, 2, 2, 0, 1, 0, 2, 1, 1, 1, 0, 2, 2, 0, 1, 2, 2, 1, 2, 0, 2, 0, 0, 2, 2, 2, 0, 2, 2, 0, 0, 2, 2, 0, 2, 0, 0, 0, 1, 1, 0, 1, 0, 1, 2, 1, 1, 1, 1, 2, 2, 0, 2, 1, 0, 1, 0, 0, 0, 2, 1, 0, 2, 2, 1, 2]|[2, 2, 2, 2, 2, 0, 1, 2, 1, 4, 0, 1, 2, 4, 4, 1, 1, 1, 4, 1, 4, 1, 0, 0, 3, 2, 2, 0, 0, 1, 1, 0, 4, 2, 4, 0, 2, 0, 0, 0, 1, 0, 3, 0, 1, 1, 1, 2, 3, 1, 2, 4, 1, 2, 1, 0, 2, 1, 2, 1, 1, 1, 1, 1, 1, 1, 1, 2, 1, 1, 1, 1, 4, 0, 2, 4, 0, 4, 1, 0, 4, 4, 1, 1, 1, 0, 1, 0, 1, 4, 1, 0, 0, 1, 4, 1, 1, 1, 0, 1]|[0, 0, 1, 1, 0, 0, 0, 2, 0, 0, 0, 1, 1, 0, 0, 1, 0, 0, 3, 0, 2, 0, 0, 0, 3, 1, 0, 0, 1, 0, 1, 0, 3, 0, 0, 0, 0, 0, 1, 0, 1, 3, 1, 1, 0, 0, 0, 1, 0, 1, 0, 2, 0, 0, 0, 1, 0, 0, 0, 0, 0, 0, 0, 0, 0, 0, 0, 0, 0, 0, 0, 0, 0, 1, 1, 3, 0, 0, 1, 1, 1, 0, 2, 0, 0, 0, 0, 1, 0, 0, 1, 0, 0, 0, 0, 1, 0, 0, 2, 0]
event=510:G3_TWC:action:mode=exploit,state=1,draw=0.22243357473057623,action=1
event=511:G3_TWC:leader:action=1,fingerprint=[51, 8, 83, 31, 94, 11, 15, 22, 57, 19, 84, 77, 73, 1, 81, 14, 99, 16, 3, 79, 2, 98, 5, 91, 62, 43, 68, 76, 97, 40, 88, 30, 53, 20, 58, 93, 96, 72, 49, 59, 38, 28, 92, 67, 9, 18, 17, 87, 12, 26, 71, 86, 95, 63, 21, 47, 27, 37, 24, 6, 78, 39, 32, 23, 55, 48, 64, 35, 60, 46, 7, 36, 66, 85, 52, 50, 61, 54, 89, 41, 34, 56, 33, 42, 82, 80, 75, 10, 70, 29, 4, 0, 90, 69, 65, 44, 25, 13, 74, 45]|[2, 0, 1, 0, 1, 0, 0, 1, 2, 0, 0, 0, 0, 1, 1, 0, 0, 0, 1, 2, 0, 2, 1, 0, 1, 2, 0, 0, 1, 1, 0, 1, 1, 1, 0, 2, 0, 2, 0, 0, 2, 1, 1, 1, 0, 2, 2, 0, 1, 2, 2, 1, 2, 0, 0, 0, 0, 2, 2, 0, 0, 1, 2, 2, 1, 0, 1, 2, 1, 1, 2, 0, 0, 1, 0, 1, 1, 1, 2, 1, 1, 2, 0, 2, 1, 1, 2, 2, 0, 2, 0, 0, 1, 0, 1, 0, 1, 2, 1, 0]|[2, 2, 0, 2, 4, 0, 1, 2, 1, 1, 1, 1, 2, 1, 4, 0, 1, 2, 4, 1, 1, 2, 2, 0, 3, 2, 2, 0, 0, 1, 1, 2, 4, 0, 2, 0, 1, 1, 2, 0, 1, 2, 3, 0, 1, 0, 1, 2, 3, 1, 2, 4, 1, 0, 1, 0, 2, 1, 2, 1, 2, 2, 1, 1, 4, 1, 0, 1, 4, 4, 2, 1, 0, 0, 2, 4, 2, 4, 1, 0, 0, 1, 1, 1, 0, 4, 1, 1, 1, 1, 1, 0, 0, 0, 4, 0, 0, 1, 4, 2]|[0, 0, 1, 1, 2, 0, 0, 2, 0, 0, 0, 0, 1, 3, 0, 1, 0, 1, 3, 0, 1, 0, 0, 0, 3, 1, 0, 0, 1, 0, 1, 2, 3, 1, 0, 0, 1, 0, 1, 0, 1, 0, 1, 1, 0, 0, 0, 1, 0, 1, 0, 2, 0, 0, 0, 1, 0, 0, 0, 0, 0, 2, 0, 0, 3, 0, 3, 0, 0, 0, 1, 0, 0, 1, 1, 3, 2, 3, 0, 1, 1, 0, 1, 0, 2, 0, 0, 0, 0, 0, 1, 0, 1, 0, 0, 1, 1, 0, 0, 0]
event=512:G1_CMAX:update:state=1,action=1,reward=-33.69872051007087,nextState=1,old=-250.42506849737637,new=-234.03877530797197
event=513:G2_TEC:update:state=1,action=1,reward=-245.5566461630151,nextState=1,old=-1920.2622091427595,new=-1781.7664134772228
event=514:G3_TWC:update:state=1,action=1,reward=-6231.520920284514,nextState=1,old=-23567.088434810143,new=-25085.19166813263
event=515:G4_BALANCED:update:state=1,action=1,reward=-0.07129030317957441,nextState=1,old=-0.2631141221623249,new=-0.2817816009094343
event=516:G1_CMAX:action:mode=exploit,state=1,draw=0.10229843232738012,action=1
event=517:G1_CMAX:leader:action=1,fingerprint=[51, 8, 83, 31, 94, 11, 15, 22, 57, 19, 84, 77, 73, 1, 81, 14, 99, 16, 3, 79, 2, 98, 5, 91, 62, 43, 68, 76, 97, 40, 88, 30, 53, 20, 58, 93, 24, 72, 49, 59, 38, 28, 92, 67, 9, 18, 17, 87, 12, 26, 71, 74, 95, 63, 21, 47, 27, 37, 96, 6, 78, 10, 32, 46, 48, 55, 29, 64, 60, 23, 7, 36, 90, 85, 52, 42, 61, 54, 89, 41, 4, 39, 33, 56, 86, 80, 75, 34, 82, 35, 66, 0, 50, 69, 65, 44, 25, 13, 45, 70]|[2, 0, 1, 1, 2, 1, 0, 1, 2, 2, 0, 1, 0, 1, 1, 1, 1, 0, 1, 0, 0, 1, 1, 0, 1, 2, 0, 0, 1, 1, 0, 2, 1, 2, 1, 2, 0, 0, 0, 0, 2, 1, 1, 1, 0, 1, 2, 0, 1, 0, 2, 1, 2, 0, 2, 2, 0, 2, 0, 0, 0, 2, 2, 1, 1, 1, 2, 0, 2, 0, 0, 0, 1, 2, 0, 1, 0, 1, 2, 1, 0, 2, 1, 2, 1, 1, 2, 1, 1, 2, 0, 0, 1, 0, 1, 1, 1, 2, 0, 0]|[2, 2, 0, 2, 2, 4, 1, 2, 1, 0, 1, 1, 2, 4, 4, 1, 1, 2, 4, 2, 1, 4, 0, 0, 3, 2, 2, 0, 0, 1, 1, 0, 4, 1, 4, 0, 1, 0, 2, 0, 1, 0, 3, 0, 1, 0, 1, 2, 3, 1, 1, 4, 1, 2, 1, 1, 2, 1, 0, 1, 1, 1, 1, 4, 1, 4, 1, 2, 1, 0, 1, 1, 4, 1, 2, 0, 2, 4, 1, 0, 1, 1, 1, 1, 4, 4, 1, 0, 0, 1, 0, 0, 0, 0, 4, 1, 0, 1, 2, 1]|[0, 0, 1, 1, 0, 2, 0, 2, 0, 0, 0, 0, 1, 0, 0, 1, 0, 1, 3, 1, 0, 0, 0, 0, 3, 1, 0, 0, 1, 0, 1, 0, 3, 0, 0, 0, 1, 0, 1, 0, 1, 3, 1, 1, 0, 1, 0, 1, 0, 0, 0, 2, 0, 0, 0, 0, 1, 0, 0, 0, 0, 0, 0, 0, 2, 3, 0, 0, 0, 1, 0, 0, 3, 0, 1, 1, 0, 3, 0, 1, 1, 0, 2, 0, 0, 0, 0, 1, 2, 0, 0, 0, 1, 0, 0, 2, 1, 0, 0, 0]
event=518:G4_BALANCED:action:mode=exploit,state=1,draw=0.2193039796109586,action=2
event=519:G4_BALANCED:tournament:reason=action2,left=45,right=15,selected=[51, 8, 83, 31, 94, 11, 15, 22, 57, 19, 84, 40, 73, 1, 81, 47, 98, 79, 3, 16, 2, 99, 5, 91, 62, 43, 68, 76, 97, 77, 88, 30, 53, 20, 58, 93, 24, 72, 49, 59, 38, 28, 92, 67, 9, 18, 17, 87, 12, 26, 71, 74, 95, 63, 21, 14, 27, 37, 96, 23, 78, 10, 66, 6, 48, 56, 29, 64, 60, 46, 7, 36, 34, 85, 52, 25, 61, 54, 89, 41, 32, 39, 33, 42, 86, 80, 75, 55, 70, 35, 4, 0, 90, 69, 65, 44, 50, 13, 82, 45]|[2, 0, 1, 0, 2, 0, 0, 1, 2, 0, 0, 0, 0, 1, 1, 2, 1, 2, 1, 2, 0, 0, 1, 0, 1, 2, 0, 0, 1, 0, 0, 2, 1, 0, 1, 2, 2, 0, 0, 2, 0, 1, 1, 1, 0, 2, 2, 0, 1, 2, 2, 2, 2, 1, 2, 1, 0, 2, 1, 0, 0, 2, 1, 1, 0, 2, 2, 0, 2, 0, 0, 0, 1, 1, 0, 2, 1, 1, 2, 0, 1, 2, 0, 2, 1, 1, 2, 1, 0, 2, 1, 0, 0, 0, 1, 0, 1, 2, 1, 2]|[2, 2, 2, 2, 2, 0, 1, 2, 1, 1, 0, 1, 2, 4, 4, 1, 1, 1, 4, 1, 1, 1, 0, 0, 3, 2, 2, 0, 1, 1, 1, 0, 4, 2, 4, 0, 2, 0, 2, 1, 2, 0, 3, 0, 1, 1, 1, 2, 3, 1, 2, 2, 1, 3, 1, 1, 2, 1, 3, 1, 1, 1, 4, 4, 1, 1, 1, 2, 1, 0, 1, 1, 0, 0, 2, 1, 2, 4, 1, 0, 4, 1, 1, 1, 4, 4, 1, 4, 1, 1, 4, 0, 0, 0, 4, 1, 4, 1, 0, 1]|[0, 0, 1, 1, 0, 0, 0, 2, 0, 0, 0, 1, 1, 0, 0, 0, 0, 0, 3, 0, 0, 0, 0, 0, 3, 1, 0, 0, 0, 0, 1, 0, 3, 0, 0, 0, 0, 0, 1, 0, 0, 3, 1, 1, 0, 0, 0, 1, 0, 1, 0, 0, 0, 1, 0, 1, 0, 0, 3, 0, 0, 0, 1, 0, 0, 0, 0, 0, 0, 1, 0, 0, 1, 1, 1, 0, 2, 0, 1, 0, 1, 0, 1, 0, 0, 0, 0, 3, 0, 0, 1, 0, 0, 0, 0, 1, 3, 0, 2, 0]
event=520:G4_BALANCED:leader:action=2,fingerprint=[51, 8, 83, 31, 94, 11, 15, 22, 57, 19, 84, 40, 73, 1, 81, 47, 98, 79, 3, 16, 2, 99, 5, 91, 62, 43, 68, 76, 97, 77, 88, 30, 53, 20, 58, 93, 24, 72, 49, 59, 38, 28, 92, 67, 9, 18, 17, 87, 12, 26, 71, 74, 95, 63, 21, 14, 27, 37, 96, 23, 78, 10, 66, 6, 48, 56, 29, 64, 60, 46, 7, 36, 34, 85, 52, 25, 61, 54, 89, 41, 32, 39, 33, 42, 86, 80, 75, 55, 70, 35, 4, 0, 90, 69, 65, 44, 50, 13, 82, 45]|[2, 0, 1, 0, 2, 0, 0, 1, 2, 0, 0, 0, 0, 1, 1, 2, 1, 2, 1, 2, 0, 0, 1, 0, 1, 2, 0, 0, 1, 0, 0, 2, 1, 0, 1, 2, 2, 0, 0, 2, 0, 1, 1, 1, 0, 2, 2, 0, 1, 2, 2, 2, 2, 1, 2, 1, 0, 2, 1, 0, 0, 2, 1, 1, 0, 2, 2, 0, 2, 0, 0, 0, 1, 1, 0, 2, 1, 1, 2, 0, 1, 2, 0, 2, 1, 1, 2, 1, 0, 2, 1, 0, 0, 0, 1, 0, 1, 2, 1, 2]|[2, 2, 2, 2, 2, 0, 1, 2, 1, 1, 0, 1, 2, 4, 4, 1, 1, 1, 4, 1, 1, 1, 0, 0, 3, 2, 2, 0, 1, 1, 1, 0, 4, 2, 4, 0, 2, 0, 2, 1, 2, 0, 3, 0, 1, 1, 1, 2, 3, 1, 2, 2, 1, 3, 1, 1, 2, 1, 3, 1, 1, 1, 4, 4, 1, 1, 1, 2, 1, 0, 1, 1, 0, 0, 2, 1, 2, 4, 1, 0, 4, 1, 1, 1, 4, 4, 1, 4, 1, 1, 4, 0, 0, 0, 4, 1, 4, 1, 0, 1]|[0, 0, 1, 1, 0, 0, 0, 2, 0, 0, 0, 1, 1, 0, 0, 0, 0, 0, 3, 0, 0, 0, 0, 0, 3, 1, 0, 0, 0, 0, 1, 0, 3, 0, 0, 0, 0, 0, 1, 0, 0, 3, 1, 1, 0, 0, 0, 1, 0, 1, 0, 0, 0, 1, 0, 1, 0, 0, 3, 0, 0, 0, 1, 0, 0, 0, 0, 0, 0, 1, 0, 0, 1, 1, 1, 0, 2, 0, 1, 0, 1, 0, 1, 0, 0, 0, 0, 3, 0, 0, 1, 0, 0, 0, 0, 1, 3, 0, 2, 0]
event=521:G2_TEC:action:mode=explore,state=1,draw=0.9623410428746925,action=2
event=522:G2_TEC:tournament:reason=action2,left=47,right=46,selected=[51, 8, 83, 31, 94, 11, 15, 22, 57, 19, 84, 40, 73, 1, 81, 47, 98, 79, 3, 16, 2, 99, 5, 91, 62, 43, 68, 76, 97, 77, 88, 30, 53, 20, 58, 93, 24, 72, 49, 59, 38, 28, 92, 67, 9, 18, 17, 87, 12, 26, 71, 74, 95, 63, 21, 14, 27, 37, 96, 23, 78, 10, 66, 6, 48, 56, 29, 64, 60, 46, 7, 36, 34, 86, 52, 25, 61, 54, 89, 41, 32, 39, 33, 42, 85, 80, 75, 55, 70, 35, 4, 0, 90, 69, 65, 44, 50, 13, 82, 45]|[2, 0, 1, 1, 1, 0, 0, 1, 2, 2, 0, 1, 0, 1, 1, 0, 1, 0, 1, 0, 1, 1, 0, 0, 1, 2, 0, 0, 1, 0, 0, 2, 1, 0, 1, 2, 2, 0, 0, 0, 2, 1, 1, 1, 0, 2, 2, 0, 1, 2, 2, 1, 2, 0, 2, 0, 0, 2, 2, 2, 0, 2, 2, 0, 0, 1, 2, 0, 2, 1, 0, 0, 1, 1, 0, 2, 0, 1, 2, 1, 1, 2, 0, 1, 2, 1, 2, 1, 0, 2, 0, 0, 0, 0, 1, 0, 1, 2, 1, 2]|[2, 2, 2, 2, 4, 0, 1, 2, 1, 0, 0, 1, 2, 4, 4, 0, 1, 2, 4, 2, 4, 0, 1, 0, 3, 2, 2, 0, 0, 1, 1, 0, 4, 2, 4, 0, 2, 0, 2, 0, 1, 0, 3, 0, 1, 1, 1, 2, 3, 1, 2, 4, 1, 2, 1, 0, 2, 1, 2, 1, 1, 1, 1, 1, 1, 0, 1, 2, 1, 4, 1, 1, 0, 4, 2, 1, 0, 4, 1, 0, 4, 1, 1, 0, 1, 4, 1, 4, 1, 1, 1, 1, 0, 0, 4, 1, 0, 1, 0, 1]|[0, 0, 1, 1, 2, 0, 0, 2, 0, 0, 0, 0, 1, 0, 0, 1, 0, 1, 3, 1, 2, 1, 0, 0, 3, 1, 0, 0, 1, 0, 1, 0, 3, 0, 0, 0, 0, 0, 1, 0, 1, 3, 1, 1, 0, 0, 0, 1, 0, 1, 0, 2, 0, 0, 0, 1, 0, 0, 0, 0, 0, 0, 0, 0, 0, 1, 0, 0, 0, 0, 0, 0, 1, 0, 1, 0, 0, 3, 1, 1, 1, 0, 1, 1, 0, 0, 0, 3, 0, 0, 0, 0, 0, 0, 0, 1, 1, 0, 2, 0]
event=523:G2_TEC:leader:action=2,fingerprint=[51, 8, 83, 31, 94, 11, 15, 22, 57, 19, 84, 40, 73, 1, 81, 47, 98, 79, 3, 16, 2, 99, 5, 91, 62, 43, 68, 76, 97, 77, 88, 30, 53, 20, 58, 93, 24, 72, 49, 59, 38, 28, 92, 67, 9, 18, 17, 87, 12, 26, 71, 74, 95, 63, 21, 14, 27, 37, 96, 23, 78, 10, 66, 6, 48, 56, 29, 64, 60, 46, 7, 36, 34, 86, 52, 25, 61, 54, 89, 41, 32, 39, 33, 42, 85, 80, 75, 55, 70, 35, 4, 0, 90, 69, 65, 44, 50, 13, 82, 45]|[2, 0, 1, 1, 1, 0, 0, 1, 2, 2, 0, 1, 0, 1, 1, 0, 1, 0, 1, 0, 1, 1, 0, 0, 1, 2, 0, 0, 1, 0, 0, 2, 1, 0, 1, 2, 2, 0, 0, 0, 2, 1, 1, 1, 0, 2, 2, 0, 1, 2, 2, 1, 2, 0, 2, 0, 0, 2, 2, 2, 0, 2, 2, 0, 0, 1, 2, 0, 2, 1, 0, 0, 1, 1, 0, 2, 0, 1, 2, 1, 1, 2, 0, 1, 2, 1, 2, 1, 0, 2, 0, 0, 0, 0, 1, 0, 1, 2, 1, 2]|[2, 2, 2, 2, 4, 0, 1, 2, 1, 0, 0, 1, 2, 4, 4, 0, 1, 2, 4, 2, 4, 0, 1, 0, 3, 2, 2, 0, 0, 1, 1, 0, 4, 2, 4, 0, 2, 0, 2, 0, 1, 0, 3, 0, 1, 1, 1, 2, 3, 1, 2, 4, 1, 2, 1, 0, 2, 1, 2, 1, 1, 1, 1, 1, 1, 0, 1, 2, 1, 4, 1, 1, 0, 4, 2, 1, 0, 4, 1, 0, 4, 1, 1, 0, 1, 4, 1, 4, 1, 1, 1, 1, 0, 0, 4, 1, 0, 1, 0, 1]|[0, 0, 1, 1, 2, 0, 0, 2, 0, 0, 0, 0, 1, 0, 0, 1, 0, 1, 3, 1, 2, 1, 0, 0, 3, 1, 0, 0, 1, 0, 1, 0, 3, 0, 0, 0, 0, 0, 1, 0, 1, 3, 1, 1, 0, 0, 0, 1, 0, 1, 0, 2, 0, 0, 0, 1, 0, 0, 0, 0, 0, 0, 0, 0, 0, 1, 0, 0, 0, 0, 0, 0, 1, 0, 1, 0, 0, 3, 1, 1, 1, 0, 1, 1, 0, 0, 0, 3, 0, 0, 0, 0, 0, 0, 0, 1, 1, 0, 2, 0]
event=524:G3_TWC:action:mode=exploit,state=1,draw=0.24245314600881995,action=2
event=525:G3_TWC:tournament:reason=action2,left=31,right=7,selected=[51, 8, 83, 31, 94, 11, 15, 22, 57, 19, 84, 77, 73, 1, 81, 14, 99, 16, 3, 79, 2, 98, 5, 91, 62, 43, 68, 76, 97, 40, 88, 30, 53, 20, 58, 93, 24, 72, 49, 59, 38, 28, 92, 67, 9, 18, 17, 87, 12, 26, 71, 74, 95, 63, 21, 47, 27, 37, 96, 23, 78, 10, 32, 46, 48, 56, 29, 64, 60, 6, 7, 36, 34, 85, 52, 55, 61, 54, 89, 41, 66, 86, 33, 42, 39, 80, 75, 50, 45, 35, 4, 0, 90, 69, 65, 44, 25, 13, 82, 70]|[2, 0, 1, 1, 2, 1, 0, 1, 2, 2, 0, 1, 0, 1, 1, 1, 1, 0, 1, 2, 0, 2, 1, 0, 1, 2, 0, 0, 1, 1, 0, 2, 1, 2, 1, 2, 0, 0, 0, 0, 2, 1, 1, 1, 0, 0, 2, 0, 1, 0, 2, 1, 2, 0, 2, 1, 0, 2, 1, 0, 0, 2, 2, 1, 1, 2, 2, 0, 2, 0, 0, 0, 1, 1, 0, 1, 0, 1, 1, 1, 1, 1, 1, 1, 2, 1, 2, 1, 0, 2, 0, 0, 2, 0, 1, 1, 2, 2, 1, 0]|[2, 2, 2, 2, 2, 4, 1, 2, 1, 0, 1, 1, 2, 4, 4, 1, 1, 2, 4, 1, 1, 0, 0, 0, 3, 2, 2, 0, 0, 1, 1, 0, 4, 1, 4, 0, 0, 0, 2, 1, 1, 0, 3, 0, 1, 1, 1, 2, 3, 1, 2, 4, 1, 2, 1, 1, 2, 1, 3, 1, 1, 1, 1, 4, 1, 1, 1, 2, 1, 0, 1, 1, 0, 4, 2, 4, 2, 4, 0, 0, 4, 4, 1, 0, 1, 4, 1, 0, 2, 1, 1, 0, 1, 0, 4, 1, 1, 1, 0, 1]|[0, 0, 1, 1, 0, 2, 0, 2, 0, 0, 0, 0, 1, 0, 0, 1, 0, 1, 3, 0, 0, 0, 0, 0, 3, 1, 0, 0, 1, 0, 1, 0, 3, 0, 0, 0, 0, 0, 1, 1, 1, 3, 1, 1, 0, 0, 0, 1, 0, 0, 0, 2, 0, 0, 0, 1, 1, 0, 3, 0, 0, 0, 0, 0, 2, 0, 0, 0, 0, 1, 0, 0, 1, 0, 1, 3, 0, 3, 0, 1, 1, 0, 2, 1, 0, 0, 0, 1, 0, 0, 0, 0, 0, 0, 0, 2, 0, 0, 2, 0]
event=526:G3_TWC:leader:action=2,fingerprint=[51, 8, 83, 31, 94, 11, 15, 22, 57, 19, 84, 77, 73, 1, 81, 14, 99, 16, 3, 79, 2, 98, 5, 91, 62, 43, 68, 76, 97, 40, 88, 30, 53, 20, 58, 93, 24, 72, 49, 59, 38, 28, 92, 67, 9, 18, 17, 87, 12, 26, 71, 74, 95, 63, 21, 47, 27, 37, 96, 23, 78, 10, 32, 46, 48, 56, 29, 64, 60, 6, 7, 36, 34, 85, 52, 55, 61, 54, 89, 41, 66, 86, 33, 42, 39, 80, 75, 50, 45, 35, 4, 0, 90, 69, 65, 44, 25, 13, 82, 70]|[2, 0, 1, 1, 2, 1, 0, 1, 2, 2, 0, 1, 0, 1, 1, 1, 1, 0, 1, 2, 0, 2, 1, 0, 1, 2, 0, 0, 1, 1, 0, 2, 1, 2, 1, 2, 0, 0, 0, 0, 2, 1, 1, 1, 0, 0, 2, 0, 1, 0, 2, 1, 2, 0, 2, 1, 0, 2, 1, 0, 0, 2, 2, 1, 1, 2, 2, 0, 2, 0, 0, 0, 1, 1, 0, 1, 0, 1, 1, 1, 1, 1, 1, 1, 2, 1, 2, 1, 0, 2, 0, 0, 2, 0, 1, 1, 2, 2, 1, 0]|[2, 2, 2, 2, 2, 4, 1, 2, 1, 0, 1, 1, 2, 4, 4, 1, 1, 2, 4, 1, 1, 0, 0, 0, 3, 2, 2, 0, 0, 1, 1, 0, 4, 1, 4, 0, 0, 0, 2, 1, 1, 0, 3, 0, 1, 1, 1, 2, 3, 1, 2, 4, 1, 2, 1, 1, 2, 1, 3, 1, 1, 1, 1, 4, 1, 1, 1, 2, 1, 0, 1, 1, 0, 4, 2, 4, 2, 4, 0, 0, 4, 4, 1, 0, 1, 4, 1, 0, 2, 1, 1, 0, 1, 0, 4, 1, 1, 1, 0, 1]|[0, 0, 1, 1, 0, 2, 0, 2, 0, 0, 0, 0, 1, 0, 0, 1, 0, 1, 3, 0, 0, 0, 0, 0, 3, 1, 0, 0, 1, 0, 1, 0, 3, 0, 0, 0, 0, 0, 1, 1, 1, 3, 1, 1, 0, 0, 0, 1, 0, 0, 0, 2, 0, 0, 0, 1, 1, 0, 3, 0, 0, 0, 0, 0, 2, 0, 0, 0, 0, 1, 0, 0, 1, 0, 1, 3, 0, 3, 0, 1, 1, 0, 2, 1, 0, 0, 0, 1, 0, 0, 0, 0, 0, 0, 0, 2, 0, 0, 2, 0]
event=527:G1_CMAX:update:state=1,action=1,reward=-57.41524218182872,nextState=1,old=-234.03877530797197,new=-244.6462624282063
event=528:G2_TEC:update:state=1,action=2,reward=-237.21077888525906,nextState=1,old=-2631.337564038681,new=-1662.6239096670374
event=529:G3_TWC:update:state=1,action=2,reward=-5259.224177692318,nextState=1,old=-23964.817497122014,new=-24431.078175389932
event=530:G4_BALANCED:update:state=1,action=2,reward=-0.1172501106996881,nextState=1,old=-0.266195040440277,new=-0.3302061430519097
event=531:G1_CMAX:action:mode=explore,state=1,draw=0.8246180225538563,action=0
event=532:G1_CMAX:leader:action=0,fingerprint=[51, 8, 83, 31, 94, 11, 15, 22, 57, 19, 84, 77, 73, 1, 81, 14, 99, 16, 3, 79, 2, 98, 5, 91, 62, 43, 68, 76, 97, 40, 88, 30, 53, 20, 58, 93, 24, 72, 49, 59, 38, 28, 92, 67, 9, 18, 17, 87, 12, 26, 71, 74, 95, 63, 21, 47, 27, 37, 96, 6, 78, 10, 32, 46, 48, 55, 29, 64, 60, 23, 7, 36, 90, 85, 52, 42, 61, 54, 89, 41, 4, 39, 33, 56, 86, 80, 75, 34, 82, 35, 66, 0, 50, 69, 65, 44, 25, 13, 45, 70]|[2, 0, 1, 1, 2, 1, 0, 1, 2, 2, 0, 1, 0, 1, 1, 1, 1, 0, 1, 0, 0, 1, 1, 0, 1, 2, 0, 0, 1, 1, 0, 2, 1, 2, 1, 2, 0, 0, 0, 0, 2, 1, 1, 1, 0, 1, 2, 0, 1, 0, 2, 1, 2, 0, 2, 2, 0, 2, 0, 0, 0, 2, 2, 1, 1, 1, 2, 0, 2, 0, 0, 0, 1, 2, 0, 1, 0, 1, 2, 1, 0, 2, 1, 2, 1, 1, 2, 1, 1, 2, 0, 0, 1, 0, 1, 1, 1, 2, 0, 0]|[2, 2, 0, 2, 2, 4, 1, 2, 1, 0, 1, 1, 2, 4, 4, 1, 1, 2, 4, 2, 1, 4, 0, 0, 3, 2, 2, 0, 0, 1, 1, 0, 4, 1, 4, 0, 1, 0, 2, 0, 1, 0, 3, 0, 1, 0, 1, 2, 3, 1, 1, 4, 1, 2, 1, 1, 2, 1, 0, 1, 1, 1, 1, 4, 1, 4, 1, 2, 1, 0, 1, 1, 4, 1, 2, 0, 2, 4, 1, 0, 1, 1, 1, 1, 4, 4, 1, 0, 0, 1, 0, 0, 0, 0, 4, 1, 0, 1, 2, 1]|[0, 0, 1, 1, 0, 2, 0, 2, 0, 0, 0, 0, 1, 0, 0, 1, 0, 1, 3, 1, 0, 0, 0, 0, 3, 1, 0, 0, 1, 0, 1, 0, 3, 0, 0, 0, 1, 0, 1, 0, 1, 3, 1, 1, 0, 1, 0, 1, 0, 0, 0, 2, 0, 0, 0, 0, 1, 0, 0, 0, 0, 0, 0, 0, 2, 3, 0, 0, 0, 1, 0, 0, 3, 0, 1, 1, 0, 3, 0, 1, 1, 0, 2, 0, 0, 0, 0, 1, 2, 0, 0, 0, 1, 0, 0, 2, 1, 0, 0, 0]
event=533:G4_BALANCED:action:mode=explore,state=1,draw=0.9178953640782541,action=1
event=534:G4_BALANCED:leader:action=1,fingerprint=[51, 8, 83, 31, 94, 11, 15, 22, 57, 19, 84, 40, 73, 1, 81, 47, 98, 79, 3, 16, 2, 99, 5, 91, 62, 43, 68, 76, 97, 77, 88, 30, 53, 20, 58, 93, 24, 72, 49, 59, 38, 28, 92, 67, 9, 18, 17, 87, 12, 26, 71, 74, 95, 63, 21, 14, 27, 37, 96, 23, 78, 10, 66, 6, 48, 56, 29, 64, 60, 46, 7, 36, 34, 85, 52, 55, 61, 86, 89, 41, 32, 39, 33, 42, 54, 80, 75, 25, 70, 50, 4, 0, 90, 69, 65, 44, 35, 13, 82, 45]|[2, 0, 1, 1, 2, 1, 0, 1, 2, 0, 0, 0, 0, 1, 1, 1, 1, 2, 1, 2, 1, 0, 1, 0, 1, 2, 1, 0, 1, 1, 0, 2, 1, 0, 1, 2, 2, 0, 0, 0, 2, 1, 1, 1, 0, 2, 2, 0, 1, 2, 2, 1, 2, 0, 2, 1, 0, 2, 2, 2, 0, 2, 2, 1, 0, 2, 2, 0, 2, 1, 0, 0, 0, 1, 0, 1, 0, 1, 2, 1, 2, 2, 1, 2, 1, 1, 2, 0, 0, 1, 1, 0, 0, 0, 1, 0, 2, 2, 1, 0]|[2, 2, 2, 2, 2, 4, 1, 2, 1, 1, 0, 1, 2, 1, 4, 1, 1, 1, 4, 1, 4, 1, 0, 0, 3, 2, 3, 0, 0, 1, 1, 0, 4, 2, 4, 0, 2, 0, 2, 0, 1, 0, 3, 0, 1, 1, 1, 2, 3, 1, 2, 4, 1, 2, 1, 1, 2, 1, 2, 1, 1, 1, 1, 4, 1, 1, 1, 2, 1, 4, 1, 1, 0, 0, 2, 4, 0, 4, 1, 0, 1, 1, 1, 1, 4, 4, 1, 1, 1, 4, 4, 0, 0, 2, 4, 0, 1, 1, 0, 2]|[0, 0, 1, 1, 0, 2, 0, 2, 0, 0, 0, 0, 1, 3, 0, 1, 0, 0, 3, 0, 2, 0, 0, 0, 3, 1, 1, 0, 1, 0, 1, 0, 3, 0, 0, 0, 0, 0, 1, 0, 1, 3, 1, 1, 0, 0, 0, 1, 0, 1, 0, 0, 0, 0, 0, 1, 0, 0, 0, 0, 0, 0, 0, 0, 0, 0, 0, 0, 0, 0, 0, 0, 0, 1, 1, 3, 0, 0, 1, 1, 0, 0, 2, 0, 3, 0, 0, 0, 0, 3, 1, 0, 0, 0, 0, 1, 0, 0, 2, 0]
event=535:G2_TEC:action:mode=exploit,state=1,draw=0.7622036387740797,action=2
event=536:G2_TEC:tournament:reason=action2,left=31,right=38,selected=[51, 8, 83, 31, 94, 11, 15, 22, 57, 19, 84, 40, 73, 1, 81, 47, 98, 79, 3, 16, 2, 99, 5, 91, 62, 43, 68, 76, 97, 77, 88, 30, 53, 20, 58, 93, 24, 72, 49, 59, 38, 28, 92, 67, 9, 18, 17, 87, 12, 26, 71, 74, 95, 63, 21, 14, 27, 37, 96, 23, 78, 10, 66, 6, 48, 56, 29, 64, 60, 46, 7, 36, 34, 86, 52, 55, 61, 54, 89, 41, 32, 39, 33, 42, 85, 80, 75, 25, 70, 13, 4, 0, 90, 69, 65, 44, 50, 35, 82, 45]|[2, 0, 1, 1, 2, 0, 0, 1, 0, 0, 0, 1, 0, 1, 1, 0, 1, 0, 1, 0, 1, 2, 0, 0, 1, 2, 1, 0, 1, 0, 0, 2, 1, 2, 1, 2, 2, 0, 0, 0, 2, 1, 1, 1, 0, 0, 2, 0, 1, 0, 2, 1, 2, 0, 2, 0, 0, 2, 2, 2, 2, 2, 1, 0, 0, 2, 2, 0, 2, 1, 0, 0, 0, 1, 0, 1, 0, 1, 2, 1, 2, 2, 0, 1, 1, 1, 2, 2, 0, 2, 1, 0, 0, 0, 1, 0, 2, 1, 1, 0]|[2, 2, 2, 2, 2, 0, 1, 2, 0, 1, 0, 1, 2, 4, 4, 0, 1, 2, 4, 2, 4, 2, 1, 0, 3, 2, 3, 0, 0, 1, 1, 0, 4, 1, 4, 0, 2, 0, 2, 0, 1, 0, 3, 0, 1, 1, 1, 2, 3, 1, 2, 4, 1, 2, 1, 0, 2, 1, 2, 1, 1, 1, 4, 1, 1, 1, 1, 2, 1, 4, 1, 1, 0, 4, 2, 4, 0, 4, 1, 0, 1, 1, 1, 0, 0, 4, 1, 1, 1, 1, 4, 1, 0, 2, 4, 1, 1, 4, 0, 2]|[0, 0, 1, 1, 0, 0, 0, 2, 0, 0, 0, 0, 1, 0, 0, 1, 0, 1, 3, 1, 2, 0, 0, 0, 3, 1, 1, 0, 1, 0, 1, 0, 3, 0, 0, 0, 0, 0, 1, 0, 1, 3, 1, 1, 0, 0, 0, 1, 0, 0, 0, 2, 0, 0, 0, 1, 0, 0, 0, 0, 1, 0, 1, 0, 0, 0, 0, 0, 0, 0, 0, 0, 0, 2, 1, 3, 0, 0, 1, 1, 0, 0, 1, 1, 1, 0, 0, 0, 0, 0, 1, 0, 0, 0, 0, 1, 0, 3, 2, 0]
event=537:G2_TEC:leader:action=2,fingerprint=[51, 8, 83, 31, 94, 11, 15, 22, 57, 19, 84, 40, 73, 1, 81, 47, 98, 79, 3, 16, 2, 99, 5, 91, 62, 43, 68, 76, 97, 77, 88, 30, 53, 20, 58, 93, 24, 72, 49, 59, 38, 28, 92, 67, 9, 18, 17, 87, 12, 26, 71, 74, 95, 63, 21, 14, 27, 37, 96, 23, 78, 10, 66, 6, 48, 56, 29, 64, 60, 46, 7, 36, 34, 86, 52, 55, 61, 54, 89, 41, 32, 39, 33, 42, 85, 80, 75, 25, 70, 13, 4, 0, 90, 69, 65, 44, 50, 35, 82, 45]|[2, 0, 1, 1, 2, 0, 0, 1, 0, 0, 0, 1, 0, 1, 1, 0, 1, 0, 1, 0, 1, 2, 0, 0, 1, 2, 1, 0, 1, 0, 0, 2, 1, 2, 1, 2, 2, 0, 0, 0, 2, 1, 1, 1, 0, 0, 2, 0, 1, 0, 2, 1, 2, 0, 2, 0, 0, 2, 2, 2, 2, 2, 1, 0, 0, 2, 2, 0, 2, 1, 0, 0, 0, 1, 0, 1, 0, 1, 2, 1, 2, 2, 0, 1, 1, 1, 2, 2, 0, 2, 1, 0, 0, 0, 1, 0, 2, 1, 1, 0]|[2, 2, 2, 2, 2, 0, 1, 2, 0, 1, 0, 1, 2, 4, 4, 0, 1, 2, 4, 2, 4, 2, 1, 0, 3, 2, 3, 0, 0, 1, 1, 0, 4, 1, 4, 0, 2, 0, 2, 0, 1, 0, 3, 0, 1, 1, 1, 2, 3, 1, 2, 4, 1, 2, 1, 0, 2, 1, 2, 1, 1, 1, 4, 1, 1, 1, 1, 2, 1, 4, 1, 1, 0, 4, 2, 4, 0, 4, 1, 0, 1, 1, 1, 0, 0, 4, 1, 1, 1, 1, 4, 1, 0, 2, 4, 1, 1, 4, 0, 2]|[0, 0, 1, 1, 0, 0, 0, 2, 0, 0, 0, 0, 1, 0, 0, 1, 0, 1, 3, 1, 2, 0, 0, 0, 3, 1, 1, 0, 1, 0, 1, 0, 3, 0, 0, 0, 0, 0, 1, 0, 1, 3, 1, 1, 0, 0, 0, 1, 0, 0, 0, 2, 0, 0, 0, 1, 0, 0, 0, 0, 1, 0, 1, 0, 0, 0, 0, 0, 0, 0, 0, 0, 0, 2, 1, 3, 0, 0, 1, 1, 0, 0, 1, 1, 1, 0, 0, 0, 0, 0, 1, 0, 0, 0, 0, 1, 0, 3, 2, 0]
event=538:G3_TWC:action:mode=exploit,state=1,draw=0.10168224914753632,action=2
event=539:G3_TWC:tournament:reason=action2,left=13,right=29,selected=[51, 8, 83, 31, 94, 11, 15, 22, 57, 19, 84, 77, 73, 1, 81, 14, 99, 16, 3, 79, 2, 98, 5, 91, 62, 43, 68, 76, 97, 40, 88, 30, 53, 20, 58, 93, 24, 72, 49, 59, 38, 28, 92, 67, 9, 18, 17, 87, 12, 26, 71, 74, 95, 63, 21, 47, 27, 37, 96, 23, 78, 10, 66, 6, 48, 25, 29, 64, 60, 46, 7, 36, 34, 85, 52, 55, 69, 54, 89, 41, 4, 39, 33, 42, 86, 80, 75, 90, 82, 35, 32, 0, 50, 61, 65, 44, 56, 13, 45, 70]|[2, 0, 1, 1, 2, 1, 0, 1, 2, 0, 0, 2, 0, 1, 1, 1, 1, 0, 1, 2, 0, 0, 1, 0, 1, 2, 0, 0, 1, 1, 0, 2, 1, 2, 1, 2, 2, 0, 0, 0, 2, 1, 1, 1, 0, 0, 2, 0, 1, 0, 2, 1, 2, 0, 0, 0, 0, 2, 1, 2, 0, 2, 1, 0, 1, 0, 2, 2, 2, 1, 0, 0, 1, 1, 0, 1, 0, 1, 1, 1, 0, 2, 0, 0, 1, 1, 2, 0, 1, 2, 2, 0, 1, 0, 1, 0, 1, 2, 0, 0]|[2, 2, 2, 2, 2, 4, 1, 2, 1, 1, 1, 0, 2, 1, 4, 1, 1, 2, 4, 1, 1, 0, 0, 0, 3, 2, 2, 0, 0, 1, 1, 0, 4, 1, 4, 0, 2, 0, 2, 1, 1, 0, 3, 0, 1, 1, 1, 2, 3, 1, 2, 4, 1, 2, 1, 0, 2, 1, 3, 1, 1, 1, 4, 1, 1, 1, 1, 1, 2, 4, 1, 1, 0, 4, 2, 4, 0, 4, 0, 0, 1, 1, 1, 2, 4, 4, 1, 0, 0, 1, 1, 0, 4, 2, 4, 1, 0, 1, 2, 0]|[0, 0, 1, 1, 0, 2, 0, 2, 0, 0, 0, 0, 1, 3, 0, 1, 0, 1, 3, 0, 0, 0, 0, 0, 3, 1, 0, 0, 1, 0, 1, 0, 3, 0, 0, 0, 0, 0, 1, 1, 1, 3, 1, 1, 0, 0, 0, 1, 0, 0, 0, 2, 0, 0, 0, 1, 1, 0, 3, 0, 0, 0, 1, 0, 2, 0, 0, 0, 1, 0, 0, 0, 1, 0, 1, 3, 0, 3, 0, 1, 1, 0, 1, 0, 0, 0, 0, 0, 2, 0, 0, 0, 3, 0, 0, 1, 1, 0, 0, 0]
event=540:G3_TWC:leader:action=2,fingerprint=[51, 8, 83, 31, 94, 11, 15, 22, 57, 19, 84, 77, 73, 1, 81, 14, 99, 16, 3, 79, 2, 98, 5, 91, 62, 43, 68, 76, 97, 40, 88, 30, 53, 20, 58, 93, 24, 72, 49, 59, 38, 28, 92, 67, 9, 18, 17, 87, 12, 26, 71, 74, 95, 63, 21, 47, 27, 37, 96, 23, 78, 10, 66, 6, 48, 25, 29, 64, 60, 46, 7, 36, 34, 85, 52, 55, 69, 54, 89, 41, 4, 39, 33, 42, 86, 80, 75, 90, 82, 35, 32, 0, 50, 61, 65, 44, 56, 13, 45, 70]|[2, 0, 1, 1, 2, 1, 0, 1, 2, 0, 0, 2, 0, 1, 1, 1, 1, 0, 1, 2, 0, 0, 1, 0, 1, 2, 0, 0, 1, 1, 0, 2, 1, 2, 1, 2, 2, 0, 0, 0, 2, 1, 1, 1, 0, 0, 2, 0, 1, 0, 2, 1, 2, 0, 0, 0, 0, 2, 1, 2, 0, 2, 1, 0, 1, 0, 2, 2, 2, 1, 0, 0, 1, 1, 0, 1, 0, 1, 1, 1, 0, 2, 0, 0, 1, 1, 2, 0, 1, 2, 2, 0, 1, 0, 1, 0, 1, 2, 0, 0]|[2, 2, 2, 2, 2, 4, 1, 2, 1, 1, 1, 0, 2, 1, 4, 1, 1, 2, 4, 1, 1, 0, 0, 0, 3, 2, 2, 0, 0, 1, 1, 0, 4, 1, 4, 0, 2, 0, 2, 1, 1, 0, 3, 0, 1, 1, 1, 2, 3, 1, 2, 4, 1, 2, 1, 0, 2, 1, 3, 1, 1, 1, 4, 1, 1, 1, 1, 1, 2, 4, 1, 1, 0, 4, 2, 4, 0, 4, 0, 0, 1, 1, 1, 2, 4, 4, 1, 0, 0, 1, 1, 0, 4, 2, 4, 1, 0, 1, 2, 0]|[0, 0, 1, 1, 0, 2, 0, 2, 0, 0, 0, 0, 1, 3, 0, 1, 0, 1, 3, 0, 0, 0, 0, 0, 3, 1, 0, 0, 1, 0, 1, 0, 3, 0, 0, 0, 0, 0, 1, 1, 1, 3, 1, 1, 0, 0, 0, 1, 0, 0, 0, 2, 0, 0, 0, 1, 1, 0, 3, 0, 0, 0, 1, 0, 2, 0, 0, 0, 1, 0, 0, 0, 1, 0, 1, 3, 0, 3, 0, 1, 1, 0, 1, 0, 0, 0, 0, 0, 2, 0, 0, 0, 3, 0, 0, 1, 1, 0, 0, 0]
event=541:G1_CMAX:update:state=1,action=0,reward=-44.11847876025729,nextState=1,old=-374.1416146631477,new=-239.83548870282235
event=542:G2_TEC:update:state=1,action=2,reward=-110.37151653985347,nextState=1,old=-1662.6239096670374,new=-1440.4706442734835
event=543:G3_TWC:update:state=1,action=2,reward=-2228.2864443394355,nextState=1,old=-24431.078175389932,new=-21773.148984651383
event=544:G4_BALANCED:update:state=1,action=1,reward=-0.06794716750439257,nextState=1,old=-0.2817816009094343,new=-0.29337244823194003
event=545:G1_CMAX:action:mode=exploit,state=1,draw=0.5079146210360752,action=0
event=546:G1_CMAX:leader:action=0,fingerprint=[51, 8, 83, 31, 94, 11, 15, 22, 57, 19, 84, 77, 73, 1, 81, 14, 99, 16, 3, 79, 2, 98, 5, 91, 62, 43, 68, 76, 97, 40, 88, 30, 53, 20, 58, 93, 24, 72, 49, 59, 38, 28, 92, 67, 9, 18, 17, 87, 12, 26, 71, 74, 95, 63, 21, 47, 27, 37, 96, 6, 78, 10, 32, 46, 48, 55, 29, 64, 60, 23, 7, 36, 90, 85, 52, 42, 61, 54, 89, 41, 4, 39, 33, 56, 86, 80, 75, 34, 82, 35, 66, 0, 50, 69, 65, 44, 25, 13, 45, 70]|[2, 0, 1, 1, 2, 1, 0, 1, 2, 2, 0, 1, 0, 1, 1, 1, 1, 0, 1, 0, 0, 1, 1, 0, 1, 2, 0, 0, 1, 1, 0, 2, 1, 2, 1, 2, 0, 0, 0, 0, 2, 1, 1, 1, 0, 1, 2, 0, 1, 0, 2, 1, 2, 0, 2, 2, 0, 2, 0, 0, 0, 2, 2, 1, 1, 1, 2, 0, 2, 0, 0, 0, 1, 2, 0, 1, 0, 1, 2, 1, 0, 2, 1, 2, 1, 1, 2, 1, 1, 2, 0, 0, 1, 0, 1, 1, 1, 2, 0, 0]|[2, 2, 0, 2, 2, 4, 1, 2, 1, 0, 1, 1, 2, 4, 4, 1, 1, 2, 4, 2, 1, 4, 0, 0, 3, 2, 2, 0, 0, 1, 1, 0, 4, 1, 4, 0, 1, 0, 2, 0, 1, 0, 3, 0, 1, 0, 1, 2, 3, 1, 1, 4, 1, 2, 1, 1, 2, 1, 0, 1, 1, 1, 1, 4, 1, 4, 1, 2, 1, 0, 1, 1, 4, 1, 2, 0, 2, 4, 1, 0, 1, 1, 1, 1, 4, 4, 1, 0, 0, 1, 0, 0, 0, 0, 4, 1, 0, 1, 2, 1]|[0, 0, 1, 1, 0, 2, 0, 2, 0, 0, 0, 0, 1, 0, 0, 1, 0, 1, 3, 1, 0, 0, 0, 0, 3, 1, 0, 0, 1, 0, 1, 0, 3, 0, 0, 0, 1, 0, 1, 0, 1, 3, 1, 1, 0, 1, 0, 1, 0, 0, 0, 2, 0, 0, 0, 0, 1, 0, 0, 0, 0, 0, 0, 0, 2, 3, 0, 0, 0, 1, 0, 0, 3, 0, 1, 1, 0, 3, 0, 1, 1, 0, 2, 0, 0, 0, 0, 1, 2, 0, 0, 0, 1, 0, 0, 2, 1, 0, 0, 0]
event=547:G4_BALANCED:action:mode=exploit,state=1,draw=0.2884746195431773,action=0
event=548:G4_BALANCED:leader:action=0,fingerprint=[51, 8, 83, 31, 94, 11, 15, 22, 57, 19, 84, 40, 73, 1, 81, 47, 98, 79, 3, 16, 2, 99, 5, 91, 62, 43, 68, 76, 97, 77, 88, 30, 53, 20, 58, 93, 24, 72, 49, 59, 38, 28, 92, 67, 9, 18, 17, 87, 12, 26, 71, 74, 95, 63, 21, 14, 27, 37, 96, 23, 78, 10, 66, 6, 48, 56, 29, 64, 60, 46, 7, 36, 34, 85, 52, 55, 61, 86, 89, 41, 32, 39, 33, 42, 54, 80, 75, 25, 70, 50, 4, 0, 90, 69, 65, 44, 35, 13, 82, 45]|[2, 0, 1, 1, 2, 1, 0, 1, 2, 0, 0, 0, 0, 1, 1, 1, 1, 2, 1, 2, 1, 0, 1, 0, 1, 2, 1, 0, 1, 1, 0, 2, 1, 0, 1, 2, 2, 0, 0, 0, 2, 1, 1, 1, 0, 2, 2, 0, 1, 2, 2, 1, 2, 0, 2, 1, 0, 2, 2, 2, 0, 2, 2, 1, 0, 2, 2, 0, 2, 1, 0, 0, 0, 1, 0, 1, 0, 1, 2, 1, 2, 2, 1, 2, 1, 1, 2, 0, 0, 1, 1, 0, 0, 0, 1, 0, 2, 2, 1, 0]|[2, 2, 2, 2, 2, 4, 1, 2, 1, 1, 0, 1, 2, 1, 4, 1, 1, 1, 4, 1, 4, 1, 0, 0, 3, 2, 3, 0, 0, 1, 1, 0, 4, 2, 4, 0, 2, 0, 2, 0, 1, 0, 3, 0, 1, 1, 1, 2, 3, 1, 2, 4, 1, 2, 1, 1, 2, 1, 2, 1, 1, 1, 1, 4, 1, 1, 1, 2, 1, 4, 1, 1, 0, 0, 2, 4, 0, 4, 1, 0, 1, 1, 1, 1, 4, 4, 1, 1, 1, 4, 4, 0, 0, 2, 4, 0, 1, 1, 0, 2]|[0, 0, 1, 1, 0, 2, 0, 2, 0, 0, 0, 0, 1, 3, 0, 1, 0, 0, 3, 0, 2, 0, 0, 0, 3, 1, 1, 0, 1, 0, 1, 0, 3, 0, 0, 0, 0, 0, 1, 0, 1, 3, 1, 1, 0, 0, 0, 1, 0, 1, 0, 0, 0, 0, 0, 1, 0, 0, 0, 0, 0, 0, 0, 0, 0, 0, 0, 0, 0, 0, 0, 0, 0, 1, 1, 3, 0, 0, 1, 1, 0, 0, 2, 0, 3, 0, 0, 0, 0, 3, 1, 0, 0, 0, 0, 1, 0, 0, 2, 0]
event=549:G2_TEC:action:mode=exploit,state=1,draw=0.15920560677213014,action=2
event=550:G2_TEC:tournament:reason=action2,left=11,right=9,selected=[51, 8, 83, 31, 94, 11, 15, 22, 57, 19, 84, 77, 73, 1, 81, 14, 99, 16, 3, 79, 2, 98, 5, 91, 62, 43, 68, 76, 97, 40, 88, 30, 53, 20, 58, 93, 24, 72, 49, 59, 38, 28, 92, 67, 9, 18, 17, 87, 12, 26, 71, 74, 95, 63, 21, 47, 27, 37, 96, 6, 78, 10, 66, 46, 48, 56, 29, 64, 60, 23, 7, 36, 34, 61, 52, 55, 85, 54, 89, 41, 32, 39, 33, 42, 82, 80, 75, 50, 70, 69, 4, 45, 90, 35, 65, 44, 25, 13, 86, 0]|[2, 0, 1, 1, 2, 0, 1, 1, 0, 2, 0, 0, 0, 1, 1, 1, 1, 0, 1, 2, 0, 2, 1, 0, 1, 2, 1, 0, 1, 1, 0, 2, 1, 2, 1, 2, 2, 0, 0, 0, 2, 1, 1, 1, 0, 0, 2, 0, 1, 0, 2, 1, 2, 0, 2, 0, 0, 2, 1, 0, 0, 2, 1, 1, 1, 2, 2, 0, 2, 2, 0, 0, 1, 0, 0, 1, 1, 1, 1, 1, 2, 2, 1, 1, 1, 1, 2, 1, 0, 0, 0, 0, 0, 2, 1, 0, 0, 2, 1, 0]|[2, 2, 2, 2, 2, 0, 1, 2, 0, 0, 2, 1, 2, 0, 4, 1, 1, 2, 4, 1, 1, 0, 0, 0, 3, 2, 3, 0, 1, 1, 1, 0, 4, 1, 4, 0, 2, 0, 0, 0, 1, 0, 3, 0, 1, 1, 1, 2, 3, 1, 2, 4, 1, 2, 1, 0, 2, 1, 3, 1, 1, 1, 4, 4, 1, 1, 1, 2, 1, 1, 1, 1, 0, 2, 2, 4, 0, 4, 0, 0, 1, 1, 1, 0, 0, 4, 1, 4, 1, 0, 1, 2, 0, 1, 4, 1, 1, 1, 4, 0]|[0, 0, 1, 1, 0, 0, 2, 2, 0, 0, 0, 0, 1, 0, 0, 1, 0, 1, 3, 0, 0, 0, 0, 0, 3, 1, 1, 0, 0, 0, 1, 0, 3, 0, 0, 0, 0, 0, 0, 0, 1, 3, 1, 1, 0, 0, 0, 1, 0, 0, 0, 2, 0, 0, 0, 1, 1, 0, 3, 0, 0, 0, 1, 0, 2, 0, 0, 0, 0, 0, 0, 0, 1, 0, 1, 3, 1, 3, 0, 1, 0, 0, 2, 1, 2, 0, 0, 3, 0, 0, 0, 0, 0, 0, 0, 1, 0, 0, 0, 0]
event=551:G2_TEC:leader:action=2,fingerprint=[51, 8, 83, 31, 94, 11, 15, 22, 57, 19, 84, 77, 73, 1, 81, 14, 99, 16, 3, 79, 2, 98, 5, 91, 62, 43, 68, 76, 97, 40, 88, 30, 53, 20, 58, 93, 24, 72, 49, 59, 38, 28, 92, 67, 9, 18, 17, 87, 12, 26, 71, 74, 95, 63, 21, 47, 27, 37, 96, 6, 78, 10, 66, 46, 48, 56, 29, 64, 60, 23, 7, 36, 34, 61, 52, 55, 85, 54, 89, 41, 32, 39, 33, 42, 82, 80, 75, 50, 70, 69, 4, 45, 90, 35, 65, 44, 25, 13, 86, 0]|[2, 0, 1, 1, 2, 0, 1, 1, 0, 2, 0, 0, 0, 1, 1, 1, 1, 0, 1, 2, 0, 2, 1, 0, 1, 2, 1, 0, 1, 1, 0, 2, 1, 2, 1, 2, 2, 0, 0, 0, 2, 1, 1, 1, 0, 0, 2, 0, 1, 0, 2, 1, 2, 0, 2, 0, 0, 2, 1, 0, 0, 2, 1, 1, 1, 2, 2, 0, 2, 2, 0, 0, 1, 0, 0, 1, 1, 1, 1, 1, 2, 2, 1, 1, 1, 1, 2, 1, 0, 0, 0, 0, 0, 2, 1, 0, 0, 2, 1, 0]|[2, 2, 2, 2, 2, 0, 1, 2, 0, 0, 2, 1, 2, 0, 4, 1, 1, 2, 4, 1, 1, 0, 0, 0, 3, 2, 3, 0, 1, 1, 1, 0, 4, 1, 4, 0, 2, 0, 0, 0, 1, 0, 3, 0, 1, 1, 1, 2, 3, 1, 2, 4, 1, 2, 1, 0, 2, 1, 3, 1, 1, 1, 4, 4, 1, 1, 1, 2, 1, 1, 1, 1, 0, 2, 2, 4, 0, 4, 0, 0, 1, 1, 1, 0, 0, 4, 1, 4, 1, 0, 1, 2, 0, 1, 4, 1, 1, 1, 4, 0]|[0, 0, 1, 1, 0, 0, 2, 2, 0, 0, 0, 0, 1, 0, 0, 1, 0, 1, 3, 0, 0, 0, 0, 0, 3, 1, 1, 0, 0, 0, 1, 0, 3, 0, 0, 0, 0, 0, 0, 0, 1, 3, 1, 1, 0, 0, 0, 1, 0, 0, 0, 2, 0, 0, 0, 1, 1, 0, 3, 0, 0, 0, 1, 0, 2, 0, 0, 0, 0, 0, 0, 0, 1, 0, 1, 3, 1, 3, 0, 1, 0, 0, 2, 1, 2, 0, 0, 3, 0, 0, 0, 0, 0, 0, 0, 1, 0, 0, 0, 0]
event=552:G3_TWC:action:mode=explore,state=1,draw=0.9166738684348457,action=2
event=553:G3_TWC:tournament:reason=action2,left=4,right=14,selected=[51, 8, 83, 31, 94, 11, 15, 22, 57, 19, 84, 77, 73, 1, 81, 14, 99, 16, 3, 79, 2, 78, 5, 91, 62, 43, 68, 76, 97, 40, 88, 30, 53, 20, 58, 93, 24, 72, 49, 59, 38, 28, 92, 18, 9, 67, 17, 87, 12, 26, 55, 74, 95, 63, 21, 47, 27, 37, 96, 6, 98, 10, 32, 46, 48, 56, 29, 64, 60, 23, 7, 36, 34, 85, 52, 71, 61, 54, 89, 41, 66, 86, 33, 42, 39, 80, 75, 50, 45, 35, 4, 0, 90, 69, 65, 44, 25, 13, 82, 70]|[2, 0, 1, 1, 2, 1, 0, 1, 2, 2, 0, 1, 0, 1, 1, 1, 1, 0, 1, 2, 0, 0, 1, 0, 1, 2, 0, 0, 1, 1, 0, 2, 1, 2, 1, 2, 0, 2, 0, 0, 2, 1, 1, 0, 0, 1, 2, 0, 1, 2, 1, 1, 2, 0, 2, 0, 0, 2, 0, 0, 0, 2, 2, 1, 1, 2, 2, 0, 2, 0, 0, 0, 1, 2, 0, 2, 0, 1, 1, 1, 1, 1, 1, 2, 1, 1, 2, 1, 0, 2, 0, 0, 1, 0, 1, 0, 1, 2, 1, 0]|[2, 2, 2, 2, 2, 4, 1, 2, 1, 0, 1, 1, 2, 4, 4, 1, 1, 2, 4, 1, 1, 1, 0, 0, 3, 2, 2, 0, 0, 1, 1, 0, 4, 1, 4, 0, 0, 1, 2, 0, 1, 0, 3, 1, 1, 0, 1, 2, 3, 1, 4, 4, 1, 2, 1, 0, 2, 1, 0, 1, 1, 1, 1, 4, 1, 1, 1, 2, 1, 0, 1, 1, 0, 1, 2, 1, 2, 4, 0, 0, 4, 4, 1, 1, 4, 4, 1, 0, 2, 1, 1, 0, 4, 0, 4, 1, 0, 1, 0, 1]|[0, 0, 1, 1, 0, 2, 0, 2, 0, 0, 0, 0, 1, 0, 0, 1, 0, 1, 3, 0, 0, 0, 0, 0, 3, 1, 0, 0, 1, 0, 1, 0, 3, 0, 0, 0, 0, 0, 1, 0, 1, 3, 1, 0, 0, 1, 0, 1, 0, 1, 3, 2, 0, 0, 0, 1, 1, 0, 0, 0, 0, 0, 0, 0, 2, 0, 0, 0, 0, 1, 0, 0, 1, 0, 1, 0, 0, 3, 0, 1, 2, 0, 2, 0, 3, 0, 0, 1, 0, 0, 1, 0, 3, 0, 0, 1, 1, 0, 2, 0]
event=554:G3_TWC:leader:action=2,fingerprint=[51, 8, 83, 31, 94, 11, 15, 22, 57, 19, 84, 77, 73, 1, 81, 14, 99, 16, 3, 79, 2, 78, 5, 91, 62, 43, 68, 76, 97, 40, 88, 30, 53, 20, 58, 93, 24, 72, 49, 59, 38, 28, 92, 18, 9, 67, 17, 87, 12, 26, 55, 74, 95, 63, 21, 47, 27, 37, 96, 6, 98, 10, 32, 46, 48, 56, 29, 64, 60, 23, 7, 36, 34, 85, 52, 71, 61, 54, 89, 41, 66, 86, 33, 42, 39, 80, 75, 50, 45, 35, 4, 0, 90, 69, 65, 44, 25, 13, 82, 70]|[2, 0, 1, 1, 2, 1, 0, 1, 2, 2, 0, 1, 0, 1, 1, 1, 1, 0, 1, 2, 0, 0, 1, 0, 1, 2, 0, 0, 1, 1, 0, 2, 1, 2, 1, 2, 0, 2, 0, 0, 2, 1, 1, 0, 0, 1, 2, 0, 1, 2, 1, 1, 2, 0, 2, 0, 0, 2, 0, 0, 0, 2, 2, 1, 1, 2, 2, 0, 2, 0, 0, 0, 1, 2, 0, 2, 0, 1, 1, 1, 1, 1, 1, 2, 1, 1, 2, 1, 0, 2, 0, 0, 1, 0, 1, 0, 1, 2, 1, 0]|[2, 2, 2, 2, 2, 4, 1, 2, 1, 0, 1, 1, 2, 4, 4, 1, 1, 2, 4, 1, 1, 1, 0, 0, 3, 2, 2, 0, 0, 1, 1, 0, 4, 1, 4, 0, 0, 1, 2, 0, 1, 0, 3, 1, 1, 0, 1, 2, 3, 1, 4, 4, 1, 2, 1, 0, 2, 1, 0, 1, 1, 1, 1, 4, 1, 1, 1, 2, 1, 0, 1, 1, 0, 1, 2, 1, 2, 4, 0, 0, 4, 4, 1, 1, 4, 4, 1, 0, 2, 1, 1, 0, 4, 0, 4, 1, 0, 1, 0, 1]|[0, 0, 1, 1, 0, 2, 0, 2, 0, 0, 0, 0, 1, 0, 0, 1, 0, 1, 3, 0, 0, 0, 0, 0, 3, 1, 0, 0, 1, 0, 1, 0, 3, 0, 0, 0, 0, 0, 1, 0, 1, 3, 1, 0, 0, 1, 0, 1, 0, 1, 3, 2, 0, 0, 0, 1, 1, 0, 0, 0, 0, 0, 0, 0, 2, 0, 0, 0, 0, 1, 0, 0, 1, 0, 1, 0, 0, 3, 0, 1, 2, 0, 2, 0, 3, 0, 0, 1, 0, 0, 1, 0, 3, 0, 0, 1, 1, 0, 2, 0]
event=555:G1_CMAX:update:state=1,action=0,reward=-35.47867331451414,nextState=1,old=-239.83548870282235,new=-227.34706427677202
event=556:G2_TEC:update:state=1,action=2,reward=-631.1217500410494,nextState=1,old=-1440.4706442734835,new=-1783.4982654598361
event=557:G3_TWC:update:state=1,action=2,reward=-2464.418537520076,nextState=1,old=-21773.148984651383,new=-19882.937725241183
event=558:G4_BALANCED:update:state=1,action=0,reward=-0.07043574796504032,nextState=1,old=-0.28344716118023316,new=-0.2971934769092269
event=559:G1_CMAX:action:mode=exploit,state=1,draw=0.676515797743188,action=0
event=560:G1_CMAX:leader:action=0,fingerprint=[51, 8, 83, 31, 94, 11, 15, 22, 57, 19, 84, 77, 73, 1, 81, 14, 99, 16, 3, 79, 2, 98, 5, 91, 62, 43, 68, 76, 97, 40, 88, 30, 53, 20, 58, 93, 24, 72, 49, 59, 38, 28, 92, 67, 9, 18, 17, 87, 12, 26, 71, 74, 95, 63, 21, 47, 27, 37, 96, 6, 78, 10, 32, 46, 48, 55, 29, 64, 60, 23, 7, 36, 90, 85, 52, 42, 61, 54, 89, 41, 4, 39, 33, 56, 86, 80, 75, 34, 82, 35, 66, 0, 50, 69, 65, 44, 25, 13, 45, 70]|[2, 0, 1, 1, 2, 1, 0, 1, 2, 2, 0, 1, 0, 1, 1, 1, 1, 0, 1, 0, 0, 1, 1, 0, 1, 2, 0, 0, 1, 1, 0, 2, 1, 2, 1, 2, 0, 0, 0, 0, 2, 1, 1, 1, 0, 1, 2, 0, 1, 0, 2, 1, 2, 0, 2, 2, 0, 2, 0, 0, 0, 2, 2, 1, 1, 1, 2, 0, 2, 0, 0, 0, 1, 2, 0, 1, 0, 1, 2, 1, 0, 2, 1, 2, 1, 1, 2, 1, 1, 2, 0, 0, 1, 0, 1, 1, 1, 2, 0, 0]|[2, 2, 0, 2, 2, 4, 1, 2, 1, 0, 1, 1, 2, 4, 4, 1, 1, 2, 4, 2, 1, 4, 0, 0, 3, 2, 2, 0, 0, 1, 1, 0, 4, 1, 4, 0, 1, 0, 2, 0, 1, 0, 3, 0, 1, 0, 1, 2, 3, 1, 1, 4, 1, 2, 1, 1, 2, 1, 0, 1, 1, 1, 1, 4, 1, 4, 1, 2, 1, 0, 1, 1, 4, 1, 2, 0, 2, 4, 1, 0, 1, 1, 1, 1, 4, 4, 1, 0, 0, 1, 0, 0, 0, 0, 4, 1, 0, 1, 2, 1]|[0, 0, 1, 1, 0, 2, 0, 2, 0, 0, 0, 0, 1, 0, 0, 1, 0, 1, 3, 1, 0, 0, 0, 0, 3, 1, 0, 0, 1, 0, 1, 0, 3, 0, 0, 0, 1, 0, 1, 0, 1, 3, 1, 1, 0, 1, 0, 1, 0, 0, 0, 2, 0, 0, 0, 0, 1, 0, 0, 0, 0, 0, 0, 0, 2, 3, 0, 0, 0, 1, 0, 0, 3, 0, 1, 1, 0, 3, 0, 1, 1, 0, 2, 0, 0, 0, 0, 1, 2, 0, 0, 0, 1, 0, 0, 2, 1, 0, 0, 0]
event=561:G4_BALANCED:action:mode=exploit,state=1,draw=0.20149555283049136,action=1
event=562:G4_BALANCED:leader:action=1,fingerprint=[51, 8, 83, 31, 94, 11, 15, 22, 57, 19, 84, 40, 73, 1, 81, 47, 98, 79, 3, 16, 2, 99, 5, 91, 62, 43, 68, 76, 97, 77, 88, 30, 53, 20, 58, 93, 24, 72, 49, 59, 38, 28, 92, 67, 9, 18, 17, 87, 12, 26, 71, 74, 95, 63, 21, 14, 27, 37, 96, 23, 78, 10, 66, 6, 48, 56, 29, 64, 60, 46, 7, 36, 34, 85, 52, 55, 61, 86, 89, 41, 32, 54, 33, 42, 39, 69, 75, 50, 70, 80, 4, 0, 90, 35, 65, 44, 25, 13, 82, 45]|[2, 0, 1, 1, 1, 0, 0, 1, 2, 0, 0, 1, 0, 1, 1, 0, 1, 0, 1, 1, 1, 0, 0, 0, 1, 2, 1, 0, 1, 0, 0, 2, 1, 0, 1, 2, 2, 0, 0, 0, 2, 1, 1, 1, 0, 2, 2, 0, 1, 2, 2, 1, 2, 0, 2, 0, 0, 2, 2, 2, 0, 2, 2, 1, 0, 2, 2, 0, 2, 1, 0, 0, 0, 1, 0, 1, 0, 1, 2, 1, 2, 1, 0, 2, 2, 0, 2, 1, 0, 1, 1, 0, 0, 2, 1, 0, 2, 2, 1, 0]|[2, 2, 2, 2, 4, 0, 1, 2, 1, 1, 0, 1, 2, 1, 4, 0, 1, 2, 4, 4, 4, 1, 1, 0, 3, 2, 3, 0, 0, 1, 1, 0, 4, 2, 4, 0, 2, 0, 2, 0, 1, 0, 3, 0, 1, 1, 1, 2, 3, 1, 2, 4, 1, 2, 1, 0, 2, 1, 2, 1, 1, 1, 1, 4, 1, 1, 1, 2, 1, 4, 1, 1, 0, 0, 2, 4, 0, 4, 1, 0, 1, 4, 1, 1, 1, 2, 1, 4, 1, 4, 4, 1, 0, 1, 4, 1, 1, 1, 0, 2]|[0, 0, 1, 1, 2, 0, 0, 2, 0, 0, 0, 0, 1, 3, 0, 1, 0, 1, 3, 0, 2, 0, 0, 0, 3, 1, 1, 0, 1, 0, 1, 0, 3, 0, 0, 0, 0, 0, 1, 0, 1, 3, 1, 1, 0, 0, 0, 1, 0, 1, 0, 2, 0, 0, 0, 1, 0, 0, 0, 0, 0, 0, 0, 0, 0, 0, 0, 0, 0, 0, 0, 0, 0, 1, 1, 3, 0, 0, 1, 1, 0, 3, 1, 0, 0, 0, 0, 3, 0, 0, 1, 0, 0, 0, 0, 1, 0, 0, 2, 0]
event=563:G2_TEC:action:mode=exploit,state=1,draw=0.10509480609479627,action=1
event=564:G2_TEC:leader:action=1,fingerprint=[51, 8, 83, 31, 94, 11, 15, 22, 57, 19, 84, 40, 73, 1, 81, 47, 98, 79, 3, 16, 2, 99, 5, 91, 62, 43, 68, 76, 97, 77, 88, 30, 53, 20, 58, 93, 24, 72, 49, 59, 38, 28, 92, 67, 9, 18, 17, 87, 12, 26, 71, 74, 95, 63, 21, 14, 27, 37, 96, 23, 78, 10, 66, 6, 48, 56, 29, 64, 60, 46, 7, 36, 34, 86, 52, 55, 61, 54, 89, 41, 32, 39, 33, 42, 85, 80, 75, 25, 70, 13, 4, 0, 90, 69, 65, 44, 50, 35, 82, 45]|[2, 0, 1, 1, 2, 0, 0, 1, 0, 0, 0, 1, 0, 1, 1, 0, 1, 0, 1, 0, 1, 2, 0, 0, 1, 2, 1, 0, 1, 0, 0, 2, 1, 2, 1, 2, 2, 0, 0, 0, 2, 1, 1, 1, 0, 0, 2, 0, 1, 0, 2, 1, 2, 0, 2, 0, 0, 2, 2, 2, 2, 2, 1, 0, 0, 2, 2, 0, 2, 1, 0, 0, 0, 1, 0, 1, 0, 1, 2, 1, 2, 2, 0, 1, 1, 1, 2, 2, 0, 2, 1, 0, 0, 0, 1, 0, 2, 1, 1, 0]|[2, 2, 2, 2, 2, 0, 1, 2, 0, 1, 0, 1, 2, 4, 4, 0, 1, 2, 4, 2, 4, 2, 1, 0, 3, 2, 3, 0, 0, 1, 1, 0, 4, 1, 4, 0, 2, 0, 2, 0, 1, 0, 3, 0, 1, 1, 1, 2, 3, 1, 2, 4, 1, 2, 1, 0, 2, 1, 2, 1, 1, 1, 4, 1, 1, 1, 1, 2, 1, 4, 1, 1, 0, 4, 2, 4, 0, 4, 1, 0, 1, 1, 1, 0, 0, 4, 1, 1, 1, 1, 4, 1, 0, 2, 4, 1, 1, 4, 0, 2]|[0, 0, 1, 1, 0, 0, 0, 2, 0, 0, 0, 0, 1, 0, 0, 1, 0, 1, 3, 1, 2, 0, 0, 0, 3, 1, 1, 0, 1, 0, 1, 0, 3, 0, 0, 0, 0, 0, 1, 0, 1, 3, 1, 1, 0, 0, 0, 1, 0, 0, 0, 2, 0, 0, 0, 1, 0, 0, 0, 0, 1, 0, 1, 0, 0, 0, 0, 0, 0, 0, 0, 0, 0, 2, 1, 3, 0, 0, 1, 1, 0, 0, 1, 1, 1, 0, 0, 0, 0, 0, 1, 0, 0, 0, 0, 1, 0, 3, 2, 0]
event=565:G3_TWC:action:mode=exploit,state=1,draw=0.44135247301801894,action=2
event=566:G3_TWC:tournament:reason=action2,left=1,right=34,selected=[51, 8, 83, 31, 94, 11, 15, 22, 57, 19, 84, 77, 73, 1, 81, 14, 99, 16, 3, 79, 2, 98, 5, 91, 62, 43, 68, 76, 97, 40, 88, 30, 53, 20, 58, 93, 24, 72, 49, 59, 38, 28, 92, 67, 9, 18, 17, 87, 12, 26, 71, 74, 95, 63, 21, 47, 27, 37, 96, 23, 78, 10, 66, 6, 48, 25, 29, 64, 60, 46, 7, 36, 34, 85, 52, 55, 61, 54, 89, 41, 32, 39, 33, 42, 86, 80, 75, 50, 70, 35, 4, 0, 90, 69, 65, 44, 56, 13, 82, 45]|[2, 0, 1, 1, 2, 1, 0, 1, 2, 2, 0, 2, 0, 1, 1, 1, 1, 0, 1, 2, 0, 0, 1, 0, 1, 2, 0, 0, 1, 1, 0, 2, 1, 2, 1, 2, 2, 0, 0, 0, 2, 1, 1, 1, 0, 0, 2, 0, 1, 0, 2, 1, 2, 0, 2, 1, 0, 2, 1, 2, 0, 2, 1, 0, 1, 0, 2, 0, 2, 1, 0, 0, 1, 1, 0, 1, 0, 1, 1, 1, 2, 2, 1, 0, 1, 1, 2, 1, 0, 2, 0, 0, 0, 0, 1, 0, 1, 2, 1, 0]|[2, 2, 2, 2, 2, 4, 1, 2, 1, 0, 1, 0, 2, 4, 4, 1, 1, 2, 4, 1, 1, 0, 0, 0, 3, 2, 2, 0, 0, 1, 1, 0, 4, 1, 4, 0, 2, 0, 2, 1, 1, 0, 3, 0, 1, 1, 1, 2, 3, 1, 2, 4, 1, 2, 1, 1, 2, 1, 3, 1, 1, 1, 4, 1, 1, 1, 1, 2, 1, 4, 1, 1, 0, 4, 2, 4, 2, 4, 0, 0, 1, 1, 1, 2, 4, 4, 1, 0, 1, 1, 1, 0, 0, 0, 4, 1, 0, 1, 0, 2]|[0, 0, 1, 1, 0, 2, 0, 2, 0, 0, 0, 0, 1, 0, 0, 1, 0, 1, 3, 0, 0, 0, 0, 0, 3, 1, 0, 0, 1, 0, 1, 0, 3, 0, 0, 0, 0, 0, 1, 1, 1, 3, 1, 1, 0, 0, 0, 1, 0, 0, 0, 2, 0, 0, 0, 1, 1, 0, 3, 0, 0, 0, 1, 0, 2, 0, 0, 0, 0, 0, 0, 0, 1, 0, 1, 3, 0, 3, 0, 1, 0, 0, 2, 0, 0, 0, 0, 1, 0, 0, 1, 0, 0, 0, 0, 1, 1, 0, 2, 0]
event=567:G3_TWC:leader:action=2,fingerprint=[51, 8, 83, 31, 94, 11, 15, 22, 57, 19, 84, 77, 73, 1, 81, 14, 99, 16, 3, 79, 2, 98, 5, 91, 62, 43, 68, 76, 97, 40, 88, 30, 53, 20, 58, 93, 24, 72, 49, 59, 38, 28, 92, 67, 9, 18, 17, 87, 12, 26, 71, 74, 95, 63, 21, 47, 27, 37, 96, 23, 78, 10, 66, 6, 48, 25, 29, 64, 60, 46, 7, 36, 34, 85, 52, 55, 61, 54, 89, 41, 32, 39, 33, 42, 86, 80, 75, 50, 70, 35, 4, 0, 90, 69, 65, 44, 56, 13, 82, 45]|[2, 0, 1, 1, 2, 1, 0, 1, 2, 2, 0, 2, 0, 1, 1, 1, 1, 0, 1, 2, 0, 0, 1, 0, 1, 2, 0, 0, 1, 1, 0, 2, 1, 2, 1, 2, 2, 0, 0, 0, 2, 1, 1, 1, 0, 0, 2, 0, 1, 0, 2, 1, 2, 0, 2, 1, 0, 2, 1, 2, 0, 2, 1, 0, 1, 0, 2, 0, 2, 1, 0, 0, 1, 1, 0, 1, 0, 1, 1, 1, 2, 2, 1, 0, 1, 1, 2, 1, 0, 2, 0, 0, 0, 0, 1, 0, 1, 2, 1, 0]|[2, 2, 2, 2, 2, 4, 1, 2, 1, 0, 1, 0, 2, 4, 4, 1, 1, 2, 4, 1, 1, 0, 0, 0, 3, 2, 2, 0, 0, 1, 1, 0, 4, 1, 4, 0, 2, 0, 2, 1, 1, 0, 3, 0, 1, 1, 1, 2, 3, 1, 2, 4, 1, 2, 1, 1, 2, 1, 3, 1, 1, 1, 4, 1, 1, 1, 1, 2, 1, 4, 1, 1, 0, 4, 2, 4, 2, 4, 0, 0, 1, 1, 1, 2, 4, 4, 1, 0, 1, 1, 1, 0, 0, 0, 4, 1, 0, 1, 0, 2]|[0, 0, 1, 1, 0, 2, 0, 2, 0, 0, 0, 0, 1, 0, 0, 1, 0, 1, 3, 0, 0, 0, 0, 0, 3, 1, 0, 0, 1, 0, 1, 0, 3, 0, 0, 0, 0, 0, 1, 1, 1, 3, 1, 1, 0, 0, 0, 1, 0, 0, 0, 2, 0, 0, 0, 1, 1, 0, 3, 0, 0, 0, 1, 0, 2, 0, 0, 0, 0, 0, 0, 0, 1, 0, 1, 3, 0, 3, 0, 1, 0, 0, 2, 0, 0, 0, 0, 1, 0, 0, 1, 0, 0, 0, 0, 1, 1, 0, 2, 0]
event=568:G1_CMAX:update:state=1,action=0,reward=-46.66864919695604,nextState=1,old=-227.34706427677202,new=-228.54630061837366
event=569:G2_TEC:update:state=1,action=1,reward=-356.4329064375488,nextState=1,old=-1781.7664134772228,new=-1781.8460372193272
event=570:G3_TWC:update:state=1,action=2,reward=-1679.6080671668024,nextState=1,old=-19882.937725241183,new=-17585.958247359747
event=571:G4_BALANCED:update:state=1,action=1,reward=-0.10803474136420652,nextState=1,old=-0.29337244823194003,new=-0.3427326999497585
event=572:G1_CMAX:action:mode=explore,state=1,draw=0.9367809260450121,action=1
event=573:G1_CMAX:leader:action=1,fingerprint=[51, 8, 83, 31, 94, 11, 15, 22, 57, 19, 84, 77, 73, 1, 81, 14, 99, 16, 3, 79, 2, 98, 5, 91, 62, 43, 68, 76, 97, 40, 88, 30, 53, 20, 58, 93, 24, 72, 49, 59, 38, 28, 92, 67, 9, 18, 17, 87, 12, 26, 71, 74, 95, 63, 21, 47, 27, 37, 96, 6, 78, 10, 32, 46, 48, 55, 29, 64, 60, 23, 7, 36, 90, 85, 52, 42, 61, 54, 89, 41, 4, 39, 33, 56, 86, 80, 75, 34, 82, 35, 66, 0, 50, 69, 65, 44, 25, 13, 45, 70]|[2, 0, 1, 1, 2, 1, 0, 1, 2, 2, 0, 1, 0, 1, 1, 1, 1, 0, 1, 0, 0, 1, 1, 0, 1, 2, 0, 0, 1, 1, 0, 2, 1, 2, 1, 2, 0, 0, 0, 0, 2, 1, 1, 1, 0, 1, 2, 0, 1, 0, 2, 1, 2, 0, 2, 2, 0, 2, 0, 0, 0, 2, 2, 1, 1, 1, 2, 0, 2, 0, 0, 0, 1, 2, 0, 1, 0, 1, 2, 1, 0, 2, 1, 2, 1, 1, 2, 1, 1, 2, 0, 0, 1, 0, 1, 1, 1, 2, 0, 0]|[2, 2, 0, 2, 2, 4, 1, 2, 1, 0, 1, 1, 2, 4, 4, 1, 1, 2, 4, 2, 1, 4, 0, 0, 3, 2, 2, 0, 0, 1, 1, 0, 4, 1, 4, 0, 1, 0, 2, 0, 1, 0, 3, 0, 1, 0, 1, 2, 3, 1, 1, 4, 1, 2, 1, 1, 2, 1, 0, 1, 1, 1, 1, 4, 1, 4, 1, 2, 1, 0, 1, 1, 4, 1, 2, 0, 2, 4, 1, 0, 1, 1, 1, 1, 4, 4, 1, 0, 0, 1, 0, 0, 0, 0, 4, 1, 0, 1, 2, 1]|[0, 0, 1, 1, 0, 2, 0, 2, 0, 0, 0, 0, 1, 0, 0, 1, 0, 1, 3, 1, 0, 0, 0, 0, 3, 1, 0, 0, 1, 0, 1, 0, 3, 0, 0, 0, 1, 0, 1, 0, 1, 3, 1, 1, 0, 1, 0, 1, 0, 0, 0, 2, 0, 0, 0, 0, 1, 0, 0, 0, 0, 0, 0, 0, 2, 3, 0, 0, 0, 1, 0, 0, 3, 0, 1, 1, 0, 3, 0, 1, 1, 0, 2, 0, 0, 0, 0, 1, 2, 0, 0, 0, 1, 0, 0, 2, 1, 0, 0, 0]
event=574:G4_BALANCED:action:mode=exploit,state=1,draw=0.4318236569226698,action=0
event=575:G4_BALANCED:leader:action=0,fingerprint=[51, 8, 83, 31, 94, 11, 15, 22, 57, 19, 84, 40, 73, 1, 81, 47, 98, 79, 3, 16, 2, 99, 5, 91, 62, 43, 68, 76, 97, 77, 88, 30, 53, 20, 58, 93, 24, 72, 49, 59, 38, 28, 92, 67, 9, 18, 17, 87, 12, 26, 71, 74, 95, 63, 21, 14, 27, 37, 96, 23, 78, 10, 66, 6, 48, 56, 29, 64, 60, 46, 7, 36, 34, 85, 52, 55, 61, 86, 89, 41, 32, 54, 33, 42, 39, 69, 75, 50, 70, 80, 4, 0, 90, 35, 65, 44, 25, 13, 82, 45]|[2, 0, 1, 1, 1, 0, 0, 1, 2, 0, 0, 1, 0, 1, 1, 0, 1, 0, 1, 1, 1, 0, 0, 0, 1, 2, 1, 0, 1, 0, 0, 2, 1, 0, 1, 2, 2, 0, 0, 0, 2, 1, 1, 1, 0, 2, 2, 0, 1, 2, 2, 1, 2, 0, 2, 0, 0, 2, 2, 2, 0, 2, 2, 1, 0, 2, 2, 0, 2, 1, 0, 0, 0, 1, 0, 1, 0, 1, 2, 1, 2, 1, 0, 2, 2, 0, 2, 1, 0, 1, 1, 0, 0, 2, 1, 0, 2, 2, 1, 0]|[2, 2, 2, 2, 4, 0, 1, 2, 1, 1, 0, 1, 2, 1, 4, 0, 1, 2, 4, 4, 4, 1, 1, 0, 3, 2, 3, 0, 0, 1, 1, 0, 4, 2, 4, 0, 2, 0, 2, 0, 1, 0, 3, 0, 1, 1, 1, 2, 3, 1, 2, 4, 1, 2, 1, 0, 2, 1, 2, 1, 1, 1, 1, 4, 1, 1, 1, 2, 1, 4, 1, 1, 0, 0, 2, 4, 0, 4, 1, 0, 1, 4, 1, 1, 1, 2, 1, 4, 1, 4, 4, 1, 0, 1, 4, 1, 1, 1, 0, 2]|[0, 0, 1, 1, 2, 0, 0, 2, 0, 0, 0, 0, 1, 3, 0, 1, 0, 1, 3, 0, 2, 0, 0, 0, 3, 1, 1, 0, 1, 0, 1, 0, 3, 0, 0, 0, 0, 0, 1, 0, 1, 3, 1, 1, 0, 0, 0, 1, 0, 1, 0, 2, 0, 0, 0, 1, 0, 0, 0, 0, 0, 0, 0, 0, 0, 0, 0, 0, 0, 0, 0, 0, 0, 1, 1, 3, 0, 0, 1, 1, 0, 3, 1, 0, 0, 0, 0, 3, 0, 0, 1, 0, 0, 0, 0, 1, 0, 0, 2, 0]
event=576:G2_TEC:action:mode=exploit,state=1,draw=0.5656347791801832,action=1
event=577:G2_TEC:leader:action=1,fingerprint=[51, 8, 83, 31, 94, 11, 15, 22, 57, 19, 84, 40, 73, 1, 81, 47, 98, 79, 3, 16, 2, 99, 5, 91, 62, 43, 68, 76, 97, 77, 88, 30, 53, 20, 58, 93, 24, 72, 49, 59, 38, 28, 92, 67, 9, 18, 17, 87, 12, 26, 71, 74, 95, 63, 21, 14, 27, 37, 96, 23, 78, 10, 66, 6, 48, 56, 29, 64, 60, 46, 7, 36, 34, 86, 52, 55, 61, 54, 89, 41, 32, 39, 33, 42, 85, 80, 75, 25, 70, 13, 4, 0, 90, 69, 65, 44, 50, 35, 82, 45]|[2, 0, 1, 1, 2, 0, 0, 1, 0, 0, 0, 1, 0, 1, 1, 0, 1, 0, 1, 0, 1, 2, 0, 0, 1, 2, 1, 0, 1, 0, 0, 2, 1, 2, 1, 2, 2, 0, 0, 0, 2, 1, 1, 1, 0, 0, 2, 0, 1, 0, 2, 1, 2, 0, 2, 0, 0, 2, 2, 2, 2, 2, 1, 0, 0, 2, 2, 0, 2, 1, 0, 0, 0, 1, 0, 1, 0, 1, 2, 1, 2, 2, 0, 1, 1, 1, 2, 2, 0, 2, 1, 0, 0, 0, 1, 0, 2, 1, 1, 0]|[2, 2, 2, 2, 2, 0, 1, 2, 0, 1, 0, 1, 2, 4, 4, 0, 1, 2, 4, 2, 4, 2, 1, 0, 3, 2, 3, 0, 0, 1, 1, 0, 4, 1, 4, 0, 2, 0, 2, 0, 1, 0, 3, 0, 1, 1, 1, 2, 3, 1, 2, 4, 1, 2, 1, 0, 2, 1, 2, 1, 1, 1, 4, 1, 1, 1, 1, 2, 1, 4, 1, 1, 0, 4, 2, 4, 0, 4, 1, 0, 1, 1, 1, 0, 0, 4, 1, 1, 1, 1, 4, 1, 0, 2, 4, 1, 1, 4, 0, 2]|[0, 0, 1, 1, 0, 0, 0, 2, 0, 0, 0, 0, 1, 0, 0, 1, 0, 1, 3, 1, 2, 0, 0, 0, 3, 1, 1, 0, 1, 0, 1, 0, 3, 0, 0, 0, 0, 0, 1, 0, 1, 3, 1, 1, 0, 0, 0, 1, 0, 0, 0, 2, 0, 0, 0, 1, 0, 0, 0, 0, 1, 0, 1, 0, 0, 0, 0, 0, 0, 0, 0, 0, 0, 2, 1, 3, 0, 0, 1, 1, 0, 0, 1, 1, 1, 0, 0, 0, 0, 0, 1, 0, 0, 0, 0, 1, 0, 3, 2, 0]
event=578:G3_TWC:action:mode=exploit,state=1,draw=0.6689916219119523,action=2
event=579:G3_TWC:tournament:reason=action2,left=18,right=0,selected=[51, 8, 83, 31, 94, 11, 15, 22, 57, 19, 84, 77, 73, 1, 81, 14, 99, 16, 3, 79, 2, 98, 5, 91, 62, 43, 68, 76, 97, 40, 88, 30, 53, 20, 58, 93, 24, 72, 49, 59, 38, 28, 92, 67, 9, 18, 17, 87, 12, 26, 71, 74, 95, 63, 21, 47, 27, 37, 96, 23, 78, 10, 66, 6, 48, 25, 29, 64, 60, 46, 7, 36, 34, 85, 52, 55, 61, 54, 89, 41, 32, 39, 33, 42, 86, 80, 75, 50, 70, 35, 4, 0, 90, 69, 65, 44, 56, 13, 82, 45]|[2, 0, 1, 1, 2, 1, 0, 1, 2, 2, 0, 2, 0, 1, 1, 1, 1, 0, 1, 2, 0, 0, 1, 0, 1, 2, 0, 0, 1, 1, 0, 2, 1, 2, 1, 2, 2, 0, 0, 0, 2, 1, 1, 1, 0, 0, 2, 0, 1, 0, 2, 1, 2, 0, 2, 1, 0, 2, 1, 2, 0, 2, 1, 0, 1, 0, 2, 0, 2, 1, 0, 0, 1, 1, 0, 1, 0, 1, 1, 1, 2, 2, 1, 0, 1, 1, 2, 1, 0, 2, 0, 0, 0, 0, 1, 0, 1, 2, 1, 0]|[2, 2, 2, 2, 2, 4, 1, 2, 1, 0, 1, 0, 2, 4, 4, 1, 1, 2, 4, 1, 1, 0, 0, 0, 3, 2, 2, 0, 0, 1, 1, 0, 4, 1, 4, 0, 2, 0, 2, 1, 1, 0, 3, 0, 1, 1, 1, 2, 3, 1, 2, 4, 1, 2, 1, 1, 2, 1, 3, 1, 1, 1, 4, 1, 1, 1, 1, 2, 1, 4, 1, 1, 0, 4, 2, 4, 2, 4, 0, 0, 1, 1, 1, 2, 4, 4, 1, 0, 1, 1, 1, 0, 0, 0, 4, 1, 0, 1, 0, 2]|[0, 0, 1, 1, 0, 2, 0, 2, 0, 0, 0, 0, 1, 0, 0, 1, 0, 1, 3, 0, 0, 0, 0, 0, 3, 1, 0, 0, 1, 0, 1, 0, 3, 0, 0, 0, 0, 0, 1, 1, 1, 3, 1, 1, 0, 0, 0, 1, 0, 0, 0, 2, 0, 0, 0, 1, 1, 0, 3, 0, 0, 0, 1, 0, 2, 0, 0, 0, 0, 0, 0, 0, 1, 0, 1, 3, 0, 3, 0, 1, 0, 0, 2, 0, 0, 0, 0, 1, 0, 0, 1, 0, 0, 0, 0, 1, 1, 0, 2, 0]
event=580:G3_TWC:leader:action=2,fingerprint=[51, 8, 83, 31, 94, 11, 15, 22, 57, 19, 84, 77, 73, 1, 81, 14, 99, 16, 3, 79, 2, 98, 5, 91, 62, 43, 68, 76, 97, 40, 88, 30, 53, 20, 58, 93, 24, 72, 49, 59, 38, 28, 92, 67, 9, 18, 17, 87, 12, 26, 71, 74, 95, 63, 21, 47, 27, 37, 96, 23, 78, 10, 66, 6, 48, 25, 29, 64, 60, 46, 7, 36, 34, 85, 52, 55, 61, 54, 89, 41, 32, 39, 33, 42, 86, 80, 75, 50, 70, 35, 4, 0, 90, 69, 65, 44, 56, 13, 82, 45]|[2, 0, 1, 1, 2, 1, 0, 1, 2, 2, 0, 2, 0, 1, 1, 1, 1, 0, 1, 2, 0, 0, 1, 0, 1, 2, 0, 0, 1, 1, 0, 2, 1, 2, 1, 2, 2, 0, 0, 0, 2, 1, 1, 1, 0, 0, 2, 0, 1, 0, 2, 1, 2, 0, 2, 1, 0, 2, 1, 2, 0, 2, 1, 0, 1, 0, 2, 0, 2, 1, 0, 0, 1, 1, 0, 1, 0, 1, 1, 1, 2, 2, 1, 0, 1, 1, 2, 1, 0, 2, 0, 0, 0, 0, 1, 0, 1, 2, 1, 0]|[2, 2, 2, 2, 2, 4, 1, 2, 1, 0, 1, 0, 2, 4, 4, 1, 1, 2, 4, 1, 1, 0, 0, 0, 3, 2, 2, 0, 0, 1, 1, 0, 4, 1, 4, 0, 2, 0, 2, 1, 1, 0, 3, 0, 1, 1, 1, 2, 3, 1, 2, 4, 1, 2, 1, 1, 2, 1, 3, 1, 1, 1, 4, 1, 1, 1, 1, 2, 1, 4, 1, 1, 0, 4, 2, 4, 2, 4, 0, 0, 1, 1, 1, 2, 4, 4, 1, 0, 1, 1, 1, 0, 0, 0, 4, 1, 0, 1, 0, 2]|[0, 0, 1, 1, 0, 2, 0, 2, 0, 0, 0, 0, 1, 0, 0, 1, 0, 1, 3, 0, 0, 0, 0, 0, 3, 1, 0, 0, 1, 0, 1, 0, 3, 0, 0, 0, 0, 0, 1, 1, 1, 3, 1, 1, 0, 0, 0, 1, 0, 0, 0, 2, 0, 0, 0, 1, 1, 0, 3, 0, 0, 0, 1, 0, 2, 0, 0, 0, 0, 0, 0, 0, 1, 0, 1, 3, 0, 3, 0, 1, 0, 0, 2, 0, 0, 0, 0, 1, 0, 0, 1, 0, 0, 0, 0, 1, 1, 0, 2, 0]
event=581:G1_CMAX:update:state=1,action=1,reward=-34.761135351510006,nextState=1,old=-244.6462624282063,new=-217.59817584620896
event=582:G2_TEC:update:state=1,action=1,reward=-220.544472389367,nextState=1,old=-1781.8460372193272,new=-1646.0213021648287
event=583:G3_TWC:update:state=1,action=2,reward=-2025.2539233189018,nextState=1,old=-17585.958247359747,new=-16094.020521206701
event=584:G4_BALANCED:update:state=1,action=0,reward=-0.07455947270086564,nextState=1,old=-0.2971934769092269,new=-0.31231425422824716
event=585:G1_CMAX:action:mode=explore,state=1,draw=0.9165352177650739,action=1
event=586:G1_CMAX:leader:action=1,fingerprint=[51, 8, 83, 31, 94, 11, 15, 22, 57, 19, 84, 77, 73, 1, 81, 14, 99, 16, 3, 79, 2, 98, 5, 91, 62, 43, 68, 76, 97, 40, 88, 30, 53, 20, 58, 93, 24, 72, 49, 59, 38, 28, 92, 67, 9, 18, 17, 87, 12, 26, 71, 74, 95, 63, 21, 47, 27, 37, 96, 6, 78, 10, 32, 46, 48, 55, 29, 64, 60, 23, 7, 36, 90, 85, 52, 42, 61, 54, 89, 41, 4, 39, 33, 56, 86, 80, 75, 34, 82, 35, 66, 0, 50, 69, 65, 44, 25, 13, 45, 70]|[2, 0, 1, 1, 2, 1, 0, 1, 2, 2, 0, 1, 0, 1, 1, 1, 1, 0, 1, 0, 0, 1, 1, 0, 1, 2, 0, 0, 1, 1, 0, 2, 1, 2, 1, 2, 0, 0, 0, 0, 2, 1, 1, 1, 0, 1, 2, 0, 1, 0, 2, 1, 2, 0, 2, 2, 0, 2, 0, 0, 0, 2, 2, 1, 1, 1, 2, 0, 2, 0, 0, 0, 1, 2, 0, 1, 0, 1, 2, 1, 0, 2, 1, 2, 1, 1, 2, 1, 1, 2, 0, 0, 1, 0, 1, 1, 1, 2, 0, 0]|[2, 2, 0, 2, 2, 4, 1, 2, 1, 0, 1, 1, 2, 4, 4, 1, 1, 2, 4, 2, 1, 4, 0, 0, 3, 2, 2, 0, 0, 1, 1, 0, 4, 1, 4, 0, 1, 0, 2, 0, 1, 0, 3, 0, 1, 0, 1, 2, 3, 1, 1, 4, 1, 2, 1, 1, 2, 1, 0, 1, 1, 1, 1, 4, 1, 4, 1, 2, 1, 0, 1, 1, 4, 1, 2, 0, 2, 4, 1, 0, 1, 1, 1, 1, 4, 4, 1, 0, 0, 1, 0, 0, 0, 0, 4, 1, 0, 1, 2, 1]|[0, 0, 1, 1, 0, 2, 0, 2, 0, 0, 0, 0, 1, 0, 0, 1, 0, 1, 3, 1, 0, 0, 0, 0, 3, 1, 0, 0, 1, 0, 1, 0, 3, 0, 0, 0, 1, 0, 1, 0, 1, 3, 1, 1, 0, 1, 0, 1, 0, 0, 0, 2, 0, 0, 0, 0, 1, 0, 0, 0, 0, 0, 0, 0, 2, 3, 0, 0, 0, 1, 0, 0, 3, 0, 1, 1, 0, 3, 0, 1, 1, 0, 2, 0, 0, 0, 0, 1, 2, 0, 0, 0, 1, 0, 0, 2, 1, 0, 0, 0]
event=587:G4_BALANCED:action:mode=exploit,state=1,draw=0.6387898031101257,action=0
event=588:G4_BALANCED:leader:action=0,fingerprint=[51, 8, 83, 31, 94, 11, 15, 22, 57, 19, 84, 77, 73, 1, 81, 14, 98, 79, 3, 16, 2, 99, 5, 91, 62, 43, 68, 76, 97, 40, 88, 30, 53, 20, 58, 93, 24, 72, 49, 59, 38, 28, 92, 67, 9, 18, 17, 87, 12, 26, 71, 74, 95, 63, 4, 47, 27, 37, 96, 23, 78, 10, 66, 6, 48, 56, 29, 64, 60, 46, 7, 36, 34, 85, 52, 55, 61, 86, 89, 41, 32, 39, 33, 42, 54, 80, 75, 25, 70, 35, 21, 0, 90, 69, 65, 44, 50, 13, 82, 45]|[2, 0, 1, 1, 2, 1, 0, 1, 2, 0, 0, 1, 0, 1, 1, 1, 0, 2, 1, 0, 1, 1, 0, 0, 1, 2, 1, 0, 1, 0, 0, 2, 1, 0, 1, 2, 2, 0, 0, 0, 2, 1, 1, 1, 0, 0, 2, 0, 1, 2, 2, 1, 2, 0, 2, 0, 0, 2, 1, 2, 0, 2, 1, 1, 0, 2, 2, 2, 2, 1, 0, 0, 0, 1, 0, 1, 0, 1, 2, 1, 2, 2, 0, 0, 1, 1, 2, 2, 0, 2, 2, 0, 1, 0, 1, 0, 2, 2, 1, 0]|[2, 2, 2, 2, 2, 4, 1, 2, 1, 1, 0, 1, 2, 4, 4, 1, 0, 1, 4, 2, 4, 1, 1, 0, 3, 2, 3, 0, 0, 1, 1, 0, 4, 2, 4, 0, 2, 0, 2, 0, 1, 0, 3, 0, 1, 1, 1, 2, 3, 1, 2, 4, 1, 2, 1, 0, 2, 1, 3, 1, 1, 1, 4, 4, 1, 1, 1, 1, 1, 4, 1, 1, 0, 0, 2, 4, 0, 4, 1, 0, 1, 1, 1, 2, 4, 4, 1, 1, 1, 1, 1, 0, 0, 2, 4, 1, 1, 1, 0, 2]|[0, 0, 1, 1, 0, 2, 0, 2, 0, 0, 0, 0, 1, 0, 0, 1, 0, 0, 3, 1, 2, 0, 0, 0, 3, 1, 1, 0, 1, 0, 1, 0, 3, 0, 0, 0, 0, 0, 1, 0, 1, 3, 1, 1, 0, 0, 0, 1, 0, 1, 0, 2, 0, 0, 0, 1, 0, 0, 3, 0, 0, 0, 1, 0, 0, 0, 0, 0, 0, 0, 0, 0, 0, 1, 1, 3, 0, 0, 1, 1, 0, 0, 1, 0, 3, 0, 0, 0, 0, 0, 0, 0, 1, 0, 0, 1, 0, 0, 2, 0]
event=589:G2_TEC:action:mode=exploit,state=1,draw=0.2315803286397199,action=1
event=590:G2_TEC:leader:action=1,fingerprint=[51, 8, 83, 31, 94, 11, 15, 22, 57, 19, 84, 77, 73, 1, 81, 14, 98, 79, 3, 16, 2, 99, 5, 91, 62, 43, 68, 76, 97, 40, 88, 30, 53, 20, 58, 93, 24, 72, 49, 59, 38, 28, 92, 67, 9, 18, 17, 87, 12, 26, 71, 74, 95, 63, 4, 47, 27, 37, 96, 23, 78, 10, 66, 6, 48, 56, 29, 64, 60, 46, 7, 36, 34, 85, 52, 55, 61, 86, 89, 41, 32, 39, 33, 42, 54, 80, 75, 25, 70, 35, 21, 0, 90, 69, 65, 44, 50, 13, 82, 45]|[2, 0, 1, 1, 2, 1, 0, 1, 2, 0, 0, 1, 0, 1, 1, 1, 0, 2, 1, 0, 1, 1, 0, 0, 1, 2, 1, 0, 1, 0, 0, 2, 1, 0, 1, 2, 2, 0, 0, 0, 2, 1, 1, 1, 0, 0, 2, 0, 1, 2, 2, 1, 2, 0, 2, 0, 0, 2, 1, 2, 0, 2, 1, 1, 0, 2, 2, 2, 2, 1, 0, 0, 0, 1, 0, 1, 0, 1, 2, 1, 2, 2, 0, 0, 1, 1, 2, 2, 0, 2, 2, 0, 1, 0, 1, 0, 2, 2, 1, 0]|[2, 2, 2, 2, 2, 4, 1, 2, 1, 1, 0, 1, 2, 4, 4, 1, 0, 1, 4, 2, 4, 1, 1, 0, 3, 2, 3, 0, 0, 1, 1, 0, 4, 2, 4, 0, 2, 0, 2, 0, 1, 0, 3, 0, 1, 1, 1, 2, 3, 1, 2, 4, 1, 2, 1, 0, 2, 1, 3, 1, 1, 1, 4, 4, 1, 1, 1, 1, 1, 4, 1, 1, 0, 0, 2, 4, 0, 4, 1, 0, 1, 1, 1, 2, 4, 4, 1, 1, 1, 1, 1, 0, 0, 2, 4, 1, 1, 1, 0, 2]|[0, 0, 1, 1, 0, 2, 0, 2, 0, 0, 0, 0, 1, 0, 0, 1, 0, 0, 3, 1, 2, 0, 0, 0, 3, 1, 1, 0, 1, 0, 1, 0, 3, 0, 0, 0, 0, 0, 1, 0, 1, 3, 1, 1, 0, 0, 0, 1, 0, 1, 0, 2, 0, 0, 0, 1, 0, 0, 3, 0, 0, 0, 1, 0, 0, 0, 0, 0, 0, 0, 0, 0, 0, 1, 1, 3, 0, 0, 1, 1, 0, 0, 1, 0, 3, 0, 0, 0, 0, 0, 0, 0, 1, 0, 0, 1, 0, 0, 2, 0]
event=591:G3_TWC:action:mode=exploit,state=1,draw=0.06479101096967843,action=2
event=592:G3_TWC:tournament:reason=action2,left=17,right=5,selected=[51, 8, 83, 31, 94, 11, 15, 22, 57, 19, 84, 77, 73, 1, 81, 14, 99, 16, 3, 79, 2, 98, 5, 91, 62, 43, 68, 76, 97, 40, 88, 30, 53, 20, 58, 93, 24, 72, 49, 59, 38, 28, 92, 67, 9, 18, 17, 87, 12, 26, 71, 74, 95, 63, 21, 47, 27, 37, 96, 23, 78, 10, 66, 6, 48, 56, 60, 64, 29, 46, 7, 36, 34, 85, 52, 25, 61, 54, 89, 41, 32, 39, 33, 42, 86, 80, 75, 50, 45, 35, 4, 0, 90, 69, 65, 44, 55, 13, 82, 70]|[2, 0, 1, 1, 2, 1, 0, 1, 2, 2, 0, 2, 0, 1, 1, 1, 1, 0, 1, 0, 0, 0, 1, 0, 1, 2, 1, 0, 1, 1, 0, 2, 1, 2, 1, 2, 0, 0, 0, 0, 2, 1, 1, 1, 0, 2, 2, 0, 1, 0, 2, 1, 2, 0, 2, 0, 0, 2, 0, 2, 0, 2, 1, 0, 1, 1, 2, 0, 2, 0, 0, 0, 1, 1, 0, 1, 0, 1, 1, 1, 2, 2, 1, 1, 1, 1, 2, 1, 0, 2, 0, 0, 0, 0, 1, 0, 1, 2, 1, 0]|[2, 2, 2, 2, 2, 4, 1, 2, 1, 0, 1, 0, 2, 4, 4, 1, 1, 2, 4, 2, 1, 1, 0, 0, 3, 2, 3, 0, 0, 1, 1, 0, 4, 1, 4, 0, 1, 0, 2, 0, 1, 0, 3, 0, 1, 0, 1, 2, 3, 1, 1, 4, 1, 2, 1, 0, 2, 1, 0, 1, 1, 1, 4, 1, 1, 0, 1, 2, 1, 1, 1, 1, 0, 4, 2, 0, 2, 4, 0, 0, 1, 1, 1, 0, 4, 4, 1, 0, 2, 1, 1, 0, 0, 0, 4, 1, 4, 1, 0, 1]|[0, 0, 1, 1, 0, 2, 0, 2, 0, 0, 0, 0, 1, 0, 0, 1, 0, 1, 3, 1, 0, 0, 0, 0, 3, 1, 1, 0, 1, 0, 1, 0, 3, 0, 0, 0, 1, 0, 1, 0, 1, 3, 1, 1, 0, 0, 0, 1, 0, 0, 0, 2, 0, 0, 0, 1, 1, 0, 0, 0, 0, 0, 1, 0, 2, 1, 0, 0, 0, 0, 0, 0, 1, 0, 1, 1, 0, 3, 0, 1, 0, 0, 2, 1, 0, 0, 0, 1, 0, 0, 1, 0, 0, 0, 0, 1, 3, 0, 2, 0]
event=593:G3_TWC:leader:action=2,fingerprint=[51, 8, 83, 31, 94, 11, 15, 22, 57, 19, 84, 77, 73, 1, 81, 14, 99, 16, 3, 79, 2, 98, 5, 91, 62, 43, 68, 76, 97, 40, 88, 30, 53, 20, 58, 93, 24, 72, 49, 59, 38, 28, 92, 67, 9, 18, 17, 87, 12, 26, 71, 74, 95, 63, 21, 47, 27, 37, 96, 23, 78, 10, 66, 6, 48, 56, 60, 64, 29, 46, 7, 36, 34, 85, 52, 25, 61, 54, 89, 41, 32, 39, 33, 42, 86, 80, 75, 50, 45, 35, 4, 0, 90, 69, 65, 44, 55, 13, 82, 70]|[2, 0, 1, 1, 2, 1, 0, 1, 2, 2, 0, 2, 0, 1, 1, 1, 1, 0, 1, 0, 0, 0, 1, 0, 1, 2, 1, 0, 1, 1, 0, 2, 1, 2, 1, 2, 0, 0, 0, 0, 2, 1, 1, 1, 0, 2, 2, 0, 1, 0, 2, 1, 2, 0, 2, 0, 0, 2, 0, 2, 0, 2, 1, 0, 1, 1, 2, 0, 2, 0, 0, 0, 1, 1, 0, 1, 0, 1, 1, 1, 2, 2, 1, 1, 1, 1, 2, 1, 0, 2, 0, 0, 0, 0, 1, 0, 1, 2, 1, 0]|[2, 2, 2, 2, 2, 4, 1, 2, 1, 0, 1, 0, 2, 4, 4, 1, 1, 2, 4, 2, 1, 1, 0, 0, 3, 2, 3, 0, 0, 1, 1, 0, 4, 1, 4, 0, 1, 0, 2, 0, 1, 0, 3, 0, 1, 0, 1, 2, 3, 1, 1, 4, 1, 2, 1, 0, 2, 1, 0, 1, 1, 1, 4, 1, 1, 0, 1, 2, 1, 1, 1, 1, 0, 4, 2, 0, 2, 4, 0, 0, 1, 1, 1, 0, 4, 4, 1, 0, 2, 1, 1, 0, 0, 0, 4, 1, 4, 1, 0, 1]|[0, 0, 1, 1, 0, 2, 0, 2, 0, 0, 0, 0, 1, 0, 0, 1, 0, 1, 3, 1, 0, 0, 0, 0, 3, 1, 1, 0, 1, 0, 1, 0, 3, 0, 0, 0, 1, 0, 1, 0, 1, 3, 1, 1, 0, 0, 0, 1, 0, 0, 0, 2, 0, 0, 0, 1, 1, 0, 0, 0, 0, 0, 1, 0, 2, 1, 0, 0, 0, 0, 0, 0, 1, 0, 1, 1, 0, 3, 0, 1, 0, 0, 2, 1, 0, 0, 0, 1, 0, 0, 1, 0, 0, 0, 0, 1, 3, 0, 2, 0]
event=594:G1_CMAX:update:state=1,action=1,reward=-6.93461920037339,nextState=1,old=-217.59817584620896,new=-181.01315987734057
event=595:G2_TEC:update:state=1,action=1,reward=-288.54984262723883,nextState=1,old=-1646.0213021648287,new=-1605.366884359102
event=596:G3_TWC:update:state=1,action=2,reward=-2729.475470098274,nextState=1,old=-16094.020521206701,new=-15604.691887063636
event=597:G4_BALANCED:update:state=1,action=0,reward=-0.06809001949972829,nextState=1,old=-0.31231425422824716,new=-0.317941422882326
event=598:G1_CMAX:action:mode=exploit,state=1,draw=0.3840591472050435,action=1
event=599:G1_CMAX:leader:action=1,fingerprint=[51, 8, 83, 31, 94, 11, 15, 22, 57, 19, 84, 77, 73, 1, 81, 14, 99, 16, 3, 79, 2, 98, 5, 91, 62, 43, 68, 76, 97, 40, 88, 30, 53, 20, 58, 93, 24, 72, 49, 59, 38, 28, 92, 67, 9, 18, 17, 87, 12, 26, 71, 74, 95, 63, 21, 47, 27, 37, 96, 6, 78, 10, 32, 46, 48, 55, 29, 64, 60, 23, 7, 36, 90, 85, 52, 42, 61, 54, 89, 41, 4, 86, 33, 56, 39, 80, 75, 50, 45, 35, 66, 0, 34, 69, 65, 44, 25, 13, 82, 70]|[2, 0, 1, 1, 2, 1, 0, 1, 2, 2, 0, 1, 0, 1, 1, 1, 1, 0, 1, 0, 0, 1, 1, 0, 1, 2, 0, 0, 1, 1, 0, 2, 1, 2, 1, 2, 0, 0, 0, 0, 2, 1, 1, 1, 0, 1, 2, 0, 1, 0, 2, 1, 2, 0, 2, 2, 0, 2, 0, 2, 0, 2, 2, 1, 1, 1, 2, 0, 2, 0, 0, 0, 1, 1, 0, 1, 0, 1, 2, 1, 0, 1, 1, 2, 2, 1, 2, 1, 0, 2, 0, 0, 0, 0, 1, 1, 1, 2, 1, 0]|[2, 2, 0, 2, 2, 4, 1, 2, 1, 0, 1, 1, 2, 4, 4, 1, 1, 2, 4, 2, 1, 4, 0, 0, 3, 2, 2, 0, 0, 1, 1, 0, 4, 1, 4, 0, 1, 0, 2, 0, 1, 0, 3, 0, 1, 0, 1, 2, 3, 1, 1, 4, 1, 2, 1, 1, 2, 1, 0, 1, 1, 1, 1, 4, 1, 4, 1, 2, 1, 0, 1, 1, 4, 4, 2, 0, 2, 4, 1, 0, 1, 4, 1, 1, 1, 4, 1, 0, 2, 1, 1, 0, 0, 0, 4, 1, 0, 1, 0, 1]|[0, 0, 1, 1, 0, 2, 0, 2, 0, 0, 0, 0, 1, 0, 0, 1, 0, 1, 3, 1, 0, 0, 0, 0, 3, 1, 0, 0, 1, 0, 1, 0, 3, 0, 0, 0, 1, 0, 1, 0, 1, 3, 1, 1, 0, 1, 0, 1, 0, 0, 0, 2, 0, 0, 0, 0, 1, 0, 0, 0, 0, 0, 0, 0, 2, 3, 0, 0, 0, 1, 0, 0, 3, 0, 1, 1, 0, 3, 0, 1, 1, 0, 2, 0, 0, 0, 0, 1, 0, 0, 1, 0, 0, 0, 0, 2, 1, 0, 2, 0]
event=600:G4_BALANCED:action:mode=exploit,state=1,draw=0.6196716067213238,action=0
event=601:G4_BALANCED:leader:action=0,fingerprint=[51, 8, 83, 31, 94, 11, 15, 22, 57, 19, 84, 77, 73, 1, 81, 14, 98, 79, 3, 16, 2, 99, 5, 91, 62, 43, 68, 76, 97, 40, 88, 30, 53, 20, 58, 93, 24, 72, 49, 59, 38, 28, 92, 67, 9, 18, 17, 87, 12, 26, 71, 74, 95, 63, 4, 47, 27, 37, 96, 23, 78, 10, 66, 6, 48, 56, 29, 64, 60, 46, 7, 36, 34, 85, 52, 55, 61, 86, 89, 41, 32, 39, 33, 42, 54, 80, 75, 25, 70, 35, 21, 0, 90, 69, 65, 44, 50, 13, 82, 45]|[2, 0, 1, 1, 2, 1, 0, 1, 2, 0, 0, 1, 0, 1, 1, 1, 0, 2, 1, 0, 1, 1, 0, 0, 1, 2, 1, 0, 1, 0, 0, 2, 1, 0, 1, 2, 2, 0, 0, 0, 2, 1, 1, 1, 0, 0, 2, 0, 1, 2, 2, 1, 2, 0, 2, 0, 0, 2, 1, 2, 0, 2, 1, 1, 0, 2, 2, 2, 2, 1, 0, 0, 0, 1, 0, 1, 0, 1, 2, 1, 2, 2, 0, 0, 1, 1, 2, 2, 0, 2, 2, 0, 1, 0, 1, 0, 2, 2, 1, 0]|[2, 2, 2, 2, 2, 4, 1, 2, 1, 1, 0, 1, 2, 4, 4, 1, 0, 1, 4, 2, 4, 1, 1, 0, 3, 2, 3, 0, 0, 1, 1, 0, 4, 2, 4, 0, 2, 0, 2, 0, 1, 0, 3, 0, 1, 1, 1, 2, 3, 1, 2, 4, 1, 2, 1, 0, 2, 1, 3, 1, 1, 1, 4, 4, 1, 1, 1, 1, 1, 4, 1, 1, 0, 0, 2, 4, 0, 4, 1, 0, 1, 1, 1, 2, 4, 4, 1, 1, 1, 1, 1, 0, 0, 2, 4, 1, 1, 1, 0, 2]|[0, 0, 1, 1, 0, 2, 0, 2, 0, 0, 0, 0, 1, 0, 0, 1, 0, 0, 3, 1, 2, 0, 0, 0, 3, 1, 1, 0, 1, 0, 1, 0, 3, 0, 0, 0, 0, 0, 1, 0, 1, 3, 1, 1, 0, 0, 0, 1, 0, 1, 0, 2, 0, 0, 0, 1, 0, 0, 3, 0, 0, 0, 1, 0, 0, 0, 0, 0, 0, 0, 0, 0, 0, 1, 1, 3, 0, 0, 1, 1, 0, 0, 1, 0, 3, 0, 0, 0, 0, 0, 0, 0, 1, 0, 0, 1, 0, 0, 2, 0]
event=602:G2_TEC:action:mode=explore,state=1,draw=0.8905896695919968,action=1
event=603:G2_TEC:leader:action=1,fingerprint=[51, 8, 83, 31, 94, 11, 15, 22, 57, 19, 84, 77, 73, 1, 81, 14, 98, 79, 3, 16, 2, 99, 5, 91, 62, 43, 68, 76, 97, 40, 88, 30, 53, 20, 58, 93, 24, 72, 49, 59, 38, 28, 92, 67, 9, 18, 17, 87, 12, 26, 71, 74, 95, 63, 4, 47, 27, 37, 96, 23, 78, 10, 66, 6, 48, 56, 29, 64, 60, 46, 7, 36, 34, 85, 52, 55, 61, 86, 89, 41, 32, 39, 33, 42, 54, 80, 75, 25, 70, 35, 21, 0, 90, 69, 65, 44, 50, 13, 82, 45]|[2, 0, 1, 1, 2, 1, 0, 1, 2, 0, 0, 1, 0, 1, 1, 1, 0, 2, 1, 0, 1, 1, 0, 0, 1, 2, 1, 0, 1, 0, 0, 2, 1, 0, 1, 2, 2, 0, 0, 0, 2, 1, 1, 1, 0, 0, 2, 0, 1, 2, 2, 1, 2, 0, 2, 0, 0, 2, 1, 2, 0, 2, 1, 1, 0, 2, 2, 2, 2, 1, 0, 0, 0, 1, 0, 1, 0, 1, 2, 1, 2, 2, 0, 0, 1, 1, 2, 2, 0, 2, 2, 0, 1, 0, 1, 0, 2, 2, 1, 0]|[2, 2, 2, 2, 2, 4, 1, 2, 1, 1, 0, 1, 2, 4, 4, 1, 0, 1, 4, 2, 4, 1, 1, 0, 3, 2, 3, 0, 0, 1, 1, 0, 4, 2, 4, 0, 2, 0, 2, 0, 1, 0, 3, 0, 1, 1, 1, 2, 3, 1, 2, 4, 1, 2, 1, 0, 2, 1, 3, 1, 1, 1, 4, 4, 1, 1, 1, 1, 1, 4, 1, 1, 0, 0, 2, 4, 0, 4, 1, 0, 1, 1, 1, 2, 4, 4, 1, 1, 1, 1, 1, 0, 0, 2, 4, 1, 1, 1, 0, 2]|[0, 0, 1, 1, 0, 2, 0, 2, 0, 0, 0, 0, 1, 0, 0, 1, 0, 0, 3, 1, 2, 0, 0, 0, 3, 1, 1, 0, 1, 0, 1, 0, 3, 0, 0, 0, 0, 0, 1, 0, 1, 3, 1, 1, 0, 0, 0, 1, 0, 1, 0, 2, 0, 0, 0, 1, 0, 0, 3, 0, 0, 0, 1, 0, 0, 0, 0, 0, 0, 0, 0, 0, 0, 1, 1, 3, 0, 0, 1, 1, 0, 0, 1, 0, 3, 0, 0, 0, 0, 0, 0, 0, 1, 0, 0, 1, 0, 0, 2, 0]
event=604:G3_TWC:action:mode=exploit,state=1,draw=0.5989775948845857,action=2
event=605:G3_TWC:tournament:reason=action2,left=23,right=9,selected=[51, 8, 83, 31, 94, 11, 15, 22, 57, 19, 84, 77, 73, 1, 81, 14, 98, 79, 3, 16, 2, 99, 5, 91, 62, 43, 68, 76, 97, 40, 88, 30, 53, 20, 58, 93, 24, 72, 49, 59, 38, 28, 92, 67, 9, 61, 17, 87, 12, 26, 71, 74, 95, 63, 4, 47, 27, 37, 96, 23, 78, 10, 66, 6, 48, 56, 29, 64, 60, 46, 7, 36, 34, 85, 52, 55, 18, 86, 89, 41, 32, 39, 33, 42, 54, 80, 75, 25, 70, 35, 21, 0, 90, 69, 65, 44, 50, 13, 82, 45]|[2, 0, 1, 1, 2, 1, 0, 1, 2, 0, 0, 1, 0, 1, 1, 1, 0, 2, 1, 0, 1, 1, 0, 0, 1, 2, 1, 0, 1, 0, 0, 2, 1, 0, 1, 2, 2, 0, 0, 0, 2, 1, 1, 1, 0, 0, 2, 0, 1, 2, 2, 1, 2, 0, 2, 0, 0, 2, 1, 2, 0, 2, 1, 1, 0, 2, 2, 2, 2, 1, 0, 0, 0, 1, 0, 1, 0, 1, 2, 1, 2, 2, 0, 2, 1, 1, 2, 2, 0, 2, 2, 0, 1, 0, 1, 0, 2, 2, 1, 0]|[2, 2, 2, 2, 2, 4, 1, 2, 1, 1, 0, 1, 2, 4, 4, 1, 0, 1, 4, 2, 4, 1, 1, 0, 3, 2, 3, 0, 0, 1, 1, 0, 4, 2, 4, 0, 2, 0, 2, 0, 1, 0, 3, 0, 1, 1, 1, 2, 3, 1, 2, 4, 1, 2, 1, 0, 2, 1, 3, 1, 1, 1, 4, 4, 1, 1, 1, 1, 1, 4, 1, 1, 0, 4, 2, 4, 1, 4, 1, 0, 1, 1, 1, 1, 4, 4, 1, 1, 1, 1, 1, 0, 0, 2, 4, 1, 1, 1, 0, 2]|[0, 0, 1, 1, 0, 2, 0, 2, 0, 0, 0, 0, 1, 0, 0, 1, 0, 0, 3, 1, 2, 0, 0, 0, 3, 1, 1, 0, 1, 0, 1, 0, 3, 0, 0, 0, 0, 0, 1, 0, 1, 3, 1, 1, 0, 0, 0, 1, 0, 1, 0, 2, 0, 0, 0, 1, 0, 0, 3, 0, 0, 0, 1, 0, 0, 0, 0, 0, 0, 0, 0, 0, 0, 0, 1, 3, 0, 0, 1, 1, 0, 0, 1, 0, 3, 0, 0, 0, 0, 0, 0, 0, 1, 0, 0, 1, 0, 0, 2, 0]
event=606:G3_TWC:leader:action=2,fingerprint=[51, 8, 83, 31, 94, 11, 15, 22, 57, 19, 84, 77, 73, 1, 81, 14, 98, 79, 3, 16, 2, 99, 5, 91, 62, 43, 68, 76, 97, 40, 88, 30, 53, 20, 58, 93, 24, 72, 49, 59, 38, 28, 92, 67, 9, 61, 17, 87, 12, 26, 71, 74, 95, 63, 4, 47, 27, 37, 96, 23, 78, 10, 66, 6, 48, 56, 29, 64, 60, 46, 7, 36, 34, 85, 52, 55, 18, 86, 89, 41, 32, 39, 33, 42, 54, 80, 75, 25, 70, 35, 21, 0, 90, 69, 65, 44, 50, 13, 82, 45]|[2, 0, 1, 1, 2, 1, 0, 1, 2, 0, 0, 1, 0, 1, 1, 1, 0, 2, 1, 0, 1, 1, 0, 0, 1, 2, 1, 0, 1, 0, 0, 2, 1, 0, 1, 2, 2, 0, 0, 0, 2, 1, 1, 1, 0, 0, 2, 0, 1, 2, 2, 1, 2, 0, 2, 0, 0, 2, 1, 2, 0, 2, 1, 1, 0, 2, 2, 2, 2, 1, 0, 0, 0, 1, 0, 1, 0, 1, 2, 1, 2, 2, 0, 2, 1, 1, 2, 2, 0, 2, 2, 0, 1, 0, 1, 0, 2, 2, 1, 0]|[2, 2, 2, 2, 2, 4, 1, 2, 1, 1, 0, 1, 2, 4, 4, 1, 0, 1, 4, 2, 4, 1, 1, 0, 3, 2, 3, 0, 0, 1, 1, 0, 4, 2, 4, 0, 2, 0, 2, 0, 1, 0, 3, 0, 1, 1, 1, 2, 3, 1, 2, 4, 1, 2, 1, 0, 2, 1, 3, 1, 1, 1, 4, 4, 1, 1, 1, 1, 1, 4, 1, 1, 0, 4, 2, 4, 1, 4, 1, 0, 1, 1, 1, 1, 4, 4, 1, 1, 1, 1, 1, 0, 0, 2, 4, 1, 1, 1, 0, 2]|[0, 0, 1, 1, 0, 2, 0, 2, 0, 0, 0, 0, 1, 0, 0, 1, 0, 0, 3, 1, 2, 0, 0, 0, 3, 1, 1, 0, 1, 0, 1, 0, 3, 0, 0, 0, 0, 0, 1, 0, 1, 3, 1, 1, 0, 0, 0, 1, 0, 1, 0, 2, 0, 0, 0, 1, 0, 0, 3, 0, 0, 0, 1, 0, 0, 0, 0, 0, 0, 0, 0, 0, 0, 0, 1, 3, 0, 0, 1, 1, 0, 0, 1, 0, 3, 0, 0, 0, 0, 0, 0, 0, 1, 0, 0, 1, 0, 0, 2, 0]
event=607:G1_CMAX:update:state=1,action=1,reward=-25.88950543839519,nextState=1,old=-181.01315987734057,new=-170.70003334026765
event=608:G2_TEC:update:state=1,action=1,reward=-203.46316557062528,nextState=1,old=-1605.366884359102,new=-1487.756673057907
event=609:G3_TWC:update:state=1,action=2,reward=-3249.38198785414,nextState=1,old=-15604.691887063636,new=-15733.135497505049
event=610:G4_BALANCED:update:state=1,action=0,reward=-0.0725395767842284,nextState=1,old=-0.317941422882326,new=-0.3268927150900892
event=611:G1_CMAX:action:mode=exploit,state=1,draw=0.03911132227305736,action=1
event=612:G1_CMAX:leader:action=1,fingerprint=[51, 8, 83, 31, 94, 11, 15, 22, 57, 19, 84, 77, 73, 1, 81, 14, 99, 16, 3, 79, 2, 98, 5, 91, 62, 43, 68, 76, 97, 40, 88, 30, 53, 20, 58, 93, 24, 72, 49, 59, 38, 28, 92, 67, 9, 18, 17, 87, 12, 26, 71, 74, 95, 63, 21, 47, 27, 37, 96, 6, 78, 10, 32, 46, 48, 55, 29, 64, 60, 23, 7, 36, 90, 85, 52, 42, 61, 54, 89, 41, 4, 39, 33, 56, 82, 80, 75, 50, 45, 35, 66, 0, 34, 69, 65, 44, 25, 13, 86, 70]|[2, 0, 1, 1, 2, 1, 0, 1, 2, 2, 0, 1, 0, 1, 1, 1, 1, 0, 1, 0, 0, 1, 0, 0, 1, 2, 0, 0, 1, 1, 0, 2, 1, 2, 1, 2, 0, 0, 0, 0, 2, 1, 1, 1, 0, 1, 2, 0, 1, 0, 2, 1, 2, 0, 2, 0, 0, 2, 1, 2, 0, 2, 2, 1, 1, 2, 2, 0, 2, 0, 0, 0, 1, 1, 0, 1, 0, 1, 2, 1, 0, 2, 1, 2, 1, 1, 2, 1, 0, 2, 0, 0, 0, 0, 1, 0, 1, 2, 1, 0]|[2, 2, 0, 2, 2, 4, 1, 2, 1, 0, 1, 1, 2, 4, 4, 1, 1, 2, 4, 2, 1, 1, 1, 0, 3, 2, 2, 0, 0, 1, 1, 0, 4, 1, 4, 0, 1, 0, 2, 0, 1, 0, 3, 0, 1, 0, 1, 2, 3, 1, 1, 4, 1, 2, 1, 0, 2, 1, 3, 1, 1, 1, 1, 4, 1, 1, 1, 2, 1, 1, 1, 1, 4, 4, 2, 0, 2, 4, 1, 0, 1, 1, 1, 1, 0, 4, 1, 0, 2, 1, 0, 0, 0, 2, 4, 1, 0, 1, 4, 1]|[0, 0, 1, 1, 0, 2, 0, 2, 0, 0, 0, 0, 1, 0, 0, 1, 0, 1, 3, 1, 0, 0, 0, 0, 3, 1, 0, 0, 1, 0, 1, 0, 3, 0, 0, 0, 1, 0, 1, 0, 1, 3, 1, 1, 0, 1, 0, 1, 0, 0, 0, 2, 0, 0, 0, 1, 1, 0, 3, 0, 0, 0, 0, 0, 2, 0, 0, 0, 0, 0, 0, 0, 3, 0, 1, 1, 0, 3, 0, 1, 1, 0, 2, 0, 2, 0, 0, 1, 0, 0, 0, 0, 0, 0, 0, 1, 1, 0, 0, 0]
event=613:G4_BALANCED:action:mode=exploit,state=1,draw=0.6903375843083648,action=0
event=614:G4_BALANCED:leader:action=0,fingerprint=[51, 8, 83, 31, 94, 11, 15, 22, 57, 19, 84, 77, 73, 1, 81, 14, 98, 79, 3, 16, 2, 99, 5, 91, 62, 43, 68, 76, 97, 40, 88, 30, 53, 20, 58, 93, 24, 72, 49, 59, 38, 28, 92, 67, 9, 18, 17, 87, 12, 26, 71, 74, 95, 63, 4, 47, 27, 37, 96, 23, 78, 10, 66, 6, 48, 56, 29, 64, 60, 46, 7, 36, 34, 85, 52, 55, 61, 86, 89, 41, 32, 39, 33, 42, 54, 80, 75, 25, 70, 35, 21, 0, 90, 69, 65, 44, 50, 13, 82, 45]|[2, 0, 1, 1, 2, 1, 0, 1, 2, 0, 0, 1, 0, 1, 1, 1, 0, 2, 1, 0, 1, 1, 0, 0, 1, 2, 1, 0, 1, 0, 0, 2, 1, 0, 1, 2, 2, 0, 0, 0, 2, 1, 1, 1, 0, 0, 2, 0, 1, 2, 2, 1, 2, 0, 2, 0, 0, 2, 1, 2, 0, 2, 1, 1, 0, 2, 2, 2, 2, 1, 0, 0, 0, 1, 0, 1, 0, 1, 2, 1, 2, 2, 0, 0, 1, 1, 2, 2, 0, 2, 2, 0, 1, 0, 1, 0, 2, 2, 1, 0]|[2, 2, 2, 2, 2, 4, 1, 2, 1, 1, 0, 1, 2, 4, 4, 1, 0, 1, 4, 2, 4, 1, 1, 0, 3, 2, 3, 0, 0, 1, 1, 0, 4, 2, 4, 0, 2, 0, 2, 0, 1, 0, 3, 0, 1, 1, 1, 2, 3, 1, 2, 4, 1, 2, 1, 0, 2, 1, 3, 1, 1, 1, 4, 4, 1, 1, 1, 1, 1, 4, 1, 1, 0, 0, 2, 4, 0, 4, 1, 0, 1, 1, 1, 2, 4, 4, 1, 1, 1, 1, 1, 0, 0, 2, 4, 1, 1, 1, 0, 2]|[0, 0, 1, 1, 0, 2, 0, 2, 0, 0, 0, 0, 1, 0, 0, 1, 0, 0, 3, 1, 2, 0, 0, 0, 3, 1, 1, 0, 1, 0, 1, 0, 3, 0, 0, 0, 0, 0, 1, 0, 1, 3, 1, 1, 0, 0, 0, 1, 0, 1, 0, 2, 0, 0, 0, 1, 0, 0, 3, 0, 0, 0, 1, 0, 0, 0, 0, 0, 0, 0, 0, 0, 0, 1, 1, 3, 0, 0, 1, 1, 0, 0, 1, 0, 3, 0, 0, 0, 0, 0, 0, 0, 1, 0, 0, 1, 0, 0, 2, 0]
event=615:G2_TEC:action:mode=explore,state=1,draw=0.9648580774392722,action=0
event=616:G2_TEC:leader:action=0,fingerprint=[51, 8, 83, 31, 94, 11, 15, 22, 57, 19, 84, 77, 73, 1, 81, 14, 98, 79, 3, 16, 2, 99, 5, 91, 62, 43, 68, 76, 97, 40, 88, 30, 53, 20, 58, 93, 24, 72, 49, 59, 38, 28, 92, 67, 9, 18, 17, 87, 12, 26, 71, 74, 95, 63, 4, 47, 27, 37, 96, 23, 78, 10, 66, 6, 48, 56, 29, 64, 60, 46, 7, 36, 34, 85, 52, 55, 61, 86, 89, 41, 32, 39, 33, 42, 54, 80, 75, 25, 70, 35, 21, 0, 90, 69, 65, 44, 50, 13, 82, 45]|[2, 0, 1, 1, 2, 1, 0, 1, 2, 0, 0, 1, 0, 1, 1, 1, 0, 2, 1, 0, 1, 1, 0, 0, 1, 2, 1, 0, 1, 0, 0, 2, 1, 0, 1, 2, 2, 0, 0, 0, 2, 1, 1, 1, 0, 0, 2, 0, 1, 2, 2, 1, 2, 0, 2, 0, 0, 2, 1, 2, 0, 2, 1, 1, 0, 2, 2, 2, 2, 1, 0, 0, 0, 1, 0, 1, 0, 1, 2, 1, 2, 2, 0, 0, 1, 1, 2, 2, 0, 2, 2, 0, 1, 0, 1, 0, 2, 2, 1, 0]|[2, 2, 2, 2, 2, 4, 1, 2, 1, 1, 0, 1, 2, 4, 4, 1, 0, 1, 4, 2, 4, 1, 1, 0, 3, 2, 3, 0, 0, 1, 1, 0, 4, 2, 4, 0, 2, 0, 2, 0, 1, 0, 3, 0, 1, 1, 1, 2, 3, 1, 2, 4, 1, 2, 1, 0, 2, 1, 3, 1, 1, 1, 4, 4, 1, 1, 1, 1, 1, 4, 1, 1, 0, 0, 2, 4, 0, 4, 1, 0, 1, 1, 1, 2, 4, 4, 1, 1, 1, 1, 1, 0, 0, 2, 4, 1, 1, 1, 0, 2]|[0, 0, 1, 1, 0, 2, 0, 2, 0, 0, 0, 0, 1, 0, 0, 1, 0, 0, 3, 1, 2, 0, 0, 0, 3, 1, 1, 0, 1, 0, 1, 0, 3, 0, 0, 0, 0, 0, 1, 0, 1, 3, 1, 1, 0, 0, 0, 1, 0, 1, 0, 2, 0, 0, 0, 1, 0, 0, 3, 0, 0, 0, 1, 0, 0, 0, 0, 0, 0, 0, 0, 0, 0, 1, 1, 3, 0, 0, 1, 1, 0, 0, 1, 0, 3, 0, 0, 0, 0, 0, 0, 0, 1, 0, 0, 1, 0, 0, 2, 0]
event=617:G3_TWC:action:mode=exploit,state=1,draw=0.23009903080645788,action=2
event=618:G3_TWC:tournament:reason=action2,left=4,right=24,selected=[51, 8, 83, 31, 94, 11, 15, 22, 57, 19, 84, 77, 73, 1, 81, 14, 99, 16, 3, 79, 2, 98, 5, 91, 62, 43, 68, 76, 97, 40, 88, 30, 53, 20, 58, 93, 24, 72, 49, 59, 38, 28, 92, 67, 9, 18, 17, 87, 12, 26, 71, 74, 95, 63, 21, 47, 27, 37, 96, 6, 78, 10, 32, 46, 48, 56, 60, 64, 29, 23, 7, 36, 34, 85, 52, 89, 61, 54, 25, 41, 66, 39, 33, 42, 86, 80, 75, 50, 45, 35, 4, 0, 90, 69, 65, 44, 55, 13, 82, 70]|[2, 0, 1, 1, 2, 1, 0, 1, 2, 0, 0, 1, 0, 1, 2, 1, 1, 0, 1, 0, 1, 0, 1, 0, 1, 2, 1, 0, 1, 1, 0, 2, 1, 2, 0, 2, 0, 0, 0, 0, 2, 1, 1, 1, 0, 0, 2, 0, 1, 0, 2, 1, 2, 0, 2, 2, 0, 2, 1, 0, 0, 1, 2, 1, 0, 2, 2, 0, 2, 0, 0, 0, 1, 1, 0, 0, 0, 1, 1, 1, 0, 2, 1, 1, 1, 1, 2, 1, 0, 2, 0, 0, 1, 0, 1, 0, 1, 1, 1, 0]|[2, 2, 0, 2, 2, 4, 1, 2, 1, 1, 0, 1, 2, 4, 1, 1, 1, 2, 4, 2, 4, 1, 0, 0, 3, 2, 3, 0, 0, 1, 1, 0, 4, 1, 2, 0, 1, 0, 2, 0, 1, 0, 3, 0, 1, 1, 1, 2, 3, 1, 1, 4, 1, 2, 1, 1, 2, 1, 3, 1, 1, 2, 1, 4, 1, 1, 1, 2, 1, 0, 1, 1, 0, 0, 2, 1, 2, 4, 0, 0, 0, 1, 1, 0, 4, 4, 1, 0, 2, 1, 1, 0, 4, 0, 4, 1, 4, 2, 0, 1]|[0, 0, 1, 1, 0, 2, 0, 2, 0, 0, 0, 0, 1, 0, 0, 1, 0, 1, 3, 1, 2, 1, 0, 0, 3, 1, 1, 0, 1, 0, 1, 0, 3, 0, 0, 0, 1, 0, 1, 0, 1, 3, 1, 1, 0, 0, 0, 1, 0, 0, 0, 2, 0, 0, 0, 0, 1, 0, 3, 0, 0, 2, 0, 0, 0, 0, 0, 0, 0, 1, 0, 0, 1, 1, 1, 0, 0, 3, 1, 1, 0, 0, 2, 1, 0, 0, 0, 1, 0, 0, 1, 0, 3, 0, 0, 1, 3, 2, 2, 0]
event=619:G3_TWC:leader:action=2,fingerprint=[51, 8, 83, 31, 94, 11, 15, 22, 57, 19, 84, 77, 73, 1, 81, 14, 99, 16, 3, 79, 2, 98, 5, 91, 62, 43, 68, 76, 97, 40, 88, 30, 53, 20, 58, 93, 24, 72, 49, 59, 38, 28, 92, 67, 9, 18, 17, 87, 12, 26, 71, 74, 95, 63, 21, 47, 27, 37, 96, 6, 78, 10, 32, 46, 48, 56, 60, 64, 29, 23, 7, 36, 34, 85, 52, 89, 61, 54, 25, 41, 66, 39, 33, 42, 86, 80, 75, 50, 45, 35, 4, 0, 90, 69, 65, 44, 55, 13, 82, 70]|[2, 0, 1, 1, 2, 1, 0, 1, 2, 0, 0, 1, 0, 1, 2, 1, 1, 0, 1, 0, 1, 0, 1, 0, 1, 2, 1, 0, 1, 1, 0, 2, 1, 2, 0, 2, 0, 0, 0, 0, 2, 1, 1, 1, 0, 0, 2, 0, 1, 0, 2, 1, 2, 0, 2, 2, 0, 2, 1, 0, 0, 1, 2, 1, 0, 2, 2, 0, 2, 0, 0, 0, 1, 1, 0, 0, 0, 1, 1, 1, 0, 2, 1, 1, 1, 1, 2, 1, 0, 2, 0, 0, 1, 0, 1, 0, 1, 1, 1, 0]|[2, 2, 0, 2, 2, 4, 1, 2, 1, 1, 0, 1, 2, 4, 1, 1, 1, 2, 4, 2, 4, 1, 0, 0, 3, 2, 3, 0, 0, 1, 1, 0, 4, 1, 2, 0, 1, 0, 2, 0, 1, 0, 3, 0, 1, 1, 1, 2, 3, 1, 1, 4, 1, 2, 1, 1, 2, 1, 3, 1, 1, 2, 1, 4, 1, 1, 1, 2, 1, 0, 1, 1, 0, 0, 2, 1, 2, 4, 0, 0, 0, 1, 1, 0, 4, 4, 1, 0, 2, 1, 1, 0, 4, 0, 4, 1, 4, 2, 0, 1]|[0, 0, 1, 1, 0, 2, 0, 2, 0, 0, 0, 0, 1, 0, 0, 1, 0, 1, 3, 1, 2, 1, 0, 0, 3, 1, 1, 0, 1, 0, 1, 0, 3, 0, 0, 0, 1, 0, 1, 0, 1, 3, 1, 1, 0, 0, 0, 1, 0, 0, 0, 2, 0, 0, 0, 0, 1, 0, 3, 0, 0, 2, 0, 0, 0, 0, 0, 0, 0, 1, 0, 0, 1, 1, 1, 0, 0, 3, 1, 1, 0, 0, 2, 1, 0, 0, 0, 1, 0, 0, 1, 0, 3, 0, 0, 1, 3, 2, 2, 0]
event=620:G1_CMAX:update:state=1,action=1,reward=-27.464934880820124,nextState=1,old=-170.70003334026765,new=-164.02496155303425
event=621:G2_TEC:update:state=1,action=0,reward=71.69825138929446,nextState=0,old=-2533.343515776136,new=71.69825138929446
event=622:G3_TWC:update:state=1,action=2,reward=-3258.914126099,nextState=1,old=-15733.135497505049,new=-15845.42252410304
event=623:G4_BALANCED:update:state=1,action=0,reward=-0.05419207543882998,nextState=1,old=-0.3268927150900892,new=-0.31570624751090137
event=624:G1_CMAX:action:mode=exploit,state=1,draw=0.0771216878662142,action=1
event=625:G1_CMAX:leader:action=1,fingerprint=[51, 8, 83, 31, 94, 11, 15, 22, 57, 19, 84, 77, 73, 1, 81, 14, 99, 16, 3, 79, 2, 98, 5, 91, 62, 43, 68, 76, 97, 40, 88, 30, 53, 20, 58, 93, 24, 72, 49, 59, 38, 28, 92, 67, 9, 18, 17, 87, 12, 26, 71, 74, 95, 63, 21, 47, 27, 37, 96, 6, 78, 10, 32, 46, 48, 55, 29, 64, 60, 23, 7, 36, 90, 85, 52, 42, 61, 54, 89, 41, 4, 39, 33, 56, 82, 80, 75, 50, 45, 35, 66, 0, 34, 69, 65, 44, 25, 13, 86, 70]|[2, 0, 1, 1, 2, 1, 0, 1, 2, 2, 0, 1, 0, 1, 1, 1, 1, 0, 1, 0, 0, 1, 0, 0, 1, 2, 0, 0, 1, 1, 0, 2, 1, 2, 1, 2, 0, 0, 0, 0, 2, 1, 1, 1, 0, 1, 2, 0, 1, 0, 2, 1, 2, 0, 2, 0, 0, 2, 1, 2, 0, 2, 2, 1, 1, 2, 2, 0, 2, 0, 0, 0, 1, 1, 0, 1, 0, 1, 2, 1, 0, 2, 1, 2, 1, 1, 2, 1, 0, 2, 0, 0, 0, 0, 1, 0, 1, 2, 1, 0]|[2, 2, 0, 2, 2, 4, 1, 2, 1, 0, 1, 1, 2, 4, 4, 1, 1, 2, 4, 2, 1, 1, 1, 0, 3, 2, 2, 0, 0, 1, 1, 0, 4, 1, 4, 0, 1, 0, 2, 0, 1, 0, 3, 0, 1, 0, 1, 2, 3, 1, 1, 4, 1, 2, 1, 0, 2, 1, 3, 1, 1, 1, 1, 4, 1, 1, 1, 2, 1, 1, 1, 1, 4, 4, 2, 0, 2, 4, 1, 0, 1, 1, 1, 1, 0, 4, 1, 0, 2, 1, 0, 0, 0, 2, 4, 1, 0, 1, 4, 1]|[0, 0, 1, 1, 0, 2, 0, 2, 0, 0, 0, 0, 1, 0, 0, 1, 0, 1, 3, 1, 0, 0, 0, 0, 3, 1, 0, 0, 1, 0, 1, 0, 3, 0, 0, 0, 1, 0, 1, 0, 1, 3, 1, 1, 0, 1, 0, 1, 0, 0, 0, 2, 0, 0, 0, 1, 1, 0, 3, 0, 0, 0, 0, 0, 2, 0, 0, 0, 0, 0, 0, 0, 3, 0, 1, 1, 0, 3, 0, 1, 1, 0, 2, 0, 2, 0, 0, 1, 0, 0, 0, 0, 0, 0, 0, 1, 1, 0, 0, 0]
event=626:G4_BALANCED:action:mode=exploit,state=1,draw=0.10458831054449247,action=0
event=627:G4_BALANCED:leader:action=0,fingerprint=[51, 8, 83, 31, 94, 11, 15, 22, 57, 19, 84, 77, 73, 1, 81, 14, 98, 79, 3, 16, 2, 99, 5, 91, 62, 43, 68, 76, 97, 40, 88, 30, 53, 20, 58, 93, 24, 72, 49, 59, 38, 28, 92, 67, 9, 18, 17, 87, 12, 26, 71, 74, 95, 63, 4, 47, 27, 37, 96, 23, 78, 10, 66, 6, 48, 56, 29, 64, 60, 46, 7, 36, 34, 85, 52, 55, 61, 86, 89, 41, 32, 39, 33, 42, 54, 80, 75, 25, 70, 35, 21, 0, 90, 69, 65, 44, 50, 13, 82, 45]|[2, 0, 1, 1, 2, 1, 0, 1, 2, 0, 0, 1, 0, 1, 1, 1, 0, 2, 1, 0, 1, 1, 0, 0, 1, 2, 1, 0, 1, 0, 0, 2, 1, 0, 1, 2, 2, 0, 0, 0, 2, 1, 1, 1, 0, 0, 2, 0, 1, 2, 2, 1, 2, 0, 2, 0, 0, 2, 1, 2, 0, 2, 1, 1, 0, 2, 2, 2, 2, 1, 0, 0, 0, 1, 0, 1, 0, 1, 2, 1, 2, 2, 0, 0, 1, 1, 2, 2, 0, 2, 2, 0, 1, 0, 1, 0, 2, 2, 1, 0]|[2, 2, 2, 2, 2, 4, 1, 2, 1, 1, 0, 1, 2, 4, 4, 1, 0, 1, 4, 2, 4, 1, 1, 0, 3, 2, 3, 0, 0, 1, 1, 0, 4, 2, 4, 0, 2, 0, 2, 0, 1, 0, 3, 0, 1, 1, 1, 2, 3, 1, 2, 4, 1, 2, 1, 0, 2, 1, 3, 1, 1, 1, 4, 4, 1, 1, 1, 1, 1, 4, 1, 1, 0, 0, 2, 4, 0, 4, 1, 0, 1, 1, 1, 2, 4, 4, 1, 1, 1, 1, 1, 0, 0, 2, 4, 1, 1, 1, 0, 2]|[0, 0, 1, 1, 0, 2, 0, 2, 0, 0, 0, 0, 1, 0, 0, 1, 0, 0, 3, 1, 2, 0, 0, 0, 3, 1, 1, 0, 1, 0, 1, 0, 3, 0, 0, 0, 0, 0, 1, 0, 1, 3, 1, 1, 0, 0, 0, 1, 0, 1, 0, 2, 0, 0, 0, 1, 0, 0, 3, 0, 0, 0, 1, 0, 0, 0, 0, 0, 0, 0, 0, 0, 0, 1, 1, 3, 0, 0, 1, 1, 0, 0, 1, 0, 3, 0, 0, 0, 0, 0, 0, 0, 1, 0, 0, 1, 0, 0, 2, 0]
event=628:G2_TEC:action:mode=exploit,state=0,draw=0.5352724371844991,action=1
event=629:G2_TEC:leader:action=1,fingerprint=[51, 8, 83, 31, 94, 11, 15, 22, 57, 19, 84, 77, 73, 1, 81, 14, 98, 79, 3, 16, 2, 99, 5, 91, 62, 43, 68, 76, 97, 40, 88, 30, 53, 20, 58, 93, 24, 72, 49, 59, 38, 28, 92, 67, 9, 18, 17, 87, 12, 26, 71, 74, 95, 63, 4, 47, 27, 37, 96, 23, 78, 10, 66, 6, 48, 56, 29, 64, 60, 46, 7, 36, 34, 85, 52, 55, 61, 86, 89, 41, 32, 39, 33, 42, 54, 80, 75, 25, 70, 35, 21, 0, 90, 69, 65, 44, 50, 13, 82, 45]|[2, 0, 1, 1, 2, 1, 0, 1, 2, 0, 0, 1, 0, 1, 1, 1, 0, 2, 1, 0, 1, 1, 0, 0, 1, 2, 1, 0, 1, 0, 0, 2, 1, 0, 1, 2, 2, 0, 0, 0, 2, 1, 1, 1, 0, 0, 2, 0, 1, 2, 2, 1, 2, 0, 2, 0, 0, 2, 1, 2, 0, 2, 1, 1, 0, 2, 2, 2, 2, 1, 0, 0, 0, 1, 0, 1, 0, 1, 2, 1, 2, 2, 0, 0, 1, 1, 2, 2, 0, 2, 2, 0, 1, 0, 1, 0, 2, 2, 1, 0]|[2, 2, 2, 2, 2, 4, 1, 2, 1, 1, 0, 1, 2, 4, 4, 1, 0, 1, 4, 2, 4, 1, 1, 0, 3, 2, 3, 0, 0, 1, 1, 0, 4, 2, 4, 0, 2, 0, 2, 0, 1, 0, 3, 0, 1, 1, 1, 2, 3, 1, 2, 4, 1, 2, 1, 0, 2, 1, 3, 1, 1, 1, 4, 4, 1, 1, 1, 1, 1, 4, 1, 1, 0, 0, 2, 4, 0, 4, 1, 0, 1, 1, 1, 2, 4, 4, 1, 1, 1, 1, 1, 0, 0, 2, 4, 1, 1, 1, 0, 2]|[0, 0, 1, 1, 0, 2, 0, 2, 0, 0, 0, 0, 1, 0, 0, 1, 0, 0, 3, 1, 2, 0, 0, 0, 3, 1, 1, 0, 1, 0, 1, 0, 3, 0, 0, 0, 0, 0, 1, 0, 1, 3, 1, 1, 0, 0, 0, 1, 0, 1, 0, 2, 0, 0, 0, 1, 0, 0, 3, 0, 0, 0, 1, 0, 0, 0, 0, 0, 0, 0, 0, 0, 0, 1, 1, 3, 0, 0, 1, 1, 0, 0, 1, 0, 3, 0, 0, 0, 0, 0, 0, 0, 1, 0, 0, 1, 0, 0, 2, 0]
event=630:G3_TWC:action:mode=explore,state=1,draw=0.8361864430445293,action=1
event=631:G3_TWC:leader:action=1,fingerprint=[51, 8, 83, 31, 94, 11, 15, 22, 57, 19, 84, 77, 73, 1, 81, 14, 98, 16, 3, 79, 2, 99, 5, 91, 62, 43, 68, 76, 97, 40, 88, 30, 53, 20, 58, 93, 24, 72, 49, 59, 38, 28, 92, 67, 9, 18, 17, 87, 12, 26, 71, 74, 95, 63, 21, 47, 27, 37, 96, 6, 78, 10, 32, 46, 48, 56, 29, 64, 60, 23, 7, 36, 90, 85, 52, 42, 61, 54, 89, 41, 4, 39, 33, 55, 82, 80, 75, 50, 45, 35, 66, 0, 34, 69, 65, 44, 25, 13, 86, 70]|[2, 0, 1, 1, 2, 1, 0, 1, 2, 0, 0, 1, 0, 1, 2, 1, 1, 0, 1, 0, 1, 1, 0, 0, 1, 2, 1, 0, 1, 1, 0, 2, 1, 2, 1, 2, 0, 0, 0, 0, 2, 1, 1, 1, 0, 1, 2, 0, 1, 0, 2, 1, 2, 0, 2, 0, 0, 2, 1, 2, 0, 2, 2, 1, 1, 2, 2, 0, 2, 0, 0, 0, 1, 1, 0, 1, 0, 1, 2, 1, 0, 2, 1, 2, 1, 1, 2, 1, 0, 2, 0, 0, 1, 0, 1, 0, 2, 2, 1, 0]|[2, 2, 0, 2, 2, 4, 1, 2, 1, 1, 1, 1, 2, 4, 1, 1, 1, 2, 4, 2, 4, 1, 1, 0, 3, 2, 3, 0, 0, 1, 1, 0, 4, 1, 4, 0, 1, 0, 2, 0, 1, 0, 3, 0, 1, 0, 1, 2, 3, 1, 1, 4, 1, 2, 1, 0, 2, 1, 3, 1, 1, 1, 1, 4, 1, 1, 1, 2, 1, 1, 1, 1, 4, 4, 2, 0, 2, 4, 1, 0, 1, 1, 1, 1, 0, 4, 1, 0, 2, 1, 0, 0, 0, 2, 4, 1, 1, 1, 4, 1]|[0, 0, 1, 1, 0, 2, 0, 2, 0, 0, 0, 0, 1, 0, 0, 1, 0, 1, 3, 1, 2, 0, 0, 0, 3, 1, 1, 0, 1, 0, 1, 0, 3, 0, 0, 0, 1, 0, 1, 0, 1, 3, 1, 1, 0, 1, 0, 1, 0, 0, 0, 2, 0, 0, 0, 1, 1, 0, 3, 0, 0, 0, 0, 0, 2, 0, 0, 0, 0, 0, 0, 0, 3, 0, 1, 1, 0, 3, 0, 1, 1, 0, 2, 0, 2, 0, 0, 1, 0, 0, 0, 0, 1, 0, 0, 1, 0, 0, 0, 0]
event=632:G1_CMAX:update:state=1,action=1,reward=-36.26511114340451,nextState=1,old=-164.02496155303425,new=-167.4850803858319
event=633:G2_TEC:update:state=0,action=1,reward=-382.6486648998907,nextState=1,old=0.0,new=-325.29006378845514
event=634:G3_TWC:update:state=1,action=1,reward=-3277.0799357233773,nextState=1,old=-25085.19166813263,new=-15953.41795500581
event=635:G4_BALANCED:update:state=1,action=0,reward=-0.05268590200540614,nextState=1,old=-0.31570624751090137,new=-0.30525090001412725
event=636:G1_CMAX:action:mode=explore,state=1,draw=0.8505125366144176,action=2
event=637:G1_CMAX:tournament:reason=action2,left=11,right=9,selected=[51, 8, 83, 31, 94, 11, 15, 22, 57, 19, 84, 77, 73, 1, 81, 14, 99, 16, 3, 79, 2, 98, 5, 91, 62, 43, 68, 76, 97, 40, 88, 30, 53, 20, 58, 93, 24, 72, 49, 59, 38, 28, 92, 67, 9, 18, 17, 87, 12, 26, 71, 74, 95, 63, 21, 47, 27, 37, 96, 23, 78, 10, 66, 6, 48, 56, 60, 64, 29, 46, 7, 36, 90, 85, 52, 42, 61, 54, 89, 41, 32, 86, 33, 55, 39, 80, 75, 50, 45, 65, 4, 0, 34, 69, 35, 44, 25, 13, 82, 70]|[2, 0, 1, 1, 2, 1, 0, 1, 2, 2, 0, 2, 0, 2, 1, 1, 1, 0, 1, 0, 0, 0, 1, 0, 1, 2, 0, 0, 1, 1, 0, 2, 1, 2, 1, 2, 2, 0, 0, 0, 2, 1, 1, 1, 0, 1, 2, 0, 1, 0, 2, 1, 2, 0, 2, 0, 0, 2, 0, 2, 0, 2, 1, 0, 1, 1, 2, 0, 2, 0, 0, 0, 1, 1, 0, 1, 0, 1, 2, 1, 2, 1, 1, 1, 2, 1, 2, 1, 0, 2, 0, 0, 1, 0, 1, 0, 1, 2, 1, 0]|[2, 2, 2, 2, 2, 4, 1, 2, 1, 0, 1, 0, 2, 1, 4, 1, 1, 2, 4, 2, 1, 0, 0, 0, 3, 2, 2, 0, 0, 1, 1, 0, 4, 1, 4, 0, 2, 0, 2, 0, 1, 0, 3, 0, 1, 0, 1, 2, 3, 1, 1, 4, 1, 2, 1, 0, 2, 1, 0, 1, 1, 1, 4, 1, 1, 4, 1, 1, 1, 1, 1, 1, 4, 4, 2, 0, 2, 4, 1, 0, 1, 4, 1, 4, 1, 4, 1, 0, 2, 1, 1, 0, 0, 0, 4, 1, 0, 1, 0, 0]|[0, 0, 1, 1, 0, 2, 0, 2, 0, 0, 0, 0, 1, 1, 0, 1, 0, 1, 3, 1, 0, 0, 0, 0, 3, 1, 0, 0, 1, 0, 1, 0, 3, 0, 0, 0, 0, 0, 1, 0, 1, 3, 1, 1, 0, 1, 0, 1, 0, 0, 0, 2, 0, 0, 0, 1, 1, 0, 0, 0, 0, 0, 1, 0, 2, 3, 0, 0, 0, 0, 0, 0, 3, 0, 1, 1, 0, 3, 0, 1, 0, 0, 2, 3, 0, 0, 0, 1, 0, 0, 1, 0, 1, 0, 0, 1, 1, 0, 2, 0]
event=638:G1_CMAX:leader:action=2,fingerprint=[51, 8, 83, 31, 94, 11, 15, 22, 57, 19, 84, 77, 73, 1, 81, 14, 99, 16, 3, 79, 2, 98, 5, 91, 62, 43, 68, 76, 97, 40, 88, 30, 53, 20, 58, 93, 24, 72, 49, 59, 38, 28, 92, 67, 9, 18, 17, 87, 12, 26, 71, 74, 95, 63, 21, 47, 27, 37, 96, 23, 78, 10, 66, 6, 48, 56, 60, 64, 29, 46, 7, 36, 90, 85, 52, 42, 61, 54, 89, 41, 32, 86, 33, 55, 39, 80, 75, 50, 45, 65, 4, 0, 34, 69, 35, 44, 25, 13, 82, 70]|[2, 0, 1, 1, 2, 1, 0, 1, 2, 2, 0, 2, 0, 2, 1, 1, 1, 0, 1, 0, 0, 0, 1, 0, 1, 2, 0, 0, 1, 1, 0, 2, 1, 2, 1, 2, 2, 0, 0, 0, 2, 1, 1, 1, 0, 1, 2, 0, 1, 0, 2, 1, 2, 0, 2, 0, 0, 2, 0, 2, 0, 2, 1, 0, 1, 1, 2, 0, 2, 0, 0, 0, 1, 1, 0, 1, 0, 1, 2, 1, 2, 1, 1, 1, 2, 1, 2, 1, 0, 2, 0, 0, 1, 0, 1, 0, 1, 2, 1, 0]|[2, 2, 2, 2, 2, 4, 1, 2, 1, 0, 1, 0, 2, 1, 4, 1, 1, 2, 4, 2, 1, 0, 0, 0, 3, 2, 2, 0, 0, 1, 1, 0, 4, 1, 4, 0, 2, 0, 2, 0, 1, 0, 3, 0, 1, 0, 1, 2, 3, 1, 1, 4, 1, 2, 1, 0, 2, 1, 0, 1, 1, 1, 4, 1, 1, 4, 1, 1, 1, 1, 1, 1, 4, 4, 2, 0, 2, 4, 1, 0, 1, 4, 1, 4, 1, 4, 1, 0, 2, 1, 1, 0, 0, 0, 4, 1, 0, 1, 0, 0]|[0, 0, 1, 1, 0, 2, 0, 2, 0, 0, 0, 0, 1, 1, 0, 1, 0, 1, 3, 1, 0, 0, 0, 0, 3, 1, 0, 0, 1, 0, 1, 0, 3, 0, 0, 0, 0, 0, 1, 0, 1, 3, 1, 1, 0, 1, 0, 1, 0, 0, 0, 2, 0, 0, 0, 1, 1, 0, 0, 0, 0, 0, 1, 0, 2, 3, 0, 0, 0, 0, 0, 0, 3, 0, 1, 1, 0, 3, 0, 1, 0, 0, 2, 3, 0, 0, 0, 1, 0, 0, 1, 0, 1, 0, 0, 1, 1, 0, 2, 0]
event=639:G4_BALANCED:action:mode=exploit,state=1,draw=0.49582162327068957,action=0
event=640:G4_BALANCED:leader:action=0,fingerprint=[51, 8, 83, 31, 94, 11, 15, 22, 57, 19, 84, 77, 73, 1, 81, 14, 98, 79, 3, 16, 2, 99, 5, 91, 62, 43, 68, 76, 97, 40, 88, 30, 53, 20, 58, 93, 24, 72, 49, 59, 38, 28, 92, 67, 9, 18, 17, 87, 12, 26, 71, 74, 95, 63, 4, 47, 27, 37, 96, 23, 78, 10, 66, 6, 48, 56, 29, 64, 60, 46, 7, 36, 34, 85, 52, 55, 61, 86, 89, 41, 32, 39, 33, 42, 54, 80, 75, 25, 70, 35, 21, 0, 90, 69, 65, 44, 50, 13, 82, 45]|[2, 0, 1, 1, 2, 1, 0, 1, 2, 0, 0, 1, 0, 1, 1, 1, 0, 2, 1, 0, 1, 1, 0, 0, 1, 2, 1, 0, 1, 0, 0, 2, 1, 0, 1, 2, 2, 0, 0, 0, 2, 1, 1, 1, 0, 0, 2, 0, 1, 2, 2, 1, 2, 0, 2, 0, 0, 2, 1, 2, 0, 2, 1, 1, 0, 2, 2, 2, 2, 1, 0, 0, 0, 1, 0, 1, 0, 1, 2, 1, 2, 2, 0, 0, 1, 1, 2, 2, 0, 2, 2, 0, 1, 0, 1, 0, 2, 2, 1, 0]|[2, 2, 2, 2, 2, 4, 1, 2, 1, 1, 0, 1, 2, 4, 4, 1, 0, 1, 4, 2, 4, 1, 1, 0, 3, 2, 3, 0, 0, 1, 1, 0, 4, 2, 4, 0, 2, 0, 2, 0, 1, 0, 3, 0, 1, 1, 1, 2, 3, 1, 2, 4, 1, 2, 1, 0, 2, 1, 3, 1, 1, 1, 4, 4, 1, 1, 1, 1, 1, 4, 1, 1, 0, 0, 2, 4, 0, 4, 1, 0, 1, 1, 1, 2, 4, 4, 1, 1, 1, 1, 1, 0, 0, 2, 4, 1, 1, 1, 0, 2]|[0, 0, 1, 1, 0, 2, 0, 2, 0, 0, 0, 0, 1, 0, 0, 1, 0, 0, 3, 1, 2, 0, 0, 0, 3, 1, 1, 0, 1, 0, 1, 0, 3, 0, 0, 0, 0, 0, 1, 0, 1, 3, 1, 1, 0, 0, 0, 1, 0, 1, 0, 2, 0, 0, 0, 1, 0, 0, 3, 0, 0, 0, 1, 0, 0, 0, 0, 0, 0, 0, 0, 0, 0, 1, 1, 3, 0, 0, 1, 1, 0, 0, 1, 0, 3, 0, 0, 0, 0, 0, 0, 0, 1, 0, 0, 1, 0, 0, 2, 0]
event=641:G2_TEC:action:mode=exploit,state=1,draw=0.02544127661125606,action=0
event=642:G2_TEC:leader:action=0,fingerprint=[51, 8, 83, 31, 94, 11, 15, 22, 57, 19, 84, 77, 73, 1, 81, 14, 98, 79, 3, 16, 2, 99, 5, 91, 62, 43, 68, 76, 97, 40, 88, 30, 53, 20, 58, 93, 24, 72, 49, 59, 38, 28, 92, 67, 9, 18, 17, 87, 12, 26, 71, 74, 95, 63, 4, 47, 27, 37, 96, 23, 78, 10, 66, 6, 48, 56, 29, 64, 60, 46, 7, 36, 34, 85, 52, 55, 61, 86, 89, 41, 32, 39, 33, 42, 54, 80, 75, 25, 70, 35, 21, 0, 90, 69, 65, 44, 50, 13, 82, 45]|[2, 0, 1, 1, 2, 1, 0, 1, 2, 0, 0, 1, 0, 1, 1, 1, 0, 2, 1, 0, 1, 1, 0, 0, 1, 2, 1, 0, 1, 0, 0, 2, 1, 0, 1, 2, 2, 0, 0, 0, 2, 1, 1, 1, 0, 0, 2, 0, 1, 2, 2, 1, 2, 0, 2, 0, 0, 2, 1, 2, 0, 2, 1, 1, 0, 2, 2, 2, 2, 1, 0, 0, 0, 1, 0, 1, 0, 1, 2, 1, 2, 2, 0, 0, 1, 1, 2, 2, 0, 2, 2, 0, 1, 0, 1, 0, 2, 2, 1, 0]|[2, 2, 2, 2, 2, 4, 1, 2, 1, 1, 0, 1, 2, 4, 4, 1, 0, 1, 4, 2, 4, 1, 1, 0, 3, 2, 3, 0, 0, 1, 1, 0, 4, 2, 4, 0, 2, 0, 2, 0, 1, 0, 3, 0, 1, 1, 1, 2, 3, 1, 2, 4, 1, 2, 1, 0, 2, 1, 3, 1, 1, 1, 4, 4, 1, 1, 1, 1, 1, 4, 1, 1, 0, 0, 2, 4, 0, 4, 1, 0, 1, 1, 1, 2, 4, 4, 1, 1, 1, 1, 1, 0, 0, 2, 4, 1, 1, 1, 0, 2]|[0, 0, 1, 1, 0, 2, 0, 2, 0, 0, 0, 0, 1, 0, 0, 1, 0, 0, 3, 1, 2, 0, 0, 0, 3, 1, 1, 0, 1, 0, 1, 0, 3, 0, 0, 0, 0, 0, 1, 0, 1, 3, 1, 1, 0, 0, 0, 1, 0, 1, 0, 2, 0, 0, 0, 1, 0, 0, 3, 0, 0, 0, 1, 0, 0, 0, 0, 0, 0, 0, 0, 0, 0, 1, 1, 3, 0, 0, 1, 1, 0, 0, 1, 0, 3, 0, 0, 0, 0, 0, 0, 0, 1, 0, 0, 1, 0, 0, 2, 0]
event=643:G3_TWC:action:mode=exploit,state=1,draw=0.46175440264122847,action=2
event=644:G3_TWC:tournament:reason=action2,left=16,right=35,selected=[51, 8, 83, 31, 94, 11, 15, 22, 57, 19, 84, 77, 73, 1, 81, 14, 98, 16, 3, 79, 2, 99, 5, 91, 62, 43, 68, 76, 97, 40, 88, 30, 53, 20, 58, 93, 24, 72, 49, 59, 38, 28, 92, 67, 9, 18, 17, 87, 12, 26, 71, 74, 95, 63, 21, 47, 27, 37, 96, 6, 78, 10, 32, 46, 48, 56, 29, 64, 60, 23, 7, 36, 90, 85, 52, 42, 61, 54, 89, 41, 4, 39, 33, 55, 82, 80, 75, 50, 45, 35, 66, 0, 34, 69, 65, 44, 25, 13, 86, 70]|[2, 0, 1, 1, 2, 1, 0, 1, 2, 0, 0, 1, 0, 1, 2, 1, 1, 0, 1, 0, 1, 1, 0, 0, 1, 2, 1, 0, 1, 1, 0, 2, 1, 2, 1, 2, 0, 0, 0, 0, 2, 1, 1, 1, 0, 1, 2, 0, 1, 0, 2, 1, 2, 0, 2, 0, 0, 2, 1, 2, 0, 2, 2, 1, 1, 2, 2, 0, 2, 0, 0, 0, 1, 1, 0, 1, 0, 1, 2, 1, 0, 2, 1, 2, 1, 1, 2, 1, 0, 2, 0, 0, 1, 0, 1, 0, 2, 2, 1, 0]|[2, 2, 0, 2, 2, 4, 1, 2, 1, 1, 1, 1, 2, 4, 1, 1, 1, 2, 4, 2, 4, 1, 1, 0, 3, 2, 3, 0, 0, 1, 1, 0, 4, 1, 4, 0, 1, 0, 2, 0, 1, 0, 3, 0, 1, 0, 1, 2, 3, 1, 1, 4, 1, 2, 1, 0, 2, 1, 3, 1, 1, 1, 1, 4, 1, 1, 1, 2, 1, 1, 1, 1, 4, 4, 2, 0, 2, 4, 1, 0, 1, 1, 1, 1, 0, 4, 1, 0, 2, 1, 0, 0, 0, 2, 4, 1, 1, 1, 4, 1]|[0, 0, 1, 1, 0, 2, 0, 2, 0, 0, 0, 0, 1, 0, 0, 1, 0, 1, 3, 1, 2, 0, 0, 0, 3, 1, 1, 0, 1, 0, 1, 0, 3, 0, 0, 0, 1, 0, 1, 0, 1, 3, 1, 1, 0, 1, 0, 1, 0, 0, 0, 2, 0, 0, 0, 1, 1, 0, 3, 0, 0, 0, 0, 0, 2, 0, 0, 0, 0, 0, 0, 0, 3, 0, 1, 1, 0, 3, 0, 1, 1, 0, 2, 0, 2, 0, 0, 1, 0, 0, 0, 0, 1, 0, 0, 1, 0, 0, 0, 0]
event=645:G3_TWC:leader:action=2,fingerprint=[51, 8, 83, 31, 94, 11, 15, 22, 57, 19, 84, 77, 73, 1, 81, 14, 98, 16, 3, 79, 2, 99, 5, 91, 62, 43, 68, 76, 97, 40, 88, 30, 53, 20, 58, 93, 24, 72, 49, 59, 38, 28, 92, 67, 9, 18, 17, 87, 12, 26, 71, 74, 95, 63, 21, 47, 27, 37, 96, 6, 78, 10, 32, 46, 48, 56, 29, 64, 60, 23, 7, 36, 90, 85, 52, 42, 61, 54, 89, 41, 4, 39, 33, 55, 82, 80, 75, 50, 45, 35, 66, 0, 34, 69, 65, 44, 25, 13, 86, 70]|[2, 0, 1, 1, 2, 1, 0, 1, 2, 0, 0, 1, 0, 1, 2, 1, 1, 0, 1, 0, 1, 1, 0, 0, 1, 2, 1, 0, 1, 1, 0, 2, 1, 2, 1, 2, 0, 0, 0, 0, 2, 1, 1, 1, 0, 1, 2, 0, 1, 0, 2, 1, 2, 0, 2, 0, 0, 2, 1, 2, 0, 2, 2, 1, 1, 2, 2, 0, 2, 0, 0, 0, 1, 1, 0, 1, 0, 1, 2, 1, 0, 2, 1, 2, 1, 1, 2, 1, 0, 2, 0, 0, 1, 0, 1, 0, 2, 2, 1, 0]|[2, 2, 0, 2, 2, 4, 1, 2, 1, 1, 1, 1, 2, 4, 1, 1, 1, 2, 4, 2, 4, 1, 1, 0, 3, 2, 3, 0, 0, 1, 1, 0, 4, 1, 4, 0, 1, 0, 2, 0, 1, 0, 3, 0, 1, 0, 1, 2, 3, 1, 1, 4, 1, 2, 1, 0, 2, 1, 3, 1, 1, 1, 1, 4, 1, 1, 1, 2, 1, 1, 1, 1, 4, 4, 2, 0, 2, 4, 1, 0, 1, 1, 1, 1, 0, 4, 1, 0, 2, 1, 0, 0, 0, 2, 4, 1, 1, 1, 4, 1]|[0, 0, 1, 1, 0, 2, 0, 2, 0, 0, 0, 0, 1, 0, 0, 1, 0, 1, 3, 1, 2, 0, 0, 0, 3, 1, 1, 0, 1, 0, 1, 0, 3, 0, 0, 0, 1, 0, 1, 0, 1, 3, 1, 1, 0, 1, 0, 1, 0, 0, 0, 2, 0, 0, 0, 1, 1, 0, 3, 0, 0, 0, 0, 0, 2, 0, 0, 0, 0, 0, 0, 0, 3, 0, 1, 1, 0, 3, 0, 1, 1, 0, 2, 0, 2, 0, 0, 1, 0, 0, 0, 0, 1, 0, 0, 1, 0, 0, 0, 0]
event=646:G1_CMAX:update:state=1,action=2,reward=-58.6855246219792,nextState=1,old=-362.4281478117482,new=-192.67358893064474
event=647:G2_TEC:update:state=1,action=0,reward=-476.15085094142705,nextState=1,old=71.69825138929446,new=-418.7922498299915
event=648:G3_TWC:update:state=1,action=2,reward=182.9132295265299,nextState=0,old=-15845.42252410304,new=182.9132295265299
event=649:G4_BALANCED:update:state=1,action=0,reward=-0.04410797200345814,nextState=1,old=-0.30525090001412725,new=-0.28830869201475995
event=650:G1_CMAX:action:mode=exploit,state=1,draw=0.6781908471455456,action=1
event=651:G1_CMAX:leader:action=1,fingerprint=[51, 8, 83, 31, 94, 11, 15, 22, 57, 19, 84, 77, 73, 1, 81, 14, 99, 16, 3, 79, 2, 98, 5, 91, 62, 43, 68, 76, 97, 40, 88, 30, 53, 20, 58, 93, 24, 72, 49, 59, 38, 28, 92, 67, 9, 18, 17, 87, 12, 26, 71, 74, 95, 63, 21, 47, 27, 37, 96, 6, 78, 10, 32, 46, 48, 56, 29, 64, 60, 23, 7, 36, 90, 85, 52, 42, 61, 54, 89, 41, 4, 39, 33, 55, 82, 80, 75, 50, 45, 35, 66, 0, 34, 69, 65, 44, 25, 13, 86, 70]|[2, 0, 1, 1, 2, 1, 0, 1, 2, 0, 0, 1, 0, 1, 2, 1, 1, 0, 1, 0, 1, 1, 1, 0, 1, 2, 1, 0, 1, 1, 0, 2, 1, 2, 1, 2, 0, 0, 0, 0, 2, 1, 1, 1, 0, 1, 2, 0, 1, 0, 2, 1, 2, 0, 2, 0, 0, 2, 0, 2, 0, 2, 2, 1, 1, 2, 2, 0, 2, 0, 0, 0, 1, 1, 0, 0, 0, 1, 2, 1, 0, 2, 1, 1, 1, 1, 2, 1, 0, 2, 0, 0, 1, 0, 1, 0, 2, 2, 1, 0]|[2, 2, 0, 2, 2, 4, 1, 2, 1, 1, 1, 1, 2, 4, 1, 1, 1, 2, 4, 2, 4, 1, 0, 0, 3, 2, 3, 0, 0, 1, 1, 0, 4, 1, 4, 0, 1, 0, 2, 0, 1, 0, 3, 0, 1, 0, 1, 2, 3, 1, 1, 4, 1, 2, 1, 0, 2, 1, 0, 1, 1, 1, 1, 4, 1, 1, 1, 2, 1, 1, 1, 1, 4, 4, 2, 1, 2, 4, 1, 0, 1, 1, 1, 4, 0, 4, 1, 0, 2, 1, 1, 0, 0, 2, 4, 1, 1, 1, 4, 1]|[0, 0, 1, 1, 0, 2, 0, 2, 0, 0, 0, 0, 1, 0, 0, 1, 0, 1, 3, 1, 2, 0, 0, 0, 3, 1, 1, 0, 1, 0, 1, 0, 3, 0, 0, 0, 1, 0, 1, 0, 1, 3, 1, 1, 0, 1, 0, 1, 0, 0, 0, 2, 0, 0, 0, 1, 1, 0, 0, 0, 0, 0, 0, 0, 2, 0, 0, 0, 0, 0, 0, 0, 3, 0, 1, 0, 0, 3, 0, 1, 1, 0, 2, 3, 2, 0, 0, 1, 0, 0, 1, 0, 1, 0, 0, 1, 0, 0, 0, 0]
event=652:G4_BALANCED:action:mode=exploit,state=1,draw=0.48966347994781123,action=0
event=653:G4_BALANCED:leader:action=0,fingerprint=[51, 8, 83, 31, 94, 11, 15, 22, 57, 19, 84, 77, 73, 1, 81, 14, 98, 79, 3, 16, 2, 99, 5, 91, 62, 43, 68, 76, 97, 40, 88, 30, 53, 20, 58, 93, 24, 72, 49, 59, 38, 28, 92, 67, 9, 18, 17, 87, 12, 26, 71, 74, 95, 63, 4, 47, 27, 37, 96, 23, 78, 10, 66, 6, 48, 56, 29, 64, 60, 46, 7, 36, 34, 85, 52, 55, 61, 86, 89, 41, 32, 39, 33, 42, 54, 80, 75, 25, 70, 35, 21, 0, 90, 69, 65, 44, 50, 13, 82, 45]|[2, 0, 1, 1, 2, 1, 0, 1, 2, 0, 0, 1, 0, 1, 1, 1, 0, 2, 1, 0, 1, 1, 0, 0, 1, 2, 1, 0, 1, 0, 0, 2, 1, 0, 1, 2, 2, 0, 0, 0, 2, 1, 1, 1, 0, 0, 2, 0, 1, 2, 2, 1, 2, 0, 2, 0, 0, 2, 1, 2, 0, 2, 1, 1, 0, 2, 2, 2, 2, 1, 0, 0, 0, 1, 0, 1, 0, 1, 2, 1, 2, 2, 0, 0, 1, 1, 2, 2, 0, 2, 2, 0, 1, 0, 1, 0, 2, 2, 1, 0]|[2, 2, 2, 2, 2, 4, 1, 2, 1, 1, 0, 1, 2, 4, 4, 1, 0, 1, 4, 2, 4, 1, 1, 0, 3, 2, 3, 0, 0, 1, 1, 0, 4, 2, 4, 0, 2, 0, 2, 0, 1, 0, 3, 0, 1, 1, 1, 2, 3, 1, 2, 4, 1, 2, 1, 0, 2, 1, 3, 1, 1, 1, 4, 4, 1, 1, 1, 1, 1, 4, 1, 1, 0, 0, 2, 4, 0, 4, 1, 0, 1, 1, 1, 2, 4, 4, 1, 1, 1, 1, 1, 0, 0, 2, 4, 1, 1, 1, 0, 2]|[0, 0, 1, 1, 0, 2, 0, 2, 0, 0, 0, 0, 1, 0, 0, 1, 0, 0, 3, 1, 2, 0, 0, 0, 3, 1, 1, 0, 1, 0, 1, 0, 3, 0, 0, 0, 0, 0, 1, 0, 1, 3, 1, 1, 0, 0, 0, 1, 0, 1, 0, 2, 0, 0, 0, 1, 0, 0, 3, 0, 0, 0, 1, 0, 0, 0, 0, 0, 0, 0, 0, 0, 0, 1, 1, 3, 0, 0, 1, 1, 0, 0, 1, 0, 3, 0, 0, 0, 0, 0, 0, 0, 1, 0, 0, 1, 0, 0, 2, 0]
event=654:G2_TEC:action:mode=exploit,state=1,draw=0.5943320978244632,action=0
event=655:G2_TEC:leader:action=0,fingerprint=[51, 8, 83, 31, 94, 11, 15, 22, 57, 19, 84, 77, 73, 1, 81, 14, 98, 79, 3, 16, 2, 99, 5, 91, 62, 43, 68, 76, 97, 40, 88, 30, 53, 20, 58, 93, 24, 72, 49, 59, 38, 28, 92, 67, 9, 18, 17, 87, 12, 26, 71, 74, 95, 63, 4, 47, 27, 37, 96, 23, 78, 10, 66, 6, 48, 56, 29, 64, 60, 46, 7, 36, 34, 85, 52, 55, 61, 86, 89, 41, 32, 39, 33, 42, 54, 80, 75, 25, 70, 35, 21, 0, 90, 69, 65, 44, 50, 13, 82, 45]|[2, 0, 1, 1, 2, 1, 0, 1, 2, 0, 0, 1, 0, 1, 1, 1, 0, 2, 1, 0, 1, 1, 0, 0, 1, 2, 1, 0, 1, 0, 0, 2, 1, 0, 1, 2, 2, 0, 0, 0, 2, 1, 1, 1, 0, 0, 2, 0, 1, 2, 2, 1, 2, 0, 2, 0, 0, 2, 1, 2, 0, 2, 1, 1, 0, 2, 2, 2, 2, 1, 0, 0, 0, 1, 0, 1, 0, 1, 2, 1, 2, 2, 0, 0, 1, 1, 2, 2, 0, 2, 2, 0, 1, 0, 1, 0, 2, 2, 1, 0]|[2, 2, 2, 2, 2, 4, 1, 2, 1, 1, 0, 1, 2, 4, 4, 1, 0, 1, 4, 2, 4, 1, 1, 0, 3, 2, 3, 0, 0, 1, 1, 0, 4, 2, 4, 0, 2, 0, 2, 0, 1, 0, 3, 0, 1, 1, 1, 2, 3, 1, 2, 4, 1, 2, 1, 0, 2, 1, 3, 1, 1, 1, 4, 4, 1, 1, 1, 1, 1, 4, 1, 1, 0, 0, 2, 4, 0, 4, 1, 0, 1, 1, 1, 2, 4, 4, 1, 1, 1, 1, 1, 0, 0, 2, 4, 1, 1, 1, 0, 2]|[0, 0, 1, 1, 0, 2, 0, 2, 0, 0, 0, 0, 1, 0, 0, 1, 0, 0, 3, 1, 2, 0, 0, 0, 3, 1, 1, 0, 1, 0, 1, 0, 3, 0, 0, 0, 0, 0, 1, 0, 1, 3, 1, 1, 0, 0, 0, 1, 0, 1, 0, 2, 0, 0, 0, 1, 0, 0, 3, 0, 0, 0, 1, 0, 0, 0, 0, 0, 0, 0, 0, 0, 0, 1, 1, 3, 0, 0, 1, 1, 0, 0, 1, 0, 3, 0, 0, 0, 0, 0, 0, 0, 1, 0, 0, 1, 0, 0, 2, 0]
event=656:G3_TWC:action:mode=exploit,state=0,draw=0.10677471577312769,action=1
event=657:G3_TWC:leader:action=1,fingerprint=[51, 8, 83, 31, 94, 11, 15, 22, 57, 19, 84, 77, 73, 1, 81, 14, 98, 16, 3, 79, 2, 99, 5, 91, 62, 43, 68, 76, 97, 40, 88, 30, 53, 20, 58, 93, 24, 72, 49, 59, 38, 28, 92, 67, 9, 18, 17, 87, 12, 26, 71, 74, 95, 63, 21, 47, 27, 37, 96, 6, 78, 10, 32, 46, 48, 56, 29, 64, 60, 23, 7, 36, 90, 85, 52, 42, 61, 54, 89, 41, 4, 39, 33, 55, 82, 80, 75, 50, 45, 35, 66, 0, 34, 69, 65, 44, 25, 13, 86, 70]|[2, 0, 1, 1, 2, 1, 0, 1, 2, 0, 0, 1, 0, 1, 2, 1, 1, 0, 1, 0, 1, 1, 0, 0, 1, 2, 1, 0, 1, 1, 0, 2, 1, 2, 1, 2, 0, 0, 0, 0, 2, 1, 1, 1, 0, 1, 2, 0, 1, 0, 2, 1, 2, 0, 2, 0, 0, 2, 1, 2, 0, 2, 2, 1, 1, 2, 2, 0, 2, 0, 0, 0, 1, 1, 0, 1, 0, 1, 2, 1, 0, 2, 1, 2, 1, 1, 2, 1, 0, 2, 0, 0, 1, 0, 1, 0, 2, 2, 1, 0]|[2, 2, 0, 2, 2, 4, 1, 2, 1, 1, 1, 1, 2, 4, 1, 1, 1, 2, 4, 2, 4, 1, 1, 0, 3, 2, 3, 0, 0, 1, 1, 0, 4, 1, 4, 0, 1, 0, 2, 0, 1, 0, 3, 0, 1, 0, 1, 2, 3, 1, 1, 4, 1, 2, 1, 0, 2, 1, 3, 1, 1, 1, 1, 4, 1, 1, 1, 2, 1, 1, 1, 1, 4, 4, 2, 0, 2, 4, 1, 0, 1, 1, 1, 1, 0, 4, 1, 0, 2, 1, 0, 0, 0, 2, 4, 1, 1, 1, 4, 1]|[0, 0, 1, 1, 0, 2, 0, 2, 0, 0, 0, 0, 1, 0, 0, 1, 0, 1, 3, 1, 2, 0, 0, 0, 3, 1, 1, 0, 1, 0, 1, 0, 3, 0, 0, 0, 1, 0, 1, 0, 1, 3, 1, 1, 0, 1, 0, 1, 0, 0, 0, 2, 0, 0, 0, 1, 1, 0, 3, 0, 0, 0, 0, 0, 2, 0, 0, 0, 0, 0, 0, 0, 3, 0, 1, 1, 0, 3, 0, 1, 1, 0, 2, 0, 2, 0, 0, 1, 0, 0, 0, 0, 1, 0, 0, 1, 0, 0, 0, 0]
event=658:G1_CMAX:update:state=1,action=1,reward=-13.649388474275497,nextState=1,old=-167.4850803858319,new=-147.63745278294104
event=659:G2_TEC:update:state=1,action=0,reward=12.031433847121662,nextState=0,old=-418.7922498299915,new=-248.20061718364246
event=660:G3_TWC:update:state=0,action=1,reward=107.89496580474952,nextState=0,old=0.0,new=107.89496580474952
event=661:G4_BALANCED:update:state=1,action=0,reward=-0.03534945823918991,nextState=1,old=-0.28830869201475995,new=-0.26599641185099787
event=662:G1_CMAX:action:mode=exploit,state=1,draw=0.7185679545220035,action=1
event=663:G1_CMAX:leader:action=1,fingerprint=[51, 83, 31, 94, 11, 22, 57, 19, 84, 77, 49, 23, 24, 93, 58, 20, 53, 30, 88, 40, 97, 76, 68, 43, 62, 69, 5, 98, 2, 79, 3, 16, 99, 14, 81, 1, 15, 73, 59, 38, 28, 92, 67, 9, 18, 17, 87, 12, 26, 71, 74, 95, 63, 21, 47, 27, 37, 96, 6, 78, 10, 66, 72, 48, 56, 60, 64, 29, 46, 7, 36, 90, 85, 52, 42, 61, 54, 89, 41, 4, 39, 33, 55, 86, 80, 75, 34, 82, 35, 65, 0, 50, 91, 32, 44, 8, 25, 13, 45, 70]|[2, 1, 1, 2, 1, 1, 2, 0, 0, 1, 0, 0, 0, 2, 1, 0, 1, 2, 0, 1, 1, 0, 1, 2, 1, 0, 0, 1, 1, 0, 1, 0, 0, 1, 1, 1, 0, 0, 0, 2, 1, 1, 1, 0, 1, 2, 0, 1, 0, 2, 1, 2, 0, 2, 2, 0, 2, 0, 2, 0, 2, 0, 0, 1, 1, 2, 2, 2, 1, 0, 0, 2, 1, 0, 0, 2, 1, 2, 1, 0, 2, 1, 2, 1, 1, 2, 1, 1, 2, 1, 0, 1, 0, 1, 0, 0, 2, 2, 0, 0]|[2, 2, 2, 2, 4, 2, 1, 1, 1, 1, 2, 1, 1, 0, 4, 2, 4, 0, 1, 1, 0, 1, 3, 2, 3, 1, 1, 1, 4, 2, 4, 2, 1, 1, 4, 4, 1, 2, 1, 1, 0, 3, 0, 1, 0, 1, 2, 3, 1, 1, 4, 1, 2, 1, 1, 2, 1, 1, 1, 1, 1, 0, 1, 1, 0, 1, 1, 1, 4, 1, 1, 1, 4, 2, 1, 0, 4, 1, 0, 1, 1, 1, 1, 4, 4, 1, 0, 0, 1, 4, 0, 0, 0, 4, 1, 2, 1, 1, 2, 1]|[0, 1, 1, 0, 2, 2, 0, 0, 0, 0, 1, 0, 1, 0, 0, 0, 3, 0, 1, 0, 1, 0, 1, 1, 3, 0, 0, 0, 2, 1, 3, 1, 0, 1, 0, 0, 0, 1, 0, 1, 3, 1, 1, 0, 1, 0, 1, 0, 0, 0, 2, 0, 0, 0, 0, 1, 0, 0, 0, 0, 0, 0, 0, 2, 1, 0, 0, 0, 0, 0, 0, 0, 0, 1, 0, 0, 3, 0, 1, 1, 0, 2, 0, 0, 0, 0, 1, 2, 0, 0, 0, 1, 0, 0, 1, 0, 0, 0, 0, 0]
event=664:G4_BALANCED:action:mode=explore,state=1,draw=0.9190494134914167,action=0
event=665:G4_BALANCED:leader:action=0,fingerprint=[51, 8, 83, 31, 94, 11, 15, 22, 57, 19, 84, 77, 73, 1, 81, 14, 98, 79, 3, 16, 2, 99, 5, 91, 62, 43, 68, 76, 97, 40, 88, 30, 53, 20, 58, 93, 24, 72, 49, 59, 38, 28, 92, 67, 9, 18, 17, 87, 12, 26, 71, 74, 95, 63, 4, 47, 27, 37, 96, 23, 78, 10, 66, 6, 48, 56, 29, 64, 60, 46, 7, 36, 34, 85, 52, 55, 61, 86, 89, 41, 32, 39, 33, 42, 54, 80, 75, 25, 70, 35, 21, 0, 90, 69, 65, 44, 50, 13, 82, 45]|[2, 0, 1, 1, 2, 1, 0, 1, 2, 0, 0, 1, 0, 1, 1, 1, 0, 2, 1, 0, 1, 1, 0, 0, 1, 2, 1, 0, 1, 0, 0, 2, 1, 0, 1, 2, 2, 0, 0, 0, 2, 1, 1, 1, 0, 0, 2, 0, 1, 2, 2, 1, 2, 0, 2, 0, 0, 2, 1, 2, 0, 2, 1, 1, 0, 2, 2, 2, 2, 1, 0, 0, 0, 1, 0, 1, 0, 1, 2, 1, 2, 2, 0, 0, 1, 1, 2, 2, 0, 2, 2, 0, 1, 0, 1, 0, 2, 2, 1, 0]|[2, 2, 2, 2, 2, 4, 1, 2, 1, 1, 0, 1, 2, 4, 4, 1, 0, 1, 4, 2, 4, 1, 1, 0, 3, 2, 3, 0, 0, 1, 1, 0, 4, 2, 4, 0, 2, 0, 2, 0, 1, 0, 3, 0, 1, 1, 1, 2, 3, 1, 2, 4, 1, 2, 1, 0, 2, 1, 3, 1, 1, 1, 4, 4, 1, 1, 1, 1, 1, 4, 1, 1, 0, 0, 2, 4, 0, 4, 1, 0, 1, 1, 1, 2, 4, 4, 1, 1, 1, 1, 1, 0, 0, 2, 4, 1, 1, 1, 0, 2]|[0, 0, 1, 1, 0, 2, 0, 2, 0, 0, 0, 0, 1, 0, 0, 1, 0, 0, 3, 1, 2, 0, 0, 0, 3, 1, 1, 0, 1, 0, 1, 0, 3, 0, 0, 0, 0, 0, 1, 0, 1, 3, 1, 1, 0, 0, 0, 1, 0, 1, 0, 2, 0, 0, 0, 1, 0, 0, 3, 0, 0, 0, 1, 0, 0, 0, 0, 0, 0, 0, 0, 0, 0, 1, 1, 3, 0, 0, 1, 1, 0, 0, 1, 0, 3, 0, 0, 0, 0, 0, 0, 0, 1, 0, 0, 1, 0, 0, 2, 0]
event=666:G2_TEC:action:mode=exploit,state=0,draw=0.07445871527050252,action=1
event=667:G2_TEC:leader:action=1,fingerprint=[51, 8, 83, 31, 94, 11, 15, 22, 57, 19, 84, 77, 73, 1, 81, 14, 98, 79, 3, 16, 2, 99, 5, 91, 62, 43, 68, 76, 97, 40, 88, 30, 53, 20, 58, 93, 24, 72, 49, 59, 38, 28, 92, 67, 9, 18, 17, 87, 12, 26, 71, 74, 95, 63, 4, 47, 27, 37, 96, 23, 78, 10, 66, 6, 48, 56, 29, 64, 60, 46, 7, 36, 34, 85, 52, 55, 61, 86, 89, 41, 32, 39, 33, 42, 54, 80, 75, 25, 70, 35, 21, 0, 90, 69, 65, 44, 50, 13, 82, 45]|[2, 0, 1, 1, 2, 1, 0, 1, 2, 0, 0, 1, 0, 1, 1, 1, 0, 2, 1, 0, 1, 1, 0, 0, 1, 2, 1, 0, 1, 0, 0, 2, 1, 0, 1, 2, 2, 0, 0, 0, 2, 1, 1, 1, 0, 0, 2, 0, 1, 2, 2, 1, 2, 0, 2, 0, 0, 2, 1, 2, 0, 2, 1, 1, 0, 2, 2, 2, 2, 1, 0, 0, 0, 1, 0, 1, 0, 1, 2, 1, 2, 2, 0, 0, 1, 1, 2, 2, 0, 2, 2, 0, 1, 0, 1, 0, 2, 2, 1, 0]|[2, 2, 2, 2, 2, 4, 1, 2, 1, 1, 0, 1, 2, 4, 4, 1, 0, 1, 4, 2, 4, 1, 1, 0, 3, 2, 3, 0, 0, 1, 1, 0, 4, 2, 4, 0, 2, 0, 2, 0, 1, 0, 3, 0, 1, 1, 1, 2, 3, 1, 2, 4, 1, 2, 1, 0, 2, 1, 3, 1, 1, 1, 4, 4, 1, 1, 1, 1, 1, 4, 1, 1, 0, 0, 2, 4, 0, 4, 1, 0, 1, 1, 1, 2, 4, 4, 1, 1, 1, 1, 1, 0, 0, 2, 4, 1, 1, 1, 0, 2]|[0, 0, 1, 1, 0, 2, 0, 2, 0, 0, 0, 0, 1, 0, 0, 1, 0, 0, 3, 1, 2, 0, 0, 0, 3, 1, 1, 0, 1, 0, 1, 0, 3, 0, 0, 0, 0, 0, 1, 0, 1, 3, 1, 1, 0, 0, 0, 1, 0, 1, 0, 2, 0, 0, 0, 1, 0, 0, 3, 0, 0, 0, 1, 0, 0, 0, 0, 0, 0, 0, 0, 0, 0, 1, 1, 3, 0, 0, 1, 1, 0, 0, 1, 0, 3, 0, 0, 0, 0, 0, 0, 0, 1, 0, 0, 1, 0, 0, 2, 0]
event=668:G3_TWC:action:mode=exploit,state=0,draw=0.705233118611349,action=1
event=669:G3_TWC:leader:action=1,fingerprint=[51, 8, 83, 94, 11, 15, 77, 84, 19, 57, 22, 73, 81, 14, 16, 3, 79, 2, 99, 31, 5, 91, 20, 98, 76, 34, 67, 68, 48, 88, 30, 53, 43, 62, 92, 28, 38, 59, 49, 72, 24, 93, 58, 9, 18, 17, 87, 12, 26, 71, 74, 95, 63, 21, 47, 27, 37, 96, 6, 78, 10, 32, 46, 40, 82, 29, 64, 60, 23, 7, 36, 90, 85, 52, 42, 61, 89, 41, 4, 39, 33, 56, 45, 80, 97, 0, 66, 35, 55, 50, 75, 1, 54, 69, 65, 44, 25, 13, 86, 70]|[2, 0, 1, 2, 1, 0, 1, 0, 0, 2, 1, 0, 1, 1, 0, 1, 0, 1, 1, 1, 0, 0, 2, 1, 0, 1, 1, 1, 1, 0, 2, 1, 2, 1, 1, 1, 2, 0, 0, 0, 0, 2, 1, 0, 1, 2, 0, 1, 0, 2, 1, 2, 0, 2, 0, 0, 2, 1, 0, 0, 2, 2, 1, 1, 1, 2, 0, 2, 0, 0, 0, 1, 1, 0, 2, 0, 2, 1, 0, 2, 1, 2, 1, 1, 1, 0, 0, 2, 1, 2, 2, 1, 1, 0, 1, 0, 2, 2, 1, 0]|[2, 2, 4, 2, 2, 1, 1, 1, 1, 1, 2, 2, 4, 1, 2, 4, 2, 4, 1, 0, 1, 0, 1, 1, 0, 0, 0, 3, 1, 1, 0, 4, 2, 3, 3, 0, 1, 0, 2, 0, 1, 0, 4, 1, 0, 1, 2, 3, 1, 1, 4, 1, 2, 1, 0, 2, 1, 3, 1, 1, 1, 1, 4, 1, 0, 1, 2, 1, 1, 1, 1, 4, 4, 2, 1, 1, 1, 0, 1, 1, 1, 1, 0, 4, 0, 0, 0, 1, 4, 1, 1, 4, 4, 0, 4, 1, 1, 1, 4, 1]|[0, 0, 2, 0, 1, 0, 0, 0, 0, 0, 2, 1, 0, 1, 1, 3, 1, 2, 0, 1, 0, 0, 0, 0, 0, 1, 1, 1, 2, 1, 0, 3, 1, 3, 1, 3, 1, 0, 1, 0, 1, 0, 0, 0, 1, 0, 1, 0, 0, 0, 2, 0, 0, 0, 1, 1, 0, 3, 0, 0, 0, 0, 0, 0, 2, 0, 0, 0, 0, 0, 0, 3, 0, 1, 0, 0, 0, 1, 1, 0, 2, 0, 2, 0, 1, 0, 0, 0, 3, 0, 0, 0, 3, 0, 0, 1, 0, 0, 0, 0]
event=670:G1_CMAX:update:state=1,action=1,reward=-167.78750173703963,nextState=1,old=-147.63745278294104,new=-285.89746396339245
event=671:G2_TEC:update:state=0,action=1,reward=-1590.4154704894027,nextState=1,old=-325.29006378845514,new=-1788.9759642363167
event=672:G3_TWC:update:state=0,action=1,reward=-8532.489208525236,nextState=1,old=107.89496580474952,new=-8386.158624904012
event=673:G4_BALANCED:update:state=1,action=0,reward=-0.17211240223423538,nextState=1,old=-0.26599641185099787,new=-0.3849095317150337
event=674:G1_CMAX:action:mode=exploit,state=1,draw=0.4785517395873241,action=2
event=675:G1_CMAX:tournament:reason=action2,left=40,right=33,selected=[51, 8, 83, 50, 94, 11, 15, 22, 57, 19, 84, 77, 73, 1, 81, 14, 98, 16, 53, 44, 2, 40, 5, 91, 62, 68, 76, 97, 99, 88, 30, 3, 20, 58, 93, 24, 72, 49, 42, 38, 28, 92, 67, 9, 18, 87, 12, 26, 71, 74, 95, 63, 21, 17, 47, 27, 37, 78, 10, 32, 46, 48, 56, 6, 29, 64, 60, 23, 7, 36, 90, 85, 52, 59, 61, 54, 89, 41, 4, 33, 55, 96, 82, 80, 75, 31, 45, 35, 43, 39, 66, 0, 34, 69, 65, 79, 25, 13, 86, 70]|[2, 0, 1, 1, 2, 1, 0, 1, 2, 0, 0, 1, 0, 1, 1, 1, 1, 0, 1, 0, 1, 1, 0, 0, 1, 1, 0, 1, 1, 0, 2, 1, 2, 1, 2, 0, 0, 0, 0, 2, 1, 1, 1, 0, 1, 0, 1, 0, 2, 1, 2, 0, 2, 2, 0, 0, 2, 0, 2, 2, 1, 1, 2, 2, 2, 0, 2, 0, 0, 0, 1, 2, 0, 1, 0, 1, 2, 1, 0, 1, 1, 1, 1, 1, 2, 1, 0, 2, 2, 2, 0, 0, 1, 0, 1, 0, 2, 0, 1, 2]|[1, 0, 2, 0, 1, 4, 1, 2, 1, 1, 1, 1, 2, 4, 4, 1, 1, 2, 4, 2, 4, 1, 2, 0, 3, 3, 0, 0, 1, 1, 1, 4, 1, 4, 0, 1, 0, 2, 0, 1, 0, 3, 0, 1, 0, 2, 3, 1, 1, 4, 1, 2, 1, 1, 0, 2, 1, 1, 1, 1, 4, 1, 1, 1, 1, 1, 1, 1, 1, 1, 4, 1, 2, 0, 2, 4, 1, 0, 1, 1, 4, 3, 0, 4, 1, 0, 2, 1, 2, 1, 0, 0, 0, 2, 4, 2, 1, 1, 4, 0]|[0, 0, 1, 1, 0, 2, 0, 2, 0, 0, 0, 0, 1, 0, 0, 1, 0, 1, 3, 1, 2, 0, 0, 0, 3, 1, 0, 1, 0, 1, 0, 3, 0, 0, 0, 1, 0, 1, 0, 1, 3, 1, 1, 0, 1, 1, 0, 0, 0, 2, 0, 0, 0, 0, 1, 1, 0, 0, 0, 0, 0, 2, 0, 0, 0, 0, 0, 0, 0, 0, 3, 0, 1, 1, 0, 3, 0, 1, 1, 2, 3, 3, 2, 0, 0, 1, 0, 0, 1, 0, 0, 0, 1, 0, 0, 1, 0, 0, 0, 1]
event=676:G1_CMAX:leader:action=2,fingerprint=[51, 8, 83, 50, 94, 11, 15, 22, 57, 19, 84, 77, 73, 1, 81, 14, 98, 16, 53, 44, 2, 40, 5, 91, 62, 68, 76, 97, 99, 88, 30, 3, 20, 58, 93, 24, 72, 49, 42, 38, 28, 92, 67, 9, 18, 87, 12, 26, 71, 74, 95, 63, 21, 17, 47, 27, 37, 78, 10, 32, 46, 48, 56, 6, 29, 64, 60, 23, 7, 36, 90, 85, 52, 59, 61, 54, 89, 41, 4, 33, 55, 96, 82, 80, 75, 31, 45, 35, 43, 39, 66, 0, 34, 69, 65, 79, 25, 13, 86, 70]|[2, 0, 1, 1, 2, 1, 0, 1, 2, 0, 0, 1, 0, 1, 1, 1, 1, 0, 1, 0, 1, 1, 0, 0, 1, 1, 0, 1, 1, 0, 2, 1, 2, 1, 2, 0, 0, 0, 0, 2, 1, 1, 1, 0, 1, 0, 1, 0, 2, 1, 2, 0, 2, 2, 0, 0, 2, 0, 2, 2, 1, 1, 2, 2, 2, 0, 2, 0, 0, 0, 1, 2, 0, 1, 0, 1, 2, 1, 0, 1, 1, 1, 1, 1, 2, 1, 0, 2, 2, 2, 0, 0, 1, 0, 1, 0, 2, 0, 1, 2]|[1, 0, 2, 0, 1, 4, 1, 2, 1, 1, 1, 1, 2, 4, 4, 1, 1, 2, 4, 2, 4, 1, 2, 0, 3, 3, 0, 0, 1, 1, 1, 4, 1, 4, 0, 1, 0, 2, 0, 1, 0, 3, 0, 1, 0, 2, 3, 1, 1, 4, 1, 2, 1, 1, 0, 2, 1, 1, 1, 1, 4, 1, 1, 1, 1, 1, 1, 1, 1, 1, 4, 1, 2, 0, 2, 4, 1, 0, 1, 1, 4, 3, 0, 4, 1, 0, 2, 1, 2, 1, 0, 0, 0, 2, 4, 2, 1, 1, 4, 0]|[0, 0, 1, 1, 0, 2, 0, 2, 0, 0, 0, 0, 1, 0, 0, 1, 0, 1, 3, 1, 2, 0, 0, 0, 3, 1, 0, 1, 0, 1, 0, 3, 0, 0, 0, 1, 0, 1, 0, 1, 3, 1, 1, 0, 1, 1, 0, 0, 0, 2, 0, 0, 0, 0, 1, 1, 0, 0, 0, 0, 0, 2, 0, 0, 0, 0, 0, 0, 0, 0, 3, 0, 1, 1, 0, 3, 0, 1, 1, 2, 3, 3, 2, 0, 0, 1, 0, 0, 1, 0, 0, 0, 1, 0, 0, 1, 0, 0, 0, 1]
event=677:G4_BALANCED:action:mode=exploit,state=1,draw=0.11786847529710698,action=2
event=678:G4_BALANCED:tournament:reason=action2,left=22,right=19,selected=[51, 8, 83, 94, 11, 15, 22, 57, 19, 84, 77, 73, 1, 81, 14, 98, 16, 3, 79, 2, 68, 5, 91, 62, 31, 43, 45, 20, 53, 30, 88, 40, 97, 76, 99, 93, 24, 72, 49, 59, 38, 28, 92, 67, 9, 18, 17, 87, 12, 26, 71, 74, 95, 63, 21, 47, 27, 37, 96, 6, 78, 10, 32, 86, 69, 90, 0, 4, 35, 80, 48, 75, 33, 65, 42, 58, 39, 66, 41, 25, 50, 56, 29, 64, 60, 23, 7, 36, 34, 85, 52, 89, 61, 54, 46, 44, 55, 13, 82, 70]|[2, 0, 1, 2, 1, 0, 1, 2, 2, 0, 1, 0, 1, 2, 1, 1, 0, 1, 0, 1, 1, 0, 0, 1, 1, 2, 1, 2, 1, 2, 0, 1, 0, 0, 1, 2, 0, 0, 0, 0, 2, 1, 1, 1, 0, 1, 2, 0, 1, 0, 2, 1, 2, 0, 2, 0, 0, 2, 0, 2, 0, 2, 2, 1, 0, 1, 0, 0, 2, 1, 1, 2, 1, 1, 1, 1, 2, 0, 1, 0, 1, 1, 2, 0, 2, 0, 1, 0, 1, 1, 0, 2, 0, 1, 1, 0, 2, 2, 1, 0]|[2, 2, 2, 2, 4, 1, 2, 1, 0, 1, 1, 2, 4, 1, 1, 1, 2, 4, 2, 4, 3, 1, 0, 3, 0, 2, 0, 1, 4, 0, 1, 1, 2, 0, 1, 0, 1, 0, 2, 0, 1, 0, 3, 0, 1, 0, 1, 2, 3, 1, 1, 4, 1, 2, 1, 0, 2, 1, 0, 1, 1, 1, 1, 4, 2, 4, 0, 1, 1, 4, 1, 1, 1, 4, 0, 4, 1, 0, 0, 0, 0, 4, 1, 2, 1, 1, 4, 1, 0, 4, 2, 1, 2, 4, 4, 1, 1, 1, 0, 1]|[0, 0, 1, 0, 1, 0, 2, 0, 0, 0, 0, 1, 0, 0, 1, 0, 1, 3, 1, 2, 1, 0, 0, 3, 1, 1, 1, 0, 3, 0, 1, 0, 0, 0, 0, 0, 1, 0, 1, 0, 1, 3, 1, 1, 0, 1, 0, 1, 0, 0, 0, 2, 0, 0, 0, 1, 1, 0, 0, 0, 0, 0, 0, 0, 0, 3, 0, 1, 0, 0, 2, 0, 2, 0, 1, 0, 0, 0, 1, 0, 1, 3, 0, 0, 0, 0, 0, 0, 1, 0, 1, 0, 0, 3, 0, 1, 0, 0, 2, 0]
event=679:G4_BALANCED:leader:action=2,fingerprint=[51, 8, 83, 94, 11, 15, 22, 57, 19, 84, 77, 73, 1, 81, 14, 98, 16, 3, 79, 2, 68, 5, 91, 62, 31, 43, 45, 20, 53, 30, 88, 40, 97, 76, 99, 93, 24, 72, 49, 59, 38, 28, 92, 67, 9, 18, 17, 87, 12, 26, 71, 74, 95, 63, 21, 47, 27, 37, 96, 6, 78, 10, 32, 86, 69, 90, 0, 4, 35, 80, 48, 75, 33, 65, 42, 58, 39, 66, 41, 25, 50, 56, 29, 64, 60, 23, 7, 36, 34, 85, 52, 89, 61, 54, 46, 44, 55, 13, 82, 70]|[2, 0, 1, 2, 1, 0, 1, 2, 2, 0, 1, 0, 1, 2, 1, 1, 0, 1, 0, 1, 1, 0, 0, 1, 1, 2, 1, 2, 1, 2, 0, 1, 0, 0, 1, 2, 0, 0, 0, 0, 2, 1, 1, 1, 0, 1, 2, 0, 1, 0, 2, 1, 2, 0, 2, 0, 0, 2, 0, 2, 0, 2, 2, 1, 0, 1, 0, 0, 2, 1, 1, 2, 1, 1, 1, 1, 2, 0, 1, 0, 1, 1, 2, 0, 2, 0, 1, 0, 1, 1, 0, 2, 0, 1, 1, 0, 2, 2, 1, 0]|[2, 2, 2, 2, 4, 1, 2, 1, 0, 1, 1, 2, 4, 1, 1, 1, 2, 4, 2, 4, 3, 1, 0, 3, 0, 2, 0, 1, 4, 0, 1, 1, 2, 0, 1, 0, 1, 0, 2, 0, 1, 0, 3, 0, 1, 0, 1, 2, 3, 1, 1, 4, 1, 2, 1, 0, 2, 1, 0, 1, 1, 1, 1, 4, 2, 4, 0, 1, 1, 4, 1, 1, 1, 4, 0, 4, 1, 0, 0, 0, 0, 4, 1, 2, 1, 1, 4, 1, 0, 4, 2, 1, 2, 4, 4, 1, 1, 1, 0, 1]|[0, 0, 1, 0, 1, 0, 2, 0, 0, 0, 0, 1, 0, 0, 1, 0, 1, 3, 1, 2, 1, 0, 0, 3, 1, 1, 1, 0, 3, 0, 1, 0, 0, 0, 0, 0, 1, 0, 1, 0, 1, 3, 1, 1, 0, 1, 0, 1, 0, 0, 0, 2, 0, 0, 0, 1, 1, 0, 0, 0, 0, 0, 0, 0, 0, 3, 0, 1, 0, 0, 2, 0, 2, 0, 1, 0, 0, 0, 1, 0, 1, 3, 0, 0, 0, 0, 0, 0, 1, 0, 1, 0, 0, 3, 0, 1, 0, 0, 2, 0]
event=680:G2_TEC:action:mode=exploit,state=1,draw=0.09211777892447892,action=0
event=681:G2_TEC:leader:action=0,fingerprint=[51, 8, 83, 31, 94, 11, 15, 22, 57, 19, 84, 77, 73, 1, 81, 14, 98, 79, 3, 16, 2, 99, 5, 91, 62, 43, 68, 76, 97, 40, 88, 30, 53, 20, 58, 93, 24, 72, 49, 59, 38, 28, 92, 67, 9, 18, 17, 87, 12, 26, 71, 74, 95, 63, 4, 47, 27, 37, 96, 23, 78, 10, 66, 6, 48, 56, 29, 64, 60, 46, 7, 36, 34, 85, 52, 55, 61, 86, 89, 41, 32, 39, 33, 42, 54, 80, 75, 25, 70, 35, 21, 0, 90, 69, 65, 44, 50, 13, 82, 45]|[2, 0, 1, 1, 2, 1, 0, 1, 2, 0, 0, 1, 0, 1, 1, 1, 0, 2, 1, 0, 1, 1, 0, 0, 1, 2, 1, 0, 1, 0, 0, 2, 1, 0, 1, 2, 2, 0, 0, 0, 2, 1, 1, 1, 0, 0, 2, 0, 1, 2, 2, 1, 2, 0, 2, 0, 0, 2, 1, 2, 0, 2, 1, 1, 0, 2, 2, 2, 2, 1, 0, 0, 0, 1, 0, 1, 0, 1, 2, 1, 2, 2, 0, 0, 1, 1, 2, 2, 0, 2, 2, 0, 1, 0, 1, 0, 2, 2, 1, 0]|[2, 2, 2, 2, 2, 4, 1, 2, 1, 1, 0, 1, 2, 4, 4, 1, 0, 1, 4, 2, 4, 1, 1, 0, 3, 2, 3, 0, 0, 1, 1, 0, 4, 2, 4, 0, 2, 0, 2, 0, 1, 0, 3, 0, 1, 1, 1, 2, 3, 1, 2, 4, 1, 2, 1, 0, 2, 1, 3, 1, 1, 1, 4, 4, 1, 1, 1, 1, 1, 4, 1, 1, 0, 0, 2, 4, 0, 4, 1, 0, 1, 1, 1, 2, 4, 4, 1, 1, 1, 1, 1, 0, 0, 2, 4, 1, 1, 1, 0, 2]|[0, 0, 1, 1, 0, 2, 0, 2, 0, 0, 0, 0, 1, 0, 0, 1, 0, 0, 3, 1, 2, 0, 0, 0, 3, 1, 1, 0, 1, 0, 1, 0, 3, 0, 0, 0, 0, 0, 1, 0, 1, 3, 1, 1, 0, 0, 0, 1, 0, 1, 0, 2, 0, 0, 0, 1, 0, 0, 3, 0, 0, 0, 1, 0, 0, 0, 0, 0, 0, 0, 0, 0, 0, 1, 1, 3, 0, 0, 1, 1, 0, 0, 1, 0, 3, 0, 0, 0, 0, 0, 0, 0, 1, 0, 0, 1, 0, 0, 2, 0]
event=682:G3_TWC:action:mode=explore,state=1,draw=0.8914379351634097,action=0
event=683:G3_TWC:leader:action=0,fingerprint=[51, 8, 83, 94, 11, 15, 77, 84, 19, 57, 22, 73, 81, 14, 16, 3, 79, 2, 99, 31, 5, 91, 20, 98, 76, 34, 67, 68, 48, 88, 30, 53, 43, 62, 92, 28, 38, 59, 49, 72, 24, 93, 58, 9, 18, 17, 87, 12, 26, 71, 74, 95, 63, 21, 47, 27, 37, 96, 6, 78, 10, 32, 46, 40, 82, 29, 64, 60, 23, 7, 36, 90, 85, 52, 42, 61, 89, 41, 4, 39, 33, 56, 45, 80, 97, 0, 66, 35, 55, 50, 75, 1, 54, 69, 65, 44, 25, 13, 86, 70]|[2, 0, 1, 2, 1, 0, 1, 0, 0, 2, 1, 0, 1, 1, 0, 1, 0, 1, 1, 1, 0, 0, 2, 1, 0, 1, 1, 1, 1, 0, 2, 1, 2, 1, 1, 1, 2, 0, 0, 0, 0, 2, 1, 0, 1, 2, 0, 1, 0, 2, 1, 2, 0, 2, 0, 0, 2, 1, 0, 0, 2, 2, 1, 1, 1, 2, 0, 2, 0, 0, 0, 1, 1, 0, 2, 0, 2, 1, 0, 2, 1, 2, 1, 1, 1, 0, 0, 2, 1, 2, 2, 1, 1, 0, 1, 0, 2, 2, 1, 0]|[2, 2, 4, 2, 2, 1, 1, 1, 1, 1, 2, 2, 4, 1, 2, 4, 2, 4, 1, 0, 1, 0, 1, 1, 0, 0, 0, 3, 1, 1, 0, 4, 2, 3, 3, 0, 1, 0, 2, 0, 1, 0, 4, 1, 0, 1, 2, 3, 1, 1, 4, 1, 2, 1, 0, 2, 1, 3, 1, 1, 1, 1, 4, 1, 0, 1, 2, 1, 1, 1, 1, 4, 4, 2, 1, 1, 1, 0, 1, 1, 1, 1, 0, 4, 0, 0, 0, 1, 4, 1, 1, 4, 4, 0, 4, 1, 1, 1, 4, 1]|[0, 0, 2, 0, 1, 0, 0, 0, 0, 0, 2, 1, 0, 1, 1, 3, 1, 2, 0, 1, 0, 0, 0, 0, 0, 1, 1, 1, 2, 1, 0, 3, 1, 3, 1, 3, 1, 0, 1, 0, 1, 0, 0, 0, 1, 0, 1, 0, 0, 0, 2, 0, 0, 0, 1, 1, 0, 3, 0, 0, 0, 0, 0, 0, 2, 0, 0, 0, 0, 0, 0, 3, 0, 1, 0, 0, 0, 1, 1, 0, 2, 0, 2, 0, 1, 0, 0, 0, 3, 0, 0, 0, 3, 0, 0, 1, 0, 0, 0, 0]
event=684:G1_CMAX:update:state=1,action=2,reward=-64.73480273356324,nextState=1,old=-192.67358893064474,new=-218.87367387807905
event=685:G2_TEC:update:state=1,action=0,reward=-504.0948765850335,nextState=1,old=-248.20061718364246,new=-702.6553703319474
event=686:G3_TWC:update:state=1,action=0,reward=-5288.502554558523,nextState=1,old=-32208.54714640048,new=-5142.171970937299
event=687:G4_BALANCED:update:state=1,action=2,reward=-0.10205012302054092,nextState=1,old=-0.3302061430519097,new=-0.36621503746206874
event=688:G1_CMAX:action:mode=explore,state=1,draw=0.8210813425213278,action=1
event=689:G1_CMAX:leader:action=1,fingerprint=[51, 8, 83, 50, 94, 11, 15, 22, 57, 19, 84, 77, 73, 1, 81, 14, 98, 16, 53, 44, 2, 40, 5, 91, 62, 68, 76, 97, 99, 88, 30, 3, 20, 58, 93, 24, 72, 49, 42, 38, 28, 92, 67, 9, 18, 87, 12, 26, 71, 74, 95, 63, 21, 17, 47, 27, 37, 78, 10, 32, 46, 48, 56, 6, 29, 64, 60, 23, 7, 36, 90, 85, 52, 59, 61, 54, 89, 41, 4, 33, 55, 96, 82, 80, 75, 31, 45, 35, 43, 39, 66, 0, 34, 69, 65, 79, 25, 13, 86, 70]|[2, 0, 1, 1, 2, 1, 0, 1, 2, 0, 0, 1, 0, 1, 1, 1, 1, 0, 1, 0, 1, 1, 0, 0, 1, 1, 0, 1, 1, 0, 2, 1, 2, 1, 2, 0, 0, 0, 0, 2, 1, 1, 1, 0, 1, 0, 1, 0, 2, 1, 2, 0, 2, 2, 0, 0, 2, 0, 2, 2, 1, 1, 2, 2, 2, 0, 2, 0, 0, 0, 1, 2, 0, 1, 0, 1, 2, 1, 0, 1, 1, 1, 1, 1, 2, 1, 0, 2, 2, 2, 0, 0, 1, 0, 1, 0, 2, 0, 1, 2]|[1, 0, 2, 0, 1, 4, 1, 2, 1, 1, 1, 1, 2, 4, 4, 1, 1, 2, 4, 2, 4, 1, 2, 0, 3, 3, 0, 0, 1, 1, 1, 4, 1, 4, 0, 1, 0, 2, 0, 1, 0, 3, 0, 1, 0, 2, 3, 1, 1, 4, 1, 2, 1, 1, 0, 2, 1, 1, 1, 1, 4, 1, 1, 1, 1, 1, 1, 1, 1, 1, 4, 1, 2, 0, 2, 4, 1, 0, 1, 1, 4, 3, 0, 4, 1, 0, 2, 1, 2, 1, 0, 0, 0, 2, 4, 2, 1, 1, 4, 0]|[0, 0, 1, 1, 0, 2, 0, 2, 0, 0, 0, 0, 1, 0, 0, 1, 0, 1, 3, 1, 2, 0, 0, 0, 3, 1, 0, 1, 0, 1, 0, 3, 0, 0, 0, 1, 0, 1, 0, 1, 3, 1, 1, 0, 1, 1, 0, 0, 0, 2, 0, 0, 0, 0, 1, 1, 0, 0, 0, 0, 0, 2, 0, 0, 0, 0, 0, 0, 0, 0, 3, 0, 1, 1, 0, 3, 0, 1, 1, 2, 3, 3, 2, 0, 0, 1, 0, 0, 1, 0, 0, 0, 1, 0, 0, 1, 0, 0, 0, 1]
event=690:G4_BALANCED:action:mode=exploit,state=1,draw=0.7136552932894582,action=1
event=691:G4_BALANCED:leader:action=1,fingerprint=[51, 8, 83, 31, 94, 11, 15, 22, 57, 19, 84, 77, 73, 1, 81, 14, 98, 79, 3, 16, 2, 99, 5, 91, 62, 43, 68, 76, 97, 40, 88, 30, 53, 20, 58, 93, 24, 72, 49, 59, 38, 28, 92, 67, 9, 18, 17, 87, 12, 26, 71, 74, 95, 63, 4, 47, 27, 37, 96, 23, 78, 10, 66, 6, 48, 56, 29, 64, 60, 46, 7, 36, 34, 85, 52, 55, 61, 86, 89, 41, 32, 39, 33, 42, 54, 80, 75, 25, 70, 35, 21, 0, 90, 69, 65, 44, 50, 13, 82, 45]|[2, 0, 1, 1, 2, 1, 0, 1, 2, 0, 0, 1, 0, 1, 1, 1, 0, 2, 1, 0, 1, 1, 0, 0, 1, 2, 1, 0, 1, 0, 0, 2, 1, 0, 1, 2, 2, 0, 0, 0, 2, 1, 1, 1, 0, 0, 2, 0, 1, 2, 2, 1, 2, 0, 2, 0, 0, 2, 1, 2, 0, 2, 1, 1, 0, 2, 2, 2, 2, 1, 0, 0, 0, 1, 0, 1, 0, 1, 2, 1, 2, 2, 0, 0, 1, 1, 2, 2, 0, 2, 2, 0, 1, 0, 1, 0, 2, 2, 1, 0]|[2, 2, 2, 2, 2, 4, 1, 2, 1, 1, 0, 1, 2, 4, 4, 1, 0, 1, 4, 2, 4, 1, 1, 0, 3, 2, 3, 0, 0, 1, 1, 0, 4, 2, 4, 0, 2, 0, 2, 0, 1, 0, 3, 0, 1, 1, 1, 2, 3, 1, 2, 4, 1, 2, 1, 0, 2, 1, 3, 1, 1, 1, 4, 4, 1, 1, 1, 1, 1, 4, 1, 1, 0, 0, 2, 4, 0, 4, 1, 0, 1, 1, 1, 2, 4, 4, 1, 1, 1, 1, 1, 0, 0, 2, 4, 1, 1, 1, 0, 2]|[0, 0, 1, 1, 0, 2, 0, 2, 0, 0, 0, 0, 1, 0, 0, 1, 0, 0, 3, 1, 2, 0, 0, 0, 3, 1, 1, 0, 1, 0, 1, 0, 3, 0, 0, 0, 0, 0, 1, 0, 1, 3, 1, 1, 0, 0, 0, 1, 0, 1, 0, 2, 0, 0, 0, 1, 0, 0, 3, 0, 0, 0, 1, 0, 0, 0, 0, 0, 0, 0, 0, 0, 0, 1, 1, 3, 0, 0, 1, 1, 0, 0, 1, 0, 3, 0, 0, 0, 0, 0, 0, 0, 1, 0, 0, 1, 0, 0, 2, 0]
event=692:G2_TEC:action:mode=exploit,state=1,draw=0.5723619938143827,action=0
event=693:G2_TEC:leader:action=0,fingerprint=[51, 8, 83, 31, 94, 11, 15, 22, 57, 19, 84, 77, 73, 1, 81, 14, 98, 79, 3, 16, 2, 99, 5, 91, 62, 43, 68, 76, 97, 40, 88, 30, 53, 20, 58, 93, 24, 72, 49, 59, 38, 28, 92, 67, 9, 18, 17, 87, 12, 26, 71, 74, 95, 63, 4, 47, 27, 37, 96, 23, 78, 10, 66, 6, 48, 56, 29, 64, 60, 46, 7, 36, 34, 85, 52, 55, 61, 86, 89, 41, 32, 39, 33, 42, 54, 80, 75, 25, 70, 35, 21, 0, 90, 69, 65, 44, 50, 13, 82, 45]|[2, 0, 1, 1, 2, 1, 0, 1, 2, 0, 0, 1, 0, 1, 1, 1, 0, 2, 1, 0, 1, 1, 0, 0, 1, 2, 1, 0, 1, 0, 0, 2, 1, 0, 1, 2, 2, 0, 0, 0, 2, 1, 1, 1, 0, 0, 2, 0, 1, 2, 2, 1, 2, 0, 2, 0, 0, 2, 1, 2, 0, 2, 1, 1, 0, 2, 2, 2, 2, 1, 0, 0, 0, 1, 0, 1, 0, 1, 2, 1, 2, 2, 0, 0, 1, 1, 2, 2, 0, 2, 2, 0, 1, 0, 1, 0, 2, 2, 1, 0]|[2, 2, 2, 2, 2, 4, 1, 2, 1, 1, 0, 1, 2, 4, 4, 1, 0, 1, 4, 2, 4, 1, 1, 0, 3, 2, 3, 0, 0, 1, 1, 0, 4, 2, 4, 0, 2, 0, 2, 0, 1, 0, 3, 0, 1, 1, 1, 2, 3, 1, 2, 4, 1, 2, 1, 0, 2, 1, 3, 1, 1, 1, 4, 4, 1, 1, 1, 1, 1, 4, 1, 1, 0, 0, 2, 4, 0, 4, 1, 0, 1, 1, 1, 2, 4, 4, 1, 1, 1, 1, 1, 0, 0, 2, 4, 1, 1, 1, 0, 2]|[0, 0, 1, 1, 0, 2, 0, 2, 0, 0, 0, 0, 1, 0, 0, 1, 0, 0, 3, 1, 2, 0, 0, 0, 3, 1, 1, 0, 1, 0, 1, 0, 3, 0, 0, 0, 0, 0, 1, 0, 1, 3, 1, 1, 0, 0, 0, 1, 0, 1, 0, 2, 0, 0, 0, 1, 0, 0, 3, 0, 0, 0, 1, 0, 0, 0, 0, 0, 0, 0, 0, 0, 0, 1, 1, 3, 0, 0, 1, 1, 0, 0, 1, 0, 3, 0, 0, 0, 0, 0, 0, 0, 1, 0, 0, 1, 0, 0, 2, 0]
event=694:G3_TWC:action:mode=exploit,state=1,draw=0.6202865880709785,action=2
event=695:G3_TWC:tournament:reason=action2,left=5,right=11,selected=[51, 8, 83, 31, 94, 11, 15, 22, 57, 19, 84, 77, 73, 1, 81, 14, 98, 79, 3, 16, 2, 99, 5, 91, 62, 43, 68, 76, 97, 40, 88, 30, 53, 20, 58, 93, 24, 72, 49, 59, 38, 28, 92, 67, 9, 18, 17, 87, 12, 26, 71, 74, 95, 63, 21, 47, 27, 37, 96, 23, 78, 10, 66, 6, 48, 56, 29, 64, 60, 46, 7, 36, 34, 85, 52, 55, 61, 86, 89, 41, 32, 39, 33, 42, 54, 80, 75, 25, 70, 35, 4, 0, 90, 69, 65, 44, 50, 13, 82, 45]|[2, 0, 1, 1, 2, 0, 0, 1, 2, 0, 0, 1, 0, 1, 1, 1, 0, 2, 1, 2, 1, 1, 0, 0, 1, 2, 1, 0, 1, 0, 0, 2, 1, 0, 1, 2, 2, 0, 0, 0, 2, 1, 1, 1, 0, 0, 2, 0, 1, 2, 2, 1, 2, 0, 2, 0, 0, 2, 1, 2, 0, 2, 1, 1, 0, 2, 2, 0, 2, 1, 0, 0, 0, 1, 0, 1, 0, 1, 2, 1, 2, 2, 0, 0, 1, 1, 2, 2, 0, 2, 2, 0, 1, 0, 1, 0, 2, 2, 1, 2]|[2, 2, 2, 2, 2, 0, 1, 2, 1, 1, 1, 1, 2, 1, 4, 1, 0, 1, 4, 1, 4, 1, 1, 0, 3, 2, 3, 0, 0, 1, 1, 0, 4, 2, 4, 0, 2, 0, 2, 0, 1, 0, 3, 0, 1, 1, 1, 2, 3, 1, 2, 4, 1, 2, 1, 0, 2, 1, 3, 1, 1, 1, 4, 4, 1, 1, 1, 2, 1, 4, 1, 1, 0, 0, 2, 4, 0, 4, 1, 0, 1, 1, 1, 2, 4, 4, 1, 1, 1, 1, 1, 0, 0, 2, 4, 1, 1, 1, 0, 1]|[0, 0, 1, 1, 0, 0, 0, 2, 0, 0, 0, 0, 1, 3, 0, 1, 0, 0, 3, 0, 2, 0, 0, 0, 3, 1, 1, 0, 1, 1, 1, 0, 3, 0, 0, 0, 0, 0, 1, 0, 1, 3, 1, 1, 0, 0, 0, 1, 0, 1, 0, 2, 0, 0, 0, 1, 0, 0, 3, 0, 0, 0, 1, 0, 0, 0, 0, 0, 0, 0, 0, 0, 0, 1, 1, 3, 0, 0, 1, 1, 0, 0, 1, 0, 3, 0, 0, 0, 0, 0, 0, 0, 1, 0, 0, 1, 0, 0, 2, 0]
event=696:G3_TWC:leader:action=2,fingerprint=[51, 8, 83, 31, 94, 11, 15, 22, 57, 19, 84, 77, 73, 1, 81, 14, 98, 79, 3, 16, 2, 99, 5, 91, 62, 43, 68, 76, 97, 40, 88, 30, 53, 20, 58, 93, 24, 72, 49, 59, 38, 28, 92, 67, 9, 18, 17, 87, 12, 26, 71, 74, 95, 63, 21, 47, 27, 37, 96, 23, 78, 10, 66, 6, 48, 56, 29, 64, 60, 46, 7, 36, 34, 85, 52, 55, 61, 86, 89, 41, 32, 39, 33, 42, 54, 80, 75, 25, 70, 35, 4, 0, 90, 69, 65, 44, 50, 13, 82, 45]|[2, 0, 1, 1, 2, 0, 0, 1, 2, 0, 0, 1, 0, 1, 1, 1, 0, 2, 1, 2, 1, 1, 0, 0, 1, 2, 1, 0, 1, 0, 0, 2, 1, 0, 1, 2, 2, 0, 0, 0, 2, 1, 1, 1, 0, 0, 2, 0, 1, 2, 2, 1, 2, 0, 2, 0, 0, 2, 1, 2, 0, 2, 1, 1, 0, 2, 2, 0, 2, 1, 0, 0, 0, 1, 0, 1, 0, 1, 2, 1, 2, 2, 0, 0, 1, 1, 2, 2, 0, 2, 2, 0, 1, 0, 1, 0, 2, 2, 1, 2]|[2, 2, 2, 2, 2, 0, 1, 2, 1, 1, 1, 1, 2, 1, 4, 1, 0, 1, 4, 1, 4, 1, 1, 0, 3, 2, 3, 0, 0, 1, 1, 0, 4, 2, 4, 0, 2, 0, 2, 0, 1, 0, 3, 0, 1, 1, 1, 2, 3, 1, 2, 4, 1, 2, 1, 0, 2, 1, 3, 1, 1, 1, 4, 4, 1, 1, 1, 2, 1, 4, 1, 1, 0, 0, 2, 4, 0, 4, 1, 0, 1, 1, 1, 2, 4, 4, 1, 1, 1, 1, 1, 0, 0, 2, 4, 1, 1, 1, 0, 1]|[0, 0, 1, 1, 0, 0, 0, 2, 0, 0, 0, 0, 1, 3, 0, 1, 0, 0, 3, 0, 2, 0, 0, 0, 3, 1, 1, 0, 1, 1, 1, 0, 3, 0, 0, 0, 0, 0, 1, 0, 1, 3, 1, 1, 0, 0, 0, 1, 0, 1, 0, 2, 0, 0, 0, 1, 0, 0, 3, 0, 0, 0, 1, 0, 0, 0, 0, 0, 0, 0, 0, 0, 0, 1, 1, 3, 0, 0, 1, 1, 0, 0, 1, 0, 3, 0, 0, 0, 0, 0, 0, 0, 1, 0, 0, 1, 0, 0, 2, 0]
event=697:G1_CMAX:update:state=1,action=1,reward=-41.80246570431848,nextState=1,old=-285.89746396339245,new=-216.90140480678173
event=698:G2_TEC:update:state=1,action=0,reward=-133.66157967646723,nextState=1,old=-702.6553703319474,new=-695.7858759420252
event=699:G3_TWC:update:state=1,action=2,reward=-7670.408533088412,nextState=1,old=182.9132295265299,new=-7524.077949467188
event=700:G4_BALANCED:update:state=1,action=1,reward=-0.08950506761064614,nextState=1,old=-0.3427326999497585,new=-0.36369122757045297
event=701:G1_CMAX:action:mode=exploit,state=1,draw=0.15146706236378327,action=1
event=702:G1_CMAX:leader:action=1,fingerprint=[51, 8, 83, 50, 94, 11, 15, 22, 57, 19, 84, 77, 73, 1, 81, 14, 98, 16, 53, 44, 2, 40, 5, 91, 62, 68, 76, 97, 99, 88, 30, 3, 20, 58, 93, 24, 72, 49, 42, 38, 28, 92, 67, 9, 18, 87, 12, 26, 71, 74, 95, 63, 21, 17, 47, 27, 37, 78, 10, 32, 46, 48, 56, 6, 29, 64, 60, 23, 7, 36, 90, 85, 52, 59, 61, 54, 89, 41, 4, 33, 55, 96, 82, 80, 75, 31, 45, 35, 43, 39, 66, 0, 34, 69, 65, 79, 25, 13, 86, 70]|[2, 0, 1, 1, 2, 1, 0, 1, 2, 0, 0, 1, 0, 1, 1, 1, 1, 0, 1, 0, 1, 1, 0, 0, 1, 1, 0, 1, 1, 0, 2, 1, 2, 1, 2, 0, 0, 0, 0, 2, 1, 1, 1, 0, 1, 0, 1, 0, 2, 1, 2, 0, 2, 2, 0, 0, 2, 0, 2, 2, 1, 1, 2, 2, 2, 0, 2, 0, 0, 0, 1, 2, 0, 1, 0, 1, 2, 1, 0, 1, 1, 1, 1, 1, 2, 1, 0, 2, 2, 2, 0, 0, 1, 0, 1, 0, 2, 0, 1, 2]|[1, 0, 2, 0, 1, 4, 1, 2, 1, 1, 1, 1, 2, 4, 4, 1, 1, 2, 4, 2, 4, 1, 2, 0, 3, 3, 0, 0, 1, 1, 1, 4, 1, 4, 0, 1, 0, 2, 0, 1, 0, 3, 0, 1, 0, 2, 3, 1, 1, 4, 1, 2, 1, 1, 0, 2, 1, 1, 1, 1, 4, 1, 1, 1, 1, 1, 1, 1, 1, 1, 4, 1, 2, 0, 2, 4, 1, 0, 1, 1, 4, 3, 0, 4, 1, 0, 2, 1, 2, 1, 0, 0, 0, 2, 4, 2, 1, 1, 4, 0]|[0, 0, 1, 1, 0, 2, 0, 2, 0, 0, 0, 0, 1, 0, 0, 1, 0, 1, 3, 1, 2, 0, 0, 0, 3, 1, 0, 1, 0, 1, 0, 3, 0, 0, 0, 1, 0, 1, 0, 1, 3, 1, 1, 0, 1, 1, 0, 0, 0, 2, 0, 0, 0, 0, 1, 1, 0, 0, 0, 0, 0, 2, 0, 0, 0, 0, 0, 0, 0, 0, 3, 0, 1, 1, 0, 3, 0, 1, 1, 2, 3, 3, 2, 0, 0, 1, 0, 0, 1, 0, 0, 0, 1, 0, 0, 1, 0, 0, 0, 1]
event=703:G4_BALANCED:action:mode=explore,state=1,draw=0.8020478275861597,action=1
event=704:G4_BALANCED:leader:action=1,fingerprint=[51, 8, 83, 31, 94, 11, 15, 22, 57, 19, 84, 77, 73, 1, 81, 14, 98, 79, 3, 16, 2, 99, 5, 91, 62, 43, 68, 76, 97, 40, 88, 30, 53, 20, 58, 93, 24, 72, 49, 59, 38, 28, 92, 67, 9, 18, 17, 87, 12, 26, 71, 74, 95, 63, 4, 47, 27, 37, 96, 23, 78, 10, 66, 6, 48, 56, 29, 64, 60, 46, 7, 36, 34, 85, 52, 55, 61, 86, 89, 41, 32, 39, 33, 42, 54, 80, 75, 25, 70, 35, 21, 0, 90, 69, 65, 44, 50, 13, 82, 45]|[2, 0, 1, 1, 2, 1, 0, 1, 2, 0, 0, 1, 0, 1, 1, 1, 0, 2, 1, 0, 1, 1, 0, 0, 1, 2, 1, 0, 1, 0, 0, 2, 1, 0, 1, 2, 2, 0, 0, 0, 2, 1, 1, 1, 0, 0, 2, 0, 1, 2, 2, 1, 2, 0, 2, 0, 0, 2, 1, 2, 0, 2, 1, 1, 0, 2, 2, 2, 2, 1, 0, 0, 0, 1, 0, 1, 0, 1, 2, 1, 2, 2, 0, 0, 1, 1, 2, 2, 0, 2, 2, 0, 1, 0, 1, 0, 2, 2, 1, 0]|[2, 2, 2, 2, 2, 4, 1, 2, 1, 1, 0, 1, 2, 4, 4, 1, 0, 1, 4, 2, 4, 1, 1, 0, 3, 2, 3, 0, 0, 1, 1, 0, 4, 2, 4, 0, 2, 0, 2, 0, 1, 0, 3, 0, 1, 1, 1, 2, 3, 1, 2, 4, 1, 2, 1, 0, 2, 1, 3, 1, 1, 1, 4, 4, 1, 1, 1, 1, 1, 4, 1, 1, 0, 0, 2, 4, 0, 4, 1, 0, 1, 1, 1, 2, 4, 4, 1, 1, 1, 1, 1, 0, 0, 2, 4, 1, 1, 1, 0, 2]|[0, 0, 1, 1, 0, 2, 0, 2, 0, 0, 0, 0, 1, 0, 0, 1, 0, 0, 3, 1, 2, 0, 0, 0, 3, 1, 1, 0, 1, 0, 1, 0, 3, 0, 0, 0, 0, 0, 1, 0, 1, 3, 1, 1, 0, 0, 0, 1, 0, 1, 0, 2, 0, 0, 0, 1, 0, 0, 3, 0, 0, 0, 1, 0, 0, 0, 0, 0, 0, 0, 0, 0, 0, 1, 1, 3, 0, 0, 1, 1, 0, 0, 1, 0, 3, 0, 0, 0, 0, 0, 0, 0, 1, 0, 0, 1, 0, 0, 2, 0]
event=705:G2_TEC:action:mode=exploit,state=1,draw=0.5070540287499488,action=0
event=706:G2_TEC:leader:action=0,fingerprint=[51, 8, 83, 31, 94, 11, 15, 22, 57, 19, 84, 77, 73, 1, 81, 14, 98, 79, 3, 16, 2, 99, 5, 91, 62, 43, 68, 76, 97, 40, 88, 30, 53, 20, 58, 93, 24, 72, 49, 59, 38, 28, 92, 67, 9, 18, 17, 87, 12, 26, 71, 74, 95, 63, 4, 47, 27, 37, 96, 23, 78, 10, 66, 6, 48, 56, 29, 64, 60, 46, 7, 36, 34, 85, 52, 55, 61, 86, 89, 41, 32, 39, 33, 42, 54, 80, 75, 25, 70, 35, 21, 0, 90, 69, 65, 44, 50, 13, 82, 45]|[2, 0, 1, 1, 2, 1, 0, 1, 2, 0, 0, 1, 0, 1, 1, 1, 0, 2, 1, 0, 1, 1, 0, 0, 1, 2, 1, 0, 1, 0, 0, 2, 1, 0, 1, 2, 2, 0, 0, 0, 2, 1, 1, 1, 0, 0, 2, 0, 1, 2, 2, 1, 2, 0, 2, 0, 0, 2, 1, 2, 0, 2, 1, 1, 0, 2, 2, 2, 2, 1, 0, 0, 0, 1, 0, 1, 0, 1, 2, 1, 2, 2, 0, 0, 1, 1, 2, 2, 0, 2, 2, 0, 1, 0, 1, 0, 2, 2, 1, 0]|[2, 2, 2, 2, 2, 4, 1, 2, 1, 1, 0, 1, 2, 4, 4, 1, 0, 1, 4, 2, 4, 1, 1, 0, 3, 2, 3, 0, 0, 1, 1, 0, 4, 2, 4, 0, 2, 0, 2, 0, 1, 0, 3, 0, 1, 1, 1, 2, 3, 1, 2, 4, 1, 2, 1, 0, 2, 1, 3, 1, 1, 1, 4, 4, 1, 1, 1, 1, 1, 4, 1, 1, 0, 0, 2, 4, 0, 4, 1, 0, 1, 1, 1, 2, 4, 4, 1, 1, 1, 1, 1, 0, 0, 2, 4, 1, 1, 1, 0, 2]|[0, 0, 1, 1, 0, 2, 0, 2, 0, 0, 0, 0, 1, 0, 0, 1, 0, 0, 3, 1, 2, 0, 0, 0, 3, 1, 1, 0, 1, 0, 1, 0, 3, 0, 0, 0, 0, 0, 1, 0, 1, 3, 1, 1, 0, 0, 0, 1, 0, 1, 0, 2, 0, 0, 0, 1, 0, 0, 3, 0, 0, 0, 1, 0, 0, 0, 0, 0, 0, 0, 0, 0, 0, 1, 1, 3, 0, 0, 1, 1, 0, 0, 1, 0, 3, 0, 0, 0, 0, 0, 0, 0, 1, 0, 0, 1, 0, 0, 2, 0]
event=707:G3_TWC:action:mode=exploit,state=1,draw=0.7591899463797932,action=0
event=708:G3_TWC:leader:action=0,fingerprint=[51, 8, 83, 31, 94, 11, 15, 22, 57, 19, 84, 77, 73, 1, 81, 14, 98, 79, 3, 16, 2, 99, 5, 91, 62, 43, 68, 76, 97, 40, 88, 30, 53, 20, 58, 93, 24, 72, 49, 59, 38, 28, 92, 67, 9, 18, 17, 87, 12, 26, 71, 74, 95, 63, 21, 47, 27, 37, 96, 23, 78, 10, 66, 6, 48, 56, 29, 64, 60, 46, 7, 36, 34, 85, 52, 55, 61, 86, 89, 41, 32, 39, 33, 42, 54, 80, 75, 25, 70, 35, 4, 0, 90, 69, 65, 44, 50, 13, 82, 45]|[2, 0, 1, 1, 2, 0, 0, 1, 2, 0, 0, 1, 0, 1, 1, 1, 0, 2, 1, 2, 1, 1, 0, 0, 1, 2, 1, 0, 1, 0, 0, 2, 1, 0, 1, 2, 2, 0, 0, 0, 2, 1, 1, 1, 0, 0, 2, 0, 1, 2, 2, 1, 2, 0, 2, 0, 0, 2, 1, 2, 0, 2, 1, 1, 0, 2, 2, 0, 2, 1, 0, 0, 0, 1, 0, 1, 0, 1, 2, 1, 2, 2, 0, 0, 1, 1, 2, 2, 0, 2, 2, 0, 1, 0, 1, 0, 2, 2, 1, 2]|[2, 2, 2, 2, 2, 0, 1, 2, 1, 1, 1, 1, 2, 1, 4, 1, 0, 1, 4, 1, 4, 1, 1, 0, 3, 2, 3, 0, 0, 1, 1, 0, 4, 2, 4, 0, 2, 0, 2, 0, 1, 0, 3, 0, 1, 1, 1, 2, 3, 1, 2, 4, 1, 2, 1, 0, 2, 1, 3, 1, 1, 1, 4, 4, 1, 1, 1, 2, 1, 4, 1, 1, 0, 0, 2, 4, 0, 4, 1, 0, 1, 1, 1, 2, 4, 4, 1, 1, 1, 1, 1, 0, 0, 2, 4, 1, 1, 1, 0, 1]|[0, 0, 1, 1, 0, 0, 0, 2, 0, 0, 0, 0, 1, 3, 0, 1, 0, 0, 3, 0, 2, 0, 0, 0, 3, 1, 1, 0, 1, 1, 1, 0, 3, 0, 0, 0, 0, 0, 1, 0, 1, 3, 1, 1, 0, 0, 0, 1, 0, 1, 0, 2, 0, 0, 0, 1, 0, 0, 3, 0, 0, 0, 1, 0, 0, 0, 0, 0, 0, 0, 0, 0, 0, 1, 1, 3, 0, 0, 1, 1, 0, 0, 1, 0, 3, 0, 0, 0, 0, 0, 0, 0, 1, 0, 0, 1, 0, 0, 2, 0]
event=709:G1_CMAX:update:state=1,action=1,reward=-48.94434269808153,nextState=1,old=-216.90140480678173,new=-222.46546654350692
event=710:G2_TEC:update:state=1,action=0,reward=-130.99564050907793,nextState=1,old=-695.7858759420252,new=-687.6243412626981
event=711:G3_TWC:update:state=1,action=0,reward=-4616.262612015664,nextState=1,old=-5142.171970937299,new=-8730.000188765503
event=712:G4_BALANCED:update:state=1,action=1,reward=-0.02579410580022897,nextState=1,old=-0.36369122757045297,new=-0.31674708785659134
event=713:G1_CMAX:action:mode=exploit,state=1,draw=0.6938335171957746,action=2
event=714:G1_CMAX:tournament:reason=action2,left=18,right=38,selected=[51, 8, 83, 31, 94, 11, 15, 22, 57, 19, 84, 77, 81, 14, 16, 3, 79, 2, 99, 73, 5, 91, 20, 98, 76, 34, 67, 68, 48, 88, 30, 53, 43, 62, 92, 28, 38, 59, 49, 72, 24, 93, 58, 9, 18, 17, 87, 12, 26, 71, 74, 95, 63, 21, 47, 27, 37, 96, 6, 78, 10, 32, 46, 40, 82, 29, 64, 60, 23, 7, 36, 90, 85, 52, 42, 61, 89, 41, 4, 39, 33, 56, 45, 80, 97, 0, 66, 35, 55, 50, 75, 1, 54, 69, 65, 44, 25, 13, 86, 70]|[2, 0, 1, 2, 1, 0, 0, 0, 0, 2, 0, 0, 1, 1, 0, 1, 0, 1, 1, 1, 0, 0, 2, 1, 0, 0, 1, 1, 1, 0, 2, 1, 2, 1, 1, 1, 2, 0, 0, 0, 0, 2, 1, 0, 1, 2, 0, 1, 0, 2, 1, 2, 0, 2, 0, 0, 2, 1, 0, 0, 2, 2, 1, 1, 1, 2, 0, 2, 0, 0, 0, 1, 1, 0, 2, 0, 2, 1, 0, 2, 1, 2, 1, 1, 1, 0, 0, 2, 1, 2, 2, 1, 1, 0, 1, 0, 2, 2, 1, 0]|[2, 2, 4, 2, 2, 1, 1, 1, 1, 1, 1, 2, 4, 1, 2, 4, 2, 4, 1, 0, 1, 0, 1, 1, 0, 0, 0, 3, 1, 1, 0, 4, 2, 3, 3, 0, 1, 0, 2, 0, 0, 0, 4, 1, 0, 1, 2, 3, 1, 1, 4, 1, 2, 1, 0, 2, 1, 3, 1, 1, 1, 1, 4, 1, 0, 1, 2, 1, 1, 1, 1, 4, 0, 2, 1, 1, 1, 0, 1, 1, 1, 1, 0, 4, 0, 0, 0, 1, 4, 1, 1, 4, 4, 0, 4, 1, 1, 1, 4, 1]|[0, 0, 2, 0, 1, 0, 0, 0, 0, 0, 0, 1, 0, 1, 1, 3, 1, 2, 0, 1, 0, 0, 0, 0, 0, 0, 1, 1, 2, 1, 0, 3, 1, 3, 1, 3, 1, 0, 1, 0, 0, 0, 0, 0, 1, 0, 1, 0, 0, 0, 2, 0, 0, 0, 1, 1, 0, 3, 0, 0, 0, 0, 0, 0, 2, 0, 0, 0, 0, 0, 0, 3, 1, 1, 0, 0, 0, 1, 1, 0, 2, 0, 2, 0, 1, 0, 0, 0, 3, 0, 0, 0, 3, 0, 0, 1, 0, 0, 0, 0]
event=715:G1_CMAX:leader:action=2,fingerprint=[51, 8, 83, 31, 94, 11, 15, 22, 57, 19, 84, 77, 81, 14, 16, 3, 79, 2, 99, 73, 5, 91, 20, 98, 76, 34, 67, 68, 48, 88, 30, 53, 43, 62, 92, 28, 38, 59, 49, 72, 24, 93, 58, 9, 18, 17, 87, 12, 26, 71, 74, 95, 63, 21, 47, 27, 37, 96, 6, 78, 10, 32, 46, 40, 82, 29, 64, 60, 23, 7, 36, 90, 85, 52, 42, 61, 89, 41, 4, 39, 33, 56, 45, 80, 97, 0, 66, 35, 55, 50, 75, 1, 54, 69, 65, 44, 25, 13, 86, 70]|[2, 0, 1, 2, 1, 0, 0, 0, 0, 2, 0, 0, 1, 1, 0, 1, 0, 1, 1, 1, 0, 0, 2, 1, 0, 0, 1, 1, 1, 0, 2, 1, 2, 1, 1, 1, 2, 0, 0, 0, 0, 2, 1, 0, 1, 2, 0, 1, 0, 2, 1, 2, 0, 2, 0, 0, 2, 1, 0, 0, 2, 2, 1, 1, 1, 2, 0, 2, 0, 0, 0, 1, 1, 0, 2, 0, 2, 1, 0, 2, 1, 2, 1, 1, 1, 0, 0, 2, 1, 2, 2, 1, 1, 0, 1, 0, 2, 2, 1, 0]|[2, 2, 4, 2, 2, 1, 1, 1, 1, 1, 1, 2, 4, 1, 2, 4, 2, 4, 1, 0, 1, 0, 1, 1, 0, 0, 0, 3, 1, 1, 0, 4, 2, 3, 3, 0, 1, 0, 2, 0, 0, 0, 4, 1, 0, 1, 2, 3, 1, 1, 4, 1, 2, 1, 0, 2, 1, 3, 1, 1, 1, 1, 4, 1, 0, 1, 2, 1, 1, 1, 1, 4, 0, 2, 1, 1, 1, 0, 1, 1, 1, 1, 0, 4, 0, 0, 0, 1, 4, 1, 1, 4, 4, 0, 4, 1, 1, 1, 4, 1]|[0, 0, 2, 0, 1, 0, 0, 0, 0, 0, 0, 1, 0, 1, 1, 3, 1, 2, 0, 1, 0, 0, 0, 0, 0, 0, 1, 1, 2, 1, 0, 3, 1, 3, 1, 3, 1, 0, 1, 0, 0, 0, 0, 0, 1, 0, 1, 0, 0, 0, 2, 0, 0, 0, 1, 1, 0, 3, 0, 0, 0, 0, 0, 0, 2, 0, 0, 0, 0, 0, 0, 3, 1, 1, 0, 0, 0, 1, 1, 0, 2, 0, 2, 0, 1, 0, 0, 0, 3, 0, 0, 0, 3, 0, 0, 1, 0, 0, 0, 0]
event=716:G4_BALANCED:action:mode=exploit,state=1,draw=0.7285288701001448,action=1
event=717:G4_BALANCED:leader:action=1,fingerprint=[51, 8, 83, 31, 94, 11, 15, 22, 57, 19, 84, 77, 73, 1, 81, 14, 98, 79, 3, 16, 2, 99, 5, 91, 62, 43, 68, 76, 97, 40, 88, 30, 53, 20, 58, 93, 24, 72, 49, 59, 38, 28, 92, 67, 9, 18, 17, 87, 12, 26, 71, 74, 95, 63, 4, 47, 27, 37, 96, 23, 78, 10, 66, 6, 48, 56, 29, 64, 60, 46, 7, 36, 34, 85, 52, 55, 61, 86, 89, 41, 32, 39, 33, 42, 54, 80, 75, 25, 70, 35, 21, 0, 90, 69, 65, 44, 50, 13, 82, 45]|[2, 0, 1, 1, 2, 1, 0, 1, 2, 0, 0, 1, 0, 1, 1, 1, 0, 2, 1, 0, 1, 1, 0, 0, 1, 2, 1, 0, 1, 0, 0, 2, 1, 0, 1, 2, 2, 0, 0, 0, 2, 1, 1, 1, 0, 0, 2, 0, 1, 2, 2, 1, 2, 0, 2, 0, 0, 2, 1, 2, 0, 2, 1, 1, 0, 2, 2, 2, 2, 1, 0, 0, 0, 1, 0, 1, 0, 1, 2, 1, 2, 2, 0, 0, 1, 1, 2, 2, 0, 2, 2, 0, 1, 0, 1, 0, 2, 2, 1, 0]|[2, 2, 2, 2, 2, 4, 1, 2, 1, 1, 0, 1, 2, 4, 4, 1, 0, 1, 4, 2, 4, 1, 1, 0, 3, 2, 3, 0, 0, 1, 1, 0, 4, 2, 4, 0, 2, 0, 2, 0, 1, 0, 3, 0, 1, 1, 1, 2, 3, 1, 2, 4, 1, 2, 1, 0, 2, 1, 3, 1, 1, 1, 4, 4, 1, 1, 1, 1, 1, 4, 1, 1, 0, 0, 2, 4, 0, 4, 1, 0, 1, 1, 1, 2, 4, 4, 1, 1, 1, 1, 1, 0, 0, 2, 4, 1, 1, 1, 0, 2]|[0, 0, 1, 1, 0, 2, 0, 2, 0, 0, 0, 0, 1, 0, 0, 1, 0, 0, 3, 1, 2, 0, 0, 0, 3, 1, 1, 0, 1, 0, 1, 0, 3, 0, 0, 0, 0, 0, 1, 0, 1, 3, 1, 1, 0, 0, 0, 1, 0, 1, 0, 2, 0, 0, 0, 1, 0, 0, 3, 0, 0, 0, 1, 0, 0, 0, 0, 0, 0, 0, 0, 0, 0, 1, 1, 3, 0, 0, 1, 1, 0, 0, 1, 0, 3, 0, 0, 0, 0, 0, 0, 0, 1, 0, 0, 1, 0, 0, 2, 0]
event=718:G2_TEC:action:mode=exploit,state=1,draw=0.7884659596600672,action=0
event=719:G2_TEC:leader:action=0,fingerprint=[51, 8, 83, 31, 94, 11, 15, 22, 57, 19, 84, 77, 73, 1, 81, 14, 98, 79, 3, 16, 2, 99, 5, 91, 62, 43, 68, 76, 97, 40, 88, 30, 53, 20, 58, 93, 24, 72, 49, 59, 38, 28, 92, 67, 9, 18, 17, 87, 12, 26, 71, 74, 95, 63, 4, 47, 27, 37, 96, 23, 78, 10, 66, 6, 48, 56, 29, 64, 60, 46, 7, 36, 34, 85, 52, 55, 61, 86, 89, 41, 32, 39, 33, 42, 54, 80, 75, 25, 70, 35, 21, 0, 90, 69, 65, 44, 50, 13, 82, 45]|[2, 0, 1, 1, 2, 1, 0, 1, 2, 0, 0, 1, 0, 1, 1, 1, 0, 2, 1, 0, 1, 1, 0, 0, 1, 2, 1, 0, 1, 0, 0, 2, 1, 0, 1, 2, 2, 0, 0, 0, 2, 1, 1, 1, 0, 0, 2, 0, 1, 2, 2, 1, 2, 0, 2, 0, 0, 2, 1, 2, 0, 2, 1, 1, 0, 2, 2, 2, 2, 1, 0, 0, 0, 1, 0, 1, 0, 1, 2, 1, 2, 2, 0, 0, 1, 1, 2, 2, 0, 2, 2, 0, 1, 0, 1, 0, 2, 2, 1, 0]|[2, 2, 2, 2, 2, 4, 1, 2, 1, 1, 0, 1, 2, 4, 4, 1, 0, 1, 4, 2, 4, 1, 1, 0, 3, 2, 3, 0, 0, 1, 1, 0, 4, 2, 4, 0, 2, 0, 2, 0, 1, 0, 3, 0, 1, 1, 1, 2, 3, 1, 2, 4, 1, 2, 1, 0, 2, 1, 3, 1, 1, 1, 4, 4, 1, 1, 1, 1, 1, 4, 1, 1, 0, 0, 2, 4, 0, 4, 1, 0, 1, 1, 1, 2, 4, 4, 1, 1, 1, 1, 1, 0, 0, 2, 4, 1, 1, 1, 0, 2]|[0, 0, 1, 1, 0, 2, 0, 2, 0, 0, 0, 0, 1, 0, 0, 1, 0, 0, 3, 1, 2, 0, 0, 0, 3, 1, 1, 0, 1, 0, 1, 0, 3, 0, 0, 0, 0, 0, 1, 0, 1, 3, 1, 1, 0, 0, 0, 1, 0, 1, 0, 2, 0, 0, 0, 1, 0, 0, 3, 0, 0, 0, 1, 0, 0, 0, 0, 0, 0, 0, 0, 0, 0, 1, 1, 3, 0, 0, 1, 1, 0, 0, 1, 0, 3, 0, 0, 0, 0, 0, 0, 0, 1, 0, 0, 1, 0, 0, 2, 0]
event=720:G3_TWC:action:mode=explore,state=1,draw=0.817963653989093,action=0
event=721:G3_TWC:leader:action=0,fingerprint=[51, 8, 83, 31, 94, 11, 15, 22, 57, 19, 84, 77, 73, 1, 81, 14, 98, 79, 3, 16, 2, 99, 5, 91, 62, 43, 68, 76, 97, 40, 88, 30, 53, 20, 58, 93, 24, 72, 49, 59, 38, 28, 92, 67, 9, 18, 17, 87, 12, 26, 71, 74, 95, 63, 21, 47, 27, 37, 96, 23, 78, 10, 66, 6, 48, 56, 29, 64, 60, 46, 7, 36, 34, 85, 52, 55, 61, 86, 89, 41, 32, 39, 33, 42, 54, 80, 75, 25, 70, 35, 4, 0, 90, 69, 65, 44, 50, 13, 82, 45]|[2, 0, 1, 1, 2, 0, 0, 1, 2, 0, 0, 1, 0, 1, 1, 1, 0, 2, 1, 2, 1, 1, 0, 0, 1, 2, 1, 0, 1, 0, 0, 2, 1, 0, 1, 2, 2, 0, 0, 0, 2, 1, 1, 1, 0, 0, 2, 0, 1, 2, 2, 1, 2, 0, 2, 0, 0, 2, 1, 2, 0, 2, 1, 1, 0, 2, 2, 0, 2, 1, 0, 0, 0, 1, 0, 1, 0, 1, 2, 1, 2, 2, 0, 0, 1, 1, 2, 2, 0, 2, 2, 0, 1, 0, 1, 0, 2, 2, 1, 2]|[2, 2, 2, 2, 2, 0, 1, 2, 1, 1, 1, 1, 2, 1, 4, 1, 0, 1, 4, 1, 4, 1, 1, 0, 3, 2, 3, 0, 0, 1, 1, 0, 4, 2, 4, 0, 2, 0, 2, 0, 1, 0, 3, 0, 1, 1, 1, 2, 3, 1, 2, 4, 1, 2, 1, 0, 2, 1, 3, 1, 1, 1, 4, 4, 1, 1, 1, 2, 1, 4, 1, 1, 0, 0, 2, 4, 0, 4, 1, 0, 1, 1, 1, 2, 4, 4, 1, 1, 1, 1, 1, 0, 0, 2, 4, 1, 1, 1, 0, 1]|[0, 0, 1, 1, 0, 0, 0, 2, 0, 0, 0, 0, 1, 3, 0, 1, 0, 0, 3, 0, 2, 0, 0, 0, 3, 1, 1, 0, 1, 1, 1, 0, 3, 0, 0, 0, 0, 0, 1, 0, 1, 3, 1, 1, 0, 0, 0, 1, 0, 1, 0, 2, 0, 0, 0, 1, 0, 0, 3, 0, 0, 0, 1, 0, 0, 0, 0, 0, 0, 0, 0, 0, 0, 1, 1, 3, 0, 0, 1, 1, 0, 0, 1, 0, 3, 0, 0, 0, 0, 0, 0, 0, 1, 0, 0, 1, 0, 0, 2, 0]
event=722:G1_CMAX:update:state=1,action=2,reward=-86.56431057521036,nextState=1,old=-218.87367387807905,new=-261.6632496776736
event=723:G2_TEC:update:state=1,action=0,reward=-248.34135130998766,nextState=1,old=-687.6243412626981,new=-798.4408243201461
event=724:G3_TWC:update:state=1,action=0,reward=-3263.507114920474,nextState=1,old=-8730.000188765503,new=-9282.769474494224
event=725:G4_BALANCED:update:state=1,action=1,reward=-0.04876405482708539,nextState=1,old=-0.31674708785659134,new=-0.3021617251123585
event=726:G1_CMAX:action:mode=explore,state=1,draw=0.8492091869077626,action=2
event=727:G1_CMAX:tournament:reason=action2,left=1,right=52,selected=[51, 8, 83, 31, 94, 11, 15, 22, 57, 19, 84, 77, 73, 1, 81, 14, 98, 79, 3, 16, 2, 99, 5, 91, 62, 43, 68, 76, 97, 40, 88, 30, 53, 20, 58, 93, 24, 72, 49, 59, 38, 28, 92, 67, 9, 18, 17, 87, 12, 26, 71, 74, 95, 63, 21, 47, 27, 37, 96, 23, 78, 10, 66, 6, 48, 56, 29, 64, 60, 46, 7, 36, 34, 85, 52, 55, 61, 54, 89, 41, 32, 86, 33, 42, 39, 80, 75, 50, 70, 35, 4, 90, 0, 69, 65, 44, 25, 13, 82, 45]|[2, 0, 1, 1, 1, 1, 0, 1, 2, 0, 0, 1, 0, 1, 1, 0, 0, 2, 1, 2, 1, 1, 0, 0, 1, 2, 0, 0, 1, 1, 0, 2, 1, 0, 1, 2, 2, 0, 0, 0, 2, 1, 1, 1, 0, 0, 2, 0, 1, 2, 2, 1, 2, 0, 2, 0, 0, 2, 1, 2, 0, 2, 2, 1, 1, 2, 2, 0, 2, 1, 0, 0, 0, 1, 0, 1, 0, 1, 1, 1, 2, 1, 0, 2, 2, 1, 2, 2, 0, 2, 0, 0, 0, 0, 1, 0, 2, 2, 1, 0]|[2, 2, 2, 2, 4, 4, 1, 2, 1, 1, 1, 1, 2, 4, 4, 0, 0, 1, 4, 1, 4, 1, 1, 0, 3, 2, 2, 0, 1, 1, 1, 0, 4, 2, 4, 0, 2, 0, 2, 0, 1, 0, 3, 0, 1, 1, 1, 2, 3, 1, 2, 4, 1, 2, 1, 0, 2, 1, 3, 1, 1, 1, 1, 4, 1, 1, 1, 2, 1, 4, 1, 1, 0, 0, 2, 4, 2, 4, 0, 0, 1, 4, 1, 1, 1, 4, 1, 1, 1, 1, 1, 0, 0, 2, 4, 0, 1, 1, 0, 2]|[0, 0, 1, 1, 2, 2, 0, 2, 0, 0, 0, 0, 1, 0, 0, 1, 0, 0, 3, 0, 2, 0, 0, 0, 3, 1, 0, 0, 0, 0, 1, 0, 3, 0, 0, 0, 0, 0, 1, 0, 1, 3, 1, 1, 0, 0, 0, 1, 0, 1, 0, 2, 0, 0, 0, 1, 0, 0, 3, 0, 0, 0, 0, 0, 2, 0, 0, 0, 0, 0, 0, 0, 0, 1, 1, 3, 0, 3, 0, 1, 0, 0, 1, 0, 0, 0, 0, 0, 0, 0, 1, 0, 0, 0, 0, 1, 0, 0, 2, 0]
event=728:G1_CMAX:leader:action=2,fingerprint=[51, 8, 83, 31, 94, 11, 15, 22, 57, 19, 84, 77, 73, 1, 81, 14, 98, 79, 3, 16, 2, 99, 5, 91, 62, 43, 68, 76, 97, 40, 88, 30, 53, 20, 58, 93, 24, 72, 49, 59, 38, 28, 92, 67, 9, 18, 17, 87, 12, 26, 71, 74, 95, 63, 21, 47, 27, 37, 96, 23, 78, 10, 66, 6, 48, 56, 29, 64, 60, 46, 7, 36, 34, 85, 52, 55, 61, 54, 89, 41, 32, 86, 33, 42, 39, 80, 75, 50, 70, 35, 4, 90, 0, 69, 65, 44, 25, 13, 82, 45]|[2, 0, 1, 1, 1, 1, 0, 1, 2, 0, 0, 1, 0, 1, 1, 0, 0, 2, 1, 2, 1, 1, 0, 0, 1, 2, 0, 0, 1, 1, 0, 2, 1, 0, 1, 2, 2, 0, 0, 0, 2, 1, 1, 1, 0, 0, 2, 0, 1, 2, 2, 1, 2, 0, 2, 0, 0, 2, 1, 2, 0, 2, 2, 1, 1, 2, 2, 0, 2, 1, 0, 0, 0, 1, 0, 1, 0, 1, 1, 1, 2, 1, 0, 2, 2, 1, 2, 2, 0, 2, 0, 0, 0, 0, 1, 0, 2, 2, 1, 0]|[2, 2, 2, 2, 4, 4, 1, 2, 1, 1, 1, 1, 2, 4, 4, 0, 0, 1, 4, 1, 4, 1, 1, 0, 3, 2, 2, 0, 1, 1, 1, 0, 4, 2, 4, 0, 2, 0, 2, 0, 1, 0, 3, 0, 1, 1, 1, 2, 3, 1, 2, 4, 1, 2, 1, 0, 2, 1, 3, 1, 1, 1, 1, 4, 1, 1, 1, 2, 1, 4, 1, 1, 0, 0, 2, 4, 2, 4, 0, 0, 1, 4, 1, 1, 1, 4, 1, 1, 1, 1, 1, 0, 0, 2, 4, 0, 1, 1, 0, 2]|[0, 0, 1, 1, 2, 2, 0, 2, 0, 0, 0, 0, 1, 0, 0, 1, 0, 0, 3, 0, 2, 0, 0, 0, 3, 1, 0, 0, 0, 0, 1, 0, 3, 0, 0, 0, 0, 0, 1, 0, 1, 3, 1, 1, 0, 0, 0, 1, 0, 1, 0, 2, 0, 0, 0, 1, 0, 0, 3, 0, 0, 0, 0, 0, 2, 0, 0, 0, 0, 0, 0, 0, 0, 1, 1, 3, 0, 3, 0, 1, 0, 0, 1, 0, 0, 0, 0, 0, 0, 0, 1, 0, 0, 0, 0, 1, 0, 0, 2, 0]
event=729:G4_BALANCED:action:mode=exploit,state=1,draw=0.35144845584953244,action=1
event=730:G4_BALANCED:leader:action=1,fingerprint=[51, 8, 83, 31, 94, 11, 15, 22, 57, 19, 84, 77, 73, 1, 81, 14, 98, 79, 3, 16, 2, 99, 5, 91, 62, 43, 68, 76, 97, 40, 88, 30, 53, 20, 58, 93, 24, 72, 49, 59, 38, 28, 92, 67, 9, 18, 17, 87, 12, 26, 71, 74, 95, 63, 4, 47, 27, 37, 96, 23, 78, 10, 66, 6, 48, 56, 29, 64, 60, 46, 7, 36, 34, 85, 52, 55, 61, 86, 89, 41, 32, 39, 33, 42, 54, 80, 75, 25, 70, 35, 21, 0, 90, 69, 65, 44, 50, 13, 82, 45]|[2, 0, 1, 1, 2, 1, 0, 1, 2, 0, 0, 1, 0, 1, 1, 1, 0, 2, 1, 0, 1, 1, 0, 0, 1, 2, 1, 0, 1, 0, 0, 2, 1, 0, 1, 2, 2, 0, 0, 0, 2, 1, 1, 1, 0, 0, 2, 0, 1, 2, 2, 1, 2, 0, 2, 0, 0, 2, 1, 2, 0, 2, 1, 1, 0, 2, 2, 2, 2, 1, 0, 0, 0, 1, 0, 1, 0, 1, 2, 1, 2, 2, 0, 0, 1, 1, 2, 2, 0, 2, 2, 0, 1, 0, 1, 0, 2, 2, 1, 0]|[2, 2, 2, 2, 2, 4, 1, 2, 1, 1, 0, 1, 2, 4, 4, 1, 0, 1, 4, 2, 4, 1, 1, 0, 3, 2, 3, 0, 0, 1, 1, 0, 4, 2, 4, 0, 2, 0, 2, 0, 1, 0, 3, 0, 1, 1, 1, 2, 3, 1, 2, 4, 1, 2, 1, 0, 2, 1, 3, 1, 1, 1, 4, 4, 1, 1, 1, 1, 1, 4, 1, 1, 0, 0, 2, 4, 0, 4, 1, 0, 1, 1, 1, 2, 4, 4, 1, 1, 1, 1, 1, 0, 0, 2, 4, 1, 1, 1, 0, 2]|[0, 0, 1, 1, 0, 2, 0, 2, 0, 0, 0, 0, 1, 0, 0, 1, 0, 0, 3, 1, 2, 0, 0, 0, 3, 1, 1, 0, 1, 0, 1, 0, 3, 0, 0, 0, 0, 0, 1, 0, 1, 3, 1, 1, 0, 0, 0, 1, 0, 1, 0, 2, 0, 0, 0, 1, 0, 0, 3, 0, 0, 0, 1, 0, 0, 0, 0, 0, 0, 0, 0, 0, 0, 1, 1, 3, 0, 0, 1, 1, 0, 0, 1, 0, 3, 0, 0, 0, 0, 0, 0, 0, 1, 0, 0, 1, 0, 0, 2, 0]
event=731:G2_TEC:action:mode=exploit,state=1,draw=0.5210278548193159,action=0
event=732:G2_TEC:leader:action=0,fingerprint=[51, 8, 83, 31, 94, 11, 15, 22, 57, 19, 84, 77, 73, 1, 81, 14, 98, 79, 3, 16, 2, 99, 5, 91, 62, 43, 68, 76, 97, 40, 88, 30, 53, 20, 58, 93, 24, 72, 49, 59, 38, 28, 92, 67, 9, 18, 17, 87, 12, 26, 71, 74, 95, 63, 4, 47, 27, 37, 96, 23, 78, 10, 66, 6, 48, 56, 29, 64, 60, 46, 7, 36, 34, 85, 52, 55, 61, 86, 89, 41, 32, 39, 33, 42, 54, 80, 75, 25, 70, 35, 21, 0, 90, 69, 65, 44, 50, 13, 82, 45]|[2, 0, 1, 1, 2, 1, 0, 1, 2, 0, 0, 1, 0, 1, 1, 1, 0, 2, 1, 0, 1, 1, 0, 0, 1, 2, 1, 0, 1, 0, 0, 2, 1, 0, 1, 2, 2, 0, 0, 0, 2, 1, 1, 1, 0, 0, 2, 0, 1, 2, 2, 1, 2, 0, 2, 0, 0, 2, 1, 2, 0, 2, 1, 1, 0, 2, 2, 2, 2, 1, 0, 0, 0, 1, 0, 1, 0, 1, 2, 1, 2, 2, 0, 0, 1, 1, 2, 2, 0, 2, 2, 0, 1, 0, 1, 0, 2, 2, 1, 0]|[2, 2, 2, 2, 2, 4, 1, 2, 1, 1, 0, 1, 2, 4, 4, 1, 0, 1, 4, 2, 4, 1, 1, 0, 3, 2, 3, 0, 0, 1, 1, 0, 4, 2, 4, 0, 2, 0, 2, 0, 1, 0, 3, 0, 1, 1, 1, 2, 3, 1, 2, 4, 1, 2, 1, 0, 2, 1, 3, 1, 1, 1, 4, 4, 1, 1, 1, 1, 1, 4, 1, 1, 0, 0, 2, 4, 0, 4, 1, 0, 1, 1, 1, 2, 4, 4, 1, 1, 1, 1, 1, 0, 0, 2, 4, 1, 1, 1, 0, 2]|[0, 0, 1, 1, 0, 2, 0, 2, 0, 0, 0, 0, 1, 0, 0, 1, 0, 0, 3, 1, 2, 0, 0, 0, 3, 1, 1, 0, 1, 0, 1, 0, 3, 0, 0, 0, 0, 0, 1, 0, 1, 3, 1, 1, 0, 0, 0, 1, 0, 1, 0, 2, 0, 0, 0, 1, 0, 0, 3, 0, 0, 0, 1, 0, 0, 0, 0, 0, 0, 0, 0, 0, 0, 1, 1, 3, 0, 0, 1, 1, 0, 0, 1, 0, 3, 0, 0, 0, 0, 0, 0, 0, 1, 0, 0, 1, 0, 0, 2, 0]
event=733:G3_TWC:action:mode=exploit,state=1,draw=0.5676429617078051,action=2
event=734:G3_TWC:tournament:reason=action2,left=11,right=38,selected=[51, 8, 83, 31, 94, 11, 15, 22, 57, 19, 84, 77, 81, 14, 16, 3, 79, 2, 99, 73, 5, 91, 20, 98, 76, 34, 67, 68, 48, 88, 30, 53, 43, 62, 92, 28, 38, 59, 49, 72, 24, 93, 58, 9, 18, 17, 87, 12, 26, 71, 74, 95, 63, 21, 47, 27, 37, 96, 6, 78, 10, 32, 46, 40, 82, 29, 64, 60, 23, 7, 36, 90, 85, 52, 42, 61, 89, 41, 4, 39, 33, 56, 45, 80, 97, 0, 66, 35, 55, 50, 75, 1, 54, 69, 65, 44, 25, 13, 86, 70]|[2, 0, 1, 2, 1, 0, 0, 0, 0, 2, 0, 0, 1, 1, 0, 1, 0, 1, 1, 1, 0, 0, 2, 1, 0, 0, 1, 1, 1, 0, 2, 1, 2, 1, 1, 1, 2, 0, 0, 0, 0, 2, 1, 0, 1, 2, 0, 1, 0, 2, 1, 2, 0, 2, 0, 0, 2, 1, 0, 0, 2, 2, 1, 1, 1, 2, 0, 2, 0, 0, 0, 1, 1, 0, 2, 0, 2, 1, 0, 2, 1, 2, 1, 1, 1, 0, 0, 2, 1, 2, 2, 1, 1, 0, 1, 0, 2, 2, 1, 0]|[2, 2, 4, 2, 2, 1, 1, 1, 1, 1, 1, 2, 4, 1, 2, 4, 2, 4, 1, 0, 1, 0, 1, 1, 0, 0, 0, 3, 1, 1, 0, 4, 2, 3, 3, 0, 1, 0, 2, 0, 0, 0, 4, 1, 0, 1, 2, 3, 1, 1, 4, 1, 2, 1, 0, 2, 1, 3, 1, 1, 1, 1, 4, 1, 0, 1, 2, 1, 1, 1, 1, 4, 0, 2, 1, 1, 1, 0, 1, 1, 1, 1, 0, 4, 0, 0, 0, 1, 4, 1, 1, 4, 4, 0, 4, 1, 1, 1, 4, 1]|[0, 0, 2, 0, 1, 0, 0, 0, 0, 0, 0, 1, 0, 1, 1, 3, 1, 2, 0, 1, 0, 0, 0, 0, 0, 0, 1, 1, 2, 1, 0, 3, 1, 3, 1, 3, 1, 0, 1, 0, 0, 0, 0, 0, 1, 0, 1, 0, 0, 0, 2, 0, 0, 0, 1, 1, 0, 3, 0, 0, 0, 0, 0, 0, 2, 0, 0, 0, 0, 0, 0, 3, 1, 1, 0, 0, 0, 1, 1, 0, 2, 0, 2, 0, 1, 0, 0, 0, 3, 0, 0, 0, 3, 0, 0, 1, 0, 0, 0, 0]
event=735:G3_TWC:leader:action=2,fingerprint=[51, 8, 83, 31, 94, 11, 15, 22, 57, 19, 84, 77, 81, 14, 16, 3, 79, 2, 99, 73, 5, 91, 20, 98, 76, 34, 67, 68, 48, 88, 30, 53, 43, 62, 92, 28, 38, 59, 49, 72, 24, 93, 58, 9, 18, 17, 87, 12, 26, 71, 74, 95, 63, 21, 47, 27, 37, 96, 6, 78, 10, 32, 46, 40, 82, 29, 64, 60, 23, 7, 36, 90, 85, 52, 42, 61, 89, 41, 4, 39, 33, 56, 45, 80, 97, 0, 66, 35, 55, 50, 75, 1, 54, 69, 65, 44, 25, 13, 86, 70]|[2, 0, 1, 2, 1, 0, 0, 0, 0, 2, 0, 0, 1, 1, 0, 1, 0, 1, 1, 1, 0, 0, 2, 1, 0, 0, 1, 1, 1, 0, 2, 1, 2, 1, 1, 1, 2, 0, 0, 0, 0, 2, 1, 0, 1, 2, 0, 1, 0, 2, 1, 2, 0, 2, 0, 0, 2, 1, 0, 0, 2, 2, 1, 1, 1, 2, 0, 2, 0, 0, 0, 1, 1, 0, 2, 0, 2, 1, 0, 2, 1, 2, 1, 1, 1, 0, 0, 2, 1, 2, 2, 1, 1, 0, 1, 0, 2, 2, 1, 0]|[2, 2, 4, 2, 2, 1, 1, 1, 1, 1, 1, 2, 4, 1, 2, 4, 2, 4, 1, 0, 1, 0, 1, 1, 0, 0, 0, 3, 1, 1, 0, 4, 2, 3, 3, 0, 1, 0, 2, 0, 0, 0, 4, 1, 0, 1, 2, 3, 1, 1, 4, 1, 2, 1, 0, 2, 1, 3, 1, 1, 1, 1, 4, 1, 0, 1, 2, 1, 1, 1, 1, 4, 0, 2, 1, 1, 1, 0, 1, 1, 1, 1, 0, 4, 0, 0, 0, 1, 4, 1, 1, 4, 4, 0, 4, 1, 1, 1, 4, 1]|[0, 0, 2, 0, 1, 0, 0, 0, 0, 0, 0, 1, 0, 1, 1, 3, 1, 2, 0, 1, 0, 0, 0, 0, 0, 0, 1, 1, 2, 1, 0, 3, 1, 3, 1, 3, 1, 0, 1, 0, 0, 0, 0, 0, 1, 0, 1, 0, 0, 0, 2, 0, 0, 0, 1, 1, 0, 3, 0, 0, 0, 0, 0, 0, 2, 0, 0, 0, 0, 0, 0, 3, 1, 1, 0, 0, 0, 1, 1, 0, 2, 0, 2, 0, 1, 0, 0, 0, 3, 0, 0, 0, 3, 0, 0, 1, 0, 0, 0, 0]
event=736:G1_CMAX:update:state=1,action=2,reward=-54.342826616391335,nextState=1,old=-261.6632496776736,new=-232.3151998511969
event=737:G2_TEC:update:state=1,action=0,reward=-221.36485795541375,nextState=1,old=-798.4408243201461,new=-860.1175174115307
event=738:G3_TWC:update:state=1,action=2,reward=-4179.658868253609,nextState=1,old=-7524.077949467188,new=-10198.921227827359
event=739:G4_BALANCED:update:state=1,action=1,reward=-0.0366654763372752,nextState=1,old=-0.3021617251123585,new=-0.278394856427162
event=740:G1_CMAX:action:mode=exploit,state=1,draw=0.6224120867858661,action=1
event=741:G1_CMAX:leader:action=1,fingerprint=[51, 8, 83, 50, 94, 11, 15, 22, 57, 19, 84, 77, 73, 1, 81, 14, 98, 16, 53, 44, 2, 40, 5, 91, 62, 68, 76, 97, 99, 88, 30, 3, 20, 58, 93, 24, 72, 49, 42, 38, 28, 92, 67, 9, 18, 87, 12, 26, 71, 74, 95, 63, 21, 17, 47, 27, 37, 78, 10, 32, 46, 48, 56, 6, 29, 64, 60, 23, 7, 36, 90, 85, 52, 59, 61, 54, 89, 41, 4, 33, 55, 96, 82, 80, 75, 31, 45, 35, 43, 39, 66, 0, 34, 69, 65, 79, 25, 13, 86, 70]|[2, 0, 1, 1, 2, 1, 0, 1, 2, 0, 0, 1, 0, 1, 1, 1, 1, 0, 1, 0, 1, 1, 0, 0, 1, 1, 0, 1, 1, 0, 2, 1, 2, 1, 2, 0, 0, 0, 0, 2, 1, 1, 1, 0, 1, 0, 1, 0, 2, 1, 2, 0, 2, 2, 0, 0, 2, 0, 2, 2, 1, 1, 2, 2, 2, 0, 2, 0, 0, 0, 1, 2, 0, 1, 0, 1, 2, 1, 0, 1, 1, 1, 1, 1, 2, 1, 0, 2, 2, 2, 0, 0, 1, 0, 1, 0, 2, 0, 1, 2]|[1, 0, 2, 0, 1, 4, 1, 2, 1, 1, 1, 1, 2, 4, 4, 1, 1, 2, 4, 2, 4, 1, 2, 0, 3, 3, 0, 0, 1, 1, 1, 4, 1, 4, 0, 1, 0, 2, 0, 1, 0, 3, 0, 1, 0, 2, 3, 1, 1, 4, 1, 2, 1, 1, 0, 2, 1, 1, 1, 1, 4, 1, 1, 1, 1, 1, 1, 1, 1, 1, 4, 1, 2, 0, 2, 4, 1, 0, 1, 1, 4, 3, 0, 4, 1, 0, 2, 1, 2, 1, 0, 0, 0, 2, 4, 2, 1, 1, 4, 0]|[0, 0, 1, 1, 0, 2, 0, 2, 0, 0, 0, 0, 1, 0, 0, 1, 0, 1, 3, 1, 2, 0, 0, 0, 3, 1, 0, 1, 0, 1, 0, 3, 0, 0, 0, 1, 0, 1, 0, 1, 3, 1, 1, 0, 1, 1, 0, 0, 0, 2, 0, 0, 0, 0, 1, 1, 0, 0, 0, 0, 0, 2, 0, 0, 0, 0, 0, 0, 0, 0, 3, 0, 1, 1, 0, 3, 0, 1, 1, 2, 3, 3, 2, 0, 0, 1, 0, 0, 1, 0, 0, 0, 1, 0, 0, 1, 0, 0, 0, 1]
event=742:G4_BALANCED:action:mode=exploit,state=1,draw=0.704020150178427,action=1
event=743:G4_BALANCED:leader:action=1,fingerprint=[51, 8, 83, 31, 94, 11, 15, 22, 57, 19, 84, 77, 73, 1, 81, 14, 98, 79, 3, 16, 2, 99, 5, 91, 62, 43, 68, 76, 97, 40, 88, 30, 53, 20, 58, 93, 24, 72, 49, 59, 38, 28, 92, 67, 9, 18, 17, 87, 12, 26, 71, 74, 95, 63, 4, 47, 27, 37, 96, 23, 78, 10, 66, 6, 48, 56, 29, 64, 60, 46, 7, 36, 34, 85, 52, 55, 61, 86, 89, 41, 32, 39, 33, 42, 54, 80, 75, 25, 70, 35, 21, 0, 90, 69, 65, 44, 50, 13, 82, 45]|[2, 0, 1, 1, 2, 1, 0, 1, 2, 0, 0, 1, 0, 1, 1, 1, 0, 2, 1, 0, 1, 1, 0, 0, 1, 2, 1, 0, 1, 0, 0, 2, 1, 0, 1, 2, 2, 0, 0, 0, 2, 1, 1, 1, 0, 0, 2, 0, 1, 2, 2, 1, 2, 0, 2, 0, 0, 2, 1, 2, 0, 2, 1, 1, 0, 2, 2, 2, 2, 1, 0, 0, 0, 1, 0, 1, 0, 1, 2, 1, 2, 2, 0, 0, 1, 1, 2, 2, 0, 2, 2, 0, 1, 0, 1, 0, 2, 2, 1, 0]|[2, 2, 2, 2, 2, 4, 1, 2, 1, 1, 0, 1, 2, 4, 4, 1, 0, 1, 4, 2, 4, 1, 1, 0, 3, 2, 3, 0, 0, 1, 1, 0, 4, 2, 4, 0, 2, 0, 2, 0, 1, 0, 3, 0, 1, 1, 1, 2, 3, 1, 2, 4, 1, 2, 1, 0, 2, 1, 3, 1, 1, 1, 4, 4, 1, 1, 1, 1, 1, 4, 1, 1, 0, 0, 2, 4, 0, 4, 1, 0, 1, 1, 1, 2, 4, 4, 1, 1, 1, 1, 1, 0, 0, 2, 4, 1, 1, 1, 0, 2]|[0, 0, 1, 1, 0, 2, 0, 2, 0, 0, 0, 0, 1, 0, 0, 1, 0, 0, 3, 1, 2, 0, 0, 0, 3, 1, 1, 0, 1, 0, 1, 0, 3, 0, 0, 0, 0, 0, 1, 0, 1, 3, 1, 1, 0, 0, 0, 1, 0, 1, 0, 2, 0, 0, 0, 1, 0, 0, 3, 0, 0, 0, 1, 0, 0, 0, 0, 0, 0, 0, 0, 0, 0, 1, 1, 3, 0, 0, 1, 1, 0, 0, 1, 0, 3, 0, 0, 0, 0, 0, 0, 0, 1, 0, 0, 1, 0, 0, 2, 0]
event=744:G2_TEC:action:mode=exploit,state=1,draw=0.049592003558146525,action=0
event=745:G2_TEC:leader:action=0,fingerprint=[51, 8, 83, 31, 94, 11, 15, 22, 57, 19, 84, 77, 73, 1, 81, 14, 98, 79, 3, 16, 2, 99, 5, 91, 62, 43, 68, 76, 97, 40, 88, 30, 53, 20, 58, 93, 24, 72, 49, 59, 38, 28, 92, 67, 9, 18, 17, 87, 12, 26, 71, 74, 95, 63, 4, 47, 27, 37, 96, 23, 78, 10, 66, 6, 48, 56, 29, 64, 60, 46, 7, 36, 34, 85, 52, 55, 61, 86, 89, 41, 32, 39, 33, 42, 54, 80, 75, 25, 70, 35, 21, 0, 90, 69, 65, 44, 50, 13, 82, 45]|[2, 0, 1, 1, 2, 1, 0, 1, 2, 0, 0, 1, 0, 1, 1, 1, 0, 2, 1, 0, 1, 1, 0, 0, 1, 2, 1, 0, 1, 0, 0, 2, 1, 0, 1, 2, 2, 0, 0, 0, 2, 1, 1, 1, 0, 0, 2, 0, 1, 2, 2, 1, 2, 0, 2, 0, 0, 2, 1, 2, 0, 2, 1, 1, 0, 2, 2, 2, 2, 1, 0, 0, 0, 1, 0, 1, 0, 1, 2, 1, 2, 2, 0, 0, 1, 1, 2, 2, 0, 2, 2, 0, 1, 0, 1, 0, 2, 2, 1, 0]|[2, 2, 2, 2, 2, 4, 1, 2, 1, 1, 0, 1, 2, 4, 4, 1, 0, 1, 4, 2, 4, 1, 1, 0, 3, 2, 3, 0, 0, 1, 1, 0, 4, 2, 4, 0, 2, 0, 2, 0, 1, 0, 3, 0, 1, 1, 1, 2, 3, 1, 2, 4, 1, 2, 1, 0, 2, 1, 3, 1, 1, 1, 4, 4, 1, 1, 1, 1, 1, 4, 1, 1, 0, 0, 2, 4, 0, 4, 1, 0, 1, 1, 1, 2, 4, 4, 1, 1, 1, 1, 1, 0, 0, 2, 4, 1, 1, 1, 0, 2]|[0, 0, 1, 1, 0, 2, 0, 2, 0, 0, 0, 0, 1, 0, 0, 1, 0, 0, 3, 1, 2, 0, 0, 0, 3, 1, 1, 0, 1, 0, 1, 0, 3, 0, 0, 0, 0, 0, 1, 0, 1, 3, 1, 1, 0, 0, 0, 1, 0, 1, 0, 2, 0, 0, 0, 1, 0, 0, 3, 0, 0, 0, 1, 0, 0, 0, 0, 0, 0, 0, 0, 0, 0, 1, 1, 3, 0, 0, 1, 1, 0, 0, 1, 0, 3, 0, 0, 0, 0, 0, 0, 0, 1, 0, 0, 1, 0, 0, 2, 0]
event=746:G3_TWC:action:mode=exploit,state=1,draw=0.16065336008615883,action=0
event=747:G3_TWC:leader:action=0,fingerprint=[51, 8, 83, 31, 94, 11, 15, 22, 57, 19, 84, 77, 81, 14, 16, 3, 79, 2, 99, 73, 5, 91, 20, 98, 76, 34, 67, 68, 48, 88, 30, 53, 43, 62, 92, 28, 38, 59, 49, 72, 24, 93, 58, 9, 18, 17, 87, 12, 26, 71, 74, 95, 63, 21, 47, 27, 37, 96, 6, 78, 10, 32, 46, 40, 82, 29, 64, 60, 23, 7, 36, 90, 85, 52, 42, 61, 89, 41, 4, 39, 33, 56, 45, 80, 97, 0, 66, 35, 55, 50, 75, 1, 54, 69, 65, 44, 25, 13, 86, 70]|[2, 0, 1, 2, 1, 0, 0, 0, 0, 2, 0, 0, 1, 1, 0, 1, 0, 1, 1, 1, 0, 0, 2, 1, 0, 0, 1, 1, 1, 0, 2, 1, 2, 1, 1, 1, 2, 0, 0, 0, 0, 2, 1, 0, 1, 2, 0, 1, 0, 2, 1, 2, 0, 2, 0, 0, 2, 1, 0, 0, 2, 2, 1, 1, 1, 2, 0, 2, 0, 0, 0, 1, 1, 0, 2, 0, 2, 1, 0, 2, 1, 2, 1, 1, 1, 0, 0, 2, 1, 2, 2, 1, 1, 0, 1, 0, 2, 2, 1, 0]|[2, 2, 4, 2, 2, 1, 1, 1, 1, 1, 1, 2, 4, 1, 2, 4, 2, 4, 1, 0, 1, 0, 1, 1, 0, 0, 0, 3, 1, 1, 0, 4, 2, 3, 3, 0, 1, 0, 2, 0, 0, 0, 4, 1, 0, 1, 2, 3, 1, 1, 4, 1, 2, 1, 0, 2, 1, 3, 1, 1, 1, 1, 4, 1, 0, 1, 2, 1, 1, 1, 1, 4, 0, 2, 1, 1, 1, 0, 1, 1, 1, 1, 0, 4, 0, 0, 0, 1, 4, 1, 1, 4, 4, 0, 4, 1, 1, 1, 4, 1]|[0, 0, 2, 0, 1, 0, 0, 0, 0, 0, 0, 1, 0, 1, 1, 3, 1, 2, 0, 1, 0, 0, 0, 0, 0, 0, 1, 1, 2, 1, 0, 3, 1, 3, 1, 3, 1, 0, 1, 0, 0, 0, 0, 0, 1, 0, 1, 0, 0, 0, 2, 0, 0, 0, 1, 1, 0, 3, 0, 0, 0, 0, 0, 0, 2, 0, 0, 0, 0, 0, 0, 3, 1, 1, 0, 0, 0, 1, 1, 0, 2, 0, 2, 0, 1, 0, 0, 0, 3, 0, 0, 0, 3, 0, 0, 1, 0, 0, 0, 0]
event=748:G1_CMAX:update:state=1,action=1,reward=-46.48322956519314,nextState=1,old=-222.46546654350692,new=-224.4556027999987
event=749:G2_TEC:update:state=1,action=0,reward=-158.8211091805715,nextState=1,old=-860.1175174115307,new=-846.9151231097961
event=750:G3_TWC:update:state=1,action=0,reward=-5177.712209390942,nextState=1,old=-9282.769474494224,new=-12603.927788986322
event=751:G4_BALANCED:update:state=1,action=1,reward=-0.06548668700446846,nextState=1,old=-0.278394856427162,new=-0.28820257214619804
event=752:G1_CMAX:action:mode=exploit,state=1,draw=0.3011823428818049,action=1
event=753:G1_CMAX:leader:action=1,fingerprint=[51, 8, 83, 50, 94, 11, 15, 22, 57, 19, 84, 77, 73, 1, 81, 14, 98, 16, 53, 44, 2, 40, 5, 91, 62, 68, 76, 97, 99, 88, 30, 3, 20, 58, 93, 24, 72, 49, 42, 38, 28, 92, 67, 9, 18, 87, 12, 26, 71, 74, 95, 63, 21, 17, 47, 27, 37, 78, 10, 32, 46, 48, 56, 6, 29, 64, 60, 23, 7, 36, 90, 85, 52, 59, 61, 54, 89, 41, 4, 33, 55, 96, 82, 80, 75, 31, 45, 35, 43, 39, 66, 0, 34, 69, 65, 79, 25, 13, 86, 70]|[2, 0, 1, 1, 2, 1, 0, 1, 2, 0, 0, 1, 0, 1, 1, 1, 1, 0, 1, 0, 1, 1, 0, 0, 1, 1, 0, 1, 1, 0, 2, 1, 2, 1, 2, 0, 0, 0, 0, 2, 1, 1, 1, 0, 1, 0, 1, 0, 2, 1, 2, 0, 2, 2, 0, 0, 2, 0, 2, 2, 1, 1, 2, 2, 2, 0, 2, 0, 0, 0, 1, 2, 0, 1, 0, 1, 2, 1, 0, 1, 1, 1, 1, 1, 2, 1, 0, 2, 2, 2, 0, 0, 1, 0, 1, 0, 2, 0, 1, 2]|[1, 0, 2, 0, 1, 4, 1, 2, 1, 1, 1, 1, 2, 4, 4, 1, 1, 2, 4, 2, 4, 1, 2, 0, 3, 3, 0, 0, 1, 1, 1, 4, 1, 4, 0, 1, 0, 2, 0, 1, 0, 3, 0, 1, 0, 2, 3, 1, 1, 4, 1, 2, 1, 1, 0, 2, 1, 1, 1, 1, 4, 1, 1, 1, 1, 1, 1, 1, 1, 1, 4, 1, 2, 0, 2, 4, 1, 0, 1, 1, 4, 3, 0, 4, 1, 0, 2, 1, 2, 1, 0, 0, 0, 2, 4, 2, 1, 1, 4, 0]|[0, 0, 1, 1, 0, 2, 0, 2, 0, 0, 0, 0, 1, 0, 0, 1, 0, 1, 3, 1, 2, 0, 0, 0, 3, 1, 0, 1, 0, 1, 0, 3, 0, 0, 0, 1, 0, 1, 0, 1, 3, 1, 1, 0, 1, 1, 0, 0, 0, 2, 0, 0, 0, 0, 1, 1, 0, 0, 0, 0, 0, 2, 0, 0, 0, 0, 0, 0, 0, 0, 3, 0, 1, 1, 0, 3, 0, 1, 1, 2, 3, 3, 2, 0, 0, 1, 0, 0, 1, 0, 0, 0, 1, 0, 0, 1, 0, 0, 0, 1]
event=754:G4_BALANCED:action:mode=exploit,state=1,draw=0.2848689867153953,action=1
event=755:G4_BALANCED:leader:action=1,fingerprint=[51, 8, 83, 31, 94, 11, 15, 22, 57, 19, 84, 77, 73, 1, 81, 14, 98, 79, 3, 16, 2, 99, 5, 91, 62, 43, 68, 76, 97, 40, 88, 30, 53, 20, 58, 93, 24, 72, 49, 59, 38, 28, 92, 67, 9, 18, 17, 87, 12, 26, 71, 74, 95, 63, 4, 47, 27, 37, 96, 23, 78, 10, 66, 6, 48, 56, 29, 64, 60, 46, 7, 36, 34, 85, 52, 55, 61, 86, 89, 41, 32, 39, 33, 42, 54, 80, 75, 25, 70, 35, 21, 0, 90, 69, 65, 44, 50, 13, 82, 45]|[2, 0, 1, 1, 2, 1, 0, 1, 2, 0, 0, 1, 0, 1, 1, 1, 0, 2, 1, 0, 1, 1, 0, 0, 1, 2, 1, 0, 1, 0, 0, 2, 1, 0, 1, 2, 2, 0, 0, 0, 2, 1, 1, 1, 0, 0, 2, 0, 1, 2, 2, 1, 2, 0, 2, 0, 0, 2, 1, 2, 0, 2, 1, 1, 0, 2, 2, 2, 2, 1, 0, 0, 0, 1, 0, 1, 0, 1, 2, 1, 2, 2, 0, 0, 1, 1, 2, 2, 0, 2, 2, 0, 1, 0, 1, 0, 2, 2, 1, 0]|[2, 2, 2, 2, 2, 4, 1, 2, 1, 1, 0, 1, 2, 4, 4, 1, 0, 1, 4, 2, 4, 1, 1, 0, 3, 2, 3, 0, 0, 1, 1, 0, 4, 2, 4, 0, 2, 0, 2, 0, 1, 0, 3, 0, 1, 1, 1, 2, 3, 1, 2, 4, 1, 2, 1, 0, 2, 1, 3, 1, 1, 1, 4, 4, 1, 1, 1, 1, 1, 4, 1, 1, 0, 0, 2, 4, 0, 4, 1, 0, 1, 1, 1, 2, 4, 4, 1, 1, 1, 1, 1, 0, 0, 2, 4, 1, 1, 1, 0, 2]|[0, 0, 1, 1, 0, 2, 0, 2, 0, 0, 0, 0, 1, 0, 0, 1, 0, 0, 3, 1, 2, 0, 0, 0, 3, 1, 1, 0, 1, 0, 1, 0, 3, 0, 0, 0, 0, 0, 1, 0, 1, 3, 1, 1, 0, 0, 0, 1, 0, 1, 0, 2, 0, 0, 0, 1, 0, 0, 3, 0, 0, 0, 1, 0, 0, 0, 0, 0, 0, 0, 0, 0, 0, 1, 1, 3, 0, 0, 1, 1, 0, 0, 1, 0, 3, 0, 0, 0, 0, 0, 0, 0, 1, 0, 0, 1, 0, 0, 2, 0]
event=756:G2_TEC:action:mode=exploit,state=1,draw=0.2596744360155091,action=0
event=757:G2_TEC:leader:action=0,fingerprint=[51, 8, 83, 31, 94, 11, 15, 22, 57, 19, 84, 77, 73, 1, 81, 14, 98, 79, 3, 16, 2, 99, 5, 91, 62, 43, 68, 76, 97, 40, 88, 30, 53, 20, 58, 93, 24, 72, 49, 59, 38, 28, 92, 67, 9, 18, 17, 87, 12, 26, 71, 74, 95, 63, 4, 47, 27, 37, 96, 23, 78, 10, 66, 6, 48, 56, 29, 64, 60, 46, 7, 36, 34, 85, 52, 55, 61, 86, 89, 41, 32, 39, 33, 42, 54, 80, 75, 25, 70, 35, 21, 0, 90, 69, 65, 44, 50, 13, 82, 45]|[2, 0, 1, 1, 2, 1, 0, 1, 2, 0, 0, 1, 0, 1, 1, 1, 0, 2, 1, 0, 1, 1, 0, 0, 1, 2, 1, 0, 1, 0, 0, 2, 1, 0, 1, 2, 2, 0, 0, 0, 2, 1, 1, 1, 0, 0, 2, 0, 1, 2, 2, 1, 2, 0, 2, 0, 0, 2, 1, 2, 0, 2, 1, 1, 0, 2, 2, 2, 2, 1, 0, 0, 0, 1, 0, 1, 0, 1, 2, 1, 2, 2, 0, 0, 1, 1, 2, 2, 0, 2, 2, 0, 1, 0, 1, 0, 2, 2, 1, 0]|[2, 2, 2, 2, 2, 4, 1, 2, 1, 1, 0, 1, 2, 4, 4, 1, 0, 1, 4, 2, 4, 1, 1, 0, 3, 2, 3, 0, 0, 1, 1, 0, 4, 2, 4, 0, 2, 0, 2, 0, 1, 0, 3, 0, 1, 1, 1, 2, 3, 1, 2, 4, 1, 2, 1, 0, 2, 1, 3, 1, 1, 1, 4, 4, 1, 1, 1, 1, 1, 4, 1, 1, 0, 0, 2, 4, 0, 4, 1, 0, 1, 1, 1, 2, 4, 4, 1, 1, 1, 1, 1, 0, 0, 2, 4, 1, 1, 1, 0, 2]|[0, 0, 1, 1, 0, 2, 0, 2, 0, 0, 0, 0, 1, 0, 0, 1, 0, 0, 3, 1, 2, 0, 0, 0, 3, 1, 1, 0, 1, 0, 1, 0, 3, 0, 0, 0, 0, 0, 1, 0, 1, 3, 1, 1, 0, 0, 0, 1, 0, 1, 0, 2, 0, 0, 0, 1, 0, 0, 3, 0, 0, 0, 1, 0, 0, 0, 0, 0, 0, 0, 0, 0, 0, 1, 1, 3, 0, 0, 1, 1, 0, 0, 1, 0, 3, 0, 0, 0, 0, 0, 0, 0, 1, 0, 0, 1, 0, 0, 2, 0]
event=758:G3_TWC:action:mode=explore,state=1,draw=0.9652928503232296,action=1
event=759:G3_TWC:leader:action=1,fingerprint=[51, 8, 83, 94, 11, 15, 77, 84, 19, 57, 22, 73, 81, 14, 16, 3, 79, 2, 99, 31, 5, 91, 20, 98, 76, 34, 67, 68, 48, 88, 30, 53, 43, 62, 92, 28, 38, 59, 49, 72, 24, 93, 58, 9, 18, 17, 87, 12, 26, 71, 74, 95, 63, 21, 47, 27, 37, 96, 6, 78, 10, 32, 46, 40, 82, 29, 64, 60, 23, 7, 36, 90, 85, 52, 42, 61, 89, 41, 4, 39, 33, 56, 45, 80, 97, 0, 66, 35, 55, 50, 75, 1, 54, 69, 65, 44, 25, 13, 86, 70]|[2, 0, 1, 2, 1, 0, 1, 0, 0, 2, 1, 0, 1, 1, 0, 1, 0, 1, 1, 1, 0, 0, 2, 1, 0, 1, 1, 1, 1, 0, 2, 1, 2, 1, 1, 1, 2, 0, 0, 0, 0, 2, 1, 0, 1, 2, 0, 1, 0, 2, 1, 2, 0, 2, 0, 0, 2, 1, 0, 0, 2, 2, 1, 1, 1, 2, 0, 2, 0, 0, 0, 1, 1, 0, 2, 0, 2, 1, 0, 2, 1, 2, 1, 1, 1, 0, 0, 2, 1, 2, 2, 1, 1, 0, 1, 0, 2, 2, 1, 0]|[2, 2, 4, 2, 2, 1, 1, 1, 1, 1, 2, 2, 4, 1, 2, 4, 2, 4, 1, 0, 1, 0, 1, 1, 0, 0, 0, 3, 1, 1, 0, 4, 2, 3, 3, 0, 1, 0, 2, 0, 1, 0, 4, 1, 0, 1, 2, 3, 1, 1, 4, 1, 2, 1, 0, 2, 1, 3, 1, 1, 1, 1, 4, 1, 0, 1, 2, 1, 1, 1, 1, 4, 4, 2, 1, 1, 1, 0, 1, 1, 1, 1, 0, 4, 0, 0, 0, 1, 4, 1, 1, 4, 4, 0, 4, 1, 1, 1, 4, 1]|[0, 0, 2, 0, 1, 0, 0, 0, 0, 0, 2, 1, 0, 1, 1, 3, 1, 2, 0, 1, 0, 0, 0, 0, 0, 1, 1, 1, 2, 1, 0, 3, 1, 3, 1, 3, 1, 0, 1, 0, 1, 0, 0, 0, 1, 0, 1, 0, 0, 0, 2, 0, 0, 0, 1, 1, 0, 3, 0, 0, 0, 0, 0, 0, 2, 0, 0, 0, 0, 0, 0, 3, 0, 1, 0, 0, 0, 1, 1, 0, 2, 0, 2, 0, 1, 0, 0, 0, 3, 0, 0, 0, 3, 0, 0, 1, 0, 0, 0, 0]
event=760:G1_CMAX:update:state=1,action=1,reward=-45.51544338237045,nextState=1,old=-224.4556027999987,new=-225.07992562236942
event=761:G2_TEC:update:state=1,action=0,reward=-200.1497052085324,nextState=1,old=-846.9151231097961,new=-877.6818036963693
event=762:G3_TWC:update:state=1,action=1,reward=-7699.169914983984,nextState=1,old=-15953.41795500581,new=-15858.306897245871
event=763:G4_BALANCED:update:state=1,action=1,reward=-0.05651155969374111,nextState=1,old=-0.28820257214619804,new=-0.2870736174106996
event=764:G1_CMAX:action:mode=explore,state=1,draw=0.9794740800511729,action=2
event=765:G1_CMAX:tournament:reason=action2,left=25,right=55,selected=[51, 83, 31, 94, 11, 22, 57, 19, 84, 77, 73, 15, 1, 81, 14, 99, 16, 3, 79, 2, 8, 98, 5, 91, 62, 43, 76, 97, 40, 88, 30, 53, 20, 58, 95, 74, 78, 12, 87, 17, 18, 9, 67, 92, 28, 38, 59, 49, 72, 93, 24, 63, 21, 47, 27, 39, 36, 6, 10, 66, 23, 48, 56, 29, 64, 68, 60, 46, 7, 96, 90, 85, 52, 42, 61, 54, 89, 41, 4, 75, 86, 80, 55, 33, 37, 50, 45, 35, 32, 0, 34, 69, 65, 44, 26, 25, 13, 71, 82, 70]|[2, 1, 1, 2, 1, 1, 2, 2, 0, 2, 0, 0, 1, 1, 1, 1, 0, 1, 0, 0, 0, 0, 1, 0, 1, 2, 0, 1, 1, 0, 2, 1, 2, 1, 2, 1, 0, 1, 0, 2, 1, 0, 1, 1, 1, 2, 0, 0, 0, 2, 2, 0, 2, 0, 0, 2, 0, 2, 2, 2, 0, 1, 2, 2, 0, 0, 2, 1, 0, 0, 1, 1, 0, 0, 0, 1, 2, 1, 0, 2, 1, 1, 1, 1, 2, 1, 0, 1, 1, 0, 1, 0, 1, 0, 0, 2, 2, 2, 1, 0]|[0, 0, 2, 1, 4, 2, 1, 1, 1, 1, 2, 1, 4, 4, 1, 1, 2, 4, 2, 1, 2, 1, 0, 1, 3, 2, 0, 0, 1, 1, 0, 4, 1, 4, 1, 4, 1, 3, 2, 1, 0, 1, 0, 3, 0, 1, 0, 2, 0, 0, 2, 2, 1, 0, 2, 1, 1, 1, 1, 1, 1, 1, 1, 1, 2, 2, 1, 4, 1, 0, 4, 4, 2, 1, 2, 4, 1, 0, 1, 1, 4, 4, 4, 1, 1, 0, 2, 4, 1, 0, 0, 2, 4, 1, 1, 1, 1, 1, 0, 1]|[1, 1, 1, 0, 2, 2, 0, 0, 0, 0, 1, 0, 0, 0, 1, 0, 1, 3, 1, 0, 1, 0, 0, 0, 3, 1, 0, 1, 0, 1, 0, 3, 0, 0, 0, 2, 0, 0, 1, 0, 1, 0, 1, 1, 3, 1, 0, 1, 0, 0, 0, 0, 0, 1, 1, 0, 0, 0, 0, 0, 0, 2, 0, 0, 0, 0, 0, 0, 0, 0, 3, 0, 1, 0, 0, 3, 0, 1, 1, 0, 0, 0, 3, 2, 0, 1, 0, 0, 1, 0, 1, 0, 0, 1, 0, 0, 0, 0, 2, 0]
event=766:G1_CMAX:leader:action=2,fingerprint=[51, 83, 31, 94, 11, 22, 57, 19, 84, 77, 73, 15, 1, 81, 14, 99, 16, 3, 79, 2, 8, 98, 5, 91, 62, 43, 76, 97, 40, 88, 30, 53, 20, 58, 95, 74, 78, 12, 87, 17, 18, 9, 67, 92, 28, 38, 59, 49, 72, 93, 24, 63, 21, 47, 27, 39, 36, 6, 10, 66, 23, 48, 56, 29, 64, 68, 60, 46, 7, 96, 90, 85, 52, 42, 61, 54, 89, 41, 4, 75, 86, 80, 55, 33, 37, 50, 45, 35, 32, 0, 34, 69, 65, 44, 26, 25, 13, 71, 82, 70]|[2, 1, 1, 2, 1, 1, 2, 2, 0, 2, 0, 0, 1, 1, 1, 1, 0, 1, 0, 0, 0, 0, 1, 0, 1, 2, 0, 1, 1, 0, 2, 1, 2, 1, 2, 1, 0, 1, 0, 2, 1, 0, 1, 1, 1, 2, 0, 0, 0, 2, 2, 0, 2, 0, 0, 2, 0, 2, 2, 2, 0, 1, 2, 2, 0, 0, 2, 1, 0, 0, 1, 1, 0, 0, 0, 1, 2, 1, 0, 2, 1, 1, 1, 1, 2, 1, 0, 1, 1, 0, 1, 0, 1, 0, 0, 2, 2, 2, 1, 0]|[0, 0, 2, 1, 4, 2, 1, 1, 1, 1, 2, 1, 4, 4, 1, 1, 2, 4, 2, 1, 2, 1, 0, 1, 3, 2, 0, 0, 1, 1, 0, 4, 1, 4, 1, 4, 1, 3, 2, 1, 0, 1, 0, 3, 0, 1, 0, 2, 0, 0, 2, 2, 1, 0, 2, 1, 1, 1, 1, 1, 1, 1, 1, 1, 2, 2, 1, 4, 1, 0, 4, 4, 2, 1, 2, 4, 1, 0, 1, 1, 4, 4, 4, 1, 1, 0, 2, 4, 1, 0, 0, 2, 4, 1, 1, 1, 1, 1, 0, 1]|[1, 1, 1, 0, 2, 2, 0, 0, 0, 0, 1, 0, 0, 0, 1, 0, 1, 3, 1, 0, 1, 0, 0, 0, 3, 1, 0, 1, 0, 1, 0, 3, 0, 0, 0, 2, 0, 0, 1, 0, 1, 0, 1, 1, 3, 1, 0, 1, 0, 0, 0, 0, 0, 1, 1, 0, 0, 0, 0, 0, 0, 2, 0, 0, 0, 0, 0, 0, 0, 0, 3, 0, 1, 0, 0, 3, 0, 1, 1, 0, 0, 0, 3, 2, 0, 1, 0, 0, 1, 0, 1, 0, 0, 1, 0, 0, 0, 0, 2, 0]
event=767:G4_BALANCED:action:mode=explore,state=1,draw=0.9780618293456451,action=0
event=768:G4_BALANCED:leader:action=0,fingerprint=[51, 8, 83, 31, 94, 11, 15, 22, 57, 19, 84, 77, 73, 1, 81, 14, 98, 79, 3, 16, 2, 99, 5, 91, 62, 43, 68, 76, 97, 40, 88, 30, 53, 20, 58, 93, 24, 72, 49, 59, 38, 28, 92, 67, 9, 18, 17, 87, 12, 26, 71, 74, 95, 63, 4, 47, 27, 37, 96, 23, 78, 10, 66, 6, 48, 56, 29, 64, 60, 46, 7, 36, 34, 85, 52, 55, 61, 86, 89, 41, 32, 39, 33, 42, 54, 80, 75, 25, 70, 35, 21, 0, 90, 69, 65, 44, 50, 13, 82, 45]|[2, 0, 1, 1, 2, 1, 0, 1, 2, 0, 0, 1, 0, 1, 1, 1, 0, 2, 1, 0, 1, 1, 0, 0, 1, 2, 1, 0, 1, 0, 0, 2, 1, 0, 1, 2, 2, 0, 0, 0, 2, 1, 1, 1, 0, 0, 2, 0, 1, 2, 2, 1, 2, 0, 2, 0, 0, 2, 1, 2, 0, 2, 1, 1, 0, 2, 2, 2, 2, 1, 0, 0, 0, 1, 0, 1, 0, 1, 2, 1, 2, 2, 0, 0, 1, 1, 2, 2, 0, 2, 2, 0, 1, 0, 1, 0, 2, 2, 1, 0]|[2, 2, 2, 2, 2, 4, 1, 2, 1, 1, 0, 1, 2, 4, 4, 1, 0, 1, 4, 2, 4, 1, 1, 0, 3, 2, 3, 0, 0, 1, 1, 0, 4, 2, 4, 0, 2, 0, 2, 0, 1, 0, 3, 0, 1, 1, 1, 2, 3, 1, 2, 4, 1, 2, 1, 0, 2, 1, 3, 1, 1, 1, 4, 4, 1, 1, 1, 1, 1, 4, 1, 1, 0, 0, 2, 4, 0, 4, 1, 0, 1, 1, 1, 2, 4, 4, 1, 1, 1, 1, 1, 0, 0, 2, 4, 1, 1, 1, 0, 2]|[0, 0, 1, 1, 0, 2, 0, 2, 0, 0, 0, 0, 1, 0, 0, 1, 0, 0, 3, 1, 2, 0, 0, 0, 3, 1, 1, 0, 1, 0, 1, 0, 3, 0, 0, 0, 0, 0, 1, 0, 1, 3, 1, 1, 0, 0, 0, 1, 0, 1, 0, 2, 0, 0, 0, 1, 0, 0, 3, 0, 0, 0, 1, 0, 0, 0, 0, 0, 0, 0, 0, 0, 0, 1, 1, 3, 0, 0, 1, 1, 0, 0, 1, 0, 3, 0, 0, 0, 0, 0, 0, 0, 1, 0, 0, 1, 0, 0, 2, 0]
event=769:G2_TEC:action:mode=exploit,state=1,draw=0.18774579918397416,action=0
event=770:G2_TEC:leader:action=0,fingerprint=[51, 8, 83, 31, 94, 11, 15, 22, 57, 19, 84, 77, 73, 1, 81, 14, 98, 79, 3, 16, 2, 99, 5, 91, 62, 43, 68, 76, 97, 40, 88, 30, 53, 20, 58, 93, 24, 72, 49, 59, 38, 28, 92, 67, 9, 18, 17, 87, 12, 26, 71, 74, 95, 63, 4, 47, 27, 37, 96, 23, 78, 10, 66, 6, 48, 56, 29, 64, 60, 46, 7, 36, 34, 85, 52, 55, 61, 86, 89, 41, 32, 39, 33, 42, 54, 80, 75, 25, 70, 35, 21, 0, 90, 69, 65, 44, 50, 13, 82, 45]|[2, 0, 1, 1, 2, 1, 0, 1, 2, 0, 0, 1, 0, 1, 1, 1, 0, 2, 1, 0, 1, 1, 0, 0, 1, 2, 1, 0, 1, 0, 0, 2, 1, 0, 1, 2, 2, 0, 0, 0, 2, 1, 1, 1, 0, 0, 2, 0, 1, 2, 2, 1, 2, 0, 2, 0, 0, 2, 1, 2, 0, 2, 1, 1, 0, 2, 2, 2, 2, 1, 0, 0, 0, 1, 0, 1, 0, 1, 2, 1, 2, 2, 0, 0, 1, 1, 2, 2, 0, 2, 2, 0, 1, 0, 1, 0, 2, 2, 1, 0]|[2, 2, 2, 2, 2, 4, 1, 2, 1, 1, 0, 1, 2, 4, 4, 1, 0, 1, 4, 2, 4, 1, 1, 0, 3, 2, 3, 0, 0, 1, 1, 0, 4, 2, 4, 0, 2, 0, 2, 0, 1, 0, 3, 0, 1, 1, 1, 2, 3, 1, 2, 4, 1, 2, 1, 0, 2, 1, 3, 1, 1, 1, 4, 4, 1, 1, 1, 1, 1, 4, 1, 1, 0, 0, 2, 4, 0, 4, 1, 0, 1, 1, 1, 2, 4, 4, 1, 1, 1, 1, 1, 0, 0, 2, 4, 1, 1, 1, 0, 2]|[0, 0, 1, 1, 0, 2, 0, 2, 0, 0, 0, 0, 1, 0, 0, 1, 0, 0, 3, 1, 2, 0, 0, 0, 3, 1, 1, 0, 1, 0, 1, 0, 3, 0, 0, 0, 0, 0, 1, 0, 1, 3, 1, 1, 0, 0, 0, 1, 0, 1, 0, 2, 0, 0, 0, 1, 0, 0, 3, 0, 0, 0, 1, 0, 0, 0, 0, 0, 0, 0, 0, 0, 0, 1, 1, 3, 0, 0, 1, 1, 0, 0, 1, 0, 3, 0, 0, 0, 0, 0, 0, 0, 1, 0, 0, 1, 0, 0, 2, 0]
event=771:G3_TWC:action:mode=exploit,state=1,draw=0.7787587611058854,action=2
event=772:G3_TWC:tournament:reason=action2,left=5,right=54,selected=[51, 8, 83, 31, 94, 11, 15, 22, 57, 19, 84, 77, 73, 1, 81, 14, 98, 79, 3, 16, 2, 99, 5, 91, 62, 43, 68, 76, 97, 40, 88, 30, 53, 20, 58, 93, 24, 72, 49, 59, 38, 28, 92, 67, 9, 18, 17, 87, 12, 26, 71, 74, 95, 63, 4, 47, 27, 37, 96, 23, 78, 10, 66, 6, 48, 56, 29, 64, 60, 46, 7, 36, 34, 85, 52, 55, 61, 86, 89, 41, 32, 39, 33, 42, 54, 80, 75, 25, 70, 35, 21, 90, 82, 0, 69, 65, 44, 50, 13, 45]|[2, 0, 1, 1, 2, 1, 0, 1, 2, 0, 0, 0, 0, 1, 1, 2, 0, 2, 1, 2, 1, 1, 0, 0, 1, 2, 1, 0, 1, 0, 0, 2, 1, 2, 1, 2, 2, 0, 0, 0, 2, 1, 1, 0, 0, 0, 2, 0, 1, 0, 2, 1, 2, 0, 2, 2, 0, 2, 1, 2, 0, 2, 1, 1, 0, 1, 2, 2, 2, 1, 0, 0, 0, 1, 0, 1, 0, 2, 2, 1, 2, 2, 0, 0, 1, 1, 2, 2, 1, 2, 2, 0, 1, 0, 0, 1, 0, 2, 2, 0]|[2, 2, 2, 2, 2, 4, 1, 2, 1, 1, 0, 1, 2, 4, 4, 2, 0, 1, 4, 1, 4, 1, 1, 0, 3, 2, 3, 0, 0, 1, 1, 0, 4, 1, 4, 0, 2, 0, 2, 0, 1, 0, 3, 1, 1, 1, 1, 2, 3, 1, 2, 4, 1, 2, 1, 1, 2, 1, 3, 1, 1, 1, 4, 4, 1, 4, 1, 1, 1, 4, 1, 1, 0, 0, 2, 4, 0, 1, 1, 0, 1, 1, 1, 2, 4, 4, 1, 1, 4, 1, 1, 0, 0, 2, 2, 4, 1, 1, 1, 0]|[0, 0, 1, 1, 0, 2, 0, 2, 0, 0, 0, 0, 1, 0, 0, 0, 0, 0, 3, 0, 2, 0, 0, 0, 3, 1, 1, 0, 1, 0, 1, 0, 3, 0, 0, 0, 0, 0, 1, 0, 1, 3, 1, 0, 0, 0, 0, 1, 0, 0, 0, 2, 0, 0, 0, 0, 0, 0, 3, 0, 0, 0, 1, 0, 0, 3, 0, 0, 0, 0, 0, 0, 0, 1, 1, 3, 0, 0, 1, 1, 0, 0, 1, 0, 3, 0, 0, 0, 3, 0, 0, 0, 2, 0, 0, 0, 1, 0, 0, 0]
event=773:G3_TWC:leader:action=2,fingerprint=[51, 8, 83, 31, 94, 11, 15, 22, 57, 19, 84, 77, 73, 1, 81, 14, 98, 79, 3, 16, 2, 99, 5, 91, 62, 43, 68, 76, 97, 40, 88, 30, 53, 20, 58, 93, 24, 72, 49, 59, 38, 28, 92, 67, 9, 18, 17, 87, 12, 26, 71, 74, 95, 63, 4, 47, 27, 37, 96, 23, 78, 10, 66, 6, 48, 56, 29, 64, 60, 46, 7, 36, 34, 85, 52, 55, 61, 86, 89, 41, 32, 39, 33, 42, 54, 80, 75, 25, 70, 35, 21, 90, 82, 0, 69, 65, 44, 50, 13, 45]|[2, 0, 1, 1, 2, 1, 0, 1, 2, 0, 0, 0, 0, 1, 1, 2, 0, 2, 1, 2, 1, 1, 0, 0, 1, 2, 1, 0, 1, 0, 0, 2, 1, 2, 1, 2, 2, 0, 0, 0, 2, 1, 1, 0, 0, 0, 2, 0, 1, 0, 2, 1, 2, 0, 2, 2, 0, 2, 1, 2, 0, 2, 1, 1, 0, 1, 2, 2, 2, 1, 0, 0, 0, 1, 0, 1, 0, 2, 2, 1, 2, 2, 0, 0, 1, 1, 2, 2, 1, 2, 2, 0, 1, 0, 0, 1, 0, 2, 2, 0]|[2, 2, 2, 2, 2, 4, 1, 2, 1, 1, 0, 1, 2, 4, 4, 2, 0, 1, 4, 1, 4, 1, 1, 0, 3, 2, 3, 0, 0, 1, 1, 0, 4, 1, 4, 0, 2, 0, 2, 0, 1, 0, 3, 1, 1, 1, 1, 2, 3, 1, 2, 4, 1, 2, 1, 1, 2, 1, 3, 1, 1, 1, 4, 4, 1, 4, 1, 1, 1, 4, 1, 1, 0, 0, 2, 4, 0, 1, 1, 0, 1, 1, 1, 2, 4, 4, 1, 1, 4, 1, 1, 0, 0, 2, 2, 4, 1, 1, 1, 0]|[0, 0, 1, 1, 0, 2, 0, 2, 0, 0, 0, 0, 1, 0, 0, 0, 0, 0, 3, 0, 2, 0, 0, 0, 3, 1, 1, 0, 1, 0, 1, 0, 3, 0, 0, 0, 0, 0, 1, 0, 1, 3, 1, 0, 0, 0, 0, 1, 0, 0, 0, 2, 0, 0, 0, 0, 0, 0, 3, 0, 0, 0, 1, 0, 0, 3, 0, 0, 0, 0, 0, 0, 0, 1, 1, 3, 0, 0, 1, 1, 0, 0, 1, 0, 3, 0, 0, 0, 3, 0, 0, 0, 2, 0, 0, 0, 1, 0, 0, 0]
event=774:G1_CMAX:update:state=1,action=2,reward=-65.7776705729409,nextState=1,old=-232.3151998511969,new=-245.84161107083645
event=775:G2_TEC:update:state=1,action=0,reward=-69.03549619736441,nextState=1,old=-877.6818036963693,new=-771.1809391544599
event=776:G3_TWC:update:state=1,action=2,reward=-5685.275144518353,nextState=1,old=-10198.921227827359,new=-13844.41212678024
event=777:G4_BALANCED:update:state=1,action=0,reward=-0.04070330261321528,nextState=1,old=-0.3849095317150337,new=-0.27036219654177496
event=778:G1_CMAX:action:mode=explore,state=1,draw=0.8824540564234602,action=1
event=779:G1_CMAX:leader:action=1,fingerprint=[51, 8, 83, 50, 94, 11, 15, 22, 57, 19, 84, 77, 73, 1, 81, 14, 98, 16, 53, 44, 2, 40, 5, 91, 62, 68, 76, 97, 99, 88, 30, 3, 20, 58, 93, 24, 72, 49, 42, 38, 28, 92, 67, 9, 18, 87, 12, 26, 71, 74, 95, 63, 21, 17, 47, 27, 37, 78, 10, 32, 46, 48, 56, 6, 29, 64, 60, 23, 7, 36, 90, 85, 52, 59, 61, 54, 89, 41, 4, 33, 55, 96, 82, 80, 75, 31, 45, 35, 43, 39, 66, 0, 34, 69, 65, 79, 25, 13, 86, 70]|[2, 0, 1, 1, 2, 1, 0, 1, 2, 0, 0, 1, 0, 1, 1, 1, 1, 0, 1, 0, 1, 1, 0, 0, 1, 1, 0, 1, 1, 0, 2, 1, 2, 1, 2, 0, 0, 0, 0, 2, 1, 1, 1, 0, 1, 0, 1, 0, 2, 1, 2, 0, 2, 2, 0, 0, 2, 0, 2, 2, 1, 1, 2, 2, 2, 0, 2, 0, 0, 0, 1, 2, 0, 1, 0, 1, 2, 1, 0, 1, 1, 1, 1, 1, 2, 1, 0, 2, 2, 2, 0, 0, 1, 0, 1, 0, 2, 0, 1, 2]|[1, 0, 2, 0, 1, 4, 1, 2, 1, 1, 1, 1, 2, 4, 4, 1, 1, 2, 4, 2, 4, 1, 2, 0, 3, 3, 0, 0, 1, 1, 1, 4, 1, 4, 0, 1, 0, 2, 0, 1, 0, 3, 0, 1, 0, 2, 3, 1, 1, 4, 1, 2, 1, 1, 0, 2, 1, 1, 1, 1, 4, 1, 1, 1, 1, 1, 1, 1, 1, 1, 4, 1, 2, 0, 2, 4, 1, 0, 1, 1, 4, 3, 0, 4, 1, 0, 2, 1, 2, 1, 0, 0, 0, 2, 4, 2, 1, 1, 4, 0]|[0, 0, 1, 1, 0, 2, 0, 2, 0, 0, 0, 0, 1, 0, 0, 1, 0, 1, 3, 1, 2, 0, 0, 0, 3, 1, 0, 1, 0, 1, 0, 3, 0, 0, 0, 1, 0, 1, 0, 1, 3, 1, 1, 0, 1, 1, 0, 0, 0, 2, 0, 0, 0, 0, 1, 1, 0, 0, 0, 0, 0, 2, 0, 0, 0, 0, 0, 0, 0, 0, 3, 0, 1, 1, 0, 3, 0, 1, 1, 2, 3, 3, 2, 0, 0, 1, 0, 0, 1, 0, 0, 0, 1, 0, 0, 1, 0, 0, 0, 1]
event=780:G4_BALANCED:action:mode=exploit,state=1,draw=0.0048889413962411865,action=0
event=781:G4_BALANCED:leader:action=0,fingerprint=[51, 8, 83, 31, 94, 11, 15, 22, 57, 19, 84, 77, 73, 1, 81, 14, 98, 79, 3, 16, 2, 99, 5, 91, 62, 43, 68, 76, 97, 40, 88, 30, 53, 20, 58, 93, 24, 72, 49, 59, 38, 28, 92, 67, 9, 18, 17, 87, 12, 26, 71, 74, 95, 63, 4, 47, 27, 37, 96, 23, 78, 10, 66, 6, 48, 56, 29, 64, 60, 46, 7, 36, 34, 85, 52, 55, 61, 86, 89, 41, 32, 54, 33, 42, 39, 80, 75, 25, 70, 35, 21, 0, 90, 50, 69, 82, 65, 13, 44, 45]|[2, 0, 1, 1, 2, 1, 0, 1, 2, 0, 0, 1, 0, 1, 1, 2, 0, 2, 1, 0, 1, 1, 0, 0, 1, 2, 1, 0, 1, 1, 0, 2, 1, 0, 1, 2, 2, 0, 0, 0, 2, 1, 1, 1, 0, 0, 2, 0, 1, 0, 2, 1, 2, 0, 2, 0, 0, 2, 1, 2, 0, 2, 1, 0, 0, 2, 2, 2, 2, 1, 0, 0, 0, 1, 0, 1, 0, 1, 2, 1, 1, 1, 0, 0, 2, 1, 2, 2, 0, 2, 2, 0, 1, 2, 0, 1, 1, 2, 0, 0]|[2, 2, 2, 2, 2, 4, 1, 2, 1, 1, 0, 1, 2, 4, 4, 2, 0, 1, 4, 2, 4, 1, 1, 0, 3, 2, 3, 0, 0, 1, 1, 0, 4, 2, 4, 0, 2, 0, 2, 0, 1, 0, 3, 0, 1, 1, 1, 2, 3, 1, 2, 4, 1, 2, 1, 0, 2, 1, 3, 1, 1, 1, 4, 0, 1, 1, 1, 1, 1, 4, 1, 1, 0, 0, 2, 4, 0, 4, 1, 0, 4, 4, 1, 2, 1, 4, 1, 1, 1, 1, 1, 0, 0, 1, 2, 0, 4, 1, 1, 2]|[0, 0, 1, 1, 0, 2, 0, 2, 0, 0, 0, 0, 1, 0, 0, 0, 0, 0, 3, 1, 2, 0, 0, 0, 3, 1, 1, 0, 1, 0, 1, 0, 3, 0, 0, 0, 0, 0, 1, 0, 1, 3, 1, 1, 0, 0, 0, 1, 0, 0, 0, 2, 0, 0, 0, 1, 1, 0, 3, 0, 0, 0, 1, 1, 0, 0, 0, 0, 0, 0, 0, 0, 0, 1, 1, 3, 0, 0, 1, 1, 1, 3, 0, 0, 0, 0, 0, 0, 0, 0, 0, 0, 1, 0, 0, 2, 0, 0, 1, 0]
event=782:G2_TEC:action:mode=explore,state=1,draw=0.8888650471659915,action=1
event=783:G2_TEC:leader:action=1,fingerprint=[51, 8, 83, 31, 94, 11, 15, 22, 57, 19, 84, 77, 73, 1, 81, 14, 98, 79, 3, 16, 2, 99, 5, 91, 62, 43, 68, 76, 97, 40, 88, 30, 53, 20, 58, 93, 24, 72, 49, 59, 38, 28, 92, 67, 9, 18, 17, 87, 12, 26, 71, 74, 95, 63, 4, 47, 27, 37, 96, 23, 78, 10, 66, 6, 48, 56, 29, 64, 60, 46, 7, 36, 34, 85, 52, 55, 61, 86, 89, 41, 32, 54, 33, 42, 39, 80, 75, 25, 70, 35, 21, 0, 90, 50, 69, 82, 65, 13, 44, 45]|[2, 0, 1, 1, 2, 1, 0, 1, 2, 0, 0, 1, 0, 1, 1, 2, 0, 2, 1, 0, 1, 1, 0, 0, 1, 2, 1, 0, 1, 1, 0, 2, 1, 0, 1, 2, 2, 0, 0, 0, 2, 1, 1, 1, 0, 0, 2, 0, 1, 0, 2, 1, 2, 0, 2, 0, 0, 2, 1, 2, 0, 2, 1, 0, 0, 2, 2, 2, 2, 1, 0, 0, 0, 1, 0, 1, 0, 1, 2, 1, 1, 1, 0, 0, 2, 1, 2, 2, 0, 2, 2, 0, 1, 2, 0, 1, 1, 2, 0, 0]|[2, 2, 2, 2, 2, 4, 1, 2, 1, 1, 0, 1, 2, 4, 4, 2, 0, 1, 4, 2, 4, 1, 1, 0, 3, 2, 3, 0, 0, 1, 1, 0, 4, 2, 4, 0, 2, 0, 2, 0, 1, 0, 3, 0, 1, 1, 1, 2, 3, 1, 2, 4, 1, 2, 1, 0, 2, 1, 3, 1, 1, 1, 4, 0, 1, 1, 1, 1, 1, 4, 1, 1, 0, 0, 2, 4, 0, 4, 1, 0, 4, 4, 1, 2, 1, 4, 1, 1, 1, 1, 1, 0, 0, 1, 2, 0, 4, 1, 1, 2]|[0, 0, 1, 1, 0, 2, 0, 2, 0, 0, 0, 0, 1, 0, 0, 0, 0, 0, 3, 1, 2, 0, 0, 0, 3, 1, 1, 0, 1, 0, 1, 0, 3, 0, 0, 0, 0, 0, 1, 0, 1, 3, 1, 1, 0, 0, 0, 1, 0, 0, 0, 2, 0, 0, 0, 1, 1, 0, 3, 0, 0, 0, 1, 1, 0, 0, 0, 0, 0, 0, 0, 0, 0, 1, 1, 3, 0, 0, 1, 1, 1, 3, 0, 0, 0, 0, 0, 0, 0, 0, 0, 0, 1, 0, 0, 2, 0, 0, 1, 0]
event=784:G3_TWC:action:mode=exploit,state=1,draw=0.7805587041064911,action=0
event=785:G3_TWC:leader:action=0,fingerprint=[51, 8, 83, 31, 94, 11, 15, 22, 57, 19, 84, 77, 73, 1, 81, 14, 98, 79, 3, 16, 2, 99, 5, 91, 62, 43, 68, 76, 97, 40, 88, 30, 53, 20, 58, 93, 24, 72, 49, 59, 38, 28, 92, 67, 9, 18, 17, 87, 12, 26, 71, 74, 95, 63, 4, 47, 27, 37, 96, 23, 78, 10, 66, 6, 48, 56, 29, 64, 60, 46, 7, 36, 34, 85, 52, 55, 61, 86, 89, 41, 32, 39, 33, 42, 54, 80, 75, 25, 70, 35, 21, 90, 82, 0, 69, 65, 44, 50, 13, 45]|[2, 0, 1, 1, 2, 1, 0, 1, 2, 0, 0, 0, 0, 1, 1, 2, 0, 2, 1, 2, 1, 1, 0, 0, 1, 2, 1, 0, 1, 0, 0, 2, 1, 2, 1, 2, 2, 0, 0, 0, 2, 1, 1, 0, 0, 0, 2, 0, 1, 0, 2, 1, 2, 0, 2, 2, 0, 2, 1, 2, 0, 2, 1, 1, 0, 1, 2, 2, 2, 1, 0, 0, 0, 1, 0, 1, 0, 2, 2, 1, 2, 2, 0, 0, 1, 1, 2, 2, 1, 2, 2, 0, 1, 0, 0, 1, 0, 2, 2, 0]|[2, 2, 2, 2, 2, 4, 1, 2, 1, 1, 0, 1, 2, 4, 4, 2, 0, 1, 4, 1, 4, 1, 1, 0, 3, 2, 3, 0, 0, 1, 1, 0, 4, 1, 4, 0, 2, 0, 2, 0, 1, 0, 3, 1, 1, 1, 1, 2, 3, 1, 2, 4, 1, 2, 1, 1, 2, 1, 3, 1, 1, 1, 4, 4, 1, 4, 1, 1, 1, 4, 1, 1, 0, 0, 2, 4, 0, 1, 1, 0, 1, 1, 1, 2, 4, 4, 1, 1, 4, 1, 1, 0, 0, 2, 2, 4, 1, 1, 1, 0]|[0, 0, 1, 1, 0, 2, 0, 2, 0, 0, 0, 0, 1, 0, 0, 0, 0, 0, 3, 0, 2, 0, 0, 0, 3, 1, 1, 0, 1, 0, 1, 0, 3, 0, 0, 0, 0, 0, 1, 0, 1, 3, 1, 0, 0, 0, 0, 1, 0, 0, 0, 2, 0, 0, 0, 0, 0, 0, 3, 0, 0, 0, 1, 0, 0, 3, 0, 0, 0, 0, 0, 0, 0, 1, 1, 3, 0, 0, 1, 1, 0, 0, 1, 0, 3, 0, 0, 0, 3, 0, 0, 0, 2, 0, 0, 0, 1, 0, 0, 0]
event=786:G1_CMAX:update:state=1,action=1,reward=-35.1255106395555,nextState=1,old=-225.07992562236942,new=-215.18945113745104
event=787:G2_TEC:update:state=1,action=1,reward=-213.51704438292654,nextState=1,old=-1487.756673057907,new=-830.4617957064945
event=788:G3_TWC:update:state=1,action=0,reward=-3513.5279939760803,nextState=1,old=-12603.927788986322,new=-13596.670225165139
event=789:G4_BALANCED:update:state=1,action=0,reward=-0.02012865348396857,nextState=1,old=-0.27036219654177496,new=-0.23641841071738856
event=790:G1_CMAX:action:mode=exploit,state=1,draw=0.24483879388063967,action=1
event=791:G1_CMAX:leader:action=1,fingerprint=[51, 8, 83, 50, 94, 11, 15, 22, 57, 19, 84, 77, 73, 1, 81, 14, 98, 16, 53, 44, 2, 40, 5, 91, 62, 68, 76, 97, 99, 88, 30, 3, 20, 58, 93, 24, 72, 49, 42, 38, 28, 92, 67, 9, 18, 87, 12, 26, 71, 74, 95, 63, 21, 17, 47, 27, 37, 78, 10, 32, 46, 48, 56, 6, 29, 64, 60, 23, 7, 36, 90, 85, 52, 59, 61, 54, 89, 41, 4, 33, 55, 96, 82, 80, 75, 31, 45, 35, 43, 39, 66, 0, 34, 69, 65, 79, 25, 13, 86, 70]|[2, 0, 1, 1, 2, 1, 0, 1, 2, 0, 0, 1, 0, 1, 1, 1, 1, 0, 1, 0, 1, 1, 0, 0, 1, 1, 0, 1, 1, 0, 2, 1, 2, 1, 2, 0, 0, 0, 0, 2, 1, 1, 1, 0, 1, 0, 1, 0, 2, 1, 2, 0, 2, 2, 0, 0, 2, 0, 2, 2, 1, 1, 2, 2, 2, 0, 2, 0, 0, 0, 1, 2, 0, 1, 0, 1, 2, 1, 0, 1, 1, 1, 1, 1, 2, 1, 0, 2, 2, 2, 0, 0, 1, 0, 1, 0, 2, 0, 1, 2]|[1, 0, 2, 0, 1, 4, 1, 2, 1, 1, 1, 1, 2, 4, 4, 1, 1, 2, 4, 2, 4, 1, 2, 0, 3, 3, 0, 0, 1, 1, 1, 4, 1, 4, 0, 1, 0, 2, 0, 1, 0, 3, 0, 1, 0, 2, 3, 1, 1, 4, 1, 2, 1, 1, 0, 2, 1, 1, 1, 1, 4, 1, 1, 1, 1, 1, 1, 1, 1, 1, 4, 1, 2, 0, 2, 4, 1, 0, 1, 1, 4, 3, 0, 4, 1, 0, 2, 1, 2, 1, 0, 0, 0, 2, 4, 2, 1, 1, 4, 0]|[0, 0, 1, 1, 0, 2, 0, 2, 0, 0, 0, 0, 1, 0, 0, 1, 0, 1, 3, 1, 2, 0, 0, 0, 3, 1, 0, 1, 0, 1, 0, 3, 0, 0, 0, 1, 0, 1, 0, 1, 3, 1, 1, 0, 1, 1, 0, 0, 0, 2, 0, 0, 0, 0, 1, 1, 0, 0, 0, 0, 0, 2, 0, 0, 0, 0, 0, 0, 0, 0, 3, 0, 1, 1, 0, 3, 0, 1, 1, 2, 3, 3, 2, 0, 0, 1, 0, 0, 1, 0, 0, 0, 1, 0, 0, 1, 0, 0, 0, 1]
event=792:G4_BALANCED:action:mode=exploit,state=1,draw=0.07223867829032193,action=0
event=793:G4_BALANCED:leader:action=0,fingerprint=[51, 8, 83, 31, 94, 11, 15, 22, 57, 19, 84, 77, 73, 1, 81, 14, 98, 79, 3, 16, 2, 99, 5, 91, 62, 43, 68, 76, 97, 40, 88, 30, 53, 20, 58, 93, 24, 72, 49, 59, 38, 28, 92, 67, 9, 18, 17, 87, 12, 26, 71, 74, 95, 63, 4, 47, 27, 37, 96, 23, 78, 10, 66, 6, 48, 56, 29, 64, 60, 46, 7, 36, 34, 85, 52, 55, 61, 86, 89, 41, 32, 54, 33, 42, 39, 80, 75, 25, 70, 35, 21, 0, 90, 50, 69, 82, 65, 13, 44, 45]|[2, 0, 1, 1, 2, 1, 0, 1, 2, 0, 0, 1, 0, 1, 1, 2, 0, 2, 1, 0, 1, 1, 0, 0, 1, 2, 1, 0, 1, 1, 0, 2, 1, 0, 1, 2, 2, 0, 0, 0, 2, 1, 1, 1, 0, 0, 2, 0, 1, 0, 2, 1, 2, 0, 2, 0, 0, 2, 1, 2, 0, 2, 1, 0, 0, 2, 2, 2, 2, 1, 0, 0, 0, 1, 0, 1, 0, 1, 2, 1, 1, 1, 0, 0, 2, 1, 2, 2, 0, 2, 2, 0, 1, 2, 0, 1, 1, 2, 0, 0]|[2, 2, 2, 2, 2, 4, 1, 2, 1, 1, 0, 1, 2, 4, 4, 2, 0, 1, 4, 2, 4, 1, 1, 0, 3, 2, 3, 0, 0, 1, 1, 0, 4, 2, 4, 0, 2, 0, 2, 0, 1, 0, 3, 0, 1, 1, 1, 2, 3, 1, 2, 4, 1, 2, 1, 0, 2, 1, 3, 1, 1, 1, 4, 0, 1, 1, 1, 1, 1, 4, 1, 1, 0, 0, 2, 4, 0, 4, 1, 0, 4, 4, 1, 2, 1, 4, 1, 1, 1, 1, 1, 0, 0, 1, 2, 0, 4, 1, 1, 2]|[0, 0, 1, 1, 0, 2, 0, 2, 0, 0, 0, 0, 1, 0, 0, 0, 0, 0, 3, 1, 2, 0, 0, 0, 3, 1, 1, 0, 1, 0, 1, 0, 3, 0, 0, 0, 0, 0, 1, 0, 1, 3, 1, 1, 0, 0, 0, 1, 0, 0, 0, 2, 0, 0, 0, 1, 1, 0, 3, 0, 0, 0, 1, 1, 0, 0, 0, 0, 0, 0, 0, 0, 0, 1, 1, 3, 0, 0, 1, 1, 1, 3, 0, 0, 0, 0, 0, 0, 0, 0, 0, 0, 1, 0, 0, 2, 0, 0, 1, 0]
event=794:G2_TEC:action:mode=exploit,state=1,draw=0.06301882801754255,action=0
event=795:G2_TEC:leader:action=0,fingerprint=[51, 8, 83, 31, 94, 11, 15, 22, 57, 19, 84, 77, 73, 1, 81, 14, 98, 79, 3, 16, 2, 99, 5, 91, 62, 43, 68, 76, 97, 40, 88, 30, 53, 20, 58, 93, 24, 72, 49, 59, 38, 28, 92, 67, 9, 18, 17, 87, 12, 26, 71, 74, 95, 63, 4, 47, 27, 37, 96, 23, 78, 10, 66, 6, 48, 56, 29, 64, 60, 46, 7, 36, 34, 85, 52, 55, 61, 86, 89, 41, 32, 54, 33, 42, 39, 80, 75, 25, 70, 35, 21, 0, 90, 50, 69, 82, 65, 13, 44, 45]|[2, 0, 1, 1, 2, 1, 0, 1, 2, 0, 0, 1, 0, 1, 1, 2, 0, 2, 1, 0, 1, 1, 0, 0, 1, 2, 1, 0, 1, 1, 0, 2, 1, 0, 1, 2, 2, 0, 0, 0, 2, 1, 1, 1, 0, 0, 2, 0, 1, 0, 2, 1, 2, 0, 2, 0, 0, 2, 1, 2, 0, 2, 1, 0, 0, 2, 2, 2, 2, 1, 0, 0, 0, 1, 0, 1, 0, 1, 2, 1, 1, 1, 0, 0, 2, 1, 2, 2, 0, 2, 2, 0, 1, 2, 0, 1, 1, 2, 0, 0]|[2, 2, 2, 2, 2, 4, 1, 2, 1, 1, 0, 1, 2, 4, 4, 2, 0, 1, 4, 2, 4, 1, 1, 0, 3, 2, 3, 0, 0, 1, 1, 0, 4, 2, 4, 0, 2, 0, 2, 0, 1, 0, 3, 0, 1, 1, 1, 2, 3, 1, 2, 4, 1, 2, 1, 0, 2, 1, 3, 1, 1, 1, 4, 0, 1, 1, 1, 1, 1, 4, 1, 1, 0, 0, 2, 4, 0, 4, 1, 0, 4, 4, 1, 2, 1, 4, 1, 1, 1, 1, 1, 0, 0, 1, 2, 0, 4, 1, 1, 2]|[0, 0, 1, 1, 0, 2, 0, 2, 0, 0, 0, 0, 1, 0, 0, 0, 0, 0, 3, 1, 2, 0, 0, 0, 3, 1, 1, 0, 1, 0, 1, 0, 3, 0, 0, 0, 0, 0, 1, 0, 1, 3, 1, 1, 0, 0, 0, 1, 0, 0, 0, 2, 0, 0, 0, 1, 1, 0, 3, 0, 0, 0, 1, 1, 0, 0, 0, 0, 0, 0, 0, 0, 0, 1, 1, 3, 0, 0, 1, 1, 1, 3, 0, 0, 0, 0, 0, 0, 0, 0, 0, 0, 1, 0, 0, 2, 0, 0, 1, 0]
event=796:G3_TWC:action:mode=explore,state=1,draw=0.9948015910371546,action=0
event=797:G3_TWC:leader:action=0,fingerprint=[51, 8, 83, 31, 94, 11, 15, 22, 57, 19, 84, 77, 73, 1, 81, 14, 98, 79, 3, 16, 2, 99, 5, 91, 62, 43, 68, 76, 97, 40, 88, 30, 53, 20, 58, 93, 24, 72, 49, 59, 38, 28, 92, 67, 9, 18, 17, 87, 12, 26, 71, 74, 95, 63, 4, 47, 27, 37, 96, 23, 78, 10, 66, 6, 48, 56, 29, 64, 60, 46, 7, 36, 34, 85, 52, 55, 61, 86, 89, 41, 32, 39, 33, 42, 54, 80, 75, 25, 70, 35, 21, 90, 82, 0, 69, 65, 44, 50, 13, 45]|[2, 0, 1, 1, 2, 1, 0, 1, 2, 0, 0, 0, 0, 1, 1, 2, 0, 2, 1, 2, 1, 1, 0, 0, 1, 2, 1, 0, 1, 0, 0, 2, 1, 2, 1, 2, 2, 0, 0, 0, 2, 1, 1, 0, 0, 0, 2, 0, 1, 0, 2, 1, 2, 0, 2, 2, 0, 2, 1, 2, 0, 2, 1, 1, 0, 1, 2, 2, 2, 1, 0, 0, 0, 1, 0, 1, 0, 2, 2, 1, 2, 2, 0, 0, 1, 1, 2, 2, 1, 2, 2, 0, 1, 0, 0, 1, 0, 2, 2, 0]|[2, 2, 2, 2, 2, 4, 1, 2, 1, 1, 0, 1, 2, 4, 4, 2, 0, 1, 4, 1, 4, 1, 1, 0, 3, 2, 3, 0, 0, 1, 1, 0, 4, 1, 4, 0, 2, 0, 2, 0, 1, 0, 3, 1, 1, 1, 1, 2, 3, 1, 2, 4, 1, 2, 1, 1, 2, 1, 3, 1, 1, 1, 4, 4, 1, 4, 1, 1, 1, 4, 1, 1, 0, 0, 2, 4, 0, 1, 1, 0, 1, 1, 1, 2, 4, 4, 1, 1, 4, 1, 1, 0, 0, 2, 2, 4, 1, 1, 1, 0]|[0, 0, 1, 1, 0, 2, 0, 2, 0, 0, 0, 0, 1, 0, 0, 0, 0, 0, 3, 0, 2, 0, 0, 0, 3, 1, 1, 0, 1, 0, 1, 0, 3, 0, 0, 0, 0, 0, 1, 0, 1, 3, 1, 0, 0, 0, 0, 1, 0, 0, 0, 2, 0, 0, 0, 0, 0, 0, 3, 0, 0, 0, 1, 0, 0, 3, 0, 0, 0, 0, 0, 0, 0, 1, 1, 3, 0, 0, 1, 1, 0, 0, 1, 0, 3, 0, 0, 0, 3, 0, 0, 0, 2, 0, 0, 0, 1, 0, 0, 0]
event=798:G1_CMAX:update:state=1,action=1,reward=-40.57498905426576,nextState=1,old=-215.18945113745104,new=-212.7265499642266
event=799:G2_TEC:update:state=1,action=0,reward=-180.26189834270917,nextState=1,old=-771.1809391544599,new=-797.2066496662771
event=800:G3_TWC:update:state=1,action=0,reward=-2546.604778541121,nextState=1,old=-13596.670225165139,new=-13423.940958673233
event=801:G4_BALANCED:update:state=1,action=0,reward=-0.06107478849567351,nextState=1,old=-0.23641841071738856,new=-0.2502095170695844
event=802:G1_CMAX:action:mode=exploit,state=1,draw=0.10295401231727264,action=1
event=803:G1_CMAX:leader:action=1,fingerprint=[51, 8, 83, 50, 94, 11, 15, 22, 57, 19, 84, 77, 73, 1, 81, 14, 98, 16, 53, 44, 2, 40, 5, 91, 62, 68, 76, 97, 99, 88, 30, 3, 20, 58, 93, 24, 72, 49, 42, 38, 28, 92, 67, 9, 18, 87, 12, 26, 71, 74, 95, 63, 21, 17, 47, 27, 37, 78, 10, 32, 46, 48, 56, 6, 29, 64, 60, 23, 7, 36, 90, 85, 52, 59, 61, 54, 89, 41, 4, 33, 55, 96, 82, 80, 75, 31, 45, 35, 43, 39, 66, 0, 34, 69, 65, 79, 25, 13, 86, 70]|[2, 0, 1, 1, 2, 1, 0, 1, 2, 0, 0, 1, 0, 1, 1, 1, 1, 0, 1, 0, 1, 1, 0, 0, 1, 1, 0, 1, 1, 0, 2, 1, 2, 1, 2, 0, 0, 0, 0, 2, 1, 1, 1, 0, 1, 0, 1, 0, 2, 1, 2, 0, 2, 2, 0, 0, 2, 0, 2, 2, 1, 1, 2, 2, 2, 0, 2, 0, 0, 0, 1, 2, 0, 1, 0, 1, 2, 1, 0, 1, 1, 1, 1, 1, 2, 1, 0, 2, 2, 2, 0, 0, 1, 0, 1, 0, 2, 0, 1, 2]|[1, 0, 2, 0, 1, 4, 1, 2, 1, 1, 1, 1, 2, 4, 4, 1, 1, 2, 4, 2, 4, 1, 2, 0, 3, 3, 0, 0, 1, 1, 1, 4, 1, 4, 0, 1, 0, 2, 0, 1, 0, 3, 0, 1, 0, 2, 3, 1, 1, 4, 1, 2, 1, 1, 0, 2, 1, 1, 1, 1, 4, 1, 1, 1, 1, 1, 1, 1, 1, 1, 4, 1, 2, 0, 2, 4, 1, 0, 1, 1, 4, 3, 0, 4, 1, 0, 2, 1, 2, 1, 0, 0, 0, 2, 4, 2, 1, 1, 4, 0]|[0, 0, 1, 1, 0, 2, 0, 2, 0, 0, 0, 0, 1, 0, 0, 1, 0, 1, 3, 1, 2, 0, 0, 0, 3, 1, 0, 1, 0, 1, 0, 3, 0, 0, 0, 1, 0, 1, 0, 1, 3, 1, 1, 0, 1, 1, 0, 0, 0, 2, 0, 0, 0, 0, 1, 1, 0, 0, 0, 0, 0, 2, 0, 0, 0, 0, 0, 0, 0, 0, 3, 0, 1, 1, 0, 3, 0, 1, 1, 2, 3, 3, 2, 0, 0, 1, 0, 0, 1, 0, 0, 0, 1, 0, 0, 1, 0, 0, 0, 1]
event=804:G4_BALANCED:action:mode=exploit,state=1,draw=0.033973634514784634,action=0
event=805:G4_BALANCED:leader:action=0,fingerprint=[51, 8, 83, 31, 94, 11, 15, 22, 57, 19, 84, 77, 73, 1, 81, 14, 98, 79, 3, 16, 2, 99, 5, 91, 62, 43, 68, 76, 97, 40, 88, 30, 53, 20, 58, 93, 24, 72, 49, 59, 38, 28, 92, 67, 9, 18, 17, 87, 12, 26, 71, 74, 95, 63, 4, 47, 27, 37, 96, 23, 78, 10, 66, 6, 48, 56, 29, 64, 60, 46, 7, 36, 34, 85, 52, 55, 61, 86, 89, 41, 32, 54, 33, 42, 39, 80, 75, 25, 70, 35, 21, 0, 90, 50, 69, 82, 65, 13, 44, 45]|[2, 0, 1, 1, 2, 1, 0, 1, 2, 0, 0, 1, 0, 1, 1, 2, 0, 2, 1, 0, 1, 1, 0, 0, 1, 2, 1, 0, 1, 1, 0, 2, 1, 0, 1, 2, 2, 0, 0, 0, 2, 1, 1, 1, 0, 0, 2, 0, 1, 0, 2, 1, 2, 0, 2, 0, 0, 2, 1, 2, 0, 2, 1, 0, 0, 2, 2, 2, 2, 1, 0, 0, 0, 1, 0, 1, 0, 1, 2, 1, 1, 1, 0, 0, 2, 1, 2, 2, 0, 2, 2, 0, 1, 2, 0, 1, 1, 2, 0, 0]|[2, 2, 2, 2, 2, 4, 1, 2, 1, 1, 0, 1, 2, 4, 4, 2, 0, 1, 4, 2, 4, 1, 1, 0, 3, 2, 3, 0, 0, 1, 1, 0, 4, 2, 4, 0, 2, 0, 2, 0, 1, 0, 3, 0, 1, 1, 1, 2, 3, 1, 2, 4, 1, 2, 1, 0, 2, 1, 3, 1, 1, 1, 4, 0, 1, 1, 1, 1, 1, 4, 1, 1, 0, 0, 2, 4, 0, 4, 1, 0, 4, 4, 1, 2, 1, 4, 1, 1, 1, 1, 1, 0, 0, 1, 2, 0, 4, 1, 1, 2]|[0, 0, 1, 1, 0, 2, 0, 2, 0, 0, 0, 0, 1, 0, 0, 0, 0, 0, 3, 1, 2, 0, 0, 0, 3, 1, 1, 0, 1, 0, 1, 0, 3, 0, 0, 0, 0, 0, 1, 0, 1, 3, 1, 1, 0, 0, 0, 1, 0, 0, 0, 2, 0, 0, 0, 1, 1, 0, 3, 0, 0, 0, 1, 1, 0, 0, 0, 0, 0, 0, 0, 0, 0, 1, 1, 3, 0, 0, 1, 1, 1, 3, 0, 0, 0, 0, 0, 0, 0, 0, 0, 0, 1, 0, 0, 2, 0, 0, 1, 0]
event=806:G2_TEC:action:mode=explore,state=1,draw=0.8588987294019339,action=0
event=807:G2_TEC:leader:action=0,fingerprint=[51, 8, 83, 31, 94, 11, 15, 22, 57, 19, 84, 77, 73, 1, 81, 14, 98, 79, 3, 16, 2, 99, 5, 91, 62, 43, 68, 76, 97, 40, 88, 30, 53, 20, 58, 93, 24, 72, 49, 59, 38, 28, 92, 67, 9, 18, 17, 87, 12, 26, 71, 74, 95, 63, 4, 47, 27, 37, 96, 23, 78, 10, 66, 6, 48, 56, 29, 64, 60, 46, 7, 36, 34, 85, 52, 55, 61, 86, 89, 41, 32, 54, 33, 42, 39, 80, 75, 25, 70, 35, 21, 0, 90, 50, 69, 82, 65, 13, 44, 45]|[2, 0, 1, 1, 2, 1, 0, 1, 2, 0, 0, 1, 0, 1, 1, 2, 0, 2, 1, 0, 1, 1, 0, 0, 1, 2, 1, 0, 1, 1, 0, 2, 1, 0, 1, 2, 2, 0, 0, 0, 2, 1, 1, 1, 0, 0, 2, 0, 1, 0, 2, 1, 2, 0, 2, 0, 0, 2, 1, 2, 0, 2, 1, 0, 0, 2, 2, 2, 2, 1, 0, 0, 0, 1, 0, 1, 0, 1, 2, 1, 1, 1, 0, 0, 2, 1, 2, 2, 0, 2, 2, 0, 1, 2, 0, 1, 1, 2, 0, 0]|[2, 2, 2, 2, 2, 4, 1, 2, 1, 1, 0, 1, 2, 4, 4, 2, 0, 1, 4, 2, 4, 1, 1, 0, 3, 2, 3, 0, 0, 1, 1, 0, 4, 2, 4, 0, 2, 0, 2, 0, 1, 0, 3, 0, 1, 1, 1, 2, 3, 1, 2, 4, 1, 2, 1, 0, 2, 1, 3, 1, 1, 1, 4, 0, 1, 1, 1, 1, 1, 4, 1, 1, 0, 0, 2, 4, 0, 4, 1, 0, 4, 4, 1, 2, 1, 4, 1, 1, 1, 1, 1, 0, 0, 1, 2, 0, 4, 1, 1, 2]|[0, 0, 1, 1, 0, 2, 0, 2, 0, 0, 0, 0, 1, 0, 0, 0, 0, 0, 3, 1, 2, 0, 0, 0, 3, 1, 1, 0, 1, 0, 1, 0, 3, 0, 0, 0, 0, 0, 1, 0, 1, 3, 1, 1, 0, 0, 0, 1, 0, 0, 0, 2, 0, 0, 0, 1, 1, 0, 3, 0, 0, 0, 1, 1, 0, 0, 0, 0, 0, 0, 0, 0, 0, 1, 1, 3, 0, 0, 1, 1, 1, 3, 0, 0, 0, 0, 0, 0, 0, 0, 0, 0, 1, 0, 0, 2, 0, 0, 1, 0]
event=808:G3_TWC:action:mode=exploit,state=1,draw=0.40441191177171565,action=0
event=809:G3_TWC:leader:action=0,fingerprint=[51, 8, 83, 31, 94, 11, 15, 22, 57, 19, 84, 77, 73, 1, 81, 14, 98, 79, 3, 16, 2, 99, 5, 91, 62, 43, 68, 76, 97, 40, 88, 30, 53, 20, 58, 93, 24, 72, 49, 59, 38, 28, 92, 67, 9, 18, 17, 87, 12, 26, 71, 74, 95, 63, 4, 47, 27, 37, 96, 23, 78, 10, 66, 6, 48, 56, 29, 64, 60, 46, 7, 36, 34, 85, 52, 55, 61, 86, 89, 41, 32, 39, 33, 42, 54, 80, 75, 25, 70, 35, 21, 90, 82, 0, 69, 65, 44, 50, 13, 45]|[2, 0, 1, 1, 2, 1, 0, 1, 2, 0, 0, 0, 0, 1, 1, 2, 0, 2, 1, 2, 1, 1, 0, 0, 1, 2, 1, 0, 1, 0, 0, 2, 1, 2, 1, 2, 2, 0, 0, 0, 2, 1, 1, 0, 0, 0, 2, 0, 1, 0, 2, 1, 2, 0, 2, 2, 0, 2, 1, 2, 0, 2, 1, 1, 0, 1, 2, 2, 2, 1, 0, 0, 0, 1, 0, 1, 0, 2, 2, 1, 2, 2, 0, 0, 1, 1, 2, 2, 1, 2, 2, 0, 1, 0, 0, 1, 0, 2, 2, 0]|[2, 2, 2, 2, 2, 4, 1, 2, 1, 1, 0, 1, 2, 4, 4, 2, 0, 1, 4, 1, 4, 1, 1, 0, 3, 2, 3, 0, 0, 1, 1, 0, 4, 1, 4, 0, 2, 0, 2, 0, 1, 0, 3, 1, 1, 1, 1, 2, 3, 1, 2, 4, 1, 2, 1, 1, 2, 1, 3, 1, 1, 1, 4, 4, 1, 4, 1, 1, 1, 4, 1, 1, 0, 0, 2, 4, 0, 1, 1, 0, 1, 1, 1, 2, 4, 4, 1, 1, 4, 1, 1, 0, 0, 2, 2, 4, 1, 1, 1, 0]|[0, 0, 1, 1, 0, 2, 0, 2, 0, 0, 0, 0, 1, 0, 0, 0, 0, 0, 3, 0, 2, 0, 0, 0, 3, 1, 1, 0, 1, 0, 1, 0, 3, 0, 0, 0, 0, 0, 1, 0, 1, 3, 1, 0, 0, 0, 0, 1, 0, 0, 0, 2, 0, 0, 0, 0, 0, 0, 3, 0, 0, 0, 1, 0, 0, 3, 0, 0, 0, 0, 0, 0, 0, 1, 1, 3, 0, 0, 1, 1, 0, 0, 1, 0, 3, 0, 0, 0, 3, 0, 0, 0, 2, 0, 0, 0, 1, 0, 0, 0]
event=810:G1_CMAX:update:state=1,action=1,reward=-68.34760690973508,nextState=1,old=-212.7265499642266,new=-238.52884688111635
event=811:G2_TEC:update:state=1,action=0,reward=-453.4616647150833,nextState=1,old=-797.2066496662771,new=-1091.2269844481052
event=812:G3_TWC:update:state=1,action=0,reward=-3447.646429713728,nextState=1,old=-13423.940958673233,new=-14186.799196652315
event=813:G4_BALANCED:update:state=1,action=0,reward=-0.05169381863422336,nextState=1,old=-0.2502095170695844,new=-0.2518614322898909
event=814:G1_CMAX:action:mode=exploit,state=1,draw=0.6600759054645592,action=0
event=815:G1_CMAX:leader:action=0,fingerprint=[51, 8, 83, 50, 94, 11, 15, 22, 57, 19, 84, 77, 73, 1, 81, 14, 98, 16, 53, 44, 2, 40, 5, 91, 62, 68, 76, 97, 99, 88, 30, 3, 20, 58, 93, 24, 72, 49, 42, 38, 28, 92, 67, 9, 18, 87, 12, 26, 71, 74, 95, 63, 21, 17, 47, 27, 37, 78, 10, 32, 46, 48, 56, 6, 29, 64, 60, 23, 7, 36, 90, 85, 52, 59, 61, 54, 89, 41, 4, 33, 55, 96, 82, 80, 75, 31, 45, 35, 43, 39, 66, 0, 34, 69, 65, 79, 25, 13, 86, 70]|[2, 0, 1, 1, 2, 1, 0, 1, 2, 0, 0, 1, 0, 1, 1, 1, 1, 0, 1, 0, 1, 1, 0, 0, 1, 1, 0, 1, 1, 0, 2, 1, 2, 1, 2, 0, 0, 0, 0, 2, 1, 1, 1, 0, 1, 0, 1, 0, 2, 1, 2, 0, 2, 2, 0, 0, 2, 0, 2, 2, 1, 1, 2, 2, 2, 0, 2, 0, 0, 0, 1, 2, 0, 1, 0, 1, 2, 1, 0, 1, 1, 1, 1, 1, 2, 1, 0, 2, 2, 2, 0, 0, 1, 0, 1, 0, 2, 0, 1, 2]|[1, 0, 2, 0, 1, 4, 1, 2, 1, 1, 1, 1, 2, 4, 4, 1, 1, 2, 4, 2, 4, 1, 2, 0, 3, 3, 0, 0, 1, 1, 1, 4, 1, 4, 0, 1, 0, 2, 0, 1, 0, 3, 0, 1, 0, 2, 3, 1, 1, 4, 1, 2, 1, 1, 0, 2, 1, 1, 1, 1, 4, 1, 1, 1, 1, 1, 1, 1, 1, 1, 4, 1, 2, 0, 2, 4, 1, 0, 1, 1, 4, 3, 0, 4, 1, 0, 2, 1, 2, 1, 0, 0, 0, 2, 4, 2, 1, 1, 4, 0]|[0, 0, 1, 1, 0, 2, 0, 2, 0, 0, 0, 0, 1, 0, 0, 1, 0, 1, 3, 1, 2, 0, 0, 0, 3, 1, 0, 1, 0, 1, 0, 3, 0, 0, 0, 1, 0, 1, 0, 1, 3, 1, 1, 0, 1, 1, 0, 0, 0, 2, 0, 0, 0, 0, 1, 1, 0, 0, 0, 0, 0, 2, 0, 0, 0, 0, 0, 0, 0, 0, 3, 0, 1, 1, 0, 3, 0, 1, 1, 2, 3, 3, 2, 0, 0, 1, 0, 0, 1, 0, 0, 0, 1, 0, 0, 1, 0, 0, 0, 1]
event=816:G4_BALANCED:action:mode=exploit,state=1,draw=0.0026908112702977993,action=0
event=817:G4_BALANCED:leader:action=0,fingerprint=[51, 8, 83, 31, 94, 11, 15, 22, 57, 19, 84, 77, 73, 1, 81, 14, 98, 79, 3, 16, 2, 99, 5, 91, 62, 43, 68, 76, 97, 40, 88, 30, 53, 20, 58, 93, 24, 72, 49, 59, 38, 28, 92, 67, 9, 18, 17, 87, 12, 26, 71, 74, 95, 63, 4, 47, 27, 37, 96, 23, 78, 10, 66, 6, 48, 56, 29, 64, 60, 46, 7, 36, 34, 85, 52, 55, 61, 86, 89, 41, 32, 54, 33, 42, 39, 80, 75, 25, 35, 70, 44, 0, 21, 50, 69, 82, 65, 13, 90, 45]|[2, 0, 1, 1, 2, 1, 0, 1, 2, 0, 0, 1, 0, 1, 1, 2, 0, 2, 1, 0, 1, 1, 0, 0, 1, 2, 1, 0, 1, 1, 0, 2, 1, 0, 1, 2, 2, 0, 0, 0, 2, 1, 1, 1, 0, 0, 2, 0, 1, 0, 2, 1, 2, 0, 2, 0, 0, 2, 1, 2, 0, 2, 1, 0, 0, 2, 2, 2, 2, 1, 0, 0, 0, 1, 0, 1, 0, 2, 2, 1, 1, 1, 0, 0, 1, 1, 2, 2, 2, 2, 0, 0, 2, 2, 0, 1, 1, 2, 1, 0]|[2, 2, 2, 2, 2, 4, 1, 2, 1, 1, 0, 1, 2, 4, 4, 2, 0, 1, 4, 2, 4, 1, 1, 0, 3, 2, 3, 0, 0, 1, 1, 0, 4, 2, 4, 0, 2, 0, 2, 0, 1, 0, 3, 0, 1, 1, 1, 2, 3, 1, 2, 4, 1, 2, 1, 0, 2, 1, 3, 1, 1, 1, 4, 0, 1, 1, 1, 1, 1, 4, 1, 1, 0, 0, 2, 4, 0, 1, 1, 0, 4, 4, 1, 2, 4, 4, 1, 1, 1, 1, 1, 0, 1, 1, 2, 0, 4, 1, 0, 2]|[0, 0, 1, 1, 0, 2, 0, 2, 0, 0, 0, 0, 1, 0, 0, 0, 0, 0, 3, 1, 2, 0, 0, 0, 3, 1, 1, 0, 1, 0, 1, 0, 3, 0, 0, 0, 0, 0, 1, 0, 1, 3, 1, 1, 0, 0, 0, 1, 0, 0, 0, 2, 0, 0, 0, 1, 1, 0, 3, 0, 0, 0, 1, 1, 0, 0, 0, 0, 0, 0, 0, 0, 0, 1, 1, 3, 0, 0, 1, 1, 1, 3, 0, 0, 3, 0, 0, 0, 0, 0, 1, 0, 0, 0, 0, 2, 0, 0, 1, 0]
event=818:G2_TEC:action:mode=exploit,state=1,draw=0.03071575201866117,action=1
event=819:G2_TEC:leader:action=1,fingerprint=[51, 8, 83, 31, 94, 11, 15, 22, 57, 19, 84, 77, 73, 1, 81, 14, 98, 79, 3, 16, 2, 99, 5, 91, 62, 43, 68, 76, 97, 40, 88, 30, 53, 20, 58, 93, 24, 72, 49, 59, 38, 28, 92, 67, 9, 18, 17, 87, 12, 26, 71, 74, 95, 63, 4, 47, 27, 37, 96, 23, 78, 10, 66, 6, 48, 56, 29, 64, 60, 46, 7, 36, 34, 85, 52, 55, 61, 86, 89, 41, 32, 54, 33, 42, 39, 80, 75, 25, 35, 70, 44, 0, 21, 50, 69, 82, 65, 13, 90, 45]|[2, 0, 1, 1, 2, 1, 0, 1, 2, 0, 0, 1, 0, 1, 1, 2, 0, 2, 1, 0, 1, 1, 0, 0, 1, 2, 1, 0, 1, 1, 0, 2, 1, 0, 1, 2, 2, 0, 0, 0, 2, 1, 1, 1, 0, 0, 2, 0, 1, 0, 2, 1, 2, 0, 2, 0, 0, 2, 1, 2, 0, 2, 1, 0, 0, 2, 2, 2, 2, 1, 0, 0, 0, 1, 0, 1, 0, 2, 2, 1, 1, 1, 0, 0, 1, 1, 2, 2, 2, 2, 0, 0, 2, 2, 0, 1, 1, 2, 1, 0]|[2, 2, 2, 2, 2, 4, 1, 2, 1, 1, 0, 1, 2, 4, 4, 2, 0, 1, 4, 2, 4, 1, 1, 0, 3, 2, 3, 0, 0, 1, 1, 0, 4, 2, 4, 0, 2, 0, 2, 0, 1, 0, 3, 0, 1, 1, 1, 2, 3, 1, 2, 4, 1, 2, 1, 0, 2, 1, 3, 1, 1, 1, 4, 0, 1, 1, 1, 1, 1, 4, 1, 1, 0, 0, 2, 4, 0, 1, 1, 0, 4, 4, 1, 2, 4, 4, 1, 1, 1, 1, 1, 0, 1, 1, 2, 0, 4, 1, 0, 2]|[0, 0, 1, 1, 0, 2, 0, 2, 0, 0, 0, 0, 1, 0, 0, 0, 0, 0, 3, 1, 2, 0, 0, 0, 3, 1, 1, 0, 1, 0, 1, 0, 3, 0, 0, 0, 0, 0, 1, 0, 1, 3, 1, 1, 0, 0, 0, 1, 0, 0, 0, 2, 0, 0, 0, 1, 1, 0, 3, 0, 0, 0, 1, 1, 0, 0, 0, 0, 0, 0, 0, 0, 0, 1, 1, 3, 0, 0, 1, 1, 1, 3, 0, 0, 3, 0, 0, 0, 0, 0, 1, 0, 0, 0, 0, 2, 0, 0, 1, 0]
event=820:G3_TWC:action:mode=exploit,state=1,draw=0.08719403346113463,action=2
event=821:G3_TWC:tournament:reason=action2,left=27,right=39,selected=[51, 8, 83, 31, 94, 11, 15, 22, 57, 19, 84, 77, 73, 1, 81, 14, 98, 79, 3, 16, 2, 99, 5, 91, 62, 43, 68, 76, 97, 40, 88, 30, 53, 20, 58, 93, 24, 72, 49, 59, 38, 28, 92, 67, 9, 18, 17, 87, 12, 26, 71, 74, 95, 63, 4, 47, 27, 37, 96, 23, 78, 10, 66, 6, 48, 56, 29, 64, 60, 46, 7, 36, 34, 85, 52, 55, 61, 86, 89, 41, 32, 39, 33, 80, 75, 82, 54, 50, 13, 35, 21, 0, 70, 42, 65, 44, 25, 69, 45, 90]|[2, 0, 1, 1, 2, 1, 0, 1, 2, 0, 0, 1, 0, 1, 1, 1, 0, 2, 1, 0, 1, 1, 0, 0, 1, 2, 1, 0, 0, 0, 0, 2, 1, 0, 1, 2, 2, 0, 0, 0, 2, 1, 1, 1, 0, 0, 2, 0, 1, 2, 2, 1, 2, 0, 2, 0, 0, 2, 1, 2, 0, 2, 1, 0, 0, 2, 2, 2, 2, 1, 0, 0, 0, 1, 0, 0, 1, 1, 2, 1, 2, 2, 0, 1, 2, 1, 1, 2, 2, 2, 2, 0, 0, 1, 1, 0, 2, 0, 1, 0]|[2, 2, 2, 4, 2, 4, 1, 2, 1, 1, 0, 1, 2, 4, 4, 1, 0, 1, 4, 2, 4, 1, 2, 0, 3, 2, 3, 0, 2, 1, 1, 0, 4, 2, 4, 0, 2, 0, 2, 0, 1, 0, 3, 0, 1, 1, 1, 2, 3, 1, 2, 4, 1, 2, 1, 0, 2, 1, 3, 1, 1, 1, 4, 0, 1, 1, 1, 1, 1, 4, 1, 1, 0, 0, 2, 2, 0, 4, 1, 4, 1, 1, 1, 4, 1, 0, 4, 1, 1, 1, 1, 0, 2, 0, 4, 1, 1, 2, 4, 1]|[0, 0, 1, 3, 0, 2, 0, 2, 0, 0, 0, 0, 1, 0, 0, 1, 0, 0, 3, 1, 2, 0, 0, 0, 3, 1, 1, 0, 0, 0, 1, 0, 3, 0, 0, 0, 0, 0, 1, 0, 1, 3, 1, 1, 0, 0, 0, 1, 0, 1, 0, 2, 0, 0, 0, 1, 0, 0, 3, 0, 0, 0, 1, 1, 0, 0, 0, 0, 0, 0, 0, 0, 0, 1, 1, 0, 1, 0, 1, 0, 0, 0, 1, 0, 0, 2, 3, 0, 0, 0, 0, 0, 0, 1, 0, 1, 0, 0, 3, 0]
event=822:G3_TWC:leader:action=2,fingerprint=[51, 8, 83, 31, 94, 11, 15, 22, 57, 19, 84, 77, 73, 1, 81, 14, 98, 79, 3, 16, 2, 99, 5, 91, 62, 43, 68, 76, 97, 40, 88, 30, 53, 20, 58, 93, 24, 72, 49, 59, 38, 28, 92, 67, 9, 18, 17, 87, 12, 26, 71, 74, 95, 63, 4, 47, 27, 37, 96, 23, 78, 10, 66, 6, 48, 56, 29, 64, 60, 46, 7, 36, 34, 85, 52, 55, 61, 86, 89, 41, 32, 39, 33, 80, 75, 82, 54, 50, 13, 35, 21, 0, 70, 42, 65, 44, 25, 69, 45, 90]|[2, 0, 1, 1, 2, 1, 0, 1, 2, 0, 0, 1, 0, 1, 1, 1, 0, 2, 1, 0, 1, 1, 0, 0, 1, 2, 1, 0, 0, 0, 0, 2, 1, 0, 1, 2, 2, 0, 0, 0, 2, 1, 1, 1, 0, 0, 2, 0, 1, 2, 2, 1, 2, 0, 2, 0, 0, 2, 1, 2, 0, 2, 1, 0, 0, 2, 2, 2, 2, 1, 0, 0, 0, 1, 0, 0, 1, 1, 2, 1, 2, 2, 0, 1, 2, 1, 1, 2, 2, 2, 2, 0, 0, 1, 1, 0, 2, 0, 1, 0]|[2, 2, 2, 4, 2, 4, 1, 2, 1, 1, 0, 1, 2, 4, 4, 1, 0, 1, 4, 2, 4, 1, 2, 0, 3, 2, 3, 0, 2, 1, 1, 0, 4, 2, 4, 0, 2, 0, 2, 0, 1, 0, 3, 0, 1, 1, 1, 2, 3, 1, 2, 4, 1, 2, 1, 0, 2, 1, 3, 1, 1, 1, 4, 0, 1, 1, 1, 1, 1, 4, 1, 1, 0, 0, 2, 2, 0, 4, 1, 4, 1, 1, 1, 4, 1, 0, 4, 1, 1, 1, 1, 0, 2, 0, 4, 1, 1, 2, 4, 1]|[0, 0, 1, 3, 0, 2, 0, 2, 0, 0, 0, 0, 1, 0, 0, 1, 0, 0, 3, 1, 2, 0, 0, 0, 3, 1, 1, 0, 0, 0, 1, 0, 3, 0, 0, 0, 0, 0, 1, 0, 1, 3, 1, 1, 0, 0, 0, 1, 0, 1, 0, 2, 0, 0, 0, 1, 0, 0, 3, 0, 0, 0, 1, 1, 0, 0, 0, 0, 0, 0, 0, 0, 0, 1, 1, 0, 1, 0, 1, 0, 0, 0, 1, 0, 0, 2, 3, 0, 0, 0, 0, 0, 0, 1, 0, 1, 0, 0, 3, 0]
event=823:G1_CMAX:update:state=1,action=0,reward=-62.725562539609996,nextState=1,old=-228.54630061837366,new=-245.56260303430895
event=824:G2_TEC:update:state=1,action=1,reward=-278.5570154476227,nextState=1,old=-830.4617957064945,new=-942.9264520128183
event=825:G3_TWC:update:state=1,action=2,reward=-4115.98700912208,nextState=1,old=-13844.41212678024,new=-15191.516710546273
event=826:G4_BALANCED:update:state=1,action=0,reward=-0.03095561410503596,nextState=1,old=-0.2518614322898909,new=-0.23244475993694869
event=827:G1_CMAX:action:mode=exploit,state=1,draw=0.33992147509284465,action=1
event=828:G1_CMAX:leader:action=1,fingerprint=[51, 8, 83, 50, 94, 11, 15, 22, 57, 19, 84, 77, 73, 1, 81, 14, 98, 16, 53, 44, 2, 40, 5, 91, 62, 68, 76, 97, 99, 88, 30, 3, 20, 58, 93, 24, 72, 49, 42, 38, 28, 92, 67, 9, 18, 87, 12, 26, 71, 74, 95, 63, 21, 17, 47, 27, 37, 78, 10, 32, 46, 48, 56, 6, 29, 64, 60, 23, 7, 36, 90, 85, 52, 59, 61, 54, 89, 41, 4, 33, 55, 96, 82, 80, 75, 31, 45, 35, 43, 39, 66, 0, 34, 69, 65, 79, 25, 13, 86, 70]|[2, 0, 1, 1, 2, 1, 0, 1, 2, 0, 0, 1, 0, 1, 1, 1, 1, 0, 1, 0, 1, 1, 0, 0, 1, 1, 0, 1, 1, 0, 2, 1, 2, 1, 2, 0, 0, 0, 0, 2, 1, 1, 1, 0, 1, 0, 1, 0, 2, 1, 2, 0, 2, 2, 0, 0, 2, 0, 2, 2, 1, 1, 2, 2, 2, 0, 2, 0, 0, 0, 1, 2, 0, 1, 0, 1, 2, 1, 0, 1, 1, 1, 1, 1, 2, 1, 0, 2, 2, 2, 0, 0, 1, 0, 1, 0, 2, 0, 1, 2]|[1, 0, 2, 0, 1, 4, 1, 2, 1, 1, 1, 1, 2, 4, 4, 1, 1, 2, 4, 2, 4, 1, 2, 0, 3, 3, 0, 0, 1, 1, 1, 4, 1, 4, 0, 1, 0, 2, 0, 1, 0, 3, 0, 1, 0, 2, 3, 1, 1, 4, 1, 2, 1, 1, 0, 2, 1, 1, 1, 1, 4, 1, 1, 1, 1, 1, 1, 1, 1, 1, 4, 1, 2, 0, 2, 4, 1, 0, 1, 1, 4, 3, 0, 4, 1, 0, 2, 1, 2, 1, 0, 0, 0, 2, 4, 2, 1, 1, 4, 0]|[0, 0, 1, 1, 0, 2, 0, 2, 0, 0, 0, 0, 1, 0, 0, 1, 0, 1, 3, 1, 2, 0, 0, 0, 3, 1, 0, 1, 0, 1, 0, 3, 0, 0, 0, 1, 0, 1, 0, 1, 3, 1, 1, 0, 1, 1, 0, 0, 0, 2, 0, 0, 0, 0, 1, 1, 0, 0, 0, 0, 0, 2, 0, 0, 0, 0, 0, 0, 0, 0, 3, 0, 1, 1, 0, 3, 0, 1, 1, 2, 3, 3, 2, 0, 0, 1, 0, 0, 1, 0, 0, 0, 1, 0, 0, 1, 0, 0, 0, 1]
event=829:G4_BALANCED:action:mode=exploit,state=1,draw=0.43904416904110777,action=0
event=830:G4_BALANCED:leader:action=0,fingerprint=[51, 8, 83, 31, 94, 11, 15, 22, 57, 19, 84, 77, 73, 1, 81, 14, 98, 79, 3, 16, 2, 99, 5, 91, 62, 43, 68, 76, 97, 40, 88, 30, 53, 20, 58, 93, 24, 72, 49, 59, 38, 28, 92, 67, 9, 18, 17, 87, 12, 26, 71, 74, 95, 63, 4, 47, 27, 37, 96, 23, 78, 10, 66, 6, 48, 56, 29, 64, 60, 46, 7, 36, 34, 85, 52, 55, 61, 86, 89, 41, 32, 54, 33, 42, 39, 80, 75, 25, 35, 70, 44, 0, 21, 50, 69, 82, 65, 13, 90, 45]|[2, 0, 1, 1, 2, 1, 0, 1, 2, 0, 0, 1, 0, 1, 1, 2, 0, 2, 1, 0, 1, 1, 0, 0, 1, 2, 1, 0, 1, 1, 0, 2, 1, 0, 1, 2, 2, 0, 0, 0, 2, 1, 1, 1, 0, 0, 2, 0, 1, 0, 2, 1, 2, 0, 2, 0, 0, 2, 1, 2, 0, 2, 1, 0, 0, 2, 2, 2, 2, 1, 0, 0, 0, 1, 0, 1, 0, 2, 2, 1, 1, 1, 0, 0, 1, 1, 2, 2, 2, 2, 0, 0, 2, 2, 0, 1, 1, 2, 1, 0]|[2, 2, 2, 2, 2, 4, 1, 2, 1, 1, 0, 1, 2, 4, 4, 2, 0, 1, 4, 2, 4, 1, 1, 0, 3, 2, 3, 0, 0, 1, 1, 0, 4, 2, 4, 0, 2, 0, 2, 0, 1, 0, 3, 0, 1, 1, 1, 2, 3, 1, 2, 4, 1, 2, 1, 0, 2, 1, 3, 1, 1, 1, 4, 0, 1, 1, 1, 1, 1, 4, 1, 1, 0, 0, 2, 4, 0, 1, 1, 0, 4, 4, 1, 2, 4, 4, 1, 1, 1, 1, 1, 0, 1, 1, 2, 0, 4, 1, 0, 2]|[0, 0, 1, 1, 0, 2, 0, 2, 0, 0, 0, 0, 1, 0, 0, 0, 0, 0, 3, 1, 2, 0, 0, 0, 3, 1, 1, 0, 1, 0, 1, 0, 3, 0, 0, 0, 0, 0, 1, 0, 1, 3, 1, 1, 0, 0, 0, 1, 0, 0, 0, 2, 0, 0, 0, 1, 1, 0, 3, 0, 0, 0, 1, 1, 0, 0, 0, 0, 0, 0, 0, 0, 0, 1, 1, 3, 0, 0, 1, 1, 1, 3, 0, 0, 3, 0, 0, 0, 0, 0, 1, 0, 0, 0, 0, 2, 0, 0, 1, 0]
event=831:G2_TEC:action:mode=exploit,state=1,draw=0.3950447982173865,action=1
event=832:G2_TEC:leader:action=1,fingerprint=[51, 8, 83, 31, 94, 11, 15, 22, 57, 19, 84, 77, 73, 1, 81, 14, 98, 79, 3, 16, 2, 99, 5, 91, 62, 43, 68, 76, 97, 40, 88, 30, 53, 20, 58, 93, 24, 72, 49, 59, 38, 28, 92, 67, 9, 18, 17, 87, 12, 26, 71, 74, 95, 63, 4, 47, 27, 37, 96, 23, 78, 10, 66, 6, 48, 56, 29, 64, 60, 46, 7, 36, 34, 85, 52, 55, 61, 86, 89, 41, 32, 54, 33, 42, 39, 80, 75, 25, 35, 70, 44, 0, 21, 50, 69, 82, 65, 13, 90, 45]|[2, 0, 1, 1, 2, 1, 0, 1, 2, 0, 0, 1, 0, 1, 1, 2, 0, 2, 1, 0, 1, 1, 0, 0, 1, 2, 1, 0, 1, 1, 0, 2, 1, 0, 1, 2, 2, 0, 0, 0, 2, 1, 1, 1, 0, 0, 2, 0, 1, 0, 2, 1, 2, 0, 2, 0, 0, 2, 1, 2, 0, 2, 1, 0, 0, 2, 2, 2, 2, 1, 0, 0, 0, 1, 0, 1, 0, 2, 2, 1, 1, 1, 0, 0, 1, 1, 2, 2, 2, 2, 0, 0, 2, 2, 0, 1, 1, 2, 1, 0]|[2, 2, 2, 2, 2, 4, 1, 2, 1, 1, 0, 1, 2, 4, 4, 2, 0, 1, 4, 2, 4, 1, 1, 0, 3, 2, 3, 0, 0, 1, 1, 0, 4, 2, 4, 0, 2, 0, 2, 0, 1, 0, 3, 0, 1, 1, 1, 2, 3, 1, 2, 4, 1, 2, 1, 0, 2, 1, 3, 1, 1, 1, 4, 0, 1, 1, 1, 1, 1, 4, 1, 1, 0, 0, 2, 4, 0, 1, 1, 0, 4, 4, 1, 2, 4, 4, 1, 1, 1, 1, 1, 0, 1, 1, 2, 0, 4, 1, 0, 2]|[0, 0, 1, 1, 0, 2, 0, 2, 0, 0, 0, 0, 1, 0, 0, 0, 0, 0, 3, 1, 2, 0, 0, 0, 3, 1, 1, 0, 1, 0, 1, 0, 3, 0, 0, 0, 0, 0, 1, 0, 1, 3, 1, 1, 0, 0, 0, 1, 0, 0, 0, 2, 0, 0, 0, 1, 1, 0, 3, 0, 0, 0, 1, 1, 0, 0, 0, 0, 0, 0, 0, 0, 0, 1, 1, 3, 0, 0, 1, 1, 1, 3, 0, 0, 3, 0, 0, 0, 0, 0, 1, 0, 0, 0, 0, 2, 0, 0, 1, 0]
event=833:G3_TWC:action:mode=explore,state=1,draw=0.8446646822937112,action=1
event=834:G3_TWC:leader:action=1,fingerprint=[51, 8, 83, 94, 11, 15, 77, 84, 19, 57, 22, 73, 81, 14, 16, 3, 79, 2, 99, 31, 5, 91, 20, 98, 76, 34, 67, 68, 48, 88, 30, 53, 43, 62, 92, 28, 38, 59, 49, 72, 24, 93, 58, 9, 18, 17, 87, 12, 26, 71, 74, 95, 63, 21, 47, 27, 37, 96, 6, 78, 10, 32, 46, 40, 82, 29, 64, 60, 23, 7, 36, 90, 85, 52, 42, 61, 89, 41, 4, 39, 33, 56, 45, 80, 97, 0, 66, 35, 55, 50, 75, 1, 54, 69, 65, 44, 25, 13, 86, 70]|[2, 0, 1, 2, 1, 0, 1, 0, 0, 2, 1, 0, 1, 1, 0, 1, 0, 1, 1, 1, 0, 0, 2, 1, 0, 1, 1, 1, 1, 0, 2, 1, 2, 1, 1, 1, 2, 0, 0, 0, 0, 2, 1, 0, 1, 2, 0, 1, 0, 2, 1, 2, 0, 2, 0, 0, 2, 1, 0, 0, 2, 2, 1, 1, 1, 2, 0, 2, 0, 0, 0, 1, 1, 0, 2, 0, 2, 1, 0, 2, 1, 2, 1, 1, 1, 0, 0, 2, 1, 2, 2, 1, 1, 0, 1, 0, 2, 2, 1, 0]|[2, 2, 4, 2, 2, 1, 1, 1, 1, 1, 2, 2, 4, 1, 2, 4, 2, 4, 1, 0, 1, 0, 1, 1, 0, 0, 0, 3, 1, 1, 0, 4, 2, 3, 3, 0, 1, 0, 2, 0, 1, 0, 4, 1, 0, 1, 2, 3, 1, 1, 4, 1, 2, 1, 0, 2, 1, 3, 1, 1, 1, 1, 4, 1, 0, 1, 2, 1, 1, 1, 1, 4, 4, 2, 1, 1, 1, 0, 1, 1, 1, 1, 0, 4, 0, 0, 0, 1, 4, 1, 1, 4, 4, 0, 4, 1, 1, 1, 4, 1]|[0, 0, 2, 0, 1, 0, 0, 0, 0, 0, 2, 1, 0, 1, 1, 3, 1, 2, 0, 1, 0, 0, 0, 0, 0, 1, 1, 1, 2, 1, 0, 3, 1, 3, 1, 3, 1, 0, 1, 0, 1, 0, 0, 0, 1, 0, 1, 0, 0, 0, 2, 0, 0, 0, 1, 1, 0, 3, 0, 0, 0, 0, 0, 0, 2, 0, 0, 0, 0, 0, 0, 3, 0, 1, 0, 0, 0, 1, 1, 0, 2, 0, 2, 0, 1, 0, 0, 0, 3, 0, 0, 0, 3, 0, 0, 1, 0, 0, 0, 0]
event=835:G1_CMAX:update:state=1,action=1,reward=-74.07130338653803,nextState=1,old=-238.52884688111635,new=-264.8943808914311
event=836:G2_TEC:update:state=1,action=1,reward=-261.2225354021866,nextState=1,old=-942.9264520128183,new=-1015.5636970124414
event=837:G3_TWC:update:state=1,action=1,reward=-8610.052947600503,nextState=1,old=-15858.306897245871,new=-19959.492304922358
event=838:G4_BALANCED:update:state=1,action=0,reward=-0.06262195244856282,nextState=1,old=-0.23244475993694869,new=-0.2485777603981218
event=839:G1_CMAX:action:mode=exploit,state=1,draw=0.743919187918082,action=0
event=840:G1_CMAX:leader:action=0,fingerprint=[51, 8, 83, 50, 94, 11, 15, 22, 57, 19, 84, 77, 73, 1, 81, 14, 98, 16, 53, 44, 2, 40, 5, 91, 62, 68, 76, 97, 99, 88, 30, 3, 20, 58, 93, 24, 72, 49, 42, 38, 28, 92, 67, 9, 18, 87, 12, 26, 71, 74, 95, 63, 21, 17, 47, 27, 37, 78, 10, 32, 46, 48, 56, 6, 29, 64, 60, 23, 7, 36, 90, 85, 52, 59, 61, 54, 89, 41, 4, 33, 55, 96, 82, 80, 75, 31, 45, 35, 43, 39, 66, 0, 34, 69, 65, 79, 25, 13, 86, 70]|[2, 0, 1, 1, 2, 1, 0, 1, 2, 0, 0, 1, 0, 1, 1, 1, 1, 0, 1, 0, 1, 1, 0, 0, 1, 1, 0, 1, 1, 0, 2, 1, 2, 1, 2, 0, 0, 0, 0, 2, 1, 1, 1, 0, 1, 0, 1, 0, 2, 1, 2, 0, 2, 2, 0, 0, 2, 0, 2, 2, 1, 1, 2, 2, 2, 0, 2, 0, 0, 0, 1, 2, 0, 1, 0, 1, 2, 1, 0, 1, 1, 1, 1, 1, 2, 1, 0, 2, 2, 2, 0, 0, 1, 0, 1, 0, 2, 0, 1, 2]|[1, 0, 2, 0, 1, 4, 1, 2, 1, 1, 1, 1, 2, 4, 4, 1, 1, 2, 4, 2, 4, 1, 2, 0, 3, 3, 0, 0, 1, 1, 1, 4, 1, 4, 0, 1, 0, 2, 0, 1, 0, 3, 0, 1, 0, 2, 3, 1, 1, 4, 1, 2, 1, 1, 0, 2, 1, 1, 1, 1, 4, 1, 1, 1, 1, 1, 1, 1, 1, 1, 4, 1, 2, 0, 2, 4, 1, 0, 1, 1, 4, 3, 0, 4, 1, 0, 2, 1, 2, 1, 0, 0, 0, 2, 4, 2, 1, 1, 4, 0]|[0, 0, 1, 1, 0, 2, 0, 2, 0, 0, 0, 0, 1, 0, 0, 1, 0, 1, 3, 1, 2, 0, 0, 0, 3, 1, 0, 1, 0, 1, 0, 3, 0, 0, 0, 1, 0, 1, 0, 1, 3, 1, 1, 0, 1, 1, 0, 0, 0, 2, 0, 0, 0, 0, 1, 1, 0, 0, 0, 0, 0, 2, 0, 0, 0, 0, 0, 0, 0, 0, 3, 0, 1, 1, 0, 3, 0, 1, 1, 2, 3, 3, 2, 0, 0, 1, 0, 0, 1, 0, 0, 0, 1, 0, 0, 1, 0, 0, 0, 1]
event=841:G4_BALANCED:action:mode=exploit,state=1,draw=0.23291552781277536,action=0
event=842:G4_BALANCED:leader:action=0,fingerprint=[51, 8, 83, 31, 94, 11, 15, 22, 57, 19, 84, 77, 73, 1, 81, 14, 98, 79, 3, 16, 2, 99, 5, 91, 62, 43, 68, 76, 97, 40, 88, 30, 53, 20, 58, 93, 24, 72, 49, 59, 38, 28, 92, 67, 9, 18, 17, 87, 12, 26, 71, 74, 95, 63, 4, 47, 27, 37, 96, 23, 78, 10, 66, 6, 48, 56, 29, 64, 60, 46, 7, 36, 34, 85, 52, 55, 61, 86, 89, 41, 32, 54, 33, 42, 39, 80, 75, 25, 35, 70, 44, 0, 21, 50, 69, 82, 65, 13, 90, 45]|[2, 0, 1, 1, 2, 1, 0, 1, 2, 0, 0, 1, 0, 1, 1, 2, 0, 2, 1, 0, 1, 1, 0, 0, 1, 2, 1, 0, 1, 1, 0, 2, 1, 0, 1, 2, 2, 0, 0, 0, 2, 1, 1, 1, 0, 0, 2, 0, 1, 0, 2, 1, 2, 0, 2, 0, 0, 2, 1, 2, 0, 2, 1, 0, 0, 2, 2, 2, 2, 1, 0, 0, 0, 1, 0, 1, 0, 2, 2, 1, 1, 1, 0, 0, 1, 1, 2, 2, 2, 2, 0, 0, 2, 2, 0, 1, 1, 2, 1, 0]|[2, 2, 2, 2, 2, 4, 1, 2, 1, 1, 0, 1, 2, 4, 4, 2, 0, 1, 4, 2, 4, 1, 1, 0, 3, 2, 3, 0, 0, 1, 1, 0, 4, 2, 4, 0, 2, 0, 2, 0, 1, 0, 3, 0, 1, 1, 1, 2, 3, 1, 2, 4, 1, 2, 1, 0, 2, 1, 3, 1, 1, 1, 4, 0, 1, 1, 1, 1, 1, 4, 1, 1, 0, 0, 2, 4, 0, 1, 1, 0, 4, 4, 1, 2, 4, 4, 1, 1, 1, 1, 1, 0, 1, 1, 2, 0, 4, 1, 0, 2]|[0, 0, 1, 1, 0, 2, 0, 2, 0, 0, 0, 0, 1, 0, 0, 0, 0, 0, 3, 1, 2, 0, 0, 0, 3, 1, 1, 0, 1, 0, 1, 0, 3, 0, 0, 0, 0, 0, 1, 0, 1, 3, 1, 1, 0, 0, 0, 1, 0, 0, 0, 2, 0, 0, 0, 1, 1, 0, 3, 0, 0, 0, 1, 1, 0, 0, 0, 0, 0, 0, 0, 0, 0, 1, 1, 3, 0, 0, 1, 1, 1, 3, 0, 0, 3, 0, 0, 0, 0, 0, 1, 0, 0, 0, 0, 2, 0, 0, 1, 0]
event=843:G2_TEC:action:mode=exploit,state=1,draw=0.23609304698039035,action=1
event=844:G2_TEC:leader:action=1,fingerprint=[51, 8, 83, 31, 94, 11, 15, 22, 57, 19, 84, 77, 73, 1, 81, 14, 98, 79, 3, 16, 2, 99, 5, 91, 62, 43, 68, 76, 97, 40, 88, 30, 53, 20, 58, 93, 24, 72, 49, 59, 38, 28, 92, 67, 9, 18, 17, 87, 12, 26, 71, 74, 95, 63, 4, 47, 27, 37, 96, 23, 78, 10, 66, 6, 48, 56, 29, 64, 60, 46, 7, 36, 34, 85, 52, 55, 61, 86, 89, 41, 32, 54, 33, 42, 39, 80, 75, 25, 35, 70, 44, 0, 21, 50, 69, 82, 65, 13, 90, 45]|[2, 0, 1, 1, 2, 1, 0, 1, 2, 0, 0, 1, 0, 1, 1, 2, 0, 2, 1, 0, 1, 1, 0, 0, 1, 2, 1, 0, 1, 1, 0, 2, 1, 0, 1, 2, 2, 0, 0, 0, 2, 1, 1, 1, 0, 0, 2, 0, 1, 0, 2, 1, 2, 0, 2, 0, 0, 2, 1, 2, 0, 2, 1, 0, 0, 2, 2, 2, 2, 1, 0, 0, 0, 1, 0, 1, 0, 2, 2, 1, 1, 1, 0, 0, 1, 1, 2, 2, 2, 2, 0, 0, 2, 2, 0, 1, 1, 2, 1, 0]|[2, 2, 2, 2, 2, 4, 1, 2, 1, 1, 0, 1, 2, 4, 4, 2, 0, 1, 4, 2, 4, 1, 1, 0, 3, 2, 3, 0, 0, 1, 1, 0, 4, 2, 4, 0, 2, 0, 2, 0, 1, 0, 3, 0, 1, 1, 1, 2, 3, 1, 2, 4, 1, 2, 1, 0, 2, 1, 3, 1, 1, 1, 4, 0, 1, 1, 1, 1, 1, 4, 1, 1, 0, 0, 2, 4, 0, 1, 1, 0, 4, 4, 1, 2, 4, 4, 1, 1, 1, 1, 1, 0, 1, 1, 2, 0, 4, 1, 0, 2]|[0, 0, 1, 1, 0, 2, 0, 2, 0, 0, 0, 0, 1, 0, 0, 0, 0, 0, 3, 1, 2, 0, 0, 0, 3, 1, 1, 0, 1, 0, 1, 0, 3, 0, 0, 0, 0, 0, 1, 0, 1, 3, 1, 1, 0, 0, 0, 1, 0, 0, 0, 2, 0, 0, 0, 1, 1, 0, 3, 0, 0, 0, 1, 1, 0, 0, 0, 0, 0, 0, 0, 0, 0, 1, 1, 3, 0, 0, 1, 1, 1, 3, 0, 0, 3, 0, 0, 0, 0, 0, 1, 0, 0, 0, 0, 2, 0, 0, 1, 0]
event=845:G3_TWC:action:mode=exploit,state=1,draw=0.4986665129735851,action=0
event=846:G3_TWC:leader:action=0,fingerprint=[51, 8, 83, 94, 11, 15, 77, 84, 19, 57, 22, 73, 81, 14, 16, 3, 79, 2, 99, 31, 5, 91, 20, 98, 76, 34, 67, 68, 48, 88, 30, 53, 43, 62, 92, 28, 38, 59, 49, 72, 24, 93, 58, 9, 18, 17, 87, 12, 26, 71, 74, 95, 63, 21, 47, 27, 37, 96, 6, 78, 10, 32, 46, 40, 82, 29, 64, 60, 23, 7, 36, 90, 85, 52, 42, 61, 89, 41, 4, 39, 33, 56, 45, 80, 97, 0, 66, 35, 55, 50, 75, 1, 54, 69, 65, 44, 25, 13, 86, 70]|[2, 0, 1, 2, 1, 0, 1, 0, 0, 2, 1, 0, 1, 1, 0, 1, 0, 1, 1, 1, 0, 0, 2, 1, 0, 1, 1, 1, 1, 0, 2, 1, 2, 1, 1, 1, 2, 0, 0, 0, 0, 2, 1, 0, 1, 2, 0, 1, 0, 2, 1, 2, 0, 2, 0, 0, 2, 1, 0, 0, 2, 2, 1, 1, 1, 2, 0, 2, 0, 0, 0, 1, 1, 0, 2, 0, 2, 1, 0, 2, 1, 2, 1, 1, 1, 0, 0, 2, 1, 2, 2, 1, 1, 0, 1, 0, 2, 2, 1, 0]|[2, 2, 4, 2, 2, 1, 1, 1, 1, 1, 2, 2, 4, 1, 2, 4, 2, 4, 1, 0, 1, 0, 1, 1, 0, 0, 0, 3, 1, 1, 0, 4, 2, 3, 3, 0, 1, 0, 2, 0, 1, 0, 4, 1, 0, 1, 2, 3, 1, 1, 4, 1, 2, 1, 0, 2, 1, 3, 1, 1, 1, 1, 4, 1, 0, 1, 2, 1, 1, 1, 1, 4, 4, 2, 1, 1, 1, 0, 1, 1, 1, 1, 0, 4, 0, 0, 0, 1, 4, 1, 1, 4, 4, 0, 4, 1, 1, 1, 4, 1]|[0, 0, 2, 0, 1, 0, 0, 0, 0, 0, 2, 1, 0, 1, 1, 3, 1, 2, 0, 1, 0, 0, 0, 0, 0, 1, 1, 1, 2, 1, 0, 3, 1, 3, 1, 3, 1, 0, 1, 0, 1, 0, 0, 0, 1, 0, 1, 0, 0, 0, 2, 0, 0, 0, 1, 1, 0, 3, 0, 0, 0, 0, 0, 0, 2, 0, 0, 0, 0, 0, 0, 3, 0, 1, 0, 0, 0, 1, 1, 0, 2, 0, 2, 0, 1, 0, 0, 0, 3, 0, 0, 0, 3, 0, 0, 1, 0, 0, 0, 0]
event=847:G1_CMAX:update:state=1,action=0,reward=-46.39194110467872,nextState=1,old=-245.56260303430895,new=-242.8420235321259
event=848:G2_TEC:update:state=1,action=1,reward=-325.7024771409706,nextState=1,old=-1015.5636970124414,new=-1138.1534347509237
event=849:G3_TWC:update:state=1,action=0,reward=-5817.720560077141,nextState=1,old=-14186.799196652315,new=-17167.159917398996
event=850:G4_BALANCED:update:state=1,action=0,reward=-0.03508922146070765,nextState=1,old=-0.2485777603981218,new=-0.23395142977920508
event=851:G1_CMAX:action:mode=exploit,state=1,draw=0.07506091710852125,action=0
event=852:G1_CMAX:leader:action=0,fingerprint=[51, 8, 83, 50, 94, 11, 15, 22, 57, 19, 84, 77, 73, 1, 81, 14, 98, 16, 53, 44, 2, 40, 5, 91, 62, 68, 76, 97, 99, 88, 30, 3, 20, 58, 93, 24, 72, 49, 42, 38, 28, 92, 67, 9, 18, 87, 12, 26, 71, 74, 95, 63, 21, 17, 47, 27, 37, 78, 10, 32, 46, 48, 56, 6, 29, 64, 60, 23, 7, 36, 90, 85, 52, 59, 61, 54, 89, 41, 4, 33, 55, 96, 82, 80, 75, 31, 45, 35, 43, 39, 66, 0, 34, 69, 65, 79, 25, 13, 86, 70]|[2, 0, 1, 1, 2, 1, 0, 1, 2, 0, 0, 1, 0, 1, 1, 1, 1, 0, 1, 0, 1, 1, 0, 0, 1, 1, 0, 1, 1, 0, 2, 1, 2, 1, 2, 0, 0, 0, 0, 2, 1, 1, 1, 0, 1, 0, 1, 0, 2, 1, 2, 0, 2, 2, 0, 0, 2, 0, 2, 2, 1, 1, 2, 2, 2, 0, 2, 0, 0, 0, 1, 2, 0, 1, 0, 1, 2, 1, 0, 1, 1, 1, 1, 1, 2, 1, 0, 2, 2, 2, 0, 0, 1, 0, 1, 0, 2, 0, 1, 2]|[1, 0, 2, 0, 1, 4, 1, 2, 1, 1, 1, 1, 2, 4, 4, 1, 1, 2, 4, 2, 4, 1, 2, 0, 3, 3, 0, 0, 1, 1, 1, 4, 1, 4, 0, 1, 0, 2, 0, 1, 0, 3, 0, 1, 0, 2, 3, 1, 1, 4, 1, 2, 1, 1, 0, 2, 1, 1, 1, 1, 4, 1, 1, 1, 1, 1, 1, 1, 1, 1, 4, 1, 2, 0, 2, 4, 1, 0, 1, 1, 4, 3, 0, 4, 1, 0, 2, 1, 2, 1, 0, 0, 0, 2, 4, 2, 1, 1, 4, 0]|[0, 0, 1, 1, 0, 2, 0, 2, 0, 0, 0, 0, 1, 0, 0, 1, 0, 1, 3, 1, 2, 0, 0, 0, 3, 1, 0, 1, 0, 1, 0, 3, 0, 0, 0, 1, 0, 1, 0, 1, 3, 1, 1, 0, 1, 1, 0, 0, 0, 2, 0, 0, 0, 0, 1, 1, 0, 0, 0, 0, 0, 2, 0, 0, 0, 0, 0, 0, 0, 0, 3, 0, 1, 1, 0, 3, 0, 1, 1, 2, 3, 3, 2, 0, 0, 1, 0, 0, 1, 0, 0, 0, 1, 0, 0, 1, 0, 0, 0, 1]
event=853:G4_BALANCED:action:mode=exploit,state=1,draw=0.4751130192492561,action=0
event=854:G4_BALANCED:leader:action=0,fingerprint=[51, 8, 83, 31, 94, 11, 15, 22, 57, 19, 84, 77, 73, 1, 81, 14, 98, 79, 3, 16, 2, 99, 5, 91, 62, 43, 68, 76, 97, 40, 88, 30, 53, 20, 58, 93, 24, 72, 49, 59, 38, 28, 92, 67, 9, 18, 17, 87, 12, 26, 71, 74, 95, 63, 4, 47, 27, 37, 96, 23, 78, 10, 66, 6, 48, 56, 29, 64, 60, 46, 7, 36, 34, 85, 52, 55, 61, 86, 89, 41, 32, 54, 33, 42, 39, 80, 75, 25, 35, 70, 44, 0, 21, 50, 69, 82, 65, 13, 90, 45]|[2, 0, 1, 1, 2, 1, 0, 1, 2, 0, 0, 1, 0, 1, 1, 2, 0, 2, 1, 0, 1, 1, 0, 0, 1, 2, 1, 0, 1, 1, 0, 2, 1, 0, 1, 2, 2, 0, 0, 0, 2, 1, 1, 1, 0, 0, 2, 0, 1, 0, 2, 1, 2, 0, 2, 0, 0, 2, 1, 2, 0, 2, 1, 0, 0, 2, 2, 2, 2, 1, 0, 0, 0, 1, 0, 1, 0, 2, 2, 1, 1, 1, 0, 0, 1, 1, 2, 2, 2, 2, 0, 0, 2, 2, 0, 1, 1, 2, 1, 0]|[2, 2, 2, 2, 2, 4, 1, 2, 1, 1, 0, 1, 2, 4, 4, 2, 0, 1, 4, 2, 4, 1, 1, 0, 3, 2, 3, 0, 0, 1, 1, 0, 4, 2, 4, 0, 2, 0, 2, 0, 1, 0, 3, 0, 1, 1, 1, 2, 3, 1, 2, 4, 1, 2, 1, 0, 2, 1, 3, 1, 1, 1, 4, 0, 1, 1, 1, 1, 1, 4, 1, 1, 0, 0, 2, 4, 0, 1, 1, 0, 4, 4, 1, 2, 4, 4, 1, 1, 1, 1, 1, 0, 1, 1, 2, 0, 4, 1, 0, 2]|[0, 0, 1, 1, 0, 2, 0, 2, 0, 0, 0, 0, 1, 0, 0, 0, 0, 0, 3, 1, 2, 0, 0, 0, 3, 1, 1, 0, 1, 0, 1, 0, 3, 0, 0, 0, 0, 0, 1, 0, 1, 3, 1, 1, 0, 0, 0, 1, 0, 0, 0, 2, 0, 0, 0, 1, 1, 0, 3, 0, 0, 0, 1, 1, 0, 0, 0, 0, 0, 0, 0, 0, 0, 1, 1, 3, 0, 0, 1, 1, 1, 3, 0, 0, 3, 0, 0, 0, 0, 0, 1, 0, 0, 0, 0, 2, 0, 0, 1, 0]
event=855:G2_TEC:action:mode=exploit,state=1,draw=0.5016293812295698,action=0
event=856:G2_TEC:leader:action=0,fingerprint=[51, 8, 83, 31, 94, 11, 15, 22, 57, 19, 84, 77, 73, 1, 81, 14, 98, 79, 3, 16, 2, 99, 5, 91, 62, 43, 68, 76, 97, 40, 88, 30, 53, 20, 58, 93, 24, 72, 49, 59, 38, 28, 92, 67, 9, 18, 17, 87, 12, 26, 71, 74, 95, 63, 4, 47, 27, 37, 96, 23, 78, 10, 66, 6, 48, 56, 29, 64, 60, 46, 7, 36, 34, 85, 52, 55, 61, 86, 89, 41, 32, 54, 33, 42, 39, 80, 75, 25, 35, 70, 44, 0, 21, 50, 69, 82, 65, 13, 90, 45]|[2, 0, 1, 1, 2, 1, 0, 1, 2, 0, 0, 1, 0, 1, 1, 2, 0, 2, 1, 0, 1, 1, 0, 0, 1, 2, 1, 0, 1, 1, 0, 2, 1, 0, 1, 2, 2, 0, 0, 0, 2, 1, 1, 1, 0, 0, 2, 0, 1, 0, 2, 1, 2, 0, 2, 0, 0, 2, 1, 2, 0, 2, 1, 0, 0, 2, 2, 2, 2, 1, 0, 0, 0, 1, 0, 1, 0, 2, 2, 1, 1, 1, 0, 0, 1, 1, 2, 2, 2, 2, 0, 0, 2, 2, 0, 1, 1, 2, 1, 0]|[2, 2, 2, 2, 2, 4, 1, 2, 1, 1, 0, 1, 2, 4, 4, 2, 0, 1, 4, 2, 4, 1, 1, 0, 3, 2, 3, 0, 0, 1, 1, 0, 4, 2, 4, 0, 2, 0, 2, 0, 1, 0, 3, 0, 1, 1, 1, 2, 3, 1, 2, 4, 1, 2, 1, 0, 2, 1, 3, 1, 1, 1, 4, 0, 1, 1, 1, 1, 1, 4, 1, 1, 0, 0, 2, 4, 0, 1, 1, 0, 4, 4, 1, 2, 4, 4, 1, 1, 1, 1, 1, 0, 1, 1, 2, 0, 4, 1, 0, 2]|[0, 0, 1, 1, 0, 2, 0, 2, 0, 0, 0, 0, 1, 0, 0, 0, 0, 0, 3, 1, 2, 0, 0, 0, 3, 1, 1, 0, 1, 0, 1, 0, 3, 0, 0, 0, 0, 0, 1, 0, 1, 3, 1, 1, 0, 0, 0, 1, 0, 0, 0, 2, 0, 0, 0, 1, 1, 0, 3, 0, 0, 0, 1, 1, 0, 0, 0, 0, 0, 0, 0, 0, 0, 1, 1, 3, 0, 0, 1, 1, 1, 3, 0, 0, 3, 0, 0, 0, 0, 0, 1, 0, 0, 0, 0, 2, 0, 0, 1, 0]
event=857:G3_TWC:action:mode=exploit,state=1,draw=0.7778071217559795,action=2
event=858:G3_TWC:tournament:reason=action2,left=52,right=42,selected=[51, 8, 83, 31, 94, 11, 15, 22, 57, 19, 84, 77, 73, 1, 81, 14, 98, 79, 3, 16, 2, 99, 5, 91, 62, 43, 68, 76, 97, 40, 88, 30, 53, 20, 58, 93, 24, 72, 49, 59, 38, 28, 92, 67, 9, 18, 17, 87, 12, 26, 71, 74, 95, 63, 4, 47, 27, 37, 96, 23, 78, 10, 66, 6, 48, 56, 29, 64, 60, 46, 7, 36, 34, 85, 52, 55, 61, 86, 89, 41, 32, 54, 33, 42, 39, 80, 75, 25, 35, 70, 44, 0, 21, 50, 69, 82, 65, 13, 90, 45]|[2, 0, 1, 1, 2, 1, 0, 1, 2, 0, 0, 1, 0, 1, 1, 2, 0, 2, 1, 0, 1, 1, 0, 0, 1, 2, 1, 0, 1, 1, 0, 2, 1, 0, 1, 2, 2, 0, 0, 0, 2, 1, 1, 1, 0, 0, 2, 0, 1, 0, 2, 1, 2, 0, 2, 0, 0, 2, 1, 2, 0, 2, 1, 0, 0, 2, 2, 2, 2, 1, 0, 0, 0, 1, 0, 1, 0, 2, 2, 1, 1, 1, 0, 0, 1, 1, 2, 2, 2, 2, 0, 0, 2, 2, 0, 1, 1, 2, 1, 0]|[2, 2, 2, 2, 2, 4, 1, 2, 1, 1, 0, 1, 2, 4, 4, 2, 0, 1, 4, 2, 4, 1, 1, 0, 3, 2, 3, 0, 0, 1, 1, 0, 4, 2, 4, 0, 2, 0, 2, 0, 1, 0, 3, 0, 1, 1, 1, 2, 3, 1, 2, 4, 1, 2, 1, 0, 2, 1, 3, 1, 1, 1, 4, 0, 1, 1, 1, 1, 1, 4, 1, 1, 0, 0, 2, 4, 0, 1, 1, 0, 4, 4, 1, 2, 4, 4, 1, 1, 1, 1, 1, 0, 1, 1, 2, 0, 4, 1, 0, 2]|[0, 0, 1, 1, 0, 2, 0, 2, 0, 0, 0, 0, 1, 0, 0, 0, 0, 0, 3, 1, 2, 0, 0, 0, 3, 1, 1, 0, 1, 0, 1, 0, 3, 0, 0, 0, 0, 0, 1, 0, 1, 3, 1, 1, 0, 0, 0, 1, 0, 0, 0, 2, 0, 0, 0, 1, 1, 0, 3, 0, 0, 0, 1, 1, 0, 0, 0, 0, 0, 0, 0, 0, 0, 1, 1, 3, 0, 0, 1, 1, 1, 3, 0, 0, 3, 0, 0, 0, 0, 0, 1, 0, 0, 0, 0, 2, 0, 0, 1, 0]
event=859:G3_TWC:leader:action=2,fingerprint=[51, 8, 83, 31, 94, 11, 15, 22, 57, 19, 84, 77, 73, 1, 81, 14, 98, 79, 3, 16, 2, 99, 5, 91, 62, 43, 68, 76, 97, 40, 88, 30, 53, 20, 58, 93, 24, 72, 49, 59, 38, 28, 92, 67, 9, 18, 17, 87, 12, 26, 71, 74, 95, 63, 4, 47, 27, 37, 96, 23, 78, 10, 66, 6, 48, 56, 29, 64, 60, 46, 7, 36, 34, 85, 52, 55, 61, 86, 89, 41, 32, 54, 33, 42, 39, 80, 75, 25, 35, 70, 44, 0, 21, 50, 69, 82, 65, 13, 90, 45]|[2, 0, 1, 1, 2, 1, 0, 1, 2, 0, 0, 1, 0, 1, 1, 2, 0, 2, 1, 0, 1, 1, 0, 0, 1, 2, 1, 0, 1, 1, 0, 2, 1, 0, 1, 2, 2, 0, 0, 0, 2, 1, 1, 1, 0, 0, 2, 0, 1, 0, 2, 1, 2, 0, 2, 0, 0, 2, 1, 2, 0, 2, 1, 0, 0, 2, 2, 2, 2, 1, 0, 0, 0, 1, 0, 1, 0, 2, 2, 1, 1, 1, 0, 0, 1, 1, 2, 2, 2, 2, 0, 0, 2, 2, 0, 1, 1, 2, 1, 0]|[2, 2, 2, 2, 2, 4, 1, 2, 1, 1, 0, 1, 2, 4, 4, 2, 0, 1, 4, 2, 4, 1, 1, 0, 3, 2, 3, 0, 0, 1, 1, 0, 4, 2, 4, 0, 2, 0, 2, 0, 1, 0, 3, 0, 1, 1, 1, 2, 3, 1, 2, 4, 1, 2, 1, 0, 2, 1, 3, 1, 1, 1, 4, 0, 1, 1, 1, 1, 1, 4, 1, 1, 0, 0, 2, 4, 0, 1, 1, 0, 4, 4, 1, 2, 4, 4, 1, 1, 1, 1, 1, 0, 1, 1, 2, 0, 4, 1, 0, 2]|[0, 0, 1, 1, 0, 2, 0, 2, 0, 0, 0, 0, 1, 0, 0, 0, 0, 0, 3, 1, 2, 0, 0, 0, 3, 1, 1, 0, 1, 0, 1, 0, 3, 0, 0, 0, 0, 0, 1, 0, 1, 3, 1, 1, 0, 0, 0, 1, 0, 0, 0, 2, 0, 0, 0, 1, 1, 0, 3, 0, 0, 0, 1, 1, 0, 0, 0, 0, 0, 0, 0, 0, 0, 1, 1, 3, 0, 0, 1, 1, 1, 3, 0, 0, 3, 0, 0, 0, 0, 0, 1, 0, 0, 0, 0, 2, 0, 0, 1, 0]
event=860:G1_CMAX:update:state=1,action=0,reward=-93.48231807793945,nextState=1,old=-242.8420235321259,new=-287.7559369036402
event=861:G2_TEC:update:state=1,action=0,reward=-361.946754626304,nextState=1,old=-1091.2269844481052,new=-1234.928342184788
event=862:G3_TWC:update:state=1,action=2,reward=-4195.46572937438,nextState=1,old=-15191.516710546273,new=-16348.6790978114
event=863:G4_BALANCED:update:state=1,action=0,reward=-0.02343896955736725,nextState=1,old=-0.23395142977920508,new=-0.2106001133807313
event=864:G1_CMAX:action:mode=exploit,state=1,draw=0.19313181902030896,action=2
event=865:G1_CMAX:tournament:reason=action2,left=0,right=11,selected=[51, 8, 83, 31, 94, 11, 15, 22, 57, 19, 84, 77, 73, 1, 81, 14, 28, 16, 3, 79, 99, 87, 17, 18, 9, 67, 43, 62, 91, 5, 2, 92, 98, 38, 59, 49, 72, 24, 93, 20, 53, 30, 88, 12, 40, 97, 76, 68, 26, 71, 74, 95, 63, 21, 47, 27, 37, 96, 6, 78, 10, 32, 46, 34, 0, 66, 35, 45, 50, 75, 48, 58, 25, 55, 33, 39, 4, 41, 89, 54, 61, 42, 52, 85, 90, 36, 7, 23, 60, 64, 29, 56, 80, 69, 65, 44, 86, 13, 82, 70]|[2, 0, 1, 1, 2, 1, 0, 1, 2, 0, 0, 1, 0, 1, 2, 1, 1, 0, 1, 0, 1, 0, 2, 1, 0, 1, 2, 1, 0, 0, 1, 1, 1, 2, 0, 0, 0, 0, 2, 2, 1, 2, 0, 1, 1, 1, 0, 1, 0, 2, 1, 2, 0, 2, 0, 0, 2, 1, 2, 0, 2, 2, 1, 1, 0, 0, 2, 0, 1, 2, 1, 1, 2, 2, 1, 2, 0, 1, 2, 1, 0, 1, 0, 1, 1, 0, 0, 0, 2, 0, 2, 2, 1, 0, 1, 0, 1, 2, 1, 0]|[2, 2, 0, 2, 2, 4, 1, 2, 1, 1, 1, 1, 2, 4, 1, 1, 0, 2, 4, 2, 1, 2, 1, 0, 1, 0, 2, 3, 0, 1, 4, 3, 1, 1, 0, 2, 0, 1, 0, 1, 4, 0, 1, 3, 1, 0, 0, 3, 1, 1, 4, 1, 2, 1, 0, 2, 1, 3, 1, 1, 1, 1, 4, 0, 0, 0, 1, 2, 0, 1, 1, 4, 1, 1, 1, 1, 1, 0, 1, 4, 2, 0, 2, 4, 4, 1, 1, 1, 1, 2, 1, 1, 4, 2, 4, 1, 4, 1, 0, 1]|[0, 0, 1, 1, 0, 2, 0, 2, 0, 0, 0, 0, 1, 0, 0, 1, 3, 1, 3, 1, 0, 1, 0, 1, 0, 1, 1, 3, 0, 0, 2, 1, 0, 1, 0, 1, 0, 1, 0, 0, 3, 0, 1, 0, 0, 1, 0, 1, 0, 0, 2, 0, 0, 0, 1, 1, 0, 3, 0, 0, 0, 0, 0, 1, 0, 0, 0, 0, 1, 0, 2, 0, 0, 0, 2, 0, 1, 1, 0, 3, 0, 1, 1, 0, 3, 0, 0, 0, 0, 0, 0, 0, 0, 0, 0, 1, 0, 0, 2, 0]
event=866:G1_CMAX:leader:action=2,fingerprint=[51, 8, 83, 31, 94, 11, 15, 22, 57, 19, 84, 77, 73, 1, 81, 14, 28, 16, 3, 79, 99, 87, 17, 18, 9, 67, 43, 62, 91, 5, 2, 92, 98, 38, 59, 49, 72, 24, 93, 20, 53, 30, 88, 12, 40, 97, 76, 68, 26, 71, 74, 95, 63, 21, 47, 27, 37, 96, 6, 78, 10, 32, 46, 34, 0, 66, 35, 45, 50, 75, 48, 58, 25, 55, 33, 39, 4, 41, 89, 54, 61, 42, 52, 85, 90, 36, 7, 23, 60, 64, 29, 56, 80, 69, 65, 44, 86, 13, 82, 70]|[2, 0, 1, 1, 2, 1, 0, 1, 2, 0, 0, 1, 0, 1, 2, 1, 1, 0, 1, 0, 1, 0, 2, 1, 0, 1, 2, 1, 0, 0, 1, 1, 1, 2, 0, 0, 0, 0, 2, 2, 1, 2, 0, 1, 1, 1, 0, 1, 0, 2, 1, 2, 0, 2, 0, 0, 2, 1, 2, 0, 2, 2, 1, 1, 0, 0, 2, 0, 1, 2, 1, 1, 2, 2, 1, 2, 0, 1, 2, 1, 0, 1, 0, 1, 1, 0, 0, 0, 2, 0, 2, 2, 1, 0, 1, 0, 1, 2, 1, 0]|[2, 2, 0, 2, 2, 4, 1, 2, 1, 1, 1, 1, 2, 4, 1, 1, 0, 2, 4, 2, 1, 2, 1, 0, 1, 0, 2, 3, 0, 1, 4, 3, 1, 1, 0, 2, 0, 1, 0, 1, 4, 0, 1, 3, 1, 0, 0, 3, 1, 1, 4, 1, 2, 1, 0, 2, 1, 3, 1, 1, 1, 1, 4, 0, 0, 0, 1, 2, 0, 1, 1, 4, 1, 1, 1, 1, 1, 0, 1, 4, 2, 0, 2, 4, 4, 1, 1, 1, 1, 2, 1, 1, 4, 2, 4, 1, 4, 1, 0, 1]|[0, 0, 1, 1, 0, 2, 0, 2, 0, 0, 0, 0, 1, 0, 0, 1, 3, 1, 3, 1, 0, 1, 0, 1, 0, 1, 1, 3, 0, 0, 2, 1, 0, 1, 0, 1, 0, 1, 0, 0, 3, 0, 1, 0, 0, 1, 0, 1, 0, 0, 2, 0, 0, 0, 1, 1, 0, 3, 0, 0, 0, 0, 0, 1, 0, 0, 0, 0, 1, 0, 2, 0, 0, 0, 2, 0, 1, 1, 0, 3, 0, 1, 1, 0, 3, 0, 0, 0, 0, 0, 0, 0, 0, 0, 0, 1, 0, 0, 2, 0]
event=867:G4_BALANCED:action:mode=exploit,state=1,draw=0.2671871590387268,action=0
event=868:G4_BALANCED:leader:action=0,fingerprint=[51, 8, 83, 31, 94, 11, 15, 22, 57, 19, 84, 77, 73, 1, 81, 14, 98, 79, 3, 16, 2, 99, 5, 91, 62, 43, 68, 76, 97, 40, 88, 30, 53, 20, 58, 93, 24, 72, 49, 59, 38, 28, 92, 67, 9, 18, 17, 87, 12, 26, 71, 74, 95, 63, 4, 47, 27, 37, 96, 23, 78, 10, 66, 6, 48, 56, 29, 64, 60, 46, 7, 36, 34, 85, 52, 55, 61, 86, 89, 41, 32, 54, 33, 42, 39, 80, 75, 25, 35, 70, 44, 0, 21, 50, 69, 82, 65, 13, 90, 45]|[2, 0, 1, 1, 2, 1, 0, 1, 2, 0, 0, 1, 0, 1, 1, 2, 0, 2, 1, 0, 1, 1, 0, 0, 1, 2, 1, 0, 1, 1, 0, 2, 1, 0, 1, 2, 2, 0, 0, 0, 2, 1, 1, 1, 0, 0, 2, 0, 1, 0, 2, 1, 2, 0, 2, 0, 0, 2, 1, 2, 0, 2, 1, 0, 0, 2, 2, 2, 2, 1, 0, 0, 0, 1, 0, 1, 0, 2, 2, 1, 1, 1, 0, 0, 1, 1, 2, 2, 2, 2, 0, 0, 2, 2, 0, 1, 1, 2, 1, 0]|[2, 2, 2, 2, 2, 4, 1, 2, 1, 1, 0, 1, 2, 4, 4, 2, 0, 1, 4, 2, 4, 1, 1, 0, 3, 2, 3, 0, 0, 1, 1, 0, 4, 2, 4, 0, 2, 0, 2, 0, 1, 0, 3, 0, 1, 1, 1, 2, 3, 1, 2, 4, 1, 2, 1, 0, 2, 1, 3, 1, 1, 1, 4, 0, 1, 1, 1, 1, 1, 4, 1, 1, 0, 0, 2, 4, 0, 1, 1, 0, 4, 4, 1, 2, 4, 4, 1, 1, 1, 1, 1, 0, 1, 1, 2, 0, 4, 1, 0, 2]|[0, 0, 1, 1, 0, 2, 0, 2, 0, 0, 0, 0, 1, 0, 0, 0, 0, 0, 3, 1, 2, 0, 0, 0, 3, 1, 1, 0, 1, 0, 1, 0, 3, 0, 0, 0, 0, 0, 1, 0, 1, 3, 1, 1, 0, 0, 0, 1, 0, 0, 0, 2, 0, 0, 0, 1, 1, 0, 3, 0, 0, 0, 1, 1, 0, 0, 0, 0, 0, 0, 0, 0, 0, 1, 1, 3, 0, 0, 1, 1, 1, 3, 0, 0, 3, 0, 0, 0, 0, 0, 1, 0, 0, 0, 0, 2, 0, 0, 1, 0]
event=869:G2_TEC:action:mode=exploit,state=1,draw=0.7773497239560047,action=1
event=870:G2_TEC:leader:action=1,fingerprint=[51, 8, 83, 31, 94, 11, 15, 22, 57, 19, 84, 77, 73, 1, 81, 14, 98, 79, 3, 16, 2, 99, 5, 91, 62, 43, 68, 76, 97, 40, 88, 30, 53, 20, 58, 93, 24, 72, 49, 59, 38, 28, 92, 67, 9, 18, 17, 87, 12, 26, 71, 74, 95, 63, 4, 47, 27, 37, 96, 23, 78, 10, 66, 6, 48, 56, 29, 64, 60, 46, 7, 36, 34, 85, 52, 55, 61, 86, 89, 41, 32, 54, 33, 42, 39, 80, 75, 25, 35, 70, 44, 0, 21, 50, 69, 82, 65, 13, 90, 45]|[2, 0, 1, 1, 2, 1, 0, 1, 2, 0, 0, 1, 0, 1, 1, 2, 0, 2, 1, 0, 1, 1, 0, 0, 1, 2, 1, 0, 1, 1, 0, 2, 1, 0, 1, 2, 2, 0, 0, 0, 2, 1, 1, 1, 0, 0, 2, 0, 1, 0, 2, 1, 2, 0, 2, 0, 0, 2, 1, 2, 0, 2, 1, 0, 0, 2, 2, 2, 2, 1, 0, 0, 0, 1, 0, 1, 0, 2, 2, 1, 1, 1, 0, 0, 1, 1, 2, 2, 2, 2, 0, 0, 2, 2, 0, 1, 1, 2, 1, 0]|[2, 2, 2, 2, 2, 4, 1, 2, 1, 1, 0, 1, 2, 4, 4, 2, 0, 1, 4, 2, 4, 1, 1, 0, 3, 2, 3, 0, 0, 1, 1, 0, 4, 2, 4, 0, 2, 0, 2, 0, 1, 0, 3, 0, 1, 1, 1, 2, 3, 1, 2, 4, 1, 2, 1, 0, 2, 1, 3, 1, 1, 1, 4, 0, 1, 1, 1, 1, 1, 4, 1, 1, 0, 0, 2, 4, 0, 1, 1, 0, 4, 4, 1, 2, 4, 4, 1, 1, 1, 1, 1, 0, 1, 1, 2, 0, 4, 1, 0, 2]|[0, 0, 1, 1, 0, 2, 0, 2, 0, 0, 0, 0, 1, 0, 0, 0, 0, 0, 3, 1, 2, 0, 0, 0, 3, 1, 1, 0, 1, 0, 1, 0, 3, 0, 0, 0, 0, 0, 1, 0, 1, 3, 1, 1, 0, 0, 0, 1, 0, 0, 0, 2, 0, 0, 0, 1, 1, 0, 3, 0, 0, 0, 1, 1, 0, 0, 0, 0, 0, 0, 0, 0, 0, 1, 1, 3, 0, 0, 1, 1, 1, 3, 0, 0, 3, 0, 0, 0, 0, 0, 1, 0, 0, 0, 0, 2, 0, 0, 1, 0]
event=871:G3_TWC:action:mode=exploit,state=1,draw=0.5140608906842449,action=2
event=872:G3_TWC:tournament:reason=action2,left=28,right=35,selected=[51, 8, 83, 31, 94, 11, 15, 22, 57, 19, 84, 77, 73, 1, 81, 14, 98, 79, 3, 16, 2, 99, 5, 91, 62, 43, 68, 76, 97, 40, 88, 30, 53, 20, 58, 93, 24, 72, 49, 59, 38, 28, 92, 67, 9, 18, 17, 87, 12, 26, 71, 74, 95, 63, 4, 47, 27, 37, 96, 23, 78, 10, 66, 6, 48, 56, 29, 64, 60, 46, 7, 36, 34, 85, 52, 55, 61, 86, 89, 41, 32, 39, 33, 42, 75, 80, 54, 25, 44, 35, 21, 0, 90, 50, 69, 82, 65, 13, 70, 45]|[2, 0, 1, 1, 2, 1, 0, 1, 2, 0, 0, 0, 0, 1, 1, 1, 0, 1, 1, 0, 1, 0, 0, 0, 1, 2, 1, 0, 1, 1, 0, 2, 1, 0, 1, 2, 2, 0, 0, 0, 2, 1, 1, 1, 0, 0, 2, 0, 1, 0, 2, 1, 2, 2, 2, 0, 0, 2, 1, 2, 0, 2, 1, 1, 0, 2, 2, 2, 2, 1, 0, 2, 0, 1, 0, 0, 0, 1, 2, 1, 1, 1, 0, 0, 2, 1, 2, 2, 0, 2, 2, 0, 1, 2, 0, 1, 1, 2, 0, 0]|[2, 2, 2, 2, 2, 4, 1, 2, 1, 1, 0, 1, 2, 4, 4, 1, 0, 4, 4, 2, 4, 0, 1, 0, 3, 2, 3, 0, 0, 1, 1, 0, 4, 2, 4, 0, 2, 0, 2, 0, 1, 0, 3, 0, 2, 1, 1, 2, 3, 1, 2, 4, 1, 1, 1, 0, 2, 1, 3, 1, 1, 1, 4, 4, 1, 1, 1, 1, 1, 4, 1, 1, 0, 0, 2, 2, 0, 4, 1, 0, 4, 4, 1, 2, 1, 4, 1, 1, 1, 1, 1, 0, 0, 1, 2, 0, 4, 1, 0, 2]|[0, 0, 1, 1, 0, 2, 0, 2, 0, 0, 0, 0, 1, 0, 0, 1, 0, 0, 3, 1, 2, 0, 0, 0, 3, 1, 1, 0, 1, 0, 1, 0, 3, 0, 0, 0, 0, 0, 1, 0, 1, 3, 1, 1, 0, 0, 0, 1, 0, 0, 0, 2, 0, 0, 0, 1, 0, 0, 3, 0, 0, 0, 1, 0, 0, 0, 0, 0, 0, 0, 0, 0, 0, 1, 1, 0, 0, 0, 0, 1, 1, 0, 1, 0, 0, 0, 0, 0, 1, 0, 0, 0, 1, 0, 0, 2, 0, 0, 0, 0]
event=873:G3_TWC:leader:action=2,fingerprint=[51, 8, 83, 31, 94, 11, 15, 22, 57, 19, 84, 77, 73, 1, 81, 14, 98, 79, 3, 16, 2, 99, 5, 91, 62, 43, 68, 76, 97, 40, 88, 30, 53, 20, 58, 93, 24, 72, 49, 59, 38, 28, 92, 67, 9, 18, 17, 87, 12, 26, 71, 74, 95, 63, 4, 47, 27, 37, 96, 23, 78, 10, 66, 6, 48, 56, 29, 64, 60, 46, 7, 36, 34, 85, 52, 55, 61, 86, 89, 41, 32, 39, 33, 42, 75, 80, 54, 25, 44, 35, 21, 0, 90, 50, 69, 82, 65, 13, 70, 45]|[2, 0, 1, 1, 2, 1, 0, 1, 2, 0, 0, 0, 0, 1, 1, 1, 0, 1, 1, 0, 1, 0, 0, 0, 1, 2, 1, 0, 1, 1, 0, 2, 1, 0, 1, 2, 2, 0, 0, 0, 2, 1, 1, 1, 0, 0, 2, 0, 1, 0, 2, 1, 2, 2, 2, 0, 0, 2, 1, 2, 0, 2, 1, 1, 0, 2, 2, 2, 2, 1, 0, 2, 0, 1, 0, 0, 0, 1, 2, 1, 1, 1, 0, 0, 2, 1, 2, 2, 0, 2, 2, 0, 1, 2, 0, 1, 1, 2, 0, 0]|[2, 2, 2, 2, 2, 4, 1, 2, 1, 1, 0, 1, 2, 4, 4, 1, 0, 4, 4, 2, 4, 0, 1, 0, 3, 2, 3, 0, 0, 1, 1, 0, 4, 2, 4, 0, 2, 0, 2, 0, 1, 0, 3, 0, 2, 1, 1, 2, 3, 1, 2, 4, 1, 1, 1, 0, 2, 1, 3, 1, 1, 1, 4, 4, 1, 1, 1, 1, 1, 4, 1, 1, 0, 0, 2, 2, 0, 4, 1, 0, 4, 4, 1, 2, 1, 4, 1, 1, 1, 1, 1, 0, 0, 1, 2, 0, 4, 1, 0, 2]|[0, 0, 1, 1, 0, 2, 0, 2, 0, 0, 0, 0, 1, 0, 0, 1, 0, 0, 3, 1, 2, 0, 0, 0, 3, 1, 1, 0, 1, 0, 1, 0, 3, 0, 0, 0, 0, 0, 1, 0, 1, 3, 1, 1, 0, 0, 0, 1, 0, 0, 0, 2, 0, 0, 0, 1, 0, 0, 3, 0, 0, 0, 1, 0, 0, 0, 0, 0, 0, 0, 0, 0, 0, 1, 1, 0, 0, 0, 0, 1, 1, 0, 1, 0, 0, 0, 0, 0, 1, 0, 0, 0, 1, 0, 0, 2, 0, 0, 0, 0]
event=874:G1_CMAX:update:state=1,action=2,reward=-97.5304580636307,nextState=1,old=-245.84161107083645,new=-294.20374692029986
event=875:G2_TEC:update:state=1,action=1,reward=-292.6853954875696,nextState=1,old=-1138.1534347509237,new=-1203.2081432883087
event=876:G3_TWC:update:state=1,action=2,reward=-2148.9776258337224,nextState=1,old=-16348.6790978114,new=-15227.920904082843
event=877:G4_BALANCED:update:state=1,action=0,reward=-0.022929617726754545,nextState=1,old=-0.2106001133807313,new=-0.1914097084313396
event=878:G1_CMAX:action:mode=exploit,state=1,draw=0.4919206455298365,action=1
event=879:G1_CMAX:leader:action=1,fingerprint=[51, 8, 83, 50, 94, 11, 15, 22, 57, 19, 84, 77, 73, 1, 81, 14, 98, 16, 53, 44, 2, 40, 5, 91, 62, 68, 76, 97, 99, 88, 30, 3, 20, 58, 93, 24, 72, 49, 42, 38, 28, 92, 67, 9, 18, 87, 12, 26, 71, 74, 95, 63, 21, 17, 47, 27, 37, 78, 10, 32, 46, 48, 56, 6, 29, 64, 60, 23, 7, 36, 90, 85, 52, 59, 61, 54, 89, 41, 4, 33, 55, 96, 82, 80, 75, 31, 45, 35, 43, 39, 66, 0, 34, 69, 65, 79, 25, 13, 86, 70]|[2, 0, 1, 1, 2, 1, 0, 1, 2, 0, 0, 1, 0, 1, 1, 1, 1, 0, 1, 0, 1, 1, 0, 0, 1, 1, 0, 1, 1, 0, 2, 1, 2, 1, 2, 0, 0, 0, 0, 2, 1, 1, 1, 0, 1, 0, 1, 0, 2, 1, 2, 0, 2, 2, 0, 0, 2, 0, 2, 2, 1, 1, 2, 2, 2, 0, 2, 0, 0, 0, 1, 2, 0, 1, 0, 1, 2, 1, 0, 1, 1, 1, 1, 1, 2, 1, 0, 2, 2, 2, 0, 0, 1, 0, 1, 0, 2, 0, 1, 2]|[1, 0, 2, 0, 1, 4, 1, 2, 1, 1, 1, 1, 2, 4, 4, 1, 1, 2, 4, 2, 4, 1, 2, 0, 3, 3, 0, 0, 1, 1, 1, 4, 1, 4, 0, 1, 0, 2, 0, 1, 0, 3, 0, 1, 0, 2, 3, 1, 1, 4, 1, 2, 1, 1, 0, 2, 1, 1, 1, 1, 4, 1, 1, 1, 1, 1, 1, 1, 1, 1, 4, 1, 2, 0, 2, 4, 1, 0, 1, 1, 4, 3, 0, 4, 1, 0, 2, 1, 2, 1, 0, 0, 0, 2, 4, 2, 1, 1, 4, 0]|[0, 0, 1, 1, 0, 2, 0, 2, 0, 0, 0, 0, 1, 0, 0, 1, 0, 1, 3, 1, 2, 0, 0, 0, 3, 1, 0, 1, 0, 1, 0, 3, 0, 0, 0, 1, 0, 1, 0, 1, 3, 1, 1, 0, 1, 1, 0, 0, 0, 2, 0, 0, 0, 0, 1, 1, 0, 0, 0, 0, 0, 2, 0, 0, 0, 0, 0, 0, 0, 0, 3, 0, 1, 1, 0, 3, 0, 1, 1, 2, 3, 3, 2, 0, 0, 1, 0, 0, 1, 0, 0, 0, 1, 0, 0, 1, 0, 0, 0, 1]
event=880:G4_BALANCED:action:mode=exploit,state=1,draw=0.32889760478922303,action=0
event=881:G4_BALANCED:leader:action=0,fingerprint=[51, 8, 83, 31, 94, 11, 15, 22, 57, 19, 84, 77, 73, 1, 81, 14, 98, 79, 3, 16, 2, 99, 5, 91, 62, 43, 68, 76, 97, 40, 88, 30, 53, 20, 58, 93, 24, 72, 49, 59, 38, 28, 92, 67, 9, 18, 17, 87, 12, 26, 71, 74, 95, 63, 4, 47, 27, 37, 96, 23, 78, 10, 66, 6, 48, 56, 29, 64, 60, 46, 7, 36, 34, 85, 52, 55, 61, 86, 89, 41, 32, 54, 33, 42, 39, 80, 75, 25, 35, 70, 44, 0, 21, 50, 69, 82, 65, 13, 90, 45]|[2, 0, 1, 1, 2, 1, 0, 1, 2, 0, 0, 1, 0, 1, 1, 2, 0, 2, 1, 0, 1, 1, 0, 0, 1, 2, 1, 0, 1, 1, 0, 2, 1, 0, 1, 2, 2, 0, 0, 0, 2, 1, 1, 1, 0, 0, 2, 0, 1, 0, 2, 1, 2, 0, 2, 0, 0, 2, 1, 2, 0, 2, 1, 0, 0, 2, 2, 2, 2, 1, 0, 0, 0, 1, 0, 1, 0, 2, 2, 1, 1, 1, 0, 0, 1, 1, 2, 2, 2, 2, 0, 0, 2, 2, 0, 1, 1, 2, 1, 0]|[2, 2, 2, 2, 2, 4, 1, 2, 1, 1, 0, 1, 2, 4, 4, 2, 0, 1, 4, 2, 4, 1, 1, 0, 3, 2, 3, 0, 0, 1, 1, 0, 4, 2, 4, 0, 2, 0, 2, 0, 1, 0, 3, 0, 1, 1, 1, 2, 3, 1, 2, 4, 1, 2, 1, 0, 2, 1, 3, 1, 1, 1, 4, 0, 1, 1, 1, 1, 1, 4, 1, 1, 0, 0, 2, 4, 0, 1, 1, 0, 4, 4, 1, 2, 4, 4, 1, 1, 1, 1, 1, 0, 1, 1, 2, 0, 4, 1, 0, 2]|[0, 0, 1, 1, 0, 2, 0, 2, 0, 0, 0, 0, 1, 0, 0, 0, 0, 0, 3, 1, 2, 0, 0, 0, 3, 1, 1, 0, 1, 0, 1, 0, 3, 0, 0, 0, 0, 0, 1, 0, 1, 3, 1, 1, 0, 0, 0, 1, 0, 0, 0, 2, 0, 0, 0, 1, 1, 0, 3, 0, 0, 0, 1, 1, 0, 0, 0, 0, 0, 0, 0, 0, 0, 1, 1, 3, 0, 0, 1, 1, 1, 3, 0, 0, 3, 0, 0, 0, 0, 0, 1, 0, 0, 0, 0, 2, 0, 0, 1, 0]
event=882:G2_TEC:action:mode=exploit,state=1,draw=0.022079569972805246,action=1
event=883:G2_TEC:leader:action=1,fingerprint=[51, 8, 83, 31, 94, 11, 15, 22, 57, 19, 84, 77, 73, 1, 81, 14, 98, 79, 3, 16, 2, 99, 5, 91, 62, 43, 68, 76, 97, 40, 88, 30, 53, 20, 58, 93, 24, 72, 49, 59, 38, 28, 92, 67, 9, 18, 17, 87, 12, 26, 71, 74, 95, 63, 4, 47, 27, 37, 96, 23, 78, 10, 66, 6, 48, 56, 29, 64, 60, 46, 7, 36, 34, 85, 52, 55, 61, 86, 89, 41, 32, 54, 33, 42, 39, 80, 75, 25, 35, 70, 44, 0, 21, 50, 69, 82, 65, 13, 90, 45]|[2, 0, 1, 1, 2, 1, 0, 1, 2, 0, 0, 1, 0, 1, 1, 2, 0, 2, 1, 0, 1, 1, 0, 0, 1, 2, 1, 0, 1, 1, 0, 2, 1, 0, 1, 2, 2, 0, 0, 0, 2, 1, 1, 1, 0, 0, 2, 0, 1, 0, 2, 1, 2, 0, 2, 0, 0, 2, 1, 2, 0, 2, 1, 0, 0, 2, 2, 2, 2, 1, 0, 0, 0, 1, 0, 1, 0, 2, 2, 1, 1, 1, 0, 0, 1, 1, 2, 2, 2, 2, 0, 0, 2, 2, 0, 1, 1, 2, 1, 0]|[2, 2, 2, 2, 2, 4, 1, 2, 1, 1, 0, 1, 2, 4, 4, 2, 0, 1, 4, 2, 4, 1, 1, 0, 3, 2, 3, 0, 0, 1, 1, 0, 4, 2, 4, 0, 2, 0, 2, 0, 1, 0, 3, 0, 1, 1, 1, 2, 3, 1, 2, 4, 1, 2, 1, 0, 2, 1, 3, 1, 1, 1, 4, 0, 1, 1, 1, 1, 1, 4, 1, 1, 0, 0, 2, 4, 0, 1, 1, 0, 4, 4, 1, 2, 4, 4, 1, 1, 1, 1, 1, 0, 1, 1, 2, 0, 4, 1, 0, 2]|[0, 0, 1, 1, 0, 2, 0, 2, 0, 0, 0, 0, 1, 0, 0, 0, 0, 0, 3, 1, 2, 0, 0, 0, 3, 1, 1, 0, 1, 0, 1, 0, 3, 0, 0, 0, 0, 0, 1, 0, 1, 3, 1, 1, 0, 0, 0, 1, 0, 0, 0, 2, 0, 0, 0, 1, 1, 0, 3, 0, 0, 0, 1, 1, 0, 0, 0, 0, 0, 0, 0, 0, 0, 1, 1, 3, 0, 0, 1, 1, 1, 3, 0, 0, 3, 0, 0, 0, 0, 0, 1, 0, 0, 0, 0, 2, 0, 0, 1, 0]
event=884:G3_TWC:action:mode=exploit,state=1,draw=0.3123621376910144,action=2
event=885:G3_TWC:tournament:reason=action2,left=6,right=41,selected=[51, 8, 83, 31, 94, 11, 15, 22, 30, 19, 84, 77, 73, 1, 81, 53, 57, 88, 62, 97, 76, 68, 91, 5, 98, 2, 3, 16, 99, 14, 20, 10, 58, 93, 24, 72, 49, 59, 38, 28, 92, 67, 9, 18, 32, 87, 12, 26, 74, 95, 63, 4, 47, 27, 37, 43, 96, 23, 78, 75, 60, 64, 56, 48, 6, 66, 79, 7, 36, 34, 85, 52, 55, 61, 54, 89, 71, 41, 21, 46, 25, 35, 45, 50, 40, 80, 82, 42, 33, 39, 0, 90, 69, 65, 44, 13, 17, 29, 86, 70]|[2, 0, 1, 1, 2, 1, 0, 1, 2, 0, 0, 1, 0, 1, 1, 1, 2, 0, 1, 1, 0, 1, 0, 0, 1, 1, 1, 0, 1, 1, 2, 2, 1, 2, 0, 0, 0, 0, 2, 1, 1, 0, 0, 1, 2, 0, 1, 0, 1, 2, 0, 0, 1, 0, 2, 2, 0, 1, 0, 2, 2, 0, 2, 0, 2, 1, 2, 0, 0, 1, 1, 0, 1, 0, 1, 2, 2, 1, 2, 2, 2, 2, 0, 1, 1, 1, 1, 0, 0, 2, 0, 1, 0, 1, 0, 2, 2, 2, 1, 0]|[1, 2, 2, 2, 1, 4, 1, 2, 1, 1, 1, 1, 2, 4, 4, 4, 1, 1, 3, 0, 0, 3, 0, 1, 1, 4, 4, 2, 1, 1, 1, 1, 4, 0, 1, 0, 2, 0, 1, 0, 3, 0, 1, 0, 1, 2, 3, 1, 4, 1, 2, 1, 1, 2, 1, 2, 0, 4, 1, 1, 1, 2, 1, 1, 1, 4, 1, 1, 1, 4, 4, 2, 4, 0, 4, 1, 2, 1, 1, 1, 1, 1, 2, 0, 1, 4, 0, 2, 1, 1, 0, 0, 2, 4, 1, 1, 1, 1, 4, 1]|[0, 1, 1, 1, 0, 2, 0, 2, 0, 0, 0, 0, 1, 0, 0, 3, 0, 1, 3, 1, 0, 1, 0, 0, 0, 2, 3, 1, 0, 1, 0, 0, 0, 0, 1, 0, 1, 0, 1, 3, 1, 0, 0, 1, 0, 1, 0, 0, 2, 0, 0, 1, 1, 0, 0, 1, 0, 0, 0, 0, 0, 0, 0, 0, 0, 1, 0, 0, 0, 3, 0, 1, 3, 0, 3, 1, 0, 2, 0, 0, 0, 0, 0, 1, 0, 0, 2, 0, 1, 0, 0, 1, 0, 0, 1, 0, 0, 0, 0, 0]
event=886:G3_TWC:leader:action=2,fingerprint=[51, 8, 83, 31, 94, 11, 15, 22, 30, 19, 84, 77, 73, 1, 81, 53, 57, 88, 62, 97, 76, 68, 91, 5, 98, 2, 3, 16, 99, 14, 20, 10, 58, 93, 24, 72, 49, 59, 38, 28, 92, 67, 9, 18, 32, 87, 12, 26, 74, 95, 63, 4, 47, 27, 37, 43, 96, 23, 78, 75, 60, 64, 56, 48, 6, 66, 79, 7, 36, 34, 85, 52, 55, 61, 54, 89, 71, 41, 21, 46, 25, 35, 45, 50, 40, 80, 82, 42, 33, 39, 0, 90, 69, 65, 44, 13, 17, 29, 86, 70]|[2, 0, 1, 1, 2, 1, 0, 1, 2, 0, 0, 1, 0, 1, 1, 1, 2, 0, 1, 1, 0, 1, 0, 0, 1, 1, 1, 0, 1, 1, 2, 2, 1, 2, 0, 0, 0, 0, 2, 1, 1, 0, 0, 1, 2, 0, 1, 0, 1, 2, 0, 0, 1, 0, 2, 2, 0, 1, 0, 2, 2, 0, 2, 0, 2, 1, 2, 0, 0, 1, 1, 0, 1, 0, 1, 2, 2, 1, 2, 2, 2, 2, 0, 1, 1, 1, 1, 0, 0, 2, 0, 1, 0, 1, 0, 2, 2, 2, 1, 0]|[1, 2, 2, 2, 1, 4, 1, 2, 1, 1, 1, 1, 2, 4, 4, 4, 1, 1, 3, 0, 0, 3, 0, 1, 1, 4, 4, 2, 1, 1, 1, 1, 4, 0, 1, 0, 2, 0, 1, 0, 3, 0, 1, 0, 1, 2, 3, 1, 4, 1, 2, 1, 1, 2, 1, 2, 0, 4, 1, 1, 1, 2, 1, 1, 1, 4, 1, 1, 1, 4, 4, 2, 4, 0, 4, 1, 2, 1, 1, 1, 1, 1, 2, 0, 1, 4, 0, 2, 1, 1, 0, 0, 2, 4, 1, 1, 1, 1, 4, 1]|[0, 1, 1, 1, 0, 2, 0, 2, 0, 0, 0, 0, 1, 0, 0, 3, 0, 1, 3, 1, 0, 1, 0, 0, 0, 2, 3, 1, 0, 1, 0, 0, 0, 0, 1, 0, 1, 0, 1, 3, 1, 0, 0, 1, 0, 1, 0, 0, 2, 0, 0, 1, 1, 0, 0, 1, 0, 0, 0, 0, 0, 0, 0, 0, 0, 1, 0, 0, 0, 3, 0, 1, 3, 0, 3, 1, 0, 2, 0, 0, 0, 0, 0, 1, 0, 0, 2, 0, 1, 0, 0, 1, 0, 0, 1, 0, 0, 0, 0, 0]
event=887:G1_CMAX:update:state=1,action=1,reward=-50.947392593985796,nextState=1,old=-264.8943808914311,new=-262.8628973071307
event=888:G2_TEC:update:state=1,action=1,reward=-470.91166127016913,nextState=1,old=-1203.2081432883087,new=-1433.478175900816
event=889:G3_TWC:update:state=1,action=2,reward=-4531.189421500516,nextState=1,old=-15227.920904082843,new=-16713.52614476679
event=890:G4_BALANCED:update:state=1,action=0,reward=-0.0292656481348886,nextState=1,old=-0.1914097084313396,new=-0.18239341487996028
event=891:G1_CMAX:action:mode=exploit,state=1,draw=0.47876696483250347,action=1
event=892:G1_CMAX:leader:action=1,fingerprint=[51, 8, 83, 50, 94, 11, 15, 22, 57, 19, 84, 77, 73, 1, 81, 14, 98, 16, 53, 44, 2, 40, 5, 91, 62, 68, 76, 97, 99, 88, 30, 3, 20, 58, 93, 24, 72, 49, 42, 38, 28, 92, 67, 9, 18, 87, 12, 26, 71, 74, 95, 63, 21, 17, 47, 27, 37, 78, 10, 32, 46, 48, 56, 6, 29, 64, 60, 23, 7, 36, 90, 85, 52, 59, 61, 54, 89, 41, 4, 33, 55, 96, 82, 80, 75, 31, 45, 35, 43, 39, 66, 0, 34, 69, 65, 79, 25, 13, 86, 70]|[2, 0, 1, 1, 2, 1, 0, 1, 2, 0, 0, 1, 0, 1, 1, 1, 1, 0, 1, 0, 1, 1, 0, 0, 1, 1, 0, 1, 1, 0, 2, 1, 2, 1, 2, 0, 0, 0, 0, 2, 1, 1, 1, 0, 1, 0, 1, 0, 2, 1, 2, 0, 2, 2, 0, 0, 2, 0, 2, 2, 1, 1, 2, 2, 2, 0, 2, 0, 0, 0, 1, 2, 0, 1, 0, 1, 2, 1, 0, 1, 1, 1, 1, 1, 2, 1, 0, 2, 2, 2, 0, 0, 1, 0, 1, 0, 2, 0, 1, 2]|[1, 0, 2, 0, 1, 4, 1, 2, 1, 1, 1, 1, 2, 4, 4, 1, 1, 2, 4, 2, 4, 1, 2, 0, 3, 3, 0, 0, 1, 1, 1, 4, 1, 4, 0, 1, 0, 2, 0, 1, 0, 3, 0, 1, 0, 2, 3, 1, 1, 4, 1, 2, 1, 1, 0, 2, 1, 1, 1, 1, 4, 1, 1, 1, 1, 1, 1, 1, 1, 1, 4, 1, 2, 0, 2, 4, 1, 0, 1, 1, 4, 3, 0, 4, 1, 0, 2, 1, 2, 1, 0, 0, 0, 2, 4, 2, 1, 1, 4, 0]|[0, 0, 1, 1, 0, 2, 0, 2, 0, 0, 0, 0, 1, 0, 0, 1, 0, 1, 3, 1, 2, 0, 0, 0, 3, 1, 0, 1, 0, 1, 0, 3, 0, 0, 0, 1, 0, 1, 0, 1, 3, 1, 1, 0, 1, 1, 0, 0, 0, 2, 0, 0, 0, 0, 1, 1, 0, 0, 0, 0, 0, 2, 0, 0, 0, 0, 0, 0, 0, 0, 3, 0, 1, 1, 0, 3, 0, 1, 1, 2, 3, 3, 2, 0, 0, 1, 0, 0, 1, 0, 0, 0, 1, 0, 0, 1, 0, 0, 0, 1]
event=893:G4_BALANCED:action:mode=exploit,state=1,draw=0.22439567367832614,action=0
event=894:G4_BALANCED:leader:action=0,fingerprint=[51, 8, 83, 31, 94, 11, 15, 22, 57, 19, 84, 77, 73, 1, 81, 14, 98, 79, 3, 16, 2, 99, 5, 91, 62, 43, 68, 76, 97, 40, 88, 30, 53, 20, 58, 93, 24, 72, 49, 59, 38, 28, 92, 67, 9, 18, 17, 87, 12, 26, 71, 74, 95, 63, 4, 47, 27, 37, 96, 23, 78, 10, 66, 6, 48, 56, 29, 64, 60, 46, 7, 36, 34, 85, 52, 55, 61, 86, 89, 41, 32, 39, 33, 42, 75, 80, 54, 25, 35, 82, 44, 0, 21, 50, 69, 70, 65, 13, 90, 45]|[2, 0, 1, 1, 2, 1, 0, 1, 2, 0, 0, 1, 0, 1, 1, 2, 0, 2, 1, 0, 1, 1, 0, 0, 1, 2, 1, 0, 1, 1, 0, 2, 1, 0, 1, 2, 2, 0, 0, 0, 2, 1, 1, 1, 0, 0, 2, 0, 1, 0, 2, 1, 2, 0, 2, 0, 0, 2, 1, 2, 0, 2, 1, 0, 0, 2, 2, 2, 2, 1, 0, 0, 0, 1, 0, 1, 0, 1, 2, 1, 2, 1, 0, 0, 2, 1, 1, 2, 2, 1, 0, 0, 2, 2, 0, 0, 1, 2, 1, 0]|[2, 2, 2, 2, 2, 4, 1, 2, 1, 1, 0, 4, 2, 4, 4, 2, 0, 1, 4, 2, 4, 1, 1, 0, 3, 2, 3, 0, 0, 1, 1, 0, 4, 2, 4, 0, 2, 0, 2, 0, 1, 0, 3, 0, 1, 1, 1, 2, 3, 1, 2, 4, 1, 2, 1, 0, 2, 1, 3, 1, 1, 1, 4, 0, 1, 1, 1, 1, 1, 4, 1, 1, 0, 0, 2, 4, 0, 4, 1, 0, 1, 4, 1, 2, 1, 4, 4, 1, 1, 0, 1, 0, 1, 1, 2, 1, 4, 1, 0, 2]|[0, 0, 1, 1, 0, 2, 0, 2, 0, 0, 0, 0, 1, 0, 0, 0, 0, 0, 3, 1, 2, 0, 0, 0, 3, 1, 1, 0, 1, 0, 1, 0, 3, 0, 0, 0, 0, 0, 1, 0, 1, 3, 1, 1, 0, 0, 0, 1, 0, 0, 0, 2, 0, 0, 0, 1, 1, 0, 3, 0, 0, 0, 1, 1, 0, 0, 0, 0, 0, 0, 0, 0, 0, 1, 1, 3, 0, 0, 1, 1, 0, 3, 1, 0, 0, 0, 3, 0, 0, 2, 1, 0, 0, 0, 0, 0, 0, 0, 1, 0]
event=895:G2_TEC:action:mode=exploit,state=1,draw=0.5207143810150631,action=0
event=896:G2_TEC:leader:action=0,fingerprint=[51, 8, 83, 31, 94, 11, 15, 22, 57, 19, 84, 77, 73, 1, 81, 14, 98, 79, 3, 16, 2, 99, 5, 91, 62, 43, 68, 76, 97, 40, 88, 30, 53, 20, 58, 93, 24, 72, 49, 59, 38, 28, 92, 67, 9, 18, 17, 87, 12, 26, 71, 74, 95, 63, 4, 47, 27, 37, 96, 23, 78, 10, 66, 6, 48, 56, 29, 64, 60, 46, 7, 36, 34, 85, 52, 55, 61, 86, 89, 41, 32, 39, 33, 42, 75, 80, 54, 25, 35, 82, 44, 0, 21, 50, 69, 70, 65, 13, 90, 45]|[2, 0, 1, 1, 2, 1, 0, 1, 2, 0, 0, 1, 0, 1, 1, 2, 0, 2, 1, 0, 1, 1, 0, 0, 1, 2, 1, 0, 1, 1, 0, 2, 1, 0, 1, 2, 2, 0, 0, 0, 2, 1, 1, 1, 0, 0, 2, 0, 1, 0, 2, 1, 2, 0, 2, 0, 0, 2, 1, 2, 0, 2, 1, 0, 0, 2, 2, 2, 2, 1, 0, 0, 0, 1, 0, 1, 0, 1, 2, 1, 2, 1, 0, 0, 2, 1, 1, 2, 2, 1, 0, 0, 2, 2, 0, 0, 1, 2, 1, 0]|[2, 2, 2, 2, 2, 4, 1, 2, 1, 1, 0, 4, 2, 4, 4, 2, 0, 1, 4, 2, 4, 1, 1, 0, 3, 2, 3, 0, 0, 1, 1, 0, 4, 2, 4, 0, 2, 0, 2, 0, 1, 0, 3, 0, 1, 1, 1, 2, 3, 1, 2, 4, 1, 2, 1, 0, 2, 1, 3, 1, 1, 1, 4, 0, 1, 1, 1, 1, 1, 4, 1, 1, 0, 0, 2, 4, 0, 4, 1, 0, 1, 4, 1, 2, 1, 4, 4, 1, 1, 0, 1, 0, 1, 1, 2, 1, 4, 1, 0, 2]|[0, 0, 1, 1, 0, 2, 0, 2, 0, 0, 0, 0, 1, 0, 0, 0, 0, 0, 3, 1, 2, 0, 0, 0, 3, 1, 1, 0, 1, 0, 1, 0, 3, 0, 0, 0, 0, 0, 1, 0, 1, 3, 1, 1, 0, 0, 0, 1, 0, 0, 0, 2, 0, 0, 0, 1, 1, 0, 3, 0, 0, 0, 1, 1, 0, 0, 0, 0, 0, 0, 0, 0, 0, 1, 1, 3, 0, 0, 1, 1, 0, 3, 1, 0, 0, 0, 3, 0, 0, 2, 1, 0, 0, 0, 0, 0, 0, 0, 1, 0]
event=897:G3_TWC:action:mode=exploit,state=1,draw=0.040994455514591355,action=2
event=898:G3_TWC:tournament:reason=action2,left=28,right=61,selected=[51, 8, 83, 31, 94, 11, 15, 22, 57, 19, 84, 77, 73, 1, 81, 14, 98, 79, 3, 16, 2, 99, 5, 91, 62, 43, 68, 76, 97, 40, 88, 30, 53, 20, 58, 93, 24, 72, 49, 59, 38, 28, 92, 67, 9, 18, 17, 87, 12, 26, 71, 74, 95, 63, 4, 47, 27, 37, 96, 23, 78, 10, 66, 6, 48, 56, 29, 64, 60, 46, 7, 36, 34, 85, 52, 55, 61, 86, 89, 41, 32, 39, 33, 42, 54, 80, 75, 25, 70, 35, 21, 50, 90, 0, 13, 69, 44, 65, 82, 45]|[2, 0, 1, 1, 2, 1, 0, 0, 2, 0, 0, 1, 0, 1, 2, 2, 0, 2, 1, 0, 1, 1, 0, 0, 1, 2, 1, 0, 1, 1, 0, 2, 1, 0, 1, 2, 2, 0, 0, 0, 2, 1, 1, 1, 0, 0, 2, 0, 1, 0, 2, 1, 2, 0, 2, 0, 0, 2, 1, 2, 0, 2, 1, 0, 0, 2, 2, 0, 2, 1, 0, 0, 0, 2, 0, 2, 0, 2, 2, 1, 2, 2, 0, 0, 1, 1, 2, 2, 2, 2, 0, 0, 0, 2, 0, 0, 1, 2, 1, 0]|[2, 2, 2, 2, 2, 4, 1, 2, 1, 1, 0, 1, 2, 4, 1, 2, 0, 1, 4, 2, 4, 1, 1, 0, 3, 2, 3, 0, 0, 1, 1, 0, 4, 2, 4, 0, 2, 0, 2, 0, 1, 0, 3, 0, 1, 1, 1, 2, 3, 1, 1, 4, 1, 2, 1, 0, 2, 1, 3, 1, 1, 1, 4, 1, 1, 1, 1, 2, 1, 4, 1, 1, 0, 1, 2, 1, 0, 1, 1, 0, 1, 1, 1, 2, 4, 4, 1, 1, 1, 1, 1, 0, 2, 1, 1, 2, 4, 1, 0, 2]|[0, 0, 1, 1, 0, 2, 0, 0, 0, 0, 0, 0, 1, 0, 0, 0, 0, 0, 3, 1, 2, 0, 0, 0, 3, 1, 1, 0, 1, 0, 1, 0, 3, 0, 0, 0, 0, 0, 1, 0, 1, 3, 1, 1, 0, 0, 0, 1, 0, 0, 0, 2, 0, 0, 0, 1, 1, 0, 3, 0, 0, 0, 1, 0, 0, 0, 0, 0, 0, 0, 0, 0, 0, 0, 1, 0, 0, 0, 0, 1, 0, 0, 1, 0, 3, 0, 0, 0, 0, 0, 1, 0, 1, 0, 0, 0, 0, 0, 2, 0]
event=899:G3_TWC:leader:action=2,fingerprint=[51, 8, 83, 31, 94, 11, 15, 22, 57, 19, 84, 77, 73, 1, 81, 14, 98, 79, 3, 16, 2, 99, 5, 91, 62, 43, 68, 76, 97, 40, 88, 30, 53, 20, 58, 93, 24, 72, 49, 59, 38, 28, 92, 67, 9, 18, 17, 87, 12, 26, 71, 74, 95, 63, 4, 47, 27, 37, 96, 23, 78, 10, 66, 6, 48, 56, 29, 64, 60, 46, 7, 36, 34, 85, 52, 55, 61, 86, 89, 41, 32, 39, 33, 42, 54, 80, 75, 25, 70, 35, 21, 50, 90, 0, 13, 69, 44, 65, 82, 45]|[2, 0, 1, 1, 2, 1, 0, 0, 2, 0, 0, 1, 0, 1, 2, 2, 0, 2, 1, 0, 1, 1, 0, 0, 1, 2, 1, 0, 1, 1, 0, 2, 1, 0, 1, 2, 2, 0, 0, 0, 2, 1, 1, 1, 0, 0, 2, 0, 1, 0, 2, 1, 2, 0, 2, 0, 0, 2, 1, 2, 0, 2, 1, 0, 0, 2, 2, 0, 2, 1, 0, 0, 0, 2, 0, 2, 0, 2, 2, 1, 2, 2, 0, 0, 1, 1, 2, 2, 2, 2, 0, 0, 0, 2, 0, 0, 1, 2, 1, 0]|[2, 2, 2, 2, 2, 4, 1, 2, 1, 1, 0, 1, 2, 4, 1, 2, 0, 1, 4, 2, 4, 1, 1, 0, 3, 2, 3, 0, 0, 1, 1, 0, 4, 2, 4, 0, 2, 0, 2, 0, 1, 0, 3, 0, 1, 1, 1, 2, 3, 1, 1, 4, 1, 2, 1, 0, 2, 1, 3, 1, 1, 1, 4, 1, 1, 1, 1, 2, 1, 4, 1, 1, 0, 1, 2, 1, 0, 1, 1, 0, 1, 1, 1, 2, 4, 4, 1, 1, 1, 1, 1, 0, 2, 1, 1, 2, 4, 1, 0, 2]|[0, 0, 1, 1, 0, 2, 0, 0, 0, 0, 0, 0, 1, 0, 0, 0, 0, 0, 3, 1, 2, 0, 0, 0, 3, 1, 1, 0, 1, 0, 1, 0, 3, 0, 0, 0, 0, 0, 1, 0, 1, 3, 1, 1, 0, 0, 0, 1, 0, 0, 0, 2, 0, 0, 0, 1, 1, 0, 3, 0, 0, 0, 1, 0, 0, 0, 0, 0, 0, 0, 0, 0, 0, 0, 1, 0, 0, 0, 0, 1, 0, 0, 1, 0, 3, 0, 0, 0, 0, 0, 1, 0, 1, 0, 0, 0, 0, 0, 2, 0]
event=900:G1_CMAX:update:state=1,action=1,reward=-60.03449855674944,nextState=1,old=-262.8628973071307,new=-270.324816402454
event=901:G2_TEC:update:state=1,action=0,reward=-411.7769068727939,nextState=1,old=-1234.928342184788,new=-1399.7195806206246
event=902:G3_TWC:update:state=1,action=2,reward=-267.6421392338525,nextState=1,old=-16713.52614476679,new=-13638.463055047287
event=903:G4_BALANCED:update:state=1,action=0,reward=-0.046765712893058184,nextState=1,old=-0.18239341487996028,new=-0.1926804447970264
event=904:G1_CMAX:action:mode=explore,state=1,draw=0.8666293292808619,action=2
event=905:G1_CMAX:tournament:reason=action2,left=16,right=64,selected=[51, 8, 83, 31, 94, 11, 15, 22, 57, 19, 84, 77, 73, 1, 81, 14, 98, 79, 3, 16, 2, 99, 5, 91, 62, 43, 68, 76, 97, 40, 88, 30, 53, 20, 58, 93, 24, 72, 49, 59, 38, 28, 92, 67, 9, 18, 17, 87, 12, 26, 71, 74, 95, 63, 4, 47, 27, 37, 96, 23, 78, 10, 66, 6, 48, 56, 29, 64, 60, 46, 7, 36, 34, 85, 52, 55, 61, 86, 89, 41, 32, 39, 33, 42, 54, 80, 75, 25, 35, 70, 21, 0, 44, 50, 69, 82, 65, 13, 90, 45]|[2, 0, 1, 1, 2, 1, 0, 1, 2, 0, 0, 1, 0, 1, 1, 1, 0, 2, 1, 0, 1, 1, 0, 0, 1, 2, 1, 0, 1, 1, 0, 2, 1, 0, 1, 2, 2, 0, 0, 0, 2, 1, 1, 1, 0, 0, 2, 0, 1, 0, 2, 1, 2, 0, 2, 0, 0, 2, 1, 2, 0, 2, 1, 0, 0, 2, 2, 2, 2, 1, 0, 0, 0, 1, 0, 1, 0, 2, 2, 1, 2, 1, 0, 0, 1, 1, 1, 2, 2, 2, 2, 0, 2, 2, 0, 1, 1, 2, 1, 0]|[2, 2, 2, 2, 2, 4, 1, 2, 1, 1, 0, 1, 2, 4, 4, 1, 0, 1, 4, 2, 4, 1, 1, 0, 3, 2, 3, 0, 0, 1, 1, 0, 4, 2, 4, 0, 2, 0, 2, 0, 1, 0, 3, 0, 1, 1, 1, 2, 3, 1, 2, 4, 1, 2, 1, 0, 2, 1, 3, 1, 1, 1, 4, 0, 1, 1, 1, 1, 1, 4, 1, 1, 0, 0, 2, 4, 0, 1, 1, 0, 1, 4, 1, 2, 4, 4, 4, 1, 1, 1, 1, 0, 1, 1, 2, 0, 4, 1, 0, 2]|[0, 0, 1, 1, 0, 2, 0, 2, 0, 0, 0, 0, 1, 0, 0, 1, 0, 0, 3, 1, 2, 0, 0, 0, 3, 1, 1, 0, 1, 0, 1, 0, 3, 0, 0, 0, 0, 0, 1, 0, 1, 3, 1, 1, 0, 0, 0, 1, 0, 0, 0, 2, 0, 0, 0, 1, 1, 0, 3, 0, 0, 0, 1, 1, 0, 0, 0, 0, 0, 0, 0, 0, 0, 1, 1, 3, 0, 0, 1, 1, 0, 3, 1, 0, 3, 0, 3, 0, 0, 0, 0, 0, 0, 0, 0, 2, 0, 0, 1, 0]
event=906:G1_CMAX:leader:action=2,fingerprint=[51, 8, 83, 31, 94, 11, 15, 22, 57, 19, 84, 77, 73, 1, 81, 14, 98, 79, 3, 16, 2, 99, 5, 91, 62, 43, 68, 76, 97, 40, 88, 30, 53, 20, 58, 93, 24, 72, 49, 59, 38, 28, 92, 67, 9, 18, 17, 87, 12, 26, 71, 74, 95, 63, 4, 47, 27, 37, 96, 23, 78, 10, 66, 6, 48, 56, 29, 64, 60, 46, 7, 36, 34, 85, 52, 55, 61, 86, 89, 41, 32, 39, 33, 42, 54, 80, 75, 25, 35, 70, 21, 0, 44, 50, 69, 82, 65, 13, 90, 45]|[2, 0, 1, 1, 2, 1, 0, 1, 2, 0, 0, 1, 0, 1, 1, 1, 0, 2, 1, 0, 1, 1, 0, 0, 1, 2, 1, 0, 1, 1, 0, 2, 1, 0, 1, 2, 2, 0, 0, 0, 2, 1, 1, 1, 0, 0, 2, 0, 1, 0, 2, 1, 2, 0, 2, 0, 0, 2, 1, 2, 0, 2, 1, 0, 0, 2, 2, 2, 2, 1, 0, 0, 0, 1, 0, 1, 0, 2, 2, 1, 2, 1, 0, 0, 1, 1, 1, 2, 2, 2, 2, 0, 2, 2, 0, 1, 1, 2, 1, 0]|[2, 2, 2, 2, 2, 4, 1, 2, 1, 1, 0, 1, 2, 4, 4, 1, 0, 1, 4, 2, 4, 1, 1, 0, 3, 2, 3, 0, 0, 1, 1, 0, 4, 2, 4, 0, 2, 0, 2, 0, 1, 0, 3, 0, 1, 1, 1, 2, 3, 1, 2, 4, 1, 2, 1, 0, 2, 1, 3, 1, 1, 1, 4, 0, 1, 1, 1, 1, 1, 4, 1, 1, 0, 0, 2, 4, 0, 1, 1, 0, 1, 4, 1, 2, 4, 4, 4, 1, 1, 1, 1, 0, 1, 1, 2, 0, 4, 1, 0, 2]|[0, 0, 1, 1, 0, 2, 0, 2, 0, 0, 0, 0, 1, 0, 0, 1, 0, 0, 3, 1, 2, 0, 0, 0, 3, 1, 1, 0, 1, 0, 1, 0, 3, 0, 0, 0, 0, 0, 1, 0, 1, 3, 1, 1, 0, 0, 0, 1, 0, 0, 0, 2, 0, 0, 0, 1, 1, 0, 3, 0, 0, 0, 1, 1, 0, 0, 0, 0, 0, 0, 0, 0, 0, 1, 1, 3, 0, 0, 1, 1, 0, 3, 1, 0, 3, 0, 3, 0, 0, 0, 0, 0, 0, 0, 0, 2, 0, 0, 1, 0]
event=907:G4_BALANCED:action:mode=exploit,state=1,draw=0.33422288100020536,action=0
event=908:G4_BALANCED:leader:action=0,fingerprint=[51, 8, 83, 31, 94, 11, 15, 22, 57, 19, 84, 77, 73, 1, 81, 14, 98, 79, 3, 16, 2, 99, 5, 91, 62, 43, 68, 76, 97, 40, 88, 30, 53, 20, 58, 93, 24, 72, 49, 59, 38, 28, 92, 67, 9, 18, 17, 87, 12, 26, 71, 74, 95, 63, 4, 47, 27, 37, 96, 23, 78, 10, 66, 6, 48, 56, 29, 64, 60, 46, 7, 36, 34, 85, 52, 55, 61, 86, 89, 41, 32, 39, 33, 42, 75, 80, 54, 25, 35, 82, 44, 0, 21, 50, 69, 70, 65, 13, 90, 45]|[2, 0, 1, 1, 2, 1, 0, 1, 2, 0, 0, 1, 0, 1, 1, 2, 0, 2, 1, 0, 1, 1, 0, 0, 1, 2, 1, 0, 1, 1, 0, 2, 1, 0, 1, 2, 2, 0, 0, 0, 2, 1, 1, 1, 0, 0, 2, 0, 1, 0, 2, 1, 2, 0, 2, 0, 0, 2, 1, 2, 0, 2, 1, 0, 0, 2, 2, 2, 2, 1, 0, 0, 0, 1, 0, 1, 0, 1, 2, 1, 2, 1, 0, 0, 2, 1, 1, 2, 2, 1, 0, 0, 2, 2, 0, 0, 1, 2, 1, 0]|[2, 2, 2, 2, 2, 4, 1, 2, 1, 1, 0, 4, 2, 4, 4, 2, 0, 1, 4, 2, 4, 1, 1, 0, 3, 2, 3, 0, 0, 1, 1, 0, 4, 2, 4, 0, 2, 0, 2, 0, 1, 0, 3, 0, 1, 1, 1, 2, 3, 1, 2, 4, 1, 2, 1, 0, 2, 1, 3, 1, 1, 1, 4, 0, 1, 1, 1, 1, 1, 4, 1, 1, 0, 0, 2, 4, 0, 4, 1, 0, 1, 4, 1, 2, 1, 4, 4, 1, 1, 0, 1, 0, 1, 1, 2, 1, 4, 1, 0, 2]|[0, 0, 1, 1, 0, 2, 0, 2, 0, 0, 0, 0, 1, 0, 0, 0, 0, 0, 3, 1, 2, 0, 0, 0, 3, 1, 1, 0, 1, 0, 1, 0, 3, 0, 0, 0, 0, 0, 1, 0, 1, 3, 1, 1, 0, 0, 0, 1, 0, 0, 0, 2, 0, 0, 0, 1, 1, 0, 3, 0, 0, 0, 1, 1, 0, 0, 0, 0, 0, 0, 0, 0, 0, 1, 1, 3, 0, 0, 1, 1, 0, 3, 1, 0, 0, 0, 3, 0, 0, 2, 1, 0, 0, 0, 0, 0, 0, 0, 1, 0]
event=909:G2_TEC:action:mode=exploit,state=1,draw=0.1458448430178253,action=0
event=910:G2_TEC:leader:action=0,fingerprint=[51, 8, 83, 31, 94, 11, 15, 22, 57, 19, 84, 77, 73, 1, 81, 14, 98, 79, 3, 16, 2, 99, 5, 91, 62, 43, 68, 76, 97, 40, 88, 30, 53, 20, 58, 93, 24, 72, 49, 59, 38, 28, 92, 67, 9, 18, 17, 87, 12, 26, 71, 74, 95, 63, 4, 47, 27, 37, 96, 23, 78, 10, 66, 6, 48, 56, 29, 64, 60, 46, 7, 36, 34, 85, 52, 55, 61, 86, 89, 41, 32, 39, 33, 42, 75, 80, 54, 25, 35, 82, 44, 0, 21, 50, 69, 70, 65, 13, 90, 45]|[2, 0, 1, 1, 2, 1, 0, 1, 2, 0, 0, 1, 0, 1, 1, 2, 0, 2, 1, 0, 1, 1, 0, 0, 1, 2, 1, 0, 1, 1, 0, 2, 1, 0, 1, 2, 2, 0, 0, 0, 2, 1, 1, 1, 0, 0, 2, 0, 1, 0, 2, 1, 2, 0, 2, 0, 0, 2, 1, 2, 0, 2, 1, 0, 0, 2, 2, 2, 2, 1, 0, 0, 0, 1, 0, 1, 0, 1, 2, 1, 2, 1, 0, 0, 2, 1, 1, 2, 2, 1, 0, 0, 2, 2, 0, 0, 1, 2, 1, 0]|[2, 2, 2, 2, 2, 4, 1, 2, 1, 1, 0, 4, 2, 4, 4, 2, 0, 1, 4, 2, 4, 1, 1, 0, 3, 2, 3, 0, 0, 1, 1, 0, 4, 2, 4, 0, 2, 0, 2, 0, 1, 0, 3, 0, 1, 1, 1, 2, 3, 1, 2, 4, 1, 2, 1, 0, 2, 1, 3, 1, 1, 1, 4, 0, 1, 1, 1, 1, 1, 4, 1, 1, 0, 0, 2, 4, 0, 4, 1, 0, 1, 4, 1, 2, 1, 4, 4, 1, 1, 0, 1, 0, 1, 1, 2, 1, 4, 1, 0, 2]|[0, 0, 1, 1, 0, 2, 0, 2, 0, 0, 0, 0, 1, 0, 0, 0, 0, 0, 3, 1, 2, 0, 0, 0, 3, 1, 1, 0, 1, 0, 1, 0, 3, 0, 0, 0, 0, 0, 1, 0, 1, 3, 1, 1, 0, 0, 0, 1, 0, 0, 0, 2, 0, 0, 0, 1, 1, 0, 3, 0, 0, 0, 1, 1, 0, 0, 0, 0, 0, 0, 0, 0, 0, 1, 1, 3, 0, 0, 1, 1, 0, 3, 1, 0, 0, 0, 3, 0, 0, 2, 1, 0, 0, 0, 0, 0, 0, 0, 1, 0]
event=911:G3_TWC:action:mode=explore,state=1,draw=0.9944587020320969,action=0
event=912:G3_TWC:leader:action=0,fingerprint=[51, 8, 83, 31, 94, 11, 15, 22, 57, 19, 84, 77, 73, 1, 81, 14, 98, 79, 3, 16, 2, 99, 5, 91, 62, 43, 68, 76, 97, 40, 88, 30, 53, 20, 58, 93, 24, 72, 49, 59, 38, 28, 92, 67, 9, 18, 17, 87, 12, 26, 71, 74, 95, 63, 4, 47, 27, 37, 96, 23, 78, 10, 66, 6, 48, 56, 29, 64, 60, 46, 7, 36, 34, 85, 52, 55, 61, 86, 89, 41, 32, 39, 33, 42, 54, 80, 75, 25, 70, 35, 21, 50, 90, 0, 13, 69, 44, 65, 82, 45]|[2, 0, 1, 1, 2, 1, 0, 0, 2, 0, 0, 1, 0, 1, 2, 2, 0, 2, 1, 0, 1, 1, 0, 0, 1, 2, 1, 0, 1, 1, 0, 2, 1, 0, 1, 2, 2, 0, 0, 0, 2, 1, 1, 1, 0, 0, 2, 0, 1, 0, 2, 1, 2, 0, 2, 0, 0, 2, 1, 2, 0, 2, 1, 0, 0, 2, 2, 0, 2, 1, 0, 0, 0, 2, 0, 2, 0, 2, 2, 1, 2, 2, 0, 0, 1, 1, 2, 2, 2, 2, 0, 0, 0, 2, 0, 0, 1, 2, 1, 0]|[2, 2, 2, 2, 2, 4, 1, 2, 1, 1, 0, 1, 2, 4, 1, 2, 0, 1, 4, 2, 4, 1, 1, 0, 3, 2, 3, 0, 0, 1, 1, 0, 4, 2, 4, 0, 2, 0, 2, 0, 1, 0, 3, 0, 1, 1, 1, 2, 3, 1, 1, 4, 1, 2, 1, 0, 2, 1, 3, 1, 1, 1, 4, 1, 1, 1, 1, 2, 1, 4, 1, 1, 0, 1, 2, 1, 0, 1, 1, 0, 1, 1, 1, 2, 4, 4, 1, 1, 1, 1, 1, 0, 2, 1, 1, 2, 4, 1, 0, 2]|[0, 0, 1, 1, 0, 2, 0, 0, 0, 0, 0, 0, 1, 0, 0, 0, 0, 0, 3, 1, 2, 0, 0, 0, 3, 1, 1, 0, 1, 0, 1, 0, 3, 0, 0, 0, 0, 0, 1, 0, 1, 3, 1, 1, 0, 0, 0, 1, 0, 0, 0, 2, 0, 0, 0, 1, 1, 0, 3, 0, 0, 0, 1, 0, 0, 0, 0, 0, 0, 0, 0, 0, 0, 0, 1, 0, 0, 0, 0, 1, 0, 0, 1, 0, 3, 0, 0, 0, 0, 0, 1, 0, 1, 0, 0, 0, 0, 0, 2, 0]
event=913:G1_CMAX:update:state=1,action=2,reward=-27.259180656035483,nextState=1,old=-294.20374692029986,new=-243.51903377799871
event=914:G2_TEC:update:state=1,action=0,reward=-155.17732024633005,nextState=1,old=-1399.7195806206246,new=-1274.9529847428298
event=915:G3_TWC:update:state=1,action=0,reward=-2202.6280889129557,nextState=1,old=-17167.159917398996,new=-13113.398532950785
event=916:G4_BALANCED:update:state=1,action=0,reward=-0.03270822876784219,nextState=1,old=-0.1926804447970264,new=-0.1868525846054633
event=917:G1_CMAX:action:mode=exploit,state=1,draw=0.48417538128858706,action=2
event=918:G1_CMAX:tournament:reason=action2,left=14,right=8,selected=[51, 83, 31, 94, 11, 22, 57, 19, 84, 77, 73, 15, 1, 81, 14, 99, 16, 3, 79, 2, 8, 98, 5, 91, 62, 43, 76, 97, 40, 88, 30, 53, 20, 58, 95, 74, 78, 12, 87, 17, 18, 9, 67, 92, 28, 38, 59, 49, 72, 93, 24, 63, 21, 47, 27, 39, 36, 6, 10, 66, 23, 48, 56, 29, 64, 68, 60, 46, 7, 96, 90, 85, 52, 42, 61, 54, 89, 41, 4, 75, 86, 80, 55, 33, 37, 50, 45, 35, 32, 0, 34, 69, 65, 44, 26, 25, 13, 71, 82, 70]|[2, 1, 1, 2, 1, 1, 2, 2, 0, 2, 0, 0, 1, 1, 1, 1, 0, 1, 0, 0, 0, 0, 1, 0, 1, 2, 0, 1, 1, 0, 2, 1, 2, 1, 2, 1, 0, 1, 0, 2, 1, 0, 1, 1, 1, 2, 0, 0, 0, 2, 2, 0, 2, 0, 0, 2, 0, 2, 2, 2, 0, 1, 2, 2, 0, 0, 2, 1, 0, 0, 1, 1, 0, 0, 0, 1, 2, 1, 0, 2, 1, 1, 1, 1, 2, 1, 0, 1, 1, 0, 1, 0, 1, 0, 0, 2, 2, 2, 1, 0]|[0, 0, 2, 1, 4, 2, 1, 1, 1, 1, 2, 1, 4, 4, 1, 1, 2, 4, 2, 1, 2, 1, 0, 1, 3, 2, 0, 0, 1, 1, 0, 4, 1, 4, 1, 4, 1, 3, 2, 1, 0, 1, 0, 3, 0, 1, 0, 2, 0, 0, 2, 2, 1, 0, 2, 1, 1, 1, 1, 1, 1, 1, 1, 1, 2, 2, 1, 4, 1, 0, 4, 4, 2, 1, 2, 4, 1, 0, 1, 1, 4, 4, 4, 1, 1, 0, 2, 4, 1, 0, 0, 2, 4, 1, 1, 1, 1, 1, 0, 1]|[1, 1, 1, 0, 2, 2, 0, 0, 0, 0, 1, 0, 0, 0, 1, 0, 1, 3, 1, 0, 1, 0, 0, 0, 3, 1, 0, 1, 0, 1, 0, 3, 0, 0, 0, 2, 0, 0, 1, 0, 1, 0, 1, 1, 3, 1, 0, 1, 0, 0, 0, 0, 0, 1, 1, 0, 0, 0, 0, 0, 0, 2, 0, 0, 0, 0, 0, 0, 0, 0, 3, 0, 1, 0, 0, 3, 0, 1, 1, 0, 0, 0, 3, 2, 0, 1, 0, 0, 1, 0, 1, 0, 0, 1, 0, 0, 0, 0, 2, 0]
event=919:G1_CMAX:leader:action=2,fingerprint=[51, 83, 31, 94, 11, 22, 57, 19, 84, 77, 73, 15, 1, 81, 14, 99, 16, 3, 79, 2, 8, 98, 5, 91, 62, 43, 76, 97, 40, 88, 30, 53, 20, 58, 95, 74, 78, 12, 87, 17, 18, 9, 67, 92, 28, 38, 59, 49, 72, 93, 24, 63, 21, 47, 27, 39, 36, 6, 10, 66, 23, 48, 56, 29, 64, 68, 60, 46, 7, 96, 90, 85, 52, 42, 61, 54, 89, 41, 4, 75, 86, 80, 55, 33, 37, 50, 45, 35, 32, 0, 34, 69, 65, 44, 26, 25, 13, 71, 82, 70]|[2, 1, 1, 2, 1, 1, 2, 2, 0, 2, 0, 0, 1, 1, 1, 1, 0, 1, 0, 0, 0, 0, 1, 0, 1, 2, 0, 1, 1, 0, 2, 1, 2, 1, 2, 1, 0, 1, 0, 2, 1, 0, 1, 1, 1, 2, 0, 0, 0, 2, 2, 0, 2, 0, 0, 2, 0, 2, 2, 2, 0, 1, 2, 2, 0, 0, 2, 1, 0, 0, 1, 1, 0, 0, 0, 1, 2, 1, 0, 2, 1, 1, 1, 1, 2, 1, 0, 1, 1, 0, 1, 0, 1, 0, 0, 2, 2, 2, 1, 0]|[0, 0, 2, 1, 4, 2, 1, 1, 1, 1, 2, 1, 4, 4, 1, 1, 2, 4, 2, 1, 2, 1, 0, 1, 3, 2, 0, 0, 1, 1, 0, 4, 1, 4, 1, 4, 1, 3, 2, 1, 0, 1, 0, 3, 0, 1, 0, 2, 0, 0, 2, 2, 1, 0, 2, 1, 1, 1, 1, 1, 1, 1, 1, 1, 2, 2, 1, 4, 1, 0, 4, 4, 2, 1, 2, 4, 1, 0, 1, 1, 4, 4, 4, 1, 1, 0, 2, 4, 1, 0, 0, 2, 4, 1, 1, 1, 1, 1, 0, 1]|[1, 1, 1, 0, 2, 2, 0, 0, 0, 0, 1, 0, 0, 0, 1, 0, 1, 3, 1, 0, 1, 0, 0, 0, 3, 1, 0, 1, 0, 1, 0, 3, 0, 0, 0, 2, 0, 0, 1, 0, 1, 0, 1, 1, 3, 1, 0, 1, 0, 0, 0, 0, 0, 1, 1, 0, 0, 0, 0, 0, 0, 2, 0, 0, 0, 0, 0, 0, 0, 0, 3, 0, 1, 0, 0, 3, 0, 1, 1, 0, 0, 0, 3, 2, 0, 1, 0, 0, 1, 0, 1, 0, 0, 1, 0, 0, 0, 0, 2, 0]
event=920:G4_BALANCED:action:mode=exploit,state=1,draw=0.3652685400168554,action=0
event=921:G4_BALANCED:leader:action=0,fingerprint=[51, 8, 83, 31, 94, 11, 15, 22, 57, 19, 84, 77, 73, 1, 81, 14, 98, 79, 3, 16, 2, 99, 5, 91, 62, 43, 68, 76, 97, 40, 88, 30, 53, 20, 58, 93, 24, 72, 49, 59, 38, 28, 92, 67, 9, 18, 17, 87, 12, 26, 71, 74, 95, 63, 4, 47, 27, 37, 96, 23, 78, 10, 66, 6, 48, 56, 29, 64, 60, 46, 7, 36, 34, 85, 52, 55, 61, 86, 89, 41, 32, 39, 33, 42, 75, 80, 54, 25, 35, 82, 44, 0, 21, 50, 69, 70, 65, 13, 90, 45]|[2, 0, 1, 1, 2, 1, 0, 1, 2, 0, 0, 1, 0, 1, 1, 2, 0, 2, 1, 0, 1, 1, 0, 0, 1, 2, 1, 0, 1, 1, 0, 2, 1, 0, 1, 2, 2, 0, 0, 0, 2, 1, 1, 1, 0, 0, 2, 0, 1, 0, 2, 1, 2, 0, 2, 0, 0, 2, 1, 2, 0, 2, 1, 0, 0, 2, 2, 2, 2, 1, 0, 0, 0, 1, 0, 1, 0, 1, 2, 1, 2, 1, 0, 0, 2, 1, 1, 2, 2, 1, 0, 0, 2, 2, 0, 0, 1, 2, 1, 0]|[2, 2, 2, 2, 2, 4, 1, 2, 1, 1, 0, 4, 2, 4, 4, 2, 0, 1, 4, 2, 4, 1, 1, 0, 3, 2, 3, 0, 0, 1, 1, 0, 4, 2, 4, 0, 2, 0, 2, 0, 1, 0, 3, 0, 1, 1, 1, 2, 3, 1, 2, 4, 1, 2, 1, 0, 2, 1, 3, 1, 1, 1, 4, 0, 1, 1, 1, 1, 1, 4, 1, 1, 0, 0, 2, 4, 0, 4, 1, 0, 1, 4, 1, 2, 1, 4, 4, 1, 1, 0, 1, 0, 1, 1, 2, 1, 4, 1, 0, 2]|[0, 0, 1, 1, 0, 2, 0, 2, 0, 0, 0, 0, 1, 0, 0, 0, 0, 0, 3, 1, 2, 0, 0, 0, 3, 1, 1, 0, 1, 0, 1, 0, 3, 0, 0, 0, 0, 0, 1, 0, 1, 3, 1, 1, 0, 0, 0, 1, 0, 0, 0, 2, 0, 0, 0, 1, 1, 0, 3, 0, 0, 0, 1, 1, 0, 0, 0, 0, 0, 0, 0, 0, 0, 1, 1, 3, 0, 0, 1, 1, 0, 3, 1, 0, 0, 0, 3, 0, 0, 2, 1, 0, 0, 0, 0, 0, 0, 0, 1, 0]
event=922:G2_TEC:action:mode=explore,state=1,draw=0.8037188085856255,action=0
event=923:G2_TEC:leader:action=0,fingerprint=[51, 8, 83, 31, 94, 11, 15, 22, 57, 19, 84, 77, 73, 1, 81, 14, 98, 79, 3, 16, 2, 99, 5, 91, 62, 43, 68, 76, 97, 40, 88, 30, 53, 20, 58, 93, 24, 72, 49, 59, 38, 28, 92, 67, 9, 18, 17, 87, 12, 26, 71, 74, 95, 63, 4, 47, 27, 37, 96, 23, 78, 10, 66, 6, 48, 56, 29, 64, 60, 46, 7, 36, 34, 85, 52, 55, 61, 86, 89, 41, 32, 39, 33, 42, 75, 80, 54, 25, 35, 82, 44, 0, 21, 50, 69, 70, 65, 13, 90, 45]|[2, 0, 1, 1, 2, 1, 0, 1, 2, 0, 0, 1, 0, 1, 1, 2, 0, 2, 1, 0, 1, 1, 0, 0, 1, 2, 1, 0, 1, 1, 0, 2, 1, 0, 1, 2, 2, 0, 0, 0, 2, 1, 1, 1, 0, 0, 2, 0, 1, 0, 2, 1, 2, 0, 2, 0, 0, 2, 1, 2, 0, 2, 1, 0, 0, 2, 2, 2, 2, 1, 0, 0, 0, 1, 0, 1, 0, 1, 2, 1, 2, 1, 0, 0, 2, 1, 1, 2, 2, 1, 0, 0, 2, 2, 0, 0, 1, 2, 1, 0]|[2, 2, 2, 2, 2, 4, 1, 2, 1, 1, 0, 4, 2, 4, 4, 2, 0, 1, 4, 2, 4, 1, 1, 0, 3, 2, 3, 0, 0, 1, 1, 0, 4, 2, 4, 0, 2, 0, 2, 0, 1, 0, 3, 0, 1, 1, 1, 2, 3, 1, 2, 4, 1, 2, 1, 0, 2, 1, 3, 1, 1, 1, 4, 0, 1, 1, 1, 1, 1, 4, 1, 1, 0, 0, 2, 4, 0, 4, 1, 0, 1, 4, 1, 2, 1, 4, 4, 1, 1, 0, 1, 0, 1, 1, 2, 1, 4, 1, 0, 2]|[0, 0, 1, 1, 0, 2, 0, 2, 0, 0, 0, 0, 1, 0, 0, 0, 0, 0, 3, 1, 2, 0, 0, 0, 3, 1, 1, 0, 1, 0, 1, 0, 3, 0, 0, 0, 0, 0, 1, 0, 1, 3, 1, 1, 0, 0, 0, 1, 0, 0, 0, 2, 0, 0, 0, 1, 1, 0, 3, 0, 0, 0, 1, 1, 0, 0, 0, 0, 0, 0, 0, 0, 0, 1, 1, 3, 0, 0, 1, 1, 0, 3, 1, 0, 0, 0, 3, 0, 0, 2, 1, 0, 0, 0, 0, 0, 0, 0, 1, 0]
event=924:G3_TWC:action:mode=explore,state=1,draw=0.8819533196656245,action=1
event=925:G3_TWC:leader:action=1,fingerprint=[51, 8, 83, 94, 11, 15, 77, 84, 19, 57, 22, 73, 81, 14, 16, 3, 79, 2, 99, 31, 5, 91, 20, 98, 76, 34, 67, 68, 48, 88, 30, 53, 43, 62, 92, 28, 38, 59, 49, 72, 24, 93, 58, 9, 18, 17, 87, 12, 26, 71, 74, 95, 63, 21, 47, 27, 37, 96, 6, 78, 10, 32, 46, 40, 82, 29, 64, 60, 23, 7, 36, 90, 85, 52, 42, 61, 89, 41, 4, 39, 33, 56, 45, 80, 97, 0, 66, 35, 55, 50, 75, 1, 54, 69, 65, 44, 25, 13, 86, 70]|[2, 0, 1, 2, 1, 0, 1, 0, 0, 2, 1, 0, 1, 1, 0, 1, 0, 1, 1, 1, 0, 0, 2, 1, 0, 1, 1, 1, 1, 0, 2, 1, 2, 1, 1, 1, 2, 0, 0, 0, 0, 2, 1, 0, 1, 2, 0, 1, 0, 2, 1, 2, 0, 2, 0, 0, 2, 1, 0, 0, 2, 2, 1, 1, 1, 2, 0, 2, 0, 0, 0, 1, 1, 0, 2, 0, 2, 1, 0, 2, 1, 2, 1, 1, 1, 0, 0, 2, 1, 2, 2, 1, 1, 0, 1, 0, 2, 2, 1, 0]|[2, 2, 4, 2, 2, 1, 1, 1, 1, 1, 2, 2, 4, 1, 2, 4, 2, 4, 1, 0, 1, 0, 1, 1, 0, 0, 0, 3, 1, 1, 0, 4, 2, 3, 3, 0, 1, 0, 2, 0, 1, 0, 4, 1, 0, 1, 2, 3, 1, 1, 4, 1, 2, 1, 0, 2, 1, 3, 1, 1, 1, 1, 4, 1, 0, 1, 2, 1, 1, 1, 1, 4, 4, 2, 1, 1, 1, 0, 1, 1, 1, 1, 0, 4, 0, 0, 0, 1, 4, 1, 1, 4, 4, 0, 4, 1, 1, 1, 4, 1]|[0, 0, 2, 0, 1, 0, 0, 0, 0, 0, 2, 1, 0, 1, 1, 3, 1, 2, 0, 1, 0, 0, 0, 0, 0, 1, 1, 1, 2, 1, 0, 3, 1, 3, 1, 3, 1, 0, 1, 0, 1, 0, 0, 0, 1, 0, 1, 0, 0, 0, 2, 0, 0, 0, 1, 1, 0, 3, 0, 0, 0, 0, 0, 0, 2, 0, 0, 0, 0, 0, 0, 3, 0, 1, 0, 0, 0, 1, 1, 0, 2, 0, 2, 0, 1, 0, 0, 0, 3, 0, 0, 0, 3, 0, 0, 1, 0, 0, 0, 0]
event=926:G1_CMAX:update:state=1,action=2,reward=-82.36792904710865,nextState=1,old=-243.51903377799871,new=-277.1831560695076
event=927:G2_TEC:update:state=1,action=0,reward=-272.1176632874922,nextState=1,old=-1274.9529847428298,new=-1292.0800510817562
event=928:G3_TWC:update:state=1,action=1,reward=-5730.715802439954,nextState=1,old=-19959.492304922358,new=-16221.434628800584
event=929:G4_BALANCED:update:state=1,action=0,reward=-0.04205382301022913,nextState=1,old=-0.1868525846054633,new=-0.19153589069459975
event=930:G1_CMAX:action:mode=explore,state=1,draw=0.9782567944324766,action=1
event=931:G1_CMAX:leader:action=1,fingerprint=[51, 8, 83, 50, 94, 11, 15, 22, 57, 19, 84, 77, 73, 1, 81, 14, 98, 16, 53, 44, 2, 40, 5, 91, 62, 68, 76, 97, 99, 88, 30, 3, 20, 58, 93, 24, 72, 49, 42, 38, 28, 92, 67, 9, 18, 87, 12, 26, 71, 74, 95, 63, 21, 17, 47, 27, 37, 78, 10, 32, 46, 48, 56, 6, 29, 64, 60, 23, 7, 36, 90, 85, 52, 59, 61, 54, 89, 41, 4, 33, 55, 96, 82, 80, 75, 31, 45, 35, 43, 39, 66, 0, 34, 69, 65, 79, 25, 13, 86, 70]|[2, 0, 1, 1, 2, 1, 0, 1, 2, 0, 0, 1, 0, 1, 1, 1, 1, 0, 1, 0, 1, 1, 0, 0, 1, 1, 0, 1, 1, 0, 2, 1, 2, 1, 2, 0, 0, 0, 0, 2, 1, 1, 1, 0, 1, 0, 1, 0, 2, 1, 2, 0, 2, 2, 0, 0, 2, 0, 2, 2, 1, 1, 2, 2, 2, 0, 2, 0, 0, 0, 1, 2, 0, 1, 0, 1, 2, 1, 0, 1, 1, 1, 1, 1, 2, 1, 0, 2, 2, 2, 0, 0, 1, 0, 1, 0, 2, 0, 1, 2]|[1, 0, 2, 0, 1, 4, 1, 2, 1, 1, 1, 1, 2, 4, 4, 1, 1, 2, 4, 2, 4, 1, 2, 0, 3, 3, 0, 0, 1, 1, 1, 4, 1, 4, 0, 1, 0, 2, 0, 1, 0, 3, 0, 1, 0, 2, 3, 1, 1, 4, 1, 2, 1, 1, 0, 2, 1, 1, 1, 1, 4, 1, 1, 1, 1, 1, 1, 1, 1, 1, 4, 1, 2, 0, 2, 4, 1, 0, 1, 1, 4, 3, 0, 4, 1, 0, 2, 1, 2, 1, 0, 0, 0, 2, 4, 2, 1, 1, 4, 0]|[0, 0, 1, 1, 0, 2, 0, 2, 0, 0, 0, 0, 1, 0, 0, 1, 0, 1, 3, 1, 2, 0, 0, 0, 3, 1, 0, 1, 0, 1, 0, 3, 0, 0, 0, 1, 0, 1, 0, 1, 3, 1, 1, 0, 1, 1, 0, 0, 0, 2, 0, 0, 0, 0, 1, 1, 0, 0, 0, 0, 0, 2, 0, 0, 0, 0, 0, 0, 0, 0, 3, 0, 1, 1, 0, 3, 0, 1, 1, 2, 3, 3, 2, 0, 0, 1, 0, 0, 1, 0, 0, 0, 1, 0, 0, 1, 0, 0, 0, 1]
event=932:G4_BALANCED:action:mode=exploit,state=1,draw=0.24500731157318367,action=0
event=933:G4_BALANCED:leader:action=0,fingerprint=[51, 8, 83, 31, 94, 11, 15, 22, 57, 19, 84, 77, 73, 1, 81, 14, 98, 79, 3, 16, 2, 99, 5, 91, 62, 43, 68, 76, 97, 40, 88, 30, 53, 20, 58, 93, 24, 72, 49, 59, 38, 28, 92, 67, 9, 18, 17, 87, 12, 26, 71, 74, 95, 63, 4, 47, 27, 37, 96, 23, 78, 10, 66, 6, 48, 56, 29, 64, 60, 46, 7, 36, 34, 85, 52, 55, 61, 86, 89, 41, 32, 39, 33, 42, 75, 80, 54, 25, 35, 82, 44, 0, 21, 50, 69, 70, 65, 13, 90, 45]|[2, 0, 1, 1, 2, 1, 0, 1, 2, 0, 0, 1, 0, 1, 1, 2, 0, 2, 1, 0, 1, 1, 0, 0, 1, 2, 1, 0, 1, 1, 0, 2, 1, 0, 1, 2, 2, 0, 0, 0, 2, 1, 1, 1, 0, 0, 2, 0, 1, 0, 2, 1, 2, 0, 2, 0, 0, 2, 1, 2, 0, 2, 1, 0, 0, 2, 2, 2, 2, 1, 0, 0, 0, 1, 0, 1, 0, 1, 2, 1, 2, 1, 0, 0, 2, 1, 1, 2, 2, 1, 0, 0, 2, 2, 0, 0, 1, 2, 1, 0]|[2, 2, 2, 2, 2, 4, 1, 2, 1, 1, 0, 4, 2, 4, 4, 2, 0, 1, 4, 2, 4, 1, 1, 0, 3, 2, 3, 0, 0, 1, 1, 0, 4, 2, 4, 0, 2, 0, 2, 0, 1, 0, 3, 0, 1, 1, 1, 2, 3, 1, 2, 4, 1, 2, 1, 0, 2, 1, 3, 1, 1, 1, 4, 0, 1, 1, 1, 1, 1, 4, 1, 1, 0, 0, 2, 4, 0, 4, 1, 0, 1, 4, 1, 2, 1, 4, 4, 1, 1, 0, 1, 0, 1, 1, 2, 1, 4, 1, 0, 2]|[0, 0, 1, 1, 0, 2, 0, 2, 0, 0, 0, 0, 1, 0, 0, 0, 0, 0, 3, 1, 2, 0, 0, 0, 3, 1, 1, 0, 1, 0, 1, 0, 3, 0, 0, 0, 0, 0, 1, 0, 1, 3, 1, 1, 0, 0, 0, 1, 0, 0, 0, 2, 0, 0, 0, 1, 1, 0, 3, 0, 0, 0, 1, 1, 0, 0, 0, 0, 0, 0, 0, 0, 0, 1, 1, 3, 0, 0, 1, 1, 0, 3, 1, 0, 0, 0, 3, 0, 0, 2, 1, 0, 0, 0, 0, 0, 0, 0, 1, 0]
event=934:G2_TEC:action:mode=explore,state=1,draw=0.8239121531116447,action=1
event=935:G2_TEC:leader:action=1,fingerprint=[51, 8, 83, 31, 94, 11, 15, 22, 57, 19, 84, 77, 73, 1, 81, 14, 98, 79, 3, 16, 2, 99, 5, 91, 62, 43, 68, 76, 97, 40, 88, 30, 53, 20, 58, 93, 24, 72, 49, 59, 38, 28, 92, 67, 9, 18, 17, 87, 12, 26, 71, 74, 95, 63, 4, 47, 27, 37, 96, 23, 78, 10, 66, 6, 48, 56, 29, 64, 60, 46, 7, 36, 34, 85, 52, 55, 61, 86, 89, 41, 32, 39, 33, 42, 75, 80, 54, 25, 35, 82, 44, 0, 21, 50, 69, 70, 65, 13, 90, 45]|[2, 0, 1, 1, 2, 1, 0, 1, 2, 0, 0, 1, 0, 1, 1, 2, 0, 2, 1, 0, 1, 1, 0, 0, 1, 2, 1, 0, 1, 1, 0, 2, 1, 0, 1, 2, 2, 0, 0, 0, 2, 1, 1, 1, 0, 0, 2, 0, 1, 0, 2, 1, 2, 0, 2, 0, 0, 2, 1, 2, 0, 2, 1, 0, 0, 2, 2, 2, 2, 1, 0, 0, 0, 1, 0, 1, 0, 1, 2, 1, 2, 1, 0, 0, 2, 1, 1, 2, 2, 1, 0, 0, 2, 2, 0, 0, 1, 2, 1, 0]|[2, 2, 2, 2, 2, 4, 1, 2, 1, 1, 0, 4, 2, 4, 4, 2, 0, 1, 4, 2, 4, 1, 1, 0, 3, 2, 3, 0, 0, 1, 1, 0, 4, 2, 4, 0, 2, 0, 2, 0, 1, 0, 3, 0, 1, 1, 1, 2, 3, 1, 2, 4, 1, 2, 1, 0, 2, 1, 3, 1, 1, 1, 4, 0, 1, 1, 1, 1, 1, 4, 1, 1, 0, 0, 2, 4, 0, 4, 1, 0, 1, 4, 1, 2, 1, 4, 4, 1, 1, 0, 1, 0, 1, 1, 2, 1, 4, 1, 0, 2]|[0, 0, 1, 1, 0, 2, 0, 2, 0, 0, 0, 0, 1, 0, 0, 0, 0, 0, 3, 1, 2, 0, 0, 0, 3, 1, 1, 0, 1, 0, 1, 0, 3, 0, 0, 0, 0, 0, 1, 0, 1, 3, 1, 1, 0, 0, 0, 1, 0, 0, 0, 2, 0, 0, 0, 1, 1, 0, 3, 0, 0, 0, 1, 1, 0, 0, 0, 0, 0, 0, 0, 0, 0, 1, 1, 3, 0, 0, 1, 1, 0, 3, 1, 0, 0, 0, 3, 0, 0, 2, 1, 0, 0, 0, 0, 0, 0, 0, 1, 0]
event=936:G3_TWC:action:mode=exploit,state=1,draw=0.20994862998487573,action=0
event=937:G3_TWC:leader:action=0,fingerprint=[51, 8, 83, 94, 11, 15, 77, 84, 19, 57, 22, 73, 81, 14, 16, 3, 79, 2, 99, 31, 5, 91, 20, 98, 76, 34, 67, 68, 48, 88, 30, 53, 43, 62, 92, 28, 38, 59, 49, 72, 24, 93, 58, 9, 18, 17, 87, 12, 26, 71, 74, 95, 63, 21, 47, 27, 37, 96, 6, 78, 10, 32, 46, 40, 82, 29, 64, 60, 23, 7, 36, 90, 85, 52, 42, 61, 89, 41, 4, 39, 33, 56, 45, 80, 97, 0, 66, 35, 55, 50, 75, 1, 54, 69, 65, 44, 25, 13, 86, 70]|[2, 0, 1, 2, 1, 0, 1, 0, 0, 2, 1, 0, 1, 1, 0, 1, 0, 1, 1, 1, 0, 0, 2, 1, 0, 1, 1, 1, 1, 0, 2, 1, 2, 1, 1, 1, 2, 0, 0, 0, 0, 2, 1, 0, 1, 2, 0, 1, 0, 2, 1, 2, 0, 2, 0, 0, 2, 1, 0, 0, 2, 2, 1, 1, 1, 2, 0, 2, 0, 0, 0, 1, 1, 0, 2, 0, 2, 1, 0, 2, 1, 2, 1, 1, 1, 0, 0, 2, 1, 2, 2, 1, 1, 0, 1, 0, 2, 2, 1, 0]|[2, 2, 4, 2, 2, 1, 1, 1, 1, 1, 2, 2, 4, 1, 2, 4, 2, 4, 1, 0, 1, 0, 1, 1, 0, 0, 0, 3, 1, 1, 0, 4, 2, 3, 3, 0, 1, 0, 2, 0, 1, 0, 4, 1, 0, 1, 2, 3, 1, 1, 4, 1, 2, 1, 0, 2, 1, 3, 1, 1, 1, 1, 4, 1, 0, 1, 2, 1, 1, 1, 1, 4, 4, 2, 1, 1, 1, 0, 1, 1, 1, 1, 0, 4, 0, 0, 0, 1, 4, 1, 1, 4, 4, 0, 4, 1, 1, 1, 4, 1]|[0, 0, 2, 0, 1, 0, 0, 0, 0, 0, 2, 1, 0, 1, 1, 3, 1, 2, 0, 1, 0, 0, 0, 0, 0, 1, 1, 1, 2, 1, 0, 3, 1, 3, 1, 3, 1, 0, 1, 0, 1, 0, 0, 0, 1, 0, 1, 0, 0, 0, 2, 0, 0, 0, 1, 1, 0, 3, 0, 0, 0, 0, 0, 0, 2, 0, 0, 0, 0, 0, 0, 3, 0, 1, 0, 0, 0, 1, 1, 0, 2, 0, 2, 0, 1, 0, 0, 0, 3, 0, 0, 0, 3, 0, 0, 1, 0, 0, 0, 0]
event=938:G1_CMAX:update:state=1,action=1,reward=-49.38390555938656,nextState=1,old=-270.324816402454,new=-265.6437586813498
event=939:G2_TEC:update:state=1,action=1,reward=-427.0115730356192,nextState=1,old=-1433.478175900816,new=-1460.6756139010242
event=940:G3_TWC:update:state=1,action=0,reward=-7919.960847641691,nextState=1,old=-13113.398532950785,new=-18410.67967400232
event=941:G4_BALANCED:update:state=1,action=0,reward=-0.03223262265970314,nextState=1,old=-0.19153589069459975,new=-0.18546133521538297
event=942:G1_CMAX:action:mode=explore,state=1,draw=0.8710505798809186,action=0
event=943:G1_CMAX:leader:action=0,fingerprint=[51, 8, 83, 50, 94, 11, 15, 22, 57, 19, 84, 77, 73, 1, 81, 14, 98, 16, 53, 44, 2, 40, 5, 91, 62, 68, 76, 97, 99, 88, 30, 3, 20, 58, 93, 24, 72, 49, 42, 38, 28, 92, 67, 9, 18, 87, 12, 26, 71, 74, 95, 63, 21, 17, 47, 27, 37, 78, 10, 32, 46, 48, 56, 6, 29, 64, 60, 23, 7, 36, 90, 85, 52, 59, 61, 54, 89, 41, 4, 33, 55, 96, 82, 80, 75, 31, 45, 35, 43, 39, 66, 0, 34, 69, 65, 79, 25, 13, 86, 70]|[2, 0, 1, 1, 2, 1, 0, 1, 2, 0, 0, 1, 0, 1, 1, 1, 1, 0, 1, 0, 1, 1, 0, 0, 1, 1, 0, 1, 1, 0, 2, 1, 2, 1, 2, 0, 0, 0, 0, 2, 1, 1, 1, 0, 1, 0, 1, 0, 2, 1, 2, 0, 2, 2, 0, 0, 2, 0, 2, 2, 1, 1, 2, 2, 2, 0, 2, 0, 0, 0, 1, 2, 0, 1, 0, 1, 2, 1, 0, 1, 1, 1, 1, 1, 2, 1, 0, 2, 2, 2, 0, 0, 1, 0, 1, 0, 2, 0, 1, 2]|[1, 0, 2, 0, 1, 4, 1, 2, 1, 1, 1, 1, 2, 4, 4, 1, 1, 2, 4, 2, 4, 1, 2, 0, 3, 3, 0, 0, 1, 1, 1, 4, 1, 4, 0, 1, 0, 2, 0, 1, 0, 3, 0, 1, 0, 2, 3, 1, 1, 4, 1, 2, 1, 1, 0, 2, 1, 1, 1, 1, 4, 1, 1, 1, 1, 1, 1, 1, 1, 1, 4, 1, 2, 0, 2, 4, 1, 0, 1, 1, 4, 3, 0, 4, 1, 0, 2, 1, 2, 1, 0, 0, 0, 2, 4, 2, 1, 1, 4, 0]|[0, 0, 1, 1, 0, 2, 0, 2, 0, 0, 0, 0, 1, 0, 0, 1, 0, 1, 3, 1, 2, 0, 0, 0, 3, 1, 0, 1, 0, 1, 0, 3, 0, 0, 0, 1, 0, 1, 0, 1, 3, 1, 1, 0, 1, 1, 0, 0, 0, 2, 0, 0, 0, 0, 1, 1, 0, 0, 0, 0, 0, 2, 0, 0, 0, 0, 0, 0, 0, 0, 3, 0, 1, 1, 0, 3, 0, 1, 1, 2, 3, 3, 2, 0, 0, 1, 0, 0, 1, 0, 0, 0, 1, 0, 0, 1, 0, 0, 0, 1]
event=944:G4_BALANCED:action:mode=exploit,state=1,draw=0.5300544708705289,action=0
event=945:G4_BALANCED:leader:action=0,fingerprint=[51, 8, 83, 31, 94, 11, 15, 22, 57, 19, 84, 77, 73, 1, 81, 14, 98, 79, 3, 16, 2, 99, 5, 91, 62, 43, 68, 76, 97, 40, 88, 30, 53, 20, 58, 93, 24, 72, 49, 59, 38, 28, 92, 67, 9, 18, 17, 87, 12, 26, 71, 74, 95, 63, 4, 47, 27, 37, 96, 23, 78, 10, 66, 6, 48, 56, 29, 64, 60, 46, 7, 36, 34, 85, 52, 55, 61, 86, 89, 41, 32, 39, 33, 42, 75, 80, 54, 25, 35, 82, 44, 0, 21, 50, 69, 70, 65, 13, 90, 45]|[2, 0, 1, 1, 2, 1, 0, 1, 2, 0, 0, 1, 0, 1, 1, 2, 0, 2, 1, 0, 1, 1, 0, 0, 1, 2, 1, 0, 1, 1, 0, 2, 1, 0, 1, 2, 2, 0, 0, 0, 2, 1, 1, 1, 0, 0, 2, 0, 1, 0, 2, 1, 2, 0, 2, 0, 0, 2, 1, 2, 0, 2, 1, 0, 0, 2, 2, 2, 2, 1, 0, 0, 0, 1, 0, 1, 0, 1, 2, 1, 2, 1, 0, 0, 2, 1, 1, 2, 2, 1, 0, 0, 2, 2, 0, 0, 1, 2, 1, 0]|[2, 2, 2, 2, 2, 4, 1, 2, 1, 1, 0, 4, 2, 4, 4, 2, 0, 1, 4, 2, 4, 1, 1, 0, 3, 2, 3, 0, 0, 1, 1, 0, 4, 2, 4, 0, 2, 0, 2, 0, 1, 0, 3, 0, 1, 1, 1, 2, 3, 1, 2, 4, 1, 2, 1, 0, 2, 1, 3, 1, 1, 1, 4, 0, 1, 1, 1, 1, 1, 4, 1, 1, 0, 0, 2, 4, 0, 4, 1, 0, 1, 4, 1, 2, 1, 4, 4, 1, 1, 0, 1, 0, 1, 1, 2, 1, 4, 1, 0, 2]|[0, 0, 1, 1, 0, 2, 0, 2, 0, 0, 0, 0, 1, 0, 0, 0, 0, 0, 3, 1, 2, 0, 0, 0, 3, 1, 1, 0, 1, 0, 1, 0, 3, 0, 0, 0, 0, 0, 1, 0, 1, 3, 1, 1, 0, 0, 0, 1, 0, 0, 0, 2, 0, 0, 0, 1, 1, 0, 3, 0, 0, 0, 1, 1, 0, 0, 0, 0, 0, 0, 0, 0, 0, 1, 1, 3, 0, 0, 1, 1, 0, 3, 1, 0, 0, 0, 3, 0, 0, 2, 1, 0, 0, 0, 0, 0, 0, 0, 1, 0]
event=946:G2_TEC:action:mode=explore,state=1,draw=0.8407520629353845,action=1
event=947:G2_TEC:leader:action=1,fingerprint=[51, 8, 83, 31, 94, 11, 15, 22, 57, 19, 84, 77, 73, 1, 81, 14, 98, 79, 3, 16, 2, 99, 5, 91, 62, 43, 68, 76, 97, 40, 88, 30, 53, 20, 58, 93, 24, 72, 49, 59, 38, 28, 92, 67, 9, 18, 17, 87, 12, 26, 71, 74, 95, 63, 4, 47, 27, 37, 96, 23, 78, 10, 66, 6, 48, 56, 29, 64, 60, 46, 7, 36, 34, 85, 52, 55, 61, 86, 89, 41, 32, 39, 33, 42, 75, 80, 54, 25, 35, 82, 44, 0, 21, 50, 69, 70, 65, 13, 90, 45]|[2, 0, 1, 1, 2, 1, 0, 1, 2, 0, 0, 1, 0, 1, 1, 2, 0, 2, 1, 0, 1, 1, 0, 0, 1, 2, 1, 0, 1, 1, 0, 2, 1, 0, 1, 2, 2, 0, 0, 0, 2, 1, 1, 1, 0, 0, 2, 0, 1, 0, 2, 1, 2, 0, 2, 0, 0, 2, 1, 2, 0, 2, 1, 0, 0, 2, 2, 2, 2, 1, 0, 0, 0, 1, 0, 1, 0, 1, 2, 1, 2, 1, 0, 0, 2, 1, 1, 2, 2, 1, 0, 0, 2, 2, 0, 0, 1, 2, 1, 0]|[2, 2, 2, 2, 2, 4, 1, 2, 1, 1, 0, 4, 2, 4, 4, 2, 0, 1, 4, 2, 4, 1, 1, 0, 3, 2, 3, 0, 0, 1, 1, 0, 4, 2, 4, 0, 2, 0, 2, 0, 1, 0, 3, 0, 1, 1, 1, 2, 3, 1, 2, 4, 1, 2, 1, 0, 2, 1, 3, 1, 1, 1, 4, 0, 1, 1, 1, 1, 1, 4, 1, 1, 0, 0, 2, 4, 0, 4, 1, 0, 1, 4, 1, 2, 1, 4, 4, 1, 1, 0, 1, 0, 1, 1, 2, 1, 4, 1, 0, 2]|[0, 0, 1, 1, 0, 2, 0, 2, 0, 0, 0, 0, 1, 0, 0, 0, 0, 0, 3, 1, 2, 0, 0, 0, 3, 1, 1, 0, 1, 0, 1, 0, 3, 0, 0, 0, 0, 0, 1, 0, 1, 3, 1, 1, 0, 0, 0, 1, 0, 0, 0, 2, 0, 0, 0, 1, 1, 0, 3, 0, 0, 0, 1, 1, 0, 0, 0, 0, 0, 0, 0, 0, 0, 1, 1, 3, 0, 0, 1, 1, 0, 3, 1, 0, 0, 0, 3, 0, 0, 2, 1, 0, 0, 0, 0, 0, 0, 0, 1, 0]
event=948:G3_TWC:action:mode=exploit,state=1,draw=0.5413911265351291,action=2
event=949:G3_TWC:tournament:reason=action2,left=2,right=58,selected=[51, 8, 83, 94, 11, 15, 77, 84, 19, 57, 22, 73, 81, 14, 16, 3, 79, 2, 99, 31, 5, 91, 20, 98, 76, 34, 67, 68, 48, 88, 30, 53, 43, 62, 92, 28, 38, 59, 49, 72, 24, 93, 58, 9, 18, 17, 87, 12, 26, 71, 74, 95, 63, 21, 47, 27, 37, 96, 6, 78, 10, 32, 46, 40, 82, 29, 64, 60, 23, 7, 36, 90, 85, 52, 42, 61, 89, 41, 4, 39, 33, 56, 45, 80, 97, 0, 66, 35, 55, 50, 75, 1, 54, 69, 65, 44, 25, 13, 86, 70]|[2, 0, 1, 2, 1, 0, 1, 0, 0, 2, 1, 0, 1, 1, 0, 1, 0, 1, 1, 1, 0, 0, 2, 1, 0, 1, 1, 1, 1, 0, 2, 1, 2, 1, 1, 1, 2, 0, 0, 0, 0, 2, 1, 0, 1, 2, 0, 1, 0, 2, 1, 2, 0, 2, 0, 0, 2, 1, 0, 0, 2, 2, 1, 1, 1, 2, 0, 2, 0, 0, 0, 1, 1, 0, 2, 0, 2, 1, 0, 2, 1, 2, 1, 1, 1, 0, 0, 2, 1, 2, 2, 1, 1, 0, 1, 0, 2, 2, 1, 0]|[2, 2, 4, 2, 2, 1, 1, 1, 1, 1, 2, 2, 4, 1, 2, 4, 2, 4, 1, 0, 1, 0, 1, 1, 0, 0, 0, 3, 1, 1, 0, 4, 2, 3, 3, 0, 1, 0, 2, 0, 1, 0, 4, 1, 0, 1, 2, 3, 1, 1, 4, 1, 2, 1, 0, 2, 1, 3, 1, 1, 1, 1, 4, 1, 0, 1, 2, 1, 1, 1, 1, 4, 4, 2, 1, 1, 1, 0, 1, 1, 1, 1, 0, 4, 0, 0, 0, 1, 4, 1, 1, 4, 4, 0, 4, 1, 1, 1, 4, 1]|[0, 0, 2, 0, 1, 0, 0, 0, 0, 0, 2, 1, 0, 1, 1, 3, 1, 2, 0, 1, 0, 0, 0, 0, 0, 1, 1, 1, 2, 1, 0, 3, 1, 3, 1, 3, 1, 0, 1, 0, 1, 0, 0, 0, 1, 0, 1, 0, 0, 0, 2, 0, 0, 0, 1, 1, 0, 3, 0, 0, 0, 0, 0, 0, 2, 0, 0, 0, 0, 0, 0, 3, 0, 1, 0, 0, 0, 1, 1, 0, 2, 0, 2, 0, 1, 0, 0, 0, 3, 0, 0, 0, 3, 0, 0, 1, 0, 0, 0, 0]
event=950:G3_TWC:leader:action=2,fingerprint=[51, 8, 83, 94, 11, 15, 77, 84, 19, 57, 22, 73, 81, 14, 16, 3, 79, 2, 99, 31, 5, 91, 20, 98, 76, 34, 67, 68, 48, 88, 30, 53, 43, 62, 92, 28, 38, 59, 49, 72, 24, 93, 58, 9, 18, 17, 87, 12, 26, 71, 74, 95, 63, 21, 47, 27, 37, 96, 6, 78, 10, 32, 46, 40, 82, 29, 64, 60, 23, 7, 36, 90, 85, 52, 42, 61, 89, 41, 4, 39, 33, 56, 45, 80, 97, 0, 66, 35, 55, 50, 75, 1, 54, 69, 65, 44, 25, 13, 86, 70]|[2, 0, 1, 2, 1, 0, 1, 0, 0, 2, 1, 0, 1, 1, 0, 1, 0, 1, 1, 1, 0, 0, 2, 1, 0, 1, 1, 1, 1, 0, 2, 1, 2, 1, 1, 1, 2, 0, 0, 0, 0, 2, 1, 0, 1, 2, 0, 1, 0, 2, 1, 2, 0, 2, 0, 0, 2, 1, 0, 0, 2, 2, 1, 1, 1, 2, 0, 2, 0, 0, 0, 1, 1, 0, 2, 0, 2, 1, 0, 2, 1, 2, 1, 1, 1, 0, 0, 2, 1, 2, 2, 1, 1, 0, 1, 0, 2, 2, 1, 0]|[2, 2, 4, 2, 2, 1, 1, 1, 1, 1, 2, 2, 4, 1, 2, 4, 2, 4, 1, 0, 1, 0, 1, 1, 0, 0, 0, 3, 1, 1, 0, 4, 2, 3, 3, 0, 1, 0, 2, 0, 1, 0, 4, 1, 0, 1, 2, 3, 1, 1, 4, 1, 2, 1, 0, 2, 1, 3, 1, 1, 1, 1, 4, 1, 0, 1, 2, 1, 1, 1, 1, 4, 4, 2, 1, 1, 1, 0, 1, 1, 1, 1, 0, 4, 0, 0, 0, 1, 4, 1, 1, 4, 4, 0, 4, 1, 1, 1, 4, 1]|[0, 0, 2, 0, 1, 0, 0, 0, 0, 0, 2, 1, 0, 1, 1, 3, 1, 2, 0, 1, 0, 0, 0, 0, 0, 1, 1, 1, 2, 1, 0, 3, 1, 3, 1, 3, 1, 0, 1, 0, 1, 0, 0, 0, 1, 0, 1, 0, 0, 0, 2, 0, 0, 0, 1, 1, 0, 3, 0, 0, 0, 0, 0, 0, 2, 0, 0, 0, 0, 0, 0, 3, 0, 1, 0, 0, 0, 1, 1, 0, 2, 0, 2, 0, 1, 0, 0, 0, 3, 0, 0, 0, 3, 0, 0, 1, 0, 0, 0, 0]
event=951:G1_CMAX:update:state=1,action=0,reward=-62.971855799701075,nextState=1,old=-287.7559369036402,new=-275.486862744781
event=952:G2_TEC:update:state=1,action=1,reward=-405.44534989439126,nextState=1,old=-1460.6756139010242,new=-1439.1093907597963
event=953:G3_TWC:update:state=1,action=2,reward=-5164.9694364137395,nextState=1,old=-13638.463055047287,new=-16075.739880451569
event=954:G4_BALANCED:update:state=1,action=0,reward=-0.033252983186692515,nextState=1,old=-0.18546133521538297,new=-0.1816220513589989
event=955:G1_CMAX:action:mode=explore,state=1,draw=0.8337206465740657,action=1
event=956:G1_CMAX:leader:action=1,fingerprint=[51, 8, 83, 50, 94, 11, 15, 22, 57, 19, 84, 77, 73, 1, 81, 14, 98, 16, 53, 44, 2, 40, 5, 91, 62, 68, 76, 97, 99, 88, 30, 3, 20, 58, 93, 24, 72, 49, 42, 38, 28, 92, 67, 9, 18, 87, 12, 26, 71, 74, 95, 63, 21, 17, 47, 27, 37, 78, 10, 32, 46, 48, 56, 6, 29, 64, 60, 23, 7, 36, 90, 85, 52, 59, 61, 54, 89, 41, 4, 33, 55, 96, 82, 80, 75, 31, 45, 35, 43, 39, 66, 0, 34, 69, 65, 79, 25, 13, 86, 70]|[2, 0, 1, 1, 2, 1, 0, 1, 2, 0, 0, 1, 0, 1, 1, 1, 1, 0, 1, 0, 1, 1, 0, 0, 1, 1, 0, 1, 1, 0, 2, 1, 2, 1, 2, 0, 0, 0, 0, 2, 1, 1, 1, 0, 1, 0, 1, 0, 2, 1, 2, 0, 2, 2, 0, 0, 2, 0, 2, 2, 1, 1, 2, 2, 2, 0, 2, 0, 0, 0, 1, 2, 0, 1, 0, 1, 2, 1, 0, 1, 1, 1, 1, 1, 2, 1, 0, 2, 2, 2, 0, 0, 1, 0, 1, 0, 2, 0, 1, 2]|[1, 0, 2, 0, 1, 4, 1, 2, 1, 1, 1, 1, 2, 4, 4, 1, 1, 2, 4, 2, 4, 1, 2, 0, 3, 3, 0, 0, 1, 1, 1, 4, 1, 4, 0, 1, 0, 2, 0, 1, 0, 3, 0, 1, 0, 2, 3, 1, 1, 4, 1, 2, 1, 1, 0, 2, 1, 1, 1, 1, 4, 1, 1, 1, 1, 1, 1, 1, 1, 1, 4, 1, 2, 0, 2, 4, 1, 0, 1, 1, 4, 3, 0, 4, 1, 0, 2, 1, 2, 1, 0, 0, 0, 2, 4, 2, 1, 1, 4, 0]|[0, 0, 1, 1, 0, 2, 0, 2, 0, 0, 0, 0, 1, 0, 0, 1, 0, 1, 3, 1, 2, 0, 0, 0, 3, 1, 0, 1, 0, 1, 0, 3, 0, 0, 0, 1, 0, 1, 0, 1, 3, 1, 1, 0, 1, 1, 0, 0, 0, 2, 0, 0, 0, 0, 1, 1, 0, 0, 0, 0, 0, 2, 0, 0, 0, 0, 0, 0, 0, 0, 3, 0, 1, 1, 0, 3, 0, 1, 1, 2, 3, 3, 2, 0, 0, 1, 0, 0, 1, 0, 0, 0, 1, 0, 0, 1, 0, 0, 0, 1]
event=957:G4_BALANCED:action:mode=exploit,state=1,draw=0.5854951521261884,action=0
event=958:G4_BALANCED:leader:action=0,fingerprint=[51, 8, 83, 31, 94, 11, 15, 22, 57, 19, 84, 77, 73, 1, 81, 14, 98, 79, 3, 16, 2, 99, 5, 91, 62, 43, 68, 76, 97, 40, 88, 30, 53, 20, 58, 93, 24, 72, 49, 59, 38, 28, 92, 67, 9, 18, 17, 87, 12, 26, 71, 74, 95, 63, 4, 47, 27, 37, 96, 23, 78, 10, 66, 6, 48, 56, 29, 64, 60, 46, 7, 36, 34, 85, 52, 55, 61, 86, 89, 41, 32, 39, 33, 42, 75, 80, 54, 25, 35, 82, 44, 0, 21, 50, 69, 70, 65, 13, 90, 45]|[2, 0, 1, 1, 2, 1, 0, 1, 2, 0, 0, 1, 0, 1, 1, 2, 0, 2, 1, 0, 1, 1, 0, 0, 1, 2, 1, 0, 1, 1, 0, 2, 1, 0, 1, 2, 2, 0, 0, 0, 2, 1, 1, 1, 0, 0, 2, 0, 1, 0, 2, 1, 2, 0, 2, 0, 0, 2, 1, 2, 0, 2, 1, 0, 0, 2, 2, 2, 2, 1, 0, 0, 0, 1, 0, 1, 0, 1, 2, 1, 2, 1, 0, 0, 2, 1, 1, 2, 2, 1, 0, 0, 2, 2, 0, 0, 1, 2, 1, 0]|[2, 2, 2, 2, 2, 4, 1, 2, 1, 1, 0, 4, 2, 4, 4, 2, 0, 1, 4, 2, 4, 1, 1, 0, 3, 2, 3, 0, 0, 1, 1, 0, 4, 2, 4, 0, 2, 0, 2, 0, 1, 0, 3, 0, 1, 1, 1, 2, 3, 1, 2, 4, 1, 2, 1, 0, 2, 1, 3, 1, 1, 1, 4, 0, 1, 1, 1, 1, 1, 4, 1, 1, 0, 0, 2, 4, 0, 4, 1, 0, 1, 4, 1, 2, 1, 4, 4, 1, 1, 0, 1, 0, 1, 1, 2, 1, 4, 1, 0, 2]|[0, 0, 1, 1, 0, 2, 0, 2, 0, 0, 0, 0, 1, 0, 0, 0, 0, 0, 3, 1, 2, 0, 0, 0, 3, 1, 1, 0, 1, 0, 1, 0, 3, 0, 0, 0, 0, 0, 1, 0, 1, 3, 1, 1, 0, 0, 0, 1, 0, 0, 0, 2, 0, 0, 0, 1, 1, 0, 3, 0, 0, 0, 1, 1, 0, 0, 0, 0, 0, 0, 0, 0, 0, 1, 1, 3, 0, 0, 1, 1, 0, 3, 1, 0, 0, 0, 3, 0, 0, 2, 1, 0, 0, 0, 0, 0, 0, 0, 1, 0]
event=959:G2_TEC:action:mode=exploit,state=1,draw=0.04911226516463829,action=0
event=960:G2_TEC:leader:action=0,fingerprint=[51, 8, 83, 31, 94, 11, 15, 22, 57, 19, 84, 77, 73, 1, 81, 14, 98, 79, 3, 16, 2, 99, 5, 91, 62, 43, 68, 76, 97, 40, 88, 30, 53, 20, 58, 93, 24, 72, 49, 59, 38, 28, 92, 67, 9, 18, 17, 87, 12, 26, 71, 74, 95, 63, 4, 47, 27, 37, 96, 23, 78, 10, 66, 6, 48, 56, 29, 64, 60, 46, 7, 36, 34, 85, 52, 55, 61, 86, 89, 41, 32, 39, 33, 42, 75, 80, 54, 25, 35, 82, 44, 0, 21, 50, 69, 70, 65, 13, 90, 45]|[2, 0, 1, 1, 2, 1, 0, 1, 2, 0, 0, 1, 0, 1, 1, 2, 0, 2, 1, 0, 1, 1, 0, 0, 1, 2, 1, 0, 1, 1, 0, 2, 1, 0, 1, 2, 2, 0, 0, 0, 2, 1, 1, 1, 0, 0, 2, 0, 1, 0, 2, 1, 2, 0, 2, 0, 0, 2, 1, 2, 0, 2, 1, 0, 0, 2, 2, 2, 2, 1, 0, 0, 0, 1, 0, 1, 0, 1, 2, 1, 2, 1, 0, 0, 2, 1, 1, 2, 2, 1, 0, 0, 2, 2, 0, 0, 1, 2, 1, 0]|[2, 2, 2, 2, 2, 4, 1, 2, 1, 1, 0, 4, 2, 4, 4, 2, 0, 1, 4, 2, 4, 1, 1, 0, 3, 2, 3, 0, 0, 1, 1, 0, 4, 2, 4, 0, 2, 0, 2, 0, 1, 0, 3, 0, 1, 1, 1, 2, 3, 1, 2, 4, 1, 2, 1, 0, 2, 1, 3, 1, 1, 1, 4, 0, 1, 1, 1, 1, 1, 4, 1, 1, 0, 0, 2, 4, 0, 4, 1, 0, 1, 4, 1, 2, 1, 4, 4, 1, 1, 0, 1, 0, 1, 1, 2, 1, 4, 1, 0, 2]|[0, 0, 1, 1, 0, 2, 0, 2, 0, 0, 0, 0, 1, 0, 0, 0, 0, 0, 3, 1, 2, 0, 0, 0, 3, 1, 1, 0, 1, 0, 1, 0, 3, 0, 0, 0, 0, 0, 1, 0, 1, 3, 1, 1, 0, 0, 0, 1, 0, 0, 0, 2, 0, 0, 0, 1, 1, 0, 3, 0, 0, 0, 1, 1, 0, 0, 0, 0, 0, 0, 0, 0, 0, 1, 1, 3, 0, 0, 1, 1, 0, 3, 1, 0, 0, 0, 3, 0, 0, 2, 1, 0, 0, 0, 0, 0, 0, 0, 1, 0]
event=961:G3_TWC:action:mode=exploit,state=1,draw=0.7505727058263659,action=2
event=962:G3_TWC:tournament:reason=action2,left=46,right=5,selected=[51, 8, 83, 94, 11, 15, 22, 57, 19, 84, 77, 73, 1, 81, 14, 31, 90, 16, 82, 79, 2, 85, 5, 91, 62, 43, 68, 76, 40, 88, 30, 53, 20, 58, 93, 24, 72, 49, 59, 38, 28, 92, 67, 9, 18, 17, 87, 12, 26, 71, 74, 95, 63, 21, 47, 27, 37, 96, 6, 78, 10, 32, 46, 48, 56, 29, 64, 60, 23, 7, 36, 98, 33, 52, 34, 61, 54, 89, 41, 4, 39, 99, 55, 50, 80, 75, 42, 3, 97, 70, 66, 0, 86, 69, 65, 44, 25, 13, 45, 35]|[2, 0, 1, 2, 1, 0, 1, 2, 0, 0, 1, 0, 1, 2, 1, 1, 1, 0, 1, 0, 0, 1, 0, 0, 1, 2, 0, 0, 1, 0, 2, 1, 0, 1, 2, 0, 0, 0, 0, 2, 1, 1, 1, 0, 1, 2, 0, 1, 0, 2, 1, 2, 0, 2, 0, 0, 2, 1, 0, 0, 2, 2, 1, 1, 2, 2, 0, 2, 0, 0, 0, 1, 1, 0, 1, 0, 1, 2, 1, 0, 2, 1, 2, 1, 1, 2, 1, 1, 1, 2, 0, 0, 1, 0, 1, 0, 2, 2, 1, 0]|[2, 2, 2, 2, 2, 1, 2, 1, 1, 1, 1, 2, 4, 1, 1, 0, 4, 2, 0, 2, 1, 4, 1, 0, 3, 2, 2, 0, 1, 1, 0, 4, 2, 4, 0, 1, 0, 2, 0, 1, 0, 3, 0, 1, 0, 1, 2, 3, 1, 1, 4, 1, 2, 1, 0, 2, 1, 3, 1, 1, 1, 1, 4, 1, 1, 1, 2, 1, 1, 1, 1, 4, 1, 2, 0, 1, 4, 1, 0, 1, 1, 4, 1, 0, 4, 1, 0, 4, 0, 1, 0, 0, 4, 2, 4, 1, 1, 1, 4, 1]|[0, 0, 2, 0, 1, 0, 2, 0, 0, 0, 0, 1, 0, 0, 1, 1, 3, 1, 2, 1, 0, 0, 0, 0, 3, 1, 0, 0, 0, 1, 0, 3, 0, 0, 0, 1, 0, 1, 0, 1, 3, 1, 1, 0, 1, 0, 1, 0, 0, 0, 2, 0, 0, 0, 1, 1, 0, 3, 0, 0, 0, 0, 0, 2, 0, 0, 0, 0, 0, 0, 0, 0, 2, 1, 1, 0, 3, 0, 1, 1, 0, 0, 0, 1, 0, 0, 1, 3, 1, 0, 0, 0, 0, 0, 0, 1, 0, 0, 3, 0]
event=963:G3_TWC:leader:action=2,fingerprint=[51, 8, 83, 94, 11, 15, 22, 57, 19, 84, 77, 73, 1, 81, 14, 31, 90, 16, 82, 79, 2, 85, 5, 91, 62, 43, 68, 76, 40, 88, 30, 53, 20, 58, 93, 24, 72, 49, 59, 38, 28, 92, 67, 9, 18, 17, 87, 12, 26, 71, 74, 95, 63, 21, 47, 27, 37, 96, 6, 78, 10, 32, 46, 48, 56, 29, 64, 60, 23, 7, 36, 98, 33, 52, 34, 61, 54, 89, 41, 4, 39, 99, 55, 50, 80, 75, 42, 3, 97, 70, 66, 0, 86, 69, 65, 44, 25, 13, 45, 35]|[2, 0, 1, 2, 1, 0, 1, 2, 0, 0, 1, 0, 1, 2, 1, 1, 1, 0, 1, 0, 0, 1, 0, 0, 1, 2, 0, 0, 1, 0, 2, 1, 0, 1, 2, 0, 0, 0, 0, 2, 1, 1, 1, 0, 1, 2, 0, 1, 0, 2, 1, 2, 0, 2, 0, 0, 2, 1, 0, 0, 2, 2, 1, 1, 2, 2, 0, 2, 0, 0, 0, 1, 1, 0, 1, 0, 1, 2, 1, 0, 2, 1, 2, 1, 1, 2, 1, 1, 1, 2, 0, 0, 1, 0, 1, 0, 2, 2, 1, 0]|[2, 2, 2, 2, 2, 1, 2, 1, 1, 1, 1, 2, 4, 1, 1, 0, 4, 2, 0, 2, 1, 4, 1, 0, 3, 2, 2, 0, 1, 1, 0, 4, 2, 4, 0, 1, 0, 2, 0, 1, 0, 3, 0, 1, 0, 1, 2, 3, 1, 1, 4, 1, 2, 1, 0, 2, 1, 3, 1, 1, 1, 1, 4, 1, 1, 1, 2, 1, 1, 1, 1, 4, 1, 2, 0, 1, 4, 1, 0, 1, 1, 4, 1, 0, 4, 1, 0, 4, 0, 1, 0, 0, 4, 2, 4, 1, 1, 1, 4, 1]|[0, 0, 2, 0, 1, 0, 2, 0, 0, 0, 0, 1, 0, 0, 1, 1, 3, 1, 2, 1, 0, 0, 0, 0, 3, 1, 0, 0, 0, 1, 0, 3, 0, 0, 0, 1, 0, 1, 0, 1, 3, 1, 1, 0, 1, 0, 1, 0, 0, 0, 2, 0, 0, 0, 1, 1, 0, 3, 0, 0, 0, 0, 0, 2, 0, 0, 0, 0, 0, 0, 0, 0, 2, 1, 1, 0, 3, 0, 1, 1, 0, 0, 0, 1, 0, 0, 1, 3, 1, 0, 0, 0, 0, 0, 0, 1, 0, 0, 3, 0]
event=964:G1_CMAX:update:state=1,action=1,reward=-65.31579380254209,nextState=1,old=-265.6437586813498,new=-277.830800747622
event=965:G2_TEC:update:state=1,action=0,reward=-432.98959846586513,nextState=1,old=-1292.0800510817562,new=-1466.6536393312701
event=966:G3_TWC:update:state=1,action=2,reward=-9898.335753964042,nextState=1,old=-16075.739880451569,new=-22758.927658325298
event=967:G4_BALANCED:update:state=1,action=0,reward=-0.03464594637970189,nextState=1,old=-0.1816220513589989,new=-0.179943587466901
event=968:G1_CMAX:action:mode=exploit,state=1,draw=0.6323282224851485,action=0
event=969:G1_CMAX:leader:action=0,fingerprint=[51, 8, 83, 50, 94, 11, 15, 22, 57, 19, 84, 77, 73, 1, 81, 14, 98, 16, 53, 44, 2, 40, 5, 91, 62, 68, 76, 97, 99, 88, 30, 3, 20, 58, 93, 24, 72, 49, 42, 38, 28, 92, 67, 9, 18, 87, 12, 26, 71, 74, 95, 63, 21, 17, 47, 27, 37, 78, 10, 32, 46, 48, 56, 6, 29, 64, 60, 23, 7, 36, 90, 85, 52, 59, 61, 54, 89, 41, 4, 33, 55, 96, 82, 80, 75, 31, 45, 35, 43, 39, 66, 0, 34, 69, 65, 79, 25, 13, 86, 70]|[2, 0, 1, 1, 2, 1, 0, 1, 2, 0, 0, 1, 0, 1, 1, 1, 1, 0, 1, 0, 1, 1, 0, 0, 1, 1, 0, 1, 1, 0, 2, 1, 2, 1, 2, 0, 0, 0, 0, 2, 1, 1, 1, 0, 1, 0, 1, 0, 2, 1, 2, 0, 2, 2, 0, 0, 2, 0, 2, 2, 1, 1, 2, 2, 2, 0, 2, 0, 0, 0, 1, 2, 0, 1, 0, 1, 2, 1, 0, 1, 1, 1, 1, 1, 2, 1, 0, 2, 2, 2, 0, 0, 1, 0, 1, 0, 2, 0, 1, 2]|[1, 0, 2, 0, 1, 4, 1, 2, 1, 1, 1, 1, 2, 4, 4, 1, 1, 2, 4, 2, 4, 1, 2, 0, 3, 3, 0, 0, 1, 1, 1, 4, 1, 4, 0, 1, 0, 2, 0, 1, 0, 3, 0, 1, 0, 2, 3, 1, 1, 4, 1, 2, 1, 1, 0, 2, 1, 1, 1, 1, 4, 1, 1, 1, 1, 1, 1, 1, 1, 1, 4, 1, 2, 0, 2, 4, 1, 0, 1, 1, 4, 3, 0, 4, 1, 0, 2, 1, 2, 1, 0, 0, 0, 2, 4, 2, 1, 1, 4, 0]|[0, 0, 1, 1, 0, 2, 0, 2, 0, 0, 0, 0, 1, 0, 0, 1, 0, 1, 3, 1, 2, 0, 0, 0, 3, 1, 0, 1, 0, 1, 0, 3, 0, 0, 0, 1, 0, 1, 0, 1, 3, 1, 1, 0, 1, 1, 0, 0, 0, 2, 0, 0, 0, 0, 1, 1, 0, 0, 0, 0, 0, 2, 0, 0, 0, 0, 0, 0, 0, 0, 3, 0, 1, 1, 0, 3, 0, 1, 1, 2, 3, 3, 2, 0, 0, 1, 0, 0, 1, 0, 0, 0, 1, 0, 0, 1, 0, 0, 0, 1]
event=970:G4_BALANCED:action:mode=exploit,state=1,draw=0.4220806649074663,action=0
event=971:G4_BALANCED:leader:action=0,fingerprint=[51, 8, 83, 31, 94, 11, 15, 22, 57, 19, 84, 77, 73, 1, 81, 14, 98, 79, 3, 16, 2, 99, 5, 91, 62, 43, 68, 76, 97, 40, 88, 30, 53, 20, 58, 93, 24, 72, 49, 59, 38, 28, 92, 67, 9, 18, 17, 87, 12, 26, 71, 74, 95, 63, 4, 47, 27, 37, 96, 23, 78, 10, 66, 6, 48, 56, 29, 64, 60, 46, 7, 36, 34, 85, 52, 55, 61, 86, 89, 41, 32, 39, 33, 42, 75, 80, 54, 25, 35, 82, 44, 0, 21, 50, 69, 70, 65, 13, 90, 45]|[2, 0, 1, 1, 2, 1, 0, 1, 2, 0, 0, 1, 0, 1, 1, 2, 0, 2, 1, 0, 1, 1, 0, 0, 1, 2, 1, 0, 1, 1, 0, 2, 1, 0, 1, 2, 2, 0, 0, 0, 2, 1, 1, 1, 0, 0, 2, 0, 1, 0, 2, 1, 2, 0, 2, 0, 0, 2, 1, 2, 0, 2, 1, 0, 0, 2, 2, 2, 2, 1, 0, 0, 0, 1, 0, 1, 0, 1, 2, 1, 2, 1, 0, 0, 2, 1, 1, 2, 2, 1, 0, 0, 2, 2, 0, 0, 1, 2, 1, 0]|[2, 2, 2, 2, 2, 4, 1, 2, 1, 1, 0, 4, 2, 4, 4, 2, 0, 1, 4, 2, 4, 1, 1, 0, 3, 2, 3, 0, 0, 1, 1, 0, 4, 2, 4, 0, 2, 0, 2, 0, 1, 0, 3, 0, 1, 1, 1, 2, 3, 1, 2, 4, 1, 2, 1, 0, 2, 1, 3, 1, 1, 1, 4, 0, 1, 1, 1, 1, 1, 4, 1, 1, 0, 0, 2, 4, 0, 4, 1, 0, 1, 4, 1, 2, 1, 4, 4, 1, 1, 0, 1, 0, 1, 1, 2, 1, 4, 1, 0, 2]|[0, 0, 1, 1, 0, 2, 0, 2, 0, 0, 0, 0, 1, 0, 0, 0, 0, 0, 3, 1, 2, 0, 0, 0, 3, 1, 1, 0, 1, 0, 1, 0, 3, 0, 0, 0, 0, 0, 1, 0, 1, 3, 1, 1, 0, 0, 0, 1, 0, 0, 0, 2, 0, 0, 0, 1, 1, 0, 3, 0, 0, 0, 1, 1, 0, 0, 0, 0, 0, 0, 0, 0, 0, 1, 1, 3, 0, 0, 1, 1, 0, 3, 1, 0, 0, 0, 3, 0, 0, 2, 1, 0, 0, 0, 0, 0, 0, 0, 1, 0]
event=972:G2_TEC:action:mode=exploit,state=1,draw=0.5431146373693124,action=1
event=973:G2_TEC:leader:action=1,fingerprint=[51, 8, 83, 31, 94, 11, 15, 22, 57, 19, 84, 77, 73, 1, 81, 14, 98, 79, 3, 16, 2, 99, 5, 91, 62, 43, 68, 76, 97, 40, 88, 30, 53, 20, 58, 93, 24, 72, 49, 59, 38, 28, 92, 67, 9, 18, 17, 87, 12, 26, 71, 74, 95, 63, 4, 47, 27, 37, 96, 23, 78, 10, 66, 6, 48, 56, 29, 64, 60, 46, 7, 36, 34, 85, 52, 55, 61, 86, 89, 41, 32, 39, 33, 42, 75, 80, 54, 25, 35, 82, 44, 0, 21, 50, 69, 70, 65, 13, 90, 45]|[2, 0, 1, 1, 2, 1, 0, 1, 2, 0, 0, 1, 0, 1, 1, 2, 0, 2, 1, 0, 1, 1, 0, 0, 1, 2, 1, 0, 1, 1, 0, 2, 1, 0, 1, 2, 2, 0, 0, 0, 2, 1, 1, 1, 0, 0, 2, 0, 1, 0, 2, 1, 2, 0, 2, 0, 0, 2, 1, 2, 0, 2, 1, 0, 0, 2, 2, 2, 2, 1, 0, 0, 0, 1, 0, 1, 0, 1, 2, 1, 2, 1, 0, 0, 2, 1, 1, 2, 2, 1, 0, 0, 2, 2, 0, 0, 1, 2, 1, 0]|[2, 2, 2, 2, 2, 4, 1, 2, 1, 1, 0, 4, 2, 4, 4, 2, 0, 1, 4, 2, 4, 1, 1, 0, 3, 2, 3, 0, 0, 1, 1, 0, 4, 2, 4, 0, 2, 0, 2, 0, 1, 0, 3, 0, 1, 1, 1, 2, 3, 1, 2, 4, 1, 2, 1, 0, 2, 1, 3, 1, 1, 1, 4, 0, 1, 1, 1, 1, 1, 4, 1, 1, 0, 0, 2, 4, 0, 4, 1, 0, 1, 4, 1, 2, 1, 4, 4, 1, 1, 0, 1, 0, 1, 1, 2, 1, 4, 1, 0, 2]|[0, 0, 1, 1, 0, 2, 0, 2, 0, 0, 0, 0, 1, 0, 0, 0, 0, 0, 3, 1, 2, 0, 0, 0, 3, 1, 1, 0, 1, 0, 1, 0, 3, 0, 0, 0, 0, 0, 1, 0, 1, 3, 1, 1, 0, 0, 0, 1, 0, 0, 0, 2, 0, 0, 0, 1, 1, 0, 3, 0, 0, 0, 1, 1, 0, 0, 0, 0, 0, 0, 0, 0, 0, 1, 1, 3, 0, 0, 1, 1, 0, 3, 1, 0, 0, 0, 3, 0, 0, 2, 1, 0, 0, 0, 0, 0, 0, 0, 1, 0]
event=974:G3_TWC:action:mode=exploit,state=1,draw=0.45816082993626495,action=1
event=975:G3_TWC:leader:action=1,fingerprint=[51, 8, 83, 94, 11, 15, 77, 84, 19, 57, 22, 73, 81, 14, 16, 3, 79, 2, 99, 31, 5, 91, 20, 98, 76, 34, 67, 68, 48, 88, 30, 53, 43, 62, 92, 28, 38, 59, 49, 72, 24, 93, 58, 9, 18, 17, 87, 12, 26, 71, 74, 95, 63, 21, 47, 27, 37, 96, 6, 78, 10, 32, 46, 40, 82, 29, 64, 60, 23, 7, 36, 90, 85, 52, 42, 61, 89, 41, 4, 39, 33, 56, 45, 80, 97, 0, 66, 35, 55, 50, 75, 1, 54, 69, 65, 44, 25, 13, 86, 70]|[2, 0, 1, 2, 1, 0, 1, 0, 0, 2, 1, 0, 1, 1, 0, 1, 0, 1, 1, 1, 0, 0, 2, 1, 0, 1, 1, 1, 1, 0, 2, 1, 2, 1, 1, 1, 2, 0, 0, 0, 0, 2, 1, 0, 1, 2, 0, 1, 0, 2, 1, 2, 0, 2, 0, 0, 2, 1, 0, 0, 2, 2, 1, 1, 1, 2, 0, 2, 0, 0, 0, 1, 1, 0, 2, 0, 2, 1, 0, 2, 1, 2, 1, 1, 1, 0, 0, 2, 1, 2, 2, 1, 1, 0, 1, 0, 2, 2, 1, 0]|[2, 2, 4, 2, 2, 1, 1, 1, 1, 1, 2, 2, 4, 1, 2, 4, 2, 4, 1, 0, 1, 0, 1, 1, 0, 0, 0, 3, 1, 1, 0, 4, 2, 3, 3, 0, 1, 0, 2, 0, 1, 0, 4, 1, 0, 1, 2, 3, 1, 1, 4, 1, 2, 1, 0, 2, 1, 3, 1, 1, 1, 1, 4, 1, 0, 1, 2, 1, 1, 1, 1, 4, 4, 2, 1, 1, 1, 0, 1, 1, 1, 1, 0, 4, 0, 0, 0, 1, 4, 1, 1, 4, 4, 0, 4, 1, 1, 1, 4, 1]|[0, 0, 2, 0, 1, 0, 0, 0, 0, 0, 2, 1, 0, 1, 1, 3, 1, 2, 0, 1, 0, 0, 0, 0, 0, 1, 1, 1, 2, 1, 0, 3, 1, 3, 1, 3, 1, 0, 1, 0, 1, 0, 0, 0, 1, 0, 1, 0, 0, 0, 2, 0, 0, 0, 1, 1, 0, 3, 0, 0, 0, 0, 0, 0, 2, 0, 0, 0, 0, 0, 0, 3, 0, 1, 0, 0, 0, 1, 1, 0, 2, 0, 2, 0, 1, 0, 0, 0, 3, 0, 0, 0, 3, 0, 0, 1, 0, 0, 0, 0]
event=976:G1_CMAX:update:state=1,action=0,reward=-39.445903471795305,nextState=1,old=-275.486862744781,new=-259.8353936676201
event=977:G2_TEC:update:state=1,action=1,reward=-407.40351352906873,nextState=1,old=-1439.1093907597963,new=-1558.6910261369057
event=978:G3_TWC:update:state=1,action=1,reward=-6286.9747357421,nextState=1,old=-16221.434628800584,new=-19264.122438782568
event=979:G4_BALANCED:update:state=1,action=0,reward=-0.0393867046123758,nextState=1,old=-0.179943587466901,new=-0.18334157458589662
event=980:G1_CMAX:action:mode=exploit,state=1,draw=0.051931984522953334,action=0
event=981:G1_CMAX:leader:action=0,fingerprint=[51, 8, 83, 50, 94, 11, 15, 22, 57, 19, 84, 77, 73, 1, 81, 14, 98, 16, 53, 44, 2, 40, 5, 91, 62, 68, 76, 97, 99, 88, 30, 3, 20, 58, 93, 24, 72, 49, 42, 38, 28, 92, 67, 9, 18, 87, 12, 26, 71, 74, 95, 63, 21, 17, 47, 27, 37, 78, 10, 32, 46, 48, 56, 6, 29, 64, 60, 23, 7, 36, 90, 85, 52, 59, 61, 54, 89, 41, 4, 33, 55, 96, 82, 80, 75, 31, 45, 35, 43, 39, 66, 0, 34, 69, 65, 79, 25, 13, 86, 70]|[2, 0, 1, 1, 2, 1, 0, 1, 2, 0, 0, 1, 0, 1, 1, 1, 1, 0, 1, 0, 1, 1, 0, 0, 1, 1, 0, 1, 1, 0, 2, 1, 2, 1, 2, 0, 0, 0, 0, 2, 1, 1, 1, 0, 1, 0, 1, 0, 2, 1, 2, 0, 2, 2, 0, 0, 2, 0, 2, 2, 1, 1, 2, 2, 2, 0, 2, 0, 0, 0, 1, 2, 0, 1, 0, 1, 2, 1, 0, 1, 1, 1, 1, 1, 2, 1, 0, 2, 2, 2, 0, 0, 1, 0, 1, 0, 2, 0, 1, 2]|[1, 0, 2, 0, 1, 4, 1, 2, 1, 1, 1, 1, 2, 4, 4, 1, 1, 2, 4, 2, 4, 1, 2, 0, 3, 3, 0, 0, 1, 1, 1, 4, 1, 4, 0, 1, 0, 2, 0, 1, 0, 3, 0, 1, 0, 2, 3, 1, 1, 4, 1, 2, 1, 1, 0, 2, 1, 1, 1, 1, 4, 1, 1, 1, 1, 1, 1, 1, 1, 1, 4, 1, 2, 0, 2, 4, 1, 0, 1, 1, 4, 3, 0, 4, 1, 0, 2, 1, 2, 1, 0, 0, 0, 2, 4, 2, 1, 1, 4, 0]|[0, 0, 1, 1, 0, 2, 0, 2, 0, 0, 0, 0, 1, 0, 0, 1, 0, 1, 3, 1, 2, 0, 0, 0, 3, 1, 0, 1, 0, 1, 0, 3, 0, 0, 0, 1, 0, 1, 0, 1, 3, 1, 1, 0, 1, 1, 0, 0, 0, 2, 0, 0, 0, 0, 1, 1, 0, 0, 0, 0, 0, 2, 0, 0, 0, 0, 0, 0, 0, 0, 3, 0, 1, 1, 0, 3, 0, 1, 1, 2, 3, 3, 2, 0, 0, 1, 0, 0, 1, 0, 0, 0, 1, 0, 0, 1, 0, 0, 0, 1]
event=982:G4_BALANCED:action:mode=exploit,state=1,draw=0.6962865609350392,action=0
event=983:G4_BALANCED:leader:action=0,fingerprint=[51, 8, 83, 31, 94, 11, 15, 22, 57, 19, 84, 77, 73, 1, 81, 14, 98, 79, 3, 16, 2, 99, 5, 91, 62, 43, 68, 76, 97, 40, 88, 30, 53, 20, 58, 93, 24, 72, 49, 59, 38, 28, 92, 67, 9, 18, 17, 87, 12, 26, 71, 74, 95, 63, 4, 47, 27, 37, 96, 23, 78, 10, 66, 6, 48, 56, 29, 64, 60, 46, 7, 36, 34, 85, 52, 55, 61, 86, 89, 41, 32, 39, 33, 42, 75, 80, 54, 25, 35, 82, 44, 0, 21, 50, 69, 70, 65, 13, 90, 45]|[2, 0, 1, 1, 2, 1, 0, 1, 2, 0, 0, 1, 0, 1, 1, 2, 0, 2, 1, 0, 1, 1, 0, 0, 1, 2, 1, 0, 1, 1, 0, 2, 1, 0, 1, 2, 2, 0, 0, 0, 2, 1, 1, 1, 0, 0, 2, 0, 1, 0, 2, 1, 2, 0, 2, 0, 0, 2, 1, 2, 0, 2, 1, 0, 0, 2, 2, 2, 2, 1, 0, 0, 0, 1, 0, 1, 0, 1, 2, 1, 2, 1, 0, 0, 2, 1, 1, 2, 2, 1, 0, 0, 2, 2, 0, 0, 1, 2, 1, 0]|[2, 2, 2, 2, 2, 4, 1, 2, 1, 1, 0, 4, 2, 4, 4, 2, 0, 1, 4, 2, 4, 1, 1, 0, 3, 2, 3, 0, 0, 1, 1, 0, 4, 2, 4, 0, 2, 0, 2, 0, 1, 0, 3, 0, 1, 1, 1, 2, 3, 1, 2, 4, 1, 2, 1, 0, 2, 1, 3, 1, 1, 1, 4, 0, 1, 1, 1, 1, 1, 4, 1, 1, 0, 0, 2, 4, 0, 4, 1, 0, 1, 4, 1, 2, 1, 4, 4, 1, 1, 0, 1, 0, 1, 1, 2, 1, 4, 1, 0, 2]|[0, 0, 1, 1, 0, 2, 0, 2, 0, 0, 0, 0, 1, 0, 0, 0, 0, 0, 3, 1, 2, 0, 0, 0, 3, 1, 1, 0, 1, 0, 1, 0, 3, 0, 0, 0, 0, 0, 1, 0, 1, 3, 1, 1, 0, 0, 0, 1, 0, 0, 0, 2, 0, 0, 0, 1, 1, 0, 3, 0, 0, 0, 1, 1, 0, 0, 0, 0, 0, 0, 0, 0, 0, 1, 1, 3, 0, 0, 1, 1, 0, 3, 1, 0, 0, 0, 3, 0, 0, 2, 1, 0, 0, 0, 0, 0, 0, 0, 1, 0]
event=984:G2_TEC:action:mode=exploit,state=1,draw=0.01901007305628577,action=0
event=985:G2_TEC:leader:action=0,fingerprint=[51, 8, 83, 31, 94, 11, 15, 22, 57, 19, 84, 77, 73, 1, 81, 14, 98, 79, 3, 16, 2, 99, 5, 91, 62, 43, 68, 76, 97, 40, 88, 30, 53, 20, 58, 93, 24, 72, 49, 59, 38, 28, 92, 67, 9, 18, 17, 87, 12, 26, 71, 74, 95, 63, 4, 47, 27, 37, 96, 23, 78, 10, 66, 6, 48, 56, 29, 64, 60, 46, 7, 36, 34, 85, 52, 55, 61, 86, 89, 41, 32, 39, 33, 42, 75, 80, 54, 25, 35, 82, 44, 0, 21, 50, 69, 70, 65, 13, 90, 45]|[2, 0, 1, 1, 2, 1, 0, 1, 2, 0, 0, 1, 0, 1, 1, 2, 0, 2, 1, 0, 1, 1, 0, 0, 1, 2, 1, 0, 1, 1, 0, 2, 1, 0, 1, 2, 2, 0, 0, 0, 2, 1, 1, 1, 0, 0, 2, 0, 1, 0, 2, 1, 2, 0, 2, 0, 0, 2, 1, 2, 0, 2, 1, 0, 0, 2, 2, 2, 2, 1, 0, 0, 0, 1, 0, 1, 0, 1, 2, 1, 2, 1, 0, 0, 2, 1, 1, 2, 2, 1, 0, 0, 2, 2, 0, 0, 1, 2, 1, 0]|[2, 2, 2, 2, 2, 4, 1, 2, 1, 1, 0, 4, 2, 4, 4, 2, 0, 1, 4, 2, 4, 1, 1, 0, 3, 2, 3, 0, 0, 1, 1, 0, 4, 2, 4, 0, 2, 0, 2, 0, 1, 0, 3, 0, 1, 1, 1, 2, 3, 1, 2, 4, 1, 2, 1, 0, 2, 1, 3, 1, 1, 1, 4, 0, 1, 1, 1, 1, 1, 4, 1, 1, 0, 0, 2, 4, 0, 4, 1, 0, 1, 4, 1, 2, 1, 4, 4, 1, 1, 0, 1, 0, 1, 1, 2, 1, 4, 1, 0, 2]|[0, 0, 1, 1, 0, 2, 0, 2, 0, 0, 0, 0, 1, 0, 0, 0, 0, 0, 3, 1, 2, 0, 0, 0, 3, 1, 1, 0, 1, 0, 1, 0, 3, 0, 0, 0, 0, 0, 1, 0, 1, 3, 1, 1, 0, 0, 0, 1, 0, 0, 0, 2, 0, 0, 0, 1, 1, 0, 3, 0, 0, 0, 1, 1, 0, 0, 0, 0, 0, 0, 0, 0, 0, 1, 1, 3, 0, 0, 1, 1, 0, 3, 1, 0, 0, 0, 3, 0, 0, 2, 1, 0, 0, 0, 0, 0, 0, 0, 1, 0]
event=986:G3_TWC:action:mode=exploit,state=1,draw=0.2071695861223889,action=0
event=987:G3_TWC:leader:action=0,fingerprint=[51, 8, 83, 94, 11, 15, 77, 84, 19, 57, 22, 73, 81, 14, 16, 3, 79, 2, 99, 31, 5, 91, 20, 98, 76, 34, 67, 68, 48, 88, 30, 53, 43, 62, 92, 28, 38, 59, 49, 72, 24, 93, 58, 9, 18, 17, 87, 12, 26, 71, 74, 95, 63, 21, 47, 27, 37, 96, 6, 78, 10, 32, 46, 40, 82, 29, 64, 60, 23, 7, 36, 90, 85, 52, 42, 61, 89, 41, 4, 39, 33, 56, 45, 80, 97, 0, 66, 35, 55, 50, 75, 1, 54, 69, 65, 44, 25, 13, 86, 70]|[2, 0, 1, 2, 1, 0, 1, 0, 0, 2, 1, 0, 1, 1, 0, 1, 0, 1, 1, 1, 0, 0, 2, 1, 0, 1, 1, 1, 1, 0, 2, 1, 2, 1, 1, 1, 2, 0, 0, 0, 0, 2, 1, 0, 1, 2, 0, 1, 0, 2, 1, 2, 0, 2, 0, 0, 2, 1, 0, 0, 2, 2, 1, 1, 1, 2, 0, 2, 0, 0, 0, 1, 1, 0, 2, 0, 2, 1, 0, 2, 1, 2, 1, 1, 1, 0, 0, 2, 1, 2, 2, 1, 1, 0, 1, 0, 2, 2, 1, 0]|[2, 2, 4, 2, 2, 1, 1, 1, 1, 1, 2, 2, 4, 1, 2, 4, 2, 4, 1, 0, 1, 0, 1, 1, 0, 0, 0, 3, 1, 1, 0, 4, 2, 3, 3, 0, 1, 0, 2, 0, 1, 0, 4, 1, 0, 1, 2, 3, 1, 1, 4, 1, 2, 1, 0, 2, 1, 3, 1, 1, 1, 1, 4, 1, 0, 1, 2, 1, 1, 1, 1, 4, 4, 2, 1, 1, 1, 0, 1, 1, 1, 1, 0, 4, 0, 0, 0, 1, 4, 1, 1, 4, 4, 0, 4, 1, 1, 1, 4, 1]|[0, 0, 2, 0, 1, 0, 0, 0, 0, 0, 2, 1, 0, 1, 1, 3, 1, 2, 0, 1, 0, 0, 0, 0, 0, 1, 1, 1, 2, 1, 0, 3, 1, 3, 1, 3, 1, 0, 1, 0, 1, 0, 0, 0, 1, 0, 1, 0, 0, 0, 2, 0, 0, 0, 1, 1, 0, 3, 0, 0, 0, 0, 0, 0, 2, 0, 0, 0, 0, 0, 0, 3, 0, 1, 0, 0, 0, 1, 1, 0, 2, 0, 2, 0, 1, 0, 0, 0, 3, 0, 0, 0, 3, 0, 0, 1, 0, 0, 0, 0]
event=988:G1_CMAX:update:state=1,action=0,reward=-45.90082626818173,nextState=1,old=-259.8353936676201,new=-253.76914120227784
event=989:G2_TEC:update:state=1,action=0,reward=-319.55297111838445,nextState=1,old=-1466.6536393312701,new=-1492.8758825834007
event=990:G3_TWC:update:state=1,action=0,reward=-4910.479422147953,nextState=1,old=-18410.67967400232,new=-19639.02316134981
event=991:G4_BALANCED:update:state=1,action=0,reward=-0.05322808402603338,nextState=1,old=-0.18334157458589662,new=-0.19990134369475068
event=992:G1_CMAX:action:mode=exploit,state=1,draw=0.4422465047217121,action=0
event=993:G1_CMAX:leader:action=0,fingerprint=[51, 8, 83, 50, 94, 11, 15, 22, 57, 19, 84, 77, 73, 1, 81, 14, 98, 16, 53, 44, 2, 40, 5, 91, 62, 68, 76, 97, 99, 88, 30, 3, 20, 58, 93, 24, 72, 49, 42, 38, 28, 92, 67, 9, 18, 87, 12, 26, 71, 74, 95, 63, 21, 17, 47, 27, 37, 78, 10, 32, 46, 48, 56, 6, 29, 64, 60, 23, 7, 36, 90, 85, 52, 59, 61, 54, 89, 41, 4, 33, 55, 96, 82, 80, 75, 31, 45, 35, 43, 39, 66, 0, 34, 69, 65, 79, 25, 13, 86, 70]|[2, 0, 1, 1, 2, 1, 0, 1, 2, 0, 0, 1, 0, 1, 1, 1, 1, 0, 1, 0, 1, 1, 0, 0, 1, 1, 0, 1, 1, 0, 2, 1, 2, 1, 2, 0, 0, 0, 0, 2, 1, 1, 1, 0, 1, 0, 1, 0, 2, 1, 2, 0, 2, 2, 0, 0, 2, 0, 2, 2, 1, 1, 2, 2, 2, 0, 2, 0, 0, 0, 1, 2, 0, 1, 0, 1, 2, 1, 0, 1, 1, 1, 1, 1, 2, 1, 0, 2, 2, 2, 0, 0, 1, 0, 1, 0, 2, 0, 1, 2]|[1, 0, 2, 0, 1, 4, 1, 2, 1, 1, 1, 1, 2, 4, 4, 1, 1, 2, 4, 2, 4, 1, 2, 0, 3, 3, 0, 0, 1, 1, 1, 4, 1, 4, 0, 1, 0, 2, 0, 1, 0, 3, 0, 1, 0, 2, 3, 1, 1, 4, 1, 2, 1, 1, 0, 2, 1, 1, 1, 1, 4, 1, 1, 1, 1, 1, 1, 1, 1, 1, 4, 1, 2, 0, 2, 4, 1, 0, 1, 1, 4, 3, 0, 4, 1, 0, 2, 1, 2, 1, 0, 0, 0, 2, 4, 2, 1, 1, 4, 0]|[0, 0, 1, 1, 0, 2, 0, 2, 0, 0, 0, 0, 1, 0, 0, 1, 0, 1, 3, 1, 2, 0, 0, 0, 3, 1, 0, 1, 0, 1, 0, 3, 0, 0, 0, 1, 0, 1, 0, 1, 3, 1, 1, 0, 1, 1, 0, 0, 0, 2, 0, 0, 0, 0, 1, 1, 0, 0, 0, 0, 0, 2, 0, 0, 0, 0, 0, 0, 0, 0, 3, 0, 1, 1, 0, 3, 0, 1, 1, 2, 3, 3, 2, 0, 0, 1, 0, 0, 1, 0, 0, 0, 1, 0, 0, 1, 0, 0, 0, 1]
event=994:G4_BALANCED:action:mode=exploit,state=1,draw=0.6179166564950322,action=0
event=995:G4_BALANCED:leader:action=0,fingerprint=[51, 8, 83, 31, 94, 11, 15, 22, 57, 19, 84, 77, 73, 1, 81, 14, 98, 79, 3, 16, 2, 99, 5, 91, 62, 43, 68, 76, 97, 40, 88, 30, 53, 20, 58, 93, 24, 72, 49, 59, 38, 28, 92, 67, 9, 18, 17, 87, 12, 26, 71, 74, 95, 63, 4, 47, 27, 37, 96, 23, 78, 10, 66, 6, 48, 56, 29, 64, 60, 46, 7, 36, 34, 85, 52, 55, 61, 86, 89, 41, 32, 39, 33, 42, 75, 80, 54, 25, 35, 82, 44, 0, 21, 50, 69, 70, 65, 13, 90, 45]|[2, 0, 1, 1, 2, 1, 0, 1, 2, 0, 0, 1, 0, 1, 1, 2, 0, 2, 1, 0, 1, 1, 0, 0, 1, 2, 1, 0, 1, 1, 0, 2, 1, 0, 1, 2, 2, 0, 0, 0, 2, 1, 1, 1, 0, 0, 2, 0, 1, 0, 2, 1, 2, 0, 2, 0, 0, 2, 1, 2, 0, 2, 1, 0, 0, 2, 2, 2, 2, 1, 0, 0, 0, 1, 0, 1, 0, 1, 2, 1, 2, 1, 0, 0, 2, 1, 1, 2, 2, 1, 0, 0, 2, 2, 0, 0, 1, 2, 1, 0]|[2, 2, 2, 2, 2, 4, 1, 2, 1, 1, 0, 4, 2, 4, 4, 2, 0, 1, 4, 2, 4, 1, 1, 0, 3, 2, 3, 0, 0, 1, 1, 0, 4, 2, 4, 0, 2, 0, 2, 0, 1, 0, 3, 0, 1, 1, 1, 2, 3, 1, 2, 4, 1, 2, 1, 0, 2, 1, 3, 1, 1, 1, 4, 0, 1, 1, 1, 1, 1, 4, 1, 1, 0, 0, 2, 4, 0, 4, 1, 0, 1, 4, 1, 2, 1, 4, 4, 1, 1, 0, 1, 0, 1, 1, 2, 1, 4, 1, 0, 2]|[0, 0, 1, 1, 0, 2, 0, 2, 0, 0, 0, 0, 1, 0, 0, 0, 0, 0, 3, 1, 2, 0, 0, 0, 3, 1, 1, 0, 1, 0, 1, 0, 3, 0, 0, 0, 0, 0, 1, 0, 1, 3, 1, 1, 0, 0, 0, 1, 0, 0, 0, 2, 0, 0, 0, 1, 1, 0, 3, 0, 0, 0, 1, 1, 0, 0, 0, 0, 0, 0, 0, 0, 0, 1, 1, 3, 0, 0, 1, 1, 0, 3, 1, 0, 0, 0, 3, 0, 0, 2, 1, 0, 0, 0, 0, 0, 0, 0, 1, 0]
event=996:G2_TEC:action:mode=explore,state=1,draw=0.9093596581916364,action=0
event=997:G2_TEC:leader:action=0,fingerprint=[51, 8, 83, 31, 94, 11, 15, 22, 57, 19, 84, 77, 73, 1, 81, 14, 98, 79, 3, 16, 2, 99, 5, 91, 62, 43, 68, 76, 97, 40, 88, 30, 53, 20, 58, 93, 24, 72, 49, 59, 38, 28, 92, 67, 9, 18, 17, 87, 12, 26, 71, 74, 95, 63, 4, 47, 27, 37, 96, 23, 78, 10, 66, 6, 48, 56, 29, 64, 60, 46, 7, 36, 34, 85, 52, 55, 61, 86, 89, 41, 32, 39, 33, 42, 75, 80, 54, 25, 35, 82, 44, 0, 21, 50, 69, 70, 65, 13, 90, 45]|[2, 0, 1, 1, 2, 1, 0, 1, 2, 0, 0, 1, 0, 1, 1, 2, 0, 2, 1, 0, 1, 1, 0, 0, 1, 2, 1, 0, 1, 1, 0, 2, 1, 0, 1, 2, 2, 0, 0, 0, 2, 1, 1, 1, 0, 0, 2, 0, 1, 0, 2, 1, 2, 0, 2, 0, 0, 2, 1, 2, 0, 2, 1, 0, 0, 2, 2, 2, 2, 1, 0, 0, 0, 1, 0, 1, 0, 1, 2, 1, 2, 1, 0, 0, 2, 1, 1, 2, 2, 1, 0, 0, 2, 2, 0, 0, 1, 2, 1, 0]|[2, 2, 2, 2, 2, 4, 1, 2, 1, 1, 0, 4, 2, 4, 4, 2, 0, 1, 4, 2, 4, 1, 1, 0, 3, 2, 3, 0, 0, 1, 1, 0, 4, 2, 4, 0, 2, 0, 2, 0, 1, 0, 3, 0, 1, 1, 1, 2, 3, 1, 2, 4, 1, 2, 1, 0, 2, 1, 3, 1, 1, 1, 4, 0, 1, 1, 1, 1, 1, 4, 1, 1, 0, 0, 2, 4, 0, 4, 1, 0, 1, 4, 1, 2, 1, 4, 4, 1, 1, 0, 1, 0, 1, 1, 2, 1, 4, 1, 0, 2]|[0, 0, 1, 1, 0, 2, 0, 2, 0, 0, 0, 0, 1, 0, 0, 0, 0, 0, 3, 1, 2, 0, 0, 0, 3, 1, 1, 0, 1, 0, 1, 0, 3, 0, 0, 0, 0, 0, 1, 0, 1, 3, 1, 1, 0, 0, 0, 1, 0, 0, 0, 2, 0, 0, 0, 1, 1, 0, 3, 0, 0, 0, 1, 1, 0, 0, 0, 0, 0, 0, 0, 0, 0, 1, 1, 3, 0, 0, 1, 1, 0, 3, 1, 0, 0, 0, 3, 0, 0, 2, 1, 0, 0, 0, 0, 0, 0, 0, 1, 0]
event=998:G3_TWC:action:mode=exploit,state=1,draw=0.6957421222505353,action=1
event=999:G3_TWC:leader:action=1,fingerprint=[51, 8, 83, 94, 11, 15, 77, 84, 19, 57, 22, 73, 81, 14, 16, 3, 79, 2, 99, 31, 5, 91, 20, 98, 76, 34, 67, 68, 48, 88, 30, 53, 43, 62, 92, 28, 38, 59, 49, 72, 24, 93, 58, 9, 18, 17, 87, 12, 26, 71, 74, 95, 63, 21, 47, 27, 37, 96, 6, 78, 10, 32, 46, 40, 82, 29, 64, 60, 23, 7, 36, 90, 85, 52, 42, 61, 89, 41, 4, 39, 33, 56, 45, 80, 97, 0, 66, 35, 55, 50, 75, 1, 54, 69, 65, 44, 25, 13, 86, 70]|[2, 0, 1, 2, 1, 0, 1, 0, 0, 2, 1, 0, 1, 1, 0, 1, 0, 1, 1, 1, 0, 0, 2, 1, 0, 1, 1, 1, 1, 0, 2, 1, 2, 1, 1, 1, 2, 0, 0, 0, 0, 2, 1, 0, 1, 2, 0, 1, 0, 2, 1, 2, 0, 2, 0, 0, 2, 1, 0, 0, 2, 2, 1, 1, 1, 2, 0, 2, 0, 0, 0, 1, 1, 0, 2, 0, 2, 1, 0, 2, 1, 2, 1, 1, 1, 0, 0, 2, 1, 2, 2, 1, 1, 0, 1, 0, 2, 2, 1, 0]|[2, 2, 4, 2, 2, 1, 1, 1, 1, 1, 2, 2, 4, 1, 2, 4, 2, 4, 1, 0, 1, 0, 1, 1, 0, 0, 0, 3, 1, 1, 0, 4, 2, 3, 3, 0, 1, 0, 2, 0, 1, 0, 4, 1, 0, 1, 2, 3, 1, 1, 4, 1, 2, 1, 0, 2, 1, 3, 1, 1, 1, 1, 4, 1, 0, 1, 2, 1, 1, 1, 1, 4, 4, 2, 1, 1, 1, 0, 1, 1, 1, 1, 0, 4, 0, 0, 0, 1, 4, 1, 1, 4, 4, 0, 4, 1, 1, 1, 4, 1]|[0, 0, 2, 0, 1, 0, 0, 0, 0, 0, 2, 1, 0, 1, 1, 3, 1, 2, 0, 1, 0, 0, 0, 0, 0, 1, 1, 1, 2, 1, 0, 3, 1, 3, 1, 3, 1, 0, 1, 0, 1, 0, 0, 0, 1, 0, 1, 0, 0, 0, 2, 0, 0, 0, 1, 1, 0, 3, 0, 0, 0, 0, 0, 0, 2, 0, 0, 0, 0, 0, 0, 3, 0, 1, 0, 0, 0, 1, 1, 0, 2, 0, 2, 0, 1, 0, 0, 0, 3, 0, 0, 0, 3, 0, 0, 1, 0, 0, 0, 0]
event=1000:G1_CMAX:update:state=1,action=0,reward=-52.43389450430186,nextState=1,old=-253.76914120227784,new=-255.44920746612414
event=1001:G2_TEC:update:state=1,action=0,reward=-325.4102203440998,nextState=1,old=-1492.8758825834007,new=-1519.7109264108203
event=1002:G3_TWC:update:state=1,action=1,reward=-6253.237801906711,nextState=1,old=-19264.122438782568,new=-21664.535752932767
event=1003:G4_BALANCED:update:state=1,action=0,reward=0.0023757854761644282,nextState=0,old=-0.19990134369475068,new=0.0023757854761644326
event=1004:G1_CMAX:action:mode=exploit,state=1,draw=0.35389861880629336,action=0
event=1005:G1_CMAX:leader:action=0,fingerprint=[51, 8, 83, 50, 94, 11, 15, 22, 57, 19, 84, 77, 73, 1, 81, 14, 98, 16, 53, 44, 2, 40, 5, 91, 62, 68, 76, 97, 99, 88, 30, 3, 20, 58, 93, 24, 72, 49, 42, 38, 28, 92, 67, 9, 18, 87, 12, 26, 71, 74, 95, 63, 21, 17, 47, 27, 37, 78, 10, 32, 46, 48, 56, 6, 29, 64, 60, 23, 7, 36, 90, 85, 52, 59, 61, 54, 89, 41, 4, 33, 55, 96, 82, 80, 75, 31, 45, 35, 43, 39, 66, 0, 34, 69, 65, 79, 25, 13, 86, 70]|[2, 0, 1, 1, 2, 1, 0, 1, 2, 0, 0, 1, 0, 1, 1, 1, 1, 0, 1, 0, 1, 1, 0, 0, 1, 1, 0, 1, 1, 0, 2, 1, 2, 1, 2, 0, 0, 0, 0, 2, 1, 1, 1, 0, 1, 0, 1, 0, 2, 1, 2, 0, 2, 2, 0, 0, 2, 0, 2, 2, 1, 1, 2, 2, 2, 0, 2, 0, 0, 0, 1, 2, 0, 1, 0, 1, 2, 1, 0, 1, 1, 1, 1, 1, 2, 1, 0, 2, 2, 2, 0, 0, 1, 0, 1, 0, 2, 0, 1, 2]|[1, 0, 2, 0, 1, 4, 1, 2, 1, 1, 1, 1, 2, 4, 4, 1, 1, 2, 4, 2, 4, 1, 2, 0, 3, 3, 0, 0, 1, 1, 1, 4, 1, 4, 0, 1, 0, 2, 0, 1, 0, 3, 0, 1, 0, 2, 3, 1, 1, 4, 1, 2, 1, 1, 0, 2, 1, 1, 1, 1, 4, 1, 1, 1, 1, 1, 1, 1, 1, 1, 4, 1, 2, 0, 2, 4, 1, 0, 1, 1, 4, 3, 0, 4, 1, 0, 2, 1, 2, 1, 0, 0, 0, 2, 4, 2, 1, 1, 4, 0]|[0, 0, 1, 1, 0, 2, 0, 2, 0, 0, 0, 0, 1, 0, 0, 1, 0, 1, 3, 1, 2, 0, 0, 0, 3, 1, 0, 1, 0, 1, 0, 3, 0, 0, 0, 1, 0, 1, 0, 1, 3, 1, 1, 0, 1, 1, 0, 0, 0, 2, 0, 0, 0, 0, 1, 1, 0, 0, 0, 0, 0, 2, 0, 0, 0, 0, 0, 0, 0, 0, 3, 0, 1, 1, 0, 3, 0, 1, 1, 2, 3, 3, 2, 0, 0, 1, 0, 0, 1, 0, 0, 0, 1, 0, 0, 1, 0, 0, 0, 1]
event=1006:G4_BALANCED:action:mode=exploit,state=0,draw=0.7332732637636727,action=2
event=1007:G4_BALANCED:tournament:reason=action2,left=80,right=57,selected=[51, 8, 83, 31, 94, 11, 15, 22, 57, 19, 84, 77, 73, 1, 81, 14, 98, 79, 3, 16, 2, 99, 5, 91, 62, 43, 68, 76, 97, 40, 88, 30, 53, 20, 58, 93, 24, 72, 49, 59, 38, 28, 92, 67, 9, 18, 17, 87, 12, 26, 71, 74, 95, 63, 4, 47, 27, 37, 96, 23, 78, 10, 66, 6, 48, 56, 29, 64, 60, 46, 7, 36, 34, 85, 52, 55, 61, 86, 89, 41, 32, 39, 33, 42, 75, 80, 54, 25, 35, 70, 44, 0, 21, 50, 65, 69, 90, 13, 82, 45]|[2, 0, 1, 1, 2, 1, 0, 2, 2, 1, 0, 1, 0, 1, 1, 2, 0, 2, 1, 0, 1, 1, 0, 0, 1, 0, 1, 0, 1, 1, 0, 2, 1, 0, 1, 2, 2, 0, 0, 0, 2, 1, 1, 1, 0, 0, 2, 0, 1, 0, 2, 1, 2, 0, 2, 0, 0, 2, 1, 2, 0, 2, 1, 0, 0, 2, 2, 2, 2, 1, 0, 0, 0, 1, 0, 1, 0, 1, 2, 1, 2, 1, 0, 0, 2, 1, 1, 2, 2, 0, 0, 0, 2, 2, 1, 0, 1, 2, 1, 0]|[2, 2, 2, 2, 2, 4, 1, 1, 1, 4, 1, 4, 2, 4, 4, 2, 0, 1, 4, 2, 4, 1, 1, 0, 3, 1, 3, 0, 0, 1, 1, 0, 4, 2, 4, 0, 2, 0, 2, 0, 1, 0, 3, 0, 2, 1, 1, 2, 3, 1, 2, 4, 1, 2, 1, 0, 2, 1, 3, 1, 1, 1, 4, 0, 1, 1, 1, 1, 1, 4, 1, 1, 0, 0, 2, 4, 0, 4, 1, 0, 1, 4, 1, 2, 1, 4, 4, 1, 1, 1, 1, 0, 1, 1, 4, 2, 0, 1, 0, 2]|[0, 0, 1, 1, 0, 2, 0, 0, 0, 1, 0, 0, 1, 0, 0, 0, 0, 0, 3, 1, 2, 0, 0, 0, 3, 0, 1, 0, 1, 0, 1, 0, 3, 0, 0, 0, 0, 0, 1, 0, 1, 3, 1, 1, 0, 0, 0, 1, 0, 0, 0, 2, 0, 0, 0, 1, 0, 0, 3, 0, 0, 0, 1, 1, 0, 0, 0, 0, 0, 0, 0, 0, 0, 1, 1, 3, 0, 0, 1, 1, 0, 3, 1, 0, 0, 0, 3, 0, 0, 0, 1, 0, 0, 0, 0, 0, 1, 0, 2, 0]
event=1008:G4_BALANCED:leader:action=2,fingerprint=[51, 8, 83, 31, 94, 11, 15, 22, 57, 19, 84, 77, 73, 1, 81, 14, 98, 79, 3, 16, 2, 99, 5, 91, 62, 43, 68, 76, 97, 40, 88, 30, 53, 20, 58, 93, 24, 72, 49, 59, 38, 28, 92, 67, 9, 18, 17, 87, 12, 26, 71, 74, 95, 63, 4, 47, 27, 37, 96, 23, 78, 10, 66, 6, 48, 56, 29, 64, 60, 46, 7, 36, 34, 85, 52, 55, 61, 86, 89, 41, 32, 39, 33, 42, 75, 80, 54, 25, 35, 70, 44, 0, 21, 50, 65, 69, 90, 13, 82, 45]|[2, 0, 1, 1, 2, 1, 0, 2, 2, 1, 0, 1, 0, 1, 1, 2, 0, 2, 1, 0, 1, 1, 0, 0, 1, 0, 1, 0, 1, 1, 0, 2, 1, 0, 1, 2, 2, 0, 0, 0, 2, 1, 1, 1, 0, 0, 2, 0, 1, 0, 2, 1, 2, 0, 2, 0, 0, 2, 1, 2, 0, 2, 1, 0, 0, 2, 2, 2, 2, 1, 0, 0, 0, 1, 0, 1, 0, 1, 2, 1, 2, 1, 0, 0, 2, 1, 1, 2, 2, 0, 0, 0, 2, 2, 1, 0, 1, 2, 1, 0]|[2, 2, 2, 2, 2, 4, 1, 1, 1, 4, 1, 4, 2, 4, 4, 2, 0, 1, 4, 2, 4, 1, 1, 0, 3, 1, 3, 0, 0, 1, 1, 0, 4, 2, 4, 0, 2, 0, 2, 0, 1, 0, 3, 0, 2, 1, 1, 2, 3, 1, 2, 4, 1, 2, 1, 0, 2, 1, 3, 1, 1, 1, 4, 0, 1, 1, 1, 1, 1, 4, 1, 1, 0, 0, 2, 4, 0, 4, 1, 0, 1, 4, 1, 2, 1, 4, 4, 1, 1, 1, 1, 0, 1, 1, 4, 2, 0, 1, 0, 2]|[0, 0, 1, 1, 0, 2, 0, 0, 0, 1, 0, 0, 1, 0, 0, 0, 0, 0, 3, 1, 2, 0, 0, 0, 3, 0, 1, 0, 1, 0, 1, 0, 3, 0, 0, 0, 0, 0, 1, 0, 1, 3, 1, 1, 0, 0, 0, 1, 0, 0, 0, 2, 0, 0, 0, 1, 0, 0, 3, 0, 0, 0, 1, 1, 0, 0, 0, 0, 0, 0, 0, 0, 0, 1, 1, 3, 0, 0, 1, 1, 0, 3, 1, 0, 0, 0, 3, 0, 0, 0, 1, 0, 0, 0, 0, 0, 1, 0, 2, 0]
event=1009:G2_TEC:action:mode=exploit,state=1,draw=0.4996026247231652,action=0
event=1010:G2_TEC:leader:action=0,fingerprint=[51, 8, 83, 31, 94, 11, 15, 22, 57, 19, 84, 77, 73, 1, 81, 14, 98, 79, 3, 16, 2, 99, 5, 91, 62, 43, 68, 76, 97, 40, 88, 30, 53, 20, 58, 93, 24, 72, 49, 59, 38, 28, 92, 67, 9, 18, 17, 87, 12, 26, 71, 74, 95, 63, 4, 47, 27, 37, 96, 23, 78, 10, 66, 6, 48, 56, 29, 64, 60, 46, 7, 36, 34, 85, 52, 55, 61, 86, 89, 41, 32, 39, 33, 42, 75, 80, 54, 25, 70, 35, 21, 50, 44, 0, 69, 82, 65, 13, 90, 45]|[2, 0, 1, 1, 2, 1, 0, 1, 2, 0, 0, 1, 0, 1, 1, 2, 0, 2, 1, 0, 1, 1, 0, 0, 1, 2, 1, 0, 1, 1, 0, 2, 1, 0, 1, 2, 2, 0, 0, 0, 2, 1, 1, 1, 0, 0, 2, 0, 1, 0, 2, 1, 2, 0, 2, 0, 0, 2, 1, 2, 0, 2, 1, 0, 0, 2, 2, 2, 2, 1, 0, 0, 0, 1, 0, 1, 0, 1, 2, 1, 2, 1, 0, 0, 2, 1, 1, 2, 0, 2, 2, 2, 0, 0, 0, 1, 1, 2, 1, 0]|[2, 2, 2, 2, 2, 4, 1, 2, 1, 1, 0, 4, 2, 4, 4, 2, 0, 1, 4, 2, 4, 1, 1, 0, 3, 2, 3, 0, 0, 1, 1, 0, 4, 2, 4, 0, 2, 0, 2, 0, 1, 0, 3, 0, 1, 1, 1, 2, 3, 1, 2, 4, 1, 2, 1, 0, 2, 1, 3, 1, 1, 1, 4, 0, 1, 1, 1, 1, 1, 4, 1, 1, 0, 0, 2, 4, 0, 4, 1, 0, 1, 4, 1, 2, 1, 4, 4, 1, 1, 1, 1, 1, 1, 2, 2, 0, 4, 1, 0, 2]|[0, 0, 1, 1, 0, 2, 0, 2, 0, 0, 0, 0, 1, 0, 0, 0, 0, 0, 3, 1, 2, 0, 0, 0, 3, 1, 1, 0, 1, 0, 1, 0, 3, 0, 0, 0, 0, 0, 1, 0, 1, 3, 1, 1, 0, 0, 0, 1, 0, 0, 0, 2, 0, 0, 0, 1, 1, 0, 3, 0, 0, 0, 1, 1, 0, 0, 0, 0, 0, 0, 0, 0, 0, 1, 1, 3, 0, 0, 1, 1, 0, 3, 1, 0, 0, 0, 3, 0, 0, 0, 0, 0, 1, 0, 0, 2, 0, 0, 1, 0]
event=1011:G3_TWC:action:mode=exploit,state=1,draw=0.6541433287939608,action=0
event=1012:G3_TWC:leader:action=0,fingerprint=[51, 8, 83, 94, 11, 15, 77, 84, 19, 57, 22, 73, 81, 14, 16, 3, 79, 2, 99, 31, 5, 91, 20, 98, 76, 34, 67, 68, 48, 88, 30, 53, 43, 62, 92, 28, 38, 59, 49, 72, 24, 93, 58, 9, 18, 17, 87, 12, 26, 71, 74, 95, 63, 21, 47, 27, 37, 96, 6, 78, 10, 32, 46, 40, 82, 29, 64, 60, 23, 7, 36, 90, 85, 52, 42, 61, 89, 41, 4, 39, 33, 56, 45, 80, 97, 0, 66, 35, 55, 50, 75, 1, 54, 69, 65, 44, 25, 13, 86, 70]|[2, 0, 1, 2, 1, 0, 1, 0, 0, 2, 1, 0, 1, 1, 0, 1, 0, 1, 1, 1, 0, 0, 2, 1, 0, 1, 1, 1, 1, 0, 2, 1, 2, 1, 1, 1, 2, 0, 0, 0, 0, 2, 1, 0, 1, 2, 0, 1, 0, 2, 1, 2, 0, 2, 0, 0, 2, 1, 0, 0, 2, 2, 1, 1, 1, 2, 0, 2, 0, 0, 0, 1, 1, 0, 2, 0, 2, 1, 0, 2, 1, 2, 1, 1, 1, 0, 0, 2, 1, 2, 2, 1, 1, 0, 1, 0, 2, 2, 1, 0]|[2, 2, 4, 2, 2, 1, 1, 1, 1, 1, 2, 2, 4, 1, 2, 4, 2, 4, 1, 0, 1, 0, 1, 1, 0, 0, 0, 3, 1, 1, 0, 4, 2, 3, 3, 0, 1, 0, 2, 0, 1, 0, 4, 1, 0, 1, 2, 3, 1, 1, 4, 1, 2, 1, 0, 2, 1, 3, 1, 1, 1, 1, 4, 1, 0, 1, 2, 1, 1, 1, 1, 4, 4, 2, 1, 1, 1, 0, 1, 1, 1, 1, 0, 4, 0, 0, 0, 1, 4, 1, 1, 4, 4, 0, 4, 1, 1, 1, 4, 1]|[0, 0, 2, 0, 1, 0, 0, 0, 0, 0, 2, 1, 0, 1, 1, 3, 1, 2, 0, 1, 0, 0, 0, 0, 0, 1, 1, 1, 2, 1, 0, 3, 1, 3, 1, 3, 1, 0, 1, 0, 1, 0, 0, 0, 1, 0, 1, 0, 0, 0, 2, 0, 0, 0, 1, 1, 0, 3, 0, 0, 0, 0, 0, 0, 2, 0, 0, 0, 0, 0, 0, 3, 0, 1, 0, 0, 0, 1, 1, 0, 2, 0, 2, 0, 1, 0, 0, 0, 3, 0, 0, 0, 3, 0, 0, 1, 0, 0, 0, 0]
event=1013:G1_CMAX:update:state=1,action=0,reward=-56.63306866013204,nextState=1,old=-255.44920746612414,new=-260.9924346330314
event=1014:G2_TEC:update:state=1,action=0,reward=-457.75475955910224,nextState=1,old=-1519.7109264108203,new=-1673.5235006877585
event=1015:G3_TWC:update:state=1,action=0,reward=-7989.597203818426,nextState=1,old=-19639.02316134981,new=-23700.815732898278
event=1016:G4_BALANCED:update:state=0,action=2,reward=-0.03104151433661969,nextState=1,old=0.0,new=-0.029140885955688145
event=1017:G1_CMAX:action:mode=exploit,state=1,draw=0.29002128273965044,action=0
event=1018:G1_CMAX:leader:action=0,fingerprint=[51, 8, 83, 50, 94, 11, 15, 22, 57, 19, 84, 77, 73, 1, 81, 14, 98, 16, 53, 44, 2, 40, 5, 91, 62, 68, 76, 97, 99, 88, 30, 3, 20, 58, 93, 24, 72, 49, 42, 38, 28, 92, 67, 9, 18, 87, 12, 26, 71, 74, 95, 63, 21, 17, 47, 27, 37, 78, 10, 32, 46, 48, 56, 6, 29, 64, 60, 23, 7, 36, 90, 85, 52, 59, 61, 54, 89, 41, 4, 33, 55, 96, 82, 80, 75, 31, 45, 35, 43, 39, 66, 0, 34, 69, 65, 79, 25, 13, 86, 70]|[2, 0, 1, 1, 2, 1, 0, 1, 2, 0, 0, 1, 0, 1, 1, 1, 1, 0, 1, 0, 1, 1, 0, 0, 1, 1, 0, 1, 1, 0, 2, 1, 2, 1, 2, 0, 0, 0, 0, 2, 1, 1, 1, 0, 1, 0, 1, 0, 2, 1, 2, 0, 2, 2, 0, 0, 2, 0, 2, 2, 1, 1, 2, 2, 2, 0, 2, 0, 0, 0, 1, 2, 0, 1, 0, 1, 2, 1, 0, 1, 1, 1, 1, 1, 2, 1, 0, 2, 2, 2, 0, 0, 1, 0, 1, 0, 2, 0, 1, 2]|[1, 0, 2, 0, 1, 4, 1, 2, 1, 1, 1, 1, 2, 4, 4, 1, 1, 2, 4, 2, 4, 1, 2, 0, 3, 3, 0, 0, 1, 1, 1, 4, 1, 4, 0, 1, 0, 2, 0, 1, 0, 3, 0, 1, 0, 2, 3, 1, 1, 4, 1, 2, 1, 1, 0, 2, 1, 1, 1, 1, 4, 1, 1, 1, 1, 1, 1, 1, 1, 1, 4, 1, 2, 0, 2, 4, 1, 0, 1, 1, 4, 3, 0, 4, 1, 0, 2, 1, 2, 1, 0, 0, 0, 2, 4, 2, 1, 1, 4, 0]|[0, 0, 1, 1, 0, 2, 0, 2, 0, 0, 0, 0, 1, 0, 0, 1, 0, 1, 3, 1, 2, 0, 0, 0, 3, 1, 0, 1, 0, 1, 0, 3, 0, 0, 0, 1, 0, 1, 0, 1, 3, 1, 1, 0, 1, 1, 0, 0, 0, 2, 0, 0, 0, 0, 1, 1, 0, 0, 0, 0, 0, 2, 0, 0, 0, 0, 0, 0, 0, 0, 3, 0, 1, 1, 0, 3, 0, 1, 1, 2, 3, 3, 2, 0, 0, 1, 0, 0, 1, 0, 0, 0, 1, 0, 0, 1, 0, 0, 0, 1]
event=1019:G4_BALANCED:action:mode=explore,state=1,draw=0.8549735192824423,action=2
event=1020:G4_BALANCED:tournament:reason=action2,left=22,right=54,selected=[51, 8, 83, 31, 94, 11, 15, 22, 57, 19, 84, 77, 73, 1, 81, 14, 98, 79, 3, 16, 2, 99, 5, 91, 62, 43, 68, 76, 97, 40, 88, 30, 53, 20, 58, 93, 24, 72, 49, 59, 38, 28, 92, 67, 9, 18, 17, 87, 12, 26, 71, 74, 95, 63, 21, 47, 27, 37, 96, 6, 78, 10, 32, 46, 48, 56, 29, 64, 60, 23, 7, 36, 90, 85, 52, 55, 61, 86, 89, 41, 66, 54, 33, 42, 39, 80, 75, 0, 65, 70, 45, 4, 35, 34, 44, 69, 25, 13, 82, 50]|[2, 0, 1, 1, 2, 1, 0, 1, 2, 1, 0, 1, 0, 1, 2, 1, 1, 2, 1, 0, 1, 1, 0, 0, 1, 2, 1, 0, 1, 1, 2, 2, 1, 0, 1, 2, 0, 0, 0, 0, 2, 1, 1, 1, 0, 1, 2, 0, 1, 0, 2, 1, 2, 0, 2, 0, 2, 2, 1, 2, 0, 2, 2, 1, 1, 2, 2, 0, 2, 0, 0, 0, 0, 1, 0, 2, 0, 1, 2, 1, 0, 1, 0, 2, 2, 1, 1, 0, 1, 0, 0, 0, 2, 1, 2, 0, 2, 2, 1, 1]|[2, 2, 2, 2, 2, 4, 1, 2, 1, 1, 1, 1, 2, 4, 1, 1, 1, 1, 4, 2, 4, 1, 1, 0, 3, 2, 3, 0, 0, 1, 1, 0, 4, 2, 4, 0, 1, 0, 2, 0, 1, 0, 3, 0, 1, 0, 1, 2, 3, 1, 1, 4, 1, 2, 1, 0, 1, 1, 3, 1, 1, 1, 1, 4, 1, 1, 1, 2, 1, 1, 1, 1, 0, 0, 2, 1, 2, 4, 1, 0, 0, 4, 1, 1, 1, 4, 4, 0, 4, 1, 2, 1, 1, 0, 1, 2, 1, 1, 0, 4]|[0, 0, 1, 1, 0, 2, 0, 2, 0, 0, 0, 0, 1, 0, 0, 1, 0, 0, 3, 1, 2, 0, 0, 0, 3, 1, 1, 0, 1, 0, 0, 0, 3, 0, 0, 0, 1, 0, 1, 0, 1, 3, 1, 1, 0, 1, 0, 1, 0, 0, 0, 2, 0, 0, 0, 1, 0, 0, 3, 0, 0, 0, 0, 0, 2, 0, 0, 0, 0, 0, 0, 0, 0, 1, 1, 0, 0, 0, 1, 1, 0, 3, 0, 0, 0, 0, 3, 0, 0, 0, 0, 1, 0, 1, 0, 0, 0, 0, 2, 3]
event=1021:G4_BALANCED:leader:action=2,fingerprint=[51, 8, 83, 31, 94, 11, 15, 22, 57, 19, 84, 77, 73, 1, 81, 14, 98, 79, 3, 16, 2, 99, 5, 91, 62, 43, 68, 76, 97, 40, 88, 30, 53, 20, 58, 93, 24, 72, 49, 59, 38, 28, 92, 67, 9, 18, 17, 87, 12, 26, 71, 74, 95, 63, 21, 47, 27, 37, 96, 6, 78, 10, 32, 46, 48, 56, 29, 64, 60, 23, 7, 36, 90, 85, 52, 55, 61, 86, 89, 41, 66, 54, 33, 42, 39, 80, 75, 0, 65, 70, 45, 4, 35, 34, 44, 69, 25, 13, 82, 50]|[2, 0, 1, 1, 2, 1, 0, 1, 2, 1, 0, 1, 0, 1, 2, 1, 1, 2, 1, 0, 1, 1, 0, 0, 1, 2, 1, 0, 1, 1, 2, 2, 1, 0, 1, 2, 0, 0, 0, 0, 2, 1, 1, 1, 0, 1, 2, 0, 1, 0, 2, 1, 2, 0, 2, 0, 2, 2, 1, 2, 0, 2, 2, 1, 1, 2, 2, 0, 2, 0, 0, 0, 0, 1, 0, 2, 0, 1, 2, 1, 0, 1, 0, 2, 2, 1, 1, 0, 1, 0, 0, 0, 2, 1, 2, 0, 2, 2, 1, 1]|[2, 2, 2, 2, 2, 4, 1, 2, 1, 1, 1, 1, 2, 4, 1, 1, 1, 1, 4, 2, 4, 1, 1, 0, 3, 2, 3, 0, 0, 1, 1, 0, 4, 2, 4, 0, 1, 0, 2, 0, 1, 0, 3, 0, 1, 0, 1, 2, 3, 1, 1, 4, 1, 2, 1, 0, 1, 1, 3, 1, 1, 1, 1, 4, 1, 1, 1, 2, 1, 1, 1, 1, 0, 0, 2, 1, 2, 4, 1, 0, 0, 4, 1, 1, 1, 4, 4, 0, 4, 1, 2, 1, 1, 0, 1, 2, 1, 1, 0, 4]|[0, 0, 1, 1, 0, 2, 0, 2, 0, 0, 0, 0, 1, 0, 0, 1, 0, 0, 3, 1, 2, 0, 0, 0, 3, 1, 1, 0, 1, 0, 0, 0, 3, 0, 0, 0, 1, 0, 1, 0, 1, 3, 1, 1, 0, 1, 0, 1, 0, 0, 0, 2, 0, 0, 0, 1, 0, 0, 3, 0, 0, 0, 0, 0, 2, 0, 0, 0, 0, 0, 0, 0, 0, 1, 1, 0, 0, 0, 1, 1, 0, 3, 0, 0, 0, 0, 3, 0, 0, 0, 0, 1, 0, 1, 0, 0, 0, 0, 2, 3]
event=1022:G2_TEC:action:mode=exploit,state=1,draw=0.5847373493659024,action=1
event=1023:G2_TEC:leader:action=1,fingerprint=[51, 8, 83, 31, 94, 11, 15, 22, 57, 19, 84, 77, 73, 1, 81, 14, 98, 79, 3, 16, 2, 99, 5, 91, 62, 43, 68, 76, 97, 40, 88, 30, 53, 20, 58, 93, 24, 72, 49, 59, 38, 28, 92, 67, 9, 18, 17, 87, 12, 26, 71, 74, 95, 63, 4, 47, 27, 37, 96, 23, 78, 10, 66, 6, 48, 56, 29, 64, 60, 46, 7, 36, 34, 85, 52, 55, 61, 86, 89, 41, 32, 39, 33, 42, 75, 80, 54, 25, 70, 35, 21, 50, 44, 0, 69, 82, 65, 13, 90, 45]|[2, 0, 1, 1, 2, 1, 0, 1, 2, 0, 0, 1, 0, 1, 1, 2, 0, 2, 1, 0, 1, 1, 0, 0, 1, 2, 1, 0, 1, 1, 0, 2, 1, 0, 1, 2, 2, 0, 0, 0, 2, 1, 1, 1, 0, 0, 2, 0, 1, 0, 2, 1, 2, 0, 2, 0, 0, 2, 1, 2, 0, 2, 1, 0, 0, 2, 2, 2, 2, 1, 0, 0, 0, 1, 0, 1, 0, 1, 2, 1, 2, 1, 0, 0, 2, 1, 1, 2, 0, 2, 2, 2, 0, 0, 0, 1, 1, 2, 1, 0]|[2, 2, 2, 2, 2, 4, 1, 2, 1, 1, 0, 4, 2, 4, 4, 2, 0, 1, 4, 2, 4, 1, 1, 0, 3, 2, 3, 0, 0, 1, 1, 0, 4, 2, 4, 0, 2, 0, 2, 0, 1, 0, 3, 0, 1, 1, 1, 2, 3, 1, 2, 4, 1, 2, 1, 0, 2, 1, 3, 1, 1, 1, 4, 0, 1, 1, 1, 1, 1, 4, 1, 1, 0, 0, 2, 4, 0, 4, 1, 0, 1, 4, 1, 2, 1, 4, 4, 1, 1, 1, 1, 1, 1, 2, 2, 0, 4, 1, 0, 2]|[0, 0, 1, 1, 0, 2, 0, 2, 0, 0, 0, 0, 1, 0, 0, 0, 0, 0, 3, 1, 2, 0, 0, 0, 3, 1, 1, 0, 1, 0, 1, 0, 3, 0, 0, 0, 0, 0, 1, 0, 1, 3, 1, 1, 0, 0, 0, 1, 0, 0, 0, 2, 0, 0, 0, 1, 1, 0, 3, 0, 0, 0, 1, 1, 0, 0, 0, 0, 0, 0, 0, 0, 0, 1, 1, 3, 0, 0, 1, 1, 0, 3, 1, 0, 0, 0, 3, 0, 0, 0, 0, 0, 1, 0, 0, 2, 0, 0, 1, 0]
event=1024:G3_TWC:action:mode=explore,state=1,draw=0.9240187575402377,action=1
event=1025:G3_TWC:leader:action=1,fingerprint=[51, 8, 83, 94, 11, 15, 77, 84, 19, 57, 22, 73, 81, 14, 16, 3, 79, 2, 99, 31, 5, 91, 20, 98, 76, 34, 67, 68, 48, 88, 30, 53, 43, 62, 92, 28, 38, 59, 49, 72, 24, 93, 58, 9, 18, 17, 87, 12, 26, 71, 74, 95, 63, 21, 47, 27, 37, 96, 6, 78, 10, 32, 46, 40, 82, 29, 64, 60, 23, 7, 36, 90, 85, 52, 42, 61, 89, 41, 4, 39, 33, 56, 45, 80, 97, 0, 66, 35, 55, 50, 75, 1, 54, 69, 65, 44, 25, 13, 86, 70]|[2, 0, 1, 2, 1, 0, 1, 0, 0, 2, 1, 0, 1, 1, 0, 1, 0, 1, 1, 1, 0, 0, 2, 1, 0, 1, 1, 1, 1, 0, 2, 1, 2, 1, 1, 1, 2, 0, 0, 0, 0, 2, 1, 0, 1, 2, 0, 1, 0, 2, 1, 2, 0, 2, 0, 0, 2, 1, 0, 0, 2, 2, 1, 1, 1, 2, 0, 2, 0, 0, 0, 1, 1, 0, 2, 0, 2, 1, 0, 2, 1, 2, 1, 1, 1, 0, 0, 2, 1, 2, 2, 1, 1, 0, 1, 0, 2, 2, 1, 0]|[2, 2, 4, 2, 2, 1, 1, 1, 1, 1, 2, 2, 4, 1, 2, 4, 2, 4, 1, 0, 1, 0, 1, 1, 0, 0, 0, 3, 1, 1, 0, 4, 2, 3, 3, 0, 1, 0, 2, 0, 1, 0, 4, 1, 0, 1, 2, 3, 1, 1, 4, 1, 2, 1, 0, 2, 1, 3, 1, 1, 1, 1, 4, 1, 0, 1, 2, 1, 1, 1, 1, 4, 4, 2, 1, 1, 1, 0, 1, 1, 1, 1, 0, 4, 0, 0, 0, 1, 4, 1, 1, 4, 4, 0, 4, 1, 1, 1, 4, 1]|[0, 0, 2, 0, 1, 0, 0, 0, 0, 0, 2, 1, 0, 1, 1, 3, 1, 2, 0, 1, 0, 0, 0, 0, 0, 1, 1, 1, 2, 1, 0, 3, 1, 3, 1, 3, 1, 0, 1, 0, 1, 0, 0, 0, 1, 0, 1, 0, 0, 0, 2, 0, 0, 0, 1, 1, 0, 3, 0, 0, 0, 0, 0, 0, 2, 0, 0, 0, 0, 0, 0, 3, 0, 1, 0, 0, 0, 1, 1, 0, 2, 0, 2, 0, 1, 0, 0, 0, 3, 0, 0, 0, 3, 0, 0, 1, 0, 0, 0, 0]
event=1026:G1_CMAX:update:state=1,action=0,reward=-68.49614785805227,nextState=1,old=-260.9924346330314,new=-277.2900955644774
event=1027:G2_TEC:update:state=1,action=1,reward=-202.75325460267777,nextState=1,old=-1558.6910261369057,new=-1449.7060755122025
event=1028:G3_TWC:update:state=1,action=1,reward=-6345.134084881865,nextState=1,old=-21664.535752932767,new=-23676.762687228078
event=1029:G4_BALANCED:update:state=1,action=2,reward=-0.00811596458836408,nextState=1,old=-0.36621503746206874,new=-0.006215336207432531
event=1030:G1_CMAX:action:mode=exploit,state=1,draw=0.5129118091102457,action=2
event=1031:G1_CMAX:tournament:reason=action2,left=76,right=86,selected=[51, 8, 83, 31, 94, 11, 15, 22, 57, 19, 84, 77, 73, 1, 81, 14, 98, 79, 3, 16, 2, 99, 5, 91, 62, 43, 68, 76, 97, 40, 88, 30, 53, 20, 58, 93, 24, 72, 49, 59, 38, 28, 92, 67, 9, 18, 17, 87, 12, 26, 71, 74, 95, 63, 4, 47, 27, 37, 96, 23, 78, 10, 66, 6, 48, 56, 29, 64, 60, 46, 7, 36, 34, 85, 52, 55, 61, 86, 89, 41, 32, 39, 33, 42, 75, 80, 54, 25, 70, 21, 35, 50, 0, 44, 69, 82, 65, 13, 90, 45]|[2, 0, 1, 1, 2, 1, 0, 1, 2, 0, 0, 1, 0, 1, 1, 2, 0, 2, 1, 0, 1, 0, 0, 0, 1, 2, 1, 0, 1, 1, 0, 2, 1, 0, 1, 2, 2, 0, 0, 0, 2, 1, 1, 1, 0, 0, 2, 0, 1, 0, 2, 1, 2, 0, 2, 0, 0, 2, 1, 2, 0, 2, 1, 0, 0, 2, 2, 2, 2, 1, 0, 0, 0, 1, 0, 1, 0, 1, 2, 1, 2, 1, 0, 0, 2, 1, 1, 2, 2, 2, 2, 2, 0, 0, 0, 1, 1, 2, 1, 0]|[2, 2, 2, 2, 2, 4, 1, 2, 1, 1, 0, 4, 2, 4, 4, 2, 0, 1, 4, 2, 4, 0, 1, 0, 3, 2, 3, 0, 0, 1, 1, 0, 4, 2, 4, 0, 2, 0, 2, 0, 1, 0, 3, 0, 1, 1, 1, 2, 3, 1, 2, 4, 1, 2, 1, 0, 2, 1, 3, 1, 1, 1, 4, 0, 1, 1, 1, 1, 1, 4, 1, 1, 0, 0, 2, 4, 0, 4, 1, 0, 1, 4, 1, 2, 1, 4, 4, 1, 1, 1, 1, 1, 2, 1, 2, 0, 4, 1, 0, 2]|[0, 0, 1, 1, 0, 2, 0, 2, 0, 0, 0, 0, 1, 0, 0, 0, 0, 0, 3, 1, 2, 0, 0, 0, 3, 1, 1, 0, 1, 0, 1, 0, 3, 0, 0, 0, 0, 0, 1, 0, 1, 3, 1, 1, 0, 0, 0, 1, 0, 0, 0, 2, 0, 0, 0, 1, 1, 0, 3, 0, 0, 0, 1, 1, 0, 0, 0, 0, 0, 0, 0, 0, 0, 1, 1, 3, 0, 0, 1, 1, 0, 3, 1, 0, 0, 0, 3, 0, 0, 0, 0, 0, 0, 1, 0, 2, 0, 0, 1, 0]
event=1032:G1_CMAX:leader:action=2,fingerprint=[51, 8, 83, 31, 94, 11, 15, 22, 57, 19, 84, 77, 73, 1, 81, 14, 98, 79, 3, 16, 2, 99, 5, 91, 62, 43, 68, 76, 97, 40, 88, 30, 53, 20, 58, 93, 24, 72, 49, 59, 38, 28, 92, 67, 9, 18, 17, 87, 12, 26, 71, 74, 95, 63, 4, 47, 27, 37, 96, 23, 78, 10, 66, 6, 48, 56, 29, 64, 60, 46, 7, 36, 34, 85, 52, 55, 61, 86, 89, 41, 32, 39, 33, 42, 75, 80, 54, 25, 70, 21, 35, 50, 0, 44, 69, 82, 65, 13, 90, 45]|[2, 0, 1, 1, 2, 1, 0, 1, 2, 0, 0, 1, 0, 1, 1, 2, 0, 2, 1, 0, 1, 0, 0, 0, 1, 2, 1, 0, 1, 1, 0, 2, 1, 0, 1, 2, 2, 0, 0, 0, 2, 1, 1, 1, 0, 0, 2, 0, 1, 0, 2, 1, 2, 0, 2, 0, 0, 2, 1, 2, 0, 2, 1, 0, 0, 2, 2, 2, 2, 1, 0, 0, 0, 1, 0, 1, 0, 1, 2, 1, 2, 1, 0, 0, 2, 1, 1, 2, 2, 2, 2, 2, 0, 0, 0, 1, 1, 2, 1, 0]|[2, 2, 2, 2, 2, 4, 1, 2, 1, 1, 0, 4, 2, 4, 4, 2, 0, 1, 4, 2, 4, 0, 1, 0, 3, 2, 3, 0, 0, 1, 1, 0, 4, 2, 4, 0, 2, 0, 2, 0, 1, 0, 3, 0, 1, 1, 1, 2, 3, 1, 2, 4, 1, 2, 1, 0, 2, 1, 3, 1, 1, 1, 4, 0, 1, 1, 1, 1, 1, 4, 1, 1, 0, 0, 2, 4, 0, 4, 1, 0, 1, 4, 1, 2, 1, 4, 4, 1, 1, 1, 1, 1, 2, 1, 2, 0, 4, 1, 0, 2]|[0, 0, 1, 1, 0, 2, 0, 2, 0, 0, 0, 0, 1, 0, 0, 0, 0, 0, 3, 1, 2, 0, 0, 0, 3, 1, 1, 0, 1, 0, 1, 0, 3, 0, 0, 0, 0, 0, 1, 0, 1, 3, 1, 1, 0, 0, 0, 1, 0, 0, 0, 2, 0, 0, 0, 1, 1, 0, 3, 0, 0, 0, 1, 1, 0, 0, 0, 0, 0, 0, 0, 0, 0, 1, 1, 3, 0, 0, 1, 1, 0, 3, 1, 0, 0, 0, 3, 0, 0, 0, 0, 0, 0, 1, 0, 2, 0, 0, 1, 0]
event=1033:G4_BALANCED:action:mode=exploit,state=1,draw=0.27127190576566884,action=0
event=1034:G4_BALANCED:leader:action=0,fingerprint=[51, 8, 83, 31, 94, 11, 15, 22, 57, 19, 84, 77, 73, 1, 81, 14, 98, 79, 3, 16, 2, 99, 5, 91, 62, 43, 68, 76, 97, 40, 88, 30, 53, 20, 58, 93, 24, 72, 49, 59, 38, 28, 92, 67, 9, 18, 17, 87, 12, 26, 71, 74, 95, 63, 21, 47, 27, 37, 96, 6, 78, 10, 32, 46, 48, 56, 29, 64, 60, 23, 7, 36, 90, 85, 52, 55, 61, 86, 89, 41, 66, 54, 33, 42, 39, 80, 75, 0, 65, 70, 45, 4, 35, 34, 44, 69, 25, 13, 82, 50]|[2, 0, 1, 1, 2, 1, 0, 1, 2, 1, 0, 1, 0, 1, 2, 1, 1, 2, 1, 0, 1, 1, 0, 0, 1, 2, 1, 0, 1, 1, 2, 2, 1, 0, 1, 2, 0, 0, 0, 0, 2, 1, 1, 1, 0, 1, 2, 0, 1, 0, 2, 1, 2, 0, 2, 0, 2, 2, 1, 2, 0, 2, 2, 1, 1, 2, 2, 0, 2, 0, 0, 0, 0, 1, 0, 2, 0, 1, 2, 1, 0, 1, 0, 2, 2, 1, 1, 0, 1, 0, 0, 0, 2, 1, 2, 0, 2, 2, 1, 1]|[2, 2, 2, 2, 2, 4, 1, 2, 1, 1, 1, 1, 2, 4, 1, 1, 1, 1, 4, 2, 4, 1, 1, 0, 3, 2, 3, 0, 0, 1, 1, 0, 4, 2, 4, 0, 1, 0, 2, 0, 1, 0, 3, 0, 1, 0, 1, 2, 3, 1, 1, 4, 1, 2, 1, 0, 1, 1, 3, 1, 1, 1, 1, 4, 1, 1, 1, 2, 1, 1, 1, 1, 0, 0, 2, 1, 2, 4, 1, 0, 0, 4, 1, 1, 1, 4, 4, 0, 4, 1, 2, 1, 1, 0, 1, 2, 1, 1, 0, 4]|[0, 0, 1, 1, 0, 2, 0, 2, 0, 0, 0, 0, 1, 0, 0, 1, 0, 0, 3, 1, 2, 0, 0, 0, 3, 1, 1, 0, 1, 0, 0, 0, 3, 0, 0, 0, 1, 0, 1, 0, 1, 3, 1, 1, 0, 1, 0, 1, 0, 0, 0, 2, 0, 0, 0, 1, 0, 0, 3, 0, 0, 0, 0, 0, 2, 0, 0, 0, 0, 0, 0, 0, 0, 1, 1, 0, 0, 0, 1, 1, 0, 3, 0, 0, 0, 0, 3, 0, 0, 0, 0, 1, 0, 1, 0, 0, 0, 0, 2, 3]
event=1035:G2_TEC:action:mode=exploit,state=1,draw=0.5423417753812999,action=1
event=1036:G2_TEC:leader:action=1,fingerprint=[51, 8, 83, 31, 94, 11, 15, 22, 57, 19, 84, 77, 73, 1, 81, 14, 98, 79, 3, 16, 2, 99, 5, 91, 62, 43, 68, 76, 97, 40, 88, 30, 53, 20, 58, 93, 24, 72, 49, 59, 38, 28, 92, 67, 9, 18, 17, 87, 12, 26, 71, 74, 95, 63, 4, 47, 27, 37, 96, 23, 78, 10, 66, 6, 48, 56, 29, 64, 60, 46, 7, 36, 34, 85, 52, 55, 61, 86, 89, 41, 32, 39, 33, 42, 75, 80, 54, 25, 70, 35, 21, 50, 44, 0, 69, 82, 65, 13, 90, 45]|[2, 0, 1, 1, 2, 1, 0, 1, 2, 0, 0, 1, 0, 1, 1, 2, 0, 2, 1, 0, 1, 1, 0, 0, 1, 2, 1, 0, 1, 1, 0, 2, 1, 0, 1, 2, 2, 0, 0, 0, 2, 1, 1, 1, 0, 0, 2, 0, 1, 0, 2, 1, 2, 0, 2, 0, 0, 2, 1, 2, 0, 2, 1, 0, 0, 2, 2, 2, 2, 1, 0, 0, 0, 1, 0, 1, 0, 1, 2, 1, 2, 1, 0, 0, 2, 1, 1, 2, 0, 2, 2, 2, 0, 0, 0, 1, 1, 2, 1, 0]|[2, 2, 2, 2, 2, 4, 1, 2, 1, 1, 0, 4, 2, 4, 4, 2, 0, 1, 4, 2, 4, 1, 1, 0, 3, 2, 3, 0, 0, 1, 1, 0, 4, 2, 4, 0, 2, 0, 2, 0, 1, 0, 3, 0, 1, 1, 1, 2, 3, 1, 2, 4, 1, 2, 1, 0, 2, 1, 3, 1, 1, 1, 4, 0, 1, 1, 1, 1, 1, 4, 1, 1, 0, 0, 2, 4, 0, 4, 1, 0, 1, 4, 1, 2, 1, 4, 4, 1, 1, 1, 1, 1, 1, 2, 2, 0, 4, 1, 0, 2]|[0, 0, 1, 1, 0, 2, 0, 2, 0, 0, 0, 0, 1, 0, 0, 0, 0, 0, 3, 1, 2, 0, 0, 0, 3, 1, 1, 0, 1, 0, 1, 0, 3, 0, 0, 0, 0, 0, 1, 0, 1, 3, 1, 1, 0, 0, 0, 1, 0, 0, 0, 2, 0, 0, 0, 1, 1, 0, 3, 0, 0, 0, 1, 1, 0, 0, 0, 0, 0, 0, 0, 0, 0, 1, 1, 3, 0, 0, 1, 1, 0, 3, 1, 0, 0, 0, 3, 0, 0, 0, 0, 0, 1, 0, 0, 2, 0, 0, 1, 0]
event=1037:G3_TWC:action:mode=exploit,state=1,draw=0.3283147346103006,action=2
event=1038:G3_TWC:tournament:reason=action2,left=44,right=47,selected=[51, 8, 83, 31, 94, 11, 15, 22, 57, 19, 84, 77, 73, 1, 81, 14, 98, 79, 3, 16, 2, 99, 5, 91, 62, 43, 68, 76, 97, 40, 88, 30, 53, 20, 58, 93, 24, 72, 49, 59, 38, 28, 92, 67, 9, 18, 17, 87, 12, 26, 71, 74, 95, 63, 4, 47, 27, 37, 96, 23, 78, 10, 66, 6, 48, 56, 29, 64, 60, 46, 7, 36, 34, 85, 52, 55, 61, 86, 89, 41, 32, 54, 33, 21, 39, 80, 75, 25, 35, 70, 44, 0, 42, 50, 65, 69, 90, 13, 82, 45]|[2, 0, 1, 1, 2, 1, 0, 1, 2, 1, 0, 1, 0, 1, 1, 1, 0, 2, 1, 0, 1, 1, 0, 0, 1, 2, 1, 0, 1, 1, 0, 2, 1, 0, 1, 2, 2, 0, 0, 0, 2, 1, 1, 1, 0, 0, 2, 0, 1, 0, 2, 1, 2, 2, 2, 0, 0, 2, 1, 2, 0, 2, 1, 0, 0, 2, 2, 2, 2, 1, 0, 0, 0, 1, 0, 1, 0, 1, 2, 1, 2, 1, 0, 2, 1, 1, 1, 2, 2, 0, 0, 0, 0, 2, 1, 0, 1, 2, 1, 0]|[2, 2, 4, 2, 2, 4, 1, 2, 1, 4, 0, 1, 2, 4, 4, 1, 0, 1, 4, 2, 4, 1, 1, 0, 3, 2, 3, 0, 0, 1, 1, 0, 4, 2, 4, 0, 2, 0, 2, 0, 1, 0, 3, 0, 2, 1, 1, 2, 3, 1, 2, 4, 1, 1, 1, 0, 2, 1, 3, 1, 1, 1, 4, 0, 1, 1, 1, 1, 1, 4, 1, 1, 0, 0, 2, 4, 0, 4, 1, 0, 1, 4, 1, 1, 4, 4, 4, 1, 1, 1, 2, 0, 2, 1, 4, 2, 0, 1, 0, 2]|[0, 0, 3, 1, 0, 2, 0, 2, 0, 1, 0, 0, 1, 0, 0, 1, 0, 0, 3, 1, 2, 0, 0, 0, 3, 1, 1, 0, 1, 0, 1, 0, 3, 0, 0, 0, 0, 0, 1, 0, 1, 3, 1, 1, 0, 0, 0, 1, 0, 0, 0, 2, 0, 0, 0, 1, 0, 0, 3, 0, 0, 0, 1, 1, 0, 0, 0, 0, 0, 0, 0, 0, 0, 1, 1, 3, 0, 0, 1, 1, 0, 3, 1, 0, 3, 0, 3, 0, 0, 0, 1, 0, 0, 0, 0, 0, 1, 0, 2, 0]
event=1039:G3_TWC:leader:action=2,fingerprint=[51, 8, 83, 31, 94, 11, 15, 22, 57, 19, 84, 77, 73, 1, 81, 14, 98, 79, 3, 16, 2, 99, 5, 91, 62, 43, 68, 76, 97, 40, 88, 30, 53, 20, 58, 93, 24, 72, 49, 59, 38, 28, 92, 67, 9, 18, 17, 87, 12, 26, 71, 74, 95, 63, 4, 47, 27, 37, 96, 23, 78, 10, 66, 6, 48, 56, 29, 64, 60, 46, 7, 36, 34, 85, 52, 55, 61, 86, 89, 41, 32, 54, 33, 21, 39, 80, 75, 25, 35, 70, 44, 0, 42, 50, 65, 69, 90, 13, 82, 45]|[2, 0, 1, 1, 2, 1, 0, 1, 2, 1, 0, 1, 0, 1, 1, 1, 0, 2, 1, 0, 1, 1, 0, 0, 1, 2, 1, 0, 1, 1, 0, 2, 1, 0, 1, 2, 2, 0, 0, 0, 2, 1, 1, 1, 0, 0, 2, 0, 1, 0, 2, 1, 2, 2, 2, 0, 0, 2, 1, 2, 0, 2, 1, 0, 0, 2, 2, 2, 2, 1, 0, 0, 0, 1, 0, 1, 0, 1, 2, 1, 2, 1, 0, 2, 1, 1, 1, 2, 2, 0, 0, 0, 0, 2, 1, 0, 1, 2, 1, 0]|[2, 2, 4, 2, 2, 4, 1, 2, 1, 4, 0, 1, 2, 4, 4, 1, 0, 1, 4, 2, 4, 1, 1, 0, 3, 2, 3, 0, 0, 1, 1, 0, 4, 2, 4, 0, 2, 0, 2, 0, 1, 0, 3, 0, 2, 1, 1, 2, 3, 1, 2, 4, 1, 1, 1, 0, 2, 1, 3, 1, 1, 1, 4, 0, 1, 1, 1, 1, 1, 4, 1, 1, 0, 0, 2, 4, 0, 4, 1, 0, 1, 4, 1, 1, 4, 4, 4, 1, 1, 1, 2, 0, 2, 1, 4, 2, 0, 1, 0, 2]|[0, 0, 3, 1, 0, 2, 0, 2, 0, 1, 0, 0, 1, 0, 0, 1, 0, 0, 3, 1, 2, 0, 0, 0, 3, 1, 1, 0, 1, 0, 1, 0, 3, 0, 0, 0, 0, 0, 1, 0, 1, 3, 1, 1, 0, 0, 0, 1, 0, 0, 0, 2, 0, 0, 0, 1, 0, 0, 3, 0, 0, 0, 1, 1, 0, 0, 0, 0, 0, 0, 0, 0, 0, 1, 1, 3, 0, 0, 1, 1, 0, 3, 1, 0, 3, 0, 3, 0, 0, 0, 1, 0, 0, 0, 0, 0, 1, 0, 2, 0]
event=1040:G1_CMAX:update:state=1,action=2,reward=-45.6957352098716,nextState=1,old=-277.1831560695076,new=-267.44226006547774
event=1041:G2_TEC:update:state=1,action=1,reward=-291.64215892003995,nextState=1,old=-1449.7060755122025,new=-1451.4070193298019
event=1042:G3_TWC:update:state=1,action=2,reward=-4971.104625684282,nextState=1,old=-22758.927658325298,new=-23178.24675234452
event=1043:G4_BALANCED:update:state=1,action=0,reward=-0.025379851219963282,nextState=1,old=0.0023757854761644326,new=-0.023479222839031737
event=1044:G1_CMAX:action:mode=exploit,state=1,draw=0.279649985655682,action=2
event=1045:G1_CMAX:tournament:reason=action2,left=69,right=75,selected=[51, 8, 83, 31, 94, 11, 15, 22, 57, 19, 84, 77, 73, 1, 81, 14, 98, 79, 3, 16, 2, 99, 5, 91, 62, 43, 68, 76, 97, 40, 88, 30, 53, 20, 58, 93, 24, 72, 49, 59, 38, 28, 92, 67, 9, 18, 17, 87, 12, 26, 71, 74, 95, 63, 21, 47, 27, 37, 96, 6, 78, 10, 32, 46, 48, 56, 29, 64, 60, 23, 7, 36, 90, 85, 52, 55, 61, 86, 89, 41, 66, 54, 33, 42, 39, 80, 75, 25, 35, 82, 4, 0, 34, 50, 69, 70, 65, 13, 44, 45]|[2, 0, 1, 1, 2, 1, 0, 1, 2, 0, 0, 1, 0, 1, 2, 1, 0, 2, 1, 0, 1, 1, 0, 0, 1, 2, 1, 0, 1, 1, 0, 2, 1, 0, 1, 2, 0, 0, 0, 0, 2, 1, 1, 1, 0, 0, 2, 0, 1, 0, 2, 1, 2, 2, 2, 0, 0, 2, 1, 2, 0, 2, 2, 1, 0, 2, 2, 0, 2, 0, 0, 0, 0, 1, 0, 2, 0, 1, 2, 1, 1, 1, 0, 0, 2, 1, 1, 2, 2, 1, 0, 0, 0, 2, 0, 2, 1, 2, 2, 0]|[2, 2, 2, 2, 2, 4, 1, 2, 1, 1, 1, 1, 2, 4, 1, 1, 0, 1, 4, 2, 4, 1, 1, 0, 3, 2, 3, 0, 0, 1, 1, 0, 4, 2, 4, 0, 1, 0, 2, 0, 1, 0, 3, 0, 2, 1, 1, 2, 3, 1, 1, 4, 1, 1, 1, 0, 2, 1, 3, 1, 1, 1, 1, 4, 1, 1, 1, 2, 1, 1, 1, 1, 0, 0, 2, 1, 0, 4, 1, 0, 4, 4, 1, 2, 1, 4, 4, 1, 1, 0, 1, 0, 0, 1, 2, 1, 4, 1, 1, 2]|[0, 0, 1, 1, 0, 2, 0, 2, 0, 0, 0, 0, 1, 0, 0, 1, 0, 0, 3, 1, 2, 0, 0, 0, 3, 1, 1, 0, 1, 0, 1, 0, 3, 0, 0, 0, 1, 0, 1, 0, 1, 3, 1, 1, 0, 0, 0, 1, 0, 0, 0, 2, 0, 0, 0, 1, 0, 0, 3, 0, 0, 0, 0, 0, 0, 0, 0, 0, 0, 0, 0, 0, 0, 1, 1, 0, 0, 0, 1, 1, 1, 3, 0, 0, 0, 0, 3, 0, 0, 2, 1, 0, 0, 0, 0, 0, 0, 0, 0, 0]
event=1046:G1_CMAX:leader:action=2,fingerprint=[51, 8, 83, 31, 94, 11, 15, 22, 57, 19, 84, 77, 73, 1, 81, 14, 98, 79, 3, 16, 2, 99, 5, 91, 62, 43, 68, 76, 97, 40, 88, 30, 53, 20, 58, 93, 24, 72, 49, 59, 38, 28, 92, 67, 9, 18, 17, 87, 12, 26, 71, 74, 95, 63, 21, 47, 27, 37, 96, 6, 78, 10, 32, 46, 48, 56, 29, 64, 60, 23, 7, 36, 90, 85, 52, 55, 61, 86, 89, 41, 66, 54, 33, 42, 39, 80, 75, 25, 35, 82, 4, 0, 34, 50, 69, 70, 65, 13, 44, 45]|[2, 0, 1, 1, 2, 1, 0, 1, 2, 0, 0, 1, 0, 1, 2, 1, 0, 2, 1, 0, 1, 1, 0, 0, 1, 2, 1, 0, 1, 1, 0, 2, 1, 0, 1, 2, 0, 0, 0, 0, 2, 1, 1, 1, 0, 0, 2, 0, 1, 0, 2, 1, 2, 2, 2, 0, 0, 2, 1, 2, 0, 2, 2, 1, 0, 2, 2, 0, 2, 0, 0, 0, 0, 1, 0, 2, 0, 1, 2, 1, 1, 1, 0, 0, 2, 1, 1, 2, 2, 1, 0, 0, 0, 2, 0, 2, 1, 2, 2, 0]|[2, 2, 2, 2, 2, 4, 1, 2, 1, 1, 1, 1, 2, 4, 1, 1, 0, 1, 4, 2, 4, 1, 1, 0, 3, 2, 3, 0, 0, 1, 1, 0, 4, 2, 4, 0, 1, 0, 2, 0, 1, 0, 3, 0, 2, 1, 1, 2, 3, 1, 1, 4, 1, 1, 1, 0, 2, 1, 3, 1, 1, 1, 1, 4, 1, 1, 1, 2, 1, 1, 1, 1, 0, 0, 2, 1, 0, 4, 1, 0, 4, 4, 1, 2, 1, 4, 4, 1, 1, 0, 1, 0, 0, 1, 2, 1, 4, 1, 1, 2]|[0, 0, 1, 1, 0, 2, 0, 2, 0, 0, 0, 0, 1, 0, 0, 1, 0, 0, 3, 1, 2, 0, 0, 0, 3, 1, 1, 0, 1, 0, 1, 0, 3, 0, 0, 0, 1, 0, 1, 0, 1, 3, 1, 1, 0, 0, 0, 1, 0, 0, 0, 2, 0, 0, 0, 1, 0, 0, 3, 0, 0, 0, 0, 0, 0, 0, 0, 0, 0, 0, 0, 0, 0, 1, 1, 0, 0, 0, 1, 1, 1, 3, 0, 0, 0, 0, 3, 0, 0, 2, 1, 0, 0, 0, 0, 0, 0, 0, 0, 0]
event=1047:G4_BALANCED:action:mode=exploit,state=1,draw=0.2642355969051743,action=2
event=1048:G4_BALANCED:tournament:reason=action2,left=58,right=47,selected=[51, 41, 83, 31, 94, 11, 15, 22, 57, 19, 84, 77, 73, 1, 81, 14, 98, 79, 3, 16, 2, 99, 5, 91, 62, 43, 68, 76, 97, 40, 88, 90, 53, 20, 58, 93, 24, 72, 49, 59, 38, 28, 92, 67, 9, 18, 17, 87, 12, 26, 71, 74, 95, 63, 4, 47, 27, 37, 96, 23, 78, 10, 66, 6, 48, 56, 29, 64, 60, 46, 7, 36, 34, 85, 52, 55, 61, 86, 89, 8, 32, 39, 33, 42, 54, 80, 75, 25, 35, 82, 44, 0, 21, 50, 65, 30, 45, 13, 70, 69]|[2, 0, 1, 1, 2, 1, 0, 0, 2, 0, 0, 1, 0, 1, 1, 2, 0, 2, 1, 0, 1, 1, 0, 0, 1, 2, 1, 0, 1, 1, 0, 2, 1, 2, 1, 2, 2, 0, 0, 0, 2, 1, 1, 1, 0, 2, 2, 0, 1, 0, 2, 1, 2, 0, 2, 0, 0, 2, 1, 2, 0, 2, 1, 0, 0, 2, 2, 2, 2, 1, 0, 0, 0, 1, 0, 1, 0, 1, 2, 0, 2, 2, 0, 0, 1, 1, 1, 2, 2, 1, 1, 0, 2, 2, 1, 0, 0, 2, 0, 0]|[2, 2, 2, 2, 2, 4, 1, 2, 1, 1, 0, 1, 2, 4, 4, 2, 0, 1, 4, 2, 4, 1, 1, 0, 3, 2, 3, 0, 0, 1, 1, 0, 4, 1, 4, 0, 2, 0, 2, 0, 1, 0, 3, 0, 1, 2, 1, 2, 3, 1, 1, 4, 1, 2, 1, 0, 2, 1, 3, 1, 1, 1, 4, 0, 1, 1, 1, 1, 1, 4, 1, 1, 0, 0, 2, 4, 1, 4, 1, 2, 1, 1, 1, 2, 4, 4, 4, 1, 1, 0, 4, 0, 1, 1, 4, 2, 2, 1, 0, 2]|[0, 0, 1, 1, 0, 2, 0, 0, 0, 0, 0, 0, 1, 0, 0, 0, 0, 0, 3, 1, 2, 0, 0, 0, 3, 1, 1, 0, 1, 0, 1, 0, 3, 0, 0, 0, 0, 0, 1, 0, 1, 3, 1, 1, 0, 0, 0, 1, 0, 0, 0, 2, 0, 0, 0, 1, 1, 0, 3, 0, 0, 0, 1, 1, 0, 0, 0, 0, 0, 0, 0, 0, 0, 1, 1, 3, 0, 0, 1, 0, 0, 0, 1, 0, 3, 0, 3, 0, 0, 2, 0, 0, 0, 0, 0, 1, 0, 0, 0, 0]
event=1049:G4_BALANCED:leader:action=2,fingerprint=[51, 41, 83, 31, 94, 11, 15, 22, 57, 19, 84, 77, 73, 1, 81, 14, 98, 79, 3, 16, 2, 99, 5, 91, 62, 43, 68, 76, 97, 40, 88, 90, 53, 20, 58, 93, 24, 72, 49, 59, 38, 28, 92, 67, 9, 18, 17, 87, 12, 26, 71, 74, 95, 63, 4, 47, 27, 37, 96, 23, 78, 10, 66, 6, 48, 56, 29, 64, 60, 46, 7, 36, 34, 85, 52, 55, 61, 86, 89, 8, 32, 39, 33, 42, 54, 80, 75, 25, 35, 82, 44, 0, 21, 50, 65, 30, 45, 13, 70, 69]|[2, 0, 1, 1, 2, 1, 0, 0, 2, 0, 0, 1, 0, 1, 1, 2, 0, 2, 1, 0, 1, 1, 0, 0, 1, 2, 1, 0, 1, 1, 0, 2, 1, 2, 1, 2, 2, 0, 0, 0, 2, 1, 1, 1, 0, 2, 2, 0, 1, 0, 2, 1, 2, 0, 2, 0, 0, 2, 1, 2, 0, 2, 1, 0, 0, 2, 2, 2, 2, 1, 0, 0, 0, 1, 0, 1, 0, 1, 2, 0, 2, 2, 0, 0, 1, 1, 1, 2, 2, 1, 1, 0, 2, 2, 1, 0, 0, 2, 0, 0]|[2, 2, 2, 2, 2, 4, 1, 2, 1, 1, 0, 1, 2, 4, 4, 2, 0, 1, 4, 2, 4, 1, 1, 0, 3, 2, 3, 0, 0, 1, 1, 0, 4, 1, 4, 0, 2, 0, 2, 0, 1, 0, 3, 0, 1, 2, 1, 2, 3, 1, 1, 4, 1, 2, 1, 0, 2, 1, 3, 1, 1, 1, 4, 0, 1, 1, 1, 1, 1, 4, 1, 1, 0, 0, 2, 4, 1, 4, 1, 2, 1, 1, 1, 2, 4, 4, 4, 1, 1, 0, 4, 0, 1, 1, 4, 2, 2, 1, 0, 2]|[0, 0, 1, 1, 0, 2, 0, 0, 0, 0, 0, 0, 1, 0, 0, 0, 0, 0, 3, 1, 2, 0, 0, 0, 3, 1, 1, 0, 1, 0, 1, 0, 3, 0, 0, 0, 0, 0, 1, 0, 1, 3, 1, 1, 0, 0, 0, 1, 0, 0, 0, 2, 0, 0, 0, 1, 1, 0, 3, 0, 0, 0, 1, 1, 0, 0, 0, 0, 0, 0, 0, 0, 0, 1, 1, 3, 0, 0, 1, 0, 0, 0, 1, 0, 3, 0, 3, 0, 0, 2, 0, 0, 0, 0, 0, 1, 0, 0, 0, 0]
event=1050:G2_TEC:action:mode=exploit,state=1,draw=0.19529257212095352,action=1
event=1051:G2_TEC:leader:action=1,fingerprint=[51, 8, 83, 31, 94, 11, 15, 22, 57, 19, 84, 77, 73, 1, 81, 14, 98, 79, 3, 16, 2, 99, 5, 91, 62, 43, 68, 76, 97, 40, 88, 30, 53, 20, 58, 93, 24, 72, 49, 59, 38, 28, 92, 67, 9, 18, 17, 87, 12, 26, 71, 74, 95, 63, 4, 47, 27, 37, 96, 23, 78, 10, 66, 6, 48, 56, 29, 64, 60, 46, 7, 36, 34, 85, 52, 55, 61, 86, 89, 41, 32, 39, 33, 42, 75, 80, 54, 25, 70, 35, 21, 50, 44, 0, 69, 82, 65, 13, 90, 45]|[2, 0, 1, 1, 2, 1, 0, 1, 2, 0, 0, 1, 0, 1, 1, 2, 0, 2, 1, 0, 1, 1, 0, 0, 1, 2, 1, 0, 1, 1, 0, 2, 1, 0, 1, 2, 2, 0, 0, 0, 2, 1, 1, 1, 0, 0, 2, 0, 1, 0, 2, 1, 2, 0, 2, 0, 0, 2, 1, 2, 0, 2, 1, 0, 0, 2, 2, 2, 2, 1, 0, 0, 0, 1, 0, 1, 0, 1, 2, 1, 2, 1, 0, 0, 2, 1, 1, 2, 0, 2, 2, 2, 0, 0, 0, 1, 1, 2, 1, 0]|[2, 2, 2, 2, 2, 4, 1, 2, 1, 1, 0, 4, 2, 4, 4, 2, 0, 1, 4, 2, 4, 1, 1, 0, 3, 2, 3, 0, 0, 1, 1, 0, 4, 2, 4, 0, 2, 0, 2, 0, 1, 0, 3, 0, 1, 1, 1, 2, 3, 1, 2, 4, 1, 2, 1, 0, 2, 1, 3, 1, 1, 1, 4, 0, 1, 1, 1, 1, 1, 4, 1, 1, 0, 0, 2, 4, 0, 4, 1, 0, 1, 4, 1, 2, 1, 4, 4, 1, 1, 1, 1, 1, 1, 2, 2, 0, 4, 1, 0, 2]|[0, 0, 1, 1, 0, 2, 0, 2, 0, 0, 0, 0, 1, 0, 0, 0, 0, 0, 3, 1, 2, 0, 0, 0, 3, 1, 1, 0, 1, 0, 1, 0, 3, 0, 0, 0, 0, 0, 1, 0, 1, 3, 1, 1, 0, 0, 0, 1, 0, 0, 0, 2, 0, 0, 0, 1, 1, 0, 3, 0, 0, 0, 1, 1, 0, 0, 0, 0, 0, 0, 0, 0, 0, 1, 1, 3, 0, 0, 1, 1, 0, 3, 1, 0, 0, 0, 3, 0, 0, 0, 0, 0, 1, 0, 0, 2, 0, 0, 1, 0]
event=1052:G3_TWC:action:mode=explore,state=1,draw=0.9599038796074282,action=1
event=1053:G3_TWC:leader:action=1,fingerprint=[51, 8, 83, 94, 11, 15, 77, 84, 19, 57, 22, 73, 81, 14, 16, 3, 79, 2, 99, 31, 5, 91, 20, 98, 76, 34, 67, 68, 48, 88, 30, 53, 43, 62, 92, 28, 38, 59, 49, 72, 24, 93, 58, 9, 18, 17, 87, 12, 26, 71, 74, 95, 63, 21, 47, 27, 37, 96, 6, 78, 10, 32, 46, 40, 82, 29, 64, 60, 23, 7, 36, 90, 85, 52, 42, 61, 89, 41, 4, 39, 33, 56, 45, 80, 97, 0, 66, 35, 55, 50, 75, 1, 54, 69, 65, 44, 25, 13, 86, 70]|[2, 0, 1, 2, 1, 0, 1, 0, 0, 2, 1, 0, 1, 1, 0, 1, 0, 1, 1, 1, 0, 0, 2, 1, 0, 1, 1, 1, 1, 0, 2, 1, 2, 1, 1, 1, 2, 0, 0, 0, 0, 2, 1, 0, 1, 2, 0, 1, 0, 2, 1, 2, 0, 2, 0, 0, 2, 1, 0, 0, 2, 2, 1, 1, 1, 2, 0, 2, 0, 0, 0, 1, 1, 0, 2, 0, 2, 1, 0, 2, 1, 2, 1, 1, 1, 0, 0, 2, 1, 2, 2, 1, 1, 0, 1, 0, 2, 2, 1, 0]|[2, 2, 4, 2, 2, 1, 1, 1, 1, 1, 2, 2, 4, 1, 2, 4, 2, 4, 1, 0, 1, 0, 1, 1, 0, 0, 0, 3, 1, 1, 0, 4, 2, 3, 3, 0, 1, 0, 2, 0, 1, 0, 4, 1, 0, 1, 2, 3, 1, 1, 4, 1, 2, 1, 0, 2, 1, 3, 1, 1, 1, 1, 4, 1, 0, 1, 2, 1, 1, 1, 1, 4, 4, 2, 1, 1, 1, 0, 1, 1, 1, 1, 0, 4, 0, 0, 0, 1, 4, 1, 1, 4, 4, 0, 4, 1, 1, 1, 4, 1]|[0, 0, 2, 0, 1, 0, 0, 0, 0, 0, 2, 1, 0, 1, 1, 3, 1, 2, 0, 1, 0, 0, 0, 0, 0, 1, 1, 1, 2, 1, 0, 3, 1, 3, 1, 3, 1, 0, 1, 0, 1, 0, 0, 0, 1, 0, 1, 0, 0, 0, 2, 0, 0, 0, 1, 1, 0, 3, 0, 0, 0, 0, 0, 0, 2, 0, 0, 0, 0, 0, 0, 3, 0, 1, 0, 0, 0, 1, 1, 0, 2, 0, 2, 0, 1, 0, 0, 0, 3, 0, 0, 0, 3, 0, 0, 1, 0, 0, 0, 0]
event=1054:G1_CMAX:update:state=1,action=2,reward=-51.89770947494196,nextState=1,old=-267.44226006547774,new=-265.8515175273242
event=1055:G2_TEC:update:state=1,action=1,reward=-182.01862160130986,nextState=1,old=-1451.4070193298019,new=-1343.1442370651514
event=1056:G3_TWC:update:state=1,action=1,reward=-7438.916628092367,nextState=1,old=-23676.762687228078,new=-25981.514029967984
event=1057:G4_BALANCED:update:state=1,action=2,reward=-0.0781331039483146,nextState=1,old=-0.006215336207432531,new=-0.08310537291426062
event=1058:G1_CMAX:action:mode=exploit,state=1,draw=0.08865933430489237,action=2
event=1059:G1_CMAX:tournament:reason=action2,left=48,right=22,selected=[51, 8, 83, 31, 94, 11, 15, 84, 57, 19, 22, 77, 98, 1, 81, 14, 73, 79, 3, 16, 2, 99, 5, 91, 62, 43, 68, 76, 97, 40, 88, 30, 53, 20, 58, 93, 24, 72, 49, 59, 38, 28, 92, 67, 9, 18, 74, 87, 12, 56, 71, 17, 95, 63, 4, 47, 27, 37, 96, 23, 78, 10, 66, 6, 48, 26, 29, 64, 60, 46, 7, 36, 34, 85, 52, 55, 61, 86, 89, 41, 32, 39, 33, 42, 75, 80, 54, 25, 35, 82, 44, 90, 0, 50, 69, 70, 65, 13, 21, 45]|[2, 0, 1, 1, 2, 1, 0, 1, 2, 0, 1, 1, 0, 1, 1, 2, 0, 2, 1, 0, 1, 1, 0, 0, 1, 2, 1, 0, 1, 1, 0, 2, 1, 0, 1, 2, 2, 0, 0, 0, 2, 1, 1, 1, 0, 0, 1, 0, 1, 2, 2, 1, 2, 0, 2, 0, 0, 2, 1, 2, 0, 2, 1, 0, 0, 0, 2, 2, 2, 1, 0, 0, 0, 1, 0, 1, 0, 1, 2, 1, 2, 2, 0, 0, 2, 1, 1, 2, 2, 1, 0, 1, 0, 2, 0, 2, 1, 2, 2, 0]|[2, 2, 2, 2, 2, 4, 1, 2, 1, 1, 2, 4, 2, 4, 4, 2, 2, 1, 4, 2, 4, 1, 1, 0, 3, 2, 3, 0, 0, 1, 1, 0, 4, 2, 4, 0, 2, 0, 2, 0, 1, 0, 3, 0, 1, 1, 4, 2, 3, 1, 2, 4, 1, 2, 1, 0, 2, 1, 3, 1, 1, 1, 4, 0, 1, 1, 1, 1, 1, 4, 1, 1, 0, 0, 2, 4, 0, 4, 1, 0, 1, 1, 1, 2, 1, 4, 4, 1, 1, 0, 1, 0, 0, 1, 2, 1, 4, 1, 1, 2]|[0, 0, 1, 1, 0, 2, 0, 2, 0, 0, 2, 0, 1, 0, 0, 0, 1, 0, 3, 1, 2, 0, 0, 0, 3, 1, 1, 0, 1, 0, 1, 0, 3, 0, 0, 0, 0, 0, 1, 0, 1, 3, 1, 1, 0, 0, 2, 1, 0, 0, 0, 2, 0, 0, 0, 1, 1, 0, 3, 0, 0, 0, 1, 1, 0, 0, 0, 0, 0, 0, 0, 0, 0, 1, 1, 3, 0, 0, 1, 1, 0, 0, 1, 0, 0, 0, 3, 0, 0, 2, 1, 1, 0, 0, 0, 0, 0, 0, 0, 0]
event=1060:G1_CMAX:leader:action=2,fingerprint=[51, 8, 83, 31, 94, 11, 15, 84, 57, 19, 22, 77, 98, 1, 81, 14, 73, 79, 3, 16, 2, 99, 5, 91, 62, 43, 68, 76, 97, 40, 88, 30, 53, 20, 58, 93, 24, 72, 49, 59, 38, 28, 92, 67, 9, 18, 74, 87, 12, 56, 71, 17, 95, 63, 4, 47, 27, 37, 96, 23, 78, 10, 66, 6, 48, 26, 29, 64, 60, 46, 7, 36, 34, 85, 52, 55, 61, 86, 89, 41, 32, 39, 33, 42, 75, 80, 54, 25, 35, 82, 44, 90, 0, 50, 69, 70, 65, 13, 21, 45]|[2, 0, 1, 1, 2, 1, 0, 1, 2, 0, 1, 1, 0, 1, 1, 2, 0, 2, 1, 0, 1, 1, 0, 0, 1, 2, 1, 0, 1, 1, 0, 2, 1, 0, 1, 2, 2, 0, 0, 0, 2, 1, 1, 1, 0, 0, 1, 0, 1, 2, 2, 1, 2, 0, 2, 0, 0, 2, 1, 2, 0, 2, 1, 0, 0, 0, 2, 2, 2, 1, 0, 0, 0, 1, 0, 1, 0, 1, 2, 1, 2, 2, 0, 0, 2, 1, 1, 2, 2, 1, 0, 1, 0, 2, 0, 2, 1, 2, 2, 0]|[2, 2, 2, 2, 2, 4, 1, 2, 1, 1, 2, 4, 2, 4, 4, 2, 2, 1, 4, 2, 4, 1, 1, 0, 3, 2, 3, 0, 0, 1, 1, 0, 4, 2, 4, 0, 2, 0, 2, 0, 1, 0, 3, 0, 1, 1, 4, 2, 3, 1, 2, 4, 1, 2, 1, 0, 2, 1, 3, 1, 1, 1, 4, 0, 1, 1, 1, 1, 1, 4, 1, 1, 0, 0, 2, 4, 0, 4, 1, 0, 1, 1, 1, 2, 1, 4, 4, 1, 1, 0, 1, 0, 0, 1, 2, 1, 4, 1, 1, 2]|[0, 0, 1, 1, 0, 2, 0, 2, 0, 0, 2, 0, 1, 0, 0, 0, 1, 0, 3, 1, 2, 0, 0, 0, 3, 1, 1, 0, 1, 0, 1, 0, 3, 0, 0, 0, 0, 0, 1, 0, 1, 3, 1, 1, 0, 0, 2, 1, 0, 0, 0, 2, 0, 0, 0, 1, 1, 0, 3, 0, 0, 0, 1, 1, 0, 0, 0, 0, 0, 0, 0, 0, 0, 1, 1, 3, 0, 0, 1, 1, 0, 0, 1, 0, 0, 0, 3, 0, 0, 2, 1, 1, 0, 0, 0, 0, 0, 0, 0, 0]
event=1061:G4_BALANCED:action:mode=exploit,state=1,draw=0.6361447520299554,action=0
event=1062:G4_BALANCED:leader:action=0,fingerprint=[51, 8, 83, 31, 94, 11, 15, 22, 57, 19, 84, 77, 73, 1, 81, 14, 98, 79, 3, 16, 2, 99, 5, 91, 62, 43, 68, 76, 97, 40, 88, 30, 53, 20, 58, 93, 24, 72, 49, 59, 38, 28, 92, 67, 9, 18, 17, 87, 12, 26, 71, 74, 95, 63, 4, 47, 27, 37, 96, 23, 78, 10, 66, 6, 48, 56, 29, 64, 60, 46, 7, 36, 34, 85, 52, 55, 61, 86, 89, 41, 32, 39, 33, 42, 75, 80, 54, 25, 35, 82, 44, 0, 21, 50, 70, 90, 69, 13, 65, 45]|[2, 0, 1, 1, 2, 1, 0, 2, 2, 0, 0, 1, 0, 1, 1, 2, 0, 2, 1, 0, 1, 1, 0, 0, 1, 0, 1, 0, 1, 1, 2, 2, 1, 0, 1, 2, 2, 0, 0, 0, 2, 1, 1, 1, 0, 0, 2, 0, 1, 0, 2, 1, 2, 0, 2, 0, 0, 2, 1, 2, 0, 2, 2, 0, 0, 2, 2, 2, 2, 1, 0, 0, 0, 1, 0, 1, 0, 1, 2, 1, 2, 1, 0, 0, 2, 1, 1, 2, 2, 1, 0, 0, 2, 2, 0, 1, 0, 2, 1, 0]|[2, 2, 2, 2, 2, 4, 1, 1, 1, 1, 0, 4, 2, 4, 4, 2, 0, 1, 4, 2, 4, 1, 1, 0, 3, 1, 3, 0, 0, 1, 1, 0, 4, 2, 4, 0, 2, 0, 2, 0, 1, 0, 3, 0, 1, 1, 1, 2, 3, 1, 2, 4, 1, 2, 1, 0, 2, 1, 3, 1, 1, 1, 1, 0, 1, 1, 1, 1, 1, 4, 1, 1, 0, 0, 2, 4, 0, 4, 1, 0, 1, 4, 1, 2, 1, 4, 4, 1, 1, 0, 1, 2, 1, 1, 1, 0, 2, 1, 4, 2]|[0, 0, 1, 1, 0, 2, 0, 0, 0, 0, 0, 0, 1, 0, 0, 0, 0, 0, 3, 1, 2, 0, 0, 0, 3, 0, 1, 0, 1, 0, 0, 0, 3, 0, 0, 0, 0, 0, 1, 0, 1, 3, 1, 1, 0, 0, 0, 1, 0, 0, 0, 2, 0, 0, 0, 1, 1, 0, 3, 0, 0, 0, 0, 1, 0, 0, 0, 0, 0, 0, 0, 0, 0, 1, 1, 3, 0, 0, 1, 1, 0, 3, 1, 0, 0, 0, 3, 0, 0, 2, 1, 0, 0, 0, 0, 1, 0, 0, 0, 0]
event=1063:G2_TEC:action:mode=exploit,state=1,draw=0.6875944871271095,action=1
event=1064:G2_TEC:leader:action=1,fingerprint=[51, 8, 83, 31, 94, 11, 15, 22, 57, 19, 84, 77, 73, 1, 81, 14, 98, 79, 3, 16, 2, 99, 5, 91, 62, 43, 68, 76, 97, 40, 88, 30, 53, 20, 58, 93, 24, 72, 49, 59, 38, 28, 92, 67, 9, 18, 17, 87, 12, 26, 71, 74, 95, 63, 4, 47, 27, 37, 96, 23, 78, 10, 66, 6, 48, 56, 29, 64, 60, 46, 7, 36, 34, 85, 52, 55, 61, 86, 89, 41, 32, 39, 33, 42, 75, 80, 54, 25, 70, 35, 21, 50, 44, 0, 69, 82, 65, 13, 90, 45]|[2, 0, 1, 1, 2, 1, 0, 1, 2, 0, 0, 1, 0, 1, 1, 2, 0, 2, 1, 0, 1, 1, 0, 0, 1, 2, 1, 0, 1, 1, 0, 2, 1, 0, 1, 2, 2, 0, 0, 0, 2, 1, 1, 1, 0, 0, 2, 0, 1, 0, 2, 1, 2, 0, 2, 0, 0, 2, 1, 2, 0, 2, 1, 0, 0, 2, 2, 2, 2, 1, 0, 0, 0, 1, 0, 1, 0, 1, 2, 1, 2, 1, 0, 0, 2, 1, 1, 2, 0, 2, 2, 2, 0, 0, 0, 1, 1, 2, 1, 0]|[2, 2, 2, 2, 2, 4, 1, 2, 1, 1, 0, 4, 2, 4, 4, 2, 0, 1, 4, 2, 4, 1, 1, 0, 3, 2, 3, 0, 0, 1, 1, 0, 4, 2, 4, 0, 2, 0, 2, 0, 1, 0, 3, 0, 1, 1, 1, 2, 3, 1, 2, 4, 1, 2, 1, 0, 2, 1, 3, 1, 1, 1, 4, 0, 1, 1, 1, 1, 1, 4, 1, 1, 0, 0, 2, 4, 0, 4, 1, 0, 1, 4, 1, 2, 1, 4, 4, 1, 1, 1, 1, 1, 1, 2, 2, 0, 4, 1, 0, 2]|[0, 0, 1, 1, 0, 2, 0, 2, 0, 0, 0, 0, 1, 0, 0, 0, 0, 0, 3, 1, 2, 0, 0, 0, 3, 1, 1, 0, 1, 0, 1, 0, 3, 0, 0, 0, 0, 0, 1, 0, 1, 3, 1, 1, 0, 0, 0, 1, 0, 0, 0, 2, 0, 0, 0, 1, 1, 0, 3, 0, 0, 0, 1, 1, 0, 0, 0, 0, 0, 0, 0, 0, 0, 1, 1, 3, 0, 0, 1, 1, 0, 3, 1, 0, 0, 0, 3, 0, 0, 0, 0, 0, 1, 0, 0, 2, 0, 0, 1, 0]
event=1065:G3_TWC:action:mode=exploit,state=1,draw=0.379135223199736,action=2
event=1066:G3_TWC:tournament:reason=action2,left=25,right=55,selected=[51, 8, 83, 31, 94, 11, 15, 22, 57, 19, 84, 77, 73, 1, 81, 14, 98, 79, 3, 16, 2, 99, 5, 91, 62, 43, 68, 76, 97, 40, 88, 30, 53, 20, 58, 93, 24, 72, 49, 59, 38, 28, 92, 67, 9, 18, 17, 87, 12, 26, 71, 74, 95, 63, 4, 47, 27, 37, 96, 23, 78, 10, 66, 6, 48, 56, 29, 64, 60, 46, 7, 36, 34, 85, 52, 55, 61, 86, 89, 41, 32, 54, 33, 80, 75, 42, 39, 25, 35, 70, 44, 0, 21, 50, 69, 82, 65, 13, 90, 45]|[2, 0, 1, 1, 2, 1, 0, 1, 2, 0, 0, 1, 0, 1, 1, 1, 0, 2, 1, 0, 1, 1, 0, 0, 1, 2, 1, 0, 1, 1, 0, 2, 1, 0, 1, 2, 2, 0, 0, 0, 2, 1, 1, 1, 0, 0, 2, 0, 1, 0, 2, 1, 2, 0, 0, 0, 0, 2, 1, 2, 0, 2, 1, 0, 0, 2, 2, 2, 2, 1, 0, 0, 0, 1, 0, 1, 1, 2, 2, 1, 2, 1, 0, 1, 2, 0, 1, 2, 2, 2, 0, 0, 2, 2, 0, 1, 1, 2, 1, 0]|[2, 2, 2, 2, 2, 4, 1, 2, 1, 1, 0, 4, 2, 4, 4, 1, 0, 1, 4, 2, 4, 1, 1, 0, 3, 2, 3, 0, 0, 1, 1, 0, 4, 2, 4, 0, 2, 0, 2, 0, 1, 0, 3, 0, 1, 1, 1, 2, 3, 1, 2, 4, 1, 2, 1, 0, 2, 1, 3, 1, 1, 1, 4, 0, 1, 1, 1, 1, 1, 4, 1, 1, 0, 0, 2, 4, 0, 1, 1, 0, 1, 4, 1, 4, 1, 2, 4, 1, 1, 1, 1, 1, 1, 1, 2, 0, 4, 1, 0, 2]|[0, 0, 1, 1, 0, 2, 0, 2, 0, 0, 0, 0, 1, 0, 0, 1, 0, 0, 3, 1, 2, 0, 0, 0, 3, 1, 1, 0, 1, 0, 1, 0, 3, 0, 0, 0, 0, 0, 1, 0, 1, 3, 1, 1, 0, 0, 0, 1, 0, 0, 0, 2, 0, 0, 1, 1, 0, 0, 3, 0, 0, 0, 1, 1, 0, 0, 0, 0, 0, 0, 0, 0, 0, 1, 1, 3, 1, 0, 1, 1, 0, 3, 0, 0, 0, 0, 3, 0, 0, 0, 1, 0, 0, 0, 0, 2, 0, 0, 1, 0]
event=1067:G3_TWC:leader:action=2,fingerprint=[51, 8, 83, 31, 94, 11, 15, 22, 57, 19, 84, 77, 73, 1, 81, 14, 98, 79, 3, 16, 2, 99, 5, 91, 62, 43, 68, 76, 97, 40, 88, 30, 53, 20, 58, 93, 24, 72, 49, 59, 38, 28, 92, 67, 9, 18, 17, 87, 12, 26, 71, 74, 95, 63, 4, 47, 27, 37, 96, 23, 78, 10, 66, 6, 48, 56, 29, 64, 60, 46, 7, 36, 34, 85, 52, 55, 61, 86, 89, 41, 32, 54, 33, 80, 75, 42, 39, 25, 35, 70, 44, 0, 21, 50, 69, 82, 65, 13, 90, 45]|[2, 0, 1, 1, 2, 1, 0, 1, 2, 0, 0, 1, 0, 1, 1, 1, 0, 2, 1, 0, 1, 1, 0, 0, 1, 2, 1, 0, 1, 1, 0, 2, 1, 0, 1, 2, 2, 0, 0, 0, 2, 1, 1, 1, 0, 0, 2, 0, 1, 0, 2, 1, 2, 0, 0, 0, 0, 2, 1, 2, 0, 2, 1, 0, 0, 2, 2, 2, 2, 1, 0, 0, 0, 1, 0, 1, 1, 2, 2, 1, 2, 1, 0, 1, 2, 0, 1, 2, 2, 2, 0, 0, 2, 2, 0, 1, 1, 2, 1, 0]|[2, 2, 2, 2, 2, 4, 1, 2, 1, 1, 0, 4, 2, 4, 4, 1, 0, 1, 4, 2, 4, 1, 1, 0, 3, 2, 3, 0, 0, 1, 1, 0, 4, 2, 4, 0, 2, 0, 2, 0, 1, 0, 3, 0, 1, 1, 1, 2, 3, 1, 2, 4, 1, 2, 1, 0, 2, 1, 3, 1, 1, 1, 4, 0, 1, 1, 1, 1, 1, 4, 1, 1, 0, 0, 2, 4, 0, 1, 1, 0, 1, 4, 1, 4, 1, 2, 4, 1, 1, 1, 1, 1, 1, 1, 2, 0, 4, 1, 0, 2]|[0, 0, 1, 1, 0, 2, 0, 2, 0, 0, 0, 0, 1, 0, 0, 1, 0, 0, 3, 1, 2, 0, 0, 0, 3, 1, 1, 0, 1, 0, 1, 0, 3, 0, 0, 0, 0, 0, 1, 0, 1, 3, 1, 1, 0, 0, 0, 1, 0, 0, 0, 2, 0, 0, 1, 1, 0, 0, 3, 0, 0, 0, 1, 1, 0, 0, 0, 0, 0, 0, 0, 0, 0, 1, 1, 3, 1, 0, 1, 1, 0, 3, 0, 0, 0, 0, 3, 0, 0, 0, 1, 0, 0, 0, 0, 2, 0, 0, 1, 0]
event=1068:G1_CMAX:update:state=1,action=2,reward=-47.57528164600262,nextState=1,old=-265.8515175273242,new=-260.25649566786194
event=1069:G2_TEC:update:state=1,action=1,reward=-359.79858725758095,nextState=1,old=-1343.1442370651514,new=-1434.3139769097022
event=1070:G3_TWC:update:state=1,action=2,reward=-1740.484695408275,nextState=1,old=-23178.24675234452,new=-20283.082097283892
event=1071:G4_BALANCED:update:state=1,action=0,reward=-0.020887776306431995,nextState=1,old=-0.023479222839031737,new=-0.03967115457765739
event=1072:G1_CMAX:action:mode=exploit,state=1,draw=0.39717336946492965,action=2
event=1073:G1_CMAX:tournament:reason=action2,left=47,right=67,selected=[51, 8, 83, 31, 94, 11, 15, 84, 57, 19, 22, 77, 73, 1, 81, 14, 98, 79, 3, 16, 2, 99, 5, 91, 62, 43, 68, 76, 97, 40, 88, 30, 53, 20, 58, 93, 24, 72, 49, 59, 38, 28, 92, 67, 9, 18, 17, 87, 12, 26, 71, 74, 95, 63, 4, 47, 27, 37, 96, 23, 78, 10, 66, 6, 48, 56, 29, 64, 60, 46, 7, 36, 34, 85, 52, 55, 61, 86, 89, 41, 32, 39, 33, 42, 75, 80, 54, 25, 70, 35, 44, 50, 21, 0, 69, 82, 65, 13, 90, 45]|[2, 0, 1, 1, 2, 1, 0, 1, 2, 0, 0, 1, 0, 1, 1, 1, 0, 0, 1, 0, 1, 1, 0, 0, 1, 2, 1, 0, 1, 1, 0, 2, 1, 0, 1, 2, 2, 0, 0, 0, 2, 1, 1, 1, 0, 0, 2, 0, 1, 0, 2, 1, 2, 0, 2, 0, 0, 2, 1, 2, 0, 2, 1, 1, 0, 2, 2, 2, 2, 1, 0, 0, 0, 1, 0, 1, 0, 1, 2, 1, 2, 1, 0, 0, 2, 1, 1, 2, 0, 2, 0, 2, 2, 0, 0, 1, 1, 2, 1, 0]|[2, 2, 2, 2, 2, 4, 1, 2, 1, 1, 0, 1, 2, 4, 4, 1, 0, 2, 4, 2, 4, 1, 1, 0, 3, 2, 3, 0, 0, 1, 1, 0, 4, 2, 4, 0, 2, 0, 2, 0, 1, 0, 3, 0, 1, 1, 1, 2, 3, 1, 2, 4, 1, 2, 1, 0, 2, 1, 3, 1, 1, 1, 4, 4, 1, 1, 1, 1, 1, 4, 1, 1, 0, 0, 2, 4, 0, 4, 1, 0, 1, 4, 1, 2, 1, 4, 4, 1, 1, 1, 1, 1, 1, 0, 2, 0, 4, 1, 0, 2]|[0, 0, 1, 1, 0, 2, 0, 2, 0, 0, 0, 0, 1, 0, 0, 1, 0, 1, 3, 1, 2, 0, 0, 0, 3, 1, 1, 0, 1, 0, 1, 0, 3, 0, 0, 0, 0, 0, 1, 0, 1, 3, 1, 1, 0, 0, 0, 1, 0, 0, 0, 2, 0, 0, 0, 1, 1, 0, 3, 0, 0, 0, 1, 0, 0, 0, 0, 0, 0, 0, 0, 0, 0, 1, 1, 3, 0, 0, 1, 1, 0, 3, 1, 0, 0, 0, 3, 0, 0, 0, 1, 0, 0, 0, 0, 2, 0, 0, 1, 0]
event=1074:G1_CMAX:leader:action=2,fingerprint=[51, 8, 83, 31, 94, 11, 15, 84, 57, 19, 22, 77, 73, 1, 81, 14, 98, 79, 3, 16, 2, 99, 5, 91, 62, 43, 68, 76, 97, 40, 88, 30, 53, 20, 58, 93, 24, 72, 49, 59, 38, 28, 92, 67, 9, 18, 17, 87, 12, 26, 71, 74, 95, 63, 4, 47, 27, 37, 96, 23, 78, 10, 66, 6, 48, 56, 29, 64, 60, 46, 7, 36, 34, 85, 52, 55, 61, 86, 89, 41, 32, 39, 33, 42, 75, 80, 54, 25, 70, 35, 44, 50, 21, 0, 69, 82, 65, 13, 90, 45]|[2, 0, 1, 1, 2, 1, 0, 1, 2, 0, 0, 1, 0, 1, 1, 1, 0, 0, 1, 0, 1, 1, 0, 0, 1, 2, 1, 0, 1, 1, 0, 2, 1, 0, 1, 2, 2, 0, 0, 0, 2, 1, 1, 1, 0, 0, 2, 0, 1, 0, 2, 1, 2, 0, 2, 0, 0, 2, 1, 2, 0, 2, 1, 1, 0, 2, 2, 2, 2, 1, 0, 0, 0, 1, 0, 1, 0, 1, 2, 1, 2, 1, 0, 0, 2, 1, 1, 2, 0, 2, 0, 2, 2, 0, 0, 1, 1, 2, 1, 0]|[2, 2, 2, 2, 2, 4, 1, 2, 1, 1, 0, 1, 2, 4, 4, 1, 0, 2, 4, 2, 4, 1, 1, 0, 3, 2, 3, 0, 0, 1, 1, 0, 4, 2, 4, 0, 2, 0, 2, 0, 1, 0, 3, 0, 1, 1, 1, 2, 3, 1, 2, 4, 1, 2, 1, 0, 2, 1, 3, 1, 1, 1, 4, 4, 1, 1, 1, 1, 1, 4, 1, 1, 0, 0, 2, 4, 0, 4, 1, 0, 1, 4, 1, 2, 1, 4, 4, 1, 1, 1, 1, 1, 1, 0, 2, 0, 4, 1, 0, 2]|[0, 0, 1, 1, 0, 2, 0, 2, 0, 0, 0, 0, 1, 0, 0, 1, 0, 1, 3, 1, 2, 0, 0, 0, 3, 1, 1, 0, 1, 0, 1, 0, 3, 0, 0, 0, 0, 0, 1, 0, 1, 3, 1, 1, 0, 0, 0, 1, 0, 0, 0, 2, 0, 0, 0, 1, 1, 0, 3, 0, 0, 0, 1, 0, 0, 0, 0, 0, 0, 0, 0, 0, 0, 1, 1, 3, 0, 0, 1, 1, 0, 3, 1, 0, 0, 0, 3, 0, 0, 0, 1, 0, 0, 0, 0, 2, 0, 0, 1, 0]
event=1075:G4_BALANCED:action:mode=exploit,state=1,draw=0.32610085836216773,action=0
event=1076:G4_BALANCED:leader:action=0,fingerprint=[51, 8, 83, 31, 94, 11, 15, 22, 57, 19, 84, 77, 73, 1, 81, 14, 98, 79, 3, 16, 2, 99, 5, 91, 62, 43, 68, 76, 97, 40, 88, 30, 53, 20, 58, 93, 24, 72, 49, 59, 38, 28, 92, 67, 9, 18, 17, 87, 12, 26, 71, 74, 95, 63, 4, 47, 27, 37, 96, 23, 78, 10, 66, 6, 48, 56, 29, 64, 60, 46, 7, 36, 34, 85, 52, 55, 61, 86, 89, 41, 32, 39, 33, 42, 75, 80, 54, 25, 35, 70, 44, 0, 21, 50, 13, 69, 90, 65, 82, 45]|[2, 0, 1, 1, 2, 1, 0, 1, 2, 0, 0, 1, 0, 1, 1, 1, 0, 2, 1, 0, 1, 1, 0, 0, 1, 2, 1, 0, 1, 1, 0, 2, 1, 2, 1, 2, 2, 0, 0, 0, 2, 1, 1, 1, 0, 0, 2, 0, 1, 0, 2, 1, 2, 0, 2, 0, 0, 2, 1, 2, 0, 2, 1, 0, 0, 2, 2, 0, 2, 1, 0, 0, 0, 1, 0, 1, 2, 1, 2, 1, 0, 1, 1, 0, 2, 1, 1, 2, 2, 0, 0, 0, 2, 2, 2, 0, 1, 2, 1, 0]|[2, 2, 2, 2, 2, 4, 1, 2, 1, 1, 0, 4, 2, 4, 4, 1, 0, 1, 4, 2, 4, 1, 1, 0, 3, 2, 3, 0, 0, 1, 1, 0, 4, 1, 4, 0, 2, 0, 2, 0, 1, 0, 3, 0, 2, 1, 1, 2, 3, 1, 1, 4, 1, 2, 1, 0, 2, 1, 3, 1, 1, 1, 4, 0, 1, 1, 1, 2, 1, 4, 1, 1, 0, 0, 2, 4, 1, 4, 1, 0, 2, 4, 4, 2, 1, 4, 4, 1, 1, 1, 1, 2, 1, 1, 1, 2, 0, 1, 0, 2]|[0, 0, 1, 1, 0, 2, 0, 2, 0, 0, 0, 0, 1, 0, 0, 1, 0, 0, 3, 1, 2, 0, 0, 0, 3, 1, 1, 0, 1, 0, 1, 0, 3, 0, 0, 0, 0, 0, 1, 0, 1, 3, 1, 1, 0, 0, 0, 1, 0, 0, 0, 2, 0, 0, 0, 1, 0, 0, 3, 0, 0, 0, 1, 1, 0, 0, 0, 0, 0, 0, 0, 0, 0, 1, 1, 3, 0, 0, 0, 1, 0, 3, 0, 0, 0, 0, 3, 0, 0, 0, 1, 0, 0, 0, 0, 0, 1, 0, 2, 0]
event=1077:G2_TEC:action:mode=exploit,state=1,draw=0.3209988858923526,action=1
event=1078:G2_TEC:leader:action=1,fingerprint=[51, 8, 83, 31, 94, 11, 15, 22, 57, 19, 84, 77, 73, 1, 81, 14, 98, 79, 3, 16, 2, 99, 5, 91, 62, 43, 68, 76, 97, 40, 88, 30, 53, 20, 58, 93, 24, 72, 49, 59, 38, 28, 92, 67, 9, 18, 17, 87, 12, 26, 71, 74, 95, 63, 4, 47, 27, 37, 96, 23, 78, 10, 66, 6, 48, 56, 29, 64, 60, 46, 7, 36, 34, 85, 52, 55, 61, 86, 89, 41, 32, 39, 33, 42, 75, 80, 54, 25, 70, 35, 21, 50, 44, 0, 69, 82, 65, 13, 90, 45]|[2, 0, 1, 1, 2, 1, 0, 1, 2, 0, 0, 1, 0, 1, 1, 2, 0, 2, 1, 0, 1, 1, 0, 0, 1, 2, 1, 0, 1, 1, 0, 2, 1, 0, 1, 2, 2, 0, 0, 0, 2, 1, 1, 1, 0, 0, 2, 0, 1, 0, 2, 1, 2, 0, 2, 0, 0, 2, 1, 2, 0, 2, 1, 0, 0, 2, 2, 2, 2, 1, 0, 0, 0, 1, 0, 1, 0, 1, 2, 1, 2, 1, 0, 0, 2, 1, 1, 2, 0, 2, 2, 2, 0, 0, 0, 1, 1, 2, 1, 0]|[2, 2, 2, 2, 2, 4, 1, 2, 1, 1, 0, 4, 2, 4, 4, 2, 0, 1, 4, 2, 4, 1, 1, 0, 3, 2, 3, 0, 0, 1, 1, 0, 4, 2, 4, 0, 2, 0, 2, 0, 1, 0, 3, 0, 1, 1, 1, 2, 3, 1, 2, 4, 1, 2, 1, 0, 2, 1, 3, 1, 1, 1, 4, 0, 1, 1, 1, 1, 1, 4, 1, 1, 0, 0, 2, 4, 0, 4, 1, 0, 1, 4, 1, 2, 1, 4, 4, 1, 1, 1, 1, 1, 1, 2, 2, 0, 4, 1, 0, 2]|[0, 0, 1, 1, 0, 2, 0, 2, 0, 0, 0, 0, 1, 0, 0, 0, 0, 0, 3, 1, 2, 0, 0, 0, 3, 1, 1, 0, 1, 0, 1, 0, 3, 0, 0, 0, 0, 0, 1, 0, 1, 3, 1, 1, 0, 0, 0, 1, 0, 0, 0, 2, 0, 0, 0, 1, 1, 0, 3, 0, 0, 0, 1, 1, 0, 0, 0, 0, 0, 0, 0, 0, 0, 1, 1, 3, 0, 0, 1, 1, 0, 3, 1, 0, 0, 0, 3, 0, 0, 0, 0, 0, 1, 0, 0, 2, 0, 0, 1, 0]
event=1079:G3_TWC:action:mode=exploit,state=1,draw=0.6275179490593639,action=2
event=1080:G3_TWC:tournament:reason=action2,left=68,right=46,selected=[51, 8, 83, 31, 94, 11, 15, 22, 57, 19, 84, 77, 73, 1, 81, 14, 98, 79, 3, 16, 2, 99, 5, 91, 62, 43, 68, 76, 97, 40, 88, 30, 53, 20, 58, 93, 24, 72, 49, 59, 38, 28, 92, 67, 9, 18, 17, 87, 12, 26, 71, 74, 95, 63, 21, 47, 27, 37, 96, 6, 78, 10, 32, 46, 48, 56, 29, 64, 60, 23, 7, 36, 34, 85, 52, 55, 61, 86, 89, 41, 66, 39, 33, 42, 75, 80, 54, 25, 35, 82, 70, 50, 0, 44, 69, 4, 65, 13, 90, 45]|[2, 0, 1, 1, 2, 1, 0, 1, 2, 1, 0, 1, 0, 1, 1, 1, 1, 2, 1, 0, 1, 1, 0, 0, 1, 2, 1, 0, 1, 1, 0, 2, 1, 0, 1, 2, 2, 0, 0, 0, 2, 1, 1, 1, 0, 0, 2, 0, 1, 2, 2, 1, 2, 0, 2, 0, 0, 2, 1, 0, 0, 2, 2, 0, 0, 2, 2, 0, 2, 1, 0, 0, 1, 1, 0, 2, 0, 1, 2, 1, 2, 1, 0, 0, 2, 1, 1, 2, 2, 1, 0, 2, 0, 0, 0, 0, 1, 2, 1, 0]|[2, 2, 2, 2, 2, 4, 1, 2, 1, 1, 1, 4, 2, 4, 4, 1, 1, 1, 4, 2, 4, 1, 1, 0, 3, 2, 3, 0, 0, 1, 1, 2, 4, 2, 4, 0, 2, 0, 2, 0, 1, 0, 3, 0, 1, 1, 1, 2, 3, 1, 2, 4, 1, 2, 1, 0, 2, 1, 3, 1, 1, 1, 1, 1, 1, 1, 1, 2, 1, 4, 1, 1, 0, 0, 2, 1, 2, 4, 1, 0, 1, 4, 1, 2, 1, 4, 4, 1, 1, 0, 1, 1, 0, 1, 2, 1, 4, 1, 0, 2]|[0, 0, 1, 1, 0, 2, 0, 2, 0, 0, 0, 0, 1, 0, 0, 1, 0, 0, 3, 1, 2, 0, 0, 0, 3, 1, 1, 0, 1, 0, 1, 0, 3, 0, 0, 0, 0, 0, 1, 0, 1, 3, 1, 1, 0, 0, 0, 1, 0, 1, 0, 2, 0, 0, 0, 1, 1, 0, 3, 0, 0, 0, 0, 0, 0, 0, 0, 0, 0, 0, 0, 0, 1, 1, 1, 0, 0, 0, 1, 1, 0, 3, 0, 0, 0, 0, 3, 0, 0, 2, 0, 0, 0, 1, 0, 1, 0, 0, 1, 0]
event=1081:G3_TWC:leader:action=2,fingerprint=[51, 8, 83, 31, 94, 11, 15, 22, 57, 19, 84, 77, 73, 1, 81, 14, 98, 79, 3, 16, 2, 99, 5, 91, 62, 43, 68, 76, 97, 40, 88, 30, 53, 20, 58, 93, 24, 72, 49, 59, 38, 28, 92, 67, 9, 18, 17, 87, 12, 26, 71, 74, 95, 63, 21, 47, 27, 37, 96, 6, 78, 10, 32, 46, 48, 56, 29, 64, 60, 23, 7, 36, 34, 85, 52, 55, 61, 86, 89, 41, 66, 39, 33, 42, 75, 80, 54, 25, 35, 82, 70, 50, 0, 44, 69, 4, 65, 13, 90, 45]|[2, 0, 1, 1, 2, 1, 0, 1, 2, 1, 0, 1, 0, 1, 1, 1, 1, 2, 1, 0, 1, 1, 0, 0, 1, 2, 1, 0, 1, 1, 0, 2, 1, 0, 1, 2, 2, 0, 0, 0, 2, 1, 1, 1, 0, 0, 2, 0, 1, 2, 2, 1, 2, 0, 2, 0, 0, 2, 1, 0, 0, 2, 2, 0, 0, 2, 2, 0, 2, 1, 0, 0, 1, 1, 0, 2, 0, 1, 2, 1, 2, 1, 0, 0, 2, 1, 1, 2, 2, 1, 0, 2, 0, 0, 0, 0, 1, 2, 1, 0]|[2, 2, 2, 2, 2, 4, 1, 2, 1, 1, 1, 4, 2, 4, 4, 1, 1, 1, 4, 2, 4, 1, 1, 0, 3, 2, 3, 0, 0, 1, 1, 2, 4, 2, 4, 0, 2, 0, 2, 0, 1, 0, 3, 0, 1, 1, 1, 2, 3, 1, 2, 4, 1, 2, 1, 0, 2, 1, 3, 1, 1, 1, 1, 1, 1, 1, 1, 2, 1, 4, 1, 1, 0, 0, 2, 1, 2, 4, 1, 0, 1, 4, 1, 2, 1, 4, 4, 1, 1, 0, 1, 1, 0, 1, 2, 1, 4, 1, 0, 2]|[0, 0, 1, 1, 0, 2, 0, 2, 0, 0, 0, 0, 1, 0, 0, 1, 0, 0, 3, 1, 2, 0, 0, 0, 3, 1, 1, 0, 1, 0, 1, 0, 3, 0, 0, 0, 0, 0, 1, 0, 1, 3, 1, 1, 0, 0, 0, 1, 0, 1, 0, 2, 0, 0, 0, 1, 1, 0, 3, 0, 0, 0, 0, 0, 0, 0, 0, 0, 0, 0, 0, 0, 1, 1, 1, 0, 0, 0, 1, 1, 0, 3, 0, 0, 0, 0, 3, 0, 0, 2, 0, 0, 0, 1, 0, 1, 0, 0, 1, 0]
event=1082:G1_CMAX:update:state=1,action=2,reward=-18.100804856023842,nextState=1,old=-260.25649566786194,new=-226.3060013903134
event=1083:G2_TEC:update:state=1,action=1,reward=-481.258304304145,nextState=1,old=-1434.3139769097022,new=-1628.7094858319067
event=1084:G3_TWC:update:state=1,action=2,reward=-2307.074348292488,nextState=1,old=-20283.082097283892,new=-18533.540026119605
event=1085:G4_BALANCED:update:state=1,action=0,reward=-0.029125906978755816,nextState=1,old=-0.03967115457765739,new=-0.06086283064088173
event=1086:G1_CMAX:action:mode=exploit,state=1,draw=0.3865865815442049,action=2
event=1087:G1_CMAX:tournament:reason=action2,left=41,right=58,selected=[51, 8, 83, 31, 94, 11, 15, 22, 57, 19, 84, 77, 73, 1, 81, 14, 98, 79, 3, 16, 2, 99, 5, 91, 62, 43, 68, 76, 97, 40, 88, 30, 53, 20, 58, 93, 24, 72, 49, 59, 38, 28, 92, 67, 9, 18, 17, 87, 64, 26, 71, 74, 95, 63, 4, 47, 27, 37, 96, 23, 78, 10, 66, 6, 48, 56, 29, 12, 60, 46, 7, 36, 34, 85, 52, 55, 61, 86, 89, 41, 32, 39, 33, 42, 75, 80, 54, 25, 70, 35, 21, 50, 44, 0, 69, 82, 65, 13, 90, 45]|[2, 0, 1, 1, 2, 1, 0, 2, 2, 0, 0, 1, 0, 1, 1, 1, 0, 2, 1, 0, 1, 1, 0, 0, 1, 2, 1, 0, 1, 1, 0, 2, 1, 0, 1, 2, 2, 0, 0, 0, 2, 1, 1, 1, 0, 0, 2, 0, 1, 0, 2, 1, 2, 0, 2, 0, 0, 2, 1, 2, 0, 2, 1, 0, 0, 2, 2, 2, 2, 1, 0, 0, 0, 1, 0, 1, 0, 1, 2, 1, 1, 1, 0, 0, 2, 1, 2, 2, 2, 2, 2, 2, 0, 0, 0, 1, 1, 2, 1, 0]|[2, 2, 2, 2, 2, 4, 1, 1, 1, 1, 0, 4, 2, 4, 4, 1, 0, 1, 4, 2, 4, 1, 1, 0, 3, 2, 3, 0, 0, 1, 1, 0, 4, 2, 4, 0, 2, 0, 2, 0, 1, 0, 3, 0, 2, 1, 1, 2, 3, 1, 2, 4, 1, 2, 1, 0, 2, 1, 3, 1, 1, 1, 4, 0, 1, 1, 1, 1, 1, 4, 1, 1, 0, 0, 2, 4, 0, 4, 1, 0, 4, 4, 1, 2, 1, 4, 1, 1, 1, 1, 1, 1, 1, 0, 2, 0, 4, 1, 0, 2]|[0, 0, 1, 1, 0, 2, 0, 0, 0, 0, 0, 0, 1, 0, 0, 1, 0, 0, 3, 1, 2, 0, 0, 0, 3, 1, 1, 0, 1, 0, 1, 0, 3, 0, 0, 0, 0, 0, 1, 0, 1, 3, 1, 1, 0, 0, 0, 1, 0, 0, 0, 2, 0, 0, 0, 1, 1, 0, 3, 0, 0, 0, 1, 1, 0, 0, 0, 0, 0, 0, 0, 0, 0, 1, 1, 3, 0, 0, 1, 1, 1, 3, 1, 0, 0, 0, 0, 0, 0, 0, 0, 0, 1, 0, 0, 2, 0, 0, 1, 0]
event=1088:G1_CMAX:leader:action=2,fingerprint=[51, 8, 83, 31, 94, 11, 15, 22, 57, 19, 84, 77, 73, 1, 81, 14, 98, 79, 3, 16, 2, 99, 5, 91, 62, 43, 68, 76, 97, 40, 88, 30, 53, 20, 58, 93, 24, 72, 49, 59, 38, 28, 92, 67, 9, 18, 17, 87, 64, 26, 71, 74, 95, 63, 4, 47, 27, 37, 96, 23, 78, 10, 66, 6, 48, 56, 29, 12, 60, 46, 7, 36, 34, 85, 52, 55, 61, 86, 89, 41, 32, 39, 33, 42, 75, 80, 54, 25, 70, 35, 21, 50, 44, 0, 69, 82, 65, 13, 90, 45]|[2, 0, 1, 1, 2, 1, 0, 2, 2, 0, 0, 1, 0, 1, 1, 1, 0, 2, 1, 0, 1, 1, 0, 0, 1, 2, 1, 0, 1, 1, 0, 2, 1, 0, 1, 2, 2, 0, 0, 0, 2, 1, 1, 1, 0, 0, 2, 0, 1, 0, 2, 1, 2, 0, 2, 0, 0, 2, 1, 2, 0, 2, 1, 0, 0, 2, 2, 2, 2, 1, 0, 0, 0, 1, 0, 1, 0, 1, 2, 1, 1, 1, 0, 0, 2, 1, 2, 2, 2, 2, 2, 2, 0, 0, 0, 1, 1, 2, 1, 0]|[2, 2, 2, 2, 2, 4, 1, 1, 1, 1, 0, 4, 2, 4, 4, 1, 0, 1, 4, 2, 4, 1, 1, 0, 3, 2, 3, 0, 0, 1, 1, 0, 4, 2, 4, 0, 2, 0, 2, 0, 1, 0, 3, 0, 2, 1, 1, 2, 3, 1, 2, 4, 1, 2, 1, 0, 2, 1, 3, 1, 1, 1, 4, 0, 1, 1, 1, 1, 1, 4, 1, 1, 0, 0, 2, 4, 0, 4, 1, 0, 4, 4, 1, 2, 1, 4, 1, 1, 1, 1, 1, 1, 1, 0, 2, 0, 4, 1, 0, 2]|[0, 0, 1, 1, 0, 2, 0, 0, 0, 0, 0, 0, 1, 0, 0, 1, 0, 0, 3, 1, 2, 0, 0, 0, 3, 1, 1, 0, 1, 0, 1, 0, 3, 0, 0, 0, 0, 0, 1, 0, 1, 3, 1, 1, 0, 0, 0, 1, 0, 0, 0, 2, 0, 0, 0, 1, 1, 0, 3, 0, 0, 0, 1, 1, 0, 0, 0, 0, 0, 0, 0, 0, 0, 1, 1, 3, 0, 0, 1, 1, 1, 3, 1, 0, 0, 0, 0, 0, 0, 0, 0, 0, 1, 0, 0, 2, 0, 0, 1, 0]
event=1089:G4_BALANCED:action:mode=exploit,state=1,draw=0.23645407362925086,action=0
event=1090:G4_BALANCED:leader:action=0,fingerprint=[51, 8, 83, 31, 94, 11, 15, 22, 57, 19, 84, 77, 73, 1, 81, 14, 98, 79, 3, 16, 2, 99, 5, 91, 62, 43, 68, 76, 97, 40, 88, 30, 53, 20, 58, 93, 24, 72, 49, 59, 38, 28, 92, 67, 9, 18, 17, 87, 12, 26, 71, 74, 95, 63, 4, 47, 27, 37, 96, 23, 78, 10, 66, 6, 48, 56, 29, 64, 60, 46, 7, 36, 34, 85, 52, 55, 61, 86, 89, 41, 32, 39, 33, 42, 75, 80, 54, 25, 35, 70, 44, 0, 21, 50, 13, 69, 90, 65, 82, 45]|[2, 0, 1, 1, 2, 1, 0, 1, 2, 0, 0, 1, 0, 1, 1, 1, 0, 2, 1, 0, 1, 1, 0, 0, 1, 2, 1, 0, 1, 1, 0, 2, 1, 2, 1, 2, 2, 0, 0, 0, 2, 1, 1, 1, 0, 0, 2, 0, 1, 0, 2, 1, 2, 0, 2, 0, 0, 2, 1, 2, 0, 2, 1, 0, 0, 2, 2, 0, 2, 1, 0, 0, 0, 1, 0, 1, 2, 1, 2, 1, 0, 1, 1, 0, 2, 1, 1, 2, 2, 0, 0, 0, 2, 2, 2, 0, 1, 2, 1, 0]|[2, 2, 2, 2, 2, 4, 1, 2, 1, 1, 0, 4, 2, 4, 4, 1, 0, 1, 4, 2, 4, 1, 1, 0, 3, 2, 3, 0, 0, 1, 1, 0, 4, 1, 4, 0, 2, 0, 2, 0, 1, 0, 3, 0, 2, 1, 1, 2, 3, 1, 1, 4, 1, 2, 1, 0, 2, 1, 3, 1, 1, 1, 4, 0, 1, 1, 1, 2, 1, 4, 1, 1, 0, 0, 2, 4, 1, 4, 1, 0, 2, 4, 4, 2, 1, 4, 4, 1, 1, 1, 1, 2, 1, 1, 1, 2, 0, 1, 0, 2]|[0, 0, 1, 1, 0, 2, 0, 2, 0, 0, 0, 0, 1, 0, 0, 1, 0, 0, 3, 1, 2, 0, 0, 0, 3, 1, 1, 0, 1, 0, 1, 0, 3, 0, 0, 0, 0, 0, 1, 0, 1, 3, 1, 1, 0, 0, 0, 1, 0, 0, 0, 2, 0, 0, 0, 1, 0, 0, 3, 0, 0, 0, 1, 1, 0, 0, 0, 0, 0, 0, 0, 0, 0, 1, 1, 3, 0, 0, 0, 1, 0, 3, 0, 0, 0, 0, 3, 0, 0, 0, 1, 0, 0, 0, 0, 0, 1, 0, 2, 0]
event=1091:G2_TEC:action:mode=exploit,state=1,draw=0.4737657696901373,action=1
event=1092:G2_TEC:leader:action=1,fingerprint=[51, 8, 83, 31, 94, 11, 15, 22, 57, 19, 84, 77, 73, 1, 81, 14, 98, 79, 3, 16, 2, 99, 5, 91, 62, 43, 68, 76, 97, 40, 88, 30, 53, 20, 58, 93, 24, 72, 49, 59, 38, 28, 92, 67, 9, 18, 17, 87, 12, 26, 71, 74, 95, 63, 4, 47, 27, 37, 96, 23, 78, 10, 66, 6, 48, 56, 29, 64, 60, 46, 7, 36, 34, 85, 52, 55, 61, 86, 89, 41, 32, 39, 33, 42, 75, 80, 54, 25, 70, 35, 21, 50, 44, 0, 69, 82, 65, 13, 90, 45]|[2, 0, 1, 1, 2, 1, 0, 1, 2, 0, 0, 1, 0, 1, 1, 2, 0, 2, 1, 0, 1, 1, 0, 0, 1, 2, 1, 0, 1, 1, 0, 2, 1, 0, 1, 2, 2, 0, 0, 0, 2, 1, 1, 1, 0, 0, 2, 0, 1, 0, 2, 1, 2, 0, 2, 0, 0, 2, 1, 2, 0, 2, 1, 0, 0, 2, 2, 2, 2, 1, 0, 0, 0, 1, 0, 1, 0, 1, 2, 1, 2, 1, 0, 0, 2, 1, 1, 2, 0, 2, 2, 2, 0, 0, 0, 1, 1, 2, 1, 0]|[2, 2, 2, 2, 2, 4, 1, 2, 1, 1, 0, 4, 2, 4, 4, 2, 0, 1, 4, 2, 4, 1, 1, 0, 3, 2, 3, 0, 0, 1, 1, 0, 4, 2, 4, 0, 2, 0, 2, 0, 1, 0, 3, 0, 1, 1, 1, 2, 3, 1, 2, 4, 1, 2, 1, 0, 2, 1, 3, 1, 1, 1, 4, 0, 1, 1, 1, 1, 1, 4, 1, 1, 0, 0, 2, 4, 0, 4, 1, 0, 1, 4, 1, 2, 1, 4, 4, 1, 1, 1, 1, 1, 1, 2, 2, 0, 4, 1, 0, 2]|[0, 0, 1, 1, 0, 2, 0, 2, 0, 0, 0, 0, 1, 0, 0, 0, 0, 0, 3, 1, 2, 0, 0, 0, 3, 1, 1, 0, 1, 0, 1, 0, 3, 0, 0, 0, 0, 0, 1, 0, 1, 3, 1, 1, 0, 0, 0, 1, 0, 0, 0, 2, 0, 0, 0, 1, 1, 0, 3, 0, 0, 0, 1, 1, 0, 0, 0, 0, 0, 0, 0, 0, 0, 1, 1, 3, 0, 0, 1, 1, 0, 3, 1, 0, 0, 0, 3, 0, 0, 0, 0, 0, 1, 0, 0, 2, 0, 0, 1, 0]
event=1093:G3_TWC:action:mode=exploit,state=1,draw=0.6734712856820929,action=2
event=1094:G3_TWC:tournament:reason=action2,left=43,right=68,selected=[51, 8, 83, 31, 94, 11, 15, 22, 57, 19, 84, 77, 73, 1, 81, 14, 98, 79, 3, 16, 2, 99, 5, 91, 62, 43, 68, 76, 70, 40, 88, 30, 53, 20, 58, 93, 24, 72, 49, 59, 38, 28, 92, 67, 9, 18, 17, 87, 12, 26, 71, 74, 95, 63, 4, 47, 27, 37, 96, 23, 78, 10, 66, 6, 48, 56, 29, 64, 60, 46, 7, 36, 34, 85, 52, 55, 61, 86, 89, 41, 32, 39, 33, 42, 75, 80, 54, 25, 35, 97, 21, 50, 0, 44, 69, 82, 65, 13, 90, 45]|[2, 0, 1, 1, 2, 1, 0, 1, 2, 0, 0, 1, 0, 1, 1, 2, 0, 2, 1, 0, 1, 1, 0, 0, 1, 2, 1, 0, 1, 1, 0, 2, 1, 0, 1, 2, 2, 0, 0, 0, 2, 1, 1, 1, 0, 0, 2, 0, 1, 0, 2, 1, 2, 2, 2, 0, 0, 2, 1, 2, 0, 2, 1, 0, 0, 2, 2, 2, 2, 1, 0, 0, 0, 1, 0, 1, 0, 1, 2, 1, 1, 1, 0, 0, 2, 1, 1, 2, 2, 2, 2, 2, 0, 0, 0, 1, 1, 2, 1, 0]|[2, 2, 2, 2, 1, 4, 1, 2, 1, 1, 0, 4, 2, 4, 4, 2, 0, 1, 4, 2, 4, 1, 1, 0, 3, 2, 3, 0, 0, 1, 1, 1, 4, 2, 4, 0, 2, 0, 2, 0, 1, 0, 3, 0, 1, 1, 1, 2, 3, 1, 2, 4, 1, 1, 1, 0, 2, 1, 3, 1, 1, 1, 4, 0, 1, 1, 1, 1, 1, 4, 1, 1, 0, 0, 2, 4, 0, 4, 1, 0, 4, 4, 1, 2, 1, 4, 4, 1, 1, 1, 1, 1, 0, 2, 2, 0, 4, 1, 0, 2]|[0, 0, 1, 1, 0, 2, 0, 2, 0, 0, 0, 0, 1, 0, 0, 0, 0, 0, 3, 1, 2, 0, 0, 0, 3, 1, 1, 0, 1, 0, 1, 0, 3, 0, 0, 0, 0, 0, 1, 0, 1, 3, 1, 1, 0, 0, 0, 1, 0, 0, 0, 2, 0, 0, 0, 1, 1, 0, 3, 0, 0, 0, 1, 1, 0, 0, 0, 0, 0, 0, 0, 0, 0, 1, 1, 3, 0, 0, 1, 1, 1, 3, 1, 0, 0, 0, 3, 0, 0, 0, 0, 0, 0, 1, 0, 2, 0, 0, 1, 0]
event=1095:G3_TWC:leader:action=2,fingerprint=[51, 8, 83, 31, 94, 11, 15, 22, 57, 19, 84, 77, 73, 1, 81, 14, 98, 79, 3, 16, 2, 99, 5, 91, 62, 43, 68, 76, 70, 40, 88, 30, 53, 20, 58, 93, 24, 72, 49, 59, 38, 28, 92, 67, 9, 18, 17, 87, 12, 26, 71, 74, 95, 63, 4, 47, 27, 37, 96, 23, 78, 10, 66, 6, 48, 56, 29, 64, 60, 46, 7, 36, 34, 85, 52, 55, 61, 86, 89, 41, 32, 39, 33, 42, 75, 80, 54, 25, 35, 97, 21, 50, 0, 44, 69, 82, 65, 13, 90, 45]|[2, 0, 1, 1, 2, 1, 0, 1, 2, 0, 0, 1, 0, 1, 1, 2, 0, 2, 1, 0, 1, 1, 0, 0, 1, 2, 1, 0, 1, 1, 0, 2, 1, 0, 1, 2, 2, 0, 0, 0, 2, 1, 1, 1, 0, 0, 2, 0, 1, 0, 2, 1, 2, 2, 2, 0, 0, 2, 1, 2, 0, 2, 1, 0, 0, 2, 2, 2, 2, 1, 0, 0, 0, 1, 0, 1, 0, 1, 2, 1, 1, 1, 0, 0, 2, 1, 1, 2, 2, 2, 2, 2, 0, 0, 0, 1, 1, 2, 1, 0]|[2, 2, 2, 2, 1, 4, 1, 2, 1, 1, 0, 4, 2, 4, 4, 2, 0, 1, 4, 2, 4, 1, 1, 0, 3, 2, 3, 0, 0, 1, 1, 1, 4, 2, 4, 0, 2, 0, 2, 0, 1, 0, 3, 0, 1, 1, 1, 2, 3, 1, 2, 4, 1, 1, 1, 0, 2, 1, 3, 1, 1, 1, 4, 0, 1, 1, 1, 1, 1, 4, 1, 1, 0, 0, 2, 4, 0, 4, 1, 0, 4, 4, 1, 2, 1, 4, 4, 1, 1, 1, 1, 1, 0, 2, 2, 0, 4, 1, 0, 2]|[0, 0, 1, 1, 0, 2, 0, 2, 0, 0, 0, 0, 1, 0, 0, 0, 0, 0, 3, 1, 2, 0, 0, 0, 3, 1, 1, 0, 1, 0, 1, 0, 3, 0, 0, 0, 0, 0, 1, 0, 1, 3, 1, 1, 0, 0, 0, 1, 0, 0, 0, 2, 0, 0, 0, 1, 1, 0, 3, 0, 0, 0, 1, 1, 0, 0, 0, 0, 0, 0, 0, 0, 0, 1, 1, 3, 0, 0, 1, 1, 1, 3, 1, 0, 0, 0, 3, 0, 0, 0, 0, 0, 0, 1, 0, 2, 0, 0, 1, 0]
event=1096:G1_CMAX:update:state=1,action=2,reward=-48.937116547330334,nextState=1,old=-226.3060013903134,new=-229.9819176595811
event=1097:G2_TEC:update:state=1,action=1,reward=-484.89416119727684,nextState=1,old=-1628.7094858319067,new=-1787.8617498628023
event=1098:G3_TWC:update:state=1,action=2,reward=-4609.955281366521,nextState=1,old=-18533.540026119605,new=-19436.787302262208
event=1099:G4_BALANCED:update:state=1,action=0,reward=-0.03961200032666275,nextState=1,old=-0.06086283064088173,new=-0.08830226483936814
event=1100:G1_CMAX:action:mode=exploit,state=1,draw=0.7175402559471571,action=2
event=1101:G1_CMAX:tournament:reason=action2,left=27,right=44,selected=[51, 8, 83, 31, 94, 11, 15, 22, 57, 19, 84, 77, 73, 1, 81, 14, 98, 79, 3, 16, 2, 99, 5, 91, 62, 43, 68, 76, 97, 40, 88, 30, 53, 20, 58, 93, 24, 72, 49, 59, 38, 28, 92, 67, 9, 18, 17, 87, 12, 26, 71, 74, 95, 63, 4, 47, 27, 37, 96, 23, 78, 10, 66, 6, 48, 56, 29, 64, 60, 46, 7, 36, 34, 85, 52, 55, 61, 86, 89, 41, 32, 39, 33, 42, 75, 80, 54, 25, 70, 35, 21, 50, 44, 0, 69, 82, 65, 13, 90, 45]|[2, 0, 1, 1, 2, 1, 0, 1, 2, 0, 0, 1, 0, 1, 1, 2, 0, 2, 1, 0, 1, 1, 0, 0, 1, 2, 1, 0, 1, 1, 0, 2, 1, 0, 1, 2, 2, 0, 0, 0, 2, 1, 1, 1, 0, 0, 2, 0, 1, 0, 2, 1, 2, 0, 2, 0, 0, 2, 1, 2, 0, 2, 1, 0, 0, 2, 2, 2, 2, 1, 0, 0, 0, 1, 0, 1, 0, 1, 2, 1, 2, 1, 0, 0, 2, 1, 1, 2, 0, 2, 2, 2, 0, 0, 0, 1, 1, 2, 1, 0]|[2, 2, 2, 2, 2, 4, 1, 2, 1, 1, 0, 4, 2, 4, 4, 2, 0, 1, 4, 2, 4, 1, 1, 0, 3, 2, 3, 0, 0, 1, 1, 0, 4, 2, 4, 0, 2, 0, 2, 0, 1, 0, 3, 0, 1, 1, 1, 2, 3, 1, 2, 4, 1, 2, 1, 0, 2, 1, 3, 1, 1, 1, 4, 0, 1, 1, 1, 1, 1, 4, 1, 1, 0, 0, 2, 4, 0, 4, 1, 0, 1, 4, 1, 2, 1, 4, 4, 1, 1, 1, 1, 1, 1, 2, 2, 0, 4, 1, 0, 2]|[0, 0, 1, 1, 0, 2, 0, 2, 0, 0, 0, 0, 1, 0, 0, 0, 0, 0, 3, 1, 2, 0, 0, 0, 3, 1, 1, 0, 1, 0, 1, 0, 3, 0, 0, 0, 0, 0, 1, 0, 1, 3, 1, 1, 0, 0, 0, 1, 0, 0, 0, 2, 0, 0, 0, 1, 1, 0, 3, 0, 0, 0, 1, 1, 0, 0, 0, 0, 0, 0, 0, 0, 0, 1, 1, 3, 0, 0, 1, 1, 0, 3, 1, 0, 0, 0, 3, 0, 0, 0, 0, 0, 1, 0, 0, 2, 0, 0, 1, 0]
event=1102:G1_CMAX:leader:action=2,fingerprint=[51, 8, 83, 31, 94, 11, 15, 22, 57, 19, 84, 77, 73, 1, 81, 14, 98, 79, 3, 16, 2, 99, 5, 91, 62, 43, 68, 76, 97, 40, 88, 30, 53, 20, 58, 93, 24, 72, 49, 59, 38, 28, 92, 67, 9, 18, 17, 87, 12, 26, 71, 74, 95, 63, 4, 47, 27, 37, 96, 23, 78, 10, 66, 6, 48, 56, 29, 64, 60, 46, 7, 36, 34, 85, 52, 55, 61, 86, 89, 41, 32, 39, 33, 42, 75, 80, 54, 25, 70, 35, 21, 50, 44, 0, 69, 82, 65, 13, 90, 45]|[2, 0, 1, 1, 2, 1, 0, 1, 2, 0, 0, 1, 0, 1, 1, 2, 0, 2, 1, 0, 1, 1, 0, 0, 1, 2, 1, 0, 1, 1, 0, 2, 1, 0, 1, 2, 2, 0, 0, 0, 2, 1, 1, 1, 0, 0, 2, 0, 1, 0, 2, 1, 2, 0, 2, 0, 0, 2, 1, 2, 0, 2, 1, 0, 0, 2, 2, 2, 2, 1, 0, 0, 0, 1, 0, 1, 0, 1, 2, 1, 2, 1, 0, 0, 2, 1, 1, 2, 0, 2, 2, 2, 0, 0, 0, 1, 1, 2, 1, 0]|[2, 2, 2, 2, 2, 4, 1, 2, 1, 1, 0, 4, 2, 4, 4, 2, 0, 1, 4, 2, 4, 1, 1, 0, 3, 2, 3, 0, 0, 1, 1, 0, 4, 2, 4, 0, 2, 0, 2, 0, 1, 0, 3, 0, 1, 1, 1, 2, 3, 1, 2, 4, 1, 2, 1, 0, 2, 1, 3, 1, 1, 1, 4, 0, 1, 1, 1, 1, 1, 4, 1, 1, 0, 0, 2, 4, 0, 4, 1, 0, 1, 4, 1, 2, 1, 4, 4, 1, 1, 1, 1, 1, 1, 2, 2, 0, 4, 1, 0, 2]|[0, 0, 1, 1, 0, 2, 0, 2, 0, 0, 0, 0, 1, 0, 0, 0, 0, 0, 3, 1, 2, 0, 0, 0, 3, 1, 1, 0, 1, 0, 1, 0, 3, 0, 0, 0, 0, 0, 1, 0, 1, 3, 1, 1, 0, 0, 0, 1, 0, 0, 0, 2, 0, 0, 0, 1, 1, 0, 3, 0, 0, 0, 1, 1, 0, 0, 0, 0, 0, 0, 0, 0, 0, 1, 1, 3, 0, 0, 1, 1, 0, 3, 1, 0, 0, 0, 3, 0, 0, 0, 0, 0, 1, 0, 0, 2, 0, 0, 1, 0]
event=1103:G4_BALANCED:action:mode=exploit,state=1,draw=0.16510211412306297,action=2
event=1104:G4_BALANCED:tournament:reason=action2,left=54,right=50,selected=[51, 8, 83, 31, 94, 11, 15, 22, 57, 19, 84, 77, 73, 1, 81, 14, 98, 79, 3, 16, 2, 99, 5, 91, 62, 43, 68, 76, 97, 40, 88, 30, 53, 20, 58, 93, 24, 72, 49, 59, 38, 28, 92, 67, 9, 18, 17, 87, 12, 26, 71, 74, 95, 63, 4, 47, 27, 37, 96, 23, 78, 10, 66, 6, 48, 56, 29, 64, 60, 46, 7, 36, 34, 85, 52, 55, 61, 86, 89, 41, 32, 39, 33, 42, 75, 80, 54, 25, 35, 82, 44, 0, 21, 50, 70, 90, 69, 13, 65, 45]|[2, 0, 1, 1, 2, 1, 0, 1, 2, 0, 0, 1, 0, 1, 1, 1, 1, 2, 1, 2, 1, 1, 1, 0, 1, 0, 1, 0, 1, 1, 2, 2, 1, 0, 1, 2, 0, 0, 0, 0, 2, 1, 1, 1, 0, 0, 2, 0, 1, 0, 2, 1, 2, 0, 2, 0, 0, 2, 1, 0, 0, 2, 2, 2, 0, 1, 2, 2, 2, 1, 0, 0, 0, 1, 0, 1, 0, 1, 2, 1, 0, 1, 0, 0, 2, 1, 1, 2, 2, 1, 0, 1, 2, 2, 2, 1, 0, 2, 1, 0]|[2, 2, 2, 2, 2, 4, 1, 2, 1, 1, 0, 4, 2, 4, 4, 1, 1, 1, 4, 1, 4, 1, 0, 0, 3, 1, 3, 0, 0, 1, 1, 0, 4, 2, 4, 0, 0, 0, 2, 0, 1, 0, 3, 0, 1, 1, 1, 2, 3, 1, 1, 4, 1, 2, 1, 0, 2, 1, 3, 1, 1, 1, 1, 1, 1, 0, 1, 1, 1, 4, 1, 1, 0, 0, 2, 4, 0, 4, 1, 0, 2, 4, 1, 2, 1, 4, 4, 1, 1, 0, 1, 0, 1, 1, 1, 0, 2, 1, 4, 2]|[0, 0, 1, 1, 0, 2, 0, 2, 0, 0, 0, 0, 1, 0, 0, 1, 0, 0, 3, 0, 2, 0, 0, 0, 3, 0, 1, 0, 1, 0, 0, 0, 3, 0, 0, 0, 0, 0, 1, 0, 1, 3, 1, 1, 0, 0, 0, 1, 0, 0, 0, 2, 0, 0, 0, 1, 1, 0, 3, 0, 0, 0, 0, 0, 0, 1, 0, 0, 0, 0, 0, 0, 0, 1, 1, 3, 0, 0, 0, 1, 0, 3, 1, 0, 0, 0, 3, 0, 0, 2, 1, 1, 0, 0, 0, 1, 0, 0, 0, 0]
event=1105:G4_BALANCED:leader:action=2,fingerprint=[51, 8, 83, 31, 94, 11, 15, 22, 57, 19, 84, 77, 73, 1, 81, 14, 98, 79, 3, 16, 2, 99, 5, 91, 62, 43, 68, 76, 97, 40, 88, 30, 53, 20, 58, 93, 24, 72, 49, 59, 38, 28, 92, 67, 9, 18, 17, 87, 12, 26, 71, 74, 95, 63, 4, 47, 27, 37, 96, 23, 78, 10, 66, 6, 48, 56, 29, 64, 60, 46, 7, 36, 34, 85, 52, 55, 61, 86, 89, 41, 32, 39, 33, 42, 75, 80, 54, 25, 35, 82, 44, 0, 21, 50, 70, 90, 69, 13, 65, 45]|[2, 0, 1, 1, 2, 1, 0, 1, 2, 0, 0, 1, 0, 1, 1, 1, 1, 2, 1, 2, 1, 1, 1, 0, 1, 0, 1, 0, 1, 1, 2, 2, 1, 0, 1, 2, 0, 0, 0, 0, 2, 1, 1, 1, 0, 0, 2, 0, 1, 0, 2, 1, 2, 0, 2, 0, 0, 2, 1, 0, 0, 2, 2, 2, 0, 1, 2, 2, 2, 1, 0, 0, 0, 1, 0, 1, 0, 1, 2, 1, 0, 1, 0, 0, 2, 1, 1, 2, 2, 1, 0, 1, 2, 2, 2, 1, 0, 2, 1, 0]|[2, 2, 2, 2, 2, 4, 1, 2, 1, 1, 0, 4, 2, 4, 4, 1, 1, 1, 4, 1, 4, 1, 0, 0, 3, 1, 3, 0, 0, 1, 1, 0, 4, 2, 4, 0, 0, 0, 2, 0, 1, 0, 3, 0, 1, 1, 1, 2, 3, 1, 1, 4, 1, 2, 1, 0, 2, 1, 3, 1, 1, 1, 1, 1, 1, 0, 1, 1, 1, 4, 1, 1, 0, 0, 2, 4, 0, 4, 1, 0, 2, 4, 1, 2, 1, 4, 4, 1, 1, 0, 1, 0, 1, 1, 1, 0, 2, 1, 4, 2]|[0, 0, 1, 1, 0, 2, 0, 2, 0, 0, 0, 0, 1, 0, 0, 1, 0, 0, 3, 0, 2, 0, 0, 0, 3, 0, 1, 0, 1, 0, 0, 0, 3, 0, 0, 0, 0, 0, 1, 0, 1, 3, 1, 1, 0, 0, 0, 1, 0, 0, 0, 2, 0, 0, 0, 1, 1, 0, 3, 0, 0, 0, 0, 0, 0, 1, 0, 0, 0, 0, 0, 0, 0, 1, 1, 3, 0, 0, 0, 1, 0, 3, 1, 0, 0, 0, 3, 0, 0, 2, 1, 1, 0, 0, 0, 1, 0, 0, 0, 0]
event=1106:G2_TEC:action:mode=exploit,state=1,draw=0.038106341038868674,action=0
event=1107:G2_TEC:leader:action=0,fingerprint=[51, 8, 83, 31, 94, 11, 15, 22, 57, 19, 84, 77, 73, 1, 81, 14, 98, 79, 3, 16, 2, 99, 5, 91, 62, 43, 68, 76, 97, 40, 88, 30, 53, 20, 58, 93, 24, 72, 49, 59, 38, 28, 92, 67, 9, 18, 17, 87, 12, 26, 71, 74, 95, 63, 4, 47, 27, 37, 96, 23, 78, 10, 66, 6, 48, 56, 29, 64, 60, 46, 7, 36, 34, 85, 52, 55, 61, 86, 89, 41, 32, 39, 33, 42, 75, 80, 54, 25, 70, 35, 21, 50, 44, 0, 69, 82, 65, 13, 90, 45]|[2, 0, 1, 1, 2, 1, 0, 1, 2, 0, 0, 1, 0, 1, 1, 2, 0, 2, 1, 0, 1, 1, 0, 0, 1, 2, 1, 0, 1, 1, 0, 2, 1, 0, 1, 2, 2, 0, 0, 0, 2, 1, 1, 1, 0, 0, 2, 0, 1, 0, 2, 1, 2, 0, 2, 0, 0, 2, 1, 2, 0, 2, 1, 0, 0, 2, 2, 2, 2, 1, 0, 0, 0, 1, 0, 1, 0, 1, 2, 1, 2, 1, 0, 0, 2, 1, 1, 2, 0, 2, 2, 2, 0, 0, 0, 1, 1, 2, 1, 0]|[2, 2, 2, 2, 2, 4, 1, 2, 1, 1, 0, 4, 2, 4, 4, 2, 0, 1, 4, 2, 4, 1, 1, 0, 3, 2, 3, 0, 0, 1, 1, 0, 4, 2, 4, 0, 2, 0, 2, 0, 1, 0, 3, 0, 1, 1, 1, 2, 3, 1, 2, 4, 1, 2, 1, 0, 2, 1, 3, 1, 1, 1, 4, 0, 1, 1, 1, 1, 1, 4, 1, 1, 0, 0, 2, 4, 0, 4, 1, 0, 1, 4, 1, 2, 1, 4, 4, 1, 1, 1, 1, 1, 1, 2, 2, 0, 4, 1, 0, 2]|[0, 0, 1, 1, 0, 2, 0, 2, 0, 0, 0, 0, 1, 0, 0, 0, 0, 0, 3, 1, 2, 0, 0, 0, 3, 1, 1, 0, 1, 0, 1, 0, 3, 0, 0, 0, 0, 0, 1, 0, 1, 3, 1, 1, 0, 0, 0, 1, 0, 0, 0, 2, 0, 0, 0, 1, 1, 0, 3, 0, 0, 0, 1, 1, 0, 0, 0, 0, 0, 0, 0, 0, 0, 1, 1, 3, 0, 0, 1, 1, 0, 3, 1, 0, 0, 0, 3, 0, 0, 0, 0, 0, 1, 0, 0, 2, 0, 0, 1, 0]
event=1108:G3_TWC:action:mode=exploit,state=1,draw=0.07283692270667952,action=2
event=1109:G3_TWC:tournament:reason=action2,left=31,right=8,selected=[51, 83, 31, 94, 11, 22, 57, 19, 84, 77, 49, 23, 24, 93, 58, 20, 53, 30, 88, 40, 97, 76, 68, 43, 62, 69, 5, 98, 2, 79, 3, 16, 99, 14, 81, 1, 15, 73, 59, 38, 28, 92, 67, 9, 18, 17, 87, 12, 26, 71, 74, 95, 63, 21, 47, 27, 37, 96, 6, 78, 10, 66, 72, 48, 56, 60, 64, 29, 46, 7, 36, 90, 85, 52, 42, 61, 54, 89, 41, 4, 39, 33, 55, 86, 80, 75, 34, 82, 35, 65, 0, 50, 91, 32, 44, 8, 25, 13, 45, 70]|[2, 1, 1, 2, 1, 1, 2, 0, 0, 1, 0, 0, 0, 2, 1, 0, 1, 2, 0, 1, 1, 0, 1, 2, 1, 0, 0, 1, 1, 0, 1, 0, 0, 1, 1, 1, 0, 0, 0, 2, 1, 1, 1, 0, 1, 2, 0, 1, 0, 2, 1, 2, 0, 2, 2, 0, 2, 0, 2, 0, 2, 0, 0, 1, 1, 2, 2, 2, 1, 0, 0, 2, 1, 0, 0, 2, 1, 2, 1, 0, 2, 1, 2, 1, 1, 2, 1, 1, 2, 1, 0, 1, 0, 1, 0, 0, 2, 2, 0, 0]|[2, 2, 2, 2, 4, 2, 1, 1, 1, 1, 2, 1, 1, 0, 4, 2, 4, 0, 1, 1, 0, 1, 3, 2, 3, 1, 1, 1, 4, 2, 4, 2, 1, 1, 4, 4, 1, 2, 1, 1, 0, 3, 0, 1, 0, 1, 2, 3, 1, 1, 4, 1, 2, 1, 1, 2, 1, 1, 1, 1, 1, 0, 1, 1, 0, 1, 1, 1, 4, 1, 1, 1, 4, 2, 1, 0, 4, 1, 0, 1, 1, 1, 1, 4, 4, 1, 0, 0, 1, 4, 0, 0, 0, 4, 1, 2, 1, 1, 2, 1]|[0, 1, 1, 0, 2, 2, 0, 0, 0, 0, 1, 0, 1, 0, 0, 0, 3, 0, 1, 0, 1, 0, 1, 1, 3, 0, 0, 0, 2, 1, 3, 1, 0, 1, 0, 0, 0, 1, 0, 1, 3, 1, 1, 0, 1, 0, 1, 0, 0, 0, 2, 0, 0, 0, 0, 1, 0, 0, 0, 0, 0, 0, 0, 2, 1, 0, 0, 0, 0, 0, 0, 0, 0, 1, 0, 0, 3, 0, 1, 1, 0, 2, 0, 0, 0, 0, 1, 2, 0, 0, 0, 1, 0, 0, 1, 0, 0, 0, 0, 0]
event=1110:G3_TWC:leader:action=2,fingerprint=[51, 83, 31, 94, 11, 22, 57, 19, 84, 77, 49, 23, 24, 93, 58, 20, 53, 30, 88, 40, 97, 76, 68, 43, 62, 69, 5, 98, 2, 79, 3, 16, 99, 14, 81, 1, 15, 73, 59, 38, 28, 92, 67, 9, 18, 17, 87, 12, 26, 71, 74, 95, 63, 21, 47, 27, 37, 96, 6, 78, 10, 66, 72, 48, 56, 60, 64, 29, 46, 7, 36, 90, 85, 52, 42, 61, 54, 89, 41, 4, 39, 33, 55, 86, 80, 75, 34, 82, 35, 65, 0, 50, 91, 32, 44, 8, 25, 13, 45, 70]|[2, 1, 1, 2, 1, 1, 2, 0, 0, 1, 0, 0, 0, 2, 1, 0, 1, 2, 0, 1, 1, 0, 1, 2, 1, 0, 0, 1, 1, 0, 1, 0, 0, 1, 1, 1, 0, 0, 0, 2, 1, 1, 1, 0, 1, 2, 0, 1, 0, 2, 1, 2, 0, 2, 2, 0, 2, 0, 2, 0, 2, 0, 0, 1, 1, 2, 2, 2, 1, 0, 0, 2, 1, 0, 0, 2, 1, 2, 1, 0, 2, 1, 2, 1, 1, 2, 1, 1, 2, 1, 0, 1, 0, 1, 0, 0, 2, 2, 0, 0]|[2, 2, 2, 2, 4, 2, 1, 1, 1, 1, 2, 1, 1, 0, 4, 2, 4, 0, 1, 1, 0, 1, 3, 2, 3, 1, 1, 1, 4, 2, 4, 2, 1, 1, 4, 4, 1, 2, 1, 1, 0, 3, 0, 1, 0, 1, 2, 3, 1, 1, 4, 1, 2, 1, 1, 2, 1, 1, 1, 1, 1, 0, 1, 1, 0, 1, 1, 1, 4, 1, 1, 1, 4, 2, 1, 0, 4, 1, 0, 1, 1, 1, 1, 4, 4, 1, 0, 0, 1, 4, 0, 0, 0, 4, 1, 2, 1, 1, 2, 1]|[0, 1, 1, 0, 2, 2, 0, 0, 0, 0, 1, 0, 1, 0, 0, 0, 3, 0, 1, 0, 1, 0, 1, 1, 3, 0, 0, 0, 2, 1, 3, 1, 0, 1, 0, 0, 0, 1, 0, 1, 3, 1, 1, 0, 1, 0, 1, 0, 0, 0, 2, 0, 0, 0, 0, 1, 0, 0, 0, 0, 0, 0, 0, 2, 1, 0, 0, 0, 0, 0, 0, 0, 0, 1, 0, 0, 3, 0, 1, 1, 0, 2, 0, 0, 0, 0, 1, 2, 0, 0, 0, 1, 0, 0, 1, 0, 0, 0, 0, 0]
event=1111:G1_CMAX:update:state=1,action=2,reward=-22.356634703519376,nextState=1,old=-229.9819176595811,new=-206.34216883118427
event=1112:G2_TEC:update:state=1,action=0,reward=-288.8577392609659,nextState=1,old=-1673.5235006877585,new=-1627.676539811173
event=1113:G3_TWC:update:state=1,action=2,reward=-10578.950763227564,nextState=1,old=-19436.787302262208,new=-26128.38060503733
event=1114:G4_BALANCED:update:state=1,action=2,reward=-0.02763009211077981,nextState=1,old=-0.08310537291426062,new=-0.0941143904421883
event=1115:G1_CMAX:action:mode=exploit,state=1,draw=0.4971429642225025,action=2
event=1116:G1_CMAX:tournament:reason=action2,left=1,right=15,selected=[51, 8, 83, 94, 11, 15, 77, 84, 19, 57, 22, 73, 81, 14, 16, 3, 79, 2, 99, 31, 5, 91, 20, 98, 76, 34, 67, 68, 48, 88, 30, 53, 43, 62, 92, 28, 38, 59, 49, 72, 24, 93, 58, 9, 18, 17, 87, 12, 26, 71, 74, 95, 63, 21, 47, 27, 37, 96, 6, 78, 10, 32, 46, 40, 82, 29, 64, 60, 23, 7, 36, 90, 85, 52, 42, 61, 89, 41, 4, 39, 33, 56, 45, 80, 97, 0, 66, 35, 55, 50, 75, 1, 54, 69, 65, 44, 25, 13, 86, 70]|[2, 0, 1, 2, 1, 0, 1, 0, 0, 2, 1, 0, 1, 1, 0, 1, 0, 1, 1, 1, 0, 0, 2, 1, 0, 1, 1, 1, 1, 0, 2, 1, 2, 1, 1, 1, 2, 0, 0, 0, 0, 2, 1, 0, 1, 2, 0, 1, 0, 2, 1, 2, 0, 2, 0, 0, 2, 1, 0, 0, 2, 2, 1, 1, 1, 2, 0, 2, 0, 0, 0, 1, 1, 0, 2, 0, 2, 1, 0, 2, 1, 2, 1, 1, 1, 0, 0, 2, 1, 2, 2, 1, 1, 0, 1, 0, 2, 2, 1, 0]|[2, 2, 4, 2, 2, 1, 1, 1, 1, 1, 2, 2, 4, 1, 2, 4, 2, 4, 1, 0, 1, 0, 1, 1, 0, 0, 0, 3, 1, 1, 0, 4, 2, 3, 3, 0, 1, 0, 2, 0, 1, 0, 4, 1, 0, 1, 2, 3, 1, 1, 4, 1, 2, 1, 0, 2, 1, 3, 1, 1, 1, 1, 4, 1, 0, 1, 2, 1, 1, 1, 1, 4, 4, 2, 1, 1, 1, 0, 1, 1, 1, 1, 0, 4, 0, 0, 0, 1, 4, 1, 1, 4, 4, 0, 4, 1, 1, 1, 4, 1]|[0, 0, 2, 0, 1, 0, 0, 0, 0, 0, 2, 1, 0, 1, 1, 3, 1, 2, 0, 1, 0, 0, 0, 0, 0, 1, 1, 1, 2, 1, 0, 3, 1, 3, 1, 3, 1, 0, 1, 0, 1, 0, 0, 0, 1, 0, 1, 0, 0, 0, 2, 0, 0, 0, 1, 1, 0, 3, 0, 0, 0, 0, 0, 0, 2, 0, 0, 0, 0, 0, 0, 3, 0, 1, 0, 0, 0, 1, 1, 0, 2, 0, 2, 0, 1, 0, 0, 0, 3, 0, 0, 0, 3, 0, 0, 1, 0, 0, 0, 0]
event=1117:G1_CMAX:leader:action=2,fingerprint=[51, 8, 83, 94, 11, 15, 77, 84, 19, 57, 22, 73, 81, 14, 16, 3, 79, 2, 99, 31, 5, 91, 20, 98, 76, 34, 67, 68, 48, 88, 30, 53, 43, 62, 92, 28, 38, 59, 49, 72, 24, 93, 58, 9, 18, 17, 87, 12, 26, 71, 74, 95, 63, 21, 47, 27, 37, 96, 6, 78, 10, 32, 46, 40, 82, 29, 64, 60, 23, 7, 36, 90, 85, 52, 42, 61, 89, 41, 4, 39, 33, 56, 45, 80, 97, 0, 66, 35, 55, 50, 75, 1, 54, 69, 65, 44, 25, 13, 86, 70]|[2, 0, 1, 2, 1, 0, 1, 0, 0, 2, 1, 0, 1, 1, 0, 1, 0, 1, 1, 1, 0, 0, 2, 1, 0, 1, 1, 1, 1, 0, 2, 1, 2, 1, 1, 1, 2, 0, 0, 0, 0, 2, 1, 0, 1, 2, 0, 1, 0, 2, 1, 2, 0, 2, 0, 0, 2, 1, 0, 0, 2, 2, 1, 1, 1, 2, 0, 2, 0, 0, 0, 1, 1, 0, 2, 0, 2, 1, 0, 2, 1, 2, 1, 1, 1, 0, 0, 2, 1, 2, 2, 1, 1, 0, 1, 0, 2, 2, 1, 0]|[2, 2, 4, 2, 2, 1, 1, 1, 1, 1, 2, 2, 4, 1, 2, 4, 2, 4, 1, 0, 1, 0, 1, 1, 0, 0, 0, 3, 1, 1, 0, 4, 2, 3, 3, 0, 1, 0, 2, 0, 1, 0, 4, 1, 0, 1, 2, 3, 1, 1, 4, 1, 2, 1, 0, 2, 1, 3, 1, 1, 1, 1, 4, 1, 0, 1, 2, 1, 1, 1, 1, 4, 4, 2, 1, 1, 1, 0, 1, 1, 1, 1, 0, 4, 0, 0, 0, 1, 4, 1, 1, 4, 4, 0, 4, 1, 1, 1, 4, 1]|[0, 0, 2, 0, 1, 0, 0, 0, 0, 0, 2, 1, 0, 1, 1, 3, 1, 2, 0, 1, 0, 0, 0, 0, 0, 1, 1, 1, 2, 1, 0, 3, 1, 3, 1, 3, 1, 0, 1, 0, 1, 0, 0, 0, 1, 0, 1, 0, 0, 0, 2, 0, 0, 0, 1, 1, 0, 3, 0, 0, 0, 0, 0, 0, 2, 0, 0, 0, 0, 0, 0, 3, 0, 1, 0, 0, 0, 1, 1, 0, 2, 0, 2, 0, 1, 0, 0, 0, 3, 0, 0, 0, 3, 0, 0, 1, 0, 0, 0, 0]
event=1118:G4_BALANCED:action:mode=exploit,state=1,draw=0.09257928648954783,action=0
event=1119:G4_BALANCED:leader:action=0,fingerprint=[51, 8, 83, 31, 94, 11, 15, 22, 57, 19, 84, 77, 73, 1, 81, 14, 98, 79, 3, 16, 2, 99, 5, 91, 62, 43, 68, 76, 97, 40, 88, 30, 53, 20, 58, 93, 24, 72, 49, 59, 38, 28, 92, 67, 9, 18, 17, 87, 12, 26, 71, 74, 95, 63, 4, 47, 27, 37, 96, 23, 78, 10, 66, 6, 48, 56, 29, 64, 60, 46, 7, 36, 34, 85, 52, 55, 61, 86, 89, 41, 32, 39, 33, 42, 75, 80, 54, 25, 35, 82, 44, 0, 21, 50, 70, 90, 69, 13, 65, 45]|[2, 0, 1, 1, 2, 1, 0, 1, 2, 0, 0, 1, 0, 1, 1, 1, 1, 2, 1, 2, 1, 1, 1, 0, 1, 0, 1, 0, 1, 1, 2, 2, 1, 0, 1, 2, 0, 0, 0, 0, 2, 1, 1, 1, 0, 0, 2, 0, 1, 0, 2, 1, 2, 0, 2, 0, 0, 2, 1, 0, 0, 2, 2, 2, 0, 1, 2, 2, 2, 1, 0, 0, 0, 1, 0, 1, 0, 1, 2, 1, 0, 1, 0, 0, 2, 1, 1, 2, 2, 1, 0, 1, 2, 2, 2, 1, 0, 2, 1, 0]|[2, 2, 2, 2, 2, 4, 1, 2, 1, 1, 0, 4, 2, 4, 4, 1, 1, 1, 4, 1, 4, 1, 0, 0, 3, 1, 3, 0, 0, 1, 1, 0, 4, 2, 4, 0, 0, 0, 2, 0, 1, 0, 3, 0, 1, 1, 1, 2, 3, 1, 1, 4, 1, 2, 1, 0, 2, 1, 3, 1, 1, 1, 1, 1, 1, 0, 1, 1, 1, 4, 1, 1, 0, 0, 2, 4, 0, 4, 1, 0, 2, 4, 1, 2, 1, 4, 4, 1, 1, 0, 1, 0, 1, 1, 1, 0, 2, 1, 4, 2]|[0, 0, 1, 1, 0, 2, 0, 2, 0, 0, 0, 0, 1, 0, 0, 1, 0, 0, 3, 0, 2, 0, 0, 0, 3, 0, 1, 0, 1, 0, 0, 0, 3, 0, 0, 0, 0, 0, 1, 0, 1, 3, 1, 1, 0, 0, 0, 1, 0, 0, 0, 2, 0, 0, 0, 1, 1, 0, 3, 0, 0, 0, 0, 0, 0, 1, 0, 0, 0, 0, 0, 0, 0, 1, 1, 3, 0, 0, 0, 1, 0, 3, 1, 0, 0, 0, 3, 0, 0, 2, 1, 1, 0, 0, 0, 1, 0, 0, 0, 0]
event=1120:G2_TEC:action:mode=exploit,state=1,draw=0.7958891229289546,action=0
event=1121:G2_TEC:leader:action=0,fingerprint=[51, 8, 83, 31, 94, 11, 15, 22, 57, 19, 84, 77, 73, 1, 81, 14, 98, 79, 3, 16, 2, 99, 5, 91, 62, 43, 68, 76, 97, 40, 88, 30, 53, 20, 58, 93, 24, 72, 49, 59, 38, 28, 92, 67, 9, 18, 17, 87, 12, 26, 71, 74, 95, 63, 4, 47, 27, 37, 96, 23, 78, 10, 66, 6, 48, 56, 29, 64, 60, 46, 7, 36, 34, 85, 52, 55, 61, 86, 89, 41, 32, 39, 33, 42, 75, 80, 54, 25, 70, 35, 21, 50, 44, 0, 69, 82, 65, 13, 90, 45]|[2, 0, 1, 1, 2, 1, 0, 1, 2, 0, 0, 1, 0, 1, 1, 2, 0, 2, 1, 0, 1, 1, 0, 0, 1, 2, 1, 0, 1, 1, 0, 2, 1, 0, 1, 2, 2, 0, 0, 0, 2, 1, 1, 1, 0, 0, 2, 0, 1, 0, 2, 1, 2, 0, 2, 0, 0, 2, 1, 2, 0, 2, 1, 0, 0, 2, 2, 2, 2, 1, 0, 0, 0, 1, 0, 1, 0, 1, 2, 1, 2, 1, 0, 0, 2, 1, 1, 2, 0, 2, 2, 2, 0, 0, 0, 1, 1, 2, 1, 0]|[2, 2, 2, 2, 2, 4, 1, 2, 1, 1, 0, 4, 2, 4, 4, 2, 0, 1, 4, 2, 4, 1, 1, 0, 3, 2, 3, 0, 0, 1, 1, 0, 4, 2, 4, 0, 2, 0, 2, 0, 1, 0, 3, 0, 1, 1, 1, 2, 3, 1, 2, 4, 1, 2, 1, 0, 2, 1, 3, 1, 1, 1, 4, 0, 1, 1, 1, 1, 1, 4, 1, 1, 0, 0, 2, 4, 0, 4, 1, 0, 1, 4, 1, 2, 1, 4, 4, 1, 1, 1, 1, 1, 1, 2, 2, 0, 4, 1, 0, 2]|[0, 0, 1, 1, 0, 2, 0, 2, 0, 0, 0, 0, 1, 0, 0, 0, 0, 0, 3, 1, 2, 0, 0, 0, 3, 1, 1, 0, 1, 0, 1, 0, 3, 0, 0, 0, 0, 0, 1, 0, 1, 3, 1, 1, 0, 0, 0, 1, 0, 0, 0, 2, 0, 0, 0, 1, 1, 0, 3, 0, 0, 0, 1, 1, 0, 0, 0, 0, 0, 0, 0, 0, 0, 1, 1, 3, 0, 0, 1, 1, 0, 3, 1, 0, 0, 0, 3, 0, 0, 0, 0, 0, 1, 0, 0, 2, 0, 0, 1, 0]
event=1122:G3_TWC:action:mode=explore,state=1,draw=0.9809525471315702,action=0
event=1123:G3_TWC:leader:action=0,fingerprint=[51, 83, 31, 94, 11, 22, 57, 19, 84, 77, 49, 23, 24, 93, 58, 20, 53, 30, 88, 40, 97, 76, 68, 43, 62, 69, 5, 98, 2, 79, 3, 16, 99, 14, 81, 1, 15, 73, 59, 38, 28, 92, 67, 9, 18, 17, 87, 12, 26, 71, 74, 95, 63, 21, 47, 27, 37, 96, 6, 78, 10, 66, 72, 48, 56, 60, 64, 29, 46, 7, 36, 90, 85, 52, 42, 61, 54, 89, 41, 4, 39, 33, 55, 86, 80, 75, 34, 82, 35, 65, 0, 50, 91, 32, 44, 8, 25, 13, 45, 70]|[2, 1, 1, 2, 1, 1, 2, 0, 0, 1, 0, 0, 0, 2, 1, 0, 1, 2, 0, 1, 1, 0, 1, 2, 1, 0, 0, 1, 1, 0, 1, 0, 0, 1, 1, 1, 0, 0, 0, 2, 1, 1, 1, 0, 1, 2, 0, 1, 0, 2, 1, 2, 0, 2, 2, 0, 2, 0, 2, 0, 2, 0, 0, 1, 1, 2, 2, 2, 1, 0, 0, 2, 1, 0, 0, 2, 1, 2, 1, 0, 2, 1, 2, 1, 1, 2, 1, 1, 2, 1, 0, 1, 0, 1, 0, 0, 2, 2, 0, 0]|[2, 2, 2, 2, 4, 2, 1, 1, 1, 1, 2, 1, 1, 0, 4, 2, 4, 0, 1, 1, 0, 1, 3, 2, 3, 1, 1, 1, 4, 2, 4, 2, 1, 1, 4, 4, 1, 2, 1, 1, 0, 3, 0, 1, 0, 1, 2, 3, 1, 1, 4, 1, 2, 1, 1, 2, 1, 1, 1, 1, 1, 0, 1, 1, 0, 1, 1, 1, 4, 1, 1, 1, 4, 2, 1, 0, 4, 1, 0, 1, 1, 1, 1, 4, 4, 1, 0, 0, 1, 4, 0, 0, 0, 4, 1, 2, 1, 1, 2, 1]|[0, 1, 1, 0, 2, 2, 0, 0, 0, 0, 1, 0, 1, 0, 0, 0, 3, 0, 1, 0, 1, 0, 1, 1, 3, 0, 0, 0, 2, 1, 3, 1, 0, 1, 0, 0, 0, 1, 0, 1, 3, 1, 1, 0, 1, 0, 1, 0, 0, 0, 2, 0, 0, 0, 0, 1, 0, 0, 0, 0, 0, 0, 0, 2, 1, 0, 0, 0, 0, 0, 0, 0, 0, 1, 0, 0, 3, 0, 1, 1, 0, 2, 0, 0, 0, 0, 1, 2, 0, 0, 0, 1, 0, 0, 1, 0, 0, 0, 0, 0]
event=1124:G1_CMAX:update:state=1,action=2,reward=-87.73818999307787,nextState=1,old=-206.34216883118427,new=-252.81192505802528
event=1125:G2_TEC:update:state=1,action=0,reward=-402.3027236274793,nextState=1,old=-1627.676539811173,new=-1704.4439554764176
event=1126:G3_TWC:update:state=1,action=0,reward=-8386.92522576962,nextState=1,old=-23700.815732898278,new=-27347.577812088242
event=1127:G4_BALANCED:update:state=1,action=0,reward=-0.027179100078531165,nextState=1,old=-0.08830226483936814,new=-0.09782091195002568
event=1128:G1_CMAX:action:mode=exploit,state=1,draw=0.179560851162181,action=2
event=1129:G1_CMAX:tournament:reason=action2,left=9,right=3,selected=[51, 83, 31, 94, 18, 15, 22, 57, 19, 84, 77, 16, 99, 14, 81, 1, 73, 3, 79, 2, 98, 5, 91, 62, 43, 68, 76, 97, 40, 88, 30, 53, 33, 58, 93, 96, 72, 49, 59, 38, 28, 34, 67, 9, 11, 87, 12, 71, 74, 95, 63, 21, 27, 37, 70, 8, 78, 10, 23, 66, 46, 48, 56, 29, 64, 60, 6, 7, 26, 36, 20, 52, 17, 61, 47, 54, 89, 41, 4, 39, 85, 55, 82, 80, 90, 75, 50, 45, 35, 32, 0, 92, 69, 65, 44, 25, 13, 42, 86, 24]|[2, 1, 1, 1, 0, 0, 1, 2, 0, 0, 1, 0, 1, 1, 2, 2, 0, 1, 2, 1, 1, 1, 0, 1, 2, 0, 0, 1, 1, 0, 2, 1, 1, 1, 2, 0, 0, 0, 0, 2, 1, 1, 1, 0, 0, 0, 1, 2, 1, 2, 0, 2, 0, 2, 0, 0, 0, 2, 2, 0, 1, 1, 2, 2, 1, 2, 0, 0, 0, 0, 1, 0, 2, 0, 0, 1, 2, 1, 0, 2, 1, 1, 1, 1, 1, 2, 1, 0, 2, 2, 0, 1, 0, 1, 0, 1, 2, 2, 1, 0]|[1, 0, 4, 4, 1, 1, 2, 1, 1, 1, 1, 2, 1, 1, 1, 1, 2, 4, 1, 4, 1, 0, 1, 3, 2, 2, 0, 0, 1, 1, 0, 4, 1, 4, 0, 1, 0, 2, 0, 1, 0, 3, 0, 1, 1, 2, 3, 1, 4, 1, 2, 1, 2, 1, 0, 2, 1, 1, 1, 0, 4, 1, 1, 1, 0, 1, 1, 1, 1, 1, 0, 2, 1, 2, 0, 4, 1, 0, 1, 1, 4, 4, 0, 4, 4, 1, 0, 2, 1, 1, 0, 0, 2, 4, 1, 0, 1, 1, 4, 0]|[0, 2, 1, 1, 0, 0, 2, 0, 0, 0, 0, 1, 0, 1, 0, 0, 1, 3, 0, 2, 0, 0, 0, 3, 1, 0, 0, 1, 0, 1, 0, 3, 2, 0, 0, 1, 0, 1, 0, 1, 3, 1, 1, 0, 0, 1, 0, 0, 2, 0, 0, 0, 1, 0, 0, 1, 0, 0, 0, 0, 0, 2, 0, 0, 3, 0, 0, 0, 0, 0, 1, 1, 0, 0, 1, 3, 0, 1, 1, 0, 0, 3, 2, 0, 3, 0, 1, 0, 0, 0, 0, 1, 0, 0, 1, 1, 0, 0, 0, 0]
event=1130:G1_CMAX:leader:action=2,fingerprint=[51, 83, 31, 94, 18, 15, 22, 57, 19, 84, 77, 16, 99, 14, 81, 1, 73, 3, 79, 2, 98, 5, 91, 62, 43, 68, 76, 97, 40, 88, 30, 53, 33, 58, 93, 96, 72, 49, 59, 38, 28, 34, 67, 9, 11, 87, 12, 71, 74, 95, 63, 21, 27, 37, 70, 8, 78, 10, 23, 66, 46, 48, 56, 29, 64, 60, 6, 7, 26, 36, 20, 52, 17, 61, 47, 54, 89, 41, 4, 39, 85, 55, 82, 80, 90, 75, 50, 45, 35, 32, 0, 92, 69, 65, 44, 25, 13, 42, 86, 24]|[2, 1, 1, 1, 0, 0, 1, 2, 0, 0, 1, 0, 1, 1, 2, 2, 0, 1, 2, 1, 1, 1, 0, 1, 2, 0, 0, 1, 1, 0, 2, 1, 1, 1, 2, 0, 0, 0, 0, 2, 1, 1, 1, 0, 0, 0, 1, 2, 1, 2, 0, 2, 0, 2, 0, 0, 0, 2, 2, 0, 1, 1, 2, 2, 1, 2, 0, 0, 0, 0, 1, 0, 2, 0, 0, 1, 2, 1, 0, 2, 1, 1, 1, 1, 1, 2, 1, 0, 2, 2, 0, 1, 0, 1, 0, 1, 2, 2, 1, 0]|[1, 0, 4, 4, 1, 1, 2, 1, 1, 1, 1, 2, 1, 1, 1, 1, 2, 4, 1, 4, 1, 0, 1, 3, 2, 2, 0, 0, 1, 1, 0, 4, 1, 4, 0, 1, 0, 2, 0, 1, 0, 3, 0, 1, 1, 2, 3, 1, 4, 1, 2, 1, 2, 1, 0, 2, 1, 1, 1, 0, 4, 1, 1, 1, 0, 1, 1, 1, 1, 1, 0, 2, 1, 2, 0, 4, 1, 0, 1, 1, 4, 4, 0, 4, 4, 1, 0, 2, 1, 1, 0, 0, 2, 4, 1, 0, 1, 1, 4, 0]|[0, 2, 1, 1, 0, 0, 2, 0, 0, 0, 0, 1, 0, 1, 0, 0, 1, 3, 0, 2, 0, 0, 0, 3, 1, 0, 0, 1, 0, 1, 0, 3, 2, 0, 0, 1, 0, 1, 0, 1, 3, 1, 1, 0, 0, 1, 0, 0, 2, 0, 0, 0, 1, 0, 0, 1, 0, 0, 0, 0, 0, 2, 0, 0, 3, 0, 0, 0, 0, 0, 1, 1, 0, 0, 1, 3, 0, 1, 1, 0, 0, 3, 2, 0, 3, 0, 1, 0, 0, 0, 0, 1, 0, 0, 1, 1, 0, 0, 0, 0]
event=1131:G4_BALANCED:action:mode=exploit,state=1,draw=0.5135114083244908,action=2
event=1132:G4_BALANCED:tournament:reason=action2,left=36,right=39,selected=[51, 8, 83, 31, 94, 11, 15, 22, 57, 19, 84, 77, 73, 1, 81, 14, 98, 79, 3, 16, 2, 99, 5, 91, 62, 43, 68, 76, 97, 40, 88, 30, 53, 20, 58, 93, 24, 72, 49, 59, 38, 28, 92, 67, 9, 18, 17, 87, 12, 26, 71, 74, 95, 63, 4, 47, 27, 37, 96, 23, 78, 10, 66, 6, 48, 56, 29, 64, 60, 46, 7, 36, 34, 85, 52, 55, 61, 86, 89, 41, 32, 39, 33, 42, 75, 80, 54, 25, 35, 82, 44, 0, 21, 50, 70, 90, 69, 13, 65, 45]|[2, 0, 1, 1, 2, 1, 0, 1, 2, 0, 0, 1, 0, 1, 1, 1, 1, 2, 1, 2, 1, 1, 1, 0, 1, 0, 1, 0, 1, 1, 2, 2, 1, 0, 1, 2, 0, 0, 0, 0, 2, 1, 1, 1, 0, 0, 2, 0, 1, 0, 2, 1, 2, 0, 2, 0, 0, 2, 1, 0, 0, 2, 2, 2, 0, 1, 2, 2, 2, 1, 0, 0, 0, 1, 0, 1, 0, 1, 2, 1, 0, 1, 0, 0, 2, 1, 1, 2, 2, 1, 0, 1, 2, 2, 2, 1, 0, 2, 1, 0]|[2, 2, 2, 2, 2, 4, 1, 2, 1, 1, 0, 4, 2, 4, 4, 1, 1, 1, 4, 1, 4, 1, 0, 0, 3, 1, 3, 0, 0, 1, 1, 0, 4, 2, 4, 0, 0, 0, 2, 0, 1, 0, 3, 0, 1, 1, 1, 2, 3, 1, 1, 4, 1, 2, 1, 0, 2, 1, 3, 1, 1, 1, 1, 1, 1, 0, 1, 1, 1, 4, 1, 1, 0, 0, 2, 4, 0, 4, 1, 0, 2, 4, 1, 2, 1, 4, 4, 1, 1, 0, 1, 0, 1, 1, 1, 0, 2, 1, 4, 2]|[0, 0, 1, 1, 0, 2, 0, 2, 0, 0, 0, 0, 1, 0, 0, 1, 0, 0, 3, 0, 2, 0, 0, 0, 3, 0, 1, 0, 1, 0, 0, 0, 3, 0, 0, 0, 0, 0, 1, 0, 1, 3, 1, 1, 0, 0, 0, 1, 0, 0, 0, 2, 0, 0, 0, 1, 1, 0, 3, 0, 0, 0, 0, 0, 0, 1, 0, 0, 0, 0, 0, 0, 0, 1, 1, 3, 0, 0, 0, 1, 0, 3, 1, 0, 0, 0, 3, 0, 0, 2, 1, 1, 0, 0, 0, 1, 0, 0, 0, 0]
event=1133:G4_BALANCED:leader:action=2,fingerprint=[51, 8, 83, 31, 94, 11, 15, 22, 57, 19, 84, 77, 73, 1, 81, 14, 98, 79, 3, 16, 2, 99, 5, 91, 62, 43, 68, 76, 97, 40, 88, 30, 53, 20, 58, 93, 24, 72, 49, 59, 38, 28, 92, 67, 9, 18, 17, 87, 12, 26, 71, 74, 95, 63, 4, 47, 27, 37, 96, 23, 78, 10, 66, 6, 48, 56, 29, 64, 60, 46, 7, 36, 34, 85, 52, 55, 61, 86, 89, 41, 32, 39, 33, 42, 75, 80, 54, 25, 35, 82, 44, 0, 21, 50, 70, 90, 69, 13, 65, 45]|[2, 0, 1, 1, 2, 1, 0, 1, 2, 0, 0, 1, 0, 1, 1, 1, 1, 2, 1, 2, 1, 1, 1, 0, 1, 0, 1, 0, 1, 1, 2, 2, 1, 0, 1, 2, 0, 0, 0, 0, 2, 1, 1, 1, 0, 0, 2, 0, 1, 0, 2, 1, 2, 0, 2, 0, 0, 2, 1, 0, 0, 2, 2, 2, 0, 1, 2, 2, 2, 1, 0, 0, 0, 1, 0, 1, 0, 1, 2, 1, 0, 1, 0, 0, 2, 1, 1, 2, 2, 1, 0, 1, 2, 2, 2, 1, 0, 2, 1, 0]|[2, 2, 2, 2, 2, 4, 1, 2, 1, 1, 0, 4, 2, 4, 4, 1, 1, 1, 4, 1, 4, 1, 0, 0, 3, 1, 3, 0, 0, 1, 1, 0, 4, 2, 4, 0, 0, 0, 2, 0, 1, 0, 3, 0, 1, 1, 1, 2, 3, 1, 1, 4, 1, 2, 1, 0, 2, 1, 3, 1, 1, 1, 1, 1, 1, 0, 1, 1, 1, 4, 1, 1, 0, 0, 2, 4, 0, 4, 1, 0, 2, 4, 1, 2, 1, 4, 4, 1, 1, 0, 1, 0, 1, 1, 1, 0, 2, 1, 4, 2]|[0, 0, 1, 1, 0, 2, 0, 2, 0, 0, 0, 0, 1, 0, 0, 1, 0, 0, 3, 0, 2, 0, 0, 0, 3, 0, 1, 0, 1, 0, 0, 0, 3, 0, 0, 0, 0, 0, 1, 0, 1, 3, 1, 1, 0, 0, 0, 1, 0, 0, 0, 2, 0, 0, 0, 1, 1, 0, 3, 0, 0, 0, 0, 0, 0, 1, 0, 0, 0, 0, 0, 0, 0, 1, 1, 3, 0, 0, 0, 1, 0, 3, 1, 0, 0, 0, 3, 0, 0, 2, 1, 1, 0, 0, 0, 1, 0, 0, 0, 0]
event=1134:G2_TEC:action:mode=exploit,state=1,draw=0.6026838297152564,action=0
event=1135:G2_TEC:leader:action=0,fingerprint=[51, 8, 83, 31, 94, 11, 15, 22, 57, 19, 84, 77, 73, 1, 81, 14, 98, 79, 3, 16, 2, 99, 5, 91, 62, 43, 68, 76, 97, 40, 88, 30, 53, 20, 58, 93, 24, 72, 49, 59, 38, 28, 92, 67, 9, 18, 17, 87, 12, 26, 71, 74, 95, 63, 4, 47, 27, 37, 96, 23, 78, 10, 66, 6, 48, 56, 29, 64, 60, 46, 7, 36, 34, 85, 52, 55, 61, 86, 89, 41, 32, 39, 33, 42, 75, 80, 54, 25, 70, 35, 21, 50, 44, 0, 69, 82, 65, 13, 90, 45]|[2, 0, 1, 1, 2, 1, 0, 1, 2, 0, 0, 1, 0, 1, 1, 2, 0, 2, 1, 0, 1, 1, 0, 0, 1, 2, 1, 0, 1, 1, 0, 2, 1, 0, 1, 2, 2, 0, 0, 0, 2, 1, 1, 1, 0, 0, 2, 0, 1, 0, 2, 1, 2, 0, 2, 0, 0, 2, 1, 2, 0, 2, 1, 0, 0, 2, 2, 2, 2, 1, 0, 0, 0, 1, 0, 1, 0, 1, 2, 1, 2, 1, 0, 0, 2, 1, 1, 2, 0, 2, 2, 2, 0, 0, 0, 1, 1, 2, 1, 0]|[2, 2, 2, 2, 2, 4, 1, 2, 1, 1, 0, 4, 2, 4, 4, 2, 0, 1, 4, 2, 4, 1, 1, 0, 3, 2, 3, 0, 0, 1, 1, 0, 4, 2, 4, 0, 2, 0, 2, 0, 1, 0, 3, 0, 1, 1, 1, 2, 3, 1, 2, 4, 1, 2, 1, 0, 2, 1, 3, 1, 1, 1, 4, 0, 1, 1, 1, 1, 1, 4, 1, 1, 0, 0, 2, 4, 0, 4, 1, 0, 1, 4, 1, 2, 1, 4, 4, 1, 1, 1, 1, 1, 1, 2, 2, 0, 4, 1, 0, 2]|[0, 0, 1, 1, 0, 2, 0, 2, 0, 0, 0, 0, 1, 0, 0, 0, 0, 0, 3, 1, 2, 0, 0, 0, 3, 1, 1, 0, 1, 0, 1, 0, 3, 0, 0, 0, 0, 0, 1, 0, 1, 3, 1, 1, 0, 0, 0, 1, 0, 0, 0, 2, 0, 0, 0, 1, 1, 0, 3, 0, 0, 0, 1, 1, 0, 0, 0, 0, 0, 0, 0, 0, 0, 1, 1, 3, 0, 0, 1, 1, 0, 3, 1, 0, 0, 0, 3, 0, 0, 0, 0, 0, 1, 0, 0, 2, 0, 0, 1, 0]
event=1136:G3_TWC:action:mode=exploit,state=1,draw=0.792825339262603,action=1
event=1137:G3_TWC:leader:action=1,fingerprint=[51, 8, 83, 94, 11, 15, 77, 84, 19, 57, 22, 73, 81, 14, 16, 3, 79, 2, 99, 31, 5, 91, 20, 98, 76, 34, 67, 68, 48, 88, 30, 53, 43, 62, 92, 28, 38, 59, 49, 72, 24, 93, 58, 9, 18, 17, 87, 12, 26, 71, 74, 95, 63, 21, 47, 27, 37, 96, 6, 78, 10, 32, 46, 40, 82, 29, 64, 60, 23, 7, 36, 90, 85, 52, 42, 61, 89, 41, 4, 39, 33, 56, 45, 80, 97, 0, 66, 35, 55, 50, 75, 1, 54, 69, 65, 44, 25, 13, 86, 70]|[2, 0, 1, 2, 1, 0, 1, 0, 0, 2, 1, 0, 1, 1, 0, 1, 0, 1, 1, 1, 0, 0, 2, 1, 0, 1, 1, 1, 1, 0, 2, 1, 2, 1, 1, 1, 2, 0, 0, 0, 0, 2, 1, 0, 1, 2, 0, 1, 0, 2, 1, 2, 0, 2, 0, 0, 2, 1, 0, 0, 2, 2, 1, 1, 1, 2, 0, 2, 0, 0, 0, 1, 1, 0, 2, 0, 2, 1, 0, 2, 1, 2, 1, 1, 1, 0, 0, 2, 1, 2, 2, 1, 1, 0, 1, 0, 2, 2, 1, 0]|[2, 2, 4, 2, 2, 1, 1, 1, 1, 1, 2, 2, 4, 1, 2, 4, 2, 4, 1, 0, 1, 0, 1, 1, 0, 0, 0, 3, 1, 1, 0, 4, 2, 3, 3, 0, 1, 0, 2, 0, 1, 0, 4, 1, 0, 1, 2, 3, 1, 1, 4, 1, 2, 1, 0, 2, 1, 3, 1, 1, 1, 1, 4, 1, 0, 1, 2, 1, 1, 1, 1, 4, 4, 2, 1, 1, 1, 0, 1, 1, 1, 1, 0, 4, 0, 0, 0, 1, 4, 1, 1, 4, 4, 0, 4, 1, 1, 1, 4, 1]|[0, 0, 2, 0, 1, 0, 0, 0, 0, 0, 2, 1, 0, 1, 1, 3, 1, 2, 0, 1, 0, 0, 0, 0, 0, 1, 1, 1, 2, 1, 0, 3, 1, 3, 1, 3, 1, 0, 1, 0, 1, 0, 0, 0, 1, 0, 1, 0, 0, 0, 2, 0, 0, 0, 1, 1, 0, 3, 0, 0, 0, 0, 0, 0, 2, 0, 0, 0, 0, 0, 0, 3, 0, 1, 0, 0, 0, 1, 1, 0, 2, 0, 2, 0, 1, 0, 0, 0, 3, 0, 0, 0, 3, 0, 0, 1, 0, 0, 0, 0]
event=1138:G1_CMAX:update:state=1,action=2,reward=-111.37817443769484,nextState=1,old=-252.81192505802528,new=-313.6277144841151
event=1139:G2_TEC:update:state=1,action=0,reward=-320.6592413680628,nextState=1,old=-1704.4439554764176,new=-1684.2144057491969
event=1140:G3_TWC:update:state=1,action=1,reward=-6985.968333875673,nextState=1,old=-25981.514029967984,new=-27771.17955785006
event=1141:G4_BALANCED:update:state=1,action=2,reward=-0.01744418470060446,nextState=1,old=-0.0941143904421883,new=-0.09273569705435511
event=1142:G1_CMAX:action:mode=exploit,state=1,draw=0.059675351588037606,action=0
event=1143:G1_CMAX:leader:action=0,fingerprint=[51, 83, 31, 94, 18, 15, 22, 57, 19, 84, 77, 16, 99, 14, 81, 1, 73, 3, 79, 2, 98, 5, 91, 62, 43, 68, 76, 97, 40, 88, 30, 53, 33, 58, 93, 96, 72, 49, 59, 38, 28, 34, 67, 9, 11, 87, 12, 71, 74, 95, 63, 21, 27, 37, 70, 8, 78, 10, 23, 66, 46, 48, 56, 29, 64, 60, 6, 7, 26, 36, 20, 52, 17, 61, 47, 54, 89, 41, 4, 39, 85, 55, 82, 80, 90, 75, 50, 45, 35, 32, 0, 92, 69, 65, 44, 25, 13, 42, 86, 24]|[2, 1, 1, 1, 0, 0, 1, 2, 0, 0, 1, 0, 1, 1, 2, 2, 0, 1, 2, 1, 1, 1, 0, 1, 2, 0, 0, 1, 1, 0, 2, 1, 1, 1, 2, 0, 0, 0, 0, 2, 1, 1, 1, 0, 0, 0, 1, 2, 1, 2, 0, 2, 0, 2, 0, 0, 0, 2, 2, 0, 1, 1, 2, 2, 1, 2, 0, 0, 0, 0, 1, 0, 2, 0, 0, 1, 2, 1, 0, 2, 1, 1, 1, 1, 1, 2, 1, 0, 2, 2, 0, 1, 0, 1, 0, 1, 2, 2, 1, 0]|[1, 0, 4, 4, 1, 1, 2, 1, 1, 1, 1, 2, 1, 1, 1, 1, 2, 4, 1, 4, 1, 0, 1, 3, 2, 2, 0, 0, 1, 1, 0, 4, 1, 4, 0, 1, 0, 2, 0, 1, 0, 3, 0, 1, 1, 2, 3, 1, 4, 1, 2, 1, 2, 1, 0, 2, 1, 1, 1, 0, 4, 1, 1, 1, 0, 1, 1, 1, 1, 1, 0, 2, 1, 2, 0, 4, 1, 0, 1, 1, 4, 4, 0, 4, 4, 1, 0, 2, 1, 1, 0, 0, 2, 4, 1, 0, 1, 1, 4, 0]|[0, 2, 1, 1, 0, 0, 2, 0, 0, 0, 0, 1, 0, 1, 0, 0, 1, 3, 0, 2, 0, 0, 0, 3, 1, 0, 0, 1, 0, 1, 0, 3, 2, 0, 0, 1, 0, 1, 0, 1, 3, 1, 1, 0, 0, 1, 0, 0, 2, 0, 0, 0, 1, 0, 0, 1, 0, 0, 0, 0, 0, 2, 0, 0, 3, 0, 0, 0, 0, 0, 1, 1, 0, 0, 1, 3, 0, 1, 1, 0, 0, 3, 2, 0, 3, 0, 1, 0, 0, 0, 0, 1, 0, 0, 1, 1, 0, 0, 0, 0]
event=1144:G4_BALANCED:action:mode=explore,state=1,draw=0.9579319006110527,action=2
event=1145:G4_BALANCED:tournament:reason=action2,left=34,right=49,selected=[51, 8, 83, 31, 94, 11, 15, 22, 57, 19, 84, 77, 73, 1, 81, 14, 98, 79, 3, 16, 2, 99, 5, 91, 62, 43, 68, 76, 97, 40, 88, 30, 53, 20, 58, 93, 24, 72, 49, 59, 38, 28, 92, 67, 9, 18, 17, 87, 12, 26, 71, 74, 95, 63, 21, 47, 27, 37, 96, 6, 78, 10, 32, 46, 48, 56, 29, 64, 60, 23, 7, 36, 90, 85, 52, 55, 61, 86, 89, 41, 66, 54, 33, 42, 75, 80, 39, 25, 35, 82, 44, 4, 0, 50, 70, 34, 69, 13, 65, 45]|[2, 0, 1, 1, 2, 1, 0, 1, 2, 0, 0, 1, 0, 1, 1, 1, 1, 2, 1, 0, 1, 1, 0, 0, 1, 2, 1, 0, 1, 1, 0, 2, 1, 0, 1, 2, 0, 0, 0, 0, 2, 1, 1, 1, 0, 0, 2, 0, 1, 0, 2, 1, 2, 0, 2, 0, 0, 2, 1, 2, 0, 2, 2, 1, 0, 0, 2, 0, 2, 2, 0, 0, 1, 1, 0, 1, 0, 1, 2, 1, 1, 2, 0, 0, 1, 1, 2, 2, 2, 1, 2, 0, 0, 2, 2, 0, 0, 2, 1, 0]|[2, 2, 2, 2, 2, 4, 1, 2, 1, 1, 1, 1, 2, 4, 1, 1, 1, 1, 4, 2, 4, 1, 1, 0, 3, 2, 3, 0, 0, 1, 1, 0, 4, 2, 0, 0, 1, 0, 2, 0, 1, 0, 3, 0, 2, 1, 1, 2, 3, 1, 1, 4, 1, 2, 1, 0, 2, 1, 3, 1, 1, 1, 1, 4, 1, 1, 1, 2, 1, 1, 1, 1, 0, 0, 2, 4, 0, 4, 1, 0, 4, 1, 1, 2, 4, 4, 1, 1, 1, 0, 1, 1, 0, 1, 1, 0, 2, 1, 4, 2]|[0, 0, 1, 1, 0, 2, 0, 2, 0, 0, 0, 0, 1, 0, 0, 1, 0, 0, 3, 1, 2, 0, 0, 0, 3, 1, 1, 0, 1, 0, 1, 0, 3, 0, 2, 0, 1, 0, 1, 0, 1, 3, 1, 1, 0, 0, 0, 1, 0, 0, 0, 2, 0, 0, 0, 1, 1, 0, 3, 0, 0, 0, 0, 0, 0, 0, 0, 0, 0, 0, 0, 0, 1, 1, 1, 3, 0, 0, 1, 1, 1, 0, 0, 0, 3, 0, 0, 0, 0, 2, 0, 1, 0, 0, 0, 0, 0, 0, 0, 0]
event=1146:G4_BALANCED:leader:action=2,fingerprint=[51, 8, 83, 31, 94, 11, 15, 22, 57, 19, 84, 77, 73, 1, 81, 14, 98, 79, 3, 16, 2, 99, 5, 91, 62, 43, 68, 76, 97, 40, 88, 30, 53, 20, 58, 93, 24, 72, 49, 59, 38, 28, 92, 67, 9, 18, 17, 87, 12, 26, 71, 74, 95, 63, 21, 47, 27, 37, 96, 6, 78, 10, 32, 46, 48, 56, 29, 64, 60, 23, 7, 36, 90, 85, 52, 55, 61, 86, 89, 41, 66, 54, 33, 42, 75, 80, 39, 25, 35, 82, 44, 4, 0, 50, 70, 34, 69, 13, 65, 45]|[2, 0, 1, 1, 2, 1, 0, 1, 2, 0, 0, 1, 0, 1, 1, 1, 1, 2, 1, 0, 1, 1, 0, 0, 1, 2, 1, 0, 1, 1, 0, 2, 1, 0, 1, 2, 0, 0, 0, 0, 2, 1, 1, 1, 0, 0, 2, 0, 1, 0, 2, 1, 2, 0, 2, 0, 0, 2, 1, 2, 0, 2, 2, 1, 0, 0, 2, 0, 2, 2, 0, 0, 1, 1, 0, 1, 0, 1, 2, 1, 1, 2, 0, 0, 1, 1, 2, 2, 2, 1, 2, 0, 0, 2, 2, 0, 0, 2, 1, 0]|[2, 2, 2, 2, 2, 4, 1, 2, 1, 1, 1, 1, 2, 4, 1, 1, 1, 1, 4, 2, 4, 1, 1, 0, 3, 2, 3, 0, 0, 1, 1, 0, 4, 2, 0, 0, 1, 0, 2, 0, 1, 0, 3, 0, 2, 1, 1, 2, 3, 1, 1, 4, 1, 2, 1, 0, 2, 1, 3, 1, 1, 1, 1, 4, 1, 1, 1, 2, 1, 1, 1, 1, 0, 0, 2, 4, 0, 4, 1, 0, 4, 1, 1, 2, 4, 4, 1, 1, 1, 0, 1, 1, 0, 1, 1, 0, 2, 1, 4, 2]|[0, 0, 1, 1, 0, 2, 0, 2, 0, 0, 0, 0, 1, 0, 0, 1, 0, 0, 3, 1, 2, 0, 0, 0, 3, 1, 1, 0, 1, 0, 1, 0, 3, 0, 2, 0, 1, 0, 1, 0, 1, 3, 1, 1, 0, 0, 0, 1, 0, 0, 0, 2, 0, 0, 0, 1, 1, 0, 3, 0, 0, 0, 0, 0, 0, 0, 0, 0, 0, 0, 0, 0, 1, 1, 1, 3, 0, 0, 1, 1, 1, 0, 0, 0, 3, 0, 0, 0, 0, 2, 0, 1, 0, 0, 0, 0, 0, 0, 0, 0]
event=1147:G2_TEC:action:mode=exploit,state=1,draw=0.37424436020006757,action=0
event=1148:G2_TEC:leader:action=0,fingerprint=[51, 8, 83, 31, 94, 11, 15, 22, 57, 19, 84, 77, 73, 1, 81, 14, 98, 79, 3, 16, 2, 99, 5, 91, 62, 43, 68, 76, 97, 40, 88, 30, 53, 20, 58, 93, 24, 72, 49, 59, 38, 28, 92, 67, 9, 18, 17, 87, 12, 26, 71, 74, 95, 63, 4, 47, 27, 37, 96, 23, 78, 10, 66, 6, 48, 56, 29, 64, 60, 46, 7, 36, 34, 85, 52, 55, 61, 86, 89, 41, 32, 39, 33, 42, 75, 80, 54, 25, 35, 70, 44, 0, 21, 50, 69, 65, 90, 13, 82, 45]|[2, 0, 1, 1, 2, 1, 0, 1, 2, 0, 0, 1, 0, 1, 1, 1, 1, 2, 1, 2, 1, 1, 0, 0, 1, 0, 1, 0, 1, 1, 2, 2, 1, 0, 1, 2, 0, 0, 0, 0, 2, 1, 1, 1, 0, 0, 2, 0, 1, 0, 2, 1, 2, 0, 2, 0, 0, 2, 1, 0, 0, 2, 1, 2, 0, 1, 2, 2, 2, 1, 0, 0, 0, 1, 0, 1, 0, 1, 2, 1, 2, 1, 0, 0, 2, 1, 1, 2, 2, 2, 0, 2, 2, 2, 0, 1, 1, 2, 1, 0]|[2, 2, 2, 2, 2, 4, 1, 2, 1, 1, 0, 4, 2, 4, 4, 1, 1, 1, 4, 1, 4, 1, 1, 0, 3, 1, 3, 0, 0, 1, 1, 0, 4, 2, 4, 0, 0, 0, 2, 0, 1, 0, 3, 0, 1, 1, 1, 2, 3, 1, 1, 4, 1, 2, 1, 0, 2, 1, 3, 1, 1, 1, 4, 1, 1, 0, 1, 1, 1, 4, 1, 1, 0, 0, 2, 4, 0, 4, 1, 0, 1, 4, 1, 2, 1, 4, 4, 1, 1, 1, 1, 1, 1, 1, 2, 4, 0, 1, 0, 2]|[0, 0, 1, 1, 0, 2, 0, 2, 0, 0, 0, 0, 1, 0, 0, 1, 0, 0, 3, 0, 2, 0, 0, 0, 3, 0, 1, 0, 1, 0, 0, 0, 3, 0, 0, 0, 0, 0, 1, 0, 1, 3, 1, 1, 0, 0, 0, 1, 0, 0, 0, 2, 0, 0, 0, 1, 1, 0, 3, 0, 0, 0, 1, 0, 0, 1, 0, 0, 0, 0, 0, 0, 0, 1, 1, 3, 0, 0, 0, 1, 0, 3, 1, 0, 0, 0, 3, 0, 0, 0, 1, 0, 0, 0, 0, 0, 1, 0, 2, 0]
event=1149:G3_TWC:action:mode=exploit,state=1,draw=0.55167341618389,action=2
event=1150:G3_TWC:tournament:reason=action2,left=61,right=68,selected=[51, 8, 83, 31, 94, 11, 15, 22, 57, 19, 84, 77, 73, 1, 81, 14, 98, 79, 3, 16, 2, 99, 5, 91, 62, 43, 68, 76, 97, 40, 88, 30, 53, 20, 58, 93, 24, 72, 49, 59, 38, 28, 92, 67, 9, 18, 17, 87, 12, 26, 71, 74, 95, 63, 4, 47, 27, 37, 96, 23, 78, 10, 66, 6, 48, 56, 29, 64, 60, 46, 7, 36, 34, 85, 52, 55, 61, 86, 89, 41, 32, 39, 33, 42, 75, 80, 54, 25, 35, 82, 70, 0, 90, 50, 69, 21, 65, 13, 44, 45]|[2, 0, 1, 1, 2, 1, 0, 1, 2, 0, 0, 1, 0, 1, 0, 2, 0, 2, 1, 2, 1, 1, 0, 0, 1, 0, 1, 0, 1, 1, 0, 2, 1, 0, 1, 2, 0, 0, 0, 0, 2, 1, 1, 1, 0, 0, 2, 0, 1, 0, 2, 1, 2, 0, 2, 0, 0, 2, 1, 2, 0, 2, 2, 2, 0, 1, 2, 2, 2, 1, 0, 0, 0, 1, 0, 1, 0, 1, 2, 1, 0, 1, 0, 0, 2, 1, 1, 2, 2, 1, 1, 1, 1, 2, 0, 2, 1, 2, 0, 0]|[2, 2, 2, 2, 2, 4, 1, 2, 1, 1, 0, 4, 2, 4, 2, 2, 0, 1, 4, 1, 4, 1, 1, 0, 3, 1, 3, 0, 0, 1, 1, 0, 4, 2, 4, 0, 0, 0, 2, 0, 1, 0, 3, 0, 1, 1, 1, 2, 3, 1, 1, 4, 1, 2, 1, 0, 2, 1, 3, 1, 1, 1, 1, 1, 1, 0, 1, 1, 1, 4, 1, 1, 0, 0, 2, 4, 0, 4, 1, 0, 2, 4, 1, 2, 1, 4, 4, 1, 1, 0, 0, 0, 0, 1, 2, 1, 4, 1, 1, 2]|[0, 0, 1, 1, 0, 2, 0, 2, 0, 0, 0, 0, 1, 0, 1, 0, 0, 0, 3, 0, 2, 0, 0, 0, 3, 0, 1, 0, 1, 0, 1, 0, 3, 0, 0, 0, 0, 0, 1, 0, 1, 3, 1, 1, 0, 0, 0, 1, 0, 0, 0, 2, 0, 0, 0, 1, 1, 0, 3, 0, 0, 0, 0, 0, 0, 1, 0, 0, 0, 0, 0, 0, 0, 1, 1, 3, 0, 0, 0, 1, 0, 3, 1, 0, 0, 0, 3, 0, 0, 2, 2, 1, 1, 0, 0, 0, 0, 0, 1, 0]
event=1151:G3_TWC:leader:action=2,fingerprint=[51, 8, 83, 31, 94, 11, 15, 22, 57, 19, 84, 77, 73, 1, 81, 14, 98, 79, 3, 16, 2, 99, 5, 91, 62, 43, 68, 76, 97, 40, 88, 30, 53, 20, 58, 93, 24, 72, 49, 59, 38, 28, 92, 67, 9, 18, 17, 87, 12, 26, 71, 74, 95, 63, 4, 47, 27, 37, 96, 23, 78, 10, 66, 6, 48, 56, 29, 64, 60, 46, 7, 36, 34, 85, 52, 55, 61, 86, 89, 41, 32, 39, 33, 42, 75, 80, 54, 25, 35, 82, 70, 0, 90, 50, 69, 21, 65, 13, 44, 45]|[2, 0, 1, 1, 2, 1, 0, 1, 2, 0, 0, 1, 0, 1, 0, 2, 0, 2, 1, 2, 1, 1, 0, 0, 1, 0, 1, 0, 1, 1, 0, 2, 1, 0, 1, 2, 0, 0, 0, 0, 2, 1, 1, 1, 0, 0, 2, 0, 1, 0, 2, 1, 2, 0, 2, 0, 0, 2, 1, 2, 0, 2, 2, 2, 0, 1, 2, 2, 2, 1, 0, 0, 0, 1, 0, 1, 0, 1, 2, 1, 0, 1, 0, 0, 2, 1, 1, 2, 2, 1, 1, 1, 1, 2, 0, 2, 1, 2, 0, 0]|[2, 2, 2, 2, 2, 4, 1, 2, 1, 1, 0, 4, 2, 4, 2, 2, 0, 1, 4, 1, 4, 1, 1, 0, 3, 1, 3, 0, 0, 1, 1, 0, 4, 2, 4, 0, 0, 0, 2, 0, 1, 0, 3, 0, 1, 1, 1, 2, 3, 1, 1, 4, 1, 2, 1, 0, 2, 1, 3, 1, 1, 1, 1, 1, 1, 0, 1, 1, 1, 4, 1, 1, 0, 0, 2, 4, 0, 4, 1, 0, 2, 4, 1, 2, 1, 4, 4, 1, 1, 0, 0, 0, 0, 1, 2, 1, 4, 1, 1, 2]|[0, 0, 1, 1, 0, 2, 0, 2, 0, 0, 0, 0, 1, 0, 1, 0, 0, 0, 3, 0, 2, 0, 0, 0, 3, 0, 1, 0, 1, 0, 1, 0, 3, 0, 0, 0, 0, 0, 1, 0, 1, 3, 1, 1, 0, 0, 0, 1, 0, 0, 0, 2, 0, 0, 0, 1, 1, 0, 3, 0, 0, 0, 0, 0, 0, 1, 0, 0, 0, 0, 0, 0, 0, 1, 1, 3, 0, 0, 0, 1, 0, 3, 1, 0, 0, 0, 3, 0, 0, 2, 2, 1, 1, 0, 0, 0, 0, 0, 1, 0]
event=1152:G1_CMAX:update:state=1,action=0,reward=-96.00791355680269,nextState=1,old=-277.2900955644774,new=-317.8399900083846
event=1153:G2_TEC:update:state=1,action=0,reward=-166.6805452494009,nextState=1,old=-1684.2144057491969,new=-1514.0520698487585
event=1154:G3_TWC:update:state=1,action=2,reward=-2115.6072950656962,nextState=1,old=-26128.38060503733,new=-23018.311779095562
event=1155:G4_BALANCED:update:state=1,action=2,reward=-0.03024566082416378,nextState=1,old=-0.09273569705435511,new=-0.10443421846764786
event=1156:G1_CMAX:action:mode=exploit,state=1,draw=0.26461205559782486,action=1
event=1157:G1_CMAX:leader:action=1,fingerprint=[51, 8, 83, 50, 94, 11, 15, 22, 57, 19, 84, 77, 73, 1, 81, 14, 98, 16, 53, 44, 2, 40, 5, 91, 62, 68, 76, 97, 99, 88, 30, 3, 20, 58, 93, 24, 72, 49, 42, 38, 28, 92, 67, 9, 18, 87, 12, 26, 71, 74, 95, 63, 21, 17, 47, 27, 37, 78, 10, 32, 46, 48, 56, 6, 29, 64, 60, 23, 7, 36, 90, 85, 52, 59, 61, 54, 89, 41, 4, 33, 55, 96, 82, 80, 75, 31, 45, 35, 43, 39, 66, 0, 34, 69, 65, 79, 25, 13, 86, 70]|[2, 0, 1, 1, 2, 1, 0, 1, 2, 0, 0, 1, 0, 1, 1, 1, 1, 0, 1, 0, 1, 1, 0, 0, 1, 1, 0, 1, 1, 0, 2, 1, 2, 1, 2, 0, 0, 0, 0, 2, 1, 1, 1, 0, 1, 0, 1, 0, 2, 1, 2, 0, 2, 2, 0, 0, 2, 0, 2, 2, 1, 1, 2, 2, 2, 0, 2, 0, 0, 0, 1, 2, 0, 1, 0, 1, 2, 1, 0, 1, 1, 1, 1, 1, 2, 1, 0, 2, 2, 2, 0, 0, 1, 0, 1, 0, 2, 0, 1, 2]|[1, 0, 2, 0, 1, 4, 1, 2, 1, 1, 1, 1, 2, 4, 4, 1, 1, 2, 4, 2, 4, 1, 2, 0, 3, 3, 0, 0, 1, 1, 1, 4, 1, 4, 0, 1, 0, 2, 0, 1, 0, 3, 0, 1, 0, 2, 3, 1, 1, 4, 1, 2, 1, 1, 0, 2, 1, 1, 1, 1, 4, 1, 1, 1, 1, 1, 1, 1, 1, 1, 4, 1, 2, 0, 2, 4, 1, 0, 1, 1, 4, 3, 0, 4, 1, 0, 2, 1, 2, 1, 0, 0, 0, 2, 4, 2, 1, 1, 4, 0]|[0, 0, 1, 1, 0, 2, 0, 2, 0, 0, 0, 0, 1, 0, 0, 1, 0, 1, 3, 1, 2, 0, 0, 0, 3, 1, 0, 1, 0, 1, 0, 3, 0, 0, 0, 1, 0, 1, 0, 1, 3, 1, 1, 0, 1, 1, 0, 0, 0, 2, 0, 0, 0, 0, 1, 1, 0, 0, 0, 0, 0, 2, 0, 0, 0, 0, 0, 0, 0, 0, 3, 0, 1, 1, 0, 3, 0, 1, 1, 2, 3, 3, 2, 0, 0, 1, 0, 0, 1, 0, 0, 0, 1, 0, 0, 1, 0, 0, 0, 1]
event=1158:G4_BALANCED:action:mode=exploit,state=1,draw=0.3245390275998993,action=0
event=1159:G4_BALANCED:leader:action=0,fingerprint=[51, 8, 83, 31, 94, 11, 15, 22, 57, 19, 84, 77, 73, 1, 81, 14, 98, 79, 3, 16, 2, 99, 5, 91, 62, 43, 68, 76, 97, 40, 88, 30, 53, 20, 58, 93, 24, 72, 49, 59, 38, 28, 92, 67, 9, 18, 17, 87, 12, 26, 71, 74, 95, 63, 21, 47, 27, 37, 96, 6, 78, 10, 32, 46, 48, 56, 29, 64, 60, 23, 7, 36, 90, 85, 52, 55, 61, 86, 89, 41, 66, 54, 33, 42, 75, 80, 39, 25, 35, 82, 44, 4, 0, 50, 70, 34, 69, 13, 65, 45]|[2, 0, 1, 1, 2, 1, 0, 1, 2, 0, 0, 1, 0, 1, 1, 1, 1, 2, 1, 0, 1, 1, 0, 0, 1, 2, 1, 0, 1, 1, 0, 2, 1, 0, 1, 2, 0, 0, 0, 0, 2, 1, 1, 1, 0, 0, 2, 0, 1, 0, 2, 1, 2, 0, 2, 0, 0, 2, 1, 2, 0, 2, 2, 1, 0, 0, 2, 0, 2, 2, 0, 0, 1, 1, 0, 1, 0, 1, 2, 1, 1, 2, 0, 0, 1, 1, 2, 2, 2, 1, 2, 0, 0, 2, 2, 0, 0, 2, 1, 0]|[2, 2, 2, 2, 2, 4, 1, 2, 1, 1, 1, 1, 2, 4, 1, 1, 1, 1, 4, 2, 4, 1, 1, 0, 3, 2, 3, 0, 0, 1, 1, 0, 4, 2, 0, 0, 1, 0, 2, 0, 1, 0, 3, 0, 2, 1, 1, 2, 3, 1, 1, 4, 1, 2, 1, 0, 2, 1, 3, 1, 1, 1, 1, 4, 1, 1, 1, 2, 1, 1, 1, 1, 0, 0, 2, 4, 0, 4, 1, 0, 4, 1, 1, 2, 4, 4, 1, 1, 1, 0, 1, 1, 0, 1, 1, 0, 2, 1, 4, 2]|[0, 0, 1, 1, 0, 2, 0, 2, 0, 0, 0, 0, 1, 0, 0, 1, 0, 0, 3, 1, 2, 0, 0, 0, 3, 1, 1, 0, 1, 0, 1, 0, 3, 0, 2, 0, 1, 0, 1, 0, 1, 3, 1, 1, 0, 0, 0, 1, 0, 0, 0, 2, 0, 0, 0, 1, 1, 0, 3, 0, 0, 0, 0, 0, 0, 0, 0, 0, 0, 0, 0, 0, 1, 1, 1, 3, 0, 0, 1, 1, 1, 0, 0, 0, 3, 0, 0, 0, 0, 2, 0, 1, 0, 0, 0, 0, 0, 0, 0, 0]
event=1160:G2_TEC:action:mode=explore,state=1,draw=0.9852764789350779,action=1
event=1161:G2_TEC:leader:action=1,fingerprint=[51, 8, 83, 31, 94, 11, 15, 22, 57, 19, 84, 77, 73, 1, 81, 14, 98, 79, 3, 16, 2, 99, 5, 91, 62, 43, 68, 76, 97, 40, 88, 30, 53, 20, 58, 93, 24, 72, 49, 59, 38, 28, 92, 67, 9, 18, 17, 87, 12, 26, 71, 74, 95, 63, 4, 47, 27, 37, 96, 23, 78, 10, 66, 6, 48, 56, 29, 64, 60, 46, 7, 36, 34, 85, 52, 55, 61, 86, 89, 41, 32, 39, 33, 42, 75, 80, 54, 25, 35, 70, 44, 0, 21, 50, 69, 65, 90, 13, 82, 45]|[2, 0, 1, 1, 2, 1, 0, 1, 2, 0, 0, 1, 0, 1, 1, 1, 1, 2, 1, 2, 1, 1, 0, 0, 1, 0, 1, 0, 1, 1, 2, 2, 1, 0, 1, 2, 0, 0, 0, 0, 2, 1, 1, 1, 0, 0, 2, 0, 1, 0, 2, 1, 2, 0, 2, 0, 0, 2, 1, 0, 0, 2, 1, 2, 0, 1, 2, 2, 2, 1, 0, 0, 0, 1, 0, 1, 0, 1, 2, 1, 2, 1, 0, 0, 2, 1, 1, 2, 2, 2, 0, 2, 2, 2, 0, 1, 1, 2, 1, 0]|[2, 2, 2, 2, 2, 4, 1, 2, 1, 1, 0, 4, 2, 4, 4, 1, 1, 1, 4, 1, 4, 1, 1, 0, 3, 1, 3, 0, 0, 1, 1, 0, 4, 2, 4, 0, 0, 0, 2, 0, 1, 0, 3, 0, 1, 1, 1, 2, 3, 1, 1, 4, 1, 2, 1, 0, 2, 1, 3, 1, 1, 1, 4, 1, 1, 0, 1, 1, 1, 4, 1, 1, 0, 0, 2, 4, 0, 4, 1, 0, 1, 4, 1, 2, 1, 4, 4, 1, 1, 1, 1, 1, 1, 1, 2, 4, 0, 1, 0, 2]|[0, 0, 1, 1, 0, 2, 0, 2, 0, 0, 0, 0, 1, 0, 0, 1, 0, 0, 3, 0, 2, 0, 0, 0, 3, 0, 1, 0, 1, 0, 0, 0, 3, 0, 0, 0, 0, 0, 1, 0, 1, 3, 1, 1, 0, 0, 0, 1, 0, 0, 0, 2, 0, 0, 0, 1, 1, 0, 3, 0, 0, 0, 1, 0, 0, 1, 0, 0, 0, 0, 0, 0, 0, 1, 1, 3, 0, 0, 0, 1, 0, 3, 1, 0, 0, 0, 3, 0, 0, 0, 1, 0, 0, 0, 0, 0, 1, 0, 2, 0]
event=1162:G3_TWC:action:mode=exploit,state=1,draw=0.31763919122508166,action=2
event=1163:G3_TWC:tournament:reason=action2,left=38,right=2,selected=[51, 8, 83, 31, 94, 11, 15, 22, 57, 19, 84, 77, 73, 1, 81, 14, 98, 79, 3, 16, 2, 99, 5, 91, 62, 43, 68, 76, 97, 40, 88, 30, 53, 20, 58, 93, 24, 72, 49, 59, 38, 28, 92, 67, 9, 18, 17, 87, 12, 26, 71, 74, 95, 63, 21, 47, 27, 37, 96, 6, 78, 10, 32, 46, 48, 56, 29, 64, 60, 23, 7, 36, 90, 85, 52, 55, 61, 86, 89, 41, 66, 54, 33, 42, 75, 80, 39, 25, 35, 82, 44, 0, 70, 50, 65, 69, 34, 13, 4, 45]|[2, 0, 1, 1, 2, 1, 0, 1, 2, 0, 0, 0, 0, 1, 2, 2, 1, 2, 1, 0, 1, 1, 0, 0, 1, 2, 1, 0, 1, 1, 0, 0, 1, 0, 1, 2, 0, 0, 0, 0, 2, 1, 1, 1, 0, 1, 2, 0, 1, 0, 2, 1, 2, 0, 2, 0, 0, 2, 1, 2, 0, 2, 2, 0, 0, 0, 2, 2, 2, 1, 0, 0, 0, 1, 0, 1, 0, 1, 2, 1, 0, 2, 0, 2, 1, 1, 1, 2, 2, 1, 2, 0, 2, 2, 1, 0, 1, 2, 2, 0]|[2, 2, 2, 2, 2, 4, 1, 2, 1, 1, 1, 1, 2, 4, 1, 2, 1, 1, 4, 2, 4, 1, 1, 0, 3, 2, 3, 0, 0, 1, 1, 2, 4, 2, 4, 0, 1, 0, 2, 0, 1, 0, 3, 0, 1, 0, 1, 2, 3, 1, 1, 4, 1, 2, 1, 0, 2, 1, 3, 1, 1, 1, 1, 0, 1, 1, 1, 1, 1, 4, 1, 1, 2, 0, 2, 4, 0, 4, 1, 0, 0, 1, 1, 1, 4, 4, 4, 1, 1, 0, 1, 0, 1, 1, 4, 2, 0, 1, 1, 2]|[0, 0, 1, 1, 0, 2, 0, 2, 0, 0, 0, 0, 1, 0, 0, 0, 0, 0, 3, 1, 2, 0, 0, 0, 3, 1, 1, 0, 1, 0, 1, 1, 3, 0, 0, 0, 1, 0, 1, 0, 1, 3, 1, 1, 0, 1, 0, 1, 0, 0, 0, 2, 0, 0, 0, 1, 1, 0, 3, 0, 0, 0, 0, 1, 0, 0, 0, 0, 0, 0, 0, 0, 1, 1, 1, 3, 0, 0, 1, 1, 0, 0, 1, 0, 3, 0, 3, 0, 0, 2, 0, 0, 0, 0, 0, 0, 1, 0, 0, 0]
event=1164:G3_TWC:leader:action=2,fingerprint=[51, 8, 83, 31, 94, 11, 15, 22, 57, 19, 84, 77, 73, 1, 81, 14, 98, 79, 3, 16, 2, 99, 5, 91, 62, 43, 68, 76, 97, 40, 88, 30, 53, 20, 58, 93, 24, 72, 49, 59, 38, 28, 92, 67, 9, 18, 17, 87, 12, 26, 71, 74, 95, 63, 21, 47, 27, 37, 96, 6, 78, 10, 32, 46, 48, 56, 29, 64, 60, 23, 7, 36, 90, 85, 52, 55, 61, 86, 89, 41, 66, 54, 33, 42, 75, 80, 39, 25, 35, 82, 44, 0, 70, 50, 65, 69, 34, 13, 4, 45]|[2, 0, 1, 1, 2, 1, 0, 1, 2, 0, 0, 0, 0, 1, 2, 2, 1, 2, 1, 0, 1, 1, 0, 0, 1, 2, 1, 0, 1, 1, 0, 0, 1, 0, 1, 2, 0, 0, 0, 0, 2, 1, 1, 1, 0, 1, 2, 0, 1, 0, 2, 1, 2, 0, 2, 0, 0, 2, 1, 2, 0, 2, 2, 0, 0, 0, 2, 2, 2, 1, 0, 0, 0, 1, 0, 1, 0, 1, 2, 1, 0, 2, 0, 2, 1, 1, 1, 2, 2, 1, 2, 0, 2, 2, 1, 0, 1, 2, 2, 0]|[2, 2, 2, 2, 2, 4, 1, 2, 1, 1, 1, 1, 2, 4, 1, 2, 1, 1, 4, 2, 4, 1, 1, 0, 3, 2, 3, 0, 0, 1, 1, 2, 4, 2, 4, 0, 1, 0, 2, 0, 1, 0, 3, 0, 1, 0, 1, 2, 3, 1, 1, 4, 1, 2, 1, 0, 2, 1, 3, 1, 1, 1, 1, 0, 1, 1, 1, 1, 1, 4, 1, 1, 2, 0, 2, 4, 0, 4, 1, 0, 0, 1, 1, 1, 4, 4, 4, 1, 1, 0, 1, 0, 1, 1, 4, 2, 0, 1, 1, 2]|[0, 0, 1, 1, 0, 2, 0, 2, 0, 0, 0, 0, 1, 0, 0, 0, 0, 0, 3, 1, 2, 0, 0, 0, 3, 1, 1, 0, 1, 0, 1, 1, 3, 0, 0, 0, 1, 0, 1, 0, 1, 3, 1, 1, 0, 1, 0, 1, 0, 0, 0, 2, 0, 0, 0, 1, 1, 0, 3, 0, 0, 0, 0, 1, 0, 0, 0, 0, 0, 0, 0, 0, 1, 1, 1, 3, 0, 0, 1, 1, 0, 0, 1, 0, 3, 0, 3, 0, 0, 2, 0, 0, 0, 0, 0, 0, 1, 0, 0, 0]
event=1165:G1_CMAX:update:state=1,action=1,reward=-56.49024907355226,nextState=1,old=-277.830800747622,new=-278.75488967164983
event=1166:G2_TEC:update:state=1,action=1,reward=-271.73038767575053,nextState=1,old=-1787.8617498628023,new=-1482.9720435547574
event=1167:G3_TWC:update:state=1,action=2,reward=-8.02683809735754,nextState=1,old=-23018.311779095562,new=-18422.676261373806
event=1168:G4_BALANCED:update:state=1,action=0,reward=-0.012750067351886812,nextState=1,old=-0.09782091195002568,new=-0.09100679691190737
event=1169:G1_CMAX:action:mode=exploit,state=1,draw=0.30120320060511385,action=1
event=1170:G1_CMAX:leader:action=1,fingerprint=[51, 8, 83, 50, 94, 11, 15, 22, 57, 19, 84, 77, 73, 1, 81, 14, 98, 16, 53, 44, 2, 40, 5, 91, 62, 68, 76, 97, 99, 88, 30, 3, 20, 58, 93, 24, 72, 49, 42, 38, 28, 92, 67, 9, 18, 87, 12, 26, 71, 74, 95, 63, 21, 17, 47, 27, 37, 78, 10, 32, 46, 48, 56, 6, 29, 64, 60, 23, 7, 36, 90, 85, 52, 59, 61, 54, 89, 41, 4, 33, 55, 96, 82, 80, 75, 31, 45, 35, 43, 39, 66, 0, 34, 69, 65, 79, 25, 13, 86, 70]|[2, 0, 1, 1, 2, 1, 0, 1, 2, 0, 0, 1, 0, 1, 1, 1, 1, 0, 1, 0, 1, 1, 0, 0, 1, 1, 0, 1, 1, 0, 2, 1, 2, 1, 2, 0, 0, 0, 0, 2, 1, 1, 1, 0, 1, 0, 1, 0, 2, 1, 2, 0, 2, 2, 0, 0, 2, 0, 2, 2, 1, 1, 2, 2, 2, 0, 2, 0, 0, 0, 1, 2, 0, 1, 0, 1, 2, 1, 0, 1, 1, 1, 1, 1, 2, 1, 0, 2, 2, 2, 0, 0, 1, 0, 1, 0, 2, 0, 1, 2]|[1, 0, 2, 0, 1, 4, 1, 2, 1, 1, 1, 1, 2, 4, 4, 1, 1, 2, 4, 2, 4, 1, 2, 0, 3, 3, 0, 0, 1, 1, 1, 4, 1, 4, 0, 1, 0, 2, 0, 1, 0, 3, 0, 1, 0, 2, 3, 1, 1, 4, 1, 2, 1, 1, 0, 2, 1, 1, 1, 1, 4, 1, 1, 1, 1, 1, 1, 1, 1, 1, 4, 1, 2, 0, 2, 4, 1, 0, 1, 1, 4, 3, 0, 4, 1, 0, 2, 1, 2, 1, 0, 0, 0, 2, 4, 2, 1, 1, 4, 0]|[0, 0, 1, 1, 0, 2, 0, 2, 0, 0, 0, 0, 1, 0, 0, 1, 0, 1, 3, 1, 2, 0, 0, 0, 3, 1, 0, 1, 0, 1, 0, 3, 0, 0, 0, 1, 0, 1, 0, 1, 3, 1, 1, 0, 1, 1, 0, 0, 0, 2, 0, 0, 0, 0, 1, 1, 0, 0, 0, 0, 0, 2, 0, 0, 0, 0, 0, 0, 0, 0, 3, 0, 1, 1, 0, 3, 0, 1, 1, 2, 3, 3, 2, 0, 0, 1, 0, 0, 1, 0, 0, 0, 1, 0, 0, 1, 0, 0, 0, 1]
event=1171:G4_BALANCED:action:mode=explore,state=1,draw=0.8120637192821498,action=1
event=1172:G4_BALANCED:leader:action=1,fingerprint=[51, 8, 83, 31, 94, 11, 15, 22, 57, 19, 84, 77, 73, 1, 81, 14, 98, 79, 3, 16, 2, 99, 5, 91, 62, 43, 68, 76, 97, 40, 27, 30, 53, 20, 58, 93, 24, 72, 49, 59, 38, 28, 92, 67, 9, 18, 17, 87, 12, 26, 71, 74, 95, 63, 4, 47, 88, 37, 96, 23, 78, 10, 66, 6, 48, 56, 29, 64, 60, 46, 7, 36, 34, 85, 52, 55, 61, 86, 89, 41, 32, 39, 33, 42, 75, 80, 54, 25, 35, 70, 44, 50, 0, 21, 69, 82, 65, 13, 90, 45]|[2, 0, 1, 1, 2, 1, 0, 1, 2, 0, 0, 1, 0, 2, 1, 1, 0, 2, 1, 0, 1, 1, 0, 0, 1, 2, 1, 0, 1, 1, 0, 2, 1, 0, 1, 2, 2, 0, 0, 0, 2, 1, 1, 1, 0, 2, 2, 0, 1, 0, 2, 1, 2, 0, 2, 0, 2, 2, 1, 2, 0, 2, 1, 2, 0, 1, 2, 2, 2, 1, 0, 0, 0, 1, 0, 1, 2, 1, 2, 1, 0, 1, 1, 0, 2, 1, 2, 2, 2, 0, 0, 2, 0, 1, 0, 1, 2, 2, 1, 0]|[2, 2, 2, 2, 2, 4, 1, 2, 1, 1, 0, 4, 2, 2, 4, 1, 0, 1, 4, 2, 4, 1, 1, 0, 3, 2, 3, 0, 0, 1, 1, 0, 4, 2, 4, 0, 2, 0, 2, 0, 1, 0, 3, 3, 2, 2, 1, 2, 3, 1, 1, 4, 1, 2, 1, 0, 1, 1, 3, 1, 1, 1, 4, 1, 1, 0, 1, 1, 1, 4, 1, 1, 0, 0, 2, 4, 1, 4, 1, 0, 2, 4, 4, 2, 1, 4, 1, 1, 1, 1, 1, 1, 2, 4, 2, 0, 1, 1, 0, 2]|[0, 0, 1, 1, 0, 2, 0, 2, 0, 0, 0, 0, 1, 0, 0, 1, 0, 0, 3, 1, 2, 0, 0, 0, 3, 1, 1, 0, 1, 0, 1, 0, 3, 0, 0, 0, 0, 0, 1, 0, 1, 3, 1, 1, 0, 0, 0, 1, 0, 0, 0, 2, 0, 0, 0, 1, 0, 0, 3, 0, 0, 0, 1, 0, 0, 1, 0, 0, 0, 0, 0, 0, 0, 1, 1, 3, 0, 0, 0, 1, 0, 3, 0, 0, 0, 0, 0, 0, 0, 0, 1, 0, 0, 0, 0, 2, 0, 0, 1, 0]
event=1173:G2_TEC:action:mode=exploit,state=1,draw=0.29016132153128427,action=1
event=1174:G2_TEC:leader:action=1,fingerprint=[51, 8, 83, 31, 94, 11, 15, 22, 57, 19, 84, 77, 73, 1, 81, 14, 98, 79, 3, 16, 2, 99, 5, 91, 62, 43, 68, 76, 97, 40, 88, 30, 53, 20, 58, 93, 24, 72, 49, 59, 38, 28, 92, 67, 9, 18, 17, 87, 12, 26, 71, 74, 95, 63, 4, 47, 27, 37, 96, 23, 78, 10, 66, 6, 48, 56, 29, 64, 60, 46, 7, 36, 34, 85, 52, 55, 61, 86, 89, 41, 32, 39, 33, 42, 75, 80, 54, 25, 35, 70, 44, 0, 21, 50, 69, 65, 90, 13, 82, 45]|[2, 0, 1, 1, 2, 1, 0, 1, 2, 0, 0, 1, 0, 1, 1, 1, 1, 2, 1, 2, 1, 1, 0, 0, 1, 0, 1, 0, 1, 1, 2, 2, 1, 0, 1, 2, 0, 0, 0, 0, 2, 1, 1, 1, 0, 0, 2, 0, 1, 0, 2, 1, 2, 0, 2, 0, 0, 2, 1, 0, 0, 2, 1, 2, 0, 1, 2, 2, 2, 1, 0, 0, 0, 1, 0, 1, 0, 1, 2, 1, 2, 1, 0, 0, 2, 1, 1, 2, 2, 2, 0, 2, 2, 2, 0, 1, 1, 2, 1, 0]|[2, 2, 2, 2, 2, 4, 1, 2, 1, 1, 0, 4, 2, 4, 4, 1, 1, 1, 4, 1, 4, 1, 1, 0, 3, 1, 3, 0, 0, 1, 1, 0, 4, 2, 4, 0, 0, 0, 2, 0, 1, 0, 3, 0, 1, 1, 1, 2, 3, 1, 1, 4, 1, 2, 1, 0, 2, 1, 3, 1, 1, 1, 4, 1, 1, 0, 1, 1, 1, 4, 1, 1, 0, 0, 2, 4, 0, 4, 1, 0, 1, 4, 1, 2, 1, 4, 4, 1, 1, 1, 1, 1, 1, 1, 2, 4, 0, 1, 0, 2]|[0, 0, 1, 1, 0, 2, 0, 2, 0, 0, 0, 0, 1, 0, 0, 1, 0, 0, 3, 0, 2, 0, 0, 0, 3, 0, 1, 0, 1, 0, 0, 0, 3, 0, 0, 0, 0, 0, 1, 0, 1, 3, 1, 1, 0, 0, 0, 1, 0, 0, 0, 2, 0, 0, 0, 1, 1, 0, 3, 0, 0, 0, 1, 0, 0, 1, 0, 0, 0, 0, 0, 0, 0, 1, 1, 3, 0, 0, 0, 1, 0, 3, 1, 0, 0, 0, 3, 0, 0, 0, 1, 0, 0, 0, 0, 0, 1, 0, 2, 0]
event=1175:G3_TWC:action:mode=explore,state=1,draw=0.9491584709921184,action=2
event=1176:G3_TWC:tournament:reason=action2,left=17,right=10,selected=[51, 8, 83, 31, 94, 11, 15, 22, 57, 19, 84, 77, 73, 1, 81, 14, 28, 16, 3, 79, 99, 87, 17, 18, 9, 67, 43, 62, 91, 5, 2, 92, 98, 38, 59, 49, 72, 24, 93, 20, 53, 30, 88, 12, 40, 97, 76, 68, 26, 71, 74, 95, 63, 21, 47, 27, 37, 96, 6, 78, 10, 32, 46, 34, 0, 66, 35, 45, 50, 75, 48, 58, 25, 55, 33, 39, 4, 41, 89, 54, 61, 42, 52, 85, 90, 36, 7, 23, 60, 64, 29, 56, 80, 69, 65, 44, 86, 13, 82, 70]|[2, 0, 1, 1, 2, 1, 0, 1, 2, 0, 0, 1, 0, 1, 2, 1, 1, 0, 1, 0, 1, 0, 2, 1, 0, 1, 2, 1, 0, 0, 1, 1, 1, 2, 0, 0, 0, 0, 2, 2, 1, 2, 0, 1, 1, 1, 0, 1, 0, 2, 1, 2, 0, 2, 0, 0, 2, 1, 2, 0, 2, 2, 1, 1, 0, 0, 2, 0, 1, 2, 1, 1, 2, 2, 1, 2, 0, 1, 2, 1, 0, 1, 0, 1, 1, 0, 0, 0, 2, 0, 2, 2, 1, 0, 1, 0, 1, 2, 1, 0]|[2, 2, 0, 2, 2, 4, 1, 2, 1, 1, 1, 1, 2, 4, 1, 1, 0, 2, 4, 2, 1, 2, 1, 0, 1, 0, 2, 3, 0, 1, 4, 3, 1, 1, 0, 2, 0, 1, 0, 1, 4, 0, 1, 3, 1, 0, 0, 3, 1, 1, 4, 1, 2, 1, 0, 2, 1, 3, 1, 1, 1, 1, 4, 0, 0, 0, 1, 2, 0, 1, 1, 4, 1, 1, 1, 1, 1, 0, 1, 4, 2, 0, 2, 4, 4, 1, 1, 1, 1, 2, 1, 1, 4, 2, 4, 1, 4, 1, 0, 1]|[0, 0, 1, 1, 0, 2, 0, 2, 0, 0, 0, 0, 1, 0, 0, 1, 3, 1, 3, 1, 0, 1, 0, 1, 0, 1, 1, 3, 0, 0, 2, 1, 0, 1, 0, 1, 0, 1, 0, 0, 3, 0, 1, 0, 0, 1, 0, 1, 0, 0, 2, 0, 0, 0, 1, 1, 0, 3, 0, 0, 0, 0, 0, 1, 0, 0, 0, 0, 1, 0, 2, 0, 0, 0, 2, 0, 1, 1, 0, 3, 0, 1, 1, 0, 3, 0, 0, 0, 0, 0, 0, 0, 0, 0, 0, 1, 0, 0, 2, 0]
event=1177:G3_TWC:leader:action=2,fingerprint=[51, 8, 83, 31, 94, 11, 15, 22, 57, 19, 84, 77, 73, 1, 81, 14, 28, 16, 3, 79, 99, 87, 17, 18, 9, 67, 43, 62, 91, 5, 2, 92, 98, 38, 59, 49, 72, 24, 93, 20, 53, 30, 88, 12, 40, 97, 76, 68, 26, 71, 74, 95, 63, 21, 47, 27, 37, 96, 6, 78, 10, 32, 46, 34, 0, 66, 35, 45, 50, 75, 48, 58, 25, 55, 33, 39, 4, 41, 89, 54, 61, 42, 52, 85, 90, 36, 7, 23, 60, 64, 29, 56, 80, 69, 65, 44, 86, 13, 82, 70]|[2, 0, 1, 1, 2, 1, 0, 1, 2, 0, 0, 1, 0, 1, 2, 1, 1, 0, 1, 0, 1, 0, 2, 1, 0, 1, 2, 1, 0, 0, 1, 1, 1, 2, 0, 0, 0, 0, 2, 2, 1, 2, 0, 1, 1, 1, 0, 1, 0, 2, 1, 2, 0, 2, 0, 0, 2, 1, 2, 0, 2, 2, 1, 1, 0, 0, 2, 0, 1, 2, 1, 1, 2, 2, 1, 2, 0, 1, 2, 1, 0, 1, 0, 1, 1, 0, 0, 0, 2, 0, 2, 2, 1, 0, 1, 0, 1, 2, 1, 0]|[2, 2, 0, 2, 2, 4, 1, 2, 1, 1, 1, 1, 2, 4, 1, 1, 0, 2, 4, 2, 1, 2, 1, 0, 1, 0, 2, 3, 0, 1, 4, 3, 1, 1, 0, 2, 0, 1, 0, 1, 4, 0, 1, 3, 1, 0, 0, 3, 1, 1, 4, 1, 2, 1, 0, 2, 1, 3, 1, 1, 1, 1, 4, 0, 0, 0, 1, 2, 0, 1, 1, 4, 1, 1, 1, 1, 1, 0, 1, 4, 2, 0, 2, 4, 4, 1, 1, 1, 1, 2, 1, 1, 4, 2, 4, 1, 4, 1, 0, 1]|[0, 0, 1, 1, 0, 2, 0, 2, 0, 0, 0, 0, 1, 0, 0, 1, 3, 1, 3, 1, 0, 1, 0, 1, 0, 1, 1, 3, 0, 0, 2, 1, 0, 1, 0, 1, 0, 1, 0, 0, 3, 0, 1, 0, 0, 1, 0, 1, 0, 0, 2, 0, 0, 0, 1, 1, 0, 3, 0, 0, 0, 0, 0, 1, 0, 0, 0, 0, 1, 0, 2, 0, 0, 0, 2, 0, 1, 1, 0, 3, 0, 1, 1, 0, 3, 0, 0, 0, 0, 0, 0, 0, 0, 0, 0, 1, 0, 0, 2, 0]
event=1178:G1_CMAX:update:state=1,action=1,reward=-66.63479391731505,nextState=1,old=-278.75488967164983,new=-289.6387056546349
event=1179:G2_TEC:update:state=1,action=1,reward=-433.65798577045643,nextState=1,old=-1482.9720435547574,new=-1620.0356206142624
event=1180:G3_TWC:update:state=1,action=2,reward=-7650.1335339633515,nextState=1,old=-18422.676261373806,new=-22388.274543062398
event=1181:G4_BALANCED:update:state=1,action=1,reward=-0.04601344391089042,nextState=1,old=-0.2870736174106996,new=-0.1188188814404163
event=1182:G1_CMAX:action:mode=explore,state=1,draw=0.9773787967005767,action=1
event=1183:G1_CMAX:leader:action=1,fingerprint=[51, 8, 83, 50, 94, 11, 15, 22, 57, 19, 84, 77, 73, 1, 81, 14, 98, 16, 53, 44, 2, 40, 5, 91, 62, 68, 76, 97, 99, 88, 30, 3, 20, 58, 93, 24, 72, 49, 42, 38, 28, 92, 67, 9, 18, 87, 12, 26, 71, 74, 95, 63, 21, 17, 47, 27, 37, 78, 10, 32, 46, 48, 56, 6, 29, 64, 60, 23, 7, 36, 90, 85, 52, 59, 61, 54, 89, 41, 4, 33, 55, 96, 82, 80, 75, 31, 45, 35, 43, 39, 66, 0, 34, 69, 65, 79, 25, 13, 86, 70]|[2, 0, 1, 1, 2, 1, 0, 1, 2, 0, 0, 1, 0, 1, 1, 1, 1, 0, 1, 0, 1, 1, 0, 0, 1, 1, 0, 1, 1, 0, 2, 1, 2, 1, 2, 0, 0, 0, 0, 2, 1, 1, 1, 0, 1, 0, 1, 0, 2, 1, 2, 0, 2, 2, 0, 0, 2, 0, 2, 2, 1, 1, 2, 2, 2, 0, 2, 0, 0, 0, 1, 2, 0, 1, 0, 1, 2, 1, 0, 1, 1, 1, 1, 1, 2, 1, 0, 2, 2, 2, 0, 0, 1, 0, 1, 0, 2, 0, 1, 2]|[1, 0, 2, 0, 1, 4, 1, 2, 1, 1, 1, 1, 2, 4, 4, 1, 1, 2, 4, 2, 4, 1, 2, 0, 3, 3, 0, 0, 1, 1, 1, 4, 1, 4, 0, 1, 0, 2, 0, 1, 0, 3, 0, 1, 0, 2, 3, 1, 1, 4, 1, 2, 1, 1, 0, 2, 1, 1, 1, 1, 4, 1, 1, 1, 1, 1, 1, 1, 1, 1, 4, 1, 2, 0, 2, 4, 1, 0, 1, 1, 4, 3, 0, 4, 1, 0, 2, 1, 2, 1, 0, 0, 0, 2, 4, 2, 1, 1, 4, 0]|[0, 0, 1, 1, 0, 2, 0, 2, 0, 0, 0, 0, 1, 0, 0, 1, 0, 1, 3, 1, 2, 0, 0, 0, 3, 1, 0, 1, 0, 1, 0, 3, 0, 0, 0, 1, 0, 1, 0, 1, 3, 1, 1, 0, 1, 1, 0, 0, 0, 2, 0, 0, 0, 0, 1, 1, 0, 0, 0, 0, 0, 2, 0, 0, 0, 0, 0, 0, 0, 0, 3, 0, 1, 1, 0, 3, 0, 1, 1, 2, 3, 3, 2, 0, 0, 1, 0, 0, 1, 0, 0, 0, 1, 0, 0, 1, 0, 0, 0, 1]
event=1184:G4_BALANCED:action:mode=explore,state=1,draw=0.8328344776320424,action=0
event=1185:G4_BALANCED:leader:action=0,fingerprint=[51, 8, 83, 31, 94, 11, 15, 22, 57, 19, 84, 77, 73, 1, 81, 14, 98, 79, 3, 16, 2, 99, 5, 91, 62, 43, 68, 76, 97, 40, 27, 30, 53, 20, 58, 93, 24, 72, 49, 59, 38, 28, 92, 67, 9, 18, 17, 87, 12, 26, 71, 74, 95, 63, 4, 47, 88, 37, 96, 23, 78, 10, 66, 6, 48, 56, 29, 64, 60, 46, 7, 36, 34, 85, 52, 55, 61, 86, 89, 41, 32, 39, 33, 42, 75, 80, 54, 25, 35, 70, 44, 50, 0, 21, 69, 82, 65, 13, 90, 45]|[2, 0, 1, 1, 2, 1, 0, 1, 2, 0, 0, 1, 0, 2, 1, 1, 0, 2, 1, 0, 1, 1, 0, 0, 1, 2, 1, 0, 1, 1, 0, 2, 1, 0, 1, 2, 2, 0, 0, 0, 2, 1, 1, 1, 0, 2, 2, 0, 1, 0, 2, 1, 2, 0, 2, 0, 2, 2, 1, 2, 0, 2, 1, 2, 0, 1, 2, 2, 2, 1, 0, 0, 0, 1, 0, 1, 2, 1, 2, 1, 0, 1, 1, 0, 2, 1, 2, 2, 2, 0, 0, 2, 0, 1, 0, 1, 2, 2, 1, 0]|[2, 2, 2, 2, 2, 4, 1, 2, 1, 1, 0, 4, 2, 2, 4, 1, 0, 1, 4, 2, 4, 1, 1, 0, 3, 2, 3, 0, 0, 1, 1, 0, 4, 2, 4, 0, 2, 0, 2, 0, 1, 0, 3, 3, 2, 2, 1, 2, 3, 1, 1, 4, 1, 2, 1, 0, 1, 1, 3, 1, 1, 1, 4, 1, 1, 0, 1, 1, 1, 4, 1, 1, 0, 0, 2, 4, 1, 4, 1, 0, 2, 4, 4, 2, 1, 4, 1, 1, 1, 1, 1, 1, 2, 4, 2, 0, 1, 1, 0, 2]|[0, 0, 1, 1, 0, 2, 0, 2, 0, 0, 0, 0, 1, 0, 0, 1, 0, 0, 3, 1, 2, 0, 0, 0, 3, 1, 1, 0, 1, 0, 1, 0, 3, 0, 0, 0, 0, 0, 1, 0, 1, 3, 1, 1, 0, 0, 0, 1, 0, 0, 0, 2, 0, 0, 0, 1, 0, 0, 3, 0, 0, 0, 1, 0, 0, 1, 0, 0, 0, 0, 0, 0, 0, 1, 1, 3, 0, 0, 0, 1, 0, 3, 0, 0, 0, 0, 0, 0, 0, 0, 1, 0, 0, 0, 0, 2, 0, 0, 1, 0]
event=1186:G2_TEC:action:mode=exploit,state=1,draw=0.0027361954976327096,action=0
event=1187:G2_TEC:leader:action=0,fingerprint=[51, 8, 83, 31, 94, 11, 15, 22, 57, 19, 84, 77, 73, 1, 81, 14, 98, 79, 3, 16, 2, 99, 5, 91, 62, 43, 68, 76, 97, 40, 88, 30, 53, 20, 58, 93, 24, 72, 49, 59, 38, 28, 92, 67, 9, 18, 17, 87, 12, 26, 71, 74, 95, 63, 4, 47, 27, 37, 96, 23, 78, 10, 66, 6, 48, 56, 29, 64, 60, 46, 7, 36, 34, 85, 52, 55, 61, 86, 89, 41, 32, 39, 33, 42, 75, 80, 54, 25, 35, 70, 44, 0, 21, 50, 69, 65, 90, 13, 82, 45]|[2, 0, 1, 1, 2, 1, 0, 1, 2, 0, 0, 1, 0, 1, 1, 1, 1, 2, 1, 2, 1, 1, 0, 0, 1, 0, 1, 0, 1, 1, 2, 2, 1, 0, 1, 2, 0, 0, 0, 0, 2, 1, 1, 1, 0, 0, 2, 0, 1, 0, 2, 1, 2, 0, 2, 0, 0, 2, 1, 0, 0, 2, 1, 2, 0, 1, 2, 2, 2, 1, 0, 0, 0, 1, 0, 1, 0, 1, 2, 1, 2, 1, 0, 0, 2, 1, 1, 2, 2, 2, 0, 2, 2, 2, 0, 1, 1, 2, 1, 0]|[2, 2, 2, 2, 2, 4, 1, 2, 1, 1, 0, 4, 2, 4, 4, 1, 1, 1, 4, 1, 4, 1, 1, 0, 3, 1, 3, 0, 0, 1, 1, 0, 4, 2, 4, 0, 0, 0, 2, 0, 1, 0, 3, 0, 1, 1, 1, 2, 3, 1, 1, 4, 1, 2, 1, 0, 2, 1, 3, 1, 1, 1, 4, 1, 1, 0, 1, 1, 1, 4, 1, 1, 0, 0, 2, 4, 0, 4, 1, 0, 1, 4, 1, 2, 1, 4, 4, 1, 1, 1, 1, 1, 1, 1, 2, 4, 0, 1, 0, 2]|[0, 0, 1, 1, 0, 2, 0, 2, 0, 0, 0, 0, 1, 0, 0, 1, 0, 0, 3, 0, 2, 0, 0, 0, 3, 0, 1, 0, 1, 0, 0, 0, 3, 0, 0, 0, 0, 0, 1, 0, 1, 3, 1, 1, 0, 0, 0, 1, 0, 0, 0, 2, 0, 0, 0, 1, 1, 0, 3, 0, 0, 0, 1, 0, 0, 1, 0, 0, 0, 0, 0, 0, 0, 1, 1, 3, 0, 0, 0, 1, 0, 3, 1, 0, 0, 0, 3, 0, 0, 0, 1, 0, 0, 0, 0, 0, 1, 0, 2, 0]
event=1188:G3_TWC:action:mode=exploit,state=1,draw=0.49485729783253196,action=2
event=1189:G3_TWC:tournament:reason=action2,left=57,right=50,selected=[51, 8, 83, 31, 94, 11, 15, 22, 57, 19, 84, 77, 73, 1, 81, 14, 98, 79, 3, 16, 2, 99, 5, 91, 62, 43, 68, 76, 97, 40, 88, 30, 53, 20, 58, 93, 24, 72, 49, 59, 38, 28, 92, 67, 9, 18, 17, 87, 12, 26, 71, 74, 95, 63, 21, 47, 27, 37, 96, 6, 78, 10, 66, 23, 48, 56, 29, 64, 60, 46, 7, 36, 34, 85, 52, 55, 61, 86, 89, 41, 32, 39, 33, 42, 75, 80, 54, 25, 35, 70, 44, 0, 4, 50, 69, 65, 90, 13, 82, 45]|[2, 0, 1, 1, 2, 1, 0, 1, 2, 0, 0, 1, 0, 1, 2, 1, 1, 2, 1, 0, 1, 1, 0, 0, 1, 0, 1, 0, 1, 1, 0, 2, 1, 0, 1, 2, 0, 0, 0, 0, 2, 1, 1, 1, 0, 0, 2, 0, 1, 0, 2, 1, 2, 0, 2, 0, 0, 2, 1, 2, 0, 2, 2, 2, 0, 1, 2, 2, 2, 1, 0, 0, 0, 1, 0, 1, 0, 1, 2, 1, 2, 1, 0, 0, 2, 1, 1, 2, 2, 0, 0, 2, 2, 1, 0, 1, 1, 2, 1, 0]|[2, 2, 2, 2, 2, 4, 1, 2, 1, 1, 0, 4, 2, 4, 1, 1, 1, 1, 4, 2, 4, 1, 1, 0, 3, 1, 3, 0, 0, 1, 1, 0, 4, 2, 4, 0, 1, 0, 2, 0, 1, 0, 3, 0, 1, 1, 1, 2, 3, 1, 1, 4, 1, 2, 1, 0, 2, 1, 3, 1, 1, 1, 1, 1, 1, 0, 1, 1, 1, 4, 1, 1, 0, 0, 2, 4, 0, 4, 1, 0, 1, 4, 1, 2, 1, 4, 4, 1, 1, 1, 1, 1, 1, 0, 2, 4, 4, 1, 0, 2]|[0, 0, 1, 1, 0, 2, 0, 2, 0, 0, 0, 0, 1, 0, 0, 1, 0, 0, 3, 1, 2, 0, 0, 0, 3, 0, 1, 0, 1, 0, 1, 0, 3, 0, 0, 0, 1, 0, 1, 0, 1, 3, 1, 1, 0, 0, 0, 1, 0, 0, 0, 2, 0, 0, 0, 1, 1, 0, 3, 0, 0, 0, 0, 0, 0, 1, 0, 0, 0, 0, 0, 0, 0, 1, 1, 3, 0, 0, 0, 1, 0, 3, 1, 0, 0, 0, 3, 0, 0, 0, 1, 0, 0, 1, 0, 0, 3, 0, 2, 0]
event=1190:G3_TWC:leader:action=2,fingerprint=[51, 8, 83, 31, 94, 11, 15, 22, 57, 19, 84, 77, 73, 1, 81, 14, 98, 79, 3, 16, 2, 99, 5, 91, 62, 43, 68, 76, 97, 40, 88, 30, 53, 20, 58, 93, 24, 72, 49, 59, 38, 28, 92, 67, 9, 18, 17, 87, 12, 26, 71, 74, 95, 63, 21, 47, 27, 37, 96, 6, 78, 10, 66, 23, 48, 56, 29, 64, 60, 46, 7, 36, 34, 85, 52, 55, 61, 86, 89, 41, 32, 39, 33, 42, 75, 80, 54, 25, 35, 70, 44, 0, 4, 50, 69, 65, 90, 13, 82, 45]|[2, 0, 1, 1, 2, 1, 0, 1, 2, 0, 0, 1, 0, 1, 2, 1, 1, 2, 1, 0, 1, 1, 0, 0, 1, 0, 1, 0, 1, 1, 0, 2, 1, 0, 1, 2, 0, 0, 0, 0, 2, 1, 1, 1, 0, 0, 2, 0, 1, 0, 2, 1, 2, 0, 2, 0, 0, 2, 1, 2, 0, 2, 2, 2, 0, 1, 2, 2, 2, 1, 0, 0, 0, 1, 0, 1, 0, 1, 2, 1, 2, 1, 0, 0, 2, 1, 1, 2, 2, 0, 0, 2, 2, 1, 0, 1, 1, 2, 1, 0]|[2, 2, 2, 2, 2, 4, 1, 2, 1, 1, 0, 4, 2, 4, 1, 1, 1, 1, 4, 2, 4, 1, 1, 0, 3, 1, 3, 0, 0, 1, 1, 0, 4, 2, 4, 0, 1, 0, 2, 0, 1, 0, 3, 0, 1, 1, 1, 2, 3, 1, 1, 4, 1, 2, 1, 0, 2, 1, 3, 1, 1, 1, 1, 1, 1, 0, 1, 1, 1, 4, 1, 1, 0, 0, 2, 4, 0, 4, 1, 0, 1, 4, 1, 2, 1, 4, 4, 1, 1, 1, 1, 1, 1, 0, 2, 4, 4, 1, 0, 2]|[0, 0, 1, 1, 0, 2, 0, 2, 0, 0, 0, 0, 1, 0, 0, 1, 0, 0, 3, 1, 2, 0, 0, 0, 3, 0, 1, 0, 1, 0, 1, 0, 3, 0, 0, 0, 1, 0, 1, 0, 1, 3, 1, 1, 0, 0, 0, 1, 0, 0, 0, 2, 0, 0, 0, 1, 1, 0, 3, 0, 0, 0, 0, 0, 0, 1, 0, 0, 0, 0, 0, 0, 0, 1, 1, 3, 0, 0, 0, 1, 0, 3, 1, 0, 0, 0, 3, 0, 0, 0, 1, 0, 0, 1, 0, 0, 3, 0, 2, 0]
event=1191:G1_CMAX:update:state=1,action=1,reward=-73.36121113901902,nextState=1,old=-289.6387056546349,new=-305.072175662727
event=1192:G2_TEC:update:state=1,action=0,reward=-438.31137164795655,nextState=1,old=-1514.0520698487585,new=-1649.5530275269634
event=1193:G3_TWC:update:state=1,action=2,reward=-380.7716520616086,nextState=1,old=-22388.274543062398,new=-18291.391286511527
event=1194:G4_BALANCED:update:state=1,action=0,reward=-0.04746047195483215,nextState=1,old=-0.09100679691190737,new=-0.12026590948435804
event=1195:G1_CMAX:action:mode=exploit,state=1,draw=0.5609953520979339,action=1
event=1196:G1_CMAX:leader:action=1,fingerprint=[51, 8, 83, 50, 94, 11, 15, 22, 57, 19, 84, 77, 73, 1, 81, 14, 98, 16, 53, 44, 2, 40, 5, 91, 62, 68, 76, 97, 99, 88, 30, 3, 20, 58, 93, 24, 72, 49, 42, 38, 28, 92, 67, 9, 18, 87, 12, 26, 71, 74, 95, 63, 21, 17, 47, 27, 37, 78, 10, 32, 46, 48, 56, 6, 29, 64, 60, 23, 7, 36, 90, 85, 52, 59, 61, 54, 89, 41, 4, 33, 55, 96, 82, 80, 75, 31, 45, 35, 43, 39, 66, 0, 34, 69, 65, 79, 25, 13, 86, 70]|[2, 0, 1, 1, 2, 1, 0, 1, 2, 0, 0, 1, 0, 1, 1, 1, 1, 0, 1, 0, 1, 1, 0, 0, 1, 1, 0, 1, 1, 0, 2, 1, 2, 1, 2, 0, 0, 0, 0, 2, 1, 1, 1, 0, 1, 0, 1, 0, 2, 1, 2, 0, 2, 2, 0, 0, 2, 0, 2, 2, 1, 1, 2, 2, 2, 0, 2, 0, 0, 0, 1, 2, 0, 1, 0, 1, 2, 1, 0, 1, 1, 1, 1, 1, 2, 1, 0, 2, 2, 2, 0, 0, 1, 0, 1, 0, 2, 0, 1, 2]|[1, 0, 2, 0, 1, 4, 1, 2, 1, 1, 1, 1, 2, 4, 4, 1, 1, 2, 4, 2, 4, 1, 2, 0, 3, 3, 0, 0, 1, 1, 1, 4, 1, 4, 0, 1, 0, 2, 0, 1, 0, 3, 0, 1, 0, 2, 3, 1, 1, 4, 1, 2, 1, 1, 0, 2, 1, 1, 1, 1, 4, 1, 1, 1, 1, 1, 1, 1, 1, 1, 4, 1, 2, 0, 2, 4, 1, 0, 1, 1, 4, 3, 0, 4, 1, 0, 2, 1, 2, 1, 0, 0, 0, 2, 4, 2, 1, 1, 4, 0]|[0, 0, 1, 1, 0, 2, 0, 2, 0, 0, 0, 0, 1, 0, 0, 1, 0, 1, 3, 1, 2, 0, 0, 0, 3, 1, 0, 1, 0, 1, 0, 3, 0, 0, 0, 1, 0, 1, 0, 1, 3, 1, 1, 0, 1, 1, 0, 0, 0, 2, 0, 0, 0, 0, 1, 1, 0, 0, 0, 0, 0, 2, 0, 0, 0, 0, 0, 0, 0, 0, 3, 0, 1, 1, 0, 3, 0, 1, 1, 2, 3, 3, 2, 0, 0, 1, 0, 0, 1, 0, 0, 0, 1, 0, 0, 1, 0, 0, 0, 1]
event=1197:G4_BALANCED:action:mode=exploit,state=1,draw=0.5806854240442993,action=2
event=1198:G4_BALANCED:tournament:reason=action2,left=4,right=48,selected=[51, 8, 83, 31, 94, 11, 15, 22, 57, 19, 84, 77, 73, 1, 81, 14, 98, 79, 3, 16, 2, 99, 5, 91, 62, 43, 68, 76, 97, 40, 88, 30, 53, 20, 58, 93, 24, 72, 49, 59, 38, 28, 92, 67, 9, 18, 17, 87, 12, 26, 71, 74, 95, 63, 4, 47, 27, 37, 96, 23, 78, 10, 66, 6, 48, 56, 29, 64, 60, 46, 7, 36, 34, 85, 52, 55, 61, 86, 89, 41, 32, 39, 33, 42, 75, 80, 54, 25, 35, 70, 44, 0, 90, 50, 69, 21, 65, 13, 82, 45]|[2, 0, 1, 1, 2, 1, 0, 1, 2, 0, 0, 1, 0, 1, 1, 2, 1, 2, 1, 2, 1, 1, 0, 0, 1, 2, 1, 0, 1, 1, 0, 2, 1, 0, 1, 2, 2, 0, 0, 0, 2, 1, 1, 1, 0, 0, 2, 0, 1, 0, 2, 1, 2, 0, 2, 0, 0, 2, 1, 2, 0, 2, 1, 0, 0, 1, 2, 2, 2, 1, 0, 0, 0, 1, 0, 1, 0, 1, 2, 1, 2, 2, 1, 0, 2, 1, 1, 2, 2, 2, 1, 0, 1, 2, 0, 2, 1, 2, 1, 0]|[2, 2, 2, 2, 2, 4, 1, 2, 1, 1, 0, 4, 2, 4, 4, 2, 1, 1, 4, 1, 4, 1, 1, 0, 3, 2, 3, 0, 0, 1, 1, 0, 4, 2, 4, 0, 2, 0, 2, 0, 1, 0, 3, 0, 1, 1, 1, 2, 3, 1, 1, 4, 1, 2, 1, 0, 2, 1, 3, 1, 1, 1, 4, 0, 1, 0, 1, 1, 1, 4, 1, 1, 0, 4, 2, 4, 0, 4, 1, 0, 1, 1, 4, 2, 1, 4, 4, 1, 1, 1, 0, 2, 0, 1, 2, 1, 4, 1, 0, 2]|[0, 0, 1, 1, 0, 2, 0, 2, 0, 0, 0, 0, 1, 0, 0, 0, 0, 0, 3, 0, 2, 0, 0, 0, 3, 1, 1, 0, 1, 0, 1, 0, 3, 0, 0, 0, 0, 0, 1, 0, 1, 3, 1, 1, 0, 0, 0, 1, 0, 0, 0, 2, 0, 0, 0, 1, 1, 0, 3, 0, 0, 0, 1, 1, 0, 1, 0, 0, 0, 0, 0, 0, 0, 0, 1, 3, 0, 0, 0, 1, 0, 0, 0, 0, 0, 0, 3, 0, 0, 0, 2, 0, 1, 0, 0, 0, 0, 0, 2, 0]
event=1199:G4_BALANCED:leader:action=2,fingerprint=[51, 8, 83, 31, 94, 11, 15, 22, 57, 19, 84, 77, 73, 1, 81, 14, 98, 79, 3, 16, 2, 99, 5, 91, 62, 43, 68, 76, 97, 40, 88, 30, 53, 20, 58, 93, 24, 72, 49, 59, 38, 28, 92, 67, 9, 18, 17, 87, 12, 26, 71, 74, 95, 63, 4, 47, 27, 37, 96, 23, 78, 10, 66, 6, 48, 56, 29, 64, 60, 46, 7, 36, 34, 85, 52, 55, 61, 86, 89, 41, 32, 39, 33, 42, 75, 80, 54, 25, 35, 70, 44, 0, 90, 50, 69, 21, 65, 13, 82, 45]|[2, 0, 1, 1, 2, 1, 0, 1, 2, 0, 0, 1, 0, 1, 1, 2, 1, 2, 1, 2, 1, 1, 0, 0, 1, 2, 1, 0, 1, 1, 0, 2, 1, 0, 1, 2, 2, 0, 0, 0, 2, 1, 1, 1, 0, 0, 2, 0, 1, 0, 2, 1, 2, 0, 2, 0, 0, 2, 1, 2, 0, 2, 1, 0, 0, 1, 2, 2, 2, 1, 0, 0, 0, 1, 0, 1, 0, 1, 2, 1, 2, 2, 1, 0, 2, 1, 1, 2, 2, 2, 1, 0, 1, 2, 0, 2, 1, 2, 1, 0]|[2, 2, 2, 2, 2, 4, 1, 2, 1, 1, 0, 4, 2, 4, 4, 2, 1, 1, 4, 1, 4, 1, 1, 0, 3, 2, 3, 0, 0, 1, 1, 0, 4, 2, 4, 0, 2, 0, 2, 0, 1, 0, 3, 0, 1, 1, 1, 2, 3, 1, 1, 4, 1, 2, 1, 0, 2, 1, 3, 1, 1, 1, 4, 0, 1, 0, 1, 1, 1, 4, 1, 1, 0, 4, 2, 4, 0, 4, 1, 0, 1, 1, 4, 2, 1, 4, 4, 1, 1, 1, 0, 2, 0, 1, 2, 1, 4, 1, 0, 2]|[0, 0, 1, 1, 0, 2, 0, 2, 0, 0, 0, 0, 1, 0, 0, 0, 0, 0, 3, 0, 2, 0, 0, 0, 3, 1, 1, 0, 1, 0, 1, 0, 3, 0, 0, 0, 0, 0, 1, 0, 1, 3, 1, 1, 0, 0, 0, 1, 0, 0, 0, 2, 0, 0, 0, 1, 1, 0, 3, 0, 0, 0, 1, 1, 0, 1, 0, 0, 0, 0, 0, 0, 0, 0, 1, 3, 0, 0, 0, 1, 0, 0, 0, 0, 0, 0, 3, 0, 0, 0, 2, 0, 1, 0, 0, 0, 0, 0, 2, 0]
event=1200:G2_TEC:action:mode=explore,state=1,draw=0.9227428479105945,action=2
event=1201:G2_TEC:tournament:reason=action2,left=39,right=5,selected=[51, 8, 83, 31, 94, 11, 15, 22, 57, 19, 84, 77, 73, 1, 81, 14, 98, 79, 3, 16, 2, 99, 5, 91, 62, 43, 68, 76, 97, 40, 88, 30, 53, 20, 58, 93, 24, 72, 49, 59, 38, 28, 92, 67, 9, 18, 17, 87, 12, 26, 71, 74, 95, 63, 4, 47, 27, 37, 96, 23, 78, 10, 66, 6, 48, 56, 29, 64, 60, 46, 7, 36, 34, 85, 65, 55, 61, 86, 89, 41, 32, 39, 33, 42, 54, 80, 75, 25, 35, 70, 44, 0, 21, 50, 13, 90, 45, 69, 82, 52]|[2, 0, 1, 1, 2, 1, 0, 1, 2, 1, 0, 1, 0, 2, 1, 1, 1, 2, 1, 2, 1, 1, 1, 0, 1, 2, 1, 0, 1, 1, 0, 2, 1, 0, 1, 2, 2, 0, 0, 0, 2, 1, 1, 1, 0, 0, 2, 0, 1, 0, 2, 1, 2, 0, 2, 0, 0, 2, 1, 0, 0, 2, 1, 2, 0, 2, 2, 0, 2, 1, 0, 0, 0, 1, 0, 1, 2, 2, 2, 1, 0, 1, 0, 0, 1, 1, 2, 2, 2, 2, 0, 0, 2, 2, 2, 1, 0, 0, 1, 1]|[2, 2, 2, 2, 2, 4, 1, 2, 1, 4, 0, 1, 2, 2, 4, 1, 1, 1, 4, 1, 4, 1, 0, 0, 3, 2, 3, 0, 0, 1, 1, 0, 4, 2, 4, 0, 2, 0, 2, 0, 1, 0, 3, 0, 2, 1, 1, 2, 3, 1, 1, 4, 1, 2, 1, 0, 2, 1, 3, 1, 1, 1, 4, 1, 1, 1, 1, 2, 1, 4, 1, 1, 0, 0, 2, 4, 1, 1, 1, 0, 2, 4, 1, 2, 4, 4, 1, 1, 1, 1, 1, 2, 1, 1, 1, 0, 2, 2, 0, 4]|[0, 0, 1, 1, 0, 2, 0, 2, 0, 1, 0, 0, 1, 0, 0, 1, 0, 0, 3, 0, 2, 0, 0, 0, 3, 1, 1, 0, 1, 0, 1, 0, 3, 0, 0, 0, 0, 0, 1, 0, 1, 3, 1, 1, 0, 0, 0, 1, 0, 0, 0, 2, 0, 0, 0, 1, 1, 0, 3, 0, 0, 0, 1, 0, 0, 0, 0, 0, 0, 0, 0, 0, 0, 1, 1, 3, 0, 0, 0, 1, 0, 3, 1, 0, 3, 0, 0, 0, 0, 0, 1, 0, 0, 0, 0, 1, 0, 0, 2, 0]
event=1202:G2_TEC:leader:action=2,fingerprint=[51, 8, 83, 31, 94, 11, 15, 22, 57, 19, 84, 77, 73, 1, 81, 14, 98, 79, 3, 16, 2, 99, 5, 91, 62, 43, 68, 76, 97, 40, 88, 30, 53, 20, 58, 93, 24, 72, 49, 59, 38, 28, 92, 67, 9, 18, 17, 87, 12, 26, 71, 74, 95, 63, 4, 47, 27, 37, 96, 23, 78, 10, 66, 6, 48, 56, 29, 64, 60, 46, 7, 36, 34, 85, 65, 55, 61, 86, 89, 41, 32, 39, 33, 42, 54, 80, 75, 25, 35, 70, 44, 0, 21, 50, 13, 90, 45, 69, 82, 52]|[2, 0, 1, 1, 2, 1, 0, 1, 2, 1, 0, 1, 0, 2, 1, 1, 1, 2, 1, 2, 1, 1, 1, 0, 1, 2, 1, 0, 1, 1, 0, 2, 1, 0, 1, 2, 2, 0, 0, 0, 2, 1, 1, 1, 0, 0, 2, 0, 1, 0, 2, 1, 2, 0, 2, 0, 0, 2, 1, 0, 0, 2, 1, 2, 0, 2, 2, 0, 2, 1, 0, 0, 0, 1, 0, 1, 2, 2, 2, 1, 0, 1, 0, 0, 1, 1, 2, 2, 2, 2, 0, 0, 2, 2, 2, 1, 0, 0, 1, 1]|[2, 2, 2, 2, 2, 4, 1, 2, 1, 4, 0, 1, 2, 2, 4, 1, 1, 1, 4, 1, 4, 1, 0, 0, 3, 2, 3, 0, 0, 1, 1, 0, 4, 2, 4, 0, 2, 0, 2, 0, 1, 0, 3, 0, 2, 1, 1, 2, 3, 1, 1, 4, 1, 2, 1, 0, 2, 1, 3, 1, 1, 1, 4, 1, 1, 1, 1, 2, 1, 4, 1, 1, 0, 0, 2, 4, 1, 1, 1, 0, 2, 4, 1, 2, 4, 4, 1, 1, 1, 1, 1, 2, 1, 1, 1, 0, 2, 2, 0, 4]|[0, 0, 1, 1, 0, 2, 0, 2, 0, 1, 0, 0, 1, 0, 0, 1, 0, 0, 3, 0, 2, 0, 0, 0, 3, 1, 1, 0, 1, 0, 1, 0, 3, 0, 0, 0, 0, 0, 1, 0, 1, 3, 1, 1, 0, 0, 0, 1, 0, 0, 0, 2, 0, 0, 0, 1, 1, 0, 3, 0, 0, 0, 1, 0, 0, 0, 0, 0, 0, 0, 0, 0, 0, 1, 1, 3, 0, 0, 0, 1, 0, 3, 1, 0, 3, 0, 0, 0, 0, 0, 1, 0, 0, 0, 0, 1, 0, 0, 2, 0]
event=1203:G3_TWC:action:mode=explore,state=1,draw=0.925630040405567,action=2
event=1204:G3_TWC:tournament:reason=action2,left=60,right=67,selected=[51, 8, 83, 31, 94, 11, 15, 22, 57, 19, 84, 77, 73, 1, 81, 14, 98, 79, 3, 16, 2, 99, 5, 91, 62, 43, 68, 76, 97, 40, 88, 30, 53, 20, 58, 93, 24, 72, 49, 59, 38, 28, 92, 67, 9, 18, 17, 87, 12, 26, 71, 74, 95, 63, 4, 47, 27, 37, 96, 6, 78, 10, 32, 23, 48, 56, 29, 64, 60, 46, 7, 36, 34, 85, 52, 55, 61, 86, 89, 41, 66, 39, 33, 42, 75, 80, 54, 25, 35, 70, 82, 0, 90, 50, 69, 21, 65, 13, 44, 45]|[2, 0, 1, 1, 2, 1, 0, 1, 2, 0, 0, 1, 0, 1, 1, 1, 0, 2, 1, 0, 1, 1, 0, 0, 1, 2, 1, 0, 1, 1, 0, 2, 1, 0, 1, 2, 2, 0, 0, 0, 2, 1, 1, 1, 0, 0, 2, 0, 1, 0, 2, 1, 2, 0, 2, 0, 0, 2, 1, 2, 0, 2, 2, 2, 0, 2, 2, 2, 2, 1, 0, 0, 0, 1, 0, 1, 2, 1, 2, 1, 1, 2, 0, 0, 2, 1, 1, 2, 2, 0, 1, 0, 0, 2, 0, 2, 1, 2, 0, 0]|[2, 2, 2, 2, 2, 4, 1, 2, 1, 1, 0, 4, 2, 4, 4, 1, 0, 1, 4, 2, 4, 1, 1, 0, 3, 2, 3, 0, 0, 1, 1, 0, 4, 2, 4, 0, 2, 0, 2, 0, 1, 0, 3, 0, 2, 1, 1, 2, 3, 1, 1, 4, 1, 2, 1, 0, 2, 1, 3, 1, 1, 1, 1, 1, 1, 1, 1, 1, 1, 4, 1, 1, 0, 0, 2, 4, 1, 4, 1, 0, 4, 1, 1, 2, 1, 4, 4, 1, 1, 1, 0, 2, 2, 1, 2, 1, 4, 1, 1, 2]|[0, 0, 1, 1, 0, 2, 0, 2, 0, 0, 0, 0, 1, 0, 0, 1, 0, 0, 3, 1, 2, 0, 0, 0, 3, 1, 1, 0, 1, 0, 1, 0, 3, 0, 0, 0, 0, 0, 1, 0, 1, 3, 1, 1, 0, 0, 0, 1, 0, 0, 0, 2, 0, 0, 0, 1, 1, 0, 3, 0, 0, 0, 0, 0, 0, 0, 0, 0, 0, 0, 0, 0, 0, 1, 1, 3, 0, 0, 0, 1, 1, 0, 0, 0, 0, 0, 3, 0, 0, 0, 2, 0, 1, 0, 0, 0, 0, 0, 1, 0]
event=1205:G3_TWC:leader:action=2,fingerprint=[51, 8, 83, 31, 94, 11, 15, 22, 57, 19, 84, 77, 73, 1, 81, 14, 98, 79, 3, 16, 2, 99, 5, 91, 62, 43, 68, 76, 97, 40, 88, 30, 53, 20, 58, 93, 24, 72, 49, 59, 38, 28, 92, 67, 9, 18, 17, 87, 12, 26, 71, 74, 95, 63, 4, 47, 27, 37, 96, 6, 78, 10, 32, 23, 48, 56, 29, 64, 60, 46, 7, 36, 34, 85, 52, 55, 61, 86, 89, 41, 66, 39, 33, 42, 75, 80, 54, 25, 35, 70, 82, 0, 90, 50, 69, 21, 65, 13, 44, 45]|[2, 0, 1, 1, 2, 1, 0, 1, 2, 0, 0, 1, 0, 1, 1, 1, 0, 2, 1, 0, 1, 1, 0, 0, 1, 2, 1, 0, 1, 1, 0, 2, 1, 0, 1, 2, 2, 0, 0, 0, 2, 1, 1, 1, 0, 0, 2, 0, 1, 0, 2, 1, 2, 0, 2, 0, 0, 2, 1, 2, 0, 2, 2, 2, 0, 2, 2, 2, 2, 1, 0, 0, 0, 1, 0, 1, 2, 1, 2, 1, 1, 2, 0, 0, 2, 1, 1, 2, 2, 0, 1, 0, 0, 2, 0, 2, 1, 2, 0, 0]|[2, 2, 2, 2, 2, 4, 1, 2, 1, 1, 0, 4, 2, 4, 4, 1, 0, 1, 4, 2, 4, 1, 1, 0, 3, 2, 3, 0, 0, 1, 1, 0, 4, 2, 4, 0, 2, 0, 2, 0, 1, 0, 3, 0, 2, 1, 1, 2, 3, 1, 1, 4, 1, 2, 1, 0, 2, 1, 3, 1, 1, 1, 1, 1, 1, 1, 1, 1, 1, 4, 1, 1, 0, 0, 2, 4, 1, 4, 1, 0, 4, 1, 1, 2, 1, 4, 4, 1, 1, 1, 0, 2, 2, 1, 2, 1, 4, 1, 1, 2]|[0, 0, 1, 1, 0, 2, 0, 2, 0, 0, 0, 0, 1, 0, 0, 1, 0, 0, 3, 1, 2, 0, 0, 0, 3, 1, 1, 0, 1, 0, 1, 0, 3, 0, 0, 0, 0, 0, 1, 0, 1, 3, 1, 1, 0, 0, 0, 1, 0, 0, 0, 2, 0, 0, 0, 1, 1, 0, 3, 0, 0, 0, 0, 0, 0, 0, 0, 0, 0, 0, 0, 0, 0, 1, 1, 3, 0, 0, 0, 1, 1, 0, 0, 0, 0, 0, 3, 0, 0, 0, 2, 0, 1, 0, 0, 0, 0, 0, 1, 0]
event=1206:G1_CMAX:update:state=1,action=1,reward=-51.37314793128951,nextState=1,old=-305.072175662727,new=-295.4308884614711
event=1207:G2_TEC:update:state=1,action=2,reward=-596.5241677697995,nextState=1,old=-1783.4982654598361,new=-1892.5526642612094
event=1208:G3_TWC:update:state=1,action=2,reward=-2947.6356731534033,nextState=1,old=-18291.391286511527,new=-17580.748702362624
event=1209:G4_BALANCED:update:state=1,action=2,reward=-0.05416056726491591,nextState=1,old=-0.10443421846764786,new=-0.1377079420390342
event=1210:G1_CMAX:action:mode=exploit,state=1,draw=0.11498686484855247,action=1
event=1211:G1_CMAX:leader:action=1,fingerprint=[51, 8, 83, 50, 94, 11, 15, 22, 57, 19, 84, 77, 73, 1, 81, 14, 98, 16, 53, 44, 2, 40, 5, 91, 62, 68, 76, 97, 99, 88, 30, 3, 20, 58, 93, 24, 72, 49, 42, 38, 28, 92, 67, 9, 18, 87, 12, 26, 71, 74, 95, 63, 21, 17, 47, 27, 37, 78, 10, 32, 46, 48, 56, 6, 29, 64, 60, 23, 7, 36, 90, 85, 52, 59, 61, 54, 89, 41, 4, 33, 55, 96, 82, 80, 75, 31, 45, 35, 43, 39, 66, 0, 34, 69, 65, 79, 25, 13, 86, 70]|[2, 0, 1, 1, 2, 1, 0, 1, 2, 0, 0, 1, 0, 1, 1, 1, 1, 0, 1, 0, 1, 1, 0, 0, 1, 1, 0, 1, 1, 0, 2, 1, 2, 1, 2, 0, 0, 0, 0, 2, 1, 1, 1, 0, 1, 0, 1, 0, 2, 1, 2, 0, 2, 2, 0, 0, 2, 0, 2, 2, 1, 1, 2, 2, 2, 0, 2, 0, 0, 0, 1, 2, 0, 1, 0, 1, 2, 1, 0, 1, 1, 1, 1, 1, 2, 1, 0, 2, 2, 2, 0, 0, 1, 0, 1, 0, 2, 0, 1, 2]|[1, 0, 2, 0, 1, 4, 1, 2, 1, 1, 1, 1, 2, 4, 4, 1, 1, 2, 4, 2, 4, 1, 2, 0, 3, 3, 0, 0, 1, 1, 1, 4, 1, 4, 0, 1, 0, 2, 0, 1, 0, 3, 0, 1, 0, 2, 3, 1, 1, 4, 1, 2, 1, 1, 0, 2, 1, 1, 1, 1, 4, 1, 1, 1, 1, 1, 1, 1, 1, 1, 4, 1, 2, 0, 2, 4, 1, 0, 1, 1, 4, 3, 0, 4, 1, 0, 2, 1, 2, 1, 0, 0, 0, 2, 4, 2, 1, 1, 4, 0]|[0, 0, 1, 1, 0, 2, 0, 2, 0, 0, 0, 0, 1, 0, 0, 1, 0, 1, 3, 1, 2, 0, 0, 0, 3, 1, 0, 1, 0, 1, 0, 3, 0, 0, 0, 1, 0, 1, 0, 1, 3, 1, 1, 0, 1, 1, 0, 0, 0, 2, 0, 0, 0, 0, 1, 1, 0, 0, 0, 0, 0, 2, 0, 0, 0, 0, 0, 0, 0, 0, 3, 0, 1, 1, 0, 3, 0, 1, 1, 2, 3, 3, 2, 0, 0, 1, 0, 0, 1, 0, 0, 0, 1, 0, 0, 1, 0, 0, 0, 1]
event=1212:G4_BALANCED:action:mode=exploit,state=1,draw=0.5978854450516721,action=1
event=1213:G4_BALANCED:leader:action=1,fingerprint=[51, 8, 83, 31, 94, 11, 15, 22, 57, 19, 84, 77, 73, 1, 81, 14, 98, 79, 3, 16, 2, 99, 5, 91, 62, 43, 68, 76, 97, 40, 27, 30, 53, 20, 58, 93, 24, 72, 49, 59, 38, 28, 92, 67, 9, 18, 17, 87, 12, 26, 71, 74, 95, 63, 4, 47, 88, 37, 96, 23, 78, 10, 66, 6, 48, 56, 29, 64, 60, 46, 7, 36, 34, 85, 52, 55, 61, 86, 89, 41, 32, 39, 33, 42, 75, 80, 54, 25, 35, 70, 44, 50, 0, 21, 69, 82, 65, 13, 90, 45]|[2, 0, 1, 1, 2, 1, 0, 1, 2, 0, 0, 1, 0, 2, 1, 1, 0, 2, 1, 0, 1, 1, 0, 0, 1, 2, 1, 0, 1, 1, 0, 2, 1, 0, 1, 2, 2, 0, 0, 0, 2, 1, 1, 1, 0, 2, 2, 0, 1, 0, 2, 1, 2, 0, 2, 0, 2, 2, 1, 2, 0, 2, 1, 2, 0, 1, 2, 2, 2, 1, 0, 0, 0, 1, 0, 1, 2, 1, 2, 1, 0, 1, 1, 0, 2, 1, 2, 2, 2, 0, 0, 2, 0, 1, 0, 1, 2, 2, 1, 0]|[2, 2, 2, 2, 2, 4, 1, 2, 1, 1, 0, 4, 2, 2, 4, 1, 0, 1, 4, 2, 4, 1, 1, 0, 3, 2, 3, 0, 0, 1, 1, 0, 4, 2, 4, 0, 2, 0, 2, 0, 1, 0, 3, 3, 2, 2, 1, 2, 3, 1, 1, 4, 1, 2, 1, 0, 1, 1, 3, 1, 1, 1, 4, 1, 1, 0, 1, 1, 1, 4, 1, 1, 0, 0, 2, 4, 1, 4, 1, 0, 2, 4, 4, 2, 1, 4, 1, 1, 1, 1, 1, 1, 2, 4, 2, 0, 1, 1, 0, 2]|[0, 0, 1, 1, 0, 2, 0, 2, 0, 0, 0, 0, 1, 0, 0, 1, 0, 0, 3, 1, 2, 0, 0, 0, 3, 1, 1, 0, 1, 0, 1, 0, 3, 0, 0, 0, 0, 0, 1, 0, 1, 3, 1, 1, 0, 0, 0, 1, 0, 0, 0, 2, 0, 0, 0, 1, 0, 0, 3, 0, 0, 0, 1, 0, 0, 1, 0, 0, 0, 0, 0, 0, 0, 1, 1, 3, 0, 0, 0, 1, 0, 3, 0, 0, 0, 0, 0, 0, 0, 0, 1, 0, 0, 0, 0, 2, 0, 0, 1, 0]
event=1214:G2_TEC:action:mode=exploit,state=1,draw=0.3591014541228068,action=1
event=1215:G2_TEC:leader:action=1,fingerprint=[51, 8, 83, 31, 94, 11, 15, 22, 57, 19, 84, 77, 73, 1, 81, 14, 98, 79, 3, 16, 2, 99, 5, 91, 62, 43, 68, 76, 97, 40, 88, 30, 53, 20, 58, 93, 24, 72, 49, 59, 38, 28, 92, 67, 9, 18, 17, 87, 12, 26, 71, 74, 95, 63, 4, 47, 27, 37, 96, 23, 78, 10, 66, 6, 48, 56, 29, 64, 60, 46, 7, 36, 34, 85, 52, 55, 61, 86, 89, 41, 32, 39, 33, 42, 75, 80, 54, 25, 35, 70, 44, 0, 21, 50, 69, 65, 90, 13, 82, 45]|[2, 0, 1, 1, 2, 1, 0, 1, 2, 0, 0, 1, 0, 1, 1, 1, 1, 2, 1, 2, 1, 1, 0, 0, 1, 0, 1, 0, 1, 1, 2, 2, 1, 0, 1, 2, 0, 0, 0, 0, 2, 1, 1, 1, 0, 0, 2, 0, 1, 0, 2, 1, 2, 0, 2, 0, 0, 2, 1, 0, 0, 2, 1, 2, 0, 1, 2, 2, 2, 1, 0, 0, 0, 1, 0, 1, 0, 1, 2, 1, 2, 1, 0, 0, 2, 1, 1, 2, 2, 2, 0, 2, 2, 2, 0, 1, 1, 2, 1, 0]|[2, 2, 2, 2, 2, 4, 1, 2, 1, 1, 0, 4, 2, 4, 4, 1, 1, 1, 4, 1, 4, 1, 1, 0, 3, 1, 3, 0, 0, 1, 1, 0, 4, 2, 4, 0, 0, 0, 2, 0, 1, 0, 3, 0, 1, 1, 1, 2, 3, 1, 1, 4, 1, 2, 1, 0, 2, 1, 3, 1, 1, 1, 4, 1, 1, 0, 1, 1, 1, 4, 1, 1, 0, 0, 2, 4, 0, 4, 1, 0, 1, 4, 1, 2, 1, 4, 4, 1, 1, 1, 1, 1, 1, 1, 2, 4, 0, 1, 0, 2]|[0, 0, 1, 1, 0, 2, 0, 2, 0, 0, 0, 0, 1, 0, 0, 1, 0, 0, 3, 0, 2, 0, 0, 0, 3, 0, 1, 0, 1, 0, 0, 0, 3, 0, 0, 0, 0, 0, 1, 0, 1, 3, 1, 1, 0, 0, 0, 1, 0, 0, 0, 2, 0, 0, 0, 1, 1, 0, 3, 0, 0, 0, 1, 0, 0, 1, 0, 0, 0, 0, 0, 0, 0, 1, 1, 3, 0, 0, 0, 1, 0, 3, 1, 0, 0, 0, 3, 0, 0, 0, 1, 0, 0, 0, 0, 0, 1, 0, 2, 0]
event=1216:G3_TWC:action:mode=exploit,state=1,draw=0.6681112926629635,action=2
event=1217:G3_TWC:tournament:reason=action2,left=38,right=32,selected=[51, 8, 83, 31, 94, 11, 15, 22, 57, 19, 84, 77, 73, 1, 81, 14, 98, 79, 3, 16, 2, 99, 5, 91, 62, 43, 68, 76, 97, 40, 88, 30, 53, 20, 58, 93, 24, 72, 49, 59, 38, 28, 92, 67, 9, 18, 17, 87, 12, 26, 71, 74, 95, 63, 4, 47, 27, 37, 96, 23, 78, 10, 66, 6, 48, 56, 29, 64, 60, 46, 7, 36, 34, 85, 65, 55, 61, 86, 89, 41, 32, 39, 33, 42, 54, 80, 75, 25, 35, 70, 44, 0, 21, 50, 13, 90, 45, 69, 82, 52]|[2, 0, 1, 1, 2, 1, 0, 1, 2, 1, 0, 1, 0, 2, 1, 1, 1, 2, 1, 2, 1, 1, 1, 0, 1, 2, 1, 0, 1, 1, 0, 2, 1, 0, 1, 2, 2, 0, 0, 0, 2, 1, 1, 1, 0, 0, 2, 0, 1, 0, 2, 1, 2, 0, 2, 0, 0, 2, 1, 0, 0, 2, 1, 2, 0, 2, 2, 0, 2, 1, 0, 0, 0, 1, 0, 1, 2, 2, 2, 1, 0, 1, 0, 0, 1, 1, 2, 2, 2, 2, 0, 0, 2, 2, 2, 1, 0, 0, 1, 1]|[2, 2, 2, 2, 2, 4, 1, 2, 1, 4, 0, 1, 2, 2, 4, 1, 1, 1, 4, 1, 4, 1, 0, 0, 3, 2, 3, 0, 0, 1, 1, 0, 4, 2, 4, 0, 2, 0, 2, 0, 1, 0, 3, 0, 2, 1, 1, 2, 3, 1, 1, 4, 1, 2, 1, 0, 2, 1, 3, 1, 1, 1, 4, 1, 1, 1, 1, 2, 1, 4, 1, 1, 0, 0, 2, 4, 1, 1, 1, 0, 2, 4, 1, 2, 4, 4, 1, 1, 1, 1, 1, 2, 1, 1, 1, 0, 2, 2, 0, 4]|[0, 0, 1, 1, 0, 2, 0, 2, 0, 1, 0, 0, 1, 0, 0, 1, 0, 0, 3, 0, 2, 0, 0, 0, 3, 1, 1, 0, 1, 0, 1, 0, 3, 0, 0, 0, 0, 0, 1, 0, 1, 3, 1, 1, 0, 0, 0, 1, 0, 0, 0, 2, 0, 0, 0, 1, 1, 0, 3, 0, 0, 0, 1, 0, 0, 0, 0, 0, 0, 0, 0, 0, 0, 1, 1, 3, 0, 0, 0, 1, 0, 3, 1, 0, 3, 0, 0, 0, 0, 0, 1, 0, 0, 0, 0, 1, 0, 0, 2, 0]
event=1218:G3_TWC:leader:action=2,fingerprint=[51, 8, 83, 31, 94, 11, 15, 22, 57, 19, 84, 77, 73, 1, 81, 14, 98, 79, 3, 16, 2, 99, 5, 91, 62, 43, 68, 76, 97, 40, 88, 30, 53, 20, 58, 93, 24, 72, 49, 59, 38, 28, 92, 67, 9, 18, 17, 87, 12, 26, 71, 74, 95, 63, 4, 47, 27, 37, 96, 23, 78, 10, 66, 6, 48, 56, 29, 64, 60, 46, 7, 36, 34, 85, 65, 55, 61, 86, 89, 41, 32, 39, 33, 42, 54, 80, 75, 25, 35, 70, 44, 0, 21, 50, 13, 90, 45, 69, 82, 52]|[2, 0, 1, 1, 2, 1, 0, 1, 2, 1, 0, 1, 0, 2, 1, 1, 1, 2, 1, 2, 1, 1, 1, 0, 1, 2, 1, 0, 1, 1, 0, 2, 1, 0, 1, 2, 2, 0, 0, 0, 2, 1, 1, 1, 0, 0, 2, 0, 1, 0, 2, 1, 2, 0, 2, 0, 0, 2, 1, 0, 0, 2, 1, 2, 0, 2, 2, 0, 2, 1, 0, 0, 0, 1, 0, 1, 2, 2, 2, 1, 0, 1, 0, 0, 1, 1, 2, 2, 2, 2, 0, 0, 2, 2, 2, 1, 0, 0, 1, 1]|[2, 2, 2, 2, 2, 4, 1, 2, 1, 4, 0, 1, 2, 2, 4, 1, 1, 1, 4, 1, 4, 1, 0, 0, 3, 2, 3, 0, 0, 1, 1, 0, 4, 2, 4, 0, 2, 0, 2, 0, 1, 0, 3, 0, 2, 1, 1, 2, 3, 1, 1, 4, 1, 2, 1, 0, 2, 1, 3, 1, 1, 1, 4, 1, 1, 1, 1, 2, 1, 4, 1, 1, 0, 0, 2, 4, 1, 1, 1, 0, 2, 4, 1, 2, 4, 4, 1, 1, 1, 1, 1, 2, 1, 1, 1, 0, 2, 2, 0, 4]|[0, 0, 1, 1, 0, 2, 0, 2, 0, 1, 0, 0, 1, 0, 0, 1, 0, 0, 3, 0, 2, 0, 0, 0, 3, 1, 1, 0, 1, 0, 1, 0, 3, 0, 0, 0, 0, 0, 1, 0, 1, 3, 1, 1, 0, 0, 0, 1, 0, 0, 0, 2, 0, 0, 0, 1, 1, 0, 3, 0, 0, 0, 1, 0, 0, 0, 0, 0, 0, 0, 0, 0, 0, 1, 1, 3, 0, 0, 0, 1, 0, 3, 1, 0, 3, 0, 0, 0, 0, 0, 1, 0, 0, 0, 0, 1, 0, 0, 2, 0]
event=1219:G1_CMAX:update:state=1,action=1,reward=-75.91885855035036,nextState=1,old=-295.4308884614711,new=-312.2635693195273
event=1220:G2_TEC:update:state=1,action=1,reward=-381.9577778030216,nextState=1,old=-1620.0356206142624,new=-1677.9862742944315
event=1221:G3_TWC:update:state=1,action=2,reward=-3298.0023766496597,nextState=1,old=-17580.748702362624,new=-17362.60133853976
event=1222:G4_BALANCED:update:state=1,action=1,reward=-0.04696840349552427,nextState=1,old=-0.1188188814404163,new=-0.14202350864785732
event=1223:G1_CMAX:action:mode=exploit,state=1,draw=0.7181985505405257,action=1
event=1224:G1_CMAX:leader:action=1,fingerprint=[51, 8, 83, 50, 94, 11, 15, 22, 57, 19, 84, 77, 73, 1, 81, 14, 98, 16, 53, 44, 2, 40, 5, 91, 62, 68, 76, 97, 99, 88, 30, 3, 20, 58, 93, 24, 72, 49, 42, 38, 28, 92, 67, 9, 18, 87, 12, 26, 71, 74, 95, 63, 21, 17, 47, 27, 37, 78, 10, 32, 46, 48, 56, 6, 29, 64, 60, 23, 7, 36, 90, 85, 52, 59, 61, 54, 89, 41, 4, 33, 55, 96, 82, 80, 75, 31, 45, 35, 43, 39, 66, 0, 34, 69, 65, 79, 25, 13, 86, 70]|[2, 0, 1, 1, 2, 1, 0, 1, 2, 0, 0, 1, 0, 1, 1, 1, 1, 0, 1, 0, 1, 1, 0, 0, 1, 1, 0, 1, 1, 0, 2, 1, 2, 1, 2, 0, 0, 0, 0, 2, 1, 1, 1, 0, 1, 0, 1, 0, 2, 1, 2, 0, 2, 2, 0, 0, 2, 0, 2, 2, 1, 1, 2, 2, 2, 0, 2, 0, 0, 0, 1, 2, 0, 1, 0, 1, 2, 1, 0, 1, 1, 1, 1, 1, 2, 1, 0, 2, 2, 2, 0, 0, 1, 0, 1, 0, 2, 0, 1, 2]|[1, 0, 2, 0, 1, 4, 1, 2, 1, 1, 1, 1, 2, 4, 4, 1, 1, 2, 4, 2, 4, 1, 2, 0, 3, 3, 0, 0, 1, 1, 1, 4, 1, 4, 0, 1, 0, 2, 0, 1, 0, 3, 0, 1, 0, 2, 3, 1, 1, 4, 1, 2, 1, 1, 0, 2, 1, 1, 1, 1, 4, 1, 1, 1, 1, 1, 1, 1, 1, 1, 4, 1, 2, 0, 2, 4, 1, 0, 1, 1, 4, 3, 0, 4, 1, 0, 2, 1, 2, 1, 0, 0, 0, 2, 4, 2, 1, 1, 4, 0]|[0, 0, 1, 1, 0, 2, 0, 2, 0, 0, 0, 0, 1, 0, 0, 1, 0, 1, 3, 1, 2, 0, 0, 0, 3, 1, 0, 1, 0, 1, 0, 3, 0, 0, 0, 1, 0, 1, 0, 1, 3, 1, 1, 0, 1, 1, 0, 0, 0, 2, 0, 0, 0, 0, 1, 1, 0, 0, 0, 0, 0, 2, 0, 0, 0, 0, 0, 0, 0, 0, 3, 0, 1, 1, 0, 3, 0, 1, 1, 2, 3, 3, 2, 0, 0, 1, 0, 0, 1, 0, 0, 0, 1, 0, 0, 1, 0, 0, 0, 1]
event=1225:G4_BALANCED:action:mode=exploit,state=1,draw=0.21022142640884167,action=0
event=1226:G4_BALANCED:leader:action=0,fingerprint=[51, 8, 83, 31, 94, 11, 15, 22, 57, 19, 84, 77, 73, 1, 81, 14, 98, 79, 3, 16, 2, 99, 5, 91, 62, 43, 68, 76, 97, 40, 27, 30, 53, 20, 58, 93, 24, 72, 49, 59, 38, 28, 92, 67, 9, 18, 17, 87, 12, 26, 71, 74, 95, 63, 4, 47, 88, 37, 96, 23, 78, 10, 66, 6, 48, 56, 29, 64, 60, 46, 7, 36, 34, 85, 52, 55, 61, 86, 89, 41, 32, 39, 33, 42, 75, 80, 54, 25, 35, 70, 44, 50, 0, 21, 69, 82, 65, 13, 90, 45]|[2, 0, 1, 1, 2, 1, 0, 1, 2, 0, 0, 1, 0, 2, 1, 1, 0, 2, 1, 0, 1, 1, 0, 0, 1, 2, 1, 0, 1, 1, 0, 2, 1, 0, 1, 2, 2, 0, 0, 0, 2, 1, 1, 1, 0, 2, 2, 0, 1, 0, 2, 1, 2, 0, 2, 0, 2, 2, 1, 2, 0, 2, 1, 2, 0, 1, 2, 2, 2, 1, 0, 0, 0, 1, 0, 1, 2, 1, 2, 1, 0, 1, 1, 0, 2, 1, 2, 2, 2, 0, 0, 2, 0, 1, 0, 1, 2, 2, 1, 0]|[2, 2, 2, 2, 2, 4, 1, 2, 1, 1, 0, 4, 2, 2, 4, 1, 0, 1, 4, 2, 4, 1, 1, 0, 3, 2, 3, 0, 0, 1, 1, 0, 4, 2, 4, 0, 2, 0, 2, 0, 1, 0, 3, 3, 2, 2, 1, 2, 3, 1, 1, 4, 1, 2, 1, 0, 1, 1, 3, 1, 1, 1, 4, 1, 1, 0, 1, 1, 1, 4, 1, 1, 0, 0, 2, 4, 1, 4, 1, 0, 2, 4, 4, 2, 1, 4, 1, 1, 1, 1, 1, 1, 2, 4, 2, 0, 1, 1, 0, 2]|[0, 0, 1, 1, 0, 2, 0, 2, 0, 0, 0, 0, 1, 0, 0, 1, 0, 0, 3, 1, 2, 0, 0, 0, 3, 1, 1, 0, 1, 0, 1, 0, 3, 0, 0, 0, 0, 0, 1, 0, 1, 3, 1, 1, 0, 0, 0, 1, 0, 0, 0, 2, 0, 0, 0, 1, 0, 0, 3, 0, 0, 0, 1, 0, 0, 1, 0, 0, 0, 0, 0, 0, 0, 1, 1, 3, 0, 0, 0, 1, 0, 3, 0, 0, 0, 0, 0, 0, 0, 0, 1, 0, 0, 0, 0, 2, 0, 0, 1, 0]
event=1227:G2_TEC:action:mode=exploit,state=1,draw=0.3452749904982002,action=0
event=1228:G2_TEC:leader:action=0,fingerprint=[51, 8, 83, 31, 94, 11, 15, 22, 57, 19, 84, 77, 73, 1, 81, 14, 98, 79, 3, 16, 2, 99, 5, 91, 62, 43, 68, 76, 97, 40, 27, 30, 53, 20, 58, 93, 24, 72, 49, 59, 38, 28, 92, 67, 9, 18, 17, 87, 12, 26, 71, 74, 95, 63, 4, 47, 88, 37, 96, 23, 78, 10, 66, 6, 48, 56, 29, 64, 60, 46, 7, 36, 34, 85, 52, 55, 61, 86, 89, 41, 32, 39, 33, 42, 75, 80, 54, 25, 35, 70, 21, 0, 44, 50, 69, 65, 90, 13, 82, 45]|[2, 0, 1, 1, 2, 1, 0, 1, 2, 0, 0, 1, 0, 2, 1, 1, 1, 2, 1, 0, 1, 1, 0, 0, 1, 0, 1, 0, 1, 1, 0, 2, 1, 0, 1, 2, 2, 0, 0, 0, 2, 1, 1, 1, 0, 0, 2, 0, 1, 0, 2, 1, 2, 0, 2, 0, 2, 2, 1, 2, 0, 2, 1, 2, 0, 1, 2, 2, 2, 1, 0, 0, 0, 1, 0, 1, 0, 1, 2, 1, 2, 1, 1, 0, 2, 1, 1, 2, 2, 2, 1, 0, 0, 2, 0, 2, 1, 2, 1, 0]|[2, 2, 2, 2, 2, 4, 1, 2, 1, 1, 0, 4, 2, 2, 4, 1, 1, 1, 4, 2, 4, 1, 1, 0, 3, 1, 3, 0, 0, 1, 1, 0, 4, 2, 4, 0, 2, 0, 2, 0, 1, 0, 3, 0, 1, 1, 1, 2, 3, 1, 1, 4, 1, 2, 1, 0, 1, 1, 3, 1, 1, 1, 4, 1, 1, 0, 1, 1, 1, 4, 1, 1, 0, 0, 2, 4, 0, 4, 1, 0, 1, 4, 4, 2, 1, 4, 4, 1, 1, 1, 4, 2, 1, 1, 2, 1, 0, 1, 0, 2]|[0, 0, 1, 1, 0, 2, 0, 2, 0, 0, 0, 0, 1, 0, 0, 1, 0, 0, 3, 1, 2, 0, 0, 0, 3, 0, 1, 0, 1, 0, 1, 0, 3, 0, 0, 0, 0, 0, 1, 0, 1, 3, 1, 1, 0, 0, 0, 1, 0, 0, 0, 2, 0, 0, 0, 1, 0, 0, 3, 0, 0, 0, 1, 0, 0, 1, 0, 0, 0, 0, 0, 0, 0, 1, 1, 3, 0, 0, 0, 1, 0, 3, 0, 0, 0, 0, 3, 0, 0, 0, 0, 0, 1, 0, 0, 0, 1, 0, 2, 0]
event=1229:G3_TWC:action:mode=explore,state=1,draw=0.8356651108302625,action=0
event=1230:G3_TWC:leader:action=0,fingerprint=[51, 8, 83, 31, 94, 11, 15, 22, 57, 19, 84, 77, 73, 1, 81, 14, 98, 79, 3, 16, 2, 99, 5, 91, 62, 43, 68, 76, 97, 40, 88, 30, 53, 20, 58, 93, 24, 72, 49, 59, 38, 28, 92, 67, 9, 18, 17, 87, 12, 26, 71, 74, 95, 63, 4, 47, 27, 37, 96, 23, 78, 10, 66, 6, 48, 56, 29, 64, 60, 46, 7, 36, 34, 85, 65, 55, 61, 86, 89, 41, 32, 39, 33, 42, 54, 80, 75, 25, 35, 70, 44, 0, 21, 50, 13, 90, 45, 69, 82, 52]|[2, 0, 1, 1, 2, 1, 0, 1, 2, 1, 0, 1, 0, 2, 1, 1, 1, 2, 1, 2, 1, 1, 1, 0, 1, 2, 1, 0, 1, 1, 0, 2, 1, 0, 1, 2, 2, 0, 0, 0, 2, 1, 1, 1, 0, 0, 2, 0, 1, 0, 2, 1, 2, 0, 2, 0, 0, 2, 1, 0, 0, 2, 1, 2, 0, 2, 2, 0, 2, 1, 0, 0, 0, 1, 0, 1, 2, 2, 2, 1, 0, 1, 0, 0, 1, 1, 2, 2, 2, 2, 0, 0, 2, 2, 2, 1, 0, 0, 1, 1]|[2, 2, 2, 2, 2, 4, 1, 2, 1, 4, 0, 1, 2, 2, 4, 1, 1, 1, 4, 1, 4, 1, 0, 0, 3, 2, 3, 0, 0, 1, 1, 0, 4, 2, 4, 0, 2, 0, 2, 0, 1, 0, 3, 0, 2, 1, 1, 2, 3, 1, 1, 4, 1, 2, 1, 0, 2, 1, 3, 1, 1, 1, 4, 1, 1, 1, 1, 2, 1, 4, 1, 1, 0, 0, 2, 4, 1, 1, 1, 0, 2, 4, 1, 2, 4, 4, 1, 1, 1, 1, 1, 2, 1, 1, 1, 0, 2, 2, 0, 4]|[0, 0, 1, 1, 0, 2, 0, 2, 0, 1, 0, 0, 1, 0, 0, 1, 0, 0, 3, 0, 2, 0, 0, 0, 3, 1, 1, 0, 1, 0, 1, 0, 3, 0, 0, 0, 0, 0, 1, 0, 1, 3, 1, 1, 0, 0, 0, 1, 0, 0, 0, 2, 0, 0, 0, 1, 1, 0, 3, 0, 0, 0, 1, 0, 0, 0, 0, 0, 0, 0, 0, 0, 0, 1, 1, 3, 0, 0, 0, 1, 0, 3, 1, 0, 3, 0, 0, 0, 0, 0, 1, 0, 0, 0, 0, 1, 0, 0, 2, 0]
event=1231:G1_CMAX:update:state=1,action=1,reward=-56.01938876138047,nextState=1,old=-312.2635693195273,new=-305.8302442170023
event=1232:G2_TEC:update:state=1,action=0,reward=-124.82179121582158,nextState=1,old=-1649.5530275269634,new=-1444.4642132373924
event=1233:G3_TWC:update:state=1,action=0,reward=-1945.1815678168787,nextState=1,old=-27347.577812088242,new=-15835.262638648688
event=1234:G4_BALANCED:update:state=1,action=0,reward=-0.037318840126655844,nextState=1,old=-0.12026590948435804,new=-0.1335315677141423
event=1235:G1_CMAX:action:mode=exploit,state=1,draw=0.5476766957648853,action=1
event=1236:G1_CMAX:leader:action=1,fingerprint=[51, 8, 83, 50, 94, 11, 15, 22, 57, 19, 84, 77, 73, 1, 81, 14, 98, 16, 53, 44, 2, 40, 5, 91, 62, 68, 76, 97, 99, 88, 30, 3, 20, 58, 93, 24, 72, 49, 42, 38, 28, 92, 67, 9, 18, 87, 12, 26, 71, 74, 95, 63, 21, 17, 47, 27, 37, 78, 10, 32, 46, 48, 56, 6, 29, 64, 60, 23, 7, 36, 90, 85, 52, 59, 61, 54, 89, 41, 4, 33, 55, 96, 82, 80, 75, 31, 45, 35, 43, 39, 66, 0, 34, 69, 65, 79, 25, 13, 86, 70]|[2, 0, 1, 1, 2, 1, 0, 1, 2, 0, 0, 1, 0, 1, 1, 1, 1, 0, 1, 0, 1, 1, 0, 0, 1, 1, 0, 1, 1, 0, 2, 1, 2, 1, 2, 0, 0, 0, 0, 2, 1, 1, 1, 0, 1, 0, 1, 0, 2, 1, 2, 0, 2, 2, 0, 0, 2, 0, 2, 2, 1, 1, 2, 2, 2, 0, 2, 0, 0, 0, 1, 2, 0, 1, 0, 1, 2, 1, 0, 1, 1, 1, 1, 1, 2, 1, 0, 2, 2, 2, 0, 0, 1, 0, 1, 0, 2, 0, 1, 2]|[1, 0, 2, 0, 1, 4, 1, 2, 1, 1, 1, 1, 2, 4, 4, 1, 1, 2, 4, 2, 4, 1, 2, 0, 3, 3, 0, 0, 1, 1, 1, 4, 1, 4, 0, 1, 0, 2, 0, 1, 0, 3, 0, 1, 0, 2, 3, 1, 1, 4, 1, 2, 1, 1, 0, 2, 1, 1, 1, 1, 4, 1, 1, 1, 1, 1, 1, 1, 1, 1, 4, 1, 2, 0, 2, 4, 1, 0, 1, 1, 4, 3, 0, 4, 1, 0, 2, 1, 2, 1, 0, 0, 0, 2, 4, 2, 1, 1, 4, 0]|[0, 0, 1, 1, 0, 2, 0, 2, 0, 0, 0, 0, 1, 0, 0, 1, 0, 1, 3, 1, 2, 0, 0, 0, 3, 1, 0, 1, 0, 1, 0, 3, 0, 0, 0, 1, 0, 1, 0, 1, 3, 1, 1, 0, 1, 1, 0, 0, 0, 2, 0, 0, 0, 0, 1, 1, 0, 0, 0, 0, 0, 2, 0, 0, 0, 0, 0, 0, 0, 0, 3, 0, 1, 1, 0, 3, 0, 1, 1, 2, 3, 3, 2, 0, 0, 1, 0, 0, 1, 0, 0, 0, 1, 0, 0, 1, 0, 0, 0, 1]
event=1237:G4_BALANCED:action:mode=exploit,state=1,draw=0.2529382668495376,action=0
event=1238:G4_BALANCED:leader:action=0,fingerprint=[51, 8, 83, 31, 94, 11, 15, 22, 57, 19, 84, 77, 73, 1, 81, 14, 98, 79, 3, 16, 2, 99, 5, 91, 62, 43, 68, 76, 97, 40, 27, 30, 53, 20, 58, 93, 24, 72, 49, 59, 38, 28, 92, 67, 9, 18, 17, 87, 12, 26, 71, 74, 95, 63, 4, 47, 88, 37, 96, 23, 78, 10, 66, 6, 48, 56, 29, 64, 60, 46, 7, 36, 34, 85, 52, 55, 61, 86, 89, 41, 32, 39, 33, 42, 75, 80, 54, 25, 35, 70, 44, 50, 0, 21, 69, 82, 65, 13, 90, 45]|[2, 0, 1, 1, 2, 1, 0, 1, 2, 0, 0, 1, 0, 2, 1, 1, 0, 2, 1, 0, 1, 1, 0, 0, 1, 2, 1, 0, 1, 1, 0, 2, 1, 0, 1, 2, 2, 0, 0, 0, 2, 1, 1, 1, 0, 2, 2, 0, 1, 0, 2, 1, 2, 0, 2, 0, 2, 2, 1, 2, 0, 2, 1, 2, 0, 1, 2, 2, 2, 1, 0, 0, 0, 1, 0, 1, 2, 1, 2, 1, 0, 1, 1, 0, 2, 1, 2, 2, 2, 0, 0, 2, 0, 1, 0, 1, 2, 2, 1, 0]|[2, 2, 2, 2, 2, 4, 1, 2, 1, 1, 0, 4, 2, 2, 4, 1, 0, 1, 4, 2, 4, 1, 1, 0, 3, 2, 3, 0, 0, 1, 1, 0, 4, 2, 4, 0, 2, 0, 2, 0, 1, 0, 3, 3, 2, 2, 1, 2, 3, 1, 1, 4, 1, 2, 1, 0, 1, 1, 3, 1, 1, 1, 4, 1, 1, 0, 1, 1, 1, 4, 1, 1, 0, 0, 2, 4, 1, 4, 1, 0, 2, 4, 4, 2, 1, 4, 1, 1, 1, 1, 1, 1, 2, 4, 2, 0, 1, 1, 0, 2]|[0, 0, 1, 1, 0, 2, 0, 2, 0, 0, 0, 0, 1, 0, 0, 1, 0, 0, 3, 1, 2, 0, 0, 0, 3, 1, 1, 0, 1, 0, 1, 0, 3, 0, 0, 0, 0, 0, 1, 0, 1, 3, 1, 1, 0, 0, 0, 1, 0, 0, 0, 2, 0, 0, 0, 1, 0, 0, 3, 0, 0, 0, 1, 0, 0, 1, 0, 0, 0, 0, 0, 0, 0, 1, 1, 3, 0, 0, 0, 1, 0, 3, 0, 0, 0, 0, 0, 0, 0, 0, 1, 0, 0, 0, 0, 2, 0, 0, 1, 0]
event=1239:G2_TEC:action:mode=explore,state=1,draw=0.8223574012829256,action=2
event=1240:G2_TEC:tournament:reason=action2,left=3,right=43,selected=[51, 8, 83, 31, 94, 11, 15, 22, 57, 19, 84, 77, 73, 1, 81, 14, 98, 79, 3, 16, 2, 99, 5, 91, 62, 43, 68, 76, 97, 40, 88, 30, 53, 20, 58, 93, 24, 72, 49, 59, 38, 28, 92, 67, 9, 18, 17, 87, 12, 26, 71, 74, 95, 63, 21, 47, 27, 37, 96, 6, 78, 10, 66, 23, 48, 56, 29, 64, 60, 46, 7, 36, 34, 85, 52, 55, 61, 86, 89, 41, 32, 39, 33, 42, 75, 80, 54, 25, 35, 82, 44, 0, 4, 50, 70, 90, 69, 13, 65, 45]|[2, 0, 1, 1, 2, 1, 0, 1, 2, 0, 0, 1, 0, 1, 1, 1, 1, 2, 1, 0, 1, 1, 0, 0, 1, 0, 1, 0, 1, 1, 0, 1, 1, 1, 1, 2, 2, 0, 0, 0, 2, 1, 1, 1, 0, 0, 2, 0, 1, 0, 2, 1, 2, 0, 2, 0, 2, 2, 1, 2, 0, 2, 1, 1, 0, 0, 2, 0, 2, 1, 0, 0, 0, 1, 0, 1, 0, 1, 2, 1, 2, 2, 0, 0, 1, 1, 2, 2, 2, 1, 0, 0, 0, 2, 2, 1, 0, 2, 1, 0]|[2, 2, 2, 2, 2, 4, 1, 2, 1, 1, 1, 4, 2, 4, 1, 1, 1, 1, 4, 2, 4, 1, 1, 0, 3, 1, 3, 0, 0, 1, 1, 0, 4, 4, 4, 0, 2, 0, 2, 0, 1, 0, 3, 0, 2, 1, 1, 2, 3, 1, 1, 4, 1, 2, 1, 0, 1, 1, 3, 1, 1, 1, 4, 4, 1, 1, 1, 2, 1, 4, 1, 1, 0, 0, 2, 4, 0, 4, 1, 0, 1, 1, 1, 2, 4, 4, 1, 1, 1, 0, 1, 0, 1, 1, 1, 0, 2, 1, 4, 2]|[0, 0, 1, 1, 0, 2, 0, 2, 0, 0, 0, 0, 1, 0, 0, 1, 0, 0, 3, 1, 2, 0, 0, 0, 3, 0, 1, 0, 1, 0, 1, 1, 3, 2, 0, 0, 0, 0, 1, 0, 1, 3, 1, 1, 0, 0, 0, 1, 0, 0, 0, 2, 0, 0, 0, 1, 0, 0, 3, 0, 0, 0, 1, 0, 0, 0, 0, 0, 0, 0, 0, 0, 0, 1, 1, 3, 0, 0, 1, 1, 0, 0, 0, 0, 3, 0, 0, 0, 0, 2, 1, 0, 1, 0, 0, 1, 0, 0, 0, 0]
event=1241:G2_TEC:leader:action=2,fingerprint=[51, 8, 83, 31, 94, 11, 15, 22, 57, 19, 84, 77, 73, 1, 81, 14, 98, 79, 3, 16, 2, 99, 5, 91, 62, 43, 68, 76, 97, 40, 88, 30, 53, 20, 58, 93, 24, 72, 49, 59, 38, 28, 92, 67, 9, 18, 17, 87, 12, 26, 71, 74, 95, 63, 21, 47, 27, 37, 96, 6, 78, 10, 66, 23, 48, 56, 29, 64, 60, 46, 7, 36, 34, 85, 52, 55, 61, 86, 89, 41, 32, 39, 33, 42, 75, 80, 54, 25, 35, 82, 44, 0, 4, 50, 70, 90, 69, 13, 65, 45]|[2, 0, 1, 1, 2, 1, 0, 1, 2, 0, 0, 1, 0, 1, 1, 1, 1, 2, 1, 0, 1, 1, 0, 0, 1, 0, 1, 0, 1, 1, 0, 1, 1, 1, 1, 2, 2, 0, 0, 0, 2, 1, 1, 1, 0, 0, 2, 0, 1, 0, 2, 1, 2, 0, 2, 0, 2, 2, 1, 2, 0, 2, 1, 1, 0, 0, 2, 0, 2, 1, 0, 0, 0, 1, 0, 1, 0, 1, 2, 1, 2, 2, 0, 0, 1, 1, 2, 2, 2, 1, 0, 0, 0, 2, 2, 1, 0, 2, 1, 0]|[2, 2, 2, 2, 2, 4, 1, 2, 1, 1, 1, 4, 2, 4, 1, 1, 1, 1, 4, 2, 4, 1, 1, 0, 3, 1, 3, 0, 0, 1, 1, 0, 4, 4, 4, 0, 2, 0, 2, 0, 1, 0, 3, 0, 2, 1, 1, 2, 3, 1, 1, 4, 1, 2, 1, 0, 1, 1, 3, 1, 1, 1, 4, 4, 1, 1, 1, 2, 1, 4, 1, 1, 0, 0, 2, 4, 0, 4, 1, 0, 1, 1, 1, 2, 4, 4, 1, 1, 1, 0, 1, 0, 1, 1, 1, 0, 2, 1, 4, 2]|[0, 0, 1, 1, 0, 2, 0, 2, 0, 0, 0, 0, 1, 0, 0, 1, 0, 0, 3, 1, 2, 0, 0, 0, 3, 0, 1, 0, 1, 0, 1, 1, 3, 2, 0, 0, 0, 0, 1, 0, 1, 3, 1, 1, 0, 0, 0, 1, 0, 0, 0, 2, 0, 0, 0, 1, 0, 0, 3, 0, 0, 0, 1, 0, 0, 0, 0, 0, 0, 0, 0, 0, 0, 1, 1, 3, 0, 0, 1, 1, 0, 0, 0, 0, 3, 0, 0, 0, 0, 2, 1, 0, 1, 0, 0, 1, 0, 0, 0, 0]
event=1242:G3_TWC:action:mode=explore,state=1,draw=0.8013628662566182,action=2
event=1243:G3_TWC:tournament:reason=action2,left=49,right=22,selected=[51, 8, 83, 31, 94, 11, 15, 22, 57, 19, 84, 77, 73, 1, 81, 14, 98, 79, 3, 16, 2, 99, 5, 91, 62, 43, 68, 76, 97, 40, 88, 30, 53, 20, 58, 93, 24, 72, 49, 59, 38, 28, 92, 67, 9, 18, 17, 87, 12, 26, 71, 74, 95, 63, 4, 47, 27, 37, 96, 23, 78, 10, 66, 6, 48, 56, 29, 64, 60, 46, 7, 36, 34, 85, 52, 55, 61, 86, 89, 41, 32, 39, 33, 42, 75, 80, 54, 25, 35, 70, 44, 0, 21, 50, 13, 69, 90, 65, 82, 45]|[2, 0, 1, 1, 2, 1, 0, 1, 2, 0, 0, 1, 0, 1, 1, 1, 0, 2, 1, 0, 1, 1, 0, 0, 1, 2, 1, 0, 1, 1, 0, 2, 1, 2, 1, 2, 2, 0, 0, 0, 2, 1, 1, 1, 0, 0, 2, 0, 1, 0, 2, 1, 2, 0, 2, 0, 0, 2, 2, 2, 0, 2, 1, 0, 0, 2, 2, 2, 2, 1, 2, 0, 0, 1, 0, 1, 2, 1, 2, 1, 0, 2, 0, 0, 2, 1, 1, 2, 2, 0, 0, 0, 2, 2, 2, 0, 1, 2, 1, 0]|[2, 2, 2, 2, 2, 4, 1, 2, 1, 1, 0, 1, 2, 4, 4, 1, 0, 1, 4, 2, 4, 1, 1, 0, 3, 2, 3, 0, 0, 1, 1, 0, 4, 1, 4, 0, 2, 0, 2, 0, 1, 0, 3, 0, 2, 1, 1, 2, 3, 1, 1, 4, 1, 2, 1, 0, 2, 1, 1, 1, 1, 1, 4, 0, 1, 1, 1, 1, 1, 4, 1, 1, 0, 0, 2, 4, 1, 4, 1, 0, 2, 1, 1, 2, 1, 4, 4, 1, 1, 1, 2, 2, 1, 1, 1, 2, 0, 1, 0, 2]|[0, 0, 1, 1, 0, 2, 0, 2, 0, 0, 0, 0, 1, 0, 0, 1, 0, 0, 3, 1, 2, 0, 0, 0, 3, 1, 1, 0, 1, 0, 1, 0, 3, 0, 0, 0, 0, 0, 1, 0, 1, 3, 1, 1, 0, 0, 0, 1, 0, 0, 0, 2, 0, 0, 0, 1, 0, 0, 0, 0, 0, 0, 1, 1, 0, 0, 0, 0, 0, 0, 0, 0, 0, 1, 1, 3, 0, 0, 1, 1, 0, 0, 1, 0, 0, 0, 3, 0, 0, 0, 1, 0, 0, 0, 0, 0, 1, 0, 2, 0]
event=1244:G3_TWC:leader:action=2,fingerprint=[51, 8, 83, 31, 94, 11, 15, 22, 57, 19, 84, 77, 73, 1, 81, 14, 98, 79, 3, 16, 2, 99, 5, 91, 62, 43, 68, 76, 97, 40, 88, 30, 53, 20, 58, 93, 24, 72, 49, 59, 38, 28, 92, 67, 9, 18, 17, 87, 12, 26, 71, 74, 95, 63, 4, 47, 27, 37, 96, 23, 78, 10, 66, 6, 48, 56, 29, 64, 60, 46, 7, 36, 34, 85, 52, 55, 61, 86, 89, 41, 32, 39, 33, 42, 75, 80, 54, 25, 35, 70, 44, 0, 21, 50, 13, 69, 90, 65, 82, 45]|[2, 0, 1, 1, 2, 1, 0, 1, 2, 0, 0, 1, 0, 1, 1, 1, 0, 2, 1, 0, 1, 1, 0, 0, 1, 2, 1, 0, 1, 1, 0, 2, 1, 2, 1, 2, 2, 0, 0, 0, 2, 1, 1, 1, 0, 0, 2, 0, 1, 0, 2, 1, 2, 0, 2, 0, 0, 2, 2, 2, 0, 2, 1, 0, 0, 2, 2, 2, 2, 1, 2, 0, 0, 1, 0, 1, 2, 1, 2, 1, 0, 2, 0, 0, 2, 1, 1, 2, 2, 0, 0, 0, 2, 2, 2, 0, 1, 2, 1, 0]|[2, 2, 2, 2, 2, 4, 1, 2, 1, 1, 0, 1, 2, 4, 4, 1, 0, 1, 4, 2, 4, 1, 1, 0, 3, 2, 3, 0, 0, 1, 1, 0, 4, 1, 4, 0, 2, 0, 2, 0, 1, 0, 3, 0, 2, 1, 1, 2, 3, 1, 1, 4, 1, 2, 1, 0, 2, 1, 1, 1, 1, 1, 4, 0, 1, 1, 1, 1, 1, 4, 1, 1, 0, 0, 2, 4, 1, 4, 1, 0, 2, 1, 1, 2, 1, 4, 4, 1, 1, 1, 2, 2, 1, 1, 1, 2, 0, 1, 0, 2]|[0, 0, 1, 1, 0, 2, 0, 2, 0, 0, 0, 0, 1, 0, 0, 1, 0, 0, 3, 1, 2, 0, 0, 0, 3, 1, 1, 0, 1, 0, 1, 0, 3, 0, 0, 0, 0, 0, 1, 0, 1, 3, 1, 1, 0, 0, 0, 1, 0, 0, 0, 2, 0, 0, 0, 1, 0, 0, 0, 0, 0, 0, 1, 1, 0, 0, 0, 0, 0, 0, 0, 0, 0, 1, 1, 3, 0, 0, 1, 1, 0, 0, 1, 0, 0, 0, 3, 0, 0, 0, 1, 0, 0, 0, 0, 0, 1, 0, 2, 0]
event=1245:G1_CMAX:update:state=1,action=1,reward=-77.62610278614841,nextState=1,old=-305.8302442170023,new=-322.29029815975025
event=1246:G2_TEC:update:state=1,action=2,reward=-372.91089788544923,nextState=1,old=-1892.5526642612094,new=-1528.4822684753633
event=1247:G3_TWC:update:state=1,action=2,reward=-2548.7940392582677,nextState=1,old=-17362.60133853976,new=-15217.00415017722
event=1248:G4_BALANCED:update:state=1,action=0,reward=-0.017380007663142488,nextState=1,old=-0.1335315677141423,new=-0.12420526183445632
event=1249:G1_CMAX:action:mode=exploit,state=1,draw=0.5888881479171543,action=2
event=1250:G1_CMAX:tournament:reason=action2,left=28,right=70,selected=[51, 8, 83, 31, 94, 11, 15, 22, 57, 19, 84, 77, 73, 1, 81, 14, 98, 79, 3, 16, 2, 46, 5, 91, 62, 43, 68, 76, 97, 40, 88, 30, 53, 20, 58, 93, 24, 72, 49, 59, 38, 28, 92, 67, 9, 18, 17, 87, 12, 26, 71, 74, 95, 63, 4, 47, 27, 37, 96, 23, 78, 10, 66, 6, 48, 56, 29, 64, 60, 99, 7, 36, 34, 85, 52, 55, 61, 86, 89, 41, 32, 54, 33, 42, 75, 80, 39, 25, 35, 70, 44, 0, 21, 50, 82, 90, 69, 13, 65, 45]|[2, 0, 1, 2, 2, 1, 0, 1, 2, 0, 0, 1, 0, 1, 1, 2, 0, 2, 1, 0, 1, 1, 0, 0, 1, 0, 1, 0, 1, 1, 2, 2, 1, 0, 1, 2, 2, 0, 0, 0, 2, 1, 1, 1, 0, 2, 2, 0, 1, 0, 2, 1, 2, 0, 2, 0, 0, 2, 1, 2, 0, 2, 1, 1, 0, 2, 2, 0, 2, 0, 0, 0, 0, 1, 0, 1, 2, 1, 2, 1, 0, 1, 1, 0, 2, 1, 1, 2, 2, 2, 0, 1, 2, 2, 1, 1, 0, 2, 1, 0]|[2, 2, 2, 1, 2, 4, 1, 2, 1, 1, 0, 4, 2, 4, 4, 2, 0, 1, 4, 2, 4, 4, 1, 0, 3, 1, 3, 0, 0, 1, 1, 0, 4, 2, 4, 0, 2, 0, 2, 0, 1, 0, 3, 3, 1, 2, 1, 2, 3, 1, 2, 4, 1, 2, 1, 0, 2, 1, 3, 1, 1, 1, 4, 4, 1, 1, 1, 2, 1, 0, 1, 1, 0, 4, 2, 4, 1, 4, 1, 0, 2, 4, 4, 2, 1, 4, 4, 1, 1, 1, 1, 0, 1, 1, 0, 0, 2, 1, 4, 2]|[0, 0, 1, 0, 0, 2, 0, 2, 0, 0, 0, 0, 1, 0, 0, 0, 0, 0, 3, 1, 2, 0, 0, 0, 3, 0, 1, 0, 1, 0, 0, 0, 3, 0, 0, 0, 0, 0, 1, 0, 1, 3, 1, 1, 0, 0, 0, 1, 0, 0, 0, 2, 0, 0, 0, 1, 1, 0, 3, 0, 0, 0, 1, 0, 0, 0, 0, 0, 0, 0, 0, 0, 0, 0, 1, 3, 0, 0, 0, 1, 0, 3, 0, 0, 0, 0, 3, 0, 0, 0, 1, 1, 0, 0, 2, 1, 0, 0, 0, 0]
event=1251:G1_CMAX:leader:action=2,fingerprint=[51, 8, 83, 31, 94, 11, 15, 22, 57, 19, 84, 77, 73, 1, 81, 14, 98, 79, 3, 16, 2, 46, 5, 91, 62, 43, 68, 76, 97, 40, 88, 30, 53, 20, 58, 93, 24, 72, 49, 59, 38, 28, 92, 67, 9, 18, 17, 87, 12, 26, 71, 74, 95, 63, 4, 47, 27, 37, 96, 23, 78, 10, 66, 6, 48, 56, 29, 64, 60, 99, 7, 36, 34, 85, 52, 55, 61, 86, 89, 41, 32, 54, 33, 42, 75, 80, 39, 25, 35, 70, 44, 0, 21, 50, 82, 90, 69, 13, 65, 45]|[2, 0, 1, 2, 2, 1, 0, 1, 2, 0, 0, 1, 0, 1, 1, 2, 0, 2, 1, 0, 1, 1, 0, 0, 1, 0, 1, 0, 1, 1, 2, 2, 1, 0, 1, 2, 2, 0, 0, 0, 2, 1, 1, 1, 0, 2, 2, 0, 1, 0, 2, 1, 2, 0, 2, 0, 0, 2, 1, 2, 0, 2, 1, 1, 0, 2, 2, 0, 2, 0, 0, 0, 0, 1, 0, 1, 2, 1, 2, 1, 0, 1, 1, 0, 2, 1, 1, 2, 2, 2, 0, 1, 2, 2, 1, 1, 0, 2, 1, 0]|[2, 2, 2, 1, 2, 4, 1, 2, 1, 1, 0, 4, 2, 4, 4, 2, 0, 1, 4, 2, 4, 4, 1, 0, 3, 1, 3, 0, 0, 1, 1, 0, 4, 2, 4, 0, 2, 0, 2, 0, 1, 0, 3, 3, 1, 2, 1, 2, 3, 1, 2, 4, 1, 2, 1, 0, 2, 1, 3, 1, 1, 1, 4, 4, 1, 1, 1, 2, 1, 0, 1, 1, 0, 4, 2, 4, 1, 4, 1, 0, 2, 4, 4, 2, 1, 4, 4, 1, 1, 1, 1, 0, 1, 1, 0, 0, 2, 1, 4, 2]|[0, 0, 1, 0, 0, 2, 0, 2, 0, 0, 0, 0, 1, 0, 0, 0, 0, 0, 3, 1, 2, 0, 0, 0, 3, 0, 1, 0, 1, 0, 0, 0, 3, 0, 0, 0, 0, 0, 1, 0, 1, 3, 1, 1, 0, 0, 0, 1, 0, 0, 0, 2, 0, 0, 0, 1, 1, 0, 3, 0, 0, 0, 1, 0, 0, 0, 0, 0, 0, 0, 0, 0, 0, 0, 1, 3, 0, 0, 0, 1, 0, 3, 0, 0, 0, 0, 3, 0, 0, 0, 1, 1, 0, 0, 2, 1, 0, 0, 0, 0]
event=1252:G4_BALANCED:action:mode=exploit,state=1,draw=0.08472538833133203,action=0
event=1253:G4_BALANCED:leader:action=0,fingerprint=[51, 8, 83, 31, 94, 11, 15, 22, 57, 19, 84, 77, 73, 1, 81, 14, 98, 79, 3, 16, 2, 99, 5, 91, 62, 43, 68, 76, 97, 40, 27, 30, 53, 20, 58, 93, 24, 72, 49, 59, 38, 28, 92, 67, 9, 18, 17, 87, 12, 26, 71, 74, 95, 63, 4, 47, 88, 37, 96, 23, 78, 10, 66, 6, 48, 56, 29, 64, 60, 46, 7, 36, 34, 85, 52, 55, 61, 86, 89, 41, 32, 39, 33, 42, 75, 80, 54, 25, 35, 70, 44, 50, 0, 21, 69, 82, 65, 13, 90, 45]|[2, 0, 1, 1, 2, 1, 0, 1, 2, 0, 0, 1, 0, 2, 1, 1, 0, 2, 1, 0, 1, 1, 0, 0, 1, 2, 1, 0, 1, 1, 0, 2, 1, 0, 1, 2, 2, 0, 0, 0, 2, 1, 1, 1, 0, 2, 2, 0, 1, 0, 2, 1, 2, 0, 2, 0, 2, 2, 1, 2, 0, 2, 1, 2, 0, 1, 2, 2, 2, 1, 0, 0, 0, 1, 0, 1, 2, 1, 2, 1, 0, 1, 1, 0, 2, 1, 2, 2, 2, 0, 0, 2, 0, 1, 0, 1, 2, 2, 1, 0]|[2, 2, 2, 2, 2, 4, 1, 2, 1, 1, 0, 4, 2, 2, 4, 1, 0, 1, 4, 2, 4, 1, 1, 0, 3, 2, 3, 0, 0, 1, 1, 0, 4, 2, 4, 0, 2, 0, 2, 0, 1, 0, 3, 3, 2, 2, 1, 2, 3, 1, 1, 4, 1, 2, 1, 0, 1, 1, 3, 1, 1, 1, 4, 1, 1, 0, 1, 1, 1, 4, 1, 1, 0, 0, 2, 4, 1, 4, 1, 0, 2, 4, 4, 2, 1, 4, 1, 1, 1, 1, 1, 1, 2, 4, 2, 0, 1, 1, 0, 2]|[0, 0, 1, 1, 0, 2, 0, 2, 0, 0, 0, 0, 1, 0, 0, 1, 0, 0, 3, 1, 2, 0, 0, 0, 3, 1, 1, 0, 1, 0, 1, 0, 3, 0, 0, 0, 0, 0, 1, 0, 1, 3, 1, 1, 0, 0, 0, 1, 0, 0, 0, 2, 0, 0, 0, 1, 0, 0, 3, 0, 0, 0, 1, 0, 0, 1, 0, 0, 0, 0, 0, 0, 0, 1, 1, 3, 0, 0, 0, 1, 0, 3, 0, 0, 0, 0, 0, 0, 0, 0, 1, 0, 0, 0, 0, 2, 0, 0, 1, 0]
event=1254:G2_TEC:action:mode=explore,state=1,draw=0.832945643040657,action=1
event=1255:G2_TEC:leader:action=1,fingerprint=[51, 8, 83, 31, 94, 11, 15, 22, 57, 19, 84, 77, 73, 1, 81, 14, 98, 79, 3, 16, 2, 99, 5, 91, 62, 43, 68, 76, 97, 40, 27, 30, 53, 20, 58, 93, 24, 72, 49, 59, 38, 28, 92, 67, 9, 18, 17, 87, 12, 26, 71, 74, 95, 63, 4, 47, 88, 37, 96, 23, 78, 10, 66, 6, 48, 56, 29, 64, 60, 46, 7, 36, 34, 85, 52, 55, 61, 86, 89, 41, 32, 39, 33, 42, 75, 80, 54, 25, 35, 70, 21, 0, 44, 50, 69, 65, 90, 13, 82, 45]|[2, 0, 1, 1, 2, 1, 0, 1, 2, 0, 0, 1, 0, 2, 1, 1, 1, 2, 1, 0, 1, 1, 0, 0, 1, 0, 1, 0, 1, 1, 0, 2, 1, 0, 1, 2, 2, 0, 0, 0, 2, 1, 1, 1, 0, 0, 2, 0, 1, 0, 2, 1, 2, 0, 2, 0, 2, 2, 1, 2, 0, 2, 1, 2, 0, 1, 2, 2, 2, 1, 0, 0, 0, 1, 0, 1, 0, 1, 2, 1, 2, 1, 1, 0, 2, 1, 1, 2, 2, 2, 1, 0, 0, 2, 0, 2, 1, 2, 1, 0]|[2, 2, 2, 2, 2, 4, 1, 2, 1, 1, 0, 4, 2, 2, 4, 1, 1, 1, 4, 2, 4, 1, 1, 0, 3, 1, 3, 0, 0, 1, 1, 0, 4, 2, 4, 0, 2, 0, 2, 0, 1, 0, 3, 0, 1, 1, 1, 2, 3, 1, 1, 4, 1, 2, 1, 0, 1, 1, 3, 1, 1, 1, 4, 1, 1, 0, 1, 1, 1, 4, 1, 1, 0, 0, 2, 4, 0, 4, 1, 0, 1, 4, 4, 2, 1, 4, 4, 1, 1, 1, 4, 2, 1, 1, 2, 1, 0, 1, 0, 2]|[0, 0, 1, 1, 0, 2, 0, 2, 0, 0, 0, 0, 1, 0, 0, 1, 0, 0, 3, 1, 2, 0, 0, 0, 3, 0, 1, 0, 1, 0, 1, 0, 3, 0, 0, 0, 0, 0, 1, 0, 1, 3, 1, 1, 0, 0, 0, 1, 0, 0, 0, 2, 0, 0, 0, 1, 0, 0, 3, 0, 0, 0, 1, 0, 0, 1, 0, 0, 0, 0, 0, 0, 0, 1, 1, 3, 0, 0, 0, 1, 0, 3, 0, 0, 0, 0, 3, 0, 0, 0, 0, 0, 1, 0, 0, 0, 1, 0, 2, 0]
event=1256:G3_TWC:action:mode=exploit,state=1,draw=0.02361954216780704,action=2
event=1257:G3_TWC:tournament:reason=action2,left=53,right=30,selected=[51, 8, 83, 31, 94, 11, 15, 22, 57, 19, 84, 77, 73, 1, 81, 14, 98, 79, 3, 16, 2, 99, 5, 91, 62, 43, 68, 76, 97, 40, 27, 30, 53, 20, 58, 93, 24, 72, 49, 59, 38, 28, 92, 67, 9, 18, 17, 87, 12, 26, 71, 74, 95, 63, 4, 47, 88, 37, 96, 23, 78, 10, 66, 6, 48, 56, 29, 64, 60, 46, 7, 36, 34, 85, 52, 55, 61, 86, 89, 41, 32, 13, 33, 42, 39, 80, 54, 25, 35, 82, 44, 0, 21, 50, 69, 70, 65, 75, 90, 45]|[2, 0, 1, 1, 2, 1, 0, 1, 2, 0, 0, 1, 0, 1, 2, 1, 0, 0, 1, 0, 1, 1, 0, 0, 1, 2, 1, 0, 1, 1, 0, 0, 1, 0, 1, 2, 2, 0, 0, 0, 2, 1, 1, 1, 0, 2, 2, 0, 1, 0, 2, 1, 2, 0, 2, 0, 2, 2, 1, 2, 0, 2, 1, 0, 0, 2, 2, 2, 2, 1, 0, 0, 0, 1, 0, 1, 0, 1, 2, 1, 0, 2, 1, 0, 1, 1, 1, 2, 2, 1, 0, 0, 1, 2, 0, 2, 1, 2, 1, 0]|[2, 2, 2, 2, 2, 4, 1, 2, 1, 1, 0, 1, 2, 4, 1, 1, 0, 2, 4, 2, 4, 1, 1, 0, 3, 2, 3, 0, 0, 1, 1, 2, 4, 2, 4, 0, 2, 0, 2, 0, 1, 0, 3, 3, 2, 2, 1, 2, 3, 1, 1, 4, 1, 2, 1, 0, 1, 1, 3, 1, 1, 1, 4, 0, 1, 1, 1, 1, 1, 4, 1, 1, 0, 0, 2, 4, 2, 4, 1, 0, 2, 1, 4, 2, 4, 4, 4, 1, 1, 0, 1, 2, 4, 1, 2, 1, 4, 1, 0, 2]|[0, 0, 1, 1, 0, 2, 0, 2, 0, 0, 0, 0, 1, 0, 0, 1, 0, 1, 3, 1, 2, 0, 0, 0, 3, 1, 1, 0, 1, 0, 1, 1, 3, 0, 0, 0, 0, 0, 1, 0, 1, 3, 1, 1, 0, 0, 0, 1, 0, 0, 0, 2, 0, 0, 0, 1, 0, 0, 3, 0, 0, 0, 1, 1, 0, 0, 0, 0, 0, 0, 0, 0, 0, 1, 1, 3, 0, 0, 1, 1, 0, 0, 0, 0, 3, 0, 3, 0, 0, 2, 1, 0, 0, 0, 0, 0, 0, 0, 1, 0]
event=1258:G3_TWC:leader:action=2,fingerprint=[51, 8, 83, 31, 94, 11, 15, 22, 57, 19, 84, 77, 73, 1, 81, 14, 98, 79, 3, 16, 2, 99, 5, 91, 62, 43, 68, 76, 97, 40, 27, 30, 53, 20, 58, 93, 24, 72, 49, 59, 38, 28, 92, 67, 9, 18, 17, 87, 12, 26, 71, 74, 95, 63, 4, 47, 88, 37, 96, 23, 78, 10, 66, 6, 48, 56, 29, 64, 60, 46, 7, 36, 34, 85, 52, 55, 61, 86, 89, 41, 32, 13, 33, 42, 39, 80, 54, 25, 35, 82, 44, 0, 21, 50, 69, 70, 65, 75, 90, 45]|[2, 0, 1, 1, 2, 1, 0, 1, 2, 0, 0, 1, 0, 1, 2, 1, 0, 0, 1, 0, 1, 1, 0, 0, 1, 2, 1, 0, 1, 1, 0, 0, 1, 0, 1, 2, 2, 0, 0, 0, 2, 1, 1, 1, 0, 2, 2, 0, 1, 0, 2, 1, 2, 0, 2, 0, 2, 2, 1, 2, 0, 2, 1, 0, 0, 2, 2, 2, 2, 1, 0, 0, 0, 1, 0, 1, 0, 1, 2, 1, 0, 2, 1, 0, 1, 1, 1, 2, 2, 1, 0, 0, 1, 2, 0, 2, 1, 2, 1, 0]|[2, 2, 2, 2, 2, 4, 1, 2, 1, 1, 0, 1, 2, 4, 1, 1, 0, 2, 4, 2, 4, 1, 1, 0, 3, 2, 3, 0, 0, 1, 1, 2, 4, 2, 4, 0, 2, 0, 2, 0, 1, 0, 3, 3, 2, 2, 1, 2, 3, 1, 1, 4, 1, 2, 1, 0, 1, 1, 3, 1, 1, 1, 4, 0, 1, 1, 1, 1, 1, 4, 1, 1, 0, 0, 2, 4, 2, 4, 1, 0, 2, 1, 4, 2, 4, 4, 4, 1, 1, 0, 1, 2, 4, 1, 2, 1, 4, 1, 0, 2]|[0, 0, 1, 1, 0, 2, 0, 2, 0, 0, 0, 0, 1, 0, 0, 1, 0, 1, 3, 1, 2, 0, 0, 0, 3, 1, 1, 0, 1, 0, 1, 1, 3, 0, 0, 0, 0, 0, 1, 0, 1, 3, 1, 1, 0, 0, 0, 1, 0, 0, 0, 2, 0, 0, 0, 1, 0, 0, 3, 0, 0, 0, 1, 1, 0, 0, 0, 0, 0, 0, 0, 0, 0, 1, 1, 3, 0, 0, 1, 1, 0, 0, 0, 0, 3, 0, 3, 0, 0, 2, 1, 0, 0, 0, 0, 0, 0, 0, 1, 0]
event=1259:G1_CMAX:update:state=1,action=2,reward=-28.455515317905338,nextState=1,old=-313.6277144841151,new=-279.3576869051974
event=1260:G2_TEC:update:state=1,action=1,reward=-465.5028615368792,nextState=1,old=-1677.9862742944315,new=-1621.0742321267933
event=1261:G3_TWC:update:state=1,action=2,reward=-2022.6666769857693,nextState=1,old=-15217.00415017722,new=-14196.269997127545
event=1262:G4_BALANCED:update:state=1,action=0,reward=-0.05516590097709466,nextState=1,old=-0.12420526183445632,new=-0.15453011044465972
event=1263:G1_CMAX:action:mode=exploit,state=1,draw=0.7320655505315611,action=2
event=1264:G1_CMAX:tournament:reason=action2,left=46,right=76,selected=[51, 8, 83, 31, 94, 11, 15, 22, 57, 19, 84, 77, 73, 1, 81, 14, 98, 79, 3, 16, 2, 99, 5, 91, 62, 43, 68, 76, 97, 40, 27, 30, 53, 20, 58, 93, 24, 72, 49, 59, 38, 28, 92, 67, 9, 18, 17, 87, 12, 26, 71, 74, 95, 63, 4, 47, 88, 37, 96, 23, 78, 10, 66, 6, 48, 56, 29, 64, 60, 46, 7, 36, 34, 85, 52, 55, 61, 86, 89, 41, 32, 39, 33, 42, 75, 80, 54, 25, 35, 70, 21, 50, 44, 0, 82, 90, 69, 13, 65, 45]|[2, 0, 1, 1, 2, 1, 0, 1, 2, 0, 0, 1, 0, 2, 1, 1, 0, 2, 1, 2, 1, 1, 0, 0, 1, 2, 1, 0, 1, 1, 0, 2, 1, 0, 1, 2, 0, 0, 0, 0, 2, 1, 1, 1, 0, 0, 2, 0, 1, 0, 2, 1, 2, 0, 2, 0, 2, 2, 1, 2, 0, 2, 1, 2, 0, 1, 2, 2, 2, 1, 0, 0, 0, 1, 0, 1, 0, 1, 2, 1, 0, 1, 1, 0, 2, 1, 2, 2, 2, 2, 0, 2, 2, 1, 1, 1, 0, 2, 2, 0]|[2, 2, 2, 2, 2, 4, 1, 2, 1, 1, 0, 4, 2, 2, 4, 1, 0, 1, 4, 1, 4, 1, 1, 0, 3, 2, 3, 0, 0, 1, 1, 0, 4, 2, 4, 0, 0, 0, 2, 0, 1, 0, 3, 0, 2, 1, 1, 2, 3, 1, 1, 4, 1, 2, 1, 0, 1, 1, 3, 1, 1, 1, 4, 1, 1, 0, 1, 1, 1, 4, 1, 1, 0, 0, 2, 4, 0, 4, 1, 0, 2, 4, 4, 2, 1, 4, 1, 1, 1, 1, 1, 1, 1, 4, 0, 0, 2, 1, 1, 2]|[0, 0, 1, 1, 0, 2, 0, 2, 0, 0, 0, 0, 1, 0, 0, 1, 0, 0, 3, 0, 2, 0, 0, 0, 3, 1, 1, 0, 1, 0, 1, 0, 3, 0, 0, 0, 0, 0, 1, 0, 1, 3, 1, 1, 0, 0, 0, 1, 0, 0, 0, 2, 0, 0, 0, 1, 0, 0, 3, 0, 0, 0, 1, 0, 0, 1, 0, 0, 0, 0, 0, 0, 0, 1, 1, 3, 0, 0, 1, 1, 0, 3, 0, 0, 0, 0, 0, 0, 0, 0, 1, 0, 0, 3, 2, 1, 0, 0, 0, 0]
event=1265:G1_CMAX:leader:action=2,fingerprint=[51, 8, 83, 31, 94, 11, 15, 22, 57, 19, 84, 77, 73, 1, 81, 14, 98, 79, 3, 16, 2, 99, 5, 91, 62, 43, 68, 76, 97, 40, 27, 30, 53, 20, 58, 93, 24, 72, 49, 59, 38, 28, 92, 67, 9, 18, 17, 87, 12, 26, 71, 74, 95, 63, 4, 47, 88, 37, 96, 23, 78, 10, 66, 6, 48, 56, 29, 64, 60, 46, 7, 36, 34, 85, 52, 55, 61, 86, 89, 41, 32, 39, 33, 42, 75, 80, 54, 25, 35, 70, 21, 50, 44, 0, 82, 90, 69, 13, 65, 45]|[2, 0, 1, 1, 2, 1, 0, 1, 2, 0, 0, 1, 0, 2, 1, 1, 0, 2, 1, 2, 1, 1, 0, 0, 1, 2, 1, 0, 1, 1, 0, 2, 1, 0, 1, 2, 0, 0, 0, 0, 2, 1, 1, 1, 0, 0, 2, 0, 1, 0, 2, 1, 2, 0, 2, 0, 2, 2, 1, 2, 0, 2, 1, 2, 0, 1, 2, 2, 2, 1, 0, 0, 0, 1, 0, 1, 0, 1, 2, 1, 0, 1, 1, 0, 2, 1, 2, 2, 2, 2, 0, 2, 2, 1, 1, 1, 0, 2, 2, 0]|[2, 2, 2, 2, 2, 4, 1, 2, 1, 1, 0, 4, 2, 2, 4, 1, 0, 1, 4, 1, 4, 1, 1, 0, 3, 2, 3, 0, 0, 1, 1, 0, 4, 2, 4, 0, 0, 0, 2, 0, 1, 0, 3, 0, 2, 1, 1, 2, 3, 1, 1, 4, 1, 2, 1, 0, 1, 1, 3, 1, 1, 1, 4, 1, 1, 0, 1, 1, 1, 4, 1, 1, 0, 0, 2, 4, 0, 4, 1, 0, 2, 4, 4, 2, 1, 4, 1, 1, 1, 1, 1, 1, 1, 4, 0, 0, 2, 1, 1, 2]|[0, 0, 1, 1, 0, 2, 0, 2, 0, 0, 0, 0, 1, 0, 0, 1, 0, 0, 3, 0, 2, 0, 0, 0, 3, 1, 1, 0, 1, 0, 1, 0, 3, 0, 0, 0, 0, 0, 1, 0, 1, 3, 1, 1, 0, 0, 0, 1, 0, 0, 0, 2, 0, 0, 0, 1, 0, 0, 3, 0, 0, 0, 1, 0, 0, 1, 0, 0, 0, 0, 0, 0, 0, 1, 1, 3, 0, 0, 1, 1, 0, 3, 0, 0, 0, 0, 0, 0, 0, 0, 1, 0, 0, 3, 2, 1, 0, 0, 0, 0]
event=1266:G4_BALANCED:action:mode=exploit,state=1,draw=0.5189969636852522,action=2
event=1267:G4_BALANCED:tournament:reason=action2,left=5,right=41,selected=[51, 8, 83, 31, 94, 11, 15, 22, 30, 19, 84, 77, 73, 1, 81, 53, 57, 88, 62, 97, 76, 68, 91, 5, 98, 2, 3, 16, 99, 14, 20, 10, 58, 93, 24, 72, 49, 59, 38, 28, 92, 67, 9, 18, 32, 87, 12, 26, 74, 95, 63, 4, 47, 27, 37, 43, 96, 23, 78, 75, 60, 64, 56, 48, 6, 66, 79, 7, 36, 34, 85, 52, 55, 61, 54, 89, 71, 41, 21, 46, 25, 35, 45, 50, 40, 80, 82, 42, 33, 39, 0, 90, 69, 65, 44, 13, 17, 29, 86, 70]|[2, 0, 1, 1, 2, 1, 0, 1, 2, 0, 0, 1, 0, 1, 1, 1, 2, 0, 1, 1, 0, 1, 0, 0, 1, 1, 1, 0, 1, 1, 2, 2, 1, 2, 0, 0, 0, 0, 2, 1, 1, 0, 0, 1, 2, 0, 1, 0, 1, 2, 0, 0, 1, 0, 2, 2, 0, 1, 0, 2, 2, 0, 2, 0, 2, 1, 2, 0, 0, 1, 1, 0, 1, 0, 1, 2, 2, 1, 2, 2, 2, 2, 0, 1, 1, 1, 1, 0, 0, 2, 0, 1, 0, 1, 0, 2, 2, 2, 1, 0]|[1, 2, 2, 2, 1, 4, 1, 2, 1, 1, 1, 1, 2, 4, 4, 4, 1, 1, 3, 0, 0, 3, 0, 1, 1, 4, 4, 2, 1, 1, 1, 1, 4, 0, 1, 0, 2, 0, 1, 0, 3, 0, 1, 0, 1, 2, 3, 1, 4, 1, 2, 1, 1, 2, 1, 2, 0, 4, 1, 1, 1, 2, 1, 1, 1, 4, 1, 1, 1, 4, 4, 2, 4, 0, 4, 1, 2, 1, 1, 1, 1, 1, 2, 0, 1, 4, 0, 2, 1, 1, 0, 0, 2, 4, 1, 1, 1, 1, 4, 1]|[0, 1, 1, 1, 0, 2, 0, 2, 0, 0, 0, 0, 1, 0, 0, 3, 0, 1, 3, 1, 0, 1, 0, 0, 0, 2, 3, 1, 0, 1, 0, 0, 0, 0, 1, 0, 1, 0, 1, 3, 1, 0, 0, 1, 0, 1, 0, 0, 2, 0, 0, 1, 1, 0, 0, 1, 0, 0, 0, 0, 0, 0, 0, 0, 0, 1, 0, 0, 0, 3, 0, 1, 3, 0, 3, 1, 0, 2, 0, 0, 0, 0, 0, 1, 0, 0, 2, 0, 1, 0, 0, 1, 0, 0, 1, 0, 0, 0, 0, 0]
event=1268:G4_BALANCED:leader:action=2,fingerprint=[51, 8, 83, 31, 94, 11, 15, 22, 30, 19, 84, 77, 73, 1, 81, 53, 57, 88, 62, 97, 76, 68, 91, 5, 98, 2, 3, 16, 99, 14, 20, 10, 58, 93, 24, 72, 49, 59, 38, 28, 92, 67, 9, 18, 32, 87, 12, 26, 74, 95, 63, 4, 47, 27, 37, 43, 96, 23, 78, 75, 60, 64, 56, 48, 6, 66, 79, 7, 36, 34, 85, 52, 55, 61, 54, 89, 71, 41, 21, 46, 25, 35, 45, 50, 40, 80, 82, 42, 33, 39, 0, 90, 69, 65, 44, 13, 17, 29, 86, 70]|[2, 0, 1, 1, 2, 1, 0, 1, 2, 0, 0, 1, 0, 1, 1, 1, 2, 0, 1, 1, 0, 1, 0, 0, 1, 1, 1, 0, 1, 1, 2, 2, 1, 2, 0, 0, 0, 0, 2, 1, 1, 0, 0, 1, 2, 0, 1, 0, 1, 2, 0, 0, 1, 0, 2, 2, 0, 1, 0, 2, 2, 0, 2, 0, 2, 1, 2, 0, 0, 1, 1, 0, 1, 0, 1, 2, 2, 1, 2, 2, 2, 2, 0, 1, 1, 1, 1, 0, 0, 2, 0, 1, 0, 1, 0, 2, 2, 2, 1, 0]|[1, 2, 2, 2, 1, 4, 1, 2, 1, 1, 1, 1, 2, 4, 4, 4, 1, 1, 3, 0, 0, 3, 0, 1, 1, 4, 4, 2, 1, 1, 1, 1, 4, 0, 1, 0, 2, 0, 1, 0, 3, 0, 1, 0, 1, 2, 3, 1, 4, 1, 2, 1, 1, 2, 1, 2, 0, 4, 1, 1, 1, 2, 1, 1, 1, 4, 1, 1, 1, 4, 4, 2, 4, 0, 4, 1, 2, 1, 1, 1, 1, 1, 2, 0, 1, 4, 0, 2, 1, 1, 0, 0, 2, 4, 1, 1, 1, 1, 4, 1]|[0, 1, 1, 1, 0, 2, 0, 2, 0, 0, 0, 0, 1, 0, 0, 3, 0, 1, 3, 1, 0, 1, 0, 0, 0, 2, 3, 1, 0, 1, 0, 0, 0, 0, 1, 0, 1, 0, 1, 3, 1, 0, 0, 1, 0, 1, 0, 0, 2, 0, 0, 1, 1, 0, 0, 1, 0, 0, 0, 0, 0, 0, 0, 0, 0, 1, 0, 0, 0, 3, 0, 1, 3, 0, 3, 1, 0, 2, 0, 0, 0, 0, 0, 1, 0, 0, 2, 0, 1, 0, 0, 1, 0, 0, 1, 0, 0, 0, 0, 0]
event=1269:G2_TEC:action:mode=exploit,state=1,draw=0.3680928435190428,action=0
event=1270:G2_TEC:leader:action=0,fingerprint=[51, 8, 83, 31, 94, 11, 15, 22, 57, 19, 84, 77, 73, 1, 81, 14, 98, 79, 3, 16, 2, 99, 5, 91, 62, 43, 68, 76, 97, 40, 27, 30, 53, 20, 58, 93, 24, 72, 49, 59, 38, 28, 92, 67, 9, 18, 17, 87, 12, 26, 71, 74, 95, 63, 4, 47, 88, 37, 96, 23, 78, 10, 66, 6, 48, 56, 29, 64, 60, 46, 7, 36, 34, 85, 52, 55, 61, 86, 89, 41, 32, 39, 33, 42, 75, 80, 54, 25, 35, 70, 21, 0, 44, 50, 69, 65, 90, 13, 82, 45]|[2, 0, 1, 1, 2, 1, 0, 1, 2, 0, 0, 1, 0, 2, 1, 1, 1, 2, 1, 0, 1, 1, 0, 0, 1, 0, 1, 0, 1, 1, 0, 2, 1, 0, 1, 2, 2, 0, 0, 0, 2, 1, 1, 1, 0, 0, 2, 0, 1, 0, 2, 1, 2, 0, 2, 0, 2, 2, 1, 2, 0, 2, 1, 2, 0, 1, 2, 2, 2, 1, 0, 0, 0, 1, 0, 1, 0, 1, 2, 1, 2, 1, 1, 0, 2, 1, 1, 2, 2, 2, 1, 0, 0, 2, 0, 2, 1, 2, 1, 0]|[2, 2, 2, 2, 2, 4, 1, 2, 1, 1, 0, 4, 2, 2, 4, 1, 1, 1, 4, 2, 4, 1, 1, 0, 3, 1, 3, 0, 0, 1, 1, 0, 4, 2, 4, 0, 2, 0, 2, 0, 1, 0, 3, 0, 1, 1, 1, 2, 3, 1, 1, 4, 1, 2, 1, 0, 1, 1, 3, 1, 1, 1, 4, 1, 1, 0, 1, 1, 1, 4, 1, 1, 0, 0, 2, 4, 0, 4, 1, 0, 1, 4, 4, 2, 1, 4, 4, 1, 1, 1, 4, 2, 1, 1, 2, 1, 0, 1, 0, 2]|[0, 0, 1, 1, 0, 2, 0, 2, 0, 0, 0, 0, 1, 0, 0, 1, 0, 0, 3, 1, 2, 0, 0, 0, 3, 0, 1, 0, 1, 0, 1, 0, 3, 0, 0, 0, 0, 0, 1, 0, 1, 3, 1, 1, 0, 0, 0, 1, 0, 0, 0, 2, 0, 0, 0, 1, 0, 0, 3, 0, 0, 0, 1, 0, 0, 1, 0, 0, 0, 0, 0, 0, 0, 1, 1, 3, 0, 0, 0, 1, 0, 3, 0, 0, 0, 0, 3, 0, 0, 0, 0, 0, 1, 0, 0, 0, 1, 0, 2, 0]
event=1271:G3_TWC:action:mode=exploit,state=1,draw=0.23355465429432354,action=2
event=1272:G3_TWC:tournament:reason=action2,left=20,right=15,selected=[51, 8, 83, 31, 94, 11, 15, 22, 57, 19, 84, 77, 73, 1, 81, 14, 98, 79, 44, 16, 2, 99, 5, 91, 62, 43, 68, 76, 97, 40, 88, 30, 53, 20, 58, 93, 24, 72, 49, 59, 95, 28, 92, 67, 9, 18, 17, 87, 12, 26, 71, 74, 38, 63, 4, 47, 27, 37, 96, 23, 78, 10, 66, 6, 48, 56, 29, 64, 60, 46, 7, 36, 34, 85, 52, 55, 61, 86, 89, 41, 32, 39, 33, 42, 54, 80, 75, 25, 35, 70, 21, 0, 3, 50, 69, 82, 65, 13, 90, 45]|[2, 0, 1, 1, 2, 1, 0, 1, 2, 0, 0, 1, 0, 1, 1, 2, 0, 2, 1, 0, 1, 0, 0, 0, 1, 2, 1, 0, 1, 1, 2, 2, 1, 0, 1, 2, 2, 0, 0, 0, 2, 1, 1, 1, 0, 2, 2, 0, 1, 2, 2, 1, 2, 0, 2, 0, 0, 2, 1, 2, 0, 2, 1, 0, 0, 2, 2, 2, 2, 1, 0, 0, 0, 1, 0, 1, 0, 1, 2, 0, 2, 2, 0, 0, 1, 1, 2, 2, 2, 0, 1, 0, 1, 2, 0, 1, 1, 2, 1, 0]|[2, 2, 2, 2, 2, 4, 1, 2, 1, 1, 0, 4, 2, 4, 4, 2, 0, 1, 4, 2, 4, 0, 1, 0, 3, 2, 3, 0, 0, 1, 1, 0, 4, 2, 4, 0, 2, 0, 2, 0, 1, 0, 3, 0, 1, 1, 1, 2, 3, 1, 2, 4, 1, 2, 1, 0, 2, 1, 3, 1, 1, 1, 4, 0, 1, 1, 1, 1, 1, 4, 1, 1, 0, 0, 2, 4, 0, 4, 1, 2, 1, 1, 1, 2, 4, 4, 1, 1, 1, 1, 4, 2, 4, 1, 2, 0, 4, 1, 0, 2]|[0, 0, 1, 1, 0, 2, 0, 2, 0, 0, 0, 0, 1, 0, 0, 0, 0, 0, 3, 1, 2, 0, 0, 0, 3, 1, 1, 0, 1, 0, 0, 0, 3, 0, 0, 0, 0, 0, 1, 0, 0, 3, 1, 1, 0, 0, 0, 0, 0, 1, 0, 2, 0, 0, 0, 1, 1, 0, 3, 0, 0, 0, 1, 1, 0, 0, 0, 0, 0, 0, 0, 0, 0, 1, 1, 3, 0, 0, 1, 0, 0, 0, 0, 0, 3, 0, 0, 0, 0, 0, 0, 0, 3, 0, 0, 2, 0, 0, 1, 0]
event=1273:G3_TWC:leader:action=2,fingerprint=[51, 8, 83, 31, 94, 11, 15, 22, 57, 19, 84, 77, 73, 1, 81, 14, 98, 79, 44, 16, 2, 99, 5, 91, 62, 43, 68, 76, 97, 40, 88, 30, 53, 20, 58, 93, 24, 72, 49, 59, 95, 28, 92, 67, 9, 18, 17, 87, 12, 26, 71, 74, 38, 63, 4, 47, 27, 37, 96, 23, 78, 10, 66, 6, 48, 56, 29, 64, 60, 46, 7, 36, 34, 85, 52, 55, 61, 86, 89, 41, 32, 39, 33, 42, 54, 80, 75, 25, 35, 70, 21, 0, 3, 50, 69, 82, 65, 13, 90, 45]|[2, 0, 1, 1, 2, 1, 0, 1, 2, 0, 0, 1, 0, 1, 1, 2, 0, 2, 1, 0, 1, 0, 0, 0, 1, 2, 1, 0, 1, 1, 2, 2, 1, 0, 1, 2, 2, 0, 0, 0, 2, 1, 1, 1, 0, 2, 2, 0, 1, 2, 2, 1, 2, 0, 2, 0, 0, 2, 1, 2, 0, 2, 1, 0, 0, 2, 2, 2, 2, 1, 0, 0, 0, 1, 0, 1, 0, 1, 2, 0, 2, 2, 0, 0, 1, 1, 2, 2, 2, 0, 1, 0, 1, 2, 0, 1, 1, 2, 1, 0]|[2, 2, 2, 2, 2, 4, 1, 2, 1, 1, 0, 4, 2, 4, 4, 2, 0, 1, 4, 2, 4, 0, 1, 0, 3, 2, 3, 0, 0, 1, 1, 0, 4, 2, 4, 0, 2, 0, 2, 0, 1, 0, 3, 0, 1, 1, 1, 2, 3, 1, 2, 4, 1, 2, 1, 0, 2, 1, 3, 1, 1, 1, 4, 0, 1, 1, 1, 1, 1, 4, 1, 1, 0, 0, 2, 4, 0, 4, 1, 2, 1, 1, 1, 2, 4, 4, 1, 1, 1, 1, 4, 2, 4, 1, 2, 0, 4, 1, 0, 2]|[0, 0, 1, 1, 0, 2, 0, 2, 0, 0, 0, 0, 1, 0, 0, 0, 0, 0, 3, 1, 2, 0, 0, 0, 3, 1, 1, 0, 1, 0, 0, 0, 3, 0, 0, 0, 0, 0, 1, 0, 0, 3, 1, 1, 0, 0, 0, 0, 0, 1, 0, 2, 0, 0, 0, 1, 1, 0, 3, 0, 0, 0, 1, 1, 0, 0, 0, 0, 0, 0, 0, 0, 0, 1, 1, 3, 0, 0, 1, 0, 0, 0, 0, 0, 3, 0, 0, 0, 0, 0, 0, 0, 3, 0, 0, 2, 0, 0, 1, 0]
event=1274:G1_CMAX:update:state=1,action=2,reward=-48.34369695550765,nextState=1,old=-279.3576869051974,new=-271.82984647966555
event=1275:G2_TEC:update:state=1,action=0,reward=-374.5353555368565,nextState=1,old=-1444.4642132373924,new=-1530.1067261267706
event=1276:G3_TWC:update:state=1,action=2,reward=-6743.102646735497,nextState=1,old=-14196.269997127545,new=-18100.118644437534
event=1277:G4_BALANCED:update:state=1,action=2,reward=-0.17295987380272299,nextState=1,old=-0.1377079420390342,new=-0.28312622743395033
event=1278:G1_CMAX:action:mode=exploit,state=1,draw=0.2938256245661204,action=2
event=1279:G1_CMAX:tournament:reason=action2,left=14,right=63,selected=[51, 8, 83, 31, 94, 11, 15, 22, 57, 19, 84, 77, 73, 1, 81, 14, 98, 79, 3, 16, 2, 99, 5, 91, 62, 43, 68, 76, 97, 40, 27, 30, 53, 20, 58, 93, 24, 72, 49, 59, 38, 28, 92, 67, 9, 18, 17, 87, 12, 90, 71, 74, 95, 63, 4, 47, 88, 37, 96, 23, 78, 10, 66, 6, 48, 56, 29, 64, 60, 46, 7, 36, 34, 85, 52, 55, 61, 86, 89, 41, 32, 39, 33, 42, 75, 80, 54, 25, 35, 70, 44, 0, 21, 69, 50, 82, 65, 13, 26, 45]|[2, 0, 1, 1, 2, 1, 0, 1, 2, 0, 0, 1, 0, 2, 1, 1, 0, 2, 1, 0, 1, 1, 0, 0, 1, 0, 1, 0, 1, 1, 0, 2, 1, 0, 1, 2, 2, 0, 0, 0, 2, 1, 1, 1, 0, 2, 2, 0, 1, 0, 2, 1, 2, 0, 2, 0, 0, 2, 1, 2, 0, 2, 1, 2, 0, 2, 2, 2, 2, 1, 0, 0, 0, 1, 0, 1, 0, 1, 2, 1, 2, 1, 1, 0, 2, 1, 1, 2, 2, 0, 0, 0, 1, 0, 2, 1, 1, 2, 1, 0]|[2, 2, 2, 2, 2, 4, 1, 2, 1, 1, 0, 4, 2, 2, 4, 1, 0, 1, 4, 2, 4, 1, 1, 0, 3, 2, 3, 0, 0, 1, 2, 0, 4, 2, 4, 0, 2, 0, 2, 0, 1, 0, 3, 3, 2, 1, 1, 2, 3, 1, 2, 4, 1, 2, 1, 0, 2, 1, 3, 1, 1, 1, 4, 1, 1, 1, 1, 1, 1, 4, 1, 1, 0, 0, 2, 4, 0, 4, 1, 0, 1, 4, 4, 2, 1, 4, 4, 1, 1, 1, 1, 2, 4, 2, 1, 0, 4, 1, 0, 2]|[0, 0, 1, 1, 0, 2, 0, 2, 0, 0, 0, 0, 1, 0, 0, 1, 0, 0, 3, 1, 2, 0, 0, 0, 3, 0, 1, 0, 1, 0, 1, 0, 3, 0, 0, 0, 0, 0, 1, 0, 1, 3, 1, 1, 0, 0, 0, 1, 0, 0, 0, 2, 0, 0, 0, 1, 1, 0, 3, 0, 0, 0, 1, 0, 0, 0, 0, 0, 0, 0, 0, 0, 0, 1, 1, 3, 0, 0, 0, 1, 0, 3, 0, 0, 0, 0, 3, 0, 0, 0, 1, 0, 0, 0, 0, 2, 0, 0, 1, 0]
event=1280:G1_CMAX:leader:action=2,fingerprint=[51, 8, 83, 31, 94, 11, 15, 22, 57, 19, 84, 77, 73, 1, 81, 14, 98, 79, 3, 16, 2, 99, 5, 91, 62, 43, 68, 76, 97, 40, 27, 30, 53, 20, 58, 93, 24, 72, 49, 59, 38, 28, 92, 67, 9, 18, 17, 87, 12, 90, 71, 74, 95, 63, 4, 47, 88, 37, 96, 23, 78, 10, 66, 6, 48, 56, 29, 64, 60, 46, 7, 36, 34, 85, 52, 55, 61, 86, 89, 41, 32, 39, 33, 42, 75, 80, 54, 25, 35, 70, 44, 0, 21, 69, 50, 82, 65, 13, 26, 45]|[2, 0, 1, 1, 2, 1, 0, 1, 2, 0, 0, 1, 0, 2, 1, 1, 0, 2, 1, 0, 1, 1, 0, 0, 1, 0, 1, 0, 1, 1, 0, 2, 1, 0, 1, 2, 2, 0, 0, 0, 2, 1, 1, 1, 0, 2, 2, 0, 1, 0, 2, 1, 2, 0, 2, 0, 0, 2, 1, 2, 0, 2, 1, 2, 0, 2, 2, 2, 2, 1, 0, 0, 0, 1, 0, 1, 0, 1, 2, 1, 2, 1, 1, 0, 2, 1, 1, 2, 2, 0, 0, 0, 1, 0, 2, 1, 1, 2, 1, 0]|[2, 2, 2, 2, 2, 4, 1, 2, 1, 1, 0, 4, 2, 2, 4, 1, 0, 1, 4, 2, 4, 1, 1, 0, 3, 2, 3, 0, 0, 1, 2, 0, 4, 2, 4, 0, 2, 0, 2, 0, 1, 0, 3, 3, 2, 1, 1, 2, 3, 1, 2, 4, 1, 2, 1, 0, 2, 1, 3, 1, 1, 1, 4, 1, 1, 1, 1, 1, 1, 4, 1, 1, 0, 0, 2, 4, 0, 4, 1, 0, 1, 4, 4, 2, 1, 4, 4, 1, 1, 1, 1, 2, 4, 2, 1, 0, 4, 1, 0, 2]|[0, 0, 1, 1, 0, 2, 0, 2, 0, 0, 0, 0, 1, 0, 0, 1, 0, 0, 3, 1, 2, 0, 0, 0, 3, 0, 1, 0, 1, 0, 1, 0, 3, 0, 0, 0, 0, 0, 1, 0, 1, 3, 1, 1, 0, 0, 0, 1, 0, 0, 0, 2, 0, 0, 0, 1, 1, 0, 3, 0, 0, 0, 1, 0, 0, 0, 0, 0, 0, 0, 0, 0, 0, 1, 1, 3, 0, 0, 0, 1, 0, 3, 0, 0, 0, 0, 3, 0, 0, 0, 1, 0, 0, 0, 0, 2, 0, 0, 1, 0]
event=1281:G4_BALANCED:action:mode=exploit,state=1,draw=0.45740343815347406,action=1
event=1282:G4_BALANCED:leader:action=1,fingerprint=[51, 8, 83, 31, 94, 11, 15, 22, 30, 19, 84, 77, 73, 1, 81, 53, 57, 88, 62, 97, 76, 68, 91, 5, 98, 2, 3, 16, 99, 14, 20, 10, 58, 93, 24, 72, 49, 59, 38, 28, 92, 67, 9, 18, 32, 87, 12, 26, 74, 95, 63, 4, 47, 27, 37, 43, 96, 23, 78, 75, 60, 64, 56, 48, 6, 66, 79, 7, 36, 34, 85, 52, 55, 61, 54, 89, 71, 41, 21, 46, 25, 35, 45, 50, 40, 80, 82, 42, 33, 39, 0, 90, 69, 65, 44, 13, 17, 29, 86, 70]|[2, 0, 1, 1, 2, 1, 0, 1, 2, 0, 0, 1, 0, 1, 1, 1, 2, 0, 1, 1, 0, 1, 0, 0, 1, 1, 1, 0, 1, 1, 2, 2, 1, 2, 0, 0, 0, 0, 2, 1, 1, 0, 0, 1, 2, 0, 1, 0, 1, 2, 0, 0, 1, 0, 2, 2, 0, 1, 0, 2, 2, 0, 2, 0, 2, 1, 2, 0, 0, 1, 1, 0, 1, 0, 1, 2, 2, 1, 2, 2, 2, 2, 0, 1, 1, 1, 1, 0, 0, 2, 0, 1, 0, 1, 0, 2, 2, 2, 1, 0]|[1, 2, 2, 2, 1, 4, 1, 2, 1, 1, 1, 1, 2, 4, 4, 4, 1, 1, 3, 0, 0, 3, 0, 1, 1, 4, 4, 2, 1, 1, 1, 1, 4, 0, 1, 0, 2, 0, 1, 0, 3, 0, 1, 0, 1, 2, 3, 1, 4, 1, 2, 1, 1, 2, 1, 2, 0, 4, 1, 1, 1, 2, 1, 1, 1, 4, 1, 1, 1, 4, 4, 2, 4, 0, 4, 1, 2, 1, 1, 1, 1, 1, 2, 0, 1, 4, 0, 2, 1, 1, 0, 0, 2, 4, 1, 1, 1, 1, 4, 1]|[0, 1, 1, 1, 0, 2, 0, 2, 0, 0, 0, 0, 1, 0, 0, 3, 0, 1, 3, 1, 0, 1, 0, 0, 0, 2, 3, 1, 0, 1, 0, 0, 0, 0, 1, 0, 1, 0, 1, 3, 1, 0, 0, 1, 0, 1, 0, 0, 2, 0, 0, 1, 1, 0, 0, 1, 0, 0, 0, 0, 0, 0, 0, 0, 0, 1, 0, 0, 0, 3, 0, 1, 3, 0, 3, 1, 0, 2, 0, 0, 0, 0, 0, 1, 0, 0, 2, 0, 1, 0, 0, 1, 0, 0, 1, 0, 0, 0, 0, 0]
event=1283:G2_TEC:action:mode=exploit,state=1,draw=0.6496712316010045,action=2
event=1284:G2_TEC:tournament:reason=action2,left=48,right=36,selected=[51, 41, 83, 31, 94, 11, 15, 22, 57, 19, 84, 77, 73, 1, 81, 14, 98, 79, 53, 44, 2, 40, 5, 91, 62, 68, 76, 97, 99, 88, 30, 3, 20, 43, 58, 93, 24, 72, 49, 59, 38, 28, 92, 67, 9, 37, 17, 87, 12, 26, 71, 74, 95, 63, 4, 47, 27, 18, 96, 23, 78, 10, 66, 6, 48, 56, 29, 64, 60, 46, 7, 36, 34, 85, 52, 75, 61, 86, 89, 8, 32, 39, 33, 42, 55, 80, 54, 25, 35, 70, 16, 0, 21, 82, 69, 50, 65, 13, 90, 45]|[2, 0, 1, 1, 2, 1, 0, 1, 2, 0, 0, 1, 0, 1, 1, 1, 1, 2, 1, 0, 1, 1, 0, 0, 1, 1, 0, 0, 1, 1, 2, 1, 0, 2, 1, 2, 2, 0, 0, 0, 2, 1, 1, 1, 0, 0, 2, 0, 1, 0, 2, 1, 2, 0, 2, 0, 2, 2, 1, 2, 0, 2, 1, 2, 0, 1, 2, 2, 2, 1, 0, 0, 0, 1, 0, 1, 0, 1, 2, 1, 2, 1, 0, 0, 2, 1, 1, 2, 2, 0, 0, 2, 2, 1, 0, 2, 1, 2, 1, 0]|[2, 2, 2, 2, 1, 4, 1, 2, 1, 1, 0, 4, 2, 4, 4, 4, 1, 1, 4, 2, 4, 1, 1, 0, 3, 3, 0, 0, 1, 1, 1, 4, 2, 2, 4, 0, 2, 0, 2, 0, 1, 0, 3, 0, 2, 1, 1, 2, 3, 1, 1, 4, 1, 2, 1, 0, 1, 1, 3, 1, 1, 1, 4, 1, 1, 0, 1, 1, 1, 4, 1, 1, 0, 0, 2, 4, 0, 4, 1, 0, 1, 4, 1, 2, 1, 4, 4, 1, 1, 1, 2, 1, 1, 0, 2, 1, 4, 1, 0, 2]|[0, 0, 1, 1, 0, 2, 0, 2, 0, 0, 0, 0, 1, 0, 0, 3, 0, 0, 3, 1, 2, 0, 0, 0, 3, 1, 0, 0, 0, 0, 0, 3, 0, 1, 0, 0, 0, 0, 1, 0, 1, 3, 1, 1, 0, 0, 0, 1, 0, 0, 0, 2, 0, 0, 0, 1, 0, 0, 3, 0, 0, 0, 1, 0, 0, 1, 0, 0, 0, 0, 0, 0, 0, 1, 1, 3, 0, 0, 0, 1, 0, 3, 1, 0, 0, 0, 3, 0, 0, 0, 1, 0, 0, 2, 0, 0, 0, 0, 1, 0]
event=1285:G2_TEC:leader:action=2,fingerprint=[51, 41, 83, 31, 94, 11, 15, 22, 57, 19, 84, 77, 73, 1, 81, 14, 98, 79, 53, 44, 2, 40, 5, 91, 62, 68, 76, 97, 99, 88, 30, 3, 20, 43, 58, 93, 24, 72, 49, 59, 38, 28, 92, 67, 9, 37, 17, 87, 12, 26, 71, 74, 95, 63, 4, 47, 27, 18, 96, 23, 78, 10, 66, 6, 48, 56, 29, 64, 60, 46, 7, 36, 34, 85, 52, 75, 61, 86, 89, 8, 32, 39, 33, 42, 55, 80, 54, 25, 35, 70, 16, 0, 21, 82, 69, 50, 65, 13, 90, 45]|[2, 0, 1, 1, 2, 1, 0, 1, 2, 0, 0, 1, 0, 1, 1, 1, 1, 2, 1, 0, 1, 1, 0, 0, 1, 1, 0, 0, 1, 1, 2, 1, 0, 2, 1, 2, 2, 0, 0, 0, 2, 1, 1, 1, 0, 0, 2, 0, 1, 0, 2, 1, 2, 0, 2, 0, 2, 2, 1, 2, 0, 2, 1, 2, 0, 1, 2, 2, 2, 1, 0, 0, 0, 1, 0, 1, 0, 1, 2, 1, 2, 1, 0, 0, 2, 1, 1, 2, 2, 0, 0, 2, 2, 1, 0, 2, 1, 2, 1, 0]|[2, 2, 2, 2, 1, 4, 1, 2, 1, 1, 0, 4, 2, 4, 4, 4, 1, 1, 4, 2, 4, 1, 1, 0, 3, 3, 0, 0, 1, 1, 1, 4, 2, 2, 4, 0, 2, 0, 2, 0, 1, 0, 3, 0, 2, 1, 1, 2, 3, 1, 1, 4, 1, 2, 1, 0, 1, 1, 3, 1, 1, 1, 4, 1, 1, 0, 1, 1, 1, 4, 1, 1, 0, 0, 2, 4, 0, 4, 1, 0, 1, 4, 1, 2, 1, 4, 4, 1, 1, 1, 2, 1, 1, 0, 2, 1, 4, 1, 0, 2]|[0, 0, 1, 1, 0, 2, 0, 2, 0, 0, 0, 0, 1, 0, 0, 3, 0, 0, 3, 1, 2, 0, 0, 0, 3, 1, 0, 0, 0, 0, 0, 3, 0, 1, 0, 0, 0, 0, 1, 0, 1, 3, 1, 1, 0, 0, 0, 1, 0, 0, 0, 2, 0, 0, 0, 1, 0, 0, 3, 0, 0, 0, 1, 0, 0, 1, 0, 0, 0, 0, 0, 0, 0, 1, 1, 3, 0, 0, 0, 1, 0, 3, 1, 0, 0, 0, 3, 0, 0, 0, 1, 0, 0, 2, 0, 0, 0, 0, 1, 0]
event=1286:G3_TWC:action:mode=exploit,state=1,draw=0.6130220811230603,action=0
event=1287:G3_TWC:leader:action=0,fingerprint=[51, 8, 83, 31, 94, 11, 15, 22, 57, 19, 84, 77, 73, 1, 81, 14, 98, 79, 44, 16, 2, 99, 5, 91, 62, 43, 68, 76, 97, 40, 88, 30, 53, 20, 58, 93, 24, 72, 49, 59, 95, 28, 92, 67, 9, 18, 17, 87, 12, 26, 71, 74, 38, 63, 4, 47, 27, 37, 96, 23, 78, 10, 66, 6, 48, 56, 29, 64, 60, 46, 7, 36, 34, 85, 52, 55, 61, 86, 89, 41, 32, 39, 33, 42, 54, 80, 75, 25, 35, 70, 21, 0, 3, 50, 69, 82, 65, 13, 90, 45]|[2, 0, 1, 1, 2, 1, 0, 1, 2, 0, 0, 1, 0, 1, 1, 2, 0, 2, 1, 0, 1, 0, 0, 0, 1, 2, 1, 0, 1, 1, 2, 2, 1, 0, 1, 2, 2, 0, 0, 0, 2, 1, 1, 1, 0, 2, 2, 0, 1, 2, 2, 1, 2, 0, 2, 0, 0, 2, 1, 2, 0, 2, 1, 0, 0, 2, 2, 2, 2, 1, 0, 0, 0, 1, 0, 1, 0, 1, 2, 0, 2, 2, 0, 0, 1, 1, 2, 2, 2, 0, 1, 0, 1, 2, 0, 1, 1, 2, 1, 0]|[2, 2, 2, 2, 2, 4, 1, 2, 1, 1, 0, 4, 2, 4, 4, 2, 0, 1, 4, 2, 4, 0, 1, 0, 3, 2, 3, 0, 0, 1, 1, 0, 4, 2, 4, 0, 2, 0, 2, 0, 1, 0, 3, 0, 1, 1, 1, 2, 3, 1, 2, 4, 1, 2, 1, 0, 2, 1, 3, 1, 1, 1, 4, 0, 1, 1, 1, 1, 1, 4, 1, 1, 0, 0, 2, 4, 0, 4, 1, 2, 1, 1, 1, 2, 4, 4, 1, 1, 1, 1, 4, 2, 4, 1, 2, 0, 4, 1, 0, 2]|[0, 0, 1, 1, 0, 2, 0, 2, 0, 0, 0, 0, 1, 0, 0, 0, 0, 0, 3, 1, 2, 0, 0, 0, 3, 1, 1, 0, 1, 0, 0, 0, 3, 0, 0, 0, 0, 0, 1, 0, 0, 3, 1, 1, 0, 0, 0, 0, 0, 1, 0, 2, 0, 0, 0, 1, 1, 0, 3, 0, 0, 0, 1, 1, 0, 0, 0, 0, 0, 0, 0, 0, 0, 1, 1, 3, 0, 0, 1, 0, 0, 0, 0, 0, 3, 0, 0, 0, 0, 0, 0, 0, 3, 0, 0, 2, 0, 0, 1, 0]
event=1288:G1_CMAX:update:state=1,action=2,reward=-37.692858112763474,nextState=1,old=-271.82984647966555,new=-255.15673529649592
event=1289:G2_TEC:update:state=1,action=2,reward=-70.08338676419953,nextState=1,old=-1528.4822684753633,new=-1292.8692015444901
event=1290:G3_TWC:update:state=1,action=0,reward=-5517.613793475321,nextState=1,old=-15835.262638648688,new=-18185.823904394274
event=1291:G4_BALANCED:update:state=1,action=1,reward=-0.17060132287985025,nextState=1,old=-0.14202350864785732,new=-0.2842201297981361
event=1292:G1_CMAX:action:mode=exploit,state=1,draw=0.4007478561407074,action=2
event=1293:G1_CMAX:tournament:reason=action2,left=67,right=34,selected=[51, 8, 83, 31, 94, 11, 15, 16, 57, 19, 84, 77, 73, 1, 81, 14, 98, 79, 3, 22, 2, 99, 5, 91, 62, 43, 68, 76, 97, 40, 88, 30, 53, 20, 58, 93, 24, 72, 49, 59, 38, 28, 92, 67, 9, 18, 17, 87, 12, 26, 71, 74, 95, 63, 4, 47, 27, 37, 96, 23, 78, 10, 66, 6, 48, 56, 29, 64, 60, 46, 7, 36, 34, 85, 52, 55, 61, 86, 89, 41, 32, 39, 33, 42, 75, 80, 54, 25, 35, 82, 44, 0, 21, 70, 69, 50, 65, 13, 90, 45]|[2, 0, 1, 1, 2, 1, 2, 1, 2, 0, 0, 1, 0, 1, 2, 1, 0, 2, 1, 0, 1, 1, 0, 0, 1, 0, 1, 0, 1, 1, 2, 0, 1, 0, 1, 2, 2, 0, 0, 0, 2, 1, 1, 1, 0, 2, 2, 0, 1, 0, 2, 1, 2, 0, 2, 0, 0, 2, 1, 2, 0, 2, 1, 0, 0, 2, 2, 2, 2, 1, 0, 0, 0, 1, 0, 1, 2, 1, 2, 1, 0, 1, 1, 0, 2, 1, 1, 2, 2, 1, 0, 0, 2, 2, 0, 2, 1, 2, 1, 0]|[2, 2, 2, 2, 2, 4, 2, 2, 1, 1, 0, 4, 2, 4, 1, 1, 0, 1, 4, 2, 4, 1, 1, 0, 3, 1, 3, 0, 0, 1, 1, 2, 4, 2, 4, 0, 2, 0, 2, 0, 1, 0, 3, 3, 1, 2, 1, 2, 3, 1, 1, 4, 1, 2, 1, 0, 1, 1, 3, 1, 1, 1, 4, 0, 1, 1, 1, 1, 1, 4, 1, 1, 0, 0, 2, 4, 1, 4, 1, 0, 2, 4, 4, 2, 1, 4, 4, 1, 1, 0, 1, 2, 1, 1, 2, 1, 4, 1, 0, 2]|[0, 0, 1, 1, 0, 2, 0, 2, 0, 0, 0, 0, 1, 0, 0, 1, 0, 0, 3, 1, 2, 0, 0, 0, 3, 0, 1, 0, 1, 0, 0, 1, 3, 0, 0, 0, 0, 0, 1, 0, 1, 3, 1, 1, 0, 0, 0, 1, 0, 0, 0, 2, 0, 0, 0, 1, 1, 0, 3, 0, 0, 0, 1, 1, 0, 0, 0, 0, 0, 0, 0, 0, 0, 1, 1, 3, 0, 0, 0, 1, 0, 3, 0, 0, 0, 0, 3, 0, 0, 2, 1, 0, 0, 0, 0, 0, 0, 0, 1, 0]
event=1294:G1_CMAX:leader:action=2,fingerprint=[51, 8, 83, 31, 94, 11, 15, 16, 57, 19, 84, 77, 73, 1, 81, 14, 98, 79, 3, 22, 2, 99, 5, 91, 62, 43, 68, 76, 97, 40, 88, 30, 53, 20, 58, 93, 24, 72, 49, 59, 38, 28, 92, 67, 9, 18, 17, 87, 12, 26, 71, 74, 95, 63, 4, 47, 27, 37, 96, 23, 78, 10, 66, 6, 48, 56, 29, 64, 60, 46, 7, 36, 34, 85, 52, 55, 61, 86, 89, 41, 32, 39, 33, 42, 75, 80, 54, 25, 35, 82, 44, 0, 21, 70, 69, 50, 65, 13, 90, 45]|[2, 0, 1, 1, 2, 1, 2, 1, 2, 0, 0, 1, 0, 1, 2, 1, 0, 2, 1, 0, 1, 1, 0, 0, 1, 0, 1, 0, 1, 1, 2, 0, 1, 0, 1, 2, 2, 0, 0, 0, 2, 1, 1, 1, 0, 2, 2, 0, 1, 0, 2, 1, 2, 0, 2, 0, 0, 2, 1, 2, 0, 2, 1, 0, 0, 2, 2, 2, 2, 1, 0, 0, 0, 1, 0, 1, 2, 1, 2, 1, 0, 1, 1, 0, 2, 1, 1, 2, 2, 1, 0, 0, 2, 2, 0, 2, 1, 2, 1, 0]|[2, 2, 2, 2, 2, 4, 2, 2, 1, 1, 0, 4, 2, 4, 1, 1, 0, 1, 4, 2, 4, 1, 1, 0, 3, 1, 3, 0, 0, 1, 1, 2, 4, 2, 4, 0, 2, 0, 2, 0, 1, 0, 3, 3, 1, 2, 1, 2, 3, 1, 1, 4, 1, 2, 1, 0, 1, 1, 3, 1, 1, 1, 4, 0, 1, 1, 1, 1, 1, 4, 1, 1, 0, 0, 2, 4, 1, 4, 1, 0, 2, 4, 4, 2, 1, 4, 4, 1, 1, 0, 1, 2, 1, 1, 2, 1, 4, 1, 0, 2]|[0, 0, 1, 1, 0, 2, 0, 2, 0, 0, 0, 0, 1, 0, 0, 1, 0, 0, 3, 1, 2, 0, 0, 0, 3, 0, 1, 0, 1, 0, 0, 1, 3, 0, 0, 0, 0, 0, 1, 0, 1, 3, 1, 1, 0, 0, 0, 1, 0, 0, 0, 2, 0, 0, 0, 1, 1, 0, 3, 0, 0, 0, 1, 1, 0, 0, 0, 0, 0, 0, 0, 0, 0, 1, 1, 3, 0, 0, 0, 1, 0, 3, 0, 0, 0, 0, 3, 0, 0, 2, 1, 0, 0, 0, 0, 0, 0, 0, 1, 0]
event=1295:G4_BALANCED:action:mode=exploit,state=1,draw=0.5985096304816457,action=0
event=1296:G4_BALANCED:leader:action=0,fingerprint=[51, 8, 83, 31, 94, 11, 15, 22, 30, 19, 84, 77, 73, 1, 81, 53, 57, 88, 62, 97, 76, 68, 91, 5, 98, 2, 3, 16, 99, 14, 20, 10, 58, 93, 24, 72, 49, 59, 38, 28, 92, 67, 9, 18, 32, 87, 12, 26, 74, 95, 63, 4, 47, 27, 37, 43, 96, 23, 78, 75, 60, 64, 56, 48, 6, 66, 79, 7, 36, 34, 85, 52, 55, 61, 54, 89, 71, 41, 21, 46, 25, 35, 45, 50, 40, 80, 82, 42, 33, 39, 0, 90, 69, 65, 44, 13, 17, 29, 86, 70]|[2, 0, 1, 1, 2, 1, 0, 1, 2, 0, 0, 1, 0, 1, 1, 1, 2, 0, 1, 1, 0, 1, 0, 0, 1, 1, 1, 0, 1, 1, 2, 2, 1, 2, 0, 0, 0, 0, 2, 1, 1, 0, 0, 1, 2, 0, 1, 0, 1, 2, 0, 0, 1, 0, 2, 2, 0, 1, 0, 2, 2, 0, 2, 0, 2, 1, 2, 0, 0, 1, 1, 0, 1, 0, 1, 2, 2, 1, 2, 2, 2, 2, 0, 1, 1, 1, 1, 0, 0, 2, 0, 1, 0, 1, 0, 2, 2, 2, 1, 0]|[1, 2, 2, 2, 1, 4, 1, 2, 1, 1, 1, 1, 2, 4, 4, 4, 1, 1, 3, 0, 0, 3, 0, 1, 1, 4, 4, 2, 1, 1, 1, 1, 4, 0, 1, 0, 2, 0, 1, 0, 3, 0, 1, 0, 1, 2, 3, 1, 4, 1, 2, 1, 1, 2, 1, 2, 0, 4, 1, 1, 1, 2, 1, 1, 1, 4, 1, 1, 1, 4, 4, 2, 4, 0, 4, 1, 2, 1, 1, 1, 1, 1, 2, 0, 1, 4, 0, 2, 1, 1, 0, 0, 2, 4, 1, 1, 1, 1, 4, 1]|[0, 1, 1, 1, 0, 2, 0, 2, 0, 0, 0, 0, 1, 0, 0, 3, 0, 1, 3, 1, 0, 1, 0, 0, 0, 2, 3, 1, 0, 1, 0, 0, 0, 0, 1, 0, 1, 0, 1, 3, 1, 0, 0, 1, 0, 1, 0, 0, 2, 0, 0, 1, 1, 0, 0, 1, 0, 0, 0, 0, 0, 0, 0, 0, 0, 1, 0, 0, 0, 3, 0, 1, 3, 0, 3, 1, 0, 2, 0, 0, 0, 0, 0, 1, 0, 0, 2, 0, 1, 0, 0, 1, 0, 0, 1, 0, 0, 0, 0, 0]
event=1297:G2_TEC:action:mode=exploit,state=1,draw=0.25074159378936633,action=2
event=1298:G2_TEC:tournament:reason=action2,left=28,right=6,selected=[51, 8, 83, 31, 94, 11, 15, 22, 57, 19, 84, 77, 73, 1, 81, 14, 98, 79, 3, 16, 2, 99, 5, 91, 62, 43, 68, 76, 97, 40, 88, 30, 53, 20, 58, 93, 24, 72, 49, 59, 38, 28, 92, 67, 9, 18, 17, 87, 12, 26, 71, 74, 95, 63, 4, 47, 27, 37, 96, 23, 78, 10, 66, 6, 48, 56, 29, 64, 60, 46, 7, 36, 34, 85, 52, 55, 61, 86, 89, 41, 32, 39, 33, 42, 75, 80, 54, 25, 35, 82, 44, 0, 21, 50, 69, 70, 65, 13, 90, 45]|[2, 0, 1, 1, 2, 1, 0, 1, 2, 0, 0, 1, 0, 1, 1, 1, 1, 2, 1, 2, 1, 1, 1, 0, 1, 2, 1, 0, 1, 1, 2, 2, 1, 0, 1, 2, 0, 0, 0, 0, 2, 1, 1, 1, 0, 0, 2, 0, 1, 0, 2, 1, 2, 0, 2, 0, 0, 2, 1, 0, 0, 2, 2, 2, 1, 2, 2, 0, 2, 0, 0, 0, 0, 1, 0, 1, 0, 1, 2, 1, 0, 1, 0, 0, 2, 1, 2, 2, 2, 1, 0, 1, 2, 2, 0, 0, 1, 2, 1, 0]|[2, 2, 2, 2, 2, 4, 1, 2, 1, 1, 1, 4, 2, 4, 4, 1, 1, 1, 4, 1, 4, 1, 0, 0, 3, 2, 3, 0, 0, 1, 1, 0, 4, 2, 4, 0, 0, 0, 2, 0, 1, 0, 3, 0, 1, 1, 1, 2, 3, 1, 1, 4, 1, 2, 1, 0, 2, 1, 3, 1, 1, 1, 1, 1, 1, 1, 1, 2, 1, 0, 1, 1, 0, 0, 2, 4, 0, 4, 1, 0, 2, 4, 1, 2, 1, 4, 1, 1, 1, 0, 1, 0, 1, 1, 2, 1, 4, 1, 0, 2]|[0, 0, 1, 1, 0, 2, 0, 2, 0, 0, 0, 0, 1, 0, 0, 1, 0, 0, 3, 0, 2, 0, 0, 0, 3, 1, 1, 0, 1, 0, 0, 0, 3, 0, 0, 0, 0, 0, 1, 0, 1, 3, 1, 1, 0, 0, 0, 1, 0, 0, 0, 2, 0, 0, 0, 1, 1, 0, 3, 0, 0, 0, 0, 0, 2, 0, 0, 0, 0, 1, 0, 0, 0, 1, 1, 3, 0, 0, 0, 1, 0, 3, 1, 0, 0, 0, 0, 0, 0, 2, 1, 1, 0, 0, 0, 0, 0, 0, 1, 0]
event=1299:G2_TEC:leader:action=2,fingerprint=[51, 8, 83, 31, 94, 11, 15, 22, 57, 19, 84, 77, 73, 1, 81, 14, 98, 79, 3, 16, 2, 99, 5, 91, 62, 43, 68, 76, 97, 40, 88, 30, 53, 20, 58, 93, 24, 72, 49, 59, 38, 28, 92, 67, 9, 18, 17, 87, 12, 26, 71, 74, 95, 63, 4, 47, 27, 37, 96, 23, 78, 10, 66, 6, 48, 56, 29, 64, 60, 46, 7, 36, 34, 85, 52, 55, 61, 86, 89, 41, 32, 39, 33, 42, 75, 80, 54, 25, 35, 82, 44, 0, 21, 50, 69, 70, 65, 13, 90, 45]|[2, 0, 1, 1, 2, 1, 0, 1, 2, 0, 0, 1, 0, 1, 1, 1, 1, 2, 1, 2, 1, 1, 1, 0, 1, 2, 1, 0, 1, 1, 2, 2, 1, 0, 1, 2, 0, 0, 0, 0, 2, 1, 1, 1, 0, 0, 2, 0, 1, 0, 2, 1, 2, 0, 2, 0, 0, 2, 1, 0, 0, 2, 2, 2, 1, 2, 2, 0, 2, 0, 0, 0, 0, 1, 0, 1, 0, 1, 2, 1, 0, 1, 0, 0, 2, 1, 2, 2, 2, 1, 0, 1, 2, 2, 0, 0, 1, 2, 1, 0]|[2, 2, 2, 2, 2, 4, 1, 2, 1, 1, 1, 4, 2, 4, 4, 1, 1, 1, 4, 1, 4, 1, 0, 0, 3, 2, 3, 0, 0, 1, 1, 0, 4, 2, 4, 0, 0, 0, 2, 0, 1, 0, 3, 0, 1, 1, 1, 2, 3, 1, 1, 4, 1, 2, 1, 0, 2, 1, 3, 1, 1, 1, 1, 1, 1, 1, 1, 2, 1, 0, 1, 1, 0, 0, 2, 4, 0, 4, 1, 0, 2, 4, 1, 2, 1, 4, 1, 1, 1, 0, 1, 0, 1, 1, 2, 1, 4, 1, 0, 2]|[0, 0, 1, 1, 0, 2, 0, 2, 0, 0, 0, 0, 1, 0, 0, 1, 0, 0, 3, 0, 2, 0, 0, 0, 3, 1, 1, 0, 1, 0, 0, 0, 3, 0, 0, 0, 0, 0, 1, 0, 1, 3, 1, 1, 0, 0, 0, 1, 0, 0, 0, 2, 0, 0, 0, 1, 1, 0, 3, 0, 0, 0, 0, 0, 2, 0, 0, 0, 0, 1, 0, 0, 0, 1, 1, 3, 0, 0, 0, 1, 0, 3, 1, 0, 0, 0, 0, 0, 0, 2, 1, 1, 0, 0, 0, 0, 0, 0, 1, 0]
event=1300:G3_TWC:action:mode=exploit,state=1,draw=0.11283766830288944,action=2
event=1301:G3_TWC:tournament:reason=action2,left=36,right=30,selected=[51, 8, 83, 31, 94, 11, 15, 22, 57, 19, 84, 77, 73, 1, 81, 14, 98, 79, 3, 16, 2, 99, 5, 91, 62, 43, 68, 76, 97, 40, 27, 30, 53, 20, 58, 93, 24, 72, 49, 59, 38, 28, 92, 67, 9, 18, 17, 87, 12, 26, 71, 74, 95, 63, 4, 47, 88, 37, 96, 23, 78, 10, 66, 46, 48, 56, 29, 64, 60, 6, 7, 36, 34, 85, 52, 55, 61, 86, 89, 41, 32, 39, 33, 42, 75, 80, 54, 25, 70, 35, 21, 0, 44, 50, 82, 90, 69, 13, 65, 45]|[2, 0, 1, 2, 2, 1, 0, 1, 2, 0, 0, 1, 0, 1, 1, 2, 0, 2, 1, 2, 1, 1, 1, 0, 1, 2, 1, 0, 1, 1, 0, 2, 1, 0, 1, 2, 2, 0, 0, 0, 2, 1, 1, 1, 0, 2, 2, 0, 1, 0, 2, 1, 2, 0, 2, 0, 2, 2, 1, 2, 0, 2, 1, 1, 0, 2, 2, 0, 2, 1, 0, 0, 1, 1, 0, 1, 2, 1, 2, 1, 0, 1, 1, 0, 2, 1, 1, 2, 1, 2, 2, 0, 2, 2, 1, 0, 0, 2, 1, 0]|[2, 2, 2, 2, 2, 4, 1, 2, 1, 1, 0, 4, 2, 4, 4, 2, 0, 1, 4, 1, 4, 1, 0, 0, 3, 2, 3, 0, 0, 1, 2, 0, 4, 2, 4, 0, 2, 0, 2, 0, 1, 0, 3, 0, 1, 1, 1, 2, 3, 1, 1, 4, 1, 2, 1, 0, 1, 1, 3, 1, 1, 1, 4, 4, 1, 1, 1, 2, 1, 4, 1, 1, 0, 0, 2, 4, 1, 4, 1, 0, 2, 4, 4, 2, 1, 4, 4, 1, 0, 1, 1, 2, 1, 1, 0, 2, 2, 1, 4, 2]|[0, 0, 1, 0, 0, 2, 0, 2, 0, 0, 0, 0, 1, 0, 0, 0, 0, 0, 3, 0, 2, 0, 0, 0, 3, 1, 1, 0, 1, 0, 1, 0, 3, 0, 0, 0, 0, 0, 1, 0, 1, 3, 1, 1, 0, 0, 0, 1, 0, 0, 0, 2, 0, 0, 0, 1, 0, 0, 3, 0, 0, 0, 1, 0, 0, 0, 0, 0, 0, 0, 0, 0, 1, 1, 1, 3, 0, 0, 1, 1, 0, 3, 0, 0, 0, 0, 3, 0, 2, 0, 0, 0, 0, 0, 2, 1, 0, 0, 0, 0]
event=1302:G3_TWC:leader:action=2,fingerprint=[51, 8, 83, 31, 94, 11, 15, 22, 57, 19, 84, 77, 73, 1, 81, 14, 98, 79, 3, 16, 2, 99, 5, 91, 62, 43, 68, 76, 97, 40, 27, 30, 53, 20, 58, 93, 24, 72, 49, 59, 38, 28, 92, 67, 9, 18, 17, 87, 12, 26, 71, 74, 95, 63, 4, 47, 88, 37, 96, 23, 78, 10, 66, 46, 48, 56, 29, 64, 60, 6, 7, 36, 34, 85, 52, 55, 61, 86, 89, 41, 32, 39, 33, 42, 75, 80, 54, 25, 70, 35, 21, 0, 44, 50, 82, 90, 69, 13, 65, 45]|[2, 0, 1, 2, 2, 1, 0, 1, 2, 0, 0, 1, 0, 1, 1, 2, 0, 2, 1, 2, 1, 1, 1, 0, 1, 2, 1, 0, 1, 1, 0, 2, 1, 0, 1, 2, 2, 0, 0, 0, 2, 1, 1, 1, 0, 2, 2, 0, 1, 0, 2, 1, 2, 0, 2, 0, 2, 2, 1, 2, 0, 2, 1, 1, 0, 2, 2, 0, 2, 1, 0, 0, 1, 1, 0, 1, 2, 1, 2, 1, 0, 1, 1, 0, 2, 1, 1, 2, 1, 2, 2, 0, 2, 2, 1, 0, 0, 2, 1, 0]|[2, 2, 2, 2, 2, 4, 1, 2, 1, 1, 0, 4, 2, 4, 4, 2, 0, 1, 4, 1, 4, 1, 0, 0, 3, 2, 3, 0, 0, 1, 2, 0, 4, 2, 4, 0, 2, 0, 2, 0, 1, 0, 3, 0, 1, 1, 1, 2, 3, 1, 1, 4, 1, 2, 1, 0, 1, 1, 3, 1, 1, 1, 4, 4, 1, 1, 1, 2, 1, 4, 1, 1, 0, 0, 2, 4, 1, 4, 1, 0, 2, 4, 4, 2, 1, 4, 4, 1, 0, 1, 1, 2, 1, 1, 0, 2, 2, 1, 4, 2]|[0, 0, 1, 0, 0, 2, 0, 2, 0, 0, 0, 0, 1, 0, 0, 0, 0, 0, 3, 0, 2, 0, 0, 0, 3, 1, 1, 0, 1, 0, 1, 0, 3, 0, 0, 0, 0, 0, 1, 0, 1, 3, 1, 1, 0, 0, 0, 1, 0, 0, 0, 2, 0, 0, 0, 1, 0, 0, 3, 0, 0, 0, 1, 0, 0, 0, 0, 0, 0, 0, 0, 0, 1, 1, 1, 3, 0, 0, 1, 1, 0, 3, 0, 0, 0, 0, 3, 0, 2, 0, 0, 0, 0, 0, 2, 1, 0, 0, 0, 0]
event=1303:G1_CMAX:update:state=1,action=2,reward=-29.236088963860766,nextState=1,old=-255.15673529649592,new=-233.3614772010575
event=1304:G2_TEC:update:state=1,action=2,reward=-693.8799719944946,nextState=1,old=-1292.8692015444901,new=-1728.1753332300866
event=1305:G3_TWC:update:state=1,action=2,reward=-3087.5531093036116,nextState=1,old=-18100.118644437534,new=-17567.64802485364
event=1306:G4_BALANCED:update:state=1,action=0,reward=-0.07585847225148407,nextState=1,old=-0.15453011044465972,new=-0.19948256060721187
event=1307:G1_CMAX:action:mode=exploit,state=1,draw=0.38996797920788306,action=2
event=1308:G1_CMAX:tournament:reason=action2,left=45,right=28,selected=[51, 8, 83, 31, 94, 11, 15, 22, 57, 19, 84, 77, 73, 1, 81, 14, 98, 79, 3, 16, 2, 99, 5, 91, 62, 43, 68, 76, 97, 40, 88, 30, 53, 20, 58, 93, 24, 72, 49, 59, 38, 28, 92, 67, 9, 18, 17, 87, 12, 26, 71, 74, 95, 63, 4, 47, 27, 37, 96, 23, 78, 10, 66, 6, 48, 56, 29, 64, 60, 46, 7, 36, 34, 85, 52, 55, 61, 86, 89, 41, 32, 39, 33, 42, 75, 80, 54, 25, 35, 82, 44, 0, 21, 50, 69, 70, 65, 13, 90, 45]|[2, 0, 1, 1, 2, 1, 0, 1, 2, 0, 0, 1, 0, 1, 1, 1, 1, 2, 1, 2, 1, 1, 1, 0, 1, 2, 1, 0, 1, 1, 2, 2, 1, 0, 1, 2, 0, 0, 0, 0, 2, 1, 1, 1, 0, 0, 2, 0, 1, 0, 2, 1, 2, 0, 2, 0, 0, 2, 1, 0, 0, 2, 2, 2, 1, 2, 2, 0, 2, 0, 0, 0, 0, 1, 0, 1, 0, 1, 2, 1, 0, 1, 0, 0, 2, 1, 2, 2, 2, 1, 0, 1, 2, 2, 0, 0, 1, 2, 1, 0]|[2, 2, 2, 2, 2, 4, 1, 2, 1, 1, 1, 4, 2, 4, 4, 1, 1, 1, 4, 1, 4, 1, 0, 0, 3, 2, 3, 0, 0, 1, 1, 0, 4, 2, 4, 0, 0, 0, 2, 0, 1, 0, 3, 0, 1, 1, 1, 2, 3, 1, 1, 4, 1, 2, 1, 0, 2, 1, 3, 1, 1, 1, 1, 1, 1, 1, 1, 2, 1, 0, 1, 1, 0, 0, 2, 4, 0, 4, 1, 0, 2, 4, 1, 2, 1, 4, 1, 1, 1, 0, 1, 0, 1, 1, 2, 1, 4, 1, 0, 2]|[0, 0, 1, 1, 0, 2, 0, 2, 0, 0, 0, 0, 1, 0, 0, 1, 0, 0, 3, 0, 2, 0, 0, 0, 3, 1, 1, 0, 1, 0, 0, 0, 3, 0, 0, 0, 0, 0, 1, 0, 1, 3, 1, 1, 0, 0, 0, 1, 0, 0, 0, 2, 0, 0, 0, 1, 1, 0, 3, 0, 0, 0, 0, 0, 2, 0, 0, 0, 0, 1, 0, 0, 0, 1, 1, 3, 0, 0, 0, 1, 0, 3, 1, 0, 0, 0, 0, 0, 0, 2, 1, 1, 0, 0, 0, 0, 0, 0, 1, 0]
event=1309:G1_CMAX:leader:action=2,fingerprint=[51, 8, 83, 31, 94, 11, 15, 22, 57, 19, 84, 77, 73, 1, 81, 14, 98, 79, 3, 16, 2, 99, 5, 91, 62, 43, 68, 76, 97, 40, 88, 30, 53, 20, 58, 93, 24, 72, 49, 59, 38, 28, 92, 67, 9, 18, 17, 87, 12, 26, 71, 74, 95, 63, 4, 47, 27, 37, 96, 23, 78, 10, 66, 6, 48, 56, 29, 64, 60, 46, 7, 36, 34, 85, 52, 55, 61, 86, 89, 41, 32, 39, 33, 42, 75, 80, 54, 25, 35, 82, 44, 0, 21, 50, 69, 70, 65, 13, 90, 45]|[2, 0, 1, 1, 2, 1, 0, 1, 2, 0, 0, 1, 0, 1, 1, 1, 1, 2, 1, 2, 1, 1, 1, 0, 1, 2, 1, 0, 1, 1, 2, 2, 1, 0, 1, 2, 0, 0, 0, 0, 2, 1, 1, 1, 0, 0, 2, 0, 1, 0, 2, 1, 2, 0, 2, 0, 0, 2, 1, 0, 0, 2, 2, 2, 1, 2, 2, 0, 2, 0, 0, 0, 0, 1, 0, 1, 0, 1, 2, 1, 0, 1, 0, 0, 2, 1, 2, 2, 2, 1, 0, 1, 2, 2, 0, 0, 1, 2, 1, 0]|[2, 2, 2, 2, 2, 4, 1, 2, 1, 1, 1, 4, 2, 4, 4, 1, 1, 1, 4, 1, 4, 1, 0, 0, 3, 2, 3, 0, 0, 1, 1, 0, 4, 2, 4, 0, 0, 0, 2, 0, 1, 0, 3, 0, 1, 1, 1, 2, 3, 1, 1, 4, 1, 2, 1, 0, 2, 1, 3, 1, 1, 1, 1, 1, 1, 1, 1, 2, 1, 0, 1, 1, 0, 0, 2, 4, 0, 4, 1, 0, 2, 4, 1, 2, 1, 4, 1, 1, 1, 0, 1, 0, 1, 1, 2, 1, 4, 1, 0, 2]|[0, 0, 1, 1, 0, 2, 0, 2, 0, 0, 0, 0, 1, 0, 0, 1, 0, 0, 3, 0, 2, 0, 0, 0, 3, 1, 1, 0, 1, 0, 0, 0, 3, 0, 0, 0, 0, 0, 1, 0, 1, 3, 1, 1, 0, 0, 0, 1, 0, 0, 0, 2, 0, 0, 0, 1, 1, 0, 3, 0, 0, 0, 0, 0, 2, 0, 0, 0, 0, 1, 0, 0, 0, 1, 1, 3, 0, 0, 0, 1, 0, 3, 1, 0, 0, 0, 0, 0, 0, 2, 1, 1, 0, 0, 0, 0, 0, 0, 1, 0]
event=1310:G4_BALANCED:action:mode=exploit,state=1,draw=0.4523449120555141,action=0
event=1311:G4_BALANCED:leader:action=0,fingerprint=[51, 8, 83, 31, 94, 11, 15, 22, 30, 19, 84, 77, 73, 1, 81, 53, 57, 88, 62, 97, 76, 68, 91, 5, 98, 2, 3, 16, 99, 14, 20, 10, 58, 93, 24, 72, 49, 59, 38, 28, 92, 67, 9, 18, 32, 87, 12, 26, 74, 95, 63, 4, 47, 27, 37, 43, 96, 23, 78, 75, 60, 64, 56, 48, 6, 66, 79, 7, 36, 34, 85, 52, 55, 61, 54, 89, 71, 41, 21, 46, 25, 35, 45, 50, 40, 80, 82, 42, 33, 39, 0, 90, 69, 65, 44, 13, 17, 29, 86, 70]|[2, 0, 1, 1, 2, 1, 0, 1, 2, 0, 0, 1, 0, 1, 1, 1, 2, 0, 1, 1, 0, 1, 0, 0, 1, 1, 1, 0, 1, 1, 2, 2, 1, 2, 0, 0, 0, 0, 2, 1, 1, 0, 0, 1, 2, 0, 1, 0, 1, 2, 0, 0, 1, 0, 2, 2, 0, 1, 0, 2, 2, 0, 2, 0, 2, 1, 2, 0, 0, 1, 1, 0, 1, 0, 1, 2, 2, 1, 2, 2, 2, 2, 0, 1, 1, 1, 1, 0, 0, 2, 0, 1, 0, 1, 0, 2, 2, 2, 1, 0]|[1, 2, 2, 2, 1, 4, 1, 2, 1, 1, 1, 1, 2, 4, 4, 4, 1, 1, 3, 0, 0, 3, 0, 1, 1, 4, 4, 2, 1, 1, 1, 1, 4, 0, 1, 0, 2, 0, 1, 0, 3, 0, 1, 0, 1, 2, 3, 1, 4, 1, 2, 1, 1, 2, 1, 2, 0, 4, 1, 1, 1, 2, 1, 1, 1, 4, 1, 1, 1, 4, 4, 2, 4, 0, 4, 1, 2, 1, 1, 1, 1, 1, 2, 0, 1, 4, 0, 2, 1, 1, 0, 0, 2, 4, 1, 1, 1, 1, 4, 1]|[0, 1, 1, 1, 0, 2, 0, 2, 0, 0, 0, 0, 1, 0, 0, 3, 0, 1, 3, 1, 0, 1, 0, 0, 0, 2, 3, 1, 0, 1, 0, 0, 0, 0, 1, 0, 1, 0, 1, 3, 1, 0, 0, 1, 0, 1, 0, 0, 2, 0, 0, 1, 1, 0, 0, 1, 0, 0, 0, 0, 0, 0, 0, 0, 0, 1, 0, 0, 0, 3, 0, 1, 3, 0, 3, 1, 0, 2, 0, 0, 0, 0, 0, 1, 0, 0, 2, 0, 1, 0, 0, 1, 0, 0, 1, 0, 0, 0, 0, 0]
event=1312:G2_TEC:action:mode=exploit,state=1,draw=0.6876337227976519,action=0
event=1313:G2_TEC:leader:action=0,fingerprint=[51, 8, 83, 31, 94, 11, 15, 22, 57, 19, 84, 77, 73, 1, 81, 14, 98, 79, 3, 16, 2, 99, 5, 91, 62, 43, 68, 76, 97, 40, 88, 30, 53, 20, 58, 93, 24, 72, 49, 59, 38, 28, 92, 67, 9, 18, 17, 87, 12, 26, 71, 74, 95, 63, 4, 47, 27, 37, 96, 23, 78, 10, 66, 6, 48, 56, 29, 64, 60, 46, 7, 36, 34, 85, 52, 55, 61, 86, 89, 41, 32, 39, 33, 42, 75, 80, 54, 25, 35, 82, 44, 0, 21, 50, 69, 70, 65, 13, 90, 45]|[2, 0, 1, 1, 2, 1, 0, 1, 2, 0, 0, 1, 0, 1, 1, 1, 1, 2, 1, 2, 1, 1, 1, 0, 1, 2, 1, 0, 1, 1, 2, 2, 1, 0, 1, 2, 0, 0, 0, 0, 2, 1, 1, 1, 0, 0, 2, 0, 1, 0, 2, 1, 2, 0, 2, 0, 0, 2, 1, 0, 0, 2, 2, 2, 1, 2, 2, 0, 2, 0, 0, 0, 0, 1, 0, 1, 0, 1, 2, 1, 0, 1, 0, 0, 2, 1, 2, 2, 2, 1, 0, 1, 2, 2, 0, 0, 1, 2, 1, 0]|[2, 2, 2, 2, 2, 4, 1, 2, 1, 1, 1, 4, 2, 4, 4, 1, 1, 1, 4, 1, 4, 1, 0, 0, 3, 2, 3, 0, 0, 1, 1, 0, 4, 2, 4, 0, 0, 0, 2, 0, 1, 0, 3, 0, 1, 1, 1, 2, 3, 1, 1, 4, 1, 2, 1, 0, 2, 1, 3, 1, 1, 1, 1, 1, 1, 1, 1, 2, 1, 0, 1, 1, 0, 0, 2, 4, 0, 4, 1, 0, 2, 4, 1, 2, 1, 4, 1, 1, 1, 0, 1, 0, 1, 1, 2, 1, 4, 1, 0, 2]|[0, 0, 1, 1, 0, 2, 0, 2, 0, 0, 0, 0, 1, 0, 0, 1, 0, 0, 3, 0, 2, 0, 0, 0, 3, 1, 1, 0, 1, 0, 0, 0, 3, 0, 0, 0, 0, 0, 1, 0, 1, 3, 1, 1, 0, 0, 0, 1, 0, 0, 0, 2, 0, 0, 0, 1, 1, 0, 3, 0, 0, 0, 0, 0, 2, 0, 0, 0, 0, 1, 0, 0, 0, 1, 1, 3, 0, 0, 0, 1, 0, 3, 1, 0, 0, 0, 0, 0, 0, 2, 1, 1, 0, 0, 0, 0, 0, 0, 1, 0]
event=1314:G3_TWC:action:mode=explore,state=1,draw=0.8200466580805944,action=0
event=1315:G3_TWC:leader:action=0,fingerprint=[51, 8, 83, 31, 94, 11, 15, 22, 57, 19, 84, 77, 73, 1, 81, 14, 98, 79, 3, 16, 2, 99, 5, 91, 62, 43, 68, 76, 97, 40, 27, 30, 53, 20, 58, 93, 24, 72, 49, 59, 38, 28, 92, 67, 9, 18, 17, 87, 12, 26, 71, 74, 95, 63, 4, 47, 88, 37, 96, 23, 78, 10, 66, 46, 48, 56, 29, 64, 60, 6, 7, 36, 34, 85, 52, 55, 61, 86, 89, 41, 32, 39, 33, 42, 75, 80, 54, 25, 70, 35, 21, 0, 44, 50, 82, 90, 69, 13, 65, 45]|[2, 0, 1, 2, 2, 1, 0, 1, 2, 0, 0, 1, 0, 1, 1, 2, 0, 2, 1, 2, 1, 1, 1, 0, 1, 2, 1, 0, 1, 1, 0, 2, 1, 0, 1, 2, 2, 0, 0, 0, 2, 1, 1, 1, 0, 2, 2, 0, 1, 0, 2, 1, 2, 0, 2, 0, 2, 2, 1, 2, 0, 2, 1, 1, 0, 2, 2, 0, 2, 1, 0, 0, 1, 1, 0, 1, 2, 1, 2, 1, 0, 1, 1, 0, 2, 1, 1, 2, 1, 2, 2, 0, 2, 2, 1, 0, 0, 2, 1, 0]|[2, 2, 2, 2, 2, 4, 1, 2, 1, 1, 0, 4, 2, 4, 4, 2, 0, 1, 4, 1, 4, 1, 0, 0, 3, 2, 3, 0, 0, 1, 2, 0, 4, 2, 4, 0, 2, 0, 2, 0, 1, 0, 3, 0, 1, 1, 1, 2, 3, 1, 1, 4, 1, 2, 1, 0, 1, 1, 3, 1, 1, 1, 4, 4, 1, 1, 1, 2, 1, 4, 1, 1, 0, 0, 2, 4, 1, 4, 1, 0, 2, 4, 4, 2, 1, 4, 4, 1, 0, 1, 1, 2, 1, 1, 0, 2, 2, 1, 4, 2]|[0, 0, 1, 0, 0, 2, 0, 2, 0, 0, 0, 0, 1, 0, 0, 0, 0, 0, 3, 0, 2, 0, 0, 0, 3, 1, 1, 0, 1, 0, 1, 0, 3, 0, 0, 0, 0, 0, 1, 0, 1, 3, 1, 1, 0, 0, 0, 1, 0, 0, 0, 2, 0, 0, 0, 1, 0, 0, 3, 0, 0, 0, 1, 0, 0, 0, 0, 0, 0, 0, 0, 0, 1, 1, 1, 3, 0, 0, 1, 1, 0, 3, 0, 0, 0, 0, 3, 0, 2, 0, 0, 0, 0, 0, 2, 1, 0, 0, 0, 0]
event=1316:G1_CMAX:update:state=1,action=2,reward=-36.50053602492494,nextState=1,old=-233.3614772010575,new=-223.18971778577097
event=1317:G2_TEC:update:state=1,action=0,reward=-606.771688438319,nextState=1,old=-1530.1067261267706,new=-1830.8570693397355
event=1318:G3_TWC:update:state=1,action=0,reward=-2181.568775289721,nextState=1,old=-18185.823904394274,new=-16235.687195172633
event=1319:G4_BALANCED:update:state=1,action=0,reward=-0.13749586223560326,nextState=1,old=-0.19948256060721187,new=-0.2970819107213728
