formalLocal:outer=60,slot=29,op=CRITICAL_FACTORY_SWAP,accepted=true,fe=491008
formalLocal:outer=60,slot=29,op=CRITICAL_FACTORY_INSERT,accepted=false,fe=491009
formalLocal:outer=60,slot=29,pass=0,op=O1_JS_INSERT,accepted=false,recoveryGain=true,qGain=-0.0462643473566425,fe=491010
formalLocal:outer=60,slot=29,pass=0,op=O2_JS_REVERSE,accepted=true,recoveryGain=true,qGain=-0.12724064409420058,fe=491011
formalLocal:outer=60,slot=29,pass=0,op=O3_JS_SWAP,accepted=true,recoveryGain=true,qGain=-0.046694588829348606,fe=491012
formalLocal:outer=60,slot=29,pass=0,op=O4_WA_LOAD_TRANSFER,accepted=true,recoveryGain=true,qGain=0.06238800303695528,fe=491013
formalLocal:outer=60,slot=29,pass=0,op=O5_WA_WEAK_TO_STRONG,accepted=true,recoveryGain=true,qGain=-0.03444185681028135,fe=491014
formalLocal:outer=60,slot=29,pass=0,op=O6_WA_SWAP,accepted=false,recoveryGain=true,qGain=-0.031028711000493932,fe=491015
formalLocal:outer=60,slot=29,pass=0,op=O7_MA_LOAD_TRANSFER,accepted=true,recoveryGain=true,qGain=0.015702732361178886,fe=491016
formalLocal:outer=60,slot=29,pass=0,op=O8_MA_WEAK_TO_STRONG,accepted=true,recoveryGain=true,qGain=0.003116571031299646,fe=491017
formalLocal:outer=60,slot=29,pass=0,op=O9_MA_SWAP,accepted=false,recoveryGain=true,qGain=-0.04139480328906879,fe=491018
formalLocal:outer=60,slot=29,pass=1,op=O1_JS_INSERT,accepted=true,recoveryGain=true,qGain=-0.004839688829849841,fe=491019
formalLocal:outer=60,slot=29,pass=1,op=O2_JS_REVERSE,accepted=true,recoveryGain=true,qGain=0.009506910766535166,fe=491020
formalLocal:outer=60,slot=29,pass=1,op=O3_JS_SWAP,accepted=false,recoveryGain=true,qGain=-0.16780450959049392,fe=491021
formalLocal:outer=60,slot=29,pass=1,op=O4_WA_LOAD_TRANSFER,accepted=true,recoveryGain=true,qGain=0.021751464609969955,fe=491022
formalLocal:outer=60,slot=29,pass=1,op=O5_WA_WEAK_TO_STRONG,accepted=false,recoveryGain=true,qGain=-0.02223511083642726,fe=491023
formalLocal:outer=60,slot=29,pass=1,op=O6_WA_SWAP,accepted=false,recoveryGain=true,qGain=-0.036526781777444166,fe=491024
formalLocal:outer=60,slot=29,pass=1,op=O7_MA_LOAD_TRANSFER,accepted=true,recoveryGain=true,qGain=-0.007377546106367602,fe=491025
formalLocal:outer=60,slot=29,pass=1,op=O8_MA_WEAK_TO_STRONG,accepted=true,recoveryGain=true,qGain=0.007323516525539688,fe=491026
formalLocal:outer=60,slot=29,pass=1,op=O9_MA_SWAP,accepted=false,recoveryGain=true,qGain=-0.13388963178459817,fe=491027
formalLocal:outer=60,slot=29,pass=2,op=O1_JS_INSERT,accepted=true,recoveryGain=true,qGain=0.011291895261179647,fe=491028
formalLocal:outer=60,slot=29,pass=2,op=O2_JS_REVERSE,accepted=false,recoveryGain=true,qGain=-0.17644220344099978,fe=491029
formalLocal:outer=60,slot=29,pass=2,op=O3_JS_SWAP,accepted=false,recoveryGain=true,qGain=-0.13152253648356307,fe=491030
formalLocal:outer=60,slot=29,pass=2,op=O4_WA_LOAD_TRANSFER,accepted=true,recoveryGain=true,qGain=-0.007117318207822578,fe=491031
formalLocal:outer=60,slot=29,pass=2,op=O5_WA_WEAK_TO_STRONG,accepted=true,recoveryGain=true,qGain=-0.011131344351521348,fe=491032
formalLocal:outer=60,slot=29,pass=2,op=O6_WA_SWAP,accepted=false,recoveryGain=true,qGain=-0.02267623761490245,fe=491033
formalLocal:outer=60,slot=29,pass=2,op=O7_MA_LOAD_TRANSFER,accepted=true,recoveryGain=true,qGain=0.021057394887200754,fe=491034
formalLocal:outer=60,slot=29,pass=2,op=O8_MA_WEAK_TO_STRONG,accepted=true,recoveryGain=true,qGain=-0.021510346752937986,fe=491035
formalLocal:outer=60,slot=29,pass=2,op=O9_MA_SWAP,accepted=true,recoveryGain=true,qGain=-0.003453265884864905,fe=491036
formalLocal:outer=60,slot=29,pass=3,op=O1_JS_INSERT,accepted=false,recoveryGain=true,qGain=-0.16374919334412036,fe=491037
formalLocal:outer=60,slot=29,pass=3,op=O2_JS_REVERSE,accepted=true,recoveryGain=true,qGain=0.07910404895923767,fe=491038
formalLocal:outer=60,slot=29,pass=3,op=O3_JS_SWAP,accepted=false,recoveryGain=true,qGain=-0.024439346075563487,fe=491039
formalLocal:outer=60,slot=29,pass=3,op=O4_WA_LOAD_TRANSFER,accepted=true,recoveryGain=true,qGain=0.0036136786599981065,fe=491040
formalLocal:outer=60,slot=29,pass=3,op=O5_WA_WEAK_TO_STRONG,accepted=true,recoveryGain=true,qGain=-0.016255402961666575,fe=491041
formalLocal:outer=60,slot=29,pass=3,op=O6_WA_SWAP,accepted=false,recoveryGain=true,qGain=-0.048868078508704074,fe=491042
formalLocal:outer=60,slot=29,pass=3,op=O7_MA_LOAD_TRANSFER,accepted=true,recoveryGain=true,qGain=-0.007704842048708855,fe=491043
formalLocal:outer=60,slot=29,pass=3,op=O8_MA_WEAK_TO_STRONG,accepted=true,recoveryGain=true,qGain=0.0013080140146687358,fe=491044
formalLocal:outer=60,slot=29,pass=3,op=O9_MA_SWAP,accepted=true,recoveryGain=true,qGain=-0.026198508522565382,fe=491045
formalLocal:outer=60,slot=29,pass=4,op=O1_JS_INSERT,accepted=true,recoveryGain=true,qGain=-0.02123574335383877,fe=491046
formalLocal:outer=60,slot=29,pass=4,op=O2_JS_REVERSE,accepted=true,recoveryGain=true,qGain=0.007227187970421089,fe=491047
formalLocal:outer=60,slot=29,pass=4,op=O3_JS_SWAP,accepted=true,recoveryGain=true,qGain=-0.019573925364921706,fe=491048
formalLocal:outer=60,slot=29,pass=4,op=O4_WA_LOAD_TRANSFER,accepted=true,recoveryGain=true,qGain=0.009180671349724941,fe=491049
formalLocal:outer=60,slot=29,pass=4,op=O5_WA_WEAK_TO_STRONG,accepted=true,recoveryGain=true,qGain=-0.009265737036267891,fe=491050
formalLocal:outer=60,slot=29,pass=4,op=O6_WA_SWAP,accepted=false,recoveryGain=true,qGain=-0.05114007812496778,fe=491051
formalLocal:outer=60,slot=29,pass=4,op=O7_MA_LOAD_TRANSFER,accepted=false,recoveryGain=true,qGain=-0.061252248675086406,fe=491052
formalLocal:outer=60,slot=29,pass=4,op=O8_MA_WEAK_TO_STRONG,accepted=true,recoveryGain=true,qGain=-0.013092405676907335,fe=491053
formalLocal:outer=60,slot=29,pass=4,op=O9_MA_SWAP,accepted=true,recoveryGain=true,qGain=0.04325927330398286,fe=491054
formalLocal:outer=60,slot=29,pass=5,op=O1_JS_INSERT,accepted=false,recoveryGain=true,qGain=-0.06401938468047345,fe=491055
formalLocal:outer=60,slot=29,pass=5,op=O2_JS_REVERSE,accepted=true,recoveryGain=true,qGain=-0.013370140140102743,fe=491056
formalLocal:outer=60,slot=29,pass=5,op=O3_JS_SWAP,accepted=false,recoveryGain=true,qGain=-0.020325129136823415,fe=491057
formalLocal:outer=60,slot=29,pass=5,op=O4_WA_LOAD_TRANSFER,accepted=true,recoveryGain=true,qGain=0.011790089599486752,fe=491058
formalLocal:outer=60,slot=29,pass=5,op=O5_WA_WEAK_TO_STRONG,accepted=false,recoveryGain=true,qGain=-0.011930754261215946,fe=491059
formalLocal:outer=60,slot=29,pass=5,op=O6_WA_SWAP,accepted=false,recoveryGain=true,qGain=-0.013633000069649627,fe=491060
formalLocal:outer=60,slot=29,pass=5,op=O7_MA_LOAD_TRANSFER,accepted=false,recoveryGain=true,qGain=-0.019456402211316823,fe=491061
formalLocal:outer=60,slot=29,pass=5,op=O8_MA_WEAK_TO_STRONG,accepted=true,recoveryGain=true,qGain=0.0020040235732493123,fe=491062
formalLocal:outer=60,slot=29,pass=5,op=O9_MA_SWAP,accepted=false,recoveryGain=true,qGain=-0.010187928115894355,fe=491063
formalLocal:outer=60,slot=29,pass=6,op=O1_JS_INSERT,accepted=true,recoveryGain=true,qGain=-0.004985877576617298,fe=491064
formalLocal:outer=60,slot=29,pass=6,op=O2_JS_REVERSE,accepted=false,recoveryGain=true,qGain=-0.32572173934903437,fe=491065
formalLocal:outer=60,slot=29,pass=6,op=O3_JS_SWAP,accepted=false,recoveryGain=true,qGain=-0.03670777321625237,fe=491066
formalLocal:outer=60,slot=29,pass=6,op=O4_WA_LOAD_TRANSFER,notApplicable=NO_WORKER_LOAD_IMPROVEMENT
formalLocal:outer=60,slot=29,pass=6,op=O5_WA_WEAK_TO_STRONG,accepted=false,recoveryGain=true,qGain=-0.008839238044160666,fe=491067
formalLocal:outer=60,slot=29,pass=6,op=O6_WA_SWAP,accepted=false,recoveryGain=true,qGain=-0.001932250138625977,fe=491068
formalLocal:outer=60,slot=29,pass=6,op=O7_MA_LOAD_TRANSFER,accepted=false,recoveryGain=true,qGain=-0.0073891901358146325,fe=491069
formalLocal:outer=60,slot=29,pass=6,op=O8_MA_WEAK_TO_STRONG,accepted=false,recoveryGain=true,qGain=-0.007514976416766716,fe=491070
formalLocal:outer=60,slot=29,pass=6,op=O9_MA_SWAP,accepted=false,recoveryGain=true,qGain=-0.010992914833579224,fe=491071
formalLocal:outer=60,slot=29,pass=7,op=O1_JS_INSERT,accepted=false,recoveryGain=true,qGain=-0.021723352358162563,fe=491072
formalLocal:outer=60,slot=29,pass=7,op=O2_JS_REVERSE,accepted=false,recoveryGain=true,qGain=-0.020693012443269744,fe=491073
formalLocal:outer=60,slot=29,pass=7,op=O3_JS_SWAP,accepted=false,recoveryGain=true,qGain=-0.018573331925589742,fe=491074
formalLocal:outer=60,slot=29,pass=7,op=O4_WA_LOAD_TRANSFER,notApplicable=NO_WORKER_LOAD_IMPROVEMENT
formalLocal:outer=60,slot=29,pass=7,op=O5_WA_WEAK_TO_STRONG,accepted=false,recoveryGain=true,qGain=-0.008839238044160666,fe=491075
formalLocal:outer=60,slot=29,pass=7,op=O6_WA_SWAP,accepted=false,recoveryGain=true,qGain=-0.001932250138625977,fe=491076
formalLocal:outer=60,slot=29,pass=7,op=O7_MA_LOAD_TRANSFER,accepted=false,recoveryGain=true,qGain=-0.0073891901358146325,fe=491077
formalLocal:outer=60,slot=29,pass=7,op=O8_MA_WEAK_TO_STRONG,accepted=false,recoveryGain=true,qGain=-0.007514976416766716,fe=491078
formalLocal:outer=60,slot=29,pass=7,op=O9_MA_SWAP,accepted=false,recoveryGain=true,qGain=-0.010992914833579224,fe=491079
formalLocal:outer=60,slot=29,pass=8,op=O1_JS_INSERT,accepted=false,recoveryGain=true,qGain=-0.007861020403673986,fe=491080
formalLocal:outer=60,slot=29,pass=8,op=O2_JS_REVERSE,accepted=false,recoveryGain=true,qGain=-0.007462630453831268,fe=491081
formalLocal:outer=60,slot=29,pass=8,op=O3_JS_SWAP,accepted=true,recoveryGain=true,qGain=0.01941591378529692,fe=491082
formalLocal:outer=60,slot=29,pass=8,op=O4_WA_LOAD_TRANSFER,notApplicable=NO_WORKER_LOAD_IMPROVEMENT
formalLocal:outer=60,slot=29,pass=8,op=O5_WA_WEAK_TO_STRONG,accepted=true,recoveryGain=true,qGain=0.0064234166202607685,fe=491083
formalLocal:outer=60,slot=29,pass=8,op=O6_WA_SWAP,accepted=false,recoveryGain=true,qGain=-0.018071314197148868,fe=491084
formalLocal:outer=60,slot=29,pass=8,op=O7_MA_LOAD_TRANSFER,accepted=true,recoveryGain=true,qGain=-0.014239399222660784,fe=491085
formalLocal:outer=60,slot=29,pass=8,op=O8_MA_WEAK_TO_STRONG,accepted=true,recoveryGain=true,qGain=0.01403948538537768,fe=491086
formalLocal:outer=60,slot=29,pass=8,op=O9_MA_SWAP,accepted=true,recoveryGain=true,qGain=-0.006849166948783687,fe=491087
formalLocal:outer=60,slot=29,pass=9,op=O1_JS_INSERT,accepted=false,recoveryGain=true,qGain=-0.027024391836680876,fe=491088
formalLocal:outer=60,slot=29,pass=9,op=O2_JS_REVERSE,accepted=false,recoveryGain=true,qGain=-0.26562036542046175,fe=491089
formalLocal:outer=60,slot=29,pass=9,op=O3_JS_SWAP,accepted=false,recoveryGain=true,qGain=-0.026359077339259525,fe=491090
formalLocal:outer=60,slot=29,pass=9,op=O4_WA_LOAD_TRANSFER,accepted=false,recoveryGain=true,qGain=-0.008077853955003003,fe=491091
formalLocal:outer=60,slot=29,pass=9,op=O5_WA_WEAK_TO_STRONG,accepted=false,recoveryGain=true,qGain=-0.004988650627625966,fe=491092
formalLocal:outer=60,slot=29,pass=9,op=O6_WA_SWAP,accepted=false,recoveryGain=true,qGain=-0.014059187230490313,fe=491093
formalLocal:outer=60,slot=29,pass=9,op=O7_MA_LOAD_TRANSFER,accepted=true,recoveryGain=true,qGain=9.062233763182649E-4,fe=491094
formalLocal:outer=60,slot=29,pass=9,op=O8_MA_WEAK_TO_STRONG,accepted=true,recoveryGain=true,qGain=-9.070453620287163E-4,fe=491095
formalLocal:outer=60,slot=29,pass=9,op=O9_MA_SWAP,accepted=true,recoveryGain=true,qGain=0.006802574977084021,fe=491096
formalLocal:outer=60,slot=29,pass=10,op=O1_JS_INSERT,accepted=false,recoveryGain=true,qGain=-0.02055800564212268,fe=491097
formalLocal:outer=60,slot=29,pass=10,op=O2_JS_REVERSE,accepted=true,recoveryGain=true,qGain=-0.03569167928536884,fe=491098
formalLocal:outer=60,slot=29,pass=10,op=O3_JS_SWAP,accepted=false,recoveryGain=true,qGain=-0.06571275066871435,fe=491099
formalLocal:outer=60,slot=29,pass=10,op=O4_WA_LOAD_TRANSFER,accepted=false,recoveryGain=true,qGain=-0.004779433064455854,fe=491100
formalLocal:outer=60,slot=29,pass=10,op=O5_WA_WEAK_TO_STRONG,accepted=true,recoveryGain=true,qGain=-0.015152012796683741,fe=491101
formalLocal:outer=60,slot=29,pass=10,op=O6_WA_SWAP,accepted=true,recoveryGain=true,qGain=0.026090068570467913,fe=491102
formalLocal:outer=60,slot=29,pass=10,op=O7_MA_LOAD_TRANSFER,accepted=true,recoveryGain=true,qGain=-0.003993106985604854,fe=491103
formalLocal:outer=60,slot=29,pass=10,op=O8_MA_WEAK_TO_STRONG,accepted=true,recoveryGain=true,qGain=0.003977225498682739,fe=491104
formalLocal:outer=60,slot=29,pass=10,op=O9_MA_SWAP,accepted=true,recoveryGain=true,qGain=-0.0201454233886468,fe=491105
formalLocal:outer=60,slot=29,pass=11,op=O1_JS_INSERT,accepted=true,recoveryGain=true,qGain=0.001959733663591692,fe=491106
formalLocal:outer=60,slot=29,pass=11,op=O2_JS_REVERSE,accepted=true,recoveryGain=true,qGain=-0.07469179509637136,fe=491107
formalLocal:outer=60,slot=29,pass=11,op=O3_JS_SWAP,accepted=false,recoveryGain=true,qGain=0.0,fe=491108
formalLocal:outer=60,slot=29,pass=11,op=O4_WA_LOAD_TRANSFER,accepted=false,recoveryGain=true,qGain=-0.011522466386145873,fe=491109
formalLocal:outer=60,slot=29,pass=11,op=O5_WA_WEAK_TO_STRONG,accepted=false,recoveryGain=true,qGain=-0.028234379737706063,fe=491110
formalLocal:outer=60,slot=29,pass=11,op=O6_WA_SWAP,accepted=true,recoveryGain=true,qGain=-0.015647762523087777,fe=491111
formalLocal:outer=60,slot=29,pass=11,op=O7_MA_LOAD_TRANSFER,accepted=false,recoveryGain=true,qGain=-0.03821232583525147,fe=491112
formalLocal:outer=60,slot=29,pass=11,op=O8_MA_WEAK_TO_STRONG,accepted=true,recoveryGain=true,qGain=-0.02485412723937547,fe=491113
formalLocal:outer=60,slot=29,pass=11,op=O9_MA_SWAP,accepted=true,recoveryGain=true,qGain=-0.0034976876940699293,fe=491114
formalLocal:outer=60,slot=29,pass=12,op=O1_JS_INSERT,accepted=true,recoveryGain=true,qGain=0.03508967109864034,fe=491115
formalLocal:outer=60,slot=29,pass=12,op=O2_JS_REVERSE,accepted=true,recoveryGain=true,qGain=-0.04807423499849456,fe=491116
formalLocal:outer=60,slot=29,pass=12,op=O3_JS_SWAP,accepted=true,recoveryGain=true,qGain=-0.008531275302106582,fe=491117
formalLocal:outer=60,slot=29,pass=12,op=O4_WA_LOAD_TRANSFER,accepted=true,recoveryGain=true,qGain=-0.030042483235379724,fe=491118
formalLocal:outer=60,slot=29,pass=12,op=O5_WA_WEAK_TO_STRONG,accepted=true,recoveryGain=true,qGain=0.02916625646450602,fe=491119
formalLocal:outer=60,slot=29,pass=12,op=O6_WA_SWAP,accepted=false,recoveryGain=true,qGain=-0.04665740782331295,fe=491120
formalLocal:outer=60,slot=29,pass=12,op=O7_MA_LOAD_TRANSFER,accepted=true,recoveryGain=true,qGain=-0.009017682142502929,fe=491121
formalLocal:outer=60,slot=29,pass=12,op=O8_MA_WEAK_TO_STRONG,accepted=true,recoveryGain=true,qGain=0.008937090302872775,fe=491122
formalLocal:outer=60,slot=29,pass=12,op=O9_MA_SWAP,accepted=true,recoveryGain=true,qGain=-0.010379748576633605,fe=491123
formalLocal:outer=60,slot=29,pass=13,op=O1_JS_INSERT,accepted=true,recoveryGain=true,qGain=0.005875833551942927,fe=491124
formalLocal:outer=60,slot=29,pass=13,op=O2_JS_REVERSE,accepted=true,recoveryGain=true,qGain=0.12248426066189073,fe=491125
formalLocal:outer=60,slot=29,pass=13,op=O3_JS_SWAP,accepted=false,recoveryGain=true,qGain=-0.058650125765558093,fe=491126
formalLocal:outer=60,slot=29,pass=13,op=O4_WA_LOAD_TRANSFER,accepted=true,recoveryGain=true,qGain=-0.03311110944041897,fe=491127
formalLocal:outer=60,slot=29,pass=13,op=O5_WA_WEAK_TO_STRONG,accepted=true,recoveryGain=true,qGain=0.0320499016396731,fe=491128
formalLocal:outer=60,slot=29,pass=13,op=O6_WA_SWAP,accepted=true,recoveryGain=true,qGain=-0.040751308903369574,fe=491129
formalLocal:outer=60,slot=29,pass=13,op=O7_MA_LOAD_TRANSFER,accepted=true,recoveryGain=true,qGain=0.001185019021691303,fe=491130
formalLocal:outer=60,slot=29,pass=13,op=O8_MA_WEAK_TO_STRONG,accepted=true,recoveryGain=true,qGain=-0.001186424957834146,fe=491131
formalLocal:outer=60,slot=29,pass=13,op=O9_MA_SWAP,accepted=true,recoveryGain=true,qGain=0.018716070814282906,fe=491132
formalLocal:outer=60,slot=29,pass=14,op=O1_JS_INSERT,accepted=true,recoveryGain=true,qGain=0.016556588651933442,fe=491133
formalLocal:outer=60,slot=29,pass=14,op=O2_JS_REVERSE,accepted=true,recoveryGain=true,qGain=-0.08727269993653931,fe=491134
formalLocal:outer=60,slot=29,pass=14,op=O3_JS_SWAP,accepted=true,recoveryGain=true,qGain=0.03337026933270189,fe=491135
formalLocal:outer=60,slot=29,pass=14,op=O4_WA_LOAD_TRANSFER,accepted=true,recoveryGain=true,qGain=-0.028897848221904353,fe=491136
formalLocal:outer=60,slot=29,pass=14,op=O5_WA_WEAK_TO_STRONG,accepted=true,recoveryGain=true,qGain=0.017233533130925967,fe=491137
formalLocal:outer=60,slot=29,pass=14,op=O6_WA_SWAP,accepted=false,recoveryGain=true,qGain=-0.013716784282756769,fe=491138
formalLocal:outer=60,slot=29,pass=14,op=O7_MA_LOAD_TRANSFER,accepted=false,recoveryGain=true,qGain=-0.004884173891342374,fe=491139
formalLocal:outer=60,slot=29,pass=14,op=O8_MA_WEAK_TO_STRONG,accepted=true,recoveryGain=true,qGain=0.00925510871233365,fe=491140
formalLocal:outer=60,slot=29,pass=14,op=O9_MA_SWAP,accepted=true,recoveryGain=true,qGain=-0.023626896127711152,fe=491141
formalLocal:outer=60,slot=29,pass=15,op=O1_JS_INSERT,accepted=true,recoveryGain=true,qGain=0.035988807322974034,fe=491142
formalLocal:outer=60,slot=29,pass=15,op=O2_JS_REVERSE,accepted=true,recoveryGain=true,qGain=-0.10952300447922234,fe=491143
formalLocal:outer=60,slot=29,pass=15,op=O3_JS_SWAP,accepted=true,recoveryGain=true,qGain=0.07724037864826762,fe=491144
formalLocal:outer=60,slot=29,pass=15,op=O4_WA_LOAD_TRANSFER,accepted=false,recoveryGain=true,qGain=-0.0333514238066429,fe=491145
formalLocal:outer=60,slot=29,pass=15,op=O5_WA_WEAK_TO_STRONG,accepted=false,recoveryGain=true,qGain=-0.029173309857844804,fe=491146
formalLocal:outer=60,slot=29,pass=15,op=O6_WA_SWAP,accepted=false,recoveryGain=true,qGain=-0.004352980676435172,fe=491147
formalLocal:outer=60,slot=29,pass=15,op=O7_MA_LOAD_TRANSFER,accepted=false,recoveryGain=true,qGain=-0.005400772082115553,fe=491148
formalLocal:outer=60,slot=29,pass=15,op=O8_MA_WEAK_TO_STRONG,accepted=true,recoveryGain=true,qGain=0.0158494184347508,fe=491149
formalLocal:outer=60,slot=29,pass=15,op=O9_MA_SWAP,accepted=false,recoveryGain=true,qGain=-0.0018256817242168954,fe=491150
formalLocal:outer=60,slot=29,pass=16,op=O1_JS_INSERT,accepted=false,recoveryGain=true,qGain=-0.14868108586111645,fe=491151
formalLocal:outer=60,slot=29,pass=16,op=O2_JS_REVERSE,accepted=true,recoveryGain=true,qGain=-0.03312882911028183,fe=491152
formalLocal:outer=60,slot=29,pass=16,op=O3_JS_SWAP,accepted=true,recoveryGain=true,qGain=-0.04839518178798457,fe=491153
formalLocal:outer=60,slot=29,pass=16,op=O4_WA_LOAD_TRANSFER,accepted=false,recoveryGain=true,qGain=-0.06095591547735701,fe=491154
formalLocal:outer=60,slot=29,pass=16,op=O5_WA_WEAK_TO_STRONG,accepted=false,recoveryGain=true,qGain=-0.029310302770597582,fe=491155
formalLocal:outer=60,slot=29,pass=16,op=O6_WA_SWAP,accepted=false,recoveryGain=true,qGain=-0.016750964396966137,fe=491156
formalLocal:outer=60,slot=29,pass=16,op=O7_MA_LOAD_TRANSFER,accepted=false,recoveryGain=true,qGain=-0.038796183740259914,fe=491157
formalLocal:outer=60,slot=29,pass=16,op=O8_MA_WEAK_TO_STRONG,accepted=true,recoveryGain=true,qGain=-0.005921546594046256,fe=491158
formalLocal:outer=60,slot=29,pass=16,op=O9_MA_SWAP,accepted=true,recoveryGain=true,qGain=-0.010820502255083062,fe=491159
formalLocal:outer=60,slot=29,pass=17,op=O1_JS_INSERT,accepted=true,recoveryGain=true,qGain=-0.008233176114739981,fe=491160
v35Lite:generation=62,slot=0,context=G1_CMAX|BAL,phase=LATE,factory=2,pressures=SEQ:0.5061784583015982|MAC:0.4808978975456688|WOR:0.7086796954208621|SET:0.1676865807254463|FAT:0.46845397104969333,pressureMax=WOR:0.7086796954208621,pressureSecond=SEQ:0.5061784583015982,pressureGap=0.20250123711926382,diagnosisReason=FULL_MASK_AUDIT,test=true,reason=APPLY_HORIZON_COMPLETE_TEST,actions=[N1, N2, N3, N4, N5],remaining=5,routes=N1:N1|N2:N2|N3:CRITICAL_SOURCE|N4:BAL_RESOURCE_ROUTE|N5:STRUCTURAL_RECOVERY_MIX
v35Lite:action=N1,accepted=false,fe=496161,qGain=0.0,attemptSeed=6406062384759221588
v35Lite:action=N2,accepted=false,fe=496162,qGain=-0.3061877850758027,attemptSeed=-4274799777685660003
v35Lite:action=N3,accepted=false,fe=496163,qGain=0.0,attemptSeed=-7610868083678860758
v35Lite:action=N4,accepted=false,fe=496164,qGain=0.0,attemptSeed=8997210089600207411
v35Lite:action=N5,accepted=false,fe=496165,qGain=0.0,attemptSeed=-915155020919065909
v35Lite:generation=62,slot=1,context=G1_CMAX|BAL,phase=LATE,factory=1,pressures=SEQ:0.3192269435635774|MAC:0.32644302145272475|WOR:0.6588535848845645|SET:0.13857701612179504|FAT:0.38527845788231685,pressureMax=WOR:0.6588535848845645,pressureSecond=FAT:0.38527845788231685,pressureGap=0.2735751270022476,diagnosisReason=FULL_MASK_AUDIT,test=false,reason=APPLY_BEST,actions=[N2],remaining=4,routes=N1:N1|N2:N2|N3:CRITICAL_SOURCE|N4:BAL_RESOURCE_ROUTE|N5:STRUCTURAL_RECOVERY_MIX
v35Lite:action=N2,accepted=false,fe=496166,qGain=-0.11066128537509502,attemptSeed=6406062384759221588
v35Lite:generation=62,slot=2,context=G1_CMAX|BAL,phase=LATE,factory=1,pressures=SEQ:0.24372399972268183|MAC:0.3720029196921398|WOR:0.6577425516486081|SET:0.17592713929728146|FAT:0.3791806238489449,pressureMax=WOR:0.6577425516486081,pressureSecond=FAT:0.3791806238489449,pressureGap=0.27856192779966316,diagnosisReason=FULL_MASK_AUDIT,test=false,reason=APPLY_BEST,actions=[N2],remaining=3,routes=N1:N1|N2:N2|N3:CRITICAL_SOURCE|N4:BAL_RESOURCE_ROUTE|N5:STRUCTURAL_RECOVERY_MIX
v35Lite:action=N2,accepted=true,fe=496167,qGain=0.1819018162306111,attemptSeed=-7610868083678860758
v35Lite:generation=62,slot=3,context=G1_CMAX|BAL,phase=LATE,factory=2,pressures=SEQ:0.514426301790404|MAC:0.4217090646927642|WOR:0.6975922175273118|SET:0.16470697619864794|FAT:0.5724605997803359,pressureMax=WOR:0.6975922175273118,pressureSecond=FAT:0.5724605997803359,pressureGap=0.1251316177469759,diagnosisReason=FULL_MASK_AUDIT,test=true,reason=TEST,actions=[N1, N2, N4, N5],remaining=4,routes=N1:N1|N2:N2|N4:BAL_RESOURCE_ROUTE|N5:STRUCTURAL_RECOVERY_MIX
v35Lite:action=N1,accepted=false,fe=496168,qGain=0.0,attemptSeed=-7544715944274609992
v35Lite:action=N2,accepted=false,fe=496169,qGain=-0.041663719012693626,attemptSeed=6978546498677477862
v35Lite:action=N4,accepted=false,fe=496170,qGain=0.0,attemptSeed=3493596803721291740
v35Lite:action=N5,accepted=false,fe=496171,qGain=0.0,attemptSeed=-2645827916545249314
v35Lite:generation=62,slot=4,context=G1_CMAX|BAL,phase=LATE,factory=2,pressures=SEQ:0.5424984914414525|MAC:0.5060659742392926|WOR:0.7371887834310387|SET:0.15911404167424215|FAT:0.48025636526922433,pressureMax=WOR:0.7371887834310387,pressureSecond=SEQ:0.5424984914414525,pressureGap=0.1946902919895862,diagnosisReason=FULL_MASK_AUDIT,test=true,reason=TEST,actions=[N1, N2, N3, N4, N5],remaining=5,routes=N1:N1|N2:N2|N3:CRITICAL_SOURCE|N4:BAL_RESOURCE_ROUTE|N5:STRUCTURAL_RECOVERY_MIX
v35Lite:action=N1,accepted=false,fe=496172,qGain=-0.273118008312149,attemptSeed=5512062655497851812
v35Lite:action=N2,accepted=true,fe=496173,qGain=0.14799291395730624,attemptSeed=633234082662770618
v35Lite:action=N3,accepted=false,fe=496174,qGain=0.0,attemptSeed=-2645827916545249314
v35Lite:action=N4,accepted=false,fe=496175,qGain=0.0,attemptSeed=-6858819979222990118
v35Lite:action=N5,accepted=false,fe=496176,qGain=0.0,attemptSeed=8048250546710465926
v35Lite:generation=62,slot=5,context=G1_CMAX|BAL,phase=LATE,factory=1,pressures=SEQ:0.3028920595263547|MAC:0.4016114486106973|WOR:0.6327620393725535|SET:0.17299333964108368|FAT:0.3429023864630271,pressureMax=WOR:0.6327620393725535,pressureSecond=MAC:0.4016114486106973,pressureGap=0.23115059076185618,diagnosisReason=FULL_MASK_AUDIT,test=false,reason=APPLY_BEST,actions=[N2],remaining=4,routes=N1:N1|N2:N2|N3:CRITICAL_SOURCE|N4:BAL_RESOURCE_ROUTE|N5:STRUCTURAL_RECOVERY_MIX
v35Lite:action=N2,accepted=false,fe=496177,qGain=-0.02004710566198398,attemptSeed=5512062655497851812
v35Lite:generation=62,slot=6,context=G1_CMAX|BAL,phase=LATE,factory=1,pressures=SEQ:0.21853974693317618|MAC:0.39117606877075817|WOR:0.6681440539497115|SET:0.17401599071958074|FAT:0.37580950228114485,pressureMax=WOR:0.6681440539497115,pressureSecond=MAC:0.39117606877075817,pressureGap=0.2769679851789534,diagnosisReason=FULL_MASK_AUDIT,test=false,reason=APPLY_BEST,actions=[N2],remaining=3,routes=N1:N1|N2:N2|N3:CRITICAL_SOURCE|N4:BAL_RESOURCE_ROUTE|N5:STRUCTURAL_RECOVERY_MIX
v35Lite:action=N2,accepted=false,fe=496178,qGain=-0.0021365841784750125,attemptSeed=-2645827916545249314
v35Lite:generation=62,slot=7,context=G1_CMAX|BAL,phase=LATE,factory=2,pressures=SEQ:0.5248864022067724|MAC:0.5145620357782212|WOR:0.7095976629582161|SET:0.17865257823277242|FAT:0.5924874883847189,pressureMax=WOR:0.7095976629582161,pressureSecond=FAT:0.5924874883847189,pressureGap=0.11711017457349726,diagnosisReason=FULL_MASK_AUDIT,test=false,reason=APPLY_EXPLORE,actions=[N3],remaining=2,routes=N1:N1|N2:N2|N3:CRITICAL_SOURCE|N4:BAL_RESOURCE_ROUTE|N5:STRUCTURAL_RECOVERY_MIX
v35Lite:action=N3,accepted=false,fe=496179,qGain=0.0,attemptSeed=-6858819979222990118
v35Lite:generation=62,slot=8,context=G1_CMAX|BAL,phase=LATE,factory=1,pressures=SEQ:0.20061123755097593|MAC:0.37322320276604876|WOR:0.6828297327411492|SET:0.17012645013191818|FAT:0.4098135853119817,pressureMax=WOR:0.6828297327411492,pressureSecond=FAT:0.4098135853119817,pressureGap=0.2730161474291675,diagnosisReason=FULL_MASK_AUDIT,test=false,reason=APPLY_BEST,actions=[N2],remaining=1,routes=N1:N1|N2:N2|N3:CRITICAL_SOURCE|N4:BAL_RESOURCE_ROUTE|N5:STRUCTURAL_RECOVERY_MIX
v35Lite:action=N2,accepted=false,fe=496180,qGain=-0.04418212290497354,attemptSeed=-915155020919065909
v35Lite:generation=62,slot=9,context=G1_CMAX|BAL,phase=LATE,factory=2,pressures=SEQ:0.4558041453970109|MAC:0.464815546385421|WOR:0.7121582016237548|SET:0.1580880559279353|FAT:0.5783351222031449,pressureMax=WOR:0.7121582016237548,pressureSecond=FAT:0.5783351222031449,pressureGap=0.1338230794206099,diagnosisReason=FULL_MASK_AUDIT,test=true,reason=TEST,actions=[N1, N2, N4, N5],remaining=4,routes=N1:N1|N2:N2|N4:BAL_RESOURCE_ROUTE|N5:STRUCTURAL_RECOVERY_MIX
v35Lite:action=N1,accepted=false,fe=496181,qGain=0.0,attemptSeed=-915155020919065909
v35Lite:action=N2,accepted=true,fe=496182,qGain=0.003390351247737613,attemptSeed=-4676610615828441425
v35Lite:action=N4,accepted=false,fe=496183,qGain=0.0,attemptSeed=3199463131274610385
v35Lite:action=N5,accepted=true,fe=496184,qGain=0.04619252335582164,attemptSeed=6406062384759221588
v35Lite:generation=62,slot=10,context=G1_CMAX|BAL,phase=LATE,factory=0,pressures=SEQ:0.22086526171389248|MAC:0.34204537091553056|WOR:0.6659652063480986|SET:0.15415178678372154|FAT:0.40403443167191666,pressureMax=WOR:0.6659652063480986,pressureSecond=FAT:0.40403443167191666,pressureGap=0.261930774676182,diagnosisReason=FULL_MASK_AUDIT,test=true,reason=TEST,actions=[N1, N2, N3, N4, N5],remaining=5,routes=N1:N1|N2:N2|N3:CRITICAL_SOURCE|N4:BAL_RESOURCE_ROUTE|N5:STRUCTURAL_RECOVERY_MIX
v35Lite:action=N1,accepted=false,fe=496185,qGain=0.0,attemptSeed=1372881451837243444
v35Lite:action=N2,accepted=false,fe=496186,qGain=0.0,attemptSeed=3199463131274610385
v35Lite:action=N3,accepted=false,fe=496187,qGain=0.0,attemptSeed=-915155020919065909
v35Lite:action=N4,accepted=false,fe=496188,qGain=0.0,attemptSeed=-4676610615828441425
v35Lite:action=N5,accepted=false,fe=496189,qGain=0.0,attemptSeed=-7610868083678860758
v35Lite:generation=62,slot=11,context=G1_CMAX|BAL,phase=LATE,factory=1,pressures=SEQ:0.2249770762905691|MAC:0.3446028843364851|WOR:0.6776191978627598|SET:0.17112582531102005|FAT:0.43664964217284075,pressureMax=WOR:0.6776191978627598,pressureSecond=FAT:0.43664964217284075,pressureGap=0.24096955568991907,diagnosisReason=FULL_MASK_AUDIT,test=false,reason=APPLY_BEST,actions=[N2],remaining=4,routes=N1:N1|N2:N2|N3:CRITICAL_SOURCE|N4:BAL_RESOURCE_ROUTE|N5:STRUCTURAL_RECOVERY_MIX
v35Lite:action=N2,accepted=false,fe=496190,qGain=-0.039126809401036224,attemptSeed=1372881451837243444
v35Lite:generation=62,slot=12,context=G1_CMAX|BAL,phase=LATE,factory=1,pressures=SEQ:0.4848731710789282|MAC:0.46008130906791933|WOR:0.6722626303916215|SET:0.17947026175505615|FAT:0.4492598399155058,pressureMax=WOR:0.6722626303916215,pressureSecond=SEQ:0.4848731710789282,pressureGap=0.1873894593126933,diagnosisReason=FULL_MASK_AUDIT,test=false,reason=APPLY_BEST,actions=[N2],remaining=3,routes=N1:N1|N2:N2|N3:CRITICAL_SOURCE|N4:BAL_RESOURCE_ROUTE|N5:STRUCTURAL_RECOVERY_MIX
v35Lite:action=N2,accepted=false,fe=496191,qGain=-0.12240059648292058,attemptSeed=6406062384759221588
v35Lite:generation=62,slot=13,context=G1_CMAX|BAL,phase=LATE,factory=1,pressures=SEQ:0.23347440963723037|MAC:0.3792745808565064|WOR:0.6301362426791874|SET:0.16777312072111727|FAT:0.361377845782764,pressureMax=WOR:0.6301362426791874,pressureSecond=MAC:0.3792745808565064,pressureGap=0.25086166182268105,diagnosisReason=FULL_MASK_AUDIT,test=false,reason=APPLY_BEST,actions=[N2],remaining=2,routes=N1:N1|N2:N2|N3:CRITICAL_SOURCE|N4:BAL_RESOURCE_ROUTE|N5:STRUCTURAL_RECOVERY_MIX
v35Lite:action=N2,accepted=false,fe=496192,qGain=-0.0423208146541836,attemptSeed=-7610868083678860758
v35Lite:generation=62,slot=14,context=G1_CMAX|BAL,phase=LATE,factory=0,pressures=SEQ:0.26884085016317516|MAC:0.2978366204841135|WOR:0.6678614606046523|SET:0.17365920039416413|FAT:0.4209531506055618,pressureMax=WOR:0.6678614606046523,pressureSecond=FAT:0.4209531506055618,pressureGap=0.24690830999909053,diagnosisReason=FULL_MASK_AUDIT,test=true,reason=CONSECUTIVE_APPLY_FAILURE_RETEST,actions=[N1, N2, N3, N4, N5],remaining=5,routes=N1:N1|N2:N2|N3:CRITICAL_SOURCE|N4:BAL_RESOURCE_ROUTE|N5:STRUCTURAL_RECOVERY_MIX
v35Lite:action=N1,accepted=false,fe=496193,qGain=0.0,attemptSeed=-4676610615828441425
v35Lite:action=N2,accepted=true,fe=496194,qGain=0.05758955634370563,attemptSeed=-915155020919065909
v35Lite:action=N3,accepted=false,fe=496195,qGain=0.0,attemptSeed=3199463131274610385
v35Lite:action=N4,accepted=false,fe=496196,qGain=0.0,attemptSeed=1372881451837243444
v35Lite:action=N5,accepted=false,fe=496197,qGain=0.05105582748759641,attemptSeed=-4274799777685660003
v35Lite:generation=62,slot=15,context=G1_CMAX|BAL,phase=LATE,factory=0,pressures=SEQ:0.3042438362666562|MAC:0.3075510468776216|WOR:0.6629856334021568|SET:0.18307967015525756|FAT:0.3866023599314633,pressureMax=WOR:0.6629856334021568,pressureSecond=FAT:0.3866023599314633,pressureGap=0.27638327347069347,diagnosisReason=FULL_MASK_AUDIT,test=false,reason=APPLY_BEST,actions=[N2],remaining=4,routes=N1:N1|N2:N2|N3:CRITICAL_SOURCE|N4:BAL_RESOURCE_ROUTE|N5:STRUCTURAL_RECOVERY_MIX
v35Lite:action=N2,accepted=false,fe=496198,qGain=0.0,attemptSeed=-4676610615828441425
v35Lite:generation=62,slot=16,context=G1_CMAX|BAL,phase=LATE,factory=1,pressures=SEQ:0.4246722630739525|MAC:0.4028420126366258|WOR:0.6698556728990106|SET:0.18547482415697955|FAT:0.40763763225398264,pressureMax=WOR:0.6698556728990106,pressureSecond=SEQ:0.4246722630739525,pressureGap=0.2451834098250581,diagnosisReason=FULL_MASK_AUDIT,test=false,reason=APPLY_BEST,actions=[N2],remaining=3,routes=N1:N1|N2:N2|N3:CRITICAL_SOURCE|N4:BAL_RESOURCE_ROUTE|N5:STRUCTURAL_RECOVERY_MIX
v35Lite:action=N2,accepted=false,fe=496199,qGain=-0.06773032959745567,attemptSeed=2908563734223955355
v35Lite:generation=62,slot=17,context=G1_CMAX|BAL,phase=LATE,factory=0,pressures=SEQ:0.28210095912787364|MAC:0.2811978515457022|WOR:0.6432912811653337|SET:0.16306572723331547|FAT:0.31609653821128514,pressureMax=WOR:0.6432912811653337,pressureSecond=FAT:0.31609653821128514,pressureGap=0.3271947429540486,diagnosisReason=FULL_MASK_AUDIT,test=false,reason=APPLY_BEST,actions=[N2],remaining=2,routes=N1:N1|N2:N2|N3:CRITICAL_SOURCE|N4:BAL_RESOURCE_ROUTE|N5:STRUCTURAL_RECOVERY_MIX
v35Lite:action=N2,accepted=false,fe=496200,qGain=0.0,attemptSeed=-7841317852650803272
v35Lite:generation=62,slot=18,context=G1_CMAX|BAL,phase=LATE,factory=2,pressures=SEQ:0.5092699092934267|MAC:0.41627477694862836|WOR:0.714428616603138|SET:0.16361833000349713|FAT:0.481126153193278,pressureMax=WOR:0.714428616603138,pressureSecond=SEQ:0.5092699092934267,pressureGap=0.2051587073097112,diagnosisReason=FULL_MASK_AUDIT,test=true,reason=CONSECUTIVE_APPLY_FAILURE_RETEST,actions=[N1, N2, N3, N4, N5],remaining=5,routes=N1:N1|N2:N2|N3:CRITICAL_SOURCE|N4:BAL_RESOURCE_ROUTE|N5:STRUCTURAL_RECOVERY_MIX
v35Lite:action=N1,accepted=false,fe=496201,qGain=0.0,attemptSeed=2642161304027789367
v35Lite:action=N2,accepted=true,fe=496202,qGain=0.10367006102044699,attemptSeed=-7841317852650803272
v35Lite:action=N3,accepted=false,fe=496203,qGain=0.0,attemptSeed=-2168014131912442554
v35Lite:action=N4,accepted=false,fe=496204,qGain=0.0,attemptSeed=2908563734223955355
v35Lite:action=N5,accepted=false,fe=496205,qGain=0.0,attemptSeed=-7227637865799860654
v35Lite:generation=62,slot=19,context=G1_CMAX|BAL,phase=LATE,factory=1,pressures=SEQ:0.19079333565344875|MAC:0.35087010721487244|WOR:0.6803157812663273|SET:0.1730436859506516|FAT:0.38977284647696825,pressureMax=WOR:0.6803157812663273,pressureSecond=FAT:0.38977284647696825,pressureGap=0.29054293478935905,diagnosisReason=FULL_MASK_AUDIT,test=false,reason=APPLY_BEST,actions=[N2],remaining=4,routes=N1:N1|N2:N2|N3:CRITICAL_SOURCE|N4:BAL_RESOURCE_ROUTE|N5:STRUCTURAL_RECOVERY_MIX
v35Lite:action=N2,accepted=false,fe=496206,qGain=-0.06960807155585032,attemptSeed=2642161304027789367
v35Lite:generation=62,slot=20,context=G4_BALANCED|BAL,phase=LATE,factory=1,pressures=SEQ:0.5179194473248944|MAC:0.47173611400580917|WOR:0.6905242481175393|SET:0.16737642158254928|FAT:0.4543622919552579,pressureMax=WOR:0.6905242481175393,pressureSecond=SEQ:0.5179194473248944,pressureGap=0.17260480079264495,diagnosisReason=FULL_MASK_AUDIT,test=false,reason=APPLY_BEST,actions=[N2],remaining=4,routes=N1:N1|N2:N2|N3:CRITICAL_SOURCE|N4:BAL_RESOURCE_ROUTE|N5:STRUCTURAL_RECOVERY_MIX
v35Lite:action=N2,accepted=false,fe=496207,qGain=-0.09628416185383894,attemptSeed=-6420556273180413829
v35Lite:generation=62,slot=21,context=G4_BALANCED|BAL,phase=LATE,factory=1,pressures=SEQ:0.5175167408599209|MAC:0.4800835523017444|WOR:0.6917385838765846|SET:0.1701472540653065|FAT:0.452836782923277,pressureMax=WOR:0.6917385838765846,pressureSecond=SEQ:0.5175167408599209,pressureGap=0.17422184301666366,diagnosisReason=FULL_MASK_AUDIT,test=false,reason=APPLY_BEST,actions=[N2],remaining=3,routes=N1:N1|N2:N2|N3:CRITICAL_SOURCE|N4:BAL_RESOURCE_ROUTE|N5:STRUCTURAL_RECOVERY_MIX
v35Lite:action=N2,accepted=true,fe=496208,qGain=-0.09753422005802338,attemptSeed=-6420556273180413829
v35Lite:generation=62,slot=22,context=G4_BALANCED|BAL,phase=LATE,factory=1,pressures=SEQ:0.5468753287697897|MAC:0.5210243229441349|WOR:0.7053386854391114|SET:0.1694593199758314|FAT:0.44139417498415867,pressureMax=WOR:0.7053386854391114,pressureSecond=SEQ:0.5468753287697897,pressureGap=0.15846335666932165,diagnosisReason=FULL_MASK_AUDIT,test=true,reason=TEST,actions=[N1, N2, N4, N5],remaining=4,routes=N1:N1|N2:N2|N4:BAL_RESOURCE_ROUTE|N5:STRUCTURAL_RECOVERY_MIX
v35Lite:action=N1,accepted=false,fe=496209,qGain=0.0,attemptSeed=-2107661359559232926
v35Lite:action=N2,accepted=false,fe=496210,qGain=-0.04033247538021314,attemptSeed=-6128200627790411370
v35Lite:action=N4,accepted=true,fe=496211,qGain=-0.014656692382989675,attemptSeed=-4631705669465507298
v35Lite:action=N5,accepted=false,fe=496212,qGain=0.0,attemptSeed=3152668143255978206
v35Lite:generation=62,slot=23,context=G4_BALANCED|BAL,phase=LATE,factory=1,pressures=SEQ:0.5319875846924331|MAC:0.4997175851403194|WOR:0.7088117808829633|SET:0.169854665639318|FAT:0.4536155249339447,pressureMax=WOR:0.7088117808829633,pressureSecond=SEQ:0.5319875846924331,pressureGap=0.17682419619053014,diagnosisReason=FULL_MASK_AUDIT,test=true,reason=TEST,actions=[N1, N2, N3, N4, N5],remaining=5,routes=N1:N1|N2:N2|N3:CRITICAL_SOURCE|N4:BAL_RESOURCE_ROUTE|N5:STRUCTURAL_RECOVERY_MIX
v35Lite:action=N1,accepted=true,fe=496213,qGain=0.0,attemptSeed=-6420556273180413829
v35Lite:action=N2,accepted=true,fe=496214,qGain=0.005999034423570205,attemptSeed=-4631705669465507298
v35Lite:action=N3,accepted=true,fe=496215,qGain=0.008596289212007533,attemptSeed=-2107661359559232926
v35Lite:action=N4,accepted=true,fe=496216,qGain=0.010324113129423189,attemptSeed=-6128200627790411370
v35Lite:action=N5,accepted=false,fe=496217,qGain=0.011347314654473287,attemptSeed=-6124606546204734791
v35Lite:generation=62,slot=24,context=G4_BALANCED|BAL,phase=LATE,factory=1,pressures=SEQ:0.5188604291855352|MAC:0.5055258846473606|WOR:0.6808669688120079|SET:0.17136273434913513|FAT:0.4571707843105194,pressureMax=WOR:0.6808669688120079,pressureSecond=SEQ:0.5188604291855352,pressureGap=0.1620065396264727,diagnosisReason=FULL_MASK_AUDIT,test=false,reason=APPLY_BEST,actions=[N2],remaining=4,routes=N1:N1|N2:N2|N3:CRITICAL_SOURCE|N4:BAL_RESOURCE_ROUTE|N5:STRUCTURAL_RECOVERY_MIX
v35Lite:action=N2,accepted=false,fe=496218,qGain=-0.03294269667563123,attemptSeed=6836528322200806686
v35Lite:generation=62,slot=25,context=G4_BALANCED|BAL,phase=LATE,factory=2,pressures=SEQ:0.32781396414881503|MAC:0.4491801936064481|WOR:0.7049486901853549|SET:0.1682715969818166|FAT:0.5512046619832496,pressureMax=WOR:0.7049486901853549,pressureSecond=FAT:0.5512046619832496,pressureGap=0.1537440282021053,diagnosisReason=FULL_MASK_AUDIT,test=false,reason=APPLY_BEST,actions=[N2],remaining=3,routes=N1:N1|N2:N2|N3:CRITICAL_SOURCE|N4:BAL_RESOURCE_ROUTE|N5:STRUCTURAL_RECOVERY_MIX
v35Lite:action=N2,accepted=true,fe=496219,qGain=0.06231653776903426,attemptSeed=6836528322200806686
v35Lite:generation=62,slot=26,context=G4_BALANCED|BAL,phase=LATE,factory=2,pressures=SEQ:0.469761889199004|MAC:0.6150800142722558|WOR:0.7301085054255252|SET:0.15675308393120652|FAT:0.5492768319485263,pressureMax=WOR:0.7301085054255252,pressureSecond=MAC:0.6150800142722558,pressureGap=0.11502849115326941,diagnosisReason=FULL_MASK_AUDIT,test=false,reason=APPLY_BEST,actions=[N2],remaining=2,routes=N1:N1|N2:N2|N3:CRITICAL_SOURCE|N4:BAL_RESOURCE_ROUTE|N5:STRUCTURAL_RECOVERY_MIX
v35Lite:action=N2,accepted=true,fe=496220,qGain=0.14224273516437758,attemptSeed=6836528322200806686
v35Lite:generation=62,slot=27,context=G4_BALANCED|BAL,phase=LATE,factory=2,pressures=SEQ:0.49658966178112945|MAC:0.43516388942345974|WOR:0.710328733130173|SET:0.14936641909166026|FAT:0.5125699903992025,pressureMax=WOR:0.710328733130173,pressureSecond=FAT:0.5125699903992025,pressureGap=0.1977587427309705,diagnosisReason=FULL_MASK_AUDIT,test=false,reason=APPLY_BEST,actions=[N2],remaining=1,routes=N1:N1|N2:N2|N3:CRITICAL_SOURCE|N4:BAL_RESOURCE_ROUTE|N5:STRUCTURAL_RECOVERY_MIX
v35Lite:action=N2,accepted=true,fe=496221,qGain=0.14040652290943142,attemptSeed=6836528322200806686
v35Lite:generation=62,slot=28,context=G4_BALANCED|BAL,phase=LATE,factory=1,pressures=SEQ:0.4926309628125328|MAC:0.4285375065664841|WOR:0.6890922952139134|SET:0.16381198726400806|FAT:0.45216432574347915,pressureMax=WOR:0.6890922952139134,pressureSecond=SEQ:0.4926309628125328,pressureGap=0.19646133240138053,diagnosisReason=FULL_MASK_AUDIT,test=false,reason=APPLY_EXPLORE,actions=[N4],remaining=0,routes=N1:N1|N2:N2|N3:CRITICAL_SOURCE|N4:BAL_RESOURCE_ROUTE|N5:STRUCTURAL_RECOVERY_MIX
v35Lite:action=N4,accepted=true,fe=496222,qGain=0.01398894524337649,attemptSeed=5841209856716562961
v35Lite:generation=62,slot=29,context=G4_BALANCED|BAL,phase=LATE,factory=2,pressures=SEQ:0.5165459963881014|MAC:0.43261076194176173|WOR:0.7080326384356822|SET:0.16023028178148424|FAT:0.5000673960795027,pressureMax=WOR:0.7080326384356822,pressureSecond=SEQ:0.5165459963881014,pressureGap=0.1914866420475808,diagnosisReason=FULL_MASK_AUDIT,test=true,reason=TEST,actions=[N1, N2, N4, N5],remaining=4,routes=N1:N1|N2:N2|N4:BAL_RESOURCE_ROUTE|N5:STRUCTURAL_RECOVERY_MIX
v35Lite:action=N1,accepted=false,fe=496223,qGain=0.0,attemptSeed=-8205656515255918498
v35Lite:action=N2,accepted=true,fe=496224,qGain=0.0663532219642069,attemptSeed=-5883370980562577041
v35Lite:action=N4,accepted=false,fe=496225,qGain=0.0,attemptSeed=7322961431120185111
v35Lite:action=N5,accepted=false,fe=496226,qGain=-0.0031740549514129367,attemptSeed=445345461565333902
v35Lite:generation=62,slot=30,context=G4_BALANCED|BAL,phase=LATE,factory=1,pressures=SEQ:0.5031252921818127|MAC:0.5060008453167134|WOR:0.6958774263120878|SET:0.1681391783017222|FAT:0.4375903232360983,pressureMax=WOR:0.6958774263120878,pressureSecond=MAC:0.5060008453167134,pressureGap=0.1898765809953744,diagnosisReason=FULL_MASK_AUDIT,test=false,reason=APPLY_BEST,actions=[N2],remaining=3,routes=N1:N1|N2:N2|N4:BAL_RESOURCE_ROUTE|N5:STRUCTURAL_RECOVERY_MIX
v35Lite:action=N2,accepted=true,fe=496227,qGain=-0.022931704174247464,attemptSeed=-2735174153545825961
v35Lite:generation=62,slot=31,context=G4_BALANCED|BAL,phase=LATE,factory=2,pressures=SEQ:0.3893693836050637|MAC:0.417969994100299|WOR:0.6895097146249534|SET:0.17075255048527496|FAT:0.5543223967501976,pressureMax=WOR:0.6895097146249534,pressureSecond=FAT:0.5543223967501976,pressureGap=0.1351873178747558,diagnosisReason=FULL_MASK_AUDIT,test=true,reason=TEST,actions=[N1, N2, N3, N4, N5],remaining=5,routes=N1:N1|N2:N2|N3:CRITICAL_SOURCE|N4:BAL_RESOURCE_ROUTE|N5:STRUCTURAL_RECOVERY_MIX
v35Lite:action=N1,accepted=true,fe=496228,qGain=0.03292590951945777,attemptSeed=8322472156330986584
v35Lite:action=N2,accepted=false,fe=496229,qGain=-0.054567244582689606,attemptSeed=8821138046403481020
v35Lite:action=N3,accepted=true,fe=496230,qGain=0.03292590951945777,attemptSeed=8177513636706342572
v35Lite:action=N4,accepted=true,fe=496231,qGain=-0.001289427667506003,attemptSeed=-8495430591074262181
v35Lite:action=N5,accepted=false,fe=496232,qGain=0.03169903628667726,attemptSeed=8342657804046538543
v35Lite:generation=62,slot=32,context=G4_BALANCED|BAL,phase=LATE,factory=1,pressures=SEQ:0.5369000718211783|MAC:0.5187831094486324|WOR:0.6960839953905643|SET:0.17148580361087215|FAT:0.42576850805219946,pressureMax=WOR:0.6960839953905643,pressureSecond=SEQ:0.5369000718211783,pressureGap=0.15918392356938604,diagnosisReason=FULL_MASK_AUDIT,test=true,reason=TEST,actions=[N1, N2, N4, N5],remaining=4,routes=N1:N1|N2:N2|N4:BAL_RESOURCE_ROUTE|N5:STRUCTURAL_RECOVERY_MIX
v35Lite:action=N1,accepted=false,fe=496233,qGain=0.0,attemptSeed=2767002215098170067
v35Lite:action=N2,accepted=true,fe=496234,qGain=-0.09135956838415447,attemptSeed=1169562409405295849
v35Lite:action=N4,accepted=false,fe=496235,qGain=-0.02951152789806783,attemptSeed=-9204096021239665412
v35Lite:action=N5,accepted=false,fe=496236,qGain=0.0,attemptSeed=8563966969397789593
v35Lite:generation=62,slot=33,context=G4_BALANCED|BAL,phase=LATE,factory=2,pressures=SEQ:0.4838174328108191|MAC:0.48983319304348744|WOR:0.6958828441673512|SET:0.18433683734906292|FAT:0.5329230345769003,pressureMax=WOR:0.6958828441673512,pressureSecond=FAT:0.5329230345769003,pressureGap=0.16295980959045098,diagnosisReason=FULL_MASK_AUDIT,test=true,reason=TEST,actions=[N1, N2, N3, N4, N5],remaining=5,routes=N1:N1|N2:N2|N3:CRITICAL_SOURCE|N4:BAL_RESOURCE_ROUTE|N5:STRUCTURAL_RECOVERY_MIX
v35Lite:action=N1,accepted=false,fe=496237,qGain=0.0,attemptSeed=-6451683802491097591
v35Lite:action=N2,accepted=true,fe=496238,qGain=0.036308595541727696,attemptSeed=-9204096021239665412
v35Lite:action=N3,accepted=true,fe=496239,qGain=0.0,attemptSeed=2767002215098170067
v35Lite:action=N4,accepted=true,fe=496240,qGain=0.0,attemptSeed=1169562409405295849
v35Lite:action=N5,accepted=false,fe=496241,qGain=0.11149260917726904,attemptSeed=5492287817868924908
v35Lite:generation=62,slot=34,context=G4_BALANCED|BAL,phase=LATE,factory=1,pressures=SEQ:0.5363232830175461|MAC:0.5361755576942713|WOR:0.689219009506801|SET:0.16119673011000646|FAT:0.4527576091959048,pressureMax=WOR:0.689219009506801,pressureSecond=SEQ:0.5363232830175461,pressureGap=0.15289572648925498,diagnosisReason=FULL_MASK_AUDIT,test=true,reason=TEST,actions=[N1, N2, N4, N5],remaining=4,routes=N1:N1|N2:N2|N4:BAL_RESOURCE_ROUTE|N5:STRUCTURAL_RECOVERY_MIX
v35Lite:action=N1,accepted=false,fe=496242,qGain=0.0,attemptSeed=2767002215098170067
v35Lite:action=N2,accepted=false,fe=496243,qGain=-0.09008095922356753,attemptSeed=1169562409405295849
v35Lite:action=N4,accepted=false,fe=496244,qGain=-0.013838203207579992,attemptSeed=-9204096021239665412
v35Lite:action=N5,accepted=false,fe=496245,qGain=0.0,attemptSeed=8563966969397789593
v35Lite:generation=62,slot=35,context=G4_BALANCED|BAL,phase=LATE,factory=1,pressures=SEQ:0.48471060573874375|MAC:0.48659123911837787|WOR:0.682852528038322|SET:0.16427761538385752|FAT:0.4292650399566957,pressureMax=WOR:0.682852528038322,pressureSecond=MAC:0.48659123911837787,pressureGap=0.1962612889199441,diagnosisReason=FULL_MASK_AUDIT,test=true,reason=TEST,actions=[N1, N2, N3, N4, N5],remaining=5,routes=N1:N1|N2:N2|N3:CRITICAL_SOURCE|N4:BAL_RESOURCE_ROUTE|N5:STRUCTURAL_RECOVERY_MIX
v35Lite:action=N1,accepted=false,fe=496246,qGain=0.0,attemptSeed=5492287817868924908
v35Lite:action=N2,accepted=false,fe=496247,qGain=-0.007663149615257249,attemptSeed=4120607024672120422
v35Lite:action=N3,accepted=true,fe=496248,qGain=0.09250319065457305,attemptSeed=8563966969397789593
v35Lite:action=N4,accepted=true,fe=496249,qGain=0.011729490860464596,attemptSeed=-5597174588173845618
v35Lite:action=N5,accepted=false,fe=496250,qGain=0.0,attemptSeed=-6451683802491097591
v35Lite:generation=62,slot=36,context=G4_BALANCED|BAL,phase=LATE,factory=1,pressures=SEQ:0.5407967405935561|MAC:0.4926753251789655|WOR:0.6947687682076039|SET:0.16921890475717483|FAT:0.4623094389675672,pressureMax=WOR:0.6947687682076039,pressureSecond=SEQ:0.5407967405935561,pressureGap=0.15397202761404782,diagnosisReason=FULL_MASK_AUDIT,test=true,reason=TEST,actions=[N1, N2, N4, N5],remaining=4,routes=N1:N1|N2:N2|N4:BAL_RESOURCE_ROUTE|N5:STRUCTURAL_RECOVERY_MIX
v35Lite:action=N1,accepted=false,fe=496251,qGain=0.0,attemptSeed=2767002215098170067
v35Lite:action=N2,accepted=false,fe=496252,qGain=-0.12576938173140548,attemptSeed=1169562409405295849
v35Lite:action=N4,accepted=false,fe=496253,qGain=-0.1594143818243186,attemptSeed=-9204096021239665412
v35Lite:action=N5,accepted=true,fe=496254,qGain=0.0,attemptSeed=8563966969397789593
v35Lite:generation=62,slot=37,context=G4_BALANCED|BAL,phase=LATE,factory=1,pressures=SEQ:0.2114540866884994|MAC:0.3723850950310763|WOR:0.6801153369092195|SET:0.15778292920134573|FAT:0.38571887752524026,pressureMax=WOR:0.6801153369092195,pressureSecond=FAT:0.38571887752524026,pressureGap=0.2943964593839793,diagnosisReason=FULL_MASK_AUDIT,test=true,reason=TEST,actions=[N1, N2, N3, N4, N5],remaining=5,routes=N1:N1|N2:N2|N3:CRITICAL_SOURCE|N4:BAL_RESOURCE_ROUTE|N5:STRUCTURAL_RECOVERY_MIX
v35Lite:action=N1,accepted=false,fe=496255,qGain=0.0,attemptSeed=-6451683802491097591
v35Lite:action=N2,accepted=false,fe=496256,qGain=-0.001999303934484294,attemptSeed=-9204096021239665412
v35Lite:action=N3,accepted=true,fe=496257,qGain=0.01811673474093822,attemptSeed=2767002215098170067
v35Lite:action=N4,accepted=false,fe=496258,qGain=-0.058440024160470616,attemptSeed=1169562409405295849
v35Lite:action=N5,accepted=false,fe=496259,qGain=0.007143356676693406,attemptSeed=5492287817868924908
v35Lite:generation=62,slot=38,context=G4_BALANCED|BAL,phase=LATE,factory=2,pressures=SEQ:0.46013824732401426|MAC:0.42922339804282805|WOR:0.6888283724518387|SET:0.17672082923183535|FAT:0.5649670649882256,pressureMax=WOR:0.6888283724518387,pressureSecond=FAT:0.5649670649882256,pressureGap=0.12386130746361312,diagnosisReason=FULL_MASK_AUDIT,test=false,reason=APPLY_BEST,actions=[N2],remaining=4,routes=N1:N1|N2:N2|N3:CRITICAL_SOURCE|N4:BAL_RESOURCE_ROUTE|N5:STRUCTURAL_RECOVERY_MIX
v35Lite:action=N2,accepted=true,fe=496260,qGain=0.006226593429802606,attemptSeed=2767002215098170067
v35Lite:generation=62,slot=39,context=G4_BALANCED|BAL,phase=LATE,factory=2,pressures=SEQ:0.434783148335939|MAC:0.41436308590105086|WOR:0.6781593728894775|SET:0.16583830355921628|FAT:0.5169045567639649,pressureMax=WOR:0.6781593728894775,pressureSecond=FAT:0.5169045567639649,pressureGap=0.16125481612551262,diagnosisReason=FULL_MASK_AUDIT,test=false,reason=APPLY_BEST,actions=[N2],remaining=3,routes=N1:N1|N2:N2|N3:CRITICAL_SOURCE|N4:BAL_RESOURCE_ROUTE|N5:STRUCTURAL_RECOVERY_MIX
v35Lite:action=N2,accepted=true,fe=496261,qGain=-0.028769334513682153,attemptSeed=2767002215098170067
v35Lite:generation=62,slot=40,context=G4_BALANCED|BAL,phase=LATE,factory=1,pressures=SEQ:0.5418478615283556|MAC:0.4770465691263056|WOR:0.6951216747725528|SET:0.16932057270964412|FAT:0.47559817988687386,pressureMax=WOR:0.6951216747725528,pressureSecond=SEQ:0.5418478615283556,pressureGap=0.1532738132441972,diagnosisReason=FULL_MASK_AUDIT,test=true,reason=TEST,actions=[N1, N2, N4, N5],remaining=4,routes=N1:N1|N2:N2|N4:BAL_RESOURCE_ROUTE|N5:STRUCTURAL_RECOVERY_MIX
v35Lite:action=N1,accepted=false,fe=496262,qGain=0.0,attemptSeed=-7252959626293293842
v35Lite:action=N2,accepted=true,fe=496263,qGain=0.006540862622147937,attemptSeed=-3384446071852815350
v35Lite:action=N4,accepted=true,fe=496264,qGain=0.09052677653661026,attemptSeed=2811583556630111169
v35Lite:action=N5,accepted=false,fe=496265,qGain=0.0,attemptSeed=-8020973494395910115
v35Lite:generation=62,slot=41,context=G4_BALANCED|BAL,phase=LATE,factory=1,pressures=SEQ:0.5360562129058406|MAC:0.4734311993482781|WOR:0.6866494548517542|SET:0.17583224935986475|FAT:0.45712319581812577,pressureMax=WOR:0.6866494548517542,pressureSecond=SEQ:0.5360562129058406,pressureGap=0.15059324194591361,diagnosisReason=FULL_MASK_AUDIT,test=true,reason=TEST,actions=[N1, N2, N3, N4, N5],remaining=5,routes=N1:N1|N2:N2|N3:CRITICAL_SOURCE|N4:BAL_RESOURCE_ROUTE|N5:STRUCTURAL_RECOVERY_MIX
v35Lite:action=N1,accepted=false,fe=496266,qGain=0.0,attemptSeed=2767002215098170067
v35Lite:action=N2,accepted=false,fe=496267,qGain=-0.19842267934741953,attemptSeed=1169562409405295849
v35Lite:action=N3,accepted=false,fe=496268,qGain=0.0,attemptSeed=-6451683802491097591
v35Lite:action=N4,accepted=false,fe=496269,qGain=-0.10104335497186757,attemptSeed=-9204096021239665412
v35Lite:action=N5,accepted=false,fe=496270,qGain=-0.05149893782782996,attemptSeed=8563966969397789593
v35Lite:generation=62,slot=42,context=G4_BALANCED|BAL,phase=LATE,factory=1,pressures=SEQ:0.4007150037057705|MAC:0.44752374872267797|WOR:0.6902185977364443|SET:0.17146274089888988|FAT:0.44275282294079704,pressureMax=WOR:0.6902185977364443,pressureSecond=MAC:0.44752374872267797,pressureGap=0.24269484901376637,diagnosisReason=FULL_MASK_AUDIT,test=false,reason=APPLY_BEST,actions=[N2],remaining=4,routes=N1:N1|N2:N2|N3:CRITICAL_SOURCE|N4:BAL_RESOURCE_ROUTE|N5:STRUCTURAL_RECOVERY_MIX
v35Lite:action=N2,accepted=true,fe=496271,qGain=-0.0819140047757339,attemptSeed=-6451683802491097591
v35Lite:generation=62,slot=43,context=G4_BALANCED|BAL,phase=LATE,factory=1,pressures=SEQ:0.5117247906193101|MAC:0.49410531759886084|WOR:0.6802483787377646|SET:0.1686315427071924|FAT:0.41203825984177855,pressureMax=WOR:0.6802483787377646,pressureSecond=SEQ:0.5117247906193101,pressureGap=0.16852358811845447,diagnosisReason=FULL_MASK_AUDIT,test=true,reason=TEST,actions=[N1, N2, N4, N5],remaining=4,routes=N1:N1|N2:N2|N4:BAL_RESOURCE_ROUTE|N5:STRUCTURAL_RECOVERY_MIX
v35Lite:action=N1,accepted=false,fe=496272,qGain=0.0,attemptSeed=-9204096021239665412
v35Lite:action=N2,accepted=true,fe=496273,qGain=-0.08132668153629151,attemptSeed=-6451683802491097591
v35Lite:action=N4,accepted=false,fe=496274,qGain=-0.056846984225589016,attemptSeed=2767002215098170067
v35Lite:action=N5,accepted=true,fe=496275,qGain=0.0,attemptSeed=4120607024672120422
v35Lite:generation=62,slot=44,context=G4_BALANCED|BAL,phase=LATE,factory=2,pressures=SEQ:0.47819251776752186|MAC:0.49701622267185885|WOR:0.7169906294444356|SET:0.17554006657303584|FAT:0.5381341415947392,pressureMax=WOR:0.7169906294444356,pressureSecond=FAT:0.5381341415947392,pressureGap=0.17885648784969643,diagnosisReason=FULL_MASK_AUDIT,test=true,reason=TEST,actions=[N1, N2, N3, N4, N5],remaining=5,routes=N1:N1|N2:N2|N3:CRITICAL_SOURCE|N4:BAL_RESOURCE_ROUTE|N5:STRUCTURAL_RECOVERY_MIX
v35Lite:action=N1,accepted=true,fe=496276,qGain=0.0,attemptSeed=4120607024672120422
v35Lite:action=N2,accepted=true,fe=496277,qGain=0.17047107562261438,attemptSeed=5492287817868924908
v35Lite:action=N3,accepted=true,fe=496278,qGain=0.0,attemptSeed=-5597174588173845618
v35Lite:action=N4,accepted=true,fe=496279,qGain=0.0,attemptSeed=8563966969397789593
v35Lite:action=N5,accepted=false,fe=496280,qGain=-0.09465659042525325,attemptSeed=-9204096021239665412
v35Lite:generation=62,slot=45,context=G4_BALANCED|BAL,phase=LATE,factory=1,pressures=SEQ:0.5027998011914268|MAC:0.4835870417547382|WOR:0.6882277869115638|SET:0.16954108349360358|FAT:0.4457216947774366,pressureMax=WOR:0.6882277869115638,pressureSecond=SEQ:0.5027998011914268,pressureGap=0.18542798572013708,diagnosisReason=FULL_MASK_AUDIT,test=false,reason=APPLY_BEST,actions=[N2],remaining=4,routes=N1:N1|N2:N2|N3:CRITICAL_SOURCE|N4:BAL_RESOURCE_ROUTE|N5:STRUCTURAL_RECOVERY_MIX
v35Lite:action=N2,accepted=false,fe=496281,qGain=-0.13959141349722626,attemptSeed=4120607024672120422
v35Lite:generation=62,slot=46,context=G4_BALANCED|BAL,phase=LATE,factory=2,pressures=SEQ:0.4647182747360165|MAC:0.4393230813088882|WOR:0.6882006161552876|SET:0.15478340279162217|FAT:0.528228380385711,pressureMax=WOR:0.6882006161552876,pressureSecond=FAT:0.528228380385711,pressureGap=0.15997223576957664,diagnosisReason=FULL_MASK_AUDIT,test=false,reason=APPLY_BEST,actions=[N2],remaining=3,routes=N1:N1|N2:N2|N3:CRITICAL_SOURCE|N4:BAL_RESOURCE_ROUTE|N5:STRUCTURAL_RECOVERY_MIX
v35Lite:action=N2,accepted=true,fe=496282,qGain=0.030669592740211214,attemptSeed=-5597174588173845618
v35Lite:generation=62,slot=47,context=G4_BALANCED|BAL,phase=LATE,factory=2,pressures=SEQ:0.5165345857761344|MAC:0.4309576740473119|WOR:0.7028996736116857|SET:0.15378121144393414|FAT:0.5967160713511293,pressureMax=WOR:0.7028996736116857,pressureSecond=FAT:0.5967160713511293,pressureGap=0.10618360226055645,diagnosisReason=FULL_MASK_AUDIT,test=true,reason=TEST,actions=[N1, N2, N4, N5],remaining=4,routes=N1:N1|N2:N2|N4:BAL_RESOURCE_ROUTE|N5:STRUCTURAL_RECOVERY_MIX
v35Lite:action=N1,accepted=false,fe=496283,qGain=0.0,attemptSeed=-5597174588173845618
v35Lite:action=N2,accepted=true,fe=496284,qGain=-0.12312388807266983,attemptSeed=8563966969397789593
v35Lite:action=N4,accepted=true,fe=496285,qGain=-0.03181506096572187,attemptSeed=5492287817868924908
v35Lite:action=N5,accepted=false,fe=496286,qGain=0.0,attemptSeed=1169562409405295849
v35Lite:generation=62,slot=48,context=G4_BALANCED|BAL,phase=LATE,factory=1,pressures=SEQ:0.2487412966717777|MAC:0.33206168282178405|WOR:0.6555459222444961|SET:0.172135737327633|FAT:0.4168430426071673,pressureMax=WOR:0.6555459222444961,pressureSecond=FAT:0.4168430426071673,pressureGap=0.23870287963732884,diagnosisReason=FULL_MASK_AUDIT,test=true,reason=TEST,actions=[N1, N2, N3, N4, N5],remaining=5,routes=N1:N1|N2:N2|N3:CRITICAL_SOURCE|N4:BAL_RESOURCE_ROUTE|N5:STRUCTURAL_RECOVERY_MIX
v35Lite:action=N1,accepted=true,fe=496287,qGain=-0.0328253322558671,attemptSeed=6014467181418868761
v35Lite:action=N2,accepted=false,fe=496288,qGain=-0.15168676136522063,attemptSeed=-2809312068927905579
v35Lite:action=N3,accepted=true,fe=496289,qGain=-0.02701793951774819,attemptSeed=-7815446013596393754
v35Lite:action=N4,accepted=false,fe=496290,qGain=-0.1894736168643262,attemptSeed=7619430346982243375
v35Lite:action=N5,accepted=false,fe=496291,qGain=-0.021767686143541486,attemptSeed=3432762919699525985
v35Lite:generation=62,slot=49,context=G4_BALANCED|BAL,phase=LATE,factory=1,pressures=SEQ:0.2726508674001924|MAC:0.3207398971183253|WOR:0.6516844098883493|SET:0.1658669976493073|FAT:0.3931767234181426,pressureMax=WOR:0.6516844098883493,pressureSecond=FAT:0.3931767234181426,pressureGap=0.2585076864702067,diagnosisReason=FULL_MASK_AUDIT,test=false,reason=APPLY_BEST,actions=[N2],remaining=4,routes=N1:N1|N2:N2|N3:CRITICAL_SOURCE|N4:BAL_RESOURCE_ROUTE|N5:STRUCTURAL_RECOVERY_MIX
v35Lite:action=N2,accepted=true,fe=496292,qGain=0.006301592168556723,attemptSeed=6014467181418868761
v35Lite:generation=62,slot=50,context=G4_BALANCED|BAL,phase=LATE,factory=2,pressures=SEQ:0.5303487060947656|MAC:0.45374017599923677|WOR:0.7284242276075525|SET:0.16006341992685474|FAT:0.5331262552035613,pressureMax=WOR:0.7284242276075525,pressureSecond=FAT:0.5331262552035613,pressureGap=0.19529797240399127,diagnosisReason=FULL_MASK_AUDIT,test=true,reason=TEST,actions=[N1, N2, N4, N5],remaining=4,routes=N1:N1|N2:N2|N4:BAL_RESOURCE_ROUTE|N5:STRUCTURAL_RECOVERY_MIX
v35Lite:action=N1,accepted=false,fe=496293,qGain=0.0,attemptSeed=7619430346982243375
v35Lite:action=N2,accepted=true,fe=496294,qGain=-0.08457490883616701,attemptSeed=-7815446013596393754
v35Lite:action=N4,accepted=false,fe=496295,qGain=0.0,attemptSeed=6014467181418868761
v35Lite:action=N5,accepted=true,fe=496296,qGain=0.0,attemptSeed=2879780825060455635
v35Lite:generation=62,slot=51,context=G4_BALANCED|BAL,phase=LATE,factory=1,pressures=SEQ:0.2520225834199627|MAC:0.395670821224123|WOR:0.6679070045830484|SET:0.15906266263126434|FAT:0.3978915050807854,pressureMax=WOR:0.6679070045830484,pressureSecond=FAT:0.3978915050807854,pressureGap=0.270015499502263,diagnosisReason=FULL_MASK_AUDIT,test=true,reason=TEST,actions=[N1, N2, N3, N4, N5],remaining=5,routes=N1:N1|N2:N2|N3:CRITICAL_SOURCE|N4:BAL_RESOURCE_ROUTE|N5:STRUCTURAL_RECOVERY_MIX
v35Lite:action=N1,accepted=false,fe=496297,qGain=0.0,attemptSeed=-2809312068927905579
v35Lite:action=N2,accepted=true,fe=496298,qGain=0.03588548905120252,attemptSeed=6014467181418868761
v35Lite:action=N3,accepted=true,fe=496299,qGain=0.03042086522905239,attemptSeed=7619430346982243375
v35Lite:action=N4,accepted=false,fe=496300,qGain=-0.044833749311394534,attemptSeed=-7815446013596393754
v35Lite:action=N5,accepted=true,fe=496301,qGain=0.06013652942641206,attemptSeed=4172514108663775354
v35Lite:generation=62,slot=52,context=G4_BALANCED|BAL,phase=LATE,factory=1,pressures=SEQ:0.5110326356032757|MAC:0.5239108206464239|WOR:0.6883189807914358|SET:0.17485859756396624|FAT:0.43882334856467475,pressureMax=WOR:0.6883189807914358,pressureSecond=MAC:0.5239108206464239,pressureGap=0.16440816014501192,diagnosisReason=FULL_MASK_AUDIT,test=false,reason=APPLY_BEST,actions=[N2],remaining=4,routes=N1:N1|N2:N2|N3:CRITICAL_SOURCE|N4:BAL_RESOURCE_ROUTE|N5:STRUCTURAL_RECOVERY_MIX
v35Lite:action=N2,accepted=false,fe=496302,qGain=-0.03282482979868044,attemptSeed=2879780825060455635
v35Lite:generation=62,slot=53,context=G4_BALANCED|BAL,phase=LATE,factory=0,pressures=SEQ:0.30865591544787985|MAC:0.3397377379617966|WOR:0.536213222936181|SET:0.1782332394993607|FAT:0.2562011572082829,pressureMax=WOR:0.536213222936181,pressureSecond=MAC:0.3397377379617966,pressureGap=0.19647548497438438,diagnosisReason=FULL_MASK_AUDIT,test=false,reason=APPLY_BEST,actions=[N2],remaining=3,routes=N1:N1|N2:N2|N3:CRITICAL_SOURCE|N4:BAL_RESOURCE_ROUTE|N5:STRUCTURAL_RECOVERY_MIX
v35Lite:action=N2,accepted=false,fe=496303,qGain=0.0,attemptSeed=2879780825060455635
v35Lite:generation=62,slot=54,context=G4_BALANCED|BAL,phase=LATE,factory=2,pressures=SEQ:0.46767827250565464|MAC:0.4522125998339179|WOR:0.7073254052598255|SET:0.173359565932805|FAT:0.5625824076211525,pressureMax=WOR:0.7073254052598255,pressureSecond=FAT:0.5625824076211525,pressureGap=0.14474299763867293,diagnosisReason=FULL_MASK_AUDIT,test=false,reason=APPLY_EXPLORE,actions=[N5],remaining=2,routes=N1:N1|N2:N2|N3:CRITICAL_SOURCE|N4:BAL_RESOURCE_ROUTE|N5:STRUCTURAL_RECOVERY_MIX
v35Lite:action=N5,accepted=false,fe=496304,qGain=-0.07843744397742487,attemptSeed=-7815446013596393754
v35Lite:generation=62,slot=55,context=G4_BALANCED|BAL,phase=LATE,factory=0,pressures=SEQ:0.40791183473151155|MAC:0.4369625468897166|WOR:0.6052901962812645|SET:0.1667543445263301|FAT:0.39318362034715026,pressureMax=WOR:0.6052901962812645,pressureSecond=MAC:0.4369625468897166,pressureGap=0.16832764939154787,diagnosisReason=FULL_MASK_AUDIT,test=false,reason=APPLY_BEST,actions=[N2],remaining=1,routes=N1:N1|N2:N2|N3:CRITICAL_SOURCE|N4:BAL_RESOURCE_ROUTE|N5:STRUCTURAL_RECOVERY_MIX
v35Lite:action=N2,accepted=true,fe=496305,qGain=-0.11113728133655959,attemptSeed=2879780825060455635
v35Lite:generation=62,slot=56,context=G4_BALANCED|BAL,phase=LATE,factory=1,pressures=SEQ:0.47318052136402033|MAC:0.471133526069905|WOR:0.6805620239563122|SET:0.16535079393453095|FAT:0.3890295752372747,pressureMax=WOR:0.6805620239563122,pressureSecond=SEQ:0.47318052136402033,pressureGap=0.20738150259229182,diagnosisReason=FULL_MASK_AUDIT,test=false,reason=APPLY_BEST,actions=[N2],remaining=0,routes=N1:N1|N2:N2|N3:CRITICAL_SOURCE|N4:BAL_RESOURCE_ROUTE|N5:STRUCTURAL_RECOVERY_MIX
v35Lite:action=N2,accepted=true,fe=496306,qGain=-0.047284102778086826,attemptSeed=5580849898414107788
v35Lite:generation=62,slot=57,context=G4_BALANCED|BAL,phase=LATE,factory=1,pressures=SEQ:0.2598446653485328|MAC:0.3741947673309489|WOR:0.6719587404645162|SET:0.16198460933646563|FAT:0.32994702296370654,pressureMax=WOR:0.6719587404645162,pressureSecond=MAC:0.3741947673309489,pressureGap=0.2977639731335673,diagnosisReason=FULL_MASK_AUDIT,test=true,reason=APPLY_HORIZON_COMPLETE_TEST,actions=[N1, N2, N3, N4, N5],remaining=5,routes=N1:N1|N2:N2|N3:CRITICAL_SOURCE|N4:BAL_RESOURCE_ROUTE|N5:STRUCTURAL_RECOVERY_MIX
v35Lite:action=N1,accepted=false,fe=496307,qGain=0.0,attemptSeed=-7004952785590069336
v35Lite:action=N2,accepted=false,fe=496308,qGain=-0.010932931152633189,attemptSeed=-5946268997518650840
v35Lite:action=N3,accepted=true,fe=496309,qGain=0.005128753245807716,attemptSeed=4013320542363081463
v35Lite:action=N4,accepted=false,fe=496310,qGain=-0.0010524562240868467,attemptSeed=-4118634543579780288
v35Lite:action=N5,accepted=false,fe=496311,qGain=0.024394051732147617,attemptSeed=6111400031469446370
v35Lite:generation=62,slot=58,context=G4_BALANCED|BAL,phase=LATE,factory=2,pressures=SEQ:0.5206671368684921|MAC:0.4069281370901575|WOR:0.7010693678287232|SET:0.1709917028757602|FAT:0.5971148094817078,pressureMax=WOR:0.7010693678287232,pressureSecond=FAT:0.5971148094817078,pressureGap=0.10395455834701539,diagnosisReason=FULL_MASK_AUDIT,test=true,reason=TEST,actions=[N1, N2, N4, N5],remaining=4,routes=N1:N1|N2:N2|N4:BAL_RESOURCE_ROUTE|N5:STRUCTURAL_RECOVERY_MIX
v35Lite:action=N1,accepted=false,fe=496312,qGain=0.0,attemptSeed=-3209294993629241063
v35Lite:action=N2,accepted=true,fe=496313,qGain=-0.011166674801565163,attemptSeed=-8020973494395910115
v35Lite:action=N4,accepted=false,fe=496314,qGain=-0.018326943128682004,attemptSeed=1658489628597351957
v35Lite:action=N5,accepted=false,fe=496315,qGain=-0.0014859897884395477,attemptSeed=-3384446071852815350
v35Lite:generation=62,slot=59,context=G4_BALANCED|BAL,phase=LATE,factory=2,pressures=SEQ:0.5129191953345048|MAC:0.4432752581378887|WOR:0.7037193133152734|SET:0.16662219344766319|FAT:0.529700809572487,pressureMax=WOR:0.7037193133152734,pressureSecond=FAT:0.529700809572487,pressureGap=0.17401850374278638,diagnosisReason=FULL_MASK_AUDIT,test=true,reason=TEST,actions=[N1, N2, N3, N4, N5],remaining=5,routes=N1:N1|N2:N2|N3:CRITICAL_SOURCE|N4:BAL_RESOURCE_ROUTE|N5:STRUCTURAL_RECOVERY_MIX
v35Lite:action=N1,accepted=false,fe=496316,qGain=0.0,attemptSeed=-3209294993629241063
v35Lite:action=N2,accepted=true,fe=496317,qGain=-0.015830373656527036,attemptSeed=-8020973494395910115
v35Lite:action=N3,accepted=false,fe=496318,qGain=0.0,attemptSeed=3558380930115308836
v35Lite:action=N4,accepted=false,fe=496319,qGain=0.0,attemptSeed=1658489628597351957
v35Lite:action=N5,accepted=false,fe=496320,qGain=-0.05580155405589348,attemptSeed=-3384446071852815350
v35Lite:generation=62,slot=60,context=G2_TEC|BAL,phase=LATE,factory=1,pressures=SEQ:0.5448385287278479|MAC:0.4635397378804823|WOR:0.6963340381144325|SET:0.17890884623729222|FAT:0.46319138080917244,pressureMax=WOR:0.6963340381144325,pressureSecond=SEQ:0.5448385287278479,pressureGap=0.15149550938658463,diagnosisReason=FULL_MASK_AUDIT,test=false,reason=APPLY_BEST,actions=[N2],remaining=4,routes=N1:N1|N2:N2|N3:CRITICAL_SOURCE|N4:BAL_RESOURCE_ROUTE|N5:STRUCTURAL_RECOVERY_MIX
v35Lite:action=N2,accepted=false,fe=496321,qGain=-1.0,attemptSeed=2029814536463626104
v35Lite:generation=62,slot=61,context=G2_TEC|BAL,phase=LATE,factory=1,pressures=SEQ:0.5475485449560751|MAC:0.4451075493475366|WOR:0.7019555381555255|SET:0.17551821983821786|FAT:0.4576415579609644,pressureMax=WOR:0.7019555381555255,pressureSecond=SEQ:0.5475485449560751,pressureGap=0.1544069931994504,diagnosisReason=FULL_MASK_AUDIT,test=false,reason=APPLY_BEST,actions=[N2],remaining=3,routes=N1:N1|N2:N2|N3:CRITICAL_SOURCE|N4:BAL_RESOURCE_ROUTE|N5:STRUCTURAL_RECOVERY_MIX
v35Lite:action=N2,accepted=false,fe=496322,qGain=-0.6302322302874578,attemptSeed=2029814536463626104
v35Lite:generation=62,slot=62,context=G2_TEC|BAL,phase=LATE,factory=1,pressures=SEQ:0.5318636226914681|MAC:0.4532766072124902|WOR:0.6905171491844665|SET:0.17263019949196734|FAT:0.46239413703649646,pressureMax=WOR:0.6905171491844665,pressureSecond=SEQ:0.5318636226914681,pressureGap=0.15865352649299835,diagnosisReason=FULL_MASK_AUDIT,test=false,reason=APPLY_BEST,actions=[N2],remaining=2,routes=N1:N1|N2:N2|N3:CRITICAL_SOURCE|N4:BAL_RESOURCE_ROUTE|N5:STRUCTURAL_RECOVERY_MIX
v35Lite:action=N2,accepted=false,fe=496323,qGain=-0.8470732622630623,attemptSeed=2029814536463626104
v35Lite:generation=62,slot=63,context=G2_TEC|BAL,phase=LATE,factory=1,pressures=SEQ:0.5318015364679476|MAC:0.45295120092356034|WOR:0.6902395777762744|SET:0.17273532368332675|FAT:0.4621474595309974,pressureMax=WOR:0.6902395777762744,pressureSecond=SEQ:0.5318015364679476,pressureGap=0.15843804130832684,diagnosisReason=FULL_MASK_AUDIT,test=true,reason=CONSECUTIVE_APPLY_FAILURE_RETEST,actions=[N1, N2, N3, N4, N5],remaining=5,routes=N1:N1|N2:N2|N3:CRITICAL_SOURCE|N4:BAL_RESOURCE_ROUTE|N5:STRUCTURAL_RECOVERY_MIX
v35Lite:action=N1,accepted=false,fe=496324,qGain=-0.6939046394377233,attemptSeed=8478128369766160643
v35Lite:action=N2,accepted=false,fe=496325,qGain=-1.0,attemptSeed=-3818623616491092336
v35Lite:action=N3,accepted=false,fe=496326,qGain=0.0,attemptSeed=4411172908339972146
v35Lite:action=N4,accepted=false,fe=496327,qGain=-1.0,attemptSeed=2029814536463626104
v35Lite:action=N5,accepted=false,fe=496328,qGain=-1.0,attemptSeed=-7833056747071316340
v35Lite:generation=62,slot=64,context=G2_TEC|BAL,phase=LATE,factory=1,pressures=SEQ:0.532386029077838|MAC:0.44079407586325225|WOR:0.6918330444732322|SET:0.16806486308260077|FAT:0.46608645619093364,pressureMax=WOR:0.6918330444732322,pressureSecond=SEQ:0.532386029077838,pressureGap=0.1594470153953942,diagnosisReason=FULL_MASK_AUDIT,test=false,reason=APPLY_BEST,actions=[N2],remaining=4,routes=N1:N1|N2:N2|N3:CRITICAL_SOURCE|N4:BAL_RESOURCE_ROUTE|N5:STRUCTURAL_RECOVERY_MIX
v35Lite:action=N2,accepted=false,fe=496329,qGain=-0.6836639412207742,attemptSeed=6978546498677477862
v35Lite:generation=62,slot=65,context=G2_TEC|BAL,phase=LATE,factory=2,pressures=SEQ:0.4865640703506025|MAC:0.40465830558702376|WOR:0.7195935137823393|SET:0.16153616148839633|FAT:0.5323789705559471,pressureMax=WOR:0.7195935137823393,pressureSecond=FAT:0.5323789705559471,pressureGap=0.1872145432263922,diagnosisReason=FULL_MASK_AUDIT,test=false,reason=APPLY_BEST,actions=[N2],remaining=3,routes=N1:N1|N2:N2|N3:CRITICAL_SOURCE|N4:BAL_RESOURCE_ROUTE|N5:STRUCTURAL_RECOVERY_MIX
v35Lite:action=N2,accepted=false,fe=496330,qGain=-1.0,attemptSeed=6978546498677477862
v35Lite:generation=62,slot=66,context=G2_TEC|BAL,phase=LATE,factory=1,pressures=SEQ:0.5325383133751205|MAC:0.45931086955238115|WOR:0.693904743668952|SET:0.1739767854494687|FAT:0.45773409235141305,pressureMax=WOR:0.693904743668952,pressureSecond=SEQ:0.5325383133751205,pressureGap=0.16136643029383158,diagnosisReason=FULL_MASK_AUDIT,test=false,reason=APPLY_EXPLORE,actions=[N5],remaining=2,routes=N1:N1|N2:N2|N3:CRITICAL_SOURCE|N4:BAL_RESOURCE_ROUTE|N5:STRUCTURAL_RECOVERY_MIX
v35Lite:action=N5,accepted=false,fe=496331,qGain=-0.7532637596070209,attemptSeed=-2645827916545249314
v35Lite:generation=62,slot=67,context=G2_TEC|BAL,phase=LATE,factory=2,pressures=SEQ:0.4798471679212345|MAC:0.4554569554425979|WOR:0.7182245962425162|SET:0.15783384409142695|FAT:0.506210665649251,pressureMax=WOR:0.7182245962425162,pressureSecond=FAT:0.506210665649251,pressureGap=0.21201393059326523,diagnosisReason=FULL_MASK_AUDIT,test=false,reason=APPLY_EXPLORE,actions=[N1],remaining=1,routes=N1:N1|N2:N2|N3:CRITICAL_SOURCE|N4:BAL_RESOURCE_ROUTE|N5:STRUCTURAL_RECOVERY_MIX
v35Lite:action=N1,accepted=false,fe=496332,qGain=-0.65324536931684,attemptSeed=-7544715944274609992
v35Lite:generation=62,slot=68,context=G2_TEC|BAL,phase=LATE,factory=1,pressures=SEQ:0.5440286667119958|MAC:0.4657754002132204|WOR:0.6933783630502612|SET:0.17837736291144918|FAT:0.4715246820739858,pressureMax=WOR:0.6933783630502612,pressureSecond=SEQ:0.5440286667119958,pressureGap=0.14934969633826545,diagnosisReason=FULL_MASK_AUDIT,test=false,reason=APPLY_BEST,actions=[N2],remaining=0,routes=N1:N1|N2:N2|N3:CRITICAL_SOURCE|N4:BAL_RESOURCE_ROUTE|N5:STRUCTURAL_RECOVERY_MIX
v35Lite:action=N2,accepted=false,fe=496333,qGain=-0.41292769156661874,attemptSeed=6978546498677477862
v35Lite:generation=62,slot=69,context=G2_TEC|BAL,phase=LATE,factory=1,pressures=SEQ:0.5440032290185792|MAC:0.441524774246725|WOR:0.6937532184711321|SET:0.17179021243973513|FAT:0.46904516594209844,pressureMax=WOR:0.6937532184711321,pressureSecond=SEQ:0.5440032290185792,pressureGap=0.1497499894525529,diagnosisReason=FULL_MASK_AUDIT,test=true,reason=CONSECUTIVE_APPLY_FAILURE_RETEST,actions=[N1, N2, N3, N4, N5],remaining=5,routes=N1:N1|N2:N2|N3:CRITICAL_SOURCE|N4:BAL_RESOURCE_ROUTE|N5:STRUCTURAL_RECOVERY_MIX
v35Lite:action=N1,accepted=false,fe=496334,qGain=-0.25174515061211405,attemptSeed=8048250546710465926
v35Lite:action=N2,accepted=false,fe=496335,qGain=-0.6163413279254385,attemptSeed=3493596803721291740
v35Lite:action=N3,accepted=false,fe=496336,qGain=0.0,attemptSeed=-7544715944274609992
v35Lite:action=N4,accepted=false,fe=496337,qGain=-0.4075775140325864,attemptSeed=6978546498677477862
v35Lite:action=N5,accepted=false,fe=496338,qGain=-0.75904451595747,attemptSeed=5512062655497851812
v35Lite:generation=62,slot=70,context=G2_TEC|BAL,phase=LATE,factory=0,pressures=SEQ:0.32332365005421526|MAC:0.3563604247421345|WOR:0.49143234595974455|SET:0.12910014028830524|FAT:0.18234064141376918,pressureMax=WOR:0.49143234595974455,pressureSecond=MAC:0.3563604247421345,pressureGap=0.13507192121761008,diagnosisReason=FULL_MASK_AUDIT,test=true,reason=TEST,actions=[N1, N2, N4, N5],remaining=4,routes=N1:N1|N2:N2|N4:BAL_RESOURCE_ROUTE|N5:STRUCTURAL_RECOVERY_MIX
v35Lite:action=N1,accepted=false,fe=496339,qGain=-0.3370666477135083,attemptSeed=-7544715944274609992
v35Lite:action=N2,accepted=false,fe=496340,qGain=-1.0,attemptSeed=6978546498677477862
v35Lite:action=N4,accepted=false,fe=496341,qGain=-0.036613181892318096,attemptSeed=3493596803721291740
v35Lite:action=N5,accepted=false,fe=496342,qGain=-1.0,attemptSeed=-2645827916545249314
v35Lite:generation=62,slot=71,context=G2_TEC|BAL,phase=LATE,factory=1,pressures=SEQ:0.5456641910564425|MAC:0.47892017470266557|WOR:0.6980869811109794|SET:0.17312064436731|FAT:0.4698283952794742,pressureMax=WOR:0.6980869811109794,pressureSecond=SEQ:0.5456641910564425,pressureGap=0.15242279005453696,diagnosisReason=FULL_MASK_AUDIT,test=true,reason=TEST,actions=[N1, N2, N3, N4, N5],remaining=5,routes=N1:N1|N2:N2|N3:CRITICAL_SOURCE|N4:BAL_RESOURCE_ROUTE|N5:STRUCTURAL_RECOVERY_MIX
v35Lite:action=N1,accepted=true,fe=496343,qGain=0.20833282105446146,attemptSeed=8048250546710465926
v35Lite:action=N2,accepted=false,fe=496344,qGain=-0.6717481973738754,attemptSeed=3493596803721291740
v35Lite:action=N3,accepted=false,fe=496345,qGain=0.0,attemptSeed=-7544715944274609992
v35Lite:action=N4,accepted=false,fe=496346,qGain=-0.2644275593373572,attemptSeed=6978546498677477862
v35Lite:action=N5,accepted=false,fe=496347,qGain=-0.3562720437819543,attemptSeed=5512062655497851812
v35Lite:generation=62,slot=72,context=G2_TEC|BAL,phase=LATE,factory=2,pressures=SEQ:0.4865640703506025|MAC:0.40465830558702376|WOR:0.7195935137823393|SET:0.16153616148839633|FAT:0.5323789705559471,pressureMax=WOR:0.7195935137823393,pressureSecond=FAT:0.5323789705559471,pressureGap=0.1872145432263922,diagnosisReason=FULL_MASK_AUDIT,test=false,reason=APPLY_BEST,actions=[N2],remaining=4,routes=N1:N1|N2:N2|N3:CRITICAL_SOURCE|N4:BAL_RESOURCE_ROUTE|N5:STRUCTURAL_RECOVERY_MIX
v35Lite:action=N2,accepted=false,fe=496348,qGain=-0.6034725724621912,attemptSeed=6406062384759221588
v35Lite:generation=62,slot=73,context=G2_TEC|BAL,phase=LATE,factory=1,pressures=SEQ:0.532689709263755|MAC:0.45644120148888145|WOR:0.6914226799687151|SET:0.17090789226127306|FAT:0.46707046154340587,pressureMax=WOR:0.6914226799687151,pressureSecond=SEQ:0.532689709263755,pressureGap=0.15873297070496006,diagnosisReason=FULL_MASK_AUDIT,test=false,reason=APPLY_EXPLORE,actions=[N2],remaining=3,routes=N1:N1|N2:N2|N3:CRITICAL_SOURCE|N4:BAL_RESOURCE_ROUTE|N5:STRUCTURAL_RECOVERY_MIX
v35Lite:action=N2,accepted=false,fe=496349,qGain=-0.6737355881335477,attemptSeed=6406062384759221588
v35Lite:generation=62,slot=74,context=G2_TEC|BAL,phase=LATE,factory=2,pressures=SEQ:0.4798471679212345|MAC:0.4554569554425979|WOR:0.7182245962425162|SET:0.15783384409142695|FAT:0.506210665649251,pressureMax=WOR:0.7182245962425162,pressureSecond=FAT:0.506210665649251,pressureGap=0.21201393059326523,diagnosisReason=FULL_MASK_AUDIT,test=false,reason=APPLY_BEST,actions=[N2],remaining=2,routes=N1:N1|N2:N2|N3:CRITICAL_SOURCE|N4:BAL_RESOURCE_ROUTE|N5:STRUCTURAL_RECOVERY_MIX
v35Lite:action=N2,accepted=false,fe=496350,qGain=-1.0,attemptSeed=6406062384759221588
v35Lite:generation=62,slot=75,context=G2_TEC|BAL,phase=LATE,factory=2,pressures=SEQ:0.4845669827551694|MAC:0.47953245115076126|WOR:0.7163222256051907|SET:0.16449299165413386|FAT:0.5081901082569125,pressureMax=WOR:0.7163222256051907,pressureSecond=FAT:0.5081901082569125,pressureGap=0.2081321173482782,diagnosisReason=FULL_MASK_AUDIT,test=true,reason=CONSECUTIVE_APPLY_FAILURE_RETEST,actions=[N1, N2, N3, N4, N5],remaining=5,routes=N1:N1|N2:N2|N3:CRITICAL_SOURCE|N4:BAL_RESOURCE_ROUTE|N5:STRUCTURAL_RECOVERY_MIX
v35Lite:action=N1,accepted=false,fe=496351,qGain=-0.22938705745113444,attemptSeed=8997210089600207411
v35Lite:action=N2,accepted=false,fe=496352,qGain=-0.904380132363954,attemptSeed=-7610868083678860758
v35Lite:action=N3,accepted=false,fe=496353,qGain=-0.5179645285694898,attemptSeed=-4274799777685660003
v35Lite:action=N4,accepted=false,fe=496354,qGain=-0.008310111387759417,attemptSeed=6406062384759221588
v35Lite:action=N5,accepted=false,fe=496355,qGain=-0.7302043815486307,attemptSeed=3199463131274610385
v35Lite:generation=62,slot=76,context=G2_TEC|BAL,phase=LATE,factory=2,pressures=SEQ:0.4835460926955767|MAC:0.3819224954818996|WOR:0.714800003089975|SET:0.16078711201352658|FAT:0.5431055723673277,pressureMax=WOR:0.714800003089975,pressureSecond=FAT:0.5431055723673277,pressureGap=0.17169443072264734,diagnosisReason=FULL_MASK_AUDIT,test=false,reason=APPLY_BEST,actions=[N2],remaining=4,routes=N1:N1|N2:N2|N3:CRITICAL_SOURCE|N4:BAL_RESOURCE_ROUTE|N5:STRUCTURAL_RECOVERY_MIX
v35Lite:action=N2,accepted=false,fe=496356,qGain=-0.40397672716509647,attemptSeed=-4676610615828441425
v35Lite:generation=62,slot=77,context=G2_TEC|BAL,phase=LATE,factory=2,pressures=SEQ:0.48199032112554635|MAC:0.5972179162336158|WOR:0.7175155732810918|SET:0.1672021079206894|FAT:0.5019188879731877,pressureMax=WOR:0.7175155732810918,pressureSecond=MAC:0.5972179162336158,pressureGap=0.12029765704747608,diagnosisReason=FULL_MASK_AUDIT,test=false,reason=APPLY_BEST,actions=[N2],remaining=3,routes=N1:N1|N2:N2|N3:CRITICAL_SOURCE|N4:BAL_RESOURCE_ROUTE|N5:STRUCTURAL_RECOVERY_MIX
v35Lite:action=N2,accepted=false,fe=496357,qGain=-1.0,attemptSeed=-4676610615828441425
v35Lite:generation=62,slot=78,context=G2_TEC|BAL,phase=LATE,factory=1,pressures=SEQ:0.5342627801689198|MAC:0.446412878820704|WOR:0.6962664744174122|SET:0.16897849477484295|FAT:0.45310136277961144,pressureMax=WOR:0.6962664744174122,pressureSecond=SEQ:0.5342627801689198,pressureGap=0.16200369424849237,diagnosisReason=FULL_MASK_AUDIT,test=false,reason=APPLY_BEST,actions=[N2],remaining=2,routes=N1:N1|N2:N2|N3:CRITICAL_SOURCE|N4:BAL_RESOURCE_ROUTE|N5:STRUCTURAL_RECOVERY_MIX
v35Lite:action=N2,accepted=false,fe=496358,qGain=-0.6191252353086085,attemptSeed=-4676610615828441425
v35Lite:generation=62,slot=79,context=G2_TEC|BAL,phase=LATE,factory=1,pressures=SEQ:0.5486963913750065|MAC:0.44304874100404035|WOR:0.7061626445069117|SET:0.17679156121087353|FAT:0.45819085771537627,pressureMax=WOR:0.7061626445069117,pressureSecond=SEQ:0.5486963913750065,pressureGap=0.1574662531319052,diagnosisReason=FULL_MASK_AUDIT,test=true,reason=CONSECUTIVE_APPLY_FAILURE_RETEST,actions=[N1, N2, N3, N4, N5],remaining=5,routes=N1:N1|N2:N2|N3:CRITICAL_SOURCE|N4:BAL_RESOURCE_ROUTE|N5:STRUCTURAL_RECOVERY_MIX
v35Lite:action=N1,accepted=false,fe=496359,qGain=-0.3817841187503574,attemptSeed=2642161304027789367
v35Lite:action=N2,accepted=false,fe=496360,qGain=-1.0,attemptSeed=-7841317852650803272
v35Lite:action=N3,accepted=false,fe=496361,qGain=0.0,attemptSeed=-2168014131912442554
v35Lite:action=N4,accepted=false,fe=496362,qGain=-0.6788218149847817,attemptSeed=2908563734223955355
v35Lite:action=N5,accepted=false,fe=496363,qGain=-1.0,attemptSeed=-7227637865799860654
v35Lite:generation=62,slot=80,context=G3_TWC|BAL,phase=LATE,factory=1,pressures=SEQ:0.5151638883227436|MAC:0.5056467686206667|WOR:0.7045797909686415|SET:0.16829156353379965|FAT:0.45138762876290983,pressureMax=WOR:0.7045797909686415,pressureSecond=SEQ:0.5151638883227436,pressureGap=0.18941590264589792,diagnosisReason=FULL_MASK_AUDIT,test=false,reason=APPLY_BEST,actions=[N2],remaining=4,routes=N1:N1|N2:N2|N3:CRITICAL_SOURCE|N4:BAL_RESOURCE_ROUTE|N5:STRUCTURAL_RECOVERY_MIX
v35Lite:action=N2,accepted=false,fe=496364,qGain=-0.2794241028838612,attemptSeed=-2826017206488245744
v35Lite:generation=62,slot=81,context=G3_TWC|BAL,phase=LATE,factory=1,pressures=SEQ:0.5335710693964042|MAC:0.5127623061073925|WOR:0.6944070362401135|SET:0.1609028851254545|FAT:0.4646738948918084,pressureMax=WOR:0.6944070362401135,pressureSecond=SEQ:0.5335710693964042,pressureGap=0.16083596684370927,diagnosisReason=FULL_MASK_AUDIT,test=false,reason=APPLY_BEST,actions=[N2],remaining=3,routes=N1:N1|N2:N2|N3:CRITICAL_SOURCE|N4:BAL_RESOURCE_ROUTE|N5:STRUCTURAL_RECOVERY_MIX
v35Lite:action=N2,accepted=false,fe=496365,qGain=-1.0,attemptSeed=-2826017206488245744
v35Lite:generation=62,slot=82,context=G3_TWC|BAL,phase=LATE,factory=1,pressures=SEQ:0.5463280019308137|MAC:0.5168088774850731|WOR:0.7103887266023344|SET:0.1720191951060872|FAT:0.42617196418516395,pressureMax=WOR:0.7103887266023344,pressureSecond=SEQ:0.5463280019308137,pressureGap=0.16406072467152077,diagnosisReason=FULL_MASK_AUDIT,test=false,reason=APPLY_BEST,actions=[N2],remaining=2,routes=N1:N1|N2:N2|N3:CRITICAL_SOURCE|N4:BAL_RESOURCE_ROUTE|N5:STRUCTURAL_RECOVERY_MIX
v35Lite:action=N2,accepted=false,fe=496366,qGain=-0.340370601668717,attemptSeed=-2826017206488245744
v35Lite:generation=62,slot=83,context=G3_TWC|BAL,phase=LATE,factory=1,pressures=SEQ:0.5102232710796614|MAC:0.47635552235747936|WOR:0.7164855646913566|SET:0.17313380026697786|FAT:0.4490835612018701,pressureMax=WOR:0.7164855646913566,pressureSecond=SEQ:0.5102232710796614,pressureGap=0.20626229361169524,diagnosisReason=FULL_MASK_AUDIT,test=true,reason=TEST,actions=[N1, N2, N4, N5],remaining=4,routes=N1:N1|N2:N2|N4:BAL_RESOURCE_ROUTE|N5:STRUCTURAL_RECOVERY_MIX
v35Lite:action=N1,accepted=true,fe=496367,qGain=0.2557528200369132,attemptSeed=1914455330794429917
v35Lite:action=N2,accepted=false,fe=496368,qGain=-0.24448021330971276,attemptSeed=-5046984602082314292
v35Lite:action=N4,accepted=false,fe=496369,qGain=-0.22586223106343256,attemptSeed=-2826017206488245744
v35Lite:action=N5,accepted=false,fe=496370,qGain=0.2898767620608231,attemptSeed=-496274141353289246
v35Lite:generation=62,slot=84,context=G3_TWC|BAL,phase=LATE,factory=1,pressures=SEQ:0.5145696079300015|MAC:0.46489981469274744|WOR:0.697916185933415|SET:0.1696916276954842|FAT:0.45715423683358924,pressureMax=WOR:0.697916185933415,pressureSecond=SEQ:0.5145696079300015,pressureGap=0.18334657800341347,diagnosisReason=FULL_MASK_AUDIT,test=true,reason=TEST,actions=[N1, N2, N3, N4, N5],remaining=5,routes=N1:N1|N2:N2|N3:CRITICAL_SOURCE|N4:BAL_RESOURCE_ROUTE|N5:STRUCTURAL_RECOVERY_MIX
v35Lite:action=N1,accepted=false,fe=496371,qGain=0.0,attemptSeed=-496274141353289246
v35Lite:action=N2,accepted=false,fe=496372,qGain=-0.3090507533521636,attemptSeed=-5235532172634519038
v35Lite:action=N3,accepted=false,fe=496373,qGain=0.0,attemptSeed=8585300769966956274
v35Lite:action=N4,accepted=false,fe=496374,qGain=-0.7280413437852358,attemptSeed=2902397521032071952
v35Lite:action=N5,accepted=false,fe=496375,qGain=-0.38395899859203164,attemptSeed=1914455330794429917
v35Lite:generation=62,slot=85,context=G3_TWC|BAL,phase=LATE,factory=1,pressures=SEQ:0.5471472033160463|MAC:0.4842760841039001|WOR:0.7027969217346313|SET:0.17004393696649736|FAT:0.4478987519913795,pressureMax=WOR:0.7027969217346313,pressureSecond=SEQ:0.5471472033160463,pressureGap=0.155649718418585,diagnosisReason=FULL_MASK_AUDIT,test=false,reason=APPLY_BEST,actions=[N2],remaining=4,routes=N1:N1|N2:N2|N3:CRITICAL_SOURCE|N4:BAL_RESOURCE_ROUTE|N5:STRUCTURAL_RECOVERY_MIX
v35Lite:action=N2,accepted=false,fe=496376,qGain=-0.2881753207128171,attemptSeed=-496274141353289246
v35Lite:generation=62,slot=86,context=G3_TWC|BAL,phase=LATE,factory=1,pressures=SEQ:0.5444894706022209|MAC:0.4845340539566769|WOR:0.6969539276455885|SET:0.16926147677238287|FAT:0.4597665024784384,pressureMax=WOR:0.6969539276455885,pressureSecond=SEQ:0.5444894706022209,pressureGap=0.15246445704336764,diagnosisReason=FULL_MASK_AUDIT,test=false,reason=APPLY_BEST,actions=[N2],remaining=3,routes=N1:N1|N2:N2|N3:CRITICAL_SOURCE|N4:BAL_RESOURCE_ROUTE|N5:STRUCTURAL_RECOVERY_MIX
v35Lite:action=N2,accepted=false,fe=496377,qGain=-0.27860460661410874,attemptSeed=8585300769966956274
v35Lite:generation=62,slot=87,context=G3_TWC|BAL,phase=LATE,factory=2,pressures=SEQ:0.46834867673171915|MAC:0.41168402742860394|WOR:0.7201532774971099|SET:0.15534144758696455|FAT:0.5320423182274722,pressureMax=WOR:0.7201532774971099,pressureSecond=FAT:0.5320423182274722,pressureGap=0.18811095926963772,diagnosisReason=FULL_MASK_AUDIT,test=false,reason=APPLY_BEST,actions=[N2],remaining=2,routes=N1:N1|N2:N2|N3:CRITICAL_SOURCE|N4:BAL_RESOURCE_ROUTE|N5:STRUCTURAL_RECOVERY_MIX
v35Lite:action=N2,accepted=true,fe=496378,qGain=0.1340358123190167,attemptSeed=-496274141353289246
v35Lite:generation=62,slot=88,context=G3_TWC|BAL,phase=LATE,factory=1,pressures=SEQ:0.516332503383241|MAC:0.502542683535313|WOR:0.6848343154138182|SET:0.16612550506315132|FAT:0.454488593319579,pressureMax=WOR:0.6848343154138182,pressureSecond=SEQ:0.516332503383241,pressureGap=0.16850181203057724,diagnosisReason=FULL_MASK_AUDIT,test=false,reason=APPLY_BEST,actions=[N2],remaining=1,routes=N1:N1|N2:N2|N3:CRITICAL_SOURCE|N4:BAL_RESOURCE_ROUTE|N5:STRUCTURAL_RECOVERY_MIX
v35Lite:action=N2,accepted=false,fe=496379,qGain=-0.3813054066967388,attemptSeed=-1941836409648244537
v35Lite:generation=62,slot=89,context=G3_TWC|BAL,phase=LATE,factory=1,pressures=SEQ:0.5475883291177228|MAC:0.5111851615603197|WOR:0.7037576213673018|SET:0.1702311646304884|FAT:0.4601266440435614,pressureMax=WOR:0.7037576213673018,pressureSecond=SEQ:0.5475883291177228,pressureGap=0.15616929224957898,diagnosisReason=FULL_MASK_AUDIT,test=false,reason=APPLY_BEST,actions=[N2],remaining=0,routes=N1:N1|N2:N2|N3:CRITICAL_SOURCE|N4:BAL_RESOURCE_ROUTE|N5:STRUCTURAL_RECOVERY_MIX
v35Lite:action=N2,accepted=false,fe=496380,qGain=-0.6092609794066585,attemptSeed=-5899947375724549197
v35Lite:generation=62,slot=90,context=G3_TWC|BAL,phase=LATE,factory=1,pressures=SEQ:0.5442811061290682|MAC:0.509920700538659|WOR:0.6935026295925268|SET:0.17075705886768736|FAT:0.4703164219862269,pressureMax=WOR:0.6935026295925268,pressureSecond=SEQ:0.5442811061290682,pressureGap=0.14922152346345863,diagnosisReason=FULL_MASK_AUDIT,test=true,reason=APPLY_HORIZON_COMPLETE_TEST,actions=[N1, N2, N3, N4, N5],remaining=5,routes=N1:N1|N2:N2|N3:CRITICAL_SOURCE|N4:BAL_RESOURCE_ROUTE|N5:STRUCTURAL_RECOVERY_MIX
v35Lite:action=N1,accepted=false,fe=496381,qGain=0.0,attemptSeed=3428660359311197270
v35Lite:action=N2,accepted=false,fe=496382,qGain=-0.636639764481824,attemptSeed=-1941836409648244537
v35Lite:action=N3,accepted=false,fe=496383,qGain=0.0,attemptSeed=2553916879816438404
v35Lite:action=N4,accepted=false,fe=496384,qGain=-0.8087728249755368,attemptSeed=6338817910130681055
v35Lite:action=N5,accepted=false,fe=496385,qGain=-0.44019218235850205,attemptSeed=-1455398458137302235
v35Lite:generation=62,slot=91,context=G3_TWC|BAL,phase=LATE,factory=1,pressures=SEQ:0.5484118979781062|MAC:0.5222186715728141|WOR:0.7059758849762301|SET:0.17131484972517858|FAT:0.442825496199181,pressureMax=WOR:0.7059758849762301,pressureSecond=SEQ:0.5484118979781062,pressureGap=0.1575639869981239,diagnosisReason=FULL_MASK_AUDIT,test=false,reason=APPLY_BEST,actions=[N2],remaining=4,routes=N1:N1|N2:N2|N3:CRITICAL_SOURCE|N4:BAL_RESOURCE_ROUTE|N5:STRUCTURAL_RECOVERY_MIX
v35Lite:action=N2,accepted=true,fe=496386,qGain=0.12489256351786357,attemptSeed=3428660359311197270
v35Lite:generation=62,slot=92,context=G3_TWC|BAL,phase=LATE,factory=0,pressures=SEQ:0.38343826884452537|MAC:0.3202466818471594|WOR:0.4822351991112557|SET:0.14291950059802272|FAT:0.19835577613129426,pressureMax=WOR:0.4822351991112557,pressureSecond=SEQ:0.38343826884452537,pressureGap=0.09879693026673031,diagnosisReason=FULL_MASK_AUDIT,test=false,reason=APPLY_BEST,actions=[N2],remaining=3,routes=N1:N1|N2:N2|N3:CRITICAL_SOURCE|N4:BAL_RESOURCE_ROUTE|N5:STRUCTURAL_RECOVERY_MIX
v35Lite:action=N2,accepted=true,fe=496387,qGain=0.050356075688135375,attemptSeed=3781939056651721715
v35Lite:generation=62,slot=93,context=G3_TWC|BAL,phase=LATE,factory=1,pressures=SEQ:0.5285370360882263|MAC:0.48450798318486255|WOR:0.6935474427600525|SET:0.17005242687075073|FAT:0.42962409608909546,pressureMax=WOR:0.6935474427600525,pressureSecond=SEQ:0.5285370360882263,pressureGap=0.1650104066718262,diagnosisReason=FULL_MASK_AUDIT,test=false,reason=APPLY_BEST,actions=[N2],remaining=2,routes=N1:N1|N2:N2|N3:CRITICAL_SOURCE|N4:BAL_RESOURCE_ROUTE|N5:STRUCTURAL_RECOVERY_MIX
v35Lite:action=N2,accepted=false,fe=496388,qGain=-0.36867849976248557,attemptSeed=-1455398458137302235
v35Lite:generation=62,slot=94,context=G3_TWC|BAL,phase=LATE,factory=1,pressures=SEQ:0.5459256846332182|MAC:0.5330308298305486|WOR:0.7005810876000932|SET:0.1702165864829744|FAT:0.46937954679958693,pressureMax=WOR:0.7005810876000932,pressureSecond=SEQ:0.5459256846332182,pressureGap=0.15465540296687497,diagnosisReason=FULL_MASK_AUDIT,test=false,reason=APPLY_BEST,actions=[N2],remaining=1,routes=N1:N1|N2:N2|N3:CRITICAL_SOURCE|N4:BAL_RESOURCE_ROUTE|N5:STRUCTURAL_RECOVERY_MIX
v35Lite:action=N2,accepted=false,fe=496389,qGain=-0.3165481940538475,attemptSeed=3781939056651721715
v35Lite:generation=62,slot=95,context=G3_TWC|BAL,phase=LATE,factory=1,pressures=SEQ:0.5048805858051603|MAC:0.4290856054226698|WOR:0.6982435585599082|SET:0.17109026156264656|FAT:0.4596827813921198,pressureMax=WOR:0.6982435585599082,pressureSecond=SEQ:0.5048805858051603,pressureGap=0.1933629727547479,diagnosisReason=FULL_MASK_AUDIT,test=false,reason=APPLY_BEST,actions=[N2],remaining=0,routes=N1:N1|N2:N2|N3:CRITICAL_SOURCE|N4:BAL_RESOURCE_ROUTE|N5:STRUCTURAL_RECOVERY_MIX
v35Lite:action=N2,accepted=false,fe=496390,qGain=-1.0,attemptSeed=3428660359311197270
v35Lite:generation=62,slot=96,context=G3_TWC|BAL,phase=LATE,factory=1,pressures=SEQ:0.5473648267796518|MAC:0.4771781464121828|WOR:0.703131959827664|SET:0.1695264019297613|FAT:0.4437031145264946,pressureMax=WOR:0.703131959827664,pressureSecond=SEQ:0.5473648267796518,pressureGap=0.15576713304801215,diagnosisReason=FULL_MASK_AUDIT,test=true,reason=CONSECUTIVE_APPLY_FAILURE_RETEST,actions=[N1, N2, N3, N4, N5],remaining=5,routes=N1:N1|N2:N2|N3:CRITICAL_SOURCE|N4:BAL_RESOURCE_ROUTE|N5:STRUCTURAL_RECOVERY_MIX
v35Lite:action=N1,accepted=false,fe=496391,qGain=0.0,attemptSeed=-5900193451310610995
v35Lite:action=N2,accepted=true,fe=496392,qGain=0.05000405257549625,attemptSeed=-2878616358663615844
v35Lite:action=N3,accepted=false,fe=496393,qGain=0.0,attemptSeed=-7195579642725991929
v35Lite:action=N4,accepted=false,fe=496394,qGain=-0.23795421525235227,attemptSeed=7160634585165133807
v35Lite:action=N5,accepted=false,fe=496395,qGain=-0.13162637990335035,attemptSeed=-9137851108862974821
v35Lite:generation=62,slot=97,context=G3_TWC|BAL,phase=LATE,factory=1,pressures=SEQ:0.5356584489844143|MAC:0.4950816528588787|WOR:0.6985173923120019|SET:0.17099174542388407|FAT:0.4522270872975176,pressureMax=WOR:0.6985173923120019,pressureSecond=SEQ:0.5356584489844143,pressureGap=0.16285894332758766,diagnosisReason=FULL_MASK_AUDIT,test=false,reason=APPLY_BEST,actions=[N2],remaining=4,routes=N1:N1|N2:N2|N3:CRITICAL_SOURCE|N4:BAL_RESOURCE_ROUTE|N5:STRUCTURAL_RECOVERY_MIX
v35Lite:action=N2,accepted=false,fe=496396,qGain=-0.1313900801094511,attemptSeed=-5900193451310610995
v35Lite:generation=62,slot=98,context=G3_TWC|BAL,phase=LATE,factory=1,pressures=SEQ:0.5069631933812513|MAC:0.4773595967748393|WOR:0.707537293399549|SET:0.17598604161065753|FAT:0.45057988644158037,pressureMax=WOR:0.707537293399549,pressureSecond=SEQ:0.5069631933812513,pressureGap=0.20057410001829767,diagnosisReason=FULL_MASK_AUDIT,test=true,reason=TEST,actions=[N1, N2, N4, N5],remaining=4,routes=N1:N1|N2:N2|N4:BAL_RESOURCE_ROUTE|N5:STRUCTURAL_RECOVERY_MIX
v35Lite:action=N1,accepted=true,fe=496397,qGain=0.1989698426281486,attemptSeed=7160634585165133807
v35Lite:action=N2,accepted=false,fe=496398,qGain=-0.3465578660564133,attemptSeed=-7195579642725991929
v35Lite:action=N4,accepted=false,fe=496399,qGain=-0.31820589063699867,attemptSeed=-5900193451310610995
v35Lite:action=N5,accepted=false,fe=496400,qGain=0.20964139202243437,attemptSeed=4008517244794280657
v35Lite:generation=62,slot=99,context=G3_TWC|BAL,phase=LATE,factory=1,pressures=SEQ:0.5451648938030037|MAC:0.47416703842690044|WOR:0.6958062851489117|SET:0.17076661780742347|FAT:0.45077465465531735,pressureMax=WOR:0.6958062851489117,pressureSecond=SEQ:0.5451648938030037,pressureGap=0.15064139134590804,diagnosisReason=FULL_MASK_AUDIT,test=true,reason=TEST,actions=[N1, N2, N3, N4, N5],remaining=5,routes=N1:N1|N2:N2|N3:CRITICAL_SOURCE|N4:BAL_RESOURCE_ROUTE|N5:STRUCTURAL_RECOVERY_MIX
v35Lite:action=N1,accepted=false,fe=496401,qGain=-0.37079821342390623,attemptSeed=-2878616358663615844
v35Lite:action=N2,accepted=false,fe=496402,qGain=-1.0,attemptSeed=-5900193451310610995
v35Lite:action=N3,accepted=false,fe=496403,qGain=0.0,attemptSeed=7160634585165133807
v35Lite:action=N4,accepted=false,fe=496404,qGain=-1.0,attemptSeed=-7195579642725991929
v35Lite:action=N5,accepted=false,fe=496405,qGain=-0.9798282294292388,attemptSeed=-4188920991063196488
formalLocal:outer=61,slot=0,op=CRITICAL_FACTORY_SWAP,accepted=false,fe=496406
formalLocal:outer=61,slot=0,op=CRITICAL_FACTORY_INSERT,accepted=false,fe=496407
formalLocal:outer=61,slot=0,pass=0,op=O1_JS_INSERT,accepted=false,recoveryGain=true,qGain=-0.013760406876097708,fe=496408
formalLocal:outer=61,slot=0,pass=0,op=O2_JS_REVERSE,accepted=false,recoveryGain=true,qGain=-0.21326458944130455,fe=496409
formalLocal:outer=61,slot=0,pass=0,op=O3_JS_SWAP,accepted=false,recoveryGain=true,qGain=-1.0,fe=496410
formalLocal:outer=61,slot=0,pass=0,op=O4_WA_LOAD_TRANSFER,accepted=false,recoveryGain=true,qGain=-0.15290416696607867,fe=496411
formalLocal:outer=61,slot=0,pass=0,op=O5_WA_WEAK_TO_STRONG,accepted=false,recoveryGain=true,qGain=-0.1866698160914773,fe=496412
formalLocal:outer=61,slot=0,pass=0,op=O6_WA_SWAP,accepted=true,recoveryGain=true,qGain=0.0019111794856601664,fe=496413
formalLocal:outer=61,slot=0,pass=0,op=O7_MA_LOAD_TRANSFER,accepted=true,recoveryGain=true,qGain=0.1329861002975526,fe=496414
formalLocal:outer=61,slot=0,pass=0,op=O8_MA_WEAK_TO_STRONG,accepted=false,recoveryGain=true,qGain=-0.11223682355320828,fe=496415
formalLocal:outer=61,slot=0,pass=0,op=O9_MA_SWAP,accepted=false,recoveryGain=true,qGain=-0.13305923044838494,fe=496416
formalLocal:outer=61,slot=0,pass=1,op=O1_JS_INSERT,accepted=true,recoveryGain=true,qGain=0.09150809086035633,fe=496417
formalLocal:outer=61,slot=0,pass=1,op=O2_JS_REVERSE,accepted=false,recoveryGain=true,qGain=-0.02354704364979643,fe=496418
formalLocal:outer=61,slot=0,pass=1,op=O3_JS_SWAP,accepted=false,recoveryGain=true,qGain=-0.24482552138784594,fe=496419
formalLocal:outer=61,slot=0,pass=1,op=O4_WA_LOAD_TRANSFER,accepted=false,recoveryGain=true,qGain=-0.2225807172757506,fe=496420
formalLocal:outer=61,slot=0,pass=1,op=O5_WA_WEAK_TO_STRONG,accepted=false,recoveryGain=true,qGain=-0.07705867593193308,fe=496421
formalLocal:outer=61,slot=0,pass=1,op=O6_WA_SWAP,accepted=false,recoveryGain=true,qGain=-0.048079489318237204,fe=496422
formalLocal:outer=61,slot=0,pass=1,op=O7_MA_LOAD_TRANSFER,accepted=false,recoveryGain=true,qGain=-0.10934738597950457,fe=496423
formalLocal:outer=61,slot=0,pass=1,op=O8_MA_WEAK_TO_STRONG,accepted=false,recoveryGain=true,qGain=-0.10934738597950457,fe=496424
formalLocal:outer=61,slot=0,pass=1,op=O9_MA_SWAP,accepted=false,recoveryGain=true,qGain=-0.24852067137203995,fe=496425
formalLocal:outer=61,slot=0,pass=2,op=O1_JS_INSERT,accepted=false,recoveryGain=true,qGain=-0.014900304734132317,fe=496426
formalLocal:outer=61,slot=0,pass=2,op=O2_JS_REVERSE,accepted=false,recoveryGain=true,qGain=-0.16950378764697685,fe=496427
formalLocal:outer=61,slot=0,pass=2,op=O3_JS_SWAP,accepted=false,recoveryGain=true,qGain=-0.1588669063134956,fe=496428
formalLocal:outer=61,slot=0,pass=2,op=O4_WA_LOAD_TRANSFER,accepted=false,recoveryGain=true,qGain=-0.2225807172757506,fe=496429
formalLocal:outer=61,slot=0,pass=2,op=O5_WA_WEAK_TO_STRONG,accepted=false,recoveryGain=true,qGain=-0.07705867593193308,fe=496430
formalLocal:outer=61,slot=0,pass=2,op=O6_WA_SWAP,accepted=false,recoveryGain=true,qGain=-0.048079489318237204,fe=496431
formalLocal:outer=61,slot=0,pass=2,op=O7_MA_LOAD_TRANSFER,accepted=false,recoveryGain=true,qGain=-0.10934738597950457,fe=496432
formalLocal:outer=61,slot=0,pass=2,op=O8_MA_WEAK_TO_STRONG,accepted=false,recoveryGain=true,qGain=-0.10934738597950457,fe=496433
formalLocal:outer=61,slot=0,pass=2,op=O9_MA_SWAP,accepted=false,recoveryGain=true,qGain=-0.24852067137203995,fe=496434
formalLocal:outer=61,slot=0,pass=3,op=O1_JS_INSERT,accepted=false,recoveryGain=true,qGain=-0.11824602636546266,fe=496435
formalLocal:outer=61,slot=0,pass=3,op=O2_JS_REVERSE,accepted=false,recoveryGain=true,qGain=-0.5642858740347564,fe=496436
formalLocal:outer=61,slot=0,pass=3,op=O3_JS_SWAP,accepted=false,recoveryGain=true,qGain=0.0,fe=496437
formalLocal:outer=61,slot=0,pass=3,op=O4_WA_LOAD_TRANSFER,accepted=false,recoveryGain=true,qGain=-0.2225807172757506,fe=496438
formalLocal:outer=61,slot=0,pass=3,op=O5_WA_WEAK_TO_STRONG,accepted=false,recoveryGain=true,qGain=-0.07705867593193308,fe=496439
formalLocal:outer=61,slot=0,pass=3,op=O6_WA_SWAP,accepted=false,recoveryGain=true,qGain=-0.048079489318237204,fe=496440
formalLocal:outer=61,slot=0,pass=3,op=O7_MA_LOAD_TRANSFER,accepted=false,recoveryGain=true,qGain=-0.10934738597950457,fe=496441
formalLocal:outer=61,slot=0,pass=3,op=O8_MA_WEAK_TO_STRONG,accepted=false,recoveryGain=true,qGain=-0.10934738597950457,fe=496442
formalLocal:outer=61,slot=0,pass=3,op=O9_MA_SWAP,accepted=false,recoveryGain=true,qGain=-0.24852067137203995,fe=496443
formalLocal:outer=61,slot=0,pass=4,op=O1_JS_INSERT,accepted=false,recoveryGain=true,qGain=-0.14344861998351963,fe=496444
formalLocal:outer=61,slot=0,pass=4,op=O2_JS_REVERSE,accepted=false,recoveryGain=true,qGain=-0.24485356735483005,fe=496445
formalLocal:outer=61,slot=0,pass=4,op=O3_JS_SWAP,accepted=false,recoveryGain=true,qGain=-0.1240844830686968,fe=496446
formalLocal:outer=61,slot=0,pass=4,op=O4_WA_LOAD_TRANSFER,accepted=false,recoveryGain=true,qGain=-0.2225807172757506,fe=496447
formalLocal:outer=61,slot=0,pass=4,op=O5_WA_WEAK_TO_STRONG,accepted=false,recoveryGain=true,qGain=-0.07705867593193308,fe=496448
formalLocal:outer=61,slot=0,pass=4,op=O6_WA_SWAP,accepted=false,recoveryGain=true,qGain=-0.048079489318237204,fe=496449
formalLocal:outer=61,slot=0,pass=4,op=O7_MA_LOAD_TRANSFER,accepted=false,recoveryGain=true,qGain=-0.10934738597950457,fe=496450
formalLocal:outer=61,slot=0,pass=4,op=O8_MA_WEAK_TO_STRONG,accepted=false,recoveryGain=true,qGain=-0.10934738597950457,fe=496451
formalLocal:outer=61,slot=0,pass=4,op=O9_MA_SWAP,accepted=false,recoveryGain=true,qGain=-0.24852067137203995,fe=496452
formalLocal:outer=61,slot=0,pass=5,op=O1_JS_INSERT,accepted=false,recoveryGain=true,qGain=0.0,fe=496453
formalLocal:outer=61,slot=0,pass=5,op=O2_JS_REVERSE,accepted=false,recoveryGain=true,qGain=-0.01369576369740868,fe=496454
formalLocal:outer=61,slot=0,pass=5,op=O3_JS_SWAP,accepted=false,recoveryGain=true,qGain=-0.15432547055034904,fe=496455
formalLocal:outer=61,slot=0,pass=5,op=O4_WA_LOAD_TRANSFER,accepted=false,recoveryGain=true,qGain=-0.2225807172757506,fe=496456
formalLocal:outer=61,slot=0,pass=5,op=O5_WA_WEAK_TO_STRONG,accepted=false,recoveryGain=true,qGain=-0.07705867593193308,fe=496457
formalLocal:outer=61,slot=0,pass=5,op=O6_WA_SWAP,accepted=false,recoveryGain=true,qGain=-0.048079489318237204,fe=496458
formalLocal:outer=61,slot=0,pass=5,op=O7_MA_LOAD_TRANSFER,accepted=false,recoveryGain=true,qGain=-0.10934738597950457,fe=496459
formalLocal:outer=61,slot=0,pass=5,op=O8_MA_WEAK_TO_STRONG,accepted=false,recoveryGain=true,qGain=-0.10934738597950457,fe=496460
formalLocal:outer=61,slot=0,pass=5,op=O9_MA_SWAP,accepted=false,recoveryGain=true,qGain=-0.24852067137203995,fe=496461
formalLocal:outer=61,slot=0,pass=6,op=O1_JS_INSERT,accepted=false,recoveryGain=true,qGain=-0.041625039954507496,fe=496462
formalLocal:outer=61,slot=0,pass=6,op=O2_JS_REVERSE,accepted=false,recoveryGain=true,qGain=-0.13822672672214598,fe=496463
formalLocal:outer=61,slot=0,pass=6,op=O3_JS_SWAP,accepted=false,recoveryGain=true,qGain=-0.3311826795990523,fe=496464
formalLocal:outer=61,slot=0,pass=6,op=O4_WA_LOAD_TRANSFER,accepted=false,recoveryGain=true,qGain=-0.2225807172757506,fe=496465
formalLocal:outer=61,slot=0,pass=6,op=O5_WA_WEAK_TO_STRONG,accepted=false,recoveryGain=true,qGain=-0.07705867593193308,fe=496466
formalLocal:outer=61,slot=0,pass=6,op=O6_WA_SWAP,accepted=false,recoveryGain=true,qGain=-0.048079489318237204,fe=496467
formalLocal:outer=61,slot=0,pass=6,op=O7_MA_LOAD_TRANSFER,accepted=false,recoveryGain=true,qGain=-0.10934738597950457,fe=496468
formalLocal:outer=61,slot=0,pass=6,op=O8_MA_WEAK_TO_STRONG,accepted=false,recoveryGain=true,qGain=-0.10934738597950457,fe=496469
formalLocal:outer=61,slot=0,pass=6,op=O9_MA_SWAP,accepted=false,recoveryGain=true,qGain=-0.24852067137203995,fe=496470
formalLocal:outer=61,slot=0,pass=7,op=O1_JS_INSERT,accepted=false,recoveryGain=true,qGain=-0.14344861998351963,fe=496471
formalLocal:outer=61,slot=0,pass=7,op=O2_JS_REVERSE,accepted=false,recoveryGain=true,qGain=-0.4396879077115834,fe=496472
formalLocal:outer=61,slot=0,pass=7,op=O3_JS_SWAP,accepted=false,recoveryGain=true,qGain=-0.14570765616213927,fe=496473
formalLocal:outer=61,slot=0,pass=7,op=O4_WA_LOAD_TRANSFER,accepted=false,recoveryGain=true,qGain=-0.2225807172757506,fe=496474
formalLocal:outer=61,slot=0,pass=7,op=O5_WA_WEAK_TO_STRONG,accepted=false,recoveryGain=true,qGain=-0.07705867593193308,fe=496475
formalLocal:outer=61,slot=0,pass=7,op=O6_WA_SWAP,accepted=false,recoveryGain=true,qGain=-0.048079489318237204,fe=496476
formalLocal:outer=61,slot=0,pass=7,op=O7_MA_LOAD_TRANSFER,accepted=false,recoveryGain=true,qGain=-0.10934738597950457,fe=496477
formalLocal:outer=61,slot=0,pass=7,op=O8_MA_WEAK_TO_STRONG,accepted=false,recoveryGain=true,qGain=-0.10934738597950457,fe=496478
formalLocal:outer=61,slot=0,pass=7,op=O9_MA_SWAP,accepted=false,recoveryGain=true,qGain=-0.24852067137203995,fe=496479
formalLocal:outer=61,slot=0,pass=8,op=O1_JS_INSERT,accepted=false,recoveryGain=true,qGain=-0.14344861998351963,fe=496480
formalLocal:outer=61,slot=0,pass=8,op=O2_JS_REVERSE,accepted=false,recoveryGain=true,qGain=-0.06589919245466931,fe=496481
formalLocal:outer=61,slot=0,pass=8,op=O3_JS_SWAP,accepted=false,recoveryGain=true,qGain=0.0,fe=496482
formalLocal:outer=61,slot=0,pass=8,op=O4_WA_LOAD_TRANSFER,accepted=false,recoveryGain=true,qGain=-0.2225807172757506,fe=496483
formalLocal:outer=61,slot=0,pass=8,op=O5_WA_WEAK_TO_STRONG,accepted=false,recoveryGain=true,qGain=-0.07705867593193308,fe=496484
formalLocal:outer=61,slot=0,pass=8,op=O6_WA_SWAP,accepted=false,recoveryGain=true,qGain=-0.048079489318237204,fe=496485
formalLocal:outer=61,slot=0,pass=8,op=O7_MA_LOAD_TRANSFER,accepted=false,recoveryGain=true,qGain=-0.10934738597950457,fe=496486
formalLocal:outer=61,slot=0,pass=8,op=O8_MA_WEAK_TO_STRONG,accepted=false,recoveryGain=true,qGain=-0.10934738597950457,fe=496487
formalLocal:outer=61,slot=0,pass=8,op=O9_MA_SWAP,accepted=false,recoveryGain=true,qGain=-0.24852067137203995,fe=496488
formalLocal:outer=61,slot=0,pass=9,op=O1_JS_INSERT,accepted=false,recoveryGain=true,qGain=-0.1525118594750813,fe=496489
formalLocal:outer=61,slot=0,pass=9,op=O2_JS_REVERSE,accepted=false,recoveryGain=true,qGain=-0.02223864586925739,fe=496490
formalLocal:outer=61,slot=0,pass=9,op=O3_JS_SWAP,accepted=false,recoveryGain=true,qGain=-0.021608013600884265,fe=496491
formalLocal:outer=61,slot=0,pass=9,op=O4_WA_LOAD_TRANSFER,accepted=false,recoveryGain=true,qGain=-0.2225807172757506,fe=496492
formalLocal:outer=61,slot=0,pass=9,op=O5_WA_WEAK_TO_STRONG,accepted=false,recoveryGain=true,qGain=-0.07705867593193308,fe=496493
formalLocal:outer=61,slot=0,pass=9,op=O6_WA_SWAP,accepted=false,recoveryGain=true,qGain=-0.048079489318237204,fe=496494
formalLocal:outer=61,slot=0,pass=9,op=O7_MA_LOAD_TRANSFER,accepted=false,recoveryGain=true,qGain=-0.10934738597950457,fe=496495
formalLocal:outer=61,slot=0,pass=9,op=O8_MA_WEAK_TO_STRONG,accepted=false,recoveryGain=true,qGain=-0.10934738597950457,fe=496496
formalLocal:outer=61,slot=0,pass=9,op=O9_MA_SWAP,accepted=false,recoveryGain=true,qGain=-0.24852067137203995,fe=496497
formalLocal:outer=61,slot=0,pass=10,op=O1_JS_INSERT,accepted=false,recoveryGain=true,qGain=-0.17007868262195142,fe=496498
formalLocal:outer=61,slot=0,pass=10,op=O2_JS_REVERSE,accepted=false,recoveryGain=true,qGain=-0.041625039954507496,fe=496499
formalLocal:outer=61,slot=0,pass=10,op=O3_JS_SWAP,accepted=false,recoveryGain=true,qGain=-0.08634966229909327,fe=496500
formalLocal:outer=61,slot=0,pass=10,op=O4_WA_LOAD_TRANSFER,accepted=false,recoveryGain=true,qGain=-0.2225807172757506,fe=496501
formalLocal:outer=61,slot=0,pass=10,op=O5_WA_WEAK_TO_STRONG,accepted=false,recoveryGain=true,qGain=-0.07705867593193308,fe=496502
formalLocal:outer=61,slot=0,pass=10,op=O6_WA_SWAP,accepted=false,recoveryGain=true,qGain=-0.048079489318237204,fe=496503
formalLocal:outer=61,slot=0,pass=10,op=O7_MA_LOAD_TRANSFER,accepted=false,recoveryGain=true,qGain=-0.10934738597950457,fe=496504
formalLocal:outer=61,slot=0,pass=10,op=O8_MA_WEAK_TO_STRONG,accepted=false,recoveryGain=true,qGain=-0.10934738597950457,fe=496505
formalLocal:outer=61,slot=0,pass=10,op=O9_MA_SWAP,accepted=false,recoveryGain=true,qGain=-0.24852067137203995,fe=496506
formalLocal:outer=61,slot=0,pass=11,op=O1_JS_INSERT,accepted=false,recoveryGain=true,qGain=-0.1525118594750813,fe=496507
formalLocal:outer=61,slot=0,pass=11,op=O2_JS_REVERSE,accepted=false,recoveryGain=true,qGain=-0.0817476603578181,fe=496508
formalLocal:outer=61,slot=0,pass=11,op=O3_JS_SWAP,accepted=false,recoveryGain=true,qGain=-0.0424167353056855,fe=496509
formalLocal:outer=61,slot=0,pass=11,op=O4_WA_LOAD_TRANSFER,accepted=false,recoveryGain=true,qGain=-0.2225807172757506,fe=496510
formalLocal:outer=61,slot=0,pass=11,op=O5_WA_WEAK_TO_STRONG,accepted=false,recoveryGain=true,qGain=-0.07705867593193308,fe=496511
formalLocal:outer=61,slot=0,pass=11,op=O6_WA_SWAP,accepted=false,recoveryGain=true,qGain=-0.048079489318237204,fe=496512
formalLocal:outer=61,slot=0,pass=11,op=O7_MA_LOAD_TRANSFER,accepted=false,recoveryGain=true,qGain=-0.10934738597950457,fe=496513
formalLocal:outer=61,slot=0,pass=11,op=O8_MA_WEAK_TO_STRONG,accepted=false,recoveryGain=true,qGain=-0.10934738597950457,fe=496514
formalLocal:outer=61,slot=0,pass=11,op=O9_MA_SWAP,accepted=false,recoveryGain=true,qGain=-0.24852067137203995,fe=496515
formalLocal:outer=61,slot=0,pass=12,op=O1_JS_INSERT,accepted=false,recoveryGain=true,qGain=-0.2131259157851134,fe=496516
formalLocal:outer=61,slot=0,pass=12,op=O2_JS_REVERSE,accepted=false,recoveryGain=true,qGain=-0.1441404268431094,fe=496517
formalLocal:outer=61,slot=0,pass=12,op=O3_JS_SWAP,accepted=false,recoveryGain=true,qGain=-0.08300714447013327,fe=496518
formalLocal:outer=61,slot=0,pass=12,op=O4_WA_LOAD_TRANSFER,accepted=false,recoveryGain=true,qGain=-0.2225807172757506,fe=496519
formalLocal:outer=61,slot=0,pass=12,op=O5_WA_WEAK_TO_STRONG,accepted=false,recoveryGain=true,qGain=-0.07705867593193308,fe=496520
formalLocal:outer=61,slot=0,pass=12,op=O6_WA_SWAP,accepted=false,recoveryGain=true,qGain=-0.048079489318237204,fe=496521
formalLocal:outer=61,slot=0,pass=12,op=O7_MA_LOAD_TRANSFER,accepted=false,recoveryGain=true,qGain=-0.10934738597950457,fe=496522
formalLocal:outer=61,slot=0,pass=12,op=O8_MA_WEAK_TO_STRONG,accepted=false,recoveryGain=true,qGain=-0.10934738597950457,fe=496523
formalLocal:outer=61,slot=0,pass=12,op=O9_MA_SWAP,accepted=false,recoveryGain=true,qGain=-0.24852067137203995,fe=496524
formalLocal:outer=61,slot=0,pass=13,op=O1_JS_INSERT,accepted=false,recoveryGain=true,qGain=-0.022087901779092305,fe=496525
formalLocal:outer=61,slot=0,pass=13,op=O2_JS_REVERSE,accepted=false,recoveryGain=true,qGain=-0.1407065037373491,fe=496526
formalLocal:outer=61,slot=0,pass=13,op=O3_JS_SWAP,accepted=false,recoveryGain=true,qGain=-0.23576294384730068,fe=496527
formalLocal:outer=61,slot=0,pass=13,op=O4_WA_LOAD_TRANSFER,accepted=false,recoveryGain=true,qGain=-0.2225807172757506,fe=496528
formalLocal:outer=61,slot=0,pass=13,op=O5_WA_WEAK_TO_STRONG,accepted=false,recoveryGain=true,qGain=-0.07705867593193308,fe=496529
formalLocal:outer=61,slot=0,pass=13,op=O6_WA_SWAP,accepted=false,recoveryGain=true,qGain=-0.048079489318237204,fe=496530
formalLocal:outer=61,slot=0,pass=13,op=O7_MA_LOAD_TRANSFER,accepted=false,recoveryGain=true,qGain=-0.10934738597950457,fe=496531
formalLocal:outer=61,slot=0,pass=13,op=O8_MA_WEAK_TO_STRONG,accepted=false,recoveryGain=true,qGain=-0.10934738597950457,fe=496532
formalLocal:outer=61,slot=0,pass=13,op=O9_MA_SWAP,accepted=false,recoveryGain=true,qGain=-0.24852067137203995,fe=496533
formalLocal:outer=61,slot=0,pass=14,op=O1_JS_INSERT,accepted=false,recoveryGain=true,qGain=-0.10505191505135796,fe=496534
formalLocal:outer=61,slot=0,pass=14,op=O2_JS_REVERSE,accepted=false,recoveryGain=true,qGain=-0.4742466487404895,fe=496535
formalLocal:outer=61,slot=0,pass=14,op=O3_JS_SWAP,accepted=false,recoveryGain=true,qGain=-0.18033932695135158,fe=496536
formalLocal:outer=61,slot=0,pass=14,op=O4_WA_LOAD_TRANSFER,accepted=false,recoveryGain=true,qGain=-0.2225807172757506,fe=496537
formalLocal:outer=61,slot=0,pass=14,op=O5_WA_WEAK_TO_STRONG,accepted=false,recoveryGain=true,qGain=-0.07705867593193308,fe=496538
formalLocal:outer=61,slot=0,pass=14,op=O6_WA_SWAP,accepted=false,recoveryGain=true,qGain=-0.048079489318237204,fe=496539
formalLocal:outer=61,slot=0,pass=14,op=O7_MA_LOAD_TRANSFER,accepted=false,recoveryGain=true,qGain=-0.10934738597950457,fe=496540
formalLocal:outer=61,slot=0,pass=14,op=O8_MA_WEAK_TO_STRONG,accepted=false,recoveryGain=true,qGain=-0.10934738597950457,fe=496541
formalLocal:outer=61,slot=0,pass=14,op=O9_MA_SWAP,accepted=false,recoveryGain=true,qGain=-0.24852067137203995,fe=496542
formalLocal:outer=61,slot=0,pass=15,op=O1_JS_INSERT,accepted=false,recoveryGain=true,qGain=-0.04515677374070197,fe=496543
formalLocal:outer=61,slot=0,pass=15,op=O2_JS_REVERSE,accepted=false,recoveryGain=true,qGain=-0.14809367468999615,fe=496544
formalLocal:outer=61,slot=0,pass=15,op=O3_JS_SWAP,accepted=false,recoveryGain=true,qGain=-0.1845827084653714,fe=496545
formalLocal:outer=61,slot=0,pass=15,op=O4_WA_LOAD_TRANSFER,accepted=false,recoveryGain=true,qGain=-0.2225807172757506,fe=496546
formalLocal:outer=61,slot=0,pass=15,op=O5_WA_WEAK_TO_STRONG,accepted=false,recoveryGain=true,qGain=-0.07705867593193308,fe=496547
formalLocal:outer=61,slot=0,pass=15,op=O6_WA_SWAP,accepted=false,recoveryGain=true,qGain=-0.048079489318237204,fe=496548
formalLocal:outer=61,slot=0,pass=15,op=O7_MA_LOAD_TRANSFER,accepted=false,recoveryGain=true,qGain=-0.10934738597950457,fe=496549
formalLocal:outer=61,slot=0,pass=15,op=O8_MA_WEAK_TO_STRONG,accepted=false,recoveryGain=true,qGain=-0.10934738597950457,fe=496550
formalLocal:outer=61,slot=0,pass=15,op=O9_MA_SWAP,accepted=false,recoveryGain=true,qGain=-0.24852067137203995,fe=496551
formalLocal:outer=61,slot=0,pass=16,op=O1_JS_INSERT,accepted=false,recoveryGain=true,qGain=-0.09186615964820516,fe=496552
formalLocal:outer=61,slot=0,pass=16,op=O2_JS_REVERSE,accepted=false,recoveryGain=true,qGain=-0.3798322282714741,fe=496553
formalLocal:outer=61,slot=0,pass=16,op=O3_JS_SWAP,accepted=false,recoveryGain=true,qGain=-0.1278907772769846,fe=496554
formalLocal:outer=61,slot=0,pass=16,op=O4_WA_LOAD_TRANSFER,accepted=false,recoveryGain=true,qGain=-0.2225807172757506,fe=496555
formalLocal:outer=61,slot=0,pass=16,op=O5_WA_WEAK_TO_STRONG,accepted=false,recoveryGain=true,qGain=-0.07705867593193308,fe=496556
formalLocal:outer=61,slot=0,pass=16,op=O6_WA_SWAP,accepted=false,recoveryGain=true,qGain=-0.048079489318237204,fe=496557
formalLocal:outer=61,slot=0,pass=16,op=O7_MA_LOAD_TRANSFER,accepted=false,recoveryGain=true,qGain=-0.10934738597950457,fe=496558
formalLocal:outer=61,slot=0,pass=16,op=O8_MA_WEAK_TO_STRONG,accepted=false,recoveryGain=true,qGain=-0.10934738597950457,fe=496559
formalLocal:outer=61,slot=0,pass=16,op=O9_MA_SWAP,accepted=false,recoveryGain=true,qGain=-0.24852067137203995,fe=496560
formalLocal:outer=61,slot=0,pass=17,op=O1_JS_INSERT,accepted=false,recoveryGain=true,qGain=-0.1525118594750813,fe=496561
formalLocal:outer=61,slot=0,pass=17,op=O2_JS_REVERSE,accepted=false,recoveryGain=true,qGain=-0.019174185573321924,fe=496562
formalLocal:outer=61,slot=0,pass=17,op=O3_JS_SWAP,accepted=false,recoveryGain=true,qGain=-0.20727652166262928,fe=496563
formalLocal:outer=61,slot=0,pass=17,op=O4_WA_LOAD_TRANSFER,accepted=false,recoveryGain=true,qGain=-0.2225807172757506,fe=496564
formalLocal:outer=61,slot=0,pass=17,op=O5_WA_WEAK_TO_STRONG,accepted=false,recoveryGain=true,qGain=-0.07705867593193308,fe=496565
formalLocal:outer=61,slot=0,pass=17,op=O6_WA_SWAP,accepted=false,recoveryGain=true,qGain=-0.048079489318237204,fe=496566
formalLocal:outer=61,slot=0,pass=17,op=O7_MA_LOAD_TRANSFER,accepted=false,recoveryGain=true,qGain=-0.10934738597950457,fe=496567
formalLocal:outer=61,slot=0,pass=17,op=O8_MA_WEAK_TO_STRONG,accepted=false,recoveryGain=true,qGain=-0.10934738597950457,fe=496568
formalLocal:outer=61,slot=0,pass=17,op=O9_MA_SWAP,accepted=false,recoveryGain=true,qGain=-0.24852067137203995,fe=496569
formalLocal:outer=61,slot=0,pass=18,op=O1_JS_INSERT,accepted=false,recoveryGain=true,qGain=-0.11326920257674931,fe=496570
formalLocal:outer=61,slot=0,pass=18,op=O2_JS_REVERSE,accepted=false,recoveryGain=true,qGain=-0.24910532008706815,fe=496571
formalLocal:outer=61,slot=0,pass=18,op=O3_JS_SWAP,accepted=true,recoveryGain=true,qGain=0.019696359181581073,fe=496572
formalLocal:outer=61,slot=0,pass=18,op=O4_WA_LOAD_TRANSFER,accepted=false,recoveryGain=true,qGain=-0.07888303119579695,fe=496573
formalLocal:outer=61,slot=0,pass=18,op=O5_WA_WEAK_TO_STRONG,accepted=true,recoveryGain=true,qGain=0.021822428558335504,fe=496574
formalLocal:outer=61,slot=0,pass=18,op=O6_WA_SWAP,accepted=false,recoveryGain=true,qGain=-0.08901008777510015,fe=496575
formalLocal:outer=61,slot=0,pass=18,op=O7_MA_LOAD_TRANSFER,accepted=false,recoveryGain=true,qGain=-0.018206524848504466,fe=496576
formalLocal:outer=61,slot=0,pass=18,op=O8_MA_WEAK_TO_STRONG,accepted=false,recoveryGain=true,qGain=-0.018206524848504466,fe=496577
formalLocal:outer=61,slot=0,pass=18,op=O9_MA_SWAP,accepted=false,recoveryGain=true,qGain=-0.09626277271816659,fe=496578
formalLocal:outer=61,slot=0,pass=19,op=O1_JS_INSERT,accepted=true,recoveryGain=true,qGain=0.012925968071914378,fe=496579
formalLocal:outer=61,slot=0,pass=19,op=O2_JS_REVERSE,accepted=false,recoveryGain=true,qGain=-0.09730842576743695,fe=496580
formalLocal:outer=61,slot=0,pass=19,op=O3_JS_SWAP,accepted=false,recoveryGain=true,qGain=-0.09059650362379101,fe=496581
formalLocal:outer=61,slot=0,pass=19,op=O4_WA_LOAD_TRANSFER,accepted=false,recoveryGain=true,qGain=-0.16751845379755234,fe=496582
formalLocal:outer=61,slot=0,pass=19,op=O5_WA_WEAK_TO_STRONG,accepted=false,recoveryGain=true,qGain=-0.04097459530697037,fe=496583
formalLocal:outer=61,slot=0,pass=19,op=O6_WA_SWAP,accepted=false,recoveryGain=true,qGain=-0.17821024893107643,fe=496584
formalLocal:outer=61,slot=0,pass=19,op=O7_MA_LOAD_TRANSFER,accepted=false,recoveryGain=true,qGain=-0.04426077841151416,fe=496585
formalLocal:outer=61,slot=0,pass=19,op=O8_MA_WEAK_TO_STRONG,accepted=false,recoveryGain=true,qGain=-0.04426077841151416,fe=496586
formalLocal:outer=61,slot=0,pass=19,op=O9_MA_SWAP,accepted=false,recoveryGain=true,qGain=-0.1338190925307622,fe=496587
formalLocal:outer=61,slot=0,pass=20,op=O1_JS_INSERT,accepted=false,recoveryGain=true,qGain=-0.13504230057214056,fe=496588
formalLocal:outer=61,slot=0,pass=20,op=O2_JS_REVERSE,accepted=false,recoveryGain=true,qGain=-0.2715554241953832,fe=496589
formalLocal:outer=61,slot=0,pass=20,op=O3_JS_SWAP,accepted=false,recoveryGain=true,qGain=-0.1745864905624533,fe=496590
formalLocal:outer=61,slot=0,pass=20,op=O4_WA_LOAD_TRANSFER,accepted=false,recoveryGain=true,qGain=-0.16751845379755234,fe=496591
formalLocal:outer=61,slot=0,pass=20,op=O5_WA_WEAK_TO_STRONG,accepted=false,recoveryGain=true,qGain=-0.04097459530697037,fe=496592
formalLocal:outer=61,slot=0,pass=20,op=O6_WA_SWAP,accepted=false,recoveryGain=true,qGain=-0.17821024893107643,fe=496593
formalLocal:outer=61,slot=0,pass=20,op=O7_MA_LOAD_TRANSFER,accepted=false,recoveryGain=true,qGain=-0.04426077841151416,fe=496594
formalLocal:outer=61,slot=0,pass=20,op=O8_MA_WEAK_TO_STRONG,accepted=false,recoveryGain=true,qGain=-0.04426077841151416,fe=496595
formalLocal:outer=61,slot=0,pass=20,op=O9_MA_SWAP,accepted=false,recoveryGain=true,qGain=-0.1338190925307622,fe=496596
formalLocal:outer=61,slot=0,pass=21,op=O1_JS_INSERT,accepted=false,recoveryGain=true,qGain=-0.1582359420440088,fe=496597
formalLocal:outer=61,slot=0,pass=21,op=O2_JS_REVERSE,accepted=false,recoveryGain=true,qGain=-0.32991416245981975,fe=496598
formalLocal:outer=61,slot=0,pass=21,op=O3_JS_SWAP,accepted=false,recoveryGain=true,qGain=-0.14109389936063424,fe=496599
formalLocal:outer=61,slot=0,pass=21,op=O4_WA_LOAD_TRANSFER,accepted=false,recoveryGain=true,qGain=-0.16751845379755234,fe=496600
formalLocal:outer=61,slot=0,pass=21,op=O5_WA_WEAK_TO_STRONG,accepted=false,recoveryGain=true,qGain=-0.04097459530697037,fe=496601
formalLocal:outer=61,slot=0,pass=21,op=O6_WA_SWAP,accepted=false,recoveryGain=true,qGain=-0.17821024893107643,fe=496602
formalLocal:outer=61,slot=0,pass=21,op=O7_MA_LOAD_TRANSFER,accepted=false,recoveryGain=true,qGain=-0.04426077841151416,fe=496603
formalLocal:outer=61,slot=0,pass=21,op=O8_MA_WEAK_TO_STRONG,accepted=false,recoveryGain=true,qGain=-0.04426077841151416,fe=496604
formalLocal:outer=61,slot=0,pass=21,op=O9_MA_SWAP,accepted=false,recoveryGain=true,qGain=-0.1338190925307622,fe=496605
formalLocal:outer=61,slot=0,pass=22,op=O1_JS_INSERT,accepted=false,recoveryGain=true,qGain=-0.2378788363734922,fe=496606
formalLocal:outer=61,slot=0,pass=22,op=O2_JS_REVERSE,accepted=false,recoveryGain=true,qGain=-0.42387454816570697,fe=496607
formalLocal:outer=61,slot=0,pass=22,op=O3_JS_SWAP,accepted=false,recoveryGain=true,qGain=0.0,fe=496608
formalLocal:outer=61,slot=0,pass=22,op=O4_WA_LOAD_TRANSFER,accepted=false,recoveryGain=true,qGain=-0.16751845379755234,fe=496609
formalLocal:outer=61,slot=0,pass=22,op=O5_WA_WEAK_TO_STRONG,accepted=false,recoveryGain=true,qGain=-0.04097459530697037,fe=496610
formalLocal:outer=61,slot=0,pass=22,op=O6_WA_SWAP,accepted=false,recoveryGain=true,qGain=-0.17821024893107643,fe=496611
formalLocal:outer=61,slot=0,pass=22,op=O7_MA_LOAD_TRANSFER,accepted=false,recoveryGain=true,qGain=-0.04426077841151416,fe=496612
formalLocal:outer=61,slot=0,pass=22,op=O8_MA_WEAK_TO_STRONG,accepted=false,recoveryGain=true,qGain=-0.04426077841151416,fe=496613
formalLocal:outer=61,slot=0,pass=22,op=O9_MA_SWAP,accepted=false,recoveryGain=true,qGain=-0.1338190925307622,fe=496614
formalLocal:outer=61,slot=0,pass=23,op=O1_JS_INSERT,accepted=false,recoveryGain=true,qGain=0.0,fe=496615
formalLocal:outer=61,slot=0,pass=23,op=O2_JS_REVERSE,accepted=false,recoveryGain=true,qGain=-0.601030534945299,fe=496616
formalLocal:outer=61,slot=0,pass=23,op=O3_JS_SWAP,accepted=false,recoveryGain=true,qGain=-0.2754407525649725,fe=496617
formalLocal:outer=61,slot=0,pass=23,op=O4_WA_LOAD_TRANSFER,accepted=false,recoveryGain=true,qGain=-0.16751845379755234,fe=496618
formalLocal:outer=61,slot=0,pass=23,op=O5_WA_WEAK_TO_STRONG,accepted=false,recoveryGain=true,qGain=-0.04097459530697037,fe=496619
formalLocal:outer=61,slot=0,pass=23,op=O6_WA_SWAP,accepted=false,recoveryGain=true,qGain=-0.17821024893107643,fe=496620
formalLocal:outer=61,slot=0,pass=23,op=O7_MA_LOAD_TRANSFER,accepted=false,recoveryGain=true,qGain=-0.04426077841151416,fe=496621
formalLocal:outer=61,slot=0,pass=23,op=O8_MA_WEAK_TO_STRONG,accepted=false,recoveryGain=true,qGain=-0.04426077841151416,fe=496622
formalLocal:outer=61,slot=0,pass=23,op=O9_MA_SWAP,accepted=false,recoveryGain=true,qGain=-0.1338190925307622,fe=496623
formalLocal:outer=61,slot=0,pass=24,op=O1_JS_INSERT,accepted=false,recoveryGain=true,qGain=-0.0653930304083666,fe=496624
formalLocal:outer=61,slot=0,pass=24,op=O2_JS_REVERSE,accepted=false,recoveryGain=true,qGain=-0.3662089847680268,fe=496625
formalLocal:outer=61,slot=0,pass=24,op=O3_JS_SWAP,accepted=false,recoveryGain=true,qGain=-0.12435668692834302,fe=496626
formalLocal:outer=61,slot=0,pass=24,op=O4_WA_LOAD_TRANSFER,accepted=false,recoveryGain=true,qGain=-0.16751845379755234,fe=496627
formalLocal:outer=61,slot=0,pass=24,op=O5_WA_WEAK_TO_STRONG,accepted=false,recoveryGain=true,qGain=-0.04097459530697037,fe=496628
formalLocal:outer=61,slot=0,pass=24,op=O6_WA_SWAP,accepted=false,recoveryGain=true,qGain=-0.17821024893107643,fe=496629
formalLocal:outer=61,slot=0,pass=24,op=O7_MA_LOAD_TRANSFER,accepted=false,recoveryGain=true,qGain=-0.04426077841151416,fe=496630
formalLocal:outer=61,slot=0,pass=24,op=O8_MA_WEAK_TO_STRONG,accepted=false,recoveryGain=true,qGain=-0.04426077841151416,fe=496631
formalLocal:outer=61,slot=0,pass=24,op=O9_MA_SWAP,accepted=false,recoveryGain=true,qGain=-0.1338190925307622,fe=496632
formalLocal:outer=61,slot=0,pass=25,op=O1_JS_INSERT,accepted=false,recoveryGain=true,qGain=-0.25840993645361404,fe=496633
formalLocal:outer=61,slot=0,pass=25,op=O2_JS_REVERSE,accepted=false,recoveryGain=true,qGain=-1.0,fe=496634
formalLocal:outer=61,slot=0,pass=25,op=O3_JS_SWAP,accepted=false,recoveryGain=true,qGain=-0.11085287713525978,fe=496635
formalLocal:outer=61,slot=0,pass=25,op=O4_WA_LOAD_TRANSFER,accepted=false,recoveryGain=true,qGain=-0.16751845379755234,fe=496636
formalLocal:outer=61,slot=0,pass=25,op=O5_WA_WEAK_TO_STRONG,accepted=false,recoveryGain=true,qGain=-0.04097459530697037,fe=496637
formalLocal:outer=61,slot=0,pass=25,op=O6_WA_SWAP,accepted=false,recoveryGain=true,qGain=-0.17821024893107643,fe=496638
formalLocal:outer=61,slot=0,pass=25,op=O7_MA_LOAD_TRANSFER,accepted=false,recoveryGain=true,qGain=-0.04426077841151416,fe=496639
formalLocal:outer=61,slot=0,pass=25,op=O8_MA_WEAK_TO_STRONG,accepted=false,recoveryGain=true,qGain=-0.04426077841151416,fe=496640
formalLocal:outer=61,slot=0,pass=25,op=O9_MA_SWAP,accepted=false,recoveryGain=true,qGain=-0.1338190925307622,fe=496641
formalLocal:outer=61,slot=0,pass=26,op=O1_JS_INSERT,accepted=false,recoveryGain=true,qGain=0.0,fe=496642
formalLocal:outer=61,slot=0,pass=26,op=O2_JS_REVERSE,accepted=false,recoveryGain=true,qGain=-0.2355877383130524,fe=496643
formalLocal:outer=61,slot=0,pass=26,op=O3_JS_SWAP,accepted=false,recoveryGain=true,qGain=0.0,fe=496644
formalLocal:outer=61,slot=0,pass=26,op=O4_WA_LOAD_TRANSFER,accepted=false,recoveryGain=true,qGain=-0.16751845379755234,fe=496645
formalLocal:outer=61,slot=0,pass=26,op=O5_WA_WEAK_TO_STRONG,accepted=false,recoveryGain=true,qGain=-0.04097459530697037,fe=496646
formalLocal:outer=61,slot=0,pass=26,op=O6_WA_SWAP,accepted=false,recoveryGain=true,qGain=-0.17821024893107643,fe=496647
formalLocal:outer=61,slot=0,pass=26,op=O7_MA_LOAD_TRANSFER,accepted=false,recoveryGain=true,qGain=-0.04426077841151416,fe=496648
formalLocal:outer=61,slot=0,pass=26,op=O8_MA_WEAK_TO_STRONG,accepted=false,recoveryGain=true,qGain=-0.04426077841151416,fe=496649
formalLocal:outer=61,slot=0,pass=26,op=O9_MA_SWAP,accepted=false,recoveryGain=true,qGain=-0.1338190925307622,fe=496650
formalLocal:outer=61,slot=0,pass=27,op=O1_JS_INSERT,accepted=false,recoveryGain=true,qGain=-0.018629322627353458,fe=496651
formalLocal:outer=61,slot=0,pass=27,op=O2_JS_REVERSE,accepted=false,recoveryGain=true,qGain=-0.023773849096104905,fe=496652
formalLocal:outer=61,slot=0,pass=27,op=O3_JS_SWAP,accepted=false,recoveryGain=true,qGain=-0.09947662801622163,fe=496653
formalLocal:outer=61,slot=0,pass=27,op=O4_WA_LOAD_TRANSFER,accepted=false,recoveryGain=true,qGain=-0.16751845379755234,fe=496654
formalLocal:outer=61,slot=0,pass=27,op=O5_WA_WEAK_TO_STRONG,accepted=false,recoveryGain=true,qGain=-0.04097459530697037,fe=496655
formalLocal:outer=61,slot=0,pass=27,op=O6_WA_SWAP,accepted=false,recoveryGain=true,qGain=-0.17821024893107643,fe=496656
formalLocal:outer=61,slot=0,pass=27,op=O7_MA_LOAD_TRANSFER,accepted=false,recoveryGain=true,qGain=-0.04426077841151416,fe=496657
formalLocal:outer=61,slot=0,pass=27,op=O8_MA_WEAK_TO_STRONG,accepted=false,recoveryGain=true,qGain=-0.04426077841151416,fe=496658
formalLocal:outer=61,slot=0,pass=27,op=O9_MA_SWAP,accepted=false,recoveryGain=true,qGain=-0.1338190925307622,fe=496659
formalLocal:outer=61,slot=0,pass=28,op=O1_JS_INSERT,accepted=false,recoveryGain=true,qGain=-0.16027626202785358,fe=496660
formalLocal:outer=61,slot=0,pass=28,op=O2_JS_REVERSE,accepted=false,recoveryGain=true,qGain=-0.22232870471469707,fe=496661
formalLocal:outer=61,slot=0,pass=28,op=O3_JS_SWAP,accepted=false,recoveryGain=true,qGain=-0.168467376627583,fe=496662
formalLocal:outer=61,slot=0,pass=28,op=O4_WA_LOAD_TRANSFER,accepted=false,recoveryGain=true,qGain=-0.16751845379755234,fe=496663
formalLocal:outer=61,slot=0,pass=28,op=O5_WA_WEAK_TO_STRONG,accepted=false,recoveryGain=true,qGain=-0.04097459530697037,fe=496664
formalLocal:outer=61,slot=0,pass=28,op=O6_WA_SWAP,accepted=false,recoveryGain=true,qGain=-0.17821024893107643,fe=496665
formalLocal:outer=61,slot=0,pass=28,op=O7_MA_LOAD_TRANSFER,accepted=false,recoveryGain=true,qGain=-0.04426077841151416,fe=496666
formalLocal:outer=61,slot=0,pass=28,op=O8_MA_WEAK_TO_STRONG,accepted=false,recoveryGain=true,qGain=-0.04426077841151416,fe=496667
formalLocal:outer=61,slot=0,pass=28,op=O9_MA_SWAP,accepted=false,recoveryGain=true,qGain=-0.1338190925307622,fe=496668
formalLocal:outer=61,slot=0,pass=29,op=O1_JS_INSERT,accepted=false,recoveryGain=true,qGain=-0.12932570207928548,fe=496669
formalLocal:outer=61,slot=0,pass=29,op=O2_JS_REVERSE,accepted=false,recoveryGain=true,qGain=-0.23944720497660202,fe=496670
formalLocal:outer=61,slot=0,pass=29,op=O3_JS_SWAP,accepted=true,recoveryGain=true,qGain=0.023936205968156536,fe=496671
formalLocal:outer=61,slot=0,pass=29,op=O4_WA_LOAD_TRANSFER,accepted=false,recoveryGain=true,qGain=-0.3468125768739217,fe=496672
formalLocal:outer=61,slot=0,pass=29,op=O5_WA_WEAK_TO_STRONG,accepted=false,recoveryGain=true,qGain=-0.20036038269230116,fe=496673
formalLocal:outer=61,slot=0,pass=29,op=O6_WA_SWAP,accepted=false,recoveryGain=true,qGain=-0.16514930633302943,fe=496674
formalLocal:outer=61,slot=0,pass=29,op=O7_MA_LOAD_TRANSFER,accepted=false,recoveryGain=true,qGain=-0.2283756845190328,fe=496675
formalLocal:outer=61,slot=0,pass=29,op=O8_MA_WEAK_TO_STRONG,accepted=false,recoveryGain=true,qGain=-0.2283756845190328,fe=496676
formalLocal:outer=61,slot=0,pass=29,op=O9_MA_SWAP,accepted=false,recoveryGain=true,qGain=-0.16538513106988753,fe=496677
formalLocal:outer=61,slot=1,op=CRITICAL_FACTORY_SWAP,accepted=false,fe=496678
formalLocal:outer=61,slot=1,op=CRITICAL_FACTORY_INSERT,accepted=true,fe=496679
formalLocal:outer=61,slot=1,pass=0,op=O1_JS_INSERT,accepted=false,recoveryGain=true,qGain=-0.0024925579047286412,fe=496680
formalLocal:outer=61,slot=1,pass=0,op=O2_JS_REVERSE,accepted=false,recoveryGain=true,qGain=-0.07373532375635594,fe=496681
formalLocal:outer=61,slot=1,pass=0,op=O3_JS_SWAP,accepted=true,recoveryGain=true,qGain=0.11673388234940363,fe=496682
formalLocal:outer=61,slot=1,pass=0,op=O4_WA_LOAD_TRANSFER,accepted=false,recoveryGain=true,qGain=-0.04252930580316102,fe=496683
formalLocal:outer=61,slot=1,pass=0,op=O5_WA_WEAK_TO_STRONG,accepted=false,recoveryGain=true,qGain=-0.1677625965902378,fe=496684
formalLocal:outer=61,slot=1,pass=0,op=O6_WA_SWAP,accepted=true,recoveryGain=true,qGain=0.030311286342185887,fe=496685
formalLocal:outer=61,slot=1,pass=0,op=O7_MA_LOAD_TRANSFER,accepted=false,recoveryGain=true,qGain=-0.09816215521365718,fe=496686
formalLocal:outer=61,slot=1,pass=0,op=O8_MA_WEAK_TO_STRONG,accepted=false,recoveryGain=true,qGain=-0.1811971450000108,fe=496687
formalLocal:outer=61,slot=1,pass=0,op=O9_MA_SWAP,accepted=false,recoveryGain=true,qGain=-0.0457448682409653,fe=496688
formalLocal:outer=61,slot=1,pass=1,op=O1_JS_INSERT,accepted=true,recoveryGain=true,qGain=0.13336116401748407,fe=496689
formalLocal:outer=61,slot=1,pass=1,op=O2_JS_REVERSE,accepted=false,recoveryGain=true,qGain=-0.06895648198400721,fe=496690
formalLocal:outer=61,slot=1,pass=1,op=O3_JS_SWAP,accepted=false,recoveryGain=true,qGain=-0.21237358687429386,fe=496691
formalLocal:outer=61,slot=1,pass=1,op=O4_WA_LOAD_TRANSFER,accepted=false,recoveryGain=true,qGain=-0.14781635651858643,fe=496692
formalLocal:outer=61,slot=1,pass=1,op=O5_WA_WEAK_TO_STRONG,accepted=false,recoveryGain=true,qGain=-0.24172560806939733,fe=496693
formalLocal:outer=61,slot=1,pass=1,op=O6_WA_SWAP,accepted=false,recoveryGain=true,qGain=-0.01234358531036034,fe=496694
formalLocal:outer=61,slot=1,pass=1,op=O7_MA_LOAD_TRANSFER,accepted=false,recoveryGain=true,qGain=-0.09480174296132945,fe=496695
formalLocal:outer=61,slot=1,pass=1,op=O8_MA_WEAK_TO_STRONG,accepted=false,recoveryGain=true,qGain=-0.1880513663702208,fe=496696
formalLocal:outer=61,slot=1,pass=1,op=O9_MA_SWAP,accepted=false,recoveryGain=true,qGain=-0.12814917815792345,fe=496697
formalLocal:outer=61,slot=1,pass=2,op=O1_JS_INSERT,accepted=false,recoveryGain=true,qGain=0.0,fe=496698
formalLocal:outer=61,slot=1,pass=2,op=O2_JS_REVERSE,accepted=false,recoveryGain=true,qGain=-0.036586527207533484,fe=496699
formalLocal:outer=61,slot=1,pass=2,op=O3_JS_SWAP,accepted=false,recoveryGain=true,qGain=-0.0112940481463575,fe=496700
formalLocal:outer=61,slot=1,pass=2,op=O4_WA_LOAD_TRANSFER,accepted=false,recoveryGain=true,qGain=-0.14781635651858643,fe=496701
formalLocal:outer=61,slot=1,pass=2,op=O5_WA_WEAK_TO_STRONG,accepted=false,recoveryGain=true,qGain=-0.24172560806939733,fe=496702
formalLocal:outer=61,slot=1,pass=2,op=O6_WA_SWAP,accepted=false,recoveryGain=true,qGain=-0.01234358531036034,fe=496703
formalLocal:outer=61,slot=1,pass=2,op=O7_MA_LOAD_TRANSFER,accepted=false,recoveryGain=true,qGain=-0.09480174296132945,fe=496704
formalLocal:outer=61,slot=1,pass=2,op=O8_MA_WEAK_TO_STRONG,accepted=false,recoveryGain=true,qGain=-0.1880513663702208,fe=496705
formalLocal:outer=61,slot=1,pass=2,op=O9_MA_SWAP,accepted=false,recoveryGain=true,qGain=-0.12814917815792345,fe=496706
formalLocal:outer=61,slot=1,pass=3,op=O1_JS_INSERT,accepted=false,recoveryGain=true,qGain=-0.2930078646059713,fe=496707
formalLocal:outer=61,slot=1,pass=3,op=O2_JS_REVERSE,accepted=false,recoveryGain=true,qGain=-0.2212654732734782,fe=496708
formalLocal:outer=61,slot=1,pass=3,op=O3_JS_SWAP,accepted=true,recoveryGain=true,qGain=2.2884868122704458E-4,fe=496709
formalLocal:outer=61,slot=1,pass=3,op=O4_WA_LOAD_TRANSFER,accepted=false,recoveryGain=true,qGain=-0.14047390769565138,fe=496710
formalLocal:outer=61,slot=1,pass=3,op=O5_WA_WEAK_TO_STRONG,accepted=false,recoveryGain=true,qGain=-0.2416976638660934,fe=496711
formalLocal:outer=61,slot=1,pass=3,op=O6_WA_SWAP,accepted=true,recoveryGain=true,qGain=0.007919797418308604,fe=496712
formalLocal:outer=61,slot=1,pass=3,op=O7_MA_LOAD_TRANSFER,accepted=false,recoveryGain=true,qGain=-0.12986361290950885,fe=496713
formalLocal:outer=61,slot=1,pass=3,op=O8_MA_WEAK_TO_STRONG,accepted=false,recoveryGain=true,qGain=-0.18693753768968413,fe=496714
formalLocal:outer=61,slot=1,pass=3,op=O9_MA_SWAP,accepted=false,recoveryGain=true,qGain=-0.057381958426862494,fe=496715
formalLocal:outer=61,slot=1,pass=4,op=O1_JS_INSERT,accepted=false,recoveryGain=true,qGain=-0.07910771941371064,fe=496716
formalLocal:outer=61,slot=1,pass=4,op=O2_JS_REVERSE,accepted=false,recoveryGain=true,qGain=-0.19071574966084157,fe=496717
formalLocal:outer=61,slot=1,pass=4,op=O3_JS_SWAP,accepted=false,recoveryGain=true,qGain=-0.4216397944662027,fe=496718
formalLocal:outer=61,slot=1,pass=4,op=O4_WA_LOAD_TRANSFER,accepted=false,recoveryGain=true,qGain=-0.14957833522712666,fe=496719
formalLocal:outer=61,slot=1,pass=4,op=O5_WA_WEAK_TO_STRONG,accepted=false,recoveryGain=true,qGain=-0.20382993640441316,fe=496720
formalLocal:outer=61,slot=1,pass=4,op=O6_WA_SWAP,accepted=false,recoveryGain=true,qGain=-0.007983021330028466,fe=496721
formalLocal:outer=61,slot=1,pass=4,op=O7_MA_LOAD_TRANSFER,accepted=false,recoveryGain=true,qGain=-0.12986361290950885,fe=496722
formalLocal:outer=61,slot=1,pass=4,op=O8_MA_WEAK_TO_STRONG,accepted=false,recoveryGain=true,qGain=-0.18693753768968413,fe=496723
formalLocal:outer=61,slot=1,pass=4,op=O9_MA_SWAP,accepted=false,recoveryGain=true,qGain=-0.057381958426862494,fe=496724
formalLocal:outer=61,slot=1,pass=5,op=O1_JS_INSERT,accepted=false,recoveryGain=true,qGain=-0.07953139482966408,fe=496725
formalLocal:outer=61,slot=1,pass=5,op=O2_JS_REVERSE,accepted=false,recoveryGain=true,qGain=-0.29761232146335304,fe=496726
formalLocal:outer=61,slot=1,pass=5,op=O3_JS_SWAP,accepted=false,recoveryGain=true,qGain=-0.13962890804029254,fe=496727
formalLocal:outer=61,slot=1,pass=5,op=O4_WA_LOAD_TRANSFER,accepted=false,recoveryGain=true,qGain=-0.14957833522712666,fe=496728
formalLocal:outer=61,slot=1,pass=5,op=O5_WA_WEAK_TO_STRONG,accepted=false,recoveryGain=true,qGain=-0.20382993640441316,fe=496729
formalLocal:outer=61,slot=1,pass=5,op=O6_WA_SWAP,accepted=false,recoveryGain=true,qGain=-0.007983021330028466,fe=496730
formalLocal:outer=61,slot=1,pass=5,op=O7_MA_LOAD_TRANSFER,accepted=false,recoveryGain=true,qGain=-0.12986361290950885,fe=496731
formalLocal:outer=61,slot=1,pass=5,op=O8_MA_WEAK_TO_STRONG,accepted=false,recoveryGain=true,qGain=-0.18693753768968413,fe=496732
formalLocal:outer=61,slot=1,pass=5,op=O9_MA_SWAP,accepted=false,recoveryGain=true,qGain=-0.057381958426862494,fe=496733
formalLocal:outer=61,slot=1,pass=6,op=O1_JS_INSERT,accepted=false,recoveryGain=true,qGain=-0.08133592574518829,fe=496734
formalLocal:outer=61,slot=1,pass=6,op=O2_JS_REVERSE,accepted=false,recoveryGain=true,qGain=0.0,fe=496735
formalLocal:outer=61,slot=1,pass=6,op=O3_JS_SWAP,accepted=false,recoveryGain=true,qGain=-0.23465240807061388,fe=496736
formalLocal:outer=61,slot=1,pass=6,op=O4_WA_LOAD_TRANSFER,accepted=false,recoveryGain=true,qGain=-0.14957833522712666,fe=496737
formalLocal:outer=61,slot=1,pass=6,op=O5_WA_WEAK_TO_STRONG,accepted=false,recoveryGain=true,qGain=-0.20382993640441316,fe=496738
formalLocal:outer=61,slot=1,pass=6,op=O6_WA_SWAP,accepted=false,recoveryGain=true,qGain=-0.007983021330028466,fe=496739
formalLocal:outer=61,slot=1,pass=6,op=O7_MA_LOAD_TRANSFER,accepted=false,recoveryGain=true,qGain=-0.12986361290950885,fe=496740
formalLocal:outer=61,slot=1,pass=6,op=O8_MA_WEAK_TO_STRONG,accepted=false,recoveryGain=true,qGain=-0.18693753768968413,fe=496741
formalLocal:outer=61,slot=1,pass=6,op=O9_MA_SWAP,accepted=false,recoveryGain=true,qGain=-0.057381958426862494,fe=496742
formalLocal:outer=61,slot=1,pass=7,op=O1_JS_INSERT,accepted=false,recoveryGain=true,qGain=-0.27835239621814717,fe=496743
formalLocal:outer=61,slot=1,pass=7,op=O2_JS_REVERSE,accepted=false,recoveryGain=true,qGain=-0.06187837678006686,fe=496744
formalLocal:outer=61,slot=1,pass=7,op=O3_JS_SWAP,accepted=false,recoveryGain=true,qGain=-0.2489338748913764,fe=496745
formalLocal:outer=61,slot=1,pass=7,op=O4_WA_LOAD_TRANSFER,accepted=false,recoveryGain=true,qGain=-0.14957833522712666,fe=496746
formalLocal:outer=61,slot=1,pass=7,op=O5_WA_WEAK_TO_STRONG,accepted=false,recoveryGain=true,qGain=-0.20382993640441316,fe=496747
formalLocal:outer=61,slot=1,pass=7,op=O6_WA_SWAP,accepted=false,recoveryGain=true,qGain=-0.007983021330028466,fe=496748
formalLocal:outer=61,slot=1,pass=7,op=O7_MA_LOAD_TRANSFER,accepted=false,recoveryGain=true,qGain=-0.12986361290950885,fe=496749
formalLocal:outer=61,slot=1,pass=7,op=O8_MA_WEAK_TO_STRONG,accepted=false,recoveryGain=true,qGain=-0.18693753768968413,fe=496750
formalLocal:outer=61,slot=1,pass=7,op=O9_MA_SWAP,accepted=false,recoveryGain=true,qGain=-0.057381958426862494,fe=496751
formalLocal:outer=61,slot=1,pass=8,op=O1_JS_INSERT,accepted=false,recoveryGain=true,qGain=-0.11856981215724244,fe=496752
formalLocal:outer=61,slot=1,pass=8,op=O2_JS_REVERSE,accepted=false,recoveryGain=true,qGain=-0.09803043833040688,fe=496753
formalLocal:outer=61,slot=1,pass=8,op=O3_JS_SWAP,accepted=false,recoveryGain=true,qGain=-0.03344294598968312,fe=496754
formalLocal:outer=61,slot=1,pass=8,op=O4_WA_LOAD_TRANSFER,accepted=false,recoveryGain=true,qGain=-0.14957833522712666,fe=496755
formalLocal:outer=61,slot=1,pass=8,op=O5_WA_WEAK_TO_STRONG,accepted=false,recoveryGain=true,qGain=-0.20382993640441316,fe=496756
formalLocal:outer=61,slot=1,pass=8,op=O6_WA_SWAP,accepted=false,recoveryGain=true,qGain=-0.007983021330028466,fe=496757
formalLocal:outer=61,slot=1,pass=8,op=O7_MA_LOAD_TRANSFER,accepted=false,recoveryGain=true,qGain=-0.12986361290950885,fe=496758
formalLocal:outer=61,slot=1,pass=8,op=O8_MA_WEAK_TO_STRONG,accepted=false,recoveryGain=true,qGain=-0.18693753768968413,fe=496759
formalLocal:outer=61,slot=1,pass=8,op=O9_MA_SWAP,accepted=false,recoveryGain=true,qGain=-0.057381958426862494,fe=496760
formalLocal:outer=61,slot=1,pass=9,op=O1_JS_INSERT,accepted=false,recoveryGain=true,qGain=-0.05924695078293407,fe=496761
formalLocal:outer=61,slot=1,pass=9,op=O2_JS_REVERSE,accepted=false,recoveryGain=true,qGain=-0.581787046158611,fe=496762
formalLocal:outer=61,slot=1,pass=9,op=O3_JS_SWAP,accepted=false,recoveryGain=true,qGain=-0.27139802087031034,fe=496763
formalLocal:outer=61,slot=1,pass=9,op=O4_WA_LOAD_TRANSFER,accepted=false,recoveryGain=true,qGain=-0.14957833522712666,fe=496764
formalLocal:outer=61,slot=1,pass=9,op=O5_WA_WEAK_TO_STRONG,accepted=false,recoveryGain=true,qGain=-0.20382993640441316,fe=496765
formalLocal:outer=61,slot=1,pass=9,op=O6_WA_SWAP,accepted=false,recoveryGain=true,qGain=-0.007983021330028466,fe=496766
formalLocal:outer=61,slot=1,pass=9,op=O7_MA_LOAD_TRANSFER,accepted=false,recoveryGain=true,qGain=-0.12986361290950885,fe=496767
formalLocal:outer=61,slot=1,pass=9,op=O8_MA_WEAK_TO_STRONG,accepted=false,recoveryGain=true,qGain=-0.18693753768968413,fe=496768
formalLocal:outer=61,slot=1,pass=9,op=O9_MA_SWAP,accepted=false,recoveryGain=true,qGain=-0.057381958426862494,fe=496769
formalLocal:outer=61,slot=1,pass=10,op=O1_JS_INSERT,accepted=false,recoveryGain=true,qGain=-0.11563571528427195,fe=496770
formalLocal:outer=61,slot=1,pass=10,op=O2_JS_REVERSE,accepted=false,recoveryGain=true,qGain=-0.1640881170522413,fe=496771
formalLocal:outer=61,slot=1,pass=10,op=O3_JS_SWAP,accepted=false,recoveryGain=true,qGain=-0.24792079506304618,fe=496772
formalLocal:outer=61,slot=1,pass=10,op=O4_WA_LOAD_TRANSFER,accepted=false,recoveryGain=true,qGain=-0.14957833522712666,fe=496773
formalLocal:outer=61,slot=1,pass=10,op=O5_WA_WEAK_TO_STRONG,accepted=false,recoveryGain=true,qGain=-0.20382993640441316,fe=496774
formalLocal:outer=61,slot=1,pass=10,op=O6_WA_SWAP,accepted=false,recoveryGain=true,qGain=-0.007983021330028466,fe=496775
formalLocal:outer=61,slot=1,pass=10,op=O7_MA_LOAD_TRANSFER,accepted=false,recoveryGain=true,qGain=-0.12986361290950885,fe=496776
formalLocal:outer=61,slot=1,pass=10,op=O8_MA_WEAK_TO_STRONG,accepted=false,recoveryGain=true,qGain=-0.18693753768968413,fe=496777
formalLocal:outer=61,slot=1,pass=10,op=O9_MA_SWAP,accepted=false,recoveryGain=true,qGain=-0.057381958426862494,fe=496778
formalLocal:outer=61,slot=1,pass=11,op=O1_JS_INSERT,accepted=false,recoveryGain=true,qGain=-0.06331249878627783,fe=496779
formalLocal:outer=61,slot=1,pass=11,op=O2_JS_REVERSE,accepted=false,recoveryGain=true,qGain=-0.27469601163697627,fe=496780
formalLocal:outer=61,slot=1,pass=11,op=O3_JS_SWAP,accepted=false,recoveryGain=true,qGain=-0.16703765014334668,fe=496781
formalLocal:outer=61,slot=1,pass=11,op=O4_WA_LOAD_TRANSFER,accepted=false,recoveryGain=true,qGain=-0.14957833522712666,fe=496782
formalLocal:outer=61,slot=1,pass=11,op=O5_WA_WEAK_TO_STRONG,accepted=false,recoveryGain=true,qGain=-0.20382993640441316,fe=496783
formalLocal:outer=61,slot=1,pass=11,op=O6_WA_SWAP,accepted=false,recoveryGain=true,qGain=-0.007983021330028466,fe=496784
formalLocal:outer=61,slot=1,pass=11,op=O7_MA_LOAD_TRANSFER,accepted=false,recoveryGain=true,qGain=-0.12986361290950885,fe=496785
formalLocal:outer=61,slot=1,pass=11,op=O8_MA_WEAK_TO_STRONG,accepted=false,recoveryGain=true,qGain=-0.18693753768968413,fe=496786
formalLocal:outer=61,slot=1,pass=11,op=O9_MA_SWAP,accepted=false,recoveryGain=true,qGain=-0.057381958426862494,fe=496787
formalLocal:outer=61,slot=1,pass=12,op=O1_JS_INSERT,accepted=false,recoveryGain=true,qGain=-0.20709733791842647,fe=496788
formalLocal:outer=61,slot=1,pass=12,op=O2_JS_REVERSE,accepted=false,recoveryGain=true,qGain=-0.2646974662980394,fe=496789
formalLocal:outer=61,slot=1,pass=12,op=O3_JS_SWAP,accepted=false,recoveryGain=true,qGain=-0.40491091860993145,fe=496790
formalLocal:outer=61,slot=1,pass=12,op=O4_WA_LOAD_TRANSFER,accepted=false,recoveryGain=true,qGain=-0.14957833522712666,fe=496791
formalLocal:outer=61,slot=1,pass=12,op=O5_WA_WEAK_TO_STRONG,accepted=false,recoveryGain=true,qGain=-0.20382993640441316,fe=496792
formalLocal:outer=61,slot=1,pass=12,op=O6_WA_SWAP,accepted=false,recoveryGain=true,qGain=-0.007983021330028466,fe=496793
formalLocal:outer=61,slot=1,pass=12,op=O7_MA_LOAD_TRANSFER,accepted=false,recoveryGain=true,qGain=-0.12986361290950885,fe=496794
formalLocal:outer=61,slot=1,pass=12,op=O8_MA_WEAK_TO_STRONG,accepted=false,recoveryGain=true,qGain=-0.18693753768968413,fe=496795
formalLocal:outer=61,slot=1,pass=12,op=O9_MA_SWAP,accepted=false,recoveryGain=true,qGain=-0.057381958426862494,fe=496796
formalLocal:outer=61,slot=1,pass=13,op=O1_JS_INSERT,accepted=true,recoveryGain=true,qGain=0.021884064879662848,fe=496797
formalLocal:outer=61,slot=1,pass=13,op=O2_JS_REVERSE,accepted=false,recoveryGain=true,qGain=-0.012303801153975771,fe=496798
formalLocal:outer=61,slot=1,pass=13,op=O3_JS_SWAP,accepted=true,recoveryGain=true,qGain=0.06126124072682002,fe=496799
formalLocal:outer=61,slot=1,pass=13,op=O4_WA_LOAD_TRANSFER,accepted=false,recoveryGain=true,qGain=-0.1027618670882443,fe=496800
formalLocal:outer=61,slot=1,pass=13,op=O5_WA_WEAK_TO_STRONG,accepted=false,recoveryGain=true,qGain=-0.0758523985877042,fe=496801
formalLocal:outer=61,slot=1,pass=13,op=O6_WA_SWAP,accepted=false,recoveryGain=true,qGain=-0.0644670904974709,fe=496802
formalLocal:outer=61,slot=1,pass=13,op=O7_MA_LOAD_TRANSFER,accepted=false,recoveryGain=true,qGain=-0.08419200723761511,fe=496803
formalLocal:outer=61,slot=1,pass=13,op=O8_MA_WEAK_TO_STRONG,accepted=false,recoveryGain=true,qGain=-0.17979839635404285,fe=496804
formalLocal:outer=61,slot=1,pass=13,op=O9_MA_SWAP,accepted=false,recoveryGain=true,qGain=-0.059944246975797574,fe=496805
formalLocal:outer=61,slot=1,pass=14,op=O1_JS_INSERT,accepted=false,recoveryGain=true,qGain=-0.06000911733340066,fe=496806
formalLocal:outer=61,slot=1,pass=14,op=O2_JS_REVERSE,accepted=true,recoveryGain=true,qGain=9.013360584180905E-4,fe=496807
formalLocal:outer=61,slot=1,pass=14,op=O3_JS_SWAP,accepted=false,recoveryGain=true,qGain=-0.24891343831665008,fe=496808
formalLocal:outer=61,slot=1,pass=14,op=O4_WA_LOAD_TRANSFER,accepted=false,recoveryGain=true,qGain=-0.2076993871670184,fe=496809
formalLocal:outer=61,slot=1,pass=14,op=O5_WA_WEAK_TO_STRONG,accepted=false,recoveryGain=true,qGain=-0.07888983024823741,fe=496810
formalLocal:outer=61,slot=1,pass=14,op=O6_WA_SWAP,accepted=false,recoveryGain=true,qGain=-0.036781115519585204,fe=496811
formalLocal:outer=61,slot=1,pass=14,op=O7_MA_LOAD_TRANSFER,accepted=false,recoveryGain=true,qGain=-0.048944672033502556,fe=496812
formalLocal:outer=61,slot=1,pass=14,op=O8_MA_WEAK_TO_STRONG,accepted=false,recoveryGain=true,qGain=-0.17786800073051368,fe=496813
formalLocal:outer=61,slot=1,pass=14,op=O9_MA_SWAP,accepted=false,recoveryGain=true,qGain=-0.0632226167225917,fe=496814
formalLocal:outer=61,slot=1,pass=15,op=O1_JS_INSERT,accepted=false,recoveryGain=true,qGain=-0.016996453609187587,fe=496815
formalLocal:outer=61,slot=1,pass=15,op=O2_JS_REVERSE,accepted=false,recoveryGain=true,qGain=-0.014975214145879866,fe=496816
formalLocal:outer=61,slot=1,pass=15,op=O3_JS_SWAP,accepted=false,recoveryGain=true,qGain=-0.07747498118218997,fe=496817
formalLocal:outer=61,slot=1,pass=15,op=O4_WA_LOAD_TRANSFER,accepted=false,recoveryGain=true,qGain=-0.2076993871670184,fe=496818
formalLocal:outer=61,slot=1,pass=15,op=O5_WA_WEAK_TO_STRONG,accepted=false,recoveryGain=true,qGain=-0.07888983024823741,fe=496819
formalLocal:outer=61,slot=1,pass=15,op=O6_WA_SWAP,accepted=false,recoveryGain=true,qGain=-0.036781115519585204,fe=496820
formalLocal:outer=61,slot=1,pass=15,op=O7_MA_LOAD_TRANSFER,accepted=false,recoveryGain=true,qGain=-0.048944672033502556,fe=496821
formalLocal:outer=61,slot=1,pass=15,op=O8_MA_WEAK_TO_STRONG,accepted=false,recoveryGain=true,qGain=-0.17786800073051368,fe=496822
formalLocal:outer=61,slot=1,pass=15,op=O9_MA_SWAP,accepted=false,recoveryGain=true,qGain=-0.0632226167225917,fe=496823
formalLocal:outer=61,slot=1,pass=16,op=O1_JS_INSERT,accepted=true,recoveryGain=true,qGain=0.0072646707153091765,fe=496824
formalLocal:outer=61,slot=1,pass=16,op=O2_JS_REVERSE,accepted=false,recoveryGain=true,qGain=-0.0767129283101054,fe=496825
formalLocal:outer=61,slot=1,pass=16,op=O3_JS_SWAP,accepted=false,recoveryGain=true,qGain=-0.101113125571524,fe=496826
formalLocal:outer=61,slot=1,pass=16,op=O4_WA_LOAD_TRANSFER,accepted=false,recoveryGain=true,qGain=-0.2584734958580299,fe=496827
formalLocal:outer=61,slot=1,pass=16,op=O5_WA_WEAK_TO_STRONG,accepted=false,recoveryGain=true,qGain=-0.004316423414744206,fe=496828
formalLocal:outer=61,slot=1,pass=16,op=O6_WA_SWAP,accepted=false,recoveryGain=true,qGain=-0.05020157602134527,fe=496829
formalLocal:outer=61,slot=1,pass=16,op=O7_MA_LOAD_TRANSFER,accepted=false,recoveryGain=true,qGain=-0.08287209170664174,fe=496830
formalLocal:outer=61,slot=1,pass=16,op=O8_MA_WEAK_TO_STRONG,accepted=false,recoveryGain=true,qGain=-0.17175970924387907,fe=496831
formalLocal:outer=61,slot=1,pass=16,op=O9_MA_SWAP,accepted=false,recoveryGain=true,qGain=-0.0797789774539963,fe=496832
formalLocal:outer=61,slot=1,pass=17,op=O1_JS_INSERT,accepted=false,recoveryGain=true,qGain=-0.024235666660117575,fe=496833
formalLocal:outer=61,slot=1,pass=17,op=O2_JS_REVERSE,accepted=false,recoveryGain=true,qGain=-0.02872695127810851,fe=496834
formalLocal:outer=61,slot=1,pass=17,op=O3_JS_SWAP,accepted=false,recoveryGain=true,qGain=-0.3812784362640537,fe=496835
formalLocal:outer=61,slot=1,pass=17,op=O4_WA_LOAD_TRANSFER,accepted=false,recoveryGain=true,qGain=-0.2584734958580299,fe=496836
formalLocal:outer=61,slot=1,pass=17,op=O5_WA_WEAK_TO_STRONG,accepted=false,recoveryGain=true,qGain=-0.004316423414744206,fe=496837
formalLocal:outer=61,slot=1,pass=17,op=O6_WA_SWAP,accepted=false,recoveryGain=true,qGain=-0.05020157602134527,fe=496838
formalLocal:outer=61,slot=1,pass=17,op=O7_MA_LOAD_TRANSFER,accepted=false,recoveryGain=true,qGain=-0.08287209170664174,fe=496839
formalLocal:outer=61,slot=1,pass=17,op=O8_MA_WEAK_TO_STRONG,accepted=false,recoveryGain=true,qGain=-0.17175970924387907,fe=496840
formalLocal:outer=61,slot=1,pass=17,op=O9_MA_SWAP,accepted=false,recoveryGain=true,qGain=-0.0797789774539963,fe=496841
formalLocal:outer=61,slot=1,pass=18,op=O1_JS_INSERT,accepted=false,recoveryGain=true,qGain=-0.13075516934414044,fe=496842
formalLocal:outer=61,slot=1,pass=18,op=O2_JS_REVERSE,accepted=false,recoveryGain=true,qGain=-0.32437515757280416,fe=496843
formalLocal:outer=61,slot=1,pass=18,op=O3_JS_SWAP,accepted=false,recoveryGain=true,qGain=-0.381965004102415,fe=496844
formalLocal:outer=61,slot=1,pass=18,op=O4_WA_LOAD_TRANSFER,accepted=false,recoveryGain=true,qGain=-0.2584734958580299,fe=496845
formalLocal:outer=61,slot=1,pass=18,op=O5_WA_WEAK_TO_STRONG,accepted=false,recoveryGain=true,qGain=-0.004316423414744206,fe=496846
formalLocal:outer=61,slot=1,pass=18,op=O6_WA_SWAP,accepted=false,recoveryGain=true,qGain=-0.05020157602134527,fe=496847
formalLocal:outer=61,slot=1,pass=18,op=O7_MA_LOAD_TRANSFER,accepted=false,recoveryGain=true,qGain=-0.08287209170664174,fe=496848
formalLocal:outer=61,slot=1,pass=18,op=O8_MA_WEAK_TO_STRONG,accepted=false,recoveryGain=true,qGain=-0.17175970924387907,fe=496849
formalLocal:outer=61,slot=1,pass=18,op=O9_MA_SWAP,accepted=false,recoveryGain=true,qGain=-0.0797789774539963,fe=496850
formalLocal:outer=61,slot=1,pass=19,op=O1_JS_INSERT,accepted=false,recoveryGain=true,qGain=-0.03601001497856386,fe=496851
formalLocal:outer=61,slot=1,pass=19,op=O2_JS_REVERSE,accepted=false,recoveryGain=true,qGain=-0.6340143774570679,fe=496852
formalLocal:outer=61,slot=1,pass=19,op=O3_JS_SWAP,accepted=false,recoveryGain=true,qGain=-0.13614775205837906,fe=496853
formalLocal:outer=61,slot=1,pass=19,op=O4_WA_LOAD_TRANSFER,accepted=false,recoveryGain=true,qGain=-0.2584734958580299,fe=496854
formalLocal:outer=61,slot=1,pass=19,op=O5_WA_WEAK_TO_STRONG,accepted=false,recoveryGain=true,qGain=-0.004316423414744206,fe=496855
formalLocal:outer=61,slot=1,pass=19,op=O6_WA_SWAP,accepted=false,recoveryGain=true,qGain=-0.05020157602134527,fe=496856
formalLocal:outer=61,slot=1,pass=19,op=O7_MA_LOAD_TRANSFER,accepted=false,recoveryGain=true,qGain=-0.08287209170664174,fe=496857
formalLocal:outer=61,slot=1,pass=19,op=O8_MA_WEAK_TO_STRONG,accepted=false,recoveryGain=true,qGain=-0.17175970924387907,fe=496858
formalLocal:outer=61,slot=1,pass=19,op=O9_MA_SWAP,accepted=false,recoveryGain=true,qGain=-0.0797789774539963,fe=496859
formalLocal:outer=61,slot=1,pass=20,op=O1_JS_INSERT,accepted=false,recoveryGain=true,qGain=0.0,fe=496860
formalLocal:outer=61,slot=1,pass=20,op=O2_JS_REVERSE,accepted=false,recoveryGain=true,qGain=-0.015194229967624259,fe=496861
formalLocal:outer=61,slot=1,pass=20,op=O3_JS_SWAP,accepted=true,recoveryGain=true,qGain=0.0667704611098723,fe=496862
formalLocal:outer=61,slot=1,pass=20,op=O4_WA_LOAD_TRANSFER,accepted=false,recoveryGain=true,qGain=-0.20618651897470022,fe=496863
formalLocal:outer=61,slot=1,pass=20,op=O5_WA_WEAK_TO_STRONG,accepted=false,recoveryGain=true,qGain=-0.04457251220335526,fe=496864
formalLocal:outer=61,slot=1,pass=20,op=O6_WA_SWAP,accepted=false,recoveryGain=true,qGain=-0.06055862668671102,fe=496865
formalLocal:outer=61,slot=1,pass=20,op=O7_MA_LOAD_TRANSFER,accepted=false,recoveryGain=true,qGain=-0.1374888791671533,fe=496866
formalLocal:outer=61,slot=1,pass=20,op=O8_MA_WEAK_TO_STRONG,accepted=false,recoveryGain=true,qGain=-0.04694761353084055,fe=496867
formalLocal:outer=61,slot=1,pass=20,op=O9_MA_SWAP,accepted=false,recoveryGain=true,qGain=-0.03542694977134344,fe=496868
formalLocal:outer=61,slot=1,pass=21,op=O1_JS_INSERT,accepted=false,recoveryGain=true,qGain=-0.0407218731796178,fe=496869
formalLocal:outer=61,slot=1,pass=21,op=O2_JS_REVERSE,accepted=true,recoveryGain=true,qGain=0.01179272215469137,fe=496870
formalLocal:outer=61,slot=1,pass=21,op=O3_JS_SWAP,accepted=false,recoveryGain=true,qGain=-0.32904770482770695,fe=496871
formalLocal:outer=61,slot=1,pass=21,op=O4_WA_LOAD_TRANSFER,accepted=false,recoveryGain=true,qGain=-0.18851311761221864,fe=496872
formalLocal:outer=61,slot=1,pass=21,op=O5_WA_WEAK_TO_STRONG,accepted=false,recoveryGain=true,qGain=-0.048641328761363366,fe=496873
formalLocal:outer=61,slot=1,pass=21,op=O6_WA_SWAP,accepted=false,recoveryGain=true,qGain=-0.027763316240686866,fe=496874
formalLocal:outer=61,slot=1,pass=21,op=O7_MA_LOAD_TRANSFER,accepted=false,recoveryGain=true,qGain=-0.01778670991664309,fe=496875
formalLocal:outer=61,slot=1,pass=21,op=O8_MA_WEAK_TO_STRONG,accepted=false,recoveryGain=true,qGain=-0.1270861853009017,fe=496876
formalLocal:outer=61,slot=1,pass=21,op=O9_MA_SWAP,accepted=false,recoveryGain=true,qGain=-0.031082139428767218,fe=496877
formalLocal:outer=61,slot=1,pass=22,op=O1_JS_INSERT,accepted=false,recoveryGain=true,qGain=-0.31006484849889776,fe=496878
formalLocal:outer=61,slot=1,pass=22,op=O2_JS_REVERSE,accepted=false,recoveryGain=true,qGain=-0.08115573559583528,fe=496879
formalLocal:outer=61,slot=1,pass=22,op=O3_JS_SWAP,accepted=false,recoveryGain=true,qGain=-0.31701856541594153,fe=496880
formalLocal:outer=61,slot=1,pass=22,op=O4_WA_LOAD_TRANSFER,accepted=false,recoveryGain=true,qGain=-0.18851311761221864,fe=496881
formalLocal:outer=61,slot=1,pass=22,op=O5_WA_WEAK_TO_STRONG,accepted=false,recoveryGain=true,qGain=-0.048641328761363366,fe=496882
formalLocal:outer=61,slot=1,pass=22,op=O6_WA_SWAP,accepted=false,recoveryGain=true,qGain=-0.027763316240686866,fe=496883
formalLocal:outer=61,slot=1,pass=22,op=O7_MA_LOAD_TRANSFER,accepted=false,recoveryGain=true,qGain=-0.01778670991664309,fe=496884
formalLocal:outer=61,slot=1,pass=22,op=O8_MA_WEAK_TO_STRONG,accepted=false,recoveryGain=true,qGain=-0.1270861853009017,fe=496885
formalLocal:outer=61,slot=1,pass=22,op=O9_MA_SWAP,accepted=false,recoveryGain=true,qGain=-0.031082139428767218,fe=496886
formalLocal:outer=61,slot=1,pass=23,op=O1_JS_INSERT,accepted=false,recoveryGain=true,qGain=-0.09518835757167855,fe=496887
formalLocal:outer=61,slot=1,pass=23,op=O2_JS_REVERSE,accepted=false,recoveryGain=true,qGain=-0.5167649203951062,fe=496888
formalLocal:outer=61,slot=1,pass=23,op=O3_JS_SWAP,accepted=false,recoveryGain=true,qGain=-0.04437139598493539,fe=496889
formalLocal:outer=61,slot=1,pass=23,op=O4_WA_LOAD_TRANSFER,accepted=false,recoveryGain=true,qGain=-0.18851311761221864,fe=496890
formalLocal:outer=61,slot=1,pass=23,op=O5_WA_WEAK_TO_STRONG,accepted=false,recoveryGain=true,qGain=-0.048641328761363366,fe=496891
formalLocal:outer=61,slot=1,pass=23,op=O6_WA_SWAP,accepted=false,recoveryGain=true,qGain=-0.027763316240686866,fe=496892
formalLocal:outer=61,slot=1,pass=23,op=O7_MA_LOAD_TRANSFER,accepted=false,recoveryGain=true,qGain=-0.01778670991664309,fe=496893
formalLocal:outer=61,slot=1,pass=23,op=O8_MA_WEAK_TO_STRONG,accepted=false,recoveryGain=true,qGain=-0.1270861853009017,fe=496894
formalLocal:outer=61,slot=1,pass=23,op=O9_MA_SWAP,accepted=false,recoveryGain=true,qGain=-0.031082139428767218,fe=496895
formalLocal:outer=61,slot=1,pass=24,op=O1_JS_INSERT,accepted=false,recoveryGain=true,qGain=-0.2689348516543275,fe=496896
formalLocal:outer=61,slot=1,pass=24,op=O2_JS_REVERSE,accepted=false,recoveryGain=true,qGain=-0.22023957247954248,fe=496897
formalLocal:outer=61,slot=1,pass=24,op=O3_JS_SWAP,accepted=false,recoveryGain=true,qGain=-0.4364036867390493,fe=496898
formalLocal:outer=61,slot=1,pass=24,op=O4_WA_LOAD_TRANSFER,accepted=false,recoveryGain=true,qGain=-0.18851311761221864,fe=496899
formalLocal:outer=61,slot=1,pass=24,op=O5_WA_WEAK_TO_STRONG,accepted=false,recoveryGain=true,qGain=-0.048641328761363366,fe=496900
formalLocal:outer=61,slot=1,pass=24,op=O6_WA_SWAP,accepted=false,recoveryGain=true,qGain=-0.027763316240686866,fe=496901
formalLocal:outer=61,slot=1,pass=24,op=O7_MA_LOAD_TRANSFER,accepted=false,recoveryGain=true,qGain=-0.01778670991664309,fe=496902
formalLocal:outer=61,slot=1,pass=24,op=O8_MA_WEAK_TO_STRONG,accepted=false,recoveryGain=true,qGain=-0.1270861853009017,fe=496903
formalLocal:outer=61,slot=1,pass=24,op=O9_MA_SWAP,accepted=false,recoveryGain=true,qGain=-0.031082139428767218,fe=496904
formalLocal:outer=61,slot=1,pass=25,op=O1_JS_INSERT,accepted=false,recoveryGain=true,qGain=-0.19620350121276656,fe=496905
formalLocal:outer=61,slot=1,pass=25,op=O2_JS_REVERSE,accepted=false,recoveryGain=true,qGain=-0.056859076832708494,fe=496906
formalLocal:outer=61,slot=1,pass=25,op=O3_JS_SWAP,accepted=false,recoveryGain=true,qGain=-0.068214220745197,fe=496907
formalLocal:outer=61,slot=1,pass=25,op=O4_WA_LOAD_TRANSFER,accepted=false,recoveryGain=true,qGain=-0.18851311761221864,fe=496908
formalLocal:outer=61,slot=1,pass=25,op=O5_WA_WEAK_TO_STRONG,accepted=false,recoveryGain=true,qGain=-0.048641328761363366,fe=496909
formalLocal:outer=61,slot=1,pass=25,op=O6_WA_SWAP,accepted=false,recoveryGain=true,qGain=-0.027763316240686866,fe=496910
formalLocal:outer=61,slot=1,pass=25,op=O7_MA_LOAD_TRANSFER,accepted=false,recoveryGain=true,qGain=-0.01778670991664309,fe=496911
formalLocal:outer=61,slot=1,pass=25,op=O8_MA_WEAK_TO_STRONG,accepted=false,recoveryGain=true,qGain=-0.1270861853009017,fe=496912
formalLocal:outer=61,slot=1,pass=25,op=O9_MA_SWAP,accepted=false,recoveryGain=true,qGain=-0.031082139428767218,fe=496913
formalLocal:outer=61,slot=1,pass=26,op=O1_JS_INSERT,accepted=false,recoveryGain=true,qGain=-0.6972391715042309,fe=496914
formalLocal:outer=61,slot=1,pass=26,op=O2_JS_REVERSE,accepted=false,recoveryGain=true,qGain=0.0,fe=496915
formalLocal:outer=61,slot=1,pass=26,op=O3_JS_SWAP,accepted=false,recoveryGain=true,qGain=-0.08441527940575096,fe=496916
formalLocal:outer=61,slot=1,pass=26,op=O4_WA_LOAD_TRANSFER,accepted=false,recoveryGain=true,qGain=-0.18851311761221864,fe=496917
formalLocal:outer=61,slot=1,pass=26,op=O5_WA_WEAK_TO_STRONG,accepted=false,recoveryGain=true,qGain=-0.048641328761363366,fe=496918
formalLocal:outer=61,slot=1,pass=26,op=O6_WA_SWAP,accepted=false,recoveryGain=true,qGain=-0.027763316240686866,fe=496919
formalLocal:outer=61,slot=1,pass=26,op=O7_MA_LOAD_TRANSFER,accepted=false,recoveryGain=true,qGain=-0.01778670991664309,fe=496920
formalLocal:outer=61,slot=1,pass=26,op=O8_MA_WEAK_TO_STRONG,accepted=false,recoveryGain=true,qGain=-0.1270861853009017,fe=496921
formalLocal:outer=61,slot=1,pass=26,op=O9_MA_SWAP,accepted=false,recoveryGain=true,qGain=-0.031082139428767218,fe=496922
formalLocal:outer=61,slot=1,pass=27,op=O1_JS_INSERT,accepted=true,recoveryGain=true,qGain=0.017273972808236452,fe=496923
formalLocal:outer=61,slot=1,pass=27,op=O2_JS_REVERSE,accepted=false,recoveryGain=true,qGain=-0.2605843661945125,fe=496924
formalLocal:outer=61,slot=1,pass=27,op=O3_JS_SWAP,accepted=false,recoveryGain=true,qGain=-0.022075877945067338,fe=496925
formalLocal:outer=61,slot=1,pass=27,op=O4_WA_LOAD_TRANSFER,accepted=false,recoveryGain=true,qGain=-0.19978454418524025,fe=496926
formalLocal:outer=61,slot=1,pass=27,op=O5_WA_WEAK_TO_STRONG,accepted=true,recoveryGain=true,qGain=0.0014782554755079565,fe=496927
formalLocal:outer=61,slot=1,pass=27,op=O6_WA_SWAP,accepted=false,recoveryGain=true,qGain=-0.058852539858502334,fe=496928
formalLocal:outer=61,slot=1,pass=27,op=O7_MA_LOAD_TRANSFER,accepted=true,recoveryGain=true,qGain=4.1513527994038567E-4,fe=496929
formalLocal:outer=61,slot=1,pass=27,op=O8_MA_WEAK_TO_STRONG,accepted=false,recoveryGain=true,qGain=-0.08528045256607866,fe=496930
formalLocal:outer=61,slot=1,pass=27,op=O9_MA_SWAP,accepted=false,recoveryGain=true,qGain=-0.07969481140629224,fe=496931
formalLocal:outer=61,slot=1,pass=28,op=O1_JS_INSERT,accepted=false,recoveryGain=true,qGain=0.0,fe=496932
formalLocal:outer=61,slot=1,pass=28,op=O2_JS_REVERSE,accepted=false,recoveryGain=true,qGain=-0.05441747663552881,fe=496933
formalLocal:outer=61,slot=1,pass=28,op=O3_JS_SWAP,accepted=false,recoveryGain=true,qGain=0.0,fe=496934
formalLocal:outer=61,slot=1,pass=28,op=O4_WA_LOAD_TRANSFER,accepted=false,recoveryGain=true,qGain=-0.23820110999791344,fe=496935
formalLocal:outer=61,slot=1,pass=28,op=O5_WA_WEAK_TO_STRONG,accepted=false,recoveryGain=true,qGain=-0.14493342312393018,fe=496936
formalLocal:outer=61,slot=1,pass=28,op=O6_WA_SWAP,accepted=false,recoveryGain=true,qGain=-0.06134738662345646,fe=496937
formalLocal:outer=61,slot=1,pass=28,op=O7_MA_LOAD_TRANSFER,accepted=false,recoveryGain=true,qGain=-0.0011872605069031942,fe=496938
formalLocal:outer=61,slot=1,pass=28,op=O8_MA_WEAK_TO_STRONG,accepted=false,recoveryGain=true,qGain=-0.08528045256607866,fe=496939
formalLocal:outer=61,slot=1,pass=28,op=O9_MA_SWAP,accepted=false,recoveryGain=true,qGain=-0.07969481140629224,fe=496940
formalLocal:outer=61,slot=1,pass=29,op=O1_JS_INSERT,accepted=false,recoveryGain=true,qGain=-0.009211858986575998,fe=496941
formalLocal:outer=61,slot=1,pass=29,op=O2_JS_REVERSE,accepted=false,recoveryGain=true,qGain=-0.41978872311281573,fe=496942
formalLocal:outer=61,slot=1,pass=29,op=O3_JS_SWAP,accepted=false,recoveryGain=true,qGain=-0.15487200411223634,fe=496943
formalLocal:outer=61,slot=1,pass=29,op=O4_WA_LOAD_TRANSFER,accepted=false,recoveryGain=true,qGain=-0.23820110999791344,fe=496944
formalLocal:outer=61,slot=1,pass=29,op=O5_WA_WEAK_TO_STRONG,accepted=false,recoveryGain=true,qGain=-0.14493342312393018,fe=496945
formalLocal:outer=61,slot=1,pass=29,op=O6_WA_SWAP,accepted=false,recoveryGain=true,qGain=-0.06134738662345646,fe=496946
formalLocal:outer=61,slot=1,pass=29,op=O7_MA_LOAD_TRANSFER,accepted=false,recoveryGain=true,qGain=-0.0011872605069031942,fe=496947
formalLocal:outer=61,slot=1,pass=29,op=O8_MA_WEAK_TO_STRONG,accepted=false,recoveryGain=true,qGain=-0.08528045256607866,fe=496948
formalLocal:outer=61,slot=1,pass=29,op=O9_MA_SWAP,accepted=false,recoveryGain=true,qGain=-0.07969481140629224,fe=496949
formalLocal:outer=61,slot=2,op=CRITICAL_FACTORY_SWAP,accepted=true,fe=496950
formalLocal:outer=61,slot=2,op=CRITICAL_FACTORY_INSERT,accepted=true,fe=496951
formalLocal:outer=61,slot=2,pass=0,op=O1_JS_INSERT,accepted=false,recoveryGain=true,qGain=-0.015426460914228255,fe=496952
formalLocal:outer=61,slot=2,pass=0,op=O2_JS_REVERSE,accepted=false,recoveryGain=true,qGain=-0.18838968387550412,fe=496953
formalLocal:outer=61,slot=2,pass=0,op=O3_JS_SWAP,accepted=false,recoveryGain=true,qGain=-0.06363063763037412,fe=496954
formalLocal:outer=61,slot=2,pass=0,op=O4_WA_LOAD_TRANSFER,accepted=false,recoveryGain=true,qGain=-0.15414330902498144,fe=496955
formalLocal:outer=61,slot=2,pass=0,op=O5_WA_WEAK_TO_STRONG,accepted=false,recoveryGain=true,qGain=-0.06176863225435227,fe=496956
formalLocal:outer=61,slot=2,pass=0,op=O6_WA_SWAP,accepted=false,recoveryGain=true,qGain=-0.1081380490890223,fe=496957
formalLocal:outer=61,slot=2,pass=0,op=O7_MA_LOAD_TRANSFER,accepted=false,recoveryGain=true,qGain=-0.2605125025646152,fe=496958
formalLocal:outer=61,slot=2,pass=0,op=O8_MA_WEAK_TO_STRONG,accepted=false,recoveryGain=true,qGain=-3.440896356718201E-6,fe=496959
formalLocal:outer=61,slot=2,pass=0,op=O9_MA_SWAP,accepted=true,recoveryGain=true,qGain=0.05666239563292868,fe=496960
formalLocal:outer=61,slot=2,pass=1,op=O1_JS_INSERT,accepted=false,recoveryGain=true,qGain=-0.05250876828938879,fe=496961
formalLocal:outer=61,slot=2,pass=1,op=O2_JS_REVERSE,accepted=false,recoveryGain=true,qGain=-0.2048762764775376,fe=496962
formalLocal:outer=61,slot=2,pass=1,op=O3_JS_SWAP,accepted=false,recoveryGain=true,qGain=-0.1068805626017469,fe=496963
formalLocal:outer=61,slot=2,pass=1,op=O4_WA_LOAD_TRANSFER,accepted=false,recoveryGain=true,qGain=-0.15653512193608193,fe=496964
formalLocal:outer=61,slot=2,pass=1,op=O5_WA_WEAK_TO_STRONG,accepted=false,recoveryGain=true,qGain=-0.12769390205051395,fe=496965
formalLocal:outer=61,slot=2,pass=1,op=O6_WA_SWAP,accepted=false,recoveryGain=true,qGain=-0.07243221609514383,fe=496966
formalLocal:outer=61,slot=2,pass=1,op=O7_MA_LOAD_TRANSFER,accepted=false,recoveryGain=true,qGain=-0.03320710780714211,fe=496967
formalLocal:outer=61,slot=2,pass=1,op=O8_MA_WEAK_TO_STRONG,accepted=false,recoveryGain=true,qGain=-0.11035484293321247,fe=496968
formalLocal:outer=61,slot=2,pass=1,op=O9_MA_SWAP,accepted=false,recoveryGain=true,qGain=-0.06006587182639252,fe=496969
formalLocal:outer=61,slot=2,pass=2,op=O1_JS_INSERT,accepted=false,recoveryGain=true,qGain=-0.29660660130647587,fe=496970
formalLocal:outer=61,slot=2,pass=2,op=O2_JS_REVERSE,accepted=false,recoveryGain=true,qGain=-0.24742910859705444,fe=496971
formalLocal:outer=61,slot=2,pass=2,op=O3_JS_SWAP,accepted=false,recoveryGain=true,qGain=-0.0018003292707958476,fe=496972
formalLocal:outer=61,slot=2,pass=2,op=O4_WA_LOAD_TRANSFER,accepted=false,recoveryGain=true,qGain=-0.15653512193608193,fe=496973
formalLocal:outer=61,slot=2,pass=2,op=O5_WA_WEAK_TO_STRONG,accepted=false,recoveryGain=true,qGain=-0.12769390205051395,fe=496974
formalLocal:outer=61,slot=2,pass=2,op=O6_WA_SWAP,accepted=false,recoveryGain=true,qGain=-0.07243221609514383,fe=496975
formalLocal:outer=61,slot=2,pass=2,op=O7_MA_LOAD_TRANSFER,accepted=false,recoveryGain=true,qGain=-0.03320710780714211,fe=496976
formalLocal:outer=61,slot=2,pass=2,op=O8_MA_WEAK_TO_STRONG,accepted=false,recoveryGain=true,qGain=-0.11035484293321247,fe=496977
formalLocal:outer=61,slot=2,pass=2,op=O9_MA_SWAP,accepted=false,recoveryGain=true,qGain=-0.06006587182639252,fe=496978
formalLocal:outer=61,slot=2,pass=3,op=O1_JS_INSERT,accepted=false,recoveryGain=true,qGain=0.0,fe=496979
formalLocal:outer=61,slot=2,pass=3,op=O2_JS_REVERSE,accepted=false,recoveryGain=true,qGain=-0.2273377209524941,fe=496980
formalLocal:outer=61,slot=2,pass=3,op=O3_JS_SWAP,accepted=false,recoveryGain=true,qGain=-0.27979955111775856,fe=496981
formalLocal:outer=61,slot=2,pass=3,op=O4_WA_LOAD_TRANSFER,accepted=false,recoveryGain=true,qGain=-0.15653512193608193,fe=496982
formalLocal:outer=61,slot=2,pass=3,op=O5_WA_WEAK_TO_STRONG,accepted=false,recoveryGain=true,qGain=-0.12769390205051395,fe=496983
formalLocal:outer=61,slot=2,pass=3,op=O6_WA_SWAP,accepted=false,recoveryGain=true,qGain=-0.07243221609514383,fe=496984
formalLocal:outer=61,slot=2,pass=3,op=O7_MA_LOAD_TRANSFER,accepted=false,recoveryGain=true,qGain=-0.03320710780714211,fe=496985
formalLocal:outer=61,slot=2,pass=3,op=O8_MA_WEAK_TO_STRONG,accepted=false,recoveryGain=true,qGain=-0.11035484293321247,fe=496986
formalLocal:outer=61,slot=2,pass=3,op=O9_MA_SWAP,accepted=false,recoveryGain=true,qGain=-0.06006587182639252,fe=496987
formalLocal:outer=61,slot=2,pass=4,op=O1_JS_INSERT,accepted=false,recoveryGain=true,qGain=-0.08035150912312752,fe=496988
formalLocal:outer=61,slot=2,pass=4,op=O2_JS_REVERSE,accepted=false,recoveryGain=true,qGain=-0.1040132272988963,fe=496989
formalLocal:outer=61,slot=2,pass=4,op=O3_JS_SWAP,accepted=false,recoveryGain=true,qGain=-0.18155866839154122,fe=496990
formalLocal:outer=61,slot=2,pass=4,op=O4_WA_LOAD_TRANSFER,accepted=false,recoveryGain=true,qGain=-0.15653512193608193,fe=496991
formalLocal:outer=61,slot=2,pass=4,op=O5_WA_WEAK_TO_STRONG,accepted=false,recoveryGain=true,qGain=-0.12769390205051395,fe=496992
formalLocal:outer=61,slot=2,pass=4,op=O6_WA_SWAP,accepted=false,recoveryGain=true,qGain=-0.07243221609514383,fe=496993
formalLocal:outer=61,slot=2,pass=4,op=O7_MA_LOAD_TRANSFER,accepted=false,recoveryGain=true,qGain=-0.03320710780714211,fe=496994
formalLocal:outer=61,slot=2,pass=4,op=O8_MA_WEAK_TO_STRONG,accepted=false,recoveryGain=true,qGain=-0.11035484293321247,fe=496995
formalLocal:outer=61,slot=2,pass=4,op=O9_MA_SWAP,accepted=false,recoveryGain=true,qGain=-0.06006587182639252,fe=496996
formalLocal:outer=61,slot=2,pass=5,op=O1_JS_INSERT,accepted=false,recoveryGain=true,qGain=-0.15775284919833593,fe=496997
formalLocal:outer=61,slot=2,pass=5,op=O2_JS_REVERSE,accepted=false,recoveryGain=true,qGain=-0.11936322218015828,fe=496998
formalLocal:outer=61,slot=2,pass=5,op=O3_JS_SWAP,accepted=false,recoveryGain=true,qGain=-0.20969480893458833,fe=496999
formalLocal:outer=61,slot=2,pass=5,op=O4_WA_LOAD_TRANSFER,accepted=false,recoveryGain=true,qGain=-0.15653512193608193,fe=497000
formalLocal:outer=61,slot=2,pass=5,op=O5_WA_WEAK_TO_STRONG,accepted=false,recoveryGain=true,qGain=-0.12769390205051395,fe=497001
formalLocal:outer=61,slot=2,pass=5,op=O6_WA_SWAP,accepted=false,recoveryGain=true,qGain=-0.07243221609514383,fe=497002
formalLocal:outer=61,slot=2,pass=5,op=O7_MA_LOAD_TRANSFER,accepted=false,recoveryGain=true,qGain=-0.03320710780714211,fe=497003
formalLocal:outer=61,slot=2,pass=5,op=O8_MA_WEAK_TO_STRONG,accepted=false,recoveryGain=true,qGain=-0.11035484293321247,fe=497004
formalLocal:outer=61,slot=2,pass=5,op=O9_MA_SWAP,accepted=false,recoveryGain=true,qGain=-0.06006587182639252,fe=497005
formalLocal:outer=61,slot=2,pass=6,op=O1_JS_INSERT,accepted=true,recoveryGain=true,qGain=0.023519569324092368,fe=497006
formalLocal:outer=61,slot=2,pass=6,op=O2_JS_REVERSE,accepted=false,recoveryGain=true,qGain=-0.3086234497549799,fe=497007
formalLocal:outer=61,slot=2,pass=6,op=O3_JS_SWAP,accepted=false,recoveryGain=true,qGain=-0.11088799195718368,fe=497008
formalLocal:outer=61,slot=2,pass=6,op=O4_WA_LOAD_TRANSFER,accepted=false,recoveryGain=true,qGain=-0.1069485427195234,fe=497009
formalLocal:outer=61,slot=2,pass=6,op=O5_WA_WEAK_TO_STRONG,accepted=false,recoveryGain=true,qGain=-0.10552230772771852,fe=497010
formalLocal:outer=61,slot=2,pass=6,op=O6_WA_SWAP,accepted=false,recoveryGain=true,qGain=-0.022978171258892073,fe=497011
formalLocal:outer=61,slot=2,pass=6,op=O7_MA_LOAD_TRANSFER,accepted=false,recoveryGain=true,qGain=-0.19669517657390825,fe=497012
formalLocal:outer=61,slot=2,pass=6,op=O8_MA_WEAK_TO_STRONG,accepted=false,recoveryGain=true,qGain=-0.07465083551814837,fe=497013
formalLocal:outer=61,slot=2,pass=6,op=O9_MA_SWAP,accepted=false,recoveryGain=true,qGain=-0.2085022258997563,fe=497014
formalLocal:outer=61,slot=2,pass=7,op=O1_JS_INSERT,accepted=false,recoveryGain=true,qGain=-0.1531930016406702,fe=497015
formalLocal:outer=61,slot=2,pass=7,op=O2_JS_REVERSE,accepted=false,recoveryGain=true,qGain=-0.339983562294644,fe=497016
formalLocal:outer=61,slot=2,pass=7,op=O3_JS_SWAP,accepted=false,recoveryGain=true,qGain=-0.16627825132598628,fe=497017
formalLocal:outer=61,slot=2,pass=7,op=O4_WA_LOAD_TRANSFER,accepted=false,recoveryGain=true,qGain=-0.1069485427195234,fe=497018
formalLocal:outer=61,slot=2,pass=7,op=O5_WA_WEAK_TO_STRONG,accepted=false,recoveryGain=true,qGain=-0.10552230772771852,fe=497019
formalLocal:outer=61,slot=2,pass=7,op=O6_WA_SWAP,accepted=false,recoveryGain=true,qGain=-0.022978171258892073,fe=497020
formalLocal:outer=61,slot=2,pass=7,op=O7_MA_LOAD_TRANSFER,accepted=false,recoveryGain=true,qGain=-0.19669517657390825,fe=497021
formalLocal:outer=61,slot=2,pass=7,op=O8_MA_WEAK_TO_STRONG,accepted=false,recoveryGain=true,qGain=-0.07465083551814837,fe=497022
formalLocal:outer=61,slot=2,pass=7,op=O9_MA_SWAP,accepted=false,recoveryGain=true,qGain=-0.2085022258997563,fe=497023
formalLocal:outer=61,slot=2,pass=8,op=O1_JS_INSERT,accepted=false,recoveryGain=true,qGain=-0.23435913612580198,fe=497024
formalLocal:outer=61,slot=2,pass=8,op=O2_JS_REVERSE,accepted=false,recoveryGain=true,qGain=-0.10543575090765736,fe=497025
formalLocal:outer=61,slot=2,pass=8,op=O3_JS_SWAP,accepted=false,recoveryGain=true,qGain=-0.2016562741923509,fe=497026
formalLocal:outer=61,slot=2,pass=8,op=O4_WA_LOAD_TRANSFER,accepted=false,recoveryGain=true,qGain=-0.1069485427195234,fe=497027
formalLocal:outer=61,slot=2,pass=8,op=O5_WA_WEAK_TO_STRONG,accepted=false,recoveryGain=true,qGain=-0.10552230772771852,fe=497028
formalLocal:outer=61,slot=2,pass=8,op=O6_WA_SWAP,accepted=false,recoveryGain=true,qGain=-0.022978171258892073,fe=497029
formalLocal:outer=61,slot=2,pass=8,op=O7_MA_LOAD_TRANSFER,accepted=false,recoveryGain=true,qGain=-0.19669517657390825,fe=497030
formalLocal:outer=61,slot=2,pass=8,op=O8_MA_WEAK_TO_STRONG,accepted=false,recoveryGain=true,qGain=-0.07465083551814837,fe=497031
formalLocal:outer=61,slot=2,pass=8,op=O9_MA_SWAP,accepted=false,recoveryGain=true,qGain=-0.2085022258997563,fe=497032
formalLocal:outer=61,slot=2,pass=9,op=O1_JS_INSERT,accepted=false,recoveryGain=true,qGain=-0.23811325529725474,fe=497033
formalLocal:outer=61,slot=2,pass=9,op=O2_JS_REVERSE,accepted=false,recoveryGain=true,qGain=-0.1677843040761334,fe=497034
formalLocal:outer=61,slot=2,pass=9,op=O3_JS_SWAP,accepted=false,recoveryGain=true,qGain=-0.0797868590157712,fe=497035
formalLocal:outer=61,slot=2,pass=9,op=O4_WA_LOAD_TRANSFER,accepted=false,recoveryGain=true,qGain=-0.1069485427195234,fe=497036
formalLocal:outer=61,slot=2,pass=9,op=O5_WA_WEAK_TO_STRONG,accepted=false,recoveryGain=true,qGain=-0.10552230772771852,fe=497037
formalLocal:outer=61,slot=2,pass=9,op=O6_WA_SWAP,accepted=false,recoveryGain=true,qGain=-0.022978171258892073,fe=497038
formalLocal:outer=61,slot=2,pass=9,op=O7_MA_LOAD_TRANSFER,accepted=false,recoveryGain=true,qGain=-0.19669517657390825,fe=497039
formalLocal:outer=61,slot=2,pass=9,op=O8_MA_WEAK_TO_STRONG,accepted=false,recoveryGain=true,qGain=-0.07465083551814837,fe=497040
formalLocal:outer=61,slot=2,pass=9,op=O9_MA_SWAP,accepted=false,recoveryGain=true,qGain=-0.2085022258997563,fe=497041
formalLocal:outer=61,slot=2,pass=10,op=O1_JS_INSERT,accepted=false,recoveryGain=true,qGain=-0.17003565546380991,fe=497042
formalLocal:outer=61,slot=2,pass=10,op=O2_JS_REVERSE,accepted=true,recoveryGain=true,qGain=0.058900546644189374,fe=497043
formalLocal:outer=61,slot=2,pass=10,op=O3_JS_SWAP,accepted=false,recoveryGain=true,qGain=-0.3896038925491627,fe=497044
formalLocal:outer=61,slot=2,pass=10,op=O4_WA_LOAD_TRANSFER,accepted=false,recoveryGain=true,qGain=-0.21749300255611015,fe=497045
formalLocal:outer=61,slot=2,pass=10,op=O5_WA_WEAK_TO_STRONG,accepted=false,recoveryGain=true,qGain=-0.151218515752062,fe=497046
formalLocal:outer=61,slot=2,pass=10,op=O6_WA_SWAP,accepted=false,recoveryGain=true,qGain=-0.16301833297853865,fe=497047
formalLocal:outer=61,slot=2,pass=10,op=O7_MA_LOAD_TRANSFER,accepted=false,recoveryGain=true,qGain=-0.14597527557283566,fe=497048
formalLocal:outer=61,slot=2,pass=10,op=O8_MA_WEAK_TO_STRONG,accepted=false,recoveryGain=true,qGain=-0.28556373469530816,fe=497049
formalLocal:outer=61,slot=2,pass=10,op=O9_MA_SWAP,accepted=false,recoveryGain=true,qGain=-0.1616625896813492,fe=497050
formalLocal:outer=61,slot=2,pass=11,op=O1_JS_INSERT,accepted=false,recoveryGain=true,qGain=-0.1346072309475511,fe=497051
formalLocal:outer=61,slot=2,pass=11,op=O2_JS_REVERSE,accepted=false,recoveryGain=true,qGain=-0.31033718020212886,fe=497052
formalLocal:outer=61,slot=2,pass=11,op=O3_JS_SWAP,accepted=false,recoveryGain=true,qGain=-0.1057900880236198,fe=497053
formalLocal:outer=61,slot=2,pass=11,op=O4_WA_LOAD_TRANSFER,accepted=false,recoveryGain=true,qGain=-0.21749300255611015,fe=497054
formalLocal:outer=61,slot=2,pass=11,op=O5_WA_WEAK_TO_STRONG,accepted=false,recoveryGain=true,qGain=-0.151218515752062,fe=497055
formalLocal:outer=61,slot=2,pass=11,op=O6_WA_SWAP,accepted=false,recoveryGain=true,qGain=-0.16301833297853865,fe=497056
formalLocal:outer=61,slot=2,pass=11,op=O7_MA_LOAD_TRANSFER,accepted=false,recoveryGain=true,qGain=-0.14597527557283566,fe=497057
formalLocal:outer=61,slot=2,pass=11,op=O8_MA_WEAK_TO_STRONG,accepted=false,recoveryGain=true,qGain=-0.28556373469530816,fe=497058
formalLocal:outer=61,slot=2,pass=11,op=O9_MA_SWAP,accepted=false,recoveryGain=true,qGain=-0.1616625896813492,fe=497059
formalLocal:outer=61,slot=2,pass=12,op=O1_JS_INSERT,accepted=false,recoveryGain=true,qGain=-0.13745769544442973,fe=497060
formalLocal:outer=61,slot=2,pass=12,op=O2_JS_REVERSE,accepted=false,recoveryGain=true,qGain=-0.053219931976440316,fe=497061
formalLocal:outer=61,slot=2,pass=12,op=O3_JS_SWAP,accepted=false,recoveryGain=true,qGain=-0.08194770021082262,fe=497062
formalLocal:outer=61,slot=2,pass=12,op=O4_WA_LOAD_TRANSFER,accepted=false,recoveryGain=true,qGain=-0.21749300255611015,fe=497063
formalLocal:outer=61,slot=2,pass=12,op=O5_WA_WEAK_TO_STRONG,accepted=false,recoveryGain=true,qGain=-0.151218515752062,fe=497064
formalLocal:outer=61,slot=2,pass=12,op=O6_WA_SWAP,accepted=false,recoveryGain=true,qGain=-0.16301833297853865,fe=497065
formalLocal:outer=61,slot=2,pass=12,op=O7_MA_LOAD_TRANSFER,accepted=false,recoveryGain=true,qGain=-0.14597527557283566,fe=497066
formalLocal:outer=61,slot=2,pass=12,op=O8_MA_WEAK_TO_STRONG,accepted=false,recoveryGain=true,qGain=-0.28556373469530816,fe=497067
formalLocal:outer=61,slot=2,pass=12,op=O9_MA_SWAP,accepted=false,recoveryGain=true,qGain=-0.1616625896813492,fe=497068
formalLocal:outer=61,slot=2,pass=13,op=O1_JS_INSERT,accepted=false,recoveryGain=true,qGain=0.0,fe=497069
formalLocal:outer=61,slot=2,pass=13,op=O2_JS_REVERSE,accepted=false,recoveryGain=true,qGain=0.0,fe=497070
formalLocal:outer=61,slot=2,pass=13,op=O3_JS_SWAP,accepted=true,recoveryGain=true,qGain=0.01654753852925614,fe=497071
formalLocal:outer=61,slot=2,pass=13,op=O4_WA_LOAD_TRANSFER,accepted=false,recoveryGain=true,qGain=-0.2870199391087643,fe=497072
formalLocal:outer=61,slot=2,pass=13,op=O5_WA_WEAK_TO_STRONG,accepted=false,recoveryGain=true,qGain=-0.1192905614640321,fe=497073
formalLocal:outer=61,slot=2,pass=13,op=O6_WA_SWAP,accepted=false,recoveryGain=true,qGain=-0.19996964327178982,fe=497074
formalLocal:outer=61,slot=2,pass=13,op=O7_MA_LOAD_TRANSFER,accepted=false,recoveryGain=true,qGain=-0.08085337849529273,fe=497075
formalLocal:outer=61,slot=2,pass=13,op=O8_MA_WEAK_TO_STRONG,accepted=false,recoveryGain=true,qGain=-0.30618066025464447,fe=497076
formalLocal:outer=61,slot=2,pass=13,op=O9_MA_SWAP,accepted=false,recoveryGain=true,qGain=-0.2517333552362335,fe=497077
formalLocal:outer=61,slot=2,pass=14,op=O1_JS_INSERT,accepted=false,recoveryGain=true,qGain=-0.1020191883910927,fe=497078
formalLocal:outer=61,slot=2,pass=14,op=O2_JS_REVERSE,accepted=false,recoveryGain=true,qGain=-0.1859877980587404,fe=497079
formalLocal:outer=61,slot=2,pass=14,op=O3_JS_SWAP,accepted=false,recoveryGain=true,qGain=-0.11280947851120143,fe=497080
formalLocal:outer=61,slot=2,pass=14,op=O4_WA_LOAD_TRANSFER,accepted=false,recoveryGain=true,qGain=-0.2870199391087643,fe=497081
formalLocal:outer=61,slot=2,pass=14,op=O5_WA_WEAK_TO_STRONG,accepted=false,recoveryGain=true,qGain=-0.1192905614640321,fe=497082
formalLocal:outer=61,slot=2,pass=14,op=O6_WA_SWAP,accepted=false,recoveryGain=true,qGain=-0.19996964327178982,fe=497083
formalLocal:outer=61,slot=2,pass=14,op=O7_MA_LOAD_TRANSFER,accepted=false,recoveryGain=true,qGain=-0.08085337849529273,fe=497084
formalLocal:outer=61,slot=2,pass=14,op=O8_MA_WEAK_TO_STRONG,accepted=false,recoveryGain=true,qGain=-0.30618066025464447,fe=497085
formalLocal:outer=61,slot=2,pass=14,op=O9_MA_SWAP,accepted=false,recoveryGain=true,qGain=-0.2517333552362335,fe=497086
formalLocal:outer=61,slot=2,pass=15,op=O1_JS_INSERT,accepted=false,recoveryGain=true,qGain=-0.10367342790304966,fe=497087
formalLocal:outer=61,slot=2,pass=15,op=O2_JS_REVERSE,accepted=false,recoveryGain=true,qGain=-0.17937058249533966,fe=497088
formalLocal:outer=61,slot=2,pass=15,op=O3_JS_SWAP,accepted=false,recoveryGain=true,qGain=-0.08085004104426155,fe=497089
formalLocal:outer=61,slot=2,pass=15,op=O4_WA_LOAD_TRANSFER,accepted=false,recoveryGain=true,qGain=-0.2870199391087643,fe=497090
formalLocal:outer=61,slot=2,pass=15,op=O5_WA_WEAK_TO_STRONG,accepted=false,recoveryGain=true,qGain=-0.1192905614640321,fe=497091
formalLocal:outer=61,slot=2,pass=15,op=O6_WA_SWAP,accepted=false,recoveryGain=true,qGain=-0.19996964327178982,fe=497092
formalLocal:outer=61,slot=2,pass=15,op=O7_MA_LOAD_TRANSFER,accepted=false,recoveryGain=true,qGain=-0.08085337849529273,fe=497093
formalLocal:outer=61,slot=2,pass=15,op=O8_MA_WEAK_TO_STRONG,accepted=false,recoveryGain=true,qGain=-0.30618066025464447,fe=497094
formalLocal:outer=61,slot=2,pass=15,op=O9_MA_SWAP,accepted=false,recoveryGain=true,qGain=-0.2517333552362335,fe=497095
formalLocal:outer=61,slot=2,pass=16,op=O1_JS_INSERT,accepted=false,recoveryGain=true,qGain=-0.15726153327032188,fe=497096
formalLocal:outer=61,slot=2,pass=16,op=O2_JS_REVERSE,accepted=false,recoveryGain=true,qGain=-0.22776628027791834,fe=497097
formalLocal:outer=61,slot=2,pass=16,op=O3_JS_SWAP,accepted=false,recoveryGain=true,qGain=-0.15557996497857735,fe=497098
formalLocal:outer=61,slot=2,pass=16,op=O4_WA_LOAD_TRANSFER,accepted=false,recoveryGain=true,qGain=-0.2870199391087643,fe=497099
formalLocal:outer=61,slot=2,pass=16,op=O5_WA_WEAK_TO_STRONG,accepted=false,recoveryGain=true,qGain=-0.1192905614640321,fe=497100
formalLocal:outer=61,slot=2,pass=16,op=O6_WA_SWAP,accepted=false,recoveryGain=true,qGain=-0.19996964327178982,fe=497101
formalLocal:outer=61,slot=2,pass=16,op=O7_MA_LOAD_TRANSFER,accepted=false,recoveryGain=true,qGain=-0.08085337849529273,fe=497102
formalLocal:outer=61,slot=2,pass=16,op=O8_MA_WEAK_TO_STRONG,accepted=false,recoveryGain=true,qGain=-0.30618066025464447,fe=497103
formalLocal:outer=61,slot=2,pass=16,op=O9_MA_SWAP,accepted=false,recoveryGain=true,qGain=-0.2517333552362335,fe=497104
formalLocal:outer=61,slot=2,pass=17,op=O1_JS_INSERT,accepted=false,recoveryGain=true,qGain=-0.055284172134477005,fe=497105
formalLocal:outer=61,slot=2,pass=17,op=O2_JS_REVERSE,accepted=false,recoveryGain=true,qGain=-0.14663554020103486,fe=497106
formalLocal:outer=61,slot=2,pass=17,op=O3_JS_SWAP,accepted=true,recoveryGain=true,qGain=0.0613225356122738,fe=497107
formalLocal:outer=61,slot=2,pass=17,op=O4_WA_LOAD_TRANSFER,accepted=false,recoveryGain=true,qGain=-0.37947554421159857,fe=497108
formalLocal:outer=61,slot=2,pass=17,op=O5_WA_WEAK_TO_STRONG,accepted=false,recoveryGain=true,qGain=-0.1298699548367027,fe=497109
formalLocal:outer=61,slot=2,pass=17,op=O6_WA_SWAP,accepted=false,recoveryGain=true,qGain=-0.1075538835448158,fe=497110
formalLocal:outer=61,slot=2,pass=17,op=O7_MA_LOAD_TRANSFER,accepted=false,recoveryGain=true,qGain=-0.19149734484470118,fe=497111
formalLocal:outer=61,slot=2,pass=17,op=O8_MA_WEAK_TO_STRONG,accepted=false,recoveryGain=true,qGain=-0.4497933926291997,fe=497112
formalLocal:outer=61,slot=2,pass=17,op=O9_MA_SWAP,accepted=false,recoveryGain=true,qGain=-0.24610571613775029,fe=497113
formalLocal:outer=61,slot=2,pass=18,op=O1_JS_INSERT,accepted=false,recoveryGain=true,qGain=-0.40627903850247066,fe=497114
formalLocal:outer=61,slot=2,pass=18,op=O2_JS_REVERSE,accepted=false,recoveryGain=true,qGain=-0.23818641934685938,fe=497115
formalLocal:outer=61,slot=2,pass=18,op=O3_JS_SWAP,accepted=false,recoveryGain=true,qGain=-0.06992435332281148,fe=497116
formalLocal:outer=61,slot=2,pass=18,op=O4_WA_LOAD_TRANSFER,accepted=false,recoveryGain=true,qGain=-0.37947554421159857,fe=497117
formalLocal:outer=61,slot=2,pass=18,op=O5_WA_WEAK_TO_STRONG,accepted=false,recoveryGain=true,qGain=-0.1298699548367027,fe=497118
formalLocal:outer=61,slot=2,pass=18,op=O6_WA_SWAP,accepted=false,recoveryGain=true,qGain=-0.1075538835448158,fe=497119
formalLocal:outer=61,slot=2,pass=18,op=O7_MA_LOAD_TRANSFER,accepted=false,recoveryGain=true,qGain=-0.19149734484470118,fe=497120
formalLocal:outer=61,slot=2,pass=18,op=O8_MA_WEAK_TO_STRONG,accepted=false,recoveryGain=true,qGain=-0.4497933926291997,fe=497121
formalLocal:outer=61,slot=2,pass=18,op=O9_MA_SWAP,accepted=false,recoveryGain=true,qGain=-0.24610571613775029,fe=497122
formalLocal:outer=61,slot=2,pass=19,op=O1_JS_INSERT,accepted=false,recoveryGain=true,qGain=0.0,fe=497123
formalLocal:outer=61,slot=2,pass=19,op=O2_JS_REVERSE,accepted=false,recoveryGain=true,qGain=-0.16871473625073852,fe=497124
formalLocal:outer=61,slot=2,pass=19,op=O3_JS_SWAP,accepted=false,recoveryGain=true,qGain=-0.3940112739262815,fe=497125
formalLocal:outer=61,slot=2,pass=19,op=O4_WA_LOAD_TRANSFER,accepted=false,recoveryGain=true,qGain=-0.37947554421159857,fe=497126
formalLocal:outer=61,slot=2,pass=19,op=O5_WA_WEAK_TO_STRONG,accepted=false,recoveryGain=true,qGain=-0.1298699548367027,fe=497127
formalLocal:outer=61,slot=2,pass=19,op=O6_WA_SWAP,accepted=false,recoveryGain=true,qGain=-0.1075538835448158,fe=497128
formalLocal:outer=61,slot=2,pass=19,op=O7_MA_LOAD_TRANSFER,accepted=false,recoveryGain=true,qGain=-0.19149734484470118,fe=497129
formalLocal:outer=61,slot=2,pass=19,op=O8_MA_WEAK_TO_STRONG,accepted=false,recoveryGain=true,qGain=-0.4497933926291997,fe=497130
formalLocal:outer=61,slot=2,pass=19,op=O9_MA_SWAP,accepted=false,recoveryGain=true,qGain=-0.24610571613775029,fe=497131
formalLocal:outer=61,slot=2,pass=20,op=O1_JS_INSERT,accepted=false,recoveryGain=true,qGain=-0.09996088864352339,fe=497132
formalLocal:outer=61,slot=2,pass=20,op=O2_JS_REVERSE,accepted=false,recoveryGain=true,qGain=-0.18847834832080346,fe=497133
formalLocal:outer=61,slot=2,pass=20,op=O3_JS_SWAP,accepted=false,recoveryGain=true,qGain=-0.22014910473194949,fe=497134
formalLocal:outer=61,slot=2,pass=20,op=O4_WA_LOAD_TRANSFER,accepted=false,recoveryGain=true,qGain=-0.37947554421159857,fe=497135
formalLocal:outer=61,slot=2,pass=20,op=O5_WA_WEAK_TO_STRONG,accepted=false,recoveryGain=true,qGain=-0.1298699548367027,fe=497136
formalLocal:outer=61,slot=2,pass=20,op=O6_WA_SWAP,accepted=false,recoveryGain=true,qGain=-0.1075538835448158,fe=497137
formalLocal:outer=61,slot=2,pass=20,op=O7_MA_LOAD_TRANSFER,accepted=false,recoveryGain=true,qGain=-0.19149734484470118,fe=497138
formalLocal:outer=61,slot=2,pass=20,op=O8_MA_WEAK_TO_STRONG,accepted=false,recoveryGain=true,qGain=-0.4497933926291997,fe=497139
formalLocal:outer=61,slot=2,pass=20,op=O9_MA_SWAP,accepted=false,recoveryGain=true,qGain=-0.24610571613775029,fe=497140
formalLocal:outer=61,slot=2,pass=21,op=O1_JS_INSERT,accepted=false,recoveryGain=true,qGain=-0.12390443265622186,fe=497141
formalLocal:outer=61,slot=2,pass=21,op=O2_JS_REVERSE,accepted=false,recoveryGain=true,qGain=-0.16871473625073852,fe=497142
formalLocal:outer=61,slot=2,pass=21,op=O3_JS_SWAP,accepted=false,recoveryGain=true,qGain=-0.2014041972359241,fe=497143
formalLocal:outer=61,slot=2,pass=21,op=O4_WA_LOAD_TRANSFER,accepted=false,recoveryGain=true,qGain=-0.37947554421159857,fe=497144
formalLocal:outer=61,slot=2,pass=21,op=O5_WA_WEAK_TO_STRONG,accepted=false,recoveryGain=true,qGain=-0.1298699548367027,fe=497145
formalLocal:outer=61,slot=2,pass=21,op=O6_WA_SWAP,accepted=false,recoveryGain=true,qGain=-0.1075538835448158,fe=497146
formalLocal:outer=61,slot=2,pass=21,op=O7_MA_LOAD_TRANSFER,accepted=false,recoveryGain=true,qGain=-0.19149734484470118,fe=497147
formalLocal:outer=61,slot=2,pass=21,op=O8_MA_WEAK_TO_STRONG,accepted=false,recoveryGain=true,qGain=-0.4497933926291997,fe=497148
formalLocal:outer=61,slot=2,pass=21,op=O9_MA_SWAP,accepted=false,recoveryGain=true,qGain=-0.24610571613775029,fe=497149
formalLocal:outer=61,slot=2,pass=22,op=O1_JS_INSERT,accepted=false,recoveryGain=true,qGain=-0.017937598313414894,fe=497150
formalLocal:outer=61,slot=2,pass=22,op=O2_JS_REVERSE,accepted=false,recoveryGain=true,qGain=0.0,fe=497151
formalLocal:outer=61,slot=2,pass=22,op=O3_JS_SWAP,accepted=false,recoveryGain=true,qGain=-0.2118290115525141,fe=497152
formalLocal:outer=61,slot=2,pass=22,op=O4_WA_LOAD_TRANSFER,accepted=false,recoveryGain=true,qGain=-0.37947554421159857,fe=497153
formalLocal:outer=61,slot=2,pass=22,op=O5_WA_WEAK_TO_STRONG,accepted=false,recoveryGain=true,qGain=-0.1298699548367027,fe=497154
formalLocal:outer=61,slot=2,pass=22,op=O6_WA_SWAP,accepted=false,recoveryGain=true,qGain=-0.1075538835448158,fe=497155
formalLocal:outer=61,slot=2,pass=22,op=O7_MA_LOAD_TRANSFER,accepted=false,recoveryGain=true,qGain=-0.19149734484470118,fe=497156
formalLocal:outer=61,slot=2,pass=22,op=O8_MA_WEAK_TO_STRONG,accepted=false,recoveryGain=true,qGain=-0.4497933926291997,fe=497157
formalLocal:outer=61,slot=2,pass=22,op=O9_MA_SWAP,accepted=false,recoveryGain=true,qGain=-0.24610571613775029,fe=497158
formalLocal:outer=61,slot=2,pass=23,op=O1_JS_INSERT,accepted=false,recoveryGain=true,qGain=0.0,fe=497159
formalLocal:outer=61,slot=2,pass=23,op=O2_JS_REVERSE,accepted=false,recoveryGain=true,qGain=-0.22653043898003178,fe=497160
formalLocal:outer=61,slot=2,pass=23,op=O3_JS_SWAP,accepted=false,recoveryGain=true,qGain=-0.19358211055942806,fe=497161
formalLocal:outer=61,slot=2,pass=23,op=O4_WA_LOAD_TRANSFER,accepted=false,recoveryGain=true,qGain=-0.37947554421159857,fe=497162
formalLocal:outer=61,slot=2,pass=23,op=O5_WA_WEAK_TO_STRONG,accepted=false,recoveryGain=true,qGain=-0.1298699548367027,fe=497163
formalLocal:outer=61,slot=2,pass=23,op=O6_WA_SWAP,accepted=false,recoveryGain=true,qGain=-0.1075538835448158,fe=497164
formalLocal:outer=61,slot=2,pass=23,op=O7_MA_LOAD_TRANSFER,accepted=false,recoveryGain=true,qGain=-0.19149734484470118,fe=497165
formalLocal:outer=61,slot=2,pass=23,op=O8_MA_WEAK_TO_STRONG,accepted=false,recoveryGain=true,qGain=-0.4497933926291997,fe=497166
formalLocal:outer=61,slot=2,pass=23,op=O9_MA_SWAP,accepted=false,recoveryGain=true,qGain=-0.24610571613775029,fe=497167
formalLocal:outer=61,slot=2,pass=24,op=O1_JS_INSERT,accepted=true,recoveryGain=true,qGain=0.03840102495385233,fe=497168
formalLocal:outer=61,slot=2,pass=24,op=O2_JS_REVERSE,accepted=false,recoveryGain=true,qGain=-0.40851245924510016,fe=497169
formalLocal:outer=61,slot=2,pass=24,op=O3_JS_SWAP,accepted=false,recoveryGain=true,qGain=-0.1257892980052693,fe=497170
formalLocal:outer=61,slot=2,pass=24,op=O4_WA_LOAD_TRANSFER,accepted=false,recoveryGain=true,qGain=-0.7702819324430588,fe=497171
formalLocal:outer=61,slot=2,pass=24,op=O5_WA_WEAK_TO_STRONG,accepted=false,recoveryGain=true,qGain=-0.06643573309956595,fe=497172
formalLocal:outer=61,slot=2,pass=24,op=O6_WA_SWAP,accepted=false,recoveryGain=true,qGain=-0.03552574252036256,fe=497173
formalLocal:outer=61,slot=2,pass=24,op=O7_MA_LOAD_TRANSFER,accepted=false,recoveryGain=true,qGain=-0.30134106174775366,fe=497174
formalLocal:outer=61,slot=2,pass=24,op=O8_MA_WEAK_TO_STRONG,accepted=false,recoveryGain=true,qGain=-0.18106254924386475,fe=497175
formalLocal:outer=61,slot=2,pass=24,op=O9_MA_SWAP,accepted=false,recoveryGain=true,qGain=-0.24075539284396713,fe=497176
formalLocal:outer=61,slot=2,pass=25,op=O1_JS_INSERT,accepted=false,recoveryGain=true,qGain=-0.21530975842420955,fe=497177
formalLocal:outer=61,slot=2,pass=25,op=O2_JS_REVERSE,accepted=false,recoveryGain=true,qGain=-0.3683011120386274,fe=497178
formalLocal:outer=61,slot=2,pass=25,op=O3_JS_SWAP,accepted=false,recoveryGain=true,qGain=-0.39764797985573136,fe=497179
formalLocal:outer=61,slot=2,pass=25,op=O4_WA_LOAD_TRANSFER,accepted=false,recoveryGain=true,qGain=-0.7702819324430588,fe=497180
formalLocal:outer=61,slot=2,pass=25,op=O5_WA_WEAK_TO_STRONG,accepted=false,recoveryGain=true,qGain=-0.06643573309956595,fe=497181
formalLocal:outer=61,slot=2,pass=25,op=O6_WA_SWAP,accepted=false,recoveryGain=true,qGain=-0.03552574252036256,fe=497182
formalLocal:outer=61,slot=2,pass=25,op=O7_MA_LOAD_TRANSFER,accepted=false,recoveryGain=true,qGain=-0.30134106174775366,fe=497183
formalLocal:outer=61,slot=2,pass=25,op=O8_MA_WEAK_TO_STRONG,accepted=false,recoveryGain=true,qGain=-0.18106254924386475,fe=497184
formalLocal:outer=61,slot=2,pass=25,op=O9_MA_SWAP,accepted=false,recoveryGain=true,qGain=-0.24075539284396713,fe=497185
formalLocal:outer=61,slot=2,pass=26,op=O1_JS_INSERT,accepted=false,recoveryGain=true,qGain=-0.4397597957638307,fe=497186
formalLocal:outer=61,slot=2,pass=26,op=O2_JS_REVERSE,accepted=false,recoveryGain=true,qGain=-0.33579280920636567,fe=497187
formalLocal:outer=61,slot=2,pass=26,op=O3_JS_SWAP,accepted=false,recoveryGain=true,qGain=-0.2852972964883764,fe=497188
formalLocal:outer=61,slot=2,pass=26,op=O4_WA_LOAD_TRANSFER,accepted=false,recoveryGain=true,qGain=-0.7702819324430588,fe=497189
formalLocal:outer=61,slot=2,pass=26,op=O5_WA_WEAK_TO_STRONG,accepted=false,recoveryGain=true,qGain=-0.06643573309956595,fe=497190
formalLocal:outer=61,slot=2,pass=26,op=O6_WA_SWAP,accepted=false,recoveryGain=true,qGain=-0.03552574252036256,fe=497191
formalLocal:outer=61,slot=2,pass=26,op=O7_MA_LOAD_TRANSFER,accepted=false,recoveryGain=true,qGain=-0.30134106174775366,fe=497192
formalLocal:outer=61,slot=2,pass=26,op=O8_MA_WEAK_TO_STRONG,accepted=false,recoveryGain=true,qGain=-0.18106254924386475,fe=497193
formalLocal:outer=61,slot=2,pass=26,op=O9_MA_SWAP,accepted=false,recoveryGain=true,qGain=-0.24075539284396713,fe=497194
formalLocal:outer=61,slot=2,pass=27,op=O1_JS_INSERT,accepted=false,recoveryGain=true,qGain=-0.25687160022191113,fe=497195
formalLocal:outer=61,slot=2,pass=27,op=O2_JS_REVERSE,accepted=false,recoveryGain=true,qGain=-0.17719764274856623,fe=497196
formalLocal:outer=61,slot=2,pass=27,op=O3_JS_SWAP,accepted=false,recoveryGain=true,qGain=0.0,fe=497197
formalLocal:outer=61,slot=2,pass=27,op=O4_WA_LOAD_TRANSFER,accepted=false,recoveryGain=true,qGain=-0.7702819324430588,fe=497198
formalLocal:outer=61,slot=2,pass=27,op=O5_WA_WEAK_TO_STRONG,accepted=false,recoveryGain=true,qGain=-0.06643573309956595,fe=497199
formalLocal:outer=61,slot=2,pass=27,op=O6_WA_SWAP,accepted=false,recoveryGain=true,qGain=-0.03552574252036256,fe=497200
formalLocal:outer=61,slot=2,pass=27,op=O7_MA_LOAD_TRANSFER,accepted=false,recoveryGain=true,qGain=-0.30134106174775366,fe=497201
formalLocal:outer=61,slot=2,pass=27,op=O8_MA_WEAK_TO_STRONG,accepted=false,recoveryGain=true,qGain=-0.18106254924386475,fe=497202
formalLocal:outer=61,slot=2,pass=27,op=O9_MA_SWAP,accepted=false,recoveryGain=true,qGain=-0.24075539284396713,fe=497203
formalLocal:outer=61,slot=2,pass=28,op=O1_JS_INSERT,accepted=false,recoveryGain=true,qGain=-0.20612388650814176,fe=497204
formalLocal:outer=61,slot=2,pass=28,op=O2_JS_REVERSE,accepted=false,recoveryGain=true,qGain=-0.3338341330722858,fe=497205
formalLocal:outer=61,slot=2,pass=28,op=O3_JS_SWAP,accepted=false,recoveryGain=true,qGain=-0.09656841795502055,fe=497206
formalLocal:outer=61,slot=2,pass=28,op=O4_WA_LOAD_TRANSFER,accepted=false,recoveryGain=true,qGain=-0.7702819324430588,fe=497207
formalLocal:outer=61,slot=2,pass=28,op=O5_WA_WEAK_TO_STRONG,accepted=false,recoveryGain=true,qGain=-0.06643573309956595,fe=497208
formalLocal:outer=61,slot=2,pass=28,op=O6_WA_SWAP,accepted=false,recoveryGain=true,qGain=-0.03552574252036256,fe=497209
formalLocal:outer=61,slot=2,pass=28,op=O7_MA_LOAD_TRANSFER,accepted=false,recoveryGain=true,qGain=-0.30134106174775366,fe=497210
formalLocal:outer=61,slot=2,pass=28,op=O8_MA_WEAK_TO_STRONG,accepted=false,recoveryGain=true,qGain=-0.18106254924386475,fe=497211
formalLocal:outer=61,slot=2,pass=28,op=O9_MA_SWAP,accepted=false,recoveryGain=true,qGain=-0.24075539284396713,fe=497212
formalLocal:outer=61,slot=2,pass=29,op=O1_JS_INSERT,accepted=false,recoveryGain=true,qGain=-0.19722582729815433,fe=497213
formalLocal:outer=61,slot=2,pass=29,op=O2_JS_REVERSE,accepted=false,recoveryGain=true,qGain=-0.4400103634210445,fe=497214
formalLocal:outer=61,slot=2,pass=29,op=O3_JS_SWAP,accepted=false,recoveryGain=true,qGain=-0.30319038539241183,fe=497215
formalLocal:outer=61,slot=2,pass=29,op=O4_WA_LOAD_TRANSFER,accepted=false,recoveryGain=true,qGain=-0.7702819324430588,fe=497216
formalLocal:outer=61,slot=2,pass=29,op=O5_WA_WEAK_TO_STRONG,accepted=false,recoveryGain=true,qGain=-0.06643573309956595,fe=497217
formalLocal:outer=61,slot=2,pass=29,op=O6_WA_SWAP,accepted=false,recoveryGain=true,qGain=-0.03552574252036256,fe=497218
formalLocal:outer=61,slot=2,pass=29,op=O7_MA_LOAD_TRANSFER,accepted=false,recoveryGain=true,qGain=-0.30134106174775366,fe=497219
formalLocal:outer=61,slot=2,pass=29,op=O8_MA_WEAK_TO_STRONG,accepted=false,recoveryGain=true,qGain=-0.18106254924386475,fe=497220
formalLocal:outer=61,slot=2,pass=29,op=O9_MA_SWAP,accepted=false,recoveryGain=true,qGain=-0.24075539284396713,fe=497221
formalLocal:outer=61,slot=3,op=CRITICAL_FACTORY_SWAP,accepted=true,fe=497222
formalLocal:outer=61,slot=3,op=CRITICAL_FACTORY_INSERT,accepted=true,fe=497223
formalLocal:outer=61,slot=3,pass=0,op=O1_JS_INSERT,accepted=true,recoveryGain=true,qGain=0.12744006962971666,fe=497224
formalLocal:outer=61,slot=3,pass=0,op=O2_JS_REVERSE,accepted=false,recoveryGain=true,qGain=-0.049504766416582184,fe=497225
formalLocal:outer=61,slot=3,pass=0,op=O3_JS_SWAP,accepted=false,recoveryGain=true,qGain=-0.043625458643689746,fe=497226
formalLocal:outer=61,slot=3,pass=0,op=O4_WA_LOAD_TRANSFER,accepted=false,recoveryGain=true,qGain=-0.09452165965950163,fe=497227
formalLocal:outer=61,slot=3,pass=0,op=O5_WA_WEAK_TO_STRONG,accepted=false,recoveryGain=true,qGain=-0.1008701027713133,fe=497228
formalLocal:outer=61,slot=3,pass=0,op=O6_WA_SWAP,accepted=false,recoveryGain=true,qGain=-0.023813294796853495,fe=497229
formalLocal:outer=61,slot=3,pass=0,op=O7_MA_LOAD_TRANSFER,accepted=true,recoveryGain=true,qGain=5.489231920057569E-5,fe=497230
formalLocal:outer=61,slot=3,pass=0,op=O8_MA_WEAK_TO_STRONG,accepted=false,recoveryGain=true,qGain=-0.10445192124267619,fe=497231
formalLocal:outer=61,slot=3,pass=0,op=O9_MA_SWAP,accepted=false,recoveryGain=true,qGain=-0.06646051003462684,fe=497232
formalLocal:outer=61,slot=3,pass=1,op=O1_JS_INSERT,accepted=false,recoveryGain=true,qGain=-0.06758564204490036,fe=497233
formalLocal:outer=61,slot=3,pass=1,op=O2_JS_REVERSE,accepted=false,recoveryGain=true,qGain=-0.18332511840898144,fe=497234
formalLocal:outer=61,slot=3,pass=1,op=O3_JS_SWAP,accepted=false,recoveryGain=true,qGain=-0.002852337692229262,fe=497235
formalLocal:outer=61,slot=3,pass=1,op=O4_WA_LOAD_TRANSFER,accepted=false,recoveryGain=true,qGain=-0.001739622544360397,fe=497236
formalLocal:outer=61,slot=3,pass=1,op=O5_WA_WEAK_TO_STRONG,accepted=false,recoveryGain=true,qGain=-0.03790306002244944,fe=497237
formalLocal:outer=61,slot=3,pass=1,op=O6_WA_SWAP,accepted=true,recoveryGain=true,qGain=0.019807601772848803,fe=497238
formalLocal:outer=61,slot=3,pass=1,op=O7_MA_LOAD_TRANSFER,accepted=true,recoveryGain=true,qGain=0.03597395161678457,fe=497239
formalLocal:outer=61,slot=3,pass=1,op=O8_MA_WEAK_TO_STRONG,accepted=false,recoveryGain=true,qGain=-0.04834708685186579,fe=497240
formalLocal:outer=61,slot=3,pass=1,op=O9_MA_SWAP,accepted=false,recoveryGain=true,qGain=-0.07777719011685733,fe=497241
formalLocal:outer=61,slot=3,pass=2,op=O1_JS_INSERT,accepted=false,recoveryGain=true,qGain=0.0,fe=497242
formalLocal:outer=61,slot=3,pass=2,op=O2_JS_REVERSE,accepted=false,recoveryGain=true,qGain=-0.29705493957708534,fe=497243
formalLocal:outer=61,slot=3,pass=2,op=O3_JS_SWAP,accepted=false,recoveryGain=true,qGain=-0.02700587498973727,fe=497244
formalLocal:outer=61,slot=3,pass=2,op=O4_WA_LOAD_TRANSFER,accepted=false,recoveryGain=true,qGain=-0.12540521505436183,fe=497245
formalLocal:outer=61,slot=3,pass=2,op=O5_WA_WEAK_TO_STRONG,accepted=false,recoveryGain=true,qGain=-0.02499749015347897,fe=497246
formalLocal:outer=61,slot=3,pass=2,op=O6_WA_SWAP,accepted=false,recoveryGain=true,qGain=-0.11502033515423782,fe=497247
formalLocal:outer=61,slot=3,pass=2,op=O7_MA_LOAD_TRANSFER,accepted=false,recoveryGain=true,qGain=-0.050547071181584115,fe=497248
formalLocal:outer=61,slot=3,pass=2,op=O8_MA_WEAK_TO_STRONG,accepted=false,recoveryGain=true,qGain=-0.04834708685186579,fe=497249
formalLocal:outer=61,slot=3,pass=2,op=O9_MA_SWAP,accepted=false,recoveryGain=true,qGain=-0.07777719011685733,fe=497250
formalLocal:outer=61,slot=3,pass=3,op=O1_JS_INSERT,accepted=false,recoveryGain=true,qGain=-0.04779309181084008,fe=497251
formalLocal:outer=61,slot=3,pass=3,op=O2_JS_REVERSE,accepted=false,recoveryGain=true,qGain=-0.06734893682460986,fe=497252
formalLocal:outer=61,slot=3,pass=3,op=O3_JS_SWAP,accepted=false,recoveryGain=true,qGain=-0.15287714635945682,fe=497253
formalLocal:outer=61,slot=3,pass=3,op=O4_WA_LOAD_TRANSFER,accepted=false,recoveryGain=true,qGain=-0.12540521505436183,fe=497254
formalLocal:outer=61,slot=3,pass=3,op=O5_WA_WEAK_TO_STRONG,accepted=false,recoveryGain=true,qGain=-0.02499749015347897,fe=497255
formalLocal:outer=61,slot=3,pass=3,op=O6_WA_SWAP,accepted=false,recoveryGain=true,qGain=-0.11502033515423782,fe=497256
formalLocal:outer=61,slot=3,pass=3,op=O7_MA_LOAD_TRANSFER,accepted=false,recoveryGain=true,qGain=-0.050547071181584115,fe=497257
formalLocal:outer=61,slot=3,pass=3,op=O8_MA_WEAK_TO_STRONG,accepted=false,recoveryGain=true,qGain=-0.04834708685186579,fe=497258
formalLocal:outer=61,slot=3,pass=3,op=O9_MA_SWAP,accepted=false,recoveryGain=true,qGain=-0.07777719011685733,fe=497259
formalLocal:outer=61,slot=3,pass=4,op=O1_JS_INSERT,accepted=false,recoveryGain=true,qGain=-0.11662940552787097,fe=497260
formalLocal:outer=61,slot=3,pass=4,op=O2_JS_REVERSE,accepted=false,recoveryGain=true,qGain=-0.22531687869838363,fe=497261
formalLocal:outer=61,slot=3,pass=4,op=O3_JS_SWAP,accepted=false,recoveryGain=true,qGain=0.0,fe=497262
formalLocal:outer=61,slot=3,pass=4,op=O4_WA_LOAD_TRANSFER,accepted=false,recoveryGain=true,qGain=-0.12540521505436183,fe=497263
formalLocal:outer=61,slot=3,pass=4,op=O5_WA_WEAK_TO_STRONG,accepted=false,recoveryGain=true,qGain=-0.02499749015347897,fe=497264
formalLocal:outer=61,slot=3,pass=4,op=O6_WA_SWAP,accepted=false,recoveryGain=true,qGain=-0.11502033515423782,fe=497265
formalLocal:outer=61,slot=3,pass=4,op=O7_MA_LOAD_TRANSFER,accepted=false,recoveryGain=true,qGain=-0.050547071181584115,fe=497266
formalLocal:outer=61,slot=3,pass=4,op=O8_MA_WEAK_TO_STRONG,accepted=false,recoveryGain=true,qGain=-0.04834708685186579,fe=497267
formalLocal:outer=61,slot=3,pass=4,op=O9_MA_SWAP,accepted=false,recoveryGain=true,qGain=-0.07777719011685733,fe=497268
formalLocal:outer=61,slot=3,pass=5,op=O1_JS_INSERT,accepted=false,recoveryGain=true,qGain=-0.1644366172618722,fe=497269
formalLocal:outer=61,slot=3,pass=5,op=O2_JS_REVERSE,accepted=false,recoveryGain=true,qGain=-0.17569375712740712,fe=497270
formalLocal:outer=61,slot=3,pass=5,op=O3_JS_SWAP,accepted=false,recoveryGain=true,qGain=-0.04923664147350565,fe=497271
formalLocal:outer=61,slot=3,pass=5,op=O4_WA_LOAD_TRANSFER,accepted=false,recoveryGain=true,qGain=-0.12540521505436183,fe=497272
formalLocal:outer=61,slot=3,pass=5,op=O5_WA_WEAK_TO_STRONG,accepted=false,recoveryGain=true,qGain=-0.02499749015347897,fe=497273
formalLocal:outer=61,slot=3,pass=5,op=O6_WA_SWAP,accepted=false,recoveryGain=true,qGain=-0.11502033515423782,fe=497274
formalLocal:outer=61,slot=3,pass=5,op=O7_MA_LOAD_TRANSFER,accepted=false,recoveryGain=true,qGain=-0.050547071181584115,fe=497275
formalLocal:outer=61,slot=3,pass=5,op=O8_MA_WEAK_TO_STRONG,accepted=false,recoveryGain=true,qGain=-0.04834708685186579,fe=497276
formalLocal:outer=61,slot=3,pass=5,op=O9_MA_SWAP,accepted=false,recoveryGain=true,qGain=-0.07777719011685733,fe=497277
formalLocal:outer=61,slot=3,pass=6,op=O1_JS_INSERT,accepted=false,recoveryGain=true,qGain=-0.07155107806428046,fe=497278
formalLocal:outer=61,slot=3,pass=6,op=O2_JS_REVERSE,accepted=false,recoveryGain=true,qGain=-0.19299795444445964,fe=497279
formalLocal:outer=61,slot=3,pass=6,op=O3_JS_SWAP,accepted=false,recoveryGain=true,qGain=-0.0909073229531757,fe=497280
formalLocal:outer=61,slot=3,pass=6,op=O4_WA_LOAD_TRANSFER,accepted=false,recoveryGain=true,qGain=-0.12540521505436183,fe=497281
formalLocal:outer=61,slot=3,pass=6,op=O5_WA_WEAK_TO_STRONG,accepted=false,recoveryGain=true,qGain=-0.02499749015347897,fe=497282
formalLocal:outer=61,slot=3,pass=6,op=O6_WA_SWAP,accepted=false,recoveryGain=true,qGain=-0.11502033515423782,fe=497283
formalLocal:outer=61,slot=3,pass=6,op=O7_MA_LOAD_TRANSFER,accepted=false,recoveryGain=true,qGain=-0.050547071181584115,fe=497284
formalLocal:outer=61,slot=3,pass=6,op=O8_MA_WEAK_TO_STRONG,accepted=false,recoveryGain=true,qGain=-0.04834708685186579,fe=497285
formalLocal:outer=61,slot=3,pass=6,op=O9_MA_SWAP,accepted=false,recoveryGain=true,qGain=-0.07777719011685733,fe=497286
formalLocal:outer=61,slot=3,pass=7,op=O1_JS_INSERT,accepted=false,recoveryGain=true,qGain=-0.24323097438112468,fe=497287
formalLocal:outer=61,slot=3,pass=7,op=O2_JS_REVERSE,accepted=false,recoveryGain=true,qGain=-0.274771689909475,fe=497288
formalLocal:outer=61,slot=3,pass=7,op=O3_JS_SWAP,accepted=false,recoveryGain=true,qGain=-0.022466583972813925,fe=497289
formalLocal:outer=61,slot=3,pass=7,op=O4_WA_LOAD_TRANSFER,accepted=false,recoveryGain=true,qGain=-0.12540521505436183,fe=497290
formalLocal:outer=61,slot=3,pass=7,op=O5_WA_WEAK_TO_STRONG,accepted=false,recoveryGain=true,qGain=-0.02499749015347897,fe=497291
formalLocal:outer=61,slot=3,pass=7,op=O6_WA_SWAP,accepted=false,recoveryGain=true,qGain=-0.11502033515423782,fe=497292
formalLocal:outer=61,slot=3,pass=7,op=O7_MA_LOAD_TRANSFER,accepted=false,recoveryGain=true,qGain=-0.050547071181584115,fe=497293
formalLocal:outer=61,slot=3,pass=7,op=O8_MA_WEAK_TO_STRONG,accepted=false,recoveryGain=true,qGain=-0.04834708685186579,fe=497294
formalLocal:outer=61,slot=3,pass=7,op=O9_MA_SWAP,accepted=false,recoveryGain=true,qGain=-0.07777719011685733,fe=497295
formalLocal:outer=61,slot=3,pass=8,op=O1_JS_INSERT,accepted=false,recoveryGain=true,qGain=-0.06076168926163483,fe=497296
formalLocal:outer=61,slot=3,pass=8,op=O2_JS_REVERSE,accepted=false,recoveryGain=true,qGain=-0.05391452986524187,fe=497297
formalLocal:outer=61,slot=3,pass=8,op=O3_JS_SWAP,accepted=false,recoveryGain=true,qGain=-0.09011741899463122,fe=497298
formalLocal:outer=61,slot=3,pass=8,op=O4_WA_LOAD_TRANSFER,accepted=false,recoveryGain=true,qGain=-0.12540521505436183,fe=497299
formalLocal:outer=61,slot=3,pass=8,op=O5_WA_WEAK_TO_STRONG,accepted=false,recoveryGain=true,qGain=-0.02499749015347897,fe=497300
formalLocal:outer=61,slot=3,pass=8,op=O6_WA_SWAP,accepted=false,recoveryGain=true,qGain=-0.11502033515423782,fe=497301
formalLocal:outer=61,slot=3,pass=8,op=O7_MA_LOAD_TRANSFER,accepted=false,recoveryGain=true,qGain=-0.050547071181584115,fe=497302
formalLocal:outer=61,slot=3,pass=8,op=O8_MA_WEAK_TO_STRONG,accepted=false,recoveryGain=true,qGain=-0.04834708685186579,fe=497303
formalLocal:outer=61,slot=3,pass=8,op=O9_MA_SWAP,accepted=false,recoveryGain=true,qGain=-0.07777719011685733,fe=497304
formalLocal:outer=61,slot=3,pass=9,op=O1_JS_INSERT,accepted=false,recoveryGain=true,qGain=0.0,fe=497305
formalLocal:outer=61,slot=3,pass=9,op=O2_JS_REVERSE,accepted=false,recoveryGain=true,qGain=-0.2495330516483648,fe=497306
formalLocal:outer=61,slot=3,pass=9,op=O3_JS_SWAP,accepted=false,recoveryGain=true,qGain=-0.057406803409369433,fe=497307
formalLocal:outer=61,slot=3,pass=9,op=O4_WA_LOAD_TRANSFER,accepted=false,recoveryGain=true,qGain=-0.12540521505436183,fe=497308
formalLocal:outer=61,slot=3,pass=9,op=O5_WA_WEAK_TO_STRONG,accepted=false,recoveryGain=true,qGain=-0.02499749015347897,fe=497309
formalLocal:outer=61,slot=3,pass=9,op=O6_WA_SWAP,accepted=false,recoveryGain=true,qGain=-0.11502033515423782,fe=497310
formalLocal:outer=61,slot=3,pass=9,op=O7_MA_LOAD_TRANSFER,accepted=false,recoveryGain=true,qGain=-0.050547071181584115,fe=497311
formalLocal:outer=61,slot=3,pass=9,op=O8_MA_WEAK_TO_STRONG,accepted=false,recoveryGain=true,qGain=-0.04834708685186579,fe=497312
formalLocal:outer=61,slot=3,pass=9,op=O9_MA_SWAP,accepted=false,recoveryGain=true,qGain=-0.07777719011685733,fe=497313
formalLocal:outer=61,slot=3,pass=10,op=O1_JS_INSERT,accepted=false,recoveryGain=true,qGain=-0.09455723458298752,fe=497314
formalLocal:outer=61,slot=3,pass=10,op=O2_JS_REVERSE,accepted=false,recoveryGain=true,qGain=-0.1319402797129013,fe=497315
formalLocal:outer=61,slot=3,pass=10,op=O3_JS_SWAP,accepted=true,recoveryGain=true,qGain=0.007302824943764745,fe=497316
formalLocal:outer=61,slot=3,pass=10,op=O4_WA_LOAD_TRANSFER,accepted=true,recoveryGain=true,qGain=0.01955142210844301,fe=497317
formalLocal:outer=61,slot=3,pass=10,op=O5_WA_WEAK_TO_STRONG,accepted=false,recoveryGain=true,qGain=-0.12853513984770162,fe=497318
formalLocal:outer=61,slot=3,pass=10,op=O6_WA_SWAP,accepted=false,recoveryGain=true,qGain=-0.08732229754028457,fe=497319
formalLocal:outer=61,slot=3,pass=10,op=O7_MA_LOAD_TRANSFER,accepted=false,recoveryGain=true,qGain=-0.10046812641882759,fe=497320
formalLocal:outer=61,slot=3,pass=10,op=O8_MA_WEAK_TO_STRONG,accepted=false,recoveryGain=true,qGain=-0.1733053032616167,fe=497321
formalLocal:outer=61,slot=3,pass=10,op=O9_MA_SWAP,accepted=false,recoveryGain=true,qGain=-0.046082250049068525,fe=497322
formalLocal:outer=61,slot=3,pass=11,op=O1_JS_INSERT,accepted=false,recoveryGain=true,qGain=-0.11288011709006542,fe=497323
formalLocal:outer=61,slot=3,pass=11,op=O2_JS_REVERSE,accepted=false,recoveryGain=true,qGain=-0.17872357947908302,fe=497324
formalLocal:outer=61,slot=3,pass=11,op=O3_JS_SWAP,accepted=true,recoveryGain=true,qGain=0.00969237606345909,fe=497325
formalLocal:outer=61,slot=3,pass=11,op=O4_WA_LOAD_TRANSFER,accepted=false,recoveryGain=true,qGain=-0.02995660491085815,fe=497326
formalLocal:outer=61,slot=3,pass=11,op=O5_WA_WEAK_TO_STRONG,accepted=false,recoveryGain=true,qGain=-0.11396970613555146,fe=497327
formalLocal:outer=61,slot=3,pass=11,op=O6_WA_SWAP,accepted=false,recoveryGain=true,qGain=-0.12033231946119503,fe=497328
formalLocal:outer=61,slot=3,pass=11,op=O7_MA_LOAD_TRANSFER,accepted=false,recoveryGain=true,qGain=-0.05544790583111579,fe=497329
formalLocal:outer=61,slot=3,pass=11,op=O8_MA_WEAK_TO_STRONG,accepted=true,recoveryGain=true,qGain=0.019968141533703687,fe=497330
formalLocal:outer=61,slot=3,pass=11,op=O9_MA_SWAP,accepted=false,recoveryGain=true,qGain=-0.08740469054502945,fe=497331
formalLocal:outer=61,slot=3,pass=12,op=O1_JS_INSERT,accepted=false,recoveryGain=true,qGain=-0.10374404517754776,fe=497332
formalLocal:outer=61,slot=3,pass=12,op=O2_JS_REVERSE,accepted=false,recoveryGain=true,qGain=-0.13245660009206198,fe=497333
formalLocal:outer=61,slot=3,pass=12,op=O3_JS_SWAP,accepted=false,recoveryGain=true,qGain=-0.01383895373416198,fe=497334
formalLocal:outer=61,slot=3,pass=12,op=O4_WA_LOAD_TRANSFER,accepted=false,recoveryGain=true,qGain=-0.1521433106365095,fe=497335
formalLocal:outer=61,slot=3,pass=12,op=O5_WA_WEAK_TO_STRONG,accepted=false,recoveryGain=true,qGain=-0.08162431320196908,fe=497336
formalLocal:outer=61,slot=3,pass=12,op=O6_WA_SWAP,accepted=false,recoveryGain=true,qGain=-0.18114432944142483,fe=497337
formalLocal:outer=61,slot=3,pass=12,op=O7_MA_LOAD_TRANSFER,accepted=false,recoveryGain=true,qGain=-0.08390311239385718,fe=497338
formalLocal:outer=61,slot=3,pass=12,op=O8_MA_WEAK_TO_STRONG,accepted=false,recoveryGain=true,qGain=-0.01620143725393752,fe=497339
formalLocal:outer=61,slot=3,pass=12,op=O9_MA_SWAP,accepted=false,recoveryGain=true,qGain=-0.08740469054502945,fe=497340
formalLocal:outer=61,slot=3,pass=13,op=O1_JS_INSERT,accepted=false,recoveryGain=true,qGain=-0.08398614170210643,fe=497341
formalLocal:outer=61,slot=3,pass=13,op=O2_JS_REVERSE,accepted=false,recoveryGain=true,qGain=-0.37532350305512213,fe=497342
formalLocal:outer=61,slot=3,pass=13,op=O3_JS_SWAP,accepted=false,recoveryGain=true,qGain=-0.029330345345586664,fe=497343
formalLocal:outer=61,slot=3,pass=13,op=O4_WA_LOAD_TRANSFER,accepted=false,recoveryGain=true,qGain=-0.1521433106365095,fe=497344
formalLocal:outer=61,slot=3,pass=13,op=O5_WA_WEAK_TO_STRONG,accepted=false,recoveryGain=true,qGain=-0.08162431320196908,fe=497345
formalLocal:outer=61,slot=3,pass=13,op=O6_WA_SWAP,accepted=false,recoveryGain=true,qGain=-0.18114432944142483,fe=497346
formalLocal:outer=61,slot=3,pass=13,op=O7_MA_LOAD_TRANSFER,accepted=false,recoveryGain=true,qGain=-0.08390311239385718,fe=497347
formalLocal:outer=61,slot=3,pass=13,op=O8_MA_WEAK_TO_STRONG,accepted=false,recoveryGain=true,qGain=-0.01620143725393752,fe=497348
formalLocal:outer=61,slot=3,pass=13,op=O9_MA_SWAP,accepted=false,recoveryGain=true,qGain=-0.08740469054502945,fe=497349
formalLocal:outer=61,slot=3,pass=14,op=O1_JS_INSERT,accepted=false,recoveryGain=true,qGain=0.0,fe=497350
formalLocal:outer=61,slot=3,pass=14,op=O2_JS_REVERSE,accepted=false,recoveryGain=true,qGain=-0.10110212669591011,fe=497351
formalLocal:outer=61,slot=3,pass=14,op=O3_JS_SWAP,accepted=false,recoveryGain=true,qGain=-0.050593132972853984,fe=497352
formalLocal:outer=61,slot=3,pass=14,op=O4_WA_LOAD_TRANSFER,accepted=false,recoveryGain=true,qGain=-0.1521433106365095,fe=497353
formalLocal:outer=61,slot=3,pass=14,op=O5_WA_WEAK_TO_STRONG,accepted=false,recoveryGain=true,qGain=-0.08162431320196908,fe=497354
formalLocal:outer=61,slot=3,pass=14,op=O6_WA_SWAP,accepted=false,recoveryGain=true,qGain=-0.18114432944142483,fe=497355
formalLocal:outer=61,slot=3,pass=14,op=O7_MA_LOAD_TRANSFER,accepted=false,recoveryGain=true,qGain=-0.08390311239385718,fe=497356
formalLocal:outer=61,slot=3,pass=14,op=O8_MA_WEAK_TO_STRONG,accepted=false,recoveryGain=true,qGain=-0.01620143725393752,fe=497357
formalLocal:outer=61,slot=3,pass=14,op=O9_MA_SWAP,accepted=false,recoveryGain=true,qGain=-0.08740469054502945,fe=497358
formalLocal:outer=61,slot=3,pass=15,op=O1_JS_INSERT,accepted=false,recoveryGain=true,qGain=-0.040695360521875126,fe=497359
formalLocal:outer=61,slot=3,pass=15,op=O2_JS_REVERSE,accepted=false,recoveryGain=true,qGain=-0.4818104238773187,fe=497360
formalLocal:outer=61,slot=3,pass=15,op=O3_JS_SWAP,accepted=true,recoveryGain=true,qGain=0.04671823284098607,fe=497361
formalLocal:outer=61,slot=3,pass=15,op=O4_WA_LOAD_TRANSFER,accepted=false,recoveryGain=true,qGain=-0.23094268097715895,fe=497362
formalLocal:outer=61,slot=3,pass=15,op=O5_WA_WEAK_TO_STRONG,accepted=false,recoveryGain=true,qGain=-0.14512358423027327,fe=497363
formalLocal:outer=61,slot=3,pass=15,op=O6_WA_SWAP,accepted=false,recoveryGain=true,qGain=-0.1888474123853917,fe=497364
formalLocal:outer=61,slot=3,pass=15,op=O7_MA_LOAD_TRANSFER,accepted=false,recoveryGain=true,qGain=-0.1181064289687393,fe=497365
formalLocal:outer=61,slot=3,pass=15,op=O8_MA_WEAK_TO_STRONG,accepted=false,recoveryGain=true,qGain=-0.2793101288835002,fe=497366
formalLocal:outer=61,slot=3,pass=15,op=O9_MA_SWAP,accepted=false,recoveryGain=true,qGain=-0.07462536755934146,fe=497367
formalLocal:outer=61,slot=3,pass=16,op=O1_JS_INSERT,accepted=false,recoveryGain=true,qGain=-0.3903747219517081,fe=497368
formalLocal:outer=61,slot=3,pass=16,op=O2_JS_REVERSE,accepted=false,recoveryGain=true,qGain=-0.01459563744996546,fe=497369
formalLocal:outer=61,slot=3,pass=16,op=O3_JS_SWAP,accepted=false,recoveryGain=true,qGain=-0.7980736557347252,fe=497370
formalLocal:outer=61,slot=3,pass=16,op=O4_WA_LOAD_TRANSFER,accepted=false,recoveryGain=true,qGain=-0.23094268097715895,fe=497371
formalLocal:outer=61,slot=3,pass=16,op=O5_WA_WEAK_TO_STRONG,accepted=false,recoveryGain=true,qGain=-0.14512358423027327,fe=497372
formalLocal:outer=61,slot=3,pass=16,op=O6_WA_SWAP,accepted=false,recoveryGain=true,qGain=-0.1888474123853917,fe=497373
formalLocal:outer=61,slot=3,pass=16,op=O7_MA_LOAD_TRANSFER,accepted=false,recoveryGain=true,qGain=-0.1181064289687393,fe=497374
formalLocal:outer=61,slot=3,pass=16,op=O8_MA_WEAK_TO_STRONG,accepted=false,recoveryGain=true,qGain=-0.2793101288835002,fe=497375
formalLocal:outer=61,slot=3,pass=16,op=O9_MA_SWAP,accepted=false,recoveryGain=true,qGain=-0.07462536755934146,fe=497376
formalLocal:outer=61,slot=3,pass=17,op=O1_JS_INSERT,accepted=false,recoveryGain=true,qGain=-0.12997543533631611,fe=497377
formalLocal:outer=61,slot=3,pass=17,op=O2_JS_REVERSE,accepted=false,recoveryGain=true,qGain=-0.7491883782633028,fe=497378
formalLocal:outer=61,slot=3,pass=17,op=O3_JS_SWAP,accepted=false,recoveryGain=true,qGain=-0.16050504033275861,fe=497379
formalLocal:outer=61,slot=3,pass=17,op=O4_WA_LOAD_TRANSFER,accepted=false,recoveryGain=true,qGain=-0.23094268097715895,fe=497380
formalLocal:outer=61,slot=3,pass=17,op=O5_WA_WEAK_TO_STRONG,accepted=false,recoveryGain=true,qGain=-0.14512358423027327,fe=497381
formalLocal:outer=61,slot=3,pass=17,op=O6_WA_SWAP,accepted=false,recoveryGain=true,qGain=-0.1888474123853917,fe=497382
formalLocal:outer=61,slot=3,pass=17,op=O7_MA_LOAD_TRANSFER,accepted=false,recoveryGain=true,qGain=-0.1181064289687393,fe=497383
formalLocal:outer=61,slot=3,pass=17,op=O8_MA_WEAK_TO_STRONG,accepted=false,recoveryGain=true,qGain=-0.2793101288835002,fe=497384
formalLocal:outer=61,slot=3,pass=17,op=O9_MA_SWAP,accepted=false,recoveryGain=true,qGain=-0.07462536755934146,fe=497385
formalLocal:outer=61,slot=3,pass=18,op=O1_JS_INSERT,accepted=true,recoveryGain=true,qGain=2.9963741415087354E-4,fe=497386
formalLocal:outer=61,slot=3,pass=18,op=O2_JS_REVERSE,accepted=false,recoveryGain=true,qGain=-0.4468995724918513,fe=497387
formalLocal:outer=61,slot=3,pass=18,op=O3_JS_SWAP,accepted=false,recoveryGain=true,qGain=-0.41768506795994115,fe=497388
formalLocal:outer=61,slot=3,pass=18,op=O4_WA_LOAD_TRANSFER,accepted=false,recoveryGain=true,qGain=-0.21080892981953692,fe=497389
formalLocal:outer=61,slot=3,pass=18,op=O5_WA_WEAK_TO_STRONG,accepted=false,recoveryGain=true,qGain=-0.2588892723254998,fe=497390
formalLocal:outer=61,slot=3,pass=18,op=O6_WA_SWAP,accepted=false,recoveryGain=true,qGain=-0.15795640380995402,fe=497391
formalLocal:outer=61,slot=3,pass=18,op=O7_MA_LOAD_TRANSFER,accepted=false,recoveryGain=true,qGain=-0.08191998311049807,fe=497392
formalLocal:outer=61,slot=3,pass=18,op=O8_MA_WEAK_TO_STRONG,accepted=false,recoveryGain=true,qGain=-0.3678480927227818,fe=497393
formalLocal:outer=61,slot=3,pass=18,op=O9_MA_SWAP,accepted=false,recoveryGain=true,qGain=-0.08182220990428897,fe=497394
formalLocal:outer=61,slot=3,pass=19,op=O1_JS_INSERT,accepted=false,recoveryGain=true,qGain=-0.4311502186863787,fe=497395
formalLocal:outer=61,slot=3,pass=19,op=O2_JS_REVERSE,accepted=false,recoveryGain=true,qGain=-0.6196987967692319,fe=497396
formalLocal:outer=61,slot=3,pass=19,op=O3_JS_SWAP,accepted=false,recoveryGain=true,qGain=-0.3319763455015374,fe=497397
formalLocal:outer=61,slot=3,pass=19,op=O4_WA_LOAD_TRANSFER,accepted=false,recoveryGain=true,qGain=-0.21080892981953692,fe=497398
formalLocal:outer=61,slot=3,pass=19,op=O5_WA_WEAK_TO_STRONG,accepted=false,recoveryGain=true,qGain=-0.2588892723254998,fe=497399
formalLocal:outer=61,slot=3,pass=19,op=O6_WA_SWAP,accepted=false,recoveryGain=true,qGain=-0.15795640380995402,fe=497400
formalLocal:outer=61,slot=3,pass=19,op=O7_MA_LOAD_TRANSFER,accepted=false,recoveryGain=true,qGain=-0.08191998311049807,fe=497401
formalLocal:outer=61,slot=3,pass=19,op=O8_MA_WEAK_TO_STRONG,accepted=false,recoveryGain=true,qGain=-0.3678480927227818,fe=497402
formalLocal:outer=61,slot=3,pass=19,op=O9_MA_SWAP,accepted=false,recoveryGain=true,qGain=-0.08182220990428897,fe=497403
formalLocal:outer=61,slot=3,pass=20,op=O1_JS_INSERT,accepted=false,recoveryGain=true,qGain=-0.3421694583974498,fe=497404
formalLocal:outer=61,slot=3,pass=20,op=O2_JS_REVERSE,accepted=false,recoveryGain=true,qGain=-0.3940649766611661,fe=497405
formalLocal:outer=61,slot=3,pass=20,op=O3_JS_SWAP,accepted=false,recoveryGain=true,qGain=-0.031401011956911216,fe=497406
formalLocal:outer=61,slot=3,pass=20,op=O4_WA_LOAD_TRANSFER,accepted=false,recoveryGain=true,qGain=-0.21080892981953692,fe=497407
formalLocal:outer=61,slot=3,pass=20,op=O5_WA_WEAK_TO_STRONG,accepted=false,recoveryGain=true,qGain=-0.2588892723254998,fe=497408
formalLocal:outer=61,slot=3,pass=20,op=O6_WA_SWAP,accepted=false,recoveryGain=true,qGain=-0.15795640380995402,fe=497409
formalLocal:outer=61,slot=3,pass=20,op=O7_MA_LOAD_TRANSFER,accepted=false,recoveryGain=true,qGain=-0.08191998311049807,fe=497410
formalLocal:outer=61,slot=3,pass=20,op=O8_MA_WEAK_TO_STRONG,accepted=false,recoveryGain=true,qGain=-0.3678480927227818,fe=497411
formalLocal:outer=61,slot=3,pass=20,op=O9_MA_SWAP,accepted=false,recoveryGain=true,qGain=-0.08182220990428897,fe=497412
formalLocal:outer=61,slot=3,pass=21,op=O1_JS_INSERT,accepted=false,recoveryGain=true,qGain=-0.10521883508578098,fe=497413
formalLocal:outer=61,slot=3,pass=21,op=O2_JS_REVERSE,accepted=false,recoveryGain=true,qGain=-0.42932719527926927,fe=497414
formalLocal:outer=61,slot=3,pass=21,op=O3_JS_SWAP,accepted=false,recoveryGain=true,qGain=-0.23079157008489115,fe=497415
formalLocal:outer=61,slot=3,pass=21,op=O4_WA_LOAD_TRANSFER,accepted=false,recoveryGain=true,qGain=-0.21080892981953692,fe=497416
formalLocal:outer=61,slot=3,pass=21,op=O5_WA_WEAK_TO_STRONG,accepted=false,recoveryGain=true,qGain=-0.2588892723254998,fe=497417
formalLocal:outer=61,slot=3,pass=21,op=O6_WA_SWAP,accepted=false,recoveryGain=true,qGain=-0.15795640380995402,fe=497418
formalLocal:outer=61,slot=3,pass=21,op=O7_MA_LOAD_TRANSFER,accepted=false,recoveryGain=true,qGain=-0.08191998311049807,fe=497419
formalLocal:outer=61,slot=3,pass=21,op=O8_MA_WEAK_TO_STRONG,accepted=false,recoveryGain=true,qGain=-0.3678480927227818,fe=497420
formalLocal:outer=61,slot=3,pass=21,op=O9_MA_SWAP,accepted=false,recoveryGain=true,qGain=-0.08182220990428897,fe=497421
formalLocal:outer=61,slot=3,pass=22,op=O1_JS_INSERT,accepted=false,recoveryGain=true,qGain=-0.5373089083303667,fe=497422
formalLocal:outer=61,slot=3,pass=22,op=O2_JS_REVERSE,accepted=false,recoveryGain=true,qGain=-0.36527593695266314,fe=497423
formalLocal:outer=61,slot=3,pass=22,op=O3_JS_SWAP,accepted=false,recoveryGain=true,qGain=-0.2155308349651323,fe=497424
formalLocal:outer=61,slot=3,pass=22,op=O4_WA_LOAD_TRANSFER,accepted=false,recoveryGain=true,qGain=-0.21080892981953692,fe=497425
formalLocal:outer=61,slot=3,pass=22,op=O5_WA_WEAK_TO_STRONG,accepted=false,recoveryGain=true,qGain=-0.2588892723254998,fe=497426
formalLocal:outer=61,slot=3,pass=22,op=O6_WA_SWAP,accepted=false,recoveryGain=true,qGain=-0.15795640380995402,fe=497427
formalLocal:outer=61,slot=3,pass=22,op=O7_MA_LOAD_TRANSFER,accepted=false,recoveryGain=true,qGain=-0.08191998311049807,fe=497428
formalLocal:outer=61,slot=3,pass=22,op=O8_MA_WEAK_TO_STRONG,accepted=false,recoveryGain=true,qGain=-0.3678480927227818,fe=497429
formalLocal:outer=61,slot=3,pass=22,op=O9_MA_SWAP,accepted=false,recoveryGain=true,qGain=-0.08182220990428897,fe=497430
formalLocal:outer=61,slot=3,pass=23,op=O1_JS_INSERT,accepted=false,recoveryGain=true,qGain=-0.1989031077544905,fe=497431
formalLocal:outer=61,slot=3,pass=23,op=O2_JS_REVERSE,accepted=false,recoveryGain=true,qGain=-0.6672820466894805,fe=497432
formalLocal:outer=61,slot=3,pass=23,op=O3_JS_SWAP,accepted=false,recoveryGain=true,qGain=-1.0,fe=497433
formalLocal:outer=61,slot=3,pass=23,op=O4_WA_LOAD_TRANSFER,accepted=false,recoveryGain=true,qGain=-0.21080892981953692,fe=497434
formalLocal:outer=61,slot=3,pass=23,op=O5_WA_WEAK_TO_STRONG,accepted=false,recoveryGain=true,qGain=-0.2588892723254998,fe=497435
formalLocal:outer=61,slot=3,pass=23,op=O6_WA_SWAP,accepted=false,recoveryGain=true,qGain=-0.15795640380995402,fe=497436
formalLocal:outer=61,slot=3,pass=23,op=O7_MA_LOAD_TRANSFER,accepted=false,recoveryGain=true,qGain=-0.08191998311049807,fe=497437
formalLocal:outer=61,slot=3,pass=23,op=O8_MA_WEAK_TO_STRONG,accepted=false,recoveryGain=true,qGain=-0.3678480927227818,fe=497438
formalLocal:outer=61,slot=3,pass=23,op=O9_MA_SWAP,accepted=false,recoveryGain=true,qGain=-0.08182220990428897,fe=497439
formalLocal:outer=61,slot=3,pass=24,op=O1_JS_INSERT,accepted=false,recoveryGain=true,qGain=-0.6944936439536014,fe=497440
formalLocal:outer=61,slot=3,pass=24,op=O2_JS_REVERSE,accepted=false,recoveryGain=true,qGain=-0.22832555467587012,fe=497441
formalLocal:outer=61,slot=3,pass=24,op=O3_JS_SWAP,accepted=false,recoveryGain=true,qGain=-0.8945084437270916,fe=497442
formalLocal:outer=61,slot=3,pass=24,op=O4_WA_LOAD_TRANSFER,accepted=false,recoveryGain=true,qGain=-0.21080892981953692,fe=497443
formalLocal:outer=61,slot=3,pass=24,op=O5_WA_WEAK_TO_STRONG,accepted=false,recoveryGain=true,qGain=-0.2588892723254998,fe=497444
formalLocal:outer=61,slot=3,pass=24,op=O6_WA_SWAP,accepted=false,recoveryGain=true,qGain=-0.15795640380995402,fe=497445
formalLocal:outer=61,slot=3,pass=24,op=O7_MA_LOAD_TRANSFER,accepted=false,recoveryGain=true,qGain=-0.08191998311049807,fe=497446
formalLocal:outer=61,slot=3,pass=24,op=O8_MA_WEAK_TO_STRONG,accepted=false,recoveryGain=true,qGain=-0.3678480927227818,fe=497447
formalLocal:outer=61,slot=3,pass=24,op=O9_MA_SWAP,accepted=false,recoveryGain=true,qGain=-0.08182220990428897,fe=497448
formalLocal:outer=61,slot=3,pass=25,op=O1_JS_INSERT,accepted=false,recoveryGain=true,qGain=-0.5531105111165521,fe=497449
formalLocal:outer=61,slot=3,pass=25,op=O2_JS_REVERSE,accepted=false,recoveryGain=true,qGain=0.0,fe=497450
formalLocal:outer=61,slot=3,pass=25,op=O3_JS_SWAP,accepted=false,recoveryGain=true,qGain=-0.3517534113724357,fe=497451
formalLocal:outer=61,slot=3,pass=25,op=O4_WA_LOAD_TRANSFER,accepted=false,recoveryGain=true,qGain=-0.21080892981953692,fe=497452
formalLocal:outer=61,slot=3,pass=25,op=O5_WA_WEAK_TO_STRONG,accepted=false,recoveryGain=true,qGain=-0.2588892723254998,fe=497453
formalLocal:outer=61,slot=3,pass=25,op=O6_WA_SWAP,accepted=false,recoveryGain=true,qGain=-0.15795640380995402,fe=497454
formalLocal:outer=61,slot=3,pass=25,op=O7_MA_LOAD_TRANSFER,accepted=false,recoveryGain=true,qGain=-0.08191998311049807,fe=497455
formalLocal:outer=61,slot=3,pass=25,op=O8_MA_WEAK_TO_STRONG,accepted=false,recoveryGain=true,qGain=-0.3678480927227818,fe=497456
formalLocal:outer=61,slot=3,pass=25,op=O9_MA_SWAP,accepted=false,recoveryGain=true,qGain=-0.08182220990428897,fe=497457
formalLocal:outer=61,slot=3,pass=26,op=O1_JS_INSERT,accepted=false,recoveryGain=true,qGain=-0.29056820335418804,fe=497458
formalLocal:outer=61,slot=3,pass=26,op=O2_JS_REVERSE,accepted=false,recoveryGain=true,qGain=-0.35982583350362923,fe=497459
formalLocal:outer=61,slot=3,pass=26,op=O3_JS_SWAP,accepted=false,recoveryGain=true,qGain=-0.12648871317183116,fe=497460
formalLocal:outer=61,slot=3,pass=26,op=O4_WA_LOAD_TRANSFER,accepted=false,recoveryGain=true,qGain=-0.21080892981953692,fe=497461
formalLocal:outer=61,slot=3,pass=26,op=O5_WA_WEAK_TO_STRONG,accepted=false,recoveryGain=true,qGain=-0.2588892723254998,fe=497462
formalLocal:outer=61,slot=3,pass=26,op=O6_WA_SWAP,accepted=false,recoveryGain=true,qGain=-0.15795640380995402,fe=497463
formalLocal:outer=61,slot=3,pass=26,op=O7_MA_LOAD_TRANSFER,accepted=false,recoveryGain=true,qGain=-0.08191998311049807,fe=497464
formalLocal:outer=61,slot=3,pass=26,op=O8_MA_WEAK_TO_STRONG,accepted=false,recoveryGain=true,qGain=-0.3678480927227818,fe=497465
formalLocal:outer=61,slot=3,pass=26,op=O9_MA_SWAP,accepted=false,recoveryGain=true,qGain=-0.08182220990428897,fe=497466
formalLocal:outer=61,slot=3,pass=27,op=O1_JS_INSERT,accepted=false,recoveryGain=true,qGain=0.0,fe=497467
formalLocal:outer=61,slot=3,pass=27,op=O2_JS_REVERSE,accepted=false,recoveryGain=true,qGain=-0.15727682660792505,fe=497468
formalLocal:outer=61,slot=3,pass=27,op=O3_JS_SWAP,accepted=false,recoveryGain=true,qGain=-0.4116618343158672,fe=497469
formalLocal:outer=61,slot=3,pass=27,op=O4_WA_LOAD_TRANSFER,accepted=false,recoveryGain=true,qGain=-0.21080892981953692,fe=497470
formalLocal:outer=61,slot=3,pass=27,op=O5_WA_WEAK_TO_STRONG,accepted=false,recoveryGain=true,qGain=-0.2588892723254998,fe=497471
formalLocal:outer=61,slot=3,pass=27,op=O6_WA_SWAP,accepted=false,recoveryGain=true,qGain=-0.15795640380995402,fe=497472
formalLocal:outer=61,slot=3,pass=27,op=O7_MA_LOAD_TRANSFER,accepted=false,recoveryGain=true,qGain=-0.08191998311049807,fe=497473
formalLocal:outer=61,slot=3,pass=27,op=O8_MA_WEAK_TO_STRONG,accepted=false,recoveryGain=true,qGain=-0.3678480927227818,fe=497474
formalLocal:outer=61,slot=3,pass=27,op=O9_MA_SWAP,accepted=false,recoveryGain=true,qGain=-0.08182220990428897,fe=497475
formalLocal:outer=61,slot=3,pass=28,op=O1_JS_INSERT,accepted=false,recoveryGain=true,qGain=0.0,fe=497476
formalLocal:outer=61,slot=3,pass=28,op=O2_JS_REVERSE,accepted=true,recoveryGain=true,qGain=0.012929049271625201,fe=497477
formalLocal:outer=61,slot=3,pass=28,op=O3_JS_SWAP,accepted=false,recoveryGain=true,qGain=-0.3911258528495853,fe=497478
formalLocal:outer=61,slot=3,pass=28,op=O4_WA_LOAD_TRANSFER,accepted=true,recoveryGain=true,qGain=0.018399094287476492,fe=497479
formalLocal:outer=61,slot=3,pass=28,op=O5_WA_WEAK_TO_STRONG,accepted=true,recoveryGain=true,qGain=0.002683892339316268,fe=497480
formalLocal:outer=61,slot=3,pass=28,op=O6_WA_SWAP,accepted=true,recoveryGain=true,qGain=2.0925271987434515E-5,fe=497481
formalLocal:outer=61,slot=3,pass=28,op=O7_MA_LOAD_TRANSFER,accepted=false,recoveryGain=true,qGain=-0.24710089630377277,fe=497482
formalLocal:outer=61,slot=3,pass=28,op=O8_MA_WEAK_TO_STRONG,accepted=false,recoveryGain=true,qGain=-0.29496790609975554,fe=497483
formalLocal:outer=61,slot=3,pass=28,op=O9_MA_SWAP,accepted=true,recoveryGain=true,qGain=0.016681418182198333,fe=497484
formalLocal:outer=61,slot=3,pass=29,op=O1_JS_INSERT,accepted=true,recoveryGain=true,qGain=0.016249525946049056,fe=497485
formalLocal:outer=61,slot=3,pass=29,op=O2_JS_REVERSE,accepted=false,recoveryGain=true,qGain=-0.20531170447471794,fe=497486
formalLocal:outer=61,slot=3,pass=29,op=O3_JS_SWAP,accepted=false,recoveryGain=true,qGain=-0.9876941249237905,fe=497487
formalLocal:outer=61,slot=3,pass=29,op=O4_WA_LOAD_TRANSFER,accepted=false,recoveryGain=true,qGain=-0.6321755829038689,fe=497488
formalLocal:outer=61,slot=3,pass=29,op=O5_WA_WEAK_TO_STRONG,accepted=false,recoveryGain=true,qGain=-0.38886545564141484,fe=497489
formalLocal:outer=61,slot=3,pass=29,op=O6_WA_SWAP,accepted=false,recoveryGain=true,qGain=-0.33629280029609343,fe=497490
formalLocal:outer=61,slot=3,pass=29,op=O7_MA_LOAD_TRANSFER,accepted=false,recoveryGain=true,qGain=-0.40777868893372643,fe=497491
formalLocal:outer=61,slot=3,pass=29,op=O8_MA_WEAK_TO_STRONG,accepted=false,recoveryGain=true,qGain=-0.3386893378810631,fe=497492
formalLocal:outer=61,slot=3,pass=29,op=O9_MA_SWAP,accepted=false,recoveryGain=true,qGain=-0.03376256011856677,fe=497493
formalLocal:outer=61,slot=4,op=CRITICAL_FACTORY_SWAP,accepted=false,fe=497494
formalLocal:outer=61,slot=4,op=CRITICAL_FACTORY_INSERT,accepted=true,fe=497495
formalLocal:outer=61,slot=4,pass=0,op=O1_JS_INSERT,accepted=false,recoveryGain=true,qGain=-0.3645947097928536,fe=497496
formalLocal:outer=61,slot=4,pass=0,op=O2_JS_REVERSE,accepted=false,recoveryGain=true,qGain=-0.2997859199903133,fe=497497
formalLocal:outer=61,slot=4,pass=0,op=O3_JS_SWAP,accepted=false,recoveryGain=true,qGain=-0.08678098999564572,fe=497498
formalLocal:outer=61,slot=4,pass=0,op=O4_WA_LOAD_TRANSFER,accepted=false,recoveryGain=true,qGain=-0.04541942958250542,fe=497499
formalLocal:outer=61,slot=4,pass=0,op=O5_WA_WEAK_TO_STRONG,accepted=false,recoveryGain=true,qGain=-0.5108776178256844,fe=497500
formalLocal:outer=61,slot=4,pass=0,op=O6_WA_SWAP,accepted=false,recoveryGain=true,qGain=-0.47335508611283045,fe=497501
formalLocal:outer=61,slot=4,pass=0,op=O7_MA_LOAD_TRANSFER,accepted=false,recoveryGain=true,qGain=-0.18042420437677123,fe=497502
formalLocal:outer=61,slot=4,pass=0,op=O8_MA_WEAK_TO_STRONG,accepted=false,recoveryGain=true,qGain=-0.33298989635760956,fe=497503
formalLocal:outer=61,slot=4,pass=0,op=O9_MA_SWAP,accepted=false,recoveryGain=true,qGain=-0.19451407565921083,fe=497504
formalLocal:outer=61,slot=4,pass=1,op=O1_JS_INSERT,accepted=false,recoveryGain=true,qGain=-0.3588905549188003,fe=497505
formalLocal:outer=61,slot=4,pass=1,op=O2_JS_REVERSE,accepted=false,recoveryGain=true,qGain=-0.25674707748643794,fe=497506
formalLocal:outer=61,slot=4,pass=1,op=O3_JS_SWAP,accepted=true,recoveryGain=true,qGain=0.023020923863454983,fe=497507
formalLocal:outer=61,slot=4,pass=1,op=O4_WA_LOAD_TRANSFER,accepted=true,recoveryGain=true,qGain=0.2216719384565967,fe=497508
formalLocal:outer=61,slot=4,pass=1,op=O5_WA_WEAK_TO_STRONG,accepted=false,recoveryGain=true,qGain=-0.5284785502289175,fe=497509
formalLocal:outer=61,slot=4,pass=1,op=O6_WA_SWAP,accepted=false,recoveryGain=true,qGain=-0.6595949873636539,fe=497510
formalLocal:outer=61,slot=4,pass=1,op=O7_MA_LOAD_TRANSFER,accepted=false,recoveryGain=true,qGain=-0.2891778040992571,fe=497511
formalLocal:outer=61,slot=4,pass=1,op=O8_MA_WEAK_TO_STRONG,accepted=false,recoveryGain=true,qGain=-0.5423248955812856,fe=497512
formalLocal:outer=61,slot=4,pass=1,op=O9_MA_SWAP,accepted=false,recoveryGain=true,qGain=-0.3284748107754715,fe=497513
formalLocal:outer=61,slot=4,pass=2,op=O1_JS_INSERT,accepted=true,recoveryGain=true,qGain=0.12311288593944388,fe=497514
formalLocal:outer=61,slot=4,pass=2,op=O2_JS_REVERSE,accepted=false,recoveryGain=true,qGain=-0.7219588341349562,fe=497515
formalLocal:outer=61,slot=4,pass=2,op=O3_JS_SWAP,accepted=false,recoveryGain=true,qGain=-0.20901293752045116,fe=497516
formalLocal:outer=61,slot=4,pass=2,op=O4_WA_LOAD_TRANSFER,accepted=false,recoveryGain=true,qGain=-0.3761782858636204,fe=497517
formalLocal:outer=61,slot=4,pass=2,op=O5_WA_WEAK_TO_STRONG,accepted=false,recoveryGain=true,qGain=-0.3138530525415334,fe=497518
formalLocal:outer=61,slot=4,pass=2,op=O6_WA_SWAP,accepted=false,recoveryGain=true,qGain=-0.3761782858636204,fe=497519
formalLocal:outer=61,slot=4,pass=2,op=O7_MA_LOAD_TRANSFER,accepted=false,recoveryGain=true,qGain=-0.1538754905776809,fe=497520
formalLocal:outer=61,slot=4,pass=2,op=O8_MA_WEAK_TO_STRONG,accepted=false,recoveryGain=true,qGain=-0.2156200883387826,fe=497521
formalLocal:outer=61,slot=4,pass=2,op=O9_MA_SWAP,accepted=false,recoveryGain=true,qGain=-0.11703484810763834,fe=497522
formalLocal:outer=61,slot=4,pass=3,op=O1_JS_INSERT,accepted=false,recoveryGain=true,qGain=-0.14446851158624663,fe=497523
formalLocal:outer=61,slot=4,pass=3,op=O2_JS_REVERSE,accepted=false,recoveryGain=true,qGain=-0.5742141089887872,fe=497524
formalLocal:outer=61,slot=4,pass=3,op=O3_JS_SWAP,accepted=false,recoveryGain=true,qGain=-0.17198819879227997,fe=497525
formalLocal:outer=61,slot=4,pass=3,op=O4_WA_LOAD_TRANSFER,accepted=false,recoveryGain=true,qGain=-0.3761782858636204,fe=497526
formalLocal:outer=61,slot=4,pass=3,op=O5_WA_WEAK_TO_STRONG,accepted=false,recoveryGain=true,qGain=-0.3138530525415334,fe=497527
formalLocal:outer=61,slot=4,pass=3,op=O6_WA_SWAP,accepted=false,recoveryGain=true,qGain=-0.3761782858636204,fe=497528
formalLocal:outer=61,slot=4,pass=3,op=O7_MA_LOAD_TRANSFER,accepted=false,recoveryGain=true,qGain=-0.1538754905776809,fe=497529
formalLocal:outer=61,slot=4,pass=3,op=O8_MA_WEAK_TO_STRONG,accepted=false,recoveryGain=true,qGain=-0.2156200883387826,fe=497530
formalLocal:outer=61,slot=4,pass=3,op=O9_MA_SWAP,accepted=false,recoveryGain=true,qGain=-0.11703484810763834,fe=497531
formalLocal:outer=61,slot=4,pass=4,op=O1_JS_INSERT,accepted=false,recoveryGain=true,qGain=-0.1641091508452078,fe=497532
formalLocal:outer=61,slot=4,pass=4,op=O2_JS_REVERSE,accepted=false,recoveryGain=true,qGain=-0.23083199777904276,fe=497533
formalLocal:outer=61,slot=4,pass=4,op=O3_JS_SWAP,accepted=false,recoveryGain=true,qGain=-0.3468032501076922,fe=497534
formalLocal:outer=61,slot=4,pass=4,op=O4_WA_LOAD_TRANSFER,accepted=false,recoveryGain=true,qGain=-0.3761782858636204,fe=497535
formalLocal:outer=61,slot=4,pass=4,op=O5_WA_WEAK_TO_STRONG,accepted=false,recoveryGain=true,qGain=-0.3138530525415334,fe=497536
formalLocal:outer=61,slot=4,pass=4,op=O6_WA_SWAP,accepted=false,recoveryGain=true,qGain=-0.3761782858636204,fe=497537
formalLocal:outer=61,slot=4,pass=4,op=O7_MA_LOAD_TRANSFER,accepted=false,recoveryGain=true,qGain=-0.1538754905776809,fe=497538
formalLocal:outer=61,slot=4,pass=4,op=O8_MA_WEAK_TO_STRONG,accepted=false,recoveryGain=true,qGain=-0.2156200883387826,fe=497539
formalLocal:outer=61,slot=4,pass=4,op=O9_MA_SWAP,accepted=false,recoveryGain=true,qGain=-0.11703484810763834,fe=497540
formalLocal:outer=61,slot=4,pass=5,op=O1_JS_INSERT,accepted=false,recoveryGain=true,qGain=0.0,fe=497541
formalLocal:outer=61,slot=4,pass=5,op=O2_JS_REVERSE,accepted=false,recoveryGain=true,qGain=-0.7895583454526683,fe=497542
formalLocal:outer=61,slot=4,pass=5,op=O3_JS_SWAP,accepted=false,recoveryGain=true,qGain=-0.5065361075445779,fe=497543
formalLocal:outer=61,slot=4,pass=5,op=O4_WA_LOAD_TRANSFER,accepted=false,recoveryGain=true,qGain=-0.3761782858636204,fe=497544
formalLocal:outer=61,slot=4,pass=5,op=O5_WA_WEAK_TO_STRONG,accepted=false,recoveryGain=true,qGain=-0.3138530525415334,fe=497545
formalLocal:outer=61,slot=4,pass=5,op=O6_WA_SWAP,accepted=false,recoveryGain=true,qGain=-0.3761782858636204,fe=497546
formalLocal:outer=61,slot=4,pass=5,op=O7_MA_LOAD_TRANSFER,accepted=false,recoveryGain=true,qGain=-0.1538754905776809,fe=497547
formalLocal:outer=61,slot=4,pass=5,op=O8_MA_WEAK_TO_STRONG,accepted=false,recoveryGain=true,qGain=-0.2156200883387826,fe=497548
formalLocal:outer=61,slot=4,pass=5,op=O9_MA_SWAP,accepted=false,recoveryGain=true,qGain=-0.11703484810763834,fe=497549
formalLocal:outer=61,slot=4,pass=6,op=O1_JS_INSERT,accepted=false,recoveryGain=true,qGain=-0.09710906745713722,fe=497550
formalLocal:outer=61,slot=4,pass=6,op=O2_JS_REVERSE,accepted=false,recoveryGain=true,qGain=-0.20125543010883612,fe=497551
formalLocal:outer=61,slot=4,pass=6,op=O3_JS_SWAP,accepted=false,recoveryGain=true,qGain=-0.046874709251640986,fe=497552
formalLocal:outer=61,slot=4,pass=6,op=O4_WA_LOAD_TRANSFER,accepted=false,recoveryGain=true,qGain=-0.3761782858636204,fe=497553
formalLocal:outer=61,slot=4,pass=6,op=O5_WA_WEAK_TO_STRONG,accepted=false,recoveryGain=true,qGain=-0.3138530525415334,fe=497554
formalLocal:outer=61,slot=4,pass=6,op=O6_WA_SWAP,accepted=false,recoveryGain=true,qGain=-0.3761782858636204,fe=497555
formalLocal:outer=61,slot=4,pass=6,op=O7_MA_LOAD_TRANSFER,accepted=false,recoveryGain=true,qGain=-0.1538754905776809,fe=497556
formalLocal:outer=61,slot=4,pass=6,op=O8_MA_WEAK_TO_STRONG,accepted=false,recoveryGain=true,qGain=-0.2156200883387826,fe=497557
formalLocal:outer=61,slot=4,pass=6,op=O9_MA_SWAP,accepted=false,recoveryGain=true,qGain=-0.11703484810763834,fe=497558
formalLocal:outer=61,slot=4,pass=7,op=O1_JS_INSERT,accepted=false,recoveryGain=true,qGain=-0.1494781952334598,fe=497559
formalLocal:outer=61,slot=4,pass=7,op=O2_JS_REVERSE,accepted=false,recoveryGain=true,qGain=-0.5894863829289291,fe=497560
formalLocal:outer=61,slot=4,pass=7,op=O3_JS_SWAP,accepted=false,recoveryGain=true,qGain=-0.33732294382208766,fe=497561
formalLocal:outer=61,slot=4,pass=7,op=O4_WA_LOAD_TRANSFER,accepted=false,recoveryGain=true,qGain=-0.3761782858636204,fe=497562
formalLocal:outer=61,slot=4,pass=7,op=O5_WA_WEAK_TO_STRONG,accepted=false,recoveryGain=true,qGain=-0.3138530525415334,fe=497563
formalLocal:outer=61,slot=4,pass=7,op=O6_WA_SWAP,accepted=false,recoveryGain=true,qGain=-0.3761782858636204,fe=497564
formalLocal:outer=61,slot=4,pass=7,op=O7_MA_LOAD_TRANSFER,accepted=false,recoveryGain=true,qGain=-0.1538754905776809,fe=497565
formalLocal:outer=61,slot=4,pass=7,op=O8_MA_WEAK_TO_STRONG,accepted=false,recoveryGain=true,qGain=-0.2156200883387826,fe=497566
formalLocal:outer=61,slot=4,pass=7,op=O9_MA_SWAP,accepted=false,recoveryGain=true,qGain=-0.11703484810763834,fe=497567
formalLocal:outer=61,slot=4,pass=8,op=O1_JS_INSERT,accepted=false,recoveryGain=true,qGain=-0.2876663641426643,fe=497568
formalLocal:outer=61,slot=4,pass=8,op=O2_JS_REVERSE,accepted=false,recoveryGain=true,qGain=-1.0,fe=497569
formalLocal:outer=61,slot=4,pass=8,op=O3_JS_SWAP,accepted=false,recoveryGain=true,qGain=-0.11826544472476742,fe=497570
formalLocal:outer=61,slot=4,pass=8,op=O4_WA_LOAD_TRANSFER,accepted=false,recoveryGain=true,qGain=-0.3761782858636204,fe=497571
formalLocal:outer=61,slot=4,pass=8,op=O5_WA_WEAK_TO_STRONG,accepted=false,recoveryGain=true,qGain=-0.3138530525415334,fe=497572
formalLocal:outer=61,slot=4,pass=8,op=O6_WA_SWAP,accepted=false,recoveryGain=true,qGain=-0.3761782858636204,fe=497573
formalLocal:outer=61,slot=4,pass=8,op=O7_MA_LOAD_TRANSFER,accepted=false,recoveryGain=true,qGain=-0.1538754905776809,fe=497574
formalLocal:outer=61,slot=4,pass=8,op=O8_MA_WEAK_TO_STRONG,accepted=false,recoveryGain=true,qGain=-0.2156200883387826,fe=497575
formalLocal:outer=61,slot=4,pass=8,op=O9_MA_SWAP,accepted=false,recoveryGain=true,qGain=-0.11703484810763834,fe=497576
formalLocal:outer=61,slot=4,pass=9,op=O1_JS_INSERT,accepted=false,recoveryGain=true,qGain=0.0,fe=497577
formalLocal:outer=61,slot=4,pass=9,op=O2_JS_REVERSE,accepted=false,recoveryGain=true,qGain=-0.4800349433288479,fe=497578
formalLocal:outer=61,slot=4,pass=9,op=O3_JS_SWAP,accepted=false,recoveryGain=true,qGain=-0.3468032501076922,fe=497579
formalLocal:outer=61,slot=4,pass=9,op=O4_WA_LOAD_TRANSFER,accepted=false,recoveryGain=true,qGain=-0.3761782858636204,fe=497580
formalLocal:outer=61,slot=4,pass=9,op=O5_WA_WEAK_TO_STRONG,accepted=false,recoveryGain=true,qGain=-0.3138530525415334,fe=497581
formalLocal:outer=61,slot=4,pass=9,op=O6_WA_SWAP,accepted=false,recoveryGain=true,qGain=-0.3761782858636204,fe=497582
formalLocal:outer=61,slot=4,pass=9,op=O7_MA_LOAD_TRANSFER,accepted=false,recoveryGain=true,qGain=-0.1538754905776809,fe=497583
formalLocal:outer=61,slot=4,pass=9,op=O8_MA_WEAK_TO_STRONG,accepted=false,recoveryGain=true,qGain=-0.2156200883387826,fe=497584
formalLocal:outer=61,slot=4,pass=9,op=O9_MA_SWAP,accepted=false,recoveryGain=true,qGain=-0.11703484810763834,fe=497585
formalLocal:outer=61,slot=4,pass=10,op=O1_JS_INSERT,accepted=false,recoveryGain=true,qGain=0.0,fe=497586
formalLocal:outer=61,slot=4,pass=10,op=O2_JS_REVERSE,accepted=false,recoveryGain=true,qGain=-0.346175166495769,fe=497587
formalLocal:outer=61,slot=4,pass=10,op=O3_JS_SWAP,accepted=false,recoveryGain=true,qGain=-0.14891737205049238,fe=497588
formalLocal:outer=61,slot=4,pass=10,op=O4_WA_LOAD_TRANSFER,accepted=false,recoveryGain=true,qGain=-0.3761782858636204,fe=497589
formalLocal:outer=61,slot=4,pass=10,op=O5_WA_WEAK_TO_STRONG,accepted=false,recoveryGain=true,qGain=-0.3138530525415334,fe=497590
formalLocal:outer=61,slot=4,pass=10,op=O6_WA_SWAP,accepted=false,recoveryGain=true,qGain=-0.3761782858636204,fe=497591
formalLocal:outer=61,slot=4,pass=10,op=O7_MA_LOAD_TRANSFER,accepted=false,recoveryGain=true,qGain=-0.1538754905776809,fe=497592
formalLocal:outer=61,slot=4,pass=10,op=O8_MA_WEAK_TO_STRONG,accepted=false,recoveryGain=true,qGain=-0.2156200883387826,fe=497593
formalLocal:outer=61,slot=4,pass=10,op=O9_MA_SWAP,accepted=false,recoveryGain=true,qGain=-0.11703484810763834,fe=497594
formalLocal:outer=61,slot=4,pass=11,op=O1_JS_INSERT,accepted=false,recoveryGain=true,qGain=-0.07872091366626874,fe=497595
formalLocal:outer=61,slot=4,pass=11,op=O2_JS_REVERSE,accepted=false,recoveryGain=true,qGain=-0.8018024273006259,fe=497596
formalLocal:outer=61,slot=4,pass=11,op=O3_JS_SWAP,accepted=false,recoveryGain=true,qGain=-0.1784775841596018,fe=497597
formalLocal:outer=61,slot=4,pass=11,op=O4_WA_LOAD_TRANSFER,accepted=false,recoveryGain=true,qGain=-0.3761782858636204,fe=497598
formalLocal:outer=61,slot=4,pass=11,op=O5_WA_WEAK_TO_STRONG,accepted=false,recoveryGain=true,qGain=-0.3138530525415334,fe=497599
formalLocal:outer=61,slot=4,pass=11,op=O6_WA_SWAP,accepted=false,recoveryGain=true,qGain=-0.3761782858636204,fe=497600
formalLocal:outer=61,slot=4,pass=11,op=O7_MA_LOAD_TRANSFER,accepted=false,recoveryGain=true,qGain=-0.1538754905776809,fe=497601
formalLocal:outer=61,slot=4,pass=11,op=O8_MA_WEAK_TO_STRONG,accepted=false,recoveryGain=true,qGain=-0.2156200883387826,fe=497602
formalLocal:outer=61,slot=4,pass=11,op=O9_MA_SWAP,accepted=false,recoveryGain=true,qGain=-0.11703484810763834,fe=497603
formalLocal:outer=61,slot=4,pass=12,op=O1_JS_INSERT,accepted=false,recoveryGain=true,qGain=-0.2876663641426643,fe=497604
formalLocal:outer=61,slot=4,pass=12,op=O2_JS_REVERSE,accepted=false,recoveryGain=true,qGain=-1.0,fe=497605
formalLocal:outer=61,slot=4,pass=12,op=O3_JS_SWAP,accepted=false,recoveryGain=true,qGain=-0.1854060474244458,fe=497606
formalLocal:outer=61,slot=4,pass=12,op=O4_WA_LOAD_TRANSFER,accepted=false,recoveryGain=true,qGain=-0.3761782858636204,fe=497607
formalLocal:outer=61,slot=4,pass=12,op=O5_WA_WEAK_TO_STRONG,accepted=false,recoveryGain=true,qGain=-0.3138530525415334,fe=497608
formalLocal:outer=61,slot=4,pass=12,op=O6_WA_SWAP,accepted=false,recoveryGain=true,qGain=-0.3761782858636204,fe=497609
formalLocal:outer=61,slot=4,pass=12,op=O7_MA_LOAD_TRANSFER,accepted=false,recoveryGain=true,qGain=-0.1538754905776809,fe=497610
formalLocal:outer=61,slot=4,pass=12,op=O8_MA_WEAK_TO_STRONG,accepted=false,recoveryGain=true,qGain=-0.2156200883387826,fe=497611
formalLocal:outer=61,slot=4,pass=12,op=O9_MA_SWAP,accepted=false,recoveryGain=true,qGain=-0.11703484810763834,fe=497612
formalLocal:outer=61,slot=4,pass=13,op=O1_JS_INSERT,accepted=false,recoveryGain=true,qGain=-0.34096300267340773,fe=497613
formalLocal:outer=61,slot=4,pass=13,op=O2_JS_REVERSE,accepted=false,recoveryGain=true,qGain=-0.5435553289754137,fe=497614
formalLocal:outer=61,slot=4,pass=13,op=O3_JS_SWAP,accepted=false,recoveryGain=true,qGain=-0.42005009307945684,fe=497615
formalLocal:outer=61,slot=4,pass=13,op=O4_WA_LOAD_TRANSFER,accepted=false,recoveryGain=true,qGain=-0.3761782858636204,fe=497616
formalLocal:outer=61,slot=4,pass=13,op=O5_WA_WEAK_TO_STRONG,accepted=false,recoveryGain=true,qGain=-0.3138530525415334,fe=497617
formalLocal:outer=61,slot=4,pass=13,op=O6_WA_SWAP,accepted=false,recoveryGain=true,qGain=-0.3761782858636204,fe=497618
formalLocal:outer=61,slot=4,pass=13,op=O7_MA_LOAD_TRANSFER,accepted=false,recoveryGain=true,qGain=-0.1538754905776809,fe=497619
formalLocal:outer=61,slot=4,pass=13,op=O8_MA_WEAK_TO_STRONG,accepted=false,recoveryGain=true,qGain=-0.2156200883387826,fe=497620
formalLocal:outer=61,slot=4,pass=13,op=O9_MA_SWAP,accepted=false,recoveryGain=true,qGain=-0.11703484810763834,fe=497621
formalLocal:outer=61,slot=4,pass=14,op=O1_JS_INSERT,accepted=false,recoveryGain=true,qGain=-0.043858908823109694,fe=497622
formalLocal:outer=61,slot=4,pass=14,op=O2_JS_REVERSE,accepted=false,recoveryGain=true,qGain=-0.5861697672829578,fe=497623
formalLocal:outer=61,slot=4,pass=14,op=O3_JS_SWAP,accepted=false,recoveryGain=true,qGain=-0.161441296247827,fe=497624
formalLocal:outer=61,slot=4,pass=14,op=O4_WA_LOAD_TRANSFER,accepted=false,recoveryGain=true,qGain=-0.3761782858636204,fe=497625
formalLocal:outer=61,slot=4,pass=14,op=O5_WA_WEAK_TO_STRONG,accepted=false,recoveryGain=true,qGain=-0.3138530525415334,fe=497626
formalLocal:outer=61,slot=4,pass=14,op=O6_WA_SWAP,accepted=false,recoveryGain=true,qGain=-0.3761782858636204,fe=497627
formalLocal:outer=61,slot=4,pass=14,op=O7_MA_LOAD_TRANSFER,accepted=false,recoveryGain=true,qGain=-0.1538754905776809,fe=497628
formalLocal:outer=61,slot=4,pass=14,op=O8_MA_WEAK_TO_STRONG,accepted=false,recoveryGain=true,qGain=-0.2156200883387826,fe=497629
formalLocal:outer=61,slot=4,pass=14,op=O9_MA_SWAP,accepted=false,recoveryGain=true,qGain=-0.11703484810763834,fe=497630
formalLocal:outer=61,slot=4,pass=15,op=O1_JS_INSERT,accepted=false,recoveryGain=true,qGain=-0.2889661766455731,fe=497631
formalLocal:outer=61,slot=4,pass=15,op=O2_JS_REVERSE,accepted=false,recoveryGain=true,qGain=-0.15347644679766675,fe=497632
formalLocal:outer=61,slot=4,pass=15,op=O3_JS_SWAP,accepted=false,recoveryGain=true,qGain=-0.1058643515076261,fe=497633
formalLocal:outer=61,slot=4,pass=15,op=O4_WA_LOAD_TRANSFER,accepted=false,recoveryGain=true,qGain=-0.3761782858636204,fe=497634
formalLocal:outer=61,slot=4,pass=15,op=O5_WA_WEAK_TO_STRONG,accepted=false,recoveryGain=true,qGain=-0.3138530525415334,fe=497635
formalLocal:outer=61,slot=4,pass=15,op=O6_WA_SWAP,accepted=false,recoveryGain=true,qGain=-0.3761782858636204,fe=497636
formalLocal:outer=61,slot=4,pass=15,op=O7_MA_LOAD_TRANSFER,accepted=false,recoveryGain=true,qGain=-0.1538754905776809,fe=497637
formalLocal:outer=61,slot=4,pass=15,op=O8_MA_WEAK_TO_STRONG,accepted=false,recoveryGain=true,qGain=-0.2156200883387826,fe=497638
formalLocal:outer=61,slot=4,pass=15,op=O9_MA_SWAP,accepted=false,recoveryGain=true,qGain=-0.11703484810763834,fe=497639
formalLocal:outer=61,slot=4,pass=16,op=O1_JS_INSERT,accepted=false,recoveryGain=true,qGain=-0.024190265784225024,fe=497640
formalLocal:outer=61,slot=4,pass=16,op=O2_JS_REVERSE,accepted=false,recoveryGain=true,qGain=-0.806835736165344,fe=497641
formalLocal:outer=61,slot=4,pass=16,op=O3_JS_SWAP,accepted=false,recoveryGain=true,qGain=-0.23221965831853608,fe=497642
formalLocal:outer=61,slot=4,pass=16,op=O4_WA_LOAD_TRANSFER,accepted=false,recoveryGain=true,qGain=-0.3761782858636204,fe=497643
formalLocal:outer=61,slot=4,pass=16,op=O5_WA_WEAK_TO_STRONG,accepted=false,recoveryGain=true,qGain=-0.3138530525415334,fe=497644
formalLocal:outer=61,slot=4,pass=16,op=O6_WA_SWAP,accepted=false,recoveryGain=true,qGain=-0.3761782858636204,fe=497645
formalLocal:outer=61,slot=4,pass=16,op=O7_MA_LOAD_TRANSFER,accepted=false,recoveryGain=true,qGain=-0.1538754905776809,fe=497646
formalLocal:outer=61,slot=4,pass=16,op=O8_MA_WEAK_TO_STRONG,accepted=false,recoveryGain=true,qGain=-0.2156200883387826,fe=497647
formalLocal:outer=61,slot=4,pass=16,op=O9_MA_SWAP,accepted=false,recoveryGain=true,qGain=-0.11703484810763834,fe=497648
formalLocal:outer=61,slot=4,pass=17,op=O1_JS_INSERT,accepted=false,recoveryGain=true,qGain=-0.30716918176640257,fe=497649
formalLocal:outer=61,slot=4,pass=17,op=O2_JS_REVERSE,accepted=false,recoveryGain=true,qGain=-0.5511888673890637,fe=497650
formalLocal:outer=61,slot=4,pass=17,op=O3_JS_SWAP,accepted=false,recoveryGain=true,qGain=-0.09206166505172161,fe=497651
formalLocal:outer=61,slot=4,pass=17,op=O4_WA_LOAD_TRANSFER,accepted=false,recoveryGain=true,qGain=-0.3761782858636204,fe=497652
formalLocal:outer=61,slot=4,pass=17,op=O5_WA_WEAK_TO_STRONG,accepted=false,recoveryGain=true,qGain=-0.3138530525415334,fe=497653
formalLocal:outer=61,slot=4,pass=17,op=O6_WA_SWAP,accepted=false,recoveryGain=true,qGain=-0.3761782858636204,fe=497654
formalLocal:outer=61,slot=4,pass=17,op=O7_MA_LOAD_TRANSFER,accepted=false,recoveryGain=true,qGain=-0.1538754905776809,fe=497655
formalLocal:outer=61,slot=4,pass=17,op=O8_MA_WEAK_TO_STRONG,accepted=false,recoveryGain=true,qGain=-0.2156200883387826,fe=497656
formalLocal:outer=61,slot=4,pass=17,op=O9_MA_SWAP,accepted=false,recoveryGain=true,qGain=-0.11703484810763834,fe=497657
formalLocal:outer=61,slot=4,pass=18,op=O1_JS_INSERT,accepted=false,recoveryGain=true,qGain=-0.093155354247129,fe=497658
formalLocal:outer=61,slot=4,pass=18,op=O2_JS_REVERSE,accepted=false,recoveryGain=true,qGain=-0.3012035003261477,fe=497659
formalLocal:outer=61,slot=4,pass=18,op=O3_JS_SWAP,accepted=false,recoveryGain=true,qGain=-0.41874835447475056,fe=497660
formalLocal:outer=61,slot=4,pass=18,op=O4_WA_LOAD_TRANSFER,accepted=false,recoveryGain=true,qGain=-0.3761782858636204,fe=497661
formalLocal:outer=61,slot=4,pass=18,op=O5_WA_WEAK_TO_STRONG,accepted=false,recoveryGain=true,qGain=-0.3138530525415334,fe=497662
formalLocal:outer=61,slot=4,pass=18,op=O6_WA_SWAP,accepted=false,recoveryGain=true,qGain=-0.3761782858636204,fe=497663
formalLocal:outer=61,slot=4,pass=18,op=O7_MA_LOAD_TRANSFER,accepted=false,recoveryGain=true,qGain=-0.1538754905776809,fe=497664
formalLocal:outer=61,slot=4,pass=18,op=O8_MA_WEAK_TO_STRONG,accepted=false,recoveryGain=true,qGain=-0.2156200883387826,fe=497665
formalLocal:outer=61,slot=4,pass=18,op=O9_MA_SWAP,accepted=false,recoveryGain=true,qGain=-0.11703484810763834,fe=497666
formalLocal:outer=61,slot=4,pass=19,op=O1_JS_INSERT,accepted=false,recoveryGain=true,qGain=-0.4377350763093042,fe=497667
formalLocal:outer=61,slot=4,pass=19,op=O2_JS_REVERSE,accepted=false,recoveryGain=true,qGain=-0.5435553289754137,fe=497668
formalLocal:outer=61,slot=4,pass=19,op=O3_JS_SWAP,accepted=false,recoveryGain=true,qGain=-0.3444431049718653,fe=497669
formalLocal:outer=61,slot=4,pass=19,op=O4_WA_LOAD_TRANSFER,accepted=false,recoveryGain=true,qGain=-0.3761782858636204,fe=497670
formalLocal:outer=61,slot=4,pass=19,op=O5_WA_WEAK_TO_STRONG,accepted=false,recoveryGain=true,qGain=-0.3138530525415334,fe=497671
formalLocal:outer=61,slot=4,pass=19,op=O6_WA_SWAP,accepted=false,recoveryGain=true,qGain=-0.3761782858636204,fe=497672
formalLocal:outer=61,slot=4,pass=19,op=O7_MA_LOAD_TRANSFER,accepted=false,recoveryGain=true,qGain=-0.1538754905776809,fe=497673
formalLocal:outer=61,slot=4,pass=19,op=O8_MA_WEAK_TO_STRONG,accepted=false,recoveryGain=true,qGain=-0.2156200883387826,fe=497674
formalLocal:outer=61,slot=4,pass=19,op=O9_MA_SWAP,accepted=false,recoveryGain=true,qGain=-0.11703484810763834,fe=497675
formalLocal:outer=61,slot=4,pass=20,op=O1_JS_INSERT,accepted=false,recoveryGain=true,qGain=-0.3438417489420046,fe=497676
formalLocal:outer=61,slot=4,pass=20,op=O2_JS_REVERSE,accepted=false,recoveryGain=true,qGain=-0.7701506206432955,fe=497677
formalLocal:outer=61,slot=4,pass=20,op=O3_JS_SWAP,accepted=false,recoveryGain=true,qGain=-0.24348777230623112,fe=497678
formalLocal:outer=61,slot=4,pass=20,op=O4_WA_LOAD_TRANSFER,accepted=false,recoveryGain=true,qGain=-0.3761782858636204,fe=497679
formalLocal:outer=61,slot=4,pass=20,op=O5_WA_WEAK_TO_STRONG,accepted=false,recoveryGain=true,qGain=-0.3138530525415334,fe=497680
formalLocal:outer=61,slot=4,pass=20,op=O6_WA_SWAP,accepted=false,recoveryGain=true,qGain=-0.3761782858636204,fe=497681
formalLocal:outer=61,slot=4,pass=20,op=O7_MA_LOAD_TRANSFER,accepted=false,recoveryGain=true,qGain=-0.1538754905776809,fe=497682
formalLocal:outer=61,slot=4,pass=20,op=O8_MA_WEAK_TO_STRONG,accepted=false,recoveryGain=true,qGain=-0.2156200883387826,fe=497683
formalLocal:outer=61,slot=4,pass=20,op=O9_MA_SWAP,accepted=false,recoveryGain=true,qGain=-0.11703484810763834,fe=497684
formalLocal:outer=61,slot=4,pass=21,op=O1_JS_INSERT,accepted=false,recoveryGain=true,qGain=-0.2411793413376254,fe=497685
formalLocal:outer=61,slot=4,pass=21,op=O2_JS_REVERSE,accepted=false,recoveryGain=true,qGain=-0.5753258385325839,fe=497686
formalLocal:outer=61,slot=4,pass=21,op=O3_JS_SWAP,accepted=false,recoveryGain=true,qGain=-0.3087909742303246,fe=497687
formalLocal:outer=61,slot=4,pass=21,op=O4_WA_LOAD_TRANSFER,accepted=false,recoveryGain=true,qGain=-0.3761782858636204,fe=497688
formalLocal:outer=61,slot=4,pass=21,op=O5_WA_WEAK_TO_STRONG,accepted=false,recoveryGain=true,qGain=-0.3138530525415334,fe=497689
formalLocal:outer=61,slot=4,pass=21,op=O6_WA_SWAP,accepted=false,recoveryGain=true,qGain=-0.3761782858636204,fe=497690
formalLocal:outer=61,slot=4,pass=21,op=O7_MA_LOAD_TRANSFER,accepted=false,recoveryGain=true,qGain=-0.1538754905776809,fe=497691
formalLocal:outer=61,slot=4,pass=21,op=O8_MA_WEAK_TO_STRONG,accepted=false,recoveryGain=true,qGain=-0.2156200883387826,fe=497692
formalLocal:outer=61,slot=4,pass=21,op=O9_MA_SWAP,accepted=false,recoveryGain=true,qGain=-0.11703484810763834,fe=497693
formalLocal:outer=61,slot=4,pass=22,op=O1_JS_INSERT,accepted=false,recoveryGain=true,qGain=-0.1900469237560674,fe=497694
formalLocal:outer=61,slot=4,pass=22,op=O2_JS_REVERSE,accepted=false,recoveryGain=true,qGain=-0.15347644679766675,fe=497695
formalLocal:outer=61,slot=4,pass=22,op=O3_JS_SWAP,accepted=false,recoveryGain=true,qGain=-0.1641372829127652,fe=497696
formalLocal:outer=61,slot=4,pass=22,op=O4_WA_LOAD_TRANSFER,accepted=false,recoveryGain=true,qGain=-0.3761782858636204,fe=497697
formalLocal:outer=61,slot=4,pass=22,op=O5_WA_WEAK_TO_STRONG,accepted=false,recoveryGain=true,qGain=-0.3138530525415334,fe=497698
formalLocal:outer=61,slot=4,pass=22,op=O6_WA_SWAP,accepted=false,recoveryGain=true,qGain=-0.3761782858636204,fe=497699
formalLocal:outer=61,slot=4,pass=22,op=O7_MA_LOAD_TRANSFER,accepted=false,recoveryGain=true,qGain=-0.1538754905776809,fe=497700
formalLocal:outer=61,slot=4,pass=22,op=O8_MA_WEAK_TO_STRONG,accepted=false,recoveryGain=true,qGain=-0.2156200883387826,fe=497701
formalLocal:outer=61,slot=4,pass=22,op=O9_MA_SWAP,accepted=false,recoveryGain=true,qGain=-0.11703484810763834,fe=497702
formalLocal:outer=61,slot=4,pass=23,op=O1_JS_INSERT,accepted=false,recoveryGain=true,qGain=-0.3132687945345868,fe=497703
formalLocal:outer=61,slot=4,pass=23,op=O2_JS_REVERSE,accepted=false,recoveryGain=true,qGain=-0.22190909354153707,fe=497704
formalLocal:outer=61,slot=4,pass=23,op=O3_JS_SWAP,accepted=false,recoveryGain=true,qGain=0.0,fe=497705
formalLocal:outer=61,slot=4,pass=23,op=O4_WA_LOAD_TRANSFER,accepted=false,recoveryGain=true,qGain=-0.3761782858636204,fe=497706
formalLocal:outer=61,slot=4,pass=23,op=O5_WA_WEAK_TO_STRONG,accepted=false,recoveryGain=true,qGain=-0.3138530525415334,fe=497707
formalLocal:outer=61,slot=4,pass=23,op=O6_WA_SWAP,accepted=false,recoveryGain=true,qGain=-0.3761782858636204,fe=497708
formalLocal:outer=61,slot=4,pass=23,op=O7_MA_LOAD_TRANSFER,accepted=false,recoveryGain=true,qGain=-0.1538754905776809,fe=497709
formalLocal:outer=61,slot=4,pass=23,op=O8_MA_WEAK_TO_STRONG,accepted=false,recoveryGain=true,qGain=-0.2156200883387826,fe=497710
formalLocal:outer=61,slot=4,pass=23,op=O9_MA_SWAP,accepted=false,recoveryGain=true,qGain=-0.11703484810763834,fe=497711
formalLocal:outer=61,slot=4,pass=24,op=O1_JS_INSERT,accepted=false,recoveryGain=true,qGain=-0.09525184390291234,fe=497712
formalLocal:outer=61,slot=4,pass=24,op=O2_JS_REVERSE,accepted=false,recoveryGain=true,qGain=-0.20817205248995538,fe=497713
formalLocal:outer=61,slot=4,pass=24,op=O3_JS_SWAP,accepted=false,recoveryGain=true,qGain=-0.22358735490530707,fe=497714
formalLocal:outer=61,slot=4,pass=24,op=O4_WA_LOAD_TRANSFER,accepted=false,recoveryGain=true,qGain=-0.3761782858636204,fe=497715
formalLocal:outer=61,slot=4,pass=24,op=O5_WA_WEAK_TO_STRONG,accepted=false,recoveryGain=true,qGain=-0.3138530525415334,fe=497716
formalLocal:outer=61,slot=4,pass=24,op=O6_WA_SWAP,accepted=false,recoveryGain=true,qGain=-0.3761782858636204,fe=497717
formalLocal:outer=61,slot=4,pass=24,op=O7_MA_LOAD_TRANSFER,accepted=false,recoveryGain=true,qGain=-0.1538754905776809,fe=497718
formalLocal:outer=61,slot=4,pass=24,op=O8_MA_WEAK_TO_STRONG,accepted=false,recoveryGain=true,qGain=-0.2156200883387826,fe=497719
formalLocal:outer=61,slot=4,pass=24,op=O9_MA_SWAP,accepted=false,recoveryGain=true,qGain=-0.11703484810763834,fe=497720
formalLocal:outer=61,slot=4,pass=25,op=O1_JS_INSERT,accepted=false,recoveryGain=true,qGain=-0.04457878920982325,fe=497721
formalLocal:outer=61,slot=4,pass=25,op=O2_JS_REVERSE,accepted=false,recoveryGain=true,qGain=-1.0,fe=497722
formalLocal:outer=61,slot=4,pass=25,op=O3_JS_SWAP,accepted=true,recoveryGain=true,qGain=0.0016929822886389571,fe=497723
formalLocal:outer=61,slot=4,pass=25,op=O4_WA_LOAD_TRANSFER,accepted=false,recoveryGain=true,qGain=-0.05347508252707401,fe=497724
formalLocal:outer=61,slot=4,pass=25,op=O5_WA_WEAK_TO_STRONG,accepted=false,recoveryGain=true,qGain=-0.2851487021658543,fe=497725
formalLocal:outer=61,slot=4,pass=25,op=O6_WA_SWAP,accepted=false,recoveryGain=true,qGain=-0.04441858792148152,fe=497726
formalLocal:outer=61,slot=4,pass=25,op=O7_MA_LOAD_TRANSFER,accepted=false,recoveryGain=true,qGain=-0.3423828696073188,fe=497727
formalLocal:outer=61,slot=4,pass=25,op=O8_MA_WEAK_TO_STRONG,accepted=false,recoveryGain=true,qGain=-0.3423828696073188,fe=497728
formalLocal:outer=61,slot=4,pass=25,op=O9_MA_SWAP,accepted=false,recoveryGain=true,qGain=-0.13574304957375294,fe=497729
formalLocal:outer=61,slot=4,pass=26,op=O1_JS_INSERT,accepted=false,recoveryGain=true,qGain=-0.1882526677900394,fe=497730
formalLocal:outer=61,slot=4,pass=26,op=O2_JS_REVERSE,accepted=false,recoveryGain=true,qGain=-0.4224186598974321,fe=497731
formalLocal:outer=61,slot=4,pass=26,op=O3_JS_SWAP,accepted=false,recoveryGain=true,qGain=-0.494734715563691,fe=497732
formalLocal:outer=61,slot=4,pass=26,op=O4_WA_LOAD_TRANSFER,accepted=false,recoveryGain=true,qGain=-0.05347508252707401,fe=497733
formalLocal:outer=61,slot=4,pass=26,op=O5_WA_WEAK_TO_STRONG,accepted=false,recoveryGain=true,qGain=-0.2851487021658543,fe=497734
formalLocal:outer=61,slot=4,pass=26,op=O6_WA_SWAP,accepted=false,recoveryGain=true,qGain=-0.04441858792148152,fe=497735
formalLocal:outer=61,slot=4,pass=26,op=O7_MA_LOAD_TRANSFER,accepted=false,recoveryGain=true,qGain=-0.3423828696073188,fe=497736
formalLocal:outer=61,slot=4,pass=26,op=O8_MA_WEAK_TO_STRONG,accepted=false,recoveryGain=true,qGain=-0.3423828696073188,fe=497737
formalLocal:outer=61,slot=4,pass=26,op=O9_MA_SWAP,accepted=false,recoveryGain=true,qGain=-0.13574304957375294,fe=497738
formalLocal:outer=61,slot=4,pass=27,op=O1_JS_INSERT,accepted=true,recoveryGain=true,qGain=0.05097290032732522,fe=497739
formalLocal:outer=61,slot=4,pass=27,op=O2_JS_REVERSE,accepted=false,recoveryGain=true,qGain=-0.5055844498032022,fe=497740
formalLocal:outer=61,slot=4,pass=27,op=O3_JS_SWAP,accepted=false,recoveryGain=true,qGain=-0.2606697064780974,fe=497741
formalLocal:outer=61,slot=4,pass=27,op=O4_WA_LOAD_TRANSFER,accepted=false,recoveryGain=true,qGain=-0.162016513659032,fe=497742
formalLocal:outer=61,slot=4,pass=27,op=O5_WA_WEAK_TO_STRONG,accepted=false,recoveryGain=true,qGain=-0.45558931361332955,fe=497743
formalLocal:outer=61,slot=4,pass=27,op=O6_WA_SWAP,accepted=false,recoveryGain=true,qGain=-0.09935279893394028,fe=497744
formalLocal:outer=61,slot=4,pass=27,op=O7_MA_LOAD_TRANSFER,accepted=false,recoveryGain=true,qGain=-0.17501066045792946,fe=497745
formalLocal:outer=61,slot=4,pass=27,op=O8_MA_WEAK_TO_STRONG,accepted=false,recoveryGain=true,qGain=-0.17501066045792946,fe=497746
formalLocal:outer=61,slot=4,pass=27,op=O9_MA_SWAP,accepted=false,recoveryGain=true,qGain=-0.16604342619830606,fe=497747
formalLocal:outer=61,slot=4,pass=28,op=O1_JS_INSERT,accepted=false,recoveryGain=true,qGain=-0.15356464681423537,fe=497748
formalLocal:outer=61,slot=4,pass=28,op=O2_JS_REVERSE,accepted=false,recoveryGain=true,qGain=-0.3846616538785582,fe=497749
formalLocal:outer=61,slot=4,pass=28,op=O3_JS_SWAP,accepted=false,recoveryGain=true,qGain=-0.17142893054276018,fe=497750
formalLocal:outer=61,slot=4,pass=28,op=O4_WA_LOAD_TRANSFER,accepted=false,recoveryGain=true,qGain=-0.162016513659032,fe=497751
formalLocal:outer=61,slot=4,pass=28,op=O5_WA_WEAK_TO_STRONG,accepted=false,recoveryGain=true,qGain=-0.45558931361332955,fe=497752
formalLocal:outer=61,slot=4,pass=28,op=O6_WA_SWAP,accepted=false,recoveryGain=true,qGain=-0.09935279893394028,fe=497753
formalLocal:outer=61,slot=4,pass=28,op=O7_MA_LOAD_TRANSFER,accepted=false,recoveryGain=true,qGain=-0.17501066045792946,fe=497754
formalLocal:outer=61,slot=4,pass=28,op=O8_MA_WEAK_TO_STRONG,accepted=false,recoveryGain=true,qGain=-0.17501066045792946,fe=497755
formalLocal:outer=61,slot=4,pass=28,op=O9_MA_SWAP,accepted=false,recoveryGain=true,qGain=-0.16604342619830606,fe=497756
formalLocal:outer=61,slot=4,pass=29,op=O1_JS_INSERT,accepted=false,recoveryGain=true,qGain=-0.2531208495361898,fe=497757
formalLocal:outer=61,slot=4,pass=29,op=O2_JS_REVERSE,accepted=false,recoveryGain=true,qGain=-0.7029360898395041,fe=497758
formalLocal:outer=61,slot=4,pass=29,op=O3_JS_SWAP,accepted=false,recoveryGain=true,qGain=-0.1906223594872994,fe=497759
formalLocal:outer=61,slot=4,pass=29,op=O4_WA_LOAD_TRANSFER,accepted=false,recoveryGain=true,qGain=-0.162016513659032,fe=497760
formalLocal:outer=61,slot=4,pass=29,op=O5_WA_WEAK_TO_STRONG,accepted=false,recoveryGain=true,qGain=-0.45558931361332955,fe=497761
formalLocal:outer=61,slot=4,pass=29,op=O6_WA_SWAP,accepted=false,recoveryGain=true,qGain=-0.09935279893394028,fe=497762
formalLocal:outer=61,slot=4,pass=29,op=O7_MA_LOAD_TRANSFER,accepted=false,recoveryGain=true,qGain=-0.17501066045792946,fe=497763
formalLocal:outer=61,slot=4,pass=29,op=O8_MA_WEAK_TO_STRONG,accepted=false,recoveryGain=true,qGain=-0.17501066045792946,fe=497764
formalLocal:outer=61,slot=4,pass=29,op=O9_MA_SWAP,accepted=false,recoveryGain=true,qGain=-0.16604342619830606,fe=497765
formalLocal:outer=61,slot=5,op=CRITICAL_FACTORY_SWAP,accepted=true,fe=497766
formalLocal:outer=61,slot=5,op=CRITICAL_FACTORY_INSERT,accepted=true,fe=497767
formalLocal:outer=61,slot=5,pass=0,op=O1_JS_INSERT,accepted=true,recoveryGain=true,qGain=0.23543275085588933,fe=497768
formalLocal:outer=61,slot=5,pass=0,op=O2_JS_REVERSE,accepted=false,recoveryGain=true,qGain=-0.1873329131197023,fe=497769
formalLocal:outer=61,slot=5,pass=0,op=O3_JS_SWAP,accepted=false,recoveryGain=true,qGain=-0.04903245392182452,fe=497770
formalLocal:outer=61,slot=5,pass=0,op=O4_WA_LOAD_TRANSFER,accepted=false,recoveryGain=true,qGain=-0.3109442842344217,fe=497771
formalLocal:outer=61,slot=5,pass=0,op=O5_WA_WEAK_TO_STRONG,accepted=true,recoveryGain=true,qGain=0.21485654984747815,fe=497772
formalLocal:outer=61,slot=5,pass=0,op=O6_WA_SWAP,accepted=false,recoveryGain=true,qGain=-0.10796358745899885,fe=497773
formalLocal:outer=61,slot=5,pass=0,op=O7_MA_LOAD_TRANSFER,accepted=false,recoveryGain=true,qGain=-0.22776321142655098,fe=497774
formalLocal:outer=61,slot=5,pass=0,op=O8_MA_WEAK_TO_STRONG,accepted=false,recoveryGain=true,qGain=-0.16929682627639742,fe=497775
formalLocal:outer=61,slot=5,pass=0,op=O9_MA_SWAP,accepted=false,recoveryGain=true,qGain=-0.02963608882509434,fe=497776
formalLocal:outer=61,slot=5,pass=1,op=O1_JS_INSERT,accepted=false,recoveryGain=true,qGain=-0.09860024747784873,fe=497777
formalLocal:outer=61,slot=5,pass=1,op=O2_JS_REVERSE,accepted=false,recoveryGain=true,qGain=-0.05087383623467982,fe=497778
formalLocal:outer=61,slot=5,pass=1,op=O3_JS_SWAP,accepted=true,recoveryGain=true,qGain=9.461705338320892E-5,fe=497779
formalLocal:outer=61,slot=5,pass=1,op=O4_WA_LOAD_TRANSFER,accepted=false,recoveryGain=true,qGain=-0.11539931153915822,fe=497780
formalLocal:outer=61,slot=5,pass=1,op=O5_WA_WEAK_TO_STRONG,accepted=true,recoveryGain=true,qGain=0.03679916457423487,fe=497781
formalLocal:outer=61,slot=5,pass=1,op=O6_WA_SWAP,accepted=false,recoveryGain=true,qGain=-0.07527867485525819,fe=497782
formalLocal:outer=61,slot=5,pass=1,op=O7_MA_LOAD_TRANSFER,accepted=false,recoveryGain=true,qGain=-0.15930646944866367,fe=497783
formalLocal:outer=61,slot=5,pass=1,op=O8_MA_WEAK_TO_STRONG,accepted=true,recoveryGain=true,qGain=0.0157121086103612,fe=497784
formalLocal:outer=61,slot=5,pass=1,op=O9_MA_SWAP,accepted=true,recoveryGain=true,qGain=0.09042623620868939,fe=497785
formalLocal:outer=61,slot=5,pass=2,op=O1_JS_INSERT,accepted=false,recoveryGain=true,qGain=-0.09426350162008691,fe=497786
formalLocal:outer=61,slot=5,pass=2,op=O2_JS_REVERSE,accepted=true,recoveryGain=true,qGain=0.08943524205958564,fe=497787
formalLocal:outer=61,slot=5,pass=2,op=O3_JS_SWAP,accepted=false,recoveryGain=true,qGain=-0.6689472437106323,fe=497788
formalLocal:outer=61,slot=5,pass=2,op=O4_WA_LOAD_TRANSFER,accepted=false,recoveryGain=true,qGain=-0.09645291804633913,fe=497789
formalLocal:outer=61,slot=5,pass=2,op=O5_WA_WEAK_TO_STRONG,accepted=false,recoveryGain=true,qGain=-0.41482565748431444,fe=497790
formalLocal:outer=61,slot=5,pass=2,op=O6_WA_SWAP,accepted=false,recoveryGain=true,qGain=-0.15522681549165598,fe=497791
formalLocal:outer=61,slot=5,pass=2,op=O7_MA_LOAD_TRANSFER,accepted=false,recoveryGain=true,qGain=-0.5030252156442002,fe=497792
formalLocal:outer=61,slot=5,pass=2,op=O8_MA_WEAK_TO_STRONG,accepted=false,recoveryGain=true,qGain=-0.05407013514410102,fe=497793
formalLocal:outer=61,slot=5,pass=2,op=O9_MA_SWAP,accepted=false,recoveryGain=true,qGain=-0.2167425504712745,fe=497794
formalLocal:outer=61,slot=5,pass=3,op=O1_JS_INSERT,accepted=false,recoveryGain=true,qGain=-0.2590036394401563,fe=497795
formalLocal:outer=61,slot=5,pass=3,op=O2_JS_REVERSE,accepted=false,recoveryGain=true,qGain=-0.4927014467399906,fe=497796
formalLocal:outer=61,slot=5,pass=3,op=O3_JS_SWAP,accepted=false,recoveryGain=true,qGain=-0.30198648315648213,fe=497797
formalLocal:outer=61,slot=5,pass=3,op=O4_WA_LOAD_TRANSFER,accepted=false,recoveryGain=true,qGain=-0.09645291804633913,fe=497798
formalLocal:outer=61,slot=5,pass=3,op=O5_WA_WEAK_TO_STRONG,accepted=false,recoveryGain=true,qGain=-0.41482565748431444,fe=497799
formalLocal:outer=61,slot=5,pass=3,op=O6_WA_SWAP,accepted=false,recoveryGain=true,qGain=-0.15522681549165598,fe=497800
formalLocal:outer=61,slot=5,pass=3,op=O7_MA_LOAD_TRANSFER,accepted=false,recoveryGain=true,qGain=-0.5030252156442002,fe=497801
formalLocal:outer=61,slot=5,pass=3,op=O8_MA_WEAK_TO_STRONG,accepted=false,recoveryGain=true,qGain=-0.05407013514410102,fe=497802
formalLocal:outer=61,slot=5,pass=3,op=O9_MA_SWAP,accepted=false,recoveryGain=true,qGain=-0.2167425504712745,fe=497803
formalLocal:outer=61,slot=5,pass=4,op=O1_JS_INSERT,accepted=false,recoveryGain=true,qGain=-0.1864875187165195,fe=497804
formalLocal:outer=61,slot=5,pass=4,op=O2_JS_REVERSE,accepted=false,recoveryGain=true,qGain=0.0,fe=497805
formalLocal:outer=61,slot=5,pass=4,op=O3_JS_SWAP,accepted=false,recoveryGain=true,qGain=-0.8048723895118883,fe=497806
formalLocal:outer=61,slot=5,pass=4,op=O4_WA_LOAD_TRANSFER,accepted=false,recoveryGain=true,qGain=-0.09645291804633913,fe=497807
formalLocal:outer=61,slot=5,pass=4,op=O5_WA_WEAK_TO_STRONG,accepted=false,recoveryGain=true,qGain=-0.41482565748431444,fe=497808
formalLocal:outer=61,slot=5,pass=4,op=O6_WA_SWAP,accepted=false,recoveryGain=true,qGain=-0.15522681549165598,fe=497809
formalLocal:outer=61,slot=5,pass=4,op=O7_MA_LOAD_TRANSFER,accepted=false,recoveryGain=true,qGain=-0.5030252156442002,fe=497810
formalLocal:outer=61,slot=5,pass=4,op=O8_MA_WEAK_TO_STRONG,accepted=false,recoveryGain=true,qGain=-0.05407013514410102,fe=497811
formalLocal:outer=61,slot=5,pass=4,op=O9_MA_SWAP,accepted=false,recoveryGain=true,qGain=-0.2167425504712745,fe=497812
formalLocal:outer=61,slot=5,pass=5,op=O1_JS_INSERT,accepted=false,recoveryGain=true,qGain=-1.0,fe=497813
formalLocal:outer=61,slot=5,pass=5,op=O2_JS_REVERSE,accepted=false,recoveryGain=true,qGain=-0.827074595944065,fe=497814
formalLocal:outer=61,slot=5,pass=5,op=O3_JS_SWAP,accepted=false,recoveryGain=true,qGain=-0.45226637017385013,fe=497815
formalLocal:outer=61,slot=5,pass=5,op=O4_WA_LOAD_TRANSFER,accepted=false,recoveryGain=true,qGain=-0.09645291804633913,fe=497816
formalLocal:outer=61,slot=5,pass=5,op=O5_WA_WEAK_TO_STRONG,accepted=false,recoveryGain=true,qGain=-0.41482565748431444,fe=497817
formalLocal:outer=61,slot=5,pass=5,op=O6_WA_SWAP,accepted=false,recoveryGain=true,qGain=-0.15522681549165598,fe=497818
formalLocal:outer=61,slot=5,pass=5,op=O7_MA_LOAD_TRANSFER,accepted=false,recoveryGain=true,qGain=-0.5030252156442002,fe=497819
formalLocal:outer=61,slot=5,pass=5,op=O8_MA_WEAK_TO_STRONG,accepted=false,recoveryGain=true,qGain=-0.05407013514410102,fe=497820
formalLocal:outer=61,slot=5,pass=5,op=O9_MA_SWAP,accepted=false,recoveryGain=true,qGain=-0.2167425504712745,fe=497821
formalLocal:outer=61,slot=5,pass=6,op=O1_JS_INSERT,accepted=false,recoveryGain=true,qGain=-0.2997455078302181,fe=497822
formalLocal:outer=61,slot=5,pass=6,op=O2_JS_REVERSE,accepted=false,recoveryGain=true,qGain=0.0,fe=497823
formalLocal:outer=61,slot=5,pass=6,op=O3_JS_SWAP,accepted=false,recoveryGain=true,qGain=-0.7824608196442312,fe=497824
formalLocal:outer=61,slot=5,pass=6,op=O4_WA_LOAD_TRANSFER,accepted=false,recoveryGain=true,qGain=-0.09645291804633913,fe=497825
formalLocal:outer=61,slot=5,pass=6,op=O5_WA_WEAK_TO_STRONG,accepted=false,recoveryGain=true,qGain=-0.41482565748431444,fe=497826
formalLocal:outer=61,slot=5,pass=6,op=O6_WA_SWAP,accepted=false,recoveryGain=true,qGain=-0.15522681549165598,fe=497827
formalLocal:outer=61,slot=5,pass=6,op=O7_MA_LOAD_TRANSFER,accepted=false,recoveryGain=true,qGain=-0.5030252156442002,fe=497828
formalLocal:outer=61,slot=5,pass=6,op=O8_MA_WEAK_TO_STRONG,accepted=false,recoveryGain=true,qGain=-0.05407013514410102,fe=497829
formalLocal:outer=61,slot=5,pass=6,op=O9_MA_SWAP,accepted=false,recoveryGain=true,qGain=-0.2167425504712745,fe=497830
formalLocal:outer=61,slot=5,pass=7,op=O1_JS_INSERT,accepted=false,recoveryGain=true,qGain=-0.22062816331964516,fe=497831
formalLocal:outer=61,slot=5,pass=7,op=O2_JS_REVERSE,accepted=false,recoveryGain=true,qGain=-0.16949805056922154,fe=497832
formalLocal:outer=61,slot=5,pass=7,op=O3_JS_SWAP,accepted=false,recoveryGain=true,qGain=-0.3967923504543053,fe=497833
formalLocal:outer=61,slot=5,pass=7,op=O4_WA_LOAD_TRANSFER,accepted=false,recoveryGain=true,qGain=-0.09645291804633913,fe=497834
formalLocal:outer=61,slot=5,pass=7,op=O5_WA_WEAK_TO_STRONG,accepted=false,recoveryGain=true,qGain=-0.41482565748431444,fe=497835
formalLocal:outer=61,slot=5,pass=7,op=O6_WA_SWAP,accepted=false,recoveryGain=true,qGain=-0.15522681549165598,fe=497836
formalLocal:outer=61,slot=5,pass=7,op=O7_MA_LOAD_TRANSFER,accepted=false,recoveryGain=true,qGain=-0.5030252156442002,fe=497837
formalLocal:outer=61,slot=5,pass=7,op=O8_MA_WEAK_TO_STRONG,accepted=false,recoveryGain=true,qGain=-0.05407013514410102,fe=497838
formalLocal:outer=61,slot=5,pass=7,op=O9_MA_SWAP,accepted=false,recoveryGain=true,qGain=-0.2167425504712745,fe=497839
formalLocal:outer=61,slot=5,pass=8,op=O1_JS_INSERT,accepted=false,recoveryGain=true,qGain=-0.15987673173196515,fe=497840
formalLocal:outer=61,slot=5,pass=8,op=O2_JS_REVERSE,accepted=false,recoveryGain=true,qGain=-0.4018331727844045,fe=497841
formalLocal:outer=61,slot=5,pass=8,op=O3_JS_SWAP,accepted=false,recoveryGain=true,qGain=-0.587667296397723,fe=497842
formalLocal:outer=61,slot=5,pass=8,op=O4_WA_LOAD_TRANSFER,accepted=false,recoveryGain=true,qGain=-0.09645291804633913,fe=497843
formalLocal:outer=61,slot=5,pass=8,op=O5_WA_WEAK_TO_STRONG,accepted=false,recoveryGain=true,qGain=-0.41482565748431444,fe=497844
formalLocal:outer=61,slot=5,pass=8,op=O6_WA_SWAP,accepted=false,recoveryGain=true,qGain=-0.15522681549165598,fe=497845
formalLocal:outer=61,slot=5,pass=8,op=O7_MA_LOAD_TRANSFER,accepted=false,recoveryGain=true,qGain=-0.5030252156442002,fe=497846
formalLocal:outer=61,slot=5,pass=8,op=O8_MA_WEAK_TO_STRONG,accepted=false,recoveryGain=true,qGain=-0.05407013514410102,fe=497847
formalLocal:outer=61,slot=5,pass=8,op=O9_MA_SWAP,accepted=false,recoveryGain=true,qGain=-0.2167425504712745,fe=497848
formalLocal:outer=61,slot=5,pass=9,op=O1_JS_INSERT,accepted=false,recoveryGain=true,qGain=-0.5475232976407567,fe=497849
formalLocal:outer=61,slot=5,pass=9,op=O2_JS_REVERSE,accepted=false,recoveryGain=true,qGain=-0.16700619424094396,fe=497850
formalLocal:outer=61,slot=5,pass=9,op=O3_JS_SWAP,accepted=false,recoveryGain=true,qGain=-0.16906467637963943,fe=497851
formalLocal:outer=61,slot=5,pass=9,op=O4_WA_LOAD_TRANSFER,accepted=false,recoveryGain=true,qGain=-0.09645291804633913,fe=497852
formalLocal:outer=61,slot=5,pass=9,op=O5_WA_WEAK_TO_STRONG,accepted=false,recoveryGain=true,qGain=-0.41482565748431444,fe=497853
formalLocal:outer=61,slot=5,pass=9,op=O6_WA_SWAP,accepted=false,recoveryGain=true,qGain=-0.15522681549165598,fe=497854
formalLocal:outer=61,slot=5,pass=9,op=O7_MA_LOAD_TRANSFER,accepted=false,recoveryGain=true,qGain=-0.5030252156442002,fe=497855
formalLocal:outer=61,slot=5,pass=9,op=O8_MA_WEAK_TO_STRONG,accepted=false,recoveryGain=true,qGain=-0.05407013514410102,fe=497856
formalLocal:outer=61,slot=5,pass=9,op=O9_MA_SWAP,accepted=false,recoveryGain=true,qGain=-0.2167425504712745,fe=497857
formalLocal:outer=61,slot=5,pass=10,op=O1_JS_INSERT,accepted=false,recoveryGain=true,qGain=-0.19522924354787488,fe=497858
formalLocal:outer=61,slot=5,pass=10,op=O2_JS_REVERSE,accepted=false,recoveryGain=true,qGain=-0.08395598358093473,fe=497859
formalLocal:outer=61,slot=5,pass=10,op=O3_JS_SWAP,accepted=false,recoveryGain=true,qGain=-0.4283827187663259,fe=497860
formalLocal:outer=61,slot=5,pass=10,op=O4_WA_LOAD_TRANSFER,accepted=false,recoveryGain=true,qGain=-0.09645291804633913,fe=497861
formalLocal:outer=61,slot=5,pass=10,op=O5_WA_WEAK_TO_STRONG,accepted=false,recoveryGain=true,qGain=-0.41482565748431444,fe=497862
formalLocal:outer=61,slot=5,pass=10,op=O6_WA_SWAP,accepted=false,recoveryGain=true,qGain=-0.15522681549165598,fe=497863
formalLocal:outer=61,slot=5,pass=10,op=O7_MA_LOAD_TRANSFER,accepted=false,recoveryGain=true,qGain=-0.5030252156442002,fe=497864
formalLocal:outer=61,slot=5,pass=10,op=O8_MA_WEAK_TO_STRONG,accepted=false,recoveryGain=true,qGain=-0.05407013514410102,fe=497865
formalLocal:outer=61,slot=5,pass=10,op=O9_MA_SWAP,accepted=false,recoveryGain=true,qGain=-0.2167425504712745,fe=497866
formalLocal:outer=61,slot=5,pass=11,op=O1_JS_INSERT,accepted=true,recoveryGain=true,qGain=0.11717794881448539,fe=497867
formalLocal:outer=61,slot=5,pass=11,op=O2_JS_REVERSE,accepted=false,recoveryGain=true,qGain=-0.5855853126508009,fe=497868
formalLocal:outer=61,slot=5,pass=11,op=O3_JS_SWAP,accepted=false,recoveryGain=true,qGain=-0.5644910353102619,fe=497869
formalLocal:outer=61,slot=5,pass=11,op=O4_WA_LOAD_TRANSFER,accepted=false,recoveryGain=true,qGain=-0.14389766157433528,fe=497870
formalLocal:outer=61,slot=5,pass=11,op=O5_WA_WEAK_TO_STRONG,accepted=false,recoveryGain=true,qGain=-0.46974131706988964,fe=497871
formalLocal:outer=61,slot=5,pass=11,op=O6_WA_SWAP,accepted=false,recoveryGain=true,qGain=-0.4065598989794453,fe=497872
formalLocal:outer=61,slot=5,pass=11,op=O7_MA_LOAD_TRANSFER,accepted=false,recoveryGain=true,qGain=-0.703300377285446,fe=497873
formalLocal:outer=61,slot=5,pass=11,op=O8_MA_WEAK_TO_STRONG,accepted=false,recoveryGain=true,qGain=-0.16964405035161778,fe=497874
formalLocal:outer=61,slot=5,pass=11,op=O9_MA_SWAP,accepted=false,recoveryGain=true,qGain=-0.41017863506148877,fe=497875
formalLocal:outer=61,slot=5,pass=12,op=O1_JS_INSERT,accepted=false,recoveryGain=true,qGain=-0.4903927682408639,fe=497876
formalLocal:outer=61,slot=5,pass=12,op=O2_JS_REVERSE,accepted=false,recoveryGain=true,qGain=-1.0,fe=497877
formalLocal:outer=61,slot=5,pass=12,op=O3_JS_SWAP,accepted=false,recoveryGain=true,qGain=-1.0,fe=497878
formalLocal:outer=61,slot=5,pass=12,op=O4_WA_LOAD_TRANSFER,accepted=false,recoveryGain=true,qGain=-0.14389766157433528,fe=497879
formalLocal:outer=61,slot=5,pass=12,op=O5_WA_WEAK_TO_STRONG,accepted=false,recoveryGain=true,qGain=-0.46974131706988964,fe=497880
formalLocal:outer=61,slot=5,pass=12,op=O6_WA_SWAP,accepted=false,recoveryGain=true,qGain=-0.4065598989794453,fe=497881
formalLocal:outer=61,slot=5,pass=12,op=O7_MA_LOAD_TRANSFER,accepted=false,recoveryGain=true,qGain=-0.703300377285446,fe=497882
formalLocal:outer=61,slot=5,pass=12,op=O8_MA_WEAK_TO_STRONG,accepted=false,recoveryGain=true,qGain=-0.16964405035161778,fe=497883
formalLocal:outer=61,slot=5,pass=12,op=O9_MA_SWAP,accepted=false,recoveryGain=true,qGain=-0.41017863506148877,fe=497884
formalLocal:outer=61,slot=5,pass=13,op=O1_JS_INSERT,accepted=false,recoveryGain=true,qGain=0.0,fe=497885
formalLocal:outer=61,slot=5,pass=13,op=O2_JS_REVERSE,accepted=false,recoveryGain=true,qGain=-0.5628540074793954,fe=497886
formalLocal:outer=61,slot=5,pass=13,op=O3_JS_SWAP,accepted=false,recoveryGain=true,qGain=-0.32140672562400274,fe=497887
formalLocal:outer=61,slot=5,pass=13,op=O4_WA_LOAD_TRANSFER,accepted=false,recoveryGain=true,qGain=-0.14389766157433528,fe=497888
formalLocal:outer=61,slot=5,pass=13,op=O5_WA_WEAK_TO_STRONG,accepted=false,recoveryGain=true,qGain=-0.46974131706988964,fe=497889
formalLocal:outer=61,slot=5,pass=13,op=O6_WA_SWAP,accepted=false,recoveryGain=true,qGain=-0.4065598989794453,fe=497890
formalLocal:outer=61,slot=5,pass=13,op=O7_MA_LOAD_TRANSFER,accepted=false,recoveryGain=true,qGain=-0.703300377285446,fe=497891
formalLocal:outer=61,slot=5,pass=13,op=O8_MA_WEAK_TO_STRONG,accepted=false,recoveryGain=true,qGain=-0.16964405035161778,fe=497892
formalLocal:outer=61,slot=5,pass=13,op=O9_MA_SWAP,accepted=false,recoveryGain=true,qGain=-0.41017863506148877,fe=497893
formalLocal:outer=61,slot=5,pass=14,op=O1_JS_INSERT,accepted=false,recoveryGain=true,qGain=-0.8353008720886771,fe=497894
formalLocal:outer=61,slot=5,pass=14,op=O2_JS_REVERSE,accepted=false,recoveryGain=true,qGain=-0.592483484352131,fe=497895
formalLocal:outer=61,slot=5,pass=14,op=O3_JS_SWAP,accepted=false,recoveryGain=true,qGain=-1.0,fe=497896
formalLocal:outer=61,slot=5,pass=14,op=O4_WA_LOAD_TRANSFER,accepted=false,recoveryGain=true,qGain=-0.14389766157433528,fe=497897
formalLocal:outer=61,slot=5,pass=14,op=O5_WA_WEAK_TO_STRONG,accepted=false,recoveryGain=true,qGain=-0.46974131706988964,fe=497898
formalLocal:outer=61,slot=5,pass=14,op=O6_WA_SWAP,accepted=false,recoveryGain=true,qGain=-0.4065598989794453,fe=497899
formalLocal:outer=61,slot=5,pass=14,op=O7_MA_LOAD_TRANSFER,accepted=false,recoveryGain=true,qGain=-0.703300377285446,fe=497900
formalLocal:outer=61,slot=5,pass=14,op=O8_MA_WEAK_TO_STRONG,accepted=false,recoveryGain=true,qGain=-0.16964405035161778,fe=497901
formalLocal:outer=61,slot=5,pass=14,op=O9_MA_SWAP,accepted=false,recoveryGain=true,qGain=-0.41017863506148877,fe=497902
formalLocal:outer=61,slot=5,pass=15,op=O1_JS_INSERT,accepted=false,recoveryGain=true,qGain=-0.2453321359339244,fe=497903
formalLocal:outer=61,slot=5,pass=15,op=O2_JS_REVERSE,accepted=false,recoveryGain=true,qGain=-0.23261668081415884,fe=497904
formalLocal:outer=61,slot=5,pass=15,op=O3_JS_SWAP,accepted=true,recoveryGain=true,qGain=0.019101024259147184,fe=497905
formalLocal:outer=61,slot=5,pass=15,op=O4_WA_LOAD_TRANSFER,accepted=false,recoveryGain=true,qGain=-0.22439948559673387,fe=497906
formalLocal:outer=61,slot=5,pass=15,op=O5_WA_WEAK_TO_STRONG,accepted=false,recoveryGain=true,qGain=-0.4549779143078039,fe=497907
formalLocal:outer=61,slot=5,pass=15,op=O6_WA_SWAP,accepted=false,recoveryGain=true,qGain=-0.4199824887861346,fe=497908
formalLocal:outer=61,slot=5,pass=15,op=O7_MA_LOAD_TRANSFER,accepted=false,recoveryGain=true,qGain=-0.7421519853227199,fe=497909
formalLocal:outer=61,slot=5,pass=15,op=O8_MA_WEAK_TO_STRONG,accepted=false,recoveryGain=true,qGain=-0.14208037078520336,fe=497910
formalLocal:outer=61,slot=5,pass=15,op=O9_MA_SWAP,accepted=false,recoveryGain=true,qGain=-0.3946765219493499,fe=497911
formalLocal:outer=61,slot=5,pass=16,op=O1_JS_INSERT,accepted=false,recoveryGain=true,qGain=-0.3170787593067189,fe=497912
formalLocal:outer=61,slot=5,pass=16,op=O2_JS_REVERSE,accepted=false,recoveryGain=true,qGain=-0.47304786425836487,fe=497913
formalLocal:outer=61,slot=5,pass=16,op=O3_JS_SWAP,accepted=false,recoveryGain=true,qGain=-0.8386350342872142,fe=497914
formalLocal:outer=61,slot=5,pass=16,op=O4_WA_LOAD_TRANSFER,accepted=false,recoveryGain=true,qGain=-0.22439948559673387,fe=497915
formalLocal:outer=61,slot=5,pass=16,op=O5_WA_WEAK_TO_STRONG,accepted=false,recoveryGain=true,qGain=-0.4549779143078039,fe=497916
formalLocal:outer=61,slot=5,pass=16,op=O6_WA_SWAP,accepted=false,recoveryGain=true,qGain=-0.4199824887861346,fe=497917
formalLocal:outer=61,slot=5,pass=16,op=O7_MA_LOAD_TRANSFER,accepted=false,recoveryGain=true,qGain=-0.7421519853227199,fe=497918
formalLocal:outer=61,slot=5,pass=16,op=O8_MA_WEAK_TO_STRONG,accepted=false,recoveryGain=true,qGain=-0.14208037078520336,fe=497919
formalLocal:outer=61,slot=5,pass=16,op=O9_MA_SWAP,accepted=false,recoveryGain=true,qGain=-0.3946765219493499,fe=497920
formalLocal:outer=61,slot=5,pass=17,op=O1_JS_INSERT,accepted=false,recoveryGain=true,qGain=-0.29079314523548616,fe=497921
formalLocal:outer=61,slot=5,pass=17,op=O2_JS_REVERSE,accepted=false,recoveryGain=true,qGain=-0.39873616579918064,fe=497922
formalLocal:outer=61,slot=5,pass=17,op=O3_JS_SWAP,accepted=false,recoveryGain=true,qGain=-0.44046792391554734,fe=497923
formalLocal:outer=61,slot=5,pass=17,op=O4_WA_LOAD_TRANSFER,accepted=false,recoveryGain=true,qGain=-0.22439948559673387,fe=497924
formalLocal:outer=61,slot=5,pass=17,op=O5_WA_WEAK_TO_STRONG,accepted=false,recoveryGain=true,qGain=-0.4549779143078039,fe=497925
formalLocal:outer=61,slot=5,pass=17,op=O6_WA_SWAP,accepted=false,recoveryGain=true,qGain=-0.4199824887861346,fe=497926
formalLocal:outer=61,slot=5,pass=17,op=O7_MA_LOAD_TRANSFER,accepted=false,recoveryGain=true,qGain=-0.7421519853227199,fe=497927
formalLocal:outer=61,slot=5,pass=17,op=O8_MA_WEAK_TO_STRONG,accepted=false,recoveryGain=true,qGain=-0.14208037078520336,fe=497928
formalLocal:outer=61,slot=5,pass=17,op=O9_MA_SWAP,accepted=false,recoveryGain=true,qGain=-0.3946765219493499,fe=497929
formalLocal:outer=61,slot=5,pass=18,op=O1_JS_INSERT,accepted=false,recoveryGain=true,qGain=-0.6475711068167057,fe=497930
formalLocal:outer=61,slot=5,pass=18,op=O2_JS_REVERSE,accepted=false,recoveryGain=true,qGain=-0.39339039372308576,fe=497931
formalLocal:outer=61,slot=5,pass=18,op=O3_JS_SWAP,accepted=false,recoveryGain=true,qGain=-0.31596852535214465,fe=497932
formalLocal:outer=61,slot=5,pass=18,op=O4_WA_LOAD_TRANSFER,accepted=false,recoveryGain=true,qGain=-0.22439948559673387,fe=497933
formalLocal:outer=61,slot=5,pass=18,op=O5_WA_WEAK_TO_STRONG,accepted=false,recoveryGain=true,qGain=-0.4549779143078039,fe=497934
formalLocal:outer=61,slot=5,pass=18,op=O6_WA_SWAP,accepted=false,recoveryGain=true,qGain=-0.4199824887861346,fe=497935
formalLocal:outer=61,slot=5,pass=18,op=O7_MA_LOAD_TRANSFER,accepted=false,recoveryGain=true,qGain=-0.7421519853227199,fe=497936
formalLocal:outer=61,slot=5,pass=18,op=O8_MA_WEAK_TO_STRONG,accepted=false,recoveryGain=true,qGain=-0.14208037078520336,fe=497937
formalLocal:outer=61,slot=5,pass=18,op=O9_MA_SWAP,accepted=false,recoveryGain=true,qGain=-0.3946765219493499,fe=497938
formalLocal:outer=61,slot=5,pass=19,op=O1_JS_INSERT,accepted=false,recoveryGain=true,qGain=-0.272169731615385,fe=497939
formalLocal:outer=61,slot=5,pass=19,op=O2_JS_REVERSE,accepted=false,recoveryGain=true,qGain=-0.6301542231269133,fe=497940
formalLocal:outer=61,slot=5,pass=19,op=O3_JS_SWAP,accepted=false,recoveryGain=true,qGain=-0.3657997019614987,fe=497941
formalLocal:outer=61,slot=5,pass=19,op=O4_WA_LOAD_TRANSFER,accepted=false,recoveryGain=true,qGain=-0.22439948559673387,fe=497942
formalLocal:outer=61,slot=5,pass=19,op=O5_WA_WEAK_TO_STRONG,accepted=false,recoveryGain=true,qGain=-0.4549779143078039,fe=497943
formalLocal:outer=61,slot=5,pass=19,op=O6_WA_SWAP,accepted=false,recoveryGain=true,qGain=-0.4199824887861346,fe=497944
formalLocal:outer=61,slot=5,pass=19,op=O7_MA_LOAD_TRANSFER,accepted=false,recoveryGain=true,qGain=-0.7421519853227199,fe=497945
formalLocal:outer=61,slot=5,pass=19,op=O8_MA_WEAK_TO_STRONG,accepted=false,recoveryGain=true,qGain=-0.14208037078520336,fe=497946
formalLocal:outer=61,slot=5,pass=19,op=O9_MA_SWAP,accepted=false,recoveryGain=true,qGain=-0.3946765219493499,fe=497947
formalLocal:outer=61,slot=5,pass=20,op=O1_JS_INSERT,accepted=false,recoveryGain=true,qGain=-0.39628009940484965,fe=497948
formalLocal:outer=61,slot=5,pass=20,op=O2_JS_REVERSE,accepted=false,recoveryGain=true,qGain=-0.8780173457713046,fe=497949
formalLocal:outer=61,slot=5,pass=20,op=O3_JS_SWAP,accepted=false,recoveryGain=true,qGain=-0.22652547216967103,fe=497950
formalLocal:outer=61,slot=5,pass=20,op=O4_WA_LOAD_TRANSFER,accepted=false,recoveryGain=true,qGain=-0.22439948559673387,fe=497951
formalLocal:outer=61,slot=5,pass=20,op=O5_WA_WEAK_TO_STRONG,accepted=false,recoveryGain=true,qGain=-0.4549779143078039,fe=497952
formalLocal:outer=61,slot=5,pass=20,op=O6_WA_SWAP,accepted=false,recoveryGain=true,qGain=-0.4199824887861346,fe=497953
formalLocal:outer=61,slot=5,pass=20,op=O7_MA_LOAD_TRANSFER,accepted=false,recoveryGain=true,qGain=-0.7421519853227199,fe=497954
formalLocal:outer=61,slot=5,pass=20,op=O8_MA_WEAK_TO_STRONG,accepted=false,recoveryGain=true,qGain=-0.14208037078520336,fe=497955
formalLocal:outer=61,slot=5,pass=20,op=O9_MA_SWAP,accepted=false,recoveryGain=true,qGain=-0.3946765219493499,fe=497956
formalLocal:outer=61,slot=5,pass=21,op=O1_JS_INSERT,accepted=false,recoveryGain=true,qGain=-0.2998262876135181,fe=497957
formalLocal:outer=61,slot=5,pass=21,op=O2_JS_REVERSE,accepted=false,recoveryGain=true,qGain=-0.8887459426414496,fe=497958
formalLocal:outer=61,slot=5,pass=21,op=O3_JS_SWAP,accepted=false,recoveryGain=true,qGain=-0.2051336872910657,fe=497959
formalLocal:outer=61,slot=5,pass=21,op=O4_WA_LOAD_TRANSFER,accepted=false,recoveryGain=true,qGain=-0.22439948559673387,fe=497960
formalLocal:outer=61,slot=5,pass=21,op=O5_WA_WEAK_TO_STRONG,accepted=false,recoveryGain=true,qGain=-0.4549779143078039,fe=497961
formalLocal:outer=61,slot=5,pass=21,op=O6_WA_SWAP,accepted=false,recoveryGain=true,qGain=-0.4199824887861346,fe=497962
formalLocal:outer=61,slot=5,pass=21,op=O7_MA_LOAD_TRANSFER,accepted=false,recoveryGain=true,qGain=-0.7421519853227199,fe=497963
formalLocal:outer=61,slot=5,pass=21,op=O8_MA_WEAK_TO_STRONG,accepted=false,recoveryGain=true,qGain=-0.14208037078520336,fe=497964
formalLocal:outer=61,slot=5,pass=21,op=O9_MA_SWAP,accepted=false,recoveryGain=true,qGain=-0.3946765219493499,fe=497965
formalLocal:outer=61,slot=5,pass=22,op=O1_JS_INSERT,accepted=false,recoveryGain=true,qGain=0.0,fe=497966
formalLocal:outer=61,slot=5,pass=22,op=O2_JS_REVERSE,accepted=false,recoveryGain=true,qGain=-0.17749651070584685,fe=497967
formalLocal:outer=61,slot=5,pass=22,op=O3_JS_SWAP,accepted=false,recoveryGain=true,qGain=-0.24069419780395154,fe=497968
formalLocal:outer=61,slot=5,pass=22,op=O4_WA_LOAD_TRANSFER,accepted=false,recoveryGain=true,qGain=-0.22439948559673387,fe=497969
formalLocal:outer=61,slot=5,pass=22,op=O5_WA_WEAK_TO_STRONG,accepted=false,recoveryGain=true,qGain=-0.4549779143078039,fe=497970
formalLocal:outer=61,slot=5,pass=22,op=O6_WA_SWAP,accepted=false,recoveryGain=true,qGain=-0.4199824887861346,fe=497971
formalLocal:outer=61,slot=5,pass=22,op=O7_MA_LOAD_TRANSFER,accepted=false,recoveryGain=true,qGain=-0.7421519853227199,fe=497972
formalLocal:outer=61,slot=5,pass=22,op=O8_MA_WEAK_TO_STRONG,accepted=false,recoveryGain=true,qGain=-0.14208037078520336,fe=497973
formalLocal:outer=61,slot=5,pass=22,op=O9_MA_SWAP,accepted=false,recoveryGain=true,qGain=-0.3946765219493499,fe=497974
formalLocal:outer=61,slot=5,pass=23,op=O1_JS_INSERT,accepted=false,recoveryGain=true,qGain=-0.5830647811111133,fe=497975
formalLocal:outer=61,slot=5,pass=23,op=O2_JS_REVERSE,accepted=false,recoveryGain=true,qGain=-0.8759055822550518,fe=497976
formalLocal:outer=61,slot=5,pass=23,op=O3_JS_SWAP,accepted=false,recoveryGain=true,qGain=-1.0,fe=497977
formalLocal:outer=61,slot=5,pass=23,op=O4_WA_LOAD_TRANSFER,accepted=false,recoveryGain=true,qGain=-0.22439948559673387,fe=497978
formalLocal:outer=61,slot=5,pass=23,op=O5_WA_WEAK_TO_STRONG,accepted=false,recoveryGain=true,qGain=-0.4549779143078039,fe=497979
formalLocal:outer=61,slot=5,pass=23,op=O6_WA_SWAP,accepted=false,recoveryGain=true,qGain=-0.4199824887861346,fe=497980
formalLocal:outer=61,slot=5,pass=23,op=O7_MA_LOAD_TRANSFER,accepted=false,recoveryGain=true,qGain=-0.7421519853227199,fe=497981
formalLocal:outer=61,slot=5,pass=23,op=O8_MA_WEAK_TO_STRONG,accepted=false,recoveryGain=true,qGain=-0.14208037078520336,fe=497982
formalLocal:outer=61,slot=5,pass=23,op=O9_MA_SWAP,accepted=false,recoveryGain=true,qGain=-0.3946765219493499,fe=497983
formalLocal:outer=61,slot=5,pass=24,op=O1_JS_INSERT,accepted=false,recoveryGain=true,qGain=-0.5178908871685682,fe=497984
formalLocal:outer=61,slot=5,pass=24,op=O2_JS_REVERSE,accepted=false,recoveryGain=true,qGain=-0.8069021144372486,fe=497985
formalLocal:outer=61,slot=5,pass=24,op=O3_JS_SWAP,accepted=false,recoveryGain=true,qGain=-0.2822573293282574,fe=497986
formalLocal:outer=61,slot=5,pass=24,op=O4_WA_LOAD_TRANSFER,accepted=false,recoveryGain=true,qGain=-0.22439948559673387,fe=497987
formalLocal:outer=61,slot=5,pass=24,op=O5_WA_WEAK_TO_STRONG,accepted=false,recoveryGain=true,qGain=-0.4549779143078039,fe=497988
formalLocal:outer=61,slot=5,pass=24,op=O6_WA_SWAP,accepted=false,recoveryGain=true,qGain=-0.4199824887861346,fe=497989
formalLocal:outer=61,slot=5,pass=24,op=O7_MA_LOAD_TRANSFER,accepted=false,recoveryGain=true,qGain=-0.7421519853227199,fe=497990
formalLocal:outer=61,slot=5,pass=24,op=O8_MA_WEAK_TO_STRONG,accepted=false,recoveryGain=true,qGain=-0.14208037078520336,fe=497991
formalLocal:outer=61,slot=5,pass=24,op=O9_MA_SWAP,accepted=false,recoveryGain=true,qGain=-0.3946765219493499,fe=497992
formalLocal:outer=61,slot=5,pass=25,op=O1_JS_INSERT,accepted=false,recoveryGain=true,qGain=-0.459312710260495,fe=497993
formalLocal:outer=61,slot=5,pass=25,op=O2_JS_REVERSE,accepted=false,recoveryGain=true,qGain=-1.0,fe=497994
formalLocal:outer=61,slot=5,pass=25,op=O3_JS_SWAP,accepted=false,recoveryGain=true,qGain=-0.6515430091908319,fe=497995
formalLocal:outer=61,slot=5,pass=25,op=O4_WA_LOAD_TRANSFER,accepted=false,recoveryGain=true,qGain=-0.22439948559673387,fe=497996
formalLocal:outer=61,slot=5,pass=25,op=O5_WA_WEAK_TO_STRONG,accepted=false,recoveryGain=true,qGain=-0.4549779143078039,fe=497997
formalLocal:outer=61,slot=5,pass=25,op=O6_WA_SWAP,accepted=false,recoveryGain=true,qGain=-0.4199824887861346,fe=497998
formalLocal:outer=61,slot=5,pass=25,op=O7_MA_LOAD_TRANSFER,accepted=false,recoveryGain=true,qGain=-0.7421519853227199,fe=497999
formalLocal:outer=61,slot=5,pass=25,op=O8_MA_WEAK_TO_STRONG,accepted=false,recoveryGain=true,qGain=-0.14208037078520336,fe=498000
formalLocal:outer=61,slot=5,pass=25,op=O9_MA_SWAP,accepted=false,recoveryGain=true,qGain=-0.3946765219493499,fe=498001
formalLocal:outer=61,slot=5,pass=26,op=O1_JS_INSERT,accepted=false,recoveryGain=true,qGain=-0.5531512602338541,fe=498002
formalLocal:outer=61,slot=5,pass=26,op=O2_JS_REVERSE,accepted=false,recoveryGain=true,qGain=-0.6355466092220708,fe=498003
formalLocal:outer=61,slot=5,pass=26,op=O3_JS_SWAP,accepted=false,recoveryGain=true,qGain=-0.19308013256147594,fe=498004
formalLocal:outer=61,slot=5,pass=26,op=O4_WA_LOAD_TRANSFER,accepted=false,recoveryGain=true,qGain=-0.22439948559673387,fe=498005
formalLocal:outer=61,slot=5,pass=26,op=O5_WA_WEAK_TO_STRONG,accepted=false,recoveryGain=true,qGain=-0.4549779143078039,fe=498006
formalLocal:outer=61,slot=5,pass=26,op=O6_WA_SWAP,accepted=false,recoveryGain=true,qGain=-0.4199824887861346,fe=498007
formalLocal:outer=61,slot=5,pass=26,op=O7_MA_LOAD_TRANSFER,accepted=false,recoveryGain=true,qGain=-0.7421519853227199,fe=498008
formalLocal:outer=61,slot=5,pass=26,op=O8_MA_WEAK_TO_STRONG,accepted=false,recoveryGain=true,qGain=-0.14208037078520336,fe=498009
formalLocal:outer=61,slot=5,pass=26,op=O9_MA_SWAP,accepted=false,recoveryGain=true,qGain=-0.3946765219493499,fe=498010
formalLocal:outer=61,slot=5,pass=27,op=O1_JS_INSERT,accepted=false,recoveryGain=true,qGain=-0.3684664169104137,fe=498011
formalLocal:outer=61,slot=5,pass=27,op=O2_JS_REVERSE,accepted=false,recoveryGain=true,qGain=-0.463610725371037,fe=498012
formalLocal:outer=61,slot=5,pass=27,op=O3_JS_SWAP,accepted=false,recoveryGain=true,qGain=-0.5743295909234902,fe=498013
formalLocal:outer=61,slot=5,pass=27,op=O4_WA_LOAD_TRANSFER,accepted=false,recoveryGain=true,qGain=-0.22439948559673387,fe=498014
formalLocal:outer=61,slot=5,pass=27,op=O5_WA_WEAK_TO_STRONG,accepted=false,recoveryGain=true,qGain=-0.4549779143078039,fe=498015
formalLocal:outer=61,slot=5,pass=27,op=O6_WA_SWAP,accepted=false,recoveryGain=true,qGain=-0.4199824887861346,fe=498016
formalLocal:outer=61,slot=5,pass=27,op=O7_MA_LOAD_TRANSFER,accepted=false,recoveryGain=true,qGain=-0.7421519853227199,fe=498017
formalLocal:outer=61,slot=5,pass=27,op=O8_MA_WEAK_TO_STRONG,accepted=false,recoveryGain=true,qGain=-0.14208037078520336,fe=498018
formalLocal:outer=61,slot=5,pass=27,op=O9_MA_SWAP,accepted=false,recoveryGain=true,qGain=-0.3946765219493499,fe=498019
formalLocal:outer=61,slot=5,pass=28,op=O1_JS_INSERT,accepted=false,recoveryGain=true,qGain=-0.1539288285251977,fe=498020
formalLocal:outer=61,slot=5,pass=28,op=O2_JS_REVERSE,accepted=false,recoveryGain=true,qGain=-0.5391985846885482,fe=498021
formalLocal:outer=61,slot=5,pass=28,op=O3_JS_SWAP,accepted=false,recoveryGain=true,qGain=-1.0,fe=498022
formalLocal:outer=61,slot=5,pass=28,op=O4_WA_LOAD_TRANSFER,accepted=false,recoveryGain=true,qGain=-0.22439948559673387,fe=498023
formalLocal:outer=61,slot=5,pass=28,op=O5_WA_WEAK_TO_STRONG,accepted=false,recoveryGain=true,qGain=-0.4549779143078039,fe=498024
formalLocal:outer=61,slot=5,pass=28,op=O6_WA_SWAP,accepted=false,recoveryGain=true,qGain=-0.4199824887861346,fe=498025
formalLocal:outer=61,slot=5,pass=28,op=O7_MA_LOAD_TRANSFER,accepted=false,recoveryGain=true,qGain=-0.7421519853227199,fe=498026
formalLocal:outer=61,slot=5,pass=28,op=O8_MA_WEAK_TO_STRONG,accepted=false,recoveryGain=true,qGain=-0.14208037078520336,fe=498027
formalLocal:outer=61,slot=5,pass=28,op=O9_MA_SWAP,accepted=false,recoveryGain=true,qGain=-0.3946765219493499,fe=498028
formalLocal:outer=61,slot=5,pass=29,op=O1_JS_INSERT,accepted=false,recoveryGain=true,qGain=-0.13748839250402553,fe=498029
formalLocal:outer=61,slot=5,pass=29,op=O2_JS_REVERSE,accepted=false,recoveryGain=true,qGain=-0.49669369316844036,fe=498030
formalLocal:outer=61,slot=5,pass=29,op=O3_JS_SWAP,accepted=false,recoveryGain=true,qGain=-0.23323723700214824,fe=498031
formalLocal:outer=61,slot=5,pass=29,op=O4_WA_LOAD_TRANSFER,accepted=false,recoveryGain=true,qGain=-0.22439948559673387,fe=498032
formalLocal:outer=61,slot=5,pass=29,op=O5_WA_WEAK_TO_STRONG,accepted=false,recoveryGain=true,qGain=-0.4549779143078039,fe=498033
formalLocal:outer=61,slot=5,pass=29,op=O6_WA_SWAP,accepted=false,recoveryGain=true,qGain=-0.4199824887861346,fe=498034
formalLocal:outer=61,slot=5,pass=29,op=O7_MA_LOAD_TRANSFER,accepted=false,recoveryGain=true,qGain=-0.7421519853227199,fe=498035
formalLocal:outer=61,slot=5,pass=29,op=O8_MA_WEAK_TO_STRONG,accepted=false,recoveryGain=true,qGain=-0.14208037078520336,fe=498036
formalLocal:outer=61,slot=5,pass=29,op=O9_MA_SWAP,accepted=false,recoveryGain=true,qGain=-0.3946765219493499,fe=498037
formalLocal:outer=61,slot=6,op=CRITICAL_FACTORY_SWAP,accepted=false,fe=498038
formalLocal:outer=61,slot=6,op=CRITICAL_FACTORY_INSERT,accepted=true,fe=498039
formalLocal:outer=61,slot=6,pass=0,op=O1_JS_INSERT,accepted=false,recoveryGain=true,qGain=-0.04990867227379219,fe=498040
formalLocal:outer=61,slot=6,pass=0,op=O2_JS_REVERSE,accepted=false,recoveryGain=true,qGain=-0.007965140941358115,fe=498041
formalLocal:outer=61,slot=6,pass=0,op=O3_JS_SWAP,accepted=true,recoveryGain=true,qGain=0.17885367771546004,fe=498042
formalLocal:outer=61,slot=6,pass=0,op=O4_WA_LOAD_TRANSFER,accepted=false,recoveryGain=true,qGain=-0.01302712016498441,fe=498043
formalLocal:outer=61,slot=6,pass=0,op=O5_WA_WEAK_TO_STRONG,accepted=true,recoveryGain=true,qGain=0.00833249455959718,fe=498044
formalLocal:outer=61,slot=6,pass=0,op=O6_WA_SWAP,accepted=false,recoveryGain=true,qGain=-1.6351355825543973E-5,fe=498045
formalLocal:outer=61,slot=6,pass=0,op=O7_MA_LOAD_TRANSFER,accepted=true,recoveryGain=true,qGain=0.059470981458541065,fe=498046
formalLocal:outer=61,slot=6,pass=0,op=O8_MA_WEAK_TO_STRONG,accepted=false,recoveryGain=true,qGain=-0.06323141581614003,fe=498047
formalLocal:outer=61,slot=6,pass=0,op=O9_MA_SWAP,accepted=false,recoveryGain=true,qGain=-0.029353898078168614,fe=498048
formalLocal:outer=61,slot=6,pass=1,op=O1_JS_INSERT,accepted=true,recoveryGain=true,qGain=0.016150670124539364,fe=498049
formalLocal:outer=61,slot=6,pass=1,op=O2_JS_REVERSE,accepted=false,recoveryGain=true,qGain=-0.21326274808583798,fe=498050
formalLocal:outer=61,slot=6,pass=1,op=O3_JS_SWAP,accepted=false,recoveryGain=true,qGain=-0.16722691626721037,fe=498051
formalLocal:outer=61,slot=6,pass=1,op=O4_WA_LOAD_TRANSFER,accepted=false,recoveryGain=true,qGain=-0.0284858808601074,fe=498052
formalLocal:outer=61,slot=6,pass=1,op=O5_WA_WEAK_TO_STRONG,accepted=false,recoveryGain=true,qGain=-0.035015231696266094,fe=498053
formalLocal:outer=61,slot=6,pass=1,op=O6_WA_SWAP,accepted=true,recoveryGain=true,qGain=0.014637643785333228,fe=498054
formalLocal:outer=61,slot=6,pass=1,op=O7_MA_LOAD_TRANSFER,accepted=false,recoveryGain=true,qGain=-0.11202879847115786,fe=498055
formalLocal:outer=61,slot=6,pass=1,op=O8_MA_WEAK_TO_STRONG,accepted=false,recoveryGain=true,qGain=-0.06337955324616441,fe=498056
formalLocal:outer=61,slot=6,pass=1,op=O9_MA_SWAP,accepted=true,recoveryGain=true,qGain=0.00875915008772503,fe=498057
formalLocal:outer=61,slot=6,pass=2,op=O1_JS_INSERT,accepted=false,recoveryGain=true,qGain=-0.21129088807086072,fe=498058
formalLocal:outer=61,slot=6,pass=2,op=O2_JS_REVERSE,accepted=false,recoveryGain=true,qGain=-0.01791089036013595,fe=498059
formalLocal:outer=61,slot=6,pass=2,op=O3_JS_SWAP,accepted=false,recoveryGain=true,qGain=-0.1950579139938883,fe=498060
formalLocal:outer=61,slot=6,pass=2,op=O4_WA_LOAD_TRANSFER,accepted=true,recoveryGain=true,qGain=0.026803400198523224,fe=498061
formalLocal:outer=61,slot=6,pass=2,op=O5_WA_WEAK_TO_STRONG,accepted=true,recoveryGain=true,qGain=0.024486790769080204,fe=498062
formalLocal:outer=61,slot=6,pass=2,op=O6_WA_SWAP,accepted=false,recoveryGain=true,qGain=-0.025715852777427817,fe=498063
formalLocal:outer=61,slot=6,pass=2,op=O7_MA_LOAD_TRANSFER,accepted=false,recoveryGain=true,qGain=-0.03179860928371707,fe=498064
formalLocal:outer=61,slot=6,pass=2,op=O8_MA_WEAK_TO_STRONG,accepted=true,recoveryGain=true,qGain=0.03661863048925171,fe=498065
formalLocal:outer=61,slot=6,pass=2,op=O9_MA_SWAP,accepted=false,recoveryGain=true,qGain=-0.0537979197893016,fe=498066
formalLocal:outer=61,slot=6,pass=3,op=O1_JS_INSERT,accepted=false,recoveryGain=true,qGain=-0.07549331883601883,fe=498067
formalLocal:outer=61,slot=6,pass=3,op=O2_JS_REVERSE,accepted=false,recoveryGain=true,qGain=-0.01426083094979799,fe=498068
formalLocal:outer=61,slot=6,pass=3,op=O3_JS_SWAP,accepted=true,recoveryGain=true,qGain=0.04609497003163453,fe=498069
formalLocal:outer=61,slot=6,pass=3,op=O4_WA_LOAD_TRANSFER,accepted=true,recoveryGain=true,qGain=0.061769962022455306,fe=498070
formalLocal:outer=61,slot=6,pass=3,op=O5_WA_WEAK_TO_STRONG,accepted=false,recoveryGain=true,qGain=-0.06583669198612216,fe=498071
formalLocal:outer=61,slot=6,pass=3,op=O6_WA_SWAP,accepted=false,recoveryGain=true,qGain=-0.11936764194994763,fe=498072
formalLocal:outer=61,slot=6,pass=3,op=O7_MA_LOAD_TRANSFER,accepted=false,recoveryGain=true,qGain=-0.02543857283657895,fe=498073
formalLocal:outer=61,slot=6,pass=3,op=O8_MA_WEAK_TO_STRONG,accepted=false,recoveryGain=true,qGain=-0.12295204145713053,fe=498074
formalLocal:outer=61,slot=6,pass=3,op=O9_MA_SWAP,accepted=true,recoveryGain=true,qGain=0.008674522716942896,fe=498075
formalLocal:outer=61,slot=6,pass=4,op=O1_JS_INSERT,accepted=false,recoveryGain=true,qGain=-0.12390261699929585,fe=498076
formalLocal:outer=61,slot=6,pass=4,op=O2_JS_REVERSE,accepted=false,recoveryGain=true,qGain=-0.2651891969654861,fe=498077
formalLocal:outer=61,slot=6,pass=4,op=O3_JS_SWAP,accepted=false,recoveryGain=true,qGain=-0.2034533504923148,fe=498078
formalLocal:outer=61,slot=6,pass=4,op=O4_WA_LOAD_TRANSFER,accepted=false,recoveryGain=true,qGain=-0.08753347539405006,fe=498079
formalLocal:outer=61,slot=6,pass=4,op=O5_WA_WEAK_TO_STRONG,accepted=true,recoveryGain=true,qGain=0.025802606001078088,fe=498080
formalLocal:outer=61,slot=6,pass=4,op=O6_WA_SWAP,accepted=false,recoveryGain=true,qGain=-0.11080071969849793,fe=498081
formalLocal:outer=61,slot=6,pass=4,op=O7_MA_LOAD_TRANSFER,accepted=true,recoveryGain=true,qGain=0.071366490146594,fe=498082
formalLocal:outer=61,slot=6,pass=4,op=O8_MA_WEAK_TO_STRONG,accepted=false,recoveryGain=true,qGain=-0.07685108214311577,fe=498083
formalLocal:outer=61,slot=6,pass=4,op=O9_MA_SWAP,accepted=false,recoveryGain=true,qGain=-0.189888938117703,fe=498084
formalLocal:outer=61,slot=6,pass=5,op=O1_JS_INSERT,accepted=true,recoveryGain=true,qGain=0.014169151196092277,fe=498085
formalLocal:outer=61,slot=6,pass=5,op=O2_JS_REVERSE,accepted=false,recoveryGain=true,qGain=-0.5681844275995258,fe=498086
formalLocal:outer=61,slot=6,pass=5,op=O3_JS_SWAP,accepted=false,recoveryGain=true,qGain=-0.06111736081375728,fe=498087
formalLocal:outer=61,slot=6,pass=5,op=O4_WA_LOAD_TRANSFER,accepted=false,recoveryGain=true,qGain=-0.1868562795351481,fe=498088
formalLocal:outer=61,slot=6,pass=5,op=O5_WA_WEAK_TO_STRONG,accepted=false,recoveryGain=true,qGain=-0.11061343689530741,fe=498089
formalLocal:outer=61,slot=6,pass=5,op=O6_WA_SWAP,accepted=false,recoveryGain=true,qGain=-0.09114997982980043,fe=498090
formalLocal:outer=61,slot=6,pass=5,op=O7_MA_LOAD_TRANSFER,accepted=false,recoveryGain=true,qGain=-0.35034658863528395,fe=498091
formalLocal:outer=61,slot=6,pass=5,op=O8_MA_WEAK_TO_STRONG,accepted=false,recoveryGain=true,qGain=-0.04143833728414792,fe=498092
formalLocal:outer=61,slot=6,pass=5,op=O9_MA_SWAP,accepted=false,recoveryGain=true,qGain=-0.09220612241459902,fe=498093
formalLocal:outer=61,slot=6,pass=6,op=O1_JS_INSERT,accepted=true,recoveryGain=true,qGain=0.01871124307296793,fe=498094
formalLocal:outer=61,slot=6,pass=6,op=O2_JS_REVERSE,accepted=false,recoveryGain=true,qGain=-0.8292660190671569,fe=498095
formalLocal:outer=61,slot=6,pass=6,op=O3_JS_SWAP,accepted=false,recoveryGain=true,qGain=-0.11314457453483018,fe=498096
formalLocal:outer=61,slot=6,pass=6,op=O4_WA_LOAD_TRANSFER,accepted=false,recoveryGain=true,qGain=-0.27421318883089907,fe=498097
formalLocal:outer=61,slot=6,pass=6,op=O5_WA_WEAK_TO_STRONG,accepted=false,recoveryGain=true,qGain=-0.32810541604817883,fe=498098
formalLocal:outer=61,slot=6,pass=6,op=O6_WA_SWAP,accepted=false,recoveryGain=true,qGain=-0.035155380048485,fe=498099
formalLocal:outer=61,slot=6,pass=6,op=O7_MA_LOAD_TRANSFER,accepted=false,recoveryGain=true,qGain=-0.43611301755764464,fe=498100
formalLocal:outer=61,slot=6,pass=6,op=O8_MA_WEAK_TO_STRONG,accepted=false,recoveryGain=true,qGain=-0.29492515367411193,fe=498101
formalLocal:outer=61,slot=6,pass=6,op=O9_MA_SWAP,accepted=false,recoveryGain=true,qGain=-0.1360131731677303,fe=498102
formalLocal:outer=61,slot=6,pass=7,op=O1_JS_INSERT,accepted=true,recoveryGain=true,qGain=0.01595702055549618,fe=498103
formalLocal:outer=61,slot=6,pass=7,op=O2_JS_REVERSE,accepted=false,recoveryGain=true,qGain=-0.11762926743466925,fe=498104
formalLocal:outer=61,slot=6,pass=7,op=O3_JS_SWAP,accepted=false,recoveryGain=true,qGain=-0.32415181436916246,fe=498105
formalLocal:outer=61,slot=6,pass=7,op=O4_WA_LOAD_TRANSFER,accepted=false,recoveryGain=true,qGain=-0.10158091779977876,fe=498106
formalLocal:outer=61,slot=6,pass=7,op=O5_WA_WEAK_TO_STRONG,accepted=false,recoveryGain=true,qGain=-0.1936357609280184,fe=498107
formalLocal:outer=61,slot=6,pass=7,op=O6_WA_SWAP,accepted=false,recoveryGain=true,qGain=-0.09817834105777495,fe=498108
formalLocal:outer=61,slot=6,pass=7,op=O7_MA_LOAD_TRANSFER,accepted=false,recoveryGain=true,qGain=-0.27203566080703834,fe=498109
formalLocal:outer=61,slot=6,pass=7,op=O8_MA_WEAK_TO_STRONG,accepted=false,recoveryGain=true,qGain=-0.10182827895571313,fe=498110
formalLocal:outer=61,slot=6,pass=7,op=O9_MA_SWAP,accepted=false,recoveryGain=true,qGain=-0.03180851371936565,fe=498111
formalLocal:outer=61,slot=6,pass=8,op=O1_JS_INSERT,accepted=true,recoveryGain=true,qGain=0.06213054341859171,fe=498112
formalLocal:outer=61,slot=6,pass=8,op=O2_JS_REVERSE,accepted=false,recoveryGain=true,qGain=-0.6089768717720958,fe=498113
formalLocal:outer=61,slot=6,pass=8,op=O3_JS_SWAP,accepted=false,recoveryGain=true,qGain=-0.1329998171065367,fe=498114
formalLocal:outer=61,slot=6,pass=8,op=O4_WA_LOAD_TRANSFER,accepted=false,recoveryGain=true,qGain=-0.08228838644143607,fe=498115
formalLocal:outer=61,slot=6,pass=8,op=O5_WA_WEAK_TO_STRONG,accepted=false,recoveryGain=true,qGain=-0.36808912495176566,fe=498116
formalLocal:outer=61,slot=6,pass=8,op=O6_WA_SWAP,accepted=false,recoveryGain=true,qGain=-0.121446913121541,fe=498117
formalLocal:outer=61,slot=6,pass=8,op=O7_MA_LOAD_TRANSFER,accepted=false,recoveryGain=true,qGain=-0.19589566285522664,fe=498118
formalLocal:outer=61,slot=6,pass=8,op=O8_MA_WEAK_TO_STRONG,accepted=false,recoveryGain=true,qGain=-0.17313105259659578,fe=498119
formalLocal:outer=61,slot=6,pass=8,op=O9_MA_SWAP,accepted=false,recoveryGain=true,qGain=-0.16593867895589973,fe=498120
formalLocal:outer=61,slot=6,pass=9,op=O1_JS_INSERT,accepted=false,recoveryGain=true,qGain=-0.08614612776823201,fe=498121
formalLocal:outer=61,slot=6,pass=9,op=O2_JS_REVERSE,accepted=false,recoveryGain=true,qGain=-0.4633327404313537,fe=498122
formalLocal:outer=61,slot=6,pass=9,op=O3_JS_SWAP,accepted=false,recoveryGain=true,qGain=-0.408263094223723,fe=498123
formalLocal:outer=61,slot=6,pass=9,op=O4_WA_LOAD_TRANSFER,accepted=false,recoveryGain=true,qGain=-0.08228838644143607,fe=498124
formalLocal:outer=61,slot=6,pass=9,op=O5_WA_WEAK_TO_STRONG,accepted=false,recoveryGain=true,qGain=-0.36808912495176566,fe=498125
formalLocal:outer=61,slot=6,pass=9,op=O6_WA_SWAP,accepted=false,recoveryGain=true,qGain=-0.121446913121541,fe=498126
formalLocal:outer=61,slot=6,pass=9,op=O7_MA_LOAD_TRANSFER,accepted=false,recoveryGain=true,qGain=-0.19589566285522664,fe=498127
formalLocal:outer=61,slot=6,pass=9,op=O8_MA_WEAK_TO_STRONG,accepted=false,recoveryGain=true,qGain=-0.17313105259659578,fe=498128
formalLocal:outer=61,slot=6,pass=9,op=O9_MA_SWAP,accepted=false,recoveryGain=true,qGain=-0.16593867895589973,fe=498129
formalLocal:outer=61,slot=6,pass=10,op=O1_JS_INSERT,accepted=false,recoveryGain=true,qGain=-0.1658432745974417,fe=498130
formalLocal:outer=61,slot=6,pass=10,op=O2_JS_REVERSE,accepted=false,recoveryGain=true,qGain=-0.1635741458529966,fe=498131
formalLocal:outer=61,slot=6,pass=10,op=O3_JS_SWAP,accepted=false,recoveryGain=true,qGain=-0.17184870844401332,fe=498132
formalLocal:outer=61,slot=6,pass=10,op=O4_WA_LOAD_TRANSFER,accepted=false,recoveryGain=true,qGain=-0.08228838644143607,fe=498133
formalLocal:outer=61,slot=6,pass=10,op=O5_WA_WEAK_TO_STRONG,accepted=false,recoveryGain=true,qGain=-0.36808912495176566,fe=498134
formalLocal:outer=61,slot=6,pass=10,op=O6_WA_SWAP,accepted=false,recoveryGain=true,qGain=-0.121446913121541,fe=498135
formalLocal:outer=61,slot=6,pass=10,op=O7_MA_LOAD_TRANSFER,accepted=false,recoveryGain=true,qGain=-0.19589566285522664,fe=498136
formalLocal:outer=61,slot=6,pass=10,op=O8_MA_WEAK_TO_STRONG,accepted=false,recoveryGain=true,qGain=-0.17313105259659578,fe=498137
formalLocal:outer=61,slot=6,pass=10,op=O9_MA_SWAP,accepted=false,recoveryGain=true,qGain=-0.16593867895589973,fe=498138
formalLocal:outer=61,slot=6,pass=11,op=O1_JS_INSERT,accepted=false,recoveryGain=true,qGain=-0.05521071203452947,fe=498139
formalLocal:outer=61,slot=6,pass=11,op=O2_JS_REVERSE,accepted=false,recoveryGain=true,qGain=-0.036252439748968274,fe=498140
formalLocal:outer=61,slot=6,pass=11,op=O3_JS_SWAP,accepted=false,recoveryGain=true,qGain=-0.18053604337819493,fe=498141
formalLocal:outer=61,slot=6,pass=11,op=O4_WA_LOAD_TRANSFER,accepted=false,recoveryGain=true,qGain=-0.08228838644143607,fe=498142
formalLocal:outer=61,slot=6,pass=11,op=O5_WA_WEAK_TO_STRONG,accepted=false,recoveryGain=true,qGain=-0.36808912495176566,fe=498143
formalLocal:outer=61,slot=6,pass=11,op=O6_WA_SWAP,accepted=false,recoveryGain=true,qGain=-0.121446913121541,fe=498144
formalLocal:outer=61,slot=6,pass=11,op=O7_MA_LOAD_TRANSFER,accepted=false,recoveryGain=true,qGain=-0.19589566285522664,fe=498145
formalLocal:outer=61,slot=6,pass=11,op=O8_MA_WEAK_TO_STRONG,accepted=false,recoveryGain=true,qGain=-0.17313105259659578,fe=498146
formalLocal:outer=61,slot=6,pass=11,op=O9_MA_SWAP,accepted=false,recoveryGain=true,qGain=-0.16593867895589973,fe=498147
formalLocal:outer=61,slot=6,pass=12,op=O1_JS_INSERT,accepted=false,recoveryGain=true,qGain=-0.49580213075863483,fe=498148
formalLocal:outer=61,slot=6,pass=12,op=O2_JS_REVERSE,accepted=false,recoveryGain=true,qGain=-0.22424952992354996,fe=498149
formalLocal:outer=61,slot=6,pass=12,op=O3_JS_SWAP,accepted=false,recoveryGain=true,qGain=-0.32079442103803585,fe=498150
formalLocal:outer=61,slot=6,pass=12,op=O4_WA_LOAD_TRANSFER,accepted=false,recoveryGain=true,qGain=-0.08228838644143607,fe=498151
formalLocal:outer=61,slot=6,pass=12,op=O5_WA_WEAK_TO_STRONG,accepted=false,recoveryGain=true,qGain=-0.36808912495176566,fe=498152
formalLocal:outer=61,slot=6,pass=12,op=O6_WA_SWAP,accepted=false,recoveryGain=true,qGain=-0.121446913121541,fe=498153
formalLocal:outer=61,slot=6,pass=12,op=O7_MA_LOAD_TRANSFER,accepted=false,recoveryGain=true,qGain=-0.19589566285522664,fe=498154
formalLocal:outer=61,slot=6,pass=12,op=O8_MA_WEAK_TO_STRONG,accepted=false,recoveryGain=true,qGain=-0.17313105259659578,fe=498155
formalLocal:outer=61,slot=6,pass=12,op=O9_MA_SWAP,accepted=false,recoveryGain=true,qGain=-0.16593867895589973,fe=498156
formalLocal:outer=61,slot=6,pass=13,op=O1_JS_INSERT,accepted=false,recoveryGain=true,qGain=-0.08034470071236022,fe=498157
formalLocal:outer=61,slot=6,pass=13,op=O2_JS_REVERSE,accepted=false,recoveryGain=true,qGain=-0.05089118188579883,fe=498158
formalLocal:outer=61,slot=6,pass=13,op=O3_JS_SWAP,accepted=false,recoveryGain=true,qGain=-0.09273377540072499,fe=498159
formalLocal:outer=61,slot=6,pass=13,op=O4_WA_LOAD_TRANSFER,accepted=false,recoveryGain=true,qGain=-0.08228838644143607,fe=498160
formalLocal:outer=61,slot=6,pass=13,op=O5_WA_WEAK_TO_STRONG,accepted=false,recoveryGain=true,qGain=-0.36808912495176566,fe=498161
formalLocal:outer=61,slot=6,pass=13,op=O6_WA_SWAP,accepted=false,recoveryGain=true,qGain=-0.121446913121541,fe=498162
formalLocal:outer=61,slot=6,pass=13,op=O7_MA_LOAD_TRANSFER,accepted=false,recoveryGain=true,qGain=-0.19589566285522664,fe=498163
formalLocal:outer=61,slot=6,pass=13,op=O8_MA_WEAK_TO_STRONG,accepted=false,recoveryGain=true,qGain=-0.17313105259659578,fe=498164
formalLocal:outer=61,slot=6,pass=13,op=O9_MA_SWAP,accepted=false,recoveryGain=true,qGain=-0.16593867895589973,fe=498165
formalLocal:outer=61,slot=6,pass=14,op=O1_JS_INSERT,accepted=false,recoveryGain=true,qGain=-0.09472837950107482,fe=498166
formalLocal:outer=61,slot=6,pass=14,op=O2_JS_REVERSE,accepted=false,recoveryGain=true,qGain=-0.537120580242628,fe=498167
formalLocal:outer=61,slot=6,pass=14,op=O3_JS_SWAP,accepted=false,recoveryGain=true,qGain=-0.28918521736621927,fe=498168
formalLocal:outer=61,slot=6,pass=14,op=O4_WA_LOAD_TRANSFER,accepted=false,recoveryGain=true,qGain=-0.08228838644143607,fe=498169
formalLocal:outer=61,slot=6,pass=14,op=O5_WA_WEAK_TO_STRONG,accepted=false,recoveryGain=true,qGain=-0.36808912495176566,fe=498170
formalLocal:outer=61,slot=6,pass=14,op=O6_WA_SWAP,accepted=false,recoveryGain=true,qGain=-0.121446913121541,fe=498171
formalLocal:outer=61,slot=6,pass=14,op=O7_MA_LOAD_TRANSFER,accepted=false,recoveryGain=true,qGain=-0.19589566285522664,fe=498172
formalLocal:outer=61,slot=6,pass=14,op=O8_MA_WEAK_TO_STRONG,accepted=false,recoveryGain=true,qGain=-0.17313105259659578,fe=498173
formalLocal:outer=61,slot=6,pass=14,op=O9_MA_SWAP,accepted=false,recoveryGain=true,qGain=-0.16593867895589973,fe=498174
formalLocal:outer=61,slot=6,pass=15,op=O1_JS_INSERT,accepted=false,recoveryGain=true,qGain=-0.3863783790049694,fe=498175
formalLocal:outer=61,slot=6,pass=15,op=O2_JS_REVERSE,accepted=false,recoveryGain=true,qGain=-0.5858311470305566,fe=498176
formalLocal:outer=61,slot=6,pass=15,op=O3_JS_SWAP,accepted=false,recoveryGain=true,qGain=-0.27435944648955796,fe=498177
formalLocal:outer=61,slot=6,pass=15,op=O4_WA_LOAD_TRANSFER,accepted=false,recoveryGain=true,qGain=-0.08228838644143607,fe=498178
formalLocal:outer=61,slot=6,pass=15,op=O5_WA_WEAK_TO_STRONG,accepted=false,recoveryGain=true,qGain=-0.36808912495176566,fe=498179
formalLocal:outer=61,slot=6,pass=15,op=O6_WA_SWAP,accepted=false,recoveryGain=true,qGain=-0.121446913121541,fe=498180
formalLocal:outer=61,slot=6,pass=15,op=O7_MA_LOAD_TRANSFER,accepted=false,recoveryGain=true,qGain=-0.19589566285522664,fe=498181
formalLocal:outer=61,slot=6,pass=15,op=O8_MA_WEAK_TO_STRONG,accepted=false,recoveryGain=true,qGain=-0.17313105259659578,fe=498182
formalLocal:outer=61,slot=6,pass=15,op=O9_MA_SWAP,accepted=false,recoveryGain=true,qGain=-0.16593867895589973,fe=498183
formalLocal:outer=61,slot=6,pass=16,op=O1_JS_INSERT,accepted=false,recoveryGain=true,qGain=-0.5645287664049792,fe=498184
formalLocal:outer=61,slot=6,pass=16,op=O2_JS_REVERSE,accepted=false,recoveryGain=true,qGain=-0.36103122159349677,fe=498185
formalLocal:outer=61,slot=6,pass=16,op=O3_JS_SWAP,accepted=false,recoveryGain=true,qGain=-0.5618986635554581,fe=498186
formalLocal:outer=61,slot=6,pass=16,op=O4_WA_LOAD_TRANSFER,accepted=false,recoveryGain=true,qGain=-0.08228838644143607,fe=498187
formalLocal:outer=61,slot=6,pass=16,op=O5_WA_WEAK_TO_STRONG,accepted=false,recoveryGain=true,qGain=-0.36808912495176566,fe=498188
formalLocal:outer=61,slot=6,pass=16,op=O6_WA_SWAP,accepted=false,recoveryGain=true,qGain=-0.121446913121541,fe=498189
formalLocal:outer=61,slot=6,pass=16,op=O7_MA_LOAD_TRANSFER,accepted=false,recoveryGain=true,qGain=-0.19589566285522664,fe=498190
formalLocal:outer=61,slot=6,pass=16,op=O8_MA_WEAK_TO_STRONG,accepted=false,recoveryGain=true,qGain=-0.17313105259659578,fe=498191
formalLocal:outer=61,slot=6,pass=16,op=O9_MA_SWAP,accepted=false,recoveryGain=true,qGain=-0.16593867895589973,fe=498192
formalLocal:outer=61,slot=6,pass=17,op=O1_JS_INSERT,accepted=false,recoveryGain=true,qGain=-0.1455919518510635,fe=498193
formalLocal:outer=61,slot=6,pass=17,op=O2_JS_REVERSE,accepted=false,recoveryGain=true,qGain=-0.4744874442841686,fe=498194
formalLocal:outer=61,slot=6,pass=17,op=O3_JS_SWAP,accepted=false,recoveryGain=true,qGain=-0.8473454465375695,fe=498195
formalLocal:outer=61,slot=6,pass=17,op=O4_WA_LOAD_TRANSFER,accepted=false,recoveryGain=true,qGain=-0.08228838644143607,fe=498196
formalLocal:outer=61,slot=6,pass=17,op=O5_WA_WEAK_TO_STRONG,accepted=false,recoveryGain=true,qGain=-0.36808912495176566,fe=498197
formalLocal:outer=61,slot=6,pass=17,op=O6_WA_SWAP,accepted=false,recoveryGain=true,qGain=-0.121446913121541,fe=498198
formalLocal:outer=61,slot=6,pass=17,op=O7_MA_LOAD_TRANSFER,accepted=false,recoveryGain=true,qGain=-0.19589566285522664,fe=498199
formalLocal:outer=61,slot=6,pass=17,op=O8_MA_WEAK_TO_STRONG,accepted=false,recoveryGain=true,qGain=-0.17313105259659578,fe=498200
formalLocal:outer=61,slot=6,pass=17,op=O9_MA_SWAP,accepted=false,recoveryGain=true,qGain=-0.16593867895589973,fe=498201
formalLocal:outer=61,slot=6,pass=18,op=O1_JS_INSERT,accepted=false,recoveryGain=true,qGain=-0.3359400643934647,fe=498202
formalLocal:outer=61,slot=6,pass=18,op=O2_JS_REVERSE,accepted=false,recoveryGain=true,qGain=-0.5515916702856193,fe=498203
formalLocal:outer=61,slot=6,pass=18,op=O3_JS_SWAP,accepted=false,recoveryGain=true,qGain=-0.5350571215225943,fe=498204
formalLocal:outer=61,slot=6,pass=18,op=O4_WA_LOAD_TRANSFER,accepted=false,recoveryGain=true,qGain=-0.08228838644143607,fe=498205
formalLocal:outer=61,slot=6,pass=18,op=O5_WA_WEAK_TO_STRONG,accepted=false,recoveryGain=true,qGain=-0.36808912495176566,fe=498206
formalLocal:outer=61,slot=6,pass=18,op=O6_WA_SWAP,accepted=false,recoveryGain=true,qGain=-0.121446913121541,fe=498207
formalLocal:outer=61,slot=6,pass=18,op=O7_MA_LOAD_TRANSFER,accepted=false,recoveryGain=true,qGain=-0.19589566285522664,fe=498208
formalLocal:outer=61,slot=6,pass=18,op=O8_MA_WEAK_TO_STRONG,accepted=false,recoveryGain=true,qGain=-0.17313105259659578,fe=498209
formalLocal:outer=61,slot=6,pass=18,op=O9_MA_SWAP,accepted=false,recoveryGain=true,qGain=-0.16593867895589973,fe=498210
formalLocal:outer=61,slot=6,pass=19,op=O1_JS_INSERT,accepted=false,recoveryGain=true,qGain=-0.1861313837781915,fe=498211
formalLocal:outer=61,slot=6,pass=19,op=O2_JS_REVERSE,accepted=false,recoveryGain=true,qGain=-0.23057747501032247,fe=498212
formalLocal:outer=61,slot=6,pass=19,op=O3_JS_SWAP,accepted=false,recoveryGain=true,qGain=-0.5069933390712572,fe=498213
formalLocal:outer=61,slot=6,pass=19,op=O4_WA_LOAD_TRANSFER,accepted=false,recoveryGain=true,qGain=-0.08228838644143607,fe=498214
formalLocal:outer=61,slot=6,pass=19,op=O5_WA_WEAK_TO_STRONG,accepted=false,recoveryGain=true,qGain=-0.36808912495176566,fe=498215
formalLocal:outer=61,slot=6,pass=19,op=O6_WA_SWAP,accepted=false,recoveryGain=true,qGain=-0.121446913121541,fe=498216
formalLocal:outer=61,slot=6,pass=19,op=O7_MA_LOAD_TRANSFER,accepted=false,recoveryGain=true,qGain=-0.19589566285522664,fe=498217
formalLocal:outer=61,slot=6,pass=19,op=O8_MA_WEAK_TO_STRONG,accepted=false,recoveryGain=true,qGain=-0.17313105259659578,fe=498218
formalLocal:outer=61,slot=6,pass=19,op=O9_MA_SWAP,accepted=false,recoveryGain=true,qGain=-0.16593867895589973,fe=498219
formalLocal:outer=61,slot=6,pass=20,op=O1_JS_INSERT,accepted=false,recoveryGain=true,qGain=-0.2542437364190492,fe=498220
formalLocal:outer=61,slot=6,pass=20,op=O2_JS_REVERSE,accepted=false,recoveryGain=true,qGain=-0.34358635171877905,fe=498221
formalLocal:outer=61,slot=6,pass=20,op=O3_JS_SWAP,accepted=false,recoveryGain=true,qGain=-0.0984493115428479,fe=498222
formalLocal:outer=61,slot=6,pass=20,op=O4_WA_LOAD_TRANSFER,accepted=false,recoveryGain=true,qGain=-0.08228838644143607,fe=498223
formalLocal:outer=61,slot=6,pass=20,op=O5_WA_WEAK_TO_STRONG,accepted=false,recoveryGain=true,qGain=-0.36808912495176566,fe=498224
formalLocal:outer=61,slot=6,pass=20,op=O6_WA_SWAP,accepted=false,recoveryGain=true,qGain=-0.121446913121541,fe=498225
formalLocal:outer=61,slot=6,pass=20,op=O7_MA_LOAD_TRANSFER,accepted=false,recoveryGain=true,qGain=-0.19589566285522664,fe=498226
formalLocal:outer=61,slot=6,pass=20,op=O8_MA_WEAK_TO_STRONG,accepted=false,recoveryGain=true,qGain=-0.17313105259659578,fe=498227
formalLocal:outer=61,slot=6,pass=20,op=O9_MA_SWAP,accepted=false,recoveryGain=true,qGain=-0.16593867895589973,fe=498228
formalLocal:outer=61,slot=6,pass=21,op=O1_JS_INSERT,accepted=false,recoveryGain=true,qGain=-0.012064883591730165,fe=498229
formalLocal:outer=61,slot=6,pass=21,op=O2_JS_REVERSE,accepted=false,recoveryGain=true,qGain=-0.23646512311115558,fe=498230
formalLocal:outer=61,slot=6,pass=21,op=O3_JS_SWAP,accepted=false,recoveryGain=true,qGain=-0.07370951676495861,fe=498231
formalLocal:outer=61,slot=6,pass=21,op=O4_WA_LOAD_TRANSFER,accepted=false,recoveryGain=true,qGain=-0.08228838644143607,fe=498232
formalLocal:outer=61,slot=6,pass=21,op=O5_WA_WEAK_TO_STRONG,accepted=false,recoveryGain=true,qGain=-0.36808912495176566,fe=498233
formalLocal:outer=61,slot=6,pass=21,op=O6_WA_SWAP,accepted=false,recoveryGain=true,qGain=-0.121446913121541,fe=498234
formalLocal:outer=61,slot=6,pass=21,op=O7_MA_LOAD_TRANSFER,accepted=false,recoveryGain=true,qGain=-0.19589566285522664,fe=498235
formalLocal:outer=61,slot=6,pass=21,op=O8_MA_WEAK_TO_STRONG,accepted=false,recoveryGain=true,qGain=-0.17313105259659578,fe=498236
formalLocal:outer=61,slot=6,pass=21,op=O9_MA_SWAP,accepted=false,recoveryGain=true,qGain=-0.16593867895589973,fe=498237
formalLocal:outer=61,slot=6,pass=22,op=O1_JS_INSERT,accepted=true,recoveryGain=true,qGain=0.005204616260714078,fe=498238
formalLocal:outer=61,slot=6,pass=22,op=O2_JS_REVERSE,accepted=false,recoveryGain=true,qGain=-0.29030426569413526,fe=498239
formalLocal:outer=61,slot=6,pass=22,op=O3_JS_SWAP,accepted=false,recoveryGain=true,qGain=-0.12588995017002852,fe=498240
formalLocal:outer=61,slot=6,pass=22,op=O4_WA_LOAD_TRANSFER,accepted=false,recoveryGain=true,qGain=-0.13693316667894004,fe=498241
formalLocal:outer=61,slot=6,pass=22,op=O5_WA_WEAK_TO_STRONG,accepted=false,recoveryGain=true,qGain=-0.36150763581851636,fe=498242
formalLocal:outer=61,slot=6,pass=22,op=O6_WA_SWAP,accepted=false,recoveryGain=true,qGain=-0.1728027007349266,fe=498243
formalLocal:outer=61,slot=6,pass=22,op=O7_MA_LOAD_TRANSFER,accepted=false,recoveryGain=true,qGain=-0.15285094222092685,fe=498244
formalLocal:outer=61,slot=6,pass=22,op=O8_MA_WEAK_TO_STRONG,accepted=false,recoveryGain=true,qGain=-0.12782685106096886,fe=498245
formalLocal:outer=61,slot=6,pass=22,op=O9_MA_SWAP,accepted=false,recoveryGain=true,qGain=-0.14526009522620928,fe=498246
formalLocal:outer=61,slot=6,pass=23,op=O1_JS_INSERT,accepted=false,recoveryGain=true,qGain=-0.44285940160729204,fe=498247
formalLocal:outer=61,slot=6,pass=23,op=O2_JS_REVERSE,accepted=false,recoveryGain=true,qGain=-0.22669297623067527,fe=498248
formalLocal:outer=61,slot=6,pass=23,op=O3_JS_SWAP,accepted=false,recoveryGain=true,qGain=-0.25963771332553515,fe=498249
formalLocal:outer=61,slot=6,pass=23,op=O4_WA_LOAD_TRANSFER,accepted=false,recoveryGain=true,qGain=-0.13693316667894004,fe=498250
formalLocal:outer=61,slot=6,pass=23,op=O5_WA_WEAK_TO_STRONG,accepted=false,recoveryGain=true,qGain=-0.36150763581851636,fe=498251
formalLocal:outer=61,slot=6,pass=23,op=O6_WA_SWAP,accepted=false,recoveryGain=true,qGain=-0.1728027007349266,fe=498252
formalLocal:outer=61,slot=6,pass=23,op=O7_MA_LOAD_TRANSFER,accepted=false,recoveryGain=true,qGain=-0.15285094222092685,fe=498253
formalLocal:outer=61,slot=6,pass=23,op=O8_MA_WEAK_TO_STRONG,accepted=false,recoveryGain=true,qGain=-0.12782685106096886,fe=498254
formalLocal:outer=61,slot=6,pass=23,op=O9_MA_SWAP,accepted=false,recoveryGain=true,qGain=-0.14526009522620928,fe=498255
formalLocal:outer=61,slot=6,pass=24,op=O1_JS_INSERT,accepted=false,recoveryGain=true,qGain=-0.3412899390786614,fe=498256
formalLocal:outer=61,slot=6,pass=24,op=O2_JS_REVERSE,accepted=false,recoveryGain=true,qGain=-0.0992271970357321,fe=498257
formalLocal:outer=61,slot=6,pass=24,op=O3_JS_SWAP,accepted=false,recoveryGain=true,qGain=-0.37322121181914125,fe=498258
formalLocal:outer=61,slot=6,pass=24,op=O4_WA_LOAD_TRANSFER,accepted=false,recoveryGain=true,qGain=-0.13693316667894004,fe=498259
formalLocal:outer=61,slot=6,pass=24,op=O5_WA_WEAK_TO_STRONG,accepted=false,recoveryGain=true,qGain=-0.36150763581851636,fe=498260
formalLocal:outer=61,slot=6,pass=24,op=O6_WA_SWAP,accepted=false,recoveryGain=true,qGain=-0.1728027007349266,fe=498261
formalLocal:outer=61,slot=6,pass=24,op=O7_MA_LOAD_TRANSFER,accepted=false,recoveryGain=true,qGain=-0.15285094222092685,fe=498262
formalLocal:outer=61,slot=6,pass=24,op=O8_MA_WEAK_TO_STRONG,accepted=false,recoveryGain=true,qGain=-0.12782685106096886,fe=498263
formalLocal:outer=61,slot=6,pass=24,op=O9_MA_SWAP,accepted=false,recoveryGain=true,qGain=-0.14526009522620928,fe=498264
formalLocal:outer=61,slot=6,pass=25,op=O1_JS_INSERT,accepted=false,recoveryGain=true,qGain=-0.19065229103961343,fe=498265
formalLocal:outer=61,slot=6,pass=25,op=O2_JS_REVERSE,accepted=false,recoveryGain=true,qGain=-0.14775371542899596,fe=498266
formalLocal:outer=61,slot=6,pass=25,op=O3_JS_SWAP,accepted=false,recoveryGain=true,qGain=-0.15027712320782868,fe=498267
formalLocal:outer=61,slot=6,pass=25,op=O4_WA_LOAD_TRANSFER,accepted=false,recoveryGain=true,qGain=-0.13693316667894004,fe=498268
formalLocal:outer=61,slot=6,pass=25,op=O5_WA_WEAK_TO_STRONG,accepted=false,recoveryGain=true,qGain=-0.36150763581851636,fe=498269
formalLocal:outer=61,slot=6,pass=25,op=O6_WA_SWAP,accepted=false,recoveryGain=true,qGain=-0.1728027007349266,fe=498270
formalLocal:outer=61,slot=6,pass=25,op=O7_MA_LOAD_TRANSFER,accepted=false,recoveryGain=true,qGain=-0.15285094222092685,fe=498271
formalLocal:outer=61,slot=6,pass=25,op=O8_MA_WEAK_TO_STRONG,accepted=false,recoveryGain=true,qGain=-0.12782685106096886,fe=498272
formalLocal:outer=61,slot=6,pass=25,op=O9_MA_SWAP,accepted=false,recoveryGain=true,qGain=-0.14526009522620928,fe=498273
formalLocal:outer=61,slot=6,pass=26,op=O1_JS_INSERT,accepted=false,recoveryGain=true,qGain=-0.2157452279637459,fe=498274
formalLocal:outer=61,slot=6,pass=26,op=O2_JS_REVERSE,accepted=false,recoveryGain=true,qGain=-0.3422785562351648,fe=498275
formalLocal:outer=61,slot=6,pass=26,op=O3_JS_SWAP,accepted=false,recoveryGain=true,qGain=-0.007108667058955054,fe=498276
formalLocal:outer=61,slot=6,pass=26,op=O4_WA_LOAD_TRANSFER,accepted=false,recoveryGain=true,qGain=-0.13693316667894004,fe=498277
formalLocal:outer=61,slot=6,pass=26,op=O5_WA_WEAK_TO_STRONG,accepted=false,recoveryGain=true,qGain=-0.36150763581851636,fe=498278
formalLocal:outer=61,slot=6,pass=26,op=O6_WA_SWAP,accepted=false,recoveryGain=true,qGain=-0.1728027007349266,fe=498279
formalLocal:outer=61,slot=6,pass=26,op=O7_MA_LOAD_TRANSFER,accepted=false,recoveryGain=true,qGain=-0.15285094222092685,fe=498280
formalLocal:outer=61,slot=6,pass=26,op=O8_MA_WEAK_TO_STRONG,accepted=false,recoveryGain=true,qGain=-0.12782685106096886,fe=498281
formalLocal:outer=61,slot=6,pass=26,op=O9_MA_SWAP,accepted=false,recoveryGain=true,qGain=-0.14526009522620928,fe=498282
formalLocal:outer=61,slot=6,pass=27,op=O1_JS_INSERT,accepted=false,recoveryGain=true,qGain=-0.48256499896884336,fe=498283
formalLocal:outer=61,slot=6,pass=27,op=O2_JS_REVERSE,accepted=false,recoveryGain=true,qGain=-0.37322121181914125,fe=498284
formalLocal:outer=61,slot=6,pass=27,op=O3_JS_SWAP,accepted=false,recoveryGain=true,qGain=-0.365653423402067,fe=498285
formalLocal:outer=61,slot=6,pass=27,op=O4_WA_LOAD_TRANSFER,accepted=false,recoveryGain=true,qGain=-0.13693316667894004,fe=498286
formalLocal:outer=61,slot=6,pass=27,op=O5_WA_WEAK_TO_STRONG,accepted=false,recoveryGain=true,qGain=-0.36150763581851636,fe=498287
formalLocal:outer=61,slot=6,pass=27,op=O6_WA_SWAP,accepted=false,recoveryGain=true,qGain=-0.1728027007349266,fe=498288
formalLocal:outer=61,slot=6,pass=27,op=O7_MA_LOAD_TRANSFER,accepted=false,recoveryGain=true,qGain=-0.15285094222092685,fe=498289
formalLocal:outer=61,slot=6,pass=27,op=O8_MA_WEAK_TO_STRONG,accepted=false,recoveryGain=true,qGain=-0.12782685106096886,fe=498290
formalLocal:outer=61,slot=6,pass=27,op=O9_MA_SWAP,accepted=false,recoveryGain=true,qGain=-0.14526009522620928,fe=498291
formalLocal:outer=61,slot=6,pass=28,op=O1_JS_INSERT,accepted=false,recoveryGain=true,qGain=-0.1408261230758282,fe=498292
formalLocal:outer=61,slot=6,pass=28,op=O2_JS_REVERSE,accepted=false,recoveryGain=true,qGain=-0.30666364797074713,fe=498293
formalLocal:outer=61,slot=6,pass=28,op=O3_JS_SWAP,accepted=false,recoveryGain=true,qGain=-0.07603080568051973,fe=498294
formalLocal:outer=61,slot=6,pass=28,op=O4_WA_LOAD_TRANSFER,accepted=false,recoveryGain=true,qGain=-0.13693316667894004,fe=498295
formalLocal:outer=61,slot=6,pass=28,op=O5_WA_WEAK_TO_STRONG,accepted=false,recoveryGain=true,qGain=-0.36150763581851636,fe=498296
formalLocal:outer=61,slot=6,pass=28,op=O6_WA_SWAP,accepted=false,recoveryGain=true,qGain=-0.1728027007349266,fe=498297
formalLocal:outer=61,slot=6,pass=28,op=O7_MA_LOAD_TRANSFER,accepted=false,recoveryGain=true,qGain=-0.15285094222092685,fe=498298
formalLocal:outer=61,slot=6,pass=28,op=O8_MA_WEAK_TO_STRONG,accepted=false,recoveryGain=true,qGain=-0.12782685106096886,fe=498299
formalLocal:outer=61,slot=6,pass=28,op=O9_MA_SWAP,accepted=false,recoveryGain=true,qGain=-0.14526009522620928,fe=498300
formalLocal:outer=61,slot=6,pass=29,op=O1_JS_INSERT,accepted=false,recoveryGain=true,qGain=-0.1312473575665757,fe=498301
formalLocal:outer=61,slot=6,pass=29,op=O2_JS_REVERSE,accepted=false,recoveryGain=true,qGain=-0.06778905140865099,fe=498302
formalLocal:outer=61,slot=6,pass=29,op=O3_JS_SWAP,accepted=false,recoveryGain=true,qGain=-0.641294659095416,fe=498303
formalLocal:outer=61,slot=6,pass=29,op=O4_WA_LOAD_TRANSFER,accepted=false,recoveryGain=true,qGain=-0.13693316667894004,fe=498304
formalLocal:outer=61,slot=6,pass=29,op=O5_WA_WEAK_TO_STRONG,accepted=false,recoveryGain=true,qGain=-0.36150763581851636,fe=498305
formalLocal:outer=61,slot=6,pass=29,op=O6_WA_SWAP,accepted=false,recoveryGain=true,qGain=-0.1728027007349266,fe=498306
formalLocal:outer=61,slot=6,pass=29,op=O7_MA_LOAD_TRANSFER,accepted=false,recoveryGain=true,qGain=-0.15285094222092685,fe=498307
formalLocal:outer=61,slot=6,pass=29,op=O8_MA_WEAK_TO_STRONG,accepted=false,recoveryGain=true,qGain=-0.12782685106096886,fe=498308
formalLocal:outer=61,slot=6,pass=29,op=O9_MA_SWAP,accepted=false,recoveryGain=true,qGain=-0.14526009522620928,fe=498309
formalLocal:outer=61,slot=7,op=CRITICAL_FACTORY_SWAP,accepted=true,fe=498310
formalLocal:outer=61,slot=7,op=CRITICAL_FACTORY_INSERT,accepted=true,fe=498311
formalLocal:outer=61,slot=7,pass=0,op=O1_JS_INSERT,accepted=true,recoveryGain=true,qGain=0.01826696756035089,fe=498312
formalLocal:outer=61,slot=7,pass=0,op=O2_JS_REVERSE,accepted=true,recoveryGain=true,qGain=0.09234327762642111,fe=498313
formalLocal:outer=61,slot=7,pass=0,op=O3_JS_SWAP,accepted=true,recoveryGain=true,qGain=0.02162926497964611,fe=498314
formalLocal:outer=61,slot=7,pass=0,op=O4_WA_LOAD_TRANSFER,accepted=false,recoveryGain=true,qGain=-0.041752580386854844,fe=498315
formalLocal:outer=61,slot=7,pass=0,op=O5_WA_WEAK_TO_STRONG,accepted=true,recoveryGain=true,qGain=0.02849929822318824,fe=498316
formalLocal:outer=61,slot=7,pass=0,op=O6_WA_SWAP,accepted=false,recoveryGain=true,qGain=0.0,fe=498317
formalLocal:outer=61,slot=7,pass=0,op=O7_MA_LOAD_TRANSFER,accepted=false,recoveryGain=true,qGain=-0.01750243066879473,fe=498318
formalLocal:outer=61,slot=7,pass=0,op=O8_MA_WEAK_TO_STRONG,accepted=false,recoveryGain=true,qGain=-0.0031206828150305045,fe=498319
formalLocal:outer=61,slot=7,pass=0,op=O9_MA_SWAP,accepted=false,recoveryGain=true,qGain=-0.07726807573766727,fe=498320
formalLocal:outer=61,slot=7,pass=1,op=O1_JS_INSERT,accepted=false,recoveryGain=true,qGain=-0.08141190981402431,fe=498321
formalLocal:outer=61,slot=7,pass=1,op=O2_JS_REVERSE,accepted=false,recoveryGain=true,qGain=-0.062248836083603265,fe=498322
formalLocal:outer=61,slot=7,pass=1,op=O3_JS_SWAP,accepted=false,recoveryGain=true,qGain=-0.04855138499317107,fe=498323
formalLocal:outer=61,slot=7,pass=1,op=O4_WA_LOAD_TRANSFER,accepted=false,recoveryGain=true,qGain=-0.04906632107733805,fe=498324
formalLocal:outer=61,slot=7,pass=1,op=O5_WA_WEAK_TO_STRONG,accepted=false,recoveryGain=true,qGain=-0.03524282925025381,fe=498325
formalLocal:outer=61,slot=7,pass=1,op=O6_WA_SWAP,accepted=false,recoveryGain=true,qGain=0.0,fe=498326
formalLocal:outer=61,slot=7,pass=1,op=O7_MA_LOAD_TRANSFER,accepted=false,recoveryGain=true,qGain=-0.01750243066879473,fe=498327
formalLocal:outer=61,slot=7,pass=1,op=O8_MA_WEAK_TO_STRONG,accepted=false,recoveryGain=true,qGain=-0.0031206828150305045,fe=498328
formalLocal:outer=61,slot=7,pass=1,op=O9_MA_SWAP,accepted=false,recoveryGain=true,qGain=-0.07726807573766727,fe=498329
formalLocal:outer=61,slot=7,pass=2,op=O1_JS_INSERT,accepted=false,recoveryGain=true,qGain=-0.025934499508254667,fe=498330
formalLocal:outer=61,slot=7,pass=2,op=O2_JS_REVERSE,accepted=false,recoveryGain=true,qGain=-0.048356385325000834,fe=498331
formalLocal:outer=61,slot=7,pass=2,op=O3_JS_SWAP,accepted=false,recoveryGain=true,qGain=-0.07574439212446864,fe=498332
formalLocal:outer=61,slot=7,pass=2,op=O4_WA_LOAD_TRANSFER,accepted=false,recoveryGain=true,qGain=-0.04906632107733805,fe=498333
formalLocal:outer=61,slot=7,pass=2,op=O5_WA_WEAK_TO_STRONG,accepted=false,recoveryGain=true,qGain=-0.03524282925025381,fe=498334
formalLocal:outer=61,slot=7,pass=2,op=O6_WA_SWAP,accepted=false,recoveryGain=true,qGain=0.0,fe=498335
formalLocal:outer=61,slot=7,pass=2,op=O7_MA_LOAD_TRANSFER,accepted=false,recoveryGain=true,qGain=-0.01750243066879473,fe=498336
formalLocal:outer=61,slot=7,pass=2,op=O8_MA_WEAK_TO_STRONG,accepted=false,recoveryGain=true,qGain=-0.0031206828150305045,fe=498337
formalLocal:outer=61,slot=7,pass=2,op=O9_MA_SWAP,accepted=false,recoveryGain=true,qGain=-0.07726807573766727,fe=498338
formalLocal:outer=61,slot=7,pass=3,op=O1_JS_INSERT,accepted=false,recoveryGain=true,qGain=0.0,fe=498339
formalLocal:outer=61,slot=7,pass=3,op=O2_JS_REVERSE,accepted=false,recoveryGain=true,qGain=-0.061310767300018935,fe=498340
formalLocal:outer=61,slot=7,pass=3,op=O3_JS_SWAP,accepted=false,recoveryGain=true,qGain=-0.1514725857640994,fe=498341
formalLocal:outer=61,slot=7,pass=3,op=O4_WA_LOAD_TRANSFER,accepted=false,recoveryGain=true,qGain=-0.04906632107733805,fe=498342
formalLocal:outer=61,slot=7,pass=3,op=O5_WA_WEAK_TO_STRONG,accepted=false,recoveryGain=true,qGain=-0.03524282925025381,fe=498343
formalLocal:outer=61,slot=7,pass=3,op=O6_WA_SWAP,accepted=false,recoveryGain=true,qGain=0.0,fe=498344
formalLocal:outer=61,slot=7,pass=3,op=O7_MA_LOAD_TRANSFER,accepted=false,recoveryGain=true,qGain=-0.01750243066879473,fe=498345
formalLocal:outer=61,slot=7,pass=3,op=O8_MA_WEAK_TO_STRONG,accepted=false,recoveryGain=true,qGain=-0.0031206828150305045,fe=498346
formalLocal:outer=61,slot=7,pass=3,op=O9_MA_SWAP,accepted=false,recoveryGain=true,qGain=-0.07726807573766727,fe=498347
formalLocal:outer=61,slot=7,pass=4,op=O1_JS_INSERT,accepted=false,recoveryGain=true,qGain=-0.04187357404162238,fe=498348
formalLocal:outer=61,slot=7,pass=4,op=O2_JS_REVERSE,accepted=false,recoveryGain=true,qGain=-0.152392495783263,fe=498349
formalLocal:outer=61,slot=7,pass=4,op=O3_JS_SWAP,accepted=false,recoveryGain=true,qGain=-0.12353469247646362,fe=498350
formalLocal:outer=61,slot=7,pass=4,op=O4_WA_LOAD_TRANSFER,accepted=false,recoveryGain=true,qGain=-0.04906632107733805,fe=498351
formalLocal:outer=61,slot=7,pass=4,op=O5_WA_WEAK_TO_STRONG,accepted=false,recoveryGain=true,qGain=-0.03524282925025381,fe=498352
formalLocal:outer=61,slot=7,pass=4,op=O6_WA_SWAP,accepted=false,recoveryGain=true,qGain=0.0,fe=498353
formalLocal:outer=61,slot=7,pass=4,op=O7_MA_LOAD_TRANSFER,accepted=false,recoveryGain=true,qGain=-0.01750243066879473,fe=498354
formalLocal:outer=61,slot=7,pass=4,op=O8_MA_WEAK_TO_STRONG,accepted=false,recoveryGain=true,qGain=-0.0031206828150305045,fe=498355
formalLocal:outer=61,slot=7,pass=4,op=O9_MA_SWAP,accepted=false,recoveryGain=true,qGain=-0.07726807573766727,fe=498356
formalLocal:outer=61,slot=7,pass=5,op=O1_JS_INSERT,accepted=true,recoveryGain=true,qGain=0.004458134099809055,fe=498357
formalLocal:outer=61,slot=7,pass=5,op=O2_JS_REVERSE,accepted=false,recoveryGain=true,qGain=-0.09903559725459199,fe=498358
formalLocal:outer=61,slot=7,pass=5,op=O3_JS_SWAP,accepted=false,recoveryGain=true,qGain=-0.09757774341836384,fe=498359
formalLocal:outer=61,slot=7,pass=5,op=O4_WA_LOAD_TRANSFER,accepted=false,recoveryGain=true,qGain=-0.03944125677002455,fe=498360
formalLocal:outer=61,slot=7,pass=5,op=O5_WA_WEAK_TO_STRONG,accepted=true,recoveryGain=true,qGain=0.004087317790899086,fe=498361
formalLocal:outer=61,slot=7,pass=5,op=O6_WA_SWAP,accepted=false,recoveryGain=true,qGain=0.0,fe=498362
formalLocal:outer=61,slot=7,pass=5,op=O7_MA_LOAD_TRANSFER,accepted=false,recoveryGain=true,qGain=-0.08214007936844557,fe=498363
formalLocal:outer=61,slot=7,pass=5,op=O8_MA_WEAK_TO_STRONG,accepted=false,recoveryGain=true,qGain=-0.03851098492960471,fe=498364
formalLocal:outer=61,slot=7,pass=5,op=O9_MA_SWAP,accepted=false,recoveryGain=true,qGain=-0.07664981496785113,fe=498365
formalLocal:outer=61,slot=7,pass=6,op=O1_JS_INSERT,accepted=false,recoveryGain=true,qGain=0.0,fe=498366
formalLocal:outer=61,slot=7,pass=6,op=O2_JS_REVERSE,accepted=false,recoveryGain=true,qGain=-0.027771378472158888,fe=498367
formalLocal:outer=61,slot=7,pass=6,op=O3_JS_SWAP,accepted=false,recoveryGain=true,qGain=-0.11231841479007207,fe=498368
formalLocal:outer=61,slot=7,pass=6,op=O4_WA_LOAD_TRANSFER,accepted=false,recoveryGain=true,qGain=-0.07012439695524253,fe=498369
formalLocal:outer=61,slot=7,pass=6,op=O5_WA_WEAK_TO_STRONG,accepted=false,recoveryGain=true,qGain=-0.01648293415714625,fe=498370
formalLocal:outer=61,slot=7,pass=6,op=O6_WA_SWAP,accepted=false,recoveryGain=true,qGain=0.0,fe=498371
formalLocal:outer=61,slot=7,pass=6,op=O7_MA_LOAD_TRANSFER,accepted=false,recoveryGain=true,qGain=-0.08214007936844557,fe=498372
formalLocal:outer=61,slot=7,pass=6,op=O8_MA_WEAK_TO_STRONG,accepted=false,recoveryGain=true,qGain=-0.03851098492960471,fe=498373
formalLocal:outer=61,slot=7,pass=6,op=O9_MA_SWAP,accepted=false,recoveryGain=true,qGain=-0.07664981496785113,fe=498374
formalLocal:outer=61,slot=7,pass=7,op=O1_JS_INSERT,accepted=true,recoveryGain=true,qGain=0.016737108105011462,fe=498375
formalLocal:outer=61,slot=7,pass=7,op=O2_JS_REVERSE,accepted=false,recoveryGain=true,qGain=-0.09527110747594293,fe=498376
formalLocal:outer=61,slot=7,pass=7,op=O3_JS_SWAP,accepted=false,recoveryGain=true,qGain=-0.07919634440550165,fe=498377
formalLocal:outer=61,slot=7,pass=7,op=O4_WA_LOAD_TRANSFER,accepted=false,recoveryGain=true,qGain=-0.09429961985061337,fe=498378
formalLocal:outer=61,slot=7,pass=7,op=O5_WA_WEAK_TO_STRONG,accepted=false,recoveryGain=true,qGain=-0.06950238549725235,fe=498379
formalLocal:outer=61,slot=7,pass=7,op=O6_WA_SWAP,accepted=false,recoveryGain=true,qGain=0.0,fe=498380
formalLocal:outer=61,slot=7,pass=7,op=O7_MA_LOAD_TRANSFER,accepted=false,recoveryGain=true,qGain=-0.05204878772597374,fe=498381
formalLocal:outer=61,slot=7,pass=7,op=O8_MA_WEAK_TO_STRONG,accepted=false,recoveryGain=true,qGain=-0.0100317023447197,fe=498382
formalLocal:outer=61,slot=7,pass=7,op=O9_MA_SWAP,accepted=false,recoveryGain=true,qGain=-0.11149180507296881,fe=498383
formalLocal:outer=61,slot=7,pass=8,op=O1_JS_INSERT,accepted=false,recoveryGain=true,qGain=-0.100468276487148,fe=498384
formalLocal:outer=61,slot=7,pass=8,op=O2_JS_REVERSE,accepted=false,recoveryGain=true,qGain=-0.29928257157239696,fe=498385
formalLocal:outer=61,slot=7,pass=8,op=O3_JS_SWAP,accepted=false,recoveryGain=true,qGain=-0.08282536556450479,fe=498386
formalLocal:outer=61,slot=7,pass=8,op=O4_WA_LOAD_TRANSFER,accepted=false,recoveryGain=true,qGain=-0.09429961985061337,fe=498387
formalLocal:outer=61,slot=7,pass=8,op=O5_WA_WEAK_TO_STRONG,accepted=false,recoveryGain=true,qGain=-0.06950238549725235,fe=498388
formalLocal:outer=61,slot=7,pass=8,op=O6_WA_SWAP,accepted=false,recoveryGain=true,qGain=0.0,fe=498389
formalLocal:outer=61,slot=7,pass=8,op=O7_MA_LOAD_TRANSFER,accepted=false,recoveryGain=true,qGain=-0.05204878772597374,fe=498390
formalLocal:outer=61,slot=7,pass=8,op=O8_MA_WEAK_TO_STRONG,accepted=false,recoveryGain=true,qGain=-0.0100317023447197,fe=498391
formalLocal:outer=61,slot=7,pass=8,op=O9_MA_SWAP,accepted=false,recoveryGain=true,qGain=-0.11149180507296881,fe=498392
formalLocal:outer=61,slot=7,pass=9,op=O1_JS_INSERT,accepted=true,recoveryGain=true,qGain=0.0014087688306395054,fe=498393
formalLocal:outer=61,slot=7,pass=9,op=O2_JS_REVERSE,accepted=false,recoveryGain=true,qGain=0.0,fe=498394
formalLocal:outer=61,slot=7,pass=9,op=O3_JS_SWAP,accepted=false,recoveryGain=true,qGain=-0.07990002471262539,fe=498395
formalLocal:outer=61,slot=7,pass=9,op=O4_WA_LOAD_TRANSFER,accepted=false,recoveryGain=true,qGain=-0.1013611614421843,fe=498396
formalLocal:outer=61,slot=7,pass=9,op=O5_WA_WEAK_TO_STRONG,accepted=false,recoveryGain=true,qGain=-0.12495638572523948,fe=498397
formalLocal:outer=61,slot=7,pass=9,op=O6_WA_SWAP,accepted=false,recoveryGain=true,qGain=-0.017673894992861486,fe=498398
formalLocal:outer=61,slot=7,pass=9,op=O7_MA_LOAD_TRANSFER,accepted=false,recoveryGain=true,qGain=-0.02875313516539571,fe=498399
formalLocal:outer=61,slot=7,pass=9,op=O8_MA_WEAK_TO_STRONG,accepted=false,recoveryGain=true,qGain=-0.048331972218408355,fe=498400
formalLocal:outer=61,slot=7,pass=9,op=O9_MA_SWAP,accepted=false,recoveryGain=true,qGain=-0.06886103083863108,fe=498401
formalLocal:outer=61,slot=7,pass=10,op=O1_JS_INSERT,accepted=false,recoveryGain=true,qGain=-0.04075303915709016,fe=498402
formalLocal:outer=61,slot=7,pass=10,op=O2_JS_REVERSE,accepted=false,recoveryGain=true,qGain=-0.27984485090612055,fe=498403
formalLocal:outer=61,slot=7,pass=10,op=O3_JS_SWAP,accepted=false,recoveryGain=true,qGain=-0.07437110927461253,fe=498404
formalLocal:outer=61,slot=7,pass=10,op=O4_WA_LOAD_TRANSFER,accepted=false,recoveryGain=true,qGain=-0.1013611614421843,fe=498405
formalLocal:outer=61,slot=7,pass=10,op=O5_WA_WEAK_TO_STRONG,accepted=false,recoveryGain=true,qGain=-0.12495638572523948,fe=498406
formalLocal:outer=61,slot=7,pass=10,op=O6_WA_SWAP,accepted=false,recoveryGain=true,qGain=-0.017673894992861486,fe=498407
formalLocal:outer=61,slot=7,pass=10,op=O7_MA_LOAD_TRANSFER,accepted=false,recoveryGain=true,qGain=-0.02875313516539571,fe=498408
formalLocal:outer=61,slot=7,pass=10,op=O8_MA_WEAK_TO_STRONG,accepted=false,recoveryGain=true,qGain=-0.048331972218408355,fe=498409
formalLocal:outer=61,slot=7,pass=10,op=O9_MA_SWAP,accepted=false,recoveryGain=true,qGain=-0.06886103083863108,fe=498410
formalLocal:outer=61,slot=7,pass=11,op=O1_JS_INSERT,accepted=false,recoveryGain=true,qGain=0.0,fe=498411
formalLocal:outer=61,slot=7,pass=11,op=O2_JS_REVERSE,accepted=false,recoveryGain=true,qGain=-0.1253352335981983,fe=498412
formalLocal:outer=61,slot=7,pass=11,op=O3_JS_SWAP,accepted=false,recoveryGain=true,qGain=-0.08340379683333478,fe=498413
formalLocal:outer=61,slot=7,pass=11,op=O4_WA_LOAD_TRANSFER,accepted=false,recoveryGain=true,qGain=-0.1013611614421843,fe=498414
formalLocal:outer=61,slot=7,pass=11,op=O5_WA_WEAK_TO_STRONG,accepted=false,recoveryGain=true,qGain=-0.12495638572523948,fe=498415
formalLocal:outer=61,slot=7,pass=11,op=O6_WA_SWAP,accepted=false,recoveryGain=true,qGain=-0.017673894992861486,fe=498416
formalLocal:outer=61,slot=7,pass=11,op=O7_MA_LOAD_TRANSFER,accepted=false,recoveryGain=true,qGain=-0.02875313516539571,fe=498417
formalLocal:outer=61,slot=7,pass=11,op=O8_MA_WEAK_TO_STRONG,accepted=false,recoveryGain=true,qGain=-0.048331972218408355,fe=498418
formalLocal:outer=61,slot=7,pass=11,op=O9_MA_SWAP,accepted=false,recoveryGain=true,qGain=-0.06886103083863108,fe=498419
formalLocal:outer=61,slot=7,pass=12,op=O1_JS_INSERT,accepted=false,recoveryGain=true,qGain=-0.06611440982628594,fe=498420
formalLocal:outer=61,slot=7,pass=12,op=O2_JS_REVERSE,accepted=false,recoveryGain=true,qGain=-0.4257816396302535,fe=498421
formalLocal:outer=61,slot=7,pass=12,op=O3_JS_SWAP,accepted=false,recoveryGain=true,qGain=-0.11718096641690501,fe=498422
formalLocal:outer=61,slot=7,pass=12,op=O4_WA_LOAD_TRANSFER,accepted=false,recoveryGain=true,qGain=-0.1013611614421843,fe=498423
formalLocal:outer=61,slot=7,pass=12,op=O5_WA_WEAK_TO_STRONG,accepted=false,recoveryGain=true,qGain=-0.12495638572523948,fe=498424
formalLocal:outer=61,slot=7,pass=12,op=O6_WA_SWAP,accepted=false,recoveryGain=true,qGain=-0.017673894992861486,fe=498425
formalLocal:outer=61,slot=7,pass=12,op=O7_MA_LOAD_TRANSFER,accepted=false,recoveryGain=true,qGain=-0.02875313516539571,fe=498426
formalLocal:outer=61,slot=7,pass=12,op=O8_MA_WEAK_TO_STRONG,accepted=false,recoveryGain=true,qGain=-0.048331972218408355,fe=498427
formalLocal:outer=61,slot=7,pass=12,op=O9_MA_SWAP,accepted=false,recoveryGain=true,qGain=-0.06886103083863108,fe=498428
formalLocal:outer=61,slot=7,pass=13,op=O1_JS_INSERT,accepted=false,recoveryGain=true,qGain=-0.0031500230993500872,fe=498429
formalLocal:outer=61,slot=7,pass=13,op=O2_JS_REVERSE,accepted=false,recoveryGain=true,qGain=-0.5071106676729374,fe=498430
formalLocal:outer=61,slot=7,pass=13,op=O3_JS_SWAP,accepted=false,recoveryGain=true,qGain=-0.11386937444449866,fe=498431
formalLocal:outer=61,slot=7,pass=13,op=O4_WA_LOAD_TRANSFER,accepted=false,recoveryGain=true,qGain=-0.1013611614421843,fe=498432
formalLocal:outer=61,slot=7,pass=13,op=O5_WA_WEAK_TO_STRONG,accepted=false,recoveryGain=true,qGain=-0.12495638572523948,fe=498433
formalLocal:outer=61,slot=7,pass=13,op=O6_WA_SWAP,accepted=false,recoveryGain=true,qGain=-0.017673894992861486,fe=498434
formalLocal:outer=61,slot=7,pass=13,op=O7_MA_LOAD_TRANSFER,accepted=false,recoveryGain=true,qGain=-0.02875313516539571,fe=498435
formalLocal:outer=61,slot=7,pass=13,op=O8_MA_WEAK_TO_STRONG,accepted=false,recoveryGain=true,qGain=-0.048331972218408355,fe=498436
formalLocal:outer=61,slot=7,pass=13,op=O9_MA_SWAP,accepted=false,recoveryGain=true,qGain=-0.06886103083863108,fe=498437
formalLocal:outer=61,slot=7,pass=14,op=O1_JS_INSERT,accepted=false,recoveryGain=true,qGain=-0.007905791464392511,fe=498438
formalLocal:outer=61,slot=7,pass=14,op=O2_JS_REVERSE,accepted=false,recoveryGain=true,qGain=-0.3250660720958172,fe=498439
formalLocal:outer=61,slot=7,pass=14,op=O3_JS_SWAP,accepted=false,recoveryGain=true,qGain=-0.033370760934780815,fe=498440
formalLocal:outer=61,slot=7,pass=14,op=O4_WA_LOAD_TRANSFER,accepted=false,recoveryGain=true,qGain=-0.1013611614421843,fe=498441
formalLocal:outer=61,slot=7,pass=14,op=O5_WA_WEAK_TO_STRONG,accepted=false,recoveryGain=true,qGain=-0.12495638572523948,fe=498442
formalLocal:outer=61,slot=7,pass=14,op=O6_WA_SWAP,accepted=false,recoveryGain=true,qGain=-0.017673894992861486,fe=498443
formalLocal:outer=61,slot=7,pass=14,op=O7_MA_LOAD_TRANSFER,accepted=false,recoveryGain=true,qGain=-0.02875313516539571,fe=498444
formalLocal:outer=61,slot=7,pass=14,op=O8_MA_WEAK_TO_STRONG,accepted=false,recoveryGain=true,qGain=-0.048331972218408355,fe=498445
formalLocal:outer=61,slot=7,pass=14,op=O9_MA_SWAP,accepted=false,recoveryGain=true,qGain=-0.06886103083863108,fe=498446
formalLocal:outer=61,slot=7,pass=15,op=O1_JS_INSERT,accepted=false,recoveryGain=true,qGain=-0.013018597563970407,fe=498447
formalLocal:outer=61,slot=7,pass=15,op=O2_JS_REVERSE,accepted=false,recoveryGain=true,qGain=-0.09730604073648512,fe=498448
formalLocal:outer=61,slot=7,pass=15,op=O3_JS_SWAP,accepted=false,recoveryGain=true,qGain=-0.018781309516208537,fe=498449
formalLocal:outer=61,slot=7,pass=15,op=O4_WA_LOAD_TRANSFER,accepted=false,recoveryGain=true,qGain=-0.1013611614421843,fe=498450
formalLocal:outer=61,slot=7,pass=15,op=O5_WA_WEAK_TO_STRONG,accepted=false,recoveryGain=true,qGain=-0.12495638572523948,fe=498451
formalLocal:outer=61,slot=7,pass=15,op=O6_WA_SWAP,accepted=false,recoveryGain=true,qGain=-0.017673894992861486,fe=498452
formalLocal:outer=61,slot=7,pass=15,op=O7_MA_LOAD_TRANSFER,accepted=false,recoveryGain=true,qGain=-0.02875313516539571,fe=498453
formalLocal:outer=61,slot=7,pass=15,op=O8_MA_WEAK_TO_STRONG,accepted=false,recoveryGain=true,qGain=-0.048331972218408355,fe=498454
formalLocal:outer=61,slot=7,pass=15,op=O9_MA_SWAP,accepted=false,recoveryGain=true,qGain=-0.06886103083863108,fe=498455
formalLocal:outer=61,slot=7,pass=16,op=O1_JS_INSERT,accepted=false,recoveryGain=true,qGain=-0.06111642745021072,fe=498456
formalLocal:outer=61,slot=7,pass=16,op=O2_JS_REVERSE,accepted=false,recoveryGain=true,qGain=-0.10169927856741424,fe=498457
formalLocal:outer=61,slot=7,pass=16,op=O3_JS_SWAP,accepted=false,recoveryGain=true,qGain=-0.1656359327171093,fe=498458
formalLocal:outer=61,slot=7,pass=16,op=O4_WA_LOAD_TRANSFER,accepted=false,recoveryGain=true,qGain=-0.1013611614421843,fe=498459
formalLocal:outer=61,slot=7,pass=16,op=O5_WA_WEAK_TO_STRONG,accepted=false,recoveryGain=true,qGain=-0.12495638572523948,fe=498460
formalLocal:outer=61,slot=7,pass=16,op=O6_WA_SWAP,accepted=false,recoveryGain=true,qGain=-0.017673894992861486,fe=498461
formalLocal:outer=61,slot=7,pass=16,op=O7_MA_LOAD_TRANSFER,accepted=false,recoveryGain=true,qGain=-0.02875313516539571,fe=498462
formalLocal:outer=61,slot=7,pass=16,op=O8_MA_WEAK_TO_STRONG,accepted=false,recoveryGain=true,qGain=-0.048331972218408355,fe=498463
formalLocal:outer=61,slot=7,pass=16,op=O9_MA_SWAP,accepted=false,recoveryGain=true,qGain=-0.06886103083863108,fe=498464
formalLocal:outer=61,slot=7,pass=17,op=O1_JS_INSERT,accepted=false,recoveryGain=true,qGain=-0.0723733301324892,fe=498465
formalLocal:outer=61,slot=7,pass=17,op=O2_JS_REVERSE,accepted=false,recoveryGain=true,qGain=-0.36260046922405703,fe=498466
formalLocal:outer=61,slot=7,pass=17,op=O3_JS_SWAP,accepted=false,recoveryGain=true,qGain=-0.05238742077698184,fe=498467
formalLocal:outer=61,slot=7,pass=17,op=O4_WA_LOAD_TRANSFER,accepted=false,recoveryGain=true,qGain=-0.1013611614421843,fe=498468
formalLocal:outer=61,slot=7,pass=17,op=O5_WA_WEAK_TO_STRONG,accepted=false,recoveryGain=true,qGain=-0.12495638572523948,fe=498469
formalLocal:outer=61,slot=7,pass=17,op=O6_WA_SWAP,accepted=false,recoveryGain=true,qGain=-0.017673894992861486,fe=498470
formalLocal:outer=61,slot=7,pass=17,op=O7_MA_LOAD_TRANSFER,accepted=false,recoveryGain=true,qGain=-0.02875313516539571,fe=498471
formalLocal:outer=61,slot=7,pass=17,op=O8_MA_WEAK_TO_STRONG,accepted=false,recoveryGain=true,qGain=-0.048331972218408355,fe=498472
formalLocal:outer=61,slot=7,pass=17,op=O9_MA_SWAP,accepted=false,recoveryGain=true,qGain=-0.06886103083863108,fe=498473
formalLocal:outer=61,slot=7,pass=18,op=O1_JS_INSERT,accepted=false,recoveryGain=true,qGain=-0.038626247973961185,fe=498474
formalLocal:outer=61,slot=7,pass=18,op=O2_JS_REVERSE,accepted=false,recoveryGain=true,qGain=-0.08486965617774855,fe=498475
formalLocal:outer=61,slot=7,pass=18,op=O3_JS_SWAP,accepted=false,recoveryGain=true,qGain=-0.04640352992612921,fe=498476
formalLocal:outer=61,slot=7,pass=18,op=O4_WA_LOAD_TRANSFER,accepted=false,recoveryGain=true,qGain=-0.1013611614421843,fe=498477
formalLocal:outer=61,slot=7,pass=18,op=O5_WA_WEAK_TO_STRONG,accepted=false,recoveryGain=true,qGain=-0.12495638572523948,fe=498478
formalLocal:outer=61,slot=7,pass=18,op=O6_WA_SWAP,accepted=false,recoveryGain=true,qGain=-0.017673894992861486,fe=498479
formalLocal:outer=61,slot=7,pass=18,op=O7_MA_LOAD_TRANSFER,accepted=false,recoveryGain=true,qGain=-0.02875313516539571,fe=498480
formalLocal:outer=61,slot=7,pass=18,op=O8_MA_WEAK_TO_STRONG,accepted=false,recoveryGain=true,qGain=-0.048331972218408355,fe=498481
formalLocal:outer=61,slot=7,pass=18,op=O9_MA_SWAP,accepted=false,recoveryGain=true,qGain=-0.06886103083863108,fe=498482
formalLocal:outer=61,slot=7,pass=19,op=O1_JS_INSERT,accepted=false,recoveryGain=true,qGain=-0.049120765205989486,fe=498483
formalLocal:outer=61,slot=7,pass=19,op=O2_JS_REVERSE,accepted=false,recoveryGain=true,qGain=-0.18179238460440714,fe=498484
formalLocal:outer=61,slot=7,pass=19,op=O3_JS_SWAP,accepted=false,recoveryGain=true,qGain=-0.05735636404641703,fe=498485
formalLocal:outer=61,slot=7,pass=19,op=O4_WA_LOAD_TRANSFER,accepted=false,recoveryGain=true,qGain=-0.1013611614421843,fe=498486
formalLocal:outer=61,slot=7,pass=19,op=O5_WA_WEAK_TO_STRONG,accepted=false,recoveryGain=true,qGain=-0.12495638572523948,fe=498487
formalLocal:outer=61,slot=7,pass=19,op=O6_WA_SWAP,accepted=false,recoveryGain=true,qGain=-0.017673894992861486,fe=498488
formalLocal:outer=61,slot=7,pass=19,op=O7_MA_LOAD_TRANSFER,accepted=false,recoveryGain=true,qGain=-0.02875313516539571,fe=498489
formalLocal:outer=61,slot=7,pass=19,op=O8_MA_WEAK_TO_STRONG,accepted=false,recoveryGain=true,qGain=-0.048331972218408355,fe=498490
formalLocal:outer=61,slot=7,pass=19,op=O9_MA_SWAP,accepted=false,recoveryGain=true,qGain=-0.06886103083863108,fe=498491
formalLocal:outer=61,slot=7,pass=20,op=O1_JS_INSERT,accepted=false,recoveryGain=true,qGain=-0.06705084157710779,fe=498492
formalLocal:outer=61,slot=7,pass=20,op=O2_JS_REVERSE,accepted=false,recoveryGain=true,qGain=-0.27984485090612055,fe=498493
formalLocal:outer=61,slot=7,pass=20,op=O3_JS_SWAP,accepted=false,recoveryGain=true,qGain=-0.06103175012016286,fe=498494
formalLocal:outer=61,slot=7,pass=20,op=O4_WA_LOAD_TRANSFER,accepted=false,recoveryGain=true,qGain=-0.1013611614421843,fe=498495
formalLocal:outer=61,slot=7,pass=20,op=O5_WA_WEAK_TO_STRONG,accepted=false,recoveryGain=true,qGain=-0.12495638572523948,fe=498496
formalLocal:outer=61,slot=7,pass=20,op=O6_WA_SWAP,accepted=false,recoveryGain=true,qGain=-0.017673894992861486,fe=498497
formalLocal:outer=61,slot=7,pass=20,op=O7_MA_LOAD_TRANSFER,accepted=false,recoveryGain=true,qGain=-0.02875313516539571,fe=498498
formalLocal:outer=61,slot=7,pass=20,op=O8_MA_WEAK_TO_STRONG,accepted=false,recoveryGain=true,qGain=-0.048331972218408355,fe=498499
formalLocal:outer=61,slot=7,pass=20,op=O9_MA_SWAP,accepted=false,recoveryGain=true,qGain=-0.06886103083863108,fe=498500
formalLocal:outer=61,slot=7,pass=21,op=O1_JS_INSERT,accepted=false,recoveryGain=true,qGain=-0.04782101451769729,fe=498501
formalLocal:outer=61,slot=7,pass=21,op=O2_JS_REVERSE,accepted=false,recoveryGain=true,qGain=-0.27984485090612055,fe=498502
formalLocal:outer=61,slot=7,pass=21,op=O3_JS_SWAP,accepted=false,recoveryGain=true,qGain=-0.044178854387927576,fe=498503
formalLocal:outer=61,slot=7,pass=21,op=O4_WA_LOAD_TRANSFER,accepted=false,recoveryGain=true,qGain=-0.1013611614421843,fe=498504
formalLocal:outer=61,slot=7,pass=21,op=O5_WA_WEAK_TO_STRONG,accepted=false,recoveryGain=true,qGain=-0.12495638572523948,fe=498505
formalLocal:outer=61,slot=7,pass=21,op=O6_WA_SWAP,accepted=false,recoveryGain=true,qGain=-0.017673894992861486,fe=498506
formalLocal:outer=61,slot=7,pass=21,op=O7_MA_LOAD_TRANSFER,accepted=false,recoveryGain=true,qGain=-0.02875313516539571,fe=498507
formalLocal:outer=61,slot=7,pass=21,op=O8_MA_WEAK_TO_STRONG,accepted=false,recoveryGain=true,qGain=-0.048331972218408355,fe=498508
formalLocal:outer=61,slot=7,pass=21,op=O9_MA_SWAP,accepted=false,recoveryGain=true,qGain=-0.06886103083863108,fe=498509
formalLocal:outer=61,slot=7,pass=22,op=O1_JS_INSERT,accepted=false,recoveryGain=true,qGain=-0.07887895850722786,fe=498510
formalLocal:outer=61,slot=7,pass=22,op=O2_JS_REVERSE,accepted=false,recoveryGain=true,qGain=-0.19884931215866888,fe=498511
formalLocal:outer=61,slot=7,pass=22,op=O3_JS_SWAP,accepted=false,recoveryGain=true,qGain=-0.012707295206874684,fe=498512
formalLocal:outer=61,slot=7,pass=22,op=O4_WA_LOAD_TRANSFER,accepted=false,recoveryGain=true,qGain=-0.1013611614421843,fe=498513
formalLocal:outer=61,slot=7,pass=22,op=O5_WA_WEAK_TO_STRONG,accepted=false,recoveryGain=true,qGain=-0.12495638572523948,fe=498514
formalLocal:outer=61,slot=7,pass=22,op=O6_WA_SWAP,accepted=false,recoveryGain=true,qGain=-0.017673894992861486,fe=498515
formalLocal:outer=61,slot=7,pass=22,op=O7_MA_LOAD_TRANSFER,accepted=false,recoveryGain=true,qGain=-0.02875313516539571,fe=498516
formalLocal:outer=61,slot=7,pass=22,op=O8_MA_WEAK_TO_STRONG,accepted=false,recoveryGain=true,qGain=-0.048331972218408355,fe=498517
formalLocal:outer=61,slot=7,pass=22,op=O9_MA_SWAP,accepted=false,recoveryGain=true,qGain=-0.06886103083863108,fe=498518
formalLocal:outer=61,slot=7,pass=23,op=O1_JS_INSERT,accepted=false,recoveryGain=true,qGain=-0.09590063216388729,fe=498519
formalLocal:outer=61,slot=7,pass=23,op=O2_JS_REVERSE,accepted=false,recoveryGain=true,qGain=-0.382536121280645,fe=498520
formalLocal:outer=61,slot=7,pass=23,op=O3_JS_SWAP,accepted=false,recoveryGain=true,qGain=-0.01295822491737716,fe=498521
formalLocal:outer=61,slot=7,pass=23,op=O4_WA_LOAD_TRANSFER,accepted=false,recoveryGain=true,qGain=-0.1013611614421843,fe=498522
formalLocal:outer=61,slot=7,pass=23,op=O5_WA_WEAK_TO_STRONG,accepted=false,recoveryGain=true,qGain=-0.12495638572523948,fe=498523
formalLocal:outer=61,slot=7,pass=23,op=O6_WA_SWAP,accepted=false,recoveryGain=true,qGain=-0.017673894992861486,fe=498524
formalLocal:outer=61,slot=7,pass=23,op=O7_MA_LOAD_TRANSFER,accepted=false,recoveryGain=true,qGain=-0.02875313516539571,fe=498525
formalLocal:outer=61,slot=7,pass=23,op=O8_MA_WEAK_TO_STRONG,accepted=false,recoveryGain=true,qGain=-0.048331972218408355,fe=498526
formalLocal:outer=61,slot=7,pass=23,op=O9_MA_SWAP,accepted=false,recoveryGain=true,qGain=-0.06886103083863108,fe=498527
formalLocal:outer=61,slot=7,pass=24,op=O1_JS_INSERT,accepted=false,recoveryGain=true,qGain=-0.01574334582824731,fe=498528
formalLocal:outer=61,slot=7,pass=24,op=O2_JS_REVERSE,accepted=false,recoveryGain=true,qGain=-0.11988762793158261,fe=498529
formalLocal:outer=61,slot=7,pass=24,op=O3_JS_SWAP,accepted=false,recoveryGain=true,qGain=-0.040539711241297544,fe=498530
formalLocal:outer=61,slot=7,pass=24,op=O4_WA_LOAD_TRANSFER,accepted=false,recoveryGain=true,qGain=-0.1013611614421843,fe=498531
formalLocal:outer=61,slot=7,pass=24,op=O5_WA_WEAK_TO_STRONG,accepted=false,recoveryGain=true,qGain=-0.12495638572523948,fe=498532
formalLocal:outer=61,slot=7,pass=24,op=O6_WA_SWAP,accepted=false,recoveryGain=true,qGain=-0.017673894992861486,fe=498533
formalLocal:outer=61,slot=7,pass=24,op=O7_MA_LOAD_TRANSFER,accepted=false,recoveryGain=true,qGain=-0.02875313516539571,fe=498534
formalLocal:outer=61,slot=7,pass=24,op=O8_MA_WEAK_TO_STRONG,accepted=false,recoveryGain=true,qGain=-0.048331972218408355,fe=498535
formalLocal:outer=61,slot=7,pass=24,op=O9_MA_SWAP,accepted=false,recoveryGain=true,qGain=-0.06886103083863108,fe=498536
formalLocal:outer=61,slot=7,pass=25,op=O1_JS_INSERT,accepted=false,recoveryGain=true,qGain=-0.14744551346167714,fe=498537
formalLocal:outer=61,slot=7,pass=25,op=O2_JS_REVERSE,accepted=false,recoveryGain=true,qGain=-0.36260046922405703,fe=498538
formalLocal:outer=61,slot=7,pass=25,op=O3_JS_SWAP,accepted=true,recoveryGain=true,qGain=0.0022514311858192137,fe=498539
formalLocal:outer=61,slot=7,pass=25,op=O4_WA_LOAD_TRANSFER,accepted=false,recoveryGain=true,qGain=-0.06193182111410533,fe=498540
formalLocal:outer=61,slot=7,pass=25,op=O5_WA_WEAK_TO_STRONG,accepted=false,recoveryGain=true,qGain=-0.10653690253655154,fe=498541
formalLocal:outer=61,slot=7,pass=25,op=O6_WA_SWAP,accepted=false,recoveryGain=true,qGain=0.0,fe=498542
formalLocal:outer=61,slot=7,pass=25,op=O7_MA_LOAD_TRANSFER,accepted=false,recoveryGain=true,qGain=-0.09214908420518987,fe=498543
formalLocal:outer=61,slot=7,pass=25,op=O8_MA_WEAK_TO_STRONG,accepted=false,recoveryGain=true,qGain=-0.016791210825388495,fe=498544
formalLocal:outer=61,slot=7,pass=25,op=O9_MA_SWAP,accepted=false,recoveryGain=true,qGain=-0.05204332368022379,fe=498545
formalLocal:outer=61,slot=7,pass=26,op=O1_JS_INSERT,accepted=false,recoveryGain=true,qGain=-0.05166038405208276,fe=498546
formalLocal:outer=61,slot=7,pass=26,op=O2_JS_REVERSE,accepted=false,recoveryGain=true,qGain=-0.21598771239471357,fe=498547
formalLocal:outer=61,slot=7,pass=26,op=O3_JS_SWAP,accepted=false,recoveryGain=true,qGain=-0.0640479397639506,fe=498548
formalLocal:outer=61,slot=7,pass=26,op=O4_WA_LOAD_TRANSFER,accepted=false,recoveryGain=true,qGain=-0.06193182111410533,fe=498549
formalLocal:outer=61,slot=7,pass=26,op=O5_WA_WEAK_TO_STRONG,accepted=false,recoveryGain=true,qGain=-0.10653690253655154,fe=498550
formalLocal:outer=61,slot=7,pass=26,op=O6_WA_SWAP,accepted=false,recoveryGain=true,qGain=0.0,fe=498551
formalLocal:outer=61,slot=7,pass=26,op=O7_MA_LOAD_TRANSFER,accepted=false,recoveryGain=true,qGain=-0.09214908420518987,fe=498552
formalLocal:outer=61,slot=7,pass=26,op=O8_MA_WEAK_TO_STRONG,accepted=false,recoveryGain=true,qGain=-0.016791210825388495,fe=498553
formalLocal:outer=61,slot=7,pass=26,op=O9_MA_SWAP,accepted=false,recoveryGain=true,qGain=-0.05204332368022379,fe=498554
formalLocal:outer=61,slot=7,pass=27,op=O1_JS_INSERT,accepted=false,recoveryGain=true,qGain=-0.07916101671214523,fe=498555
formalLocal:outer=61,slot=7,pass=27,op=O2_JS_REVERSE,accepted=false,recoveryGain=true,qGain=-0.2827328356152991,fe=498556
formalLocal:outer=61,slot=7,pass=27,op=O3_JS_SWAP,accepted=false,recoveryGain=true,qGain=-0.01434918042660898,fe=498557
formalLocal:outer=61,slot=7,pass=27,op=O4_WA_LOAD_TRANSFER,accepted=false,recoveryGain=true,qGain=-0.06193182111410533,fe=498558
formalLocal:outer=61,slot=7,pass=27,op=O5_WA_WEAK_TO_STRONG,accepted=false,recoveryGain=true,qGain=-0.10653690253655154,fe=498559
formalLocal:outer=61,slot=7,pass=27,op=O6_WA_SWAP,accepted=false,recoveryGain=true,qGain=0.0,fe=498560
formalLocal:outer=61,slot=7,pass=27,op=O7_MA_LOAD_TRANSFER,accepted=false,recoveryGain=true,qGain=-0.09214908420518987,fe=498561
formalLocal:outer=61,slot=7,pass=27,op=O8_MA_WEAK_TO_STRONG,accepted=false,recoveryGain=true,qGain=-0.016791210825388495,fe=498562
formalLocal:outer=61,slot=7,pass=27,op=O9_MA_SWAP,accepted=false,recoveryGain=true,qGain=-0.05204332368022379,fe=498563
formalLocal:outer=61,slot=7,pass=28,op=O1_JS_INSERT,accepted=false,recoveryGain=true,qGain=-0.11107423144940022,fe=498564
formalLocal:outer=61,slot=7,pass=28,op=O2_JS_REVERSE,accepted=false,recoveryGain=true,qGain=-0.10492270280604118,fe=498565
formalLocal:outer=61,slot=7,pass=28,op=O3_JS_SWAP,accepted=false,recoveryGain=true,qGain=-0.012392408080561421,fe=498566
formalLocal:outer=61,slot=7,pass=28,op=O4_WA_LOAD_TRANSFER,accepted=false,recoveryGain=true,qGain=-0.06193182111410533,fe=498567
formalLocal:outer=61,slot=7,pass=28,op=O5_WA_WEAK_TO_STRONG,accepted=false,recoveryGain=true,qGain=-0.10653690253655154,fe=498568
formalLocal:outer=61,slot=7,pass=28,op=O6_WA_SWAP,accepted=false,recoveryGain=true,qGain=0.0,fe=498569
formalLocal:outer=61,slot=7,pass=28,op=O7_MA_LOAD_TRANSFER,accepted=false,recoveryGain=true,qGain=-0.09214908420518987,fe=498570
formalLocal:outer=61,slot=7,pass=28,op=O8_MA_WEAK_TO_STRONG,accepted=false,recoveryGain=true,qGain=-0.016791210825388495,fe=498571
formalLocal:outer=61,slot=7,pass=28,op=O9_MA_SWAP,accepted=false,recoveryGain=true,qGain=-0.05204332368022379,fe=498572
formalLocal:outer=61,slot=7,pass=29,op=O1_JS_INSERT,accepted=true,recoveryGain=true,qGain=0.009642767258843568,fe=498573
formalLocal:outer=61,slot=7,pass=29,op=O2_JS_REVERSE,accepted=false,recoveryGain=true,qGain=-0.2678366411784269,fe=498574
formalLocal:outer=61,slot=7,pass=29,op=O3_JS_SWAP,accepted=false,recoveryGain=true,qGain=-0.08361123482035812,fe=498575
formalLocal:outer=61,slot=7,pass=29,op=O4_WA_LOAD_TRANSFER,accepted=false,recoveryGain=true,qGain=-0.15069309703242934,fe=498576
formalLocal:outer=61,slot=7,pass=29,op=O5_WA_WEAK_TO_STRONG,accepted=false,recoveryGain=true,qGain=-0.1424954117958263,fe=498577
formalLocal:outer=61,slot=7,pass=29,op=O6_WA_SWAP,accepted=false,recoveryGain=true,qGain=0.0,fe=498578
formalLocal:outer=61,slot=7,pass=29,op=O7_MA_LOAD_TRANSFER,accepted=false,recoveryGain=true,qGain=-0.11975275507511585,fe=498579
formalLocal:outer=61,slot=7,pass=29,op=O8_MA_WEAK_TO_STRONG,accepted=false,recoveryGain=true,qGain=-0.10296225307769859,fe=498580
formalLocal:outer=61,slot=7,pass=29,op=O9_MA_SWAP,accepted=false,recoveryGain=true,qGain=-0.11927025375966789,fe=498581
formalLocal:outer=61,slot=8,op=CRITICAL_FACTORY_SWAP,accepted=true,fe=498582
formalLocal:outer=61,slot=8,op=CRITICAL_FACTORY_INSERT,accepted=true,fe=498583
formalLocal:outer=61,slot=8,pass=0,op=O1_JS_INSERT,accepted=true,recoveryGain=true,qGain=0.2442773495432441,fe=498584
formalLocal:outer=61,slot=8,pass=0,op=O2_JS_REVERSE,accepted=false,recoveryGain=true,qGain=-0.30839163524461255,fe=498585
formalLocal:outer=61,slot=8,pass=0,op=O3_JS_SWAP,accepted=true,recoveryGain=true,qGain=0.0017189569223751682,fe=498586
formalLocal:outer=61,slot=8,pass=0,op=O4_WA_LOAD_TRANSFER,accepted=false,recoveryGain=true,qGain=-0.03381830485090915,fe=498587
formalLocal:outer=61,slot=8,pass=0,op=O5_WA_WEAK_TO_STRONG,accepted=true,recoveryGain=true,qGain=0.05270213805673053,fe=498588
formalLocal:outer=61,slot=8,pass=0,op=O6_WA_SWAP,accepted=true,recoveryGain=true,qGain=0.050982138582176435,fe=498589
formalLocal:outer=61,slot=8,pass=0,op=O7_MA_LOAD_TRANSFER,accepted=true,recoveryGain=true,qGain=0.04462431708516896,fe=498590
formalLocal:outer=61,slot=8,pass=0,op=O8_MA_WEAK_TO_STRONG,accepted=false,recoveryGain=true,qGain=-0.04670865909944569,fe=498591
formalLocal:outer=61,slot=8,pass=0,op=O9_MA_SWAP,accepted=false,recoveryGain=true,qGain=-0.04420906507218505,fe=498592
formalLocal:outer=61,slot=8,pass=1,op=O1_JS_INSERT,accepted=false,recoveryGain=true,qGain=0.0,fe=498593
formalLocal:outer=61,slot=8,pass=1,op=O2_JS_REVERSE,accepted=false,recoveryGain=true,qGain=-0.8180182937982264,fe=498594
formalLocal:outer=61,slot=8,pass=1,op=O3_JS_SWAP,accepted=true,recoveryGain=true,qGain=0.017105320232709793,fe=498595
formalLocal:outer=61,slot=8,pass=1,op=O4_WA_LOAD_TRANSFER,accepted=false,recoveryGain=true,qGain=-0.03708973891309173,fe=498596
formalLocal:outer=61,slot=8,pass=1,op=O5_WA_WEAK_TO_STRONG,accepted=false,recoveryGain=true,qGain=-0.10501885500593142,fe=498597
formalLocal:outer=61,slot=8,pass=1,op=O6_WA_SWAP,accepted=false,recoveryGain=true,qGain=-0.01606631502949105,fe=498598
formalLocal:outer=61,slot=8,pass=1,op=O7_MA_LOAD_TRANSFER,accepted=false,recoveryGain=true,qGain=-0.18334917023074057,fe=498599
formalLocal:outer=61,slot=8,pass=1,op=O8_MA_WEAK_TO_STRONG,accepted=false,recoveryGain=true,qGain=-0.05806494703163966,fe=498600
formalLocal:outer=61,slot=8,pass=1,op=O9_MA_SWAP,accepted=false,recoveryGain=true,qGain=-0.04090414097977403,fe=498601
formalLocal:outer=61,slot=8,pass=2,op=O1_JS_INSERT,accepted=false,recoveryGain=true,qGain=-0.35184992091146616,fe=498602
formalLocal:outer=61,slot=8,pass=2,op=O2_JS_REVERSE,accepted=false,recoveryGain=true,qGain=-0.20168803198618365,fe=498603
formalLocal:outer=61,slot=8,pass=2,op=O3_JS_SWAP,accepted=false,recoveryGain=true,qGain=-0.017032878080285495,fe=498604
formalLocal:outer=61,slot=8,pass=2,op=O4_WA_LOAD_TRANSFER,accepted=false,recoveryGain=true,qGain=-0.03708973891309173,fe=498605
formalLocal:outer=61,slot=8,pass=2,op=O5_WA_WEAK_TO_STRONG,accepted=false,recoveryGain=true,qGain=-0.10501885500593142,fe=498606
formalLocal:outer=61,slot=8,pass=2,op=O6_WA_SWAP,accepted=false,recoveryGain=true,qGain=-0.01606631502949105,fe=498607
formalLocal:outer=61,slot=8,pass=2,op=O7_MA_LOAD_TRANSFER,accepted=false,recoveryGain=true,qGain=-0.18334917023074057,fe=498608
formalLocal:outer=61,slot=8,pass=2,op=O8_MA_WEAK_TO_STRONG,accepted=false,recoveryGain=true,qGain=-0.05806494703163966,fe=498609
formalLocal:outer=61,slot=8,pass=2,op=O9_MA_SWAP,accepted=false,recoveryGain=true,qGain=-0.04090414097977403,fe=498610
formalLocal:outer=61,slot=8,pass=3,op=O1_JS_INSERT,accepted=false,recoveryGain=true,qGain=-0.28135122189945594,fe=498611
formalLocal:outer=61,slot=8,pass=3,op=O2_JS_REVERSE,accepted=false,recoveryGain=true,qGain=-0.47769611009832796,fe=498612
formalLocal:outer=61,slot=8,pass=3,op=O3_JS_SWAP,accepted=false,recoveryGain=true,qGain=-0.31613208459105374,fe=498613
formalLocal:outer=61,slot=8,pass=3,op=O4_WA_LOAD_TRANSFER,accepted=false,recoveryGain=true,qGain=-0.03708973891309173,fe=498614
formalLocal:outer=61,slot=8,pass=3,op=O5_WA_WEAK_TO_STRONG,accepted=false,recoveryGain=true,qGain=-0.10501885500593142,fe=498615
formalLocal:outer=61,slot=8,pass=3,op=O6_WA_SWAP,accepted=false,recoveryGain=true,qGain=-0.01606631502949105,fe=498616
formalLocal:outer=61,slot=8,pass=3,op=O7_MA_LOAD_TRANSFER,accepted=false,recoveryGain=true,qGain=-0.18334917023074057,fe=498617
formalLocal:outer=61,slot=8,pass=3,op=O8_MA_WEAK_TO_STRONG,accepted=false,recoveryGain=true,qGain=-0.05806494703163966,fe=498618
formalLocal:outer=61,slot=8,pass=3,op=O9_MA_SWAP,accepted=false,recoveryGain=true,qGain=-0.04090414097977403,fe=498619
formalLocal:outer=61,slot=8,pass=4,op=O1_JS_INSERT,accepted=false,recoveryGain=true,qGain=-0.6040425337324306,fe=498620
formalLocal:outer=61,slot=8,pass=4,op=O2_JS_REVERSE,accepted=false,recoveryGain=true,qGain=-0.47388287557554537,fe=498621
formalLocal:outer=61,slot=8,pass=4,op=O3_JS_SWAP,accepted=false,recoveryGain=true,qGain=-0.049775687769568526,fe=498622
formalLocal:outer=61,slot=8,pass=4,op=O4_WA_LOAD_TRANSFER,accepted=false,recoveryGain=true,qGain=-0.03708973891309173,fe=498623
formalLocal:outer=61,slot=8,pass=4,op=O5_WA_WEAK_TO_STRONG,accepted=false,recoveryGain=true,qGain=-0.10501885500593142,fe=498624
formalLocal:outer=61,slot=8,pass=4,op=O6_WA_SWAP,accepted=false,recoveryGain=true,qGain=-0.01606631502949105,fe=498625
formalLocal:outer=61,slot=8,pass=4,op=O7_MA_LOAD_TRANSFER,accepted=false,recoveryGain=true,qGain=-0.18334917023074057,fe=498626
formalLocal:outer=61,slot=8,pass=4,op=O8_MA_WEAK_TO_STRONG,accepted=false,recoveryGain=true,qGain=-0.05806494703163966,fe=498627
formalLocal:outer=61,slot=8,pass=4,op=O9_MA_SWAP,accepted=false,recoveryGain=true,qGain=-0.04090414097977403,fe=498628
formalLocal:outer=61,slot=8,pass=5,op=O1_JS_INSERT,accepted=true,recoveryGain=true,qGain=0.07147571245563104,fe=498629
formalLocal:outer=61,slot=8,pass=5,op=O2_JS_REVERSE,accepted=false,recoveryGain=true,qGain=-0.6601351414650526,fe=498630
formalLocal:outer=61,slot=8,pass=5,op=O3_JS_SWAP,accepted=false,recoveryGain=true,qGain=-0.26955266925114607,fe=498631
formalLocal:outer=61,slot=8,pass=5,op=O4_WA_LOAD_TRANSFER,accepted=false,recoveryGain=true,qGain=-0.04867247374124929,fe=498632
formalLocal:outer=61,slot=8,pass=5,op=O5_WA_WEAK_TO_STRONG,accepted=false,recoveryGain=true,qGain=-0.11101980359890384,fe=498633
formalLocal:outer=61,slot=8,pass=5,op=O6_WA_SWAP,accepted=false,recoveryGain=true,qGain=-0.035047634359538234,fe=498634
formalLocal:outer=61,slot=8,pass=5,op=O7_MA_LOAD_TRANSFER,accepted=false,recoveryGain=true,qGain=-0.22989645089241614,fe=498635
formalLocal:outer=61,slot=8,pass=5,op=O8_MA_WEAK_TO_STRONG,accepted=false,recoveryGain=true,qGain=-0.09031008778894754,fe=498636
formalLocal:outer=61,slot=8,pass=5,op=O9_MA_SWAP,accepted=false,recoveryGain=true,qGain=-0.09427228839351393,fe=498637
formalLocal:outer=61,slot=8,pass=6,op=O1_JS_INSERT,accepted=false,recoveryGain=true,qGain=-0.06432115016565718,fe=498638
formalLocal:outer=61,slot=8,pass=6,op=O2_JS_REVERSE,accepted=false,recoveryGain=true,qGain=0.0,fe=498639
formalLocal:outer=61,slot=8,pass=6,op=O3_JS_SWAP,accepted=false,recoveryGain=true,qGain=-0.3236045698221231,fe=498640
formalLocal:outer=61,slot=8,pass=6,op=O4_WA_LOAD_TRANSFER,accepted=false,recoveryGain=true,qGain=-0.04867247374124929,fe=498641
formalLocal:outer=61,slot=8,pass=6,op=O5_WA_WEAK_TO_STRONG,accepted=false,recoveryGain=true,qGain=-0.11101980359890384,fe=498642
formalLocal:outer=61,slot=8,pass=6,op=O6_WA_SWAP,accepted=false,recoveryGain=true,qGain=-0.035047634359538234,fe=498643
formalLocal:outer=61,slot=8,pass=6,op=O7_MA_LOAD_TRANSFER,accepted=false,recoveryGain=true,qGain=-0.22989645089241614,fe=498644
formalLocal:outer=61,slot=8,pass=6,op=O8_MA_WEAK_TO_STRONG,accepted=false,recoveryGain=true,qGain=-0.09031008778894754,fe=498645
formalLocal:outer=61,slot=8,pass=6,op=O9_MA_SWAP,accepted=false,recoveryGain=true,qGain=-0.09427228839351393,fe=498646
formalLocal:outer=61,slot=8,pass=7,op=O1_JS_INSERT,accepted=false,recoveryGain=true,qGain=-0.4187240721773137,fe=498647
formalLocal:outer=61,slot=8,pass=7,op=O2_JS_REVERSE,accepted=false,recoveryGain=true,qGain=-0.20808505491358756,fe=498648
formalLocal:outer=61,slot=8,pass=7,op=O3_JS_SWAP,accepted=false,recoveryGain=true,qGain=-0.21805052994212204,fe=498649
formalLocal:outer=61,slot=8,pass=7,op=O4_WA_LOAD_TRANSFER,accepted=false,recoveryGain=true,qGain=-0.04867247374124929,fe=498650
formalLocal:outer=61,slot=8,pass=7,op=O5_WA_WEAK_TO_STRONG,accepted=false,recoveryGain=true,qGain=-0.11101980359890384,fe=498651
formalLocal:outer=61,slot=8,pass=7,op=O6_WA_SWAP,accepted=false,recoveryGain=true,qGain=-0.035047634359538234,fe=498652
formalLocal:outer=61,slot=8,pass=7,op=O7_MA_LOAD_TRANSFER,accepted=false,recoveryGain=true,qGain=-0.22989645089241614,fe=498653
formalLocal:outer=61,slot=8,pass=7,op=O8_MA_WEAK_TO_STRONG,accepted=false,recoveryGain=true,qGain=-0.09031008778894754,fe=498654
formalLocal:outer=61,slot=8,pass=7,op=O9_MA_SWAP,accepted=false,recoveryGain=true,qGain=-0.09427228839351393,fe=498655
formalLocal:outer=61,slot=8,pass=8,op=O1_JS_INSERT,accepted=false,recoveryGain=true,qGain=-0.054459926905570596,fe=498656
formalLocal:outer=61,slot=8,pass=8,op=O2_JS_REVERSE,accepted=true,recoveryGain=true,qGain=0.003298804566441543,fe=498657
formalLocal:outer=61,slot=8,pass=8,op=O3_JS_SWAP,accepted=false,recoveryGain=true,qGain=-0.09299747153664806,fe=498658
formalLocal:outer=61,slot=8,pass=8,op=O4_WA_LOAD_TRANSFER,accepted=false,recoveryGain=true,qGain=-0.025957923152858026,fe=498659
formalLocal:outer=61,slot=8,pass=8,op=O5_WA_WEAK_TO_STRONG,accepted=false,recoveryGain=true,qGain=-0.08851310344075347,fe=498660
formalLocal:outer=61,slot=8,pass=8,op=O6_WA_SWAP,accepted=false,recoveryGain=true,qGain=-0.034097454597662474,fe=498661
formalLocal:outer=61,slot=8,pass=8,op=O7_MA_LOAD_TRANSFER,accepted=false,recoveryGain=true,qGain=-0.09642991612484153,fe=498662
formalLocal:outer=61,slot=8,pass=8,op=O8_MA_WEAK_TO_STRONG,accepted=false,recoveryGain=true,qGain=-0.06684777645342015,fe=498663
formalLocal:outer=61,slot=8,pass=8,op=O9_MA_SWAP,accepted=false,recoveryGain=true,qGain=-0.10592049723545945,fe=498664
formalLocal:outer=61,slot=8,pass=9,op=O1_JS_INSERT,accepted=false,recoveryGain=true,qGain=-0.19375663517264788,fe=498665
formalLocal:outer=61,slot=8,pass=9,op=O2_JS_REVERSE,accepted=false,recoveryGain=true,qGain=-0.010044618756902081,fe=498666
formalLocal:outer=61,slot=8,pass=9,op=O3_JS_SWAP,accepted=false,recoveryGain=true,qGain=-0.007995277451276962,fe=498667
formalLocal:outer=61,slot=8,pass=9,op=O4_WA_LOAD_TRANSFER,accepted=false,recoveryGain=true,qGain=-0.025957923152858026,fe=498668
formalLocal:outer=61,slot=8,pass=9,op=O5_WA_WEAK_TO_STRONG,accepted=false,recoveryGain=true,qGain=-0.08851310344075347,fe=498669
formalLocal:outer=61,slot=8,pass=9,op=O6_WA_SWAP,accepted=false,recoveryGain=true,qGain=-0.034097454597662474,fe=498670
formalLocal:outer=61,slot=8,pass=9,op=O7_MA_LOAD_TRANSFER,accepted=false,recoveryGain=true,qGain=-0.09642991612484153,fe=498671
formalLocal:outer=61,slot=8,pass=9,op=O8_MA_WEAK_TO_STRONG,accepted=false,recoveryGain=true,qGain=-0.06684777645342015,fe=498672
formalLocal:outer=61,slot=8,pass=9,op=O9_MA_SWAP,accepted=false,recoveryGain=true,qGain=-0.10592049723545945,fe=498673
formalLocal:outer=61,slot=8,pass=10,op=O1_JS_INSERT,accepted=false,recoveryGain=true,qGain=-0.1576927932091456,fe=498674
formalLocal:outer=61,slot=8,pass=10,op=O2_JS_REVERSE,accepted=true,recoveryGain=true,qGain=0.05752301869106586,fe=498675
formalLocal:outer=61,slot=8,pass=10,op=O3_JS_SWAP,accepted=false,recoveryGain=true,qGain=-0.07672020798771055,fe=498676
formalLocal:outer=61,slot=8,pass=10,op=O4_WA_LOAD_TRANSFER,accepted=false,recoveryGain=true,qGain=-0.05089492403027295,fe=498677
formalLocal:outer=61,slot=8,pass=10,op=O5_WA_WEAK_TO_STRONG,accepted=false,recoveryGain=true,qGain=-0.11726960730972737,fe=498678
formalLocal:outer=61,slot=8,pass=10,op=O6_WA_SWAP,accepted=false,recoveryGain=true,qGain=-0.03617795819952627,fe=498679
formalLocal:outer=61,slot=8,pass=10,op=O7_MA_LOAD_TRANSFER,accepted=false,recoveryGain=true,qGain=-0.11933550015321862,fe=498680
formalLocal:outer=61,slot=8,pass=10,op=O8_MA_WEAK_TO_STRONG,accepted=false,recoveryGain=true,qGain=-0.09427927900882867,fe=498681
formalLocal:outer=61,slot=8,pass=10,op=O9_MA_SWAP,accepted=false,recoveryGain=true,qGain=-0.11796246451659749,fe=498682
formalLocal:outer=61,slot=8,pass=11,op=O1_JS_INSERT,accepted=false,recoveryGain=true,qGain=-0.1849863863545343,fe=498683
formalLocal:outer=61,slot=8,pass=11,op=O2_JS_REVERSE,accepted=false,recoveryGain=true,qGain=-0.03774757245174148,fe=498684
formalLocal:outer=61,slot=8,pass=11,op=O3_JS_SWAP,accepted=true,recoveryGain=true,qGain=0.08630868671075409,fe=498685
formalLocal:outer=61,slot=8,pass=11,op=O4_WA_LOAD_TRANSFER,accepted=true,recoveryGain=true,qGain=0.041894227835625235,fe=498686
formalLocal:outer=61,slot=8,pass=11,op=O5_WA_WEAK_TO_STRONG,accepted=true,recoveryGain=true,qGain=0.052283096845924255,fe=498687
formalLocal:outer=61,slot=8,pass=11,op=O6_WA_SWAP,accepted=false,recoveryGain=true,qGain=-0.08976745349551642,fe=498688
formalLocal:outer=61,slot=8,pass=11,op=O7_MA_LOAD_TRANSFER,accepted=false,recoveryGain=true,qGain=-0.13238211182556547,fe=498689
formalLocal:outer=61,slot=8,pass=11,op=O8_MA_WEAK_TO_STRONG,accepted=false,recoveryGain=true,qGain=0.0,fe=498690
formalLocal:outer=61,slot=8,pass=11,op=O9_MA_SWAP,accepted=false,recoveryGain=true,qGain=-0.04971030067527403,fe=498691
formalLocal:outer=61,slot=8,pass=12,op=O1_JS_INSERT,accepted=false,recoveryGain=true,qGain=-0.1686997993650717,fe=498692
formalLocal:outer=61,slot=8,pass=12,op=O2_JS_REVERSE,accepted=false,recoveryGain=true,qGain=-0.34437621868344764,fe=498693
formalLocal:outer=61,slot=8,pass=12,op=O3_JS_SWAP,accepted=false,recoveryGain=true,qGain=-0.13499386915662964,fe=498694
formalLocal:outer=61,slot=8,pass=12,op=O4_WA_LOAD_TRANSFER,accepted=false,recoveryGain=true,qGain=-0.1232194770249856,fe=498695
formalLocal:outer=61,slot=8,pass=12,op=O5_WA_WEAK_TO_STRONG,accepted=false,recoveryGain=true,qGain=-0.10398554677577926,fe=498696
formalLocal:outer=61,slot=8,pass=12,op=O6_WA_SWAP,accepted=false,recoveryGain=true,qGain=-0.08976745349551642,fe=498697
formalLocal:outer=61,slot=8,pass=12,op=O7_MA_LOAD_TRANSFER,accepted=false,recoveryGain=true,qGain=-0.13238211182556547,fe=498698
formalLocal:outer=61,slot=8,pass=12,op=O8_MA_WEAK_TO_STRONG,accepted=false,recoveryGain=true,qGain=0.0,fe=498699
formalLocal:outer=61,slot=8,pass=12,op=O9_MA_SWAP,accepted=false,recoveryGain=true,qGain=-0.04971030067527403,fe=498700
formalLocal:outer=61,slot=8,pass=13,op=O1_JS_INSERT,accepted=false,recoveryGain=true,qGain=-0.06433667362680799,fe=498701
formalLocal:outer=61,slot=8,pass=13,op=O2_JS_REVERSE,accepted=false,recoveryGain=true,qGain=-0.7052823708473399,fe=498702
formalLocal:outer=61,slot=8,pass=13,op=O3_JS_SWAP,accepted=false,recoveryGain=true,qGain=-0.04622010555142531,fe=498703
formalLocal:outer=61,slot=8,pass=13,op=O4_WA_LOAD_TRANSFER,accepted=false,recoveryGain=true,qGain=-0.1232194770249856,fe=498704
formalLocal:outer=61,slot=8,pass=13,op=O5_WA_WEAK_TO_STRONG,accepted=false,recoveryGain=true,qGain=-0.10398554677577926,fe=498705
formalLocal:outer=61,slot=8,pass=13,op=O6_WA_SWAP,accepted=false,recoveryGain=true,qGain=-0.08976745349551642,fe=498706
formalLocal:outer=61,slot=8,pass=13,op=O7_MA_LOAD_TRANSFER,accepted=false,recoveryGain=true,qGain=-0.13238211182556547,fe=498707
formalLocal:outer=61,slot=8,pass=13,op=O8_MA_WEAK_TO_STRONG,accepted=false,recoveryGain=true,qGain=0.0,fe=498708
formalLocal:outer=61,slot=8,pass=13,op=O9_MA_SWAP,accepted=false,recoveryGain=true,qGain=-0.04971030067527403,fe=498709
formalLocal:outer=61,slot=8,pass=14,op=O1_JS_INSERT,accepted=false,recoveryGain=true,qGain=-0.11505525014462377,fe=498710
formalLocal:outer=61,slot=8,pass=14,op=O2_JS_REVERSE,accepted=false,recoveryGain=true,qGain=-0.32844211809713564,fe=498711
formalLocal:outer=61,slot=8,pass=14,op=O3_JS_SWAP,accepted=false,recoveryGain=true,qGain=-0.027580844957516677,fe=498712
formalLocal:outer=61,slot=8,pass=14,op=O4_WA_LOAD_TRANSFER,accepted=false,recoveryGain=true,qGain=-0.1232194770249856,fe=498713
formalLocal:outer=61,slot=8,pass=14,op=O5_WA_WEAK_TO_STRONG,accepted=false,recoveryGain=true,qGain=-0.10398554677577926,fe=498714
formalLocal:outer=61,slot=8,pass=14,op=O6_WA_SWAP,accepted=false,recoveryGain=true,qGain=-0.08976745349551642,fe=498715
formalLocal:outer=61,slot=8,pass=14,op=O7_MA_LOAD_TRANSFER,accepted=false,recoveryGain=true,qGain=-0.13238211182556547,fe=498716
formalLocal:outer=61,slot=8,pass=14,op=O8_MA_WEAK_TO_STRONG,accepted=false,recoveryGain=true,qGain=0.0,fe=498717
formalLocal:outer=61,slot=8,pass=14,op=O9_MA_SWAP,accepted=false,recoveryGain=true,qGain=-0.04971030067527403,fe=498718
formalLocal:outer=61,slot=8,pass=15,op=O1_JS_INSERT,accepted=false,recoveryGain=true,qGain=-0.19683980367241835,fe=498719
formalLocal:outer=61,slot=8,pass=15,op=O2_JS_REVERSE,accepted=false,recoveryGain=true,qGain=-0.34437621868344764,fe=498720
formalLocal:outer=61,slot=8,pass=15,op=O3_JS_SWAP,accepted=false,recoveryGain=true,qGain=-0.13079118093673955,fe=498721
formalLocal:outer=61,slot=8,pass=15,op=O4_WA_LOAD_TRANSFER,accepted=false,recoveryGain=true,qGain=-0.1232194770249856,fe=498722
formalLocal:outer=61,slot=8,pass=15,op=O5_WA_WEAK_TO_STRONG,accepted=false,recoveryGain=true,qGain=-0.10398554677577926,fe=498723
formalLocal:outer=61,slot=8,pass=15,op=O6_WA_SWAP,accepted=false,recoveryGain=true,qGain=-0.08976745349551642,fe=498724
formalLocal:outer=61,slot=8,pass=15,op=O7_MA_LOAD_TRANSFER,accepted=false,recoveryGain=true,qGain=-0.13238211182556547,fe=498725
formalLocal:outer=61,slot=8,pass=15,op=O8_MA_WEAK_TO_STRONG,accepted=false,recoveryGain=true,qGain=0.0,fe=498726
formalLocal:outer=61,slot=8,pass=15,op=O9_MA_SWAP,accepted=false,recoveryGain=true,qGain=-0.04971030067527403,fe=498727
formalLocal:outer=61,slot=8,pass=16,op=O1_JS_INSERT,accepted=false,recoveryGain=true,qGain=-0.10215818290156459,fe=498728
formalLocal:outer=61,slot=8,pass=16,op=O2_JS_REVERSE,accepted=false,recoveryGain=true,qGain=-0.45973724696979884,fe=498729
formalLocal:outer=61,slot=8,pass=16,op=O3_JS_SWAP,accepted=false,recoveryGain=true,qGain=-0.008249729159278518,fe=498730
formalLocal:outer=61,slot=8,pass=16,op=O4_WA_LOAD_TRANSFER,accepted=false,recoveryGain=true,qGain=-0.1232194770249856,fe=498731
formalLocal:outer=61,slot=8,pass=16,op=O5_WA_WEAK_TO_STRONG,accepted=false,recoveryGain=true,qGain=-0.10398554677577926,fe=498732
formalLocal:outer=61,slot=8,pass=16,op=O6_WA_SWAP,accepted=false,recoveryGain=true,qGain=-0.08976745349551642,fe=498733
formalLocal:outer=61,slot=8,pass=16,op=O7_MA_LOAD_TRANSFER,accepted=false,recoveryGain=true,qGain=-0.13238211182556547,fe=498734
formalLocal:outer=61,slot=8,pass=16,op=O8_MA_WEAK_TO_STRONG,accepted=false,recoveryGain=true,qGain=0.0,fe=498735
formalLocal:outer=61,slot=8,pass=16,op=O9_MA_SWAP,accepted=false,recoveryGain=true,qGain=-0.04971030067527403,fe=498736
formalLocal:outer=61,slot=8,pass=17,op=O1_JS_INSERT,accepted=false,recoveryGain=true,qGain=-0.12344467603957575,fe=498737
formalLocal:outer=61,slot=8,pass=17,op=O2_JS_REVERSE,accepted=false,recoveryGain=true,qGain=-0.12292693420653492,fe=498738
formalLocal:outer=61,slot=8,pass=17,op=O3_JS_SWAP,accepted=false,recoveryGain=true,qGain=-0.051026968600053395,fe=498739
formalLocal:outer=61,slot=8,pass=17,op=O4_WA_LOAD_TRANSFER,accepted=false,recoveryGain=true,qGain=-0.1232194770249856,fe=498740
formalLocal:outer=61,slot=8,pass=17,op=O5_WA_WEAK_TO_STRONG,accepted=false,recoveryGain=true,qGain=-0.10398554677577926,fe=498741
formalLocal:outer=61,slot=8,pass=17,op=O6_WA_SWAP,accepted=false,recoveryGain=true,qGain=-0.08976745349551642,fe=498742
formalLocal:outer=61,slot=8,pass=17,op=O7_MA_LOAD_TRANSFER,accepted=false,recoveryGain=true,qGain=-0.13238211182556547,fe=498743
formalLocal:outer=61,slot=8,pass=17,op=O8_MA_WEAK_TO_STRONG,accepted=false,recoveryGain=true,qGain=0.0,fe=498744
formalLocal:outer=61,slot=8,pass=17,op=O9_MA_SWAP,accepted=false,recoveryGain=true,qGain=-0.04971030067527403,fe=498745
formalLocal:outer=61,slot=8,pass=18,op=O1_JS_INSERT,accepted=false,recoveryGain=true,qGain=-0.17139725571885575,fe=498746
formalLocal:outer=61,slot=8,pass=18,op=O2_JS_REVERSE,accepted=false,recoveryGain=true,qGain=-0.24621113013613782,fe=498747
formalLocal:outer=61,slot=8,pass=18,op=O3_JS_SWAP,accepted=true,recoveryGain=true,qGain=0.0012624828173660536,fe=498748
formalLocal:outer=61,slot=8,pass=18,op=O4_WA_LOAD_TRANSFER,accepted=false,recoveryGain=true,qGain=-0.18937538277878652,fe=498749
formalLocal:outer=61,slot=8,pass=18,op=O5_WA_WEAK_TO_STRONG,accepted=false,recoveryGain=true,qGain=-0.11203143111429725,fe=498750
formalLocal:outer=61,slot=8,pass=18,op=O6_WA_SWAP,accepted=false,recoveryGain=true,qGain=-0.11307125041367289,fe=498751
formalLocal:outer=61,slot=8,pass=18,op=O7_MA_LOAD_TRANSFER,accepted=false,recoveryGain=true,qGain=-0.09062618169539045,fe=498752
formalLocal:outer=61,slot=8,pass=18,op=O8_MA_WEAK_TO_STRONG,accepted=true,recoveryGain=true,qGain=5.973676623257321E-5,fe=498753
formalLocal:outer=61,slot=8,pass=18,op=O9_MA_SWAP,accepted=false,recoveryGain=true,qGain=-0.05387679908793041,fe=498754
formalLocal:outer=61,slot=8,pass=19,op=O1_JS_INSERT,accepted=false,recoveryGain=true,qGain=0.0,fe=498755
formalLocal:outer=61,slot=8,pass=19,op=O2_JS_REVERSE,accepted=false,recoveryGain=true,qGain=-0.2473421551161698,fe=498756
formalLocal:outer=61,slot=8,pass=19,op=O3_JS_SWAP,accepted=false,recoveryGain=true,qGain=-0.041591404751161666,fe=498757
formalLocal:outer=61,slot=8,pass=19,op=O4_WA_LOAD_TRANSFER,accepted=false,recoveryGain=true,qGain=-0.22120427374387375,fe=498758
formalLocal:outer=61,slot=8,pass=19,op=O5_WA_WEAK_TO_STRONG,accepted=false,recoveryGain=true,qGain=-0.005322476195150934,fe=498759
formalLocal:outer=61,slot=8,pass=19,op=O6_WA_SWAP,accepted=true,recoveryGain=true,qGain=0.011449620790202529,fe=498760
formalLocal:outer=61,slot=8,pass=19,op=O7_MA_LOAD_TRANSFER,accepted=false,recoveryGain=true,qGain=-0.017058946775621288,fe=498761
formalLocal:outer=61,slot=8,pass=19,op=O8_MA_WEAK_TO_STRONG,accepted=false,recoveryGain=true,qGain=-0.06574203821408145,fe=498762
formalLocal:outer=61,slot=8,pass=19,op=O9_MA_SWAP,accepted=false,recoveryGain=true,qGain=-0.19445691835457432,fe=498763
formalLocal:outer=61,slot=8,pass=20,op=O1_JS_INSERT,accepted=false,recoveryGain=true,qGain=-0.19095291076906543,fe=498764
formalLocal:outer=61,slot=8,pass=20,op=O2_JS_REVERSE,accepted=false,recoveryGain=true,qGain=-0.1350538977442816,fe=498765
formalLocal:outer=61,slot=8,pass=20,op=O3_JS_SWAP,accepted=false,recoveryGain=true,qGain=-0.10911589463412708,fe=498766
formalLocal:outer=61,slot=8,pass=20,op=O4_WA_LOAD_TRANSFER,accepted=false,recoveryGain=true,qGain=-0.038287772494233555,fe=498767
formalLocal:outer=61,slot=8,pass=20,op=O5_WA_WEAK_TO_STRONG,accepted=false,recoveryGain=true,qGain=-0.1695067339078473,fe=498768
formalLocal:outer=61,slot=8,pass=20,op=O6_WA_SWAP,accepted=false,recoveryGain=true,qGain=-0.011582232965561996,fe=498769
formalLocal:outer=61,slot=8,pass=20,op=O7_MA_LOAD_TRANSFER,accepted=false,recoveryGain=true,qGain=-0.017058946775621288,fe=498770
formalLocal:outer=61,slot=8,pass=20,op=O8_MA_WEAK_TO_STRONG,accepted=false,recoveryGain=true,qGain=-0.06574203821408145,fe=498771
formalLocal:outer=61,slot=8,pass=20,op=O9_MA_SWAP,accepted=false,recoveryGain=true,qGain=-0.19445691835457432,fe=498772
formalLocal:outer=61,slot=8,pass=21,op=O1_JS_INSERT,accepted=false,recoveryGain=true,qGain=0.0,fe=498773
formalLocal:outer=61,slot=8,pass=21,op=O2_JS_REVERSE,accepted=false,recoveryGain=true,qGain=-0.8244259630105699,fe=498774
formalLocal:outer=61,slot=8,pass=21,op=O3_JS_SWAP,accepted=false,recoveryGain=true,qGain=-0.040001502106000134,fe=498775
formalLocal:outer=61,slot=8,pass=21,op=O4_WA_LOAD_TRANSFER,accepted=false,recoveryGain=true,qGain=-0.038287772494233555,fe=498776
formalLocal:outer=61,slot=8,pass=21,op=O5_WA_WEAK_TO_STRONG,accepted=false,recoveryGain=true,qGain=-0.1695067339078473,fe=498777
formalLocal:outer=61,slot=8,pass=21,op=O6_WA_SWAP,accepted=false,recoveryGain=true,qGain=-0.011582232965561996,fe=498778
formalLocal:outer=61,slot=8,pass=21,op=O7_MA_LOAD_TRANSFER,accepted=false,recoveryGain=true,qGain=-0.017058946775621288,fe=498779
formalLocal:outer=61,slot=8,pass=21,op=O8_MA_WEAK_TO_STRONG,accepted=false,recoveryGain=true,qGain=-0.06574203821408145,fe=498780
formalLocal:outer=61,slot=8,pass=21,op=O9_MA_SWAP,accepted=false,recoveryGain=true,qGain=-0.19445691835457432,fe=498781
formalLocal:outer=61,slot=8,pass=22,op=O1_JS_INSERT,accepted=false,recoveryGain=true,qGain=0.0,fe=498782
formalLocal:outer=61,slot=8,pass=22,op=O2_JS_REVERSE,accepted=false,recoveryGain=true,qGain=-0.10691660811294916,fe=498783
formalLocal:outer=61,slot=8,pass=22,op=O3_JS_SWAP,accepted=false,recoveryGain=true,qGain=-0.01627578911857737,fe=498784
formalLocal:outer=61,slot=8,pass=22,op=O4_WA_LOAD_TRANSFER,accepted=false,recoveryGain=true,qGain=-0.038287772494233555,fe=498785
formalLocal:outer=61,slot=8,pass=22,op=O5_WA_WEAK_TO_STRONG,accepted=false,recoveryGain=true,qGain=-0.1695067339078473,fe=498786
formalLocal:outer=61,slot=8,pass=22,op=O6_WA_SWAP,accepted=false,recoveryGain=true,qGain=-0.011582232965561996,fe=498787
formalLocal:outer=61,slot=8,pass=22,op=O7_MA_LOAD_TRANSFER,accepted=false,recoveryGain=true,qGain=-0.017058946775621288,fe=498788
formalLocal:outer=61,slot=8,pass=22,op=O8_MA_WEAK_TO_STRONG,accepted=false,recoveryGain=true,qGain=-0.06574203821408145,fe=498789
formalLocal:outer=61,slot=8,pass=22,op=O9_MA_SWAP,accepted=false,recoveryGain=true,qGain=-0.19445691835457432,fe=498790
formalLocal:outer=61,slot=8,pass=23,op=O1_JS_INSERT,accepted=false,recoveryGain=true,qGain=-0.12923526896808984,fe=498791
formalLocal:outer=61,slot=8,pass=23,op=O2_JS_REVERSE,accepted=false,recoveryGain=true,qGain=-0.22280644136797945,fe=498792
formalLocal:outer=61,slot=8,pass=23,op=O3_JS_SWAP,accepted=false,recoveryGain=true,qGain=-0.09049826309088699,fe=498793
formalLocal:outer=61,slot=8,pass=23,op=O4_WA_LOAD_TRANSFER,accepted=false,recoveryGain=true,qGain=-0.038287772494233555,fe=498794
formalLocal:outer=61,slot=8,pass=23,op=O5_WA_WEAK_TO_STRONG,accepted=false,recoveryGain=true,qGain=-0.1695067339078473,fe=498795
formalLocal:outer=61,slot=8,pass=23,op=O6_WA_SWAP,accepted=false,recoveryGain=true,qGain=-0.011582232965561996,fe=498796
formalLocal:outer=61,slot=8,pass=23,op=O7_MA_LOAD_TRANSFER,accepted=false,recoveryGain=true,qGain=-0.017058946775621288,fe=498797
formalLocal:outer=61,slot=8,pass=23,op=O8_MA_WEAK_TO_STRONG,accepted=false,recoveryGain=true,qGain=-0.06574203821408145,fe=498798
formalLocal:outer=61,slot=8,pass=23,op=O9_MA_SWAP,accepted=false,recoveryGain=true,qGain=-0.19445691835457432,fe=498799
formalLocal:outer=61,slot=8,pass=24,op=O1_JS_INSERT,accepted=false,recoveryGain=true,qGain=-0.11528808096721609,fe=498800
formalLocal:outer=61,slot=8,pass=24,op=O2_JS_REVERSE,accepted=false,recoveryGain=true,qGain=-0.4643234098340206,fe=498801
formalLocal:outer=61,slot=8,pass=24,op=O3_JS_SWAP,accepted=false,recoveryGain=true,qGain=-0.2259104085396885,fe=498802
formalLocal:outer=61,slot=8,pass=24,op=O4_WA_LOAD_TRANSFER,accepted=false,recoveryGain=true,qGain=-0.038287772494233555,fe=498803
formalLocal:outer=61,slot=8,pass=24,op=O5_WA_WEAK_TO_STRONG,accepted=false,recoveryGain=true,qGain=-0.1695067339078473,fe=498804
formalLocal:outer=61,slot=8,pass=24,op=O6_WA_SWAP,accepted=false,recoveryGain=true,qGain=-0.011582232965561996,fe=498805
formalLocal:outer=61,slot=8,pass=24,op=O7_MA_LOAD_TRANSFER,accepted=false,recoveryGain=true,qGain=-0.017058946775621288,fe=498806
formalLocal:outer=61,slot=8,pass=24,op=O8_MA_WEAK_TO_STRONG,accepted=false,recoveryGain=true,qGain=-0.06574203821408145,fe=498807
formalLocal:outer=61,slot=8,pass=24,op=O9_MA_SWAP,accepted=false,recoveryGain=true,qGain=-0.19445691835457432,fe=498808
formalLocal:outer=61,slot=8,pass=25,op=O1_JS_INSERT,accepted=false,recoveryGain=true,qGain=-0.10912237642775194,fe=498809
formalLocal:outer=61,slot=8,pass=25,op=O2_JS_REVERSE,accepted=false,recoveryGain=true,qGain=-0.3009187186815779,fe=498810
formalLocal:outer=61,slot=8,pass=25,op=O3_JS_SWAP,accepted=false,recoveryGain=true,qGain=-0.05711789078111009,fe=498811
formalLocal:outer=61,slot=8,pass=25,op=O4_WA_LOAD_TRANSFER,accepted=false,recoveryGain=true,qGain=-0.038287772494233555,fe=498812
formalLocal:outer=61,slot=8,pass=25,op=O5_WA_WEAK_TO_STRONG,accepted=false,recoveryGain=true,qGain=-0.1695067339078473,fe=498813
formalLocal:outer=61,slot=8,pass=25,op=O6_WA_SWAP,accepted=false,recoveryGain=true,qGain=-0.011582232965561996,fe=498814
formalLocal:outer=61,slot=8,pass=25,op=O7_MA_LOAD_TRANSFER,accepted=false,recoveryGain=true,qGain=-0.017058946775621288,fe=498815
formalLocal:outer=61,slot=8,pass=25,op=O8_MA_WEAK_TO_STRONG,accepted=false,recoveryGain=true,qGain=-0.06574203821408145,fe=498816
formalLocal:outer=61,slot=8,pass=25,op=O9_MA_SWAP,accepted=false,recoveryGain=true,qGain=-0.19445691835457432,fe=498817
formalLocal:outer=61,slot=8,pass=26,op=O1_JS_INSERT,accepted=false,recoveryGain=true,qGain=-0.12225288235910935,fe=498818
formalLocal:outer=61,slot=8,pass=26,op=O2_JS_REVERSE,accepted=false,recoveryGain=true,qGain=-0.40679895445510894,fe=498819
formalLocal:outer=61,slot=8,pass=26,op=O3_JS_SWAP,accepted=true,recoveryGain=true,qGain=0.0017511429235375,fe=498820
formalLocal:outer=61,slot=8,pass=26,op=O4_WA_LOAD_TRANSFER,accepted=false,recoveryGain=true,qGain=-0.06596588203043913,fe=498821
formalLocal:outer=61,slot=8,pass=26,op=O5_WA_WEAK_TO_STRONG,accepted=false,recoveryGain=true,qGain=-0.03384275736189843,fe=498822
formalLocal:outer=61,slot=8,pass=26,op=O6_WA_SWAP,accepted=false,recoveryGain=true,qGain=-0.00942272956048548,fe=498823
formalLocal:outer=61,slot=8,pass=26,op=O7_MA_LOAD_TRANSFER,accepted=false,recoveryGain=true,qGain=-0.12186672020081972,fe=498824
formalLocal:outer=61,slot=8,pass=26,op=O8_MA_WEAK_TO_STRONG,accepted=false,recoveryGain=true,qGain=-0.09986490922241076,fe=498825
formalLocal:outer=61,slot=8,pass=26,op=O9_MA_SWAP,accepted=false,recoveryGain=true,qGain=-0.18525737477269932,fe=498826
formalLocal:outer=61,slot=8,pass=27,op=O1_JS_INSERT,accepted=false,recoveryGain=true,qGain=-0.017995414446741093,fe=498827
formalLocal:outer=61,slot=8,pass=27,op=O2_JS_REVERSE,accepted=false,recoveryGain=true,qGain=-0.017677908260746066,fe=498828
formalLocal:outer=61,slot=8,pass=27,op=O3_JS_SWAP,accepted=false,recoveryGain=true,qGain=-0.1182576731493131,fe=498829
formalLocal:outer=61,slot=8,pass=27,op=O4_WA_LOAD_TRANSFER,accepted=false,recoveryGain=true,qGain=-0.06596588203043913,fe=498830
formalLocal:outer=61,slot=8,pass=27,op=O5_WA_WEAK_TO_STRONG,accepted=false,recoveryGain=true,qGain=-0.03384275736189843,fe=498831
formalLocal:outer=61,slot=8,pass=27,op=O6_WA_SWAP,accepted=false,recoveryGain=true,qGain=-0.00942272956048548,fe=498832
formalLocal:outer=61,slot=8,pass=27,op=O7_MA_LOAD_TRANSFER,accepted=false,recoveryGain=true,qGain=-0.12186672020081972,fe=498833
formalLocal:outer=61,slot=8,pass=27,op=O8_MA_WEAK_TO_STRONG,accepted=false,recoveryGain=true,qGain=-0.09986490922241076,fe=498834
formalLocal:outer=61,slot=8,pass=27,op=O9_MA_SWAP,accepted=false,recoveryGain=true,qGain=-0.18525737477269932,fe=498835
formalLocal:outer=61,slot=8,pass=28,op=O1_JS_INSERT,accepted=false,recoveryGain=true,qGain=-0.06188722776684111,fe=498836
formalLocal:outer=61,slot=8,pass=28,op=O2_JS_REVERSE,accepted=false,recoveryGain=true,qGain=-0.18788311526369017,fe=498837
formalLocal:outer=61,slot=8,pass=28,op=O3_JS_SWAP,accepted=false,recoveryGain=true,qGain=-0.1820120609619272,fe=498838
formalLocal:outer=61,slot=8,pass=28,op=O4_WA_LOAD_TRANSFER,accepted=false,recoveryGain=true,qGain=-0.06596588203043913,fe=498839
formalLocal:outer=61,slot=8,pass=28,op=O5_WA_WEAK_TO_STRONG,accepted=false,recoveryGain=true,qGain=-0.03384275736189843,fe=498840
formalLocal:outer=61,slot=8,pass=28,op=O6_WA_SWAP,accepted=false,recoveryGain=true,qGain=-0.00942272956048548,fe=498841
formalLocal:outer=61,slot=8,pass=28,op=O7_MA_LOAD_TRANSFER,accepted=false,recoveryGain=true,qGain=-0.12186672020081972,fe=498842
formalLocal:outer=61,slot=8,pass=28,op=O8_MA_WEAK_TO_STRONG,accepted=false,recoveryGain=true,qGain=-0.09986490922241076,fe=498843
formalLocal:outer=61,slot=8,pass=28,op=O9_MA_SWAP,accepted=false,recoveryGain=true,qGain=-0.18525737477269932,fe=498844
formalLocal:outer=61,slot=8,pass=29,op=O1_JS_INSERT,accepted=true,recoveryGain=true,qGain=4.151726356955063E-5,fe=498845
formalLocal:outer=61,slot=8,pass=29,op=O2_JS_REVERSE,accepted=false,recoveryGain=true,qGain=-0.26146572801094986,fe=498846
formalLocal:outer=61,slot=8,pass=29,op=O3_JS_SWAP,accepted=false,recoveryGain=true,qGain=0.0,fe=498847
formalLocal:outer=61,slot=8,pass=29,op=O4_WA_LOAD_TRANSFER,accepted=false,recoveryGain=true,qGain=-0.2563459160832456,fe=498848
formalLocal:outer=61,slot=8,pass=29,op=O5_WA_WEAK_TO_STRONG,accepted=false,recoveryGain=true,qGain=-0.07578117879960757,fe=498849
formalLocal:outer=61,slot=8,pass=29,op=O6_WA_SWAP,accepted=false,recoveryGain=true,qGain=-0.1046361138097431,fe=498850
formalLocal:outer=61,slot=8,pass=29,op=O7_MA_LOAD_TRANSFER,accepted=false,recoveryGain=true,qGain=-0.3172663012609414,fe=498851
formalLocal:outer=61,slot=8,pass=29,op=O8_MA_WEAK_TO_STRONG,accepted=false,recoveryGain=true,qGain=-0.03701934825601459,fe=498852
formalLocal:outer=61,slot=8,pass=29,op=O9_MA_SWAP,accepted=false,recoveryGain=true,qGain=-0.10931481522707368,fe=498853
formalLocal:outer=61,slot=9,op=CRITICAL_FACTORY_SWAP,accepted=false,fe=498854
formalLocal:outer=61,slot=9,op=CRITICAL_FACTORY_INSERT,accepted=true,fe=498855
formalLocal:outer=61,slot=9,pass=0,op=O1_JS_INSERT,accepted=false,recoveryGain=true,qGain=0.0,fe=498856
formalLocal:outer=61,slot=9,pass=0,op=O2_JS_REVERSE,accepted=true,recoveryGain=true,qGain=0.007949688464018407,fe=498857
formalLocal:outer=61,slot=9,pass=0,op=O3_JS_SWAP,accepted=false,recoveryGain=true,qGain=-0.05345396999281184,fe=498858
formalLocal:outer=61,slot=9,pass=0,op=O4_WA_LOAD_TRANSFER,accepted=false,recoveryGain=true,qGain=-0.09362039131662836,fe=498859
formalLocal:outer=61,slot=9,pass=0,op=O5_WA_WEAK_TO_STRONG,accepted=false,recoveryGain=true,qGain=-0.05934546873831521,fe=498860
formalLocal:outer=61,slot=9,pass=0,op=O6_WA_SWAP,accepted=true,recoveryGain=true,qGain=0.013268135701144714,fe=498861
formalLocal:outer=61,slot=9,pass=0,op=O7_MA_LOAD_TRANSFER,accepted=true,recoveryGain=true,qGain=0.03845591803390033,fe=498862
formalLocal:outer=61,slot=9,pass=0,op=O8_MA_WEAK_TO_STRONG,accepted=false,recoveryGain=true,qGain=-0.03999392098099996,fe=498863
formalLocal:outer=61,slot=9,pass=0,op=O9_MA_SWAP,accepted=true,recoveryGain=true,qGain=3.714427385577815E-5,fe=498864
formalLocal:outer=61,slot=9,pass=1,op=O1_JS_INSERT,accepted=false,recoveryGain=true,qGain=-0.10047303019119193,fe=498865
formalLocal:outer=61,slot=9,pass=1,op=O2_JS_REVERSE,accepted=false,recoveryGain=true,qGain=-0.020171741765273043,fe=498866
formalLocal:outer=61,slot=9,pass=1,op=O3_JS_SWAP,accepted=false,recoveryGain=true,qGain=-0.07834415699495562,fe=498867
formalLocal:outer=61,slot=9,pass=1,op=O4_WA_LOAD_TRANSFER,accepted=false,recoveryGain=true,qGain=-0.05434601065838493,fe=498868
formalLocal:outer=61,slot=9,pass=1,op=O5_WA_WEAK_TO_STRONG,accepted=false,recoveryGain=true,qGain=-0.03258260855339412,fe=498869
formalLocal:outer=61,slot=9,pass=1,op=O6_WA_SWAP,accepted=true,recoveryGain=true,qGain=0.016710051408738796,fe=498870
formalLocal:outer=61,slot=9,pass=1,op=O7_MA_LOAD_TRANSFER,accepted=false,recoveryGain=true,qGain=-0.1097973438098387,fe=498871
formalLocal:outer=61,slot=9,pass=1,op=O8_MA_WEAK_TO_STRONG,accepted=false,recoveryGain=true,qGain=-0.06399630688355476,fe=498872
formalLocal:outer=61,slot=9,pass=1,op=O9_MA_SWAP,accepted=false,recoveryGain=true,qGain=-0.026096776524968703,fe=498873
formalLocal:outer=61,slot=9,pass=2,op=O1_JS_INSERT,accepted=false,recoveryGain=true,qGain=0.0,fe=498874
formalLocal:outer=61,slot=9,pass=2,op=O2_JS_REVERSE,accepted=true,recoveryGain=true,qGain=0.017980440785764388,fe=498875
formalLocal:outer=61,slot=9,pass=2,op=O3_JS_SWAP,accepted=true,recoveryGain=true,qGain=0.03170749699259893,fe=498876
formalLocal:outer=61,slot=9,pass=2,op=O4_WA_LOAD_TRANSFER,accepted=false,recoveryGain=true,qGain=-0.062251329736372284,fe=498877
formalLocal:outer=61,slot=9,pass=2,op=O5_WA_WEAK_TO_STRONG,accepted=false,recoveryGain=true,qGain=-0.0373403717567701,fe=498878
formalLocal:outer=61,slot=9,pass=2,op=O6_WA_SWAP,accepted=false,recoveryGain=true,qGain=-6.987670396375724E-4,fe=498879
formalLocal:outer=61,slot=9,pass=2,op=O7_MA_LOAD_TRANSFER,accepted=false,recoveryGain=true,qGain=-0.11551498975501917,fe=498880
formalLocal:outer=61,slot=9,pass=2,op=O8_MA_WEAK_TO_STRONG,accepted=false,recoveryGain=true,qGain=-0.06788263650251904,fe=498881
formalLocal:outer=61,slot=9,pass=2,op=O9_MA_SWAP,accepted=false,recoveryGain=true,qGain=-0.002279099070856801,fe=498882
formalLocal:outer=61,slot=9,pass=3,op=O1_JS_INSERT,accepted=false,recoveryGain=true,qGain=-0.15289472840478735,fe=498883
formalLocal:outer=61,slot=9,pass=3,op=O2_JS_REVERSE,accepted=false,recoveryGain=true,qGain=-0.12355843380334249,fe=498884
formalLocal:outer=61,slot=9,pass=3,op=O3_JS_SWAP,accepted=false,recoveryGain=true,qGain=-0.09849325371080686,fe=498885
formalLocal:outer=61,slot=9,pass=3,op=O4_WA_LOAD_TRANSFER,accepted=false,recoveryGain=true,qGain=-0.062251329736372284,fe=498886
formalLocal:outer=61,slot=9,pass=3,op=O5_WA_WEAK_TO_STRONG,accepted=false,recoveryGain=true,qGain=-0.0373403717567701,fe=498887
formalLocal:outer=61,slot=9,pass=3,op=O6_WA_SWAP,accepted=false,recoveryGain=true,qGain=-6.987670396375724E-4,fe=498888
formalLocal:outer=61,slot=9,pass=3,op=O7_MA_LOAD_TRANSFER,accepted=false,recoveryGain=true,qGain=-0.11551498975501917,fe=498889
formalLocal:outer=61,slot=9,pass=3,op=O8_MA_WEAK_TO_STRONG,accepted=false,recoveryGain=true,qGain=-0.06788263650251904,fe=498890
formalLocal:outer=61,slot=9,pass=3,op=O9_MA_SWAP,accepted=false,recoveryGain=true,qGain=-0.002279099070856801,fe=498891
formalLocal:outer=61,slot=9,pass=4,op=O1_JS_INSERT,accepted=false,recoveryGain=true,qGain=-0.16077011557867812,fe=498892
formalLocal:outer=61,slot=9,pass=4,op=O2_JS_REVERSE,accepted=false,recoveryGain=true,qGain=-0.19452711048312626,fe=498893
formalLocal:outer=61,slot=9,pass=4,op=O3_JS_SWAP,accepted=false,recoveryGain=true,qGain=-0.06177818141804316,fe=498894
formalLocal:outer=61,slot=9,pass=4,op=O4_WA_LOAD_TRANSFER,accepted=false,recoveryGain=true,qGain=-0.062251329736372284,fe=498895
formalLocal:outer=61,slot=9,pass=4,op=O5_WA_WEAK_TO_STRONG,accepted=false,recoveryGain=true,qGain=-0.0373403717567701,fe=498896
formalLocal:outer=61,slot=9,pass=4,op=O6_WA_SWAP,accepted=false,recoveryGain=true,qGain=-6.987670396375724E-4,fe=498897
formalLocal:outer=61,slot=9,pass=4,op=O7_MA_LOAD_TRANSFER,accepted=false,recoveryGain=true,qGain=-0.11551498975501917,fe=498898
formalLocal:outer=61,slot=9,pass=4,op=O8_MA_WEAK_TO_STRONG,accepted=false,recoveryGain=true,qGain=-0.06788263650251904,fe=498899
formalLocal:outer=61,slot=9,pass=4,op=O9_MA_SWAP,accepted=false,recoveryGain=true,qGain=-0.002279099070856801,fe=498900
formalLocal:outer=61,slot=9,pass=5,op=O1_JS_INSERT,accepted=false,recoveryGain=true,qGain=-0.09312985045552134,fe=498901
formalLocal:outer=61,slot=9,pass=5,op=O2_JS_REVERSE,accepted=false,recoveryGain=true,qGain=-0.09868096125723176,fe=498902
formalLocal:outer=61,slot=9,pass=5,op=O3_JS_SWAP,accepted=false,recoveryGain=true,qGain=-0.07499457046900299,fe=498903
formalLocal:outer=61,slot=9,pass=5,op=O4_WA_LOAD_TRANSFER,accepted=false,recoveryGain=true,qGain=-0.062251329736372284,fe=498904
formalLocal:outer=61,slot=9,pass=5,op=O5_WA_WEAK_TO_STRONG,accepted=false,recoveryGain=true,qGain=-0.0373403717567701,fe=498905
formalLocal:outer=61,slot=9,pass=5,op=O6_WA_SWAP,accepted=false,recoveryGain=true,qGain=-6.987670396375724E-4,fe=498906
formalLocal:outer=61,slot=9,pass=5,op=O7_MA_LOAD_TRANSFER,accepted=false,recoveryGain=true,qGain=-0.11551498975501917,fe=498907
formalLocal:outer=61,slot=9,pass=5,op=O8_MA_WEAK_TO_STRONG,accepted=false,recoveryGain=true,qGain=-0.06788263650251904,fe=498908
formalLocal:outer=61,slot=9,pass=5,op=O9_MA_SWAP,accepted=false,recoveryGain=true,qGain=-0.002279099070856801,fe=498909
formalLocal:outer=61,slot=9,pass=6,op=O1_JS_INSERT,accepted=false,recoveryGain=true,qGain=-0.10077259553171963,fe=498910
formalLocal:outer=61,slot=9,pass=6,op=O2_JS_REVERSE,accepted=false,recoveryGain=true,qGain=-0.16004001069097384,fe=498911
formalLocal:outer=61,slot=9,pass=6,op=O3_JS_SWAP,accepted=false,recoveryGain=true,qGain=0.0,fe=498912
formalLocal:outer=61,slot=9,pass=6,op=O4_WA_LOAD_TRANSFER,accepted=false,recoveryGain=true,qGain=-0.062251329736372284,fe=498913
formalLocal:outer=61,slot=9,pass=6,op=O5_WA_WEAK_TO_STRONG,accepted=false,recoveryGain=true,qGain=-0.0373403717567701,fe=498914
formalLocal:outer=61,slot=9,pass=6,op=O6_WA_SWAP,accepted=false,recoveryGain=true,qGain=-6.987670396375724E-4,fe=498915
formalLocal:outer=61,slot=9,pass=6,op=O7_MA_LOAD_TRANSFER,accepted=false,recoveryGain=true,qGain=-0.11551498975501917,fe=498916
formalLocal:outer=61,slot=9,pass=6,op=O8_MA_WEAK_TO_STRONG,accepted=false,recoveryGain=true,qGain=-0.06788263650251904,fe=498917
formalLocal:outer=61,slot=9,pass=6,op=O9_MA_SWAP,accepted=false,recoveryGain=true,qGain=-0.002279099070856801,fe=498918
formalLocal:outer=61,slot=9,pass=7,op=O1_JS_INSERT,accepted=false,recoveryGain=true,qGain=-0.09956624279195589,fe=498919
formalLocal:outer=61,slot=9,pass=7,op=O2_JS_REVERSE,accepted=false,recoveryGain=true,qGain=-0.15451252271653038,fe=498920
formalLocal:outer=61,slot=9,pass=7,op=O3_JS_SWAP,accepted=false,recoveryGain=true,qGain=-0.1056918776982653,fe=498921
formalLocal:outer=61,slot=9,pass=7,op=O4_WA_LOAD_TRANSFER,accepted=false,recoveryGain=true,qGain=-0.062251329736372284,fe=498922
formalLocal:outer=61,slot=9,pass=7,op=O5_WA_WEAK_TO_STRONG,accepted=false,recoveryGain=true,qGain=-0.0373403717567701,fe=498923
formalLocal:outer=61,slot=9,pass=7,op=O6_WA_SWAP,accepted=false,recoveryGain=true,qGain=-6.987670396375724E-4,fe=498924
formalLocal:outer=61,slot=9,pass=7,op=O7_MA_LOAD_TRANSFER,accepted=false,recoveryGain=true,qGain=-0.11551498975501917,fe=498925
formalLocal:outer=61,slot=9,pass=7,op=O8_MA_WEAK_TO_STRONG,accepted=false,recoveryGain=true,qGain=-0.06788263650251904,fe=498926
formalLocal:outer=61,slot=9,pass=7,op=O9_MA_SWAP,accepted=false,recoveryGain=true,qGain=-0.002279099070856801,fe=498927
formalLocal:outer=61,slot=9,pass=8,op=O1_JS_INSERT,accepted=false,recoveryGain=true,qGain=-0.16181655167762457,fe=498928
formalLocal:outer=61,slot=9,pass=8,op=O2_JS_REVERSE,accepted=false,recoveryGain=true,qGain=-0.04084286232891637,fe=498929
formalLocal:outer=61,slot=9,pass=8,op=O3_JS_SWAP,accepted=false,recoveryGain=true,qGain=-0.08810476302196629,fe=498930
formalLocal:outer=61,slot=9,pass=8,op=O4_WA_LOAD_TRANSFER,accepted=false,recoveryGain=true,qGain=-0.062251329736372284,fe=498931
formalLocal:outer=61,slot=9,pass=8,op=O5_WA_WEAK_TO_STRONG,accepted=false,recoveryGain=true,qGain=-0.0373403717567701,fe=498932
formalLocal:outer=61,slot=9,pass=8,op=O6_WA_SWAP,accepted=false,recoveryGain=true,qGain=-6.987670396375724E-4,fe=498933
formalLocal:outer=61,slot=9,pass=8,op=O7_MA_LOAD_TRANSFER,accepted=false,recoveryGain=true,qGain=-0.11551498975501917,fe=498934
formalLocal:outer=61,slot=9,pass=8,op=O8_MA_WEAK_TO_STRONG,accepted=false,recoveryGain=true,qGain=-0.06788263650251904,fe=498935
formalLocal:outer=61,slot=9,pass=8,op=O9_MA_SWAP,accepted=false,recoveryGain=true,qGain=-0.002279099070856801,fe=498936
formalLocal:outer=61,slot=9,pass=9,op=O1_JS_INSERT,accepted=false,recoveryGain=true,qGain=-5.948926593724674E-4,fe=498937
formalLocal:outer=61,slot=9,pass=9,op=O2_JS_REVERSE,accepted=false,recoveryGain=true,qGain=0.0,fe=498938
formalLocal:outer=61,slot=9,pass=9,op=O3_JS_SWAP,accepted=true,recoveryGain=true,qGain=0.020607023755362042,fe=498939
formalLocal:outer=61,slot=9,pass=9,op=O4_WA_LOAD_TRANSFER,accepted=false,recoveryGain=true,qGain=-0.07140494582605436,fe=498940
formalLocal:outer=61,slot=9,pass=9,op=O5_WA_WEAK_TO_STRONG,accepted=false,recoveryGain=true,qGain=-0.03853056860728295,fe=498941
formalLocal:outer=61,slot=9,pass=9,op=O6_WA_SWAP,accepted=false,recoveryGain=true,qGain=-0.017821830114745692,fe=498942
formalLocal:outer=61,slot=9,pass=9,op=O7_MA_LOAD_TRANSFER,accepted=false,recoveryGain=true,qGain=-0.11800131814667128,fe=498943
formalLocal:outer=61,slot=9,pass=9,op=O8_MA_WEAK_TO_STRONG,accepted=false,recoveryGain=true,qGain=-0.13824710042301072,fe=498944
formalLocal:outer=61,slot=9,pass=9,op=O9_MA_SWAP,accepted=false,recoveryGain=true,qGain=-0.013927850101681152,fe=498945
formalLocal:outer=61,slot=9,pass=10,op=O1_JS_INSERT,accepted=false,recoveryGain=true,qGain=-0.1022039030093541,fe=498946
formalLocal:outer=61,slot=9,pass=10,op=O2_JS_REVERSE,accepted=false,recoveryGain=true,qGain=-0.140362643869992,fe=498947
formalLocal:outer=61,slot=9,pass=10,op=O3_JS_SWAP,accepted=false,recoveryGain=true,qGain=-0.2284323906654894,fe=498948
formalLocal:outer=61,slot=9,pass=10,op=O4_WA_LOAD_TRANSFER,accepted=false,recoveryGain=true,qGain=-0.07140494582605436,fe=498949
formalLocal:outer=61,slot=9,pass=10,op=O5_WA_WEAK_TO_STRONG,accepted=false,recoveryGain=true,qGain=-0.03853056860728295,fe=498950
formalLocal:outer=61,slot=9,pass=10,op=O6_WA_SWAP,accepted=false,recoveryGain=true,qGain=-0.017821830114745692,fe=498951
formalLocal:outer=61,slot=9,pass=10,op=O7_MA_LOAD_TRANSFER,accepted=false,recoveryGain=true,qGain=-0.11800131814667128,fe=498952
formalLocal:outer=61,slot=9,pass=10,op=O8_MA_WEAK_TO_STRONG,accepted=false,recoveryGain=true,qGain=-0.13824710042301072,fe=498953
formalLocal:outer=61,slot=9,pass=10,op=O9_MA_SWAP,accepted=false,recoveryGain=true,qGain=-0.013927850101681152,fe=498954
formalLocal:outer=61,slot=9,pass=11,op=O1_JS_INSERT,accepted=false,recoveryGain=true,qGain=-0.09460118019911555,fe=498955
formalLocal:outer=61,slot=9,pass=11,op=O2_JS_REVERSE,accepted=false,recoveryGain=true,qGain=-0.4015428474639601,fe=498956
formalLocal:outer=61,slot=9,pass=11,op=O3_JS_SWAP,accepted=false,recoveryGain=true,qGain=-0.17328563430467403,fe=498957
formalLocal:outer=61,slot=9,pass=11,op=O4_WA_LOAD_TRANSFER,accepted=false,recoveryGain=true,qGain=-0.07140494582605436,fe=498958
formalLocal:outer=61,slot=9,pass=11,op=O5_WA_WEAK_TO_STRONG,accepted=false,recoveryGain=true,qGain=-0.03853056860728295,fe=498959
formalLocal:outer=61,slot=9,pass=11,op=O6_WA_SWAP,accepted=false,recoveryGain=true,qGain=-0.017821830114745692,fe=498960
formalLocal:outer=61,slot=9,pass=11,op=O7_MA_LOAD_TRANSFER,accepted=false,recoveryGain=true,qGain=-0.11800131814667128,fe=498961
formalLocal:outer=61,slot=9,pass=11,op=O8_MA_WEAK_TO_STRONG,accepted=false,recoveryGain=true,qGain=-0.13824710042301072,fe=498962
formalLocal:outer=61,slot=9,pass=11,op=O9_MA_SWAP,accepted=false,recoveryGain=true,qGain=-0.013927850101681152,fe=498963
formalLocal:outer=61,slot=9,pass=12,op=O1_JS_INSERT,accepted=false,recoveryGain=true,qGain=-0.15715427480049723,fe=498964
formalLocal:outer=61,slot=9,pass=12,op=O2_JS_REVERSE,accepted=false,recoveryGain=true,qGain=-0.07359589296842842,fe=498965
formalLocal:outer=61,slot=9,pass=12,op=O3_JS_SWAP,accepted=true,recoveryGain=true,qGain=0.053136241857556006,fe=498966
formalLocal:outer=61,slot=9,pass=12,op=O4_WA_LOAD_TRANSFER,accepted=false,recoveryGain=true,qGain=-0.0549619963116815,fe=498967
formalLocal:outer=61,slot=9,pass=12,op=O5_WA_WEAK_TO_STRONG,accepted=false,recoveryGain=true,qGain=-0.021206510905997622,fe=498968
formalLocal:outer=61,slot=9,pass=12,op=O6_WA_SWAP,accepted=false,recoveryGain=true,qGain=-0.049627336764291693,fe=498969
formalLocal:outer=61,slot=9,pass=12,op=O7_MA_LOAD_TRANSFER,accepted=false,recoveryGain=true,qGain=-0.13861825515067674,fe=498970
formalLocal:outer=61,slot=9,pass=12,op=O8_MA_WEAK_TO_STRONG,accepted=false,recoveryGain=true,qGain=-0.09767299284078636,fe=498971
formalLocal:outer=61,slot=9,pass=12,op=O9_MA_SWAP,accepted=false,recoveryGain=true,qGain=-0.010589406377091175,fe=498972
formalLocal:outer=61,slot=9,pass=13,op=O1_JS_INSERT,accepted=true,recoveryGain=true,qGain=0.0766849681283991,fe=498973
formalLocal:outer=61,slot=9,pass=13,op=O2_JS_REVERSE,accepted=false,recoveryGain=true,qGain=-0.11523644490223925,fe=498974
formalLocal:outer=61,slot=9,pass=13,op=O3_JS_SWAP,accepted=false,recoveryGain=true,qGain=-0.10636514086631807,fe=498975
formalLocal:outer=61,slot=9,pass=13,op=O4_WA_LOAD_TRANSFER,accepted=false,recoveryGain=true,qGain=-0.09848960776913042,fe=498976
formalLocal:outer=61,slot=9,pass=13,op=O5_WA_WEAK_TO_STRONG,accepted=false,recoveryGain=true,qGain=-0.08165031037414773,fe=498977
formalLocal:outer=61,slot=9,pass=13,op=O6_WA_SWAP,accepted=false,recoveryGain=true,qGain=-0.07612809143664316,fe=498978
formalLocal:outer=61,slot=9,pass=13,op=O7_MA_LOAD_TRANSFER,accepted=false,recoveryGain=true,qGain=-0.16520546933271263,fe=498979
formalLocal:outer=61,slot=9,pass=13,op=O8_MA_WEAK_TO_STRONG,accepted=false,recoveryGain=true,qGain=-0.1320301617599585,fe=498980
formalLocal:outer=61,slot=9,pass=13,op=O9_MA_SWAP,accepted=false,recoveryGain=true,qGain=-0.02349553975578422,fe=498981
formalLocal:outer=61,slot=9,pass=14,op=O1_JS_INSERT,accepted=false,recoveryGain=true,qGain=-0.16879885120566335,fe=498982
formalLocal:outer=61,slot=9,pass=14,op=O2_JS_REVERSE,accepted=false,recoveryGain=true,qGain=-0.021522855903427708,fe=498983
formalLocal:outer=61,slot=9,pass=14,op=O3_JS_SWAP,accepted=true,recoveryGain=true,qGain=0.02955880880575214,fe=498984
formalLocal:outer=61,slot=9,pass=14,op=O4_WA_LOAD_TRANSFER,accepted=false,recoveryGain=true,qGain=-0.08259602297458309,fe=498985
formalLocal:outer=61,slot=9,pass=14,op=O5_WA_WEAK_TO_STRONG,accepted=false,recoveryGain=true,qGain=-0.10120669916170952,fe=498986
formalLocal:outer=61,slot=9,pass=14,op=O6_WA_SWAP,accepted=false,recoveryGain=true,qGain=-0.09171060959828463,fe=498987
formalLocal:outer=61,slot=9,pass=14,op=O7_MA_LOAD_TRANSFER,accepted=false,recoveryGain=true,qGain=-0.18071753432899815,fe=498988
formalLocal:outer=61,slot=9,pass=14,op=O8_MA_WEAK_TO_STRONG,accepted=false,recoveryGain=true,qGain=-0.13726797532480894,fe=498989
formalLocal:outer=61,slot=9,pass=14,op=O9_MA_SWAP,accepted=false,recoveryGain=true,qGain=-0.019642284960373423,fe=498990
formalLocal:outer=61,slot=9,pass=15,op=O1_JS_INSERT,accepted=false,recoveryGain=true,qGain=-0.22938204609917276,fe=498991
formalLocal:outer=61,slot=9,pass=15,op=O2_JS_REVERSE,accepted=false,recoveryGain=true,qGain=-0.06828769664144066,fe=498992
formalLocal:outer=61,slot=9,pass=15,op=O3_JS_SWAP,accepted=false,recoveryGain=true,qGain=-0.17142612783937838,fe=498993
formalLocal:outer=61,slot=9,pass=15,op=O4_WA_LOAD_TRANSFER,accepted=false,recoveryGain=true,qGain=-0.08259602297458309,fe=498994
formalLocal:outer=61,slot=9,pass=15,op=O5_WA_WEAK_TO_STRONG,accepted=false,recoveryGain=true,qGain=-0.10120669916170952,fe=498995
formalLocal:outer=61,slot=9,pass=15,op=O6_WA_SWAP,accepted=false,recoveryGain=true,qGain=-0.09171060959828463,fe=498996
formalLocal:outer=61,slot=9,pass=15,op=O7_MA_LOAD_TRANSFER,accepted=false,recoveryGain=true,qGain=-0.18071753432899815,fe=498997
formalLocal:outer=61,slot=9,pass=15,op=O8_MA_WEAK_TO_STRONG,accepted=false,recoveryGain=true,qGain=-0.13726797532480894,fe=498998
formalLocal:outer=61,slot=9,pass=15,op=O9_MA_SWAP,accepted=false,recoveryGain=true,qGain=-0.019642284960373423,fe=498999
formalLocal:outer=61,slot=9,pass=16,op=O1_JS_INSERT,accepted=false,recoveryGain=true,qGain=-0.32888622450951543,fe=499000
formalLocal:outer=61,slot=9,pass=16,op=O2_JS_REVERSE,accepted=false,recoveryGain=true,qGain=-0.43901982836997594,fe=499001
formalLocal:outer=61,slot=9,pass=16,op=O3_JS_SWAP,accepted=false,recoveryGain=true,qGain=-0.1519213826678615,fe=499002
formalLocal:outer=61,slot=9,pass=16,op=O4_WA_LOAD_TRANSFER,accepted=false,recoveryGain=true,qGain=-0.08259602297458309,fe=499003
formalLocal:outer=61,slot=9,pass=16,op=O5_WA_WEAK_TO_STRONG,accepted=false,recoveryGain=true,qGain=-0.10120669916170952,fe=499004
formalLocal:outer=61,slot=9,pass=16,op=O6_WA_SWAP,accepted=false,recoveryGain=true,qGain=-0.09171060959828463,fe=499005
formalLocal:outer=61,slot=9,pass=16,op=O7_MA_LOAD_TRANSFER,accepted=false,recoveryGain=true,qGain=-0.18071753432899815,fe=499006
formalLocal:outer=61,slot=9,pass=16,op=O8_MA_WEAK_TO_STRONG,accepted=false,recoveryGain=true,qGain=-0.13726797532480894,fe=499007
formalLocal:outer=61,slot=9,pass=16,op=O9_MA_SWAP,accepted=false,recoveryGain=true,qGain=-0.019642284960373423,fe=499008
formalLocal:outer=61,slot=9,pass=17,op=O1_JS_INSERT,accepted=false,recoveryGain=true,qGain=-0.01552153634398469,fe=499009
formalLocal:outer=61,slot=9,pass=17,op=O2_JS_REVERSE,accepted=false,recoveryGain=true,qGain=-0.19491261467208362,fe=499010
formalLocal:outer=61,slot=9,pass=17,op=O3_JS_SWAP,accepted=false,recoveryGain=true,qGain=-0.14632007586238907,fe=499011
formalLocal:outer=61,slot=9,pass=17,op=O4_WA_LOAD_TRANSFER,accepted=false,recoveryGain=true,qGain=-0.08259602297458309,fe=499012
formalLocal:outer=61,slot=9,pass=17,op=O5_WA_WEAK_TO_STRONG,accepted=false,recoveryGain=true,qGain=-0.10120669916170952,fe=499013
formalLocal:outer=61,slot=9,pass=17,op=O6_WA_SWAP,accepted=false,recoveryGain=true,qGain=-0.09171060959828463,fe=499014
formalLocal:outer=61,slot=9,pass=17,op=O7_MA_LOAD_TRANSFER,accepted=false,recoveryGain=true,qGain=-0.18071753432899815,fe=499015
formalLocal:outer=61,slot=9,pass=17,op=O8_MA_WEAK_TO_STRONG,accepted=false,recoveryGain=true,qGain=-0.13726797532480894,fe=499016
formalLocal:outer=61,slot=9,pass=17,op=O9_MA_SWAP,accepted=false,recoveryGain=true,qGain=-0.019642284960373423,fe=499017
formalLocal:outer=61,slot=9,pass=18,op=O1_JS_INSERT,accepted=false,recoveryGain=true,qGain=-0.21905341508312823,fe=499018
formalLocal:outer=61,slot=9,pass=18,op=O2_JS_REVERSE,accepted=false,recoveryGain=true,qGain=-0.2107513798731863,fe=499019
formalLocal:outer=61,slot=9,pass=18,op=O3_JS_SWAP,accepted=false,recoveryGain=true,qGain=-0.08902429294020958,fe=499020
formalLocal:outer=61,slot=9,pass=18,op=O4_WA_LOAD_TRANSFER,accepted=false,recoveryGain=true,qGain=-0.08259602297458309,fe=499021
formalLocal:outer=61,slot=9,pass=18,op=O5_WA_WEAK_TO_STRONG,accepted=false,recoveryGain=true,qGain=-0.10120669916170952,fe=499022
formalLocal:outer=61,slot=9,pass=18,op=O6_WA_SWAP,accepted=false,recoveryGain=true,qGain=-0.09171060959828463,fe=499023
formalLocal:outer=61,slot=9,pass=18,op=O7_MA_LOAD_TRANSFER,accepted=false,recoveryGain=true,qGain=-0.18071753432899815,fe=499024
formalLocal:outer=61,slot=9,pass=18,op=O8_MA_WEAK_TO_STRONG,accepted=false,recoveryGain=true,qGain=-0.13726797532480894,fe=499025
formalLocal:outer=61,slot=9,pass=18,op=O9_MA_SWAP,accepted=false,recoveryGain=true,qGain=-0.019642284960373423,fe=499026
formalLocal:outer=61,slot=9,pass=19,op=O1_JS_INSERT,accepted=false,recoveryGain=true,qGain=-0.0346903966584268,fe=499027
formalLocal:outer=61,slot=9,pass=19,op=O2_JS_REVERSE,accepted=false,recoveryGain=true,qGain=-0.19323332879344854,fe=499028
formalLocal:outer=61,slot=9,pass=19,op=O3_JS_SWAP,accepted=false,recoveryGain=true,qGain=-0.08374730376155277,fe=499029
formalLocal:outer=61,slot=9,pass=19,op=O4_WA_LOAD_TRANSFER,accepted=false,recoveryGain=true,qGain=-0.08259602297458309,fe=499030
formalLocal:outer=61,slot=9,pass=19,op=O5_WA_WEAK_TO_STRONG,accepted=false,recoveryGain=true,qGain=-0.10120669916170952,fe=499031
formalLocal:outer=61,slot=9,pass=19,op=O6_WA_SWAP,accepted=false,recoveryGain=true,qGain=-0.09171060959828463,fe=499032
formalLocal:outer=61,slot=9,pass=19,op=O7_MA_LOAD_TRANSFER,accepted=false,recoveryGain=true,qGain=-0.18071753432899815,fe=499033
formalLocal:outer=61,slot=9,pass=19,op=O8_MA_WEAK_TO_STRONG,accepted=false,recoveryGain=true,qGain=-0.13726797532480894,fe=499034
formalLocal:outer=61,slot=9,pass=19,op=O9_MA_SWAP,accepted=false,recoveryGain=true,qGain=-0.019642284960373423,fe=499035
formalLocal:outer=61,slot=9,pass=20,op=O1_JS_INSERT,accepted=false,recoveryGain=true,qGain=-0.0849809020111958,fe=499036
formalLocal:outer=61,slot=9,pass=20,op=O2_JS_REVERSE,accepted=false,recoveryGain=true,qGain=-0.07854871628062751,fe=499037
formalLocal:outer=61,slot=9,pass=20,op=O3_JS_SWAP,accepted=false,recoveryGain=true,qGain=-0.23795682009427305,fe=499038
formalLocal:outer=61,slot=9,pass=20,op=O4_WA_LOAD_TRANSFER,accepted=false,recoveryGain=true,qGain=-0.08259602297458309,fe=499039
formalLocal:outer=61,slot=9,pass=20,op=O5_WA_WEAK_TO_STRONG,accepted=false,recoveryGain=true,qGain=-0.10120669916170952,fe=499040
formalLocal:outer=61,slot=9,pass=20,op=O6_WA_SWAP,accepted=false,recoveryGain=true,qGain=-0.09171060959828463,fe=499041
formalLocal:outer=61,slot=9,pass=20,op=O7_MA_LOAD_TRANSFER,accepted=false,recoveryGain=true,qGain=-0.18071753432899815,fe=499042
formalLocal:outer=61,slot=9,pass=20,op=O8_MA_WEAK_TO_STRONG,accepted=false,recoveryGain=true,qGain=-0.13726797532480894,fe=499043
formalLocal:outer=61,slot=9,pass=20,op=O9_MA_SWAP,accepted=false,recoveryGain=true,qGain=-0.019642284960373423,fe=499044
formalLocal:outer=61,slot=9,pass=21,op=O1_JS_INSERT,accepted=false,recoveryGain=true,qGain=-0.06330932948004334,fe=499045
formalLocal:outer=61,slot=9,pass=21,op=O2_JS_REVERSE,accepted=false,recoveryGain=true,qGain=-0.09174792088210952,fe=499046
formalLocal:outer=61,slot=9,pass=21,op=O3_JS_SWAP,accepted=false,recoveryGain=true,qGain=-0.2556832277771362,fe=499047
formalLocal:outer=61,slot=9,pass=21,op=O4_WA_LOAD_TRANSFER,accepted=false,recoveryGain=true,qGain=-0.08259602297458309,fe=499048
formalLocal:outer=61,slot=9,pass=21,op=O5_WA_WEAK_TO_STRONG,accepted=false,recoveryGain=true,qGain=-0.10120669916170952,fe=499049
formalLocal:outer=61,slot=9,pass=21,op=O6_WA_SWAP,accepted=false,recoveryGain=true,qGain=-0.09171060959828463,fe=499050
formalLocal:outer=61,slot=9,pass=21,op=O7_MA_LOAD_TRANSFER,accepted=false,recoveryGain=true,qGain=-0.18071753432899815,fe=499051
formalLocal:outer=61,slot=9,pass=21,op=O8_MA_WEAK_TO_STRONG,accepted=false,recoveryGain=true,qGain=-0.13726797532480894,fe=499052
formalLocal:outer=61,slot=9,pass=21,op=O9_MA_SWAP,accepted=false,recoveryGain=true,qGain=-0.019642284960373423,fe=499053
formalLocal:outer=61,slot=9,pass=22,op=O1_JS_INSERT,accepted=false,recoveryGain=true,qGain=-0.24093149753426463,fe=499054
formalLocal:outer=61,slot=9,pass=22,op=O2_JS_REVERSE,accepted=false,recoveryGain=true,qGain=-0.19988519106924096,fe=499055
formalLocal:outer=61,slot=9,pass=22,op=O3_JS_SWAP,accepted=false,recoveryGain=true,qGain=-0.10528088889735686,fe=499056
formalLocal:outer=61,slot=9,pass=22,op=O4_WA_LOAD_TRANSFER,accepted=false,recoveryGain=true,qGain=-0.08259602297458309,fe=499057
formalLocal:outer=61,slot=9,pass=22,op=O5_WA_WEAK_TO_STRONG,accepted=false,recoveryGain=true,qGain=-0.10120669916170952,fe=499058
formalLocal:outer=61,slot=9,pass=22,op=O6_WA_SWAP,accepted=false,recoveryGain=true,qGain=-0.09171060959828463,fe=499059
formalLocal:outer=61,slot=9,pass=22,op=O7_MA_LOAD_TRANSFER,accepted=false,recoveryGain=true,qGain=-0.18071753432899815,fe=499060
formalLocal:outer=61,slot=9,pass=22,op=O8_MA_WEAK_TO_STRONG,accepted=false,recoveryGain=true,qGain=-0.13726797532480894,fe=499061
formalLocal:outer=61,slot=9,pass=22,op=O9_MA_SWAP,accepted=false,recoveryGain=true,qGain=-0.019642284960373423,fe=499062
formalLocal:outer=61,slot=9,pass=23,op=O1_JS_INSERT,accepted=false,recoveryGain=true,qGain=-0.22101078360123022,fe=499063
formalLocal:outer=61,slot=9,pass=23,op=O2_JS_REVERSE,accepted=false,recoveryGain=true,qGain=-0.2654195477738441,fe=499064
formalLocal:outer=61,slot=9,pass=23,op=O3_JS_SWAP,accepted=false,recoveryGain=true,qGain=-0.1374433036866463,fe=499065
formalLocal:outer=61,slot=9,pass=23,op=O4_WA_LOAD_TRANSFER,accepted=false,recoveryGain=true,qGain=-0.08259602297458309,fe=499066
formalLocal:outer=61,slot=9,pass=23,op=O5_WA_WEAK_TO_STRONG,accepted=false,recoveryGain=true,qGain=-0.10120669916170952,fe=499067
formalLocal:outer=61,slot=9,pass=23,op=O6_WA_SWAP,accepted=false,recoveryGain=true,qGain=-0.09171060959828463,fe=499068
formalLocal:outer=61,slot=9,pass=23,op=O7_MA_LOAD_TRANSFER,accepted=false,recoveryGain=true,qGain=-0.18071753432899815,fe=499069
formalLocal:outer=61,slot=9,pass=23,op=O8_MA_WEAK_TO_STRONG,accepted=false,recoveryGain=true,qGain=-0.13726797532480894,fe=499070
formalLocal:outer=61,slot=9,pass=23,op=O9_MA_SWAP,accepted=false,recoveryGain=true,qGain=-0.019642284960373423,fe=499071
formalLocal:outer=61,slot=9,pass=24,op=O1_JS_INSERT,accepted=false,recoveryGain=true,qGain=-0.1063171972396924,fe=499072
formalLocal:outer=61,slot=9,pass=24,op=O2_JS_REVERSE,accepted=false,recoveryGain=true,qGain=-0.08784186733986415,fe=499073
formalLocal:outer=61,slot=9,pass=24,op=O3_JS_SWAP,accepted=true,recoveryGain=true,qGain=0.08583720066661457,fe=499074
formalLocal:outer=61,slot=9,pass=24,op=O4_WA_LOAD_TRANSFER,accepted=false,recoveryGain=true,qGain=-0.1453167242143376,fe=499075
formalLocal:outer=61,slot=9,pass=24,op=O5_WA_WEAK_TO_STRONG,accepted=false,recoveryGain=true,qGain=-0.10972707091990881,fe=499076
formalLocal:outer=61,slot=9,pass=24,op=O6_WA_SWAP,accepted=true,recoveryGain=true,qGain=0.006324370438370637,fe=499077
formalLocal:outer=61,slot=9,pass=24,op=O7_MA_LOAD_TRANSFER,accepted=false,recoveryGain=true,qGain=-0.1372607618954735,fe=499078
formalLocal:outer=61,slot=9,pass=24,op=O8_MA_WEAK_TO_STRONG,accepted=false,recoveryGain=true,qGain=-0.11549245547497271,fe=499079
formalLocal:outer=61,slot=9,pass=24,op=O9_MA_SWAP,accepted=false,recoveryGain=true,qGain=-0.012381312699239453,fe=499080
formalLocal:outer=61,slot=9,pass=25,op=O1_JS_INSERT,accepted=true,recoveryGain=true,qGain=0.024662270019605873,fe=499081
formalLocal:outer=61,slot=9,pass=25,op=O2_JS_REVERSE,accepted=true,recoveryGain=true,qGain=0.03117960639380822,fe=499082
formalLocal:outer=61,slot=9,pass=25,op=O3_JS_SWAP,accepted=false,recoveryGain=true,qGain=-0.17850832170938066,fe=499083
formalLocal:outer=61,slot=9,pass=25,op=O4_WA_LOAD_TRANSFER,accepted=false,recoveryGain=true,qGain=-0.10785713250285776,fe=499084
formalLocal:outer=61,slot=9,pass=25,op=O5_WA_WEAK_TO_STRONG,accepted=false,recoveryGain=true,qGain=-0.0472348289793895,fe=499085
formalLocal:outer=61,slot=9,pass=25,op=O6_WA_SWAP,accepted=false,recoveryGain=true,qGain=-0.005088345588524011,fe=499086
formalLocal:outer=61,slot=9,pass=25,op=O7_MA_LOAD_TRANSFER,accepted=false,recoveryGain=true,qGain=-0.18474009360364702,fe=499087
formalLocal:outer=61,slot=9,pass=25,op=O8_MA_WEAK_TO_STRONG,accepted=false,recoveryGain=true,qGain=-0.13418743498652091,fe=499088
formalLocal:outer=61,slot=9,pass=25,op=O9_MA_SWAP,accepted=false,recoveryGain=true,qGain=-7.747743713455329E-4,fe=499089
formalLocal:outer=61,slot=9,pass=26,op=O1_JS_INSERT,accepted=false,recoveryGain=true,qGain=-0.24659880948225762,fe=499090
formalLocal:outer=61,slot=9,pass=26,op=O2_JS_REVERSE,accepted=false,recoveryGain=true,qGain=-8.696065969628952E-4,fe=499091
formalLocal:outer=61,slot=9,pass=26,op=O3_JS_SWAP,accepted=false,recoveryGain=true,qGain=-0.17850832170938066,fe=499092
formalLocal:outer=61,slot=9,pass=26,op=O4_WA_LOAD_TRANSFER,accepted=false,recoveryGain=true,qGain=-0.10785713250285776,fe=499093
formalLocal:outer=61,slot=9,pass=26,op=O5_WA_WEAK_TO_STRONG,accepted=false,recoveryGain=true,qGain=-0.0472348289793895,fe=499094
formalLocal:outer=61,slot=9,pass=26,op=O6_WA_SWAP,accepted=false,recoveryGain=true,qGain=-0.005088345588524011,fe=499095
formalLocal:outer=61,slot=9,pass=26,op=O7_MA_LOAD_TRANSFER,accepted=false,recoveryGain=true,qGain=-0.18474009360364702,fe=499096
formalLocal:outer=61,slot=9,pass=26,op=O8_MA_WEAK_TO_STRONG,accepted=false,recoveryGain=true,qGain=-0.13418743498652091,fe=499097
formalLocal:outer=61,slot=9,pass=26,op=O9_MA_SWAP,accepted=false,recoveryGain=true,qGain=-7.747743713455329E-4,fe=499098
formalLocal:outer=61,slot=9,pass=27,op=O1_JS_INSERT,accepted=false,recoveryGain=true,qGain=-0.25388211486859685,fe=499099
formalLocal:outer=61,slot=9,pass=27,op=O2_JS_REVERSE,accepted=false,recoveryGain=true,qGain=-0.13847654167467124,fe=499100
formalLocal:outer=61,slot=9,pass=27,op=O3_JS_SWAP,accepted=false,recoveryGain=true,qGain=-0.4227129034365649,fe=499101
formalLocal:outer=61,slot=9,pass=27,op=O4_WA_LOAD_TRANSFER,accepted=false,recoveryGain=true,qGain=-0.10785713250285776,fe=499102
formalLocal:outer=61,slot=9,pass=27,op=O5_WA_WEAK_TO_STRONG,accepted=false,recoveryGain=true,qGain=-0.0472348289793895,fe=499103
formalLocal:outer=61,slot=9,pass=27,op=O6_WA_SWAP,accepted=false,recoveryGain=true,qGain=-0.005088345588524011,fe=499104
formalLocal:outer=61,slot=9,pass=27,op=O7_MA_LOAD_TRANSFER,accepted=false,recoveryGain=true,qGain=-0.18474009360364702,fe=499105
formalLocal:outer=61,slot=9,pass=27,op=O8_MA_WEAK_TO_STRONG,accepted=false,recoveryGain=true,qGain=-0.13418743498652091,fe=499106
formalLocal:outer=61,slot=9,pass=27,op=O9_MA_SWAP,accepted=false,recoveryGain=true,qGain=-7.747743713455329E-4,fe=499107
formalLocal:outer=61,slot=9,pass=28,op=O1_JS_INSERT,accepted=false,recoveryGain=true,qGain=0.0,fe=499108
formalLocal:outer=61,slot=9,pass=28,op=O2_JS_REVERSE,accepted=false,recoveryGain=true,qGain=-0.1312829505394571,fe=499109
formalLocal:outer=61,slot=9,pass=28,op=O3_JS_SWAP,accepted=false,recoveryGain=true,qGain=-0.15426823256481653,fe=499110
formalLocal:outer=61,slot=9,pass=28,op=O4_WA_LOAD_TRANSFER,accepted=false,recoveryGain=true,qGain=-0.10785713250285776,fe=499111
formalLocal:outer=61,slot=9,pass=28,op=O5_WA_WEAK_TO_STRONG,accepted=false,recoveryGain=true,qGain=-0.0472348289793895,fe=499112
formalLocal:outer=61,slot=9,pass=28,op=O6_WA_SWAP,accepted=false,recoveryGain=true,qGain=-0.005088345588524011,fe=499113
formalLocal:outer=61,slot=9,pass=28,op=O7_MA_LOAD_TRANSFER,accepted=false,recoveryGain=true,qGain=-0.18474009360364702,fe=499114
formalLocal:outer=61,slot=9,pass=28,op=O8_MA_WEAK_TO_STRONG,accepted=false,recoveryGain=true,qGain=-0.13418743498652091,fe=499115
formalLocal:outer=61,slot=9,pass=28,op=O9_MA_SWAP,accepted=false,recoveryGain=true,qGain=-7.747743713455329E-4,fe=499116
formalLocal:outer=61,slot=9,pass=29,op=O1_JS_INSERT,accepted=false,recoveryGain=true,qGain=-0.10190276595955274,fe=499117
formalLocal:outer=61,slot=9,pass=29,op=O2_JS_REVERSE,accepted=false,recoveryGain=true,qGain=-0.16580793825279003,fe=499118
formalLocal:outer=61,slot=9,pass=29,op=O3_JS_SWAP,accepted=false,recoveryGain=true,qGain=-0.21981572662558943,fe=499119
formalLocal:outer=61,slot=9,pass=29,op=O4_WA_LOAD_TRANSFER,accepted=false,recoveryGain=true,qGain=-0.10785713250285776,fe=499120
formalLocal:outer=61,slot=9,pass=29,op=O5_WA_WEAK_TO_STRONG,accepted=false,recoveryGain=true,qGain=-0.0472348289793895,fe=499121
formalLocal:outer=61,slot=9,pass=29,op=O6_WA_SWAP,accepted=false,recoveryGain=true,qGain=-0.005088345588524011,fe=499122
formalLocal:outer=61,slot=9,pass=29,op=O7_MA_LOAD_TRANSFER,accepted=false,recoveryGain=true,qGain=-0.18474009360364702,fe=499123
formalLocal:outer=61,slot=9,pass=29,op=O8_MA_WEAK_TO_STRONG,accepted=false,recoveryGain=true,qGain=-0.13418743498652091,fe=499124
formalLocal:outer=61,slot=9,pass=29,op=O9_MA_SWAP,accepted=false,recoveryGain=true,qGain=-7.747743713455329E-4,fe=499125
formalLocal:outer=61,slot=10,op=CRITICAL_FACTORY_SWAP,accepted=true,fe=499126
formalLocal:outer=61,slot=10,op=CRITICAL_FACTORY_INSERT,accepted=false,fe=499127
formalLocal:outer=61,slot=10,pass=0,op=O1_JS_INSERT,accepted=true,recoveryGain=true,qGain=0.043428833701777386,fe=499128
formalLocal:outer=61,slot=10,pass=0,op=O2_JS_REVERSE,accepted=true,recoveryGain=true,qGain=0.04971750593137084,fe=499129
formalLocal:outer=61,slot=10,pass=0,op=O3_JS_SWAP,accepted=false,recoveryGain=true,qGain=-0.13005637200427086,fe=499130
formalLocal:outer=61,slot=10,pass=0,op=O4_WA_LOAD_TRANSFER,accepted=false,recoveryGain=true,qGain=-0.10914870265573631,fe=499131
formalLocal:outer=61,slot=10,pass=0,op=O5_WA_WEAK_TO_STRONG,accepted=true,recoveryGain=true,qGain=0.022977978905319673,fe=499132
formalLocal:outer=61,slot=10,pass=0,op=O6_WA_SWAP,accepted=false,recoveryGain=true,qGain=-0.03635751720556219,fe=499133
formalLocal:outer=61,slot=10,pass=0,op=O7_MA_LOAD_TRANSFER,accepted=false,recoveryGain=true,qGain=-0.026369029412447974,fe=499134
formalLocal:outer=61,slot=10,pass=0,op=O8_MA_WEAK_TO_STRONG,accepted=true,recoveryGain=true,qGain=0.017788150382263015,fe=499135
formalLocal:outer=61,slot=10,pass=0,op=O9_MA_SWAP,accepted=false,recoveryGain=true,qGain=-0.06118948583450851,fe=499136
formalLocal:outer=61,slot=10,pass=1,op=O1_JS_INSERT,accepted=false,recoveryGain=true,qGain=-0.003272298435266696,fe=499137
formalLocal:outer=61,slot=10,pass=1,op=O2_JS_REVERSE,accepted=false,recoveryGain=true,qGain=0.0,fe=499138
formalLocal:outer=61,slot=10,pass=1,op=O3_JS_SWAP,accepted=true,recoveryGain=true,qGain=0.020795285497968753,fe=499139
formalLocal:outer=61,slot=10,pass=1,op=O4_WA_LOAD_TRANSFER,accepted=false,recoveryGain=true,qGain=-0.006156362565256908,fe=499140
formalLocal:outer=61,slot=10,pass=1,op=O5_WA_WEAK_TO_STRONG,accepted=false,recoveryGain=true,qGain=-0.15263056501758407,fe=499141
formalLocal:outer=61,slot=10,pass=1,op=O6_WA_SWAP,accepted=false,recoveryGain=true,qGain=-0.14655056782923095,fe=499142
formalLocal:outer=61,slot=10,pass=1,op=O7_MA_LOAD_TRANSFER,accepted=false,recoveryGain=true,qGain=-0.028345447608743295,fe=499143
formalLocal:outer=61,slot=10,pass=1,op=O8_MA_WEAK_TO_STRONG,accepted=false,recoveryGain=true,qGain=-0.03934500467618143,fe=499144
formalLocal:outer=61,slot=10,pass=1,op=O9_MA_SWAP,accepted=false,recoveryGain=true,qGain=-0.10882907510340714,fe=499145
formalLocal:outer=61,slot=10,pass=2,op=O1_JS_INSERT,accepted=false,recoveryGain=true,qGain=-0.04346681987248393,fe=499146
formalLocal:outer=61,slot=10,pass=2,op=O2_JS_REVERSE,accepted=true,recoveryGain=true,qGain=0.28075251211374047,fe=499147
formalLocal:outer=61,slot=10,pass=2,op=O3_JS_SWAP,accepted=true,recoveryGain=true,qGain=0.21798128936373046,fe=499148
formalLocal:outer=61,slot=10,pass=2,op=O4_WA_LOAD_TRANSFER,accepted=false,recoveryGain=true,qGain=-0.03093067268176992,fe=499149
formalLocal:outer=61,slot=10,pass=2,op=O5_WA_WEAK_TO_STRONG,accepted=false,recoveryGain=true,qGain=-0.2915219344303208,fe=499150
formalLocal:outer=61,slot=10,pass=2,op=O6_WA_SWAP,accepted=false,recoveryGain=true,qGain=-0.0020793924370900874,fe=499151
formalLocal:outer=61,slot=10,pass=2,op=O7_MA_LOAD_TRANSFER,accepted=false,recoveryGain=true,qGain=-0.15319663781618256,fe=499152
formalLocal:outer=61,slot=10,pass=2,op=O8_MA_WEAK_TO_STRONG,accepted=false,recoveryGain=true,qGain=-0.15216604916193416,fe=499153
formalLocal:outer=61,slot=10,pass=2,op=O9_MA_SWAP,accepted=false,recoveryGain=true,qGain=-0.11404045749683828,fe=499154
formalLocal:outer=61,slot=10,pass=3,op=O1_JS_INSERT,accepted=false,recoveryGain=true,qGain=-0.5002551611608278,fe=499155
formalLocal:outer=61,slot=10,pass=3,op=O2_JS_REVERSE,accepted=false,recoveryGain=true,qGain=-0.4163362514037884,fe=499156
formalLocal:outer=61,slot=10,pass=3,op=O3_JS_SWAP,accepted=false,recoveryGain=true,qGain=-0.13085266100298387,fe=499157
formalLocal:outer=61,slot=10,pass=3,op=O4_WA_LOAD_TRANSFER,accepted=false,recoveryGain=true,qGain=-0.03093067268176992,fe=499158
formalLocal:outer=61,slot=10,pass=3,op=O5_WA_WEAK_TO_STRONG,accepted=false,recoveryGain=true,qGain=-0.2915219344303208,fe=499159
formalLocal:outer=61,slot=10,pass=3,op=O6_WA_SWAP,accepted=false,recoveryGain=true,qGain=-0.0020793924370900874,fe=499160
formalLocal:outer=61,slot=10,pass=3,op=O7_MA_LOAD_TRANSFER,accepted=false,recoveryGain=true,qGain=-0.15319663781618256,fe=499161
formalLocal:outer=61,slot=10,pass=3,op=O8_MA_WEAK_TO_STRONG,accepted=false,recoveryGain=true,qGain=-0.15216604916193416,fe=499162
formalLocal:outer=61,slot=10,pass=3,op=O9_MA_SWAP,accepted=false,recoveryGain=true,qGain=-0.11404045749683828,fe=499163
formalLocal:outer=61,slot=10,pass=4,op=O1_JS_INSERT,accepted=false,recoveryGain=true,qGain=-0.11326269632402024,fe=499164
formalLocal:outer=61,slot=10,pass=4,op=O2_JS_REVERSE,accepted=false,recoveryGain=true,qGain=-0.23903275926130013,fe=499165
formalLocal:outer=61,slot=10,pass=4,op=O3_JS_SWAP,accepted=true,recoveryGain=true,qGain=0.12919167304223278,fe=499166
formalLocal:outer=61,slot=10,pass=4,op=O4_WA_LOAD_TRANSFER,accepted=true,recoveryGain=true,qGain=0.08693003510160174,fe=499167
formalLocal:outer=61,slot=10,pass=4,op=O5_WA_WEAK_TO_STRONG,accepted=false,recoveryGain=true,qGain=-0.09520632420679272,fe=499168
formalLocal:outer=61,slot=10,pass=4,op=O6_WA_SWAP,accepted=false,recoveryGain=true,qGain=-0.03286219780069493,fe=499169
formalLocal:outer=61,slot=10,pass=4,op=O7_MA_LOAD_TRANSFER,accepted=false,recoveryGain=true,qGain=-0.08890686040263365,fe=499170
formalLocal:outer=61,slot=10,pass=4,op=O8_MA_WEAK_TO_STRONG,accepted=false,recoveryGain=true,qGain=-0.2967102704630874,fe=499171
formalLocal:outer=61,slot=10,pass=4,op=O9_MA_SWAP,accepted=true,recoveryGain=true,qGain=0.002072507605497693,fe=499172
formalLocal:outer=61,slot=10,pass=5,op=O1_JS_INSERT,accepted=false,recoveryGain=true,qGain=-0.6152469509774011,fe=499173
formalLocal:outer=61,slot=10,pass=5,op=O2_JS_REVERSE,accepted=false,recoveryGain=true,qGain=-0.180675206679953,fe=499174
formalLocal:outer=61,slot=10,pass=5,op=O3_JS_SWAP,accepted=false,recoveryGain=true,qGain=-1.0,fe=499175
formalLocal:outer=61,slot=10,pass=5,op=O4_WA_LOAD_TRANSFER,accepted=false,recoveryGain=true,qGain=-0.7064370869993694,fe=499176
formalLocal:outer=61,slot=10,pass=5,op=O5_WA_WEAK_TO_STRONG,accepted=false,recoveryGain=true,qGain=-0.25372416457200253,fe=499177
formalLocal:outer=61,slot=10,pass=5,op=O6_WA_SWAP,accepted=false,recoveryGain=true,qGain=-0.035140594661772453,fe=499178
formalLocal:outer=61,slot=10,pass=5,op=O7_MA_LOAD_TRANSFER,accepted=false,recoveryGain=true,qGain=-0.02933499239457503,fe=499179
formalLocal:outer=61,slot=10,pass=5,op=O8_MA_WEAK_TO_STRONG,accepted=false,recoveryGain=true,qGain=-0.3085183450490463,fe=499180
formalLocal:outer=61,slot=10,pass=5,op=O9_MA_SWAP,accepted=false,recoveryGain=true,qGain=-0.0020768118137769334,fe=499181
formalLocal:outer=61,slot=10,pass=6,op=O1_JS_INSERT,accepted=false,recoveryGain=true,qGain=-0.504617964430441,fe=499182
formalLocal:outer=61,slot=10,pass=6,op=O2_JS_REVERSE,accepted=false,recoveryGain=true,qGain=-0.2718641224273936,fe=499183
formalLocal:outer=61,slot=10,pass=6,op=O3_JS_SWAP,accepted=false,recoveryGain=true,qGain=0.0,fe=499184
formalLocal:outer=61,slot=10,pass=6,op=O4_WA_LOAD_TRANSFER,accepted=false,recoveryGain=true,qGain=-0.7064370869993694,fe=499185
formalLocal:outer=61,slot=10,pass=6,op=O5_WA_WEAK_TO_STRONG,accepted=false,recoveryGain=true,qGain=-0.25372416457200253,fe=499186
formalLocal:outer=61,slot=10,pass=6,op=O6_WA_SWAP,accepted=false,recoveryGain=true,qGain=-0.035140594661772453,fe=499187
formalLocal:outer=61,slot=10,pass=6,op=O7_MA_LOAD_TRANSFER,accepted=false,recoveryGain=true,qGain=-0.02933499239457503,fe=499188
formalLocal:outer=61,slot=10,pass=6,op=O8_MA_WEAK_TO_STRONG,accepted=false,recoveryGain=true,qGain=-0.3085183450490463,fe=499189
formalLocal:outer=61,slot=10,pass=6,op=O9_MA_SWAP,accepted=false,recoveryGain=true,qGain=-0.0020768118137769334,fe=499190
formalLocal:outer=61,slot=10,pass=7,op=O1_JS_INSERT,accepted=false,recoveryGain=true,qGain=-0.4466638259059335,fe=499191
formalLocal:outer=61,slot=10,pass=7,op=O2_JS_REVERSE,accepted=false,recoveryGain=true,qGain=-0.15945183096862076,fe=499192
formalLocal:outer=61,slot=10,pass=7,op=O3_JS_SWAP,accepted=false,recoveryGain=true,qGain=-0.5874691671577524,fe=499193
formalLocal:outer=61,slot=10,pass=7,op=O4_WA_LOAD_TRANSFER,accepted=false,recoveryGain=true,qGain=-0.7064370869993694,fe=499194
formalLocal:outer=61,slot=10,pass=7,op=O5_WA_WEAK_TO_STRONG,accepted=false,recoveryGain=true,qGain=-0.25372416457200253,fe=499195
formalLocal:outer=61,slot=10,pass=7,op=O6_WA_SWAP,accepted=false,recoveryGain=true,qGain=-0.035140594661772453,fe=499196
formalLocal:outer=61,slot=10,pass=7,op=O7_MA_LOAD_TRANSFER,accepted=false,recoveryGain=true,qGain=-0.02933499239457503,fe=499197
formalLocal:outer=61,slot=10,pass=7,op=O8_MA_WEAK_TO_STRONG,accepted=false,recoveryGain=true,qGain=-0.3085183450490463,fe=499198
formalLocal:outer=61,slot=10,pass=7,op=O9_MA_SWAP,accepted=false,recoveryGain=true,qGain=-0.0020768118137769334,fe=499199
formalLocal:outer=61,slot=10,pass=8,op=O1_JS_INSERT,accepted=false,recoveryGain=true,qGain=-0.44334609788928175,fe=499200
formalLocal:outer=61,slot=10,pass=8,op=O2_JS_REVERSE,accepted=false,recoveryGain=true,qGain=-0.13052895206911708,fe=499201
formalLocal:outer=61,slot=10,pass=8,op=O3_JS_SWAP,accepted=false,recoveryGain=true,qGain=-0.9240692823808447,fe=499202
formalLocal:outer=61,slot=10,pass=8,op=O4_WA_LOAD_TRANSFER,accepted=false,recoveryGain=true,qGain=-0.7064370869993694,fe=499203
formalLocal:outer=61,slot=10,pass=8,op=O5_WA_WEAK_TO_STRONG,accepted=false,recoveryGain=true,qGain=-0.25372416457200253,fe=499204
formalLocal:outer=61,slot=10,pass=8,op=O6_WA_SWAP,accepted=false,recoveryGain=true,qGain=-0.035140594661772453,fe=499205
formalLocal:outer=61,slot=10,pass=8,op=O7_MA_LOAD_TRANSFER,accepted=false,recoveryGain=true,qGain=-0.02933499239457503,fe=499206
formalLocal:outer=61,slot=10,pass=8,op=O8_MA_WEAK_TO_STRONG,accepted=false,recoveryGain=true,qGain=-0.3085183450490463,fe=499207
formalLocal:outer=61,slot=10,pass=8,op=O9_MA_SWAP,accepted=false,recoveryGain=true,qGain=-0.0020768118137769334,fe=499208
formalLocal:outer=61,slot=10,pass=9,op=O1_JS_INSERT,accepted=false,recoveryGain=true,qGain=-0.2982769794251002,fe=499209
formalLocal:outer=61,slot=10,pass=9,op=O2_JS_REVERSE,accepted=false,recoveryGain=true,qGain=-0.45215898687608985,fe=499210
formalLocal:outer=61,slot=10,pass=9,op=O3_JS_SWAP,accepted=false,recoveryGain=true,qGain=-0.500825755894132,fe=499211
formalLocal:outer=61,slot=10,pass=9,op=O4_WA_LOAD_TRANSFER,accepted=false,recoveryGain=true,qGain=-0.7064370869993694,fe=499212
formalLocal:outer=61,slot=10,pass=9,op=O5_WA_WEAK_TO_STRONG,accepted=false,recoveryGain=true,qGain=-0.25372416457200253,fe=499213
formalLocal:outer=61,slot=10,pass=9,op=O6_WA_SWAP,accepted=false,recoveryGain=true,qGain=-0.035140594661772453,fe=499214
formalLocal:outer=61,slot=10,pass=9,op=O7_MA_LOAD_TRANSFER,accepted=false,recoveryGain=true,qGain=-0.02933499239457503,fe=499215
formalLocal:outer=61,slot=10,pass=9,op=O8_MA_WEAK_TO_STRONG,accepted=false,recoveryGain=true,qGain=-0.3085183450490463,fe=499216
formalLocal:outer=61,slot=10,pass=9,op=O9_MA_SWAP,accepted=false,recoveryGain=true,qGain=-0.0020768118137769334,fe=499217
formalLocal:outer=61,slot=10,pass=10,op=O1_JS_INSERT,accepted=false,recoveryGain=true,qGain=-0.05718223767703577,fe=499218
formalLocal:outer=61,slot=10,pass=10,op=O2_JS_REVERSE,accepted=false,recoveryGain=true,qGain=-0.849216345052268,fe=499219
formalLocal:outer=61,slot=10,pass=10,op=O3_JS_SWAP,accepted=false,recoveryGain=true,qGain=-0.6061889134070737,fe=499220
formalLocal:outer=61,slot=10,pass=10,op=O4_WA_LOAD_TRANSFER,accepted=false,recoveryGain=true,qGain=-0.7064370869993694,fe=499221
formalLocal:outer=61,slot=10,pass=10,op=O5_WA_WEAK_TO_STRONG,accepted=false,recoveryGain=true,qGain=-0.25372416457200253,fe=499222
formalLocal:outer=61,slot=10,pass=10,op=O6_WA_SWAP,accepted=false,recoveryGain=true,qGain=-0.035140594661772453,fe=499223
formalLocal:outer=61,slot=10,pass=10,op=O7_MA_LOAD_TRANSFER,accepted=false,recoveryGain=true,qGain=-0.02933499239457503,fe=499224
formalLocal:outer=61,slot=10,pass=10,op=O8_MA_WEAK_TO_STRONG,accepted=false,recoveryGain=true,qGain=-0.3085183450490463,fe=499225
formalLocal:outer=61,slot=10,pass=10,op=O9_MA_SWAP,accepted=false,recoveryGain=true,qGain=-0.0020768118137769334,fe=499226
formalLocal:outer=61,slot=10,pass=11,op=O1_JS_INSERT,accepted=false,recoveryGain=true,qGain=-0.34285352525187657,fe=499227
formalLocal:outer=61,slot=10,pass=11,op=O2_JS_REVERSE,accepted=false,recoveryGain=true,qGain=-0.4518204160302026,fe=499228
formalLocal:outer=61,slot=10,pass=11,op=O3_JS_SWAP,accepted=false,recoveryGain=true,qGain=-0.3610280191118687,fe=499229
formalLocal:outer=61,slot=10,pass=11,op=O4_WA_LOAD_TRANSFER,accepted=false,recoveryGain=true,qGain=-0.7064370869993694,fe=499230
formalLocal:outer=61,slot=10,pass=11,op=O5_WA_WEAK_TO_STRONG,accepted=false,recoveryGain=true,qGain=-0.25372416457200253,fe=499231
formalLocal:outer=61,slot=10,pass=11,op=O6_WA_SWAP,accepted=false,recoveryGain=true,qGain=-0.035140594661772453,fe=499232
formalLocal:outer=61,slot=10,pass=11,op=O7_MA_LOAD_TRANSFER,accepted=false,recoveryGain=true,qGain=-0.02933499239457503,fe=499233
formalLocal:outer=61,slot=10,pass=11,op=O8_MA_WEAK_TO_STRONG,accepted=false,recoveryGain=true,qGain=-0.3085183450490463,fe=499234
formalLocal:outer=61,slot=10,pass=11,op=O9_MA_SWAP,accepted=false,recoveryGain=true,qGain=-0.0020768118137769334,fe=499235
formalLocal:outer=61,slot=10,pass=12,op=O1_JS_INSERT,accepted=false,recoveryGain=true,qGain=-0.16457780681277204,fe=499236
formalLocal:outer=61,slot=10,pass=12,op=O2_JS_REVERSE,accepted=false,recoveryGain=true,qGain=-0.5914420012109165,fe=499237
formalLocal:outer=61,slot=10,pass=12,op=O3_JS_SWAP,accepted=false,recoveryGain=true,qGain=-0.23487841754164604,fe=499238
formalLocal:outer=61,slot=10,pass=12,op=O4_WA_LOAD_TRANSFER,accepted=false,recoveryGain=true,qGain=-0.7064370869993694,fe=499239
formalLocal:outer=61,slot=10,pass=12,op=O5_WA_WEAK_TO_STRONG,accepted=false,recoveryGain=true,qGain=-0.25372416457200253,fe=499240
formalLocal:outer=61,slot=10,pass=12,op=O6_WA_SWAP,accepted=false,recoveryGain=true,qGain=-0.035140594661772453,fe=499241
formalLocal:outer=61,slot=10,pass=12,op=O7_MA_LOAD_TRANSFER,accepted=false,recoveryGain=true,qGain=-0.02933499239457503,fe=499242
formalLocal:outer=61,slot=10,pass=12,op=O8_MA_WEAK_TO_STRONG,accepted=false,recoveryGain=true,qGain=-0.3085183450490463,fe=499243
formalLocal:outer=61,slot=10,pass=12,op=O9_MA_SWAP,accepted=false,recoveryGain=true,qGain=-0.0020768118137769334,fe=499244
formalLocal:outer=61,slot=10,pass=13,op=O1_JS_INSERT,accepted=false,recoveryGain=true,qGain=-0.09035629728581562,fe=499245
formalLocal:outer=61,slot=10,pass=13,op=O2_JS_REVERSE,accepted=false,recoveryGain=true,qGain=-0.03125609472587307,fe=499246
formalLocal:outer=61,slot=10,pass=13,op=O3_JS_SWAP,accepted=false,recoveryGain=true,qGain=0.0,fe=499247
formalLocal:outer=61,slot=10,pass=13,op=O4_WA_LOAD_TRANSFER,accepted=false,recoveryGain=true,qGain=-0.7064370869993694,fe=499248
formalLocal:outer=61,slot=10,pass=13,op=O5_WA_WEAK_TO_STRONG,accepted=false,recoveryGain=true,qGain=-0.25372416457200253,fe=499249
formalLocal:outer=61,slot=10,pass=13,op=O6_WA_SWAP,accepted=false,recoveryGain=true,qGain=-0.035140594661772453,fe=499250
formalLocal:outer=61,slot=10,pass=13,op=O7_MA_LOAD_TRANSFER,accepted=false,recoveryGain=true,qGain=-0.02933499239457503,fe=499251
formalLocal:outer=61,slot=10,pass=13,op=O8_MA_WEAK_TO_STRONG,accepted=false,recoveryGain=true,qGain=-0.3085183450490463,fe=499252
formalLocal:outer=61,slot=10,pass=13,op=O9_MA_SWAP,accepted=false,recoveryGain=true,qGain=-0.0020768118137769334,fe=499253
formalLocal:outer=61,slot=10,pass=14,op=O1_JS_INSERT,accepted=false,recoveryGain=true,qGain=0.0,fe=499254
formalLocal:outer=61,slot=10,pass=14,op=O2_JS_REVERSE,accepted=false,recoveryGain=true,qGain=-0.9893388363483799,fe=499255
formalLocal:outer=61,slot=10,pass=14,op=O3_JS_SWAP,accepted=false,recoveryGain=true,qGain=-0.2981192072778589,fe=499256
formalLocal:outer=61,slot=10,pass=14,op=O4_WA_LOAD_TRANSFER,accepted=false,recoveryGain=true,qGain=-0.7064370869993694,fe=499257
formalLocal:outer=61,slot=10,pass=14,op=O5_WA_WEAK_TO_STRONG,accepted=false,recoveryGain=true,qGain=-0.25372416457200253,fe=499258
formalLocal:outer=61,slot=10,pass=14,op=O6_WA_SWAP,accepted=false,recoveryGain=true,qGain=-0.035140594661772453,fe=499259
formalLocal:outer=61,slot=10,pass=14,op=O7_MA_LOAD_TRANSFER,accepted=false,recoveryGain=true,qGain=-0.02933499239457503,fe=499260
formalLocal:outer=61,slot=10,pass=14,op=O8_MA_WEAK_TO_STRONG,accepted=false,recoveryGain=true,qGain=-0.3085183450490463,fe=499261
formalLocal:outer=61,slot=10,pass=14,op=O9_MA_SWAP,accepted=false,recoveryGain=true,qGain=-0.0020768118137769334,fe=499262
formalLocal:outer=61,slot=10,pass=15,op=O1_JS_INSERT,accepted=false,recoveryGain=true,qGain=-0.111596679930945,fe=499263
formalLocal:outer=61,slot=10,pass=15,op=O2_JS_REVERSE,accepted=false,recoveryGain=true,qGain=0.0,fe=499264
formalLocal:outer=61,slot=10,pass=15,op=O3_JS_SWAP,accepted=false,recoveryGain=true,qGain=-0.4595589191703875,fe=499265
formalLocal:outer=61,slot=10,pass=15,op=O4_WA_LOAD_TRANSFER,accepted=false,recoveryGain=true,qGain=-0.7064370869993694,fe=499266
formalLocal:outer=61,slot=10,pass=15,op=O5_WA_WEAK_TO_STRONG,accepted=false,recoveryGain=true,qGain=-0.25372416457200253,fe=499267
formalLocal:outer=61,slot=10,pass=15,op=O6_WA_SWAP,accepted=false,recoveryGain=true,qGain=-0.035140594661772453,fe=499268
formalLocal:outer=61,slot=10,pass=15,op=O7_MA_LOAD_TRANSFER,accepted=false,recoveryGain=true,qGain=-0.02933499239457503,fe=499269
formalLocal:outer=61,slot=10,pass=15,op=O8_MA_WEAK_TO_STRONG,accepted=false,recoveryGain=true,qGain=-0.3085183450490463,fe=499270
formalLocal:outer=61,slot=10,pass=15,op=O9_MA_SWAP,accepted=false,recoveryGain=true,qGain=-0.0020768118137769334,fe=499271
formalLocal:outer=61,slot=10,pass=16,op=O1_JS_INSERT,accepted=false,recoveryGain=true,qGain=-0.5027890931382669,fe=499272
formalLocal:outer=61,slot=10,pass=16,op=O2_JS_REVERSE,accepted=false,recoveryGain=true,qGain=-0.5266338762702905,fe=499273
formalLocal:outer=61,slot=10,pass=16,op=O3_JS_SWAP,accepted=false,recoveryGain=true,qGain=-0.7684560004659177,fe=499274
formalLocal:outer=61,slot=10,pass=16,op=O4_WA_LOAD_TRANSFER,accepted=false,recoveryGain=true,qGain=-0.7064370869993694,fe=499275
formalLocal:outer=61,slot=10,pass=16,op=O5_WA_WEAK_TO_STRONG,accepted=false,recoveryGain=true,qGain=-0.25372416457200253,fe=499276
formalLocal:outer=61,slot=10,pass=16,op=O6_WA_SWAP,accepted=false,recoveryGain=true,qGain=-0.035140594661772453,fe=499277
formalLocal:outer=61,slot=10,pass=16,op=O7_MA_LOAD_TRANSFER,accepted=false,recoveryGain=true,qGain=-0.02933499239457503,fe=499278
formalLocal:outer=61,slot=10,pass=16,op=O8_MA_WEAK_TO_STRONG,accepted=false,recoveryGain=true,qGain=-0.3085183450490463,fe=499279
formalLocal:outer=61,slot=10,pass=16,op=O9_MA_SWAP,accepted=false,recoveryGain=true,qGain=-0.0020768118137769334,fe=499280
formalLocal:outer=61,slot=10,pass=17,op=O1_JS_INSERT,accepted=false,recoveryGain=true,qGain=-0.4600012907067471,fe=499281
formalLocal:outer=61,slot=10,pass=17,op=O2_JS_REVERSE,accepted=false,recoveryGain=true,qGain=-1.0,fe=499282
formalLocal:outer=61,slot=10,pass=17,op=O3_JS_SWAP,accepted=false,recoveryGain=true,qGain=-0.2966138753959828,fe=499283
formalLocal:outer=61,slot=10,pass=17,op=O4_WA_LOAD_TRANSFER,accepted=false,recoveryGain=true,qGain=-0.7064370869993694,fe=499284
formalLocal:outer=61,slot=10,pass=17,op=O5_WA_WEAK_TO_STRONG,accepted=false,recoveryGain=true,qGain=-0.25372416457200253,fe=499285
formalLocal:outer=61,slot=10,pass=17,op=O6_WA_SWAP,accepted=false,recoveryGain=true,qGain=-0.035140594661772453,fe=499286
formalLocal:outer=61,slot=10,pass=17,op=O7_MA_LOAD_TRANSFER,accepted=false,recoveryGain=true,qGain=-0.02933499239457503,fe=499287
formalLocal:outer=61,slot=10,pass=17,op=O8_MA_WEAK_TO_STRONG,accepted=false,recoveryGain=true,qGain=-0.3085183450490463,fe=499288
formalLocal:outer=61,slot=10,pass=17,op=O9_MA_SWAP,accepted=false,recoveryGain=true,qGain=-0.0020768118137769334,fe=499289
formalLocal:outer=61,slot=10,pass=18,op=O1_JS_INSERT,accepted=false,recoveryGain=true,qGain=-0.4407385319409536,fe=499290
formalLocal:outer=61,slot=10,pass=18,op=O2_JS_REVERSE,accepted=false,recoveryGain=true,qGain=-0.10364706657249544,fe=499291
formalLocal:outer=61,slot=10,pass=18,op=O3_JS_SWAP,accepted=false,recoveryGain=true,qGain=-0.2224578746100739,fe=499292
formalLocal:outer=61,slot=10,pass=18,op=O4_WA_LOAD_TRANSFER,accepted=false,recoveryGain=true,qGain=-0.7064370869993694,fe=499293
formalLocal:outer=61,slot=10,pass=18,op=O5_WA_WEAK_TO_STRONG,accepted=false,recoveryGain=true,qGain=-0.25372416457200253,fe=499294
formalLocal:outer=61,slot=10,pass=18,op=O6_WA_SWAP,accepted=false,recoveryGain=true,qGain=-0.035140594661772453,fe=499295
formalLocal:outer=61,slot=10,pass=18,op=O7_MA_LOAD_TRANSFER,accepted=false,recoveryGain=true,qGain=-0.02933499239457503,fe=499296
formalLocal:outer=61,slot=10,pass=18,op=O8_MA_WEAK_TO_STRONG,accepted=false,recoveryGain=true,qGain=-0.3085183450490463,fe=499297
formalLocal:outer=61,slot=10,pass=18,op=O9_MA_SWAP,accepted=false,recoveryGain=true,qGain=-0.0020768118137769334,fe=499298
formalLocal:outer=61,slot=10,pass=19,op=O1_JS_INSERT,accepted=false,recoveryGain=true,qGain=-0.27794416305475406,fe=499299
formalLocal:outer=61,slot=10,pass=19,op=O2_JS_REVERSE,accepted=false,recoveryGain=true,qGain=-0.07741110669849287,fe=499300
formalLocal:outer=61,slot=10,pass=19,op=O3_JS_SWAP,accepted=false,recoveryGain=true,qGain=-0.3706046431678276,fe=499301
formalLocal:outer=61,slot=10,pass=19,op=O4_WA_LOAD_TRANSFER,accepted=false,recoveryGain=true,qGain=-0.7064370869993694,fe=499302
formalLocal:outer=61,slot=10,pass=19,op=O5_WA_WEAK_TO_STRONG,accepted=false,recoveryGain=true,qGain=-0.25372416457200253,fe=499303
formalLocal:outer=61,slot=10,pass=19,op=O6_WA_SWAP,accepted=false,recoveryGain=true,qGain=-0.035140594661772453,fe=499304
formalLocal:outer=61,slot=10,pass=19,op=O7_MA_LOAD_TRANSFER,accepted=false,recoveryGain=true,qGain=-0.02933499239457503,fe=499305
formalLocal:outer=61,slot=10,pass=19,op=O8_MA_WEAK_TO_STRONG,accepted=false,recoveryGain=true,qGain=-0.3085183450490463,fe=499306
formalLocal:outer=61,slot=10,pass=19,op=O9_MA_SWAP,accepted=false,recoveryGain=true,qGain=-0.0020768118137769334,fe=499307
formalLocal:outer=61,slot=10,pass=20,op=O1_JS_INSERT,accepted=false,recoveryGain=true,qGain=-0.38335178926990626,fe=499308
formalLocal:outer=61,slot=10,pass=20,op=O2_JS_REVERSE,accepted=false,recoveryGain=true,qGain=-0.41289252006529936,fe=499309
formalLocal:outer=61,slot=10,pass=20,op=O3_JS_SWAP,accepted=false,recoveryGain=true,qGain=-0.34672807146052703,fe=499310
formalLocal:outer=61,slot=10,pass=20,op=O4_WA_LOAD_TRANSFER,accepted=false,recoveryGain=true,qGain=-0.7064370869993694,fe=499311
formalLocal:outer=61,slot=10,pass=20,op=O5_WA_WEAK_TO_STRONG,accepted=false,recoveryGain=true,qGain=-0.25372416457200253,fe=499312
formalLocal:outer=61,slot=10,pass=20,op=O6_WA_SWAP,accepted=false,recoveryGain=true,qGain=-0.035140594661772453,fe=499313
formalLocal:outer=61,slot=10,pass=20,op=O7_MA_LOAD_TRANSFER,accepted=false,recoveryGain=true,qGain=-0.02933499239457503,fe=499314
formalLocal:outer=61,slot=10,pass=20,op=O8_MA_WEAK_TO_STRONG,accepted=false,recoveryGain=true,qGain=-0.3085183450490463,fe=499315
formalLocal:outer=61,slot=10,pass=20,op=O9_MA_SWAP,accepted=false,recoveryGain=true,qGain=-0.0020768118137769334,fe=499316
formalLocal:outer=61,slot=10,pass=21,op=O1_JS_INSERT,accepted=false,recoveryGain=true,qGain=-0.6152469509774011,fe=499317
formalLocal:outer=61,slot=10,pass=21,op=O2_JS_REVERSE,accepted=false,recoveryGain=true,qGain=-0.13545156980891576,fe=499318
formalLocal:outer=61,slot=10,pass=21,op=O3_JS_SWAP,accepted=false,recoveryGain=true,qGain=-0.9275110894394708,fe=499319
formalLocal:outer=61,slot=10,pass=21,op=O4_WA_LOAD_TRANSFER,accepted=false,recoveryGain=true,qGain=-0.7064370869993694,fe=499320
formalLocal:outer=61,slot=10,pass=21,op=O5_WA_WEAK_TO_STRONG,accepted=false,recoveryGain=true,qGain=-0.25372416457200253,fe=499321
formalLocal:outer=61,slot=10,pass=21,op=O6_WA_SWAP,accepted=false,recoveryGain=true,qGain=-0.035140594661772453,fe=499322
formalLocal:outer=61,slot=10,pass=21,op=O7_MA_LOAD_TRANSFER,accepted=false,recoveryGain=true,qGain=-0.02933499239457503,fe=499323
formalLocal:outer=61,slot=10,pass=21,op=O8_MA_WEAK_TO_STRONG,accepted=false,recoveryGain=true,qGain=-0.3085183450490463,fe=499324
formalLocal:outer=61,slot=10,pass=21,op=O9_MA_SWAP,accepted=false,recoveryGain=true,qGain=-0.0020768118137769334,fe=499325
formalLocal:outer=61,slot=10,pass=22,op=O1_JS_INSERT,accepted=false,recoveryGain=true,qGain=-0.5585552707415863,fe=499326
formalLocal:outer=61,slot=10,pass=22,op=O2_JS_REVERSE,accepted=false,recoveryGain=true,qGain=-0.2647719318423251,fe=499327
formalLocal:outer=61,slot=10,pass=22,op=O3_JS_SWAP,accepted=false,recoveryGain=true,qGain=-1.0,fe=499328
formalLocal:outer=61,slot=10,pass=22,op=O4_WA_LOAD_TRANSFER,accepted=false,recoveryGain=true,qGain=-0.7064370869993694,fe=499329
formalLocal:outer=61,slot=10,pass=22,op=O5_WA_WEAK_TO_STRONG,accepted=false,recoveryGain=true,qGain=-0.25372416457200253,fe=499330
formalLocal:outer=61,slot=10,pass=22,op=O6_WA_SWAP,accepted=false,recoveryGain=true,qGain=-0.035140594661772453,fe=499331
formalLocal:outer=61,slot=10,pass=22,op=O7_MA_LOAD_TRANSFER,accepted=false,recoveryGain=true,qGain=-0.02933499239457503,fe=499332
formalLocal:outer=61,slot=10,pass=22,op=O8_MA_WEAK_TO_STRONG,accepted=false,recoveryGain=true,qGain=-0.3085183450490463,fe=499333
formalLocal:outer=61,slot=10,pass=22,op=O9_MA_SWAP,accepted=false,recoveryGain=true,qGain=-0.0020768118137769334,fe=499334
formalLocal:outer=61,slot=10,pass=23,op=O1_JS_INSERT,accepted=false,recoveryGain=true,qGain=-0.16770558428936289,fe=499335
formalLocal:outer=61,slot=10,pass=23,op=O2_JS_REVERSE,accepted=false,recoveryGain=true,qGain=-0.1168374004165951,fe=499336
formalLocal:outer=61,slot=10,pass=23,op=O3_JS_SWAP,accepted=false,recoveryGain=true,qGain=-0.8724266531608578,fe=499337
formalLocal:outer=61,slot=10,pass=23,op=O4_WA_LOAD_TRANSFER,accepted=false,recoveryGain=true,qGain=-0.7064370869993694,fe=499338
formalLocal:outer=61,slot=10,pass=23,op=O5_WA_WEAK_TO_STRONG,accepted=false,recoveryGain=true,qGain=-0.25372416457200253,fe=499339
formalLocal:outer=61,slot=10,pass=23,op=O6_WA_SWAP,accepted=false,recoveryGain=true,qGain=-0.035140594661772453,fe=499340
formalLocal:outer=61,slot=10,pass=23,op=O7_MA_LOAD_TRANSFER,accepted=false,recoveryGain=true,qGain=-0.02933499239457503,fe=499341
formalLocal:outer=61,slot=10,pass=23,op=O8_MA_WEAK_TO_STRONG,accepted=false,recoveryGain=true,qGain=-0.3085183450490463,fe=499342
formalLocal:outer=61,slot=10,pass=23,op=O9_MA_SWAP,accepted=false,recoveryGain=true,qGain=-0.0020768118137769334,fe=499343
formalLocal:outer=61,slot=10,pass=24,op=O1_JS_INSERT,accepted=false,recoveryGain=true,qGain=-0.41423744154459125,fe=499344
formalLocal:outer=61,slot=10,pass=24,op=O2_JS_REVERSE,accepted=false,recoveryGain=true,qGain=-0.40836829184526774,fe=499345
formalLocal:outer=61,slot=10,pass=24,op=O3_JS_SWAP,accepted=false,recoveryGain=true,qGain=-1.0,fe=499346
formalLocal:outer=61,slot=10,pass=24,op=O4_WA_LOAD_TRANSFER,accepted=false,recoveryGain=true,qGain=-0.7064370869993694,fe=499347
formalLocal:outer=61,slot=10,pass=24,op=O5_WA_WEAK_TO_STRONG,accepted=false,recoveryGain=true,qGain=-0.25372416457200253,fe=499348
formalLocal:outer=61,slot=10,pass=24,op=O6_WA_SWAP,accepted=false,recoveryGain=true,qGain=-0.035140594661772453,fe=499349
formalLocal:outer=61,slot=10,pass=24,op=O7_MA_LOAD_TRANSFER,accepted=false,recoveryGain=true,qGain=-0.02933499239457503,fe=499350
formalLocal:outer=61,slot=10,pass=24,op=O8_MA_WEAK_TO_STRONG,accepted=false,recoveryGain=true,qGain=-0.3085183450490463,fe=499351
formalLocal:outer=61,slot=10,pass=24,op=O9_MA_SWAP,accepted=false,recoveryGain=true,qGain=-0.0020768118137769334,fe=499352
formalLocal:outer=61,slot=10,pass=25,op=O1_JS_INSERT,accepted=false,recoveryGain=true,qGain=-0.39886839075285424,fe=499353
formalLocal:outer=61,slot=10,pass=25,op=O2_JS_REVERSE,accepted=false,recoveryGain=true,qGain=-0.19396522233869867,fe=499354
formalLocal:outer=61,slot=10,pass=25,op=O3_JS_SWAP,accepted=false,recoveryGain=true,qGain=-0.4131285435573847,fe=499355
formalLocal:outer=61,slot=10,pass=25,op=O4_WA_LOAD_TRANSFER,accepted=false,recoveryGain=true,qGain=-0.7064370869993694,fe=499356
formalLocal:outer=61,slot=10,pass=25,op=O5_WA_WEAK_TO_STRONG,accepted=false,recoveryGain=true,qGain=-0.25372416457200253,fe=499357
formalLocal:outer=61,slot=10,pass=25,op=O6_WA_SWAP,accepted=false,recoveryGain=true,qGain=-0.035140594661772453,fe=499358
formalLocal:outer=61,slot=10,pass=25,op=O7_MA_LOAD_TRANSFER,accepted=false,recoveryGain=true,qGain=-0.02933499239457503,fe=499359
formalLocal:outer=61,slot=10,pass=25,op=O8_MA_WEAK_TO_STRONG,accepted=false,recoveryGain=true,qGain=-0.3085183450490463,fe=499360
formalLocal:outer=61,slot=10,pass=25,op=O9_MA_SWAP,accepted=false,recoveryGain=true,qGain=-0.0020768118137769334,fe=499361
formalLocal:outer=61,slot=10,pass=26,op=O1_JS_INSERT,accepted=false,recoveryGain=true,qGain=-0.19144035650241786,fe=499362
formalLocal:outer=61,slot=10,pass=26,op=O2_JS_REVERSE,accepted=false,recoveryGain=true,qGain=-0.1603730990470254,fe=499363
formalLocal:outer=61,slot=10,pass=26,op=O3_JS_SWAP,accepted=false,recoveryGain=true,qGain=-0.42835474346182334,fe=499364
formalLocal:outer=61,slot=10,pass=26,op=O4_WA_LOAD_TRANSFER,accepted=false,recoveryGain=true,qGain=-0.7064370869993694,fe=499365
formalLocal:outer=61,slot=10,pass=26,op=O5_WA_WEAK_TO_STRONG,accepted=false,recoveryGain=true,qGain=-0.25372416457200253,fe=499366
formalLocal:outer=61,slot=10,pass=26,op=O6_WA_SWAP,accepted=false,recoveryGain=true,qGain=-0.035140594661772453,fe=499367
formalLocal:outer=61,slot=10,pass=26,op=O7_MA_LOAD_TRANSFER,accepted=false,recoveryGain=true,qGain=-0.02933499239457503,fe=499368
formalLocal:outer=61,slot=10,pass=26,op=O8_MA_WEAK_TO_STRONG,accepted=false,recoveryGain=true,qGain=-0.3085183450490463,fe=499369
formalLocal:outer=61,slot=10,pass=26,op=O9_MA_SWAP,accepted=false,recoveryGain=true,qGain=-0.0020768118137769334,fe=499370
formalLocal:outer=61,slot=10,pass=27,op=O1_JS_INSERT,accepted=false,recoveryGain=true,qGain=-0.5851286040768368,fe=499371
formalLocal:outer=61,slot=10,pass=27,op=O2_JS_REVERSE,accepted=false,recoveryGain=true,qGain=-0.8529444948457324,fe=499372
formalLocal:outer=61,slot=10,pass=27,op=O3_JS_SWAP,accepted=false,recoveryGain=true,qGain=-0.8817578348391573,fe=499373
formalLocal:outer=61,slot=10,pass=27,op=O4_WA_LOAD_TRANSFER,accepted=false,recoveryGain=true,qGain=-0.7064370869993694,fe=499374
formalLocal:outer=61,slot=10,pass=27,op=O5_WA_WEAK_TO_STRONG,accepted=false,recoveryGain=true,qGain=-0.25372416457200253,fe=499375
formalLocal:outer=61,slot=10,pass=27,op=O6_WA_SWAP,accepted=false,recoveryGain=true,qGain=-0.035140594661772453,fe=499376
formalLocal:outer=61,slot=10,pass=27,op=O7_MA_LOAD_TRANSFER,accepted=false,recoveryGain=true,qGain=-0.02933499239457503,fe=499377
formalLocal:outer=61,slot=10,pass=27,op=O8_MA_WEAK_TO_STRONG,accepted=false,recoveryGain=true,qGain=-0.3085183450490463,fe=499378
formalLocal:outer=61,slot=10,pass=27,op=O9_MA_SWAP,accepted=false,recoveryGain=true,qGain=-0.0020768118137769334,fe=499379
formalLocal:outer=61,slot=10,pass=28,op=O1_JS_INSERT,accepted=false,recoveryGain=true,qGain=-0.5043516068997513,fe=499380
formalLocal:outer=61,slot=10,pass=28,op=O2_JS_REVERSE,accepted=false,recoveryGain=true,qGain=-0.16173146231023566,fe=499381
formalLocal:outer=61,slot=10,pass=28,op=O3_JS_SWAP,accepted=false,recoveryGain=true,qGain=-0.6461117551742033,fe=499382
formalLocal:outer=61,slot=10,pass=28,op=O4_WA_LOAD_TRANSFER,accepted=false,recoveryGain=true,qGain=-0.7064370869993694,fe=499383
formalLocal:outer=61,slot=10,pass=28,op=O5_WA_WEAK_TO_STRONG,accepted=false,recoveryGain=true,qGain=-0.25372416457200253,fe=499384
formalLocal:outer=61,slot=10,pass=28,op=O6_WA_SWAP,accepted=false,recoveryGain=true,qGain=-0.035140594661772453,fe=499385
formalLocal:outer=61,slot=10,pass=28,op=O7_MA_LOAD_TRANSFER,accepted=false,recoveryGain=true,qGain=-0.02933499239457503,fe=499386
formalLocal:outer=61,slot=10,pass=28,op=O8_MA_WEAK_TO_STRONG,accepted=false,recoveryGain=true,qGain=-0.3085183450490463,fe=499387
formalLocal:outer=61,slot=10,pass=28,op=O9_MA_SWAP,accepted=false,recoveryGain=true,qGain=-0.0020768118137769334,fe=499388
formalLocal:outer=61,slot=10,pass=29,op=O1_JS_INSERT,accepted=false,recoveryGain=true,qGain=-0.27794416305475406,fe=499389
formalLocal:outer=61,slot=10,pass=29,op=O2_JS_REVERSE,accepted=false,recoveryGain=true,qGain=-0.604185776306519,fe=499390
formalLocal:outer=61,slot=10,pass=29,op=O3_JS_SWAP,accepted=false,recoveryGain=true,qGain=-1.0,fe=499391
formalLocal:outer=61,slot=10,pass=29,op=O4_WA_LOAD_TRANSFER,accepted=false,recoveryGain=true,qGain=-0.7064370869993694,fe=499392
formalLocal:outer=61,slot=10,pass=29,op=O5_WA_WEAK_TO_STRONG,accepted=false,recoveryGain=true,qGain=-0.25372416457200253,fe=499393
formalLocal:outer=61,slot=10,pass=29,op=O6_WA_SWAP,accepted=false,recoveryGain=true,qGain=-0.035140594661772453,fe=499394
formalLocal:outer=61,slot=10,pass=29,op=O7_MA_LOAD_TRANSFER,accepted=false,recoveryGain=true,qGain=-0.02933499239457503,fe=499395
formalLocal:outer=61,slot=10,pass=29,op=O8_MA_WEAK_TO_STRONG,accepted=false,recoveryGain=true,qGain=-0.3085183450490463,fe=499396
formalLocal:outer=61,slot=10,pass=29,op=O9_MA_SWAP,accepted=false,recoveryGain=true,qGain=-0.0020768118137769334,fe=499397
formalLocal:outer=61,slot=11,op=CRITICAL_FACTORY_SWAP,accepted=true,fe=499398
formalLocal:outer=61,slot=11,op=CRITICAL_FACTORY_INSERT,accepted=true,fe=499399
formalLocal:outer=61,slot=11,pass=0,op=O1_JS_INSERT,accepted=false,recoveryGain=true,qGain=-0.03925458943899245,fe=499400
formalLocal:outer=61,slot=11,pass=0,op=O2_JS_REVERSE,accepted=true,recoveryGain=true,qGain=0.02916755637856027,fe=499401
formalLocal:outer=61,slot=11,pass=0,op=O3_JS_SWAP,accepted=false,recoveryGain=true,qGain=-0.1256644970815183,fe=499402
formalLocal:outer=61,slot=11,pass=0,op=O4_WA_LOAD_TRANSFER,accepted=true,recoveryGain=true,qGain=0.03937813038207248,fe=499403
formalLocal:outer=61,slot=11,pass=0,op=O5_WA_WEAK_TO_STRONG,accepted=true,recoveryGain=true,qGain=0.051509985282417355,fe=499404
formalLocal:outer=61,slot=11,pass=0,op=O6_WA_SWAP,accepted=true,recoveryGain=true,qGain=0.013742934843709783,fe=499405
formalLocal:outer=61,slot=11,pass=0,op=O7_MA_LOAD_TRANSFER,accepted=false,recoveryGain=true,qGain=0.0,fe=499406
formalLocal:outer=61,slot=11,pass=0,op=O8_MA_WEAK_TO_STRONG,accepted=false,recoveryGain=true,qGain=-0.06905323157808045,fe=499407
formalLocal:outer=61,slot=11,pass=0,op=O9_MA_SWAP,accepted=false,recoveryGain=true,qGain=-0.013075217956354801,fe=499408
formalLocal:outer=61,slot=11,pass=1,op=O1_JS_INSERT,accepted=false,recoveryGain=true,qGain=-0.10630103135759496,fe=499409
formalLocal:outer=61,slot=11,pass=1,op=O2_JS_REVERSE,accepted=false,recoveryGain=true,qGain=-0.07682805603591324,fe=499410
formalLocal:outer=61,slot=11,pass=1,op=O3_JS_SWAP,accepted=false,recoveryGain=true,qGain=-0.10416655486779741,fe=499411
formalLocal:outer=61,slot=11,pass=1,op=O4_WA_LOAD_TRANSFER,accepted=false,recoveryGain=true,qGain=-0.06899853360730902,fe=499412
formalLocal:outer=61,slot=11,pass=1,op=O5_WA_WEAK_TO_STRONG,accepted=false,recoveryGain=true,qGain=-0.12198929249262432,fe=499413
formalLocal:outer=61,slot=11,pass=1,op=O6_WA_SWAP,accepted=false,recoveryGain=true,qGain=-0.013934434874270804,fe=499414
formalLocal:outer=61,slot=11,pass=1,op=O7_MA_LOAD_TRANSFER,accepted=false,recoveryGain=true,qGain=0.0,fe=499415
formalLocal:outer=61,slot=11,pass=1,op=O8_MA_WEAK_TO_STRONG,accepted=false,recoveryGain=true,qGain=-0.06905323157808045,fe=499416
formalLocal:outer=61,slot=11,pass=1,op=O9_MA_SWAP,accepted=false,recoveryGain=true,qGain=-0.013075217956354801,fe=499417
formalLocal:outer=61,slot=11,pass=2,op=O1_JS_INSERT,accepted=false,recoveryGain=true,qGain=-0.050843181588435926,fe=499418
formalLocal:outer=61,slot=11,pass=2,op=O2_JS_REVERSE,accepted=false,recoveryGain=true,qGain=-0.3211720974047842,fe=499419
formalLocal:outer=61,slot=11,pass=2,op=O3_JS_SWAP,accepted=false,recoveryGain=true,qGain=-0.1554906948623928,fe=499420
formalLocal:outer=61,slot=11,pass=2,op=O4_WA_LOAD_TRANSFER,accepted=false,recoveryGain=true,qGain=-0.06899853360730902,fe=499421
formalLocal:outer=61,slot=11,pass=2,op=O5_WA_WEAK_TO_STRONG,accepted=false,recoveryGain=true,qGain=-0.12198929249262432,fe=499422
formalLocal:outer=61,slot=11,pass=2,op=O6_WA_SWAP,accepted=false,recoveryGain=true,qGain=-0.013934434874270804,fe=499423
formalLocal:outer=61,slot=11,pass=2,op=O7_MA_LOAD_TRANSFER,accepted=false,recoveryGain=true,qGain=0.0,fe=499424
formalLocal:outer=61,slot=11,pass=2,op=O8_MA_WEAK_TO_STRONG,accepted=false,recoveryGain=true,qGain=-0.06905323157808045,fe=499425
formalLocal:outer=61,slot=11,pass=2,op=O9_MA_SWAP,accepted=false,recoveryGain=true,qGain=-0.013075217956354801,fe=499426
formalLocal:outer=61,slot=11,pass=3,op=O1_JS_INSERT,accepted=false,recoveryGain=true,qGain=-0.16674193599072587,fe=499427
formalLocal:outer=61,slot=11,pass=3,op=O2_JS_REVERSE,accepted=false,recoveryGain=true,qGain=-0.017625240128463778,fe=499428
formalLocal:outer=61,slot=11,pass=3,op=O3_JS_SWAP,accepted=false,recoveryGain=true,qGain=-0.05476641453470475,fe=499429
formalLocal:outer=61,slot=11,pass=3,op=O4_WA_LOAD_TRANSFER,accepted=false,recoveryGain=true,qGain=-0.06899853360730902,fe=499430
formalLocal:outer=61,slot=11,pass=3,op=O5_WA_WEAK_TO_STRONG,accepted=false,recoveryGain=true,qGain=-0.12198929249262432,fe=499431
formalLocal:outer=61,slot=11,pass=3,op=O6_WA_SWAP,accepted=false,recoveryGain=true,qGain=-0.013934434874270804,fe=499432
formalLocal:outer=61,slot=11,pass=3,op=O7_MA_LOAD_TRANSFER,accepted=false,recoveryGain=true,qGain=0.0,fe=499433
formalLocal:outer=61,slot=11,pass=3,op=O8_MA_WEAK_TO_STRONG,accepted=false,recoveryGain=true,qGain=-0.06905323157808045,fe=499434
formalLocal:outer=61,slot=11,pass=3,op=O9_MA_SWAP,accepted=false,recoveryGain=true,qGain=-0.013075217956354801,fe=499435
formalLocal:outer=61,slot=11,pass=4,op=O1_JS_INSERT,accepted=false,recoveryGain=true,qGain=-0.09557041007357411,fe=499436
formalLocal:outer=61,slot=11,pass=4,op=O2_JS_REVERSE,accepted=false,recoveryGain=true,qGain=-0.20986451232268716,fe=499437
formalLocal:outer=61,slot=11,pass=4,op=O3_JS_SWAP,accepted=false,recoveryGain=true,qGain=-0.16995117645874214,fe=499438
formalLocal:outer=61,slot=11,pass=4,op=O4_WA_LOAD_TRANSFER,accepted=false,recoveryGain=true,qGain=-0.06899853360730902,fe=499439
formalLocal:outer=61,slot=11,pass=4,op=O5_WA_WEAK_TO_STRONG,accepted=false,recoveryGain=true,qGain=-0.12198929249262432,fe=499440
formalLocal:outer=61,slot=11,pass=4,op=O6_WA_SWAP,accepted=false,recoveryGain=true,qGain=-0.013934434874270804,fe=499441
formalLocal:outer=61,slot=11,pass=4,op=O7_MA_LOAD_TRANSFER,accepted=false,recoveryGain=true,qGain=0.0,fe=499442
formalLocal:outer=61,slot=11,pass=4,op=O8_MA_WEAK_TO_STRONG,accepted=false,recoveryGain=true,qGain=-0.06905323157808045,fe=499443
formalLocal:outer=61,slot=11,pass=4,op=O9_MA_SWAP,accepted=false,recoveryGain=true,qGain=-0.013075217956354801,fe=499444
formalLocal:outer=61,slot=11,pass=5,op=O1_JS_INSERT,accepted=false,recoveryGain=true,qGain=-0.045583420090552974,fe=499445
formalLocal:outer=61,slot=11,pass=5,op=O2_JS_REVERSE,accepted=false,recoveryGain=true,qGain=-0.015010691670031325,fe=499446
formalLocal:outer=61,slot=11,pass=5,op=O3_JS_SWAP,accepted=false,recoveryGain=true,qGain=-0.14593663445497895,fe=499447
formalLocal:outer=61,slot=11,pass=5,op=O4_WA_LOAD_TRANSFER,accepted=false,recoveryGain=true,qGain=-0.06899853360730902,fe=499448
formalLocal:outer=61,slot=11,pass=5,op=O5_WA_WEAK_TO_STRONG,accepted=false,recoveryGain=true,qGain=-0.12198929249262432,fe=499449
formalLocal:outer=61,slot=11,pass=5,op=O6_WA_SWAP,accepted=false,recoveryGain=true,qGain=-0.013934434874270804,fe=499450
formalLocal:outer=61,slot=11,pass=5,op=O7_MA_LOAD_TRANSFER,accepted=false,recoveryGain=true,qGain=0.0,fe=499451
formalLocal:outer=61,slot=11,pass=5,op=O8_MA_WEAK_TO_STRONG,accepted=false,recoveryGain=true,qGain=-0.06905323157808045,fe=499452
formalLocal:outer=61,slot=11,pass=5,op=O9_MA_SWAP,accepted=false,recoveryGain=true,qGain=-0.013075217956354801,fe=499453
formalLocal:outer=61,slot=11,pass=6,op=O1_JS_INSERT,accepted=false,recoveryGain=true,qGain=-0.23725561825191707,fe=499454
formalLocal:outer=61,slot=11,pass=6,op=O2_JS_REVERSE,accepted=false,recoveryGain=true,qGain=-0.2351535971258993,fe=499455
formalLocal:outer=61,slot=11,pass=6,op=O3_JS_SWAP,accepted=false,recoveryGain=true,qGain=-0.07410634159885765,fe=499456
formalLocal:outer=61,slot=11,pass=6,op=O4_WA_LOAD_TRANSFER,accepted=false,recoveryGain=true,qGain=-0.06899853360730902,fe=499457
formalLocal:outer=61,slot=11,pass=6,op=O5_WA_WEAK_TO_STRONG,accepted=false,recoveryGain=true,qGain=-0.12198929249262432,fe=499458
formalLocal:outer=61,slot=11,pass=6,op=O6_WA_SWAP,accepted=false,recoveryGain=true,qGain=-0.013934434874270804,fe=499459
formalLocal:outer=61,slot=11,pass=6,op=O7_MA_LOAD_TRANSFER,accepted=false,recoveryGain=true,qGain=0.0,fe=499460
formalLocal:outer=61,slot=11,pass=6,op=O8_MA_WEAK_TO_STRONG,accepted=false,recoveryGain=true,qGain=-0.06905323157808045,fe=499461
formalLocal:outer=61,slot=11,pass=6,op=O9_MA_SWAP,accepted=false,recoveryGain=true,qGain=-0.013075217956354801,fe=499462
formalLocal:outer=61,slot=11,pass=7,op=O1_JS_INSERT,accepted=false,recoveryGain=true,qGain=-0.14861041682555773,fe=499463
formalLocal:outer=61,slot=11,pass=7,op=O2_JS_REVERSE,accepted=false,recoveryGain=true,qGain=-0.07351901031409798,fe=499464
formalLocal:outer=61,slot=11,pass=7,op=O3_JS_SWAP,accepted=false,recoveryGain=true,qGain=0.0,fe=499465
formalLocal:outer=61,slot=11,pass=7,op=O4_WA_LOAD_TRANSFER,accepted=false,recoveryGain=true,qGain=-0.06899853360730902,fe=499466
formalLocal:outer=61,slot=11,pass=7,op=O5_WA_WEAK_TO_STRONG,accepted=false,recoveryGain=true,qGain=-0.12198929249262432,fe=499467
formalLocal:outer=61,slot=11,pass=7,op=O6_WA_SWAP,accepted=false,recoveryGain=true,qGain=-0.013934434874270804,fe=499468
formalLocal:outer=61,slot=11,pass=7,op=O7_MA_LOAD_TRANSFER,accepted=false,recoveryGain=true,qGain=0.0,fe=499469
formalLocal:outer=61,slot=11,pass=7,op=O8_MA_WEAK_TO_STRONG,accepted=false,recoveryGain=true,qGain=-0.06905323157808045,fe=499470
formalLocal:outer=61,slot=11,pass=7,op=O9_MA_SWAP,accepted=false,recoveryGain=true,qGain=-0.013075217956354801,fe=499471
formalLocal:outer=61,slot=11,pass=8,op=O1_JS_INSERT,accepted=false,recoveryGain=true,qGain=-0.08264604128182168,fe=499472
formalLocal:outer=61,slot=11,pass=8,op=O2_JS_REVERSE,accepted=false,recoveryGain=true,qGain=-0.07278738707311666,fe=499473
formalLocal:outer=61,slot=11,pass=8,op=O3_JS_SWAP,accepted=false,recoveryGain=true,qGain=-0.0582650150853854,fe=499474
formalLocal:outer=61,slot=11,pass=8,op=O4_WA_LOAD_TRANSFER,accepted=false,recoveryGain=true,qGain=-0.06899853360730902,fe=499475
formalLocal:outer=61,slot=11,pass=8,op=O5_WA_WEAK_TO_STRONG,accepted=false,recoveryGain=true,qGain=-0.12198929249262432,fe=499476
formalLocal:outer=61,slot=11,pass=8,op=O6_WA_SWAP,accepted=false,recoveryGain=true,qGain=-0.013934434874270804,fe=499477
formalLocal:outer=61,slot=11,pass=8,op=O7_MA_LOAD_TRANSFER,accepted=false,recoveryGain=true,qGain=0.0,fe=499478
formalLocal:outer=61,slot=11,pass=8,op=O8_MA_WEAK_TO_STRONG,accepted=false,recoveryGain=true,qGain=-0.06905323157808045,fe=499479
formalLocal:outer=61,slot=11,pass=8,op=O9_MA_SWAP,accepted=false,recoveryGain=true,qGain=-0.013075217956354801,fe=499480
formalLocal:outer=61,slot=11,pass=9,op=O1_JS_INSERT,accepted=false,recoveryGain=true,qGain=-0.00866070814924385,fe=499481
formalLocal:outer=61,slot=11,pass=9,op=O2_JS_REVERSE,accepted=false,recoveryGain=true,qGain=-0.25215813767605627,fe=499482
formalLocal:outer=61,slot=11,pass=9,op=O3_JS_SWAP,accepted=true,recoveryGain=true,qGain=0.007284060071082616,fe=499483
formalLocal:outer=61,slot=11,pass=9,op=O4_WA_LOAD_TRANSFER,accepted=false,recoveryGain=true,qGain=-0.11097674013845883,fe=499484
formalLocal:outer=61,slot=11,pass=9,op=O5_WA_WEAK_TO_STRONG,accepted=false,recoveryGain=true,qGain=-0.08816670328041844,fe=499485
formalLocal:outer=61,slot=11,pass=9,op=O6_WA_SWAP,accepted=false,recoveryGain=true,qGain=-0.014037134527274115,fe=499486
formalLocal:outer=61,slot=11,pass=9,op=O7_MA_LOAD_TRANSFER,accepted=false,recoveryGain=true,qGain=-3.0592592002622337E-6,fe=499487
formalLocal:outer=61,slot=11,pass=9,op=O8_MA_WEAK_TO_STRONG,accepted=false,recoveryGain=true,qGain=-0.11518633500296505,fe=499488
formalLocal:outer=61,slot=11,pass=9,op=O9_MA_SWAP,accepted=false,recoveryGain=true,qGain=-0.013171613099283164,fe=499489
formalLocal:outer=61,slot=11,pass=10,op=O1_JS_INSERT,accepted=false,recoveryGain=true,qGain=-0.14974305023976311,fe=499490
formalLocal:outer=61,slot=11,pass=10,op=O2_JS_REVERSE,accepted=false,recoveryGain=true,qGain=-0.12826989478968617,fe=499491
formalLocal:outer=61,slot=11,pass=10,op=O3_JS_SWAP,accepted=false,recoveryGain=true,qGain=-0.10283243612158126,fe=499492
formalLocal:outer=61,slot=11,pass=10,op=O4_WA_LOAD_TRANSFER,accepted=false,recoveryGain=true,qGain=-0.11097674013845883,fe=499493
formalLocal:outer=61,slot=11,pass=10,op=O5_WA_WEAK_TO_STRONG,accepted=false,recoveryGain=true,qGain=-0.08816670328041844,fe=499494
formalLocal:outer=61,slot=11,pass=10,op=O6_WA_SWAP,accepted=false,recoveryGain=true,qGain=-0.014037134527274115,fe=499495
formalLocal:outer=61,slot=11,pass=10,op=O7_MA_LOAD_TRANSFER,accepted=false,recoveryGain=true,qGain=-3.0592592002622337E-6,fe=499496
formalLocal:outer=61,slot=11,pass=10,op=O8_MA_WEAK_TO_STRONG,accepted=false,recoveryGain=true,qGain=-0.11518633500296505,fe=499497
formalLocal:outer=61,slot=11,pass=10,op=O9_MA_SWAP,accepted=false,recoveryGain=true,qGain=-0.013171613099283164,fe=499498
formalLocal:outer=61,slot=11,pass=11,op=O1_JS_INSERT,accepted=false,recoveryGain=true,qGain=-0.04413552093445887,fe=499499
formalLocal:outer=61,slot=11,pass=11,op=O2_JS_REVERSE,accepted=false,recoveryGain=true,qGain=-0.08593812652619973,fe=499500
formalLocal:outer=61,slot=11,pass=11,op=O3_JS_SWAP,accepted=false,recoveryGain=true,qGain=-0.05389103389905368,fe=499501
formalLocal:outer=61,slot=11,pass=11,op=O4_WA_LOAD_TRANSFER,accepted=false,recoveryGain=true,qGain=-0.11097674013845883,fe=499502
formalLocal:outer=61,slot=11,pass=11,op=O5_WA_WEAK_TO_STRONG,accepted=false,recoveryGain=true,qGain=-0.08816670328041844,fe=499503
formalLocal:outer=61,slot=11,pass=11,op=O6_WA_SWAP,accepted=false,recoveryGain=true,qGain=-0.014037134527274115,fe=499504
formalLocal:outer=61,slot=11,pass=11,op=O7_MA_LOAD_TRANSFER,accepted=false,recoveryGain=true,qGain=-3.0592592002622337E-6,fe=499505
formalLocal:outer=61,slot=11,pass=11,op=O8_MA_WEAK_TO_STRONG,accepted=false,recoveryGain=true,qGain=-0.11518633500296505,fe=499506
formalLocal:outer=61,slot=11,pass=11,op=O9_MA_SWAP,accepted=false,recoveryGain=true,qGain=-0.013171613099283164,fe=499507
formalLocal:outer=61,slot=11,pass=12,op=O1_JS_INSERT,accepted=false,recoveryGain=true,qGain=-0.1291206468282637,fe=499508
formalLocal:outer=61,slot=11,pass=12,op=O2_JS_REVERSE,accepted=false,recoveryGain=true,qGain=-0.07468556003928611,fe=499509
formalLocal:outer=61,slot=11,pass=12,op=O3_JS_SWAP,accepted=false,recoveryGain=true,qGain=-0.07279859436126572,fe=499510
formalLocal:outer=61,slot=11,pass=12,op=O4_WA_LOAD_TRANSFER,accepted=false,recoveryGain=true,qGain=-0.11097674013845883,fe=499511
formalLocal:outer=61,slot=11,pass=12,op=O5_WA_WEAK_TO_STRONG,accepted=false,recoveryGain=true,qGain=-0.08816670328041844,fe=499512
formalLocal:outer=61,slot=11,pass=12,op=O6_WA_SWAP,accepted=false,recoveryGain=true,qGain=-0.014037134527274115,fe=499513
formalLocal:outer=61,slot=11,pass=12,op=O7_MA_LOAD_TRANSFER,accepted=false,recoveryGain=true,qGain=-3.0592592002622337E-6,fe=499514
formalLocal:outer=61,slot=11,pass=12,op=O8_MA_WEAK_TO_STRONG,accepted=false,recoveryGain=true,qGain=-0.11518633500296505,fe=499515
formalLocal:outer=61,slot=11,pass=12,op=O9_MA_SWAP,accepted=false,recoveryGain=true,qGain=-0.013171613099283164,fe=499516
formalLocal:outer=61,slot=11,pass=13,op=O1_JS_INSERT,accepted=false,recoveryGain=true,qGain=-0.16177454567665908,fe=499517
formalLocal:outer=61,slot=11,pass=13,op=O2_JS_REVERSE,accepted=false,recoveryGain=true,qGain=-0.08617175259337477,fe=499518
formalLocal:outer=61,slot=11,pass=13,op=O3_JS_SWAP,accepted=false,recoveryGain=true,qGain=-0.08256572671104148,fe=499519
formalLocal:outer=61,slot=11,pass=13,op=O4_WA_LOAD_TRANSFER,accepted=false,recoveryGain=true,qGain=-0.11097674013845883,fe=499520
formalLocal:outer=61,slot=11,pass=13,op=O5_WA_WEAK_TO_STRONG,accepted=false,recoveryGain=true,qGain=-0.08816670328041844,fe=499521
formalLocal:outer=61,slot=11,pass=13,op=O6_WA_SWAP,accepted=false,recoveryGain=true,qGain=-0.014037134527274115,fe=499522
formalLocal:outer=61,slot=11,pass=13,op=O7_MA_LOAD_TRANSFER,accepted=false,recoveryGain=true,qGain=-3.0592592002622337E-6,fe=499523
formalLocal:outer=61,slot=11,pass=13,op=O8_MA_WEAK_TO_STRONG,accepted=false,recoveryGain=true,qGain=-0.11518633500296505,fe=499524
formalLocal:outer=61,slot=11,pass=13,op=O9_MA_SWAP,accepted=false,recoveryGain=true,qGain=-0.013171613099283164,fe=499525
formalLocal:outer=61,slot=11,pass=14,op=O1_JS_INSERT,accepted=false,recoveryGain=true,qGain=-0.17943875262812264,fe=499526
formalLocal:outer=61,slot=11,pass=14,op=O2_JS_REVERSE,accepted=false,recoveryGain=true,qGain=-0.045639693055517086,fe=499527
formalLocal:outer=61,slot=11,pass=14,op=O3_JS_SWAP,accepted=false,recoveryGain=true,qGain=-0.10387233444214745,fe=499528
formalLocal:outer=61,slot=11,pass=14,op=O4_WA_LOAD_TRANSFER,accepted=false,recoveryGain=true,qGain=-0.11097674013845883,fe=499529
formalLocal:outer=61,slot=11,pass=14,op=O5_WA_WEAK_TO_STRONG,accepted=false,recoveryGain=true,qGain=-0.08816670328041844,fe=499530
formalLocal:outer=61,slot=11,pass=14,op=O6_WA_SWAP,accepted=false,recoveryGain=true,qGain=-0.014037134527274115,fe=499531
formalLocal:outer=61,slot=11,pass=14,op=O7_MA_LOAD_TRANSFER,accepted=false,recoveryGain=true,qGain=-3.0592592002622337E-6,fe=499532
formalLocal:outer=61,slot=11,pass=14,op=O8_MA_WEAK_TO_STRONG,accepted=false,recoveryGain=true,qGain=-0.11518633500296505,fe=499533
formalLocal:outer=61,slot=11,pass=14,op=O9_MA_SWAP,accepted=false,recoveryGain=true,qGain=-0.013171613099283164,fe=499534
formalLocal:outer=61,slot=11,pass=15,op=O1_JS_INSERT,accepted=false,recoveryGain=true,qGain=-0.13311602645838272,fe=499535
formalLocal:outer=61,slot=11,pass=15,op=O2_JS_REVERSE,accepted=false,recoveryGain=true,qGain=-0.15987901182054073,fe=499536
formalLocal:outer=61,slot=11,pass=15,op=O3_JS_SWAP,accepted=false,recoveryGain=true,qGain=-0.22065794152893964,fe=499537
formalLocal:outer=61,slot=11,pass=15,op=O4_WA_LOAD_TRANSFER,accepted=false,recoveryGain=true,qGain=-0.11097674013845883,fe=499538
formalLocal:outer=61,slot=11,pass=15,op=O5_WA_WEAK_TO_STRONG,accepted=false,recoveryGain=true,qGain=-0.08816670328041844,fe=499539
formalLocal:outer=61,slot=11,pass=15,op=O6_WA_SWAP,accepted=false,recoveryGain=true,qGain=-0.014037134527274115,fe=499540
formalLocal:outer=61,slot=11,pass=15,op=O7_MA_LOAD_TRANSFER,accepted=false,recoveryGain=true,qGain=-3.0592592002622337E-6,fe=499541
formalLocal:outer=61,slot=11,pass=15,op=O8_MA_WEAK_TO_STRONG,accepted=false,recoveryGain=true,qGain=-0.11518633500296505,fe=499542
formalLocal:outer=61,slot=11,pass=15,op=O9_MA_SWAP,accepted=false,recoveryGain=true,qGain=-0.013171613099283164,fe=499543
formalLocal:outer=61,slot=11,pass=16,op=O1_JS_INSERT,accepted=false,recoveryGain=true,qGain=-0.1595992288794021,fe=499544
formalLocal:outer=61,slot=11,pass=16,op=O2_JS_REVERSE,accepted=false,recoveryGain=true,qGain=-0.061187311282771606,fe=499545
formalLocal:outer=61,slot=11,pass=16,op=O3_JS_SWAP,accepted=false,recoveryGain=true,qGain=-0.09083187314957877,fe=499546
formalLocal:outer=61,slot=11,pass=16,op=O4_WA_LOAD_TRANSFER,accepted=false,recoveryGain=true,qGain=-0.11097674013845883,fe=499547
formalLocal:outer=61,slot=11,pass=16,op=O5_WA_WEAK_TO_STRONG,accepted=false,recoveryGain=true,qGain=-0.08816670328041844,fe=499548
formalLocal:outer=61,slot=11,pass=16,op=O6_WA_SWAP,accepted=false,recoveryGain=true,qGain=-0.014037134527274115,fe=499549
formalLocal:outer=61,slot=11,pass=16,op=O7_MA_LOAD_TRANSFER,accepted=false,recoveryGain=true,qGain=-3.0592592002622337E-6,fe=499550
formalLocal:outer=61,slot=11,pass=16,op=O8_MA_WEAK_TO_STRONG,accepted=false,recoveryGain=true,qGain=-0.11518633500296505,fe=499551
formalLocal:outer=61,slot=11,pass=16,op=O9_MA_SWAP,accepted=false,recoveryGain=true,qGain=-0.013171613099283164,fe=499552
formalLocal:outer=61,slot=11,pass=17,op=O1_JS_INSERT,accepted=false,recoveryGain=true,qGain=-0.12129003460831578,fe=499553
formalLocal:outer=61,slot=11,pass=17,op=O2_JS_REVERSE,accepted=false,recoveryGain=true,qGain=-0.15154128747800333,fe=499554
formalLocal:outer=61,slot=11,pass=17,op=O3_JS_SWAP,accepted=false,recoveryGain=true,qGain=-0.1025312125132368,fe=499555
formalLocal:outer=61,slot=11,pass=17,op=O4_WA_LOAD_TRANSFER,accepted=false,recoveryGain=true,qGain=-0.11097674013845883,fe=499556
formalLocal:outer=61,slot=11,pass=17,op=O5_WA_WEAK_TO_STRONG,accepted=false,recoveryGain=true,qGain=-0.08816670328041844,fe=499557
formalLocal:outer=61,slot=11,pass=17,op=O6_WA_SWAP,accepted=false,recoveryGain=true,qGain=-0.014037134527274115,fe=499558
formalLocal:outer=61,slot=11,pass=17,op=O7_MA_LOAD_TRANSFER,accepted=false,recoveryGain=true,qGain=-3.0592592002622337E-6,fe=499559
formalLocal:outer=61,slot=11,pass=17,op=O8_MA_WEAK_TO_STRONG,accepted=false,recoveryGain=true,qGain=-0.11518633500296505,fe=499560
formalLocal:outer=61,slot=11,pass=17,op=O9_MA_SWAP,accepted=false,recoveryGain=true,qGain=-0.013171613099283164,fe=499561
formalLocal:outer=61,slot=11,pass=18,op=O1_JS_INSERT,accepted=false,recoveryGain=true,qGain=-0.15234447172256224,fe=499562
formalLocal:outer=61,slot=11,pass=18,op=O2_JS_REVERSE,accepted=false,recoveryGain=true,qGain=-0.06755480178643734,fe=499563
formalLocal:outer=61,slot=11,pass=18,op=O3_JS_SWAP,accepted=false,recoveryGain=true,qGain=-0.12175597392909222,fe=499564
formalLocal:outer=61,slot=11,pass=18,op=O4_WA_LOAD_TRANSFER,accepted=false,recoveryGain=true,qGain=-0.11097674013845883,fe=499565
formalLocal:outer=61,slot=11,pass=18,op=O5_WA_WEAK_TO_STRONG,accepted=false,recoveryGain=true,qGain=-0.08816670328041844,fe=499566
formalLocal:outer=61,slot=11,pass=18,op=O6_WA_SWAP,accepted=false,recoveryGain=true,qGain=-0.014037134527274115,fe=499567
formalLocal:outer=61,slot=11,pass=18,op=O7_MA_LOAD_TRANSFER,accepted=false,recoveryGain=true,qGain=-3.0592592002622337E-6,fe=499568
formalLocal:outer=61,slot=11,pass=18,op=O8_MA_WEAK_TO_STRONG,accepted=false,recoveryGain=true,qGain=-0.11518633500296505,fe=499569
formalLocal:outer=61,slot=11,pass=18,op=O9_MA_SWAP,accepted=false,recoveryGain=true,qGain=-0.013171613099283164,fe=499570
formalLocal:outer=61,slot=11,pass=19,op=O1_JS_INSERT,accepted=false,recoveryGain=true,qGain=-0.147399956157684,fe=499571
formalLocal:outer=61,slot=11,pass=19,op=O2_JS_REVERSE,accepted=false,recoveryGain=true,qGain=-0.3075853356961811,fe=499572
formalLocal:outer=61,slot=11,pass=19,op=O3_JS_SWAP,accepted=false,recoveryGain=true,qGain=-0.15938634049047193,fe=499573
formalLocal:outer=61,slot=11,pass=19,op=O4_WA_LOAD_TRANSFER,accepted=false,recoveryGain=true,qGain=-0.11097674013845883,fe=499574
formalLocal:outer=61,slot=11,pass=19,op=O5_WA_WEAK_TO_STRONG,accepted=false,recoveryGain=true,qGain=-0.08816670328041844,fe=499575
formalLocal:outer=61,slot=11,pass=19,op=O6_WA_SWAP,accepted=false,recoveryGain=true,qGain=-0.014037134527274115,fe=499576
formalLocal:outer=61,slot=11,pass=19,op=O7_MA_LOAD_TRANSFER,accepted=false,recoveryGain=true,qGain=-3.0592592002622337E-6,fe=499577
formalLocal:outer=61,slot=11,pass=19,op=O8_MA_WEAK_TO_STRONG,accepted=false,recoveryGain=true,qGain=-0.11518633500296505,fe=499578
formalLocal:outer=61,slot=11,pass=19,op=O9_MA_SWAP,accepted=false,recoveryGain=true,qGain=-0.013171613099283164,fe=499579
formalLocal:outer=61,slot=11,pass=20,op=O1_JS_INSERT,accepted=false,recoveryGain=true,qGain=-0.16978534884700425,fe=499580
formalLocal:outer=61,slot=11,pass=20,op=O2_JS_REVERSE,accepted=false,recoveryGain=true,qGain=-0.12010930329920262,fe=499581
formalLocal:outer=61,slot=11,pass=20,op=O3_JS_SWAP,accepted=false,recoveryGain=true,qGain=-0.06952593626907849,fe=499582
formalLocal:outer=61,slot=11,pass=20,op=O4_WA_LOAD_TRANSFER,accepted=false,recoveryGain=true,qGain=-0.11097674013845883,fe=499583
formalLocal:outer=61,slot=11,pass=20,op=O5_WA_WEAK_TO_STRONG,accepted=false,recoveryGain=true,qGain=-0.08816670328041844,fe=499584
formalLocal:outer=61,slot=11,pass=20,op=O6_WA_SWAP,accepted=false,recoveryGain=true,qGain=-0.014037134527274115,fe=499585
formalLocal:outer=61,slot=11,pass=20,op=O7_MA_LOAD_TRANSFER,accepted=false,recoveryGain=true,qGain=-3.0592592002622337E-6,fe=499586
formalLocal:outer=61,slot=11,pass=20,op=O8_MA_WEAK_TO_STRONG,accepted=false,recoveryGain=true,qGain=-0.11518633500296505,fe=499587
formalLocal:outer=61,slot=11,pass=20,op=O9_MA_SWAP,accepted=false,recoveryGain=true,qGain=-0.013171613099283164,fe=499588
formalLocal:outer=61,slot=11,pass=21,op=O1_JS_INSERT,accepted=false,recoveryGain=true,qGain=-0.09648065375516811,fe=499589
formalLocal:outer=61,slot=11,pass=21,op=O2_JS_REVERSE,accepted=false,recoveryGain=true,qGain=-0.0820817293122028,fe=499590
formalLocal:outer=61,slot=11,pass=21,op=O3_JS_SWAP,accepted=false,recoveryGain=true,qGain=-0.08968799755990217,fe=499591
formalLocal:outer=61,slot=11,pass=21,op=O4_WA_LOAD_TRANSFER,accepted=false,recoveryGain=true,qGain=-0.11097674013845883,fe=499592
formalLocal:outer=61,slot=11,pass=21,op=O5_WA_WEAK_TO_STRONG,accepted=false,recoveryGain=true,qGain=-0.08816670328041844,fe=499593
formalLocal:outer=61,slot=11,pass=21,op=O6_WA_SWAP,accepted=false,recoveryGain=true,qGain=-0.014037134527274115,fe=499594
formalLocal:outer=61,slot=11,pass=21,op=O7_MA_LOAD_TRANSFER,accepted=false,recoveryGain=true,qGain=-3.0592592002622337E-6,fe=499595
formalLocal:outer=61,slot=11,pass=21,op=O8_MA_WEAK_TO_STRONG,accepted=false,recoveryGain=true,qGain=-0.11518633500296505,fe=499596
formalLocal:outer=61,slot=11,pass=21,op=O9_MA_SWAP,accepted=false,recoveryGain=true,qGain=-0.013171613099283164,fe=499597
formalLocal:outer=61,slot=11,pass=22,op=O1_JS_INSERT,accepted=false,recoveryGain=true,qGain=-0.03096422190088395,fe=499598
formalLocal:outer=61,slot=11,pass=22,op=O2_JS_REVERSE,accepted=false,recoveryGain=true,qGain=-0.07502091297090546,fe=499599
formalLocal:outer=61,slot=11,pass=22,op=O3_JS_SWAP,accepted=false,recoveryGain=true,qGain=-0.07124214367466465,fe=499600
formalLocal:outer=61,slot=11,pass=22,op=O4_WA_LOAD_TRANSFER,accepted=false,recoveryGain=true,qGain=-0.11097674013845883,fe=499601
formalLocal:outer=61,slot=11,pass=22,op=O5_WA_WEAK_TO_STRONG,accepted=false,recoveryGain=true,qGain=-0.08816670328041844,fe=499602
formalLocal:outer=61,slot=11,pass=22,op=O6_WA_SWAP,accepted=false,recoveryGain=true,qGain=-0.014037134527274115,fe=499603
formalLocal:outer=61,slot=11,pass=22,op=O7_MA_LOAD_TRANSFER,accepted=false,recoveryGain=true,qGain=-3.0592592002622337E-6,fe=499604
formalLocal:outer=61,slot=11,pass=22,op=O8_MA_WEAK_TO_STRONG,accepted=false,recoveryGain=true,qGain=-0.11518633500296505,fe=499605
formalLocal:outer=61,slot=11,pass=22,op=O9_MA_SWAP,accepted=false,recoveryGain=true,qGain=-0.013171613099283164,fe=499606
formalLocal:outer=61,slot=11,pass=23,op=O1_JS_INSERT,accepted=false,recoveryGain=true,qGain=-0.047528088097114514,fe=499607
formalLocal:outer=61,slot=11,pass=23,op=O2_JS_REVERSE,accepted=false,recoveryGain=true,qGain=-0.07502091297090546,fe=499608
formalLocal:outer=61,slot=11,pass=23,op=O3_JS_SWAP,accepted=false,recoveryGain=true,qGain=-0.02950965785994278,fe=499609
formalLocal:outer=61,slot=11,pass=23,op=O4_WA_LOAD_TRANSFER,accepted=false,recoveryGain=true,qGain=-0.11097674013845883,fe=499610
formalLocal:outer=61,slot=11,pass=23,op=O5_WA_WEAK_TO_STRONG,accepted=false,recoveryGain=true,qGain=-0.08816670328041844,fe=499611
formalLocal:outer=61,slot=11,pass=23,op=O6_WA_SWAP,accepted=false,recoveryGain=true,qGain=-0.014037134527274115,fe=499612
formalLocal:outer=61,slot=11,pass=23,op=O7_MA_LOAD_TRANSFER,accepted=false,recoveryGain=true,qGain=-3.0592592002622337E-6,fe=499613
formalLocal:outer=61,slot=11,pass=23,op=O8_MA_WEAK_TO_STRONG,accepted=false,recoveryGain=true,qGain=-0.11518633500296505,fe=499614
formalLocal:outer=61,slot=11,pass=23,op=O9_MA_SWAP,accepted=false,recoveryGain=true,qGain=-0.013171613099283164,fe=499615
formalLocal:outer=61,slot=11,pass=24,op=O1_JS_INSERT,accepted=false,recoveryGain=true,qGain=-0.04967590021225609,fe=499616
formalLocal:outer=61,slot=11,pass=24,op=O2_JS_REVERSE,accepted=false,recoveryGain=true,qGain=-0.145459532046144,fe=499617
formalLocal:outer=61,slot=11,pass=24,op=O3_JS_SWAP,accepted=false,recoveryGain=true,qGain=-0.052177109229211156,fe=499618
formalLocal:outer=61,slot=11,pass=24,op=O4_WA_LOAD_TRANSFER,accepted=false,recoveryGain=true,qGain=-0.11097674013845883,fe=499619
formalLocal:outer=61,slot=11,pass=24,op=O5_WA_WEAK_TO_STRONG,accepted=false,recoveryGain=true,qGain=-0.08816670328041844,fe=499620
formalLocal:outer=61,slot=11,pass=24,op=O6_WA_SWAP,accepted=false,recoveryGain=true,qGain=-0.014037134527274115,fe=499621
formalLocal:outer=61,slot=11,pass=24,op=O7_MA_LOAD_TRANSFER,accepted=false,recoveryGain=true,qGain=-3.0592592002622337E-6,fe=499622
formalLocal:outer=61,slot=11,pass=24,op=O8_MA_WEAK_TO_STRONG,accepted=false,recoveryGain=true,qGain=-0.11518633500296505,fe=499623
formalLocal:outer=61,slot=11,pass=24,op=O9_MA_SWAP,accepted=false,recoveryGain=true,qGain=-0.013171613099283164,fe=499624
formalLocal:outer=61,slot=11,pass=25,op=O1_JS_INSERT,accepted=false,recoveryGain=true,qGain=-0.13223175674566928,fe=499625
formalLocal:outer=61,slot=11,pass=25,op=O2_JS_REVERSE,accepted=false,recoveryGain=true,qGain=-0.05135075021895103,fe=499626
formalLocal:outer=61,slot=11,pass=25,op=O3_JS_SWAP,accepted=false,recoveryGain=true,qGain=-0.05686656107131091,fe=499627
formalLocal:outer=61,slot=11,pass=25,op=O4_WA_LOAD_TRANSFER,accepted=false,recoveryGain=true,qGain=-0.11097674013845883,fe=499628
formalLocal:outer=61,slot=11,pass=25,op=O5_WA_WEAK_TO_STRONG,accepted=false,recoveryGain=true,qGain=-0.08816670328041844,fe=499629
formalLocal:outer=61,slot=11,pass=25,op=O6_WA_SWAP,accepted=false,recoveryGain=true,qGain=-0.014037134527274115,fe=499630
formalLocal:outer=61,slot=11,pass=25,op=O7_MA_LOAD_TRANSFER,accepted=false,recoveryGain=true,qGain=-3.0592592002622337E-6,fe=499631
formalLocal:outer=61,slot=11,pass=25,op=O8_MA_WEAK_TO_STRONG,accepted=false,recoveryGain=true,qGain=-0.11518633500296505,fe=499632
formalLocal:outer=61,slot=11,pass=25,op=O9_MA_SWAP,accepted=false,recoveryGain=true,qGain=-0.013171613099283164,fe=499633
formalLocal:outer=61,slot=11,pass=26,op=O1_JS_INSERT,accepted=false,recoveryGain=true,qGain=-0.10170049590444877,fe=499634
formalLocal:outer=61,slot=11,pass=26,op=O2_JS_REVERSE,accepted=false,recoveryGain=true,qGain=-0.19400148491717153,fe=499635
formalLocal:outer=61,slot=11,pass=26,op=O3_JS_SWAP,accepted=false,recoveryGain=true,qGain=-0.052274802302053634,fe=499636
formalLocal:outer=61,slot=11,pass=26,op=O4_WA_LOAD_TRANSFER,accepted=false,recoveryGain=true,qGain=-0.11097674013845883,fe=499637
formalLocal:outer=61,slot=11,pass=26,op=O5_WA_WEAK_TO_STRONG,accepted=false,recoveryGain=true,qGain=-0.08816670328041844,fe=499638
formalLocal:outer=61,slot=11,pass=26,op=O6_WA_SWAP,accepted=false,recoveryGain=true,qGain=-0.014037134527274115,fe=499639
formalLocal:outer=61,slot=11,pass=26,op=O7_MA_LOAD_TRANSFER,accepted=false,recoveryGain=true,qGain=-3.0592592002622337E-6,fe=499640
formalLocal:outer=61,slot=11,pass=26,op=O8_MA_WEAK_TO_STRONG,accepted=false,recoveryGain=true,qGain=-0.11518633500296505,fe=499641
formalLocal:outer=61,slot=11,pass=26,op=O9_MA_SWAP,accepted=false,recoveryGain=true,qGain=-0.013171613099283164,fe=499642
formalLocal:outer=61,slot=11,pass=27,op=O1_JS_INSERT,accepted=false,recoveryGain=true,qGain=-0.02519010887627119,fe=499643
formalLocal:outer=61,slot=11,pass=27,op=O2_JS_REVERSE,accepted=false,recoveryGain=true,qGain=-0.2591345108525586,fe=499644
formalLocal:outer=61,slot=11,pass=27,op=O3_JS_SWAP,accepted=false,recoveryGain=true,qGain=-0.02556485943311076,fe=499645
formalLocal:outer=61,slot=11,pass=27,op=O4_WA_LOAD_TRANSFER,accepted=false,recoveryGain=true,qGain=-0.11097674013845883,fe=499646
formalLocal:outer=61,slot=11,pass=27,op=O5_WA_WEAK_TO_STRONG,accepted=false,recoveryGain=true,qGain=-0.08816670328041844,fe=499647
formalLocal:outer=61,slot=11,pass=27,op=O6_WA_SWAP,accepted=false,recoveryGain=true,qGain=-0.014037134527274115,fe=499648
formalLocal:outer=61,slot=11,pass=27,op=O7_MA_LOAD_TRANSFER,accepted=false,recoveryGain=true,qGain=-3.0592592002622337E-6,fe=499649
formalLocal:outer=61,slot=11,pass=27,op=O8_MA_WEAK_TO_STRONG,accepted=false,recoveryGain=true,qGain=-0.11518633500296505,fe=499650
formalLocal:outer=61,slot=11,pass=27,op=O9_MA_SWAP,accepted=false,recoveryGain=true,qGain=-0.013171613099283164,fe=499651
formalLocal:outer=61,slot=11,pass=28,op=O1_JS_INSERT,accepted=false,recoveryGain=true,qGain=-0.10937777117425652,fe=499652
formalLocal:outer=61,slot=11,pass=28,op=O2_JS_REVERSE,accepted=false,recoveryGain=true,qGain=-0.013849309935696828,fe=499653
formalLocal:outer=61,slot=11,pass=28,op=O3_JS_SWAP,accepted=false,recoveryGain=true,qGain=-0.025936587433387285,fe=499654
formalLocal:outer=61,slot=11,pass=28,op=O4_WA_LOAD_TRANSFER,accepted=false,recoveryGain=true,qGain=-0.11097674013845883,fe=499655
formalLocal:outer=61,slot=11,pass=28,op=O5_WA_WEAK_TO_STRONG,accepted=false,recoveryGain=true,qGain=-0.08816670328041844,fe=499656
formalLocal:outer=61,slot=11,pass=28,op=O6_WA_SWAP,accepted=false,recoveryGain=true,qGain=-0.014037134527274115,fe=499657
formalLocal:outer=61,slot=11,pass=28,op=O7_MA_LOAD_TRANSFER,accepted=false,recoveryGain=true,qGain=-3.0592592002622337E-6,fe=499658
formalLocal:outer=61,slot=11,pass=28,op=O8_MA_WEAK_TO_STRONG,accepted=false,recoveryGain=true,qGain=-0.11518633500296505,fe=499659
formalLocal:outer=61,slot=11,pass=28,op=O9_MA_SWAP,accepted=false,recoveryGain=true,qGain=-0.013171613099283164,fe=499660
formalLocal:outer=61,slot=11,pass=29,op=O1_JS_INSERT,accepted=false,recoveryGain=true,qGain=-0.04383727846194971,fe=499661
formalLocal:outer=61,slot=11,pass=29,op=O2_JS_REVERSE,accepted=false,recoveryGain=true,qGain=-0.11027951379612355,fe=499662
formalLocal:outer=61,slot=11,pass=29,op=O3_JS_SWAP,accepted=false,recoveryGain=true,qGain=-0.14148738722244483,fe=499663
formalLocal:outer=61,slot=11,pass=29,op=O4_WA_LOAD_TRANSFER,accepted=false,recoveryGain=true,qGain=-0.11097674013845883,fe=499664
formalLocal:outer=61,slot=11,pass=29,op=O5_WA_WEAK_TO_STRONG,accepted=false,recoveryGain=true,qGain=-0.08816670328041844,fe=499665
formalLocal:outer=61,slot=11,pass=29,op=O6_WA_SWAP,accepted=false,recoveryGain=true,qGain=-0.014037134527274115,fe=499666
formalLocal:outer=61,slot=11,pass=29,op=O7_MA_LOAD_TRANSFER,accepted=false,recoveryGain=true,qGain=-3.0592592002622337E-6,fe=499667
formalLocal:outer=61,slot=11,pass=29,op=O8_MA_WEAK_TO_STRONG,accepted=false,recoveryGain=true,qGain=-0.11518633500296505,fe=499668
formalLocal:outer=61,slot=11,pass=29,op=O9_MA_SWAP,accepted=false,recoveryGain=true,qGain=-0.013171613099283164,fe=499669
formalLocal:outer=61,slot=12,op=CRITICAL_FACTORY_SWAP,accepted=false,fe=499670
formalLocal:outer=61,slot=12,op=CRITICAL_FACTORY_INSERT,accepted=true,fe=499671
formalLocal:outer=61,slot=12,pass=0,op=O1_JS_INSERT,accepted=false,recoveryGain=true,qGain=-0.08945619050816461,fe=499672
formalLocal:outer=61,slot=12,pass=0,op=O2_JS_REVERSE,accepted=false,recoveryGain=true,qGain=-0.11169380934254086,fe=499673
formalLocal:outer=61,slot=12,pass=0,op=O3_JS_SWAP,accepted=false,recoveryGain=true,qGain=-0.044627576799522554,fe=499674
formalLocal:outer=61,slot=12,pass=0,op=O4_WA_LOAD_TRANSFER,accepted=false,recoveryGain=true,qGain=-0.05175844249423605,fe=499675
formalLocal:outer=61,slot=12,pass=0,op=O5_WA_WEAK_TO_STRONG,accepted=true,recoveryGain=true,qGain=0.022198615039855984,fe=499676
formalLocal:outer=61,slot=12,pass=0,op=O6_WA_SWAP,accepted=true,recoveryGain=true,qGain=0.07218829129482236,fe=499677
formalLocal:outer=61,slot=12,pass=0,op=O7_MA_LOAD_TRANSFER,accepted=true,recoveryGain=true,qGain=1.5405857625867378E-4,fe=499678
formalLocal:outer=61,slot=12,pass=0,op=O8_MA_WEAK_TO_STRONG,accepted=false,recoveryGain=true,qGain=-1.540823139605892E-4,fe=499679
formalLocal:outer=61,slot=12,pass=0,op=O9_MA_SWAP,accepted=true,recoveryGain=true,qGain=0.018520333854604477,fe=499680
formalLocal:outer=61,slot=12,pass=1,op=O1_JS_INSERT,accepted=false,recoveryGain=true,qGain=-0.02274788893350878,fe=499681
formalLocal:outer=61,slot=12,pass=1,op=O2_JS_REVERSE,accepted=false,recoveryGain=true,qGain=-0.1755726766606896,fe=499682
formalLocal:outer=61,slot=12,pass=1,op=O3_JS_SWAP,accepted=false,recoveryGain=true,qGain=-0.05384339843821296,fe=499683
formalLocal:outer=61,slot=12,pass=1,op=O4_WA_LOAD_TRANSFER,accepted=false,recoveryGain=true,qGain=-0.07278497995377511,fe=499684
formalLocal:outer=61,slot=12,pass=1,op=O5_WA_WEAK_TO_STRONG,accepted=false,recoveryGain=true,qGain=-0.12558035200895634,fe=499685
formalLocal:outer=61,slot=12,pass=1,op=O6_WA_SWAP,accepted=false,recoveryGain=true,qGain=-0.06885982279827522,fe=499686
formalLocal:outer=61,slot=12,pass=1,op=O7_MA_LOAD_TRANSFER,accepted=true,recoveryGain=true,qGain=0.01679876304383447,fe=499687
formalLocal:outer=61,slot=12,pass=1,op=O8_MA_WEAK_TO_STRONG,accepted=false,recoveryGain=true,qGain=-0.01708578306496111,fe=499688
formalLocal:outer=61,slot=12,pass=1,op=O9_MA_SWAP,accepted=false,recoveryGain=true,qGain=-0.05910784208444623,fe=499689
formalLocal:outer=61,slot=12,pass=2,op=O1_JS_INSERT,accepted=false,recoveryGain=true,qGain=-0.15875915896488277,fe=499690
formalLocal:outer=61,slot=12,pass=2,op=O2_JS_REVERSE,accepted=false,recoveryGain=true,qGain=-0.09168812090162004,fe=499691
formalLocal:outer=61,slot=12,pass=2,op=O3_JS_SWAP,accepted=false,recoveryGain=true,qGain=-0.14183048067216508,fe=499692
formalLocal:outer=61,slot=12,pass=2,op=O4_WA_LOAD_TRANSFER,accepted=false,recoveryGain=true,qGain=-0.05918831739554415,fe=499693
formalLocal:outer=61,slot=12,pass=2,op=O5_WA_WEAK_TO_STRONG,accepted=false,recoveryGain=true,qGain=-0.06884119081161366,fe=499694
formalLocal:outer=61,slot=12,pass=2,op=O6_WA_SWAP,accepted=false,recoveryGain=true,qGain=-0.09245863399188849,fe=499695
formalLocal:outer=61,slot=12,pass=2,op=O7_MA_LOAD_TRANSFER,accepted=false,recoveryGain=true,qGain=-0.03149613771402714,fe=499696
formalLocal:outer=61,slot=12,pass=2,op=O8_MA_WEAK_TO_STRONG,accepted=false,recoveryGain=true,qGain=-0.01708578306496111,fe=499697
formalLocal:outer=61,slot=12,pass=2,op=O9_MA_SWAP,accepted=false,recoveryGain=true,qGain=-0.05910784208444623,fe=499698
formalLocal:outer=61,slot=12,pass=3,op=O1_JS_INSERT,accepted=false,recoveryGain=true,qGain=-0.25748887690147876,fe=499699
formalLocal:outer=61,slot=12,pass=3,op=O2_JS_REVERSE,accepted=false,recoveryGain=true,qGain=-0.1515328804889282,fe=499700
formalLocal:outer=61,slot=12,pass=3,op=O3_JS_SWAP,accepted=false,recoveryGain=true,qGain=-0.06082199791571036,fe=499701
formalLocal:outer=61,slot=12,pass=3,op=O4_WA_LOAD_TRANSFER,accepted=false,recoveryGain=true,qGain=-0.05918831739554415,fe=499702
formalLocal:outer=61,slot=12,pass=3,op=O5_WA_WEAK_TO_STRONG,accepted=false,recoveryGain=true,qGain=-0.06884119081161366,fe=499703
formalLocal:outer=61,slot=12,pass=3,op=O6_WA_SWAP,accepted=false,recoveryGain=true,qGain=-0.09245863399188849,fe=499704
formalLocal:outer=61,slot=12,pass=3,op=O7_MA_LOAD_TRANSFER,accepted=false,recoveryGain=true,qGain=-0.03149613771402714,fe=499705
formalLocal:outer=61,slot=12,pass=3,op=O8_MA_WEAK_TO_STRONG,accepted=false,recoveryGain=true,qGain=-0.01708578306496111,fe=499706
formalLocal:outer=61,slot=12,pass=3,op=O9_MA_SWAP,accepted=false,recoveryGain=true,qGain=-0.05910784208444623,fe=499707
formalLocal:outer=61,slot=12,pass=4,op=O1_JS_INSERT,accepted=false,recoveryGain=true,qGain=-0.059101503976046674,fe=499708
formalLocal:outer=61,slot=12,pass=4,op=O2_JS_REVERSE,accepted=true,recoveryGain=true,qGain=0.0038334596203378614,fe=499709
formalLocal:outer=61,slot=12,pass=4,op=O3_JS_SWAP,accepted=false,recoveryGain=true,qGain=-0.06721858338877303,fe=499710
formalLocal:outer=61,slot=12,pass=4,op=O4_WA_LOAD_TRANSFER,accepted=false,recoveryGain=true,qGain=-0.02013153561337763,fe=499711
formalLocal:outer=61,slot=12,pass=4,op=O5_WA_WEAK_TO_STRONG,accepted=false,recoveryGain=true,qGain=-0.05318421055430537,fe=499712
formalLocal:outer=61,slot=12,pass=4,op=O6_WA_SWAP,accepted=false,recoveryGain=true,qGain=-0.10984424265521779,fe=499713
formalLocal:outer=61,slot=12,pass=4,op=O7_MA_LOAD_TRANSFER,accepted=false,recoveryGain=true,qGain=-0.031563304782277514,fe=499714
formalLocal:outer=61,slot=12,pass=4,op=O8_MA_WEAK_TO_STRONG,accepted=true,recoveryGain=true,qGain=0.022127487719122138,fe=499715
formalLocal:outer=61,slot=12,pass=4,op=O9_MA_SWAP,accepted=false,recoveryGain=true,qGain=-0.03931525127298625,fe=499716
formalLocal:outer=61,slot=12,pass=5,op=O1_JS_INSERT,accepted=false,recoveryGain=true,qGain=-0.10450566159928441,fe=499717
formalLocal:outer=61,slot=12,pass=5,op=O2_JS_REVERSE,accepted=false,recoveryGain=true,qGain=-0.01666595564015114,fe=499718
formalLocal:outer=61,slot=12,pass=5,op=O3_JS_SWAP,accepted=false,recoveryGain=true,qGain=-0.030445522691219994,fe=499719
formalLocal:outer=61,slot=12,pass=5,op=O4_WA_LOAD_TRANSFER,accepted=false,recoveryGain=true,qGain=-0.08795856874354581,fe=499720
formalLocal:outer=61,slot=12,pass=5,op=O5_WA_WEAK_TO_STRONG,accepted=false,recoveryGain=true,qGain=-0.19102798835474177,fe=499721
formalLocal:outer=61,slot=12,pass=5,op=O6_WA_SWAP,accepted=false,recoveryGain=true,qGain=-0.07143327124033148,fe=499722
formalLocal:outer=61,slot=12,pass=5,op=O7_MA_LOAD_TRANSFER,accepted=false,recoveryGain=true,qGain=-0.022628192776898898,fe=499723
formalLocal:outer=61,slot=12,pass=5,op=O8_MA_WEAK_TO_STRONG,accepted=false,recoveryGain=true,qGain=-0.01986050349679297,fe=499724
formalLocal:outer=61,slot=12,pass=5,op=O9_MA_SWAP,accepted=false,recoveryGain=true,qGain=-0.03931525127298625,fe=499725
formalLocal:outer=61,slot=12,pass=6,op=O1_JS_INSERT,accepted=false,recoveryGain=true,qGain=-0.061064880403748314,fe=499726
formalLocal:outer=61,slot=12,pass=6,op=O2_JS_REVERSE,accepted=false,recoveryGain=true,qGain=-0.10972111584857082,fe=499727
formalLocal:outer=61,slot=12,pass=6,op=O3_JS_SWAP,accepted=false,recoveryGain=true,qGain=-0.06262518576715187,fe=499728
formalLocal:outer=61,slot=12,pass=6,op=O4_WA_LOAD_TRANSFER,accepted=false,recoveryGain=true,qGain=-0.08795856874354581,fe=499729
formalLocal:outer=61,slot=12,pass=6,op=O5_WA_WEAK_TO_STRONG,accepted=false,recoveryGain=true,qGain=-0.19102798835474177,fe=499730
formalLocal:outer=61,slot=12,pass=6,op=O6_WA_SWAP,accepted=false,recoveryGain=true,qGain=-0.07143327124033148,fe=499731
formalLocal:outer=61,slot=12,pass=6,op=O7_MA_LOAD_TRANSFER,accepted=false,recoveryGain=true,qGain=-0.022628192776898898,fe=499732
formalLocal:outer=61,slot=12,pass=6,op=O8_MA_WEAK_TO_STRONG,accepted=false,recoveryGain=true,qGain=-0.01986050349679297,fe=499733
formalLocal:outer=61,slot=12,pass=6,op=O9_MA_SWAP,accepted=false,recoveryGain=true,qGain=-0.03931525127298625,fe=499734
formalLocal:outer=61,slot=12,pass=7,op=O1_JS_INSERT,accepted=false,recoveryGain=true,qGain=-0.10903541728539147,fe=499735
formalLocal:outer=61,slot=12,pass=7,op=O2_JS_REVERSE,accepted=false,recoveryGain=true,qGain=-0.06050454711937344,fe=499736
formalLocal:outer=61,slot=12,pass=7,op=O3_JS_SWAP,accepted=false,recoveryGain=true,qGain=-0.02457879119498237,fe=499737
formalLocal:outer=61,slot=12,pass=7,op=O4_WA_LOAD_TRANSFER,accepted=false,recoveryGain=true,qGain=-0.08795856874354581,fe=499738
formalLocal:outer=61,slot=12,pass=7,op=O5_WA_WEAK_TO_STRONG,accepted=false,recoveryGain=true,qGain=-0.19102798835474177,fe=499739
formalLocal:outer=61,slot=12,pass=7,op=O6_WA_SWAP,accepted=false,recoveryGain=true,qGain=-0.07143327124033148,fe=499740
formalLocal:outer=61,slot=12,pass=7,op=O7_MA_LOAD_TRANSFER,accepted=false,recoveryGain=true,qGain=-0.022628192776898898,fe=499741
formalLocal:outer=61,slot=12,pass=7,op=O8_MA_WEAK_TO_STRONG,accepted=false,recoveryGain=true,qGain=-0.01986050349679297,fe=499742
formalLocal:outer=61,slot=12,pass=7,op=O9_MA_SWAP,accepted=false,recoveryGain=true,qGain=-0.03931525127298625,fe=499743
formalLocal:outer=61,slot=12,pass=8,op=O1_JS_INSERT,accepted=false,recoveryGain=true,qGain=-0.04016827327166818,fe=499744
formalLocal:outer=61,slot=12,pass=8,op=O2_JS_REVERSE,accepted=false,recoveryGain=true,qGain=-0.31102115833524363,fe=499745
formalLocal:outer=61,slot=12,pass=8,op=O3_JS_SWAP,accepted=false,recoveryGain=true,qGain=-0.13874763324531686,fe=499746
formalLocal:outer=61,slot=12,pass=8,op=O4_WA_LOAD_TRANSFER,accepted=false,recoveryGain=true,qGain=-0.08795856874354581,fe=499747
formalLocal:outer=61,slot=12,pass=8,op=O5_WA_WEAK_TO_STRONG,accepted=false,recoveryGain=true,qGain=-0.19102798835474177,fe=499748
formalLocal:outer=61,slot=12,pass=8,op=O6_WA_SWAP,accepted=false,recoveryGain=true,qGain=-0.07143327124033148,fe=499749
formalLocal:outer=61,slot=12,pass=8,op=O7_MA_LOAD_TRANSFER,accepted=false,recoveryGain=true,qGain=-0.022628192776898898,fe=499750
formalLocal:outer=61,slot=12,pass=8,op=O8_MA_WEAK_TO_STRONG,accepted=false,recoveryGain=true,qGain=-0.01986050349679297,fe=499751
formalLocal:outer=61,slot=12,pass=8,op=O9_MA_SWAP,accepted=false,recoveryGain=true,qGain=-0.03931525127298625,fe=499752
formalLocal:outer=61,slot=12,pass=9,op=O1_JS_INSERT,accepted=false,recoveryGain=true,qGain=-0.19515067752836346,fe=499753
formalLocal:outer=61,slot=12,pass=9,op=O2_JS_REVERSE,accepted=false,recoveryGain=true,qGain=-0.06876729058022886,fe=499754
formalLocal:outer=61,slot=12,pass=9,op=O3_JS_SWAP,accepted=false,recoveryGain=true,qGain=-0.0999520006529645,fe=499755
formalLocal:outer=61,slot=12,pass=9,op=O4_WA_LOAD_TRANSFER,accepted=false,recoveryGain=true,qGain=-0.08795856874354581,fe=499756
formalLocal:outer=61,slot=12,pass=9,op=O5_WA_WEAK_TO_STRONG,accepted=false,recoveryGain=true,qGain=-0.19102798835474177,fe=499757
formalLocal:outer=61,slot=12,pass=9,op=O6_WA_SWAP,accepted=false,recoveryGain=true,qGain=-0.07143327124033148,fe=499758
formalLocal:outer=61,slot=12,pass=9,op=O7_MA_LOAD_TRANSFER,accepted=false,recoveryGain=true,qGain=-0.022628192776898898,fe=499759
formalLocal:outer=61,slot=12,pass=9,op=O8_MA_WEAK_TO_STRONG,accepted=false,recoveryGain=true,qGain=-0.01986050349679297,fe=499760
formalLocal:outer=61,slot=12,pass=9,op=O9_MA_SWAP,accepted=false,recoveryGain=true,qGain=-0.03931525127298625,fe=499761
formalLocal:outer=61,slot=12,pass=10,op=O1_JS_INSERT,accepted=false,recoveryGain=true,qGain=-0.2856686337442688,fe=499762
formalLocal:outer=61,slot=12,pass=10,op=O2_JS_REVERSE,accepted=false,recoveryGain=true,qGain=-0.13427345891823103,fe=499763
formalLocal:outer=61,slot=12,pass=10,op=O3_JS_SWAP,accepted=false,recoveryGain=true,qGain=-0.02622943474415525,fe=499764
formalLocal:outer=61,slot=12,pass=10,op=O4_WA_LOAD_TRANSFER,accepted=false,recoveryGain=true,qGain=-0.08795856874354581,fe=499765
formalLocal:outer=61,slot=12,pass=10,op=O5_WA_WEAK_TO_STRONG,accepted=false,recoveryGain=true,qGain=-0.19102798835474177,fe=499766
formalLocal:outer=61,slot=12,pass=10,op=O6_WA_SWAP,accepted=false,recoveryGain=true,qGain=-0.07143327124033148,fe=499767
formalLocal:outer=61,slot=12,pass=10,op=O7_MA_LOAD_TRANSFER,accepted=false,recoveryGain=true,qGain=-0.022628192776898898,fe=499768
formalLocal:outer=61,slot=12,pass=10,op=O8_MA_WEAK_TO_STRONG,accepted=false,recoveryGain=true,qGain=-0.01986050349679297,fe=499769
formalLocal:outer=61,slot=12,pass=10,op=O9_MA_SWAP,accepted=false,recoveryGain=true,qGain=-0.03931525127298625,fe=499770
formalLocal:outer=61,slot=12,pass=11,op=O1_JS_INSERT,accepted=false,recoveryGain=true,qGain=-0.06361588832185755,fe=499771
formalLocal:outer=61,slot=12,pass=11,op=O2_JS_REVERSE,accepted=false,recoveryGain=true,qGain=-0.1449314420608266,fe=499772
formalLocal:outer=61,slot=12,pass=11,op=O3_JS_SWAP,accepted=false,recoveryGain=true,qGain=-0.18731355598479119,fe=499773
formalLocal:outer=61,slot=12,pass=11,op=O4_WA_LOAD_TRANSFER,accepted=false,recoveryGain=true,qGain=-0.08795856874354581,fe=499774
formalLocal:outer=61,slot=12,pass=11,op=O5_WA_WEAK_TO_STRONG,accepted=false,recoveryGain=true,qGain=-0.19102798835474177,fe=499775
formalLocal:outer=61,slot=12,pass=11,op=O6_WA_SWAP,accepted=false,recoveryGain=true,qGain=-0.07143327124033148,fe=499776
formalLocal:outer=61,slot=12,pass=11,op=O7_MA_LOAD_TRANSFER,accepted=false,recoveryGain=true,qGain=-0.022628192776898898,fe=499777
formalLocal:outer=61,slot=12,pass=11,op=O8_MA_WEAK_TO_STRONG,accepted=false,recoveryGain=true,qGain=-0.01986050349679297,fe=499778
formalLocal:outer=61,slot=12,pass=11,op=O9_MA_SWAP,accepted=false,recoveryGain=true,qGain=-0.03931525127298625,fe=499779
formalLocal:outer=61,slot=12,pass=12,op=O1_JS_INSERT,accepted=false,recoveryGain=true,qGain=-0.1312613304420649,fe=499780
formalLocal:outer=61,slot=12,pass=12,op=O2_JS_REVERSE,accepted=false,recoveryGain=true,qGain=-0.1294240928159984,fe=499781
formalLocal:outer=61,slot=12,pass=12,op=O3_JS_SWAP,accepted=false,recoveryGain=true,qGain=-0.3037630970275568,fe=499782
formalLocal:outer=61,slot=12,pass=12,op=O4_WA_LOAD_TRANSFER,accepted=false,recoveryGain=true,qGain=-0.08795856874354581,fe=499783
formalLocal:outer=61,slot=12,pass=12,op=O5_WA_WEAK_TO_STRONG,accepted=false,recoveryGain=true,qGain=-0.19102798835474177,fe=499784
formalLocal:outer=61,slot=12,pass=12,op=O6_WA_SWAP,accepted=false,recoveryGain=true,qGain=-0.07143327124033148,fe=499785
formalLocal:outer=61,slot=12,pass=12,op=O7_MA_LOAD_TRANSFER,accepted=false,recoveryGain=true,qGain=-0.022628192776898898,fe=499786
formalLocal:outer=61,slot=12,pass=12,op=O8_MA_WEAK_TO_STRONG,accepted=false,recoveryGain=true,qGain=-0.01986050349679297,fe=499787
formalLocal:outer=61,slot=12,pass=12,op=O9_MA_SWAP,accepted=false,recoveryGain=true,qGain=-0.03931525127298625,fe=499788
formalLocal:outer=61,slot=12,pass=13,op=O1_JS_INSERT,accepted=false,recoveryGain=true,qGain=-0.2019270266227821,fe=499789
formalLocal:outer=61,slot=12,pass=13,op=O2_JS_REVERSE,accepted=false,recoveryGain=true,qGain=-0.13450086395382516,fe=499790
formalLocal:outer=61,slot=12,pass=13,op=O3_JS_SWAP,accepted=false,recoveryGain=true,qGain=-0.1371702837420288,fe=499791
formalLocal:outer=61,slot=12,pass=13,op=O4_WA_LOAD_TRANSFER,accepted=false,recoveryGain=true,qGain=-0.08795856874354581,fe=499792
formalLocal:outer=61,slot=12,pass=13,op=O5_WA_WEAK_TO_STRONG,accepted=false,recoveryGain=true,qGain=-0.19102798835474177,fe=499793
formalLocal:outer=61,slot=12,pass=13,op=O6_WA_SWAP,accepted=false,recoveryGain=true,qGain=-0.07143327124033148,fe=499794
formalLocal:outer=61,slot=12,pass=13,op=O7_MA_LOAD_TRANSFER,accepted=false,recoveryGain=true,qGain=-0.022628192776898898,fe=499795
formalLocal:outer=61,slot=12,pass=13,op=O8_MA_WEAK_TO_STRONG,accepted=false,recoveryGain=true,qGain=-0.01986050349679297,fe=499796
formalLocal:outer=61,slot=12,pass=13,op=O9_MA_SWAP,accepted=false,recoveryGain=true,qGain=-0.03931525127298625,fe=499797
formalLocal:outer=61,slot=12,pass=14,op=O1_JS_INSERT,accepted=true,recoveryGain=true,qGain=0.056664377909275004,fe=499798
formalLocal:outer=61,slot=12,pass=14,op=O2_JS_REVERSE,accepted=false,recoveryGain=true,qGain=-0.21344279406012542,fe=499799
formalLocal:outer=61,slot=12,pass=14,op=O3_JS_SWAP,accepted=false,recoveryGain=true,qGain=-0.20411263095640483,fe=499800
formalLocal:outer=61,slot=12,pass=14,op=O4_WA_LOAD_TRANSFER,accepted=false,recoveryGain=true,qGain=-0.10328143823814205,fe=499801
formalLocal:outer=61,slot=12,pass=14,op=O5_WA_WEAK_TO_STRONG,accepted=false,recoveryGain=true,qGain=-0.2017614830844793,fe=499802
formalLocal:outer=61,slot=12,pass=14,op=O6_WA_SWAP,accepted=false,recoveryGain=true,qGain=-0.07522371599569566,fe=499803
formalLocal:outer=61,slot=12,pass=14,op=O7_MA_LOAD_TRANSFER,accepted=false,recoveryGain=true,qGain=-0.019818540570958817,fe=499804
formalLocal:outer=61,slot=12,pass=14,op=O8_MA_WEAK_TO_STRONG,accepted=false,recoveryGain=true,qGain=-0.021041140100763547,fe=499805
formalLocal:outer=61,slot=12,pass=14,op=O9_MA_SWAP,accepted=false,recoveryGain=true,qGain=-0.025877873000826723,fe=499806
formalLocal:outer=61,slot=12,pass=15,op=O1_JS_INSERT,accepted=false,recoveryGain=true,qGain=-0.21327489709131575,fe=499807
formalLocal:outer=61,slot=12,pass=15,op=O2_JS_REVERSE,accepted=false,recoveryGain=true,qGain=-0.07358179105464216,fe=499808
formalLocal:outer=61,slot=12,pass=15,op=O3_JS_SWAP,accepted=false,recoveryGain=true,qGain=-0.11241583650711465,fe=499809
formalLocal:outer=61,slot=12,pass=15,op=O4_WA_LOAD_TRANSFER,accepted=false,recoveryGain=true,qGain=-0.10328143823814205,fe=499810
formalLocal:outer=61,slot=12,pass=15,op=O5_WA_WEAK_TO_STRONG,accepted=false,recoveryGain=true,qGain=-0.2017614830844793,fe=499811
formalLocal:outer=61,slot=12,pass=15,op=O6_WA_SWAP,accepted=false,recoveryGain=true,qGain=-0.07522371599569566,fe=499812
formalLocal:outer=61,slot=12,pass=15,op=O7_MA_LOAD_TRANSFER,accepted=false,recoveryGain=true,qGain=-0.019818540570958817,fe=499813
formalLocal:outer=61,slot=12,pass=15,op=O8_MA_WEAK_TO_STRONG,accepted=false,recoveryGain=true,qGain=-0.021041140100763547,fe=499814
formalLocal:outer=61,slot=12,pass=15,op=O9_MA_SWAP,accepted=false,recoveryGain=true,qGain=-0.025877873000826723,fe=499815
formalLocal:outer=61,slot=12,pass=16,op=O1_JS_INSERT,accepted=false,recoveryGain=true,qGain=-0.033781694342689725,fe=499816
formalLocal:outer=61,slot=12,pass=16,op=O2_JS_REVERSE,accepted=false,recoveryGain=true,qGain=-0.13861209927735726,fe=499817
formalLocal:outer=61,slot=12,pass=16,op=O3_JS_SWAP,accepted=false,recoveryGain=true,qGain=-0.11046482209077503,fe=499818
formalLocal:outer=61,slot=12,pass=16,op=O4_WA_LOAD_TRANSFER,accepted=false,recoveryGain=true,qGain=-0.10328143823814205,fe=499819
formalLocal:outer=61,slot=12,pass=16,op=O5_WA_WEAK_TO_STRONG,accepted=false,recoveryGain=true,qGain=-0.2017614830844793,fe=499820
formalLocal:outer=61,slot=12,pass=16,op=O6_WA_SWAP,accepted=false,recoveryGain=true,qGain=-0.07522371599569566,fe=499821
formalLocal:outer=61,slot=12,pass=16,op=O7_MA_LOAD_TRANSFER,accepted=false,recoveryGain=true,qGain=-0.019818540570958817,fe=499822
formalLocal:outer=61,slot=12,pass=16,op=O8_MA_WEAK_TO_STRONG,accepted=false,recoveryGain=true,qGain=-0.021041140100763547,fe=499823
formalLocal:outer=61,slot=12,pass=16,op=O9_MA_SWAP,accepted=false,recoveryGain=true,qGain=-0.025877873000826723,fe=499824
formalLocal:outer=61,slot=12,pass=17,op=O1_JS_INSERT,accepted=false,recoveryGain=true,qGain=-0.05866216952343535,fe=499825
formalLocal:outer=61,slot=12,pass=17,op=O2_JS_REVERSE,accepted=false,recoveryGain=true,qGain=-0.09540545735997787,fe=499826
formalLocal:outer=61,slot=12,pass=17,op=O3_JS_SWAP,accepted=false,recoveryGain=true,qGain=-0.10328226345851466,fe=499827
formalLocal:outer=61,slot=12,pass=17,op=O4_WA_LOAD_TRANSFER,accepted=false,recoveryGain=true,qGain=-0.10328143823814205,fe=499828
formalLocal:outer=61,slot=12,pass=17,op=O5_WA_WEAK_TO_STRONG,accepted=false,recoveryGain=true,qGain=-0.2017614830844793,fe=499829
formalLocal:outer=61,slot=12,pass=17,op=O6_WA_SWAP,accepted=false,recoveryGain=true,qGain=-0.07522371599569566,fe=499830
formalLocal:outer=61,slot=12,pass=17,op=O7_MA_LOAD_TRANSFER,accepted=false,recoveryGain=true,qGain=-0.019818540570958817,fe=499831
formalLocal:outer=61,slot=12,pass=17,op=O8_MA_WEAK_TO_STRONG,accepted=false,recoveryGain=true,qGain=-0.021041140100763547,fe=499832
formalLocal:outer=61,slot=12,pass=17,op=O9_MA_SWAP,accepted=false,recoveryGain=true,qGain=-0.025877873000826723,fe=499833
formalLocal:outer=61,slot=12,pass=18,op=O1_JS_INSERT,accepted=false,recoveryGain=true,qGain=-0.17993189134243132,fe=499834
formalLocal:outer=61,slot=12,pass=18,op=O2_JS_REVERSE,accepted=false,recoveryGain=true,qGain=-0.4183094988207487,fe=499835
formalLocal:outer=61,slot=12,pass=18,op=O3_JS_SWAP,accepted=false,recoveryGain=true,qGain=-0.3837706187206646,fe=499836
formalLocal:outer=61,slot=12,pass=18,op=O4_WA_LOAD_TRANSFER,accepted=false,recoveryGain=true,qGain=-0.10328143823814205,fe=499837
formalLocal:outer=61,slot=12,pass=18,op=O5_WA_WEAK_TO_STRONG,accepted=false,recoveryGain=true,qGain=-0.2017614830844793,fe=499838
formalLocal:outer=61,slot=12,pass=18,op=O6_WA_SWAP,accepted=false,recoveryGain=true,qGain=-0.07522371599569566,fe=499839
formalLocal:outer=61,slot=12,pass=18,op=O7_MA_LOAD_TRANSFER,accepted=false,recoveryGain=true,qGain=-0.019818540570958817,fe=499840
formalLocal:outer=61,slot=12,pass=18,op=O8_MA_WEAK_TO_STRONG,accepted=false,recoveryGain=true,qGain=-0.021041140100763547,fe=499841
formalLocal:outer=61,slot=12,pass=18,op=O9_MA_SWAP,accepted=false,recoveryGain=true,qGain=-0.025877873000826723,fe=499842
formalLocal:outer=61,slot=12,pass=19,op=O1_JS_INSERT,accepted=false,recoveryGain=true,qGain=-0.14087523264617113,fe=499843
formalLocal:outer=61,slot=12,pass=19,op=O2_JS_REVERSE,accepted=false,recoveryGain=true,qGain=-0.12896133623743747,fe=499844
formalLocal:outer=61,slot=12,pass=19,op=O3_JS_SWAP,accepted=false,recoveryGain=true,qGain=-0.06252318494585872,fe=499845
formalLocal:outer=61,slot=12,pass=19,op=O4_WA_LOAD_TRANSFER,accepted=false,recoveryGain=true,qGain=-0.10328143823814205,fe=499846
formalLocal:outer=61,slot=12,pass=19,op=O5_WA_WEAK_TO_STRONG,accepted=false,recoveryGain=true,qGain=-0.2017614830844793,fe=499847
formalLocal:outer=61,slot=12,pass=19,op=O6_WA_SWAP,accepted=false,recoveryGain=true,qGain=-0.07522371599569566,fe=499848
formalLocal:outer=61,slot=12,pass=19,op=O7_MA_LOAD_TRANSFER,accepted=false,recoveryGain=true,qGain=-0.019818540570958817,fe=499849
formalLocal:outer=61,slot=12,pass=19,op=O8_MA_WEAK_TO_STRONG,accepted=false,recoveryGain=true,qGain=-0.021041140100763547,fe=499850
formalLocal:outer=61,slot=12,pass=19,op=O9_MA_SWAP,accepted=false,recoveryGain=true,qGain=-0.025877873000826723,fe=499851
formalLocal:outer=61,slot=12,pass=20,op=O1_JS_INSERT,accepted=false,recoveryGain=true,qGain=-0.3601320573827964,fe=499852
formalLocal:outer=61,slot=12,pass=20,op=O2_JS_REVERSE,accepted=false,recoveryGain=true,qGain=0.0,fe=499853
formalLocal:outer=61,slot=12,pass=20,op=O3_JS_SWAP,accepted=false,recoveryGain=true,qGain=-0.11016753941748723,fe=499854
formalLocal:outer=61,slot=12,pass=20,op=O4_WA_LOAD_TRANSFER,accepted=false,recoveryGain=true,qGain=-0.10328143823814205,fe=499855
formalLocal:outer=61,slot=12,pass=20,op=O5_WA_WEAK_TO_STRONG,accepted=false,recoveryGain=true,qGain=-0.2017614830844793,fe=499856
formalLocal:outer=61,slot=12,pass=20,op=O6_WA_SWAP,accepted=false,recoveryGain=true,qGain=-0.07522371599569566,fe=499857
formalLocal:outer=61,slot=12,pass=20,op=O7_MA_LOAD_TRANSFER,accepted=false,recoveryGain=true,qGain=-0.019818540570958817,fe=499858
formalLocal:outer=61,slot=12,pass=20,op=O8_MA_WEAK_TO_STRONG,accepted=false,recoveryGain=true,qGain=-0.021041140100763547,fe=499859
formalLocal:outer=61,slot=12,pass=20,op=O9_MA_SWAP,accepted=false,recoveryGain=true,qGain=-0.025877873000826723,fe=499860
formalLocal:outer=61,slot=12,pass=21,op=O1_JS_INSERT,accepted=false,recoveryGain=true,qGain=-0.100900223409758,fe=499861
formalLocal:outer=61,slot=12,pass=21,op=O2_JS_REVERSE,accepted=false,recoveryGain=true,qGain=-0.1409004177084414,fe=499862
formalLocal:outer=61,slot=12,pass=21,op=O3_JS_SWAP,accepted=false,recoveryGain=true,qGain=-0.11620081485682687,fe=499863
formalLocal:outer=61,slot=12,pass=21,op=O4_WA_LOAD_TRANSFER,accepted=false,recoveryGain=true,qGain=-0.10328143823814205,fe=499864
formalLocal:outer=61,slot=12,pass=21,op=O5_WA_WEAK_TO_STRONG,accepted=false,recoveryGain=true,qGain=-0.2017614830844793,fe=499865
formalLocal:outer=61,slot=12,pass=21,op=O6_WA_SWAP,accepted=false,recoveryGain=true,qGain=-0.07522371599569566,fe=499866
formalLocal:outer=61,slot=12,pass=21,op=O7_MA_LOAD_TRANSFER,accepted=false,recoveryGain=true,qGain=-0.019818540570958817,fe=499867
formalLocal:outer=61,slot=12,pass=21,op=O8_MA_WEAK_TO_STRONG,accepted=false,recoveryGain=true,qGain=-0.021041140100763547,fe=499868
formalLocal:outer=61,slot=12,pass=21,op=O9_MA_SWAP,accepted=false,recoveryGain=true,qGain=-0.025877873000826723,fe=499869
formalLocal:outer=61,slot=12,pass=22,op=O1_JS_INSERT,accepted=false,recoveryGain=true,qGain=-0.23073805019602953,fe=499870
formalLocal:outer=61,slot=12,pass=22,op=O2_JS_REVERSE,accepted=false,recoveryGain=true,qGain=-0.2531579449151179,fe=499871
formalLocal:outer=61,slot=12,pass=22,op=O3_JS_SWAP,accepted=false,recoveryGain=true,qGain=-0.11060575204272825,fe=499872
formalLocal:outer=61,slot=12,pass=22,op=O4_WA_LOAD_TRANSFER,accepted=false,recoveryGain=true,qGain=-0.10328143823814205,fe=499873
formalLocal:outer=61,slot=12,pass=22,op=O5_WA_WEAK_TO_STRONG,accepted=false,recoveryGain=true,qGain=-0.2017614830844793,fe=499874
formalLocal:outer=61,slot=12,pass=22,op=O6_WA_SWAP,accepted=false,recoveryGain=true,qGain=-0.07522371599569566,fe=499875
formalLocal:outer=61,slot=12,pass=22,op=O7_MA_LOAD_TRANSFER,accepted=false,recoveryGain=true,qGain=-0.019818540570958817,fe=499876
formalLocal:outer=61,slot=12,pass=22,op=O8_MA_WEAK_TO_STRONG,accepted=false,recoveryGain=true,qGain=-0.021041140100763547,fe=499877
formalLocal:outer=61,slot=12,pass=22,op=O9_MA_SWAP,accepted=false,recoveryGain=true,qGain=-0.025877873000826723,fe=499878
formalLocal:outer=61,slot=12,pass=23,op=O1_JS_INSERT,accepted=false,recoveryGain=true,qGain=-0.13539723223006234,fe=499879
formalLocal:outer=61,slot=12,pass=23,op=O2_JS_REVERSE,accepted=false,recoveryGain=true,qGain=-0.13748371845188212,fe=499880
formalLocal:outer=61,slot=12,pass=23,op=O3_JS_SWAP,accepted=false,recoveryGain=true,qGain=-0.04650479217861038,fe=499881
formalLocal:outer=61,slot=12,pass=23,op=O4_WA_LOAD_TRANSFER,accepted=false,recoveryGain=true,qGain=-0.10328143823814205,fe=499882
formalLocal:outer=61,slot=12,pass=23,op=O5_WA_WEAK_TO_STRONG,accepted=false,recoveryGain=true,qGain=-0.2017614830844793,fe=499883
formalLocal:outer=61,slot=12,pass=23,op=O6_WA_SWAP,accepted=false,recoveryGain=true,qGain=-0.07522371599569566,fe=499884
formalLocal:outer=61,slot=12,pass=23,op=O7_MA_LOAD_TRANSFER,accepted=false,recoveryGain=true,qGain=-0.019818540570958817,fe=499885
formalLocal:outer=61,slot=12,pass=23,op=O8_MA_WEAK_TO_STRONG,accepted=false,recoveryGain=true,qGain=-0.021041140100763547,fe=499886
formalLocal:outer=61,slot=12,pass=23,op=O9_MA_SWAP,accepted=false,recoveryGain=true,qGain=-0.025877873000826723,fe=499887
formalLocal:outer=61,slot=12,pass=24,op=O1_JS_INSERT,accepted=false,recoveryGain=true,qGain=-0.3076304336919885,fe=499888
formalLocal:outer=61,slot=12,pass=24,op=O2_JS_REVERSE,accepted=false,recoveryGain=true,qGain=-0.26395541667718475,fe=499889
formalLocal:outer=61,slot=12,pass=24,op=O3_JS_SWAP,accepted=false,recoveryGain=true,qGain=-0.16601365639552065,fe=499890
formalLocal:outer=61,slot=12,pass=24,op=O4_WA_LOAD_TRANSFER,accepted=false,recoveryGain=true,qGain=-0.10328143823814205,fe=499891
formalLocal:outer=61,slot=12,pass=24,op=O5_WA_WEAK_TO_STRONG,accepted=false,recoveryGain=true,qGain=-0.2017614830844793,fe=499892
formalLocal:outer=61,slot=12,pass=24,op=O6_WA_SWAP,accepted=false,recoveryGain=true,qGain=-0.07522371599569566,fe=499893
formalLocal:outer=61,slot=12,pass=24,op=O7_MA_LOAD_TRANSFER,accepted=false,recoveryGain=true,qGain=-0.019818540570958817,fe=499894
formalLocal:outer=61,slot=12,pass=24,op=O8_MA_WEAK_TO_STRONG,accepted=false,recoveryGain=true,qGain=-0.021041140100763547,fe=499895
formalLocal:outer=61,slot=12,pass=24,op=O9_MA_SWAP,accepted=false,recoveryGain=true,qGain=-0.025877873000826723,fe=499896
formalLocal:outer=61,slot=12,pass=25,op=O1_JS_INSERT,accepted=false,recoveryGain=true,qGain=-0.24471520266150368,fe=499897
formalLocal:outer=61,slot=12,pass=25,op=O2_JS_REVERSE,accepted=false,recoveryGain=true,qGain=-0.02937699953731963,fe=499898
formalLocal:outer=61,slot=12,pass=25,op=O3_JS_SWAP,accepted=false,recoveryGain=true,qGain=-0.21197022511942126,fe=499899
formalLocal:outer=61,slot=12,pass=25,op=O4_WA_LOAD_TRANSFER,accepted=false,recoveryGain=true,qGain=-0.10328143823814205,fe=499900
formalLocal:outer=61,slot=12,pass=25,op=O5_WA_WEAK_TO_STRONG,accepted=false,recoveryGain=true,qGain=-0.2017614830844793,fe=499901
formalLocal:outer=61,slot=12,pass=25,op=O6_WA_SWAP,accepted=false,recoveryGain=true,qGain=-0.07522371599569566,fe=499902
formalLocal:outer=61,slot=12,pass=25,op=O7_MA_LOAD_TRANSFER,accepted=false,recoveryGain=true,qGain=-0.019818540570958817,fe=499903
formalLocal:outer=61,slot=12,pass=25,op=O8_MA_WEAK_TO_STRONG,accepted=false,recoveryGain=true,qGain=-0.021041140100763547,fe=499904
formalLocal:outer=61,slot=12,pass=25,op=O9_MA_SWAP,accepted=false,recoveryGain=true,qGain=-0.025877873000826723,fe=499905
formalLocal:outer=61,slot=12,pass=26,op=O1_JS_INSERT,accepted=false,recoveryGain=true,qGain=-0.38843270873540653,fe=499906
formalLocal:outer=61,slot=12,pass=26,op=O2_JS_REVERSE,accepted=false,recoveryGain=true,qGain=-0.4394070158266124,fe=499907
formalLocal:outer=61,slot=12,pass=26,op=O3_JS_SWAP,accepted=false,recoveryGain=true,qGain=-0.10372152135580519,fe=499908
formalLocal:outer=61,slot=12,pass=26,op=O4_WA_LOAD_TRANSFER,accepted=false,recoveryGain=true,qGain=-0.10328143823814205,fe=499909
formalLocal:outer=61,slot=12,pass=26,op=O5_WA_WEAK_TO_STRONG,accepted=false,recoveryGain=true,qGain=-0.2017614830844793,fe=499910
formalLocal:outer=61,slot=12,pass=26,op=O6_WA_SWAP,accepted=false,recoveryGain=true,qGain=-0.07522371599569566,fe=499911
formalLocal:outer=61,slot=12,pass=26,op=O7_MA_LOAD_TRANSFER,accepted=false,recoveryGain=true,qGain=-0.019818540570958817,fe=499912
formalLocal:outer=61,slot=12,pass=26,op=O8_MA_WEAK_TO_STRONG,accepted=false,recoveryGain=true,qGain=-0.021041140100763547,fe=499913
formalLocal:outer=61,slot=12,pass=26,op=O9_MA_SWAP,accepted=false,recoveryGain=true,qGain=-0.025877873000826723,fe=499914
formalLocal:outer=61,slot=12,pass=27,op=O1_JS_INSERT,accepted=false,recoveryGain=true,qGain=-0.21718814942788414,fe=499915
formalLocal:outer=61,slot=12,pass=27,op=O2_JS_REVERSE,accepted=false,recoveryGain=true,qGain=-0.19458039949428427,fe=499916
formalLocal:outer=61,slot=12,pass=27,op=O3_JS_SWAP,accepted=false,recoveryGain=true,qGain=-0.2454193907033294,fe=499917
formalLocal:outer=61,slot=12,pass=27,op=O4_WA_LOAD_TRANSFER,accepted=false,recoveryGain=true,qGain=-0.10328143823814205,fe=499918
formalLocal:outer=61,slot=12,pass=27,op=O5_WA_WEAK_TO_STRONG,accepted=false,recoveryGain=true,qGain=-0.2017614830844793,fe=499919
formalLocal:outer=61,slot=12,pass=27,op=O6_WA_SWAP,accepted=false,recoveryGain=true,qGain=-0.07522371599569566,fe=499920
formalLocal:outer=61,slot=12,pass=27,op=O7_MA_LOAD_TRANSFER,accepted=false,recoveryGain=true,qGain=-0.019818540570958817,fe=499921
formalLocal:outer=61,slot=12,pass=27,op=O8_MA_WEAK_TO_STRONG,accepted=false,recoveryGain=true,qGain=-0.021041140100763547,fe=499922
formalLocal:outer=61,slot=12,pass=27,op=O9_MA_SWAP,accepted=false,recoveryGain=true,qGain=-0.025877873000826723,fe=499923
formalLocal:outer=61,slot=12,pass=28,op=O1_JS_INSERT,accepted=false,recoveryGain=true,qGain=-0.184876206600219,fe=499924
formalLocal:outer=61,slot=12,pass=28,op=O2_JS_REVERSE,accepted=false,recoveryGain=true,qGain=-0.26414313407585605,fe=499925
formalLocal:outer=61,slot=12,pass=28,op=O3_JS_SWAP,accepted=false,recoveryGain=true,qGain=-0.34424321312116085,fe=499926
formalLocal:outer=61,slot=12,pass=28,op=O4_WA_LOAD_TRANSFER,accepted=false,recoveryGain=true,qGain=-0.10328143823814205,fe=499927
formalLocal:outer=61,slot=12,pass=28,op=O5_WA_WEAK_TO_STRONG,accepted=false,recoveryGain=true,qGain=-0.2017614830844793,fe=499928
formalLocal:outer=61,slot=12,pass=28,op=O6_WA_SWAP,accepted=false,recoveryGain=true,qGain=-0.07522371599569566,fe=499929
formalLocal:outer=61,slot=12,pass=28,op=O7_MA_LOAD_TRANSFER,accepted=false,recoveryGain=true,qGain=-0.019818540570958817,fe=499930
formalLocal:outer=61,slot=12,pass=28,op=O8_MA_WEAK_TO_STRONG,accepted=false,recoveryGain=true,qGain=-0.021041140100763547,fe=499931
formalLocal:outer=61,slot=12,pass=28,op=O9_MA_SWAP,accepted=false,recoveryGain=true,qGain=-0.025877873000826723,fe=499932
formalLocal:outer=61,slot=12,pass=29,op=O1_JS_INSERT,accepted=false,recoveryGain=true,qGain=-0.21084950034576488,fe=499933
formalLocal:outer=61,slot=12,pass=29,op=O2_JS_REVERSE,accepted=false,recoveryGain=true,qGain=-0.17937532442264625,fe=499934
formalLocal:outer=61,slot=12,pass=29,op=O3_JS_SWAP,accepted=false,recoveryGain=true,qGain=-0.08712692473862142,fe=499935
formalLocal:outer=61,slot=12,pass=29,op=O4_WA_LOAD_TRANSFER,accepted=false,recoveryGain=true,qGain=-0.10328143823814205,fe=499936
formalLocal:outer=61,slot=12,pass=29,op=O5_WA_WEAK_TO_STRONG,accepted=false,recoveryGain=true,qGain=-0.2017614830844793,fe=499937
formalLocal:outer=61,slot=12,pass=29,op=O6_WA_SWAP,accepted=false,recoveryGain=true,qGain=-0.07522371599569566,fe=499938
formalLocal:outer=61,slot=12,pass=29,op=O7_MA_LOAD_TRANSFER,accepted=false,recoveryGain=true,qGain=-0.019818540570958817,fe=499939
formalLocal:outer=61,slot=12,pass=29,op=O8_MA_WEAK_TO_STRONG,accepted=false,recoveryGain=true,qGain=-0.021041140100763547,fe=499940
formalLocal:outer=61,slot=12,pass=29,op=O9_MA_SWAP,accepted=false,recoveryGain=true,qGain=-0.025877873000826723,fe=499941
formalLocal:outer=61,slot=13,op=CRITICAL_FACTORY_SWAP,accepted=false,fe=499942
formalLocal:outer=61,slot=13,op=CRITICAL_FACTORY_INSERT,accepted=true,fe=499943
formalLocal:outer=61,slot=13,pass=0,op=O1_JS_INSERT,accepted=false,recoveryGain=true,qGain=-0.01744012084137113,fe=499944
formalLocal:outer=61,slot=13,pass=0,op=O2_JS_REVERSE,accepted=true,recoveryGain=true,qGain=0.0045050407192724195,fe=499945
formalLocal:outer=61,slot=13,pass=0,op=O3_JS_SWAP,accepted=false,recoveryGain=true,qGain=-0.002837185446503473,fe=499946
formalLocal:outer=61,slot=13,pass=0,op=O4_WA_LOAD_TRANSFER,accepted=false,recoveryGain=true,qGain=-0.1255076859540407,fe=499947
formalLocal:outer=61,slot=13,pass=0,op=O5_WA_WEAK_TO_STRONG,accepted=false,recoveryGain=true,qGain=-0.042172341572715544,fe=499948
formalLocal:outer=61,slot=13,pass=0,op=O6_WA_SWAP,accepted=false,recoveryGain=true,qGain=-0.05373362688152329,fe=499949
formalLocal:outer=61,slot=13,pass=0,op=O7_MA_LOAD_TRANSFER,accepted=false,recoveryGain=true,qGain=-0.0022949333955916786,fe=499950
formalLocal:outer=61,slot=13,pass=0,op=O8_MA_WEAK_TO_STRONG,accepted=false,recoveryGain=true,qGain=-0.038094659225722305,fe=499951
formalLocal:outer=61,slot=13,pass=0,op=O9_MA_SWAP,accepted=true,recoveryGain=true,qGain=0.008155805732114,fe=499952
formalLocal:outer=61,slot=13,pass=1,op=O1_JS_INSERT,accepted=false,recoveryGain=true,qGain=-0.03893304526612909,fe=499953
formalLocal:outer=61,slot=13,pass=1,op=O2_JS_REVERSE,accepted=false,recoveryGain=true,qGain=-0.11856401561573807,fe=499954
formalLocal:outer=61,slot=13,pass=1,op=O3_JS_SWAP,accepted=false,recoveryGain=true,qGain=-0.1353857553243508,fe=499955
formalLocal:outer=61,slot=13,pass=1,op=O4_WA_LOAD_TRANSFER,accepted=false,recoveryGain=true,qGain=-0.11678853435061617,fe=499956
formalLocal:outer=61,slot=13,pass=1,op=O5_WA_WEAK_TO_STRONG,accepted=false,recoveryGain=true,qGain=-0.04396655289729367,fe=499957
formalLocal:outer=61,slot=13,pass=1,op=O6_WA_SWAP,accepted=false,recoveryGain=true,qGain=-0.049364662778297416,fe=499958
formalLocal:outer=61,slot=13,pass=1,op=O7_MA_LOAD_TRANSFER,accepted=false,recoveryGain=true,qGain=-0.03312934427504769,fe=499959
formalLocal:outer=61,slot=13,pass=1,op=O8_MA_WEAK_TO_STRONG,accepted=false,recoveryGain=true,qGain=-0.036928270734396446,fe=499960
formalLocal:outer=61,slot=13,pass=1,op=O9_MA_SWAP,accepted=false,recoveryGain=true,qGain=-0.008222869861262916,fe=499961
formalLocal:outer=61,slot=13,pass=2,op=O1_JS_INSERT,accepted=true,recoveryGain=true,qGain=0.18307370450650032,fe=499962
formalLocal:outer=61,slot=13,pass=2,op=O2_JS_REVERSE,accepted=false,recoveryGain=true,qGain=-0.2297858842139898,fe=499963
formalLocal:outer=61,slot=13,pass=2,op=O3_JS_SWAP,accepted=true,recoveryGain=true,qGain=0.1046822211485566,fe=499964
formalLocal:outer=61,slot=13,pass=2,op=O4_WA_LOAD_TRANSFER,accepted=false,recoveryGain=true,qGain=-0.14209525101313267,fe=499965
formalLocal:outer=61,slot=13,pass=2,op=O5_WA_WEAK_TO_STRONG,accepted=false,recoveryGain=true,qGain=-0.05808945774040485,fe=499966
formalLocal:outer=61,slot=13,pass=2,op=O6_WA_SWAP,accepted=false,recoveryGain=true,qGain=-0.049121634151712404,fe=499967
formalLocal:outer=61,slot=13,pass=2,op=O7_MA_LOAD_TRANSFER,accepted=false,recoveryGain=true,qGain=-0.05707547250434707,fe=499968
formalLocal:outer=61,slot=13,pass=2,op=O8_MA_WEAK_TO_STRONG,accepted=false,recoveryGain=true,qGain=-0.03242453402801313,fe=499969
formalLocal:outer=61,slot=13,pass=2,op=O9_MA_SWAP,accepted=false,recoveryGain=true,qGain=-0.01041926281681102,fe=499970
formalLocal:outer=61,slot=13,pass=3,op=O1_JS_INSERT,accepted=false,recoveryGain=true,qGain=-0.01052690701213128,fe=499971
formalLocal:outer=61,slot=13,pass=3,op=O2_JS_REVERSE,accepted=false,recoveryGain=true,qGain=-0.06537261292397642,fe=499972
formalLocal:outer=61,slot=13,pass=3,op=O3_JS_SWAP,accepted=false,recoveryGain=true,qGain=-0.1915749992296283,fe=499973
formalLocal:outer=61,slot=13,pass=3,op=O4_WA_LOAD_TRANSFER,accepted=false,recoveryGain=true,qGain=-0.14209525101313267,fe=499974
formalLocal:outer=61,slot=13,pass=3,op=O5_WA_WEAK_TO_STRONG,accepted=false,recoveryGain=true,qGain=-0.05808945774040485,fe=499975
formalLocal:outer=61,slot=13,pass=3,op=O6_WA_SWAP,accepted=false,recoveryGain=true,qGain=-0.049121634151712404,fe=499976
formalLocal:outer=61,slot=13,pass=3,op=O7_MA_LOAD_TRANSFER,accepted=false,recoveryGain=true,qGain=-0.05707547250434707,fe=499977
formalLocal:outer=61,slot=13,pass=3,op=O8_MA_WEAK_TO_STRONG,accepted=false,recoveryGain=true,qGain=-0.03242453402801313,fe=499978
formalLocal:outer=61,slot=13,pass=3,op=O9_MA_SWAP,accepted=false,recoveryGain=true,qGain=-0.01041926281681102,fe=499979
formalLocal:outer=61,slot=13,pass=4,op=O1_JS_INSERT,accepted=false,recoveryGain=true,qGain=-0.07282492197175304,fe=499980
formalLocal:outer=61,slot=13,pass=4,op=O2_JS_REVERSE,accepted=false,recoveryGain=true,qGain=-0.07091928433829794,fe=499981
formalLocal:outer=61,slot=13,pass=4,op=O3_JS_SWAP,accepted=false,recoveryGain=true,qGain=-0.07824248332912165,fe=499982
formalLocal:outer=61,slot=13,pass=4,op=O4_WA_LOAD_TRANSFER,accepted=false,recoveryGain=true,qGain=-0.14209525101313267,fe=499983
formalLocal:outer=61,slot=13,pass=4,op=O5_WA_WEAK_TO_STRONG,accepted=false,recoveryGain=true,qGain=-0.05808945774040485,fe=499984
formalLocal:outer=61,slot=13,pass=4,op=O6_WA_SWAP,accepted=false,recoveryGain=true,qGain=-0.049121634151712404,fe=499985
formalLocal:outer=61,slot=13,pass=4,op=O7_MA_LOAD_TRANSFER,accepted=false,recoveryGain=true,qGain=-0.05707547250434707,fe=499986
formalLocal:outer=61,slot=13,pass=4,op=O8_MA_WEAK_TO_STRONG,accepted=false,recoveryGain=true,qGain=-0.03242453402801313,fe=499987
formalLocal:outer=61,slot=13,pass=4,op=O9_MA_SWAP,accepted=false,recoveryGain=true,qGain=-0.01041926281681102,fe=499988
formalLocal:outer=61,slot=13,pass=5,op=O1_JS_INSERT,accepted=false,recoveryGain=true,qGain=-0.0025610107225528737,fe=499989
formalLocal:outer=61,slot=13,pass=5,op=O2_JS_REVERSE,accepted=false,recoveryGain=true,qGain=-0.0017612760984656326,fe=499990
formalLocal:outer=61,slot=13,pass=5,op=O3_JS_SWAP,accepted=true,recoveryGain=true,qGain=0.05106690031723286,fe=499991
formalLocal:outer=61,slot=13,pass=5,op=O4_WA_LOAD_TRANSFER,accepted=false,recoveryGain=true,qGain=-0.03461285667197413,fe=499992
formalLocal:outer=61,slot=13,pass=5,op=O5_WA_WEAK_TO_STRONG,accepted=true,recoveryGain=true,qGain=0.01851325405731173,fe=499993
formalLocal:outer=61,slot=13,pass=5,op=O6_WA_SWAP,accepted=false,recoveryGain=true,qGain=-0.061097996659779844,fe=499994
formalLocal:outer=61,slot=13,pass=5,op=O7_MA_LOAD_TRANSFER,accepted=false,recoveryGain=true,qGain=-0.04155305098697341,fe=499995
formalLocal:outer=61,slot=13,pass=5,op=O8_MA_WEAK_TO_STRONG,accepted=false,recoveryGain=true,qGain=-0.0212659883182941,fe=499996
formalLocal:outer=61,slot=13,pass=5,op=O9_MA_SWAP,accepted=true,recoveryGain=true,qGain=0.0083932100578847,fe=499997
formalLocal:outer=61,slot=13,pass=6,op=O1_JS_INSERT,accepted=false,recoveryGain=true,qGain=-0.021744477918497065,fe=499998
formalLocal:outer=61,slot=13,pass=6,op=O2_JS_REVERSE,accepted=false,recoveryGain=true,qGain=-0.058294179645271255,fe=499999
formalLocal:outer=61,slot=13,pass=6,op=O3_JS_SWAP,accepted=false,recoveryGain=true,qGain=-0.3141767872274261,fe=500000