decisionCycle,generation,FE,group,teacherId,teacherObjectives,dominated,dominatorCount
1,1,100,G1_CMAX,[8, 12, 6, 18, 11, 5, 2, 17, 4, 0, 7, 13, 10, 9, 19, 15, 3, 14, 16, 1]|[0, 0, 2, 2, 0, 2, 2, 2, 1, 2, 0, 0, 0, 1, 1, 1, 1, 2, 1, 2]|[1, 2, 1, 1, 3, 0, 0, 1, 0, 1, 0, 0, 3, 0, 1, 1, 0, 0, 0, 0]|[2, 1, 1, 1, 2, 1, 0, 1, 0, 1, 0, 0, 0, 1, 1, 0, 0, 1, 0, 1],401.221238085945;12374.429874407799;23588.490732938080,false,0
1,1,100,G4_BALANCED,[15, 14, 6, 11, 0, 13, 18, 12, 9, 7, 4, 5, 1, 10, 19, 17, 3, 16, 2, 8]|[0, 2, 2, 2, 0, 1, 1, 1, 1, 1, 1, 2, 1, 1, 2, 0, 0, 1, 0, 2]|[3, 0, 0, 0, 3, 1, 1, 1, 1, 1, 0, 1, 0, 1, 1, 1, 0, 0, 0, 0]|[0, 0, 1, 0, 2, 0, 1, 0, 0, 1, 0, 1, 0, 0, 0, 2, 0, 1, 2, 1],407.145286647958;12289.821770709996;25025.720435131694,false,0
1,1,100,G2_TEC,[15, 19, 1, 11, 7, 9, 10, 3, 8, 17, 18, 16, 5, 4, 13, 14, 0, 6, 2, 12]|[2, 0, 1, 1, 1, 2, 0, 2, 2, 1, 1, 0, 2, 0, 1, 0, 1, 0, 2, 2]|[0, 3, 1, 1, 1, 1, 2, 0, 1, 1, 1, 2, 1, 2, 0, 1, 0, 3, 1, 1]|[1, 1, 1, 1, 0, 0, 1, 0, 0, 1, 0, 2, 0, 0, 1, 1, 0, 0, 1, 0],384.018330693903;12473.642618942311;23112.740527410788,false,0
1,1,100,G3_TWC,[13, 16, 3, 2, 11, 6, 7, 12, 9, 10, 5, 19, 0, 17, 14, 18, 15, 1, 8, 4]|[0, 1, 2, 2, 1, 0, 0, 2, 2, 0, 2, 1, 1, 1, 2, 1, 1, 1, 0, 0]|[2, 0, 0, 1, 0, 1, 2, 1, 1, 3, 1, 0, 0, 1, 0, 1, 1, 0, 3, 1]|[1, 0, 0, 1, 1, 1, 1, 1, 1, 1, 1, 1, 0, 1, 0, 0, 0, 1, 2, 1],416.722374883449;13243.677469972346;22336.874394532308,false,0
2,1,200,G1_CMAX,[3, 14, 6, 16, 15, 4, 19, 11, 10, 9, 1, 13, 8, 2, 7, 5, 0, 17, 18, 12]|[0, 0, 1, 1, 1, 1, 2, 0, 1, 1, 0, 2, 2, 0, 1, 0, 0, 2, 2, 2]|[0, 0, 1, 0, 0, 1, 0, 2, 0, 0, 1, 1, 0, 0, 1, 3, 2, 0, 0, 0]|[2, 2, 0, 1, 1, 0, 1, 0, 1, 0, 0, 0, 1, 1, 1, 0, 2, 1, 1, 1],249.672761520688;11531.497004920822;17886.996611914943,false,0
2,1,200,G4_BALANCED,[6, 19, 12, 5, 4, 16, 3, 9, 10, 17, 2, 18, 13, 1, 7, 14, 11, 8, 0, 15]|[2, 1, 1, 0, 1, 0, 1, 0, 2, 0, 2, 0, 2, 1, 1, 1, 1, 2, 0, 0]|[0, 1, 1, 0, 0, 3, 0, 3, 0, 0, 0, 0, 0, 1, 1, 0, 1, 1, 3, 1]|[1, 1, 1, 0, 0, 1, 1, 2, 0, 0, 1, 1, 1, 0, 1, 1, 1, 1, 2, 1],296.355328703578;11013.394241353533;16923.839482043684,false,0
2,1,200,G2_TEC,[17, 3, 15, 11, 7, 2, 8, 14, 1, 0, 4, 10, 19, 12, 13, 18, 6, 9, 16, 5]|[1, 0, 1, 2, 1, 2, 1, 1, 1, 0, 1, 1, 2, 2, 1, 0, 2, 0, 1, 0]|[1, 0, 1, 1, 1, 0, 1, 1, 0, 0, 0, 1, 0, 1, 1, 3, 0, 3, 0, 0]|[0, 2, 1, 0, 0, 0, 1, 1, 1, 0, 1, 0, 0, 1, 1, 2, 1, 2, 1, 0],380.474371525070;10589.586006761776;21742.354562992085,false,0
2,1,200,G3_TWC,[6, 19, 12, 5, 4, 16, 3, 9, 10, 17, 2, 18, 13, 1, 7, 14, 11, 8, 0, 15]|[2, 1, 1, 0, 1, 0, 1, 0, 2, 0, 2, 0, 2, 1, 1, 1, 1, 2, 0, 0]|[0, 1, 1, 0, 0, 3, 0, 3, 0, 0, 0, 0, 0, 1, 1, 0, 1, 1, 3, 1]|[1, 1, 1, 0, 0, 1, 1, 2, 0, 0, 1, 1, 1, 0, 1, 1, 1, 1, 2, 1],296.355328703578;11013.394241353533;16923.839482043684,false,0
3,1,300,G1_CMAX,[3, 14, 6, 16, 15, 4, 19, 11, 10, 9, 1, 13, 8, 2, 7, 5, 0, 17, 18, 12]|[0, 0, 1, 1, 1, 1, 2, 0, 1, 1, 0, 2, 2, 0, 1, 0, 0, 2, 2, 2]|[0, 0, 1, 0, 0, 1, 0, 2, 0, 0, 1, 1, 0, 0, 1, 3, 2, 0, 0, 0]|[2, 2, 0, 1, 1, 0, 1, 0, 1, 0, 0, 0, 1, 1, 1, 0, 2, 1, 1, 1],249.672761520688;11531.497004920822;17886.996611914943,false,0
3,1,300,G4_BALANCED,[6, 19, 12, 5, 4, 16, 3, 9, 10, 17, 2, 18, 13, 1, 7, 14, 11, 8, 0, 15]|[2, 1, 1, 0, 1, 0, 1, 0, 2, 0, 2, 0, 2, 1, 1, 1, 1, 2, 0, 0]|[0, 1, 1, 0, 0, 3, 0, 3, 0, 0, 0, 0, 0, 1, 1, 0, 1, 1, 3, 1]|[1, 1, 1, 0, 0, 1, 1, 2, 0, 0, 1, 1, 1, 0, 1, 1, 1, 1, 2, 1],296.355328703578;11013.394241353533;16923.839482043684,false,0
3,1,300,G2_TEC,[6, 19, 12, 5, 4, 16, 3, 9, 10, 15, 1, 8, 11, 14, 7, 0, 18, 13, 17, 2]|[0, 2, 0, 0, 1, 1, 2, 0, 2, 1, 1, 2, 1, 2, 1, 2, 1, 0, 0, 2]|[0, 0, 2, 3, 1, 1, 0, 3, 0, 0, 1, 1, 1, 1, 1, 0, 1, 0, 3, 0]|[0, 0, 1, 0, 1, 0, 0, 1, 0, 1, 0, 1, 1, 1, 1, 1, 1, 2, 1, 1],263.066093922292;10450.767426087710;20255.712317365575,false,0
3,1,300,G3_TWC,[6, 19, 12, 5, 4, 16, 3, 9, 10, 17, 2, 18, 13, 1, 7, 14, 11, 8, 0, 15]|[2, 1, 1, 0, 1, 0, 1, 0, 2, 0, 2, 0, 2, 1, 1, 1, 1, 2, 0, 0]|[0, 1, 1, 0, 0, 3, 0, 3, 0, 0, 0, 0, 0, 1, 1, 0, 1, 1, 3, 1]|[1, 1, 1, 0, 0, 1, 1, 2, 0, 0, 1, 1, 1, 0, 1, 1, 1, 1, 2, 1],296.355328703578;11013.394241353533;16923.839482043684,false,0
4,1,400,G1_CMAX,[6, 19, 12, 5, 4, 16, 3, 9, 10, 17, 2, 18, 13, 14, 8, 11, 7, 1, 15, 0]|[2, 1, 1, 2, 1, 0, 1, 0, 1, 0, 2, 0, 2, 1, 0, 2, 1, 1, 0, 2]|[0, 1, 1, 1, 0, 3, 0, 3, 1, 0, 0, 0, 0, 0, 0, 1, 0, 1, 3, 0]|[1, 1, 1, 0, 0, 1, 1, 2, 1, 0, 0, 1, 1, 1, 0, 0, 1, 0, 2, 1],226.990629343372;11222.562238393700;18721.405401333030,false,0
4,1,400,G4_BALANCED,[3, 14, 6, 16, 15, 4, 19, 11, 1, 7, 5, 8, 13, 10, 12, 2, 18, 9, 17, 0]|[0, 0, 1, 1, 1, 1, 2, 0, 0, 0, 0, 2, 2, 0, 2, 2, 1, 1, 0, 2]|[0, 0, 1, 0, 0, 0, 0, 2, 1, 3, 3, 1, 1, 3, 0, 0, 1, 0, 3, 0]|[2, 2, 0, 1, 1, 1, 1, 0, 0, 2, 0, 1, 0, 0, 1, 1, 1, 0, 1, 1],313.525112942602;10998.383481248646;17216.360489966260,false,0
4,1,400,G2_TEC,[6, 19, 12, 5, 4, 16, 3, 9, 10, 15, 1, 8, 11, 14, 7, 0, 18, 13, 17, 2]|[0, 2, 0, 0, 1, 1, 2, 0, 2, 1, 1, 2, 1, 2, 1, 2, 1, 0, 0, 2]|[0, 0, 2, 3, 1, 1, 0, 3, 0, 0, 1, 1, 1, 1, 1, 0, 1, 0, 3, 0]|[0, 0, 1, 0, 1, 0, 0, 1, 0, 1, 0, 1, 1, 1, 1, 1, 1, 2, 1, 1],263.066093922292;10450.767426087710;20255.712317365575,false,0
4,1,400,G3_TWC,[6, 19, 12, 5, 4, 16, 3, 18, 10, 14, 1, 15, 13, 17, 8, 0, 7, 9, 2, 11]|[0, 0, 1, 0, 1, 0, 0, 0, 1, 1, 0, 2, 2, 2, 1, 0, 0, 0, 2, 0]|[3, 3, 1, 0, 1, 0, 2, 0, 1, 0, 1, 1, 0, 0, 1, 0, 0, 0, 0, 2]|[0, 1, 1, 0, 1, 0, 0, 1, 0, 1, 2, 0, 1, 1, 1, 0, 0, 1, 0, 2],409.725083820909;11181.290734037322;15083.420830699426,false,0
5,1,500,G1_CMAX,[6, 19, 12, 5, 4, 16, 3, 9, 10, 17, 2, 18, 13, 14, 8, 11, 7, 1, 15, 0]|[2, 1, 1, 2, 1, 0, 1, 0, 1, 0, 2, 0, 2, 1, 0, 2, 1, 1, 0, 2]|[0, 1, 1, 1, 0, 3, 0, 3, 1, 0, 0, 0, 0, 0, 0, 1, 0, 1, 3, 0]|[1, 1, 1, 0, 0, 1, 1, 2, 1, 0, 1, 1, 1, 1, 0, 0, 1, 0, 2, 1],226.990629343372;11104.352378173600;18140.749392244250,false,0
5,1,500,G4_BALANCED,[3, 14, 6, 5, 19, 16, 7, 18, 10, 4, 1, 15, 13, 17, 8, 0, 12, 9, 2, 11]|[0, 0, 1, 2, 2, 1, 0, 2, 0, 1, 0, 2, 2, 0, 1, 2, 1, 0, 2, 0]|[3, 3, 1, 0, 0, 0, 2, 1, 3, 0, 1, 1, 0, 3, 1, 0, 1, 0, 0, 2]|[0, 1, 0, 0, 1, 1, 0, 0, 0, 1, 2, 0, 1, 1, 1, 1, 1, 1, 0, 2],273.307106391696;10735.923172034594;16720.511587423658,false,0
5,1,500,G2_TEC,[6, 19, 12, 5, 4, 16, 3, 9, 15, 10, 7, 8, 14, 1, 11, 0, 18, 13, 17, 2]|[2, 0, 1, 0, 2, 0, 2, 0, 1, 2, 1, 2, 1, 0, 1, 2, 0, 0, 0, 2]|[0, 0, 1, 3, 0, 3, 0, 3, 0, 0, 1, 1, 0, 3, 1, 0, 0, 0, 3, 0]|[1, 2, 1, 0, 1, 0, 0, 2, 1, 0, 1, 1, 1, 0, 0, 1, 1, 2, 1, 1],335.125994879811;10428.392721079592;17341.319725869223,false,0
5,1,500,G3_TWC,[6, 19, 12, 5, 4, 16, 3, 18, 10, 14, 17, 8, 7, 13, 9, 0, 15, 11, 2, 1]|[0, 0, 1, 0, 1, 0, 0, 0, 1, 2, 1, 2, 0, 2, 0, 0, 2, 1, 2, 0]|[3, 2, 1, 3, 0, 0, 2, 2, 1, 0, 0, 0, 0, 0, 0, 0, 1, 1, 0, 1]|[0, 2, 1, 0, 1, 0, 1, 2, 0, 0, 1, 1, 0, 1, 1, 0, 0, 1, 1, 2],360.648478639080;11062.877908882878;14706.833631149617,false,0
6,1,600,G1_CMAX,[6, 19, 12, 5, 4, 16, 3, 9, 10, 17, 2, 18, 13, 14, 8, 11, 7, 1, 15, 0]|[2, 1, 1, 2, 1, 0, 1, 0, 1, 0, 2, 0, 2, 1, 0, 2, 1, 1, 0, 2]|[0, 1, 1, 1, 0, 3, 0, 3, 1, 0, 0, 0, 0, 0, 0, 1, 0, 1, 3, 0]|[1, 1, 1, 0, 0, 1, 1, 2, 1, 0, 1, 1, 1, 1, 0, 0, 1, 0, 2, 1],226.990629343372;11104.352378173600;18140.749392244250,false,0
6,1,600,G4_BALANCED,[3, 14, 6, 5, 19, 16, 7, 18, 10, 4, 1, 15, 13, 17, 8, 0, 12, 9, 2, 11]|[0, 0, 1, 2, 2, 1, 0, 2, 0, 1, 0, 2, 2, 0, 1, 2, 1, 0, 2, 0]|[3, 3, 1, 0, 0, 0, 2, 1, 3, 0, 1, 1, 0, 3, 1, 0, 1, 0, 0, 2]|[0, 1, 0, 0, 1, 1, 0, 0, 0, 1, 2, 0, 1, 1, 1, 1, 1, 1, 0, 2],273.307106391696;10735.923172034594;16720.511587423658,false,0
6,1,600,G2_TEC,[3, 14, 6, 5, 19, 13, 2, 11, 15, 7, 10, 9, 17, 16, 12, 4, 18, 8, 1, 0]|[2, 0, 1, 0, 1, 0, 2, 1, 1, 0, 0, 0, 2, 1, 2, 1, 1, 0, 0, 2]|[0, 3, 1, 3, 1, 3, 0, 1, 0, 3, 3, 0, 1, 0, 0, 0, 0, 0, 3, 0]|[0, 1, 0, 0, 1, 1, 1, 0, 1, 2, 0, 1, 1, 1, 0, 1, 1, 2, 1, 1],323.042633346003;10425.331556933170;17126.753210551793,false,0
6,1,600,G3_TWC,[6, 19, 12, 5, 4, 16, 3, 18, 10, 14, 17, 8, 7, 13, 9, 0, 15, 11, 2, 1]|[0, 0, 1, 0, 1, 0, 0, 0, 1, 2, 1, 2, 0, 2, 0, 0, 2, 1, 2, 0]|[3, 2, 1, 3, 0, 0, 2, 2, 1, 0, 0, 0, 0, 0, 0, 0, 1, 1, 0, 1]|[0, 2, 1, 0, 1, 0, 1, 2, 0, 0, 1, 1, 0, 1, 1, 0, 0, 1, 1, 2],360.648478639080;11062.877908882878;14706.833631149617,false,0
7,1,700,G1_CMAX,[3, 14, 11, 10, 2, 9, 8, 12, 0, 13, 5, 6, 17, 16, 15, 4, 18, 19, 7, 1]|[0, 0, 1, 2, 2, 1, 2, 0, 2, 1, 0, 1, 0, 0, 1, 1, 1, 2, 0, 2]|[0, 0, 1, 0, 0, 1, 1, 2, 0, 1, 3, 1, 3, 3, 0, 0, 1, 0, 3, 0]|[0, 2, 0, 0, 1, 0, 1, 1, 1, 1, 0, 0, 1, 0, 1, 1, 1, 0, 2, 1],292.153714966035;10485.934088427937;18420.378302618480,false,0
7,1,700,G4_BALANCED,[3, 14, 6, 16, 15, 4, 19, 11, 10, 9, 1, 8, 0, 12, 18, 17, 5, 7, 2, 13]|[0, 0, 2, 1, 1, 1, 2, 0, 0, 1, 1, 2, 0, 1, 2, 2, 0, 0, 0, 2]|[2, 0, 0, 0, 0, 0, 0, 2, 3, 0, 1, 0, 2, 1, 0, 0, 3, 1, 0, 1]|[0, 2, 0, 1, 1, 1, 1, 0, 2, 0, 1, 1, 2, 1, 1, 1, 0, 0, 1, 0],292.843892228668;11328.751590544634;16346.303591973312,false,0
7,1,700,G2_TEC,[3, 14, 6, 5, 19, 13, 2, 11, 15, 7, 10, 9, 17, 16, 12, 4, 18, 8, 1, 0]|[2, 0, 1, 0, 1, 0, 2, 1, 1, 0, 0, 0, 2, 1, 2, 1, 1, 0, 0, 2]|[0, 3, 1, 3, 1, 3, 0, 1, 0, 3, 3, 0, 1, 0, 0, 0, 0, 0, 3, 0]|[0, 1, 0, 0, 1, 1, 1, 0, 1, 2, 0, 1, 1, 1, 0, 1, 1, 2, 1, 1],323.042633346003;10425.331556933170;17126.753210551793,false,0
7,1,700,G3_TWC,[3, 14, 6, 5, 19, 16, 7, 9, 4, 2, 13, 12, 10, 8, 11, 0, 17, 18, 15, 1]|[0, 0, 1, 2, 2, 1, 0, 0, 1, 2, 2, 0, 0, 1, 2, 2, 0, 0, 2, 1]|[3, 3, 1, 0, 0, 0, 2, 2, 1, 0, 0, 3, 0, 1, 0, 0, 3, 2, 1, 1]|[1, 1, 0, 0, 1, 1, 0, 0, 0, 0, 1, 1, 0, 1, 1, 1, 1, 2, 0, 0],280.779166246940;10695.552466108853;17656.232152058170,false,0
8,1,800,G1_CMAX,[3, 14, 11, 10, 2, 9, 8, 12, 0, 13, 5, 6, 17, 16, 15, 4, 18, 19, 7, 1]|[0, 0, 1, 2, 2, 1, 2, 0, 2, 1, 0, 1, 0, 0, 1, 1, 1, 2, 0, 2]|[0, 0, 1, 0, 0, 1, 1, 2, 0, 1, 3, 1, 3, 3, 0, 0, 1, 0, 3, 0]|[0, 2, 0, 0, 1, 0, 1, 1, 1, 1, 0, 0, 1, 0, 1, 1, 1, 0, 2, 1],292.153714966035;10485.934088427937;18420.378302618480,false,0
8,1,800,G4_BALANCED,[3, 14, 6, 16, 15, 4, 19, 11, 10, 9, 1, 8, 0, 12, 18, 17, 5, 7, 2, 13]|[0, 0, 2, 1, 1, 1, 2, 0, 0, 1, 1, 2, 0, 1, 2, 2, 0, 0, 0, 2]|[2, 0, 0, 0, 0, 0, 0, 2, 3, 0, 1, 0, 2, 1, 0, 0, 3, 1, 0, 1]|[0, 2, 0, 1, 1, 1, 1, 0, 2, 0, 1, 1, 2, 1, 1, 1, 0, 0, 1, 0],292.843892228668;11328.751590544634;16346.303591973312,false,0
8,1,800,G2_TEC,[6, 19, 12, 5, 4, 16, 3, 11, 15, 7, 14, 9, 10, 8, 2, 1, 18, 13, 17, 0]|[2, 2, 1, 0, 1, 0, 2, 1, 1, 0, 0, 0, 1, 2, 2, 1, 1, 0, 0, 2]|[0, 0, 1, 3, 1, 3, 0, 1, 0, 3, 3, 3, 0, 1, 0, 1, 1, 0, 3, 0]|[0, 0, 0, 0, 1, 1, 0, 0, 1, 2, 0, 1, 1, 1, 1, 0, 1, 2, 1, 1],331.082935183030;10215.717360608429;17667.157648099965,false,0
8,1,800,G3_TWC,[6, 19, 12, 5, 4, 16, 3, 18, 10, 14, 17, 8, 7, 13, 9, 0, 15, 11, 2, 1]|[0, 0, 1, 0, 1, 0, 0, 0, 1, 2, 1, 2, 0, 2, 0, 0, 2, 1, 2, 0]|[3, 2, 1, 3, 0, 0, 2, 2, 1, 0, 0, 0, 0, 0, 0, 0, 1, 1, 0, 1]|[0, 2, 1, 0, 1, 0, 1, 2, 0, 0, 1, 1, 0, 1, 1, 0, 0, 1, 1, 2],360.648478639080;11062.877908882878;14706.833631149617,false,0
9,1,900,G1_CMAX,[6, 19, 12, 5, 4, 13, 2, 11, 15, 7, 10, 9, 14, 16, 3, 1, 18, 8, 17, 0]|[2, 2, 0, 0, 1, 0, 2, 1, 1, 0, 2, 0, 1, 0, 2, 0, 0, 2, 0, 2]|[0, 0, 2, 3, 1, 0, 0, 1, 0, 3, 0, 3, 0, 3, 0, 3, 0, 1, 3, 0]|[1, 0, 1, 0, 1, 2, 1, 0, 1, 2, 0, 1, 1, 0, 0, 0, 1, 1, 1, 1],325.646837284218;10515.842799578764;15979.946553120760,false,0
9,1,900,G4_BALANCED,[3, 14, 6, 16, 15, 4, 19, 11, 10, 9, 1, 8, 0, 12, 18, 17, 5, 7, 2, 13]|[0, 0, 2, 1, 1, 1, 2, 0, 0, 1, 1, 2, 0, 1, 2, 2, 0, 0, 0, 2]|[2, 0, 0, 0, 0, 0, 0, 2, 3, 0, 1, 0, 2, 1, 0, 0, 3, 1, 0, 1]|[0, 2, 0, 1, 1, 1, 1, 0, 2, 0, 1, 1, 2, 1, 1, 1, 0, 0, 1, 0],292.843892228668;11328.751590544634;16346.303591973312,false,0
9,1,900,G2_TEC,[6, 19, 12, 5, 4, 16, 3, 2, 15, 7, 10, 8, 14, 1, 18, 13, 17, 9, 11, 0]|[2, 2, 0, 0, 1, 0, 2, 1, 1, 0, 1, 2, 0, 1, 1, 2, 2, 0, 1, 2]|[0, 1, 2, 3, 1, 3, 0, 1, 0, 3, 0, 1, 3, 1, 1, 0, 0, 3, 1, 0]|[0, 1, 1, 0, 1, 0, 0, 0, 1, 2, 1, 1, 0, 0, 1, 1, 0, 1, 0, 1],265.604512157255;10294.906148972264;18742.339641749182,false,0
9,1,900,G3_TWC,[3, 14, 6, 5, 19, 16, 7, 9, 4, 2, 17, 0, 18, 13, 11, 10, 12, 8, 1, 15]|[0, 1, 1, 2, 2, 1, 0, 0, 1, 2, 0, 1, 0, 2, 2, 0, 0, 0, 1, 0]|[3, 0, 1, 0, 0, 0, 2, 2, 1, 0, 3, 0, 2, 0, 0, 0, 0, 0, 1, 3]|[1, 1, 0, 0, 1, 1, 2, 0, 0, 0, 1, 1, 2, 1, 1, 0, 2, 0, 0, 2],306.748932568554;10794.009198605936;16072.105226674026,false,0
10,1,1000,G1_CMAX,[6, 19, 12, 5, 4, 13, 2, 11, 15, 7, 10, 9, 14, 16, 3, 1, 18, 8, 17, 0]|[2, 2, 0, 0, 1, 0, 2, 1, 1, 0, 2, 0, 1, 0, 2, 0, 0, 2, 0, 2]|[0, 0, 2, 3, 1, 0, 0, 1, 0, 3, 0, 3, 0, 3, 0, 3, 0, 1, 3, 0]|[1, 0, 1, 0, 1, 2, 1, 0, 1, 2, 0, 1, 1, 0, 0, 0, 1, 1, 1, 1],325.646837284218;10515.842799578764;15979.946553120760,false,0
10,1,1000,G4_BALANCED,[3, 14, 11, 10, 2, 7, 8, 17, 6, 19, 4, 13, 18, 12, 9, 16, 15, 5, 1, 0]|[0, 1, 2, 1, 2, 1, 2, 0, 2, 2, 1, 0, 1, 2, 1, 0, 2, 0, 1, 0]|[0, 1, 1, 1, 0, 1, 0, 3, 0, 0, 0, 0, 0, 0, 1, 3, 0, 0, 0, 3]|[2, 1, 0, 0, 1, 0, 1, 1, 1, 0, 1, 2, 1, 0, 0, 0, 1, 0, 1, 2],264.463432007735;10735.293526528590;17944.657694928224,false,0
10,1,1000,G2_TEC,[6, 19, 12, 5, 4, 16, 3, 2, 15, 7, 10, 8, 14, 1, 18, 13, 17, 9, 11, 0]|[2, 2, 0, 0, 1, 0, 2, 1, 1, 0, 1, 2, 0, 1, 1, 2, 2, 0, 1, 2]|[0, 1, 2, 3, 1, 3, 0, 1, 0, 3, 0, 1, 3, 1, 1, 0, 0, 3, 1, 0]|[0, 1, 1, 0, 1, 0, 0, 0, 1, 2, 1, 1, 0, 0, 1, 1, 0, 1, 0, 1],265.604512157255;10294.906148972264;18742.339641749182,false,0
10,1,1000,G3_TWC,[3, 14, 11, 10, 2, 9, 8, 12, 0, 4, 15, 19, 17, 18, 6, 16, 7, 13, 5, 1]|[2, 2, 1, 2, 2, 0, 0, 0, 2, 1, 1, 2, 0, 1, 0, 0, 0, 0, 0, 1]|[0, 1, 1, 0, 0, 3, 2, 2, 0, 0, 0, 0, 3, 1, 2, 3, 3, 0, 3, 1]|[0, 1, 0, 0, 1, 1, 0, 1, 1, 1, 1, 0, 1, 1, 2, 0, 2, 2, 0, 1],365.849478760695;10484.661746025600;15820.112446645639,false,0
11,1,1100,G1_CMAX,[6, 19, 12, 5, 4, 16, 3, 9, 10, 17, 2, 18, 13, 14, 8, 11, 7, 1, 15, 0]|[2, 1, 1, 2, 1, 0, 1, 0, 1, 0, 2, 0, 2, 1, 0, 2, 1, 1, 0, 2]|[0, 1, 1, 1, 0, 3, 0, 3, 1, 0, 0, 0, 0, 0, 0, 1, 0, 1, 3, 0]|[1, 1, 1, 0, 0, 1, 1, 2, 1, 0, 1, 1, 1, 1, 0, 0, 1, 0, 2, 1],226.990629343372;11104.352378173600;18140.749392244250,false,0
11,1,1100,G4_BALANCED,[6, 19, 12, 5, 4, 16, 0, 11, 13, 10, 8, 9, 17, 18, 3, 7, 15, 1, 14, 2]|[2, 2, 0, 0, 1, 0, 2, 1, 0, 2, 2, 0, 2, 1, 2, 0, 1, 1, 2, 2]|[0, 1, 2, 3, 1, 3, 0, 1, 0, 0, 1, 3, 0, 1, 0, 3, 0, 1, 1, 0]|[0, 1, 1, 0, 1, 1, 1, 1, 2, 0, 1, 1, 0, 1, 0, 2, 1, 0, 1, 1],258.561826812077;10395.571356030498;17854.552236567410,false,0
11,1,1100,G2_TEC,[6, 19, 12, 5, 4, 16, 17, 3, 2, 11, 14, 18, 0, 9, 1, 8, 7, 13, 15, 10]|[0, 1, 2, 0, 0, 2, 2, 2, 1, 2, 1, 0, 0, 0, 2, 2, 1, 0, 1, 1]|[3, 1, 1, 3, 2, 1, 0, 1, 1, 1, 0, 0, 0, 3, 1, 1, 0, 3, 1, 1]|[0, 1, 0, 0, 2, 1, 0, 1, 0, 1, 1, 1, 2, 2, 1, 1, 1, 2, 1, 1],271.363357507922;10617.082923136555;17791.280573606073,false,0
11,1,1100,G3_TWC,[3, 14, 11, 10, 2, 9, 8, 12, 0, 4, 15, 19, 17, 18, 6, 16, 7, 13, 5, 1]|[2, 2, 1, 2, 2, 0, 0, 0, 2, 1, 1, 2, 0, 1, 0, 0, 0, 0, 0, 1]|[0, 1, 1, 0, 0, 3, 2, 2, 0, 0, 0, 0, 3, 1, 2, 3, 3, 0, 3, 1]|[0, 1, 0, 0, 1, 1, 0, 1, 1, 1, 1, 0, 1, 1, 2, 0, 2, 2, 0, 1],365.849478760695;10484.661746025600;15820.112446645639,false,0
12,1,1200,G1_CMAX,[6, 19, 12, 5, 4, 16, 3, 9, 10, 17, 2, 18, 13, 14, 8, 11, 7, 1, 15, 0]|[2, 1, 1, 2, 1, 0, 1, 0, 1, 0, 2, 0, 2, 1, 0, 2, 1, 1, 0, 2]|[0, 1, 1, 1, 0, 3, 0, 3, 1, 0, 0, 0, 0, 0, 0, 1, 0, 1, 3, 0]|[1, 1, 1, 0, 0, 1, 1, 2, 1, 0, 1, 1, 1, 1, 0, 0, 1, 0, 2, 1],226.990629343372;11104.352378173600;18140.749392244250,false,0
12,1,1200,G4_BALANCED,[6, 19, 12, 5, 4, 16, 0, 11, 13, 10, 8, 9, 17, 18, 3, 7, 15, 1, 14, 2]|[2, 2, 0, 0, 1, 0, 2, 1, 0, 2, 2, 0, 2, 1, 2, 0, 1, 1, 2, 2]|[0, 1, 2, 3, 1, 3, 0, 1, 0, 0, 1, 3, 0, 1, 0, 3, 0, 1, 1, 0]|[0, 1, 1, 0, 1, 1, 1, 1, 2, 0, 1, 1, 0, 1, 0, 2, 1, 0, 1, 1],258.561826812077;10395.571356030498;17854.552236567410,false,0
12,1,1200,G2_TEC,[6, 19, 12, 5, 4, 16, 8, 17, 3, 9, 10, 13, 14, 11, 7, 1, 18, 0, 15, 2]|[0, 1, 2, 1, 0, 2, 2, 0, 1, 0, 1, 0, 1, 2, 0, 2, 0, 0, 0, 1]|[3, 1, 0, 1, 2, 1, 1, 3, 0, 3, 1, 3, 1, 0, 3, 1, 0, 3, 0, 1]|[0, 1, 0, 0, 2, 1, 1, 1, 1, 2, 1, 1, 1, 0, 0, 1, 1, 2, 0, 1],325.769300520403;10040.501232651068;16081.382388774446,false,0
12,1,1200,G3_TWC,[6, 19, 12, 5, 4, 16, 3, 18, 10, 14, 17, 8, 7, 13, 9, 0, 15, 11, 2, 1]|[0, 0, 1, 0, 1, 0, 0, 0, 1, 2, 1, 2, 0, 2, 0, 0, 2, 1, 2, 0]|[3, 2, 1, 3, 0, 0, 2, 2, 1, 0, 0, 0, 0, 0, 0, 0, 1, 1, 0, 1]|[0, 2, 1, 0, 1, 0, 1, 2, 0, 0, 1, 1, 0, 1, 1, 0, 0, 1, 1, 2],360.648478639080;11062.877908882878;14706.833631149617,false,0
13,1,1300,G1_CMAX,[6, 19, 12, 5, 4, 16, 3, 9, 10, 17, 2, 18, 13, 14, 8, 11, 7, 1, 15, 0]|[2, 1, 1, 2, 1, 0, 1, 0, 1, 0, 2, 0, 2, 1, 0, 2, 1, 1, 0, 2]|[0, 1, 1, 1, 0, 3, 0, 3, 1, 0, 0, 0, 0, 0, 0, 1, 0, 1, 3, 0]|[1, 1, 1, 0, 0, 1, 1, 2, 1, 0, 1, 1, 1, 1, 0, 0, 1, 0, 2, 1],226.990629343372;11104.352378173600;18140.749392244250,false,0
13,1,1300,G4_BALANCED,[6, 19, 12, 5, 4, 16, 0, 11, 13, 10, 8, 9, 17, 18, 3, 7, 15, 1, 14, 2]|[2, 2, 0, 0, 1, 0, 2, 1, 0, 2, 2, 0, 2, 1, 2, 0, 1, 1, 2, 2]|[0, 1, 2, 3, 1, 3, 0, 1, 0, 0, 1, 3, 0, 1, 0, 3, 0, 1, 1, 0]|[0, 1, 1, 0, 1, 1, 1, 1, 2, 0, 1, 1, 0, 1, 0, 2, 1, 0, 1, 1],258.561826812077;10395.571356030498;17854.552236567410,false,0
13,1,1300,G2_TEC,[6, 19, 12, 5, 4, 16, 8, 17, 3, 9, 10, 13, 14, 11, 7, 1, 18, 0, 15, 2]|[0, 1, 2, 1, 0, 2, 2, 0, 1, 0, 1, 0, 1, 2, 0, 2, 0, 0, 0, 1]|[3, 1, 0, 1, 2, 1, 1, 3, 0, 3, 1, 3, 1, 0, 3, 1, 0, 3, 0, 1]|[0, 1, 0, 0, 2, 1, 1, 1, 1, 2, 1, 1, 1, 0, 0, 1, 1, 2, 0, 1],325.769300520403;10040.501232651068;16081.382388774446,false,0
13,1,1300,G3_TWC,[6, 19, 12, 5, 4, 16, 3, 18, 10, 14, 17, 8, 7, 13, 9, 0, 15, 11, 2, 1]|[0, 0, 1, 0, 1, 0, 0, 0, 1, 2, 1, 2, 0, 2, 0, 0, 2, 1, 2, 0]|[3, 2, 1, 3, 0, 0, 2, 2, 1, 0, 0, 0, 0, 0, 0, 0, 1, 1, 0, 1]|[0, 2, 1, 0, 1, 0, 1, 2, 0, 0, 1, 1, 0, 1, 1, 0, 0, 1, 1, 2],360.648478639080;11062.877908882878;14706.833631149617,false,0
14,1,1400,G1_CMAX,[3, 14, 6, 5, 19, 16, 7, 18, 10, 4, 1, 15, 13, 17, 8, 0, 12, 9, 2, 11]|[0, 0, 1, 2, 2, 1, 0, 2, 0, 1, 0, 2, 2, 0, 1, 2, 1, 0, 2, 0]|[3, 3, 1, 0, 0, 0, 2, 1, 3, 0, 1, 1, 0, 3, 1, 0, 1, 0, 0, 2]|[0, 1, 0, 0, 1, 1, 0, 0, 0, 1, 2, 0, 1, 1, 1, 1, 1, 1, 0, 2],273.307106391696;10735.923172034594;16720.511587423658,false,0
14,1,1400,G4_BALANCED,[6, 19, 12, 5, 4, 16, 3, 2, 15, 7, 10, 8, 14, 1, 18, 13, 17, 9, 11, 0]|[2, 2, 0, 0, 1, 0, 2, 1, 1, 0, 1, 2, 0, 1, 1, 2, 2, 0, 1, 2]|[0, 1, 2, 3, 1, 3, 0, 1, 0, 3, 0, 1, 3, 1, 1, 0, 0, 3, 1, 0]|[0, 1, 1, 0, 1, 0, 0, 0, 1, 2, 1, 1, 0, 0, 1, 1, 0, 1, 0, 1],265.604512157255;10294.906148972264;18742.339641749182,false,0
14,1,1400,G2_TEC,[6, 19, 12, 5, 4, 16, 3, 11, 15, 8, 13, 2, 17, 14, 9, 0, 7, 18, 10, 1]|[2, 0, 1, 2, 1, 1, 2, 1, 0, 2, 1, 2, 1, 0, 0, 0, 0, 0, 2, 2]|[0, 0, 1, 0, 1, 0, 1, 1, 3, 1, 1, 0, 1, 3, 3, 0, 3, 2, 0, 0]|[0, 2, 0, 0, 1, 1, 1, 0, 0, 1, 1, 1, 1, 0, 1, 0, 2, 2, 0, 1],226.021205120391;10329.105659430683;18268.658496026380,false,0
14,1,1400,G3_TWC,[6, 19, 12, 5, 4, 16, 3, 18, 10, 14, 17, 8, 7, 13, 9, 0, 15, 11, 2, 1]|[0, 0, 1, 0, 1, 0, 0, 0, 1, 2, 1, 2, 0, 2, 0, 0, 2, 1, 2, 0]|[3, 2, 1, 3, 0, 0, 2, 2, 1, 0, 0, 0, 0, 0, 0, 0, 1, 1, 0, 1]|[0, 2, 1, 0, 1, 0, 1, 2, 0, 0, 1, 1, 0, 1, 1, 0, 0, 1, 1, 2],360.648478639080;11062.877908882878;14706.833631149617,false,0
15,1,1500,G1_CMAX,[6, 19, 12, 5, 4, 16, 3, 9, 10, 17, 2, 18, 13, 14, 8, 11, 7, 1, 15, 0]|[2, 1, 1, 2, 1, 0, 1, 0, 1, 0, 2, 0, 2, 1, 0, 2, 1, 1, 0, 2]|[0, 1, 1, 1, 0, 3, 0, 3, 1, 0, 0, 0, 0, 0, 0, 1, 0, 1, 3, 0]|[1, 1, 1, 0, 0, 1, 1, 2, 1, 0, 1, 1, 1, 1, 0, 0, 1, 0, 2, 1],226.990629343372;11104.352378173600;18140.749392244250,false,0
15,1,1500,G4_BALANCED,[6, 19, 12, 5, 4, 16, 0, 11, 13, 10, 8, 9, 17, 18, 3, 7, 15, 1, 14, 2]|[2, 2, 0, 0, 1, 0, 2, 1, 0, 2, 2, 0, 2, 1, 2, 0, 1, 1, 2, 2]|[0, 1, 2, 3, 1, 3, 0, 1, 0, 0, 1, 3, 0, 1, 0, 3, 0, 1, 1, 0]|[0, 1, 1, 0, 1, 1, 1, 1, 2, 0, 1, 1, 0, 1, 0, 2, 1, 0, 1, 1],258.561826812077;10395.571356030498;17854.552236567410,false,0
15,1,1500,G2_TEC,[6, 19, 12, 5, 4, 16, 3, 11, 15, 8, 13, 2, 17, 14, 9, 0, 7, 18, 10, 1]|[2, 0, 1, 2, 1, 1, 2, 1, 0, 2, 1, 2, 1, 0, 0, 0, 0, 0, 2, 2]|[0, 0, 1, 0, 1, 0, 1, 1, 3, 1, 1, 0, 1, 3, 3, 0, 3, 2, 0, 0]|[0, 2, 0, 0, 1, 1, 1, 0, 0, 1, 1, 1, 1, 0, 1, 0, 2, 2, 0, 1],226.021205120391;10329.105659430683;18268.658496026380,false,0
15,1,1500,G3_TWC,[6, 19, 12, 5, 4, 16, 3, 18, 10, 14, 17, 8, 7, 13, 9, 0, 15, 11, 2, 1]|[0, 0, 1, 0, 1, 0, 0, 0, 1, 2, 1, 2, 0, 2, 0, 0, 2, 1, 2, 0]|[3, 2, 1, 3, 0, 0, 2, 2, 1, 0, 0, 0, 0, 0, 0, 0, 1, 1, 0, 1]|[0, 2, 1, 0, 1, 0, 1, 2, 0, 0, 1, 1, 0, 1, 1, 0, 0, 1, 1, 2],360.648478639080;11062.877908882878;14706.833631149617,false,0
16,1,1600,G1_CMAX,[6, 19, 12, 5, 4, 16, 3, 18, 2, 10, 7, 8, 14, 1, 9, 0, 15, 13, 17, 11]|[0, 2, 0, 0, 1, 0, 0, 0, 2, 1, 0, 2, 2, 1, 0, 2, 1, 0, 1, 1]|[3, 0, 2, 3, 0, 0, 2, 3, 0, 0, 3, 0, 0, 1, 0, 0, 0, 0, 0, 1]|[0, 0, 1, 0, 1, 0, 1, 1, 1, 1, 2, 1, 0, 1, 1, 1, 1, 2, 1, 0],336.280873199820;10909.986745245782;14793.139132082906,false,0
16,1,1600,G4_BALANCED,[6, 19, 12, 5, 4, 16, 0, 11, 13, 10, 8, 9, 17, 18, 3, 7, 15, 1, 14, 2]|[2, 2, 0, 0, 1, 0, 2, 1, 0, 2, 2, 0, 2, 1, 2, 0, 1, 1, 2, 2]|[0, 1, 2, 3, 1, 3, 0, 1, 0, 0, 1, 3, 0, 1, 0, 3, 0, 1, 1, 0]|[0, 1, 1, 0, 1, 1, 1, 1, 2, 0, 1, 1, 0, 1, 0, 2, 1, 0, 1, 1],258.561826812077;10395.571356030498;17854.552236567410,false,0
16,1,1600,G2_TEC,[6, 19, 12, 5, 4, 16, 8, 17, 3, 9, 10, 13, 14, 11, 7, 1, 18, 0, 15, 2]|[0, 1, 2, 1, 0, 2, 2, 0, 1, 0, 1, 0, 1, 2, 0, 2, 0, 0, 0, 1]|[3, 1, 0, 1, 2, 1, 1, 3, 0, 3, 1, 3, 1, 0, 3, 1, 0, 3, 0, 1]|[0, 1, 0, 0, 2, 1, 1, 1, 1, 2, 1, 1, 1, 0, 0, 1, 1, 2, 0, 1],325.769300520403;10040.501232651068;16081.382388774446,false,0
16,1,1600,G3_TWC,[3, 14, 6, 5, 19, 16, 7, 18, 10, 4, 1, 15, 13, 17, 8, 0, 12, 9, 2, 11]|[0, 0, 1, 2, 2, 1, 0, 2, 0, 1, 0, 2, 2, 0, 1, 2, 1, 0, 2, 0]|[3, 3, 1, 0, 0, 0, 2, 1, 3, 0, 1, 1, 0, 3, 1, 0, 1, 0, 0, 2]|[0, 1, 0, 0, 1, 1, 0, 0, 0, 1, 2, 0, 1, 1, 1, 1, 1, 1, 0, 2],273.307106391696;10735.923172034594;16720.511587423658,false,0
17,1,1700,G1_CMAX,[6, 19, 12, 5, 4, 16, 3, 18, 2, 10, 7, 8, 14, 1, 9, 0, 15, 13, 17, 11]|[0, 2, 0, 0, 1, 0, 0, 0, 2, 1, 0, 2, 2, 1, 0, 2, 1, 0, 1, 1]|[3, 0, 2, 3, 0, 0, 2, 3, 0, 0, 3, 0, 0, 1, 0, 0, 0, 0, 0, 1]|[0, 0, 1, 0, 1, 0, 1, 1, 1, 1, 2, 1, 0, 1, 1, 1, 1, 2, 1, 0],336.280873199820;10909.986745245782;14793.139132082906,false,0
17,1,1700,G4_BALANCED,[6, 19, 12, 5, 4, 16, 0, 11, 13, 10, 8, 9, 15, 17, 7, 1, 2, 18, 3, 14]|[2, 2, 1, 0, 1, 0, 2, 1, 0, 2, 0, 0, 1, 2, 0, 1, 2, 1, 2, 2]|[0, 1, 1, 3, 1, 3, 0, 1, 0, 1, 2, 3, 0, 0, 3, 1, 0, 1, 0, 1]|[0, 1, 0, 0, 1, 1, 1, 1, 2, 1, 2, 1, 1, 0, 2, 1, 1, 1, 0, 1],235.129425134640;10313.890467008983;20112.544264317700,false,0
17,1,1700,G2_TEC,[6, 19, 12, 5, 4, 13, 2, 11, 15, 7, 10, 9, 14, 16, 3, 1, 18, 8, 17, 0]|[2, 2, 0, 0, 1, 0, 2, 1, 1, 0, 2, 0, 1, 0, 2, 0, 0, 2, 0, 2]|[0, 0, 2, 3, 1, 0, 0, 1, 0, 3, 0, 3, 0, 3, 0, 3, 0, 1, 3, 0]|[1, 0, 1, 0, 1, 2, 1, 0, 1, 2, 0, 1, 1, 0, 0, 0, 1, 1, 1, 1],325.646837284218;10515.842799578764;15979.946553120760,false,0
17,1,1700,G3_TWC,[3, 14, 6, 5, 19, 16, 7, 18, 10, 4, 1, 15, 13, 17, 8, 0, 12, 9, 2, 11]|[0, 0, 1, 2, 2, 1, 0, 2, 0, 1, 0, 2, 2, 0, 1, 2, 1, 0, 2, 0]|[3, 3, 1, 0, 0, 0, 2, 1, 3, 0, 1, 1, 0, 3, 1, 0, 1, 0, 0, 2]|[0, 1, 0, 0, 1, 1, 0, 0, 0, 1, 2, 0, 1, 1, 1, 1, 1, 1, 0, 2],273.307106391696;10735.923172034594;16720.511587423658,false,0
18,1,1800,G1_CMAX,[6, 19, 12, 5, 4, 16, 3, 9, 10, 17, 2, 18, 13, 14, 8, 11, 7, 1, 15, 0]|[2, 1, 1, 2, 1, 0, 1, 0, 1, 0, 2, 0, 2, 1, 0, 2, 1, 1, 0, 2]|[0, 1, 1, 1, 0, 3, 0, 3, 1, 0, 0, 0, 0, 0, 0, 1, 0, 1, 3, 0]|[1, 1, 1, 0, 0, 1, 1, 2, 1, 0, 1, 1, 1, 1, 0, 0, 1, 0, 2, 1],226.990629343372;11104.352378173600;18140.749392244250,false,0
18,1,1800,G4_BALANCED,[6, 19, 12, 5, 4, 16, 0, 11, 13, 10, 8, 9, 15, 17, 7, 1, 2, 18, 3, 14]|[2, 2, 1, 0, 1, 0, 2, 1, 0, 2, 0, 0, 1, 2, 0, 1, 2, 1, 2, 2]|[0, 1, 1, 3, 1, 3, 0, 1, 0, 1, 2, 3, 0, 0, 3, 1, 0, 1, 0, 1]|[0, 1, 0, 0, 1, 1, 1, 1, 2, 1, 2, 1, 1, 0, 2, 1, 1, 1, 0, 1],235.129425134640;10313.890467008983;20112.544264317700,false,0
18,1,1800,G2_TEC,[6, 19, 12, 5, 4, 16, 0, 11, 13, 10, 17, 18, 3, 7, 15, 1, 2, 8, 9, 14]|[2, 2, 0, 0, 1, 0, 2, 0, 0, 1, 0, 1, 0, 0, 0, 1, 2, 2, 0, 0]|[0, 0, 2, 3, 1, 3, 0, 2, 0, 0, 3, 1, 0, 3, 0, 1, 0, 1, 3, 0]|[0, 0, 1, 0, 1, 1, 1, 2, 2, 1, 1, 1, 2, 2, 0, 1, 1, 1, 1, 0],419.431177605886;10723.286267359960;13714.413836798080,false,0
18,1,1800,G3_TWC,[6, 19, 12, 5, 14, 16, 3, 18, 10, 13, 17, 0, 8, 1, 9, 4, 2, 11, 7, 15]|[0, 2, 0, 0, 1, 0, 2, 0, 1, 2, 0, 0, 0, 1, 0, 1, 2, 1, 0, 2]|[3, 1, 2, 3, 0, 0, 0, 2, 0, 0, 3, 0, 0, 1, 3, 0, 0, 1, 3, 1]|[0, 1, 1, 0, 1, 0, 0, 2, 1, 1, 1, 0, 0, 0, 1, 1, 1, 0, 2, 0],353.622267381566;11013.698193159340;13958.464010419659,false,0
19,1,1900,G1_CMAX,[6, 19, 12, 5, 4, 16, 3, 9, 10, 17, 14, 8, 7, 13, 15, 11, 1, 18, 2, 0]|[2, 1, 1, 0, 1, 0, 0, 0, 1, 0, 2, 0, 1, 2, 2, 1, 1, 0, 2, 0]|[0, 1, 1, 3, 0, 0, 2, 2, 1, 0, 0, 2, 1, 0, 1, 1, 1, 0, 0, 0]|[1, 1, 1, 0, 1, 0, 1, 2, 0, 0, 0, 2, 1, 1, 0, 1, 0, 1, 1, 0],295.522985012257;10719.510185329782;14983.472792350045,false,0
19,1,1900,G4_BALANCED,[6, 19, 12, 5, 4, 16, 0, 11, 13, 10, 8, 9, 15, 17, 7, 14, 1, 18, 2, 3]|[2, 2, 1, 0, 1, 0, 2, 1, 0, 2, 0, 2, 1, 2, 0, 2, 1, 1, 2, 2]|[0, 1, 1, 3, 1, 3, 0, 1, 0, 1, 2, 1, 0, 0, 3, 1, 1, 1, 0, 0]|[0, 1, 0, 0, 1, 1, 1, 1, 2, 1, 2, 1, 1, 0, 2, 1, 1, 1, 0, 0],228.905111167256;10268.182376253031;19154.503650753670,false,0
19,1,1900,G2_TEC,[6, 19, 12, 5, 4, 16, 8, 17, 3, 9, 10, 13, 14, 11, 7, 1, 18, 0, 15, 2]|[0, 1, 2, 1, 0, 2, 2, 0, 1, 0, 1, 0, 1, 2, 0, 2, 0, 0, 0, 1]|[3, 1, 0, 1, 2, 1, 1, 3, 0, 3, 1, 3, 1, 0, 3, 1, 0, 3, 0, 1]|[0, 1, 0, 0, 2, 1, 1, 1, 1, 2, 1, 1, 1, 0, 0, 1, 1, 2, 0, 1],325.769300520403;10040.501232651068;16081.382388774446,false,0
19,1,1900,G3_TWC,[6, 19, 12, 5, 14, 16, 3, 18, 10, 13, 17, 0, 8, 1, 9, 4, 2, 11, 7, 15]|[0, 2, 0, 0, 1, 0, 2, 0, 1, 2, 0, 0, 0, 1, 0, 1, 2, 1, 0, 2]|[3, 1, 2, 3, 0, 0, 0, 2, 0, 0, 3, 0, 0, 1, 3, 0, 0, 1, 3, 1]|[0, 1, 1, 0, 1, 0, 0, 2, 1, 1, 1, 0, 0, 0, 1, 1, 1, 0, 2, 0],353.622267381566;11013.698193159340;13958.464010419659,false,0
20,1,2000,G1_CMAX,[6, 19, 12, 5, 4, 16, 8, 17, 3, 9, 10, 13, 14, 11, 7, 1, 18, 0, 15, 2]|[0, 1, 2, 1, 0, 2, 2, 0, 1, 0, 1, 0, 1, 2, 0, 2, 0, 0, 0, 1]|[3, 1, 0, 1, 2, 1, 1, 3, 0, 3, 1, 3, 1, 0, 3, 1, 0, 3, 0, 1]|[0, 1, 0, 0, 2, 1, 1, 1, 1, 2, 1, 1, 1, 0, 0, 1, 1, 2, 0, 1],325.769300520403;10040.501232651068;16081.382388774446,false,0
20,1,2000,G4_BALANCED,[6, 19, 12, 5, 4, 16, 0, 11, 13, 10, 8, 9, 15, 17, 7, 14, 1, 18, 2, 3]|[2, 2, 1, 0, 1, 0, 2, 1, 0, 2, 0, 2, 1, 2, 0, 2, 1, 1, 2, 2]|[0, 1, 1, 3, 1, 3, 0, 1, 0, 1, 2, 1, 0, 0, 3, 1, 1, 1, 0, 0]|[0, 1, 0, 0, 1, 1, 1, 1, 2, 1, 2, 1, 1, 0, 2, 1, 1, 1, 0, 0],228.905111167256;10268.182376253031;19154.503650753670,false,0
20,1,2000,G2_TEC,[6, 19, 12, 5, 4, 16, 8, 17, 3, 9, 10, 13, 14, 11, 7, 1, 18, 0, 15, 2]|[0, 1, 2, 1, 0, 2, 2, 0, 1, 0, 1, 0, 1, 2, 0, 2, 0, 0, 0, 1]|[3, 1, 0, 1, 2, 1, 1, 3, 0, 3, 1, 3, 1, 0, 3, 1, 0, 3, 0, 1]|[0, 1, 0, 0, 2, 1, 1, 1, 1, 2, 1, 1, 1, 0, 0, 1, 1, 2, 0, 1],325.769300520403;10040.501232651068;16081.382388774446,false,0
20,1,2000,G3_TWC,[6, 19, 12, 5, 14, 16, 3, 18, 10, 13, 17, 0, 8, 1, 9, 4, 2, 11, 7, 15]|[0, 2, 0, 0, 1, 0, 2, 0, 1, 2, 0, 0, 0, 1, 0, 1, 2, 1, 0, 2]|[3, 1, 2, 3, 0, 0, 0, 2, 0, 0, 3, 0, 0, 1, 3, 0, 0, 1, 3, 1]|[0, 1, 1, 0, 1, 0, 0, 2, 1, 1, 1, 0, 0, 0, 1, 1, 1, 0, 2, 0],353.622267381566;11013.698193159340;13958.464010419659,false,0
21,1,2100,G1_CMAX,[6, 19, 12, 5, 4, 16, 3, 9, 10, 17, 2, 18, 13, 14, 8, 11, 7, 1, 15, 0]|[2, 1, 1, 2, 1, 0, 1, 0, 1, 0, 2, 0, 2, 1, 0, 2, 1, 1, 0, 2]|[0, 1, 1, 1, 0, 3, 0, 3, 1, 0, 0, 0, 0, 0, 0, 1, 0, 1, 3, 0]|[1, 1, 1, 0, 0, 1, 1, 2, 1, 0, 1, 1, 1, 1, 0, 0, 1, 0, 2, 1],226.990629343372;11104.352378173600;18140.749392244250,false,0
21,1,2100,G4_BALANCED,[6, 19, 12, 5, 4, 16, 0, 11, 13, 10, 17, 8, 15, 3, 14, 9, 18, 7, 2, 1]|[2, 2, 0, 1, 1, 0, 2, 1, 0, 0, 2, 0, 0, 0, 2, 0, 1, 0, 2, 0]|[0, 0, 2, 1, 1, 3, 0, 1, 3, 3, 1, 3, 0, 0, 1, 3, 1, 3, 0, 3]|[0, 0, 1, 1, 1, 0, 1, 0, 2, 0, 1, 1, 0, 2, 1, 1, 1, 2, 0, 2],346.548892773456;9996.765668470267;14680.133735210570,false,0
21,1,2100,G2_TEC,[6, 19, 12, 5, 4, 16, 8, 17, 3, 9, 10, 13, 14, 11, 7, 1, 18, 0, 15, 2]|[0, 1, 2, 1, 0, 2, 2, 0, 1, 0, 1, 0, 1, 2, 0, 2, 0, 0, 0, 1]|[3, 1, 0, 1, 2, 1, 1, 3, 0, 3, 1, 3, 1, 0, 3, 1, 0, 3, 0, 1]|[0, 1, 0, 0, 2, 1, 1, 1, 1, 2, 1, 1, 1, 0, 0, 1, 1, 2, 0, 1],325.769300520403;10040.501232651068;16081.382388774446,false,0
21,1,2100,G3_TWC,[6, 19, 12, 5, 14, 16, 3, 18, 10, 13, 2, 9, 8, 1, 0, 11, 7, 15, 17, 4]|[2, 1, 0, 0, 1, 0, 2, 0, 2, 2, 2, 0, 0, 1, 0, 1, 0, 0, 0, 1]|[0, 1, 2, 3, 0, 3, 0, 2, 0, 0, 0, 3, 0, 1, 3, 1, 3, 1, 0, 0]|[1, 1, 1, 0, 1, 1, 0, 2, 0, 1, 1, 2, 0, 0, 2, 0, 2, 1, 0, 1],351.213698260635;10659.527845443476;13871.765902077646,false,0
22,1,2200,G1_CMAX,[6, 19, 12, 5, 4, 16, 3, 9, 10, 17, 2, 18, 13, 14, 8, 11, 7, 1, 15, 0]|[2, 1, 1, 2, 1, 0, 1, 0, 1, 0, 2, 0, 2, 1, 0, 2, 1, 1, 0, 2]|[0, 1, 1, 1, 0, 3, 0, 3, 1, 0, 0, 0, 0, 0, 0, 1, 0, 1, 3, 0]|[1, 1, 1, 0, 0, 1, 1, 2, 1, 0, 1, 1, 1, 1, 0, 0, 1, 0, 2, 1],226.990629343372;11104.352378173600;18140.749392244250,false,0
22,1,2200,G4_BALANCED,[6, 19, 12, 5, 4, 16, 3, 9, 10, 17, 2, 11, 15, 7, 0, 8, 18, 14, 13, 1]|[2, 1, 1, 0, 1, 0, 1, 0, 1, 0, 2, 2, 0, 1, 0, 2, 1, 1, 2, 0]|[0, 1, 1, 3, 1, 3, 0, 3, 0, 0, 0, 0, 3, 0, 0, 1, 1, 0, 0, 3]|[1, 1, 1, 0, 0, 1, 1, 2, 1, 0, 1, 0, 2, 1, 0, 1, 1, 1, 1, 0],294.797607836402;10199.290718507084;16482.700520491417,false,0
22,1,2200,G2_TEC,[6, 19, 12, 5, 4, 16, 8, 17, 3, 9, 10, 13, 14, 11, 7, 1, 18, 0, 15, 2]|[0, 1, 2, 1, 0, 2, 2, 0, 1, 0, 1, 0, 1, 2, 0, 2, 0, 0, 0, 1]|[3, 1, 0, 1, 2, 1, 1, 3, 0, 3, 1, 3, 1, 0, 3, 1, 0, 3, 0, 1]|[0, 1, 0, 0, 2, 1, 1, 1, 1, 2, 1, 1, 1, 0, 0, 1, 1, 2, 0, 1],325.769300520403;10040.501232651068;16081.382388774446,false,0
22,1,2200,G3_TWC,[6, 19, 12, 5, 4, 16, 3, 11, 15, 7, 2, 14, 13, 9, 1, 17, 8, 10, 0, 18]|[1, 0, 1, 2, 2, 1, 1, 2, 0, 0, 2, 0, 1, 0, 1, 1, 2, 0, 0, 0]|[1, 0, 1, 1, 0, 0, 1, 0, 3, 3, 0, 3, 1, 3, 1, 1, 0, 3, 3, 0]|[1, 2, 0, 1, 1, 1, 1, 1, 0, 2, 1, 0, 1, 1, 0, 1, 1, 0, 2, 1],286.838597898207;10068.502421545629;17606.500694599825,false,0
23,1,2300,G1_CMAX,[6, 19, 12, 5, 4, 16, 3, 9, 10, 17, 2, 18, 13, 14, 8, 11, 7, 1, 15, 0]|[2, 1, 1, 2, 1, 0, 1, 0, 1, 0, 2, 0, 2, 1, 0, 2, 1, 1, 0, 2]|[0, 1, 1, 1, 0, 3, 0, 3, 1, 0, 0, 0, 0, 0, 0, 1, 0, 1, 3, 0]|[1, 1, 1, 0, 0, 1, 1, 2, 1, 0, 1, 1, 1, 1, 0, 0, 1, 0, 2, 1],226.990629343372;11104.352378173600;18140.749392244250,false,0
23,1,2300,G4_BALANCED,[6, 19, 11, 10, 1, 9, 0, 12, 13, 5, 7, 2, 15, 3, 14, 16, 18, 17, 8, 4]|[0, 1, 2, 1, 1, 2, 0, 0, 0, 0, 0, 2, 1, 2, 1, 0, 0, 0, 2, 1]|[0, 1, 0, 1, 1, 1, 3, 2, 0, 3, 3, 1, 0, 0, 0, 3, 0, 3, 1, 1]|[0, 1, 0, 1, 1, 1, 2, 1, 2, 0, 2, 1, 1, 0, 1, 0, 1, 1, 1, 0],341.015567057660;10441.594366706042;15035.520862214290,false,0
23,1,2300,G2_TEC,[6, 19, 12, 5, 4, 16, 8, 17, 3, 9, 10, 13, 14, 11, 7, 1, 18, 0, 15, 2]|[0, 1, 2, 1, 0, 2, 2, 0, 1, 0, 1, 0, 1, 2, 0, 2, 0, 0, 0, 1]|[3, 1, 0, 1, 2, 1, 1, 3, 0, 3, 1, 3, 1, 0, 3, 1, 0, 3, 0, 1]|[0, 1, 0, 0, 2, 1, 1, 1, 1, 2, 1, 1, 1, 0, 0, 1, 1, 2, 0, 1],325.769300520403;10040.501232651068;16081.382388774446,false,0
23,1,2300,G3_TWC,[6, 19, 12, 5, 4, 16, 2, 11, 17, 8, 9, 7, 13, 3, 1, 14, 18, 10, 0, 15]|[2, 2, 0, 0, 1, 0, 1, 0, 0, 2, 0, 0, 0, 1, 1, 0, 0, 2, 2, 0]|[0, 0, 2, 3, 1, 3, 1, 3, 3, 0, 3, 3, 0, 1, 1, 0, 3, 0, 0, 3]|[0, 0, 1, 0, 1, 0, 1, 1, 0, 1, 1, 2, 2, 1, 1, 0, 1, 0, 1, 1],430.244049025694;9824.071110488612;13523.023529697015,false,0
24,1,2400,G1_CMAX,[6, 19, 12, 5, 4, 16, 3, 9, 10, 17, 2, 18, 13, 14, 8, 11, 7, 1, 15, 0]|[2, 1, 1, 2, 1, 0, 1, 0, 1, 0, 2, 0, 2, 1, 0, 2, 1, 1, 0, 2]|[0, 1, 1, 1, 0, 3, 0, 3, 1, 0, 0, 0, 0, 0, 0, 1, 0, 1, 3, 0]|[1, 1, 1, 0, 0, 1, 1, 2, 1, 0, 1, 1, 1, 1, 0, 0, 1, 0, 2, 1],226.990629343372;11104.352378173600;18140.749392244250,false,0
24,1,2400,G4_BALANCED,[6, 19, 11, 10, 1, 9, 0, 12, 13, 5, 7, 2, 15, 3, 14, 16, 18, 17, 8, 4]|[0, 1, 2, 1, 1, 2, 0, 0, 0, 0, 0, 2, 1, 2, 1, 0, 0, 0, 2, 1]|[0, 1, 0, 1, 1, 1, 3, 2, 0, 3, 3, 1, 0, 0, 0, 3, 0, 3, 1, 1]|[0, 1, 0, 1, 1, 1, 2, 1, 2, 0, 2, 1, 1, 0, 1, 0, 1, 1, 1, 0],341.015567057660;10441.594366706042;15035.520862214290,false,0
24,1,2400,G2_TEC,[6, 19, 12, 5, 4, 16, 3, 11, 15, 7, 2, 14, 10, 0, 9, 13, 18, 1, 8, 17]|[1, 0, 1, 0, 2, 0, 1, 2, 0, 0, 0, 0, 0, 0, 0, 2, 1, 0, 2, 1]|[1, 0, 1, 3, 0, 0, 1, 0, 3, 3, 3, 3, 3, 3, 3, 0, 1, 3, 0, 1]|[1, 2, 0, 0, 0, 0, 1, 1, 0, 2, 1, 0, 2, 2, 1, 1, 1, 2, 1, 1],464.605778819318;9745.839932227676;15168.960822883402,false,0
24,1,2400,G3_TWC,[6, 19, 12, 5, 4, 16, 2, 11, 17, 8, 9, 7, 13, 3, 1, 14, 18, 10, 0, 15]|[2, 2, 0, 0, 1, 0, 1, 0, 0, 2, 0, 0, 0, 1, 1, 0, 0, 2, 2, 0]|[0, 0, 2, 3, 1, 3, 1, 3, 3, 0, 3, 3, 0, 1, 1, 0, 3, 0, 0, 3]|[0, 0, 1, 0, 1, 0, 1, 1, 0, 1, 1, 2, 2, 1, 1, 0, 1, 0, 1, 1],430.244049025694;9824.071110488612;13523.023529697015,false,0
25,1,2500,G1_CMAX,[6, 19, 12, 5, 4, 16, 3, 9, 10, 17, 2, 18, 13, 14, 8, 11, 7, 1, 15, 0]|[2, 1, 1, 2, 1, 0, 1, 0, 1, 0, 2, 0, 2, 1, 0, 2, 1, 1, 0, 2]|[0, 1, 1, 1, 0, 3, 0, 3, 1, 0, 0, 0, 0, 0, 0, 1, 0, 1, 3, 0]|[1, 1, 1, 0, 0, 1, 1, 2, 1, 0, 1, 1, 1, 1, 0, 0, 1, 0, 2, 1],226.990629343372;11104.352378173600;18140.749392244250,false,0
25,1,2500,G4_BALANCED,[6, 19, 11, 10, 1, 9, 0, 12, 13, 5, 7, 2, 15, 3, 14, 16, 18, 17, 8, 4]|[0, 1, 2, 1, 1, 2, 0, 0, 0, 0, 0, 2, 1, 2, 1, 0, 0, 0, 2, 1]|[0, 1, 0, 1, 1, 1, 3, 2, 0, 3, 3, 1, 0, 0, 0, 3, 0, 3, 1, 1]|[0, 1, 0, 1, 1, 1, 2, 1, 2, 0, 2, 1, 1, 0, 1, 0, 1, 1, 1, 0],341.015567057660;10441.594366706042;15035.520862214290,false,0
25,1,2500,G2_TEC,[6, 19, 12, 5, 4, 16, 3, 17, 8, 11, 2, 1, 7, 9, 15, 0, 13, 10, 14, 18]|[2, 1, 1, 1, 2, 0, 1, 0, 0, 2, 2, 2, 1, 0, 0, 0, 0, 0, 1, 0]|[0, 1, 1, 1, 0, 3, 0, 0, 0, 0, 0, 1, 1, 3, 1, 3, 3, 3, 1, 0]|[1, 1, 1, 0, 1, 1, 1, 0, 0, 0, 1, 1, 1, 2, 1, 2, 1, 0, 1, 1],323.392173899278;10526.669051246305;15735.373491198440,false,0
25,1,2500,G3_TWC,[6, 19, 12, 5, 4, 16, 3, 11, 15, 7, 2, 14, 10, 0, 9, 13, 18, 1, 8, 17]|[1, 0, 1, 0, 2, 0, 1, 2, 0, 0, 0, 0, 0, 0, 0, 2, 1, 0, 2, 1]|[1, 0, 1, 3, 0, 0, 1, 0, 3, 3, 3, 3, 3, 3, 3, 0, 1, 3, 0, 1]|[1, 2, 0, 0, 0, 0, 1, 1, 0, 2, 1, 0, 2, 2, 1, 1, 1, 2, 1, 1],464.605778819318;9745.839932227676;15168.960822883402,false,0
26,1,2600,G1_CMAX,[6, 19, 12, 5, 4, 16, 3, 9, 10, 17, 2, 18, 13, 14, 8, 11, 7, 1, 15, 0]|[2, 1, 1, 2, 1, 0, 1, 0, 1, 0, 2, 0, 2, 1, 0, 2, 1, 1, 0, 2]|[0, 1, 1, 1, 0, 3, 0, 3, 1, 0, 0, 0, 0, 0, 0, 1, 0, 1, 3, 0]|[1, 1, 1, 0, 0, 1, 1, 2, 1, 0, 1, 1, 1, 1, 0, 0, 1, 0, 2, 1],226.990629343372;11104.352378173600;18140.749392244250,false,0
26,1,2600,G4_BALANCED,[6, 19, 11, 10, 1, 9, 0, 12, 13, 5, 7, 2, 15, 3, 14, 16, 18, 17, 8, 4]|[0, 1, 2, 1, 1, 2, 0, 0, 0, 0, 0, 2, 1, 2, 1, 0, 0, 0, 2, 1]|[0, 1, 0, 1, 1, 1, 3, 2, 0, 3, 3, 1, 0, 0, 0, 3, 0, 3, 1, 1]|[0, 1, 0, 1, 1, 1, 2, 1, 2, 0, 2, 1, 1, 0, 1, 0, 1, 1, 1, 0],341.015567057660;10441.594366706042;15035.520862214290,false,0
26,1,2600,G2_TEC,[6, 19, 12, 5, 4, 16, 3, 17, 8, 11, 2, 1, 7, 9, 15, 0, 13, 10, 14, 18]|[2, 1, 1, 1, 2, 0, 1, 0, 0, 2, 2, 2, 1, 0, 0, 0, 0, 0, 1, 0]|[0, 1, 1, 1, 0, 3, 0, 0, 0, 0, 0, 1, 1, 3, 1, 3, 3, 3, 1, 0]|[1, 1, 1, 0, 1, 1, 1, 0, 0, 0, 1, 1, 1, 2, 1, 2, 1, 0, 1, 1],323.392173899278;10526.669051246305;15735.373491198440,false,0
26,1,2600,G3_TWC,[6, 19, 12, 5, 4, 9, 0, 3, 13, 10, 7, 8, 15, 11, 14, 16, 18, 17, 1, 2]|[1, 1, 1, 0, 2, 0, 0, 2, 1, 0, 0, 2, 1, 2, 0, 0, 1, 1, 0, 0]|[1, 1, 1, 3, 0, 3, 3, 0, 1, 3, 3, 1, 0, 0, 3, 3, 1, 1, 3, 3]|[1, 1, 0, 0, 0, 1, 2, 0, 1, 0, 2, 1, 1, 1, 0, 0, 1, 1, 2, 1],428.476146142691;9273.836810547200;17525.869133889190,false,0
27,1,2700,G1_CMAX,[6, 19, 12, 5, 4, 16, 3, 9, 10, 17, 2, 18, 13, 14, 8, 11, 7, 1, 15, 0]|[2, 1, 1, 2, 1, 0, 1, 0, 1, 0, 2, 0, 2, 1, 0, 2, 1, 1, 0, 2]|[0, 1, 1, 1, 0, 3, 0, 3, 1, 0, 0, 0, 0, 0, 0, 1, 0, 1, 3, 0]|[1, 1, 1, 0, 0, 1, 1, 2, 1, 0, 1, 1, 1, 1, 0, 0, 1, 0, 2, 1],226.990629343372;11104.352378173600;18140.749392244250,false,0
27,1,2700,G4_BALANCED,[6, 19, 11, 10, 1, 9, 0, 12, 13, 5, 7, 2, 15, 3, 14, 16, 18, 17, 8, 4]|[0, 1, 2, 1, 1, 2, 0, 0, 0, 0, 0, 2, 1, 2, 1, 0, 0, 0, 2, 1]|[0, 1, 0, 1, 1, 1, 3, 2, 0, 3, 3, 1, 0, 0, 0, 3, 0, 3, 1, 1]|[0, 1, 0, 1, 1, 1, 2, 1, 2, 0, 2, 1, 1, 0, 1, 0, 1, 1, 1, 0],341.015567057660;10441.594366706042;15035.520862214290,false,0
27,1,2700,G2_TEC,[6, 19, 12, 5, 4, 16, 3, 11, 15, 7, 2, 14, 10, 0, 9, 13, 18, 1, 8, 17]|[1, 0, 1, 0, 2, 0, 1, 2, 0, 0, 0, 0, 0, 0, 0, 2, 1, 0, 2, 1]|[1, 0, 1, 3, 0, 0, 1, 0, 3, 3, 3, 3, 3, 3, 3, 0, 1, 3, 0, 1]|[1, 2, 0, 0, 0, 0, 1, 1, 0, 2, 1, 0, 2, 2, 1, 1, 1, 2, 1, 1],464.605778819318;9745.839932227676;15168.960822883402,false,0
27,1,2700,G3_TWC,[6, 19, 12, 5, 4, 9, 0, 3, 13, 10, 7, 8, 15, 11, 14, 16, 18, 17, 1, 2]|[1, 1, 1, 0, 2, 0, 0, 2, 1, 0, 0, 2, 1, 2, 0, 0, 1, 1, 0, 0]|[1, 1, 1, 3, 0, 3, 3, 0, 1, 3, 3, 1, 0, 0, 3, 3, 1, 1, 3, 3]|[1, 1, 0, 0, 0, 1, 2, 0, 1, 0, 2, 1, 1, 1, 0, 0, 1, 1, 2, 1],428.476146142691;9273.836810547200;17525.869133889190,false,0
28,1,2800,G1_CMAX,[6, 19, 12, 5, 4, 16, 3, 9, 10, 17, 2, 18, 13, 14, 8, 11, 7, 1, 15, 0]|[2, 1, 1, 2, 1, 0, 1, 0, 1, 0, 2, 0, 2, 1, 0, 2, 1, 1, 0, 2]|[0, 1, 1, 1, 0, 3, 0, 3, 1, 0, 0, 0, 0, 0, 0, 1, 0, 1, 3, 0]|[1, 1, 1, 0, 0, 1, 1, 2, 1, 0, 1, 1, 1, 1, 0, 0, 1, 0, 2, 1],226.990629343372;11104.352378173600;18140.749392244250,false,0
28,1,2800,G4_BALANCED,[6, 19, 11, 10, 1, 9, 0, 12, 13, 5, 7, 2, 15, 3, 14, 16, 18, 17, 8, 4]|[0, 1, 2, 1, 1, 2, 0, 0, 0, 0, 0, 2, 1, 2, 1, 0, 0, 0, 2, 1]|[0, 1, 0, 1, 1, 1, 3, 2, 0, 3, 3, 1, 0, 0, 0, 3, 0, 3, 1, 1]|[0, 1, 0, 1, 1, 1, 2, 1, 2, 0, 2, 1, 1, 0, 1, 0, 1, 1, 1, 0],341.015567057660;10441.594366706042;15035.520862214290,false,0
28,1,2800,G2_TEC,[6, 19, 12, 5, 4, 16, 3, 11, 15, 7, 2, 10, 8, 13, 9, 0, 14, 18, 17, 1]|[2, 2, 1, 1, 2, 0, 0, 2, 0, 1, 1, 0, 2, 0, 0, 0, 0, 1, 0, 0]|[0, 0, 1, 1, 0, 3, 3, 0, 3, 1, 1, 3, 0, 3, 3, 3, 3, 1, 3, 3]|[1, 0, 1, 0, 1, 0, 2, 0, 0, 1, 1, 2, 1, 1, 1, 0, 0, 1, 1, 2],434.275212412142;9174.958233807818;15026.880659223301,false,0
28,1,2800,G3_TWC,[6, 19, 12, 5, 4, 9, 0, 3, 13, 10, 7, 8, 15, 11, 14, 16, 18, 17, 1, 2]|[1, 1, 1, 0, 2, 0, 0, 2, 1, 0, 0, 2, 1, 2, 0, 0, 1, 1, 0, 0]|[1, 1, 1, 3, 0, 3, 3, 0, 1, 3, 3, 1, 0, 0, 3, 3, 1, 1, 3, 3]|[1, 1, 0, 0, 0, 1, 2, 0, 1, 0, 2, 1, 1, 1, 0, 0, 1, 1, 2, 1],428.476146142691;9273.836810547200;17525.869133889190,false,0
29,1,2900,G1_CMAX,[6, 19, 12, 5, 4, 16, 3, 9, 10, 17, 2, 18, 13, 14, 8, 11, 7, 1, 15, 0]|[2, 1, 1, 2, 1, 0, 1, 0, 1, 0, 2, 0, 2, 1, 0, 2, 1, 1, 0, 2]|[0, 1, 1, 1, 0, 3, 0, 3, 1, 0, 0, 0, 0, 0, 0, 1, 0, 1, 3, 0]|[1, 1, 1, 0, 0, 1, 1, 2, 1, 0, 1, 1, 1, 1, 0, 0, 1, 0, 2, 1],226.990629343372;11104.352378173600;18140.749392244250,false,0
29,1,2900,G4_BALANCED,[6, 19, 12, 5, 4, 16, 3, 9, 10, 17, 2, 18, 13, 1, 7, 14, 8, 15, 0, 11]|[2, 1, 1, 0, 1, 0, 1, 2, 2, 0, 2, 0, 2, 1, 1, 0, 0, 0, 0, 1]|[0, 1, 1, 0, 0, 3, 0, 1, 0, 0, 0, 0, 0, 1, 1, 3, 0, 3, 3, 1]|[1, 1, 1, 0, 0, 1, 1, 1, 0, 0, 1, 1, 1, 0, 1, 2, 0, 2, 2, 1],309.350963743179;10410.844670303546;14833.137194473093,false,0
29,1,2900,G2_TEC,[6, 19, 12, 5, 4, 16, 3, 11, 15, 7, 2, 10, 8, 13, 9, 0, 14, 18, 17, 1]|[2, 2, 1, 1, 2, 0, 0, 2, 0, 1, 1, 0, 2, 0, 0, 0, 0, 1, 0, 0]|[0, 0, 1, 1, 0, 3, 3, 0, 3, 1, 1, 3, 0, 3, 3, 3, 3, 1, 3, 3]|[1, 0, 1, 0, 1, 0, 2, 0, 0, 1, 1, 2, 1, 1, 1, 0, 0, 1, 1, 2],434.275212412142;9174.958233807818;15026.880659223301,false,0
29,1,2900,G3_TWC,[6, 19, 12, 5, 4, 16, 2, 11, 17, 8, 9, 7, 13, 3, 1, 14, 18, 10, 0, 15]|[2, 2, 0, 0, 1, 0, 1, 0, 0, 2, 0, 0, 0, 1, 1, 0, 0, 2, 2, 0]|[0, 0, 2, 3, 1, 3, 1, 3, 3, 0, 3, 3, 0, 1, 1, 0, 3, 0, 0, 3]|[0, 0, 1, 0, 1, 0, 1, 1, 0, 1, 1, 2, 2, 1, 1, 0, 1, 0, 1, 1],430.244049025694;9824.071110488612;13523.023529697015,false,0
30,1,3000,G1_CMAX,[6, 19, 12, 5, 4, 16, 3, 9, 10, 17, 2, 18, 13, 14, 8, 11, 7, 1, 15, 0]|[2, 1, 1, 2, 1, 0, 1, 0, 1, 0, 2, 0, 2, 1, 0, 2, 1, 1, 0, 2]|[0, 1, 1, 1, 0, 3, 0, 3, 1, 0, 0, 0, 0, 0, 0, 1, 0, 1, 3, 0]|[1, 1, 1, 0, 0, 1, 1, 2, 1, 0, 1, 1, 1, 1, 0, 0, 1, 0, 2, 1],226.990629343372;11104.352378173600;18140.749392244250,false,0
30,1,3000,G4_BALANCED,[6, 19, 12, 5, 4, 16, 3, 9, 10, 17, 2, 18, 13, 1, 7, 14, 8, 15, 0, 11]|[2, 1, 1, 0, 1, 0, 1, 2, 2, 0, 2, 0, 2, 1, 1, 0, 0, 0, 0, 1]|[0, 1, 1, 0, 0, 3, 0, 1, 0, 0, 0, 0, 0, 1, 1, 3, 0, 3, 3, 1]|[1, 1, 1, 0, 0, 1, 1, 1, 0, 0, 1, 1, 1, 0, 1, 2, 0, 2, 2, 1],309.350963743179;10410.844670303546;14833.137194473093,false,0
30,1,3000,G2_TEC,[6, 19, 12, 5, 4, 16, 0, 11, 15, 7, 10, 8, 14, 3, 13, 9, 17, 18, 2, 1]|[1, 1, 0, 0, 2, 0, 1, 2, 1, 0, 0, 2, 2, 2, 1, 0, 1, 0, 0, 1]|[1, 1, 2, 3, 0, 3, 1, 0, 0, 3, 3, 1, 1, 0, 1, 3, 1, 3, 3, 1]|[1, 1, 1, 0, 0, 0, 1, 1, 1, 2, 2, 1, 1, 0, 1, 1, 1, 2, 1, 1],356.192390671484;9739.922832498574;17625.910482300440,false,0
30,1,3000,G3_TWC,[6, 19, 12, 5, 4, 16, 2, 11, 17, 8, 9, 7, 13, 3, 1, 14, 18, 10, 0, 15]|[2, 2, 0, 0, 1, 0, 1, 0, 0, 2, 0, 0, 0, 1, 1, 0, 0, 2, 2, 0]|[0, 0, 2, 3, 1, 3, 1, 3, 3, 0, 3, 3, 0, 1, 1, 0, 3, 0, 0, 3]|[0, 0, 1, 0, 1, 0, 1, 1, 0, 1, 1, 2, 2, 1, 1, 0, 1, 0, 1, 1],430.244049025694;9824.071110488612;13523.023529697015,false,0
31,1,3100,G1_CMAX,[6, 19, 12, 5, 4, 16, 3, 9, 10, 17, 2, 18, 13, 14, 8, 11, 7, 1, 15, 0]|[2, 1, 1, 2, 1, 0, 1, 0, 1, 0, 2, 0, 2, 1, 0, 2, 1, 1, 0, 2]|[0, 1, 1, 1, 0, 3, 0, 3, 1, 0, 0, 0, 0, 0, 0, 1, 0, 1, 3, 0]|[1, 1, 1, 0, 0, 1, 1, 2, 1, 0, 1, 1, 1, 1, 0, 0, 1, 0, 2, 1],226.990629343372;11104.352378173600;18140.749392244250,false,0
31,1,3100,G4_BALANCED,[6, 19, 12, 5, 4, 16, 3, 9, 10, 17, 2, 18, 13, 1, 7, 14, 8, 15, 0, 11]|[2, 1, 1, 0, 1, 0, 1, 2, 2, 0, 2, 0, 2, 1, 1, 0, 0, 0, 0, 1]|[0, 1, 1, 0, 0, 3, 0, 1, 0, 0, 0, 0, 0, 1, 1, 3, 0, 3, 3, 1]|[1, 1, 1, 0, 0, 1, 1, 1, 0, 0, 1, 1, 1, 0, 1, 2, 0, 2, 2, 1],309.350963743179;10410.844670303546;14833.137194473093,false,0
31,1,3100,G2_TEC,[6, 19, 12, 5, 4, 16, 3, 11, 15, 7, 2, 10, 8, 13, 9, 0, 14, 18, 17, 1]|[2, 2, 1, 1, 2, 0, 0, 2, 0, 1, 1, 0, 2, 0, 0, 0, 0, 1, 0, 0]|[0, 0, 1, 1, 0, 3, 3, 0, 3, 1, 1, 3, 0, 3, 3, 3, 3, 1, 3, 3]|[1, 0, 1, 0, 1, 0, 2, 0, 0, 1, 1, 2, 1, 1, 1, 0, 0, 1, 1, 2],434.275212412142;9174.958233807818;15026.880659223301,false,0
31,1,3100,G3_TWC,[6, 19, 12, 5, 4, 16, 0, 11, 13, 10, 8, 9, 17, 18, 3, 7, 15, 1, 14, 2]|[2, 2, 0, 0, 1, 0, 2, 1, 0, 2, 2, 0, 2, 1, 2, 0, 1, 1, 2, 2]|[0, 1, 2, 3, 1, 3, 0, 1, 0, 0, 1, 3, 0, 1, 0, 3, 0, 1, 1, 0]|[0, 1, 1, 0, 1, 1, 1, 1, 2, 0, 1, 1, 0, 1, 0, 2, 1, 0, 1, 1],258.561826812077;10395.571356030498;17854.552236567410,false,0
32,1,3200,G1_CMAX,[6, 19, 12, 5, 4, 16, 3, 9, 10, 17, 2, 18, 13, 14, 8, 11, 7, 1, 15, 0]|[2, 1, 1, 2, 1, 0, 1, 0, 1, 0, 2, 0, 2, 1, 0, 2, 1, 1, 0, 2]|[0, 1, 1, 1, 0, 3, 0, 3, 1, 0, 0, 0, 0, 0, 0, 1, 0, 1, 3, 0]|[1, 1, 1, 0, 0, 1, 1, 2, 1, 0, 1, 1, 1, 1, 0, 0, 1, 0, 2, 1],226.990629343372;11104.352378173600;18140.749392244250,false,0
32,1,3200,G4_BALANCED,[6, 19, 12, 5, 4, 16, 3, 9, 10, 17, 2, 18, 13, 1, 7, 14, 8, 15, 0, 11]|[2, 1, 1, 0, 1, 0, 1, 2, 2, 0, 2, 0, 2, 1, 1, 0, 0, 0, 0, 1]|[0, 1, 1, 0, 0, 3, 0, 1, 0, 0, 0, 0, 0, 1, 1, 3, 0, 3, 3, 1]|[1, 1, 1, 0, 0, 1, 1, 1, 0, 0, 1, 1, 1, 0, 1, 2, 0, 2, 2, 1],309.350963743179;10410.844670303546;14833.137194473093,false,0
32,1,3200,G2_TEC,[6, 19, 12, 5, 4, 16, 3, 11, 15, 7, 2, 10, 8, 13, 9, 0, 14, 18, 17, 1]|[2, 2, 1, 1, 2, 0, 0, 2, 0, 1, 1, 0, 2, 0, 0, 0, 0, 1, 0, 0]|[0, 0, 1, 1, 0, 3, 3, 0, 3, 1, 1, 3, 0, 3, 3, 3, 3, 1, 3, 3]|[1, 0, 1, 0, 1, 0, 2, 0, 0, 1, 1, 2, 1, 1, 1, 0, 0, 1, 1, 2],434.275212412142;9174.958233807818;15026.880659223301,false,0
32,1,3200,G3_TWC,[6, 19, 12, 5, 4, 16, 2, 11, 17, 8, 9, 7, 13, 3, 1, 14, 18, 10, 0, 15]|[2, 2, 0, 0, 1, 0, 1, 0, 0, 2, 0, 0, 0, 1, 1, 0, 0, 2, 2, 0]|[0, 0, 2, 3, 1, 3, 1, 3, 3, 0, 3, 3, 0, 1, 1, 0, 3, 0, 0, 3]|[0, 0, 1, 0, 1, 0, 1, 1, 0, 1, 1, 2, 2, 1, 1, 0, 1, 0, 1, 1],430.244049025694;9824.071110488612;13523.023529697015,false,0
33,1,3300,G1_CMAX,[6, 19, 12, 5, 4, 16, 3, 9, 10, 17, 2, 18, 13, 14, 8, 11, 7, 1, 15, 0]|[2, 1, 1, 2, 1, 0, 1, 0, 1, 0, 2, 0, 2, 1, 0, 2, 1, 1, 0, 2]|[0, 1, 1, 1, 0, 3, 0, 3, 1, 0, 0, 0, 0, 0, 0, 1, 0, 1, 3, 0]|[1, 1, 1, 0, 0, 1, 1, 2, 1, 0, 1, 1, 1, 1, 0, 0, 1, 0, 2, 1],226.990629343372;11104.352378173600;18140.749392244250,false,0
33,1,3300,G4_BALANCED,[6, 19, 12, 5, 4, 16, 3, 9, 10, 17, 2, 18, 13, 1, 7, 14, 8, 15, 0, 11]|[2, 1, 1, 0, 1, 0, 1, 2, 2, 0, 2, 0, 2, 1, 1, 0, 0, 0, 0, 1]|[0, 1, 1, 0, 0, 3, 0, 1, 0, 0, 0, 0, 0, 1, 1, 3, 0, 3, 3, 1]|[1, 1, 1, 0, 0, 1, 1, 1, 0, 0, 1, 1, 1, 0, 1, 2, 0, 2, 2, 1],309.350963743179;10410.844670303546;14833.137194473093,false,0
33,1,3300,G2_TEC,[6, 19, 12, 5, 4, 16, 3, 11, 13, 10, 1, 0, 14, 17, 9, 7, 18, 8, 15, 2]|[1, 2, 0, 0, 0, 0, 2, 1, 0, 2, 0, 0, 0, 0, 0, 0, 0, 2, 0, 1]|[1, 1, 2, 3, 3, 3, 0, 1, 3, 0, 3, 3, 3, 3, 3, 3, 3, 0, 0, 1]|[1, 1, 1, 0, 2, 0, 1, 1, 1, 0, 1, 2, 0, 1, 0, 2, 1, 1, 2, 1],526.006648468982;9549.801795106952;13779.874004608839,false,0
33,1,3300,G3_TWC,[6, 19, 12, 5, 4, 16, 2, 11, 17, 8, 9, 7, 13, 3, 1, 14, 18, 10, 0, 15]|[2, 2, 0, 0, 1, 0, 1, 0, 0, 2, 0, 0, 0, 1, 1, 0, 0, 2, 2, 0]|[0, 0, 2, 3, 1, 3, 1, 3, 3, 0, 3, 3, 0, 1, 1, 0, 3, 0, 0, 3]|[0, 0, 1, 0, 1, 0, 1, 1, 0, 1, 1, 2, 2, 1, 1, 0, 1, 0, 1, 1],430.244049025694;9824.071110488612;13523.023529697015,false,0
34,1,3400,G1_CMAX,[6, 19, 12, 5, 4, 16, 3, 9, 10, 17, 2, 18, 13, 14, 8, 11, 7, 1, 15, 0]|[2, 1, 1, 2, 1, 0, 1, 0, 1, 0, 2, 0, 2, 1, 0, 2, 1, 1, 0, 2]|[0, 1, 1, 1, 0, 3, 0, 3, 1, 0, 0, 0, 0, 0, 0, 1, 0, 1, 3, 0]|[1, 1, 1, 0, 0, 1, 1, 2, 1, 0, 1, 1, 1, 1, 0, 0, 1, 0, 2, 1],226.990629343372;11104.352378173600;18140.749392244250,false,0
34,1,3400,G4_BALANCED,[6, 19, 12, 5, 4, 16, 3, 9, 10, 17, 2, 18, 13, 1, 7, 14, 8, 15, 0, 11]|[2, 1, 1, 0, 1, 0, 1, 2, 2, 0, 2, 0, 2, 1, 1, 0, 0, 0, 0, 1]|[0, 1, 1, 0, 0, 3, 0, 1, 0, 0, 0, 0, 0, 1, 1, 3, 0, 3, 3, 1]|[1, 1, 1, 0, 0, 1, 1, 1, 0, 0, 1, 1, 1, 0, 1, 2, 0, 2, 2, 1],309.350963743179;10410.844670303546;14833.137194473093,false,0
34,1,3400,G2_TEC,[6, 19, 12, 5, 4, 16, 3, 11, 15, 7, 2, 10, 8, 13, 9, 0, 14, 18, 17, 1]|[2, 2, 1, 1, 2, 0, 0, 2, 0, 1, 1, 0, 2, 0, 0, 0, 0, 1, 0, 0]|[0, 0, 1, 1, 0, 3, 3, 0, 3, 1, 1, 3, 0, 3, 3, 3, 3, 1, 3, 3]|[1, 0, 1, 0, 1, 0, 2, 0, 0, 1, 1, 2, 1, 1, 1, 0, 0, 1, 1, 2],434.275212412142;9174.958233807818;15026.880659223301,false,0
34,1,3400,G3_TWC,[6, 19, 12, 5, 4, 16, 2, 11, 17, 8, 9, 7, 13, 3, 1, 14, 18, 10, 0, 15]|[2, 2, 0, 0, 1, 0, 1, 0, 0, 2, 0, 0, 0, 1, 1, 0, 0, 2, 2, 0]|[0, 0, 2, 3, 1, 3, 1, 3, 3, 0, 3, 3, 0, 1, 1, 0, 3, 0, 0, 3]|[0, 0, 1, 0, 1, 0, 1, 1, 0, 1, 1, 2, 2, 1, 1, 0, 1, 0, 1, 1],430.244049025694;9824.071110488612;13523.023529697015,false,0
35,1,3500,G1_CMAX,[6, 19, 12, 5, 4, 16, 3, 9, 10, 17, 2, 18, 13, 14, 8, 11, 7, 1, 15, 0]|[2, 1, 1, 2, 1, 0, 1, 0, 1, 0, 2, 0, 2, 1, 0, 2, 1, 1, 0, 2]|[0, 1, 1, 1, 0, 3, 0, 3, 1, 0, 0, 0, 0, 0, 0, 1, 0, 1, 3, 0]|[1, 1, 1, 0, 0, 1, 1, 2, 1, 0, 1, 1, 1, 1, 0, 0, 1, 0, 2, 1],226.990629343372;11104.352378173600;18140.749392244250,false,0
35,1,3500,G4_BALANCED,[6, 19, 12, 5, 4, 16, 3, 9, 10, 17, 2, 18, 13, 1, 7, 14, 8, 15, 0, 11]|[2, 1, 1, 0, 1, 0, 1, 2, 2, 0, 2, 0, 2, 1, 1, 0, 0, 0, 0, 1]|[0, 1, 1, 0, 0, 3, 0, 1, 0, 0, 0, 0, 0, 1, 1, 3, 0, 3, 3, 1]|[1, 1, 1, 0, 0, 1, 1, 1, 0, 0, 1, 1, 1, 0, 1, 2, 0, 2, 2, 1],309.350963743179;10410.844670303546;14833.137194473093,false,0
35,1,3500,G2_TEC,[6, 19, 12, 5, 4, 16, 3, 9, 10, 17, 2, 18, 13, 1, 7, 8, 11, 15, 14, 0]|[2, 1, 1, 2, 1, 0, 0, 0, 1, 0, 2, 0, 2, 1, 1, 0, 1, 0, 1, 2]|[0, 1, 1, 1, 0, 3, 3, 3, 1, 0, 0, 0, 0, 1, 0, 0, 1, 3, 0, 0]|[1, 1, 1, 0, 0, 1, 2, 2, 1, 0, 1, 1, 1, 0, 1, 0, 1, 2, 1, 1],258.336430662629;10634.056063551170;16815.075473603578,false,0
35,1,3500,G3_TWC,[6, 19, 12, 5, 4, 16, 3, 11, 15, 7, 2, 9, 8, 0, 17, 13, 14, 10, 18, 1]|[2, 2, 0, 1, 0, 0, 2, 2, 1, 1, 1, 0, 2, 0, 0, 0, 0, 0, 0, 0]|[0, 0, 2, 1, 3, 3, 0, 0, 0, 1, 1, 3, 0, 3, 3, 0, 3, 3, 3, 3]|[1, 0, 1, 0, 2, 0, 1, 0, 1, 1, 1, 1, 1, 2, 1, 2, 0, 2, 1, 1],409.047230276459;9712.789948995710;12805.715992083906,false,0
36,1,3600,G1_CMAX,[6, 19, 12, 5, 4, 16, 3, 9, 10, 17, 2, 18, 13, 14, 8, 11, 7, 1, 15, 0]|[2, 1, 1, 2, 1, 0, 1, 0, 1, 0, 2, 0, 2, 1, 0, 2, 1, 1, 0, 2]|[0, 1, 1, 1, 0, 3, 0, 3, 1, 0, 0, 0, 0, 0, 0, 1, 0, 1, 3, 0]|[1, 1, 1, 0, 0, 1, 1, 2, 1, 0, 1, 1, 1, 1, 0, 0, 1, 0, 2, 1],226.990629343372;11104.352378173600;18140.749392244250,false,0
36,1,3600,G4_BALANCED,[6, 19, 12, 5, 4, 16, 3, 9, 10, 17, 2, 18, 13, 1, 7, 14, 8, 15, 0, 11]|[2, 1, 1, 0, 1, 0, 1, 2, 2, 0, 2, 0, 2, 1, 1, 0, 0, 0, 0, 1]|[0, 1, 1, 0, 0, 3, 0, 1, 0, 0, 0, 0, 0, 1, 1, 3, 0, 3, 3, 1]|[1, 1, 1, 0, 0, 1, 1, 1, 0, 0, 1, 1, 1, 0, 1, 2, 0, 2, 2, 1],309.350963743179;10410.844670303546;14833.137194473093,false,0
36,1,3600,G2_TEC,[6, 19, 12, 5, 4, 16, 3, 11, 15, 7, 2, 10, 8, 13, 9, 0, 14, 18, 17, 1]|[2, 2, 1, 1, 2, 0, 0, 2, 0, 1, 1, 0, 2, 0, 0, 0, 0, 1, 0, 0]|[0, 0, 1, 1, 0, 3, 3, 0, 3, 1, 1, 3, 0, 3, 3, 3, 3, 1, 3, 3]|[1, 0, 1, 0, 1, 0, 2, 0, 0, 1, 1, 2, 1, 1, 1, 0, 0, 1, 1, 2],434.275212412142;9174.958233807818;15026.880659223301,false,0
36,1,3600,G3_TWC,[6, 19, 12, 5, 4, 16, 3, 11, 15, 7, 2, 9, 8, 0, 17, 13, 14, 10, 18, 1]|[2, 2, 0, 1, 0, 0, 2, 2, 1, 1, 1, 0, 2, 0, 0, 0, 0, 0, 0, 0]|[0, 0, 2, 1, 3, 3, 0, 0, 0, 1, 1, 3, 0, 3, 3, 0, 3, 3, 3, 3]|[1, 0, 1, 0, 2, 0, 1, 0, 1, 1, 1, 1, 1, 2, 1, 2, 0, 2, 1, 1],409.047230276459;9712.789948995710;12805.715992083906,false,0
37,1,3700,G1_CMAX,[6, 19, 12, 5, 4, 16, 3, 9, 10, 17, 2, 18, 13, 14, 8, 11, 7, 1, 15, 0]|[2, 1, 1, 2, 1, 0, 1, 0, 1, 0, 2, 0, 2, 1, 0, 2, 1, 1, 0, 2]|[0, 1, 1, 1, 0, 3, 0, 3, 1, 0, 0, 0, 0, 0, 0, 1, 0, 1, 3, 0]|[1, 1, 1, 0, 0, 1, 1, 2, 1, 0, 1, 1, 1, 1, 0, 0, 1, 0, 2, 1],226.990629343372;11104.352378173600;18140.749392244250,false,0
37,1,3700,G4_BALANCED,[6, 19, 12, 5, 4, 16, 3, 9, 10, 17, 2, 18, 13, 1, 7, 14, 8, 15, 0, 11]|[2, 1, 1, 0, 1, 0, 1, 2, 2, 0, 2, 0, 2, 1, 1, 0, 0, 0, 0, 1]|[0, 1, 1, 0, 0, 3, 0, 1, 0, 0, 0, 0, 0, 1, 1, 3, 0, 3, 3, 1]|[1, 1, 1, 0, 0, 1, 1, 1, 0, 0, 1, 1, 1, 0, 1, 2, 0, 2, 2, 1],309.350963743179;10410.844670303546;14833.137194473093,false,0
37,1,3700,G2_TEC,[6, 19, 12, 5, 4, 16, 3, 11, 15, 7, 2, 10, 8, 13, 9, 0, 14, 18, 17, 1]|[2, 2, 1, 1, 2, 0, 0, 2, 0, 1, 1, 0, 2, 0, 0, 0, 0, 1, 0, 0]|[0, 0, 1, 1, 0, 3, 3, 0, 3, 1, 1, 3, 0, 3, 3, 3, 3, 1, 3, 3]|[1, 0, 1, 0, 1, 0, 2, 0, 0, 1, 1, 2, 1, 1, 1, 0, 0, 1, 1, 2],434.275212412142;9174.958233807818;15026.880659223301,false,0
37,1,3700,G3_TWC,[6, 19, 12, 5, 4, 16, 3, 11, 15, 7, 2, 9, 8, 0, 17, 13, 14, 10, 18, 1]|[2, 2, 0, 1, 0, 0, 2, 2, 1, 1, 1, 0, 2, 0, 0, 0, 0, 0, 0, 0]|[0, 0, 2, 1, 3, 3, 0, 0, 0, 1, 1, 3, 0, 3, 3, 0, 3, 3, 3, 3]|[1, 0, 1, 0, 2, 0, 1, 0, 1, 1, 1, 1, 1, 2, 1, 2, 0, 2, 1, 1],409.047230276459;9712.789948995710;12805.715992083906,false,0
38,1,3800,G1_CMAX,[6, 19, 12, 5, 4, 16, 3, 9, 10, 17, 2, 18, 13, 14, 8, 11, 7, 1, 15, 0]|[2, 1, 1, 2, 1, 0, 1, 0, 1, 0, 2, 0, 2, 1, 0, 2, 1, 1, 0, 2]|[0, 1, 1, 1, 0, 3, 0, 3, 1, 0, 0, 0, 0, 0, 0, 1, 0, 1, 3, 0]|[1, 1, 1, 0, 0, 1, 1, 2, 1, 0, 1, 1, 1, 1, 0, 0, 1, 0, 2, 1],226.990629343372;11104.352378173600;18140.749392244250,false,0
38,1,3800,G4_BALANCED,[6, 19, 12, 5, 4, 16, 3, 9, 10, 17, 2, 18, 13, 1, 7, 14, 8, 15, 0, 11]|[2, 1, 1, 0, 1, 0, 1, 2, 2, 0, 2, 0, 2, 1, 1, 0, 0, 0, 0, 1]|[0, 1, 1, 0, 0, 3, 0, 1, 0, 0, 0, 0, 0, 1, 1, 3, 0, 3, 3, 1]|[1, 1, 1, 0, 0, 1, 1, 1, 0, 0, 1, 1, 1, 0, 1, 2, 0, 2, 2, 1],309.350963743179;10410.844670303546;14833.137194473093,false,0
38,1,3800,G2_TEC,[6, 19, 12, 5, 4, 16, 3, 11, 15, 7, 2, 10, 8, 13, 9, 0, 14, 18, 17, 1]|[2, 2, 1, 1, 2, 0, 0, 2, 0, 1, 1, 0, 2, 0, 0, 0, 0, 1, 0, 0]|[0, 0, 1, 1, 0, 3, 3, 0, 3, 1, 1, 3, 0, 3, 3, 3, 3, 1, 3, 3]|[1, 0, 1, 0, 1, 0, 2, 0, 0, 1, 1, 2, 1, 1, 1, 0, 0, 1, 1, 2],434.275212412142;9174.958233807818;15026.880659223301,false,0
38,1,3800,G3_TWC,[6, 19, 12, 5, 4, 16, 3, 11, 15, 7, 2, 9, 8, 0, 17, 13, 14, 10, 18, 1]|[2, 2, 0, 1, 0, 0, 2, 2, 1, 1, 1, 0, 2, 0, 0, 0, 0, 0, 0, 0]|[0, 0, 2, 1, 3, 3, 0, 0, 0, 1, 1, 3, 0, 3, 3, 0, 3, 3, 3, 3]|[1, 0, 1, 0, 2, 0, 1, 0, 1, 1, 1, 1, 1, 2, 1, 2, 0, 2, 1, 1],409.047230276459;9712.789948995710;12805.715992083906,false,0
39,1,3900,G1_CMAX,[6, 19, 12, 5, 4, 16, 3, 9, 10, 17, 2, 18, 13, 14, 8, 11, 7, 1, 15, 0]|[2, 1, 1, 2, 1, 0, 1, 0, 1, 0, 2, 0, 2, 1, 0, 2, 1, 1, 0, 2]|[0, 1, 1, 1, 0, 3, 0, 3, 1, 0, 0, 0, 0, 0, 0, 1, 0, 1, 3, 0]|[1, 1, 1, 0, 0, 1, 1, 2, 1, 0, 1, 1, 1, 1, 0, 0, 1, 0, 2, 1],226.990629343372;11104.352378173600;18140.749392244250,false,0
39,1,3900,G4_BALANCED,[6, 19, 12, 5, 4, 16, 3, 9, 10, 17, 2, 18, 13, 1, 7, 14, 8, 15, 0, 11]|[2, 1, 1, 0, 1, 0, 1, 2, 2, 0, 2, 0, 2, 1, 1, 0, 0, 0, 0, 1]|[0, 1, 1, 0, 0, 3, 0, 1, 0, 0, 0, 0, 0, 1, 1, 3, 0, 3, 3, 1]|[1, 1, 1, 0, 0, 1, 1, 1, 0, 0, 1, 1, 1, 0, 1, 2, 0, 2, 2, 1],309.350963743179;10410.844670303546;14833.137194473093,false,0
39,1,3900,G2_TEC,[6, 19, 12, 5, 4, 16, 3, 11, 15, 7, 2, 10, 8, 13, 9, 0, 14, 18, 17, 1]|[2, 2, 1, 1, 2, 0, 0, 2, 0, 1, 1, 0, 2, 0, 0, 0, 0, 1, 0, 0]|[0, 0, 1, 1, 0, 3, 3, 0, 3, 1, 1, 3, 0, 3, 3, 3, 3, 1, 3, 3]|[1, 0, 1, 0, 1, 0, 2, 0, 0, 1, 1, 2, 1, 1, 1, 0, 0, 1, 1, 2],434.275212412142;9174.958233807818;15026.880659223301,false,0
39,1,3900,G3_TWC,[6, 19, 12, 5, 4, 13, 2, 11, 15, 7, 17, 8, 14, 1, 16, 9, 18, 10, 3, 0]|[2, 1, 0, 0, 1, 0, 2, 1, 1, 0, 0, 2, 1, 1, 2, 0, 0, 2, 1, 2]|[0, 1, 2, 3, 1, 0, 0, 1, 0, 3, 3, 1, 0, 1, 0, 3, 0, 1, 0, 0]|[1, 1, 1, 0, 1, 2, 1, 0, 1, 2, 1, 1, 1, 0, 0, 1, 1, 0, 1, 1],253.059608622412;10941.118968762697;16694.814867246794,false,0
40,1,4000,G1_CMAX,[6, 19, 12, 5, 4, 16, 3, 9, 10, 17, 2, 18, 13, 14, 8, 11, 7, 1, 15, 0]|[2, 1, 1, 2, 1, 0, 1, 0, 1, 0, 2, 0, 2, 1, 0, 2, 1, 1, 0, 2]|[0, 1, 1, 1, 0, 3, 0, 3, 1, 0, 0, 0, 0, 0, 0, 1, 0, 1, 3, 0]|[1, 1, 1, 0, 0, 1, 1, 2, 1, 0, 1, 1, 1, 1, 0, 0, 1, 0, 2, 1],226.990629343372;11104.352378173600;18140.749392244250,false,0
40,1,4000,G4_BALANCED,[6, 19, 12, 5, 4, 16, 3, 9, 10, 17, 2, 18, 13, 1, 7, 14, 8, 15, 0, 11]|[2, 1, 1, 0, 1, 0, 1, 2, 2, 0, 2, 0, 2, 1, 1, 0, 0, 0, 0, 1]|[0, 1, 1, 0, 0, 3, 0, 1, 0, 0, 0, 0, 0, 1, 1, 3, 0, 3, 3, 1]|[1, 1, 1, 0, 0, 1, 1, 1, 0, 0, 1, 1, 1, 0, 1, 2, 0, 2, 2, 1],309.350963743179;10410.844670303546;14833.137194473093,false,0
40,1,4000,G2_TEC,[6, 19, 12, 5, 4, 16, 3, 11, 15, 7, 2, 10, 8, 13, 9, 0, 14, 18, 17, 1]|[2, 2, 1, 1, 2, 0, 0, 2, 0, 1, 1, 0, 2, 0, 0, 0, 0, 1, 0, 0]|[0, 0, 1, 1, 0, 3, 3, 0, 3, 1, 1, 3, 0, 3, 3, 3, 3, 1, 3, 3]|[1, 0, 1, 0, 1, 0, 2, 0, 0, 1, 1, 2, 1, 1, 1, 0, 0, 1, 1, 2],434.275212412142;9174.958233807818;15026.880659223301,false,0
40,1,4000,G3_TWC,[6, 19, 12, 5, 4, 16, 3, 11, 15, 9, 2, 18, 7, 10, 8, 0, 13, 1, 14, 17]|[2, 0, 1, 0, 1, 0, 1, 0, 0, 0, 2, 1, 0, 2, 2, 0, 2, 0, 1, 1]|[0, 0, 1, 3, 1, 3, 1, 0, 3, 3, 0, 1, 3, 0, 1, 3, 0, 3, 0, 1]|[1, 2, 1, 0, 0, 1, 1, 0, 0, 2, 1, 1, 2, 0, 1, 2, 1, 0, 1, 0],354.607838409838;9980.667493562127;15276.830988597096,false,0
41,1,4100,G1_CMAX,[6, 19, 12, 5, 4, 16, 3, 9, 10, 17, 2, 18, 13, 14, 8, 11, 7, 1, 15, 0]|[2, 1, 1, 2, 1, 0, 1, 0, 1, 0, 2, 0, 2, 1, 0, 2, 1, 1, 0, 2]|[0, 1, 1, 1, 0, 3, 0, 3, 1, 0, 0, 0, 0, 0, 0, 1, 0, 1, 3, 0]|[1, 1, 1, 0, 0, 1, 1, 2, 1, 0, 1, 1, 1, 1, 0, 0, 1, 0, 2, 1],226.990629343372;11104.352378173600;18140.749392244250,false,0
41,1,4100,G4_BALANCED,[6, 19, 12, 5, 4, 16, 3, 9, 10, 17, 2, 18, 13, 1, 7, 14, 8, 15, 0, 11]|[2, 1, 1, 0, 1, 0, 1, 2, 2, 0, 2, 0, 2, 1, 1, 0, 0, 0, 0, 1]|[0, 1, 1, 0, 0, 3, 0, 1, 0, 0, 0, 0, 0, 1, 1, 3, 0, 3, 3, 1]|[1, 1, 1, 0, 0, 1, 1, 1, 0, 0, 1, 1, 1, 0, 1, 2, 0, 2, 2, 1],309.350963743179;10410.844670303546;14833.137194473093,false,0
41,1,4100,G2_TEC,[6, 19, 12, 5, 4, 16, 3, 11, 15, 7, 2, 10, 8, 13, 9, 0, 14, 18, 17, 1]|[2, 2, 1, 1, 2, 0, 0, 2, 0, 1, 1, 0, 2, 0, 0, 0, 0, 1, 0, 0]|[0, 0, 1, 1, 0, 3, 3, 0, 3, 1, 1, 3, 0, 3, 3, 3, 3, 1, 3, 3]|[1, 0, 1, 0, 1, 0, 2, 0, 0, 1, 1, 2, 1, 1, 1, 0, 0, 1, 1, 2],434.275212412142;9174.958233807818;15026.880659223301,false,0
41,1,4100,G3_TWC,[6, 19, 12, 5, 4, 16, 3, 9, 10, 17, 2, 18, 13, 1, 7, 0, 8, 15, 14, 11]|[2, 1, 1, 0, 1, 0, 1, 0, 2, 0, 2, 0, 2, 1, 1, 0, 2, 1, 1, 1]|[0, 1, 1, 0, 0, 3, 0, 3, 0, 0, 0, 0, 0, 1, 1, 3, 1, 1, 0, 1]|[1, 1, 1, 0, 0, 1, 1, 2, 0, 0, 1, 1, 1, 0, 1, 2, 1, 0, 1, 1],257.378903615844;10616.610959513666;16813.244722859195,false,0
42,1,4200,G1_CMAX,[6, 19, 12, 5, 4, 16, 3, 9, 10, 17, 2, 18, 13, 1, 7, 0, 8, 15, 14, 11]|[2, 1, 1, 2, 1, 0, 1, 0, 2, 0, 2, 0, 2, 1, 1, 0, 0, 0, 1, 1]|[0, 1, 1, 1, 0, 3, 0, 3, 0, 0, 0, 0, 0, 1, 1, 3, 0, 3, 0, 1]|[1, 1, 1, 0, 0, 1, 1, 2, 0, 0, 1, 1, 1, 0, 1, 2, 0, 2, 1, 1],246.483616871782;10582.557569370765;17175.424632016846,false,0
42,1,4200,G4_BALANCED,[6, 19, 12, 5, 4, 16, 3, 9, 10, 17, 2, 18, 13, 1, 7, 14, 8, 15, 0, 11]|[2, 1, 1, 0, 1, 0, 1, 2, 2, 0, 2, 0, 2, 1, 1, 0, 0, 0, 0, 1]|[0, 1, 1, 0, 0, 3, 0, 1, 0, 0, 0, 0, 0, 1, 1, 3, 0, 3, 3, 1]|[1, 1, 1, 0, 0, 1, 1, 1, 0, 0, 1, 1, 1, 0, 1, 2, 0, 2, 2, 1],309.350963743179;10410.844670303546;14833.137194473093,false,0
42,1,4200,G2_TEC,[6, 19, 12, 5, 4, 16, 3, 11, 15, 7, 2, 10, 8, 13, 9, 0, 14, 18, 17, 1]|[2, 2, 1, 1, 2, 0, 0, 2, 0, 1, 1, 0, 2, 0, 0, 0, 0, 1, 0, 0]|[0, 0, 1, 1, 0, 3, 3, 0, 3, 1, 1, 3, 0, 3, 3, 3, 3, 1, 3, 3]|[1, 0, 1, 0, 1, 0, 2, 0, 0, 1, 1, 2, 1, 1, 1, 0, 0, 1, 1, 2],434.275212412142;9174.958233807818;15026.880659223301,false,0
42,1,4200,G3_TWC,[6, 19, 12, 5, 4, 16, 3, 11, 15, 7, 2, 9, 8, 0, 17, 13, 14, 10, 18, 1]|[2, 2, 0, 1, 0, 0, 2, 2, 1, 1, 1, 0, 2, 0, 0, 0, 0, 0, 0, 0]|[0, 0, 2, 1, 3, 3, 0, 0, 0, 1, 1, 3, 0, 3, 3, 0, 3, 3, 3, 3]|[1, 0, 1, 0, 2, 0, 1, 0, 1, 1, 1, 1, 1, 2, 1, 2, 0, 2, 1, 1],409.047230276459;9712.789948995710;12805.715992083906,false,0
43,1,4300,G1_CMAX,[6, 19, 12, 5, 4, 16, 3, 9, 10, 17, 2, 18, 13, 1, 7, 0, 8, 15, 14, 11]|[2, 1, 1, 2, 1, 0, 1, 0, 2, 0, 2, 0, 2, 1, 1, 0, 0, 0, 1, 1]|[0, 1, 1, 1, 0, 3, 0, 3, 0, 0, 0, 0, 0, 1, 1, 3, 0, 3, 0, 1]|[1, 1, 1, 0, 0, 1, 1, 2, 0, 0, 1, 1, 1, 0, 1, 2, 0, 2, 1, 1],246.483616871782;10582.557569370765;17175.424632016846,false,0
43,1,4300,G4_BALANCED,[6, 19, 12, 5, 4, 16, 3, 9, 10, 17, 2, 18, 13, 1, 7, 14, 8, 15, 0, 11]|[2, 1, 1, 0, 1, 0, 1, 2, 2, 0, 2, 0, 2, 1, 1, 0, 0, 0, 0, 1]|[0, 1, 1, 0, 0, 3, 0, 1, 0, 0, 0, 0, 0, 1, 1, 3, 0, 3, 3, 1]|[1, 1, 1, 0, 0, 1, 1, 1, 0, 0, 1, 1, 1, 0, 1, 2, 0, 2, 2, 1],309.350963743179;10410.844670303546;14833.137194473093,false,0
43,1,4300,G2_TEC,[6, 19, 12, 5, 4, 16, 3, 11, 15, 7, 2, 10, 8, 13, 9, 0, 14, 18, 17, 1]|[2, 2, 1, 1, 2, 0, 0, 2, 0, 1, 1, 0, 2, 0, 0, 0, 0, 1, 0, 0]|[0, 0, 1, 1, 0, 3, 3, 0, 3, 1, 1, 3, 0, 3, 3, 3, 3, 1, 3, 3]|[1, 0, 1, 0, 1, 0, 2, 0, 0, 1, 1, 2, 1, 1, 1, 0, 0, 1, 1, 2],434.275212412142;9174.958233807818;15026.880659223301,false,0
43,1,4300,G3_TWC,[6, 19, 12, 5, 4, 16, 3, 11, 15, 7, 2, 9, 8, 0, 17, 13, 14, 10, 18, 1]|[2, 2, 0, 1, 0, 0, 2, 2, 1, 1, 1, 0, 2, 0, 0, 0, 0, 0, 0, 0]|[0, 0, 2, 1, 3, 3, 0, 0, 0, 1, 1, 3, 0, 3, 3, 0, 3, 3, 3, 3]|[1, 0, 1, 0, 2, 0, 1, 0, 1, 1, 1, 1, 1, 2, 1, 2, 0, 2, 1, 1],409.047230276459;9712.789948995710;12805.715992083906,false,0
44,1,4400,G1_CMAX,[6, 19, 11, 10, 1, 13, 3, 16, 8, 17, 5, 9, 18, 4, 2, 12, 15, 0, 7, 14]|[0, 1, 2, 2, 0, 0, 2, 0, 2, 0, 2, 0, 0, 1, 1, 1, 0, 0, 0, 1]|[3, 1, 0, 0, 2, 3, 0, 0, 1, 0, 0, 3, 3, 0, 1, 1, 1, 3, 3, 0]|[0, 1, 0, 0, 2, 2, 0, 0, 1, 0, 0, 2, 2, 0, 1, 1, 1, 2, 2, 1],329.052061914985;10854.351582006899;14688.934261021280,false,0
44,1,4400,G4_BALANCED,[6, 19, 12, 5, 4, 16, 3, 9, 10, 17, 2, 18, 13, 1, 7, 14, 8, 15, 0, 11]|[2, 1, 1, 0, 1, 0, 1, 2, 2, 0, 2, 0, 2, 1, 1, 0, 0, 0, 0, 1]|[0, 1, 1, 0, 0, 3, 0, 1, 0, 0, 0, 0, 0, 1, 1, 3, 0, 3, 3, 1]|[1, 1, 1, 0, 0, 1, 1, 1, 0, 0, 1, 1, 1, 0, 1, 2, 0, 2, 2, 1],309.350963743179;10410.844670303546;14833.137194473093,false,0
44,1,4400,G2_TEC,[6, 19, 12, 5, 4, 16, 3, 11, 15, 7, 2, 10, 8, 13, 9, 0, 14, 18, 17, 1]|[2, 2, 1, 1, 2, 0, 0, 2, 0, 1, 1, 0, 2, 0, 0, 0, 0, 1, 0, 0]|[0, 0, 1, 1, 0, 3, 3, 0, 3, 1, 1, 3, 0, 3, 3, 3, 3, 1, 3, 3]|[1, 0, 1, 0, 1, 0, 2, 0, 0, 1, 1, 2, 1, 1, 1, 0, 0, 1, 1, 2],434.275212412142;9174.958233807818;15026.880659223301,false,0
44,1,4400,G3_TWC,[6, 19, 12, 5, 4, 16, 3, 11, 15, 7, 2, 9, 8, 0, 17, 13, 14, 10, 18, 1]|[2, 2, 0, 1, 0, 0, 2, 2, 1, 1, 1, 0, 2, 0, 0, 0, 0, 0, 0, 0]|[0, 0, 2, 1, 3, 3, 0, 0, 0, 1, 1, 3, 0, 3, 3, 0, 3, 3, 3, 3]|[1, 0, 1, 0, 2, 0, 1, 0, 1, 1, 1, 1, 1, 2, 1, 2, 0, 2, 1, 1],409.047230276459;9712.789948995710;12805.715992083906,false,0
45,1,4500,G1_CMAX,[6, 19, 11, 10, 1, 13, 3, 16, 8, 17, 5, 9, 18, 4, 2, 12, 15, 0, 7, 14]|[0, 1, 2, 2, 0, 0, 2, 0, 2, 0, 2, 0, 0, 1, 1, 1, 0, 0, 0, 1]|[3, 1, 0, 0, 2, 3, 0, 0, 1, 0, 0, 3, 3, 0, 1, 1, 1, 3, 3, 0]|[0, 1, 0, 0, 2, 2, 0, 0, 1, 0, 0, 2, 2, 0, 1, 1, 1, 2, 2, 1],329.052061914985;10854.351582006899;14688.934261021280,false,0
45,1,4500,G4_BALANCED,[6, 19, 12, 5, 4, 16, 3, 9, 10, 17, 2, 18, 13, 1, 7, 14, 8, 15, 0, 11]|[2, 1, 1, 0, 1, 0, 1, 2, 2, 0, 2, 0, 2, 1, 1, 0, 0, 0, 0, 1]|[0, 1, 1, 0, 0, 3, 0, 1, 0, 0, 0, 0, 0, 1, 1, 3, 0, 3, 3, 1]|[1, 1, 1, 0, 0, 1, 1, 1, 0, 0, 1, 1, 1, 0, 1, 2, 0, 2, 2, 1],309.350963743179;10410.844670303546;14833.137194473093,false,0
45,1,4500,G2_TEC,[6, 19, 12, 5, 4, 16, 3, 11, 15, 7, 2, 10, 8, 13, 9, 0, 14, 18, 17, 1]|[2, 2, 1, 1, 2, 0, 0, 2, 0, 1, 1, 0, 2, 0, 0, 0, 0, 1, 0, 0]|[0, 0, 1, 1, 0, 3, 3, 0, 3, 1, 1, 3, 0, 3, 3, 3, 3, 1, 3, 3]|[1, 0, 1, 0, 1, 0, 2, 0, 0, 1, 1, 2, 1, 1, 1, 0, 0, 1, 1, 2],434.275212412142;9174.958233807818;15026.880659223301,false,0
45,1,4500,G3_TWC,[6, 19, 12, 5, 4, 16, 3, 11, 15, 7, 2, 9, 8, 0, 17, 13, 14, 10, 18, 1]|[2, 2, 0, 1, 0, 0, 2, 2, 1, 1, 1, 0, 2, 0, 0, 0, 0, 0, 0, 0]|[0, 0, 2, 1, 3, 3, 0, 0, 0, 1, 1, 3, 0, 3, 3, 0, 3, 3, 3, 3]|[1, 0, 1, 0, 2, 0, 1, 0, 1, 1, 1, 1, 1, 2, 1, 2, 0, 2, 1, 1],409.047230276459;9712.789948995710;12805.715992083906,false,0
46,1,4600,G1_CMAX,[6, 19, 12, 5, 4, 16, 3, 9, 10, 17, 2, 18, 13, 14, 8, 11, 7, 1, 15, 0]|[2, 1, 1, 2, 1, 0, 1, 0, 1, 0, 2, 0, 2, 1, 0, 2, 1, 1, 0, 2]|[0, 1, 1, 1, 0, 3, 0, 3, 1, 0, 0, 0, 0, 0, 0, 1, 0, 1, 3, 0]|[1, 1, 1, 0, 0, 1, 1, 2, 1, 0, 1, 1, 1, 1, 0, 0, 1, 0, 2, 1],226.990629343372;11104.352378173600;18140.749392244250,false,0
46,1,4600,G4_BALANCED,[6, 19, 12, 5, 4, 16, 3, 9, 10, 17, 2, 18, 13, 1, 7, 14, 8, 15, 0, 11]|[2, 1, 1, 0, 1, 0, 1, 2, 2, 0, 2, 0, 2, 1, 1, 0, 0, 0, 0, 1]|[0, 1, 1, 0, 0, 3, 0, 1, 0, 0, 0, 0, 0, 1, 1, 3, 0, 3, 3, 1]|[1, 1, 1, 0, 0, 1, 1, 1, 0, 0, 1, 1, 1, 0, 1, 2, 0, 2, 2, 1],309.350963743179;10410.844670303546;14833.137194473093,false,0
46,1,4600,G2_TEC,[6, 19, 12, 5, 4, 16, 3, 11, 15, 7, 2, 10, 8, 13, 9, 0, 14, 18, 17, 1]|[2, 2, 1, 1, 2, 0, 0, 2, 0, 1, 1, 0, 2, 0, 0, 0, 0, 1, 0, 0]|[0, 0, 1, 1, 0, 3, 3, 0, 3, 1, 1, 3, 0, 3, 3, 3, 3, 1, 3, 3]|[1, 0, 1, 0, 1, 0, 2, 0, 0, 1, 1, 2, 1, 1, 1, 0, 0, 1, 1, 2],434.275212412142;9174.958233807818;15026.880659223301,false,0
46,1,4600,G3_TWC,[6, 19, 12, 5, 4, 16, 3, 11, 15, 7, 2, 9, 8, 0, 17, 13, 14, 10, 18, 1]|[2, 2, 0, 1, 0, 0, 2, 2, 1, 1, 1, 0, 2, 0, 0, 0, 0, 0, 0, 0]|[0, 0, 2, 1, 3, 3, 0, 0, 0, 1, 1, 3, 0, 3, 3, 0, 3, 3, 3, 3]|[1, 0, 1, 0, 2, 0, 1, 0, 1, 1, 1, 1, 1, 2, 1, 2, 0, 2, 1, 1],409.047230276459;9712.789948995710;12805.715992083906,false,0
47,1,4700,G1_CMAX,[6, 19, 12, 5, 4, 16, 3, 9, 10, 17, 2, 18, 13, 1, 7, 0, 15, 8, 14, 11]|[2, 1, 1, 2, 1, 0, 1, 0, 2, 0, 2, 0, 2, 1, 1, 1, 0, 0, 1, 2]|[0, 1, 1, 0, 0, 3, 0, 3, 0, 0, 0, 0, 0, 1, 0, 1, 3, 0, 0, 1]|[1, 1, 1, 0, 0, 1, 1, 2, 0, 0, 1, 1, 1, 0, 1, 0, 2, 0, 1, 0],226.990629343372;11036.439344757204;17390.423115514757,false,0
47,1,4700,G4_BALANCED,[6, 19, 12, 5, 4, 16, 3, 9, 10, 17, 2, 18, 13, 1, 7, 14, 8, 15, 0, 11]|[2, 1, 1, 0, 1, 0, 1, 2, 2, 0, 2, 0, 2, 1, 1, 0, 0, 0, 0, 1]|[0, 1, 1, 0, 0, 3, 0, 1, 0, 0, 0, 0, 0, 1, 1, 3, 0, 3, 3, 1]|[1, 1, 1, 0, 0, 1, 1, 1, 0, 0, 1, 1, 1, 0, 1, 2, 0, 2, 2, 1],309.350963743179;10410.844670303546;14833.137194473093,false,0
47,1,4700,G2_TEC,[6, 19, 12, 5, 4, 16, 3, 11, 15, 7, 2, 10, 8, 13, 9, 0, 14, 18, 17, 1]|[2, 2, 1, 1, 2, 0, 0, 2, 0, 1, 1, 0, 2, 0, 0, 0, 0, 1, 0, 0]|[0, 0, 1, 1, 0, 3, 3, 0, 3, 1, 1, 3, 0, 3, 3, 3, 3, 1, 3, 3]|[1, 0, 1, 0, 1, 0, 2, 0, 0, 1, 1, 2, 1, 1, 1, 0, 0, 1, 1, 2],434.275212412142;9174.958233807818;15026.880659223301,false,0
47,1,4700,G3_TWC,[6, 19, 12, 5, 4, 16, 3, 9, 10, 17, 2, 18, 13, 15, 7, 11, 0, 1, 8, 14]|[2, 1, 1, 2, 1, 0, 1, 0, 2, 0, 2, 0, 2, 0, 1, 2, 0, 1, 0, 1]|[0, 1, 1, 1, 0, 3, 0, 3, 0, 0, 0, 0, 0, 3, 0, 0, 3, 1, 0, 0]|[1, 1, 1, 0, 0, 1, 1, 2, 0, 0, 1, 1, 1, 2, 1, 1, 1, 0, 0, 1],246.457794253490;10946.751084555384;16901.925592288490,false,0
48,1,4800,G1_CMAX,[6, 19, 12, 5, 4, 16, 3, 9, 10, 17, 2, 18, 13, 1, 7, 0, 15, 8, 14, 11]|[2, 1, 1, 2, 1, 0, 1, 0, 2, 0, 2, 0, 2, 1, 1, 1, 0, 0, 1, 2]|[0, 1, 1, 0, 0, 3, 0, 3, 0, 0, 0, 0, 0, 1, 0, 1, 3, 0, 0, 1]|[1, 1, 1, 0, 0, 1, 1, 2, 0, 0, 1, 1, 1, 0, 1, 0, 2, 0, 1, 0],226.990629343372;11036.439344757204;17390.423115514757,false,0
48,1,4800,G4_BALANCED,[6, 19, 12, 5, 4, 16, 14, 9, 10, 17, 2, 18, 13, 1, 7, 3, 11, 15, 0, 8]|[2, 1, 1, 0, 1, 0, 0, 2, 2, 0, 2, 0, 2, 1, 1, 1, 1, 0, 0, 0]|[0, 1, 1, 0, 0, 3, 3, 1, 0, 0, 0, 0, 0, 1, 0, 0, 1, 3, 3, 0]|[1, 1, 1, 0, 0, 1, 2, 1, 0, 0, 1, 1, 1, 0, 1, 1, 1, 2, 2, 0],309.350963743179;10579.204322270472;14394.207918428594,false,0
48,1,4800,G2_TEC,[6, 19, 12, 5, 4, 16, 3, 11, 15, 7, 2, 10, 8, 13, 9, 0, 14, 18, 17, 1]|[2, 2, 1, 1, 2, 0, 0, 2, 0, 1, 1, 0, 2, 0, 0, 0, 0, 1, 0, 0]|[0, 0, 1, 1, 0, 3, 3, 0, 3, 1, 1, 3, 0, 3, 3, 3, 3, 1, 3, 3]|[1, 0, 1, 0, 1, 0, 2, 0, 0, 1, 1, 2, 1, 1, 1, 0, 0, 1, 1, 2],434.275212412142;9174.958233807818;15026.880659223301,false,0
48,1,4800,G3_TWC,[6, 19, 12, 5, 4, 16, 3, 9, 10, 17, 2, 18, 13, 1, 7, 14, 15, 8, 0, 11]|[2, 1, 1, 2, 1, 0, 1, 2, 2, 0, 2, 0, 2, 1, 1, 0, 0, 0, 0, 1]|[0, 1, 1, 0, 0, 3, 0, 1, 0, 0, 0, 0, 0, 1, 0, 3, 3, 0, 3, 1]|[1, 1, 1, 0, 0, 1, 1, 1, 0, 0, 1, 1, 1, 0, 1, 2, 2, 0, 2, 1],245.386514290780;10503.484946969877;16519.927239805696,false,0
49,1,4900,G1_CMAX,[6, 19, 12, 5, 4, 16, 3, 9, 10, 17, 2, 18, 13, 1, 7, 0, 15, 8, 14, 11]|[2, 1, 1, 2, 1, 0, 1, 0, 2, 0, 2, 0, 2, 1, 1, 1, 0, 0, 1, 2]|[0, 1, 1, 0, 0, 3, 0, 3, 0, 0, 0, 0, 0, 1, 0, 1, 3, 0, 0, 1]|[1, 1, 1, 0, 0, 1, 1, 2, 0, 0, 1, 1, 1, 0, 1, 0, 2, 0, 1, 0],226.990629343372;11036.439344757204;17390.423115514757,false,0
49,1,4900,G4_BALANCED,[6, 19, 12, 5, 4, 16, 3, 15, 10, 17, 2, 7, 8, 0, 18, 9, 14, 11, 13, 1]|[2, 2, 1, 0, 2, 0, 0, 2, 0, 0, 1, 0, 2, 0, 1, 0, 1, 2, 0, 0]|[0, 0, 1, 3, 0, 3, 3, 0, 3, 3, 1, 3, 0, 3, 1, 3, 0, 0, 3, 3]|[1, 0, 1, 0, 1, 0, 2, 0, 2, 1, 1, 2, 1, 0, 1, 2, 1, 0, 1, 2],421.335549916642;9410.601623298451;15586.092622470047,false,0
49,1,4900,G2_TEC,[6, 19, 12, 5, 4, 16, 3, 11, 15, 7, 2, 10, 8, 13, 9, 0, 14, 18, 17, 1]|[2, 2, 1, 1, 2, 0, 0, 2, 0, 1, 1, 0, 2, 0, 0, 0, 0, 1, 0, 0]|[0, 0, 1, 1, 0, 3, 3, 0, 3, 1, 1, 3, 0, 3, 3, 3, 3, 1, 3, 3]|[1, 0, 1, 0, 1, 0, 2, 0, 0, 1, 1, 2, 1, 1, 1, 0, 0, 1, 1, 2],434.275212412142;9174.958233807818;15026.880659223301,false,0
49,1,4900,G3_TWC,[6, 19, 12, 5, 4, 16, 3, 9, 10, 17, 2, 15, 13, 1, 7, 0, 8, 18, 14, 11]|[2, 1, 1, 2, 1, 0, 1, 0, 2, 0, 2, 1, 2, 1, 1, 0, 0, 0, 0, 0]|[0, 1, 1, 0, 0, 3, 0, 3, 0, 0, 0, 0, 0, 1, 1, 3, 0, 0, 3, 3]|[1, 1, 1, 0, 0, 1, 1, 2, 0, 0, 1, 1, 1, 0, 1, 2, 0, 1, 0, 2],269.541440129964;10323.593279298751;14426.693977986739,false,0
50,1,5000,G1_CMAX,[6, 19, 12, 5, 4, 16, 3, 9, 10, 17, 2, 18, 13, 1, 7, 0, 15, 8, 14, 11]|[2, 1, 1, 2, 1, 0, 1, 0, 2, 0, 2, 0, 2, 1, 1, 1, 0, 0, 1, 2]|[0, 1, 1, 0, 0, 3, 0, 3, 0, 0, 0, 0, 0, 1, 0, 1, 3, 0, 0, 1]|[1, 1, 1, 0, 0, 1, 1, 2, 0, 0, 1, 1, 1, 0, 1, 0, 2, 0, 1, 0],226.990629343372;11036.439344757204;17390.423115514757,false,0
50,1,5000,G4_BALANCED,[6, 19, 12, 5, 4, 16, 14, 9, 10, 17, 2, 18, 13, 1, 7, 3, 11, 15, 0, 8]|[2, 1, 1, 0, 1, 0, 0, 2, 2, 0, 2, 0, 2, 1, 1, 1, 1, 0, 0, 0]|[0, 1, 1, 0, 0, 3, 3, 1, 0, 0, 0, 0, 0, 1, 0, 0, 1, 3, 3, 0]|[1, 1, 1, 0, 0, 1, 2, 1, 0, 0, 1, 1, 1, 0, 1, 1, 1, 2, 2, 0],309.350963743179;10579.204322270472;14394.207918428594,false,0
50,1,5000,G2_TEC,[6, 19, 12, 5, 4, 16, 3, 11, 15, 7, 2, 10, 8, 13, 9, 0, 14, 18, 17, 1]|[2, 2, 1, 1, 2, 0, 0, 2, 0, 1, 1, 0, 2, 0, 0, 0, 0, 1, 0, 0]|[0, 0, 1, 1, 0, 3, 3, 0, 3, 1, 1, 3, 0, 3, 3, 3, 3, 1, 3, 3]|[1, 0, 1, 0, 1, 0, 2, 0, 0, 1, 1, 2, 1, 1, 1, 0, 0, 1, 1, 2],434.275212412142;9174.958233807818;15026.880659223301,false,0
50,1,5000,G3_TWC,[6, 19, 12, 5, 4, 16, 14, 9, 10, 17, 2, 18, 13, 1, 7, 3, 11, 15, 0, 8]|[2, 1, 1, 0, 1, 0, 0, 2, 2, 0, 2, 0, 2, 1, 1, 1, 1, 0, 0, 0]|[0, 1, 1, 0, 0, 3, 3, 1, 0, 0, 0, 0, 0, 1, 0, 0, 1, 3, 3, 0]|[1, 1, 1, 0, 0, 1, 2, 1, 0, 0, 1, 1, 1, 0, 1, 1, 1, 2, 2, 0],309.350963743179;10579.204322270472;14394.207918428594,false,0
51,2,28763,G1_CMAX,[6, 19, 12, 5, 4, 16, 3, 9, 10, 17, 2, 18, 13, 1, 7, 0, 15, 8, 14, 11]|[2, 1, 1, 2, 1, 0, 1, 0, 2, 0, 2, 0, 2, 1, 1, 1, 0, 0, 1, 2]|[0, 1, 1, 0, 0, 3, 0, 3, 0, 0, 0, 0, 0, 1, 0, 1, 3, 0, 0, 1]|[1, 1, 1, 0, 0, 1, 1, 2, 0, 0, 1, 1, 1, 0, 1, 0, 2, 0, 1, 0],226.990629343372;11036.439344757204;17390.423115514757,false,0
51,2,28763,G4_BALANCED,[6, 19, 12, 5, 4, 16, 14, 9, 10, 17, 2, 18, 13, 1, 7, 3, 11, 15, 0, 8]|[2, 1, 1, 0, 1, 0, 0, 2, 2, 0, 2, 0, 2, 1, 1, 1, 1, 0, 0, 0]|[0, 1, 1, 0, 0, 3, 3, 1, 0, 0, 0, 0, 0, 1, 0, 0, 1, 3, 3, 0]|[1, 1, 1, 0, 0, 1, 2, 1, 0, 0, 1, 1, 1, 0, 1, 1, 1, 2, 2, 0],309.350963743179;10579.204322270472;14394.207918428594,false,0
51,2,28763,G2_TEC,[6, 19, 12, 5, 4, 16, 3, 11, 15, 7, 2, 10, 8, 13, 9, 0, 14, 18, 17, 1]|[2, 2, 1, 1, 2, 0, 0, 2, 0, 1, 1, 0, 2, 0, 0, 0, 0, 1, 0, 0]|[0, 0, 1, 1, 0, 3, 3, 0, 3, 1, 1, 3, 0, 3, 3, 3, 3, 1, 3, 3]|[1, 0, 1, 0, 1, 0, 2, 0, 0, 1, 1, 2, 1, 1, 1, 0, 0, 1, 1, 2],434.275212412142;9174.958233807818;15026.880659223301,false,0
51,2,28763,G3_TWC,[6, 13, 11, 10, 5, 17, 12, 15, 7, 2, 14, 3, 19, 8, 18, 4, 1, 0, 9, 16]|[2, 2, 1, 1, 1, 0, 2, 1, 1, 2, 0, 0, 0, 2, 1, 1, 0, 0, 0, 0]|[0, 0, 1, 0, 1, 3, 0, 0, 1, 0, 3, 3, 3, 1, 1, 1, 3, 3, 3, 3]|[1, 0, 1, 1, 0, 0, 0, 1, 1, 1, 0, 2, 0, 1, 1, 1, 2, 0, 1, 0],388.375996563258;9270.495700199264;16611.645633526560,false,0
52,2,28863,G1_CMAX,[6, 19, 12, 5, 4, 16, 3, 9, 10, 17, 2, 18, 13, 1, 7, 0, 15, 8, 14, 11]|[2, 1, 1, 2, 1, 0, 1, 0, 2, 0, 2, 0, 2, 1, 1, 1, 0, 0, 1, 2]|[0, 1, 1, 0, 0, 3, 0, 3, 0, 0, 0, 0, 0, 1, 0, 1, 3, 0, 0, 1]|[1, 1, 1, 0, 0, 1, 1, 2, 0, 0, 1, 1, 1, 0, 1, 0, 2, 0, 1, 0],226.990629343372;11036.439344757204;17390.423115514757,false,0
52,2,28863,G4_BALANCED,[6, 19, 12, 5, 4, 16, 14, 9, 10, 17, 2, 18, 13, 1, 7, 3, 11, 15, 0, 8]|[2, 1, 1, 0, 1, 0, 0, 2, 2, 0, 2, 0, 2, 1, 1, 1, 1, 0, 0, 0]|[0, 1, 1, 0, 0, 3, 3, 1, 0, 0, 0, 0, 0, 1, 0, 0, 1, 3, 3, 0]|[1, 1, 1, 0, 0, 1, 2, 1, 0, 0, 1, 1, 1, 0, 1, 1, 1, 2, 2, 0],309.350963743179;10579.204322270472;14394.207918428594,false,0
52,2,28863,G2_TEC,[6, 19, 12, 5, 4, 16, 3, 11, 15, 7, 2, 10, 8, 13, 9, 0, 14, 18, 17, 1]|[2, 2, 1, 1, 2, 0, 0, 2, 0, 1, 1, 0, 2, 0, 0, 0, 0, 1, 0, 0]|[0, 0, 1, 1, 0, 3, 3, 0, 3, 1, 1, 3, 0, 3, 3, 3, 3, 1, 3, 3]|[1, 0, 1, 0, 1, 0, 2, 0, 0, 1, 1, 2, 1, 1, 1, 0, 0, 1, 1, 2],434.275212412142;9174.958233807818;15026.880659223301,false,0
52,2,28863,G3_TWC,[18, 19, 12, 5, 4, 16, 3, 11, 15, 7, 2, 10, 8, 14, 9, 6, 17, 1, 0, 13]|[2, 2, 0, 1, 2, 0, 0, 2, 1, 0, 1, 0, 2, 0, 0, 1, 0, 0, 0, 0]|[0, 0, 2, 1, 0, 3, 3, 0, 0, 3, 1, 3, 0, 3, 3, 1, 3, 3, 3, 0]|[1, 0, 1, 0, 1, 0, 2, 0, 1, 2, 1, 2, 1, 0, 0, 1, 1, 2, 0, 2],387.144533780142;9452.369327799623;12907.643823632734,false,0
53,2,28963,G1_CMAX,[6, 19, 12, 5, 4, 16, 3, 9, 10, 17, 2, 18, 13, 1, 7, 0, 15, 8, 14, 11]|[2, 1, 1, 2, 1, 0, 1, 0, 2, 0, 2, 0, 2, 1, 1, 1, 0, 0, 1, 2]|[0, 1, 1, 0, 0, 3, 0, 3, 0, 0, 0, 0, 0, 1, 0, 1, 3, 0, 0, 1]|[1, 1, 1, 0, 0, 1, 1, 2, 0, 0, 1, 1, 1, 0, 1, 0, 2, 0, 1, 0],226.990629343372;11036.439344757204;17390.423115514757,false,0
53,2,28963,G4_BALANCED,[6, 19, 12, 5, 4, 16, 14, 9, 10, 17, 2, 18, 13, 1, 7, 3, 11, 15, 0, 8]|[2, 1, 1, 0, 1, 0, 0, 2, 2, 0, 2, 0, 2, 1, 1, 1, 1, 0, 0, 0]|[0, 1, 1, 0, 0, 3, 3, 1, 0, 0, 0, 0, 0, 1, 0, 0, 1, 3, 3, 0]|[1, 1, 1, 0, 0, 1, 2, 1, 0, 0, 1, 1, 1, 0, 1, 1, 1, 2, 2, 0],309.350963743179;10579.204322270472;14394.207918428594,false,0
53,2,28963,G2_TEC,[6, 19, 12, 5, 4, 16, 3, 11, 15, 7, 2, 10, 8, 13, 9, 0, 14, 18, 17, 1]|[2, 2, 1, 1, 2, 0, 0, 2, 0, 1, 1, 0, 2, 0, 0, 0, 0, 1, 0, 0]|[0, 0, 1, 1, 0, 3, 3, 0, 3, 1, 1, 3, 0, 3, 3, 3, 3, 1, 3, 3]|[1, 0, 1, 0, 1, 0, 2, 0, 0, 1, 1, 2, 1, 1, 1, 0, 0, 1, 1, 2],434.275212412142;9174.958233807818;15026.880659223301,false,0
53,2,28963,G3_TWC,[6, 19, 11, 5, 4, 16, 3, 9, 10, 17, 2, 18, 13, 1, 14, 15, 8, 0, 12, 7]|[2, 1, 1, 0, 1, 0, 1, 2, 2, 0, 2, 0, 2, 1, 0, 0, 0, 0, 1, 1]|[0, 1, 1, 0, 0, 3, 0, 1, 0, 0, 0, 0, 0, 1, 3, 3, 0, 3, 1, 1]|[1, 1, 1, 0, 0, 1, 1, 1, 0, 0, 1, 1, 1, 0, 2, 2, 0, 2, 1, 1],309.350963743179;10418.409086670174;14399.736579739278,false,0
54,2,29063,G1_CMAX,[6, 19, 12, 5, 4, 16, 3, 9, 10, 17, 2, 18, 13, 1, 7, 0, 15, 8, 14, 11]|[2, 1, 1, 2, 1, 0, 1, 0, 2, 0, 2, 0, 2, 1, 1, 1, 0, 0, 1, 2]|[0, 1, 1, 0, 0, 3, 0, 3, 0, 0, 0, 0, 0, 1, 0, 1, 3, 0, 0, 1]|[1, 1, 1, 0, 0, 1, 1, 2, 0, 0, 1, 1, 1, 0, 1, 0, 2, 0, 1, 0],226.990629343372;11036.439344757204;17390.423115514757,false,0
54,2,29063,G4_BALANCED,[6, 19, 12, 5, 4, 16, 14, 9, 10, 17, 2, 18, 13, 1, 7, 3, 11, 15, 0, 8]|[2, 1, 1, 0, 1, 0, 0, 2, 2, 0, 2, 0, 2, 1, 1, 1, 1, 0, 0, 0]|[0, 1, 1, 0, 0, 3, 3, 1, 0, 0, 0, 0, 0, 1, 0, 0, 1, 3, 3, 0]|[1, 1, 1, 0, 0, 1, 2, 1, 0, 0, 1, 1, 1, 0, 1, 1, 1, 2, 2, 0],309.350963743179;10579.204322270472;14394.207918428594,false,0
54,2,29063,G2_TEC,[6, 19, 12, 5, 4, 16, 3, 11, 15, 7, 2, 10, 8, 13, 9, 0, 14, 18, 17, 1]|[2, 2, 1, 1, 2, 0, 0, 2, 0, 1, 1, 0, 2, 0, 0, 0, 0, 1, 0, 0]|[0, 0, 1, 1, 0, 3, 3, 0, 3, 1, 1, 3, 0, 3, 3, 3, 3, 1, 3, 3]|[1, 0, 1, 0, 1, 0, 2, 0, 0, 1, 1, 2, 1, 1, 1, 0, 0, 1, 1, 2],434.275212412142;9174.958233807818;15026.880659223301,false,0
54,2,29063,G3_TWC,[6, 19, 12, 5, 4, 16, 3, 11, 15, 7, 17, 13, 14, 8, 10, 9, 0, 2, 1, 18]|[2, 2, 1, 1, 1, 0, 0, 2, 1, 0, 0, 0, 0, 2, 1, 0, 2, 1, 0, 1]|[0, 0, 1, 1, 0, 3, 3, 0, 1, 3, 3, 3, 3, 0, 1, 3, 0, 1, 3, 1]|[1, 0, 1, 0, 1, 0, 2, 0, 1, 2, 1, 2, 0, 1, 1, 1, 1, 1, 2, 1],319.385103210393;9298.297733364416;16673.564946238130,false,0
55,2,29163,G1_CMAX,[6, 19, 12, 5, 4, 16, 3, 9, 10, 17, 2, 18, 13, 1, 7, 0, 15, 8, 14, 11]|[2, 1, 1, 2, 1, 0, 1, 0, 2, 0, 2, 0, 2, 1, 1, 1, 0, 0, 1, 2]|[0, 1, 1, 0, 0, 3, 0, 3, 0, 0, 0, 0, 0, 1, 0, 1, 3, 0, 0, 1]|[1, 1, 1, 0, 0, 1, 1, 2, 0, 0, 1, 1, 1, 0, 1, 0, 2, 0, 1, 0],226.990629343372;11036.439344757204;17390.423115514757,false,0
55,2,29163,G4_BALANCED,[6, 19, 12, 5, 4, 16, 14, 9, 10, 17, 2, 18, 13, 1, 7, 3, 11, 15, 0, 8]|[2, 1, 1, 0, 1, 0, 0, 2, 2, 0, 2, 0, 2, 1, 1, 1, 1, 0, 0, 0]|[0, 1, 1, 0, 0, 3, 3, 1, 0, 0, 0, 0, 0, 1, 0, 0, 1, 3, 3, 0]|[1, 1, 1, 0, 0, 1, 2, 1, 0, 0, 1, 1, 1, 0, 1, 1, 1, 2, 2, 0],309.350963743179;10579.204322270472;14394.207918428594,false,0
55,2,29163,G2_TEC,[6, 19, 12, 5, 4, 16, 3, 11, 15, 7, 2, 10, 8, 13, 9, 0, 14, 18, 17, 1]|[2, 2, 1, 1, 2, 0, 0, 2, 0, 1, 1, 0, 2, 0, 0, 0, 0, 1, 0, 0]|[0, 0, 1, 1, 0, 3, 3, 0, 3, 1, 1, 3, 0, 3, 3, 3, 3, 1, 3, 3]|[1, 0, 1, 0, 1, 0, 2, 0, 0, 1, 1, 2, 1, 1, 1, 0, 0, 1, 1, 2],434.275212412142;9174.958233807818;15026.880659223301,false,0
55,2,29163,G3_TWC,[3, 13, 11, 10, 16, 5, 8, 17, 19, 7, 18, 0, 14, 4, 15, 6, 12, 9, 2, 1]|[2, 2, 1, 1, 0, 2, 2, 0, 0, 0, 1, 0, 1, 0, 0, 2, 1, 0, 1, 0]|[0, 0, 1, 0, 3, 0, 0, 3, 3, 3, 1, 3, 1, 3, 3, 0, 1, 3, 1, 3]|[1, 0, 1, 1, 0, 1, 1, 1, 0, 2, 1, 0, 1, 2, 0, 0, 1, 2, 1, 0],410.916629607044;9009.855838359514;16353.100094175840,false,0
56,2,29263,G1_CMAX,[6, 19, 12, 5, 4, 16, 3, 9, 10, 17, 2, 18, 13, 1, 7, 0, 15, 8, 14, 11]|[2, 1, 1, 2, 1, 0, 1, 0, 2, 0, 2, 0, 2, 1, 1, 1, 0, 0, 1, 2]|[0, 1, 1, 0, 0, 3, 0, 3, 0, 0, 0, 0, 0, 1, 0, 1, 3, 0, 0, 1]|[1, 1, 1, 0, 0, 1, 1, 2, 0, 0, 1, 1, 1, 0, 1, 0, 2, 0, 1, 0],226.990629343372;11036.439344757204;17390.423115514757,false,0
56,2,29263,G4_BALANCED,[6, 19, 12, 5, 4, 16, 14, 9, 10, 17, 2, 18, 13, 1, 7, 3, 11, 15, 0, 8]|[2, 1, 1, 0, 1, 0, 0, 2, 2, 0, 2, 0, 2, 1, 1, 1, 1, 0, 0, 0]|[0, 1, 1, 0, 0, 3, 3, 1, 0, 0, 0, 0, 0, 1, 0, 0, 1, 3, 3, 0]|[1, 1, 1, 0, 0, 1, 2, 1, 0, 0, 1, 1, 1, 0, 1, 1, 1, 2, 2, 0],309.350963743179;10579.204322270472;14394.207918428594,false,0
56,2,29263,G2_TEC,[6, 19, 12, 5, 4, 16, 3, 11, 15, 7, 2, 10, 8, 13, 9, 0, 14, 18, 17, 1]|[2, 2, 1, 1, 2, 0, 0, 2, 0, 1, 1, 0, 2, 0, 0, 0, 0, 1, 0, 0]|[0, 0, 1, 1, 0, 3, 3, 0, 3, 1, 1, 3, 0, 3, 3, 3, 3, 1, 3, 3]|[1, 0, 1, 0, 1, 0, 2, 0, 0, 1, 1, 2, 1, 1, 1, 0, 0, 1, 1, 2],434.275212412142;9174.958233807818;15026.880659223301,false,0
56,2,29263,G3_TWC,[3, 13, 11, 10, 16, 5, 8, 17, 19, 7, 18, 0, 14, 4, 15, 6, 12, 9, 2, 1]|[2, 2, 1, 1, 0, 2, 2, 0, 0, 0, 1, 0, 1, 0, 0, 2, 1, 0, 1, 0]|[0, 0, 1, 0, 3, 0, 0, 3, 3, 3, 1, 3, 1, 3, 3, 0, 1, 3, 1, 3]|[1, 0, 1, 1, 0, 1, 1, 1, 0, 2, 1, 0, 1, 2, 0, 0, 1, 2, 1, 0],410.916629607044;9009.855838359514;16353.100094175840,false,0
57,2,29363,G1_CMAX,[6, 19, 12, 5, 4, 16, 3, 9, 10, 17, 2, 18, 13, 1, 7, 0, 15, 8, 14, 11]|[2, 1, 1, 2, 1, 0, 1, 0, 2, 0, 2, 0, 2, 1, 1, 1, 0, 0, 1, 2]|[0, 1, 1, 0, 0, 3, 0, 3, 0, 0, 0, 0, 0, 1, 0, 1, 3, 0, 0, 1]|[1, 1, 1, 0, 0, 1, 1, 2, 0, 0, 1, 1, 1, 0, 1, 0, 2, 0, 1, 0],226.990629343372;11036.439344757204;17390.423115514757,false,0
57,2,29363,G4_BALANCED,[6, 19, 12, 5, 4, 16, 14, 9, 10, 17, 2, 18, 13, 1, 7, 3, 11, 15, 0, 8]|[2, 1, 1, 0, 1, 0, 0, 2, 2, 0, 2, 0, 2, 1, 1, 1, 1, 0, 0, 0]|[0, 1, 1, 0, 0, 3, 3, 1, 0, 0, 0, 0, 0, 1, 0, 0, 1, 3, 3, 0]|[1, 1, 1, 0, 0, 1, 2, 1, 0, 0, 1, 1, 1, 0, 1, 1, 1, 2, 2, 0],309.350963743179;10579.204322270472;14394.207918428594,false,0
57,2,29363,G2_TEC,[6, 19, 12, 5, 4, 16, 3, 11, 15, 7, 2, 10, 8, 13, 9, 0, 14, 18, 17, 1]|[2, 2, 1, 1, 2, 0, 0, 2, 0, 1, 1, 0, 2, 0, 0, 0, 0, 1, 0, 0]|[0, 0, 1, 1, 0, 3, 3, 0, 3, 1, 1, 3, 0, 3, 3, 3, 3, 1, 3, 3]|[1, 0, 1, 0, 1, 0, 2, 0, 0, 1, 1, 2, 1, 1, 1, 0, 0, 1, 1, 2],434.275212412142;9174.958233807818;15026.880659223301,false,0
57,2,29363,G3_TWC,[6, 19, 12, 5, 4, 16, 3, 11, 15, 7, 2, 9, 8, 0, 17, 13, 14, 10, 18, 1]|[2, 2, 0, 1, 0, 0, 2, 2, 1, 1, 1, 0, 2, 0, 0, 0, 0, 0, 0, 0]|[0, 0, 2, 1, 3, 3, 0, 0, 0, 1, 1, 3, 0, 3, 3, 0, 3, 3, 3, 3]|[1, 0, 1, 0, 2, 0, 1, 0, 1, 1, 1, 1, 1, 2, 1, 2, 0, 2, 1, 1],409.047230276459;9712.789948995710;12805.715992083906,false,0
58,2,29463,G1_CMAX,[6, 19, 12, 5, 4, 16, 3, 9, 10, 17, 2, 1, 13, 18, 0, 11, 8, 15, 14, 7]|[2, 1, 1, 2, 1, 0, 1, 0, 2, 0, 2, 0, 0, 1, 1, 1, 0, 0, 2, 1]|[0, 1, 1, 0, 0, 3, 0, 3, 0, 0, 0, 0, 3, 1, 1, 1, 0, 3, 1, 1]|[1, 1, 1, 0, 1, 2, 1, 1, 0, 0, 1, 1, 2, 0, 0, 1, 0, 2, 1, 1],245.073608649226;10037.921178623877;16516.508149418103,false,0
58,2,29463,G4_BALANCED,[6, 19, 12, 5, 4, 16, 14, 9, 10, 17, 2, 18, 13, 1, 7, 3, 11, 15, 0, 8]|[2, 1, 1, 0, 1, 0, 0, 2, 2, 0, 2, 0, 2, 1, 1, 1, 1, 0, 0, 0]|[0, 1, 1, 0, 0, 3, 3, 1, 0, 0, 0, 0, 0, 1, 0, 0, 1, 3, 3, 0]|[1, 1, 1, 0, 0, 1, 2, 1, 0, 0, 1, 1, 1, 0, 1, 1, 1, 2, 2, 0],309.350963743179;10579.204322270472;14394.207918428594,false,0
58,2,29463,G2_TEC,[6, 19, 12, 5, 4, 16, 3, 11, 15, 7, 2, 10, 8, 13, 9, 0, 14, 18, 17, 1]|[2, 2, 1, 1, 2, 0, 0, 2, 0, 1, 1, 0, 2, 0, 0, 0, 0, 1, 0, 0]|[0, 0, 1, 1, 0, 3, 3, 0, 3, 1, 1, 3, 0, 3, 3, 3, 3, 1, 3, 3]|[1, 0, 1, 0, 1, 0, 2, 0, 0, 1, 1, 2, 1, 1, 1, 0, 0, 1, 1, 2],434.275212412142;9174.958233807818;15026.880659223301,false,0
58,2,29463,G3_TWC,[6, 19, 12, 5, 4, 16, 3, 11, 15, 7, 2, 9, 8, 0, 17, 13, 14, 10, 18, 1]|[2, 2, 0, 1, 0, 0, 2, 2, 1, 1, 1, 0, 2, 0, 0, 0, 0, 0, 0, 0]|[0, 0, 2, 1, 3, 3, 0, 0, 0, 1, 1, 3, 0, 3, 3, 0, 3, 3, 3, 3]|[1, 0, 1, 0, 2, 0, 1, 0, 1, 1, 1, 1, 1, 2, 1, 2, 0, 2, 1, 1],409.047230276459;9712.789948995710;12805.715992083906,false,0
59,2,29563,G1_CMAX,[6, 19, 12, 5, 4, 16, 3, 9, 10, 17, 2, 1, 13, 18, 0, 11, 8, 15, 14, 7]|[2, 1, 1, 2, 1, 0, 1, 0, 2, 0, 2, 0, 0, 1, 1, 1, 0, 0, 2, 1]|[0, 1, 1, 0, 0, 3, 0, 3, 0, 0, 0, 0, 3, 1, 1, 1, 0, 3, 1, 1]|[1, 1, 1, 0, 1, 2, 1, 1, 0, 0, 1, 1, 2, 0, 0, 1, 0, 2, 1, 1],245.073608649226;10037.921178623877;16516.508149418103,false,0
59,2,29563,G4_BALANCED,[6, 19, 12, 5, 4, 16, 14, 9, 10, 17, 2, 18, 13, 1, 7, 3, 11, 15, 0, 8]|[2, 1, 1, 0, 1, 0, 0, 2, 2, 0, 2, 0, 2, 1, 1, 1, 1, 0, 0, 0]|[0, 1, 1, 0, 0, 3, 3, 1, 0, 0, 0, 0, 0, 1, 0, 0, 1, 3, 3, 0]|[1, 1, 1, 0, 0, 1, 2, 1, 0, 0, 1, 1, 1, 0, 1, 1, 1, 2, 2, 0],309.350963743179;10579.204322270472;14394.207918428594,false,0
59,2,29563,G2_TEC,[6, 19, 12, 5, 4, 16, 3, 11, 15, 7, 2, 10, 8, 13, 9, 0, 14, 18, 17, 1]|[2, 2, 1, 1, 2, 0, 0, 2, 0, 1, 1, 0, 2, 0, 0, 0, 0, 1, 0, 0]|[0, 0, 1, 1, 0, 3, 3, 0, 3, 1, 1, 3, 0, 3, 3, 3, 3, 1, 3, 3]|[1, 0, 1, 0, 1, 0, 2, 0, 0, 1, 1, 2, 1, 1, 1, 0, 0, 1, 1, 2],434.275212412142;9174.958233807818;15026.880659223301,false,0
59,2,29563,G3_TWC,[6, 19, 12, 5, 4, 16, 3, 9, 10, 17, 2, 15, 13, 1, 7, 0, 8, 18, 14, 11]|[2, 1, 1, 2, 1, 0, 1, 0, 2, 0, 2, 1, 2, 1, 1, 0, 0, 0, 0, 0]|[0, 1, 1, 0, 0, 3, 0, 3, 0, 0, 0, 0, 0, 1, 1, 3, 0, 0, 3, 3]|[1, 1, 1, 0, 0, 1, 1, 2, 0, 0, 1, 1, 1, 0, 1, 2, 0, 1, 0, 2],269.541440129964;10323.593279298751;14426.693977986739,false,0
60,2,29663,G1_CMAX,[6, 19, 12, 5, 4, 16, 3, 9, 10, 17, 2, 1, 13, 18, 0, 11, 8, 15, 14, 7]|[2, 1, 1, 2, 1, 0, 1, 0, 2, 0, 2, 0, 0, 1, 1, 1, 0, 0, 2, 1]|[0, 1, 1, 0, 0, 3, 0, 3, 0, 0, 0, 0, 3, 1, 1, 1, 0, 3, 1, 1]|[1, 1, 1, 0, 1, 2, 1, 1, 0, 0, 1, 1, 2, 0, 0, 1, 0, 2, 1, 1],245.073608649226;10037.921178623877;16516.508149418103,false,0
60,2,29663,G4_BALANCED,[6, 19, 12, 5, 4, 16, 14, 9, 10, 17, 2, 18, 13, 1, 7, 3, 11, 15, 0, 8]|[2, 1, 1, 0, 1, 0, 0, 2, 2, 0, 2, 0, 2, 1, 1, 1, 1, 0, 0, 0]|[0, 1, 1, 0, 0, 3, 3, 1, 0, 0, 0, 0, 0, 1, 0, 0, 1, 3, 3, 0]|[1, 1, 1, 0, 0, 1, 2, 1, 0, 0, 1, 1, 1, 0, 1, 1, 1, 2, 2, 0],309.350963743179;10579.204322270472;14394.207918428594,false,0
60,2,29663,G2_TEC,[6, 19, 12, 5, 4, 16, 3, 11, 15, 7, 2, 10, 8, 13, 9, 0, 14, 18, 17, 1]|[2, 2, 1, 1, 2, 0, 0, 2, 0, 1, 1, 0, 2, 0, 0, 0, 0, 1, 0, 0]|[0, 0, 1, 1, 0, 3, 3, 0, 3, 1, 1, 3, 0, 3, 3, 3, 3, 1, 3, 3]|[1, 0, 1, 0, 1, 0, 2, 0, 0, 1, 1, 2, 1, 1, 1, 0, 0, 1, 1, 2],434.275212412142;9174.958233807818;15026.880659223301,false,0
60,2,29663,G3_TWC,[6, 19, 12, 5, 4, 15, 7, 2, 18, 3, 11, 10, 8, 16, 17, 0, 9, 13, 1, 14]|[2, 2, 1, 1, 2, 0, 0, 1, 1, 0, 2, 0, 2, 1, 0, 0, 0, 0, 0, 0]|[0, 0, 1, 1, 0, 3, 3, 1, 1, 3, 0, 3, 0, 1, 3, 3, 3, 0, 3, 3]|[1, 0, 1, 0, 1, 0, 2, 1, 1, 2, 0, 2, 1, 1, 0, 0, 0, 2, 2, 2],344.267716798552;9218.971642847695;15353.480901064364,false,0
61,2,29763,G1_CMAX,[6, 19, 12, 5, 4, 16, 3, 9, 10, 17, 2, 1, 13, 18, 0, 11, 8, 15, 14, 7]|[2, 1, 1, 2, 1, 0, 1, 0, 2, 0, 2, 0, 0, 1, 1, 1, 0, 0, 2, 1]|[0, 1, 1, 0, 0, 3, 0, 3, 0, 0, 0, 0, 3, 1, 1, 1, 0, 3, 1, 1]|[1, 1, 1, 0, 1, 2, 1, 1, 0, 0, 1, 1, 2, 0, 0, 1, 0, 2, 1, 1],245.073608649226;10037.921178623877;16516.508149418103,false,0
61,2,29763,G4_BALANCED,[6, 19, 12, 5, 4, 16, 14, 9, 10, 18, 2, 17, 13, 1, 7, 3, 8, 15, 11, 0]|[2, 1, 1, 2, 1, 0, 0, 2, 2, 0, 2, 0, 0, 1, 1, 1, 0, 0, 1, 0]|[0, 1, 1, 0, 0, 3, 3, 1, 0, 0, 0, 0, 3, 1, 0, 0, 0, 3, 1, 3]|[1, 1, 1, 0, 0, 2, 2, 1, 0, 1, 1, 0, 2, 0, 1, 1, 0, 2, 1, 2],279.629799702834;10350.004080723214;14370.656452873753,false,0
61,2,29763,G2_TEC,[6, 19, 12, 5, 4, 16, 3, 11, 15, 7, 2, 10, 8, 13, 9, 0, 14, 18, 17, 1]|[2, 2, 1, 1, 2, 0, 0, 2, 0, 1, 1, 0, 2, 0, 0, 0, 0, 1, 0, 0]|[0, 0, 1, 1, 0, 3, 3, 0, 3, 1, 1, 3, 0, 3, 3, 3, 3, 1, 3, 3]|[1, 0, 1, 0, 1, 0, 2, 0, 0, 1, 1, 2, 1, 1, 1, 0, 0, 1, 1, 2],434.275212412142;9174.958233807818;15026.880659223301,false,0
61,2,29763,G3_TWC,[6, 19, 12, 5, 4, 16, 3, 11, 15, 7, 2, 10, 8, 14, 0, 13, 9, 17, 1, 18]|[2, 2, 1, 1, 2, 0, 0, 1, 0, 1, 1, 0, 2, 0, 0, 2, 0, 0, 0, 0]|[0, 0, 1, 1, 0, 3, 3, 1, 3, 1, 1, 3, 0, 3, 3, 0, 3, 3, 3, 3]|[1, 1, 1, 0, 1, 0, 2, 1, 0, 1, 1, 2, 1, 0, 0, 1, 1, 1, 2, 2],412.125514955976;9135.120822698440;15396.836413138557,false,0
62,2,29863,G1_CMAX,[6, 19, 12, 5, 4, 16, 3, 9, 10, 17, 2, 1, 13, 18, 0, 11, 8, 15, 14, 7]|[2, 1, 1, 2, 1, 0, 1, 0, 2, 0, 2, 0, 0, 1, 1, 1, 0, 0, 2, 1]|[0, 1, 1, 0, 0, 3, 0, 3, 0, 0, 0, 0, 3, 1, 1, 1, 0, 3, 1, 1]|[1, 1, 1, 0, 1, 2, 1, 1, 0, 0, 1, 1, 2, 0, 0, 1, 0, 2, 1, 1],245.073608649226;10037.921178623877;16516.508149418103,false,0
62,2,29863,G4_BALANCED,[6, 19, 12, 5, 4, 16, 14, 9, 10, 18, 2, 17, 13, 1, 7, 3, 8, 15, 11, 0]|[2, 1, 1, 2, 1, 0, 0, 2, 2, 0, 2, 0, 0, 1, 1, 1, 0, 0, 1, 0]|[0, 1, 1, 0, 0, 3, 3, 1, 0, 0, 0, 0, 3, 1, 0, 0, 0, 3, 1, 3]|[1, 1, 1, 0, 0, 2, 2, 1, 0, 1, 1, 0, 2, 0, 1, 1, 0, 2, 1, 2],279.629799702834;10350.004080723214;14370.656452873753,false,0
62,2,29863,G2_TEC,[6, 19, 12, 5, 4, 16, 3, 11, 15, 7, 2, 10, 8, 13, 9, 0, 14, 18, 17, 1]|[2, 2, 1, 1, 2, 0, 0, 2, 0, 1, 1, 0, 2, 0, 0, 0, 0, 1, 0, 0]|[0, 0, 1, 1, 0, 3, 3, 0, 3, 1, 1, 3, 0, 3, 3, 3, 3, 1, 3, 3]|[1, 0, 1, 0, 1, 0, 2, 0, 0, 1, 1, 2, 1, 1, 1, 0, 0, 1, 1, 2],434.275212412142;9174.958233807818;15026.880659223301,false,0
62,2,29863,G3_TWC,[6, 19, 4, 16, 17, 10, 7, 11, 12, 5, 2, 18, 13, 1, 14, 0, 3, 9, 15, 8]|[0, 1, 1, 2, 0, 2, 0, 2, 1, 2, 2, 0, 2, 1, 1, 0, 1, 1, 0, 0]|[1, 1, 0, 1, 0, 0, 3, 1, 1, 0, 0, 0, 0, 1, 0, 3, 0, 1, 3, 0]|[1, 1, 0, 1, 0, 0, 2, 0, 1, 1, 1, 1, 1, 0, 1, 2, 1, 1, 2, 0],205.356354157996;11295.003500132087;16739.646315338177,false,0
63,2,29963,G1_CMAX,[6, 19, 12, 5, 4, 16, 3, 9, 10, 17, 2, 1, 13, 18, 0, 11, 8, 15, 14, 7]|[2, 1, 1, 2, 1, 0, 1, 0, 2, 0, 2, 0, 0, 1, 1, 1, 0, 0, 2, 1]|[0, 1, 1, 0, 0, 3, 0, 3, 0, 0, 0, 0, 3, 1, 1, 1, 0, 3, 1, 1]|[1, 1, 1, 0, 1, 2, 1, 1, 0, 0, 1, 1, 2, 0, 0, 1, 0, 2, 1, 1],245.073608649226;10037.921178623877;16516.508149418103,false,0
63,2,29963,G4_BALANCED,[6, 19, 12, 5, 4, 16, 14, 9, 10, 18, 2, 17, 13, 1, 7, 3, 8, 15, 11, 0]|[2, 1, 1, 2, 1, 0, 0, 2, 2, 0, 2, 0, 0, 1, 1, 1, 0, 0, 1, 0]|[0, 1, 1, 0, 0, 3, 3, 1, 0, 0, 0, 0, 3, 1, 0, 0, 0, 3, 1, 3]|[1, 1, 1, 0, 0, 2, 2, 1, 0, 1, 1, 0, 2, 0, 1, 1, 0, 2, 1, 2],279.629799702834;10350.004080723214;14370.656452873753,false,0
63,2,29963,G2_TEC,[6, 19, 12, 5, 4, 16, 3, 11, 15, 7, 2, 10, 8, 13, 9, 0, 14, 18, 17, 1]|[2, 2, 1, 1, 2, 0, 0, 2, 0, 1, 1, 0, 2, 0, 0, 0, 0, 1, 0, 0]|[0, 0, 1, 1, 0, 3, 3, 0, 3, 1, 1, 3, 0, 3, 3, 3, 3, 1, 3, 3]|[1, 0, 1, 0, 1, 0, 2, 0, 0, 1, 1, 2, 1, 1, 1, 0, 0, 1, 1, 2],434.275212412142;9174.958233807818;15026.880659223301,false,0
63,2,29963,G3_TWC,[6, 19, 12, 5, 4, 16, 3, 9, 10, 17, 2, 1, 13, 18, 7, 14, 15, 0, 11, 8]|[2, 1, 1, 2, 1, 0, 1, 0, 2, 0, 2, 1, 2, 0, 1, 0, 0, 0, 1, 0]|[0, 1, 1, 0, 0, 3, 0, 3, 0, 0, 0, 1, 0, 0, 1, 3, 3, 3, 1, 0]|[1, 1, 1, 0, 1, 2, 1, 2, 0, 0, 1, 0, 1, 1, 1, 2, 2, 2, 1, 0],261.107419443526;9857.532982426408;15870.215838735772,false,0
64,2,30063,G1_CMAX,[6, 19, 12, 5, 4, 16, 3, 9, 10, 17, 2, 1, 13, 18, 0, 11, 8, 15, 14, 7]|[2, 1, 1, 2, 1, 0, 1, 0, 2, 0, 2, 0, 0, 1, 1, 1, 0, 0, 2, 1]|[0, 1, 1, 0, 0, 3, 0, 3, 0, 0, 0, 0, 3, 1, 1, 1, 0, 3, 1, 1]|[1, 1, 1, 0, 1, 2, 1, 1, 0, 0, 1, 1, 2, 0, 0, 1, 0, 2, 1, 1],245.073608649226;10037.921178623877;16516.508149418103,false,0
64,2,30063,G4_BALANCED,[6, 19, 12, 5, 4, 16, 14, 9, 10, 18, 2, 17, 13, 1, 7, 3, 8, 15, 11, 0]|[2, 1, 1, 2, 1, 0, 0, 2, 2, 0, 2, 0, 0, 1, 1, 1, 0, 0, 1, 0]|[0, 1, 1, 0, 0, 3, 3, 1, 0, 0, 0, 0, 3, 1, 0, 0, 0, 3, 1, 3]|[1, 1, 1, 0, 0, 2, 2, 1, 0, 1, 1, 0, 2, 0, 1, 1, 0, 2, 1, 2],279.629799702834;10350.004080723214;14370.656452873753,false,0
64,2,30063,G2_TEC,[6, 19, 12, 5, 4, 18, 7, 2, 16, 8, 14, 9, 3, 15, 17, 0, 10, 13, 1, 11]|[2, 2, 1, 1, 2, 0, 0, 1, 1, 2, 0, 0, 2, 0, 0, 0, 0, 0, 0, 0]|[0, 0, 1, 1, 0, 3, 3, 1, 1, 0, 3, 3, 0, 3, 3, 3, 3, 0, 3, 3]|[1, 0, 1, 0, 1, 0, 2, 1, 1, 1, 0, 0, 1, 0, 0, 0, 0, 2, 2, 2],404.243581168978;9130.163857123150;13716.539173832916,false,0
64,2,30063,G3_TWC,[6, 19, 12, 5, 4, 16, 3, 9, 10, 17, 2, 15, 13, 1, 14, 7, 18, 11, 0, 8]|[2, 1, 1, 2, 1, 0, 0, 0, 2, 0, 2, 1, 2, 1, 0, 1, 0, 1, 0, 0]|[0, 1, 1, 0, 0, 3, 3, 3, 0, 0, 0, 0, 0, 1, 3, 1, 0, 1, 3, 0]|[1, 1, 1, 0, 0, 1, 2, 2, 0, 0, 1, 1, 1, 0, 0, 1, 1, 1, 2, 0],265.931550061281;10270.869150536628;15336.984750466020,false,0
65,2,30163,G1_CMAX,[6, 19, 12, 5, 4, 16, 3, 9, 10, 17, 2, 8, 13, 18, 14, 15, 11, 0, 1, 7]|[2, 1, 1, 2, 2, 1, 1, 0, 1, 0, 2, 0, 0, 1, 2, 0, 2, 0, 0, 0]|[1, 1, 1, 0, 0, 1, 0, 3, 0, 0, 0, 0, 3, 1, 0, 3, 0, 3, 0, 3]|[1, 1, 1, 0, 1, 1, 1, 1, 1, 0, 1, 0, 2, 0, 1, 2, 0, 0, 1, 2],245.065457228382;9976.660046871944;16493.503769320443,false,0
65,2,30163,G4_BALANCED,[6, 19, 12, 5, 4, 16, 14, 9, 10, 18, 2, 17, 13, 1, 7, 3, 8, 15, 11, 0]|[2, 1, 1, 2, 1, 0, 0, 2, 2, 0, 2, 0, 0, 1, 1, 1, 0, 0, 1, 0]|[0, 1, 1, 0, 0, 3, 3, 1, 0, 0, 0, 0, 3, 1, 0, 0, 0, 3, 1, 3]|[1, 1, 1, 0, 0, 2, 2, 1, 0, 1, 1, 0, 2, 0, 1, 1, 0, 2, 1, 2],279.629799702834;10350.004080723214;14370.656452873753,false,0
65,2,30163,G2_TEC,[6, 19, 12, 5, 4, 18, 7, 2, 16, 8, 14, 9, 3, 15, 17, 0, 10, 13, 1, 11]|[2, 2, 1, 1, 2, 0, 0, 1, 1, 2, 0, 0, 2, 0, 0, 0, 0, 0, 0, 0]|[0, 0, 1, 1, 0, 3, 3, 1, 1, 0, 3, 3, 0, 3, 3, 3, 3, 0, 3, 3]|[1, 0, 1, 0, 1, 0, 2, 1, 1, 1, 0, 0, 1, 0, 0, 0, 0, 2, 2, 2],404.243581168978;9130.163857123150;13716.539173832916,false,0
65,2,30163,G3_TWC,[6, 19, 12, 5, 4, 16, 3, 11, 15, 7, 2, 10, 8, 18, 17, 0, 9, 13, 1, 14]|[2, 2, 1, 1, 2, 0, 0, 2, 0, 1, 0, 0, 2, 1, 0, 0, 0, 0, 0, 0]|[0, 0, 1, 1, 0, 3, 3, 0, 3, 1, 3, 3, 0, 1, 3, 3, 3, 0, 3, 3]|[1, 0, 1, 0, 1, 0, 2, 0, 0, 1, 2, 2, 1, 1, 0, 0, 0, 2, 2, 2],426.063927494326;9329.188257244008;12946.863463224132,false,0
66,2,30263,G1_CMAX,[6, 19, 12, 5, 4, 16, 3, 9, 10, 17, 2, 8, 13, 18, 14, 15, 11, 0, 1, 7]|[2, 1, 1, 2, 2, 1, 1, 0, 1, 0, 2, 0, 0, 1, 2, 0, 2, 0, 0, 0]|[1, 1, 1, 0, 0, 1, 0, 3, 0, 0, 0, 0, 3, 1, 0, 3, 0, 3, 0, 3]|[1, 1, 1, 0, 1, 1, 1, 1, 1, 0, 1, 0, 2, 0, 1, 2, 0, 0, 1, 2],245.065457228382;9976.660046871944;16493.503769320443,false,0
66,2,30263,G4_BALANCED,[6, 19, 12, 5, 4, 16, 14, 9, 10, 18, 2, 17, 13, 1, 7, 3, 8, 15, 11, 0]|[2, 1, 1, 2, 1, 0, 0, 2, 2, 0, 2, 0, 0, 1, 1, 1, 0, 0, 1, 0]|[0, 1, 1, 0, 0, 3, 3, 1, 0, 0, 0, 0, 3, 1, 0, 0, 0, 3, 1, 3]|[1, 1, 1, 0, 0, 2, 2, 1, 0, 1, 1, 0, 2, 0, 1, 1, 0, 2, 1, 2],279.629799702834;10350.004080723214;14370.656452873753,false,0
66,2,30263,G2_TEC,[6, 19, 12, 5, 4, 18, 7, 2, 16, 8, 14, 9, 3, 15, 17, 0, 10, 13, 1, 11]|[2, 2, 1, 1, 2, 0, 0, 1, 1, 2, 0, 0, 2, 0, 0, 0, 0, 0, 0, 0]|[0, 0, 1, 1, 0, 3, 3, 1, 1, 0, 3, 3, 0, 3, 3, 3, 3, 0, 3, 3]|[1, 0, 1, 0, 1, 0, 2, 1, 1, 1, 0, 0, 1, 0, 0, 0, 0, 2, 2, 2],404.243581168978;9130.163857123150;13716.539173832916,false,0
66,2,30263,G3_TWC,[6, 19, 12, 5, 4, 7, 9, 2, 18, 0, 17, 3, 11, 16, 13, 10, 14, 8, 1, 15]|[2, 1, 1, 1, 2, 0, 2, 1, 1, 2, 0, 2, 1, 0, 0, 1, 0, 0, 0, 0]|[0, 1, 1, 1, 0, 3, 1, 1, 1, 0, 3, 0, 1, 3, 3, 1, 3, 0, 3, 3]|[1, 1, 1, 1, 1, 2, 1, 1, 1, 1, 1, 0, 1, 0, 2, 1, 2, 0, 2, 0],314.020959726239;9187.511616507609;18526.675095314215,false,0
67,2,30363,G1_CMAX,[6, 19, 12, 5, 4, 16, 3, 9, 10, 17, 2, 8, 13, 18, 14, 15, 11, 0, 1, 7]|[2, 1, 1, 2, 2, 1, 1, 0, 1, 0, 2, 0, 0, 1, 2, 0, 2, 0, 0, 0]|[1, 1, 1, 0, 0, 1, 0, 3, 0, 0, 0, 0, 3, 1, 0, 3, 0, 3, 0, 3]|[1, 1, 1, 0, 1, 1, 1, 1, 1, 0, 1, 0, 2, 0, 1, 2, 0, 0, 1, 2],245.065457228382;9976.660046871944;16493.503769320443,false,0
67,2,30363,G4_BALANCED,[6, 19, 12, 5, 4, 16, 14, 9, 10, 18, 2, 17, 13, 1, 7, 3, 8, 15, 11, 0]|[2, 1, 1, 2, 1, 0, 0, 2, 2, 0, 2, 0, 0, 1, 1, 1, 0, 0, 1, 0]|[0, 1, 1, 0, 0, 3, 3, 1, 0, 0, 0, 0, 3, 1, 0, 0, 0, 3, 1, 3]|[1, 1, 1, 0, 0, 2, 2, 1, 0, 1, 1, 0, 2, 0, 1, 1, 0, 2, 1, 2],279.629799702834;10350.004080723214;14370.656452873753,false,0
67,2,30363,G2_TEC,[6, 19, 12, 5, 4, 18, 7, 2, 16, 8, 14, 9, 3, 15, 17, 0, 10, 13, 1, 11]|[2, 2, 1, 1, 2, 0, 0, 1, 1, 2, 0, 0, 2, 0, 0, 0, 0, 0, 0, 0]|[0, 0, 1, 1, 0, 3, 3, 1, 1, 0, 3, 3, 0, 3, 3, 3, 3, 0, 3, 3]|[1, 0, 1, 0, 1, 0, 2, 1, 1, 1, 0, 0, 1, 0, 0, 0, 0, 2, 2, 2],404.243581168978;9130.163857123150;13716.539173832916,false,0
67,2,30363,G3_TWC,[6, 19, 12, 5, 4, 16, 3, 11, 15, 7, 2, 10, 8, 14, 9, 18, 17, 1, 0, 13]|[2, 2, 0, 1, 2, 0, 0, 2, 1, 1, 1, 0, 2, 0, 0, 1, 0, 0, 0, 0]|[0, 0, 2, 1, 0, 3, 3, 0, 0, 1, 1, 3, 0, 3, 3, 1, 3, 3, 3, 0]|[1, 0, 1, 0, 1, 0, 2, 0, 1, 1, 1, 2, 1, 0, 0, 1, 1, 2, 0, 2],363.878070521981;9505.180589517127;14250.297910916373,false,0
68,2,30463,G1_CMAX,[6, 19, 12, 5, 4, 16, 3, 9, 10, 17, 2, 8, 13, 18, 14, 15, 11, 0, 1, 7]|[2, 1, 1, 2, 2, 1, 1, 0, 1, 0, 2, 0, 0, 1, 2, 0, 2, 0, 0, 0]|[1, 1, 1, 0, 0, 1, 0, 3, 0, 0, 0, 0, 3, 1, 0, 3, 0, 3, 0, 3]|[1, 1, 1, 0, 1, 1, 1, 1, 1, 0, 1, 0, 2, 0, 1, 2, 0, 0, 1, 2],245.065457228382;9976.660046871944;16493.503769320443,false,0
68,2,30463,G4_BALANCED,[6, 19, 16, 5, 3, 12, 1, 9, 10, 17, 4, 8, 13, 18, 14, 15, 11, 0, 2, 7]|[2, 1, 1, 2, 0, 1, 0, 0, 1, 0, 2, 0, 0, 1, 2, 0, 2, 0, 1, 0]|[1, 1, 1, 0, 3, 1, 0, 3, 0, 3, 0, 0, 3, 1, 0, 3, 0, 3, 0, 3]|[1, 1, 1, 0, 2, 1, 1, 2, 1, 1, 1, 0, 2, 0, 1, 0, 0, 0, 1, 2],265.441776752409;9654.484972807237;14294.337734699287,false,0
68,2,30463,G2_TEC,[6, 19, 12, 5, 4, 18, 7, 2, 16, 8, 14, 11, 17, 0, 3, 10, 15, 13, 1, 9]|[2, 2, 1, 1, 2, 0, 0, 1, 1, 2, 0, 0, 0, 0, 2, 0, 0, 0, 0, 0]|[0, 0, 1, 1, 0, 3, 3, 1, 1, 0, 3, 3, 3, 3, 0, 3, 3, 0, 3, 3]|[1, 0, 1, 0, 1, 0, 2, 1, 1, 1, 0, 0, 1, 0, 1, 0, 0, 2, 2, 0],400.054932608009;9056.867862681822;13507.716728581601,false,0
68,2,30463,G3_TWC,[6, 13, 11, 5, 4, 16, 7, 9, 10, 0, 15, 17, 12, 3, 14, 8, 19, 1, 18, 2]|[2, 0, 1, 1, 0, 0, 0, 0, 2, 0, 1, 0, 0, 0, 0, 2, 1, 0, 0, 2]|[0, 0, 1, 1, 3, 3, 3, 3, 0, 3, 0, 3, 3, 3, 3, 0, 1, 3, 3, 0]|[1, 2, 1, 0, 0, 0, 2, 2, 0, 0, 1, 1, 2, 2, 0, 1, 1, 2, 2, 1],439.094307447522;9277.344281474783;13277.826424612247,false,0
69,2,30563,G1_CMAX,[6, 19, 12, 5, 4, 16, 3, 9, 10, 17, 2, 15, 13, 1, 7, 18, 11, 14, 8, 0]|[2, 1, 1, 2, 1, 0, 1, 0, 2, 0, 2, 0, 2, 1, 1, 0, 2, 1, 0, 1]|[0, 1, 1, 0, 0, 3, 0, 3, 0, 0, 0, 3, 0, 1, 0, 0, 1, 0, 3, 1]|[1, 1, 1, 0, 0, 1, 1, 2, 0, 0, 1, 2, 1, 0, 1, 0, 0, 1, 2, 0],219.230869521032;10746.419794329136;17095.938208492596,false,0
69,2,30563,G4_BALANCED,[6, 19, 12, 5, 4, 16, 3, 11, 15, 14, 0, 18, 1, 9, 8, 2, 7, 17, 13, 10]|[2, 2, 1, 1, 2, 0, 0, 1, 0, 0, 0, 1, 0, 0, 1, 1, 2, 0, 2, 0]|[0, 0, 1, 1, 0, 3, 3, 1, 3, 3, 3, 1, 3, 3, 1, 1, 0, 3, 0, 3]|[1, 0, 1, 1, 1, 0, 2, 1, 0, 0, 0, 1, 2, 0, 1, 1, 1, 1, 1, 2],404.370999355060;8844.506053500063;16915.094461827750,false,0
69,2,30563,G2_TEC,[6, 19, 12, 5, 4, 18, 7, 2, 16, 8, 14, 11, 17, 0, 3, 10, 15, 13, 1, 9]|[2, 2, 1, 1, 2, 0, 0, 1, 1, 2, 0, 0, 0, 0, 2, 0, 0, 0, 0, 0]|[0, 0, 1, 1, 0, 3, 3, 1, 1, 0, 3, 3, 3, 3, 0, 3, 3, 0, 3, 3]|[1, 0, 1, 0, 1, 0, 2, 1, 1, 1, 0, 0, 1, 0, 1, 0, 0, 2, 2, 0],400.054932608009;9056.867862681822;13507.716728581601,false,0
69,2,30563,G3_TWC,[6, 19, 12, 5, 4, 8, 11, 3, 15, 14, 0, 18, 10, 9, 16, 2, 7, 17, 13, 1]|[2, 2, 1, 1, 2, 0, 0, 1, 0, 0, 0, 1, 0, 0, 0, 1, 2, 0, 2, 0]|[0, 0, 1, 1, 0, 3, 3, 1, 3, 3, 3, 1, 3, 3, 3, 1, 0, 3, 0, 3]|[1, 0, 1, 1, 1, 0, 2, 1, 0, 0, 0, 1, 2, 0, 0, 1, 1, 1, 1, 0],456.889080077513;8830.191505899871;15754.994602989129,false,0
70,2,30663,G1_CMAX,[6, 19, 12, 5, 4, 16, 3, 9, 10, 17, 2, 15, 13, 1, 7, 18, 11, 14, 8, 0]|[2, 1, 1, 2, 1, 0, 1, 0, 2, 0, 2, 0, 2, 1, 1, 0, 2, 1, 0, 1]|[0, 1, 1, 0, 0, 3, 0, 3, 0, 0, 0, 3, 0, 1, 0, 0, 1, 0, 3, 1]|[1, 1, 1, 0, 0, 1, 1, 2, 0, 0, 1, 2, 1, 0, 1, 0, 0, 1, 2, 0],219.230869521032;10746.419794329136;17095.938208492596,false,0
70,2,30663,G4_BALANCED,[6, 19, 12, 5, 4, 16, 3, 11, 15, 14, 0, 18, 1, 9, 8, 2, 7, 17, 13, 10]|[2, 2, 1, 1, 2, 0, 0, 1, 0, 0, 0, 1, 0, 0, 1, 1, 2, 0, 2, 0]|[0, 0, 1, 1, 0, 3, 3, 1, 3, 3, 3, 1, 3, 3, 1, 1, 0, 3, 0, 3]|[1, 0, 1, 1, 1, 0, 2, 1, 0, 0, 0, 1, 2, 0, 1, 1, 1, 1, 1, 2],404.370999355060;8844.506053500063;16915.094461827750,false,0
70,2,30663,G2_TEC,[6, 19, 12, 5, 4, 18, 7, 2, 16, 8, 14, 11, 17, 0, 3, 10, 15, 13, 1, 9]|[2, 2, 1, 1, 2, 0, 0, 1, 1, 2, 0, 0, 0, 0, 2, 0, 0, 0, 0, 0]|[0, 0, 1, 1, 0, 3, 3, 1, 1, 0, 3, 3, 3, 3, 0, 3, 3, 0, 3, 3]|[1, 0, 1, 0, 1, 0, 2, 1, 1, 1, 0, 0, 1, 0, 1, 0, 0, 2, 2, 0],400.054932608009;9056.867862681822;13507.716728581601,false,0
70,2,30663,G3_TWC,[6, 19, 4, 5, 12, 16, 3, 11, 15, 7, 0, 9, 13, 8, 2, 10, 14, 17, 1, 18]|[2, 2, 1, 1, 2, 1, 0, 2, 0, 1, 0, 0, 0, 2, 1, 0, 0, 0, 0, 0]|[0, 0, 1, 1, 0, 1, 3, 0, 3, 1, 3, 3, 3, 0, 1, 3, 3, 3, 3, 3]|[1, 0, 1, 0, 1, 1, 2, 0, 0, 1, 0, 1, 1, 1, 1, 2, 0, 1, 2, 0],394.093071922048;9020.793769377722;15406.563943795743,false,0
71,2,30763,G1_CMAX,[6, 19, 12, 5, 4, 16, 3, 9, 10, 17, 2, 15, 13, 1, 7, 18, 11, 14, 8, 0]|[2, 1, 1, 2, 1, 0, 1, 0, 2, 0, 2, 0, 2, 1, 1, 0, 2, 1, 0, 1]|[0, 1, 1, 0, 0, 3, 0, 3, 0, 0, 0, 3, 0, 1, 0, 0, 1, 0, 3, 1]|[1, 1, 1, 0, 0, 1, 1, 2, 0, 0, 1, 2, 1, 0, 1, 0, 0, 1, 2, 0],219.230869521032;10746.419794329136;17095.938208492596,false,0
71,2,30763,G4_BALANCED,[6, 19, 12, 5, 4, 18, 3, 11, 16, 0, 2, 7, 13, 8, 15, 14, 10, 17, 1, 9]|[2, 2, 1, 1, 2, 0, 0, 1, 1, 2, 1, 0, 0, 2, 0, 0, 0, 0, 0, 0]|[0, 0, 1, 1, 0, 3, 3, 1, 1, 0, 1, 3, 3, 0, 3, 3, 3, 3, 3, 3]|[1, 0, 1, 1, 1, 0, 2, 1, 1, 1, 1, 2, 2, 1, 0, 2, 0, 1, 2, 0],383.573910323537;8840.697220931717;15710.061273405023,false,0
71,2,30763,G2_TEC,[6, 19, 12, 5, 4, 18, 7, 2, 16, 8, 14, 11, 17, 0, 3, 10, 15, 13, 1, 9]|[2, 2, 1, 1, 2, 0, 0, 1, 1, 2, 0, 0, 0, 0, 2, 0, 0, 0, 0, 0]|[0, 0, 1, 1, 0, 3, 3, 1, 1, 0, 3, 3, 3, 3, 0, 3, 3, 0, 3, 3]|[1, 0, 1, 0, 1, 0, 2, 1, 1, 1, 0, 0, 1, 0, 1, 0, 0, 2, 2, 0],400.054932608009;9056.867862681822;13507.716728581601,false,0
71,2,30763,G3_TWC,[6, 19, 12, 5, 4, 18, 7, 2, 16, 14, 17, 15, 10, 0, 11, 9, 3, 13, 1, 8]|[2, 2, 1, 1, 2, 0, 0, 1, 2, 0, 0, 0, 2, 0, 1, 0, 2, 0, 0, 1]|[0, 0, 1, 1, 0, 3, 3, 1, 0, 3, 3, 3, 0, 3, 1, 3, 0, 0, 3, 1]|[1, 1, 1, 1, 1, 0, 2, 1, 0, 0, 1, 0, 0, 0, 1, 0, 1, 2, 0, 1],299.677760704677;9267.602006365307;17607.208567802005,false,0
72,2,30863,G1_CMAX,[6, 19, 12, 5, 4, 16, 3, 9, 10, 17, 2, 15, 13, 1, 7, 18, 11, 14, 8, 0]|[2, 1, 1, 2, 1, 0, 1, 0, 2, 0, 2, 0, 2, 1, 1, 0, 2, 1, 0, 1]|[0, 1, 1, 0, 0, 3, 0, 3, 0, 0, 0, 3, 0, 1, 0, 0, 1, 0, 3, 1]|[1, 1, 1, 0, 0, 1, 1, 2, 0, 0, 1, 2, 1, 0, 1, 0, 0, 1, 2, 0],219.230869521032;10746.419794329136;17095.938208492596,false,0
72,2,30863,G4_BALANCED,[6, 19, 12, 5, 4, 18, 3, 11, 16, 0, 2, 7, 13, 8, 15, 14, 10, 17, 1, 9]|[2, 2, 1, 1, 2, 0, 0, 1, 1, 2, 1, 0, 0, 2, 0, 0, 0, 0, 0, 0]|[0, 0, 1, 1, 0, 3, 3, 1, 1, 0, 1, 3, 3, 0, 3, 3, 3, 3, 3, 3]|[1, 0, 1, 1, 1, 0, 2, 1, 1, 1, 1, 2, 2, 1, 0, 2, 0, 1, 2, 0],383.573910323537;8840.697220931717;15710.061273405023,false,0
72,2,30863,G2_TEC,[6, 19, 12, 5, 4, 18, 7, 2, 16, 8, 14, 11, 17, 0, 3, 10, 15, 13, 1, 9]|[2, 2, 1, 1, 2, 0, 0, 1, 1, 2, 0, 0, 0, 0, 2, 0, 0, 0, 0, 0]|[0, 0, 1, 1, 0, 3, 3, 1, 1, 0, 3, 3, 3, 3, 0, 3, 3, 0, 3, 3]|[1, 0, 1, 0, 1, 0, 2, 1, 1, 1, 0, 0, 1, 0, 1, 0, 0, 2, 2, 0],400.054932608009;9056.867862681822;13507.716728581601,false,0
72,2,30863,G3_TWC,[6, 19, 12, 5, 4, 16, 3, 11, 15, 18, 2, 10, 1, 17, 14, 0, 13, 8, 7, 9]|[2, 2, 1, 1, 2, 0, 0, 2, 0, 1, 1, 0, 0, 0, 0, 0, 0, 2, 0, 0]|[0, 0, 1, 1, 0, 3, 3, 0, 3, 1, 1, 3, 3, 3, 3, 3, 3, 0, 3, 3]|[1, 0, 1, 0, 1, 0, 2, 0, 0, 1, 1, 2, 2, 0, 0, 0, 1, 1, 2, 1],454.203597603489;9100.834354204719;13328.578473354539,false,0
73,2,30963,G1_CMAX,[6, 19, 12, 5, 4, 16, 3, 9, 10, 17, 2, 15, 13, 1, 7, 18, 11, 14, 8, 0]|[2, 1, 1, 2, 1, 0, 1, 0, 2, 0, 2, 0, 2, 1, 1, 0, 2, 1, 0, 1]|[0, 1, 1, 0, 0, 3, 0, 3, 0, 0, 0, 3, 0, 1, 0, 0, 1, 0, 3, 1]|[1, 1, 1, 0, 0, 1, 1, 2, 0, 0, 1, 2, 1, 0, 1, 0, 0, 1, 2, 0],219.230869521032;10746.419794329136;17095.938208492596,false,0
73,2,30963,G4_BALANCED,[6, 19, 12, 5, 4, 18, 3, 11, 16, 0, 2, 7, 13, 8, 15, 14, 10, 17, 1, 9]|[2, 2, 1, 1, 2, 0, 0, 1, 1, 2, 1, 0, 0, 2, 0, 0, 0, 0, 0, 0]|[0, 0, 1, 1, 0, 3, 3, 1, 1, 0, 1, 3, 3, 0, 3, 3, 3, 3, 3, 3]|[1, 0, 1, 1, 1, 0, 2, 1, 1, 1, 1, 2, 2, 1, 0, 2, 0, 1, 2, 0],383.573910323537;8840.697220931717;15710.061273405023,false,0
73,2,30963,G2_TEC,[6, 19, 12, 5, 4, 18, 7, 2, 16, 8, 14, 11, 17, 0, 3, 10, 15, 13, 1, 9]|[2, 2, 1, 1, 2, 0, 0, 1, 1, 2, 0, 0, 0, 0, 2, 0, 0, 0, 0, 0]|[0, 0, 1, 1, 0, 3, 3, 1, 1, 0, 3, 3, 3, 3, 0, 3, 3, 0, 3, 3]|[1, 0, 1, 0, 1, 0, 2, 1, 1, 1, 0, 0, 1, 0, 1, 0, 0, 2, 2, 0],400.054932608009;9056.867862681822;13507.716728581601,false,0
73,2,30963,G3_TWC,[6, 19, 12, 5, 4, 16, 7, 2, 18, 8, 9, 10, 17, 15, 11, 0, 13, 3, 1, 14]|[2, 2, 1, 1, 2, 0, 0, 1, 1, 2, 0, 0, 0, 0, 0, 0, 0, 2, 0, 0]|[0, 0, 1, 1, 0, 3, 3, 1, 1, 0, 3, 3, 3, 3, 3, 3, 3, 0, 3, 3]|[1, 0, 1, 0, 1, 0, 2, 1, 1, 1, 2, 0, 0, 0, 2, 0, 2, 1, 2, 2],446.991204511537;9018.861287641439;13423.399184417143,false,0
74,2,31063,G1_CMAX,[6, 19, 12, 5, 4, 16, 3, 9, 10, 17, 2, 15, 13, 1, 7, 18, 11, 14, 8, 0]|[2, 1, 1, 2, 1, 0, 1, 0, 2, 0, 2, 0, 2, 1, 1, 0, 2, 1, 0, 1]|[0, 1, 1, 0, 0, 3, 0, 3, 0, 0, 0, 3, 0, 1, 0, 0, 1, 0, 3, 1]|[1, 1, 1, 0, 0, 1, 1, 2, 0, 0, 1, 2, 1, 0, 1, 0, 0, 1, 2, 0],219.230869521032;10746.419794329136;17095.938208492596,false,0
74,2,31063,G4_BALANCED,[6, 19, 12, 5, 4, 18, 3, 11, 16, 0, 2, 7, 13, 8, 15, 14, 10, 17, 1, 9]|[2, 2, 1, 1, 2, 0, 0, 1, 1, 2, 1, 0, 0, 2, 0, 0, 0, 0, 0, 0]|[0, 0, 1, 1, 0, 3, 3, 1, 1, 0, 1, 3, 3, 0, 3, 3, 3, 3, 3, 3]|[1, 0, 1, 1, 1, 0, 2, 1, 1, 1, 1, 2, 2, 1, 0, 2, 0, 1, 2, 0],383.573910323537;8840.697220931717;15710.061273405023,false,0
74,2,31063,G2_TEC,[6, 19, 12, 5, 4, 18, 7, 2, 16, 8, 14, 11, 17, 0, 3, 10, 15, 13, 1, 9]|[2, 2, 1, 1, 2, 0, 0, 1, 1, 2, 0, 0, 0, 0, 2, 0, 0, 0, 0, 0]|[0, 0, 1, 1, 0, 3, 3, 1, 1, 0, 3, 3, 3, 3, 0, 3, 3, 0, 3, 3]|[1, 0, 1, 0, 1, 0, 2, 1, 1, 1, 0, 0, 1, 0, 1, 0, 0, 2, 2, 0],400.054932608009;9056.867862681822;13507.716728581601,false,0
74,2,31063,G3_TWC,[6, 19, 12, 5, 4, 16, 14, 9, 10, 18, 2, 8, 13, 17, 7, 0, 11, 3, 1, 15]|[2, 1, 1, 2, 2, 0, 0, 0, 2, 0, 2, 0, 0, 1, 0, 0, 1, 1, 1, 0]|[0, 1, 1, 0, 0, 3, 3, 3, 0, 0, 0, 0, 3, 1, 3, 3, 1, 0, 1, 3]|[1, 1, 1, 0, 1, 1, 2, 1, 0, 0, 1, 0, 2, 0, 2, 0, 1, 1, 0, 2],329.795067808124;9397.363400393107;15054.182067581150,false,0
75,2,31163,G1_CMAX,[6, 19, 12, 5, 4, 16, 3, 9, 10, 17, 2, 15, 13, 1, 7, 18, 11, 14, 8, 0]|[2, 1, 1, 2, 1, 0, 1, 0, 2, 0, 2, 0, 2, 1, 1, 0, 2, 1, 0, 1]|[0, 1, 1, 0, 0, 3, 0, 3, 0, 0, 0, 3, 0, 1, 0, 0, 1, 0, 3, 1]|[1, 1, 1, 0, 0, 1, 1, 2, 0, 0, 1, 2, 1, 0, 1, 0, 0, 1, 2, 0],219.230869521032;10746.419794329136;17095.938208492596,false,0
75,2,31163,G4_BALANCED,[6, 19, 12, 5, 4, 18, 3, 11, 16, 0, 2, 7, 13, 8, 15, 14, 10, 17, 1, 9]|[2, 2, 1, 1, 2, 0, 0, 1, 1, 2, 1, 0, 0, 2, 0, 0, 0, 0, 0, 0]|[0, 0, 1, 1, 0, 3, 3, 1, 1, 0, 1, 3, 3, 0, 3, 3, 3, 3, 3, 3]|[1, 0, 1, 1, 1, 0, 2, 1, 1, 1, 1, 2, 2, 1, 0, 2, 0, 1, 2, 0],383.573910323537;8840.697220931717;15710.061273405023,false,0
75,2,31163,G2_TEC,[6, 19, 12, 5, 4, 18, 7, 2, 16, 8, 14, 11, 17, 0, 3, 10, 15, 13, 1, 9]|[2, 2, 1, 1, 2, 0, 0, 1, 1, 2, 0, 0, 0, 0, 2, 0, 0, 0, 0, 0]|[0, 0, 1, 1, 0, 3, 3, 1, 1, 0, 3, 3, 3, 3, 0, 3, 3, 0, 3, 3]|[1, 0, 1, 0, 1, 0, 2, 1, 1, 1, 0, 0, 1, 0, 1, 0, 0, 2, 2, 0],400.054932608009;9056.867862681822;13507.716728581601,false,0
75,2,31163,G3_TWC,[6, 19, 12, 5, 4, 18, 7, 2, 16, 8, 14, 9, 3, 11, 15, 0, 13, 1, 10, 17]|[2, 2, 1, 1, 2, 0, 0, 1, 1, 2, 0, 0, 2, 0, 0, 0, 0, 0, 0, 0]|[0, 0, 1, 1, 0, 3, 3, 1, 1, 0, 3, 3, 0, 3, 3, 3, 0, 3, 3, 3]|[1, 0, 1, 0, 1, 0, 2, 1, 1, 1, 0, 0, 1, 2, 0, 0, 2, 2, 2, 0],408.314006234311;9007.493253034730;13598.544267689293,false,0
76,2,31263,G1_CMAX,[6, 19, 12, 5, 4, 16, 3, 9, 10, 17, 2, 15, 13, 1, 7, 18, 11, 14, 8, 0]|[2, 1, 1, 2, 1, 0, 1, 0, 2, 0, 2, 0, 2, 1, 1, 0, 2, 1, 0, 1]|[0, 1, 1, 0, 0, 3, 0, 3, 0, 0, 0, 3, 0, 1, 0, 0, 1, 0, 3, 1]|[1, 1, 1, 0, 0, 1, 1, 2, 0, 0, 1, 2, 1, 0, 1, 0, 0, 1, 2, 0],219.230869521032;10746.419794329136;17095.938208492596,false,0
76,2,31263,G4_BALANCED,[6, 19, 12, 5, 4, 18, 3, 11, 16, 0, 2, 7, 13, 8, 15, 14, 10, 17, 1, 9]|[2, 2, 1, 1, 2, 0, 0, 1, 1, 2, 1, 0, 0, 2, 0, 0, 0, 0, 0, 0]|[0, 0, 1, 1, 0, 3, 3, 1, 1, 0, 1, 3, 3, 0, 3, 3, 3, 3, 3, 3]|[1, 0, 1, 1, 1, 0, 2, 1, 1, 1, 1, 2, 2, 1, 0, 2, 0, 1, 2, 0],383.573910323537;8840.697220931717;15710.061273405023,false,0
76,2,31263,G2_TEC,[6, 19, 12, 5, 4, 18, 7, 2, 16, 8, 14, 11, 17, 0, 3, 10, 15, 13, 1, 9]|[2, 2, 1, 1, 2, 0, 0, 1, 1, 2, 0, 0, 0, 0, 2, 0, 0, 0, 0, 0]|[0, 0, 1, 1, 0, 3, 3, 1, 1, 0, 3, 3, 3, 3, 0, 3, 3, 0, 3, 3]|[1, 0, 1, 0, 1, 0, 2, 1, 1, 1, 0, 0, 1, 0, 1, 0, 0, 2, 2, 0],400.054932608009;9056.867862681822;13507.716728581601,false,0
76,2,31263,G3_TWC,[6, 19, 12, 5, 4, 18, 7, 2, 16, 8, 14, 9, 3, 11, 15, 0, 13, 1, 10, 17]|[2, 2, 1, 1, 2, 0, 0, 1, 1, 2, 0, 0, 2, 0, 0, 0, 0, 0, 0, 0]|[0, 0, 1, 1, 0, 3, 3, 1, 1, 0, 3, 3, 0, 3, 3, 3, 0, 3, 3, 3]|[1, 0, 1, 0, 1, 0, 2, 1, 1, 1, 0, 0, 1, 2, 0, 0, 2, 2, 2, 0],408.314006234311;9007.493253034730;13598.544267689293,false,0
77,2,31363,G1_CMAX,[4, 19, 0, 5, 6, 16, 3, 9, 10, 17, 2, 15, 13, 1, 7, 12, 11, 14, 18, 8]|[1, 1, 1, 2, 2, 0, 1, 0, 2, 0, 2, 0, 2, 1, 1, 1, 2, 1, 0, 0]|[0, 1, 1, 0, 0, 3, 0, 3, 0, 0, 0, 3, 0, 1, 1, 1, 1, 0, 0, 3]|[0, 1, 1, 0, 1, 1, 1, 2, 0, 0, 1, 2, 1, 0, 1, 0, 0, 1, 0, 2],219.230869521032;10499.917324754322;16883.776212226190,false,0
77,2,31363,G4_BALANCED,[6, 19, 12, 5, 4, 18, 3, 11, 16, 0, 2, 7, 13, 8, 15, 14, 10, 17, 1, 9]|[2, 2, 1, 1, 2, 0, 0, 1, 1, 2, 1, 0, 0, 2, 0, 0, 0, 0, 0, 0]|[0, 0, 1, 1, 0, 3, 3, 1, 1, 0, 1, 3, 3, 0, 3, 3, 3, 3, 3, 3]|[1, 0, 1, 1, 1, 0, 2, 1, 1, 1, 1, 2, 2, 1, 0, 2, 0, 1, 2, 0],383.573910323537;8840.697220931717;15710.061273405023,false,0
77,2,31363,G2_TEC,[6, 19, 12, 5, 4, 18, 7, 2, 16, 8, 14, 11, 17, 0, 3, 10, 15, 13, 1, 9]|[2, 2, 1, 1, 2, 0, 0, 1, 1, 2, 0, 0, 0, 0, 2, 0, 0, 0, 0, 0]|[0, 0, 1, 1, 0, 3, 3, 1, 1, 0, 3, 3, 3, 3, 0, 3, 3, 0, 3, 3]|[1, 0, 1, 0, 1, 0, 2, 1, 1, 1, 0, 0, 1, 0, 1, 0, 0, 2, 2, 0],400.054932608009;9056.867862681822;13507.716728581601,false,0
77,2,31363,G3_TWC,[6, 19, 12, 5, 4, 16, 3, 9, 10, 17, 2, 18, 13, 7, 1, 0, 14, 11, 8, 15]|[2, 1, 1, 2, 1, 0, 1, 0, 2, 0, 2, 0, 2, 1, 1, 0, 1, 1, 0, 0]|[0, 1, 1, 0, 0, 3, 0, 3, 0, 0, 0, 3, 0, 1, 1, 3, 0, 1, 0, 3]|[1, 1, 1, 0, 0, 1, 1, 2, 0, 0, 1, 2, 1, 0, 0, 2, 1, 1, 0, 2],263.681237910588;10219.622026232077;15556.594460341175,false,0
78,2,31463,G1_CMAX,[4, 19, 0, 5, 6, 16, 3, 9, 10, 17, 2, 15, 13, 1, 7, 12, 11, 14, 18, 8]|[1, 1, 1, 2, 2, 0, 1, 0, 2, 0, 2, 0, 2, 1, 1, 1, 2, 1, 0, 0]|[0, 1, 1, 0, 0, 3, 0, 3, 0, 0, 0, 3, 0, 1, 1, 1, 1, 0, 0, 3]|[0, 1, 1, 0, 1, 1, 1, 2, 0, 0, 1, 2, 1, 0, 1, 0, 0, 1, 0, 2],219.230869521032;10499.917324754322;16883.776212226190,false,0
78,2,31463,G4_BALANCED,[6, 19, 12, 5, 4, 18, 3, 11, 16, 0, 2, 7, 13, 8, 15, 14, 10, 17, 1, 9]|[2, 2, 1, 1, 2, 0, 0, 1, 1, 2, 1, 0, 0, 2, 0, 0, 0, 0, 0, 0]|[0, 0, 1, 1, 0, 3, 3, 1, 1, 0, 1, 3, 3, 0, 3, 3, 3, 3, 3, 3]|[1, 0, 1, 1, 1, 0, 2, 1, 1, 1, 1, 2, 2, 1, 0, 2, 0, 1, 2, 0],383.573910323537;8840.697220931717;15710.061273405023,false,0
78,2,31463,G2_TEC,[6, 19, 12, 5, 4, 18, 3, 11, 16, 0, 2, 8, 13, 15, 10, 1, 9, 17, 7, 14]|[2, 2, 0, 1, 2, 1, 0, 1, 1, 0, 2, 2, 0, 0, 0, 0, 0, 0, 0, 0]|[0, 0, 3, 1, 0, 1, 3, 1, 1, 3, 0, 0, 3, 3, 3, 3, 3, 3, 3, 3]|[1, 0, 0, 0, 1, 1, 2, 1, 1, 0, 1, 1, 2, 0, 0, 2, 0, 1, 2, 2],396.891252687137;9009.006879307419;13317.864341258577,false,0
78,2,31463,G3_TWC,[6, 19, 12, 5, 4, 16, 3, 9, 10, 17, 2, 18, 13, 7, 1, 0, 14, 11, 8, 15]|[2, 1, 1, 2, 1, 0, 1, 0, 2, 0, 2, 0, 2, 1, 1, 0, 1, 1, 0, 0]|[0, 1, 1, 0, 0, 3, 0, 3, 0, 0, 0, 3, 0, 1, 1, 3, 0, 1, 0, 3]|[1, 1, 1, 0, 0, 1, 1, 2, 0, 0, 1, 2, 1, 0, 0, 2, 1, 1, 0, 2],263.681237910588;10219.622026232077;15556.594460341175,false,0
79,2,31563,G1_CMAX,[4, 19, 0, 5, 6, 16, 3, 9, 10, 17, 2, 15, 13, 1, 7, 12, 11, 14, 18, 8]|[1, 1, 1, 2, 2, 0, 1, 0, 2, 0, 2, 0, 2, 1, 1, 1, 2, 1, 0, 0]|[0, 1, 1, 0, 0, 3, 0, 3, 0, 0, 0, 3, 0, 1, 1, 1, 1, 0, 0, 3]|[0, 1, 1, 0, 1, 1, 1, 2, 0, 0, 1, 2, 1, 0, 1, 0, 0, 1, 0, 2],219.230869521032;10499.917324754322;16883.776212226190,false,0
79,2,31563,G4_BALANCED,[6, 19, 12, 5, 4, 16, 3, 9, 10, 17, 2, 18, 13, 1, 7, 11, 8, 15, 14, 0]|[2, 1, 1, 2, 1, 0, 0, 2, 2, 0, 2, 0, 0, 1, 1, 2, 0, 1, 1, 0]|[0, 1, 1, 0, 0, 3, 3, 1, 0, 0, 0, 0, 3, 1, 0, 0, 0, 0, 0, 3]|[1, 1, 1, 0, 1, 2, 2, 1, 0, 0, 1, 1, 2, 0, 1, 0, 0, 1, 1, 2],229.242178490841;10284.787227116976;17053.110524402167,false,0
79,2,31563,G2_TEC,[6, 19, 12, 5, 4, 18, 3, 11, 16, 0, 2, 8, 13, 15, 10, 1, 9, 17, 7, 14]|[2, 2, 0, 1, 2, 1, 0, 1, 1, 0, 2, 2, 0, 0, 0, 0, 0, 0, 0, 0]|[0, 0, 3, 1, 0, 1, 3, 1, 1, 3, 0, 0, 3, 3, 3, 3, 3, 3, 3, 3]|[1, 0, 0, 0, 1, 1, 2, 1, 1, 0, 1, 1, 2, 0, 0, 2, 0, 1, 2, 2],396.891252687137;9009.006879307419;13317.864341258577,false,0
79,2,31563,G3_TWC,[6, 19, 12, 5, 4, 18, 7, 9, 10, 17, 15, 8, 0, 11, 16, 1, 13, 3, 14, 2]|[2, 2, 1, 1, 2, 0, 0, 0, 0, 0, 0, 2, 1, 0, 1, 1, 0, 0, 2, 1]|[0, 0, 1, 1, 0, 3, 3, 3, 3, 3, 3, 0, 1, 3, 1, 1, 0, 3, 1, 1]|[1, 0, 1, 0, 1, 0, 2, 0, 2, 1, 0, 1, 1, 2, 1, 1, 2, 0, 1, 1],330.614596102630;9295.324548576771;15924.528623817103,false,0
80,2,31663,G1_CMAX,[4, 19, 0, 5, 6, 16, 3, 9, 10, 17, 2, 15, 13, 1, 7, 12, 11, 14, 18, 8]|[1, 1, 1, 2, 2, 0, 1, 0, 2, 0, 2, 0, 2, 1, 1, 1, 2, 1, 0, 0]|[0, 1, 1, 0, 0, 3, 0, 3, 0, 0, 0, 3, 0, 1, 1, 1, 1, 0, 0, 3]|[0, 1, 1, 0, 1, 1, 1, 2, 0, 0, 1, 2, 1, 0, 1, 0, 0, 1, 0, 2],219.230869521032;10499.917324754322;16883.776212226190,false,0
80,2,31663,G4_BALANCED,[6, 19, 12, 5, 4, 16, 3, 9, 10, 17, 2, 18, 13, 1, 7, 11, 8, 15, 14, 0]|[2, 1, 1, 2, 1, 0, 0, 2, 2, 0, 2, 0, 0, 1, 1, 2, 0, 1, 1, 0]|[0, 1, 1, 0, 0, 3, 3, 1, 0, 0, 0, 0, 3, 1, 0, 0, 0, 0, 0, 3]|[1, 1, 1, 0, 1, 2, 2, 1, 0, 0, 1, 1, 2, 0, 1, 0, 0, 1, 1, 2],229.242178490841;10284.787227116976;17053.110524402167,false,0
80,2,31663,G2_TEC,[6, 19, 12, 5, 4, 18, 3, 11, 16, 0, 2, 8, 13, 15, 10, 1, 9, 17, 7, 14]|[2, 2, 0, 1, 2, 1, 0, 1, 1, 0, 2, 2, 0, 0, 0, 0, 0, 0, 0, 0]|[0, 0, 3, 1, 0, 1, 3, 1, 1, 3, 0, 0, 3, 3, 3, 3, 3, 3, 3, 3]|[1, 0, 0, 0, 1, 1, 2, 1, 1, 0, 1, 1, 2, 0, 0, 2, 0, 1, 2, 2],396.891252687137;9009.006879307419;13317.864341258577,false,0
80,2,31663,G3_TWC,[6, 19, 12, 5, 4, 16, 3, 11, 15, 7, 2, 9, 8, 0, 17, 13, 14, 10, 18, 1]|[2, 2, 0, 1, 0, 0, 2, 2, 1, 1, 1, 0, 2, 0, 0, 0, 0, 0, 0, 0]|[0, 0, 2, 1, 3, 3, 0, 0, 0, 1, 1, 3, 0, 3, 3, 0, 3, 3, 3, 3]|[1, 0, 1, 0, 2, 0, 1, 0, 1, 1, 1, 1, 1, 2, 1, 2, 0, 2, 1, 1],409.047230276459;9712.789948995710;12805.715992083906,false,0
81,2,31763,G1_CMAX,[4, 19, 0, 5, 6, 16, 3, 9, 10, 17, 2, 15, 13, 1, 7, 12, 11, 14, 18, 8]|[1, 1, 1, 2, 2, 0, 1, 0, 2, 0, 2, 0, 2, 1, 1, 1, 2, 1, 0, 0]|[0, 1, 1, 0, 0, 3, 0, 3, 0, 0, 0, 3, 0, 1, 1, 1, 1, 0, 0, 3]|[0, 1, 1, 0, 1, 1, 1, 2, 0, 0, 1, 2, 1, 0, 1, 0, 0, 1, 0, 2],219.230869521032;10499.917324754322;16883.776212226190,false,0
81,2,31763,G4_BALANCED,[6, 19, 12, 5, 4, 16, 3, 9, 10, 17, 2, 18, 13, 1, 7, 11, 8, 15, 14, 0]|[2, 1, 1, 2, 1, 0, 0, 2, 2, 0, 2, 0, 0, 1, 1, 2, 0, 1, 1, 0]|[0, 1, 1, 0, 0, 3, 3, 1, 0, 0, 0, 0, 3, 1, 0, 0, 0, 0, 0, 3]|[1, 1, 1, 0, 1, 2, 2, 1, 0, 0, 1, 1, 2, 0, 1, 0, 0, 1, 1, 2],229.242178490841;10284.787227116976;17053.110524402167,false,0
81,2,31763,G2_TEC,[6, 19, 12, 5, 4, 18, 3, 11, 16, 0, 2, 8, 13, 15, 10, 1, 9, 17, 7, 14]|[2, 2, 0, 1, 2, 1, 0, 1, 1, 0, 2, 2, 0, 0, 0, 0, 0, 0, 0, 0]|[0, 0, 3, 1, 0, 1, 3, 1, 1, 3, 0, 0, 3, 3, 3, 3, 3, 3, 3, 3]|[1, 0, 0, 0, 1, 1, 2, 1, 1, 0, 1, 1, 2, 0, 0, 2, 0, 1, 2, 2],396.891252687137;9009.006879307419;13317.864341258577,false,0
81,2,31763,G3_TWC,[6, 19, 12, 5, 4, 16, 3, 11, 15, 7, 2, 9, 8, 0, 17, 13, 14, 10, 18, 1]|[2, 2, 0, 1, 0, 0, 2, 2, 1, 1, 1, 0, 2, 0, 0, 0, 0, 0, 0, 0]|[0, 0, 2, 1, 3, 3, 0, 0, 0, 1, 1, 3, 0, 3, 3, 0, 3, 3, 3, 3]|[1, 0, 1, 0, 2, 0, 1, 0, 1, 1, 1, 1, 1, 2, 1, 2, 0, 2, 1, 1],409.047230276459;9712.789948995710;12805.715992083906,false,0
82,2,31863,G1_CMAX,[4, 19, 0, 5, 6, 16, 3, 9, 10, 17, 2, 15, 13, 1, 7, 12, 11, 14, 18, 8]|[1, 1, 1, 2, 2, 0, 1, 0, 2, 0, 2, 0, 2, 1, 1, 1, 2, 1, 0, 0]|[0, 1, 1, 0, 0, 3, 0, 3, 0, 0, 0, 3, 0, 1, 1, 1, 1, 0, 0, 3]|[0, 1, 1, 0, 1, 1, 1, 2, 0, 0, 1, 2, 1, 0, 1, 0, 0, 1, 0, 2],219.230869521032;10499.917324754322;16883.776212226190,false,0
82,2,31863,G4_BALANCED,[6, 19, 12, 5, 4, 16, 3, 9, 10, 17, 2, 18, 13, 1, 7, 11, 8, 15, 14, 0]|[2, 1, 1, 2, 1, 0, 0, 2, 2, 0, 2, 0, 0, 1, 1, 2, 0, 1, 1, 0]|[0, 1, 1, 0, 0, 3, 3, 1, 0, 0, 0, 0, 3, 1, 0, 0, 0, 0, 0, 3]|[1, 1, 1, 0, 1, 2, 2, 1, 0, 0, 1, 1, 2, 0, 1, 0, 0, 1, 1, 2],229.242178490841;10284.787227116976;17053.110524402167,false,0
82,2,31863,G2_TEC,[6, 19, 12, 5, 4, 18, 3, 11, 16, 0, 2, 8, 13, 15, 10, 1, 9, 17, 7, 14]|[2, 2, 0, 1, 2, 1, 0, 1, 1, 0, 2, 2, 0, 0, 0, 0, 0, 0, 0, 0]|[0, 0, 3, 1, 0, 1, 3, 1, 1, 3, 0, 0, 3, 3, 3, 3, 3, 3, 3, 3]|[1, 0, 0, 0, 1, 1, 2, 1, 1, 0, 1, 1, 2, 0, 0, 2, 0, 1, 2, 2],396.891252687137;9009.006879307419;13317.864341258577,false,0
82,2,31863,G3_TWC,[6, 19, 12, 5, 4, 16, 3, 11, 15, 7, 2, 9, 8, 0, 17, 13, 14, 10, 18, 1]|[2, 2, 0, 1, 0, 0, 2, 2, 1, 1, 1, 0, 2, 0, 0, 0, 0, 0, 0, 0]|[0, 0, 2, 1, 3, 3, 0, 0, 0, 1, 1, 3, 0, 3, 3, 0, 3, 3, 3, 3]|[1, 0, 1, 0, 2, 0, 1, 0, 1, 1, 1, 1, 1, 2, 1, 2, 0, 2, 1, 1],409.047230276459;9712.789948995710;12805.715992083906,false,0
83,2,31963,G1_CMAX,[4, 19, 0, 5, 6, 16, 3, 9, 10, 17, 2, 15, 13, 1, 7, 12, 11, 14, 18, 8]|[1, 1, 1, 2, 2, 0, 1, 0, 2, 0, 2, 0, 2, 1, 1, 1, 2, 1, 0, 0]|[0, 1, 1, 0, 0, 3, 0, 3, 0, 0, 0, 3, 0, 1, 1, 1, 1, 0, 0, 3]|[0, 1, 1, 0, 1, 1, 1, 2, 0, 0, 1, 2, 1, 0, 1, 0, 0, 1, 0, 2],219.230869521032;10499.917324754322;16883.776212226190,false,0
83,2,31963,G4_BALANCED,[6, 19, 12, 5, 4, 16, 3, 9, 10, 17, 2, 18, 13, 1, 7, 11, 8, 15, 14, 0]|[2, 1, 1, 2, 1, 0, 0, 2, 2, 0, 2, 0, 0, 1, 1, 2, 0, 1, 1, 0]|[0, 1, 1, 0, 0, 3, 3, 1, 0, 0, 0, 0, 3, 1, 0, 0, 0, 0, 0, 3]|[1, 1, 1, 0, 1, 2, 2, 1, 0, 0, 1, 1, 2, 0, 1, 0, 0, 1, 1, 2],229.242178490841;10284.787227116976;17053.110524402167,false,0
83,2,31963,G2_TEC,[6, 19, 12, 5, 4, 18, 3, 11, 16, 0, 2, 8, 13, 15, 10, 1, 9, 17, 7, 14]|[2, 2, 0, 1, 2, 1, 0, 1, 1, 0, 2, 2, 0, 0, 0, 0, 0, 0, 0, 0]|[0, 0, 3, 1, 0, 1, 3, 1, 1, 3, 0, 0, 3, 3, 3, 3, 3, 3, 3, 3]|[1, 0, 0, 0, 1, 1, 2, 1, 1, 0, 1, 1, 2, 0, 0, 2, 0, 1, 2, 2],396.891252687137;9009.006879307419;13317.864341258577,false,0
83,2,31963,G3_TWC,[6, 19, 12, 5, 4, 16, 3, 11, 15, 7, 2, 9, 8, 0, 17, 13, 14, 10, 18, 1]|[2, 2, 0, 1, 0, 0, 2, 2, 1, 1, 1, 0, 2, 0, 0, 0, 0, 0, 0, 0]|[0, 0, 2, 1, 3, 3, 0, 0, 0, 1, 1, 3, 0, 3, 3, 0, 3, 3, 3, 3]|[1, 0, 1, 0, 2, 0, 1, 0, 1, 1, 1, 1, 1, 2, 1, 2, 0, 2, 1, 1],409.047230276459;9712.789948995710;12805.715992083906,false,0
84,2,32063,G1_CMAX,[4, 19, 0, 5, 6, 16, 3, 9, 10, 17, 2, 15, 13, 1, 7, 12, 11, 14, 18, 8]|[1, 1, 1, 2, 2, 0, 1, 0, 2, 0, 2, 0, 2, 1, 1, 1, 2, 1, 0, 0]|[0, 1, 1, 0, 0, 3, 0, 3, 0, 0, 0, 3, 0, 1, 1, 1, 1, 0, 0, 3]|[0, 1, 1, 0, 1, 1, 1, 2, 0, 0, 1, 2, 1, 0, 1, 0, 0, 1, 0, 2],219.230869521032;10499.917324754322;16883.776212226190,false,0
84,2,32063,G4_BALANCED,[6, 19, 12, 5, 4, 16, 3, 9, 10, 17, 2, 18, 13, 1, 7, 11, 8, 15, 14, 0]|[2, 1, 1, 2, 1, 0, 0, 2, 2, 0, 2, 0, 0, 1, 1, 2, 0, 1, 1, 0]|[0, 1, 1, 0, 0, 3, 3, 1, 0, 0, 0, 0, 3, 1, 0, 0, 0, 0, 0, 3]|[1, 1, 1, 0, 1, 2, 2, 1, 0, 0, 1, 1, 2, 0, 1, 0, 0, 1, 1, 2],229.242178490841;10284.787227116976;17053.110524402167,false,0
84,2,32063,G2_TEC,[6, 19, 12, 5, 4, 18, 3, 11, 16, 0, 2, 8, 13, 15, 10, 1, 9, 17, 7, 14]|[2, 2, 0, 1, 2, 1, 0, 1, 1, 0, 2, 2, 0, 0, 0, 0, 0, 0, 0, 0]|[0, 0, 3, 1, 0, 1, 3, 1, 1, 3, 0, 0, 3, 3, 3, 3, 3, 3, 3, 3]|[1, 0, 0, 0, 1, 1, 2, 1, 1, 0, 1, 1, 2, 0, 0, 2, 0, 1, 2, 2],396.891252687137;9009.006879307419;13317.864341258577,false,0
84,2,32063,G3_TWC,[6, 19, 12, 5, 4, 16, 3, 11, 15, 7, 2, 9, 8, 0, 17, 13, 14, 10, 18, 1]|[2, 2, 0, 1, 0, 0, 2, 2, 1, 1, 1, 0, 2, 0, 0, 0, 0, 0, 0, 0]|[0, 0, 2, 1, 3, 3, 0, 0, 0, 1, 1, 3, 0, 3, 3, 0, 3, 3, 3, 3]|[1, 0, 1, 0, 2, 0, 1, 0, 1, 1, 1, 1, 1, 2, 1, 2, 0, 2, 1, 1],409.047230276459;9712.789948995710;12805.715992083906,false,0
85,2,32163,G1_CMAX,[4, 19, 0, 5, 6, 16, 3, 9, 10, 17, 2, 15, 13, 1, 7, 12, 11, 14, 18, 8]|[1, 1, 1, 2, 2, 0, 1, 0, 2, 0, 2, 0, 2, 1, 1, 1, 2, 1, 0, 0]|[0, 1, 1, 0, 0, 3, 0, 3, 0, 0, 0, 3, 0, 1, 1, 1, 1, 0, 0, 3]|[0, 1, 1, 0, 1, 1, 1, 2, 0, 0, 1, 2, 1, 0, 1, 0, 0, 1, 0, 2],219.230869521032;10499.917324754322;16883.776212226190,false,0
85,2,32163,G4_BALANCED,[6, 19, 12, 5, 4, 16, 3, 9, 10, 17, 2, 18, 13, 1, 7, 11, 8, 15, 14, 0]|[2, 1, 1, 2, 1, 0, 0, 2, 2, 0, 2, 0, 0, 1, 1, 2, 0, 1, 1, 0]|[0, 1, 1, 0, 0, 3, 3, 1, 0, 0, 0, 0, 3, 1, 0, 0, 0, 0, 0, 3]|[1, 1, 1, 0, 1, 2, 2, 1, 0, 0, 1, 1, 2, 0, 1, 0, 0, 1, 1, 2],229.242178490841;10284.787227116976;17053.110524402167,false,0
85,2,32163,G2_TEC,[6, 19, 12, 5, 4, 18, 3, 11, 16, 0, 2, 8, 13, 15, 10, 1, 9, 17, 7, 14]|[2, 2, 0, 1, 2, 1, 0, 1, 1, 0, 2, 2, 0, 0, 0, 0, 0, 0, 0, 0]|[0, 0, 3, 1, 0, 1, 3, 1, 1, 3, 0, 0, 3, 3, 3, 3, 3, 3, 3, 3]|[1, 0, 0, 0, 1, 1, 2, 1, 1, 0, 1, 1, 2, 0, 0, 2, 0, 1, 2, 2],396.891252687137;9009.006879307419;13317.864341258577,false,0
85,2,32163,G3_TWC,[6, 19, 12, 5, 4, 16, 3, 11, 15, 7, 2, 9, 8, 0, 17, 13, 14, 10, 18, 1]|[2, 2, 0, 1, 0, 0, 2, 2, 1, 1, 1, 0, 2, 0, 0, 0, 0, 0, 0, 0]|[0, 0, 2, 1, 3, 3, 0, 0, 0, 1, 1, 3, 0, 3, 3, 0, 3, 3, 3, 3]|[1, 0, 1, 0, 2, 0, 1, 0, 1, 1, 1, 1, 1, 2, 1, 2, 0, 2, 1, 1],409.047230276459;9712.789948995710;12805.715992083906,false,0
86,2,32263,G1_CMAX,[4, 19, 0, 5, 6, 16, 3, 9, 10, 17, 2, 15, 13, 1, 7, 12, 11, 14, 18, 8]|[1, 1, 1, 2, 2, 0, 1, 0, 2, 0, 2, 0, 2, 1, 1, 1, 2, 1, 0, 0]|[0, 1, 1, 0, 0, 3, 0, 3, 0, 0, 0, 3, 0, 1, 1, 1, 1, 0, 0, 3]|[0, 1, 1, 0, 1, 1, 1, 2, 0, 0, 1, 2, 1, 0, 1, 0, 0, 1, 0, 2],219.230869521032;10499.917324754322;16883.776212226190,false,0
86,2,32263,G4_BALANCED,[6, 19, 12, 5, 4, 16, 3, 9, 10, 17, 2, 18, 13, 1, 7, 11, 8, 15, 14, 0]|[2, 1, 1, 2, 1, 0, 0, 2, 2, 0, 2, 0, 0, 1, 1, 2, 0, 1, 1, 0]|[0, 1, 1, 0, 0, 3, 3, 1, 0, 0, 0, 0, 3, 1, 0, 0, 0, 0, 0, 3]|[1, 1, 1, 0, 1, 2, 2, 1, 0, 0, 1, 1, 2, 0, 1, 0, 0, 1, 1, 2],229.242178490841;10284.787227116976;17053.110524402167,false,0
86,2,32263,G2_TEC,[6, 19, 12, 5, 4, 18, 3, 11, 16, 0, 2, 8, 13, 15, 10, 1, 9, 17, 7, 14]|[2, 2, 0, 1, 2, 1, 0, 1, 1, 0, 2, 2, 0, 0, 0, 0, 0, 0, 0, 0]|[0, 0, 3, 1, 0, 1, 3, 1, 1, 3, 0, 0, 3, 3, 3, 3, 3, 3, 3, 3]|[1, 0, 0, 0, 1, 1, 2, 1, 1, 0, 1, 1, 2, 0, 0, 2, 0, 1, 2, 2],396.891252687137;9009.006879307419;13317.864341258577,false,0
86,2,32263,G3_TWC,[6, 19, 12, 5, 4, 16, 3, 11, 15, 7, 2, 9, 8, 0, 17, 13, 14, 10, 18, 1]|[2, 2, 0, 1, 0, 0, 2, 2, 1, 1, 1, 0, 2, 0, 0, 0, 0, 0, 0, 0]|[0, 0, 2, 1, 3, 3, 0, 0, 0, 1, 1, 3, 0, 3, 3, 0, 3, 3, 3, 3]|[1, 0, 1, 0, 2, 0, 1, 0, 1, 1, 1, 1, 1, 2, 1, 2, 0, 2, 1, 1],409.047230276459;9712.789948995710;12805.715992083906,false,0
87,2,32363,G1_CMAX,[4, 19, 0, 5, 6, 16, 3, 9, 10, 17, 2, 15, 13, 1, 7, 12, 11, 14, 18, 8]|[1, 1, 1, 2, 2, 0, 1, 0, 2, 0, 2, 0, 2, 1, 1, 1, 2, 1, 0, 0]|[0, 1, 1, 0, 0, 3, 0, 3, 0, 0, 0, 3, 0, 1, 1, 1, 1, 0, 0, 3]|[0, 1, 1, 0, 1, 1, 1, 2, 0, 0, 1, 2, 1, 0, 1, 0, 0, 1, 0, 2],219.230869521032;10499.917324754322;16883.776212226190,false,0
87,2,32363,G4_BALANCED,[6, 19, 12, 5, 4, 16, 3, 9, 10, 17, 2, 18, 13, 1, 7, 11, 8, 15, 14, 0]|[2, 1, 1, 2, 1, 0, 0, 2, 2, 0, 2, 0, 0, 1, 1, 2, 0, 1, 1, 0]|[0, 1, 1, 0, 0, 3, 3, 1, 0, 0, 0, 0, 3, 1, 0, 0, 0, 0, 0, 3]|[1, 1, 1, 0, 1, 2, 2, 1, 0, 0, 1, 1, 2, 0, 1, 0, 0, 1, 1, 2],229.242178490841;10284.787227116976;17053.110524402167,false,0
87,2,32363,G2_TEC,[6, 19, 12, 5, 4, 18, 3, 11, 16, 0, 2, 8, 13, 15, 10, 1, 9, 17, 7, 14]|[2, 2, 0, 1, 2, 1, 0, 1, 1, 0, 2, 2, 0, 0, 0, 0, 0, 0, 0, 0]|[0, 0, 3, 1, 0, 1, 3, 1, 1, 3, 0, 0, 3, 3, 3, 3, 3, 3, 3, 3]|[1, 0, 0, 0, 1, 1, 2, 1, 1, 0, 1, 1, 2, 0, 0, 2, 0, 1, 2, 2],396.891252687137;9009.006879307419;13317.864341258577,false,0
87,2,32363,G3_TWC,[6, 19, 12, 5, 4, 16, 3, 11, 15, 7, 2, 9, 8, 0, 17, 13, 14, 10, 18, 1]|[2, 2, 0, 1, 0, 0, 2, 2, 1, 1, 1, 0, 2, 0, 0, 0, 0, 0, 0, 0]|[0, 0, 2, 1, 3, 3, 0, 0, 0, 1, 1, 3, 0, 3, 3, 0, 3, 3, 3, 3]|[1, 0, 1, 0, 2, 0, 1, 0, 1, 1, 1, 1, 1, 2, 1, 2, 0, 2, 1, 1],409.047230276459;9712.789948995710;12805.715992083906,false,0
88,2,32463,G1_CMAX,[4, 19, 0, 5, 6, 16, 3, 9, 10, 17, 2, 15, 13, 1, 7, 12, 11, 14, 18, 8]|[1, 1, 1, 2, 2, 0, 1, 0, 2, 0, 2, 0, 2, 1, 1, 1, 2, 1, 0, 0]|[0, 1, 1, 0, 0, 3, 0, 3, 0, 0, 0, 3, 0, 1, 1, 1, 1, 0, 0, 3]|[0, 1, 1, 0, 1, 1, 1, 2, 0, 0, 1, 2, 1, 0, 1, 0, 0, 1, 0, 2],219.230869521032;10499.917324754322;16883.776212226190,false,0
88,2,32463,G4_BALANCED,[6, 19, 12, 5, 4, 16, 3, 9, 10, 17, 2, 18, 13, 1, 7, 11, 8, 15, 14, 0]|[2, 1, 1, 2, 1, 0, 0, 2, 2, 0, 2, 0, 0, 1, 1, 2, 0, 1, 1, 0]|[0, 1, 1, 0, 0, 3, 3, 1, 0, 0, 0, 0, 3, 1, 0, 0, 0, 0, 0, 3]|[1, 1, 1, 0, 1, 2, 2, 1, 0, 0, 1, 1, 2, 0, 1, 0, 0, 1, 1, 2],229.242178490841;10284.787227116976;17053.110524402167,false,0
88,2,32463,G2_TEC,[6, 19, 16, 5, 2, 9, 3, 12, 10, 17, 4, 15, 13, 18, 0, 7, 11, 1, 8, 14]|[2, 1, 0, 2, 2, 1, 0, 0, 1, 0, 2, 1, 0, 0, 0, 1, 2, 0, 0, 0]|[0, 1, 3, 0, 0, 1, 3, 3, 0, 0, 0, 0, 3, 0, 3, 0, 0, 3, 0, 3]|[1, 1, 2, 0, 1, 1, 2, 0, 1, 0, 1, 1, 2, 1, 0, 1, 0, 2, 0, 2],343.523063418375;9843.119426663035;13590.546114484674,false,0
88,2,32463,G3_TWC,[6, 19, 12, 5, 4, 16, 3, 11, 15, 7, 2, 9, 8, 0, 17, 13, 14, 10, 18, 1]|[2, 2, 0, 1, 0, 0, 2, 2, 1, 1, 1, 0, 2, 0, 0, 0, 0, 0, 0, 0]|[0, 0, 2, 1, 3, 3, 0, 0, 0, 1, 1, 3, 0, 3, 3, 0, 3, 3, 3, 3]|[1, 0, 1, 0, 2, 0, 1, 0, 1, 1, 1, 1, 1, 2, 1, 2, 0, 2, 1, 1],409.047230276459;9712.789948995710;12805.715992083906,false,0
89,2,32563,G1_CMAX,[4, 19, 0, 5, 6, 16, 3, 9, 10, 17, 2, 15, 13, 1, 7, 12, 11, 14, 18, 8]|[1, 1, 1, 2, 2, 0, 1, 0, 2, 0, 2, 0, 2, 1, 1, 1, 2, 1, 0, 0]|[0, 1, 1, 0, 0, 3, 0, 3, 0, 0, 0, 3, 0, 1, 1, 1, 1, 0, 0, 3]|[0, 1, 1, 0, 1, 1, 1, 2, 0, 0, 1, 2, 1, 0, 1, 0, 0, 1, 0, 2],219.230869521032;10499.917324754322;16883.776212226190,false,0
89,2,32563,G4_BALANCED,[6, 19, 12, 5, 4, 16, 3, 9, 10, 17, 2, 18, 13, 1, 7, 11, 8, 15, 14, 0]|[2, 1, 1, 2, 1, 0, 0, 2, 2, 0, 2, 0, 0, 1, 1, 2, 0, 1, 1, 0]|[0, 1, 1, 0, 0, 3, 3, 1, 0, 0, 0, 0, 3, 1, 0, 0, 0, 0, 0, 3]|[1, 1, 1, 0, 1, 2, 2, 1, 0, 0, 1, 1, 2, 0, 1, 0, 0, 1, 1, 2],229.242178490841;10284.787227116976;17053.110524402167,false,0
89,2,32563,G2_TEC,[6, 19, 12, 5, 4, 18, 3, 11, 16, 0, 2, 8, 13, 15, 10, 1, 9, 17, 7, 14]|[2, 2, 0, 1, 2, 1, 0, 1, 1, 0, 2, 2, 0, 0, 0, 0, 0, 0, 0, 0]|[0, 0, 3, 1, 0, 1, 3, 1, 1, 3, 0, 0, 3, 3, 3, 3, 3, 3, 3, 3]|[1, 0, 0, 0, 1, 1, 2, 1, 1, 0, 1, 1, 2, 0, 0, 2, 0, 1, 2, 2],396.891252687137;9009.006879307419;13317.864341258577,false,0
89,2,32563,G3_TWC,[6, 19, 12, 5, 4, 16, 3, 11, 15, 7, 2, 9, 8, 0, 17, 13, 14, 10, 18, 1]|[2, 2, 0, 1, 0, 0, 2, 2, 1, 1, 1, 0, 2, 0, 0, 0, 0, 0, 0, 0]|[0, 0, 2, 1, 3, 3, 0, 0, 0, 1, 1, 3, 0, 3, 3, 0, 3, 3, 3, 3]|[1, 0, 1, 0, 2, 0, 1, 0, 1, 1, 1, 1, 1, 2, 1, 2, 0, 2, 1, 1],409.047230276459;9712.789948995710;12805.715992083906,false,0
90,2,32663,G1_CMAX,[4, 19, 0, 5, 6, 16, 3, 9, 10, 17, 2, 15, 13, 1, 7, 12, 11, 14, 18, 8]|[1, 1, 1, 2, 2, 0, 1, 0, 2, 0, 2, 0, 2, 1, 1, 1, 2, 1, 0, 0]|[0, 1, 1, 0, 0, 3, 0, 3, 0, 0, 0, 3, 0, 1, 1, 1, 1, 0, 0, 3]|[0, 1, 1, 0, 1, 1, 1, 2, 0, 0, 1, 2, 1, 0, 1, 0, 0, 1, 0, 2],219.230869521032;10499.917324754322;16883.776212226190,false,0
90,2,32663,G4_BALANCED,[6, 19, 12, 5, 4, 16, 3, 9, 10, 17, 2, 18, 13, 1, 7, 11, 8, 15, 14, 0]|[2, 1, 1, 2, 1, 0, 0, 2, 2, 0, 2, 0, 0, 1, 1, 2, 0, 1, 1, 0]|[0, 1, 1, 0, 0, 3, 3, 1, 0, 0, 0, 0, 3, 1, 0, 0, 0, 0, 0, 3]|[1, 1, 1, 0, 1, 2, 2, 1, 0, 0, 1, 1, 2, 0, 1, 0, 0, 1, 1, 2],229.242178490841;10284.787227116976;17053.110524402167,false,0
90,2,32663,G2_TEC,[6, 19, 12, 5, 4, 18, 3, 11, 16, 0, 2, 8, 13, 15, 10, 1, 9, 17, 7, 14]|[2, 2, 0, 1, 2, 1, 0, 1, 1, 0, 2, 2, 0, 0, 0, 0, 0, 0, 0, 0]|[0, 0, 3, 1, 0, 1, 3, 1, 1, 3, 0, 0, 3, 3, 3, 3, 3, 3, 3, 3]|[1, 0, 0, 0, 1, 1, 2, 1, 1, 0, 1, 1, 2, 0, 0, 2, 0, 1, 2, 2],396.891252687137;9009.006879307419;13317.864341258577,false,0
90,2,32663,G3_TWC,[6, 19, 12, 5, 4, 16, 3, 11, 15, 7, 2, 9, 8, 0, 17, 13, 14, 10, 18, 1]|[2, 2, 0, 1, 0, 0, 2, 2, 1, 1, 1, 0, 2, 0, 0, 0, 0, 0, 0, 0]|[0, 0, 2, 1, 3, 3, 0, 0, 0, 1, 1, 3, 0, 3, 3, 0, 3, 3, 3, 3]|[1, 0, 1, 0, 2, 0, 1, 0, 1, 1, 1, 1, 1, 2, 1, 2, 0, 2, 1, 1],409.047230276459;9712.789948995710;12805.715992083906,false,0
91,2,32763,G1_CMAX,[4, 19, 0, 5, 6, 16, 3, 9, 10, 17, 2, 15, 13, 1, 7, 12, 11, 14, 18, 8]|[1, 1, 1, 2, 2, 0, 1, 0, 2, 0, 2, 0, 2, 1, 1, 1, 2, 1, 0, 0]|[0, 1, 1, 0, 0, 3, 0, 3, 0, 0, 0, 3, 0, 1, 1, 1, 1, 0, 0, 3]|[0, 1, 1, 0, 1, 1, 1, 2, 0, 0, 1, 2, 1, 0, 1, 0, 0, 1, 0, 2],219.230869521032;10499.917324754322;16883.776212226190,false,0
91,2,32763,G4_BALANCED,[6, 19, 12, 5, 4, 16, 3, 9, 10, 17, 2, 18, 13, 1, 7, 11, 8, 15, 14, 0]|[2, 1, 1, 2, 1, 0, 0, 2, 2, 0, 2, 0, 0, 1, 1, 2, 0, 1, 1, 0]|[0, 1, 1, 0, 0, 3, 3, 1, 0, 0, 0, 0, 3, 1, 0, 0, 0, 0, 0, 3]|[1, 1, 1, 0, 1, 2, 2, 1, 0, 0, 1, 1, 2, 0, 1, 0, 0, 1, 1, 2],229.242178490841;10284.787227116976;17053.110524402167,false,0
91,2,32763,G2_TEC,[6, 19, 12, 5, 4, 18, 3, 11, 15, 8, 14, 2, 17, 7, 10, 13, 9, 1, 16, 0]|[2, 2, 0, 1, 2, 1, 1, 0, 0, 2, 2, 1, 0, 1, 0, 0, 0, 0, 0, 0]|[0, 0, 3, 1, 0, 1, 1, 3, 3, 0, 0, 1, 3, 1, 3, 3, 3, 3, 3, 3]|[1, 0, 0, 1, 1, 1, 1, 2, 0, 1, 0, 1, 1, 1, 0, 2, 0, 2, 0, 0],390.981951864693;8952.816300502729;13979.725355487366,false,0
91,2,32763,G3_TWC,[6, 19, 12, 5, 4, 16, 3, 11, 15, 7, 2, 9, 8, 0, 17, 13, 14, 10, 18, 1]|[2, 2, 0, 1, 0, 0, 2, 2, 1, 1, 1, 0, 2, 0, 0, 0, 0, 0, 0, 0]|[0, 0, 2, 1, 3, 3, 0, 0, 0, 1, 1, 3, 0, 3, 3, 0, 3, 3, 3, 3]|[1, 0, 1, 0, 2, 0, 1, 0, 1, 1, 1, 1, 1, 2, 1, 2, 0, 2, 1, 1],409.047230276459;9712.789948995710;12805.715992083906,false,0
92,2,32863,G1_CMAX,[4, 19, 0, 5, 6, 16, 3, 9, 10, 17, 2, 15, 13, 1, 7, 12, 11, 14, 18, 8]|[1, 1, 1, 2, 2, 0, 1, 0, 2, 0, 2, 0, 2, 1, 1, 1, 2, 1, 0, 0]|[0, 1, 1, 0, 0, 3, 0, 3, 0, 0, 0, 3, 0, 1, 1, 1, 1, 0, 0, 3]|[0, 1, 1, 0, 1, 1, 1, 2, 0, 0, 1, 2, 1, 0, 1, 0, 0, 1, 0, 2],219.230869521032;10499.917324754322;16883.776212226190,false,0
92,2,32863,G4_BALANCED,[6, 19, 12, 5, 4, 16, 3, 9, 10, 17, 2, 18, 13, 1, 7, 11, 8, 15, 14, 0]|[2, 1, 1, 2, 1, 0, 0, 2, 2, 0, 2, 0, 0, 1, 1, 2, 0, 1, 1, 0]|[0, 1, 1, 0, 0, 3, 3, 1, 0, 0, 0, 0, 3, 1, 0, 0, 0, 0, 0, 3]|[1, 1, 1, 0, 1, 2, 2, 1, 0, 0, 1, 1, 2, 0, 1, 0, 0, 1, 1, 2],229.242178490841;10284.787227116976;17053.110524402167,false,0
92,2,32863,G2_TEC,[6, 19, 12, 5, 4, 18, 3, 11, 15, 8, 14, 2, 17, 7, 10, 13, 9, 1, 16, 0]|[2, 2, 0, 1, 2, 1, 1, 0, 0, 2, 2, 1, 0, 1, 0, 0, 0, 0, 0, 0]|[0, 0, 3, 1, 0, 1, 1, 3, 3, 0, 0, 1, 3, 1, 3, 3, 3, 3, 3, 3]|[1, 0, 0, 1, 1, 1, 1, 2, 0, 1, 0, 1, 1, 1, 0, 2, 0, 2, 0, 0],390.981951864693;8952.816300502729;13979.725355487366,false,0
92,2,32863,G3_TWC,[6, 19, 12, 5, 4, 16, 3, 11, 15, 7, 2, 9, 8, 0, 17, 13, 14, 10, 18, 1]|[2, 2, 0, 1, 0, 0, 2, 2, 1, 1, 1, 0, 2, 0, 0, 0, 0, 0, 0, 0]|[0, 0, 2, 1, 3, 3, 0, 0, 0, 1, 1, 3, 0, 3, 3, 0, 3, 3, 3, 3]|[1, 0, 1, 0, 2, 0, 1, 0, 1, 1, 1, 1, 1, 2, 1, 2, 0, 2, 1, 1],409.047230276459;9712.789948995710;12805.715992083906,false,0
93,2,32963,G1_CMAX,[4, 19, 0, 5, 6, 16, 3, 9, 10, 17, 2, 15, 13, 1, 7, 12, 11, 14, 18, 8]|[1, 1, 1, 2, 2, 0, 1, 0, 2, 0, 2, 0, 2, 1, 1, 1, 2, 1, 0, 0]|[0, 1, 1, 0, 0, 3, 0, 3, 0, 0, 0, 3, 0, 1, 1, 1, 1, 0, 0, 3]|[0, 1, 1, 0, 1, 1, 1, 2, 0, 0, 1, 2, 1, 0, 1, 0, 0, 1, 0, 2],219.230869521032;10499.917324754322;16883.776212226190,false,0
93,2,32963,G4_BALANCED,[6, 19, 12, 5, 4, 16, 3, 9, 10, 17, 2, 18, 13, 1, 7, 11, 8, 15, 14, 0]|[2, 1, 1, 2, 1, 0, 0, 2, 2, 0, 2, 0, 0, 1, 1, 2, 0, 1, 1, 0]|[0, 1, 1, 0, 0, 3, 3, 1, 0, 0, 0, 0, 3, 1, 0, 0, 0, 0, 0, 3]|[1, 1, 1, 0, 1, 2, 2, 1, 0, 0, 1, 1, 2, 0, 1, 0, 0, 1, 1, 2],229.242178490841;10284.787227116976;17053.110524402167,false,0
93,2,32963,G2_TEC,[6, 19, 12, 5, 2, 16, 1, 11, 15, 7, 4, 8, 13, 17, 10, 14, 3, 18, 9, 0]|[2, 2, 0, 1, 2, 1, 0, 1, 0, 0, 2, 2, 0, 0, 1, 0, 0, 1, 0, 0]|[1, 0, 3, 1, 0, 1, 3, 1, 3, 3, 0, 0, 0, 3, 0, 3, 3, 1, 3, 3]|[1, 0, 0, 0, 1, 1, 2, 1, 0, 2, 1, 1, 2, 0, 1, 2, 0, 1, 0, 2],326.883357282732;9473.839483380480;15134.167593732365,false,0
93,2,32963,G3_TWC,[6, 19, 12, 5, 4, 16, 3, 11, 15, 7, 2, 9, 8, 0, 17, 13, 14, 10, 18, 1]|[2, 2, 0, 1, 0, 0, 2, 2, 1, 1, 1, 0, 2, 0, 0, 0, 0, 0, 0, 0]|[0, 0, 2, 1, 3, 3, 0, 0, 0, 1, 1, 3, 0, 3, 3, 0, 3, 3, 3, 3]|[1, 0, 1, 0, 2, 0, 1, 0, 1, 1, 1, 1, 1, 2, 1, 2, 0, 2, 1, 1],409.047230276459;9712.789948995710;12805.715992083906,false,0
94,2,33063,G1_CMAX,[4, 19, 0, 5, 6, 16, 3, 9, 10, 17, 2, 15, 13, 1, 7, 12, 11, 14, 18, 8]|[1, 1, 1, 2, 2, 0, 1, 0, 2, 0, 2, 0, 2, 1, 1, 1, 2, 1, 0, 0]|[0, 1, 1, 0, 0, 3, 0, 3, 0, 0, 0, 3, 0, 1, 1, 1, 1, 0, 0, 3]|[0, 1, 1, 0, 1, 1, 1, 2, 0, 0, 1, 2, 1, 0, 1, 0, 0, 1, 0, 2],219.230869521032;10499.917324754322;16883.776212226190,false,0
94,2,33063,G4_BALANCED,[6, 19, 12, 5, 4, 16, 3, 9, 10, 17, 2, 18, 13, 1, 7, 11, 8, 15, 14, 0]|[2, 1, 1, 2, 1, 0, 0, 2, 2, 0, 2, 0, 0, 1, 1, 2, 0, 1, 1, 0]|[0, 1, 1, 0, 0, 3, 3, 1, 0, 0, 0, 0, 3, 1, 0, 0, 0, 0, 0, 3]|[1, 1, 1, 0, 1, 2, 2, 1, 0, 0, 1, 1, 2, 0, 1, 0, 0, 1, 1, 2],229.242178490841;10284.787227116976;17053.110524402167,false,0
94,2,33063,G2_TEC,[6, 19, 12, 5, 4, 18, 3, 11, 15, 8, 14, 2, 17, 7, 10, 13, 9, 1, 16, 0]|[2, 2, 0, 1, 2, 1, 1, 0, 0, 2, 2, 1, 0, 1, 0, 0, 0, 0, 0, 0]|[0, 0, 3, 1, 0, 1, 1, 3, 3, 0, 0, 1, 3, 1, 3, 3, 3, 3, 3, 3]|[1, 0, 0, 1, 1, 1, 1, 2, 0, 1, 0, 1, 1, 1, 0, 2, 0, 2, 0, 0],390.981951864693;8952.816300502729;13979.725355487366,false,0
94,2,33063,G3_TWC,[6, 19, 12, 5, 4, 16, 3, 11, 15, 7, 2, 9, 8, 0, 17, 13, 14, 10, 18, 1]|[2, 2, 0, 1, 0, 0, 2, 2, 1, 1, 1, 0, 2, 0, 0, 0, 0, 0, 0, 0]|[0, 0, 2, 1, 3, 3, 0, 0, 0, 1, 1, 3, 0, 3, 3, 0, 3, 3, 3, 3]|[1, 0, 1, 0, 2, 0, 1, 0, 1, 1, 1, 1, 1, 2, 1, 2, 0, 2, 1, 1],409.047230276459;9712.789948995710;12805.715992083906,false,0
95,2,33163,G1_CMAX,[4, 19, 0, 5, 6, 16, 3, 9, 10, 17, 2, 15, 13, 1, 7, 12, 11, 14, 18, 8]|[1, 1, 1, 2, 2, 0, 1, 0, 2, 0, 2, 0, 2, 1, 1, 1, 2, 1, 0, 0]|[0, 1, 1, 0, 0, 3, 0, 3, 0, 0, 0, 3, 0, 1, 1, 1, 1, 0, 0, 3]|[0, 1, 1, 0, 1, 1, 1, 2, 0, 0, 1, 2, 1, 0, 1, 0, 0, 1, 0, 2],219.230869521032;10499.917324754322;16883.776212226190,false,0
95,2,33163,G4_BALANCED,[6, 19, 12, 5, 4, 16, 3, 9, 10, 17, 2, 18, 13, 1, 7, 11, 8, 15, 14, 0]|[2, 1, 1, 2, 1, 0, 0, 2, 2, 0, 2, 0, 0, 1, 1, 2, 0, 1, 1, 0]|[0, 1, 1, 0, 0, 3, 3, 1, 0, 0, 0, 0, 3, 1, 0, 0, 0, 0, 0, 3]|[1, 1, 1, 0, 1, 2, 2, 1, 0, 0, 1, 1, 2, 0, 1, 0, 0, 1, 1, 2],229.242178490841;10284.787227116976;17053.110524402167,false,0
95,2,33163,G2_TEC,[6, 19, 12, 5, 4, 18, 3, 11, 15, 8, 14, 2, 17, 7, 10, 13, 9, 1, 16, 0]|[2, 2, 0, 1, 2, 1, 1, 0, 0, 2, 2, 1, 0, 1, 0, 0, 0, 0, 0, 0]|[0, 0, 3, 1, 0, 1, 1, 3, 3, 0, 0, 1, 3, 1, 3, 3, 3, 3, 3, 3]|[1, 0, 0, 1, 1, 1, 1, 2, 0, 1, 0, 1, 1, 1, 0, 2, 0, 2, 0, 0],390.981951864693;8952.816300502729;13979.725355487366,false,0
95,2,33163,G3_TWC,[6, 19, 12, 5, 4, 16, 3, 11, 15, 7, 2, 9, 8, 0, 17, 13, 14, 10, 18, 1]|[2, 2, 0, 1, 0, 0, 2, 2, 1, 1, 1, 0, 2, 0, 0, 0, 0, 0, 0, 0]|[0, 0, 2, 1, 3, 3, 0, 0, 0, 1, 1, 3, 0, 3, 3, 0, 3, 3, 3, 3]|[1, 0, 1, 0, 2, 0, 1, 0, 1, 1, 1, 1, 1, 2, 1, 2, 0, 2, 1, 1],409.047230276459;9712.789948995710;12805.715992083906,false,0
96,2,33263,G1_CMAX,[10, 12, 19, 5, 4, 3, 9, 15, 6, 17, 2, 18, 13, 14, 16, 0, 7, 1, 11, 8]|[2, 1, 1, 2, 1, 1, 0, 0, 2, 0, 2, 0, 2, 1, 0, 1, 1, 1, 2, 0]|[0, 1, 1, 0, 0, 0, 3, 3, 0, 0, 0, 0, 0, 0, 3, 1, 0, 1, 1, 0]|[1, 1, 1, 1, 0, 1, 2, 2, 0, 0, 1, 0, 1, 1, 1, 0, 1, 0, 0, 0],208.473158872305;10919.785332471418;17644.432264830648,false,0
96,2,33263,G4_BALANCED,[6, 19, 12, 5, 4, 18, 7, 2, 16, 8, 14, 9, 17, 3, 13, 11, 10, 0, 15, 1]|[2, 2, 1, 0, 2, 0, 0, 1, 1, 2, 0, 0, 0, 2, 0, 0, 1, 0, 0, 0]|[0, 0, 1, 3, 0, 3, 3, 1, 1, 0, 3, 3, 3, 0, 3, 3, 1, 3, 3, 3]|[1, 0, 1, 0, 1, 0, 2, 1, 1, 1, 2, 0, 0, 1, 2, 2, 1, 0, 0, 2],440.502907987644;8733.136636177962;13832.210083540296,false,0
96,2,33263,G2_TEC,[6, 19, 12, 5, 4, 18, 3, 11, 15, 8, 14, 2, 17, 7, 10, 13, 9, 1, 16, 0]|[2, 2, 0, 1, 2, 1, 1, 0, 0, 2, 2, 1, 0, 1, 0, 0, 0, 0, 0, 0]|[0, 0, 3, 1, 0, 1, 1, 3, 3, 0, 0, 1, 3, 1, 3, 3, 3, 3, 3, 3]|[1, 0, 0, 1, 1, 1, 1, 2, 0, 1, 0, 1, 1, 1, 0, 2, 0, 2, 0, 0],390.981951864693;8952.816300502729;13979.725355487366,false,0
96,2,33263,G3_TWC,[6, 19, 12, 5, 4, 16, 3, 11, 15, 7, 2, 9, 8, 0, 17, 13, 14, 10, 18, 1]|[2, 2, 0, 1, 0, 0, 2, 2, 1, 1, 1, 0, 2, 0, 0, 0, 0, 0, 0, 0]|[0, 0, 2, 1, 3, 3, 0, 0, 0, 1, 1, 3, 0, 3, 3, 0, 3, 3, 3, 3]|[1, 0, 1, 0, 2, 0, 1, 0, 1, 1, 1, 1, 1, 2, 1, 2, 0, 2, 1, 1],409.047230276459;9712.789948995710;12805.715992083906,false,0
97,2,33363,G1_CMAX,[6, 19, 12, 5, 4, 16, 3, 9, 10, 17, 2, 18, 13, 1, 7, 0, 11, 14, 8, 15]|[1, 1, 1, 2, 2, 0, 1, 2, 2, 0, 2, 0, 0, 1, 1, 0, 2, 1, 0, 1]|[0, 1, 1, 0, 0, 3, 0, 1, 0, 0, 0, 3, 3, 1, 0, 3, 1, 0, 0, 0]|[0, 1, 1, 0, 1, 2, 1, 1, 0, 0, 1, 2, 2, 0, 1, 2, 0, 1, 0, 1],221.500237635659;10602.217896987277;16372.624553255364,false,0
97,2,33363,G4_BALANCED,[6, 19, 12, 5, 4, 16, 3, 9, 10, 17, 2, 18, 13, 1, 7, 11, 8, 15, 14, 0]|[2, 1, 1, 2, 1, 0, 0, 2, 2, 0, 2, 0, 0, 1, 1, 2, 0, 1, 1, 0]|[0, 1, 1, 0, 0, 3, 3, 1, 0, 0, 0, 0, 3, 1, 0, 0, 0, 0, 0, 3]|[1, 1, 1, 0, 1, 2, 2, 1, 0, 0, 1, 1, 2, 0, 1, 0, 0, 1, 1, 2],229.242178490841;10284.787227116976;17053.110524402167,false,0
97,2,33363,G2_TEC,[6, 19, 12, 5, 4, 18, 3, 11, 15, 8, 14, 2, 17, 7, 10, 13, 9, 1, 16, 0]|[2, 2, 0, 1, 2, 1, 1, 0, 0, 2, 2, 1, 0, 1, 0, 0, 0, 0, 0, 0]|[0, 0, 3, 1, 0, 1, 1, 3, 3, 0, 0, 1, 3, 1, 3, 3, 3, 3, 3, 3]|[1, 0, 0, 1, 1, 1, 1, 2, 0, 1, 0, 1, 1, 1, 0, 2, 0, 2, 0, 0],390.981951864693;8952.816300502729;13979.725355487366,false,0
97,2,33363,G3_TWC,[6, 19, 12, 5, 4, 16, 3, 11, 15, 7, 2, 9, 8, 0, 17, 13, 14, 10, 18, 1]|[2, 2, 0, 1, 0, 0, 2, 2, 1, 1, 1, 0, 2, 0, 0, 0, 0, 0, 0, 0]|[0, 0, 2, 1, 3, 3, 0, 0, 0, 1, 1, 3, 0, 3, 3, 0, 3, 3, 3, 3]|[1, 0, 1, 0, 2, 0, 1, 0, 1, 1, 1, 1, 1, 2, 1, 2, 0, 2, 1, 1],409.047230276459;9712.789948995710;12805.715992083906,false,0
98,2,33463,G1_CMAX,[6, 19, 12, 5, 2, 16, 3, 9, 10, 17, 4, 8, 13, 18, 14, 15, 11, 0, 1, 7]|[2, 1, 1, 2, 2, 1, 1, 0, 1, 0, 2, 0, 0, 1, 2, 0, 2, 0, 0, 0]|[1, 1, 1, 0, 0, 1, 0, 3, 0, 3, 0, 0, 3, 1, 0, 3, 0, 3, 0, 3]|[1, 1, 1, 0, 1, 1, 1, 1, 1, 1, 1, 0, 2, 0, 1, 2, 0, 0, 1, 2],245.063627386961;10010.471309560115;16800.477209144230,false,0
98,2,33463,G4_BALANCED,[6, 19, 12, 5, 4, 16, 3, 9, 10, 17, 2, 18, 13, 1, 7, 11, 8, 15, 14, 0]|[2, 1, 1, 2, 1, 0, 0, 2, 2, 0, 2, 0, 0, 1, 1, 2, 0, 1, 1, 0]|[0, 1, 1, 0, 0, 3, 3, 1, 0, 0, 0, 0, 3, 1, 0, 0, 0, 0, 0, 3]|[1, 1, 1, 0, 1, 2, 2, 1, 0, 0, 1, 1, 2, 0, 1, 0, 0, 1, 1, 2],229.242178490841;10284.787227116976;17053.110524402167,false,0
98,2,33463,G2_TEC,[6, 19, 12, 5, 4, 18, 3, 11, 15, 8, 14, 2, 17, 7, 10, 13, 9, 1, 16, 0]|[2, 2, 0, 1, 2, 1, 1, 0, 0, 2, 2, 1, 0, 1, 0, 0, 0, 0, 0, 0]|[0, 0, 3, 1, 0, 1, 1, 3, 3, 0, 0, 1, 3, 1, 3, 3, 3, 3, 3, 3]|[1, 0, 0, 1, 1, 1, 1, 2, 0, 1, 0, 1, 1, 1, 0, 2, 0, 2, 0, 0],390.981951864693;8952.816300502729;13979.725355487366,false,0
98,2,33463,G3_TWC,[6, 19, 12, 5, 4, 16, 3, 11, 15, 7, 2, 9, 8, 0, 17, 13, 14, 10, 18, 1]|[2, 2, 0, 1, 0, 0, 2, 2, 1, 1, 1, 0, 2, 0, 0, 0, 0, 0, 0, 0]|[0, 0, 2, 1, 3, 3, 0, 0, 0, 1, 1, 3, 0, 3, 3, 0, 3, 3, 3, 3]|[1, 0, 1, 0, 2, 0, 1, 0, 1, 1, 1, 1, 1, 2, 1, 2, 0, 2, 1, 1],409.047230276459;9712.789948995710;12805.715992083906,false,0
99,2,33563,G1_CMAX,[6, 19, 12, 5, 2, 16, 3, 9, 10, 17, 4, 8, 13, 18, 14, 15, 11, 0, 1, 7]|[2, 1, 1, 2, 2, 1, 1, 0, 1, 0, 2, 0, 0, 1, 2, 0, 2, 0, 0, 0]|[1, 1, 1, 0, 0, 1, 0, 3, 0, 3, 0, 0, 3, 1, 0, 3, 0, 3, 0, 3]|[1, 1, 1, 0, 1, 1, 1, 1, 1, 1, 1, 0, 2, 0, 1, 2, 0, 0, 1, 2],245.063627386961;10010.471309560115;16800.477209144230,false,0
99,2,33563,G4_BALANCED,[6, 19, 12, 5, 4, 16, 3, 9, 10, 17, 2, 18, 13, 1, 7, 11, 8, 15, 14, 0]|[2, 1, 1, 2, 1, 0, 0, 2, 2, 0, 2, 0, 0, 1, 1, 2, 0, 1, 1, 0]|[0, 1, 1, 0, 0, 3, 3, 1, 0, 0, 0, 0, 3, 1, 0, 0, 0, 0, 0, 3]|[1, 1, 1, 0, 1, 2, 2, 1, 0, 0, 1, 1, 2, 0, 1, 0, 0, 1, 1, 2],229.242178490841;10284.787227116976;17053.110524402167,false,0
99,2,33563,G2_TEC,[6, 19, 12, 5, 4, 18, 3, 11, 15, 8, 14, 2, 17, 7, 10, 13, 9, 1, 16, 0]|[2, 2, 0, 1, 2, 1, 1, 0, 0, 2, 2, 1, 0, 1, 0, 0, 0, 0, 0, 0]|[0, 0, 3, 1, 0, 1, 1, 3, 3, 0, 0, 1, 3, 1, 3, 3, 3, 3, 3, 3]|[1, 0, 0, 1, 1, 1, 1, 2, 0, 1, 0, 1, 1, 1, 0, 2, 0, 2, 0, 0],390.981951864693;8952.816300502729;13979.725355487366,false,0
99,2,33563,G3_TWC,[6, 19, 12, 5, 4, 16, 3, 11, 15, 7, 2, 9, 8, 0, 17, 13, 14, 10, 18, 1]|[2, 2, 0, 1, 0, 0, 2, 2, 1, 1, 1, 0, 2, 0, 0, 0, 0, 0, 0, 0]|[0, 0, 2, 1, 3, 3, 0, 0, 0, 1, 1, 3, 0, 3, 3, 0, 3, 3, 3, 3]|[1, 0, 1, 0, 2, 0, 1, 0, 1, 1, 1, 1, 1, 2, 1, 2, 0, 2, 1, 1],409.047230276459;9712.789948995710;12805.715992083906,false,0
100,2,33663,G1_CMAX,[6, 19, 12, 5, 4, 16, 3, 7, 15, 14, 17, 18, 13, 8, 10, 0, 11, 2, 1, 9]|[2, 2, 1, 1, 1, 0, 2, 1, 2, 0, 0, 1, 2, 2, 0, 0, 1, 1, 0, 0]|[0, 0, 1, 1, 1, 3, 0, 1, 0, 3, 3, 1, 0, 0, 3, 3, 1, 1, 3, 3]|[1, 1, 1, 0, 1, 2, 0, 1, 0, 0, 1, 1, 1, 1, 2, 0, 1, 1, 2, 0],296.178637760495;9142.371386131252;19002.936024387210,false,0
100,2,33663,G4_BALANCED,[6, 19, 12, 5, 4, 16, 3, 9, 10, 17, 2, 18, 13, 1, 7, 11, 8, 15, 14, 0]|[2, 1, 1, 2, 1, 0, 0, 2, 2, 0, 2, 0, 0, 1, 1, 2, 0, 1, 1, 0]|[0, 1, 1, 0, 0, 3, 3, 1, 0, 0, 0, 0, 3, 1, 0, 0, 0, 0, 0, 3]|[1, 1, 1, 0, 1, 2, 2, 1, 0, 0, 1, 1, 2, 0, 1, 0, 0, 1, 1, 2],229.242178490841;10284.787227116976;17053.110524402167,false,0
100,2,33663,G2_TEC,[6, 19, 12, 5, 4, 18, 3, 11, 15, 8, 14, 2, 17, 7, 10, 13, 9, 1, 16, 0]|[2, 2, 0, 1, 2, 1, 1, 0, 0, 2, 2, 1, 0, 1, 0, 0, 0, 0, 0, 0]|[0, 0, 3, 1, 0, 1, 1, 3, 3, 0, 0, 1, 3, 1, 3, 3, 3, 3, 3, 3]|[1, 0, 0, 1, 1, 1, 1, 2, 0, 1, 0, 1, 1, 1, 0, 2, 0, 2, 0, 0],390.981951864693;8952.816300502729;13979.725355487366,false,0
100,2,33663,G3_TWC,[6, 19, 12, 5, 4, 16, 3, 11, 15, 7, 2, 9, 8, 0, 17, 13, 14, 10, 18, 1]|[2, 2, 0, 1, 0, 0, 2, 2, 1, 1, 1, 0, 2, 0, 0, 0, 0, 0, 0, 0]|[0, 0, 2, 1, 3, 3, 0, 0, 0, 1, 1, 3, 0, 3, 3, 0, 3, 3, 3, 3]|[1, 0, 1, 0, 2, 0, 1, 0, 1, 1, 1, 1, 1, 2, 1, 2, 0, 2, 1, 1],409.047230276459;9712.789948995710;12805.715992083906,false,0
