CONFIG
semanticTag=published_baseline
population=10
subSwarms=[2, 2, 2, 4]
rUpper=0.6
crossover=[0.2, 0.5, 0.5]
mutation=[0.08, 0.15, 0.25]
qTimes=2
localSearchTimes=1
gamma=0.8
epsilon=0.8
alpha=1.0
alphaProvenance=author_actual_compatibility
maxEvaluations=2000
seed=20260808

INITIAL:index=0,fe=1,objectives=[285.76168471526654,10039.891098079874,11912.435897435897]
INITIAL:index=1,fe=2,objectives=[288.7231382818302,11435.162677858923,11999.01764901765]
INITIAL:index=2,fe=3,objectives=[287.83549492545956,10550.69365220322,12272.937062937059]
INITIAL:index=3,fe=4,objectives=[200.8907297570399,9510.234904074801,12054.845154845152]
INITIAL:index=4,fe=5,objectives=[332.1530883311536,10383.859723170879,12313.887778887776]
INITIAL:index=5,fe=6,objectives=[266.8316895327978,11007.50442711517,12039.112554112551]
INITIAL:index=6,fe=7,objectives=[340.76144951701457,10880.061104480314,12068.83283383283]
INITIAL:index=7,fe=8,objectives=[357.86926071751844,10257.160934896943,12327.365967365964]
INITIAL:index=8,fe=9,objectives=[297.818469472649,9937.419602047745,11793.118548118546]
INITIAL:index=9,fe=10,objectives=[245.83456817549575,9721.46922245471,12244.067599067599]
GROUP:g=0,name=G1_CMAX,members=JS=[13, 14, 3, 11, 9, 15, 1, 17, 8, 4, 16, 19, 10, 7, 12, 6, 18, 2, 0, 5]|FA=[2, 0, 1, 2, 2, 2, 0, 2, 0, 0, 1, 0, 1, 2, 1, 1, 0, 1, 1, 2]|MA=[0, 0, 0, 1, 1, 0, 2, 0, 3, 2, 1, 3, 1, 0, 0, 0, 1, 1, 0, 1]|WA=[0, 2, 1, 0, 0, 1, 1, 1, 2, 2, 1, 1, 0, 0, 1, 1, 2, 0, 0, 1]@[200.8907297570399,9510.234904074801,12054.845154845152];JS=[18, 10, 9, 16, 13, 3, 8, 17, 14, 6, 15, 5, 1, 0, 4, 12, 19, 2, 11, 7]|FA=[0, 0, 0, 2, 2, 1, 2, 1, 2, 0, 0, 1, 0, 1, 1, 0, 0, 1, 0, 1]|MA=[1, 3, 3, 0, 1, 0, 0, 0, 0, 3, 2, 0, 1, 0, 0, 2, 0, 1, 2, 1]|WA=[0, 0, 0, 0, 1, 1, 1, 0, 1, 2, 1, 1, 2, 1, 1, 1, 0, 1, 1, 0]@[245.83456817549575,9721.46922245471,12244.067599067599];
GROUP:g=0,name=G2_TEC,members=JS=[13, 14, 3, 11, 9, 15, 1, 17, 8, 4, 16, 19, 10, 7, 12, 6, 18, 2, 0, 5]|FA=[2, 0, 1, 2, 2, 2, 0, 2, 0, 0, 1, 0, 1, 2, 1, 1, 0, 1, 1, 2]|MA=[0, 0, 0, 1, 1, 0, 2, 0, 3, 2, 1, 3, 1, 0, 0, 0, 1, 1, 0, 1]|WA=[0, 2, 1, 0, 0, 1, 1, 1, 2, 2, 1, 1, 0, 0, 1, 1, 2, 0, 0, 1]@[200.8907297570399,9510.234904074801,12054.845154845152];JS=[18, 10, 9, 16, 13, 3, 8, 17, 14, 6, 15, 5, 1, 0, 4, 12, 19, 2, 11, 7]|FA=[0, 0, 0, 2, 2, 1, 2, 1, 2, 0, 0, 1, 0, 1, 1, 0, 0, 1, 0, 1]|MA=[1, 3, 3, 0, 1, 0, 0, 0, 0, 3, 2, 0, 1, 0, 0, 2, 0, 1, 2, 1]|WA=[0, 0, 0, 0, 1, 1, 1, 0, 1, 2, 1, 1, 2, 1, 1, 1, 0, 1, 1, 0]@[245.83456817549575,9721.46922245471,12244.067599067599];
GROUP:g=0,name=G3_TWC,members=JS=[16, 8, 6, 7, 9, 13, 18, 4, 17, 11, 12, 0, 15, 3, 2, 19, 10, 14, 1, 5]|FA=[1, 2, 2, 0, 0, 2, 2, 2, 0, 1, 0, 1, 1, 2, 1, 1, 0, 1, 2, 2]|MA=[1, 0, 1, 0, 3, 0, 0, 1, 2, 0, 1, 1, 1, 0, 1, 1, 0, 1, 0, 1]|WA=[1, 1, 1, 1, 0, 1, 1, 0, 2, 0, 2, 1, 1, 0, 0, 1, 2, 0, 0, 0]@[297.818469472649,9937.419602047745,11793.118548118546];JS=[13, 5, 9, 4, 15, 8, 17, 12, 11, 14, 18, 1, 10, 6, 16, 3, 0, 2, 19, 7]|FA=[2, 1, 1, 1, 2, 2, 2, 2, 2, 2, 0, 2, 1, 2, 0, 1, 1, 0, 1, 0]|MA=[0, 1, 0, 0, 0, 1, 1, 1, 0, 0, 1, 1, 0, 0, 2, 1, 0, 3, 1, 0]|WA=[1, 0, 0, 1, 0, 1, 0, 1, 1, 0, 2, 0, 1, 1, 1, 0, 0, 1, 0, 2]@[285.76168471526654,10039.891098079874,11912.435897435897];
GROUP:g=0,name=G4_CENTER,members=JS=[13, 14, 3, 11, 9, 15, 1, 17, 8, 4, 16, 19, 10, 7, 12, 6, 18, 2, 0, 5]|FA=[2, 0, 1, 2, 2, 2, 0, 2, 0, 0, 1, 0, 1, 2, 1, 1, 0, 1, 1, 2]|MA=[0, 0, 0, 1, 1, 0, 2, 0, 3, 2, 1, 3, 1, 0, 0, 0, 1, 1, 0, 1]|WA=[0, 2, 1, 0, 0, 1, 1, 1, 2, 2, 1, 1, 0, 0, 1, 1, 2, 0, 0, 1]@[200.8907297570399,9510.234904074801,12054.845154845152];JS=[13, 5, 9, 4, 15, 8, 17, 12, 11, 14, 18, 1, 10, 6, 16, 3, 0, 2, 19, 7]|FA=[2, 1, 1, 1, 2, 2, 2, 2, 2, 2, 0, 2, 1, 2, 0, 1, 1, 0, 1, 0]|MA=[0, 1, 0, 0, 0, 1, 1, 1, 0, 0, 1, 1, 0, 0, 2, 1, 0, 3, 1, 0]|WA=[1, 0, 0, 1, 0, 1, 0, 1, 1, 0, 2, 0, 1, 1, 1, 0, 0, 1, 0, 2]@[285.76168471526654,10039.891098079874,11912.435897435897];JS=[16, 8, 6, 7, 9, 13, 18, 4, 17, 11, 12, 0, 15, 3, 2, 19, 10, 14, 1, 5]|FA=[1, 2, 2, 0, 0, 2, 2, 2, 0, 1, 0, 1, 1, 2, 1, 1, 0, 1, 2, 2]|MA=[1, 0, 1, 0, 3, 0, 0, 1, 2, 0, 1, 1, 1, 0, 1, 1, 0, 1, 0, 1]|WA=[1, 1, 1, 1, 0, 1, 1, 0, 2, 0, 2, 1, 1, 0, 0, 1, 2, 0, 0, 0]@[297.818469472649,9937.419602047745,11793.118548118546];JS=[3, 1, 18, 19, 12, 14, 7, 9, 2, 10, 15, 13, 17, 0, 8, 5, 6, 16, 11, 4]|FA=[2, 0, 2, 0, 1, 0, 0, 0, 2, 0, 2, 1, 2, 2, 0, 0, 2, 2, 0, 2]|MA=[0, 0, 1, 2, 0, 0, 0, 0, 0, 2, 1, 0, 0, 1, 1, 2, 0, 1, 1, 0]|WA=[1, 1, 0, 2, 0, 2, 0, 0, 0, 2, 1, 0, 1, 1, 1, 0, 1, 1, 2, 0]@[266.8316895327978,11007.50442711517,12039.112554112551];
OP:JS_INITIAL_SWAP:4:18
OP:JS_GUIDE:PBEST:r=0.5447885478614133:pairs=[(4,18)]
OP:JS_GUIDE:QGBEST:r=0.15199703331399086:pairs=[(4,18)]
OP:MA_MUTATE:8:3:2
OP:JS_INITIAL_SWAP:6:17
OP:JS_GUIDE:PBEST:r=0.0684177178828049:pairs=[(6,17)]
OP:JS_GUIDE:QGBEST:r=0.4927655350261007:pairs=[(0,4), (1,8), (2,5), (3,18), (4,5), (5,10), (6,12), (8,17), (9,14), (10,18), (11,16), (12,17), (13,19), (14,15), (16,18), (18,19)]
OP:REPAIR:WA:8:2:1:[0,1]
Q:g=0,group=G1_CMAX,round=0,state=0,action=1,reward=-15.893118185644596,nextState=1,phase=BEFORE_LOCAL_SEARCH
OP:JS_INITIAL_SWAP:12:12
OP:JS_GUIDE:PBEST:r=0.1929400744744504:pairs=[(4,18)]
OP:JS_GUIDE:QGBEST:r=0.5800605746424745:pairs=[(4,18)]
OP:MA_MUTATE:5:0:1
OP:JS_INITIAL_SWAP:13:6
OP:JS_GUIDE:PBEST:r=0.5500087020449729:pairs=[(0,10), (1,8), (2,4), (3,18), (4,10), (5,10), (6,17), (12,13), (13,17)]
OP:JS_GUIDE:QGBEST:r=0.5348364062627178:pairs=[(0,10), (1,8), (2,4), (3,18), (6,13), (8,17), (9,14), (10,18), (11,16), (12,17), (13,19), (14,15), (16,18), (18,19)]
OP:REPAIR:MA:11:3:0:[0,1]
Q:g=0,group=G1_CMAX,round=1,state=1,action=1,reward=-10.117497453362219,nextState=1,phase=BEFORE_LOCAL_SEARCH
OP:JS_INITIAL_SWAP:18:15
OP:JS_GUIDE:PBEST:r=0.39767417274419326:pairs=[(15,18)]
OP:JS_GUIDE:QGBEST:r=0.15320952869681875:pairs=[(15,18)]
OP:JS_INITIAL_SWAP:11:9
OP:JS_GUIDE:PBEST:r=0.08522973152261501:pairs=[(9,11)]
OP:JS_GUIDE:QGBEST:r=0.22308515432092474:pairs=[(0,4), (1,8), (2,5), (3,18), (4,5), (5,10), (6,12), (8,12), (9,14), (10,18), (11,16), (13,19), (14,15), (15,16), (16,18), (18,19)]
OP:REPAIR:MA:10:2:1:[0,1]
OP:REPAIR:MA:15:2:0:[0,1]
OP:REPAIR:WA:12:2:1:[0,1]
OP:REPAIR:MA:10:2:0:[0,1]
OP:REPAIR:MA:15:2:1:[0,1]
Q:g=0,group=G2_TEC,round=0,state=0,action=1,reward=99.07223392563537,nextState=0,phase=BEFORE_LOCAL_SEARCH
OP:JS_INITIAL_SWAP:0:7
OP:JS_GUIDE:PBEST:r=0.24350151504531575:pairs=[(0,7), (15,18)]
OP:JS_GUIDE:QGBEST:r=0.5841418973736119:pairs=[(0,7), (15,18)]
OP:JS_INITIAL_SWAP:16:5
OP:JS_GUIDE:PBEST:r=0.4514972675213358:pairs=[(5,16)]
OP:JS_GUIDE:QGBEST:r=0.44305998590770573:pairs=[(3,18), (4,16), (5,10), (6,12), (8,12), (9,14), (10,18), (11,18), (13,19), (14,15), (15,18), (18,19)]
Q:g=0,group=G2_TEC,round=1,state=0,action=1,reward=-52.1754586818015,nextState=1,phase=BEFORE_LOCAL_SEARCH
OP:JS_INITIAL_SWAP:2:7
OP:JS_GUIDE:PBEST:r=0.2915596565126374:pairs=[(2,7)]
OP:JS_GUIDE:QGBEST:r=0.1901052092558239:pairs=[(2,7)]
OP:MA_MUTATE:13:0:1
OP:WA_MUTATE:12:1:0
OP:JS_INITIAL_SWAP:19:19
OP:JS_GUIDE:PBEST:r=0.1453084254754968:pairs=[]
OP:JS_GUIDE:QGBEST:r=0.42665579697802664:pairs=[(0,14), (1,5), (2,13), (3,19), (4,13), (5,14), (6,10), (7,19), (8,10), (9,10), (10,19), (11,16), (12,13), (13,15), (14,17), (15,18), (16,18), (17,19)]
OP:FA_MUTATE:10:0:0
OP:FA_SYNC_MA:10:1:3
OP:FA_SYNC_WA:10:2:1
OP:MA_MUTATE:10:1:1
Q:g=0,group=G3_TWC,round=0,state=0,action=1,reward=-101.32284382284342,nextState=1,phase=BEFORE_LOCAL_SEARCH
OP:JS_INITIAL_SWAP:1:9
OP:JS_GUIDE:PBEST:r=0.529267477875612:pairs=[(1,9), (2,7)]
OP:JS_GUIDE:QGBEST:r=0.2621260891670939:pairs=[(2,7)]
OP:JS_INITIAL_SWAP:2:13
OP:JS_GUIDE:PBEST:r=0.022228608291006768:pairs=[(0,5), (1,14), (2,4), (3,19), (5,14), (6,10)]
OP:JS_GUIDE:QGBEST:r=0.47222093942224286:pairs=[(2,13), (7,19), (8,10), (9,10), (10,19), (11,16), (12,13), (13,15), (14,17), (15,18), (16,18), (17,19)]
OP:REPAIR:MA:8:2:0:[0,1]
OP:MA_MUTATE:8:0:0
OP:WA_MUTATE:12:1:1
Q:g=0,group=G3_TWC,round=1,state=1,action=1,reward=85.17482517482495,nextState=0,phase=BEFORE_LOCAL_SEARCH
OP:JS_INITIAL_SWAP:12:17
OP:JS_GUIDE:PBEST:r=0.3019426826568474:pairs=[(12,17)]
OP:JS_GUIDE:QGBEST:r=0.024549814562301698:pairs=[(1,19), (2,4), (3,9), (4,5), (5,8), (6,7), (7,14), (8,9), (9,19), (10,16), (11,14), (12,17), (13,15), (14,16), (15,19), (16,18)]
OP:REPAIR:WA:10:2:0:[0,1]
OP:WA_MUTATE:15:1:0
OP:JS_INITIAL_SWAP:9:8
OP:JS_GUIDE:PBEST:r=0.5297415060878499:pairs=[(8,9)]
OP:JS_GUIDE:QGBEST:r=0.35302991740883216:pairs=[(8,9)]
OP:FA_MUTATE:10:0:2
OP:FA_SYNC_MA:10:1:0
OP:FA_SYNC_WA:10:2:1
OP:REPAIR:WA:10:2:1:[0,1]
OP:JS_INITIAL_SWAP:7:6
OP:JS_GUIDE:PBEST:r=0.4276629800044656:pairs=[(6,7)]
OP:JS_GUIDE:QGBEST:r=0.44068488641599474:pairs=[(0,5), (1,19), (2,4), (3,6), (4,12), (5,19), (6,8), (7,10), (8,9), (9,17), (11,18), (12,16), (13,16), (14,19), (15,16), (16,18), (17,19)]
OP:JS_INITIAL_SWAP:7:2
OP:JS_GUIDE:PBEST:r=0.09914967789736777:pairs=[(2,7)]
OP:JS_GUIDE:QGBEST:r=0.18323125088580342:pairs=[(0,11), (1,15), (3,19), (4,10), (5,14), (6,12), (7,10), (8,18), (9,14), (11,15), (12,14), (13,16), (14,17), (17,18), (18,19)]
OP:FA_MUTATE:14:0:1
OP:FA_SYNC_MA:14:1:0
OP:FA_SYNC_WA:14:1:0
OP:REPAIR:MA:14:2:1:[0,1]
Q:g=0,group=G4_CENTER,round=0,state=0,action=1,reward=-0.09324158600925492,nextState=1,phase=BEFORE_LOCAL_SEARCH
OP:JS_INITIAL_SWAP:10:10
OP:JS_GUIDE:PBEST:r=0.382879210059285:pairs=[(12,17)]
OP:JS_GUIDE:QGBEST:r=0.39448877551302275:pairs=[(1,19), (2,4), (3,9), (4,5), (5,8), (6,7), (7,14), (8,9), (9,19), (10,16), (11,14), (12,17), (13,15), (14,16), (15,19), (16,18)]
OP:WA_MUTATE:12:1:0
OP:JS_INITIAL_SWAP:19:11
OP:JS_GUIDE:PBEST:r=0.17111777766647346:pairs=[(11,19)]
OP:JS_GUIDE:QGBEST:r=0.06201661540382797:pairs=[(8,9), (11,19)]
OP:JS_INITIAL_SWAP:5:11
OP:JS_GUIDE:PBEST:r=0.5620729684997894:pairs=[(0,19), (1,11), (2,12), (3,8), (4,12), (5,19), (6,7), (7,8), (11,19)]
OP:JS_GUIDE:QGBEST:r=0.418468705859625:pairs=[(0,19), (1,11), (2,4), (3,8), (4,12), (5,11), (7,10), (8,9), (9,17), (11,18), (12,16), (13,16), (14,19), (15,16), (16,18), (17,19)]
OP:JS_INITIAL_SWAP:15:5
OP:JS_GUIDE:PBEST:r=0.014858402864184361:pairs=[(0,11), (1,5), (2,7), (5,15)]
OP:JS_GUIDE:QGBEST:r=0.0949504071257481:pairs=[(3,19), (4,10), (5,14), (6,12), (7,10), (8,18), (9,15), (11,14), (12,15), (13,16), (14,17), (15,17), (17,18), (18,19)]
OP:FA_MUTATE:13:2:1
OP:FA_SYNC_MA:13:0:0
OP:FA_SYNC_WA:13:1:1
OP:REPAIR:MA:14:2:0:[0,1]
OP:REPAIR:MA:17:3:0:[0,1]
Q:g=0,group=G4_CENTER,round=1,state=1,action=1,reward=-0.12515623293989753,nextState=1,phase=BEFORE_LOCAL_SEARCH
LS:g=0,op=CRITICAL_FACTORY_SWAP,accepted=true,fe=31,before=[221.12572466376434,9664.482945981403,11977.507492507488],after=[200.8907297570399,9504.922045711159,11890.064935064933]
LS:g=0,op=CRITICAL_FACTORY_INSERT,accepted=true,fe=32,before=[200.8907297570399,9504.922045711159,11890.064935064933],after=[200.8907297570399,9293.116177823851,12062.33766233766]
LS:g=0,op=O1_JS_INSERT,accepted=true,fe=33,before=[200.8907297570399,9293.116177823851,12062.33766233766],after=[200.8907297570399,9293.116177823851,12062.33766233766]
LS:g=0,op=O2_JS_REVERSE,accepted=false,fe=34,before=[200.8907297570399,9293.116177823851,12062.33766233766],after=[237.6660226206953,9795.19444563652,11992.419247419244]
LS:g=0,op=O3_JS_SWAP,accepted=true,fe=35,before=[200.8907297570399,9293.116177823851,12062.33766233766],after=[200.8907297570399,9293.116177823851,12062.33766233766]
LS:g=0,op=O4_WA_LOAD_TRANSFER,accepted=true,fe=36,before=[200.8907297570399,9293.116177823851,12062.33766233766],after=[194.41149307731678,9506.821474906992,12006.510156510154]
LS:g=0,op=O5_WA_WEAK_TO_STRONG,accepted=false,fe=37,before=[194.41149307731678,9506.821474906992,12006.510156510154],after=[200.8907297570399,9293.116177823851,12062.33766233766]
LS:g=0,op=O6_WA_SWAP,accepted=false,fe=38,before=[194.41149307731678,9506.821474906992,12006.510156510154],after=[264.0566610729971,9571.257213657347,12062.337662337659]
LS:g=0,op=O7_MA_LOAD_TRANSFER,accepted=true,fe=39,before=[194.41149307731678,9506.821474906992,12006.510156510154],after=[192.71883728858523,9355.508967808453,11995.61272061272]
LS:g=0,op=O8_MA_WEAK_TO_STRONG,accepted=false,fe=40,before=[192.71883728858523,9355.508967808453,11995.61272061272],after=[237.76339486635794,9192.501378936604,12048.409923409923]
LS:g=0,op=O9_MA_SWAP,accepted=true,fe=41,before=[192.71883728858523,9355.508967808453,11995.61272061272],after=[192.71883728858523,9355.508967808453,11995.61272061272]
LS:g=0,op=CRITICAL_FACTORY_SWAP,accepted=true,fe=42,before=[277.62080454678494,9791.879703707176,12487.261072261072],after=[259.146676233025,10040.38237713841,12444.480519480518]
LS:g=0,op=CRITICAL_FACTORY_INSERT,accepted=true,fe=43,before=[259.146676233025,10040.38237713841,12444.480519480518],after=[248.5258508956423,10327.172606346914,12270.341325341324]
LS:g=0,op=O1_JS_INSERT,accepted=true,fe=44,before=[248.5258508956423,10327.172606346914,12270.341325341324],after=[248.5258508956423,10327.172606346914,12270.341325341324]
LS:g=0,op=O2_JS_REVERSE,accepted=true,fe=45,before=[248.5258508956423,10327.172606346914,12270.341325341324],after=[243.3333530263582,10174.103608491481,12221.0989010989]
LS:g=0,op=O3_JS_SWAP,accepted=true,fe=46,before=[243.3333530263582,10174.103608491481,12221.0989010989],after=[243.3333530263582,10107.925350170442,12237.765567765566]
LS:g=0,op=O4_WA_LOAD_TRANSFER,accepted=true,fe=47,before=[243.3333530263582,10107.925350170442,12237.765567765566],after=[229.05921032742572,10205.918924821684,12215.79587079587]
LS:g=0,op=O5_WA_WEAK_TO_STRONG,accepted=false,fe=48,before=[229.05921032742572,10205.918924821684,12215.79587079587],after=[239.56056582560657,9879.461864639841,12215.795870795871]
LS:g=0,op=O6_WA_SWAP,accepted=true,fe=49,before=[229.05921032742572,10205.918924821684,12215.79587079587],after=[221.30132493461164,10022.678349554793,12215.79587079587]
LS:g=0,op=O7_MA_LOAD_TRANSFER,accepted=true,fe=50,before=[221.30132493461164,10022.678349554793,12215.79587079587],after=[221.30132493461164,10022.678349554793,12215.79587079587]
LS:g=0,op=O8_MA_WEAK_TO_STRONG,accepted=false,fe=51,before=[221.30132493461164,10022.678349554793,12215.79587079587],after=[221.3265347592679,9554.917604116254,12127.224442224442]
LS:g=0,op=O9_MA_SWAP,accepted=false,fe=52,before=[221.30132493461164,10022.678349554793,12215.79587079587],after=[229.62455419902696,10202.310139020004,12207.004662004661]
LS:g=0,op=CRITICAL_FACTORY_SWAP,accepted=false,fe=53,before=[266.45831582542206,9629.222873844928,12024.542124542122],after=[266.45831582542206,9939.963823957507,11923.39327339327]
LS:g=0,op=CRITICAL_FACTORY_INSERT,accepted=true,fe=54,before=[266.45831582542206,9629.222873844928,12024.542124542122],after=[266.45831582542206,9598.495308084468,12030.905760905758]
LS:g=0,op=O1_JS_INSERT,accepted=false,fe=55,before=[266.45831582542206,9598.495308084468,12030.905760905758],after=[266.45831582542206,9631.4881565691,12003.02697302697]
LS:g=0,op=O2_JS_REVERSE,accepted=true,fe=56,before=[266.45831582542206,9598.495308084468,12030.905760905758],after=[266.45831582542206,9598.495308084468,12030.905760905758]
LS:g=0,op=O3_JS_SWAP,accepted=true,fe=57,before=[266.45831582542206,9598.495308084468,12030.905760905758],after=[266.45831582542206,9598.495308084468,12030.905760905758]
LS:g=0,op=O4_WA_LOAD_TRANSFER,accepted=true,fe=58,before=[266.45831582542206,9598.495308084468,12030.905760905758],after=[266.45831582542206,9526.81135875846,12025.60273060273]
LS:g=0,op=O5_WA_WEAK_TO_STRONG,accepted=true,fe=59,before=[266.45831582542206,9526.81135875846,12025.60273060273],after=[266.45831582542206,9225.629842229928,11957.875457875456]
LS:g=0,op=O6_WA_SWAP,accepted=true,fe=60,before=[266.45831582542206,9225.629842229928,11957.875457875456],after=[266.45831582542206,9225.629842229928,11957.875457875456]
LS:g=0,op=O7_MA_LOAD_TRANSFER,accepted=true,fe=61,before=[266.45831582542206,9225.629842229928,11957.875457875456],after=[199.06147698794757,9087.529726182513,11936.138861138857]
LS:g=0,op=O8_MA_WEAK_TO_STRONG,accepted=true,fe=62,before=[199.06147698794757,9087.529726182513,11936.138861138857],after=[215.18704370625392,8976.416911837858,11965.101565101562]
LS:g=0,op=O9_MA_SWAP,accepted=true,fe=63,before=[215.18704370625392,8976.416911837858,11965.101565101562],after=[230.80604811927319,8927.991282431041,11913.70296370296]
LS:g=0,op=CRITICAL_FACTORY_SWAP,accepted=false,fe=64,before=[220.941734762573,9508.687702196916,12072.332667332666],after=[227.36830385098278,9679.379756291095,12119.605394605394]
LS:g=0,op=CRITICAL_FACTORY_INSERT,accepted=false,fe=65,before=[220.941734762573,9508.687702196916,12072.332667332666],after=[219.55384845987746,9914.632447028916,11992.938727938727]
LS:g=0,op=O1_JS_INSERT,accepted=true,fe=66,before=[220.941734762573,9508.687702196916,12072.332667332666],after=[220.941734762573,9508.687702196916,12072.332667332666]
LS:g=0,op=O2_JS_REVERSE,accepted=true,fe=67,before=[220.941734762573,9508.687702196916,12072.332667332666],after=[220.941734762573,9505.457630109031,12130.514485514484]
LS:g=0,op=O3_JS_SWAP,accepted=true,fe=68,before=[220.941734762573,9505.457630109031,12130.514485514484],after=[228.20894222594123,9449.313186213887,12130.514485514484]
LS:g=0,op=O4_WA_LOAD_TRANSFER,accepted=false,fe=69,before=[228.20894222594123,9449.313186213887,12130.514485514484],after=[228.49167122177334,9451.575018180543,12130.514485514484]
LS:g=0,op=O5_WA_WEAK_TO_STRONG,accepted=true,fe=70,before=[228.20894222594123,9449.313186213887,12130.514485514484],after=[234.07013069480837,9322.417378327293,12130.514485514484]
LS:g=0,op=O6_WA_SWAP,accepted=false,fe=71,before=[234.07013069480837,9322.417378327293,12130.514485514484],after=[228.20894222594123,9355.472595809946,12130.514485514484]
LS:g=0,op=O7_MA_LOAD_TRANSFER,accepted=false,fe=72,before=[234.07013069480837,9322.417378327293,12130.514485514484],after=[234.07013069480837,9493.828654933348,12174.360639360637]
LS:g=0,op=O8_MA_WEAK_TO_STRONG,accepted=true,fe=73,before=[234.07013069480837,9322.417378327293,12130.514485514484],after=[234.07013069480837,8952.980450437126,12041.943056943055]
LS:g=0,op=O9_MA_SWAP,accepted=false,fe=74,before=[234.07013069480837,8952.980450437126,12041.943056943055],after=[215.75901842230633,8953.380138378163,12038.646353646353]
LS:g=0,op=CRITICAL_FACTORY_SWAP,accepted=false,fe=75,before=[298.7518013172208,9994.374731284193,11822.209457209456],after=[298.7518013172208,9815.730165562738,11920.68265068265]
LS:g=0,op=CRITICAL_FACTORY_INSERT,accepted=false,fe=76,before=[298.7518013172208,9994.374731284193,11822.209457209456],after=[298.7518013172208,10170.84063562354,11874.890109890108]
LS:g=0,op=O1_JS_INSERT,accepted=true,fe=77,before=[298.7518013172208,9994.374731284193,11822.209457209456],after=[298.7518013172208,9994.374731284193,11822.209457209456]
LS:g=0,op=O2_JS_REVERSE,accepted=true,fe=78,before=[298.7518013172208,9994.374731284193,11822.209457209456],after=[298.7518013172208,10012.409980829687,11805.54279054279]
LS:g=0,op=O3_JS_SWAP,accepted=false,fe=79,before=[298.7518013172208,10012.409980829687,11805.54279054279],after=[298.7518013172208,9990.382239786946,11829.785214785214]
LS:g=0,op=O4_WA_LOAD_TRANSFER,accepted=false,fe=80,before=[298.7518013172208,10012.409980829687,11805.54279054279],after=[298.7518013172208,10052.343134243625,11829.785214785214]
LS:g=0,op=O5_WA_WEAK_TO_STRONG,accepted=false,fe=81,before=[298.7518013172208,10012.409980829687,11805.54279054279],after=[307.49349171063443,9899.366140520846,11825.239760239758]
LS:g=0,op=O6_WA_SWAP,accepted=true,fe=82,before=[298.7518013172208,10012.409980829687,11805.54279054279],after=[298.7518013172208,10026.256521840956,11805.54279054279]
LS:g=0,op=O7_MA_LOAD_TRANSFER,accepted=false,fe=83,before=[298.7518013172208,10026.256521840956,11805.54279054279],after=[298.7518013172208,10293.593280214025,11820.40293040293]
LS:g=0,op=O8_MA_WEAK_TO_STRONG,accepted=true,fe=84,before=[298.7518013172208,10026.256521840956,11805.54279054279],after=[321.8922670128967,9789.349366507467,11802.803862803861]
LS:g=0,op=O9_MA_SWAP,accepted=true,fe=85,before=[321.8922670128967,9789.349366507467,11802.803862803861],after=[321.8922670128967,9789.349366507467,11802.803862803861]
LS:g=0,op=CRITICAL_FACTORY_SWAP,accepted=false,fe=86,before=[307.20862923837046,9840.980342075589,11915.641025641024],after=[307.20862923837046,10372.11297379168,11972.560772560772]
LS:g=0,op=CRITICAL_FACTORY_INSERT,accepted=false,fe=87,before=[307.20862923837046,9840.980342075589,11915.641025641024],after=[307.20862923837046,9504.144999146381,11940.73926073926]
LS:g=0,op=O1_JS_INSERT,accepted=true,fe=88,before=[307.20862923837046,9840.980342075589,11915.641025641024],after=[307.20862923837046,9840.980342075589,11915.641025641024]
LS:g=0,op=O2_JS_REVERSE,accepted=false,fe=89,before=[307.20862923837046,9840.980342075589,11915.641025641024],after=[307.20862923837046,9697.307562705444,11955.18648018648]
LS:g=0,op=O3_JS_SWAP,accepted=true,fe=90,before=[307.20862923837046,9840.980342075589,11915.641025641024],after=[307.20862923837046,9809.429103136132,11878.065268065267]
LS:g=0,op=O4_WA_LOAD_TRANSFER,accepted=false,fe=91,before=[307.20862923837046,9809.429103136132,11878.065268065267],after=[307.20862923837046,9833.323211697787,11933.519813519812]
LS:g=0,op=O5_WA_WEAK_TO_STRONG,accepted=false,fe=92,before=[307.20862923837046,9809.429103136132,11878.065268065267],after=[307.20862923837046,9389.789234993576,11983.974358974358]
LS:g=0,op=O6_WA_SWAP,accepted=true,fe=93,before=[307.20862923837046,9809.429103136132,11878.065268065267],after=[307.20862923837046,9809.429103136132,11878.065268065267]
LS:g=0,op=O7_MA_LOAD_TRANSFER,accepted=false,fe=94,before=[307.20862923837046,9809.429103136132,11878.065268065267],after=[307.20862923837046,9669.050752965064,11906.3986013986]
LS:g=0,op=O8_MA_WEAK_TO_STRONG,accepted=true,fe=95,before=[307.20862923837046,9809.429103136132,11878.065268065267],after=[307.20862923837046,9809.429103136132,11878.065268065267]
LS:g=0,op=O9_MA_SWAP,accepted=false,fe=96,before=[307.20862923837046,9809.429103136132,11878.065268065267],after=[307.20862923837046,9792.902780033155,11929.88344988345]
LS:g=0,op=CRITICAL_FACTORY_SWAP,accepted=true,fe=97,before=[315.21695443704374,10061.848134785552,12099.986679986678],after=[286.99938675901365,9640.720711252383,12038.215118215117]
LS:g=0,op=CRITICAL_FACTORY_INSERT,accepted=false,fe=98,before=[286.99938675901365,9640.720711252383,12038.215118215117],after=[286.99938675901365,9685.656441273715,12128.343323343322]
LS:g=0,op=O1_JS_INSERT,accepted=true,fe=99,before=[286.99938675901365,9640.720711252383,12038.215118215117],after=[286.99938675901365,9640.720711252383,12038.215118215117]
LS:g=0,op=O2_JS_REVERSE,accepted=true,fe=100,before=[286.99938675901365,9640.720711252383,12038.215118215117],after=[286.99938675901365,9640.720711252383,12038.215118215117]
LS:g=0,op=O3_JS_SWAP,accepted=true,fe=101,before=[286.99938675901365,9640.720711252383,12038.215118215117],after=[286.99938675901365,9640.720711252383,12038.215118215117]
LS:g=0,op=O4_WA_LOAD_TRANSFER,accepted=true,fe=102,before=[286.99938675901365,9640.720711252383,12038.215118215117],after=[247.9289084355875,9509.381043413136,12038.215118215117]
LS:g=0,op=O5_WA_WEAK_TO_STRONG,accepted=false,fe=103,before=[247.9289084355875,9509.381043413136,12038.215118215117],after=[244.7657388083731,9315.479820080147,12097.48085248085]
LS:g=0,op=O6_WA_SWAP,accepted=true,fe=104,before=[247.9289084355875,9509.381043413136,12038.215118215117],after=[247.9289084355875,9509.381043413136,12038.215118215117]
LS:g=0,op=O7_MA_LOAD_TRANSFER,accepted=false,fe=105,before=[247.9289084355875,9509.381043413136,12038.215118215117],after=[264.0544751538938,9488.572800130733,12091.070596070595]
LS:g=0,op=O8_MA_WEAK_TO_STRONG,accepted=false,fe=106,before=[247.9289084355875,9509.381043413136,12038.215118215117],after=[295.79904628521945,9256.910630597846,12070.907425907424]
LS:g=0,op=O9_MA_SWAP,accepted=false,fe=107,before=[247.9289084355875,9509.381043413136,12038.215118215117],after=[300.1800377384069,9563.849277948775,12069.567099567099]
LS:g=0,op=CRITICAL_FACTORY_SWAP,accepted=false,fe=108,before=[285.76168471526654,9898.784990234875,11850.384615384612],after=[285.76168471526654,10525.792515571078,11878.479853479852]
LS:g=0,op=CRITICAL_FACTORY_INSERT,accepted=true,fe=109,before=[285.76168471526654,9898.784990234875,11850.384615384612],after=[285.76168471526654,9873.481259130167,11792.737262737259]
LS:g=0,op=O1_JS_INSERT,accepted=true,fe=110,before=[285.76168471526654,9873.481259130167,11792.737262737259],after=[285.76168471526654,9873.481259130167,11792.737262737259]
LS:g=0,op=O2_JS_REVERSE,accepted=false,fe=111,before=[285.76168471526654,9873.481259130167,11792.737262737259],after=[313.5213873473691,9734.918467973092,11909.555444555443]
LS:g=0,op=O3_JS_SWAP,accepted=true,fe=112,before=[285.76168471526654,9873.481259130167,11792.737262737259],after=[285.76168471526654,9819.106143186087,11759.403929403927]
LS:g=0,op=O4_WA_LOAD_TRANSFER,accepted=true,fe=113,before=[285.76168471526654,9819.106143186087,11759.403929403927],after=[257.54411703723645,9727.444194851369,11738.191808191805]
LS:g=0,op=O5_WA_WEAK_TO_STRONG,accepted=false,fe=114,before=[257.54411703723645,9727.444194851369,11738.191808191805],after=[257.54411703723645,9639.36277516501,11786.525141525139]
LS:g=0,op=O6_WA_SWAP,accepted=true,fe=115,before=[257.54411703723645,9727.444194851369,11738.191808191805],after=[257.54411703723645,9727.444194851369,11738.191808191805]
LS:g=0,op=O7_MA_LOAD_TRANSFER,accepted=false,fe=116,before=[257.54411703723645,9727.444194851369,11738.191808191805],after=[257.54411703723645,9716.851265219382,11871.676656676655]
LS:g=0,op=O8_MA_WEAK_TO_STRONG,accepted=true,fe=117,before=[257.54411703723645,9727.444194851369,11738.191808191805],after=[257.54411703723645,9727.444194851369,11738.191808191805]
LS:g=0,op=O9_MA_SWAP,accepted=false,fe=118,before=[257.54411703723645,9727.444194851369,11738.191808191805],after=[257.54411703723645,9744.220347839662,11819.55544455544]
LS:g=0,op=CRITICAL_FACTORY_SWAP,accepted=true,fe=119,before=[317.9988744162656,10719.14369349485,11918.736263736262],after=[299.0317204517508,10103.661230210115,11941.776556776555]
LS:g=0,op=CRITICAL_FACTORY_INSERT,accepted=true,fe=120,before=[299.0317204517508,10103.661230210115,11941.776556776555],after=[299.0317204517508,9886.647997660957,11975.109890109889]
LS:g=0,op=O1_JS_INSERT,accepted=true,fe=121,before=[299.0317204517508,9886.647997660957,11975.109890109889],after=[302.74651069052294,9878.930421438861,11975.109890109889]
LS:g=0,op=O2_JS_REVERSE,accepted=false,fe=122,before=[302.74651069052294,9878.930421438861,11975.109890109889],after=[294.5529588864177,9886.647997660957,11975.109890109889]
LS:g=0,op=O3_JS_SWAP,accepted=false,fe=123,before=[302.74651069052294,9878.930421438861,11975.109890109889],after=[313.65132145829045,9878.930421438861,11975.109890109889]
LS:g=0,op=O4_WA_LOAD_TRANSFER,accepted=true,fe=124,before=[302.74651069052294,9878.930421438861,11975.109890109889],after=[284.0974984930665,9785.685360451578,11975.109890109889]
LS:g=0,op=O5_WA_WEAK_TO_STRONG,accepted=false,fe=125,before=[284.0974984930665,9785.685360451578,11975.109890109889],after=[262.3035298845137,9606.484883726982,11987.231102231099]
LS:g=0,op=O6_WA_SWAP,accepted=true,fe=126,before=[284.0974984930665,9785.685360451578,11975.109890109889],after=[284.0974984930665,9785.685360451578,11975.109890109889]
LS:g=0,op=O7_MA_LOAD_TRANSFER,accepted=true,fe=127,before=[284.0974984930665,9785.685360451578,11975.109890109889],after=[242.13725420511747,10018.575543263036,11991.893106893105]
LS:g=0,op=O8_MA_WEAK_TO_STRONG,accepted=false,fe=128,before=[242.13725420511747,10018.575543263036,11991.893106893105],after=[243.24887704171977,9821.803503593444,11972.02131202131]
LS:g=0,op=O9_MA_SWAP,accepted=true,fe=129,before=[242.13725420511747,10018.575543263036,11991.893106893105],after=[242.13725420511747,10018.575543263036,11991.893106893105]
LS:g=0,op=CRITICAL_FACTORY_SWAP,accepted=false,fe=130,before=[311.43452987732,10661.531721976617,12290.22977022977],after=[325.26102635855136,10689.74054375158,12220.922410922409]
LS:g=0,op=CRITICAL_FACTORY_INSERT,accepted=true,fe=131,before=[311.43452987732,10661.531721976617,12290.22977022977],after=[301.7724024692933,10764.045030048985,12226.656676656676]
LS:g=0,op=O1_JS_INSERT,accepted=true,fe=132,before=[301.7724024692933,10764.045030048985,12226.656676656676],after=[301.7724024692933,10764.045030048985,12226.656676656676]
LS:g=0,op=O2_JS_REVERSE,accepted=true,fe=133,before=[301.7724024692933,10764.045030048985,12226.656676656676],after=[301.7724024692933,10764.045030048985,12226.656676656676]
LS:g=0,op=O3_JS_SWAP,accepted=true,fe=134,before=[301.7724024692933,10764.045030048985,12226.656676656676],after=[301.7724024692933,10764.045030048985,12226.656676656676]
LS:g=0,op=O4_WA_LOAD_TRANSFER,accepted=true,fe=135,before=[301.7724024692933,10764.045030048985,12226.656676656676],after=[301.7724024692933,10720.946930901957,12226.656676656676]
LS:g=0,op=O5_WA_WEAK_TO_STRONG,accepted=true,fe=136,before=[301.7724024692933,10720.946930901957,12226.656676656676],after=[301.7724024692933,10562.186479900563,12226.656676656676]
LS:g=0,op=O6_WA_SWAP,accepted=true,fe=137,before=[301.7724024692933,10562.186479900563,12226.656676656676],after=[301.7724024692933,10562.186479900563,12226.656676656676]
LS:g=0,op=O7_MA_LOAD_TRANSFER,accepted=true,fe=138,before=[301.7724024692933,10562.186479900563,12226.656676656676],after=[279.00756482847805,10567.943234487971,12281.656676656674]
LS:g=0,op=O8_MA_WEAK_TO_STRONG,accepted=true,fe=139,before=[279.00756482847805,10567.943234487971,12281.656676656674],after=[279.00756482847805,10344.496411382868,12153.085248085245]
LS:g=0,op=O9_MA_SWAP,accepted=true,fe=140,before=[279.00756482847805,10344.496411382868,12153.085248085245],after=[279.00756482847805,10344.496411382868,12153.085248085245]
GENERATION_END:g=0,fe=140,archive=4
GROUP:g=1,name=G1_CMAX,members=JS=[13, 14, 3, 11, 0, 15, 1, 17, 8, 4, 16, 19, 10, 7, 12, 6, 18, 2, 9, 5]|FA=[2, 2, 1, 0, 0, 2, 0, 2, 0, 0, 1, 0, 1, 2, 1, 1, 0, 1, 1, 2]|MA=[0, 1, 0, 1, 0, 1, 2, 0, 3, 2, 1, 3, 1, 0, 0, 0, 1, 1, 1, 1]|WA=[0, 1, 0, 1, 0, 1, 1, 1, 2, 2, 1, 1, 0, 0, 1, 1, 2, 0, 0, 1]@[192.71883728858523,9355.508967808453,11995.61272061272];JS=[13, 14, 3, 11, 9, 15, 1, 17, 8, 5, 19, 6, 10, 0, 4, 12, 18, 2, 16, 7]|FA=[0, 0, 0, 2, 2, 2, 0, 2, 0, 0, 1, 0, 1, 2, 1, 1, 0, 1, 0, 1]|MA=[1, 3, 3, 0, 1, 0, 0, 0, 0, 3, 0, 0, 1, 0, 0, 1, 0, 1, 2, 1]|WA=[0, 0, 0, 0, 1, 1, 1, 0, 1, 2, 1, 1, 0, 0, 1, 1, 2, 1, 1, 0]@[220.941734762573,9508.687702196916,12072.332667332666];
GROUP:g=1,name=G2_TEC,members=JS=[13, 14, 3, 11, 9, 7, 1, 17, 8, 4, 16, 19, 10, 15, 12, 0, 18, 2, 6, 5]|FA=[2, 0, 1, 2, 2, 2, 0, 0, 0, 0, 1, 0, 1, 2, 1, 1, 0, 1, 1, 2]|MA=[0, 0, 1, 1, 1, 0, 2, 3, 3, 2, 1, 3, 1, 0, 0, 1, 1, 1, 0, 1]|WA=[1, 2, 1, 0, 0, 1, 1, 1, 2, 2, 1, 1, 0, 1, 1, 1, 2, 0, 0, 1]@[230.80604811927319,8927.991282431041,11913.70296370296];JS=[6, 14, 1, 15, 9, 11, 3, 17, 5, 8, 19, 13, 10, 0, 4, 12, 18, 2, 16, 7]|FA=[0, 0, 0, 2, 2, 2, 0, 2, 0, 0, 1, 0, 1, 2, 1, 1, 0, 1, 0, 1]|MA=[0, 3, 0, 0, 1, 0, 3, 0, 3, 0, 0, 3, 1, 0, 0, 1, 0, 1, 2, 1]|WA=[1, 1, 1, 1, 1, 0, 0, 0, 2, 1, 1, 0, 0, 0, 1, 1, 2, 1, 1, 0]@[234.07013069480837,8952.980450437126,12041.943056943055];
GROUP:g=1,name=G3_TWC,members=JS=[13, 9, 5, 4, 15, 8, 17, 12, 14, 11, 18, 7, 10, 6, 16, 3, 0, 2, 19, 1]|FA=[2, 1, 1, 1, 0, 2, 2, 2, 2, 2, 2, 2, 1, 2, 0, 1, 1, 0, 1, 0]|MA=[0, 0, 1, 0, 0, 1, 1, 1, 0, 0, 1, 1, 0, 0, 2, 1, 0, 3, 1, 0]|WA=[1, 1, 0, 1, 2, 1, 0, 1, 1, 0, 1, 0, 1, 1, 1, 0, 0, 1, 0, 2]@[257.54411703723645,9727.444194851369,11738.191808191805];JS=[16, 8, 4, 7, 9, 13, 18, 6, 17, 11, 12, 19, 3, 15, 2, 0, 10, 14, 1, 5]|FA=[1, 2, 2, 0, 0, 2, 2, 2, 0, 1, 0, 1, 2, 1, 1, 1, 0, 1, 2, 2]|MA=[1, 0, 1, 0, 3, 0, 0, 1, 2, 1, 1, 1, 1, 1, 1, 1, 0, 1, 0, 1]|WA=[1, 1, 1, 1, 0, 1, 1, 0, 2, 0, 2, 0, 0, 1, 1, 1, 2, 0, 0, 0]@[321.8922670128967,9789.349366507467,11802.803862803861];
GROUP:g=1,name=G4_CENTER,members=JS=[13, 9, 5, 4, 15, 8, 17, 12, 14, 11, 18, 7, 10, 6, 16, 3, 0, 2, 19, 1]|FA=[2, 1, 1, 1, 0, 2, 2, 2, 2, 2, 2, 2, 1, 2, 0, 1, 1, 0, 1, 0]|MA=[0, 0, 1, 0, 0, 1, 1, 1, 0, 0, 1, 1, 0, 0, 2, 1, 0, 3, 1, 0]|WA=[1, 1, 0, 1, 2, 1, 0, 1, 1, 0, 1, 0, 1, 1, 1, 0, 0, 1, 0, 2]@[257.54411703723645,9727.444194851369,11738.191808191805];JS=[13, 14, 3, 11, 0, 15, 1, 17, 8, 4, 16, 19, 10, 7, 12, 6, 18, 2, 9, 5]|FA=[2, 2, 1, 0, 0, 2, 0, 2, 0, 0, 1, 0, 1, 2, 1, 1, 0, 1, 1, 2]|MA=[0, 1, 0, 1, 0, 1, 2, 0, 3, 2, 1, 3, 1, 0, 0, 0, 1, 1, 1, 1]|WA=[0, 1, 0, 1, 0, 1, 1, 1, 2, 2, 1, 1, 0, 0, 1, 1, 2, 0, 0, 1]@[192.71883728858523,9355.508967808453,11995.61272061272];JS=[13, 14, 3, 11, 9, 7, 1, 17, 8, 4, 16, 19, 10, 15, 12, 0, 18, 2, 6, 5]|FA=[2, 0, 1, 2, 2, 2, 0, 0, 0, 0, 1, 0, 1, 2, 1, 1, 0, 1, 1, 2]|MA=[0, 0, 1, 1, 1, 0, 2, 3, 3, 2, 1, 3, 1, 0, 0, 1, 1, 1, 0, 1]|WA=[1, 2, 1, 0, 0, 1, 1, 1, 2, 2, 1, 1, 0, 1, 1, 1, 2, 0, 0, 1]@[230.80604811927319,8927.991282431041,11913.70296370296];JS=[13, 14, 3, 11, 0, 15, 1, 17, 8, 4, 16, 19, 10, 7, 12, 6, 18, 2, 9, 5]|FA=[2, 0, 1, 2, 2, 2, 0, 2, 0, 0, 1, 0, 1, 2, 1, 1, 0, 1, 1, 2]|MA=[0, 0, 0, 1, 1, 1, 2, 0, 3, 2, 1, 3, 1, 0, 0, 0, 1, 1, 0, 1]|WA=[0, 2, 1, 0, 0, 1, 1, 1, 2, 2, 1, 1, 0, 0, 1, 1, 2, 0, 0, 1]@[221.12572466376434,9664.482945981403,11977.507492507488];
OP:JS_INITIAL_SWAP:11:4
OP:JS_GUIDE:PBEST:r=0.5812534411731703:pairs=[(4,11)]
OP:JS_GUIDE:QGBEST:r=0.11714968466736181:pairs=[(4,18), (11,18)]
OP:JS_INITIAL_SWAP:18:16
OP:JS_GUIDE:PBEST:r=0.1190053138170845:pairs=[(16,18)]
OP:JS_GUIDE:QGBEST:r=0.3736804164066335:pairs=[(9,14), (10,16), (11,16), (13,19), (14,15), (15,16), (16,18), (18,19)]
OP:REPAIR:MA:2:3:0:[0,1]
Q:g=1,group=G1_CMAX,round=0,state=0,action=2,reward=10.288426862687729,nextState=0,phase=BEFORE_LOCAL_SEARCH
OP:JS_INITIAL_SWAP:9:3
OP:JS_GUIDE:PBEST:r=0.3401978373932939:pairs=[(3,9), (4,11)]
OP:JS_GUIDE:QGBEST:r=0.25199930585083635:pairs=[(3,9), (4,18), (11,18)]
OP:JS_INITIAL_SWAP:17:11
OP:JS_GUIDE:PBEST:r=0.2677214360735768:pairs=[(11,17)]
OP:JS_GUIDE:QGBEST:r=0.09521700738827794:pairs=[(11,16), (13,19), (14,15), (15,17), (16,18), (17,18), (18,19)]
OP:FA_MUTATE:19:1:1
OP:FA_SYNC_MA:19:1:0
OP:FA_SYNC_WA:19:0:0
OP:MA_MUTATE:7:0:1
OP:WA_MUTATE:19:0:0
Q:g=1,group=G1_CMAX,round=1,state=0,action=2,reward=0.0,nextState=0,phase=BEFORE_LOCAL_SEARCH
OP:JS_INITIAL_SWAP:12:12
OP:JS_GUIDE:PBEST:r=0.07503552555374042:pairs=[]
OP:JS_GUIDE:QGBEST:r=0.06863679065277965:pairs=[(5,13), (15,18)]
OP:WA_MUTATE:12:0:0
OP:JS_INITIAL_SWAP:14:10
OP:JS_GUIDE:PBEST:r=0.17530926723987075:pairs=[(10,14)]
OP:JS_GUIDE:QGBEST:r=0.188162389940694:pairs=[(0,11), (2,6), (3,5), (8,9), (9,10), (10,18), (11,14), (13,19), (14,15), (18,19)]
OP:MA_MUTATE:4:1:0
Q:g=1,group=G2_TEC,round=0,state=0,action=2,reward=0.8258786751675871,nextState=0,phase=BEFORE_LOCAL_SEARCH
OP:JS_INITIAL_SWAP:4:6
OP:JS_GUIDE:PBEST:r=0.581314089093573:pairs=[(4,6)]
OP:JS_GUIDE:QGBEST:r=0.4259924138539443:pairs=[(4,6), (5,13), (15,18)]
OP:JS_INITIAL_SWAP:10:17
OP:JS_GUIDE:PBEST:r=0.12293756815251666:pairs=[(10,17)]
OP:JS_GUIDE:QGBEST:r=0.42295779531367095:pairs=[(2,6), (3,5), (8,9), (9,17), (10,18), (11,14), (13,19), (14,15), (17,18), (18,19)]
OP:WA_MUTATE:10:1:1
Q:g=1,group=G2_TEC,round=1,state=0,action=2,reward=-94.81191681841938,nextState=1,phase=BEFORE_LOCAL_SEARCH
OP:JS_INITIAL_SWAP:14:11
OP:JS_GUIDE:PBEST:r=0.20523751513551813:pairs=[(11,14)]
OP:JS_GUIDE:QGBEST:r=0.5923252100002828:pairs=[(0,11), (1,5), (2,13), (3,14), (4,5), (5,11), (6,10), (7,14), (8,10), (10,14), (11,16), (12,16), (13,15), (14,17), (15,18), (18,19)]
OP:MA_MUTATE:6:1:0
OP:REPAIR:WA:8:2:1:[0,1]
OP:REPAIR:WA:10:2:0:[0,1]
OP:REPAIR:WA:16:2:0:[0,1]
OP:WA_MUTATE:11:1:0
OP:JS_INITIAL_SWAP:15:8
OP:JS_GUIDE:PBEST:r=0.24214270341835328:pairs=[(2,7), (8,15), (11,15), (12,13)]
OP:JS_GUIDE:QGBEST:r=0.4493493987320168:pairs=[(2,7), (8,15), (11,15), (12,13)]
OP:MA_MUTATE:3:0:2
Q:g=1,group=G3_TWC,round=0,state=0,action=2,reward=-62.03712953712966,nextState=1,phase=BEFORE_LOCAL_SEARCH
OP:JS_INITIAL_SWAP:0:17
OP:JS_GUIDE:PBEST:r=0.13682021724151516:pairs=[(0,5), (1,4), (2,13), (3,7), (4,11), (5,11), (6,8), (7,14), (8,10), (11,14), (14,17)]
OP:JS_GUIDE:QGBEST:r=0.051840485394295775:pairs=[(0,17), (5,17), (10,14), (11,16), (12,16), (13,15), (14,17), (15,18), (18,19)]
OP:MA_MUTATE:4:0:3
OP:REPAIR:WA:8:2:1:[0,1]
OP:REPAIR:WA:10:2:0:[0,1]
OP:REPAIR:WA:16:2:1:[0,1]
OP:JS_INITIAL_SWAP:12:17
OP:JS_GUIDE:PBEST:r=0.4273348670959723:pairs=[(8,15), (11,15), (12,13), (13,17)]
OP:JS_GUIDE:QGBEST:r=0.4790202890098991:pairs=[(11,15), (12,13), (13,17)]
OP:WA_MUTATE:13:1:1
Q:g=1,group=G3_TWC,round=1,state=1,action=1,reward=15.427905427904989,nextState=0,phase=BEFORE_LOCAL_SEARCH
OP:JS_INITIAL_SWAP:11:12
OP:JS_GUIDE:PBEST:r=0.44024306162356686:pairs=[(11,12)]
OP:JS_GUIDE:QGBEST:r=0.10218372162677748:pairs=[(1,2), (8,9), (11,19), (12,19)]
OP:JS_INITIAL_SWAP:2:15
OP:JS_GUIDE:PBEST:r=0.5475233966052528:pairs=[(2,15)]
OP:JS_GUIDE:QGBEST:r=0.41859114803433245:pairs=[(1,19), (2,18), (3,9), (4,5), (5,8), (6,7), (7,14), (8,9), (9,19), (10,16), (11,14), (13,18), (14,16), (16,19), (18,19)]
OP:JS_INITIAL_SWAP:9:9
OP:JS_GUIDE:PBEST:r=0.3077328845747054:pairs=[]
OP:JS_GUIDE:QGBEST:r=0.34300286960458876:pairs=[(1,19), (2,4), (3,9), (4,13), (5,8), (6,7), (7,14), (8,9), (9,19), (10,16), (11,14), (13,18), (14,16), (15,18), (16,18)]
OP:JS_INITIAL_SWAP:10:17
OP:JS_GUIDE:PBEST:r=0.5166566331106913:pairs=[(10,17)]
OP:JS_GUIDE:QGBEST:r=0.22853674975967952:pairs=[(1,19), (2,18), (3,9), (4,5), (5,8), (6,7), (7,14), (8,9), (9,19), (10,16), (11,14), (13,15), (14,17), (15,18), (16,19), (17,19), (18,19)]
OP:FA_MUTATE:18:1:2
OP:FA_SYNC_MA:18:0:0
OP:FA_SYNC_WA:18:0:0
OP:REPAIR:WA:10:2:1:[0,1]
Q:g=1,group=G4_CENTER,round=0,state=0,action=2,reward=-0.09903745660259611,nextState=1,phase=BEFORE_LOCAL_SEARCH
OP:JS_INITIAL_SWAP:4:9
OP:JS_GUIDE:PBEST:r=0.3741013036522056:pairs=[(4,9), (11,12)]
OP:JS_GUIDE:QGBEST:r=0.029770877111201986:pairs=[(1,2), (4,9), (8,9), (11,19), (12,19)]
OP:MA_MUTATE:13:0:0
OP:JS_INITIAL_SWAP:5:11
OP:JS_GUIDE:PBEST:r=0.5409694988560987:pairs=[(1,19), (2,15), (3,9), (4,8), (5,8), (6,7), (8,11), (15,18)]
OP:JS_GUIDE:QGBEST:r=0.506003998019813:pairs=[(1,19), (2,15), (3,9), (4,8), (5,11), (7,14), (8,9), (9,19), (10,16), (11,14), (13,18), (14,16), (16,19), (18,19)]
OP:REPAIR:WA:16:2:0:[0,1]
OP:REPAIR:WA:10:2:0:[0,1]
OP:JS_INITIAL_SWAP:5:10
OP:JS_GUIDE:PBEST:r=0.18354332789783467:pairs=[(1,19), (2,13), (3,9), (4,13), (5,8), (8,10)]
OP:JS_GUIDE:QGBEST:r=0.381478696192881:pairs=[(1,19), (5,10), (6,7), (7,14), (8,9), (9,19), (10,16), (11,14), (13,18), (14,16), (15,18), (16,18)]
OP:REPAIR:MA:6:2:1:[0,1]
OP:REPAIR:MA:7:3:0:[0,1]
OP:REPAIR:MA:8:3:0:[0,1]
OP:REPAIR:MA:9:2:0:[0,1]
OP:REPAIR:WA:8:2:0:[0,1]
OP:REPAIR:WA:9:2:1:[0,1]
OP:REPAIR:MA:6:2:1:[0,1]
OP:REPAIR:MA:17:3:0:[0,1]
OP:JS_INITIAL_SWAP:17:13
OP:JS_GUIDE:PBEST:r=0.10680908983146162:pairs=[(1,19), (2,18), (3,9), (10,13), (13,17)]
OP:JS_GUIDE:QGBEST:r=0.4243444619877335:pairs=[(4,5), (5,8), (6,7), (7,14), (8,9), (9,19), (10,16), (11,14), (13,15), (14,15), (15,18), (16,19), (17,19)]
OP:WA_MUTATE:11:0:2
Q:g=1,group=G4_CENTER,round=1,state=1,action=2,reward=-0.18816730829118286,nextState=1,phase=BEFORE_LOCAL_SEARCH
LS:g=1,op=CRITICAL_FACTORY_SWAP,accepted=false,fe=161,before=[194.41149307731678,9652.446765976221,12032.114552114552],after=[195.9695381858158,9724.751825006415,12024.127539127538]
LS:g=1,op=CRITICAL_FACTORY_INSERT,accepted=true,fe=162,before=[194.41149307731678,9652.446765976221,12032.114552114552],after=[187.37651146281385,9853.614450124875,11958.050283050281]
LS:g=1,op=O1_JS_INSERT,accepted=false,fe=163,before=[187.37651146281385,9853.614450124875,11958.050283050281],after=[222.4056672917966,9895.167584607716,12050.323010323005]
LS:g=1,op=O2_JS_REVERSE,accepted=true,fe=164,before=[187.37651146281385,9853.614450124875,11958.050283050281],after=[187.37651146281385,9853.614450124875,11958.050283050281]
LS:g=1,op=O3_JS_SWAP,accepted=true,fe=165,before=[187.37651146281385,9853.614450124875,11958.050283050281],after=[187.37651146281385,9853.614450124875,11958.050283050281]
LS:g=1,op=O4_WA_LOAD_TRANSFER,accepted=false,fe=166,before=[187.37651146281385,9853.614450124875,11958.050283050281],after=[245.83291371336585,10419.479895685601,11958.050283050281]
LS:g=1,op=O5_WA_WEAK_TO_STRONG,accepted=false,fe=167,before=[187.37651146281385,9853.614450124875,11958.050283050281],after=[227.16964985249479,9995.388912630338,11930.01998001998]
LS:g=1,op=O6_WA_SWAP,accepted=true,fe=168,before=[187.37651146281385,9853.614450124875,11958.050283050281],after=[187.37651146281385,9853.614450124875,11958.050283050281]
LS:g=1,op=O7_MA_LOAD_TRANSFER,accepted=false,fe=169,before=[187.37651146281385,9853.614450124875,11958.050283050281],after=[188.65578662881992,9750.837260168588,11958.050283050281]
LS:g=1,op=O8_MA_WEAK_TO_STRONG,accepted=true,fe=170,before=[187.37651146281385,9853.614450124875,11958.050283050281],after=[187.37651146281385,9853.614450124875,11958.050283050281]
LS:g=1,op=O9_MA_SWAP,accepted=true,fe=171,before=[187.37651146281385,9853.614450124875,11958.050283050281],after=[187.37651146281385,9853.614450124875,11958.050283050281]
LS:g=1,op=CRITICAL_FACTORY_SWAP,accepted=false,fe=172,before=[198.672225248466,10105.278942958425,12166.936396936395],after=[241.29206631287187,10282.765581625496,12124.425574425573]
LS:g=1,op=CRITICAL_FACTORY_INSERT,accepted=false,fe=173,before=[198.672225248466,10105.278942958425,12166.936396936395],after=[221.49373233203056,10424.139325560609,12048.473193473192]
LS:g=1,op=O1_JS_INSERT,accepted=false,fe=174,before=[198.672225248466,10105.278942958425,12166.936396936395],after=[220.84352835500508,10137.663916141804,12172.239427239427]
LS:g=1,op=O2_JS_REVERSE,accepted=false,fe=175,before=[198.672225248466,10105.278942958425,12166.936396936395],after=[225.8668296631144,10180.369044854031,12172.239427239425]
LS:g=1,op=O3_JS_SWAP,accepted=false,fe=176,before=[198.672225248466,10105.278942958425,12166.936396936395],after=[225.8668296631144,10218.7288856494,12166.936396936393]
LS:g=1,op=O4_WA_LOAD_TRANSFER,accepted=false,fe=177,before=[198.672225248466,10105.278942958425,12166.936396936395],after=[220.58601277735778,10047.07935102618,12190.421245421245]
LS:g=1,op=O5_WA_WEAK_TO_STRONG,accepted=true,fe=178,before=[198.672225248466,10105.278942958425,12166.936396936395],after=[198.21827022731713,10017.803647874012,12147.997002997003]
LS:g=1,op=O6_WA_SWAP,accepted=false,fe=179,before=[198.21827022731713,10017.803647874012,12147.997002997003],after=[234.70091229218204,10171.672757605402,12172.239427239425]
LS:g=1,op=O7_MA_LOAD_TRANSFER,accepted=true,fe=180,before=[198.21827022731713,10017.803647874012,12147.997002997003],after=[198.21827022731713,9924.949551074977,12137.099567099567]
LS:g=1,op=O8_MA_WEAK_TO_STRONG,accepted=true,fe=181,before=[198.21827022731713,9924.949551074977,12137.099567099567],after=[190.54776676618422,9766.35487803064,12103.241758241755]
LS:g=1,op=O9_MA_SWAP,accepted=false,fe=182,before=[190.54776676618422,9766.35487803064,12103.241758241755],after=[195.79381376818503,9562.128730420593,12066.318681318679]
LS:g=1,op=CRITICAL_FACTORY_SWAP,accepted=false,fe=183,before=[230.80604811927319,9188.494432890013,11977.022977022973],after=[230.80604811927319,9406.76971254508,11973.57642357642]
LS:g=1,op=CRITICAL_FACTORY_INSERT,accepted=true,fe=184,before=[230.80604811927319,9188.494432890013,11977.022977022973],after=[230.80604811927319,9184.067881009745,11982.174492174487]
LS:g=1,op=O1_JS_INSERT,accepted=true,fe=185,before=[230.80604811927319,9184.067881009745,11982.174492174487],after=[230.80604811927319,9184.067881009745,11982.174492174487]
LS:g=1,op=O2_JS_REVERSE,accepted=true,fe=186,before=[230.80604811927319,9184.067881009745,11982.174492174487],after=[230.80604811927319,9170.82574778923,12041.87146187146]
LS:g=1,op=O3_JS_SWAP,accepted=true,fe=187,before=[230.80604811927319,9170.82574778923,12041.87146187146],after=[230.80604811927319,9084.794249949604,12101.486846486843]
LS:g=1,op=O4_WA_LOAD_TRANSFER,accepted=true,fe=188,before=[230.80604811927319,9084.794249949604,12101.486846486843],after=[230.80604811927319,9066.693032166258,12107.54745254745]
LS:g=1,op=O5_WA_WEAK_TO_STRONG,accepted=true,fe=189,before=[230.80604811927319,9066.693032166258,12107.54745254745],after=[219.3432154339945,9045.272012452171,12101.486846486843]
LS:g=1,op=O6_WA_SWAP,accepted=false,fe=190,before=[219.3432154339945,9045.272012452171,12101.486846486843],after=[230.80604811927319,9084.794249949604,12101.486846486843]
LS:g=1,op=O7_MA_LOAD_TRANSFER,accepted=false,fe=191,before=[219.3432154339945,9045.272012452171,12101.486846486843],after=[193.44797905478802,9399.206645943063,12086.510156510154]
LS:g=1,op=O8_MA_WEAK_TO_STRONG,accepted=true,fe=192,before=[219.3432154339945,9045.272012452171,12101.486846486843],after=[242.16419818559817,8949.830006583621,12093.561438561434]
LS:g=1,op=O9_MA_SWAP,accepted=true,fe=193,before=[242.16419818559817,8949.830006583621,12093.561438561434],after=[242.16419818559817,8949.830006583621,12093.561438561434]
LS:g=1,op=CRITICAL_FACTORY_SWAP,accepted=true,fe=194,before=[220.69210998888536,8880.449376264658,11995.802530802528],after=[222.12023645297643,8700.249231976051,12059.13586413586]
LS:g=1,op=CRITICAL_FACTORY_INSERT,accepted=false,fe=195,before=[222.12023645297643,8700.249231976051,12059.13586413586],after=[192.8436439391095,8844.798078867188,12015.499500499498]
LS:g=1,op=O1_JS_INSERT,accepted=true,fe=196,before=[222.12023645297643,8700.249231976051,12059.13586413586],after=[222.12023645297643,8700.249231976051,12059.13586413586]
LS:g=1,op=O2_JS_REVERSE,accepted=true,fe=197,before=[222.12023645297643,8700.249231976051,12059.13586413586],after=[222.1202364529764,8689.766591739466,12059.13586413586]
LS:g=1,op=O3_JS_SWAP,accepted=true,fe=198,before=[222.1202364529764,8689.766591739466,12059.13586413586],after=[222.1202364529764,8689.766591739466,12059.13586413586]
LS:g=1,op=O4_WA_LOAD_TRANSFER,accepted=false,fe=199,before=[222.1202364529764,8689.766591739466,12059.13586413586],after=[222.1202364529764,8801.805524624988,12059.13586413586]
LS:g=1,op=O5_WA_WEAK_TO_STRONG,accepted=true,fe=200,before=[222.1202364529764,8689.766591739466,12059.13586413586],after=[226.92615422336368,8512.549254744406,12059.13586413586]
LS:g=1,op=O6_WA_SWAP,accepted=true,fe=201,before=[226.92615422336368,8512.549254744406,12059.13586413586],after=[226.92615422336368,8512.549254744406,12059.13586413586]
LS:g=1,op=O7_MA_LOAD_TRANSFER,accepted=false,fe=202,before=[226.92615422336368,8512.549254744406,12059.13586413586],after=[226.92615422336368,8679.539598916088,12174.520479520477]
LS:g=1,op=O8_MA_WEAK_TO_STRONG,accepted=true,fe=203,before=[226.92615422336368,8512.549254744406,12059.13586413586],after=[226.92615422336368,8412.45798672807,12004.850149850146]
LS:g=1,op=O9_MA_SWAP,accepted=true,fe=204,before=[226.92615422336368,8412.45798672807,12004.850149850146],after=[225.7363290023966,8385.360559092385,12001.003996003992]
LS:g=1,op=CRITICAL_FACTORY_SWAP,accepted=false,fe=205,before=[342.419890315771,10741.396017438303,11765.08325008325],after=[312.95129680526776,10716.124919812917,11839.480519480518]
LS:g=1,op=CRITICAL_FACTORY_INSERT,accepted=false,fe=206,before=[342.419890315771,10741.396017438303,11765.08325008325],after=[257.7539952671321,9973.270135051263,11911.749916749915]
LS:g=1,op=O1_JS_INSERT,accepted=true,fe=207,before=[342.419890315771,10741.396017438303,11765.08325008325],after=[342.419890315771,10741.396017438303,11765.08325008325]
LS:g=1,op=O2_JS_REVERSE,accepted=true,fe=208,before=[342.419890315771,10741.396017438303,11765.08325008325],after=[342.419890315771,10741.396017438303,11765.08325008325]
LS:g=1,op=O3_JS_SWAP,accepted=false,fe=209,before=[342.419890315771,10741.396017438303,11765.08325008325],after=[294.04219565887325,10619.124701148387,11781.5984015984]
LS:g=1,op=O4_WA_LOAD_TRANSFER,accepted=false,fe=210,before=[342.419890315771,10741.396017438303,11765.08325008325],after=[349.98094566291286,11038.845402270961,11799.325674325673]
LS:g=1,op=O5_WA_WEAK_TO_STRONG,accepted=false,fe=211,before=[342.419890315771,10741.396017438303,11765.08325008325],after=[304.6186660257703,10426.765049517388,11816.29537129537]
LS:g=1,op=O6_WA_SWAP,accepted=true,fe=212,before=[342.419890315771,10741.396017438303,11765.08325008325],after=[342.419890315771,10741.396017438303,11765.08325008325]
LS:g=1,op=O7_MA_LOAD_TRANSFER,accepted=true,fe=213,before=[342.419890315771,10741.396017438303,11765.08325008325],after=[342.419890315771,10826.905096221075,11765.08325008325]
LS:g=1,op=O8_MA_WEAK_TO_STRONG,accepted=true,fe=214,before=[342.419890315771,10826.905096221075,11765.08325008325],after=[342.419890315771,10826.905096221075,11765.08325008325]
LS:g=1,op=O9_MA_SWAP,accepted=false,fe=215,before=[342.419890315771,10826.905096221075,11765.08325008325],after=[281.24811800486856,10589.764619347448,11839.628704628703]
LS:g=1,op=CRITICAL_FACTORY_SWAP,accepted=true,fe=216,before=[316.84755055792067,9337.710249987013,11869.130869130866],after=[274.63768638952945,9394.512898218378,11865.039960039956]
LS:g=1,op=CRITICAL_FACTORY_INSERT,accepted=false,fe=217,before=[274.63768638952945,9394.512898218378,11865.039960039956],after=[274.63768638952945,9636.270373139534,11993.851148851145]
LS:g=1,op=O1_JS_INSERT,accepted=true,fe=218,before=[274.63768638952945,9394.512898218378,11865.039960039956],after=[274.63768638952945,9394.512898218378,11865.039960039956]
LS:g=1,op=O2_JS_REVERSE,accepted=true,fe=219,before=[274.63768638952945,9394.512898218378,11865.039960039956],after=[274.63768638952945,9235.669958833329,11849.130869130868]
LS:g=1,op=O3_JS_SWAP,accepted=true,fe=220,before=[274.63768638952945,9235.669958833329,11849.130869130868],after=[274.63768638952945,9235.669958833329,11849.130869130868]
LS:g=1,op=O4_WA_LOAD_TRANSFER,accepted=false,fe=221,before=[274.63768638952945,9235.669958833329,11849.130869130868],after=[268.81595335297465,9353.650120308714,11875.797535797534]
LS:g=1,op=O5_WA_WEAK_TO_STRONG,accepted=true,fe=222,before=[274.63768638952945,9235.669958833329,11849.130869130868],after=[298.60469049301406,9463.046938370673,11814.130869130866]
LS:g=1,op=O6_WA_SWAP,accepted=true,fe=223,before=[298.60469049301406,9463.046938370673,11814.130869130866],after=[305.20871741062683,9443.753538610006,11811.85814185814]
LS:g=1,op=O7_MA_LOAD_TRANSFER,accepted=true,fe=224,before=[305.20871741062683,9443.753538610006,11811.85814185814],after=[298.60469049301406,9860.014573268743,11805.97236097236]
LS:g=1,op=O8_MA_WEAK_TO_STRONG,accepted=true,fe=225,before=[298.60469049301406,9860.014573268743,11805.97236097236],after=[298.60469049301406,9654.64673093002,11795.074925074925]
LS:g=1,op=O9_MA_SWAP,accepted=true,fe=226,before=[298.60469049301406,9654.64673093002,11795.074925074925],after=[298.60469049301406,9683.955656537752,11768.792873792872]
LS:g=1,op=CRITICAL_FACTORY_SWAP,accepted=false,fe=227,before=[257.54411703723645,9943.913021666067,11830.762570762568],after=[257.54411703723645,10148.642410374907,11889.95171495171]
LS:g=1,op=CRITICAL_FACTORY_INSERT,accepted=false,fe=228,before=[257.54411703723645,9943.913021666067,11830.762570762568],after=[257.54411703723645,10197.58665563119,11905.048285048282]
LS:g=1,op=O1_JS_INSERT,accepted=false,fe=229,before=[257.54411703723645,9943.913021666067,11830.762570762568],after=[257.54411703723645,9811.894387287599,11852.58075258075]
LS:g=1,op=O2_JS_REVERSE,accepted=true,fe=230,before=[257.54411703723645,9943.913021666067,11830.762570762568],after=[257.54411703723645,9864.719263437155,11717.708957708957]
LS:g=1,op=O3_JS_SWAP,accepted=true,fe=231,before=[257.54411703723645,9864.719263437155,11717.708957708957],after=[257.54411703723645,9864.719263437155,11717.708957708957]
LS:g=1,op=O4_WA_LOAD_TRANSFER,accepted=true,fe=232,before=[257.54411703723645,9864.719263437155,11717.708957708957],after=[226.22726444680853,9807.50865600881,11710.1332001332]
LS:g=1,op=O5_WA_WEAK_TO_STRONG,accepted=false,fe=233,before=[226.22726444680853,9807.50865600881,11710.1332001332],after=[234.39424735277044,9843.926220881263,11758.466533466533]
LS:g=1,op=O6_WA_SWAP,accepted=true,fe=234,before=[226.22726444680853,9807.50865600881,11710.1332001332],after=[226.22726444680853,9807.50865600881,11710.1332001332]
LS:g=1,op=O7_MA_LOAD_TRANSFER,accepted=true,fe=235,before=[226.22726444680853,9807.50865600881,11710.1332001332],after=[226.15524893978358,9544.280876395087,11768.315018315017]
LS:g=1,op=O8_MA_WEAK_TO_STRONG,accepted=true,fe=236,before=[226.15524893978358,9544.280876395087,11768.315018315017],after=[226.15524893978358,9544.280876395087,11768.315018315017]
LS:g=1,op=O9_MA_SWAP,accepted=false,fe=237,before=[226.15524893978358,9544.280876395087,11768.315018315017],after=[226.15524893978358,9387.373436318248,11800.284715284715]
LS:g=1,op=CRITICAL_FACTORY_SWAP,accepted=false,fe=238,before=[349.2939449149237,10809.381764136793,12157.072927072926],after=[318.41340417997793,10938.26492683057,11991.27206127206]
LS:g=1,op=CRITICAL_FACTORY_INSERT,accepted=false,fe=239,before=[349.2939449149237,10809.381764136793,12157.072927072926],after=[298.35169063618577,10958.553438657282,12085.114885114883]
LS:g=1,op=O1_JS_INSERT,accepted=true,fe=240,before=[349.2939449149237,10809.381764136793,12157.072927072926],after=[348.5798816828782,10691.006829802158,12157.072927072926]
LS:g=1,op=O2_JS_REVERSE,accepted=true,fe=241,before=[348.5798816828782,10691.006829802158,12157.072927072926],after=[317.6993409479324,10799.538134939166,12157.072927072926]
LS:g=1,op=O3_JS_SWAP,accepted=false,fe=242,before=[317.6993409479324,10799.538134939166,12157.072927072926],after=[322.6977835722512,10980.226456691784,12157.072927072926]
LS:g=1,op=O4_WA_LOAD_TRANSFER,accepted=true,fe=243,before=[317.6993409479324,10799.538134939166,12157.072927072926],after=[300.25318533416777,10518.703677357322,12157.072927072926]
LS:g=1,op=O5_WA_WEAK_TO_STRONG,accepted=true,fe=244,before=[300.25318533416777,10518.703677357322,12157.072927072926],after=[246.36690687916175,10371.313398973185,12157.072927072926]
LS:g=1,op=O6_WA_SWAP,accepted=true,fe=245,before=[246.36690687916175,10371.313398973185,12157.072927072926],after=[246.36690687916175,10371.313398973185,12157.072927072926]
LS:g=1,op=O7_MA_LOAD_TRANSFER,accepted=false,fe=246,before=[246.36690687916175,10371.313398973185,12157.072927072926],after=[246.36690687916175,10616.616583918296,12181.4319014319]
LS:g=1,op=O8_MA_WEAK_TO_STRONG,accepted=false,fe=247,before=[246.36690687916175,10371.313398973185,12157.072927072926],after=[246.36690687916175,10154.1147045148,12163.949383949383]
LS:g=1,op=O9_MA_SWAP,accepted=false,fe=248,before=[246.36690687916175,10371.313398973185,12157.072927072926],after=[246.36690687916175,10539.994997023763,12164.590409590408]
LS:g=1,op=CRITICAL_FACTORY_SWAP,accepted=false,fe=249,before=[218.03389401596135,9576.091041928317,11706.838161838159],after=[216.45128813375896,9952.819187864066,11836.853146853146]
LS:g=1,op=CRITICAL_FACTORY_INSERT,accepted=false,fe=250,before=[218.03389401596135,9576.091041928317,11706.838161838159],after=[223.39073550618988,9582.207667153725,11807.978687978686]
LS:g=1,op=O1_JS_INSERT,accepted=true,fe=251,before=[218.03389401596135,9576.091041928317,11706.838161838159],after=[226.27392727245277,9474.794527252672,11796.383616383615]
LS:g=1,op=O2_JS_REVERSE,accepted=false,fe=252,before=[226.27392727245277,9474.794527252672,11796.383616383615],after=[240.79873165677665,9620.191245220103,11829.565434565435]
LS:g=1,op=O3_JS_SWAP,accepted=true,fe=253,before=[226.27392727245277,9474.794527252672,11796.383616383615],after=[200.62589786537464,9525.00461621168,11755.171495171493]
LS:g=1,op=O4_WA_LOAD_TRANSFER,accepted=false,fe=254,before=[200.62589786537464,9525.00461621168,11755.171495171493],after=[218.63920246560977,9690.376420647171,11755.171495171493]
LS:g=1,op=O5_WA_WEAK_TO_STRONG,accepted=false,fe=255,before=[200.62589786537464,9525.00461621168,11755.171495171493],after=[234.26201785399323,9499.480670323128,11721.232101232099]
LS:g=1,op=O6_WA_SWAP,accepted=true,fe=256,before=[200.62589786537464,9525.00461621168,11755.171495171493],after=[200.62589786537464,9525.00461621168,11755.171495171493]
LS:g=1,op=O7_MA_LOAD_TRANSFER,accepted=false,fe=257,before=[200.62589786537464,9525.00461621168,11755.171495171493],after=[200.62589786537464,9610.337841969584,11755.171495171493]
LS:g=1,op=O8_MA_WEAK_TO_STRONG,accepted=true,fe=258,before=[200.62589786537464,9525.00461621168,11755.171495171493],after=[200.62589786537464,9525.00461621168,11755.171495171493]
LS:g=1,op=O9_MA_SWAP,accepted=false,fe=259,before=[200.62589786537464,9525.00461621168,11755.171495171493],after=[227.77503226826056,9532.957770148769,11766.83816183816]
LS:g=1,op=CRITICAL_FACTORY_SWAP,accepted=false,fe=260,before=[233.58331095016152,10653.441271052781,11990.254745254746],after=[233.58331095016152,10755.501140758202,11997.70063270063]
LS:g=1,op=CRITICAL_FACTORY_INSERT,accepted=false,fe=261,before=[233.58331095016152,10653.441271052781,11990.254745254746],after=[233.58331095016152,11085.59229069247,12104.280719280716]
LS:g=1,op=O1_JS_INSERT,accepted=false,fe=262,before=[233.58331095016152,10653.441271052781,11990.254745254746],after=[246.71092673973635,11054.224386023154,11915.10323010323]
LS:g=1,op=O2_JS_REVERSE,accepted=false,fe=263,before=[233.58331095016152,10653.441271052781,11990.254745254746],after=[233.58331095016152,10751.500584045596,12007.224442224442]
LS:g=1,op=O3_JS_SWAP,accepted=false,fe=264,before=[233.58331095016152,10653.441271052781,11990.254745254746],after=[233.58331095016152,10732.774615593355,11842.375957375956]
LS:g=1,op=O4_WA_LOAD_TRANSFER,accepted=false,fe=265,before=[233.58331095016152,10653.441271052781,11990.254745254746],after=[247.24760311376826,11056.427537318285,11932.982017982018]
LS:g=1,op=O5_WA_WEAK_TO_STRONG,accepted=false,fe=266,before=[233.58331095016152,10653.441271052781,11990.254745254746],after=[253.49955642714562,10686.19465453411,11990.254745254746]
LS:g=1,op=O6_WA_SWAP,accepted=true,fe=267,before=[233.58331095016152,10653.441271052781,11990.254745254746],after=[233.58331095016152,10653.441271052781,11990.254745254746]
LS:g=1,op=O7_MA_LOAD_TRANSFER,accepted=true,fe=268,before=[233.58331095016152,10653.441271052781,11990.254745254746],after=[233.58331095016152,10716.13333030186,11976.31535131535]
LS:g=1,op=O8_MA_WEAK_TO_STRONG,accepted=true,fe=269,before=[233.58331095016152,10716.13333030186,11976.31535131535],after=[233.58331095016152,10716.13333030186,11976.31535131535]
LS:g=1,op=O9_MA_SWAP,accepted=true,fe=270,before=[233.58331095016152,10716.13333030186,11976.31535131535],after=[233.58331095016152,10470.422894316409,11959.19413919414]
GENERATION_END:g=1,fe=270,archive=9
GROUP:g=2,name=G1_CMAX,members=JS=[13, 14, 3, 4, 19, 15, 1, 17, 8, 11, 16, 0, 10, 7, 12, 6, 18, 2, 9, 5]|FA=[2, 2, 2, 0, 0, 2, 0, 2, 0, 0, 1, 0, 1, 2, 1, 1, 0, 1, 1, 2]|MA=[0, 1, 1, 1, 0, 1, 2, 0, 3, 2, 1, 3, 1, 0, 0, 0, 1, 1, 0, 1]|WA=[0, 1, 0, 1, 0, 1, 1, 1, 2, 2, 1, 1, 0, 0, 1, 1, 2, 0, 0, 1]@[187.37651146281385,9853.614450124875,11958.050283050281];JS=[13, 14, 3, 11, 9, 15, 1, 17, 8, 4, 16, 2, 10, 0, 5, 12, 19, 6, 18, 7]|FA=[0, 0, 1, 2, 2, 2, 0, 2, 0, 0, 1, 0, 1, 2, 1, 1, 0, 1, 0, 1]|MA=[1, 3, 1, 0, 1, 0, 0, 1, 0, 3, 0, 0, 1, 0, 0, 1, 0, 1, 0, 1]|WA=[0, 0, 1, 0, 1, 1, 1, 0, 1, 2, 1, 1, 0, 0, 1, 1, 2, 0, 0, 0]@[190.54776676618422,9766.35487803064,12103.241758241755];
GROUP:g=2,name=G2_TEC,members=JS=[3, 14, 13, 11, 9, 15, 4, 17, 8, 1, 2, 6, 10, 0, 19, 12, 18, 5, 16, 7]|FA=[0, 0, 0, 2, 2, 0, 0, 2, 0, 0, 1, 2, 1, 2, 1, 1, 0, 1, 0, 1]|MA=[3, 3, 0, 0, 0, 3, 2, 0, 3, 2, 1, 1, 1, 0, 0, 0, 0, 1, 0, 1]|WA=[1, 1, 1, 1, 1, 1, 1, 0, 2, 1, 1, 1, 0, 0, 1, 1, 2, 1, 1, 0]@[225.7363290023966,8385.360559092385,12001.003996003992];JS=[13, 14, 3, 11, 9, 15, 1, 17, 8, 4, 2, 6, 10, 0, 19, 12, 18, 5, 16, 7]|FA=[0, 0, 0, 2, 2, 2, 0, 2, 0, 0, 1, 0, 1, 2, 1, 1, 0, 1, 0, 1]|MA=[0, 3, 0, 0, 0, 0, 2, 0, 3, 2, 1, 3, 1, 0, 0, 0, 1, 1, 0, 1]|WA=[1, 1, 1, 1, 1, 0, 0, 0, 2, 1, 1, 0, 0, 0, 1, 1, 2, 1, 1, 0]@[220.69210998888536,8880.449376264658,11995.802530802528];
GROUP:g=2,name=G3_TWC,members=JS=[13, 5, 9, 4, 15, 8, 17, 12, 7, 11, 16, 19, 10, 3, 1, 0, 18, 2, 6, 14]|FA=[2, 0, 1, 2, 2, 2, 2, 2, 2, 2, 1, 0, 1, 2, 1, 1, 0, 1, 1, 2]|MA=[0, 0, 1, 1, 1, 0, 1, 0, 0, 0, 1, 3, 1, 0, 0, 0, 0, 0, 1, 0]|WA=[1, 2, 1, 0, 0, 1, 1, 1, 0, 1, 1, 1, 0, 1, 1, 1, 2, 0, 0, 1]@[218.03389401596135,9576.091041928317,11706.838161838159];JS=[11, 13, 5, 9, 4, 12, 8, 17, 15, 7, 16, 19, 10, 3, 1, 0, 18, 2, 6, 14]|FA=[2, 2, 0, 1, 2, 2, 2, 2, 2, 2, 1, 0, 1, 2, 1, 1, 0, 1, 1, 2]|MA=[0, 0, 0, 1, 1, 0, 0, 1, 1, 0, 1, 3, 1, 0, 0, 0, 0, 0, 1, 0]|WA=[1, 1, 2, 1, 0, 1, 1, 1, 0, 0, 1, 1, 0, 1, 1, 1, 2, 0, 0, 1]@[200.62589786537464,9525.00461621168,11755.171495171493];
GROUP:g=2,name=G4_CENTER,members=JS=[11, 13, 5, 9, 4, 12, 8, 17, 15, 7, 16, 19, 10, 3, 1, 0, 18, 2, 6, 14]|FA=[2, 2, 0, 1, 2, 2, 2, 2, 2, 2, 1, 0, 1, 2, 1, 1, 0, 1, 1, 2]|MA=[0, 0, 0, 1, 1, 0, 0, 1, 1, 0, 1, 3, 1, 0, 0, 0, 0, 0, 1, 0]|WA=[1, 1, 2, 1, 0, 1, 1, 1, 0, 0, 1, 1, 0, 1, 1, 1, 2, 0, 0, 1]@[200.62589786537464,9525.00461621168,11755.171495171493];JS=[13, 14, 3, 11, 9, 15, 1, 17, 8, 4, 16, 2, 10, 0, 5, 12, 19, 6, 18, 7]|FA=[0, 0, 1, 2, 2, 2, 0, 2, 0, 0, 1, 0, 1, 2, 1, 1, 0, 1, 0, 1]|MA=[1, 3, 1, 0, 1, 0, 0, 1, 0, 3, 0, 0, 1, 0, 0, 1, 0, 1, 0, 1]|WA=[0, 0, 1, 0, 1, 1, 1, 0, 1, 2, 1, 1, 0, 0, 1, 1, 2, 0, 0, 0]@[190.54776676618422,9766.35487803064,12103.241758241755];JS=[13, 14, 3, 11, 9, 15, 1, 17, 8, 4, 2, 6, 10, 0, 19, 12, 18, 5, 16, 7]|FA=[0, 0, 0, 2, 2, 2, 0, 2, 0, 0, 1, 0, 1, 2, 1, 1, 0, 1, 0, 1]|MA=[0, 3, 0, 0, 0, 0, 2, 0, 3, 2, 1, 3, 1, 0, 0, 0, 1, 1, 0, 1]|WA=[1, 1, 1, 1, 1, 0, 0, 0, 2, 1, 1, 0, 0, 0, 1, 1, 2, 1, 1, 0]@[220.69210998888536,8880.449376264658,11995.802530802528];JS=[13, 14, 3, 11, 9, 7, 1, 17, 8, 4, 16, 19, 10, 15, 12, 0, 18, 2, 6, 5]|FA=[2, 0, 1, 2, 2, 2, 0, 0, 0, 0, 1, 0, 1, 2, 1, 1, 0, 1, 1, 2]|MA=[0, 0, 1, 1, 1, 0, 2, 0, 3, 2, 1, 3, 1, 0, 0, 1, 1, 1, 0, 1]|WA=[1, 2, 1, 0, 0, 1, 1, 1, 2, 2, 1, 1, 0, 0, 1, 1, 2, 0, 0, 1]@[230.80604811927319,9188.494432890013,11977.022977022973];
OP:JS_INITIAL_SWAP:11:2
OP:JS_GUIDE:PBEST:r=0.34023407705046393:pairs=[(2,11)]
OP:JS_GUIDE:QGBEST:r=0.5309387403900956:pairs=[(2,11), (3,9), (4,18), (11,18)]
OP:JS_INITIAL_SWAP:5:0
OP:JS_GUIDE:PBEST:r=0.5561832390370253:pairs=[(0,5)]
OP:JS_GUIDE:QGBEST:r=0.5674908500565579:pairs=[(0,5), (11,16), (13,19), (14,15), (15,17), (16,18), (17,18), (18,19)]
OP:MA_MUTATE:9:2:1
OP:WA_MUTATE:2:1:1
Q:g=2,group=G1_CMAX,round=0,state=0,action=2,reward=-42.254360998223575,nextState=1,phase=BEFORE_LOCAL_SEARCH
OP:JS_INITIAL_SWAP:14:0
OP:JS_GUIDE:PBEST:r=0.05782876866961897:pairs=[(0,14)]
OP:JS_GUIDE:QGBEST:r=0.5401817728444279:pairs=[(0,14)]
OP:MA_MUTATE:1:1:0
OP:JS_INITIAL_SWAP:2:7
OP:JS_GUIDE:PBEST:r=0.3014853202676491:pairs=[(2,7), (11,16), (13,19), (14,15)]
OP:JS_GUIDE:QGBEST:r=0.2227503016058801:pairs=[(4,11), (11,19), (15,17), (16,18), (17,18), (18,19)]
OP:FA_MUTATE:6:0:0
OP:FA_SYNC_MA:6:2:3
OP:FA_SYNC_WA:6:1:1
Q:g=2,group=G1_CMAX,round=1,state=1,action=3,reward=11.219655266542361,nextState=0,phase=BEFORE_LOCAL_SEARCH
OP:JS_INITIAL_SWAP:1:10
OP:JS_GUIDE:PBEST:r=0.5484175183182448:pairs=[(1,10)]
OP:JS_GUIDE:QGBEST:r=0.10701769302672279:pairs=[(1,10)]
OP:JS_INITIAL_SWAP:19:2
OP:JS_GUIDE:PBEST:r=0.28100174250428267:pairs=[(2,19)]
OP:JS_GUIDE:QGBEST:r=0.34565229774230144:pairs=[(0,19), (2,19), (6,9)]
Q:g=2,group=G2_TEC,round=0,state=0,action=3,reward=-21.91157172086332,nextState=1,phase=BEFORE_LOCAL_SEARCH
OP:JS_INITIAL_SWAP:13:12
OP:JS_GUIDE:PBEST:r=0.24637888623872076:pairs=[(1,10), (12,13)]
OP:JS_GUIDE:QGBEST:r=0.43683706745912193:pairs=[(1,10), (12,13)]
OP:JS_INITIAL_SWAP:17:3
OP:JS_GUIDE:PBEST:r=0.4022601915072712:pairs=[(0,19), (2,19), (3,17)]
OP:JS_GUIDE:QGBEST:r=0.44092876846802964:pairs=[(0,19), (2,19), (3,17), (6,9)]
OP:MA_MUTATE:2:0:0
Q:g=2,group=G2_TEC,round=1,state=1,action=1,reward=-156.85962588971506,nextState=1,phase=BEFORE_LOCAL_SEARCH
OP:JS_INITIAL_SWAP:2:3
OP:JS_GUIDE:PBEST:r=0.18953076904009378:pairs=[(2,3)]
OP:JS_GUIDE:QGBEST:r=0.20668845322223295:pairs=[(0,10), (1,5), (2,18), (3,8), (4,8), (5,10), (6,16), (7,18), (8,16), (10,18), (11,15), (12,16), (14,17), (17,19), (18,19)]
OP:REPAIR:MA:8:2:1:[0,1]
OP:MA_MUTATE:1:0:1
OP:WA_MUTATE:8:0:0
OP:JS_INITIAL_SWAP:16:12
OP:JS_GUIDE:PBEST:r=0.3299367935232406:pairs=[(0,1), (1,2), (2,3), (3,4), (4,8), (5,6), (6,7), (8,9), (12,16)]
OP:JS_GUIDE:QGBEST:r=0.13409676801643478:pairs=[(0,10), (1,6), (2,18), (3,9), (4,9), (5,10), (6,12), (7,9), (8,9), (9,18), (11,15), (12,18), (14,17), (17,19), (18,19)]
OP:WA_MUTATE:2:2:1
Q:g=2,group=G3_TWC,round=0,state=0,action=2,reward=-211.9538794538803,nextState=1,phase=BEFORE_LOCAL_SEARCH
OP:JS_INITIAL_SWAP:14:19
OP:JS_GUIDE:PBEST:r=0.5056144156398084:pairs=[(0,10), (1,5), (2,3), (3,18), (14,19)]
OP:JS_GUIDE:QGBEST:r=0.4014109515642796:pairs=[(0,10), (1,5), (14,19)]
OP:WA_MUTATE:12:1:0
OP:JS_INITIAL_SWAP:2:14
OP:JS_GUIDE:PBEST:r=0.2833164402283842:pairs=[(0,10), (1,6), (2,3), (3,4), (4,8), (5,6), (6,7), (8,9), (9,14), (12,16)]
OP:JS_GUIDE:QGBEST:r=0.5707165708535102:pairs=[(0,10), (1,6), (2,18), (4,8), (5,6), (6,7), (8,9), (9,14), (12,16), (14,18)]
Q:g=2,group=G3_TWC,round=1,state=1,action=3,reward=-24.25491175491061,nextState=1,phase=BEFORE_LOCAL_SEARCH
OP:JS_INITIAL_SWAP:12:8
OP:JS_GUIDE:PBEST:r=0.040553642366253674:pairs=[(0,1), (1,19), (2,13), (3,19), (4,19), (5,9), (6,14), (8,14), (9,19), (12,14), (13,14), (14,19)]
OP:JS_GUIDE:QGBEST:r=0.51987412799912:pairs=[(8,12)]
OP:REPAIR:MA:6:2:1:[0,1]
OP:REPAIR:MA:7:3:1:[0,1]
OP:REPAIR:MA:8:3:1:[0,1]
OP:REPAIR:MA:9:2:1:[0,1]
OP:WA_MUTATE:14:1:1
OP:JS_INITIAL_SWAP:0:8
OP:JS_GUIDE:PBEST:r=0.5889950554863133:pairs=[(0,8)]
OP:JS_GUIDE:QGBEST:r=0.110079352851348:pairs=[(0,3), (1,8), (2,14), (3,4), (4,9), (5,15), (6,9), (8,15), (9,19), (11,16), (13,14), (14,19), (15,19), (16,18), (17,18)]
OP:JS_INITIAL_SWAP:11:12
OP:JS_GUIDE:PBEST:r=0.3922280885160268:pairs=[(2,6), (3,5), (8,17), (9,17), (10,17), (11,12)]
OP:JS_GUIDE:QGBEST:r=0.4864998201855715:pairs=[(0,5), (1,5), (2,17), (3,4), (4,9), (5,15), (6,8), (8,9), (9,19), (10,18), (11,14), (12,14), (13,19), (14,17), (15,19), (17,18)]
OP:JS_INITIAL_SWAP:0:18
OP:JS_GUIDE:PBEST:r=0.2675842662447663:pairs=[(0,18)]
OP:JS_GUIDE:QGBEST:r=0.24783751429249484:pairs=[(0,3), (1,18), (2,19), (3,4), (4,9), (5,14), (6,8), (8,13), (9,14), (13,19), (14,19), (18,19)]
OP:FA_MUTATE:2:1:2
OP:FA_SYNC_MA:2:1:1
OP:FA_SYNC_WA:2:1:0
Q:g=2,group=G4_CENTER,round=0,state=0,action=3,reward=-0.12712402356988503,nextState=1,phase=BEFORE_LOCAL_SEARCH
OP:JS_INITIAL_SWAP:2:19
OP:JS_GUIDE:PBEST:r=0.5029111833305611:pairs=[(2,19), (8,12)]
OP:JS_GUIDE:QGBEST:r=0.4807163790751683:pairs=[]
OP:MA_MUTATE:5:0:1
OP:WA_MUTATE:0:1:0
OP:JS_INITIAL_SWAP:6:13
OP:JS_GUIDE:PBEST:r=0.5200993132570655:pairs=[(0,8), (3,8), (6,13)]
OP:JS_GUIDE:QGBEST:r=0.17848727497536418:pairs=[(0,8), (1,8), (2,14), (3,4), (4,9), (5,15), (6,9), (8,12), (9,19), (11,16), (12,15), (13,14), (15,19), (16,18), (17,18)]
OP:FA_MUTATE:10:1:2
OP:FA_SYNC_MA:10:1:1
OP:FA_SYNC_WA:10:1:1
OP:JS_INITIAL_SWAP:0:10
OP:JS_GUIDE:PBEST:r=0.2881357175635058:pairs=[(0,1), (1,15), (2,17), (3,9), (4,9), (5,10), (6,8), (8,17), (9,17), (10,17), (11,12), (15,17)]
OP:JS_GUIDE:QGBEST:r=0.1432831897233854:pairs=[(0,10), (1,10), (2,17), (8,11), (9,19), (10,18), (11,14), (12,19), (13,14), (14,17), (15,17), (18,19)]
OP:REPAIR:MA:6:2:1:[0,1]
OP:REPAIR:MA:8:3:1:[0,1]
OP:REPAIR:MA:9:2:0:[0,1]
OP:REPAIR:WA:8:2:1:[0,1]
OP:REPAIR:MA:9:2:1:[0,1]
OP:JS_INITIAL_SWAP:15:6
OP:JS_GUIDE:PBEST:r=0.3373795023686556:pairs=[(0,1), (1,18), (3,18), (6,15)]
OP:JS_GUIDE:QGBEST:r=0.03412375356631187:pairs=[(0,1), (2,19), (3,4), (4,9), (5,14), (6,8), (8,12), (9,14), (12,13), (13,19), (14,15), (15,19), (18,19)]
OP:MA_MUTATE:5:0:0
Q:g=2,group=G4_CENTER,round=1,state=1,action=3,reward=-0.00410129475612714,nextState=1,phase=BEFORE_LOCAL_SEARCH
LS:g=2,op=CRITICAL_FACTORY_SWAP,accepted=false,fe=291,before=[203.73186454857782,10140.82509762954,11976.103896103892],after=[216.33941027646912,10017.921222881701,12069.660339660337]
LS:g=2,op=CRITICAL_FACTORY_INSERT,accepted=true,fe=292,before=[203.73186454857782,10140.82509762954,11976.103896103892],after=[203.73186454857782,10255.388086329021,12011.883116883113]
LS:g=2,op=O1_JS_INSERT,accepted=true,fe=293,before=[203.73186454857782,10255.388086329021,12011.883116883113],after=[202.5158853157863,9853.944808238246,12163.246753246747]
LS:g=2,op=O2_JS_REVERSE,accepted=true,fe=294,before=[202.5158853157863,9853.944808238246,12163.246753246747],after=[202.5158853157863,9826.943614355036,12164.761904761901]
LS:g=2,op=O3_JS_SWAP,accepted=true,fe=295,before=[202.5158853157863,9826.943614355036,12164.761904761901],after=[202.5158853157863,9853.944808238246,12163.246753246747]
LS:g=2,op=O4_WA_LOAD_TRANSFER,accepted=false,fe=296,before=[202.5158853157863,9853.944808238246,12163.246753246747],after=[203.6605120112497,9887.69042208791,12138.246753246749]
LS:g=2,op=O5_WA_WEAK_TO_STRONG,accepted=false,fe=297,before=[202.5158853157863,9853.944808238246,12163.246753246747],after=[212.88668258950213,9684.011607143988,12192.792207792203]
LS:g=2,op=O6_WA_SWAP,accepted=false,fe=298,before=[202.5158853157863,9853.944808238246,12163.246753246747],after=[224.20411005442145,9748.89884049864,12160.974025974021]
LS:g=2,op=O7_MA_LOAD_TRANSFER,accepted=false,fe=299,before=[202.5158853157863,9853.944808238246,12163.246753246747],after=[237.46868438059698,9621.767488025938,12172.920412920408]
LS:g=2,op=O8_MA_WEAK_TO_STRONG,accepted=false,fe=300,before=[202.5158853157863,9853.944808238246,12163.246753246747],after=[203.47644728846188,9712.790331683384,12171.638361638357]
LS:g=2,op=O9_MA_SWAP,accepted=false,fe=301,before=[202.5158853157863,9853.944808238246,12163.246753246747],after=[278.2729778721588,9773.670214103031,12223.852813852809]
LS:g=2,op=CRITICAL_FACTORY_SWAP,accepted=true,fe=302,before=[236.2618251437827,9874.32772949721,12173.374958374956],after=[195.31845565943775,10513.936935943962,12133.954378954377]
LS:g=2,op=CRITICAL_FACTORY_INSERT,accepted=false,fe=303,before=[195.31845565943775,10513.936935943962,12133.954378954377],after=[292.08457062279757,11049.583186242911,12001.746586746583]
LS:g=2,op=O1_JS_INSERT,accepted=true,fe=304,before=[195.31845565943775,10513.936935943962,12133.954378954377],after=[194.60029429178755,10402.90924916469,12148.348318348317]
LS:g=2,op=O2_JS_REVERSE,accepted=false,fe=305,before=[194.60029429178755,10402.90924916469,12148.348318348317],after=[214.23000893828313,10653.036900649024,12150.924075924073]
LS:g=2,op=O3_JS_SWAP,accepted=false,fe=306,before=[194.60029429178755,10402.90924916469,12148.348318348317],after=[226.42929247399434,10437.590536758053,12171.833166833167]
LS:g=2,op=O4_WA_LOAD_TRANSFER,accepted=true,fe=307,before=[194.60029429178755,10402.90924916469,12148.348318348317],after=[193.27188959741565,10335.550978863203,12141.530136530135]
LS:g=2,op=O5_WA_WEAK_TO_STRONG,accepted=false,fe=308,before=[193.27188959741565,10335.550978863203,12141.530136530135],after=[197.14768701119823,10211.780336074205,12141.530136530135]
LS:g=2,op=O6_WA_SWAP,accepted=false,fe=309,before=[193.27188959741565,10335.550978863203,12141.530136530135],after=[231.50072797212331,10493.072887806158,12141.530136530135]
LS:g=2,op=O7_MA_LOAD_TRANSFER,accepted=true,fe=310,before=[193.27188959741565,10335.550978863203,12141.530136530135],after=[193.27188959741565,10335.550978863203,12141.530136530135]
LS:g=2,op=O8_MA_WEAK_TO_STRONG,accepted=true,fe=311,before=[193.27188959741565,10335.550978863203,12141.530136530135],after=[191.33157081465242,9958.080840079945,12050.101565101562]
LS:g=2,op=O9_MA_SWAP,accepted=true,fe=312,before=[191.33157081465242,9958.080840079945,12050.101565101562],after=[191.33157081465242,9958.080840079945,12050.101565101562]
LS:g=2,op=CRITICAL_FACTORY_SWAP,accepted=false,fe=313,before=[227.87801440013735,8605.044367529628,12008.384948384946],after=[241.28598604075282,8887.189942193107,12037.30103230103]
LS:g=2,op=CRITICAL_FACTORY_INSERT,accepted=false,fe=314,before=[227.87801440013735,8605.044367529628,12008.384948384946],after=[230.3816752540898,8611.21282774621,11950.203130203128]
LS:g=2,op=O1_JS_INSERT,accepted=true,fe=315,before=[227.87801440013735,8605.044367529628,12008.384948384946],after=[227.87801440013735,8605.044367529628,12008.384948384946]
LS:g=2,op=O2_JS_REVERSE,accepted=true,fe=316,before=[227.87801440013735,8605.044367529628,12008.384948384946],after=[227.87801440013735,8605.044367529628,12008.384948384946]
LS:g=2,op=O3_JS_SWAP,accepted=true,fe=317,before=[227.87801440013735,8605.044367529628,12008.384948384946],after=[227.87801440013735,8605.044367529628,12008.384948384946]
LS:g=2,op=O4_WA_LOAD_TRANSFER,accepted=false,fe=318,before=[227.87801440013735,8605.044367529628,12008.384948384946],after=[227.71878463188762,8990.5418173437,12008.384948384946]
LS:g=2,op=O5_WA_WEAK_TO_STRONG,accepted=true,fe=319,before=[227.87801440013735,8605.044367529628,12008.384948384946],after=[227.87801440013735,8605.044367529628,12008.384948384946]
LS:g=2,op=O6_WA_SWAP,accepted=false,fe=320,before=[227.87801440013735,8605.044367529628,12008.384948384946],after=[227.87801440013735,8641.499845775485,12008.384948384946]
LS:g=2,op=O7_MA_LOAD_TRANSFER,accepted=false,fe=321,before=[227.87801440013735,8605.044367529628,12008.384948384946],after=[234.0651055491662,8752.582694929548,12082.670662670662]
LS:g=2,op=O8_MA_WEAK_TO_STRONG,accepted=true,fe=322,before=[227.87801440013735,8605.044367529628,12008.384948384946],after=[227.87801440013735,8605.044367529628,12008.384948384946]
LS:g=2,op=O9_MA_SWAP,accepted=true,fe=323,before=[227.87801440013735,8605.044367529628,12008.384948384946],after=[227.87801440013735,8605.044367529628,12008.384948384946]
LS:g=2,op=CRITICAL_FACTORY_SWAP,accepted=true,fe=324,before=[214.26554090047554,9018.307963048572,12032.429237429234],after=[239.25165927252965,9008.764105397733,12200.954045954044]
LS:g=2,op=CRITICAL_FACTORY_INSERT,accepted=true,fe=325,before=[239.25165927252965,9008.764105397733,12200.954045954044],after=[277.5815403725877,8977.939704585635,12210.184815184813]
LS:g=2,op=O1_JS_INSERT,accepted=true,fe=326,before=[277.5815403725877,8977.939704585635,12210.184815184813],after=[277.5815403725877,8977.939704585635,12210.184815184813]
LS:g=2,op=O2_JS_REVERSE,accepted=true,fe=327,before=[277.5815403725877,8977.939704585635,12210.184815184813],after=[277.5815403725877,8977.939704585635,12210.184815184813]
LS:g=2,op=O3_JS_SWAP,accepted=true,fe=328,before=[277.5815403725877,8977.939704585635,12210.184815184813],after=[277.5815403725877,8945.69280880147,12210.184815184813]
LS:g=2,op=O4_WA_LOAD_TRANSFER,accepted=false,fe=329,before=[277.5815403725877,8945.69280880147,12210.184815184813],after=[277.5815403725877,9233.983816324468,12210.184815184813]
LS:g=2,op=O5_WA_WEAK_TO_STRONG,accepted=true,fe=330,before=[277.5815403725877,8945.69280880147,12210.184815184813],after=[277.5815403725877,8812.574764322855,12210.184815184813]
LS:g=2,op=O6_WA_SWAP,accepted=true,fe=331,before=[277.5815403725877,8812.574764322855,12210.184815184813],after=[277.5815403725877,8812.574764322855,12210.184815184813]
LS:g=2,op=O7_MA_LOAD_TRANSFER,accepted=true,fe=332,before=[277.5815403725877,8812.574764322855,12210.184815184813],after=[277.5815403725877,8784.293534070639,12195.899100899098]
LS:g=2,op=O8_MA_WEAK_TO_STRONG,accepted=true,fe=333,before=[277.5815403725877,8784.293534070639,12195.899100899098],after=[277.5815403725877,8471.717932742116,12058.756243756241]
LS:g=2,op=O9_MA_SWAP,accepted=false,fe=334,before=[277.5815403725877,8471.717932742116,12058.756243756241],after=[277.5815403725877,8527.410938673405,12054.140859140856]
LS:g=2,op=CRITICAL_FACTORY_SWAP,accepted=true,fe=335,before=[312.09319765835704,10925.271764211182,11861.606726606724],after=[281.6539003041704,10005.336265257074,11776.368631368628]
LS:g=2,op=CRITICAL_FACTORY_INSERT,accepted=false,fe=336,before=[281.6539003041704,10005.336265257074,11776.368631368628],after=[258.8890626633551,10325.526175725947,11995.026640026637]
LS:g=2,op=O1_JS_INSERT,accepted=false,fe=337,before=[281.6539003041704,10005.336265257074,11776.368631368628],after=[281.6539003041704,10336.7367509287,11796.368631368628]
LS:g=2,op=O2_JS_REVERSE,accepted=false,fe=338,before=[281.6539003041704,10005.336265257074,11776.368631368628],after=[281.6539003041704,10296.787257673348,11809.853479853477]
LS:g=2,op=O3_JS_SWAP,accepted=true,fe=339,before=[281.6539003041704,10005.336265257074,11776.368631368628],after=[281.6539003041704,10005.336265257074,11776.368631368628]
LS:g=2,op=O4_WA_LOAD_TRANSFER,accepted=false,fe=340,before=[281.6539003041704,10005.336265257074,11776.368631368628],after=[316.7962116247684,10486.175399898388,11861.217116217114]
LS:g=2,op=O5_WA_WEAK_TO_STRONG,accepted=false,fe=341,before=[281.6539003041704,10005.336265257074,11776.368631368628],after=[268.60043966173487,10113.303245706793,11799.0959040959]
LS:g=2,op=O6_WA_SWAP,accepted=true,fe=342,before=[281.6539003041704,10005.336265257074,11776.368631368628],after=[310.2138547480665,10476.904176130096,11757.883782883779]
LS:g=2,op=O7_MA_LOAD_TRANSFER,accepted=false,fe=343,before=[310.2138547480665,10476.904176130096,11757.883782883779],after=[280.4479203865182,10377.453594522041,11857.883782883779]
LS:g=2,op=O8_MA_WEAK_TO_STRONG,accepted=true,fe=344,before=[310.2138547480665,10476.904176130096,11757.883782883779],after=[310.2138547480665,10476.904176130096,11757.883782883779]
LS:g=2,op=O9_MA_SWAP,accepted=true,fe=345,before=[310.2138547480665,10476.904176130096,11757.883782883779],after=[310.2138547480665,10476.904176130096,11757.883782883779]
LS:g=2,op=CRITICAL_FACTORY_SWAP,accepted=false,fe=346,before=[250.26696790882517,9655.74052445235,12072.82051282051],after=[226.85015086031626,9682.563305548769,12125.128205128201]
LS:g=2,op=CRITICAL_FACTORY_INSERT,accepted=false,fe=347,before=[250.26696790882517,9655.74052445235,12072.82051282051],after=[207.53052423956456,9379.606700028438,12206.959706959706]
LS:g=2,op=O1_JS_INSERT,accepted=true,fe=348,before=[250.26696790882517,9655.74052445235,12072.82051282051],after=[250.26696790882517,9655.74052445235,12072.82051282051]
LS:g=2,op=O2_JS_REVERSE,accepted=false,fe=349,before=[250.26696790882517,9655.74052445235,12072.82051282051],after=[250.26696790882517,9543.067358160122,12127.82051282051]
LS:g=2,op=O3_JS_SWAP,accepted=true,fe=350,before=[250.26696790882517,9655.74052445235,12072.82051282051],after=[250.26696790882517,9655.74052445235,12072.82051282051]
LS:g=2,op=O4_WA_LOAD_TRANSFER,accepted=false,fe=351,before=[250.26696790882517,9655.74052445235,12072.82051282051],after=[258.6899519417828,9886.988490440734,12116.456876456874]
LS:g=2,op=O5_WA_WEAK_TO_STRONG,accepted=false,fe=352,before=[250.26696790882517,9655.74052445235,12072.82051282051],after=[235.05365884230537,9494.103389200318,12127.82051282051]
LS:g=2,op=O6_WA_SWAP,accepted=true,fe=353,before=[250.26696790882517,9655.74052445235,12072.82051282051],after=[250.26696790882517,9655.74052445235,12072.82051282051]
LS:g=2,op=O7_MA_LOAD_TRANSFER,accepted=true,fe=354,before=[250.26696790882517,9655.74052445235,12072.82051282051],after=[250.26696790882517,9752.525999820971,12072.82051282051]
LS:g=2,op=O8_MA_WEAK_TO_STRONG,accepted=true,fe=355,before=[250.26696790882517,9752.525999820971,12072.82051282051],after=[250.26696790882517,9752.525999820971,12072.82051282051]
LS:g=2,op=O9_MA_SWAP,accepted=true,fe=356,before=[250.26696790882517,9752.525999820971,12072.82051282051],after=[250.26696790882517,9752.525999820971,12072.82051282051]
LS:g=2,op=CRITICAL_FACTORY_SWAP,accepted=false,fe=357,before=[222.41210314958357,9936.79918627395,11841.953046953045],after=[228.40746947100845,10207.994127238635,11877.407592407591]
LS:g=2,op=CRITICAL_FACTORY_INSERT,accepted=true,fe=358,before=[222.41210314958357,9936.79918627395,11841.953046953045],after=[205.7460378289501,10003.520800167978,11976.033966033965]
LS:g=2,op=O1_JS_INSERT,accepted=false,fe=359,before=[205.7460378289501,10003.520800167978,11976.033966033965],after=[205.7460378289501,10003.520800167978,11976.033966033965]
LS:g=2,op=O2_JS_REVERSE,accepted=true,fe=360,before=[205.7460378289501,10003.520800167978,11976.033966033965],after=[216.14096438981198,9931.241623075202,11997.595737595735]
LS:g=2,op=O3_JS_SWAP,accepted=false,fe=361,before=[216.14096438981198,9931.241623075202,11997.595737595735],after=[231.70780409913306,10175.424443902815,11929.716949716947]
LS:g=2,op=O4_WA_LOAD_TRANSFER,accepted=false,fe=362,before=[216.14096438981198,9931.241623075202,11997.595737595735],after=[231.53181299648418,10081.994419653192,12017.292707292705]
LS:g=2,op=O5_WA_WEAK_TO_STRONG,accepted=true,fe=363,before=[216.14096438981198,9931.241623075202,11997.595737595735],after=[211.02082442623646,9548.17178951001,11962.595737595737]
LS:g=2,op=O6_WA_SWAP,accepted=false,fe=364,before=[211.02082442623646,9548.17178951001,11962.595737595737],after=[222.46781883787253,9974.68932064824,11929.716949716947]
LS:g=2,op=O7_MA_LOAD_TRANSFER,accepted=false,fe=365,before=[211.02082442623646,9548.17178951001,11962.595737595737],after=[206.99091618058918,9638.675893812648,11951.232101232099]
LS:g=2,op=O8_MA_WEAK_TO_STRONG,accepted=true,fe=366,before=[211.02082442623646,9548.17178951001,11962.595737595737],after=[211.02082442623646,9548.17178951001,11962.595737595737]
LS:g=2,op=O9_MA_SWAP,accepted=true,fe=367,before=[211.02082442623646,9548.17178951001,11962.595737595737],after=[211.02082442623646,9548.17178951001,11962.595737595737]
LS:g=2,op=CRITICAL_FACTORY_SWAP,accepted=false,fe=368,before=[222.47359268061487,10262.916599611295,12260.417915417913],after=[236.04079408948004,10372.705878235516,12133.391608391606]
LS:g=2,op=CRITICAL_FACTORY_INSERT,accepted=true,fe=369,before=[222.47359268061487,10262.916599611295,12260.417915417913],after=[199.18235080251938,10343.644587952838,12207.853812853811]
LS:g=2,op=O1_JS_INSERT,accepted=true,fe=370,before=[199.18235080251938,10343.644587952838,12207.853812853811],after=[199.18235080251938,10343.644587952838,12207.853812853811]
LS:g=2,op=O2_JS_REVERSE,accepted=false,fe=371,before=[199.18235080251938,10343.644587952838,12207.853812853811],after=[199.18235080251938,10389.992417548767,12098.762903762903]
LS:g=2,op=O3_JS_SWAP,accepted=true,fe=372,before=[199.18235080251938,10343.644587952838,12207.853812853811],after=[199.18235080251938,10389.992417548767,12098.762903762903]
LS:g=2,op=O4_WA_LOAD_TRANSFER,accepted=true,fe=373,before=[199.18235080251938,10389.992417548767,12098.762903762903],after=[199.18235080251938,10207.713333097712,12098.762903762903]
LS:g=2,op=O5_WA_WEAK_TO_STRONG,accepted=false,fe=374,before=[199.18235080251938,10207.713333097712,12098.762903762903],after=[202.5299123534216,9955.534614852857,12098.762903762903]
LS:g=2,op=O6_WA_SWAP,accepted=false,fe=375,before=[199.18235080251938,10207.713333097712,12098.762903762903],after=[199.18235080251938,10208.190616050435,12098.762903762903]
LS:g=2,op=O7_MA_LOAD_TRANSFER,accepted=true,fe=376,before=[199.18235080251938,10207.713333097712,12098.762903762903],after=[199.18235080251938,10174.952345277958,12054.916749916749]
LS:g=2,op=O8_MA_WEAK_TO_STRONG,accepted=true,fe=377,before=[199.18235080251938,10174.952345277958,12054.916749916749],after=[198.38420820688123,9993.679777158372,12012.958707958707]
LS:g=2,op=O9_MA_SWAP,accepted=false,fe=378,before=[198.38420820688123,9993.679777158372,12012.958707958707],after=[202.52991235342157,9794.92246135654,11976.035631035631]
LS:g=2,op=CRITICAL_FACTORY_SWAP,accepted=true,fe=379,before=[225.1359106706888,9549.193042660403,12059.363969363967],after=[305.2477342676412,9835.888555895091,11914.315684315681]
LS:g=2,op=CRITICAL_FACTORY_INSERT,accepted=false,fe=380,before=[305.2477342676412,9835.888555895091,11914.315684315681],after=[259.15941266353656,9752.703378288876,12020.213120213119]
LS:g=2,op=O1_JS_INSERT,accepted=false,fe=381,before=[305.2477342676412,9835.888555895091,11914.315684315681],after=[247.3852271871071,9639.036107482025,11915.830835830833]
LS:g=2,op=O2_JS_REVERSE,accepted=true,fe=382,before=[305.2477342676412,9835.888555895091,11914.315684315681],after=[305.2477342676412,9617.249218693063,11895.982350982349]
LS:g=2,op=O3_JS_SWAP,accepted=true,fe=383,before=[305.2477342676412,9617.249218693063,11895.982350982349],after=[225.22164857324134,9562.6940679196,11988.558108558107]
LS:g=2,op=O4_WA_LOAD_TRANSFER,accepted=true,fe=384,before=[225.22164857324134,9562.6940679196,11988.558108558107],after=[281.8393764866305,9865.746255634453,11888.709623709621]
LS:g=2,op=O5_WA_WEAK_TO_STRONG,accepted=false,fe=385,before=[281.8393764866305,9865.746255634453,11888.709623709621],after=[237.80336588732786,9562.493787280084,11897.649017649017]
LS:g=2,op=O6_WA_SWAP,accepted=true,fe=386,before=[281.8393764866305,9865.746255634453,11888.709623709621],after=[281.8393764866305,9865.746255634453,11888.709623709621]
LS:g=2,op=O7_MA_LOAD_TRANSFER,accepted=false,fe=387,before=[281.8393764866305,9865.746255634453,11888.709623709621],after=[281.8393764866305,10080.717008792346,11888.709623709621]
LS:g=2,op=O8_MA_WEAK_TO_STRONG,accepted=true,fe=388,before=[281.8393764866305,9865.746255634453,11888.709623709621],after=[281.8393764866305,9865.746255634453,11888.709623709621]
LS:g=2,op=O9_MA_SWAP,accepted=true,fe=389,before=[281.8393764866305,9865.746255634453,11888.709623709621],after=[281.8393764866305,9840.062244780962,11910.527805527805]
LS:g=2,op=CRITICAL_FACTORY_SWAP,accepted=true,fe=390,before=[230.27179746435496,9484.23814107428,11937.417582417582],after=[218.90805336185792,9703.844289046287,11906.473526473525]
LS:g=2,op=CRITICAL_FACTORY_INSERT,accepted=true,fe=391,before=[218.90805336185792,9703.844289046287,11906.473526473525],after=[182.82956028529813,9824.837739449125,11950.17982017982]
LS:g=2,op=O1_JS_INSERT,accepted=true,fe=392,before=[182.82956028529813,9824.837739449125,11950.17982017982],after=[182.82956028529813,9824.837739449125,11950.17982017982]
LS:g=2,op=O2_JS_REVERSE,accepted=true,fe=393,before=[182.82956028529813,9824.837739449125,11950.17982017982],after=[182.82956028529813,9824.837739449125,11950.17982017982]
LS:g=2,op=O3_JS_SWAP,accepted=false,fe=394,before=[182.82956028529813,9824.837739449125,11950.17982017982],after=[182.82956028529813,9824.837739449125,11950.17982017982]
LS:g=2,op=O4_WA_LOAD_TRANSFER,accepted=false,fe=395,before=[182.82956028529813,9824.837739449125,11950.17982017982],after=[222.2148833007584,10390.406617130764,11902.149517149517]
LS:g=2,op=O5_WA_WEAK_TO_STRONG,accepted=false,fe=396,before=[182.82956028529813,9824.837739449125,11950.17982017982],after=[200.3418232760415,9884.008237831184,11989.573759573757]
LS:g=2,op=O6_WA_SWAP,accepted=false,fe=397,before=[182.82956028529813,9824.837739449125,11950.17982017982],after=[224.72067504627697,10356.549448907323,11890.78588078588]
LS:g=2,op=O7_MA_LOAD_TRANSFER,accepted=false,fe=398,before=[182.82956028529813,9824.837739449125,11950.17982017982],after=[182.82956028529813,9875.004061710193,11993.058608058607]
LS:g=2,op=O8_MA_WEAK_TO_STRONG,accepted=true,fe=399,before=[182.82956028529813,9824.837739449125,11950.17982017982],after=[182.82956028529813,9824.837739449125,11950.17982017982]
LS:g=2,op=O9_MA_SWAP,accepted=false,fe=400,before=[182.82956028529813,9824.837739449125,11950.17982017982],after=[182.82956028529813,9963.305138172089,12011.39194139194]
GENERATION_END:g=2,fe=400,archive=11
GROUP:g=3,name=G1_CMAX,members=JS=[13, 11, 3, 6, 9, 5, 7, 0, 17, 8, 4, 16, 19, 10, 15, 12, 1, 18, 2, 14]|FA=[2, 0, 2, 2, 2, 2, 2, 0, 0, 0, 1, 1, 0, 0, 2, 1, 0, 0, 1, 1]|MA=[0, 0, 1, 1, 1, 1, 0, 2, 0, 3, 0, 1, 3, 0, 0, 0, 1, 1, 1, 0]|WA=[1, 2, 0, 1, 0, 1, 1, 1, 1, 0, 0, 1, 1, 0, 1, 1, 1, 2, 0, 0]@[182.82956028529813,9824.837739449125,11950.17982017982];JS=[11, 13, 5, 9, 4, 12, 8, 17, 10, 7, 16, 19, 15, 14, 6, 2, 18, 0, 1, 3]|FA=[2, 2, 0, 1, 0, 2, 2, 2, 2, 2, 1, 0, 1, 2, 1, 1, 0, 1, 1, 2]|MA=[0, 0, 1, 1, 0, 1, 0, 1, 1, 0, 1, 3, 1, 0, 1, 0, 0, 0, 0, 0]|WA=[1, 1, 2, 1, 0, 1, 1, 1, 0, 0, 1, 1, 0, 1, 0, 0, 2, 1, 1, 1]@[211.02082442623646,9548.17178951001,11962.595737595737];
GROUP:g=3,name=G2_TEC,members=JS=[4, 14, 1, 7, 5, 9, 15, 17, 8, 3, 2, 6, 10, 0, 19, 12, 18, 11, 16, 13]|FA=[0, 0, 0, 0, 2, 2, 2, 2, 1, 0, 1, 1, 1, 2, 0, 1, 0, 1, 0, 1]|MA=[2, 3, 2, 0, 0, 0, 0, 0, 1, 3, 1, 1, 1, 0, 3, 0, 1, 1, 0, 1]|WA=[1, 1, 1, 1, 1, 1, 0, 0, 1, 1, 1, 0, 0, 0, 1, 1, 2, 1, 1, 0]@[277.5815403725877,8471.717932742116,12058.756243756241];JS=[3, 18, 2, 13, 11, 9, 15, 4, 17, 1, 8, 14, 6, 0, 10, 19, 12, 5, 16, 7]|FA=[0, 0, 0, 0, 2, 2, 0, 0, 2, 0, 0, 1, 2, 1, 2, 1, 1, 1, 0, 1]|MA=[3, 0, 3, 0, 0, 0, 3, 2, 0, 2, 3, 1, 1, 1, 0, 0, 0, 1, 0, 1]|WA=[1, 2, 1, 1, 1, 1, 1, 1, 0, 1, 2, 1, 1, 0, 0, 1, 1, 1, 1, 0]@[227.87801440013735,8605.044367529628,12008.384948384946];
GROUP:g=3,name=G3_TWC,members=JS=[16, 5, 6, 9, 15, 8, 17, 12, 7, 11, 13, 19, 10, 3, 14, 0, 18, 2, 4, 1]|FA=[2, 2, 1, 2, 2, 2, 2, 2, 2, 2, 1, 0, 1, 2, 1, 1, 0, 1, 0, 2]|MA=[0, 0, 1, 1, 1, 0, 0, 1, 1, 0, 1, 1, 1, 0, 1, 0, 0, 0, 3, 0]|WA=[0, 0, 1, 0, 0, 1, 1, 1, 1, 1, 1, 1, 0, 0, 0, 1, 2, 0, 1, 1]@[310.2138547480665,10476.904176130096,11757.883782883779];JS=[11, 13, 5, 9, 4, 12, 8, 17, 10, 7, 16, 19, 15, 3, 1, 0, 18, 2, 6, 14]|FA=[2, 2, 0, 1, 2, 2, 2, 2, 2, 2, 1, 0, 1, 2, 1, 1, 0, 1, 1, 2]|MA=[0, 0, 1, 1, 1, 1, 0, 1, 1, 0, 1, 3, 1, 0, 0, 0, 0, 0, 1, 0]|WA=[0, 1, 2, 1, 0, 1, 1, 1, 0, 0, 1, 1, 0, 1, 1, 1, 2, 0, 0, 1]@[222.41210314958357,9936.79918627395,11841.953046953045];
GROUP:g=3,name=G4_CENTER,members=JS=[11, 13, 5, 9, 4, 12, 8, 17, 10, 7, 16, 19, 15, 14, 6, 2, 18, 0, 1, 3]|FA=[2, 2, 0, 1, 0, 2, 2, 2, 2, 2, 1, 0, 1, 2, 1, 1, 0, 1, 1, 2]|MA=[0, 0, 1, 1, 0, 1, 0, 1, 1, 0, 1, 3, 1, 0, 1, 0, 0, 0, 0, 0]|WA=[1, 1, 2, 1, 0, 1, 1, 1, 0, 0, 1, 1, 0, 1, 0, 0, 2, 1, 1, 1]@[211.02082442623646,9548.17178951001,11962.595737595737];JS=[11, 13, 5, 9, 4, 12, 8, 17, 10, 7, 16, 19, 15, 3, 1, 0, 18, 2, 6, 14]|FA=[2, 2, 0, 1, 2, 2, 2, 2, 2, 2, 1, 0, 1, 2, 1, 1, 0, 1, 1, 2]|MA=[0, 0, 1, 1, 1, 1, 0, 1, 1, 0, 1, 3, 1, 0, 0, 0, 0, 0, 1, 0]|WA=[0, 1, 2, 1, 0, 1, 1, 1, 0, 0, 1, 1, 0, 1, 1, 1, 2, 0, 0, 1]@[222.41210314958357,9936.79918627395,11841.953046953045];JS=[11, 14, 1, 9, 0, 12, 4, 17, 3, 15, 13, 10, 6, 8, 19, 2, 18, 5, 16, 7]|FA=[0, 0, 0, 1, 2, 2, 2, 2, 2, 0, 1, 0, 1, 2, 1, 1, 0, 1, 2, 1]|MA=[0, 3, 1, 1, 0, 0, 1, 0, 1, 3, 1, 3, 1, 0, 0, 0, 1, 1, 1, 1]|WA=[1, 1, 1, 1, 0, 1, 0, 1, 0, 2, 1, 1, 0, 1, 1, 1, 2, 1, 0, 0]@[281.8393764866305,9840.062244780962,11910.527805527805];JS=[13, 11, 3, 6, 9, 5, 7, 0, 17, 8, 4, 16, 19, 10, 15, 12, 1, 18, 2, 14]|FA=[2, 0, 2, 2, 2, 2, 2, 0, 0, 0, 1, 1, 0, 0, 2, 1, 0, 0, 1, 1]|MA=[0, 0, 1, 1, 1, 1, 0, 2, 0, 3, 0, 1, 3, 0, 0, 0, 1, 1, 1, 0]|WA=[1, 2, 0, 1, 0, 1, 1, 1, 1, 0, 0, 1, 1, 0, 1, 1, 1, 2, 0, 0]@[182.82956028529813,9824.837739449125,11950.17982017982];
OP:JS_INITIAL_SWAP:13:1
OP:JS_GUIDE:PBEST:r=0.1811651854483123:pairs=[(1,13)]
OP:JS_GUIDE:QGBEST:r=0.08849671394277026:pairs=[(1,13)]
OP:FA_MUTATE:16:0:0
OP:FA_SYNC_MA:16:1:1
OP:FA_SYNC_WA:16:1:0
OP:JS_INITIAL_SWAP:16:2
OP:JS_GUIDE:PBEST:r=0.5049100688348327:pairs=[(0,1), (1,16), (2,3), (3,4), (4,12), (5,6), (6,18), (8,9), (9,16), (12,16), (13,19), (14,18), (15,17)]
OP:JS_GUIDE:QGBEST:r=0.23245642601899835:pairs=[(1,16), (2,19), (3,14), (4,19), (5,16), (6,9), (7,17), (8,17), (9,16), (10,14), (11,14), (12,14), (13,17), (14,19), (15,16), (16,18), (17,19)]
OP:REPAIR:MA:6:2:1:[0,1]
OP:REPAIR:MA:7:3:1:[0,1]
OP:REPAIR:MA:8:3:1:[0,1]
OP:REPAIR:MA:9:2:1:[0,1]
OP:REPAIR:MA:7:2:0:[0,1]
OP:REPAIR:MA:9:3:0:[0,1]
OP:REPAIR:MA:12:3:0:[0,1]
Q:g=3,group=G1_CMAX,round=0,state=0,action=3,reward=-11.438848256134392,nextState=1,phase=BEFORE_LOCAL_SEARCH
OP:JS_INITIAL_SWAP:14:12
OP:JS_GUIDE:PBEST:r=0.5851008487930168:pairs=[(1,13), (12,14)]
OP:JS_GUIDE:QGBEST:r=0.28108195382484363:pairs=[(1,13), (12,14)]
OP:JS_INITIAL_SWAP:14:15
OP:JS_GUIDE:PBEST:r=0.15204562739887598:pairs=[(1,16), (2,19), (3,15), (6,18), (8,9), (9,16), (12,16), (13,19), (14,18), (15,17), (17,18)]
OP:JS_GUIDE:QGBEST:r=0.25005574709638134:pairs=[(1,8), (4,19), (5,8), (6,9), (7,17), (8,17), (9,17), (10,15), (11,15), (12,15), (13,16), (14,19), (15,17), (16,18), (18,19)]
OP:REPAIR:WA:8:2:0:[0,1]
OP:REPAIR:WA:9:2:1:[0,1]
OP:REPAIR:WA:1:2:1:[0,1]
Q:g=3,group=G1_CMAX,round=1,state=1,action=3,reward=-53.97437938716908,nextState=1,phase=BEFORE_LOCAL_SEARCH
OP:JS_INITIAL_SWAP:10:12
OP:JS_GUIDE:PBEST:r=0.4642777574374555:pairs=[(10,12)]
OP:JS_GUIDE:QGBEST:r=0.4616270657552317:pairs=[(10,12)]
OP:WA_MUTATE:3:1:1
OP:JS_INITIAL_SWAP:18:7
OP:JS_GUIDE:PBEST:r=0.41563824859358606:pairs=[(1,11), (2,3), (3,4), (4,5), (5,6), (6,18), (7,8), (8,10), (10,18), (11,12), (12,14), (14,15), (15,16)]
OP:JS_GUIDE:QGBEST:r=0.21446255975977238:pairs=[(0,18), (2,9), (3,19), (4,17), (5,17), (6,17), (7,8), (8,10), (9,18), (10,17), (11,12), (12,14), (14,15), (15,16), (17,19), (18,19)]
OP:REPAIR:MA:7:2:1:[0,1]
OP:REPAIR:MA:10:3:1:[0,1]
OP:REPAIR:WA:10:2:0:[0,1]
Q:g=3,group=G2_TEC,round=0,state=0,action=3,reward=-153.4034419376285,nextState=1,phase=BEFORE_LOCAL_SEARCH
OP:JS_INITIAL_SWAP:16:19
OP:JS_GUIDE:PBEST:r=0.42453910921271903:pairs=[(10,12), (16,19)]
OP:JS_GUIDE:QGBEST:r=0.33004656533722315:pairs=[(0,9), (2,16), (3,17), (4,5), (5,6), (6,9), (9,16), (10,12), (16,19), (17,19)]
OP:MA_MUTATE:5:0:0
OP:JS_INITIAL_SWAP:16:10
OP:JS_GUIDE:PBEST:r=0.1047934269534033:pairs=[(0,18), (2,9), (3,19), (6,18), (7,8), (8,16), (10,18), (11,12), (12,14), (14,15), (15,18), (16,18)]
OP:JS_GUIDE:QGBEST:r=0.48787474928634655:pairs=[(2,9), (3,19), (6,18), (7,8), (8,16), (10,18), (11,12), (12,14), (14,15), (15,18), (16,18)]
Q:g=3,group=G2_TEC,round=1,state=1,action=2,reward=120.15437188218311,nextState=0,phase=BEFORE_LOCAL_SEARCH
OP:JS_INITIAL_SWAP:12:6
OP:JS_GUIDE:PBEST:r=0.05136244263237344:pairs=[(0,10), (2,3), (3,18), (6,12), (14,19)]
OP:JS_GUIDE:QGBEST:r=0.5391823230014716:pairs=[(6,12)]
OP:JS_INITIAL_SWAP:5:13
OP:JS_GUIDE:PBEST:r=0.34672576278949535:pairs=[(0,1), (1,2), (2,3), (3,4), (4,12), (5,6), (6,7), (7,13), (8,9), (9,12)]
OP:JS_GUIDE:QGBEST:r=0.024033285463267263:pairs=[(0,10), (2,18), (3,18), (4,12), (5,6), (6,7), (7,13), (8,9), (9,18), (12,18), (14,19)]
OP:MA_MUTATE:3:1:1
Q:g=3,group=G3_TWC,round=0,state=0,action=3,reward=-70.84831834831948,nextState=1,phase=BEFORE_LOCAL_SEARCH
OP:JS_INITIAL_SWAP:14:6
OP:JS_GUIDE:PBEST:r=0.0758843788157804:pairs=[(0,10), (2,3), (3,18), (6,12), (12,14), (14,19)]
OP:JS_GUIDE:QGBEST:r=0.5831585967868685:pairs=[(6,12), (12,14)]
OP:JS_INITIAL_SWAP:2:9
OP:JS_GUIDE:PBEST:r=0.41744120119235645:pairs=[(2,9), (3,4), (4,12), (5,6), (6,7), (7,13), (8,9), (9,12)]
OP:JS_GUIDE:QGBEST:r=0.06202934495879855:pairs=[(0,10), (2,18), (3,18), (5,6), (6,7), (7,13), (8,9), (9,12), (14,19)]
Q:g=3,group=G3_TWC,round=1,state=1,action=1,reward=-103.85114885114945,nextState=1,phase=BEFORE_LOCAL_SEARCH
OP:JS_INITIAL_SWAP:13:19
OP:JS_GUIDE:PBEST:r=0.39407906411250104:pairs=[(8,12), (14,18), (15,17)]
OP:JS_GUIDE:QGBEST:r=0.4353852968660827:pairs=[(8,12), (14,18), (15,17)]
OP:WA_MUTATE:11:1:1
OP:JS_INITIAL_SWAP:16:17
OP:JS_GUIDE:PBEST:r=0.506837747918047:pairs=[(8,12), (16,17)]
OP:JS_GUIDE:QGBEST:r=0.23629084314680598:pairs=[(8,12), (16,17)]
OP:WA_MUTATE:6:1:0
OP:JS_INITIAL_SWAP:1:11
OP:JS_GUIDE:PBEST:r=0.4408473498957395:pairs=[(1,11)]
OP:JS_GUIDE:QGBEST:r=0.3461970953165833:pairs=[(1,10), (2,17), (4,6), (6,13), (8,10), (9,19), (10,18), (11,14), (12,19), (13,18), (14,17), (15,18), (17,18), (18,19)]
OP:JS_INITIAL_SWAP:14:14
OP:JS_GUIDE:PBEST:r=0.018279681864414577:pairs=[(5,6), (6,7), (7,8), (8,9), (9,10), (10,11), (11,12), (12,13), (13,14), (14,15), (15,16), (16,17), (17,18), (18,19)]
OP:JS_GUIDE:QGBEST:r=0.24448566522704884:pairs=[(0,1), (2,5), (3,4), (4,10), (5,15), (6,9), (7,8), (8,13), (10,11), (11,12), (12,14), (13,15), (14,16), (16,17), (17,18)]
Q:g=3,group=G4_CENTER,round=0,state=0,action=1,reward=-0.1565467220992674,nextState=1,phase=BEFORE_LOCAL_SEARCH
OP:JS_INITIAL_SWAP:3:0
OP:JS_GUIDE:PBEST:r=0.16539495765944753:pairs=[(0,3), (8,12), (14,18), (15,17)]
OP:JS_GUIDE:QGBEST:r=0.40418686730693104:pairs=[(0,3)]
OP:JS_INITIAL_SWAP:1:4
OP:JS_GUIDE:PBEST:r=0.23695068324706733:pairs=[(1,4), (16,17)]
OP:JS_GUIDE:QGBEST:r=0.19536629618452708:pairs=[(1,4), (8,12), (14,18), (15,16), (16,17)]
OP:WA_MUTATE:7:1:0
OP:JS_INITIAL_SWAP:13:16
OP:JS_GUIDE:PBEST:r=0.1341385173660416:pairs=[(1,11), (2,17), (4,16), (6,16), (10,11), (13,16)]
OP:JS_GUIDE:QGBEST:r=0.0999453952400938:pairs=[(8,10), (9,19), (10,18), (11,14), (12,19), (13,18), (14,19), (16,18), (17,18)]
OP:JS_INITIAL_SWAP:17:5
OP:JS_GUIDE:PBEST:r=0.4247065942300503:pairs=[(0,1), (2,17), (3,4), (5,6), (6,7), (7,8), (8,9), (9,10), (10,11), (11,12), (12,13), (13,14), (14,15), (15,16), (17,18), (18,19)]
OP:JS_GUIDE:QGBEST:r=0.21650461631562737:pairs=[(0,1), (2,17), (3,4), (4,10), (5,15), (6,9), (8,13), (9,15), (10,11), (11,12), (12,14), (13,17), (15,18), (16,17), (17,18)]
Q:g=3,group=G4_CENTER,round=1,state=1,action=3,reward=0.020475282811405038,nextState=0,phase=BEFORE_LOCAL_SEARCH
LS:g=3,op=CRITICAL_FACTORY_SWAP,accepted=true,fe=421,before=[243.55854093024868,10400.433007048321,11847.452547452547],after=[223.75207482777213,10755.080989285005,11881.315351315348]
LS:g=3,op=CRITICAL_FACTORY_INSERT,accepted=false,fe=422,before=[223.75207482777213,10755.080989285005,11881.315351315348],after=[224.12490927427078,10581.597936927394,12036.040626040623]
LS:g=3,op=O1_JS_INSERT,accepted=true,fe=423,before=[223.75207482777213,10755.080989285005,11881.315351315348],after=[210.6479651926428,10692.59662717838,12041.466866466866]
LS:g=3,op=O2_JS_REVERSE,accepted=true,fe=424,before=[210.6479651926428,10692.59662717838,12041.466866466866],after=[210.6479651926428,10692.59662717838,12041.466866466866]
LS:g=3,op=O3_JS_SWAP,accepted=true,fe=425,before=[210.6479651926428,10692.59662717838,12041.466866466866],after=[210.6479651926428,10692.59662717838,12041.466866466866]
LS:g=3,op=O4_WA_LOAD_TRANSFER,accepted=false,fe=426,before=[210.6479651926428,10692.59662717838,12041.466866466866],after=[237.75618233644366,10881.305098663704,11813.739593739592]
LS:g=3,op=O5_WA_WEAK_TO_STRONG,accepted=true,fe=427,before=[210.6479651926428,10692.59662717838,12041.466866466866],after=[205.501334515177,10549.158646853644,11944.497169497168]
LS:g=3,op=O6_WA_SWAP,accepted=false,fe=428,before=[205.501334515177,10549.158646853644,11944.497169497168],after=[230.61588824101875,10412.792592781727,11944.497169497168]
LS:g=3,op=O7_MA_LOAD_TRANSFER,accepted=true,fe=429,before=[205.501334515177,10549.158646853644,11944.497169497168],after=[205.501334515177,10556.099824412713,11944.497169497168]
LS:g=3,op=O8_MA_WEAK_TO_STRONG,accepted=true,fe=430,before=[205.501334515177,10556.099824412713,11944.497169497168],after=[201.47495831824227,10332.288309934294,11901.640026640025]
LS:g=3,op=O9_MA_SWAP,accepted=true,fe=431,before=[201.47495831824227,10332.288309934294,11901.640026640025],after=[201.47495831824227,10393.017382509179,11945.427905427903]
LS:g=3,op=CRITICAL_FACTORY_SWAP,accepted=true,fe=432,before=[281.11829906789285,10003.563575820535,12098.125208125208],after=[245.92104935206504,9694.75961803812,11951.41525141525]
LS:g=3,op=CRITICAL_FACTORY_INSERT,accepted=true,fe=433,before=[245.92104935206504,9694.75961803812,11951.41525141525],after=[237.91638414099305,9746.067380797995,12008.902763902764]
LS:g=3,op=O1_JS_INSERT,accepted=true,fe=434,before=[237.91638414099305,9746.067380797995,12008.902763902764],after=[237.91638414099305,9746.067380797995,12008.902763902764]
LS:g=3,op=O2_JS_REVERSE,accepted=true,fe=435,before=[237.91638414099305,9746.067380797995,12008.902763902764],after=[237.91638414099305,9746.067380797995,12008.902763902764]
LS:g=3,op=O3_JS_SWAP,accepted=true,fe=436,before=[237.91638414099305,9746.067380797995,12008.902763902764],after=[224.130803476028,9848.461940620415,11979.35730935731]
LS:g=3,op=O4_WA_LOAD_TRANSFER,accepted=false,fe=437,before=[224.130803476028,9848.461940620415,11979.35730935731],after=[225.0128980109247,9836.728213595035,12056.933066933068]
LS:g=3,op=O5_WA_WEAK_TO_STRONG,accepted=false,fe=438,before=[224.130803476028,9848.461940620415,11979.35730935731],after=[224.7825998842788,9556.27528003677,11998.145188145189]
LS:g=3,op=O6_WA_SWAP,accepted=true,fe=439,before=[224.130803476028,9848.461940620415,11979.35730935731],after=[219.83465557122858,9611.738364306975,11983.902763902763]
LS:g=3,op=O7_MA_LOAD_TRANSFER,accepted=true,fe=440,before=[219.83465557122858,9611.738364306975,11983.902763902763],after=[198.86801424564734,9444.861769839326,11935.301365301362]
LS:g=3,op=O8_MA_WEAK_TO_STRONG,accepted=true,fe=441,before=[198.86801424564734,9444.861769839326,11935.301365301362],after=[195.77235571333722,9233.976619709298,11907.096237096233]
LS:g=3,op=O9_MA_SWAP,accepted=true,fe=442,before=[195.77235571333722,9233.976619709298,11907.096237096233],after=[195.77235571333722,9233.976619709298,11907.096237096233]
LS:g=3,op=CRITICAL_FACTORY_SWAP,accepted=false,fe=443,before=[245.1768220416292,8522.31504780187,12056.093906093905],after=[223.8839111376372,8720.42214674736,12044.492174492172]
LS:g=3,op=CRITICAL_FACTORY_INSERT,accepted=false,fe=444,before=[245.1768220416292,8522.31504780187,12056.093906093905],after=[221.02337005599733,8833.66073906718,12023.063603063601]
LS:g=3,op=O1_JS_INSERT,accepted=false,fe=445,before=[245.1768220416292,8522.31504780187,12056.093906093905],after=[246.02824792974545,8561.891362941162,12056.093906093905]
LS:g=3,op=O2_JS_REVERSE,accepted=true,fe=446,before=[245.1768220416292,8522.31504780187,12056.093906093905],after=[245.1768220416292,8519.944549861637,12056.093906093905]
LS:g=3,op=O3_JS_SWAP,accepted=true,fe=447,before=[245.1768220416292,8519.944549861637,12056.093906093905],after=[241.5576424519532,8480.87788144999,12056.093906093904]
LS:g=3,op=O4_WA_LOAD_TRANSFER,accepted=false,fe=448,before=[241.5576424519532,8480.87788144999,12056.093906093904],after=[238.40002936554055,8635.309225472998,12056.093906093904]
LS:g=3,op=O5_WA_WEAK_TO_STRONG,accepted=true,fe=449,before=[241.5576424519532,8480.87788144999,12056.093906093904],after=[241.5576424519532,8480.87788144999,12056.093906093904]
LS:g=3,op=O6_WA_SWAP,accepted=false,fe=450,before=[241.5576424519532,8480.87788144999,12056.093906093904],after=[234.49028977041291,8552.715977909747,12056.093906093904]
LS:g=3,op=O7_MA_LOAD_TRANSFER,accepted=false,fe=451,before=[241.5576424519532,8480.87788144999,12056.093906093904],after=[250.064408210443,8782.634367433771,12193.236763236762]
LS:g=3,op=O8_MA_WEAK_TO_STRONG,accepted=true,fe=452,before=[241.5576424519532,8480.87788144999,12056.093906093904],after=[241.5576424519532,8392.289101503351,12013.236763236762]
LS:g=3,op=O9_MA_SWAP,accepted=false,fe=453,before=[241.5576424519532,8392.289101503351,12013.236763236762],after=[243.0220427239127,8399.550601116654,12003.34665334665]
LS:g=3,op=CRITICAL_FACTORY_SWAP,accepted=false,fe=454,before=[250.77430463248902,8620.945392580765,12186.313686313684],after=[250.0357345551448,9116.938606665397,12156.313686313684]
LS:g=3,op=CRITICAL_FACTORY_INSERT,accepted=false,fe=455,before=[250.77430463248902,8620.945392580765,12186.313686313684],after=[238.931697123136,8846.74074339606,12090.416250416249]
LS:g=3,op=O1_JS_INSERT,accepted=false,fe=456,before=[250.77430463248902,8620.945392580765,12186.313686313684],after=[250.77430463248905,8643.081352774176,12186.313686313684]
LS:g=3,op=O2_JS_REVERSE,accepted=true,fe=457,before=[250.77430463248902,8620.945392580765,12186.313686313684],after=[250.77430463248902,8620.945392580765,12186.313686313684]
LS:g=3,op=O3_JS_SWAP,accepted=true,fe=458,before=[250.77430463248902,8620.945392580765,12186.313686313684],after=[245.14551608714473,8619.935273242803,12186.313686313684]
LS:g=3,op=O4_WA_LOAD_TRANSFER,accepted=false,fe=459,before=[245.14551608714473,8619.935273242803,12186.313686313684],after=[251.43461171227682,8811.165579195706,12186.313686313684]
LS:g=3,op=O5_WA_WEAK_TO_STRONG,accepted=true,fe=460,before=[245.14551608714473,8619.935273242803,12186.313686313684],after=[245.14551608714473,8619.935273242803,12186.313686313684]
LS:g=3,op=O6_WA_SWAP,accepted=true,fe=461,before=[245.14551608714473,8619.935273242803,12186.313686313684],after=[245.14551608714473,8619.935273242803,12186.313686313684]
LS:g=3,op=O7_MA_LOAD_TRANSFER,accepted=false,fe=462,before=[245.14551608714473,8619.935273242803,12186.313686313684],after=[248.54182390787017,8781.002457535189,12301.6983016983]
LS:g=3,op=O8_MA_WEAK_TO_STRONG,accepted=true,fe=463,before=[245.14551608714473,8619.935273242803,12186.313686313684],after=[245.14551608714473,8619.935273242803,12186.313686313684]
LS:g=3,op=O9_MA_SWAP,accepted=true,fe=464,before=[245.14551608714473,8619.935273242803,12186.313686313684],after=[246.33534130811182,8576.42654058583,12173.12687312687]
LS:g=3,op=CRITICAL_FACTORY_SWAP,accepted=true,fe=465,before=[243.11136240627195,10557.520195813768,12113.19347319347],after=[283.44431997404075,10536.418837470788,11937.748917748913]
LS:g=3,op=CRITICAL_FACTORY_INSERT,accepted=false,fe=466,before=[283.44431997404075,10536.418837470788,11937.748917748913],after=[222.4089905823849,10374.028899407236,11945.009990009987]
LS:g=3,op=O1_JS_INSERT,accepted=true,fe=467,before=[283.44431997404075,10536.418837470788,11937.748917748913],after=[277.7989938695906,10740.030061927404,11892.748917748915]
LS:g=3,op=O2_JS_REVERSE,accepted=true,fe=468,before=[277.7989938695906,10740.030061927404,11892.748917748915],after=[277.7989938695906,10437.23863202786,11839.264069264067]
LS:g=3,op=O3_JS_SWAP,accepted=true,fe=469,before=[277.7989938695906,10437.23863202786,11839.264069264067],after=[277.7989938695906,10700.837762267918,11818.051948051945]
LS:g=3,op=O4_WA_LOAD_TRANSFER,accepted=false,fe=470,before=[277.7989938695906,10700.837762267918,11818.051948051945],after=[277.7989938695906,10481.380714029998,11899.264069264067]
LS:g=3,op=O5_WA_WEAK_TO_STRONG,accepted=false,fe=471,before=[277.7989938695906,10700.837762267918,11818.051948051945],after=[299.51416914880286,10746.482858247975,11866.082251082249]
LS:g=3,op=O6_WA_SWAP,accepted=true,fe=472,before=[277.7989938695906,10700.837762267918,11818.051948051945],after=[277.7989938695906,10700.837762267918,11818.051948051945]
LS:g=3,op=O7_MA_LOAD_TRANSFER,accepted=false,fe=473,before=[277.7989938695906,10700.837762267918,11818.051948051945],after=[214.95081455414547,10167.024600895369,11929.264069264067]
LS:g=3,op=O8_MA_WEAK_TO_STRONG,accepted=true,fe=474,before=[277.7989938695906,10700.837762267918,11818.051948051945],after=[277.7989938695906,10700.837762267918,11818.051948051945]
LS:g=3,op=O9_MA_SWAP,accepted=true,fe=475,before=[277.7989938695906,10700.837762267918,11818.051948051945],after=[277.7989938695906,10700.837762267918,11818.051948051945]
LS:g=3,op=CRITICAL_FACTORY_SWAP,accepted=false,fe=476,before=[299.94871569297777,9847.138330613272,11836.042291042291],after=[303.4192565749304,10407.901845298873,11837.470862470864]
LS:g=3,op=CRITICAL_FACTORY_INSERT,accepted=false,fe=477,before=[299.94871569297777,9847.138330613272,11836.042291042291],after=[299.94871569297777,9891.614071746191,11886.688311688313]
LS:g=3,op=O1_JS_INSERT,accepted=false,fe=478,before=[299.94871569297777,9847.138330613272,11836.042291042291],after=[299.94871569297777,9849.607509717336,11850.890775890777]
LS:g=3,op=O2_JS_REVERSE,accepted=false,fe=479,before=[299.94871569297777,9847.138330613272,11836.042291042291],after=[272.69205990558856,9723.906425140876,11889.375624375623]
LS:g=3,op=O3_JS_SWAP,accepted=false,fe=480,before=[299.94871569297777,9847.138330613272,11836.042291042291],after=[299.94871569297777,9692.76540460171,11866.34532134532]
LS:g=3,op=O4_WA_LOAD_TRANSFER,accepted=true,fe=481,before=[299.94871569297777,9847.138330613272,11836.042291042291],after=[299.94871569297777,9832.76467260805,11824.22410922411]
LS:g=3,op=O5_WA_WEAK_TO_STRONG,accepted=true,fe=482,before=[299.94871569297777,9832.76467260805,11824.22410922411],after=[299.94871569297777,9692.347141336353,11783.61804861805]
LS:g=3,op=O6_WA_SWAP,accepted=true,fe=483,before=[299.94871569297777,9692.347141336353,11783.61804861805],after=[299.94871569297777,9692.347141336353,11783.61804861805]
LS:g=3,op=O7_MA_LOAD_TRANSFER,accepted=true,fe=484,before=[299.94871569297777,9692.347141336353,11783.61804861805],after=[299.94871569297777,9915.642772459967,11752.40592740593]
LS:g=3,op=O8_MA_WEAK_TO_STRONG,accepted=true,fe=485,before=[299.94871569297777,9915.642772459967,11752.40592740593],after=[299.94871569297777,9915.642772459967,11752.40592740593]
LS:g=3,op=O9_MA_SWAP,accepted=true,fe=486,before=[299.94871569297777,9915.642772459967,11752.40592740593],after=[299.94871569297777,9915.642772459967,11752.40592740593]
LS:g=3,op=CRITICAL_FACTORY_SWAP,accepted=false,fe=487,before=[193.95139703951173,9682.477781970114,11981.401931401928],after=[211.35751863255942,9903.879159414228,12060.341325341322]
LS:g=3,op=CRITICAL_FACTORY_INSERT,accepted=false,fe=488,before=[193.95139703951173,9682.477781970114,11981.401931401928],after=[193.95139703951173,9545.218053437276,12097.159507159504]
LS:g=3,op=O1_JS_INSERT,accepted=false,fe=489,before=[193.95139703951173,9682.477781970114,11981.401931401928],after=[193.95139703951173,9636.67475913508,12064.583749583748]
LS:g=3,op=O2_JS_REVERSE,accepted=false,fe=490,before=[193.95139703951173,9682.477781970114,11981.401931401928],after=[210.821193250525,9811.169218007257,12032.462537462534]
LS:g=3,op=O3_JS_SWAP,accepted=true,fe=491,before=[193.95139703951173,9682.477781970114,11981.401931401928],after=[197.64667617698728,9799.955210010454,11978.977688977686]
LS:g=3,op=O4_WA_LOAD_TRANSFER,accepted=true,fe=492,before=[197.64667617698728,9799.955210010454,11978.977688977686],after=[215.65998077722236,10003.433764756757,11969.43223443223]
LS:g=3,op=O5_WA_WEAK_TO_STRONG,accepted=false,fe=493,before=[215.65998077722236,10003.433764756757,11969.43223443223],after=[197.64667617698728,9799.955210010454,11978.977688977686]
LS:g=3,op=O6_WA_SWAP,accepted=true,fe=494,before=[215.65998077722236,10003.433764756757,11969.43223443223],after=[215.65998077722236,10003.433764756757,11969.43223443223]
LS:g=3,op=O7_MA_LOAD_TRANSFER,accepted=false,fe=495,before=[215.65998077722236,10003.433764756757,11969.43223443223],after=[193.95139703951173,10061.630537787525,12000.947385947382]
LS:g=3,op=O8_MA_WEAK_TO_STRONG,accepted=true,fe=496,before=[215.65998077722236,10003.433764756757,11969.43223443223],after=[215.65998077722236,10003.433764756757,11969.43223443223]
LS:g=3,op=O9_MA_SWAP,accepted=false,fe=497,before=[215.65998077722236,10003.433764756757,11969.43223443223],after=[240.97660482870452,10096.568944312186,11987.614052614048]
LS:g=3,op=CRITICAL_FACTORY_SWAP,accepted=false,fe=498,before=[275.9794210834475,10150.092314128651,11876.37196137196],after=[275.9794210834475,10668.452438309992,11856.22211122211]
LS:g=3,op=CRITICAL_FACTORY_INSERT,accepted=true,fe=499,before=[275.9794210834475,10150.092314128651,11876.37196137196],after=[275.9794210834475,10108.192160347926,11897.530802530802]
LS:g=3,op=O1_JS_INSERT,accepted=true,fe=500,before=[275.9794210834475,10108.192160347926,11897.530802530802],after=[275.9794210834475,10108.192160347926,11897.530802530802]
LS:g=3,op=O2_JS_REVERSE,accepted=true,fe=501,before=[275.9794210834475,10108.192160347926,11897.530802530802],after=[250.68545350142927,9712.004040031636,11886.924741924742]
LS:g=3,op=O3_JS_SWAP,accepted=true,fe=502,before=[250.68545350142927,9712.004040031636,11886.924741924742],after=[253.03121798519578,9677.622118752133,11865.106560106558]
LS:g=3,op=O4_WA_LOAD_TRANSFER,accepted=false,fe=503,before=[253.03121798519578,9677.622118752133,11865.106560106558],after=[225.29570518231998,9481.3159926297,11931.470196470194]
LS:g=3,op=O5_WA_WEAK_TO_STRONG,accepted=false,fe=504,before=[253.03121798519578,9677.622118752133,11865.106560106558],after=[225.29570518231998,9481.3159926297,11931.470196470194]
LS:g=3,op=O6_WA_SWAP,accepted=true,fe=505,before=[253.03121798519578,9677.622118752133,11865.106560106558],after=[253.03121798519578,9677.622118752133,11865.106560106558]
LS:g=3,op=O7_MA_LOAD_TRANSFER,accepted=false,fe=506,before=[253.03121798519578,9677.622118752133,11865.106560106558],after=[275.9794210834475,10242.12935058275,11849.045954045954]
LS:g=3,op=O8_MA_WEAK_TO_STRONG,accepted=true,fe=507,before=[253.03121798519578,9677.622118752133,11865.106560106558],after=[253.03121798519578,9677.622118752133,11865.106560106558]
LS:g=3,op=O9_MA_SWAP,accepted=true,fe=508,before=[253.03121798519578,9677.622118752133,11865.106560106558],after=[253.03121798519578,9677.622118752133,11865.106560106558]
LS:g=3,op=CRITICAL_FACTORY_SWAP,accepted=false,fe=509,before=[291.6251566198089,10420.241505858763,11976.948051948053],after=[290.6931775595062,10248.125455667212,12011.233766233767]
LS:g=3,op=CRITICAL_FACTORY_INSERT,accepted=true,fe=510,before=[291.6251566198089,10420.241505858763,11976.948051948053],after=[248.83392518765112,9984.710482064014,12122.695637695637]
LS:g=3,op=O1_JS_INSERT,accepted=false,fe=511,before=[248.83392518765112,9984.710482064014,12122.695637695637],after=[248.83392518765112,9984.710482064014,12122.695637695637]
LS:g=3,op=O2_JS_REVERSE,accepted=true,fe=512,before=[248.83392518765112,9984.710482064014,12122.695637695637],after=[235.00742870641972,9732.066192395287,12088.907758907759]
LS:g=3,op=O3_JS_SWAP,accepted=true,fe=513,before=[235.00742870641972,9732.066192395287,12088.907758907759],after=[235.00742870641972,9636.704440911859,12127.194472194473]
LS:g=3,op=O4_WA_LOAD_TRANSFER,accepted=false,fe=514,before=[235.00742870641972,9636.704440911859,12127.194472194473],after=[235.00742870641972,9808.58416278635,12086.285381285383]
LS:g=3,op=O5_WA_WEAK_TO_STRONG,accepted=false,fe=515,before=[235.00742870641972,9636.704440911859,12127.194472194473],after=[235.00742870641972,9532.987722335394,12161.63503163503]
LS:g=3,op=O6_WA_SWAP,accepted=true,fe=516,before=[235.00742870641972,9636.704440911859,12127.194472194473],after=[235.00742870641972,9636.704440911859,12127.194472194473]
LS:g=3,op=O7_MA_LOAD_TRANSFER,accepted=false,fe=517,before=[235.00742870641972,9636.704440911859,12127.194472194473],after=[235.00742870641972,9707.225443878888,12118.977688977688]
LS:g=3,op=O8_MA_WEAK_TO_STRONG,accepted=true,fe=518,before=[235.00742870641972,9636.704440911859,12127.194472194473],after=[235.00742870641972,9469.792204913269,12080.8658008658]
LS:g=3,op=O9_MA_SWAP,accepted=true,fe=519,before=[235.00742870641972,9469.792204913269,12080.8658008658],after=[235.00742870641972,9469.792204913269,12080.8658008658]
LS:g=3,op=CRITICAL_FACTORY_SWAP,accepted=true,fe=520,before=[220.8055506012328,9999.458511638848,12073.957708957709],after=[260.7156502990983,10022.555697604237,12052.291042291043]
LS:g=3,op=CRITICAL_FACTORY_INSERT,accepted=false,fe=521,before=[260.7156502990983,10022.555697604237,12052.291042291043],after=[260.7156502990983,10060.391852588986,12006.38195138195]
LS:g=3,op=O1_JS_INSERT,accepted=true,fe=522,before=[260.7156502990983,10022.555697604237,12052.291042291043],after=[260.7156502990983,10006.013335875668,12052.291042291043]
LS:g=3,op=O2_JS_REVERSE,accepted=true,fe=523,before=[260.7156502990983,10006.013335875668,12052.291042291043],after=[220.8055506012328,9919.33562758857,12037.139527139527]
LS:g=3,op=O3_JS_SWAP,accepted=false,fe=524,before=[220.8055506012328,9919.33562758857,12037.139527139527],after=[220.8055506012328,9964.32161120744,12037.139527139527]
LS:g=3,op=O4_WA_LOAD_TRANSFER,accepted=false,fe=525,before=[220.8055506012328,9919.33562758857,12037.139527139527],after=[220.8055506012328,9920.820284992218,12037.139527139527]
LS:g=3,op=O5_WA_WEAK_TO_STRONG,accepted=true,fe=526,before=[220.8055506012328,9919.33562758857,12037.139527139527],after=[201.28773653874967,9774.255840288322,12037.139527139527]
LS:g=3,op=O6_WA_SWAP,accepted=false,fe=527,before=[201.28773653874967,9774.255840288322,12037.139527139527],after=[201.28773653874967,9703.462433668747,12054.260739260737]
LS:g=3,op=O7_MA_LOAD_TRANSFER,accepted=true,fe=528,before=[201.28773653874967,9774.255840288322,12037.139527139527],after=[201.28773653874967,9764.35334920653,12003.351648351645]
LS:g=3,op=O8_MA_WEAK_TO_STRONG,accepted=true,fe=529,before=[201.28773653874967,9764.35334920653,12003.351648351645],after=[201.28773653874964,9687.894882548388,11974.780219780218]
LS:g=3,op=O9_MA_SWAP,accepted=true,fe=530,before=[201.28773653874964,9687.894882548388,11974.780219780218],after=[201.28773653874967,9658.5737597065,11960.494505494502]
GENERATION_END:g=3,fe=530,archive=12
GROUP:g=4,name=G1_CMAX,members=JS=[9, 13, 5, 11, 4, 12, 8, 17, 10, 7, 16, 19, 15, 3, 6, 2, 18, 0, 1, 14]|FA=[2, 2, 0, 1, 0, 2, 2, 2, 2, 2, 1, 0, 1, 2, 1, 1, 0, 1, 1, 2]|MA=[0, 0, 0, 1, 1, 0, 0, 1, 1, 0, 1, 3, 1, 0, 0, 0, 0, 0, 1, 0]|WA=[1, 1, 2, 1, 0, 1, 1, 1, 0, 0, 1, 1, 0, 1, 1, 1, 2, 0, 0, 1]@[193.95139703951173,9682.477781970114,11981.401931401928];JS=[13, 10, 3, 2, 9, 5, 12, 17, 8, 7, 16, 19, 14, 6, 18, 4, 11, 1, 0, 15]|FA=[0, 2, 2, 1, 0, 2, 2, 2, 0, 2, 1, 0, 2, 1, 1, 1, 0, 1, 1, 2]|MA=[2, 0, 1, 1, 1, 1, 0, 0, 3, 0, 0, 3, 0, 1, 1, 0, 1, 1, 1, 0]|WA=[2, 1, 1, 1, 0, 1, 1, 1, 2, 1, 1, 1, 0, 1, 0, 0, 2, 1, 1, 1]@[195.77235571333722,9233.976619709298,11907.096237096233];
GROUP:g=4,name=G2_TEC,members=JS=[13, 14, 3, 4, 5, 9, 15, 17, 8, 11, 10, 6, 2, 0, 19, 12, 1, 7, 16, 18]|FA=[0, 0, 0, 0, 2, 2, 2, 2, 1, 0, 1, 1, 1, 2, 0, 1, 0, 1, 0, 1]|MA=[2, 3, 2, 3, 0, 0, 0, 0, 1, 0, 1, 1, 1, 0, 3, 0, 3, 1, 0, 1]|WA=[1, 1, 1, 1, 1, 1, 0, 0, 1, 1, 1, 1, 0, 0, 1, 1, 2, 1, 1, 0]@[241.5576424519532,8392.289101503351,12013.236763236762];JS=[3, 14, 13, 11, 5, 9, 15, 17, 8, 4, 10, 6, 2, 0, 19, 12, 1, 7, 16, 18]|FA=[0, 0, 0, 0, 2, 2, 2, 2, 1, 0, 1, 1, 1, 2, 0, 1, 0, 1, 0, 1]|MA=[2, 3, 2, 0, 0, 0, 0, 0, 1, 3, 1, 1, 1, 0, 3, 0, 1, 1, 0, 1]|WA=[1, 1, 1, 1, 1, 1, 0, 0, 1, 1, 1, 1, 0, 0, 1, 1, 2, 1, 1, 0]@[245.1768220416292,8522.31504780187,12056.093906093905];
GROUP:g=4,name=G3_TWC,members=JS=[13, 5, 9, 4, 15, 3, 8, 17, 10, 7, 16, 19, 11, 12, 1, 0, 18, 2, 6, 14]|FA=[2, 2, 0, 1, 2, 2, 2, 2, 2, 2, 1, 0, 1, 2, 1, 1, 0, 1, 1, 2]|MA=[0, 0, 1, 1, 1, 1, 0, 1, 1, 1, 1, 3, 1, 0, 0, 0, 0, 0, 1, 0]|WA=[1, 1, 1, 0, 0, 1, 1, 1, 1, 0, 1, 1, 0, 0, 0, 1, 2, 0, 0, 1]@[299.94871569297777,9915.642772459967,11752.40592740593];JS=[5, 6, 9, 15, 3, 17, 8, 7, 11, 13, 19, 14, 12, 10, 0, 18, 2, 4, 16, 1]|FA=[0, 1, 2, 2, 2, 2, 2, 2, 0, 1, 0, 1, 2, 1, 1, 0, 1, 2, 2, 2]|MA=[0, 1, 1, 1, 0, 0, 0, 1, 0, 1, 1, 1, 1, 1, 0, 0, 0, 0, 0, 0]|WA=[0, 1, 0, 0, 0, 1, 1, 1, 2, 1, 1, 0, 1, 0, 1, 2, 0, 1, 0, 1]@[277.7989938695906,10700.837762267918,11818.051948051945];
GROUP:g=4,name=G4_CENTER,members=JS=[13, 10, 3, 2, 9, 5, 12, 17, 8, 7, 16, 19, 14, 6, 18, 4, 11, 1, 0, 15]|FA=[0, 2, 2, 1, 0, 2, 2, 2, 0, 2, 1, 0, 2, 1, 1, 1, 0, 1, 1, 2]|MA=[2, 0, 1, 1, 1, 1, 0, 0, 3, 0, 0, 3, 0, 1, 1, 0, 1, 1, 1, 0]|WA=[2, 1, 1, 1, 0, 1, 1, 1, 2, 1, 1, 1, 0, 1, 0, 0, 2, 1, 1, 1]@[195.77235571333722,9233.976619709298,11907.096237096233];JS=[13, 14, 3, 4, 5, 9, 15, 17, 8, 11, 10, 6, 2, 0, 19, 12, 1, 7, 16, 18]|FA=[0, 0, 0, 0, 2, 2, 2, 2, 1, 0, 1, 1, 1, 2, 0, 1, 0, 1, 0, 1]|MA=[2, 3, 2, 3, 0, 0, 0, 0, 1, 0, 1, 1, 1, 0, 3, 0, 3, 1, 0, 1]|WA=[1, 1, 1, 1, 1, 1, 0, 0, 1, 1, 1, 1, 0, 0, 1, 1, 2, 1, 1, 0]@[241.5576424519532,8392.289101503351,12013.236763236762];JS=[11, 14, 5, 9, 17, 8, 12, 13, 15, 7, 16, 19, 10, 3, 1, 0, 2, 18, 6, 4]|FA=[2, 2, 0, 1, 2, 2, 2, 2, 2, 0, 1, 0, 1, 2, 1, 1, 0, 1, 1, 2]|MA=[0, 0, 1, 1, 1, 0, 0, 1, 1, 0, 1, 3, 1, 0, 0, 0, 0, 0, 1, 0]|WA=[0, 1, 2, 1, 0, 0, 1, 0, 0, 2, 1, 1, 0, 1, 1, 1, 2, 0, 0, 1]@[253.03121798519578,9677.622118752133,11865.106560106558];JS=[13, 11, 3, 6, 9, 5, 7, 0, 17, 8, 4, 16, 15, 10, 19, 12, 1, 18, 2, 14]|FA=[2, 0, 2, 2, 2, 2, 2, 0, 0, 0, 1, 1, 0, 0, 2, 1, 0, 0, 1, 1]|MA=[0, 0, 1, 1, 1, 1, 0, 2, 0, 3, 0, 1, 3, 0, 0, 0, 1, 1, 1, 0]|WA=[1, 2, 0, 1, 0, 1, 1, 1, 1, 0, 0, 1, 1, 0, 1, 1, 0, 2, 0, 0]@[243.55854093024868,10400.433007048321,11847.452547452547];
OP:JS_INITIAL_SWAP:5:0
OP:JS_GUIDE:PBEST:r=0.30705024319577506:pairs=[(0,1), (1,2), (2,5), (3,4), (4,12), (5,6), (6,18), (8,9), (9,12), (14,18), (15,17)]
OP:JS_GUIDE:QGBEST:r=0.40486895100160264:pairs=[(1,8), (2,13), (3,15), (4,13), (5,8), (6,8), (12,19), (13,14), (14,16), (15,16), (17,18)]
OP:REPAIR:WA:2:2:0:[0,1]
OP:MA_MUTATE:15:0:1
OP:REPAIR:WA:9:2:0:[0,1]
OP:JS_INITIAL_SWAP:12:3
OP:JS_GUIDE:PBEST:r=0.5313624599470081:pairs=[(1,5), (2,4), (3,15), (4,19), (5,8), (6,17), (8,9), (9,16), (12,16), (13,19), (14,17), (15,18), (16,17), (18,19)]
OP:JS_GUIDE:QGBEST:r=0.21732725040941894:pairs=[(1,9), (2,19), (3,12), (4,19), (5,9), (6,17), (8,9), (12,15)]
OP:MA_MUTATE:6:0:0
Q:g=4,group=G1_CMAX,round=0,state=0,action=3,reward=-32.52535298233067,nextState=1,phase=BEFORE_LOCAL_SEARCH
OP:JS_INITIAL_SWAP:6:19
OP:JS_GUIDE:PBEST:r=0.21442727908372633:pairs=[(6,19)]
OP:JS_GUIDE:QGBEST:r=0.12152987337150697:pairs=[(1,6), (3,15), (4,11), (5,12), (6,18), (8,19), (9,13), (11,17), (12,18), (14,18), (15,18), (17,18)]
OP:JS_INITIAL_SWAP:10:16
OP:JS_GUIDE:PBEST:r=0.2070209254701371:pairs=[(1,9), (9,10), (10,16), (12,16), (13,19), (14,17), (15,18), (16,17), (18,19)]
OP:JS_GUIDE:QGBEST:r=0.31948615857990986:pairs=[(1,15), (2,19), (3,10), (4,11), (5,11), (8,11), (9,10), (10,16), (11,18), (12,16), (13,18), (14,17), (15,18), (16,17), (18,19)]
OP:REPAIR:MA:6:2:1:[0,1]
OP:REPAIR:MA:7:3:0:[0,1]
OP:REPAIR:MA:9:2:1:[0,1]
Q:g=4,group=G1_CMAX,round=1,state=1,action=2,reward=8.615828608613782,nextState=0,phase=BEFORE_LOCAL_SEARCH
OP:JS_INITIAL_SWAP:3:1
OP:JS_GUIDE:PBEST:r=0.20530320720238476:pairs=[(1,3)]
OP:JS_GUIDE:QGBEST:r=0.282453538461945:pairs=[(0,2), (1,3), (3,9), (4,5), (5,6), (6,9), (9,16), (10,12), (16,19), (17,19)]
OP:WA_MUTATE:6:0:0
OP:JS_INITIAL_SWAP:4:5
OP:JS_GUIDE:PBEST:r=0.4050381271576547:pairs=[(0,9), (2,16), (3,17), (4,5), (10,12), (16,19)]
OP:JS_GUIDE:QGBEST:r=0.2938162889630544:pairs=[(0,9), (2,16), (5,6), (6,9), (9,16), (10,12), (16,19), (17,19)]
OP:FA_MUTATE:2:0:2
OP:FA_SYNC_MA:2:2:1
OP:FA_SYNC_WA:2:1:0
OP:REPAIR:MA:8:3:0:[0,1]
OP:WA_MUTATE:16:2:1
Q:g=4,group=G2_TEC,round=0,state=0,action=1,reward=-425.8562155150239,nextState=1,phase=BEFORE_LOCAL_SEARCH
OP:JS_INITIAL_SWAP:15:0
OP:JS_GUIDE:PBEST:r=0.2679405504180206:pairs=[(0,2), (2,15)]
OP:JS_GUIDE:QGBEST:r=0.5168485290073945:pairs=[(0,15)]
OP:JS_INITIAL_SWAP:5:19
OP:JS_GUIDE:PBEST:r=0.462133784012041:pairs=[(0,9), (2,16), (3,17), (4,19), (5,19), (10,12), (16,19)]
OP:JS_GUIDE:QGBEST:r=0.26004261444771726:pairs=[(0,9), (2,16), (3,9), (4,19), (5,19), (9,17)]
Q:g=4,group=G2_TEC,round=1,state=1,action=3,reward=132.95446270332104,nextState=0,phase=BEFORE_LOCAL_SEARCH
OP:JS_INITIAL_SWAP:11:17
OP:JS_GUIDE:PBEST:r=0.5182243679882723:pairs=[(5,6), (6,7), (7,13), (8,9), (9,12), (11,17)]
OP:JS_GUIDE:QGBEST:r=0.26397151018694603:pairs=[(5,13), (6,13), (7,13), (11,17)]
OP:FA_MUTATE:1:2:0
OP:FA_SYNC_MA:1:0:3
OP:FA_SYNC_WA:1:1:2
OP:JS_INITIAL_SWAP:4:9
OP:JS_GUIDE:PBEST:r=0.36013753673203125:pairs=[(0,4), (1,4), (3,17), (4,17), (5,6), (7,12), (8,12), (9,12), (10,18), (11,18), (12,13), (14,19), (15,19), (16,19), (17,19), (18,19)]
OP:JS_GUIDE:QGBEST:r=0.0383111172032826:pairs=[(5,9), (6,9), (7,9), (8,13), (10,18), (11,18), (12,13), (14,19), (15,19), (16,19), (17,19), (18,19)]
OP:REPAIR:WA:16:2:1:[0,1]
Q:g=4,group=G3_TWC,round=0,state=0,action=3,reward=-102.56909756909772,nextState=1,phase=BEFORE_LOCAL_SEARCH
OP:JS_INITIAL_SWAP:8:12
OP:JS_GUIDE:PBEST:r=0.2893764690367745:pairs=[(5,13), (8,9), (11,17)]
OP:JS_GUIDE:QGBEST:r=0.1505616687882234:pairs=[(6,13), (7,13), (8,12), (11,17)]
OP:MA_MUTATE:1:3:3
OP:WA_MUTATE:12:0:0
OP:JS_INITIAL_SWAP:12:3
OP:JS_GUIDE:PBEST:r=0.26317221034694044:pairs=[(3,12), (7,12), (8,12), (9,12), (10,18), (11,18), (12,13), (14,19), (15,19), (16,19), (17,19), (18,19)]
OP:JS_GUIDE:QGBEST:r=0.3831071675314324:pairs=[(5,9), (6,9), (7,9), (8,13), (9,13), (10,18), (11,18), (14,19), (15,19), (16,19), (17,19), (18,19)]
OP:REPAIR:MA:11:3:0:[0,1]
OP:MA_MUTATE:10:1:2
Q:g=4,group=G3_TWC,round=1,state=1,action=2,reward=49.81268731268574,nextState=0,phase=BEFORE_LOCAL_SEARCH
OP:JS_INITIAL_SWAP:9:10
OP:JS_GUIDE:PBEST:r=0.11423369555865197:pairs=[(0,16), (1,16), (2,5), (3,4), (4,15), (5,6), (6,8), (8,19), (9,10), (12,16), (13,19), (14,17), (15,18), (16,17), (17,18), (18,19)]
OP:JS_GUIDE:QGBEST:r=0.50341919590055:pairs=[(1,16), (2,5), (3,4), (4,15), (5,6), (6,8), (8,19), (9,10), (12,16), (13,19), (14,17), (15,18), (16,17), (17,18), (18,19)]
OP:REPAIR:MA:8:3:0:[0,1]
OP:REPAIR:WA:8:2:0:[0,1]
OP:JS_INITIAL_SWAP:7:4
OP:JS_GUIDE:PBEST:r=0.3559797154261683:pairs=[(2,16), (3,6), (4,5), (5,9), (6,16), (7,9), (8,9), (10,16), (12,16), (16,19), (17,19)]
OP:JS_GUIDE:QGBEST:r=0.20682128181475:pairs=[(0,9), (1,9), (2,7), (3,4), (4,6), (5,15), (6,8), (7,15), (9,17), (10,18), (11,14), (12,18), (13,16), (14,15), (15,16), (16,19), (17,18), (18,19)]
OP:REPAIR:WA:8:2:0:[0,1]
OP:JS_INITIAL_SWAP:3:15
OP:JS_GUIDE:PBEST:r=0.41482976391111187:pairs=[(1,7), (3,15), (4,19), (5,6), (7,19), (16,17)]
OP:JS_GUIDE:QGBEST:r=0.5415875684140359:pairs=[(4,19), (5,6), (7,19), (16,17)]
OP:MA_MUTATE:5:0:0
OP:JS_INITIAL_SWAP:1:19
OP:JS_GUIDE:PBEST:r=0.11650407670321156:pairs=[(1,19)]
OP:JS_GUIDE:QGBEST:r=0.15714989484320926:pairs=[(0,19), (1,19), (2,5), (3,4), (4,10), (5,15), (6,9), (7,8), (8,12), (10,11), (11,14), (12,13), (13,15), (14,16), (16,17), (17,18)]
OP:MA_MUTATE:13:0:0
Q:g=4,group=G4_CENTER,round=0,state=0,action=2,reward=-0.16381076645259693,nextState=1,phase=BEFORE_LOCAL_SEARCH
OP:JS_INITIAL_SWAP:8:5
OP:JS_GUIDE:PBEST:r=0.5389582046482401:pairs=[(5,8), (9,10), (12,16), (13,19), (14,17), (15,18), (16,17), (17,18), (18,19)]
OP:JS_GUIDE:QGBEST:r=0.5541703666023212:pairs=[(2,13), (3,19), (4,19), (5,13), (6,9), (7,18), (8,18), (10,19), (11,19), (12,18), (13,18), (14,19), (15,18), (16,17), (17,19)]
OP:REPAIR:MA:7:2:0:[0,1]
OP:JS_INITIAL_SWAP:17:13
OP:JS_GUIDE:PBEST:r=0.41743781540222885:pairs=[(0,1), (1,9), (2,7), (5,9), (6,16), (7,9), (8,9), (10,16), (12,16), (13,17), (16,19), (17,19)]
OP:JS_GUIDE:QGBEST:r=2.91318328725354E-4:pairs=[(0,5), (1,5), (2,6), (3,11), (5,7), (6,13), (7,17), (8,9), (10,16), (11,18), (12,18), (13,16), (17,19)]
OP:REPAIR:MA:12:3:0:[0,1]
OP:MA_MUTATE:11:1:0
OP:REPAIR:WA:8:2:1:[0,1]
OP:WA_MUTATE:10:1:1
OP:JS_INITIAL_SWAP:13:0
OP:JS_GUIDE:PBEST:r=0.5516724867486005:pairs=[(0,13), (7,19), (16,17)]
OP:JS_GUIDE:QGBEST:r=0.1667257220177483:pairs=[(2,13), (3,18), (4,18), (5,13), (6,9), (7,15), (8,19), (10,18), (11,18), (12,19), (13,19), (14,18), (15,19), (16,18)]
OP:REPAIR:MA:11:3:0:[0,1]
OP:JS_INITIAL_SWAP:3:19
OP:JS_GUIDE:PBEST:r=0.25901256340235135:pairs=[(0,1), (3,19), (5,6), (6,7), (7,8), (8,9), (9,10), (10,11), (11,14), (12,13), (14,15), (15,16), (16,17), (17,18), (18,19)]
OP:JS_GUIDE:QGBEST:r=0.2338144311006732:pairs=[(0,1), (5,6)]
Q:g=4,group=G4_CENTER,round=1,state=1,action=3,reward=0.03956549747155425,nextState=0,phase=BEFORE_LOCAL_SEARCH
LS:g=4,op=CRITICAL_FACTORY_SWAP,accepted=false,fe=551,before=[186.45912624619683,9711.502211664125,12157.750582750581],after=[229.81781427687218,9918.965084573136,12189.294039294038]
LS:g=4,op=CRITICAL_FACTORY_INSERT,accepted=false,fe=552,before=[186.45912624619683,9711.502211664125,12157.750582750581],after=[210.04670259235655,9712.740599596777,12224.455544455543]
LS:g=4,op=O1_JS_INSERT,accepted=false,fe=553,before=[186.45912624619683,9711.502211664125,12157.750582750581],after=[234.44439813402292,9787.86709231355,12138.356643356641]
LS:g=4,op=O2_JS_REVERSE,accepted=true,fe=554,before=[186.45912624619683,9711.502211664125,12157.750582750581],after=[186.45912624619683,9711.502211664125,12157.750582750581]
LS:g=4,op=O3_JS_SWAP,accepted=false,fe=555,before=[186.45912624619683,9711.502211664125,12157.750582750581],after=[234.44439813402295,9997.681035671592,12065.629370629367]
LS:g=4,op=O4_WA_LOAD_TRANSFER,accepted=false,fe=556,before=[186.45912624619683,9711.502211664125,12157.750582750581],after=[202.78586121450286,9988.686366499558,12133.508158508155]
LS:g=4,op=O5_WA_WEAK_TO_STRONG,accepted=false,fe=557,before=[186.45912624619683,9711.502211664125,12157.750582750581],after=[206.75714573964729,9571.895090352053,12106.84149184149]
LS:g=4,op=O6_WA_SWAP,accepted=true,fe=558,before=[186.45912624619683,9711.502211664125,12157.750582750581],after=[186.45912624619683,9711.502211664125,12157.750582750581]
LS:g=4,op=O7_MA_LOAD_TRANSFER,accepted=true,fe=559,before=[186.45912624619683,9711.502211664125,12157.750582750581],after=[185.33113442920336,9705.982958439206,12147.296037296035]
LS:g=4,op=O8_MA_WEAK_TO_STRONG,accepted=true,fe=560,before=[185.33113442920336,9705.982958439206,12147.296037296035],after=[185.33113442920336,9524.034139631405,12070.153180153178]
LS:g=4,op=O9_MA_SWAP,accepted=true,fe=561,before=[185.33113442920336,9524.034139631405,12070.153180153178],after=[185.33113442920336,9524.034139631405,12070.153180153178]
LS:g=4,op=CRITICAL_FACTORY_SWAP,accepted=true,fe=562,before=[251.0836752540859,10017.111411764925,12192.537462537462],after=[231.60983693059475,9939.99379177701,12266.102231102232]
LS:g=4,op=CRITICAL_FACTORY_INSERT,accepted=true,fe=563,before=[231.60983693059475,9939.99379177701,12266.102231102232],after=[231.60983693059475,9725.267238375576,12250.974025974025]
LS:g=4,op=O1_JS_INSERT,accepted=false,fe=564,before=[231.60983693059475,9725.267238375576,12250.974025974025],after=[236.98787111401657,9723.305913401067,12191.883116883117]
LS:g=4,op=O2_JS_REVERSE,accepted=true,fe=565,before=[231.60983693059475,9725.267238375576,12250.974025974025],after=[218.94953315144926,9629.845538899257,12238.549783549783]
LS:g=4,op=O3_JS_SWAP,accepted=false,fe=566,before=[218.94953315144926,9629.845538899257,12238.549783549783],after=[222.6446556925439,9762.395080470407,12180.367965367965]
LS:g=4,op=O4_WA_LOAD_TRANSFER,accepted=true,fe=567,before=[218.94953315144926,9629.845538899257,12238.549783549783],after=[217.31410386527094,9574.714976530955,12273.246753246753]
LS:g=4,op=O5_WA_WEAK_TO_STRONG,accepted=true,fe=568,before=[217.31410386527094,9574.714976530955,12273.246753246753],after=[199.56276476554265,9174.460029446456,12273.246753246753]
LS:g=4,op=O6_WA_SWAP,accepted=false,fe=569,before=[199.56276476554265,9174.460029446456,12273.246753246753],after=[209.21352900772163,9187.994518625203,12273.246753246753]
LS:g=4,op=O7_MA_LOAD_TRANSFER,accepted=true,fe=570,before=[199.56276476554265,9174.460029446456,12273.246753246753],after=[199.56276476554265,9069.047903656034,12157.862137862137]
LS:g=4,op=O8_MA_WEAK_TO_STRONG,accepted=true,fe=571,before=[199.56276476554265,9069.047903656034,12157.862137862137],after=[199.56276476554262,8854.767220569058,12020.719280719279]
LS:g=4,op=O9_MA_SWAP,accepted=true,fe=572,before=[199.56276476554262,8854.767220569058,12020.719280719279],after=[199.56276476554262,8854.767220569058,12020.719280719279]
LS:g=4,op=CRITICAL_FACTORY_SWAP,accepted=false,fe=573,before=[230.0261805464496,8486.478141904485,12022.432567432565],after=[236.78412824411038,8824.916552540324,12120.334665334662]
LS:g=4,op=CRITICAL_FACTORY_INSERT,accepted=false,fe=574,before=[230.0261805464496,8486.478141904485,12022.432567432565],after=[217.41634158350035,8877.8329009555,12004.575424575421]
LS:g=4,op=O1_JS_INSERT,accepted=true,fe=575,before=[230.0261805464496,8486.478141904485,12022.432567432565],after=[230.0261805464496,8486.478141904485,12022.432567432565]
LS:g=4,op=O2_JS_REVERSE,accepted=true,fe=576,before=[230.0261805464496,8486.478141904485,12022.432567432565],after=[246.48917771178023,8473.633732470294,11972.887112887109]
LS:g=4,op=O3_JS_SWAP,accepted=false,fe=577,before=[246.48917771178023,8473.633732470294,11972.887112887109],after=[246.99187506908888,8566.060476549941,11972.887112887109]
LS:g=4,op=O4_WA_LOAD_TRANSFER,accepted=false,fe=578,before=[246.48917771178023,8473.633732470294,11972.887112887109],after=[246.48917771178023,8825.970631411263,11972.887112887109]
LS:g=4,op=O5_WA_WEAK_TO_STRONG,accepted=true,fe=579,before=[246.48917771178023,8473.633732470294,11972.887112887109],after=[246.48917771178023,8473.633732470294,11972.887112887109]
LS:g=4,op=O6_WA_SWAP,accepted=true,fe=580,before=[246.48917771178023,8473.633732470294,11972.887112887109],after=[246.48917771178023,8473.633732470294,11972.887112887109]
LS:g=4,op=O7_MA_LOAD_TRANSFER,accepted=false,fe=581,before=[246.48917771178023,8473.633732470294,11972.887112887109],after=[246.48917771178023,8611.995781015288,12064.315684315681]
LS:g=4,op=O8_MA_WEAK_TO_STRONG,accepted=true,fe=582,before=[246.48917771178023,8473.633732470294,11972.887112887109],after=[246.48917771178023,8473.633732470294,11972.887112887109]
LS:g=4,op=O9_MA_SWAP,accepted=false,fe=583,before=[246.48917771178023,8473.633732470294,11972.887112887109],after=[246.48917771178023,8558.357791989385,11975.634365634362]
LS:g=4,op=CRITICAL_FACTORY_SWAP,accepted=true,fe=584,before=[299.7293748658078,9013.929513024143,12007.309357309354],after=[258.9370381150485,8931.260618268738,11964.971694971691]
LS:g=4,op=CRITICAL_FACTORY_INSERT,accepted=false,fe=585,before=[258.9370381150485,8931.260618268738,11964.971694971691],after=[235.2712185799494,9218.035412852349,11979.377289377286]
LS:g=4,op=O1_JS_INSERT,accepted=true,fe=586,before=[258.9370381150485,8931.260618268738,11964.971694971691],after=[258.9370381150485,8931.260618268738,11964.971694971691]
LS:g=4,op=O2_JS_REVERSE,accepted=true,fe=587,before=[258.9370381150485,8931.260618268738,11964.971694971691],after=[258.9370381150485,8814.15807176043,11996.032301032297]
LS:g=4,op=O3_JS_SWAP,accepted=true,fe=588,before=[258.9370381150485,8814.15807176043,11996.032301032297],after=[258.9370381150485,8814.15807176043,11996.032301032297]
LS:g=4,op=O4_WA_LOAD_TRANSFER,accepted=false,fe=589,before=[258.9370381150485,8814.15807176043,11996.032301032297],after=[273.028960865758,8884.617685513978,11996.032301032297]
LS:g=4,op=O5_WA_WEAK_TO_STRONG,accepted=false,fe=590,before=[258.9370381150485,8814.15807176043,11996.032301032297],after=[297.02029080807006,8855.011910447185,12018.75957375957]
LS:g=4,op=O6_WA_SWAP,accepted=true,fe=591,before=[258.9370381150485,8814.15807176043,11996.032301032297],after=[258.9370381150485,8814.15807176043,11996.032301032297]
LS:g=4,op=O7_MA_LOAD_TRANSFER,accepted=false,fe=592,before=[258.9370381150485,8814.15807176043,11996.032301032297],after=[261.4483600367974,9019.048295300585,12015.088245088242]
LS:g=4,op=O8_MA_WEAK_TO_STRONG,accepted=true,fe=593,before=[258.9370381150485,8814.15807176043,11996.032301032297],after=[275.06260483335484,8743.323776071116,11989.622044622041]
LS:g=4,op=O9_MA_SWAP,accepted=true,fe=594,before=[275.06260483335484,8743.323776071116,11989.622044622041],after=[275.06260483335484,8535.519744343252,12056.89477189477]
LS:g=4,op=CRITICAL_FACTORY_SWAP,accepted=true,fe=595,before=[300.82491398361526,9490.832082842702,11874.172494172495],after=[276.9949173065227,9507.693006724548,11850.081585081585]
LS:g=4,op=CRITICAL_FACTORY_INSERT,accepted=false,fe=596,before=[276.9949173065227,9507.693006724548,11850.081585081585],after=[217.30447197544277,9645.548209245042,11851.445221445221]
LS:g=4,op=O1_JS_INSERT,accepted=true,fe=597,before=[276.9949173065227,9507.693006724548,11850.081585081585],after=[276.9949173065227,9507.693006724548,11850.081585081585]
LS:g=4,op=O2_JS_REVERSE,accepted=true,fe=598,before=[276.9949173065227,9507.693006724548,11850.081585081585],after=[276.9949173065227,9507.693006724548,11850.081585081585]
LS:g=4,op=O3_JS_SWAP,accepted=true,fe=599,before=[276.9949173065227,9507.693006724548,11850.081585081585],after=[276.9949173065227,9507.693006724548,11850.081585081585]
LS:g=4,op=O4_WA_LOAD_TRANSFER,accepted=true,fe=600,before=[276.9949173065227,9507.693006724548,11850.081585081585],after=[229.36950993987324,9457.119307041388,11815.990675990677]
LS:g=4,op=O5_WA_WEAK_TO_STRONG,accepted=false,fe=601,before=[229.36950993987324,9457.119307041388,11815.990675990677],after=[223.86270452140695,9235.925843428347,11879.62703962704]
LS:g=4,op=O6_WA_SWAP,accepted=true,fe=602,before=[229.36950993987324,9457.119307041388,11815.990675990677],after=[229.36950993987324,9457.119307041388,11815.990675990677]
LS:g=4,op=O7_MA_LOAD_TRANSFER,accepted=false,fe=603,before=[229.36950993987324,9457.119307041388,11815.990675990677],after=[227.6768541511417,9320.121796134204,11831.608391608394]
LS:g=4,op=O8_MA_WEAK_TO_STRONG,accepted=false,fe=604,before=[229.36950993987324,9457.119307041388,11815.990675990677],after=[227.6768541511417,9320.121796134204,11831.608391608394]
LS:g=4,op=O9_MA_SWAP,accepted=false,fe=605,before=[229.36950993987324,9457.119307041388,11815.990675990677],after=[217.30447197544277,9502.584474411324,11826.596736596737]
LS:g=4,op=CRITICAL_FACTORY_SWAP,accepted=true,fe=606,before=[303.91199375356416,10697.395068624463,11801.798201798203],after=[343.0551142862776,11157.863254458716,11790.56277056277]
LS:g=4,op=CRITICAL_FACTORY_INSERT,accepted=false,fe=607,before=[343.0551142862776,11157.863254458716,11790.56277056277],after=[329.8721379452416,10954.069384607124,11871.007326007324]
LS:g=4,op=O1_JS_INSERT,accepted=true,fe=608,before=[343.0551142862776,11157.863254458716,11790.56277056277],after=[343.0551142862776,11157.863254458716,11790.56277056277]
LS:g=4,op=O2_JS_REVERSE,accepted=false,fe=609,before=[343.0551142862776,11157.863254458716,11790.56277056277],after=[334.02259251915746,10926.170373874016,11890.865800865802]
LS:g=4,op=O3_JS_SWAP,accepted=true,fe=610,before=[343.0551142862776,11157.863254458716,11790.56277056277],after=[343.0551142862776,11157.863254458716,11790.56277056277]
LS:g=4,op=O4_WA_LOAD_TRANSFER,accepted=true,fe=611,before=[343.0551142862776,11157.863254458716,11790.56277056277],after=[343.0551142862776,11157.863254458716,11790.56277056277]
LS:g=4,op=O5_WA_WEAK_TO_STRONG,accepted=true,fe=612,before=[343.0551142862776,11157.863254458716,11790.56277056277],after=[343.2444772936218,10797.557992499263,11765.714285714284]
LS:g=4,op=O6_WA_SWAP,accepted=true,fe=613,before=[343.2444772936218,10797.557992499263,11765.714285714284],after=[343.2444772936218,10797.557992499263,11765.714285714284]
LS:g=4,op=O7_MA_LOAD_TRANSFER,accepted=true,fe=614,before=[343.2444772936218,10797.557992499263,11765.714285714284],after=[343.2444772936218,10797.557992499263,11765.714285714284]
LS:g=4,op=O8_MA_WEAK_TO_STRONG,accepted=true,fe=615,before=[343.2444772936218,10797.557992499263,11765.714285714284],after=[343.2444772936218,10797.557992499263,11765.714285714284]
LS:g=4,op=O9_MA_SWAP,accepted=true,fe=616,before=[343.2444772936218,10797.557992499263,11765.714285714284],after=[343.2444772936218,10772.86054740124,11765.714285714284]
LS:g=4,op=CRITICAL_FACTORY_SWAP,accepted=false,fe=617,before=[281.1173769986127,10176.585326901612,11811.336996336997],after=[298.3478336090471,10124.848967973212,11757.00799200799]
LS:g=4,op=CRITICAL_FACTORY_INSERT,accepted=true,fe=618,before=[281.1173769986127,10176.585326901612,11811.336996336997],after=[251.64878348810942,10116.965715556082,11963.847818847817]
LS:g=4,op=O1_JS_INSERT,accepted=true,fe=619,before=[251.64878348810942,10116.965715556082,11963.847818847817],after=[224.79015911505104,9933.29456247436,11998.241758241757]
LS:g=4,op=O2_JS_REVERSE,accepted=true,fe=620,before=[224.79015911505104,9933.29456247436,11998.241758241757],after=[261.30219701731875,10235.884383226989,11991.17882117882]
LS:g=4,op=O3_JS_SWAP,accepted=true,fe=621,before=[261.30219701731875,10235.884383226989,11991.17882117882],after=[261.30219701731875,10086.331883388626,12041.784881784883]
LS:g=4,op=O4_WA_LOAD_TRANSFER,accepted=false,fe=622,before=[261.30219701731875,10086.331883388626,12041.784881784883],after=[261.30219701731875,10335.598862112698,12047.845487845489]
LS:g=4,op=O5_WA_WEAK_TO_STRONG,accepted=false,fe=623,before=[261.30219701731875,10086.331883388626,12041.784881784883],after=[280.52341294831257,9999.69969660505,11998.148518148519]
LS:g=4,op=O6_WA_SWAP,accepted=false,fe=624,before=[261.30219701731875,10086.331883388626,12041.784881784883],after=[266.69691646708117,10062.608510716776,12010.26973026973]
LS:g=4,op=O7_MA_LOAD_TRANSFER,accepted=false,fe=625,before=[261.30219701731875,10086.331883388626,12041.784881784883],after=[248.26158782543934,10165.534306916183,12026.936396936397]
LS:g=4,op=O8_MA_WEAK_TO_STRONG,accepted=true,fe=626,before=[261.30219701731875,10086.331883388626,12041.784881784883],after=[261.30219701731875,10086.331883388626,12041.784881784883]
LS:g=4,op=O9_MA_SWAP,accepted=true,fe=627,before=[261.30219701731875,10086.331883388626,12041.784881784883],after=[248.73265476165386,9937.497384890488,12060.118215118215]
LS:g=4,op=CRITICAL_FACTORY_SWAP,accepted=false,fe=628,before=[241.45698277157226,9450.930298672138,12247.086247086243],after=[227.67072794546596,9579.301870405554,12158.981018981016]
LS:g=4,op=CRITICAL_FACTORY_INSERT,accepted=false,fe=629,before=[241.45698277157226,9450.930298672138,12247.086247086243],after=[266.6419324761039,9983.31444723216,12070.712620712618]
LS:g=4,op=O1_JS_INSERT,accepted=false,fe=630,before=[241.45698277157226,9450.930298672138,12247.086247086243],after=[241.45698277157226,9475.208448561687,12247.086247086243]
LS:g=4,op=O2_JS_REVERSE,accepted=true,fe=631,before=[241.45698277157226,9450.930298672138,12247.086247086243],after=[241.45698277157226,9450.930298672138,12247.086247086243]
LS:g=4,op=O3_JS_SWAP,accepted=false,fe=632,before=[241.45698277157226,9450.930298672138,12247.086247086243],after=[241.45698277157226,9450.930298672138,12247.086247086243]
LS:g=4,op=O4_WA_LOAD_TRANSFER,accepted=false,fe=633,before=[241.45698277157226,9450.930298672138,12247.086247086243],after=[241.45698277157226,9611.904683088309,12247.086247086243]
LS:g=4,op=O5_WA_WEAK_TO_STRONG,accepted=true,fe=634,before=[241.45698277157226,9450.930298672138,12247.086247086243],after=[241.45698277157226,9342.79279332144,12247.086247086243]
LS:g=4,op=O6_WA_SWAP,accepted=true,fe=635,before=[241.45698277157226,9342.79279332144,12247.086247086243],after=[241.45698277157226,9342.79279332144,12247.086247086243]
LS:g=4,op=O7_MA_LOAD_TRANSFER,accepted=false,fe=636,before=[241.45698277157226,9342.79279332144,12247.086247086243],after=[241.45698277157226,9357.400186034234,12247.086247086243]
LS:g=4,op=O8_MA_WEAK_TO_STRONG,accepted=true,fe=637,before=[241.45698277157226,9342.79279332144,12247.086247086243],after=[241.45698277157226,9186.065150438877,12189.943389943386]
LS:g=4,op=O9_MA_SWAP,accepted=false,fe=638,before=[241.45698277157226,9186.065150438877,12189.943389943386],after=[251.903885704745,9167.177564308398,12164.55877455877]
LS:g=4,op=CRITICAL_FACTORY_SWAP,accepted=true,fe=639,before=[203.4256413156146,10025.442636542091,12119.260739260739],after=[188.43031344265836,9851.731081838283,12048.005328005323]
LS:g=4,op=CRITICAL_FACTORY_INSERT,accepted=false,fe=640,before=[188.43031344265836,9851.731081838283,12048.005328005323],after=[208.61154539171594,9869.411122842635,12092.840492840489]
LS:g=4,op=O1_JS_INSERT,accepted=false,fe=641,before=[188.43031344265836,9851.731081838283,12048.005328005323],after=[188.43031344265836,9851.731081838283,12048.005328005323]
LS:g=4,op=O2_JS_REVERSE,accepted=true,fe=642,before=[188.43031344265836,9851.731081838283,12048.005328005323],after=[188.43031344265836,9851.731081838283,12048.005328005323]
LS:g=4,op=O3_JS_SWAP,accepted=false,fe=643,before=[188.43031344265836,9851.731081838283,12048.005328005323],after=[188.43031344265836,9937.546833354947,12016.490176490172]
LS:g=4,op=O4_WA_LOAD_TRANSFER,accepted=false,fe=644,before=[188.43031344265836,9851.731081838283,12048.005328005323],after=[194.91832965288773,10071.699786374556,12048.308358308355]
LS:g=4,op=O5_WA_WEAK_TO_STRONG,accepted=true,fe=645,before=[188.43031344265836,9851.731081838283,12048.005328005323],after=[188.43031344265836,9553.716725268092,12025.732600732601]
LS:g=4,op=O6_WA_SWAP,accepted=false,fe=646,before=[188.43031344265836,9553.716725268092,12025.732600732601],after=[194.2564277684766,9570.033086128456,12037.853812853811]
LS:g=4,op=O7_MA_LOAD_TRANSFER,accepted=false,fe=647,before=[188.43031344265836,9553.716725268092,12025.732600732601],after=[201.25347859958035,9760.464345382657,12074.975024975023]
LS:g=4,op=O8_MA_WEAK_TO_STRONG,accepted=true,fe=648,before=[188.43031344265836,9553.716725268092,12025.732600732601],after=[188.43031344265836,9553.716725268092,12025.732600732601]
LS:g=4,op=O9_MA_SWAP,accepted=true,fe=649,before=[188.43031344265836,9553.716725268092,12025.732600732601],after=[188.43031344265836,9553.716725268092,12025.732600732601]
LS:g=4,op=CRITICAL_FACTORY_SWAP,accepted=true,fe=650,before=[237.57857130900354,10286.894433238003,11919.57375957376],after=[231.29380018117106,10390.417625204831,11997.782217782215]
LS:g=4,op=CRITICAL_FACTORY_INSERT,accepted=true,fe=651,before=[231.29380018117106,10390.417625204831,11997.782217782215],after=[217.46730369993966,10320.448107113623,11977.11122211122]
LS:g=4,op=O1_JS_INSERT,accepted=true,fe=652,before=[217.46730369993966,10320.448107113623,11977.11122211122],after=[217.46730369993966,10230.678664282681,11926.202131202128]
LS:g=4,op=O2_JS_REVERSE,accepted=true,fe=653,before=[217.46730369993966,10230.678664282681,11926.202131202128],after=[217.46730369993966,10230.678664282681,11926.202131202128]
LS:g=4,op=O3_JS_SWAP,accepted=true,fe=654,before=[217.46730369993966,10230.678664282681,11926.202131202128],after=[217.46730369993966,10230.678664282681,11926.202131202128]
LS:g=4,op=O4_WA_LOAD_TRANSFER,accepted=false,fe=655,before=[217.46730369993966,10230.678664282681,11926.202131202128],after=[217.46730369993966,10269.089194468579,11961.808191808188]
LS:g=4,op=O5_WA_WEAK_TO_STRONG,accepted=true,fe=656,before=[217.46730369993966,10230.678664282681,11926.202131202128],after=[217.46730369993966,10092.598854046251,11926.202131202128]
LS:g=4,op=O6_WA_SWAP,accepted=false,fe=657,before=[217.46730369993966,10092.598854046251,11926.202131202128],after=[199.45399909970453,10026.003853643022,11994.080919080916]
LS:g=4,op=O7_MA_LOAD_TRANSFER,accepted=true,fe=658,before=[217.46730369993966,10092.598854046251,11926.202131202128],after=[217.46730369993966,9990.785561775365,11926.202131202128]
LS:g=4,op=O8_MA_WEAK_TO_STRONG,accepted=true,fe=659,before=[217.46730369993966,9990.785561775365,11926.202131202128],after=[217.46730369993966,9990.785561775365,11926.202131202128]
LS:g=4,op=O9_MA_SWAP,accepted=true,fe=660,before=[217.46730369993966,9990.785561775365,11926.202131202128],after=[217.46730369993966,9990.785561775365,11926.202131202128]
GENERATION_END:g=4,fe=660,archive=15
GROUP:g=5,name=G1_CMAX,members=JS=[13, 14, 3, 2, 9, 12, 10, 17, 5, 7, 16, 19, 15, 4, 6, 11, 18, 0, 1, 8]|FA=[2, 0, 1, 2, 2, 2, 0, 0, 0, 2, 1, 0, 1, 2, 1, 1, 0, 1, 1, 2]|MA=[0, 0, 0, 1, 1, 0, 0, 3, 1, 0, 1, 3, 1, 1, 0, 1, 0, 0, 1, 0]|WA=[1, 1, 0, 1, 0, 1, 1, 1, 2, 0, 1, 1, 0, 0, 1, 1, 2, 0, 0, 1]@[185.33113442920336,9524.034139631405,12070.153180153178];JS=[11, 13, 3, 6, 12, 4, 8, 14, 15, 7, 16, 19, 10, 5, 1, 0, 2, 18, 9, 17]|FA=[2, 2, 2, 1, 2, 2, 2, 0, 0, 0, 1, 1, 0, 0, 0, 1, 0, 1, 1, 2]|MA=[0, 0, 1, 1, 1, 1, 0, 2, 0, 3, 0, 1, 3, 0, 3, 0, 1, 1, 1, 0]|WA=[1, 1, 1, 1, 1, 0, 1, 1, 1, 0, 0, 1, 1, 0, 2, 1, 2, 0, 0, 1]@[188.43031344265836,9553.716725268092,12025.732600732601];
GROUP:g=5,name=G2_TEC,members=JS=[16, 7, 1, 3, 19, 0, 2, 6, 10, 11, 8, 17, 15, 9, 5, 4, 13, 14, 12, 18]|FA=[0, 1, 0, 1, 0, 2, 1, 1, 1, 0, 1, 2, 2, 2, 2, 0, 0, 0, 0, 1]|MA=[0, 1, 3, 0, 3, 0, 1, 1, 1, 0, 1, 0, 0, 0, 0, 3, 2, 3, 2, 1]|WA=[1, 1, 2, 1, 1, 0, 0, 1, 1, 1, 1, 0, 0, 1, 1, 1, 1, 1, 1, 0]@[246.48917771178023,8473.633732470294,11972.887112887109];JS=[12, 14, 13, 4, 5, 9, 15, 17, 8, 11, 10, 6, 2, 0, 19, 3, 1, 7, 16, 18]|FA=[0, 0, 0, 0, 2, 2, 2, 2, 1, 0, 1, 1, 1, 2, 0, 1, 0, 1, 0, 1]|MA=[2, 3, 2, 3, 0, 0, 0, 0, 1, 0, 1, 1, 1, 0, 3, 0, 3, 1, 0, 1]|WA=[1, 1, 1, 1, 1, 1, 0, 0, 1, 1, 1, 1, 0, 0, 1, 1, 2, 1, 1, 0]@[230.0261805464496,8486.478141904485,12022.432567432565];
GROUP:g=5,name=G3_TWC,members=JS=[13, 5, 9, 4, 15, 3, 8, 10, 17, 12, 19, 14, 11, 7, 0, 18, 2, 6, 16, 1]|FA=[0, 1, 2, 2, 2, 2, 2, 2, 2, 1, 0, 1, 0, 1, 1, 0, 1, 2, 2, 2]|MA=[0, 1, 1, 1, 0, 0, 1, 1, 0, 0, 2, 0, 1, 0, 0, 0, 0, 1, 0, 0]|WA=[1, 1, 1, 1, 0, 1, 1, 0, 1, 0, 1, 1, 1, 0, 1, 2, 1, 0, 0, 1]@[343.2444772936218,10772.86054740124,11765.714285714284];JS=[13, 5, 9, 4, 15, 3, 8, 17, 10, 12, 19, 14, 11, 7, 0, 18, 2, 6, 16, 1]|FA=[0, 1, 2, 2, 2, 2, 2, 2, 0, 1, 0, 1, 2, 1, 1, 0, 1, 2, 2, 2]|MA=[0, 1, 1, 1, 0, 0, 1, 0, 0, 0, 2, 0, 1, 0, 0, 0, 0, 0, 1, 0]|WA=[1, 1, 1, 0, 0, 1, 1, 1, 2, 0, 1, 1, 1, 0, 1, 2, 1, 0, 0, 1]@[303.91199375356416,10697.395068624463,11801.798201798203];
GROUP:g=5,name=G4_CENTER,members=JS=[11, 13, 3, 6, 12, 4, 8, 14, 15, 7, 16, 19, 10, 5, 1, 0, 2, 18, 9, 17]|FA=[2, 2, 2, 1, 2, 2, 2, 0, 0, 0, 1, 1, 0, 0, 0, 1, 0, 1, 1, 2]|MA=[0, 0, 1, 1, 1, 1, 0, 2, 0, 3, 0, 1, 3, 0, 3, 0, 1, 1, 1, 0]|WA=[1, 1, 1, 1, 1, 0, 1, 1, 1, 0, 0, 1, 1, 0, 2, 1, 2, 0, 0, 1]@[188.43031344265836,9553.716725268092,12025.732600732601];JS=[11, 13, 3, 6, 9, 5, 7, 0, 17, 8, 4, 19, 10, 12, 18, 2, 14, 1, 15, 16]|FA=[0, 2, 2, 1, 0, 2, 2, 2, 2, 2, 1, 0, 1, 2, 1, 1, 0, 1, 1, 2]|MA=[2, 0, 1, 1, 1, 1, 0, 0, 0, 0, 0, 3, 0, 1, 1, 0, 1, 1, 1, 0]|WA=[2, 1, 1, 1, 0, 1, 1, 1, 1, 0, 0, 1, 0, 1, 1, 0, 2, 1, 1, 1]@[281.1173769986127,10176.585326901612,11811.336996336997];JS=[12, 14, 13, 4, 5, 9, 15, 17, 8, 11, 10, 6, 2, 0, 19, 3, 1, 7, 16, 18]|FA=[0, 0, 0, 0, 2, 2, 2, 2, 1, 0, 1, 1, 1, 2, 0, 1, 0, 1, 0, 1]|MA=[2, 3, 2, 3, 0, 0, 0, 0, 1, 0, 1, 1, 1, 0, 3, 0, 3, 1, 0, 1]|WA=[1, 1, 1, 1, 1, 1, 0, 0, 1, 1, 1, 1, 0, 0, 1, 1, 2, 1, 1, 0]@[230.0261805464496,8486.478141904485,12022.432567432565];JS=[13, 11, 9, 3, 6, 7, 5, 0, 17, 8, 4, 16, 15, 10, 19, 12, 1, 18, 14, 2]|FA=[1, 0, 2, 2, 2, 1, 2, 0, 0, 0, 2, 1, 0, 0, 2, 1, 0, 0, 1, 1]|MA=[0, 0, 1, 1, 1, 0, 0, 2, 0, 3, 0, 1, 3, 0, 0, 0, 1, 1, 0, 1]|WA=[1, 2, 0, 0, 1, 1, 1, 1, 1, 0, 1, 1, 1, 0, 1, 1, 0, 2, 1, 0]@[217.46730369993966,9990.785561775365,11926.202131202128];
OP:JS_INITIAL_SWAP:6:19
OP:JS_GUIDE:PBEST:r=0.09834372405029836:pairs=[(1,19)]
OP:JS_GUIDE:QGBEST:r=0.45763728101160395:pairs=[(3,15), (4,11), (5,12), (6,18), (8,18), (9,13), (11,17), (12,19), (14,19), (15,19), (17,19), (18,19)]
OP:JS_INITIAL_SWAP:0:13
OP:JS_GUIDE:PBEST:r=0.46215189403967666:pairs=[(0,1), (2,18), (3,5), (4,8), (5,6), (6,14), (7,19), (8,9), (9,13), (13,18), (14,18), (16,17)]
OP:JS_GUIDE:QGBEST:r=0.22453482583189302:pairs=[(1,7), (2,18), (3,13), (4,11), (5,11), (6,14), (7,19), (8,11), (9,13), (11,15), (14,15), (16,17)]
Q:g=5,group=G1_CMAX,round=0,state=0,action=1,reward=-37.10288753376605,nextState=1,phase=BEFORE_LOCAL_SEARCH
OP:JS_INITIAL_SWAP:9:12
OP:JS_GUIDE:PBEST:r=0.45397314858548016:pairs=[(1,19), (3,15), (4,11), (5,9), (6,8), (8,18), (9,12)]
OP:JS_GUIDE:QGBEST:r=0.5302111498222356:pairs=[(1,19), (3,15), (4,11), (9,13), (11,17), (12,19), (13,19), (14,19), (15,19), (17,19), (18,19)]
OP:JS_INITIAL_SWAP:17:11
OP:JS_GUIDE:PBEST:r=0.45386537671959465:pairs=[(1,7), (2,18), (6,14), (7,19), (8,9), (9,13), (11,17), (13,18), (14,18), (16,17)]
OP:JS_GUIDE:QGBEST:r=0.43139106441697306:pairs=[(1,19), (2,18), (3,13), (4,17), (5,17), (8,17), (9,13), (11,15), (14,17), (15,17), (16,17)]
OP:REPAIR:MA:12:3:1:[0,1]
Q:g=5,group=G1_CMAX,round=1,state=1,action=2,reward=-7.435727276744075,nextState=1,phase=BEFORE_LOCAL_SEARCH
OP:JS_INITIAL_SWAP:18:1
OP:JS_GUIDE:PBEST:r=0.27393414879393235:pairs=[(0,16), (1,17), (2,3), (3,15), (4,14), (5,13), (6,12), (7,11), (8,10), (15,17), (16,17), (17,18)]
OP:JS_GUIDE:QGBEST:r=0.3783657144299822:pairs=[(0,2), (3,9), (4,13), (5,12), (6,15), (7,11), (8,10), (10,15), (12,15), (13,15), (14,15), (15,17), (16,19), (18,19)]
OP:REPAIR:MA:1:3:0:[0,1]
OP:REPAIR:MA:3:3:1:[0,1]
OP:REPAIR:MA:14:3:1:[0,1]
OP:JS_INITIAL_SWAP:5:8
OP:JS_GUIDE:PBEST:r=0.1831585989253839:pairs=[(0,2), (2,15), (5,8)]
OP:JS_GUIDE:QGBEST:r=0.2424020558517437:pairs=[(0,15), (3,9), (4,8), (5,6), (6,9), (8,9), (9,16), (10,12), (16,19), (17,19)]
OP:REPAIR:WA:8:2:0:[0,1]
Q:g=5,group=G2_TEC,round=0,state=0,action=2,reward=-94.22540624812609,nextState=1,phase=BEFORE_LOCAL_SEARCH
OP:JS_INITIAL_SWAP:8:13
OP:JS_GUIDE:PBEST:r=0.18844915384927247:pairs=[(0,2), (3,6), (4,14), (5,14), (6,14), (7,11), (8,10), (9,14), (10,13), (12,15), (13,15), (14,15), (15,17), (16,17), (17,18)]
OP:JS_GUIDE:QGBEST:r=0.26554953912327844:pairs=[(0,2), (3,6), (7,11), (8,10), (10,15), (12,13), (14,15), (15,17), (16,19), (18,19)]
OP:REPAIR:MA:1:3:0:[0,1]
OP:REPAIR:MA:3:3:0:[0,1]
OP:MA_MUTATE:19:1:1
OP:JS_INITIAL_SWAP:4:9
OP:JS_GUIDE:PBEST:r=0.14823891107905424:pairs=[(4,9)]
OP:JS_GUIDE:QGBEST:r=0.5321523234167689:pairs=[(4,8), (5,6), (6,8), (9,16), (10,12), (16,19), (17,19)]
OP:REPAIR:MA:3:3:1:[0,1]
OP:REPAIR:MA:14:3:0:[0,1]
OP:FA_MUTATE:15:1:1
OP:FA_SYNC_MA:15:0:0
OP:FA_SYNC_WA:15:1:0
OP:WA_MUTATE:18:1:1
Q:g=5,group=G2_TEC,round=1,state=1,action=2,reward=-514.1619146283665,nextState=1,phase=BEFORE_LOCAL_SEARCH
OP:JS_INITIAL_SWAP:3:2
OP:JS_GUIDE:PBEST:r=0.5593731577843096:pairs=[(2,3), (5,6), (6,8), (7,9), (8,13), (9,12), (10,18), (11,18), (14,19), (15,19), (16,19), (17,19), (18,19)]
OP:JS_GUIDE:QGBEST:r=0.4839515316317772:pairs=[(5,13), (6,13), (7,13), (8,12), (9,12), (11,18), (14,19), (15,19), (16,19), (17,19), (18,19)]
OP:MA_MUTATE:3:1:1
OP:WA_MUTATE:18:0:0
OP:JS_INITIAL_SWAP:15:0
OP:JS_GUIDE:PBEST:r=0.29033633365472894:pairs=[(0,15), (5,6), (6,7), (7,9), (8,13), (9,12), (10,18), (11,18), (12,13), (14,19), (15,19), (16,19), (17,19), (18,19)]
OP:JS_GUIDE:QGBEST:r=0.3034283760135729:pairs=[(5,9), (6,9), (7,9), (9,13), (10,18), (11,18), (14,19), (15,19), (16,19), (17,19), (18,19)]
Q:g=5,group=G3_TWC,round=0,state=0,action=1,reward=39.94588744588964,nextState=0,phase=BEFORE_LOCAL_SEARCH
OP:JS_INITIAL_SWAP:3:9
OP:JS_GUIDE:PBEST:r=0.165025944738193:pairs=[(3,9), (5,6), (6,7), (7,13), (8,9), (9,12), (11,18), (14,19), (15,19), (16,19), (17,19), (18,19)]
OP:JS_GUIDE:QGBEST:r=0.23948334791582415:pairs=[(11,18), (14,19), (15,19), (16,19), (17,19), (18,19)]
OP:REPAIR:WA:16:2:1:[0,1]
OP:WA_MUTATE:3:0:1
OP:JS_INITIAL_SWAP:1:7
OP:JS_GUIDE:PBEST:r=0.5216880404734974:pairs=[(1,7), (5,6), (6,7), (7,9), (8,13), (9,12), (10,18), (11,18), (12,13), (14,19), (15,19), (16,19), (17,19), (18,19)]
OP:JS_GUIDE:QGBEST:r=0.11765352587547914:pairs=[(5,12), (6,12), (7,12), (8,13), (9,13), (11,18), (12,13), (14,19), (15,19), (16,19), (17,19), (18,19)]
OP:REPAIR:MA:10:2:0:[0,1]
OP:REPAIR:WA:15:2:1:[0,1]
Q:g=5,group=G3_TWC,round=1,state=0,action=1,reward=12.98867798867741,nextState=0,phase=BEFORE_LOCAL_SEARCH
OP:JS_INITIAL_SWAP:2:6
OP:JS_GUIDE:PBEST:r=0.5629340169101354:pairs=[(2,13), (3,18), (4,5), (6,13), (7,19), (16,17)]
OP:JS_GUIDE:QGBEST:r=0.2160685615153218:pairs=[(2,6), (3,18), (4,18), (5,6), (6,9), (7,15), (8,19), (9,13), (10,18), (11,18), (12,19), (13,19), (14,18), (15,19), (16,18)]
OP:REPAIR:MA:14:3:0:[0,1]
OP:REPAIR:WA:14:2:0:[0,1]
OP:REPAIR:WA:2:2:1:[0,1]
OP:WA_MUTATE:0:1:0
OP:JS_INITIAL_SWAP:7:2
OP:JS_GUIDE:PBEST:r=0.1217474603764787:pairs=[(2,5), (3,4), (4,10), (5,13), (6,9), (7,8), (8,18), (10,19), (13,18), (14,17), (15,18), (16,17), (17,18), (18,19)]
OP:JS_GUIDE:QGBEST:r=0.053761439764222985:pairs=[(2,7), (5,7), (11,19), (12,18), (13,18), (14,19), (15,18), (16,17), (17,19)]
OP:REPAIR:MA:12:3:1:[0,1]
OP:JS_INITIAL_SWAP:11:19
OP:JS_GUIDE:PBEST:r=0.1913937185460385:pairs=[(11,19)]
OP:JS_GUIDE:QGBEST:r=0.5479830717792108:pairs=[(0,9), (1,2), (2,15), (3,19), (4,5), (6,17), (7,13), (8,13), (9,13), (10,19), (11,18), (12,17), (13,19), (15,19), (17,18)]
OP:REPAIR:MA:3:3:0:[0,1]
OP:JS_INITIAL_SWAP:0:17
OP:JS_GUIDE:PBEST:r=0.06508021644944319:pairs=[(0,1), (1,17), (2,3), (3,4), (5,6), (18,19)]
OP:JS_GUIDE:QGBEST:r=0.3904248279990188:pairs=[(0,1), (1,17), (2,3), (3,4), (5,6), (18,19)]
Q:g=5,group=G4_CENTER,round=0,state=0,action=1,reward=-0.1631218717575316,nextState=1,phase=BEFORE_LOCAL_SEARCH
OP:JS_INITIAL_SWAP:12:17
OP:JS_GUIDE:PBEST:r=0.5075428853758059:pairs=[(2,6), (3,4), (4,18), (6,13), (7,19), (12,17), (16,17)]
OP:JS_GUIDE:QGBEST:r=0.5775835212398108:pairs=[(2,3), (3,6), (4,18), (5,9), (7,15), (8,19), (9,13), (10,18), (11,18), (12,19), (13,17), (14,18), (15,17), (16,18), (17,19), (18,19)]
OP:JS_INITIAL_SWAP:6:3
OP:JS_GUIDE:PBEST:r=0.5566190893365823:pairs=[(3,4), (4,10), (5,13), (6,9), (7,8), (8,18), (9,10), (10,19), (13,18), (14,17), (15,18), (16,17), (17,18), (18,19)]
OP:JS_GUIDE:QGBEST:r=0.17709702554019022:pairs=[(2,3), (3,18), (4,10), (5,9), (6,18), (7,13), (8,13), (9,18), (11,19), (12,13), (14,19), (15,18), (16,17), (17,19), (18,19)]
OP:REPAIR:MA:7:2:1:[0,1]
OP:REPAIR:WA:17:2:1:[0,1]
OP:JS_INITIAL_SWAP:0:10
OP:JS_GUIDE:PBEST:r=0.20804620957590686:pairs=[(0,1), (1,15), (2,16), (3,17), (5,10), (6,16), (7,8), (8,10), (9,13), (10,19), (11,17), (12,15), (13,19), (15,19), (16,17), (17,19)]
OP:JS_GUIDE:QGBEST:r=0.35997770994916034:pairs=[(0,10), (1,10), (2,4), (3,16), (4,16), (5,6), (9,13), (10,19), (11,18), (12,17), (13,15), (17,18), (18,19)]
OP:REPAIR:MA:7:2:0:[0,1]
OP:JS_INITIAL_SWAP:5:18
OP:JS_GUIDE:PBEST:r=0.46319682170793913:pairs=[(5,18)]
OP:JS_GUIDE:QGBEST:r=0.23389269208968858:pairs=[(5,18)]
Q:g=5,group=G4_CENTER,round=1,state=1,action=3,reward=0.08757674677290543,nextState=0,phase=BEFORE_LOCAL_SEARCH
LS:g=5,op=CRITICAL_FACTORY_SWAP,accepted=true,fe=681,before=[247.44679563535541,9983.979047889685,11865.506160506156],after=[235.17747603760193,9641.2802718893,12010.890775890772]
LS:g=5,op=CRITICAL_FACTORY_INSERT,accepted=true,fe=682,before=[235.17747603760193,9641.2802718893,12010.890775890772],after=[235.17747603760193,9794.26757366176,12091.799866799864]
LS:g=5,op=O1_JS_INSERT,accepted=true,fe=683,before=[235.17747603760193,9794.26757366176,12091.799866799864],after=[225.89485741992203,9931.912999949425,12058.466533466531]
LS:g=5,op=O2_JS_REVERSE,accepted=true,fe=684,before=[225.89485741992203,9931.912999949425,12058.466533466531],after=[225.89485741992203,9526.750189657696,12060.587745587742]
LS:g=5,op=O3_JS_SWAP,accepted=true,fe=685,before=[225.89485741992203,9526.750189657696,12060.587745587742],after=[203.44674590843982,9369.450365280136,12098.466533466531]
LS:g=5,op=O4_WA_LOAD_TRANSFER,accepted=true,fe=686,before=[203.44674590843982,9369.450365280136,12098.466533466531],after=[203.44674590843982,9171.289388749132,12098.466533466531]
LS:g=5,op=O5_WA_WEAK_TO_STRONG,accepted=false,fe=687,before=[203.44674590843982,9171.289388749132,12098.466533466531],after=[250.48216822671802,9016.49250356318,12100.972360972359]
LS:g=5,op=O6_WA_SWAP,accepted=true,fe=688,before=[203.44674590843982,9171.289388749132,12098.466533466531],after=[203.44674590843982,9171.289388749132,12098.466533466531]
LS:g=5,op=O7_MA_LOAD_TRANSFER,accepted=false,fe=689,before=[203.44674590843982,9171.289388749132,12098.466533466531],after=[216.71727361830102,9499.348721896924,12127.312687312688]
LS:g=5,op=O8_MA_WEAK_TO_STRONG,accepted=false,fe=690,before=[203.44674590843982,9171.289388749132,12098.466533466531],after=[248.4913034862126,8985.78632422958,12068.921078921077]
LS:g=5,op=O9_MA_SWAP,accepted=false,fe=691,before=[203.44674590843982,9171.289388749132,12098.466533466531],after=[237.29591926397086,9319.053562379426,12095.785880785877]
LS:g=5,op=CRITICAL_FACTORY_SWAP,accepted=false,fe=692,before=[215.39188185752656,9389.315071114752,12182.92707292707],after=[229.83976852314905,9719.484863542646,12216.726606726606]
LS:g=5,op=CRITICAL_FACTORY_INSERT,accepted=true,fe=693,before=[215.39188185752656,9389.315071114752,12182.92707292707],after=[187.49207115284278,9476.855424050587,12158.36996336996]
LS:g=5,op=O1_JS_INSERT,accepted=true,fe=694,before=[187.49207115284278,9476.855424050587,12158.36996336996],after=[185.84240060471393,9337.599313214887,12132.612387612386]
LS:g=5,op=O2_JS_REVERSE,accepted=true,fe=695,before=[185.84240060471393,9337.599313214887,12132.612387612386],after=[173.97621439888553,9315.418590029481,12131.330336330335]
LS:g=5,op=O3_JS_SWAP,accepted=true,fe=696,before=[173.97621439888553,9315.418590029481,12131.330336330335],after=[173.97621439888553,9343.245587767513,12131.330336330335]
LS:g=5,op=O4_WA_LOAD_TRANSFER,accepted=true,fe=697,before=[173.97621439888553,9343.245587767513,12131.330336330335],after=[173.97621439888553,9519.629446473498,12131.330336330335]
LS:g=5,op=O5_WA_WEAK_TO_STRONG,accepted=true,fe=698,before=[173.97621439888553,9519.629446473498,12131.330336330335],after=[173.97621439888553,9343.245587767513,12131.330336330335]
LS:g=5,op=O6_WA_SWAP,accepted=true,fe=699,before=[173.97621439888553,9343.245587767513,12131.330336330335],after=[173.97621439888553,9343.245587767513,12131.330336330335]
LS:g=5,op=O7_MA_LOAD_TRANSFER,accepted=true,fe=700,before=[173.97621439888553,9343.245587767513,12131.330336330335],after=[173.97621439888553,9445.314286723093,12146.1655011655]
LS:g=5,op=O8_MA_WEAK_TO_STRONG,accepted=true,fe=701,before=[173.97621439888553,9445.314286723093,12146.1655011655],after=[173.97621439888553,9325.611986012516,12091.879786879785]
LS:g=5,op=O9_MA_SWAP,accepted=false,fe=702,before=[173.97621439888553,9325.611986012516,12091.879786879785],after=[176.3769943432389,9150.685056088101,11994.736929736928]
LS:g=5,op=CRITICAL_FACTORY_SWAP,accepted=false,fe=703,before=[291.92716400270746,9206.4139214436,12318.17515817516],after=[281.93027875406995,9334.327408909434,12375.611055611056]
LS:g=5,op=CRITICAL_FACTORY_INSERT,accepted=true,fe=704,before=[291.92716400270746,9206.4139214436,12318.17515817516],after=[270.13032683413434,9202.583127118754,12270.5994005994]
LS:g=5,op=O1_JS_INSERT,accepted=true,fe=705,before=[270.13032683413434,9202.583127118754,12270.5994005994],after=[270.13032683413434,9202.583127118754,12270.5994005994]
LS:g=5,op=O2_JS_REVERSE,accepted=true,fe=706,before=[270.13032683413434,9202.583127118754,12270.5994005994],after=[270.1303268341343,9120.61070960759,12270.5994005994]
LS:g=5,op=O3_JS_SWAP,accepted=true,fe=707,before=[270.1303268341343,9120.61070960759,12270.5994005994],after=[270.1303268341343,9120.61070960759,12270.5994005994]
LS:g=5,op=O4_WA_LOAD_TRANSFER,accepted=false,fe=708,before=[270.1303268341343,9120.61070960759,12270.5994005994],after=[270.1303268341343,9216.692542259016,12270.5994005994]
LS:g=5,op=O5_WA_WEAK_TO_STRONG,accepted=true,fe=709,before=[270.1303268341343,9120.61070960759,12270.5994005994],after=[270.1303268341343,9120.61070960759,12270.5994005994]
LS:g=5,op=O6_WA_SWAP,accepted=false,fe=710,before=[270.1303268341343,9120.61070960759,12270.5994005994],after=[260.1123933503946,9183.014385774648,12270.599400599402]
LS:g=5,op=O7_MA_LOAD_TRANSFER,accepted=false,fe=711,before=[270.1303268341343,9120.61070960759,12270.5994005994],after=[270.1303268341343,9290.540177821304,12385.984015984015]
LS:g=5,op=O8_MA_WEAK_TO_STRONG,accepted=true,fe=712,before=[270.1303268341343,9120.61070960759,12270.5994005994],after=[270.1303268341343,8915.476316709402,12133.456543456543]
LS:g=5,op=O9_MA_SWAP,accepted=true,fe=713,before=[270.1303268341343,8915.476316709402,12133.456543456543],after=[270.1303268341343,8915.476316709402,12133.456543456543]
LS:g=5,op=CRITICAL_FACTORY_SWAP,accepted=true,fe=714,before=[253.34649380904844,8970.472594684165,12083.541458541456],after=[261.8539603399668,8766.064974988121,12113.000333000331]
LS:g=5,op=CRITICAL_FACTORY_INSERT,accepted=true,fe=715,before=[261.8539603399668,8766.064974988121,12113.000333000331],after=[224.00860904155348,8631.71194021517,12063.909423909421]
LS:g=5,op=O1_JS_INSERT,accepted=false,fe=716,before=[224.00860904155348,8631.71194021517,12063.909423909421],after=[223.5611128284296,8696.23146208752,12063.909423909421]
LS:g=5,op=O2_JS_REVERSE,accepted=true,fe=717,before=[224.00860904155348,8631.71194021517,12063.909423909421],after=[224.00860904155348,8631.71194021517,12063.909423909421]
LS:g=5,op=O3_JS_SWAP,accepted=true,fe=718,before=[224.00860904155348,8631.71194021517,12063.909423909421],after=[224.8475382769806,8605.064246263235,12063.909423909421]
LS:g=5,op=O4_WA_LOAD_TRANSFER,accepted=false,fe=719,before=[224.8475382769806,8605.064246263235,12063.909423909421],after=[224.80505209096185,8621.187126195382,12063.909423909421]
LS:g=5,op=O5_WA_WEAK_TO_STRONG,accepted=true,fe=720,before=[224.8475382769806,8605.064246263235,12063.909423909421],after=[224.8475382769806,8477.456572470774,12063.909423909421]
LS:g=5,op=O6_WA_SWAP,accepted=true,fe=721,before=[224.8475382769806,8477.456572470774,12063.909423909421],after=[224.8475382769806,8477.456572470774,12063.909423909421]
LS:g=5,op=O7_MA_LOAD_TRANSFER,accepted=false,fe=722,before=[224.8475382769806,8477.456572470774,12063.909423909421],after=[224.8475382769806,8639.803647620885,12163.909423909421]
LS:g=5,op=O8_MA_WEAK_TO_STRONG,accepted=true,fe=723,before=[224.8475382769806,8477.456572470774,12063.909423909421],after=[224.8475382769806,8477.456572470774,12063.909423909421]
LS:g=5,op=O9_MA_SWAP,accepted=false,fe=724,before=[224.8475382769806,8477.456572470774,12063.909423909421],after=[223.5611128284296,8480.361385732791,12064.458874458871]
LS:g=5,op=CRITICAL_FACTORY_SWAP,accepted=true,fe=725,before=[259.2743004668992,10903.02271194213,12001.40859140859],after=[262.9504777741046,10757.754031595172,11838.702963702961]
LS:g=5,op=CRITICAL_FACTORY_INSERT,accepted=false,fe=726,before=[262.9504777741046,10757.754031595172,11838.702963702961],after=[232.31961540752886,10510.560619505077,11860.218115218113]
LS:g=5,op=O1_JS_INSERT,accepted=false,fe=727,before=[262.9504777741046,10757.754031595172,11838.702963702961],after=[242.3847282312849,10802.848736997259,11870.369630369627]
LS:g=5,op=O2_JS_REVERSE,accepted=false,fe=728,before=[262.9504777741046,10757.754031595172,11838.702963702961],after=[260.4497717655254,10678.539491733636,11862.945387945385]
LS:g=5,op=O3_JS_SWAP,accepted=false,fe=729,before=[262.9504777741046,10757.754031595172,11838.702963702961],after=[262.9504777741047,10757.754031595172,11838.702963702963]
LS:g=5,op=O4_WA_LOAD_TRANSFER,accepted=true,fe=730,before=[262.9504777741046,10757.754031595172,11838.702963702961],after=[273.4971276177656,10711.932248029916,11768.551448551443]
LS:g=5,op=O5_WA_WEAK_TO_STRONG,accepted=false,fe=731,before=[273.4971276177656,10711.932248029916,11768.551448551443],after=[262.9504777741046,10757.754031595172,11838.702963702961]
LS:g=5,op=O6_WA_SWAP,accepted=false,fe=732,before=[273.4971276177656,10711.932248029916,11768.551448551443],after=[256.79286846680196,10659.56304353017,11870.975690975687]
LS:g=5,op=O7_MA_LOAD_TRANSFER,accepted=true,fe=733,before=[273.4971276177656,10711.932248029916,11768.551448551443],after=[268.71313668483623,10581.867551767818,11768.551448551443]
LS:g=5,op=O8_MA_WEAK_TO_STRONG,accepted=true,fe=734,before=[268.71313668483623,10581.867551767818,11768.551448551443],after=[268.71313668483623,10581.867551767818,11768.551448551443]
LS:g=5,op=O9_MA_SWAP,accepted=true,fe=735,before=[268.71313668483623,10581.867551767818,11768.551448551443],after=[268.71313668483623,10581.867551767818,11768.551448551443]
LS:g=5,op=CRITICAL_FACTORY_SWAP,accepted=false,fe=736,before=[379.97376971699896,11280.50982969951,11460.234765234763],after=[404.51228052362205,11076.46590369586,11495.452880452878]
LS:g=5,op=CRITICAL_FACTORY_INSERT,accepted=false,fe=737,before=[379.97376971699896,11280.50982969951,11460.234765234763],after=[340.83064918428545,10740.620456657416,11601.773226773223]
LS:g=5,op=O1_JS_INSERT,accepted=true,fe=738,before=[379.97376971699896,11280.50982969951,11460.234765234763],after=[379.97376971699896,11280.50982969951,11460.234765234763]
LS:g=5,op=O2_JS_REVERSE,accepted=true,fe=739,before=[379.97376971699896,11280.50982969951,11460.234765234763],after=[392.4036503920454,10843.240522897277,11438.265068265064]
LS:g=5,op=O3_JS_SWAP,accepted=true,fe=740,before=[392.4036503920454,10843.240522897277,11438.265068265064],after=[376.621891782155,10806.448620288651,11348.71961371961]
LS:g=5,op=O4_WA_LOAD_TRANSFER,accepted=true,fe=741,before=[376.621891782155,10806.448620288651,11348.71961371961],after=[376.621891782155,10806.448620288651,11348.71961371961]
LS:g=5,op=O5_WA_WEAK_TO_STRONG,accepted=false,fe=742,before=[376.621891782155,10806.448620288651,11348.71961371961],after=[367.3819065208945,10409.612635088022,11418.265068265064]
LS:g=5,op=O6_WA_SWAP,accepted=false,fe=743,before=[376.621891782155,10806.448620288651,11348.71961371961],after=[414.6798438312567,10950.134893741813,11401.598401598398]
LS:g=5,op=O7_MA_LOAD_TRANSFER,accepted=false,fe=744,before=[376.621891782155,10806.448620288651,11348.71961371961],after=[353.5554100396631,10791.11296962406,11523.719613719608]
LS:g=5,op=O8_MA_WEAK_TO_STRONG,accepted=true,fe=745,before=[376.621891782155,10806.448620288651,11348.71961371961],after=[376.621891782155,10806.448620288651,11348.71961371961]
LS:g=5,op=O9_MA_SWAP,accepted=false,fe=746,before=[376.621891782155,10806.448620288651,11348.71961371961],after=[391.14669616647893,10800.43197740081,11470.689310689306]
LS:g=5,op=CRITICAL_FACTORY_SWAP,accepted=false,fe=747,before=[215.13294160661638,9555.983532210847,11922.032967032965],after=[279.57002972134813,9772.933194600035,11911.070596070593]
LS:g=5,op=CRITICAL_FACTORY_INSERT,accepted=false,fe=748,before=[215.13294160661638,9555.983532210847,11922.032967032965],after=[222.69678281017974,9670.200312750068,12105.546120546118]
LS:g=5,op=O1_JS_INSERT,accepted=true,fe=749,before=[215.13294160661638,9555.983532210847,11922.032967032965],after=[215.13294160661638,9555.983532210847,11922.032967032965]
LS:g=5,op=O2_JS_REVERSE,accepted=false,fe=750,before=[215.13294160661638,9555.983532210847,11922.032967032965],after=[240.42690918863462,9818.341204768318,12007.184482184482]
LS:g=5,op=O3_JS_SWAP,accepted=false,fe=751,before=[215.13294160661638,9555.983532210847,11922.032967032965],after=[215.13294160661638,9581.228661077355,11934.154179154179]
LS:g=5,op=O4_WA_LOAD_TRANSFER,accepted=false,fe=752,before=[215.13294160661638,9555.983532210847,11922.032967032965],after=[232.92165070957697,9617.03421600416,11970.06327006327]
LS:g=5,op=O5_WA_WEAK_TO_STRONG,accepted=false,fe=753,before=[215.13294160661638,9555.983532210847,11922.032967032965],after=[210.06347095419613,9301.032657508264,11965.214785214785]
LS:g=5,op=O6_WA_SWAP,accepted=true,fe=754,before=[215.13294160661638,9555.983532210847,11922.032967032965],after=[215.13294160661638,9555.983532210847,11922.032967032965]
LS:g=5,op=O7_MA_LOAD_TRANSFER,accepted=false,fe=755,before=[215.13294160661638,9555.983532210847,11922.032967032965],after=[215.13294160661638,9652.467559998362,11922.032967032965]
LS:g=5,op=O8_MA_WEAK_TO_STRONG,accepted=true,fe=756,before=[215.13294160661638,9555.983532210847,11922.032967032965],after=[215.13294160661638,9555.983532210847,11922.032967032965]
LS:g=5,op=O9_MA_SWAP,accepted=true,fe=757,before=[215.13294160661638,9555.983532210847,11922.032967032965],after=[215.13294160661638,9555.983532210847,11922.032967032965]
LS:g=5,op=CRITICAL_FACTORY_SWAP,accepted=true,fe=758,before=[266.0988599367299,10257.29250924368,12074.983349983348],after=[281.17487033004795,9933.240150643189,11909.690309690308]
LS:g=5,op=CRITICAL_FACTORY_INSERT,accepted=false,fe=759,before=[281.17487033004795,9933.240150643189,11909.690309690308],after=[260.8378665866344,9809.69865238256,11965.587745587743]
LS:g=5,op=O1_JS_INSERT,accepted=true,fe=760,before=[281.17487033004795,9933.240150643189,11909.690309690308],after=[281.17487033004795,9933.240150643189,11909.690309690308]
LS:g=5,op=O2_JS_REVERSE,accepted=true,fe=761,before=[281.17487033004795,9933.240150643189,11909.690309690308],after=[260.8378665866344,9285.488362343953,11923.175158175158]
LS:g=5,op=O3_JS_SWAP,accepted=true,fe=762,before=[260.8378665866344,9285.488362343953,11923.175158175158],after=[260.8378665866344,9376.920826423218,11902.720612720612]
LS:g=5,op=O4_WA_LOAD_TRANSFER,accepted=true,fe=763,before=[260.8378665866344,9376.920826423218,11902.720612720612],after=[241.58849898572421,9352.281199813213,11910.29637029637]
LS:g=5,op=O5_WA_WEAK_TO_STRONG,accepted=false,fe=764,before=[241.58849898572421,9352.281199813213,11910.29637029637],after=[255.6989693260459,9564.01822690323,11779.084249084246]
LS:g=5,op=O6_WA_SWAP,accepted=true,fe=765,before=[241.58849898572421,9352.281199813213,11910.29637029637],after=[241.58849898572421,9572.248113375255,11889.084249084248]
LS:g=5,op=O7_MA_LOAD_TRANSFER,accepted=false,fe=766,before=[241.58849898572421,9572.248113375255,11889.084249084248],after=[241.58849898572421,9437.14099235204,11925.074925074923]
LS:g=5,op=O8_MA_WEAK_TO_STRONG,accepted=true,fe=767,before=[241.58849898572421,9572.248113375255,11889.084249084248],after=[241.58849898572421,9572.248113375255,11889.084249084248]
LS:g=5,op=O9_MA_SWAP,accepted=true,fe=768,before=[241.58849898572421,9572.248113375255,11889.084249084248],after=[241.58849898572421,9572.248113375255,11889.084249084248]
LS:g=5,op=CRITICAL_FACTORY_SWAP,accepted=false,fe=769,before=[239.39748973998528,9047.705390706064,12131.999666999664],after=[271.2906100290757,9242.270329837304,12106.371961371957]
LS:g=5,op=CRITICAL_FACTORY_INSERT,accepted=false,fe=770,before=[239.39748973998528,9047.705390706064,12131.999666999664],after=[306.04582230952894,9857.18642915988,11989.58541458541]
LS:g=5,op=O1_JS_INSERT,accepted=true,fe=771,before=[239.39748973998528,9047.705390706064,12131.999666999664],after=[239.39748973998528,9036.481261600107,12131.999666999664]
LS:g=5,op=O2_JS_REVERSE,accepted=true,fe=772,before=[239.39748973998528,9036.481261600107,12131.999666999664],after=[239.39748973998528,9027.44756715582,12131.999666999664]
LS:g=5,op=O3_JS_SWAP,accepted=true,fe=773,before=[239.39748973998528,9027.44756715582,12131.999666999664],after=[239.22691430245413,8960.057666652661,12102.45421245421]
LS:g=5,op=O4_WA_LOAD_TRANSFER,accepted=false,fe=774,before=[239.22691430245413,8960.057666652661,12102.45421245421],after=[249.88349270100068,9013.340558645394,12102.45421245421]
LS:g=5,op=O5_WA_WEAK_TO_STRONG,accepted=false,fe=775,before=[239.22691430245413,8960.057666652661,12102.45421245421],after=[237.20135736258328,9043.058354369457,12117.605727605725]
LS:g=5,op=O6_WA_SWAP,accepted=false,fe=776,before=[239.22691430245413,8960.057666652661,12102.45421245421],after=[227.83503445197388,9029.78837813575,12125.181485181482]
LS:g=5,op=O7_MA_LOAD_TRANSFER,accepted=false,fe=777,before=[239.22691430245413,8960.057666652661,12102.45421245421],after=[227.83503445197388,9258.036246365995,12141.148851148848]
LS:g=5,op=O8_MA_WEAK_TO_STRONG,accepted=false,fe=778,before=[239.22691430245413,8960.057666652661,12102.45421245421],after=[266.4124246861957,8783.795108999304,12132.87379287379]
LS:g=5,op=O9_MA_SWAP,accepted=true,fe=779,before=[239.22691430245413,8960.057666652661,12102.45421245421],after=[239.22691430245413,8960.057666652661,12102.45421245421]
LS:g=5,op=CRITICAL_FACTORY_SWAP,accepted=true,fe=780,before=[217.46730369993966,10005.736961786297,11926.948051948048],after=[217.46730369993966,9779.930695575827,11925.572760572757]
LS:g=5,op=CRITICAL_FACTORY_INSERT,accepted=false,fe=781,before=[217.46730369993966,9779.930695575827,11925.572760572757],after=[217.46730369993966,9661.93873855516,11951.396936396934]
LS:g=5,op=O1_JS_INSERT,accepted=false,fe=782,before=[217.46730369993966,9779.930695575827,11925.572760572757],after=[217.46730369993966,9779.930695575827,11925.572760572757]
LS:g=5,op=O2_JS_REVERSE,accepted=true,fe=783,before=[217.46730369993966,9779.930695575827,11925.572760572757],after=[217.46730369993966,9784.73373959521,11924.057609057605]
LS:g=5,op=O3_JS_SWAP,accepted=true,fe=784,before=[217.46730369993966,9784.73373959521,11924.057609057605],after=[217.46730369993966,9784.73373959521,11924.057609057605]
LS:g=5,op=O4_WA_LOAD_TRANSFER,accepted=true,fe=785,before=[217.46730369993966,9784.73373959521,11924.057609057605],after=[217.46730369993966,9949.263284786872,11902.554112554108]
LS:g=5,op=O5_WA_WEAK_TO_STRONG,accepted=true,fe=786,before=[217.46730369993966,9949.263284786872,11902.554112554108],after=[206.92065385627868,9843.796786350262,11902.554112554108]
LS:g=5,op=O6_WA_SWAP,accepted=true,fe=787,before=[206.92065385627868,9843.796786350262,11902.554112554108],after=[206.92065385627868,9843.796786350262,11902.554112554108]
LS:g=5,op=O7_MA_LOAD_TRANSFER,accepted=false,fe=788,before=[206.92065385627868,9843.796786350262,11902.554112554108],after=[206.92065385627868,9580.351969906536,11912.635697635695]
LS:g=5,op=O8_MA_WEAK_TO_STRONG,accepted=false,fe=789,before=[206.92065385627868,9843.796786350262,11902.554112554108],after=[216.8572376602987,9718.129563248875,11919.686979686976]
LS:g=5,op=O9_MA_SWAP,accepted=true,fe=790,before=[206.92065385627868,9843.796786350262,11902.554112554108],after=[206.92065385627868,9843.796786350262,11902.554112554108]
GENERATION_END:g=5,fe=790,archive=18
GROUP:g=6,name=G1_CMAX,members=JS=[13, 14, 3, 19, 8, 1, 17, 12, 6, 16, 18, 10, 4, 7, 9, 15, 2, 0, 5, 11]|FA=[2, 0, 1, 2, 2, 0, 0, 0, 0, 1, 0, 1, 1, 0, 1, 1, 0, 1, 2, 2]|MA=[0, 0, 1, 1, 0, 2, 0, 3, 3, 0, 3, 1, 0, 3, 1, 1, 1, 0, 0, 1]|WA=[1, 1, 1, 0, 1, 1, 1, 2, 1, 1, 1, 0, 1, 2, 0, 0, 2, 1, 1, 0]@[173.97621439888553,9325.611986012516,12091.879786879785];JS=[13, 14, 16, 4, 8, 17, 1, 15, 19, 11, 3, 0, 7, 12, 5, 18, 9, 2, 6, 10]|FA=[2, 0, 1, 0, 0, 0, 2, 2, 2, 2, 1, 0, 1, 2, 1, 0, 1, 1, 1, 0]|MA=[0, 0, 1, 2, 1, 3, 0, 0, 1, 1, 0, 3, 1, 1, 1, 0, 0, 1, 0, 1]|WA=[1, 1, 1, 2, 2, 1, 1, 1, 0, 1, 0, 1, 0, 0, 0, 2, 1, 1, 1, 1]@[203.44674590843982,9171.289388749132,12098.466533466531];
GROUP:g=6,name=G2_TEC,members=JS=[3, 13, 14, 11, 9, 15, 4, 17, 8, 5, 10, 6, 2, 0, 19, 12, 1, 7, 16, 18]|FA=[1, 0, 0, 2, 2, 0, 0, 2, 0, 0, 1, 2, 1, 2, 1, 0, 0, 1, 1, 1]|MA=[1, 0, 3, 0, 0, 3, 2, 0, 3, 2, 1, 1, 1, 0, 0, 3, 0, 1, 1, 1]|WA=[1, 1, 1, 1, 1, 1, 1, 0, 1, 1, 1, 1, 0, 0, 1, 0, 2, 1, 1, 0]@[224.8475382769806,8477.456572470774,12063.909423909421];JS=[13, 14, 16, 4, 8, 17, 1, 15, 19, 11, 3, 0, 7, 12, 5, 18, 9, 2, 6, 10]|FA=[2, 0, 1, 0, 0, 0, 2, 2, 2, 2, 1, 0, 1, 2, 1, 0, 1, 1, 1, 0]|MA=[0, 0, 1, 2, 1, 3, 0, 0, 1, 1, 0, 3, 1, 1, 1, 0, 0, 1, 0, 1]|WA=[1, 1, 1, 2, 2, 1, 1, 1, 0, 1, 0, 1, 0, 0, 0, 2, 1, 1, 1, 1]@[203.44674590843982,9171.289388749132,12098.466533466531];
GROUP:g=6,name=G3_TWC,members=JS=[13, 5, 7, 12, 3, 15, 4, 17, 9, 11, 16, 14, 8, 10, 0, 18, 2, 6, 19, 1]|FA=[0, 1, 2, 2, 2, 2, 2, 2, 2, 2, 1, 0, 1, 2, 1, 1, 0, 2, 2, 2]|MA=[0, 1, 0, 0, 0, 0, 1, 1, 1, 0, 1, 3, 1, 0, 0, 0, 0, 0, 1, 0]|WA=[1, 1, 0, 1, 1, 0, 0, 1, 1, 1, 1, 1, 0, 0, 0, 1, 1, 0, 0, 1]@[376.621891782155,10806.448620288651,11348.71961371961];JS=[13, 5, 9, 4, 15, 3, 8, 17, 10, 7, 16, 19, 11, 12, 0, 18, 2, 6, 14, 1]|FA=[0, 1, 2, 2, 2, 0, 2, 2, 2, 1, 2, 1, 0, 1, 1, 0, 1, 2, 2, 2]|MA=[0, 1, 1, 1, 0, 3, 1, 1, 1, 1, 0, 0, 1, 0, 0, 0, 0, 0, 0, 0]|WA=[1, 1, 0, 1, 0, 1, 1, 1, 1, 0, 0, 1, 0, 0, 0, 1, 1, 0, 0, 1]@[268.71313668483623,10581.867551767818,11768.551448551443];
GROUP:g=6,name=G4_CENTER,members=JS=[10, 13, 9, 3, 6, 14, 5, 0, 17, 8, 4, 11, 15, 16, 19, 12, 1, 18, 7, 2]|FA=[1, 0, 2, 2, 2, 1, 2, 0, 0, 0, 2, 1, 0, 1, 2, 1, 0, 0, 0, 1]|MA=[0, 0, 1, 1, 1, 0, 0, 2, 0, 3, 0, 0, 3, 1, 0, 0, 1, 1, 0, 1]|WA=[1, 2, 1, 0, 1, 0, 1, 1, 1, 0, 1, 1, 1, 1, 1, 1, 0, 2, 2, 0]@[206.92065385627868,9843.796786350262,11902.554112554108];JS=[11, 13, 9, 18, 4, 15, 17, 8, 12, 7, 6, 19, 10, 0, 3, 2, 14, 1, 5, 16]|FA=[0, 2, 2, 1, 2, 2, 2, 2, 2, 2, 1, 0, 1, 0, 1, 1, 0, 1, 1, 2]|MA=[2, 0, 0, 0, 1, 1, 1, 0, 0, 0, 1, 3, 1, 0, 1, 0, 1, 1, 1, 0]|WA=[2, 1, 1, 1, 0, 0, 1, 1, 0, 1, 0, 1, 1, 1, 1, 1, 0, 0, 1, 1]@[241.58849898572421,9572.248113375255,11889.084249084248];JS=[11, 13, 9, 3, 5, 6, 7, 0, 17, 8, 4, 16, 18, 12, 1, 14, 2, 10, 19, 15]|FA=[2, 2, 2, 1, 2, 2, 1, 0, 0, 0, 2, 1, 0, 0, 2, 1, 0, 0, 1, 2]|MA=[0, 0, 1, 1, 0, 1, 1, 2, 0, 3, 0, 1, 3, 0, 0, 0, 1, 1, 1, 0]|WA=[0, 1, 1, 1, 1, 0, 1, 1, 1, 0, 1, 1, 1, 0, 1, 1, 2, 0, 0, 1]@[215.13294160661638,9555.983532210847,11922.032967032965];JS=[11, 13, 9, 3, 6, 7, 5, 0, 17, 8, 4, 16, 18, 12, 1, 14, 2, 10, 19, 15]|FA=[2, 2, 2, 1, 2, 1, 2, 0, 0, 0, 2, 1, 0, 0, 2, 1, 0, 0, 1, 2]|MA=[0, 0, 1, 1, 1, 1, 0, 2, 0, 3, 0, 1, 3, 0, 0, 0, 1, 1, 1, 0]|WA=[0, 1, 1, 1, 0, 1, 1, 1, 1, 0, 1, 1, 1, 0, 1, 1, 2, 0, 0, 1]@[215.13294160661638,9555.983532210847,11922.032967032965];
OP:JS_INITIAL_SWAP:12:17
OP:JS_GUIDE:PBEST:r=0.5611505566213589:pairs=[(12,17)]
OP:JS_GUIDE:QGBEST:r=0.208512015538053:pairs=[(3,19), (4,19), (5,15), (6,15), (7,15), (8,19), (9,17), (10,17), (11,12), (14,15), (15,19), (16,17), (18,19)]
OP:MA_MUTATE:5:2:2
OP:JS_INITIAL_SWAP:1:18
OP:JS_GUIDE:PBEST:r=0.4586565915974937:pairs=[(1,19), (2,10), (3,17), (4,16), (5,13), (6,16), (7,13), (8,14), (9,12), (11,14), (12,13), (13,17), (14,19), (15,17), (16,17), (17,19), (18,19)]
OP:JS_GUIDE:QGBEST:r=0.018156550731506037:pairs=[(1,18), (3,9), (4,8), (5,13), (6,16), (8,16), (9,17), (12,18), (13,18), (14,18), (15,19), (16,19), (18,19)]
OP:REPAIR:WA:8:2:0:[0,1]
OP:REPAIR:WA:9:2:0:[0,1]
OP:REPAIR:WA:16:2:1:[0,1]
Q:g=6,group=G1_CMAX,round=0,state=0,action=2,reward=-34.39599854391918,nextState=1,phase=BEFORE_LOCAL_SEARCH
OP:JS_INITIAL_SWAP:10:0
OP:JS_GUIDE:PBEST:r=0.4167873882278537:pairs=[(0,10), (3,4), (4,19), (12,17)]
OP:JS_GUIDE:QGBEST:r=0.4395107214591202:pairs=[(5,15), (6,15), (7,15), (8,19), (9,17), (10,17), (11,12), (14,15), (15,19), (16,17), (18,19)]
OP:REPAIR:MA:9:2:0:[0,1]
OP:JS_INITIAL_SWAP:15:6
OP:JS_GUIDE:PBEST:r=0.05598449426334504:pairs=[(6,15), (8,14), (9,12), (11,14), (12,13), (13,17), (14,19), (15,17), (16,17), (17,19), (18,19)]
OP:JS_GUIDE:QGBEST:r=0.0032925165099992213:pairs=[(1,18), (3,9), (4,8), (5,13), (6,16), (8,15), (9,17), (12,18), (13,18), (14,18), (15,19), (18,19)]
Q:g=6,group=G1_CMAX,round=1,state=1,action=1,reward=-2.2655691740520325,nextState=1,phase=BEFORE_LOCAL_SEARCH
OP:JS_INITIAL_SWAP:11:10
OP:JS_GUIDE:PBEST:r=0.35235498613816124:pairs=[(1,2), (4,9), (5,8), (6,8), (8,9), (10,11)]
OP:JS_GUIDE:QGBEST:r=0.505824199476773:pairs=[(4,9), (9,16), (10,12), (11,12), (16,19), (17,19)]
OP:WA_MUTATE:11:1:0
OP:JS_INITIAL_SWAP:15:0
OP:JS_GUIDE:PBEST:r=0.47145129644211614:pairs=[(0,15), (2,10), (3,9), (4,16), (5,12), (7,12), (8,16), (11,16), (12,19), (13,19), (14,19), (15,16)]
OP:JS_GUIDE:QGBEST:r=0.05758422523625845:pairs=[(0,2), (5,7), (6,9), (7,12), (8,16), (10,17), (11,18), (12,19), (13,18), (14,16), (15,18), (16,18), (17,18)]
OP:REPAIR:WA:15:2:0:[0,1]
OP:REPAIR:MA:6:2:1:[0,1]
OP:REPAIR:MA:8:3:0:[0,1]
OP:REPAIR:MA:9:2:0:[0,1]
OP:REPAIR:WA:16:2:0:[0,1]
OP:REPAIR:WA:8:2:0:[0,1]
Q:g=6,group=G2_TEC,round=0,state=0,action=2,reward=-278.59889995755293,nextState=1,phase=BEFORE_LOCAL_SEARCH
OP:JS_INITIAL_SWAP:9:8
OP:JS_GUIDE:PBEST:r=0.15439332880273637:pairs=[(4,16), (5,9), (6,9), (8,16), (10,11), (11,12)]
OP:JS_GUIDE:QGBEST:r=0.030633986688948987:pairs=[(8,9)]
OP:JS_INITIAL_SWAP:9:16
OP:JS_GUIDE:PBEST:r=0.33764216318199974:pairs=[(7,12), (8,9), (9,16), (11,16), (12,19), (13,19), (14,19), (15,16)]
OP:JS_GUIDE:QGBEST:r=0.0441473330190671:pairs=[(0,2), (5,12), (6,16), (9,16), (10,17), (11,19), (12,18), (13,19), (14,16), (15,19), (17,18)]
OP:REPAIR:MA:9:2:1:[0,1]
OP:REPAIR:MA:15:3:1:[0,1]
Q:g=6,group=G2_TEC,round=1,state=1,action=3,reward=-232.0461705449643,nextState=1,phase=BEFORE_LOCAL_SEARCH
OP:JS_INITIAL_SWAP:19:10
OP:JS_GUIDE:PBEST:r=0.43002211694684794:pairs=[(10,19)]
OP:JS_GUIDE:QGBEST:r=0.34392213421543777:pairs=[(2,8), (3,6), (4,5), (6,12), (8,13), (9,13), (10,19), (11,18), (12,13), (14,19), (15,19), (16,19), (17,19), (18,19)]
OP:JS_INITIAL_SWAP:2:16
OP:JS_GUIDE:PBEST:r=0.45932733326880243:pairs=[(2,16), (5,6), (6,7), (7,13), (8,9), (9,12), (14,19), (15,19), (16,19), (17,19), (18,19)]
OP:JS_GUIDE:QGBEST:r=0.5798054613453055:pairs=[(5,13), (6,13), (7,13), (8,9), (14,19), (15,19), (16,19), (17,19), (18,19)]
OP:REPAIR:WA:16:2:0:[0,1]
OP:WA_MUTATE:0:1:2
Q:g=6,group=G3_TWC,round=0,state=0,action=1,reward=-248.5422910422949,nextState=1,phase=BEFORE_LOCAL_SEARCH
OP:JS_INITIAL_SWAP:12:10
OP:JS_GUIDE:PBEST:r=0.46400952631465847:pairs=[(2,8), (3,10), (4,5), (6,10), (10,19), (12,19)]
OP:JS_GUIDE:QGBEST:r=0.05075193820784509:pairs=[(2,8), (3,10), (10,12)]
OP:WA_MUTATE:4:1:0
OP:JS_INITIAL_SWAP:13:8
OP:JS_GUIDE:PBEST:r=0.47156668226135334:pairs=[(5,6), (6,7), (7,8), (8,9), (9,12), (12,13), (15,19), (16,19), (17,19), (18,19)]
OP:JS_GUIDE:QGBEST:r=0.25171108909797163:pairs=[(5,9), (6,9), (7,9), (9,12), (10,14), (11,18), (14,19)]
OP:MA_MUTATE:8:1:0
Q:g=6,group=G3_TWC,round=1,state=1,action=3,reward=241.6217116217149,nextState=0,phase=BEFORE_LOCAL_SEARCH
OP:JS_INITIAL_SWAP:11:18
OP:JS_GUIDE:PBEST:r=0.355694824275583:pairs=[(11,18)]
OP:JS_GUIDE:QGBEST:r=0.3597256519756723:pairs=[(11,18)]
OP:JS_INITIAL_SWAP:2:17
OP:JS_GUIDE:PBEST:r=0.02416445724717775:pairs=[(2,18), (3,17), (5,8), (6,7), (10,19), (13,14), (14,18), (15,18), (16,17), (17,18), (18,19)]
OP:JS_GUIDE:QGBEST:r=0.05359416104988574:pairs=[(0,12), (2,17), (3,14), (4,10), (5,16), (6,18), (7,13), (8,18), (9,13), (11,12), (12,16), (13,19), (14,16), (15,18), (16,17), (18,19)]
OP:REPAIR:MA:7:2:1:[0,1]
OP:REPAIR:MA:9:3:1:[0,1]
OP:REPAIR:MA:12:3:0:[0,1]
OP:WA_MUTATE:0:2:0
OP:JS_INITIAL_SWAP:13:12
OP:JS_GUIDE:PBEST:r=0.4184691254756815:pairs=[(2,4), (3,4), (4,10), (5,12), (6,9), (7,8), (8,19), (10,11), (11,18), (12,17), (13,18), (15,19), (16,18), (17,18)]
OP:JS_GUIDE:QGBEST:r=0.21328343594101765:pairs=[(0,17), (2,3), (3,10), (4,12), (5,15), (6,10), (9,10), (10,12), (11,17), (12,19), (13,17), (14,18), (16,18), (18,19)]
OP:MA_MUTATE:11:1:0
OP:JS_INITIAL_SWAP:3:9
OP:JS_GUIDE:PBEST:r=0.17641977246042997:pairs=[(2,6), (3,6), (4,10), (5,13), (7,8), (8,19), (9,13), (10,11), (11,18), (12,17), (15,19), (16,17)]
OP:JS_GUIDE:QGBEST:r=0.4276674195796583:pairs=[(0,17), (2,3), (3,9), (5,15), (6,9), (11,17), (12,19), (13,17), (14,18), (15,17), (16,18), (17,19), (18,19)]
OP:MA_MUTATE:13:0:1
Q:g=6,group=G4_CENTER,round=0,state=0,action=3,reward=-0.01859113191096163,nextState=1,phase=BEFORE_LOCAL_SEARCH
OP:JS_INITIAL_SWAP:13:0
OP:JS_GUIDE:PBEST:r=0.5912081209021689:pairs=[(0,1), (1,5), (2,3), (3,18), (4,18), (5,11), (6,16), (7,8), (8,9), (9,10), (10,11), (11,14), (12,13), (14,15), (16,17), (17,19)]
OP:JS_GUIDE:QGBEST:r=0.39149366104039574:pairs=[(0,13), (1,13), (2,4), (3,4), (4,18), (5,13), (6,16), (7,9), (8,9), (12,17), (13,15), (14,16), (16,19), (17,18), (18,19)]
OP:JS_INITIAL_SWAP:7:17
OP:JS_GUIDE:PBEST:r=0.47425367116734873:pairs=[(0,1), (1,12), (2,14), (3,15), (4,7), (5,18), (6,8), (7,8), (8,17), (10,19), (12,16), (13,19), (14,15), (15,17), (18,19)]
OP:JS_GUIDE:QGBEST:r=0.010155664898963468:pairs=[(0,1), (2,4), (3,4), (4,10), (5,16), (6,16), (7,13), (9,17), (10,13), (11,19), (12,15), (13,16), (15,17), (18,19)]
OP:WA_MUTATE:10:0:1
OP:JS_INITIAL_SWAP:16:17
OP:JS_GUIDE:PBEST:r=0.43601151949110956:pairs=[(0,16), (2,3), (7,8), (8,19), (10,11), (11,18), (12,16), (13,18), (15,19), (16,18)]
OP:JS_GUIDE:QGBEST:r=0.18034534637173058:pairs=[(0,16), (2,3), (3,10), (4,12), (5,15), (6,10), (7,19), (8,19), (9,10), (10,12), (12,13), (13,15), (16,17)]
OP:MA_MUTATE:4:1:0
OP:WA_MUTATE:6:1:0
OP:JS_INITIAL_SWAP:15:1
OP:JS_GUIDE:PBEST:r=0.5955747776046164:pairs=[(0,17), (1,15), (2,6), (3,6), (4,10), (5,13), (6,9), (7,8), (8,19), (9,15), (10,11), (11,18), (12,17), (13,15), (15,19), (16,17)]
OP:JS_GUIDE:QGBEST:r=0.3250378839338336:pairs=[(0,17), (2,3), (3,9), (4,10), (5,13), (6,9), (7,19), (8,19)]
OP:REPAIR:MA:7:2:1:[0,1]
OP:REPAIR:MA:9:3:0:[0,1]
OP:REPAIR:MA:12:3:1:[0,1]
OP:REPAIR:MA:7:2:0:[0,1]
OP:REPAIR:MA:9:3:1:[0,1]
OP:REPAIR:MA:12:3:0:[0,1]
OP:MA_MUTATE:13:1:1
Q:g=6,group=G4_CENTER,round=1,state=1,action=3,reward=-0.0951372426074353,nextState=1,phase=BEFORE_LOCAL_SEARCH
LS:g=6,op=CRITICAL_FACTORY_SWAP,accepted=false,fe=811,before=[202.4986459395823,9413.191502004656,12031.76823176823],after=[240.7440999887592,9449.328952838701,11914.985014985012]
LS:g=6,op=CRITICAL_FACTORY_INSERT,accepted=false,fe=812,before=[202.4986459395823,9413.191502004656,12031.76823176823],after=[207.7100207078878,9215.57554625488,12025.123210123207]
LS:g=6,op=O1_JS_INSERT,accepted=true,fe=813,before=[202.4986459395823,9413.191502004656,12031.76823176823],after=[186.71953040713547,9517.696530384765,12008.633033633032]
LS:g=6,op=O2_JS_REVERSE,accepted=true,fe=814,before=[186.71953040713547,9517.696530384765,12008.633033633032],after=[186.71953040713547,9517.696530384765,12008.633033633032]
LS:g=6,op=O3_JS_SWAP,accepted=true,fe=815,before=[186.71953040713547,9517.696530384765,12008.633033633032],after=[184.87196913658815,9516.17446668934,12011.057276057276]
LS:g=6,op=O4_WA_LOAD_TRANSFER,accepted=false,fe=816,before=[184.87196913658815,9516.17446668934,12011.057276057276],after=[234.8821597548091,9895.71277438078,11901.966366966366]
LS:g=6,op=O5_WA_WEAK_TO_STRONG,accepted=false,fe=817,before=[184.87196913658815,9516.17446668934,12011.057276057276],after=[194.74765729667024,9424.650609372895,12003.784548784548]
LS:g=6,op=O6_WA_SWAP,accepted=true,fe=818,before=[184.87196913658815,9516.17446668934,12011.057276057276],after=[184.87196913658815,9516.17446668934,12011.057276057276]
LS:g=6,op=O7_MA_LOAD_TRANSFER,accepted=false,fe=819,before=[184.87196913658815,9516.17446668934,12011.057276057276],after=[208.00220263114218,9709.99316509655,11901.966366966366]
LS:g=6,op=O8_MA_WEAK_TO_STRONG,accepted=true,fe=820,before=[184.87196913658815,9516.17446668934,12011.057276057276],after=[184.87196913658815,9516.17446668934,12011.057276057276]
LS:g=6,op=O9_MA_SWAP,accepted=false,fe=821,before=[184.87196913658815,9516.17446668934,12011.057276057276],after=[196.58816411173993,9578.955095398045,12066.81485181485]
LS:g=6,op=CRITICAL_FACTORY_SWAP,accepted=true,fe=822,before=[248.24744980368547,9812.477209468527,12080.779220779223],after=[237.4033973098355,9988.788070849612,12053.812853812855]
LS:g=6,op=CRITICAL_FACTORY_INSERT,accepted=true,fe=823,before=[237.4033973098355,9988.788070849612,12053.812853812855],after=[223.67962389819922,9710.903443381214,12093.812853812855]
LS:g=6,op=O1_JS_INSERT,accepted=true,fe=824,before=[223.67962389819922,9710.903443381214,12093.812853812855],after=[223.6796238981992,9670.276322319332,12114.2673992674]
LS:g=6,op=O2_JS_REVERSE,accepted=true,fe=825,before=[223.6796238981992,9670.276322319332,12114.2673992674],after=[223.6796238981992,9670.276322319332,12114.2673992674]
LS:g=6,op=O3_JS_SWAP,accepted=true,fe=826,before=[223.6796238981992,9670.276322319332,12114.2673992674],after=[223.6796238981992,9670.276322319332,12114.2673992674]
LS:g=6,op=O4_WA_LOAD_TRANSFER,accepted=true,fe=827,before=[223.6796238981992,9670.276322319332,12114.2673992674],after=[218.2836781036858,9829.151955263535,12072.600732600733]
LS:g=6,op=O5_WA_WEAK_TO_STRONG,accepted=true,fe=828,before=[218.2836781036858,9829.151955263535,12072.600732600733],after=[197.4357100194132,9418.374160918413,12200.934065934067]
LS:g=6,op=O6_WA_SWAP,accepted=true,fe=829,before=[197.4357100194132,9418.374160918413,12200.934065934067],after=[197.4357100194132,9418.374160918413,12200.934065934067]
LS:g=6,op=O7_MA_LOAD_TRANSFER,accepted=false,fe=830,before=[197.4357100194132,9418.374160918413,12200.934065934067],after=[197.89333510440053,9434.38228903247,12206.428571428572]
LS:g=6,op=O8_MA_WEAK_TO_STRONG,accepted=true,fe=831,before=[197.4357100194132,9418.374160918413,12200.934065934067],after=[197.4357100194132,9313.820194341824,12152.362637362638]
LS:g=6,op=O9_MA_SWAP,accepted=true,fe=832,before=[197.4357100194132,9313.820194341824,12152.362637362638],after=[197.4357100194132,9296.207855115103,12147.417582417584]
LS:g=6,op=CRITICAL_FACTORY_SWAP,accepted=true,fe=833,before=[239.45611098328385,8723.04184479892,12071.000666000664],after=[239.45611098328385,8672.682060177867,12033.418248418247]
LS:g=6,op=CRITICAL_FACTORY_INSERT,accepted=false,fe=834,before=[239.45611098328385,8672.682060177867,12033.418248418247],after=[239.45611098328385,9049.859053674201,11973.418248418247]
LS:g=6,op=O1_JS_INSERT,accepted=false,fe=835,before=[239.45611098328385,8672.682060177867,12033.418248418247],after=[239.45611098328385,8691.958972719827,12033.418248418247]
LS:g=6,op=O2_JS_REVERSE,accepted=true,fe=836,before=[239.45611098328385,8672.682060177867,12033.418248418247],after=[239.45611098328385,8647.370848486122,12033.418248418247]
LS:g=6,op=O3_JS_SWAP,accepted=true,fe=837,before=[239.45611098328385,8647.370848486122,12033.418248418247],after=[239.45611098328385,8583.510773369677,12033.418248418247]
LS:g=6,op=O4_WA_LOAD_TRANSFER,accepted=false,fe=838,before=[239.45611098328385,8583.510773369677,12033.418248418247],after=[239.45611098328385,8909.192850472333,12033.418248418247]
LS:g=6,op=O5_WA_WEAK_TO_STRONG,accepted=false,fe=839,before=[239.45611098328385,8583.510773369677,12033.418248418247],after=[239.45611098328385,8586.880799426182,12033.418248418247]
LS:g=6,op=O6_WA_SWAP,accepted=false,fe=840,before=[239.45611098328385,8583.510773369677,12033.418248418247],after=[239.45611098328385,8588.854163970842,12033.418248418247]
LS:g=6,op=O7_MA_LOAD_TRANSFER,accepted=false,fe=841,before=[239.45611098328385,8583.510773369677,12033.418248418247],after=[239.45611098328385,8753.350545898526,12061.989676989675]
LS:g=6,op=O8_MA_WEAK_TO_STRONG,accepted=true,fe=842,before=[239.45611098328385,8583.510773369677,12033.418248418247],after=[239.45611098328385,8583.510773369677,12033.418248418247]
LS:g=6,op=O9_MA_SWAP,accepted=true,fe=843,before=[239.45611098328385,8583.510773369677,12033.418248418247],after=[239.45611098328385,8583.510773369677,12033.418248418247]
LS:g=6,op=CRITICAL_FACTORY_SWAP,accepted=false,fe=844,before=[239.66896276292346,9946.99425742602,12182.73726273726],after=[230.11522519495622,10227.30956794244,12358.663003663003]
LS:g=6,op=CRITICAL_FACTORY_INSERT,accepted=true,fe=845,before=[239.66896276292346,9946.99425742602,12182.73726273726],after=[224.95521237167384,9754.533152324546,12218.133533133532]
LS:g=6,op=O1_JS_INSERT,accepted=true,fe=846,before=[224.95521237167384,9754.533152324546,12218.133533133532],after=[225.05611254362134,9687.956398580842,12201.350316350316]
LS:g=6,op=O2_JS_REVERSE,accepted=false,fe=847,before=[225.05611254362134,9687.956398580842,12201.350316350316],after=[281.68515727728044,9726.357741771637,12246.163836163836]
LS:g=6,op=O3_JS_SWAP,accepted=true,fe=848,before=[225.05611254362134,9687.956398580842,12201.350316350316],after=[216.74474684419496,9598.157721584366,12246.163836163836]
LS:g=6,op=O4_WA_LOAD_TRANSFER,accepted=true,fe=849,before=[216.74474684419496,9598.157721584366,12246.163836163836],after=[216.74474684419496,9598.157721584366,12246.163836163836]
LS:g=6,op=O5_WA_WEAK_TO_STRONG,accepted=true,fe=850,before=[216.74474684419496,9598.157721584366,12246.163836163836],after=[216.74474684419496,9212.203704274692,12232.072927072928]
LS:g=6,op=O6_WA_SWAP,accepted=true,fe=851,before=[216.74474684419496,9212.203704274692,12232.072927072928],after=[260.85291850699156,9140.951483227722,12260.103230103228]
LS:g=6,op=O7_MA_LOAD_TRANSFER,accepted=false,fe=852,before=[260.85291850699156,9140.951483227722,12260.103230103228],after=[224.5305166405647,9351.528710181472,12240.98901098901]
LS:g=6,op=O8_MA_WEAK_TO_STRONG,accepted=true,fe=853,before=[260.85291850699156,9140.951483227722,12260.103230103228],after=[274.5364901247921,9074.064944043464,12174.380619380618]
LS:g=6,op=O9_MA_SWAP,accepted=true,fe=854,before=[274.5364901247921,9074.064944043464,12174.380619380618],after=[274.5364901247921,9074.064944043464,12174.380619380618]
LS:g=6,op=CRITICAL_FACTORY_SWAP,accepted=true,fe=855,before=[391.83925920148204,11106.61493813874,11506.565101565098],after=[376.3398630523799,11272.271912700957,11477.75724275724]
LS:g=6,op=CRITICAL_FACTORY_INSERT,accepted=false,fe=856,before=[376.3398630523799,11272.271912700957,11477.75724275724],after=[350.86937318545404,10713.395826042468,11514.423909423906]
LS:g=6,op=O1_JS_INSERT,accepted=false,fe=857,before=[376.3398630523799,11272.271912700957,11477.75724275724],after=[362.2265477912546,10941.079116299414,11504.423909423906]
LS:g=6,op=O2_JS_REVERSE,accepted=false,fe=858,before=[376.3398630523799,11272.271912700957,11477.75724275724],after=[354.6099100249183,10643.277805889924,11587.652347652343]
LS:g=6,op=O3_JS_SWAP,accepted=false,fe=859,before=[376.3398630523799,11272.271912700957,11477.75724275724],after=[376.3398630523799,11010.97390667973,11555.333000332997]
LS:g=6,op=O4_WA_LOAD_TRANSFER,accepted=true,fe=860,before=[376.3398630523799,11272.271912700957,11477.75724275724],after=[376.3398630523799,11272.271912700957,11477.75724275724]
LS:g=6,op=O5_WA_WEAK_TO_STRONG,accepted=false,fe=861,before=[376.3398630523799,11272.271912700957,11477.75724275724],after=[343.82880082309384,11018.230292813178,11568.66633366633]
LS:g=6,op=O6_WA_SWAP,accepted=false,fe=862,before=[376.3398630523799,11272.271912700957,11477.75724275724],after=[348.724578487281,10475.746020038257,11512.151182151181]
LS:g=6,op=O7_MA_LOAD_TRANSFER,accepted=false,fe=863,before=[376.3398630523799,11272.271912700957,11477.75724275724],after=[353.273381309888,10833.011624185729,11563.211788211785]
LS:g=6,op=O8_MA_WEAK_TO_STRONG,accepted=true,fe=864,before=[376.3398630523799,11272.271912700957,11477.75724275724],after=[376.3398630523799,11272.271912700957,11477.75724275724]
LS:g=6,op=O9_MA_SWAP,accepted=true,fe=865,before=[376.3398630523799,11272.271912700957,11477.75724275724],after=[376.3398630523799,11272.271912700957,11477.75724275724]
LS:g=6,op=CRITICAL_FACTORY_SWAP,accepted=false,fe=866,before=[300.9056360789741,10731.10982445626,11624.547119547115],after=[291.23110905676384,10585.664796946307,11695.228105228101]
LS:g=6,op=CRITICAL_FACTORY_INSERT,accepted=false,fe=867,before=[300.9056360789741,10731.10982445626,11624.547119547115],after=[304.946018696014,10710.970430150204,11714.840159840156]
LS:g=6,op=O1_JS_INSERT,accepted=true,fe=868,before=[300.9056360789741,10731.10982445626,11624.547119547115],after=[300.9056360789741,10731.10982445626,11624.547119547115]
LS:g=6,op=O2_JS_REVERSE,accepted=false,fe=869,before=[300.9056360789741,10731.10982445626,11624.547119547115],after=[296.9853086007596,10655.7838545168,11687.274392274387]
LS:g=6,op=O3_JS_SWAP,accepted=false,fe=870,before=[300.9056360789741,10731.10982445626,11624.547119547115],after=[304.946018696014,10812.247082157985,11755.30469530469]
LS:g=6,op=O4_WA_LOAD_TRANSFER,accepted=true,fe=871,before=[300.9056360789741,10731.10982445626,11624.547119547115],after=[300.9056360789741,10731.10982445626,11624.547119547115]
LS:g=6,op=O5_WA_WEAK_TO_STRONG,accepted=false,fe=872,before=[300.9056360789741,10731.10982445626,11624.547119547115],after=[290.3589862353131,10582.254250623408,11668.031968031964]
LS:g=6,op=O6_WA_SWAP,accepted=false,fe=873,before=[300.9056360789741,10731.10982445626,11624.547119547115],after=[274.5380058117281,10580.58877012131,11633.031968031966]
LS:g=6,op=O7_MA_LOAD_TRANSFER,accepted=true,fe=874,before=[300.9056360789741,10731.10982445626,11624.547119547115],after=[300.9056360789741,10731.10982445626,11624.547119547115]
LS:g=6,op=O8_MA_WEAK_TO_STRONG,accepted=true,fe=875,before=[300.9056360789741,10731.10982445626,11624.547119547115],after=[300.9056360789741,10731.10982445626,11624.547119547115]
LS:g=6,op=O9_MA_SWAP,accepted=false,fe=876,before=[300.9056360789741,10731.10982445626,11624.547119547115],after=[290.1040131909193,10688.270056180067,11786.062271062267]
LS:g=6,op=CRITICAL_FACTORY_SWAP,accepted=true,fe=877,before=[214.15760455040873,9702.787405951889,12182.04462204462],after=[214.15760455040873,9625.796387505767,12074.333999333996]
LS:g=6,op=CRITICAL_FACTORY_INSERT,accepted=false,fe=878,before=[214.15760455040873,9625.796387505767,12074.333999333996],after=[214.15760455040873,9580.925120877026,12112.001332001328]
LS:g=6,op=O1_JS_INSERT,accepted=false,fe=879,before=[214.15760455040873,9625.796387505767,12074.333999333996],after=[214.15760455040873,9692.124128514826,12084.18248418248]
LS:g=6,op=O2_JS_REVERSE,accepted=false,fe=880,before=[214.15760455040873,9625.796387505767,12074.333999333996],after=[214.15760455040873,9818.435839995716,12130.243090243086]
LS:g=6,op=O3_JS_SWAP,accepted=false,fe=881,before=[214.15760455040873,9625.796387505767,12074.333999333996],after=[205.65444853506614,9744.407483586874,12056.909756909754]
LS:g=6,op=O4_WA_LOAD_TRANSFER,accepted=false,fe=882,before=[214.15760455040873,9625.796387505767,12074.333999333996],after=[221.52489915598284,9692.102038955933,12074.333999333996]
LS:g=6,op=O5_WA_WEAK_TO_STRONG,accepted=true,fe=883,before=[214.15760455040873,9625.796387505767,12074.333999333996],after=[214.15760455040873,9625.796387505767,12074.333999333996]
LS:g=6,op=O6_WA_SWAP,accepted=true,fe=884,before=[214.15760455040873,9625.796387505767,12074.333999333996],after=[214.15760455040873,9625.796387505767,12074.333999333996]
LS:g=6,op=O7_MA_LOAD_TRANSFER,accepted=true,fe=885,before=[214.15760455040873,9625.796387505767,12074.333999333996],after=[210.63981076369265,9441.154427228614,12042.282717282713]
LS:g=6,op=O8_MA_WEAK_TO_STRONG,accepted=true,fe=886,before=[210.63981076369265,9441.154427228614,12042.282717282713],after=[209.1623373732719,9335.170336022431,12028.821178821176]
LS:g=6,op=O9_MA_SWAP,accepted=false,fe=887,before=[209.1623373732719,9335.170336022431,12028.821178821176],after=[209.93625200634943,9267.797549419245,12035.872460872457]
LS:g=6,op=CRITICAL_FACTORY_SWAP,accepted=true,fe=888,before=[258.8509327795957,10635.253048810004,11984.550449550447],after=[245.99468998002453,10284.234993347654,11892.089577089573]
LS:g=6,op=CRITICAL_FACTORY_INSERT,accepted=false,fe=889,before=[245.99468998002453,10284.234993347654,11892.089577089573],after=[205.91777490826306,10050.06167724507,12018.344988344985]
LS:g=6,op=O1_JS_INSERT,accepted=false,fe=890,before=[245.99468998002453,10284.234993347654,11892.089577089573],after=[205.91777490826306,9980.531436393556,12064.816849816845]
LS:g=6,op=O2_JS_REVERSE,accepted=false,fe=891,before=[245.99468998002453,10284.234993347654,11892.089577089573],after=[232.16819349879316,10170.72141720735,11912.24109224109]
LS:g=6,op=O3_JS_SWAP,accepted=false,fe=892,before=[245.99468998002453,10284.234993347654,11892.089577089573],after=[232.16819349879316,10219.020017514154,11913.756243756241]
LS:g=6,op=O4_WA_LOAD_TRANSFER,accepted=false,fe=893,before=[245.99468998002453,10284.234993347654,11892.089577089573],after=[260.9620813609619,10399.909550263941,11882.241092241089]
LS:g=6,op=O5_WA_WEAK_TO_STRONG,accepted=false,fe=894,before=[245.99468998002453,10284.234993347654,11892.089577089573],after=[235.4480401363636,10216.947776377641,11965.877455877453]
LS:g=6,op=O6_WA_SWAP,accepted=true,fe=895,before=[245.99468998002453,10284.234993347654,11892.089577089573],after=[221.6215436551322,10151.600016958819,11837.089577089571]
LS:g=6,op=O7_MA_LOAD_TRANSFER,accepted=true,fe=896,before=[221.6215436551322,10151.600016958819,11837.089577089571],after=[205.91777490826306,9768.067902330105,11837.089577089571]
LS:g=6,op=O8_MA_WEAK_TO_STRONG,accepted=true,fe=897,before=[205.91777490826306,9768.067902330105,11837.089577089571],after=[212.41599578968876,9450.483269823444,11812.730602730597]
LS:g=6,op=O9_MA_SWAP,accepted=true,fe=898,before=[212.41599578968876,9450.483269823444,11812.730602730597],after=[212.41599578968876,9450.483269823444,11812.730602730597]
LS:g=6,op=CRITICAL_FACTORY_SWAP,accepted=true,fe=899,before=[238.17678569186893,9644.917609183309,12030.784215784211],after=[226.79496492962932,9819.09173545985,11916.23876123876]
LS:g=6,op=CRITICAL_FACTORY_INSERT,accepted=false,fe=900,before=[226.79496492962932,9819.09173545985,11916.23876123876],after=[243.78337478180853,9586.15437129353,11985.329670329667]
LS:g=6,op=O1_JS_INSERT,accepted=false,fe=901,before=[226.79496492962932,9819.09173545985,11916.23876123876],after=[218.0286044909244,9665.62562342348,11959.875124875123]
LS:g=6,op=O2_JS_REVERSE,accepted=true,fe=902,before=[226.79496492962932,9819.09173545985,11916.23876123876],after=[226.79496492962932,9819.09173545985,11916.23876123876]
LS:g=6,op=O3_JS_SWAP,accepted=false,fe=903,before=[226.79496492962932,9819.09173545985,11916.23876123876],after=[226.9378451716197,9781.388104913389,11940.178155178151]
LS:g=6,op=O4_WA_LOAD_TRANSFER,accepted=false,fe=904,before=[226.79496492962932,9819.09173545985,11916.23876123876],after=[244.80826952986445,9981.211476861965,11916.23876123876]
LS:g=6,op=O5_WA_WEAK_TO_STRONG,accepted=false,fe=905,before=[226.79496492962932,9819.09173545985,11916.23876123876],after=[226.896748550714,9706.104637847138,11919.875124875123]
LS:g=6,op=O6_WA_SWAP,accepted=true,fe=906,before=[226.79496492962932,9819.09173545985,11916.23876123876],after=[226.79496492962932,9819.09173545985,11916.23876123876]
LS:g=6,op=O7_MA_LOAD_TRANSFER,accepted=false,fe=907,before=[226.79496492962932,9819.09173545985,11916.23876123876],after=[218.0286044909244,9660.86857339269,11964.420579420577]
LS:g=6,op=O8_MA_WEAK_TO_STRONG,accepted=true,fe=908,before=[226.79496492962932,9819.09173545985,11916.23876123876],after=[226.79496492962932,9819.09173545985,11916.23876123876]
LS:g=6,op=O9_MA_SWAP,accepted=true,fe=909,before=[226.79496492962932,9819.09173545985,11916.23876123876],after=[226.79496492962932,9819.09173545985,11916.23876123876]
LS:g=6,op=CRITICAL_FACTORY_SWAP,accepted=false,fe=910,before=[220.7695338351291,10043.222738157934,11901.946386946383],after=[276.9464864200413,10541.508410614711,11791.968031968032]
LS:g=6,op=CRITICAL_FACTORY_INSERT,accepted=false,fe=911,before=[220.7695338351291,10043.222738157934,11901.946386946383],after=[220.7695338351291,9996.698194554088,11985.323010323009]
LS:g=6,op=O1_JS_INSERT,accepted=false,fe=912,before=[220.7695338351291,10043.222738157934,11901.946386946383],after=[210.15309737707594,9806.25500040985,11946.491841491841]
LS:g=6,op=O2_JS_REVERSE,accepted=true,fe=913,before=[220.7695338351291,10043.222738157934,11901.946386946383],after=[220.7695338351291,9960.326907020051,11923.916083916081]
LS:g=6,op=O3_JS_SWAP,accepted=false,fe=914,before=[220.7695338351291,9960.326907020051,11923.916083916081],after=[220.7695338351291,9907.169243678281,11933.158508158509]
LS:g=6,op=O4_WA_LOAD_TRANSFER,accepted=false,fe=915,before=[220.7695338351291,9960.326907020051,11923.916083916081],after=[238.78462333181315,10093.16120330914,11967.552447552445]
LS:g=6,op=O5_WA_WEAK_TO_STRONG,accepted=false,fe=916,before=[220.7695338351291,9960.326907020051,11923.916083916081],after=[221.28726289851807,9972.120080378058,11989.97668997669]
LS:g=6,op=O6_WA_SWAP,accepted=false,fe=917,before=[220.7695338351291,9960.326907020051,11923.916083916081],after=[215.84927944702736,10057.408972816173,11957.855477855475]
LS:g=6,op=O7_MA_LOAD_TRANSFER,accepted=false,fe=918,before=[220.7695338351291,9960.326907020051,11923.916083916081],after=[208.4285352891156,9999.196397466105,11999.976689976687]
LS:g=6,op=O8_MA_WEAK_TO_STRONG,accepted=true,fe=919,before=[220.7695338351291,9960.326907020051,11923.916083916081],after=[220.7695338351291,9960.326907020051,11923.916083916081]
LS:g=6,op=O9_MA_SWAP,accepted=false,fe=920,before=[220.7695338351291,9960.326907020051,11923.916083916081],after=[208.37084693033728,9959.115202648974,12035.734265734263]
GENERATION_END:g=6,fe=920,archive=20
GROUP:g=7,name=G1_CMAX,members=JS=[11, 3, 14, 13, 6, 15, 1, 17, 8, 16, 18, 10, 4, 0, 7, 9, 12, 2, 5, 19]|FA=[2, 1, 0, 2, 2, 0, 0, 0, 0, 1, 0, 1, 1, 1, 0, 1, 1, 0, 2, 2]|MA=[1, 1, 0, 0, 1, 2, 0, 0, 3, 0, 3, 1, 0, 0, 3, 1, 1, 1, 0, 0]|WA=[0, 1, 1, 1, 0, 1, 1, 2, 1, 1, 1, 0, 1, 1, 0, 0, 0, 2, 1, 1]@[184.87196913658815,9516.17446668934,12011.057276057276];JS=[13, 10, 2, 9, 12, 18, 17, 19, 11, 16, 0, 5, 15, 7, 8, 3, 1, 4, 14, 6]|FA=[0, 0, 0, 0, 0, 0, 2, 2, 2, 1, 0, 1, 2, 1, 1, 1, 2, 1, 1, 0]|MA=[0, 0, 3, 3, 3, 3, 1, 1, 1, 1, 2, 0, 0, 1, 1, 1, 1, 0, 0, 1]|WA=[2, 1, 2, 2, 1, 1, 1, 1, 0, 0, 1, 1, 0, 0, 1, 1, 0, 0, 1, 1]@[197.4357100194132,9296.207855115103,12147.417582417584];
GROUP:g=7,name=G2_TEC,members=JS=[3, 14, 1, 17, 4, 15, 9, 11, 12, 8, 2, 10, 6, 0, 19, 13, 5, 7, 16, 18]|FA=[1, 2, 0, 2, 0, 0, 0, 2, 0, 0, 1, 2, 1, 2, 1, 0, 0, 1, 1, 1]|MA=[1, 0, 3, 0, 2, 3, 3, 0, 3, 0, 1, 1, 1, 0, 0, 3, 0, 1, 1, 1]|WA=[1, 1, 1, 0, 1, 1, 2, 1, 0, 1, 1, 0, 0, 0, 1, 1, 2, 1, 1, 0]@[239.45611098328385,8583.510773369677,12033.418248418247];JS=[13, 10, 2, 9, 12, 18, 17, 19, 11, 16, 0, 5, 15, 7, 8, 3, 1, 4, 14, 6]|FA=[0, 0, 0, 0, 0, 0, 2, 2, 2, 1, 0, 1, 2, 1, 1, 1, 2, 1, 1, 0]|MA=[0, 0, 3, 3, 3, 3, 1, 1, 1, 1, 2, 0, 0, 1, 1, 1, 1, 0, 0, 1]|WA=[2, 1, 2, 2, 1, 1, 1, 1, 0, 0, 1, 1, 0, 0, 1, 1, 0, 0, 1, 1]@[197.4357100194132,9296.207855115103,12147.417582417584];
GROUP:g=7,name=G3_TWC,members=JS=[13, 5, 7, 12, 15, 3, 8, 17, 9, 11, 4, 14, 1, 10, 0, 18, 2, 6, 19, 16]|FA=[2, 1, 2, 2, 2, 0, 2, 2, 2, 2, 1, 0, 1, 2, 1, 1, 0, 2, 2, 2]|MA=[0, 1, 0, 0, 0, 0, 1, 1, 1, 0, 1, 3, 1, 0, 0, 0, 0, 0, 1, 0]|WA=[1, 1, 0, 1, 0, 0, 0, 1, 1, 1, 1, 1, 0, 0, 0, 1, 1, 0, 0, 1]@[376.3398630523799,11272.271912700957,11477.75724275724];JS=[13, 5, 7, 12, 15, 3, 8, 17, 9, 11, 4, 14, 1, 10, 0, 18, 2, 6, 19, 16]|FA=[0, 1, 2, 2, 2, 2, 2, 2, 2, 2, 1, 0, 1, 2, 1, 1, 0, 2, 2, 2]|MA=[0, 1, 0, 0, 0, 0, 1, 1, 1, 0, 1, 3, 1, 0, 0, 0, 0, 0, 1, 0]|WA=[1, 1, 0, 1, 0, 0, 0, 1, 1, 1, 1, 1, 0, 0, 0, 1, 1, 0, 0, 1]@[391.83925920148204,11106.61493813874,11506.565101565098];
GROUP:g=7,name=G4_CENTER,members=JS=[10, 13, 9, 3, 6, 7, 1, 17, 8, 0, 4, 16, 15, 14, 19, 12, 5, 18, 11, 2]|FA=[1, 0, 2, 2, 2, 1, 0, 0, 0, 0, 2, 1, 0, 1, 2, 1, 0, 2, 0, 1]|MA=[1, 0, 1, 1, 1, 0, 2, 2, 0, 3, 0, 1, 3, 1, 0, 0, 1, 1, 0, 1]|WA=[1, 2, 1, 1, 0, 1, 2, 1, 1, 0, 1, 1, 0, 1, 1, 1, 2, 1, 0, 1]@[209.1623373732719,9335.170336022431,12028.821178821176];JS=[11, 3, 14, 13, 6, 15, 1, 17, 8, 16, 18, 10, 4, 0, 7, 9, 12, 2, 5, 19]|FA=[2, 1, 0, 2, 2, 0, 0, 0, 0, 1, 0, 1, 1, 1, 0, 1, 1, 0, 2, 2]|MA=[1, 1, 0, 0, 1, 2, 0, 0, 3, 0, 3, 1, 0, 0, 3, 1, 1, 1, 0, 0]|WA=[0, 1, 1, 1, 0, 1, 1, 2, 1, 1, 1, 0, 1, 1, 0, 0, 0, 2, 1, 1]@[184.87196913658815,9516.17446668934,12011.057276057276];JS=[13, 10, 2, 9, 12, 18, 17, 19, 11, 16, 0, 5, 15, 7, 8, 3, 1, 4, 14, 6]|FA=[0, 0, 0, 0, 0, 0, 2, 2, 2, 1, 0, 1, 2, 1, 1, 1, 2, 1, 1, 0]|MA=[0, 0, 3, 3, 3, 3, 1, 1, 1, 1, 2, 0, 0, 1, 1, 1, 1, 0, 0, 1]|WA=[2, 1, 2, 2, 1, 1, 1, 1, 0, 0, 1, 1, 0, 0, 1, 1, 0, 0, 1, 1]@[197.4357100194132,9296.207855115103,12147.417582417584];JS=[13, 10, 3, 2, 9, 5, 12, 4, 17, 7, 6, 19, 11, 0, 1, 18, 14, 8, 15, 16]|FA=[0, 2, 2, 1, 2, 0, 2, 2, 2, 2, 1, 0, 1, 0, 1, 1, 2, 1, 1, 2]|MA=[2, 0, 1, 1, 1, 2, 1, 0, 0, 1, 1, 0, 0, 1, 1, 0, 1, 1, 1, 0]|WA=[0, 1, 1, 1, 1, 1, 1, 1, 0, 0, 1, 1, 0, 1, 1, 1, 0, 1, 1, 1]@[212.41599578968876,9450.483269823444,11812.730602730597];
OP:JS_INITIAL_SWAP:6:2
OP:JS_GUIDE:PBEST:r=0.4869296654827611:pairs=[(0,3), (1,6), (2,6), (3,19), (4,8), (5,6), (6,7), (7,16), (13,14), (14,15), (15,16), (16,17)]
OP:JS_GUIDE:QGBEST:r=0.152984975354469:pairs=[(1,11), (2,17), (3,15), (4,16), (5,10), (6,7), (7,15), (8,19), (10,13), (11,18), (12,13), (13,14), (14,16), (15,17), (16,17)]
OP:REPAIR:MA:8:3:0:[0,1]
OP:REPAIR:WA:7:2:0:[0,1]
OP:REPAIR:MA:7:3:1:[0,1]
OP:REPAIR:MA:8:3:0:[0,1]
OP:REPAIR:WA:7:2:0:[0,1]
OP:WA_MUTATE:19:1:0
OP:JS_INITIAL_SWAP:10:5
OP:JS_GUIDE:PBEST:r=0.5619117269769449:pairs=[(2,15), (3,15), (4,15), (5,15), (6,14), (7,14), (8,11), (9,13), (10,13), (11,14), (13,17), (14,19), (15,19), (16,17), (17,19), (18,19)]
OP:JS_GUIDE:QGBEST:r=0.5195093350847593:pairs=[(2,3), (3,4), (4,5), (5,10), (6,7), (7,14), (8,11), (9,13), (10,15)]
OP:MA_MUTATE:18:0:1
Q:g=7,group=G1_CMAX,round=0,state=0,action=3,reward=-23.31852036013703,nextState=1,phase=BEFORE_LOCAL_SEARCH
OP:JS_INITIAL_SWAP:8:9
OP:JS_GUIDE:PBEST:r=0.17500453982487998:pairs=[(1,11), (2,17), (5,6), (6,7), (7,16), (8,9), (13,14), (14,15), (15,16), (16,17)]
OP:JS_GUIDE:QGBEST:r=0.16590091041866917:pairs=[(1,11), (3,15), (4,16), (5,10), (6,7), (7,15), (8,19), (9,19), (10,13), (11,18), (12,13), (13,14), (14,16), (15,17), (16,17)]
OP:REPAIR:MA:7:3:0:[0,1]
OP:REPAIR:MA:8:3:0:[0,1]
OP:REPAIR:MA:13:3:1:[0,1]
OP:REPAIR:MA:4:3:0:[0,1]
OP:REPAIR:WA:7:2:0:[0,1]
OP:REPAIR:WA:13:2:1:[0,1]
OP:REPAIR:WA:16:2:1:[0,1]
OP:JS_INITIAL_SWAP:9:13
OP:JS_GUIDE:PBEST:r=0.38233641468054297:pairs=[(2,10), (3,10), (4,10), (5,10), (9,13), (10,13), (11,14), (13,17), (14,19), (15,19), (16,17), (17,19), (18,19)]
OP:JS_GUIDE:QGBEST:r=0.08446780607037292:pairs=[(2,3), (3,4), (4,5), (5,10), (6,7), (7,14), (8,11), (10,15)]
OP:REPAIR:MA:11:3:0:[0,1]
OP:REPAIR:WA:16:2:1:[0,1]
Q:g=7,group=G1_CMAX,round=1,state=1,action=1,reward=-32.16188144661345,nextState=1,phase=BEFORE_LOCAL_SEARCH
OP:JS_INITIAL_SWAP:15:2
OP:JS_GUIDE:PBEST:r=0.31203241712807683:pairs=[(3,7), (4,16), (5,9), (6,9), (8,9), (9,16), (10,11), (11,12), (15,16)]
OP:JS_GUIDE:QGBEST:r=0.2638915336269507:pairs=[(0,2), (1,11), (2,10), (3,6), (4,8), (5,19), (6,7), (7,14), (8,14), (9,18), (10,13), (11,14), (12,19), (13,17), (14,18), (15,17), (16,17)]
OP:WA_MUTATE:2:1:2
OP:JS_INITIAL_SWAP:4:1
OP:JS_GUIDE:PBEST:r=0.4348572755298698:pairs=[(1,18), (2,15), (3,8), (4,8), (5,13), (6,16), (7,16), (8,14), (9,17), (10,17), (11,16), (12,14), (13,14), (14,18), (15,17), (16,18), (18,19)]
OP:JS_GUIDE:QGBEST:r=0.06578004167449227:pairs=[(1,8), (2,15), (3,4), (4,18), (5,13), (6,7), (7,16), (8,18)]
OP:MA_MUTATE:13:1:0
OP:REPAIR:WA:8:2:1:[0,1]
OP:REPAIR:WA:9:2:0:[0,1]
Q:g=7,group=G2_TEC,round=0,state=0,action=3,reward=-304.2310823143216,nextState=1,phase=BEFORE_LOCAL_SEARCH
OP:JS_INITIAL_SWAP:14:13
OP:JS_GUIDE:PBEST:r=0.238569753825624:pairs=[(0,10), (1,11), (2,10), (3,6), (5,9), (6,9), (8,9), (9,16), (10,11), (11,12), (13,14), (15,16)]
OP:JS_GUIDE:QGBEST:r=0.5487484888431224:pairs=[(0,10), (1,11), (4,8), (5,19), (6,7), (7,13), (8,13), (9,18), (10,14), (11,13), (12,19), (13,17), (14,18), (15,18), (16,18), (17,18)]
OP:JS_INITIAL_SWAP:13:8
OP:JS_GUIDE:PBEST:r=0.3188358774874931:pairs=[(8,14), (9,17), (10,17), (11,16), (12,13), (14,18), (15,17), (16,18), (18,19)]
OP:JS_GUIDE:QGBEST:r=0.4152509600923013:pairs=[(1,13), (2,15), (3,4), (4,18), (5,14), (6,7), (7,16), (8,18), (9,17), (13,14), (14,18)]
OP:REPAIR:MA:6:2:0:[0,1]
OP:REPAIR:MA:7:3:0:[0,1]
OP:REPAIR:MA:8:3:0:[0,1]
OP:REPAIR:MA:9:2:1:[0,1]
OP:REPAIR:MA:11:3:1:[0,1]
OP:WA_MUTATE:1:1:0
Q:g=7,group=G2_TEC,round=1,state=1,action=1,reward=-583.0669376568867,nextState=1,phase=BEFORE_LOCAL_SEARCH
OP:JS_INITIAL_SWAP:18:5
OP:JS_GUIDE:PBEST:r=0.2639487781541407:pairs=[(4,18), (5,18), (6,10), (10,19), (12,19)]
OP:JS_GUIDE:QGBEST:r=0.3435146753804844:pairs=[(4,18), (5,18)]
OP:JS_INITIAL_SWAP:6:16
OP:JS_GUIDE:PBEST:r=0.3147227414082763:pairs=[(4,5), (6,10), (10,19), (12,16), (16,19)]
OP:JS_GUIDE:QGBEST:r=0.2621364252766039:pairs=[(4,5), (6,16)]
Q:g=7,group=G3_TWC,round=0,state=0,action=3,reward=-36.90476190476238,nextState=1,phase=BEFORE_LOCAL_SEARCH
OP:JS_INITIAL_SWAP:5:12
OP:JS_GUIDE:PBEST:r=0.17817848214813817:pairs=[(5,18), (6,10), (10,19), (12,19), (18,19)]
OP:JS_GUIDE:QGBEST:r=0.35718833819662876:pairs=[(5,18), (6,16), (12,18)]
OP:JS_INITIAL_SWAP:11:1
OP:JS_GUIDE:PBEST:r=0.06234798144858724:pairs=[(1,11), (6,10), (10,19), (12,16), (16,19)]
OP:JS_GUIDE:QGBEST:r=0.1678728253379301:pairs=[(1,11)]
OP:MA_MUTATE:9:0:0
Q:g=7,group=G3_TWC,round=1,state=1,action=3,reward=-14.34065934065893,nextState=1,phase=BEFORE_LOCAL_SEARCH
OP:JS_INITIAL_SWAP:14:1
OP:JS_GUIDE:PBEST:r=0.34155141567138286:pairs=[(0,14), (1,13), (2,3), (3,18), (4,18), (9,10), (10,11), (11,13), (12,14), (13,14), (14,15), (16,17), (17,19)]
OP:JS_GUIDE:QGBEST:r=0.282667026351725:pairs=[(0,3), (1,2), (5,12), (9,11), (10,17), (11,14), (12,17), (13,14), (14,17), (15,18), (16,18), (17,19)]
OP:REPAIR:MA:10:3:0:[0,1]
OP:JS_INITIAL_SWAP:5:10
OP:JS_GUIDE:PBEST:r=0.4321046144078445:pairs=[(0,3), (1,18), (2,15), (3,12), (4,10), (5,8), (8,14), (9,12), (10,12), (11,19), (12,19), (13,18), (14,16), (15,18), (18,19)]
OP:JS_GUIDE:QGBEST:r=0.55391943585452:pairs=[(0,12), (1,18), (2,15), (3,12), (4,10), (5,10), (8,10)]
OP:REPAIR:WA:1:2:0:[0,1]
OP:JS_INITIAL_SWAP:7:7
OP:JS_GUIDE:PBEST:r=0.08590656909931531:pairs=[(1,11), (2,3), (3,17), (4,12), (5,14), (6,16), (7,16), (8,13), (9,13), (10,13), (11,16), (12,16), (13,15), (14,16), (18,19)]
OP:JS_GUIDE:QGBEST:r=0.163811335397879:pairs=[(0,8), (1,15), (2,18), (3,8), (4,19), (5,12), (6,16), (7,16), (8,14), (10,12), (12,17), (13,17), (14,17), (15,17), (16,19), (17,18)]
OP:MA_MUTATE:6:1:1
OP:REPAIR:WA:8:2:1:[0,1]
OP:REPAIR:WA:9:2:0:[0,1]
OP:REPAIR:WA:7:2:0:[0,1]
OP:WA_MUTATE:5:1:1
OP:JS_INITIAL_SWAP:3:3
OP:JS_GUIDE:PBEST:r=0.46166078627434837:pairs=[(7,8), (8,17), (10,19), (12,16), (13,19), (14,15), (15,17), (18,19)]
OP:JS_GUIDE:QGBEST:r=0.2730575758414089:pairs=[(0,12), (1,2), (2,16), (3,12), (4,19), (5,18), (6,14), (9,10), (10,15), (11,16), (12,17), (14,15), (15,19), (16,19)]
OP:REPAIR:MA:8:3:0:[0,1]
OP:REPAIR:MA:11:3:1:[0,1]
OP:REPAIR:MA:8:3:1:[0,1]
OP:MA_MUTATE:14:1:0
OP:REPAIR:WA:8:2:1:[0,1]
OP:REPAIR:WA:7:2:0:[0,1]
Q:g=7,group=G4_CENTER,round=0,state=0,action=3,reward=-0.14508012018271432,nextState=1,phase=BEFORE_LOCAL_SEARCH
OP:JS_INITIAL_SWAP:5:19
OP:JS_GUIDE:PBEST:r=0.01324189511044258:pairs=[(0,3), (1,2), (4,18), (5,12), (9,10), (10,11), (11,13), (12,14), (13,19), (14,15), (15,19), (16,17), (17,19)]
OP:JS_GUIDE:QGBEST:r=0.07775052559781163:pairs=[(3,5), (4,18), (5,16), (6,15), (9,12), (10,11), (11,13), (12,16), (13,16), (14,15), (15,17), (16,17), (18,19)]
OP:JS_INITIAL_SWAP:9:19
OP:JS_GUIDE:PBEST:r=0.48266991952946203:pairs=[(0,12), (1,2), (3,12), (4,15), (5,14), (8,14), (9,12), (10,19), (11,12), (13,15), (14,16), (18,19)]
OP:JS_GUIDE:QGBEST:r=0.3248954964700294:pairs=[(0,3), (1,2), (3,17), (5,18), (6,16), (8,14), (9,18), (10,19), (11,18), (12,17), (14,16), (15,16), (16,18)]
OP:JS_INITIAL_SWAP:15:18
OP:JS_GUIDE:PBEST:r=0.30261376192244965:pairs=[(0,8), (1,15), (2,15), (3,8), (4,8), (5,13), (6,16), (7,16), (8,14), (9,17), (10,17), (11,16), (12,16), (13,16), (15,17), (18,19)]
OP:JS_GUIDE:QGBEST:r=0.13146909886657535:pairs=[(0,3), (1,2), (3,15), (4,8), (5,18), (6,8), (7,8), (8,14), (9,13), (10,13), (11,14), (12,15), (14,16), (15,18)]
OP:REPAIR:WA:8:2:0:[0,1]
OP:REPAIR:WA:9:2:0:[0,1]
OP:JS_INITIAL_SWAP:7:15
OP:JS_GUIDE:PBEST:r=0.42701630556687803:pairs=[(0,12), (1,2), (3,12), (5,9), (6,14), (7,15), (9,17), (12,16), (13,18), (15,18), (16,18), (17,18), (18,19)]
OP:JS_GUIDE:QGBEST:r=0.22646645128356346:pairs=[(0,3), (1,2), (3,12), (5,9), (6,14), (7,15)]
OP:REPAIR:MA:6:2:0:[0,1]
OP:REPAIR:MA:7:3:1:[0,1]
OP:REPAIR:MA:8:3:0:[0,1]
OP:REPAIR:MA:9:2:0:[0,1]
OP:REPAIR:MA:11:3:1:[0,1]
OP:REPAIR:WA:8:2:0:[0,1]
OP:REPAIR:WA:9:2:1:[0,1]
Q:g=7,group=G4_CENTER,round=1,state=1,action=3,reward=-0.03551139713086326,nextState=1,phase=BEFORE_LOCAL_SEARCH
LS:g=7,op=CRITICAL_FACTORY_SWAP,accepted=true,fe=941,before=[270.28146328227,9926.817348363653,11914.698634698632],after=[256.7013094737184,9736.249808370432,11881.6317016317]
LS:g=7,op=CRITICAL_FACTORY_INSERT,accepted=true,fe=942,before=[256.7013094737184,9736.249808370432,11881.6317016317],after=[228.32784359175434,9741.609972193271,12064.370629370627]
LS:g=7,op=O1_JS_INSERT,accepted=false,fe=943,before=[228.32784359175434,9741.609972193271,12064.370629370627],after=[271.06428726101495,9896.813373292493,12095.88578088578]
LS:g=7,op=O2_JS_REVERSE,accepted=true,fe=944,before=[228.32784359175434,9741.609972193271,12064.370629370627],after=[228.32784359175434,9880.56851841412,12064.370629370627]
LS:g=7,op=O3_JS_SWAP,accepted=true,fe=945,before=[228.32784359175434,9880.56851841412,12064.370629370627],after=[228.32784359175434,9880.56851841412,12064.370629370627]
LS:g=7,op=O4_WA_LOAD_TRANSFER,accepted=true,fe=946,before=[228.32784359175434,9880.56851841412,12064.370629370627],after=[184.20251951898527,9442.685026218915,12121.037296037295]
LS:g=7,op=O5_WA_WEAK_TO_STRONG,accepted=true,fe=947,before=[184.20251951898527,9442.685026218915,12121.037296037295],after=[184.20251951898527,9287.997423919924,12121.037296037295]
LS:g=7,op=O6_WA_SWAP,accepted=true,fe=948,before=[184.20251951898527,9287.997423919924,12121.037296037295],after=[183.09449541205657,9242.884527144995,12121.037296037295]
LS:g=7,op=O7_MA_LOAD_TRANSFER,accepted=false,fe=949,before=[183.09449541205657,9242.884527144995,12121.037296037295],after=[184.501612926743,9433.154957480892,12133.857808857809]
LS:g=7,op=O8_MA_WEAK_TO_STRONG,accepted=false,fe=950,before=[183.09449541205657,9242.884527144995,12121.037296037295],after=[205.48412464147611,8964.82117562255,12107.109557109556]
LS:g=7,op=O9_MA_SWAP,accepted=true,fe=951,before=[183.09449541205657,9242.884527144995,12121.037296037295],after=[183.09449541205657,9242.884527144995,12121.037296037295]
LS:g=7,op=CRITICAL_FACTORY_SWAP,accepted=false,fe=952,before=[222.9870194872323,10018.925630330963,12337.82883782884],after=[258.34680341981635,10181.5142065378,12235.482850482853]
LS:g=7,op=CRITICAL_FACTORY_INSERT,accepted=false,fe=953,before=[222.9870194872323,10018.925630330963,12337.82883782884],after=[267.91518100719884,9581.87476733584,12515.840825840827]
LS:g=7,op=O1_JS_INSERT,accepted=true,fe=954,before=[222.9870194872323,10018.925630330963,12337.82883782884],after=[222.9870194872323,10018.925630330963,12337.82883782884]
LS:g=7,op=O2_JS_REVERSE,accepted=true,fe=955,before=[222.9870194872323,10018.925630330963,12337.82883782884],after=[217.4281357209659,10010.600212515605,12337.82883782884]
LS:g=7,op=O3_JS_SWAP,accepted=false,fe=956,before=[217.4281357209659,10010.600212515605,12337.82883782884],after=[220.88778136347022,10019.871994385432,12337.82883782884]
LS:g=7,op=O4_WA_LOAD_TRANSFER,accepted=true,fe=957,before=[217.4281357209659,10010.600212515605,12337.82883782884],after=[217.4281357209659,10200.347456916385,12337.82883782884]
LS:g=7,op=O5_WA_WEAK_TO_STRONG,accepted=true,fe=958,before=[217.4281357209659,10200.347456916385,12337.82883782884],after=[217.4281357209659,10010.600212515605,12337.82883782884]
LS:g=7,op=O6_WA_SWAP,accepted=true,fe=959,before=[217.4281357209659,10010.600212515605,12337.82883782884],after=[216.22846176398994,9999.372675269002,12337.82883782884]
LS:g=7,op=O7_MA_LOAD_TRANSFER,accepted=false,fe=960,before=[216.22846176398994,9999.372675269002,12337.82883782884],after=[222.90133173741452,9827.882047144747,12323.543123543124]
LS:g=7,op=O8_MA_WEAK_TO_STRONG,accepted=true,fe=961,before=[216.22846176398994,9999.372675269002,12337.82883782884],after=[216.22846176398994,9787.959899468371,12212.114552114554]
LS:g=7,op=O9_MA_SWAP,accepted=true,fe=962,before=[216.22846176398994,9787.959899468371,12212.114552114554],after=[214.0966251022581,9841.929295250999,12195.960705960708]
LS:g=7,op=CRITICAL_FACTORY_SWAP,accepted=true,fe=963,before=[240.87069791804123,9083.877991066967,11924.109224109221],after=[235.31648523444468,9035.365570240378,11917.897102897103]
LS:g=7,op=CRITICAL_FACTORY_INSERT,accepted=true,fe=964,before=[235.31648523444468,9035.365570240378,11917.897102897103],after=[303.0625439787342,8631.289827171326,12049.289044289044]
LS:g=7,op=O1_JS_INSERT,accepted=true,fe=965,before=[303.0625439787342,8631.289827171326,12049.289044289044],after=[303.0625439787342,8576.71668635665,12059.137529137528]
LS:g=7,op=O2_JS_REVERSE,accepted=true,fe=966,before=[303.0625439787342,8576.71668635665,12059.137529137528],after=[303.0625439787342,8576.71668635665,12059.137529137528]
LS:g=7,op=O3_JS_SWAP,accepted=true,fe=967,before=[303.0625439787342,8576.71668635665,12059.137529137528],after=[303.0625439787342,8576.71668635665,12059.137529137528]
LS:g=7,op=O4_WA_LOAD_TRANSFER,accepted=true,fe=968,before=[303.0625439787342,8576.71668635665,12059.137529137528],after=[286.5148420060219,8522.811287419256,12050.804195804194]
LS:g=7,op=O5_WA_WEAK_TO_STRONG,accepted=false,fe=969,before=[286.5148420060219,8522.811287419256,12050.804195804194],after=[303.0625439787342,8576.71668635665,12059.137529137528]
LS:g=7,op=O6_WA_SWAP,accepted=false,fe=970,before=[286.5148420060219,8522.811287419256,12050.804195804194],after=[285.8179296976272,8775.529292112098,12026.56177156177]
LS:g=7,op=O7_MA_LOAD_TRANSFER,accepted=false,fe=971,before=[286.5148420060219,8522.811287419256,12050.804195804194],after=[290.9954014467818,8871.34251646678,12079.650349650348]
LS:g=7,op=O8_MA_WEAK_TO_STRONG,accepted=true,fe=972,before=[286.5148420060219,8522.811287419256,12050.804195804194],after=[308.4557592926395,8390.396675272406,12038.100233100233]
LS:g=7,op=O9_MA_SWAP,accepted=true,fe=973,before=[308.4557592926395,8390.396675272406,12038.100233100233],after=[308.4557592926395,8390.396675272406,12038.100233100233]
LS:g=7,op=CRITICAL_FACTORY_SWAP,accepted=false,fe=974,before=[243.8771581505768,10570.436677360229,12430.65601065601],after=[234.65233286210923,10656.157901249067,12375.597735597736]
LS:g=7,op=CRITICAL_FACTORY_INSERT,accepted=false,fe=975,before=[243.8771581505768,10570.436677360229,12430.65601065601],after=[263.3414603434844,10774.296591811002,12334.938394938394]
LS:g=7,op=O1_JS_INSERT,accepted=true,fe=976,before=[243.8771581505768,10570.436677360229,12430.65601065601],after=[243.8771581505768,10570.436677360229,12430.65601065601]
LS:g=7,op=O2_JS_REVERSE,accepted=false,fe=977,before=[243.8771581505768,10570.436677360229,12430.65601065601],after=[243.87715815057675,10684.659371731592,12416.669996669996]
LS:g=7,op=O3_JS_SWAP,accepted=true,fe=978,before=[243.8771581505768,10570.436677360229,12430.65601065601],after=[271.283187109369,10488.324494640183,12466.436896436897]
LS:g=7,op=O4_WA_LOAD_TRANSFER,accepted=false,fe=979,before=[271.283187109369,10488.324494640183,12466.436896436897],after=[321.58983266249214,10656.9034232827,12446.739926739927]
LS:g=7,op=O5_WA_WEAK_TO_STRONG,accepted=false,fe=980,before=[271.283187109369,10488.324494640183,12466.436896436897],after=[214.64555444266819,10535.913473181705,12413.406593406593]
LS:g=7,op=O6_WA_SWAP,accepted=true,fe=981,before=[271.283187109369,10488.324494640183,12466.436896436897],after=[271.283187109369,10488.324494640183,12466.436896436897]
LS:g=7,op=O7_MA_LOAD_TRANSFER,accepted=true,fe=982,before=[271.283187109369,10488.324494640183,12466.436896436897],after=[224.6279387895573,10441.195486138275,12398.837828837828]
LS:g=7,op=O8_MA_WEAK_TO_STRONG,accepted=true,fe=983,before=[224.6279387895573,10441.195486138275,12398.837828837828],after=[224.6279387895573,10281.608649230235,12273.123543123544]
LS:g=7,op=O9_MA_SWAP,accepted=true,fe=984,before=[224.6279387895573,10281.608649230235,12273.123543123544],after=[244.44240531616595,10162.792578660354,12288.97435897436]
LS:g=7,op=CRITICAL_FACTORY_SWAP,accepted=true,fe=985,before=[348.1053995338205,10439.251907422593,11576.275391275389],after=[357.1006629595897,11429.16332864895,11531.253746253744]
LS:g=7,op=CRITICAL_FACTORY_INSERT,accepted=false,fe=986,before=[357.1006629595897,11429.16332864895,11531.253746253744],after=[327.6320694490865,10795.237342455655,11708.829503829502]
LS:g=7,op=O1_JS_INSERT,accepted=false,fe=987,before=[357.1006629595897,11429.16332864895,11531.253746253744],after=[342.97951470215565,11200.74510697743,11611.253746253746]
LS:g=7,op=O2_JS_REVERSE,accepted=false,fe=988,before=[357.1006629595897,11429.16332864895,11531.253746253744],after=[357.1006629595897,11085.689094888323,11567.617382617382]
LS:g=7,op=O3_JS_SWAP,accepted=false,fe=989,before=[357.1006629595897,11429.16332864895,11531.253746253744],after=[357.10066295958967,10714.863345330936,11683.677988677988]
LS:g=7,op=O4_WA_LOAD_TRANSFER,accepted=true,fe=990,before=[357.1006629595897,11429.16332864895,11531.253746253744],after=[357.1006629595897,11429.16332864895,11531.253746253744]
LS:g=7,op=O5_WA_WEAK_TO_STRONG,accepted=false,fe=991,before=[357.1006629595897,11429.16332864895,11531.253746253744],after=[333.73952944089507,10731.673808981435,11742.768897768894]
LS:g=7,op=O6_WA_SWAP,accepted=true,fe=992,before=[357.1006629595897,11429.16332864895,11531.253746253744],after=[357.1006629595897,11429.16332864895,11531.253746253744]
LS:g=7,op=O7_MA_LOAD_TRANSFER,accepted=false,fe=993,before=[357.1006629595897,11429.16332864895,11531.253746253744],after=[359.0559250882487,11091.709834535746,11579.132534132532]
LS:g=7,op=O8_MA_WEAK_TO_STRONG,accepted=true,fe=994,before=[357.1006629595897,11429.16332864895,11531.253746253744],after=[357.1006629595897,11429.16332864895,11531.253746253744]
LS:g=7,op=O9_MA_SWAP,accepted=true,fe=995,before=[357.1006629595897,11429.16332864895,11531.253746253744],after=[357.1006629595897,11429.16332864895,11531.253746253744]
LS:g=7,op=CRITICAL_FACTORY_SWAP,accepted=false,fe=996,before=[390.9072801411793,11058.43985030343,11510.537795537792],after=[390.9072801411793,11147.288142681818,11564.314019314017]
LS:g=7,op=CRITICAL_FACTORY_INSERT,accepted=false,fe=997,before=[390.9072801411793,11058.43985030343,11510.537795537792],after=[377.080783659948,10843.874424512702,11573.456543456541]
LS:g=7,op=O1_JS_INSERT,accepted=true,fe=998,before=[390.9072801411793,11058.43985030343,11510.537795537792],after=[409.10521300381686,11160.969528736468,11447.20446220446]
LS:g=7,op=O2_JS_REVERSE,accepted=false,fe=999,before=[409.10521300381686,11160.969528736468,11447.20446220446],after=[371.1008140387027,10671.796748316843,11623.008658008655]
LS:g=7,op=O3_JS_SWAP,accepted=true,fe=1000,before=[409.10521300381686,11160.969528736468,11447.20446220446],after=[419.25858100673463,11292.475056713762,11437.81052281052]
LS:g=7,op=O4_WA_LOAD_TRANSFER,accepted=false,fe=1001,before=[419.25858100673463,11292.475056713762,11437.81052281052],after=[360.3109054425887,10832.567460116035,11527.50749250749]
LS:g=7,op=O5_WA_WEAK_TO_STRONG,accepted=true,fe=1002,before=[419.25858100673463,11292.475056713762,11437.81052281052],after=[410.01859574547404,11169.101594402651,11437.355977355974]
LS:g=7,op=O6_WA_SWAP,accepted=false,fe=1003,before=[410.01859574547404,11169.101594402651,11437.355977355974],after=[418.8118641873632,11030.509761730555,11472.50749250749]
LS:g=7,op=O7_MA_LOAD_TRANSFER,accepted=false,fe=1004,before=[410.01859574547404,11169.101594402651,11437.355977355974],after=[381.6672948799188,10918.375464442599,11480.689310689306]
LS:g=7,op=O8_MA_WEAK_TO_STRONG,accepted=true,fe=1005,before=[410.01859574547404,11169.101594402651,11437.355977355974],after=[410.01859574547404,11169.101594402651,11437.355977355974]
LS:g=7,op=O9_MA_SWAP,accepted=true,fe=1006,before=[410.01859574547404,11169.101594402651,11437.355977355974],after=[410.01859574547404,11169.101594402651,11437.355977355974]
LS:g=7,op=CRITICAL_FACTORY_SWAP,accepted=true,fe=1007,before=[240.05178377813004,9654.970926619873,12056.10556110556],after=[202.91795256555545,9603.056406249785,12098.972693972693]
LS:g=7,op=CRITICAL_FACTORY_INSERT,accepted=false,fe=1008,before=[202.91795256555545,9603.056406249785,12098.972693972693],after=[203.42992623488624,9791.088084265548,12128.063603063603]
LS:g=7,op=O1_JS_INSERT,accepted=false,fe=1009,before=[202.91795256555545,9603.056406249785,12098.972693972693],after=[202.91795256555545,9652.947956785989,12098.972693972693]
LS:g=7,op=O2_JS_REVERSE,accepted=false,fe=1010,before=[202.91795256555545,9603.056406249785,12098.972693972693],after=[206.05335209590368,9801.553139542952,12089.811854811853]
LS:g=7,op=O3_JS_SWAP,accepted=false,fe=1011,before=[202.91795256555545,9603.056406249785,12098.972693972693],after=[201.18703022146536,9622.586764570451,12087.609057609057]
LS:g=7,op=O4_WA_LOAD_TRANSFER,accepted=true,fe=1012,before=[202.91795256555545,9603.056406249785,12098.972693972693],after=[196.04849318005773,9650.60046303023,12072.224442224442]
LS:g=7,op=O5_WA_WEAK_TO_STRONG,accepted=false,fe=1013,before=[196.04849318005773,9650.60046303023,12072.224442224442],after=[202.91795256555545,9603.056406249785,12098.972693972693]
LS:g=7,op=O6_WA_SWAP,accepted=false,fe=1014,before=[196.04849318005773,9650.60046303023,12072.224442224442],after=[210.1404159307673,9686.414608531142,12072.457542457541]
LS:g=7,op=O7_MA_LOAD_TRANSFER,accepted=true,fe=1015,before=[196.04849318005773,9650.60046303023,12072.224442224442],after=[196.04849318005773,9650.60046303023,12072.224442224442]
LS:g=7,op=O8_MA_WEAK_TO_STRONG,accepted=true,fe=1016,before=[196.04849318005773,9650.60046303023,12072.224442224442],after=[192.67141114481035,9442.472308424043,12041.455211455212]
LS:g=7,op=O9_MA_SWAP,accepted=false,fe=1017,before=[192.67141114481035,9442.472308424043,12041.455211455212],after=[196.18920493152638,9559.112336998158,12067.329337329336]
LS:g=7,op=CRITICAL_FACTORY_SWAP,accepted=false,fe=1018,before=[185.15718969547152,9238.912699701532,12015.134865134862],after=[187.01035821879802,9238.318130190628,11972.31435231435]
LS:g=7,op=CRITICAL_FACTORY_INSERT,accepted=false,fe=1019,before=[185.15718969547152,9238.912699701532,12015.134865134862],after=[225.57468061692572,9325.654323355455,11949.225774225772]
LS:g=7,op=O1_JS_INSERT,accepted=false,fe=1020,before=[185.15718969547152,9238.912699701532,12015.134865134862],after=[185.15718969547152,9243.140969100843,12015.134865134864]
LS:g=7,op=O2_JS_REVERSE,accepted=false,fe=1021,before=[185.15718969547152,9238.912699701532,12015.134865134862],after=[185.15718969547152,9259.611459089581,12015.13486513486]
LS:g=7,op=O3_JS_SWAP,accepted=true,fe=1022,before=[185.15718969547152,9238.912699701532,12015.134865134862],after=[185.15718969547152,9238.912699701532,12015.134865134862]
LS:g=7,op=O4_WA_LOAD_TRANSFER,accepted=true,fe=1023,before=[185.15718969547152,9238.912699701532,12015.134865134862],after=[185.15718969547152,9265.115213014808,12007.559107559104]
LS:g=7,op=O5_WA_WEAK_TO_STRONG,accepted=true,fe=1024,before=[185.15718969547152,9265.115213014808,12007.559107559104],after=[184.13972167223477,9080.127019944519,12007.559107559104]
LS:g=7,op=O6_WA_SWAP,accepted=true,fe=1025,before=[184.13972167223477,9080.127019944519,12007.559107559104],after=[184.13972167223477,9080.127019944519,12007.559107559104]
LS:g=7,op=O7_MA_LOAD_TRANSFER,accepted=false,fe=1026,before=[184.13972167223477,9080.127019944519,12007.559107559104],after=[187.80959594716094,9187.41098254912,12069.866799866797]
LS:g=7,op=O8_MA_WEAK_TO_STRONG,accepted=true,fe=1027,before=[184.13972167223477,9080.127019944519,12007.559107559104],after=[184.04877608420767,8985.31184900213,11918.987678987676]
LS:g=7,op=O9_MA_SWAP,accepted=true,fe=1028,before=[184.04877608420767,8985.31184900213,11918.987678987676],after=[184.04877608420767,8948.985569755834,11918.987678987676]
LS:g=7,op=CRITICAL_FACTORY_SWAP,accepted=false,fe=1029,before=[249.8843237181761,9095.828032036985,12188.21178821179],after=[300.7522185463348,9182.90884128738,12136.671661671662]
LS:g=7,op=CRITICAL_FACTORY_INSERT,accepted=false,fe=1030,before=[249.8843237181761,9095.828032036985,12188.21178821179],after=[233.33662174546376,9199.993453946345,12197.20446220446]
LS:g=7,op=O1_JS_INSERT,accepted=false,fe=1031,before=[249.8843237181761,9095.828032036985,12188.21178821179],after=[196.2872121138912,9117.222434441846,12110.181485181485]
LS:g=7,op=O2_JS_REVERSE,accepted=false,fe=1032,before=[249.8843237181761,9095.828032036985,12188.21178821179],after=[249.88432371817603,9056.108517721246,12194.272394272393]
LS:g=7,op=O3_JS_SWAP,accepted=false,fe=1033,before=[249.8843237181761,9095.828032036985,12188.21178821179],after=[224.68781109389906,9110.75275595282,12164.72693972694]
LS:g=7,op=O4_WA_LOAD_TRANSFER,accepted=true,fe=1034,before=[249.8843237181761,9095.828032036985,12188.21178821179],after=[203.4139724519573,9079.607353501635,12160.93906093906]
LS:g=7,op=O5_WA_WEAK_TO_STRONG,accepted=false,fe=1035,before=[203.4139724519573,9079.607353501635,12160.93906093906],after=[241.24880211376197,8923.609364581813,12148.060273060273]
LS:g=7,op=O6_WA_SWAP,accepted=true,fe=1036,before=[203.4139724519573,9079.607353501635,12160.93906093906],after=[203.4139724519573,9079.607353501635,12160.93906093906]
LS:g=7,op=O7_MA_LOAD_TRANSFER,accepted=false,fe=1037,before=[203.4139724519573,9079.607353501635,12160.93906093906],after=[242.0512247507827,9151.364914347805,12211.871461871462]
LS:g=7,op=O8_MA_WEAK_TO_STRONG,accepted=false,fe=1038,before=[203.4139724519573,9079.607353501635,12160.93906093906],after=[231.02161809010488,9024.147341479264,12155.810855810856]
LS:g=7,op=O9_MA_SWAP,accepted=true,fe=1039,before=[203.4139724519573,9079.607353501635,12160.93906093906],after=[203.4139724519573,9079.607353501635,12160.93906093906]
LS:g=7,op=CRITICAL_FACTORY_SWAP,accepted=false,fe=1040,before=[268.7120621638103,9633.094619706311,11924.528804528803],after=[260.6689045220648,9583.661928597647,11966.043956043954]
LS:g=7,op=CRITICAL_FACTORY_INSERT,accepted=true,fe=1041,before=[268.7120621638103,9633.094619706311,11924.528804528803],after=[268.7120621638103,9357.346076334696,11953.141858141855]
LS:g=7,op=O1_JS_INSERT,accepted=false,fe=1042,before=[268.7120621638103,9357.346076334696,11953.141858141855],after=[269.78702601723273,9357.346076334696,11953.141858141855]
LS:g=7,op=O2_JS_REVERSE,accepted=false,fe=1043,before=[268.7120621638103,9357.346076334696,11953.141858141855],after=[268.7120621638103,9357.346076334696,11953.141858141855]
LS:g=7,op=O3_JS_SWAP,accepted=true,fe=1044,before=[268.7120621638103,9357.346076334696,11953.141858141855],after=[268.7120621638103,9357.346076334696,11953.141858141855]
LS:g=7,op=O4_WA_LOAD_TRANSFER,accepted=false,fe=1045,before=[268.7120621638103,9357.346076334696,11953.141858141855],after=[281.8925670251705,9386.127178972398,11960.717615717613]
LS:g=7,op=O5_WA_WEAK_TO_STRONG,accepted=false,fe=1046,before=[268.7120621638103,9357.346076334696,11953.141858141855],after=[254.19948500263177,9408.947097528713,11941.778221778219]
LS:g=7,op=O6_WA_SWAP,accepted=false,fe=1047,before=[268.7120621638103,9357.346076334696,11953.141858141855],after=[271.095770489801,9493.428524964558,11941.778221778219]
LS:g=7,op=O7_MA_LOAD_TRANSFER,accepted=true,fe=1048,before=[268.7120621638103,9357.346076334696,11953.141858141855],after=[223.7968710950198,9678.212900884711,11961.94139194139]
LS:g=7,op=O8_MA_WEAK_TO_STRONG,accepted=false,fe=1049,before=[223.7968710950198,9678.212900884711,11961.94139194139],after=[268.7120621638103,9357.346076334696,11953.141858141855]
LS:g=7,op=O9_MA_SWAP,accepted=true,fe=1050,before=[223.7968710950198,9678.212900884711,11961.94139194139],after=[223.7968710950198,9678.212900884711,11961.94139194139]
GENERATION_END:g=7,fe=1050,archive=21
GROUP:g=8,name=G1_CMAX,members=JS=[13, 10, 2, 8, 9, 15, 1, 17, 5, 3, 12, 19, 7, 0, 4, 14, 18, 6, 16, 11]|FA=[2, 1, 0, 2, 2, 1, 0, 2, 2, 0, 1, 0, 0, 1, 1, 1, 0, 0, 2, 2]|MA=[1, 1, 0, 0, 0, 1, 1, 1, 0, 0, 1, 1, 1, 1, 0, 1, 3, 0, 1, 0]|WA=[0, 1, 1, 1, 1, 1, 2, 0, 1, 1, 1, 1, 1, 1, 1, 0, 1, 2, 1, 0]@[183.09449541205657,9242.884527144995,12121.037296037295];JS=[11, 19, 14, 2, 9, 5, 1, 17, 18, 3, 6, 10, 4, 0, 8, 15, 12, 13, 7, 16]|FA=[2, 1, 0, 2, 2, 0, 0, 0, 0, 1, 0, 1, 1, 1, 0, 1, 1, 0, 2, 2]|MA=[1, 0, 0, 0, 1, 0, 0, 2, 3, 1, 3, 1, 0, 0, 3, 1, 1, 3, 0, 0]|WA=[1, 1, 1, 1, 0, 1, 1, 1, 1, 0, 1, 0, 1, 1, 1, 0, 0, 2, 1, 1]@[184.04877608420767,8948.985569755834,11918.987678987676];
GROUP:g=8,name=G2_TEC,members=JS=[13, 10, 2, 9, 12, 18, 17, 19, 11, 16, 3, 14, 7, 6, 5, 0, 1, 4, 8, 15]|FA=[1, 1, 0, 2, 0, 0, 0, 2, 0, 0, 1, 2, 1, 1, 1, 1, 0, 0, 2, 1]|MA=[1, 1, 3, 0, 2, 3, 3, 0, 3, 0, 1, 1, 1, 1, 1, 0, 3, 3, 0, 1]|WA=[1, 1, 2, 0, 1, 1, 1, 0, 0, 1, 1, 1, 0, 0, 0, 1, 1, 2, 0, 0]@[308.4557592926395,8390.396675272406,12038.100233100233];JS=[11, 19, 14, 2, 9, 5, 1, 17, 18, 3, 6, 10, 4, 0, 8, 15, 12, 13, 7, 16]|FA=[2, 1, 0, 2, 2, 0, 0, 0, 0, 1, 0, 1, 1, 1, 0, 1, 1, 0, 2, 2]|MA=[1, 0, 0, 0, 1, 0, 0, 2, 3, 1, 3, 1, 0, 0, 3, 1, 1, 3, 0, 0]|WA=[1, 1, 1, 1, 0, 1, 1, 1, 1, 0, 1, 0, 1, 1, 1, 0, 0, 2, 1, 1]@[184.04877608420767,8948.985569755834,11918.987678987676];
GROUP:g=8,name=G3_TWC,members=JS=[13, 14, 7, 12, 3, 2, 15, 17, 9, 16, 11, 4, 5, 1, 10, 0, 18, 8, 6, 19]|FA=[0, 1, 2, 2, 2, 2, 2, 2, 2, 2, 2, 1, 0, 1, 2, 1, 1, 0, 2, 2]|MA=[0, 1, 0, 0, 0, 1, 0, 1, 1, 0, 0, 1, 3, 1, 0, 0, 0, 0, 0, 1]|WA=[1, 1, 1, 1, 0, 0, 0, 1, 1, 1, 1, 1, 1, 0, 0, 0, 1, 1, 0, 0]@[410.01859574547404,11169.101594402651,11437.355977355974];JS=[13, 14, 7, 12, 3, 15, 2, 17, 9, 11, 4, 5, 1, 10, 0, 18, 8, 6, 19, 16]|FA=[0, 1, 2, 2, 2, 2, 2, 2, 2, 2, 1, 0, 1, 2, 1, 1, 0, 2, 2, 2]|MA=[0, 1, 0, 0, 0, 0, 1, 1, 1, 0, 1, 3, 1, 0, 0, 0, 0, 0, 1, 0]|WA=[1, 1, 0, 1, 0, 0, 0, 1, 1, 1, 1, 1, 0, 0, 0, 1, 1, 0, 0, 1]@[390.9072801411793,11058.43985030343,11510.537795537792];
GROUP:g=8,name=G4_CENTER,members=JS=[11, 19, 14, 2, 9, 5, 1, 17, 18, 3, 6, 10, 4, 0, 8, 15, 12, 13, 7, 16]|FA=[2, 1, 0, 2, 2, 0, 0, 0, 0, 1, 0, 1, 1, 1, 0, 1, 1, 0, 2, 2]|MA=[1, 0, 0, 0, 1, 0, 0, 2, 3, 1, 3, 1, 0, 0, 3, 1, 1, 3, 0, 0]|WA=[1, 1, 1, 1, 0, 1, 1, 1, 1, 0, 1, 0, 1, 1, 1, 0, 0, 2, 1, 1]@[184.04877608420767,8948.985569755834,11918.987678987676];JS=[13, 10, 2, 8, 9, 15, 1, 17, 5, 3, 12, 19, 7, 0, 4, 14, 18, 6, 16, 11]|FA=[2, 1, 0, 2, 2, 1, 0, 2, 2, 0, 1, 0, 0, 1, 1, 1, 0, 0, 2, 2]|MA=[1, 1, 0, 0, 0, 1, 1, 1, 0, 0, 1, 1, 1, 1, 0, 1, 3, 0, 1, 0]|WA=[0, 1, 1, 1, 1, 1, 2, 0, 1, 1, 1, 1, 1, 1, 1, 0, 1, 2, 1, 0]@[183.09449541205657,9242.884527144995,12121.037296037295];JS=[13, 10, 2, 9, 12, 18, 17, 19, 11, 16, 3, 14, 7, 6, 5, 0, 1, 4, 8, 15]|FA=[1, 1, 0, 2, 0, 0, 0, 2, 0, 0, 1, 2, 1, 1, 1, 1, 0, 0, 2, 1]|MA=[1, 1, 3, 0, 2, 3, 3, 0, 3, 0, 1, 1, 1, 1, 1, 0, 3, 3, 0, 1]|WA=[1, 1, 2, 0, 1, 1, 1, 0, 0, 1, 1, 1, 0, 0, 0, 1, 1, 2, 0, 0]@[308.4557592926395,8390.396675272406,12038.100233100233];JS=[13, 10, 2, 9, 8, 15, 1, 17, 16, 6, 18, 14, 4, 0, 7, 19, 12, 3, 5, 11]|FA=[2, 1, 0, 2, 2, 0, 0, 2, 2, 1, 0, 1, 1, 1, 0, 1, 1, 0, 2, 2]|MA=[1, 1, 0, 0, 0, 3, 1, 1, 1, 0, 3, 1, 0, 1, 1, 1, 1, 0, 0, 0]|WA=[0, 1, 1, 1, 0, 1, 1, 0, 1, 1, 1, 0, 1, 1, 0, 0, 1, 1, 1, 0]@[270.28146328227,9926.817348363653,11914.698634698632];
OP:JS_INITIAL_SWAP:12:2
OP:JS_GUIDE:PBEST:r=0.3597557212150262:pairs=[(1,15), (2,9), (3,11), (4,11), (5,6), (6,7), (7,10), (8,17), (9,18), (10,16), (11,15), (12,14), (13,18), (14,15), (15,16), (17,18)]
OP:JS_GUIDE:QGBEST:r=0.13010318828669545:pairs=[(1,15), (2,12), (3,4), (4,11), (5,6), (9,12)]
OP:REPAIR:MA:7:3:1:[0,1]
OP:REPAIR:MA:8:3:0:[0,1]
OP:REPAIR:MA:10:3:1:[0,1]
OP:WA_MUTATE:7:0:1
OP:JS_INITIAL_SWAP:1:15
OP:JS_GUIDE:PBEST:r=0.5278139465646191:pairs=[(0,17), (1,2), (2,9), (3,15), (4,14), (5,6), (6,7), (7,16), (8,10), (9,19), (13,18), (15,19), (16,19), (17,18), (18,19)]
OP:JS_GUIDE:QGBEST:r=0.5184661649652084:pairs=[(1,11), (2,15), (3,4), (4,14), (5,9), (6,9), (7,9), (8,9), (9,15), (10,16), (11,14), (12,18), (14,18), (15,18), (16,18), (17,18), (18,19)]
OP:REPAIR:MA:7:2:1:[0,1]
OP:REPAIR:MA:8:3:1:[0,1]
Q:g=8,group=G1_CMAX,round=0,state=0,action=3,reward=-50.026278685751734,nextState=1,phase=BEFORE_LOCAL_SEARCH
OP:JS_INITIAL_SWAP:2:19
OP:JS_GUIDE:PBEST:r=0.5625831154372453:pairs=[(2,19), (6,7), (7,10), (8,17), (9,18), (10,16), (11,15), (12,14), (13,18), (14,15), (15,16), (17,18)]
OP:JS_GUIDE:QGBEST:r=0.008179617062258449:pairs=[(3,19), (4,19), (5,16), (6,16), (7,16), (8,19), (9,14), (10,14), (11,13), (12,15), (13,18), (14,16), (15,19), (17,19)]
OP:REPAIR:MA:8:3:0:[0,1]
OP:REPAIR:WA:7:2:1:[0,1]
OP:JS_INITIAL_SWAP:9:6
OP:JS_GUIDE:PBEST:r=0.34112158575788337:pairs=[(1,11), (2,15), (3,14), (4,14), (5,9), (6,7), (7,16), (8,10), (9,19), (10,16), (13,18), (15,19), (16,19), (17,18), (18,19)]
OP:JS_GUIDE:QGBEST:r=0.2823131292060546:pairs=[(3,17), (4,17), (5,9), (6,9), (8,17), (9,12), (10,19), (11,13), (12,13), (13,18), (14,16), (15,19), (16,18), (17,19)]
OP:REPAIR:WA:7:2:0:[0,1]
OP:REPAIR:WA:13:2:1:[0,1]
OP:WA_MUTATE:5:1:0
Q:g=8,group=G1_CMAX,round=1,state=1,action=2,reward=-12.18228451171079,nextState=1,phase=BEFORE_LOCAL_SEARCH
OP:JS_INITIAL_SWAP:17:0
OP:JS_GUIDE:PBEST:r=0.4354337465795722:pairs=[(0,10), (1,11), (2,17), (3,8), (4,14), (5,18), (6,19), (7,19), (9,10), (10,11), (11,13), (12,17), (13,15), (14,19), (15,19), (18,19)]
OP:JS_GUIDE:QGBEST:r=0.39375274888606737:pairs=[(4,8), (5,19), (6,10), (7,10), (8,19), (9,16), (10,17), (11,13), (12,13), (13,15), (14,17), (15,17), (16,18), (17,19)]
OP:JS_INITIAL_SWAP:14:8
OP:JS_GUIDE:PBEST:r=0.5745233785947255:pairs=[(0,17), (1,2), (2,9), (3,17), (5,18), (9,12), (10,19), (11,12), (13,15), (14,16), (18,19)]
OP:JS_GUIDE:QGBEST:r=0.4485601684428819:pairs=[(0,2), (5,15), (6,9), (10,17), (11,17), (12,17), (14,17), (15,16), (16,17), (17,18), (18,19)]
OP:REPAIR:MA:9:2:0:[0,1]
OP:REPAIR:MA:11:3:0:[0,1]
OP:REPAIR:MA:9:2:1:[0,1]
OP:WA_MUTATE:8:1:0
Q:g=8,group=G2_TEC,round=0,state=0,action=2,reward=-155.40900494681318,nextState=1,phase=BEFORE_LOCAL_SEARCH
OP:JS_INITIAL_SWAP:15:9
OP:JS_GUIDE:PBEST:r=0.039911936853979535:pairs=[(9,15)]
OP:JS_GUIDE:QGBEST:r=0.5877776257377795:pairs=[(9,15)]
OP:JS_INITIAL_SWAP:19:2
OP:JS_GUIDE:PBEST:r=0.357868780937672:pairs=[(0,19), (2,19), (5,15), (6,9), (10,19), (11,12), (13,15), (14,16), (17,19), (18,19)]
OP:JS_GUIDE:QGBEST:r=0.20572173241352756:pairs=[(0,2), (5,15), (9,19), (10,12), (12,15), (13,17), (14,16), (15,17), (16,19), (18,19)]
OP:REPAIR:WA:9:2:1:[0,1]
OP:REPAIR:WA:16:2:0:[0,1]
Q:g=8,group=G2_TEC,round=1,state=1,action=3,reward=81.03438651642273,nextState=0,phase=BEFORE_LOCAL_SEARCH
OP:JS_INITIAL_SWAP:12:3
OP:JS_GUIDE:PBEST:r=0.28747934666957586:pairs=[(1,3), (3,12), (5,6), (6,11), (9,10), (11,12), (12,17), (13,14), (14,15), (15,16), (16,17), (17,18), (18,19)]
OP:JS_GUIDE:QGBEST:r=0.16116653367156028:pairs=[(1,12), (5,6)]
OP:MA_MUTATE:15:0:0
OP:WA_MUTATE:0:1:0
OP:JS_INITIAL_SWAP:18:2
OP:JS_GUIDE:PBEST:r=0.38679821814709614:pairs=[(1,11), (2,18), (6,10), (10,19), (12,16), (16,19)]
OP:JS_GUIDE:QGBEST:r=0.5935654491922576:pairs=[(1,11), (5,6), (9,19), (10,19), (11,19), (12,19), (13,19), (14,19), (15,19), (16,19), (17,19), (18,19)]
OP:MA_MUTATE:14:0:0
Q:g=8,group=G3_TWC,round=0,state=0,action=3,reward=-11.759906759907608,nextState=1,phase=BEFORE_LOCAL_SEARCH
OP:JS_INITIAL_SWAP:15:7
OP:JS_GUIDE:PBEST:r=0.26497551328272106:pairs=[(6,11), (7,15), (9,10), (11,12), (12,17), (13,14), (14,15), (15,16), (16,17), (17,18), (18,19)]
OP:JS_GUIDE:QGBEST:r=0.4585744094034231:pairs=[(6,11)]
OP:JS_INITIAL_SWAP:18:16
OP:JS_GUIDE:PBEST:r=0.5671907680242397:pairs=[(1,12), (5,6), (6,11), (9,10), (11,12), (12,18), (13,19), (16,18)]
OP:JS_GUIDE:QGBEST:r=0.22190121455239173:pairs=[(6,11), (9,10), (14,19), (15,19), (16,19), (17,18)]
OP:REPAIR:MA:11:3:0:[0,1]
OP:REPAIR:MA:11:3:1:[0,1]
OP:WA_MUTATE:14:0:1
Q:g=8,group=G3_TWC,round=1,state=1,action=3,reward=-93.05527805527709,nextState=1,phase=BEFORE_LOCAL_SEARCH
OP:JS_INITIAL_SWAP:13:18
OP:JS_GUIDE:PBEST:r=0.40886931609956856:pairs=[(1,17), (2,5), (3,4), (4,12), (5,16), (6,14), (8,15), (9,13), (10,19), (11,17), (12,17), (15,18), (16,18), (18,19)]
OP:JS_GUIDE:QGBEST:r=0.5455702044668459:pairs=[(6,14), (8,15), (9,13), (10,19), (11,17), (12,17), (15,18), (16,18), (18,19)]
OP:FA_MUTATE:4:2:1
OP:FA_SYNC_MA:4:1:1
OP:FA_SYNC_WA:4:0:1
OP:JS_INITIAL_SWAP:10:19
OP:JS_GUIDE:PBEST:r=0.005831222034522865:pairs=[(0,10), (1,10), (2,8), (3,4), (4,14), (5,19), (6,14), (8,19), (9,12), (10,18), (12,18), (13,18), (15,18), (17,19), (18,19)]
OP:JS_GUIDE:QGBEST:r=0.17717990522044028:pairs=[(0,10), (1,10), (2,8), (3,4), (4,14), (5,19), (6,14), (8,19), (9,12), (10,18), (12,18), (13,18), (15,18), (17,19), (18,19)]
OP:JS_INITIAL_SWAP:8:1
OP:JS_GUIDE:PBEST:r=0.4617298826564068:pairs=[(0,10), (1,11), (2,10), (3,11), (4,14), (5,18), (6,19), (7,19), (8,11), (9,17), (10,11), (11,13), (12,13), (13,15), (14,19), (15,19), (17,19), (18,19)]
OP:JS_GUIDE:QGBEST:r=0.13142075205340067:pairs=[(0,3), (1,2), (2,4), (3,11), (4,17), (5,14), (6,14), (8,14), (9,12), (10,12), (11,19), (12,14), (13,19), (14,16), (16,18), (17,18), (18,19)]
OP:REPAIR:MA:8:3:1:[0,1]
OP:FA_MUTATE:0:1:2
OP:FA_SYNC_MA:0:1:1
OP:FA_SYNC_WA:0:1:0
OP:MA_MUTATE:17:3:1
OP:JS_INITIAL_SWAP:8:14
OP:JS_GUIDE:PBEST:r=0.1327812207490191:pairs=[(0,19), (1,19), (2,18), (4,12), (5,16), (6,12), (8,16), (9,16), (10,14), (11,15), (12,19), (13,17), (14,19), (15,17), (16,19), (17,18), (18,19)]
OP:JS_GUIDE:QGBEST:r=0.5186786157666478:pairs=[(2,18), (4,12), (5,16), (6,12), (8,16), (9,16), (10,14), (11,15), (12,19), (13,17), (14,19), (15,17), (16,19), (17,18), (18,19)]
OP:REPAIR:WA:16:2:1:[0,1]
OP:WA_MUTATE:11:1:0
Q:g=8,group=G4_CENTER,round=0,state=0,action=2,reward=-0.20745716228514083,nextState=1,phase=BEFORE_LOCAL_SEARCH
OP:JS_INITIAL_SWAP:7:11
OP:JS_GUIDE:PBEST:r=0.4037261277374434:pairs=[(1,17), (2,16), (3,12), (4,12), (5,16), (6,14), (7,11), (8,15), (9,13), (10,19), (13,18)]
OP:JS_GUIDE:QGBEST:r=0.19922802395053732:pairs=[(1,17), (2,3), (3,6), (5,8), (6,14), (7,11), (8,16), (9,13), (10,11), (11,17), (12,13), (13,18), (14,18), (15,18), (16,18), (17,19), (18,19)]
OP:JS_INITIAL_SWAP:19:12
OP:JS_GUIDE:PBEST:r=0.5363744701780916:pairs=[(0,1), (1,15), (2,9), (3,15), (5,19), (8,15), (9,14), (10,18), (12,18), (13,19), (14,18), (15,19), (17,18)]
OP:JS_GUIDE:QGBEST:r=0.38343387361578746:pairs=[(0,3), (1,3), (2,9), (3,8), (5,19), (8,15), (12,19)]
OP:JS_INITIAL_SWAP:8:19
OP:JS_GUIDE:PBEST:r=0.3452639849696913:pairs=[(0,1), (1,19), (2,10), (3,11), (4,14), (5,18), (6,7), (7,8), (8,19), (10,11), (12,13), (13,14), (14,15), (15,16), (16,17)]
OP:JS_GUIDE:QGBEST:r=0.1497444978755497:pairs=[(0,19), (1,19), (3,5), (4,5), (5,6), (6,16), (8,14), (9,11), (10,19), (11,14), (13,15), (14,17), (15,19), (16,18), (17,19), (18,19)]
OP:WA_MUTATE:19:0:0
OP:JS_INITIAL_SWAP:8:16
OP:JS_GUIDE:PBEST:r=0.1684333794538093:pairs=[(0,1), (1,11), (2,17), (3,11), (4,11), (5,9), (6,12), (8,12), (9,11), (11,15), (12,19), (13,16), (14,15), (15,16), (17,18), (18,19)]
OP:JS_GUIDE:QGBEST:r=0.28985634381291003:pairs=[(0,11), (1,11), (2,18), (3,6), (4,6), (5,16), (6,12), (8,18), (9,17), (10,19), (11,15), (12,17), (14,17), (16,17), (17,18), (18,19)]
OP:WA_MUTATE:11:1:1
Q:g=8,group=G4_CENTER,round=1,state=1,action=3,reward=-0.04510158255984868,nextState=1,phase=BEFORE_LOCAL_SEARCH
LS:g=8,op=CRITICAL_FACTORY_SWAP,accepted=true,fe=1071,before=[225.51928342247268,9666.6344707936,12329.242424242422],after=[206.41084534797466,9677.108584537258,12255.18648018648]
LS:g=8,op=CRITICAL_FACTORY_INSERT,accepted=true,fe=1072,before=[206.41084534797466,9677.108584537258,12255.18648018648],after=[203.3492370897363,9804.374357163713,12254.731934731934]
LS:g=8,op=O1_JS_INSERT,accepted=false,fe=1073,before=[203.3492370897363,9804.374357163713,12254.731934731934],after=[236.20117569457804,9877.553793512605,12247.156177156176]
LS:g=8,op=O2_JS_REVERSE,accepted=false,fe=1074,before=[203.3492370897363,9804.374357163713,12254.731934731934],after=[223.26736835208894,10034.41602331105,12179.731934731932]
LS:g=8,op=O3_JS_SWAP,accepted=true,fe=1075,before=[203.3492370897363,9804.374357163713,12254.731934731934],after=[196.72611468142668,9899.819236951702,12232.004662004661]
LS:g=8,op=O4_WA_LOAD_TRANSFER,accepted=false,fe=1076,before=[196.72611468142668,9899.819236951702,12232.004662004661],after=[255.6737902455726,10326.380306865543,12215.18648018648]
LS:g=8,op=O5_WA_WEAK_TO_STRONG,accepted=false,fe=1077,before=[196.72611468142668,9899.819236951702,12232.004662004661],after=[209.8394137024975,10016.16364384851,12143.519813519812]
LS:g=8,op=O6_WA_SWAP,accepted=true,fe=1078,before=[196.72611468142668,9899.819236951702,12232.004662004661],after=[196.72611468142668,9899.819236951702,12232.004662004661]
LS:g=8,op=O7_MA_LOAD_TRANSFER,accepted=true,fe=1079,before=[196.72611468142668,9899.819236951702,12232.004662004661],after=[196.72611468142668,9994.415111572425,12232.004662004661]
LS:g=8,op=O8_MA_WEAK_TO_STRONG,accepted=true,fe=1080,before=[196.72611468142668,9994.415111572425,12232.004662004661],after=[196.72611468142668,9994.415111572425,12232.004662004661]
LS:g=8,op=O9_MA_SWAP,accepted=true,fe=1081,before=[196.72611468142668,9994.415111572425,12232.004662004661],after=[196.72611468142668,9994.415111572425,12232.004662004661]
LS:g=8,op=CRITICAL_FACTORY_SWAP,accepted=false,fe=1082,before=[266.0411144687166,10077.073754259292,12003.704628704629],after=[296.5614933622651,10163.046165520867,11899.042624042622]
LS:g=8,op=CRITICAL_FACTORY_INSERT,accepted=true,fe=1083,before=[266.0411144687166,10077.073754259292,12003.704628704629],after=[260.69331821281503,10146.294027879207,12087.620712620714]
LS:g=8,op=O1_JS_INSERT,accepted=true,fe=1084,before=[260.69331821281503,10146.294027879207,12087.620712620714],after=[247.2753418822154,9849.391314481425,12102.77222777223]
LS:g=8,op=O2_JS_REVERSE,accepted=true,fe=1085,before=[247.2753418822154,9849.391314481425,12102.77222777223],after=[239.79141963934913,9975.664179154877,12146.863136863136]
LS:g=8,op=O3_JS_SWAP,accepted=true,fe=1086,before=[239.79141963934913,9975.664179154877,12146.863136863136],after=[239.79141963934913,9975.664179154877,12146.863136863136]
LS:g=8,op=O4_WA_LOAD_TRANSFER,accepted=true,fe=1087,before=[239.79141963934913,9975.664179154877,12146.863136863136],after=[223.86033699559312,9814.106435702439,12270.347985347984]
LS:g=8,op=O5_WA_WEAK_TO_STRONG,accepted=true,fe=1088,before=[223.86033699559312,9814.106435702439,12270.347985347984],after=[216.99697707956005,9638.634358279845,12270.347985347984]
LS:g=8,op=O6_WA_SWAP,accepted=true,fe=1089,before=[216.99697707956005,9638.634358279845,12270.347985347984],after=[216.99697707956005,9638.634358279845,12270.347985347984]
LS:g=8,op=O7_MA_LOAD_TRANSFER,accepted=false,fe=1090,before=[216.99697707956005,9638.634358279845,12270.347985347984],after=[239.79141963934913,9870.703274752219,12146.863136863136]
LS:g=8,op=O8_MA_WEAK_TO_STRONG,accepted=true,fe=1091,before=[216.99697707956005,9638.634358279845,12270.347985347984],after=[216.99697707956005,9638.634358279845,12270.347985347984]
LS:g=8,op=O9_MA_SWAP,accepted=true,fe=1092,before=[216.99697707956005,9638.634358279845,12270.347985347984],after=[216.99697707956005,9638.634358279845,12270.347985347984]
LS:g=8,op=CRITICAL_FACTORY_SWAP,accepted=false,fe=1093,before=[318.3697440703469,8065.500179499791,12035.168165168165],after=[258.98739628214247,8384.705583250341,12004.440559440558]
LS:g=8,op=CRITICAL_FACTORY_INSERT,accepted=false,fe=1094,before=[318.3697440703469,8065.500179499791,12035.168165168165],after=[295.5487613187431,8294.875265433519,11959.37062937063]
LS:g=8,op=O1_JS_INSERT,accepted=true,fe=1095,before=[318.3697440703469,8065.500179499791,12035.168165168165],after=[318.3697440703469,8049.489504282536,12035.168165168165]
LS:g=8,op=O2_JS_REVERSE,accepted=false,fe=1096,before=[318.3697440703469,8049.489504282536,12035.168165168165],after=[299.35123481465706,8072.807730935122,12035.168165168165]
LS:g=8,op=O3_JS_SWAP,accepted=true,fe=1097,before=[318.3697440703469,8049.489504282536,12035.168165168165],after=[318.3697440703469,8049.489504282536,12035.168165168165]
LS:g=8,op=O4_WA_LOAD_TRANSFER,accepted=true,fe=1098,before=[318.3697440703469,8049.489504282536,12035.168165168165],after=[318.3697440703469,8049.489504282536,12035.168165168165]
LS:g=8,op=O5_WA_WEAK_TO_STRONG,accepted=false,fe=1099,before=[318.3697440703469,8049.489504282536,12035.168165168165],after=[311.4990553660208,8058.34168432633,11977.825507825506]
LS:g=8,op=O6_WA_SWAP,accepted=false,fe=1100,before=[318.3697440703469,8049.489504282536,12035.168165168165],after=[330.32334023450596,8172.897427808953,11989.713619713619]
LS:g=8,op=O7_MA_LOAD_TRANSFER,accepted=false,fe=1101,before=[318.3697440703469,8049.489504282536,12035.168165168165],after=[295.5487613187431,8220.836361060636,12020.3663003663]
LS:g=8,op=O8_MA_WEAK_TO_STRONG,accepted=true,fe=1102,before=[318.3697440703469,8049.489504282536,12035.168165168165],after=[369.36368280258273,7896.712831228958,11986.450216450216]
LS:g=8,op=O9_MA_SWAP,accepted=true,fe=1103,before=[369.36368280258273,7896.712831228958,11986.450216450216],after=[369.36368280258273,7896.712831228958,11986.450216450216]
LS:g=8,op=CRITICAL_FACTORY_SWAP,accepted=false,fe=1104,before=[218.96797362338071,9422.63130238923,12160.644355644356],after=[218.96797362338071,9512.558928854094,12131.786546786547]
LS:g=8,op=CRITICAL_FACTORY_INSERT,accepted=true,fe=1105,before=[218.96797362338071,9422.63130238923,12160.644355644356],after=[219.40711461024605,9405.483152353132,12134.28071928072]
LS:g=8,op=O1_JS_INSERT,accepted=true,fe=1106,before=[219.40711461024605,9405.483152353132,12134.28071928072],after=[233.64582149495106,9274.801323357085,12240.947385947386]
LS:g=8,op=O2_JS_REVERSE,accepted=true,fe=1107,before=[233.64582149495106,9274.801323357085,12240.947385947386],after=[233.64582149495106,9274.801323357085,12240.947385947386]
LS:g=8,op=O3_JS_SWAP,accepted=true,fe=1108,before=[233.64582149495106,9274.801323357085,12240.947385947386],after=[233.64582149495106,9251.147614220532,12236.098901098901]
LS:g=8,op=O4_WA_LOAD_TRANSFER,accepted=false,fe=1109,before=[233.64582149495106,9251.147614220532,12236.098901098901],after=[219.40711461024605,9468.502836615611,12236.098901098901]
LS:g=8,op=O5_WA_WEAK_TO_STRONG,accepted=true,fe=1110,before=[233.64582149495106,9251.147614220532,12236.098901098901],after=[233.64582149495106,9251.147614220532,12236.098901098901]
LS:g=8,op=O6_WA_SWAP,accepted=true,fe=1111,before=[233.64582149495106,9251.147614220532,12236.098901098901],after=[233.64582149495106,9251.147614220532,12236.098901098901]
LS:g=8,op=O7_MA_LOAD_TRANSFER,accepted=true,fe=1112,before=[233.64582149495106,9251.147614220532,12236.098901098901],after=[233.64582149495106,9094.586982347197,12236.098901098901]
LS:g=8,op=O8_MA_WEAK_TO_STRONG,accepted=true,fe=1113,before=[233.64582149495106,9094.586982347197,12236.098901098901],after=[233.64582149495106,9094.586982347197,12236.098901098901]
LS:g=8,op=O9_MA_SWAP,accepted=false,fe=1114,before=[233.64582149495106,9094.586982347197,12236.098901098901],after=[233.64582149495106,9230.338038708376,12236.098901098901]
LS:g=8,op=CRITICAL_FACTORY_SWAP,accepted=false,fe=1115,before=[428.13165479039026,11268.38596553111,11432.670662670656],after=[336.77465424297424,10585.064951176611,11532.04462204462]
LS:g=8,op=CRITICAL_FACTORY_INSERT,accepted=true,fe=1116,before=[428.13165479039026,11268.38596553111,11432.670662670656],after=[428.13165479039026,11532.855746313893,11426.610056610052]
LS:g=8,op=O1_JS_INSERT,accepted=false,fe=1117,before=[428.13165479039026,11532.855746313893,11426.610056610052],after=[420.1357723041401,11293.66497998335,11427.216117216112]
LS:g=8,op=O2_JS_REVERSE,accepted=false,fe=1118,before=[428.13165479039026,11532.855746313893,11426.610056610052],after=[420.1357723041401,11017.164065036683,11478.078588078584]
LS:g=8,op=O3_JS_SWAP,accepted=false,fe=1119,before=[428.13165479039026,11532.855746313893,11426.610056610052],after=[385.3952111211296,11183.374266702609,11516.307026307022]
LS:g=8,op=O4_WA_LOAD_TRANSFER,accepted=false,fe=1120,before=[428.13165479039026,11532.855746313893,11426.610056610052],after=[320.89989617963977,10607.694315370885,11516.155511155506]
LS:g=8,op=O5_WA_WEAK_TO_STRONG,accepted=false,fe=1121,before=[428.13165479039026,11532.855746313893,11426.610056610052],after=[325.56655540249864,10723.796771925136,11520.852480852478]
LS:g=8,op=O6_WA_SWAP,accepted=false,fe=1122,before=[428.13165479039026,11532.855746313893,11426.610056610052],after=[343.57986000273377,11123.089873653116,11533.579753579748]
LS:g=8,op=O7_MA_LOAD_TRANSFER,accepted=false,fe=1123,before=[428.13165479039026,11532.855746313893,11426.610056610052],after=[414.30515830915886,11308.131029482487,11487.822177822172]
LS:g=8,op=O8_MA_WEAK_TO_STRONG,accepted=true,fe=1124,before=[428.13165479039026,11532.855746313893,11426.610056610052],after=[428.13165479039026,11532.855746313893,11426.610056610052]
LS:g=8,op=O9_MA_SWAP,accepted=true,fe=1125,before=[428.13165479039026,11532.855746313893,11426.610056610052],after=[428.13165479039026,11532.855746313893,11426.610056610052]
LS:g=8,op=CRITICAL_FACTORY_SWAP,accepted=false,fe=1126,before=[299.0662762907526,10545.494066357274,11724.853479853478],after=[313.353017434046,10256.92810949022,11766.844821844821]
LS:g=8,op=CRITICAL_FACTORY_INSERT,accepted=false,fe=1127,before=[299.0662762907526,10545.494066357274,11724.853479853478],after=[297.2087483604795,10573.365208081423,11760.750915750914]
LS:g=8,op=O1_JS_INSERT,accepted=true,fe=1128,before=[299.0662762907526,10545.494066357274,11724.853479853478],after=[346.1860915151763,10823.468284456761,11645.156510156508]
LS:g=8,op=O2_JS_REVERSE,accepted=true,fe=1129,before=[346.1860915151763,10823.468284456761,11645.156510156508],after=[346.1860915151763,10692.89643596599,11511.823176823174]
LS:g=8,op=O3_JS_SWAP,accepted=false,fe=1130,before=[346.1860915151763,10692.89643596599,11511.823176823174],after=[346.8843994182688,10901.352048363766,11655.762570762568]
LS:g=8,op=O4_WA_LOAD_TRANSFER,accepted=false,fe=1131,before=[346.1860915151763,10692.89643596599,11511.823176823174],after=[346.1860915151763,11030.200031464012,11575.308025308022]
LS:g=8,op=O5_WA_WEAK_TO_STRONG,accepted=false,fe=1132,before=[346.1860915151763,10692.89643596599,11511.823176823174],after=[315.3137666859129,10792.032209907647,11577.88378288378]
LS:g=8,op=O6_WA_SWAP,accepted=false,fe=1133,before=[346.1860915151763,10692.89643596599,11511.823176823174],after=[294.8026698092502,10432.968717850477,11695.459540459538]
LS:g=8,op=O7_MA_LOAD_TRANSFER,accepted=false,fe=1134,before=[346.1860915151763,10692.89643596599,11511.823176823174],after=[319.79005277828,11037.836854497617,11540.459540459538]
LS:g=8,op=O8_MA_WEAK_TO_STRONG,accepted=true,fe=1135,before=[346.1860915151763,10692.89643596599,11511.823176823174],after=[346.1860915151763,10692.89643596599,11511.823176823174]
LS:g=8,op=O9_MA_SWAP,accepted=true,fe=1136,before=[346.1860915151763,10692.89643596599,11511.823176823174],after=[346.1860915151763,10692.89643596599,11511.823176823174]
LS:g=8,op=CRITICAL_FACTORY_SWAP,accepted=false,fe=1137,before=[242.2498663218455,9733.735860132485,12059.500499500497],after=[218.69208046220572,9548.959328659492,12155.654345654342]
LS:g=8,op=CRITICAL_FACTORY_INSERT,accepted=false,fe=1138,before=[242.2498663218455,9733.735860132485,12059.500499500497],after=[225.4207408461959,9737.040438845088,12144.442224442222]
LS:g=8,op=O1_JS_INSERT,accepted=true,fe=1139,before=[242.2498663218455,9733.735860132485,12059.500499500497],after=[237.35349911733087,9729.861558671888,12057.169497169494]
LS:g=8,op=O2_JS_REVERSE,accepted=true,fe=1140,before=[237.35349911733087,9729.861558671888,12057.169497169494],after=[237.35349911733087,9729.861558671888,12057.169497169494]
LS:g=8,op=O3_JS_SWAP,accepted=true,fe=1141,before=[237.35349911733087,9729.861558671888,12057.169497169494],after=[233.87791885605543,9724.382244893255,12036.015651015647]
LS:g=8,op=O4_WA_LOAD_TRANSFER,accepted=true,fe=1142,before=[233.87791885605543,9724.382244893255,12036.015651015647],after=[233.87791885605543,9724.382244893255,12036.015651015647]
LS:g=8,op=O5_WA_WEAK_TO_STRONG,accepted=false,fe=1143,before=[233.87791885605543,9724.382244893255,12036.015651015647],after=[226.5106242504813,9613.866663465977,12082.169497169494]
LS:g=8,op=O6_WA_SWAP,accepted=true,fe=1144,before=[233.87791885605543,9724.382244893255,12036.015651015647],after=[233.87791885605543,9724.382244893255,12036.015651015647]
LS:g=8,op=O7_MA_LOAD_TRANSFER,accepted=false,fe=1145,before=[233.87791885605543,9724.382244893255,12036.015651015647],after=[217.20145322465848,9351.731774594364,12074.360639360637]
LS:g=8,op=O8_MA_WEAK_TO_STRONG,accepted=false,fe=1146,before=[233.87791885605543,9724.382244893255,12036.015651015647],after=[217.20145322465848,9351.731774594364,12074.360639360637]
LS:g=8,op=O9_MA_SWAP,accepted=false,fe=1147,before=[233.87791885605543,9724.382244893255,12036.015651015647],after=[273.0562016767591,9605.442240591798,12101.924741924739]
LS:g=8,op=CRITICAL_FACTORY_SWAP,accepted=false,fe=1148,before=[270.1666319701643,10109.937626635248,12018.954378954379],after=[284.2274592367346,10566.822455467163,12158.478188478186]
LS:g=8,op=CRITICAL_FACTORY_INSERT,accepted=true,fe=1149,before=[270.1666319701643,10109.937626635248,12018.954378954379],after=[266.1962718053477,9634.849404673667,12193.093573093573]
LS:g=8,op=O1_JS_INSERT,accepted=true,fe=1150,before=[266.1962718053477,9634.849404673667,12193.093573093573],after=[243.26211649624335,9607.24175903552,12193.093573093573]
LS:g=8,op=O2_JS_REVERSE,accepted=true,fe=1151,before=[243.26211649624335,9607.24175903552,12193.093573093573],after=[243.26211649624335,9607.24175903552,12193.093573093573]
LS:g=8,op=O3_JS_SWAP,accepted=false,fe=1152,before=[243.26211649624335,9607.24175903552,12193.093573093573],after=[243.26211649624335,9657.354753949257,12195.366300366299]
LS:g=8,op=O4_WA_LOAD_TRANSFER,accepted=true,fe=1153,before=[243.26211649624335,9607.24175903552,12193.093573093573],after=[250.62941110181748,9676.500506326309,12173.3966033966]
LS:g=8,op=O5_WA_WEAK_TO_STRONG,accepted=false,fe=1154,before=[250.62941110181748,9676.500506326309,12173.3966033966],after=[243.26211649624335,9607.24175903552,12193.093573093573]
LS:g=8,op=O6_WA_SWAP,accepted=false,fe=1155,before=[250.62941110181748,9676.500506326309,12173.3966033966],after=[257.4650452719378,9735.06811801677,12193.093573093573]
LS:g=8,op=O7_MA_LOAD_TRANSFER,accepted=true,fe=1156,before=[250.62941110181748,9676.500506326309,12173.3966033966],after=[230.51772604679138,9509.498621237957,12172.9304029304]
LS:g=8,op=O8_MA_WEAK_TO_STRONG,accepted=true,fe=1157,before=[230.51772604679138,9509.498621237957,12172.9304029304],after=[230.51772604679138,9469.987271400149,12144.358974358973]
LS:g=8,op=O9_MA_SWAP,accepted=true,fe=1158,before=[230.51772604679138,9469.987271400149,12144.358974358973],after=[230.51772604679138,9469.987271400149,12144.358974358973]
LS:g=8,op=CRITICAL_FACTORY_SWAP,accepted=true,fe=1159,before=[280.28269732466913,10344.128436341913,12060.136530136528],after=[316.62988067647456,10332.42857250261,12053.58974358974]
LS:g=8,op=CRITICAL_FACTORY_INSERT,accepted=false,fe=1160,before=[316.62988067647456,10332.42857250261,12053.58974358974],after=[288.1761488095308,10132.899937524737,12140.949050949048]
LS:g=8,op=O1_JS_INSERT,accepted=true,fe=1161,before=[316.62988067647456,10332.42857250261,12053.58974358974],after=[316.62988067647456,10332.42857250261,12053.58974358974]
LS:g=8,op=O2_JS_REVERSE,accepted=true,fe=1162,before=[316.62988067647456,10332.42857250261,12053.58974358974],after=[316.62988067647456,10332.42857250261,12053.58974358974]
LS:g=8,op=O3_JS_SWAP,accepted=true,fe=1163,before=[316.62988067647456,10332.42857250261,12053.58974358974],after=[335.823989431605,10610.433240894743,11995.407925407922]
LS:g=8,op=O4_WA_LOAD_TRANSFER,accepted=false,fe=1164,before=[335.823989431605,10610.433240894743,11995.407925407922],after=[297.8458427242699,10471.005728192882,12082.680652680649]
LS:g=8,op=O5_WA_WEAK_TO_STRONG,accepted=false,fe=1165,before=[335.823989431605,10610.433240894743,11995.407925407922],after=[307.1656333272969,10322.033510434241,12053.58974358974]
LS:g=8,op=O6_WA_SWAP,accepted=true,fe=1166,before=[335.823989431605,10610.433240894743,11995.407925407922],after=[335.823989431605,10610.433240894743,11995.407925407922]
LS:g=8,op=O7_MA_LOAD_TRANSFER,accepted=true,fe=1167,before=[335.823989431605,10610.433240894743,11995.407925407922],after=[335.823989431605,10456.889690709872,11995.407925407922]
LS:g=8,op=O8_MA_WEAK_TO_STRONG,accepted=true,fe=1168,before=[335.823989431605,10456.889690709872,11995.407925407922],after=[335.823989431605,10456.889690709872,11995.407925407922]
LS:g=8,op=O9_MA_SWAP,accepted=true,fe=1169,before=[335.823989431605,10456.889690709872,11995.407925407922],after=[335.823989431605,10456.889690709872,11995.407925407922]
LS:g=8,op=CRITICAL_FACTORY_SWAP,accepted=false,fe=1170,before=[230.37757667093294,10004.572998240152,11990.362970362967],after=[248.1094096214887,10023.920375875905,12106.633366633365]
LS:g=8,op=CRITICAL_FACTORY_INSERT,accepted=false,fe=1171,before=[230.37757667093294,10004.572998240152,11990.362970362967],after=[230.37757667093294,10023.716685975183,12077.96037296037]
LS:g=8,op=O1_JS_INSERT,accepted=false,fe=1172,before=[230.37757667093294,10004.572998240152,11990.362970362967],after=[283.0816127853058,10517.938581002449,12080.059940059937]
LS:g=8,op=O2_JS_REVERSE,accepted=true,fe=1173,before=[230.37757667093294,10004.572998240152,11990.362970362967],after=[230.37757667093294,10004.572998240152,11990.362970362967]
LS:g=8,op=O3_JS_SWAP,accepted=false,fe=1174,before=[230.37757667093294,10004.572998240152,11990.362970362967],after=[257.89518975466706,10315.208566106186,11965.362970362967]
LS:g=8,op=O4_WA_LOAD_TRANSFER,accepted=false,fe=1175,before=[230.37757667093294,10004.572998240152,11990.362970362967],after=[243.69276534899927,9934.609040037676,11953.99933399933]
LS:g=8,op=O5_WA_WEAK_TO_STRONG,accepted=false,fe=1176,before=[230.37757667093294,10004.572998240152,11990.362970362967],after=[243.69276534899927,9934.609040037676,11953.99933399933]
LS:g=8,op=O6_WA_SWAP,accepted=true,fe=1177,before=[230.37757667093294,10004.572998240152,11990.362970362967],after=[230.37757667093294,10004.572998240152,11990.362970362967]
LS:g=8,op=O7_MA_LOAD_TRANSFER,accepted=false,fe=1178,before=[230.37757667093294,10004.572998240152,11990.362970362967],after=[238.5059402974715,10014.71535229978,12051.575091575087]
LS:g=8,op=O8_MA_WEAK_TO_STRONG,accepted=true,fe=1179,before=[230.37757667093294,10004.572998240152,11990.362970362967],after=[230.37757667093294,10004.572998240152,11990.362970362967]
LS:g=8,op=O9_MA_SWAP,accepted=true,fe=1180,before=[230.37757667093294,10004.572998240152,11990.362970362967],after=[230.37757667093294,10004.572998240152,11990.362970362967]
GENERATION_END:g=8,fe=1180,archive=21
GROUP:g=9,name=G1_CMAX,members=JS=[13, 14, 3, 19, 8, 1, 17, 12, 6, 16, 18, 9, 2, 10, 4, 0, 15, 5, 7, 11]|FA=[2, 1, 1, 2, 2, 1, 0, 2, 2, 0, 0, 0, 1, 1, 1, 1, 0, 0, 2, 2]|MA=[1, 1, 0, 1, 0, 1, 2, 0, 0, 2, 1, 3, 1, 0, 0, 0, 1, 1, 0, 1]|WA=[0, 1, 0, 0, 1, 1, 1, 1, 1, 1, 2, 1, 0, 0, 1, 1, 1, 2, 1, 0]@[196.72611468142668,9994.415111572425,12232.004662004661];JS=[13, 2, 9, 0, 4, 10, 6, 1, 5, 17, 18, 15, 19, 16, 3, 14, 12, 8, 11, 7]|FA=[2, 1, 0, 1, 1, 0, 0, 1, 2, 2, 0, 0, 2, 2, 0, 1, 1, 0, 2, 2]|MA=[1, 1, 1, 1, 1, 1, 1, 0, 0, 1, 1, 1, 0, 0, 1, 1, 1, 3, 1, 0]|WA=[1, 0, 1, 1, 1, 1, 1, 1, 1, 0, 1, 0, 0, 1, 1, 1, 0, 2, 0, 0]@[216.99697707956005,9638.634358279845,12270.347985347984];
GROUP:g=9,name=G2_TEC,members=JS=[3, 14, 13, 11, 9, 15, 4, 17, 8, 1, 2, 10, 19, 0, 18, 7, 12, 6, 5, 16]|FA=[2, 1, 0, 2, 2, 0, 0, 0, 0, 1, 0, 1, 1, 1, 0, 1, 1, 0, 2, 2]|MA=[1, 0, 0, 0, 1, 0, 2, 0, 3, 0, 1, 1, 1, 0, 0, 1, 1, 1, 0, 1]|WA=[1, 1, 1, 1, 1, 1, 1, 1, 2, 1, 1, 1, 0, 1, 1, 1, 0, 2, 1, 1]@[218.96797362338071,9422.63130238923,12160.644355644356];JS=[11, 13, 3, 14, 9, 7, 1, 17, 8, 2, 5, 0, 12, 19, 10, 4, 18, 6, 16, 15]|FA=[2, 1, 0, 2, 2, 1, 0, 2, 2, 0, 1, 1, 0, 0, 1, 1, 0, 0, 0, 2]|MA=[1, 0, 0, 1, 1, 0, 0, 1, 1, 0, 0, 1, 3, 3, 1, 0, 0, 0, 0, 0]|WA=[0, 1, 1, 1, 1, 0, 2, 0, 1, 1, 0, 1, 1, 1, 1, 1, 1, 2, 1, 0]@[230.51772604679138,9469.987271400149,12144.358974358973];
GROUP:g=9,name=G3_TWC,members=JS=[13, 5, 7, 12, 3, 15, 4, 17, 9, 16, 11, 2, 14, 1, 10, 0, 18, 8, 6, 19]|FA=[0, 1, 2, 2, 2, 2, 2, 0, 2, 2, 2, 1, 0, 1, 2, 1, 1, 0, 2, 2]|MA=[0, 1, 0, 0, 0, 1, 0, 3, 1, 0, 0, 1, 3, 1, 0, 0, 0, 0, 0, 1]|WA=[0, 1, 1, 1, 0, 0, 0, 0, 1, 1, 1, 1, 1, 0, 0, 0, 1, 1, 0, 0]@[428.13165479039026,11532.855746313893,11426.610056610052];JS=[13, 5, 7, 12, 3, 15, 2, 11, 9, 8, 17, 16, 4, 14, 1, 0, 18, 19, 6, 10]|FA=[0, 1, 2, 2, 2, 2, 2, 2, 2, 2, 2, 2, 1, 0, 1, 2, 1, 0, 2, 2]|MA=[0, 1, 0, 0, 0, 0, 1, 0, 1, 0, 1, 1, 1, 1, 0, 0, 0, 0, 0, 1]|WA=[1, 1, 1, 1, 0, 0, 0, 1, 1, 0, 1, 1, 1, 0, 0, 1, 1, 1, 0, 1]@[346.1860915151763,10692.89643596599,11511.823176823174];
GROUP:g=9,name=G4_CENTER,members=JS=[11, 13, 2, 8, 4, 12, 9, 17, 6, 7, 16, 14, 1, 0, 18, 19, 15, 3, 10, 5]|FA=[2, 1, 0, 2, 2, 0, 0, 2, 2, 1, 0, 0, 1, 1, 0, 1, 1, 0, 2, 2]|MA=[1, 1, 0, 0, 0, 3, 1, 1, 1, 0, 1, 3, 1, 0, 1, 1, 1, 0, 0, 0]|WA=[0, 1, 1, 1, 0, 1, 1, 1, 0, 0, 1, 1, 1, 1, 1, 1, 1, 0, 0, 1]@[230.37757667093294,10004.572998240152,11990.362970362967];JS=[11, 13, 2, 8, 4, 12, 9, 17, 6, 7, 16, 14, 1, 0, 18, 19, 15, 3, 5, 10]|FA=[2, 1, 0, 2, 2, 0, 0, 2, 2, 1, 0, 0, 1, 1, 0, 1, 1, 0, 2, 2]|MA=[1, 1, 0, 0, 0, 3, 1, 1, 1, 0, 1, 3, 1, 0, 1, 1, 1, 0, 0, 0]|WA=[0, 1, 1, 1, 0, 1, 1, 1, 0, 0, 1, 1, 1, 1, 1, 1, 1, 0, 1, 0]@[230.37757667093294,10004.572998240152,11990.362970362967];JS=[11, 13, 3, 14, 9, 7, 1, 17, 8, 2, 5, 0, 12, 19, 10, 4, 18, 6, 16, 15]|FA=[2, 1, 0, 2, 2, 1, 0, 2, 2, 0, 1, 1, 0, 0, 1, 1, 0, 0, 0, 2]|MA=[1, 0, 0, 1, 1, 0, 0, 1, 1, 0, 0, 1, 3, 3, 1, 0, 0, 0, 0, 0]|WA=[0, 1, 1, 1, 1, 0, 2, 0, 1, 1, 0, 1, 1, 1, 1, 1, 1, 2, 1, 0]@[230.51772604679138,9469.987271400149,12144.358974358973];JS=[11, 3, 2, 8, 9, 14, 10, 15, 7, 16, 17, 4, 13, 1, 12, 18, 5, 19, 0, 6]|FA=[2, 1, 0, 2, 2, 0, 2, 0, 1, 0, 1, 1, 1, 0, 1, 1, 1, 0, 2, 2]|MA=[1, 0, 0, 1, 1, 0, 1, 1, 0, 1, 1, 0, 0, 3, 0, 1, 1, 3, 0, 0]|WA=[1, 1, 1, 1, 1, 1, 1, 1, 0, 1, 1, 0, 1, 1, 1, 0, 0, 2, 1, 1]@[233.87791885605543,9724.382244893255,12036.015651015647];
OP:JS_INITIAL_SWAP:7:19
OP:JS_GUIDE:PBEST:r=0.23892416719989454:pairs=[(7,19), (11,13), (12,14), (13,18), (14,18), (15,16), (16,18), (17,18)]
OP:JS_GUIDE:QGBEST:r=0.5683586633070387:pairs=[(3,19), (4,19), (5,16), (6,16), (7,16), (8,19), (9,14), (10,14), (11,15), (12,13), (13,18), (14,16), (15,19), (17,18), (18,19)]
OP:REPAIR:MA:9:2:0:[0,1]
OP:REPAIR:MA:11:3:1:[0,1]
OP:REPAIR:WA:9:2:1:[0,1]
OP:WA_MUTATE:11:1:0
OP:JS_INITIAL_SWAP:3:12
OP:JS_GUIDE:PBEST:r=0.2702449567809874:pairs=[(1,15), (2,14), (4,17), (5,7), (6,9), (7,16), (8,9), (9,13), (11,16), (12,17), (13,19), (15,16), (18,19)]
OP:JS_GUIDE:QGBEST:r=0.05744465911364396:pairs=[(3,18), (4,18), (5,11), (6,7), (7,9), (8,18), (9,17), (10,13), (11,12), (13,19), (14,16), (15,17), (16,19), (18,19)]
OP:REPAIR:MA:17:3:1:[0,1]
OP:REPAIR:WA:17:2:0:[0,1]
OP:REPAIR:MA:7:3:1:[0,1]
Q:g=9,group=G1_CMAX,round=0,state=0,action=1,reward=-46.49981294032675,nextState=1,phase=BEFORE_LOCAL_SEARCH
OP:JS_INITIAL_SWAP:5:9
OP:JS_GUIDE:PBEST:r=0.31069917880263165:pairs=[(3,4), (4,8), (5,6), (6,7), (7,16), (8,19), (9,10), (10,14), (11,13), (12,16), (13,18), (14,18), (15,18), (17,18)]
OP:JS_GUIDE:QGBEST:r=0.24254990228916218:pairs=[(3,8), (4,8), (5,9), (6,9), (7,9), (11,15), (12,13), (13,18), (14,16), (15,19), (17,18), (18,19)]
OP:REPAIR:WA:9:2:1:[0,1]
OP:JS_INITIAL_SWAP:9:8
OP:JS_GUIDE:PBEST:r=0.043718450847891055:pairs=[(5,7), (6,8), (7,16), (9,13), (11,16), (12,17), (13,19), (15,16), (18,19)]
OP:JS_GUIDE:QGBEST:r=0.26704363628111555:pairs=[(3,18), (4,18), (5,11), (6,7), (7,8), (8,18), (9,17), (10,13), (11,12), (13,19), (14,16), (15,18), (16,19), (17,18), (18,19)]
OP:REPAIR:MA:5:2:0:[0,1]
OP:REPAIR:MA:5:2:0:[0,1]
Q:g=9,group=G1_CMAX,round=1,state=1,action=2,reward=11.260167335444478,nextState=0,phase=BEFORE_LOCAL_SEARCH
OP:JS_INITIAL_SWAP:12:14
OP:JS_GUIDE:PBEST:r=0.3914909127170428:pairs=[(0,2), (5,15), (6,9), (10,19), (11,14), (12,14), (13,15), (14,16), (17,19), (18,19)]
OP:JS_GUIDE:QGBEST:r=0.4442439379886849:pairs=[(0,3), (1,3), (9,10), (10,18), (11,13), (12,16), (13,14), (15,18), (18,19)]
OP:REPAIR:MA:8:3:1:[0,1]
OP:REPAIR:WA:8:2:1:[0,1]
OP:REPAIR:MA:7:3:0:[0,1]
OP:REPAIR:MA:8:3:1:[0,1]
OP:REPAIR:MA:9:2:1:[0,1]
OP:REPAIR:MA:11:3:1:[0,1]
OP:JS_INITIAL_SWAP:2:3
OP:JS_GUIDE:PBEST:r=0.06344937339486509:pairs=[(0,1), (1,2), (2,3), (9,15), (10,18), (11,13), (12,14), (13,19), (15,19), (17,19), (18,19)]
OP:JS_GUIDE:QGBEST:r=0.398439124363972:pairs=[(2,3)]
OP:REPAIR:WA:8:2:1:[0,1]
Q:g=9,group=G2_TEC,round=0,state=0,action=3,reward=-593.6499202923169,nextState=1,phase=BEFORE_LOCAL_SEARCH
OP:JS_INITIAL_SWAP:0:1
OP:JS_GUIDE:PBEST:r=0.5607843413113158:pairs=[(1,3), (9,10), (10,19), (11,14), (12,14), (13,15), (14,16), (17,19), (18,19)]
OP:JS_GUIDE:QGBEST:r=0.14050890157563836:pairs=[(0,3), (1,3), (2,3), (9,19), (10,18), (11,13), (12,16), (14,16), (15,19)]
OP:REPAIR:MA:7:3:0:[0,1]
OP:REPAIR:MA:8:3:0:[0,1]
OP:REPAIR:MA:9:2:0:[0,1]
OP:WA_MUTATE:15:1:0
OP:JS_INITIAL_SWAP:15:15
OP:JS_GUIDE:PBEST:r=0.598849973106702:pairs=[(0,1), (1,2), (2,3), (9,15), (10,18), (11,13), (12,14), (13,19), (15,19), (17,19), (18,19)]
OP:JS_GUIDE:QGBEST:r=0.5096620341789145:pairs=[(0,3), (1,3), (2,3), (9,15), (10,18), (11,13)]
OP:REPAIR:MA:7:3:1:[0,1]
Q:g=9,group=G2_TEC,round=1,state=1,action=3,reward=-182.29473415708344,nextState=1,phase=BEFORE_LOCAL_SEARCH
OP:JS_INITIAL_SWAP:7:19
OP:JS_GUIDE:PBEST:r=0.29260131018176444:pairs=[(7,19), (9,10), (11,12), (12,17), (13,14), (14,15), (15,16), (16,17), (17,18), (18,19)]
OP:JS_GUIDE:QGBEST:r=0.15733825661500728:pairs=[(9,10)]
OP:REPAIR:MA:11:3:1:[0,1]
OP:JS_INITIAL_SWAP:11:15
OP:JS_GUIDE:PBEST:r=0.04311256157679912:pairs=[(6,12), (7,10), (9,10), (10,15), (11,13), (12,15), (13,19), (14,19), (15,16), (17,18)]
OP:JS_GUIDE:QGBEST:r=0.12700665178098117:pairs=[(6,12), (7,10), (9,15), (11,12), (12,13), (13,14), (14,19), (15,19), (17,19)]
OP:REPAIR:MA:11:3:1:[0,1]
OP:MA_MUTATE:18:0:0
Q:g=9,group=G3_TWC,round=0,state=0,action=3,reward=-166.76906426906316,nextState=1,phase=BEFORE_LOCAL_SEARCH
OP:JS_INITIAL_SWAP:15:10
OP:JS_GUIDE:PBEST:r=0.5731907299665233:pairs=[(10,15), (11,12), (12,17), (13,14), (14,15), (15,16), (16,17), (17,18), (18,19)]
OP:JS_GUIDE:QGBEST:r=0.03353220599310103:pairs=[(7,9), (9,12), (10,12), (11,14), (12,17), (13,14), (14,15), (15,17), (17,19)]
OP:REPAIR:MA:11:3:0:[0,1]
OP:JS_INITIAL_SWAP:17:3
OP:JS_GUIDE:PBEST:r=0.06650678533067646:pairs=[(3,17), (7,10), (9,10), (10,15), (11,13), (12,15), (13,19), (14,19), (15,16), (17,18)]
OP:JS_GUIDE:QGBEST:r=0.16756881020607653:pairs=[(3,17)]
OP:MA_MUTATE:9:0:0
Q:g=9,group=G3_TWC,round=1,state=1,action=3,reward=41.65168165168052,nextState=0,phase=BEFORE_LOCAL_SEARCH
OP:JS_INITIAL_SWAP:12:19
OP:JS_GUIDE:PBEST:r=0.23591209255619497:pairs=[(0,1), (1,11), (2,17), (3,11), (4,6), (5,9), (6,19), (8,11), (9,19), (11,15), (12,18), (13,16), (14,19), (15,16), (16,19), (18,19)]
OP:JS_GUIDE:QGBEST:r=0.1948651111541615:pairs=[(0,11), (1,11), (2,17), (4,6), (5,16), (6,19), (8,12), (9,17), (10,18), (11,15), (12,17), (14,19), (16,19)]
OP:REPAIR:MA:5:3:1:[0,1]
OP:REPAIR:MA:7:3:1:[0,1]
OP:JS_INITIAL_SWAP:10:13
OP:JS_GUIDE:PBEST:r=0.38378226874642396:pairs=[(0,1), (1,11), (2,17), (3,11), (4,6), (5,9), (6,12), (8,11), (9,12), (10,13), (11,15), (12,19), (13,16), (14,19), (15,16), (16,19), (18,19)]
OP:JS_GUIDE:QGBEST:r=0.05232954828477227:pairs=[(0,3), (1,3), (2,17), (3,11), (5,16), (6,12), (8,18), (9,17), (10,19), (11,15), (12,16), (13,19), (14,16), (17,18), (18,19)]
OP:REPAIR:MA:7:3:1:[0,1]
OP:REPAIR:MA:8:3:0:[0,1]
OP:REPAIR:MA:9:2:0:[0,1]
OP:REPAIR:WA:8:2:1:[0,1]
OP:REPAIR:WA:9:2:1:[0,1]
OP:WA_MUTATE:14:1:0
OP:JS_INITIAL_SWAP:19:5
OP:JS_GUIDE:PBEST:r=0.4391285297871342:pairs=[(0,1), (1,3), (5,19), (9,15), (10,18), (11,13), (12,14), (13,19), (15,19), (17,19), (18,19)]
OP:JS_GUIDE:QGBEST:r=0.48940695927271227:pairs=[(0,3), (1,3), (2,15), (3,8), (5,19), (8,10), (9,15), (10,14), (11,13), (12,19), (14,15)]
OP:REPAIR:MA:13:3:0:[0,1]
OP:REPAIR:WA:8:2:1:[0,1]
OP:JS_INITIAL_SWAP:9:9
OP:JS_GUIDE:PBEST:r=0.5916077078233504:pairs=[(1,17), (2,5), (3,5), (5,16), (6,13), (7,10), (8,15), (9,17), (10,19), (11,13), (12,13), (13,18), (14,16), (15,19), (17,18), (18,19)]
OP:JS_GUIDE:QGBEST:r=0.3635521679019542:pairs=[(1,12), (2,3), (3,16), (5,19), (8,19), (10,13), (11,12), (12,15), (13,18), (14,15), (15,16), (16,19), (17,18)]
Q:g=9,group=G4_CENTER,round=0,state=0,action=1,reward=-0.04552190418975645,nextState=1,phase=BEFORE_LOCAL_SEARCH
OP:JS_INITIAL_SWAP:5:8
OP:JS_GUIDE:PBEST:r=0.0906468830935967:pairs=[(2,12), (3,6), (5,8), (8,16), (11,15), (12,18), (13,18), (14,19), (15,18), (16,19), (18,19)]
OP:JS_GUIDE:QGBEST:r=0.18857720217781462:pairs=[(2,17), (4,6), (5,16), (6,19), (8,12), (9,17), (10,18), (11,15), (12,17), (14,19), (16,19), (17,19)]
OP:REPAIR:MA:8:3:0:[0,1]
OP:WA_MUTATE:5:1:1
OP:JS_INITIAL_SWAP:9:4
OP:JS_GUIDE:PBEST:r=0.568448095867792:pairs=[(0,3), (1,3), (2,18), (3,9), (4,6), (5,6), (6,11), (8,16), (9,11), (10,13), (11,15), (12,19), (13,18), (14,19), (15,18), (16,19), (18,19)]
OP:JS_GUIDE:QGBEST:r=0.566092310877909:pairs=[(2,17), (3,6), (4,6), (5,8), (6,12), (8,17), (9,18), (10,19), (11,15), (12,18), (13,19), (14,18), (16,18), (17,18), (18,19)]
OP:REPAIR:WA:16:2:1:[0,1]
OP:JS_INITIAL_SWAP:1:1
OP:JS_GUIDE:PBEST:r=0.40245959838291073:pairs=[(2,10), (3,4), (4,9), (5,12), (6,9), (8,12), (9,19), (10,18), (11,13), (12,14), (13,15), (14,19), (17,18)]
OP:JS_GUIDE:QGBEST:r=0.17289920572590625:pairs=[(2,10), (3,6), (4,6), (5,12), (6,9), (8,10), (9,15), (10,14), (11,13), (12,19), (14,15)]
OP:REPAIR:MA:12:3:1:[0,1]
OP:REPAIR:WA:6:2:1:[0,1]
OP:REPAIR:WA:9:2:0:[0,1]
OP:FA_MUTATE:1:2:0
OP:FA_SYNC_MA:1:0:2
OP:FA_SYNC_WA:1:1:2
OP:REPAIR:WA:6:2:0:[0,1]
OP:JS_INITIAL_SWAP:11:5
OP:JS_GUIDE:PBEST:r=0.35749081130888644:pairs=[(2,19), (3,4), (4,5), (5,14), (6,14), (8,11), (9,15), (10,17), (11,12), (12,13), (13,15), (15,18), (16,18), (17,19), (18,19)]
OP:JS_GUIDE:QGBEST:r=0.4206471790096767:pairs=[(2,19), (3,6), (4,6), (5,11), (6,14), (8,19), (10,13), (11,12), (12,15), (13,18), (15,16), (16,19), (17,18)]
OP:REPAIR:MA:13:3:1:[0,1]
OP:REPAIR:WA:6:2:1:[0,1]
Q:g=9,group=G4_CENTER,round=1,state=1,action=1,reward=-0.025851855034993043,nextState=1,phase=BEFORE_LOCAL_SEARCH
LS:g=9,op=CRITICAL_FACTORY_SWAP,accepted=true,fe=1201,before=[256.06682885787325,9049.987281927277,12006.067266067263],after=[243.81162908191226,8929.045029881241,11972.73393273393]
LS:g=9,op=CRITICAL_FACTORY_INSERT,accepted=true,fe=1202,before=[243.81162908191226,8929.045029881241,11972.73393273393],after=[219.65817709628038,9108.86239941481,11894.400599400598]
LS:g=9,op=O1_JS_INSERT,accepted=false,fe=1203,before=[219.65817709628038,9108.86239941481,11894.400599400598],after=[247.3871854535617,9136.591407772092,11894.400599400598]
LS:g=9,op=O2_JS_REVERSE,accepted=true,fe=1204,before=[219.65817709628038,9108.86239941481,11894.400599400598],after=[205.6535868571058,9058.489443059201,11939.155844155843]
LS:g=9,op=O3_JS_SWAP,accepted=true,fe=1205,before=[205.6535868571058,9058.489443059201,11939.155844155843],after=[205.6535868571058,9048.492557810563,11939.155844155843]
LS:g=9,op=O4_WA_LOAD_TRANSFER,accepted=false,fe=1206,before=[205.6535868571058,9048.492557810563,11939.155844155843],after=[244.37961915042115,9209.640384014987,11939.155844155843]
LS:g=9,op=O5_WA_WEAK_TO_STRONG,accepted=true,fe=1207,before=[205.6535868571058,9048.492557810563,11939.155844155843],after=[205.6535868571058,8925.841007140367,11939.155844155843]
LS:g=9,op=O6_WA_SWAP,accepted=false,fe=1208,before=[205.6535868571058,8925.841007140367,11939.155844155843],after=[211.3580099004504,9005.890248632073,11939.155844155843]
LS:g=9,op=O7_MA_LOAD_TRANSFER,accepted=true,fe=1209,before=[205.6535868571058,8925.841007140367,11939.155844155843],after=[205.6535868571058,9204.211904535694,12062.012987012986]
LS:g=9,op=O8_MA_WEAK_TO_STRONG,accepted=true,fe=1210,before=[205.6535868571058,9204.211904535694,12062.012987012986],after=[205.6535868571058,8925.841007140367,11939.155844155843]
LS:g=9,op=O9_MA_SWAP,accepted=false,fe=1211,before=[205.6535868571058,8925.841007140367,11939.155844155843],after=[211.35800990045038,8800.77356500905,11933.661338661337]
LS:g=9,op=CRITICAL_FACTORY_SWAP,accepted=false,fe=1212,before=[228.13555411287803,9776.905586985029,12113.351648351645],after=[233.13399673719678,9358.72931245882,12085.179820179816]
LS:g=9,op=CRITICAL_FACTORY_INSERT,accepted=true,fe=1213,before=[228.13555411287803,9776.905586985029,12113.351648351645],after=[205.88082314550763,9823.52365325673,12036.684981684977]
LS:g=9,op=O1_JS_INSERT,accepted=true,fe=1214,before=[205.88082314550763,9823.52365325673,12036.684981684977],after=[205.88082314550763,9823.52365325673,12036.684981684977]
LS:g=9,op=O2_JS_REVERSE,accepted=true,fe=1215,before=[205.88082314550763,9823.52365325673,12036.684981684977],after=[205.88082314550763,9823.52365325673,12036.684981684977]
LS:g=9,op=O3_JS_SWAP,accepted=true,fe=1216,before=[205.88082314550763,9823.52365325673,12036.684981684977],after=[205.88082314550763,9823.52365325673,12036.684981684977]
LS:g=9,op=O4_WA_LOAD_TRANSFER,accepted=false,fe=1217,before=[205.88082314550763,9823.52365325673,12036.684981684977],after=[279.31819553749955,10203.499801372167,12010.018315018311]
LS:g=9,op=O5_WA_WEAK_TO_STRONG,accepted=false,fe=1218,before=[205.88082314550763,9823.52365325673,12036.684981684977],after=[227.59738670275385,9743.601131335578,12013.351648351643]
LS:g=9,op=O6_WA_SWAP,accepted=true,fe=1219,before=[205.88082314550763,9823.52365325673,12036.684981684977],after=[205.88082314550763,9823.52365325673,12036.684981684977]
LS:g=9,op=O7_MA_LOAD_TRANSFER,accepted=false,fe=1220,before=[205.88082314550763,9823.52365325673,12036.684981684977],after=[232.68440386238177,9921.05481806983,12041.533466533463]
LS:g=9,op=O8_MA_WEAK_TO_STRONG,accepted=true,fe=1221,before=[205.88082314550763,9823.52365325673,12036.684981684977],after=[205.88082314550763,9823.52365325673,12036.684981684977]
LS:g=9,op=O9_MA_SWAP,accepted=true,fe=1222,before=[205.88082314550763,9823.52365325673,12036.684981684977],after=[205.88082314550763,9947.47236612807,12005.775890775887]
LS:g=9,op=CRITICAL_FACTORY_SWAP,accepted=true,fe=1223,before=[216.40383518421976,9960.811388568853,12159.353979353982],after=[216.40383518421976,9839.203159766963,12194.368964368967]
LS:g=9,op=CRITICAL_FACTORY_INSERT,accepted=true,fe=1224,before=[216.40383518421976,9839.203159766963,12194.368964368967],after=[216.40383518421976,9464.897880352526,12231.035631035633]
LS:g=9,op=O1_JS_INSERT,accepted=true,fe=1225,before=[216.40383518421976,9464.897880352526,12231.035631035633],after=[195.62861495908004,9381.223677552141,12224.975024975027]
LS:g=9,op=O2_JS_REVERSE,accepted=false,fe=1226,before=[195.62861495908004,9381.223677552141,12224.975024975027],after=[199.064423473857,9381.79132093507,12231.793206793207]
LS:g=9,op=O3_JS_SWAP,accepted=true,fe=1227,before=[195.62861495908004,9381.223677552141,12224.975024975027],after=[195.62861495908004,9381.223677552141,12224.975024975027]
LS:g=9,op=O4_WA_LOAD_TRANSFER,accepted=true,fe=1228,before=[195.62861495908004,9381.223677552141,12224.975024975027],after=[195.62861495908004,9381.223677552141,12224.975024975027]
LS:g=9,op=O5_WA_WEAK_TO_STRONG,accepted=true,fe=1229,before=[195.62861495908004,9381.223677552141,12224.975024975027],after=[217.7126881568149,9165.654629515397,12268.156843156845]
LS:g=9,op=O6_WA_SWAP,accepted=false,fe=1230,before=[217.7126881568149,9165.654629515397,12268.156843156845],after=[213.50006663275096,9385.680736370254,12242.399267399267]
LS:g=9,op=O7_MA_LOAD_TRANSFER,accepted=true,fe=1231,before=[217.7126881568149,9165.654629515397,12268.156843156845],after=[217.7126881568149,9165.654629515397,12268.156843156845]
LS:g=9,op=O8_MA_WEAK_TO_STRONG,accepted=true,fe=1232,before=[217.7126881568149,9165.654629515397,12268.156843156845],after=[215.46130013331663,9120.441900109592,12220.371295371295]
LS:g=9,op=O9_MA_SWAP,accepted=false,fe=1233,before=[215.46130013331663,9120.441900109592,12220.371295371295],after=[218.838382168564,9171.1663340534,12240.47619047619]
LS:g=9,op=CRITICAL_FACTORY_SWAP,accepted=false,fe=1234,before=[227.3697070425016,10483.696494119327,12045.194805194804],after=[243.44229844936282,10852.548564618839,12278.679653679652]
LS:g=9,op=CRITICAL_FACTORY_INSERT,accepted=true,fe=1235,before=[227.3697070425016,10483.696494119327,12045.194805194804],after=[227.3697070425016,10467.075162786867,12011.901431901431]
LS:g=9,op=O1_JS_INSERT,accepted=true,fe=1236,before=[227.3697070425016,10467.075162786867,12011.901431901431],after=[227.3697070425016,10467.075162786867,12011.901431901431]
LS:g=9,op=O2_JS_REVERSE,accepted=false,fe=1237,before=[227.3697070425016,10467.075162786867,12011.901431901431],after=[227.3697070425016,10581.5442084994,12021.749916749915]
LS:g=9,op=O3_JS_SWAP,accepted=false,fe=1238,before=[227.3697070425016,10467.075162786867,12011.901431901431],after=[227.3697070425016,10494.870731558316,12011.901431901431]
LS:g=9,op=O4_WA_LOAD_TRANSFER,accepted=true,fe=1239,before=[227.3697070425016,10467.075162786867,12011.901431901431],after=[227.3697070425016,10277.608798338795,12011.901431901431]
LS:g=9,op=O5_WA_WEAK_TO_STRONG,accepted=true,fe=1240,before=[227.3697070425016,10277.608798338795,12011.901431901431],after=[262.4217353041529,10088.804640628241,12073.439893439892]
LS:g=9,op=O6_WA_SWAP,accepted=true,fe=1241,before=[262.4217353041529,10088.804640628241,12073.439893439892],after=[262.4217353041529,9984.087157720744,12131.62171162171]
LS:g=9,op=O7_MA_LOAD_TRANSFER,accepted=false,fe=1242,before=[262.4217353041529,9984.087157720744,12131.62171162171],after=[262.4217353041529,9989.569681736833,12158.288378288376]
LS:g=9,op=O8_MA_WEAK_TO_STRONG,accepted=true,fe=1243,before=[262.4217353041529,9984.087157720744,12131.62171162171],after=[262.4217353041529,9984.087157720744,12131.62171162171]
LS:g=9,op=O9_MA_SWAP,accepted=true,fe=1244,before=[262.4217353041529,9984.087157720744,12131.62171162171],after=[262.4217353041529,9984.087157720744,12131.62171162171]
LS:g=9,op=CRITICAL_FACTORY_SWAP,accepted=false,fe=1245,before=[390.2881011877188,11801.847437544657,11617.081252081247],after=[444.10989192019986,12349.150546740564,11659.8951048951]
LS:g=9,op=CRITICAL_FACTORY_INSERT,accepted=false,fe=1246,before=[390.2881011877188,11801.847437544657,11617.081252081247],after=[362.0216741398849,11590.44305892668,11903.271728271726]
LS:g=9,op=O1_JS_INSERT,accepted=false,fe=1247,before=[390.2881011877188,11801.847437544657,11617.081252081247],after=[405.39815272607865,11798.081706094777,11735.869130869127]
LS:g=9,op=O2_JS_REVERSE,accepted=false,fe=1248,before=[390.2881011877188,11801.847437544657,11617.081252081247],after=[420.594664181933,12234.831303274581,11644.20246420246]
LS:g=9,op=O3_JS_SWAP,accepted=false,fe=1249,before=[390.2881011877188,11801.847437544657,11617.081252081247],after=[362.6351082252561,11812.30969594972,11747.838827838825]
LS:g=9,op=O4_WA_LOAD_TRANSFER,accepted=false,fe=1250,before=[390.2881011877188,11801.847437544657,11617.081252081247],after=[331.34042562357286,11346.121760638416,11706.778221778217]
LS:g=9,op=O5_WA_WEAK_TO_STRONG,accepted=false,fe=1251,before=[390.2881011877188,11801.847437544657,11617.081252081247],after=[372.2747965874837,11714.237905411075,11754.960039960035]
LS:g=9,op=O6_WA_SWAP,accepted=false,fe=1252,before=[390.2881011877188,11801.847437544657,11617.081252081247],after=[401.23885514627557,12089.076715195917,11675.263070263067]
LS:g=9,op=O7_MA_LOAD_TRANSFER,accepted=false,fe=1253,before=[390.2881011877188,11801.847437544657,11617.081252081247],after=[376.4616047064875,11987.987246835655,11702.232767232763]
LS:g=9,op=O8_MA_WEAK_TO_STRONG,accepted=true,fe=1254,before=[390.2881011877188,11801.847437544657,11617.081252081247],after=[390.2881011877188,11801.847437544657,11617.081252081247]
LS:g=9,op=O9_MA_SWAP,accepted=false,fe=1255,before=[390.2881011877188,11801.847437544657,11617.081252081247],after=[362.6351082252561,11944.378605134936,11743.444888444885]
LS:g=9,op=CRITICAL_FACTORY_SWAP,accepted=false,fe=1256,before=[299.35480236886775,10179.86872725135,11571.586746586745],after=[325.6984341105003,10206.794926581206,11599.250749250748]
LS:g=9,op=CRITICAL_FACTORY_INSERT,accepted=false,fe=1257,before=[299.35480236886775,10179.86872725135,11571.586746586745],after=[299.35480236886775,10504.776731083533,11689.162504162503]
LS:g=9,op=O1_JS_INSERT,accepted=true,fe=1258,before=[299.35480236886775,10179.86872725135,11571.586746586745],after=[299.35480236886775,10179.86872725135,11571.586746586745]
LS:g=9,op=O2_JS_REVERSE,accepted=false,fe=1259,before=[299.35480236886775,10179.86872725135,11571.586746586745],after=[299.35480236886775,10224.068374283366,11586.283716283713]
LS:g=9,op=O3_JS_SWAP,accepted=true,fe=1260,before=[299.35480236886775,10179.86872725135,11571.586746586745],after=[303.9336132085493,10400.358626454894,11488.859473859471]
LS:g=9,op=O4_WA_LOAD_TRANSFER,accepted=true,fe=1261,before=[303.9336132085493,10400.358626454894,11488.859473859471],after=[330.2658457354693,10423.56422301512,11483.404928404925]
LS:g=9,op=O5_WA_WEAK_TO_STRONG,accepted=false,fe=1262,before=[330.2658457354693,10423.56422301512,11483.404928404925],after=[306.41290731715515,10135.673443911179,11570.071595071593]
LS:g=9,op=O6_WA_SWAP,accepted=false,fe=1263,before=[330.2658457354693,10423.56422301512,11483.404928404925],after=[292.00443900003637,10379.889841228482,11553.101898101895]
LS:g=9,op=O7_MA_LOAD_TRANSFER,accepted=false,fe=1264,before=[330.2658457354693,10423.56422301512,11483.404928404925],after=[329.1222621390884,10806.79208235661,11511.283716283713]
LS:g=9,op=O8_MA_WEAK_TO_STRONG,accepted=true,fe=1265,before=[330.2658457354693,10423.56422301512,11483.404928404925],after=[330.2658457354693,10423.56422301512,11483.404928404925]
LS:g=9,op=O9_MA_SWAP,accepted=true,fe=1266,before=[330.2658457354693,10423.56422301512,11483.404928404925],after=[330.2658457354693,10423.56422301512,11483.404928404925]
LS:g=9,op=CRITICAL_FACTORY_SWAP,accepted=true,fe=1267,before=[273.9029992078708,8946.267385131247,12015.018315018311],after=[256.77303866497505,9012.827605680764,11979.773559773557]
LS:g=9,op=CRITICAL_FACTORY_INSERT,accepted=true,fe=1268,before=[256.77303866497505,9012.827605680764,11979.773559773557],after=[211.8578475961846,9086.646847168702,12020.682650682647]
LS:g=9,op=O1_JS_INSERT,accepted=false,fe=1269,before=[211.8578475961846,9086.646847168702,12020.682650682647],after=[211.8578475961846,9086.646847168702,12020.682650682647]
LS:g=9,op=O2_JS_REVERSE,accepted=true,fe=1270,before=[211.8578475961846,9086.646847168702,12020.682650682647],after=[203.80905869616566,9042.91075433975,12004.015984015983]
LS:g=9,op=O3_JS_SWAP,accepted=true,fe=1271,before=[203.80905869616566,9042.91075433975,12004.015984015983],after=[203.80905869616566,9042.91075433975,12004.015984015983]
LS:g=9,op=O4_WA_LOAD_TRANSFER,accepted=false,fe=1272,before=[203.80905869616566,9042.91075433975,12004.015984015983],after=[212.292255973956,9082.355994006468,12013.106893106891]
LS:g=9,op=O5_WA_WEAK_TO_STRONG,accepted=true,fe=1273,before=[203.80905869616566,9042.91075433975,12004.015984015983],after=[202.6028390926034,9025.15269749914,11992.885447885446]
LS:g=9,op=O6_WA_SWAP,accepted=false,fe=1274,before=[202.6028390926034,9025.15269749914,11992.885447885446],after=[214.32541895788927,8990.729337179842,12044.167499167497]
LS:g=9,op=O7_MA_LOAD_TRANSFER,accepted=false,fe=1275,before=[202.6028390926034,9025.15269749914,11992.885447885446],after=[202.6028390926034,9345.991059467382,12038.981018981016]
LS:g=9,op=O8_MA_WEAK_TO_STRONG,accepted=false,fe=1276,before=[202.6028390926034,9025.15269749914,11992.885447885446],after=[242.2214323254013,8744.942899937667,12011.475191475189]
LS:g=9,op=O9_MA_SWAP,accepted=true,fe=1277,before=[202.6028390926034,9025.15269749914,11992.885447885446],after=[202.6028390926034,9025.15269749914,11992.885447885446]
LS:g=9,op=CRITICAL_FACTORY_SWAP,accepted=false,fe=1278,before=[248.1068339821032,9656.19723041106,11987.857142857141],after=[248.1068339821032,9663.19129540001,12007.046287046283]
LS:g=9,op=CRITICAL_FACTORY_INSERT,accepted=false,fe=1279,before=[248.1068339821032,9656.19723041106,11987.857142857141],after=[248.1068339821032,9939.955311413454,12137.582417582415]
LS:g=9,op=O1_JS_INSERT,accepted=true,fe=1280,before=[248.1068339821032,9656.19723041106,11987.857142857141],after=[248.1068339821032,9620.179185581566,11987.857142857141]
LS:g=9,op=O2_JS_REVERSE,accepted=false,fe=1281,before=[248.1068339821032,9620.179185581566,11987.857142857141],after=[248.1068339821032,9785.267411455665,11995.281385281383]
LS:g=9,op=O3_JS_SWAP,accepted=false,fe=1282,before=[248.1068339821032,9620.179185581566,11987.857142857141],after=[248.1068339821032,9620.179185581566,11987.857142857141]
LS:g=9,op=O4_WA_LOAD_TRANSFER,accepted=false,fe=1283,before=[248.1068339821032,9620.179185581566,11987.857142857141],after=[248.1068339821032,9789.39647949902,11996.94805194805]
LS:g=9,op=O5_WA_WEAK_TO_STRONG,accepted=false,fe=1284,before=[248.1068339821032,9620.179185581566,11987.857142857141],after=[248.1068339821032,9789.39647949902,11996.94805194805]
LS:g=9,op=O6_WA_SWAP,accepted=false,fe=1285,before=[248.1068339821032,9620.179185581566,11987.857142857141],after=[271.45301371863707,9989.1967375019,11973.463203463201]
LS:g=9,op=O7_MA_LOAD_TRANSFER,accepted=false,fe=1286,before=[248.1068339821032,9620.179185581566,11987.857142857141],after=[248.1068339821032,9681.729910112526,11987.857142857141]
LS:g=9,op=O8_MA_WEAK_TO_STRONG,accepted=true,fe=1287,before=[248.1068339821032,9620.179185581566,11987.857142857141],after=[248.1068339821032,9620.179185581566,11987.857142857141]
LS:g=9,op=O9_MA_SWAP,accepted=true,fe=1288,before=[248.1068339821032,9620.179185581566,11987.857142857141],after=[248.1068339821032,9620.179185581566,11987.857142857141]
LS:g=9,op=CRITICAL_FACTORY_SWAP,accepted=false,fe=1289,before=[229.6531469865911,10133.464188738937,12018.79287379287],after=[229.6531469865911,9964.008195089289,12056.27206127206]
LS:g=9,op=CRITICAL_FACTORY_INSERT,accepted=true,fe=1290,before=[229.6531469865911,10133.464188738937,12018.79287379287],after=[229.6531469865911,9894.210935573878,12122.429237429234]
LS:g=9,op=O1_JS_INSERT,accepted=true,fe=1291,before=[229.6531469865911,9894.210935573878,12122.429237429234],after=[229.6531469865911,9777.884946423044,12133.79287379287]
LS:g=9,op=O2_JS_REVERSE,accepted=false,fe=1292,before=[229.6531469865911,9777.884946423044,12133.79287379287],after=[236.79320165596275,9777.884946423044,12133.79287379287]
LS:g=9,op=O3_JS_SWAP,accepted=true,fe=1293,before=[229.6531469865911,9777.884946423044,12133.79287379287],after=[229.6531469865911,9777.884946423044,12133.79287379287]
LS:g=9,op=O4_WA_LOAD_TRANSFER,accepted=true,fe=1294,before=[229.6531469865911,9777.884946423044,12133.79287379287],after=[210.91034169096804,9784.103709933835,12117.88378288378]
LS:g=9,op=O5_WA_WEAK_TO_STRONG,accepted=false,fe=1295,before=[210.91034169096804,9784.103709933835,12117.88378288378],after=[229.6531469865911,9777.884946423044,12133.79287379287]
LS:g=9,op=O6_WA_SWAP,accepted=true,fe=1296,before=[210.91034169096804,9784.103709933835,12117.88378288378],after=[210.91034169096804,9784.103709933835,12117.88378288378]
LS:g=9,op=O7_MA_LOAD_TRANSFER,accepted=true,fe=1297,before=[210.91034169096804,9784.103709933835,12117.88378288378],after=[210.53375481237646,9611.999166712541,12089.037629037626]
LS:g=9,op=O8_MA_WEAK_TO_STRONG,accepted=true,fe=1298,before=[210.53375481237646,9611.999166712541,12089.037629037626],after=[207.7443272829236,9438.760614539733,11989.037629037626]
LS:g=9,op=O9_MA_SWAP,accepted=true,fe=1299,before=[207.7443272829236,9438.760614539733,11989.037629037626],after=[207.67397140718927,9459.37488612989,11988.396603396599]
LS:g=9,op=CRITICAL_FACTORY_SWAP,accepted=false,fe=1300,before=[256.09469068037725,9486.477161037856,12302.189477189475],after=[259.6650068406049,9597.538701917561,12306.222111222109]
LS:g=9,op=CRITICAL_FACTORY_INSERT,accepted=false,fe=1301,before=[256.09469068037725,9486.477161037856,12302.189477189475],after=[237.49365852983354,9512.916522138768,12270.767565767565]
LS:g=9,op=O1_JS_INSERT,accepted=false,fe=1302,before=[256.09469068037725,9486.477161037856,12302.189477189475],after=[256.09469068037725,9493.791354691675,12302.189477189475]
LS:g=9,op=O2_JS_REVERSE,accepted=false,fe=1303,before=[256.09469068037725,9486.477161037856,12302.189477189475],after=[256.09469068037725,9571.76618185958,12272.64402264402]
LS:g=9,op=O3_JS_SWAP,accepted=true,fe=1304,before=[256.09469068037725,9486.477161037856,12302.189477189475],after=[256.09469068037725,9483.0327194778,12302.189477189475]
LS:g=9,op=O4_WA_LOAD_TRANSFER,accepted=false,fe=1305,before=[256.09469068037725,9483.0327194778,12302.189477189475],after=[256.09469068037725,9725.758408185886,12302.189477189475]
LS:g=9,op=O5_WA_WEAK_TO_STRONG,accepted=true,fe=1306,before=[256.09469068037725,9483.0327194778,12302.189477189475],after=[256.09469068037725,9167.352709076093,12302.189477189475]
LS:g=9,op=O6_WA_SWAP,accepted=true,fe=1307,before=[256.09469068037725,9167.352709076093,12302.189477189475],after=[256.09469068037725,9167.352709076093,12302.189477189475]
LS:g=9,op=O7_MA_LOAD_TRANSFER,accepted=false,fe=1308,before=[256.09469068037725,9167.352709076093,12302.189477189475],after=[256.09469068037725,9201.43662540595,12302.189477189475]
LS:g=9,op=O8_MA_WEAK_TO_STRONG,accepted=true,fe=1309,before=[256.09469068037725,9167.352709076093,12302.189477189475],after=[256.09469068037725,9074.431898004124,12227.90376290376]
LS:g=9,op=O9_MA_SWAP,accepted=false,fe=1310,before=[256.09469068037725,9074.431898004124,12227.90376290376],after=[256.09469068037725,9113.110370187256,12236.69497169497]
GENERATION_END:g=9,fe=1310,archive=20
GROUP:g=10,name=G1_CMAX,members=JS=[11, 15, 19, 18, 0, 5, 14, 16, 7, 12, 17, 4, 6, 9, 8, 2, 13, 3, 10, 1]|FA=[2, 1, 0, 1, 2, 0, 0, 1, 0, 2, 2, 0, 1, 2, 2, 0, 1, 1, 1, 2]|MA=[1, 1, 0, 1, 0, 0, 3, 1, 0, 0, 1, 2, 1, 0, 0, 0, 1, 0, 0, 0]|WA=[0, 1, 1, 1, 1, 2, 1, 1, 0, 0, 1, 1, 1, 0, 1, 1, 1, 0, 0, 1]@[202.6028390926034,9025.15269749914,11992.885447885446];JS=[13, 14, 3, 11, 19, 10, 2, 9, 16, 15, 8, 1, 17, 4, 18, 0, 12, 5, 7, 6]|FA=[2, 1, 1, 2, 2, 0, 1, 1, 2, 1, 0, 0, 0, 0, 1, 1, 0, 0, 2, 2]|MA=[1, 1, 0, 0, 0, 3, 1, 1, 0, 0, 3, 2, 0, 3, 1, 1, 1, 0, 0, 1]|WA=[1, 1, 1, 0, 1, 1, 0, 1, 1, 1, 2, 1, 1, 1, 1, 1, 2, 0, 0, 1]@[205.6535868571058,8925.841007140367,11939.155844155843];
GROUP:g=10,name=G2_TEC,members=JS=[13, 14, 3, 11, 19, 10, 2, 9, 16, 15, 8, 1, 17, 4, 18, 0, 12, 5, 7, 6]|FA=[2, 1, 1, 2, 2, 0, 1, 1, 2, 1, 0, 0, 0, 0, 1, 1, 0, 0, 2, 2]|MA=[1, 1, 0, 0, 0, 3, 1, 1, 0, 0, 3, 2, 0, 3, 1, 1, 1, 0, 0, 1]|WA=[1, 1, 1, 0, 1, 1, 0, 1, 1, 1, 2, 1, 1, 1, 1, 1, 2, 0, 0, 1]@[205.6535868571058,8925.841007140367,11939.155844155843];JS=[11, 13, 2, 8, 9, 6, 4, 17, 12, 7, 16, 14, 5, 0, 18, 19, 15, 3, 10, 1]|FA=[2, 1, 0, 2, 2, 1, 0, 2, 2, 0, 1, 0, 1, 2, 1, 1, 0, 1, 1, 2]|MA=[1, 1, 0, 0, 0, 1, 2, 1, 0, 0, 1, 3, 1, 0, 1, 1, 1, 0, 0, 0]|WA=[0, 1, 1, 1, 0, 1, 1, 1, 0, 0, 1, 1, 1, 1, 1, 1, 1, 0, 0, 1]@[273.9029992078708,8946.267385131247,12015.018315018311];
GROUP:g=10,name=G3_TWC,members=JS=[13, 5, 7, 6, 3, 15, 11, 9, 8, 17, 0, 4, 2, 14, 1, 16, 18, 12, 19, 10]|FA=[0, 1, 2, 2, 2, 2, 2, 2, 2, 2, 2, 2, 1, 0, 1, 2, 1, 0, 2, 2]|MA=[0, 1, 0, 0, 0, 0, 1, 1, 0, 1, 1, 1, 1, 0, 0, 0, 0, 0, 0, 1]|WA=[1, 1, 1, 0, 1, 0, 1, 1, 0, 1, 0, 0, 1, 0, 0, 1, 1, 1, 1, 1]@[330.2658457354693,10423.56422301512,11483.404928404925];JS=[13, 5, 7, 19, 3, 15, 4, 11, 9, 8, 17, 0, 2, 14, 1, 16, 18, 12, 6, 10]|FA=[0, 1, 2, 2, 2, 2, 2, 2, 2, 2, 2, 2, 1, 0, 1, 2, 1, 0, 2, 2]|MA=[0, 1, 0, 0, 0, 0, 1, 1, 1, 0, 1, 1, 1, 0, 0, 0, 0, 0, 0, 1]|WA=[1, 1, 1, 1, 1, 0, 0, 1, 1, 0, 1, 1, 1, 0, 0, 1, 1, 1, 0, 1]@[299.35480236886775,10179.86872725135,11571.586746586745];
GROUP:g=10,name=G4_CENTER,members=JS=[13, 14, 3, 11, 19, 10, 2, 9, 16, 15, 8, 1, 17, 4, 18, 0, 12, 5, 7, 6]|FA=[2, 1, 1, 2, 2, 0, 1, 1, 2, 1, 0, 0, 0, 0, 1, 1, 0, 0, 2, 2]|MA=[1, 1, 0, 0, 0, 3, 1, 1, 0, 0, 3, 2, 0, 3, 1, 1, 1, 0, 0, 1]|WA=[1, 1, 1, 0, 1, 1, 0, 1, 1, 1, 2, 1, 1, 1, 1, 1, 2, 0, 0, 1]@[205.6535868571058,8925.841007140367,11939.155844155843];JS=[11, 15, 19, 18, 0, 5, 14, 16, 7, 12, 17, 4, 6, 9, 8, 2, 13, 3, 10, 1]|FA=[2, 1, 0, 1, 2, 0, 0, 1, 0, 2, 2, 0, 1, 2, 2, 0, 1, 1, 1, 2]|MA=[1, 1, 0, 1, 0, 0, 3, 1, 0, 0, 1, 2, 1, 0, 0, 0, 1, 0, 0, 0]|WA=[0, 1, 1, 1, 1, 2, 1, 1, 0, 0, 1, 1, 1, 0, 1, 1, 1, 0, 0, 1]@[202.6028390926034,9025.15269749914,11992.885447885446];JS=[13, 5, 7, 19, 3, 15, 4, 11, 9, 8, 17, 0, 2, 14, 1, 16, 18, 12, 6, 10]|FA=[0, 1, 2, 2, 2, 2, 2, 2, 2, 2, 2, 2, 1, 0, 1, 2, 1, 0, 2, 2]|MA=[0, 1, 0, 0, 0, 0, 1, 1, 1, 0, 1, 1, 1, 0, 0, 0, 0, 0, 0, 1]|WA=[1, 1, 1, 1, 1, 0, 0, 1, 1, 0, 1, 1, 1, 0, 0, 1, 1, 1, 0, 1]@[299.35480236886775,10179.86872725135,11571.586746586745];JS=[13, 5, 7, 6, 3, 15, 11, 9, 8, 17, 0, 4, 2, 14, 1, 16, 18, 12, 19, 10]|FA=[0, 1, 2, 2, 2, 2, 2, 2, 2, 2, 2, 2, 1, 0, 1, 2, 1, 0, 2, 2]|MA=[0, 1, 0, 0, 0, 0, 1, 1, 0, 1, 1, 1, 1, 0, 0, 0, 0, 0, 0, 1]|WA=[1, 1, 1, 0, 1, 0, 1, 1, 0, 1, 0, 0, 1, 0, 0, 1, 1, 1, 1, 1]@[330.2658457354693,10423.56422301512,11483.404928404925];
OP:JS_INITIAL_SWAP:9:12
OP:JS_GUIDE:PBEST:r=0.39920825736435805:pairs=[(0,16), (1,6), (2,17), (3,17), (4,14), (5,19), (6,10), (7,12), (8,9), (9,12), (10,17), (11,18), (12,18), (13,18), (14,18), (15,17), (16,17), (17,18), (18,19)]
OP:JS_GUIDE:QGBEST:r=0.03756905789549272:pairs=[(3,16), (4,16), (5,10), (6,10), (7,10), (8,16), (9,11), (11,14), (12,18), (13,16), (14,18), (15,18), (16,17), (17,18)]
OP:REPAIR:MA:11:2:1:[0,1]
OP:REPAIR:WA:5:2:0:[0,1]
OP:REPAIR:MA:5:2:0:[0,1]
OP:REPAIR:MA:7:3:0:[0,1]
OP:REPAIR:MA:10:3:1:[0,1]
OP:REPAIR:WA:7:2:0:[0,1]
OP:REPAIR:WA:13:2:1:[0,1]
OP:JS_INITIAL_SWAP:0:6
OP:JS_GUIDE:PBEST:r=0.2858428573540788:pairs=[(0,6), (3,4), (4,10), (5,11), (6,12), (7,16), (8,19), (9,19), (10,14), (12,13), (13,18), (14,16), (15,19), (16,18), (17,19), (18,19)]
OP:JS_GUIDE:QGBEST:r=0.3668556731847535:pairs=[(3,10), (4,10), (5,9), (6,9), (7,12), (8,10), (9,13), (11,15), (12,15), (13,18), (14,16), (15,19), (17,18), (18,19)]
OP:MA_MUTATE:18:0:1
OP:REPAIR:WA:7:2:1:[0,1]
OP:REPAIR:WA:8:2:0:[0,1]
OP:REPAIR:WA:9:2:1:[0,1]
Q:g=10,group=G1_CMAX,round=0,state=0,action=2,reward=-90.46830959108759,nextState=1,phase=BEFORE_LOCAL_SEARCH
OP:JS_INITIAL_SWAP:10:2
OP:JS_GUIDE:PBEST:r=0.30327997988696315:pairs=[(2,10), (7,12), (8,9), (9,12), (10,17), (11,18), (12,18), (13,18), (14,18), (15,17), (16,17), (17,18), (18,19)]
OP:JS_GUIDE:QGBEST:r=0.4000313295221973:pairs=[(3,16), (4,16), (5,10), (6,10), (7,10), (8,16), (9,11), (10,12), (11,14), (12,18), (13,14), (14,18), (15,16), (16,17)]
OP:MA_MUTATE:7:0:0
OP:JS_INITIAL_SWAP:18:10
OP:JS_GUIDE:PBEST:r=0.01688640998193078:pairs=[(3,4), (4,18), (5,6), (6,7), (7,16), (8,19), (9,19), (10,14), (12,13), (13,14), (15,16), (16,19), (17,19), (18,19)]
OP:JS_GUIDE:QGBEST:r=0.08533319618225445:pairs=[(8,18), (9,13), (10,18), (11,15), (12,15), (13,18), (14,16), (15,19), (17,18), (18,19)]
OP:REPAIR:MA:6:2:0:[0,1]
OP:REPAIR:MA:8:3:1:[0,1]
OP:REPAIR:WA:8:2:1:[0,1]
OP:REPAIR:WA:9:2:1:[0,1]
OP:WA_MUTATE:4:0:1
Q:g=10,group=G1_CMAX,round=1,state=1,action=2,reward=43.79708680458273,nextState=0,phase=BEFORE_LOCAL_SEARCH
OP:JS_INITIAL_SWAP:18:8
OP:JS_GUIDE:PBEST:r=0.4858892219032001:pairs=[(8,18)]
OP:JS_GUIDE:QGBEST:r=0.38782938510033077:pairs=[(0,2), (4,7), (5,9), (6,13), (7,12), (8,10), (9,18), (10,12), (11,18), (13,19), (14,16), (16,18), (17,19)]
OP:REPAIR:MA:6:3:0:[0,1]
OP:REPAIR:MA:8:3:1:[0,1]
OP:JS_INITIAL_SWAP:5:17
OP:JS_GUIDE:PBEST:r=0.1629566370072006:pairs=[(0,1), (1,11), (2,5), (3,11), (5,9), (6,19), (8,11), (9,19), (11,15), (12,18), (13,16), (14,15), (15,16), (17,19), (18,19)]
OP:JS_GUIDE:QGBEST:r=0.24296344894780064:pairs=[(0,5), (2,5), (3,11), (5,16), (8,11), (9,10), (10,15), (11,18), (12,15), (13,17), (14,18), (15,17), (16,19), (17,19)]
OP:FA_MUTATE:16:0:1
OP:FA_SYNC_MA:16:1:1
OP:FA_SYNC_WA:16:1:0
OP:REPAIR:MA:7:3:1:[0,1]
OP:REPAIR:MA:8:3:1:[0,1]
OP:REPAIR:WA:8:2:0:[0,1]
OP:REPAIR:WA:17:2:0:[0,1]
OP:WA_MUTATE:7:1:0
Q:g=10,group=G2_TEC,round=0,state=0,action=2,reward=-1132.634352227622,nextState=1,phase=BEFORE_LOCAL_SEARCH
OP:JS_INITIAL_SWAP:2:10
OP:JS_GUIDE:PBEST:r=0.3316396937454733:pairs=[(0,10), (2,10), (4,12), (5,9), (6,13), (7,12), (8,18)]
OP:JS_GUIDE:QGBEST:r=0.22260389833966668:pairs=[(0,2)]
OP:WA_MUTATE:7:1:1
OP:JS_INITIAL_SWAP:9:9
OP:JS_GUIDE:PBEST:r=0.08718464009724902:pairs=[(0,2), (5,9), (6,19), (8,11), (9,19), (11,15), (12,18), (13,16), (14,15), (15,16), (17,19), (18,19)]
OP:JS_GUIDE:QGBEST:r=0.29526031867802077:pairs=[(0,2), (5,16), (8,9), (9,18), (10,11), (11,19), (12,15), (13,16), (15,16), (16,18), (17,18), (18,19)]
OP:REPAIR:MA:7:3:0:[0,1]
OP:REPAIR:MA:8:3:1:[0,1]
OP:REPAIR:WA:8:2:1:[0,1]
Q:g=10,group=G2_TEC,round=1,state=1,action=3,reward=113.19753671951003,nextState=0,phase=BEFORE_LOCAL_SEARCH
OP:JS_INITIAL_SWAP:7:3
OP:JS_GUIDE:PBEST:r=0.2427237629433267:pairs=[(3,17), (6,11), (7,9), (8,17), (9,11), (10,15), (11,13), (12,17), (13,19), (14,15), (15,16), (16,17), (17,19)]
OP:JS_GUIDE:QGBEST:r=0.44024577458174885:pairs=[(3,18), (7,11), (8,17), (9,17), (10,11), (17,18)]
OP:JS_INITIAL_SWAP:9:19
OP:JS_GUIDE:PBEST:r=0.26413128031808975:pairs=[(3,17), (7,10), (9,10), (10,15), (11,13), (12,19), (13,15), (14,15), (15,16), (16,19), (17,18)]
OP:JS_GUIDE:QGBEST:r=0.47686570259832917:pairs=[(3,17), (7,10), (9,19)]
Q:g=10,group=G3_TWC,round=0,state=0,action=3,reward=-77.98368298368223,nextState=1,phase=BEFORE_LOCAL_SEARCH
OP:JS_INITIAL_SWAP:8:6
OP:JS_GUIDE:PBEST:r=0.2327894874848117:pairs=[(3,18), (6,8), (7,11), (8,17), (9,11), (10,15), (11,13), (12,17), (13,19), (14,15), (15,16), (16,17), (17,19)]
OP:JS_GUIDE:QGBEST:r=0.45356843259473445:pairs=[(8,17), (9,15), (10,11), (11,12), (12,13), (13,14), (14,19), (15,19), (18,19)]
OP:REPAIR:MA:11:3:1:[0,1]
OP:JS_INITIAL_SWAP:17:13
OP:JS_GUIDE:PBEST:r=0.29374026033582157:pairs=[(3,13), (9,10), (10,15), (11,17), (12,19), (13,15), (14,17), (15,16), (16,19), (17,18), (18,19)]
OP:JS_GUIDE:QGBEST:r=0.5041150878048105:pairs=[(9,10), (11,12), (12,17), (13,14), (14,15), (15,17), (17,19)]
Q:g=10,group=G3_TWC,round=1,state=1,action=2,reward=127.66650016649965,nextState=0,phase=BEFORE_LOCAL_SEARCH
OP:JS_INITIAL_SWAP:13:7
OP:JS_GUIDE:PBEST:r=0.3190348339319654:pairs=[(0,3), (1,3), (2,17), (3,13), (4,7), (5,16), (6,10), (7,12), (8,9), (9,18), (10,18), (11,12), (12,16), (13,17), (14,16), (17,18), (18,19)]
OP:JS_GUIDE:QGBEST:r=0.422740231742058:pairs=[(2,6), (3,10), (4,10), (5,9), (6,11), (7,12), (8,11), (9,17), (10,17), (11,12), (12,18), (13,15), (14,17), (16,17), (17,19)]
OP:REPAIR:MA:5:3:1:[0,1]
OP:REPAIR:MA:10:3:1:[0,1]
OP:REPAIR:MA:13:3:1:[0,1]
OP:REPAIR:WA:10:2:1:[0,1]
OP:MA_MUTATE:1:0:0
OP:REPAIR:WA:6:2:0:[0,1]
OP:JS_INITIAL_SWAP:5:3
OP:JS_GUIDE:PBEST:r=0.4686722332833771:pairs=[(1,16), (2,3), (3,13), (4,11), (5,9), (6,14), (7,10), (8,16), (9,16), (11,13), (12,18), (13,17), (14,19), (15,17)]
OP:JS_GUIDE:QGBEST:r=0.21869575318648923:pairs=[(2,15), (3,6), (4,6), (5,16), (6,19), (7,10), (8,15), (9,17), (10,18), (11,13), (12,15), (14,19), (15,19), (16,17), (17,19)]
OP:JS_INITIAL_SWAP:1:5
OP:JS_GUIDE:PBEST:r=0.46597484596519695:pairs=[(1,13), (2,4), (3,7), (4,8), (5,8), (6,14), (7,10), (8,9), (9,14), (10,15), (11,15), (12,19), (14,17), (17,19)]
OP:JS_GUIDE:QGBEST:r=0.5788095079434713:pairs=[(0,3), (1,3), (2,12), (3,9), (5,13), (7,10), (9,12), (10,19), (11,19), (12,13), (13,19), (15,19), (17,18), (18,19)]
OP:REPAIR:WA:16:2:0:[0,1]
OP:JS_INITIAL_SWAP:1:0
OP:JS_GUIDE:PBEST:r=0.23162312729304405:pairs=[(0,1), (1,13), (2,4), (3,6), (4,7), (5,7), (6,14), (7,9), (9,11), (10,15), (11,18), (12,19), (13,18), (14,17), (17,19), (18,19)]
OP:JS_GUIDE:QGBEST:r=0.16649276985716868:pairs=[(0,6), (1,6), (2,12), (3,8), (4,7), (6,14), (7,9), (8,13), (9,12), (10,19), (11,18), (13,19), (14,18), (15,18), (17,19)]
OP:REPAIR:MA:6:2:0:[0,1]
OP:REPAIR:MA:7:3:0:[0,1]
OP:REPAIR:MA:8:3:1:[0,1]
OP:REPAIR:MA:9:2:0:[0,1]
OP:REPAIR:MA:11:3:1:[0,1]
OP:REPAIR:MA:11:3:0:[0,1]
Q:g=10,group=G4_CENTER,round=0,state=0,action=1,reward=-0.21672113119448366,nextState=1,phase=BEFORE_LOCAL_SEARCH
OP:JS_INITIAL_SWAP:12:15
OP:JS_GUIDE:PBEST:r=0.008630555664568539:pairs=[(2,11), (3,4), (4,10), (5,16), (6,10), (8,16), (9,18), (10,16), (11,15), (12,18), (13,17), (14,16), (15,18), (17,18), (18,19)]
OP:JS_GUIDE:QGBEST:r=0.06769084725315377:pairs=[(8,11), (9,17), (10,17), (11,15), (12,18), (13,18), (14,17), (15,18), (16,17), (17,19)]
OP:JS_INITIAL_SWAP:6:3
OP:JS_GUIDE:PBEST:r=0.13446826708145984:pairs=[(2,15), (3,4), (7,10), (8,16), (9,16), (11,13), (12,18), (13,17), (14,19), (15,17)]
OP:JS_GUIDE:QGBEST:r=0.1379766827231559:pairs=[(2,15), (3,6), (5,16), (6,19), (7,10), (8,15), (9,17), (10,18), (11,13), (12,15), (14,19), (15,19), (16,17), (17,19)]
OP:REPAIR:MA:6:3:1:[0,1]
OP:REPAIR:WA:5:2:1:[0,1]
OP:REPAIR:WA:6:2:0:[0,1]
OP:FA_MUTATE:14:1:2
OP:FA_SYNC_MA:14:0:1
OP:FA_SYNC_WA:14:1:0
OP:JS_INITIAL_SWAP:16:7
OP:JS_GUIDE:PBEST:r=8.652003169523637E-4:pairs=[(7,16)]
OP:JS_GUIDE:QGBEST:r=0.5396861100602125:pairs=[(7,16), (11,19), (12,13), (13,19), (15,19), (17,18), (18,19)]
OP:WA_MUTATE:6:0:0
OP:JS_INITIAL_SWAP:11:5
OP:JS_GUIDE:PBEST:r=0.20041945706292813:pairs=[(0,1), (1,13), (2,4), (3,18), (5,11), (6,13)]
OP:JS_GUIDE:QGBEST:r=0.15777771437799748:pairs=[(0,1), (2,12), (3,8), (4,7), (5,11), (6,14), (7,9), (8,13), (9,12), (10,19), (11,18), (13,19), (14,18), (15,18), (17,19)]
Q:g=10,group=G4_CENTER,round=1,state=1,action=1,reward=-0.06941622398016524,nextState=1,phase=BEFORE_LOCAL_SEARCH
LS:g=10,op=CRITICAL_FACTORY_SWAP,accepted=false,fe=1331,before=[266.2015172742402,10598.753923274277,12218.476523476522],after=[275.20748871716904,10624.325579550321,12215.999000999]
LS:g=10,op=CRITICAL_FACTORY_INSERT,accepted=true,fe=1332,before=[266.2015172742402,10598.753923274277,12218.476523476522],after=[254.97393510288057,10156.203016124195,12311.550116550115]
LS:g=10,op=O1_JS_INSERT,accepted=true,fe=1333,before=[254.97393510288057,10156.203016124195,12311.550116550115],after=[254.97393510288052,10167.000955917882,12296.398601398601]
LS:g=10,op=O2_JS_REVERSE,accepted=true,fe=1334,before=[254.97393510288052,10167.000955917882,12296.398601398601],after=[254.97393510288052,10167.000955917882,12296.398601398601]
LS:g=10,op=O3_JS_SWAP,accepted=false,fe=1335,before=[254.97393510288052,10167.000955917882,12296.398601398601],after=[254.97393510288057,10167.000955917882,12296.398601398601]
LS:g=10,op=O4_WA_LOAD_TRANSFER,accepted=true,fe=1336,before=[254.97393510288052,10167.000955917882,12296.398601398601],after=[254.97393510288052,10167.000955917882,12296.398601398601]
LS:g=10,op=O5_WA_WEAK_TO_STRONG,accepted=true,fe=1337,before=[254.97393510288052,10167.000955917882,12296.398601398601],after=[248.46595756901073,9963.299057648297,12296.398601398601]
LS:g=10,op=O6_WA_SWAP,accepted=true,fe=1338,before=[248.46595756901073,9963.299057648297,12296.398601398601],after=[248.46595756901073,9963.299057648297,12296.398601398601]
LS:g=10,op=O7_MA_LOAD_TRANSFER,accepted=true,fe=1339,before=[248.46595756901073,9963.299057648297,12296.398601398601],after=[235.9043473133612,9829.741745843963,12272.331002331002]
LS:g=10,op=O8_MA_WEAK_TO_STRONG,accepted=true,fe=1340,before=[235.9043473133612,9829.741745843963,12272.331002331002],after=[235.9043473133612,9829.741745843963,12272.331002331002]
LS:g=10,op=O9_MA_SWAP,accepted=true,fe=1341,before=[235.9043473133612,9829.741745843963,12272.331002331002],after=[235.9043473133612,9829.741745843963,12272.331002331002]
LS:g=10,op=CRITICAL_FACTORY_SWAP,accepted=true,fe=1342,before=[235.39735424847873,10370.549325467746,12182.688977688975],after=[224.68640576779572,10284.420057442505,12166.744921744921]
LS:g=10,op=CRITICAL_FACTORY_INSERT,accepted=true,fe=1343,before=[224.68640576779572,10284.420057442505,12166.744921744921],after=[212.06259928786807,10341.997236331088,12072.555777555775]
LS:g=10,op=O1_JS_INSERT,accepted=true,fe=1344,before=[212.06259928786807,10341.997236331088,12072.555777555775],after=[201.12231911029306,10199.183906976234,12068.919413919411]
LS:g=10,op=O2_JS_REVERSE,accepted=true,fe=1345,before=[201.12231911029306,10199.183906976234,12068.919413919411],after=[201.12231911029306,10199.183906976234,12068.919413919411]
LS:g=10,op=O3_JS_SWAP,accepted=true,fe=1346,before=[201.12231911029306,10199.183906976234,12068.919413919411],after=[201.12231911029306,10199.183906976234,12068.919413919411]
LS:g=10,op=O4_WA_LOAD_TRANSFER,accepted=true,fe=1347,before=[201.12231911029306,10199.183906976234,12068.919413919411],after=[201.12231911029306,10199.183906976234,12068.919413919411]
LS:g=10,op=O5_WA_WEAK_TO_STRONG,accepted=true,fe=1348,before=[201.12231911029306,10199.183906976234,12068.919413919411],after=[201.12231911029306,10030.602698474091,12068.919413919411]
LS:g=10,op=O6_WA_SWAP,accepted=true,fe=1349,before=[201.12231911029306,10030.602698474091,12068.919413919411],after=[201.12231911029306,10030.602698474091,12068.919413919411]
LS:g=10,op=O7_MA_LOAD_TRANSFER,accepted=true,fe=1350,before=[201.12231911029306,10030.602698474091,12068.919413919411],after=[201.12231911029306,10085.286573855266,12068.919413919411]
LS:g=10,op=O8_MA_WEAK_TO_STRONG,accepted=true,fe=1351,before=[201.12231911029306,10085.286573855266,12068.919413919411],after=[200.8942634667958,9866.723956762296,12011.776556776555]
LS:g=10,op=O9_MA_SWAP,accepted=true,fe=1352,before=[200.8942634667958,9866.723956762296,12011.776556776555],after=[200.8942634667958,9866.723956762296,12011.776556776555]
LS:g=10,op=CRITICAL_FACTORY_SWAP,accepted=false,fe=1353,before=[218.71233194899585,10060.726850336421,12480.073260073257],after=[252.78357068530448,10097.637004703178,12400.679320679319]
LS:g=10,op=CRITICAL_FACTORY_INSERT,accepted=true,fe=1354,before=[218.71233194899585,10060.726850336421,12480.073260073257],after=[272.9939636018412,9847.735396824995,12468.919413919411]
LS:g=10,op=O1_JS_INSERT,accepted=true,fe=1355,before=[272.9939636018412,9847.735396824995,12468.919413919411],after=[272.9939636018412,9847.735396824995,12468.919413919411]
LS:g=10,op=O2_JS_REVERSE,accepted=false,fe=1356,before=[272.9939636018412,9847.735396824995,12468.919413919411],after=[272.9939636018412,10221.596229217164,12398.7678987679]
LS:g=10,op=O3_JS_SWAP,accepted=true,fe=1357,before=[272.9939636018412,9847.735396824995,12468.919413919411],after=[272.9939636018412,9847.735396824995,12468.919413919411]
LS:g=10,op=O4_WA_LOAD_TRANSFER,accepted=false,fe=1358,before=[272.9939636018412,9847.735396824995,12468.919413919411],after=[252.26951999303114,9876.114612759156,12468.919413919413]
LS:g=10,op=O5_WA_WEAK_TO_STRONG,accepted=true,fe=1359,before=[272.9939636018412,9847.735396824995,12468.919413919411],after=[287.3496041300156,9817.19107066742,12482.555777555775]
LS:g=10,op=O6_WA_SWAP,accepted=true,fe=1360,before=[287.3496041300156,9817.19107066742,12482.555777555775],after=[287.3496041300156,9817.19107066742,12482.555777555775]
LS:g=10,op=O7_MA_LOAD_TRANSFER,accepted=true,fe=1361,before=[287.3496041300156,9817.19107066742,12482.555777555775],after=[285.5203513609233,9639.753552065464,12465.88911088911]
LS:g=10,op=O8_MA_WEAK_TO_STRONG,accepted=true,fe=1362,before=[285.5203513609233,9639.753552065464,12465.88911088911],after=[282.4950487043475,9406.031332876051,12438.325008325006]
LS:g=10,op=O9_MA_SWAP,accepted=false,fe=1363,before=[282.4950487043475,9406.031332876051,12438.325008325006],after=[282.4950487043475,9461.61487963514,12433.173493173492]
LS:g=10,op=CRITICAL_FACTORY_SWAP,accepted=false,fe=1364,before=[315.6305487859629,9850.255172951416,12107.335997335995],after=[323.8498364075004,9926.386757626837,12029.60872460872]
LS:g=10,op=CRITICAL_FACTORY_INSERT,accepted=true,fe=1365,before=[315.6305487859629,9850.255172951416,12107.335997335995],after=[298.0374897363777,9760.070392351916,12149.901764901762]
LS:g=10,op=O1_JS_INSERT,accepted=true,fe=1366,before=[298.0374897363777,9760.070392351916,12149.901764901762],after=[298.0374897363777,9760.070392351916,12149.901764901762]
LS:g=10,op=O2_JS_REVERSE,accepted=true,fe=1367,before=[298.0374897363777,9760.070392351916,12149.901764901762],after=[276.8377271162496,9742.451242136252,12125.659340659338]
LS:g=10,op=O3_JS_SWAP,accepted=true,fe=1368,before=[276.8377271162496,9742.451242136252,12125.659340659338],after=[247.31125330298454,9708.851960168855,12117.967032967032]
LS:g=10,op=O4_WA_LOAD_TRANSFER,accepted=true,fe=1369,before=[247.31125330298454,9708.851960168855,12117.967032967032],after=[247.31125330298454,9708.851960168855,12117.967032967032]
LS:g=10,op=O5_WA_WEAK_TO_STRONG,accepted=true,fe=1370,before=[247.31125330298454,9708.851960168855,12117.967032967032],after=[235.13926071926318,9506.819233068725,12134.750249750246]
LS:g=10,op=O6_WA_SWAP,accepted=true,fe=1371,before=[235.13926071926318,9506.819233068725,12134.750249750246],after=[235.13926071926318,9506.819233068725,12134.750249750246]
LS:g=10,op=O7_MA_LOAD_TRANSFER,accepted=false,fe=1372,before=[235.13926071926318,9506.819233068725,12134.750249750246],after=[237.39064874276147,9684.535960273288,12155.263070263067]
LS:g=10,op=O8_MA_WEAK_TO_STRONG,accepted=true,fe=1373,before=[235.13926071926318,9506.819233068725,12134.750249750246],after=[277.0995050072122,9255.350656773284,12078.398268398265]
LS:g=10,op=O9_MA_SWAP,accepted=true,fe=1374,before=[277.0995050072122,9255.350656773284,12078.398268398265],after=[293.6975591419824,9200.337007196433,12159.983349983346]
LS:g=10,op=CRITICAL_FACTORY_SWAP,accepted=true,fe=1375,before=[339.2722757752922,11110.253548708086,11459.771894771893],after=[347.6296496719625,10970.67070804344,11454.860139860137]
LS:g=10,op=CRITICAL_FACTORY_INSERT,accepted=false,fe=1376,before=[347.6296496719625,10970.67070804344,11454.860139860137],after=[347.6296496719625,10837.966978047905,11516.678321678319]
LS:g=10,op=O1_JS_INSERT,accepted=false,fe=1377,before=[347.6296496719625,10970.67070804344,11454.860139860137],after=[369.2183120280584,11213.929751863881,11511.375291375289]
LS:g=10,op=O2_JS_REVERSE,accepted=false,fe=1378,before=[347.6296496719625,10970.67070804344,11454.860139860137],after=[348.9538555949177,10979.255496978702,11466.072261072259]
LS:g=10,op=O3_JS_SWAP,accepted=false,fe=1379,before=[347.6296496719625,10970.67070804344,11454.860139860137],after=[376.3985459710371,11364.057032702767,11534.557109557109]
LS:g=10,op=O4_WA_LOAD_TRANSFER,accepted=true,fe=1380,before=[347.6296496719625,10970.67070804344,11454.860139860137],after=[363.30962466076824,11143.150432920305,11454.860139860137]
LS:g=10,op=O5_WA_WEAK_TO_STRONG,accepted=true,fe=1381,before=[363.30962466076824,11143.150432920305,11454.860139860137],after=[360.7694457291518,11342.15336417582,11441.223776223775]
LS:g=10,op=O6_WA_SWAP,accepted=false,fe=1382,before=[360.7694457291518,11342.15336417582,11441.223776223775],after=[354.70278873943533,11213.901139328036,11443.951048951047]
LS:g=10,op=O7_MA_LOAD_TRANSFER,accepted=true,fe=1383,before=[360.7694457291518,11342.15336417582,11441.223776223775],after=[360.7694457291518,11062.366107975524,11376.98135198135]
LS:g=10,op=O8_MA_WEAK_TO_STRONG,accepted=true,fe=1384,before=[360.7694457291518,11062.366107975524,11376.98135198135],after=[360.7694457291518,11062.366107975524,11376.98135198135]
LS:g=10,op=O9_MA_SWAP,accepted=true,fe=1385,before=[360.7694457291518,11062.366107975524,11376.98135198135],after=[360.7694457291518,11062.366107975524,11376.98135198135]
LS:g=10,op=CRITICAL_FACTORY_SWAP,accepted=false,fe=1386,before=[308.4543412489757,10692.813426758355,11495.854145854142],after=[337.92293475947895,10827.537418613932,11553.36663336663]
LS:g=10,op=CRITICAL_FACTORY_INSERT,accepted=true,fe=1387,before=[308.4543412489757,10692.813426758355,11495.854145854142],after=[322.9792717999314,10651.539396883227,11474.28571428571]
LS:g=10,op=O1_JS_INSERT,accepted=false,fe=1388,before=[322.9792717999314,10651.539396883227,11474.28571428571],after=[281.4996561896054,10587.759598273451,11652.316017316018]
LS:g=10,op=O2_JS_REVERSE,accepted=false,fe=1389,before=[322.9792717999314,10651.539396883227,11474.28571428571],after=[322.9792717999314,10673.415657681466,11491.255411255408]
LS:g=10,op=O3_JS_SWAP,accepted=false,fe=1390,before=[322.9792717999314,10651.539396883227,11474.28571428571],after=[322.9792717999314,10665.56446847573,11483.98268398268]
LS:g=10,op=O4_WA_LOAD_TRANSFER,accepted=false,fe=1391,before=[322.9792717999314,10651.539396883227,11474.28571428571],after=[308.4543412489757,10969.683678028054,11628.982683982682]
LS:g=10,op=O5_WA_WEAK_TO_STRONG,accepted=false,fe=1392,before=[322.9792717999314,10651.539396883227,11474.28571428571],after=[286.78763184874344,10678.271889138316,11622.770562770564]
LS:g=10,op=O6_WA_SWAP,accepted=false,fe=1393,before=[322.9792717999314,10651.539396883227,11474.28571428571],after=[304.691378783401,10911.85511939857,11629.588744588744]
LS:g=10,op=O7_MA_LOAD_TRANSFER,accepted=false,fe=1394,before=[322.9792717999314,10651.539396883227,11474.28571428571],after=[308.4543412489757,10591.459493681587,11590.649350649346]
LS:g=10,op=O8_MA_WEAK_TO_STRONG,accepted=true,fe=1395,before=[322.9792717999314,10651.539396883227,11474.28571428571],after=[322.9792717999314,10651.539396883227,11474.28571428571]
LS:g=10,op=O9_MA_SWAP,accepted=false,fe=1396,before=[322.9792717999314,10651.539396883227,11474.28571428571],after=[308.4543412489757,10678.950116078402,11582.012987012986]
LS:g=10,op=CRITICAL_FACTORY_SWAP,accepted=true,fe=1397,before=[274.4395856918672,10026.275418536132,11741.19214119214],after=[296.5874989802236,10314.342301358738,11711.861471861468]
LS:g=10,op=CRITICAL_FACTORY_INSERT,accepted=false,fe=1398,before=[296.5874989802236,10314.342301358738,11711.861471861468],after=[269.86049245210415,10071.36641963704,11824.485514485512]
LS:g=10,op=O1_JS_INSERT,accepted=true,fe=1399,before=[296.5874989802236,10314.342301358738,11711.861471861468],after=[269.86049245210415,10221.81622197728,11657.619047619046]
LS:g=10,op=O2_JS_REVERSE,accepted=true,fe=1400,before=[269.86049245210415,10221.81622197728,11657.619047619046],after=[289.9648865825536,10201.40657839215,11638.225108225104]
LS:g=10,op=O3_JS_SWAP,accepted=true,fe=1401,before=[289.9648865825536,10201.40657839215,11638.225108225104],after=[289.9648865825536,10201.40657839215,11638.225108225104]
LS:g=10,op=O4_WA_LOAD_TRANSFER,accepted=false,fe=1402,before=[289.9648865825536,10201.40657839215,11638.225108225104],after=[277.3540933367905,10287.846634080188,11743.37662337662]
LS:g=10,op=O5_WA_WEAK_TO_STRONG,accepted=false,fe=1403,before=[289.9648865825536,10201.40657839215,11638.225108225104],after=[252.18061345376026,9950.815486519166,11793.07359307359]
LS:g=10,op=O6_WA_SWAP,accepted=false,fe=1404,before=[289.9648865825536,10201.40657839215,11638.225108225104],after=[244.14550915381562,9765.454571648366,11724.740259740258]
LS:g=10,op=O7_MA_LOAD_TRANSFER,accepted=false,fe=1405,before=[289.9648865825536,10201.40657839215,11638.225108225104],after=[251.30412474364715,10160.556581240915,11828.67965367965]
LS:g=10,op=O8_MA_WEAK_TO_STRONG,accepted=true,fe=1406,before=[289.9648865825536,10201.40657839215,11638.225108225104],after=[289.9648865825536,10201.40657839215,11638.225108225104]
LS:g=10,op=O9_MA_SWAP,accepted=false,fe=1407,before=[289.9648865825536,10201.40657839215,11638.225108225104],after=[306.33743033027173,10198.97745562115,11691.55844155844]
LS:g=10,op=CRITICAL_FACTORY_SWAP,accepted=false,fe=1408,before=[310.6521943984579,10523.511654541935,11720.644355644352],after=[310.6521943984579,10597.014880774615,11698.221778221774]
LS:g=10,op=CRITICAL_FACTORY_INSERT,accepted=false,fe=1409,before=[310.6521943984579,10523.511654541935,11720.644355644352],after=[310.6521943984579,10494.803580726064,11810.081585081582]
LS:g=10,op=O1_JS_INSERT,accepted=false,fe=1410,before=[310.6521943984579,10523.511654541935,11720.644355644352],after=[350.98656908803486,10650.383685529932,11707.159507159506]
LS:g=10,op=O2_JS_REVERSE,accepted=false,fe=1411,before=[310.6521943984579,10523.511654541935,11720.644355644352],after=[310.65219439845794,10507.15245503017,11689.222444222441]
LS:g=10,op=O3_JS_SWAP,accepted=false,fe=1412,before=[310.6521943984579,10523.511654541935,11720.644355644352],after=[340.2604494895796,10659.599023650642,11695.795870795868]
LS:g=10,op=O4_WA_LOAD_TRANSFER,accepted=true,fe=1413,before=[310.6521943984579,10523.511654541935,11720.644355644352],after=[310.6521943984579,10523.511654541935,11720.644355644352]
LS:g=10,op=O5_WA_WEAK_TO_STRONG,accepted=false,fe=1414,before=[310.6521943984579,10523.511654541935,11720.644355644352],after=[321.31381304477276,10219.985480144123,11717.462537462536]
LS:g=10,op=O6_WA_SWAP,accepted=true,fe=1415,before=[310.6521943984579,10523.511654541935,11720.644355644352],after=[310.6521943984579,10523.511654541935,11720.644355644352]
LS:g=10,op=O7_MA_LOAD_TRANSFER,accepted=true,fe=1416,before=[310.6521943984579,10523.511654541935,11720.644355644352],after=[310.6521943984579,10429.437750729494,11692.61405261405]
LS:g=10,op=O8_MA_WEAK_TO_STRONG,accepted=true,fe=1417,before=[310.6521943984579,10429.437750729494,11692.61405261405],after=[310.6521943984579,10429.437750729494,11692.61405261405]
LS:g=10,op=O9_MA_SWAP,accepted=false,fe=1418,before=[310.6521943984579,10429.437750729494,11692.61405261405],after=[310.6521943984579,10477.607986911124,11702.159507159504]
LS:g=10,op=CRITICAL_FACTORY_SWAP,accepted=false,fe=1419,before=[306.3206466935402,10096.677143544543,11516.560106560104],after=[302.4101224362222,10297.222476639141,11498.226773226772]
LS:g=10,op=CRITICAL_FACTORY_INSERT,accepted=true,fe=1420,before=[306.3206466935402,10096.677143544543,11516.560106560104],after=[295.91669773004895,10337.993284422739,11617.365967365964]
LS:g=10,op=O1_JS_INSERT,accepted=true,fe=1421,before=[295.91669773004895,10337.993284422739,11617.365967365964],after=[288.3134206924075,10171.149865013815,11624.487179487178]
LS:g=10,op=O2_JS_REVERSE,accepted=true,fe=1422,before=[288.3134206924075,10171.149865013815,11624.487179487178],after=[288.3134206924075,10171.149865013815,11624.487179487178]
LS:g=10,op=O3_JS_SWAP,accepted=false,fe=1423,before=[288.3134206924075,10171.149865013815,11624.487179487178],after=[289.3054919592782,10125.342915110856,11671.608391608392]
LS:g=10,op=O4_WA_LOAD_TRANSFER,accepted=false,fe=1424,before=[288.3134206924075,10171.149865013815,11624.487179487178],after=[289.6884720899268,10305.062440241834,11706.60839160839]
LS:g=10,op=O5_WA_WEAK_TO_STRONG,accepted=false,fe=1425,before=[288.3134206924075,10171.149865013815,11624.487179487178],after=[310.10062726889333,10146.855562963305,11576.153846153844]
LS:g=10,op=O6_WA_SWAP,accepted=true,fe=1426,before=[288.3134206924075,10171.149865013815,11624.487179487178],after=[288.3134206924075,10171.149865013815,11624.487179487178]
LS:g=10,op=O7_MA_LOAD_TRANSFER,accepted=true,fe=1427,before=[288.3134206924075,10171.149865013815,11624.487179487178],after=[288.3134206924075,10171.149865013815,11624.487179487178]
LS:g=10,op=O8_MA_WEAK_TO_STRONG,accepted=true,fe=1428,before=[288.3134206924075,10171.149865013815,11624.487179487178],after=[288.3134206924075,10171.149865013815,11624.487179487178]
LS:g=10,op=O9_MA_SWAP,accepted=true,fe=1429,before=[288.3134206924075,10171.149865013815,11624.487179487178],after=[288.3134206924075,10150.200627921038,11624.487179487178]
LS:g=10,op=CRITICAL_FACTORY_SWAP,accepted=false,fe=1430,before=[348.0613701213755,10388.512138992866,11639.405594405593],after=[329.85741108824203,10302.095797263533,11661.516816516812]
LS:g=10,op=CRITICAL_FACTORY_INSERT,accepted=true,fe=1431,before=[348.0613701213755,10388.512138992866,11639.405594405593],after=[336.0838587225445,10441.288952090497,11706.68831168831]
LS:g=10,op=O1_JS_INSERT,accepted=false,fe=1432,before=[336.0838587225445,10441.288952090497,11706.68831168831],after=[333.84927343264854,10479.128358135815,11732.445887445885]
LS:g=10,op=O2_JS_REVERSE,accepted=true,fe=1433,before=[336.0838587225445,10441.288952090497,11706.68831168831],after=[337.061489786874,10354.647045176347,11704.264069264065]
LS:g=10,op=O3_JS_SWAP,accepted=true,fe=1434,before=[337.061489786874,10354.647045176347,11704.264069264065],after=[274.738425263244,10001.506539118513,11753.051948051945]
LS:g=10,op=O4_WA_LOAD_TRANSFER,accepted=true,fe=1435,before=[274.738425263244,10001.506539118513,11753.051948051945],after=[290.1598825469147,10202.085194126188,11740.930735930733]
LS:g=10,op=O5_WA_WEAK_TO_STRONG,accepted=true,fe=1436,before=[290.1598825469147,10202.085194126188,11740.930735930733],after=[302.69981988360576,9792.590777483174,11680.779220779217]
LS:g=10,op=O6_WA_SWAP,accepted=true,fe=1437,before=[302.69981988360576,9792.590777483174,11680.779220779217],after=[302.69981988360576,9792.590777483174,11680.779220779217]
LS:g=10,op=O7_MA_LOAD_TRANSFER,accepted=true,fe=1438,before=[302.69981988360576,9792.590777483174,11680.779220779217],after=[302.69981988360576,9792.590777483174,11680.779220779217]
LS:g=10,op=O8_MA_WEAK_TO_STRONG,accepted=true,fe=1439,before=[302.69981988360576,9792.590777483174,11680.779220779217],after=[302.69981988360576,9792.590777483174,11680.779220779217]
LS:g=10,op=O9_MA_SWAP,accepted=true,fe=1440,before=[302.69981988360576,9792.590777483174,11680.779220779217],after=[302.69981988360576,9792.590777483174,11680.779220779217]
GENERATION_END:g=10,fe=1440,archive=25
GROUP:g=11,name=G1_CMAX,members=JS=[9, 13, 14, 3, 15, 19, 7, 1, 17, 16, 2, 11, 10, 4, 18, 0, 12, 5, 8, 6]|FA=[2, 2, 1, 1, 0, 2, 0, 1, 1, 2, 1, 0, 2, 0, 1, 1, 0, 0, 2, 2]|MA=[0, 1, 1, 0, 3, 0, 3, 0, 0, 1, 0, 0, 0, 0, 0, 1, 1, 2, 0, 1]|WA=[1, 0, 1, 1, 1, 1, 1, 1, 1, 1, 1, 1, 1, 2, 0, 1, 2, 0, 0, 1]@[200.8942634667958,9866.723956762296,12011.776556776555];JS=[13, 14, 3, 11, 19, 15, 1, 17, 6, 7, 12, 4, 16, 9, 2, 8, 18, 0, 10, 5]|FA=[2, 2, 0, 0, 0, 2, 0, 2, 0, 0, 1, 0, 1, 2, 1, 0, 1, 1, 1, 2]|MA=[0, 0, 0, 1, 0, 0, 0, 0, 3, 0, 1, 1, 0, 0, 0, 1, 0, 0, 1, 0]|WA=[0, 1, 2, 0, 1, 1, 1, 0, 2, 2, 1, 1, 1, 0, 1, 2, 0, 1, 0, 1]@[235.9043473133612,9829.741745843963,12272.331002331002];
GROUP:g=11,name=G2_TEC,members=JS=[13, 14, 3, 11, 9, 15, 4, 17, 7, 18, 8, 1, 19, 2, 10, 5, 0, 12, 16, 6]|FA=[2, 1, 1, 2, 2, 0, 1, 1, 2, 1, 0, 0, 0, 0, 1, 1, 1, 0, 2, 2]|MA=[1, 1, 1, 0, 0, 3, 1, 0, 1, 1, 1, 1, 1, 1, 0, 0, 1, 1, 0, 1]|WA=[1, 1, 1, 0, 1, 1, 1, 1, 1, 1, 2, 1, 1, 1, 1, 1, 1, 2, 0, 1]@[282.4950487043475,9406.031332876051,12438.325008325006];JS=[11, 13, 2, 6, 17, 4, 14, 9, 8, 15, 0, 7, 3, 5, 1, 16, 18, 12, 19, 10]|FA=[0, 1, 2, 2, 2, 2, 2, 2, 2, 2, 2, 2, 1, 0, 1, 2, 1, 0, 0, 2]|MA=[0, 1, 0, 1, 0, 0, 0, 1, 1, 0, 1, 1, 1, 0, 0, 0, 0, 0, 0, 1]|WA=[1, 1, 1, 1, 1, 1, 1, 1, 0, 0, 1, 1, 1, 1, 1, 0, 1, 1, 2, 1]@[302.69981988360576,9792.590777483174,11680.779220779217];
GROUP:g=11,name=G3_TWC,members=JS=[13, 5, 7, 12, 3, 15, 4, 17, 9, 16, 11, 2, 0, 14, 1, 6, 18, 8, 19, 10]|FA=[2, 1, 2, 0, 2, 2, 2, 2, 2, 2, 2, 2, 1, 0, 1, 2, 1, 0, 2, 2]|MA=[1, 1, 0, 3, 0, 0, 1, 1, 1, 0, 1, 1, 1, 0, 0, 0, 0, 0, 1, 0]|WA=[1, 1, 1, 2, 1, 0, 0, 1, 1, 1, 1, 1, 0, 0, 0, 1, 1, 0, 0, 0]@[360.7694457291518,11062.366107975524,11376.98135198135];JS=[13, 5, 7, 12, 3, 15, 4, 17, 9, 16, 11, 2, 0, 14, 1, 6, 18, 8, 19, 10]|FA=[0, 1, 2, 2, 2, 2, 2, 2, 2, 2, 2, 2, 1, 0, 1, 2, 1, 0, 2, 2]|MA=[0, 1, 0, 0, 0, 0, 1, 1, 1, 0, 1, 1, 1, 0, 0, 0, 0, 0, 1, 1]|WA=[1, 1, 0, 1, 1, 0, 0, 1, 1, 1, 1, 1, 0, 0, 0, 1, 1, 0, 0, 1]@[339.2722757752922,11110.253548708086,11459.771894771893];
GROUP:g=11,name=G4_CENTER,members=JS=[11, 13, 2, 6, 17, 4, 14, 9, 8, 15, 0, 7, 3, 5, 1, 16, 18, 12, 19, 10]|FA=[0, 1, 2, 2, 2, 2, 2, 2, 2, 2, 2, 2, 1, 0, 1, 2, 1, 0, 0, 2]|MA=[0, 1, 0, 1, 0, 0, 0, 1, 1, 0, 1, 1, 1, 0, 0, 0, 0, 0, 0, 1]|WA=[1, 1, 1, 1, 1, 1, 1, 1, 0, 0, 1, 1, 1, 1, 1, 0, 1, 1, 2, 1]@[302.69981988360576,9792.590777483174,11680.779220779217];JS=[11, 13, 2, 8, 9, 15, 1, 10, 17, 5, 3, 19, 7, 14, 4, 16, 18, 12, 6, 0]|FA=[0, 1, 2, 2, 2, 2, 2, 2, 2, 2, 2, 2, 1, 0, 1, 0, 1, 0, 2, 2]|MA=[0, 1, 0, 0, 1, 0, 0, 1, 1, 1, 1, 0, 1, 0, 0, 0, 0, 0, 0, 1]|WA=[1, 1, 1, 1, 1, 0, 0, 1, 0, 1, 1, 1, 1, 1, 1, 0, 1, 2, 1, 1]@[288.3134206924075,10150.200627921038,11624.487179487178];JS=[11, 13, 2, 8, 9, 15, 1, 17, 16, 10, 4, 5, 0, 14, 18, 19, 12, 3, 7, 6]|FA=[2, 2, 0, 1, 2, 2, 2, 2, 2, 2, 1, 0, 1, 2, 1, 1, 0, 0, 2, 2]|MA=[0, 0, 0, 1, 1, 0, 0, 1, 1, 0, 1, 3, 1, 0, 0, 0, 0, 0, 0, 1]|WA=[0, 1, 1, 1, 1, 1, 0, 0, 1, 1, 1, 1, 1, 1, 1, 0, 1, 2, 0, 1]@[274.4395856918672,10026.275418536132,11741.19214119214];JS=[11, 13, 2, 8, 9, 15, 1, 17, 5, 3, 10, 19, 7, 14, 4, 16, 18, 12, 6, 0]|FA=[0, 1, 2, 2, 2, 2, 2, 2, 2, 2, 2, 2, 1, 0, 1, 2, 1, 0, 2, 2]|MA=[0, 1, 0, 0, 1, 0, 0, 1, 1, 0, 1, 1, 1, 0, 0, 0, 0, 0, 0, 1]|WA=[1, 1, 1, 1, 1, 0, 0, 0, 1, 1, 1, 1, 1, 1, 1, 0, 1, 2, 1, 1]@[306.3206466935402,10096.677143544543,11516.560106560104];
OP:JS_INITIAL_SWAP:13:4
OP:JS_GUIDE:PBEST:r=0.5177230014025508:pairs=[(0,1), (1,2), (2,3), (3,5), (4,18), (5,7), (6,8), (7,16), (8,19), (10,14), (11,12), (12,18), (13,19), (14,16), (15,19), (17,19), (18,19)]
OP:JS_GUIDE:QGBEST:r=0.4844112141123009:pairs=[(0,16), (1,16), (2,16), (3,16), (4,13), (5,16), (6,8), (7,16), (13,18)]
OP:MA_MUTATE:19:1:0
OP:REPAIR:WA:7:2:0:[0,1]
OP:JS_INITIAL_SWAP:18:2
OP:JS_GUIDE:PBEST:r=0.526701868710571:pairs=[(2,18), (3,4), (4,15), (5,6), (6,7), (7,10), (9,12), (10,16), (11,18), (12,18), (13,18), (14,18), (15,16), (16,18), (18,19)]
OP:JS_GUIDE:QGBEST:r=0.1214921528050004:pairs=[(0,13), (1,13), (2,13), (3,13), (4,10), (5,13), (6,12), (7,13), (8,12), (10,14), (11,15), (12,18), (13,15), (14,16), (15,17), (16,17), (17,19), (18,19)]
OP:REPAIR:WA:9:2:1:[0,1]
OP:REPAIR:WA:13:2:0:[0,1]
OP:REPAIR:WA:16:2:0:[0,1]
Q:g=11,group=G1_CMAX,round=0,state=0,action=3,reward=-39.235160450168536,nextState=1,phase=BEFORE_LOCAL_SEARCH
OP:JS_INITIAL_SWAP:12:17
OP:JS_GUIDE:PBEST:r=0.41784142005368397:pairs=[(0,1), (1,2), (2,3), (3,16), (8,19), (10,14), (11,17), (12,18), (13,19), (14,16), (15,19), (17,19)]
OP:JS_GUIDE:QGBEST:r=0.5923377372581832:pairs=[(3,11), (4,11), (5,13), (6,13), (7,13), (8,11), (9,18), (10,18), (11,15), (12,17), (13,19), (14,19), (16,19), (17,18), (18,19)]
OP:FA_MUTATE:5:2:0
OP:FA_SYNC_MA:5:0:2
OP:FA_SYNC_WA:5:1:1
OP:REPAIR:MA:7:3:0:[0,1]
OP:REPAIR:MA:8:3:1:[0,1]
OP:REPAIR:MA:10:3:1:[0,1]
OP:REPAIR:MA:8:3:0:[0,1]
OP:REPAIR:WA:7:2:0:[0,1]
OP:JS_INITIAL_SWAP:18:16
OP:JS_GUIDE:PBEST:r=0.19289554811095286:pairs=[(0,1), (1,13), (10,18), (11,16), (12,16), (13,16), (14,16), (15,18), (18,19)]
OP:JS_GUIDE:QGBEST:r=0.18610476479266197:pairs=[(1,13), (3,15), (4,15), (5,10), (6,10), (7,10), (8,15), (9,11), (10,11), (11,17), (12,16), (13,16), (14,17), (16,18)]
OP:REPAIR:MA:9:2:0:[0,1]
OP:REPAIR:MA:11:3:0:[0,1]
Q:g=11,group=G1_CMAX,round=1,state=1,action=2,reward=22.527284444711754,nextState=0,phase=BEFORE_LOCAL_SEARCH
OP:JS_INITIAL_SWAP:10:14
OP:JS_GUIDE:PBEST:r=0.09660385098663267:pairs=[(4,12), (5,10), (6,13), (7,12), (8,18), (9,10), (10,14), (15,16), (16,17)]
OP:JS_GUIDE:QGBEST:r=0.209634870139281:pairs=[(0,2), (9,10), (10,14), (15,16), (16,17)]
OP:JS_INITIAL_SWAP:12:3
OP:JS_GUIDE:PBEST:r=0.09288565790452438:pairs=[(0,1), (1,6), (2,3), (3,6), (4,7), (5,11), (6,14), (9,11), (10,15), (11,18), (12,19), (13,18), (14,17), (18,19)]
OP:JS_GUIDE:QGBEST:r=0.3698457182699528:pairs=[(0,3), (1,6), (2,3), (3,6), (4,7), (5,9), (6,9), (8,11), (9,19), (10,11), (11,14), (12,18), (13,19), (14,16), (15,16), (16,17), (17,19), (18,19)]
OP:REPAIR:MA:6:2:1:[0,1]
OP:REPAIR:MA:7:3:0:[0,1]
OP:REPAIR:MA:5:3:1:[0,1]
Q:g=11,group=G2_TEC,round=0,state=0,action=1,reward=-219.84291959638722,nextState=1,phase=BEFORE_LOCAL_SEARCH
OP:JS_INITIAL_SWAP:0:7
OP:JS_GUIDE:PBEST:r=0.10685933394541454:pairs=[(0,2), (2,7), (4,12), (5,10), (6,13), (7,12), (8,18), (9,10), (10,14), (15,16), (16,17)]
OP:JS_GUIDE:QGBEST:r=0.2937730377291767:pairs=[(0,7), (2,7), (8,14), (9,18), (10,12), (11,12), (12,14), (13,19), (14,17), (15,16), (16,17), (17,19)]
OP:WA_MUTATE:9:1:0
OP:JS_INITIAL_SWAP:14:5
OP:JS_GUIDE:PBEST:r=0.4031865360032602:pairs=[(0,2), (5,11), (6,11), (10,15), (11,18), (12,19), (13,14), (14,17), (17,18), (18,19)]
OP:JS_GUIDE:QGBEST:r=0.29714124519991614:pairs=[(0,2), (5,14), (6,9), (9,10), (10,18), (11,19), (12,14), (13,14), (14,17), (16,18), (17,19)]
OP:REPAIR:MA:16:3:1:[0,1]
OP:WA_MUTATE:4:1:0
Q:g=11,group=G2_TEC,round=1,state=1,action=2,reward=482.5966339724364,nextState=0,phase=BEFORE_LOCAL_SEARCH
OP:JS_INITIAL_SWAP:10:9
OP:JS_GUIDE:PBEST:r=0.04248604906905584:pairs=[(11,13), (12,17), (13,19), (14,17), (15,16), (16,19), (17,19)]
OP:JS_GUIDE:QGBEST:r=0.5620926928133765:pairs=[(9,10)]
OP:JS_INITIAL_SWAP:14:12
OP:JS_GUIDE:PBEST:r=0.5882890038518908:pairs=[(9,10), (11,13), (12,17), (13,19), (15,16), (16,19), (17,19)]
OP:JS_GUIDE:QGBEST:r=0.3095699542260165:pairs=[(9,10), (11,19), (12,14), (13,19), (14,17)]
Q:g=11,group=G3_TWC,round=0,state=0,action=3,reward=-8.988511488510994,nextState=1,phase=BEFORE_LOCAL_SEARCH
OP:JS_INITIAL_SWAP:3:11
OP:JS_GUIDE:PBEST:r=0.22860632684204152:pairs=[(3,11)]
OP:JS_GUIDE:QGBEST:r=0.3884721050291256:pairs=[(3,11), (9,10)]
OP:JS_INITIAL_SWAP:2:8
OP:JS_GUIDE:PBEST:r=0.40589051442337726:pairs=[(2,8), (9,10), (15,16), (16,19), (17,19)]
OP:JS_GUIDE:QGBEST:r=0.43197840057820036:pairs=[(9,10), (11,19), (12,14), (13,19), (14,17)]
OP:FA_MUTATE:3:2:0
OP:FA_SYNC_MA:3:0:2
OP:FA_SYNC_WA:3:1:0
OP:REPAIR:MA:11:3:0:[0,1]
Q:g=11,group=G3_TWC,round=1,state=1,action=1,reward=-60.06243756243657,nextState=1,phase=BEFORE_LOCAL_SEARCH
OP:JS_INITIAL_SWAP:19:17
OP:JS_GUIDE:PBEST:r=0.19208355896244583:pairs=[(0,1), (1,13), (2,7), (3,5), (4,9), (5,8), (6,9), (7,19), (8,11), (9,13), (10,15), (11,18), (12,17), (13,17), (17,19)]
OP:JS_GUIDE:QGBEST:r=0.03636938552751483:pairs=[(0,13), (1,13), (3,8), (4,7), (5,9), (6,14), (7,17), (8,17), (9,13), (10,12), (11,18), (12,18), (13,14), (17,19), (18,19)]
OP:REPAIR:MA:11:3:1:[0,1]
OP:JS_INITIAL_SWAP:18:5
OP:JS_GUIDE:PBEST:r=0.14600767381531077:pairs=[(0,1), (1,9), (2,4), (3,14), (4,18), (5,14), (6,8), (7,17), (8,12), (10,15), (12,17), (13,15), (14,17), (15,19), (17,18)]
OP:JS_GUIDE:QGBEST:r=0.3336649855612819:pairs=[(0,9), (1,9), (5,18)]
OP:REPAIR:WA:17:2:1:[0,1]
OP:WA_MUTATE:12:1:0
OP:JS_INITIAL_SWAP:19:7
OP:JS_GUIDE:PBEST:r=0.5168536747348058:pairs=[(0,1), (1,11), (2,4), (3,10), (4,5), (5,10), (6,19), (7,16), (8,18), (9,11), (10,18), (11,15), (12,15), (13,17), (14,19), (16,19), (17,18), (18,19)]
OP:JS_GUIDE:QGBEST:r=0.34435137336175914:pairs=[(0,11), (1,11), (2,10), (3,5), (4,10), (5,10), (6,19), (7,9), (8,19), (9,11), (10,17), (11,15), (12,19), (14,17), (15,18), (16,17), (17,18)]
OP:JS_INITIAL_SWAP:10:8
OP:JS_GUIDE:PBEST:r=0.37146092053367336:pairs=[(0,1), (1,10), (2,4), (3,14), (4,5), (5,14), (6,7), (7,17), (8,12), (9,10), (10,15), (13,15), (14,17), (15,19)]
OP:JS_GUIDE:QGBEST:r=0.2965783476476647:pairs=[(0,10), (1,10), (2,5), (3,14), (4,5), (7,8), (9,10)]
OP:WA_MUTATE:3:0:1
Q:g=11,group=G4_CENTER,round=0,state=0,action=3,reward=-0.09886317059376787,nextState=1,phase=BEFORE_LOCAL_SEARCH
OP:JS_INITIAL_SWAP:12:5
OP:JS_GUIDE:PBEST:r=0.31233643371549963:pairs=[(2,11), (3,18), (4,5), (5,9), (6,13), (11,12), (17,19)]
OP:JS_GUIDE:QGBEST:r=0.006003468149006319:pairs=[(0,13), (1,13), (2,11), (3,8), (4,7), (5,12), (6,7), (7,19), (8,11), (9,17), (10,17), (11,13), (12,17), (13,19), (14,16), (15,19), (16,18), (18,19)]
OP:REPAIR:WA:18:2:1:[0,1]
OP:JS_INITIAL_SWAP:16:16
OP:JS_GUIDE:PBEST:r=0.5375565224306212:pairs=[(1,9), (5,18)]
OP:JS_GUIDE:QGBEST:r=0.5788214509709912:pairs=[(5,14), (6,8), (7,17), (8,12), (9,17), (10,18), (11,17), (12,19), (14,16), (15,17), (17,18)]
OP:JS_INITIAL_SWAP:8:17
OP:JS_GUIDE:PBEST:r=0.0022469281977813616:pairs=[(8,17)]
OP:JS_GUIDE:QGBEST:r=0.14346853552118577:pairs=[(8,17)]
OP:FA_MUTATE:7:2:2
OP:FA_SYNC_MA:7:1:1
OP:FA_SYNC_WA:7:0:0
OP:JS_INITIAL_SWAP:9:10
OP:JS_GUIDE:PBEST:r=0.039735025309736494:pairs=[(2,5), (3,14), (4,5), (8,9), (9,10)]
OP:JS_GUIDE:QGBEST:r=0.5314350461879047:pairs=[(2,5), (3,14), (4,5), (5,14), (6,7), (7,17), (8,12), (9,12), (10,14), (11,12), (12,19), (14,16), (15,19), (16,18), (17,18), (18,19)]
OP:MA_MUTATE:8:0:1
Q:g=11,group=G4_CENTER,round=1,state=1,action=3,reward=0.07557203951290165,nextState=0,phase=BEFORE_LOCAL_SEARCH
LS:g=11,op=CRITICAL_FACTORY_SWAP,accepted=false,fe=1461,before=[228.04792062374673,9806.743650768309,12077.462537462536],after=[246.3286977469147,9872.291451979325,12210.078255078253]
LS:g=11,op=CRITICAL_FACTORY_INSERT,accepted=true,fe=1462,before=[228.04792062374673,9806.743650768309,12077.462537462536],after=[225.35121918586344,9888.076981115251,12238.349983349983]
LS:g=11,op=O1_JS_INSERT,accepted=false,fe=1463,before=[225.35121918586344,9888.076981115251,12238.349983349983],after=[231.61718426208364,9948.14995116389,12222.440892440893]
LS:g=11,op=O2_JS_REVERSE,accepted=false,fe=1464,before=[225.35121918586344,9888.076981115251,12238.349983349983],after=[234.80886782000607,9983.54137337622,12218.653013653013]
LS:g=11,op=O3_JS_SWAP,accepted=true,fe=1465,before=[225.35121918586344,9888.076981115251,12238.349983349983],after=[225.35121918586344,9888.076981115251,12238.349983349983]
LS:g=11,op=O4_WA_LOAD_TRANSFER,accepted=true,fe=1466,before=[225.35121918586344,9888.076981115251,12238.349983349983],after=[225.35121918586344,9888.076981115251,12238.349983349983]
LS:g=11,op=O5_WA_WEAK_TO_STRONG,accepted=true,fe=1467,before=[225.35121918586344,9888.076981115251,12238.349983349983],after=[220.34787575760828,9856.484846721261,12224.363969363969]
LS:g=11,op=O6_WA_SWAP,accepted=false,fe=1468,before=[220.34787575760828,9856.484846721261,12224.363969363969],after=[232.97235655039458,9894.81092118189,12221.566766566766]
LS:g=11,op=O7_MA_LOAD_TRANSFER,accepted=true,fe=1469,before=[220.34787575760828,9856.484846721261,12224.363969363969],after=[220.34787575760825,9992.970104836542,12260.785880785881]
LS:g=11,op=O8_MA_WEAK_TO_STRONG,accepted=true,fe=1470,before=[220.34787575760825,9992.970104836542,12260.785880785881],after=[205.39499660888904,9765.21656148075,12244.060939060939]
LS:g=11,op=O9_MA_SWAP,accepted=true,fe=1471,before=[205.39499660888904,9765.21656148075,12244.060939060939],after=[205.39499660888904,9765.21656148075,12244.060939060939]
LS:g=11,op=CRITICAL_FACTORY_SWAP,accepted=false,fe=1472,before=[242.16644216732382,10134.077619422234,12397.955377955379],after=[255.4836037693023,10103.606669368206,12469.065934065933]
LS:g=11,op=CRITICAL_FACTORY_INSERT,accepted=true,fe=1473,before=[242.16644216732382,10134.077619422234,12397.955377955379],after=[231.27839228466206,9913.19440301893,12443.258408258407]
LS:g=11,op=O1_JS_INSERT,accepted=false,fe=1474,before=[231.27839228466206,9913.19440301893,12443.258408258407],after=[248.2259677416834,9946.38103925073,12443.258408258407]
LS:g=11,op=O2_JS_REVERSE,accepted=true,fe=1475,before=[231.27839228466206,9913.19440301893,12443.258408258407],after=[231.27839228466206,9913.19440301893,12443.258408258407]
LS:g=11,op=O3_JS_SWAP,accepted=true,fe=1476,before=[231.27839228466206,9913.19440301893,12443.258408258407],after=[231.27839228466206,9940.79464995713,12443.258408258407]
LS:g=11,op=O4_WA_LOAD_TRANSFER,accepted=true,fe=1477,before=[231.27839228466206,9940.79464995713,12443.258408258407],after=[231.27839228466206,10148.761556532058,12443.258408258407]
LS:g=11,op=O5_WA_WEAK_TO_STRONG,accepted=false,fe=1478,before=[231.27839228466206,10148.761556532058,12443.258408258407],after=[231.2783922846621,9855.660128537123,12443.258408258407]
LS:g=11,op=O6_WA_SWAP,accepted=false,fe=1479,before=[231.27839228466206,10148.761556532058,12443.258408258407],after=[231.2783922846621,10162.23229979808,12443.258408258407]
LS:g=11,op=O7_MA_LOAD_TRANSFER,accepted=false,fe=1480,before=[231.27839228466206,10148.761556532058,12443.258408258407],after=[235.01656988861936,10281.448938360005,12443.258408258407]
LS:g=11,op=O8_MA_WEAK_TO_STRONG,accepted=false,fe=1481,before=[231.27839228466206,10148.761556532058,12443.258408258407],after=[231.2783922846621,9877.919181985653,12343.258408258407]
LS:g=11,op=O9_MA_SWAP,accepted=false,fe=1482,before=[231.27839228466206,10148.761556532058,12443.258408258407],after=[231.2783922846621,10138.036026008338,12355.5661005661]
LS:g=11,op=CRITICAL_FACTORY_SWAP,accepted=true,fe=1483,before=[247.58446316497742,8665.638455755054,11974.232434232432],after=[247.58446316497742,8421.080485099228,11995.384615384612]
LS:g=11,op=CRITICAL_FACTORY_INSERT,accepted=false,fe=1484,before=[247.58446316497742,8421.080485099228,11995.384615384612],after=[247.58446316497742,8469.702862451926,12026.543456543453]
LS:g=11,op=O1_JS_INSERT,accepted=true,fe=1485,before=[247.58446316497742,8421.080485099228,11995.384615384612],after=[247.58446316497742,8421.080485099228,11995.384615384612]
LS:g=11,op=O2_JS_REVERSE,accepted=false,fe=1486,before=[247.58446316497742,8421.080485099228,11995.384615384612],after=[252.27246854995414,8468.575585522176,11993.111888111885]
LS:g=11,op=O3_JS_SWAP,accepted=true,fe=1487,before=[247.58446316497742,8421.080485099228,11995.384615384612],after=[247.58446316497742,8291.076401915792,12026.899766899764]
LS:g=11,op=O4_WA_LOAD_TRANSFER,accepted=false,fe=1488,before=[247.58446316497742,8291.076401915792,12026.899766899764],after=[247.58446316497742,8362.364138110992,12026.899766899764]
LS:g=11,op=O5_WA_WEAK_TO_STRONG,accepted=false,fe=1489,before=[247.58446316497742,8291.076401915792,12026.899766899764],after=[247.58446316497742,8301.31173546824,11961.74825174825]
LS:g=11,op=O6_WA_SWAP,accepted=true,fe=1490,before=[247.58446316497742,8291.076401915792,12026.899766899764],after=[247.58446316497742,8291.076401915792,12026.899766899764]
LS:g=11,op=O7_MA_LOAD_TRANSFER,accepted=true,fe=1491,before=[247.58446316497742,8291.076401915792,12026.899766899764],after=[247.58446316497742,8291.076401915792,12026.899766899764]
LS:g=11,op=O8_MA_WEAK_TO_STRONG,accepted=true,fe=1492,before=[247.58446316497742,8291.076401915792,12026.899766899764],after=[247.58446316497742,8291.076401915792,12026.899766899764]
LS:g=11,op=O9_MA_SWAP,accepted=true,fe=1493,before=[247.58446316497742,8291.076401915792,12026.899766899764],after=[247.58446316497742,8291.076401915792,12026.899766899764]
LS:g=11,op=CRITICAL_FACTORY_SWAP,accepted=false,fe=1494,before=[261.01424901063103,10007.476225852073,12080.717615717615],after=[287.56925390061144,10055.63476228834,12084.202464202463]
LS:g=11,op=CRITICAL_FACTORY_INSERT,accepted=false,fe=1495,before=[261.01424901063103,10007.476225852073,12080.717615717615],after=[261.01424901063103,10020.319316487443,12041.713286713286]
LS:g=11,op=O1_JS_INSERT,accepted=true,fe=1496,before=[261.01424901063103,10007.476225852073,12080.717615717615],after=[261.01424901063103,10007.476225852073,12080.717615717615]
LS:g=11,op=O2_JS_REVERSE,accepted=true,fe=1497,before=[261.01424901063103,10007.476225852073,12080.717615717615],after=[261.01424901063103,10007.476225852073,12080.717615717615]
LS:g=11,op=O3_JS_SWAP,accepted=true,fe=1498,before=[261.01424901063103,10007.476225852073,12080.717615717615],after=[261.01424901063103,10007.476225852073,12080.717615717615]
LS:g=11,op=O4_WA_LOAD_TRANSFER,accepted=false,fe=1499,before=[261.01424901063103,10007.476225852073,12080.717615717615],after=[261.01424901063103,10037.578648973347,12080.717615717615]
LS:g=11,op=O5_WA_WEAK_TO_STRONG,accepted=true,fe=1500,before=[261.01424901063103,10007.476225852073,12080.717615717615],after=[231.1012729625283,9849.571281747329,12080.717615717615]
LS:g=11,op=O6_WA_SWAP,accepted=true,fe=1501,before=[231.1012729625283,9849.571281747329,12080.717615717615],after=[231.1012729625283,9849.571281747329,12080.717615717615]
LS:g=11,op=O7_MA_LOAD_TRANSFER,accepted=false,fe=1502,before=[231.1012729625283,9849.571281747329,12080.717615717615],after=[283.7445046496557,9995.743361346375,12143.025308025308]
LS:g=11,op=O8_MA_WEAK_TO_STRONG,accepted=true,fe=1503,before=[231.1012729625283,9849.571281747329,12080.717615717615],after=[249.2591918369631,9343.747350650414,11952.146187146185]
LS:g=11,op=O9_MA_SWAP,accepted=true,fe=1504,before=[249.2591918369631,9343.747350650414,11952.146187146185],after=[249.2591918369631,9343.747350650414,11952.146187146185]
LS:g=11,op=CRITICAL_FACTORY_SWAP,accepted=false,fe=1505,before=[357.27790621368933,11262.67089238179,11312.82384282384],after=[385.08747056013385,11147.719568659797,11488.29004329004]
LS:g=11,op=CRITICAL_FACTORY_INSERT,accepted=false,fe=1506,before=[357.27790621368933,11262.67089238179,11312.82384282384],after=[301.5314432578075,10792.711550102611,11489.197469197466]
LS:g=11,op=O1_JS_INSERT,accepted=false,fe=1507,before=[357.27790621368933,11262.67089238179,11312.82384282384],after=[367.02160469769626,10944.484825504762,11505.854145854142]
LS:g=11,op=O2_JS_REVERSE,accepted=false,fe=1508,before=[357.27790621368933,11262.67089238179,11312.82384282384],after=[361.3053196373015,11177.772572832404,11398.126873126872]
LS:g=11,op=O3_JS_SWAP,accepted=true,fe=1509,before=[357.27790621368933,11262.67089238179,11312.82384282384],after=[357.27790621368933,11262.67089238179,11312.82384282384]
LS:g=11,op=O4_WA_LOAD_TRANSFER,accepted=false,fe=1510,before=[357.27790621368933,11262.67089238179,11312.82384282384],after=[343.45140973245793,11273.706137192637,11339.490509490506]
LS:g=11,op=O5_WA_WEAK_TO_STRONG,accepted=false,fe=1511,before=[357.27790621368933,11262.67089238179,11312.82384282384],after=[337.21634003135114,11126.736510394252,11483.732933732932]
LS:g=11,op=O6_WA_SWAP,accepted=true,fe=1512,before=[357.27790621368933,11262.67089238179,11312.82384282384],after=[357.27790621368933,11262.67089238179,11312.82384282384]
LS:g=11,op=O7_MA_LOAD_TRANSFER,accepted=false,fe=1513,before=[357.27790621368933,11262.67089238179,11312.82384282384],after=[362.86692967013704,11054.149943704364,11421.763236763234]
LS:g=11,op=O8_MA_WEAK_TO_STRONG,accepted=true,fe=1514,before=[357.27790621368933,11262.67089238179,11312.82384282384],after=[357.27790621368933,11262.67089238179,11312.82384282384]
LS:g=11,op=O9_MA_SWAP,accepted=true,fe=1515,before=[357.27790621368933,11262.67089238179,11312.82384282384],after=[351.18505832490877,10795.356401427498,11306.611721611718]
LS:g=11,op=CRITICAL_FACTORY_SWAP,accepted=false,fe=1516,before=[261.7155107579647,10239.640309462966,11662.031302031299],after=[275.94192623542057,10332.484112559652,11721.65501165501]
LS:g=11,op=CRITICAL_FACTORY_INSERT,accepted=false,fe=1517,before=[261.7155107579647,10239.640309462966,11662.031302031299],after=[269.10575584015396,10719.266616973819,11740.109890109887]
LS:g=11,op=O1_JS_INSERT,accepted=true,fe=1518,before=[261.7155107579647,10239.640309462966,11662.031302031299],after=[261.7155107579647,10239.640309462966,11662.031302031299]
LS:g=11,op=O2_JS_REVERSE,accepted=false,fe=1519,before=[261.7155107579647,10239.640309462966,11662.031302031299],after=[249.75984334237916,10391.7267581868,11699.304029304025]
LS:g=11,op=O3_JS_SWAP,accepted=true,fe=1520,before=[261.7155107579647,10239.640309462966,11662.031302031299],after=[261.7155107579647,10440.394648557764,11662.031302031299]
LS:g=11,op=O4_WA_LOAD_TRANSFER,accepted=true,fe=1521,before=[261.7155107579647,10440.394648557764,11662.031302031299],after=[281.22214630951464,10683.50861866562,11662.031302031299]
LS:g=11,op=O5_WA_WEAK_TO_STRONG,accepted=true,fe=1522,before=[281.22214630951464,10683.50861866562,11662.031302031299],after=[287.7639196581445,10529.908328792179,11651.122211122207]
LS:g=11,op=O6_WA_SWAP,accepted=true,fe=1523,before=[287.7639196581445,10529.908328792179,11651.122211122207],after=[287.7639196581445,10529.908328792179,11651.122211122207]
LS:g=11,op=O7_MA_LOAD_TRANSFER,accepted=false,fe=1524,before=[287.7639196581445,10529.908328792179,11651.122211122207],after=[330.5003633274052,10680.572629425844,11673.84948384948]
LS:g=11,op=O8_MA_WEAK_TO_STRONG,accepted=true,fe=1525,before=[287.7639196581445,10529.908328792179,11651.122211122207],after=[287.7639196581445,10529.908328792179,11651.122211122207]
LS:g=11,op=O9_MA_SWAP,accepted=true,fe=1526,before=[287.7639196581445,10529.908328792179,11651.122211122207],after=[287.7639196581445,10529.908328792179,11651.122211122207]
LS:g=11,op=CRITICAL_FACTORY_SWAP,accepted=false,fe=1527,before=[303.3925944419203,10029.300617161773,11668.23343323343],after=[295.87892270312295,10181.452992744125,11633.461538461535]
LS:g=11,op=CRITICAL_FACTORY_INSERT,accepted=true,fe=1528,before=[303.3925944419203,10029.300617161773,11668.23343323343],after=[261.52115481771625,9619.206534134362,11781.040626040623]
LS:g=11,op=O1_JS_INSERT,accepted=true,fe=1529,before=[261.52115481771625,9619.206534134362,11781.040626040623],after=[261.52115481771625,9634.79528382607,11738.91941391941]
LS:g=11,op=O2_JS_REVERSE,accepted=false,fe=1530,before=[261.52115481771625,9634.79528382607,11738.91941391941],after=[281.6053878654344,9972.10167417597,11751.040626040625]
LS:g=11,op=O3_JS_SWAP,accepted=false,fe=1531,before=[261.52115481771625,9634.79528382607,11738.91941391941],after=[261.52115481771625,9743.256127390508,11805.737595737592]
LS:g=11,op=O4_WA_LOAD_TRANSFER,accepted=false,fe=1532,before=[261.52115481771625,9634.79528382607,11738.91941391941],after=[244.17608425967674,9805.787029748435,11737.555777555774]
LS:g=11,op=O5_WA_WEAK_TO_STRONG,accepted=false,fe=1533,before=[261.52115481771625,9634.79528382607,11738.91941391941],after=[313.86721298830764,9728.490123809554,11697.70729270729]
LS:g=11,op=O6_WA_SWAP,accepted=true,fe=1534,before=[261.52115481771625,9634.79528382607,11738.91941391941],after=[261.52115481771625,9634.79528382607,11738.91941391941]
LS:g=11,op=O7_MA_LOAD_TRANSFER,accepted=false,fe=1535,before=[261.52115481771625,9634.79528382607,11738.91941391941],after=[261.52115481771625,9691.497885557179,11738.91941391941]
LS:g=11,op=O8_MA_WEAK_TO_STRONG,accepted=true,fe=1536,before=[261.52115481771625,9634.79528382607,11738.91941391941],after=[261.52115481771625,9634.79528382607,11738.91941391941]
LS:g=11,op=O9_MA_SWAP,accepted=false,fe=1537,before=[261.52115481771625,9634.79528382607,11738.91941391941],after=[261.52115481771625,9622.872856603894,11761.343656343653]
LS:g=11,op=CRITICAL_FACTORY_SWAP,accepted=false,fe=1538,before=[277.9744149319902,9710.62099754098,11934.457209457207],after=[277.9744149319902,9895.781509112265,11790.680985680985]
LS:g=11,op=CRITICAL_FACTORY_INSERT,accepted=true,fe=1539,before=[277.9744149319902,9710.62099754098,11934.457209457207],after=[277.9744149319902,9667.201827811003,11987.021312021308]
LS:g=11,op=O1_JS_INSERT,accepted=true,fe=1540,before=[277.9744149319902,9667.201827811003,11987.021312021308],after=[277.9744149319902,9570.337488409266,12012.32434232434]
LS:g=11,op=O2_JS_REVERSE,accepted=true,fe=1541,before=[277.9744149319902,9570.337488409266,12012.32434232434],after=[223.5175144414031,9881.91228610733,11960.506160506156]
LS:g=11,op=O3_JS_SWAP,accepted=true,fe=1542,before=[223.5175144414031,9881.91228610733,11960.506160506156],after=[223.5175144414031,9783.744129635228,11955.506160506156]
LS:g=11,op=O4_WA_LOAD_TRANSFER,accepted=true,fe=1543,before=[223.5175144414031,9783.744129635228,11955.506160506156],after=[224.36205130523115,10116.231163800172,11934.14252414252]
LS:g=11,op=O5_WA_WEAK_TO_STRONG,accepted=false,fe=1544,before=[224.36205130523115,10116.231163800172,11934.14252414252],after=[223.5175144414031,9783.744129635228,11955.506160506156]
LS:g=11,op=O6_WA_SWAP,accepted=true,fe=1545,before=[224.36205130523115,10116.231163800172,11934.14252414252],after=[224.36205130523115,10116.231163800172,11934.14252414252]
LS:g=11,op=O7_MA_LOAD_TRANSFER,accepted=false,fe=1546,before=[224.36205130523115,10116.231163800172,11934.14252414252],after=[224.36205130523115,10214.692578136213,11934.14252414252]
LS:g=11,op=O8_MA_WEAK_TO_STRONG,accepted=true,fe=1547,before=[224.36205130523115,10116.231163800172,11934.14252414252],after=[224.36205130523115,10116.231163800172,11934.14252414252]
LS:g=11,op=O9_MA_SWAP,accepted=true,fe=1548,before=[224.36205130523115,10116.231163800172,11934.14252414252],after=[223.5175144414031,9910.784367499502,11955.506160506156]
LS:g=11,op=CRITICAL_FACTORY_SWAP,accepted=true,fe=1549,before=[335.94723644147723,10068.93017335992,11545.357975357974],after=[335.94723644147723,9725.951992000108,11701.77489177489]
LS:g=11,op=CRITICAL_FACTORY_INSERT,accepted=true,fe=1550,before=[335.94723644147723,9725.951992000108,11701.77489177489],after=[302.009472351182,9773.034950546302,11769.946719946718]
LS:g=11,op=O1_JS_INSERT,accepted=false,fe=1551,before=[302.009472351182,9773.034950546302,11769.946719946718],after=[302.009472351182,9599.076724676012,11820.85581085581]
LS:g=11,op=O2_JS_REVERSE,accepted=true,fe=1552,before=[302.009472351182,9773.034950546302,11769.946719946718],after=[302.009472351182,9773.034950546302,11769.946719946718]
LS:g=11,op=O3_JS_SWAP,accepted=true,fe=1553,before=[302.009472351182,9773.034950546302,11769.946719946718],after=[302.009472351182,9636.736228625577,11832.977022977022]
LS:g=11,op=O4_WA_LOAD_TRANSFER,accepted=false,fe=1554,before=[302.009472351182,9636.736228625577,11832.977022977022],after=[321.7027742716463,9794.28264398929,11832.977022977022]
LS:g=11,op=O5_WA_WEAK_TO_STRONG,accepted=true,fe=1555,before=[302.009472351182,9636.736228625577,11832.977022977022],after=[298.8445945162655,9412.204575360638,11740.401265401262]
LS:g=11,op=O6_WA_SWAP,accepted=true,fe=1556,before=[298.8445945162655,9412.204575360638,11740.401265401262],after=[298.8445945162655,9412.204575360638,11740.401265401262]
LS:g=11,op=O7_MA_LOAD_TRANSFER,accepted=false,fe=1557,before=[298.8445945162655,9412.204575360638,11740.401265401262],after=[298.8445945162655,9498.375770602252,11740.401265401262]
LS:g=11,op=O8_MA_WEAK_TO_STRONG,accepted=true,fe=1558,before=[298.8445945162655,9412.204575360638,11740.401265401262],after=[298.8445945162655,9412.204575360638,11740.401265401262]
LS:g=11,op=O9_MA_SWAP,accepted=true,fe=1559,before=[298.8445945162655,9412.204575360638,11740.401265401262],after=[298.8445945162655,9412.204575360638,11740.401265401262]
LS:g=11,op=CRITICAL_FACTORY_SWAP,accepted=true,fe=1560,before=[263.51308408685645,10196.033641920307,11741.788211788207],after=[247.99608226903013,9857.830499497031,11769.620379620375]
LS:g=11,op=CRITICAL_FACTORY_INSERT,accepted=true,fe=1561,before=[247.99608226903013,9857.830499497031,11769.620379620375],after=[224.54286611265067,9642.024340498761,11801.425241425237]
LS:g=11,op=O1_JS_INSERT,accepted=true,fe=1562,before=[224.54286611265067,9642.024340498761,11801.425241425237],after=[225.53493737952138,9528.910502825505,11814.000999000997]
LS:g=11,op=O2_JS_REVERSE,accepted=false,fe=1563,before=[225.53493737952138,9528.910502825505,11814.000999000997],after=[225.5349373795214,9530.05021874299,11915.364635364635]
LS:g=11,op=O3_JS_SWAP,accepted=true,fe=1564,before=[225.53493737952138,9528.910502825505,11814.000999000997],after=[262.18794904155305,9550.256320772083,11775.061605061603]
LS:g=11,op=O4_WA_LOAD_TRANSFER,accepted=true,fe=1565,before=[262.18794904155305,9550.256320772083,11775.061605061603],after=[241.57011730437426,9619.799248504743,11762.182817182817]
LS:g=11,op=O5_WA_WEAK_TO_STRONG,accepted=false,fe=1566,before=[241.57011730437426,9619.799248504743,11762.182817182817],after=[262.18794904155305,9550.256320772083,11775.061605061603]
LS:g=11,op=O6_WA_SWAP,accepted=true,fe=1567,before=[241.57011730437426,9619.799248504743,11762.182817182817],after=[241.57011730437426,9619.799248504743,11762.182817182817]
LS:g=11,op=O7_MA_LOAD_TRANSFER,accepted=false,fe=1568,before=[241.57011730437426,9619.799248504743,11762.182817182817],after=[267.96615604127055,9799.830286281376,11778.091908091905]
LS:g=11,op=O8_MA_WEAK_TO_STRONG,accepted=true,fe=1569,before=[241.57011730437426,9619.799248504743,11762.182817182817],after=[241.57011730437426,9619.799248504743,11762.182817182817]
LS:g=11,op=O9_MA_SWAP,accepted=true,fe=1570,before=[241.57011730437426,9619.799248504743,11762.182817182817],after=[241.57011730437426,9619.799248504743,11762.182817182817]
GENERATION_END:g=11,fe=1570,archive=26
GROUP:g=12,name=G1_CMAX,members=JS=[13, 14, 3, 11, 19, 15, 1, 8, 17, 4, 16, 6, 5, 12, 18, 0, 9, 10, 2, 7]|FA=[2, 2, 1, 1, 0, 0, 0, 1, 1, 1, 1, 0, 2, 0, 1, 1, 0, 0, 2, 2]|MA=[0, 1, 1, 1, 0, 1, 2, 1, 0, 0, 1, 1, 0, 3, 1, 0, 1, 2, 0, 0]|WA=[1, 1, 1, 1, 1, 1, 1, 1, 0, 0, 1, 0, 1, 2, 0, 1, 2, 0, 0, 1]@[205.39499660888904,9765.21656148075,12244.060939060939];JS=[11, 13, 2, 3, 5, 18, 16, 6, 9, 1, 19, 15, 10, 14, 7, 12, 17, 4, 8, 0]|FA=[0, 1, 1, 2, 0, 0, 1, 1, 2, 1, 0, 1, 2, 2, 2, 2, 2, 2, 2, 0]|MA=[0, 1, 0, 0, 0, 0, 0, 0, 1, 1, 0, 1, 0, 0, 1, 1, 0, 1, 0, 0]|WA=[1, 1, 1, 1, 1, 1, 0, 1, 1, 1, 1, 1, 0, 1, 1, 0, 0, 1, 1, 0]@[223.5175144414031,9910.784367499502,11955.506160506156];
GROUP:g=12,name=G2_TEC,members=JS=[11, 3, 14, 13, 8, 15, 4, 17, 9, 18, 10, 1, 19, 2, 7, 5, 0, 12, 16, 6]|FA=[2, 2, 1, 1, 2, 0, 1, 1, 2, 1, 0, 2, 0, 0, 1, 1, 1, 0, 0, 2]|MA=[0, 1, 1, 1, 0, 3, 1, 1, 0, 0, 3, 1, 0, 3, 1, 1, 1, 0, 3, 1]|WA=[0, 1, 1, 1, 1, 1, 1, 1, 1, 0, 2, 1, 1, 1, 1, 1, 1, 2, 1, 1]@[247.58446316497742,8291.076401915792,12026.899766899764];JS=[3, 14, 13, 11, 9, 15, 4, 17, 8, 18, 10, 1, 19, 2, 7, 5, 0, 12, 16, 6]|FA=[2, 1, 1, 2, 2, 0, 1, 1, 2, 1, 0, 0, 0, 0, 1, 1, 1, 0, 2, 2]|MA=[1, 1, 1, 0, 0, 3, 1, 1, 0, 0, 3, 2, 0, 3, 1, 1, 1, 0, 0, 1]|WA=[1, 1, 1, 0, 1, 1, 1, 1, 1, 0, 2, 1, 1, 1, 1, 1, 1, 2, 0, 1]@[247.58446316497742,8665.638455755054,11974.232434232432];
GROUP:g=12,name=G3_TWC,members=JS=[13, 5, 7, 2, 3, 15, 4, 17, 11, 9, 16, 12, 0, 14, 1, 6, 18, 8, 19, 10]|FA=[2, 1, 2, 0, 2, 2, 2, 2, 2, 2, 2, 2, 1, 0, 1, 2, 1, 0, 2, 2]|MA=[1, 1, 0, 0, 0, 0, 0, 1, 1, 1, 1, 1, 1, 0, 0, 0, 0, 0, 1, 0]|WA=[1, 1, 1, 2, 1, 0, 0, 1, 1, 1, 1, 1, 0, 0, 0, 1, 1, 0, 0, 0]@[351.18505832490877,10795.356401427498,11306.611721611718];JS=[13, 5, 7, 19, 3, 17, 14, 9, 8, 15, 0, 2, 4, 11, 1, 16, 18, 10, 6, 12]|FA=[0, 1, 2, 2, 2, 2, 2, 2, 2, 0, 1, 0, 1, 2, 1, 1, 0, 0, 2, 2]|MA=[0, 1, 0, 1, 0, 0, 0, 1, 1, 0, 1, 0, 1, 0, 0, 0, 0, 0, 0, 1]|WA=[1, 1, 1, 1, 1, 1, 1, 1, 0, 2, 1, 1, 0, 1, 1, 0, 1, 1, 1, 1]@[261.52115481771625,9634.79528382607,11738.91941391941];
GROUP:g=12,name=G4_CENTER,members=JS=[11, 13, 0, 8, 9, 15, 4, 17, 12, 7, 10, 3, 19, 5, 14, 16, 18, 1, 6, 2]|FA=[0, 1, 2, 2, 2, 2, 2, 1, 2, 2, 2, 2, 1, 1, 0, 0, 1, 0, 2, 2]|MA=[0, 1, 1, 0, 1, 1, 0, 1, 1, 1, 0, 1, 1, 1, 0, 0, 0, 0, 0, 0]|WA=[1, 1, 1, 0, 1, 0, 0, 0, 0, 1, 1, 1, 1, 1, 1, 0, 1, 2, 1, 1]@[241.57011730437426,9619.799248504743,11762.182817182817];JS=[11, 13, 2, 3, 5, 18, 16, 6, 9, 1, 19, 15, 10, 14, 7, 12, 17, 4, 8, 0]|FA=[0, 1, 1, 2, 0, 0, 1, 1, 2, 1, 0, 1, 2, 2, 2, 2, 2, 2, 2, 0]|MA=[0, 1, 0, 0, 0, 0, 0, 0, 1, 1, 0, 1, 0, 0, 1, 1, 0, 1, 0, 0]|WA=[1, 1, 1, 1, 1, 1, 0, 1, 1, 1, 1, 1, 0, 1, 1, 0, 0, 1, 1, 0]@[223.5175144414031,9910.784367499502,11955.506160506156];JS=[11, 13, 2, 8, 9, 4, 10, 12, 3, 17, 15, 5, 0, 14, 18, 19, 6, 7, 1, 16]|FA=[2, 2, 0, 1, 2, 0, 2, 0, 2, 2, 1, 0, 1, 2, 1, 1, 0, 2, 2, 2]|MA=[0, 0, 0, 1, 1, 0, 0, 3, 0, 0, 1, 3, 1, 0, 0, 0, 0, 1, 1, 0]|WA=[1, 1, 1, 1, 1, 1, 1, 1, 1, 0, 1, 1, 1, 1, 1, 0, 1, 1, 1, 1]@[298.8445945162655,9412.204575360638,11740.401265401262];JS=[11, 3, 14, 13, 8, 15, 4, 17, 9, 18, 10, 1, 19, 2, 7, 5, 0, 12, 16, 6]|FA=[2, 2, 1, 1, 2, 0, 1, 1, 2, 1, 0, 2, 0, 0, 1, 1, 1, 0, 0, 2]|MA=[0, 1, 1, 1, 0, 3, 1, 1, 0, 0, 3, 1, 0, 3, 1, 1, 1, 0, 3, 1]|WA=[0, 1, 1, 1, 1, 1, 1, 1, 1, 0, 2, 1, 1, 1, 1, 1, 1, 2, 1, 1]@[247.58446316497742,8291.076401915792,12026.899766899764];
OP:JS_INITIAL_SWAP:6:14
OP:JS_GUIDE:PBEST:r=0.5489649507006887:pairs=[(3,4), (4,7), (5,14), (6,8), (7,13), (8,11), (9,10), (10,11), (11,17), (12,17), (13,19), (14,16), (15,16), (16,18), (17,18)]
OP:JS_GUIDE:QGBEST:r=0.5188574626473564:pairs=[(3,13), (4,13), (5,14), (6,14), (7,13), (8,14), (9,11), (10,11), (11,14)]
OP:JS_INITIAL_SWAP:19:10
OP:JS_GUIDE:PBEST:r=0.38190868218841745:pairs=[(0,1), (1,4), (2,8), (3,17), (4,11), (5,18), (6,9), (7,16), (8,14), (9,11), (10,11), (11,19), (13,17), (14,15), (15,19), (16,18), (17,19)]
OP:JS_GUIDE:QGBEST:r=0.1566242213861958:pairs=[(1,13), (2,17), (3,11), (4,19), (5,19), (6,9), (7,19), (8,16), (9,11), (10,11), (11,19), (12,13), (13,15), (14,18), (15,19), (16,17), (17,19), (18,19)]
Q:g=12,group=G1_CMAX,round=0,state=0,action=3,reward=-13.574546811631535,nextState=1,phase=BEFORE_LOCAL_SEARCH
OP:JS_INITIAL_SWAP:0:2
OP:JS_GUIDE:PBEST:r=0.4213749178968824:pairs=[(0,2), (3,4), (4,13), (5,6), (6,14), (11,17), (12,17), (13,19), (14,16), (15,16), (16,18), (17,18)]
OP:JS_GUIDE:QGBEST:r=0.5897816646711745:pairs=[(3,13), (4,13), (5,14), (6,14), (7,14), (8,13), (9,11), (10,11), (11,15), (12,17), (13,19), (15,19), (16,19), (17,18), (18,19)]
OP:REPAIR:WA:7:2:0:[0,1]
OP:JS_INITIAL_SWAP:8:16
OP:JS_GUIDE:PBEST:r=0.561626411377191:pairs=[(1,13), (2,17), (6,9), (7,8), (8,14), (9,11), (10,11), (11,19), (13,17), (14,15), (15,19), (16,18), (17,18), (18,19)]
OP:JS_GUIDE:QGBEST:r=0.585338934057765:pairs=[(1,13), (2,17), (3,9), (4,19), (5,19), (8,19), (13,19), (14,15), (16,18), (17,18)]
OP:REPAIR:MA:6:2:1:[0,1]
OP:REPAIR:MA:7:3:0:[0,1]
OP:REPAIR:MA:8:3:1:[0,1]
OP:REPAIR:MA:9:2:1:[0,1]
OP:REPAIR:MA:11:3:1:[0,1]
OP:REPAIR:MA:6:2:1:[0,1]
OP:MA_MUTATE:2:1:0
OP:WA_MUTATE:1:1:1
Q:g=12,group=G1_CMAX,round=1,state=1,action=2,reward=-0.15456491690100904,nextState=1,phase=BEFORE_LOCAL_SEARCH
OP:JS_INITIAL_SWAP:7:14
OP:JS_GUIDE:PBEST:r=0.3234323245800313:pairs=[(7,14)]
OP:JS_GUIDE:QGBEST:r=0.31928275617890994:pairs=[(0,1), (1,2), (2,3), (4,8), (7,14), (9,18), (10,12), (11,12), (12,14), (13,19), (14,17), (15,16), (16,17), (17,19)]
OP:REPAIR:WA:2:2:1:[0,1]
OP:JS_INITIAL_SWAP:19:15
OP:JS_GUIDE:PBEST:r=0.34901505103768116:pairs=[(15,19)]
OP:JS_GUIDE:QGBEST:r=0.46003100575899175:pairs=[(9,18), (10,12), (11,12), (12,14), (13,15), (14,17), (15,16), (16,17)]
Q:g=12,group=G2_TEC,round=0,state=0,action=1,reward=18.434130663215,nextState=0,phase=BEFORE_LOCAL_SEARCH
OP:JS_INITIAL_SWAP:0:10
OP:JS_GUIDE:PBEST:r=0.046288847883607875:pairs=[(0,3), (1,10), (2,10), (3,10), (4,8), (7,14)]
OP:JS_GUIDE:QGBEST:r=0.06026491793513202:pairs=[(0,10), (7,14), (9,18), (10,12), (11,12), (12,14), (13,19), (14,17), (15,16), (16,17), (17,19)]
OP:JS_INITIAL_SWAP:11:7
OP:JS_GUIDE:PBEST:r=0.05900206293541485:pairs=[(7,11)]
OP:JS_GUIDE:QGBEST:r=0.25288485506973785:pairs=[(7,11), (12,14), (13,15), (14,17), (15,16), (16,17)]
Q:g=12,group=G2_TEC,round=1,state=0,action=1,reward=-401.927993901847,nextState=1,phase=BEFORE_LOCAL_SEARCH
OP:JS_INITIAL_SWAP:11:16
OP:JS_GUIDE:PBEST:r=0.33894264949676267:pairs=[(11,16)]
OP:JS_GUIDE:QGBEST:r=0.39334131065486383:pairs=[(11,16)]
OP:JS_INITIAL_SWAP:16:10
OP:JS_GUIDE:PBEST:r=0.06343491481815426:pairs=[(3,19), (5,9), (6,12), (7,9), (8,9), (9,13), (10,15), (11,12), (12,13), (13,17), (14,16), (16,17), (17,18), (18,19)]
OP:JS_GUIDE:QGBEST:r=0.5325006060618984:pairs=[(3,11), (5,9), (6,12), (7,9), (8,13), (10,15), (11,19), (12,16), (13,16), (15,18), (16,18), (17,18), (18,19)]
Q:g=12,group=G3_TWC,round=0,state=0,action=3,reward=9.176656676654602,nextState=0,phase=BEFORE_LOCAL_SEARCH
OP:JS_INITIAL_SWAP:14:17
OP:JS_GUIDE:PBEST:r=0.5028383696162099:pairs=[(14,17)]
OP:JS_GUIDE:QGBEST:r=0.5535852092508128:pairs=[(14,17)]
OP:WA_MUTATE:4:1:0
OP:JS_INITIAL_SWAP:0:17
OP:JS_GUIDE:PBEST:r=0.040371798479714636:pairs=[(0,17), (3,19), (8,9), (11,12), (12,13), (13,17), (14,16), (16,19), (17,18)]
OP:JS_GUIDE:QGBEST:r=0.29974149182223503:pairs=[(0,17), (11,15), (12,16), (13,16), (15,18), (16,19), (17,19)]
Q:g=12,group=G3_TWC,round=1,state=0,action=3,reward=-157.0512820512804,nextState=1,phase=BEFORE_LOCAL_SEARCH
OP:JS_INITIAL_SWAP:1:3
OP:JS_GUIDE:PBEST:r=0.22521764896036972:pairs=[(0,3), (1,13), (2,4), (3,6), (4,5), (5,13), (6,7), (7,8), (8,9), (10,15), (11,12), (12,15), (13,15), (14,17), (17,19)]
OP:JS_GUIDE:QGBEST:r=0.14171787742758335:pairs=[(0,3), (1,3), (2,19), (3,13), (4,19), (5,6), (6,7), (7,8), (8,9), (9,10), (11,13), (12,19), (13,14), (14,16), (15,19), (16,18), (17,18), (18,19)]
OP:REPAIR:MA:11:3:1:[0,1]
OP:REPAIR:MA:11:3:1:[0,1]
OP:MA_MUTATE:4:1:0
OP:WA_MUTATE:1:1:1
OP:JS_INITIAL_SWAP:16:9
OP:JS_GUIDE:PBEST:r=0.37863351204198864:pairs=[(0,1), (1,4), (2,8), (3,17), (4,11), (5,18), (6,9), (7,15), (8,14), (9,11), (10,11), (13,17), (14,16), (15,19), (16,18), (17,18), (18,19)]
OP:JS_GUIDE:QGBEST:r=0.5407087974748653:pairs=[(0,11), (1,11), (2,8), (3,5), (4,8), (6,9), (7,15), (8,14), (9,12), (10,14), (12,19), (14,18), (15,18), (16,18), (18,19)]
OP:FA_MUTATE:7:1:0
OP:FA_SYNC_MA:7:0:0
OP:FA_SYNC_WA:7:1:1
OP:REPAIR:MA:11:3:1:[0,1]
OP:REPAIR:MA:11:3:1:[0,1]
OP:MA_MUTATE:13:0:0
OP:REPAIR:WA:16:2:1:[0,1]
OP:WA_MUTATE:1:1:1
OP:JS_INITIAL_SWAP:1:14
OP:JS_GUIDE:PBEST:r=0.3818225293365014:pairs=[(1,14), (2,11), (3,4), (4,5), (5,7), (6,7), (7,9), (8,10), (9,17), (10,19), (11,15), (12,17), (13,19), (14,18), (15,17), (16,18)]
OP:JS_GUIDE:QGBEST:r=0.554320142687179:pairs=[(2,11), (3,6), (4,6), (5,6), (6,9), (7,9), (8,17), (18,19)]
OP:REPAIR:WA:17:2:1:[0,1]
OP:JS_INITIAL_SWAP:6:9
OP:JS_GUIDE:PBEST:r=0.5747804374366288:pairs=[(1,3), (2,15), (3,8), (4,9), (5,17), (6,9), (8,17), (9,14), (10,18), (11,12), (12,18), (13,17), (14,18), (15,16), (16,18), (18,19)]
OP:JS_GUIDE:QGBEST:r=0.5972598526443852:pairs=[(2,13), (3,6), (4,6), (5,6), (6,7), (8,9), (9,18), (10,18), (11,13), (12,16), (13,15), (15,16), (16,19)]
Q:g=12,group=G4_CENTER,round=0,state=0,action=1,reward=-0.07585762451864932,nextState=1,phase=BEFORE_LOCAL_SEARCH
OP:JS_INITIAL_SWAP:14:11
OP:JS_GUIDE:PBEST:r=0.04544120592438001:pairs=[(2,19), (3,13), (4,19), (11,14)]
OP:JS_GUIDE:QGBEST:r=0.5418863827483743:pairs=[(11,14)]
OP:JS_INITIAL_SWAP:15:3
OP:JS_GUIDE:PBEST:r=0.035140013045968296:pairs=[(0,1), (1,13), (2,17), (3,13), (5,8), (6,16), (7,16), (8,15), (9,15), (10,15), (11,15), (13,14), (14,16), (15,19), (16,18)]
OP:JS_GUIDE:QGBEST:r=0.007755443355970715:pairs=[(2,4), (3,11), (4,19), (5,14), (6,14), (7,14), (8,14), (9,14), (10,12), (11,17), (13,15), (14,15), (16,18), (17,18)]
OP:FA_MUTATE:2:1:1
OP:FA_SYNC_MA:2:0:1
OP:FA_SYNC_WA:2:1:1
OP:JS_INITIAL_SWAP:3:8
OP:JS_GUIDE:PBEST:r=0.47821815283092683:pairs=[(2,11), (3,4), (4,5), (5,6), (6,8), (7,9), (8,10), (9,17), (10,19), (11,15), (12,17), (13,19), (14,18), (15,17), (16,18)]
OP:JS_GUIDE:QGBEST:r=0.12049339338764253:pairs=[(2,3), (4,12), (5,8), (6,12), (9,17), (10,17), (11,17), (12,15), (13,15), (14,15), (15,19), (16,19), (17,18), (18,19)]
OP:JS_INITIAL_SWAP:3:0
OP:JS_GUIDE:PBEST:r=0.27911163701377734:pairs=[(0,3), (2,13), (3,4), (4,5), (5,7), (6,7), (8,18), (9,18), (11,12), (12,18), (13,17), (14,18), (15,16), (16,18), (18,19)]
OP:JS_GUIDE:QGBEST:r=0.5848117894715417:pairs=[(2,3), (4,16), (5,18), (6,16), (7,16), (8,16), (9,16), (10,16), (11,17), (13,18), (14,15), (15,16), (18,19)]
OP:MA_MUTATE:10:3:0
OP:WA_MUTATE:8:1:1
Q:g=12,group=G4_CENTER,round=1,state=1,action=3,reward=-0.06127478062691505,nextState=1,phase=BEFORE_LOCAL_SEARCH
LS:g=12,op=CRITICAL_FACTORY_SWAP,accepted=false,fe=1591,before=[236.26035718066623,9168.980359859679,12166.97469197469],after=[271.21315624547685,8994.761851487046,12230.179820179817]
LS:g=12,op=CRITICAL_FACTORY_INSERT,accepted=true,fe=1592,before=[236.26035718066623,9168.980359859679,12166.97469197469],after=[212.2188234945474,9623.202315308226,12029.235764235762]
LS:g=12,op=O1_JS_INSERT,accepted=false,fe=1593,before=[212.2188234945474,9623.202315308226,12029.235764235762],after=[212.21882349454745,9515.012736236013,12048.629703629702]
LS:g=12,op=O2_JS_REVERSE,accepted=false,fe=1594,before=[212.2188234945474,9623.202315308226,12029.235764235762],after=[218.1604424446217,9601.592203563041,12093.046953046953]
LS:g=12,op=O3_JS_SWAP,accepted=true,fe=1595,before=[212.2188234945474,9623.202315308226,12029.235764235762],after=[206.76179024844976,9594.322749624742,12012.266067266064]
LS:g=12,op=O4_WA_LOAD_TRANSFER,accepted=false,fe=1596,before=[206.76179024844976,9594.322749624742,12012.266067266064],after=[216.00177550971023,9635.729177208674,12055.902430902428]
LS:g=12,op=O5_WA_WEAK_TO_STRONG,accepted=false,fe=1597,before=[206.76179024844976,9594.322749624742,12012.266067266064],after=[217.0044241529091,9471.938928415555,12012.266067266064]
LS:g=12,op=O6_WA_SWAP,accepted=true,fe=1598,before=[206.76179024844976,9594.322749624742,12012.266067266064],after=[200.31691552290732,9655.311575830838,12055.902430902428]
LS:g=12,op=O7_MA_LOAD_TRANSFER,accepted=true,fe=1599,before=[200.31691552290732,9655.311575830838,12055.902430902428],after=[200.31691552290732,9605.48698304746,12012.056277056276]
LS:g=12,op=O8_MA_WEAK_TO_STRONG,accepted=true,fe=1600,before=[200.31691552290732,9605.48698304746,12012.056277056276],after=[200.3169155229073,9535.577119656658,11954.913419913417]
LS:g=12,op=O9_MA_SWAP,accepted=true,fe=1601,before=[200.3169155229073,9535.577119656658,11954.913419913417],after=[200.00611625735814,9438.892411962104,11949.418914418913]
LS:g=12,op=CRITICAL_FACTORY_SWAP,accepted=false,fe=1602,before=[220.110377326691,9815.80445814802,12176.373626373623],after=[226.3955833118505,9809.580677784958,12090.146520146516]
LS:g=12,op=CRITICAL_FACTORY_INSERT,accepted=false,fe=1603,before=[220.110377326691,9815.80445814802,12176.373626373623],after=[226.3955833118505,9819.11302984859,12039.706959706957]
LS:g=12,op=O1_JS_INSERT,accepted=true,fe=1604,before=[220.110377326691,9815.80445814802,12176.373626373623],after=[203.02105147485855,9893.38081634208,12176.373626373623]
LS:g=12,op=O2_JS_REVERSE,accepted=true,fe=1605,before=[203.02105147485855,9893.38081634208,12176.373626373623],after=[203.02105147485855,9866.680525531634,12176.373626373623]
LS:g=12,op=O3_JS_SWAP,accepted=true,fe=1606,before=[203.02105147485855,9866.680525531634,12176.373626373623],after=[203.02105147485855,9847.607024924679,12183.94938394938]
LS:g=12,op=O4_WA_LOAD_TRANSFER,accepted=true,fe=1607,before=[203.02105147485855,9847.607024924679,12183.94938394938],after=[186.0264609968338,9970.56804243756,12170.313020313017]
LS:g=12,op=O5_WA_WEAK_TO_STRONG,accepted=true,fe=1608,before=[186.0264609968338,9970.56804243756,12170.313020313017],after=[185.8004387223297,9646.704825659237,12170.313020313017]
LS:g=12,op=O6_WA_SWAP,accepted=false,fe=1609,before=[185.8004387223297,9646.704825659237,12170.313020313017],after=[205.6043335264011,9689.142028450693,12171.222111222109]
LS:g=12,op=O7_MA_LOAD_TRANSFER,accepted=true,fe=1610,before=[185.8004387223297,9646.704825659237,12170.313020313017],after=[183.83901607354912,9589.760146262577,12188.64635364635]
LS:g=12,op=O8_MA_WEAK_TO_STRONG,accepted=true,fe=1611,before=[183.83901607354912,9589.760146262577,12188.64635364635],after=[183.15091811327704,9467.922043635546,12131.503496503494]
LS:g=12,op=O9_MA_SWAP,accepted=false,fe=1612,before=[183.15091811327704,9467.922043635546,12131.503496503494],after=[208.76695530345754,9526.792916179347,12063.927738927736]
LS:g=12,op=CRITICAL_FACTORY_SWAP,accepted=true,fe=1613,before=[249.9906341150912,9037.245383854926,12338.769563769562],after=[222.06929458006397,8940.929623127253,12169.572094572093]
LS:g=12,op=CRITICAL_FACTORY_INSERT,accepted=true,fe=1614,before=[222.06929458006397,8940.929623127253,12169.572094572093],after=[229.86097432802427,8872.154816643982,12186.483516483513]
LS:g=12,op=O1_JS_INSERT,accepted=true,fe=1615,before=[229.86097432802427,8872.154816643982,12186.483516483513],after=[232.42077400247763,8870.367221121624,12186.483516483513]
LS:g=12,op=O2_JS_REVERSE,accepted=false,fe=1616,before=[232.42077400247763,8870.367221121624,12186.483516483513],after=[272.5744710145817,8877.695980026658,12230.364635364633]
LS:g=12,op=O3_JS_SWAP,accepted=true,fe=1617,before=[232.42077400247763,8870.367221121624,12186.483516483513],after=[232.42077400247763,8858.933636336165,12186.483516483513]
LS:g=12,op=O4_WA_LOAD_TRANSFER,accepted=false,fe=1618,before=[232.42077400247763,8858.933636336165,12186.483516483513],after=[232.42077400247763,8983.429798843688,12186.483516483513]
LS:g=12,op=O5_WA_WEAK_TO_STRONG,accepted=true,fe=1619,before=[232.42077400247763,8858.933636336165,12186.483516483513],after=[232.42077400247763,8858.933636336165,12186.483516483513]
LS:g=12,op=O6_WA_SWAP,accepted=true,fe=1620,before=[232.42077400247763,8858.933636336165,12186.483516483513],after=[232.42077400247763,8858.933636336165,12186.483516483513]
LS:g=12,op=O7_MA_LOAD_TRANSFER,accepted=false,fe=1621,before=[232.42077400247763,8858.933636336165,12186.483516483513],after=[232.42077400247763,9022.873246782028,12213.956043956041]
LS:g=12,op=O8_MA_WEAK_TO_STRONG,accepted=true,fe=1622,before=[232.42077400247763,8858.933636336165,12186.483516483513],after=[231.49557502272754,8534.06647678454,12112.1978021978]
LS:g=12,op=O9_MA_SWAP,accepted=true,fe=1623,before=[231.49557502272754,8534.06647678454,12112.1978021978],after=[231.49557502272754,8534.06647678454,12112.1978021978]
LS:g=12,op=CRITICAL_FACTORY_SWAP,accepted=true,fe=1624,before=[221.4841706042361,8686.457200293184,12130.800865800862],after=[232.54411426967138,8543.557949752822,12097.82384282384]
LS:g=12,op=CRITICAL_FACTORY_INSERT,accepted=false,fe=1625,before=[232.54411426967138,8543.557949752822,12097.82384282384],after=[212.9973173801816,8899.659839602713,12121.215451215447]
LS:g=12,op=O1_JS_INSERT,accepted=true,fe=1626,before=[232.54411426967138,8543.557949752822,12097.82384282384],after=[232.5441142696714,8539.021674898693,12089.257409257407]
LS:g=12,op=O2_JS_REVERSE,accepted=false,fe=1627,before=[232.5441142696714,8539.021674898693,12089.257409257407],after=[232.54411426967138,8621.608094745485,12064.257409257407]
LS:g=12,op=O3_JS_SWAP,accepted=true,fe=1628,before=[232.5441142696714,8539.021674898693,12089.257409257407],after=[232.5441142696714,8539.021674898693,12089.257409257407]
LS:g=12,op=O4_WA_LOAD_TRANSFER,accepted=false,fe=1629,before=[232.5441142696714,8539.021674898693,12089.257409257407],after=[243.83167428392136,8595.459474969944,12089.257409257407]
LS:g=12,op=O5_WA_WEAK_TO_STRONG,accepted=true,fe=1630,before=[232.5441142696714,8539.021674898693,12089.257409257407],after=[287.0558467886233,8440.484313691206,12112.975357975354]
LS:g=12,op=O6_WA_SWAP,accepted=true,fe=1631,before=[287.0558467886233,8440.484313691206,12112.975357975354],after=[287.0558467886233,8440.484313691206,12112.975357975354]
LS:g=12,op=O7_MA_LOAD_TRANSFER,accepted=false,fe=1632,before=[287.0558467886233,8440.484313691206,12112.975357975354],after=[289.3072348121216,8675.191515140901,12133.488178488176]
LS:g=12,op=O8_MA_WEAK_TO_STRONG,accepted=true,fe=1633,before=[287.0558467886233,8440.484313691206,12112.975357975354],after=[283.5380530019072,8150.336682162866,12080.924075924073]
LS:g=12,op=O9_MA_SWAP,accepted=true,fe=1634,before=[283.5380530019072,8150.336682162866,12080.924075924073],after=[283.5380530019072,8143.077072345305,12079.408924408921]
LS:g=12,op=CRITICAL_FACTORY_SWAP,accepted=false,fe=1635,before=[319.3131874663899,10905.009354974947,11469.172494172491],after=[391.59224859576386,11377.380948175023,11560.754245754242]
LS:g=12,op=CRITICAL_FACTORY_INSERT,accepted=false,fe=1636,before=[319.3131874663899,10905.009354974947,11469.172494172491],after=[338.7024369235855,10925.876007420671,11559.918414918411]
LS:g=12,op=O1_JS_INSERT,accepted=false,fe=1637,before=[319.3131874663899,10905.009354974947,11469.172494172491],after=[319.3131874663899,10809.205311966974,11527.35431235431]
LS:g=12,op=O2_JS_REVERSE,accepted=true,fe=1638,before=[319.3131874663899,10905.009354974947,11469.172494172491],after=[319.3131874663899,10905.009354974947,11469.172494172491]
LS:g=12,op=O3_JS_SWAP,accepted=false,fe=1639,before=[319.3131874663899,10905.009354974947,11469.172494172491],after=[342.08963258625556,11202.178958962597,11497.808857808855]
LS:g=12,op=O4_WA_LOAD_TRANSFER,accepted=false,fe=1640,before=[319.3131874663899,10905.009354974947,11469.172494172491],after=[325.17999290562284,10990.03404304416,11537.96037296037]
LS:g=12,op=O5_WA_WEAK_TO_STRONG,accepted=true,fe=1641,before=[319.3131874663899,10905.009354974947,11469.172494172491],after=[354.53693625975274,10804.381719515677,11315.384615384613]
LS:g=12,op=O6_WA_SWAP,accepted=true,fe=1642,before=[354.53693625975274,10804.381719515677,11315.384615384613],after=[354.53693625975274,10804.381719515677,11315.384615384613]
LS:g=12,op=O7_MA_LOAD_TRANSFER,accepted=false,fe=1643,before=[354.53693625975274,10804.381719515677,11315.384615384613],after=[370.4820666990373,10649.557700946816,11409.930069930067]
LS:g=12,op=O8_MA_WEAK_TO_STRONG,accepted=true,fe=1644,before=[354.53693625975274,10804.381719515677,11315.384615384613],after=[354.53693625975274,10804.381719515677,11315.384615384613]
LS:g=12,op=O9_MA_SWAP,accepted=true,fe=1645,before=[354.53693625975274,10804.381719515677,11315.384615384613],after=[354.53693625975274,10804.381719515677,11315.384615384613]
LS:g=12,op=CRITICAL_FACTORY_SWAP,accepted=true,fe=1646,before=[248.0031799213886,9678.835073792392,11872.107892107888],after=[287.1463004541021,9698.425639737767,11801.31535131535]
LS:g=12,op=CRITICAL_FACTORY_INSERT,accepted=false,fe=1647,before=[287.1463004541021,9698.425639737767,11801.31535131535],after=[277.06297070703283,9839.022454270884,11943.523143523144]
LS:g=12,op=O1_JS_INSERT,accepted=true,fe=1648,before=[287.1463004541021,9698.425639737767,11801.31535131535],after=[312.397350603513,9873.649150159697,11738.285048285046]
LS:g=12,op=O2_JS_REVERSE,accepted=false,fe=1649,before=[312.397350603513,9873.649150159697,11738.285048285046],after=[279.08992658725725,9937.895181956133,11827.52747252747]
LS:g=12,op=O3_JS_SWAP,accepted=false,fe=1650,before=[312.397350603513,9873.649150159697,11738.285048285046],after=[312.397350603513,9864.494904387013,11837.678987678986]
LS:g=12,op=O4_WA_LOAD_TRANSFER,accepted=true,fe=1651,before=[312.397350603513,9873.649150159697,11738.285048285046],after=[336.01064627117876,10285.688043512651,11692.8305028305]
LS:g=12,op=O5_WA_WEAK_TO_STRONG,accepted=false,fe=1652,before=[336.01064627117876,10285.688043512651,11692.8305028305],after=[312.397350603513,9873.649150159697,11738.285048285046]
LS:g=12,op=O6_WA_SWAP,accepted=true,fe=1653,before=[336.01064627117876,10285.688043512651,11692.8305028305],after=[336.01064627117876,10285.688043512651,11692.8305028305]
LS:g=12,op=O7_MA_LOAD_TRANSFER,accepted=true,fe=1654,before=[336.01064627117876,10285.688043512651,11692.8305028305],after=[336.01064627117876,10410.695646709348,11692.8305028305]
LS:g=12,op=O8_MA_WEAK_TO_STRONG,accepted=true,fe=1655,before=[336.01064627117876,10410.695646709348,11692.8305028305],after=[336.01064627117876,10410.695646709348,11692.8305028305]
LS:g=12,op=O9_MA_SWAP,accepted=false,fe=1656,before=[336.01064627117876,10410.695646709348,11692.8305028305],after=[282.1888555386977,10179.726676952852,11890.557775557774]
LS:g=12,op=CRITICAL_FACTORY_SWAP,accepted=true,fe=1657,before=[308.2931484396268,10341.148501870712,11672.948717948713],after=[293.69905926607,10185.104712959412,11787.5974025974]
LS:g=12,op=CRITICAL_FACTORY_INSERT,accepted=true,fe=1658,before=[293.69905926607,10185.104712959412,11787.5974025974],after=[308.2931484396268,10171.219605442631,11723.961038961035]
LS:g=12,op=O1_JS_INSERT,accepted=false,fe=1659,before=[308.2931484396268,10171.219605442631,11723.961038961035],after=[271.178372395496,9843.677317533164,11862.597402597401]
LS:g=12,op=O2_JS_REVERSE,accepted=false,fe=1660,before=[308.2931484396268,10171.219605442631,11723.961038961035],after=[326.0078482377366,10378.490762187543,11715.627705627701]
LS:g=12,op=O3_JS_SWAP,accepted=true,fe=1661,before=[308.2931484396268,10171.219605442631,11723.961038961035],after=[277.91730065617963,9918.834391021686,11875.02164502164]
LS:g=12,op=O4_WA_LOAD_TRANSFER,accepted=true,fe=1662,before=[277.91730065617963,9918.834391021686,11875.02164502164],after=[318.83979828328773,10185.11441622849,11781.536796536791]
LS:g=12,op=O5_WA_WEAK_TO_STRONG,accepted=false,fe=1663,before=[318.83979828328773,10185.11441622849,11781.536796536791],after=[309.59981302202726,10284.827214176363,11695.6277056277]
LS:g=12,op=O6_WA_SWAP,accepted=true,fe=1664,before=[318.83979828328773,10185.11441622849,11781.536796536791],after=[318.83979828328773,10185.11441622849,11781.536796536791]
LS:g=12,op=O7_MA_LOAD_TRANSFER,accepted=false,fe=1665,before=[318.83979828328773,10185.11441622849,11781.536796536791],after=[277.91730065617963,10069.25027126613,11826.233766233763]
LS:g=12,op=O8_MA_WEAK_TO_STRONG,accepted=true,fe=1666,before=[318.83979828328773,10185.11441622849,11781.536796536791],after=[318.83979828328773,10185.11441622849,11781.536796536791]
LS:g=12,op=O9_MA_SWAP,accepted=true,fe=1667,before=[318.83979828328773,10185.11441622849,11781.536796536791],after=[318.83979828328773,10185.11441622849,11781.536796536791]
LS:g=12,op=CRITICAL_FACTORY_SWAP,accepted=false,fe=1668,before=[215.7441485917463,10038.026423482723,12075.584415584413],after=[212.3011915595301,10152.69940641923,12078.120213120212]
LS:g=12,op=CRITICAL_FACTORY_INSERT,accepted=true,fe=1669,before=[215.7441485917463,10038.026423482723,12075.584415584413],after=[225.334092053624,9673.970856816055,12121.481851481849]
LS:g=12,op=O1_JS_INSERT,accepted=false,fe=1670,before=[225.334092053624,9673.970856816055,12121.481851481849],after=[225.334092053624,9738.961027122321,12136.027306027303]
LS:g=12,op=O2_JS_REVERSE,accepted=true,fe=1671,before=[225.334092053624,9673.970856816055,12121.481851481849],after=[225.334092053624,9673.970856816055,12121.481851481849]
LS:g=12,op=O3_JS_SWAP,accepted=true,fe=1672,before=[225.334092053624,9673.970856816055,12121.481851481849],after=[225.334092053624,9673.970856816055,12121.481851481849]
LS:g=12,op=O4_WA_LOAD_TRANSFER,accepted=true,fe=1673,before=[225.334092053624,9673.970856816055,12121.481851481849],after=[225.334092053624,9554.232459646279,12152.693972693969]
LS:g=12,op=O5_WA_WEAK_TO_STRONG,accepted=false,fe=1674,before=[225.334092053624,9554.232459646279,12152.693972693969],after=[225.334092053624,9553.319112917909,12189.057609057605]
LS:g=12,op=O6_WA_SWAP,accepted=true,fe=1675,before=[225.334092053624,9554.232459646279,12152.693972693969],after=[225.334092053624,9554.232459646279,12152.693972693969]
LS:g=12,op=O7_MA_LOAD_TRANSFER,accepted=false,fe=1676,before=[225.334092053624,9554.232459646279,12152.693972693969],after=[225.334092053624,9956.755836338018,12106.78488178488]
LS:g=12,op=O8_MA_WEAK_TO_STRONG,accepted=true,fe=1677,before=[225.334092053624,9554.232459646279,12152.693972693969],after=[225.334092053624,9554.232459646279,12152.693972693969]
LS:g=12,op=O9_MA_SWAP,accepted=true,fe=1678,before=[225.334092053624,9554.232459646279,12152.693972693969],after=[225.334092053624,9554.232459646279,12152.693972693969]
LS:g=12,op=CRITICAL_FACTORY_SWAP,accepted=true,fe=1679,before=[336.2837013429197,9615.399597990992,11671.20213120213],after=[346.19967356683316,9756.61066352675,11667.039627039625]
LS:g=12,op=CRITICAL_FACTORY_INSERT,accepted=true,fe=1680,before=[346.19967356683316,9756.61066352675,11667.039627039625],after=[322.7365280229253,9666.753184421417,11772.21445221445]
LS:g=12,op=O1_JS_INSERT,accepted=false,fe=1681,before=[322.7365280229253,9666.753184421417,11772.21445221445],after=[322.7365280229253,9715.631495445026,11794.032634032634]
LS:g=12,op=O2_JS_REVERSE,accepted=true,fe=1682,before=[322.7365280229253,9666.753184421417,11772.21445221445],after=[322.7365280229253,9540.628190906971,11729.405594405594]
LS:g=12,op=O3_JS_SWAP,accepted=true,fe=1683,before=[322.7365280229253,9540.628190906971,11729.405594405594],after=[322.7365280229253,9540.628190906971,11729.405594405594]
LS:g=12,op=O4_WA_LOAD_TRANSFER,accepted=true,fe=1684,before=[322.7365280229253,9540.628190906971,11729.405594405594],after=[308.9100315416939,9710.10937599663,11814.405594405593]
LS:g=12,op=O5_WA_WEAK_TO_STRONG,accepted=false,fe=1685,before=[308.9100315416939,9710.10937599663,11814.405594405593],after=[322.7365280229253,9540.628190906971,11729.405594405594]
LS:g=12,op=O6_WA_SWAP,accepted=true,fe=1686,before=[308.9100315416939,9710.10937599663,11814.405594405593],after=[308.9100315416939,9710.10937599663,11814.405594405593]
LS:g=12,op=O7_MA_LOAD_TRANSFER,accepted=false,fe=1687,before=[308.9100315416939,9710.10937599663,11814.405594405593],after=[308.9100315416939,9807.05971603898,11802.28438228438]
LS:g=12,op=O8_MA_WEAK_TO_STRONG,accepted=true,fe=1688,before=[308.9100315416939,9710.10937599663,11814.405594405593],after=[308.9100315416939,9710.10937599663,11814.405594405593]
LS:g=12,op=O9_MA_SWAP,accepted=false,fe=1689,before=[308.9100315416939,9710.10937599663,11814.405594405593],after=[308.9100315416939,9739.019323184657,11814.405594405593]
LS:g=12,op=CRITICAL_FACTORY_SWAP,accepted=false,fe=1690,before=[260.02718936990044,8517.18968457432,11923.454878454877],after=[259.6025765690296,8542.433345714877,11935.567765567763]
LS:g=12,op=CRITICAL_FACTORY_INSERT,accepted=false,fe=1691,before=[260.02718936990044,8517.18968457432,11923.454878454877],after=[239.59584305665362,8589.332063048432,11931.803196803196]
LS:g=12,op=O1_JS_INSERT,accepted=true,fe=1692,before=[260.02718936990044,8517.18968457432,11923.454878454877],after=[244.25415950937952,8568.532459180038,11950.727605727605]
LS:g=12,op=O2_JS_REVERSE,accepted=true,fe=1693,before=[244.25415950937952,8568.532459180038,11950.727605727605],after=[244.25415950937952,8504.804103526782,11925.727605727605]
LS:g=12,op=O3_JS_SWAP,accepted=false,fe=1694,before=[244.25415950937952,8504.804103526782,11925.727605727605],after=[269.5923331542705,8559.580396312715,11946.182151182149]
LS:g=12,op=O4_WA_LOAD_TRANSFER,accepted=false,fe=1695,before=[244.25415950937952,8504.804103526782,11925.727605727605],after=[264.130080404037,8604.183708000068,11925.727605727605]
LS:g=12,op=O5_WA_WEAK_TO_STRONG,accepted=false,fe=1696,before=[244.25415950937952,8504.804103526782,11925.727605727605],after=[250.71035135532532,8500.420313049473,11934.818514818513]
LS:g=12,op=O6_WA_SWAP,accepted=true,fe=1697,before=[244.25415950937952,8504.804103526782,11925.727605727605],after=[244.25415950937952,8504.804103526782,11925.727605727605]
LS:g=12,op=O7_MA_LOAD_TRANSFER,accepted=true,fe=1698,before=[244.25415950937952,8504.804103526782,11925.727605727605],after=[225.00231436200443,8606.474209616676,11948.280053280052]
LS:g=12,op=O8_MA_WEAK_TO_STRONG,accepted=false,fe=1699,before=[225.00231436200443,8606.474209616676,11948.280053280052],after=[233.19421584394428,8540.057129995366,11937.382617382616]
LS:g=12,op=O9_MA_SWAP,accepted=false,fe=1700,before=[225.00231436200443,8606.474209616676,11948.280053280052],after=[226.8315671310968,8780.176287725399,11927.825507825508]
GENERATION_END:g=12,fe=1700,archive=31
GROUP:g=13,name=G1_CMAX,members=JS=[13, 1, 14, 11, 15, 3, 17, 7, 4, 16, 19, 0, 10, 5, 6, 12, 2, 9, 18, 8]|FA=[0, 1, 1, 2, 0, 1, 1, 2, 1, 0, 0, 1, 2, 2, 2, 2, 2, 2, 2, 0]|MA=[0, 1, 1, 1, 3, 0, 0, 0, 1, 1, 0, 1, 1, 0, 0, 0, 1, 1, 0, 1]|WA=[1, 1, 1, 1, 1, 0, 1, 1, 1, 1, 1, 1, 0, 1, 1, 1, 0, 1, 1, 1]@[183.15091811327704,9467.922043635546,12131.503496503494];JS=[7, 14, 3, 11, 19, 15, 1, 17, 8, 4, 16, 18, 5, 6, 12, 0, 9, 10, 2, 13]|FA=[2, 2, 1, 2, 0, 0, 0, 1, 1, 1, 1, 0, 2, 0, 1, 1, 0, 0, 2, 2]|MA=[0, 1, 1, 0, 3, 3, 2, 1, 0, 0, 1, 0, 0, 0, 1, 0, 1, 2, 0, 0]|WA=[1, 0, 1, 0, 1, 1, 1, 0, 1, 1, 1, 0, 1, 2, 0, 0, 2, 1, 1, 1]@[200.00611625735814,9438.892411962104,11949.418914418913];
GROUP:g=13,name=G2_TEC,members=JS=[11, 13, 9, 5, 0, 15, 4, 17, 12, 7, 16, 1, 19, 2, 18, 14, 10, 3, 8, 6]|FA=[2, 2, 1, 1, 2, 0, 1, 1, 2, 1, 0, 2, 0, 0, 1, 1, 1, 0, 0, 2]|MA=[0, 0, 0, 1, 0, 3, 1, 1, 0, 0, 0, 1, 0, 3, 1, 1, 1, 0, 3, 1]|WA=[0, 1, 1, 1, 1, 1, 1, 0, 1, 1, 1, 1, 1, 1, 1, 1, 1, 2, 1, 1]@[260.02718936990044,8517.18968457432,11923.454878454877];JS=[10, 14, 13, 11, 9, 4, 7, 8, 18, 3, 16, 1, 19, 2, 17, 5, 0, 12, 15, 6]|FA=[2, 2, 1, 1, 2, 0, 1, 2, 0, 0, 0, 2, 0, 1, 1, 1, 1, 0, 0, 2]|MA=[0, 1, 1, 1, 0, 3, 1, 0, 0, 3, 3, 1, 1, 1, 1, 0, 1, 0, 3, 1]|WA=[0, 1, 1, 1, 1, 1, 1, 1, 2, 2, 1, 1, 1, 0, 1, 1, 1, 2, 1, 1]@[231.49557502272754,8534.06647678454,12112.1978021978];
GROUP:g=13,name=G3_TWC,members=JS=[13, 5, 7, 2, 3, 15, 4, 17, 11, 9, 16, 18, 0, 14, 8, 6, 12, 1, 19, 10]|FA=[2, 1, 2, 0, 2, 2, 2, 2, 2, 2, 2, 2, 1, 0, 1, 2, 1, 0, 2, 2]|MA=[1, 1, 0, 0, 0, 0, 0, 1, 1, 1, 1, 1, 1, 0, 0, 0, 0, 0, 1, 0]|WA=[1, 1, 1, 2, 0, 0, 0, 1, 1, 1, 1, 1, 0, 0, 0, 1, 1, 0, 0, 0]@[319.3131874663899,10905.009354974947,11469.172494172491];JS=[11, 13, 9, 5, 4, 12, 8, 17, 15, 10, 3, 2, 0, 14, 18, 19, 6, 7, 1, 16]|FA=[2, 2, 0, 1, 2, 0, 2, 0, 2, 2, 1, 0, 1, 2, 1, 1, 0, 2, 2, 2]|MA=[0, 0, 0, 1, 1, 0, 0, 3, 0, 0, 1, 3, 1, 0, 0, 0, 0, 1, 1, 0]|WA=[1, 1, 1, 1, 1, 1, 1, 0, 1, 1, 1, 1, 1, 1, 1, 0, 1, 1, 1, 1]@[336.2837013429197,9615.399597990992,11671.20213120213];
GROUP:g=13,name=G4_CENTER,members=JS=[10, 14, 13, 11, 9, 4, 7, 8, 18, 3, 16, 1, 19, 2, 17, 5, 0, 12, 15, 6]|FA=[2, 2, 1, 1, 2, 0, 1, 2, 0, 0, 0, 2, 0, 1, 1, 1, 1, 0, 0, 2]|MA=[0, 1, 1, 1, 0, 3, 1, 0, 0, 3, 3, 1, 1, 1, 1, 0, 1, 0, 3, 1]|WA=[0, 1, 1, 1, 1, 1, 1, 1, 2, 2, 1, 1, 1, 0, 1, 1, 1, 2, 1, 1]@[231.49557502272754,8534.06647678454,12112.1978021978];JS=[11, 13, 12, 5, 0, 15, 4, 17, 9, 7, 10, 14, 19, 8, 3, 16, 18, 1, 6, 2]|FA=[0, 1, 2, 2, 2, 2, 2, 1, 2, 2, 0, 0, 1, 1, 0, 2, 1, 0, 2, 2]|MA=[0, 1, 0, 0, 1, 1, 0, 1, 0, 0, 1, 3, 1, 0, 0, 1, 0, 0, 0, 0]|WA=[1, 1, 0, 0, 1, 0, 0, 0, 0, 1, 0, 2, 1, 1, 1, 1, 1, 2, 1, 1]@[318.83979828328773,10185.11441622849,11781.536796536791];JS=[11, 13, 9, 10, 17, 4, 15, 0, 5, 12, 7, 16, 1, 19, 2, 18, 14, 3, 8, 6]|FA=[2, 2, 1, 1, 1, 1, 0, 2, 1, 2, 1, 0, 2, 0, 0, 1, 1, 0, 0, 2]|MA=[0, 0, 0, 0, 1, 1, 3, 0, 1, 0, 0, 0, 1, 0, 3, 1, 1, 0, 3, 1]|WA=[0, 1, 1, 1, 0, 1, 1, 1, 1, 1, 1, 1, 1, 1, 1, 1, 1, 2, 1, 1]@[225.00231436200443,8606.474209616676,11948.280053280052];JS=[11, 13, 9, 5, 0, 15, 4, 17, 12, 7, 10, 14, 19, 8, 3, 16, 18, 1, 6, 2]|FA=[0, 1, 2, 2, 2, 2, 2, 1, 2, 2, 2, 2, 1, 1, 0, 0, 1, 0, 2, 2]|MA=[0, 1, 0, 0, 1, 1, 0, 1, 0, 0, 1, 1, 1, 0, 0, 0, 0, 0, 0, 0]|WA=[1, 1, 1, 0, 1, 0, 0, 0, 0, 1, 1, 1, 1, 1, 1, 0, 1, 2, 1, 1]@[308.2931484396268,10341.148501870712,11672.948717948713];
OP:JS_INITIAL_SWAP:1:6
OP:JS_GUIDE:PBEST:r=0.41099397441712077:pairs=[(1,6)]
OP:JS_GUIDE:QGBEST:r=0.5559838649336157:pairs=[(1,6)]
OP:JS_INITIAL_SWAP:1:10
OP:JS_GUIDE:PBEST:r=0.26155978182935663:pairs=[(0,19), (1,10), (3,4), (4,8), (5,6), (6,7), (7,14), (8,13), (9,10), (10,11), (11,17), (12,17), (13,19), (14,16), (15,16), (16,18), (17,18)]
OP:JS_GUIDE:QGBEST:r=0.39844257741308103:pairs=[(1,6), (2,6), (3,8), (4,5), (5,6), (6,7), (7,19), (8,9), (9,10), (11,15), (12,17), (13,17), (14,17), (15,17), (16,18), (17,18)]
OP:REPAIR:MA:5:3:0:[0,1]
OP:REPAIR:MA:6:2:1:[0,1]
OP:REPAIR:WA:13:2:1:[0,1]
Q:g=13,group=G1_CMAX,round=0,state=0,action=3,reward=-25.72491420819307,nextState=1,phase=BEFORE_LOCAL_SEARCH
OP:JS_INITIAL_SWAP:15:14
OP:JS_GUIDE:PBEST:r=0.45125052481459116:pairs=[(14,15)]
OP:JS_GUIDE:QGBEST:r=0.5139861583274851:pairs=[(1,2), (2,5), (4,10), (5,10), (7,10), (8,19), (9,19), (10,19), (13,19), (16,18), (17,18)]
OP:REPAIR:MA:11:3:1:[0,1]
OP:JS_INITIAL_SWAP:4:13
OP:JS_GUIDE:PBEST:r=0.5288453866704637:pairs=[(1,2), (2,5), (3,8), (4,7), (7,14), (8,14), (9,10), (10,11), (11,17), (12,17), (13,19), (14,16), (15,19), (16,18), (17,19), (18,19)]
OP:JS_GUIDE:QGBEST:r=0.013553034400761365:pairs=[(3,14), (4,14), (5,13), (6,13), (7,13), (8,14), (9,11), (10,11), (11,15), (12,17), (13,19), (14,19), (15,19), (16,19), (17,18), (18,19)]
OP:REPAIR:MA:8:3:1:[0,1]
Q:g=13,group=G1_CMAX,round=1,state=1,action=2,reward=-2.2345852898960032,nextState=1,phase=BEFORE_LOCAL_SEARCH
OP:JS_INITIAL_SWAP:9:1
OP:JS_GUIDE:PBEST:r=0.04035894486079894:pairs=[(1,17), (2,15), (3,9), (4,18), (8,15), (9,14), (10,16), (14,17), (15,17), (16,18)]
OP:JS_GUIDE:QGBEST:r=0.2996422676008503:pairs=[(0,17), (1,15), (2,9), (3,17), (4,9), (8,18), (9,10), (10,12), (11,16), (12,15), (13,19), (14,18), (17,19)]
OP:FA_MUTATE:11:2:2
OP:FA_SYNC_MA:11:1:0
OP:FA_SYNC_WA:11:1:0
OP:REPAIR:MA:2:3:1:[0,1]
OP:REPAIR:WA:2:2:1:[0,1]
OP:REPAIR:WA:8:2:1:[0,1]
OP:JS_INITIAL_SWAP:19:16
OP:JS_GUIDE:PBEST:r=0.450105537880199:pairs=[(0,3), (1,9), (2,9), (3,9), (4,7), (5,18), (6,18), (7,14), (8,14), (9,14), (10,14), (14,18), (16,19)]
OP:JS_GUIDE:QGBEST:r=0.5407486117559671:pairs=[(0,1), (1,2), (2,3), (4,7), (5,18), (6,18), (7,14), (8,14), (9,10), (10,12), (11,12), (12,18), (13,16), (14,17), (15,19), (16,18), (17,18)]
OP:FA_MUTATE:11:2:2
OP:FA_SYNC_MA:11:1:1
OP:FA_SYNC_WA:11:1:1
Q:g=13,group=G2_TEC,round=0,state=0,action=1,reward=-164.41813926786108,nextState=1,phase=BEFORE_LOCAL_SEARCH
OP:JS_INITIAL_SWAP:3:0
OP:JS_GUIDE:PBEST:r=0.19924743822947572:pairs=[(0,17), (1,3), (2,3), (4,18), (8,9), (9,14), (10,16), (14,15), (15,17), (16,18)]
OP:JS_GUIDE:QGBEST:r=0.02005347263487438:pairs=[(0,3), (4,9), (8,18), (9,10), (10,12), (11,16), (12,15), (13,19), (14,18), (17,19)]
OP:REPAIR:WA:8:2:0:[0,1]
OP:WA_MUTATE:12:0:1
OP:JS_INITIAL_SWAP:16:2
OP:JS_GUIDE:PBEST:r=0.3574721016186648:pairs=[(0,3), (1,3), (2,3), (3,16), (4,8), (9,14), (14,18), (16,19)]
OP:JS_GUIDE:QGBEST:r=0.04866470016214599:pairs=[(0,1), (1,3), (2,16), (10,12), (11,12), (12,18), (13,16), (14,17), (15,19), (16,18), (17,18)]
OP:REPAIR:MA:10:3:1:[0,1]
OP:REPAIR:WA:10:2:1:[0,1]
Q:g=13,group=G2_TEC,round=1,state=1,action=2,reward=-419.58401811499334,nextState=1,phase=BEFORE_LOCAL_SEARCH
OP:JS_INITIAL_SWAP:11:13
OP:JS_GUIDE:PBEST:r=0.46507553621917846:pairs=[(11,13), (14,17)]
OP:JS_GUIDE:QGBEST:r=0.3061278997103357:pairs=[(11,13)]
OP:MA_MUTATE:14:0:0
OP:JS_INITIAL_SWAP:8:5
OP:JS_GUIDE:PBEST:r=0.3047649965501144:pairs=[(2,11), (3,6), (4,11), (5,11), (6,7), (7,8), (8,10), (10,11), (18,19)]
OP:JS_GUIDE:QGBEST:r=0.3739740343019609:pairs=[(0,1), (1,6), (2,17), (3,17), (4,10), (6,10), (8,10), (9,11), (10,19), (11,14), (14,17), (15,16), (16,19), (17,18), (18,19)]
Q:g=13,group=G3_TWC,round=0,state=0,action=3,reward=-15.467865467866432,nextState=1,phase=BEFORE_LOCAL_SEARCH
OP:JS_INITIAL_SWAP:15:14
OP:JS_GUIDE:PBEST:r=0.2559147085288881:pairs=[(11,13), (14,17), (15,17)]
OP:JS_GUIDE:QGBEST:r=0.43996116259628093:pairs=[(11,13), (14,17), (15,17)]
OP:WA_MUTATE:2:1:0
OP:JS_INITIAL_SWAP:1:8
OP:JS_GUIDE:PBEST:r=0.5453542172290066:pairs=[(0,6), (1,6), (2,3), (3,17), (4,11), (5,10), (6,7), (8,11), (18,19)]
OP:JS_GUIDE:QGBEST:r=0.16981145909571765:pairs=[(0,1), (1,8), (2,17), (3,17), (6,10), (9,11), (10,19), (11,14), (14,18), (15,16), (16,19), (18,19)]
OP:MA_MUTATE:4:1:0
OP:REPAIR:WA:17:2:0:[0,1]
OP:WA_MUTATE:15:0:0
Q:g=13,group=G3_TWC,round=1,state=1,action=2,reward=-128.81535131535202,nextState=1,phase=BEFORE_LOCAL_SEARCH
OP:JS_INITIAL_SWAP:12:16
OP:JS_GUIDE:PBEST:r=0.21073131934011785:pairs=[(0,3), (1,2), (2,15), (3,4), (4,5), (5,17), (6,7), (7,14), (8,18), (9,14), (11,16), (12,17), (13,14), (14,16), (15,17), (16,18), (17,18), (18,19)]
OP:JS_GUIDE:QGBEST:r=0.04934198408146948:pairs=[(2,4), (3,4), (4,12), (5,18), (6,18), (7,14), (8,17), (9,18), (10,12), (11,18), (12,16), (13,14), (14,15), (15,16), (16,17), (17,18), (18,19)]
OP:REPAIR:MA:5:3:0:[0,1]
OP:REPAIR:MA:9:3:1:[0,1]
OP:REPAIR:MA:10:3:0:[0,1]
OP:REPAIR:WA:8:2:0:[0,1]
OP:REPAIR:WA:9:2:1:[0,1]
OP:JS_INITIAL_SWAP:5:3
OP:JS_GUIDE:PBEST:r=0.45761245819853447:pairs=[(2,19), (3,13), (4,8), (5,13), (6,17), (8,13), (9,14), (11,12), (12,14), (13,14), (14,17), (17,19)]
OP:JS_GUIDE:QGBEST:r=0.5488675233219248:pairs=[(2,4), (3,13), (4,8), (6,17), (8,19), (11,14)]
OP:JS_INITIAL_SWAP:16:2
OP:JS_GUIDE:PBEST:r=0.2540761022588457:pairs=[(2,8), (3,16), (4,5), (5,9), (6,18), (7,9), (8,18), (9,10), (10,11), (11,13), (12,16), (13,17), (14,16), (15,17), (16,17), (18,19)]
OP:JS_GUIDE:QGBEST:r=0.2247904973427045:pairs=[(2,3), (4,7), (5,6), (6,7), (7,9), (8,9), (9,10), (10,16), (11,17), (12,13), (13,18), (14,16), (15,17), (16,17), (17,18), (18,19)]
OP:JS_INITIAL_SWAP:15:18
OP:JS_GUIDE:PBEST:r=0.5426804015138115:pairs=[(2,19), (3,13), (4,19), (6,17), (8,13), (9,14), (11,12), (12,14), (13,14), (14,17), (15,18)]
OP:JS_GUIDE:QGBEST:r=0.21771155384942406:pairs=[(2,4), (3,8), (4,19), (6,17), (8,13), (11,14), (15,18)]
Q:g=13,group=G4_CENTER,round=0,state=0,action=2,reward=-0.03662390298342298,nextState=1,phase=BEFORE_LOCAL_SEARCH
OP:JS_INITIAL_SWAP:14:1
OP:JS_GUIDE:PBEST:r=0.2975506548914209:pairs=[(1,14)]
OP:JS_GUIDE:QGBEST:r=0.41132683867437364:pairs=[(1,14), (2,4), (3,4), (4,12), (5,18), (6,18), (7,14), (8,17), (9,18), (10,12), (11,18), (12,16), (13,14), (14,15), (15,16), (16,17), (17,18), (18,19)]
OP:WA_MUTATE:10:1:1
OP:JS_INITIAL_SWAP:6:0
OP:JS_GUIDE:PBEST:r=0.14218290046041043:pairs=[(0,6), (2,4), (3,13), (6,17), (8,19), (11,14)]
OP:JS_GUIDE:QGBEST:r=0.44329689554964274:pairs=[(0,6), (6,17), (8,19), (11,14)]
OP:JS_INITIAL_SWAP:4:11
OP:JS_GUIDE:PBEST:r=0.07863001009505219:pairs=[(2,3), (4,7), (5,6), (6,18), (7,9), (8,18), (9,10), (11,13), (12,16), (13,17), (14,16), (15,17), (16,17), (18,19)]
OP:JS_GUIDE:QGBEST:r=0.20394191550890295:pairs=[(2,3), (4,11), (6,7), (7,9), (8,9), (9,10), (10,16), (11,17), (12,13), (13,18), (14,16), (15,17), (16,17), (17,18), (18,19)]
OP:MA_MUTATE:5:1:0
OP:WA_MUTATE:19:1:1
OP:JS_INITIAL_SWAP:7:12
OP:JS_GUIDE:PBEST:r=0.2614173543623667:pairs=[(2,19), (4,19), (6,17), (7,12), (8,13), (11,14), (15,18)]
OP:JS_GUIDE:QGBEST:r=0.02056673761391532:pairs=[(2,19), (3,8), (4,19), (6,17), (7,12), (8,13), (11,14), (15,18)]
OP:WA_MUTATE:10:1:0
Q:g=13,group=G4_CENTER,round=1,state=1,action=2,reward=-0.07505076090700882,nextState=1,phase=BEFORE_LOCAL_SEARCH
LS:g=13,op=CRITICAL_FACTORY_SWAP,accepted=false,fe=1721,before=[192.08925927286097,9384.82134344184,12089.528804528802],after=[239.334568553288,9416.401404571247,11773.877788877784]
LS:g=13,op=CRITICAL_FACTORY_INSERT,accepted=true,fe=1722,before=[192.08925927286097,9384.82134344184,12089.528804528802],after=[190.37801180490965,9048.465565590686,12098.165168165166]
LS:g=13,op=O1_JS_INSERT,accepted=false,fe=1723,before=[190.37801180490965,9048.465565590686,12098.165168165166],after=[214.0526760112449,9069.998040100885,12098.165168165166]
LS:g=13,op=O2_JS_REVERSE,accepted=true,fe=1724,before=[190.37801180490965,9048.465565590686,12098.165168165166],after=[190.37801180490965,9041.52109782033,12105.740925740924]
LS:g=13,op=O3_JS_SWAP,accepted=true,fe=1725,before=[190.37801180490965,9041.52109782033,12105.740925740924],after=[189.8898104555572,9076.251723011603,12105.740925740924]
LS:g=13,op=O4_WA_LOAD_TRANSFER,accepted=false,fe=1726,before=[189.8898104555572,9076.251723011603,12105.740925740924],after=[194.80515087445886,9274.95652458346,12105.740925740924]
LS:g=13,op=O5_WA_WEAK_TO_STRONG,accepted=true,fe=1727,before=[189.8898104555572,9076.251723011603,12105.740925740924],after=[189.8898104555572,9076.251723011603,12105.740925740924]
LS:g=13,op=O6_WA_SWAP,accepted=true,fe=1728,before=[189.8898104555572,9076.251723011603,12105.740925740924],after=[189.8898104555572,9076.251723011603,12105.740925740924]
LS:g=13,op=O7_MA_LOAD_TRANSFER,accepted=true,fe=1729,before=[189.8898104555572,9076.251723011603,12105.740925740924],after=[186.1053064063154,8960.097323940116,12024.971694971693]
LS:g=13,op=O8_MA_WEAK_TO_STRONG,accepted=true,fe=1730,before=[186.1053064063154,8960.097323940116,12024.971694971693],after=[182.05990065502732,8841.3527668876,11976.400266400264]
LS:g=13,op=O9_MA_SWAP,accepted=true,fe=1731,before=[182.05990065502732,8841.3527668876,11976.400266400264],after=[182.05990065502732,8841.3527668876,11976.400266400264]
LS:g=13,op=CRITICAL_FACTORY_SWAP,accepted=false,fe=1732,before=[246.98677409395236,9817.955478632071,11807.560772560773],after=[279.11165213485356,9960.456897418728,11802.512487512487]
LS:g=13,op=CRITICAL_FACTORY_INSERT,accepted=true,fe=1733,before=[246.98677409395236,9817.955478632071,11807.560772560773],after=[246.98677409395236,9640.20636103509,11909.385614385614]
LS:g=13,op=O1_JS_INSERT,accepted=true,fe=1734,before=[246.98677409395236,9640.20636103509,11909.385614385614],after=[245.00635748272333,9642.96214982833,11931.203796203794]
LS:g=13,op=O2_JS_REVERSE,accepted=true,fe=1735,before=[245.00635748272333,9642.96214982833,11931.203796203794],after=[240.21238276861214,9337.287340614379,11841.203796203798]
LS:g=13,op=O3_JS_SWAP,accepted=true,fe=1736,before=[240.21238276861214,9337.287340614379,11841.203796203798],after=[240.21238276861214,9337.287340614379,11841.203796203798]
LS:g=13,op=O4_WA_LOAD_TRANSFER,accepted=false,fe=1737,before=[240.21238276861214,9337.287340614379,11841.203796203798],after=[259.90568468907645,9494.833755978092,11841.203796203798]
LS:g=13,op=O5_WA_WEAK_TO_STRONG,accepted=true,fe=1738,before=[240.21238276861214,9337.287340614379,11841.203796203798],after=[222.57241090620573,9274.496988857003,11788.021978021978]
LS:g=13,op=O6_WA_SWAP,accepted=true,fe=1739,before=[222.57241090620573,9274.496988857003,11788.021978021978],after=[222.57241090620573,9274.496988857003,11788.021978021978]
LS:g=13,op=O7_MA_LOAD_TRANSFER,accepted=true,fe=1740,before=[222.57241090620573,9274.496988857003,11788.021978021978],after=[222.57241090620573,9399.820368598408,11788.021978021978]
LS:g=13,op=O8_MA_WEAK_TO_STRONG,accepted=true,fe=1741,before=[222.57241090620573,9399.820368598408,11788.021978021978],after=[222.57241090620573,9399.820368598408,11788.021978021978]
LS:g=13,op=O9_MA_SWAP,accepted=true,fe=1742,before=[222.57241090620573,9399.820368598408,11788.021978021978],after=[222.57241090620573,9399.820368598408,11788.021978021978]
LS:g=13,op=CRITICAL_FACTORY_SWAP,accepted=true,fe=1743,before=[249.33137492251484,9412.957674363184,12245.449550449548],after=[320.3229130619733,9275.68608736597,12255.705960705958]
LS:g=13,op=CRITICAL_FACTORY_INSERT,accepted=true,fe=1744,before=[320.3229130619733,9275.68608736597,12255.705960705958],after=[365.23810413076376,9146.366141811715,12094.936729936728]
LS:g=13,op=O1_JS_INSERT,accepted=true,fe=1745,before=[365.23810413076376,9146.366141811715,12094.936729936728],after=[361.9926247355948,9039.745002143673,12119.936729936728]
LS:g=13,op=O2_JS_REVERSE,accepted=true,fe=1746,before=[361.9926247355948,9039.745002143673,12119.936729936728],after=[365.23810413076376,8925.782128398381,12099.482184482182]
LS:g=13,op=O3_JS_SWAP,accepted=true,fe=1747,before=[365.23810413076376,8925.782128398381,12099.482184482182],after=[365.23810413076376,8876.692428244205,12119.179154179152]
LS:g=13,op=O4_WA_LOAD_TRANSFER,accepted=false,fe=1748,before=[365.23810413076376,8876.692428244205,12119.179154179152],after=[378.4536635263297,8942.770225222033,12119.179154179152]
LS:g=13,op=O5_WA_WEAK_TO_STRONG,accepted=true,fe=1749,before=[365.23810413076376,8876.692428244205,12119.179154179152],after=[356.7549068529735,8834.276441855252,12119.179154179152]
LS:g=13,op=O6_WA_SWAP,accepted=true,fe=1750,before=[356.7549068529735,8834.276441855252,12119.179154179152],after=[356.7549068529735,8834.276441855252,12119.179154179152]
LS:g=13,op=O7_MA_LOAD_TRANSFER,accepted=false,fe=1751,before=[356.7549068529735,8834.276441855252,12119.179154179152],after=[358.93593900073745,8993.71692744437,12139.050949050947]
LS:g=13,op=O8_MA_WEAK_TO_STRONG,accepted=true,fe=1752,before=[356.7549068529735,8834.276441855252,12119.179154179152],after=[356.7549068529735,8834.276441855252,12119.179154179152]
LS:g=13,op=O9_MA_SWAP,accepted=true,fe=1753,before=[356.7549068529735,8834.276441855252,12119.179154179152],after=[356.7549068529735,8834.276441855252,12119.179154179152]
LS:g=13,op=CRITICAL_FACTORY_SWAP,accepted=false,fe=1754,before=[270.2729223240673,8806.302801761383,12150.306360306358],after=[217.73100877438398,9165.895983173095,12156.453546453542]
LS:g=13,op=CRITICAL_FACTORY_INSERT,accepted=false,fe=1755,before=[270.2729223240673,8806.302801761383,12150.306360306358],after=[242.66527668591976,9019.581483423057,12234.222444222441]
LS:g=13,op=O1_JS_INSERT,accepted=true,fe=1756,before=[270.2729223240673,8806.302801761383,12150.306360306358],after=[270.2729223240673,8806.302801761383,12150.306360306358]
LS:g=13,op=O2_JS_REVERSE,accepted=false,fe=1757,before=[270.2729223240673,8806.302801761383,12150.306360306358],after=[270.27292232406734,8833.656990842013,12150.306360306358]
LS:g=13,op=O3_JS_SWAP,accepted=false,fe=1758,before=[270.2729223240673,8806.302801761383,12150.306360306358],after=[274.16749759826996,8809.890559733598,12150.306360306357]
LS:g=13,op=O4_WA_LOAD_TRANSFER,accepted=false,fe=1759,before=[270.2729223240673,8806.302801761383,12150.306360306358],after=[287.69502582432267,8880.270857663581,12156.366966366964]
LS:g=13,op=O5_WA_WEAK_TO_STRONG,accepted=true,fe=1760,before=[270.2729223240673,8806.302801761383,12150.306360306358],after=[251.62391012661084,8784.125332712676,12144.886779886778]
LS:g=13,op=O6_WA_SWAP,accepted=false,fe=1761,before=[251.62391012661084,8784.125332712676,12144.886779886778],after=[243.1407128488205,8905.968967716602,12141.973026973023]
LS:g=13,op=O7_MA_LOAD_TRANSFER,accepted=false,fe=1762,before=[251.62391012661084,8784.125332712676,12144.886779886778],after=[219.62036074887067,9009.99121430805,12180.784215784213]
LS:g=13,op=O8_MA_WEAK_TO_STRONG,accepted=true,fe=1763,before=[251.62391012661084,8784.125332712676,12144.886779886778],after=[299.4940479762429,8521.820605999807,12146.460206460202]
LS:g=13,op=O9_MA_SWAP,accepted=true,fe=1764,before=[299.4940479762429,8521.820605999807,12146.460206460202],after=[299.4940479762429,8521.820605999807,12146.460206460202]
LS:g=13,op=CRITICAL_FACTORY_SWAP,accepted=false,fe=1765,before=[299.08457921714717,10869.636139628517,11610.925740925739],after=[358.6067918538745,11085.51679728476,11801.450216450212]
LS:g=13,op=CRITICAL_FACTORY_INSERT,accepted=false,fe=1766,before=[299.08457921714717,10869.636139628517,11610.925740925739],after=[318.4738286743427,10867.992767180122,11717.943722943719]
LS:g=13,op=O1_JS_INSERT,accepted=false,fe=1767,before=[299.08457921714717,10869.636139628517,11610.925740925739],after=[321.86102433701285,10967.762491844256,11620.319680319679]
LS:g=13,op=O2_JS_REVERSE,accepted=false,fe=1768,before=[299.08457921714717,10869.636139628517,11610.925740925739],after=[282.9876295020606,11052.423586927656,11632.743922743919]
LS:g=13,op=O3_JS_SWAP,accepted=true,fe=1769,before=[299.08457921714717,10869.636139628517,11610.925740925739],after=[337.7485161080317,11044.536311070797,11477.592407592407]
LS:g=13,op=O4_WA_LOAD_TRANSFER,accepted=false,fe=1770,before=[337.7485161080317,11044.536311070797,11477.592407592407],after=[385.04645341839387,11526.482314109313,11509.259074259071]
LS:g=13,op=O5_WA_WEAK_TO_STRONG,accepted=false,fe=1771,before=[337.7485161080317,11044.536311070797,11477.592407592407],after=[353.58301544419896,11014.832726678078,11508.956043956041]
LS:g=13,op=O6_WA_SWAP,accepted=false,fe=1772,before=[337.7485161080317,11044.536311070797,11477.592407592407],after=[337.6585559541388,11244.942833309628,11531.077256077251]
LS:g=13,op=O7_MA_LOAD_TRANSFER,accepted=true,fe=1773,before=[337.7485161080317,11044.536311070797,11477.592407592407],after=[357.1377655652273,11171.682333168907,11472.895437895435]
LS:g=13,op=O8_MA_WEAK_TO_STRONG,accepted=true,fe=1774,before=[357.1377655652273,11171.682333168907,11472.895437895435],after=[357.1377655652273,11171.682333168907,11472.895437895435]
LS:g=13,op=O9_MA_SWAP,accepted=false,fe=1775,before=[357.1377655652273,11171.682333168907,11472.895437895435],after=[357.1377655652273,10979.977845581503,11483.804528804525]
LS:g=13,op=CRITICAL_FACTORY_SWAP,accepted=false,fe=1776,before=[297.63904609292354,9958.469551369919,11818.01531801532],after=[231.10194088990187,9566.653942428475,12001.167166167166]
LS:g=13,op=CRITICAL_FACTORY_INSERT,accepted=false,fe=1777,before=[297.63904609292354,9958.469551369919,11818.01531801532],after=[209.92900222963175,9428.706658957595,11952.154512154513]
LS:g=13,op=O1_JS_INSERT,accepted=true,fe=1778,before=[297.63904609292354,9958.469551369919,11818.01531801532],after=[297.75942603265366,9874.829797153174,11804.681984681984]
LS:g=13,op=O2_JS_REVERSE,accepted=false,fe=1779,before=[297.75942603265366,9874.829797153174,11804.681984681984],after=[298.0357098943394,10089.746502900774,11824.53046953047]
LS:g=13,op=O3_JS_SWAP,accepted=false,fe=1780,before=[297.75942603265366,9874.829797153174,11804.681984681984],after=[297.75942603265366,10051.14518274369,11860.894105894105]
LS:g=13,op=O4_WA_LOAD_TRANSFER,accepted=true,fe=1781,before=[297.75942603265366,9874.829797153174,11804.681984681984],after=[324.5190032165904,10325.411667554277,11771.651681651681]
LS:g=13,op=O5_WA_WEAK_TO_STRONG,accepted=false,fe=1782,before=[324.5190032165904,10325.411667554277,11771.651681651681],after=[297.75942603265366,9874.829797153174,11804.681984681984]
LS:g=13,op=O6_WA_SWAP,accepted=true,fe=1783,before=[324.5190032165904,10325.411667554277,11771.651681651681],after=[334.9723198757942,10612.998120232887,11767.863802863803]
LS:g=13,op=O7_MA_LOAD_TRANSFER,accepted=false,fe=1784,before=[334.9723198757942,10612.998120232887,11767.863802863803],after=[242.44571805069575,10326.493498635586,11874.53046953047]
LS:g=13,op=O8_MA_WEAK_TO_STRONG,accepted=true,fe=1785,before=[334.9723198757942,10612.998120232887,11767.863802863803],after=[334.9723198757942,10612.998120232887,11767.863802863803]
LS:g=13,op=O9_MA_SWAP,accepted=true,fe=1786,before=[334.9723198757942,10612.998120232887,11767.863802863803],after=[334.9723198757942,10612.998120232887,11767.863802863803]
LS:g=13,op=CRITICAL_FACTORY_SWAP,accepted=true,fe=1787,before=[278.11812530725706,9638.033967852976,11644.731934731934],after=[261.77772037489274,9804.12019546817,11709.104229104227]
LS:g=13,op=CRITICAL_FACTORY_INSERT,accepted=false,fe=1788,before=[261.77772037489274,9804.12019546817,11709.104229104227],after=[248.49045689263403,9961.683059603083,11891.961371961368]
LS:g=13,op=O1_JS_INSERT,accepted=false,fe=1789,before=[261.77772037489274,9804.12019546817,11709.104229104227],after=[282.6796189483586,9885.200249372416,11506.528471528469]
LS:g=13,op=O2_JS_REVERSE,accepted=true,fe=1790,before=[261.77772037489274,9804.12019546817,11709.104229104227],after=[248.49045689263403,9629.152465008077,11767.286047286045]
LS:g=13,op=O3_JS_SWAP,accepted=false,fe=1791,before=[248.49045689263403,9629.152465008077,11767.286047286045],after=[248.49045689263403,9629.152465008077,11767.286047286045]
LS:g=13,op=O4_WA_LOAD_TRANSFER,accepted=false,fe=1792,before=[248.49045689263403,9629.152465008077,11767.286047286045],after=[252.6101090720272,10037.814655287251,11665.619380619379]
LS:g=13,op=O5_WA_WEAK_TO_STRONG,accepted=false,fe=1793,before=[248.49045689263403,9629.152465008077,11767.286047286045],after=[275.6040906894923,9796.095828303563,11778.04362304362]
LS:g=13,op=O6_WA_SWAP,accepted=true,fe=1794,before=[248.49045689263403,9629.152465008077,11767.286047286045],after=[260.93489890971654,9848.794983171676,11755.922410922409]
LS:g=13,op=O7_MA_LOAD_TRANSFER,accepted=true,fe=1795,before=[260.93489890971654,9848.794983171676,11755.922410922409],after=[248.49045689263403,9661.219396661816,11743.952713952713]
LS:g=13,op=O8_MA_WEAK_TO_STRONG,accepted=true,fe=1796,before=[248.49045689263403,9661.219396661816,11743.952713952713],after=[248.49045689263403,9661.219396661816,11743.952713952713]
LS:g=13,op=O9_MA_SWAP,accepted=true,fe=1797,before=[248.49045689263403,9661.219396661816,11743.952713952713],after=[248.49045689263403,9661.219396661816,11743.952713952713]
LS:g=13,op=CRITICAL_FACTORY_SWAP,accepted=true,fe=1798,before=[377.0194997244628,9962.968277467631,11786.921411921408],after=[389.8840357701455,10095.263348412565,11740.199800199796]
LS:g=13,op=CRITICAL_FACTORY_INSERT,accepted=false,fe=1799,before=[389.8840357701455,10095.263348412565,11740.199800199796],after=[383.157522296397,10352.844220501904,11806.043956043952]
LS:g=13,op=O1_JS_INSERT,accepted=true,fe=1800,before=[389.8840357701455,10095.263348412565,11740.199800199796],after=[384.62885536120666,10031.504369451024,11704.290709290706]
LS:g=13,op=O2_JS_REVERSE,accepted=false,fe=1801,before=[384.62885536120666,10031.504369451024,11704.290709290706],after=[389.8840357701455,10165.63722742726,11645.654345654342]
LS:g=13,op=O3_JS_SWAP,accepted=false,fe=1802,before=[384.62885536120666,10031.504369451024,11704.290709290706],after=[384.62885536120666,9897.347551802452,11757.62404262404]
LS:g=13,op=O4_WA_LOAD_TRANSFER,accepted=true,fe=1803,before=[384.62885536120666,10031.504369451024,11704.290709290706],after=[384.62885536120666,10031.504369451024,11704.290709290706]
LS:g=13,op=O5_WA_WEAK_TO_STRONG,accepted=false,fe=1804,before=[384.62885536120666,10031.504369451024,11704.290709290706],after=[357.7488982375397,9929.75424238923,11839.745254745252]
LS:g=13,op=O6_WA_SWAP,accepted=true,fe=1805,before=[384.62885536120666,10031.504369451024,11704.290709290706],after=[384.62885536120666,10031.504369451024,11704.290709290706]
LS:g=13,op=O7_MA_LOAD_TRANSFER,accepted=false,fe=1806,before=[384.62885536120666,10031.504369451024,11704.290709290706],after=[370.80235887997526,10197.592285550496,11757.62404262404]
LS:g=13,op=O8_MA_WEAK_TO_STRONG,accepted=true,fe=1807,before=[384.62885536120666,10031.504369451024,11704.290709290706],after=[384.62885536120666,10031.504369451024,11704.290709290706]
LS:g=13,op=O9_MA_SWAP,accepted=true,fe=1808,before=[384.62885536120666,10031.504369451024,11704.290709290706],after=[384.62885536120666,10031.504369451024,11704.290709290706]
LS:g=13,op=CRITICAL_FACTORY_SWAP,accepted=false,fe=1809,before=[240.1927699984247,8581.29645904354,11976.926406926406],after=[247.003225084998,8676.461977520557,11982.00133200133]
LS:g=13,op=CRITICAL_FACTORY_INSERT,accepted=false,fe=1810,before=[240.1927699984247,8581.29645904354,11976.926406926406],after=[240.1927699984247,8750.647135698715,11892.405927405925]
LS:g=13,op=O1_JS_INSERT,accepted=false,fe=1811,before=[240.1927699984247,8581.29645904354,11976.926406926406],after=[219.94097857257069,8552.478675130133,11981.82151182151]
LS:g=13,op=O2_JS_REVERSE,accepted=true,fe=1812,before=[240.1927699984247,8581.29645904354,11976.926406926406],after=[223.49939421048703,8507.671232711538,11887.345987345985]
LS:g=13,op=O3_JS_SWAP,accepted=true,fe=1813,before=[223.49939421048703,8507.671232711538,11887.345987345985],after=[223.49939421048703,8507.671232711538,11887.345987345985]
LS:g=13,op=O4_WA_LOAD_TRANSFER,accepted=false,fe=1814,before=[223.49939421048703,8507.671232711538,11887.345987345985],after=[223.49939421048703,8653.823994415672,11895.038295038292]
LS:g=13,op=O5_WA_WEAK_TO_STRONG,accepted=false,fe=1815,before=[223.49939421048703,8507.671232711538,11887.345987345985],after=[225.68416914772467,8521.382533189266,11908.791208791206]
LS:g=13,op=O6_WA_SWAP,accepted=true,fe=1816,before=[223.49939421048703,8507.671232711538,11887.345987345985],after=[223.49939421048703,8507.671232711538,11887.345987345985]
LS:g=13,op=O7_MA_LOAD_TRANSFER,accepted=false,fe=1817,before=[223.49939421048703,8507.671232711538,11887.345987345985],after=[224.97686760090775,8681.106881528709,11900.807525807524]
LS:g=13,op=O8_MA_WEAK_TO_STRONG,accepted=false,fe=1818,before=[223.49939421048703,8507.671232711538,11887.345987345985],after=[240.04709618319933,8429.81685517387,11880.294705294704]
LS:g=13,op=O9_MA_SWAP,accepted=false,fe=1819,before=[223.49939421048703,8507.671232711538,11887.345987345985],after=[210.2207928696929,8849.641668084914,11875.807525807524]
LS:g=13,op=CRITICAL_FACTORY_SWAP,accepted=true,fe=1820,before=[281.27904398840224,10422.660376784757,11863.644688644685],after=[259.4316100399954,10155.438123880711,11702.84382284382]
LS:g=13,op=CRITICAL_FACTORY_INSERT,accepted=false,fe=1821,before=[259.4316100399954,10155.438123880711,11702.84382284382],after=[281.27904398840224,10459.73778380303,11818.699633699633]
LS:g=13,op=O1_JS_INSERT,accepted=false,fe=1822,before=[259.4316100399954,10155.438123880711,11702.84382284382],after=[262.75220168161275,10432.109619280525,11702.692307692305]
LS:g=13,op=O2_JS_REVERSE,accepted=false,fe=1823,before=[259.4316100399954,10155.438123880711,11702.84382284382],after=[281.27904398840224,10402.997149063662,11769.358974358973]
LS:g=13,op=O3_JS_SWAP,accepted=false,fe=1824,before=[259.4316100399954,10155.438123880711,11702.84382284382],after=[285.95296322416016,10393.145667437204,11650.268065268063]
LS:g=13,op=O4_WA_LOAD_TRANSFER,accepted=false,fe=1825,before=[259.4316100399954,10155.438123880711,11702.84382284382],after=[321.03762778289047,10907.972021680986,11755.268065268063]
LS:g=13,op=O5_WA_WEAK_TO_STRONG,accepted=false,fe=1826,before=[259.4316100399954,10155.438123880711,11702.84382284382],after=[269.45331786334293,10116.270654836175,11809.662004662001]
LS:g=13,op=O6_WA_SWAP,accepted=true,fe=1827,before=[259.4316100399954,10155.438123880711,11702.84382284382],after=[259.4316100399954,10155.438123880711,11702.84382284382]
LS:g=13,op=O7_MA_LOAD_TRANSFER,accepted=false,fe=1828,before=[259.4316100399954,10155.438123880711,11702.84382284382],after=[259.4316100399954,10261.481491808485,11644.662004662003]
LS:g=13,op=O8_MA_WEAK_TO_STRONG,accepted=true,fe=1829,before=[259.4316100399954,10155.438123880711,11702.84382284382],after=[259.4316100399954,10155.438123880711,11702.84382284382]
LS:g=13,op=O9_MA_SWAP,accepted=false,fe=1830,before=[259.4316100399954,10155.438123880711,11702.84382284382],after=[335.61009514790015,10491.569562884088,11569.358974358973]
GENERATION_END:g=13,fe=1830,archive=30
GROUP:g=14,name=G1_CMAX,members=JS=[19, 11, 3, 14, 7, 15, 1, 17, 4, 16, 13, 0, 10, 5, 12, 6, 2, 9, 18, 8]|FA=[0, 2, 1, 1, 0, 1, 1, 0, 1, 0, 0, 1, 2, 2, 2, 2, 2, 2, 2, 0]|MA=[3, 1, 1, 1, 3, 0, 0, 3, 1, 1, 0, 1, 1, 0, 0, 0, 1, 1, 0, 2]|WA=[1, 1, 1, 1, 1, 0, 1, 1, 1, 1, 1, 1, 0, 1, 1, 1, 0, 1, 1, 1]@[182.05990065502732,8841.3527668876,11976.400266400264];JS=[14, 3, 0, 11, 15, 5, 4, 18, 16, 6, 19, 17, 1, 8, 12, 9, 10, 2, 13, 7]|FA=[0, 1, 2, 2, 2, 2, 1, 0, 0, 1, 2, 1, 1, 0, 2, 0, 0, 2, 2, 2]|MA=[0, 1, 0, 1, 0, 0, 0, 1, 0, 1, 0, 1, 0, 3, 1, 1, 2, 1, 0, 0]|WA=[2, 1, 1, 0, 1, 1, 0, 1, 1, 1, 1, 1, 1, 1, 0, 2, 1, 1, 1, 1]@[222.57241090620573,9399.820368598408,11788.021978021978];
GROUP:g=14,name=G2_TEC,members=JS=[11, 13, 10, 18, 2, 19, 1, 16, 14, 17, 7, 12, 4, 15, 0, 5, 9, 3, 8, 6]|FA=[2, 2, 1, 1, 0, 0, 2, 0, 1, 2, 1, 2, 0, 1, 1, 1, 1, 0, 0, 2]|MA=[0, 0, 1, 1, 3, 0, 1, 0, 1, 0, 0, 0, 3, 0, 1, 1, 0, 0, 3, 1]|WA=[0, 1, 1, 1, 1, 1, 1, 1, 0, 1, 1, 1, 1, 1, 0, 1, 1, 2, 1, 1]@[223.49939421048703,8507.671232711538,11887.345987345985];JS=[11, 13, 9, 5, 0, 15, 4, 12, 14, 17, 7, 16, 1, 19, 2, 18, 10, 3, 8, 6]|FA=[2, 2, 1, 1, 1, 1, 0, 2, 1, 2, 1, 0, 2, 0, 0, 1, 1, 0, 0, 2]|MA=[0, 0, 0, 1, 1, 0, 3, 0, 1, 0, 0, 0, 1, 0, 3, 1, 1, 0, 3, 1]|WA=[0, 1, 1, 1, 0, 1, 1, 1, 0, 1, 1, 1, 1, 1, 1, 1, 1, 2, 1, 1]@[240.1927699984247,8581.29645904354,11976.926406926406];
GROUP:g=14,name=G3_TWC,members=JS=[13, 5, 8, 2, 3, 15, 4, 17, 11, 9, 16, 18, 0, 14, 6, 7, 12, 1, 19, 10]|FA=[2, 1, 2, 0, 2, 2, 2, 2, 2, 2, 2, 2, 1, 0, 1, 2, 1, 0, 2, 2]|MA=[1, 1, 0, 0, 0, 0, 0, 1, 1, 0, 1, 1, 1, 0, 0, 0, 0, 0, 1, 0]|WA=[1, 1, 1, 2, 0, 0, 0, 1, 1, 1, 1, 1, 0, 0, 0, 0, 1, 0, 0, 0]@[357.1377655652273,11171.682333168907,11472.895437895435];JS=[13, 5, 7, 2, 3, 15, 4, 17, 11, 9, 16, 18, 0, 14, 6, 8, 12, 1, 19, 10]|FA=[2, 1, 2, 0, 2, 2, 2, 2, 2, 2, 2, 2, 1, 0, 1, 2, 1, 0, 2, 2]|MA=[1, 1, 0, 0, 0, 0, 0, 1, 1, 1, 1, 1, 1, 0, 0, 0, 0, 0, 1, 0]|WA=[1, 1, 0, 2, 0, 0, 0, 1, 1, 1, 1, 1, 0, 0, 0, 1, 1, 0, 0, 0]@[299.08457921714717,10869.636139628517,11610.925740925739];
GROUP:g=14,name=G4_CENTER,members=JS=[11, 13, 10, 18, 2, 19, 1, 16, 14, 17, 7, 12, 4, 15, 0, 5, 9, 3, 8, 6]|FA=[2, 2, 1, 1, 0, 0, 2, 0, 1, 2, 1, 2, 0, 1, 1, 1, 1, 0, 0, 2]|MA=[0, 0, 1, 1, 3, 0, 1, 0, 1, 0, 0, 0, 3, 0, 1, 1, 0, 0, 3, 1]|WA=[0, 1, 1, 1, 1, 1, 1, 1, 0, 1, 1, 1, 1, 1, 0, 1, 1, 2, 1, 1]@[223.49939421048703,8507.671232711538,11887.345987345985];JS=[14, 3, 0, 11, 15, 5, 4, 18, 16, 6, 19, 17, 1, 8, 12, 9, 10, 2, 13, 7]|FA=[0, 1, 2, 2, 2, 2, 1, 0, 0, 1, 2, 1, 1, 0, 2, 0, 0, 2, 2, 2]|MA=[0, 1, 0, 1, 0, 0, 0, 1, 0, 1, 0, 1, 0, 3, 1, 1, 2, 1, 0, 0]|WA=[2, 1, 1, 0, 1, 1, 0, 1, 1, 1, 1, 1, 1, 1, 0, 2, 1, 1, 1, 1]@[222.57241090620573,9399.820368598408,11788.021978021978];JS=[11, 13, 0, 8, 2, 15, 1, 19, 5, 7, 10, 14, 17, 12, 3, 6, 18, 4, 16, 9]|FA=[0, 1, 2, 2, 2, 2, 2, 1, 2, 0, 2, 2, 1, 1, 0, 0, 1, 2, 2, 2]|MA=[0, 1, 1, 0, 1, 1, 0, 1, 1, 0, 0, 1, 1, 0, 0, 0, 0, 0, 0, 0]|WA=[1, 1, 1, 0, 1, 0, 0, 0, 0, 2, 0, 1, 1, 1, 1, 0, 1, 1, 1, 1]@[259.4316100399954,10155.438123880711,11702.84382284382];JS=[11, 13, 9, 5, 0, 15, 4, 17, 16, 3, 18, 1, 10, 2, 8, 14, 19, 12, 7, 6]|FA=[2, 2, 1, 1, 2, 2, 2, 1, 2, 2, 2, 0, 1, 1, 1, 1, 1, 0, 2, 2]|MA=[0, 1, 1, 1, 0, 0, 1, 0, 0, 1, 0, 1, 1, 1, 1, 0, 1, 0, 1, 1]|WA=[0, 1, 1, 1, 0, 1, 1, 0, 1, 1, 0, 0, 1, 1, 1, 0, 1, 2, 1, 1]@[248.49045689263403,9661.219396661816,11743.952713952713];
OP:JS_INITIAL_SWAP:3:17
OP:JS_GUIDE:PBEST:r=0.5955399893617506:pairs=[(3,17)]
OP:JS_GUIDE:QGBEST:r=0.10559291421906315:pairs=[(0,17), (1,2), (2,11), (3,11), (4,5), (5,13), (6,8), (7,18), (8,9), (9,15), (10,17), (11,18), (12,15), (13,19), (15,18), (16,18), (17,18)]
OP:REPAIR:MA:13:3:1:[0,1]
OP:REPAIR:WA:15:2:0:[0,1]
OP:JS_INITIAL_SWAP:4:8
OP:JS_GUIDE:PBEST:r=0.3533138778436856:pairs=[(0,18), (1,18), (2,18), (3,10), (4,13), (5,12), (6,11), (7,14), (8,9), (9,13), (10,14), (11,16), (12,16), (13,19), (14,15), (15,19), (16,17), (17,18)]
OP:JS_GUIDE:QGBEST:r=0.4115611207605501:pairs=[(0,1), (1,2), (2,18), (3,10), (4,8), (5,12), (8,13)]
OP:REPAIR:MA:5:2:0:[0,1]
OP:REPAIR:MA:10:3:0:[0,1]
OP:WA_MUTATE:16:1:1
Q:g=14,group=G1_CMAX,round=0,state=0,action=3,reward=-52.02452768615716,nextState=1,phase=BEFORE_LOCAL_SEARCH
OP:JS_INITIAL_SWAP:16:7
OP:JS_GUIDE:PBEST:r=0.4780549610781328:pairs=[(0,17), (3,17), (7,16)]
OP:JS_GUIDE:QGBEST:r=0.009605648021994572:pairs=[(0,10), (1,17), (3,17), (4,10), (7,16), (8,19), (9,19), (10,19), (13,19), (16,18), (17,18)]
OP:FA_MUTATE:16:2:0
OP:FA_SYNC_MA:16:1:0
OP:FA_SYNC_WA:16:1:2
OP:JS_INITIAL_SWAP:8:17
OP:JS_GUIDE:PBEST:r=0.24126659427041897:pairs=[(0,2), (1,2), (6,11), (7,14), (8,9), (9,13), (10,14), (11,16), (12,16), (13,19), (14,15), (15,17), (16,19), (17,18), (18,19)]
OP:JS_GUIDE:QGBEST:r=0.17730561070047482:pairs=[(3,10), (4,10), (5,17), (6,17), (7,17), (8,10), (9,11), (10,13), (11,18), (12,16), (13,19), (15,18), (16,17), (17,19)]
OP:REPAIR:WA:15:2:0:[0,1]
Q:g=14,group=G1_CMAX,round=1,state=1,action=2,reward=16.784897080252065,nextState=0,phase=BEFORE_LOCAL_SEARCH
OP:JS_INITIAL_SWAP:19:11
OP:JS_GUIDE:PBEST:r=0.05077680651822618:pairs=[(1,17), (2,8), (3,17), (4,18), (5,13), (6,12), (7,9), (8,16), (9,17), (10,16), (11,12), (12,13), (13,18), (14,16), (17,19), (18,19)]
OP:JS_GUIDE:QGBEST:r=0.48858891943776744:pairs=[(0,17), (1,8), (2,8), (3,17), (4,16), (5,13), (6,12), (7,9), (8,18), (10,13), (11,18), (12,13), (13,18), (14,19), (15,19), (16,18), (17,18)]
OP:REPAIR:MA:6:3:0:[0,1]
OP:REPAIR:WA:8:2:1:[0,1]
OP:JS_INITIAL_SWAP:3:13
OP:JS_GUIDE:PBEST:r=0.13815343552712156:pairs=[(1,17), (2,8), (3,17), (4,18), (7,9), (9,15), (10,16), (11,12), (12,17), (13,14), (14,16), (15,16), (16,18), (17,18)]
OP:JS_GUIDE:QGBEST:r=0.17844707789346298:pairs=[(0,1), (1,8), (2,17), (3,8), (4,17), (7,9), (8,18), (9,11), (10,18), (11,16), (12,18), (13,19), (14,16), (15,17), (16,18), (17,18)]
OP:MA_MUTATE:16:1:0
OP:WA_MUTATE:8:0:0
Q:g=14,group=G2_TEC,round=0,state=0,action=1,reward=-559.1245346506093,nextState=1,phase=BEFORE_LOCAL_SEARCH
OP:JS_INITIAL_SWAP:5:4
OP:JS_GUIDE:PBEST:r=0.34056907803041664:pairs=[(0,3), (1,3), (2,3), (4,18), (5,18), (8,18), (9,17), (10,18), (11,12), (12,13), (13,16), (14,18), (16,18), (17,19), (18,19)]
OP:JS_GUIDE:QGBEST:r=0.3478448011431691:pairs=[(0,1), (1,2), (2,18), (3,13), (4,14), (7,19), (8,18), (9,19), (11,19), (13,15), (14,16), (15,17), (16,18)]
OP:REPAIR:MA:10:3:0:[0,1]
OP:WA_MUTATE:2:1:0
OP:JS_INITIAL_SWAP:14:1
OP:JS_GUIDE:PBEST:r=0.4946176895916578:pairs=[(0,8), (1,8), (2,14), (3,17), (4,18), (7,9), (8,14), (9,15), (10,16), (11,12), (12,17), (13,14), (14,16), (15,16), (16,18), (17,18)]
OP:JS_GUIDE:QGBEST:r=0.352271422658082:pairs=[(0,1), (1,2), (2,8), (3,17), (4,18), (7,9)]
OP:REPAIR:MA:5:3:1:[0,1]
OP:REPAIR:WA:10:2:0:[0,1]
Q:g=14,group=G2_TEC,round=1,state=1,action=3,reward=-366.40365116067096,nextState=1,phase=BEFORE_LOCAL_SEARCH
OP:JS_INITIAL_SWAP:19:15
OP:JS_GUIDE:PBEST:r=0.42032386143909645:pairs=[(2,19), (14,17), (15,17), (17,19)]
OP:JS_GUIDE:QGBEST:r=0.21965103823120313:pairs=[(2,19), (15,19)]
OP:JS_INITIAL_SWAP:9:16
OP:JS_GUIDE:PBEST:r=0.1904473529303594:pairs=[(9,16), (14,17), (15,17)]
OP:JS_GUIDE:QGBEST:r=0.5272342313643313:pairs=[(2,15), (9,16)]
OP:WA_MUTATE:14:0:0
Q:g=14,group=G3_TWC,round=0,state=0,action=3,reward=60.530303030303,nextState=0,phase=BEFORE_LOCAL_SEARCH
OP:JS_INITIAL_SWAP:2:10
OP:JS_GUIDE:PBEST:r=0.4301321439732434:pairs=[(2,10), (14,17), (15,17), (17,19)]
OP:JS_GUIDE:QGBEST:r=0.29221295213848936:pairs=[]
OP:JS_INITIAL_SWAP:9:13
OP:JS_GUIDE:PBEST:r=0.31504353344382:pairs=[(2,15), (9,16), (13,16), (14,17), (15,17)]
OP:JS_GUIDE:QGBEST:r=0.24915482060937208:pairs=[(9,16), (13,16), (15,19)]
Q:g=14,group=G3_TWC,round=1,state=0,action=3,reward=-20.471195471195642,nextState=1,phase=BEFORE_LOCAL_SEARCH
OP:JS_INITIAL_SWAP:1:5
OP:JS_GUIDE:PBEST:r=0.29267108213247534:pairs=[(0,5), (1,15), (2,16), (3,12), (4,13), (5,18), (6,9), (7,11), (8,10), (9,18), (10,11), (11,15), (12,16), (13,17), (14,18), (15,18), (18,19)]
OP:JS_GUIDE:QGBEST:r=0.03473087195191251:pairs=[(0,5), (1,5), (3,5), (4,14), (5,13), (6,13), (7,9), (8,11), (9,10), (10,16), (11,17), (12,15), (13,18), (14,17), (15,16), (17,18), (18,19)]
OP:REPAIR:MA:18:3:0:[0,1]
OP:JS_INITIAL_SWAP:1:13
OP:JS_GUIDE:PBEST:r=0.03904797244632867:pairs=[(0,18), (1,5), (2,15), (3,6), (6,11), (7,14), (8,19), (9,11), (10,19), (11,19), (12,16), (14,16), (18,19)]
OP:JS_GUIDE:QGBEST:r=0.10884424905734691:pairs=[(0,3), (1,18), (2,15), (3,5), (4,15), (5,15), (7,11), (8,14), (9,19), (10,16), (11,13), (12,16), (13,18), (14,15), (16,18), (17,18), (18,19)]
OP:MA_MUTATE:10:0:1
OP:JS_INITIAL_SWAP:17:4
OP:JS_GUIDE:PBEST:r=0.5843570691072201:pairs=[(0,1), (1,8), (2,19), (3,4), (4,5), (6,12), (7,13), (8,9), (10,18), (11,13), (12,18), (13,14), (14,18), (15,19), (18,19)]
OP:JS_GUIDE:QGBEST:r=0.11508017939447258:pairs=[(0,9), (1,9), (3,9), (4,19), (5,19), (6,9), (7,9), (8,9), (11,14), (12,13), (13,19), (15,18), (17,19)]
OP:REPAIR:MA:11:3:0:[0,1]
OP:WA_MUTATE:11:1:1
OP:JS_INITIAL_SWAP:12:12
OP:JS_GUIDE:PBEST:r=0.004563709216299471:pairs=[(0,1), (1,3), (3,6), (4,5), (5,14), (6,7), (7,17), (8,18), (9,17), (10,18), (11,16), (13,17), (14,16), (15,16), (16,18), (18,19)]
OP:JS_GUIDE:QGBEST:r=0.3556262115145528:pairs=[(8,17), (9,18), (10,12), (11,18), (12,16), (13,14), (14,15), (15,17), (17,18), (18,19)]
OP:REPAIR:WA:17:2:1:[0,1]
OP:MA_MUTATE:17:0:1
OP:REPAIR:WA:17:2:0:[0,1]
Q:g=14,group=G4_CENTER,round=0,state=0,action=2,reward=-0.09915619604462467,nextState=1,phase=BEFORE_LOCAL_SEARCH
OP:JS_INITIAL_SWAP:16:6
OP:JS_GUIDE:PBEST:r=0.19194929894704701:pairs=[(0,5), (1,5), (2,5), (3,5), (4,5), (5,11), (6,18), (7,9), (8,13), (9,10), (11,15), (12,18), (13,17), (14,16), (15,16), (16,18), (17,18), (18,19)]
OP:JS_GUIDE:QGBEST:r=0.34920825342241385:pairs=[(2,5), (3,5), (4,14), (5,13), (6,13), (7,9), (8,11), (9,10), (10,13), (11,16), (13,14), (14,18), (15,16), (17,18)]
OP:REPAIR:MA:11:3:0:[0,1]
OP:JS_INITIAL_SWAP:8:15
OP:JS_GUIDE:PBEST:r=0.5453788306061286:pairs=[(1,18), (2,5), (3,8), (4,6), (5,14), (6,18), (7,11), (8,18), (9,19), (10,15), (11,15), (12,16), (14,16), (15,16), (18,19)]
OP:JS_GUIDE:QGBEST:r=0.2304134976393286:pairs=[(2,3), (4,14), (5,8), (6,14), (9,19), (10,16), (11,12), (13,17), (15,18), (17,18)]
OP:REPAIR:WA:0:2:1:[0,1]
OP:JS_INITIAL_SWAP:9:5
OP:JS_GUIDE:PBEST:r=0.5481032288342869:pairs=[(0,5), (5,9), (10,18), (11,13), (12,18), (13,14), (14,18), (15,19), (18,19)]
OP:JS_GUIDE:QGBEST:r=0.006075798086796946:pairs=[(0,9), (1,9), (3,9), (4,19), (5,19), (6,9), (7,9), (8,9), (10,18), (11,12), (12,16), (13,17), (14,19), (15,17), (17,18), (18,19)]
OP:MA_MUTATE:4:1:1
OP:REPAIR:WA:1:2:0:[0,1]
OP:REPAIR:WA:16:2:1:[0,1]
OP:JS_INITIAL_SWAP:7:13
OP:JS_GUIDE:PBEST:r=0.45632246928398523:pairs=[(2,3), (4,6), (5,8), (6,14), (7,13), (10,17), (11,16), (12,17), (13,18), (14,16), (15,16), (16,17), (17,18), (18,19)]
OP:JS_GUIDE:QGBEST:r=0.25386927228658107:pairs=[(2,3), (4,14), (5,8), (6,14), (10,17)]
Q:g=14,group=G4_CENTER,round=1,state=1,action=3,reward=-0.11123298481327218,nextState=1,phase=BEFORE_LOCAL_SEARCH
LS:g=14,op=CRITICAL_FACTORY_SWAP,accepted=true,fe=1851,before=[230.28496180775588,10098.7973992646,12209.89010989011],after=[226.9650106580852,10181.390548113626,12266.00566100566]
LS:g=14,op=CRITICAL_FACTORY_INSERT,accepted=true,fe=1852,before=[226.9650106580852,10181.390548113626,12266.00566100566],after=[217.8947678539848,9820.354546682807,12341.460206460206]
LS:g=14,op=O1_JS_INSERT,accepted=true,fe=1853,before=[217.8947678539848,9820.354546682807,12341.460206460206],after=[217.8947678539848,9812.074705306539,12349.035964035964]
LS:g=14,op=O2_JS_REVERSE,accepted=false,fe=1854,before=[217.8947678539848,9812.074705306539,12349.035964035964],after=[236.6375731496079,9799.004929936233,12359.642024642024]
LS:g=14,op=O3_JS_SWAP,accepted=true,fe=1855,before=[217.8947678539848,9812.074705306539,12349.035964035964],after=[217.8947678539848,9943.804023477815,12304.28071928072]
LS:g=14,op=O4_WA_LOAD_TRANSFER,accepted=false,fe=1856,before=[217.8947678539848,9943.804023477815,12304.28071928072],after=[217.89476785398483,9852.330685448467,12349.035964035964]
LS:g=14,op=O5_WA_WEAK_TO_STRONG,accepted=true,fe=1857,before=[217.8947678539848,9943.804023477815,12304.28071928072],after=[206.65394721867582,9803.715142776442,12313.429903429904]
LS:g=14,op=O6_WA_SWAP,accepted=true,fe=1858,before=[206.65394721867582,9803.715142776442,12313.429903429904],after=[206.65394721867582,9803.715142776442,12313.429903429904]
LS:g=14,op=O7_MA_LOAD_TRANSFER,accepted=true,fe=1859,before=[206.65394721867582,9803.715142776442,12313.429903429904],after=[200.92320665820552,9744.331734163357,12291.518481518482]
LS:g=14,op=O8_MA_WEAK_TO_STRONG,accepted=true,fe=1860,before=[200.92320665820552,9744.331734163357,12291.518481518482],after=[195.99551162307122,9581.627711446958,12165.804195804198]
LS:g=14,op=O9_MA_SWAP,accepted=true,fe=1861,before=[195.99551162307122,9581.627711446958,12165.804195804198],after=[195.99551162307122,9570.049796796779,12175.144855144858]
LS:g=14,op=CRITICAL_FACTORY_SWAP,accepted=true,fe=1862,before=[244.82661096528736,8989.507320473043,12103.563103563101],after=[226.08380566966426,9129.750102240516,12044.623709623707]
LS:g=14,op=CRITICAL_FACTORY_INSERT,accepted=true,fe=1863,before=[226.08380566966426,9129.750102240516,12044.623709623707],after=[209.9582389513579,9302.333052692464,12167.68398268398]
LS:g=14,op=O1_JS_INSERT,accepted=true,fe=1864,before=[209.9582389513579,9302.333052692464,12167.68398268398],after=[190.05749203276082,9350.458071755036,12122.229437229436]
LS:g=14,op=O2_JS_REVERSE,accepted=false,fe=1865,before=[190.05749203276082,9350.458071755036,12122.229437229436],after=[191.63414095866924,9426.83916488283,12068.593073593069]
LS:g=14,op=O3_JS_SWAP,accepted=true,fe=1866,before=[190.05749203276082,9350.458071755036,12122.229437229436],after=[190.05749203276082,9350.458071755036,12122.229437229436]
LS:g=14,op=O4_WA_LOAD_TRANSFER,accepted=false,fe=1867,before=[190.05749203276082,9350.458071755036,12122.229437229436],after=[210.08019853770745,9429.859116702712,12169.199134199132]
LS:g=14,op=O5_WA_WEAK_TO_STRONG,accepted=false,fe=1868,before=[190.05749203276082,9350.458071755036,12122.229437229436],after=[217.82402781880108,9165.10493192091,12162.38095238095]
LS:g=14,op=O6_WA_SWAP,accepted=true,fe=1869,before=[190.05749203276082,9350.458071755036,12122.229437229436],after=[190.05749203276082,9350.458071755036,12122.229437229436]
LS:g=14,op=O7_MA_LOAD_TRANSFER,accepted=true,fe=1870,before=[190.05749203276082,9350.458071755036,12122.229437229436],after=[179.14219757869955,9443.86728447792,12133.126873126872]
LS:g=14,op=O8_MA_WEAK_TO_STRONG,accepted=false,fe=1871,before=[179.14219757869955,9443.86728447792,12133.126873126872],after=[248.61917866707913,9106.127306844905,12173.22011322011]
LS:g=14,op=O9_MA_SWAP,accepted=false,fe=1872,before=[179.14219757869955,9443.86728447792,12133.126873126872],after=[218.65791641518337,9342.23616747292,12147.40426240426]
LS:g=14,op=CRITICAL_FACTORY_SWAP,accepted=false,fe=1873,before=[212.5817517458248,9842.011876557168,11906.743256743255],after=[217.71094485092792,9938.373828447675,11961.137196137193]
LS:g=14,op=CRITICAL_FACTORY_INSERT,accepted=false,fe=1874,before=[212.5817517458248,9842.011876557168,11906.743256743255],after=[212.5817517458248,9888.03978895268,12012.489177489177]
LS:g=14,op=O1_JS_INSERT,accepted=true,fe=1875,before=[212.5817517458248,9842.011876557168,11906.743256743255],after=[212.5817517458248,9749.26406931771,11940.076590076587]
LS:g=14,op=O2_JS_REVERSE,accepted=false,fe=1876,before=[212.5817517458248,9749.26406931771,11940.076590076587],after=[217.149333775789,9865.664114484785,11949.773559773557]
LS:g=14,op=O3_JS_SWAP,accepted=true,fe=1877,before=[212.5817517458248,9749.26406931771,11940.076590076587],after=[212.5817517458248,9749.26406931771,11940.076590076587]
LS:g=14,op=O4_WA_LOAD_TRANSFER,accepted=false,fe=1878,before=[212.5817517458248,9749.26406931771,11940.076590076587],after=[212.05714412072302,9808.464796355236,12025.379620379617]
LS:g=14,op=O5_WA_WEAK_TO_STRONG,accepted=true,fe=1879,before=[212.5817517458248,9749.26406931771,11940.076590076587],after=[228.50621123588488,9446.651810054474,11872.1978021978]
LS:g=14,op=O6_WA_SWAP,accepted=false,fe=1880,before=[228.50621123588488,9446.651810054474,11872.1978021978],after=[240.8894977155121,9680.65521432067,11879.773559773557]
LS:g=14,op=O7_MA_LOAD_TRANSFER,accepted=true,fe=1881,before=[228.50621123588488,9446.651810054474,11872.1978021978],after=[228.50621123588488,9334.522302634998,11841.428571428569]
LS:g=14,op=O8_MA_WEAK_TO_STRONG,accepted=true,fe=1882,before=[228.50621123588488,9334.522302634998,11841.428571428569],after=[245.16703506030535,9173.147113456167,11852.500832500831]
LS:g=14,op=O9_MA_SWAP,accepted=true,fe=1883,before=[245.16703506030535,9173.147113456167,11852.500832500831],after=[245.16703506030535,9173.147113456167,11852.500832500831]
LS:g=14,op=CRITICAL_FACTORY_SWAP,accepted=false,fe=1884,before=[215.99731966543033,9098.012186820471,12088.488178488173],after=[227.8439342625571,9200.052604039523,12109.47885447885]
LS:g=14,op=CRITICAL_FACTORY_INSERT,accepted=true,fe=1885,before=[215.99731966543033,9098.012186820471,12088.488178488173],after=[233.61019755905772,9017.006935359543,12171.973026973023]
LS:g=14,op=O1_JS_INSERT,accepted=true,fe=1886,before=[233.61019755905772,9017.006935359543,12171.973026973023],after=[227.88464540985785,9012.836663604872,12171.973026973023]
LS:g=14,op=O2_JS_REVERSE,accepted=true,fe=1887,before=[227.88464540985785,9012.836663604872,12171.973026973023],after=[224.33102838895138,8975.050757529085,12152.579087579083]
LS:g=14,op=O3_JS_SWAP,accepted=true,fe=1888,before=[224.33102838895138,8975.050757529085,12152.579087579083],after=[224.33102838895138,8975.050757529085,12152.579087579083]
LS:g=14,op=O4_WA_LOAD_TRANSFER,accepted=false,fe=1889,before=[224.33102838895138,8975.050757529085,12152.579087579083],after=[222.8992490783747,9300.471131605314,12152.579087579083]
LS:g=14,op=O5_WA_WEAK_TO_STRONG,accepted=true,fe=1890,before=[224.33102838895138,8975.050757529085,12152.579087579083],after=[224.33102838895138,8975.050757529085,12152.579087579083]
LS:g=14,op=O6_WA_SWAP,accepted=true,fe=1891,before=[224.33102838895138,8975.050757529085,12152.579087579083],after=[226.3249773835866,8973.005058617066,12152.579087579083]
LS:g=14,op=O7_MA_LOAD_TRANSFER,accepted=false,fe=1892,before=[226.3249773835866,8973.005058617066,12152.579087579083],after=[226.3249773835866,9027.856244533688,12176.205461205456]
LS:g=14,op=O8_MA_WEAK_TO_STRONG,accepted=true,fe=1893,before=[226.3249773835866,8973.005058617066,12152.579087579083],after=[238.24924230470978,8617.667935702208,12026.864801864798]
LS:g=14,op=O9_MA_SWAP,accepted=true,fe=1894,before=[238.24924230470978,8617.667935702208,12026.864801864798],after=[223.31302621443783,8501.35719657339,12018.62304362304]
LS:g=14,op=CRITICAL_FACTORY_SWAP,accepted=false,fe=1895,before=[350.3911915130755,11582.944881377685,11378.198468198467],after=[287.94859447279447,10603.21189786213,11539.805194805193]
LS:g=14,op=CRITICAL_FACTORY_INSERT,accepted=false,fe=1896,before=[350.3911915130755,11582.944881377685,11378.198468198467],after=[342.08963258625556,11353.021440062115,11407.429237429236]
LS:g=14,op=O1_JS_INSERT,accepted=false,fe=1897,before=[350.3911915130755,11582.944881377685,11378.198468198467],after=[320.9225980025723,11127.261570571087,11466.683316683315]
LS:g=14,op=O2_JS_REVERSE,accepted=false,fe=1898,before=[350.3911915130755,11582.944881377685,11378.198468198467],after=[350.3911915130755,11474.224084387462,11396.531801531799]
LS:g=14,op=O3_JS_SWAP,accepted=false,fe=1899,before=[350.3911915130755,11582.944881377685,11378.198468198467],after=[350.3911915130755,11339.905741471328,11453.501498501495]
LS:g=14,op=O4_WA_LOAD_TRANSFER,accepted=false,fe=1900,before=[350.3911915130755,11582.944881377685,11378.198468198467],after=[379.04954761738367,11787.270376034821,11406.228771228769]
LS:g=14,op=O5_WA_WEAK_TO_STRONG,accepted=false,fe=1901,before=[350.3911915130755,11582.944881377685,11378.198468198467],after=[332.37788691284044,11038.589017776523,11408.653013653013]
LS:g=14,op=O6_WA_SWAP,accepted=true,fe=1902,before=[350.3911915130755,11582.944881377685,11378.198468198467],after=[350.3911915130755,11582.944881377685,11378.198468198467]
LS:g=14,op=O7_MA_LOAD_TRANSFER,accepted=true,fe=1903,before=[350.3911915130755,11582.944881377685,11378.198468198467],after=[350.3911915130755,11492.805339871587,11378.198468198467]
LS:g=14,op=O8_MA_WEAK_TO_STRONG,accepted=true,fe=1904,before=[350.3911915130755,11492.805339871587,11378.198468198467],after=[350.3911915130755,11492.805339871587,11378.198468198467]
LS:g=14,op=O9_MA_SWAP,accepted=false,fe=1905,before=[350.3911915130755,11492.805339871587,11378.198468198467],after=[314.04400816127014,11016.018790925487,11531.683316683315]
LS:g=14,op=CRITICAL_FACTORY_SWAP,accepted=false,fe=1906,before=[307.77401700133134,10802.705251633695,11625.504495504492],after=[305.2338380697149,10871.462618163354,11655.464535464533]
LS:g=14,op=CRITICAL_FACTORY_INSERT,accepted=false,fe=1907,before=[307.77401700133134,10802.705251633695,11625.504495504492],after=[299.08457921714717,10870.141007382168,11650.208125208123]
LS:g=14,op=O1_JS_INSERT,accepted=false,fe=1908,before=[307.77401700133134,10802.705251633695,11625.504495504492],after=[302.0545582345363,10748.09668031696,11703.98934398934]
LS:g=14,op=O2_JS_REVERSE,accepted=true,fe=1909,before=[307.77401700133134,10802.705251633695,11625.504495504492],after=[354.11124198083564,11075.499614635379,11532.019647019646]
LS:g=14,op=O3_JS_SWAP,accepted=true,fe=1910,before=[354.11124198083564,11075.499614635379,11532.019647019646],after=[360.8149978505236,11158.395393383224,11459.443889443888]
LS:g=14,op=O4_WA_LOAD_TRANSFER,accepted=false,fe=1911,before=[360.8149978505236,11158.395393383224,11459.443889443888],after=[337.06272592448227,10896.62190936963,11674.74691974692]
LS:g=14,op=O5_WA_WEAK_TO_STRONG,accepted=true,fe=1912,before=[360.8149978505236,11158.395393383224,11459.443889443888],after=[374.33985023007847,11118.779519399013,11459.443889443888]
LS:g=14,op=O6_WA_SWAP,accepted=false,fe=1913,before=[374.33985023007847,11118.779519399013,11459.443889443888],after=[303.49128787220394,10645.315159530954,11565.049950049948]
LS:g=14,op=O7_MA_LOAD_TRANSFER,accepted=false,fe=1914,before=[374.33985023007847,11118.779519399013,11459.443889443888],after=[331.99868105389754,10929.957357811129,11473.989343989342]
LS:g=14,op=O8_MA_WEAK_TO_STRONG,accepted=true,fe=1915,before=[374.33985023007847,11118.779519399013,11459.443889443888],after=[374.33985023007847,11118.779519399013,11459.443889443888]
LS:g=14,op=O9_MA_SWAP,accepted=false,fe=1916,before=[374.33985023007847,11118.779519399013,11459.443889443888],after=[331.99868105389754,10937.285231280934,11487.322677322674]
LS:g=14,op=CRITICAL_FACTORY_SWAP,accepted=true,fe=1917,before=[276.02744702788334,10278.538164170419,12334.170829170827],after=[245.21097380483576,10223.200681094491,12263.832833832832]
LS:g=14,op=CRITICAL_FACTORY_INSERT,accepted=false,fe=1918,before=[245.21097380483576,10223.200681094491,12263.832833832832],after=[235.75332786054295,10282.99607874061,12126.863136863134]
LS:g=14,op=O1_JS_INSERT,accepted=false,fe=1919,before=[245.21097380483576,10223.200681094491,12263.832833832832],after=[245.21097380483576,10223.200681094491,12263.832833832832]
LS:g=14,op=O2_JS_REVERSE,accepted=true,fe=1920,before=[245.21097380483576,10223.200681094491,12263.832833832832],after=[249.10741803694873,10173.156906006621,12263.832833832832]
LS:g=14,op=O3_JS_SWAP,accepted=true,fe=1921,before=[249.10741803694873,10173.156906006621,12263.832833832832],after=[249.10741803694873,10168.694442087606,12263.832833832832]
LS:g=14,op=O4_WA_LOAD_TRANSFER,accepted=false,fe=1922,before=[249.10741803694873,10168.694442087606,12263.832833832832],after=[235.75332786054295,10321.856942209457,12263.832833832832]
LS:g=14,op=O5_WA_WEAK_TO_STRONG,accepted=true,fe=1923,before=[249.10741803694873,10168.694442087606,12263.832833832832],after=[235.75332786054295,9807.178764984996,12263.832833832832]
LS:g=14,op=O6_WA_SWAP,accepted=true,fe=1924,before=[235.75332786054295,9807.178764984996,12263.832833832832],after=[235.75332786054295,9807.178764984996,12263.832833832832]
LS:g=14,op=O7_MA_LOAD_TRANSFER,accepted=false,fe=1925,before=[235.75332786054295,9807.178764984996,12263.832833832832],after=[212.29018231663517,9695.270736326918,12348.378288378286]
LS:g=14,op=O8_MA_WEAK_TO_STRONG,accepted=true,fe=1926,before=[235.75332786054295,9807.178764984996,12263.832833832832],after=[235.75332786054295,9807.178764984996,12263.832833832832]
LS:g=14,op=O9_MA_SWAP,accepted=true,fe=1927,before=[235.75332786054295,9807.178764984996,12263.832833832832],after=[235.75332786054295,9807.178764984996,12263.832833832832]
LS:g=14,op=CRITICAL_FACTORY_SWAP,accepted=true,fe=1928,before=[212.54275226012362,9942.9843212994,12003.331668331666],after=[203.98034877974584,10200.403087952296,11980.024975024973]
LS:g=14,op=CRITICAL_FACTORY_INSERT,accepted=true,fe=1929,before=[203.98034877974584,10200.403087952296,11980.024975024973],after=[202.04953321187145,10121.717429733604,12053.85281385281]
LS:g=14,op=O1_JS_INSERT,accepted=true,fe=1930,before=[202.04953321187145,10121.717429733604,12053.85281385281],after=[202.04953321187145,10100.496504395736,12033.85281385281]
LS:g=14,op=O2_JS_REVERSE,accepted=true,fe=1931,before=[202.04953321187145,10100.496504395736,12033.85281385281],after=[202.04953321187145,10100.496504395736,12033.85281385281]
LS:g=14,op=O3_JS_SWAP,accepted=false,fe=1932,before=[202.04953321187145,10100.496504395736,12033.85281385281],after=[202.88750269558244,10096.157866047286,12027.792207792205]
LS:g=14,op=O4_WA_LOAD_TRANSFER,accepted=false,fe=1933,before=[202.04953321187145,10100.496504395736,12033.85281385281],after=[251.545518126052,10503.489047463523,12035.367965367963]
LS:g=14,op=O5_WA_WEAK_TO_STRONG,accepted=false,fe=1934,before=[202.04953321187145,10100.496504395736,12033.85281385281],after=[201.631358810808,10119.123720170091,11972.034632034629]
LS:g=14,op=O6_WA_SWAP,accepted=true,fe=1935,before=[202.04953321187145,10100.496504395736,12033.85281385281],after=[189.45164925052077,10089.655654690616,12049.761904761903]
LS:g=14,op=O7_MA_LOAD_TRANSFER,accepted=false,fe=1936,before=[189.45164925052077,10089.655654690616,12049.761904761903],after=[189.45164925052077,10180.43568209264,12049.761904761903]
LS:g=14,op=O8_MA_WEAK_TO_STRONG,accepted=true,fe=1937,before=[189.45164925052077,10089.655654690616,12049.761904761903],after=[189.45164925052077,10089.655654690616,12049.761904761903]
LS:g=14,op=O9_MA_SWAP,accepted=true,fe=1938,before=[189.45164925052077,10089.655654690616,12049.761904761903],after=[189.45164925052077,10089.655654690616,12049.761904761903]
LS:g=14,op=CRITICAL_FACTORY_SWAP,accepted=false,fe=1939,before=[321.0523191791611,10488.636581618899,11528.438228438226],after=[288.13757268069696,10243.092554916448,11692.5308025308]
LS:g=14,op=CRITICAL_FACTORY_INSERT,accepted=true,fe=1940,before=[321.0523191791611,10488.636581618899,11528.438228438226],after=[259.7862718151417,10446.258167238131,11897.659007659004]
LS:g=14,op=O1_JS_INSERT,accepted=false,fe=1941,before=[259.7862718151417,10446.258167238131,11897.659007659004],after=[269.74173132927484,10671.112063486818,11872.659007659004]
LS:g=14,op=O2_JS_REVERSE,accepted=true,fe=1942,before=[259.7862718151417,10446.258167238131,11897.659007659004],after=[259.7862718151417,10446.258167238131,11897.659007659004]
LS:g=14,op=O3_JS_SWAP,accepted=false,fe=1943,before=[259.7862718151417,10446.258167238131,11897.659007659004],after=[283.3118227629118,10439.739148825993,11924.174159174156]
LS:g=14,op=O4_WA_LOAD_TRANSFER,accepted=false,fe=1944,before=[259.7862718151417,10446.258167238131,11897.659007659004],after=[281.24097799664384,10740.321537723254,11873.41658341658]
LS:g=14,op=O5_WA_WEAK_TO_STRONG,accepted=false,fe=1945,before=[259.7862718151417,10446.258167238131,11897.659007659004],after=[267.9911326806374,10512.402634704053,11831.5984015984]
LS:g=14,op=O6_WA_SWAP,accepted=true,fe=1946,before=[259.7862718151417,10446.258167238131,11897.659007659004],after=[259.7862718151417,10446.258167238131,11897.659007659004]
LS:g=14,op=O7_MA_LOAD_TRANSFER,accepted=false,fe=1947,before=[259.7862718151417,10446.258167238131,11897.659007659004],after=[222.35696820938398,10567.498298648909,11897.659007659004]
LS:g=14,op=O8_MA_WEAK_TO_STRONG,accepted=true,fe=1948,before=[259.7862718151417,10446.258167238131,11897.659007659004],after=[259.7862718151417,10446.258167238131,11897.659007659004]
LS:g=14,op=O9_MA_SWAP,accepted=true,fe=1949,before=[259.7862718151417,10446.258167238131,11897.659007659004],after=[229.34004724030893,10647.479237942338,11833.568098568094]
LS:g=14,op=CRITICAL_FACTORY_SWAP,accepted=true,fe=1950,before=[271.6061132125467,9753.255587453672,11667.92374292374],after=[249.78947519620573,9692.262147230986,11867.62071262071]
LS:g=14,op=CRITICAL_FACTORY_INSERT,accepted=true,fe=1951,before=[249.78947519620573,9692.262147230986,11867.62071262071],after=[249.78947519620573,9445.825256152513,11920.954045954044]
LS:g=14,op=O1_JS_INSERT,accepted=true,fe=1952,before=[249.78947519620573,9445.825256152513,11920.954045954044],after=[249.78947519620573,9445.825256152513,11920.954045954044]
LS:g=14,op=O2_JS_REVERSE,accepted=true,fe=1953,before=[249.78947519620573,9445.825256152513,11920.954045954044],after=[246.63829738525456,9358.987394654672,11887.772227772226]
LS:g=14,op=O3_JS_SWAP,accepted=false,fe=1954,before=[246.63829738525456,9358.987394654672,11887.772227772226],after=[267.01947582594397,9574.833959716501,11955.802530802528]
LS:g=14,op=O4_WA_LOAD_TRANSFER,accepted=true,fe=1955,before=[246.63829738525456,9358.987394654672,11887.772227772226],after=[254.30734600968407,9568.023983093872,11871.10556110556]
LS:g=14,op=O5_WA_WEAK_TO_STRONG,accepted=false,fe=1956,before=[254.30734600968407,9568.023983093872,11871.10556110556],after=[262.7816045658372,9469.751313031258,11976.71162171162]
LS:g=14,op=O6_WA_SWAP,accepted=false,fe=1957,before=[254.30734600968407,9568.023983093872,11871.10556110556],after=[261.8294559911816,9505.412714217926,11971.711621711622]
LS:g=14,op=O7_MA_LOAD_TRANSFER,accepted=false,fe=1958,before=[254.30734600968407,9568.023983093872,11871.10556110556],after=[246.63829738525456,9618.873382344622,11996.863136863136]
LS:g=14,op=O8_MA_WEAK_TO_STRONG,accepted=true,fe=1959,before=[254.30734600968407,9568.023983093872,11871.10556110556],after=[254.30734600968407,9568.023983093872,11871.10556110556]
LS:g=14,op=O9_MA_SWAP,accepted=true,fe=1960,before=[254.30734600968407,9568.023983093872,11871.10556110556],after=[254.30734600968407,9568.023983093872,11871.10556110556]
GENERATION_END:g=14,fe=1960,archive=33
GROUP:g=15,name=G1_CMAX,members=JS=[13, 14, 3, 11, 19, 1, 18, 2, 6, 8, 4, 5, 17, 16, 12, 9, 10, 15, 0, 7]|FA=[0, 1, 2, 2, 2, 2, 0, 0, 1, 0, 1, 1, 1, 0, 2, 2, 0, 1, 2, 1]|MA=[0, 1, 0, 1, 0, 0, 1, 0, 1, 0, 1, 0, 0, 3, 1, 0, 1, 1, 0, 0]|WA=[2, 1, 1, 0, 1, 1, 2, 1, 1, 1, 1, 0, 1, 0, 0, 1, 2, 0, 1, 0]@[179.14219757869955,9443.86728447792,12133.126873126872];JS=[11, 13, 9, 5, 0, 12, 8, 17, 15, 6, 2, 19, 18, 1, 3, 4, 16, 10, 14, 7]|FA=[2, 1, 0, 1, 2, 1, 1, 0, 0, 1, 2, 2, 1, 2, 0, 2, 0, 0, 2, 2]|MA=[0, 0, 0, 1, 0, 1, 0, 1, 0, 0, 1, 1, 1, 1, 0, 0, 0, 2, 0, 0]|WA=[1, 0, 1, 0, 0, 1, 0, 0, 0, 1, 1, 1, 1, 0, 1, 1, 2, 1, 1, 1]@[189.45164925052077,10089.655654690616,12049.761904761903];
GROUP:g=15,name=G2_TEC,members=JS=[3, 14, 11, 13, 0, 19, 10, 18, 2, 5, 1, 16, 7, 12, 9, 17, 4, 15, 8, 6]|FA=[2, 2, 1, 1, 0, 0, 1, 1, 0, 0, 2, 0, 1, 2, 1, 2, 0, 1, 0, 2]|MA=[0, 0, 0, 1, 0, 0, 0, 1, 3, 3, 1, 3, 0, 0, 1, 0, 3, 1, 1, 1]|WA=[1, 1, 1, 1, 1, 1, 1, 1, 2, 1, 1, 1, 0, 1, 0, 1, 1, 1, 1, 1]@[223.31302621443783,8501.35719657339,12018.62304362304];JS=[3, 14, 11, 13, 8, 15, 4, 17, 9, 12, 7, 16, 1, 5, 2, 18, 10, 19, 0, 6]|FA=[2, 2, 1, 1, 1, 1, 0, 2, 1, 2, 1, 0, 2, 0, 0, 1, 1, 0, 0, 2]|MA=[0, 0, 0, 1, 0, 1, 3, 0, 1, 0, 0, 0, 1, 3, 1, 1, 0, 0, 3, 1]|WA=[1, 1, 1, 1, 0, 1, 1, 1, 0, 1, 0, 1, 1, 1, 1, 1, 1, 2, 1, 1]@[215.99731966543033,9098.012186820471,12088.488178488173];
GROUP:g=15,name=G3_TWC,members=JS=[13, 5, 7, 2, 3, 15, 4, 17, 11, 9, 16, 18, 0, 14, 6, 10, 12, 1, 19, 8]|FA=[2, 1, 2, 0, 2, 2, 2, 2, 2, 2, 2, 2, 1, 0, 1, 2, 1, 0, 2, 2]|MA=[0, 1, 0, 0, 0, 0, 0, 1, 1, 1, 1, 1, 1, 0, 0, 0, 0, 0, 1, 0]|WA=[1, 1, 1, 2, 0, 0, 0, 1, 1, 1, 1, 1, 0, 0, 0, 0, 1, 0, 0, 0]@[350.3911915130755,11492.805339871587,11378.198468198467];JS=[13, 5, 7, 2, 3, 15, 4, 17, 11, 14, 16, 18, 0, 12, 6, 8, 9, 1, 19, 10]|FA=[2, 1, 2, 0, 2, 2, 2, 2, 2, 2, 2, 2, 1, 0, 1, 2, 1, 0, 2, 2]|MA=[1, 1, 0, 0, 0, 0, 0, 1, 1, 1, 1, 1, 1, 0, 0, 0, 0, 0, 1, 0]|WA=[1, 1, 0, 2, 0, 0, 0, 1, 1, 1, 1, 1, 0, 0, 0, 1, 1, 0, 0, 0]@[307.77401700133134,10802.705251633695,11625.504495504492];
GROUP:g=15,name=G4_CENTER,members=JS=[11, 13, 9, 5, 0, 12, 8, 17, 15, 6, 19, 18, 1, 3, 4, 16, 10, 2, 14, 7]|FA=[2, 2, 0, 1, 2, 2, 1, 0, 0, 1, 2, 1, 1, 0, 2, 0, 0, 2, 2, 2]|MA=[0, 1, 0, 1, 0, 0, 0, 1, 0, 0, 1, 1, 1, 0, 0, 0, 2, 1, 0, 0]|WA=[1, 1, 1, 0, 1, 0, 0, 0, 0, 1, 1, 1, 1, 1, 0, 2, 1, 1, 1, 1]@[212.54275226012362,9942.9843212994,12003.331668331666];JS=[11, 13, 9, 5, 0, 12, 8, 17, 15, 6, 2, 19, 18, 1, 3, 4, 16, 10, 14, 7]|FA=[2, 1, 0, 1, 2, 1, 1, 0, 0, 1, 2, 2, 1, 2, 0, 2, 0, 0, 2, 2]|MA=[0, 0, 0, 1, 0, 1, 0, 1, 0, 0, 1, 1, 1, 1, 0, 0, 0, 2, 0, 0]|WA=[1, 0, 1, 0, 0, 1, 0, 0, 0, 1, 1, 1, 1, 0, 1, 1, 2, 1, 1, 1]@[189.45164925052077,10089.655654690616,12049.761904761903];JS=[11, 13, 9, 5, 4, 12, 8, 17, 15, 7, 16, 1, 18, 2, 0, 14, 19, 10, 3, 6]|FA=[2, 2, 1, 1, 2, 2, 2, 1, 2, 2, 2, 0, 1, 2, 1, 1, 0, 1, 1, 2]|MA=[0, 1, 1, 1, 0, 0, 0, 1, 1, 0, 1, 1, 1, 0, 0, 0, 0, 1, 1, 1]|WA=[1, 1, 1, 0, 1, 0, 0, 0, 0, 1, 1, 1, 1, 1, 1, 0, 1, 0, 1, 1]@[271.6061132125467,9753.255587453672,11667.92374292374];JS=[13, 14, 3, 11, 19, 1, 18, 2, 6, 8, 4, 5, 17, 16, 12, 9, 10, 15, 0, 7]|FA=[0, 1, 2, 2, 2, 2, 0, 0, 1, 0, 1, 1, 1, 0, 2, 2, 0, 1, 2, 1]|MA=[0, 1, 0, 1, 0, 0, 1, 0, 1, 0, 1, 0, 0, 3, 1, 0, 1, 1, 0, 0]|WA=[2, 1, 1, 0, 1, 1, 2, 1, 1, 1, 1, 0, 1, 0, 0, 1, 2, 0, 1, 0]@[179.14219757869955,9443.86728447792,12133.126873126872];
OP:JS_INITIAL_SWAP:19:13
OP:JS_GUIDE:PBEST:r=0.386396162755595:pairs=[(3,4), (4,9), (6,12), (7,14), (9,19), (10,12), (11,16), (14,15), (15,17), (16,17), (17,18)]
OP:JS_GUIDE:QGBEST:r=0.14396264751779153:pairs=[(0,9), (1,9), (2,15), (3,11), (4,18), (5,7), (6,18), (7,18), (8,17), (9,17), (10,14), (13,18), (14,15), (16,19), (17,19), (18,19)]
OP:REPAIR:WA:0:2:0:[0,1]
OP:JS_INITIAL_SWAP:1:4
OP:JS_GUIDE:PBEST:r=0.3143826278875602:pairs=[(0,4), (1,18), (2,14), (3,11), (4,6), (5,13), (6,7), (7,13), (8,9), (9,16), (10,12), (11,17), (12,15), (13,19), (15,16), (17,18)]
OP:JS_GUIDE:QGBEST:r=0.4127648975756451:pairs=[(0,6), (1,6), (2,14), (3,11), (4,18), (6,18)]
OP:REPAIR:MA:5:2:0:[0,1]
OP:REPAIR:MA:10:3:1:[0,1]
OP:REPAIR:MA:13:3:1:[0,1]
OP:WA_MUTATE:8:0:0
Q:g=15,group=G1_CMAX,round=0,state=0,action=3,reward=-52.346511555896896,nextState=1,phase=BEFORE_LOCAL_SEARCH
OP:JS_INITIAL_SWAP:17:6
OP:JS_GUIDE:PBEST:r=0.28903186261843145:pairs=[(0,1), (1,9), (6,17), (9,19), (10,12), (11,16), (14,15), (15,17), (16,17), (17,18)]
OP:JS_GUIDE:QGBEST:r=0.2825051351633765:pairs=[(3,9), (4,9), (5,6), (7,17), (8,9), (9,10), (10,19), (11,18), (12,16), (14,17), (15,19), (18,19)]
OP:JS_INITIAL_SWAP:19:17
OP:JS_GUIDE:PBEST:r=0.5096432193578696:pairs=[(0,1), (1,6), (5,13), (6,7), (7,13), (8,9), (9,16), (10,12), (11,19), (12,15), (13,17), (15,16), (17,18), (18,19)]
OP:JS_GUIDE:QGBEST:r=0.43328358080817736:pairs=[(3,13), (4,13), (5,16), (6,16), (7,16), (8,13), (9,15), (10,15), (11,18), (12,19), (13,17), (14,16), (15,17), (16,19), (18,19)]
OP:WA_MUTATE:7:0:1
Q:g=15,group=G1_CMAX,round=1,state=1,action=2,reward=-21.095859757076738,nextState=1,phase=BEFORE_LOCAL_SEARCH
OP:JS_INITIAL_SWAP:8:7
OP:JS_GUIDE:PBEST:r=0.11920711295796402:pairs=[(0,2), (1,2), (4,18), (5,17), (6,16), (7,15), (8,14), (9,14), (10,16), (11,16), (12,17), (13,15), (14,17), (15,17), (16,18)]
OP:JS_GUIDE:QGBEST:r=0.44215722609943725:pairs=[(0,2), (7,8)]
OP:REPAIR:MA:13:3:1:[0,1]
OP:WA_MUTATE:19:1:0
OP:JS_INITIAL_SWAP:7:16
OP:JS_GUIDE:PBEST:r=0.28068630384112103:pairs=[(0,2), (1,2), (7,16), (9,15), (10,16), (11,12), (12,17), (13,14), (14,16), (15,16), (16,18), (17,18)]
OP:JS_GUIDE:QGBEST:r=0.20552761980286455:pairs=[(0,1), (1,2), (4,18), (5,17), (6,16), (7,15), (8,14), (9,13), (10,12)]
OP:REPAIR:MA:16:3:0:[0,1]
OP:REPAIR:WA:10:2:1:[0,1]
Q:g=15,group=G2_TEC,round=0,state=0,action=3,reward=-568.6182373011097,nextState=1,phase=BEFORE_LOCAL_SEARCH
OP:JS_INITIAL_SWAP:14:0
OP:JS_GUIDE:PBEST:r=0.24177307041869855:pairs=[(0,14), (1,2), (4,18), (5,17), (6,16), (7,15), (8,14), (9,14), (10,16), (11,16), (12,17), (13,15), (14,17), (15,17), (16,18)]
OP:JS_GUIDE:QGBEST:r=0.0020577235715255157:pairs=[(0,1), (1,2), (2,3), (4,14), (5,17), (6,16), (7,15), (8,14), (9,11), (10,17), (11,16), (13,19), (14,19), (15,18), (16,17), (17,18), (18,19)]
OP:REPAIR:MA:18:3:1:[0,1]
OP:JS_INITIAL_SWAP:4:14
OP:JS_GUIDE:PBEST:r=0.3618130684611035:pairs=[(0,1), (4,14), (9,15), (10,16), (11,12), (12,17), (13,14), (14,16), (15,16), (16,18), (17,18)]
OP:JS_GUIDE:QGBEST:r=0.19707002445402222:pairs=[(0,1), (1,2), (2,3), (4,8), (9,11), (10,17), (11,16), (12,17), (13,19), (14,15), (15,18), (16,17), (17,18)]
Q:g=15,group=G2_TEC,round=1,state=1,action=2,reward=446.2732507223018,nextState=0,phase=BEFORE_LOCAL_SEARCH
OP:JS_INITIAL_SWAP:9:8
OP:JS_GUIDE:PBEST:r=0.5761033079777852:pairs=[(8,9), (14,17), (15,17), (17,19)]
OP:JS_GUIDE:QGBEST:r=0.1574725045462493:pairs=[(9,13), (13,16), (14,17), (15,19)]
OP:JS_INITIAL_SWAP:11:19
OP:JS_GUIDE:PBEST:r=0.22953968990109685:pairs=[(9,16), (11,19), (13,16), (14,17), (15,17)]
OP:JS_GUIDE:QGBEST:r=0.4783986766650254:pairs=[(9,16), (11,19)]
OP:WA_MUTATE:4:0:1
Q:g=15,group=G3_TWC,round=0,state=0,action=3,reward=2.1786546786543113,nextState=0,phase=BEFORE_LOCAL_SEARCH
OP:JS_INITIAL_SWAP:5:3
OP:JS_GUIDE:PBEST:r=0.3540004592637836:pairs=[(3,5), (15,17), (17,19)]
OP:JS_GUIDE:QGBEST:r=0.34228815368940946:pairs=[]
OP:MA_MUTATE:16:0:1
OP:WA_MUTATE:1:1:0
OP:JS_INITIAL_SWAP:19:17
OP:JS_GUIDE:PBEST:r=0.2607621774290529:pairs=[(11,17), (13,16), (14,19), (15,19), (17,19)]
OP:JS_GUIDE:QGBEST:r=0.34383648128836225:pairs=[(13,16), (14,19), (15,17), (17,19)]
OP:MA_MUTATE:7:1:1
Q:g=15,group=G3_TWC,round=1,state=0,action=3,reward=-54.597069597068185,nextState=1,phase=BEFORE_LOCAL_SEARCH
OP:JS_INITIAL_SWAP:10:16
OP:JS_GUIDE:PBEST:r=0.0902999106535985:pairs=[(0,1), (1,3), (3,14), (4,8), (5,6), (6,12), (8,19), (9,14), (10,15), (11,16), (12,15), (14,15), (15,19), (18,19)]
OP:JS_GUIDE:QGBEST:r=0.010118661503204085:pairs=[(0,1), (5,8), (6,14), (9,19), (11,13), (12,16), (13,14), (14,18), (16,18), (17,18), (18,19)]
OP:REPAIR:MA:6:2:0:[0,1]
OP:REPAIR:MA:9:2:1:[0,1]
OP:REPAIR:WA:1:2:1:[0,1]
OP:JS_INITIAL_SWAP:0:3
OP:JS_GUIDE:PBEST:r=0.10844250215963906:pairs=[(0,1), (3,15), (4,8), (5,6), (6,13), (8,19), (9,15), (10,16), (12,17), (13,14), (15,19), (16,17), (18,19)]
OP:JS_GUIDE:QGBEST:r=0.19265980991140763:pairs=[(0,3), (1,3), (5,8), (6,15), (9,19), (10,17), (11,14), (12,14), (13,15), (14,18), (15,16), (16,18), (17,18), (18,19)]
OP:WA_MUTATE:9:1:1
OP:JS_INITIAL_SWAP:5:2
OP:JS_GUIDE:PBEST:r=0.13370483718608842:pairs=[(0,1), (1,3), (2,5), (3,4), (4,8), (5,6), (6,11), (8,9), (11,16), (12,17), (13,18), (14,16), (15,16), (16,17), (17,18), (18,19)]
OP:JS_GUIDE:QGBEST:r=0.44292520113962935:pairs=[(0,3), (1,3), (2,5), (4,14), (5,8), (6,14), (10,17), (11,18), (12,16), (13,14), (14,15), (15,17), (17,18), (18,19)]
OP:REPAIR:WA:8:2:0:[0,1]
OP:REPAIR:WA:9:2:1:[0,1]
OP:WA_MUTATE:9:1:0
OP:JS_INITIAL_SWAP:5:4
OP:JS_GUIDE:PBEST:r=0.4358875342357918:pairs=[(1,11), (2,15), (3,10), (4,17), (5,9), (6,17), (7,12), (8,19), (9,10), (10,13), (11,13), (12,16), (13,15), (15,18), (16,17), (18,19)]
OP:JS_GUIDE:QGBEST:r=0.4201728733839757:pairs=[(0,10), (1,10), (3,10), (4,18), (5,18), (6,10), (7,12), (8,14), (9,19), (10,16), (11,15), (12,19), (13,18), (14,15), (15,18), (16,17)]
OP:REPAIR:WA:16:2:1:[0,1]
Q:g=15,group=G4_CENTER,round=0,state=0,action=2,reward=-0.24788871772825044,nextState=1,phase=BEFORE_LOCAL_SEARCH
OP:JS_INITIAL_SWAP:3:0
OP:JS_GUIDE:PBEST:r=0.5391190893297158:pairs=[(0,1), (1,3), (2,3), (4,14), (9,19), (10,15), (11,16), (12,15), (14,15), (18,19)]
OP:JS_GUIDE:QGBEST:r=0.26992995968624384:pairs=[(2,3), (4,14), (5,8), (6,14), (11,13), (12,16), (13,14), (14,18), (16,18), (17,18), (18,19)]
OP:JS_INITIAL_SWAP:15:8
OP:JS_GUIDE:PBEST:r=0.5981245663022301:pairs=[(2,3), (4,8), (8,15), (9,19), (10,16), (12,17), (13,14), (16,17), (18,19)]
OP:JS_GUIDE:QGBEST:r=0.1337921034508574:pairs=[(2,3), (4,15), (5,8), (6,15), (10,17), (11,14), (12,14), (13,15), (14,18), (15,17), (16,18), (18,19)]
OP:JS_INITIAL_SWAP:10:9
OP:JS_GUIDE:PBEST:r=0.5753768685757136:pairs=[(2,3), (4,6), (5,8), (6,14), (9,10), (11,16), (12,17), (13,18), (14,16), (15,16), (16,17), (17,18), (18,19)]
OP:JS_GUIDE:QGBEST:r=0.2750592217905773:pairs=[(2,3), (4,14), (5,8), (6,14), (10,12), (11,18), (12,18), (13,14), (14,15), (15,18), (16,17), (18,19)]
OP:JS_INITIAL_SWAP:17:11
OP:JS_GUIDE:PBEST:r=0.49198401467837743:pairs=[(2,3), (4,6), (5,14), (6,18), (7,12), (8,14), (9,19), (10,13), (11,19), (12,16), (13,15), (14,15), (15,18), (16,19), (17,19)]
OP:JS_GUIDE:QGBEST:r=0.3247272185175527:pairs=[(2,3), (4,18), (5,8), (6,18), (10,16), (11,15), (12,19), (13,18), (14,17), (15,18), (16,18), (17,18)]
OP:WA_MUTATE:10:1:1
Q:g=15,group=G4_CENTER,round=1,state=1,action=1,reward=-0.20333368941919755,nextState=1,phase=BEFORE_LOCAL_SEARCH
LS:g=15,op=CRITICAL_FACTORY_SWAP,accepted=false,fe=1981,before=[275.1641675021653,9856.508276419769,12194.152514152513],after=[323.57412305988663,9983.772864380047,12202.485847485845]
LS:g=15,op=CRITICAL_FACTORY_INSERT,accepted=false,fe=1982,before=[275.1641675021653,9856.508276419769,12194.152514152513],after=[287.53897666191176,10503.4010517472,12075.639360639358]
LS:g=15,op=O1_JS_INSERT,accepted=false,fe=1983,before=[275.1641675021653,9856.508276419769,12194.152514152513],after=[281.86869645993426,9773.2820991568,12178.243423243419]
LS:g=15,op=O2_JS_REVERSE,accepted=true,fe=1984,before=[275.1641675021653,9856.508276419769,12194.152514152513],after=[275.1641675021653,9856.508276419769,12194.152514152513]
LS:g=15,op=O3_JS_SWAP,accepted=false,fe=1985,before=[275.1641675021653,9856.508276419769,12194.152514152513],after=[315.8296941781689,9772.369598021976,12207.031302031299]
LS:g=15,op=O4_WA_LOAD_TRANSFER,accepted=true,fe=1986,before=[275.1641675021653,9856.508276419769,12194.152514152513],after=[275.1641675021653,9856.508276419769,12194.152514152513]
LS:g=15,op=O5_WA_WEAK_TO_STRONG,accepted=true,fe=1987,before=[275.1641675021653,9856.508276419769,12194.152514152513],after=[249.5116463677537,9732.135828514938,12173.697968697965]
LS:g=15,op=O6_WA_SWAP,accepted=false,fe=1988,before=[249.5116463677537,9732.135828514938,12173.697968697965],after=[282.28019452693064,9669.552457095791,12188.84948384948]
LS:g=15,op=O7_MA_LOAD_TRANSFER,accepted=true,fe=1989,before=[249.5116463677537,9732.135828514938,12173.697968697965],after=[231.98195821928564,9603.369216978632,12176.669996669993]
LS:g=15,op=O8_MA_WEAK_TO_STRONG,accepted=true,fe=1990,before=[231.98195821928564,9603.369216978632,12176.669996669993],after=[230.56004413334492,9408.571714126301,12119.527139527136]
LS:g=15,op=O9_MA_SWAP,accepted=true,fe=1991,before=[230.56004413334492,9408.571714126301,12119.527139527136],after=[230.56004413334492,9386.595202523506,12105.680985680983]
LS:g=15,op=CRITICAL_FACTORY_SWAP,accepted=false,fe=1992,before=[240.3144219530023,10049.118740262798,11935.018315018315],after=[287.6111611299133,10619.907250282396,11930.16983016983]
LS:g=15,op=CRITICAL_FACTORY_INSERT,accepted=true,fe=1993,before=[240.3144219530023,10049.118740262798,11935.018315018315],after=[218.88299263026056,10154.964221234486,12003.190143190142]
LS:g=15,op=O1_JS_INSERT,accepted=true,fe=1994,before=[218.88299263026056,10154.964221234486,12003.190143190142],after=[218.88299263026056,10154.964221234486,12003.190143190142]
LS:g=15,op=O2_JS_REVERSE,accepted=true,fe=1995,before=[218.88299263026056,10154.964221234486,12003.190143190142],after=[218.88299263026056,10113.098925429971,12003.190143190142]
LS:g=15,op=O3_JS_SWAP,accepted=true,fe=1996,before=[218.88299263026056,10113.098925429971,12003.190143190142],after=[207.1422202438905,10169.671095712243,11989.55377955378]
LS:g=15,op=O4_WA_LOAD_TRANSFER,accepted=false,fe=1997,before=[207.1422202438905,10169.671095712243,11989.55377955378],after=[235.98458260275032,10239.409581752609,11994.402264402264]
LS:g=15,op=O5_WA_WEAK_TO_STRONG,accepted=false,fe=1998,before=[207.1422202438905,10169.671095712243,11989.55377955378],after=[225.18227439245263,9962.822901655385,11928.947718947718]
LS:g=15,op=O6_WA_SWAP,accepted=true,fe=1999,before=[207.1422202438905,10169.671095712243,11989.55377955378],after=[207.1422202438905,10169.671095712243,11989.55377955378]
LS:g=15,op=O7_MA_LOAD_TRANSFER,accepted=false,fe=2000,before=[207.1422202438905,10169.671095712243,11989.55377955378],after=[220.6956512643884,10125.057808626203,11982.129537129538]
LS:g=15,op=CRITICAL_FACTORY_SWAP,status=BUDGET_STOP
LS:g=15,op=CRITICAL_FACTORY_INSERT,status=BUDGET_STOP
LS:g=15,op=CRITICAL_FACTORY_SWAP,status=BUDGET_STOP
LS:g=15,op=CRITICAL_FACTORY_INSERT,status=BUDGET_STOP
LS:g=15,op=CRITICAL_FACTORY_SWAP,status=BUDGET_STOP
LS:g=15,op=CRITICAL_FACTORY_INSERT,status=BUDGET_STOP
LS:g=15,op=CRITICAL_FACTORY_SWAP,status=BUDGET_STOP
LS:g=15,op=CRITICAL_FACTORY_INSERT,status=BUDGET_STOP
LS:g=15,op=CRITICAL_FACTORY_SWAP,status=BUDGET_STOP
LS:g=15,op=CRITICAL_FACTORY_INSERT,status=BUDGET_STOP
LS:g=15,op=CRITICAL_FACTORY_SWAP,status=BUDGET_STOP
LS:g=15,op=CRITICAL_FACTORY_INSERT,status=BUDGET_STOP
LS:g=15,op=CRITICAL_FACTORY_SWAP,status=BUDGET_STOP
LS:g=15,op=CRITICAL_FACTORY_INSERT,status=BUDGET_STOP
LS:g=15,op=CRITICAL_FACTORY_SWAP,status=BUDGET_STOP
LS:g=15,op=CRITICAL_FACTORY_INSERT,status=BUDGET_STOP
GENERATION_END:g=15,fe=2000,archive=32
STOP:fe=2000,max=2000,stage=BUDGET_EXHAUSTED
FINAL_Q
G1_CMAX=[-63.10302296804136, -108.65377348696174, -76.97142974200108]|[-40.449535156006895, -45.72077794318092, -44.99865517393519]
G2_TEC=[-700.9665126770047, -1382.5115109545873, -780.6062736336098]|[-708.5546383686587, -114.49995941930206, -508.24562918706636]
G3_TWC=[-254.94776290376626, -195.7058075258089, -73.66629796869623]|[-23.83653546453506, -92.58944921745052, -93.30295411255221]
G4_CENTER=[-0.1511865936031146, -0.3840468754000057, -0.21216656358560404]|[-0.3394918470909528, -0.1843337606761131, -0.22051598458237645]

