p6EventsTotal=94518,p6EventsRetained=4096,formalOuterCycles=18,formalQgRounds=900,baselineUpdateEvents=90000,fixedNeighborhoodEvents=481378,pddrEvents=18,qgSelections=3600,qgTdUpdates=3600,qpActions=0,qpTransitions=0,cfvfOffspring=0,cfvfRepairs=0,archiveInsertions=0,directionalPoolRequests=0,directionalPoolFiltered=0,caTaLiteTest=0,caTaLiteApply=0,caTaLiteFE=0,pressureDiagnosisEvents=0,shadowSamples=0,shadowEvaluations=0,formalLocalFE=409900,dualQWarmup=0,dualQP=0,dualQG=0,dscr=disabled,algorithmRunNanos=34570553077,decoder=calls=500000,baseDecodeNanos=13360455675,leftShiftNanos=0,rightShiftNanos=0,decoderTotalNanos=13385929952,frameworkOverheadNanos=25474277,leftRecomputations=0,rightRecomputations=0,leftAccepted=0,rightAccepted=0
fc6DiagBegin
fc6diagSeed=20260824
fc6diagRounds=18
fc6diagBoundaryPool=54 (cmax=18,tec=18,twc=18,multiRole=0)
fc6diagActualRescues=12 (cmax=10,tec=2,twc=0)
fc6diagDisplacements=6
fc6diagCumulativeRescues=cmax=10,tec=2,twc=0
fc6diagCycleBegin
fc6diagCycle 1	fe=28391	popSize=100	popND=37	archSize=56	popRanges=cmax[205.42918042709618,499.2488495829151,293.81966915581893],tec[9033.107863287843,12402.615564167943,3369.5077008801],twc[12739.242738225706,22742.869761290596,10003.62702306489]	archRanges=cmax[205.42918042709618,425.15371257949516,219.72453215239898],tec[9033.107863287843,11564.998141259348,2531.8902779715045],twc[12739.242738225706,21246.339332556374,8507.096594330667]	rescues=0(cmax=0,tec=0,twc=0)	displaced=0	teacherSel=0	cfvfGbestLearn=0
fc6diagCycle 2	fe=56763	popSize=100	popND=52	archSize=78	popRanges=cmax[196.5789778461142,434.7791717092119,238.20019386309767],tec[8725.574299637628,11564.59632368291,2839.022024045282],twc[12739.242738225706,21009.819247604057,8270.57650937835]	archRanges=cmax[196.5789778461142,425.15371257949516,228.57473473338095],tec[8725.574299637628,11649.01217060132,2923.4378709636912],twc[12739.242738225706,20436.139769245478,7696.897031019771]	rescues=0(cmax=0,tec=0,twc=0)	displaced=0	teacherSel=0	cfvfGbestLearn=0
fc6diagCycle 3	fe=84206	popSize=100	popND=61	archSize=93	popRanges=cmax[196.5789778461142,425.15371257949516,228.57473473338095],tec[8718.676639597328,11151.384455870952,2432.7078162736234],twc[12739.242738225706,20310.852351973554,7571.609613747847]	archRanges=cmax[196.5789778461142,425.15371257949516,228.57473473338095],tec[8718.676639597328,11649.01217060132,2930.3355310039915],twc[12739.242738225706,19675.024072440734,6935.7813342150275]	rescues=0(cmax=0,tec=0,twc=0)	displaced=0	teacherSel=0	cfvfGbestLearn=0
fc6diagCycle 4	fe=112303	popSize=100	popND=87	archSize=88	popRanges=cmax[196.5789778461142,425.15371257949516,228.57473473338095],tec[8682.475550248364,11275.161633905327,2592.686083656963],twc[12577.966516406457,19394.76244012221,6816.795923715752]	archRanges=cmax[196.5789778461142,425.15371257949516,228.57473473338095],tec[8682.475550248364,11649.01217060132,2966.5366203529557],twc[12577.966516406457,18808.662983356135,6230.696466949677]	rescues=0(cmax=0,tec=0,twc=0)	displaced=0	teacherSel=0	cfvfGbestLearn=0
fc6diagCycle 5	fe=140119	popSize=100	popND=98	archSize=111	popRanges=cmax[196.5789778461142,450.2282008909233,253.64922304480908],tec[8682.475550248364,11275.161633905327,2592.686083656963],twc[12507.790380767525,18748.494167346493,6240.703786578968]	archRanges=cmax[196.5789778461142,521.6199377120312,325.040959865917],tec[8682.475550248364,11338.689584017262,2656.214033768898],twc[12507.790380767525,19071.07828195412,6563.287901186595]	rescues=0(cmax=0,tec=0,twc=0)	displaced=0	teacherSel=0	cfvfGbestLearn=0
fc6diagCycle 6	fe=168519	popSize=100	popND=100	archSize=131	popRanges=cmax[196.5789778461142,437.4189424927946,240.8399646466804],tec[8682.475550248364,10732.668739316488,2050.1931890681244],twc[12507.790380767525,18748.494167346493,6240.703786578968]	archRanges=cmax[196.5789778461142,521.6199377120312,325.040959865917],tec[8682.475550248364,10732.668739316488,2050.1931890681244],twc[12507.790380767525,19071.07828195412,6563.287901186595]	rescues=0(cmax=0,tec=0,twc=0)	displaced=0	teacherSel=0	cfvfGbestLearn=0
fc6diagCycle 7	fe=196954	popSize=100	popND=100	archSize=133	popRanges=cmax[190.63399486907636,436.79943730263955,246.1654424335632],tec[8682.475550248364,11280.35828078801,2597.882730539646],twc[12507.790380767525,18748.494167346493,6240.703786578968]	archRanges=cmax[190.63399486907636,521.6199377120312,330.98594284295484],tec[8682.475550248364,11455.19746410647,2772.721913858106],twc[12496.807989606423,19071.07828195412,6574.270292347697]	rescues=2(cmax=1,tec=1,twc=0)	displaced=1	teacherSel=0	cfvfGbestLearn=0
fc6diagCycle 8	fe=225415	popSize=100	popND=100	archSize=142	popRanges=cmax[190.63399486907636,418.49384230091255,227.8598474318362],tec[8682.475550248364,11280.35828078801,2597.882730539646],twc[12507.790380767525,18748.494167346493,6240.703786578968]	archRanges=cmax[190.63399486907636,521.6199377120312,330.98594284295484],tec[8601.759717395005,11455.19746410647,2853.4377467114646],twc[12496.807989606423,18748.494167346493,6251.68617774007]	rescues=1(cmax=1,tec=0,twc=0)	displaced=1	teacherSel=29	cfvfGbestLearn=0
fc6diagCycle 9	fe=254043	popSize=100	popND=100	archSize=163	popRanges=cmax[190.63399486907636,405.37064784571834,214.73665297664198],tec[8682.475550248364,11280.35828078801,2597.882730539646],twc[12507.790380767525,18748.494167346493,6240.703786578968]	archRanges=cmax[190.63399486907636,521.6199377120312,330.98594284295484],tec[8601.759717395005,11280.35828078801,2678.598563393005],twc[12496.807989606423,18748.494167346493,6251.68617774007]	rescues=1(cmax=1,tec=0,twc=0)	displaced=0	teacherSel=29	cfvfGbestLearn=0
fc6diagCycle 10	fe=282780	popSize=100	popND=100	archSize=157	popRanges=cmax[190.63399486907636,412.62773231552075,221.99373744644438],tec[8682.475550248364,11280.35828078801,2597.882730539646],twc[12507.790380767525,18748.494167346493,6240.703786578968]	archRanges=cmax[190.63399486907636,454.628265978432,263.9942711093556],tec[8601.759717395005,11280.35828078801,2678.598563393005],twc[12496.807989606423,18748.494167346493,6251.68617774007]	rescues=2(cmax=1,tec=1,twc=0)	displaced=2	teacherSel=14	cfvfGbestLearn=0
fc6diagCycle 11	fe=310789	popSize=100	popND=100	archSize=165	popRanges=cmax[190.63399486907636,412.62773231552075,221.99373744644438],tec[8682.475550248364,11280.35828078801,2597.882730539646],twc[12507.790380767525,18748.494167346493,6240.703786578968]	archRanges=cmax[190.63399486907636,454.628265978432,263.9942711093556],tec[8601.759717395005,11280.35828078801,2678.598563393005],twc[12496.807989606423,18748.494167346493,6251.68617774007]	rescues=1(cmax=1,tec=0,twc=0)	displaced=0	teacherSel=0	cfvfGbestLearn=0
fc6diagCycle 12	fe=338647	popSize=100	popND=100	archSize=185	popRanges=cmax[190.63399486907636,426.82757887349027,236.1935840044139],tec[8682.475550248364,11280.35828078801,2597.882730539646],twc[12507.790380767525,18592.435890917834,6084.645510150309]	archRanges=cmax[190.63399486907636,454.628265978432,263.9942711093556],tec[8601.759717395005,11280.35828078801,2678.598563393005],twc[12496.807989606423,18615.466042167303,6118.658052560881]	rescues=1(cmax=1,tec=0,twc=0)	displaced=1	teacherSel=0	cfvfGbestLearn=0
fc6diagCycle 13	fe=366090	popSize=100	popND=100	archSize=186	popRanges=cmax[190.63399486907636,426.82757887349027,236.1935840044139],tec[8682.475550248364,11280.35828078801,2597.882730539646],twc[12507.790380767525,18487.074290572906,5979.283909805381]	archRanges=cmax[190.63399486907636,454.628265978432,263.9942711093556],tec[8601.759717395005,11280.35828078801,2678.598563393005],twc[12496.807989606423,18615.466042167303,6118.658052560881]	rescues=1(cmax=1,tec=0,twc=0)	displaced=1	teacherSel=17	cfvfGbestLearn=0
fc6diagCycle 14	fe=394261	popSize=100	popND=100	archSize=175	popRanges=cmax[190.63399486907636,412.62773231552075,221.99373744644438],tec[8682.475550248364,11280.35828078801,2597.882730539646],twc[12507.790380767525,18487.074290572906,5979.283909805381]	archRanges=cmax[190.63399486907636,454.628265978432,263.9942711093556],tec[8601.759717395005,11280.35828078801,2678.598563393005],twc[12496.807989606423,18615.466042167303,6118.658052560881]	rescues=1(cmax=1,tec=0,twc=0)	displaced=0	teacherSel=24	cfvfGbestLearn=0
fc6diagCycle 15	fe=422008	popSize=100	popND=100	archSize=181	popRanges=cmax[190.63399486907636,412.62773231552075,221.99373744644438],tec[8682.475550248364,11280.35828078801,2597.882730539646],twc[12507.790380767525,18487.074290572906,5979.283909805381]	archRanges=cmax[190.63399486907636,425.15371257949516,234.5197177104188],tec[8601.759717395005,11280.35828078801,2678.598563393005],twc[12496.807989606423,18615.466042167303,6118.658052560881]	rescues=1(cmax=1,tec=0,twc=0)	displaced=0	teacherSel=9	cfvfGbestLearn=0
fc6diagCycle 16	fe=449816	popSize=100	popND=99	archSize=174	popRanges=cmax[190.63399486907636,412.62773231552075,221.99373744644438],tec[8678.53505044524,11280.35828078801,2601.8232303427703],twc[12507.790380767525,19112.635588731173,6604.845207963648]	archRanges=cmax[190.63399486907636,425.15371257949516,234.5197177104188],tec[8601.759717395005,11280.35828078801,2678.598563393005],twc[12496.807989606423,18615.466042167303,6118.658052560881]	rescues=0(cmax=0,tec=0,twc=0)	displaced=0	teacherSel=15	cfvfGbestLearn=0
fc6diagCycle 17	fe=476781	popSize=100	popND=100	archSize=188	popRanges=cmax[190.63399486907636,412.62773231552075,221.99373744644438],tec[8612.167553373822,11280.35828078801,2668.1907274141886],twc[12507.790380767525,18487.074290572906,5979.283909805381]	archRanges=cmax[190.63399486907636,425.15371257949516,234.5197177104188],tec[8601.759717395005,11280.35828078801,2678.598563393005],twc[12496.807989606423,18615.466042167303,6118.658052560881]	rescues=1(cmax=1,tec=0,twc=0)	displaced=0	teacherSel=20	cfvfGbestLearn=0
fc6diagCycle 18	fe=500000	popSize=100	popND=93	archSize=184	popRanges=cmax[190.63399486907636,412.62773231552075,221.99373744644438],tec[8612.167553373822,11280.35828078801,2668.1907274141886],twc[12507.790380767525,18361.534640030077,5853.744259262552]	archRanges=cmax[190.63399486907636,425.15371257949516,234.5197177104188],tec[8601.759717395005,11280.35828078801,2678.598563393005],twc[12481.926660721612,18615.466042167303,6133.539381445691]	rescues=0(cmax=0,tec=0,twc=0)	displaced=0	teacherSel=12	cfvfGbestLearn=0
fc6diagCycleEnd
fc6diagRoundBegin
fc6diagRound 1	fe=28391	pool=300	target=100	rescued=0	sOriginal=[2, 12, 13, 15, 19, 18, 8, 10, 17, 1, 3, 5, 6, 7, 0, 9, 16, 4, 14, 11]|[0, 1, 1, 0, 2, 1, 2, 2, 1, 0, 0, 2, 0, 1, 2, 1, 1, 2, 1, 0]|[3, 1, 1, 2, 0, 1, 0, 1, 0, 0, 3, 1, 3, 1, 1, 1, 1, 0, 1, 3]|[0, 1, 1, 2, 1, 0, 1, 1, 1, 1, 0, 1, 2, 1, 1, 1, 1, 0, 1, 0];[2, 1, 8, 7, 19, 9, 6, 14, 3, 0, 12, 17, 5, 11, 4, 10, 15, 13, 18, 16]|[0, 0, 2, 2, 2, 2, 0, 0, 2, 0, 2, 2, 1, 1, 1, 1, 1, 1, 1, 0]|[3, 0, 0, 0, 1, 1, 3, 2, 0, 2, 1, 1, 1, 1, 1, 1, 1, 1, 1, 3]|[2, 1, 1, 1, 0, 0, 0, 1, 1, 2, 1, 0, 1, 1, 1, 1, 1, 1, 1, 0];[2, 1, 14, 3, 4, 19, 8, 13, 7, 16, 5, 17, 0, 18, 12, 10, 15, 9, 6, 11]|[0, 0, 0, 0, 2, 2, 0, 2, 2, 2, 1, 2, 1, 1, 1, 1, 1, 1, 1, 0]|[0, 3, 3, 3, 1, 0, 3, 1, 0, 1, 1, 1, 1, 1, 1, 1, 1, 1, 1, 3]|[2, 1, 0, 0, 1, 0, 1, 1, 1, 1, 1, 1, 1, 1, 1, 1, 1, 1, 1, 0];[15, 2, 14, 9, 8, 19, 12, 3, 18, 4, 7, 16, 5, 10, 17, 6, 11, 1, 13, 0]|[0, 2, 2, 2, 2, 2, 0, 0, 0, 2, 0, 1, 0, 1, 1, 1, 1, 2, 1, 0]|[0, 0, 0, 1, 0, 1, 3, 3, 1, 0, 3, 1, 0, 1, 1, 1, 1, 1, 1, 3]|[1, 1, 1, 1, 0, 1, 0, 0, 0, 0, 2, 1, 1, 1, 1, 1, 1, 1, 1, 0];[2, 16, 15, 19, 12, 3, 18, 5, 11, 9, 8, 6, 0, 1, 14, 7, 17, 10, 13, 4]|[0, 1, 0, 2, 0, 2, 2, 1, 1, 2, 0, 0, 0, 2, 0, 1, 1, 1, 1, 2]|[3, 1, 3, 1, 1, 0, 1, 1, 1, 0, 3, 3, 0, 1, 0, 1, 1, 1, 1, 1]|[0, 1, 2, 0, 0, 0, 1, 1, 1, 1, 0, 0, 2, 0, 1, 1, 1, 1, 1, 0];[7, 13, 6, 5, 4, 14, 16, 8, 10, 18, 1, 11, 17, 9, 15, 19, 3, 12, 2, 0]|[0, 1, 1, 2, 2, 1, 2, 0, 0, 1, 0, 1, 1, 1, 0, 2, 2, 1, 0, 0]|[0, 0, 0, 1, 0, 1, 0, 2, 3, 1, 3, 0, 1, 1, 0, 1, 0, 1, 3, 1]|[0, 1, 1, 1, 0, 0, 1, 0, 2, 0, 0, 1, 1, 1, 1, 1, 0, 1, 2, 1];[5, 13, 2, 15, 6, 18, 17, 10, 0, 12, 19, 7, 8, 3, 4, 9, 1, 16, 14, 11]|[1, 1, 2, 0, 1, 0, 1, 0, 2, 2, 2, 2, 1, 0, 0, 2, 2, 1, 2, 0]|[1, 0, 1, 3, 1, 0, 1, 2, 1, 1, 0, 0, 1, 2, 3, 0, 1, 0, 0, 3]|[1, 1, 1, 0, 1, 1, 1, 0, 1, 1, 0, 0, 1, 2, 0, 1, 0, 0, 1, 2];[2, 5, 13, 3, 18, 4, 1, 6, 15, 17, 16, 19, 10, 11, 9, 0, 12, 7, 14, 8]|[0, 1, 1, 1, 1, 2, 0, 0, 1, 1, 0, 2, 2, 2, 2, 2, 2, 2, 2, 0]|[3, 1, 1, 0, 1, 1, 0, 2, 0, 1, 3, 0, 0, 0, 1, 1, 1, 0, 0, 3]|[0, 0, 1, 1, 0, 0, 0, 0, 1, 1, 1, 1, 1, 0, 1, 1, 1, 1, 0, 2];[2, 12, 13, 15, 19, 18, 8, 5, 17, 1, 3, 10, 6, 7, 4, 9, 16, 0, 14, 11]|[0, 1, 1, 0, 2, 1, 2, 2, 1, 0, 0, 2, 0, 1, 0, 1, 1, 2, 1, 0]|[3, 1, 1, 2, 1, 1, 0, 1, 0, 0, 3, 1, 3, 1, 0, 1, 1, 1, 1, 3]|[0, 1, 1, 2, 1, 0, 1, 1, 1, 1, 0, 1, 2, 1, 1, 1, 1, 1, 1, 0];[2, 5, 13, 14, 19, 18, 8, 12, 11, 1, 16, 9, 0, 3, 10, 17, 15, 7, 4, 6]|[0, 1, 1, 0, 2, 1, 2, 2, 1, 0, 0, 2, 0, 2, 1, 1, 1, 2, 1, 0]|[3, 1, 1, 2, 1, 1, 0, 1, 0, 0, 3, 1, 2, 0, 0, 1, 1, 0, 1, 3]|[1, 1, 1, 1, 0, 0, 0, 1, 1, 1, 0, 1, 2, 1, 0, 1, 1, 1, 1, 0];[19, 12, 7, 8, 0, 17, 16, 6, 13, 14, 10, 1, 18, 11, 15, 2, 5, 9, 3, 4]|[1, 0, 0, 0, 1, 0, 2, 1, 0, 0, 0, 0, 0, 2, 0, 2, 2, 0, 2, 1]|[1, 3, 3, 3, 1, 0, 1, 1, 3, 3, 3, 3, 2, 1, 3, 0, 0, 0, 1, 1]|[1, 0, 2, 0, 0, 1, 0, 0, 2, 0, 2, 0, 0, 1, 2, 1, 1, 1, 0, 1];[1, 2, 13, 14, 19, 4, 16, 5, 3, 10, 6, 8, 9, 15, 12, 18, 17, 7, 11, 0]|[0, 1, 1, 0, 2, 1, 2, 0, 0, 1, 2, 2, 2, 1, 2, 1, 0, 1, 1, 0]|[0, 1, 1, 3, 0, 1, 1, 0, 0, 1, 1, 0, 1, 1, 0, 0, 1, 1, 0, 3]|[0, 1, 1, 1, 0, 1, 1, 0, 0, 1, 1, 0, 1, 1, 1, 0, 2, 1, 0, 1];[5, 2, 6, 10, 15, 13, 12, 11, 7, 8, 16, 1, 9, 14, 0, 17, 19, 3, 18, 4]|[1, 0, 1, 1, 2, 1, 2, 1, 0, 0, 2, 1, 2, 0, 1, 2, 2, 2, 2, 0]|[1, 3, 1, 1, 0, 1, 1, 0, 3, 1, 0, 0, 1, 2, 1, 1, 0, 0, 1, 3]|[1, 2, 1, 1, 1, 1, 1, 1, 0, 0, 0, 1, 1, 0, 0, 1, 1, 1, 0, 2];[5, 13, 4, 19, 16, 6, 0, 15, 17, 7, 18, 10, 9, 3, 12, 11, 2, 14, 1, 8]|[1, 1, 0, 1, 2, 1, 1, 1, 0, 0, 0, 2, 2, 2, 2, 2, 0, 0, 1, 0]|[0, 1, 3, 1, 0, 0, 1, 1, 3, 3, 3, 1, 1, 0, 1, 0, 3, 3, 1, 3]|[0, 1, 0, 1, 0, 1, 0, 1, 2, 0, 0, 1, 1, 1, 1, 1, 2, 0, 1, 0];[5, 2, 8, 15, 11, 10, 3, 12, 7, 14, 9, 19, 16, 1, 13, 17, 6, 4, 18, 0]|[0, 1, 1, 0, 2, 1, 2, 2, 1, 0, 0, 2, 0, 1, 0, 1, 1, 2, 1, 0]|[3, 1, 0, 3, 1, 1, 0, 1, 0, 0, 0, 0, 2, 0, 0, 1, 1, 0, 1, 3]|[0, 1, 0, 0, 1, 0, 0, 1, 1, 2, 1, 0, 2, 1, 1, 1, 1, 1, 1, 0];[2, 8, 15, 11, 10, 3, 12, 7, 5, 9, 19, 16, 1, 13, 14, 17, 6, 4, 18, 0]|[1, 1, 2, 2, 1, 0, 2, 1, 0, 2, 2, 0, 1, 0, 0, 1, 1, 2, 1, 0]|[1, 0, 1, 1, 1, 3, 1, 0, 3, 0, 0, 2, 0, 0, 0, 1, 1, 0, 1, 0]|[0, 1, 1, 1, 0, 0, 1, 1, 0, 0, 0, 2, 1, 1, 2, 1, 1, 1, 1, 1];[5, 2, 13, 14, 10, 19, 6, 4, 9, 15, 1, 16, 7, 8, 11, 12, 18, 0, 3, 17]|[0, 1, 1, 2, 2, 2, 2, 1, 2, 1, 0, 2, 0, 0, 1, 0, 2, 1, 2, 0]|[3, 0, 1, 0, 1, 0, 1, 1, 1, 1, 1, 0, 0, 0, 0, 3, 1, 1, 0, 3]|[0, 1, 1, 1, 1, 0, 1, 1, 1, 1, 2, 0, 0, 0, 1, 1, 1, 0, 1, 2];[2, 5, 13, 14, 9, 10, 7, 16, 6, 1, 3, 4, 19, 18, 8, 12, 0, 17, 15, 11]|[0, 1, 1, 0, 2, 1, 2, 2, 1, 0, 0, 2, 0, 1, 0, 1, 1, 2, 1, 0]|[3, 1, 1, 3, 1, 1, 0, 1, 1, 0, 3, 1, 3, 1, 0, 0, 0, 1, 1, 3]|[1, 1, 1, 0, 1, 0, 1, 1, 1, 1, 0, 1, 2, 1, 1, 0, 1, 1, 1, 0];[15, 19, 18, 14, 1, 12, 11, 3, 10, 5, 9, 13, 6, 8, 17, 0, 2, 7, 4, 16]|[1, 0, 0, 0, 1, 2, 1, 1, 1, 2, 0, 0, 1, 2, 2, 2, 0, 0, 2, 1]|[1, 3, 3, 3, 1, 0, 0, 1, 0, 0, 3, 3, 1, 1, 1, 1, 3, 3, 0, 1]|[1, 0, 0, 2, 0, 0, 1, 1, 0, 1, 0, 0, 1, 0, 1, 1, 2, 0, 0, 1];[5, 2, 14, 3, 19, 17, 8, 11, 12, 16, 0, 15, 1, 6, 10, 9, 4, 7, 13, 18]|[0, 1, 2, 2, 2, 0, 0, 1, 2, 2, 1, 2, 0, 1, 2, 2, 1, 1, 1, 1]|[3, 0, 1, 0, 0, 3, 3, 0, 1, 0, 1, 1, 3, 0, 0, 1, 1, 1, 1, 1]|[0, 1, 0, 1, 1, 0, 0, 1, 1, 0, 0, 1, 0, 0, 1, 1, 1, 1, 1, 1];[12, 0, 19, 13, 3, 5, 11, 4, 8, 9, 10, 18, 1, 2, 14, 6, 15, 16, 17, 7]|[0, 1, 2, 1, 2, 2, 1, 1, 1, 1, 1, 1, 2, 0, 0, 0, 0, 2, 0, 0]|[3, 1, 1, 1, 0, 1, 1, 1, 1, 1, 1, 1, 1, 3, 3, 3, 3, 1, 3, 3]|[0, 1, 1, 1, 0, 0, 1, 1, 1, 1, 1, 1, 1, 0, 2, 0, 2, 1, 0, 0];[5, 16, 1, 14, 13, 2, 18, 9, 0, 7, 11, 12, 3, 10, 15, 6, 19, 4, 8, 17]|[0, 1, 0, 2, 1, 1, 2, 2, 1, 0, 1, 2, 2, 1, 0, 1, 2, 2, 2, 0]|[3, 1, 1, 0, 1, 0, 1, 0, 1, 0, 0, 1, 0, 0, 3, 1, 0, 1, 0, 0]|[0, 1, 0, 1, 0, 1, 0, 1, 0, 1, 1, 0, 1, 1, 1, 1, 0, 1, 1, 2];[5, 17, 9, 19, 7, 6, 4, 3, 11, 16, 10, 14, 0, 15, 13, 12, 1, 18, 2, 8]|[1, 2, 2, 0, 0, 2, 2, 2, 1, 1, 1, 2, 0, 0, 1, 1, 2, 0, 0, 0]|[1, 1, 1, 3, 3, 1, 1, 0, 1, 1, 1, 0, 3, 3, 1, 1, 0, 3, 3, 3]|[1, 1, 1, 0, 2, 1, 0, 1, 1, 1, 1, 1, 0, 0, 1, 1, 1, 0, 2, 0];[5, 2, 13, 14, 9, 18, 8, 6, 10, 1, 0, 16, 19, 15, 12, 11, 7, 17, 4, 3]|[0, 1, 1, 0, 2, 1, 2, 2, 1, 0, 0, 2, 0, 1, 0, 1, 1, 2, 1, 0]|[0, 1, 1, 3, 1, 0, 0, 1, 1, 0, 3, 1, 3, 1, 0, 0, 1, 1, 1, 0]|[1, 1, 1, 0, 1, 0, 0, 1, 1, 0, 1, 1, 2, 1, 1, 0, 1, 0, 1, 0];[12, 7, 15, 6, 3, 16, 18, 19, 2, 4, 11, 0, 9, 14, 10, 5, 8, 1, 13, 17]|[2, 0, 0, 0, 2, 2, 2, 2, 2, 1, 1, 2, 0, 0, 1, 1, 1, 1, 1, 0]|[1, 0, 3, 3, 1, 0, 1, 0, 0, 1, 1, 0, 3, 3, 1, 1, 1, 1, 1, 3]|[1, 1, 0, 2, 0, 1, 0, 1, 1, 1, 1, 0, 1, 0, 1, 1, 1, 1, 1, 2];[2, 12, 13, 15, 19, 0, 3, 5, 11, 14, 7, 10, 9, 8, 17, 4, 18, 1, 6, 16]|[0, 0, 0, 0, 2, 1, 0, 1, 2, 0, 0, 1, 0, 0, 2, 2, 0, 0, 2, 1]|[3, 1, 1, 3, 1, 1, 0, 1, 0, 0, 3, 1, 3, 0, 0, 1, 1, 1, 1, 1]|[2, 0, 1, 0, 1, 0, 0, 1, 1, 0, 0, 1, 2, 1, 1, 1, 0, 2, 0, 1];[2, 16, 11, 9, 6, 3, 5, 12, 14, 10, 7, 0, 1, 8, 17, 18, 19, 15, 13, 4]|[0, 1, 1, 2, 1, 2, 0, 1, 0, 2, 0, 0, 1, 2, 1, 1, 2, 2, 1, 0]|[3, 1, 1, 1, 1, 0, 3, 1, 3, 1, 3, 3, 1, 0, 1, 1, 1, 0, 1, 3]|[0, 1, 1, 1, 1, 0, 2, 1, 0, 1, 0, 1, 1, 0, 1, 1, 1, 0, 1, 0];[6, 2, 15, 19, 8, 9, 0, 1, 16, 12, 7, 14, 3, 17, 13, 5, 4, 18, 10, 11]|[1, 0, 0, 0, 0, 0, 1, 1, 2, 2, 1, 1, 2, 0, 1, 1, 2, 2, 2, 0]|[0, 3, 3, 3, 3, 3, 1, 1, 1, 1, 1, 1, 1, 3, 1, 1, 1, 0, 1, 3]|[0, 0, 0, 2, 0, 0, 1, 1, 1, 1, 1, 1, 1, 2, 1, 1, 1, 1, 0, 0];[2, 14, 12, 17, 15, 18, 10, 0, 13, 16, 8, 1, 9, 7, 3, 4, 19, 5, 11, 6]|[0, 2, 2, 2, 0, 1, 1, 1, 1, 0, 0, 2, 2, 2, 2, 2, 1, 1, 1, 0]|[3, 0, 1, 1, 0, 1, 1, 1, 1, 3, 3, 0, 1, 1, 0, 0, 1, 1, 1, 3]|[0, 0, 1, 1, 0, 1, 1, 1, 1, 2, 0, 1, 0, 1, 0, 1, 1, 1, 1, 0];[10, 4, 14, 16, 12, 11, 15, 5, 1, 18, 17, 8, 19, 0, 6, 9, 3, 2, 13, 7]|[1, 0, 2, 1, 1, 2, 1, 0, 2, 2, 1, 1, 2, 1, 0, 0, 0, 0, 0, 0]|[1, 3, 1, 0, 1, 1, 1, 3, 0, 0, 1, 1, 0, 1, 3, 3, 3, 3, 3, 3]|[1, 0, 0, 0, 1, 1, 1, 2, 1, 0, 1, 1, 0, 1, 0, 0, 2, 0, 0, 0];[10, 19, 8, 15, 11, 14, 17, 6, 3, 13, 12, 16, 1, 2, 9, 0, 18, 7, 5, 4]|[0, 0, 0, 0, 2, 1, 0, 1, 2, 0, 0, 2, 2, 0, 0, 1, 0, 0, 2, 1]|[0, 3, 3, 3, 1, 1, 3, 1, 1, 3, 2, 0, 0, 3, 3, 1, 3, 3, 0, 1]|[1, 2, 0, 2, 1, 0, 1, 0, 0, 2, 0, 1, 1, 0, 1, 0, 2, 0, 1, 1];[6, 13, 9, 1, 16, 7, 14, 12, 17, 18, 3, 5, 0, 2, 8, 15, 10, 11, 4, 19]|[1, 1, 0, 0, 2, 2, 1, 1, 2, 1, 1, 2, 1, 0, 0, 0, 2, 0, 1, 0]|[1, 1, 3, 3, 1, 0, 1, 1, 1, 1, 1, 0, 1, 3, 3, 3, 1, 3, 1, 3]|[1, 1, 0, 2, 1, 1, 1, 1, 1, 1, 1, 0, 1, 0, 1, 0, 1, 2, 1, 0];[2, 12, 13, 17, 5, 8, 19, 10, 7, 18, 6, 9, 0, 14, 3, 16, 11, 4, 1, 15]|[1, 1, 1, 1, 2, 2, 2, 0, 1, 0, 1, 1, 2, 1, 2, 0, 0, 0, 0, 0]|[0, 1, 1, 1, 1, 0, 1, 3, 1, 3, 1, 1, 1, 1, 1, 3, 3, 3, 3, 3]|[1, 1, 1, 1, 1, 1, 1, 0, 1, 0, 1, 1, 1, 1, 1, 2, 0, 0, 0, 0];[2, 5, 12, 4, 13, 6, 16, 3, 10, 8, 18, 19, 15, 11, 7, 17, 0, 9, 1, 14]|[2, 2, 0, 0, 0, 1, 1, 1, 0, 0, 1, 2, 0, 1, 1, 2, 1, 0, 0, 0]|[0, 0, 3, 3, 3, 1, 0, 1, 3, 3, 1, 1, 3, 1, 1, 1, 1, 3, 3, 3]|[0, 1, 0, 0, 2, 1, 1, 1, 0, 0, 0, 1, 2, 1, 1, 1, 1, 0, 2, 0];[13, 19, 9, 10, 8, 15, 1, 4, 17, 0, 3, 2, 5, 11, 14, 18, 12, 7, 6, 16]|[0, 2, 0, 1, 0, 0, 0, 2, 2, 0, 0, 0, 1, 2, 1, 0, 0, 0, 2, 1]|[3, 1, 3, 1, 3, 3, 3, 1, 0, 3, 3, 3, 1, 0, 1, 3, 3, 3, 1, 1]|[0, 1, 2, 1, 0, 0, 2, 1, 1, 0, 0, 2, 1, 1, 1, 0, 0, 0, 0, 1];[6, 19, 16, 7, 0, 9, 5, 14, 10, 18, 11, 2, 12, 15, 13, 8, 3, 1, 4, 17]|[0, 2, 2, 0, 1, 2, 1, 0, 1, 1, 2, 0, 0, 0, 0, 0, 0, 0, 2, 1]|[3, 0, 0, 3, 1, 1, 1, 3, 1, 1, 1, 3, 3, 3, 3, 3, 3, 3, 1, 1]|[0, 1, 1, 2, 0, 1, 0, 0, 1, 0, 0, 2, 0, 2, 0, 2, 0, 0, 1, 1];[19, 18, 7, 12, 14, 2, 5, 17, 15, 0, 4, 11, 13, 1, 9, 8, 10, 3, 6, 16]|[2, 1, 0, 0, 0, 0, 1, 2, 0, 0, 2, 2, 0, 1, 1, 0, 0, 0, 2, 1]|[1, 1, 3, 3, 3, 3, 1, 1, 3, 3, 0, 0, 3, 1, 1, 3, 3, 3, 0, 1]|[1, 0, 0, 0, 2, 0, 1, 1, 2, 0, 1, 1, 2, 1, 1, 0, 0, 0, 1, 1];[2, 5, 13, 14, 0, 16, 18, 19, 15, 9, 6, 12, 1, 3, 17, 8, 7, 11, 10, 4]|[0, 2, 1, 0, 1, 2, 2, 1, 2, 1, 1, 2, 0, 2, 2, 0, 0, 1, 2, 0]|[3, 1, 1, 3, 1, 0, 1, 0, 0, 0, 1, 1, 2, 0, 1, 1, 3, 0, 0, 3]|[0, 1, 1, 1, 0, 0, 0, 1, 1, 1, 1, 1, 0, 0, 1, 0, 1, 1, 1, 2];[2, 5, 4, 14, 9, 0, 19, 12, 17, 1, 3, 16, 8, 15, 11, 13, 10, 7, 18, 6]|[0, 1, 1, 2, 2, 1, 2, 2, 1, 0, 0, 2, 0, 2, 1, 1, 0, 2, 1, 0]|[3, 1, 1, 1, 1, 1, 0, 1, 0, 0, 0, 0, 1, 1, 1, 1, 1, 1, 1, 3]|[1, 1, 1, 1, 1, 0, 0, 1, 1, 0, 0, 0, 0, 1, 1, 1, 0, 1, 1, 2];[5, 14, 15, 1, 19, 2, 3, 0, 9, 4, 13, 10, 12, 18, 11, 16, 8, 7, 6, 17]|[0, 2, 2, 0, 2, 1, 0, 0, 2, 1, 1, 1, 1, 1, 1, 2, 0, 2, 2, 0]|[3, 1, 0, 1, 0, 1, 0, 1, 0, 1, 1, 1, 1, 1, 1, 0, 0, 0, 1, 3]|[1, 0, 1, 0, 1, 1, 1, 2, 1, 1, 1, 1, 1, 1, 1, 0, 0, 0, 1, 2];[19, 1, 11, 8, 16, 13, 10, 6, 18, 5, 14, 17, 3, 12, 9, 0, 4, 7, 2, 15]|[2, 2, 2, 1, 1, 2, 2, 1, 1, 1, 1, 2, 0, 2, 0, 0, 0, 0, 0, 0]|[1, 0, 0, 1, 1, 1, 0, 1, 1, 0, 1, 0, 3, 1, 3, 3, 3, 3, 3, 3]|[1, 0, 1, 1, 1, 1, 0, 1, 1, 0, 1, 1, 0, 1, 2, 0, 2, 0, 0, 0];[15, 2, 13, 14, 9, 0, 3, 12, 11, 5, 7, 16, 1, 18, 19, 6, 4, 17, 10, 8]|[0, 1, 1, 0, 2, 1, 2, 2, 1, 0, 0, 2, 2, 1, 0, 1, 2, 2, 2, 0]|[3, 1, 0, 3, 0, 1, 1, 1, 1, 0, 0, 0, 0, 0, 0, 0, 1, 0, 1, 3]|[2, 1, 1, 2, 1, 0, 1, 1, 1, 0, 0, 0, 0, 1, 1, 1, 1, 0, 0, 0];[6, 2, 19, 0, 9, 1, 13, 18, 5, 16, 15, 4, 14, 7, 3, 10, 8, 17, 12, 11]|[0, 1, 2, 1, 2, 0, 1, 0, 0, 2, 1, 0, 2, 2, 2, 2, 2, 1, 1, 1]|[3, 1, 0, 1, 1, 2, 0, 0, 1, 1, 0, 3, 0, 1, 1, 0, 1, 1, 0, 1]|[2, 1, 0, 0, 1, 0, 1, 0, 1, 1, 1, 0, 0, 1, 1, 0, 1, 1, 1, 1];[2, 12, 13, 8, 5, 15, 18, 19, 17, 1, 11, 3, 6, 10, 0, 14, 7, 9, 16, 4]|[0, 1, 1, 2, 2, 2, 1, 2, 1, 0, 0, 2, 0, 1, 0, 1, 1, 2, 1, 0]|[3, 1, 1, 0, 0, 1, 1, 1, 1, 0, 3, 0, 3, 1, 0, 1, 1, 1, 1, 3]|[0, 1, 1, 0, 1, 1, 1, 0, 1, 2, 0, 1, 2, 1, 1, 1, 1, 1, 1, 0];[17, 12, 9, 18, 0, 13, 8, 3, 6, 14, 11, 10, 7, 15, 19, 4, 2, 1, 5, 16]|[0, 0, 0, 0, 1, 0, 0, 2, 1, 1, 2, 0, 0, 0, 0, 2, 2, 0, 2, 1]|[0, 3, 3, 3, 1, 0, 0, 1, 1, 1, 1, 3, 3, 3, 3, 0, 0, 2, 0, 1]|[0, 2, 2, 0, 1, 1, 0, 1, 1, 0, 1, 2, 1, 2, 0, 1, 1, 1, 0, 1];[5, 13, 14, 4, 0, 11, 10, 7, 1, 3, 16, 19, 6, 12, 15, 9, 2, 17, 8, 18]|[0, 2, 0, 1, 1, 2, 2, 1, 0, 0, 2, 2, 0, 2, 1, 1, 2, 1, 1, 0]|[3, 0, 2, 1, 1, 1, 1, 0, 0, 1, 0, 0, 1, 1, 0, 0, 1, 1, 1, 0]|[1, 1, 1, 1, 0, 1, 1, 1, 2, 0, 0, 0, 0, 1, 1, 1, 1, 1, 1, 0];[10, 12, 1, 15, 5, 6, 13, 8, 17, 11, 18, 19, 14, 16, 7, 2, 3, 9, 4, 0]|[0, 0, 0, 0, 2, 1, 0, 0, 1, 2, 0, 0, 0, 1, 0, 2, 2, 0, 2, 1]|[3, 3, 3, 3, 1, 1, 3, 3, 1, 1, 3, 0, 0, 1, 3, 0, 0, 3, 1, 1]|[0, 2, 0, 2, 0, 0, 0, 2, 0, 1, 0, 1, 1, 0, 2, 1, 1, 0, 0, 1];[2, 5, 13, 14, 9, 15, 7, 6, 3, 8, 17, 0, 19, 1, 12, 11, 10, 18, 4, 16]|[0, 0, 0, 0, 0, 1, 0, 1, 1, 2, 0, 2, 0, 1, 2, 1, 1, 2, 2, 1]|[3, 0, 0, 3, 3, 1, 0, 1, 1, 1, 0, 1, 1, 1, 0, 0, 0, 1, 0, 1]|[2, 0, 1, 2, 2, 0, 0, 1, 1, 0, 0, 1, 1, 0, 0, 1, 0, 1, 0, 1];[5, 15, 11, 8, 10, 3, 17, 7, 9, 0, 4, 18, 13, 1, 6, 12, 14, 16, 19, 2]|[1, 2, 0, 2, 2, 2, 1, 2, 2, 1, 2, 1, 1, 1, 1, 0, 0, 0, 0, 0]|[0, 0, 3, 0, 1, 0, 1, 0, 1, 1, 0, 1, 1, 1, 1, 3, 3, 3, 3, 3]|[0, 1, 0, 0, 1, 1, 1, 0, 1, 1, 0, 1, 1, 1, 1, 0, 0, 2, 0, 0];[2, 12, 13, 15, 14, 0, 18, 7, 10, 3, 9, 16, 8, 17, 5, 1, 19, 6, 11, 4]|[0, 1, 1, 0, 0, 1, 2, 2, 0, 1, 1, 2, 0, 2, 0, 1, 2, 2, 1, 1]|[3, 1, 1, 3, 3, 1, 1, 1, 3, 1, 1, 1, 3, 0, 3, 1, 0, 0, 1, 1]|[1, 1, 1, 1, 0, 1, 1, 0, 0, 1, 1, 1, 2, 1, 0, 1, 0, 1, 1, 1];[10, 19, 8, 15, 11, 17, 13, 6, 5, 7, 14, 16, 9, 18, 2, 3, 1, 12, 4, 0]|[0, 0, 0, 0, 2, 1, 0, 1, 2, 0, 0, 1, 0, 0, 2, 2, 0, 0, 2, 1]|[3, 0, 0, 3, 1, 1, 1, 1, 1, 3, 0, 1, 1, 2, 0, 0, 3, 1, 1, 1]|[2, 0, 0, 2, 1, 0, 0, 0, 0, 2, 1, 0, 1, 0, 1, 1, 0, 2, 0, 1];[4, 11, 16, 5, 8, 18, 17, 19, 1, 7, 9, 0, 13, 2, 12, 14, 6, 3, 15, 10]|[2, 2, 1, 0, 0, 2, 1, 1, 0, 0, 2, 1, 0, 0, 0, 0, 0, 0, 2, 1]|[0, 1, 1, 3, 3, 1, 1, 1, 3, 3, 1, 1, 3, 3, 3, 3, 3, 3, 1, 0]|[1, 1, 0, 0, 2, 1, 1, 1, 0, 0, 1, 0, 2, 0, 0, 2, 0, 0, 0, 1];[6, 15, 13, 3, 19, 4, 2, 5, 7, 11, 12, 9, 0, 14, 18, 17, 8, 1, 10, 16]|[1, 0, 0, 0, 2, 2, 0, 0, 1, 2, 1, 2, 1, 0, 0, 0, 0, 0, 2, 1]|[1, 3, 3, 3, 0, 1, 3, 3, 1, 1, 1, 1, 1, 3, 3, 3, 3, 3, 0, 1]|[0, 0, 0, 2, 1, 1, 0, 2, 1, 1, 1, 1, 0, 0, 0, 0, 2, 0, 0, 1];[2, 19, 5, 14, 9, 8, 3, 15, 11, 10, 18, 17, 6, 7, 0, 1, 12, 13, 4, 16]|[0, 1, 1, 2, 2, 1, 0, 2, 0, 2, 0, 1, 2, 1, 1, 1, 1, 1, 1, 0]|[3, 1, 1, 0, 1, 1, 0, 0, 3, 1, 3, 1, 0, 1, 1, 1, 1, 1, 1, 3]|[0, 1, 1, 0, 1, 1, 1, 1, 0, 1, 2, 1, 1, 1, 1, 1, 1, 1, 1, 0];[16, 6, 10, 1, 0, 9, 7, 3, 12, 15, 13, 5, 17, 18, 2, 14, 11, 19, 8, 4]|[0, 1, 2, 1, 1, 2, 1, 2, 2, 0, 2, 0, 0, 0, 0, 0, 0, 0, 0, 1]|[3, 1, 1, 1, 1, 1, 1, 0, 0, 3, 0, 3, 3, 3, 3, 3, 3, 3, 3, 1]|[0, 1, 1, 1, 0, 1, 1, 0, 1, 2, 0, 0, 0, 2, 0, 0, 2, 0, 0, 1];[2, 13, 14, 16, 15, 1, 19, 3, 4, 8, 7, 10, 9, 5, 6, 17, 11, 0, 18, 12]|[0, 0, 0, 2, 0, 0, 2, 2, 0, 2, 2, 2, 2, 1, 1, 1, 1, 1, 1, 1]|[3, 3, 0, 0, 0, 0, 1, 1, 2, 0, 0, 0, 1, 1, 1, 1, 1, 1, 1, 1]|[0, 1, 0, 0, 0, 1, 1, 0, 2, 1, 1, 1, 1, 1, 1, 1, 1, 1, 1, 1];[2, 5, 1, 10, 14, 3, 6, 12, 9, 18, 15, 7, 13, 19, 16, 4, 11, 0, 17, 8]|[0, 1, 1, 1, 0, 0, 2, 2, 2, 0, 2, 0, 0, 2, 2, 1, 1, 1, 1, 0]|[0, 1, 1, 1, 3, 3, 0, 1, 1, 2, 1, 0, 3, 1, 1, 1, 1, 1, 1, 3]|[1, 1, 1, 1, 0, 0, 1, 1, 1, 2, 1, 1, 2, 1, 1, 1, 1, 1, 1, 0];[2, 12, 13, 19, 17, 1, 7, 10, 3, 0, 9, 15, 6, 14, 18, 11, 8, 5, 16, 4]|[0, 1, 1, 2, 1, 0, 0, 2, 2, 1, 2, 2, 0, 0, 2, 1, 1, 2, 1, 0]|[3, 1, 1, 1, 0, 0, 1, 1, 1, 1, 1, 0, 2, 3, 0, 1, 1, 0, 1, 3]|[0, 1, 1, 1, 1, 1, 0, 0, 1, 0, 1, 1, 2, 2, 0, 1, 1, 1, 1, 0];[17, 6, 8, 9, 5, 13, 14, 4, 7, 3, 15, 11, 19, 18, 12, 2, 1, 0, 10, 16]|[0, 1, 1, 1, 1, 2, 2, 2, 0, 0, 1, 2, 2, 0, 0, 0, 0, 0, 2, 1]|[3, 1, 0, 1, 0, 1, 1, 1, 3, 3, 1, 0, 0, 3, 3, 3, 3, 3, 1, 1]|[0, 1, 1, 0, 1, 1, 1, 1, 0, 2, 0, 1, 1, 0, 0, 2, 0, 0, 1, 0];[2, 12, 13, 9, 11, 14, 8, 15, 18, 19, 1, 0, 10, 3, 17, 7, 5, 4, 16, 6]|[0, 1, 1, 2, 1, 0, 0, 2, 1, 2, 2, 0, 2, 2, 2, 1, 1, 2, 1, 0]|[3, 1, 1, 1, 0, 0, 1, 1, 1, 0, 0, 2, 0, 0, 0, 1, 1, 0, 1, 3]|[0, 1, 1, 1, 1, 0, 0, 1, 0, 0, 1, 2, 1, 1, 1, 1, 1, 1, 1, 2];[2, 12, 13, 19, 1, 17, 8, 10, 16, 14, 7, 4, 6, 15, 11, 9, 18, 5, 0, 3]|[0, 0, 1, 0, 0, 1, 2, 2, 1, 1, 2, 1, 0, 2, 2, 2, 1, 2, 1, 0]|[3, 3, 1, 3, 0, 1, 1, 0, 1, 1, 0, 1, 3, 1, 0, 1, 1, 0, 1, 3]|[1, 1, 1, 0, 2, 0, 1, 1, 1, 1, 1, 1, 2, 0, 0, 1, 0, 1, 1, 0];[10, 19, 8, 15, 11, 14, 6, 3, 13, 0, 18, 7, 1, 9, 12, 4, 17, 2, 5, 16]|[0, 0, 0, 0, 2, 1, 1, 2, 0, 0, 1, 0, 0, 0, 2, 2, 0, 0, 2, 1]|[3, 0, 0, 3, 1, 1, 1, 1, 3, 3, 1, 3, 2, 3, 0, 0, 3, 3, 1, 1]|[2, 1, 0, 2, 1, 0, 0, 0, 2, 1, 0, 0, 0, 2, 0, 1, 1, 0, 0, 1];[10, 19, 8, 11, 14, 5, 17, 7, 13, 1, 3, 16, 15, 4, 12, 9, 6, 0, 18, 2]|[0, 0, 0, 2, 1, 1, 2, 0, 0, 0, 0, 1, 0, 2, 2, 0, 0, 0, 2, 1]|[0, 2, 0, 1, 1, 1, 1, 3, 3, 3, 0, 1, 3, 0, 1, 3, 3, 3, 1, 0]|[1, 2, 0, 1, 0, 1, 0, 0, 2, 0, 1, 0, 2, 1, 1, 1, 2, 0, 0, 1];[12, 11, 5, 3, 0, 19, 10, 13, 14, 2, 16, 1, 18, 4, 6, 17, 8, 9, 15, 7]|[1, 1, 2, 2, 1, 2, 0, 1, 2, 0, 0, 1, 1, 2, 1, 1, 0, 0, 0, 0]|[1, 1, 1, 0, 1, 1, 3, 1, 0, 3, 3, 0, 1, 0, 1, 1, 3, 3, 3, 3]|[1, 1, 1, 1, 0, 1, 0, 1, 1, 0, 2, 1, 1, 1, 1, 1, 0, 0, 0, 0];[2, 13, 14, 4, 5, 15, 7, 8, 16, 10, 12, 3, 11, 0, 6, 1, 17, 18, 9, 19]|[0, 2, 0, 1, 1, 1, 0, 0, 2, 0, 2, 2, 1, 1, 1, 1, 2, 2, 1, 0]|[3, 1, 3, 1, 1, 1, 0, 3, 1, 3, 1, 0, 1, 1, 1, 1, 1, 1, 1, 0]|[0, 1, 0, 1, 1, 1, 0, 1, 1, 2, 1, 0, 1, 1, 1, 1, 0, 1, 1, 0];[2, 5, 13, 14, 9, 0, 3, 12, 11, 7, 8, 10, 18, 1, 16, 19, 6, 15, 4, 17]|[0, 0, 0, 0, 2, 1, 0, 1, 2, 0, 0, 1, 0, 0, 2, 2, 0, 0, 2, 1]|[3, 0, 0, 3, 1, 1, 0, 1, 1, 3, 0, 1, 1, 2, 0, 0, 0, 1, 1, 1]|[2, 0, 1, 2, 1, 0, 0, 0, 0, 2, 0, 1, 1, 0, 1, 1, 0, 2, 1, 1];[10, 19, 8, 15, 11, 14, 7, 6, 3, 13, 2, 5, 0, 1, 12, 9, 17, 18, 4, 16]|[0, 0, 0, 0, 2, 1, 0, 1, 2, 0, 0, 1, 0, 0, 2, 2, 0, 0, 2, 1]|[3, 0, 0, 3, 1, 1, 0, 1, 1, 3, 3, 1, 1, 2, 0, 0, 0, 1, 1, 1]|[2, 0, 1, 2, 1, 0, 0, 0, 0, 2, 1, 0, 1, 0, 1, 1, 0, 2, 0, 1];[10, 19, 8, 15, 11, 14, 7, 5, 17, 13, 3, 16, 9, 0, 4, 12, 1, 6, 18, 2]|[0, 0, 0, 0, 2, 1, 0, 1, 2, 0, 0, 1, 0, 0, 2, 2, 0, 0, 2, 1]|[3, 0, 0, 3, 1, 1, 1, 1, 1, 3, 0, 1, 3, 1, 0, 1, 3, 1, 1, 0]|[2, 0, 0, 2, 1, 0, 0, 1, 0, 2, 1, 0, 1, 0, 1, 1, 0, 2, 0, 1];[2, 5, 13, 14, 9, 0, 8, 1, 10, 15, 17, 6, 11, 7, 3, 12, 19, 18, 16, 4]|[0, 0, 0, 0, 2, 1, 0, 1, 2, 0, 0, 1, 0, 1, 0, 2, 0, 0, 2, 1]|[3, 0, 0, 3, 1, 1, 0, 1, 1, 3, 3, 1, 3, 1, 3, 0, 3, 1, 1, 1]|[2, 0, 0, 2, 1, 0, 0, 1, 1, 1, 0, 1, 2, 1, 0, 1, 0, 2, 0, 1];[5, 3, 4, 7, 2, 10, 0, 17, 19, 6, 11, 14, 15, 12, 1, 18, 13, 8, 16, 9]|[0, 2, 2, 0, 0, 2, 0, 2, 1, 1, 1, 2, 0, 1, 1, 1, 1, 1, 2, 0]|[3, 0, 1, 0, 0, 1, 3, 0, 1, 1, 1, 0, 1, 1, 1, 1, 1, 1, 1, 1]|[0, 1, 0, 0, 0, 1, 2, 1, 1, 1, 1, 1, 0, 1, 1, 1, 1, 1, 0, 0];[16, 10, 0, 18, 3, 14, 9, 1, 6, 2, 8, 17, 5, 19, 15, 13, 12, 11, 7, 4]|[1, 1, 0, 1, 0, 2, 0, 0, 1, 2, 2, 1, 1, 2, 2, 0, 1, 2, 1, 0]|[1, 1, 3, 1, 1, 0, 0, 0, 0, 1, 0, 1, 1, 1, 0, 2, 1, 0, 1, 3]|[1, 1, 2, 0, 0, 0, 0, 1, 1, 1, 0, 1, 1, 0, 1, 0, 1, 1, 1, 0];[2, 5, 13, 14, 10, 0, 16, 12, 11, 7, 8, 3, 1, 15, 9, 6, 17, 19, 18, 4]|[0, 1, 1, 0, 2, 1, 2, 2, 1, 0, 0, 2, 0, 2, 1, 1, 2, 2, 2, 0]|[3, 0, 1, 3, 1, 1, 0, 1, 0, 3, 1, 0, 2, 0, 0, 1, 1, 0, 1, 3]|[0, 1, 1, 1, 1, 0, 0, 1, 1, 1, 0, 0, 0, 1, 1, 1, 1, 1, 0, 2];[2, 12, 13, 15, 19, 18, 8, 5, 17, 1, 11, 3, 6, 10, 0, 14, 7, 9, 16, 4]|[0, 1, 1, 2, 2, 1, 2, 2, 1, 0, 0, 2, 0, 1, 0, 1, 1, 2, 1, 0]|[3, 1, 1, 1, 1, 1, 0, 1, 0, 0, 3, 0, 3, 1, 0, 1, 1, 1, 1, 3]|[1, 1, 1, 0, 0, 0, 1, 1, 1, 0, 0, 1, 2, 1, 1, 1, 1, 1, 1, 0];[9, 2, 5, 3, 0, 8, 1, 10, 14, 16, 12, 18, 19, 15, 4, 7, 11, 17, 13, 6]|[0, 1, 0, 2, 1, 2, 2, 1, 0, 0, 2, 0, 2, 1, 1, 2, 1, 1, 1, 2]|[0, 0, 3, 1, 1, 0, 1, 0, 3, 1, 0, 2, 0, 1, 1, 0, 0, 1, 1, 1]|[2, 1, 1, 0, 0, 0, 1, 1, 1, 0, 1, 0, 1, 1, 1, 1, 0, 1, 1, 0];[10, 19, 8, 15, 11, 14, 7, 6, 3, 13, 17, 18, 0, 1, 12, 4, 2, 9, 5, 16]|[0, 0, 0, 0, 2, 1, 0, 1, 2, 0, 0, 1, 0, 0, 2, 2, 0, 0, 2, 1]|[3, 0, 0, 3, 1, 1, 1, 1, 1, 3, 3, 1, 3, 2, 0, 0, 3, 1, 1, 1]|[2, 0, 0, 2, 1, 0, 0, 0, 0, 2, 1, 0, 1, 0, 0, 1, 0, 2, 0, 1];[10, 19, 8, 18, 4, 12, 17, 1, 16, 0, 13, 6, 14, 11, 15, 5, 3, 7, 2, 9]|[0, 0, 0, 0, 2, 2, 0, 0, 1, 0, 2, 1, 1, 2, 0, 0, 0, 0, 2, 1]|[0, 2, 0, 3, 0, 0, 1, 2, 1, 3, 1, 1, 1, 1, 3, 3, 3, 3, 1, 1]|[1, 2, 0, 2, 1, 0, 0, 1, 0, 1, 0, 0, 0, 1, 2, 0, 2, 0, 0, 1];[10, 19, 8, 11, 14, 6, 3, 13, 15, 2, 5, 0, 1, 12, 9, 17, 18, 7, 4, 16]|[0, 0, 0, 2, 1, 1, 2, 0, 0, 0, 1, 0, 2, 0, 2, 0, 0, 0, 2, 1]|[3, 0, 0, 1, 1, 1, 1, 3, 3, 3, 1, 3, 1, 0, 0, 0, 3, 0, 1, 1]|[0, 1, 0, 1, 0, 0, 0, 2, 2, 1, 0, 1, 0, 2, 1, 0, 2, 0, 0, 1];[17, 15, 12, 3, 16, 0, 11, 10, 5, 2, 18, 6, 19, 7, 9, 13, 8, 14, 4, 1]|[1, 0, 1, 0, 1, 0, 0, 1, 2, 0, 1, 0, 2, 1, 0, 2, 0, 2, 0, 2]|[1, 1, 1, 2, 1, 3, 2, 0, 0, 0, 1, 3, 1, 1, 1, 1, 2, 1, 3, 0]|[1, 1, 0, 0, 1, 0, 1, 0, 0, 0, 1, 2, 1, 1, 0, 0, 0, 0, 2, 1];[17, 15, 12, 3, 16, 0, 11, 10, 5, 2, 18, 6, 19, 7, 9, 13, 8, 14, 4, 1]|[1, 0, 1, 0, 1, 0, 0, 1, 2, 0, 1, 0, 2, 1, 0, 2, 0, 2, 0, 2]|[1, 1, 1, 2, 1, 3, 2, 0, 0, 0, 1, 3, 1, 1, 1, 1, 2, 1, 3, 0]|[1, 1, 0, 0, 1, 0, 1, 0, 0, 0, 1, 2, 1, 1, 0, 0, 0, 0, 2, 1];[17, 15, 12, 3, 16, 0, 11, 10, 5, 2, 18, 6, 19, 7, 9, 13, 8, 14, 4, 1]|[1, 0, 1, 0, 1, 0, 0, 1, 2, 0, 1, 0, 2, 1, 0, 2, 0, 2, 0, 2]|[1, 1, 1, 2, 1, 3, 2, 0, 0, 0, 1, 3, 1, 1, 1, 1, 2, 1, 3, 0]|[1, 1, 0, 0, 1, 0, 1, 0, 0, 0, 1, 2, 1, 1, 0, 0, 0, 0, 2, 1];[2, 12, 13, 15, 19, 0, 3, 5, 11, 14, 7, 16, 17, 1, 18, 10, 8, 4, 9, 6]|[0, 0, 1, 2, 2, 1, 2, 2, 1, 0, 0, 2, 0, 2, 1, 1, 1, 1, 1, 0]|[3, 1, 1, 1, 1, 1, 0, 1, 0, 0, 3, 1, 3, 1, 1, 1, 1, 1, 1, 3]|[0, 1, 1, 1, 1, 0, 0, 0, 0, 2, 1, 1, 1, 1, 1, 1, 1, 1, 1, 0];[10, 2, 13, 14, 9, 3, 1, 18, 6, 12, 5, 4, 16, 7, 19, 11, 17, 0, 8, 15]|[0, 0, 1, 1, 2, 2, 0, 0, 2, 2, 0, 1, 1, 2, 2, 1, 2, 2, 1, 0]|[3, 1, 1, 0, 1, 1, 0, 0, 1, 1, 3, 1, 1, 0, 1, 1, 0, 1, 1, 3]|[0, 1, 1, 0, 1, 0, 2, 0, 1, 1, 0, 1, 1, 1, 0, 1, 1, 1, 1, 0];[10, 19, 8, 15, 11, 14, 7, 6, 13, 3, 1, 16, 0, 17, 12, 4, 5, 18, 2, 9]|[0, 0, 0, 0, 2, 1, 0, 1, 2, 0, 0, 1, 0, 0, 2, 2, 0, 0, 2, 1]|[3, 0, 0, 3, 1, 1, 1, 1, 1, 3, 3, 1, 3, 1, 0, 0, 3, 1, 1, 1]|[2, 0, 0, 2, 1, 0, 0, 0, 0, 2, 1, 0, 1, 0, 0, 1, 0, 2, 0, 1];[5, 17, 16, 12, 3, 19, 10, 7, 15, 9, 14, 4, 2, 13, 11, 18, 1, 0, 8, 6]|[0, 2, 1, 2, 0, 0, 2, 0, 2, 2, 2, 2, 1, 1, 1, 1, 1, 1, 1, 0]|[3, 0, 1, 1, 0, 3, 1, 0, 0, 0, 1, 0, 1, 1, 1, 1, 1, 1, 1, 3]|[0, 1, 1, 1, 1, 2, 1, 0, 1, 1, 0, 1, 1, 1, 1, 1, 1, 1, 1, 0];[5, 18, 1, 7, 6, 10, 8, 16, 19, 2, 14, 9, 13, 17, 15, 0, 3, 12, 11, 4]|[0, 2, 2, 0, 0, 2, 0, 1, 2, 1, 2, 2, 1, 1, 1, 1, 2, 2, 1, 0]|[1, 0, 1, 0, 3, 1, 3, 1, 1, 1, 0, 1, 1, 1, 1, 1, 0, 1, 0, 3]|[0, 1, 1, 1, 2, 0, 0, 1, 1, 1, 1, 0, 1, 1, 1, 0, 0, 1, 1, 0];[2, 19, 15, 9, 8, 3, 5, 13, 14, 7, 10, 6, 17, 18, 12, 1, 0, 16, 11, 4]|[0, 1, 2, 2, 1, 2, 2, 1, 0, 0, 2, 0, 1, 0, 1, 1, 1, 1, 1, 0]|[3, 1, 0, 1, 1, 0, 1, 1, 0, 3, 1, 3, 1, 0, 1, 1, 1, 1, 1, 3]|[1, 1, 0, 1, 1, 1, 1, 1, 0, 0, 1, 2, 1, 1, 1, 1, 1, 1, 1, 0];[15, 17, 3, 12, 0, 2, 19, 1, 16, 18, 5, 14, 7, 4, 11, 13, 6, 9, 10, 8]|[1, 1, 2, 2, 1, 0, 0, 1, 0, 2, 1, 0, 0, 0, 1, 1, 1, 2, 2, 0]|[0, 1, 0, 1, 1, 3, 3, 1, 3, 1, 0, 3, 3, 3, 1, 1, 1, 1, 0, 3]|[0, 1, 0, 1, 1, 2, 0, 1, 2, 1, 0, 0, 0, 1, 1, 1, 1, 1, 0, 0];[3, 2, 11, 19, 18, 7, 12, 17, 0, 6, 8, 15, 4, 5, 1, 9, 13, 14, 16, 10]|[0, 0, 1, 2, 2, 1, 0, 0, 0, 2, 0, 0, 1, 0, 1, 1, 1, 2, 0, 2]|[2, 2, 0, 1, 1, 0, 0, 1, 0, 1, 2, 3, 1, 3, 0, 1, 1, 1, 2, 1]|[0, 2, 0, 1, 0, 1, 1, 0, 1, 0, 2, 0, 0, 1, 0, 1, 1, 0, 2, 1];[3, 2, 11, 19, 18, 7, 12, 17, 0, 6, 8, 15, 4, 5, 1, 9, 13, 14, 16, 10]|[0, 0, 1, 2, 2, 1, 0, 0, 0, 2, 0, 0, 1, 0, 1, 1, 1, 2, 0, 2]|[2, 2, 0, 1, 1, 0, 0, 1, 0, 1, 2, 3, 1, 3, 0, 1, 1, 1, 2, 1]|[0, 2, 0, 1, 0, 1, 1, 0, 1, 0, 2, 0, 0, 1, 0, 1, 1, 0, 2, 1];[2, 5, 13, 14, 9, 0, 3, 10, 11, 8, 12, 15, 16, 1, 7, 17, 6, 4, 18, 19]|[0, 1, 1, 0, 2, 1, 2, 2, 1, 2, 0, 2, 0, 1, 2, 1, 1, 2, 1, 0]|[3, 1, 0, 3, 1, 1, 0, 1, 1, 0, 3, 0, 2, 0, 0, 1, 1, 0, 1, 3]|[0, 1, 1, 0, 1, 0, 1, 1, 1, 0, 0, 1, 1, 0, 0, 1, 0, 0, 1, 0];[2, 10, 8, 4, 14, 9, 15, 3, 7, 13, 19, 6, 17, 16, 11, 1, 0, 5, 12, 18]|[0, 1, 1, 0, 2, 0, 2, 1, 1, 1, 1, 0, 0, 2, 2, 1, 1, 2, 1, 0]|[3, 0, 0, 1, 0, 2, 1, 0, 0, 1, 1, 3, 2, 0, 1, 0, 1, 0, 1, 3]|[1, 1, 1, 0, 0, 1, 1, 1, 1, 0, 0, 1, 2, 1, 0, 1, 1, 1, 1, 0];[2, 10, 8, 4, 14, 9, 15, 3, 7, 13, 19, 6, 17, 16, 11, 1, 0, 5, 12, 18]|[0, 1, 1, 0, 2, 0, 2, 1, 1, 1, 1, 0, 0, 2, 2, 1, 1, 2, 1, 0]|[3, 0, 0, 1, 0, 2, 1, 0, 0, 1, 1, 3, 2, 0, 1, 0, 1, 0, 1, 3]|[1, 1, 1, 0, 0, 1, 1, 1, 1, 0, 0, 1, 2, 1, 0, 1, 1, 1, 1, 0];[2, 10, 8, 4, 14, 9, 15, 3, 7, 13, 19, 6, 17, 16, 11, 1, 0, 5, 12, 18]|[0, 1, 1, 0, 2, 0, 2, 1, 1, 1, 1, 0, 0, 2, 2, 1, 1, 2, 1, 0]|[3, 0, 0, 1, 0, 2, 1, 0, 0, 1, 1, 3, 2, 0, 1, 0, 1, 0, 1, 3]|[1, 1, 1, 0, 0, 1, 1, 1, 1, 0, 0, 1, 2, 1, 0, 1, 1, 1, 1, 0];[2, 10, 8, 4, 14, 9, 15, 3, 7, 13, 19, 6, 17, 16, 11, 1, 0, 5, 12, 18]|[0, 1, 1, 0, 2, 0, 2, 1, 1, 1, 1, 0, 0, 2, 2, 1, 1, 2, 1, 0]|[3, 0, 0, 1, 0, 2, 1, 0, 0, 1, 1, 3, 2, 0, 1, 0, 1, 0, 1, 3]|[1, 1, 1, 0, 0, 1, 1, 1, 1, 0, 0, 1, 2, 1, 0, 1, 1, 1, 1, 0];[5, 2, 13, 14, 9, 18, 8, 19, 17, 12, 3, 4, 7, 6, 15, 11, 16, 1, 10, 0]|[0, 1, 1, 2, 2, 0, 2, 2, 1, 0, 0, 2, 0, 1, 0, 1, 1, 2, 1, 0]|[3, 1, 1, 0, 1, 1, 0, 1, 1, 0, 3, 0, 3, 1, 0, 1, 1, 1, 1, 3]|[0, 1, 1, 1, 1, 0, 0, 1, 1, 0, 0, 0, 2, 1, 1, 1, 1, 1, 1, 0];[2, 12, 13, 15, 19, 18, 8, 5, 17, 1, 11, 3, 16, 7, 4, 6, 9, 0, 14, 10]|[0, 1, 1, 0, 2, 1, 2, 2, 1, 0, 0, 2, 0, 1, 0, 1, 1, 2, 1, 0]|[3, 1, 1, 1, 1, 1, 0, 1, 1, 0, 3, 1, 3, 1, 0, 1, 1, 1, 1, 3]|[0, 1, 1, 0, 1, 0, 1, 1, 1, 1, 0, 1, 2, 1, 1, 1, 1, 1, 1, 0];[19, 13, 18, 2, 3, 1, 10, 16, 7, 8, 12, 11, 14, 17, 6, 5, 15, 9, 4, 0]|[0, 0, 0, 2, 2, 0, 0, 1, 0, 0, 0, 2, 1, 0, 1, 2, 0, 0, 2, 1]|[0, 3, 2, 0, 0, 2, 3, 1, 3, 0, 0, 1, 1, 3, 1, 1, 3, 3, 1, 1]|[1, 2, 0, 1, 1, 0, 2, 0, 0, 2, 2, 1, 0, 1, 0, 0, 0, 2, 0, 1];[10, 19, 8, 15, 11, 14, 18, 6, 3, 13, 17, 0, 9, 1, 2, 4, 7, 12, 5, 16]|[0, 0, 0, 0, 2, 1, 0, 1, 2, 0, 0, 1, 0, 0, 2, 2, 0, 0, 2, 1]|[3, 0, 0, 3, 1, 1, 1, 1, 1, 3, 0, 1, 1, 2, 0, 0, 3, 1, 0, 1]|[2, 0, 0, 2, 1, 0, 0, 1, 1, 1, 1, 1, 2, 1, 1, 1, 0, 2, 0, 1];[2, 10, 17, 13, 8, 18, 12, 16, 14, 11, 19, 9, 3, 1, 5, 7, 15, 0, 6, 4]|[2, 1, 1, 1, 0, 0, 2, 0, 0, 2, 2, 2, 2, 2, 1, 1, 1, 1, 1, 0]|[0, 1, 1, 1, 0, 3, 0, 3, 3, 0, 1, 1, 0, 1, 1, 1, 1, 1, 1, 3]|[1, 1, 1, 1, 0, 1, 1, 0, 0, 1, 1, 1, 0, 1, 1, 1, 1, 1, 1, 1];[2, 5, 13, 14, 9, 0, 3, 12, 11, 7, 8, 16, 10, 15, 18, 6, 1, 17, 4, 19]|[0, 1, 1, 0, 2, 1, 2, 2, 1, 0, 0, 2, 0, 1, 0, 1, 1, 2, 1, 0]|[3, 1, 1, 3, 1, 1, 0, 1, 1, 0, 3, 1, 3, 1, 0, 0, 1, 1, 1, 0]|[1, 1, 1, 0, 1, 0, 0, 1, 1, 0, 1, 1, 2, 1, 1, 0, 1, 0, 1, 0]	sBp=[1, 2, 13, 14, 19, 4, 16, 5, 3, 10, 6, 8, 9, 15, 12, 18, 17, 7, 11, 0]|[0, 1, 1, 0, 2, 1, 2, 0, 0, 1, 2, 2, 2, 1, 2, 1, 0, 1, 1, 0]|[0, 1, 1, 3, 0, 1, 1, 0, 0, 1, 1, 0, 1, 1, 0, 0, 1, 1, 0, 3]|[0, 1, 1, 1, 0, 1, 1, 0, 0, 1, 1, 0, 1, 1, 1, 0, 2, 1, 0, 1];[13, 19, 9, 10, 8, 15, 1, 4, 17, 0, 3, 2, 5, 11, 14, 18, 12, 7, 6, 16]|[0, 2, 0, 1, 0, 0, 0, 2, 2, 0, 0, 0, 1, 2, 1, 0, 0, 0, 2, 1]|[3, 1, 3, 1, 3, 3, 3, 1, 0, 3, 3, 3, 1, 0, 1, 3, 3, 3, 1, 1]|[0, 1, 2, 1, 0, 0, 2, 1, 1, 0, 0, 2, 1, 1, 1, 0, 0, 0, 0, 1];[19, 12, 7, 8, 0, 17, 16, 6, 13, 14, 10, 1, 18, 11, 15, 2, 5, 9, 3, 4]|[1, 0, 0, 0, 1, 0, 2, 1, 0, 0, 0, 0, 0, 2, 0, 2, 2, 0, 2, 1]|[1, 3, 3, 3, 1, 0, 1, 1, 3, 3, 3, 3, 2, 1, 3, 0, 0, 0, 1, 1]|[1, 0, 2, 0, 0, 1, 0, 0, 2, 0, 2, 0, 0, 1, 2, 1, 1, 1, 0, 1];[2, 12, 13, 15, 19, 18, 8, 10, 17, 1, 3, 5, 6, 7, 0, 9, 16, 4, 14, 11]|[0, 1, 1, 0, 2, 1, 2, 2, 1, 0, 0, 2, 0, 1, 2, 1, 1, 2, 1, 0]|[3, 1, 1, 2, 0, 1, 0, 1, 0, 0, 3, 1, 3, 1, 1, 1, 1, 0, 1, 3]|[0, 1, 1, 2, 1, 0, 1, 1, 1, 1, 0, 1, 2, 1, 1, 1, 1, 0, 1, 0];[2, 1, 8, 7, 19, 9, 6, 14, 3, 0, 12, 17, 5, 11, 4, 10, 15, 13, 18, 16]|[0, 0, 2, 2, 2, 2, 0, 0, 2, 0, 2, 2, 1, 1, 1, 1, 1, 1, 1, 0]|[3, 0, 0, 0, 1, 1, 3, 2, 0, 2, 1, 1, 1, 1, 1, 1, 1, 1, 1, 3]|[2, 1, 1, 1, 0, 0, 0, 1, 1, 2, 1, 0, 1, 1, 1, 1, 1, 1, 1, 0];[2, 1, 14, 3, 4, 19, 8, 13, 7, 16, 5, 17, 0, 18, 12, 10, 15, 9, 6, 11]|[0, 0, 0, 0, 2, 2, 0, 2, 2, 2, 1, 2, 1, 1, 1, 1, 1, 1, 1, 0]|[0, 3, 3, 3, 1, 0, 3, 1, 0, 1, 1, 1, 1, 1, 1, 1, 1, 1, 1, 3]|[2, 1, 0, 0, 1, 0, 1, 1, 1, 1, 1, 1, 1, 1, 1, 1, 1, 1, 1, 0];[15, 2, 14, 9, 8, 19, 12, 3, 18, 4, 7, 16, 5, 10, 17, 6, 11, 1, 13, 0]|[0, 2, 2, 2, 2, 2, 0, 0, 0, 2, 0, 1, 0, 1, 1, 1, 1, 2, 1, 0]|[0, 0, 0, 1, 0, 1, 3, 3, 1, 0, 3, 1, 0, 1, 1, 1, 1, 1, 1, 3]|[1, 1, 1, 1, 0, 1, 0, 0, 0, 0, 2, 1, 1, 1, 1, 1, 1, 1, 1, 0];[2, 16, 15, 19, 12, 3, 18, 5, 11, 9, 8, 6, 0, 1, 14, 7, 17, 10, 13, 4]|[0, 1, 0, 2, 0, 2, 2, 1, 1, 2, 0, 0, 0, 2, 0, 1, 1, 1, 1, 2]|[3, 1, 3, 1, 1, 0, 1, 1, 1, 0, 3, 3, 0, 1, 0, 1, 1, 1, 1, 1]|[0, 1, 2, 0, 0, 0, 1, 1, 1, 1, 0, 0, 2, 0, 1, 1, 1, 1, 1, 0];[7, 13, 6, 5, 4, 14, 16, 8, 10, 18, 1, 11, 17, 9, 15, 19, 3, 12, 2, 0]|[0, 1, 1, 2, 2, 1, 2, 0, 0, 1, 0, 1, 1, 1, 0, 2, 2, 1, 0, 0]|[0, 0, 0, 1, 0, 1, 0, 2, 3, 1, 3, 0, 1, 1, 0, 1, 0, 1, 3, 1]|[0, 1, 1, 1, 0, 0, 1, 0, 2, 0, 0, 1, 1, 1, 1, 1, 0, 1, 2, 1];[5, 13, 2, 15, 6, 18, 17, 10, 0, 12, 19, 7, 8, 3, 4, 9, 1, 16, 14, 11]|[1, 1, 2, 0, 1, 0, 1, 0, 2, 2, 2, 2, 1, 0, 0, 2, 2, 1, 2, 0]|[1, 0, 1, 3, 1, 0, 1, 2, 1, 1, 0, 0, 1, 2, 3, 0, 1, 0, 0, 3]|[1, 1, 1, 0, 1, 1, 1, 0, 1, 1, 0, 0, 1, 2, 0, 1, 0, 0, 1, 2];[2, 5, 13, 3, 18, 4, 1, 6, 15, 17, 16, 19, 10, 11, 9, 0, 12, 7, 14, 8]|[0, 1, 1, 1, 1, 2, 0, 0, 1, 1, 0, 2, 2, 2, 2, 2, 2, 2, 2, 0]|[3, 1, 1, 0, 1, 1, 0, 2, 0, 1, 3, 0, 0, 0, 1, 1, 1, 0, 0, 3]|[0, 0, 1, 1, 0, 0, 0, 0, 1, 1, 1, 1, 1, 0, 1, 1, 1, 1, 0, 2];[2, 12, 13, 15, 19, 18, 8, 5, 17, 1, 3, 10, 6, 7, 4, 9, 16, 0, 14, 11]|[0, 1, 1, 0, 2, 1, 2, 2, 1, 0, 0, 2, 0, 1, 0, 1, 1, 2, 1, 0]|[3, 1, 1, 2, 1, 1, 0, 1, 0, 0, 3, 1, 3, 1, 0, 1, 1, 1, 1, 3]|[0, 1, 1, 2, 1, 0, 1, 1, 1, 1, 0, 1, 2, 1, 1, 1, 1, 1, 1, 0];[2, 5, 13, 14, 19, 18, 8, 12, 11, 1, 16, 9, 0, 3, 10, 17, 15, 7, 4, 6]|[0, 1, 1, 0, 2, 1, 2, 2, 1, 0, 0, 2, 0, 2, 1, 1, 1, 2, 1, 0]|[3, 1, 1, 2, 1, 1, 0, 1, 0, 0, 3, 1, 2, 0, 0, 1, 1, 0, 1, 3]|[1, 1, 1, 1, 0, 0, 0, 1, 1, 1, 0, 1, 2, 1, 0, 1, 1, 1, 1, 0];[5, 2, 6, 10, 15, 13, 12, 11, 7, 8, 16, 1, 9, 14, 0, 17, 19, 3, 18, 4]|[1, 0, 1, 1, 2, 1, 2, 1, 0, 0, 2, 1, 2, 0, 1, 2, 2, 2, 2, 0]|[1, 3, 1, 1, 0, 1, 1, 0, 3, 1, 0, 0, 1, 2, 1, 1, 0, 0, 1, 3]|[1, 2, 1, 1, 1, 1, 1, 1, 0, 0, 0, 1, 1, 0, 0, 1, 1, 1, 0, 2];[5, 13, 4, 19, 16, 6, 0, 15, 17, 7, 18, 10, 9, 3, 12, 11, 2, 14, 1, 8]|[1, 1, 0, 1, 2, 1, 1, 1, 0, 0, 0, 2, 2, 2, 2, 2, 0, 0, 1, 0]|[0, 1, 3, 1, 0, 0, 1, 1, 3, 3, 3, 1, 1, 0, 1, 0, 3, 3, 1, 3]|[0, 1, 0, 1, 0, 1, 0, 1, 2, 0, 0, 1, 1, 1, 1, 1, 2, 0, 1, 0];[5, 2, 8, 15, 11, 10, 3, 12, 7, 14, 9, 19, 16, 1, 13, 17, 6, 4, 18, 0]|[0, 1, 1, 0, 2, 1, 2, 2, 1, 0, 0, 2, 0, 1, 0, 1, 1, 2, 1, 0]|[3, 1, 0, 3, 1, 1, 0, 1, 0, 0, 0, 0, 2, 0, 0, 1, 1, 0, 1, 3]|[0, 1, 0, 0, 1, 0, 0, 1, 1, 2, 1, 0, 2, 1, 1, 1, 1, 1, 1, 0];[2, 8, 15, 11, 10, 3, 12, 7, 5, 9, 19, 16, 1, 13, 14, 17, 6, 4, 18, 0]|[1, 1, 2, 2, 1, 0, 2, 1, 0, 2, 2, 0, 1, 0, 0, 1, 1, 2, 1, 0]|[1, 0, 1, 1, 1, 3, 1, 0, 3, 0, 0, 2, 0, 0, 0, 1, 1, 0, 1, 0]|[0, 1, 1, 1, 0, 0, 1, 1, 0, 0, 0, 2, 1, 1, 2, 1, 1, 1, 1, 1];[5, 2, 13, 14, 10, 19, 6, 4, 9, 15, 1, 16, 7, 8, 11, 12, 18, 0, 3, 17]|[0, 1, 1, 2, 2, 2, 2, 1, 2, 1, 0, 2, 0, 0, 1, 0, 2, 1, 2, 0]|[3, 0, 1, 0, 1, 0, 1, 1, 1, 1, 1, 0, 0, 0, 0, 3, 1, 1, 0, 3]|[0, 1, 1, 1, 1, 0, 1, 1, 1, 1, 2, 0, 0, 0, 1, 1, 1, 0, 1, 2];[2, 5, 13, 14, 9, 10, 7, 16, 6, 1, 3, 4, 19, 18, 8, 12, 0, 17, 15, 11]|[0, 1, 1, 0, 2, 1, 2, 2, 1, 0, 0, 2, 0, 1, 0, 1, 1, 2, 1, 0]|[3, 1, 1, 3, 1, 1, 0, 1, 1, 0, 3, 1, 3, 1, 0, 0, 0, 1, 1, 3]|[1, 1, 1, 0, 1, 0, 1, 1, 1, 1, 0, 1, 2, 1, 1, 0, 1, 1, 1, 0];[15, 19, 18, 14, 1, 12, 11, 3, 10, 5, 9, 13, 6, 8, 17, 0, 2, 7, 4, 16]|[1, 0, 0, 0, 1, 2, 1, 1, 1, 2, 0, 0, 1, 2, 2, 2, 0, 0, 2, 1]|[1, 3, 3, 3, 1, 0, 0, 1, 0, 0, 3, 3, 1, 1, 1, 1, 3, 3, 0, 1]|[1, 0, 0, 2, 0, 0, 1, 1, 0, 1, 0, 0, 1, 0, 1, 1, 2, 0, 0, 1];[5, 2, 14, 3, 19, 17, 8, 11, 12, 16, 0, 15, 1, 6, 10, 9, 4, 7, 13, 18]|[0, 1, 2, 2, 2, 0, 0, 1, 2, 2, 1, 2, 0, 1, 2, 2, 1, 1, 1, 1]|[3, 0, 1, 0, 0, 3, 3, 0, 1, 0, 1, 1, 3, 0, 0, 1, 1, 1, 1, 1]|[0, 1, 0, 1, 1, 0, 0, 1, 1, 0, 0, 1, 0, 0, 1, 1, 1, 1, 1, 1];[12, 0, 19, 13, 3, 5, 11, 4, 8, 9, 10, 18, 1, 2, 14, 6, 15, 16, 17, 7]|[0, 1, 2, 1, 2, 2, 1, 1, 1, 1, 1, 1, 2, 0, 0, 0, 0, 2, 0, 0]|[3, 1, 1, 1, 0, 1, 1, 1, 1, 1, 1, 1, 1, 3, 3, 3, 3, 1, 3, 3]|[0, 1, 1, 1, 0, 0, 1, 1, 1, 1, 1, 1, 1, 0, 2, 0, 2, 1, 0, 0];[5, 16, 1, 14, 13, 2, 18, 9, 0, 7, 11, 12, 3, 10, 15, 6, 19, 4, 8, 17]|[0, 1, 0, 2, 1, 1, 2, 2, 1, 0, 1, 2, 2, 1, 0, 1, 2, 2, 2, 0]|[3, 1, 1, 0, 1, 0, 1, 0, 1, 0, 0, 1, 0, 0, 3, 1, 0, 1, 0, 0]|[0, 1, 0, 1, 0, 1, 0, 1, 0, 1, 1, 0, 1, 1, 1, 1, 0, 1, 1, 2];[5, 17, 9, 19, 7, 6, 4, 3, 11, 16, 10, 14, 0, 15, 13, 12, 1, 18, 2, 8]|[1, 2, 2, 0, 0, 2, 2, 2, 1, 1, 1, 2, 0, 0, 1, 1, 2, 0, 0, 0]|[1, 1, 1, 3, 3, 1, 1, 0, 1, 1, 1, 0, 3, 3, 1, 1, 0, 3, 3, 3]|[1, 1, 1, 0, 2, 1, 0, 1, 1, 1, 1, 1, 0, 0, 1, 1, 1, 0, 2, 0];[5, 2, 13, 14, 9, 18, 8, 6, 10, 1, 0, 16, 19, 15, 12, 11, 7, 17, 4, 3]|[0, 1, 1, 0, 2, 1, 2, 2, 1, 0, 0, 2, 0, 1, 0, 1, 1, 2, 1, 0]|[0, 1, 1, 3, 1, 0, 0, 1, 1, 0, 3, 1, 3, 1, 0, 0, 1, 1, 1, 0]|[1, 1, 1, 0, 1, 0, 0, 1, 1, 0, 1, 1, 2, 1, 1, 0, 1, 0, 1, 0];[12, 7, 15, 6, 3, 16, 18, 19, 2, 4, 11, 0, 9, 14, 10, 5, 8, 1, 13, 17]|[2, 0, 0, 0, 2, 2, 2, 2, 2, 1, 1, 2, 0, 0, 1, 1, 1, 1, 1, 0]|[1, 0, 3, 3, 1, 0, 1, 0, 0, 1, 1, 0, 3, 3, 1, 1, 1, 1, 1, 3]|[1, 1, 0, 2, 0, 1, 0, 1, 1, 1, 1, 0, 1, 0, 1, 1, 1, 1, 1, 2];[2, 12, 13, 15, 19, 0, 3, 5, 11, 14, 7, 10, 9, 8, 17, 4, 18, 1, 6, 16]|[0, 0, 0, 0, 2, 1, 0, 1, 2, 0, 0, 1, 0, 0, 2, 2, 0, 0, 2, 1]|[3, 1, 1, 3, 1, 1, 0, 1, 0, 0, 3, 1, 3, 0, 0, 1, 1, 1, 1, 1]|[2, 0, 1, 0, 1, 0, 0, 1, 1, 0, 0, 1, 2, 1, 1, 1, 0, 2, 0, 1];[2, 16, 11, 9, 6, 3, 5, 12, 14, 10, 7, 0, 1, 8, 17, 18, 19, 15, 13, 4]|[0, 1, 1, 2, 1, 2, 0, 1, 0, 2, 0, 0, 1, 2, 1, 1, 2, 2, 1, 0]|[3, 1, 1, 1, 1, 0, 3, 1, 3, 1, 3, 3, 1, 0, 1, 1, 1, 0, 1, 3]|[0, 1, 1, 1, 1, 0, 2, 1, 0, 1, 0, 1, 1, 0, 1, 1, 1, 0, 1, 0];[6, 2, 15, 19, 8, 9, 0, 1, 16, 12, 7, 14, 3, 17, 13, 5, 4, 18, 10, 11]|[1, 0, 0, 0, 0, 0, 1, 1, 2, 2, 1, 1, 2, 0, 1, 1, 2, 2, 2, 0]|[0, 3, 3, 3, 3, 3, 1, 1, 1, 1, 1, 1, 1, 3, 1, 1, 1, 0, 1, 3]|[0, 0, 0, 2, 0, 0, 1, 1, 1, 1, 1, 1, 1, 2, 1, 1, 1, 1, 0, 0];[2, 14, 12, 17, 15, 18, 10, 0, 13, 16, 8, 1, 9, 7, 3, 4, 19, 5, 11, 6]|[0, 2, 2, 2, 0, 1, 1, 1, 1, 0, 0, 2, 2, 2, 2, 2, 1, 1, 1, 0]|[3, 0, 1, 1, 0, 1, 1, 1, 1, 3, 3, 0, 1, 1, 0, 0, 1, 1, 1, 3]|[0, 0, 1, 1, 0, 1, 1, 1, 1, 2, 0, 1, 0, 1, 0, 1, 1, 1, 1, 0];[10, 4, 14, 16, 12, 11, 15, 5, 1, 18, 17, 8, 19, 0, 6, 9, 3, 2, 13, 7]|[1, 0, 2, 1, 1, 2, 1, 0, 2, 2, 1, 1, 2, 1, 0, 0, 0, 0, 0, 0]|[1, 3, 1, 0, 1, 1, 1, 3, 0, 0, 1, 1, 0, 1, 3, 3, 3, 3, 3, 3]|[1, 0, 0, 0, 1, 1, 1, 2, 1, 0, 1, 1, 0, 1, 0, 0, 2, 0, 0, 0];[10, 19, 8, 15, 11, 14, 17, 6, 3, 13, 12, 16, 1, 2, 9, 0, 18, 7, 5, 4]|[0, 0, 0, 0, 2, 1, 0, 1, 2, 0, 0, 2, 2, 0, 0, 1, 0, 0, 2, 1]|[0, 3, 3, 3, 1, 1, 3, 1, 1, 3, 2, 0, 0, 3, 3, 1, 3, 3, 0, 1]|[1, 2, 0, 2, 1, 0, 1, 0, 0, 2, 0, 1, 1, 0, 1, 0, 2, 0, 1, 1];[6, 13, 9, 1, 16, 7, 14, 12, 17, 18, 3, 5, 0, 2, 8, 15, 10, 11, 4, 19]|[1, 1, 0, 0, 2, 2, 1, 1, 2, 1, 1, 2, 1, 0, 0, 0, 2, 0, 1, 0]|[1, 1, 3, 3, 1, 0, 1, 1, 1, 1, 1, 0, 1, 3, 3, 3, 1, 3, 1, 3]|[1, 1, 0, 2, 1, 1, 1, 1, 1, 1, 1, 0, 1, 0, 1, 0, 1, 2, 1, 0];[2, 12, 13, 17, 5, 8, 19, 10, 7, 18, 6, 9, 0, 14, 3, 16, 11, 4, 1, 15]|[1, 1, 1, 1, 2, 2, 2, 0, 1, 0, 1, 1, 2, 1, 2, 0, 0, 0, 0, 0]|[0, 1, 1, 1, 1, 0, 1, 3, 1, 3, 1, 1, 1, 1, 1, 3, 3, 3, 3, 3]|[1, 1, 1, 1, 1, 1, 1, 0, 1, 0, 1, 1, 1, 1, 1, 2, 0, 0, 0, 0];[2, 5, 12, 4, 13, 6, 16, 3, 10, 8, 18, 19, 15, 11, 7, 17, 0, 9, 1, 14]|[2, 2, 0, 0, 0, 1, 1, 1, 0, 0, 1, 2, 0, 1, 1, 2, 1, 0, 0, 0]|[0, 0, 3, 3, 3, 1, 0, 1, 3, 3, 1, 1, 3, 1, 1, 1, 1, 3, 3, 3]|[0, 1, 0, 0, 2, 1, 1, 1, 0, 0, 0, 1, 2, 1, 1, 1, 1, 0, 2, 0];[6, 19, 16, 7, 0, 9, 5, 14, 10, 18, 11, 2, 12, 15, 13, 8, 3, 1, 4, 17]|[0, 2, 2, 0, 1, 2, 1, 0, 1, 1, 2, 0, 0, 0, 0, 0, 0, 0, 2, 1]|[3, 0, 0, 3, 1, 1, 1, 3, 1, 1, 1, 3, 3, 3, 3, 3, 3, 3, 1, 1]|[0, 1, 1, 2, 0, 1, 0, 0, 1, 0, 0, 2, 0, 2, 0, 2, 0, 0, 1, 1];[19, 18, 7, 12, 14, 2, 5, 17, 15, 0, 4, 11, 13, 1, 9, 8, 10, 3, 6, 16]|[2, 1, 0, 0, 0, 0, 1, 2, 0, 0, 2, 2, 0, 1, 1, 0, 0, 0, 2, 1]|[1, 1, 3, 3, 3, 3, 1, 1, 3, 3, 0, 0, 3, 1, 1, 3, 3, 3, 0, 1]|[1, 0, 0, 0, 2, 0, 1, 1, 2, 0, 1, 1, 2, 1, 1, 0, 0, 0, 1, 1];[2, 5, 13, 14, 0, 16, 18, 19, 15, 9, 6, 12, 1, 3, 17, 8, 7, 11, 10, 4]|[0, 2, 1, 0, 1, 2, 2, 1, 2, 1, 1, 2, 0, 2, 2, 0, 0, 1, 2, 0]|[3, 1, 1, 3, 1, 0, 1, 0, 0, 0, 1, 1, 2, 0, 1, 1, 3, 0, 0, 3]|[0, 1, 1, 1, 0, 0, 0, 1, 1, 1, 1, 1, 0, 0, 1, 0, 1, 1, 1, 2];[2, 5, 4, 14, 9, 0, 19, 12, 17, 1, 3, 16, 8, 15, 11, 13, 10, 7, 18, 6]|[0, 1, 1, 2, 2, 1, 2, 2, 1, 0, 0, 2, 0, 2, 1, 1, 0, 2, 1, 0]|[3, 1, 1, 1, 1, 1, 0, 1, 0, 0, 0, 0, 1, 1, 1, 1, 1, 1, 1, 3]|[1, 1, 1, 1, 1, 0, 0, 1, 1, 0, 0, 0, 0, 1, 1, 1, 0, 1, 1, 2];[5, 14, 15, 1, 19, 2, 3, 0, 9, 4, 13, 10, 12, 18, 11, 16, 8, 7, 6, 17]|[0, 2, 2, 0, 2, 1, 0, 0, 2, 1, 1, 1, 1, 1, 1, 2, 0, 2, 2, 0]|[3, 1, 0, 1, 0, 1, 0, 1, 0, 1, 1, 1, 1, 1, 1, 0, 0, 0, 1, 3]|[1, 0, 1, 0, 1, 1, 1, 2, 1, 1, 1, 1, 1, 1, 1, 0, 0, 0, 1, 2];[19, 1, 11, 8, 16, 13, 10, 6, 18, 5, 14, 17, 3, 12, 9, 0, 4, 7, 2, 15]|[2, 2, 2, 1, 1, 2, 2, 1, 1, 1, 1, 2, 0, 2, 0, 0, 0, 0, 0, 0]|[1, 0, 0, 1, 1, 1, 0, 1, 1, 0, 1, 0, 3, 1, 3, 3, 3, 3, 3, 3]|[1, 0, 1, 1, 1, 1, 0, 1, 1, 0, 1, 1, 0, 1, 2, 0, 2, 0, 0, 0];[15, 2, 13, 14, 9, 0, 3, 12, 11, 5, 7, 16, 1, 18, 19, 6, 4, 17, 10, 8]|[0, 1, 1, 0, 2, 1, 2, 2, 1, 0, 0, 2, 2, 1, 0, 1, 2, 2, 2, 0]|[3, 1, 0, 3, 0, 1, 1, 1, 1, 0, 0, 0, 0, 0, 0, 0, 1, 0, 1, 3]|[2, 1, 1, 2, 1, 0, 1, 1, 1, 0, 0, 0, 0, 1, 1, 1, 1, 0, 0, 0];[6, 2, 19, 0, 9, 1, 13, 18, 5, 16, 15, 4, 14, 7, 3, 10, 8, 17, 12, 11]|[0, 1, 2, 1, 2, 0, 1, 0, 0, 2, 1, 0, 2, 2, 2, 2, 2, 1, 1, 1]|[3, 1, 0, 1, 1, 2, 0, 0, 1, 1, 0, 3, 0, 1, 1, 0, 1, 1, 0, 1]|[2, 1, 0, 0, 1, 0, 1, 0, 1, 1, 1, 0, 0, 1, 1, 0, 1, 1, 1, 1];[2, 12, 13, 8, 5, 15, 18, 19, 17, 1, 11, 3, 6, 10, 0, 14, 7, 9, 16, 4]|[0, 1, 1, 2, 2, 2, 1, 2, 1, 0, 0, 2, 0, 1, 0, 1, 1, 2, 1, 0]|[3, 1, 1, 0, 0, 1, 1, 1, 1, 0, 3, 0, 3, 1, 0, 1, 1, 1, 1, 3]|[0, 1, 1, 0, 1, 1, 1, 0, 1, 2, 0, 1, 2, 1, 1, 1, 1, 1, 1, 0];[17, 12, 9, 18, 0, 13, 8, 3, 6, 14, 11, 10, 7, 15, 19, 4, 2, 1, 5, 16]|[0, 0, 0, 0, 1, 0, 0, 2, 1, 1, 2, 0, 0, 0, 0, 2, 2, 0, 2, 1]|[0, 3, 3, 3, 1, 0, 0, 1, 1, 1, 1, 3, 3, 3, 3, 0, 0, 2, 0, 1]|[0, 2, 2, 0, 1, 1, 0, 1, 1, 0, 1, 2, 1, 2, 0, 1, 1, 1, 0, 1];[5, 13, 14, 4, 0, 11, 10, 7, 1, 3, 16, 19, 6, 12, 15, 9, 2, 17, 8, 18]|[0, 2, 0, 1, 1, 2, 2, 1, 0, 0, 2, 2, 0, 2, 1, 1, 2, 1, 1, 0]|[3, 0, 2, 1, 1, 1, 1, 0, 0, 1, 0, 0, 1, 1, 0, 0, 1, 1, 1, 0]|[1, 1, 1, 1, 0, 1, 1, 1, 2, 0, 0, 0, 0, 1, 1, 1, 1, 1, 1, 0];[10, 12, 1, 15, 5, 6, 13, 8, 17, 11, 18, 19, 14, 16, 7, 2, 3, 9, 4, 0]|[0, 0, 0, 0, 2, 1, 0, 0, 1, 2, 0, 0, 0, 1, 0, 2, 2, 0, 2, 1]|[3, 3, 3, 3, 1, 1, 3, 3, 1, 1, 3, 0, 0, 1, 3, 0, 0, 3, 1, 1]|[0, 2, 0, 2, 0, 0, 0, 2, 0, 1, 0, 1, 1, 0, 2, 1, 1, 0, 0, 1];[2, 5, 13, 14, 9, 15, 7, 6, 3, 8, 17, 0, 19, 1, 12, 11, 10, 18, 4, 16]|[0, 0, 0, 0, 0, 1, 0, 1, 1, 2, 0, 2, 0, 1, 2, 1, 1, 2, 2, 1]|[3, 0, 0, 3, 3, 1, 0, 1, 1, 1, 0, 1, 1, 1, 0, 0, 0, 1, 0, 1]|[2, 0, 1, 2, 2, 0, 0, 1, 1, 0, 0, 1, 1, 0, 0, 1, 0, 1, 0, 1];[5, 15, 11, 8, 10, 3, 17, 7, 9, 0, 4, 18, 13, 1, 6, 12, 14, 16, 19, 2]|[1, 2, 0, 2, 2, 2, 1, 2, 2, 1, 2, 1, 1, 1, 1, 0, 0, 0, 0, 0]|[0, 0, 3, 0, 1, 0, 1, 0, 1, 1, 0, 1, 1, 1, 1, 3, 3, 3, 3, 3]|[0, 1, 0, 0, 1, 1, 1, 0, 1, 1, 0, 1, 1, 1, 1, 0, 0, 2, 0, 0];[2, 12, 13, 15, 14, 0, 18, 7, 10, 3, 9, 16, 8, 17, 5, 1, 19, 6, 11, 4]|[0, 1, 1, 0, 0, 1, 2, 2, 0, 1, 1, 2, 0, 2, 0, 1, 2, 2, 1, 1]|[3, 1, 1, 3, 3, 1, 1, 1, 3, 1, 1, 1, 3, 0, 3, 1, 0, 0, 1, 1]|[1, 1, 1, 1, 0, 1, 1, 0, 0, 1, 1, 1, 2, 1, 0, 1, 0, 1, 1, 1];[10, 19, 8, 15, 11, 17, 13, 6, 5, 7, 14, 16, 9, 18, 2, 3, 1, 12, 4, 0]|[0, 0, 0, 0, 2, 1, 0, 1, 2, 0, 0, 1, 0, 0, 2, 2, 0, 0, 2, 1]|[3, 0, 0, 3, 1, 1, 1, 1, 1, 3, 0, 1, 1, 2, 0, 0, 3, 1, 1, 1]|[2, 0, 0, 2, 1, 0, 0, 0, 0, 2, 1, 0, 1, 0, 1, 1, 0, 2, 0, 1];[4, 11, 16, 5, 8, 18, 17, 19, 1, 7, 9, 0, 13, 2, 12, 14, 6, 3, 15, 10]|[2, 2, 1, 0, 0, 2, 1, 1, 0, 0, 2, 1, 0, 0, 0, 0, 0, 0, 2, 1]|[0, 1, 1, 3, 3, 1, 1, 1, 3, 3, 1, 1, 3, 3, 3, 3, 3, 3, 1, 0]|[1, 1, 0, 0, 2, 1, 1, 1, 0, 0, 1, 0, 2, 0, 0, 2, 0, 0, 0, 1];[6, 15, 13, 3, 19, 4, 2, 5, 7, 11, 12, 9, 0, 14, 18, 17, 8, 1, 10, 16]|[1, 0, 0, 0, 2, 2, 0, 0, 1, 2, 1, 2, 1, 0, 0, 0, 0, 0, 2, 1]|[1, 3, 3, 3, 0, 1, 3, 3, 1, 1, 1, 1, 1, 3, 3, 3, 3, 3, 0, 1]|[0, 0, 0, 2, 1, 1, 0, 2, 1, 1, 1, 1, 0, 0, 0, 0, 2, 0, 0, 1];[2, 19, 5, 14, 9, 8, 3, 15, 11, 10, 18, 17, 6, 7, 0, 1, 12, 13, 4, 16]|[0, 1, 1, 2, 2, 1, 0, 2, 0, 2, 0, 1, 2, 1, 1, 1, 1, 1, 1, 0]|[3, 1, 1, 0, 1, 1, 0, 0, 3, 1, 3, 1, 0, 1, 1, 1, 1, 1, 1, 3]|[0, 1, 1, 0, 1, 1, 1, 1, 0, 1, 2, 1, 1, 1, 1, 1, 1, 1, 1, 0];[16, 6, 10, 1, 0, 9, 7, 3, 12, 15, 13, 5, 17, 18, 2, 14, 11, 19, 8, 4]|[0, 1, 2, 1, 1, 2, 1, 2, 2, 0, 2, 0, 0, 0, 0, 0, 0, 0, 0, 1]|[3, 1, 1, 1, 1, 1, 1, 0, 0, 3, 0, 3, 3, 3, 3, 3, 3, 3, 3, 1]|[0, 1, 1, 1, 0, 1, 1, 0, 1, 2, 0, 0, 0, 2, 0, 0, 2, 0, 0, 1];[2, 13, 14, 16, 15, 1, 19, 3, 4, 8, 7, 10, 9, 5, 6, 17, 11, 0, 18, 12]|[0, 0, 0, 2, 0, 0, 2, 2, 0, 2, 2, 2, 2, 1, 1, 1, 1, 1, 1, 1]|[3, 3, 0, 0, 0, 0, 1, 1, 2, 0, 0, 0, 1, 1, 1, 1, 1, 1, 1, 1]|[0, 1, 0, 0, 0, 1, 1, 0, 2, 1, 1, 1, 1, 1, 1, 1, 1, 1, 1, 1];[2, 5, 1, 10, 14, 3, 6, 12, 9, 18, 15, 7, 13, 19, 16, 4, 11, 0, 17, 8]|[0, 1, 1, 1, 0, 0, 2, 2, 2, 0, 2, 0, 0, 2, 2, 1, 1, 1, 1, 0]|[0, 1, 1, 1, 3, 3, 0, 1, 1, 2, 1, 0, 3, 1, 1, 1, 1, 1, 1, 3]|[1, 1, 1, 1, 0, 0, 1, 1, 1, 2, 1, 1, 2, 1, 1, 1, 1, 1, 1, 0];[2, 12, 13, 19, 17, 1, 7, 10, 3, 0, 9, 15, 6, 14, 18, 11, 8, 5, 16, 4]|[0, 1, 1, 2, 1, 0, 0, 2, 2, 1, 2, 2, 0, 0, 2, 1, 1, 2, 1, 0]|[3, 1, 1, 1, 0, 0, 1, 1, 1, 1, 1, 0, 2, 3, 0, 1, 1, 0, 1, 3]|[0, 1, 1, 1, 1, 1, 0, 0, 1, 0, 1, 1, 2, 2, 0, 1, 1, 1, 1, 0];[17, 6, 8, 9, 5, 13, 14, 4, 7, 3, 15, 11, 19, 18, 12, 2, 1, 0, 10, 16]|[0, 1, 1, 1, 1, 2, 2, 2, 0, 0, 1, 2, 2, 0, 0, 0, 0, 0, 2, 1]|[3, 1, 0, 1, 0, 1, 1, 1, 3, 3, 1, 0, 0, 3, 3, 3, 3, 3, 1, 1]|[0, 1, 1, 0, 1, 1, 1, 1, 0, 2, 0, 1, 1, 0, 0, 2, 0, 0, 1, 0];[2, 12, 13, 9, 11, 14, 8, 15, 18, 19, 1, 0, 10, 3, 17, 7, 5, 4, 16, 6]|[0, 1, 1, 2, 1, 0, 0, 2, 1, 2, 2, 0, 2, 2, 2, 1, 1, 2, 1, 0]|[3, 1, 1, 1, 0, 0, 1, 1, 1, 0, 0, 2, 0, 0, 0, 1, 1, 0, 1, 3]|[0, 1, 1, 1, 1, 0, 0, 1, 0, 0, 1, 2, 1, 1, 1, 1, 1, 1, 1, 2];[2, 12, 13, 19, 1, 17, 8, 10, 16, 14, 7, 4, 6, 15, 11, 9, 18, 5, 0, 3]|[0, 0, 1, 0, 0, 1, 2, 2, 1, 1, 2, 1, 0, 2, 2, 2, 1, 2, 1, 0]|[3, 3, 1, 3, 0, 1, 1, 0, 1, 1, 0, 1, 3, 1, 0, 1, 1, 0, 1, 3]|[1, 1, 1, 0, 2, 0, 1, 1, 1, 1, 1, 1, 2, 0, 0, 1, 0, 1, 1, 0];[10, 19, 8, 15, 11, 14, 6, 3, 13, 0, 18, 7, 1, 9, 12, 4, 17, 2, 5, 16]|[0, 0, 0, 0, 2, 1, 1, 2, 0, 0, 1, 0, 0, 0, 2, 2, 0, 0, 2, 1]|[3, 0, 0, 3, 1, 1, 1, 1, 3, 3, 1, 3, 2, 3, 0, 0, 3, 3, 1, 1]|[2, 1, 0, 2, 1, 0, 0, 0, 2, 1, 0, 0, 0, 2, 0, 1, 1, 0, 0, 1];[10, 19, 8, 11, 14, 5, 17, 7, 13, 1, 3, 16, 15, 4, 12, 9, 6, 0, 18, 2]|[0, 0, 0, 2, 1, 1, 2, 0, 0, 0, 0, 1, 0, 2, 2, 0, 0, 0, 2, 1]|[0, 2, 0, 1, 1, 1, 1, 3, 3, 3, 0, 1, 3, 0, 1, 3, 3, 3, 1, 0]|[1, 2, 0, 1, 0, 1, 0, 0, 2, 0, 1, 0, 2, 1, 1, 1, 2, 0, 0, 1];[12, 11, 5, 3, 0, 19, 10, 13, 14, 2, 16, 1, 18, 4, 6, 17, 8, 9, 15, 7]|[1, 1, 2, 2, 1, 2, 0, 1, 2, 0, 0, 1, 1, 2, 1, 1, 0, 0, 0, 0]|[1, 1, 1, 0, 1, 1, 3, 1, 0, 3, 3, 0, 1, 0, 1, 1, 3, 3, 3, 3]|[1, 1, 1, 1, 0, 1, 0, 1, 1, 0, 2, 1, 1, 1, 1, 1, 0, 0, 0, 0];[2, 13, 14, 4, 5, 15, 7, 8, 16, 10, 12, 3, 11, 0, 6, 1, 17, 18, 9, 19]|[0, 2, 0, 1, 1, 1, 0, 0, 2, 0, 2, 2, 1, 1, 1, 1, 2, 2, 1, 0]|[3, 1, 3, 1, 1, 1, 0, 3, 1, 3, 1, 0, 1, 1, 1, 1, 1, 1, 1, 0]|[0, 1, 0, 1, 1, 1, 0, 1, 1, 2, 1, 0, 1, 1, 1, 1, 0, 1, 1, 0];[2, 5, 13, 14, 9, 0, 3, 12, 11, 7, 8, 10, 18, 1, 16, 19, 6, 15, 4, 17]|[0, 0, 0, 0, 2, 1, 0, 1, 2, 0, 0, 1, 0, 0, 2, 2, 0, 0, 2, 1]|[3, 0, 0, 3, 1, 1, 0, 1, 1, 3, 0, 1, 1, 2, 0, 0, 0, 1, 1, 1]|[2, 0, 1, 2, 1, 0, 0, 0, 0, 2, 0, 1, 1, 0, 1, 1, 0, 2, 1, 1];[10, 19, 8, 15, 11, 14, 7, 6, 3, 13, 2, 5, 0, 1, 12, 9, 17, 18, 4, 16]|[0, 0, 0, 0, 2, 1, 0, 1, 2, 0, 0, 1, 0, 0, 2, 2, 0, 0, 2, 1]|[3, 0, 0, 3, 1, 1, 0, 1, 1, 3, 3, 1, 1, 2, 0, 0, 0, 1, 1, 1]|[2, 0, 1, 2, 1, 0, 0, 0, 0, 2, 1, 0, 1, 0, 1, 1, 0, 2, 0, 1];[10, 19, 8, 15, 11, 14, 7, 5, 17, 13, 3, 16, 9, 0, 4, 12, 1, 6, 18, 2]|[0, 0, 0, 0, 2, 1, 0, 1, 2, 0, 0, 1, 0, 0, 2, 2, 0, 0, 2, 1]|[3, 0, 0, 3, 1, 1, 1, 1, 1, 3, 0, 1, 3, 1, 0, 1, 3, 1, 1, 0]|[2, 0, 0, 2, 1, 0, 0, 1, 0, 2, 1, 0, 1, 0, 1, 1, 0, 2, 0, 1];[2, 5, 13, 14, 9, 0, 8, 1, 10, 15, 17, 6, 11, 7, 3, 12, 19, 18, 16, 4]|[0, 0, 0, 0, 2, 1, 0, 1, 2, 0, 0, 1, 0, 1, 0, 2, 0, 0, 2, 1]|[3, 0, 0, 3, 1, 1, 0, 1, 1, 3, 3, 1, 3, 1, 3, 0, 3, 1, 1, 1]|[2, 0, 0, 2, 1, 0, 0, 1, 1, 1, 0, 1, 2, 1, 0, 1, 0, 2, 0, 1];[5, 3, 4, 7, 2, 10, 0, 17, 19, 6, 11, 14, 15, 12, 1, 18, 13, 8, 16, 9]|[0, 2, 2, 0, 0, 2, 0, 2, 1, 1, 1, 2, 0, 1, 1, 1, 1, 1, 2, 0]|[3, 0, 1, 0, 0, 1, 3, 0, 1, 1, 1, 0, 1, 1, 1, 1, 1, 1, 1, 1]|[0, 1, 0, 0, 0, 1, 2, 1, 1, 1, 1, 1, 0, 1, 1, 1, 1, 1, 0, 0];[16, 10, 0, 18, 3, 14, 9, 1, 6, 2, 8, 17, 5, 19, 15, 13, 12, 11, 7, 4]|[1, 1, 0, 1, 0, 2, 0, 0, 1, 2, 2, 1, 1, 2, 2, 0, 1, 2, 1, 0]|[1, 1, 3, 1, 1, 0, 0, 0, 0, 1, 0, 1, 1, 1, 0, 2, 1, 0, 1, 3]|[1, 1, 2, 0, 0, 0, 0, 1, 1, 1, 0, 1, 1, 0, 1, 0, 1, 1, 1, 0];[2, 5, 13, 14, 10, 0, 16, 12, 11, 7, 8, 3, 1, 15, 9, 6, 17, 19, 18, 4]|[0, 1, 1, 0, 2, 1, 2, 2, 1, 0, 0, 2, 0, 2, 1, 1, 2, 2, 2, 0]|[3, 0, 1, 3, 1, 1, 0, 1, 0, 3, 1, 0, 2, 0, 0, 1, 1, 0, 1, 3]|[0, 1, 1, 1, 1, 0, 0, 1, 1, 1, 0, 0, 0, 1, 1, 1, 1, 1, 0, 2];[2, 12, 13, 15, 19, 18, 8, 5, 17, 1, 11, 3, 6, 10, 0, 14, 7, 9, 16, 4]|[0, 1, 1, 2, 2, 1, 2, 2, 1, 0, 0, 2, 0, 1, 0, 1, 1, 2, 1, 0]|[3, 1, 1, 1, 1, 1, 0, 1, 0, 0, 3, 0, 3, 1, 0, 1, 1, 1, 1, 3]|[1, 1, 1, 0, 0, 0, 1, 1, 1, 0, 0, 1, 2, 1, 1, 1, 1, 1, 1, 0];[9, 2, 5, 3, 0, 8, 1, 10, 14, 16, 12, 18, 19, 15, 4, 7, 11, 17, 13, 6]|[0, 1, 0, 2, 1, 2, 2, 1, 0, 0, 2, 0, 2, 1, 1, 2, 1, 1, 1, 2]|[0, 0, 3, 1, 1, 0, 1, 0, 3, 1, 0, 2, 0, 1, 1, 0, 0, 1, 1, 1]|[2, 1, 1, 0, 0, 0, 1, 1, 1, 0, 1, 0, 1, 1, 1, 1, 0, 1, 1, 0];[10, 19, 8, 15, 11, 14, 7, 6, 3, 13, 17, 18, 0, 1, 12, 4, 2, 9, 5, 16]|[0, 0, 0, 0, 2, 1, 0, 1, 2, 0, 0, 1, 0, 0, 2, 2, 0, 0, 2, 1]|[3, 0, 0, 3, 1, 1, 1, 1, 1, 3, 3, 1, 3, 2, 0, 0, 3, 1, 1, 1]|[2, 0, 0, 2, 1, 0, 0, 0, 0, 2, 1, 0, 1, 0, 0, 1, 0, 2, 0, 1];[10, 19, 8, 18, 4, 12, 17, 1, 16, 0, 13, 6, 14, 11, 15, 5, 3, 7, 2, 9]|[0, 0, 0, 0, 2, 2, 0, 0, 1, 0, 2, 1, 1, 2, 0, 0, 0, 0, 2, 1]|[0, 2, 0, 3, 0, 0, 1, 2, 1, 3, 1, 1, 1, 1, 3, 3, 3, 3, 1, 1]|[1, 2, 0, 2, 1, 0, 0, 1, 0, 1, 0, 0, 0, 1, 2, 0, 2, 0, 0, 1];[10, 19, 8, 11, 14, 6, 3, 13, 15, 2, 5, 0, 1, 12, 9, 17, 18, 7, 4, 16]|[0, 0, 0, 2, 1, 1, 2, 0, 0, 0, 1, 0, 2, 0, 2, 0, 0, 0, 2, 1]|[3, 0, 0, 1, 1, 1, 1, 3, 3, 3, 1, 3, 1, 0, 0, 0, 3, 0, 1, 1]|[0, 1, 0, 1, 0, 0, 0, 2, 2, 1, 0, 1, 0, 2, 1, 0, 2, 0, 0, 1];[17, 15, 12, 3, 16, 0, 11, 10, 5, 2, 18, 6, 19, 7, 9, 13, 8, 14, 4, 1]|[1, 0, 1, 0, 1, 0, 0, 1, 2, 0, 1, 0, 2, 1, 0, 2, 0, 2, 0, 2]|[1, 1, 1, 2, 1, 3, 2, 0, 0, 0, 1, 3, 1, 1, 1, 1, 2, 1, 3, 0]|[1, 1, 0, 0, 1, 0, 1, 0, 0, 0, 1, 2, 1, 1, 0, 0, 0, 0, 2, 1];[17, 15, 12, 3, 16, 0, 11, 10, 5, 2, 18, 6, 19, 7, 9, 13, 8, 14, 4, 1]|[1, 0, 1, 0, 1, 0, 0, 1, 2, 0, 1, 0, 2, 1, 0, 2, 0, 2, 0, 2]|[1, 1, 1, 2, 1, 3, 2, 0, 0, 0, 1, 3, 1, 1, 1, 1, 2, 1, 3, 0]|[1, 1, 0, 0, 1, 0, 1, 0, 0, 0, 1, 2, 1, 1, 0, 0, 0, 0, 2, 1];[17, 15, 12, 3, 16, 0, 11, 10, 5, 2, 18, 6, 19, 7, 9, 13, 8, 14, 4, 1]|[1, 0, 1, 0, 1, 0, 0, 1, 2, 0, 1, 0, 2, 1, 0, 2, 0, 2, 0, 2]|[1, 1, 1, 2, 1, 3, 2, 0, 0, 0, 1, 3, 1, 1, 1, 1, 2, 1, 3, 0]|[1, 1, 0, 0, 1, 0, 1, 0, 0, 0, 1, 2, 1, 1, 0, 0, 0, 0, 2, 1];[2, 12, 13, 15, 19, 0, 3, 5, 11, 14, 7, 16, 17, 1, 18, 10, 8, 4, 9, 6]|[0, 0, 1, 2, 2, 1, 2, 2, 1, 0, 0, 2, 0, 2, 1, 1, 1, 1, 1, 0]|[3, 1, 1, 1, 1, 1, 0, 1, 0, 0, 3, 1, 3, 1, 1, 1, 1, 1, 1, 3]|[0, 1, 1, 1, 1, 0, 0, 0, 0, 2, 1, 1, 1, 1, 1, 1, 1, 1, 1, 0];[10, 2, 13, 14, 9, 3, 1, 18, 6, 12, 5, 4, 16, 7, 19, 11, 17, 0, 8, 15]|[0, 0, 1, 1, 2, 2, 0, 0, 2, 2, 0, 1, 1, 2, 2, 1, 2, 2, 1, 0]|[3, 1, 1, 0, 1, 1, 0, 0, 1, 1, 3, 1, 1, 0, 1, 1, 0, 1, 1, 3]|[0, 1, 1, 0, 1, 0, 2, 0, 1, 1, 0, 1, 1, 1, 0, 1, 1, 1, 1, 0];[10, 19, 8, 15, 11, 14, 7, 6, 13, 3, 1, 16, 0, 17, 12, 4, 5, 18, 2, 9]|[0, 0, 0, 0, 2, 1, 0, 1, 2, 0, 0, 1, 0, 0, 2, 2, 0, 0, 2, 1]|[3, 0, 0, 3, 1, 1, 1, 1, 1, 3, 3, 1, 3, 1, 0, 0, 3, 1, 1, 1]|[2, 0, 0, 2, 1, 0, 0, 0, 0, 2, 1, 0, 1, 0, 0, 1, 0, 2, 0, 1];[5, 17, 16, 12, 3, 19, 10, 7, 15, 9, 14, 4, 2, 13, 11, 18, 1, 0, 8, 6]|[0, 2, 1, 2, 0, 0, 2, 0, 2, 2, 2, 2, 1, 1, 1, 1, 1, 1, 1, 0]|[3, 0, 1, 1, 0, 3, 1, 0, 0, 0, 1, 0, 1, 1, 1, 1, 1, 1, 1, 3]|[0, 1, 1, 1, 1, 2, 1, 0, 1, 1, 0, 1, 1, 1, 1, 1, 1, 1, 1, 0];[5, 18, 1, 7, 6, 10, 8, 16, 19, 2, 14, 9, 13, 17, 15, 0, 3, 12, 11, 4]|[0, 2, 2, 0, 0, 2, 0, 1, 2, 1, 2, 2, 1, 1, 1, 1, 2, 2, 1, 0]|[1, 0, 1, 0, 3, 1, 3, 1, 1, 1, 0, 1, 1, 1, 1, 1, 0, 1, 0, 3]|[0, 1, 1, 1, 2, 0, 0, 1, 1, 1, 1, 0, 1, 1, 1, 0, 0, 1, 1, 0];[2, 19, 15, 9, 8, 3, 5, 13, 14, 7, 10, 6, 17, 18, 12, 1, 0, 16, 11, 4]|[0, 1, 2, 2, 1, 2, 2, 1, 0, 0, 2, 0, 1, 0, 1, 1, 1, 1, 1, 0]|[3, 1, 0, 1, 1, 0, 1, 1, 0, 3, 1, 3, 1, 0, 1, 1, 1, 1, 1, 3]|[1, 1, 0, 1, 1, 1, 1, 1, 0, 0, 1, 2, 1, 1, 1, 1, 1, 1, 1, 0];[15, 17, 3, 12, 0, 2, 19, 1, 16, 18, 5, 14, 7, 4, 11, 13, 6, 9, 10, 8]|[1, 1, 2, 2, 1, 0, 0, 1, 0, 2, 1, 0, 0, 0, 1, 1, 1, 2, 2, 0]|[0, 1, 0, 1, 1, 3, 3, 1, 3, 1, 0, 3, 3, 3, 1, 1, 1, 1, 0, 3]|[0, 1, 0, 1, 1, 2, 0, 1, 2, 1, 0, 0, 0, 1, 1, 1, 1, 1, 0, 0];[3, 2, 11, 19, 18, 7, 12, 17, 0, 6, 8, 15, 4, 5, 1, 9, 13, 14, 16, 10]|[0, 0, 1, 2, 2, 1, 0, 0, 0, 2, 0, 0, 1, 0, 1, 1, 1, 2, 0, 2]|[2, 2, 0, 1, 1, 0, 0, 1, 0, 1, 2, 3, 1, 3, 0, 1, 1, 1, 2, 1]|[0, 2, 0, 1, 0, 1, 1, 0, 1, 0, 2, 0, 0, 1, 0, 1, 1, 0, 2, 1];[3, 2, 11, 19, 18, 7, 12, 17, 0, 6, 8, 15, 4, 5, 1, 9, 13, 14, 16, 10]|[0, 0, 1, 2, 2, 1, 0, 0, 0, 2, 0, 0, 1, 0, 1, 1, 1, 2, 0, 2]|[2, 2, 0, 1, 1, 0, 0, 1, 0, 1, 2, 3, 1, 3, 0, 1, 1, 1, 2, 1]|[0, 2, 0, 1, 0, 1, 1, 0, 1, 0, 2, 0, 0, 1, 0, 1, 1, 0, 2, 1];[2, 5, 13, 14, 9, 0, 3, 10, 11, 8, 12, 15, 16, 1, 7, 17, 6, 4, 18, 19]|[0, 1, 1, 0, 2, 1, 2, 2, 1, 2, 0, 2, 0, 1, 2, 1, 1, 2, 1, 0]|[3, 1, 0, 3, 1, 1, 0, 1, 1, 0, 3, 0, 2, 0, 0, 1, 1, 0, 1, 3]|[0, 1, 1, 0, 1, 0, 1, 1, 1, 0, 0, 1, 1, 0, 0, 1, 0, 0, 1, 0];[2, 10, 8, 4, 14, 9, 15, 3, 7, 13, 19, 6, 17, 16, 11, 1, 0, 5, 12, 18]|[0, 1, 1, 0, 2, 0, 2, 1, 1, 1, 1, 0, 0, 2, 2, 1, 1, 2, 1, 0]|[3, 0, 0, 1, 0, 2, 1, 0, 0, 1, 1, 3, 2, 0, 1, 0, 1, 0, 1, 3]|[1, 1, 1, 0, 0, 1, 1, 1, 1, 0, 0, 1, 2, 1, 0, 1, 1, 1, 1, 0];[2, 10, 8, 4, 14, 9, 15, 3, 7, 13, 19, 6, 17, 16, 11, 1, 0, 5, 12, 18]|[0, 1, 1, 0, 2, 0, 2, 1, 1, 1, 1, 0, 0, 2, 2, 1, 1, 2, 1, 0]|[3, 0, 0, 1, 0, 2, 1, 0, 0, 1, 1, 3, 2, 0, 1, 0, 1, 0, 1, 3]|[1, 1, 1, 0, 0, 1, 1, 1, 1, 0, 0, 1, 2, 1, 0, 1, 1, 1, 1, 0];[2, 10, 8, 4, 14, 9, 15, 3, 7, 13, 19, 6, 17, 16, 11, 1, 0, 5, 12, 18]|[0, 1, 1, 0, 2, 0, 2, 1, 1, 1, 1, 0, 0, 2, 2, 1, 1, 2, 1, 0]|[3, 0, 0, 1, 0, 2, 1, 0, 0, 1, 1, 3, 2, 0, 1, 0, 1, 0, 1, 3]|[1, 1, 1, 0, 0, 1, 1, 1, 1, 0, 0, 1, 2, 1, 0, 1, 1, 1, 1, 0];[2, 10, 8, 4, 14, 9, 15, 3, 7, 13, 19, 6, 17, 16, 11, 1, 0, 5, 12, 18]|[0, 1, 1, 0, 2, 0, 2, 1, 1, 1, 1, 0, 0, 2, 2, 1, 1, 2, 1, 0]|[3, 0, 0, 1, 0, 2, 1, 0, 0, 1, 1, 3, 2, 0, 1, 0, 1, 0, 1, 3]|[1, 1, 1, 0, 0, 1, 1, 1, 1, 0, 0, 1, 2, 1, 0, 1, 1, 1, 1, 0];[5, 2, 13, 14, 9, 18, 8, 19, 17, 12, 3, 4, 7, 6, 15, 11, 16, 1, 10, 0]|[0, 1, 1, 2, 2, 0, 2, 2, 1, 0, 0, 2, 0, 1, 0, 1, 1, 2, 1, 0]|[3, 1, 1, 0, 1, 1, 0, 1, 1, 0, 3, 0, 3, 1, 0, 1, 1, 1, 1, 3]|[0, 1, 1, 1, 1, 0, 0, 1, 1, 0, 0, 0, 2, 1, 1, 1, 1, 1, 1, 0];[2, 12, 13, 15, 19, 18, 8, 5, 17, 1, 11, 3, 16, 7, 4, 6, 9, 0, 14, 10]|[0, 1, 1, 0, 2, 1, 2, 2, 1, 0, 0, 2, 0, 1, 0, 1, 1, 2, 1, 0]|[3, 1, 1, 1, 1, 1, 0, 1, 1, 0, 3, 1, 3, 1, 0, 1, 1, 1, 1, 3]|[0, 1, 1, 0, 1, 0, 1, 1, 1, 1, 0, 1, 2, 1, 1, 1, 1, 1, 1, 0];[19, 13, 18, 2, 3, 1, 10, 16, 7, 8, 12, 11, 14, 17, 6, 5, 15, 9, 4, 0]|[0, 0, 0, 2, 2, 0, 0, 1, 0, 0, 0, 2, 1, 0, 1, 2, 0, 0, 2, 1]|[0, 3, 2, 0, 0, 2, 3, 1, 3, 0, 0, 1, 1, 3, 1, 1, 3, 3, 1, 1]|[1, 2, 0, 1, 1, 0, 2, 0, 0, 2, 2, 1, 0, 1, 0, 0, 0, 2, 0, 1];[10, 19, 8, 15, 11, 14, 18, 6, 3, 13, 17, 0, 9, 1, 2, 4, 7, 12, 5, 16]|[0, 0, 0, 0, 2, 1, 0, 1, 2, 0, 0, 1, 0, 0, 2, 2, 0, 0, 2, 1]|[3, 0, 0, 3, 1, 1, 1, 1, 1, 3, 0, 1, 1, 2, 0, 0, 3, 1, 0, 1]|[2, 0, 0, 2, 1, 0, 0, 1, 1, 1, 1, 1, 2, 1, 1, 1, 0, 2, 0, 1];[2, 10, 17, 13, 8, 18, 12, 16, 14, 11, 19, 9, 3, 1, 5, 7, 15, 0, 6, 4]|[2, 1, 1, 1, 0, 0, 2, 0, 0, 2, 2, 2, 2, 2, 1, 1, 1, 1, 1, 0]|[0, 1, 1, 1, 0, 3, 0, 3, 3, 0, 1, 1, 0, 1, 1, 1, 1, 1, 1, 3]|[1, 1, 1, 1, 0, 1, 1, 0, 0, 1, 1, 1, 0, 1, 1, 1, 1, 1, 1, 1];[2, 5, 13, 14, 9, 0, 3, 12, 11, 7, 8, 16, 10, 15, 18, 6, 1, 17, 4, 19]|[0, 1, 1, 0, 2, 1, 2, 2, 1, 0, 0, 2, 0, 1, 0, 1, 1, 2, 1, 0]|[3, 1, 1, 3, 1, 1, 0, 1, 1, 0, 3, 1, 3, 1, 0, 0, 1, 1, 1, 0]|[1, 1, 1, 0, 1, 0, 0, 1, 1, 0, 1, 1, 2, 1, 1, 0, 1, 0, 1, 0]
fc6diagRound 2	fe=56763	pool=300	target=100	rescued=0	sOriginal=[5, 2, 19, 14, 16, 6, 13, 4, 11, 8, 17, 15, 1, 10, 0, 7, 9, 18, 12, 3]|[0, 1, 1, 0, 2, 2, 1, 2, 1, 2, 0, 1, 0, 2, 0, 0, 1, 2, 1, 0]|[3, 1, 1, 3, 0, 0, 1, 0, 1, 0, 0, 1, 3, 0, 3, 3, 0, 0, 1, 3]|[2, 1, 1, 0, 1, 0, 1, 1, 1, 0, 0, 1, 2, 1, 2, 0, 1, 1, 1, 0];[12, 19, 11, 3, 17, 7, 16, 9, 13, 0, 18, 8, 14, 10, 6, 4, 1, 15, 2, 5]|[0, 1, 1, 1, 1, 1, 2, 1, 1, 0, 0, 2, 0, 2, 2, 2, 0, 0, 1, 0]|[3, 1, 1, 1, 1, 1, 0, 1, 1, 2, 3, 0, 3, 0, 0, 1, 3, 3, 1, 3]|[0, 1, 1, 1, 1, 1, 1, 1, 1, 1, 0, 1, 2, 1, 0, 0, 0, 2, 1, 0];[19, 12, 7, 8, 0, 17, 16, 6, 13, 14, 10, 1, 18, 11, 15, 2, 5, 9, 3, 4]|[1, 0, 0, 0, 1, 0, 2, 1, 0, 0, 0, 0, 0, 2, 0, 2, 2, 0, 2, 1]|[1, 3, 3, 3, 1, 0, 1, 1, 3, 3, 3, 3, 2, 1, 3, 0, 0, 0, 1, 1]|[1, 0, 2, 0, 0, 1, 0, 0, 2, 0, 2, 0, 0, 1, 2, 1, 1, 1, 0, 1];[19, 12, 7, 8, 0, 17, 16, 6, 13, 14, 10, 1, 18, 11, 15, 2, 5, 9, 3, 4]|[1, 0, 0, 0, 1, 0, 2, 1, 0, 0, 0, 0, 0, 2, 0, 2, 2, 0, 2, 1]|[1, 3, 3, 3, 1, 0, 1, 1, 3, 3, 3, 3, 2, 1, 3, 0, 0, 0, 1, 1]|[1, 0, 2, 0, 0, 1, 0, 0, 2, 0, 2, 0, 0, 1, 2, 1, 1, 1, 0, 1];[5, 2, 13, 14, 10, 19, 16, 6, 4, 7, 0, 12, 18, 9, 17, 15, 11, 1, 3, 8]|[0, 1, 1, 0, 2, 1, 2, 2, 1, 0, 0, 2, 0, 1, 0, 1, 1, 2, 1, 0]|[3, 1, 1, 3, 0, 1, 0, 1, 0, 0, 3, 0, 3, 1, 0, 1, 1, 0, 1, 3]|[0, 1, 1, 2, 1, 0, 0, 1, 1, 0, 0, 1, 2, 1, 1, 1, 1, 1, 1, 0];[19, 13, 18, 8, 10, 6, 12, 9, 16, 14, 3, 2, 17, 11, 1, 4, 5, 15, 7, 0]|[2, 1, 2, 1, 0, 0, 2, 1, 2, 2, 1, 0, 0, 1, 1, 2, 1, 0, 0, 0]|[0, 1, 0, 1, 3, 3, 0, 1, 0, 1, 0, 3, 3, 1, 1, 0, 1, 3, 3, 3]|[1, 1, 1, 1, 0, 2, 1, 0, 0, 1, 1, 0, 0, 1, 1, 1, 1, 2, 0, 0];[5, 16, 17, 4, 6, 14, 0, 2, 9, 12, 15, 18, 3, 10, 19, 13, 8, 11, 7, 1]|[0, 1, 1, 2, 2, 0, 2, 1, 0, 2, 0, 0, 1, 2, 1, 1, 2, 2, 1, 0]|[3, 1, 1, 1, 0, 0, 0, 1, 3, 0, 3, 3, 1, 1, 0, 1, 0, 0, 1, 3]|[2, 1, 1, 1, 0, 0, 1, 1, 2, 1, 0, 0, 1, 1, 0, 1, 0, 1, 1, 0];[2, 19, 13, 15, 12, 18, 8, 5, 17, 1, 0, 9, 6, 14, 11, 7, 3, 10, 4, 16]|[0, 1, 1, 0, 2, 1, 2, 2, 1, 0, 0, 2, 0, 1, 0, 1, 1, 2, 1, 0]|[3, 1, 1, 3, 0, 1, 0, 0, 0, 0, 3, 0, 3, 1, 0, 1, 1, 0, 1, 3]|[0, 1, 1, 2, 1, 0, 0, 1, 1, 1, 0, 1, 2, 1, 1, 1, 1, 0, 1, 0];[5, 2, 13, 14, 10, 19, 6, 3, 4, 7, 12, 18, 16, 15, 11, 1, 17, 9, 0, 8]|[0, 1, 1, 0, 2, 1, 2, 2, 1, 0, 0, 2, 0, 1, 0, 1, 1, 2, 1, 0]|[3, 1, 1, 3, 0, 1, 0, 0, 0, 0, 3, 0, 3, 1, 0, 1, 1, 0, 1, 3]|[0, 1, 1, 2, 1, 0, 0, 1, 1, 0, 0, 1, 2, 1, 0, 1, 1, 1, 1, 0];[2, 19, 13, 15, 12, 18, 8, 5, 17, 1, 6, 16, 0, 14, 9, 7, 4, 10, 3, 11]|[0, 1, 1, 0, 2, 1, 2, 2, 1, 0, 0, 2, 0, 1, 0, 1, 1, 2, 1, 0]|[3, 1, 1, 3, 0, 1, 0, 1, 0, 1, 3, 0, 3, 1, 0, 1, 1, 0, 1, 3]|[0, 1, 1, 2, 1, 0, 0, 1, 1, 0, 0, 1, 2, 1, 1, 1, 1, 1, 1, 0];[2, 19, 6, 15, 3, 1, 9, 17, 0, 13, 18, 14, 5, 8, 7, 12, 4, 11, 10, 16]|[0, 1, 1, 0, 1, 0, 0, 2, 0, 1, 1, 2, 2, 2, 1, 1, 2, 2, 1, 0]|[3, 1, 1, 3, 1, 0, 3, 1, 3, 1, 1, 0, 0, 0, 1, 1, 0, 0, 1, 3]|[0, 1, 1, 2, 1, 2, 0, 1, 1, 1, 1, 0, 1, 0, 1, 1, 1, 1, 1, 0];[12, 13, 7, 2, 3, 4, 9, 6, 11, 5, 17, 15, 1, 14, 19, 18, 10, 0, 8, 16]|[0, 0, 0, 0, 2, 1, 2, 1, 2, 1, 0, 0, 2, 2, 0, 0, 0, 0, 0, 1]|[3, 2, 3, 3, 1, 1, 0, 1, 1, 1, 3, 3, 0, 0, 3, 3, 0, 3, 3, 1]|[0, 1, 2, 0, 1, 0, 1, 1, 0, 1, 2, 1, 1, 0, 0, 1, 2, 2, 0, 1];[5, 2, 13, 14, 9, 8, 6, 16, 17, 7, 0, 3, 12, 10, 19, 15, 11, 4, 1, 18]|[0, 1, 1, 0, 2, 1, 2, 2, 1, 0, 0, 2, 0, 1, 0, 1, 1, 2, 1, 0]|[3, 1, 1, 3, 1, 1, 0, 1, 1, 3, 3, 0, 3, 1, 0, 1, 1, 0, 1, 3]|[0, 1, 1, 2, 1, 1, 0, 0, 0, 2, 0, 1, 2, 1, 1, 1, 1, 1, 1, 2];[5, 2, 13, 14, 10, 19, 16, 3, 4, 7, 15, 0, 12, 9, 1, 11, 18, 17, 6, 8]|[2, 1, 1, 0, 0, 1, 2, 1, 2, 1, 0, 2, 0, 1, 1, 1, 1, 2, 2, 0]|[0, 1, 1, 3, 1, 0, 1, 1, 0, 0, 3, 0, 3, 1, 0, 1, 1, 0, 0, 3]|[0, 1, 1, 2, 1, 0, 1, 1, 1, 1, 2, 0, 0, 0, 1, 1, 1, 0, 1, 2];[5, 2, 13, 14, 10, 19, 16, 3, 4, 7, 15, 0, 12, 9, 1, 11, 18, 17, 6, 8]|[0, 1, 1, 0, 0, 1, 2, 1, 2, 1, 0, 2, 0, 1, 2, 1, 1, 2, 1, 0]|[3, 1, 1, 3, 1, 0, 1, 1, 0, 0, 3, 0, 3, 1, 0, 1, 1, 0, 1, 3]|[0, 1, 1, 2, 1, 0, 1, 1, 1, 1, 2, 0, 0, 0, 1, 1, 1, 0, 1, 2];[2, 12, 13, 15, 19, 18, 8, 10, 17, 1, 3, 5, 6, 7, 0, 9, 16, 4, 14, 11]|[0, 1, 1, 0, 2, 1, 2, 2, 1, 0, 0, 2, 0, 1, 2, 1, 1, 2, 1, 0]|[3, 1, 1, 2, 0, 1, 0, 1, 0, 0, 3, 1, 3, 1, 1, 1, 1, 0, 1, 3]|[0, 1, 1, 2, 1, 0, 1, 1, 1, 1, 0, 1, 2, 1, 1, 1, 1, 0, 1, 0];[2, 12, 13, 15, 19, 18, 8, 10, 17, 1, 3, 5, 6, 7, 0, 9, 16, 4, 14, 11]|[0, 1, 1, 0, 2, 1, 2, 2, 1, 0, 0, 2, 0, 1, 2, 1, 1, 2, 1, 0]|[3, 1, 1, 2, 0, 1, 0, 1, 0, 0, 3, 1, 3, 1, 1, 1, 1, 0, 1, 3]|[0, 1, 1, 2, 1, 0, 1, 1, 1, 1, 0, 1, 2, 1, 1, 1, 1, 0, 1, 0];[2, 19, 13, 15, 12, 18, 8, 5, 17, 16, 11, 10, 7, 3, 4, 14, 0, 6, 1, 9]|[0, 1, 1, 0, 2, 1, 2, 2, 1, 0, 0, 2, 0, 1, 2, 1, 1, 2, 1, 0]|[3, 1, 1, 3, 0, 1, 0, 1, 0, 0, 3, 0, 3, 1, 0, 1, 1, 0, 1, 3]|[2, 1, 1, 2, 1, 0, 0, 1, 1, 0, 0, 1, 2, 1, 1, 1, 1, 1, 1, 0];[2, 19, 13, 15, 11, 18, 8, 5, 3, 1, 9, 17, 0, 10, 14, 12, 6, 4, 7, 16]|[0, 1, 1, 0, 2, 1, 2, 2, 1, 0, 0, 2, 0, 1, 2, 1, 1, 2, 1, 0]|[3, 1, 1, 3, 0, 1, 0, 0, 0, 0, 3, 1, 3, 1, 0, 1, 1, 0, 1, 3]|[0, 1, 1, 2, 1, 1, 0, 0, 0, 2, 0, 1, 1, 1, 1, 1, 1, 1, 1, 0];[2, 19, 13, 15, 12, 18, 8, 5, 1, 9, 11, 4, 0, 10, 6, 14, 17, 3, 7, 16]|[0, 1, 1, 0, 0, 1, 2, 2, 1, 0, 0, 2, 0, 1, 2, 1, 1, 2, 1, 0]|[3, 1, 1, 3, 1, 1, 0, 1, 0, 0, 3, 0, 3, 1, 0, 1, 1, 0, 1, 3]|[0, 1, 1, 2, 1, 0, 0, 0, 1, 0, 0, 1, 2, 1, 1, 1, 1, 1, 1, 0];[5, 4, 14, 10, 2, 6, 3, 0, 17, 12, 11, 1, 16, 18, 7, 15, 9, 13, 19, 8]|[0, 1, 0, 2, 1, 2, 2, 1, 1, 0, 0, 1, 0, 2, 0, 1, 2, 1, 1, 0]|[3, 1, 3, 0, 1, 0, 0, 1, 1, 3, 3, 1, 3, 0, 3, 1, 0, 1, 1, 3]|[0, 1, 2, 1, 1, 0, 1, 1, 1, 0, 0, 1, 2, 1, 0, 1, 1, 1, 1, 0];[5, 19, 10, 14, 2, 6, 4, 8, 15, 12, 18, 9, 11, 7, 0, 17, 3, 13, 16, 1]|[0, 1, 2, 0, 1, 2, 2, 1, 0, 1, 0, 2, 0, 0, 2, 2, 1, 1, 1, 0]|[3, 1, 0, 3, 1, 0, 1, 1, 3, 1, 3, 0, 3, 0, 0, 0, 1, 1, 1, 3]|[0, 1, 1, 2, 1, 0, 0, 1, 0, 1, 1, 1, 0, 2, 1, 1, 1, 1, 1, 0];[2, 19, 13, 15, 8, 0, 3, 12, 17, 6, 9, 16, 18, 10, 14, 11, 1, 4, 7, 5]|[0, 1, 1, 0, 2, 1, 2, 2, 1, 0, 0, 2, 0, 1, 2, 1, 1, 2, 1, 0]|[3, 1, 1, 2, 1, 1, 0, 1, 0, 0, 3, 0, 3, 1, 0, 1, 1, 0, 1, 3]|[0, 1, 1, 2, 1, 0, 0, 0, 1, 1, 0, 1, 2, 1, 1, 1, 1, 1, 1, 0];[5, 2, 14, 10, 4, 13, 16, 19, 17, 0, 11, 9, 12, 3, 18, 15, 6, 1, 7, 8]|[0, 1, 0, 2, 1, 1, 2, 2, 1, 0, 1, 2, 2, 0, 0, 2, 1, 2, 1, 0]|[0, 0, 3, 1, 1, 1, 0, 1, 0, 3, 0, 0, 1, 0, 3, 0, 1, 0, 1, 3]|[0, 0, 2, 1, 1, 1, 0, 1, 1, 2, 0, 0, 0, 1, 0, 1, 1, 1, 1, 0];[16, 19, 13, 14, 10, 6, 4, 3, 5, 8, 18, 0, 15, 9, 17, 12, 1, 11, 2, 7]|[0, 1, 1, 0, 2, 2, 2, 1, 0, 2, 0, 0, 1, 1, 0, 1, 1, 2, 1, 0]|[3, 1, 1, 3, 0, 0, 1, 1, 3, 0, 3, 3, 1, 1, 3, 1, 1, 1, 1, 3]|[0, 1, 1, 2, 1, 0, 0, 1, 0, 1, 0, 2, 1, 1, 0, 1, 1, 1, 1, 0];[5, 14, 10, 19, 2, 16, 6, 3, 7, 0, 12, 18, 17, 15, 9, 13, 11, 1, 4, 8]|[0, 0, 2, 1, 1, 2, 2, 1, 0, 0, 2, 0, 0, 1, 1, 1, 1, 2, 1, 0]|[3, 3, 0, 1, 1, 0, 1, 1, 0, 3, 0, 3, 0, 1, 1, 1, 1, 0, 1, 3]|[0, 2, 1, 1, 1, 0, 1, 1, 0, 0, 1, 2, 1, 1, 1, 1, 1, 1, 1, 0];[5, 19, 13, 6, 2, 17, 12, 8, 16, 0, 10, 14, 1, 4, 15, 9, 7, 18, 11, 3]|[0, 1, 2, 2, 1, 1, 1, 0, 2, 0, 0, 0, 1, 1, 2, 1, 2, 2, 1, 0]|[0, 1, 0, 0, 1, 1, 0, 3, 0, 3, 1, 3, 0, 1, 1, 0, 1, 0, 1, 3]|[0, 1, 1, 0, 1, 0, 1, 2, 0, 1, 0, 2, 1, 1, 0, 0, 1, 0, 1, 0];[2, 13, 14, 10, 6, 4, 3, 7, 12, 8, 16, 5, 15, 11, 17, 1, 9, 19, 0, 18]|[1, 2, 0, 2, 2, 2, 1, 0, 0, 2, 0, 0, 1, 0, 1, 1, 1, 1, 1, 0]|[0, 0, 0, 0, 0, 0, 0, 1, 3, 0, 3, 3, 1, 0, 1, 1, 1, 1, 1, 3]|[1, 1, 1, 1, 0, 1, 1, 0, 2, 0, 0, 2, 0, 0, 1, 1, 0, 1, 1, 0];[2, 11, 0, 19, 15, 3, 12, 17, 6, 9, 16, 18, 10, 8, 14, 4, 13, 7, 1, 5]|[0, 1, 1, 1, 0, 2, 2, 2, 0, 0, 2, 0, 1, 2, 2, 2, 1, 1, 1, 0]|[3, 1, 1, 1, 2, 0, 1, 1, 0, 3, 0, 3, 1, 1, 0, 0, 1, 1, 1, 3]|[0, 1, 1, 1, 2, 0, 1, 1, 1, 0, 0, 2, 1, 1, 1, 1, 1, 1, 1, 0];[15, 8, 0, 12, 5, 16, 14, 1, 4, 7, 13, 10, 18, 9, 17, 3, 11, 2, 6, 19]|[0, 1, 1, 0, 2, 1, 2, 2, 1, 0, 0, 2, 0, 1, 0, 1, 0, 2, 1, 0]|[3, 1, 1, 3, 0, 1, 0, 1, 0, 0, 3, 0, 3, 1, 0, 1, 3, 0, 1, 3]|[0, 1, 1, 2, 0, 0, 0, 1, 1, 0, 0, 1, 2, 1, 1, 1, 1, 0, 1, 0];[5, 2, 11, 15, 13, 0, 3, 9, 1, 18, 17, 6, 19, 10, 14, 12, 7, 4, 8, 16]|[0, 1, 1, 2, 1, 0, 2, 0, 0, 1, 1, 2, 2, 2, 0, 1, 1, 2, 1, 2]|[3, 1, 1, 0, 1, 3, 0, 3, 0, 1, 1, 0, 1, 0, 3, 1, 1, 0, 1, 1]|[0, 1, 1, 1, 1, 2, 1, 0, 0, 1, 1, 0, 1, 1, 2, 1, 1, 1, 1, 0];[13, 19, 9, 10, 8, 15, 1, 4, 17, 0, 3, 2, 5, 11, 14, 18, 12, 7, 6, 16]|[0, 2, 0, 1, 0, 0, 0, 2, 2, 0, 0, 0, 1, 2, 1, 0, 0, 0, 2, 1]|[3, 1, 3, 1, 3, 3, 3, 1, 0, 3, 3, 3, 1, 0, 1, 3, 3, 3, 1, 1]|[0, 1, 2, 1, 0, 0, 2, 1, 1, 0, 0, 2, 1, 1, 1, 0, 0, 0, 0, 1];[13, 19, 9, 10, 8, 15, 1, 4, 17, 0, 3, 2, 5, 11, 14, 18, 12, 7, 6, 16]|[0, 2, 0, 1, 0, 0, 0, 2, 2, 0, 0, 0, 1, 2, 1, 0, 0, 0, 2, 1]|[3, 1, 3, 1, 3, 3, 3, 1, 0, 3, 3, 3, 1, 0, 1, 3, 3, 3, 1, 1]|[0, 1, 2, 1, 0, 0, 2, 1, 1, 0, 0, 2, 1, 1, 1, 0, 0, 0, 0, 1];[13, 19, 9, 10, 8, 15, 1, 4, 17, 0, 3, 2, 5, 11, 14, 18, 12, 7, 6, 16]|[0, 2, 0, 1, 0, 0, 0, 2, 2, 0, 0, 0, 1, 2, 1, 0, 0, 0, 2, 1]|[3, 1, 3, 1, 3, 3, 3, 1, 0, 3, 3, 3, 1, 0, 1, 3, 3, 3, 1, 1]|[0, 1, 2, 1, 0, 0, 2, 1, 1, 0, 0, 2, 1, 1, 1, 0, 0, 0, 0, 1];[16, 11, 7, 10, 9, 13, 6, 12, 3, 5, 17, 18, 1, 2, 4, 15, 19, 8, 14, 0]|[1, 2, 2, 1, 2, 1, 0, 0, 2, 2, 1, 1, 2, 0, 0, 0, 1, 1, 0, 0]|[1, 0, 0, 1, 0, 1, 3, 3, 0, 1, 1, 1, 0, 3, 3, 3, 0, 1, 3, 3]|[1, 1, 0, 1, 1, 1, 0, 2, 0, 1, 1, 1, 1, 0, 0, 2, 0, 1, 0, 0];[10, 4, 14, 16, 12, 11, 15, 5, 1, 18, 17, 8, 19, 0, 6, 9, 3, 2, 13, 7]|[1, 0, 2, 1, 1, 2, 1, 0, 2, 2, 1, 1, 2, 1, 0, 0, 0, 0, 0, 0]|[1, 3, 1, 0, 1, 1, 1, 3, 0, 0, 1, 1, 0, 1, 3, 3, 3, 3, 3, 3]|[1, 0, 0, 0, 1, 1, 1, 2, 1, 0, 1, 1, 0, 1, 0, 0, 2, 0, 0, 0];[10, 4, 14, 16, 12, 11, 15, 5, 1, 18, 17, 8, 19, 0, 6, 9, 3, 2, 13, 7]|[1, 0, 2, 1, 1, 2, 1, 0, 2, 2, 1, 1, 2, 1, 0, 0, 0, 0, 0, 0]|[1, 3, 1, 0, 1, 1, 1, 3, 0, 0, 1, 1, 0, 1, 3, 3, 3, 3, 3, 3]|[1, 0, 0, 0, 1, 1, 1, 2, 1, 0, 1, 1, 0, 1, 0, 0, 2, 0, 0, 0];[7, 13, 6, 5, 4, 14, 16, 8, 10, 18, 1, 11, 17, 9, 15, 19, 3, 12, 2, 0]|[0, 1, 1, 2, 2, 1, 2, 0, 0, 1, 0, 1, 1, 1, 0, 2, 2, 1, 0, 0]|[0, 0, 0, 1, 0, 1, 0, 2, 3, 1, 3, 0, 1, 1, 0, 1, 0, 1, 3, 1]|[0, 1, 1, 1, 0, 0, 1, 0, 2, 0, 0, 1, 1, 1, 1, 1, 0, 1, 2, 1];[7, 13, 6, 5, 4, 14, 16, 8, 10, 18, 1, 11, 17, 9, 15, 19, 3, 12, 2, 0]|[0, 1, 1, 2, 2, 1, 2, 0, 0, 1, 0, 1, 1, 1, 0, 2, 2, 1, 0, 0]|[0, 0, 0, 1, 0, 1, 0, 2, 3, 1, 3, 0, 1, 1, 0, 1, 0, 1, 3, 1]|[0, 1, 1, 1, 0, 0, 1, 0, 2, 0, 0, 1, 1, 1, 1, 1, 0, 1, 2, 1];[2, 19, 13, 12, 18, 8, 5, 17, 16, 3, 14, 7, 6, 10, 11, 9, 4, 1, 15, 0]|[0, 1, 2, 2, 2, 2, 1, 1, 2, 1, 2, 1, 1, 1, 0, 0, 0, 0, 0, 0]|[3, 0, 1, 1, 1, 0, 1, 1, 0, 1, 0, 1, 1, 1, 3, 3, 3, 3, 3, 3]|[2, 0, 1, 1, 0, 0, 1, 1, 1, 1, 1, 1, 1, 1, 0, 0, 0, 0, 0, 2];[1, 2, 13, 14, 19, 4, 16, 5, 3, 10, 6, 8, 9, 15, 12, 18, 17, 7, 11, 0]|[0, 1, 1, 0, 2, 1, 2, 0, 0, 1, 2, 2, 2, 1, 2, 1, 0, 1, 1, 0]|[0, 1, 1, 3, 0, 1, 1, 0, 0, 1, 1, 0, 1, 1, 0, 0, 1, 1, 0, 3]|[0, 1, 1, 1, 0, 1, 1, 0, 0, 1, 1, 0, 1, 1, 1, 0, 2, 1, 0, 1];[1, 2, 13, 14, 19, 4, 16, 5, 3, 10, 6, 8, 9, 15, 12, 18, 17, 7, 11, 0]|[0, 1, 1, 0, 2, 1, 2, 0, 0, 1, 2, 2, 2, 1, 2, 1, 0, 1, 1, 0]|[0, 1, 1, 3, 0, 1, 1, 0, 0, 1, 1, 0, 1, 1, 0, 0, 1, 1, 0, 3]|[0, 1, 1, 1, 0, 1, 1, 0, 0, 1, 1, 0, 1, 1, 1, 0, 2, 1, 0, 1];[19, 15, 12, 18, 5, 17, 6, 8, 2, 9, 3, 13, 7, 14, 0, 11, 16, 1, 10, 4]|[0, 1, 2, 1, 1, 2, 1, 0, 0, 0, 0, 0, 0, 0, 0, 2, 2, 0, 2, 1]|[3, 0, 0, 1, 1, 0, 1, 3, 3, 3, 3, 3, 3, 3, 3, 0, 1, 3, 1, 1]|[0, 1, 1, 0, 1, 1, 1, 2, 0, 0, 2, 0, 0, 2, 0, 1, 1, 0, 0, 1];[2, 12, 13, 15, 19, 18, 8, 5, 17, 3, 11, 10, 1, 7, 14, 9, 0, 4, 6, 16]|[0, 1, 1, 0, 2, 1, 2, 2, 1, 0, 0, 2, 0, 1, 0, 1, 1, 2, 1, 0]|[3, 1, 1, 3, 1, 0, 1, 1, 1, 1, 1, 0, 3, 1, 0, 1, 1, 0, 1, 3]|[0, 1, 1, 2, 1, 0, 0, 1, 1, 0, 0, 1, 2, 1, 1, 1, 1, 1, 1, 0];[2, 12, 13, 15, 19, 0, 3, 5, 11, 14, 7, 10, 9, 8, 17, 4, 18, 1, 6, 16]|[0, 0, 0, 0, 2, 1, 0, 1, 2, 0, 0, 1, 0, 0, 2, 2, 0, 0, 2, 1]|[3, 1, 1, 3, 1, 1, 0, 1, 0, 0, 3, 1, 3, 0, 0, 1, 1, 1, 1, 1]|[2, 0, 1, 0, 1, 0, 0, 1, 1, 0, 0, 1, 2, 1, 1, 1, 0, 2, 0, 1];[4, 5, 10, 16, 19, 2, 14, 12, 18, 9, 6, 11, 0, 15, 17, 13, 1, 8, 3, 7]|[2, 1, 2, 2, 0, 0, 0, 2, 1, 0, 1, 1, 0, 0, 0, 0, 0, 0, 2, 1]|[1, 1, 0, 1, 3, 3, 3, 1, 1, 3, 1, 1, 3, 3, 3, 3, 3, 3, 1, 1]|[1, 0, 1, 1, 0, 2, 0, 1, 0, 1, 1, 1, 0, 2, 0, 0, 2, 0, 1, 0];[6, 19, 16, 7, 0, 9, 5, 14, 10, 18, 11, 2, 12, 15, 13, 8, 3, 1, 4, 17]|[0, 2, 2, 0, 1, 2, 1, 0, 1, 1, 2, 0, 0, 0, 0, 0, 0, 0, 2, 1]|[3, 0, 0, 3, 1, 1, 1, 3, 1, 1, 1, 3, 3, 3, 3, 3, 3, 3, 1, 1]|[0, 1, 1, 2, 0, 1, 0, 0, 1, 0, 0, 2, 0, 2, 0, 2, 0, 0, 1, 1];[6, 19, 16, 7, 0, 9, 5, 14, 10, 18, 11, 2, 12, 15, 13, 8, 3, 1, 4, 17]|[0, 2, 2, 0, 1, 2, 1, 0, 1, 1, 2, 0, 0, 0, 0, 0, 0, 0, 2, 1]|[3, 0, 0, 3, 1, 1, 1, 3, 1, 1, 1, 3, 3, 3, 3, 3, 3, 3, 1, 1]|[0, 1, 1, 2, 0, 1, 0, 0, 1, 0, 0, 2, 0, 2, 0, 2, 0, 0, 1, 1];[19, 18, 7, 12, 14, 2, 5, 17, 15, 0, 4, 11, 13, 1, 9, 8, 10, 3, 6, 16]|[2, 1, 0, 0, 0, 0, 1, 2, 0, 0, 2, 2, 0, 1, 1, 0, 0, 0, 2, 1]|[1, 1, 3, 3, 3, 3, 1, 1, 3, 3, 0, 0, 3, 1, 1, 3, 3, 3, 0, 1]|[1, 0, 0, 0, 2, 0, 1, 1, 2, 0, 1, 1, 2, 1, 1, 0, 0, 0, 1, 1];[19, 18, 7, 12, 14, 2, 5, 17, 15, 0, 4, 11, 13, 1, 9, 8, 10, 3, 6, 16]|[2, 1, 0, 0, 0, 0, 1, 2, 0, 0, 2, 2, 0, 1, 1, 0, 0, 0, 2, 1]|[1, 1, 3, 3, 3, 3, 1, 1, 3, 3, 0, 0, 3, 1, 1, 3, 3, 3, 0, 1]|[1, 0, 0, 0, 2, 0, 1, 1, 2, 0, 1, 1, 2, 1, 1, 0, 0, 0, 1, 1];[5, 2, 13, 14, 9, 18, 8, 6, 10, 1, 0, 16, 19, 15, 12, 11, 7, 17, 4, 3]|[0, 1, 1, 0, 2, 1, 2, 2, 1, 0, 0, 2, 0, 1, 0, 1, 1, 2, 1, 0]|[0, 1, 1, 3, 1, 0, 0, 1, 1, 0, 3, 1, 3, 1, 0, 0, 1, 1, 1, 0]|[1, 1, 1, 0, 1, 0, 0, 1, 1, 0, 1, 1, 2, 1, 1, 0, 1, 0, 1, 0];[5, 2, 8, 15, 11, 10, 3, 12, 7, 14, 9, 19, 16, 1, 13, 17, 6, 4, 18, 0]|[0, 1, 1, 0, 2, 1, 2, 2, 1, 0, 0, 2, 0, 1, 0, 1, 1, 2, 1, 0]|[3, 1, 0, 3, 1, 1, 0, 1, 0, 0, 0, 0, 2, 0, 0, 1, 1, 0, 1, 3]|[0, 1, 0, 0, 1, 0, 0, 1, 1, 2, 1, 0, 2, 1, 1, 1, 1, 1, 1, 0];[17, 2, 13, 7, 4, 19, 0, 18, 10, 15, 8, 5, 14, 3, 12, 16, 11, 9, 6, 1]|[1, 0, 1, 1, 2, 1, 0, 2, 1, 0, 1, 2, 2, 1, 2, 2, 0, 0, 0, 0]|[1, 3, 1, 1, 0, 1, 3, 0, 0, 3, 1, 0, 0, 1, 0, 0, 3, 3, 3, 3]|[1, 2, 1, 1, 1, 1, 0, 1, 0, 2, 1, 0, 1, 1, 1, 1, 0, 0, 2, 0];[2, 19, 13, 15, 12, 18, 8, 5, 17, 6, 0, 7, 14, 9, 10, 4, 11, 16, 3, 1]|[0, 1, 1, 0, 2, 1, 2, 2, 1, 0, 0, 2, 0, 1, 0, 1, 1, 2, 1, 0]|[3, 1, 1, 3, 0, 1, 0, 0, 1, 3, 3, 1, 1, 1, 3, 1, 1, 0, 1, 3]|[0, 1, 1, 2, 1, 0, 0, 1, 1, 0, 0, 1, 2, 1, 1, 1, 1, 1, 1, 0];[19, 10, 17, 14, 13, 18, 3, 16, 15, 7, 9, 2, 5, 12, 0, 8, 1, 4, 6, 11]|[2, 2, 2, 1, 1, 1, 2, 0, 0, 0, 0, 0, 1, 1, 1, 2, 2, 1, 0, 0]|[0, 0, 0, 1, 0, 1, 0, 3, 3, 3, 3, 3, 1, 1, 1, 0, 0, 1, 3, 3]|[1, 1, 1, 1, 1, 0, 1, 0, 2, 0, 2, 0, 1, 0, 1, 0, 1, 1, 2, 0];[13, 1, 2, 12, 4, 6, 19, 9, 15, 0, 5, 14, 10, 16, 11, 17, 7, 3, 18, 8]|[2, 0, 0, 2, 2, 2, 1, 0, 0, 0, 2, 0, 2, 1, 1, 1, 1, 1, 1, 0]|[0, 3, 0, 1, 1, 0, 1, 3, 1, 3, 0, 3, 0, 1, 1, 1, 1, 1, 1, 3]|[1, 2, 1, 0, 1, 1, 1, 1, 0, 2, 1, 0, 1, 1, 1, 1, 1, 1, 1, 0];[2, 19, 13, 15, 12, 3, 5, 16, 17, 1, 9, 18, 0, 10, 14, 11, 8, 4, 7, 6]|[0, 1, 1, 0, 2, 1, 2, 2, 1, 0, 0, 2, 0, 1, 2, 1, 1, 2, 1, 0]|[3, 1, 1, 3, 0, 1, 0, 0, 0, 0, 3, 0, 3, 1, 0, 1, 1, 0, 1, 3]|[0, 1, 1, 2, 1, 0, 0, 1, 1, 0, 0, 1, 2, 1, 1, 1, 1, 1, 1, 0];[5, 19, 2, 10, 14, 13, 6, 16, 17, 12, 3, 11, 8, 7, 1, 18, 0, 15, 4, 9]|[0, 1, 1, 2, 0, 1, 2, 2, 1, 0, 0, 2, 0, 1, 0, 1, 2, 1, 1, 0]|[3, 1, 1, 1, 3, 1, 0, 1, 1, 0, 3, 0, 3, 1, 0, 1, 0, 1, 1, 3]|[0, 1, 1, 1, 2, 1, 0, 1, 1, 2, 0, 1, 2, 1, 1, 1, 0, 1, 1, 0];[2, 1, 14, 3, 4, 19, 8, 13, 7, 16, 5, 17, 0, 18, 12, 10, 15, 9, 6, 11]|[0, 0, 0, 0, 2, 2, 0, 2, 2, 2, 1, 2, 1, 1, 1, 1, 1, 1, 1, 0]|[0, 3, 3, 3, 1, 0, 3, 1, 0, 1, 1, 1, 1, 1, 1, 1, 1, 1, 1, 3]|[2, 1, 0, 0, 1, 0, 1, 1, 1, 1, 1, 1, 1, 1, 1, 1, 1, 1, 1, 0];[2, 1, 14, 3, 4, 19, 8, 13, 7, 16, 5, 17, 0, 18, 12, 10, 15, 9, 6, 11]|[0, 0, 0, 0, 2, 2, 0, 2, 2, 2, 1, 2, 1, 1, 1, 1, 1, 1, 1, 0]|[0, 3, 3, 3, 1, 0, 3, 1, 0, 1, 1, 1, 1, 1, 1, 1, 1, 1, 1, 3]|[2, 1, 0, 0, 1, 0, 1, 1, 1, 1, 1, 1, 1, 1, 1, 1, 1, 1, 1, 0];[15, 13, 2, 18, 10, 4, 11, 16, 9, 1, 0, 17, 3, 14, 19, 5, 12, 8, 7, 6]|[0, 1, 0, 1, 2, 2, 2, 1, 1, 0, 0, 1, 0, 1, 2, 2, 2, 2, 1, 0]|[3, 0, 3, 1, 0, 0, 0, 1, 1, 3, 3, 1, 0, 1, 1, 1, 0, 1, 1, 3]|[2, 0, 0, 1, 1, 0, 0, 1, 1, 2, 0, 1, 1, 1, 1, 1, 1, 1, 1, 0];[10, 19, 8, 15, 11, 14, 17, 6, 3, 13, 12, 16, 1, 2, 9, 0, 18, 7, 5, 4]|[0, 0, 0, 0, 2, 1, 0, 1, 2, 0, 0, 2, 2, 0, 0, 1, 0, 0, 2, 1]|[0, 3, 3, 3, 1, 1, 3, 1, 1, 3, 2, 0, 0, 3, 3, 1, 3, 3, 0, 1]|[1, 2, 0, 2, 1, 0, 1, 0, 0, 2, 0, 1, 1, 0, 1, 0, 2, 0, 1, 1];[10, 19, 8, 15, 11, 14, 17, 6, 3, 13, 12, 16, 1, 2, 9, 0, 18, 7, 5, 4]|[0, 0, 0, 0, 2, 1, 0, 1, 2, 0, 0, 2, 2, 0, 0, 1, 0, 0, 2, 1]|[0, 3, 3, 3, 1, 1, 3, 1, 1, 3, 2, 0, 0, 3, 3, 1, 3, 3, 0, 1]|[1, 2, 0, 2, 1, 0, 1, 0, 0, 2, 0, 1, 1, 0, 1, 0, 2, 0, 1, 1];[2, 1, 8, 7, 19, 9, 6, 14, 3, 0, 12, 17, 5, 11, 4, 10, 15, 13, 18, 16]|[0, 0, 2, 2, 2, 2, 0, 0, 2, 0, 2, 2, 1, 1, 1, 1, 1, 1, 1, 0]|[3, 0, 0, 0, 1, 1, 3, 2, 0, 2, 1, 1, 1, 1, 1, 1, 1, 1, 1, 3]|[2, 1, 1, 1, 0, 0, 0, 1, 1, 2, 1, 0, 1, 1, 1, 1, 1, 1, 1, 0];[2, 19, 15, 8, 5, 16, 11, 10, 7, 14, 4, 1, 3, 6, 0, 17, 18, 12, 13, 9]|[0, 1, 0, 2, 2, 0, 0, 2, 0, 2, 2, 1, 1, 2, 1, 1, 1, 1, 1, 0]|[3, 1, 3, 0, 1, 0, 3, 0, 3, 1, 0, 1, 1, 0, 1, 1, 1, 1, 1, 3]|[2, 1, 2, 0, 1, 0, 0, 1, 2, 1, 1, 1, 1, 1, 1, 1, 1, 1, 1, 0];[5, 2, 14, 4, 19, 15, 7, 8, 11, 1, 17, 10, 3, 6, 9, 0, 13, 12, 18, 16]|[0, 1, 0, 2, 1, 1, 0, 0, 0, 1, 2, 2, 2, 2, 1, 1, 1, 2, 1, 0]|[3, 1, 3, 1, 1, 1, 0, 3, 3, 1, 1, 1, 0, 0, 1, 1, 1, 0, 1, 3]|[0, 1, 2, 1, 1, 1, 1, 0, 2, 1, 1, 1, 1, 0, 1, 1, 1, 1, 1, 0];[1, 10, 19, 16, 15, 2, 9, 5, 12, 11, 0, 3, 7, 6, 13, 4, 17, 18, 8, 14]|[0, 2, 2, 1, 2, 1, 0, 0, 0, 2, 0, 1, 1, 2, 1, 1, 0, 1, 1, 0]|[1, 1, 1, 1, 1, 1, 3, 3, 1, 0, 0, 1, 1, 0, 1, 0, 0, 1, 1, 3]|[0, 1, 1, 1, 1, 1, 0, 0, 0, 1, 2, 1, 1, 1, 1, 0, 1, 1, 1, 2];[15, 2, 14, 9, 8, 19, 12, 3, 18, 4, 7, 16, 5, 10, 17, 6, 11, 1, 13, 0]|[0, 2, 2, 2, 2, 2, 0, 0, 0, 2, 0, 1, 0, 1, 1, 1, 1, 2, 1, 0]|[0, 0, 0, 1, 0, 1, 3, 3, 1, 0, 3, 1, 0, 1, 1, 1, 1, 1, 1, 3]|[1, 1, 1, 1, 0, 1, 0, 0, 0, 0, 2, 1, 1, 1, 1, 1, 1, 1, 1, 0];[15, 2, 14, 9, 8, 19, 12, 3, 18, 4, 7, 16, 5, 10, 17, 6, 11, 1, 13, 0]|[0, 2, 2, 2, 2, 2, 0, 0, 0, 2, 0, 1, 0, 1, 1, 1, 1, 2, 1, 0]|[0, 0, 0, 1, 0, 1, 3, 3, 1, 0, 3, 1, 0, 1, 1, 1, 1, 1, 1, 3]|[1, 1, 1, 1, 0, 1, 0, 0, 0, 0, 2, 1, 1, 1, 1, 1, 1, 1, 1, 0];[15, 19, 18, 14, 1, 12, 11, 3, 10, 5, 9, 13, 6, 8, 17, 0, 2, 7, 4, 16]|[1, 0, 0, 0, 1, 2, 1, 1, 1, 2, 0, 0, 1, 2, 2, 2, 0, 0, 2, 1]|[1, 3, 3, 3, 1, 0, 0, 1, 0, 0, 3, 3, 1, 1, 1, 1, 3, 3, 0, 1]|[1, 0, 0, 2, 0, 0, 1, 1, 0, 1, 0, 0, 1, 0, 1, 1, 2, 0, 0, 1];[5, 2, 6, 10, 15, 13, 12, 11, 7, 8, 16, 1, 9, 14, 0, 17, 19, 3, 18, 4]|[1, 0, 1, 1, 2, 1, 2, 1, 0, 0, 2, 1, 2, 0, 1, 2, 2, 2, 2, 0]|[1, 3, 1, 1, 0, 1, 1, 0, 3, 1, 0, 0, 1, 2, 1, 1, 0, 0, 1, 3]|[1, 2, 1, 1, 1, 1, 1, 1, 0, 0, 0, 1, 1, 0, 0, 1, 1, 1, 0, 2];[5, 2, 6, 10, 15, 13, 12, 11, 7, 8, 16, 1, 9, 14, 0, 17, 19, 3, 18, 4]|[1, 0, 1, 1, 2, 1, 2, 1, 0, 0, 2, 1, 2, 0, 1, 2, 2, 2, 2, 0]|[1, 3, 1, 1, 0, 1, 1, 0, 3, 1, 0, 0, 1, 2, 1, 1, 0, 0, 1, 3]|[1, 2, 1, 1, 1, 1, 1, 1, 0, 0, 0, 1, 1, 0, 0, 1, 1, 1, 0, 2];[5, 19, 8, 14, 2, 11, 3, 10, 15, 7, 18, 17, 1, 4, 9, 13, 6, 16, 0, 12]|[0, 1, 1, 0, 2, 0, 1, 2, 1, 1, 0, 1, 0, 0, 2, 1, 2, 2, 1, 0]|[3, 1, 1, 3, 0, 3, 1, 0, 0, 1, 3, 1, 3, 3, 0, 1, 0, 0, 1, 3]|[0, 1, 1, 2, 1, 0, 1, 1, 1, 1, 0, 1, 2, 0, 1, 1, 0, 1, 1, 0];[5, 2, 13, 14, 10, 19, 6, 4, 9, 15, 1, 16, 7, 8, 11, 12, 18, 0, 3, 17]|[0, 1, 1, 2, 2, 2, 2, 1, 2, 1, 0, 2, 0, 0, 1, 0, 2, 1, 2, 0]|[3, 0, 1, 0, 1, 0, 1, 1, 1, 1, 1, 0, 0, 0, 0, 3, 1, 1, 0, 3]|[0, 1, 1, 1, 1, 0, 1, 1, 1, 1, 2, 0, 0, 0, 1, 1, 1, 0, 1, 2];[5, 2, 13, 14, 10, 19, 6, 4, 9, 15, 1, 16, 7, 8, 11, 12, 18, 0, 3, 17]|[0, 1, 1, 2, 2, 2, 2, 1, 2, 1, 0, 2, 0, 0, 1, 0, 2, 1, 2, 0]|[3, 0, 1, 0, 1, 0, 1, 1, 1, 1, 1, 0, 0, 0, 0, 3, 1, 1, 0, 3]|[0, 1, 1, 1, 1, 0, 1, 1, 1, 1, 2, 0, 0, 0, 1, 1, 1, 0, 1, 2];[5, 2, 14, 3, 19, 17, 8, 11, 12, 16, 0, 15, 1, 6, 10, 9, 4, 7, 13, 18]|[0, 1, 2, 2, 2, 0, 0, 1, 2, 2, 1, 2, 0, 1, 2, 2, 1, 1, 1, 1]|[3, 0, 1, 0, 0, 3, 3, 0, 1, 0, 1, 1, 3, 0, 0, 1, 1, 1, 1, 1]|[0, 1, 0, 1, 1, 0, 0, 1, 1, 0, 0, 1, 0, 0, 1, 1, 1, 1, 1, 1];[5, 2, 14, 3, 19, 17, 8, 11, 12, 16, 0, 15, 1, 6, 10, 9, 4, 7, 13, 18]|[0, 1, 2, 2, 2, 0, 0, 1, 2, 2, 1, 2, 0, 1, 2, 2, 1, 1, 1, 1]|[3, 0, 1, 0, 0, 3, 3, 0, 1, 0, 1, 1, 3, 0, 0, 1, 1, 1, 1, 1]|[0, 1, 0, 1, 1, 0, 0, 1, 1, 0, 0, 1, 0, 0, 1, 1, 1, 1, 1, 1];[5, 19, 14, 10, 2, 13, 6, 4, 1, 3, 8, 7, 15, 17, 9, 0, 18, 12, 16, 11]|[0, 1, 0, 2, 1, 1, 2, 2, 0, 0, 2, 0, 1, 2, 1, 1, 1, 2, 1, 0]|[3, 1, 3, 0, 1, 1, 0, 0, 0, 3, 0, 3, 1, 0, 1, 1, 1, 0, 1, 3]|[2, 1, 2, 0, 1, 1, 0, 1, 0, 0, 1, 2, 1, 1, 1, 1, 1, 1, 1, 0];[6, 2, 13, 18, 10, 0, 12, 3, 5, 7, 17, 16, 8, 9, 14, 1, 4, 11, 15, 19]|[0, 1, 1, 0, 1, 0, 0, 2, 0, 2, 1, 2, 1, 2, 0, 1, 2, 1, 1, 0]|[3, 1, 1, 3, 1, 3, 3, 0, 3, 0, 1, 1, 1, 1, 3, 1, 0, 1, 1, 3]|[0, 1, 1, 2, 1, 0, 2, 1, 0, 1, 0, 0, 1, 1, 2, 1, 1, 1, 1, 0];[2, 5, 13, 14, 9, 15, 7, 6, 3, 8, 17, 0, 19, 1, 12, 11, 10, 18, 4, 16]|[0, 0, 0, 0, 0, 1, 0, 1, 1, 2, 0, 2, 0, 1, 2, 1, 1, 2, 2, 1]|[3, 0, 0, 3, 3, 1, 0, 1, 1, 1, 0, 1, 1, 1, 0, 0, 0, 1, 0, 1]|[2, 0, 1, 2, 2, 0, 0, 1, 1, 0, 0, 1, 1, 0, 0, 1, 0, 1, 0, 1];[19, 0, 3, 5, 12, 18, 10, 9, 13, 17, 2, 6, 14, 7, 16, 15, 8, 4, 1, 11]|[0, 0, 2, 1, 2, 1, 2, 2, 1, 1, 0, 0, 0, 0, 0, 0, 0, 2, 2, 1]|[3, 3, 0, 1, 0, 1, 0, 0, 1, 1, 3, 3, 3, 3, 3, 3, 3, 1, 1, 1]|[2, 0, 1, 1, 1, 0, 1, 1, 1, 1, 2, 0, 0, 1, 0, 2, 0, 1, 1, 1];[17, 12, 9, 18, 0, 13, 8, 3, 6, 14, 11, 10, 7, 15, 19, 4, 2, 1, 5, 16]|[0, 0, 0, 0, 1, 0, 0, 2, 1, 1, 2, 0, 0, 0, 0, 2, 2, 0, 2, 1]|[0, 3, 3, 3, 1, 0, 0, 1, 1, 1, 1, 3, 3, 3, 3, 0, 0, 2, 0, 1]|[0, 2, 2, 0, 1, 1, 0, 1, 1, 0, 1, 2, 1, 2, 0, 1, 1, 1, 0, 1];[17, 12, 9, 18, 0, 13, 8, 3, 6, 14, 11, 10, 7, 15, 19, 4, 2, 1, 5, 16]|[0, 0, 0, 0, 1, 0, 0, 2, 1, 1, 2, 0, 0, 0, 0, 2, 2, 0, 2, 1]|[0, 3, 3, 3, 1, 0, 0, 1, 1, 1, 1, 3, 3, 3, 3, 0, 0, 2, 0, 1]|[0, 2, 2, 0, 1, 1, 0, 1, 1, 0, 1, 2, 1, 2, 0, 1, 1, 1, 0, 1];[10, 12, 1, 15, 5, 6, 13, 8, 17, 11, 18, 19, 14, 16, 7, 2, 3, 9, 4, 0]|[0, 0, 0, 0, 2, 1, 0, 0, 1, 2, 0, 0, 0, 1, 0, 2, 2, 0, 2, 1]|[3, 3, 3, 3, 1, 1, 3, 3, 1, 1, 3, 0, 0, 1, 3, 0, 0, 3, 1, 1]|[0, 2, 0, 2, 0, 0, 0, 2, 0, 1, 0, 1, 1, 0, 2, 1, 1, 0, 0, 1];[10, 12, 1, 15, 5, 6, 13, 8, 17, 11, 18, 19, 14, 16, 7, 2, 3, 9, 4, 0]|[0, 0, 0, 0, 2, 1, 0, 0, 1, 2, 0, 0, 0, 1, 0, 2, 2, 0, 2, 1]|[3, 3, 3, 3, 1, 1, 3, 3, 1, 1, 3, 0, 0, 1, 3, 0, 0, 3, 1, 1]|[0, 2, 0, 2, 0, 0, 0, 2, 0, 1, 0, 1, 1, 0, 2, 1, 1, 0, 0, 1];[2, 16, 18, 14, 10, 5, 17, 11, 6, 13, 4, 3, 9, 8, 12, 0, 15, 7, 1, 19]|[0, 2, 2, 0, 0, 1, 0, 2, 1, 0, 1, 2, 0, 0, 0, 0, 0, 0, 2, 1]|[3, 0, 0, 3, 3, 1, 3, 1, 0, 0, 1, 1, 3, 3, 0, 3, 3, 3, 1, 1]|[0, 0, 1, 2, 0, 1, 2, 0, 1, 1, 0, 1, 2, 0, 1, 2, 1, 0, 0, 1];[10, 19, 8, 15, 11, 7, 6, 3, 13, 17, 2, 18, 4, 12, 16, 14, 5, 9, 1, 0]|[0, 1, 0, 0, 2, 0, 1, 2, 0, 1, 1, 0, 2, 2, 0, 0, 0, 0, 2, 1]|[0, 1, 3, 3, 1, 0, 1, 1, 3, 0, 1, 3, 1, 0, 3, 2, 1, 2, 1, 1]|[2, 1, 1, 2, 1, 0, 1, 0, 0, 0, 1, 1, 1, 1, 0, 1, 2, 0, 0, 1];[2, 12, 8, 9, 3, 14, 7, 17, 11, 1, 5, 10, 19, 15, 4, 13, 18, 0, 6, 16]|[0, 0, 0, 0, 2, 1, 0, 1, 2, 0, 0, 1, 0, 0, 2, 2, 0, 0, 2, 1]|[3, 0, 0, 3, 0, 1, 0, 1, 0, 0, 3, 0, 3, 1, 0, 1, 1, 0, 1, 1]|[2, 0, 0, 2, 1, 0, 0, 1, 0, 0, 2, 1, 1, 0, 0, 1, 1, 2, 1, 0];[5, 14, 10, 11, 2, 18, 4, 16, 12, 0, 19, 1, 3, 17, 15, 13, 6, 9, 7, 8]|[0, 2, 0, 2, 1, 2, 2, 1, 1, 0, 2, 0, 0, 1, 1, 1, 2, 1, 1, 0]|[3, 0, 3, 0, 1, 1, 0, 1, 1, 1, 0, 0, 1, 0, 1, 1, 1, 1, 1, 3]|[2, 1, 1, 0, 1, 1, 0, 1, 0, 2, 1, 0, 0, 1, 1, 1, 0, 1, 1, 2];[2, 12, 13, 15, 19, 18, 8, 5, 17, 1, 3, 10, 6, 7, 4, 9, 16, 0, 14, 11]|[0, 1, 1, 0, 2, 1, 2, 2, 1, 0, 0, 2, 0, 1, 0, 1, 1, 2, 1, 0]|[3, 1, 1, 2, 1, 1, 0, 1, 0, 0, 3, 1, 3, 1, 0, 1, 1, 1, 1, 3]|[0, 1, 1, 2, 1, 0, 1, 1, 1, 1, 0, 1, 2, 1, 1, 1, 1, 1, 1, 0];[2, 18, 7, 3, 9, 5, 6, 0, 15, 11, 16, 19, 13, 4, 12, 17, 14, 10, 1, 8]|[0, 2, 2, 0, 0, 1, 0, 0, 2, 0, 2, 2, 1, 2, 1, 1, 1, 1, 1, 2]|[3, 1, 0, 0, 3, 1, 0, 3, 1, 3, 0, 0, 1, 1, 1, 1, 1, 1, 1, 1]|[0, 1, 0, 1, 2, 1, 0, 0, 1, 2, 0, 1, 1, 1, 1, 1, 1, 1, 1, 0];[5, 13, 2, 15, 6, 18, 17, 10, 0, 12, 19, 7, 8, 3, 4, 9, 1, 16, 14, 11]|[1, 1, 2, 0, 1, 0, 1, 0, 2, 2, 2, 2, 1, 0, 0, 2, 2, 1, 2, 0]|[1, 0, 1, 3, 1, 0, 1, 2, 1, 1, 0, 0, 1, 2, 3, 0, 1, 0, 0, 3]|[1, 1, 1, 0, 1, 1, 1, 0, 1, 1, 0, 0, 1, 2, 0, 1, 0, 0, 1, 2];[5, 13, 2, 15, 6, 18, 17, 10, 0, 12, 19, 7, 8, 3, 4, 9, 1, 16, 14, 11]|[1, 1, 2, 0, 1, 0, 1, 0, 2, 2, 2, 2, 1, 0, 0, 2, 2, 1, 2, 0]|[1, 0, 1, 3, 1, 0, 1, 2, 1, 1, 0, 0, 1, 2, 3, 0, 1, 0, 0, 3]|[1, 1, 1, 0, 1, 1, 1, 0, 1, 1, 0, 0, 1, 2, 0, 1, 0, 0, 1, 2];[5, 16, 1, 14, 13, 2, 18, 9, 0, 7, 11, 12, 3, 10, 15, 6, 19, 4, 8, 17]|[0, 1, 0, 2, 1, 1, 2, 2, 1, 0, 1, 2, 2, 1, 0, 1, 2, 2, 2, 0]|[3, 1, 1, 0, 1, 0, 1, 0, 1, 0, 0, 1, 0, 0, 3, 1, 0, 1, 0, 0]|[0, 1, 0, 1, 0, 1, 0, 1, 0, 1, 1, 0, 1, 1, 1, 1, 0, 1, 1, 2];[5, 16, 1, 14, 13, 2, 18, 9, 0, 7, 11, 12, 3, 10, 15, 6, 19, 4, 8, 17]|[0, 1, 0, 2, 1, 1, 2, 2, 1, 0, 1, 2, 2, 1, 0, 1, 2, 2, 2, 0]|[3, 1, 1, 0, 1, 0, 1, 0, 1, 0, 0, 1, 0, 0, 3, 1, 0, 1, 0, 0]|[0, 1, 0, 1, 0, 1, 0, 1, 0, 1, 1, 0, 1, 1, 1, 1, 0, 1, 1, 2];[6, 13, 9, 1, 16, 7, 14, 12, 17, 18, 3, 5, 0, 2, 8, 15, 10, 11, 4, 19]|[1, 1, 0, 0, 2, 2, 1, 1, 2, 1, 1, 2, 1, 0, 0, 0, 2, 0, 1, 0]|[1, 1, 3, 3, 1, 0, 1, 1, 1, 1, 1, 0, 1, 3, 3, 3, 1, 3, 1, 3]|[1, 1, 0, 2, 1, 1, 1, 1, 1, 1, 1, 0, 1, 0, 1, 0, 1, 2, 1, 0];[6, 13, 9, 1, 16, 7, 14, 12, 17, 18, 3, 5, 0, 2, 8, 15, 10, 11, 4, 19]|[1, 1, 0, 0, 2, 2, 1, 1, 2, 1, 1, 2, 1, 0, 0, 0, 2, 0, 1, 0]|[1, 1, 3, 3, 1, 0, 1, 1, 1, 1, 1, 0, 1, 3, 3, 3, 1, 3, 1, 3]|[1, 1, 0, 2, 1, 1, 1, 1, 1, 1, 1, 0, 1, 0, 1, 0, 1, 2, 1, 0];[2, 19, 13, 15, 12, 9, 16, 14, 3, 7, 0, 18, 6, 8, 10, 11, 1, 4, 5, 17]|[0, 1, 1, 0, 2, 1, 2, 2, 1, 0, 0, 2, 0, 1, 0, 1, 1, 2, 1, 0]|[3, 1, 1, 3, 0, 1, 0, 1, 0, 0, 3, 0, 3, 1, 0, 1, 1, 0, 1, 3]|[0, 1, 1, 2, 1, 0, 0, 1, 1, 0, 0, 1, 2, 1, 1, 1, 1, 1, 1, 0];[2, 13, 15, 12, 10, 14, 7, 0, 6, 8, 16, 19, 5, 17, 4, 3, 11, 18, 9, 1]|[0, 2, 0, 2, 0, 0, 2, 0, 0, 2, 2, 1, 1, 1, 1, 1, 1, 1, 1, 0]|[3, 0, 3, 0, 3, 1, 1, 3, 3, 0, 0, 1, 1, 1, 1, 1, 1, 1, 1, 3]|[0, 0, 2, 1, 1, 2, 1, 0, 0, 0, 1, 1, 1, 1, 1, 1, 1, 1, 1, 0];[5, 2, 13, 14, 8, 3, 12, 6, 11, 0, 7, 18, 16, 17, 4, 1, 19, 10, 15, 9]|[0, 1, 1, 0, 1, 2, 1, 1, 2, 0, 0, 1, 2, 2, 2, 0, 1, 2, 0, 0]|[3, 1, 1, 3, 1, 1, 1, 1, 0, 3, 0, 0, 0, 0, 0, 3, 1, 0, 3, 3]|[2, 1, 1, 2, 1, 1, 1, 1, 0, 0, 0, 1, 1, 1, 0, 2, 1, 1, 2, 0]	sBp=[5, 2, 14, 10, 4, 13, 16, 19, 17, 0, 11, 9, 12, 3, 18, 15, 6, 1, 7, 8]|[0, 1, 0, 2, 1, 1, 2, 2, 1, 0, 1, 2, 2, 0, 0, 2, 1, 2, 1, 0]|[0, 0, 3, 1, 1, 1, 0, 1, 0, 3, 0, 0, 1, 0, 3, 0, 1, 0, 1, 3]|[0, 0, 2, 1, 1, 1, 0, 1, 1, 2, 0, 0, 0, 1, 0, 1, 1, 1, 1, 0];[5, 4, 14, 10, 2, 6, 3, 0, 17, 12, 11, 1, 16, 18, 7, 15, 9, 13, 19, 8]|[0, 1, 0, 2, 1, 2, 2, 1, 1, 0, 0, 1, 0, 2, 0, 1, 2, 1, 1, 0]|[3, 1, 3, 0, 1, 0, 0, 1, 1, 3, 3, 1, 3, 0, 3, 1, 0, 1, 1, 3]|[0, 1, 2, 1, 1, 0, 1, 1, 1, 0, 0, 1, 2, 1, 0, 1, 1, 1, 1, 0];[19, 12, 7, 8, 0, 17, 16, 6, 13, 14, 10, 1, 18, 11, 15, 2, 5, 9, 3, 4]|[1, 0, 0, 0, 1, 0, 2, 1, 0, 0, 0, 0, 0, 2, 0, 2, 2, 0, 2, 1]|[1, 3, 3, 3, 1, 0, 1, 1, 3, 3, 3, 3, 2, 1, 3, 0, 0, 0, 1, 1]|[1, 0, 2, 0, 0, 1, 0, 0, 2, 0, 2, 0, 0, 1, 2, 1, 1, 1, 0, 1];[5, 2, 19, 14, 16, 6, 13, 4, 11, 8, 17, 15, 1, 10, 0, 7, 9, 18, 12, 3]|[0, 1, 1, 0, 2, 2, 1, 2, 1, 2, 0, 1, 0, 2, 0, 0, 1, 2, 1, 0]|[3, 1, 1, 3, 0, 0, 1, 0, 1, 0, 0, 1, 3, 0, 3, 3, 0, 0, 1, 3]|[2, 1, 1, 0, 1, 0, 1, 1, 1, 0, 0, 1, 2, 1, 2, 0, 1, 1, 1, 0];[12, 19, 11, 3, 17, 7, 16, 9, 13, 0, 18, 8, 14, 10, 6, 4, 1, 15, 2, 5]|[0, 1, 1, 1, 1, 1, 2, 1, 1, 0, 0, 2, 0, 2, 2, 2, 0, 0, 1, 0]|[3, 1, 1, 1, 1, 1, 0, 1, 1, 2, 3, 0, 3, 0, 0, 1, 3, 3, 1, 3]|[0, 1, 1, 1, 1, 1, 1, 1, 1, 1, 0, 1, 2, 1, 0, 0, 0, 2, 1, 0];[19, 12, 7, 8, 0, 17, 16, 6, 13, 14, 10, 1, 18, 11, 15, 2, 5, 9, 3, 4]|[1, 0, 0, 0, 1, 0, 2, 1, 0, 0, 0, 0, 0, 2, 0, 2, 2, 0, 2, 1]|[1, 3, 3, 3, 1, 0, 1, 1, 3, 3, 3, 3, 2, 1, 3, 0, 0, 0, 1, 1]|[1, 0, 2, 0, 0, 1, 0, 0, 2, 0, 2, 0, 0, 1, 2, 1, 1, 1, 0, 1];[5, 2, 13, 14, 10, 19, 16, 6, 4, 7, 0, 12, 18, 9, 17, 15, 11, 1, 3, 8]|[0, 1, 1, 0, 2, 1, 2, 2, 1, 0, 0, 2, 0, 1, 0, 1, 1, 2, 1, 0]|[3, 1, 1, 3, 0, 1, 0, 1, 0, 0, 3, 0, 3, 1, 0, 1, 1, 0, 1, 3]|[0, 1, 1, 2, 1, 0, 0, 1, 1, 0, 0, 1, 2, 1, 1, 1, 1, 1, 1, 0];[19, 13, 18, 8, 10, 6, 12, 9, 16, 14, 3, 2, 17, 11, 1, 4, 5, 15, 7, 0]|[2, 1, 2, 1, 0, 0, 2, 1, 2, 2, 1, 0, 0, 1, 1, 2, 1, 0, 0, 0]|[0, 1, 0, 1, 3, 3, 0, 1, 0, 1, 0, 3, 3, 1, 1, 0, 1, 3, 3, 3]|[1, 1, 1, 1, 0, 2, 1, 0, 0, 1, 1, 0, 0, 1, 1, 1, 1, 2, 0, 0];[5, 16, 17, 4, 6, 14, 0, 2, 9, 12, 15, 18, 3, 10, 19, 13, 8, 11, 7, 1]|[0, 1, 1, 2, 2, 0, 2, 1, 0, 2, 0, 0, 1, 2, 1, 1, 2, 2, 1, 0]|[3, 1, 1, 1, 0, 0, 0, 1, 3, 0, 3, 3, 1, 1, 0, 1, 0, 0, 1, 3]|[2, 1, 1, 1, 0, 0, 1, 1, 2, 1, 0, 0, 1, 1, 0, 1, 0, 1, 1, 0];[2, 19, 13, 15, 12, 18, 8, 5, 17, 1, 0, 9, 6, 14, 11, 7, 3, 10, 4, 16]|[0, 1, 1, 0, 2, 1, 2, 2, 1, 0, 0, 2, 0, 1, 0, 1, 1, 2, 1, 0]|[3, 1, 1, 3, 0, 1, 0, 0, 0, 0, 3, 0, 3, 1, 0, 1, 1, 0, 1, 3]|[0, 1, 1, 2, 1, 0, 0, 1, 1, 1, 0, 1, 2, 1, 1, 1, 1, 0, 1, 0];[5, 2, 13, 14, 10, 19, 6, 3, 4, 7, 12, 18, 16, 15, 11, 1, 17, 9, 0, 8]|[0, 1, 1, 0, 2, 1, 2, 2, 1, 0, 0, 2, 0, 1, 0, 1, 1, 2, 1, 0]|[3, 1, 1, 3, 0, 1, 0, 0, 0, 0, 3, 0, 3, 1, 0, 1, 1, 0, 1, 3]|[0, 1, 1, 2, 1, 0, 0, 1, 1, 0, 0, 1, 2, 1, 0, 1, 1, 1, 1, 0];[2, 19, 13, 15, 12, 18, 8, 5, 17, 1, 6, 16, 0, 14, 9, 7, 4, 10, 3, 11]|[0, 1, 1, 0, 2, 1, 2, 2, 1, 0, 0, 2, 0, 1, 0, 1, 1, 2, 1, 0]|[3, 1, 1, 3, 0, 1, 0, 1, 0, 1, 3, 0, 3, 1, 0, 1, 1, 0, 1, 3]|[0, 1, 1, 2, 1, 0, 0, 1, 1, 0, 0, 1, 2, 1, 1, 1, 1, 1, 1, 0];[2, 19, 6, 15, 3, 1, 9, 17, 0, 13, 18, 14, 5, 8, 7, 12, 4, 11, 10, 16]|[0, 1, 1, 0, 1, 0, 0, 2, 0, 1, 1, 2, 2, 2, 1, 1, 2, 2, 1, 0]|[3, 1, 1, 3, 1, 0, 3, 1, 3, 1, 1, 0, 0, 0, 1, 1, 0, 0, 1, 3]|[0, 1, 1, 2, 1, 2, 0, 1, 1, 1, 1, 0, 1, 0, 1, 1, 1, 1, 1, 0];[12, 13, 7, 2, 3, 4, 9, 6, 11, 5, 17, 15, 1, 14, 19, 18, 10, 0, 8, 16]|[0, 0, 0, 0, 2, 1, 2, 1, 2, 1, 0, 0, 2, 2, 0, 0, 0, 0, 0, 1]|[3, 2, 3, 3, 1, 1, 0, 1, 1, 1, 3, 3, 0, 0, 3, 3, 0, 3, 3, 1]|[0, 1, 2, 0, 1, 0, 1, 1, 0, 1, 2, 1, 1, 0, 0, 1, 2, 2, 0, 1];[5, 2, 13, 14, 9, 8, 6, 16, 17, 7, 0, 3, 12, 10, 19, 15, 11, 4, 1, 18]|[0, 1, 1, 0, 2, 1, 2, 2, 1, 0, 0, 2, 0, 1, 0, 1, 1, 2, 1, 0]|[3, 1, 1, 3, 1, 1, 0, 1, 1, 3, 3, 0, 3, 1, 0, 1, 1, 0, 1, 3]|[0, 1, 1, 2, 1, 1, 0, 0, 0, 2, 0, 1, 2, 1, 1, 1, 1, 1, 1, 2];[5, 2, 13, 14, 10, 19, 16, 3, 4, 7, 15, 0, 12, 9, 1, 11, 18, 17, 6, 8]|[2, 1, 1, 0, 0, 1, 2, 1, 2, 1, 0, 2, 0, 1, 1, 1, 1, 2, 2, 0]|[0, 1, 1, 3, 1, 0, 1, 1, 0, 0, 3, 0, 3, 1, 0, 1, 1, 0, 0, 3]|[0, 1, 1, 2, 1, 0, 1, 1, 1, 1, 2, 0, 0, 0, 1, 1, 1, 0, 1, 2];[5, 2, 13, 14, 10, 19, 16, 3, 4, 7, 15, 0, 12, 9, 1, 11, 18, 17, 6, 8]|[0, 1, 1, 0, 0, 1, 2, 1, 2, 1, 0, 2, 0, 1, 2, 1, 1, 2, 1, 0]|[3, 1, 1, 3, 1, 0, 1, 1, 0, 0, 3, 0, 3, 1, 0, 1, 1, 0, 1, 3]|[0, 1, 1, 2, 1, 0, 1, 1, 1, 1, 2, 0, 0, 0, 1, 1, 1, 0, 1, 2];[2, 12, 13, 15, 19, 18, 8, 10, 17, 1, 3, 5, 6, 7, 0, 9, 16, 4, 14, 11]|[0, 1, 1, 0, 2, 1, 2, 2, 1, 0, 0, 2, 0, 1, 2, 1, 1, 2, 1, 0]|[3, 1, 1, 2, 0, 1, 0, 1, 0, 0, 3, 1, 3, 1, 1, 1, 1, 0, 1, 3]|[0, 1, 1, 2, 1, 0, 1, 1, 1, 1, 0, 1, 2, 1, 1, 1, 1, 0, 1, 0];[2, 12, 13, 15, 19, 18, 8, 10, 17, 1, 3, 5, 6, 7, 0, 9, 16, 4, 14, 11]|[0, 1, 1, 0, 2, 1, 2, 2, 1, 0, 0, 2, 0, 1, 2, 1, 1, 2, 1, 0]|[3, 1, 1, 2, 0, 1, 0, 1, 0, 0, 3, 1, 3, 1, 1, 1, 1, 0, 1, 3]|[0, 1, 1, 2, 1, 0, 1, 1, 1, 1, 0, 1, 2, 1, 1, 1, 1, 0, 1, 0];[2, 19, 13, 15, 12, 18, 8, 5, 17, 16, 11, 10, 7, 3, 4, 14, 0, 6, 1, 9]|[0, 1, 1, 0, 2, 1, 2, 2, 1, 0, 0, 2, 0, 1, 2, 1, 1, 2, 1, 0]|[3, 1, 1, 3, 0, 1, 0, 1, 0, 0, 3, 0, 3, 1, 0, 1, 1, 0, 1, 3]|[2, 1, 1, 2, 1, 0, 0, 1, 1, 0, 0, 1, 2, 1, 1, 1, 1, 1, 1, 0];[2, 19, 13, 15, 11, 18, 8, 5, 3, 1, 9, 17, 0, 10, 14, 12, 6, 4, 7, 16]|[0, 1, 1, 0, 2, 1, 2, 2, 1, 0, 0, 2, 0, 1, 2, 1, 1, 2, 1, 0]|[3, 1, 1, 3, 0, 1, 0, 0, 0, 0, 3, 1, 3, 1, 0, 1, 1, 0, 1, 3]|[0, 1, 1, 2, 1, 1, 0, 0, 0, 2, 0, 1, 1, 1, 1, 1, 1, 1, 1, 0];[2, 19, 13, 15, 12, 18, 8, 5, 1, 9, 11, 4, 0, 10, 6, 14, 17, 3, 7, 16]|[0, 1, 1, 0, 0, 1, 2, 2, 1, 0, 0, 2, 0, 1, 2, 1, 1, 2, 1, 0]|[3, 1, 1, 3, 1, 1, 0, 1, 0, 0, 3, 0, 3, 1, 0, 1, 1, 0, 1, 3]|[0, 1, 1, 2, 1, 0, 0, 0, 1, 0, 0, 1, 2, 1, 1, 1, 1, 1, 1, 0];[5, 19, 10, 14, 2, 6, 4, 8, 15, 12, 18, 9, 11, 7, 0, 17, 3, 13, 16, 1]|[0, 1, 2, 0, 1, 2, 2, 1, 0, 1, 0, 2, 0, 0, 2, 2, 1, 1, 1, 0]|[3, 1, 0, 3, 1, 0, 1, 1, 3, 1, 3, 0, 3, 0, 0, 0, 1, 1, 1, 3]|[0, 1, 1, 2, 1, 0, 0, 1, 0, 1, 1, 1, 0, 2, 1, 1, 1, 1, 1, 0];[2, 19, 13, 15, 8, 0, 3, 12, 17, 6, 9, 16, 18, 10, 14, 11, 1, 4, 7, 5]|[0, 1, 1, 0, 2, 1, 2, 2, 1, 0, 0, 2, 0, 1, 2, 1, 1, 2, 1, 0]|[3, 1, 1, 2, 1, 1, 0, 1, 0, 0, 3, 0, 3, 1, 0, 1, 1, 0, 1, 3]|[0, 1, 1, 2, 1, 0, 0, 0, 1, 1, 0, 1, 2, 1, 1, 1, 1, 1, 1, 0];[16, 19, 13, 14, 10, 6, 4, 3, 5, 8, 18, 0, 15, 9, 17, 12, 1, 11, 2, 7]|[0, 1, 1, 0, 2, 2, 2, 1, 0, 2, 0, 0, 1, 1, 0, 1, 1, 2, 1, 0]|[3, 1, 1, 3, 0, 0, 1, 1, 3, 0, 3, 3, 1, 1, 3, 1, 1, 1, 1, 3]|[0, 1, 1, 2, 1, 0, 0, 1, 0, 1, 0, 2, 1, 1, 0, 1, 1, 1, 1, 0];[5, 14, 10, 19, 2, 16, 6, 3, 7, 0, 12, 18, 17, 15, 9, 13, 11, 1, 4, 8]|[0, 0, 2, 1, 1, 2, 2, 1, 0, 0, 2, 0, 0, 1, 1, 1, 1, 2, 1, 0]|[3, 3, 0, 1, 1, 0, 1, 1, 0, 3, 0, 3, 0, 1, 1, 1, 1, 0, 1, 3]|[0, 2, 1, 1, 1, 0, 1, 1, 0, 0, 1, 2, 1, 1, 1, 1, 1, 1, 1, 0];[5, 19, 13, 6, 2, 17, 12, 8, 16, 0, 10, 14, 1, 4, 15, 9, 7, 18, 11, 3]|[0, 1, 2, 2, 1, 1, 1, 0, 2, 0, 0, 0, 1, 1, 2, 1, 2, 2, 1, 0]|[0, 1, 0, 0, 1, 1, 0, 3, 0, 3, 1, 3, 0, 1, 1, 0, 1, 0, 1, 3]|[0, 1, 1, 0, 1, 0, 1, 2, 0, 1, 0, 2, 1, 1, 0, 0, 1, 0, 1, 0];[2, 13, 14, 10, 6, 4, 3, 7, 12, 8, 16, 5, 15, 11, 17, 1, 9, 19, 0, 18]|[1, 2, 0, 2, 2, 2, 1, 0, 0, 2, 0, 0, 1, 0, 1, 1, 1, 1, 1, 0]|[0, 0, 0, 0, 0, 0, 0, 1, 3, 0, 3, 3, 1, 0, 1, 1, 1, 1, 1, 3]|[1, 1, 1, 1, 0, 1, 1, 0, 2, 0, 0, 2, 0, 0, 1, 1, 0, 1, 1, 0];[2, 11, 0, 19, 15, 3, 12, 17, 6, 9, 16, 18, 10, 8, 14, 4, 13, 7, 1, 5]|[0, 1, 1, 1, 0, 2, 2, 2, 0, 0, 2, 0, 1, 2, 2, 2, 1, 1, 1, 0]|[3, 1, 1, 1, 2, 0, 1, 1, 0, 3, 0, 3, 1, 1, 0, 0, 1, 1, 1, 3]|[0, 1, 1, 1, 2, 0, 1, 1, 1, 0, 0, 2, 1, 1, 1, 1, 1, 1, 1, 0];[15, 8, 0, 12, 5, 16, 14, 1, 4, 7, 13, 10, 18, 9, 17, 3, 11, 2, 6, 19]|[0, 1, 1, 0, 2, 1, 2, 2, 1, 0, 0, 2, 0, 1, 0, 1, 0, 2, 1, 0]|[3, 1, 1, 3, 0, 1, 0, 1, 0, 0, 3, 0, 3, 1, 0, 1, 3, 0, 1, 3]|[0, 1, 1, 2, 0, 0, 0, 1, 1, 0, 0, 1, 2, 1, 1, 1, 1, 0, 1, 0];[5, 2, 11, 15, 13, 0, 3, 9, 1, 18, 17, 6, 19, 10, 14, 12, 7, 4, 8, 16]|[0, 1, 1, 2, 1, 0, 2, 0, 0, 1, 1, 2, 2, 2, 0, 1, 1, 2, 1, 2]|[3, 1, 1, 0, 1, 3, 0, 3, 0, 1, 1, 0, 1, 0, 3, 1, 1, 0, 1, 1]|[0, 1, 1, 1, 1, 2, 1, 0, 0, 1, 1, 0, 1, 1, 2, 1, 1, 1, 1, 0];[13, 19, 9, 10, 8, 15, 1, 4, 17, 0, 3, 2, 5, 11, 14, 18, 12, 7, 6, 16]|[0, 2, 0, 1, 0, 0, 0, 2, 2, 0, 0, 0, 1, 2, 1, 0, 0, 0, 2, 1]|[3, 1, 3, 1, 3, 3, 3, 1, 0, 3, 3, 3, 1, 0, 1, 3, 3, 3, 1, 1]|[0, 1, 2, 1, 0, 0, 2, 1, 1, 0, 0, 2, 1, 1, 1, 0, 0, 0, 0, 1];[13, 19, 9, 10, 8, 15, 1, 4, 17, 0, 3, 2, 5, 11, 14, 18, 12, 7, 6, 16]|[0, 2, 0, 1, 0, 0, 0, 2, 2, 0, 0, 0, 1, 2, 1, 0, 0, 0, 2, 1]|[3, 1, 3, 1, 3, 3, 3, 1, 0, 3, 3, 3, 1, 0, 1, 3, 3, 3, 1, 1]|[0, 1, 2, 1, 0, 0, 2, 1, 1, 0, 0, 2, 1, 1, 1, 0, 0, 0, 0, 1];[13, 19, 9, 10, 8, 15, 1, 4, 17, 0, 3, 2, 5, 11, 14, 18, 12, 7, 6, 16]|[0, 2, 0, 1, 0, 0, 0, 2, 2, 0, 0, 0, 1, 2, 1, 0, 0, 0, 2, 1]|[3, 1, 3, 1, 3, 3, 3, 1, 0, 3, 3, 3, 1, 0, 1, 3, 3, 3, 1, 1]|[0, 1, 2, 1, 0, 0, 2, 1, 1, 0, 0, 2, 1, 1, 1, 0, 0, 0, 0, 1];[16, 11, 7, 10, 9, 13, 6, 12, 3, 5, 17, 18, 1, 2, 4, 15, 19, 8, 14, 0]|[1, 2, 2, 1, 2, 1, 0, 0, 2, 2, 1, 1, 2, 0, 0, 0, 1, 1, 0, 0]|[1, 0, 0, 1, 0, 1, 3, 3, 0, 1, 1, 1, 0, 3, 3, 3, 0, 1, 3, 3]|[1, 1, 0, 1, 1, 1, 0, 2, 0, 1, 1, 1, 1, 0, 0, 2, 0, 1, 0, 0];[10, 4, 14, 16, 12, 11, 15, 5, 1, 18, 17, 8, 19, 0, 6, 9, 3, 2, 13, 7]|[1, 0, 2, 1, 1, 2, 1, 0, 2, 2, 1, 1, 2, 1, 0, 0, 0, 0, 0, 0]|[1, 3, 1, 0, 1, 1, 1, 3, 0, 0, 1, 1, 0, 1, 3, 3, 3, 3, 3, 3]|[1, 0, 0, 0, 1, 1, 1, 2, 1, 0, 1, 1, 0, 1, 0, 0, 2, 0, 0, 0];[10, 4, 14, 16, 12, 11, 15, 5, 1, 18, 17, 8, 19, 0, 6, 9, 3, 2, 13, 7]|[1, 0, 2, 1, 1, 2, 1, 0, 2, 2, 1, 1, 2, 1, 0, 0, 0, 0, 0, 0]|[1, 3, 1, 0, 1, 1, 1, 3, 0, 0, 1, 1, 0, 1, 3, 3, 3, 3, 3, 3]|[1, 0, 0, 0, 1, 1, 1, 2, 1, 0, 1, 1, 0, 1, 0, 0, 2, 0, 0, 0];[7, 13, 6, 5, 4, 14, 16, 8, 10, 18, 1, 11, 17, 9, 15, 19, 3, 12, 2, 0]|[0, 1, 1, 2, 2, 1, 2, 0, 0, 1, 0, 1, 1, 1, 0, 2, 2, 1, 0, 0]|[0, 0, 0, 1, 0, 1, 0, 2, 3, 1, 3, 0, 1, 1, 0, 1, 0, 1, 3, 1]|[0, 1, 1, 1, 0, 0, 1, 0, 2, 0, 0, 1, 1, 1, 1, 1, 0, 1, 2, 1];[7, 13, 6, 5, 4, 14, 16, 8, 10, 18, 1, 11, 17, 9, 15, 19, 3, 12, 2, 0]|[0, 1, 1, 2, 2, 1, 2, 0, 0, 1, 0, 1, 1, 1, 0, 2, 2, 1, 0, 0]|[0, 0, 0, 1, 0, 1, 0, 2, 3, 1, 3, 0, 1, 1, 0, 1, 0, 1, 3, 1]|[0, 1, 1, 1, 0, 0, 1, 0, 2, 0, 0, 1, 1, 1, 1, 1, 0, 1, 2, 1];[2, 19, 13, 12, 18, 8, 5, 17, 16, 3, 14, 7, 6, 10, 11, 9, 4, 1, 15, 0]|[0, 1, 2, 2, 2, 2, 1, 1, 2, 1, 2, 1, 1, 1, 0, 0, 0, 0, 0, 0]|[3, 0, 1, 1, 1, 0, 1, 1, 0, 1, 0, 1, 1, 1, 3, 3, 3, 3, 3, 3]|[2, 0, 1, 1, 0, 0, 1, 1, 1, 1, 1, 1, 1, 1, 0, 0, 0, 0, 0, 2];[1, 2, 13, 14, 19, 4, 16, 5, 3, 10, 6, 8, 9, 15, 12, 18, 17, 7, 11, 0]|[0, 1, 1, 0, 2, 1, 2, 0, 0, 1, 2, 2, 2, 1, 2, 1, 0, 1, 1, 0]|[0, 1, 1, 3, 0, 1, 1, 0, 0, 1, 1, 0, 1, 1, 0, 0, 1, 1, 0, 3]|[0, 1, 1, 1, 0, 1, 1, 0, 0, 1, 1, 0, 1, 1, 1, 0, 2, 1, 0, 1];[1, 2, 13, 14, 19, 4, 16, 5, 3, 10, 6, 8, 9, 15, 12, 18, 17, 7, 11, 0]|[0, 1, 1, 0, 2, 1, 2, 0, 0, 1, 2, 2, 2, 1, 2, 1, 0, 1, 1, 0]|[0, 1, 1, 3, 0, 1, 1, 0, 0, 1, 1, 0, 1, 1, 0, 0, 1, 1, 0, 3]|[0, 1, 1, 1, 0, 1, 1, 0, 0, 1, 1, 0, 1, 1, 1, 0, 2, 1, 0, 1];[19, 15, 12, 18, 5, 17, 6, 8, 2, 9, 3, 13, 7, 14, 0, 11, 16, 1, 10, 4]|[0, 1, 2, 1, 1, 2, 1, 0, 0, 0, 0, 0, 0, 0, 0, 2, 2, 0, 2, 1]|[3, 0, 0, 1, 1, 0, 1, 3, 3, 3, 3, 3, 3, 3, 3, 0, 1, 3, 1, 1]|[0, 1, 1, 0, 1, 1, 1, 2, 0, 0, 2, 0, 0, 2, 0, 1, 1, 0, 0, 1];[2, 12, 13, 15, 19, 18, 8, 5, 17, 3, 11, 10, 1, 7, 14, 9, 0, 4, 6, 16]|[0, 1, 1, 0, 2, 1, 2, 2, 1, 0, 0, 2, 0, 1, 0, 1, 1, 2, 1, 0]|[3, 1, 1, 3, 1, 0, 1, 1, 1, 1, 1, 0, 3, 1, 0, 1, 1, 0, 1, 3]|[0, 1, 1, 2, 1, 0, 0, 1, 1, 0, 0, 1, 2, 1, 1, 1, 1, 1, 1, 0];[2, 12, 13, 15, 19, 0, 3, 5, 11, 14, 7, 10, 9, 8, 17, 4, 18, 1, 6, 16]|[0, 0, 0, 0, 2, 1, 0, 1, 2, 0, 0, 1, 0, 0, 2, 2, 0, 0, 2, 1]|[3, 1, 1, 3, 1, 1, 0, 1, 0, 0, 3, 1, 3, 0, 0, 1, 1, 1, 1, 1]|[2, 0, 1, 0, 1, 0, 0, 1, 1, 0, 0, 1, 2, 1, 1, 1, 0, 2, 0, 1];[4, 5, 10, 16, 19, 2, 14, 12, 18, 9, 6, 11, 0, 15, 17, 13, 1, 8, 3, 7]|[2, 1, 2, 2, 0, 0, 0, 2, 1, 0, 1, 1, 0, 0, 0, 0, 0, 0, 2, 1]|[1, 1, 0, 1, 3, 3, 3, 1, 1, 3, 1, 1, 3, 3, 3, 3, 3, 3, 1, 1]|[1, 0, 1, 1, 0, 2, 0, 1, 0, 1, 1, 1, 0, 2, 0, 0, 2, 0, 1, 0];[6, 19, 16, 7, 0, 9, 5, 14, 10, 18, 11, 2, 12, 15, 13, 8, 3, 1, 4, 17]|[0, 2, 2, 0, 1, 2, 1, 0, 1, 1, 2, 0, 0, 0, 0, 0, 0, 0, 2, 1]|[3, 0, 0, 3, 1, 1, 1, 3, 1, 1, 1, 3, 3, 3, 3, 3, 3, 3, 1, 1]|[0, 1, 1, 2, 0, 1, 0, 0, 1, 0, 0, 2, 0, 2, 0, 2, 0, 0, 1, 1];[6, 19, 16, 7, 0, 9, 5, 14, 10, 18, 11, 2, 12, 15, 13, 8, 3, 1, 4, 17]|[0, 2, 2, 0, 1, 2, 1, 0, 1, 1, 2, 0, 0, 0, 0, 0, 0, 0, 2, 1]|[3, 0, 0, 3, 1, 1, 1, 3, 1, 1, 1, 3, 3, 3, 3, 3, 3, 3, 1, 1]|[0, 1, 1, 2, 0, 1, 0, 0, 1, 0, 0, 2, 0, 2, 0, 2, 0, 0, 1, 1];[19, 18, 7, 12, 14, 2, 5, 17, 15, 0, 4, 11, 13, 1, 9, 8, 10, 3, 6, 16]|[2, 1, 0, 0, 0, 0, 1, 2, 0, 0, 2, 2, 0, 1, 1, 0, 0, 0, 2, 1]|[1, 1, 3, 3, 3, 3, 1, 1, 3, 3, 0, 0, 3, 1, 1, 3, 3, 3, 0, 1]|[1, 0, 0, 0, 2, 0, 1, 1, 2, 0, 1, 1, 2, 1, 1, 0, 0, 0, 1, 1];[19, 18, 7, 12, 14, 2, 5, 17, 15, 0, 4, 11, 13, 1, 9, 8, 10, 3, 6, 16]|[2, 1, 0, 0, 0, 0, 1, 2, 0, 0, 2, 2, 0, 1, 1, 0, 0, 0, 2, 1]|[1, 1, 3, 3, 3, 3, 1, 1, 3, 3, 0, 0, 3, 1, 1, 3, 3, 3, 0, 1]|[1, 0, 0, 0, 2, 0, 1, 1, 2, 0, 1, 1, 2, 1, 1, 0, 0, 0, 1, 1];[5, 2, 13, 14, 9, 18, 8, 6, 10, 1, 0, 16, 19, 15, 12, 11, 7, 17, 4, 3]|[0, 1, 1, 0, 2, 1, 2, 2, 1, 0, 0, 2, 0, 1, 0, 1, 1, 2, 1, 0]|[0, 1, 1, 3, 1, 0, 0, 1, 1, 0, 3, 1, 3, 1, 0, 0, 1, 1, 1, 0]|[1, 1, 1, 0, 1, 0, 0, 1, 1, 0, 1, 1, 2, 1, 1, 0, 1, 0, 1, 0];[5, 2, 8, 15, 11, 10, 3, 12, 7, 14, 9, 19, 16, 1, 13, 17, 6, 4, 18, 0]|[0, 1, 1, 0, 2, 1, 2, 2, 1, 0, 0, 2, 0, 1, 0, 1, 1, 2, 1, 0]|[3, 1, 0, 3, 1, 1, 0, 1, 0, 0, 0, 0, 2, 0, 0, 1, 1, 0, 1, 3]|[0, 1, 0, 0, 1, 0, 0, 1, 1, 2, 1, 0, 2, 1, 1, 1, 1, 1, 1, 0];[17, 2, 13, 7, 4, 19, 0, 18, 10, 15, 8, 5, 14, 3, 12, 16, 11, 9, 6, 1]|[1, 0, 1, 1, 2, 1, 0, 2, 1, 0, 1, 2, 2, 1, 2, 2, 0, 0, 0, 0]|[1, 3, 1, 1, 0, 1, 3, 0, 0, 3, 1, 0, 0, 1, 0, 0, 3, 3, 3, 3]|[1, 2, 1, 1, 1, 1, 0, 1, 0, 2, 1, 0, 1, 1, 1, 1, 0, 0, 2, 0];[2, 19, 13, 15, 12, 18, 8, 5, 17, 6, 0, 7, 14, 9, 10, 4, 11, 16, 3, 1]|[0, 1, 1, 0, 2, 1, 2, 2, 1, 0, 0, 2, 0, 1, 0, 1, 1, 2, 1, 0]|[3, 1, 1, 3, 0, 1, 0, 0, 1, 3, 3, 1, 1, 1, 3, 1, 1, 0, 1, 3]|[0, 1, 1, 2, 1, 0, 0, 1, 1, 0, 0, 1, 2, 1, 1, 1, 1, 1, 1, 0];[19, 10, 17, 14, 13, 18, 3, 16, 15, 7, 9, 2, 5, 12, 0, 8, 1, 4, 6, 11]|[2, 2, 2, 1, 1, 1, 2, 0, 0, 0, 0, 0, 1, 1, 1, 2, 2, 1, 0, 0]|[0, 0, 0, 1, 0, 1, 0, 3, 3, 3, 3, 3, 1, 1, 1, 0, 0, 1, 3, 3]|[1, 1, 1, 1, 1, 0, 1, 0, 2, 0, 2, 0, 1, 0, 1, 0, 1, 1, 2, 0];[13, 1, 2, 12, 4, 6, 19, 9, 15, 0, 5, 14, 10, 16, 11, 17, 7, 3, 18, 8]|[2, 0, 0, 2, 2, 2, 1, 0, 0, 0, 2, 0, 2, 1, 1, 1, 1, 1, 1, 0]|[0, 3, 0, 1, 1, 0, 1, 3, 1, 3, 0, 3, 0, 1, 1, 1, 1, 1, 1, 3]|[1, 2, 1, 0, 1, 1, 1, 1, 0, 2, 1, 0, 1, 1, 1, 1, 1, 1, 1, 0];[2, 19, 13, 15, 12, 3, 5, 16, 17, 1, 9, 18, 0, 10, 14, 11, 8, 4, 7, 6]|[0, 1, 1, 0, 2, 1, 2, 2, 1, 0, 0, 2, 0, 1, 2, 1, 1, 2, 1, 0]|[3, 1, 1, 3, 0, 1, 0, 0, 0, 0, 3, 0, 3, 1, 0, 1, 1, 0, 1, 3]|[0, 1, 1, 2, 1, 0, 0, 1, 1, 0, 0, 1, 2, 1, 1, 1, 1, 1, 1, 0];[5, 19, 2, 10, 14, 13, 6, 16, 17, 12, 3, 11, 8, 7, 1, 18, 0, 15, 4, 9]|[0, 1, 1, 2, 0, 1, 2, 2, 1, 0, 0, 2, 0, 1, 0, 1, 2, 1, 1, 0]|[3, 1, 1, 1, 3, 1, 0, 1, 1, 0, 3, 0, 3, 1, 0, 1, 0, 1, 1, 3]|[0, 1, 1, 1, 2, 1, 0, 1, 1, 2, 0, 1, 2, 1, 1, 1, 0, 1, 1, 0];[2, 1, 14, 3, 4, 19, 8, 13, 7, 16, 5, 17, 0, 18, 12, 10, 15, 9, 6, 11]|[0, 0, 0, 0, 2, 2, 0, 2, 2, 2, 1, 2, 1, 1, 1, 1, 1, 1, 1, 0]|[0, 3, 3, 3, 1, 0, 3, 1, 0, 1, 1, 1, 1, 1, 1, 1, 1, 1, 1, 3]|[2, 1, 0, 0, 1, 0, 1, 1, 1, 1, 1, 1, 1, 1, 1, 1, 1, 1, 1, 0];[2, 1, 14, 3, 4, 19, 8, 13, 7, 16, 5, 17, 0, 18, 12, 10, 15, 9, 6, 11]|[0, 0, 0, 0, 2, 2, 0, 2, 2, 2, 1, 2, 1, 1, 1, 1, 1, 1, 1, 0]|[0, 3, 3, 3, 1, 0, 3, 1, 0, 1, 1, 1, 1, 1, 1, 1, 1, 1, 1, 3]|[2, 1, 0, 0, 1, 0, 1, 1, 1, 1, 1, 1, 1, 1, 1, 1, 1, 1, 1, 0];[15, 13, 2, 18, 10, 4, 11, 16, 9, 1, 0, 17, 3, 14, 19, 5, 12, 8, 7, 6]|[0, 1, 0, 1, 2, 2, 2, 1, 1, 0, 0, 1, 0, 1, 2, 2, 2, 2, 1, 0]|[3, 0, 3, 1, 0, 0, 0, 1, 1, 3, 3, 1, 0, 1, 1, 1, 0, 1, 1, 3]|[2, 0, 0, 1, 1, 0, 0, 1, 1, 2, 0, 1, 1, 1, 1, 1, 1, 1, 1, 0];[10, 19, 8, 15, 11, 14, 17, 6, 3, 13, 12, 16, 1, 2, 9, 0, 18, 7, 5, 4]|[0, 0, 0, 0, 2, 1, 0, 1, 2, 0, 0, 2, 2, 0, 0, 1, 0, 0, 2, 1]|[0, 3, 3, 3, 1, 1, 3, 1, 1, 3, 2, 0, 0, 3, 3, 1, 3, 3, 0, 1]|[1, 2, 0, 2, 1, 0, 1, 0, 0, 2, 0, 1, 1, 0, 1, 0, 2, 0, 1, 1];[10, 19, 8, 15, 11, 14, 17, 6, 3, 13, 12, 16, 1, 2, 9, 0, 18, 7, 5, 4]|[0, 0, 0, 0, 2, 1, 0, 1, 2, 0, 0, 2, 2, 0, 0, 1, 0, 0, 2, 1]|[0, 3, 3, 3, 1, 1, 3, 1, 1, 3, 2, 0, 0, 3, 3, 1, 3, 3, 0, 1]|[1, 2, 0, 2, 1, 0, 1, 0, 0, 2, 0, 1, 1, 0, 1, 0, 2, 0, 1, 1];[2, 1, 8, 7, 19, 9, 6, 14, 3, 0, 12, 17, 5, 11, 4, 10, 15, 13, 18, 16]|[0, 0, 2, 2, 2, 2, 0, 0, 2, 0, 2, 2, 1, 1, 1, 1, 1, 1, 1, 0]|[3, 0, 0, 0, 1, 1, 3, 2, 0, 2, 1, 1, 1, 1, 1, 1, 1, 1, 1, 3]|[2, 1, 1, 1, 0, 0, 0, 1, 1, 2, 1, 0, 1, 1, 1, 1, 1, 1, 1, 0];[2, 19, 15, 8, 5, 16, 11, 10, 7, 14, 4, 1, 3, 6, 0, 17, 18, 12, 13, 9]|[0, 1, 0, 2, 2, 0, 0, 2, 0, 2, 2, 1, 1, 2, 1, 1, 1, 1, 1, 0]|[3, 1, 3, 0, 1, 0, 3, 0, 3, 1, 0, 1, 1, 0, 1, 1, 1, 1, 1, 3]|[2, 1, 2, 0, 1, 0, 0, 1, 2, 1, 1, 1, 1, 1, 1, 1, 1, 1, 1, 0];[5, 2, 14, 4, 19, 15, 7, 8, 11, 1, 17, 10, 3, 6, 9, 0, 13, 12, 18, 16]|[0, 1, 0, 2, 1, 1, 0, 0, 0, 1, 2, 2, 2, 2, 1, 1, 1, 2, 1, 0]|[3, 1, 3, 1, 1, 1, 0, 3, 3, 1, 1, 1, 0, 0, 1, 1, 1, 0, 1, 3]|[0, 1, 2, 1, 1, 1, 1, 0, 2, 1, 1, 1, 1, 0, 1, 1, 1, 1, 1, 0];[1, 10, 19, 16, 15, 2, 9, 5, 12, 11, 0, 3, 7, 6, 13, 4, 17, 18, 8, 14]|[0, 2, 2, 1, 2, 1, 0, 0, 0, 2, 0, 1, 1, 2, 1, 1, 0, 1, 1, 0]|[1, 1, 1, 1, 1, 1, 3, 3, 1, 0, 0, 1, 1, 0, 1, 0, 0, 1, 1, 3]|[0, 1, 1, 1, 1, 1, 0, 0, 0, 1, 2, 1, 1, 1, 1, 0, 1, 1, 1, 2];[15, 2, 14, 9, 8, 19, 12, 3, 18, 4, 7, 16, 5, 10, 17, 6, 11, 1, 13, 0]|[0, 2, 2, 2, 2, 2, 0, 0, 0, 2, 0, 1, 0, 1, 1, 1, 1, 2, 1, 0]|[0, 0, 0, 1, 0, 1, 3, 3, 1, 0, 3, 1, 0, 1, 1, 1, 1, 1, 1, 3]|[1, 1, 1, 1, 0, 1, 0, 0, 0, 0, 2, 1, 1, 1, 1, 1, 1, 1, 1, 0];[15, 2, 14, 9, 8, 19, 12, 3, 18, 4, 7, 16, 5, 10, 17, 6, 11, 1, 13, 0]|[0, 2, 2, 2, 2, 2, 0, 0, 0, 2, 0, 1, 0, 1, 1, 1, 1, 2, 1, 0]|[0, 0, 0, 1, 0, 1, 3, 3, 1, 0, 3, 1, 0, 1, 1, 1, 1, 1, 1, 3]|[1, 1, 1, 1, 0, 1, 0, 0, 0, 0, 2, 1, 1, 1, 1, 1, 1, 1, 1, 0];[15, 19, 18, 14, 1, 12, 11, 3, 10, 5, 9, 13, 6, 8, 17, 0, 2, 7, 4, 16]|[1, 0, 0, 0, 1, 2, 1, 1, 1, 2, 0, 0, 1, 2, 2, 2, 0, 0, 2, 1]|[1, 3, 3, 3, 1, 0, 0, 1, 0, 0, 3, 3, 1, 1, 1, 1, 3, 3, 0, 1]|[1, 0, 0, 2, 0, 0, 1, 1, 0, 1, 0, 0, 1, 0, 1, 1, 2, 0, 0, 1];[5, 2, 6, 10, 15, 13, 12, 11, 7, 8, 16, 1, 9, 14, 0, 17, 19, 3, 18, 4]|[1, 0, 1, 1, 2, 1, 2, 1, 0, 0, 2, 1, 2, 0, 1, 2, 2, 2, 2, 0]|[1, 3, 1, 1, 0, 1, 1, 0, 3, 1, 0, 0, 1, 2, 1, 1, 0, 0, 1, 3]|[1, 2, 1, 1, 1, 1, 1, 1, 0, 0, 0, 1, 1, 0, 0, 1, 1, 1, 0, 2];[5, 2, 6, 10, 15, 13, 12, 11, 7, 8, 16, 1, 9, 14, 0, 17, 19, 3, 18, 4]|[1, 0, 1, 1, 2, 1, 2, 1, 0, 0, 2, 1, 2, 0, 1, 2, 2, 2, 2, 0]|[1, 3, 1, 1, 0, 1, 1, 0, 3, 1, 0, 0, 1, 2, 1, 1, 0, 0, 1, 3]|[1, 2, 1, 1, 1, 1, 1, 1, 0, 0, 0, 1, 1, 0, 0, 1, 1, 1, 0, 2];[5, 19, 8, 14, 2, 11, 3, 10, 15, 7, 18, 17, 1, 4, 9, 13, 6, 16, 0, 12]|[0, 1, 1, 0, 2, 0, 1, 2, 1, 1, 0, 1, 0, 0, 2, 1, 2, 2, 1, 0]|[3, 1, 1, 3, 0, 3, 1, 0, 0, 1, 3, 1, 3, 3, 0, 1, 0, 0, 1, 3]|[0, 1, 1, 2, 1, 0, 1, 1, 1, 1, 0, 1, 2, 0, 1, 1, 0, 1, 1, 0];[5, 2, 13, 14, 10, 19, 6, 4, 9, 15, 1, 16, 7, 8, 11, 12, 18, 0, 3, 17]|[0, 1, 1, 2, 2, 2, 2, 1, 2, 1, 0, 2, 0, 0, 1, 0, 2, 1, 2, 0]|[3, 0, 1, 0, 1, 0, 1, 1, 1, 1, 1, 0, 0, 0, 0, 3, 1, 1, 0, 3]|[0, 1, 1, 1, 1, 0, 1, 1, 1, 1, 2, 0, 0, 0, 1, 1, 1, 0, 1, 2];[5, 2, 13, 14, 10, 19, 6, 4, 9, 15, 1, 16, 7, 8, 11, 12, 18, 0, 3, 17]|[0, 1, 1, 2, 2, 2, 2, 1, 2, 1, 0, 2, 0, 0, 1, 0, 2, 1, 2, 0]|[3, 0, 1, 0, 1, 0, 1, 1, 1, 1, 1, 0, 0, 0, 0, 3, 1, 1, 0, 3]|[0, 1, 1, 1, 1, 0, 1, 1, 1, 1, 2, 0, 0, 0, 1, 1, 1, 0, 1, 2];[5, 2, 14, 3, 19, 17, 8, 11, 12, 16, 0, 15, 1, 6, 10, 9, 4, 7, 13, 18]|[0, 1, 2, 2, 2, 0, 0, 1, 2, 2, 1, 2, 0, 1, 2, 2, 1, 1, 1, 1]|[3, 0, 1, 0, 0, 3, 3, 0, 1, 0, 1, 1, 3, 0, 0, 1, 1, 1, 1, 1]|[0, 1, 0, 1, 1, 0, 0, 1, 1, 0, 0, 1, 0, 0, 1, 1, 1, 1, 1, 1];[5, 2, 14, 3, 19, 17, 8, 11, 12, 16, 0, 15, 1, 6, 10, 9, 4, 7, 13, 18]|[0, 1, 2, 2, 2, 0, 0, 1, 2, 2, 1, 2, 0, 1, 2, 2, 1, 1, 1, 1]|[3, 0, 1, 0, 0, 3, 3, 0, 1, 0, 1, 1, 3, 0, 0, 1, 1, 1, 1, 1]|[0, 1, 0, 1, 1, 0, 0, 1, 1, 0, 0, 1, 0, 0, 1, 1, 1, 1, 1, 1];[5, 19, 14, 10, 2, 13, 6, 4, 1, 3, 8, 7, 15, 17, 9, 0, 18, 12, 16, 11]|[0, 1, 0, 2, 1, 1, 2, 2, 0, 0, 2, 0, 1, 2, 1, 1, 1, 2, 1, 0]|[3, 1, 3, 0, 1, 1, 0, 0, 0, 3, 0, 3, 1, 0, 1, 1, 1, 0, 1, 3]|[2, 1, 2, 0, 1, 1, 0, 1, 0, 0, 1, 2, 1, 1, 1, 1, 1, 1, 1, 0];[6, 2, 13, 18, 10, 0, 12, 3, 5, 7, 17, 16, 8, 9, 14, 1, 4, 11, 15, 19]|[0, 1, 1, 0, 1, 0, 0, 2, 0, 2, 1, 2, 1, 2, 0, 1, 2, 1, 1, 0]|[3, 1, 1, 3, 1, 3, 3, 0, 3, 0, 1, 1, 1, 1, 3, 1, 0, 1, 1, 3]|[0, 1, 1, 2, 1, 0, 2, 1, 0, 1, 0, 0, 1, 1, 2, 1, 1, 1, 1, 0];[2, 5, 13, 14, 9, 15, 7, 6, 3, 8, 17, 0, 19, 1, 12, 11, 10, 18, 4, 16]|[0, 0, 0, 0, 0, 1, 0, 1, 1, 2, 0, 2, 0, 1, 2, 1, 1, 2, 2, 1]|[3, 0, 0, 3, 3, 1, 0, 1, 1, 1, 0, 1, 1, 1, 0, 0, 0, 1, 0, 1]|[2, 0, 1, 2, 2, 0, 0, 1, 1, 0, 0, 1, 1, 0, 0, 1, 0, 1, 0, 1];[19, 0, 3, 5, 12, 18, 10, 9, 13, 17, 2, 6, 14, 7, 16, 15, 8, 4, 1, 11]|[0, 0, 2, 1, 2, 1, 2, 2, 1, 1, 0, 0, 0, 0, 0, 0, 0, 2, 2, 1]|[3, 3, 0, 1, 0, 1, 0, 0, 1, 1, 3, 3, 3, 3, 3, 3, 3, 1, 1, 1]|[2, 0, 1, 1, 1, 0, 1, 1, 1, 1, 2, 0, 0, 1, 0, 2, 0, 1, 1, 1];[17, 12, 9, 18, 0, 13, 8, 3, 6, 14, 11, 10, 7, 15, 19, 4, 2, 1, 5, 16]|[0, 0, 0, 0, 1, 0, 0, 2, 1, 1, 2, 0, 0, 0, 0, 2, 2, 0, 2, 1]|[0, 3, 3, 3, 1, 0, 0, 1, 1, 1, 1, 3, 3, 3, 3, 0, 0, 2, 0, 1]|[0, 2, 2, 0, 1, 1, 0, 1, 1, 0, 1, 2, 1, 2, 0, 1, 1, 1, 0, 1];[17, 12, 9, 18, 0, 13, 8, 3, 6, 14, 11, 10, 7, 15, 19, 4, 2, 1, 5, 16]|[0, 0, 0, 0, 1, 0, 0, 2, 1, 1, 2, 0, 0, 0, 0, 2, 2, 0, 2, 1]|[0, 3, 3, 3, 1, 0, 0, 1, 1, 1, 1, 3, 3, 3, 3, 0, 0, 2, 0, 1]|[0, 2, 2, 0, 1, 1, 0, 1, 1, 0, 1, 2, 1, 2, 0, 1, 1, 1, 0, 1];[10, 12, 1, 15, 5, 6, 13, 8, 17, 11, 18, 19, 14, 16, 7, 2, 3, 9, 4, 0]|[0, 0, 0, 0, 2, 1, 0, 0, 1, 2, 0, 0, 0, 1, 0, 2, 2, 0, 2, 1]|[3, 3, 3, 3, 1, 1, 3, 3, 1, 1, 3, 0, 0, 1, 3, 0, 0, 3, 1, 1]|[0, 2, 0, 2, 0, 0, 0, 2, 0, 1, 0, 1, 1, 0, 2, 1, 1, 0, 0, 1];[10, 12, 1, 15, 5, 6, 13, 8, 17, 11, 18, 19, 14, 16, 7, 2, 3, 9, 4, 0]|[0, 0, 0, 0, 2, 1, 0, 0, 1, 2, 0, 0, 0, 1, 0, 2, 2, 0, 2, 1]|[3, 3, 3, 3, 1, 1, 3, 3, 1, 1, 3, 0, 0, 1, 3, 0, 0, 3, 1, 1]|[0, 2, 0, 2, 0, 0, 0, 2, 0, 1, 0, 1, 1, 0, 2, 1, 1, 0, 0, 1];[2, 16, 18, 14, 10, 5, 17, 11, 6, 13, 4, 3, 9, 8, 12, 0, 15, 7, 1, 19]|[0, 2, 2, 0, 0, 1, 0, 2, 1, 0, 1, 2, 0, 0, 0, 0, 0, 0, 2, 1]|[3, 0, 0, 3, 3, 1, 3, 1, 0, 0, 1, 1, 3, 3, 0, 3, 3, 3, 1, 1]|[0, 0, 1, 2, 0, 1, 2, 0, 1, 1, 0, 1, 2, 0, 1, 2, 1, 0, 0, 1];[10, 19, 8, 15, 11, 7, 6, 3, 13, 17, 2, 18, 4, 12, 16, 14, 5, 9, 1, 0]|[0, 1, 0, 0, 2, 0, 1, 2, 0, 1, 1, 0, 2, 2, 0, 0, 0, 0, 2, 1]|[0, 1, 3, 3, 1, 0, 1, 1, 3, 0, 1, 3, 1, 0, 3, 2, 1, 2, 1, 1]|[2, 1, 1, 2, 1, 0, 1, 0, 0, 0, 1, 1, 1, 1, 0, 1, 2, 0, 0, 1];[2, 12, 8, 9, 3, 14, 7, 17, 11, 1, 5, 10, 19, 15, 4, 13, 18, 0, 6, 16]|[0, 0, 0, 0, 2, 1, 0, 1, 2, 0, 0, 1, 0, 0, 2, 2, 0, 0, 2, 1]|[3, 0, 0, 3, 0, 1, 0, 1, 0, 0, 3, 0, 3, 1, 0, 1, 1, 0, 1, 1]|[2, 0, 0, 2, 1, 0, 0, 1, 0, 0, 2, 1, 1, 0, 0, 1, 1, 2, 1, 0];[5, 14, 10, 11, 2, 18, 4, 16, 12, 0, 19, 1, 3, 17, 15, 13, 6, 9, 7, 8]|[0, 2, 0, 2, 1, 2, 2, 1, 1, 0, 2, 0, 0, 1, 1, 1, 2, 1, 1, 0]|[3, 0, 3, 0, 1, 1, 0, 1, 1, 1, 0, 0, 1, 0, 1, 1, 1, 1, 1, 3]|[2, 1, 1, 0, 1, 1, 0, 1, 0, 2, 1, 0, 0, 1, 1, 1, 0, 1, 1, 2];[2, 12, 13, 15, 19, 18, 8, 5, 17, 1, 3, 10, 6, 7, 4, 9, 16, 0, 14, 11]|[0, 1, 1, 0, 2, 1, 2, 2, 1, 0, 0, 2, 0, 1, 0, 1, 1, 2, 1, 0]|[3, 1, 1, 2, 1, 1, 0, 1, 0, 0, 3, 1, 3, 1, 0, 1, 1, 1, 1, 3]|[0, 1, 1, 2, 1, 0, 1, 1, 1, 1, 0, 1, 2, 1, 1, 1, 1, 1, 1, 0];[2, 18, 7, 3, 9, 5, 6, 0, 15, 11, 16, 19, 13, 4, 12, 17, 14, 10, 1, 8]|[0, 2, 2, 0, 0, 1, 0, 0, 2, 0, 2, 2, 1, 2, 1, 1, 1, 1, 1, 2]|[3, 1, 0, 0, 3, 1, 0, 3, 1, 3, 0, 0, 1, 1, 1, 1, 1, 1, 1, 1]|[0, 1, 0, 1, 2, 1, 0, 0, 1, 2, 0, 1, 1, 1, 1, 1, 1, 1, 1, 0];[5, 13, 2, 15, 6, 18, 17, 10, 0, 12, 19, 7, 8, 3, 4, 9, 1, 16, 14, 11]|[1, 1, 2, 0, 1, 0, 1, 0, 2, 2, 2, 2, 1, 0, 0, 2, 2, 1, 2, 0]|[1, 0, 1, 3, 1, 0, 1, 2, 1, 1, 0, 0, 1, 2, 3, 0, 1, 0, 0, 3]|[1, 1, 1, 0, 1, 1, 1, 0, 1, 1, 0, 0, 1, 2, 0, 1, 0, 0, 1, 2];[5, 13, 2, 15, 6, 18, 17, 10, 0, 12, 19, 7, 8, 3, 4, 9, 1, 16, 14, 11]|[1, 1, 2, 0, 1, 0, 1, 0, 2, 2, 2, 2, 1, 0, 0, 2, 2, 1, 2, 0]|[1, 0, 1, 3, 1, 0, 1, 2, 1, 1, 0, 0, 1, 2, 3, 0, 1, 0, 0, 3]|[1, 1, 1, 0, 1, 1, 1, 0, 1, 1, 0, 0, 1, 2, 0, 1, 0, 0, 1, 2];[5, 16, 1, 14, 13, 2, 18, 9, 0, 7, 11, 12, 3, 10, 15, 6, 19, 4, 8, 17]|[0, 1, 0, 2, 1, 1, 2, 2, 1, 0, 1, 2, 2, 1, 0, 1, 2, 2, 2, 0]|[3, 1, 1, 0, 1, 0, 1, 0, 1, 0, 0, 1, 0, 0, 3, 1, 0, 1, 0, 0]|[0, 1, 0, 1, 0, 1, 0, 1, 0, 1, 1, 0, 1, 1, 1, 1, 0, 1, 1, 2];[5, 16, 1, 14, 13, 2, 18, 9, 0, 7, 11, 12, 3, 10, 15, 6, 19, 4, 8, 17]|[0, 1, 0, 2, 1, 1, 2, 2, 1, 0, 1, 2, 2, 1, 0, 1, 2, 2, 2, 0]|[3, 1, 1, 0, 1, 0, 1, 0, 1, 0, 0, 1, 0, 0, 3, 1, 0, 1, 0, 0]|[0, 1, 0, 1, 0, 1, 0, 1, 0, 1, 1, 0, 1, 1, 1, 1, 0, 1, 1, 2];[6, 13, 9, 1, 16, 7, 14, 12, 17, 18, 3, 5, 0, 2, 8, 15, 10, 11, 4, 19]|[1, 1, 0, 0, 2, 2, 1, 1, 2, 1, 1, 2, 1, 0, 0, 0, 2, 0, 1, 0]|[1, 1, 3, 3, 1, 0, 1, 1, 1, 1, 1, 0, 1, 3, 3, 3, 1, 3, 1, 3]|[1, 1, 0, 2, 1, 1, 1, 1, 1, 1, 1, 0, 1, 0, 1, 0, 1, 2, 1, 0];[6, 13, 9, 1, 16, 7, 14, 12, 17, 18, 3, 5, 0, 2, 8, 15, 10, 11, 4, 19]|[1, 1, 0, 0, 2, 2, 1, 1, 2, 1, 1, 2, 1, 0, 0, 0, 2, 0, 1, 0]|[1, 1, 3, 3, 1, 0, 1, 1, 1, 1, 1, 0, 1, 3, 3, 3, 1, 3, 1, 3]|[1, 1, 0, 2, 1, 1, 1, 1, 1, 1, 1, 0, 1, 0, 1, 0, 1, 2, 1, 0];[2, 19, 13, 15, 12, 9, 16, 14, 3, 7, 0, 18, 6, 8, 10, 11, 1, 4, 5, 17]|[0, 1, 1, 0, 2, 1, 2, 2, 1, 0, 0, 2, 0, 1, 0, 1, 1, 2, 1, 0]|[3, 1, 1, 3, 0, 1, 0, 1, 0, 0, 3, 0, 3, 1, 0, 1, 1, 0, 1, 3]|[0, 1, 1, 2, 1, 0, 0, 1, 1, 0, 0, 1, 2, 1, 1, 1, 1, 1, 1, 0];[2, 13, 15, 12, 10, 14, 7, 0, 6, 8, 16, 19, 5, 17, 4, 3, 11, 18, 9, 1]|[0, 2, 0, 2, 0, 0, 2, 0, 0, 2, 2, 1, 1, 1, 1, 1, 1, 1, 1, 0]|[3, 0, 3, 0, 3, 1, 1, 3, 3, 0, 0, 1, 1, 1, 1, 1, 1, 1, 1, 3]|[0, 0, 2, 1, 1, 2, 1, 0, 0, 0, 1, 1, 1, 1, 1, 1, 1, 1, 1, 0];[5, 2, 13, 14, 8, 3, 12, 6, 11, 0, 7, 18, 16, 17, 4, 1, 19, 10, 15, 9]|[0, 1, 1, 0, 1, 2, 1, 1, 2, 0, 0, 1, 2, 2, 2, 0, 1, 2, 0, 0]|[3, 1, 1, 3, 1, 1, 1, 1, 0, 3, 0, 0, 0, 0, 0, 3, 1, 0, 3, 3]|[2, 1, 1, 2, 1, 1, 1, 1, 0, 0, 0, 1, 1, 1, 0, 2, 1, 1, 2, 0]
fc6diagRound 3	fe=84206	pool=300	target=100	rescued=0	sOriginal=[2, 19, 6, 15, 3, 4, 16, 5, 1, 11, 10, 0, 18, 12, 7, 13, 17, 8, 9, 14]|[0, 1, 1, 0, 2, 1, 2, 2, 1, 0, 0, 2, 0, 1, 0, 1, 1, 2, 1, 0]|[3, 1, 0, 3, 0, 1, 0, 0, 0, 0, 3, 0, 3, 1, 3, 1, 1, 0, 1, 3]|[0, 1, 1, 2, 1, 0, 0, 1, 1, 1, 0, 1, 2, 1, 1, 1, 1, 1, 1, 0];[2, 19, 14, 9, 8, 6, 5, 1, 4, 16, 0, 10, 15, 17, 7, 3, 13, 12, 11, 18]|[0, 1, 0, 2, 1, 2, 2, 0, 0, 2, 0, 1, 0, 1, 1, 1, 1, 2, 1, 0]|[3, 1, 3, 1, 1, 0, 0, 0, 3, 0, 3, 1, 3, 1, 1, 1, 1, 0, 1, 3]|[0, 1, 2, 1, 1, 0, 1, 0, 0, 1, 2, 1, 0, 1, 1, 1, 1, 1, 1, 0];[2, 19, 13, 15, 6, 3, 16, 5, 10, 0, 11, 14, 8, 17, 7, 12, 4, 9, 18, 1]|[0, 1, 1, 0, 2, 1, 2, 2, 1, 0, 0, 2, 0, 1, 0, 1, 1, 2, 1, 0]|[3, 1, 1, 3, 1, 1, 0, 1, 0, 0, 3, 0, 3, 0, 0, 1, 1, 0, 1, 3]|[2, 1, 1, 2, 1, 0, 0, 1, 1, 0, 0, 1, 2, 1, 1, 1, 1, 0, 1, 0];[9, 0, 19, 7, 11, 16, 5, 3, 2, 14, 1, 12, 15, 6, 17, 13, 18, 4, 10, 8]|[0, 0, 1, 0, 1, 2, 2, 1, 0, 2, 0, 1, 0, 0, 1, 1, 1, 2, 1, 0]|[3, 0, 1, 0, 1, 0, 0, 1, 3, 0, 3, 1, 3, 2, 1, 1, 1, 0, 0, 3]|[2, 0, 1, 1, 1, 1, 0, 1, 2, 1, 1, 1, 2, 0, 1, 1, 1, 1, 0, 0];[2, 19, 13, 15, 6, 3, 16, 10, 0, 11, 14, 8, 17, 7, 12, 4, 9, 5, 18, 1]|[0, 2, 1, 0, 2, 1, 2, 1, 0, 0, 2, 0, 1, 0, 1, 1, 2, 2, 1, 0]|[3, 1, 1, 3, 1, 1, 0, 0, 0, 3, 0, 3, 0, 0, 1, 1, 0, 1, 1, 3]|[2, 1, 1, 2, 1, 0, 0, 1, 0, 0, 1, 2, 1, 1, 1, 1, 0, 1, 1, 0];[19, 12, 7, 8, 0, 17, 16, 6, 13, 14, 10, 1, 18, 11, 15, 2, 5, 9, 3, 4]|[1, 0, 0, 0, 1, 0, 2, 1, 0, 0, 0, 0, 0, 2, 0, 2, 2, 0, 2, 1]|[1, 3, 3, 3, 1, 0, 1, 1, 3, 3, 3, 3, 2, 1, 3, 0, 0, 0, 1, 1]|[1, 0, 2, 0, 0, 1, 0, 0, 2, 0, 2, 0, 0, 1, 2, 1, 1, 1, 0, 1];[19, 12, 7, 8, 0, 17, 16, 6, 13, 14, 10, 1, 18, 11, 15, 2, 5, 9, 3, 4]|[1, 0, 0, 0, 1, 0, 2, 1, 0, 0, 0, 0, 0, 2, 0, 2, 2, 0, 2, 1]|[1, 3, 3, 3, 1, 0, 1, 1, 3, 3, 3, 3, 2, 1, 3, 0, 0, 0, 1, 1]|[1, 0, 2, 0, 0, 1, 0, 0, 2, 0, 2, 0, 0, 1, 2, 1, 1, 1, 0, 1];[19, 12, 7, 8, 0, 17, 16, 6, 13, 14, 10, 1, 18, 11, 15, 2, 5, 9, 3, 4]|[1, 0, 0, 0, 1, 0, 2, 1, 0, 0, 0, 0, 0, 2, 0, 2, 2, 0, 2, 1]|[1, 3, 3, 3, 1, 0, 1, 1, 3, 3, 3, 3, 2, 1, 3, 0, 0, 0, 1, 1]|[1, 0, 2, 0, 0, 1, 0, 0, 2, 0, 2, 0, 0, 1, 2, 1, 1, 1, 0, 1];[19, 12, 7, 8, 0, 17, 16, 6, 13, 14, 10, 1, 18, 11, 15, 2, 5, 9, 3, 4]|[1, 0, 0, 0, 1, 0, 2, 1, 0, 0, 0, 0, 0, 2, 0, 2, 2, 0, 2, 1]|[1, 3, 3, 3, 1, 0, 1, 1, 3, 3, 3, 3, 2, 1, 3, 0, 0, 0, 1, 1]|[1, 0, 2, 0, 0, 1, 0, 0, 2, 0, 2, 0, 0, 1, 2, 1, 1, 1, 0, 1];[2, 19, 13, 9, 14, 8, 6, 16, 7, 11, 10, 1, 12, 15, 17, 5, 18, 3, 4, 0]|[0, 1, 1, 2, 0, 1, 2, 2, 0, 0, 2, 0, 1, 0, 1, 2, 1, 1, 1, 0]|[3, 1, 1, 1, 3, 1, 0, 0, 0, 3, 0, 3, 1, 3, 1, 0, 1, 1, 1, 3]|[0, 1, 1, 1, 2, 1, 0, 1, 0, 0, 1, 2, 1, 1, 1, 1, 1, 1, 1, 0];[5, 4, 14, 10, 2, 6, 3, 0, 17, 12, 11, 1, 16, 18, 7, 15, 9, 13, 19, 8]|[0, 1, 0, 2, 1, 2, 2, 1, 1, 0, 0, 1, 0, 2, 0, 1, 2, 1, 1, 0]|[3, 1, 3, 0, 1, 0, 0, 1, 1, 3, 3, 1, 3, 0, 3, 1, 0, 1, 1, 3]|[0, 1, 2, 1, 1, 0, 1, 1, 1, 0, 0, 1, 2, 1, 0, 1, 1, 1, 1, 0];[5, 4, 14, 10, 2, 6, 3, 0, 17, 12, 11, 1, 16, 18, 7, 15, 9, 13, 19, 8]|[0, 1, 0, 2, 1, 2, 2, 1, 1, 0, 0, 1, 0, 2, 0, 1, 2, 1, 1, 0]|[3, 1, 3, 0, 1, 0, 0, 1, 1, 3, 3, 1, 3, 0, 3, 1, 0, 1, 1, 3]|[0, 1, 2, 1, 1, 0, 1, 1, 1, 0, 0, 1, 2, 1, 0, 1, 1, 1, 1, 0];[2, 19, 13, 15, 6, 3, 16, 5, 17, 7, 9, 0, 11, 18, 4, 8, 10, 1, 12, 14]|[0, 1, 1, 0, 2, 1, 2, 2, 1, 0, 0, 2, 0, 1, 0, 1, 1, 2, 1, 0]|[3, 1, 1, 3, 0, 1, 0, 0, 0, 0, 3, 0, 3, 1, 0, 1, 1, 0, 1, 3]|[0, 1, 1, 2, 1, 0, 0, 1, 1, 0, 0, 1, 2, 1, 1, 1, 1, 1, 1, 0];[5, 2, 19, 14, 16, 6, 13, 4, 11, 8, 17, 15, 1, 10, 0, 7, 9, 18, 12, 3]|[0, 1, 1, 0, 2, 2, 1, 2, 1, 2, 0, 1, 0, 2, 0, 0, 1, 2, 1, 0]|[3, 1, 1, 3, 0, 0, 1, 0, 1, 0, 0, 1, 3, 0, 3, 3, 0, 0, 1, 3]|[2, 1, 1, 0, 1, 0, 1, 1, 1, 0, 0, 1, 2, 1, 2, 0, 1, 1, 1, 0];[12, 19, 11, 3, 17, 7, 16, 9, 13, 0, 18, 8, 14, 10, 6, 4, 1, 15, 2, 5]|[0, 1, 1, 1, 1, 1, 2, 1, 1, 0, 0, 2, 0, 2, 2, 2, 0, 0, 1, 0]|[3, 1, 1, 1, 1, 1, 0, 1, 1, 2, 3, 0, 3, 0, 0, 1, 3, 3, 1, 3]|[0, 1, 1, 1, 1, 1, 1, 1, 1, 1, 0, 1, 2, 1, 0, 0, 0, 2, 1, 0];[5, 2, 19, 14, 16, 6, 13, 4, 11, 8, 17, 15, 1, 10, 0, 7, 9, 18, 12, 3]|[0, 1, 1, 0, 2, 2, 1, 2, 1, 2, 0, 1, 0, 2, 0, 0, 1, 2, 1, 0]|[3, 1, 1, 3, 0, 0, 1, 0, 1, 0, 0, 1, 3, 0, 3, 3, 0, 0, 1, 3]|[2, 1, 1, 0, 1, 0, 1, 1, 1, 0, 0, 1, 2, 1, 2, 0, 1, 1, 1, 0];[12, 19, 11, 3, 17, 7, 16, 9, 13, 0, 18, 8, 14, 10, 6, 4, 1, 15, 2, 5]|[0, 1, 1, 1, 1, 1, 2, 1, 1, 0, 0, 2, 0, 2, 2, 2, 0, 0, 1, 0]|[3, 1, 1, 1, 1, 1, 0, 1, 1, 2, 3, 0, 3, 0, 0, 1, 3, 3, 1, 3]|[0, 1, 1, 1, 1, 1, 1, 1, 1, 1, 0, 1, 2, 1, 0, 0, 0, 2, 1, 0];[2, 15, 3, 4, 12, 6, 16, 5, 11, 10, 0, 18, 7, 8, 9, 13, 1, 17, 19, 14]|[0, 0, 2, 1, 1, 1, 2, 2, 0, 0, 2, 0, 0, 2, 1, 1, 1, 1, 1, 0]|[3, 3, 0, 1, 1, 1, 0, 0, 0, 3, 0, 3, 3, 0, 1, 1, 1, 1, 1, 3]|[0, 2, 1, 1, 1, 1, 0, 1, 1, 0, 1, 2, 1, 1, 1, 1, 1, 1, 1, 0];[2, 19, 13, 14, 1, 4, 11, 5, 3, 15, 6, 10, 9, 17, 0, 12, 16, 7, 18, 8]|[0, 1, 1, 0, 2, 1, 2, 2, 1, 0, 0, 2, 0, 1, 0, 1, 1, 2, 1, 0]|[3, 1, 1, 3, 0, 1, 0, 0, 0, 1, 3, 0, 3, 1, 0, 1, 1, 0, 1, 3]|[2, 1, 1, 2, 1, 0, 0, 1, 1, 0, 0, 1, 2, 1, 1, 1, 1, 1, 1, 0];[5, 16, 17, 4, 6, 14, 0, 2, 9, 12, 15, 18, 3, 10, 19, 13, 8, 11, 7, 1]|[0, 1, 1, 2, 2, 0, 2, 1, 0, 2, 0, 0, 1, 2, 1, 1, 2, 2, 1, 0]|[3, 1, 1, 1, 0, 0, 0, 1, 3, 0, 3, 3, 1, 1, 0, 1, 0, 0, 1, 3]|[2, 1, 1, 1, 0, 0, 1, 1, 2, 1, 0, 0, 1, 1, 0, 1, 0, 1, 1, 0];[5, 16, 17, 4, 6, 14, 0, 2, 9, 12, 15, 18, 3, 10, 19, 13, 8, 11, 7, 1]|[0, 1, 1, 2, 2, 0, 2, 1, 0, 2, 0, 0, 1, 2, 1, 1, 2, 2, 1, 0]|[3, 1, 1, 1, 0, 0, 0, 1, 3, 0, 3, 3, 1, 1, 0, 1, 0, 0, 1, 3]|[2, 1, 1, 1, 0, 0, 1, 1, 2, 1, 0, 0, 1, 1, 0, 1, 0, 1, 1, 0];[7, 19, 15, 6, 3, 16, 5, 12, 14, 17, 4, 8, 18, 9, 10, 11, 1, 2, 13, 0]|[0, 1, 0, 2, 1, 2, 2, 1, 2, 0, 1, 0, 1, 1, 2, 0, 1, 0, 0, 0]|[3, 1, 0, 0, 1, 0, 0, 1, 0, 2, 1, 0, 1, 1, 0, 3, 1, 1, 3, 3]|[0, 1, 0, 1, 1, 0, 1, 0, 1, 1, 1, 1, 1, 0, 1, 0, 1, 2, 2, 0];[19, 13, 18, 8, 10, 6, 12, 9, 16, 14, 3, 2, 17, 11, 1, 4, 5, 15, 7, 0]|[2, 1, 2, 1, 0, 0, 2, 1, 2, 2, 1, 0, 0, 1, 1, 2, 1, 0, 0, 0]|[0, 1, 0, 1, 3, 3, 0, 1, 0, 1, 0, 3, 3, 1, 1, 0, 1, 3, 3, 3]|[1, 1, 1, 1, 0, 2, 1, 0, 0, 1, 1, 0, 0, 1, 1, 1, 1, 2, 0, 0];[2, 1, 16, 8, 19, 6, 12, 4, 3, 17, 0, 7, 13, 18, 10, 15, 9, 11, 5, 14]|[0, 0, 1, 0, 2, 1, 0, 1, 2, 0, 0, 0, 0, 0, 2, 2, 0, 0, 2, 1]|[3, 3, 1, 3, 1, 1, 0, 1, 1, 3, 2, 1, 0, 3, 0, 0, 3, 3, 1, 1]|[2, 1, 0, 2, 0, 1, 1, 0, 1, 1, 0, 0, 0, 2, 0, 1, 2, 1, 0, 1];[5, 2, 13, 14, 10, 19, 16, 6, 4, 7, 0, 12, 18, 9, 17, 15, 11, 1, 3, 8]|[0, 1, 1, 0, 2, 1, 2, 2, 1, 0, 0, 2, 0, 1, 0, 1, 1, 2, 1, 0]|[3, 1, 1, 3, 0, 1, 0, 1, 0, 0, 3, 0, 3, 1, 0, 1, 1, 0, 1, 3]|[0, 1, 1, 2, 1, 0, 0, 1, 1, 0, 0, 1, 2, 1, 1, 1, 1, 1, 1, 0];[2, 19, 13, 15, 12, 18, 8, 5, 17, 1, 0, 9, 6, 14, 11, 7, 3, 10, 4, 16]|[0, 1, 1, 0, 2, 1, 2, 2, 1, 0, 0, 2, 0, 1, 0, 1, 1, 2, 1, 0]|[3, 1, 1, 3, 0, 1, 0, 0, 0, 0, 3, 0, 3, 1, 0, 1, 1, 0, 1, 3]|[0, 1, 1, 2, 1, 0, 0, 1, 1, 1, 0, 1, 2, 1, 1, 1, 1, 0, 1, 0];[12, 13, 7, 2, 3, 4, 9, 6, 11, 5, 17, 15, 1, 14, 19, 18, 10, 0, 8, 16]|[0, 0, 0, 0, 2, 1, 2, 1, 2, 1, 0, 0, 2, 2, 0, 0, 0, 0, 0, 1]|[3, 2, 3, 3, 1, 1, 0, 1, 1, 1, 3, 3, 0, 0, 3, 3, 0, 3, 3, 1]|[0, 1, 2, 0, 1, 0, 1, 1, 0, 1, 2, 1, 1, 0, 0, 1, 2, 2, 0, 1];[12, 13, 7, 2, 3, 4, 9, 6, 11, 5, 17, 15, 1, 14, 19, 18, 10, 0, 8, 16]|[0, 0, 0, 0, 2, 1, 2, 1, 2, 1, 0, 0, 2, 2, 0, 0, 0, 0, 0, 1]|[3, 2, 3, 3, 1, 1, 0, 1, 1, 1, 3, 3, 0, 0, 3, 3, 0, 3, 3, 1]|[0, 1, 2, 0, 1, 0, 1, 1, 0, 1, 2, 1, 1, 0, 0, 1, 2, 2, 0, 1];[2, 19, 14, 9, 8, 5, 13, 12, 18, 6, 16, 3, 7, 0, 10, 1, 11, 17, 15, 4]|[0, 1, 0, 2, 1, 2, 1, 1, 1, 2, 2, 1, 0, 0, 2, 0, 1, 0, 1, 0]|[3, 1, 3, 1, 1, 0, 1, 1, 1, 0, 0, 1, 3, 3, 0, 3, 1, 3, 1, 3]|[0, 1, 2, 1, 1, 1, 1, 1, 1, 0, 1, 1, 1, 0, 1, 2, 1, 1, 1, 0];[4, 19, 6, 12, 8, 3, 2, 7, 13, 5, 17, 16, 1, 0, 18, 15, 11, 9, 10, 14]|[0, 2, 1, 0, 1, 2, 0, 0, 0, 0, 0, 1, 0, 0, 0, 2, 2, 0, 2, 1]|[3, 1, 1, 0, 1, 1, 3, 3, 3, 3, 3, 1, 3, 2, 3, 1, 0, 3, 1, 1]|[0, 1, 1, 0, 0, 1, 2, 1, 0, 2, 0, 1, 2, 0, 1, 0, 1, 2, 0, 1];[16, 19, 13, 14, 10, 6, 4, 3, 5, 8, 18, 0, 15, 9, 17, 12, 1, 11, 2, 7]|[0, 1, 1, 0, 2, 2, 2, 1, 0, 2, 0, 0, 1, 1, 0, 1, 1, 2, 1, 0]|[3, 1, 1, 3, 0, 0, 1, 1, 3, 0, 3, 3, 1, 1, 3, 1, 1, 1, 1, 3]|[0, 1, 1, 2, 1, 0, 0, 1, 0, 1, 0, 2, 1, 1, 0, 1, 1, 1, 1, 0];[16, 19, 13, 14, 10, 6, 4, 3, 5, 8, 18, 0, 15, 9, 17, 12, 1, 11, 2, 7]|[0, 1, 1, 0, 2, 2, 2, 1, 0, 2, 0, 0, 1, 1, 0, 1, 1, 2, 1, 0]|[3, 1, 1, 3, 0, 0, 1, 1, 3, 0, 3, 3, 1, 1, 3, 1, 1, 1, 1, 3]|[0, 1, 1, 2, 1, 0, 0, 1, 0, 1, 0, 2, 1, 1, 0, 1, 1, 1, 1, 0];[2, 19, 6, 15, 3, 1, 9, 17, 0, 13, 18, 14, 5, 8, 7, 12, 4, 11, 10, 16]|[0, 1, 1, 0, 1, 0, 0, 2, 0, 1, 1, 2, 2, 2, 1, 1, 2, 2, 1, 0]|[3, 1, 1, 3, 1, 0, 3, 1, 3, 1, 1, 0, 0, 0, 1, 1, 0, 0, 1, 3]|[0, 1, 1, 2, 1, 2, 0, 1, 1, 1, 1, 0, 1, 0, 1, 1, 1, 1, 1, 0];[2, 19, 6, 15, 3, 1, 9, 17, 0, 13, 18, 14, 5, 8, 7, 12, 4, 11, 10, 16]|[0, 1, 1, 0, 1, 0, 0, 2, 0, 1, 1, 2, 2, 2, 1, 1, 2, 2, 1, 0]|[3, 1, 1, 3, 1, 0, 3, 1, 3, 1, 1, 0, 0, 0, 1, 1, 0, 0, 1, 3]|[0, 1, 1, 2, 1, 2, 0, 1, 1, 1, 1, 0, 1, 0, 1, 1, 1, 1, 1, 0];[5, 2, 14, 10, 4, 13, 16, 19, 17, 0, 11, 9, 12, 3, 18, 15, 6, 1, 7, 8]|[0, 1, 0, 2, 1, 1, 2, 2, 1, 0, 1, 2, 2, 0, 0, 2, 1, 2, 1, 0]|[0, 0, 3, 1, 1, 1, 0, 1, 0, 3, 0, 0, 1, 0, 3, 0, 1, 0, 1, 3]|[0, 0, 2, 1, 1, 1, 0, 1, 1, 2, 0, 0, 0, 1, 0, 1, 1, 1, 1, 0];[5, 2, 14, 10, 4, 13, 16, 19, 17, 0, 11, 9, 12, 3, 18, 15, 6, 1, 7, 8]|[0, 1, 0, 2, 1, 1, 2, 2, 1, 0, 1, 2, 2, 0, 0, 2, 1, 2, 1, 0]|[0, 0, 3, 1, 1, 1, 0, 1, 0, 3, 0, 0, 1, 0, 3, 0, 1, 0, 1, 3]|[0, 0, 2, 1, 1, 1, 0, 1, 1, 2, 0, 0, 0, 1, 0, 1, 1, 1, 1, 0];[10, 9, 14, 13, 3, 5, 1, 19, 15, 17, 11, 6, 7, 12, 18, 16, 0, 8, 4, 2]|[0, 0, 1, 0, 2, 1, 0, 0, 0, 0, 2, 1, 0, 2, 2, 2, 0, 0, 2, 1]|[3, 0, 1, 0, 1, 1, 3, 3, 3, 3, 1, 1, 3, 0, 1, 1, 2, 3, 1, 1]|[2, 1, 0, 0, 1, 0, 1, 2, 1, 2, 0, 0, 1, 1, 1, 1, 0, 0, 1, 1];[7, 13, 6, 5, 4, 14, 16, 8, 10, 18, 1, 11, 17, 9, 15, 19, 3, 12, 2, 0]|[0, 1, 1, 2, 2, 1, 2, 0, 0, 1, 0, 1, 1, 1, 0, 2, 2, 1, 0, 0]|[0, 0, 0, 1, 0, 1, 0, 2, 3, 1, 3, 0, 1, 1, 0, 1, 0, 1, 3, 1]|[0, 1, 1, 1, 0, 0, 1, 0, 2, 0, 0, 1, 1, 1, 1, 1, 0, 1, 2, 1];[7, 13, 6, 5, 4, 14, 16, 8, 10, 18, 1, 11, 17, 9, 15, 19, 3, 12, 2, 0]|[0, 1, 1, 2, 2, 1, 2, 0, 0, 1, 0, 1, 1, 1, 0, 2, 2, 1, 0, 0]|[0, 0, 0, 1, 0, 1, 0, 2, 3, 1, 3, 0, 1, 1, 0, 1, 0, 1, 3, 1]|[0, 1, 1, 1, 0, 0, 1, 0, 2, 0, 0, 1, 1, 1, 1, 1, 0, 1, 2, 1];[2, 19, 8, 14, 9, 13, 6, 16, 3, 10, 11, 18, 1, 7, 17, 15, 12, 5, 0, 4]|[0, 1, 1, 0, 2, 1, 2, 2, 1, 0, 0, 2, 0, 1, 0, 1, 1, 2, 0, 0]|[3, 1, 1, 3, 1, 1, 0, 0, 1, 0, 3, 0, 2, 1, 3, 1, 1, 0, 3, 3]|[2, 1, 1, 2, 1, 0, 0, 1, 1, 0, 0, 1, 2, 1, 1, 1, 1, 1, 0, 0];[12, 2, 10, 8, 3, 4, 7, 18, 19, 9, 13, 1, 17, 6, 11, 15, 0, 14, 5, 16]|[0, 0, 0, 0, 2, 1, 0, 1, 2, 0, 0, 1, 0, 1, 2, 2, 0, 0, 2, 1]|[2, 3, 3, 3, 1, 1, 3, 1, 1, 3, 3, 1, 1, 0, 0, 0, 0, 3, 0, 1]|[0, 2, 0, 2, 1, 0, 0, 0, 0, 2, 0, 0, 1, 0, 1, 1, 1, 2, 0, 1];[1, 2, 13, 14, 19, 4, 16, 5, 3, 10, 6, 8, 9, 15, 12, 18, 17, 7, 11, 0]|[0, 1, 1, 0, 2, 1, 2, 0, 0, 1, 2, 2, 2, 1, 2, 1, 0, 1, 1, 0]|[0, 1, 1, 3, 0, 1, 1, 0, 0, 1, 1, 0, 1, 1, 0, 0, 1, 1, 0, 3]|[0, 1, 1, 1, 0, 1, 1, 0, 0, 1, 1, 0, 1, 1, 1, 0, 2, 1, 0, 1];[1, 2, 13, 14, 19, 4, 16, 5, 3, 10, 6, 8, 9, 15, 12, 18, 17, 7, 11, 0]|[0, 1, 1, 0, 2, 1, 2, 0, 0, 1, 2, 2, 2, 1, 2, 1, 0, 1, 1, 0]|[0, 1, 1, 3, 0, 1, 1, 0, 0, 1, 1, 0, 1, 1, 0, 0, 1, 1, 0, 3]|[0, 1, 1, 1, 0, 1, 1, 0, 0, 1, 1, 0, 1, 1, 1, 0, 2, 1, 0, 1];[10, 4, 14, 16, 12, 11, 15, 5, 1, 18, 17, 8, 19, 0, 6, 9, 3, 2, 13, 7]|[1, 0, 2, 1, 1, 2, 1, 0, 2, 2, 1, 1, 2, 1, 0, 0, 0, 0, 0, 0]|[1, 3, 1, 0, 1, 1, 1, 3, 0, 0, 1, 1, 0, 1, 3, 3, 3, 3, 3, 3]|[1, 0, 0, 0, 1, 1, 1, 2, 1, 0, 1, 1, 0, 1, 0, 0, 2, 0, 0, 0];[10, 4, 14, 16, 12, 11, 15, 5, 1, 18, 17, 8, 19, 0, 6, 9, 3, 2, 13, 7]|[1, 0, 2, 1, 1, 2, 1, 0, 2, 2, 1, 1, 2, 1, 0, 0, 0, 0, 0, 0]|[1, 3, 1, 0, 1, 1, 1, 3, 0, 0, 1, 1, 0, 1, 3, 3, 3, 3, 3, 3]|[1, 0, 0, 0, 1, 1, 1, 2, 1, 0, 1, 1, 0, 1, 0, 0, 2, 0, 0, 0];[2, 12, 13, 15, 19, 0, 3, 5, 11, 14, 7, 10, 9, 8, 17, 4, 18, 1, 6, 16]|[0, 0, 0, 0, 2, 1, 0, 1, 2, 0, 0, 1, 0, 0, 2, 2, 0, 0, 2, 1]|[3, 1, 1, 3, 1, 1, 0, 1, 0, 0, 3, 1, 3, 0, 0, 1, 1, 1, 1, 1]|[2, 0, 1, 0, 1, 0, 0, 1, 1, 0, 0, 1, 2, 1, 1, 1, 0, 2, 0, 1];[13, 19, 9, 10, 8, 15, 1, 4, 17, 0, 3, 2, 5, 11, 14, 18, 12, 7, 6, 16]|[0, 2, 0, 1, 0, 0, 0, 2, 2, 0, 0, 0, 1, 2, 1, 0, 0, 0, 2, 1]|[3, 1, 3, 1, 3, 3, 3, 1, 0, 3, 3, 3, 1, 0, 1, 3, 3, 3, 1, 1]|[0, 1, 2, 1, 0, 0, 2, 1, 1, 0, 0, 2, 1, 1, 1, 0, 0, 0, 0, 1];[13, 19, 9, 10, 8, 15, 1, 4, 17, 0, 3, 2, 5, 11, 14, 18, 12, 7, 6, 16]|[0, 2, 0, 1, 0, 0, 0, 2, 2, 0, 0, 0, 1, 2, 1, 0, 0, 0, 2, 1]|[3, 1, 3, 1, 3, 3, 3, 1, 0, 3, 3, 3, 1, 0, 1, 3, 3, 3, 1, 1]|[0, 1, 2, 1, 0, 0, 2, 1, 1, 0, 0, 2, 1, 1, 1, 0, 0, 0, 0, 1];[13, 19, 9, 10, 8, 15, 1, 4, 17, 0, 3, 2, 5, 11, 14, 18, 12, 7, 6, 16]|[0, 2, 0, 1, 0, 0, 0, 2, 2, 0, 0, 0, 1, 2, 1, 0, 0, 0, 2, 1]|[3, 1, 3, 1, 3, 3, 3, 1, 0, 3, 3, 3, 1, 0, 1, 3, 3, 3, 1, 1]|[0, 1, 2, 1, 0, 0, 2, 1, 1, 0, 0, 2, 1, 1, 1, 0, 0, 0, 0, 1];[13, 19, 9, 10, 8, 15, 1, 4, 17, 0, 3, 2, 5, 11, 14, 18, 12, 7, 6, 16]|[0, 2, 0, 1, 0, 0, 0, 2, 2, 0, 0, 0, 1, 2, 1, 0, 0, 0, 2, 1]|[3, 1, 3, 1, 3, 3, 3, 1, 0, 3, 3, 3, 1, 0, 1, 3, 3, 3, 1, 1]|[0, 1, 2, 1, 0, 0, 2, 1, 1, 0, 0, 2, 1, 1, 1, 0, 0, 0, 0, 1];[13, 19, 9, 10, 8, 15, 1, 4, 17, 0, 3, 2, 5, 11, 14, 18, 12, 7, 6, 16]|[0, 2, 0, 1, 0, 0, 0, 2, 2, 0, 0, 0, 1, 2, 1, 0, 0, 0, 2, 1]|[3, 1, 3, 1, 3, 3, 3, 1, 0, 3, 3, 3, 1, 0, 1, 3, 3, 3, 1, 1]|[0, 1, 2, 1, 0, 0, 2, 1, 1, 0, 0, 2, 1, 1, 1, 0, 0, 0, 0, 1];[13, 19, 9, 10, 8, 15, 1, 4, 17, 0, 3, 2, 5, 11, 14, 18, 12, 7, 6, 16]|[0, 2, 0, 1, 0, 0, 0, 2, 2, 0, 0, 0, 1, 2, 1, 0, 0, 0, 2, 1]|[3, 1, 3, 1, 3, 3, 3, 1, 0, 3, 3, 3, 1, 0, 1, 3, 3, 3, 1, 1]|[0, 1, 2, 1, 0, 0, 2, 1, 1, 0, 0, 2, 1, 1, 1, 0, 0, 0, 0, 1];[2, 12, 13, 15, 19, 0, 3, 5, 11, 14, 7, 10, 9, 8, 17, 4, 18, 1, 6, 16]|[0, 0, 0, 0, 2, 1, 0, 1, 2, 0, 0, 1, 0, 0, 2, 2, 0, 0, 2, 1]|[3, 1, 1, 3, 1, 1, 0, 1, 0, 0, 3, 1, 3, 0, 0, 1, 1, 1, 1, 1]|[2, 0, 1, 0, 1, 0, 0, 1, 1, 0, 0, 1, 2, 1, 1, 1, 0, 2, 0, 1];[2, 19, 8, 10, 9, 13, 6, 16, 3, 11, 18, 1, 7, 0, 17, 5, 12, 15, 14, 4]|[0, 1, 1, 0, 2, 1, 2, 2, 1, 0, 2, 0, 1, 0, 0, 2, 1, 1, 0, 0]|[3, 1, 1, 3, 1, 1, 0, 0, 1, 3, 0, 3, 1, 3, 3, 0, 1, 1, 3, 3]|[0, 1, 1, 2, 1, 0, 0, 1, 1, 0, 1, 2, 1, 0, 0, 1, 1, 1, 2, 0];[19, 15, 12, 18, 5, 17, 6, 8, 2, 9, 3, 13, 7, 14, 0, 11, 16, 1, 10, 4]|[0, 1, 2, 1, 1, 2, 1, 0, 0, 0, 0, 0, 0, 0, 0, 2, 2, 0, 2, 1]|[3, 0, 0, 1, 1, 0, 1, 3, 3, 3, 3, 3, 3, 3, 3, 0, 1, 3, 1, 1]|[0, 1, 1, 0, 1, 1, 1, 2, 0, 0, 2, 0, 0, 2, 0, 1, 1, 0, 0, 1];[19, 15, 12, 18, 5, 17, 6, 8, 2, 9, 3, 13, 7, 14, 0, 11, 16, 1, 10, 4]|[0, 1, 2, 1, 1, 2, 1, 0, 0, 0, 0, 0, 0, 0, 0, 2, 2, 0, 2, 1]|[3, 0, 0, 1, 1, 0, 1, 3, 3, 3, 3, 3, 3, 3, 3, 0, 1, 3, 1, 1]|[0, 1, 1, 0, 1, 1, 1, 2, 0, 0, 2, 0, 0, 2, 0, 1, 1, 0, 0, 1];[19, 18, 7, 12, 14, 2, 5, 17, 15, 0, 4, 11, 13, 1, 9, 8, 10, 3, 6, 16]|[2, 1, 0, 0, 0, 0, 1, 2, 0, 0, 2, 2, 0, 1, 1, 0, 0, 0, 2, 1]|[1, 1, 3, 3, 3, 3, 1, 1, 3, 3, 0, 0, 3, 1, 1, 3, 3, 3, 0, 1]|[1, 0, 0, 0, 2, 0, 1, 1, 2, 0, 1, 1, 2, 1, 1, 0, 0, 0, 1, 1];[19, 18, 7, 12, 14, 2, 5, 17, 15, 0, 4, 11, 13, 1, 9, 8, 10, 3, 6, 16]|[2, 1, 0, 0, 0, 0, 1, 2, 0, 0, 2, 2, 0, 1, 1, 0, 0, 0, 2, 1]|[1, 1, 3, 3, 3, 3, 1, 1, 3, 3, 0, 0, 3, 1, 1, 3, 3, 3, 0, 1]|[1, 0, 0, 0, 2, 0, 1, 1, 2, 0, 1, 1, 2, 1, 1, 0, 0, 0, 1, 1];[19, 15, 12, 18, 5, 17, 6, 8, 2, 9, 3, 13, 7, 14, 0, 11, 16, 1, 10, 4]|[0, 1, 2, 1, 1, 2, 1, 0, 0, 0, 0, 0, 0, 0, 0, 2, 2, 0, 2, 1]|[3, 0, 0, 1, 1, 0, 1, 3, 3, 3, 3, 3, 3, 3, 3, 0, 1, 3, 1, 1]|[0, 1, 1, 0, 1, 1, 1, 2, 0, 0, 2, 0, 0, 2, 0, 1, 1, 0, 0, 1];[4, 5, 10, 16, 19, 2, 14, 12, 18, 9, 6, 11, 0, 15, 17, 13, 1, 8, 3, 7]|[2, 1, 2, 2, 0, 0, 0, 2, 1, 0, 1, 1, 0, 0, 0, 0, 0, 0, 2, 1]|[1, 1, 0, 1, 3, 3, 3, 1, 1, 3, 1, 1, 3, 3, 3, 3, 3, 3, 1, 1]|[1, 0, 1, 1, 0, 2, 0, 1, 0, 1, 1, 1, 0, 2, 0, 0, 2, 0, 1, 0];[4, 5, 10, 16, 19, 2, 14, 12, 18, 9, 6, 11, 0, 15, 17, 13, 1, 8, 3, 7]|[2, 1, 2, 2, 0, 0, 0, 2, 1, 0, 1, 1, 0, 0, 0, 0, 0, 0, 2, 1]|[1, 1, 0, 1, 3, 3, 3, 1, 1, 3, 1, 1, 3, 3, 3, 3, 3, 3, 1, 1]|[1, 0, 1, 1, 0, 2, 0, 1, 0, 1, 1, 1, 0, 2, 0, 0, 2, 0, 1, 0];[2, 19, 13, 15, 6, 3, 16, 5, 10, 0, 1, 14, 9, 11, 7, 12, 18, 4, 17, 8]|[0, 1, 1, 0, 2, 1, 2, 2, 1, 0, 0, 2, 0, 1, 0, 1, 1, 2, 1, 0]|[3, 1, 1, 3, 0, 1, 0, 0, 0, 0, 3, 0, 3, 1, 0, 1, 1, 0, 1, 3]|[2, 1, 1, 2, 1, 1, 1, 0, 0, 1, 1, 1, 2, 1, 1, 1, 1, 1, 1, 0];[19, 13, 15, 6, 3, 16, 5, 4, 7, 12, 9, 17, 10, 11, 2, 14, 1, 0, 8, 18]|[1, 1, 0, 2, 1, 2, 2, 1, 0, 0, 1, 0, 2, 0, 0, 1, 2, 1, 1, 0]|[0, 1, 3, 1, 1, 0, 0, 0, 0, 3, 0, 3, 1, 3, 3, 1, 0, 1, 1, 3]|[1, 0, 2, 1, 0, 0, 1, 1, 0, 0, 1, 2, 1, 0, 2, 1, 0, 1, 1, 0];[15, 17, 18, 7, 12, 19, 3, 6, 0, 4, 9, 10, 14, 1, 16, 13, 5, 8, 2, 11]|[0, 2, 0, 0, 0, 1, 1, 1, 0, 1, 1, 1, 2, 2, 2, 2, 2, 2, 0, 0]|[3, 1, 0, 3, 0, 1, 1, 1, 0, 1, 1, 1, 1, 1, 0, 0, 0, 0, 3, 3]|[0, 1, 2, 1, 0, 1, 1, 1, 0, 1, 1, 1, 1, 1, 0, 0, 1, 1, 2, 0];[5, 2, 13, 14, 10, 19, 6, 3, 4, 7, 12, 18, 16, 15, 11, 1, 17, 9, 0, 8]|[0, 1, 1, 0, 2, 1, 2, 2, 1, 0, 0, 2, 0, 1, 0, 1, 1, 2, 1, 0]|[3, 1, 1, 3, 0, 1, 0, 0, 0, 0, 3, 0, 3, 1, 0, 1, 1, 0, 1, 3]|[0, 1, 1, 2, 1, 0, 0, 1, 1, 0, 0, 1, 2, 1, 0, 1, 1, 1, 1, 0];[2, 13, 15, 4, 14, 16, 8, 3, 9, 6, 1, 7, 12, 5, 19, 11, 0, 17, 10, 18]|[0, 1, 0, 2, 1, 2, 2, 1, 0, 0, 2, 0, 1, 1, 2, 0, 1, 2, 1, 0]|[3, 1, 3, 1, 1, 0, 0, 0, 0, 3, 0, 3, 0, 1, 0, 3, 1, 0, 1, 3]|[0, 1, 2, 1, 0, 0, 1, 1, 0, 0, 1, 2, 1, 1, 1, 0, 0, 1, 1, 0];[5, 2, 13, 14, 10, 19, 16, 3, 4, 7, 15, 0, 12, 9, 1, 11, 18, 17, 6, 8]|[2, 1, 1, 0, 0, 1, 2, 1, 2, 1, 0, 2, 0, 1, 1, 1, 1, 2, 2, 0]|[0, 1, 1, 3, 1, 0, 1, 1, 0, 0, 3, 0, 3, 1, 0, 1, 1, 0, 0, 3]|[0, 1, 1, 2, 1, 0, 1, 1, 1, 1, 2, 0, 0, 0, 1, 1, 1, 0, 1, 2];[5, 2, 13, 14, 10, 19, 16, 3, 4, 7, 15, 0, 12, 9, 1, 11, 18, 17, 6, 8]|[2, 1, 1, 0, 0, 1, 2, 1, 2, 1, 0, 2, 0, 1, 1, 1, 1, 2, 2, 0]|[0, 1, 1, 3, 1, 0, 1, 1, 0, 0, 3, 0, 3, 1, 0, 1, 1, 0, 0, 3]|[0, 1, 1, 2, 1, 0, 1, 1, 1, 1, 2, 0, 0, 0, 1, 1, 1, 0, 1, 2];[2, 19, 8, 14, 9, 13, 6, 16, 3, 7, 0, 10, 1, 18, 17, 11, 15, 5, 12, 4]|[0, 1, 1, 0, 2, 1, 2, 2, 1, 0, 0, 2, 0, 1, 0, 1, 1, 2, 1, 0]|[3, 1, 1, 3, 1, 1, 0, 0, 1, 0, 3, 0, 3, 1, 3, 1, 1, 0, 1, 3]|[0, 1, 1, 2, 1, 0, 0, 1, 1, 1, 0, 1, 2, 1, 1, 1, 1, 1, 1, 0];[2, 19, 13, 15, 12, 18, 8, 5, 17, 16, 11, 10, 7, 3, 4, 14, 0, 6, 1, 9]|[0, 1, 1, 0, 2, 1, 2, 2, 1, 0, 0, 2, 0, 1, 2, 1, 1, 2, 1, 0]|[3, 1, 1, 3, 0, 1, 0, 1, 0, 0, 3, 0, 3, 1, 0, 1, 1, 0, 1, 3]|[2, 1, 1, 2, 1, 0, 0, 1, 1, 0, 0, 1, 2, 1, 1, 1, 1, 1, 1, 0];[5, 19, 10, 14, 2, 6, 4, 8, 15, 12, 18, 9, 11, 7, 0, 17, 3, 13, 16, 1]|[0, 1, 2, 0, 1, 2, 2, 1, 0, 1, 0, 2, 0, 0, 2, 2, 1, 1, 1, 0]|[3, 1, 0, 3, 1, 0, 1, 1, 3, 1, 3, 0, 3, 0, 0, 0, 1, 1, 1, 3]|[0, 1, 1, 2, 1, 0, 0, 1, 0, 1, 1, 1, 0, 2, 1, 1, 1, 1, 1, 0];[5, 19, 10, 14, 2, 6, 4, 8, 15, 12, 18, 9, 11, 7, 0, 17, 3, 13, 16, 1]|[0, 1, 2, 0, 1, 2, 2, 1, 0, 1, 0, 2, 0, 0, 2, 2, 1, 1, 1, 0]|[3, 1, 0, 3, 1, 0, 1, 1, 3, 1, 3, 0, 3, 0, 0, 0, 1, 1, 1, 3]|[0, 1, 1, 2, 1, 0, 0, 1, 0, 1, 1, 1, 0, 2, 1, 1, 1, 1, 1, 0];[2, 12, 13, 15, 19, 18, 8, 10, 17, 1, 3, 5, 6, 7, 0, 9, 16, 4, 14, 11]|[0, 1, 1, 0, 2, 1, 2, 2, 1, 0, 0, 2, 0, 1, 2, 1, 1, 2, 1, 0]|[3, 1, 1, 2, 0, 1, 0, 1, 0, 0, 3, 1, 3, 1, 1, 1, 1, 0, 1, 3]|[0, 1, 1, 2, 1, 0, 1, 1, 1, 1, 0, 1, 2, 1, 1, 1, 1, 0, 1, 0];[2, 12, 13, 15, 19, 18, 8, 10, 17, 1, 3, 5, 6, 7, 0, 9, 16, 4, 14, 11]|[0, 1, 1, 0, 2, 1, 2, 2, 1, 0, 0, 2, 0, 1, 2, 1, 1, 2, 1, 0]|[3, 1, 1, 2, 0, 1, 0, 1, 0, 0, 3, 1, 3, 1, 1, 1, 1, 0, 1, 3]|[0, 1, 1, 2, 1, 0, 1, 1, 1, 1, 0, 1, 2, 1, 1, 1, 1, 0, 1, 0];[2, 19, 8, 14, 9, 13, 6, 5, 3, 1, 4, 16, 0, 10, 15, 17, 7, 12, 11, 18]|[0, 1, 1, 0, 2, 1, 2, 2, 1, 0, 0, 2, 0, 1, 0, 1, 1, 2, 1, 0]|[3, 1, 1, 3, 1, 1, 0, 0, 1, 0, 3, 0, 3, 1, 3, 1, 1, 0, 1, 3]|[0, 1, 1, 2, 1, 0, 0, 1, 1, 1, 0, 1, 2, 0, 1, 1, 1, 1, 1, 0];[5, 14, 10, 19, 2, 16, 6, 3, 7, 0, 12, 18, 17, 15, 9, 13, 11, 1, 4, 8]|[0, 0, 2, 1, 1, 2, 2, 1, 0, 0, 2, 0, 0, 1, 1, 1, 1, 2, 1, 0]|[3, 3, 0, 1, 1, 0, 1, 1, 0, 3, 0, 3, 0, 1, 1, 1, 1, 0, 1, 3]|[0, 2, 1, 1, 1, 0, 1, 1, 0, 0, 1, 2, 1, 1, 1, 1, 1, 1, 1, 0];[5, 14, 10, 19, 2, 16, 6, 3, 7, 0, 12, 18, 17, 15, 9, 13, 11, 1, 4, 8]|[0, 0, 2, 1, 1, 2, 2, 1, 0, 0, 2, 0, 0, 1, 1, 1, 1, 2, 1, 0]|[3, 3, 0, 1, 1, 0, 1, 1, 0, 3, 0, 3, 0, 1, 1, 1, 1, 0, 1, 3]|[0, 2, 1, 1, 1, 0, 1, 1, 0, 0, 1, 2, 1, 1, 1, 1, 1, 1, 1, 0];[5, 2, 11, 15, 13, 0, 3, 9, 1, 18, 17, 6, 19, 10, 14, 12, 7, 4, 8, 16]|[0, 1, 1, 2, 1, 0, 2, 0, 0, 1, 1, 2, 2, 2, 0, 1, 1, 2, 1, 2]|[3, 1, 1, 0, 1, 3, 0, 3, 0, 1, 1, 0, 1, 0, 3, 1, 1, 0, 1, 1]|[0, 1, 1, 1, 1, 2, 1, 0, 0, 1, 1, 0, 1, 1, 2, 1, 1, 1, 1, 0];[2, 11, 0, 19, 15, 3, 12, 17, 6, 9, 16, 18, 10, 8, 14, 4, 13, 7, 1, 5]|[0, 1, 1, 1, 0, 2, 2, 2, 0, 0, 2, 0, 1, 2, 2, 2, 1, 1, 1, 0]|[3, 1, 1, 1, 2, 0, 1, 1, 0, 3, 0, 3, 1, 1, 0, 0, 1, 1, 1, 3]|[0, 1, 1, 1, 2, 0, 1, 1, 1, 0, 0, 2, 1, 1, 1, 1, 1, 1, 1, 0];[2, 19, 13, 14, 1, 4, 16, 5, 0, 10, 11, 15, 8, 6, 17, 7, 12, 9, 3, 18]|[0, 1, 1, 0, 2, 1, 2, 2, 1, 0, 0, 2, 0, 1, 0, 1, 1, 2, 1, 0]|[3, 1, 1, 3, 1, 1, 0, 1, 0, 0, 3, 0, 3, 1, 0, 1, 1, 0, 1, 3]|[0, 1, 1, 2, 1, 0, 0, 1, 1, 0, 0, 1, 2, 1, 1, 1, 1, 1, 1, 0];[2, 19, 8, 12, 11, 3, 4, 18, 15, 14, 7, 10, 16, 1, 6, 0, 13, 5, 17, 9]|[0, 1, 1, 2, 1, 2, 1, 1, 0, 0, 0, 2, 0, 1, 0, 1, 2, 2, 1, 0]|[3, 1, 1, 1, 1, 0, 1, 1, 3, 3, 3, 0, 3, 1, 3, 1, 0, 0, 1, 3]|[0, 1, 1, 1, 1, 1, 1, 1, 2, 0, 0, 1, 2, 1, 0, 1, 0, 1, 1, 0];[2, 19, 8, 14, 9, 13, 6, 16, 12, 10, 11, 1, 7, 4, 3, 18, 15, 17, 5, 0]|[0, 1, 1, 0, 2, 1, 2, 2, 1, 0, 0, 2, 0, 1, 0, 1, 1, 2, 1, 0]|[3, 1, 1, 3, 0, 1, 0, 0, 0, 0, 3, 0, 3, 1, 3, 1, 1, 0, 1, 3]|[0, 1, 1, 2, 1, 0, 0, 1, 1, 0, 0, 1, 2, 1, 1, 1, 1, 1, 1, 0];[5, 2, 13, 14, 9, 8, 6, 16, 17, 7, 0, 3, 12, 10, 19, 15, 11, 4, 1, 18]|[0, 1, 1, 0, 2, 1, 2, 2, 1, 0, 0, 2, 0, 1, 0, 1, 1, 2, 1, 0]|[3, 1, 1, 3, 1, 1, 0, 1, 1, 3, 3, 0, 3, 1, 0, 1, 1, 0, 1, 3]|[0, 1, 1, 2, 1, 1, 0, 0, 0, 2, 0, 1, 2, 1, 1, 1, 1, 1, 1, 2];[2, 19, 8, 14, 9, 3, 6, 5, 13, 7, 0, 10, 15, 16, 17, 1, 12, 4, 11, 18]|[0, 1, 1, 0, 2, 1, 2, 2, 1, 0, 0, 2, 0, 1, 0, 1, 1, 2, 1, 0]|[3, 1, 1, 3, 1, 1, 0, 0, 1, 0, 3, 0, 3, 1, 3, 1, 1, 0, 1, 3]|[0, 1, 1, 2, 1, 0, 0, 1, 1, 1, 0, 1, 2, 1, 1, 1, 1, 0, 1, 0];[2, 19, 6, 15, 3, 1, 8, 13, 9, 10, 11, 14, 4, 17, 7, 12, 0, 16, 18, 5]|[0, 1, 1, 0, 2, 1, 2, 2, 1, 0, 0, 2, 0, 1, 0, 1, 1, 2, 1, 0]|[3, 1, 1, 3, 1, 1, 0, 0, 0, 0, 3, 0, 3, 1, 0, 1, 1, 0, 1, 2]|[2, 1, 1, 2, 1, 0, 0, 1, 1, 0, 0, 1, 2, 1, 1, 1, 1, 0, 1, 0];[2, 19, 13, 15, 11, 18, 8, 5, 3, 1, 9, 17, 0, 10, 14, 12, 6, 4, 7, 16]|[0, 1, 1, 0, 2, 1, 2, 2, 1, 0, 0, 2, 0, 1, 2, 1, 1, 2, 1, 0]|[3, 1, 1, 3, 0, 1, 0, 0, 0, 0, 3, 1, 3, 1, 0, 1, 1, 0, 1, 3]|[0, 1, 1, 2, 1, 1, 0, 0, 0, 2, 0, 1, 1, 1, 1, 1, 1, 1, 1, 0];[5, 19, 13, 6, 2, 17, 12, 8, 16, 0, 10, 14, 1, 4, 15, 9, 7, 18, 11, 3]|[0, 1, 2, 2, 1, 1, 1, 0, 2, 0, 0, 0, 1, 1, 2, 1, 2, 2, 1, 0]|[0, 1, 0, 0, 1, 1, 0, 3, 0, 3, 1, 3, 0, 1, 1, 0, 1, 0, 1, 3]|[0, 1, 1, 0, 1, 0, 1, 2, 0, 1, 0, 2, 1, 1, 0, 0, 1, 0, 1, 0];[16, 11, 7, 10, 9, 13, 6, 12, 3, 5, 17, 18, 1, 2, 4, 15, 19, 8, 14, 0]|[1, 2, 2, 1, 2, 1, 0, 0, 2, 2, 1, 1, 2, 0, 0, 0, 1, 1, 0, 0]|[1, 0, 0, 1, 0, 1, 3, 3, 0, 1, 1, 1, 0, 3, 3, 3, 0, 1, 3, 3]|[1, 1, 0, 1, 1, 1, 0, 2, 0, 1, 1, 1, 1, 0, 0, 2, 0, 1, 0, 0];[2, 19, 6, 15, 3, 1, 9, 17, 5, 14, 0, 10, 16, 4, 13, 12, 11, 7, 18, 8]|[0, 1, 1, 0, 2, 1, 2, 2, 1, 0, 0, 2, 0, 1, 0, 1, 1, 2, 1, 0]|[3, 1, 1, 3, 1, 0, 1, 1, 0, 1, 3, 0, 3, 1, 0, 1, 1, 0, 1, 3]|[1, 1, 1, 2, 1, 0, 0, 1, 0, 0, 0, 1, 2, 1, 1, 1, 1, 0, 1, 0];[19, 6, 14, 2, 9, 0, 12, 16, 18, 4, 11, 7, 5, 17, 13, 8, 1, 3, 15, 10]|[1, 1, 2, 0, 1, 1, 1, 2, 1, 0, 0, 0, 0, 1, 2, 2, 1, 2, 0, 0]|[0, 1, 0, 3, 1, 1, 1, 0, 1, 3, 3, 3, 3, 1, 0, 0, 1, 1, 3, 3]|[0, 1, 1, 2, 1, 1, 1, 0, 1, 0, 2, 0, 0, 1, 1, 0, 1, 1, 0, 0];[5, 2, 13, 14, 10, 19, 6, 4, 9, 15, 1, 16, 7, 8, 11, 12, 18, 0, 3, 17]|[0, 1, 1, 2, 2, 2, 2, 1, 2, 1, 0, 2, 0, 0, 1, 0, 2, 1, 2, 0]|[3, 0, 1, 0, 1, 0, 1, 1, 1, 1, 1, 0, 0, 0, 0, 3, 1, 1, 0, 3]|[0, 1, 1, 1, 1, 0, 1, 1, 1, 1, 2, 0, 0, 0, 1, 1, 1, 0, 1, 2];[5, 2, 13, 14, 10, 19, 6, 4, 9, 15, 1, 16, 7, 8, 11, 12, 18, 0, 3, 17]|[0, 1, 1, 2, 2, 2, 2, 1, 2, 1, 0, 2, 0, 0, 1, 0, 2, 1, 2, 0]|[3, 0, 1, 0, 1, 0, 1, 1, 1, 1, 1, 0, 0, 0, 0, 3, 1, 1, 0, 3]|[0, 1, 1, 1, 1, 0, 1, 1, 1, 1, 2, 0, 0, 0, 1, 1, 1, 0, 1, 2];[5, 2, 14, 3, 19, 17, 8, 11, 12, 16, 0, 15, 1, 6, 10, 9, 4, 7, 13, 18]|[0, 1, 2, 2, 2, 0, 0, 1, 2, 2, 1, 2, 0, 1, 2, 2, 1, 1, 1, 1]|[3, 0, 1, 0, 0, 3, 3, 0, 1, 0, 1, 1, 3, 0, 0, 1, 1, 1, 1, 1]|[0, 1, 0, 1, 1, 0, 0, 1, 1, 0, 0, 1, 0, 0, 1, 1, 1, 1, 1, 1];[5, 2, 14, 3, 19, 17, 8, 11, 12, 16, 0, 15, 1, 6, 10, 9, 4, 7, 13, 18]|[0, 1, 2, 2, 2, 0, 0, 1, 2, 2, 1, 2, 0, 1, 2, 2, 1, 1, 1, 1]|[3, 0, 1, 0, 0, 3, 3, 0, 1, 0, 1, 1, 3, 0, 0, 1, 1, 1, 1, 1]|[0, 1, 0, 1, 1, 0, 0, 1, 1, 0, 0, 1, 0, 0, 1, 1, 1, 1, 1, 1];[5, 2, 13, 14, 9, 18, 8, 6, 10, 1, 0, 16, 19, 15, 12, 11, 7, 17, 4, 3]|[0, 1, 1, 0, 2, 1, 2, 2, 1, 0, 0, 2, 0, 1, 0, 1, 1, 2, 1, 0]|[0, 1, 1, 3, 1, 0, 0, 1, 1, 0, 3, 1, 3, 1, 0, 0, 1, 1, 1, 0]|[1, 1, 1, 0, 1, 0, 0, 1, 1, 0, 1, 1, 2, 1, 1, 0, 1, 0, 1, 0];[2, 19, 13, 15, 12, 18, 8, 5, 17, 1, 6, 16, 0, 14, 9, 7, 4, 10, 3, 11]|[0, 1, 1, 0, 2, 1, 2, 2, 1, 0, 0, 2, 0, 1, 0, 1, 1, 2, 1, 0]|[3, 1, 1, 3, 0, 1, 0, 1, 0, 1, 3, 0, 3, 1, 0, 1, 1, 0, 1, 3]|[0, 1, 1, 2, 1, 0, 0, 1, 1, 0, 0, 1, 2, 1, 1, 1, 1, 1, 1, 0];[2, 5, 13, 15, 4, 14, 16, 8, 3, 9, 6, 1, 7, 12, 19, 18, 0, 17, 10, 11]|[0, 1, 1, 0, 2, 1, 2, 2, 1, 0, 0, 2, 0, 1, 2, 1, 1, 2, 1, 0]|[3, 1, 1, 3, 1, 1, 0, 0, 0, 0, 3, 0, 3, 0, 0, 1, 1, 0, 1, 3]|[0, 1, 1, 2, 1, 0, 0, 1, 1, 0, 0, 1, 2, 1, 1, 1, 0, 1, 1, 0];[2, 19, 15, 1, 4, 5, 7, 0, 12, 8, 10, 3, 13, 16, 14, 11, 17, 9, 6, 18]|[0, 2, 0, 2, 2, 2, 0, 0, 2, 0, 0, 2, 1, 1, 1, 1, 1, 1, 1, 0]|[3, 1, 3, 1, 1, 0, 0, 3, 0, 3, 0, 0, 1, 1, 1, 1, 1, 1, 1, 3]|[0, 0, 2, 1, 1, 0, 0, 0, 1, 2, 1, 0, 1, 1, 1, 1, 1, 1, 1, 0];[2, 19, 8, 15, 12, 18, 13, 5, 17, 7, 14, 10, 16, 1, 6, 0, 4, 3, 11, 9]|[0, 1, 1, 0, 2, 1, 2, 2, 1, 0, 0, 2, 0, 1, 0, 1, 1, 2, 1, 0]|[3, 1, 1, 3, 1, 1, 0, 0, 1, 0, 3, 0, 3, 1, 3, 1, 1, 0, 1, 3]|[0, 1, 1, 2, 1, 0, 0, 1, 1, 1, 0, 1, 2, 1, 1, 1, 1, 1, 1, 0];[2, 19, 8, 14, 9, 6, 16, 3, 12, 7, 0, 10, 18, 17, 1, 13, 11, 4, 5, 15]|[0, 1, 1, 0, 2, 2, 2, 1, 1, 0, 0, 2, 0, 1, 0, 1, 1, 2, 1, 0]|[3, 1, 1, 3, 0, 0, 0, 1, 1, 0, 3, 0, 3, 1, 3, 1, 1, 0, 1, 3]|[0, 1, 1, 2, 1, 0, 1, 1, 1, 1, 0, 1, 2, 1, 1, 1, 1, 1, 1, 0]	sBp=[5, 2, 14, 10, 4, 13, 16, 19, 17, 0, 11, 9, 12, 3, 18, 15, 6, 1, 7, 8]|[0, 1, 0, 2, 1, 1, 2, 2, 1, 0, 1, 2, 2, 0, 0, 2, 1, 2, 1, 0]|[0, 0, 3, 1, 1, 1, 0, 1, 0, 3, 0, 0, 1, 0, 3, 0, 1, 0, 1, 3]|[0, 0, 2, 1, 1, 1, 0, 1, 1, 2, 0, 0, 0, 1, 0, 1, 1, 1, 1, 0];[2, 19, 14, 9, 8, 5, 13, 12, 18, 6, 16, 3, 7, 0, 10, 1, 11, 17, 15, 4]|[0, 1, 0, 2, 1, 2, 1, 1, 1, 2, 2, 1, 0, 0, 2, 0, 1, 0, 1, 0]|[3, 1, 3, 1, 1, 0, 1, 1, 1, 0, 0, 1, 3, 3, 0, 3, 1, 3, 1, 3]|[0, 1, 2, 1, 1, 1, 1, 1, 1, 0, 1, 1, 1, 0, 1, 2, 1, 1, 1, 0];[19, 12, 7, 8, 0, 17, 16, 6, 13, 14, 10, 1, 18, 11, 15, 2, 5, 9, 3, 4]|[1, 0, 0, 0, 1, 0, 2, 1, 0, 0, 0, 0, 0, 2, 0, 2, 2, 0, 2, 1]|[1, 3, 3, 3, 1, 0, 1, 1, 3, 3, 3, 3, 2, 1, 3, 0, 0, 0, 1, 1]|[1, 0, 2, 0, 0, 1, 0, 0, 2, 0, 2, 0, 0, 1, 2, 1, 1, 1, 0, 1];[2, 19, 6, 15, 3, 4, 16, 5, 1, 11, 10, 0, 18, 12, 7, 13, 17, 8, 9, 14]|[0, 1, 1, 0, 2, 1, 2, 2, 1, 0, 0, 2, 0, 1, 0, 1, 1, 2, 1, 0]|[3, 1, 0, 3, 0, 1, 0, 0, 0, 0, 3, 0, 3, 1, 3, 1, 1, 0, 1, 3]|[0, 1, 1, 2, 1, 0, 0, 1, 1, 1, 0, 1, 2, 1, 1, 1, 1, 1, 1, 0];[2, 19, 14, 9, 8, 6, 5, 1, 4, 16, 0, 10, 15, 17, 7, 3, 13, 12, 11, 18]|[0, 1, 0, 2, 1, 2, 2, 0, 0, 2, 0, 1, 0, 1, 1, 1, 1, 2, 1, 0]|[3, 1, 3, 1, 1, 0, 0, 0, 3, 0, 3, 1, 3, 1, 1, 1, 1, 0, 1, 3]|[0, 1, 2, 1, 1, 0, 1, 0, 0, 1, 2, 1, 0, 1, 1, 1, 1, 1, 1, 0];[2, 19, 13, 15, 6, 3, 16, 5, 10, 0, 11, 14, 8, 17, 7, 12, 4, 9, 18, 1]|[0, 1, 1, 0, 2, 1, 2, 2, 1, 0, 0, 2, 0, 1, 0, 1, 1, 2, 1, 0]|[3, 1, 1, 3, 1, 1, 0, 1, 0, 0, 3, 0, 3, 0, 0, 1, 1, 0, 1, 3]|[2, 1, 1, 2, 1, 0, 0, 1, 1, 0, 0, 1, 2, 1, 1, 1, 1, 0, 1, 0];[9, 0, 19, 7, 11, 16, 5, 3, 2, 14, 1, 12, 15, 6, 17, 13, 18, 4, 10, 8]|[0, 0, 1, 0, 1, 2, 2, 1, 0, 2, 0, 1, 0, 0, 1, 1, 1, 2, 1, 0]|[3, 0, 1, 0, 1, 0, 0, 1, 3, 0, 3, 1, 3, 2, 1, 1, 1, 0, 0, 3]|[2, 0, 1, 1, 1, 1, 0, 1, 2, 1, 1, 1, 2, 0, 1, 1, 1, 1, 0, 0];[2, 19, 13, 15, 6, 3, 16, 10, 0, 11, 14, 8, 17, 7, 12, 4, 9, 5, 18, 1]|[0, 2, 1, 0, 2, 1, 2, 1, 0, 0, 2, 0, 1, 0, 1, 1, 2, 2, 1, 0]|[3, 1, 1, 3, 1, 1, 0, 0, 0, 3, 0, 3, 0, 0, 1, 1, 0, 1, 1, 3]|[2, 1, 1, 2, 1, 0, 0, 1, 0, 0, 1, 2, 1, 1, 1, 1, 0, 1, 1, 0];[19, 12, 7, 8, 0, 17, 16, 6, 13, 14, 10, 1, 18, 11, 15, 2, 5, 9, 3, 4]|[1, 0, 0, 0, 1, 0, 2, 1, 0, 0, 0, 0, 0, 2, 0, 2, 2, 0, 2, 1]|[1, 3, 3, 3, 1, 0, 1, 1, 3, 3, 3, 3, 2, 1, 3, 0, 0, 0, 1, 1]|[1, 0, 2, 0, 0, 1, 0, 0, 2, 0, 2, 0, 0, 1, 2, 1, 1, 1, 0, 1];[19, 12, 7, 8, 0, 17, 16, 6, 13, 14, 10, 1, 18, 11, 15, 2, 5, 9, 3, 4]|[1, 0, 0, 0, 1, 0, 2, 1, 0, 0, 0, 0, 0, 2, 0, 2, 2, 0, 2, 1]|[1, 3, 3, 3, 1, 0, 1, 1, 3, 3, 3, 3, 2, 1, 3, 0, 0, 0, 1, 1]|[1, 0, 2, 0, 0, 1, 0, 0, 2, 0, 2, 0, 0, 1, 2, 1, 1, 1, 0, 1];[19, 12, 7, 8, 0, 17, 16, 6, 13, 14, 10, 1, 18, 11, 15, 2, 5, 9, 3, 4]|[1, 0, 0, 0, 1, 0, 2, 1, 0, 0, 0, 0, 0, 2, 0, 2, 2, 0, 2, 1]|[1, 3, 3, 3, 1, 0, 1, 1, 3, 3, 3, 3, 2, 1, 3, 0, 0, 0, 1, 1]|[1, 0, 2, 0, 0, 1, 0, 0, 2, 0, 2, 0, 0, 1, 2, 1, 1, 1, 0, 1];[2, 19, 13, 9, 14, 8, 6, 16, 7, 11, 10, 1, 12, 15, 17, 5, 18, 3, 4, 0]|[0, 1, 1, 2, 0, 1, 2, 2, 0, 0, 2, 0, 1, 0, 1, 2, 1, 1, 1, 0]|[3, 1, 1, 1, 3, 1, 0, 0, 0, 3, 0, 3, 1, 3, 1, 0, 1, 1, 1, 3]|[0, 1, 1, 1, 2, 1, 0, 1, 0, 0, 1, 2, 1, 1, 1, 1, 1, 1, 1, 0];[5, 4, 14, 10, 2, 6, 3, 0, 17, 12, 11, 1, 16, 18, 7, 15, 9, 13, 19, 8]|[0, 1, 0, 2, 1, 2, 2, 1, 1, 0, 0, 1, 0, 2, 0, 1, 2, 1, 1, 0]|[3, 1, 3, 0, 1, 0, 0, 1, 1, 3, 3, 1, 3, 0, 3, 1, 0, 1, 1, 3]|[0, 1, 2, 1, 1, 0, 1, 1, 1, 0, 0, 1, 2, 1, 0, 1, 1, 1, 1, 0];[5, 4, 14, 10, 2, 6, 3, 0, 17, 12, 11, 1, 16, 18, 7, 15, 9, 13, 19, 8]|[0, 1, 0, 2, 1, 2, 2, 1, 1, 0, 0, 1, 0, 2, 0, 1, 2, 1, 1, 0]|[3, 1, 3, 0, 1, 0, 0, 1, 1, 3, 3, 1, 3, 0, 3, 1, 0, 1, 1, 3]|[0, 1, 2, 1, 1, 0, 1, 1, 1, 0, 0, 1, 2, 1, 0, 1, 1, 1, 1, 0];[2, 19, 13, 15, 6, 3, 16, 5, 17, 7, 9, 0, 11, 18, 4, 8, 10, 1, 12, 14]|[0, 1, 1, 0, 2, 1, 2, 2, 1, 0, 0, 2, 0, 1, 0, 1, 1, 2, 1, 0]|[3, 1, 1, 3, 0, 1, 0, 0, 0, 0, 3, 0, 3, 1, 0, 1, 1, 0, 1, 3]|[0, 1, 1, 2, 1, 0, 0, 1, 1, 0, 0, 1, 2, 1, 1, 1, 1, 1, 1, 0];[5, 2, 19, 14, 16, 6, 13, 4, 11, 8, 17, 15, 1, 10, 0, 7, 9, 18, 12, 3]|[0, 1, 1, 0, 2, 2, 1, 2, 1, 2, 0, 1, 0, 2, 0, 0, 1, 2, 1, 0]|[3, 1, 1, 3, 0, 0, 1, 0, 1, 0, 0, 1, 3, 0, 3, 3, 0, 0, 1, 3]|[2, 1, 1, 0, 1, 0, 1, 1, 1, 0, 0, 1, 2, 1, 2, 0, 1, 1, 1, 0];[12, 19, 11, 3, 17, 7, 16, 9, 13, 0, 18, 8, 14, 10, 6, 4, 1, 15, 2, 5]|[0, 1, 1, 1, 1, 1, 2, 1, 1, 0, 0, 2, 0, 2, 2, 2, 0, 0, 1, 0]|[3, 1, 1, 1, 1, 1, 0, 1, 1, 2, 3, 0, 3, 0, 0, 1, 3, 3, 1, 3]|[0, 1, 1, 1, 1, 1, 1, 1, 1, 1, 0, 1, 2, 1, 0, 0, 0, 2, 1, 0];[5, 2, 19, 14, 16, 6, 13, 4, 11, 8, 17, 15, 1, 10, 0, 7, 9, 18, 12, 3]|[0, 1, 1, 0, 2, 2, 1, 2, 1, 2, 0, 1, 0, 2, 0, 0, 1, 2, 1, 0]|[3, 1, 1, 3, 0, 0, 1, 0, 1, 0, 0, 1, 3, 0, 3, 3, 0, 0, 1, 3]|[2, 1, 1, 0, 1, 0, 1, 1, 1, 0, 0, 1, 2, 1, 2, 0, 1, 1, 1, 0];[12, 19, 11, 3, 17, 7, 16, 9, 13, 0, 18, 8, 14, 10, 6, 4, 1, 15, 2, 5]|[0, 1, 1, 1, 1, 1, 2, 1, 1, 0, 0, 2, 0, 2, 2, 2, 0, 0, 1, 0]|[3, 1, 1, 1, 1, 1, 0, 1, 1, 2, 3, 0, 3, 0, 0, 1, 3, 3, 1, 3]|[0, 1, 1, 1, 1, 1, 1, 1, 1, 1, 0, 1, 2, 1, 0, 0, 0, 2, 1, 0];[2, 15, 3, 4, 12, 6, 16, 5, 11, 10, 0, 18, 7, 8, 9, 13, 1, 17, 19, 14]|[0, 0, 2, 1, 1, 1, 2, 2, 0, 0, 2, 0, 0, 2, 1, 1, 1, 1, 1, 0]|[3, 3, 0, 1, 1, 1, 0, 0, 0, 3, 0, 3, 3, 0, 1, 1, 1, 1, 1, 3]|[0, 2, 1, 1, 1, 1, 0, 1, 1, 0, 1, 2, 1, 1, 1, 1, 1, 1, 1, 0];[2, 19, 13, 14, 1, 4, 11, 5, 3, 15, 6, 10, 9, 17, 0, 12, 16, 7, 18, 8]|[0, 1, 1, 0, 2, 1, 2, 2, 1, 0, 0, 2, 0, 1, 0, 1, 1, 2, 1, 0]|[3, 1, 1, 3, 0, 1, 0, 0, 0, 1, 3, 0, 3, 1, 0, 1, 1, 0, 1, 3]|[2, 1, 1, 2, 1, 0, 0, 1, 1, 0, 0, 1, 2, 1, 1, 1, 1, 1, 1, 0];[5, 16, 17, 4, 6, 14, 0, 2, 9, 12, 15, 18, 3, 10, 19, 13, 8, 11, 7, 1]|[0, 1, 1, 2, 2, 0, 2, 1, 0, 2, 0, 0, 1, 2, 1, 1, 2, 2, 1, 0]|[3, 1, 1, 1, 0, 0, 0, 1, 3, 0, 3, 3, 1, 1, 0, 1, 0, 0, 1, 3]|[2, 1, 1, 1, 0, 0, 1, 1, 2, 1, 0, 0, 1, 1, 0, 1, 0, 1, 1, 0];[5, 16, 17, 4, 6, 14, 0, 2, 9, 12, 15, 18, 3, 10, 19, 13, 8, 11, 7, 1]|[0, 1, 1, 2, 2, 0, 2, 1, 0, 2, 0, 0, 1, 2, 1, 1, 2, 2, 1, 0]|[3, 1, 1, 1, 0, 0, 0, 1, 3, 0, 3, 3, 1, 1, 0, 1, 0, 0, 1, 3]|[2, 1, 1, 1, 0, 0, 1, 1, 2, 1, 0, 0, 1, 1, 0, 1, 0, 1, 1, 0];[7, 19, 15, 6, 3, 16, 5, 12, 14, 17, 4, 8, 18, 9, 10, 11, 1, 2, 13, 0]|[0, 1, 0, 2, 1, 2, 2, 1, 2, 0, 1, 0, 1, 1, 2, 0, 1, 0, 0, 0]|[3, 1, 0, 0, 1, 0, 0, 1, 0, 2, 1, 0, 1, 1, 0, 3, 1, 1, 3, 3]|[0, 1, 0, 1, 1, 0, 1, 0, 1, 1, 1, 1, 1, 0, 1, 0, 1, 2, 2, 0];[19, 13, 18, 8, 10, 6, 12, 9, 16, 14, 3, 2, 17, 11, 1, 4, 5, 15, 7, 0]|[2, 1, 2, 1, 0, 0, 2, 1, 2, 2, 1, 0, 0, 1, 1, 2, 1, 0, 0, 0]|[0, 1, 0, 1, 3, 3, 0, 1, 0, 1, 0, 3, 3, 1, 1, 0, 1, 3, 3, 3]|[1, 1, 1, 1, 0, 2, 1, 0, 0, 1, 1, 0, 0, 1, 1, 1, 1, 2, 0, 0];[2, 1, 16, 8, 19, 6, 12, 4, 3, 17, 0, 7, 13, 18, 10, 15, 9, 11, 5, 14]|[0, 0, 1, 0, 2, 1, 0, 1, 2, 0, 0, 0, 0, 0, 2, 2, 0, 0, 2, 1]|[3, 3, 1, 3, 1, 1, 0, 1, 1, 3, 2, 1, 0, 3, 0, 0, 3, 3, 1, 1]|[2, 1, 0, 2, 0, 1, 1, 0, 1, 1, 0, 0, 0, 2, 0, 1, 2, 1, 0, 1];[5, 2, 13, 14, 10, 19, 16, 6, 4, 7, 0, 12, 18, 9, 17, 15, 11, 1, 3, 8]|[0, 1, 1, 0, 2, 1, 2, 2, 1, 0, 0, 2, 0, 1, 0, 1, 1, 2, 1, 0]|[3, 1, 1, 3, 0, 1, 0, 1, 0, 0, 3, 0, 3, 1, 0, 1, 1, 0, 1, 3]|[0, 1, 1, 2, 1, 0, 0, 1, 1, 0, 0, 1, 2, 1, 1, 1, 1, 1, 1, 0];[2, 19, 13, 15, 12, 18, 8, 5, 17, 1, 0, 9, 6, 14, 11, 7, 3, 10, 4, 16]|[0, 1, 1, 0, 2, 1, 2, 2, 1, 0, 0, 2, 0, 1, 0, 1, 1, 2, 1, 0]|[3, 1, 1, 3, 0, 1, 0, 0, 0, 0, 3, 0, 3, 1, 0, 1, 1, 0, 1, 3]|[0, 1, 1, 2, 1, 0, 0, 1, 1, 1, 0, 1, 2, 1, 1, 1, 1, 0, 1, 0];[12, 13, 7, 2, 3, 4, 9, 6, 11, 5, 17, 15, 1, 14, 19, 18, 10, 0, 8, 16]|[0, 0, 0, 0, 2, 1, 2, 1, 2, 1, 0, 0, 2, 2, 0, 0, 0, 0, 0, 1]|[3, 2, 3, 3, 1, 1, 0, 1, 1, 1, 3, 3, 0, 0, 3, 3, 0, 3, 3, 1]|[0, 1, 2, 0, 1, 0, 1, 1, 0, 1, 2, 1, 1, 0, 0, 1, 2, 2, 0, 1];[12, 13, 7, 2, 3, 4, 9, 6, 11, 5, 17, 15, 1, 14, 19, 18, 10, 0, 8, 16]|[0, 0, 0, 0, 2, 1, 2, 1, 2, 1, 0, 0, 2, 2, 0, 0, 0, 0, 0, 1]|[3, 2, 3, 3, 1, 1, 0, 1, 1, 1, 3, 3, 0, 0, 3, 3, 0, 3, 3, 1]|[0, 1, 2, 0, 1, 0, 1, 1, 0, 1, 2, 1, 1, 0, 0, 1, 2, 2, 0, 1];[4, 19, 6, 12, 8, 3, 2, 7, 13, 5, 17, 16, 1, 0, 18, 15, 11, 9, 10, 14]|[0, 2, 1, 0, 1, 2, 0, 0, 0, 0, 0, 1, 0, 0, 0, 2, 2, 0, 2, 1]|[3, 1, 1, 0, 1, 1, 3, 3, 3, 3, 3, 1, 3, 2, 3, 1, 0, 3, 1, 1]|[0, 1, 1, 0, 0, 1, 2, 1, 0, 2, 0, 1, 2, 0, 1, 0, 1, 2, 0, 1];[16, 19, 13, 14, 10, 6, 4, 3, 5, 8, 18, 0, 15, 9, 17, 12, 1, 11, 2, 7]|[0, 1, 1, 0, 2, 2, 2, 1, 0, 2, 0, 0, 1, 1, 0, 1, 1, 2, 1, 0]|[3, 1, 1, 3, 0, 0, 1, 1, 3, 0, 3, 3, 1, 1, 3, 1, 1, 1, 1, 3]|[0, 1, 1, 2, 1, 0, 0, 1, 0, 1, 0, 2, 1, 1, 0, 1, 1, 1, 1, 0];[16, 19, 13, 14, 10, 6, 4, 3, 5, 8, 18, 0, 15, 9, 17, 12, 1, 11, 2, 7]|[0, 1, 1, 0, 2, 2, 2, 1, 0, 2, 0, 0, 1, 1, 0, 1, 1, 2, 1, 0]|[3, 1, 1, 3, 0, 0, 1, 1, 3, 0, 3, 3, 1, 1, 3, 1, 1, 1, 1, 3]|[0, 1, 1, 2, 1, 0, 0, 1, 0, 1, 0, 2, 1, 1, 0, 1, 1, 1, 1, 0];[2, 19, 6, 15, 3, 1, 9, 17, 0, 13, 18, 14, 5, 8, 7, 12, 4, 11, 10, 16]|[0, 1, 1, 0, 1, 0, 0, 2, 0, 1, 1, 2, 2, 2, 1, 1, 2, 2, 1, 0]|[3, 1, 1, 3, 1, 0, 3, 1, 3, 1, 1, 0, 0, 0, 1, 1, 0, 0, 1, 3]|[0, 1, 1, 2, 1, 2, 0, 1, 1, 1, 1, 0, 1, 0, 1, 1, 1, 1, 1, 0];[2, 19, 6, 15, 3, 1, 9, 17, 0, 13, 18, 14, 5, 8, 7, 12, 4, 11, 10, 16]|[0, 1, 1, 0, 1, 0, 0, 2, 0, 1, 1, 2, 2, 2, 1, 1, 2, 2, 1, 0]|[3, 1, 1, 3, 1, 0, 3, 1, 3, 1, 1, 0, 0, 0, 1, 1, 0, 0, 1, 3]|[0, 1, 1, 2, 1, 2, 0, 1, 1, 1, 1, 0, 1, 0, 1, 1, 1, 1, 1, 0];[5, 2, 14, 10, 4, 13, 16, 19, 17, 0, 11, 9, 12, 3, 18, 15, 6, 1, 7, 8]|[0, 1, 0, 2, 1, 1, 2, 2, 1, 0, 1, 2, 2, 0, 0, 2, 1, 2, 1, 0]|[0, 0, 3, 1, 1, 1, 0, 1, 0, 3, 0, 0, 1, 0, 3, 0, 1, 0, 1, 3]|[0, 0, 2, 1, 1, 1, 0, 1, 1, 2, 0, 0, 0, 1, 0, 1, 1, 1, 1, 0];[10, 9, 14, 13, 3, 5, 1, 19, 15, 17, 11, 6, 7, 12, 18, 16, 0, 8, 4, 2]|[0, 0, 1, 0, 2, 1, 0, 0, 0, 0, 2, 1, 0, 2, 2, 2, 0, 0, 2, 1]|[3, 0, 1, 0, 1, 1, 3, 3, 3, 3, 1, 1, 3, 0, 1, 1, 2, 3, 1, 1]|[2, 1, 0, 0, 1, 0, 1, 2, 1, 2, 0, 0, 1, 1, 1, 1, 0, 0, 1, 1];[7, 13, 6, 5, 4, 14, 16, 8, 10, 18, 1, 11, 17, 9, 15, 19, 3, 12, 2, 0]|[0, 1, 1, 2, 2, 1, 2, 0, 0, 1, 0, 1, 1, 1, 0, 2, 2, 1, 0, 0]|[0, 0, 0, 1, 0, 1, 0, 2, 3, 1, 3, 0, 1, 1, 0, 1, 0, 1, 3, 1]|[0, 1, 1, 1, 0, 0, 1, 0, 2, 0, 0, 1, 1, 1, 1, 1, 0, 1, 2, 1];[7, 13, 6, 5, 4, 14, 16, 8, 10, 18, 1, 11, 17, 9, 15, 19, 3, 12, 2, 0]|[0, 1, 1, 2, 2, 1, 2, 0, 0, 1, 0, 1, 1, 1, 0, 2, 2, 1, 0, 0]|[0, 0, 0, 1, 0, 1, 0, 2, 3, 1, 3, 0, 1, 1, 0, 1, 0, 1, 3, 1]|[0, 1, 1, 1, 0, 0, 1, 0, 2, 0, 0, 1, 1, 1, 1, 1, 0, 1, 2, 1];[2, 19, 8, 14, 9, 13, 6, 16, 3, 10, 11, 18, 1, 7, 17, 15, 12, 5, 0, 4]|[0, 1, 1, 0, 2, 1, 2, 2, 1, 0, 0, 2, 0, 1, 0, 1, 1, 2, 0, 0]|[3, 1, 1, 3, 1, 1, 0, 0, 1, 0, 3, 0, 2, 1, 3, 1, 1, 0, 3, 3]|[2, 1, 1, 2, 1, 0, 0, 1, 1, 0, 0, 1, 2, 1, 1, 1, 1, 1, 0, 0];[12, 2, 10, 8, 3, 4, 7, 18, 19, 9, 13, 1, 17, 6, 11, 15, 0, 14, 5, 16]|[0, 0, 0, 0, 2, 1, 0, 1, 2, 0, 0, 1, 0, 1, 2, 2, 0, 0, 2, 1]|[2, 3, 3, 3, 1, 1, 3, 1, 1, 3, 3, 1, 1, 0, 0, 0, 0, 3, 0, 1]|[0, 2, 0, 2, 1, 0, 0, 0, 0, 2, 0, 0, 1, 0, 1, 1, 1, 2, 0, 1];[1, 2, 13, 14, 19, 4, 16, 5, 3, 10, 6, 8, 9, 15, 12, 18, 17, 7, 11, 0]|[0, 1, 1, 0, 2, 1, 2, 0, 0, 1, 2, 2, 2, 1, 2, 1, 0, 1, 1, 0]|[0, 1, 1, 3, 0, 1, 1, 0, 0, 1, 1, 0, 1, 1, 0, 0, 1, 1, 0, 3]|[0, 1, 1, 1, 0, 1, 1, 0, 0, 1, 1, 0, 1, 1, 1, 0, 2, 1, 0, 1];[1, 2, 13, 14, 19, 4, 16, 5, 3, 10, 6, 8, 9, 15, 12, 18, 17, 7, 11, 0]|[0, 1, 1, 0, 2, 1, 2, 0, 0, 1, 2, 2, 2, 1, 2, 1, 0, 1, 1, 0]|[0, 1, 1, 3, 0, 1, 1, 0, 0, 1, 1, 0, 1, 1, 0, 0, 1, 1, 0, 3]|[0, 1, 1, 1, 0, 1, 1, 0, 0, 1, 1, 0, 1, 1, 1, 0, 2, 1, 0, 1];[10, 4, 14, 16, 12, 11, 15, 5, 1, 18, 17, 8, 19, 0, 6, 9, 3, 2, 13, 7]|[1, 0, 2, 1, 1, 2, 1, 0, 2, 2, 1, 1, 2, 1, 0, 0, 0, 0, 0, 0]|[1, 3, 1, 0, 1, 1, 1, 3, 0, 0, 1, 1, 0, 1, 3, 3, 3, 3, 3, 3]|[1, 0, 0, 0, 1, 1, 1, 2, 1, 0, 1, 1, 0, 1, 0, 0, 2, 0, 0, 0];[10, 4, 14, 16, 12, 11, 15, 5, 1, 18, 17, 8, 19, 0, 6, 9, 3, 2, 13, 7]|[1, 0, 2, 1, 1, 2, 1, 0, 2, 2, 1, 1, 2, 1, 0, 0, 0, 0, 0, 0]|[1, 3, 1, 0, 1, 1, 1, 3, 0, 0, 1, 1, 0, 1, 3, 3, 3, 3, 3, 3]|[1, 0, 0, 0, 1, 1, 1, 2, 1, 0, 1, 1, 0, 1, 0, 0, 2, 0, 0, 0];[2, 12, 13, 15, 19, 0, 3, 5, 11, 14, 7, 10, 9, 8, 17, 4, 18, 1, 6, 16]|[0, 0, 0, 0, 2, 1, 0, 1, 2, 0, 0, 1, 0, 0, 2, 2, 0, 0, 2, 1]|[3, 1, 1, 3, 1, 1, 0, 1, 0, 0, 3, 1, 3, 0, 0, 1, 1, 1, 1, 1]|[2, 0, 1, 0, 1, 0, 0, 1, 1, 0, 0, 1, 2, 1, 1, 1, 0, 2, 0, 1];[13, 19, 9, 10, 8, 15, 1, 4, 17, 0, 3, 2, 5, 11, 14, 18, 12, 7, 6, 16]|[0, 2, 0, 1, 0, 0, 0, 2, 2, 0, 0, 0, 1, 2, 1, 0, 0, 0, 2, 1]|[3, 1, 3, 1, 3, 3, 3, 1, 0, 3, 3, 3, 1, 0, 1, 3, 3, 3, 1, 1]|[0, 1, 2, 1, 0, 0, 2, 1, 1, 0, 0, 2, 1, 1, 1, 0, 0, 0, 0, 1];[13, 19, 9, 10, 8, 15, 1, 4, 17, 0, 3, 2, 5, 11, 14, 18, 12, 7, 6, 16]|[0, 2, 0, 1, 0, 0, 0, 2, 2, 0, 0, 0, 1, 2, 1, 0, 0, 0, 2, 1]|[3, 1, 3, 1, 3, 3, 3, 1, 0, 3, 3, 3, 1, 0, 1, 3, 3, 3, 1, 1]|[0, 1, 2, 1, 0, 0, 2, 1, 1, 0, 0, 2, 1, 1, 1, 0, 0, 0, 0, 1];[13, 19, 9, 10, 8, 15, 1, 4, 17, 0, 3, 2, 5, 11, 14, 18, 12, 7, 6, 16]|[0, 2, 0, 1, 0, 0, 0, 2, 2, 0, 0, 0, 1, 2, 1, 0, 0, 0, 2, 1]|[3, 1, 3, 1, 3, 3, 3, 1, 0, 3, 3, 3, 1, 0, 1, 3, 3, 3, 1, 1]|[0, 1, 2, 1, 0, 0, 2, 1, 1, 0, 0, 2, 1, 1, 1, 0, 0, 0, 0, 1];[13, 19, 9, 10, 8, 15, 1, 4, 17, 0, 3, 2, 5, 11, 14, 18, 12, 7, 6, 16]|[0, 2, 0, 1, 0, 0, 0, 2, 2, 0, 0, 0, 1, 2, 1, 0, 0, 0, 2, 1]|[3, 1, 3, 1, 3, 3, 3, 1, 0, 3, 3, 3, 1, 0, 1, 3, 3, 3, 1, 1]|[0, 1, 2, 1, 0, 0, 2, 1, 1, 0, 0, 2, 1, 1, 1, 0, 0, 0, 0, 1];[13, 19, 9, 10, 8, 15, 1, 4, 17, 0, 3, 2, 5, 11, 14, 18, 12, 7, 6, 16]|[0, 2, 0, 1, 0, 0, 0, 2, 2, 0, 0, 0, 1, 2, 1, 0, 0, 0, 2, 1]|[3, 1, 3, 1, 3, 3, 3, 1, 0, 3, 3, 3, 1, 0, 1, 3, 3, 3, 1, 1]|[0, 1, 2, 1, 0, 0, 2, 1, 1, 0, 0, 2, 1, 1, 1, 0, 0, 0, 0, 1];[13, 19, 9, 10, 8, 15, 1, 4, 17, 0, 3, 2, 5, 11, 14, 18, 12, 7, 6, 16]|[0, 2, 0, 1, 0, 0, 0, 2, 2, 0, 0, 0, 1, 2, 1, 0, 0, 0, 2, 1]|[3, 1, 3, 1, 3, 3, 3, 1, 0, 3, 3, 3, 1, 0, 1, 3, 3, 3, 1, 1]|[0, 1, 2, 1, 0, 0, 2, 1, 1, 0, 0, 2, 1, 1, 1, 0, 0, 0, 0, 1];[2, 12, 13, 15, 19, 0, 3, 5, 11, 14, 7, 10, 9, 8, 17, 4, 18, 1, 6, 16]|[0, 0, 0, 0, 2, 1, 0, 1, 2, 0, 0, 1, 0, 0, 2, 2, 0, 0, 2, 1]|[3, 1, 1, 3, 1, 1, 0, 1, 0, 0, 3, 1, 3, 0, 0, 1, 1, 1, 1, 1]|[2, 0, 1, 0, 1, 0, 0, 1, 1, 0, 0, 1, 2, 1, 1, 1, 0, 2, 0, 1];[2, 19, 8, 10, 9, 13, 6, 16, 3, 11, 18, 1, 7, 0, 17, 5, 12, 15, 14, 4]|[0, 1, 1, 0, 2, 1, 2, 2, 1, 0, 2, 0, 1, 0, 0, 2, 1, 1, 0, 0]|[3, 1, 1, 3, 1, 1, 0, 0, 1, 3, 0, 3, 1, 3, 3, 0, 1, 1, 3, 3]|[0, 1, 1, 2, 1, 0, 0, 1, 1, 0, 1, 2, 1, 0, 0, 1, 1, 1, 2, 0];[19, 15, 12, 18, 5, 17, 6, 8, 2, 9, 3, 13, 7, 14, 0, 11, 16, 1, 10, 4]|[0, 1, 2, 1, 1, 2, 1, 0, 0, 0, 0, 0, 0, 0, 0, 2, 2, 0, 2, 1]|[3, 0, 0, 1, 1, 0, 1, 3, 3, 3, 3, 3, 3, 3, 3, 0, 1, 3, 1, 1]|[0, 1, 1, 0, 1, 1, 1, 2, 0, 0, 2, 0, 0, 2, 0, 1, 1, 0, 0, 1];[19, 15, 12, 18, 5, 17, 6, 8, 2, 9, 3, 13, 7, 14, 0, 11, 16, 1, 10, 4]|[0, 1, 2, 1, 1, 2, 1, 0, 0, 0, 0, 0, 0, 0, 0, 2, 2, 0, 2, 1]|[3, 0, 0, 1, 1, 0, 1, 3, 3, 3, 3, 3, 3, 3, 3, 0, 1, 3, 1, 1]|[0, 1, 1, 0, 1, 1, 1, 2, 0, 0, 2, 0, 0, 2, 0, 1, 1, 0, 0, 1];[19, 18, 7, 12, 14, 2, 5, 17, 15, 0, 4, 11, 13, 1, 9, 8, 10, 3, 6, 16]|[2, 1, 0, 0, 0, 0, 1, 2, 0, 0, 2, 2, 0, 1, 1, 0, 0, 0, 2, 1]|[1, 1, 3, 3, 3, 3, 1, 1, 3, 3, 0, 0, 3, 1, 1, 3, 3, 3, 0, 1]|[1, 0, 0, 0, 2, 0, 1, 1, 2, 0, 1, 1, 2, 1, 1, 0, 0, 0, 1, 1];[19, 18, 7, 12, 14, 2, 5, 17, 15, 0, 4, 11, 13, 1, 9, 8, 10, 3, 6, 16]|[2, 1, 0, 0, 0, 0, 1, 2, 0, 0, 2, 2, 0, 1, 1, 0, 0, 0, 2, 1]|[1, 1, 3, 3, 3, 3, 1, 1, 3, 3, 0, 0, 3, 1, 1, 3, 3, 3, 0, 1]|[1, 0, 0, 0, 2, 0, 1, 1, 2, 0, 1, 1, 2, 1, 1, 0, 0, 0, 1, 1];[19, 15, 12, 18, 5, 17, 6, 8, 2, 9, 3, 13, 7, 14, 0, 11, 16, 1, 10, 4]|[0, 1, 2, 1, 1, 2, 1, 0, 0, 0, 0, 0, 0, 0, 0, 2, 2, 0, 2, 1]|[3, 0, 0, 1, 1, 0, 1, 3, 3, 3, 3, 3, 3, 3, 3, 0, 1, 3, 1, 1]|[0, 1, 1, 0, 1, 1, 1, 2, 0, 0, 2, 0, 0, 2, 0, 1, 1, 0, 0, 1];[4, 5, 10, 16, 19, 2, 14, 12, 18, 9, 6, 11, 0, 15, 17, 13, 1, 8, 3, 7]|[2, 1, 2, 2, 0, 0, 0, 2, 1, 0, 1, 1, 0, 0, 0, 0, 0, 0, 2, 1]|[1, 1, 0, 1, 3, 3, 3, 1, 1, 3, 1, 1, 3, 3, 3, 3, 3, 3, 1, 1]|[1, 0, 1, 1, 0, 2, 0, 1, 0, 1, 1, 1, 0, 2, 0, 0, 2, 0, 1, 0];[4, 5, 10, 16, 19, 2, 14, 12, 18, 9, 6, 11, 0, 15, 17, 13, 1, 8, 3, 7]|[2, 1, 2, 2, 0, 0, 0, 2, 1, 0, 1, 1, 0, 0, 0, 0, 0, 0, 2, 1]|[1, 1, 0, 1, 3, 3, 3, 1, 1, 3, 1, 1, 3, 3, 3, 3, 3, 3, 1, 1]|[1, 0, 1, 1, 0, 2, 0, 1, 0, 1, 1, 1, 0, 2, 0, 0, 2, 0, 1, 0];[2, 19, 13, 15, 6, 3, 16, 5, 10, 0, 1, 14, 9, 11, 7, 12, 18, 4, 17, 8]|[0, 1, 1, 0, 2, 1, 2, 2, 1, 0, 0, 2, 0, 1, 0, 1, 1, 2, 1, 0]|[3, 1, 1, 3, 0, 1, 0, 0, 0, 0, 3, 0, 3, 1, 0, 1, 1, 0, 1, 3]|[2, 1, 1, 2, 1, 1, 1, 0, 0, 1, 1, 1, 2, 1, 1, 1, 1, 1, 1, 0];[19, 13, 15, 6, 3, 16, 5, 4, 7, 12, 9, 17, 10, 11, 2, 14, 1, 0, 8, 18]|[1, 1, 0, 2, 1, 2, 2, 1, 0, 0, 1, 0, 2, 0, 0, 1, 2, 1, 1, 0]|[0, 1, 3, 1, 1, 0, 0, 0, 0, 3, 0, 3, 1, 3, 3, 1, 0, 1, 1, 3]|[1, 0, 2, 1, 0, 0, 1, 1, 0, 0, 1, 2, 1, 0, 2, 1, 0, 1, 1, 0];[15, 17, 18, 7, 12, 19, 3, 6, 0, 4, 9, 10, 14, 1, 16, 13, 5, 8, 2, 11]|[0, 2, 0, 0, 0, 1, 1, 1, 0, 1, 1, 1, 2, 2, 2, 2, 2, 2, 0, 0]|[3, 1, 0, 3, 0, 1, 1, 1, 0, 1, 1, 1, 1, 1, 0, 0, 0, 0, 3, 3]|[0, 1, 2, 1, 0, 1, 1, 1, 0, 1, 1, 1, 1, 1, 0, 0, 1, 1, 2, 0];[5, 2, 13, 14, 10, 19, 6, 3, 4, 7, 12, 18, 16, 15, 11, 1, 17, 9, 0, 8]|[0, 1, 1, 0, 2, 1, 2, 2, 1, 0, 0, 2, 0, 1, 0, 1, 1, 2, 1, 0]|[3, 1, 1, 3, 0, 1, 0, 0, 0, 0, 3, 0, 3, 1, 0, 1, 1, 0, 1, 3]|[0, 1, 1, 2, 1, 0, 0, 1, 1, 0, 0, 1, 2, 1, 0, 1, 1, 1, 1, 0];[2, 13, 15, 4, 14, 16, 8, 3, 9, 6, 1, 7, 12, 5, 19, 11, 0, 17, 10, 18]|[0, 1, 0, 2, 1, 2, 2, 1, 0, 0, 2, 0, 1, 1, 2, 0, 1, 2, 1, 0]|[3, 1, 3, 1, 1, 0, 0, 0, 0, 3, 0, 3, 0, 1, 0, 3, 1, 0, 1, 3]|[0, 1, 2, 1, 0, 0, 1, 1, 0, 0, 1, 2, 1, 1, 1, 0, 0, 1, 1, 0];[5, 2, 13, 14, 10, 19, 16, 3, 4, 7, 15, 0, 12, 9, 1, 11, 18, 17, 6, 8]|[2, 1, 1, 0, 0, 1, 2, 1, 2, 1, 0, 2, 0, 1, 1, 1, 1, 2, 2, 0]|[0, 1, 1, 3, 1, 0, 1, 1, 0, 0, 3, 0, 3, 1, 0, 1, 1, 0, 0, 3]|[0, 1, 1, 2, 1, 0, 1, 1, 1, 1, 2, 0, 0, 0, 1, 1, 1, 0, 1, 2];[5, 2, 13, 14, 10, 19, 16, 3, 4, 7, 15, 0, 12, 9, 1, 11, 18, 17, 6, 8]|[2, 1, 1, 0, 0, 1, 2, 1, 2, 1, 0, 2, 0, 1, 1, 1, 1, 2, 2, 0]|[0, 1, 1, 3, 1, 0, 1, 1, 0, 0, 3, 0, 3, 1, 0, 1, 1, 0, 0, 3]|[0, 1, 1, 2, 1, 0, 1, 1, 1, 1, 2, 0, 0, 0, 1, 1, 1, 0, 1, 2];[2, 19, 8, 14, 9, 13, 6, 16, 3, 7, 0, 10, 1, 18, 17, 11, 15, 5, 12, 4]|[0, 1, 1, 0, 2, 1, 2, 2, 1, 0, 0, 2, 0, 1, 0, 1, 1, 2, 1, 0]|[3, 1, 1, 3, 1, 1, 0, 0, 1, 0, 3, 0, 3, 1, 3, 1, 1, 0, 1, 3]|[0, 1, 1, 2, 1, 0, 0, 1, 1, 1, 0, 1, 2, 1, 1, 1, 1, 1, 1, 0];[2, 19, 13, 15, 12, 18, 8, 5, 17, 16, 11, 10, 7, 3, 4, 14, 0, 6, 1, 9]|[0, 1, 1, 0, 2, 1, 2, 2, 1, 0, 0, 2, 0, 1, 2, 1, 1, 2, 1, 0]|[3, 1, 1, 3, 0, 1, 0, 1, 0, 0, 3, 0, 3, 1, 0, 1, 1, 0, 1, 3]|[2, 1, 1, 2, 1, 0, 0, 1, 1, 0, 0, 1, 2, 1, 1, 1, 1, 1, 1, 0];[5, 19, 10, 14, 2, 6, 4, 8, 15, 12, 18, 9, 11, 7, 0, 17, 3, 13, 16, 1]|[0, 1, 2, 0, 1, 2, 2, 1, 0, 1, 0, 2, 0, 0, 2, 2, 1, 1, 1, 0]|[3, 1, 0, 3, 1, 0, 1, 1, 3, 1, 3, 0, 3, 0, 0, 0, 1, 1, 1, 3]|[0, 1, 1, 2, 1, 0, 0, 1, 0, 1, 1, 1, 0, 2, 1, 1, 1, 1, 1, 0];[5, 19, 10, 14, 2, 6, 4, 8, 15, 12, 18, 9, 11, 7, 0, 17, 3, 13, 16, 1]|[0, 1, 2, 0, 1, 2, 2, 1, 0, 1, 0, 2, 0, 0, 2, 2, 1, 1, 1, 0]|[3, 1, 0, 3, 1, 0, 1, 1, 3, 1, 3, 0, 3, 0, 0, 0, 1, 1, 1, 3]|[0, 1, 1, 2, 1, 0, 0, 1, 0, 1, 1, 1, 0, 2, 1, 1, 1, 1, 1, 0];[2, 12, 13, 15, 19, 18, 8, 10, 17, 1, 3, 5, 6, 7, 0, 9, 16, 4, 14, 11]|[0, 1, 1, 0, 2, 1, 2, 2, 1, 0, 0, 2, 0, 1, 2, 1, 1, 2, 1, 0]|[3, 1, 1, 2, 0, 1, 0, 1, 0, 0, 3, 1, 3, 1, 1, 1, 1, 0, 1, 3]|[0, 1, 1, 2, 1, 0, 1, 1, 1, 1, 0, 1, 2, 1, 1, 1, 1, 0, 1, 0];[2, 12, 13, 15, 19, 18, 8, 10, 17, 1, 3, 5, 6, 7, 0, 9, 16, 4, 14, 11]|[0, 1, 1, 0, 2, 1, 2, 2, 1, 0, 0, 2, 0, 1, 2, 1, 1, 2, 1, 0]|[3, 1, 1, 2, 0, 1, 0, 1, 0, 0, 3, 1, 3, 1, 1, 1, 1, 0, 1, 3]|[0, 1, 1, 2, 1, 0, 1, 1, 1, 1, 0, 1, 2, 1, 1, 1, 1, 0, 1, 0];[2, 19, 8, 14, 9, 13, 6, 5, 3, 1, 4, 16, 0, 10, 15, 17, 7, 12, 11, 18]|[0, 1, 1, 0, 2, 1, 2, 2, 1, 0, 0, 2, 0, 1, 0, 1, 1, 2, 1, 0]|[3, 1, 1, 3, 1, 1, 0, 0, 1, 0, 3, 0, 3, 1, 3, 1, 1, 0, 1, 3]|[0, 1, 1, 2, 1, 0, 0, 1, 1, 1, 0, 1, 2, 0, 1, 1, 1, 1, 1, 0];[5, 14, 10, 19, 2, 16, 6, 3, 7, 0, 12, 18, 17, 15, 9, 13, 11, 1, 4, 8]|[0, 0, 2, 1, 1, 2, 2, 1, 0, 0, 2, 0, 0, 1, 1, 1, 1, 2, 1, 0]|[3, 3, 0, 1, 1, 0, 1, 1, 0, 3, 0, 3, 0, 1, 1, 1, 1, 0, 1, 3]|[0, 2, 1, 1, 1, 0, 1, 1, 0, 0, 1, 2, 1, 1, 1, 1, 1, 1, 1, 0];[5, 14, 10, 19, 2, 16, 6, 3, 7, 0, 12, 18, 17, 15, 9, 13, 11, 1, 4, 8]|[0, 0, 2, 1, 1, 2, 2, 1, 0, 0, 2, 0, 0, 1, 1, 1, 1, 2, 1, 0]|[3, 3, 0, 1, 1, 0, 1, 1, 0, 3, 0, 3, 0, 1, 1, 1, 1, 0, 1, 3]|[0, 2, 1, 1, 1, 0, 1, 1, 0, 0, 1, 2, 1, 1, 1, 1, 1, 1, 1, 0];[5, 2, 11, 15, 13, 0, 3, 9, 1, 18, 17, 6, 19, 10, 14, 12, 7, 4, 8, 16]|[0, 1, 1, 2, 1, 0, 2, 0, 0, 1, 1, 2, 2, 2, 0, 1, 1, 2, 1, 2]|[3, 1, 1, 0, 1, 3, 0, 3, 0, 1, 1, 0, 1, 0, 3, 1, 1, 0, 1, 1]|[0, 1, 1, 1, 1, 2, 1, 0, 0, 1, 1, 0, 1, 1, 2, 1, 1, 1, 1, 0];[2, 11, 0, 19, 15, 3, 12, 17, 6, 9, 16, 18, 10, 8, 14, 4, 13, 7, 1, 5]|[0, 1, 1, 1, 0, 2, 2, 2, 0, 0, 2, 0, 1, 2, 2, 2, 1, 1, 1, 0]|[3, 1, 1, 1, 2, 0, 1, 1, 0, 3, 0, 3, 1, 1, 0, 0, 1, 1, 1, 3]|[0, 1, 1, 1, 2, 0, 1, 1, 1, 0, 0, 2, 1, 1, 1, 1, 1, 1, 1, 0];[2, 19, 13, 14, 1, 4, 16, 5, 0, 10, 11, 15, 8, 6, 17, 7, 12, 9, 3, 18]|[0, 1, 1, 0, 2, 1, 2, 2, 1, 0, 0, 2, 0, 1, 0, 1, 1, 2, 1, 0]|[3, 1, 1, 3, 1, 1, 0, 1, 0, 0, 3, 0, 3, 1, 0, 1, 1, 0, 1, 3]|[0, 1, 1, 2, 1, 0, 0, 1, 1, 0, 0, 1, 2, 1, 1, 1, 1, 1, 1, 0];[2, 19, 8, 12, 11, 3, 4, 18, 15, 14, 7, 10, 16, 1, 6, 0, 13, 5, 17, 9]|[0, 1, 1, 2, 1, 2, 1, 1, 0, 0, 0, 2, 0, 1, 0, 1, 2, 2, 1, 0]|[3, 1, 1, 1, 1, 0, 1, 1, 3, 3, 3, 0, 3, 1, 3, 1, 0, 0, 1, 3]|[0, 1, 1, 1, 1, 1, 1, 1, 2, 0, 0, 1, 2, 1, 0, 1, 0, 1, 1, 0];[2, 19, 8, 14, 9, 13, 6, 16, 12, 10, 11, 1, 7, 4, 3, 18, 15, 17, 5, 0]|[0, 1, 1, 0, 2, 1, 2, 2, 1, 0, 0, 2, 0, 1, 0, 1, 1, 2, 1, 0]|[3, 1, 1, 3, 0, 1, 0, 0, 0, 0, 3, 0, 3, 1, 3, 1, 1, 0, 1, 3]|[0, 1, 1, 2, 1, 0, 0, 1, 1, 0, 0, 1, 2, 1, 1, 1, 1, 1, 1, 0];[5, 2, 13, 14, 9, 8, 6, 16, 17, 7, 0, 3, 12, 10, 19, 15, 11, 4, 1, 18]|[0, 1, 1, 0, 2, 1, 2, 2, 1, 0, 0, 2, 0, 1, 0, 1, 1, 2, 1, 0]|[3, 1, 1, 3, 1, 1, 0, 1, 1, 3, 3, 0, 3, 1, 0, 1, 1, 0, 1, 3]|[0, 1, 1, 2, 1, 1, 0, 0, 0, 2, 0, 1, 2, 1, 1, 1, 1, 1, 1, 2];[2, 19, 8, 14, 9, 3, 6, 5, 13, 7, 0, 10, 15, 16, 17, 1, 12, 4, 11, 18]|[0, 1, 1, 0, 2, 1, 2, 2, 1, 0, 0, 2, 0, 1, 0, 1, 1, 2, 1, 0]|[3, 1, 1, 3, 1, 1, 0, 0, 1, 0, 3, 0, 3, 1, 3, 1, 1, 0, 1, 3]|[0, 1, 1, 2, 1, 0, 0, 1, 1, 1, 0, 1, 2, 1, 1, 1, 1, 0, 1, 0];[2, 19, 6, 15, 3, 1, 8, 13, 9, 10, 11, 14, 4, 17, 7, 12, 0, 16, 18, 5]|[0, 1, 1, 0, 2, 1, 2, 2, 1, 0, 0, 2, 0, 1, 0, 1, 1, 2, 1, 0]|[3, 1, 1, 3, 1, 1, 0, 0, 0, 0, 3, 0, 3, 1, 0, 1, 1, 0, 1, 2]|[2, 1, 1, 2, 1, 0, 0, 1, 1, 0, 0, 1, 2, 1, 1, 1, 1, 0, 1, 0];[2, 19, 13, 15, 11, 18, 8, 5, 3, 1, 9, 17, 0, 10, 14, 12, 6, 4, 7, 16]|[0, 1, 1, 0, 2, 1, 2, 2, 1, 0, 0, 2, 0, 1, 2, 1, 1, 2, 1, 0]|[3, 1, 1, 3, 0, 1, 0, 0, 0, 0, 3, 1, 3, 1, 0, 1, 1, 0, 1, 3]|[0, 1, 1, 2, 1, 1, 0, 0, 0, 2, 0, 1, 1, 1, 1, 1, 1, 1, 1, 0];[5, 19, 13, 6, 2, 17, 12, 8, 16, 0, 10, 14, 1, 4, 15, 9, 7, 18, 11, 3]|[0, 1, 2, 2, 1, 1, 1, 0, 2, 0, 0, 0, 1, 1, 2, 1, 2, 2, 1, 0]|[0, 1, 0, 0, 1, 1, 0, 3, 0, 3, 1, 3, 0, 1, 1, 0, 1, 0, 1, 3]|[0, 1, 1, 0, 1, 0, 1, 2, 0, 1, 0, 2, 1, 1, 0, 0, 1, 0, 1, 0];[16, 11, 7, 10, 9, 13, 6, 12, 3, 5, 17, 18, 1, 2, 4, 15, 19, 8, 14, 0]|[1, 2, 2, 1, 2, 1, 0, 0, 2, 2, 1, 1, 2, 0, 0, 0, 1, 1, 0, 0]|[1, 0, 0, 1, 0, 1, 3, 3, 0, 1, 1, 1, 0, 3, 3, 3, 0, 1, 3, 3]|[1, 1, 0, 1, 1, 1, 0, 2, 0, 1, 1, 1, 1, 0, 0, 2, 0, 1, 0, 0];[2, 19, 6, 15, 3, 1, 9, 17, 5, 14, 0, 10, 16, 4, 13, 12, 11, 7, 18, 8]|[0, 1, 1, 0, 2, 1, 2, 2, 1, 0, 0, 2, 0, 1, 0, 1, 1, 2, 1, 0]|[3, 1, 1, 3, 1, 0, 1, 1, 0, 1, 3, 0, 3, 1, 0, 1, 1, 0, 1, 3]|[1, 1, 1, 2, 1, 0, 0, 1, 0, 0, 0, 1, 2, 1, 1, 1, 1, 0, 1, 0];[19, 6, 14, 2, 9, 0, 12, 16, 18, 4, 11, 7, 5, 17, 13, 8, 1, 3, 15, 10]|[1, 1, 2, 0, 1, 1, 1, 2, 1, 0, 0, 0, 0, 1, 2, 2, 1, 2, 0, 0]|[0, 1, 0, 3, 1, 1, 1, 0, 1, 3, 3, 3, 3, 1, 0, 0, 1, 1, 3, 3]|[0, 1, 1, 2, 1, 1, 1, 0, 1, 0, 2, 0, 0, 1, 1, 0, 1, 1, 0, 0];[5, 2, 13, 14, 10, 19, 6, 4, 9, 15, 1, 16, 7, 8, 11, 12, 18, 0, 3, 17]|[0, 1, 1, 2, 2, 2, 2, 1, 2, 1, 0, 2, 0, 0, 1, 0, 2, 1, 2, 0]|[3, 0, 1, 0, 1, 0, 1, 1, 1, 1, 1, 0, 0, 0, 0, 3, 1, 1, 0, 3]|[0, 1, 1, 1, 1, 0, 1, 1, 1, 1, 2, 0, 0, 0, 1, 1, 1, 0, 1, 2];[5, 2, 13, 14, 10, 19, 6, 4, 9, 15, 1, 16, 7, 8, 11, 12, 18, 0, 3, 17]|[0, 1, 1, 2, 2, 2, 2, 1, 2, 1, 0, 2, 0, 0, 1, 0, 2, 1, 2, 0]|[3, 0, 1, 0, 1, 0, 1, 1, 1, 1, 1, 0, 0, 0, 0, 3, 1, 1, 0, 3]|[0, 1, 1, 1, 1, 0, 1, 1, 1, 1, 2, 0, 0, 0, 1, 1, 1, 0, 1, 2];[5, 2, 14, 3, 19, 17, 8, 11, 12, 16, 0, 15, 1, 6, 10, 9, 4, 7, 13, 18]|[0, 1, 2, 2, 2, 0, 0, 1, 2, 2, 1, 2, 0, 1, 2, 2, 1, 1, 1, 1]|[3, 0, 1, 0, 0, 3, 3, 0, 1, 0, 1, 1, 3, 0, 0, 1, 1, 1, 1, 1]|[0, 1, 0, 1, 1, 0, 0, 1, 1, 0, 0, 1, 0, 0, 1, 1, 1, 1, 1, 1];[5, 2, 14, 3, 19, 17, 8, 11, 12, 16, 0, 15, 1, 6, 10, 9, 4, 7, 13, 18]|[0, 1, 2, 2, 2, 0, 0, 1, 2, 2, 1, 2, 0, 1, 2, 2, 1, 1, 1, 1]|[3, 0, 1, 0, 0, 3, 3, 0, 1, 0, 1, 1, 3, 0, 0, 1, 1, 1, 1, 1]|[0, 1, 0, 1, 1, 0, 0, 1, 1, 0, 0, 1, 0, 0, 1, 1, 1, 1, 1, 1];[5, 2, 13, 14, 9, 18, 8, 6, 10, 1, 0, 16, 19, 15, 12, 11, 7, 17, 4, 3]|[0, 1, 1, 0, 2, 1, 2, 2, 1, 0, 0, 2, 0, 1, 0, 1, 1, 2, 1, 0]|[0, 1, 1, 3, 1, 0, 0, 1, 1, 0, 3, 1, 3, 1, 0, 0, 1, 1, 1, 0]|[1, 1, 1, 0, 1, 0, 0, 1, 1, 0, 1, 1, 2, 1, 1, 0, 1, 0, 1, 0];[2, 19, 13, 15, 12, 18, 8, 5, 17, 1, 6, 16, 0, 14, 9, 7, 4, 10, 3, 11]|[0, 1, 1, 0, 2, 1, 2, 2, 1, 0, 0, 2, 0, 1, 0, 1, 1, 2, 1, 0]|[3, 1, 1, 3, 0, 1, 0, 1, 0, 1, 3, 0, 3, 1, 0, 1, 1, 0, 1, 3]|[0, 1, 1, 2, 1, 0, 0, 1, 1, 0, 0, 1, 2, 1, 1, 1, 1, 1, 1, 0];[2, 5, 13, 15, 4, 14, 16, 8, 3, 9, 6, 1, 7, 12, 19, 18, 0, 17, 10, 11]|[0, 1, 1, 0, 2, 1, 2, 2, 1, 0, 0, 2, 0, 1, 2, 1, 1, 2, 1, 0]|[3, 1, 1, 3, 1, 1, 0, 0, 0, 0, 3, 0, 3, 0, 0, 1, 1, 0, 1, 3]|[0, 1, 1, 2, 1, 0, 0, 1, 1, 0, 0, 1, 2, 1, 1, 1, 0, 1, 1, 0];[2, 19, 15, 1, 4, 5, 7, 0, 12, 8, 10, 3, 13, 16, 14, 11, 17, 9, 6, 18]|[0, 2, 0, 2, 2, 2, 0, 0, 2, 0, 0, 2, 1, 1, 1, 1, 1, 1, 1, 0]|[3, 1, 3, 1, 1, 0, 0, 3, 0, 3, 0, 0, 1, 1, 1, 1, 1, 1, 1, 3]|[0, 0, 2, 1, 1, 0, 0, 0, 1, 2, 1, 0, 1, 1, 1, 1, 1, 1, 1, 0];[2, 19, 8, 15, 12, 18, 13, 5, 17, 7, 14, 10, 16, 1, 6, 0, 4, 3, 11, 9]|[0, 1, 1, 0, 2, 1, 2, 2, 1, 0, 0, 2, 0, 1, 0, 1, 1, 2, 1, 0]|[3, 1, 1, 3, 1, 1, 0, 0, 1, 0, 3, 0, 3, 1, 3, 1, 1, 0, 1, 3]|[0, 1, 1, 2, 1, 0, 0, 1, 1, 1, 0, 1, 2, 1, 1, 1, 1, 1, 1, 0];[2, 19, 8, 14, 9, 6, 16, 3, 12, 7, 0, 10, 18, 17, 1, 13, 11, 4, 5, 15]|[0, 1, 1, 0, 2, 2, 2, 1, 1, 0, 0, 2, 0, 1, 0, 1, 1, 2, 1, 0]|[3, 1, 1, 3, 0, 0, 0, 1, 1, 0, 3, 0, 3, 1, 3, 1, 1, 0, 1, 3]|[0, 1, 1, 2, 1, 0, 1, 1, 1, 1, 0, 1, 2, 1, 1, 1, 1, 1, 1, 0]
fc6diagRound 4	fe=112303	pool=300	target=100	rescued=0	sOriginal=[1, 19, 8, 14, 5, 13, 6, 16, 3, 0, 12, 4, 2, 15, 17, 10, 9, 11, 7, 18]|[0, 1, 1, 0, 2, 1, 2, 2, 1, 0, 0, 2, 0, 1, 0, 1, 1, 2, 1, 0]|[3, 1, 1, 3, 0, 1, 0, 0, 0, 0, 3, 0, 3, 0, 3, 1, 1, 0, 1, 3]|[0, 1, 1, 2, 1, 0, 0, 1, 1, 1, 0, 1, 2, 1, 1, 1, 1, 1, 1, 0];[2, 19, 6, 15, 3, 4, 16, 5, 1, 11, 10, 0, 18, 12, 7, 13, 17, 8, 9, 14]|[0, 1, 1, 0, 2, 1, 2, 2, 1, 0, 0, 2, 0, 1, 0, 1, 1, 2, 1, 0]|[3, 1, 0, 3, 0, 1, 0, 0, 0, 0, 3, 0, 3, 1, 3, 1, 1, 0, 1, 3]|[0, 1, 1, 2, 1, 0, 0, 1, 1, 1, 0, 1, 2, 1, 1, 1, 1, 1, 1, 0];[1, 2, 4, 12, 0, 16, 6, 5, 14, 19, 15, 10, 8, 7, 3, 11, 13, 17, 9, 18]|[0, 0, 2, 0, 0, 2, 2, 2, 0, 1, 1, 1, 1, 1, 1, 2, 1, 0, 1, 0]|[3, 3, 0, 3, 0, 0, 0, 0, 3, 1, 1, 1, 1, 1, 1, 0, 1, 3, 1, 3]|[0, 2, 1, 0, 1, 1, 0, 1, 2, 1, 1, 1, 1, 1, 1, 1, 1, 1, 1, 0];[19, 12, 7, 8, 0, 17, 16, 6, 13, 14, 10, 1, 18, 11, 15, 2, 5, 9, 3, 4]|[1, 0, 0, 0, 1, 0, 2, 1, 0, 0, 0, 0, 0, 2, 0, 2, 2, 0, 2, 1]|[1, 3, 3, 3, 1, 0, 1, 1, 3, 3, 3, 3, 2, 1, 3, 0, 0, 0, 1, 1]|[1, 0, 2, 0, 0, 1, 0, 0, 2, 0, 2, 0, 0, 1, 2, 1, 1, 1, 0, 1];[19, 12, 7, 8, 0, 17, 16, 6, 13, 14, 10, 1, 18, 11, 15, 2, 5, 9, 3, 4]|[1, 0, 0, 0, 1, 0, 2, 1, 0, 0, 0, 0, 0, 2, 0, 2, 2, 0, 2, 1]|[1, 3, 3, 3, 1, 0, 1, 1, 3, 3, 3, 3, 2, 1, 3, 0, 0, 0, 1, 1]|[1, 0, 2, 0, 0, 1, 0, 0, 2, 0, 2, 0, 0, 1, 2, 1, 1, 1, 0, 1];[19, 12, 7, 8, 0, 17, 16, 6, 13, 14, 10, 1, 18, 11, 15, 2, 5, 9, 3, 4]|[1, 0, 0, 0, 1, 0, 2, 1, 0, 0, 0, 0, 0, 2, 0, 2, 2, 0, 2, 1]|[1, 3, 3, 3, 1, 0, 1, 1, 3, 3, 3, 3, 2, 1, 3, 0, 0, 0, 1, 1]|[1, 0, 2, 0, 0, 1, 0, 0, 2, 0, 2, 0, 0, 1, 2, 1, 1, 1, 0, 1];[19, 12, 7, 8, 0, 17, 16, 6, 13, 14, 10, 1, 18, 11, 15, 2, 5, 9, 3, 4]|[1, 0, 0, 0, 1, 0, 2, 1, 0, 0, 0, 0, 0, 2, 0, 2, 2, 0, 2, 1]|[1, 3, 3, 3, 1, 0, 1, 1, 3, 3, 3, 3, 2, 1, 3, 0, 0, 0, 1, 1]|[1, 0, 2, 0, 0, 1, 0, 0, 2, 0, 2, 0, 0, 1, 2, 1, 1, 1, 0, 1];[2, 19, 14, 9, 8, 6, 5, 1, 4, 16, 0, 10, 15, 17, 7, 3, 13, 12, 11, 18]|[0, 1, 0, 2, 1, 2, 2, 0, 0, 2, 0, 1, 0, 1, 1, 1, 1, 2, 1, 0]|[3, 1, 3, 1, 1, 0, 0, 0, 3, 0, 3, 1, 3, 1, 1, 1, 1, 0, 1, 3]|[0, 1, 2, 1, 1, 0, 1, 0, 0, 1, 2, 1, 0, 1, 1, 1, 1, 1, 1, 0];[2, 19, 14, 9, 8, 6, 5, 1, 4, 16, 0, 10, 15, 17, 7, 3, 13, 12, 11, 18]|[0, 1, 0, 2, 1, 2, 2, 0, 0, 2, 0, 1, 0, 1, 1, 1, 1, 2, 1, 0]|[3, 1, 3, 1, 1, 0, 0, 0, 3, 0, 3, 1, 3, 1, 1, 1, 1, 0, 1, 3]|[0, 1, 2, 1, 1, 0, 1, 0, 0, 1, 2, 1, 0, 1, 1, 1, 1, 1, 1, 0];[2, 19, 13, 15, 6, 3, 16, 5, 10, 0, 11, 14, 8, 17, 7, 12, 4, 9, 18, 1]|[0, 1, 1, 0, 2, 1, 2, 2, 1, 0, 0, 2, 0, 1, 0, 1, 1, 2, 1, 0]|[3, 1, 1, 3, 1, 1, 0, 1, 0, 0, 3, 0, 3, 0, 0, 1, 1, 0, 1, 3]|[2, 1, 1, 2, 1, 0, 0, 1, 1, 0, 0, 1, 2, 1, 1, 1, 1, 0, 1, 0];[9, 0, 19, 7, 11, 16, 5, 3, 2, 14, 1, 12, 15, 6, 17, 13, 18, 4, 10, 8]|[0, 0, 1, 0, 1, 2, 2, 1, 0, 2, 0, 1, 0, 0, 1, 1, 1, 2, 1, 0]|[3, 0, 1, 0, 1, 0, 0, 1, 3, 0, 3, 1, 3, 2, 1, 1, 1, 0, 0, 3]|[2, 0, 1, 1, 1, 1, 0, 1, 2, 1, 1, 1, 2, 0, 1, 1, 1, 1, 0, 0];[9, 0, 19, 7, 11, 16, 5, 3, 2, 14, 1, 12, 15, 6, 17, 13, 18, 4, 10, 8]|[0, 0, 1, 0, 1, 2, 2, 1, 0, 2, 0, 1, 0, 0, 1, 1, 1, 2, 1, 0]|[3, 0, 1, 0, 1, 0, 0, 1, 3, 0, 3, 1, 3, 2, 1, 1, 1, 0, 0, 3]|[2, 0, 1, 1, 1, 1, 0, 1, 2, 1, 1, 1, 2, 0, 1, 1, 1, 1, 0, 0];[5, 2, 19, 14, 16, 6, 13, 4, 11, 8, 17, 15, 1, 10, 0, 7, 9, 18, 12, 3]|[0, 1, 1, 0, 2, 2, 1, 2, 1, 2, 0, 1, 0, 2, 0, 0, 1, 2, 1, 0]|[3, 1, 1, 3, 0, 0, 1, 0, 1, 0, 0, 1, 3, 0, 3, 3, 0, 0, 1, 3]|[2, 1, 1, 0, 1, 0, 1, 1, 1, 0, 0, 1, 2, 1, 2, 0, 1, 1, 1, 0];[5, 2, 19, 14, 16, 6, 13, 4, 11, 8, 17, 15, 1, 10, 0, 7, 9, 18, 12, 3]|[0, 1, 1, 0, 2, 2, 1, 2, 1, 2, 0, 1, 0, 2, 0, 0, 1, 2, 1, 0]|[3, 1, 1, 3, 0, 0, 1, 0, 1, 0, 0, 1, 3, 0, 3, 3, 0, 0, 1, 3]|[2, 1, 1, 0, 1, 0, 1, 1, 1, 0, 0, 1, 2, 1, 2, 0, 1, 1, 1, 0];[12, 19, 11, 3, 17, 7, 16, 9, 13, 0, 18, 8, 14, 10, 6, 4, 1, 15, 2, 5]|[0, 1, 1, 1, 1, 1, 2, 1, 1, 0, 0, 2, 0, 2, 2, 2, 0, 0, 1, 0]|[3, 1, 1, 1, 1, 1, 0, 1, 1, 2, 3, 0, 3, 0, 0, 1, 3, 3, 1, 3]|[0, 1, 1, 1, 1, 1, 1, 1, 1, 1, 0, 1, 2, 1, 0, 0, 0, 2, 1, 0];[12, 19, 11, 3, 17, 7, 16, 9, 13, 0, 18, 8, 14, 10, 6, 4, 1, 15, 2, 5]|[0, 1, 1, 1, 1, 1, 2, 1, 1, 0, 0, 2, 0, 2, 2, 2, 0, 0, 1, 0]|[3, 1, 1, 1, 1, 1, 0, 1, 1, 2, 3, 0, 3, 0, 0, 1, 3, 3, 1, 3]|[0, 1, 1, 1, 1, 1, 1, 1, 1, 1, 0, 1, 2, 1, 0, 0, 0, 2, 1, 0];[2, 1, 13, 14, 19, 4, 16, 5, 3, 10, 11, 17, 6, 7, 18, 9, 15, 0, 12, 8]|[0, 1, 1, 0, 2, 1, 2, 2, 1, 0, 0, 2, 0, 1, 0, 1, 1, 2, 1, 0]|[3, 1, 1, 3, 0, 1, 0, 0, 0, 0, 3, 0, 3, 0, 3, 1, 1, 0, 1, 3]|[0, 1, 1, 2, 1, 0, 0, 1, 1, 0, 0, 1, 2, 1, 0, 1, 1, 1, 1, 0];[1, 19, 8, 14, 2, 4, 16, 5, 17, 3, 7, 12, 15, 10, 18, 11, 9, 13, 6, 0]|[0, 1, 1, 0, 2, 1, 2, 2, 1, 0, 0, 2, 0, 1, 0, 1, 1, 2, 1, 0]|[3, 1, 1, 3, 1, 1, 1, 1, 0, 3, 3, 0, 3, 0, 3, 1, 1, 0, 1, 3]|[0, 1, 1, 2, 1, 0, 0, 1, 1, 0, 0, 1, 2, 1, 0, 1, 1, 0, 1, 2];[2, 12, 13, 14, 11, 6, 1, 5, 17, 3, 4, 7, 0, 9, 19, 16, 15, 8, 18, 10]|[0, 0, 0, 0, 2, 1, 0, 1, 0, 2, 1, 0, 0, 0, 2, 2, 0, 0, 2, 1]|[3, 0, 0, 3, 1, 1, 3, 1, 3, 1, 1, 3, 2, 3, 1, 1, 3, 3, 1, 1]|[0, 2, 1, 2, 1, 0, 1, 1, 2, 1, 0, 1, 0, 2, 0, 1, 1, 0, 0, 0];[2, 12, 15, 19, 10, 14, 9, 1, 16, 13, 3, 4, 7, 6, 11, 0, 17, 8, 5, 18]|[0, 0, 0, 0, 2, 2, 0, 0, 1, 0, 2, 1, 0, 1, 2, 0, 0, 0, 2, 1]|[0, 3, 3, 3, 1, 1, 3, 3, 1, 3, 1, 1, 3, 1, 1, 3, 2, 3, 1, 1]|[1, 0, 2, 0, 1, 0, 2, 1, 1, 2, 1, 0, 0, 1, 1, 1, 0, 2, 0, 0];[19, 14, 2, 4, 16, 5, 3, 12, 10, 6, 0, 18, 9, 8, 15, 11, 7, 17, 13, 1]|[1, 0, 2, 1, 2, 2, 1, 1, 1, 0, 0, 0, 1, 1, 2, 2, 0, 0, 0, 0]|[0, 3, 0, 1, 0, 0, 1, 1, 1, 3, 3, 3, 1, 1, 1, 1, 3, 3, 3, 3]|[1, 0, 1, 0, 0, 1, 1, 1, 1, 0, 2, 0, 1, 1, 1, 0, 0, 0, 2, 0];[7, 17, 16, 6, 19, 2, 12, 15, 18, 10, 0, 4, 8, 5, 9, 13, 3, 1, 14, 11]|[0, 0, 2, 2, 1, 1, 1, 1, 0, 0, 2, 2, 1, 2, 1, 1, 1, 0, 0, 0]|[3, 3, 0, 0, 1, 1, 1, 1, 0, 3, 0, 0, 1, 0, 1, 1, 1, 3, 3, 3]|[0, 0, 1, 0, 1, 1, 1, 1, 0, 2, 1, 0, 1, 1, 1, 1, 1, 0, 2, 0];[2, 15, 3, 4, 12, 6, 16, 5, 11, 10, 0, 18, 7, 8, 9, 13, 1, 17, 19, 14]|[0, 0, 2, 1, 1, 1, 2, 2, 0, 0, 2, 0, 0, 2, 1, 1, 1, 1, 1, 0]|[3, 3, 0, 1, 1, 1, 0, 0, 0, 3, 0, 3, 3, 0, 1, 1, 1, 1, 1, 3]|[0, 2, 1, 1, 1, 1, 0, 1, 1, 0, 1, 2, 1, 1, 1, 1, 1, 1, 1, 0];[14, 18, 17, 7, 5, 11, 9, 15, 2, 19, 16, 6, 4, 10, 12, 13, 8, 3, 0, 1]|[0, 0, 0, 0, 2, 2, 0, 2, 2, 1, 2, 2, 1, 1, 1, 1, 1, 1, 0, 0]|[0, 3, 3, 3, 0, 0, 3, 0, 0, 1, 1, 0, 1, 1, 1, 1, 1, 1, 3, 3]|[1, 0, 0, 0, 1, 1, 2, 1, 1, 1, 0, 1, 1, 1, 1, 1, 1, 1, 0, 2];[2, 19, 13, 15, 6, 3, 16, 10, 0, 11, 14, 8, 17, 7, 12, 4, 9, 5, 18, 1]|[0, 2, 1, 0, 2, 1, 2, 1, 0, 0, 2, 0, 1, 0, 1, 1, 2, 2, 1, 0]|[3, 1, 1, 3, 1, 1, 0, 0, 0, 3, 0, 3, 0, 0, 1, 1, 0, 1, 1, 3]|[2, 1, 1, 2, 1, 0, 0, 1, 0, 0, 1, 2, 1, 1, 1, 1, 0, 1, 1, 0];[2, 19, 13, 15, 6, 3, 16, 10, 0, 11, 14, 8, 17, 7, 12, 4, 9, 5, 18, 1]|[0, 2, 1, 0, 2, 1, 2, 1, 0, 0, 2, 0, 1, 0, 1, 1, 2, 2, 1, 0]|[3, 1, 1, 3, 1, 1, 0, 0, 0, 3, 0, 3, 0, 0, 1, 1, 0, 1, 1, 3]|[2, 1, 1, 2, 1, 0, 0, 1, 0, 0, 1, 2, 1, 1, 1, 1, 0, 1, 1, 0];[2, 19, 13, 9, 14, 8, 6, 16, 7, 11, 10, 1, 12, 15, 17, 5, 18, 3, 4, 0]|[0, 1, 1, 2, 0, 1, 2, 2, 0, 0, 2, 0, 1, 0, 1, 2, 1, 1, 1, 0]|[3, 1, 1, 1, 3, 1, 0, 0, 0, 3, 0, 3, 1, 3, 1, 0, 1, 1, 1, 3]|[0, 1, 1, 1, 2, 1, 0, 1, 0, 0, 1, 2, 1, 1, 1, 1, 1, 1, 1, 0];[2, 19, 13, 9, 14, 8, 6, 16, 7, 11, 10, 1, 12, 15, 17, 5, 18, 3, 4, 0]|[0, 1, 1, 2, 0, 1, 2, 2, 0, 0, 2, 0, 1, 0, 1, 2, 1, 1, 1, 0]|[3, 1, 1, 1, 3, 1, 0, 0, 0, 3, 0, 3, 1, 3, 1, 0, 1, 1, 1, 3]|[0, 1, 1, 1, 2, 1, 0, 1, 0, 0, 1, 2, 1, 1, 1, 1, 1, 1, 1, 0];[2, 13, 18, 12, 5, 17, 8, 11, 6, 4, 3, 9, 1, 0, 7, 10, 15, 14, 16, 19]|[0, 0, 0, 0, 1, 2, 0, 2, 1, 1, 2, 0, 2, 0, 0, 0, 0, 0, 2, 1]|[3, 2, 2, 3, 1, 1, 3, 1, 1, 1, 1, 3, 1, 0, 3, 3, 0, 3, 1, 1]|[2, 0, 1, 0, 1, 1, 2, 0, 0, 0, 1, 0, 1, 1, 0, 1, 2, 2, 0, 1];[1, 19, 13, 14, 2, 4, 16, 5, 3, 10, 12, 9, 6, 17, 8, 15, 18, 11, 7, 0]|[0, 1, 1, 0, 2, 1, 2, 2, 1, 0, 0, 2, 0, 1, 0, 1, 1, 2, 1, 0]|[3, 1, 0, 3, 0, 1, 1, 0, 0, 0, 3, 0, 2, 0, 3, 1, 1, 0, 1, 3]|[0, 1, 1, 2, 1, 0, 0, 1, 1, 0, 0, 0, 2, 1, 1, 0, 1, 1, 1, 0];[5, 16, 17, 4, 6, 14, 0, 2, 9, 12, 15, 18, 3, 10, 19, 13, 8, 11, 7, 1]|[0, 1, 1, 2, 2, 0, 2, 1, 0, 2, 0, 0, 1, 2, 1, 1, 2, 2, 1, 0]|[3, 1, 1, 1, 0, 0, 0, 1, 3, 0, 3, 3, 1, 1, 0, 1, 0, 0, 1, 3]|[2, 1, 1, 1, 0, 0, 1, 1, 2, 1, 0, 0, 1, 1, 0, 1, 0, 1, 1, 0];[5, 16, 17, 4, 6, 14, 0, 2, 9, 12, 15, 18, 3, 10, 19, 13, 8, 11, 7, 1]|[0, 1, 1, 2, 2, 0, 2, 1, 0, 2, 0, 0, 1, 2, 1, 1, 2, 2, 1, 0]|[3, 1, 1, 1, 0, 0, 0, 1, 3, 0, 3, 3, 1, 1, 0, 1, 0, 0, 1, 3]|[2, 1, 1, 1, 0, 0, 1, 1, 2, 1, 0, 0, 1, 1, 0, 1, 0, 1, 1, 0];[5, 16, 17, 4, 6, 14, 0, 2, 9, 12, 15, 18, 3, 10, 19, 13, 8, 11, 7, 1]|[0, 1, 1, 2, 2, 0, 2, 1, 0, 2, 0, 0, 1, 2, 1, 1, 2, 2, 1, 0]|[3, 1, 1, 1, 0, 0, 0, 1, 3, 0, 3, 3, 1, 1, 0, 1, 0, 0, 1, 3]|[2, 1, 1, 1, 0, 0, 1, 1, 2, 1, 0, 0, 1, 1, 0, 1, 0, 1, 1, 0];[5, 16, 17, 4, 6, 14, 0, 2, 9, 12, 15, 18, 3, 10, 19, 13, 8, 11, 7, 1]|[0, 1, 1, 2, 2, 0, 2, 1, 0, 2, 0, 0, 1, 2, 1, 1, 2, 2, 1, 0]|[3, 1, 1, 1, 0, 0, 0, 1, 3, 0, 3, 3, 1, 1, 0, 1, 0, 0, 1, 3]|[2, 1, 1, 1, 0, 0, 1, 1, 2, 1, 0, 0, 1, 1, 0, 1, 0, 1, 1, 0];[1, 19, 14, 16, 5, 6, 4, 10, 13, 17, 11, 18, 15, 12, 7, 3, 9, 8, 2, 0]|[0, 2, 0, 2, 2, 2, 1, 1, 1, 1, 1, 0, 0, 2, 0, 0, 1, 1, 2, 0]|[3, 0, 0, 1, 1, 1, 1, 1, 1, 1, 1, 3, 3, 0, 3, 3, 1, 1, 1, 3]|[0, 1, 2, 0, 1, 0, 1, 1, 1, 1, 1, 0, 2, 1, 0, 0, 1, 1, 1, 2];[1, 5, 16, 8, 10, 12, 9, 6, 4, 13, 3, 17, 14, 2, 11, 18, 15, 7, 19, 0]|[0, 2, 2, 0, 0, 0, 2, 0, 1, 1, 1, 1, 0, 2, 2, 1, 1, 1, 1, 0]|[3, 0, 1, 3, 0, 3, 0, 2, 1, 1, 1, 1, 3, 0, 0, 1, 1, 1, 1, 3]|[0, 1, 0, 1, 0, 0, 0, 2, 1, 1, 1, 1, 2, 1, 1, 1, 1, 1, 1, 0];[5, 4, 14, 10, 2, 6, 3, 0, 17, 12, 11, 1, 16, 18, 7, 15, 9, 13, 19, 8]|[0, 1, 0, 2, 1, 2, 2, 1, 1, 0, 0, 1, 0, 2, 0, 1, 2, 1, 1, 0]|[3, 1, 3, 0, 1, 0, 0, 1, 1, 3, 3, 1, 3, 0, 3, 1, 0, 1, 1, 3]|[0, 1, 2, 1, 1, 0, 1, 1, 1, 0, 0, 1, 2, 1, 0, 1, 1, 1, 1, 0];[5, 4, 14, 10, 2, 6, 3, 0, 17, 12, 11, 1, 16, 18, 7, 15, 9, 13, 19, 8]|[0, 1, 0, 2, 1, 2, 2, 1, 1, 0, 0, 1, 0, 2, 0, 1, 2, 1, 1, 0]|[3, 1, 3, 0, 1, 0, 0, 1, 1, 3, 3, 1, 3, 0, 3, 1, 0, 1, 1, 3]|[0, 1, 2, 1, 1, 0, 1, 1, 1, 0, 0, 1, 2, 1, 0, 1, 1, 1, 1, 0];[5, 4, 14, 10, 2, 6, 3, 0, 17, 12, 11, 1, 16, 18, 7, 15, 9, 13, 19, 8]|[0, 1, 0, 2, 1, 2, 2, 1, 1, 0, 0, 1, 0, 2, 0, 1, 2, 1, 1, 0]|[3, 1, 3, 0, 1, 0, 0, 1, 1, 3, 3, 1, 3, 0, 3, 1, 0, 1, 1, 3]|[0, 1, 2, 1, 1, 0, 1, 1, 1, 0, 0, 1, 2, 1, 0, 1, 1, 1, 1, 0];[5, 4, 14, 10, 2, 6, 3, 0, 17, 12, 11, 1, 16, 18, 7, 15, 9, 13, 19, 8]|[0, 1, 0, 2, 1, 2, 2, 1, 1, 0, 0, 1, 0, 2, 0, 1, 2, 1, 1, 0]|[3, 1, 3, 0, 1, 0, 0, 1, 1, 3, 3, 1, 3, 0, 3, 1, 0, 1, 1, 3]|[0, 1, 2, 1, 1, 0, 1, 1, 1, 0, 0, 1, 2, 1, 0, 1, 1, 1, 1, 0];[12, 13, 7, 2, 3, 4, 9, 6, 11, 5, 17, 15, 1, 14, 19, 18, 10, 0, 8, 16]|[0, 0, 0, 0, 2, 1, 2, 1, 2, 1, 0, 0, 2, 2, 0, 0, 0, 0, 0, 1]|[3, 2, 3, 3, 1, 1, 0, 1, 1, 1, 3, 3, 0, 0, 3, 3, 0, 3, 3, 1]|[0, 1, 2, 0, 1, 0, 1, 1, 0, 1, 2, 1, 1, 0, 0, 1, 2, 2, 0, 1];[12, 13, 7, 2, 3, 4, 9, 6, 11, 5, 17, 15, 1, 14, 19, 18, 10, 0, 8, 16]|[0, 0, 0, 0, 2, 1, 2, 1, 2, 1, 0, 0, 2, 2, 0, 0, 0, 0, 0, 1]|[3, 2, 3, 3, 1, 1, 0, 1, 1, 1, 3, 3, 0, 0, 3, 3, 0, 3, 3, 1]|[0, 1, 2, 0, 1, 0, 1, 1, 0, 1, 2, 1, 1, 0, 0, 1, 2, 2, 0, 1];[12, 13, 7, 2, 3, 4, 9, 6, 11, 5, 17, 15, 1, 14, 19, 18, 10, 0, 8, 16]|[0, 0, 0, 0, 2, 1, 2, 1, 2, 1, 0, 0, 2, 2, 0, 0, 0, 0, 0, 1]|[3, 2, 3, 3, 1, 1, 0, 1, 1, 1, 3, 3, 0, 0, 3, 3, 0, 3, 3, 1]|[0, 1, 2, 0, 1, 0, 1, 1, 0, 1, 2, 1, 1, 0, 0, 1, 2, 2, 0, 1];[12, 13, 7, 2, 3, 4, 9, 6, 11, 5, 17, 15, 1, 14, 19, 18, 10, 0, 8, 16]|[0, 0, 0, 0, 2, 1, 2, 1, 2, 1, 0, 0, 2, 2, 0, 0, 0, 0, 0, 1]|[3, 2, 3, 3, 1, 1, 0, 1, 1, 1, 3, 3, 0, 0, 3, 3, 0, 3, 3, 1]|[0, 1, 2, 0, 1, 0, 1, 1, 0, 1, 2, 1, 1, 0, 0, 1, 2, 2, 0, 1];[16, 19, 8, 4, 15, 3, 10, 1, 11, 13, 18, 17, 0, 12, 6, 9, 14, 5, 2, 7]|[0, 1, 1, 0, 1, 0, 1, 1, 2, 1, 0, 1, 2, 2, 1, 2, 0, 2, 0, 0]|[3, 1, 1, 3, 1, 3, 1, 1, 0, 1, 3, 1, 0, 0, 1, 0, 3, 0, 3, 3]|[0, 1, 1, 2, 1, 0, 1, 1, 1, 1, 0, 1, 1, 0, 1, 1, 2, 1, 0, 0];[2, 1, 12, 8, 10, 3, 5, 6, 13, 7, 0, 18, 15, 9, 14, 16, 4, 17, 19, 11]|[2, 1, 1, 0, 0, 1, 2, 0, 1, 1, 0, 0, 1, 1, 0, 2, 1, 2, 2, 0]|[1, 1, 1, 3, 3, 1, 0, 3, 1, 1, 3, 3, 1, 1, 3, 0, 1, 0, 0, 3]|[1, 1, 1, 0, 0, 1, 1, 2, 1, 1, 0, 0, 1, 1, 2, 0, 1, 1, 1, 0];[4, 19, 6, 12, 8, 3, 2, 7, 13, 5, 17, 16, 1, 0, 18, 15, 11, 9, 10, 14]|[0, 2, 1, 0, 1, 2, 0, 0, 0, 0, 0, 1, 0, 0, 0, 2, 2, 0, 2, 1]|[3, 1, 1, 0, 1, 1, 3, 3, 3, 3, 3, 1, 3, 2, 3, 1, 0, 3, 1, 1]|[0, 1, 1, 0, 0, 1, 2, 1, 0, 2, 0, 1, 2, 0, 1, 0, 1, 2, 0, 1];[4, 19, 6, 12, 8, 3, 2, 7, 13, 5, 17, 16, 1, 0, 18, 15, 11, 9, 10, 14]|[0, 2, 1, 0, 1, 2, 0, 0, 0, 0, 0, 1, 0, 0, 0, 2, 2, 0, 2, 1]|[3, 1, 1, 0, 1, 1, 3, 3, 3, 3, 3, 1, 3, 2, 3, 1, 0, 3, 1, 1]|[0, 1, 1, 0, 0, 1, 2, 1, 0, 2, 0, 1, 2, 0, 1, 0, 1, 2, 0, 1];[2, 19, 8, 14, 9, 6, 18, 12, 13, 1, 7, 0, 4, 10, 11, 16, 3, 15, 5, 17]|[0, 1, 1, 0, 2, 1, 0, 1, 2, 1, 0, 2, 0, 0, 2, 2, 1, 1, 1, 0]|[3, 1, 1, 3, 0, 1, 3, 1, 0, 1, 3, 0, 3, 3, 0, 0, 1, 1, 1, 3]|[0, 1, 1, 2, 1, 1, 0, 1, 0, 1, 2, 1, 0, 2, 0, 1, 1, 1, 1, 0];[16, 19, 13, 14, 10, 6, 4, 3, 5, 8, 18, 0, 15, 9, 17, 12, 1, 11, 2, 7]|[0, 1, 1, 0, 2, 2, 2, 1, 0, 2, 0, 0, 1, 1, 0, 1, 1, 2, 1, 0]|[3, 1, 1, 3, 0, 0, 1, 1, 3, 0, 3, 3, 1, 1, 3, 1, 1, 1, 1, 3]|[0, 1, 1, 2, 1, 0, 0, 1, 0, 1, 0, 2, 1, 1, 0, 1, 1, 1, 1, 0];[16, 19, 13, 14, 10, 6, 4, 3, 5, 8, 18, 0, 15, 9, 17, 12, 1, 11, 2, 7]|[0, 1, 1, 0, 2, 2, 2, 1, 0, 2, 0, 0, 1, 1, 0, 1, 1, 2, 1, 0]|[3, 1, 1, 3, 0, 0, 1, 1, 3, 0, 3, 3, 1, 1, 3, 1, 1, 1, 1, 3]|[0, 1, 1, 2, 1, 0, 0, 1, 0, 1, 0, 2, 1, 1, 0, 1, 1, 1, 1, 0];[16, 19, 13, 14, 10, 6, 4, 3, 5, 8, 18, 0, 15, 9, 17, 12, 1, 11, 2, 7]|[0, 1, 1, 0, 2, 2, 2, 1, 0, 2, 0, 0, 1, 1, 0, 1, 1, 2, 1, 0]|[3, 1, 1, 3, 0, 0, 1, 1, 3, 0, 3, 3, 1, 1, 3, 1, 1, 1, 1, 3]|[0, 1, 1, 2, 1, 0, 0, 1, 0, 1, 0, 2, 1, 1, 0, 1, 1, 1, 1, 0];[16, 19, 13, 14, 10, 6, 4, 3, 5, 8, 18, 0, 15, 9, 17, 12, 1, 11, 2, 7]|[0, 1, 1, 0, 2, 2, 2, 1, 0, 2, 0, 0, 1, 1, 0, 1, 1, 2, 1, 0]|[3, 1, 1, 3, 0, 0, 1, 1, 3, 0, 3, 3, 1, 1, 3, 1, 1, 1, 1, 3]|[0, 1, 1, 2, 1, 0, 0, 1, 0, 1, 0, 2, 1, 1, 0, 1, 1, 1, 1, 0];[5, 2, 14, 10, 4, 13, 16, 19, 17, 0, 11, 9, 12, 3, 18, 15, 6, 1, 7, 8]|[0, 1, 0, 2, 1, 1, 2, 2, 1, 0, 1, 2, 2, 0, 0, 2, 1, 2, 1, 0]|[0, 0, 3, 1, 1, 1, 0, 1, 0, 3, 0, 0, 1, 0, 3, 0, 1, 0, 1, 3]|[0, 0, 2, 1, 1, 1, 0, 1, 1, 2, 0, 0, 0, 1, 0, 1, 1, 1, 1, 0];[5, 2, 14, 10, 4, 13, 16, 19, 17, 0, 11, 9, 12, 3, 18, 15, 6, 1, 7, 8]|[0, 1, 0, 2, 1, 1, 2, 2, 1, 0, 1, 2, 2, 0, 0, 2, 1, 2, 1, 0]|[0, 0, 3, 1, 1, 1, 0, 1, 0, 3, 0, 0, 1, 0, 3, 0, 1, 0, 1, 3]|[0, 0, 2, 1, 1, 1, 0, 1, 1, 2, 0, 0, 0, 1, 0, 1, 1, 1, 1, 0];[5, 2, 14, 10, 4, 13, 16, 19, 17, 0, 11, 9, 12, 3, 18, 15, 6, 1, 7, 8]|[0, 1, 0, 2, 1, 1, 2, 2, 1, 0, 1, 2, 2, 0, 0, 2, 1, 2, 1, 0]|[0, 0, 3, 1, 1, 1, 0, 1, 0, 3, 0, 0, 1, 0, 3, 0, 1, 0, 1, 3]|[0, 0, 2, 1, 1, 1, 0, 1, 1, 2, 0, 0, 0, 1, 0, 1, 1, 1, 1, 0];[5, 2, 14, 10, 4, 13, 16, 19, 17, 0, 11, 9, 12, 3, 18, 15, 6, 1, 7, 8]|[0, 1, 0, 2, 1, 1, 2, 2, 1, 0, 1, 2, 2, 0, 0, 2, 1, 2, 1, 0]|[0, 0, 3, 1, 1, 1, 0, 1, 0, 3, 0, 0, 1, 0, 3, 0, 1, 0, 1, 3]|[0, 0, 2, 1, 1, 1, 0, 1, 1, 2, 0, 0, 0, 1, 0, 1, 1, 1, 1, 0];[10, 4, 14, 16, 12, 11, 15, 5, 1, 18, 17, 8, 19, 0, 6, 9, 3, 2, 13, 7]|[1, 0, 2, 1, 1, 2, 1, 0, 2, 2, 1, 1, 2, 1, 0, 0, 0, 0, 0, 0]|[1, 3, 1, 0, 1, 1, 1, 3, 0, 0, 1, 1, 0, 1, 3, 3, 3, 3, 3, 3]|[1, 0, 0, 0, 1, 1, 1, 2, 1, 0, 1, 1, 0, 1, 0, 0, 2, 0, 0, 0];[10, 4, 14, 16, 12, 11, 15, 5, 1, 18, 17, 8, 19, 0, 6, 9, 3, 2, 13, 7]|[1, 0, 2, 1, 1, 2, 1, 0, 2, 2, 1, 1, 2, 1, 0, 0, 0, 0, 0, 0]|[1, 3, 1, 0, 1, 1, 1, 3, 0, 0, 1, 1, 0, 1, 3, 3, 3, 3, 3, 3]|[1, 0, 0, 0, 1, 1, 1, 2, 1, 0, 1, 1, 0, 1, 0, 0, 2, 0, 0, 0];[7, 13, 6, 5, 4, 14, 16, 8, 10, 18, 1, 11, 17, 9, 15, 19, 3, 12, 2, 0]|[0, 1, 1, 2, 2, 1, 2, 0, 0, 1, 0, 1, 1, 1, 0, 2, 2, 1, 0, 0]|[0, 0, 0, 1, 0, 1, 0, 2, 3, 1, 3, 0, 1, 1, 0, 1, 0, 1, 3, 1]|[0, 1, 1, 1, 0, 0, 1, 0, 2, 0, 0, 1, 1, 1, 1, 1, 0, 1, 2, 1];[7, 13, 6, 5, 4, 14, 16, 8, 10, 18, 1, 11, 17, 9, 15, 19, 3, 12, 2, 0]|[0, 1, 1, 2, 2, 1, 2, 0, 0, 1, 0, 1, 1, 1, 0, 2, 2, 1, 0, 0]|[0, 0, 0, 1, 0, 1, 0, 2, 3, 1, 3, 0, 1, 1, 0, 1, 0, 1, 3, 1]|[0, 1, 1, 1, 0, 0, 1, 0, 2, 0, 0, 1, 1, 1, 1, 1, 0, 1, 2, 1];[7, 13, 6, 5, 4, 14, 16, 8, 10, 18, 1, 11, 17, 9, 15, 19, 3, 12, 2, 0]|[0, 1, 1, 2, 2, 1, 2, 0, 0, 1, 0, 1, 1, 1, 0, 2, 2, 1, 0, 0]|[0, 0, 0, 1, 0, 1, 0, 2, 3, 1, 3, 0, 1, 1, 0, 1, 0, 1, 3, 1]|[0, 1, 1, 1, 0, 0, 1, 0, 2, 0, 0, 1, 1, 1, 1, 1, 0, 1, 2, 1];[7, 13, 6, 5, 4, 14, 16, 8, 10, 18, 1, 11, 17, 9, 15, 19, 3, 12, 2, 0]|[0, 1, 1, 2, 2, 1, 2, 0, 0, 1, 0, 1, 1, 1, 0, 2, 2, 1, 0, 0]|[0, 0, 0, 1, 0, 1, 0, 2, 3, 1, 3, 0, 1, 1, 0, 1, 0, 1, 3, 1]|[0, 1, 1, 1, 0, 0, 1, 0, 2, 0, 0, 1, 1, 1, 1, 1, 0, 1, 2, 1];[10, 9, 14, 13, 3, 5, 1, 19, 15, 17, 11, 6, 7, 12, 18, 16, 0, 8, 4, 2]|[0, 0, 1, 0, 2, 1, 0, 0, 0, 0, 2, 1, 0, 2, 2, 2, 0, 0, 2, 1]|[3, 0, 1, 0, 1, 1, 3, 3, 3, 3, 1, 1, 3, 0, 1, 1, 2, 3, 1, 1]|[2, 1, 0, 0, 1, 0, 1, 2, 1, 2, 0, 0, 1, 1, 1, 1, 0, 0, 1, 1];[10, 9, 14, 13, 3, 5, 1, 19, 15, 17, 11, 6, 7, 12, 18, 16, 0, 8, 4, 2]|[0, 0, 1, 0, 2, 1, 0, 0, 0, 0, 2, 1, 0, 2, 2, 2, 0, 0, 2, 1]|[3, 0, 1, 0, 1, 1, 3, 3, 3, 3, 1, 1, 3, 0, 1, 1, 2, 3, 1, 1]|[2, 1, 0, 0, 1, 0, 1, 2, 1, 2, 0, 0, 1, 1, 1, 1, 0, 0, 1, 1];[12, 2, 10, 8, 3, 4, 7, 18, 19, 9, 13, 1, 17, 6, 11, 15, 0, 14, 5, 16]|[0, 0, 0, 0, 2, 1, 0, 1, 2, 0, 0, 1, 0, 1, 2, 2, 0, 0, 2, 1]|[2, 3, 3, 3, 1, 1, 3, 1, 1, 3, 3, 1, 1, 0, 0, 0, 0, 3, 0, 1]|[0, 2, 0, 2, 1, 0, 0, 0, 0, 2, 0, 0, 1, 0, 1, 1, 1, 2, 0, 1];[13, 19, 9, 10, 8, 15, 1, 4, 17, 0, 3, 2, 5, 11, 14, 18, 12, 7, 6, 16]|[0, 2, 0, 1, 0, 0, 0, 2, 2, 0, 0, 0, 1, 2, 1, 0, 0, 0, 2, 1]|[3, 1, 3, 1, 3, 3, 3, 1, 0, 3, 3, 3, 1, 0, 1, 3, 3, 3, 1, 1]|[0, 1, 2, 1, 0, 0, 2, 1, 1, 0, 0, 2, 1, 1, 1, 0, 0, 0, 0, 1];[13, 19, 9, 10, 8, 15, 1, 4, 17, 0, 3, 2, 5, 11, 14, 18, 12, 7, 6, 16]|[0, 2, 0, 1, 0, 0, 0, 2, 2, 0, 0, 0, 1, 2, 1, 0, 0, 0, 2, 1]|[3, 1, 3, 1, 3, 3, 3, 1, 0, 3, 3, 3, 1, 0, 1, 3, 3, 3, 1, 1]|[0, 1, 2, 1, 0, 0, 2, 1, 1, 0, 0, 2, 1, 1, 1, 0, 0, 0, 0, 1];[13, 19, 9, 10, 8, 15, 1, 4, 17, 0, 3, 2, 5, 11, 14, 18, 12, 7, 6, 16]|[0, 2, 0, 1, 0, 0, 0, 2, 2, 0, 0, 0, 1, 2, 1, 0, 0, 0, 2, 1]|[3, 1, 3, 1, 3, 3, 3, 1, 0, 3, 3, 3, 1, 0, 1, 3, 3, 3, 1, 1]|[0, 1, 2, 1, 0, 0, 2, 1, 1, 0, 0, 2, 1, 1, 1, 0, 0, 0, 0, 1];[13, 19, 9, 10, 8, 15, 1, 4, 17, 0, 3, 2, 5, 11, 14, 18, 12, 7, 6, 16]|[0, 2, 0, 1, 0, 0, 0, 2, 2, 0, 0, 0, 1, 2, 1, 0, 0, 0, 2, 1]|[3, 1, 3, 1, 3, 3, 3, 1, 0, 3, 3, 3, 1, 0, 1, 3, 3, 3, 1, 1]|[0, 1, 2, 1, 0, 0, 2, 1, 1, 0, 0, 2, 1, 1, 1, 0, 0, 0, 0, 1];[13, 19, 9, 10, 8, 15, 1, 4, 17, 0, 3, 2, 5, 11, 14, 18, 12, 7, 6, 16]|[0, 2, 0, 1, 0, 0, 0, 2, 2, 0, 0, 0, 1, 2, 1, 0, 0, 0, 2, 1]|[3, 1, 3, 1, 3, 3, 3, 1, 0, 3, 3, 3, 1, 0, 1, 3, 3, 3, 1, 1]|[0, 1, 2, 1, 0, 0, 2, 1, 1, 0, 0, 2, 1, 1, 1, 0, 0, 0, 0, 1];[13, 19, 9, 10, 8, 15, 1, 4, 17, 0, 3, 2, 5, 11, 14, 18, 12, 7, 6, 16]|[0, 2, 0, 1, 0, 0, 0, 2, 2, 0, 0, 0, 1, 2, 1, 0, 0, 0, 2, 1]|[3, 1, 3, 1, 3, 3, 3, 1, 0, 3, 3, 3, 1, 0, 1, 3, 3, 3, 1, 1]|[0, 1, 2, 1, 0, 0, 2, 1, 1, 0, 0, 2, 1, 1, 1, 0, 0, 0, 0, 1];[13, 19, 9, 10, 8, 15, 1, 4, 17, 0, 3, 2, 5, 11, 14, 18, 12, 7, 6, 16]|[0, 2, 0, 1, 0, 0, 0, 2, 2, 0, 0, 0, 1, 2, 1, 0, 0, 0, 2, 1]|[3, 1, 3, 1, 3, 3, 3, 1, 0, 3, 3, 3, 1, 0, 1, 3, 3, 3, 1, 1]|[0, 1, 2, 1, 0, 0, 2, 1, 1, 0, 0, 2, 1, 1, 1, 0, 0, 0, 0, 1];[13, 19, 9, 10, 8, 15, 1, 4, 17, 0, 3, 2, 5, 11, 14, 18, 12, 7, 6, 16]|[0, 2, 0, 1, 0, 0, 0, 2, 2, 0, 0, 0, 1, 2, 1, 0, 0, 0, 2, 1]|[3, 1, 3, 1, 3, 3, 3, 1, 0, 3, 3, 3, 1, 0, 1, 3, 3, 3, 1, 1]|[0, 1, 2, 1, 0, 0, 2, 1, 1, 0, 0, 2, 1, 1, 1, 0, 0, 0, 0, 1];[13, 19, 9, 10, 8, 15, 1, 4, 17, 0, 3, 2, 5, 11, 14, 18, 12, 7, 6, 16]|[0, 2, 0, 1, 0, 0, 0, 2, 2, 0, 0, 0, 1, 2, 1, 0, 0, 0, 2, 1]|[3, 1, 3, 1, 3, 3, 3, 1, 0, 3, 3, 3, 1, 0, 1, 3, 3, 3, 1, 1]|[0, 1, 2, 1, 0, 0, 2, 1, 1, 0, 0, 2, 1, 1, 1, 0, 0, 0, 0, 1];[12, 2, 10, 8, 3, 4, 7, 18, 19, 9, 13, 1, 17, 6, 11, 15, 0, 14, 5, 16]|[0, 0, 0, 0, 2, 1, 0, 1, 2, 0, 0, 1, 0, 1, 2, 2, 0, 0, 2, 1]|[2, 3, 3, 3, 1, 1, 3, 1, 1, 3, 3, 1, 1, 0, 0, 0, 0, 3, 0, 1]|[0, 2, 0, 2, 1, 0, 0, 0, 0, 2, 0, 0, 1, 0, 1, 1, 1, 2, 0, 1];[1, 2, 13, 14, 19, 4, 16, 5, 3, 10, 6, 8, 9, 15, 12, 18, 17, 7, 11, 0]|[0, 1, 1, 0, 2, 1, 2, 0, 0, 1, 2, 2, 2, 1, 2, 1, 0, 1, 1, 0]|[0, 1, 1, 3, 0, 1, 1, 0, 0, 1, 1, 0, 1, 1, 0, 0, 1, 1, 0, 3]|[0, 1, 1, 1, 0, 1, 1, 0, 0, 1, 1, 0, 1, 1, 1, 0, 2, 1, 0, 1];[1, 2, 13, 14, 19, 4, 16, 5, 3, 10, 6, 8, 9, 15, 12, 18, 17, 7, 11, 0]|[0, 1, 1, 0, 2, 1, 2, 0, 0, 1, 2, 2, 2, 1, 2, 1, 0, 1, 1, 0]|[0, 1, 1, 3, 0, 1, 1, 0, 0, 1, 1, 0, 1, 1, 0, 0, 1, 1, 0, 3]|[0, 1, 1, 1, 0, 1, 1, 0, 0, 1, 1, 0, 1, 1, 1, 0, 2, 1, 0, 1];[1, 2, 13, 14, 19, 4, 16, 5, 3, 10, 6, 8, 9, 15, 12, 18, 17, 7, 11, 0]|[0, 1, 1, 0, 2, 1, 2, 0, 0, 1, 2, 2, 2, 1, 2, 1, 0, 1, 1, 0]|[0, 1, 1, 3, 0, 1, 1, 0, 0, 1, 1, 0, 1, 1, 0, 0, 1, 1, 0, 3]|[0, 1, 1, 1, 0, 1, 1, 0, 0, 1, 1, 0, 1, 1, 1, 0, 2, 1, 0, 1];[2, 12, 13, 9, 3, 4, 7, 6, 11, 8, 17, 5, 15, 0, 19, 16, 1, 14, 18, 10]|[0, 0, 0, 0, 2, 1, 0, 1, 2, 0, 0, 1, 0, 0, 2, 2, 0, 0, 2, 1]|[2, 3, 3, 3, 1, 1, 1, 1, 1, 3, 3, 1, 1, 2, 1, 1, 3, 1, 1, 1]|[2, 0, 1, 2, 1, 0, 1, 0, 1, 0, 2, 1, 1, 0, 0, 1, 1, 2, 0, 0];[19, 15, 12, 18, 5, 17, 6, 8, 2, 9, 3, 13, 7, 14, 0, 11, 16, 1, 10, 4]|[0, 1, 2, 1, 1, 2, 1, 0, 0, 0, 0, 0, 0, 0, 0, 2, 2, 0, 2, 1]|[3, 0, 0, 1, 1, 0, 1, 3, 3, 3, 3, 3, 3, 3, 3, 0, 1, 3, 1, 1]|[0, 1, 1, 0, 1, 1, 1, 2, 0, 0, 2, 0, 0, 2, 0, 1, 1, 0, 0, 1];[19, 15, 12, 18, 5, 17, 6, 8, 2, 9, 3, 13, 7, 14, 0, 11, 16, 1, 10, 4]|[0, 1, 2, 1, 1, 2, 1, 0, 0, 0, 0, 0, 0, 0, 0, 2, 2, 0, 2, 1]|[3, 0, 0, 1, 1, 0, 1, 3, 3, 3, 3, 3, 3, 3, 3, 0, 1, 3, 1, 1]|[0, 1, 1, 0, 1, 1, 1, 2, 0, 0, 2, 0, 0, 2, 0, 1, 1, 0, 0, 1];[19, 15, 12, 18, 5, 17, 6, 8, 2, 9, 3, 13, 7, 14, 0, 11, 16, 1, 10, 4]|[0, 1, 2, 1, 1, 2, 1, 0, 0, 0, 0, 0, 0, 0, 0, 2, 2, 0, 2, 1]|[3, 0, 0, 1, 1, 0, 1, 3, 3, 3, 3, 3, 3, 3, 3, 0, 1, 3, 1, 1]|[0, 1, 1, 0, 1, 1, 1, 2, 0, 0, 2, 0, 0, 2, 0, 1, 1, 0, 0, 1];[2, 19, 8, 10, 9, 13, 6, 16, 3, 11, 18, 1, 7, 0, 17, 5, 12, 15, 14, 4]|[0, 1, 1, 0, 2, 1, 2, 2, 1, 0, 2, 0, 1, 0, 0, 2, 1, 1, 0, 0]|[3, 1, 1, 3, 1, 1, 0, 0, 1, 3, 0, 3, 1, 3, 3, 0, 1, 1, 3, 3]|[0, 1, 1, 2, 1, 0, 0, 1, 1, 0, 1, 2, 1, 0, 0, 1, 1, 1, 2, 0];[2, 19, 8, 10, 9, 13, 6, 16, 3, 11, 18, 1, 7, 0, 17, 5, 12, 15, 14, 4]|[0, 1, 1, 0, 2, 1, 2, 2, 1, 0, 2, 0, 1, 0, 0, 2, 1, 1, 0, 0]|[3, 1, 1, 3, 1, 1, 0, 0, 1, 3, 0, 3, 1, 3, 3, 0, 1, 1, 3, 3]|[0, 1, 1, 2, 1, 0, 0, 1, 1, 0, 1, 2, 1, 0, 0, 1, 1, 1, 2, 0];[2, 12, 13, 15, 19, 0, 3, 5, 11, 14, 7, 10, 9, 8, 17, 4, 18, 1, 6, 16]|[0, 0, 0, 0, 2, 1, 0, 1, 2, 0, 0, 1, 0, 0, 2, 2, 0, 0, 2, 1]|[3, 1, 1, 3, 1, 1, 0, 1, 0, 0, 3, 1, 3, 0, 0, 1, 1, 1, 1, 1]|[2, 0, 1, 0, 1, 0, 0, 1, 1, 0, 0, 1, 2, 1, 1, 1, 0, 2, 0, 1];[2, 12, 13, 15, 19, 0, 3, 5, 11, 14, 7, 10, 9, 8, 17, 4, 18, 1, 6, 16]|[0, 0, 0, 0, 2, 1, 0, 1, 2, 0, 0, 1, 0, 0, 2, 2, 0, 0, 2, 1]|[3, 1, 1, 3, 1, 1, 0, 1, 0, 0, 3, 1, 3, 0, 0, 1, 1, 1, 1, 1]|[2, 0, 1, 0, 1, 0, 0, 1, 1, 0, 0, 1, 2, 1, 1, 1, 0, 2, 0, 1];[2, 19, 13, 15, 6, 3, 16, 5, 17, 7, 9, 0, 11, 18, 4, 8, 10, 1, 12, 14]|[0, 1, 1, 0, 2, 1, 2, 2, 1, 0, 0, 2, 0, 1, 0, 1, 1, 2, 1, 0]|[3, 1, 1, 3, 0, 1, 0, 0, 0, 0, 3, 0, 3, 1, 0, 1, 1, 0, 1, 3]|[0, 1, 1, 2, 1, 0, 0, 1, 1, 0, 0, 1, 2, 1, 1, 1, 1, 1, 1, 0];[7, 19, 15, 6, 3, 16, 5, 12, 14, 17, 4, 8, 18, 9, 10, 11, 1, 2, 13, 0]|[0, 1, 0, 2, 1, 2, 2, 1, 2, 0, 1, 0, 1, 1, 2, 0, 1, 0, 0, 0]|[3, 1, 0, 0, 1, 0, 0, 1, 0, 2, 1, 0, 1, 1, 0, 3, 1, 1, 3, 3]|[0, 1, 0, 1, 1, 0, 1, 0, 1, 1, 1, 1, 1, 0, 1, 0, 1, 2, 2, 0];[2, 12, 13, 17, 3, 4, 7, 6, 11, 1, 5, 0, 10, 19, 9, 15, 14, 8, 18, 16]|[0, 0, 0, 0, 2, 1, 0, 1, 2, 0, 1, 0, 2, 2, 0, 0, 0, 0, 2, 1]|[3, 0, 0, 3, 1, 1, 1, 1, 1, 3, 1, 3, 1, 1, 3, 2, 3, 3, 1, 1]|[2, 0, 0, 2, 1, 0, 1, 0, 0, 1, 1, 2, 1, 0, 2, 0, 1, 2, 1, 0];[2, 19, 13, 14, 1, 4, 11, 5, 3, 15, 6, 10, 9, 17, 0, 12, 16, 7, 18, 8]|[0, 1, 1, 0, 2, 1, 2, 2, 1, 0, 0, 2, 0, 1, 0, 1, 1, 2, 1, 0]|[3, 1, 1, 3, 0, 1, 0, 0, 0, 1, 3, 0, 3, 1, 0, 1, 1, 0, 1, 3]|[2, 1, 1, 2, 1, 0, 0, 1, 1, 0, 0, 1, 2, 1, 1, 1, 1, 1, 1, 0];[19, 13, 18, 8, 10, 6, 12, 9, 16, 14, 3, 2, 17, 11, 1, 4, 5, 15, 7, 0]|[2, 1, 2, 1, 0, 0, 2, 1, 2, 2, 1, 0, 0, 1, 1, 2, 1, 0, 0, 0]|[0, 1, 0, 1, 3, 3, 0, 1, 0, 1, 0, 3, 3, 1, 1, 0, 1, 3, 3, 3]|[1, 1, 1, 1, 0, 2, 1, 0, 0, 1, 1, 0, 0, 1, 1, 1, 1, 2, 0, 0];[19, 5, 3, 9, 16, 13, 0, 18, 12, 8, 7, 15, 4, 14, 6, 10, 2, 1, 17, 11]|[1, 2, 1, 2, 2, 1, 1, 2, 1, 1, 1, 1, 0, 0, 2, 0, 0, 0, 0, 0]|[0, 0, 1, 0, 0, 1, 1, 0, 1, 1, 1, 1, 3, 3, 0, 3, 3, 3, 3, 3]|[0, 1, 1, 1, 0, 1, 1, 1, 1, 1, 1, 1, 0, 2, 1, 0, 0, 0, 2, 0];[2, 19, 8, 14, 9, 13, 6, 16, 3, 10, 11, 18, 1, 7, 17, 15, 12, 5, 0, 4]|[0, 1, 1, 0, 2, 1, 2, 2, 1, 0, 0, 2, 0, 1, 0, 1, 1, 2, 0, 0]|[3, 1, 1, 3, 1, 1, 0, 0, 1, 0, 3, 0, 2, 1, 3, 1, 1, 0, 3, 3]|[2, 1, 1, 2, 1, 0, 0, 1, 1, 0, 0, 1, 2, 1, 1, 1, 1, 1, 0, 0];[2, 19, 14, 9, 8, 5, 13, 12, 18, 6, 16, 3, 7, 0, 10, 1, 11, 17, 15, 4]|[0, 1, 0, 2, 1, 2, 1, 1, 1, 2, 2, 1, 0, 0, 2, 0, 1, 0, 1, 0]|[3, 1, 3, 1, 1, 0, 1, 1, 1, 0, 0, 1, 3, 3, 0, 3, 1, 3, 1, 3]|[0, 1, 2, 1, 1, 1, 1, 1, 1, 0, 1, 1, 1, 0, 1, 2, 1, 1, 1, 0];[2, 19, 6, 15, 3, 1, 9, 17, 0, 13, 18, 14, 5, 8, 7, 12, 4, 11, 10, 16]|[0, 1, 1, 0, 1, 0, 0, 2, 0, 1, 1, 2, 2, 2, 1, 1, 2, 2, 1, 0]|[3, 1, 1, 3, 1, 0, 3, 1, 3, 1, 1, 0, 0, 0, 1, 1, 0, 0, 1, 3]|[0, 1, 1, 2, 1, 2, 0, 1, 1, 1, 1, 0, 1, 0, 1, 1, 1, 1, 1, 0];[2, 19, 6, 15, 3, 1, 9, 17, 0, 13, 18, 14, 5, 8, 7, 12, 4, 11, 10, 16]|[0, 1, 1, 0, 1, 0, 0, 2, 0, 1, 1, 2, 2, 2, 1, 1, 2, 2, 1, 0]|[3, 1, 1, 3, 1, 0, 3, 1, 3, 1, 1, 0, 0, 0, 1, 1, 0, 0, 1, 3]|[0, 1, 1, 2, 1, 2, 0, 1, 1, 1, 1, 0, 1, 0, 1, 1, 1, 1, 1, 0];[2, 19, 14, 9, 8, 5, 13, 12, 18, 6, 16, 3, 7, 0, 10, 1, 11, 17, 15, 4]|[0, 1, 0, 2, 1, 2, 1, 1, 1, 2, 2, 1, 0, 0, 2, 0, 1, 0, 1, 0]|[3, 1, 3, 1, 1, 0, 1, 1, 1, 0, 0, 1, 3, 3, 0, 3, 1, 3, 1, 3]|[0, 1, 2, 1, 1, 1, 1, 1, 1, 0, 1, 1, 1, 0, 1, 2, 1, 1, 1, 0];[2, 19, 13, 15, 6, 3, 16, 5, 10, 0, 1, 14, 9, 11, 7, 12, 18, 4, 17, 8]|[0, 1, 1, 0, 2, 1, 2, 2, 1, 0, 0, 2, 0, 1, 0, 1, 1, 2, 1, 0]|[3, 1, 1, 3, 0, 1, 0, 0, 0, 0, 3, 0, 3, 1, 0, 1, 1, 0, 1, 3]|[2, 1, 1, 2, 1, 1, 1, 0, 0, 1, 1, 1, 2, 1, 1, 1, 1, 1, 1, 0];[1, 19, 8, 14, 5, 13, 6, 2, 3, 10, 16, 15, 7, 12, 0, 17, 4, 9, 18, 11]|[0, 1, 1, 0, 2, 1, 2, 2, 1, 0, 0, 2, 0, 1, 0, 1, 1, 2, 1, 0]|[3, 1, 1, 3, 0, 1, 0, 0, 0, 0, 3, 0, 3, 0, 3, 1, 1, 0, 1, 2]|[0, 1, 1, 2, 1, 0, 0, 1, 1, 1, 0, 1, 2, 1, 1, 0, 1, 1, 1, 0]	sBp=[5, 2, 14, 10, 4, 13, 16, 19, 17, 0, 11, 9, 12, 3, 18, 15, 6, 1, 7, 8]|[0, 1, 0, 2, 1, 1, 2, 2, 1, 0, 1, 2, 2, 0, 0, 2, 1, 2, 1, 0]|[0, 0, 3, 1, 1, 1, 0, 1, 0, 3, 0, 0, 1, 0, 3, 0, 1, 0, 1, 3]|[0, 0, 2, 1, 1, 1, 0, 1, 1, 2, 0, 0, 0, 1, 0, 1, 1, 1, 1, 0];[2, 19, 8, 14, 9, 6, 18, 12, 13, 1, 7, 0, 4, 10, 11, 16, 3, 15, 5, 17]|[0, 1, 1, 0, 2, 1, 0, 1, 2, 1, 0, 2, 0, 0, 2, 2, 1, 1, 1, 0]|[3, 1, 1, 3, 0, 1, 3, 1, 0, 1, 3, 0, 3, 3, 0, 0, 1, 1, 1, 3]|[0, 1, 1, 2, 1, 1, 0, 1, 0, 1, 2, 1, 0, 2, 0, 1, 1, 1, 1, 0];[2, 12, 15, 19, 10, 14, 9, 1, 16, 13, 3, 4, 7, 6, 11, 0, 17, 8, 5, 18]|[0, 0, 0, 0, 2, 2, 0, 0, 1, 0, 2, 1, 0, 1, 2, 0, 0, 0, 2, 1]|[0, 3, 3, 3, 1, 1, 3, 3, 1, 3, 1, 1, 3, 1, 1, 3, 2, 3, 1, 1]|[1, 0, 2, 0, 1, 0, 2, 1, 1, 2, 1, 0, 0, 1, 1, 1, 0, 2, 0, 0];[1, 19, 8, 14, 5, 13, 6, 16, 3, 0, 12, 4, 2, 15, 17, 10, 9, 11, 7, 18]|[0, 1, 1, 0, 2, 1, 2, 2, 1, 0, 0, 2, 0, 1, 0, 1, 1, 2, 1, 0]|[3, 1, 1, 3, 0, 1, 0, 0, 0, 0, 3, 0, 3, 0, 3, 1, 1, 0, 1, 3]|[0, 1, 1, 2, 1, 0, 0, 1, 1, 1, 0, 1, 2, 1, 1, 1, 1, 1, 1, 0];[2, 19, 6, 15, 3, 4, 16, 5, 1, 11, 10, 0, 18, 12, 7, 13, 17, 8, 9, 14]|[0, 1, 1, 0, 2, 1, 2, 2, 1, 0, 0, 2, 0, 1, 0, 1, 1, 2, 1, 0]|[3, 1, 0, 3, 0, 1, 0, 0, 0, 0, 3, 0, 3, 1, 3, 1, 1, 0, 1, 3]|[0, 1, 1, 2, 1, 0, 0, 1, 1, 1, 0, 1, 2, 1, 1, 1, 1, 1, 1, 0];[1, 2, 4, 12, 0, 16, 6, 5, 14, 19, 15, 10, 8, 7, 3, 11, 13, 17, 9, 18]|[0, 0, 2, 0, 0, 2, 2, 2, 0, 1, 1, 1, 1, 1, 1, 2, 1, 0, 1, 0]|[3, 3, 0, 3, 0, 0, 0, 0, 3, 1, 1, 1, 1, 1, 1, 0, 1, 3, 1, 3]|[0, 2, 1, 0, 1, 1, 0, 1, 2, 1, 1, 1, 1, 1, 1, 1, 1, 1, 1, 0];[19, 12, 7, 8, 0, 17, 16, 6, 13, 14, 10, 1, 18, 11, 15, 2, 5, 9, 3, 4]|[1, 0, 0, 0, 1, 0, 2, 1, 0, 0, 0, 0, 0, 2, 0, 2, 2, 0, 2, 1]|[1, 3, 3, 3, 1, 0, 1, 1, 3, 3, 3, 3, 2, 1, 3, 0, 0, 0, 1, 1]|[1, 0, 2, 0, 0, 1, 0, 0, 2, 0, 2, 0, 0, 1, 2, 1, 1, 1, 0, 1];[19, 12, 7, 8, 0, 17, 16, 6, 13, 14, 10, 1, 18, 11, 15, 2, 5, 9, 3, 4]|[1, 0, 0, 0, 1, 0, 2, 1, 0, 0, 0, 0, 0, 2, 0, 2, 2, 0, 2, 1]|[1, 3, 3, 3, 1, 0, 1, 1, 3, 3, 3, 3, 2, 1, 3, 0, 0, 0, 1, 1]|[1, 0, 2, 0, 0, 1, 0, 0, 2, 0, 2, 0, 0, 1, 2, 1, 1, 1, 0, 1];[19, 12, 7, 8, 0, 17, 16, 6, 13, 14, 10, 1, 18, 11, 15, 2, 5, 9, 3, 4]|[1, 0, 0, 0, 1, 0, 2, 1, 0, 0, 0, 0, 0, 2, 0, 2, 2, 0, 2, 1]|[1, 3, 3, 3, 1, 0, 1, 1, 3, 3, 3, 3, 2, 1, 3, 0, 0, 0, 1, 1]|[1, 0, 2, 0, 0, 1, 0, 0, 2, 0, 2, 0, 0, 1, 2, 1, 1, 1, 0, 1];[19, 12, 7, 8, 0, 17, 16, 6, 13, 14, 10, 1, 18, 11, 15, 2, 5, 9, 3, 4]|[1, 0, 0, 0, 1, 0, 2, 1, 0, 0, 0, 0, 0, 2, 0, 2, 2, 0, 2, 1]|[1, 3, 3, 3, 1, 0, 1, 1, 3, 3, 3, 3, 2, 1, 3, 0, 0, 0, 1, 1]|[1, 0, 2, 0, 0, 1, 0, 0, 2, 0, 2, 0, 0, 1, 2, 1, 1, 1, 0, 1];[2, 19, 14, 9, 8, 6, 5, 1, 4, 16, 0, 10, 15, 17, 7, 3, 13, 12, 11, 18]|[0, 1, 0, 2, 1, 2, 2, 0, 0, 2, 0, 1, 0, 1, 1, 1, 1, 2, 1, 0]|[3, 1, 3, 1, 1, 0, 0, 0, 3, 0, 3, 1, 3, 1, 1, 1, 1, 0, 1, 3]|[0, 1, 2, 1, 1, 0, 1, 0, 0, 1, 2, 1, 0, 1, 1, 1, 1, 1, 1, 0];[2, 19, 14, 9, 8, 6, 5, 1, 4, 16, 0, 10, 15, 17, 7, 3, 13, 12, 11, 18]|[0, 1, 0, 2, 1, 2, 2, 0, 0, 2, 0, 1, 0, 1, 1, 1, 1, 2, 1, 0]|[3, 1, 3, 1, 1, 0, 0, 0, 3, 0, 3, 1, 3, 1, 1, 1, 1, 0, 1, 3]|[0, 1, 2, 1, 1, 0, 1, 0, 0, 1, 2, 1, 0, 1, 1, 1, 1, 1, 1, 0];[2, 19, 13, 15, 6, 3, 16, 5, 10, 0, 11, 14, 8, 17, 7, 12, 4, 9, 18, 1]|[0, 1, 1, 0, 2, 1, 2, 2, 1, 0, 0, 2, 0, 1, 0, 1, 1, 2, 1, 0]|[3, 1, 1, 3, 1, 1, 0, 1, 0, 0, 3, 0, 3, 0, 0, 1, 1, 0, 1, 3]|[2, 1, 1, 2, 1, 0, 0, 1, 1, 0, 0, 1, 2, 1, 1, 1, 1, 0, 1, 0];[9, 0, 19, 7, 11, 16, 5, 3, 2, 14, 1, 12, 15, 6, 17, 13, 18, 4, 10, 8]|[0, 0, 1, 0, 1, 2, 2, 1, 0, 2, 0, 1, 0, 0, 1, 1, 1, 2, 1, 0]|[3, 0, 1, 0, 1, 0, 0, 1, 3, 0, 3, 1, 3, 2, 1, 1, 1, 0, 0, 3]|[2, 0, 1, 1, 1, 1, 0, 1, 2, 1, 1, 1, 2, 0, 1, 1, 1, 1, 0, 0];[9, 0, 19, 7, 11, 16, 5, 3, 2, 14, 1, 12, 15, 6, 17, 13, 18, 4, 10, 8]|[0, 0, 1, 0, 1, 2, 2, 1, 0, 2, 0, 1, 0, 0, 1, 1, 1, 2, 1, 0]|[3, 0, 1, 0, 1, 0, 0, 1, 3, 0, 3, 1, 3, 2, 1, 1, 1, 0, 0, 3]|[2, 0, 1, 1, 1, 1, 0, 1, 2, 1, 1, 1, 2, 0, 1, 1, 1, 1, 0, 0];[5, 2, 19, 14, 16, 6, 13, 4, 11, 8, 17, 15, 1, 10, 0, 7, 9, 18, 12, 3]|[0, 1, 1, 0, 2, 2, 1, 2, 1, 2, 0, 1, 0, 2, 0, 0, 1, 2, 1, 0]|[3, 1, 1, 3, 0, 0, 1, 0, 1, 0, 0, 1, 3, 0, 3, 3, 0, 0, 1, 3]|[2, 1, 1, 0, 1, 0, 1, 1, 1, 0, 0, 1, 2, 1, 2, 0, 1, 1, 1, 0];[5, 2, 19, 14, 16, 6, 13, 4, 11, 8, 17, 15, 1, 10, 0, 7, 9, 18, 12, 3]|[0, 1, 1, 0, 2, 2, 1, 2, 1, 2, 0, 1, 0, 2, 0, 0, 1, 2, 1, 0]|[3, 1, 1, 3, 0, 0, 1, 0, 1, 0, 0, 1, 3, 0, 3, 3, 0, 0, 1, 3]|[2, 1, 1, 0, 1, 0, 1, 1, 1, 0, 0, 1, 2, 1, 2, 0, 1, 1, 1, 0];[12, 19, 11, 3, 17, 7, 16, 9, 13, 0, 18, 8, 14, 10, 6, 4, 1, 15, 2, 5]|[0, 1, 1, 1, 1, 1, 2, 1, 1, 0, 0, 2, 0, 2, 2, 2, 0, 0, 1, 0]|[3, 1, 1, 1, 1, 1, 0, 1, 1, 2, 3, 0, 3, 0, 0, 1, 3, 3, 1, 3]|[0, 1, 1, 1, 1, 1, 1, 1, 1, 1, 0, 1, 2, 1, 0, 0, 0, 2, 1, 0];[12, 19, 11, 3, 17, 7, 16, 9, 13, 0, 18, 8, 14, 10, 6, 4, 1, 15, 2, 5]|[0, 1, 1, 1, 1, 1, 2, 1, 1, 0, 0, 2, 0, 2, 2, 2, 0, 0, 1, 0]|[3, 1, 1, 1, 1, 1, 0, 1, 1, 2, 3, 0, 3, 0, 0, 1, 3, 3, 1, 3]|[0, 1, 1, 1, 1, 1, 1, 1, 1, 1, 0, 1, 2, 1, 0, 0, 0, 2, 1, 0];[2, 1, 13, 14, 19, 4, 16, 5, 3, 10, 11, 17, 6, 7, 18, 9, 15, 0, 12, 8]|[0, 1, 1, 0, 2, 1, 2, 2, 1, 0, 0, 2, 0, 1, 0, 1, 1, 2, 1, 0]|[3, 1, 1, 3, 0, 1, 0, 0, 0, 0, 3, 0, 3, 0, 3, 1, 1, 0, 1, 3]|[0, 1, 1, 2, 1, 0, 0, 1, 1, 0, 0, 1, 2, 1, 0, 1, 1, 1, 1, 0];[1, 19, 8, 14, 2, 4, 16, 5, 17, 3, 7, 12, 15, 10, 18, 11, 9, 13, 6, 0]|[0, 1, 1, 0, 2, 1, 2, 2, 1, 0, 0, 2, 0, 1, 0, 1, 1, 2, 1, 0]|[3, 1, 1, 3, 1, 1, 1, 1, 0, 3, 3, 0, 3, 0, 3, 1, 1, 0, 1, 3]|[0, 1, 1, 2, 1, 0, 0, 1, 1, 0, 0, 1, 2, 1, 0, 1, 1, 0, 1, 2];[2, 12, 13, 14, 11, 6, 1, 5, 17, 3, 4, 7, 0, 9, 19, 16, 15, 8, 18, 10]|[0, 0, 0, 0, 2, 1, 0, 1, 0, 2, 1, 0, 0, 0, 2, 2, 0, 0, 2, 1]|[3, 0, 0, 3, 1, 1, 3, 1, 3, 1, 1, 3, 2, 3, 1, 1, 3, 3, 1, 1]|[0, 2, 1, 2, 1, 0, 1, 1, 2, 1, 0, 1, 0, 2, 0, 1, 1, 0, 0, 0];[19, 14, 2, 4, 16, 5, 3, 12, 10, 6, 0, 18, 9, 8, 15, 11, 7, 17, 13, 1]|[1, 0, 2, 1, 2, 2, 1, 1, 1, 0, 0, 0, 1, 1, 2, 2, 0, 0, 0, 0]|[0, 3, 0, 1, 0, 0, 1, 1, 1, 3, 3, 3, 1, 1, 1, 1, 3, 3, 3, 3]|[1, 0, 1, 0, 0, 1, 1, 1, 1, 0, 2, 0, 1, 1, 1, 0, 0, 0, 2, 0];[7, 17, 16, 6, 19, 2, 12, 15, 18, 10, 0, 4, 8, 5, 9, 13, 3, 1, 14, 11]|[0, 0, 2, 2, 1, 1, 1, 1, 0, 0, 2, 2, 1, 2, 1, 1, 1, 0, 0, 0]|[3, 3, 0, 0, 1, 1, 1, 1, 0, 3, 0, 0, 1, 0, 1, 1, 1, 3, 3, 3]|[0, 0, 1, 0, 1, 1, 1, 1, 0, 2, 1, 0, 1, 1, 1, 1, 1, 0, 2, 0];[2, 15, 3, 4, 12, 6, 16, 5, 11, 10, 0, 18, 7, 8, 9, 13, 1, 17, 19, 14]|[0, 0, 2, 1, 1, 1, 2, 2, 0, 0, 2, 0, 0, 2, 1, 1, 1, 1, 1, 0]|[3, 3, 0, 1, 1, 1, 0, 0, 0, 3, 0, 3, 3, 0, 1, 1, 1, 1, 1, 3]|[0, 2, 1, 1, 1, 1, 0, 1, 1, 0, 1, 2, 1, 1, 1, 1, 1, 1, 1, 0];[14, 18, 17, 7, 5, 11, 9, 15, 2, 19, 16, 6, 4, 10, 12, 13, 8, 3, 0, 1]|[0, 0, 0, 0, 2, 2, 0, 2, 2, 1, 2, 2, 1, 1, 1, 1, 1, 1, 0, 0]|[0, 3, 3, 3, 0, 0, 3, 0, 0, 1, 1, 0, 1, 1, 1, 1, 1, 1, 3, 3]|[1, 0, 0, 0, 1, 1, 2, 1, 1, 1, 0, 1, 1, 1, 1, 1, 1, 1, 0, 2];[2, 19, 13, 15, 6, 3, 16, 10, 0, 11, 14, 8, 17, 7, 12, 4, 9, 5, 18, 1]|[0, 2, 1, 0, 2, 1, 2, 1, 0, 0, 2, 0, 1, 0, 1, 1, 2, 2, 1, 0]|[3, 1, 1, 3, 1, 1, 0, 0, 0, 3, 0, 3, 0, 0, 1, 1, 0, 1, 1, 3]|[2, 1, 1, 2, 1, 0, 0, 1, 0, 0, 1, 2, 1, 1, 1, 1, 0, 1, 1, 0];[2, 19, 13, 15, 6, 3, 16, 10, 0, 11, 14, 8, 17, 7, 12, 4, 9, 5, 18, 1]|[0, 2, 1, 0, 2, 1, 2, 1, 0, 0, 2, 0, 1, 0, 1, 1, 2, 2, 1, 0]|[3, 1, 1, 3, 1, 1, 0, 0, 0, 3, 0, 3, 0, 0, 1, 1, 0, 1, 1, 3]|[2, 1, 1, 2, 1, 0, 0, 1, 0, 0, 1, 2, 1, 1, 1, 1, 0, 1, 1, 0];[2, 19, 13, 9, 14, 8, 6, 16, 7, 11, 10, 1, 12, 15, 17, 5, 18, 3, 4, 0]|[0, 1, 1, 2, 0, 1, 2, 2, 0, 0, 2, 0, 1, 0, 1, 2, 1, 1, 1, 0]|[3, 1, 1, 1, 3, 1, 0, 0, 0, 3, 0, 3, 1, 3, 1, 0, 1, 1, 1, 3]|[0, 1, 1, 1, 2, 1, 0, 1, 0, 0, 1, 2, 1, 1, 1, 1, 1, 1, 1, 0];[2, 19, 13, 9, 14, 8, 6, 16, 7, 11, 10, 1, 12, 15, 17, 5, 18, 3, 4, 0]|[0, 1, 1, 2, 0, 1, 2, 2, 0, 0, 2, 0, 1, 0, 1, 2, 1, 1, 1, 0]|[3, 1, 1, 1, 3, 1, 0, 0, 0, 3, 0, 3, 1, 3, 1, 0, 1, 1, 1, 3]|[0, 1, 1, 1, 2, 1, 0, 1, 0, 0, 1, 2, 1, 1, 1, 1, 1, 1, 1, 0];[2, 13, 18, 12, 5, 17, 8, 11, 6, 4, 3, 9, 1, 0, 7, 10, 15, 14, 16, 19]|[0, 0, 0, 0, 1, 2, 0, 2, 1, 1, 2, 0, 2, 0, 0, 0, 0, 0, 2, 1]|[3, 2, 2, 3, 1, 1, 3, 1, 1, 1, 1, 3, 1, 0, 3, 3, 0, 3, 1, 1]|[2, 0, 1, 0, 1, 1, 2, 0, 0, 0, 1, 0, 1, 1, 0, 1, 2, 2, 0, 1];[1, 19, 13, 14, 2, 4, 16, 5, 3, 10, 12, 9, 6, 17, 8, 15, 18, 11, 7, 0]|[0, 1, 1, 0, 2, 1, 2, 2, 1, 0, 0, 2, 0, 1, 0, 1, 1, 2, 1, 0]|[3, 1, 0, 3, 0, 1, 1, 0, 0, 0, 3, 0, 2, 0, 3, 1, 1, 0, 1, 3]|[0, 1, 1, 2, 1, 0, 0, 1, 1, 0, 0, 0, 2, 1, 1, 0, 1, 1, 1, 0];[5, 16, 17, 4, 6, 14, 0, 2, 9, 12, 15, 18, 3, 10, 19, 13, 8, 11, 7, 1]|[0, 1, 1, 2, 2, 0, 2, 1, 0, 2, 0, 0, 1, 2, 1, 1, 2, 2, 1, 0]|[3, 1, 1, 1, 0, 0, 0, 1, 3, 0, 3, 3, 1, 1, 0, 1, 0, 0, 1, 3]|[2, 1, 1, 1, 0, 0, 1, 1, 2, 1, 0, 0, 1, 1, 0, 1, 0, 1, 1, 0];[5, 16, 17, 4, 6, 14, 0, 2, 9, 12, 15, 18, 3, 10, 19, 13, 8, 11, 7, 1]|[0, 1, 1, 2, 2, 0, 2, 1, 0, 2, 0, 0, 1, 2, 1, 1, 2, 2, 1, 0]|[3, 1, 1, 1, 0, 0, 0, 1, 3, 0, 3, 3, 1, 1, 0, 1, 0, 0, 1, 3]|[2, 1, 1, 1, 0, 0, 1, 1, 2, 1, 0, 0, 1, 1, 0, 1, 0, 1, 1, 0];[5, 16, 17, 4, 6, 14, 0, 2, 9, 12, 15, 18, 3, 10, 19, 13, 8, 11, 7, 1]|[0, 1, 1, 2, 2, 0, 2, 1, 0, 2, 0, 0, 1, 2, 1, 1, 2, 2, 1, 0]|[3, 1, 1, 1, 0, 0, 0, 1, 3, 0, 3, 3, 1, 1, 0, 1, 0, 0, 1, 3]|[2, 1, 1, 1, 0, 0, 1, 1, 2, 1, 0, 0, 1, 1, 0, 1, 0, 1, 1, 0];[5, 16, 17, 4, 6, 14, 0, 2, 9, 12, 15, 18, 3, 10, 19, 13, 8, 11, 7, 1]|[0, 1, 1, 2, 2, 0, 2, 1, 0, 2, 0, 0, 1, 2, 1, 1, 2, 2, 1, 0]|[3, 1, 1, 1, 0, 0, 0, 1, 3, 0, 3, 3, 1, 1, 0, 1, 0, 0, 1, 3]|[2, 1, 1, 1, 0, 0, 1, 1, 2, 1, 0, 0, 1, 1, 0, 1, 0, 1, 1, 0];[1, 19, 14, 16, 5, 6, 4, 10, 13, 17, 11, 18, 15, 12, 7, 3, 9, 8, 2, 0]|[0, 2, 0, 2, 2, 2, 1, 1, 1, 1, 1, 0, 0, 2, 0, 0, 1, 1, 2, 0]|[3, 0, 0, 1, 1, 1, 1, 1, 1, 1, 1, 3, 3, 0, 3, 3, 1, 1, 1, 3]|[0, 1, 2, 0, 1, 0, 1, 1, 1, 1, 1, 0, 2, 1, 0, 0, 1, 1, 1, 2];[1, 5, 16, 8, 10, 12, 9, 6, 4, 13, 3, 17, 14, 2, 11, 18, 15, 7, 19, 0]|[0, 2, 2, 0, 0, 0, 2, 0, 1, 1, 1, 1, 0, 2, 2, 1, 1, 1, 1, 0]|[3, 0, 1, 3, 0, 3, 0, 2, 1, 1, 1, 1, 3, 0, 0, 1, 1, 1, 1, 3]|[0, 1, 0, 1, 0, 0, 0, 2, 1, 1, 1, 1, 2, 1, 1, 1, 1, 1, 1, 0];[5, 4, 14, 10, 2, 6, 3, 0, 17, 12, 11, 1, 16, 18, 7, 15, 9, 13, 19, 8]|[0, 1, 0, 2, 1, 2, 2, 1, 1, 0, 0, 1, 0, 2, 0, 1, 2, 1, 1, 0]|[3, 1, 3, 0, 1, 0, 0, 1, 1, 3, 3, 1, 3, 0, 3, 1, 0, 1, 1, 3]|[0, 1, 2, 1, 1, 0, 1, 1, 1, 0, 0, 1, 2, 1, 0, 1, 1, 1, 1, 0];[5, 4, 14, 10, 2, 6, 3, 0, 17, 12, 11, 1, 16, 18, 7, 15, 9, 13, 19, 8]|[0, 1, 0, 2, 1, 2, 2, 1, 1, 0, 0, 1, 0, 2, 0, 1, 2, 1, 1, 0]|[3, 1, 3, 0, 1, 0, 0, 1, 1, 3, 3, 1, 3, 0, 3, 1, 0, 1, 1, 3]|[0, 1, 2, 1, 1, 0, 1, 1, 1, 0, 0, 1, 2, 1, 0, 1, 1, 1, 1, 0];[5, 4, 14, 10, 2, 6, 3, 0, 17, 12, 11, 1, 16, 18, 7, 15, 9, 13, 19, 8]|[0, 1, 0, 2, 1, 2, 2, 1, 1, 0, 0, 1, 0, 2, 0, 1, 2, 1, 1, 0]|[3, 1, 3, 0, 1, 0, 0, 1, 1, 3, 3, 1, 3, 0, 3, 1, 0, 1, 1, 3]|[0, 1, 2, 1, 1, 0, 1, 1, 1, 0, 0, 1, 2, 1, 0, 1, 1, 1, 1, 0];[5, 4, 14, 10, 2, 6, 3, 0, 17, 12, 11, 1, 16, 18, 7, 15, 9, 13, 19, 8]|[0, 1, 0, 2, 1, 2, 2, 1, 1, 0, 0, 1, 0, 2, 0, 1, 2, 1, 1, 0]|[3, 1, 3, 0, 1, 0, 0, 1, 1, 3, 3, 1, 3, 0, 3, 1, 0, 1, 1, 3]|[0, 1, 2, 1, 1, 0, 1, 1, 1, 0, 0, 1, 2, 1, 0, 1, 1, 1, 1, 0];[12, 13, 7, 2, 3, 4, 9, 6, 11, 5, 17, 15, 1, 14, 19, 18, 10, 0, 8, 16]|[0, 0, 0, 0, 2, 1, 2, 1, 2, 1, 0, 0, 2, 2, 0, 0, 0, 0, 0, 1]|[3, 2, 3, 3, 1, 1, 0, 1, 1, 1, 3, 3, 0, 0, 3, 3, 0, 3, 3, 1]|[0, 1, 2, 0, 1, 0, 1, 1, 0, 1, 2, 1, 1, 0, 0, 1, 2, 2, 0, 1];[12, 13, 7, 2, 3, 4, 9, 6, 11, 5, 17, 15, 1, 14, 19, 18, 10, 0, 8, 16]|[0, 0, 0, 0, 2, 1, 2, 1, 2, 1, 0, 0, 2, 2, 0, 0, 0, 0, 0, 1]|[3, 2, 3, 3, 1, 1, 0, 1, 1, 1, 3, 3, 0, 0, 3, 3, 0, 3, 3, 1]|[0, 1, 2, 0, 1, 0, 1, 1, 0, 1, 2, 1, 1, 0, 0, 1, 2, 2, 0, 1];[12, 13, 7, 2, 3, 4, 9, 6, 11, 5, 17, 15, 1, 14, 19, 18, 10, 0, 8, 16]|[0, 0, 0, 0, 2, 1, 2, 1, 2, 1, 0, 0, 2, 2, 0, 0, 0, 0, 0, 1]|[3, 2, 3, 3, 1, 1, 0, 1, 1, 1, 3, 3, 0, 0, 3, 3, 0, 3, 3, 1]|[0, 1, 2, 0, 1, 0, 1, 1, 0, 1, 2, 1, 1, 0, 0, 1, 2, 2, 0, 1];[12, 13, 7, 2, 3, 4, 9, 6, 11, 5, 17, 15, 1, 14, 19, 18, 10, 0, 8, 16]|[0, 0, 0, 0, 2, 1, 2, 1, 2, 1, 0, 0, 2, 2, 0, 0, 0, 0, 0, 1]|[3, 2, 3, 3, 1, 1, 0, 1, 1, 1, 3, 3, 0, 0, 3, 3, 0, 3, 3, 1]|[0, 1, 2, 0, 1, 0, 1, 1, 0, 1, 2, 1, 1, 0, 0, 1, 2, 2, 0, 1];[16, 19, 8, 4, 15, 3, 10, 1, 11, 13, 18, 17, 0, 12, 6, 9, 14, 5, 2, 7]|[0, 1, 1, 0, 1, 0, 1, 1, 2, 1, 0, 1, 2, 2, 1, 2, 0, 2, 0, 0]|[3, 1, 1, 3, 1, 3, 1, 1, 0, 1, 3, 1, 0, 0, 1, 0, 3, 0, 3, 3]|[0, 1, 1, 2, 1, 0, 1, 1, 1, 1, 0, 1, 1, 0, 1, 1, 2, 1, 0, 0];[2, 1, 12, 8, 10, 3, 5, 6, 13, 7, 0, 18, 15, 9, 14, 16, 4, 17, 19, 11]|[2, 1, 1, 0, 0, 1, 2, 0, 1, 1, 0, 0, 1, 1, 0, 2, 1, 2, 2, 0]|[1, 1, 1, 3, 3, 1, 0, 3, 1, 1, 3, 3, 1, 1, 3, 0, 1, 0, 0, 3]|[1, 1, 1, 0, 0, 1, 1, 2, 1, 1, 0, 0, 1, 1, 2, 0, 1, 1, 1, 0];[4, 19, 6, 12, 8, 3, 2, 7, 13, 5, 17, 16, 1, 0, 18, 15, 11, 9, 10, 14]|[0, 2, 1, 0, 1, 2, 0, 0, 0, 0, 0, 1, 0, 0, 0, 2, 2, 0, 2, 1]|[3, 1, 1, 0, 1, 1, 3, 3, 3, 3, 3, 1, 3, 2, 3, 1, 0, 3, 1, 1]|[0, 1, 1, 0, 0, 1, 2, 1, 0, 2, 0, 1, 2, 0, 1, 0, 1, 2, 0, 1];[4, 19, 6, 12, 8, 3, 2, 7, 13, 5, 17, 16, 1, 0, 18, 15, 11, 9, 10, 14]|[0, 2, 1, 0, 1, 2, 0, 0, 0, 0, 0, 1, 0, 0, 0, 2, 2, 0, 2, 1]|[3, 1, 1, 0, 1, 1, 3, 3, 3, 3, 3, 1, 3, 2, 3, 1, 0, 3, 1, 1]|[0, 1, 1, 0, 0, 1, 2, 1, 0, 2, 0, 1, 2, 0, 1, 0, 1, 2, 0, 1];[16, 19, 13, 14, 10, 6, 4, 3, 5, 8, 18, 0, 15, 9, 17, 12, 1, 11, 2, 7]|[0, 1, 1, 0, 2, 2, 2, 1, 0, 2, 0, 0, 1, 1, 0, 1, 1, 2, 1, 0]|[3, 1, 1, 3, 0, 0, 1, 1, 3, 0, 3, 3, 1, 1, 3, 1, 1, 1, 1, 3]|[0, 1, 1, 2, 1, 0, 0, 1, 0, 1, 0, 2, 1, 1, 0, 1, 1, 1, 1, 0];[16, 19, 13, 14, 10, 6, 4, 3, 5, 8, 18, 0, 15, 9, 17, 12, 1, 11, 2, 7]|[0, 1, 1, 0, 2, 2, 2, 1, 0, 2, 0, 0, 1, 1, 0, 1, 1, 2, 1, 0]|[3, 1, 1, 3, 0, 0, 1, 1, 3, 0, 3, 3, 1, 1, 3, 1, 1, 1, 1, 3]|[0, 1, 1, 2, 1, 0, 0, 1, 0, 1, 0, 2, 1, 1, 0, 1, 1, 1, 1, 0];[16, 19, 13, 14, 10, 6, 4, 3, 5, 8, 18, 0, 15, 9, 17, 12, 1, 11, 2, 7]|[0, 1, 1, 0, 2, 2, 2, 1, 0, 2, 0, 0, 1, 1, 0, 1, 1, 2, 1, 0]|[3, 1, 1, 3, 0, 0, 1, 1, 3, 0, 3, 3, 1, 1, 3, 1, 1, 1, 1, 3]|[0, 1, 1, 2, 1, 0, 0, 1, 0, 1, 0, 2, 1, 1, 0, 1, 1, 1, 1, 0];[16, 19, 13, 14, 10, 6, 4, 3, 5, 8, 18, 0, 15, 9, 17, 12, 1, 11, 2, 7]|[0, 1, 1, 0, 2, 2, 2, 1, 0, 2, 0, 0, 1, 1, 0, 1, 1, 2, 1, 0]|[3, 1, 1, 3, 0, 0, 1, 1, 3, 0, 3, 3, 1, 1, 3, 1, 1, 1, 1, 3]|[0, 1, 1, 2, 1, 0, 0, 1, 0, 1, 0, 2, 1, 1, 0, 1, 1, 1, 1, 0];[5, 2, 14, 10, 4, 13, 16, 19, 17, 0, 11, 9, 12, 3, 18, 15, 6, 1, 7, 8]|[0, 1, 0, 2, 1, 1, 2, 2, 1, 0, 1, 2, 2, 0, 0, 2, 1, 2, 1, 0]|[0, 0, 3, 1, 1, 1, 0, 1, 0, 3, 0, 0, 1, 0, 3, 0, 1, 0, 1, 3]|[0, 0, 2, 1, 1, 1, 0, 1, 1, 2, 0, 0, 0, 1, 0, 1, 1, 1, 1, 0];[5, 2, 14, 10, 4, 13, 16, 19, 17, 0, 11, 9, 12, 3, 18, 15, 6, 1, 7, 8]|[0, 1, 0, 2, 1, 1, 2, 2, 1, 0, 1, 2, 2, 0, 0, 2, 1, 2, 1, 0]|[0, 0, 3, 1, 1, 1, 0, 1, 0, 3, 0, 0, 1, 0, 3, 0, 1, 0, 1, 3]|[0, 0, 2, 1, 1, 1, 0, 1, 1, 2, 0, 0, 0, 1, 0, 1, 1, 1, 1, 0];[5, 2, 14, 10, 4, 13, 16, 19, 17, 0, 11, 9, 12, 3, 18, 15, 6, 1, 7, 8]|[0, 1, 0, 2, 1, 1, 2, 2, 1, 0, 1, 2, 2, 0, 0, 2, 1, 2, 1, 0]|[0, 0, 3, 1, 1, 1, 0, 1, 0, 3, 0, 0, 1, 0, 3, 0, 1, 0, 1, 3]|[0, 0, 2, 1, 1, 1, 0, 1, 1, 2, 0, 0, 0, 1, 0, 1, 1, 1, 1, 0];[10, 4, 14, 16, 12, 11, 15, 5, 1, 18, 17, 8, 19, 0, 6, 9, 3, 2, 13, 7]|[1, 0, 2, 1, 1, 2, 1, 0, 2, 2, 1, 1, 2, 1, 0, 0, 0, 0, 0, 0]|[1, 3, 1, 0, 1, 1, 1, 3, 0, 0, 1, 1, 0, 1, 3, 3, 3, 3, 3, 3]|[1, 0, 0, 0, 1, 1, 1, 2, 1, 0, 1, 1, 0, 1, 0, 0, 2, 0, 0, 0];[10, 4, 14, 16, 12, 11, 15, 5, 1, 18, 17, 8, 19, 0, 6, 9, 3, 2, 13, 7]|[1, 0, 2, 1, 1, 2, 1, 0, 2, 2, 1, 1, 2, 1, 0, 0, 0, 0, 0, 0]|[1, 3, 1, 0, 1, 1, 1, 3, 0, 0, 1, 1, 0, 1, 3, 3, 3, 3, 3, 3]|[1, 0, 0, 0, 1, 1, 1, 2, 1, 0, 1, 1, 0, 1, 0, 0, 2, 0, 0, 0];[7, 13, 6, 5, 4, 14, 16, 8, 10, 18, 1, 11, 17, 9, 15, 19, 3, 12, 2, 0]|[0, 1, 1, 2, 2, 1, 2, 0, 0, 1, 0, 1, 1, 1, 0, 2, 2, 1, 0, 0]|[0, 0, 0, 1, 0, 1, 0, 2, 3, 1, 3, 0, 1, 1, 0, 1, 0, 1, 3, 1]|[0, 1, 1, 1, 0, 0, 1, 0, 2, 0, 0, 1, 1, 1, 1, 1, 0, 1, 2, 1];[7, 13, 6, 5, 4, 14, 16, 8, 10, 18, 1, 11, 17, 9, 15, 19, 3, 12, 2, 0]|[0, 1, 1, 2, 2, 1, 2, 0, 0, 1, 0, 1, 1, 1, 0, 2, 2, 1, 0, 0]|[0, 0, 0, 1, 0, 1, 0, 2, 3, 1, 3, 0, 1, 1, 0, 1, 0, 1, 3, 1]|[0, 1, 1, 1, 0, 0, 1, 0, 2, 0, 0, 1, 1, 1, 1, 1, 0, 1, 2, 1];[7, 13, 6, 5, 4, 14, 16, 8, 10, 18, 1, 11, 17, 9, 15, 19, 3, 12, 2, 0]|[0, 1, 1, 2, 2, 1, 2, 0, 0, 1, 0, 1, 1, 1, 0, 2, 2, 1, 0, 0]|[0, 0, 0, 1, 0, 1, 0, 2, 3, 1, 3, 0, 1, 1, 0, 1, 0, 1, 3, 1]|[0, 1, 1, 1, 0, 0, 1, 0, 2, 0, 0, 1, 1, 1, 1, 1, 0, 1, 2, 1];[7, 13, 6, 5, 4, 14, 16, 8, 10, 18, 1, 11, 17, 9, 15, 19, 3, 12, 2, 0]|[0, 1, 1, 2, 2, 1, 2, 0, 0, 1, 0, 1, 1, 1, 0, 2, 2, 1, 0, 0]|[0, 0, 0, 1, 0, 1, 0, 2, 3, 1, 3, 0, 1, 1, 0, 1, 0, 1, 3, 1]|[0, 1, 1, 1, 0, 0, 1, 0, 2, 0, 0, 1, 1, 1, 1, 1, 0, 1, 2, 1];[10, 9, 14, 13, 3, 5, 1, 19, 15, 17, 11, 6, 7, 12, 18, 16, 0, 8, 4, 2]|[0, 0, 1, 0, 2, 1, 0, 0, 0, 0, 2, 1, 0, 2, 2, 2, 0, 0, 2, 1]|[3, 0, 1, 0, 1, 1, 3, 3, 3, 3, 1, 1, 3, 0, 1, 1, 2, 3, 1, 1]|[2, 1, 0, 0, 1, 0, 1, 2, 1, 2, 0, 0, 1, 1, 1, 1, 0, 0, 1, 1];[10, 9, 14, 13, 3, 5, 1, 19, 15, 17, 11, 6, 7, 12, 18, 16, 0, 8, 4, 2]|[0, 0, 1, 0, 2, 1, 0, 0, 0, 0, 2, 1, 0, 2, 2, 2, 0, 0, 2, 1]|[3, 0, 1, 0, 1, 1, 3, 3, 3, 3, 1, 1, 3, 0, 1, 1, 2, 3, 1, 1]|[2, 1, 0, 0, 1, 0, 1, 2, 1, 2, 0, 0, 1, 1, 1, 1, 0, 0, 1, 1];[12, 2, 10, 8, 3, 4, 7, 18, 19, 9, 13, 1, 17, 6, 11, 15, 0, 14, 5, 16]|[0, 0, 0, 0, 2, 1, 0, 1, 2, 0, 0, 1, 0, 1, 2, 2, 0, 0, 2, 1]|[2, 3, 3, 3, 1, 1, 3, 1, 1, 3, 3, 1, 1, 0, 0, 0, 0, 3, 0, 1]|[0, 2, 0, 2, 1, 0, 0, 0, 0, 2, 0, 0, 1, 0, 1, 1, 1, 2, 0, 1];[13, 19, 9, 10, 8, 15, 1, 4, 17, 0, 3, 2, 5, 11, 14, 18, 12, 7, 6, 16]|[0, 2, 0, 1, 0, 0, 0, 2, 2, 0, 0, 0, 1, 2, 1, 0, 0, 0, 2, 1]|[3, 1, 3, 1, 3, 3, 3, 1, 0, 3, 3, 3, 1, 0, 1, 3, 3, 3, 1, 1]|[0, 1, 2, 1, 0, 0, 2, 1, 1, 0, 0, 2, 1, 1, 1, 0, 0, 0, 0, 1];[13, 19, 9, 10, 8, 15, 1, 4, 17, 0, 3, 2, 5, 11, 14, 18, 12, 7, 6, 16]|[0, 2, 0, 1, 0, 0, 0, 2, 2, 0, 0, 0, 1, 2, 1, 0, 0, 0, 2, 1]|[3, 1, 3, 1, 3, 3, 3, 1, 0, 3, 3, 3, 1, 0, 1, 3, 3, 3, 1, 1]|[0, 1, 2, 1, 0, 0, 2, 1, 1, 0, 0, 2, 1, 1, 1, 0, 0, 0, 0, 1];[13, 19, 9, 10, 8, 15, 1, 4, 17, 0, 3, 2, 5, 11, 14, 18, 12, 7, 6, 16]|[0, 2, 0, 1, 0, 0, 0, 2, 2, 0, 0, 0, 1, 2, 1, 0, 0, 0, 2, 1]|[3, 1, 3, 1, 3, 3, 3, 1, 0, 3, 3, 3, 1, 0, 1, 3, 3, 3, 1, 1]|[0, 1, 2, 1, 0, 0, 2, 1, 1, 0, 0, 2, 1, 1, 1, 0, 0, 0, 0, 1];[13, 19, 9, 10, 8, 15, 1, 4, 17, 0, 3, 2, 5, 11, 14, 18, 12, 7, 6, 16]|[0, 2, 0, 1, 0, 0, 0, 2, 2, 0, 0, 0, 1, 2, 1, 0, 0, 0, 2, 1]|[3, 1, 3, 1, 3, 3, 3, 1, 0, 3, 3, 3, 1, 0, 1, 3, 3, 3, 1, 1]|[0, 1, 2, 1, 0, 0, 2, 1, 1, 0, 0, 2, 1, 1, 1, 0, 0, 0, 0, 1];[13, 19, 9, 10, 8, 15, 1, 4, 17, 0, 3, 2, 5, 11, 14, 18, 12, 7, 6, 16]|[0, 2, 0, 1, 0, 0, 0, 2, 2, 0, 0, 0, 1, 2, 1, 0, 0, 0, 2, 1]|[3, 1, 3, 1, 3, 3, 3, 1, 0, 3, 3, 3, 1, 0, 1, 3, 3, 3, 1, 1]|[0, 1, 2, 1, 0, 0, 2, 1, 1, 0, 0, 2, 1, 1, 1, 0, 0, 0, 0, 1];[13, 19, 9, 10, 8, 15, 1, 4, 17, 0, 3, 2, 5, 11, 14, 18, 12, 7, 6, 16]|[0, 2, 0, 1, 0, 0, 0, 2, 2, 0, 0, 0, 1, 2, 1, 0, 0, 0, 2, 1]|[3, 1, 3, 1, 3, 3, 3, 1, 0, 3, 3, 3, 1, 0, 1, 3, 3, 3, 1, 1]|[0, 1, 2, 1, 0, 0, 2, 1, 1, 0, 0, 2, 1, 1, 1, 0, 0, 0, 0, 1];[13, 19, 9, 10, 8, 15, 1, 4, 17, 0, 3, 2, 5, 11, 14, 18, 12, 7, 6, 16]|[0, 2, 0, 1, 0, 0, 0, 2, 2, 0, 0, 0, 1, 2, 1, 0, 0, 0, 2, 1]|[3, 1, 3, 1, 3, 3, 3, 1, 0, 3, 3, 3, 1, 0, 1, 3, 3, 3, 1, 1]|[0, 1, 2, 1, 0, 0, 2, 1, 1, 0, 0, 2, 1, 1, 1, 0, 0, 0, 0, 1];[13, 19, 9, 10, 8, 15, 1, 4, 17, 0, 3, 2, 5, 11, 14, 18, 12, 7, 6, 16]|[0, 2, 0, 1, 0, 0, 0, 2, 2, 0, 0, 0, 1, 2, 1, 0, 0, 0, 2, 1]|[3, 1, 3, 1, 3, 3, 3, 1, 0, 3, 3, 3, 1, 0, 1, 3, 3, 3, 1, 1]|[0, 1, 2, 1, 0, 0, 2, 1, 1, 0, 0, 2, 1, 1, 1, 0, 0, 0, 0, 1];[13, 19, 9, 10, 8, 15, 1, 4, 17, 0, 3, 2, 5, 11, 14, 18, 12, 7, 6, 16]|[0, 2, 0, 1, 0, 0, 0, 2, 2, 0, 0, 0, 1, 2, 1, 0, 0, 0, 2, 1]|[3, 1, 3, 1, 3, 3, 3, 1, 0, 3, 3, 3, 1, 0, 1, 3, 3, 3, 1, 1]|[0, 1, 2, 1, 0, 0, 2, 1, 1, 0, 0, 2, 1, 1, 1, 0, 0, 0, 0, 1];[12, 2, 10, 8, 3, 4, 7, 18, 19, 9, 13, 1, 17, 6, 11, 15, 0, 14, 5, 16]|[0, 0, 0, 0, 2, 1, 0, 1, 2, 0, 0, 1, 0, 1, 2, 2, 0, 0, 2, 1]|[2, 3, 3, 3, 1, 1, 3, 1, 1, 3, 3, 1, 1, 0, 0, 0, 0, 3, 0, 1]|[0, 2, 0, 2, 1, 0, 0, 0, 0, 2, 0, 0, 1, 0, 1, 1, 1, 2, 0, 1];[1, 2, 13, 14, 19, 4, 16, 5, 3, 10, 6, 8, 9, 15, 12, 18, 17, 7, 11, 0]|[0, 1, 1, 0, 2, 1, 2, 0, 0, 1, 2, 2, 2, 1, 2, 1, 0, 1, 1, 0]|[0, 1, 1, 3, 0, 1, 1, 0, 0, 1, 1, 0, 1, 1, 0, 0, 1, 1, 0, 3]|[0, 1, 1, 1, 0, 1, 1, 0, 0, 1, 1, 0, 1, 1, 1, 0, 2, 1, 0, 1];[1, 2, 13, 14, 19, 4, 16, 5, 3, 10, 6, 8, 9, 15, 12, 18, 17, 7, 11, 0]|[0, 1, 1, 0, 2, 1, 2, 0, 0, 1, 2, 2, 2, 1, 2, 1, 0, 1, 1, 0]|[0, 1, 1, 3, 0, 1, 1, 0, 0, 1, 1, 0, 1, 1, 0, 0, 1, 1, 0, 3]|[0, 1, 1, 1, 0, 1, 1, 0, 0, 1, 1, 0, 1, 1, 1, 0, 2, 1, 0, 1];[1, 2, 13, 14, 19, 4, 16, 5, 3, 10, 6, 8, 9, 15, 12, 18, 17, 7, 11, 0]|[0, 1, 1, 0, 2, 1, 2, 0, 0, 1, 2, 2, 2, 1, 2, 1, 0, 1, 1, 0]|[0, 1, 1, 3, 0, 1, 1, 0, 0, 1, 1, 0, 1, 1, 0, 0, 1, 1, 0, 3]|[0, 1, 1, 1, 0, 1, 1, 0, 0, 1, 1, 0, 1, 1, 1, 0, 2, 1, 0, 1];[2, 12, 13, 9, 3, 4, 7, 6, 11, 8, 17, 5, 15, 0, 19, 16, 1, 14, 18, 10]|[0, 0, 0, 0, 2, 1, 0, 1, 2, 0, 0, 1, 0, 0, 2, 2, 0, 0, 2, 1]|[2, 3, 3, 3, 1, 1, 1, 1, 1, 3, 3, 1, 1, 2, 1, 1, 3, 1, 1, 1]|[2, 0, 1, 2, 1, 0, 1, 0, 1, 0, 2, 1, 1, 0, 0, 1, 1, 2, 0, 0];[19, 15, 12, 18, 5, 17, 6, 8, 2, 9, 3, 13, 7, 14, 0, 11, 16, 1, 10, 4]|[0, 1, 2, 1, 1, 2, 1, 0, 0, 0, 0, 0, 0, 0, 0, 2, 2, 0, 2, 1]|[3, 0, 0, 1, 1, 0, 1, 3, 3, 3, 3, 3, 3, 3, 3, 0, 1, 3, 1, 1]|[0, 1, 1, 0, 1, 1, 1, 2, 0, 0, 2, 0, 0, 2, 0, 1, 1, 0, 0, 1];[19, 15, 12, 18, 5, 17, 6, 8, 2, 9, 3, 13, 7, 14, 0, 11, 16, 1, 10, 4]|[0, 1, 2, 1, 1, 2, 1, 0, 0, 0, 0, 0, 0, 0, 0, 2, 2, 0, 2, 1]|[3, 0, 0, 1, 1, 0, 1, 3, 3, 3, 3, 3, 3, 3, 3, 0, 1, 3, 1, 1]|[0, 1, 1, 0, 1, 1, 1, 2, 0, 0, 2, 0, 0, 2, 0, 1, 1, 0, 0, 1];[19, 15, 12, 18, 5, 17, 6, 8, 2, 9, 3, 13, 7, 14, 0, 11, 16, 1, 10, 4]|[0, 1, 2, 1, 1, 2, 1, 0, 0, 0, 0, 0, 0, 0, 0, 2, 2, 0, 2, 1]|[3, 0, 0, 1, 1, 0, 1, 3, 3, 3, 3, 3, 3, 3, 3, 0, 1, 3, 1, 1]|[0, 1, 1, 0, 1, 1, 1, 2, 0, 0, 2, 0, 0, 2, 0, 1, 1, 0, 0, 1];[2, 19, 8, 10, 9, 13, 6, 16, 3, 11, 18, 1, 7, 0, 17, 5, 12, 15, 14, 4]|[0, 1, 1, 0, 2, 1, 2, 2, 1, 0, 2, 0, 1, 0, 0, 2, 1, 1, 0, 0]|[3, 1, 1, 3, 1, 1, 0, 0, 1, 3, 0, 3, 1, 3, 3, 0, 1, 1, 3, 3]|[0, 1, 1, 2, 1, 0, 0, 1, 1, 0, 1, 2, 1, 0, 0, 1, 1, 1, 2, 0];[2, 19, 8, 10, 9, 13, 6, 16, 3, 11, 18, 1, 7, 0, 17, 5, 12, 15, 14, 4]|[0, 1, 1, 0, 2, 1, 2, 2, 1, 0, 2, 0, 1, 0, 0, 2, 1, 1, 0, 0]|[3, 1, 1, 3, 1, 1, 0, 0, 1, 3, 0, 3, 1, 3, 3, 0, 1, 1, 3, 3]|[0, 1, 1, 2, 1, 0, 0, 1, 1, 0, 1, 2, 1, 0, 0, 1, 1, 1, 2, 0];[2, 12, 13, 15, 19, 0, 3, 5, 11, 14, 7, 10, 9, 8, 17, 4, 18, 1, 6, 16]|[0, 0, 0, 0, 2, 1, 0, 1, 2, 0, 0, 1, 0, 0, 2, 2, 0, 0, 2, 1]|[3, 1, 1, 3, 1, 1, 0, 1, 0, 0, 3, 1, 3, 0, 0, 1, 1, 1, 1, 1]|[2, 0, 1, 0, 1, 0, 0, 1, 1, 0, 0, 1, 2, 1, 1, 1, 0, 2, 0, 1];[2, 12, 13, 15, 19, 0, 3, 5, 11, 14, 7, 10, 9, 8, 17, 4, 18, 1, 6, 16]|[0, 0, 0, 0, 2, 1, 0, 1, 2, 0, 0, 1, 0, 0, 2, 2, 0, 0, 2, 1]|[3, 1, 1, 3, 1, 1, 0, 1, 0, 0, 3, 1, 3, 0, 0, 1, 1, 1, 1, 1]|[2, 0, 1, 0, 1, 0, 0, 1, 1, 0, 0, 1, 2, 1, 1, 1, 0, 2, 0, 1];[2, 19, 13, 15, 6, 3, 16, 5, 17, 7, 9, 0, 11, 18, 4, 8, 10, 1, 12, 14]|[0, 1, 1, 0, 2, 1, 2, 2, 1, 0, 0, 2, 0, 1, 0, 1, 1, 2, 1, 0]|[3, 1, 1, 3, 0, 1, 0, 0, 0, 0, 3, 0, 3, 1, 0, 1, 1, 0, 1, 3]|[0, 1, 1, 2, 1, 0, 0, 1, 1, 0, 0, 1, 2, 1, 1, 1, 1, 1, 1, 0];[7, 19, 15, 6, 3, 16, 5, 12, 14, 17, 4, 8, 18, 9, 10, 11, 1, 2, 13, 0]|[0, 1, 0, 2, 1, 2, 2, 1, 2, 0, 1, 0, 1, 1, 2, 0, 1, 0, 0, 0]|[3, 1, 0, 0, 1, 0, 0, 1, 0, 2, 1, 0, 1, 1, 0, 3, 1, 1, 3, 3]|[0, 1, 0, 1, 1, 0, 1, 0, 1, 1, 1, 1, 1, 0, 1, 0, 1, 2, 2, 0];[2, 12, 13, 17, 3, 4, 7, 6, 11, 1, 5, 0, 10, 19, 9, 15, 14, 8, 18, 16]|[0, 0, 0, 0, 2, 1, 0, 1, 2, 0, 1, 0, 2, 2, 0, 0, 0, 0, 2, 1]|[3, 0, 0, 3, 1, 1, 1, 1, 1, 3, 1, 3, 1, 1, 3, 2, 3, 3, 1, 1]|[2, 0, 0, 2, 1, 0, 1, 0, 0, 1, 1, 2, 1, 0, 2, 0, 1, 2, 1, 0];[2, 19, 13, 14, 1, 4, 11, 5, 3, 15, 6, 10, 9, 17, 0, 12, 16, 7, 18, 8]|[0, 1, 1, 0, 2, 1, 2, 2, 1, 0, 0, 2, 0, 1, 0, 1, 1, 2, 1, 0]|[3, 1, 1, 3, 0, 1, 0, 0, 0, 1, 3, 0, 3, 1, 0, 1, 1, 0, 1, 3]|[2, 1, 1, 2, 1, 0, 0, 1, 1, 0, 0, 1, 2, 1, 1, 1, 1, 1, 1, 0];[19, 13, 18, 8, 10, 6, 12, 9, 16, 14, 3, 2, 17, 11, 1, 4, 5, 15, 7, 0]|[2, 1, 2, 1, 0, 0, 2, 1, 2, 2, 1, 0, 0, 1, 1, 2, 1, 0, 0, 0]|[0, 1, 0, 1, 3, 3, 0, 1, 0, 1, 0, 3, 3, 1, 1, 0, 1, 3, 3, 3]|[1, 1, 1, 1, 0, 2, 1, 0, 0, 1, 1, 0, 0, 1, 1, 1, 1, 2, 0, 0];[19, 5, 3, 9, 16, 13, 0, 18, 12, 8, 7, 15, 4, 14, 6, 10, 2, 1, 17, 11]|[1, 2, 1, 2, 2, 1, 1, 2, 1, 1, 1, 1, 0, 0, 2, 0, 0, 0, 0, 0]|[0, 0, 1, 0, 0, 1, 1, 0, 1, 1, 1, 1, 3, 3, 0, 3, 3, 3, 3, 3]|[0, 1, 1, 1, 0, 1, 1, 1, 1, 1, 1, 1, 0, 2, 1, 0, 0, 0, 2, 0];[2, 19, 8, 14, 9, 13, 6, 16, 3, 10, 11, 18, 1, 7, 17, 15, 12, 5, 0, 4]|[0, 1, 1, 0, 2, 1, 2, 2, 1, 0, 0, 2, 0, 1, 0, 1, 1, 2, 0, 0]|[3, 1, 1, 3, 1, 1, 0, 0, 1, 0, 3, 0, 2, 1, 3, 1, 1, 0, 3, 3]|[2, 1, 1, 2, 1, 0, 0, 1, 1, 0, 0, 1, 2, 1, 1, 1, 1, 1, 0, 0];[2, 19, 14, 9, 8, 5, 13, 12, 18, 6, 16, 3, 7, 0, 10, 1, 11, 17, 15, 4]|[0, 1, 0, 2, 1, 2, 1, 1, 1, 2, 2, 1, 0, 0, 2, 0, 1, 0, 1, 0]|[3, 1, 3, 1, 1, 0, 1, 1, 1, 0, 0, 1, 3, 3, 0, 3, 1, 3, 1, 3]|[0, 1, 2, 1, 1, 1, 1, 1, 1, 0, 1, 1, 1, 0, 1, 2, 1, 1, 1, 0];[2, 19, 6, 15, 3, 1, 9, 17, 0, 13, 18, 14, 5, 8, 7, 12, 4, 11, 10, 16]|[0, 1, 1, 0, 1, 0, 0, 2, 0, 1, 1, 2, 2, 2, 1, 1, 2, 2, 1, 0]|[3, 1, 1, 3, 1, 0, 3, 1, 3, 1, 1, 0, 0, 0, 1, 1, 0, 0, 1, 3]|[0, 1, 1, 2, 1, 2, 0, 1, 1, 1, 1, 0, 1, 0, 1, 1, 1, 1, 1, 0];[2, 19, 6, 15, 3, 1, 9, 17, 0, 13, 18, 14, 5, 8, 7, 12, 4, 11, 10, 16]|[0, 1, 1, 0, 1, 0, 0, 2, 0, 1, 1, 2, 2, 2, 1, 1, 2, 2, 1, 0]|[3, 1, 1, 3, 1, 0, 3, 1, 3, 1, 1, 0, 0, 0, 1, 1, 0, 0, 1, 3]|[0, 1, 1, 2, 1, 2, 0, 1, 1, 1, 1, 0, 1, 0, 1, 1, 1, 1, 1, 0];[2, 19, 14, 9, 8, 5, 13, 12, 18, 6, 16, 3, 7, 0, 10, 1, 11, 17, 15, 4]|[0, 1, 0, 2, 1, 2, 1, 1, 1, 2, 2, 1, 0, 0, 2, 0, 1, 0, 1, 0]|[3, 1, 3, 1, 1, 0, 1, 1, 1, 0, 0, 1, 3, 3, 0, 3, 1, 3, 1, 3]|[0, 1, 2, 1, 1, 1, 1, 1, 1, 0, 1, 1, 1, 0, 1, 2, 1, 1, 1, 0];[2, 19, 13, 15, 6, 3, 16, 5, 10, 0, 1, 14, 9, 11, 7, 12, 18, 4, 17, 8]|[0, 1, 1, 0, 2, 1, 2, 2, 1, 0, 0, 2, 0, 1, 0, 1, 1, 2, 1, 0]|[3, 1, 1, 3, 0, 1, 0, 0, 0, 0, 3, 0, 3, 1, 0, 1, 1, 0, 1, 3]|[2, 1, 1, 2, 1, 1, 1, 0, 0, 1, 1, 1, 2, 1, 1, 1, 1, 1, 1, 0];[1, 19, 8, 14, 5, 13, 6, 2, 3, 10, 16, 15, 7, 12, 0, 17, 4, 9, 18, 11]|[0, 1, 1, 0, 2, 1, 2, 2, 1, 0, 0, 2, 0, 1, 0, 1, 1, 2, 1, 0]|[3, 1, 1, 3, 0, 1, 0, 0, 0, 0, 3, 0, 3, 0, 3, 1, 1, 0, 1, 2]|[0, 1, 1, 2, 1, 0, 0, 1, 1, 1, 0, 1, 2, 1, 1, 0, 1, 1, 1, 0]
fc6diagRound 5	fe=140119	pool=300	target=100	rescued=0	sOriginal=[1, 19, 8, 14, 5, 13, 6, 16, 3, 0, 12, 4, 2, 15, 17, 10, 9, 11, 7, 18]|[0, 1, 1, 0, 2, 1, 2, 2, 1, 0, 0, 2, 0, 1, 0, 1, 1, 2, 1, 0]|[3, 1, 1, 3, 0, 1, 0, 0, 0, 0, 3, 0, 3, 0, 3, 1, 1, 0, 1, 3]|[0, 1, 1, 2, 1, 0, 0, 1, 1, 1, 0, 1, 2, 1, 1, 1, 1, 1, 1, 0];[1, 19, 14, 2, 17, 18, 5, 15, 12, 6, 16, 10, 11, 4, 0, 7, 13, 8, 3, 9]|[0, 1, 0, 2, 2, 1, 0, 1, 1, 2, 2, 0, 0, 2, 0, 1, 1, 1, 1, 0]|[3, 1, 3, 0, 0, 1, 3, 1, 1, 0, 0, 0, 3, 0, 3, 1, 1, 1, 1, 3]|[0, 1, 2, 1, 0, 1, 0, 1, 1, 0, 1, 1, 0, 1, 2, 1, 1, 1, 1, 0];[1, 19, 13, 14, 2, 4, 16, 5, 3, 10, 12, 6, 11, 18, 7, 9, 15, 0, 17, 8]|[0, 1, 1, 0, 2, 1, 2, 2, 1, 0, 0, 2, 0, 1, 0, 1, 1, 2, 1, 0]|[3, 1, 1, 3, 0, 1, 0, 0, 0, 0, 3, 0, 3, 0, 3, 1, 1, 0, 1, 3]|[0, 1, 1, 2, 1, 0, 0, 1, 1, 0, 0, 1, 2, 1, 1, 1, 1, 1, 1, 0];[2, 19, 6, 15, 3, 4, 16, 5, 1, 11, 10, 0, 18, 12, 7, 13, 17, 8, 9, 14]|[0, 1, 1, 0, 2, 1, 2, 2, 1, 0, 0, 2, 0, 1, 0, 1, 1, 2, 1, 0]|[3, 1, 0, 3, 0, 1, 0, 0, 0, 0, 3, 0, 3, 1, 3, 1, 1, 0, 1, 3]|[0, 1, 1, 2, 1, 0, 0, 1, 1, 1, 0, 1, 2, 1, 1, 1, 1, 1, 1, 0];[1, 2, 13, 14, 19, 4, 16, 5, 3, 10, 11, 17, 8, 15, 9, 0, 6, 12, 7, 18]|[0, 1, 1, 0, 2, 1, 2, 2, 1, 0, 0, 2, 0, 1, 0, 1, 1, 2, 1, 0]|[3, 1, 0, 3, 1, 1, 0, 0, 0, 0, 3, 0, 3, 1, 0, 1, 1, 0, 1, 3]|[0, 1, 1, 2, 1, 0, 0, 1, 1, 1, 0, 1, 2, 1, 1, 1, 1, 1, 1, 0];[1, 19, 13, 14, 2, 8, 6, 16, 3, 10, 11, 4, 0, 7, 5, 15, 12, 17, 18, 9]|[0, 1, 1, 0, 2, 1, 2, 2, 1, 0, 0, 2, 0, 1, 0, 1, 1, 2, 1, 0]|[3, 1, 1, 3, 0, 1, 0, 0, 0, 0, 3, 0, 3, 0, 3, 1, 1, 0, 1, 3]|[0, 1, 1, 2, 1, 0, 0, 1, 1, 1, 0, 1, 2, 1, 0, 1, 1, 0, 1, 0];[1, 2, 13, 14, 19, 4, 16, 5, 3, 10, 11, 17, 8, 12, 7, 6, 15, 0, 9, 18]|[0, 1, 1, 0, 2, 1, 2, 2, 1, 0, 0, 2, 0, 1, 0, 1, 1, 2, 1, 0]|[3, 1, 0, 3, 1, 1, 0, 0, 0, 0, 3, 0, 3, 1, 0, 1, 1, 0, 1, 3]|[0, 1, 1, 2, 1, 0, 1, 1, 1, 1, 0, 1, 2, 1, 1, 1, 1, 1, 1, 0];[2, 19, 14, 9, 8, 6, 5, 1, 4, 16, 0, 10, 15, 17, 7, 3, 13, 12, 11, 18]|[0, 1, 0, 2, 1, 2, 2, 0, 0, 2, 0, 1, 0, 1, 1, 1, 1, 2, 1, 0]|[3, 1, 3, 1, 1, 0, 0, 0, 3, 0, 3, 1, 3, 1, 1, 1, 1, 0, 1, 3]|[0, 1, 2, 1, 1, 0, 1, 0, 0, 1, 2, 1, 0, 1, 1, 1, 1, 1, 1, 0];[2, 19, 14, 9, 8, 6, 5, 1, 4, 16, 0, 10, 15, 17, 7, 3, 13, 12, 11, 18]|[0, 1, 0, 2, 1, 2, 2, 0, 0, 2, 0, 1, 0, 1, 1, 1, 1, 2, 1, 0]|[3, 1, 3, 1, 1, 0, 0, 0, 3, 0, 3, 1, 3, 1, 1, 1, 1, 0, 1, 3]|[0, 1, 2, 1, 1, 0, 1, 0, 0, 1, 2, 1, 0, 1, 1, 1, 1, 1, 1, 0];[2, 19, 14, 9, 8, 6, 5, 1, 4, 16, 0, 10, 15, 17, 7, 3, 13, 12, 11, 18]|[0, 1, 0, 2, 1, 2, 2, 0, 0, 2, 0, 1, 0, 1, 1, 1, 1, 2, 1, 0]|[3, 1, 3, 1, 1, 0, 0, 0, 3, 0, 3, 1, 3, 1, 1, 1, 1, 0, 1, 3]|[0, 1, 2, 1, 1, 0, 1, 0, 0, 1, 2, 1, 0, 1, 1, 1, 1, 1, 1, 0];[2, 19, 14, 9, 8, 6, 5, 1, 4, 16, 0, 10, 15, 17, 7, 3, 13, 12, 11, 18]|[0, 1, 0, 2, 1, 2, 2, 0, 0, 2, 0, 1, 0, 1, 1, 1, 1, 2, 1, 0]|[3, 1, 3, 1, 1, 0, 0, 0, 3, 0, 3, 1, 3, 1, 1, 1, 1, 0, 1, 3]|[0, 1, 2, 1, 1, 0, 1, 0, 0, 1, 2, 1, 0, 1, 1, 1, 1, 1, 1, 0];[2, 12, 15, 19, 10, 14, 16, 13, 0, 3, 4, 7, 9, 6, 5, 1, 11, 18, 17, 8]|[0, 0, 0, 0, 2, 2, 1, 0, 0, 2, 1, 0, 0, 1, 2, 0, 0, 0, 2, 1]|[0, 3, 3, 3, 1, 1, 1, 3, 3, 1, 1, 3, 3, 1, 1, 3, 2, 3, 1, 1]|[1, 0, 2, 0, 1, 0, 1, 2, 1, 1, 0, 0, 2, 1, 1, 1, 0, 2, 0, 1];[2, 19, 13, 15, 6, 3, 16, 5, 10, 0, 11, 14, 8, 17, 7, 12, 4, 9, 18, 1]|[0, 1, 1, 0, 2, 1, 2, 2, 1, 0, 0, 2, 0, 1, 0, 1, 1, 2, 1, 0]|[3, 1, 1, 3, 1, 1, 0, 1, 0, 0, 3, 0, 3, 0, 0, 1, 1, 0, 1, 3]|[2, 1, 1, 2, 1, 0, 0, 1, 1, 0, 0, 1, 2, 1, 1, 1, 1, 0, 1, 0];[19, 12, 7, 8, 0, 17, 16, 6, 13, 14, 10, 1, 18, 11, 15, 2, 5, 9, 3, 4]|[1, 0, 0, 0, 1, 0, 2, 1, 0, 0, 0, 0, 0, 2, 0, 2, 2, 0, 2, 1]|[1, 3, 3, 3, 1, 0, 1, 1, 3, 3, 3, 3, 2, 1, 3, 0, 0, 0, 1, 1]|[1, 0, 2, 0, 0, 1, 0, 0, 2, 0, 2, 0, 0, 1, 2, 1, 1, 1, 0, 1];[19, 12, 7, 8, 0, 17, 16, 6, 13, 14, 10, 1, 18, 11, 15, 2, 5, 9, 3, 4]|[1, 0, 0, 0, 1, 0, 2, 1, 0, 0, 0, 0, 0, 2, 0, 2, 2, 0, 2, 1]|[1, 3, 3, 3, 1, 0, 1, 1, 3, 3, 3, 3, 2, 1, 3, 0, 0, 0, 1, 1]|[1, 0, 2, 0, 0, 1, 0, 0, 2, 0, 2, 0, 0, 1, 2, 1, 1, 1, 0, 1];[19, 12, 7, 8, 0, 17, 16, 6, 13, 14, 10, 1, 18, 11, 15, 2, 5, 9, 3, 4]|[1, 0, 0, 0, 1, 0, 2, 1, 0, 0, 0, 0, 0, 2, 0, 2, 2, 0, 2, 1]|[1, 3, 3, 3, 1, 0, 1, 1, 3, 3, 3, 3, 2, 1, 3, 0, 0, 0, 1, 1]|[1, 0, 2, 0, 0, 1, 0, 0, 2, 0, 2, 0, 0, 1, 2, 1, 1, 1, 0, 1];[19, 12, 7, 8, 0, 17, 16, 6, 13, 14, 10, 1, 18, 11, 15, 2, 5, 9, 3, 4]|[1, 0, 0, 0, 1, 0, 2, 1, 0, 0, 0, 0, 0, 2, 0, 2, 2, 0, 2, 1]|[1, 3, 3, 3, 1, 0, 1, 1, 3, 3, 3, 3, 2, 1, 3, 0, 0, 0, 1, 1]|[1, 0, 2, 0, 0, 1, 0, 0, 2, 0, 2, 0, 0, 1, 2, 1, 1, 1, 0, 1];[2, 19, 8, 12, 10, 14, 1, 16, 15, 3, 4, 7, 6, 11, 0, 13, 18, 9, 17, 5]|[0, 0, 0, 0, 2, 2, 0, 1, 0, 2, 1, 0, 1, 2, 0, 0, 0, 0, 2, 1]|[0, 3, 3, 3, 1, 1, 3, 1, 3, 1, 1, 3, 1, 1, 3, 2, 3, 3, 0, 1]|[1, 0, 2, 0, 1, 0, 1, 1, 2, 1, 0, 0, 1, 1, 1, 0, 2, 0, 0, 0];[2, 12, 15, 19, 10, 14, 9, 1, 16, 13, 3, 4, 7, 6, 11, 0, 17, 8, 5, 18]|[0, 0, 0, 0, 2, 2, 0, 0, 1, 0, 2, 1, 0, 1, 2, 0, 0, 0, 2, 1]|[0, 3, 3, 3, 1, 1, 3, 3, 1, 3, 1, 1, 3, 1, 1, 3, 2, 3, 1, 1]|[1, 0, 2, 0, 1, 0, 2, 1, 1, 2, 1, 0, 0, 1, 1, 1, 0, 2, 0, 0];[2, 12, 15, 19, 10, 14, 9, 1, 16, 13, 3, 4, 7, 6, 11, 0, 17, 8, 5, 18]|[0, 0, 0, 0, 2, 2, 0, 0, 1, 0, 2, 1, 0, 1, 2, 0, 0, 0, 2, 1]|[0, 3, 3, 3, 1, 1, 3, 3, 1, 3, 1, 1, 3, 1, 1, 3, 2, 3, 1, 1]|[1, 0, 2, 0, 1, 0, 2, 1, 1, 2, 1, 0, 0, 1, 1, 1, 0, 2, 0, 0];[1, 19, 13, 14, 2, 4, 16, 5, 3, 12, 10, 6, 11, 18, 7, 9, 15, 0, 17, 8]|[0, 1, 1, 0, 2, 2, 2, 2, 1, 0, 0, 1, 0, 1, 0, 2, 1, 2, 1, 0]|[1, 1, 1, 3, 0, 0, 0, 0, 0, 3, 0, 1, 3, 0, 3, 1, 1, 0, 1, 3]|[0, 1, 1, 2, 1, 1, 0, 1, 1, 0, 0, 0, 2, 1, 1, 0, 1, 1, 1, 0];[9, 0, 19, 7, 11, 16, 5, 3, 2, 14, 1, 12, 15, 6, 17, 13, 18, 4, 10, 8]|[0, 0, 1, 0, 1, 2, 2, 1, 0, 2, 0, 1, 0, 0, 1, 1, 1, 2, 1, 0]|[3, 0, 1, 0, 1, 0, 0, 1, 3, 0, 3, 1, 3, 2, 1, 1, 1, 0, 0, 3]|[2, 0, 1, 1, 1, 1, 0, 1, 2, 1, 1, 1, 2, 0, 1, 1, 1, 1, 0, 0];[9, 0, 19, 7, 11, 16, 5, 3, 2, 14, 1, 12, 15, 6, 17, 13, 18, 4, 10, 8]|[0, 0, 1, 0, 1, 2, 2, 1, 0, 2, 0, 1, 0, 0, 1, 1, 1, 2, 1, 0]|[3, 0, 1, 0, 1, 0, 0, 1, 3, 0, 3, 1, 3, 2, 1, 1, 1, 0, 0, 3]|[2, 0, 1, 1, 1, 1, 0, 1, 2, 1, 1, 1, 2, 0, 1, 1, 1, 1, 0, 0];[9, 0, 19, 7, 11, 16, 5, 3, 2, 14, 1, 12, 15, 6, 17, 13, 18, 4, 10, 8]|[0, 0, 1, 0, 1, 2, 2, 1, 0, 2, 0, 1, 0, 0, 1, 1, 1, 2, 1, 0]|[3, 0, 1, 0, 1, 0, 0, 1, 3, 0, 3, 1, 3, 2, 1, 1, 1, 0, 0, 3]|[2, 0, 1, 1, 1, 1, 0, 1, 2, 1, 1, 1, 2, 0, 1, 1, 1, 1, 0, 0];[9, 0, 19, 7, 11, 16, 5, 3, 2, 14, 1, 12, 15, 6, 17, 13, 18, 4, 10, 8]|[0, 0, 1, 0, 1, 2, 2, 1, 0, 2, 0, 1, 0, 0, 1, 1, 1, 2, 1, 0]|[3, 0, 1, 0, 1, 0, 0, 1, 3, 0, 3, 1, 3, 2, 1, 1, 1, 0, 0, 3]|[2, 0, 1, 1, 1, 1, 0, 1, 2, 1, 1, 1, 2, 0, 1, 1, 1, 1, 0, 0];[2, 1, 13, 14, 19, 4, 16, 5, 3, 10, 11, 17, 6, 7, 18, 9, 15, 0, 12, 8]|[0, 1, 1, 0, 2, 1, 2, 2, 1, 0, 0, 2, 0, 1, 0, 1, 1, 2, 1, 0]|[3, 1, 1, 3, 0, 1, 0, 0, 0, 0, 3, 0, 3, 0, 3, 1, 1, 0, 1, 3]|[0, 1, 1, 2, 1, 0, 0, 1, 1, 0, 0, 1, 2, 1, 0, 1, 1, 1, 1, 0];[5, 2, 19, 14, 16, 6, 13, 4, 11, 8, 17, 15, 1, 10, 0, 7, 9, 18, 12, 3]|[0, 1, 1, 0, 2, 2, 1, 2, 1, 2, 0, 1, 0, 2, 0, 0, 1, 2, 1, 0]|[3, 1, 1, 3, 0, 0, 1, 0, 1, 0, 0, 1, 3, 0, 3, 3, 0, 0, 1, 3]|[2, 1, 1, 0, 1, 0, 1, 1, 1, 0, 0, 1, 2, 1, 2, 0, 1, 1, 1, 0];[5, 2, 19, 14, 16, 6, 13, 4, 11, 8, 17, 15, 1, 10, 0, 7, 9, 18, 12, 3]|[0, 1, 1, 0, 2, 2, 1, 2, 1, 2, 0, 1, 0, 2, 0, 0, 1, 2, 1, 0]|[3, 1, 1, 3, 0, 0, 1, 0, 1, 0, 0, 1, 3, 0, 3, 3, 0, 0, 1, 3]|[2, 1, 1, 0, 1, 0, 1, 1, 1, 0, 0, 1, 2, 1, 2, 0, 1, 1, 1, 0];[2, 19, 15, 12, 10, 14, 9, 18, 16, 13, 3, 4, 8, 6, 1, 11, 0, 7, 5, 17]|[0, 0, 0, 0, 2, 2, 2, 0, 1, 0, 2, 1, 0, 1, 0, 0, 0, 0, 2, 1]|[0, 3, 3, 3, 1, 1, 1, 3, 1, 3, 1, 1, 2, 1, 3, 3, 3, 3, 1, 1]|[1, 0, 2, 0, 1, 0, 0, 1, 1, 2, 1, 0, 0, 1, 1, 0, 2, 1, 0, 0];[9, 12, 19, 10, 13, 14, 8, 15, 11, 6, 0, 4, 3, 7, 16, 1, 2, 18, 17, 5]|[0, 0, 0, 0, 0, 2, 0, 0, 2, 1, 0, 1, 2, 0, 1, 2, 0, 0, 2, 1]|[3, 0, 3, 2, 3, 1, 2, 3, 0, 1, 3, 1, 1, 3, 1, 1, 3, 3, 1, 1]|[2, 1, 0, 0, 2, 0, 1, 2, 1, 1, 0, 0, 1, 0, 1, 1, 2, 0, 0, 1];[1, 6, 14, 2, 4, 16, 5, 13, 9, 17, 11, 10, 7, 15, 0, 3, 19, 12, 8, 18]|[0, 1, 0, 2, 1, 2, 2, 1, 0, 1, 0, 0, 1, 1, 0, 1, 2, 2, 1, 0]|[3, 0, 3, 1, 1, 0, 0, 0, 3, 1, 3, 0, 1, 1, 0, 0, 0, 0, 1, 3]|[0, 1, 2, 0, 0, 1, 1, 1, 2, 1, 0, 1, 1, 0, 1, 1, 0, 1, 1, 0];[2, 19, 13, 15, 6, 3, 16, 10, 0, 11, 14, 8, 17, 7, 12, 4, 9, 5, 18, 1]|[0, 2, 1, 0, 2, 1, 2, 1, 0, 0, 2, 0, 1, 0, 1, 1, 2, 2, 1, 0]|[3, 1, 1, 3, 1, 1, 0, 0, 0, 3, 0, 3, 0, 0, 1, 1, 0, 1, 1, 3]|[2, 1, 1, 2, 1, 0, 0, 1, 0, 0, 1, 2, 1, 1, 1, 1, 0, 1, 1, 0];[2, 19, 13, 15, 6, 3, 16, 10, 0, 11, 14, 8, 17, 7, 12, 4, 9, 5, 18, 1]|[0, 2, 1, 0, 2, 1, 2, 1, 0, 0, 2, 0, 1, 0, 1, 1, 2, 2, 1, 0]|[3, 1, 1, 3, 1, 1, 0, 0, 0, 3, 0, 3, 0, 0, 1, 1, 0, 1, 1, 3]|[2, 1, 1, 2, 1, 0, 0, 1, 0, 0, 1, 2, 1, 1, 1, 1, 0, 1, 1, 0];[2, 19, 13, 15, 6, 3, 16, 10, 0, 11, 14, 8, 17, 7, 12, 4, 9, 5, 18, 1]|[0, 2, 1, 0, 2, 1, 2, 1, 0, 0, 2, 0, 1, 0, 1, 1, 2, 2, 1, 0]|[3, 1, 1, 3, 1, 1, 0, 0, 0, 3, 0, 3, 0, 0, 1, 1, 0, 1, 1, 3]|[2, 1, 1, 2, 1, 0, 0, 1, 0, 0, 1, 2, 1, 1, 1, 1, 0, 1, 1, 0];[2, 19, 13, 15, 6, 3, 16, 10, 0, 11, 14, 8, 17, 7, 12, 4, 9, 5, 18, 1]|[0, 2, 1, 0, 2, 1, 2, 1, 0, 0, 2, 0, 1, 0, 1, 1, 2, 2, 1, 0]|[3, 1, 1, 3, 1, 1, 0, 0, 0, 3, 0, 3, 0, 0, 1, 1, 0, 1, 1, 3]|[2, 1, 1, 2, 1, 0, 0, 1, 0, 0, 1, 2, 1, 1, 1, 1, 0, 1, 1, 0];[2, 19, 13, 9, 14, 8, 6, 16, 7, 11, 10, 1, 12, 15, 17, 5, 18, 3, 4, 0]|[0, 1, 1, 2, 0, 1, 2, 2, 0, 0, 2, 0, 1, 0, 1, 2, 1, 1, 1, 0]|[3, 1, 1, 1, 3, 1, 0, 0, 0, 3, 0, 3, 1, 3, 1, 0, 1, 1, 1, 3]|[0, 1, 1, 1, 2, 1, 0, 1, 0, 0, 1, 2, 1, 1, 1, 1, 1, 1, 1, 0];[2, 19, 13, 9, 14, 8, 6, 16, 7, 11, 10, 1, 12, 15, 17, 5, 18, 3, 4, 0]|[0, 1, 1, 2, 0, 1, 2, 2, 0, 0, 2, 0, 1, 0, 1, 2, 1, 1, 1, 0]|[3, 1, 1, 1, 3, 1, 0, 0, 0, 3, 0, 3, 1, 3, 1, 0, 1, 1, 1, 3]|[0, 1, 1, 1, 2, 1, 0, 1, 0, 0, 1, 2, 1, 1, 1, 1, 1, 1, 1, 0];[2, 19, 13, 9, 14, 8, 6, 16, 7, 11, 10, 1, 12, 15, 17, 5, 18, 3, 4, 0]|[0, 1, 1, 2, 0, 1, 2, 2, 0, 0, 2, 0, 1, 0, 1, 2, 1, 1, 1, 0]|[3, 1, 1, 1, 3, 1, 0, 0, 0, 3, 0, 3, 1, 3, 1, 0, 1, 1, 1, 3]|[0, 1, 1, 1, 2, 1, 0, 1, 0, 0, 1, 2, 1, 1, 1, 1, 1, 1, 1, 0];[2, 19, 13, 9, 14, 8, 6, 16, 7, 11, 10, 1, 12, 15, 17, 5, 18, 3, 4, 0]|[0, 1, 1, 2, 0, 1, 2, 2, 0, 0, 2, 0, 1, 0, 1, 2, 1, 1, 1, 0]|[3, 1, 1, 1, 3, 1, 0, 0, 0, 3, 0, 3, 1, 3, 1, 0, 1, 1, 1, 3]|[0, 1, 1, 1, 2, 1, 0, 1, 0, 0, 1, 2, 1, 1, 1, 1, 1, 1, 1, 0];[12, 13, 7, 2, 3, 4, 9, 6, 11, 5, 17, 15, 1, 14, 19, 18, 10, 0, 8, 16]|[0, 0, 0, 0, 2, 1, 2, 1, 2, 1, 0, 0, 2, 2, 0, 0, 0, 0, 0, 1]|[3, 2, 3, 3, 1, 1, 0, 1, 1, 1, 3, 3, 0, 0, 3, 3, 0, 3, 3, 1]|[0, 1, 2, 0, 1, 0, 1, 1, 0, 1, 2, 1, 1, 0, 0, 1, 2, 2, 0, 1];[12, 13, 7, 2, 3, 4, 9, 6, 11, 5, 17, 15, 1, 14, 19, 18, 10, 0, 8, 16]|[0, 0, 0, 0, 2, 1, 2, 1, 2, 1, 0, 0, 2, 2, 0, 0, 0, 0, 0, 1]|[3, 2, 3, 3, 1, 1, 0, 1, 1, 1, 3, 3, 0, 0, 3, 3, 0, 3, 3, 1]|[0, 1, 2, 0, 1, 0, 1, 1, 0, 1, 2, 1, 1, 0, 0, 1, 2, 2, 0, 1];[12, 13, 7, 2, 3, 4, 9, 6, 11, 5, 17, 15, 1, 14, 19, 18, 10, 0, 8, 16]|[0, 0, 0, 0, 2, 1, 2, 1, 2, 1, 0, 0, 2, 2, 0, 0, 0, 0, 0, 1]|[3, 2, 3, 3, 1, 1, 0, 1, 1, 1, 3, 3, 0, 0, 3, 3, 0, 3, 3, 1]|[0, 1, 2, 0, 1, 0, 1, 1, 0, 1, 2, 1, 1, 0, 0, 1, 2, 2, 0, 1];[12, 13, 7, 2, 3, 4, 9, 6, 11, 5, 17, 15, 1, 14, 19, 18, 10, 0, 8, 16]|[0, 0, 0, 0, 2, 1, 2, 1, 2, 1, 0, 0, 2, 2, 0, 0, 0, 0, 0, 1]|[3, 2, 3, 3, 1, 1, 0, 1, 1, 1, 3, 3, 0, 0, 3, 3, 0, 3, 3, 1]|[0, 1, 2, 0, 1, 0, 1, 1, 0, 1, 2, 1, 1, 0, 0, 1, 2, 2, 0, 1];[19, 6, 0, 2, 10, 14, 9, 1, 4, 3, 13, 7, 15, 16, 18, 12, 11, 8, 17, 5]|[0, 0, 0, 0, 2, 2, 0, 0, 1, 2, 1, 0, 0, 1, 2, 0, 0, 0, 2, 1]|[3, 3, 0, 3, 1, 1, 3, 3, 1, 1, 1, 3, 3, 1, 1, 3, 2, 3, 1, 1]|[0, 2, 1, 0, 1, 0, 2, 1, 1, 1, 0, 0, 2, 1, 1, 0, 0, 2, 0, 0];[19, 14, 2, 4, 16, 5, 3, 12, 10, 6, 0, 18, 9, 8, 15, 11, 7, 17, 13, 1]|[1, 0, 2, 1, 2, 2, 1, 1, 1, 0, 0, 0, 1, 1, 2, 2, 0, 0, 0, 0]|[0, 3, 0, 1, 0, 0, 1, 1, 1, 3, 3, 3, 1, 1, 1, 1, 3, 3, 3, 3]|[1, 0, 1, 0, 0, 1, 1, 1, 1, 0, 2, 0, 1, 1, 1, 0, 0, 0, 2, 0];[4, 19, 6, 12, 8, 3, 2, 7, 13, 5, 17, 16, 1, 0, 18, 15, 11, 9, 10, 14]|[0, 2, 1, 0, 1, 2, 0, 0, 0, 0, 0, 1, 0, 0, 0, 2, 2, 0, 2, 1]|[3, 1, 1, 0, 1, 1, 3, 3, 3, 3, 3, 1, 3, 2, 3, 1, 0, 3, 1, 1]|[0, 1, 1, 0, 0, 1, 2, 1, 0, 2, 0, 1, 2, 0, 1, 0, 1, 2, 0, 1];[4, 19, 6, 12, 8, 3, 2, 7, 13, 5, 17, 16, 1, 0, 18, 15, 11, 9, 10, 14]|[0, 2, 1, 0, 1, 2, 0, 0, 0, 0, 0, 1, 0, 0, 0, 2, 2, 0, 2, 1]|[3, 1, 1, 0, 1, 1, 3, 3, 3, 3, 3, 1, 3, 2, 3, 1, 0, 3, 1, 1]|[0, 1, 1, 0, 0, 1, 2, 1, 0, 2, 0, 1, 2, 0, 1, 0, 1, 2, 0, 1];[4, 19, 6, 12, 8, 3, 2, 7, 13, 5, 17, 16, 1, 0, 18, 15, 11, 9, 10, 14]|[0, 2, 1, 0, 1, 2, 0, 0, 0, 0, 0, 1, 0, 0, 0, 2, 2, 0, 2, 1]|[3, 1, 1, 0, 1, 1, 3, 3, 3, 3, 3, 1, 3, 2, 3, 1, 0, 3, 1, 1]|[0, 1, 1, 0, 0, 1, 2, 1, 0, 2, 0, 1, 2, 0, 1, 0, 1, 2, 0, 1];[4, 19, 6, 12, 8, 3, 2, 7, 13, 5, 17, 16, 1, 0, 18, 15, 11, 9, 10, 14]|[0, 2, 1, 0, 1, 2, 0, 0, 0, 0, 0, 1, 0, 0, 0, 2, 2, 0, 2, 1]|[3, 1, 1, 0, 1, 1, 3, 3, 3, 3, 3, 1, 3, 2, 3, 1, 0, 3, 1, 1]|[0, 1, 1, 0, 0, 1, 2, 1, 0, 2, 0, 1, 2, 0, 1, 0, 1, 2, 0, 1];[1, 19, 13, 14, 2, 4, 16, 5, 3, 10, 12, 9, 6, 17, 8, 15, 18, 11, 7, 0]|[0, 1, 1, 0, 2, 1, 2, 2, 1, 0, 0, 2, 0, 1, 0, 1, 1, 2, 1, 0]|[3, 1, 0, 3, 0, 1, 1, 0, 0, 0, 3, 0, 2, 0, 3, 1, 1, 0, 1, 3]|[0, 1, 1, 2, 1, 0, 0, 1, 1, 0, 0, 0, 2, 1, 1, 0, 1, 1, 1, 0];[2, 1, 12, 8, 10, 3, 5, 6, 13, 7, 0, 18, 15, 9, 14, 16, 4, 17, 19, 11]|[2, 1, 1, 0, 0, 1, 2, 0, 1, 1, 0, 0, 1, 1, 0, 2, 1, 2, 2, 0]|[1, 1, 1, 3, 3, 1, 0, 3, 1, 1, 3, 3, 1, 1, 3, 0, 1, 0, 0, 3]|[1, 1, 1, 0, 0, 1, 1, 2, 1, 1, 0, 0, 1, 1, 2, 0, 1, 1, 1, 0];[2, 1, 12, 8, 10, 3, 5, 6, 13, 7, 0, 18, 15, 9, 14, 16, 4, 17, 19, 11]|[2, 1, 1, 0, 0, 1, 2, 0, 1, 1, 0, 0, 1, 1, 0, 2, 1, 2, 2, 0]|[1, 1, 1, 3, 3, 1, 0, 3, 1, 1, 3, 3, 1, 1, 3, 0, 1, 0, 0, 3]|[1, 1, 1, 0, 0, 1, 1, 2, 1, 1, 0, 0, 1, 1, 2, 0, 1, 1, 1, 0];[2, 19, 8, 14, 6, 13, 5, 15, 4, 11, 7, 12, 17, 16, 3, 9, 1, 0, 10, 18]|[0, 1, 1, 0, 1, 2, 2, 0, 2, 0, 0, 2, 0, 2, 1, 1, 1, 1, 1, 0]|[3, 1, 1, 3, 1, 0, 0, 3, 0, 3, 3, 0, 3, 0, 1, 1, 1, 1, 1, 3]|[0, 1, 1, 0, 1, 1, 1, 2, 1, 0, 0, 1, 0, 0, 1, 1, 1, 1, 1, 0];[16, 19, 8, 4, 15, 3, 10, 1, 11, 13, 18, 17, 0, 12, 6, 9, 14, 5, 2, 7]|[0, 1, 1, 0, 1, 0, 1, 1, 2, 1, 0, 1, 2, 2, 1, 2, 0, 2, 0, 0]|[3, 1, 1, 3, 1, 3, 1, 1, 0, 1, 3, 1, 0, 0, 1, 0, 3, 0, 3, 3]|[0, 1, 1, 2, 1, 0, 1, 1, 1, 1, 0, 1, 1, 0, 1, 1, 2, 1, 0, 0];[16, 19, 8, 4, 15, 3, 10, 1, 11, 13, 18, 17, 0, 12, 6, 9, 14, 5, 2, 7]|[0, 1, 1, 0, 1, 0, 1, 1, 2, 1, 0, 1, 2, 2, 1, 2, 0, 2, 0, 0]|[3, 1, 1, 3, 1, 3, 1, 1, 0, 1, 3, 1, 0, 0, 1, 0, 3, 0, 3, 3]|[0, 1, 1, 2, 1, 0, 1, 1, 1, 1, 0, 1, 1, 0, 1, 1, 2, 1, 0, 0];[5, 4, 14, 10, 2, 6, 3, 0, 17, 12, 11, 1, 16, 18, 7, 15, 9, 13, 19, 8]|[0, 1, 0, 2, 1, 2, 2, 1, 1, 0, 0, 1, 0, 2, 0, 1, 2, 1, 1, 0]|[3, 1, 3, 0, 1, 0, 0, 1, 1, 3, 3, 1, 3, 0, 3, 1, 0, 1, 1, 3]|[0, 1, 2, 1, 1, 0, 1, 1, 1, 0, 0, 1, 2, 1, 0, 1, 1, 1, 1, 0];[5, 4, 14, 10, 2, 6, 3, 0, 17, 12, 11, 1, 16, 18, 7, 15, 9, 13, 19, 8]|[0, 1, 0, 2, 1, 2, 2, 1, 1, 0, 0, 1, 0, 2, 0, 1, 2, 1, 1, 0]|[3, 1, 3, 0, 1, 0, 0, 1, 1, 3, 3, 1, 3, 0, 3, 1, 0, 1, 1, 3]|[0, 1, 2, 1, 1, 0, 1, 1, 1, 0, 0, 1, 2, 1, 0, 1, 1, 1, 1, 0];[5, 4, 14, 10, 2, 6, 3, 0, 17, 12, 11, 1, 16, 18, 7, 15, 9, 13, 19, 8]|[0, 1, 0, 2, 1, 2, 2, 1, 1, 0, 0, 1, 0, 2, 0, 1, 2, 1, 1, 0]|[3, 1, 3, 0, 1, 0, 0, 1, 1, 3, 3, 1, 3, 0, 3, 1, 0, 1, 1, 3]|[0, 1, 2, 1, 1, 0, 1, 1, 1, 0, 0, 1, 2, 1, 0, 1, 1, 1, 1, 0];[5, 4, 14, 10, 2, 6, 3, 0, 17, 12, 11, 1, 16, 18, 7, 15, 9, 13, 19, 8]|[0, 1, 0, 2, 1, 2, 2, 1, 1, 0, 0, 1, 0, 2, 0, 1, 2, 1, 1, 0]|[3, 1, 3, 0, 1, 0, 0, 1, 1, 3, 3, 1, 3, 0, 3, 1, 0, 1, 1, 3]|[0, 1, 2, 1, 1, 0, 1, 1, 1, 0, 0, 1, 2, 1, 0, 1, 1, 1, 1, 0];[5, 16, 17, 4, 6, 14, 0, 2, 9, 12, 15, 18, 3, 10, 19, 13, 8, 11, 7, 1]|[0, 1, 1, 2, 2, 0, 2, 1, 0, 2, 0, 0, 1, 2, 1, 1, 2, 2, 1, 0]|[3, 1, 1, 1, 0, 0, 0, 1, 3, 0, 3, 3, 1, 1, 0, 1, 0, 0, 1, 3]|[2, 1, 1, 1, 0, 0, 1, 1, 2, 1, 0, 0, 1, 1, 0, 1, 0, 1, 1, 0];[5, 16, 17, 4, 6, 14, 0, 2, 9, 12, 15, 18, 3, 10, 19, 13, 8, 11, 7, 1]|[0, 1, 1, 2, 2, 0, 2, 1, 0, 2, 0, 0, 1, 2, 1, 1, 2, 2, 1, 0]|[3, 1, 1, 1, 0, 0, 0, 1, 3, 0, 3, 3, 1, 1, 0, 1, 0, 0, 1, 3]|[2, 1, 1, 1, 0, 0, 1, 1, 2, 1, 0, 0, 1, 1, 0, 1, 0, 1, 1, 0];[5, 16, 17, 4, 6, 14, 0, 2, 9, 12, 15, 18, 3, 10, 19, 13, 8, 11, 7, 1]|[0, 1, 1, 2, 2, 0, 2, 1, 0, 2, 0, 0, 1, 2, 1, 1, 2, 2, 1, 0]|[3, 1, 1, 1, 0, 0, 0, 1, 3, 0, 3, 3, 1, 1, 0, 1, 0, 0, 1, 3]|[2, 1, 1, 1, 0, 0, 1, 1, 2, 1, 0, 0, 1, 1, 0, 1, 0, 1, 1, 0];[5, 16, 17, 4, 6, 14, 0, 2, 9, 12, 15, 18, 3, 10, 19, 13, 8, 11, 7, 1]|[0, 1, 1, 2, 2, 0, 2, 1, 0, 2, 0, 0, 1, 2, 1, 1, 2, 2, 1, 0]|[3, 1, 1, 1, 0, 0, 0, 1, 3, 0, 3, 3, 1, 1, 0, 1, 0, 0, 1, 3]|[2, 1, 1, 1, 0, 0, 1, 1, 2, 1, 0, 0, 1, 1, 0, 1, 0, 1, 1, 0];[2, 12, 13, 14, 11, 6, 1, 5, 17, 3, 4, 7, 0, 9, 19, 16, 15, 8, 18, 10]|[0, 0, 0, 0, 2, 1, 0, 1, 0, 2, 1, 0, 0, 0, 2, 2, 0, 0, 2, 1]|[3, 0, 0, 3, 1, 1, 3, 1, 3, 1, 1, 3, 2, 3, 1, 1, 3, 3, 1, 1]|[0, 2, 1, 2, 1, 0, 1, 1, 2, 1, 0, 1, 0, 2, 0, 1, 1, 0, 0, 0];[2, 12, 13, 14, 11, 6, 1, 5, 17, 3, 4, 7, 0, 9, 19, 16, 15, 8, 18, 10]|[0, 0, 0, 0, 2, 1, 0, 1, 0, 2, 1, 0, 0, 0, 2, 2, 0, 0, 2, 1]|[3, 0, 0, 3, 1, 1, 3, 1, 3, 1, 1, 3, 2, 3, 1, 1, 3, 3, 1, 1]|[0, 2, 1, 2, 1, 0, 1, 1, 2, 1, 0, 1, 0, 2, 0, 1, 1, 0, 0, 0];[2, 12, 15, 19, 10, 14, 9, 1, 16, 13, 3, 4, 7, 6, 11, 0, 8, 18, 17, 5]|[0, 0, 0, 0, 2, 2, 0, 0, 1, 0, 2, 1, 0, 1, 2, 0, 0, 0, 2, 1]|[0, 3, 3, 3, 1, 1, 3, 3, 1, 3, 1, 1, 3, 1, 0, 3, 2, 3, 1, 1]|[2, 0, 2, 0, 1, 0, 2, 1, 1, 2, 1, 0, 0, 1, 1, 0, 1, 0, 0, 1];[1, 19, 14, 16, 5, 6, 4, 10, 13, 17, 11, 18, 15, 12, 7, 3, 9, 8, 2, 0]|[0, 2, 0, 2, 2, 2, 1, 1, 1, 1, 1, 0, 0, 2, 0, 0, 1, 1, 2, 0]|[3, 0, 0, 1, 1, 1, 1, 1, 1, 1, 1, 3, 3, 0, 3, 3, 1, 1, 1, 3]|[0, 1, 2, 0, 1, 0, 1, 1, 1, 1, 1, 0, 2, 1, 0, 0, 1, 1, 1, 2];[1, 19, 14, 16, 5, 6, 4, 10, 13, 17, 11, 18, 15, 12, 7, 3, 9, 8, 2, 0]|[0, 2, 0, 2, 2, 2, 1, 1, 1, 1, 1, 0, 0, 2, 0, 0, 1, 1, 2, 0]|[3, 0, 0, 1, 1, 1, 1, 1, 1, 1, 1, 3, 3, 0, 3, 3, 1, 1, 1, 3]|[0, 1, 2, 0, 1, 0, 1, 1, 1, 1, 1, 0, 2, 1, 0, 0, 1, 1, 1, 2];[2, 19, 8, 14, 9, 6, 18, 12, 13, 1, 7, 0, 4, 10, 11, 16, 3, 15, 5, 17]|[0, 1, 1, 0, 2, 1, 0, 1, 2, 1, 0, 2, 0, 0, 2, 2, 1, 1, 1, 0]|[3, 1, 1, 3, 0, 1, 3, 1, 0, 1, 3, 0, 3, 3, 0, 0, 1, 1, 1, 3]|[0, 1, 1, 2, 1, 1, 0, 1, 0, 1, 2, 1, 0, 2, 0, 1, 1, 1, 1, 0];[2, 19, 8, 14, 9, 6, 18, 12, 13, 1, 7, 0, 4, 10, 11, 16, 3, 15, 5, 17]|[0, 1, 1, 0, 2, 1, 0, 1, 2, 1, 0, 2, 0, 0, 2, 2, 1, 1, 1, 0]|[3, 1, 1, 3, 0, 1, 3, 1, 0, 1, 3, 0, 3, 3, 0, 0, 1, 1, 1, 3]|[0, 1, 1, 2, 1, 1, 0, 1, 0, 1, 2, 1, 0, 2, 0, 1, 1, 1, 1, 0];[10, 4, 14, 16, 12, 11, 15, 5, 1, 18, 17, 8, 19, 0, 6, 9, 3, 2, 13, 7]|[1, 0, 2, 1, 1, 2, 1, 0, 2, 2, 1, 1, 2, 1, 0, 0, 0, 0, 0, 0]|[1, 3, 1, 0, 1, 1, 1, 3, 0, 0, 1, 1, 0, 1, 3, 3, 3, 3, 3, 3]|[1, 0, 0, 0, 1, 1, 1, 2, 1, 0, 1, 1, 0, 1, 0, 0, 2, 0, 0, 0];[10, 4, 14, 16, 12, 11, 15, 5, 1, 18, 17, 8, 19, 0, 6, 9, 3, 2, 13, 7]|[1, 0, 2, 1, 1, 2, 1, 0, 2, 2, 1, 1, 2, 1, 0, 0, 0, 0, 0, 0]|[1, 3, 1, 0, 1, 1, 1, 3, 0, 0, 1, 1, 0, 1, 3, 3, 3, 3, 3, 3]|[1, 0, 0, 0, 1, 1, 1, 2, 1, 0, 1, 1, 0, 1, 0, 0, 2, 0, 0, 0];[12, 5, 4, 15, 11, 19, 1, 16, 3, 9, 0, 10, 2, 14, 6, 17, 13, 18, 7, 8]|[0, 2, 0, 2, 0, 1, 0, 2, 1, 2, 2, 1, 2, 0, 1, 1, 1, 2, 1, 0]|[3, 0, 3, 1, 0, 1, 2, 1, 1, 0, 0, 1, 1, 3, 0, 1, 1, 0, 1, 3]|[0, 0, 2, 1, 1, 1, 0, 0, 1, 1, 1, 1, 1, 2, 0, 1, 1, 0, 1, 0];[11, 19, 14, 2, 4, 16, 5, 3, 9, 10, 18, 7, 1, 15, 0, 12, 17, 6, 13, 8]|[0, 1, 0, 2, 1, 2, 2, 1, 1, 0, 0, 2, 0, 2, 0, 1, 1, 2, 1, 0]|[0, 0, 1, 1, 1, 0, 1, 0, 1, 3, 3, 0, 3, 0, 3, 1, 1, 0, 0, 3]|[2, 1, 1, 1, 0, 0, 1, 1, 1, 0, 0, 1, 0, 0, 2, 1, 1, 1, 1, 0];[1, 19, 10, 14, 15, 16, 17, 4, 6, 18, 2, 12, 13, 0, 7, 11, 9, 3, 5, 8]|[1, 2, 2, 2, 0, 1, 0, 1, 1, 2, 0, 0, 0, 0, 0, 0, 0, 0, 2, 1]|[1, 1, 0, 1, 3, 1, 3, 1, 1, 1, 3, 3, 3, 3, 3, 3, 3, 3, 1, 1]|[1, 1, 1, 0, 0, 1, 2, 0, 1, 1, 0, 0, 2, 0, 0, 2, 0, 0, 0, 1];[19, 14, 5, 4, 16, 2, 3, 9, 17, 6, 15, 11, 7, 8, 12, 10, 13, 18, 0, 1]|[1, 0, 2, 1, 2, 2, 1, 0, 0, 1, 1, 0, 0, 1, 2, 2, 2, 1, 0, 0]|[0, 0, 1, 1, 0, 1, 0, 3, 3, 0, 1, 0, 3, 1, 0, 0, 0, 1, 3, 3]|[1, 2, 1, 0, 0, 1, 1, 0, 0, 0, 1, 1, 0, 1, 1, 1, 0, 1, 2, 0];[10, 9, 14, 13, 3, 5, 1, 19, 15, 17, 11, 6, 7, 12, 18, 16, 0, 8, 4, 2]|[0, 0, 1, 0, 2, 1, 0, 0, 0, 0, 2, 1, 0, 2, 2, 2, 0, 0, 2, 1]|[3, 0, 1, 0, 1, 1, 3, 3, 3, 3, 1, 1, 3, 0, 1, 1, 2, 3, 1, 1]|[2, 1, 0, 0, 1, 0, 1, 2, 1, 2, 0, 0, 1, 1, 1, 1, 0, 0, 1, 1];[10, 9, 14, 13, 3, 5, 1, 19, 15, 17, 11, 6, 7, 12, 18, 16, 0, 8, 4, 2]|[0, 0, 1, 0, 2, 1, 0, 0, 0, 0, 2, 1, 0, 2, 2, 2, 0, 0, 2, 1]|[3, 0, 1, 0, 1, 1, 3, 3, 3, 3, 1, 1, 3, 0, 1, 1, 2, 3, 1, 1]|[2, 1, 0, 0, 1, 0, 1, 2, 1, 2, 0, 0, 1, 1, 1, 1, 0, 0, 1, 1];[13, 19, 9, 10, 8, 15, 1, 4, 17, 0, 3, 2, 5, 11, 14, 18, 12, 7, 6, 16]|[0, 2, 0, 1, 0, 0, 0, 2, 2, 0, 0, 0, 1, 2, 1, 0, 0, 0, 2, 1]|[3, 1, 3, 1, 3, 3, 3, 1, 0, 3, 3, 3, 1, 0, 1, 3, 3, 3, 1, 1]|[0, 1, 2, 1, 0, 0, 2, 1, 1, 0, 0, 2, 1, 1, 1, 0, 0, 0, 0, 1];[13, 19, 9, 10, 8, 15, 1, 4, 17, 0, 3, 2, 5, 11, 14, 18, 12, 7, 6, 16]|[0, 2, 0, 1, 0, 0, 0, 2, 2, 0, 0, 0, 1, 2, 1, 0, 0, 0, 2, 1]|[3, 1, 3, 1, 3, 3, 3, 1, 0, 3, 3, 3, 1, 0, 1, 3, 3, 3, 1, 1]|[0, 1, 2, 1, 0, 0, 2, 1, 1, 0, 0, 2, 1, 1, 1, 0, 0, 0, 0, 1];[13, 19, 9, 10, 8, 15, 1, 4, 17, 0, 3, 2, 5, 11, 14, 18, 12, 7, 6, 16]|[0, 2, 0, 1, 0, 0, 0, 2, 2, 0, 0, 0, 1, 2, 1, 0, 0, 0, 2, 1]|[3, 1, 3, 1, 3, 3, 3, 1, 0, 3, 3, 3, 1, 0, 1, 3, 3, 3, 1, 1]|[0, 1, 2, 1, 0, 0, 2, 1, 1, 0, 0, 2, 1, 1, 1, 0, 0, 0, 0, 1];[13, 19, 9, 10, 8, 15, 1, 4, 17, 0, 3, 2, 5, 11, 14, 18, 12, 7, 6, 16]|[0, 2, 0, 1, 0, 0, 0, 2, 2, 0, 0, 0, 1, 2, 1, 0, 0, 0, 2, 1]|[3, 1, 3, 1, 3, 3, 3, 1, 0, 3, 3, 3, 1, 0, 1, 3, 3, 3, 1, 1]|[0, 1, 2, 1, 0, 0, 2, 1, 1, 0, 0, 2, 1, 1, 1, 0, 0, 0, 0, 1];[13, 19, 9, 10, 8, 15, 1, 4, 17, 0, 3, 2, 5, 11, 14, 18, 12, 7, 6, 16]|[0, 2, 0, 1, 0, 0, 0, 2, 2, 0, 0, 0, 1, 2, 1, 0, 0, 0, 2, 1]|[3, 1, 3, 1, 3, 3, 3, 1, 0, 3, 3, 3, 1, 0, 1, 3, 3, 3, 1, 1]|[0, 1, 2, 1, 0, 0, 2, 1, 1, 0, 0, 2, 1, 1, 1, 0, 0, 0, 0, 1];[4, 11, 13, 16, 7, 0, 19, 10, 12, 5, 9, 15, 18, 8, 3, 1, 2, 6, 17, 14]|[0, 2, 2, 1, 0, 0, 0, 0, 1, 1, 0, 0, 0, 0, 0, 0, 2, 2, 2, 1]|[3, 1, 1, 0, 3, 3, 3, 3, 1, 1, 3, 3, 3, 3, 3, 3, 1, 1, 1, 1]|[0, 1, 0, 1, 0, 1, 0, 2, 1, 1, 0, 0, 0, 2, 0, 2, 1, 0, 0, 1];[2, 19, 8, 10, 9, 13, 6, 16, 3, 11, 18, 1, 7, 0, 17, 5, 12, 15, 14, 4]|[0, 1, 1, 0, 2, 1, 2, 2, 1, 0, 2, 0, 1, 0, 0, 2, 1, 1, 0, 0]|[3, 1, 1, 3, 1, 1, 0, 0, 1, 3, 0, 3, 1, 3, 3, 0, 1, 1, 3, 3]|[0, 1, 1, 2, 1, 0, 0, 1, 1, 0, 1, 2, 1, 0, 0, 1, 1, 1, 2, 0];[2, 19, 8, 10, 9, 13, 6, 16, 3, 11, 18, 1, 7, 0, 17, 5, 12, 15, 14, 4]|[0, 1, 1, 0, 2, 1, 2, 2, 1, 0, 2, 0, 1, 0, 0, 2, 1, 1, 0, 0]|[3, 1, 1, 3, 1, 1, 0, 0, 1, 3, 0, 3, 1, 3, 3, 0, 1, 1, 3, 3]|[0, 1, 1, 2, 1, 0, 0, 1, 1, 0, 1, 2, 1, 0, 0, 1, 1, 1, 2, 0];[5, 2, 14, 10, 4, 13, 16, 19, 17, 0, 11, 9, 12, 3, 18, 15, 6, 1, 7, 8]|[0, 1, 0, 2, 1, 1, 2, 2, 1, 0, 1, 2, 2, 0, 0, 2, 1, 2, 1, 0]|[0, 0, 3, 1, 1, 1, 0, 1, 0, 3, 0, 0, 1, 0, 3, 0, 1, 0, 1, 3]|[0, 0, 2, 1, 1, 1, 0, 1, 1, 2, 0, 0, 0, 1, 0, 1, 1, 1, 1, 0];[5, 2, 14, 10, 4, 13, 16, 19, 17, 0, 11, 9, 12, 3, 18, 15, 6, 1, 7, 8]|[0, 1, 0, 2, 1, 1, 2, 2, 1, 0, 1, 2, 2, 0, 0, 2, 1, 2, 1, 0]|[0, 0, 3, 1, 1, 1, 0, 1, 0, 3, 0, 0, 1, 0, 3, 0, 1, 0, 1, 3]|[0, 0, 2, 1, 1, 1, 0, 1, 1, 2, 0, 0, 0, 1, 0, 1, 1, 1, 1, 0];[5, 2, 14, 10, 4, 13, 16, 19, 17, 0, 11, 9, 12, 3, 18, 15, 6, 1, 7, 8]|[0, 1, 0, 2, 1, 1, 2, 2, 1, 0, 1, 2, 2, 0, 0, 2, 1, 2, 1, 0]|[0, 0, 3, 1, 1, 1, 0, 1, 0, 3, 0, 0, 1, 0, 3, 0, 1, 0, 1, 3]|[0, 0, 2, 1, 1, 1, 0, 1, 1, 2, 0, 0, 0, 1, 0, 1, 1, 1, 1, 0];[5, 2, 14, 10, 4, 13, 16, 19, 17, 0, 11, 9, 12, 3, 18, 15, 6, 1, 7, 8]|[0, 1, 0, 2, 1, 1, 2, 2, 1, 0, 1, 2, 2, 0, 0, 2, 1, 2, 1, 0]|[0, 0, 3, 1, 1, 1, 0, 1, 0, 3, 0, 0, 1, 0, 3, 0, 1, 0, 1, 3]|[0, 0, 2, 1, 1, 1, 0, 1, 1, 2, 0, 0, 0, 1, 0, 1, 1, 1, 1, 0];[15, 16, 13, 19, 3, 10, 0, 2, 8, 11, 4, 7, 5, 9, 18, 6, 14, 1, 17, 12]|[0, 1, 0, 0, 0, 0, 0, 2, 2, 2, 1, 2, 1, 2, 0, 0, 0, 0, 2, 1]|[3, 1, 3, 3, 3, 3, 3, 0, 1, 0, 1, 0, 1, 1, 3, 3, 3, 3, 1, 1]|[0, 0, 2, 0, 0, 2, 0, 1, 0, 1, 0, 0, 1, 1, 0, 2, 0, 0, 1, 0];[19, 15, 12, 18, 5, 17, 6, 8, 2, 9, 3, 13, 7, 14, 0, 11, 16, 1, 10, 4]|[0, 1, 2, 1, 1, 2, 1, 0, 0, 0, 0, 0, 0, 0, 0, 2, 2, 0, 2, 1]|[3, 0, 0, 1, 1, 0, 1, 3, 3, 3, 3, 3, 3, 3, 3, 0, 1, 3, 1, 1]|[0, 1, 1, 0, 1, 1, 1, 2, 0, 0, 2, 0, 0, 2, 0, 1, 1, 0, 0, 1];[19, 15, 12, 18, 5, 17, 6, 8, 2, 9, 3, 13, 7, 14, 0, 11, 16, 1, 10, 4]|[0, 1, 2, 1, 1, 2, 1, 0, 0, 0, 0, 0, 0, 0, 0, 2, 2, 0, 2, 1]|[3, 0, 0, 1, 1, 0, 1, 3, 3, 3, 3, 3, 3, 3, 3, 0, 1, 3, 1, 1]|[0, 1, 1, 0, 1, 1, 1, 2, 0, 0, 2, 0, 0, 2, 0, 1, 1, 0, 0, 1];[19, 15, 12, 18, 5, 17, 6, 8, 2, 9, 3, 13, 7, 14, 0, 11, 16, 1, 10, 4]|[0, 1, 2, 1, 1, 2, 1, 0, 0, 0, 0, 0, 0, 0, 0, 2, 2, 0, 2, 1]|[3, 0, 0, 1, 1, 0, 1, 3, 3, 3, 3, 3, 3, 3, 3, 0, 1, 3, 1, 1]|[0, 1, 1, 0, 1, 1, 1, 2, 0, 0, 2, 0, 0, 2, 0, 1, 1, 0, 0, 1];[12, 2, 10, 8, 3, 4, 7, 18, 19, 9, 13, 1, 17, 6, 11, 15, 0, 14, 5, 16]|[0, 0, 0, 0, 2, 1, 0, 1, 2, 0, 0, 1, 0, 1, 2, 2, 0, 0, 2, 1]|[2, 3, 3, 3, 1, 1, 3, 1, 1, 3, 3, 1, 1, 0, 0, 0, 0, 3, 0, 1]|[0, 2, 0, 2, 1, 0, 0, 0, 0, 2, 0, 0, 1, 0, 1, 1, 1, 2, 0, 1];[12, 2, 10, 8, 3, 4, 7, 18, 19, 9, 13, 1, 17, 6, 11, 15, 0, 14, 5, 16]|[0, 0, 0, 0, 2, 1, 0, 1, 2, 0, 0, 1, 0, 1, 2, 2, 0, 0, 2, 1]|[2, 3, 3, 3, 1, 1, 3, 1, 1, 3, 3, 1, 1, 0, 0, 0, 0, 3, 0, 1]|[0, 2, 0, 2, 1, 0, 0, 0, 0, 2, 0, 0, 1, 0, 1, 1, 1, 2, 0, 1];[2, 12, 13, 9, 3, 4, 7, 6, 11, 8, 17, 5, 15, 0, 19, 16, 1, 14, 18, 10]|[0, 0, 0, 0, 2, 1, 0, 1, 2, 0, 0, 1, 0, 0, 2, 2, 0, 0, 2, 1]|[2, 3, 3, 3, 1, 1, 1, 1, 1, 3, 3, 1, 1, 2, 1, 1, 3, 1, 1, 1]|[2, 0, 1, 2, 1, 0, 1, 0, 1, 0, 2, 1, 1, 0, 0, 1, 1, 2, 0, 0];[2, 12, 13, 9, 3, 4, 7, 6, 11, 8, 17, 5, 15, 0, 19, 16, 1, 14, 18, 10]|[0, 0, 0, 0, 2, 1, 0, 1, 2, 0, 0, 1, 0, 0, 2, 2, 0, 0, 2, 1]|[2, 3, 3, 3, 1, 1, 1, 1, 1, 3, 3, 1, 1, 2, 1, 1, 3, 1, 1, 1]|[2, 0, 1, 2, 1, 0, 1, 0, 1, 0, 2, 1, 1, 0, 0, 1, 1, 2, 0, 0];[1, 19, 13, 14, 2, 4, 16, 5, 3, 7, 17, 6, 0, 15, 11, 8, 12, 10, 18, 9]|[0, 1, 1, 0, 2, 1, 2, 2, 1, 0, 0, 2, 0, 1, 0, 1, 1, 2, 1, 0]|[3, 1, 0, 3, 1, 1, 0, 0, 0, 0, 3, 0, 3, 1, 0, 1, 1, 0, 1, 3]|[0, 1, 1, 2, 1, 0, 0, 1, 1, 0, 0, 1, 2, 1, 1, 1, 1, 1, 1, 0];[1, 19, 13, 14, 2, 4, 16, 5, 3, 7, 17, 6, 11, 18, 0, 9, 15, 10, 12, 8]|[0, 1, 1, 0, 2, 1, 2, 2, 1, 0, 0, 2, 0, 1, 0, 1, 1, 2, 1, 0]|[3, 1, 1, 3, 1, 1, 0, 0, 0, 0, 3, 0, 3, 0, 3, 1, 1, 0, 1, 3]|[0, 1, 1, 2, 1, 0, 0, 1, 1, 0, 0, 1, 2, 1, 1, 0, 1, 0, 1, 0]	sBp=[5, 2, 14, 10, 4, 13, 16, 19, 17, 0, 11, 9, 12, 3, 18, 15, 6, 1, 7, 8]|[0, 1, 0, 2, 1, 1, 2, 2, 1, 0, 1, 2, 2, 0, 0, 2, 1, 2, 1, 0]|[0, 0, 3, 1, 1, 1, 0, 1, 0, 3, 0, 0, 1, 0, 3, 0, 1, 0, 1, 3]|[0, 0, 2, 1, 1, 1, 0, 1, 1, 2, 0, 0, 0, 1, 0, 1, 1, 1, 1, 0];[2, 19, 8, 14, 9, 6, 18, 12, 13, 1, 7, 0, 4, 10, 11, 16, 3, 15, 5, 17]|[0, 1, 1, 0, 2, 1, 0, 1, 2, 1, 0, 2, 0, 0, 2, 2, 1, 1, 1, 0]|[3, 1, 1, 3, 0, 1, 3, 1, 0, 1, 3, 0, 3, 3, 0, 0, 1, 1, 1, 3]|[0, 1, 1, 2, 1, 1, 0, 1, 0, 1, 2, 1, 0, 2, 0, 1, 1, 1, 1, 0];[2, 19, 15, 12, 10, 14, 9, 18, 16, 13, 3, 4, 8, 6, 1, 11, 0, 7, 5, 17]|[0, 0, 0, 0, 2, 2, 2, 0, 1, 0, 2, 1, 0, 1, 0, 0, 0, 0, 2, 1]|[0, 3, 3, 3, 1, 1, 1, 3, 1, 3, 1, 1, 2, 1, 3, 3, 3, 3, 1, 1]|[1, 0, 2, 0, 1, 0, 0, 1, 1, 2, 1, 0, 0, 1, 1, 0, 2, 1, 0, 0];[1, 19, 8, 14, 5, 13, 6, 16, 3, 0, 12, 4, 2, 15, 17, 10, 9, 11, 7, 18]|[0, 1, 1, 0, 2, 1, 2, 2, 1, 0, 0, 2, 0, 1, 0, 1, 1, 2, 1, 0]|[3, 1, 1, 3, 0, 1, 0, 0, 0, 0, 3, 0, 3, 0, 3, 1, 1, 0, 1, 3]|[0, 1, 1, 2, 1, 0, 0, 1, 1, 1, 0, 1, 2, 1, 1, 1, 1, 1, 1, 0];[1, 19, 14, 2, 17, 18, 5, 15, 12, 6, 16, 10, 11, 4, 0, 7, 13, 8, 3, 9]|[0, 1, 0, 2, 2, 1, 0, 1, 1, 2, 2, 0, 0, 2, 0, 1, 1, 1, 1, 0]|[3, 1, 3, 0, 0, 1, 3, 1, 1, 0, 0, 0, 3, 0, 3, 1, 1, 1, 1, 3]|[0, 1, 2, 1, 0, 1, 0, 1, 1, 0, 1, 1, 0, 1, 2, 1, 1, 1, 1, 0];[1, 19, 13, 14, 2, 4, 16, 5, 3, 10, 12, 6, 11, 18, 7, 9, 15, 0, 17, 8]|[0, 1, 1, 0, 2, 1, 2, 2, 1, 0, 0, 2, 0, 1, 0, 1, 1, 2, 1, 0]|[3, 1, 1, 3, 0, 1, 0, 0, 0, 0, 3, 0, 3, 0, 3, 1, 1, 0, 1, 3]|[0, 1, 1, 2, 1, 0, 0, 1, 1, 0, 0, 1, 2, 1, 1, 1, 1, 1, 1, 0];[2, 19, 6, 15, 3, 4, 16, 5, 1, 11, 10, 0, 18, 12, 7, 13, 17, 8, 9, 14]|[0, 1, 1, 0, 2, 1, 2, 2, 1, 0, 0, 2, 0, 1, 0, 1, 1, 2, 1, 0]|[3, 1, 0, 3, 0, 1, 0, 0, 0, 0, 3, 0, 3, 1, 3, 1, 1, 0, 1, 3]|[0, 1, 1, 2, 1, 0, 0, 1, 1, 1, 0, 1, 2, 1, 1, 1, 1, 1, 1, 0];[1, 2, 13, 14, 19, 4, 16, 5, 3, 10, 11, 17, 8, 15, 9, 0, 6, 12, 7, 18]|[0, 1, 1, 0, 2, 1, 2, 2, 1, 0, 0, 2, 0, 1, 0, 1, 1, 2, 1, 0]|[3, 1, 0, 3, 1, 1, 0, 0, 0, 0, 3, 0, 3, 1, 0, 1, 1, 0, 1, 3]|[0, 1, 1, 2, 1, 0, 0, 1, 1, 1, 0, 1, 2, 1, 1, 1, 1, 1, 1, 0];[1, 19, 13, 14, 2, 8, 6, 16, 3, 10, 11, 4, 0, 7, 5, 15, 12, 17, 18, 9]|[0, 1, 1, 0, 2, 1, 2, 2, 1, 0, 0, 2, 0, 1, 0, 1, 1, 2, 1, 0]|[3, 1, 1, 3, 0, 1, 0, 0, 0, 0, 3, 0, 3, 0, 3, 1, 1, 0, 1, 3]|[0, 1, 1, 2, 1, 0, 0, 1, 1, 1, 0, 1, 2, 1, 0, 1, 1, 0, 1, 0];[1, 2, 13, 14, 19, 4, 16, 5, 3, 10, 11, 17, 8, 12, 7, 6, 15, 0, 9, 18]|[0, 1, 1, 0, 2, 1, 2, 2, 1, 0, 0, 2, 0, 1, 0, 1, 1, 2, 1, 0]|[3, 1, 0, 3, 1, 1, 0, 0, 0, 0, 3, 0, 3, 1, 0, 1, 1, 0, 1, 3]|[0, 1, 1, 2, 1, 0, 1, 1, 1, 1, 0, 1, 2, 1, 1, 1, 1, 1, 1, 0];[2, 19, 14, 9, 8, 6, 5, 1, 4, 16, 0, 10, 15, 17, 7, 3, 13, 12, 11, 18]|[0, 1, 0, 2, 1, 2, 2, 0, 0, 2, 0, 1, 0, 1, 1, 1, 1, 2, 1, 0]|[3, 1, 3, 1, 1, 0, 0, 0, 3, 0, 3, 1, 3, 1, 1, 1, 1, 0, 1, 3]|[0, 1, 2, 1, 1, 0, 1, 0, 0, 1, 2, 1, 0, 1, 1, 1, 1, 1, 1, 0];[2, 19, 14, 9, 8, 6, 5, 1, 4, 16, 0, 10, 15, 17, 7, 3, 13, 12, 11, 18]|[0, 1, 0, 2, 1, 2, 2, 0, 0, 2, 0, 1, 0, 1, 1, 1, 1, 2, 1, 0]|[3, 1, 3, 1, 1, 0, 0, 0, 3, 0, 3, 1, 3, 1, 1, 1, 1, 0, 1, 3]|[0, 1, 2, 1, 1, 0, 1, 0, 0, 1, 2, 1, 0, 1, 1, 1, 1, 1, 1, 0];[2, 19, 14, 9, 8, 6, 5, 1, 4, 16, 0, 10, 15, 17, 7, 3, 13, 12, 11, 18]|[0, 1, 0, 2, 1, 2, 2, 0, 0, 2, 0, 1, 0, 1, 1, 1, 1, 2, 1, 0]|[3, 1, 3, 1, 1, 0, 0, 0, 3, 0, 3, 1, 3, 1, 1, 1, 1, 0, 1, 3]|[0, 1, 2, 1, 1, 0, 1, 0, 0, 1, 2, 1, 0, 1, 1, 1, 1, 1, 1, 0];[2, 19, 14, 9, 8, 6, 5, 1, 4, 16, 0, 10, 15, 17, 7, 3, 13, 12, 11, 18]|[0, 1, 0, 2, 1, 2, 2, 0, 0, 2, 0, 1, 0, 1, 1, 1, 1, 2, 1, 0]|[3, 1, 3, 1, 1, 0, 0, 0, 3, 0, 3, 1, 3, 1, 1, 1, 1, 0, 1, 3]|[0, 1, 2, 1, 1, 0, 1, 0, 0, 1, 2, 1, 0, 1, 1, 1, 1, 1, 1, 0];[2, 12, 15, 19, 10, 14, 16, 13, 0, 3, 4, 7, 9, 6, 5, 1, 11, 18, 17, 8]|[0, 0, 0, 0, 2, 2, 1, 0, 0, 2, 1, 0, 0, 1, 2, 0, 0, 0, 2, 1]|[0, 3, 3, 3, 1, 1, 1, 3, 3, 1, 1, 3, 3, 1, 1, 3, 2, 3, 1, 1]|[1, 0, 2, 0, 1, 0, 1, 2, 1, 1, 0, 0, 2, 1, 1, 1, 0, 2, 0, 1];[2, 19, 13, 15, 6, 3, 16, 5, 10, 0, 11, 14, 8, 17, 7, 12, 4, 9, 18, 1]|[0, 1, 1, 0, 2, 1, 2, 2, 1, 0, 0, 2, 0, 1, 0, 1, 1, 2, 1, 0]|[3, 1, 1, 3, 1, 1, 0, 1, 0, 0, 3, 0, 3, 0, 0, 1, 1, 0, 1, 3]|[2, 1, 1, 2, 1, 0, 0, 1, 1, 0, 0, 1, 2, 1, 1, 1, 1, 0, 1, 0];[19, 12, 7, 8, 0, 17, 16, 6, 13, 14, 10, 1, 18, 11, 15, 2, 5, 9, 3, 4]|[1, 0, 0, 0, 1, 0, 2, 1, 0, 0, 0, 0, 0, 2, 0, 2, 2, 0, 2, 1]|[1, 3, 3, 3, 1, 0, 1, 1, 3, 3, 3, 3, 2, 1, 3, 0, 0, 0, 1, 1]|[1, 0, 2, 0, 0, 1, 0, 0, 2, 0, 2, 0, 0, 1, 2, 1, 1, 1, 0, 1];[19, 12, 7, 8, 0, 17, 16, 6, 13, 14, 10, 1, 18, 11, 15, 2, 5, 9, 3, 4]|[1, 0, 0, 0, 1, 0, 2, 1, 0, 0, 0, 0, 0, 2, 0, 2, 2, 0, 2, 1]|[1, 3, 3, 3, 1, 0, 1, 1, 3, 3, 3, 3, 2, 1, 3, 0, 0, 0, 1, 1]|[1, 0, 2, 0, 0, 1, 0, 0, 2, 0, 2, 0, 0, 1, 2, 1, 1, 1, 0, 1];[19, 12, 7, 8, 0, 17, 16, 6, 13, 14, 10, 1, 18, 11, 15, 2, 5, 9, 3, 4]|[1, 0, 0, 0, 1, 0, 2, 1, 0, 0, 0, 0, 0, 2, 0, 2, 2, 0, 2, 1]|[1, 3, 3, 3, 1, 0, 1, 1, 3, 3, 3, 3, 2, 1, 3, 0, 0, 0, 1, 1]|[1, 0, 2, 0, 0, 1, 0, 0, 2, 0, 2, 0, 0, 1, 2, 1, 1, 1, 0, 1];[19, 12, 7, 8, 0, 17, 16, 6, 13, 14, 10, 1, 18, 11, 15, 2, 5, 9, 3, 4]|[1, 0, 0, 0, 1, 0, 2, 1, 0, 0, 0, 0, 0, 2, 0, 2, 2, 0, 2, 1]|[1, 3, 3, 3, 1, 0, 1, 1, 3, 3, 3, 3, 2, 1, 3, 0, 0, 0, 1, 1]|[1, 0, 2, 0, 0, 1, 0, 0, 2, 0, 2, 0, 0, 1, 2, 1, 1, 1, 0, 1];[2, 19, 8, 12, 10, 14, 1, 16, 15, 3, 4, 7, 6, 11, 0, 13, 18, 9, 17, 5]|[0, 0, 0, 0, 2, 2, 0, 1, 0, 2, 1, 0, 1, 2, 0, 0, 0, 0, 2, 1]|[0, 3, 3, 3, 1, 1, 3, 1, 3, 1, 1, 3, 1, 1, 3, 2, 3, 3, 0, 1]|[1, 0, 2, 0, 1, 0, 1, 1, 2, 1, 0, 0, 1, 1, 1, 0, 2, 0, 0, 0];[2, 12, 15, 19, 10, 14, 9, 1, 16, 13, 3, 4, 7, 6, 11, 0, 17, 8, 5, 18]|[0, 0, 0, 0, 2, 2, 0, 0, 1, 0, 2, 1, 0, 1, 2, 0, 0, 0, 2, 1]|[0, 3, 3, 3, 1, 1, 3, 3, 1, 3, 1, 1, 3, 1, 1, 3, 2, 3, 1, 1]|[1, 0, 2, 0, 1, 0, 2, 1, 1, 2, 1, 0, 0, 1, 1, 1, 0, 2, 0, 0];[2, 12, 15, 19, 10, 14, 9, 1, 16, 13, 3, 4, 7, 6, 11, 0, 17, 8, 5, 18]|[0, 0, 0, 0, 2, 2, 0, 0, 1, 0, 2, 1, 0, 1, 2, 0, 0, 0, 2, 1]|[0, 3, 3, 3, 1, 1, 3, 3, 1, 3, 1, 1, 3, 1, 1, 3, 2, 3, 1, 1]|[1, 0, 2, 0, 1, 0, 2, 1, 1, 2, 1, 0, 0, 1, 1, 1, 0, 2, 0, 0];[1, 19, 13, 14, 2, 4, 16, 5, 3, 12, 10, 6, 11, 18, 7, 9, 15, 0, 17, 8]|[0, 1, 1, 0, 2, 2, 2, 2, 1, 0, 0, 1, 0, 1, 0, 2, 1, 2, 1, 0]|[1, 1, 1, 3, 0, 0, 0, 0, 0, 3, 0, 1, 3, 0, 3, 1, 1, 0, 1, 3]|[0, 1, 1, 2, 1, 1, 0, 1, 1, 0, 0, 0, 2, 1, 1, 0, 1, 1, 1, 0];[9, 0, 19, 7, 11, 16, 5, 3, 2, 14, 1, 12, 15, 6, 17, 13, 18, 4, 10, 8]|[0, 0, 1, 0, 1, 2, 2, 1, 0, 2, 0, 1, 0, 0, 1, 1, 1, 2, 1, 0]|[3, 0, 1, 0, 1, 0, 0, 1, 3, 0, 3, 1, 3, 2, 1, 1, 1, 0, 0, 3]|[2, 0, 1, 1, 1, 1, 0, 1, 2, 1, 1, 1, 2, 0, 1, 1, 1, 1, 0, 0];[9, 0, 19, 7, 11, 16, 5, 3, 2, 14, 1, 12, 15, 6, 17, 13, 18, 4, 10, 8]|[0, 0, 1, 0, 1, 2, 2, 1, 0, 2, 0, 1, 0, 0, 1, 1, 1, 2, 1, 0]|[3, 0, 1, 0, 1, 0, 0, 1, 3, 0, 3, 1, 3, 2, 1, 1, 1, 0, 0, 3]|[2, 0, 1, 1, 1, 1, 0, 1, 2, 1, 1, 1, 2, 0, 1, 1, 1, 1, 0, 0];[9, 0, 19, 7, 11, 16, 5, 3, 2, 14, 1, 12, 15, 6, 17, 13, 18, 4, 10, 8]|[0, 0, 1, 0, 1, 2, 2, 1, 0, 2, 0, 1, 0, 0, 1, 1, 1, 2, 1, 0]|[3, 0, 1, 0, 1, 0, 0, 1, 3, 0, 3, 1, 3, 2, 1, 1, 1, 0, 0, 3]|[2, 0, 1, 1, 1, 1, 0, 1, 2, 1, 1, 1, 2, 0, 1, 1, 1, 1, 0, 0];[9, 0, 19, 7, 11, 16, 5, 3, 2, 14, 1, 12, 15, 6, 17, 13, 18, 4, 10, 8]|[0, 0, 1, 0, 1, 2, 2, 1, 0, 2, 0, 1, 0, 0, 1, 1, 1, 2, 1, 0]|[3, 0, 1, 0, 1, 0, 0, 1, 3, 0, 3, 1, 3, 2, 1, 1, 1, 0, 0, 3]|[2, 0, 1, 1, 1, 1, 0, 1, 2, 1, 1, 1, 2, 0, 1, 1, 1, 1, 0, 0];[2, 1, 13, 14, 19, 4, 16, 5, 3, 10, 11, 17, 6, 7, 18, 9, 15, 0, 12, 8]|[0, 1, 1, 0, 2, 1, 2, 2, 1, 0, 0, 2, 0, 1, 0, 1, 1, 2, 1, 0]|[3, 1, 1, 3, 0, 1, 0, 0, 0, 0, 3, 0, 3, 0, 3, 1, 1, 0, 1, 3]|[0, 1, 1, 2, 1, 0, 0, 1, 1, 0, 0, 1, 2, 1, 0, 1, 1, 1, 1, 0];[5, 2, 19, 14, 16, 6, 13, 4, 11, 8, 17, 15, 1, 10, 0, 7, 9, 18, 12, 3]|[0, 1, 1, 0, 2, 2, 1, 2, 1, 2, 0, 1, 0, 2, 0, 0, 1, 2, 1, 0]|[3, 1, 1, 3, 0, 0, 1, 0, 1, 0, 0, 1, 3, 0, 3, 3, 0, 0, 1, 3]|[2, 1, 1, 0, 1, 0, 1, 1, 1, 0, 0, 1, 2, 1, 2, 0, 1, 1, 1, 0];[5, 2, 19, 14, 16, 6, 13, 4, 11, 8, 17, 15, 1, 10, 0, 7, 9, 18, 12, 3]|[0, 1, 1, 0, 2, 2, 1, 2, 1, 2, 0, 1, 0, 2, 0, 0, 1, 2, 1, 0]|[3, 1, 1, 3, 0, 0, 1, 0, 1, 0, 0, 1, 3, 0, 3, 3, 0, 0, 1, 3]|[2, 1, 1, 0, 1, 0, 1, 1, 1, 0, 0, 1, 2, 1, 2, 0, 1, 1, 1, 0];[9, 12, 19, 10, 13, 14, 8, 15, 11, 6, 0, 4, 3, 7, 16, 1, 2, 18, 17, 5]|[0, 0, 0, 0, 0, 2, 0, 0, 2, 1, 0, 1, 2, 0, 1, 2, 0, 0, 2, 1]|[3, 0, 3, 2, 3, 1, 2, 3, 0, 1, 3, 1, 1, 3, 1, 1, 3, 3, 1, 1]|[2, 1, 0, 0, 2, 0, 1, 2, 1, 1, 0, 0, 1, 0, 1, 1, 2, 0, 0, 1];[1, 6, 14, 2, 4, 16, 5, 13, 9, 17, 11, 10, 7, 15, 0, 3, 19, 12, 8, 18]|[0, 1, 0, 2, 1, 2, 2, 1, 0, 1, 0, 0, 1, 1, 0, 1, 2, 2, 1, 0]|[3, 0, 3, 1, 1, 0, 0, 0, 3, 1, 3, 0, 1, 1, 0, 0, 0, 0, 1, 3]|[0, 1, 2, 0, 0, 1, 1, 1, 2, 1, 0, 1, 1, 0, 1, 1, 0, 1, 1, 0];[2, 19, 13, 15, 6, 3, 16, 10, 0, 11, 14, 8, 17, 7, 12, 4, 9, 5, 18, 1]|[0, 2, 1, 0, 2, 1, 2, 1, 0, 0, 2, 0, 1, 0, 1, 1, 2, 2, 1, 0]|[3, 1, 1, 3, 1, 1, 0, 0, 0, 3, 0, 3, 0, 0, 1, 1, 0, 1, 1, 3]|[2, 1, 1, 2, 1, 0, 0, 1, 0, 0, 1, 2, 1, 1, 1, 1, 0, 1, 1, 0];[2, 19, 13, 15, 6, 3, 16, 10, 0, 11, 14, 8, 17, 7, 12, 4, 9, 5, 18, 1]|[0, 2, 1, 0, 2, 1, 2, 1, 0, 0, 2, 0, 1, 0, 1, 1, 2, 2, 1, 0]|[3, 1, 1, 3, 1, 1, 0, 0, 0, 3, 0, 3, 0, 0, 1, 1, 0, 1, 1, 3]|[2, 1, 1, 2, 1, 0, 0, 1, 0, 0, 1, 2, 1, 1, 1, 1, 0, 1, 1, 0];[2, 19, 13, 15, 6, 3, 16, 10, 0, 11, 14, 8, 17, 7, 12, 4, 9, 5, 18, 1]|[0, 2, 1, 0, 2, 1, 2, 1, 0, 0, 2, 0, 1, 0, 1, 1, 2, 2, 1, 0]|[3, 1, 1, 3, 1, 1, 0, 0, 0, 3, 0, 3, 0, 0, 1, 1, 0, 1, 1, 3]|[2, 1, 1, 2, 1, 0, 0, 1, 0, 0, 1, 2, 1, 1, 1, 1, 0, 1, 1, 0];[2, 19, 13, 15, 6, 3, 16, 10, 0, 11, 14, 8, 17, 7, 12, 4, 9, 5, 18, 1]|[0, 2, 1, 0, 2, 1, 2, 1, 0, 0, 2, 0, 1, 0, 1, 1, 2, 2, 1, 0]|[3, 1, 1, 3, 1, 1, 0, 0, 0, 3, 0, 3, 0, 0, 1, 1, 0, 1, 1, 3]|[2, 1, 1, 2, 1, 0, 0, 1, 0, 0, 1, 2, 1, 1, 1, 1, 0, 1, 1, 0];[2, 19, 13, 9, 14, 8, 6, 16, 7, 11, 10, 1, 12, 15, 17, 5, 18, 3, 4, 0]|[0, 1, 1, 2, 0, 1, 2, 2, 0, 0, 2, 0, 1, 0, 1, 2, 1, 1, 1, 0]|[3, 1, 1, 1, 3, 1, 0, 0, 0, 3, 0, 3, 1, 3, 1, 0, 1, 1, 1, 3]|[0, 1, 1, 1, 2, 1, 0, 1, 0, 0, 1, 2, 1, 1, 1, 1, 1, 1, 1, 0];[2, 19, 13, 9, 14, 8, 6, 16, 7, 11, 10, 1, 12, 15, 17, 5, 18, 3, 4, 0]|[0, 1, 1, 2, 0, 1, 2, 2, 0, 0, 2, 0, 1, 0, 1, 2, 1, 1, 1, 0]|[3, 1, 1, 1, 3, 1, 0, 0, 0, 3, 0, 3, 1, 3, 1, 0, 1, 1, 1, 3]|[0, 1, 1, 1, 2, 1, 0, 1, 0, 0, 1, 2, 1, 1, 1, 1, 1, 1, 1, 0];[2, 19, 13, 9, 14, 8, 6, 16, 7, 11, 10, 1, 12, 15, 17, 5, 18, 3, 4, 0]|[0, 1, 1, 2, 0, 1, 2, 2, 0, 0, 2, 0, 1, 0, 1, 2, 1, 1, 1, 0]|[3, 1, 1, 1, 3, 1, 0, 0, 0, 3, 0, 3, 1, 3, 1, 0, 1, 1, 1, 3]|[0, 1, 1, 1, 2, 1, 0, 1, 0, 0, 1, 2, 1, 1, 1, 1, 1, 1, 1, 0];[2, 19, 13, 9, 14, 8, 6, 16, 7, 11, 10, 1, 12, 15, 17, 5, 18, 3, 4, 0]|[0, 1, 1, 2, 0, 1, 2, 2, 0, 0, 2, 0, 1, 0, 1, 2, 1, 1, 1, 0]|[3, 1, 1, 1, 3, 1, 0, 0, 0, 3, 0, 3, 1, 3, 1, 0, 1, 1, 1, 3]|[0, 1, 1, 1, 2, 1, 0, 1, 0, 0, 1, 2, 1, 1, 1, 1, 1, 1, 1, 0];[12, 13, 7, 2, 3, 4, 9, 6, 11, 5, 17, 15, 1, 14, 19, 18, 10, 0, 8, 16]|[0, 0, 0, 0, 2, 1, 2, 1, 2, 1, 0, 0, 2, 2, 0, 0, 0, 0, 0, 1]|[3, 2, 3, 3, 1, 1, 0, 1, 1, 1, 3, 3, 0, 0, 3, 3, 0, 3, 3, 1]|[0, 1, 2, 0, 1, 0, 1, 1, 0, 1, 2, 1, 1, 0, 0, 1, 2, 2, 0, 1];[12, 13, 7, 2, 3, 4, 9, 6, 11, 5, 17, 15, 1, 14, 19, 18, 10, 0, 8, 16]|[0, 0, 0, 0, 2, 1, 2, 1, 2, 1, 0, 0, 2, 2, 0, 0, 0, 0, 0, 1]|[3, 2, 3, 3, 1, 1, 0, 1, 1, 1, 3, 3, 0, 0, 3, 3, 0, 3, 3, 1]|[0, 1, 2, 0, 1, 0, 1, 1, 0, 1, 2, 1, 1, 0, 0, 1, 2, 2, 0, 1];[12, 13, 7, 2, 3, 4, 9, 6, 11, 5, 17, 15, 1, 14, 19, 18, 10, 0, 8, 16]|[0, 0, 0, 0, 2, 1, 2, 1, 2, 1, 0, 0, 2, 2, 0, 0, 0, 0, 0, 1]|[3, 2, 3, 3, 1, 1, 0, 1, 1, 1, 3, 3, 0, 0, 3, 3, 0, 3, 3, 1]|[0, 1, 2, 0, 1, 0, 1, 1, 0, 1, 2, 1, 1, 0, 0, 1, 2, 2, 0, 1];[12, 13, 7, 2, 3, 4, 9, 6, 11, 5, 17, 15, 1, 14, 19, 18, 10, 0, 8, 16]|[0, 0, 0, 0, 2, 1, 2, 1, 2, 1, 0, 0, 2, 2, 0, 0, 0, 0, 0, 1]|[3, 2, 3, 3, 1, 1, 0, 1, 1, 1, 3, 3, 0, 0, 3, 3, 0, 3, 3, 1]|[0, 1, 2, 0, 1, 0, 1, 1, 0, 1, 2, 1, 1, 0, 0, 1, 2, 2, 0, 1];[19, 6, 0, 2, 10, 14, 9, 1, 4, 3, 13, 7, 15, 16, 18, 12, 11, 8, 17, 5]|[0, 0, 0, 0, 2, 2, 0, 0, 1, 2, 1, 0, 0, 1, 2, 0, 0, 0, 2, 1]|[3, 3, 0, 3, 1, 1, 3, 3, 1, 1, 1, 3, 3, 1, 1, 3, 2, 3, 1, 1]|[0, 2, 1, 0, 1, 0, 2, 1, 1, 1, 0, 0, 2, 1, 1, 0, 0, 2, 0, 0];[19, 14, 2, 4, 16, 5, 3, 12, 10, 6, 0, 18, 9, 8, 15, 11, 7, 17, 13, 1]|[1, 0, 2, 1, 2, 2, 1, 1, 1, 0, 0, 0, 1, 1, 2, 2, 0, 0, 0, 0]|[0, 3, 0, 1, 0, 0, 1, 1, 1, 3, 3, 3, 1, 1, 1, 1, 3, 3, 3, 3]|[1, 0, 1, 0, 0, 1, 1, 1, 1, 0, 2, 0, 1, 1, 1, 0, 0, 0, 2, 0];[4, 19, 6, 12, 8, 3, 2, 7, 13, 5, 17, 16, 1, 0, 18, 15, 11, 9, 10, 14]|[0, 2, 1, 0, 1, 2, 0, 0, 0, 0, 0, 1, 0, 0, 0, 2, 2, 0, 2, 1]|[3, 1, 1, 0, 1, 1, 3, 3, 3, 3, 3, 1, 3, 2, 3, 1, 0, 3, 1, 1]|[0, 1, 1, 0, 0, 1, 2, 1, 0, 2, 0, 1, 2, 0, 1, 0, 1, 2, 0, 1];[4, 19, 6, 12, 8, 3, 2, 7, 13, 5, 17, 16, 1, 0, 18, 15, 11, 9, 10, 14]|[0, 2, 1, 0, 1, 2, 0, 0, 0, 0, 0, 1, 0, 0, 0, 2, 2, 0, 2, 1]|[3, 1, 1, 0, 1, 1, 3, 3, 3, 3, 3, 1, 3, 2, 3, 1, 0, 3, 1, 1]|[0, 1, 1, 0, 0, 1, 2, 1, 0, 2, 0, 1, 2, 0, 1, 0, 1, 2, 0, 1];[4, 19, 6, 12, 8, 3, 2, 7, 13, 5, 17, 16, 1, 0, 18, 15, 11, 9, 10, 14]|[0, 2, 1, 0, 1, 2, 0, 0, 0, 0, 0, 1, 0, 0, 0, 2, 2, 0, 2, 1]|[3, 1, 1, 0, 1, 1, 3, 3, 3, 3, 3, 1, 3, 2, 3, 1, 0, 3, 1, 1]|[0, 1, 1, 0, 0, 1, 2, 1, 0, 2, 0, 1, 2, 0, 1, 0, 1, 2, 0, 1];[4, 19, 6, 12, 8, 3, 2, 7, 13, 5, 17, 16, 1, 0, 18, 15, 11, 9, 10, 14]|[0, 2, 1, 0, 1, 2, 0, 0, 0, 0, 0, 1, 0, 0, 0, 2, 2, 0, 2, 1]|[3, 1, 1, 0, 1, 1, 3, 3, 3, 3, 3, 1, 3, 2, 3, 1, 0, 3, 1, 1]|[0, 1, 1, 0, 0, 1, 2, 1, 0, 2, 0, 1, 2, 0, 1, 0, 1, 2, 0, 1];[1, 19, 13, 14, 2, 4, 16, 5, 3, 10, 12, 9, 6, 17, 8, 15, 18, 11, 7, 0]|[0, 1, 1, 0, 2, 1, 2, 2, 1, 0, 0, 2, 0, 1, 0, 1, 1, 2, 1, 0]|[3, 1, 0, 3, 0, 1, 1, 0, 0, 0, 3, 0, 2, 0, 3, 1, 1, 0, 1, 3]|[0, 1, 1, 2, 1, 0, 0, 1, 1, 0, 0, 0, 2, 1, 1, 0, 1, 1, 1, 0];[2, 1, 12, 8, 10, 3, 5, 6, 13, 7, 0, 18, 15, 9, 14, 16, 4, 17, 19, 11]|[2, 1, 1, 0, 0, 1, 2, 0, 1, 1, 0, 0, 1, 1, 0, 2, 1, 2, 2, 0]|[1, 1, 1, 3, 3, 1, 0, 3, 1, 1, 3, 3, 1, 1, 3, 0, 1, 0, 0, 3]|[1, 1, 1, 0, 0, 1, 1, 2, 1, 1, 0, 0, 1, 1, 2, 0, 1, 1, 1, 0];[2, 1, 12, 8, 10, 3, 5, 6, 13, 7, 0, 18, 15, 9, 14, 16, 4, 17, 19, 11]|[2, 1, 1, 0, 0, 1, 2, 0, 1, 1, 0, 0, 1, 1, 0, 2, 1, 2, 2, 0]|[1, 1, 1, 3, 3, 1, 0, 3, 1, 1, 3, 3, 1, 1, 3, 0, 1, 0, 0, 3]|[1, 1, 1, 0, 0, 1, 1, 2, 1, 1, 0, 0, 1, 1, 2, 0, 1, 1, 1, 0];[2, 19, 8, 14, 6, 13, 5, 15, 4, 11, 7, 12, 17, 16, 3, 9, 1, 0, 10, 18]|[0, 1, 1, 0, 1, 2, 2, 0, 2, 0, 0, 2, 0, 2, 1, 1, 1, 1, 1, 0]|[3, 1, 1, 3, 1, 0, 0, 3, 0, 3, 3, 0, 3, 0, 1, 1, 1, 1, 1, 3]|[0, 1, 1, 0, 1, 1, 1, 2, 1, 0, 0, 1, 0, 0, 1, 1, 1, 1, 1, 0];[16, 19, 8, 4, 15, 3, 10, 1, 11, 13, 18, 17, 0, 12, 6, 9, 14, 5, 2, 7]|[0, 1, 1, 0, 1, 0, 1, 1, 2, 1, 0, 1, 2, 2, 1, 2, 0, 2, 0, 0]|[3, 1, 1, 3, 1, 3, 1, 1, 0, 1, 3, 1, 0, 0, 1, 0, 3, 0, 3, 3]|[0, 1, 1, 2, 1, 0, 1, 1, 1, 1, 0, 1, 1, 0, 1, 1, 2, 1, 0, 0];[16, 19, 8, 4, 15, 3, 10, 1, 11, 13, 18, 17, 0, 12, 6, 9, 14, 5, 2, 7]|[0, 1, 1, 0, 1, 0, 1, 1, 2, 1, 0, 1, 2, 2, 1, 2, 0, 2, 0, 0]|[3, 1, 1, 3, 1, 3, 1, 1, 0, 1, 3, 1, 0, 0, 1, 0, 3, 0, 3, 3]|[0, 1, 1, 2, 1, 0, 1, 1, 1, 1, 0, 1, 1, 0, 1, 1, 2, 1, 0, 0];[5, 4, 14, 10, 2, 6, 3, 0, 17, 12, 11, 1, 16, 18, 7, 15, 9, 13, 19, 8]|[0, 1, 0, 2, 1, 2, 2, 1, 1, 0, 0, 1, 0, 2, 0, 1, 2, 1, 1, 0]|[3, 1, 3, 0, 1, 0, 0, 1, 1, 3, 3, 1, 3, 0, 3, 1, 0, 1, 1, 3]|[0, 1, 2, 1, 1, 0, 1, 1, 1, 0, 0, 1, 2, 1, 0, 1, 1, 1, 1, 0];[5, 4, 14, 10, 2, 6, 3, 0, 17, 12, 11, 1, 16, 18, 7, 15, 9, 13, 19, 8]|[0, 1, 0, 2, 1, 2, 2, 1, 1, 0, 0, 1, 0, 2, 0, 1, 2, 1, 1, 0]|[3, 1, 3, 0, 1, 0, 0, 1, 1, 3, 3, 1, 3, 0, 3, 1, 0, 1, 1, 3]|[0, 1, 2, 1, 1, 0, 1, 1, 1, 0, 0, 1, 2, 1, 0, 1, 1, 1, 1, 0];[5, 4, 14, 10, 2, 6, 3, 0, 17, 12, 11, 1, 16, 18, 7, 15, 9, 13, 19, 8]|[0, 1, 0, 2, 1, 2, 2, 1, 1, 0, 0, 1, 0, 2, 0, 1, 2, 1, 1, 0]|[3, 1, 3, 0, 1, 0, 0, 1, 1, 3, 3, 1, 3, 0, 3, 1, 0, 1, 1, 3]|[0, 1, 2, 1, 1, 0, 1, 1, 1, 0, 0, 1, 2, 1, 0, 1, 1, 1, 1, 0];[5, 4, 14, 10, 2, 6, 3, 0, 17, 12, 11, 1, 16, 18, 7, 15, 9, 13, 19, 8]|[0, 1, 0, 2, 1, 2, 2, 1, 1, 0, 0, 1, 0, 2, 0, 1, 2, 1, 1, 0]|[3, 1, 3, 0, 1, 0, 0, 1, 1, 3, 3, 1, 3, 0, 3, 1, 0, 1, 1, 3]|[0, 1, 2, 1, 1, 0, 1, 1, 1, 0, 0, 1, 2, 1, 0, 1, 1, 1, 1, 0];[5, 16, 17, 4, 6, 14, 0, 2, 9, 12, 15, 18, 3, 10, 19, 13, 8, 11, 7, 1]|[0, 1, 1, 2, 2, 0, 2, 1, 0, 2, 0, 0, 1, 2, 1, 1, 2, 2, 1, 0]|[3, 1, 1, 1, 0, 0, 0, 1, 3, 0, 3, 3, 1, 1, 0, 1, 0, 0, 1, 3]|[2, 1, 1, 1, 0, 0, 1, 1, 2, 1, 0, 0, 1, 1, 0, 1, 0, 1, 1, 0];[5, 16, 17, 4, 6, 14, 0, 2, 9, 12, 15, 18, 3, 10, 19, 13, 8, 11, 7, 1]|[0, 1, 1, 2, 2, 0, 2, 1, 0, 2, 0, 0, 1, 2, 1, 1, 2, 2, 1, 0]|[3, 1, 1, 1, 0, 0, 0, 1, 3, 0, 3, 3, 1, 1, 0, 1, 0, 0, 1, 3]|[2, 1, 1, 1, 0, 0, 1, 1, 2, 1, 0, 0, 1, 1, 0, 1, 0, 1, 1, 0];[5, 16, 17, 4, 6, 14, 0, 2, 9, 12, 15, 18, 3, 10, 19, 13, 8, 11, 7, 1]|[0, 1, 1, 2, 2, 0, 2, 1, 0, 2, 0, 0, 1, 2, 1, 1, 2, 2, 1, 0]|[3, 1, 1, 1, 0, 0, 0, 1, 3, 0, 3, 3, 1, 1, 0, 1, 0, 0, 1, 3]|[2, 1, 1, 1, 0, 0, 1, 1, 2, 1, 0, 0, 1, 1, 0, 1, 0, 1, 1, 0];[5, 16, 17, 4, 6, 14, 0, 2, 9, 12, 15, 18, 3, 10, 19, 13, 8, 11, 7, 1]|[0, 1, 1, 2, 2, 0, 2, 1, 0, 2, 0, 0, 1, 2, 1, 1, 2, 2, 1, 0]|[3, 1, 1, 1, 0, 0, 0, 1, 3, 0, 3, 3, 1, 1, 0, 1, 0, 0, 1, 3]|[2, 1, 1, 1, 0, 0, 1, 1, 2, 1, 0, 0, 1, 1, 0, 1, 0, 1, 1, 0];[2, 12, 13, 14, 11, 6, 1, 5, 17, 3, 4, 7, 0, 9, 19, 16, 15, 8, 18, 10]|[0, 0, 0, 0, 2, 1, 0, 1, 0, 2, 1, 0, 0, 0, 2, 2, 0, 0, 2, 1]|[3, 0, 0, 3, 1, 1, 3, 1, 3, 1, 1, 3, 2, 3, 1, 1, 3, 3, 1, 1]|[0, 2, 1, 2, 1, 0, 1, 1, 2, 1, 0, 1, 0, 2, 0, 1, 1, 0, 0, 0];[2, 12, 13, 14, 11, 6, 1, 5, 17, 3, 4, 7, 0, 9, 19, 16, 15, 8, 18, 10]|[0, 0, 0, 0, 2, 1, 0, 1, 0, 2, 1, 0, 0, 0, 2, 2, 0, 0, 2, 1]|[3, 0, 0, 3, 1, 1, 3, 1, 3, 1, 1, 3, 2, 3, 1, 1, 3, 3, 1, 1]|[0, 2, 1, 2, 1, 0, 1, 1, 2, 1, 0, 1, 0, 2, 0, 1, 1, 0, 0, 0];[2, 12, 15, 19, 10, 14, 9, 1, 16, 13, 3, 4, 7, 6, 11, 0, 8, 18, 17, 5]|[0, 0, 0, 0, 2, 2, 0, 0, 1, 0, 2, 1, 0, 1, 2, 0, 0, 0, 2, 1]|[0, 3, 3, 3, 1, 1, 3, 3, 1, 3, 1, 1, 3, 1, 0, 3, 2, 3, 1, 1]|[2, 0, 2, 0, 1, 0, 2, 1, 1, 2, 1, 0, 0, 1, 1, 0, 1, 0, 0, 1];[1, 19, 14, 16, 5, 6, 4, 10, 13, 17, 11, 18, 15, 12, 7, 3, 9, 8, 2, 0]|[0, 2, 0, 2, 2, 2, 1, 1, 1, 1, 1, 0, 0, 2, 0, 0, 1, 1, 2, 0]|[3, 0, 0, 1, 1, 1, 1, 1, 1, 1, 1, 3, 3, 0, 3, 3, 1, 1, 1, 3]|[0, 1, 2, 0, 1, 0, 1, 1, 1, 1, 1, 0, 2, 1, 0, 0, 1, 1, 1, 2];[1, 19, 14, 16, 5, 6, 4, 10, 13, 17, 11, 18, 15, 12, 7, 3, 9, 8, 2, 0]|[0, 2, 0, 2, 2, 2, 1, 1, 1, 1, 1, 0, 0, 2, 0, 0, 1, 1, 2, 0]|[3, 0, 0, 1, 1, 1, 1, 1, 1, 1, 1, 3, 3, 0, 3, 3, 1, 1, 1, 3]|[0, 1, 2, 0, 1, 0, 1, 1, 1, 1, 1, 0, 2, 1, 0, 0, 1, 1, 1, 2];[2, 19, 8, 14, 9, 6, 18, 12, 13, 1, 7, 0, 4, 10, 11, 16, 3, 15, 5, 17]|[0, 1, 1, 0, 2, 1, 0, 1, 2, 1, 0, 2, 0, 0, 2, 2, 1, 1, 1, 0]|[3, 1, 1, 3, 0, 1, 3, 1, 0, 1, 3, 0, 3, 3, 0, 0, 1, 1, 1, 3]|[0, 1, 1, 2, 1, 1, 0, 1, 0, 1, 2, 1, 0, 2, 0, 1, 1, 1, 1, 0];[10, 4, 14, 16, 12, 11, 15, 5, 1, 18, 17, 8, 19, 0, 6, 9, 3, 2, 13, 7]|[1, 0, 2, 1, 1, 2, 1, 0, 2, 2, 1, 1, 2, 1, 0, 0, 0, 0, 0, 0]|[1, 3, 1, 0, 1, 1, 1, 3, 0, 0, 1, 1, 0, 1, 3, 3, 3, 3, 3, 3]|[1, 0, 0, 0, 1, 1, 1, 2, 1, 0, 1, 1, 0, 1, 0, 0, 2, 0, 0, 0];[10, 4, 14, 16, 12, 11, 15, 5, 1, 18, 17, 8, 19, 0, 6, 9, 3, 2, 13, 7]|[1, 0, 2, 1, 1, 2, 1, 0, 2, 2, 1, 1, 2, 1, 0, 0, 0, 0, 0, 0]|[1, 3, 1, 0, 1, 1, 1, 3, 0, 0, 1, 1, 0, 1, 3, 3, 3, 3, 3, 3]|[1, 0, 0, 0, 1, 1, 1, 2, 1, 0, 1, 1, 0, 1, 0, 0, 2, 0, 0, 0];[12, 5, 4, 15, 11, 19, 1, 16, 3, 9, 0, 10, 2, 14, 6, 17, 13, 18, 7, 8]|[0, 2, 0, 2, 0, 1, 0, 2, 1, 2, 2, 1, 2, 0, 1, 1, 1, 2, 1, 0]|[3, 0, 3, 1, 0, 1, 2, 1, 1, 0, 0, 1, 1, 3, 0, 1, 1, 0, 1, 3]|[0, 0, 2, 1, 1, 1, 0, 0, 1, 1, 1, 1, 1, 2, 0, 1, 1, 0, 1, 0];[11, 19, 14, 2, 4, 16, 5, 3, 9, 10, 18, 7, 1, 15, 0, 12, 17, 6, 13, 8]|[0, 1, 0, 2, 1, 2, 2, 1, 1, 0, 0, 2, 0, 2, 0, 1, 1, 2, 1, 0]|[0, 0, 1, 1, 1, 0, 1, 0, 1, 3, 3, 0, 3, 0, 3, 1, 1, 0, 0, 3]|[2, 1, 1, 1, 0, 0, 1, 1, 1, 0, 0, 1, 0, 0, 2, 1, 1, 1, 1, 0];[1, 19, 10, 14, 15, 16, 17, 4, 6, 18, 2, 12, 13, 0, 7, 11, 9, 3, 5, 8]|[1, 2, 2, 2, 0, 1, 0, 1, 1, 2, 0, 0, 0, 0, 0, 0, 0, 0, 2, 1]|[1, 1, 0, 1, 3, 1, 3, 1, 1, 1, 3, 3, 3, 3, 3, 3, 3, 3, 1, 1]|[1, 1, 1, 0, 0, 1, 2, 0, 1, 1, 0, 0, 2, 0, 0, 2, 0, 0, 0, 1];[19, 14, 5, 4, 16, 2, 3, 9, 17, 6, 15, 11, 7, 8, 12, 10, 13, 18, 0, 1]|[1, 0, 2, 1, 2, 2, 1, 0, 0, 1, 1, 0, 0, 1, 2, 2, 2, 1, 0, 0]|[0, 0, 1, 1, 0, 1, 0, 3, 3, 0, 1, 0, 3, 1, 0, 0, 0, 1, 3, 3]|[1, 2, 1, 0, 0, 1, 1, 0, 0, 0, 1, 1, 0, 1, 1, 1, 0, 1, 2, 0];[10, 9, 14, 13, 3, 5, 1, 19, 15, 17, 11, 6, 7, 12, 18, 16, 0, 8, 4, 2]|[0, 0, 1, 0, 2, 1, 0, 0, 0, 0, 2, 1, 0, 2, 2, 2, 0, 0, 2, 1]|[3, 0, 1, 0, 1, 1, 3, 3, 3, 3, 1, 1, 3, 0, 1, 1, 2, 3, 1, 1]|[2, 1, 0, 0, 1, 0, 1, 2, 1, 2, 0, 0, 1, 1, 1, 1, 0, 0, 1, 1];[10, 9, 14, 13, 3, 5, 1, 19, 15, 17, 11, 6, 7, 12, 18, 16, 0, 8, 4, 2]|[0, 0, 1, 0, 2, 1, 0, 0, 0, 0, 2, 1, 0, 2, 2, 2, 0, 0, 2, 1]|[3, 0, 1, 0, 1, 1, 3, 3, 3, 3, 1, 1, 3, 0, 1, 1, 2, 3, 1, 1]|[2, 1, 0, 0, 1, 0, 1, 2, 1, 2, 0, 0, 1, 1, 1, 1, 0, 0, 1, 1];[13, 19, 9, 10, 8, 15, 1, 4, 17, 0, 3, 2, 5, 11, 14, 18, 12, 7, 6, 16]|[0, 2, 0, 1, 0, 0, 0, 2, 2, 0, 0, 0, 1, 2, 1, 0, 0, 0, 2, 1]|[3, 1, 3, 1, 3, 3, 3, 1, 0, 3, 3, 3, 1, 0, 1, 3, 3, 3, 1, 1]|[0, 1, 2, 1, 0, 0, 2, 1, 1, 0, 0, 2, 1, 1, 1, 0, 0, 0, 0, 1];[13, 19, 9, 10, 8, 15, 1, 4, 17, 0, 3, 2, 5, 11, 14, 18, 12, 7, 6, 16]|[0, 2, 0, 1, 0, 0, 0, 2, 2, 0, 0, 0, 1, 2, 1, 0, 0, 0, 2, 1]|[3, 1, 3, 1, 3, 3, 3, 1, 0, 3, 3, 3, 1, 0, 1, 3, 3, 3, 1, 1]|[0, 1, 2, 1, 0, 0, 2, 1, 1, 0, 0, 2, 1, 1, 1, 0, 0, 0, 0, 1];[13, 19, 9, 10, 8, 15, 1, 4, 17, 0, 3, 2, 5, 11, 14, 18, 12, 7, 6, 16]|[0, 2, 0, 1, 0, 0, 0, 2, 2, 0, 0, 0, 1, 2, 1, 0, 0, 0, 2, 1]|[3, 1, 3, 1, 3, 3, 3, 1, 0, 3, 3, 3, 1, 0, 1, 3, 3, 3, 1, 1]|[0, 1, 2, 1, 0, 0, 2, 1, 1, 0, 0, 2, 1, 1, 1, 0, 0, 0, 0, 1];[13, 19, 9, 10, 8, 15, 1, 4, 17, 0, 3, 2, 5, 11, 14, 18, 12, 7, 6, 16]|[0, 2, 0, 1, 0, 0, 0, 2, 2, 0, 0, 0, 1, 2, 1, 0, 0, 0, 2, 1]|[3, 1, 3, 1, 3, 3, 3, 1, 0, 3, 3, 3, 1, 0, 1, 3, 3, 3, 1, 1]|[0, 1, 2, 1, 0, 0, 2, 1, 1, 0, 0, 2, 1, 1, 1, 0, 0, 0, 0, 1];[13, 19, 9, 10, 8, 15, 1, 4, 17, 0, 3, 2, 5, 11, 14, 18, 12, 7, 6, 16]|[0, 2, 0, 1, 0, 0, 0, 2, 2, 0, 0, 0, 1, 2, 1, 0, 0, 0, 2, 1]|[3, 1, 3, 1, 3, 3, 3, 1, 0, 3, 3, 3, 1, 0, 1, 3, 3, 3, 1, 1]|[0, 1, 2, 1, 0, 0, 2, 1, 1, 0, 0, 2, 1, 1, 1, 0, 0, 0, 0, 1];[4, 11, 13, 16, 7, 0, 19, 10, 12, 5, 9, 15, 18, 8, 3, 1, 2, 6, 17, 14]|[0, 2, 2, 1, 0, 0, 0, 0, 1, 1, 0, 0, 0, 0, 0, 0, 2, 2, 2, 1]|[3, 1, 1, 0, 3, 3, 3, 3, 1, 1, 3, 3, 3, 3, 3, 3, 1, 1, 1, 1]|[0, 1, 0, 1, 0, 1, 0, 2, 1, 1, 0, 0, 0, 2, 0, 2, 1, 0, 0, 1];[2, 19, 8, 10, 9, 13, 6, 16, 3, 11, 18, 1, 7, 0, 17, 5, 12, 15, 14, 4]|[0, 1, 1, 0, 2, 1, 2, 2, 1, 0, 2, 0, 1, 0, 0, 2, 1, 1, 0, 0]|[3, 1, 1, 3, 1, 1, 0, 0, 1, 3, 0, 3, 1, 3, 3, 0, 1, 1, 3, 3]|[0, 1, 1, 2, 1, 0, 0, 1, 1, 0, 1, 2, 1, 0, 0, 1, 1, 1, 2, 0];[2, 19, 8, 10, 9, 13, 6, 16, 3, 11, 18, 1, 7, 0, 17, 5, 12, 15, 14, 4]|[0, 1, 1, 0, 2, 1, 2, 2, 1, 0, 2, 0, 1, 0, 0, 2, 1, 1, 0, 0]|[3, 1, 1, 3, 1, 1, 0, 0, 1, 3, 0, 3, 1, 3, 3, 0, 1, 1, 3, 3]|[0, 1, 1, 2, 1, 0, 0, 1, 1, 0, 1, 2, 1, 0, 0, 1, 1, 1, 2, 0];[5, 2, 14, 10, 4, 13, 16, 19, 17, 0, 11, 9, 12, 3, 18, 15, 6, 1, 7, 8]|[0, 1, 0, 2, 1, 1, 2, 2, 1, 0, 1, 2, 2, 0, 0, 2, 1, 2, 1, 0]|[0, 0, 3, 1, 1, 1, 0, 1, 0, 3, 0, 0, 1, 0, 3, 0, 1, 0, 1, 3]|[0, 0, 2, 1, 1, 1, 0, 1, 1, 2, 0, 0, 0, 1, 0, 1, 1, 1, 1, 0];[5, 2, 14, 10, 4, 13, 16, 19, 17, 0, 11, 9, 12, 3, 18, 15, 6, 1, 7, 8]|[0, 1, 0, 2, 1, 1, 2, 2, 1, 0, 1, 2, 2, 0, 0, 2, 1, 2, 1, 0]|[0, 0, 3, 1, 1, 1, 0, 1, 0, 3, 0, 0, 1, 0, 3, 0, 1, 0, 1, 3]|[0, 0, 2, 1, 1, 1, 0, 1, 1, 2, 0, 0, 0, 1, 0, 1, 1, 1, 1, 0];[5, 2, 14, 10, 4, 13, 16, 19, 17, 0, 11, 9, 12, 3, 18, 15, 6, 1, 7, 8]|[0, 1, 0, 2, 1, 1, 2, 2, 1, 0, 1, 2, 2, 0, 0, 2, 1, 2, 1, 0]|[0, 0, 3, 1, 1, 1, 0, 1, 0, 3, 0, 0, 1, 0, 3, 0, 1, 0, 1, 3]|[0, 0, 2, 1, 1, 1, 0, 1, 1, 2, 0, 0, 0, 1, 0, 1, 1, 1, 1, 0];[15, 16, 13, 19, 3, 10, 0, 2, 8, 11, 4, 7, 5, 9, 18, 6, 14, 1, 17, 12]|[0, 1, 0, 0, 0, 0, 0, 2, 2, 2, 1, 2, 1, 2, 0, 0, 0, 0, 2, 1]|[3, 1, 3, 3, 3, 3, 3, 0, 1, 0, 1, 0, 1, 1, 3, 3, 3, 3, 1, 1]|[0, 0, 2, 0, 0, 2, 0, 1, 0, 1, 0, 0, 1, 1, 0, 2, 0, 0, 1, 0];[19, 15, 12, 18, 5, 17, 6, 8, 2, 9, 3, 13, 7, 14, 0, 11, 16, 1, 10, 4]|[0, 1, 2, 1, 1, 2, 1, 0, 0, 0, 0, 0, 0, 0, 0, 2, 2, 0, 2, 1]|[3, 0, 0, 1, 1, 0, 1, 3, 3, 3, 3, 3, 3, 3, 3, 0, 1, 3, 1, 1]|[0, 1, 1, 0, 1, 1, 1, 2, 0, 0, 2, 0, 0, 2, 0, 1, 1, 0, 0, 1];[19, 15, 12, 18, 5, 17, 6, 8, 2, 9, 3, 13, 7, 14, 0, 11, 16, 1, 10, 4]|[0, 1, 2, 1, 1, 2, 1, 0, 0, 0, 0, 0, 0, 0, 0, 2, 2, 0, 2, 1]|[3, 0, 0, 1, 1, 0, 1, 3, 3, 3, 3, 3, 3, 3, 3, 0, 1, 3, 1, 1]|[0, 1, 1, 0, 1, 1, 1, 2, 0, 0, 2, 0, 0, 2, 0, 1, 1, 0, 0, 1];[19, 15, 12, 18, 5, 17, 6, 8, 2, 9, 3, 13, 7, 14, 0, 11, 16, 1, 10, 4]|[0, 1, 2, 1, 1, 2, 1, 0, 0, 0, 0, 0, 0, 0, 0, 2, 2, 0, 2, 1]|[3, 0, 0, 1, 1, 0, 1, 3, 3, 3, 3, 3, 3, 3, 3, 0, 1, 3, 1, 1]|[0, 1, 1, 0, 1, 1, 1, 2, 0, 0, 2, 0, 0, 2, 0, 1, 1, 0, 0, 1];[12, 2, 10, 8, 3, 4, 7, 18, 19, 9, 13, 1, 17, 6, 11, 15, 0, 14, 5, 16]|[0, 0, 0, 0, 2, 1, 0, 1, 2, 0, 0, 1, 0, 1, 2, 2, 0, 0, 2, 1]|[2, 3, 3, 3, 1, 1, 3, 1, 1, 3, 3, 1, 1, 0, 0, 0, 0, 3, 0, 1]|[0, 2, 0, 2, 1, 0, 0, 0, 0, 2, 0, 0, 1, 0, 1, 1, 1, 2, 0, 1];[12, 2, 10, 8, 3, 4, 7, 18, 19, 9, 13, 1, 17, 6, 11, 15, 0, 14, 5, 16]|[0, 0, 0, 0, 2, 1, 0, 1, 2, 0, 0, 1, 0, 1, 2, 2, 0, 0, 2, 1]|[2, 3, 3, 3, 1, 1, 3, 1, 1, 3, 3, 1, 1, 0, 0, 0, 0, 3, 0, 1]|[0, 2, 0, 2, 1, 0, 0, 0, 0, 2, 0, 0, 1, 0, 1, 1, 1, 2, 0, 1];[2, 12, 13, 9, 3, 4, 7, 6, 11, 8, 17, 5, 15, 0, 19, 16, 1, 14, 18, 10]|[0, 0, 0, 0, 2, 1, 0, 1, 2, 0, 0, 1, 0, 0, 2, 2, 0, 0, 2, 1]|[2, 3, 3, 3, 1, 1, 1, 1, 1, 3, 3, 1, 1, 2, 1, 1, 3, 1, 1, 1]|[2, 0, 1, 2, 1, 0, 1, 0, 1, 0, 2, 1, 1, 0, 0, 1, 1, 2, 0, 0];[2, 12, 13, 9, 3, 4, 7, 6, 11, 8, 17, 5, 15, 0, 19, 16, 1, 14, 18, 10]|[0, 0, 0, 0, 2, 1, 0, 1, 2, 0, 0, 1, 0, 0, 2, 2, 0, 0, 2, 1]|[2, 3, 3, 3, 1, 1, 1, 1, 1, 3, 3, 1, 1, 2, 1, 1, 3, 1, 1, 1]|[2, 0, 1, 2, 1, 0, 1, 0, 1, 0, 2, 1, 1, 0, 0, 1, 1, 2, 0, 0];[1, 19, 13, 14, 2, 4, 16, 5, 3, 7, 17, 6, 0, 15, 11, 8, 12, 10, 18, 9]|[0, 1, 1, 0, 2, 1, 2, 2, 1, 0, 0, 2, 0, 1, 0, 1, 1, 2, 1, 0]|[3, 1, 0, 3, 1, 1, 0, 0, 0, 0, 3, 0, 3, 1, 0, 1, 1, 0, 1, 3]|[0, 1, 1, 2, 1, 0, 0, 1, 1, 0, 0, 1, 2, 1, 1, 1, 1, 1, 1, 0];[1, 19, 13, 14, 2, 4, 16, 5, 3, 7, 17, 6, 11, 18, 0, 9, 15, 10, 12, 8]|[0, 1, 1, 0, 2, 1, 2, 2, 1, 0, 0, 2, 0, 1, 0, 1, 1, 2, 1, 0]|[3, 1, 1, 3, 1, 1, 0, 0, 0, 0, 3, 0, 3, 0, 3, 1, 1, 0, 1, 3]|[0, 1, 1, 2, 1, 0, 0, 1, 1, 0, 0, 1, 2, 1, 1, 0, 1, 0, 1, 0]
fc6diagRound 6	fe=168519	pool=300	target=100	rescued=0	sOriginal=[1, 19, 8, 14, 5, 13, 6, 16, 3, 0, 12, 4, 2, 15, 17, 10, 9, 11, 7, 18]|[0, 1, 1, 0, 2, 1, 2, 2, 1, 0, 0, 2, 0, 1, 0, 1, 1, 2, 1, 0]|[3, 1, 1, 3, 0, 1, 0, 0, 0, 0, 3, 0, 3, 0, 3, 1, 1, 0, 1, 3]|[0, 1, 1, 2, 1, 0, 0, 1, 1, 1, 0, 1, 2, 1, 1, 1, 1, 1, 1, 0];[1, 19, 13, 14, 2, 4, 16, 5, 3, 10, 12, 6, 11, 18, 7, 9, 15, 0, 17, 8]|[0, 1, 1, 0, 2, 1, 2, 2, 1, 0, 0, 2, 0, 1, 0, 1, 1, 2, 1, 0]|[3, 1, 1, 3, 0, 1, 0, 0, 0, 0, 3, 0, 3, 0, 3, 1, 1, 0, 1, 3]|[0, 1, 1, 2, 1, 0, 0, 1, 1, 0, 0, 1, 2, 1, 1, 1, 1, 1, 1, 0];[2, 19, 6, 15, 3, 4, 16, 5, 1, 11, 10, 0, 18, 12, 7, 13, 17, 8, 9, 14]|[0, 1, 1, 0, 2, 1, 2, 2, 1, 0, 0, 2, 0, 1, 0, 1, 1, 2, 1, 0]|[3, 1, 0, 3, 0, 1, 0, 0, 0, 0, 3, 0, 3, 1, 3, 1, 1, 0, 1, 3]|[0, 1, 1, 2, 1, 0, 0, 1, 1, 1, 0, 1, 2, 1, 1, 1, 1, 1, 1, 0];[1, 19, 14, 2, 17, 18, 5, 15, 12, 6, 16, 10, 11, 4, 0, 7, 13, 8, 3, 9]|[0, 1, 0, 2, 2, 1, 0, 1, 1, 2, 2, 0, 0, 2, 0, 1, 1, 1, 1, 0]|[3, 1, 3, 0, 0, 1, 3, 1, 1, 0, 0, 0, 3, 0, 3, 1, 1, 1, 1, 3]|[0, 1, 2, 1, 0, 1, 0, 1, 1, 0, 1, 1, 0, 1, 2, 1, 1, 1, 1, 0];[1, 2, 13, 14, 19, 4, 16, 5, 3, 10, 11, 17, 8, 15, 9, 0, 6, 12, 7, 18]|[0, 1, 1, 0, 2, 1, 2, 2, 1, 0, 0, 2, 0, 1, 0, 1, 1, 2, 1, 0]|[3, 1, 0, 3, 1, 1, 0, 0, 0, 0, 3, 0, 3, 1, 0, 1, 1, 0, 1, 3]|[0, 1, 1, 2, 1, 0, 0, 1, 1, 1, 0, 1, 2, 1, 1, 1, 1, 1, 1, 0];[1, 2, 13, 14, 19, 4, 16, 5, 3, 10, 11, 17, 8, 12, 7, 6, 15, 0, 9, 18]|[0, 1, 1, 0, 2, 1, 2, 2, 1, 0, 0, 2, 0, 1, 0, 1, 1, 2, 1, 0]|[3, 1, 0, 3, 1, 1, 0, 0, 0, 0, 3, 0, 3, 1, 0, 1, 1, 0, 1, 3]|[0, 1, 1, 2, 1, 0, 1, 1, 1, 1, 0, 1, 2, 1, 1, 1, 1, 1, 1, 0];[1, 19, 13, 14, 2, 4, 16, 5, 3, 12, 10, 6, 11, 18, 7, 9, 15, 0, 17, 8]|[0, 1, 1, 0, 2, 2, 2, 2, 1, 0, 0, 1, 0, 1, 0, 2, 1, 2, 1, 0]|[1, 1, 1, 3, 0, 0, 0, 0, 0, 3, 0, 1, 3, 0, 3, 1, 1, 0, 1, 3]|[0, 1, 1, 2, 1, 1, 0, 1, 1, 0, 0, 0, 2, 1, 1, 0, 1, 1, 1, 0];[1, 19, 13, 14, 2, 4, 16, 5, 3, 12, 10, 6, 11, 18, 7, 9, 15, 0, 17, 8]|[0, 1, 1, 0, 2, 2, 2, 2, 1, 0, 0, 1, 0, 1, 0, 2, 1, 2, 1, 0]|[1, 1, 1, 3, 0, 0, 0, 0, 0, 3, 0, 1, 3, 0, 3, 1, 1, 0, 1, 3]|[0, 1, 1, 2, 1, 1, 0, 1, 1, 0, 0, 0, 2, 1, 1, 0, 1, 1, 1, 0];[2, 19, 13, 15, 6, 3, 16, 5, 10, 0, 11, 14, 8, 17, 7, 12, 4, 9, 18, 1]|[0, 1, 1, 0, 2, 1, 2, 2, 1, 0, 0, 2, 0, 1, 0, 1, 1, 2, 1, 0]|[3, 1, 1, 3, 1, 1, 0, 1, 0, 0, 3, 0, 3, 0, 0, 1, 1, 0, 1, 3]|[2, 1, 1, 2, 1, 0, 0, 1, 1, 0, 0, 1, 2, 1, 1, 1, 1, 0, 1, 0];[1, 19, 13, 14, 2, 8, 6, 16, 3, 10, 11, 4, 0, 7, 5, 15, 12, 17, 18, 9]|[0, 1, 1, 0, 2, 1, 2, 2, 1, 0, 0, 2, 0, 1, 0, 1, 1, 2, 1, 0]|[3, 1, 1, 3, 0, 1, 0, 0, 0, 0, 3, 0, 3, 0, 3, 1, 1, 0, 1, 3]|[0, 1, 1, 2, 1, 0, 0, 1, 1, 1, 0, 1, 2, 1, 0, 1, 1, 0, 1, 0];[2, 12, 15, 19, 10, 14, 16, 13, 0, 3, 4, 7, 9, 6, 5, 1, 11, 18, 17, 8]|[0, 0, 0, 0, 2, 2, 1, 0, 0, 2, 1, 0, 0, 1, 2, 0, 0, 0, 2, 1]|[0, 3, 3, 3, 1, 1, 1, 3, 3, 1, 1, 3, 3, 1, 1, 3, 2, 3, 1, 1]|[1, 0, 2, 0, 1, 0, 1, 2, 1, 1, 0, 0, 2, 1, 1, 1, 0, 2, 0, 1];[2, 12, 15, 19, 10, 14, 16, 13, 0, 3, 4, 7, 9, 6, 5, 1, 11, 18, 17, 8]|[0, 0, 0, 0, 2, 2, 1, 0, 0, 2, 1, 0, 0, 1, 2, 0, 0, 0, 2, 1]|[0, 3, 3, 3, 1, 1, 1, 3, 3, 1, 1, 3, 3, 1, 1, 3, 2, 3, 1, 1]|[1, 0, 2, 0, 1, 0, 1, 2, 1, 1, 0, 0, 2, 1, 1, 1, 0, 2, 0, 1];[9, 0, 19, 7, 11, 16, 5, 3, 2, 14, 1, 12, 15, 6, 17, 13, 18, 4, 10, 8]|[0, 0, 1, 0, 1, 2, 2, 1, 0, 2, 0, 1, 0, 0, 1, 1, 1, 2, 1, 0]|[3, 0, 1, 0, 1, 0, 0, 1, 3, 0, 3, 1, 3, 2, 1, 1, 1, 0, 0, 3]|[2, 0, 1, 1, 1, 1, 0, 1, 2, 1, 1, 1, 2, 0, 1, 1, 1, 1, 0, 0];[9, 0, 19, 7, 11, 16, 5, 3, 2, 14, 1, 12, 15, 6, 17, 13, 18, 4, 10, 8]|[0, 0, 1, 0, 1, 2, 2, 1, 0, 2, 0, 1, 0, 0, 1, 1, 1, 2, 1, 0]|[3, 0, 1, 0, 1, 0, 0, 1, 3, 0, 3, 1, 3, 2, 1, 1, 1, 0, 0, 3]|[2, 0, 1, 1, 1, 1, 0, 1, 2, 1, 1, 1, 2, 0, 1, 1, 1, 1, 0, 0];[9, 0, 19, 7, 11, 16, 5, 3, 2, 14, 1, 12, 15, 6, 17, 13, 18, 4, 10, 8]|[0, 0, 1, 0, 1, 2, 2, 1, 0, 2, 0, 1, 0, 0, 1, 1, 1, 2, 1, 0]|[3, 0, 1, 0, 1, 0, 0, 1, 3, 0, 3, 1, 3, 2, 1, 1, 1, 0, 0, 3]|[2, 0, 1, 1, 1, 1, 0, 1, 2, 1, 1, 1, 2, 0, 1, 1, 1, 1, 0, 0];[19, 12, 7, 8, 0, 17, 16, 6, 13, 14, 10, 1, 18, 11, 15, 2, 5, 9, 3, 4]|[1, 0, 0, 0, 1, 0, 2, 1, 0, 0, 0, 0, 0, 2, 0, 2, 2, 0, 2, 1]|[1, 3, 3, 3, 1, 0, 1, 1, 3, 3, 3, 3, 2, 1, 3, 0, 0, 0, 1, 1]|[1, 0, 2, 0, 0, 1, 0, 0, 2, 0, 2, 0, 0, 1, 2, 1, 1, 1, 0, 1];[19, 12, 7, 8, 0, 17, 16, 6, 13, 14, 10, 1, 18, 11, 15, 2, 5, 9, 3, 4]|[1, 0, 0, 0, 1, 0, 2, 1, 0, 0, 0, 0, 0, 2, 0, 2, 2, 0, 2, 1]|[1, 3, 3, 3, 1, 0, 1, 1, 3, 3, 3, 3, 2, 1, 3, 0, 0, 0, 1, 1]|[1, 0, 2, 0, 0, 1, 0, 0, 2, 0, 2, 0, 0, 1, 2, 1, 1, 1, 0, 1];[19, 12, 7, 8, 0, 17, 16, 6, 13, 14, 10, 1, 18, 11, 15, 2, 5, 9, 3, 4]|[1, 0, 0, 0, 1, 0, 2, 1, 0, 0, 0, 0, 0, 2, 0, 2, 2, 0, 2, 1]|[1, 3, 3, 3, 1, 0, 1, 1, 3, 3, 3, 3, 2, 1, 3, 0, 0, 0, 1, 1]|[1, 0, 2, 0, 0, 1, 0, 0, 2, 0, 2, 0, 0, 1, 2, 1, 1, 1, 0, 1];[19, 12, 7, 8, 0, 17, 16, 6, 13, 14, 10, 1, 18, 11, 15, 2, 5, 9, 3, 4]|[1, 0, 0, 0, 1, 0, 2, 1, 0, 0, 0, 0, 0, 2, 0, 2, 2, 0, 2, 1]|[1, 3, 3, 3, 1, 0, 1, 1, 3, 3, 3, 3, 2, 1, 3, 0, 0, 0, 1, 1]|[1, 0, 2, 0, 0, 1, 0, 0, 2, 0, 2, 0, 0, 1, 2, 1, 1, 1, 0, 1];[2, 19, 14, 9, 8, 6, 5, 1, 4, 16, 0, 10, 15, 17, 7, 3, 13, 12, 11, 18]|[0, 1, 0, 2, 1, 2, 2, 0, 0, 2, 0, 1, 0, 1, 1, 1, 1, 2, 1, 0]|[3, 1, 3, 1, 1, 0, 0, 0, 3, 0, 3, 1, 3, 1, 1, 1, 1, 0, 1, 3]|[0, 1, 2, 1, 1, 0, 1, 0, 0, 1, 2, 1, 0, 1, 1, 1, 1, 1, 1, 0];[2, 19, 14, 9, 8, 6, 5, 1, 4, 16, 0, 10, 15, 17, 7, 3, 13, 12, 11, 18]|[0, 1, 0, 2, 1, 2, 2, 0, 0, 2, 0, 1, 0, 1, 1, 1, 1, 2, 1, 0]|[3, 1, 3, 1, 1, 0, 0, 0, 3, 0, 3, 1, 3, 1, 1, 1, 1, 0, 1, 3]|[0, 1, 2, 1, 1, 0, 1, 0, 0, 1, 2, 1, 0, 1, 1, 1, 1, 1, 1, 0];[2, 19, 14, 9, 8, 6, 5, 1, 4, 16, 0, 10, 15, 17, 7, 3, 13, 12, 11, 18]|[0, 1, 0, 2, 1, 2, 2, 0, 0, 2, 0, 1, 0, 1, 1, 1, 1, 2, 1, 0]|[3, 1, 3, 1, 1, 0, 0, 0, 3, 0, 3, 1, 3, 1, 1, 1, 1, 0, 1, 3]|[0, 1, 2, 1, 1, 0, 1, 0, 0, 1, 2, 1, 0, 1, 1, 1, 1, 1, 1, 0];[12, 13, 7, 2, 3, 4, 9, 6, 11, 5, 17, 15, 1, 14, 19, 18, 10, 0, 8, 16]|[0, 0, 0, 0, 2, 1, 2, 1, 2, 1, 0, 0, 2, 2, 0, 0, 0, 0, 0, 1]|[3, 2, 3, 3, 1, 1, 0, 1, 1, 1, 3, 3, 0, 0, 3, 3, 0, 3, 3, 1]|[0, 1, 2, 0, 1, 0, 1, 1, 0, 1, 2, 1, 1, 0, 0, 1, 2, 2, 0, 1];[12, 13, 7, 2, 3, 4, 9, 6, 11, 5, 17, 15, 1, 14, 19, 18, 10, 0, 8, 16]|[0, 0, 0, 0, 2, 1, 2, 1, 2, 1, 0, 0, 2, 2, 0, 0, 0, 0, 0, 1]|[3, 2, 3, 3, 1, 1, 0, 1, 1, 1, 3, 3, 0, 0, 3, 3, 0, 3, 3, 1]|[0, 1, 2, 0, 1, 0, 1, 1, 0, 1, 2, 1, 1, 0, 0, 1, 2, 2, 0, 1];[12, 13, 7, 2, 3, 4, 9, 6, 11, 5, 17, 15, 1, 14, 19, 18, 10, 0, 8, 16]|[0, 0, 0, 0, 2, 1, 2, 1, 2, 1, 0, 0, 2, 2, 0, 0, 0, 0, 0, 1]|[3, 2, 3, 3, 1, 1, 0, 1, 1, 1, 3, 3, 0, 0, 3, 3, 0, 3, 3, 1]|[0, 1, 2, 0, 1, 0, 1, 1, 0, 1, 2, 1, 1, 0, 0, 1, 2, 2, 0, 1];[9, 12, 19, 10, 13, 14, 8, 15, 11, 6, 0, 4, 3, 7, 16, 1, 2, 18, 17, 5]|[0, 0, 0, 0, 0, 2, 0, 0, 2, 1, 0, 1, 2, 0, 1, 2, 0, 0, 2, 1]|[3, 0, 3, 2, 3, 1, 2, 3, 0, 1, 3, 1, 1, 3, 1, 1, 3, 3, 1, 1]|[2, 1, 0, 0, 2, 0, 1, 2, 1, 1, 0, 0, 1, 0, 1, 1, 2, 0, 0, 1];[9, 12, 19, 10, 13, 14, 8, 15, 11, 6, 0, 4, 3, 7, 16, 1, 2, 18, 17, 5]|[0, 0, 0, 0, 0, 2, 0, 0, 2, 1, 0, 1, 2, 0, 1, 2, 0, 0, 2, 1]|[3, 0, 3, 2, 3, 1, 2, 3, 0, 1, 3, 1, 1, 3, 1, 1, 3, 3, 1, 1]|[2, 1, 0, 0, 2, 0, 1, 2, 1, 1, 0, 0, 1, 0, 1, 1, 2, 0, 0, 1];[1, 6, 14, 2, 4, 16, 5, 13, 9, 17, 11, 10, 7, 15, 0, 3, 19, 12, 8, 18]|[0, 1, 0, 2, 1, 2, 2, 1, 0, 1, 0, 0, 1, 1, 0, 1, 2, 2, 1, 0]|[3, 0, 3, 1, 1, 0, 0, 0, 3, 1, 3, 0, 1, 1, 0, 0, 0, 0, 1, 3]|[0, 1, 2, 0, 0, 1, 1, 1, 2, 1, 0, 1, 1, 0, 1, 1, 0, 1, 1, 0];[2, 19, 8, 12, 10, 14, 1, 16, 15, 3, 4, 7, 6, 11, 0, 13, 18, 9, 17, 5]|[0, 0, 0, 0, 2, 2, 0, 1, 0, 2, 1, 0, 1, 2, 0, 0, 0, 0, 2, 1]|[0, 3, 3, 3, 1, 1, 3, 1, 3, 1, 1, 3, 1, 1, 3, 2, 3, 3, 0, 1]|[1, 0, 2, 0, 1, 0, 1, 1, 2, 1, 0, 0, 1, 1, 1, 0, 2, 0, 0, 0];[1, 6, 14, 2, 4, 16, 5, 13, 9, 17, 11, 10, 7, 15, 0, 3, 19, 12, 8, 18]|[0, 1, 0, 2, 1, 2, 2, 1, 0, 1, 0, 0, 1, 1, 0, 1, 2, 2, 1, 0]|[3, 0, 3, 1, 1, 0, 0, 0, 3, 1, 3, 0, 1, 1, 0, 0, 0, 0, 1, 3]|[0, 1, 2, 0, 0, 1, 1, 1, 2, 1, 0, 1, 1, 0, 1, 1, 0, 1, 1, 0];[2, 19, 8, 12, 10, 14, 1, 16, 15, 3, 4, 7, 6, 11, 0, 13, 18, 9, 17, 5]|[0, 0, 0, 0, 2, 2, 0, 1, 0, 2, 1, 0, 1, 2, 0, 0, 0, 0, 2, 1]|[0, 3, 3, 3, 1, 1, 3, 1, 3, 1, 1, 3, 1, 1, 3, 2, 3, 3, 0, 1]|[1, 0, 2, 0, 1, 0, 1, 1, 2, 1, 0, 0, 1, 1, 1, 0, 2, 0, 0, 0];[11, 10, 4, 2, 3, 17, 15, 12, 7, 1, 9, 18, 8, 16, 5, 6, 0, 19, 13, 14]|[0, 0, 1, 0, 1, 2, 1, 1, 1, 1, 1, 0, 0, 2, 2, 1, 2, 2, 2, 0]|[0, 3, 1, 3, 1, 0, 1, 1, 1, 1, 1, 3, 3, 0, 1, 1, 0, 0, 0, 3]|[1, 0, 1, 0, 1, 0, 1, 1, 1, 1, 1, 2, 0, 0, 1, 1, 0, 1, 1, 0];[2, 19, 13, 15, 6, 3, 16, 10, 0, 11, 14, 8, 17, 7, 12, 4, 9, 5, 18, 1]|[0, 2, 1, 0, 2, 1, 2, 1, 0, 0, 2, 0, 1, 0, 1, 1, 2, 2, 1, 0]|[3, 1, 1, 3, 1, 1, 0, 0, 0, 3, 0, 3, 0, 0, 1, 1, 0, 1, 1, 3]|[2, 1, 1, 2, 1, 0, 0, 1, 0, 0, 1, 2, 1, 1, 1, 1, 0, 1, 1, 0];[2, 19, 13, 15, 6, 3, 16, 10, 0, 11, 14, 8, 17, 7, 12, 4, 9, 5, 18, 1]|[0, 2, 1, 0, 2, 1, 2, 1, 0, 0, 2, 0, 1, 0, 1, 1, 2, 2, 1, 0]|[3, 1, 1, 3, 1, 1, 0, 0, 0, 3, 0, 3, 0, 0, 1, 1, 0, 1, 1, 3]|[2, 1, 1, 2, 1, 0, 0, 1, 0, 0, 1, 2, 1, 1, 1, 1, 0, 1, 1, 0];[2, 19, 13, 15, 6, 3, 16, 10, 0, 11, 14, 8, 17, 7, 12, 4, 9, 5, 18, 1]|[0, 2, 1, 0, 2, 1, 2, 1, 0, 0, 2, 0, 1, 0, 1, 1, 2, 2, 1, 0]|[3, 1, 1, 3, 1, 1, 0, 0, 0, 3, 0, 3, 0, 0, 1, 1, 0, 1, 1, 3]|[2, 1, 1, 2, 1, 0, 0, 1, 0, 0, 1, 2, 1, 1, 1, 1, 0, 1, 1, 0];[2, 19, 13, 15, 6, 3, 16, 10, 0, 11, 14, 8, 17, 7, 12, 4, 9, 5, 18, 1]|[0, 2, 1, 0, 2, 1, 2, 1, 0, 0, 2, 0, 1, 0, 1, 1, 2, 2, 1, 0]|[3, 1, 1, 3, 1, 1, 0, 0, 0, 3, 0, 3, 0, 0, 1, 1, 0, 1, 1, 3]|[2, 1, 1, 2, 1, 0, 0, 1, 0, 0, 1, 2, 1, 1, 1, 1, 0, 1, 1, 0];[19, 6, 0, 2, 10, 14, 9, 1, 4, 3, 13, 7, 15, 16, 18, 12, 11, 8, 17, 5]|[0, 0, 0, 0, 2, 2, 0, 0, 1, 2, 1, 0, 0, 1, 2, 0, 0, 0, 2, 1]|[3, 3, 0, 3, 1, 1, 3, 3, 1, 1, 1, 3, 3, 1, 1, 3, 2, 3, 1, 1]|[0, 2, 1, 0, 1, 0, 2, 1, 1, 1, 0, 0, 2, 1, 1, 0, 0, 2, 0, 0];[19, 6, 0, 2, 10, 14, 9, 1, 4, 3, 13, 7, 15, 16, 18, 12, 11, 8, 17, 5]|[0, 0, 0, 0, 2, 2, 0, 0, 1, 2, 1, 0, 0, 1, 2, 0, 0, 0, 2, 1]|[3, 3, 0, 3, 1, 1, 3, 3, 1, 1, 1, 3, 3, 1, 1, 3, 2, 3, 1, 1]|[0, 2, 1, 0, 1, 0, 2, 1, 1, 1, 0, 0, 2, 1, 1, 0, 0, 2, 0, 0];[2, 1, 13, 14, 19, 4, 16, 5, 3, 10, 11, 17, 6, 7, 18, 9, 15, 0, 12, 8]|[0, 1, 1, 0, 2, 1, 2, 2, 1, 0, 0, 2, 0, 1, 0, 1, 1, 2, 1, 0]|[3, 1, 1, 3, 0, 1, 0, 0, 0, 0, 3, 0, 3, 0, 3, 1, 1, 0, 1, 3]|[0, 1, 1, 2, 1, 0, 0, 1, 1, 0, 0, 1, 2, 1, 0, 1, 1, 1, 1, 0];[19, 14, 2, 4, 16, 5, 3, 12, 10, 6, 0, 18, 9, 8, 15, 11, 7, 17, 13, 1]|[1, 0, 2, 1, 2, 2, 1, 1, 1, 0, 0, 0, 1, 1, 2, 2, 0, 0, 0, 0]|[0, 3, 0, 1, 0, 0, 1, 1, 1, 3, 3, 3, 1, 1, 1, 1, 3, 3, 3, 3]|[1, 0, 1, 0, 0, 1, 1, 1, 1, 0, 2, 0, 1, 1, 1, 0, 0, 0, 2, 0];[2, 12, 15, 19, 10, 14, 9, 1, 16, 13, 3, 4, 7, 6, 11, 0, 17, 8, 5, 18]|[0, 0, 0, 0, 2, 2, 0, 0, 1, 0, 2, 1, 0, 1, 2, 0, 0, 0, 2, 1]|[0, 3, 3, 3, 1, 1, 3, 3, 1, 3, 1, 1, 3, 1, 1, 3, 2, 3, 1, 1]|[1, 0, 2, 0, 1, 0, 2, 1, 1, 2, 1, 0, 0, 1, 1, 1, 0, 2, 0, 0];[2, 12, 15, 19, 10, 14, 9, 1, 16, 13, 3, 4, 7, 6, 11, 0, 17, 8, 5, 18]|[0, 0, 0, 0, 2, 2, 0, 0, 1, 0, 2, 1, 0, 1, 2, 0, 0, 0, 2, 1]|[0, 3, 3, 3, 1, 1, 3, 3, 1, 3, 1, 1, 3, 1, 1, 3, 2, 3, 1, 1]|[1, 0, 2, 0, 1, 0, 2, 1, 1, 2, 1, 0, 0, 1, 1, 1, 0, 2, 0, 0];[5, 2, 19, 14, 16, 6, 13, 4, 11, 8, 17, 15, 1, 10, 0, 7, 9, 18, 12, 3]|[0, 1, 1, 0, 2, 2, 1, 2, 1, 2, 0, 1, 0, 2, 0, 0, 1, 2, 1, 0]|[3, 1, 1, 3, 0, 0, 1, 0, 1, 0, 0, 1, 3, 0, 3, 3, 0, 0, 1, 3]|[2, 1, 1, 0, 1, 0, 1, 1, 1, 0, 0, 1, 2, 1, 2, 0, 1, 1, 1, 0];[5, 2, 19, 14, 16, 6, 13, 4, 11, 8, 17, 15, 1, 10, 0, 7, 9, 18, 12, 3]|[0, 1, 1, 0, 2, 2, 1, 2, 1, 2, 0, 1, 0, 2, 0, 0, 1, 2, 1, 0]|[3, 1, 1, 3, 0, 0, 1, 0, 1, 0, 0, 1, 3, 0, 3, 3, 0, 0, 1, 3]|[2, 1, 1, 0, 1, 0, 1, 1, 1, 0, 0, 1, 2, 1, 2, 0, 1, 1, 1, 0];[2, 12, 15, 19, 10, 14, 9, 1, 16, 13, 3, 4, 7, 6, 11, 0, 17, 8, 5, 18]|[0, 0, 0, 0, 2, 2, 0, 0, 1, 0, 2, 1, 0, 1, 2, 0, 0, 0, 2, 1]|[0, 3, 3, 3, 1, 1, 3, 3, 1, 3, 1, 1, 3, 1, 1, 3, 2, 3, 1, 1]|[1, 0, 2, 0, 1, 0, 2, 1, 1, 2, 1, 0, 0, 1, 1, 1, 0, 2, 0, 0];[2, 12, 15, 19, 10, 14, 9, 1, 16, 13, 3, 4, 7, 6, 11, 0, 17, 8, 5, 18]|[0, 0, 0, 0, 2, 2, 0, 0, 1, 0, 2, 1, 0, 1, 2, 0, 0, 0, 2, 1]|[0, 3, 3, 3, 1, 1, 3, 3, 1, 3, 1, 1, 3, 1, 1, 3, 2, 3, 1, 1]|[1, 0, 2, 0, 1, 0, 2, 1, 1, 2, 1, 0, 0, 1, 1, 1, 0, 2, 0, 0];[1, 19, 13, 14, 2, 4, 16, 5, 3, 10, 12, 9, 6, 17, 8, 15, 18, 11, 7, 0]|[0, 1, 1, 0, 2, 1, 2, 2, 1, 0, 0, 2, 0, 1, 0, 1, 1, 2, 1, 0]|[3, 1, 0, 3, 0, 1, 1, 0, 0, 0, 3, 0, 2, 0, 3, 1, 1, 0, 1, 3]|[0, 1, 1, 2, 1, 0, 0, 1, 1, 0, 0, 0, 2, 1, 1, 0, 1, 1, 1, 0];[5, 16, 17, 4, 6, 14, 0, 2, 9, 12, 15, 18, 3, 10, 19, 13, 8, 11, 7, 1]|[0, 1, 1, 2, 2, 0, 2, 1, 0, 2, 0, 0, 1, 2, 1, 1, 2, 2, 1, 0]|[3, 1, 1, 1, 0, 0, 0, 1, 3, 0, 3, 3, 1, 1, 0, 1, 0, 0, 1, 3]|[2, 1, 1, 1, 0, 0, 1, 1, 2, 1, 0, 0, 1, 1, 0, 1, 0, 1, 1, 0];[5, 16, 17, 4, 6, 14, 0, 2, 9, 12, 15, 18, 3, 10, 19, 13, 8, 11, 7, 1]|[0, 1, 1, 2, 2, 0, 2, 1, 0, 2, 0, 0, 1, 2, 1, 1, 2, 2, 1, 0]|[3, 1, 1, 1, 0, 0, 0, 1, 3, 0, 3, 3, 1, 1, 0, 1, 0, 0, 1, 3]|[2, 1, 1, 1, 0, 0, 1, 1, 2, 1, 0, 0, 1, 1, 0, 1, 0, 1, 1, 0];[5, 16, 17, 4, 6, 14, 0, 2, 9, 12, 15, 18, 3, 10, 19, 13, 8, 11, 7, 1]|[0, 1, 1, 2, 2, 0, 2, 1, 0, 2, 0, 0, 1, 2, 1, 1, 2, 2, 1, 0]|[3, 1, 1, 1, 0, 0, 0, 1, 3, 0, 3, 3, 1, 1, 0, 1, 0, 0, 1, 3]|[2, 1, 1, 1, 0, 0, 1, 1, 2, 1, 0, 0, 1, 1, 0, 1, 0, 1, 1, 0];[5, 16, 17, 4, 6, 14, 0, 2, 9, 12, 15, 18, 3, 10, 19, 13, 8, 11, 7, 1]|[0, 1, 1, 2, 2, 0, 2, 1, 0, 2, 0, 0, 1, 2, 1, 1, 2, 2, 1, 0]|[3, 1, 1, 1, 0, 0, 0, 1, 3, 0, 3, 3, 1, 1, 0, 1, 0, 0, 1, 3]|[2, 1, 1, 1, 0, 0, 1, 1, 2, 1, 0, 0, 1, 1, 0, 1, 0, 1, 1, 0];[2, 19, 15, 12, 10, 14, 9, 18, 16, 13, 3, 4, 8, 6, 1, 11, 0, 7, 5, 17]|[0, 0, 0, 0, 2, 2, 2, 0, 1, 0, 2, 1, 0, 1, 0, 0, 0, 0, 2, 1]|[0, 3, 3, 3, 1, 1, 1, 3, 1, 3, 1, 1, 2, 1, 3, 3, 3, 3, 1, 1]|[1, 0, 2, 0, 1, 0, 0, 1, 1, 2, 1, 0, 0, 1, 1, 0, 2, 1, 0, 0];[2, 19, 15, 12, 10, 14, 9, 18, 16, 13, 3, 4, 8, 6, 1, 11, 0, 7, 5, 17]|[0, 0, 0, 0, 2, 2, 2, 0, 1, 0, 2, 1, 0, 1, 0, 0, 0, 0, 2, 1]|[0, 3, 3, 3, 1, 1, 1, 3, 1, 3, 1, 1, 2, 1, 3, 3, 3, 3, 1, 1]|[1, 0, 2, 0, 1, 0, 0, 1, 1, 2, 1, 0, 0, 1, 1, 0, 2, 1, 0, 0];[4, 19, 6, 12, 8, 3, 2, 7, 13, 5, 17, 16, 1, 0, 18, 15, 11, 9, 10, 14]|[0, 2, 1, 0, 1, 2, 0, 0, 0, 0, 0, 1, 0, 0, 0, 2, 2, 0, 2, 1]|[3, 1, 1, 0, 1, 1, 3, 3, 3, 3, 3, 1, 3, 2, 3, 1, 0, 3, 1, 1]|[0, 1, 1, 0, 0, 1, 2, 1, 0, 2, 0, 1, 2, 0, 1, 0, 1, 2, 0, 1];[4, 19, 6, 12, 8, 3, 2, 7, 13, 5, 17, 16, 1, 0, 18, 15, 11, 9, 10, 14]|[0, 2, 1, 0, 1, 2, 0, 0, 0, 0, 0, 1, 0, 0, 0, 2, 2, 0, 2, 1]|[3, 1, 1, 0, 1, 1, 3, 3, 3, 3, 3, 1, 3, 2, 3, 1, 0, 3, 1, 1]|[0, 1, 1, 0, 0, 1, 2, 1, 0, 2, 0, 1, 2, 0, 1, 0, 1, 2, 0, 1];[4, 19, 6, 12, 8, 3, 2, 7, 13, 5, 17, 16, 1, 0, 18, 15, 11, 9, 10, 14]|[0, 2, 1, 0, 1, 2, 0, 0, 0, 0, 0, 1, 0, 0, 0, 2, 2, 0, 2, 1]|[3, 1, 1, 0, 1, 1, 3, 3, 3, 3, 3, 1, 3, 2, 3, 1, 0, 3, 1, 1]|[0, 1, 1, 0, 0, 1, 2, 1, 0, 2, 0, 1, 2, 0, 1, 0, 1, 2, 0, 1];[4, 19, 6, 12, 8, 3, 2, 7, 13, 5, 17, 16, 1, 0, 18, 15, 11, 9, 10, 14]|[0, 2, 1, 0, 1, 2, 0, 0, 0, 0, 0, 1, 0, 0, 0, 2, 2, 0, 2, 1]|[3, 1, 1, 0, 1, 1, 3, 3, 3, 3, 3, 1, 3, 2, 3, 1, 0, 3, 1, 1]|[0, 1, 1, 0, 0, 1, 2, 1, 0, 2, 0, 1, 2, 0, 1, 0, 1, 2, 0, 1];[11, 19, 14, 2, 4, 16, 5, 3, 9, 10, 18, 7, 1, 15, 0, 12, 17, 6, 13, 8]|[0, 1, 0, 2, 1, 2, 2, 1, 1, 0, 0, 2, 0, 2, 0, 1, 1, 2, 1, 0]|[0, 0, 1, 1, 1, 0, 1, 0, 1, 3, 3, 0, 3, 0, 3, 1, 1, 0, 0, 3]|[2, 1, 1, 1, 0, 0, 1, 1, 1, 0, 0, 1, 0, 0, 2, 1, 1, 1, 1, 0];[11, 19, 14, 2, 4, 16, 5, 3, 9, 10, 18, 7, 1, 15, 0, 12, 17, 6, 13, 8]|[0, 1, 0, 2, 1, 2, 2, 1, 1, 0, 0, 2, 0, 2, 0, 1, 1, 2, 1, 0]|[0, 0, 1, 1, 1, 0, 1, 0, 1, 3, 3, 0, 3, 0, 3, 1, 1, 0, 0, 3]|[2, 1, 1, 1, 0, 0, 1, 1, 1, 0, 0, 1, 0, 0, 2, 1, 1, 1, 1, 0];[2, 19, 13, 9, 14, 8, 6, 16, 7, 11, 10, 1, 12, 15, 17, 5, 18, 3, 4, 0]|[0, 1, 1, 2, 0, 1, 2, 2, 0, 0, 2, 0, 1, 0, 1, 2, 1, 1, 1, 0]|[3, 1, 1, 1, 3, 1, 0, 0, 0, 3, 0, 3, 1, 3, 1, 0, 1, 1, 1, 3]|[0, 1, 1, 1, 2, 1, 0, 1, 0, 0, 1, 2, 1, 1, 1, 1, 1, 1, 1, 0];[2, 19, 13, 9, 14, 8, 6, 16, 7, 11, 10, 1, 12, 15, 17, 5, 18, 3, 4, 0]|[0, 1, 1, 2, 0, 1, 2, 2, 0, 0, 2, 0, 1, 0, 1, 2, 1, 1, 1, 0]|[3, 1, 1, 1, 3, 1, 0, 0, 0, 3, 0, 3, 1, 3, 1, 0, 1, 1, 1, 3]|[0, 1, 1, 1, 2, 1, 0, 1, 0, 0, 1, 2, 1, 1, 1, 1, 1, 1, 1, 0];[2, 19, 13, 9, 14, 8, 6, 16, 7, 11, 10, 1, 12, 15, 17, 5, 18, 3, 4, 0]|[0, 1, 1, 2, 0, 1, 2, 2, 0, 0, 2, 0, 1, 0, 1, 2, 1, 1, 1, 0]|[3, 1, 1, 1, 3, 1, 0, 0, 0, 3, 0, 3, 1, 3, 1, 0, 1, 1, 1, 3]|[0, 1, 1, 1, 2, 1, 0, 1, 0, 0, 1, 2, 1, 1, 1, 1, 1, 1, 1, 0];[2, 19, 13, 9, 14, 8, 6, 16, 7, 11, 10, 1, 12, 15, 17, 5, 18, 3, 4, 0]|[0, 1, 1, 2, 0, 1, 2, 2, 0, 0, 2, 0, 1, 0, 1, 2, 1, 1, 1, 0]|[3, 1, 1, 1, 3, 1, 0, 0, 0, 3, 0, 3, 1, 3, 1, 0, 1, 1, 1, 3]|[0, 1, 1, 1, 2, 1, 0, 1, 0, 0, 1, 2, 1, 1, 1, 1, 1, 1, 1, 0];[19, 15, 14, 4, 13, 16, 5, 12, 7, 6, 0, 10, 9, 11, 1, 17, 2, 3, 8, 18]|[2, 1, 1, 0, 1, 2, 2, 1, 0, 0, 0, 2, 2, 0, 1, 1, 1, 2, 1, 0]|[1, 1, 0, 3, 1, 0, 0, 0, 0, 3, 1, 0, 0, 3, 0, 0, 1, 0, 1, 3]|[0, 1, 1, 2, 0, 1, 1, 1, 0, 0, 1, 1, 0, 0, 1, 1, 0, 1, 1, 0];[19, 14, 5, 4, 16, 2, 3, 9, 17, 6, 15, 11, 7, 8, 12, 10, 13, 18, 0, 1]|[1, 0, 2, 1, 2, 2, 1, 0, 0, 1, 1, 0, 0, 1, 2, 2, 2, 1, 0, 0]|[0, 0, 1, 1, 0, 1, 0, 3, 3, 0, 1, 0, 3, 1, 0, 0, 0, 1, 3, 3]|[1, 2, 1, 0, 0, 1, 1, 0, 0, 0, 1, 1, 0, 1, 1, 1, 0, 1, 2, 0];[19, 14, 5, 4, 16, 2, 3, 9, 17, 6, 15, 11, 7, 8, 12, 10, 13, 18, 0, 1]|[1, 0, 2, 1, 2, 2, 1, 0, 0, 1, 1, 0, 0, 1, 2, 2, 2, 1, 0, 0]|[0, 0, 1, 1, 0, 1, 0, 3, 3, 0, 1, 0, 3, 1, 0, 0, 0, 1, 3, 3]|[1, 2, 1, 0, 0, 1, 1, 0, 0, 0, 1, 1, 0, 1, 1, 1, 0, 1, 2, 0];[1, 19, 14, 16, 5, 6, 4, 10, 13, 17, 11, 18, 15, 12, 7, 3, 9, 8, 2, 0]|[0, 2, 0, 2, 2, 2, 1, 1, 1, 1, 1, 0, 0, 2, 0, 0, 1, 1, 2, 0]|[3, 0, 0, 1, 1, 1, 1, 1, 1, 1, 1, 3, 3, 0, 3, 3, 1, 1, 1, 3]|[0, 1, 2, 0, 1, 0, 1, 1, 1, 1, 1, 0, 2, 1, 0, 0, 1, 1, 1, 2];[1, 19, 14, 16, 5, 6, 4, 10, 13, 17, 11, 18, 15, 12, 7, 3, 9, 8, 2, 0]|[0, 2, 0, 2, 2, 2, 1, 1, 1, 1, 1, 0, 0, 2, 0, 0, 1, 1, 2, 0]|[3, 0, 0, 1, 1, 1, 1, 1, 1, 1, 1, 3, 3, 0, 3, 3, 1, 1, 1, 3]|[0, 1, 2, 0, 1, 0, 1, 1, 1, 1, 1, 0, 2, 1, 0, 0, 1, 1, 1, 2];[12, 5, 4, 15, 11, 19, 1, 16, 3, 9, 0, 10, 2, 14, 6, 17, 13, 18, 7, 8]|[0, 2, 0, 2, 0, 1, 0, 2, 1, 2, 2, 1, 2, 0, 1, 1, 1, 2, 1, 0]|[3, 0, 3, 1, 0, 1, 2, 1, 1, 0, 0, 1, 1, 3, 0, 1, 1, 0, 1, 3]|[0, 0, 2, 1, 1, 1, 0, 0, 1, 1, 1, 1, 1, 2, 0, 1, 1, 0, 1, 0];[12, 5, 4, 15, 11, 19, 1, 16, 3, 9, 0, 10, 2, 14, 6, 17, 13, 18, 7, 8]|[0, 2, 0, 2, 0, 1, 0, 2, 1, 2, 2, 1, 2, 0, 1, 1, 1, 2, 1, 0]|[3, 0, 3, 1, 0, 1, 2, 1, 1, 0, 0, 1, 1, 3, 0, 1, 1, 0, 1, 3]|[0, 0, 2, 1, 1, 1, 0, 0, 1, 1, 1, 1, 1, 2, 0, 1, 1, 0, 1, 0];[2, 1, 12, 8, 10, 3, 5, 6, 13, 7, 0, 18, 15, 9, 14, 16, 4, 17, 19, 11]|[2, 1, 1, 0, 0, 1, 2, 0, 1, 1, 0, 0, 1, 1, 0, 2, 1, 2, 2, 0]|[1, 1, 1, 3, 3, 1, 0, 3, 1, 1, 3, 3, 1, 1, 3, 0, 1, 0, 0, 3]|[1, 1, 1, 0, 0, 1, 1, 2, 1, 1, 0, 0, 1, 1, 2, 0, 1, 1, 1, 0];[2, 1, 12, 8, 10, 3, 5, 6, 13, 7, 0, 18, 15, 9, 14, 16, 4, 17, 19, 11]|[2, 1, 1, 0, 0, 1, 2, 0, 1, 1, 0, 0, 1, 1, 0, 2, 1, 2, 2, 0]|[1, 1, 1, 3, 3, 1, 0, 3, 1, 1, 3, 3, 1, 1, 3, 0, 1, 0, 0, 3]|[1, 1, 1, 0, 0, 1, 1, 2, 1, 1, 0, 0, 1, 1, 2, 0, 1, 1, 1, 0];[2, 1, 12, 8, 10, 3, 5, 6, 13, 7, 0, 18, 15, 9, 14, 16, 4, 17, 19, 11]|[2, 1, 1, 0, 0, 1, 2, 0, 1, 1, 0, 0, 1, 1, 0, 2, 1, 2, 2, 0]|[1, 1, 1, 3, 3, 1, 0, 3, 1, 1, 3, 3, 1, 1, 3, 0, 1, 0, 0, 3]|[1, 1, 1, 0, 0, 1, 1, 2, 1, 1, 0, 0, 1, 1, 2, 0, 1, 1, 1, 0];[2, 1, 12, 8, 10, 3, 5, 6, 13, 7, 0, 18, 15, 9, 14, 16, 4, 17, 19, 11]|[2, 1, 1, 0, 0, 1, 2, 0, 1, 1, 0, 0, 1, 1, 0, 2, 1, 2, 2, 0]|[1, 1, 1, 3, 3, 1, 0, 3, 1, 1, 3, 3, 1, 1, 3, 0, 1, 0, 0, 3]|[1, 1, 1, 0, 0, 1, 1, 2, 1, 1, 0, 0, 1, 1, 2, 0, 1, 1, 1, 0];[2, 12, 15, 19, 10, 14, 9, 1, 16, 13, 3, 4, 7, 6, 11, 0, 8, 18, 17, 5]|[0, 0, 0, 0, 2, 2, 0, 0, 1, 0, 2, 1, 0, 1, 2, 0, 0, 0, 2, 1]|[0, 3, 3, 3, 1, 1, 3, 3, 1, 3, 1, 1, 3, 1, 0, 3, 2, 3, 1, 1]|[2, 0, 2, 0, 1, 0, 2, 1, 1, 2, 1, 0, 0, 1, 1, 0, 1, 0, 0, 1];[16, 19, 8, 4, 15, 3, 10, 1, 11, 13, 18, 17, 0, 12, 6, 9, 14, 5, 2, 7]|[0, 1, 1, 0, 1, 0, 1, 1, 2, 1, 0, 1, 2, 2, 1, 2, 0, 2, 0, 0]|[3, 1, 1, 3, 1, 3, 1, 1, 0, 1, 3, 1, 0, 0, 1, 0, 3, 0, 3, 3]|[0, 1, 1, 2, 1, 0, 1, 1, 1, 1, 0, 1, 1, 0, 1, 1, 2, 1, 0, 0];[16, 19, 8, 4, 15, 3, 10, 1, 11, 13, 18, 17, 0, 12, 6, 9, 14, 5, 2, 7]|[0, 1, 1, 0, 1, 0, 1, 1, 2, 1, 0, 1, 2, 2, 1, 2, 0, 2, 0, 0]|[3, 1, 1, 3, 1, 3, 1, 1, 0, 1, 3, 1, 0, 0, 1, 0, 3, 0, 3, 3]|[0, 1, 1, 2, 1, 0, 1, 1, 1, 1, 0, 1, 1, 0, 1, 1, 2, 1, 0, 0];[2, 12, 13, 14, 11, 6, 1, 5, 17, 3, 4, 7, 0, 9, 19, 16, 15, 8, 18, 10]|[0, 0, 0, 0, 2, 1, 0, 1, 0, 2, 1, 0, 0, 0, 2, 2, 0, 0, 2, 1]|[3, 0, 0, 3, 1, 1, 3, 1, 3, 1, 1, 3, 2, 3, 1, 1, 3, 3, 1, 1]|[0, 2, 1, 2, 1, 0, 1, 1, 2, 1, 0, 1, 0, 2, 0, 1, 1, 0, 0, 0];[2, 12, 13, 14, 11, 6, 1, 5, 17, 3, 4, 7, 0, 9, 19, 16, 15, 8, 18, 10]|[0, 0, 0, 0, 2, 1, 0, 1, 0, 2, 1, 0, 0, 0, 2, 2, 0, 0, 2, 1]|[3, 0, 0, 3, 1, 1, 3, 1, 3, 1, 1, 3, 2, 3, 1, 1, 3, 3, 1, 1]|[0, 2, 1, 2, 1, 0, 1, 1, 2, 1, 0, 1, 0, 2, 0, 1, 1, 0, 0, 0];[16, 19, 8, 4, 15, 3, 10, 1, 11, 13, 18, 17, 0, 12, 6, 9, 14, 5, 2, 7]|[0, 1, 1, 0, 1, 0, 1, 1, 2, 1, 0, 1, 2, 2, 1, 2, 0, 2, 0, 0]|[3, 1, 1, 3, 1, 3, 1, 1, 0, 1, 3, 1, 0, 0, 1, 0, 3, 0, 3, 3]|[0, 1, 1, 2, 1, 0, 1, 1, 1, 1, 0, 1, 1, 0, 1, 1, 2, 1, 0, 0];[16, 19, 8, 4, 15, 3, 10, 1, 11, 13, 18, 17, 0, 12, 6, 9, 14, 5, 2, 7]|[0, 1, 1, 0, 1, 0, 1, 1, 2, 1, 0, 1, 2, 2, 1, 2, 0, 2, 0, 0]|[3, 1, 1, 3, 1, 3, 1, 1, 0, 1, 3, 1, 0, 0, 1, 0, 3, 0, 3, 3]|[0, 1, 1, 2, 1, 0, 1, 1, 1, 1, 0, 1, 1, 0, 1, 1, 2, 1, 0, 0];[2, 12, 13, 14, 11, 6, 1, 5, 17, 3, 4, 7, 0, 9, 19, 16, 15, 8, 18, 10]|[0, 0, 0, 0, 2, 1, 0, 1, 0, 2, 1, 0, 0, 0, 2, 2, 0, 0, 2, 1]|[3, 0, 0, 3, 1, 1, 3, 1, 3, 1, 1, 3, 2, 3, 1, 1, 3, 3, 1, 1]|[0, 2, 1, 2, 1, 0, 1, 1, 2, 1, 0, 1, 0, 2, 0, 1, 1, 0, 0, 0];[2, 12, 13, 14, 11, 6, 1, 5, 17, 3, 4, 7, 0, 9, 19, 16, 15, 8, 18, 10]|[0, 0, 0, 0, 2, 1, 0, 1, 0, 2, 1, 0, 0, 0, 2, 2, 0, 0, 2, 1]|[3, 0, 0, 3, 1, 1, 3, 1, 3, 1, 1, 3, 2, 3, 1, 1, 3, 3, 1, 1]|[0, 2, 1, 2, 1, 0, 1, 1, 2, 1, 0, 1, 0, 2, 0, 1, 1, 0, 0, 0];[2, 19, 8, 14, 6, 13, 5, 15, 4, 11, 7, 12, 17, 16, 3, 9, 1, 0, 10, 18]|[0, 1, 1, 0, 1, 2, 2, 0, 2, 0, 0, 2, 0, 2, 1, 1, 1, 1, 1, 0]|[3, 1, 1, 3, 1, 0, 0, 3, 0, 3, 3, 0, 3, 0, 1, 1, 1, 1, 1, 3]|[0, 1, 1, 0, 1, 1, 1, 2, 1, 0, 0, 1, 0, 0, 1, 1, 1, 1, 1, 0];[2, 19, 8, 14, 6, 13, 5, 15, 4, 11, 7, 12, 17, 16, 3, 9, 1, 0, 10, 18]|[0, 1, 1, 0, 1, 2, 2, 0, 2, 0, 0, 2, 0, 2, 1, 1, 1, 1, 1, 0]|[3, 1, 1, 3, 1, 0, 0, 3, 0, 3, 3, 0, 3, 0, 1, 1, 1, 1, 1, 3]|[0, 1, 1, 0, 1, 1, 1, 2, 1, 0, 0, 1, 0, 0, 1, 1, 1, 1, 1, 0];[5, 12, 17, 10, 4, 19, 16, 1, 3, 13, 15, 6, 8, 2, 11, 14, 7, 0, 9, 18]|[0, 1, 2, 0, 2, 1, 2, 2, 1, 2, 0, 2, 0, 1, 1, 2, 1, 1, 0, 0]|[0, 1, 1, 3, 0, 1, 0, 1, 0, 1, 3, 0, 3, 0, 1, 0, 1, 1, 3, 3]|[2, 1, 1, 0, 0, 0, 0, 1, 1, 1, 0, 1, 0, 1, 1, 1, 1, 1, 0, 2];[5, 4, 14, 10, 2, 6, 3, 0, 17, 12, 11, 1, 16, 18, 7, 15, 9, 13, 19, 8]|[0, 1, 0, 2, 1, 2, 2, 1, 1, 0, 0, 1, 0, 2, 0, 1, 2, 1, 1, 0]|[3, 1, 3, 0, 1, 0, 0, 1, 1, 3, 3, 1, 3, 0, 3, 1, 0, 1, 1, 3]|[0, 1, 2, 1, 1, 0, 1, 1, 1, 0, 0, 1, 2, 1, 0, 1, 1, 1, 1, 0];[5, 4, 14, 10, 2, 6, 3, 0, 17, 12, 11, 1, 16, 18, 7, 15, 9, 13, 19, 8]|[0, 1, 0, 2, 1, 2, 2, 1, 1, 0, 0, 1, 0, 2, 0, 1, 2, 1, 1, 0]|[3, 1, 3, 0, 1, 0, 0, 1, 1, 3, 3, 1, 3, 0, 3, 1, 0, 1, 1, 3]|[0, 1, 2, 1, 1, 0, 1, 1, 1, 0, 0, 1, 2, 1, 0, 1, 1, 1, 1, 0];[5, 4, 14, 10, 2, 6, 3, 0, 17, 12, 11, 1, 16, 18, 7, 15, 9, 13, 19, 8]|[0, 1, 0, 2, 1, 2, 2, 1, 1, 0, 0, 1, 0, 2, 0, 1, 2, 1, 1, 0]|[3, 1, 3, 0, 1, 0, 0, 1, 1, 3, 3, 1, 3, 0, 3, 1, 0, 1, 1, 3]|[0, 1, 2, 1, 1, 0, 1, 1, 1, 0, 0, 1, 2, 1, 0, 1, 1, 1, 1, 0];[5, 4, 14, 10, 2, 6, 3, 0, 17, 12, 11, 1, 16, 18, 7, 15, 9, 13, 19, 8]|[0, 1, 0, 2, 1, 2, 2, 1, 1, 0, 0, 1, 0, 2, 0, 1, 2, 1, 1, 0]|[3, 1, 3, 0, 1, 0, 0, 1, 1, 3, 3, 1, 3, 0, 3, 1, 0, 1, 1, 3]|[0, 1, 2, 1, 1, 0, 1, 1, 1, 0, 0, 1, 2, 1, 0, 1, 1, 1, 1, 0];[5, 2, 14, 10, 4, 13, 16, 19, 17, 0, 11, 9, 12, 3, 18, 15, 6, 1, 7, 8]|[0, 1, 0, 2, 1, 1, 2, 2, 1, 0, 1, 2, 2, 0, 0, 2, 1, 2, 1, 0]|[0, 0, 3, 1, 1, 1, 0, 1, 0, 3, 0, 0, 1, 0, 3, 0, 1, 0, 1, 3]|[0, 0, 2, 1, 1, 1, 0, 1, 1, 2, 0, 0, 0, 1, 0, 1, 1, 1, 1, 0];[5, 2, 14, 10, 4, 13, 16, 19, 17, 0, 11, 9, 12, 3, 18, 15, 6, 1, 7, 8]|[0, 1, 0, 2, 1, 1, 2, 2, 1, 0, 1, 2, 2, 0, 0, 2, 1, 2, 1, 0]|[0, 0, 3, 1, 1, 1, 0, 1, 0, 3, 0, 0, 1, 0, 3, 0, 1, 0, 1, 3]|[0, 0, 2, 1, 1, 1, 0, 1, 1, 2, 0, 0, 0, 1, 0, 1, 1, 1, 1, 0];[5, 2, 14, 10, 4, 13, 16, 19, 17, 0, 11, 9, 12, 3, 18, 15, 6, 1, 7, 8]|[0, 1, 0, 2, 1, 1, 2, 2, 1, 0, 1, 2, 2, 0, 0, 2, 1, 2, 1, 0]|[0, 0, 3, 1, 1, 1, 0, 1, 0, 3, 0, 0, 1, 0, 3, 0, 1, 0, 1, 3]|[0, 0, 2, 1, 1, 1, 0, 1, 1, 2, 0, 0, 0, 1, 0, 1, 1, 1, 1, 0];[5, 2, 14, 10, 4, 13, 16, 19, 17, 0, 11, 9, 12, 3, 18, 15, 6, 1, 7, 8]|[0, 1, 0, 2, 1, 1, 2, 2, 1, 0, 1, 2, 2, 0, 0, 2, 1, 2, 1, 0]|[0, 0, 3, 1, 1, 1, 0, 1, 0, 3, 0, 0, 1, 0, 3, 0, 1, 0, 1, 3]|[0, 0, 2, 1, 1, 1, 0, 1, 1, 2, 0, 0, 0, 1, 0, 1, 1, 1, 1, 0];[4, 7, 5, 3, 10, 14, 16, 17, 0, 12, 2, 13, 15, 19, 1, 9, 8, 18, 11, 6]|[1, 2, 1, 2, 2, 2, 1, 0, 2, 0, 0, 0, 0, 0, 0, 0, 0, 0, 2, 1]|[1, 1, 1, 1, 0, 1, 1, 3, 1, 3, 3, 3, 3, 3, 3, 3, 3, 3, 1, 1]|[1, 1, 0, 1, 1, 0, 1, 0, 1, 0, 2, 0, 2, 0, 2, 0, 2, 0, 0, 0];[1, 19, 10, 14, 15, 16, 17, 4, 6, 18, 2, 12, 13, 0, 7, 11, 9, 3, 5, 8]|[1, 2, 2, 2, 0, 1, 0, 1, 1, 2, 0, 0, 0, 0, 0, 0, 0, 0, 2, 1]|[1, 1, 0, 1, 3, 1, 3, 1, 1, 1, 3, 3, 3, 3, 3, 3, 3, 3, 1, 1]|[1, 1, 1, 0, 0, 1, 2, 0, 1, 1, 0, 0, 2, 0, 0, 2, 0, 0, 0, 1];[2, 12, 15, 19, 10, 4, 9, 1, 16, 0, 3, 14, 7, 5, 18, 13, 17, 8, 11, 6]|[0, 0, 0, 0, 2, 2, 0, 0, 1, 0, 2, 1, 0, 1, 2, 0, 0, 0, 2, 1]|[0, 3, 3, 3, 1, 1, 3, 3, 1, 3, 1, 1, 3, 1, 1, 3, 3, 3, 1, 1]|[0, 0, 2, 0, 1, 0, 2, 1, 1, 2, 1, 0, 0, 1, 1, 1, 0, 2, 0, 0];[2, 14, 4, 5, 15, 1, 7, 3, 10, 13, 0, 9, 12, 11, 17, 16, 19, 6, 18, 8]|[2, 0, 1, 2, 0, 0, 0, 1, 2, 0, 0, 0, 0, 2, 2, 1, 0, 0, 2, 1]|[0, 3, 1, 1, 3, 3, 3, 1, 1, 3, 3, 3, 3, 0, 1, 1, 3, 3, 1, 1]|[0, 2, 0, 1, 0, 2, 0, 1, 1, 0, 2, 0, 2, 0, 1, 1, 0, 0, 0, 1];[2, 19, 8, 14, 9, 6, 18, 12, 13, 1, 7, 0, 4, 10, 11, 16, 3, 15, 5, 17]|[0, 1, 1, 0, 2, 1, 0, 1, 2, 1, 0, 2, 0, 0, 2, 2, 1, 1, 1, 0]|[3, 1, 1, 3, 0, 1, 3, 1, 0, 1, 3, 0, 3, 3, 0, 0, 1, 1, 1, 3]|[0, 1, 1, 2, 1, 1, 0, 1, 0, 1, 2, 1, 0, 2, 0, 1, 1, 1, 1, 0];[2, 19, 8, 14, 9, 6, 18, 12, 13, 1, 7, 0, 4, 10, 11, 16, 3, 15, 5, 17]|[0, 1, 1, 0, 2, 1, 0, 1, 2, 1, 0, 2, 0, 0, 2, 2, 1, 1, 1, 0]|[3, 1, 1, 3, 0, 1, 3, 1, 0, 1, 3, 0, 3, 3, 0, 0, 1, 1, 1, 3]|[0, 1, 1, 2, 1, 1, 0, 1, 0, 1, 2, 1, 0, 2, 0, 1, 1, 1, 1, 0]	sBp=[5, 2, 14, 10, 4, 13, 16, 19, 17, 0, 11, 9, 12, 3, 18, 15, 6, 1, 7, 8]|[0, 1, 0, 2, 1, 1, 2, 2, 1, 0, 1, 2, 2, 0, 0, 2, 1, 2, 1, 0]|[0, 0, 3, 1, 1, 1, 0, 1, 0, 3, 0, 0, 1, 0, 3, 0, 1, 0, 1, 3]|[0, 0, 2, 1, 1, 1, 0, 1, 1, 2, 0, 0, 0, 1, 0, 1, 1, 1, 1, 0];[2, 19, 8, 14, 9, 6, 18, 12, 13, 1, 7, 0, 4, 10, 11, 16, 3, 15, 5, 17]|[0, 1, 1, 0, 2, 1, 0, 1, 2, 1, 0, 2, 0, 0, 2, 2, 1, 1, 1, 0]|[3, 1, 1, 3, 0, 1, 3, 1, 0, 1, 3, 0, 3, 3, 0, 0, 1, 1, 1, 3]|[0, 1, 1, 2, 1, 1, 0, 1, 0, 1, 2, 1, 0, 2, 0, 1, 1, 1, 1, 0];[2, 19, 15, 12, 10, 14, 9, 18, 16, 13, 3, 4, 8, 6, 1, 11, 0, 7, 5, 17]|[0, 0, 0, 0, 2, 2, 2, 0, 1, 0, 2, 1, 0, 1, 0, 0, 0, 0, 2, 1]|[0, 3, 3, 3, 1, 1, 1, 3, 1, 3, 1, 1, 2, 1, 3, 3, 3, 3, 1, 1]|[1, 0, 2, 0, 1, 0, 0, 1, 1, 2, 1, 0, 0, 1, 1, 0, 2, 1, 0, 0];[1, 19, 8, 14, 5, 13, 6, 16, 3, 0, 12, 4, 2, 15, 17, 10, 9, 11, 7, 18]|[0, 1, 1, 0, 2, 1, 2, 2, 1, 0, 0, 2, 0, 1, 0, 1, 1, 2, 1, 0]|[3, 1, 1, 3, 0, 1, 0, 0, 0, 0, 3, 0, 3, 0, 3, 1, 1, 0, 1, 3]|[0, 1, 1, 2, 1, 0, 0, 1, 1, 1, 0, 1, 2, 1, 1, 1, 1, 1, 1, 0];[1, 19, 13, 14, 2, 4, 16, 5, 3, 10, 12, 6, 11, 18, 7, 9, 15, 0, 17, 8]|[0, 1, 1, 0, 2, 1, 2, 2, 1, 0, 0, 2, 0, 1, 0, 1, 1, 2, 1, 0]|[3, 1, 1, 3, 0, 1, 0, 0, 0, 0, 3, 0, 3, 0, 3, 1, 1, 0, 1, 3]|[0, 1, 1, 2, 1, 0, 0, 1, 1, 0, 0, 1, 2, 1, 1, 1, 1, 1, 1, 0];[2, 19, 6, 15, 3, 4, 16, 5, 1, 11, 10, 0, 18, 12, 7, 13, 17, 8, 9, 14]|[0, 1, 1, 0, 2, 1, 2, 2, 1, 0, 0, 2, 0, 1, 0, 1, 1, 2, 1, 0]|[3, 1, 0, 3, 0, 1, 0, 0, 0, 0, 3, 0, 3, 1, 3, 1, 1, 0, 1, 3]|[0, 1, 1, 2, 1, 0, 0, 1, 1, 1, 0, 1, 2, 1, 1, 1, 1, 1, 1, 0];[1, 19, 14, 2, 17, 18, 5, 15, 12, 6, 16, 10, 11, 4, 0, 7, 13, 8, 3, 9]|[0, 1, 0, 2, 2, 1, 0, 1, 1, 2, 2, 0, 0, 2, 0, 1, 1, 1, 1, 0]|[3, 1, 3, 0, 0, 1, 3, 1, 1, 0, 0, 0, 3, 0, 3, 1, 1, 1, 1, 3]|[0, 1, 2, 1, 0, 1, 0, 1, 1, 0, 1, 1, 0, 1, 2, 1, 1, 1, 1, 0];[1, 2, 13, 14, 19, 4, 16, 5, 3, 10, 11, 17, 8, 15, 9, 0, 6, 12, 7, 18]|[0, 1, 1, 0, 2, 1, 2, 2, 1, 0, 0, 2, 0, 1, 0, 1, 1, 2, 1, 0]|[3, 1, 0, 3, 1, 1, 0, 0, 0, 0, 3, 0, 3, 1, 0, 1, 1, 0, 1, 3]|[0, 1, 1, 2, 1, 0, 0, 1, 1, 1, 0, 1, 2, 1, 1, 1, 1, 1, 1, 0];[1, 2, 13, 14, 19, 4, 16, 5, 3, 10, 11, 17, 8, 12, 7, 6, 15, 0, 9, 18]|[0, 1, 1, 0, 2, 1, 2, 2, 1, 0, 0, 2, 0, 1, 0, 1, 1, 2, 1, 0]|[3, 1, 0, 3, 1, 1, 0, 0, 0, 0, 3, 0, 3, 1, 0, 1, 1, 0, 1, 3]|[0, 1, 1, 2, 1, 0, 1, 1, 1, 1, 0, 1, 2, 1, 1, 1, 1, 1, 1, 0];[1, 19, 13, 14, 2, 4, 16, 5, 3, 12, 10, 6, 11, 18, 7, 9, 15, 0, 17, 8]|[0, 1, 1, 0, 2, 2, 2, 2, 1, 0, 0, 1, 0, 1, 0, 2, 1, 2, 1, 0]|[1, 1, 1, 3, 0, 0, 0, 0, 0, 3, 0, 1, 3, 0, 3, 1, 1, 0, 1, 3]|[0, 1, 1, 2, 1, 1, 0, 1, 1, 0, 0, 0, 2, 1, 1, 0, 1, 1, 1, 0];[1, 19, 13, 14, 2, 4, 16, 5, 3, 12, 10, 6, 11, 18, 7, 9, 15, 0, 17, 8]|[0, 1, 1, 0, 2, 2, 2, 2, 1, 0, 0, 1, 0, 1, 0, 2, 1, 2, 1, 0]|[1, 1, 1, 3, 0, 0, 0, 0, 0, 3, 0, 1, 3, 0, 3, 1, 1, 0, 1, 3]|[0, 1, 1, 2, 1, 1, 0, 1, 1, 0, 0, 0, 2, 1, 1, 0, 1, 1, 1, 0];[2, 19, 13, 15, 6, 3, 16, 5, 10, 0, 11, 14, 8, 17, 7, 12, 4, 9, 18, 1]|[0, 1, 1, 0, 2, 1, 2, 2, 1, 0, 0, 2, 0, 1, 0, 1, 1, 2, 1, 0]|[3, 1, 1, 3, 1, 1, 0, 1, 0, 0, 3, 0, 3, 0, 0, 1, 1, 0, 1, 3]|[2, 1, 1, 2, 1, 0, 0, 1, 1, 0, 0, 1, 2, 1, 1, 1, 1, 0, 1, 0];[1, 19, 13, 14, 2, 8, 6, 16, 3, 10, 11, 4, 0, 7, 5, 15, 12, 17, 18, 9]|[0, 1, 1, 0, 2, 1, 2, 2, 1, 0, 0, 2, 0, 1, 0, 1, 1, 2, 1, 0]|[3, 1, 1, 3, 0, 1, 0, 0, 0, 0, 3, 0, 3, 0, 3, 1, 1, 0, 1, 3]|[0, 1, 1, 2, 1, 0, 0, 1, 1, 1, 0, 1, 2, 1, 0, 1, 1, 0, 1, 0];[2, 12, 15, 19, 10, 14, 16, 13, 0, 3, 4, 7, 9, 6, 5, 1, 11, 18, 17, 8]|[0, 0, 0, 0, 2, 2, 1, 0, 0, 2, 1, 0, 0, 1, 2, 0, 0, 0, 2, 1]|[0, 3, 3, 3, 1, 1, 1, 3, 3, 1, 1, 3, 3, 1, 1, 3, 2, 3, 1, 1]|[1, 0, 2, 0, 1, 0, 1, 2, 1, 1, 0, 0, 2, 1, 1, 1, 0, 2, 0, 1];[2, 12, 15, 19, 10, 14, 16, 13, 0, 3, 4, 7, 9, 6, 5, 1, 11, 18, 17, 8]|[0, 0, 0, 0, 2, 2, 1, 0, 0, 2, 1, 0, 0, 1, 2, 0, 0, 0, 2, 1]|[0, 3, 3, 3, 1, 1, 1, 3, 3, 1, 1, 3, 3, 1, 1, 3, 2, 3, 1, 1]|[1, 0, 2, 0, 1, 0, 1, 2, 1, 1, 0, 0, 2, 1, 1, 1, 0, 2, 0, 1];[9, 0, 19, 7, 11, 16, 5, 3, 2, 14, 1, 12, 15, 6, 17, 13, 18, 4, 10, 8]|[0, 0, 1, 0, 1, 2, 2, 1, 0, 2, 0, 1, 0, 0, 1, 1, 1, 2, 1, 0]|[3, 0, 1, 0, 1, 0, 0, 1, 3, 0, 3, 1, 3, 2, 1, 1, 1, 0, 0, 3]|[2, 0, 1, 1, 1, 1, 0, 1, 2, 1, 1, 1, 2, 0, 1, 1, 1, 1, 0, 0];[9, 0, 19, 7, 11, 16, 5, 3, 2, 14, 1, 12, 15, 6, 17, 13, 18, 4, 10, 8]|[0, 0, 1, 0, 1, 2, 2, 1, 0, 2, 0, 1, 0, 0, 1, 1, 1, 2, 1, 0]|[3, 0, 1, 0, 1, 0, 0, 1, 3, 0, 3, 1, 3, 2, 1, 1, 1, 0, 0, 3]|[2, 0, 1, 1, 1, 1, 0, 1, 2, 1, 1, 1, 2, 0, 1, 1, 1, 1, 0, 0];[9, 0, 19, 7, 11, 16, 5, 3, 2, 14, 1, 12, 15, 6, 17, 13, 18, 4, 10, 8]|[0, 0, 1, 0, 1, 2, 2, 1, 0, 2, 0, 1, 0, 0, 1, 1, 1, 2, 1, 0]|[3, 0, 1, 0, 1, 0, 0, 1, 3, 0, 3, 1, 3, 2, 1, 1, 1, 0, 0, 3]|[2, 0, 1, 1, 1, 1, 0, 1, 2, 1, 1, 1, 2, 0, 1, 1, 1, 1, 0, 0];[19, 12, 7, 8, 0, 17, 16, 6, 13, 14, 10, 1, 18, 11, 15, 2, 5, 9, 3, 4]|[1, 0, 0, 0, 1, 0, 2, 1, 0, 0, 0, 0, 0, 2, 0, 2, 2, 0, 2, 1]|[1, 3, 3, 3, 1, 0, 1, 1, 3, 3, 3, 3, 2, 1, 3, 0, 0, 0, 1, 1]|[1, 0, 2, 0, 0, 1, 0, 0, 2, 0, 2, 0, 0, 1, 2, 1, 1, 1, 0, 1];[19, 12, 7, 8, 0, 17, 16, 6, 13, 14, 10, 1, 18, 11, 15, 2, 5, 9, 3, 4]|[1, 0, 0, 0, 1, 0, 2, 1, 0, 0, 0, 0, 0, 2, 0, 2, 2, 0, 2, 1]|[1, 3, 3, 3, 1, 0, 1, 1, 3, 3, 3, 3, 2, 1, 3, 0, 0, 0, 1, 1]|[1, 0, 2, 0, 0, 1, 0, 0, 2, 0, 2, 0, 0, 1, 2, 1, 1, 1, 0, 1];[19, 12, 7, 8, 0, 17, 16, 6, 13, 14, 10, 1, 18, 11, 15, 2, 5, 9, 3, 4]|[1, 0, 0, 0, 1, 0, 2, 1, 0, 0, 0, 0, 0, 2, 0, 2, 2, 0, 2, 1]|[1, 3, 3, 3, 1, 0, 1, 1, 3, 3, 3, 3, 2, 1, 3, 0, 0, 0, 1, 1]|[1, 0, 2, 0, 0, 1, 0, 0, 2, 0, 2, 0, 0, 1, 2, 1, 1, 1, 0, 1];[19, 12, 7, 8, 0, 17, 16, 6, 13, 14, 10, 1, 18, 11, 15, 2, 5, 9, 3, 4]|[1, 0, 0, 0, 1, 0, 2, 1, 0, 0, 0, 0, 0, 2, 0, 2, 2, 0, 2, 1]|[1, 3, 3, 3, 1, 0, 1, 1, 3, 3, 3, 3, 2, 1, 3, 0, 0, 0, 1, 1]|[1, 0, 2, 0, 0, 1, 0, 0, 2, 0, 2, 0, 0, 1, 2, 1, 1, 1, 0, 1];[2, 19, 14, 9, 8, 6, 5, 1, 4, 16, 0, 10, 15, 17, 7, 3, 13, 12, 11, 18]|[0, 1, 0, 2, 1, 2, 2, 0, 0, 2, 0, 1, 0, 1, 1, 1, 1, 2, 1, 0]|[3, 1, 3, 1, 1, 0, 0, 0, 3, 0, 3, 1, 3, 1, 1, 1, 1, 0, 1, 3]|[0, 1, 2, 1, 1, 0, 1, 0, 0, 1, 2, 1, 0, 1, 1, 1, 1, 1, 1, 0];[2, 19, 14, 9, 8, 6, 5, 1, 4, 16, 0, 10, 15, 17, 7, 3, 13, 12, 11, 18]|[0, 1, 0, 2, 1, 2, 2, 0, 0, 2, 0, 1, 0, 1, 1, 1, 1, 2, 1, 0]|[3, 1, 3, 1, 1, 0, 0, 0, 3, 0, 3, 1, 3, 1, 1, 1, 1, 0, 1, 3]|[0, 1, 2, 1, 1, 0, 1, 0, 0, 1, 2, 1, 0, 1, 1, 1, 1, 1, 1, 0];[2, 19, 14, 9, 8, 6, 5, 1, 4, 16, 0, 10, 15, 17, 7, 3, 13, 12, 11, 18]|[0, 1, 0, 2, 1, 2, 2, 0, 0, 2, 0, 1, 0, 1, 1, 1, 1, 2, 1, 0]|[3, 1, 3, 1, 1, 0, 0, 0, 3, 0, 3, 1, 3, 1, 1, 1, 1, 0, 1, 3]|[0, 1, 2, 1, 1, 0, 1, 0, 0, 1, 2, 1, 0, 1, 1, 1, 1, 1, 1, 0];[12, 13, 7, 2, 3, 4, 9, 6, 11, 5, 17, 15, 1, 14, 19, 18, 10, 0, 8, 16]|[0, 0, 0, 0, 2, 1, 2, 1, 2, 1, 0, 0, 2, 2, 0, 0, 0, 0, 0, 1]|[3, 2, 3, 3, 1, 1, 0, 1, 1, 1, 3, 3, 0, 0, 3, 3, 0, 3, 3, 1]|[0, 1, 2, 0, 1, 0, 1, 1, 0, 1, 2, 1, 1, 0, 0, 1, 2, 2, 0, 1];[12, 13, 7, 2, 3, 4, 9, 6, 11, 5, 17, 15, 1, 14, 19, 18, 10, 0, 8, 16]|[0, 0, 0, 0, 2, 1, 2, 1, 2, 1, 0, 0, 2, 2, 0, 0, 0, 0, 0, 1]|[3, 2, 3, 3, 1, 1, 0, 1, 1, 1, 3, 3, 0, 0, 3, 3, 0, 3, 3, 1]|[0, 1, 2, 0, 1, 0, 1, 1, 0, 1, 2, 1, 1, 0, 0, 1, 2, 2, 0, 1];[12, 13, 7, 2, 3, 4, 9, 6, 11, 5, 17, 15, 1, 14, 19, 18, 10, 0, 8, 16]|[0, 0, 0, 0, 2, 1, 2, 1, 2, 1, 0, 0, 2, 2, 0, 0, 0, 0, 0, 1]|[3, 2, 3, 3, 1, 1, 0, 1, 1, 1, 3, 3, 0, 0, 3, 3, 0, 3, 3, 1]|[0, 1, 2, 0, 1, 0, 1, 1, 0, 1, 2, 1, 1, 0, 0, 1, 2, 2, 0, 1];[9, 12, 19, 10, 13, 14, 8, 15, 11, 6, 0, 4, 3, 7, 16, 1, 2, 18, 17, 5]|[0, 0, 0, 0, 0, 2, 0, 0, 2, 1, 0, 1, 2, 0, 1, 2, 0, 0, 2, 1]|[3, 0, 3, 2, 3, 1, 2, 3, 0, 1, 3, 1, 1, 3, 1, 1, 3, 3, 1, 1]|[2, 1, 0, 0, 2, 0, 1, 2, 1, 1, 0, 0, 1, 0, 1, 1, 2, 0, 0, 1];[9, 12, 19, 10, 13, 14, 8, 15, 11, 6, 0, 4, 3, 7, 16, 1, 2, 18, 17, 5]|[0, 0, 0, 0, 0, 2, 0, 0, 2, 1, 0, 1, 2, 0, 1, 2, 0, 0, 2, 1]|[3, 0, 3, 2, 3, 1, 2, 3, 0, 1, 3, 1, 1, 3, 1, 1, 3, 3, 1, 1]|[2, 1, 0, 0, 2, 0, 1, 2, 1, 1, 0, 0, 1, 0, 1, 1, 2, 0, 0, 1];[1, 6, 14, 2, 4, 16, 5, 13, 9, 17, 11, 10, 7, 15, 0, 3, 19, 12, 8, 18]|[0, 1, 0, 2, 1, 2, 2, 1, 0, 1, 0, 0, 1, 1, 0, 1, 2, 2, 1, 0]|[3, 0, 3, 1, 1, 0, 0, 0, 3, 1, 3, 0, 1, 1, 0, 0, 0, 0, 1, 3]|[0, 1, 2, 0, 0, 1, 1, 1, 2, 1, 0, 1, 1, 0, 1, 1, 0, 1, 1, 0];[2, 19, 8, 12, 10, 14, 1, 16, 15, 3, 4, 7, 6, 11, 0, 13, 18, 9, 17, 5]|[0, 0, 0, 0, 2, 2, 0, 1, 0, 2, 1, 0, 1, 2, 0, 0, 0, 0, 2, 1]|[0, 3, 3, 3, 1, 1, 3, 1, 3, 1, 1, 3, 1, 1, 3, 2, 3, 3, 0, 1]|[1, 0, 2, 0, 1, 0, 1, 1, 2, 1, 0, 0, 1, 1, 1, 0, 2, 0, 0, 0];[1, 6, 14, 2, 4, 16, 5, 13, 9, 17, 11, 10, 7, 15, 0, 3, 19, 12, 8, 18]|[0, 1, 0, 2, 1, 2, 2, 1, 0, 1, 0, 0, 1, 1, 0, 1, 2, 2, 1, 0]|[3, 0, 3, 1, 1, 0, 0, 0, 3, 1, 3, 0, 1, 1, 0, 0, 0, 0, 1, 3]|[0, 1, 2, 0, 0, 1, 1, 1, 2, 1, 0, 1, 1, 0, 1, 1, 0, 1, 1, 0];[2, 19, 8, 12, 10, 14, 1, 16, 15, 3, 4, 7, 6, 11, 0, 13, 18, 9, 17, 5]|[0, 0, 0, 0, 2, 2, 0, 1, 0, 2, 1, 0, 1, 2, 0, 0, 0, 0, 2, 1]|[0, 3, 3, 3, 1, 1, 3, 1, 3, 1, 1, 3, 1, 1, 3, 2, 3, 3, 0, 1]|[1, 0, 2, 0, 1, 0, 1, 1, 2, 1, 0, 0, 1, 1, 1, 0, 2, 0, 0, 0];[11, 10, 4, 2, 3, 17, 15, 12, 7, 1, 9, 18, 8, 16, 5, 6, 0, 19, 13, 14]|[0, 0, 1, 0, 1, 2, 1, 1, 1, 1, 1, 0, 0, 2, 2, 1, 2, 2, 2, 0]|[0, 3, 1, 3, 1, 0, 1, 1, 1, 1, 1, 3, 3, 0, 1, 1, 0, 0, 0, 3]|[1, 0, 1, 0, 1, 0, 1, 1, 1, 1, 1, 2, 0, 0, 1, 1, 0, 1, 1, 0];[2, 19, 13, 15, 6, 3, 16, 10, 0, 11, 14, 8, 17, 7, 12, 4, 9, 5, 18, 1]|[0, 2, 1, 0, 2, 1, 2, 1, 0, 0, 2, 0, 1, 0, 1, 1, 2, 2, 1, 0]|[3, 1, 1, 3, 1, 1, 0, 0, 0, 3, 0, 3, 0, 0, 1, 1, 0, 1, 1, 3]|[2, 1, 1, 2, 1, 0, 0, 1, 0, 0, 1, 2, 1, 1, 1, 1, 0, 1, 1, 0];[2, 19, 13, 15, 6, 3, 16, 10, 0, 11, 14, 8, 17, 7, 12, 4, 9, 5, 18, 1]|[0, 2, 1, 0, 2, 1, 2, 1, 0, 0, 2, 0, 1, 0, 1, 1, 2, 2, 1, 0]|[3, 1, 1, 3, 1, 1, 0, 0, 0, 3, 0, 3, 0, 0, 1, 1, 0, 1, 1, 3]|[2, 1, 1, 2, 1, 0, 0, 1, 0, 0, 1, 2, 1, 1, 1, 1, 0, 1, 1, 0];[2, 19, 13, 15, 6, 3, 16, 10, 0, 11, 14, 8, 17, 7, 12, 4, 9, 5, 18, 1]|[0, 2, 1, 0, 2, 1, 2, 1, 0, 0, 2, 0, 1, 0, 1, 1, 2, 2, 1, 0]|[3, 1, 1, 3, 1, 1, 0, 0, 0, 3, 0, 3, 0, 0, 1, 1, 0, 1, 1, 3]|[2, 1, 1, 2, 1, 0, 0, 1, 0, 0, 1, 2, 1, 1, 1, 1, 0, 1, 1, 0];[2, 19, 13, 15, 6, 3, 16, 10, 0, 11, 14, 8, 17, 7, 12, 4, 9, 5, 18, 1]|[0, 2, 1, 0, 2, 1, 2, 1, 0, 0, 2, 0, 1, 0, 1, 1, 2, 2, 1, 0]|[3, 1, 1, 3, 1, 1, 0, 0, 0, 3, 0, 3, 0, 0, 1, 1, 0, 1, 1, 3]|[2, 1, 1, 2, 1, 0, 0, 1, 0, 0, 1, 2, 1, 1, 1, 1, 0, 1, 1, 0];[19, 6, 0, 2, 10, 14, 9, 1, 4, 3, 13, 7, 15, 16, 18, 12, 11, 8, 17, 5]|[0, 0, 0, 0, 2, 2, 0, 0, 1, 2, 1, 0, 0, 1, 2, 0, 0, 0, 2, 1]|[3, 3, 0, 3, 1, 1, 3, 3, 1, 1, 1, 3, 3, 1, 1, 3, 2, 3, 1, 1]|[0, 2, 1, 0, 1, 0, 2, 1, 1, 1, 0, 0, 2, 1, 1, 0, 0, 2, 0, 0];[19, 6, 0, 2, 10, 14, 9, 1, 4, 3, 13, 7, 15, 16, 18, 12, 11, 8, 17, 5]|[0, 0, 0, 0, 2, 2, 0, 0, 1, 2, 1, 0, 0, 1, 2, 0, 0, 0, 2, 1]|[3, 3, 0, 3, 1, 1, 3, 3, 1, 1, 1, 3, 3, 1, 1, 3, 2, 3, 1, 1]|[0, 2, 1, 0, 1, 0, 2, 1, 1, 1, 0, 0, 2, 1, 1, 0, 0, 2, 0, 0];[2, 1, 13, 14, 19, 4, 16, 5, 3, 10, 11, 17, 6, 7, 18, 9, 15, 0, 12, 8]|[0, 1, 1, 0, 2, 1, 2, 2, 1, 0, 0, 2, 0, 1, 0, 1, 1, 2, 1, 0]|[3, 1, 1, 3, 0, 1, 0, 0, 0, 0, 3, 0, 3, 0, 3, 1, 1, 0, 1, 3]|[0, 1, 1, 2, 1, 0, 0, 1, 1, 0, 0, 1, 2, 1, 0, 1, 1, 1, 1, 0];[19, 14, 2, 4, 16, 5, 3, 12, 10, 6, 0, 18, 9, 8, 15, 11, 7, 17, 13, 1]|[1, 0, 2, 1, 2, 2, 1, 1, 1, 0, 0, 0, 1, 1, 2, 2, 0, 0, 0, 0]|[0, 3, 0, 1, 0, 0, 1, 1, 1, 3, 3, 3, 1, 1, 1, 1, 3, 3, 3, 3]|[1, 0, 1, 0, 0, 1, 1, 1, 1, 0, 2, 0, 1, 1, 1, 0, 0, 0, 2, 0];[2, 12, 15, 19, 10, 14, 9, 1, 16, 13, 3, 4, 7, 6, 11, 0, 17, 8, 5, 18]|[0, 0, 0, 0, 2, 2, 0, 0, 1, 0, 2, 1, 0, 1, 2, 0, 0, 0, 2, 1]|[0, 3, 3, 3, 1, 1, 3, 3, 1, 3, 1, 1, 3, 1, 1, 3, 2, 3, 1, 1]|[1, 0, 2, 0, 1, 0, 2, 1, 1, 2, 1, 0, 0, 1, 1, 1, 0, 2, 0, 0];[2, 12, 15, 19, 10, 14, 9, 1, 16, 13, 3, 4, 7, 6, 11, 0, 17, 8, 5, 18]|[0, 0, 0, 0, 2, 2, 0, 0, 1, 0, 2, 1, 0, 1, 2, 0, 0, 0, 2, 1]|[0, 3, 3, 3, 1, 1, 3, 3, 1, 3, 1, 1, 3, 1, 1, 3, 2, 3, 1, 1]|[1, 0, 2, 0, 1, 0, 2, 1, 1, 2, 1, 0, 0, 1, 1, 1, 0, 2, 0, 0];[5, 2, 19, 14, 16, 6, 13, 4, 11, 8, 17, 15, 1, 10, 0, 7, 9, 18, 12, 3]|[0, 1, 1, 0, 2, 2, 1, 2, 1, 2, 0, 1, 0, 2, 0, 0, 1, 2, 1, 0]|[3, 1, 1, 3, 0, 0, 1, 0, 1, 0, 0, 1, 3, 0, 3, 3, 0, 0, 1, 3]|[2, 1, 1, 0, 1, 0, 1, 1, 1, 0, 0, 1, 2, 1, 2, 0, 1, 1, 1, 0];[5, 2, 19, 14, 16, 6, 13, 4, 11, 8, 17, 15, 1, 10, 0, 7, 9, 18, 12, 3]|[0, 1, 1, 0, 2, 2, 1, 2, 1, 2, 0, 1, 0, 2, 0, 0, 1, 2, 1, 0]|[3, 1, 1, 3, 0, 0, 1, 0, 1, 0, 0, 1, 3, 0, 3, 3, 0, 0, 1, 3]|[2, 1, 1, 0, 1, 0, 1, 1, 1, 0, 0, 1, 2, 1, 2, 0, 1, 1, 1, 0];[2, 12, 15, 19, 10, 14, 9, 1, 16, 13, 3, 4, 7, 6, 11, 0, 17, 8, 5, 18]|[0, 0, 0, 0, 2, 2, 0, 0, 1, 0, 2, 1, 0, 1, 2, 0, 0, 0, 2, 1]|[0, 3, 3, 3, 1, 1, 3, 3, 1, 3, 1, 1, 3, 1, 1, 3, 2, 3, 1, 1]|[1, 0, 2, 0, 1, 0, 2, 1, 1, 2, 1, 0, 0, 1, 1, 1, 0, 2, 0, 0];[2, 12, 15, 19, 10, 14, 9, 1, 16, 13, 3, 4, 7, 6, 11, 0, 17, 8, 5, 18]|[0, 0, 0, 0, 2, 2, 0, 0, 1, 0, 2, 1, 0, 1, 2, 0, 0, 0, 2, 1]|[0, 3, 3, 3, 1, 1, 3, 3, 1, 3, 1, 1, 3, 1, 1, 3, 2, 3, 1, 1]|[1, 0, 2, 0, 1, 0, 2, 1, 1, 2, 1, 0, 0, 1, 1, 1, 0, 2, 0, 0];[1, 19, 13, 14, 2, 4, 16, 5, 3, 10, 12, 9, 6, 17, 8, 15, 18, 11, 7, 0]|[0, 1, 1, 0, 2, 1, 2, 2, 1, 0, 0, 2, 0, 1, 0, 1, 1, 2, 1, 0]|[3, 1, 0, 3, 0, 1, 1, 0, 0, 0, 3, 0, 2, 0, 3, 1, 1, 0, 1, 3]|[0, 1, 1, 2, 1, 0, 0, 1, 1, 0, 0, 0, 2, 1, 1, 0, 1, 1, 1, 0];[5, 16, 17, 4, 6, 14, 0, 2, 9, 12, 15, 18, 3, 10, 19, 13, 8, 11, 7, 1]|[0, 1, 1, 2, 2, 0, 2, 1, 0, 2, 0, 0, 1, 2, 1, 1, 2, 2, 1, 0]|[3, 1, 1, 1, 0, 0, 0, 1, 3, 0, 3, 3, 1, 1, 0, 1, 0, 0, 1, 3]|[2, 1, 1, 1, 0, 0, 1, 1, 2, 1, 0, 0, 1, 1, 0, 1, 0, 1, 1, 0];[5, 16, 17, 4, 6, 14, 0, 2, 9, 12, 15, 18, 3, 10, 19, 13, 8, 11, 7, 1]|[0, 1, 1, 2, 2, 0, 2, 1, 0, 2, 0, 0, 1, 2, 1, 1, 2, 2, 1, 0]|[3, 1, 1, 1, 0, 0, 0, 1, 3, 0, 3, 3, 1, 1, 0, 1, 0, 0, 1, 3]|[2, 1, 1, 1, 0, 0, 1, 1, 2, 1, 0, 0, 1, 1, 0, 1, 0, 1, 1, 0];[5, 16, 17, 4, 6, 14, 0, 2, 9, 12, 15, 18, 3, 10, 19, 13, 8, 11, 7, 1]|[0, 1, 1, 2, 2, 0, 2, 1, 0, 2, 0, 0, 1, 2, 1, 1, 2, 2, 1, 0]|[3, 1, 1, 1, 0, 0, 0, 1, 3, 0, 3, 3, 1, 1, 0, 1, 0, 0, 1, 3]|[2, 1, 1, 1, 0, 0, 1, 1, 2, 1, 0, 0, 1, 1, 0, 1, 0, 1, 1, 0];[5, 16, 17, 4, 6, 14, 0, 2, 9, 12, 15, 18, 3, 10, 19, 13, 8, 11, 7, 1]|[0, 1, 1, 2, 2, 0, 2, 1, 0, 2, 0, 0, 1, 2, 1, 1, 2, 2, 1, 0]|[3, 1, 1, 1, 0, 0, 0, 1, 3, 0, 3, 3, 1, 1, 0, 1, 0, 0, 1, 3]|[2, 1, 1, 1, 0, 0, 1, 1, 2, 1, 0, 0, 1, 1, 0, 1, 0, 1, 1, 0];[2, 19, 15, 12, 10, 14, 9, 18, 16, 13, 3, 4, 8, 6, 1, 11, 0, 7, 5, 17]|[0, 0, 0, 0, 2, 2, 2, 0, 1, 0, 2, 1, 0, 1, 0, 0, 0, 0, 2, 1]|[0, 3, 3, 3, 1, 1, 1, 3, 1, 3, 1, 1, 2, 1, 3, 3, 3, 3, 1, 1]|[1, 0, 2, 0, 1, 0, 0, 1, 1, 2, 1, 0, 0, 1, 1, 0, 2, 1, 0, 0];[4, 19, 6, 12, 8, 3, 2, 7, 13, 5, 17, 16, 1, 0, 18, 15, 11, 9, 10, 14]|[0, 2, 1, 0, 1, 2, 0, 0, 0, 0, 0, 1, 0, 0, 0, 2, 2, 0, 2, 1]|[3, 1, 1, 0, 1, 1, 3, 3, 3, 3, 3, 1, 3, 2, 3, 1, 0, 3, 1, 1]|[0, 1, 1, 0, 0, 1, 2, 1, 0, 2, 0, 1, 2, 0, 1, 0, 1, 2, 0, 1];[4, 19, 6, 12, 8, 3, 2, 7, 13, 5, 17, 16, 1, 0, 18, 15, 11, 9, 10, 14]|[0, 2, 1, 0, 1, 2, 0, 0, 0, 0, 0, 1, 0, 0, 0, 2, 2, 0, 2, 1]|[3, 1, 1, 0, 1, 1, 3, 3, 3, 3, 3, 1, 3, 2, 3, 1, 0, 3, 1, 1]|[0, 1, 1, 0, 0, 1, 2, 1, 0, 2, 0, 1, 2, 0, 1, 0, 1, 2, 0, 1];[4, 19, 6, 12, 8, 3, 2, 7, 13, 5, 17, 16, 1, 0, 18, 15, 11, 9, 10, 14]|[0, 2, 1, 0, 1, 2, 0, 0, 0, 0, 0, 1, 0, 0, 0, 2, 2, 0, 2, 1]|[3, 1, 1, 0, 1, 1, 3, 3, 3, 3, 3, 1, 3, 2, 3, 1, 0, 3, 1, 1]|[0, 1, 1, 0, 0, 1, 2, 1, 0, 2, 0, 1, 2, 0, 1, 0, 1, 2, 0, 1];[4, 19, 6, 12, 8, 3, 2, 7, 13, 5, 17, 16, 1, 0, 18, 15, 11, 9, 10, 14]|[0, 2, 1, 0, 1, 2, 0, 0, 0, 0, 0, 1, 0, 0, 0, 2, 2, 0, 2, 1]|[3, 1, 1, 0, 1, 1, 3, 3, 3, 3, 3, 1, 3, 2, 3, 1, 0, 3, 1, 1]|[0, 1, 1, 0, 0, 1, 2, 1, 0, 2, 0, 1, 2, 0, 1, 0, 1, 2, 0, 1];[11, 19, 14, 2, 4, 16, 5, 3, 9, 10, 18, 7, 1, 15, 0, 12, 17, 6, 13, 8]|[0, 1, 0, 2, 1, 2, 2, 1, 1, 0, 0, 2, 0, 2, 0, 1, 1, 2, 1, 0]|[0, 0, 1, 1, 1, 0, 1, 0, 1, 3, 3, 0, 3, 0, 3, 1, 1, 0, 0, 3]|[2, 1, 1, 1, 0, 0, 1, 1, 1, 0, 0, 1, 0, 0, 2, 1, 1, 1, 1, 0];[11, 19, 14, 2, 4, 16, 5, 3, 9, 10, 18, 7, 1, 15, 0, 12, 17, 6, 13, 8]|[0, 1, 0, 2, 1, 2, 2, 1, 1, 0, 0, 2, 0, 2, 0, 1, 1, 2, 1, 0]|[0, 0, 1, 1, 1, 0, 1, 0, 1, 3, 3, 0, 3, 0, 3, 1, 1, 0, 0, 3]|[2, 1, 1, 1, 0, 0, 1, 1, 1, 0, 0, 1, 0, 0, 2, 1, 1, 1, 1, 0];[2, 19, 13, 9, 14, 8, 6, 16, 7, 11, 10, 1, 12, 15, 17, 5, 18, 3, 4, 0]|[0, 1, 1, 2, 0, 1, 2, 2, 0, 0, 2, 0, 1, 0, 1, 2, 1, 1, 1, 0]|[3, 1, 1, 1, 3, 1, 0, 0, 0, 3, 0, 3, 1, 3, 1, 0, 1, 1, 1, 3]|[0, 1, 1, 1, 2, 1, 0, 1, 0, 0, 1, 2, 1, 1, 1, 1, 1, 1, 1, 0];[2, 19, 13, 9, 14, 8, 6, 16, 7, 11, 10, 1, 12, 15, 17, 5, 18, 3, 4, 0]|[0, 1, 1, 2, 0, 1, 2, 2, 0, 0, 2, 0, 1, 0, 1, 2, 1, 1, 1, 0]|[3, 1, 1, 1, 3, 1, 0, 0, 0, 3, 0, 3, 1, 3, 1, 0, 1, 1, 1, 3]|[0, 1, 1, 1, 2, 1, 0, 1, 0, 0, 1, 2, 1, 1, 1, 1, 1, 1, 1, 0];[2, 19, 13, 9, 14, 8, 6, 16, 7, 11, 10, 1, 12, 15, 17, 5, 18, 3, 4, 0]|[0, 1, 1, 2, 0, 1, 2, 2, 0, 0, 2, 0, 1, 0, 1, 2, 1, 1, 1, 0]|[3, 1, 1, 1, 3, 1, 0, 0, 0, 3, 0, 3, 1, 3, 1, 0, 1, 1, 1, 3]|[0, 1, 1, 1, 2, 1, 0, 1, 0, 0, 1, 2, 1, 1, 1, 1, 1, 1, 1, 0];[2, 19, 13, 9, 14, 8, 6, 16, 7, 11, 10, 1, 12, 15, 17, 5, 18, 3, 4, 0]|[0, 1, 1, 2, 0, 1, 2, 2, 0, 0, 2, 0, 1, 0, 1, 2, 1, 1, 1, 0]|[3, 1, 1, 1, 3, 1, 0, 0, 0, 3, 0, 3, 1, 3, 1, 0, 1, 1, 1, 3]|[0, 1, 1, 1, 2, 1, 0, 1, 0, 0, 1, 2, 1, 1, 1, 1, 1, 1, 1, 0];[19, 15, 14, 4, 13, 16, 5, 12, 7, 6, 0, 10, 9, 11, 1, 17, 2, 3, 8, 18]|[2, 1, 1, 0, 1, 2, 2, 1, 0, 0, 0, 2, 2, 0, 1, 1, 1, 2, 1, 0]|[1, 1, 0, 3, 1, 0, 0, 0, 0, 3, 1, 0, 0, 3, 0, 0, 1, 0, 1, 3]|[0, 1, 1, 2, 0, 1, 1, 1, 0, 0, 1, 1, 0, 0, 1, 1, 0, 1, 1, 0];[19, 14, 5, 4, 16, 2, 3, 9, 17, 6, 15, 11, 7, 8, 12, 10, 13, 18, 0, 1]|[1, 0, 2, 1, 2, 2, 1, 0, 0, 1, 1, 0, 0, 1, 2, 2, 2, 1, 0, 0]|[0, 0, 1, 1, 0, 1, 0, 3, 3, 0, 1, 0, 3, 1, 0, 0, 0, 1, 3, 3]|[1, 2, 1, 0, 0, 1, 1, 0, 0, 0, 1, 1, 0, 1, 1, 1, 0, 1, 2, 0];[19, 14, 5, 4, 16, 2, 3, 9, 17, 6, 15, 11, 7, 8, 12, 10, 13, 18, 0, 1]|[1, 0, 2, 1, 2, 2, 1, 0, 0, 1, 1, 0, 0, 1, 2, 2, 2, 1, 0, 0]|[0, 0, 1, 1, 0, 1, 0, 3, 3, 0, 1, 0, 3, 1, 0, 0, 0, 1, 3, 3]|[1, 2, 1, 0, 0, 1, 1, 0, 0, 0, 1, 1, 0, 1, 1, 1, 0, 1, 2, 0];[1, 19, 14, 16, 5, 6, 4, 10, 13, 17, 11, 18, 15, 12, 7, 3, 9, 8, 2, 0]|[0, 2, 0, 2, 2, 2, 1, 1, 1, 1, 1, 0, 0, 2, 0, 0, 1, 1, 2, 0]|[3, 0, 0, 1, 1, 1, 1, 1, 1, 1, 1, 3, 3, 0, 3, 3, 1, 1, 1, 3]|[0, 1, 2, 0, 1, 0, 1, 1, 1, 1, 1, 0, 2, 1, 0, 0, 1, 1, 1, 2];[1, 19, 14, 16, 5, 6, 4, 10, 13, 17, 11, 18, 15, 12, 7, 3, 9, 8, 2, 0]|[0, 2, 0, 2, 2, 2, 1, 1, 1, 1, 1, 0, 0, 2, 0, 0, 1, 1, 2, 0]|[3, 0, 0, 1, 1, 1, 1, 1, 1, 1, 1, 3, 3, 0, 3, 3, 1, 1, 1, 3]|[0, 1, 2, 0, 1, 0, 1, 1, 1, 1, 1, 0, 2, 1, 0, 0, 1, 1, 1, 2];[12, 5, 4, 15, 11, 19, 1, 16, 3, 9, 0, 10, 2, 14, 6, 17, 13, 18, 7, 8]|[0, 2, 0, 2, 0, 1, 0, 2, 1, 2, 2, 1, 2, 0, 1, 1, 1, 2, 1, 0]|[3, 0, 3, 1, 0, 1, 2, 1, 1, 0, 0, 1, 1, 3, 0, 1, 1, 0, 1, 3]|[0, 0, 2, 1, 1, 1, 0, 0, 1, 1, 1, 1, 1, 2, 0, 1, 1, 0, 1, 0];[12, 5, 4, 15, 11, 19, 1, 16, 3, 9, 0, 10, 2, 14, 6, 17, 13, 18, 7, 8]|[0, 2, 0, 2, 0, 1, 0, 2, 1, 2, 2, 1, 2, 0, 1, 1, 1, 2, 1, 0]|[3, 0, 3, 1, 0, 1, 2, 1, 1, 0, 0, 1, 1, 3, 0, 1, 1, 0, 1, 3]|[0, 0, 2, 1, 1, 1, 0, 0, 1, 1, 1, 1, 1, 2, 0, 1, 1, 0, 1, 0];[2, 1, 12, 8, 10, 3, 5, 6, 13, 7, 0, 18, 15, 9, 14, 16, 4, 17, 19, 11]|[2, 1, 1, 0, 0, 1, 2, 0, 1, 1, 0, 0, 1, 1, 0, 2, 1, 2, 2, 0]|[1, 1, 1, 3, 3, 1, 0, 3, 1, 1, 3, 3, 1, 1, 3, 0, 1, 0, 0, 3]|[1, 1, 1, 0, 0, 1, 1, 2, 1, 1, 0, 0, 1, 1, 2, 0, 1, 1, 1, 0];[2, 1, 12, 8, 10, 3, 5, 6, 13, 7, 0, 18, 15, 9, 14, 16, 4, 17, 19, 11]|[2, 1, 1, 0, 0, 1, 2, 0, 1, 1, 0, 0, 1, 1, 0, 2, 1, 2, 2, 0]|[1, 1, 1, 3, 3, 1, 0, 3, 1, 1, 3, 3, 1, 1, 3, 0, 1, 0, 0, 3]|[1, 1, 1, 0, 0, 1, 1, 2, 1, 1, 0, 0, 1, 1, 2, 0, 1, 1, 1, 0];[2, 1, 12, 8, 10, 3, 5, 6, 13, 7, 0, 18, 15, 9, 14, 16, 4, 17, 19, 11]|[2, 1, 1, 0, 0, 1, 2, 0, 1, 1, 0, 0, 1, 1, 0, 2, 1, 2, 2, 0]|[1, 1, 1, 3, 3, 1, 0, 3, 1, 1, 3, 3, 1, 1, 3, 0, 1, 0, 0, 3]|[1, 1, 1, 0, 0, 1, 1, 2, 1, 1, 0, 0, 1, 1, 2, 0, 1, 1, 1, 0];[2, 1, 12, 8, 10, 3, 5, 6, 13, 7, 0, 18, 15, 9, 14, 16, 4, 17, 19, 11]|[2, 1, 1, 0, 0, 1, 2, 0, 1, 1, 0, 0, 1, 1, 0, 2, 1, 2, 2, 0]|[1, 1, 1, 3, 3, 1, 0, 3, 1, 1, 3, 3, 1, 1, 3, 0, 1, 0, 0, 3]|[1, 1, 1, 0, 0, 1, 1, 2, 1, 1, 0, 0, 1, 1, 2, 0, 1, 1, 1, 0];[2, 12, 15, 19, 10, 14, 9, 1, 16, 13, 3, 4, 7, 6, 11, 0, 8, 18, 17, 5]|[0, 0, 0, 0, 2, 2, 0, 0, 1, 0, 2, 1, 0, 1, 2, 0, 0, 0, 2, 1]|[0, 3, 3, 3, 1, 1, 3, 3, 1, 3, 1, 1, 3, 1, 0, 3, 2, 3, 1, 1]|[2, 0, 2, 0, 1, 0, 2, 1, 1, 2, 1, 0, 0, 1, 1, 0, 1, 0, 0, 1];[16, 19, 8, 4, 15, 3, 10, 1, 11, 13, 18, 17, 0, 12, 6, 9, 14, 5, 2, 7]|[0, 1, 1, 0, 1, 0, 1, 1, 2, 1, 0, 1, 2, 2, 1, 2, 0, 2, 0, 0]|[3, 1, 1, 3, 1, 3, 1, 1, 0, 1, 3, 1, 0, 0, 1, 0, 3, 0, 3, 3]|[0, 1, 1, 2, 1, 0, 1, 1, 1, 1, 0, 1, 1, 0, 1, 1, 2, 1, 0, 0];[16, 19, 8, 4, 15, 3, 10, 1, 11, 13, 18, 17, 0, 12, 6, 9, 14, 5, 2, 7]|[0, 1, 1, 0, 1, 0, 1, 1, 2, 1, 0, 1, 2, 2, 1, 2, 0, 2, 0, 0]|[3, 1, 1, 3, 1, 3, 1, 1, 0, 1, 3, 1, 0, 0, 1, 0, 3, 0, 3, 3]|[0, 1, 1, 2, 1, 0, 1, 1, 1, 1, 0, 1, 1, 0, 1, 1, 2, 1, 0, 0];[2, 12, 13, 14, 11, 6, 1, 5, 17, 3, 4, 7, 0, 9, 19, 16, 15, 8, 18, 10]|[0, 0, 0, 0, 2, 1, 0, 1, 0, 2, 1, 0, 0, 0, 2, 2, 0, 0, 2, 1]|[3, 0, 0, 3, 1, 1, 3, 1, 3, 1, 1, 3, 2, 3, 1, 1, 3, 3, 1, 1]|[0, 2, 1, 2, 1, 0, 1, 1, 2, 1, 0, 1, 0, 2, 0, 1, 1, 0, 0, 0];[2, 12, 13, 14, 11, 6, 1, 5, 17, 3, 4, 7, 0, 9, 19, 16, 15, 8, 18, 10]|[0, 0, 0, 0, 2, 1, 0, 1, 0, 2, 1, 0, 0, 0, 2, 2, 0, 0, 2, 1]|[3, 0, 0, 3, 1, 1, 3, 1, 3, 1, 1, 3, 2, 3, 1, 1, 3, 3, 1, 1]|[0, 2, 1, 2, 1, 0, 1, 1, 2, 1, 0, 1, 0, 2, 0, 1, 1, 0, 0, 0];[16, 19, 8, 4, 15, 3, 10, 1, 11, 13, 18, 17, 0, 12, 6, 9, 14, 5, 2, 7]|[0, 1, 1, 0, 1, 0, 1, 1, 2, 1, 0, 1, 2, 2, 1, 2, 0, 2, 0, 0]|[3, 1, 1, 3, 1, 3, 1, 1, 0, 1, 3, 1, 0, 0, 1, 0, 3, 0, 3, 3]|[0, 1, 1, 2, 1, 0, 1, 1, 1, 1, 0, 1, 1, 0, 1, 1, 2, 1, 0, 0];[16, 19, 8, 4, 15, 3, 10, 1, 11, 13, 18, 17, 0, 12, 6, 9, 14, 5, 2, 7]|[0, 1, 1, 0, 1, 0, 1, 1, 2, 1, 0, 1, 2, 2, 1, 2, 0, 2, 0, 0]|[3, 1, 1, 3, 1, 3, 1, 1, 0, 1, 3, 1, 0, 0, 1, 0, 3, 0, 3, 3]|[0, 1, 1, 2, 1, 0, 1, 1, 1, 1, 0, 1, 1, 0, 1, 1, 2, 1, 0, 0];[2, 12, 13, 14, 11, 6, 1, 5, 17, 3, 4, 7, 0, 9, 19, 16, 15, 8, 18, 10]|[0, 0, 0, 0, 2, 1, 0, 1, 0, 2, 1, 0, 0, 0, 2, 2, 0, 0, 2, 1]|[3, 0, 0, 3, 1, 1, 3, 1, 3, 1, 1, 3, 2, 3, 1, 1, 3, 3, 1, 1]|[0, 2, 1, 2, 1, 0, 1, 1, 2, 1, 0, 1, 0, 2, 0, 1, 1, 0, 0, 0];[2, 12, 13, 14, 11, 6, 1, 5, 17, 3, 4, 7, 0, 9, 19, 16, 15, 8, 18, 10]|[0, 0, 0, 0, 2, 1, 0, 1, 0, 2, 1, 0, 0, 0, 2, 2, 0, 0, 2, 1]|[3, 0, 0, 3, 1, 1, 3, 1, 3, 1, 1, 3, 2, 3, 1, 1, 3, 3, 1, 1]|[0, 2, 1, 2, 1, 0, 1, 1, 2, 1, 0, 1, 0, 2, 0, 1, 1, 0, 0, 0];[2, 19, 8, 14, 6, 13, 5, 15, 4, 11, 7, 12, 17, 16, 3, 9, 1, 0, 10, 18]|[0, 1, 1, 0, 1, 2, 2, 0, 2, 0, 0, 2, 0, 2, 1, 1, 1, 1, 1, 0]|[3, 1, 1, 3, 1, 0, 0, 3, 0, 3, 3, 0, 3, 0, 1, 1, 1, 1, 1, 3]|[0, 1, 1, 0, 1, 1, 1, 2, 1, 0, 0, 1, 0, 0, 1, 1, 1, 1, 1, 0];[2, 19, 8, 14, 6, 13, 5, 15, 4, 11, 7, 12, 17, 16, 3, 9, 1, 0, 10, 18]|[0, 1, 1, 0, 1, 2, 2, 0, 2, 0, 0, 2, 0, 2, 1, 1, 1, 1, 1, 0]|[3, 1, 1, 3, 1, 0, 0, 3, 0, 3, 3, 0, 3, 0, 1, 1, 1, 1, 1, 3]|[0, 1, 1, 0, 1, 1, 1, 2, 1, 0, 0, 1, 0, 0, 1, 1, 1, 1, 1, 0];[5, 12, 17, 10, 4, 19, 16, 1, 3, 13, 15, 6, 8, 2, 11, 14, 7, 0, 9, 18]|[0, 1, 2, 0, 2, 1, 2, 2, 1, 2, 0, 2, 0, 1, 1, 2, 1, 1, 0, 0]|[0, 1, 1, 3, 0, 1, 0, 1, 0, 1, 3, 0, 3, 0, 1, 0, 1, 1, 3, 3]|[2, 1, 1, 0, 0, 0, 0, 1, 1, 1, 0, 1, 0, 1, 1, 1, 1, 1, 0, 2];[5, 4, 14, 10, 2, 6, 3, 0, 17, 12, 11, 1, 16, 18, 7, 15, 9, 13, 19, 8]|[0, 1, 0, 2, 1, 2, 2, 1, 1, 0, 0, 1, 0, 2, 0, 1, 2, 1, 1, 0]|[3, 1, 3, 0, 1, 0, 0, 1, 1, 3, 3, 1, 3, 0, 3, 1, 0, 1, 1, 3]|[0, 1, 2, 1, 1, 0, 1, 1, 1, 0, 0, 1, 2, 1, 0, 1, 1, 1, 1, 0];[5, 4, 14, 10, 2, 6, 3, 0, 17, 12, 11, 1, 16, 18, 7, 15, 9, 13, 19, 8]|[0, 1, 0, 2, 1, 2, 2, 1, 1, 0, 0, 1, 0, 2, 0, 1, 2, 1, 1, 0]|[3, 1, 3, 0, 1, 0, 0, 1, 1, 3, 3, 1, 3, 0, 3, 1, 0, 1, 1, 3]|[0, 1, 2, 1, 1, 0, 1, 1, 1, 0, 0, 1, 2, 1, 0, 1, 1, 1, 1, 0];[5, 4, 14, 10, 2, 6, 3, 0, 17, 12, 11, 1, 16, 18, 7, 15, 9, 13, 19, 8]|[0, 1, 0, 2, 1, 2, 2, 1, 1, 0, 0, 1, 0, 2, 0, 1, 2, 1, 1, 0]|[3, 1, 3, 0, 1, 0, 0, 1, 1, 3, 3, 1, 3, 0, 3, 1, 0, 1, 1, 3]|[0, 1, 2, 1, 1, 0, 1, 1, 1, 0, 0, 1, 2, 1, 0, 1, 1, 1, 1, 0];[5, 4, 14, 10, 2, 6, 3, 0, 17, 12, 11, 1, 16, 18, 7, 15, 9, 13, 19, 8]|[0, 1, 0, 2, 1, 2, 2, 1, 1, 0, 0, 1, 0, 2, 0, 1, 2, 1, 1, 0]|[3, 1, 3, 0, 1, 0, 0, 1, 1, 3, 3, 1, 3, 0, 3, 1, 0, 1, 1, 3]|[0, 1, 2, 1, 1, 0, 1, 1, 1, 0, 0, 1, 2, 1, 0, 1, 1, 1, 1, 0];[5, 2, 14, 10, 4, 13, 16, 19, 17, 0, 11, 9, 12, 3, 18, 15, 6, 1, 7, 8]|[0, 1, 0, 2, 1, 1, 2, 2, 1, 0, 1, 2, 2, 0, 0, 2, 1, 2, 1, 0]|[0, 0, 3, 1, 1, 1, 0, 1, 0, 3, 0, 0, 1, 0, 3, 0, 1, 0, 1, 3]|[0, 0, 2, 1, 1, 1, 0, 1, 1, 2, 0, 0, 0, 1, 0, 1, 1, 1, 1, 0];[5, 2, 14, 10, 4, 13, 16, 19, 17, 0, 11, 9, 12, 3, 18, 15, 6, 1, 7, 8]|[0, 1, 0, 2, 1, 1, 2, 2, 1, 0, 1, 2, 2, 0, 0, 2, 1, 2, 1, 0]|[0, 0, 3, 1, 1, 1, 0, 1, 0, 3, 0, 0, 1, 0, 3, 0, 1, 0, 1, 3]|[0, 0, 2, 1, 1, 1, 0, 1, 1, 2, 0, 0, 0, 1, 0, 1, 1, 1, 1, 0];[5, 2, 14, 10, 4, 13, 16, 19, 17, 0, 11, 9, 12, 3, 18, 15, 6, 1, 7, 8]|[0, 1, 0, 2, 1, 1, 2, 2, 1, 0, 1, 2, 2, 0, 0, 2, 1, 2, 1, 0]|[0, 0, 3, 1, 1, 1, 0, 1, 0, 3, 0, 0, 1, 0, 3, 0, 1, 0, 1, 3]|[0, 0, 2, 1, 1, 1, 0, 1, 1, 2, 0, 0, 0, 1, 0, 1, 1, 1, 1, 0];[4, 7, 5, 3, 10, 14, 16, 17, 0, 12, 2, 13, 15, 19, 1, 9, 8, 18, 11, 6]|[1, 2, 1, 2, 2, 2, 1, 0, 2, 0, 0, 0, 0, 0, 0, 0, 0, 0, 2, 1]|[1, 1, 1, 1, 0, 1, 1, 3, 1, 3, 3, 3, 3, 3, 3, 3, 3, 3, 1, 1]|[1, 1, 0, 1, 1, 0, 1, 0, 1, 0, 2, 0, 2, 0, 2, 0, 2, 0, 0, 0];[1, 19, 10, 14, 15, 16, 17, 4, 6, 18, 2, 12, 13, 0, 7, 11, 9, 3, 5, 8]|[1, 2, 2, 2, 0, 1, 0, 1, 1, 2, 0, 0, 0, 0, 0, 0, 0, 0, 2, 1]|[1, 1, 0, 1, 3, 1, 3, 1, 1, 1, 3, 3, 3, 3, 3, 3, 3, 3, 1, 1]|[1, 1, 1, 0, 0, 1, 2, 0, 1, 1, 0, 0, 2, 0, 0, 2, 0, 0, 0, 1];[2, 12, 15, 19, 10, 4, 9, 1, 16, 0, 3, 14, 7, 5, 18, 13, 17, 8, 11, 6]|[0, 0, 0, 0, 2, 2, 0, 0, 1, 0, 2, 1, 0, 1, 2, 0, 0, 0, 2, 1]|[0, 3, 3, 3, 1, 1, 3, 3, 1, 3, 1, 1, 3, 1, 1, 3, 3, 3, 1, 1]|[0, 0, 2, 0, 1, 0, 2, 1, 1, 2, 1, 0, 0, 1, 1, 1, 0, 2, 0, 0];[2, 14, 4, 5, 15, 1, 7, 3, 10, 13, 0, 9, 12, 11, 17, 16, 19, 6, 18, 8]|[2, 0, 1, 2, 0, 0, 0, 1, 2, 0, 0, 0, 0, 2, 2, 1, 0, 0, 2, 1]|[0, 3, 1, 1, 3, 3, 3, 1, 1, 3, 3, 3, 3, 0, 1, 1, 3, 3, 1, 1]|[0, 2, 0, 1, 0, 2, 0, 1, 1, 0, 2, 0, 2, 0, 1, 1, 0, 0, 0, 1];[2, 19, 8, 14, 9, 6, 18, 12, 13, 1, 7, 0, 4, 10, 11, 16, 3, 15, 5, 17]|[0, 1, 1, 0, 2, 1, 0, 1, 2, 1, 0, 2, 0, 0, 2, 2, 1, 1, 1, 0]|[3, 1, 1, 3, 0, 1, 3, 1, 0, 1, 3, 0, 3, 3, 0, 0, 1, 1, 1, 3]|[0, 1, 1, 2, 1, 1, 0, 1, 0, 1, 2, 1, 0, 2, 0, 1, 1, 1, 1, 0]
fc6diagRound 7	fe=196954	pool=300	target=100	rescued=2	sOriginal=[1, 19, 8, 14, 5, 13, 6, 16, 3, 0, 12, 4, 2, 15, 17, 10, 9, 11, 7, 18]|[0, 1, 1, 0, 2, 1, 2, 2, 1, 0, 0, 2, 0, 1, 0, 1, 1, 2, 1, 0]|[3, 1, 1, 3, 0, 1, 0, 0, 0, 0, 3, 0, 3, 0, 3, 1, 1, 0, 1, 3]|[0, 1, 1, 2, 1, 0, 0, 1, 1, 1, 0, 1, 2, 1, 1, 1, 1, 1, 1, 0];[1, 2, 13, 14, 19, 4, 16, 5, 3, 10, 11, 17, 8, 12, 7, 6, 15, 0, 9, 18]|[0, 1, 1, 0, 2, 1, 2, 2, 1, 0, 0, 2, 0, 1, 0, 1, 1, 2, 1, 0]|[3, 1, 0, 3, 1, 1, 0, 0, 0, 0, 3, 0, 3, 1, 0, 1, 1, 0, 1, 3]|[0, 1, 1, 2, 1, 0, 1, 1, 1, 1, 0, 1, 2, 1, 1, 1, 1, 1, 1, 0];[2, 19, 6, 15, 3, 4, 16, 5, 1, 11, 10, 0, 18, 12, 7, 13, 17, 8, 9, 14]|[0, 1, 1, 0, 2, 1, 2, 2, 1, 0, 0, 2, 0, 1, 0, 1, 1, 2, 1, 0]|[3, 1, 0, 3, 0, 1, 0, 0, 0, 0, 3, 0, 3, 1, 3, 1, 1, 0, 1, 3]|[0, 1, 1, 2, 1, 0, 0, 1, 1, 1, 0, 1, 2, 1, 1, 1, 1, 1, 1, 0];[1, 2, 13, 14, 19, 4, 16, 5, 3, 10, 11, 17, 8, 15, 9, 0, 6, 12, 7, 18]|[0, 1, 1, 0, 2, 1, 2, 2, 1, 0, 0, 2, 0, 1, 0, 1, 1, 2, 1, 0]|[3, 1, 0, 3, 1, 1, 0, 0, 0, 0, 3, 0, 3, 1, 0, 1, 1, 0, 1, 3]|[0, 1, 1, 2, 1, 0, 0, 1, 1, 1, 0, 1, 2, 1, 1, 1, 1, 1, 1, 0];[1, 19, 13, 14, 2, 4, 16, 5, 3, 12, 10, 6, 11, 18, 7, 9, 15, 0, 17, 8]|[0, 1, 1, 0, 2, 2, 2, 2, 1, 0, 0, 1, 0, 1, 0, 2, 1, 2, 1, 0]|[1, 1, 1, 3, 0, 0, 0, 0, 0, 3, 0, 1, 3, 0, 3, 1, 1, 0, 1, 3]|[0, 1, 1, 2, 1, 1, 0, 1, 1, 0, 0, 0, 2, 1, 1, 0, 1, 1, 1, 0];[1, 19, 13, 14, 2, 4, 16, 5, 3, 12, 10, 6, 11, 18, 7, 9, 15, 0, 17, 8]|[0, 1, 1, 0, 2, 2, 2, 2, 1, 0, 0, 1, 0, 1, 0, 2, 1, 2, 1, 0]|[1, 1, 1, 3, 0, 0, 0, 0, 0, 3, 0, 1, 3, 0, 3, 1, 1, 0, 1, 3]|[0, 1, 1, 2, 1, 1, 0, 1, 1, 0, 0, 0, 2, 1, 1, 0, 1, 1, 1, 0];[2, 19, 13, 15, 6, 3, 16, 5, 10, 0, 11, 14, 8, 17, 7, 12, 4, 9, 18, 1]|[0, 1, 1, 0, 2, 1, 2, 2, 1, 0, 0, 2, 0, 1, 0, 1, 1, 2, 1, 0]|[3, 1, 1, 3, 1, 1, 0, 1, 0, 0, 3, 0, 3, 0, 0, 1, 1, 0, 1, 3]|[2, 1, 1, 2, 1, 0, 0, 1, 1, 0, 0, 1, 2, 1, 1, 1, 1, 0, 1, 0];[1, 19, 13, 14, 2, 4, 16, 5, 3, 10, 12, 6, 11, 18, 7, 9, 15, 0, 17, 8]|[0, 1, 1, 0, 2, 1, 2, 2, 1, 0, 0, 2, 0, 1, 0, 1, 1, 2, 1, 0]|[3, 1, 1, 3, 0, 1, 0, 0, 0, 0, 3, 0, 3, 0, 3, 1, 1, 0, 1, 3]|[0, 1, 1, 2, 1, 0, 0, 1, 1, 0, 0, 1, 2, 1, 1, 1, 1, 1, 1, 0];[11, 10, 4, 2, 3, 17, 15, 12, 7, 1, 9, 18, 8, 16, 5, 6, 0, 19, 13, 14]|[0, 0, 1, 0, 1, 2, 1, 1, 1, 1, 1, 0, 0, 2, 2, 1, 2, 2, 2, 0]|[0, 3, 1, 3, 1, 0, 1, 1, 1, 1, 1, 3, 3, 0, 1, 1, 0, 0, 0, 3]|[1, 0, 1, 0, 1, 0, 1, 1, 1, 1, 1, 2, 0, 0, 1, 1, 0, 1, 1, 0];[1, 19, 14, 2, 17, 18, 5, 15, 12, 6, 16, 10, 11, 4, 0, 7, 13, 8, 3, 9]|[0, 1, 0, 2, 2, 1, 0, 1, 1, 2, 2, 0, 0, 2, 0, 1, 1, 1, 1, 0]|[3, 1, 3, 0, 0, 1, 3, 1, 1, 0, 0, 0, 3, 0, 3, 1, 1, 1, 1, 3]|[0, 1, 2, 1, 0, 1, 0, 1, 1, 0, 1, 1, 0, 1, 2, 1, 1, 1, 1, 0];[1, 6, 14, 2, 4, 16, 5, 13, 9, 17, 11, 10, 7, 15, 0, 3, 19, 12, 8, 18]|[0, 1, 0, 2, 1, 2, 2, 1, 0, 1, 0, 0, 1, 1, 0, 1, 2, 2, 1, 0]|[3, 0, 3, 1, 1, 0, 0, 0, 3, 1, 3, 0, 1, 1, 0, 0, 0, 0, 1, 3]|[0, 1, 2, 0, 0, 1, 1, 1, 2, 1, 0, 1, 1, 0, 1, 1, 0, 1, 1, 0];[1, 6, 14, 2, 4, 16, 5, 13, 9, 17, 11, 10, 7, 15, 0, 3, 19, 12, 8, 18]|[0, 1, 0, 2, 1, 2, 2, 1, 0, 1, 0, 0, 1, 1, 0, 1, 2, 2, 1, 0]|[3, 0, 3, 1, 1, 0, 0, 0, 3, 1, 3, 0, 1, 1, 0, 0, 0, 0, 1, 3]|[0, 1, 2, 0, 0, 1, 1, 1, 2, 1, 0, 1, 1, 0, 1, 1, 0, 1, 1, 0];[1, 6, 14, 2, 4, 16, 5, 13, 9, 17, 11, 10, 7, 15, 0, 3, 19, 12, 8, 18]|[0, 1, 0, 2, 1, 2, 2, 1, 0, 1, 0, 0, 1, 1, 0, 1, 2, 2, 1, 0]|[3, 0, 3, 1, 1, 0, 0, 0, 3, 1, 3, 0, 1, 1, 0, 0, 0, 0, 1, 3]|[0, 1, 2, 0, 0, 1, 1, 1, 2, 1, 0, 1, 1, 0, 1, 1, 0, 1, 1, 0];[1, 6, 14, 2, 4, 16, 5, 13, 9, 17, 11, 10, 7, 15, 0, 3, 19, 12, 8, 18]|[0, 1, 0, 2, 1, 2, 2, 1, 0, 1, 0, 0, 1, 1, 0, 1, 2, 2, 1, 0]|[3, 0, 3, 1, 1, 0, 0, 0, 3, 1, 3, 0, 1, 1, 0, 0, 0, 0, 1, 3]|[0, 1, 2, 0, 0, 1, 1, 1, 2, 1, 0, 1, 1, 0, 1, 1, 0, 1, 1, 0];[1, 19, 13, 14, 2, 8, 6, 16, 3, 10, 11, 4, 0, 7, 5, 15, 12, 17, 18, 9]|[0, 1, 1, 0, 2, 1, 2, 2, 1, 0, 0, 2, 0, 1, 0, 1, 1, 2, 1, 0]|[3, 1, 1, 3, 0, 1, 0, 0, 0, 0, 3, 0, 3, 0, 3, 1, 1, 0, 1, 3]|[0, 1, 1, 2, 1, 0, 0, 1, 1, 1, 0, 1, 2, 1, 0, 1, 1, 0, 1, 0];[5, 2, 14, 10, 4, 13, 16, 19, 6, 1, 9, 15, 12, 7, 18, 11, 17, 3, 8, 0]|[0, 1, 1, 0, 2, 1, 2, 2, 1, 0, 1, 1, 2, 0, 0, 2, 1, 2, 1, 0]|[3, 1, 1, 3, 1, 1, 0, 0, 0, 0, 1, 1, 0, 2, 3, 0, 0, 0, 1, 3]|[0, 1, 1, 2, 1, 0, 0, 1, 1, 1, 1, 1, 1, 0, 2, 1, 0, 1, 1, 0];[2, 19, 13, 15, 6, 3, 16, 10, 0, 11, 14, 8, 17, 7, 12, 4, 9, 5, 18, 1]|[0, 2, 1, 0, 2, 1, 2, 1, 0, 0, 2, 0, 1, 0, 1, 1, 2, 2, 1, 0]|[3, 1, 1, 3, 1, 1, 0, 0, 0, 3, 0, 3, 0, 0, 1, 1, 0, 1, 1, 3]|[2, 1, 1, 2, 1, 0, 0, 1, 0, 0, 1, 2, 1, 1, 1, 1, 0, 1, 1, 0];[2, 19, 13, 15, 6, 3, 16, 10, 0, 11, 14, 8, 17, 7, 12, 4, 9, 5, 18, 1]|[0, 2, 1, 0, 2, 1, 2, 1, 0, 0, 2, 0, 1, 0, 1, 1, 2, 2, 1, 0]|[3, 1, 1, 3, 1, 1, 0, 0, 0, 3, 0, 3, 0, 0, 1, 1, 0, 1, 1, 3]|[2, 1, 1, 2, 1, 0, 0, 1, 0, 0, 1, 2, 1, 1, 1, 1, 0, 1, 1, 0];[5, 16, 17, 4, 6, 14, 0, 2, 9, 12, 15, 18, 3, 10, 19, 13, 8, 11, 7, 1]|[0, 1, 1, 2, 2, 0, 2, 1, 0, 2, 0, 0, 1, 2, 1, 1, 2, 2, 1, 0]|[3, 1, 1, 1, 0, 0, 0, 1, 3, 0, 3, 3, 1, 1, 0, 1, 0, 0, 1, 3]|[2, 1, 1, 1, 0, 0, 1, 1, 2, 1, 0, 0, 1, 1, 0, 1, 0, 1, 1, 0];[5, 16, 17, 4, 6, 14, 0, 2, 9, 12, 15, 18, 3, 10, 19, 13, 8, 11, 7, 1]|[0, 1, 1, 2, 2, 0, 2, 1, 0, 2, 0, 0, 1, 2, 1, 1, 2, 2, 1, 0]|[3, 1, 1, 1, 0, 0, 0, 1, 3, 0, 3, 3, 1, 1, 0, 1, 0, 0, 1, 3]|[2, 1, 1, 1, 0, 0, 1, 1, 2, 1, 0, 0, 1, 1, 0, 1, 0, 1, 1, 0];[5, 16, 17, 4, 6, 14, 0, 2, 9, 12, 15, 18, 3, 10, 19, 13, 8, 11, 7, 1]|[0, 1, 1, 2, 2, 0, 2, 1, 0, 2, 0, 0, 1, 2, 1, 1, 2, 2, 1, 0]|[3, 1, 1, 1, 0, 0, 0, 1, 3, 0, 3, 3, 1, 1, 0, 1, 0, 0, 1, 3]|[2, 1, 1, 1, 0, 0, 1, 1, 2, 1, 0, 0, 1, 1, 0, 1, 0, 1, 1, 0];[5, 16, 17, 4, 6, 14, 0, 2, 9, 12, 15, 18, 3, 10, 19, 13, 8, 11, 7, 1]|[0, 1, 1, 2, 2, 0, 2, 1, 0, 2, 0, 0, 1, 2, 1, 1, 2, 2, 1, 0]|[3, 1, 1, 1, 0, 0, 0, 1, 3, 0, 3, 3, 1, 1, 0, 1, 0, 0, 1, 3]|[2, 1, 1, 1, 0, 0, 1, 1, 2, 1, 0, 0, 1, 1, 0, 1, 0, 1, 1, 0];[1, 19, 13, 14, 2, 4, 16, 5, 3, 10, 12, 9, 6, 17, 8, 15, 18, 11, 7, 0]|[0, 1, 1, 0, 2, 1, 2, 2, 1, 0, 0, 2, 0, 1, 0, 1, 1, 2, 1, 0]|[3, 1, 0, 3, 0, 1, 1, 0, 0, 0, 3, 0, 2, 0, 3, 1, 1, 0, 1, 3]|[0, 1, 1, 2, 1, 0, 0, 1, 1, 0, 0, 0, 2, 1, 1, 0, 1, 1, 1, 0];[2, 12, 15, 19, 10, 14, 16, 13, 0, 3, 4, 7, 9, 6, 5, 1, 11, 18, 17, 8]|[0, 0, 0, 0, 2, 2, 1, 0, 0, 2, 1, 0, 0, 1, 2, 0, 0, 0, 2, 1]|[0, 3, 3, 3, 1, 1, 1, 3, 3, 1, 1, 3, 3, 1, 1, 3, 2, 3, 1, 1]|[1, 0, 2, 0, 1, 0, 1, 2, 1, 1, 0, 0, 2, 1, 1, 1, 0, 2, 0, 1];[2, 12, 15, 19, 10, 14, 16, 13, 0, 3, 4, 7, 9, 6, 5, 1, 11, 18, 17, 8]|[0, 0, 0, 0, 2, 2, 1, 0, 0, 2, 1, 0, 0, 1, 2, 0, 0, 0, 2, 1]|[0, 3, 3, 3, 1, 1, 1, 3, 3, 1, 1, 3, 3, 1, 1, 3, 2, 3, 1, 1]|[1, 0, 2, 0, 1, 0, 1, 2, 1, 1, 0, 0, 2, 1, 1, 1, 0, 2, 0, 1];[2, 12, 15, 19, 10, 14, 16, 13, 0, 3, 4, 7, 9, 6, 5, 1, 11, 18, 17, 8]|[0, 0, 0, 0, 2, 2, 1, 0, 0, 2, 1, 0, 0, 1, 2, 0, 0, 0, 2, 1]|[0, 3, 3, 3, 1, 1, 1, 3, 3, 1, 1, 3, 3, 1, 1, 3, 2, 3, 1, 1]|[1, 0, 2, 0, 1, 0, 1, 2, 1, 1, 0, 0, 2, 1, 1, 1, 0, 2, 0, 1];[2, 12, 15, 19, 10, 14, 16, 13, 0, 3, 4, 7, 9, 6, 5, 1, 11, 18, 17, 8]|[0, 0, 0, 0, 2, 2, 1, 0, 0, 2, 1, 0, 0, 1, 2, 0, 0, 0, 2, 1]|[0, 3, 3, 3, 1, 1, 1, 3, 3, 1, 1, 3, 3, 1, 1, 3, 2, 3, 1, 1]|[1, 0, 2, 0, 1, 0, 1, 2, 1, 1, 0, 0, 2, 1, 1, 1, 0, 2, 0, 1];[2, 19, 15, 3, 10, 14, 18, 16, 12, 4, 0, 13, 17, 11, 5, 9, 1, 8, 6, 7]|[0, 0, 0, 0, 2, 2, 0, 1, 2, 1, 0, 0, 0, 2, 1, 0, 0, 0, 2, 1]|[0, 3, 3, 3, 1, 1, 2, 1, 1, 1, 3, 3, 3, 1, 1, 3, 3, 3, 1, 1]|[1, 0, 2, 0, 1, 0, 0, 1, 1, 0, 1, 2, 0, 1, 1, 2, 1, 0, 0, 0];[19, 6, 0, 2, 10, 14, 9, 1, 4, 3, 13, 7, 15, 16, 18, 12, 11, 8, 17, 5]|[0, 0, 0, 0, 2, 2, 0, 0, 1, 2, 1, 0, 0, 1, 2, 0, 0, 0, 2, 1]|[3, 3, 0, 3, 1, 1, 3, 3, 1, 1, 1, 3, 3, 1, 1, 3, 2, 3, 1, 1]|[0, 2, 1, 0, 1, 0, 2, 1, 1, 1, 0, 0, 2, 1, 1, 0, 0, 2, 0, 0];[19, 6, 0, 2, 10, 14, 9, 1, 4, 3, 13, 7, 15, 16, 18, 12, 11, 8, 17, 5]|[0, 0, 0, 0, 2, 2, 0, 0, 1, 2, 1, 0, 0, 1, 2, 0, 0, 0, 2, 1]|[3, 3, 0, 3, 1, 1, 3, 3, 1, 1, 1, 3, 3, 1, 1, 3, 2, 3, 1, 1]|[0, 2, 1, 0, 1, 0, 2, 1, 1, 1, 0, 0, 2, 1, 1, 0, 0, 2, 0, 0];[19, 6, 0, 2, 10, 14, 9, 1, 4, 3, 13, 7, 15, 16, 18, 12, 11, 8, 17, 5]|[0, 0, 0, 0, 2, 2, 0, 0, 1, 2, 1, 0, 0, 1, 2, 0, 0, 0, 2, 1]|[3, 3, 0, 3, 1, 1, 3, 3, 1, 1, 1, 3, 3, 1, 1, 3, 2, 3, 1, 1]|[0, 2, 1, 0, 1, 0, 2, 1, 1, 1, 0, 0, 2, 1, 1, 0, 0, 2, 0, 0];[19, 6, 0, 2, 10, 14, 9, 1, 4, 3, 13, 7, 15, 16, 18, 12, 11, 8, 17, 5]|[0, 0, 0, 0, 2, 2, 0, 0, 1, 2, 1, 0, 0, 1, 2, 0, 0, 0, 2, 1]|[3, 3, 0, 3, 1, 1, 3, 3, 1, 1, 1, 3, 3, 1, 1, 3, 2, 3, 1, 1]|[0, 2, 1, 0, 1, 0, 2, 1, 1, 1, 0, 0, 2, 1, 1, 0, 0, 2, 0, 0];[2, 1, 13, 14, 19, 4, 16, 5, 3, 10, 11, 17, 6, 7, 18, 9, 15, 0, 12, 8]|[0, 1, 1, 0, 2, 1, 2, 2, 1, 0, 0, 2, 0, 1, 0, 1, 1, 2, 1, 0]|[3, 1, 1, 3, 0, 1, 0, 0, 0, 0, 3, 0, 3, 0, 3, 1, 1, 0, 1, 3]|[0, 1, 1, 2, 1, 0, 0, 1, 1, 0, 0, 1, 2, 1, 0, 1, 1, 1, 1, 0];[12, 5, 4, 15, 11, 19, 1, 16, 3, 9, 0, 10, 2, 14, 6, 17, 13, 18, 7, 8]|[0, 2, 0, 2, 0, 1, 0, 2, 1, 2, 2, 1, 2, 0, 1, 1, 1, 2, 1, 0]|[3, 0, 3, 1, 0, 1, 2, 1, 1, 0, 0, 1, 1, 3, 0, 1, 1, 0, 1, 3]|[0, 0, 2, 1, 1, 1, 0, 0, 1, 1, 1, 1, 1, 2, 0, 1, 1, 0, 1, 0];[12, 5, 4, 15, 11, 19, 1, 16, 3, 9, 0, 10, 2, 14, 6, 17, 13, 18, 7, 8]|[0, 2, 0, 2, 0, 1, 0, 2, 1, 2, 2, 1, 2, 0, 1, 1, 1, 2, 1, 0]|[3, 0, 3, 1, 0, 1, 2, 1, 1, 0, 0, 1, 1, 3, 0, 1, 1, 0, 1, 3]|[0, 0, 2, 1, 1, 1, 0, 0, 1, 1, 1, 1, 1, 2, 0, 1, 1, 0, 1, 0];[5, 2, 19, 14, 16, 6, 13, 4, 11, 8, 17, 15, 1, 10, 0, 7, 9, 18, 12, 3]|[0, 1, 1, 0, 2, 2, 1, 2, 1, 2, 0, 1, 0, 2, 0, 0, 1, 2, 1, 0]|[3, 1, 1, 3, 0, 0, 1, 0, 1, 0, 0, 1, 3, 0, 3, 3, 0, 0, 1, 3]|[2, 1, 1, 0, 1, 0, 1, 1, 1, 0, 0, 1, 2, 1, 2, 0, 1, 1, 1, 0];[5, 2, 19, 14, 16, 6, 13, 4, 11, 8, 17, 15, 1, 10, 0, 7, 9, 18, 12, 3]|[0, 1, 1, 0, 2, 2, 1, 2, 1, 2, 0, 1, 0, 2, 0, 0, 1, 2, 1, 0]|[3, 1, 1, 3, 0, 0, 1, 0, 1, 0, 0, 1, 3, 0, 3, 3, 0, 0, 1, 3]|[2, 1, 1, 0, 1, 0, 1, 1, 1, 0, 0, 1, 2, 1, 2, 0, 1, 1, 1, 0];[9, 12, 19, 10, 13, 14, 8, 15, 11, 6, 0, 4, 3, 7, 16, 1, 2, 18, 17, 5]|[0, 0, 0, 0, 0, 2, 0, 0, 2, 1, 0, 1, 2, 0, 1, 2, 0, 0, 2, 1]|[3, 0, 3, 2, 3, 1, 2, 3, 0, 1, 3, 1, 1, 3, 1, 1, 3, 3, 1, 1]|[2, 1, 0, 0, 2, 0, 1, 2, 1, 1, 0, 0, 1, 0, 1, 1, 2, 0, 0, 1];[9, 12, 19, 10, 13, 14, 8, 15, 11, 6, 0, 4, 3, 7, 16, 1, 2, 18, 17, 5]|[0, 0, 0, 0, 0, 2, 0, 0, 2, 1, 0, 1, 2, 0, 1, 2, 0, 0, 2, 1]|[3, 0, 3, 2, 3, 1, 2, 3, 0, 1, 3, 1, 1, 3, 1, 1, 3, 3, 1, 1]|[2, 1, 0, 0, 2, 0, 1, 2, 1, 1, 0, 0, 1, 0, 1, 1, 2, 0, 0, 1];[5, 12, 17, 10, 4, 19, 16, 1, 3, 13, 15, 6, 8, 2, 11, 14, 7, 0, 9, 18]|[0, 1, 2, 0, 2, 1, 2, 2, 1, 2, 0, 2, 0, 1, 1, 2, 1, 1, 0, 0]|[0, 1, 1, 3, 0, 1, 0, 1, 0, 1, 3, 0, 3, 0, 1, 0, 1, 1, 3, 3]|[2, 1, 1, 0, 0, 0, 0, 1, 1, 1, 0, 1, 0, 1, 1, 1, 1, 1, 0, 2];[19, 14, 2, 4, 16, 5, 3, 12, 10, 6, 0, 18, 9, 8, 15, 11, 7, 17, 13, 1]|[1, 0, 2, 1, 2, 2, 1, 1, 1, 0, 0, 0, 1, 1, 2, 2, 0, 0, 0, 0]|[0, 3, 0, 1, 0, 0, 1, 1, 1, 3, 3, 3, 1, 1, 1, 1, 3, 3, 3, 3]|[1, 0, 1, 0, 0, 1, 1, 1, 1, 0, 2, 0, 1, 1, 1, 0, 0, 0, 2, 0];[5, 12, 17, 10, 4, 19, 16, 1, 3, 13, 15, 6, 8, 2, 11, 14, 7, 0, 9, 18]|[0, 1, 2, 0, 2, 1, 2, 2, 1, 2, 0, 2, 0, 1, 1, 2, 1, 1, 0, 0]|[0, 1, 1, 3, 0, 1, 0, 1, 0, 1, 3, 0, 3, 0, 1, 0, 1, 1, 3, 3]|[2, 1, 1, 0, 0, 0, 0, 1, 1, 1, 0, 1, 0, 1, 1, 1, 1, 1, 0, 2];[2, 12, 15, 19, 10, 14, 9, 1, 16, 13, 7, 4, 6, 5, 11, 0, 18, 8, 17, 3]|[0, 0, 0, 0, 2, 2, 0, 0, 1, 0, 2, 1, 0, 1, 2, 0, 0, 0, 2, 1]|[0, 3, 3, 3, 1, 1, 3, 3, 1, 3, 1, 1, 3, 1, 1, 3, 2, 3, 1, 1]|[1, 0, 2, 0, 1, 0, 2, 1, 1, 2, 1, 0, 0, 1, 1, 1, 0, 2, 0, 0];[2, 12, 15, 9, 10, 14, 19, 0, 16, 13, 3, 4, 7, 6, 11, 1, 18, 8, 17, 5]|[0, 0, 0, 0, 2, 2, 0, 0, 1, 0, 2, 1, 0, 1, 2, 0, 0, 0, 2, 1]|[0, 1, 3, 3, 1, 1, 3, 3, 1, 3, 1, 1, 3, 1, 1, 3, 2, 3, 1, 1]|[1, 0, 2, 2, 1, 0, 0, 1, 1, 2, 1, 0, 0, 1, 1, 1, 0, 2, 0, 0];[19, 15, 14, 4, 13, 16, 5, 12, 7, 6, 0, 10, 9, 11, 1, 17, 2, 3, 8, 18]|[2, 1, 1, 0, 1, 2, 2, 1, 0, 0, 0, 2, 2, 0, 1, 1, 1, 2, 1, 0]|[1, 1, 0, 3, 1, 0, 0, 0, 0, 3, 1, 0, 0, 3, 0, 0, 1, 0, 1, 3]|[0, 1, 1, 2, 0, 1, 1, 1, 0, 0, 1, 1, 0, 0, 1, 1, 0, 1, 1, 0];[19, 15, 14, 4, 13, 16, 5, 12, 7, 6, 0, 10, 9, 11, 1, 17, 2, 3, 8, 18]|[2, 1, 1, 0, 1, 2, 2, 1, 0, 0, 0, 2, 2, 0, 1, 1, 1, 2, 1, 0]|[1, 1, 0, 3, 1, 0, 0, 0, 0, 3, 1, 0, 0, 3, 0, 0, 1, 0, 1, 3]|[0, 1, 1, 2, 0, 1, 1, 1, 0, 0, 1, 1, 0, 0, 1, 1, 0, 1, 1, 0];[2, 19, 8, 12, 10, 14, 1, 16, 15, 3, 4, 7, 6, 11, 0, 13, 18, 9, 17, 5]|[0, 0, 0, 0, 2, 2, 0, 1, 0, 2, 1, 0, 1, 2, 0, 0, 0, 0, 2, 1]|[0, 3, 3, 3, 1, 1, 3, 1, 3, 1, 1, 3, 1, 1, 3, 2, 3, 3, 0, 1]|[1, 0, 2, 0, 1, 0, 1, 1, 2, 1, 0, 0, 1, 1, 1, 0, 2, 0, 0, 0];[2, 19, 8, 12, 10, 14, 1, 16, 15, 3, 4, 7, 6, 11, 0, 13, 18, 9, 17, 5]|[0, 0, 0, 0, 2, 2, 0, 1, 0, 2, 1, 0, 1, 2, 0, 0, 0, 0, 2, 1]|[0, 3, 3, 3, 1, 1, 3, 1, 3, 1, 1, 3, 1, 1, 3, 2, 3, 3, 0, 1]|[1, 0, 2, 0, 1, 0, 1, 1, 2, 1, 0, 0, 1, 1, 1, 0, 2, 0, 0, 0];[2, 19, 8, 12, 10, 14, 1, 16, 15, 3, 4, 7, 6, 11, 0, 13, 18, 9, 17, 5]|[0, 0, 0, 0, 2, 2, 0, 1, 0, 2, 1, 0, 1, 2, 0, 0, 0, 0, 2, 1]|[0, 3, 3, 3, 1, 1, 3, 1, 3, 1, 1, 3, 1, 1, 3, 2, 3, 3, 0, 1]|[1, 0, 2, 0, 1, 0, 1, 1, 2, 1, 0, 0, 1, 1, 1, 0, 2, 0, 0, 0];[2, 19, 8, 12, 10, 14, 1, 16, 15, 3, 4, 7, 6, 11, 0, 13, 18, 9, 17, 5]|[0, 0, 0, 0, 2, 2, 0, 1, 0, 2, 1, 0, 1, 2, 0, 0, 0, 0, 2, 1]|[0, 3, 3, 3, 1, 1, 3, 1, 3, 1, 1, 3, 1, 1, 3, 2, 3, 3, 0, 1]|[1, 0, 2, 0, 1, 0, 1, 1, 2, 1, 0, 0, 1, 1, 1, 0, 2, 0, 0, 0];[11, 19, 14, 2, 4, 16, 5, 3, 9, 10, 18, 7, 1, 15, 0, 12, 17, 6, 13, 8]|[0, 1, 0, 2, 1, 2, 2, 1, 1, 0, 0, 2, 0, 2, 0, 1, 1, 2, 1, 0]|[0, 0, 1, 1, 1, 0, 1, 0, 1, 3, 3, 0, 3, 0, 3, 1, 1, 0, 0, 3]|[2, 1, 1, 1, 0, 0, 1, 1, 1, 0, 0, 1, 0, 0, 2, 1, 1, 1, 1, 0];[11, 19, 14, 2, 4, 16, 5, 3, 9, 10, 18, 7, 1, 15, 0, 12, 17, 6, 13, 8]|[0, 1, 0, 2, 1, 2, 2, 1, 1, 0, 0, 2, 0, 2, 0, 1, 1, 2, 1, 0]|[0, 0, 1, 1, 1, 0, 1, 0, 1, 3, 3, 0, 3, 0, 3, 1, 1, 0, 0, 3]|[2, 1, 1, 1, 0, 0, 1, 1, 1, 0, 0, 1, 0, 0, 2, 1, 1, 1, 1, 0];[11, 19, 14, 2, 4, 16, 5, 3, 9, 10, 18, 7, 1, 15, 0, 12, 17, 6, 13, 8]|[0, 1, 0, 2, 1, 2, 2, 1, 1, 0, 0, 2, 0, 2, 0, 1, 1, 2, 1, 0]|[0, 0, 1, 1, 1, 0, 1, 0, 1, 3, 3, 0, 3, 0, 3, 1, 1, 0, 0, 3]|[2, 1, 1, 1, 0, 0, 1, 1, 1, 0, 0, 1, 0, 0, 2, 1, 1, 1, 1, 0];[11, 19, 14, 2, 4, 16, 5, 3, 9, 10, 18, 7, 1, 15, 0, 12, 17, 6, 13, 8]|[0, 1, 0, 2, 1, 2, 2, 1, 1, 0, 0, 2, 0, 2, 0, 1, 1, 2, 1, 0]|[0, 0, 1, 1, 1, 0, 1, 0, 1, 3, 3, 0, 3, 0, 3, 1, 1, 0, 0, 3]|[2, 1, 1, 1, 0, 0, 1, 1, 1, 0, 0, 1, 0, 0, 2, 1, 1, 1, 1, 0];[19, 14, 5, 4, 16, 2, 3, 9, 17, 6, 15, 11, 7, 8, 12, 10, 13, 18, 0, 1]|[1, 0, 2, 1, 2, 2, 1, 0, 0, 1, 1, 0, 0, 1, 2, 2, 2, 1, 0, 0]|[0, 0, 1, 1, 0, 1, 0, 3, 3, 0, 1, 0, 3, 1, 0, 0, 0, 1, 3, 3]|[1, 2, 1, 0, 0, 1, 1, 0, 0, 0, 1, 1, 0, 1, 1, 1, 0, 1, 2, 0];[19, 14, 5, 4, 16, 2, 3, 9, 17, 6, 15, 11, 7, 8, 12, 10, 13, 18, 0, 1]|[1, 0, 2, 1, 2, 2, 1, 0, 0, 1, 1, 0, 0, 1, 2, 2, 2, 1, 0, 0]|[0, 0, 1, 1, 0, 1, 0, 3, 3, 0, 1, 0, 3, 1, 0, 0, 0, 1, 3, 3]|[1, 2, 1, 0, 0, 1, 1, 0, 0, 0, 1, 1, 0, 1, 1, 1, 0, 1, 2, 0];[19, 14, 5, 4, 16, 2, 3, 9, 17, 6, 15, 11, 7, 8, 12, 10, 13, 18, 0, 1]|[1, 0, 2, 1, 2, 2, 1, 0, 0, 1, 1, 0, 0, 1, 2, 2, 2, 1, 0, 0]|[0, 0, 1, 1, 0, 1, 0, 3, 3, 0, 1, 0, 3, 1, 0, 0, 0, 1, 3, 3]|[1, 2, 1, 0, 0, 1, 1, 0, 0, 0, 1, 1, 0, 1, 1, 1, 0, 1, 2, 0];[19, 14, 5, 4, 16, 2, 3, 9, 17, 6, 15, 11, 7, 8, 12, 10, 13, 18, 0, 1]|[1, 0, 2, 1, 2, 2, 1, 0, 0, 1, 1, 0, 0, 1, 2, 2, 2, 1, 0, 0]|[0, 0, 1, 1, 0, 1, 0, 3, 3, 0, 1, 0, 3, 1, 0, 0, 0, 1, 3, 3]|[1, 2, 1, 0, 0, 1, 1, 0, 0, 0, 1, 1, 0, 1, 1, 1, 0, 1, 2, 0];[19, 12, 7, 8, 0, 17, 16, 6, 13, 14, 10, 1, 18, 11, 15, 2, 5, 9, 3, 4]|[1, 0, 0, 0, 1, 0, 2, 1, 0, 0, 0, 0, 0, 2, 0, 2, 2, 0, 2, 1]|[1, 3, 3, 3, 1, 0, 1, 1, 3, 3, 3, 3, 2, 1, 3, 0, 0, 0, 1, 1]|[1, 0, 2, 0, 0, 1, 0, 0, 2, 0, 2, 0, 0, 1, 2, 1, 1, 1, 0, 1];[19, 12, 7, 8, 0, 17, 16, 6, 13, 14, 10, 1, 18, 11, 15, 2, 5, 9, 3, 4]|[1, 0, 0, 0, 1, 0, 2, 1, 0, 0, 0, 0, 0, 2, 0, 2, 2, 0, 2, 1]|[1, 3, 3, 3, 1, 0, 1, 1, 3, 3, 3, 3, 2, 1, 3, 0, 0, 0, 1, 1]|[1, 0, 2, 0, 0, 1, 0, 0, 2, 0, 2, 0, 0, 1, 2, 1, 1, 1, 0, 1];[19, 12, 7, 8, 0, 17, 16, 6, 13, 14, 10, 1, 18, 11, 15, 2, 5, 9, 3, 4]|[1, 0, 0, 0, 1, 0, 2, 1, 0, 0, 0, 0, 0, 2, 0, 2, 2, 0, 2, 1]|[1, 3, 3, 3, 1, 0, 1, 1, 3, 3, 3, 3, 2, 1, 3, 0, 0, 0, 1, 1]|[1, 0, 2, 0, 0, 1, 0, 0, 2, 0, 2, 0, 0, 1, 2, 1, 1, 1, 0, 1];[19, 12, 7, 8, 0, 17, 16, 6, 13, 14, 10, 1, 18, 11, 15, 2, 5, 9, 3, 4]|[1, 0, 0, 0, 1, 0, 2, 1, 0, 0, 0, 0, 0, 2, 0, 2, 2, 0, 2, 1]|[1, 3, 3, 3, 1, 0, 1, 1, 3, 3, 3, 3, 2, 1, 3, 0, 0, 0, 1, 1]|[1, 0, 2, 0, 0, 1, 0, 0, 2, 0, 2, 0, 0, 1, 2, 1, 1, 1, 0, 1];[2, 12, 15, 19, 10, 14, 9, 1, 16, 13, 3, 4, 7, 6, 11, 0, 17, 8, 5, 18]|[0, 0, 0, 0, 2, 2, 0, 0, 1, 0, 2, 1, 0, 1, 2, 0, 0, 0, 2, 1]|[0, 3, 3, 3, 1, 1, 3, 3, 1, 3, 1, 1, 3, 1, 1, 3, 2, 3, 1, 1]|[1, 0, 2, 0, 1, 0, 2, 1, 1, 2, 1, 0, 0, 1, 1, 1, 0, 2, 0, 0];[2, 12, 15, 19, 10, 14, 9, 1, 16, 13, 3, 4, 7, 6, 11, 0, 17, 8, 5, 18]|[0, 0, 0, 0, 2, 2, 0, 0, 1, 0, 2, 1, 0, 1, 2, 0, 0, 0, 2, 1]|[0, 3, 3, 3, 1, 1, 3, 3, 1, 3, 1, 1, 3, 1, 1, 3, 2, 3, 1, 1]|[1, 0, 2, 0, 1, 0, 2, 1, 1, 2, 1, 0, 0, 1, 1, 1, 0, 2, 0, 0];[2, 12, 15, 19, 10, 14, 9, 1, 16, 13, 3, 4, 7, 6, 11, 0, 17, 8, 5, 18]|[0, 0, 0, 0, 2, 2, 0, 0, 1, 0, 2, 1, 0, 1, 2, 0, 0, 0, 2, 1]|[0, 3, 3, 3, 1, 1, 3, 3, 1, 3, 1, 1, 3, 1, 1, 3, 2, 3, 1, 1]|[1, 0, 2, 0, 1, 0, 2, 1, 1, 2, 1, 0, 0, 1, 1, 1, 0, 2, 0, 0];[2, 12, 15, 19, 10, 14, 9, 1, 16, 13, 3, 4, 7, 6, 11, 0, 17, 8, 5, 18]|[0, 0, 0, 0, 2, 2, 0, 0, 1, 0, 2, 1, 0, 1, 2, 0, 0, 0, 2, 1]|[0, 3, 3, 3, 1, 1, 3, 3, 1, 3, 1, 1, 3, 1, 1, 3, 2, 3, 1, 1]|[1, 0, 2, 0, 1, 0, 2, 1, 1, 2, 1, 0, 0, 1, 1, 1, 0, 2, 0, 0];[5, 2, 14, 10, 4, 13, 16, 19, 17, 0, 11, 9, 12, 3, 18, 15, 6, 1, 7, 8]|[0, 1, 0, 2, 1, 1, 2, 2, 1, 0, 1, 2, 2, 0, 0, 2, 1, 2, 1, 0]|[0, 0, 3, 1, 1, 1, 0, 1, 0, 3, 0, 0, 1, 0, 3, 0, 1, 0, 1, 3]|[0, 0, 2, 1, 1, 1, 0, 1, 1, 2, 0, 0, 0, 1, 0, 1, 1, 1, 1, 0];[5, 2, 14, 10, 4, 13, 16, 19, 17, 0, 11, 9, 12, 3, 18, 15, 6, 1, 7, 8]|[0, 1, 0, 2, 1, 1, 2, 2, 1, 0, 1, 2, 2, 0, 0, 2, 1, 2, 1, 0]|[0, 0, 3, 1, 1, 1, 0, 1, 0, 3, 0, 0, 1, 0, 3, 0, 1, 0, 1, 3]|[0, 0, 2, 1, 1, 1, 0, 1, 1, 2, 0, 0, 0, 1, 0, 1, 1, 1, 1, 0];[5, 2, 14, 10, 4, 13, 16, 19, 17, 0, 11, 9, 12, 3, 18, 15, 6, 1, 7, 8]|[0, 1, 0, 2, 1, 1, 2, 2, 1, 0, 1, 2, 2, 0, 0, 2, 1, 2, 1, 0]|[0, 0, 3, 1, 1, 1, 0, 1, 0, 3, 0, 0, 1, 0, 3, 0, 1, 0, 1, 3]|[0, 0, 2, 1, 1, 1, 0, 1, 1, 2, 0, 0, 0, 1, 0, 1, 1, 1, 1, 0];[5, 2, 14, 10, 4, 13, 16, 19, 17, 0, 11, 9, 12, 3, 18, 15, 6, 1, 7, 8]|[0, 1, 0, 2, 1, 1, 2, 2, 1, 0, 1, 2, 2, 0, 0, 2, 1, 2, 1, 0]|[0, 0, 3, 1, 1, 1, 0, 1, 0, 3, 0, 0, 1, 0, 3, 0, 1, 0, 1, 3]|[0, 0, 2, 1, 1, 1, 0, 1, 1, 2, 0, 0, 0, 1, 0, 1, 1, 1, 1, 0];[2, 12, 15, 19, 10, 14, 9, 1, 16, 3, 7, 13, 4, 18, 0, 6, 11, 8, 5, 17]|[0, 0, 0, 0, 2, 2, 0, 0, 1, 0, 2, 1, 0, 1, 2, 0, 0, 0, 2, 1]|[0, 3, 3, 3, 1, 1, 3, 3, 1, 3, 1, 1, 3, 1, 1, 3, 3, 3, 1, 1]|[1, 0, 2, 0, 1, 0, 2, 0, 1, 2, 1, 0, 0, 1, 0, 1, 0, 2, 1, 1];[2, 12, 15, 19, 10, 14, 9, 1, 16, 13, 3, 4, 7, 6, 5, 0, 18, 17, 8, 11]|[0, 0, 0, 0, 2, 2, 0, 0, 1, 0, 2, 1, 0, 1, 2, 0, 0, 0, 2, 1]|[3, 3, 3, 3, 1, 1, 3, 3, 1, 3, 1, 1, 3, 1, 1, 3, 2, 3, 1, 1]|[0, 1, 2, 0, 1, 0, 2, 1, 1, 2, 1, 0, 0, 1, 1, 1, 0, 2, 1, 1];[2, 12, 15, 19, 10, 14, 9, 1, 16, 13, 3, 4, 7, 6, 11, 0, 8, 18, 17, 5]|[0, 0, 0, 0, 2, 2, 0, 0, 1, 0, 2, 1, 0, 1, 2, 0, 0, 0, 2, 1]|[0, 3, 3, 3, 1, 1, 3, 3, 1, 3, 1, 1, 3, 1, 0, 3, 2, 3, 1, 1]|[2, 0, 2, 0, 1, 0, 2, 1, 1, 2, 1, 0, 0, 1, 1, 0, 1, 0, 0, 1];[2, 12, 15, 19, 10, 14, 9, 1, 16, 13, 3, 4, 7, 6, 0, 18, 11, 8, 5, 17]|[0, 0, 0, 0, 2, 2, 0, 0, 1, 0, 2, 1, 0, 1, 2, 0, 0, 0, 2, 1]|[3, 0, 3, 3, 1, 1, 3, 3, 1, 3, 1, 1, 3, 1, 1, 3, 2, 3, 0, 1]|[1, 0, 2, 1, 1, 0, 2, 0, 1, 2, 1, 0, 0, 1, 0, 1, 0, 2, 1, 1];[2, 19, 15, 12, 10, 14, 9, 18, 16, 13, 3, 4, 8, 6, 1, 11, 0, 7, 5, 17]|[0, 0, 0, 0, 2, 2, 2, 0, 1, 0, 2, 1, 0, 1, 0, 0, 0, 0, 2, 1]|[0, 3, 3, 3, 1, 1, 1, 3, 1, 3, 1, 1, 2, 1, 3, 3, 3, 3, 1, 1]|[1, 0, 2, 0, 1, 0, 0, 1, 1, 2, 1, 0, 0, 1, 1, 0, 2, 1, 0, 0];[2, 19, 15, 12, 10, 14, 9, 18, 16, 13, 3, 4, 8, 6, 1, 11, 0, 7, 5, 17]|[0, 0, 0, 0, 2, 2, 2, 0, 1, 0, 2, 1, 0, 1, 0, 0, 0, 0, 2, 1]|[0, 3, 3, 3, 1, 1, 1, 3, 1, 3, 1, 1, 2, 1, 3, 3, 3, 3, 1, 1]|[1, 0, 2, 0, 1, 0, 0, 1, 1, 2, 1, 0, 0, 1, 1, 0, 2, 1, 0, 0];[2, 19, 8, 14, 6, 13, 5, 15, 4, 11, 7, 12, 17, 16, 3, 9, 1, 0, 10, 18]|[0, 1, 1, 0, 1, 2, 2, 0, 2, 0, 0, 2, 0, 2, 1, 1, 1, 1, 1, 0]|[3, 1, 1, 3, 1, 0, 0, 3, 0, 3, 3, 0, 3, 0, 1, 1, 1, 1, 1, 3]|[0, 1, 1, 0, 1, 1, 1, 2, 1, 0, 0, 1, 0, 0, 1, 1, 1, 1, 1, 0];[2, 19, 8, 14, 6, 13, 5, 15, 4, 11, 7, 12, 17, 16, 3, 9, 1, 0, 10, 18]|[0, 1, 1, 0, 1, 2, 2, 0, 2, 0, 0, 2, 0, 2, 1, 1, 1, 1, 1, 0]|[3, 1, 1, 3, 1, 0, 0, 3, 0, 3, 3, 0, 3, 0, 1, 1, 1, 1, 1, 3]|[0, 1, 1, 0, 1, 1, 1, 2, 1, 0, 0, 1, 0, 0, 1, 1, 1, 1, 1, 0];[2, 19, 13, 9, 14, 8, 6, 16, 7, 11, 10, 1, 12, 15, 17, 5, 18, 3, 4, 0]|[0, 1, 1, 2, 0, 1, 2, 2, 0, 0, 2, 0, 1, 0, 1, 2, 1, 1, 1, 0]|[3, 1, 1, 1, 3, 1, 0, 0, 0, 3, 0, 3, 1, 3, 1, 0, 1, 1, 1, 3]|[0, 1, 1, 1, 2, 1, 0, 1, 0, 0, 1, 2, 1, 1, 1, 1, 1, 1, 1, 0];[2, 19, 13, 9, 14, 8, 6, 16, 7, 11, 10, 1, 12, 15, 17, 5, 18, 3, 4, 0]|[0, 1, 1, 2, 0, 1, 2, 2, 0, 0, 2, 0, 1, 0, 1, 2, 1, 1, 1, 0]|[3, 1, 1, 1, 3, 1, 0, 0, 0, 3, 0, 3, 1, 3, 1, 0, 1, 1, 1, 3]|[0, 1, 1, 1, 2, 1, 0, 1, 0, 0, 1, 2, 1, 1, 1, 1, 1, 1, 1, 0];[2, 19, 13, 9, 14, 8, 6, 16, 7, 11, 10, 1, 12, 15, 17, 5, 18, 3, 4, 0]|[0, 1, 1, 2, 0, 1, 2, 2, 0, 0, 2, 0, 1, 0, 1, 2, 1, 1, 1, 0]|[3, 1, 1, 1, 3, 1, 0, 0, 0, 3, 0, 3, 1, 3, 1, 0, 1, 1, 1, 3]|[0, 1, 1, 1, 2, 1, 0, 1, 0, 0, 1, 2, 1, 1, 1, 1, 1, 1, 1, 0];[2, 19, 13, 9, 14, 8, 6, 16, 7, 11, 10, 1, 12, 15, 17, 5, 18, 3, 4, 0]|[0, 1, 1, 2, 0, 1, 2, 2, 0, 0, 2, 0, 1, 0, 1, 2, 1, 1, 1, 0]|[3, 1, 1, 1, 3, 1, 0, 0, 0, 3, 0, 3, 1, 3, 1, 0, 1, 1, 1, 3]|[0, 1, 1, 1, 2, 1, 0, 1, 0, 0, 1, 2, 1, 1, 1, 1, 1, 1, 1, 0];[2, 19, 15, 12, 10, 14, 9, 18, 16, 13, 3, 4, 8, 6, 1, 11, 0, 7, 5, 17]|[0, 0, 0, 0, 2, 2, 2, 0, 1, 0, 2, 1, 0, 1, 0, 0, 0, 0, 2, 1]|[0, 3, 3, 3, 1, 1, 1, 3, 1, 3, 1, 1, 2, 1, 3, 3, 3, 3, 1, 1]|[1, 0, 2, 0, 1, 0, 0, 1, 1, 2, 1, 0, 0, 1, 1, 0, 2, 1, 0, 0];[2, 19, 15, 12, 10, 14, 9, 18, 16, 13, 3, 4, 8, 6, 1, 11, 0, 7, 5, 17]|[0, 0, 0, 0, 2, 2, 2, 0, 1, 0, 2, 1, 0, 1, 0, 0, 0, 0, 2, 1]|[0, 3, 3, 3, 1, 1, 1, 3, 1, 3, 1, 1, 2, 1, 3, 3, 3, 3, 1, 1]|[1, 0, 2, 0, 1, 0, 0, 1, 1, 2, 1, 0, 0, 1, 1, 0, 2, 1, 0, 0];[2, 12, 15, 14, 9, 6, 10, 1, 16, 13, 3, 4, 8, 5, 11, 0, 18, 17, 7, 19]|[0, 0, 0, 0, 2, 2, 0, 0, 1, 0, 2, 1, 0, 1, 2, 0, 0, 0, 2, 1]|[0, 3, 3, 3, 1, 1, 3, 3, 1, 3, 1, 1, 3, 1, 0, 3, 3, 3, 1, 1]|[1, 0, 2, 0, 1, 0, 2, 1, 1, 2, 1, 0, 0, 1, 1, 1, 0, 0, 0, 0];[2, 1, 12, 8, 10, 3, 5, 6, 13, 7, 0, 18, 15, 9, 14, 16, 4, 17, 19, 11]|[2, 1, 1, 0, 0, 1, 2, 0, 1, 1, 0, 0, 1, 1, 0, 2, 1, 2, 2, 0]|[1, 1, 1, 3, 3, 1, 0, 3, 1, 1, 3, 3, 1, 1, 3, 0, 1, 0, 0, 3]|[1, 1, 1, 0, 0, 1, 1, 2, 1, 1, 0, 0, 1, 1, 2, 0, 1, 1, 1, 0];[2, 1, 12, 8, 10, 3, 5, 6, 13, 7, 0, 18, 15, 9, 14, 16, 4, 17, 19, 11]|[2, 1, 1, 0, 0, 1, 2, 0, 1, 1, 0, 0, 1, 1, 0, 2, 1, 2, 2, 0]|[1, 1, 1, 3, 3, 1, 0, 3, 1, 1, 3, 3, 1, 1, 3, 0, 1, 0, 0, 3]|[1, 1, 1, 0, 0, 1, 1, 2, 1, 1, 0, 0, 1, 1, 2, 0, 1, 1, 1, 0];[2, 1, 12, 8, 10, 3, 5, 6, 13, 7, 0, 18, 15, 9, 14, 16, 4, 17, 19, 11]|[2, 1, 1, 0, 0, 1, 2, 0, 1, 1, 0, 0, 1, 1, 0, 2, 1, 2, 2, 0]|[1, 1, 1, 3, 3, 1, 0, 3, 1, 1, 3, 3, 1, 1, 3, 0, 1, 0, 0, 3]|[1, 1, 1, 0, 0, 1, 1, 2, 1, 1, 0, 0, 1, 1, 2, 0, 1, 1, 1, 0];[2, 1, 12, 8, 10, 3, 5, 6, 13, 7, 0, 18, 15, 9, 14, 16, 4, 17, 19, 11]|[2, 1, 1, 0, 0, 1, 2, 0, 1, 1, 0, 0, 1, 1, 0, 2, 1, 2, 2, 0]|[1, 1, 1, 3, 3, 1, 0, 3, 1, 1, 3, 3, 1, 1, 3, 0, 1, 0, 0, 3]|[1, 1, 1, 0, 0, 1, 1, 2, 1, 1, 0, 0, 1, 1, 2, 0, 1, 1, 1, 0];[2, 19, 15, 12, 10, 9, 14, 5, 16, 18, 11, 6, 4, 3, 0, 8, 17, 7, 1, 13]|[1, 0, 0, 0, 2, 2, 2, 0, 1, 0, 2, 1, 1, 2, 0, 0, 0, 0, 0, 1]|[1, 3, 3, 3, 1, 1, 0, 3, 1, 0, 1, 1, 1, 1, 3, 3, 2, 3, 3, 1]|[0, 0, 2, 0, 1, 0, 0, 2, 1, 1, 1, 1, 0, 1, 1, 2, 0, 0, 1, 1];[2, 4, 15, 19, 10, 14, 3, 1, 16, 9, 7, 13, 12, 18, 0, 6, 11, 8, 5, 17]|[0, 0, 0, 0, 2, 2, 0, 0, 1, 0, 2, 1, 0, 1, 2, 0, 0, 0, 2, 1]|[3, 0, 3, 3, 1, 1, 3, 3, 1, 3, 1, 1, 3, 1, 1, 3, 3, 3, 1, 1]|[1, 0, 2, 0, 1, 0, 2, 0, 1, 2, 1, 0, 0, 1, 0, 1, 0, 2, 1, 1];[2, 12, 13, 14, 11, 6, 1, 5, 17, 3, 4, 7, 0, 9, 19, 16, 15, 8, 18, 10]|[0, 0, 0, 0, 2, 1, 0, 1, 0, 2, 1, 0, 0, 0, 2, 2, 0, 0, 2, 1]|[3, 0, 0, 3, 1, 1, 3, 1, 3, 1, 1, 3, 2, 3, 1, 1, 3, 3, 1, 1]|[0, 2, 1, 2, 1, 0, 1, 1, 2, 1, 0, 1, 0, 2, 0, 1, 1, 0, 0, 0];[2, 12, 13, 14, 11, 6, 1, 5, 17, 3, 4, 7, 0, 9, 19, 16, 15, 8, 18, 10]|[0, 0, 0, 0, 2, 1, 0, 1, 0, 2, 1, 0, 0, 0, 2, 2, 0, 0, 2, 1]|[3, 0, 0, 3, 1, 1, 3, 1, 3, 1, 1, 3, 2, 3, 1, 1, 3, 3, 1, 1]|[0, 2, 1, 2, 1, 0, 1, 1, 2, 1, 0, 1, 0, 2, 0, 1, 1, 0, 0, 0];[2, 12, 13, 14, 11, 6, 1, 5, 17, 3, 4, 7, 0, 9, 19, 16, 15, 8, 18, 10]|[0, 0, 0, 0, 2, 1, 0, 1, 0, 2, 1, 0, 0, 0, 2, 2, 0, 0, 2, 1]|[3, 0, 0, 3, 1, 1, 3, 1, 3, 1, 1, 3, 2, 3, 1, 1, 3, 3, 1, 1]|[0, 2, 1, 2, 1, 0, 1, 1, 2, 1, 0, 1, 0, 2, 0, 1, 1, 0, 0, 0];[2, 12, 13, 14, 11, 6, 1, 5, 17, 3, 4, 7, 0, 9, 19, 16, 15, 8, 18, 10]|[0, 0, 0, 0, 2, 1, 0, 1, 0, 2, 1, 0, 0, 0, 2, 2, 0, 0, 2, 1]|[3, 0, 0, 3, 1, 1, 3, 1, 3, 1, 1, 3, 2, 3, 1, 1, 3, 3, 1, 1]|[0, 2, 1, 2, 1, 0, 1, 1, 2, 1, 0, 1, 0, 2, 0, 1, 1, 0, 0, 0];[5, 4, 14, 10, 2, 6, 3, 0, 17, 12, 11, 1, 16, 18, 7, 15, 9, 13, 19, 8]|[0, 1, 0, 2, 1, 2, 2, 1, 1, 0, 0, 1, 0, 2, 0, 1, 2, 1, 1, 0]|[3, 1, 3, 0, 1, 0, 0, 1, 1, 3, 3, 1, 3, 0, 3, 1, 0, 1, 1, 3]|[0, 1, 2, 1, 1, 0, 1, 1, 1, 0, 0, 1, 2, 1, 0, 1, 1, 1, 1, 0];[5, 4, 14, 10, 2, 6, 3, 0, 17, 12, 11, 1, 16, 18, 7, 15, 9, 13, 19, 8]|[0, 1, 0, 2, 1, 2, 2, 1, 1, 0, 0, 1, 0, 2, 0, 1, 2, 1, 1, 0]|[3, 1, 3, 0, 1, 0, 0, 1, 1, 3, 3, 1, 3, 0, 3, 1, 0, 1, 1, 3]|[0, 1, 2, 1, 1, 0, 1, 1, 1, 0, 0, 1, 2, 1, 0, 1, 1, 1, 1, 0];[5, 4, 14, 10, 2, 6, 3, 0, 17, 12, 11, 1, 16, 18, 7, 15, 9, 13, 19, 8]|[0, 1, 0, 2, 1, 2, 2, 1, 1, 0, 0, 1, 0, 2, 0, 1, 2, 1, 1, 0]|[3, 1, 3, 0, 1, 0, 0, 1, 1, 3, 3, 1, 3, 0, 3, 1, 0, 1, 1, 3]|[0, 1, 2, 1, 1, 0, 1, 1, 1, 0, 0, 1, 2, 1, 0, 1, 1, 1, 1, 0];[5, 4, 14, 10, 2, 6, 3, 0, 17, 12, 11, 1, 16, 18, 7, 15, 9, 13, 19, 8]|[0, 1, 0, 2, 1, 2, 2, 1, 1, 0, 0, 1, 0, 2, 0, 1, 2, 1, 1, 0]|[3, 1, 3, 0, 1, 0, 0, 1, 1, 3, 3, 1, 3, 0, 3, 1, 0, 1, 1, 3]|[0, 1, 2, 1, 1, 0, 1, 1, 1, 0, 0, 1, 2, 1, 0, 1, 1, 1, 1, 0];[4, 7, 5, 3, 10, 14, 16, 17, 0, 12, 2, 13, 15, 19, 1, 9, 8, 18, 11, 6]|[1, 2, 1, 2, 2, 2, 1, 0, 2, 0, 0, 0, 0, 0, 0, 0, 0, 0, 2, 1]|[1, 1, 1, 1, 0, 1, 1, 3, 1, 3, 3, 3, 3, 3, 3, 3, 3, 3, 1, 1]|[1, 1, 0, 1, 1, 0, 1, 0, 1, 0, 2, 0, 2, 0, 2, 0, 2, 0, 0, 0]	sBp=[19, 17, 11, 5, 9, 6, 4, 10, 14, 2, 16, 12, 15, 3, 0, 1, 13, 8, 18, 7]|[2, 1, 1, 2, 2, 1, 2, 0, 1, 1, 2, 2, 0, 0, 0, 2, 1, 0, 1, 0]|[1, 0, 1, 1, 0, 1, 1, 2, 1, 0, 0, 0, 3, 0, 0, 0, 1, 3, 1, 1]|[1, 0, 1, 1, 0, 1, 1, 1, 1, 0, 0, 0, 0, 0, 2, 1, 1, 0, 1, 1];[2, 19, 8, 14, 9, 6, 18, 12, 13, 1, 7, 0, 4, 10, 11, 16, 3, 15, 5, 17]|[0, 1, 1, 0, 2, 1, 0, 1, 2, 1, 0, 2, 0, 0, 2, 2, 1, 1, 1, 0]|[3, 1, 1, 3, 0, 1, 3, 1, 0, 1, 3, 0, 3, 3, 0, 0, 1, 1, 1, 3]|[0, 1, 1, 2, 1, 1, 0, 1, 0, 1, 2, 1, 0, 2, 0, 1, 1, 1, 1, 0];[2, 19, 15, 12, 10, 14, 9, 18, 16, 13, 3, 4, 8, 6, 1, 11, 0, 7, 5, 17]|[0, 0, 0, 0, 2, 2, 2, 0, 1, 0, 2, 1, 0, 1, 0, 0, 0, 0, 2, 1]|[0, 3, 3, 3, 1, 1, 1, 3, 1, 3, 1, 1, 2, 1, 3, 3, 3, 3, 1, 1]|[1, 0, 2, 0, 1, 0, 0, 1, 1, 2, 1, 0, 0, 1, 1, 0, 2, 1, 0, 0];[1, 19, 8, 14, 5, 13, 6, 16, 3, 0, 12, 4, 2, 15, 17, 10, 9, 11, 7, 18]|[0, 1, 1, 0, 2, 1, 2, 2, 1, 0, 0, 2, 0, 1, 0, 1, 1, 2, 1, 0]|[3, 1, 1, 3, 0, 1, 0, 0, 0, 0, 3, 0, 3, 0, 3, 1, 1, 0, 1, 3]|[0, 1, 1, 2, 1, 0, 0, 1, 1, 1, 0, 1, 2, 1, 1, 1, 1, 1, 1, 0];[1, 2, 13, 14, 19, 4, 16, 5, 3, 10, 11, 17, 8, 12, 7, 6, 15, 0, 9, 18]|[0, 1, 1, 0, 2, 1, 2, 2, 1, 0, 0, 2, 0, 1, 0, 1, 1, 2, 1, 0]|[3, 1, 0, 3, 1, 1, 0, 0, 0, 0, 3, 0, 3, 1, 0, 1, 1, 0, 1, 3]|[0, 1, 1, 2, 1, 0, 1, 1, 1, 1, 0, 1, 2, 1, 1, 1, 1, 1, 1, 0];[2, 19, 6, 15, 3, 4, 16, 5, 1, 11, 10, 0, 18, 12, 7, 13, 17, 8, 9, 14]|[0, 1, 1, 0, 2, 1, 2, 2, 1, 0, 0, 2, 0, 1, 0, 1, 1, 2, 1, 0]|[3, 1, 0, 3, 0, 1, 0, 0, 0, 0, 3, 0, 3, 1, 3, 1, 1, 0, 1, 3]|[0, 1, 1, 2, 1, 0, 0, 1, 1, 1, 0, 1, 2, 1, 1, 1, 1, 1, 1, 0];[1, 2, 13, 14, 19, 4, 16, 5, 3, 10, 11, 17, 8, 15, 9, 0, 6, 12, 7, 18]|[0, 1, 1, 0, 2, 1, 2, 2, 1, 0, 0, 2, 0, 1, 0, 1, 1, 2, 1, 0]|[3, 1, 0, 3, 1, 1, 0, 0, 0, 0, 3, 0, 3, 1, 0, 1, 1, 0, 1, 3]|[0, 1, 1, 2, 1, 0, 0, 1, 1, 1, 0, 1, 2, 1, 1, 1, 1, 1, 1, 0];[1, 19, 13, 14, 2, 4, 16, 5, 3, 12, 10, 6, 11, 18, 7, 9, 15, 0, 17, 8]|[0, 1, 1, 0, 2, 2, 2, 2, 1, 0, 0, 1, 0, 1, 0, 2, 1, 2, 1, 0]|[1, 1, 1, 3, 0, 0, 0, 0, 0, 3, 0, 1, 3, 0, 3, 1, 1, 0, 1, 3]|[0, 1, 1, 2, 1, 1, 0, 1, 1, 0, 0, 0, 2, 1, 1, 0, 1, 1, 1, 0];[1, 19, 13, 14, 2, 4, 16, 5, 3, 12, 10, 6, 11, 18, 7, 9, 15, 0, 17, 8]|[0, 1, 1, 0, 2, 2, 2, 2, 1, 0, 0, 1, 0, 1, 0, 2, 1, 2, 1, 0]|[1, 1, 1, 3, 0, 0, 0, 0, 0, 3, 0, 1, 3, 0, 3, 1, 1, 0, 1, 3]|[0, 1, 1, 2, 1, 1, 0, 1, 1, 0, 0, 0, 2, 1, 1, 0, 1, 1, 1, 0];[2, 19, 13, 15, 6, 3, 16, 5, 10, 0, 11, 14, 8, 17, 7, 12, 4, 9, 18, 1]|[0, 1, 1, 0, 2, 1, 2, 2, 1, 0, 0, 2, 0, 1, 0, 1, 1, 2, 1, 0]|[3, 1, 1, 3, 1, 1, 0, 1, 0, 0, 3, 0, 3, 0, 0, 1, 1, 0, 1, 3]|[2, 1, 1, 2, 1, 0, 0, 1, 1, 0, 0, 1, 2, 1, 1, 1, 1, 0, 1, 0];[1, 19, 13, 14, 2, 4, 16, 5, 3, 10, 12, 6, 11, 18, 7, 9, 15, 0, 17, 8]|[0, 1, 1, 0, 2, 1, 2, 2, 1, 0, 0, 2, 0, 1, 0, 1, 1, 2, 1, 0]|[3, 1, 1, 3, 0, 1, 0, 0, 0, 0, 3, 0, 3, 0, 3, 1, 1, 0, 1, 3]|[0, 1, 1, 2, 1, 0, 0, 1, 1, 0, 0, 1, 2, 1, 1, 1, 1, 1, 1, 0];[11, 10, 4, 2, 3, 17, 15, 12, 7, 1, 9, 18, 8, 16, 5, 6, 0, 19, 13, 14]|[0, 0, 1, 0, 1, 2, 1, 1, 1, 1, 1, 0, 0, 2, 2, 1, 2, 2, 2, 0]|[0, 3, 1, 3, 1, 0, 1, 1, 1, 1, 1, 3, 3, 0, 1, 1, 0, 0, 0, 3]|[1, 0, 1, 0, 1, 0, 1, 1, 1, 1, 1, 2, 0, 0, 1, 1, 0, 1, 1, 0];[1, 19, 14, 2, 17, 18, 5, 15, 12, 6, 16, 10, 11, 4, 0, 7, 13, 8, 3, 9]|[0, 1, 0, 2, 2, 1, 0, 1, 1, 2, 2, 0, 0, 2, 0, 1, 1, 1, 1, 0]|[3, 1, 3, 0, 0, 1, 3, 1, 1, 0, 0, 0, 3, 0, 3, 1, 1, 1, 1, 3]|[0, 1, 2, 1, 0, 1, 0, 1, 1, 0, 1, 1, 0, 1, 2, 1, 1, 1, 1, 0];[1, 6, 14, 2, 4, 16, 5, 13, 9, 17, 11, 10, 7, 15, 0, 3, 19, 12, 8, 18]|[0, 1, 0, 2, 1, 2, 2, 1, 0, 1, 0, 0, 1, 1, 0, 1, 2, 2, 1, 0]|[3, 0, 3, 1, 1, 0, 0, 0, 3, 1, 3, 0, 1, 1, 0, 0, 0, 0, 1, 3]|[0, 1, 2, 0, 0, 1, 1, 1, 2, 1, 0, 1, 1, 0, 1, 1, 0, 1, 1, 0];[1, 6, 14, 2, 4, 16, 5, 13, 9, 17, 11, 10, 7, 15, 0, 3, 19, 12, 8, 18]|[0, 1, 0, 2, 1, 2, 2, 1, 0, 1, 0, 0, 1, 1, 0, 1, 2, 2, 1, 0]|[3, 0, 3, 1, 1, 0, 0, 0, 3, 1, 3, 0, 1, 1, 0, 0, 0, 0, 1, 3]|[0, 1, 2, 0, 0, 1, 1, 1, 2, 1, 0, 1, 1, 0, 1, 1, 0, 1, 1, 0];[1, 6, 14, 2, 4, 16, 5, 13, 9, 17, 11, 10, 7, 15, 0, 3, 19, 12, 8, 18]|[0, 1, 0, 2, 1, 2, 2, 1, 0, 1, 0, 0, 1, 1, 0, 1, 2, 2, 1, 0]|[3, 0, 3, 1, 1, 0, 0, 0, 3, 1, 3, 0, 1, 1, 0, 0, 0, 0, 1, 3]|[0, 1, 2, 0, 0, 1, 1, 1, 2, 1, 0, 1, 1, 0, 1, 1, 0, 1, 1, 0];[1, 6, 14, 2, 4, 16, 5, 13, 9, 17, 11, 10, 7, 15, 0, 3, 19, 12, 8, 18]|[0, 1, 0, 2, 1, 2, 2, 1, 0, 1, 0, 0, 1, 1, 0, 1, 2, 2, 1, 0]|[3, 0, 3, 1, 1, 0, 0, 0, 3, 1, 3, 0, 1, 1, 0, 0, 0, 0, 1, 3]|[0, 1, 2, 0, 0, 1, 1, 1, 2, 1, 0, 1, 1, 0, 1, 1, 0, 1, 1, 0];[1, 19, 13, 14, 2, 8, 6, 16, 3, 10, 11, 4, 0, 7, 5, 15, 12, 17, 18, 9]|[0, 1, 1, 0, 2, 1, 2, 2, 1, 0, 0, 2, 0, 1, 0, 1, 1, 2, 1, 0]|[3, 1, 1, 3, 0, 1, 0, 0, 0, 0, 3, 0, 3, 0, 3, 1, 1, 0, 1, 3]|[0, 1, 1, 2, 1, 0, 0, 1, 1, 1, 0, 1, 2, 1, 0, 1, 1, 0, 1, 0];[5, 2, 14, 10, 4, 13, 16, 19, 6, 1, 9, 15, 12, 7, 18, 11, 17, 3, 8, 0]|[0, 1, 1, 0, 2, 1, 2, 2, 1, 0, 1, 1, 2, 0, 0, 2, 1, 2, 1, 0]|[3, 1, 1, 3, 1, 1, 0, 0, 0, 0, 1, 1, 0, 2, 3, 0, 0, 0, 1, 3]|[0, 1, 1, 2, 1, 0, 0, 1, 1, 1, 1, 1, 1, 0, 2, 1, 0, 1, 1, 0];[2, 19, 13, 15, 6, 3, 16, 10, 0, 11, 14, 8, 17, 7, 12, 4, 9, 5, 18, 1]|[0, 2, 1, 0, 2, 1, 2, 1, 0, 0, 2, 0, 1, 0, 1, 1, 2, 2, 1, 0]|[3, 1, 1, 3, 1, 1, 0, 0, 0, 3, 0, 3, 0, 0, 1, 1, 0, 1, 1, 3]|[2, 1, 1, 2, 1, 0, 0, 1, 0, 0, 1, 2, 1, 1, 1, 1, 0, 1, 1, 0];[2, 19, 13, 15, 6, 3, 16, 10, 0, 11, 14, 8, 17, 7, 12, 4, 9, 5, 18, 1]|[0, 2, 1, 0, 2, 1, 2, 1, 0, 0, 2, 0, 1, 0, 1, 1, 2, 2, 1, 0]|[3, 1, 1, 3, 1, 1, 0, 0, 0, 3, 0, 3, 0, 0, 1, 1, 0, 1, 1, 3]|[2, 1, 1, 2, 1, 0, 0, 1, 0, 0, 1, 2, 1, 1, 1, 1, 0, 1, 1, 0];[5, 16, 17, 4, 6, 14, 0, 2, 9, 12, 15, 18, 3, 10, 19, 13, 8, 11, 7, 1]|[0, 1, 1, 2, 2, 0, 2, 1, 0, 2, 0, 0, 1, 2, 1, 1, 2, 2, 1, 0]|[3, 1, 1, 1, 0, 0, 0, 1, 3, 0, 3, 3, 1, 1, 0, 1, 0, 0, 1, 3]|[2, 1, 1, 1, 0, 0, 1, 1, 2, 1, 0, 0, 1, 1, 0, 1, 0, 1, 1, 0];[5, 16, 17, 4, 6, 14, 0, 2, 9, 12, 15, 18, 3, 10, 19, 13, 8, 11, 7, 1]|[0, 1, 1, 2, 2, 0, 2, 1, 0, 2, 0, 0, 1, 2, 1, 1, 2, 2, 1, 0]|[3, 1, 1, 1, 0, 0, 0, 1, 3, 0, 3, 3, 1, 1, 0, 1, 0, 0, 1, 3]|[2, 1, 1, 1, 0, 0, 1, 1, 2, 1, 0, 0, 1, 1, 0, 1, 0, 1, 1, 0];[5, 16, 17, 4, 6, 14, 0, 2, 9, 12, 15, 18, 3, 10, 19, 13, 8, 11, 7, 1]|[0, 1, 1, 2, 2, 0, 2, 1, 0, 2, 0, 0, 1, 2, 1, 1, 2, 2, 1, 0]|[3, 1, 1, 1, 0, 0, 0, 1, 3, 0, 3, 3, 1, 1, 0, 1, 0, 0, 1, 3]|[2, 1, 1, 1, 0, 0, 1, 1, 2, 1, 0, 0, 1, 1, 0, 1, 0, 1, 1, 0];[5, 16, 17, 4, 6, 14, 0, 2, 9, 12, 15, 18, 3, 10, 19, 13, 8, 11, 7, 1]|[0, 1, 1, 2, 2, 0, 2, 1, 0, 2, 0, 0, 1, 2, 1, 1, 2, 2, 1, 0]|[3, 1, 1, 1, 0, 0, 0, 1, 3, 0, 3, 3, 1, 1, 0, 1, 0, 0, 1, 3]|[2, 1, 1, 1, 0, 0, 1, 1, 2, 1, 0, 0, 1, 1, 0, 1, 0, 1, 1, 0];[1, 19, 13, 14, 2, 4, 16, 5, 3, 10, 12, 9, 6, 17, 8, 15, 18, 11, 7, 0]|[0, 1, 1, 0, 2, 1, 2, 2, 1, 0, 0, 2, 0, 1, 0, 1, 1, 2, 1, 0]|[3, 1, 0, 3, 0, 1, 1, 0, 0, 0, 3, 0, 2, 0, 3, 1, 1, 0, 1, 3]|[0, 1, 1, 2, 1, 0, 0, 1, 1, 0, 0, 0, 2, 1, 1, 0, 1, 1, 1, 0];[2, 12, 15, 19, 10, 14, 16, 13, 0, 3, 4, 7, 9, 6, 5, 1, 11, 18, 17, 8]|[0, 0, 0, 0, 2, 2, 1, 0, 0, 2, 1, 0, 0, 1, 2, 0, 0, 0, 2, 1]|[0, 3, 3, 3, 1, 1, 1, 3, 3, 1, 1, 3, 3, 1, 1, 3, 2, 3, 1, 1]|[1, 0, 2, 0, 1, 0, 1, 2, 1, 1, 0, 0, 2, 1, 1, 1, 0, 2, 0, 1];[2, 12, 15, 19, 10, 14, 16, 13, 0, 3, 4, 7, 9, 6, 5, 1, 11, 18, 17, 8]|[0, 0, 0, 0, 2, 2, 1, 0, 0, 2, 1, 0, 0, 1, 2, 0, 0, 0, 2, 1]|[0, 3, 3, 3, 1, 1, 1, 3, 3, 1, 1, 3, 3, 1, 1, 3, 2, 3, 1, 1]|[1, 0, 2, 0, 1, 0, 1, 2, 1, 1, 0, 0, 2, 1, 1, 1, 0, 2, 0, 1];[2, 12, 15, 19, 10, 14, 16, 13, 0, 3, 4, 7, 9, 6, 5, 1, 11, 18, 17, 8]|[0, 0, 0, 0, 2, 2, 1, 0, 0, 2, 1, 0, 0, 1, 2, 0, 0, 0, 2, 1]|[0, 3, 3, 3, 1, 1, 1, 3, 3, 1, 1, 3, 3, 1, 1, 3, 2, 3, 1, 1]|[1, 0, 2, 0, 1, 0, 1, 2, 1, 1, 0, 0, 2, 1, 1, 1, 0, 2, 0, 1];[2, 12, 15, 19, 10, 14, 16, 13, 0, 3, 4, 7, 9, 6, 5, 1, 11, 18, 17, 8]|[0, 0, 0, 0, 2, 2, 1, 0, 0, 2, 1, 0, 0, 1, 2, 0, 0, 0, 2, 1]|[0, 3, 3, 3, 1, 1, 1, 3, 3, 1, 1, 3, 3, 1, 1, 3, 2, 3, 1, 1]|[1, 0, 2, 0, 1, 0, 1, 2, 1, 1, 0, 0, 2, 1, 1, 1, 0, 2, 0, 1];[2, 19, 15, 3, 10, 14, 18, 16, 12, 4, 0, 13, 17, 11, 5, 9, 1, 8, 6, 7]|[0, 0, 0, 0, 2, 2, 0, 1, 2, 1, 0, 0, 0, 2, 1, 0, 0, 0, 2, 1]|[0, 3, 3, 3, 1, 1, 2, 1, 1, 1, 3, 3, 3, 1, 1, 3, 3, 3, 1, 1]|[1, 0, 2, 0, 1, 0, 0, 1, 1, 0, 1, 2, 0, 1, 1, 2, 1, 0, 0, 0];[19, 6, 0, 2, 10, 14, 9, 1, 4, 3, 13, 7, 15, 16, 18, 12, 11, 8, 17, 5]|[0, 0, 0, 0, 2, 2, 0, 0, 1, 2, 1, 0, 0, 1, 2, 0, 0, 0, 2, 1]|[3, 3, 0, 3, 1, 1, 3, 3, 1, 1, 1, 3, 3, 1, 1, 3, 2, 3, 1, 1]|[0, 2, 1, 0, 1, 0, 2, 1, 1, 1, 0, 0, 2, 1, 1, 0, 0, 2, 0, 0];[19, 6, 0, 2, 10, 14, 9, 1, 4, 3, 13, 7, 15, 16, 18, 12, 11, 8, 17, 5]|[0, 0, 0, 0, 2, 2, 0, 0, 1, 2, 1, 0, 0, 1, 2, 0, 0, 0, 2, 1]|[3, 3, 0, 3, 1, 1, 3, 3, 1, 1, 1, 3, 3, 1, 1, 3, 2, 3, 1, 1]|[0, 2, 1, 0, 1, 0, 2, 1, 1, 1, 0, 0, 2, 1, 1, 0, 0, 2, 0, 0];[19, 6, 0, 2, 10, 14, 9, 1, 4, 3, 13, 7, 15, 16, 18, 12, 11, 8, 17, 5]|[0, 0, 0, 0, 2, 2, 0, 0, 1, 2, 1, 0, 0, 1, 2, 0, 0, 0, 2, 1]|[3, 3, 0, 3, 1, 1, 3, 3, 1, 1, 1, 3, 3, 1, 1, 3, 2, 3, 1, 1]|[0, 2, 1, 0, 1, 0, 2, 1, 1, 1, 0, 0, 2, 1, 1, 0, 0, 2, 0, 0];[19, 6, 0, 2, 10, 14, 9, 1, 4, 3, 13, 7, 15, 16, 18, 12, 11, 8, 17, 5]|[0, 0, 0, 0, 2, 2, 0, 0, 1, 2, 1, 0, 0, 1, 2, 0, 0, 0, 2, 1]|[3, 3, 0, 3, 1, 1, 3, 3, 1, 1, 1, 3, 3, 1, 1, 3, 2, 3, 1, 1]|[0, 2, 1, 0, 1, 0, 2, 1, 1, 1, 0, 0, 2, 1, 1, 0, 0, 2, 0, 0];[2, 1, 13, 14, 19, 4, 16, 5, 3, 10, 11, 17, 6, 7, 18, 9, 15, 0, 12, 8]|[0, 1, 1, 0, 2, 1, 2, 2, 1, 0, 0, 2, 0, 1, 0, 1, 1, 2, 1, 0]|[3, 1, 1, 3, 0, 1, 0, 0, 0, 0, 3, 0, 3, 0, 3, 1, 1, 0, 1, 3]|[0, 1, 1, 2, 1, 0, 0, 1, 1, 0, 0, 1, 2, 1, 0, 1, 1, 1, 1, 0];[12, 5, 4, 15, 11, 19, 1, 16, 3, 9, 0, 10, 2, 14, 6, 17, 13, 18, 7, 8]|[0, 2, 0, 2, 0, 1, 0, 2, 1, 2, 2, 1, 2, 0, 1, 1, 1, 2, 1, 0]|[3, 0, 3, 1, 0, 1, 2, 1, 1, 0, 0, 1, 1, 3, 0, 1, 1, 0, 1, 3]|[0, 0, 2, 1, 1, 1, 0, 0, 1, 1, 1, 1, 1, 2, 0, 1, 1, 0, 1, 0];[12, 5, 4, 15, 11, 19, 1, 16, 3, 9, 0, 10, 2, 14, 6, 17, 13, 18, 7, 8]|[0, 2, 0, 2, 0, 1, 0, 2, 1, 2, 2, 1, 2, 0, 1, 1, 1, 2, 1, 0]|[3, 0, 3, 1, 0, 1, 2, 1, 1, 0, 0, 1, 1, 3, 0, 1, 1, 0, 1, 3]|[0, 0, 2, 1, 1, 1, 0, 0, 1, 1, 1, 1, 1, 2, 0, 1, 1, 0, 1, 0];[5, 2, 19, 14, 16, 6, 13, 4, 11, 8, 17, 15, 1, 10, 0, 7, 9, 18, 12, 3]|[0, 1, 1, 0, 2, 2, 1, 2, 1, 2, 0, 1, 0, 2, 0, 0, 1, 2, 1, 0]|[3, 1, 1, 3, 0, 0, 1, 0, 1, 0, 0, 1, 3, 0, 3, 3, 0, 0, 1, 3]|[2, 1, 1, 0, 1, 0, 1, 1, 1, 0, 0, 1, 2, 1, 2, 0, 1, 1, 1, 0];[5, 2, 19, 14, 16, 6, 13, 4, 11, 8, 17, 15, 1, 10, 0, 7, 9, 18, 12, 3]|[0, 1, 1, 0, 2, 2, 1, 2, 1, 2, 0, 1, 0, 2, 0, 0, 1, 2, 1, 0]|[3, 1, 1, 3, 0, 0, 1, 0, 1, 0, 0, 1, 3, 0, 3, 3, 0, 0, 1, 3]|[2, 1, 1, 0, 1, 0, 1, 1, 1, 0, 0, 1, 2, 1, 2, 0, 1, 1, 1, 0];[9, 12, 19, 10, 13, 14, 8, 15, 11, 6, 0, 4, 3, 7, 16, 1, 2, 18, 17, 5]|[0, 0, 0, 0, 0, 2, 0, 0, 2, 1, 0, 1, 2, 0, 1, 2, 0, 0, 2, 1]|[3, 0, 3, 2, 3, 1, 2, 3, 0, 1, 3, 1, 1, 3, 1, 1, 3, 3, 1, 1]|[2, 1, 0, 0, 2, 0, 1, 2, 1, 1, 0, 0, 1, 0, 1, 1, 2, 0, 0, 1];[9, 12, 19, 10, 13, 14, 8, 15, 11, 6, 0, 4, 3, 7, 16, 1, 2, 18, 17, 5]|[0, 0, 0, 0, 0, 2, 0, 0, 2, 1, 0, 1, 2, 0, 1, 2, 0, 0, 2, 1]|[3, 0, 3, 2, 3, 1, 2, 3, 0, 1, 3, 1, 1, 3, 1, 1, 3, 3, 1, 1]|[2, 1, 0, 0, 2, 0, 1, 2, 1, 1, 0, 0, 1, 0, 1, 1, 2, 0, 0, 1];[5, 12, 17, 10, 4, 19, 16, 1, 3, 13, 15, 6, 8, 2, 11, 14, 7, 0, 9, 18]|[0, 1, 2, 0, 2, 1, 2, 2, 1, 2, 0, 2, 0, 1, 1, 2, 1, 1, 0, 0]|[0, 1, 1, 3, 0, 1, 0, 1, 0, 1, 3, 0, 3, 0, 1, 0, 1, 1, 3, 3]|[2, 1, 1, 0, 0, 0, 0, 1, 1, 1, 0, 1, 0, 1, 1, 1, 1, 1, 0, 2];[19, 14, 2, 4, 16, 5, 3, 12, 10, 6, 0, 18, 9, 8, 15, 11, 7, 17, 13, 1]|[1, 0, 2, 1, 2, 2, 1, 1, 1, 0, 0, 0, 1, 1, 2, 2, 0, 0, 0, 0]|[0, 3, 0, 1, 0, 0, 1, 1, 1, 3, 3, 3, 1, 1, 1, 1, 3, 3, 3, 3]|[1, 0, 1, 0, 0, 1, 1, 1, 1, 0, 2, 0, 1, 1, 1, 0, 0, 0, 2, 0];[5, 12, 17, 10, 4, 19, 16, 1, 3, 13, 15, 6, 8, 2, 11, 14, 7, 0, 9, 18]|[0, 1, 2, 0, 2, 1, 2, 2, 1, 2, 0, 2, 0, 1, 1, 2, 1, 1, 0, 0]|[0, 1, 1, 3, 0, 1, 0, 1, 0, 1, 3, 0, 3, 0, 1, 0, 1, 1, 3, 3]|[2, 1, 1, 0, 0, 0, 0, 1, 1, 1, 0, 1, 0, 1, 1, 1, 1, 1, 0, 2];[2, 12, 15, 19, 10, 14, 9, 1, 16, 13, 7, 4, 6, 5, 11, 0, 18, 8, 17, 3]|[0, 0, 0, 0, 2, 2, 0, 0, 1, 0, 2, 1, 0, 1, 2, 0, 0, 0, 2, 1]|[0, 3, 3, 3, 1, 1, 3, 3, 1, 3, 1, 1, 3, 1, 1, 3, 2, 3, 1, 1]|[1, 0, 2, 0, 1, 0, 2, 1, 1, 2, 1, 0, 0, 1, 1, 1, 0, 2, 0, 0];[2, 12, 15, 9, 10, 14, 19, 0, 16, 13, 3, 4, 7, 6, 11, 1, 18, 8, 17, 5]|[0, 0, 0, 0, 2, 2, 0, 0, 1, 0, 2, 1, 0, 1, 2, 0, 0, 0, 2, 1]|[0, 1, 3, 3, 1, 1, 3, 3, 1, 3, 1, 1, 3, 1, 1, 3, 2, 3, 1, 1]|[1, 0, 2, 2, 1, 0, 0, 1, 1, 2, 1, 0, 0, 1, 1, 1, 0, 2, 0, 0];[19, 15, 14, 4, 13, 16, 5, 12, 7, 6, 0, 10, 9, 11, 1, 17, 2, 3, 8, 18]|[2, 1, 1, 0, 1, 2, 2, 1, 0, 0, 0, 2, 2, 0, 1, 1, 1, 2, 1, 0]|[1, 1, 0, 3, 1, 0, 0, 0, 0, 3, 1, 0, 0, 3, 0, 0, 1, 0, 1, 3]|[0, 1, 1, 2, 0, 1, 1, 1, 0, 0, 1, 1, 0, 0, 1, 1, 0, 1, 1, 0];[19, 15, 14, 4, 13, 16, 5, 12, 7, 6, 0, 10, 9, 11, 1, 17, 2, 3, 8, 18]|[2, 1, 1, 0, 1, 2, 2, 1, 0, 0, 0, 2, 2, 0, 1, 1, 1, 2, 1, 0]|[1, 1, 0, 3, 1, 0, 0, 0, 0, 3, 1, 0, 0, 3, 0, 0, 1, 0, 1, 3]|[0, 1, 1, 2, 0, 1, 1, 1, 0, 0, 1, 1, 0, 0, 1, 1, 0, 1, 1, 0];[2, 19, 8, 12, 10, 14, 1, 16, 15, 3, 4, 7, 6, 11, 0, 13, 18, 9, 17, 5]|[0, 0, 0, 0, 2, 2, 0, 1, 0, 2, 1, 0, 1, 2, 0, 0, 0, 0, 2, 1]|[0, 3, 3, 3, 1, 1, 3, 1, 3, 1, 1, 3, 1, 1, 3, 2, 3, 3, 0, 1]|[1, 0, 2, 0, 1, 0, 1, 1, 2, 1, 0, 0, 1, 1, 1, 0, 2, 0, 0, 0];[2, 19, 8, 12, 10, 14, 1, 16, 15, 3, 4, 7, 6, 11, 0, 13, 18, 9, 17, 5]|[0, 0, 0, 0, 2, 2, 0, 1, 0, 2, 1, 0, 1, 2, 0, 0, 0, 0, 2, 1]|[0, 3, 3, 3, 1, 1, 3, 1, 3, 1, 1, 3, 1, 1, 3, 2, 3, 3, 0, 1]|[1, 0, 2, 0, 1, 0, 1, 1, 2, 1, 0, 0, 1, 1, 1, 0, 2, 0, 0, 0];[2, 19, 8, 12, 10, 14, 1, 16, 15, 3, 4, 7, 6, 11, 0, 13, 18, 9, 17, 5]|[0, 0, 0, 0, 2, 2, 0, 1, 0, 2, 1, 0, 1, 2, 0, 0, 0, 0, 2, 1]|[0, 3, 3, 3, 1, 1, 3, 1, 3, 1, 1, 3, 1, 1, 3, 2, 3, 3, 0, 1]|[1, 0, 2, 0, 1, 0, 1, 1, 2, 1, 0, 0, 1, 1, 1, 0, 2, 0, 0, 0];[2, 19, 8, 12, 10, 14, 1, 16, 15, 3, 4, 7, 6, 11, 0, 13, 18, 9, 17, 5]|[0, 0, 0, 0, 2, 2, 0, 1, 0, 2, 1, 0, 1, 2, 0, 0, 0, 0, 2, 1]|[0, 3, 3, 3, 1, 1, 3, 1, 3, 1, 1, 3, 1, 1, 3, 2, 3, 3, 0, 1]|[1, 0, 2, 0, 1, 0, 1, 1, 2, 1, 0, 0, 1, 1, 1, 0, 2, 0, 0, 0];[11, 19, 14, 2, 4, 16, 5, 3, 9, 10, 18, 7, 1, 15, 0, 12, 17, 6, 13, 8]|[0, 1, 0, 2, 1, 2, 2, 1, 1, 0, 0, 2, 0, 2, 0, 1, 1, 2, 1, 0]|[0, 0, 1, 1, 1, 0, 1, 0, 1, 3, 3, 0, 3, 0, 3, 1, 1, 0, 0, 3]|[2, 1, 1, 1, 0, 0, 1, 1, 1, 0, 0, 1, 0, 0, 2, 1, 1, 1, 1, 0];[11, 19, 14, 2, 4, 16, 5, 3, 9, 10, 18, 7, 1, 15, 0, 12, 17, 6, 13, 8]|[0, 1, 0, 2, 1, 2, 2, 1, 1, 0, 0, 2, 0, 2, 0, 1, 1, 2, 1, 0]|[0, 0, 1, 1, 1, 0, 1, 0, 1, 3, 3, 0, 3, 0, 3, 1, 1, 0, 0, 3]|[2, 1, 1, 1, 0, 0, 1, 1, 1, 0, 0, 1, 0, 0, 2, 1, 1, 1, 1, 0];[11, 19, 14, 2, 4, 16, 5, 3, 9, 10, 18, 7, 1, 15, 0, 12, 17, 6, 13, 8]|[0, 1, 0, 2, 1, 2, 2, 1, 1, 0, 0, 2, 0, 2, 0, 1, 1, 2, 1, 0]|[0, 0, 1, 1, 1, 0, 1, 0, 1, 3, 3, 0, 3, 0, 3, 1, 1, 0, 0, 3]|[2, 1, 1, 1, 0, 0, 1, 1, 1, 0, 0, 1, 0, 0, 2, 1, 1, 1, 1, 0];[11, 19, 14, 2, 4, 16, 5, 3, 9, 10, 18, 7, 1, 15, 0, 12, 17, 6, 13, 8]|[0, 1, 0, 2, 1, 2, 2, 1, 1, 0, 0, 2, 0, 2, 0, 1, 1, 2, 1, 0]|[0, 0, 1, 1, 1, 0, 1, 0, 1, 3, 3, 0, 3, 0, 3, 1, 1, 0, 0, 3]|[2, 1, 1, 1, 0, 0, 1, 1, 1, 0, 0, 1, 0, 0, 2, 1, 1, 1, 1, 0];[19, 14, 5, 4, 16, 2, 3, 9, 17, 6, 15, 11, 7, 8, 12, 10, 13, 18, 0, 1]|[1, 0, 2, 1, 2, 2, 1, 0, 0, 1, 1, 0, 0, 1, 2, 2, 2, 1, 0, 0]|[0, 0, 1, 1, 0, 1, 0, 3, 3, 0, 1, 0, 3, 1, 0, 0, 0, 1, 3, 3]|[1, 2, 1, 0, 0, 1, 1, 0, 0, 0, 1, 1, 0, 1, 1, 1, 0, 1, 2, 0];[19, 14, 5, 4, 16, 2, 3, 9, 17, 6, 15, 11, 7, 8, 12, 10, 13, 18, 0, 1]|[1, 0, 2, 1, 2, 2, 1, 0, 0, 1, 1, 0, 0, 1, 2, 2, 2, 1, 0, 0]|[0, 0, 1, 1, 0, 1, 0, 3, 3, 0, 1, 0, 3, 1, 0, 0, 0, 1, 3, 3]|[1, 2, 1, 0, 0, 1, 1, 0, 0, 0, 1, 1, 0, 1, 1, 1, 0, 1, 2, 0];[19, 14, 5, 4, 16, 2, 3, 9, 17, 6, 15, 11, 7, 8, 12, 10, 13, 18, 0, 1]|[1, 0, 2, 1, 2, 2, 1, 0, 0, 1, 1, 0, 0, 1, 2, 2, 2, 1, 0, 0]|[0, 0, 1, 1, 0, 1, 0, 3, 3, 0, 1, 0, 3, 1, 0, 0, 0, 1, 3, 3]|[1, 2, 1, 0, 0, 1, 1, 0, 0, 0, 1, 1, 0, 1, 1, 1, 0, 1, 2, 0];[19, 14, 5, 4, 16, 2, 3, 9, 17, 6, 15, 11, 7, 8, 12, 10, 13, 18, 0, 1]|[1, 0, 2, 1, 2, 2, 1, 0, 0, 1, 1, 0, 0, 1, 2, 2, 2, 1, 0, 0]|[0, 0, 1, 1, 0, 1, 0, 3, 3, 0, 1, 0, 3, 1, 0, 0, 0, 1, 3, 3]|[1, 2, 1, 0, 0, 1, 1, 0, 0, 0, 1, 1, 0, 1, 1, 1, 0, 1, 2, 0];[19, 12, 7, 8, 0, 17, 16, 6, 13, 14, 10, 1, 18, 11, 15, 2, 5, 9, 3, 4]|[1, 0, 0, 0, 1, 0, 2, 1, 0, 0, 0, 0, 0, 2, 0, 2, 2, 0, 2, 1]|[1, 3, 3, 3, 1, 0, 1, 1, 3, 3, 3, 3, 2, 1, 3, 0, 0, 0, 1, 1]|[1, 0, 2, 0, 0, 1, 0, 0, 2, 0, 2, 0, 0, 1, 2, 1, 1, 1, 0, 1];[19, 12, 7, 8, 0, 17, 16, 6, 13, 14, 10, 1, 18, 11, 15, 2, 5, 9, 3, 4]|[1, 0, 0, 0, 1, 0, 2, 1, 0, 0, 0, 0, 0, 2, 0, 2, 2, 0, 2, 1]|[1, 3, 3, 3, 1, 0, 1, 1, 3, 3, 3, 3, 2, 1, 3, 0, 0, 0, 1, 1]|[1, 0, 2, 0, 0, 1, 0, 0, 2, 0, 2, 0, 0, 1, 2, 1, 1, 1, 0, 1];[19, 12, 7, 8, 0, 17, 16, 6, 13, 14, 10, 1, 18, 11, 15, 2, 5, 9, 3, 4]|[1, 0, 0, 0, 1, 0, 2, 1, 0, 0, 0, 0, 0, 2, 0, 2, 2, 0, 2, 1]|[1, 3, 3, 3, 1, 0, 1, 1, 3, 3, 3, 3, 2, 1, 3, 0, 0, 0, 1, 1]|[1, 0, 2, 0, 0, 1, 0, 0, 2, 0, 2, 0, 0, 1, 2, 1, 1, 1, 0, 1];[19, 12, 7, 8, 0, 17, 16, 6, 13, 14, 10, 1, 18, 11, 15, 2, 5, 9, 3, 4]|[1, 0, 0, 0, 1, 0, 2, 1, 0, 0, 0, 0, 0, 2, 0, 2, 2, 0, 2, 1]|[1, 3, 3, 3, 1, 0, 1, 1, 3, 3, 3, 3, 2, 1, 3, 0, 0, 0, 1, 1]|[1, 0, 2, 0, 0, 1, 0, 0, 2, 0, 2, 0, 0, 1, 2, 1, 1, 1, 0, 1];[2, 12, 15, 19, 10, 14, 9, 1, 16, 13, 3, 4, 7, 6, 11, 0, 17, 8, 5, 18]|[0, 0, 0, 0, 2, 2, 0, 0, 1, 0, 2, 1, 0, 1, 2, 0, 0, 0, 2, 1]|[0, 3, 3, 3, 1, 1, 3, 3, 1, 3, 1, 1, 3, 1, 1, 3, 2, 3, 1, 1]|[1, 0, 2, 0, 1, 0, 2, 1, 1, 2, 1, 0, 0, 1, 1, 1, 0, 2, 0, 0];[2, 12, 15, 19, 10, 14, 9, 1, 16, 13, 3, 4, 7, 6, 11, 0, 17, 8, 5, 18]|[0, 0, 0, 0, 2, 2, 0, 0, 1, 0, 2, 1, 0, 1, 2, 0, 0, 0, 2, 1]|[0, 3, 3, 3, 1, 1, 3, 3, 1, 3, 1, 1, 3, 1, 1, 3, 2, 3, 1, 1]|[1, 0, 2, 0, 1, 0, 2, 1, 1, 2, 1, 0, 0, 1, 1, 1, 0, 2, 0, 0];[2, 12, 15, 19, 10, 14, 9, 1, 16, 13, 3, 4, 7, 6, 11, 0, 17, 8, 5, 18]|[0, 0, 0, 0, 2, 2, 0, 0, 1, 0, 2, 1, 0, 1, 2, 0, 0, 0, 2, 1]|[0, 3, 3, 3, 1, 1, 3, 3, 1, 3, 1, 1, 3, 1, 1, 3, 2, 3, 1, 1]|[1, 0, 2, 0, 1, 0, 2, 1, 1, 2, 1, 0, 0, 1, 1, 1, 0, 2, 0, 0];[2, 12, 15, 19, 10, 14, 9, 1, 16, 13, 3, 4, 7, 6, 11, 0, 17, 8, 5, 18]|[0, 0, 0, 0, 2, 2, 0, 0, 1, 0, 2, 1, 0, 1, 2, 0, 0, 0, 2, 1]|[0, 3, 3, 3, 1, 1, 3, 3, 1, 3, 1, 1, 3, 1, 1, 3, 2, 3, 1, 1]|[1, 0, 2, 0, 1, 0, 2, 1, 1, 2, 1, 0, 0, 1, 1, 1, 0, 2, 0, 0];[5, 2, 14, 10, 4, 13, 16, 19, 17, 0, 11, 9, 12, 3, 18, 15, 6, 1, 7, 8]|[0, 1, 0, 2, 1, 1, 2, 2, 1, 0, 1, 2, 2, 0, 0, 2, 1, 2, 1, 0]|[0, 0, 3, 1, 1, 1, 0, 1, 0, 3, 0, 0, 1, 0, 3, 0, 1, 0, 1, 3]|[0, 0, 2, 1, 1, 1, 0, 1, 1, 2, 0, 0, 0, 1, 0, 1, 1, 1, 1, 0];[5, 2, 14, 10, 4, 13, 16, 19, 17, 0, 11, 9, 12, 3, 18, 15, 6, 1, 7, 8]|[0, 1, 0, 2, 1, 1, 2, 2, 1, 0, 1, 2, 2, 0, 0, 2, 1, 2, 1, 0]|[0, 0, 3, 1, 1, 1, 0, 1, 0, 3, 0, 0, 1, 0, 3, 0, 1, 0, 1, 3]|[0, 0, 2, 1, 1, 1, 0, 1, 1, 2, 0, 0, 0, 1, 0, 1, 1, 1, 1, 0];[5, 2, 14, 10, 4, 13, 16, 19, 17, 0, 11, 9, 12, 3, 18, 15, 6, 1, 7, 8]|[0, 1, 0, 2, 1, 1, 2, 2, 1, 0, 1, 2, 2, 0, 0, 2, 1, 2, 1, 0]|[0, 0, 3, 1, 1, 1, 0, 1, 0, 3, 0, 0, 1, 0, 3, 0, 1, 0, 1, 3]|[0, 0, 2, 1, 1, 1, 0, 1, 1, 2, 0, 0, 0, 1, 0, 1, 1, 1, 1, 0];[5, 2, 14, 10, 4, 13, 16, 19, 17, 0, 11, 9, 12, 3, 18, 15, 6, 1, 7, 8]|[0, 1, 0, 2, 1, 1, 2, 2, 1, 0, 1, 2, 2, 0, 0, 2, 1, 2, 1, 0]|[0, 0, 3, 1, 1, 1, 0, 1, 0, 3, 0, 0, 1, 0, 3, 0, 1, 0, 1, 3]|[0, 0, 2, 1, 1, 1, 0, 1, 1, 2, 0, 0, 0, 1, 0, 1, 1, 1, 1, 0];[2, 12, 15, 19, 10, 14, 9, 1, 16, 3, 7, 13, 4, 18, 0, 6, 11, 8, 5, 17]|[0, 0, 0, 0, 2, 2, 0, 0, 1, 0, 2, 1, 0, 1, 2, 0, 0, 0, 2, 1]|[0, 3, 3, 3, 1, 1, 3, 3, 1, 3, 1, 1, 3, 1, 1, 3, 3, 3, 1, 1]|[1, 0, 2, 0, 1, 0, 2, 0, 1, 2, 1, 0, 0, 1, 0, 1, 0, 2, 1, 1];[2, 12, 15, 19, 10, 14, 9, 1, 16, 13, 3, 4, 7, 6, 5, 0, 18, 17, 8, 11]|[0, 0, 0, 0, 2, 2, 0, 0, 1, 0, 2, 1, 0, 1, 2, 0, 0, 0, 2, 1]|[3, 3, 3, 3, 1, 1, 3, 3, 1, 3, 1, 1, 3, 1, 1, 3, 2, 3, 1, 1]|[0, 1, 2, 0, 1, 0, 2, 1, 1, 2, 1, 0, 0, 1, 1, 1, 0, 2, 1, 1];[2, 12, 15, 19, 10, 14, 9, 1, 16, 13, 3, 4, 7, 6, 11, 0, 8, 18, 17, 5]|[0, 0, 0, 0, 2, 2, 0, 0, 1, 0, 2, 1, 0, 1, 2, 0, 0, 0, 2, 1]|[0, 3, 3, 3, 1, 1, 3, 3, 1, 3, 1, 1, 3, 1, 0, 3, 2, 3, 1, 1]|[2, 0, 2, 0, 1, 0, 2, 1, 1, 2, 1, 0, 0, 1, 1, 0, 1, 0, 0, 1];[2, 12, 15, 19, 10, 14, 9, 1, 16, 13, 3, 4, 7, 6, 0, 18, 11, 8, 5, 17]|[0, 0, 0, 0, 2, 2, 0, 0, 1, 0, 2, 1, 0, 1, 2, 0, 0, 0, 2, 1]|[3, 0, 3, 3, 1, 1, 3, 3, 1, 3, 1, 1, 3, 1, 1, 3, 2, 3, 0, 1]|[1, 0, 2, 1, 1, 0, 2, 0, 1, 2, 1, 0, 0, 1, 0, 1, 0, 2, 1, 1];[2, 19, 15, 12, 10, 14, 9, 18, 16, 13, 3, 4, 8, 6, 1, 11, 0, 7, 5, 17]|[0, 0, 0, 0, 2, 2, 2, 0, 1, 0, 2, 1, 0, 1, 0, 0, 0, 0, 2, 1]|[0, 3, 3, 3, 1, 1, 1, 3, 1, 3, 1, 1, 2, 1, 3, 3, 3, 3, 1, 1]|[1, 0, 2, 0, 1, 0, 0, 1, 1, 2, 1, 0, 0, 1, 1, 0, 2, 1, 0, 0];[2, 19, 8, 14, 6, 13, 5, 15, 4, 11, 7, 12, 17, 16, 3, 9, 1, 0, 10, 18]|[0, 1, 1, 0, 1, 2, 2, 0, 2, 0, 0, 2, 0, 2, 1, 1, 1, 1, 1, 0]|[3, 1, 1, 3, 1, 0, 0, 3, 0, 3, 3, 0, 3, 0, 1, 1, 1, 1, 1, 3]|[0, 1, 1, 0, 1, 1, 1, 2, 1, 0, 0, 1, 0, 0, 1, 1, 1, 1, 1, 0];[2, 19, 8, 14, 6, 13, 5, 15, 4, 11, 7, 12, 17, 16, 3, 9, 1, 0, 10, 18]|[0, 1, 1, 0, 1, 2, 2, 0, 2, 0, 0, 2, 0, 2, 1, 1, 1, 1, 1, 0]|[3, 1, 1, 3, 1, 0, 0, 3, 0, 3, 3, 0, 3, 0, 1, 1, 1, 1, 1, 3]|[0, 1, 1, 0, 1, 1, 1, 2, 1, 0, 0, 1, 0, 0, 1, 1, 1, 1, 1, 0];[2, 19, 13, 9, 14, 8, 6, 16, 7, 11, 10, 1, 12, 15, 17, 5, 18, 3, 4, 0]|[0, 1, 1, 2, 0, 1, 2, 2, 0, 0, 2, 0, 1, 0, 1, 2, 1, 1, 1, 0]|[3, 1, 1, 1, 3, 1, 0, 0, 0, 3, 0, 3, 1, 3, 1, 0, 1, 1, 1, 3]|[0, 1, 1, 1, 2, 1, 0, 1, 0, 0, 1, 2, 1, 1, 1, 1, 1, 1, 1, 0];[2, 19, 13, 9, 14, 8, 6, 16, 7, 11, 10, 1, 12, 15, 17, 5, 18, 3, 4, 0]|[0, 1, 1, 2, 0, 1, 2, 2, 0, 0, 2, 0, 1, 0, 1, 2, 1, 1, 1, 0]|[3, 1, 1, 1, 3, 1, 0, 0, 0, 3, 0, 3, 1, 3, 1, 0, 1, 1, 1, 3]|[0, 1, 1, 1, 2, 1, 0, 1, 0, 0, 1, 2, 1, 1, 1, 1, 1, 1, 1, 0];[2, 19, 13, 9, 14, 8, 6, 16, 7, 11, 10, 1, 12, 15, 17, 5, 18, 3, 4, 0]|[0, 1, 1, 2, 0, 1, 2, 2, 0, 0, 2, 0, 1, 0, 1, 2, 1, 1, 1, 0]|[3, 1, 1, 1, 3, 1, 0, 0, 0, 3, 0, 3, 1, 3, 1, 0, 1, 1, 1, 3]|[0, 1, 1, 1, 2, 1, 0, 1, 0, 0, 1, 2, 1, 1, 1, 1, 1, 1, 1, 0];[2, 19, 13, 9, 14, 8, 6, 16, 7, 11, 10, 1, 12, 15, 17, 5, 18, 3, 4, 0]|[0, 1, 1, 2, 0, 1, 2, 2, 0, 0, 2, 0, 1, 0, 1, 2, 1, 1, 1, 0]|[3, 1, 1, 1, 3, 1, 0, 0, 0, 3, 0, 3, 1, 3, 1, 0, 1, 1, 1, 3]|[0, 1, 1, 1, 2, 1, 0, 1, 0, 0, 1, 2, 1, 1, 1, 1, 1, 1, 1, 0];[2, 19, 15, 12, 10, 14, 9, 18, 16, 13, 3, 4, 8, 6, 1, 11, 0, 7, 5, 17]|[0, 0, 0, 0, 2, 2, 2, 0, 1, 0, 2, 1, 0, 1, 0, 0, 0, 0, 2, 1]|[0, 3, 3, 3, 1, 1, 1, 3, 1, 3, 1, 1, 2, 1, 3, 3, 3, 3, 1, 1]|[1, 0, 2, 0, 1, 0, 0, 1, 1, 2, 1, 0, 0, 1, 1, 0, 2, 1, 0, 0];[2, 19, 15, 12, 10, 14, 9, 18, 16, 13, 3, 4, 8, 6, 1, 11, 0, 7, 5, 17]|[0, 0, 0, 0, 2, 2, 2, 0, 1, 0, 2, 1, 0, 1, 0, 0, 0, 0, 2, 1]|[0, 3, 3, 3, 1, 1, 1, 3, 1, 3, 1, 1, 2, 1, 3, 3, 3, 3, 1, 1]|[1, 0, 2, 0, 1, 0, 0, 1, 1, 2, 1, 0, 0, 1, 1, 0, 2, 1, 0, 0];[2, 12, 15, 14, 9, 6, 10, 1, 16, 13, 3, 4, 8, 5, 11, 0, 18, 17, 7, 19]|[0, 0, 0, 0, 2, 2, 0, 0, 1, 0, 2, 1, 0, 1, 2, 0, 0, 0, 2, 1]|[0, 3, 3, 3, 1, 1, 3, 3, 1, 3, 1, 1, 3, 1, 0, 3, 3, 3, 1, 1]|[1, 0, 2, 0, 1, 0, 2, 1, 1, 2, 1, 0, 0, 1, 1, 1, 0, 0, 0, 0];[2, 1, 12, 8, 10, 3, 5, 6, 13, 7, 0, 18, 15, 9, 14, 16, 4, 17, 19, 11]|[2, 1, 1, 0, 0, 1, 2, 0, 1, 1, 0, 0, 1, 1, 0, 2, 1, 2, 2, 0]|[1, 1, 1, 3, 3, 1, 0, 3, 1, 1, 3, 3, 1, 1, 3, 0, 1, 0, 0, 3]|[1, 1, 1, 0, 0, 1, 1, 2, 1, 1, 0, 0, 1, 1, 2, 0, 1, 1, 1, 0];[2, 1, 12, 8, 10, 3, 5, 6, 13, 7, 0, 18, 15, 9, 14, 16, 4, 17, 19, 11]|[2, 1, 1, 0, 0, 1, 2, 0, 1, 1, 0, 0, 1, 1, 0, 2, 1, 2, 2, 0]|[1, 1, 1, 3, 3, 1, 0, 3, 1, 1, 3, 3, 1, 1, 3, 0, 1, 0, 0, 3]|[1, 1, 1, 0, 0, 1, 1, 2, 1, 1, 0, 0, 1, 1, 2, 0, 1, 1, 1, 0];[2, 1, 12, 8, 10, 3, 5, 6, 13, 7, 0, 18, 15, 9, 14, 16, 4, 17, 19, 11]|[2, 1, 1, 0, 0, 1, 2, 0, 1, 1, 0, 0, 1, 1, 0, 2, 1, 2, 2, 0]|[1, 1, 1, 3, 3, 1, 0, 3, 1, 1, 3, 3, 1, 1, 3, 0, 1, 0, 0, 3]|[1, 1, 1, 0, 0, 1, 1, 2, 1, 1, 0, 0, 1, 1, 2, 0, 1, 1, 1, 0];[2, 1, 12, 8, 10, 3, 5, 6, 13, 7, 0, 18, 15, 9, 14, 16, 4, 17, 19, 11]|[2, 1, 1, 0, 0, 1, 2, 0, 1, 1, 0, 0, 1, 1, 0, 2, 1, 2, 2, 0]|[1, 1, 1, 3, 3, 1, 0, 3, 1, 1, 3, 3, 1, 1, 3, 0, 1, 0, 0, 3]|[1, 1, 1, 0, 0, 1, 1, 2, 1, 1, 0, 0, 1, 1, 2, 0, 1, 1, 1, 0];[2, 19, 15, 12, 10, 9, 14, 5, 16, 18, 11, 6, 4, 3, 0, 8, 17, 7, 1, 13]|[1, 0, 0, 0, 2, 2, 2, 0, 1, 0, 2, 1, 1, 2, 0, 0, 0, 0, 0, 1]|[1, 3, 3, 3, 1, 1, 0, 3, 1, 0, 1, 1, 1, 1, 3, 3, 2, 3, 3, 1]|[0, 0, 2, 0, 1, 0, 0, 2, 1, 1, 1, 1, 0, 1, 1, 2, 0, 0, 1, 1];[2, 4, 15, 19, 10, 14, 3, 1, 16, 9, 7, 13, 12, 18, 0, 6, 11, 8, 5, 17]|[0, 0, 0, 0, 2, 2, 0, 0, 1, 0, 2, 1, 0, 1, 2, 0, 0, 0, 2, 1]|[3, 0, 3, 3, 1, 1, 3, 3, 1, 3, 1, 1, 3, 1, 1, 3, 3, 3, 1, 1]|[1, 0, 2, 0, 1, 0, 2, 0, 1, 2, 1, 0, 0, 1, 0, 1, 0, 2, 1, 1];[2, 12, 13, 14, 11, 6, 1, 5, 17, 3, 4, 7, 0, 9, 19, 16, 15, 8, 18, 10]|[0, 0, 0, 0, 2, 1, 0, 1, 0, 2, 1, 0, 0, 0, 2, 2, 0, 0, 2, 1]|[3, 0, 0, 3, 1, 1, 3, 1, 3, 1, 1, 3, 2, 3, 1, 1, 3, 3, 1, 1]|[0, 2, 1, 2, 1, 0, 1, 1, 2, 1, 0, 1, 0, 2, 0, 1, 1, 0, 0, 0];[2, 12, 13, 14, 11, 6, 1, 5, 17, 3, 4, 7, 0, 9, 19, 16, 15, 8, 18, 10]|[0, 0, 0, 0, 2, 1, 0, 1, 0, 2, 1, 0, 0, 0, 2, 2, 0, 0, 2, 1]|[3, 0, 0, 3, 1, 1, 3, 1, 3, 1, 1, 3, 2, 3, 1, 1, 3, 3, 1, 1]|[0, 2, 1, 2, 1, 0, 1, 1, 2, 1, 0, 1, 0, 2, 0, 1, 1, 0, 0, 0];[2, 12, 13, 14, 11, 6, 1, 5, 17, 3, 4, 7, 0, 9, 19, 16, 15, 8, 18, 10]|[0, 0, 0, 0, 2, 1, 0, 1, 0, 2, 1, 0, 0, 0, 2, 2, 0, 0, 2, 1]|[3, 0, 0, 3, 1, 1, 3, 1, 3, 1, 1, 3, 2, 3, 1, 1, 3, 3, 1, 1]|[0, 2, 1, 2, 1, 0, 1, 1, 2, 1, 0, 1, 0, 2, 0, 1, 1, 0, 0, 0];[2, 12, 13, 14, 11, 6, 1, 5, 17, 3, 4, 7, 0, 9, 19, 16, 15, 8, 18, 10]|[0, 0, 0, 0, 2, 1, 0, 1, 0, 2, 1, 0, 0, 0, 2, 2, 0, 0, 2, 1]|[3, 0, 0, 3, 1, 1, 3, 1, 3, 1, 1, 3, 2, 3, 1, 1, 3, 3, 1, 1]|[0, 2, 1, 2, 1, 0, 1, 1, 2, 1, 0, 1, 0, 2, 0, 1, 1, 0, 0, 0];[5, 4, 14, 10, 2, 6, 3, 0, 17, 12, 11, 1, 16, 18, 7, 15, 9, 13, 19, 8]|[0, 1, 0, 2, 1, 2, 2, 1, 1, 0, 0, 1, 0, 2, 0, 1, 2, 1, 1, 0]|[3, 1, 3, 0, 1, 0, 0, 1, 1, 3, 3, 1, 3, 0, 3, 1, 0, 1, 1, 3]|[0, 1, 2, 1, 1, 0, 1, 1, 1, 0, 0, 1, 2, 1, 0, 1, 1, 1, 1, 0];[5, 4, 14, 10, 2, 6, 3, 0, 17, 12, 11, 1, 16, 18, 7, 15, 9, 13, 19, 8]|[0, 1, 0, 2, 1, 2, 2, 1, 1, 0, 0, 1, 0, 2, 0, 1, 2, 1, 1, 0]|[3, 1, 3, 0, 1, 0, 0, 1, 1, 3, 3, 1, 3, 0, 3, 1, 0, 1, 1, 3]|[0, 1, 2, 1, 1, 0, 1, 1, 1, 0, 0, 1, 2, 1, 0, 1, 1, 1, 1, 0];[5, 4, 14, 10, 2, 6, 3, 0, 17, 12, 11, 1, 16, 18, 7, 15, 9, 13, 19, 8]|[0, 1, 0, 2, 1, 2, 2, 1, 1, 0, 0, 1, 0, 2, 0, 1, 2, 1, 1, 0]|[3, 1, 3, 0, 1, 0, 0, 1, 1, 3, 3, 1, 3, 0, 3, 1, 0, 1, 1, 3]|[0, 1, 2, 1, 1, 0, 1, 1, 1, 0, 0, 1, 2, 1, 0, 1, 1, 1, 1, 0]
fc6diagRound 8	fe=225415	pool=300	target=100	rescued=1	sOriginal=[1, 19, 8, 14, 5, 13, 6, 16, 3, 0, 12, 4, 2, 15, 17, 10, 9, 11, 7, 18]|[0, 1, 1, 0, 2, 1, 2, 2, 1, 0, 0, 2, 0, 1, 0, 1, 1, 2, 1, 0]|[3, 1, 1, 3, 0, 1, 0, 0, 0, 0, 3, 0, 3, 0, 3, 1, 1, 0, 1, 3]|[0, 1, 1, 2, 1, 0, 0, 1, 1, 1, 0, 1, 2, 1, 1, 1, 1, 1, 1, 0];[2, 19, 6, 15, 3, 4, 16, 5, 1, 11, 10, 0, 18, 12, 7, 13, 17, 8, 9, 14]|[0, 1, 1, 0, 2, 1, 2, 2, 1, 0, 0, 2, 0, 1, 0, 1, 1, 2, 1, 0]|[3, 1, 0, 3, 0, 1, 0, 0, 0, 0, 3, 0, 3, 1, 3, 1, 1, 0, 1, 3]|[0, 1, 1, 2, 1, 0, 0, 1, 1, 1, 0, 1, 2, 1, 1, 1, 1, 1, 1, 0];[1, 19, 13, 14, 2, 4, 16, 5, 3, 10, 12, 6, 11, 18, 7, 9, 15, 0, 17, 8]|[0, 1, 1, 0, 2, 1, 2, 2, 1, 0, 0, 2, 0, 1, 0, 1, 1, 2, 1, 0]|[3, 1, 1, 3, 0, 1, 0, 0, 0, 0, 3, 0, 3, 0, 3, 1, 1, 0, 1, 3]|[0, 1, 1, 2, 1, 0, 0, 1, 1, 0, 0, 1, 2, 1, 1, 1, 1, 1, 1, 0];[1, 19, 13, 14, 2, 4, 16, 5, 3, 10, 12, 6, 11, 18, 7, 9, 15, 0, 17, 8]|[0, 1, 1, 0, 2, 1, 2, 2, 1, 0, 0, 2, 0, 1, 0, 1, 1, 2, 1, 0]|[3, 1, 1, 3, 0, 1, 0, 0, 0, 0, 3, 0, 3, 0, 3, 1, 1, 0, 1, 3]|[0, 1, 1, 2, 1, 0, 0, 1, 1, 0, 0, 1, 2, 1, 1, 1, 1, 1, 1, 0];[1, 19, 14, 2, 17, 18, 5, 15, 12, 6, 16, 10, 11, 4, 0, 7, 13, 8, 3, 9]|[0, 1, 0, 2, 2, 1, 0, 1, 1, 2, 2, 0, 0, 2, 0, 1, 1, 1, 1, 0]|[3, 1, 3, 0, 0, 1, 3, 1, 1, 0, 0, 0, 3, 0, 3, 1, 1, 1, 1, 3]|[0, 1, 2, 1, 0, 1, 0, 1, 1, 0, 1, 1, 0, 1, 2, 1, 1, 1, 1, 0];[1, 19, 14, 2, 17, 18, 5, 15, 12, 6, 16, 10, 11, 4, 0, 7, 13, 8, 3, 9]|[0, 1, 0, 2, 2, 1, 0, 1, 1, 2, 2, 0, 0, 2, 0, 1, 1, 1, 1, 0]|[3, 1, 3, 0, 0, 1, 3, 1, 1, 0, 0, 0, 3, 0, 3, 1, 1, 1, 1, 3]|[0, 1, 2, 1, 0, 1, 0, 1, 1, 0, 1, 1, 0, 1, 2, 1, 1, 1, 1, 0];[5, 2, 13, 14, 19, 4, 16, 6, 3, 18, 15, 9, 8, 7, 1, 12, 11, 10, 17, 0]|[0, 1, 1, 0, 2, 1, 2, 2, 1, 0, 0, 2, 0, 1, 0, 1, 1, 2, 1, 0]|[3, 1, 0, 3, 0, 1, 0, 0, 0, 0, 3, 0, 3, 0, 2, 1, 1, 0, 1, 3]|[0, 1, 1, 2, 0, 0, 1, 1, 1, 0, 0, 1, 2, 1, 1, 1, 1, 1, 1, 0];[1, 2, 13, 14, 19, 4, 16, 5, 3, 10, 11, 17, 8, 15, 9, 0, 6, 12, 7, 18]|[0, 1, 1, 0, 2, 1, 2, 2, 1, 0, 0, 2, 0, 1, 0, 1, 1, 2, 1, 0]|[3, 1, 0, 3, 1, 1, 0, 0, 0, 0, 3, 0, 3, 1, 0, 1, 1, 0, 1, 3]|[0, 1, 1, 2, 1, 0, 0, 1, 1, 1, 0, 1, 2, 1, 1, 1, 1, 1, 1, 0];[2, 19, 13, 15, 6, 3, 16, 5, 10, 0, 11, 14, 8, 17, 7, 12, 4, 9, 18, 1]|[0, 1, 1, 0, 2, 1, 2, 2, 1, 0, 0, 2, 0, 1, 0, 1, 1, 2, 1, 0]|[3, 1, 1, 3, 1, 1, 0, 1, 0, 0, 3, 0, 3, 0, 0, 1, 1, 0, 1, 3]|[2, 1, 1, 2, 1, 0, 0, 1, 1, 0, 0, 1, 2, 1, 1, 1, 1, 0, 1, 0];[1, 2, 13, 14, 19, 4, 16, 5, 3, 10, 11, 17, 8, 12, 7, 6, 15, 0, 9, 18]|[0, 1, 1, 0, 2, 1, 2, 2, 1, 0, 0, 2, 0, 1, 0, 1, 1, 2, 1, 0]|[3, 1, 0, 3, 1, 1, 0, 0, 0, 0, 3, 0, 3, 1, 0, 1, 1, 0, 1, 3]|[0, 1, 1, 2, 1, 0, 1, 1, 1, 1, 0, 1, 2, 1, 1, 1, 1, 1, 1, 0];[11, 10, 4, 2, 3, 17, 15, 12, 7, 1, 9, 18, 8, 16, 5, 6, 0, 19, 13, 14]|[0, 0, 1, 0, 1, 2, 1, 1, 1, 1, 1, 0, 0, 2, 2, 1, 2, 2, 2, 0]|[0, 3, 1, 3, 1, 0, 1, 1, 1, 1, 1, 3, 3, 0, 1, 1, 0, 0, 0, 3]|[1, 0, 1, 0, 1, 0, 1, 1, 1, 1, 1, 2, 0, 0, 1, 1, 0, 1, 1, 0];[1, 19, 13, 14, 2, 8, 6, 16, 3, 10, 11, 4, 0, 7, 5, 15, 12, 17, 18, 9]|[0, 1, 1, 0, 2, 1, 2, 2, 1, 0, 0, 2, 0, 1, 0, 1, 1, 2, 1, 0]|[3, 1, 1, 3, 0, 1, 0, 0, 0, 0, 3, 0, 3, 0, 3, 1, 1, 0, 1, 3]|[0, 1, 1, 2, 1, 0, 0, 1, 1, 1, 0, 1, 2, 1, 0, 1, 1, 0, 1, 0];[1, 19, 13, 14, 2, 8, 6, 16, 3, 10, 11, 4, 0, 7, 5, 15, 12, 17, 18, 9]|[0, 1, 1, 0, 2, 1, 2, 2, 1, 0, 0, 2, 0, 1, 0, 1, 1, 2, 1, 0]|[3, 1, 1, 3, 0, 1, 0, 0, 0, 0, 3, 0, 3, 0, 3, 1, 1, 0, 1, 3]|[0, 1, 1, 2, 1, 0, 0, 1, 1, 1, 0, 1, 2, 1, 0, 1, 1, 0, 1, 0];[2, 12, 15, 19, 10, 14, 16, 13, 0, 3, 4, 7, 9, 6, 5, 1, 11, 18, 17, 8]|[0, 0, 0, 0, 2, 2, 1, 0, 0, 2, 1, 0, 0, 1, 2, 0, 0, 0, 2, 1]|[0, 3, 3, 3, 1, 1, 1, 3, 3, 1, 1, 3, 3, 1, 1, 3, 2, 3, 1, 1]|[1, 0, 2, 0, 1, 0, 1, 2, 1, 1, 0, 0, 2, 1, 1, 1, 0, 2, 0, 1];[2, 12, 15, 19, 10, 14, 16, 13, 0, 3, 4, 7, 9, 6, 5, 1, 11, 18, 17, 8]|[0, 0, 0, 0, 2, 2, 1, 0, 0, 2, 1, 0, 0, 1, 2, 0, 0, 0, 2, 1]|[0, 3, 3, 3, 1, 1, 1, 3, 3, 1, 1, 3, 3, 1, 1, 3, 2, 3, 1, 1]|[1, 0, 2, 0, 1, 0, 1, 2, 1, 1, 0, 0, 2, 1, 1, 1, 0, 2, 0, 1];[2, 12, 15, 19, 10, 14, 16, 13, 0, 3, 4, 7, 9, 6, 5, 1, 11, 18, 17, 8]|[0, 0, 0, 0, 2, 2, 1, 0, 0, 2, 1, 0, 0, 1, 2, 0, 0, 0, 2, 1]|[0, 3, 3, 3, 1, 1, 1, 3, 3, 1, 1, 3, 3, 1, 1, 3, 2, 3, 1, 1]|[1, 0, 2, 0, 1, 0, 1, 2, 1, 1, 0, 0, 2, 1, 1, 1, 0, 2, 0, 1];[2, 12, 15, 19, 10, 14, 16, 13, 0, 3, 4, 7, 9, 6, 5, 1, 11, 18, 17, 8]|[0, 0, 0, 0, 2, 2, 1, 0, 0, 2, 1, 0, 0, 1, 2, 0, 0, 0, 2, 1]|[0, 3, 3, 3, 1, 1, 1, 3, 3, 1, 1, 3, 3, 1, 1, 3, 2, 3, 1, 1]|[1, 0, 2, 0, 1, 0, 1, 2, 1, 1, 0, 0, 2, 1, 1, 1, 0, 2, 0, 1];[1, 19, 13, 14, 2, 4, 16, 5, 3, 12, 10, 6, 11, 18, 7, 9, 15, 0, 17, 8]|[0, 1, 1, 0, 2, 2, 2, 2, 1, 0, 0, 1, 0, 1, 0, 2, 1, 2, 1, 0]|[1, 1, 1, 3, 0, 0, 0, 0, 0, 3, 0, 1, 3, 0, 3, 1, 1, 0, 1, 3]|[0, 1, 1, 2, 1, 1, 0, 1, 1, 0, 0, 0, 2, 1, 1, 0, 1, 1, 1, 0];[1, 19, 13, 14, 2, 4, 16, 5, 3, 12, 10, 6, 11, 18, 7, 9, 15, 0, 17, 8]|[0, 1, 1, 0, 2, 2, 2, 2, 1, 0, 0, 1, 0, 1, 0, 2, 1, 2, 1, 0]|[1, 1, 1, 3, 0, 0, 0, 0, 0, 3, 0, 1, 3, 0, 3, 1, 1, 0, 1, 3]|[0, 1, 1, 2, 1, 1, 0, 1, 1, 0, 0, 0, 2, 1, 1, 0, 1, 1, 1, 0];[2, 12, 15, 9, 10, 14, 19, 0, 16, 13, 3, 4, 7, 6, 11, 1, 18, 8, 17, 5]|[0, 0, 0, 0, 2, 2, 0, 0, 1, 0, 2, 1, 0, 1, 2, 0, 0, 0, 2, 1]|[0, 1, 3, 3, 1, 1, 3, 3, 1, 3, 1, 1, 3, 1, 1, 3, 2, 3, 1, 1]|[1, 0, 2, 2, 1, 0, 0, 1, 1, 2, 1, 0, 0, 1, 1, 1, 0, 2, 0, 0];[2, 12, 15, 9, 10, 14, 19, 0, 16, 13, 3, 4, 7, 6, 11, 1, 18, 8, 17, 5]|[0, 0, 0, 0, 2, 2, 0, 0, 1, 0, 2, 1, 0, 1, 2, 0, 0, 0, 2, 1]|[0, 1, 3, 3, 1, 1, 3, 3, 1, 3, 1, 1, 3, 1, 1, 3, 2, 3, 1, 1]|[1, 0, 2, 2, 1, 0, 0, 1, 1, 2, 1, 0, 0, 1, 1, 1, 0, 2, 0, 0];[2, 19, 13, 15, 6, 3, 16, 10, 0, 11, 14, 8, 17, 7, 12, 4, 9, 5, 18, 1]|[0, 2, 1, 0, 2, 1, 2, 1, 0, 0, 2, 0, 1, 0, 1, 1, 2, 2, 1, 0]|[3, 1, 1, 3, 1, 1, 0, 0, 0, 3, 0, 3, 0, 0, 1, 1, 0, 1, 1, 3]|[2, 1, 1, 2, 1, 0, 0, 1, 0, 0, 1, 2, 1, 1, 1, 1, 0, 1, 1, 0];[2, 19, 13, 15, 6, 3, 16, 10, 0, 11, 14, 8, 17, 7, 12, 4, 9, 5, 18, 1]|[0, 2, 1, 0, 2, 1, 2, 1, 0, 0, 2, 0, 1, 0, 1, 1, 2, 2, 1, 0]|[3, 1, 1, 3, 1, 1, 0, 0, 0, 3, 0, 3, 0, 0, 1, 1, 0, 1, 1, 3]|[2, 1, 1, 2, 1, 0, 0, 1, 0, 0, 1, 2, 1, 1, 1, 1, 0, 1, 1, 0];[2, 19, 8, 12, 10, 14, 1, 16, 15, 3, 4, 7, 6, 11, 0, 13, 18, 9, 17, 5]|[0, 0, 0, 0, 2, 2, 0, 1, 0, 2, 1, 0, 1, 2, 0, 0, 0, 0, 2, 1]|[0, 3, 3, 3, 1, 1, 3, 1, 3, 1, 1, 3, 1, 1, 3, 2, 3, 3, 0, 1]|[1, 0, 2, 0, 1, 0, 1, 1, 2, 1, 0, 0, 1, 1, 1, 0, 2, 0, 0, 0];[2, 19, 8, 12, 10, 14, 1, 16, 15, 3, 4, 7, 6, 11, 0, 13, 18, 9, 17, 5]|[0, 0, 0, 0, 2, 2, 0, 1, 0, 2, 1, 0, 1, 2, 0, 0, 0, 0, 2, 1]|[0, 3, 3, 3, 1, 1, 3, 1, 3, 1, 1, 3, 1, 1, 3, 2, 3, 3, 0, 1]|[1, 0, 2, 0, 1, 0, 1, 1, 2, 1, 0, 0, 1, 1, 1, 0, 2, 0, 0, 0];[2, 19, 8, 12, 10, 14, 1, 16, 15, 3, 4, 7, 6, 11, 0, 13, 18, 9, 17, 5]|[0, 0, 0, 0, 2, 2, 0, 1, 0, 2, 1, 0, 1, 2, 0, 0, 0, 0, 2, 1]|[0, 3, 3, 3, 1, 1, 3, 1, 3, 1, 1, 3, 1, 1, 3, 2, 3, 3, 0, 1]|[1, 0, 2, 0, 1, 0, 1, 1, 2, 1, 0, 0, 1, 1, 1, 0, 2, 0, 0, 0];[2, 19, 8, 12, 10, 14, 1, 16, 15, 3, 4, 7, 6, 11, 0, 13, 18, 9, 17, 5]|[0, 0, 0, 0, 2, 2, 0, 1, 0, 2, 1, 0, 1, 2, 0, 0, 0, 0, 2, 1]|[0, 3, 3, 3, 1, 1, 3, 1, 3, 1, 1, 3, 1, 1, 3, 2, 3, 3, 0, 1]|[1, 0, 2, 0, 1, 0, 1, 1, 2, 1, 0, 0, 1, 1, 1, 0, 2, 0, 0, 0];[2, 19, 15, 3, 10, 14, 18, 16, 12, 4, 0, 13, 17, 11, 5, 9, 1, 8, 6, 7]|[0, 0, 0, 0, 2, 2, 0, 1, 2, 1, 0, 0, 0, 2, 1, 0, 0, 0, 2, 1]|[0, 3, 3, 3, 1, 1, 2, 1, 1, 1, 3, 3, 3, 1, 1, 3, 3, 3, 1, 1]|[1, 0, 2, 0, 1, 0, 0, 1, 1, 0, 1, 2, 0, 1, 1, 2, 1, 0, 0, 0];[2, 1, 13, 14, 19, 4, 16, 5, 3, 10, 11, 17, 6, 7, 18, 9, 15, 0, 12, 8]|[0, 1, 1, 0, 2, 1, 2, 2, 1, 0, 0, 2, 0, 1, 0, 1, 1, 2, 1, 0]|[3, 1, 1, 3, 0, 1, 0, 0, 0, 0, 3, 0, 3, 0, 3, 1, 1, 0, 1, 3]|[0, 1, 1, 2, 1, 0, 0, 1, 1, 0, 0, 1, 2, 1, 0, 1, 1, 1, 1, 0];[2, 12, 15, 19, 10, 14, 9, 1, 16, 13, 3, 4, 7, 6, 11, 0, 17, 8, 5, 18]|[0, 0, 0, 0, 2, 2, 0, 0, 1, 0, 2, 1, 0, 1, 2, 0, 0, 0, 2, 1]|[0, 3, 3, 3, 1, 1, 3, 3, 1, 3, 1, 1, 3, 1, 1, 3, 2, 3, 1, 1]|[1, 0, 2, 0, 1, 0, 2, 1, 1, 2, 1, 0, 0, 1, 1, 1, 0, 2, 0, 0];[2, 12, 15, 19, 10, 14, 9, 1, 16, 13, 3, 4, 7, 6, 11, 0, 17, 8, 5, 18]|[0, 0, 0, 0, 2, 2, 0, 0, 1, 0, 2, 1, 0, 1, 2, 0, 0, 0, 2, 1]|[0, 3, 3, 3, 1, 1, 3, 3, 1, 3, 1, 1, 3, 1, 1, 3, 2, 3, 1, 1]|[1, 0, 2, 0, 1, 0, 2, 1, 1, 2, 1, 0, 0, 1, 1, 1, 0, 2, 0, 0];[2, 12, 15, 19, 10, 14, 9, 1, 16, 13, 3, 4, 7, 6, 11, 0, 17, 8, 5, 18]|[0, 0, 0, 0, 2, 2, 0, 0, 1, 0, 2, 1, 0, 1, 2, 0, 0, 0, 2, 1]|[0, 3, 3, 3, 1, 1, 3, 3, 1, 3, 1, 1, 3, 1, 1, 3, 2, 3, 1, 1]|[1, 0, 2, 0, 1, 0, 2, 1, 1, 2, 1, 0, 0, 1, 1, 1, 0, 2, 0, 0];[2, 12, 15, 19, 10, 14, 9, 1, 16, 13, 3, 4, 7, 6, 11, 0, 17, 8, 5, 18]|[0, 0, 0, 0, 2, 2, 0, 0, 1, 0, 2, 1, 0, 1, 2, 0, 0, 0, 2, 1]|[0, 3, 3, 3, 1, 1, 3, 3, 1, 3, 1, 1, 3, 1, 1, 3, 2, 3, 1, 1]|[1, 0, 2, 0, 1, 0, 2, 1, 1, 2, 1, 0, 0, 1, 1, 1, 0, 2, 0, 0];[2, 19, 15, 3, 10, 14, 18, 16, 12, 4, 0, 13, 17, 11, 5, 9, 1, 8, 6, 7]|[0, 0, 0, 0, 2, 2, 0, 1, 2, 1, 0, 0, 0, 2, 1, 0, 0, 0, 2, 1]|[0, 3, 3, 3, 1, 1, 2, 1, 1, 1, 3, 3, 3, 1, 1, 3, 3, 3, 1, 1]|[1, 0, 2, 0, 1, 0, 0, 1, 1, 0, 1, 2, 0, 1, 1, 2, 1, 0, 0, 0];[2, 12, 15, 19, 10, 14, 9, 1, 16, 13, 7, 4, 6, 5, 11, 0, 18, 8, 17, 3]|[0, 0, 0, 0, 2, 2, 0, 0, 1, 0, 2, 1, 0, 1, 2, 0, 0, 0, 2, 1]|[0, 3, 3, 3, 1, 1, 3, 3, 1, 3, 1, 1, 3, 1, 1, 3, 2, 3, 1, 1]|[1, 0, 2, 0, 1, 0, 2, 1, 1, 2, 1, 0, 0, 1, 1, 1, 0, 2, 0, 0];[5, 2, 19, 14, 16, 6, 13, 4, 11, 8, 17, 15, 1, 10, 0, 7, 9, 18, 12, 3]|[0, 1, 1, 0, 2, 2, 1, 2, 1, 2, 0, 1, 0, 2, 0, 0, 1, 2, 1, 0]|[3, 1, 1, 3, 0, 0, 1, 0, 1, 0, 0, 1, 3, 0, 3, 3, 0, 0, 1, 3]|[2, 1, 1, 0, 1, 0, 1, 1, 1, 0, 0, 1, 2, 1, 2, 0, 1, 1, 1, 0];[5, 2, 19, 14, 16, 6, 13, 4, 11, 8, 17, 15, 1, 10, 0, 7, 9, 18, 12, 3]|[0, 1, 1, 0, 2, 2, 1, 2, 1, 2, 0, 1, 0, 2, 0, 0, 1, 2, 1, 0]|[3, 1, 1, 3, 0, 0, 1, 0, 1, 0, 0, 1, 3, 0, 3, 3, 0, 0, 1, 3]|[2, 1, 1, 0, 1, 0, 1, 1, 1, 0, 0, 1, 2, 1, 2, 0, 1, 1, 1, 0];[5, 2, 19, 14, 16, 6, 13, 4, 11, 8, 17, 15, 1, 10, 0, 7, 9, 18, 12, 3]|[0, 1, 1, 0, 2, 2, 1, 2, 1, 2, 0, 1, 0, 2, 0, 0, 1, 2, 1, 0]|[3, 1, 1, 3, 0, 0, 1, 0, 1, 0, 0, 1, 3, 0, 3, 3, 0, 0, 1, 3]|[2, 1, 1, 0, 1, 0, 1, 1, 1, 0, 0, 1, 2, 1, 2, 0, 1, 1, 1, 0];[5, 2, 19, 14, 16, 6, 13, 4, 11, 8, 17, 15, 1, 10, 0, 7, 9, 18, 12, 3]|[0, 1, 1, 0, 2, 2, 1, 2, 1, 2, 0, 1, 0, 2, 0, 0, 1, 2, 1, 0]|[3, 1, 1, 3, 0, 0, 1, 0, 1, 0, 0, 1, 3, 0, 3, 3, 0, 0, 1, 3]|[2, 1, 1, 0, 1, 0, 1, 1, 1, 0, 0, 1, 2, 1, 2, 0, 1, 1, 1, 0];[5, 2, 14, 15, 4, 13, 16, 19, 3, 11, 10, 1, 8, 17, 6, 7, 12, 18, 9, 0]|[0, 1, 1, 0, 2, 1, 2, 2, 1, 0, 0, 2, 0, 1, 1, 0, 1, 2, 1, 0]|[0, 1, 0, 3, 0, 1, 0, 0, 0, 3, 3, 0, 3, 1, 1, 1, 1, 0, 1, 3]|[2, 1, 1, 0, 0, 0, 0, 1, 1, 0, 0, 1, 2, 1, 1, 0, 1, 0, 1, 0];[5, 2, 14, 10, 4, 13, 16, 19, 6, 1, 9, 15, 12, 7, 18, 11, 17, 3, 8, 0]|[0, 1, 1, 0, 2, 1, 2, 2, 1, 0, 1, 1, 2, 0, 0, 2, 1, 2, 1, 0]|[3, 1, 1, 3, 1, 1, 0, 0, 0, 0, 1, 1, 0, 2, 3, 0, 0, 0, 1, 3]|[0, 1, 1, 2, 1, 0, 0, 1, 1, 1, 1, 1, 1, 0, 2, 1, 0, 1, 1, 0];[9, 12, 19, 10, 13, 14, 8, 15, 11, 6, 0, 4, 3, 7, 16, 1, 2, 18, 17, 5]|[0, 0, 0, 0, 0, 2, 0, 0, 2, 1, 0, 1, 2, 0, 1, 2, 0, 0, 2, 1]|[3, 0, 3, 2, 3, 1, 2, 3, 0, 1, 3, 1, 1, 3, 1, 1, 3, 3, 1, 1]|[2, 1, 0, 0, 2, 0, 1, 2, 1, 1, 0, 0, 1, 0, 1, 1, 2, 0, 0, 1];[9, 12, 19, 10, 13, 14, 8, 15, 11, 6, 0, 4, 3, 7, 16, 1, 2, 18, 17, 5]|[0, 0, 0, 0, 0, 2, 0, 0, 2, 1, 0, 1, 2, 0, 1, 2, 0, 0, 2, 1]|[3, 0, 3, 2, 3, 1, 2, 3, 0, 1, 3, 1, 1, 3, 1, 1, 3, 3, 1, 1]|[2, 1, 0, 0, 2, 0, 1, 2, 1, 1, 0, 0, 1, 0, 1, 1, 2, 0, 0, 1];[1, 19, 13, 14, 2, 4, 16, 5, 3, 10, 12, 9, 6, 17, 8, 15, 18, 11, 7, 0]|[0, 1, 1, 0, 2, 1, 2, 2, 1, 0, 0, 2, 0, 1, 0, 1, 1, 2, 1, 0]|[3, 1, 0, 3, 0, 1, 1, 0, 0, 0, 3, 0, 2, 0, 3, 1, 1, 0, 1, 3]|[0, 1, 1, 2, 1, 0, 0, 1, 1, 0, 0, 0, 2, 1, 1, 0, 1, 1, 1, 0];[1, 6, 14, 2, 4, 16, 5, 13, 9, 17, 11, 10, 7, 15, 0, 3, 19, 12, 8, 18]|[0, 1, 0, 2, 1, 2, 2, 1, 0, 1, 0, 0, 1, 1, 0, 1, 2, 2, 1, 0]|[3, 0, 3, 1, 1, 0, 0, 0, 3, 1, 3, 0, 1, 1, 0, 0, 0, 0, 1, 3]|[0, 1, 2, 0, 0, 1, 1, 1, 2, 1, 0, 1, 1, 0, 1, 1, 0, 1, 1, 0];[1, 6, 14, 2, 4, 16, 5, 13, 9, 17, 11, 10, 7, 15, 0, 3, 19, 12, 8, 18]|[0, 1, 0, 2, 1, 2, 2, 1, 0, 1, 0, 0, 1, 1, 0, 1, 2, 2, 1, 0]|[3, 0, 3, 1, 1, 0, 0, 0, 3, 1, 3, 0, 1, 1, 0, 0, 0, 0, 1, 3]|[0, 1, 2, 0, 0, 1, 1, 1, 2, 1, 0, 1, 1, 0, 1, 1, 0, 1, 1, 0];[1, 6, 14, 2, 4, 16, 5, 13, 9, 17, 11, 10, 7, 15, 0, 3, 19, 12, 8, 18]|[0, 1, 0, 2, 1, 2, 2, 1, 0, 1, 0, 0, 1, 1, 0, 1, 2, 2, 1, 0]|[3, 0, 3, 1, 1, 0, 0, 0, 3, 1, 3, 0, 1, 1, 0, 0, 0, 0, 1, 3]|[0, 1, 2, 0, 0, 1, 1, 1, 2, 1, 0, 1, 1, 0, 1, 1, 0, 1, 1, 0];[19, 6, 0, 2, 10, 14, 9, 1, 4, 3, 13, 7, 15, 16, 18, 12, 11, 8, 17, 5]|[0, 0, 0, 0, 2, 2, 0, 0, 1, 2, 1, 0, 0, 1, 2, 0, 0, 0, 2, 1]|[3, 3, 0, 3, 1, 1, 3, 3, 1, 1, 1, 3, 3, 1, 1, 3, 2, 3, 1, 1]|[0, 2, 1, 0, 1, 0, 2, 1, 1, 1, 0, 0, 2, 1, 1, 0, 0, 2, 0, 0];[19, 6, 0, 2, 10, 14, 9, 1, 4, 3, 13, 7, 15, 16, 18, 12, 11, 8, 17, 5]|[0, 0, 0, 0, 2, 2, 0, 0, 1, 2, 1, 0, 0, 1, 2, 0, 0, 0, 2, 1]|[3, 3, 0, 3, 1, 1, 3, 3, 1, 1, 1, 3, 3, 1, 1, 3, 2, 3, 1, 1]|[0, 2, 1, 0, 1, 0, 2, 1, 1, 1, 0, 0, 2, 1, 1, 0, 0, 2, 0, 0];[19, 14, 2, 4, 16, 5, 3, 12, 10, 6, 0, 18, 9, 8, 15, 11, 7, 17, 13, 1]|[1, 0, 2, 1, 2, 2, 1, 1, 1, 0, 0, 0, 1, 1, 2, 2, 0, 0, 0, 0]|[0, 3, 0, 1, 0, 0, 1, 1, 1, 3, 3, 3, 1, 1, 1, 1, 3, 3, 3, 3]|[1, 0, 1, 0, 0, 1, 1, 1, 1, 0, 2, 0, 1, 1, 1, 0, 0, 0, 2, 0];[19, 14, 2, 4, 16, 5, 3, 12, 10, 6, 0, 18, 9, 8, 15, 11, 7, 17, 13, 1]|[1, 0, 2, 1, 2, 2, 1, 1, 1, 0, 0, 0, 1, 1, 2, 2, 0, 0, 0, 0]|[0, 3, 0, 1, 0, 0, 1, 1, 1, 3, 3, 3, 1, 1, 1, 1, 3, 3, 3, 3]|[1, 0, 1, 0, 0, 1, 1, 1, 1, 0, 2, 0, 1, 1, 1, 0, 0, 0, 2, 0];[2, 19, 15, 12, 10, 14, 9, 18, 16, 13, 3, 4, 8, 6, 1, 11, 0, 7, 5, 17]|[0, 0, 0, 0, 2, 2, 2, 0, 1, 0, 2, 1, 0, 1, 0, 0, 0, 0, 2, 1]|[0, 3, 3, 3, 1, 1, 1, 3, 1, 3, 1, 1, 2, 1, 3, 3, 3, 3, 1, 1]|[1, 0, 2, 0, 1, 0, 0, 1, 1, 2, 1, 0, 0, 1, 1, 0, 2, 1, 0, 0];[2, 19, 15, 12, 10, 14, 9, 18, 16, 13, 3, 4, 8, 6, 1, 11, 0, 7, 5, 17]|[0, 0, 0, 0, 2, 2, 2, 0, 1, 0, 2, 1, 0, 1, 0, 0, 0, 0, 2, 1]|[0, 3, 3, 3, 1, 1, 1, 3, 1, 3, 1, 1, 2, 1, 3, 3, 3, 3, 1, 1]|[1, 0, 2, 0, 1, 0, 0, 1, 1, 2, 1, 0, 0, 1, 1, 0, 2, 1, 0, 0];[2, 19, 15, 12, 10, 14, 9, 18, 16, 13, 3, 4, 8, 6, 1, 11, 0, 7, 5, 17]|[0, 0, 0, 0, 2, 2, 2, 0, 1, 0, 2, 1, 0, 1, 0, 0, 0, 0, 2, 1]|[0, 3, 3, 3, 1, 1, 1, 3, 1, 3, 1, 1, 2, 1, 3, 3, 3, 3, 1, 1]|[1, 0, 2, 0, 1, 0, 0, 1, 1, 2, 1, 0, 0, 1, 1, 0, 2, 1, 0, 0];[2, 19, 15, 12, 10, 14, 9, 18, 16, 13, 3, 4, 8, 6, 1, 11, 0, 7, 5, 17]|[0, 0, 0, 0, 2, 2, 2, 0, 1, 0, 2, 1, 0, 1, 0, 0, 0, 0, 2, 1]|[0, 3, 3, 3, 1, 1, 1, 3, 1, 3, 1, 1, 2, 1, 3, 3, 3, 3, 1, 1]|[1, 0, 2, 0, 1, 0, 0, 1, 1, 2, 1, 0, 0, 1, 1, 0, 2, 1, 0, 0];[12, 5, 4, 15, 11, 19, 1, 16, 3, 9, 0, 10, 2, 14, 6, 17, 13, 18, 7, 8]|[0, 2, 0, 2, 0, 1, 0, 2, 1, 2, 2, 1, 2, 0, 1, 1, 1, 2, 1, 0]|[3, 0, 3, 1, 0, 1, 2, 1, 1, 0, 0, 1, 1, 3, 0, 1, 1, 0, 1, 3]|[0, 0, 2, 1, 1, 1, 0, 0, 1, 1, 1, 1, 1, 2, 0, 1, 1, 0, 1, 0];[12, 5, 4, 15, 11, 19, 1, 16, 3, 9, 0, 10, 2, 14, 6, 17, 13, 18, 7, 8]|[0, 2, 0, 2, 0, 1, 0, 2, 1, 2, 2, 1, 2, 0, 1, 1, 1, 2, 1, 0]|[3, 0, 3, 1, 0, 1, 2, 1, 1, 0, 0, 1, 1, 3, 0, 1, 1, 0, 1, 3]|[0, 0, 2, 1, 1, 1, 0, 0, 1, 1, 1, 1, 1, 2, 0, 1, 1, 0, 1, 0];[12, 5, 4, 15, 11, 19, 1, 16, 3, 9, 0, 10, 2, 14, 6, 17, 13, 18, 7, 8]|[0, 2, 0, 2, 0, 1, 0, 2, 1, 2, 2, 1, 2, 0, 1, 1, 1, 2, 1, 0]|[3, 0, 3, 1, 0, 1, 2, 1, 1, 0, 0, 1, 1, 3, 0, 1, 1, 0, 1, 3]|[0, 0, 2, 1, 1, 1, 0, 0, 1, 1, 1, 1, 1, 2, 0, 1, 1, 0, 1, 0];[12, 5, 4, 15, 11, 19, 1, 16, 3, 9, 0, 10, 2, 14, 6, 17, 13, 18, 7, 8]|[0, 2, 0, 2, 0, 1, 0, 2, 1, 2, 2, 1, 2, 0, 1, 1, 1, 2, 1, 0]|[3, 0, 3, 1, 0, 1, 2, 1, 1, 0, 0, 1, 1, 3, 0, 1, 1, 0, 1, 3]|[0, 0, 2, 1, 1, 1, 0, 0, 1, 1, 1, 1, 1, 2, 0, 1, 1, 0, 1, 0];[2, 12, 15, 19, 10, 14, 9, 1, 16, 13, 3, 4, 7, 6, 11, 0, 8, 18, 17, 5]|[0, 0, 0, 0, 2, 2, 0, 0, 1, 0, 2, 1, 0, 1, 2, 0, 0, 0, 2, 1]|[0, 3, 3, 3, 1, 1, 3, 3, 1, 3, 1, 1, 3, 1, 0, 3, 2, 3, 1, 1]|[2, 0, 2, 0, 1, 0, 2, 1, 1, 2, 1, 0, 0, 1, 1, 0, 1, 0, 0, 1];[5, 12, 17, 10, 4, 19, 16, 1, 3, 13, 15, 6, 8, 2, 11, 14, 7, 0, 9, 18]|[0, 1, 2, 0, 2, 1, 2, 2, 1, 2, 0, 2, 0, 1, 1, 2, 1, 1, 0, 0]|[0, 1, 1, 3, 0, 1, 0, 1, 0, 1, 3, 0, 3, 0, 1, 0, 1, 1, 3, 3]|[2, 1, 1, 0, 0, 0, 0, 1, 1, 1, 0, 1, 0, 1, 1, 1, 1, 1, 0, 2];[5, 12, 17, 10, 4, 19, 16, 1, 3, 13, 15, 6, 8, 2, 11, 14, 7, 0, 9, 18]|[0, 1, 2, 0, 2, 1, 2, 2, 1, 2, 0, 2, 0, 1, 1, 2, 1, 1, 0, 0]|[0, 1, 1, 3, 0, 1, 0, 1, 0, 1, 3, 0, 3, 0, 1, 0, 1, 1, 3, 3]|[2, 1, 1, 0, 0, 0, 0, 1, 1, 1, 0, 1, 0, 1, 1, 1, 1, 1, 0, 2];[19, 15, 14, 4, 13, 16, 5, 12, 7, 6, 0, 10, 9, 11, 1, 17, 2, 3, 8, 18]|[2, 1, 1, 0, 1, 2, 2, 1, 0, 0, 0, 2, 2, 0, 1, 1, 1, 2, 1, 0]|[1, 1, 0, 3, 1, 0, 0, 0, 0, 3, 1, 0, 0, 3, 0, 0, 1, 0, 1, 3]|[0, 1, 1, 2, 0, 1, 1, 1, 0, 0, 1, 1, 0, 0, 1, 1, 0, 1, 1, 0];[19, 15, 14, 4, 13, 16, 5, 12, 7, 6, 0, 10, 9, 11, 1, 17, 2, 3, 8, 18]|[2, 1, 1, 0, 1, 2, 2, 1, 0, 0, 0, 2, 2, 0, 1, 1, 1, 2, 1, 0]|[1, 1, 0, 3, 1, 0, 0, 0, 0, 3, 1, 0, 0, 3, 0, 0, 1, 0, 1, 3]|[0, 1, 1, 2, 0, 1, 1, 1, 0, 0, 1, 1, 0, 0, 1, 1, 0, 1, 1, 0];[19, 15, 14, 4, 13, 16, 5, 12, 7, 6, 0, 10, 9, 11, 1, 17, 2, 3, 8, 18]|[2, 1, 1, 0, 1, 2, 2, 1, 0, 0, 0, 2, 2, 0, 1, 1, 1, 2, 1, 0]|[1, 1, 0, 3, 1, 0, 0, 0, 0, 3, 1, 0, 0, 3, 0, 0, 1, 0, 1, 3]|[0, 1, 1, 2, 0, 1, 1, 1, 0, 0, 1, 1, 0, 0, 1, 1, 0, 1, 1, 0];[19, 15, 14, 4, 13, 16, 5, 12, 7, 6, 0, 10, 9, 11, 1, 17, 2, 3, 8, 18]|[2, 1, 1, 0, 1, 2, 2, 1, 0, 0, 0, 2, 2, 0, 1, 1, 1, 2, 1, 0]|[1, 1, 0, 3, 1, 0, 0, 0, 0, 3, 1, 0, 0, 3, 0, 0, 1, 0, 1, 3]|[0, 1, 1, 2, 0, 1, 1, 1, 0, 0, 1, 1, 0, 0, 1, 1, 0, 1, 1, 0];[11, 19, 14, 2, 4, 16, 5, 3, 9, 10, 18, 7, 1, 15, 0, 12, 17, 6, 13, 8]|[0, 1, 0, 2, 1, 2, 2, 1, 1, 0, 0, 2, 0, 2, 0, 1, 1, 2, 1, 0]|[0, 0, 1, 1, 1, 0, 1, 0, 1, 3, 3, 0, 3, 0, 3, 1, 1, 0, 0, 3]|[2, 1, 1, 1, 0, 0, 1, 1, 1, 0, 0, 1, 0, 0, 2, 1, 1, 1, 1, 0];[11, 19, 14, 2, 4, 16, 5, 3, 9, 10, 18, 7, 1, 15, 0, 12, 17, 6, 13, 8]|[0, 1, 0, 2, 1, 2, 2, 1, 1, 0, 0, 2, 0, 2, 0, 1, 1, 2, 1, 0]|[0, 0, 1, 1, 1, 0, 1, 0, 1, 3, 3, 0, 3, 0, 3, 1, 1, 0, 0, 3]|[2, 1, 1, 1, 0, 0, 1, 1, 1, 0, 0, 1, 0, 0, 2, 1, 1, 1, 1, 0];[11, 19, 14, 2, 4, 16, 5, 3, 9, 10, 18, 7, 1, 15, 0, 12, 17, 6, 13, 8]|[0, 1, 0, 2, 1, 2, 2, 1, 1, 0, 0, 2, 0, 2, 0, 1, 1, 2, 1, 0]|[0, 0, 1, 1, 1, 0, 1, 0, 1, 3, 3, 0, 3, 0, 3, 1, 1, 0, 0, 3]|[2, 1, 1, 1, 0, 0, 1, 1, 1, 0, 0, 1, 0, 0, 2, 1, 1, 1, 1, 0];[11, 19, 14, 2, 4, 16, 5, 3, 9, 10, 18, 7, 1, 15, 0, 12, 17, 6, 13, 8]|[0, 1, 0, 2, 1, 2, 2, 1, 1, 0, 0, 2, 0, 2, 0, 1, 1, 2, 1, 0]|[0, 0, 1, 1, 1, 0, 1, 0, 1, 3, 3, 0, 3, 0, 3, 1, 1, 0, 0, 3]|[2, 1, 1, 1, 0, 0, 1, 1, 1, 0, 0, 1, 0, 0, 2, 1, 1, 1, 1, 0];[2, 19, 13, 9, 14, 8, 6, 16, 7, 11, 10, 1, 12, 15, 17, 5, 18, 3, 4, 0]|[0, 1, 1, 2, 0, 1, 2, 2, 0, 0, 2, 0, 1, 0, 1, 2, 1, 1, 1, 0]|[3, 1, 1, 1, 3, 1, 0, 0, 0, 3, 0, 3, 1, 3, 1, 0, 1, 1, 1, 3]|[0, 1, 1, 1, 2, 1, 0, 1, 0, 0, 1, 2, 1, 1, 1, 1, 1, 1, 1, 0];[2, 19, 13, 9, 14, 8, 6, 16, 7, 11, 10, 1, 12, 15, 17, 5, 18, 3, 4, 0]|[0, 1, 1, 2, 0, 1, 2, 2, 0, 0, 2, 0, 1, 0, 1, 2, 1, 1, 1, 0]|[3, 1, 1, 1, 3, 1, 0, 0, 0, 3, 0, 3, 1, 3, 1, 0, 1, 1, 1, 3]|[0, 1, 1, 1, 2, 1, 0, 1, 0, 0, 1, 2, 1, 1, 1, 1, 1, 1, 1, 0];[2, 19, 13, 9, 14, 8, 6, 16, 7, 11, 10, 1, 12, 15, 17, 5, 18, 3, 4, 0]|[0, 1, 1, 2, 0, 1, 2, 2, 0, 0, 2, 0, 1, 0, 1, 2, 1, 1, 1, 0]|[3, 1, 1, 1, 3, 1, 0, 0, 0, 3, 0, 3, 1, 3, 1, 0, 1, 1, 1, 3]|[0, 1, 1, 1, 2, 1, 0, 1, 0, 0, 1, 2, 1, 1, 1, 1, 1, 1, 1, 0];[2, 19, 13, 9, 14, 8, 6, 16, 7, 11, 10, 1, 12, 15, 17, 5, 18, 3, 4, 0]|[0, 1, 1, 2, 0, 1, 2, 2, 0, 0, 2, 0, 1, 0, 1, 2, 1, 1, 1, 0]|[3, 1, 1, 1, 3, 1, 0, 0, 0, 3, 0, 3, 1, 3, 1, 0, 1, 1, 1, 3]|[0, 1, 1, 1, 2, 1, 0, 1, 0, 0, 1, 2, 1, 1, 1, 1, 1, 1, 1, 0];[2, 19, 8, 14, 6, 13, 5, 15, 4, 11, 7, 12, 17, 16, 3, 9, 1, 0, 10, 18]|[0, 1, 1, 0, 1, 2, 2, 0, 2, 0, 0, 2, 0, 2, 1, 1, 1, 1, 1, 0]|[3, 1, 1, 3, 1, 0, 0, 3, 0, 3, 3, 0, 3, 0, 1, 1, 1, 1, 1, 3]|[0, 1, 1, 0, 1, 1, 1, 2, 1, 0, 0, 1, 0, 0, 1, 1, 1, 1, 1, 0];[2, 19, 8, 14, 6, 13, 5, 15, 4, 11, 7, 12, 17, 16, 3, 9, 1, 0, 10, 18]|[0, 1, 1, 0, 1, 2, 2, 0, 2, 0, 0, 2, 0, 2, 1, 1, 1, 1, 1, 0]|[3, 1, 1, 3, 1, 0, 0, 3, 0, 3, 3, 0, 3, 0, 1, 1, 1, 1, 1, 3]|[0, 1, 1, 0, 1, 1, 1, 2, 1, 0, 0, 1, 0, 0, 1, 1, 1, 1, 1, 0];[2, 19, 8, 14, 6, 13, 5, 15, 4, 11, 7, 12, 17, 16, 3, 9, 1, 0, 10, 18]|[0, 1, 1, 0, 1, 2, 2, 0, 2, 0, 0, 2, 0, 2, 1, 1, 1, 1, 1, 0]|[3, 1, 1, 3, 1, 0, 0, 3, 0, 3, 3, 0, 3, 0, 1, 1, 1, 1, 1, 3]|[0, 1, 1, 0, 1, 1, 1, 2, 1, 0, 0, 1, 0, 0, 1, 1, 1, 1, 1, 0];[19, 14, 5, 4, 16, 2, 3, 9, 17, 6, 15, 11, 7, 8, 12, 10, 13, 18, 0, 1]|[1, 0, 2, 1, 2, 2, 1, 0, 0, 1, 1, 0, 0, 1, 2, 2, 2, 1, 0, 0]|[0, 0, 1, 1, 0, 1, 0, 3, 3, 0, 1, 0, 3, 1, 0, 0, 0, 1, 3, 3]|[1, 2, 1, 0, 0, 1, 1, 0, 0, 0, 1, 1, 0, 1, 1, 1, 0, 1, 2, 0];[19, 14, 5, 4, 16, 2, 3, 9, 17, 6, 15, 11, 7, 8, 12, 10, 13, 18, 0, 1]|[1, 0, 2, 1, 2, 2, 1, 0, 0, 1, 1, 0, 0, 1, 2, 2, 2, 1, 0, 0]|[0, 0, 1, 1, 0, 1, 0, 3, 3, 0, 1, 0, 3, 1, 0, 0, 0, 1, 3, 3]|[1, 2, 1, 0, 0, 1, 1, 0, 0, 0, 1, 1, 0, 1, 1, 1, 0, 1, 2, 0];[19, 14, 5, 4, 16, 2, 3, 9, 17, 6, 15, 11, 7, 8, 12, 10, 13, 18, 0, 1]|[1, 0, 2, 1, 2, 2, 1, 0, 0, 1, 1, 0, 0, 1, 2, 2, 2, 1, 0, 0]|[0, 0, 1, 1, 0, 1, 0, 3, 3, 0, 1, 0, 3, 1, 0, 0, 0, 1, 3, 3]|[1, 2, 1, 0, 0, 1, 1, 0, 0, 0, 1, 1, 0, 1, 1, 1, 0, 1, 2, 0];[19, 14, 5, 4, 16, 2, 3, 9, 17, 6, 15, 11, 7, 8, 12, 10, 13, 18, 0, 1]|[1, 0, 2, 1, 2, 2, 1, 0, 0, 1, 1, 0, 0, 1, 2, 2, 2, 1, 0, 0]|[0, 0, 1, 1, 0, 1, 0, 3, 3, 0, 1, 0, 3, 1, 0, 0, 0, 1, 3, 3]|[1, 2, 1, 0, 0, 1, 1, 0, 0, 0, 1, 1, 0, 1, 1, 1, 0, 1, 2, 0];[2, 1, 12, 8, 10, 3, 5, 6, 13, 7, 0, 18, 15, 9, 14, 16, 4, 17, 19, 11]|[2, 1, 1, 0, 0, 1, 2, 0, 1, 1, 0, 0, 1, 1, 0, 2, 1, 2, 2, 0]|[1, 1, 1, 3, 3, 1, 0, 3, 1, 1, 3, 3, 1, 1, 3, 0, 1, 0, 0, 3]|[1, 1, 1, 0, 0, 1, 1, 2, 1, 1, 0, 0, 1, 1, 2, 0, 1, 1, 1, 0];[2, 1, 12, 8, 10, 3, 5, 6, 13, 7, 0, 18, 15, 9, 14, 16, 4, 17, 19, 11]|[2, 1, 1, 0, 0, 1, 2, 0, 1, 1, 0, 0, 1, 1, 0, 2, 1, 2, 2, 0]|[1, 1, 1, 3, 3, 1, 0, 3, 1, 1, 3, 3, 1, 1, 3, 0, 1, 0, 0, 3]|[1, 1, 1, 0, 0, 1, 1, 2, 1, 1, 0, 0, 1, 1, 2, 0, 1, 1, 1, 0];[2, 1, 12, 8, 10, 3, 5, 6, 13, 7, 0, 18, 15, 9, 14, 16, 4, 17, 19, 11]|[2, 1, 1, 0, 0, 1, 2, 0, 1, 1, 0, 0, 1, 1, 0, 2, 1, 2, 2, 0]|[1, 1, 1, 3, 3, 1, 0, 3, 1, 1, 3, 3, 1, 1, 3, 0, 1, 0, 0, 3]|[1, 1, 1, 0, 0, 1, 1, 2, 1, 1, 0, 0, 1, 1, 2, 0, 1, 1, 1, 0];[2, 1, 12, 8, 10, 3, 5, 6, 13, 7, 0, 18, 15, 9, 14, 16, 4, 17, 19, 11]|[2, 1, 1, 0, 0, 1, 2, 0, 1, 1, 0, 0, 1, 1, 0, 2, 1, 2, 2, 0]|[1, 1, 1, 3, 3, 1, 0, 3, 1, 1, 3, 3, 1, 1, 3, 0, 1, 0, 0, 3]|[1, 1, 1, 0, 0, 1, 1, 2, 1, 1, 0, 0, 1, 1, 2, 0, 1, 1, 1, 0];[5, 2, 14, 10, 4, 13, 16, 19, 17, 0, 11, 9, 12, 3, 18, 15, 6, 1, 7, 8]|[0, 1, 0, 2, 1, 1, 2, 2, 1, 0, 1, 2, 2, 0, 0, 2, 1, 2, 1, 0]|[0, 0, 3, 1, 1, 1, 0, 1, 0, 3, 0, 0, 1, 0, 3, 0, 1, 0, 1, 3]|[0, 0, 2, 1, 1, 1, 0, 1, 1, 2, 0, 0, 0, 1, 0, 1, 1, 1, 1, 0];[5, 2, 14, 10, 4, 13, 16, 19, 17, 0, 11, 9, 12, 3, 18, 15, 6, 1, 7, 8]|[0, 1, 0, 2, 1, 1, 2, 2, 1, 0, 1, 2, 2, 0, 0, 2, 1, 2, 1, 0]|[0, 0, 3, 1, 1, 1, 0, 1, 0, 3, 0, 0, 1, 0, 3, 0, 1, 0, 1, 3]|[0, 0, 2, 1, 1, 1, 0, 1, 1, 2, 0, 0, 0, 1, 0, 1, 1, 1, 1, 0];[5, 2, 14, 10, 4, 13, 16, 19, 17, 0, 11, 9, 12, 3, 18, 15, 6, 1, 7, 8]|[0, 1, 0, 2, 1, 1, 2, 2, 1, 0, 1, 2, 2, 0, 0, 2, 1, 2, 1, 0]|[0, 0, 3, 1, 1, 1, 0, 1, 0, 3, 0, 0, 1, 0, 3, 0, 1, 0, 1, 3]|[0, 0, 2, 1, 1, 1, 0, 1, 1, 2, 0, 0, 0, 1, 0, 1, 1, 1, 1, 0];[5, 2, 14, 10, 4, 13, 16, 19, 17, 0, 11, 9, 12, 3, 18, 15, 6, 1, 7, 8]|[0, 1, 0, 2, 1, 1, 2, 2, 1, 0, 1, 2, 2, 0, 0, 2, 1, 2, 1, 0]|[0, 0, 3, 1, 1, 1, 0, 1, 0, 3, 0, 0, 1, 0, 3, 0, 1, 0, 1, 3]|[0, 0, 2, 1, 1, 1, 0, 1, 1, 2, 0, 0, 0, 1, 0, 1, 1, 1, 1, 0];[5, 4, 14, 10, 2, 6, 3, 0, 17, 12, 11, 1, 16, 18, 7, 15, 9, 13, 19, 8]|[0, 1, 0, 2, 1, 2, 2, 1, 1, 0, 0, 1, 0, 2, 0, 1, 2, 1, 1, 0]|[3, 1, 3, 0, 1, 0, 0, 1, 1, 3, 3, 1, 3, 0, 3, 1, 0, 1, 1, 3]|[0, 1, 2, 1, 1, 0, 1, 1, 1, 0, 0, 1, 2, 1, 0, 1, 1, 1, 1, 0];[5, 4, 14, 10, 2, 6, 3, 0, 17, 12, 11, 1, 16, 18, 7, 15, 9, 13, 19, 8]|[0, 1, 0, 2, 1, 2, 2, 1, 1, 0, 0, 1, 0, 2, 0, 1, 2, 1, 1, 0]|[3, 1, 3, 0, 1, 0, 0, 1, 1, 3, 3, 1, 3, 0, 3, 1, 0, 1, 1, 3]|[0, 1, 2, 1, 1, 0, 1, 1, 1, 0, 0, 1, 2, 1, 0, 1, 1, 1, 1, 0];[5, 4, 14, 10, 2, 6, 3, 0, 17, 12, 11, 1, 16, 18, 7, 15, 9, 13, 19, 8]|[0, 1, 0, 2, 1, 2, 2, 1, 1, 0, 0, 1, 0, 2, 0, 1, 2, 1, 1, 0]|[3, 1, 3, 0, 1, 0, 0, 1, 1, 3, 3, 1, 3, 0, 3, 1, 0, 1, 1, 3]|[0, 1, 2, 1, 1, 0, 1, 1, 1, 0, 0, 1, 2, 1, 0, 1, 1, 1, 1, 0];[2, 19, 15, 12, 10, 9, 14, 5, 16, 18, 11, 6, 4, 3, 0, 8, 17, 7, 1, 13]|[1, 0, 0, 0, 2, 2, 2, 0, 1, 0, 2, 1, 1, 2, 0, 0, 0, 0, 0, 1]|[1, 3, 3, 3, 1, 1, 0, 3, 1, 0, 1, 1, 1, 1, 3, 3, 2, 3, 3, 1]|[0, 0, 2, 0, 1, 0, 0, 2, 1, 1, 1, 1, 0, 1, 1, 2, 0, 0, 1, 1];[2, 12, 15, 19, 10, 14, 9, 1, 16, 3, 7, 13, 4, 18, 0, 6, 11, 8, 5, 17]|[0, 0, 0, 0, 2, 2, 0, 0, 1, 0, 2, 1, 0, 1, 2, 0, 0, 0, 2, 1]|[0, 3, 3, 3, 1, 1, 3, 3, 1, 3, 1, 1, 3, 1, 1, 3, 3, 3, 1, 1]|[1, 0, 2, 0, 1, 0, 2, 0, 1, 2, 1, 0, 0, 1, 0, 1, 0, 2, 1, 1];[2, 12, 15, 19, 10, 14, 9, 1, 16, 13, 3, 4, 7, 6, 0, 18, 11, 8, 5, 17]|[0, 0, 0, 0, 2, 2, 0, 0, 1, 0, 2, 1, 0, 1, 2, 0, 0, 0, 2, 1]|[3, 0, 3, 3, 1, 1, 3, 3, 1, 3, 1, 1, 3, 1, 1, 3, 2, 3, 0, 1]|[1, 0, 2, 1, 1, 0, 2, 0, 1, 2, 1, 0, 0, 1, 0, 1, 0, 2, 1, 1];[2, 12, 15, 19, 10, 14, 9, 1, 16, 13, 3, 4, 7, 6, 5, 0, 18, 17, 8, 11]|[0, 0, 0, 0, 2, 2, 0, 0, 1, 0, 2, 1, 0, 1, 2, 0, 0, 0, 2, 1]|[3, 3, 3, 3, 1, 1, 3, 3, 1, 3, 1, 1, 3, 1, 1, 3, 2, 3, 1, 1]|[0, 1, 2, 0, 1, 0, 2, 1, 1, 2, 1, 0, 0, 1, 1, 1, 0, 2, 1, 1];[2, 12, 15, 14, 9, 6, 10, 1, 16, 13, 3, 4, 8, 5, 11, 0, 18, 17, 7, 19]|[0, 0, 0, 0, 2, 2, 0, 0, 1, 0, 2, 1, 0, 1, 2, 0, 0, 0, 2, 1]|[0, 3, 3, 3, 1, 1, 3, 3, 1, 3, 1, 1, 3, 1, 0, 3, 3, 3, 1, 1]|[1, 0, 2, 0, 1, 0, 2, 1, 1, 2, 1, 0, 0, 1, 1, 1, 0, 0, 0, 0];[9, 12, 17, 18, 11, 19, 13, 0, 8, 1, 4, 6, 15, 14, 3, 5, 16, 10, 2, 7]|[2, 0, 0, 0, 0, 1, 0, 0, 1, 1, 2, 1, 0, 0, 1, 2, 2, 2, 0, 0]|[0, 3, 3, 3, 3, 1, 3, 3, 1, 1, 0, 1, 3, 3, 1, 0, 1, 0, 3, 3]|[1, 0, 0, 2, 0, 1, 2, 0, 1, 1, 1, 1, 0, 2, 1, 1, 0, 1, 0, 0];[2, 4, 15, 19, 10, 14, 3, 1, 16, 9, 7, 13, 12, 18, 0, 6, 11, 8, 5, 17]|[0, 0, 0, 0, 2, 2, 0, 0, 1, 0, 2, 1, 0, 1, 2, 0, 0, 0, 2, 1]|[3, 0, 3, 3, 1, 1, 3, 3, 1, 3, 1, 1, 3, 1, 1, 3, 3, 3, 1, 1]|[1, 0, 2, 0, 1, 0, 2, 0, 1, 2, 1, 0, 0, 1, 0, 1, 0, 2, 1, 1];[2, 19, 8, 14, 9, 6, 18, 12, 13, 1, 7, 0, 4, 10, 11, 16, 3, 15, 5, 17]|[0, 1, 1, 0, 2, 1, 0, 1, 2, 1, 0, 2, 0, 0, 2, 2, 1, 1, 1, 0]|[3, 1, 1, 3, 0, 1, 3, 1, 0, 1, 3, 0, 3, 3, 0, 0, 1, 1, 1, 3]|[0, 1, 1, 2, 1, 1, 0, 1, 0, 1, 2, 1, 0, 2, 0, 1, 1, 1, 1, 0]	sBp=[19, 17, 11, 5, 9, 6, 4, 10, 14, 2, 16, 12, 15, 3, 0, 1, 13, 8, 18, 7]|[2, 1, 1, 2, 2, 1, 2, 0, 1, 1, 2, 2, 0, 0, 0, 2, 1, 0, 1, 0]|[1, 0, 1, 1, 0, 1, 1, 2, 1, 0, 0, 0, 3, 0, 0, 0, 1, 3, 1, 1]|[1, 0, 1, 1, 0, 1, 1, 1, 1, 0, 0, 0, 0, 0, 2, 1, 1, 0, 1, 1];[2, 19, 8, 14, 9, 6, 18, 12, 13, 1, 7, 0, 4, 10, 11, 16, 3, 15, 5, 17]|[0, 1, 1, 0, 2, 1, 0, 1, 2, 1, 0, 2, 0, 0, 2, 2, 1, 1, 1, 0]|[3, 1, 1, 3, 0, 1, 3, 1, 0, 1, 3, 0, 3, 3, 0, 0, 1, 1, 1, 3]|[0, 1, 1, 2, 1, 1, 0, 1, 0, 1, 2, 1, 0, 2, 0, 1, 1, 1, 1, 0];[2, 19, 15, 12, 10, 14, 9, 18, 16, 13, 3, 4, 8, 6, 1, 11, 0, 7, 5, 17]|[0, 0, 0, 0, 2, 2, 2, 0, 1, 0, 2, 1, 0, 1, 0, 0, 0, 0, 2, 1]|[0, 3, 3, 3, 1, 1, 1, 3, 1, 3, 1, 1, 2, 1, 3, 3, 3, 3, 1, 1]|[1, 0, 2, 0, 1, 0, 0, 1, 1, 2, 1, 0, 0, 1, 1, 0, 2, 1, 0, 0];[1, 19, 8, 14, 5, 13, 6, 16, 3, 0, 12, 4, 2, 15, 17, 10, 9, 11, 7, 18]|[0, 1, 1, 0, 2, 1, 2, 2, 1, 0, 0, 2, 0, 1, 0, 1, 1, 2, 1, 0]|[3, 1, 1, 3, 0, 1, 0, 0, 0, 0, 3, 0, 3, 0, 3, 1, 1, 0, 1, 3]|[0, 1, 1, 2, 1, 0, 0, 1, 1, 1, 0, 1, 2, 1, 1, 1, 1, 1, 1, 0];[2, 19, 6, 15, 3, 4, 16, 5, 1, 11, 10, 0, 18, 12, 7, 13, 17, 8, 9, 14]|[0, 1, 1, 0, 2, 1, 2, 2, 1, 0, 0, 2, 0, 1, 0, 1, 1, 2, 1, 0]|[3, 1, 0, 3, 0, 1, 0, 0, 0, 0, 3, 0, 3, 1, 3, 1, 1, 0, 1, 3]|[0, 1, 1, 2, 1, 0, 0, 1, 1, 1, 0, 1, 2, 1, 1, 1, 1, 1, 1, 0];[1, 19, 13, 14, 2, 4, 16, 5, 3, 10, 12, 6, 11, 18, 7, 9, 15, 0, 17, 8]|[0, 1, 1, 0, 2, 1, 2, 2, 1, 0, 0, 2, 0, 1, 0, 1, 1, 2, 1, 0]|[3, 1, 1, 3, 0, 1, 0, 0, 0, 0, 3, 0, 3, 0, 3, 1, 1, 0, 1, 3]|[0, 1, 1, 2, 1, 0, 0, 1, 1, 0, 0, 1, 2, 1, 1, 1, 1, 1, 1, 0];[1, 19, 13, 14, 2, 4, 16, 5, 3, 10, 12, 6, 11, 18, 7, 9, 15, 0, 17, 8]|[0, 1, 1, 0, 2, 1, 2, 2, 1, 0, 0, 2, 0, 1, 0, 1, 1, 2, 1, 0]|[3, 1, 1, 3, 0, 1, 0, 0, 0, 0, 3, 0, 3, 0, 3, 1, 1, 0, 1, 3]|[0, 1, 1, 2, 1, 0, 0, 1, 1, 0, 0, 1, 2, 1, 1, 1, 1, 1, 1, 0];[1, 19, 14, 2, 17, 18, 5, 15, 12, 6, 16, 10, 11, 4, 0, 7, 13, 8, 3, 9]|[0, 1, 0, 2, 2, 1, 0, 1, 1, 2, 2, 0, 0, 2, 0, 1, 1, 1, 1, 0]|[3, 1, 3, 0, 0, 1, 3, 1, 1, 0, 0, 0, 3, 0, 3, 1, 1, 1, 1, 3]|[0, 1, 2, 1, 0, 1, 0, 1, 1, 0, 1, 1, 0, 1, 2, 1, 1, 1, 1, 0];[1, 19, 14, 2, 17, 18, 5, 15, 12, 6, 16, 10, 11, 4, 0, 7, 13, 8, 3, 9]|[0, 1, 0, 2, 2, 1, 0, 1, 1, 2, 2, 0, 0, 2, 0, 1, 1, 1, 1, 0]|[3, 1, 3, 0, 0, 1, 3, 1, 1, 0, 0, 0, 3, 0, 3, 1, 1, 1, 1, 3]|[0, 1, 2, 1, 0, 1, 0, 1, 1, 0, 1, 1, 0, 1, 2, 1, 1, 1, 1, 0];[5, 2, 13, 14, 19, 4, 16, 6, 3, 18, 15, 9, 8, 7, 1, 12, 11, 10, 17, 0]|[0, 1, 1, 0, 2, 1, 2, 2, 1, 0, 0, 2, 0, 1, 0, 1, 1, 2, 1, 0]|[3, 1, 0, 3, 0, 1, 0, 0, 0, 0, 3, 0, 3, 0, 2, 1, 1, 0, 1, 3]|[0, 1, 1, 2, 0, 0, 1, 1, 1, 0, 0, 1, 2, 1, 1, 1, 1, 1, 1, 0];[1, 2, 13, 14, 19, 4, 16, 5, 3, 10, 11, 17, 8, 15, 9, 0, 6, 12, 7, 18]|[0, 1, 1, 0, 2, 1, 2, 2, 1, 0, 0, 2, 0, 1, 0, 1, 1, 2, 1, 0]|[3, 1, 0, 3, 1, 1, 0, 0, 0, 0, 3, 0, 3, 1, 0, 1, 1, 0, 1, 3]|[0, 1, 1, 2, 1, 0, 0, 1, 1, 1, 0, 1, 2, 1, 1, 1, 1, 1, 1, 0];[2, 19, 13, 15, 6, 3, 16, 5, 10, 0, 11, 14, 8, 17, 7, 12, 4, 9, 18, 1]|[0, 1, 1, 0, 2, 1, 2, 2, 1, 0, 0, 2, 0, 1, 0, 1, 1, 2, 1, 0]|[3, 1, 1, 3, 1, 1, 0, 1, 0, 0, 3, 0, 3, 0, 0, 1, 1, 0, 1, 3]|[2, 1, 1, 2, 1, 0, 0, 1, 1, 0, 0, 1, 2, 1, 1, 1, 1, 0, 1, 0];[1, 2, 13, 14, 19, 4, 16, 5, 3, 10, 11, 17, 8, 12, 7, 6, 15, 0, 9, 18]|[0, 1, 1, 0, 2, 1, 2, 2, 1, 0, 0, 2, 0, 1, 0, 1, 1, 2, 1, 0]|[3, 1, 0, 3, 1, 1, 0, 0, 0, 0, 3, 0, 3, 1, 0, 1, 1, 0, 1, 3]|[0, 1, 1, 2, 1, 0, 1, 1, 1, 1, 0, 1, 2, 1, 1, 1, 1, 1, 1, 0];[11, 10, 4, 2, 3, 17, 15, 12, 7, 1, 9, 18, 8, 16, 5, 6, 0, 19, 13, 14]|[0, 0, 1, 0, 1, 2, 1, 1, 1, 1, 1, 0, 0, 2, 2, 1, 2, 2, 2, 0]|[0, 3, 1, 3, 1, 0, 1, 1, 1, 1, 1, 3, 3, 0, 1, 1, 0, 0, 0, 3]|[1, 0, 1, 0, 1, 0, 1, 1, 1, 1, 1, 2, 0, 0, 1, 1, 0, 1, 1, 0];[1, 19, 13, 14, 2, 8, 6, 16, 3, 10, 11, 4, 0, 7, 5, 15, 12, 17, 18, 9]|[0, 1, 1, 0, 2, 1, 2, 2, 1, 0, 0, 2, 0, 1, 0, 1, 1, 2, 1, 0]|[3, 1, 1, 3, 0, 1, 0, 0, 0, 0, 3, 0, 3, 0, 3, 1, 1, 0, 1, 3]|[0, 1, 1, 2, 1, 0, 0, 1, 1, 1, 0, 1, 2, 1, 0, 1, 1, 0, 1, 0];[1, 19, 13, 14, 2, 8, 6, 16, 3, 10, 11, 4, 0, 7, 5, 15, 12, 17, 18, 9]|[0, 1, 1, 0, 2, 1, 2, 2, 1, 0, 0, 2, 0, 1, 0, 1, 1, 2, 1, 0]|[3, 1, 1, 3, 0, 1, 0, 0, 0, 0, 3, 0, 3, 0, 3, 1, 1, 0, 1, 3]|[0, 1, 1, 2, 1, 0, 0, 1, 1, 1, 0, 1, 2, 1, 0, 1, 1, 0, 1, 0];[2, 12, 15, 19, 10, 14, 16, 13, 0, 3, 4, 7, 9, 6, 5, 1, 11, 18, 17, 8]|[0, 0, 0, 0, 2, 2, 1, 0, 0, 2, 1, 0, 0, 1, 2, 0, 0, 0, 2, 1]|[0, 3, 3, 3, 1, 1, 1, 3, 3, 1, 1, 3, 3, 1, 1, 3, 2, 3, 1, 1]|[1, 0, 2, 0, 1, 0, 1, 2, 1, 1, 0, 0, 2, 1, 1, 1, 0, 2, 0, 1];[2, 12, 15, 19, 10, 14, 16, 13, 0, 3, 4, 7, 9, 6, 5, 1, 11, 18, 17, 8]|[0, 0, 0, 0, 2, 2, 1, 0, 0, 2, 1, 0, 0, 1, 2, 0, 0, 0, 2, 1]|[0, 3, 3, 3, 1, 1, 1, 3, 3, 1, 1, 3, 3, 1, 1, 3, 2, 3, 1, 1]|[1, 0, 2, 0, 1, 0, 1, 2, 1, 1, 0, 0, 2, 1, 1, 1, 0, 2, 0, 1];[2, 12, 15, 19, 10, 14, 16, 13, 0, 3, 4, 7, 9, 6, 5, 1, 11, 18, 17, 8]|[0, 0, 0, 0, 2, 2, 1, 0, 0, 2, 1, 0, 0, 1, 2, 0, 0, 0, 2, 1]|[0, 3, 3, 3, 1, 1, 1, 3, 3, 1, 1, 3, 3, 1, 1, 3, 2, 3, 1, 1]|[1, 0, 2, 0, 1, 0, 1, 2, 1, 1, 0, 0, 2, 1, 1, 1, 0, 2, 0, 1];[2, 12, 15, 19, 10, 14, 16, 13, 0, 3, 4, 7, 9, 6, 5, 1, 11, 18, 17, 8]|[0, 0, 0, 0, 2, 2, 1, 0, 0, 2, 1, 0, 0, 1, 2, 0, 0, 0, 2, 1]|[0, 3, 3, 3, 1, 1, 1, 3, 3, 1, 1, 3, 3, 1, 1, 3, 2, 3, 1, 1]|[1, 0, 2, 0, 1, 0, 1, 2, 1, 1, 0, 0, 2, 1, 1, 1, 0, 2, 0, 1];[1, 19, 13, 14, 2, 4, 16, 5, 3, 12, 10, 6, 11, 18, 7, 9, 15, 0, 17, 8]|[0, 1, 1, 0, 2, 2, 2, 2, 1, 0, 0, 1, 0, 1, 0, 2, 1, 2, 1, 0]|[1, 1, 1, 3, 0, 0, 0, 0, 0, 3, 0, 1, 3, 0, 3, 1, 1, 0, 1, 3]|[0, 1, 1, 2, 1, 1, 0, 1, 1, 0, 0, 0, 2, 1, 1, 0, 1, 1, 1, 0];[1, 19, 13, 14, 2, 4, 16, 5, 3, 12, 10, 6, 11, 18, 7, 9, 15, 0, 17, 8]|[0, 1, 1, 0, 2, 2, 2, 2, 1, 0, 0, 1, 0, 1, 0, 2, 1, 2, 1, 0]|[1, 1, 1, 3, 0, 0, 0, 0, 0, 3, 0, 1, 3, 0, 3, 1, 1, 0, 1, 3]|[0, 1, 1, 2, 1, 1, 0, 1, 1, 0, 0, 0, 2, 1, 1, 0, 1, 1, 1, 0];[2, 12, 15, 9, 10, 14, 19, 0, 16, 13, 3, 4, 7, 6, 11, 1, 18, 8, 17, 5]|[0, 0, 0, 0, 2, 2, 0, 0, 1, 0, 2, 1, 0, 1, 2, 0, 0, 0, 2, 1]|[0, 1, 3, 3, 1, 1, 3, 3, 1, 3, 1, 1, 3, 1, 1, 3, 2, 3, 1, 1]|[1, 0, 2, 2, 1, 0, 0, 1, 1, 2, 1, 0, 0, 1, 1, 1, 0, 2, 0, 0];[2, 12, 15, 9, 10, 14, 19, 0, 16, 13, 3, 4, 7, 6, 11, 1, 18, 8, 17, 5]|[0, 0, 0, 0, 2, 2, 0, 0, 1, 0, 2, 1, 0, 1, 2, 0, 0, 0, 2, 1]|[0, 1, 3, 3, 1, 1, 3, 3, 1, 3, 1, 1, 3, 1, 1, 3, 2, 3, 1, 1]|[1, 0, 2, 2, 1, 0, 0, 1, 1, 2, 1, 0, 0, 1, 1, 1, 0, 2, 0, 0];[2, 19, 13, 15, 6, 3, 16, 10, 0, 11, 14, 8, 17, 7, 12, 4, 9, 5, 18, 1]|[0, 2, 1, 0, 2, 1, 2, 1, 0, 0, 2, 0, 1, 0, 1, 1, 2, 2, 1, 0]|[3, 1, 1, 3, 1, 1, 0, 0, 0, 3, 0, 3, 0, 0, 1, 1, 0, 1, 1, 3]|[2, 1, 1, 2, 1, 0, 0, 1, 0, 0, 1, 2, 1, 1, 1, 1, 0, 1, 1, 0];[2, 19, 13, 15, 6, 3, 16, 10, 0, 11, 14, 8, 17, 7, 12, 4, 9, 5, 18, 1]|[0, 2, 1, 0, 2, 1, 2, 1, 0, 0, 2, 0, 1, 0, 1, 1, 2, 2, 1, 0]|[3, 1, 1, 3, 1, 1, 0, 0, 0, 3, 0, 3, 0, 0, 1, 1, 0, 1, 1, 3]|[2, 1, 1, 2, 1, 0, 0, 1, 0, 0, 1, 2, 1, 1, 1, 1, 0, 1, 1, 0];[2, 19, 8, 12, 10, 14, 1, 16, 15, 3, 4, 7, 6, 11, 0, 13, 18, 9, 17, 5]|[0, 0, 0, 0, 2, 2, 0, 1, 0, 2, 1, 0, 1, 2, 0, 0, 0, 0, 2, 1]|[0, 3, 3, 3, 1, 1, 3, 1, 3, 1, 1, 3, 1, 1, 3, 2, 3, 3, 0, 1]|[1, 0, 2, 0, 1, 0, 1, 1, 2, 1, 0, 0, 1, 1, 1, 0, 2, 0, 0, 0];[2, 19, 8, 12, 10, 14, 1, 16, 15, 3, 4, 7, 6, 11, 0, 13, 18, 9, 17, 5]|[0, 0, 0, 0, 2, 2, 0, 1, 0, 2, 1, 0, 1, 2, 0, 0, 0, 0, 2, 1]|[0, 3, 3, 3, 1, 1, 3, 1, 3, 1, 1, 3, 1, 1, 3, 2, 3, 3, 0, 1]|[1, 0, 2, 0, 1, 0, 1, 1, 2, 1, 0, 0, 1, 1, 1, 0, 2, 0, 0, 0];[2, 19, 8, 12, 10, 14, 1, 16, 15, 3, 4, 7, 6, 11, 0, 13, 18, 9, 17, 5]|[0, 0, 0, 0, 2, 2, 0, 1, 0, 2, 1, 0, 1, 2, 0, 0, 0, 0, 2, 1]|[0, 3, 3, 3, 1, 1, 3, 1, 3, 1, 1, 3, 1, 1, 3, 2, 3, 3, 0, 1]|[1, 0, 2, 0, 1, 0, 1, 1, 2, 1, 0, 0, 1, 1, 1, 0, 2, 0, 0, 0];[2, 19, 8, 12, 10, 14, 1, 16, 15, 3, 4, 7, 6, 11, 0, 13, 18, 9, 17, 5]|[0, 0, 0, 0, 2, 2, 0, 1, 0, 2, 1, 0, 1, 2, 0, 0, 0, 0, 2, 1]|[0, 3, 3, 3, 1, 1, 3, 1, 3, 1, 1, 3, 1, 1, 3, 2, 3, 3, 0, 1]|[1, 0, 2, 0, 1, 0, 1, 1, 2, 1, 0, 0, 1, 1, 1, 0, 2, 0, 0, 0];[2, 19, 15, 3, 10, 14, 18, 16, 12, 4, 0, 13, 17, 11, 5, 9, 1, 8, 6, 7]|[0, 0, 0, 0, 2, 2, 0, 1, 2, 1, 0, 0, 0, 2, 1, 0, 0, 0, 2, 1]|[0, 3, 3, 3, 1, 1, 2, 1, 1, 1, 3, 3, 3, 1, 1, 3, 3, 3, 1, 1]|[1, 0, 2, 0, 1, 0, 0, 1, 1, 0, 1, 2, 0, 1, 1, 2, 1, 0, 0, 0];[2, 1, 13, 14, 19, 4, 16, 5, 3, 10, 11, 17, 6, 7, 18, 9, 15, 0, 12, 8]|[0, 1, 1, 0, 2, 1, 2, 2, 1, 0, 0, 2, 0, 1, 0, 1, 1, 2, 1, 0]|[3, 1, 1, 3, 0, 1, 0, 0, 0, 0, 3, 0, 3, 0, 3, 1, 1, 0, 1, 3]|[0, 1, 1, 2, 1, 0, 0, 1, 1, 0, 0, 1, 2, 1, 0, 1, 1, 1, 1, 0];[2, 12, 15, 19, 10, 14, 9, 1, 16, 13, 3, 4, 7, 6, 11, 0, 17, 8, 5, 18]|[0, 0, 0, 0, 2, 2, 0, 0, 1, 0, 2, 1, 0, 1, 2, 0, 0, 0, 2, 1]|[0, 3, 3, 3, 1, 1, 3, 3, 1, 3, 1, 1, 3, 1, 1, 3, 2, 3, 1, 1]|[1, 0, 2, 0, 1, 0, 2, 1, 1, 2, 1, 0, 0, 1, 1, 1, 0, 2, 0, 0];[2, 12, 15, 19, 10, 14, 9, 1, 16, 13, 3, 4, 7, 6, 11, 0, 17, 8, 5, 18]|[0, 0, 0, 0, 2, 2, 0, 0, 1, 0, 2, 1, 0, 1, 2, 0, 0, 0, 2, 1]|[0, 3, 3, 3, 1, 1, 3, 3, 1, 3, 1, 1, 3, 1, 1, 3, 2, 3, 1, 1]|[1, 0, 2, 0, 1, 0, 2, 1, 1, 2, 1, 0, 0, 1, 1, 1, 0, 2, 0, 0];[2, 12, 15, 19, 10, 14, 9, 1, 16, 13, 3, 4, 7, 6, 11, 0, 17, 8, 5, 18]|[0, 0, 0, 0, 2, 2, 0, 0, 1, 0, 2, 1, 0, 1, 2, 0, 0, 0, 2, 1]|[0, 3, 3, 3, 1, 1, 3, 3, 1, 3, 1, 1, 3, 1, 1, 3, 2, 3, 1, 1]|[1, 0, 2, 0, 1, 0, 2, 1, 1, 2, 1, 0, 0, 1, 1, 1, 0, 2, 0, 0];[2, 12, 15, 19, 10, 14, 9, 1, 16, 13, 3, 4, 7, 6, 11, 0, 17, 8, 5, 18]|[0, 0, 0, 0, 2, 2, 0, 0, 1, 0, 2, 1, 0, 1, 2, 0, 0, 0, 2, 1]|[0, 3, 3, 3, 1, 1, 3, 3, 1, 3, 1, 1, 3, 1, 1, 3, 2, 3, 1, 1]|[1, 0, 2, 0, 1, 0, 2, 1, 1, 2, 1, 0, 0, 1, 1, 1, 0, 2, 0, 0];[2, 19, 15, 3, 10, 14, 18, 16, 12, 4, 0, 13, 17, 11, 5, 9, 1, 8, 6, 7]|[0, 0, 0, 0, 2, 2, 0, 1, 2, 1, 0, 0, 0, 2, 1, 0, 0, 0, 2, 1]|[0, 3, 3, 3, 1, 1, 2, 1, 1, 1, 3, 3, 3, 1, 1, 3, 3, 3, 1, 1]|[1, 0, 2, 0, 1, 0, 0, 1, 1, 0, 1, 2, 0, 1, 1, 2, 1, 0, 0, 0];[2, 12, 15, 19, 10, 14, 9, 1, 16, 13, 7, 4, 6, 5, 11, 0, 18, 8, 17, 3]|[0, 0, 0, 0, 2, 2, 0, 0, 1, 0, 2, 1, 0, 1, 2, 0, 0, 0, 2, 1]|[0, 3, 3, 3, 1, 1, 3, 3, 1, 3, 1, 1, 3, 1, 1, 3, 2, 3, 1, 1]|[1, 0, 2, 0, 1, 0, 2, 1, 1, 2, 1, 0, 0, 1, 1, 1, 0, 2, 0, 0];[5, 2, 19, 14, 16, 6, 13, 4, 11, 8, 17, 15, 1, 10, 0, 7, 9, 18, 12, 3]|[0, 1, 1, 0, 2, 2, 1, 2, 1, 2, 0, 1, 0, 2, 0, 0, 1, 2, 1, 0]|[3, 1, 1, 3, 0, 0, 1, 0, 1, 0, 0, 1, 3, 0, 3, 3, 0, 0, 1, 3]|[2, 1, 1, 0, 1, 0, 1, 1, 1, 0, 0, 1, 2, 1, 2, 0, 1, 1, 1, 0];[5, 2, 19, 14, 16, 6, 13, 4, 11, 8, 17, 15, 1, 10, 0, 7, 9, 18, 12, 3]|[0, 1, 1, 0, 2, 2, 1, 2, 1, 2, 0, 1, 0, 2, 0, 0, 1, 2, 1, 0]|[3, 1, 1, 3, 0, 0, 1, 0, 1, 0, 0, 1, 3, 0, 3, 3, 0, 0, 1, 3]|[2, 1, 1, 0, 1, 0, 1, 1, 1, 0, 0, 1, 2, 1, 2, 0, 1, 1, 1, 0];[5, 2, 19, 14, 16, 6, 13, 4, 11, 8, 17, 15, 1, 10, 0, 7, 9, 18, 12, 3]|[0, 1, 1, 0, 2, 2, 1, 2, 1, 2, 0, 1, 0, 2, 0, 0, 1, 2, 1, 0]|[3, 1, 1, 3, 0, 0, 1, 0, 1, 0, 0, 1, 3, 0, 3, 3, 0, 0, 1, 3]|[2, 1, 1, 0, 1, 0, 1, 1, 1, 0, 0, 1, 2, 1, 2, 0, 1, 1, 1, 0];[5, 2, 19, 14, 16, 6, 13, 4, 11, 8, 17, 15, 1, 10, 0, 7, 9, 18, 12, 3]|[0, 1, 1, 0, 2, 2, 1, 2, 1, 2, 0, 1, 0, 2, 0, 0, 1, 2, 1, 0]|[3, 1, 1, 3, 0, 0, 1, 0, 1, 0, 0, 1, 3, 0, 3, 3, 0, 0, 1, 3]|[2, 1, 1, 0, 1, 0, 1, 1, 1, 0, 0, 1, 2, 1, 2, 0, 1, 1, 1, 0];[5, 2, 14, 15, 4, 13, 16, 19, 3, 11, 10, 1, 8, 17, 6, 7, 12, 18, 9, 0]|[0, 1, 1, 0, 2, 1, 2, 2, 1, 0, 0, 2, 0, 1, 1, 0, 1, 2, 1, 0]|[0, 1, 0, 3, 0, 1, 0, 0, 0, 3, 3, 0, 3, 1, 1, 1, 1, 0, 1, 3]|[2, 1, 1, 0, 0, 0, 0, 1, 1, 0, 0, 1, 2, 1, 1, 0, 1, 0, 1, 0];[5, 2, 14, 10, 4, 13, 16, 19, 6, 1, 9, 15, 12, 7, 18, 11, 17, 3, 8, 0]|[0, 1, 1, 0, 2, 1, 2, 2, 1, 0, 1, 1, 2, 0, 0, 2, 1, 2, 1, 0]|[3, 1, 1, 3, 1, 1, 0, 0, 0, 0, 1, 1, 0, 2, 3, 0, 0, 0, 1, 3]|[0, 1, 1, 2, 1, 0, 0, 1, 1, 1, 1, 1, 1, 0, 2, 1, 0, 1, 1, 0];[9, 12, 19, 10, 13, 14, 8, 15, 11, 6, 0, 4, 3, 7, 16, 1, 2, 18, 17, 5]|[0, 0, 0, 0, 0, 2, 0, 0, 2, 1, 0, 1, 2, 0, 1, 2, 0, 0, 2, 1]|[3, 0, 3, 2, 3, 1, 2, 3, 0, 1, 3, 1, 1, 3, 1, 1, 3, 3, 1, 1]|[2, 1, 0, 0, 2, 0, 1, 2, 1, 1, 0, 0, 1, 0, 1, 1, 2, 0, 0, 1];[9, 12, 19, 10, 13, 14, 8, 15, 11, 6, 0, 4, 3, 7, 16, 1, 2, 18, 17, 5]|[0, 0, 0, 0, 0, 2, 0, 0, 2, 1, 0, 1, 2, 0, 1, 2, 0, 0, 2, 1]|[3, 0, 3, 2, 3, 1, 2, 3, 0, 1, 3, 1, 1, 3, 1, 1, 3, 3, 1, 1]|[2, 1, 0, 0, 2, 0, 1, 2, 1, 1, 0, 0, 1, 0, 1, 1, 2, 0, 0, 1];[1, 19, 13, 14, 2, 4, 16, 5, 3, 10, 12, 9, 6, 17, 8, 15, 18, 11, 7, 0]|[0, 1, 1, 0, 2, 1, 2, 2, 1, 0, 0, 2, 0, 1, 0, 1, 1, 2, 1, 0]|[3, 1, 0, 3, 0, 1, 1, 0, 0, 0, 3, 0, 2, 0, 3, 1, 1, 0, 1, 3]|[0, 1, 1, 2, 1, 0, 0, 1, 1, 0, 0, 0, 2, 1, 1, 0, 1, 1, 1, 0];[1, 6, 14, 2, 4, 16, 5, 13, 9, 17, 11, 10, 7, 15, 0, 3, 19, 12, 8, 18]|[0, 1, 0, 2, 1, 2, 2, 1, 0, 1, 0, 0, 1, 1, 0, 1, 2, 2, 1, 0]|[3, 0, 3, 1, 1, 0, 0, 0, 3, 1, 3, 0, 1, 1, 0, 0, 0, 0, 1, 3]|[0, 1, 2, 0, 0, 1, 1, 1, 2, 1, 0, 1, 1, 0, 1, 1, 0, 1, 1, 0];[1, 6, 14, 2, 4, 16, 5, 13, 9, 17, 11, 10, 7, 15, 0, 3, 19, 12, 8, 18]|[0, 1, 0, 2, 1, 2, 2, 1, 0, 1, 0, 0, 1, 1, 0, 1, 2, 2, 1, 0]|[3, 0, 3, 1, 1, 0, 0, 0, 3, 1, 3, 0, 1, 1, 0, 0, 0, 0, 1, 3]|[0, 1, 2, 0, 0, 1, 1, 1, 2, 1, 0, 1, 1, 0, 1, 1, 0, 1, 1, 0];[1, 6, 14, 2, 4, 16, 5, 13, 9, 17, 11, 10, 7, 15, 0, 3, 19, 12, 8, 18]|[0, 1, 0, 2, 1, 2, 2, 1, 0, 1, 0, 0, 1, 1, 0, 1, 2, 2, 1, 0]|[3, 0, 3, 1, 1, 0, 0, 0, 3, 1, 3, 0, 1, 1, 0, 0, 0, 0, 1, 3]|[0, 1, 2, 0, 0, 1, 1, 1, 2, 1, 0, 1, 1, 0, 1, 1, 0, 1, 1, 0];[19, 6, 0, 2, 10, 14, 9, 1, 4, 3, 13, 7, 15, 16, 18, 12, 11, 8, 17, 5]|[0, 0, 0, 0, 2, 2, 0, 0, 1, 2, 1, 0, 0, 1, 2, 0, 0, 0, 2, 1]|[3, 3, 0, 3, 1, 1, 3, 3, 1, 1, 1, 3, 3, 1, 1, 3, 2, 3, 1, 1]|[0, 2, 1, 0, 1, 0, 2, 1, 1, 1, 0, 0, 2, 1, 1, 0, 0, 2, 0, 0];[19, 6, 0, 2, 10, 14, 9, 1, 4, 3, 13, 7, 15, 16, 18, 12, 11, 8, 17, 5]|[0, 0, 0, 0, 2, 2, 0, 0, 1, 2, 1, 0, 0, 1, 2, 0, 0, 0, 2, 1]|[3, 3, 0, 3, 1, 1, 3, 3, 1, 1, 1, 3, 3, 1, 1, 3, 2, 3, 1, 1]|[0, 2, 1, 0, 1, 0, 2, 1, 1, 1, 0, 0, 2, 1, 1, 0, 0, 2, 0, 0];[19, 14, 2, 4, 16, 5, 3, 12, 10, 6, 0, 18, 9, 8, 15, 11, 7, 17, 13, 1]|[1, 0, 2, 1, 2, 2, 1, 1, 1, 0, 0, 0, 1, 1, 2, 2, 0, 0, 0, 0]|[0, 3, 0, 1, 0, 0, 1, 1, 1, 3, 3, 3, 1, 1, 1, 1, 3, 3, 3, 3]|[1, 0, 1, 0, 0, 1, 1, 1, 1, 0, 2, 0, 1, 1, 1, 0, 0, 0, 2, 0];[19, 14, 2, 4, 16, 5, 3, 12, 10, 6, 0, 18, 9, 8, 15, 11, 7, 17, 13, 1]|[1, 0, 2, 1, 2, 2, 1, 1, 1, 0, 0, 0, 1, 1, 2, 2, 0, 0, 0, 0]|[0, 3, 0, 1, 0, 0, 1, 1, 1, 3, 3, 3, 1, 1, 1, 1, 3, 3, 3, 3]|[1, 0, 1, 0, 0, 1, 1, 1, 1, 0, 2, 0, 1, 1, 1, 0, 0, 0, 2, 0];[2, 19, 15, 12, 10, 14, 9, 18, 16, 13, 3, 4, 8, 6, 1, 11, 0, 7, 5, 17]|[0, 0, 0, 0, 2, 2, 2, 0, 1, 0, 2, 1, 0, 1, 0, 0, 0, 0, 2, 1]|[0, 3, 3, 3, 1, 1, 1, 3, 1, 3, 1, 1, 2, 1, 3, 3, 3, 3, 1, 1]|[1, 0, 2, 0, 1, 0, 0, 1, 1, 2, 1, 0, 0, 1, 1, 0, 2, 1, 0, 0];[2, 19, 15, 12, 10, 14, 9, 18, 16, 13, 3, 4, 8, 6, 1, 11, 0, 7, 5, 17]|[0, 0, 0, 0, 2, 2, 2, 0, 1, 0, 2, 1, 0, 1, 0, 0, 0, 0, 2, 1]|[0, 3, 3, 3, 1, 1, 1, 3, 1, 3, 1, 1, 2, 1, 3, 3, 3, 3, 1, 1]|[1, 0, 2, 0, 1, 0, 0, 1, 1, 2, 1, 0, 0, 1, 1, 0, 2, 1, 0, 0];[2, 19, 15, 12, 10, 14, 9, 18, 16, 13, 3, 4, 8, 6, 1, 11, 0, 7, 5, 17]|[0, 0, 0, 0, 2, 2, 2, 0, 1, 0, 2, 1, 0, 1, 0, 0, 0, 0, 2, 1]|[0, 3, 3, 3, 1, 1, 1, 3, 1, 3, 1, 1, 2, 1, 3, 3, 3, 3, 1, 1]|[1, 0, 2, 0, 1, 0, 0, 1, 1, 2, 1, 0, 0, 1, 1, 0, 2, 1, 0, 0];[12, 5, 4, 15, 11, 19, 1, 16, 3, 9, 0, 10, 2, 14, 6, 17, 13, 18, 7, 8]|[0, 2, 0, 2, 0, 1, 0, 2, 1, 2, 2, 1, 2, 0, 1, 1, 1, 2, 1, 0]|[3, 0, 3, 1, 0, 1, 2, 1, 1, 0, 0, 1, 1, 3, 0, 1, 1, 0, 1, 3]|[0, 0, 2, 1, 1, 1, 0, 0, 1, 1, 1, 1, 1, 2, 0, 1, 1, 0, 1, 0];[12, 5, 4, 15, 11, 19, 1, 16, 3, 9, 0, 10, 2, 14, 6, 17, 13, 18, 7, 8]|[0, 2, 0, 2, 0, 1, 0, 2, 1, 2, 2, 1, 2, 0, 1, 1, 1, 2, 1, 0]|[3, 0, 3, 1, 0, 1, 2, 1, 1, 0, 0, 1, 1, 3, 0, 1, 1, 0, 1, 3]|[0, 0, 2, 1, 1, 1, 0, 0, 1, 1, 1, 1, 1, 2, 0, 1, 1, 0, 1, 0];[12, 5, 4, 15, 11, 19, 1, 16, 3, 9, 0, 10, 2, 14, 6, 17, 13, 18, 7, 8]|[0, 2, 0, 2, 0, 1, 0, 2, 1, 2, 2, 1, 2, 0, 1, 1, 1, 2, 1, 0]|[3, 0, 3, 1, 0, 1, 2, 1, 1, 0, 0, 1, 1, 3, 0, 1, 1, 0, 1, 3]|[0, 0, 2, 1, 1, 1, 0, 0, 1, 1, 1, 1, 1, 2, 0, 1, 1, 0, 1, 0];[12, 5, 4, 15, 11, 19, 1, 16, 3, 9, 0, 10, 2, 14, 6, 17, 13, 18, 7, 8]|[0, 2, 0, 2, 0, 1, 0, 2, 1, 2, 2, 1, 2, 0, 1, 1, 1, 2, 1, 0]|[3, 0, 3, 1, 0, 1, 2, 1, 1, 0, 0, 1, 1, 3, 0, 1, 1, 0, 1, 3]|[0, 0, 2, 1, 1, 1, 0, 0, 1, 1, 1, 1, 1, 2, 0, 1, 1, 0, 1, 0];[2, 12, 15, 19, 10, 14, 9, 1, 16, 13, 3, 4, 7, 6, 11, 0, 8, 18, 17, 5]|[0, 0, 0, 0, 2, 2, 0, 0, 1, 0, 2, 1, 0, 1, 2, 0, 0, 0, 2, 1]|[0, 3, 3, 3, 1, 1, 3, 3, 1, 3, 1, 1, 3, 1, 0, 3, 2, 3, 1, 1]|[2, 0, 2, 0, 1, 0, 2, 1, 1, 2, 1, 0, 0, 1, 1, 0, 1, 0, 0, 1];[5, 12, 17, 10, 4, 19, 16, 1, 3, 13, 15, 6, 8, 2, 11, 14, 7, 0, 9, 18]|[0, 1, 2, 0, 2, 1, 2, 2, 1, 2, 0, 2, 0, 1, 1, 2, 1, 1, 0, 0]|[0, 1, 1, 3, 0, 1, 0, 1, 0, 1, 3, 0, 3, 0, 1, 0, 1, 1, 3, 3]|[2, 1, 1, 0, 0, 0, 0, 1, 1, 1, 0, 1, 0, 1, 1, 1, 1, 1, 0, 2];[5, 12, 17, 10, 4, 19, 16, 1, 3, 13, 15, 6, 8, 2, 11, 14, 7, 0, 9, 18]|[0, 1, 2, 0, 2, 1, 2, 2, 1, 2, 0, 2, 0, 1, 1, 2, 1, 1, 0, 0]|[0, 1, 1, 3, 0, 1, 0, 1, 0, 1, 3, 0, 3, 0, 1, 0, 1, 1, 3, 3]|[2, 1, 1, 0, 0, 0, 0, 1, 1, 1, 0, 1, 0, 1, 1, 1, 1, 1, 0, 2];[19, 15, 14, 4, 13, 16, 5, 12, 7, 6, 0, 10, 9, 11, 1, 17, 2, 3, 8, 18]|[2, 1, 1, 0, 1, 2, 2, 1, 0, 0, 0, 2, 2, 0, 1, 1, 1, 2, 1, 0]|[1, 1, 0, 3, 1, 0, 0, 0, 0, 3, 1, 0, 0, 3, 0, 0, 1, 0, 1, 3]|[0, 1, 1, 2, 0, 1, 1, 1, 0, 0, 1, 1, 0, 0, 1, 1, 0, 1, 1, 0];[19, 15, 14, 4, 13, 16, 5, 12, 7, 6, 0, 10, 9, 11, 1, 17, 2, 3, 8, 18]|[2, 1, 1, 0, 1, 2, 2, 1, 0, 0, 0, 2, 2, 0, 1, 1, 1, 2, 1, 0]|[1, 1, 0, 3, 1, 0, 0, 0, 0, 3, 1, 0, 0, 3, 0, 0, 1, 0, 1, 3]|[0, 1, 1, 2, 0, 1, 1, 1, 0, 0, 1, 1, 0, 0, 1, 1, 0, 1, 1, 0];[19, 15, 14, 4, 13, 16, 5, 12, 7, 6, 0, 10, 9, 11, 1, 17, 2, 3, 8, 18]|[2, 1, 1, 0, 1, 2, 2, 1, 0, 0, 0, 2, 2, 0, 1, 1, 1, 2, 1, 0]|[1, 1, 0, 3, 1, 0, 0, 0, 0, 3, 1, 0, 0, 3, 0, 0, 1, 0, 1, 3]|[0, 1, 1, 2, 0, 1, 1, 1, 0, 0, 1, 1, 0, 0, 1, 1, 0, 1, 1, 0];[19, 15, 14, 4, 13, 16, 5, 12, 7, 6, 0, 10, 9, 11, 1, 17, 2, 3, 8, 18]|[2, 1, 1, 0, 1, 2, 2, 1, 0, 0, 0, 2, 2, 0, 1, 1, 1, 2, 1, 0]|[1, 1, 0, 3, 1, 0, 0, 0, 0, 3, 1, 0, 0, 3, 0, 0, 1, 0, 1, 3]|[0, 1, 1, 2, 0, 1, 1, 1, 0, 0, 1, 1, 0, 0, 1, 1, 0, 1, 1, 0];[11, 19, 14, 2, 4, 16, 5, 3, 9, 10, 18, 7, 1, 15, 0, 12, 17, 6, 13, 8]|[0, 1, 0, 2, 1, 2, 2, 1, 1, 0, 0, 2, 0, 2, 0, 1, 1, 2, 1, 0]|[0, 0, 1, 1, 1, 0, 1, 0, 1, 3, 3, 0, 3, 0, 3, 1, 1, 0, 0, 3]|[2, 1, 1, 1, 0, 0, 1, 1, 1, 0, 0, 1, 0, 0, 2, 1, 1, 1, 1, 0];[11, 19, 14, 2, 4, 16, 5, 3, 9, 10, 18, 7, 1, 15, 0, 12, 17, 6, 13, 8]|[0, 1, 0, 2, 1, 2, 2, 1, 1, 0, 0, 2, 0, 2, 0, 1, 1, 2, 1, 0]|[0, 0, 1, 1, 1, 0, 1, 0, 1, 3, 3, 0, 3, 0, 3, 1, 1, 0, 0, 3]|[2, 1, 1, 1, 0, 0, 1, 1, 1, 0, 0, 1, 0, 0, 2, 1, 1, 1, 1, 0];[11, 19, 14, 2, 4, 16, 5, 3, 9, 10, 18, 7, 1, 15, 0, 12, 17, 6, 13, 8]|[0, 1, 0, 2, 1, 2, 2, 1, 1, 0, 0, 2, 0, 2, 0, 1, 1, 2, 1, 0]|[0, 0, 1, 1, 1, 0, 1, 0, 1, 3, 3, 0, 3, 0, 3, 1, 1, 0, 0, 3]|[2, 1, 1, 1, 0, 0, 1, 1, 1, 0, 0, 1, 0, 0, 2, 1, 1, 1, 1, 0];[11, 19, 14, 2, 4, 16, 5, 3, 9, 10, 18, 7, 1, 15, 0, 12, 17, 6, 13, 8]|[0, 1, 0, 2, 1, 2, 2, 1, 1, 0, 0, 2, 0, 2, 0, 1, 1, 2, 1, 0]|[0, 0, 1, 1, 1, 0, 1, 0, 1, 3, 3, 0, 3, 0, 3, 1, 1, 0, 0, 3]|[2, 1, 1, 1, 0, 0, 1, 1, 1, 0, 0, 1, 0, 0, 2, 1, 1, 1, 1, 0];[2, 19, 13, 9, 14, 8, 6, 16, 7, 11, 10, 1, 12, 15, 17, 5, 18, 3, 4, 0]|[0, 1, 1, 2, 0, 1, 2, 2, 0, 0, 2, 0, 1, 0, 1, 2, 1, 1, 1, 0]|[3, 1, 1, 1, 3, 1, 0, 0, 0, 3, 0, 3, 1, 3, 1, 0, 1, 1, 1, 3]|[0, 1, 1, 1, 2, 1, 0, 1, 0, 0, 1, 2, 1, 1, 1, 1, 1, 1, 1, 0];[2, 19, 13, 9, 14, 8, 6, 16, 7, 11, 10, 1, 12, 15, 17, 5, 18, 3, 4, 0]|[0, 1, 1, 2, 0, 1, 2, 2, 0, 0, 2, 0, 1, 0, 1, 2, 1, 1, 1, 0]|[3, 1, 1, 1, 3, 1, 0, 0, 0, 3, 0, 3, 1, 3, 1, 0, 1, 1, 1, 3]|[0, 1, 1, 1, 2, 1, 0, 1, 0, 0, 1, 2, 1, 1, 1, 1, 1, 1, 1, 0];[2, 19, 13, 9, 14, 8, 6, 16, 7, 11, 10, 1, 12, 15, 17, 5, 18, 3, 4, 0]|[0, 1, 1, 2, 0, 1, 2, 2, 0, 0, 2, 0, 1, 0, 1, 2, 1, 1, 1, 0]|[3, 1, 1, 1, 3, 1, 0, 0, 0, 3, 0, 3, 1, 3, 1, 0, 1, 1, 1, 3]|[0, 1, 1, 1, 2, 1, 0, 1, 0, 0, 1, 2, 1, 1, 1, 1, 1, 1, 1, 0];[2, 19, 13, 9, 14, 8, 6, 16, 7, 11, 10, 1, 12, 15, 17, 5, 18, 3, 4, 0]|[0, 1, 1, 2, 0, 1, 2, 2, 0, 0, 2, 0, 1, 0, 1, 2, 1, 1, 1, 0]|[3, 1, 1, 1, 3, 1, 0, 0, 0, 3, 0, 3, 1, 3, 1, 0, 1, 1, 1, 3]|[0, 1, 1, 1, 2, 1, 0, 1, 0, 0, 1, 2, 1, 1, 1, 1, 1, 1, 1, 0];[2, 19, 8, 14, 6, 13, 5, 15, 4, 11, 7, 12, 17, 16, 3, 9, 1, 0, 10, 18]|[0, 1, 1, 0, 1, 2, 2, 0, 2, 0, 0, 2, 0, 2, 1, 1, 1, 1, 1, 0]|[3, 1, 1, 3, 1, 0, 0, 3, 0, 3, 3, 0, 3, 0, 1, 1, 1, 1, 1, 3]|[0, 1, 1, 0, 1, 1, 1, 2, 1, 0, 0, 1, 0, 0, 1, 1, 1, 1, 1, 0];[2, 19, 8, 14, 6, 13, 5, 15, 4, 11, 7, 12, 17, 16, 3, 9, 1, 0, 10, 18]|[0, 1, 1, 0, 1, 2, 2, 0, 2, 0, 0, 2, 0, 2, 1, 1, 1, 1, 1, 0]|[3, 1, 1, 3, 1, 0, 0, 3, 0, 3, 3, 0, 3, 0, 1, 1, 1, 1, 1, 3]|[0, 1, 1, 0, 1, 1, 1, 2, 1, 0, 0, 1, 0, 0, 1, 1, 1, 1, 1, 0];[2, 19, 8, 14, 6, 13, 5, 15, 4, 11, 7, 12, 17, 16, 3, 9, 1, 0, 10, 18]|[0, 1, 1, 0, 1, 2, 2, 0, 2, 0, 0, 2, 0, 2, 1, 1, 1, 1, 1, 0]|[3, 1, 1, 3, 1, 0, 0, 3, 0, 3, 3, 0, 3, 0, 1, 1, 1, 1, 1, 3]|[0, 1, 1, 0, 1, 1, 1, 2, 1, 0, 0, 1, 0, 0, 1, 1, 1, 1, 1, 0];[19, 14, 5, 4, 16, 2, 3, 9, 17, 6, 15, 11, 7, 8, 12, 10, 13, 18, 0, 1]|[1, 0, 2, 1, 2, 2, 1, 0, 0, 1, 1, 0, 0, 1, 2, 2, 2, 1, 0, 0]|[0, 0, 1, 1, 0, 1, 0, 3, 3, 0, 1, 0, 3, 1, 0, 0, 0, 1, 3, 3]|[1, 2, 1, 0, 0, 1, 1, 0, 0, 0, 1, 1, 0, 1, 1, 1, 0, 1, 2, 0];[19, 14, 5, 4, 16, 2, 3, 9, 17, 6, 15, 11, 7, 8, 12, 10, 13, 18, 0, 1]|[1, 0, 2, 1, 2, 2, 1, 0, 0, 1, 1, 0, 0, 1, 2, 2, 2, 1, 0, 0]|[0, 0, 1, 1, 0, 1, 0, 3, 3, 0, 1, 0, 3, 1, 0, 0, 0, 1, 3, 3]|[1, 2, 1, 0, 0, 1, 1, 0, 0, 0, 1, 1, 0, 1, 1, 1, 0, 1, 2, 0];[19, 14, 5, 4, 16, 2, 3, 9, 17, 6, 15, 11, 7, 8, 12, 10, 13, 18, 0, 1]|[1, 0, 2, 1, 2, 2, 1, 0, 0, 1, 1, 0, 0, 1, 2, 2, 2, 1, 0, 0]|[0, 0, 1, 1, 0, 1, 0, 3, 3, 0, 1, 0, 3, 1, 0, 0, 0, 1, 3, 3]|[1, 2, 1, 0, 0, 1, 1, 0, 0, 0, 1, 1, 0, 1, 1, 1, 0, 1, 2, 0];[19, 14, 5, 4, 16, 2, 3, 9, 17, 6, 15, 11, 7, 8, 12, 10, 13, 18, 0, 1]|[1, 0, 2, 1, 2, 2, 1, 0, 0, 1, 1, 0, 0, 1, 2, 2, 2, 1, 0, 0]|[0, 0, 1, 1, 0, 1, 0, 3, 3, 0, 1, 0, 3, 1, 0, 0, 0, 1, 3, 3]|[1, 2, 1, 0, 0, 1, 1, 0, 0, 0, 1, 1, 0, 1, 1, 1, 0, 1, 2, 0];[2, 1, 12, 8, 10, 3, 5, 6, 13, 7, 0, 18, 15, 9, 14, 16, 4, 17, 19, 11]|[2, 1, 1, 0, 0, 1, 2, 0, 1, 1, 0, 0, 1, 1, 0, 2, 1, 2, 2, 0]|[1, 1, 1, 3, 3, 1, 0, 3, 1, 1, 3, 3, 1, 1, 3, 0, 1, 0, 0, 3]|[1, 1, 1, 0, 0, 1, 1, 2, 1, 1, 0, 0, 1, 1, 2, 0, 1, 1, 1, 0];[2, 1, 12, 8, 10, 3, 5, 6, 13, 7, 0, 18, 15, 9, 14, 16, 4, 17, 19, 11]|[2, 1, 1, 0, 0, 1, 2, 0, 1, 1, 0, 0, 1, 1, 0, 2, 1, 2, 2, 0]|[1, 1, 1, 3, 3, 1, 0, 3, 1, 1, 3, 3, 1, 1, 3, 0, 1, 0, 0, 3]|[1, 1, 1, 0, 0, 1, 1, 2, 1, 1, 0, 0, 1, 1, 2, 0, 1, 1, 1, 0];[2, 1, 12, 8, 10, 3, 5, 6, 13, 7, 0, 18, 15, 9, 14, 16, 4, 17, 19, 11]|[2, 1, 1, 0, 0, 1, 2, 0, 1, 1, 0, 0, 1, 1, 0, 2, 1, 2, 2, 0]|[1, 1, 1, 3, 3, 1, 0, 3, 1, 1, 3, 3, 1, 1, 3, 0, 1, 0, 0, 3]|[1, 1, 1, 0, 0, 1, 1, 2, 1, 1, 0, 0, 1, 1, 2, 0, 1, 1, 1, 0];[2, 1, 12, 8, 10, 3, 5, 6, 13, 7, 0, 18, 15, 9, 14, 16, 4, 17, 19, 11]|[2, 1, 1, 0, 0, 1, 2, 0, 1, 1, 0, 0, 1, 1, 0, 2, 1, 2, 2, 0]|[1, 1, 1, 3, 3, 1, 0, 3, 1, 1, 3, 3, 1, 1, 3, 0, 1, 0, 0, 3]|[1, 1, 1, 0, 0, 1, 1, 2, 1, 1, 0, 0, 1, 1, 2, 0, 1, 1, 1, 0];[5, 2, 14, 10, 4, 13, 16, 19, 17, 0, 11, 9, 12, 3, 18, 15, 6, 1, 7, 8]|[0, 1, 0, 2, 1, 1, 2, 2, 1, 0, 1, 2, 2, 0, 0, 2, 1, 2, 1, 0]|[0, 0, 3, 1, 1, 1, 0, 1, 0, 3, 0, 0, 1, 0, 3, 0, 1, 0, 1, 3]|[0, 0, 2, 1, 1, 1, 0, 1, 1, 2, 0, 0, 0, 1, 0, 1, 1, 1, 1, 0];[5, 2, 14, 10, 4, 13, 16, 19, 17, 0, 11, 9, 12, 3, 18, 15, 6, 1, 7, 8]|[0, 1, 0, 2, 1, 1, 2, 2, 1, 0, 1, 2, 2, 0, 0, 2, 1, 2, 1, 0]|[0, 0, 3, 1, 1, 1, 0, 1, 0, 3, 0, 0, 1, 0, 3, 0, 1, 0, 1, 3]|[0, 0, 2, 1, 1, 1, 0, 1, 1, 2, 0, 0, 0, 1, 0, 1, 1, 1, 1, 0];[5, 2, 14, 10, 4, 13, 16, 19, 17, 0, 11, 9, 12, 3, 18, 15, 6, 1, 7, 8]|[0, 1, 0, 2, 1, 1, 2, 2, 1, 0, 1, 2, 2, 0, 0, 2, 1, 2, 1, 0]|[0, 0, 3, 1, 1, 1, 0, 1, 0, 3, 0, 0, 1, 0, 3, 0, 1, 0, 1, 3]|[0, 0, 2, 1, 1, 1, 0, 1, 1, 2, 0, 0, 0, 1, 0, 1, 1, 1, 1, 0];[5, 2, 14, 10, 4, 13, 16, 19, 17, 0, 11, 9, 12, 3, 18, 15, 6, 1, 7, 8]|[0, 1, 0, 2, 1, 1, 2, 2, 1, 0, 1, 2, 2, 0, 0, 2, 1, 2, 1, 0]|[0, 0, 3, 1, 1, 1, 0, 1, 0, 3, 0, 0, 1, 0, 3, 0, 1, 0, 1, 3]|[0, 0, 2, 1, 1, 1, 0, 1, 1, 2, 0, 0, 0, 1, 0, 1, 1, 1, 1, 0];[5, 4, 14, 10, 2, 6, 3, 0, 17, 12, 11, 1, 16, 18, 7, 15, 9, 13, 19, 8]|[0, 1, 0, 2, 1, 2, 2, 1, 1, 0, 0, 1, 0, 2, 0, 1, 2, 1, 1, 0]|[3, 1, 3, 0, 1, 0, 0, 1, 1, 3, 3, 1, 3, 0, 3, 1, 0, 1, 1, 3]|[0, 1, 2, 1, 1, 0, 1, 1, 1, 0, 0, 1, 2, 1, 0, 1, 1, 1, 1, 0];[5, 4, 14, 10, 2, 6, 3, 0, 17, 12, 11, 1, 16, 18, 7, 15, 9, 13, 19, 8]|[0, 1, 0, 2, 1, 2, 2, 1, 1, 0, 0, 1, 0, 2, 0, 1, 2, 1, 1, 0]|[3, 1, 3, 0, 1, 0, 0, 1, 1, 3, 3, 1, 3, 0, 3, 1, 0, 1, 1, 3]|[0, 1, 2, 1, 1, 0, 1, 1, 1, 0, 0, 1, 2, 1, 0, 1, 1, 1, 1, 0];[5, 4, 14, 10, 2, 6, 3, 0, 17, 12, 11, 1, 16, 18, 7, 15, 9, 13, 19, 8]|[0, 1, 0, 2, 1, 2, 2, 1, 1, 0, 0, 1, 0, 2, 0, 1, 2, 1, 1, 0]|[3, 1, 3, 0, 1, 0, 0, 1, 1, 3, 3, 1, 3, 0, 3, 1, 0, 1, 1, 3]|[0, 1, 2, 1, 1, 0, 1, 1, 1, 0, 0, 1, 2, 1, 0, 1, 1, 1, 1, 0];[2, 19, 15, 12, 10, 9, 14, 5, 16, 18, 11, 6, 4, 3, 0, 8, 17, 7, 1, 13]|[1, 0, 0, 0, 2, 2, 2, 0, 1, 0, 2, 1, 1, 2, 0, 0, 0, 0, 0, 1]|[1, 3, 3, 3, 1, 1, 0, 3, 1, 0, 1, 1, 1, 1, 3, 3, 2, 3, 3, 1]|[0, 0, 2, 0, 1, 0, 0, 2, 1, 1, 1, 1, 0, 1, 1, 2, 0, 0, 1, 1];[2, 12, 15, 19, 10, 14, 9, 1, 16, 3, 7, 13, 4, 18, 0, 6, 11, 8, 5, 17]|[0, 0, 0, 0, 2, 2, 0, 0, 1, 0, 2, 1, 0, 1, 2, 0, 0, 0, 2, 1]|[0, 3, 3, 3, 1, 1, 3, 3, 1, 3, 1, 1, 3, 1, 1, 3, 3, 3, 1, 1]|[1, 0, 2, 0, 1, 0, 2, 0, 1, 2, 1, 0, 0, 1, 0, 1, 0, 2, 1, 1];[2, 12, 15, 19, 10, 14, 9, 1, 16, 13, 3, 4, 7, 6, 0, 18, 11, 8, 5, 17]|[0, 0, 0, 0, 2, 2, 0, 0, 1, 0, 2, 1, 0, 1, 2, 0, 0, 0, 2, 1]|[3, 0, 3, 3, 1, 1, 3, 3, 1, 3, 1, 1, 3, 1, 1, 3, 2, 3, 0, 1]|[1, 0, 2, 1, 1, 0, 2, 0, 1, 2, 1, 0, 0, 1, 0, 1, 0, 2, 1, 1];[2, 12, 15, 19, 10, 14, 9, 1, 16, 13, 3, 4, 7, 6, 5, 0, 18, 17, 8, 11]|[0, 0, 0, 0, 2, 2, 0, 0, 1, 0, 2, 1, 0, 1, 2, 0, 0, 0, 2, 1]|[3, 3, 3, 3, 1, 1, 3, 3, 1, 3, 1, 1, 3, 1, 1, 3, 2, 3, 1, 1]|[0, 1, 2, 0, 1, 0, 2, 1, 1, 2, 1, 0, 0, 1, 1, 1, 0, 2, 1, 1];[2, 12, 15, 14, 9, 6, 10, 1, 16, 13, 3, 4, 8, 5, 11, 0, 18, 17, 7, 19]|[0, 0, 0, 0, 2, 2, 0, 0, 1, 0, 2, 1, 0, 1, 2, 0, 0, 0, 2, 1]|[0, 3, 3, 3, 1, 1, 3, 3, 1, 3, 1, 1, 3, 1, 0, 3, 3, 3, 1, 1]|[1, 0, 2, 0, 1, 0, 2, 1, 1, 2, 1, 0, 0, 1, 1, 1, 0, 0, 0, 0];[9, 12, 17, 18, 11, 19, 13, 0, 8, 1, 4, 6, 15, 14, 3, 5, 16, 10, 2, 7]|[2, 0, 0, 0, 0, 1, 0, 0, 1, 1, 2, 1, 0, 0, 1, 2, 2, 2, 0, 0]|[0, 3, 3, 3, 3, 1, 3, 3, 1, 1, 0, 1, 3, 3, 1, 0, 1, 0, 3, 3]|[1, 0, 0, 2, 0, 1, 2, 0, 1, 1, 1, 1, 0, 2, 1, 1, 0, 1, 0, 0]
fc6diagRound 9	fe=254043	pool=299	target=100	rescued=1	sOriginal=[2, 19, 6, 15, 3, 4, 16, 5, 1, 11, 10, 0, 18, 12, 7, 13, 17, 8, 9, 14]|[0, 1, 1, 0, 2, 1, 2, 2, 1, 0, 0, 2, 0, 1, 0, 1, 1, 2, 1, 0]|[3, 1, 0, 3, 0, 1, 0, 0, 0, 0, 3, 0, 3, 1, 3, 1, 1, 0, 1, 3]|[0, 1, 1, 2, 1, 0, 0, 1, 1, 1, 0, 1, 2, 1, 1, 1, 1, 1, 1, 0];[1, 19, 8, 14, 5, 13, 6, 16, 3, 0, 12, 4, 2, 15, 17, 10, 9, 11, 7, 18]|[0, 1, 1, 0, 2, 1, 2, 2, 1, 0, 0, 2, 0, 1, 0, 1, 1, 2, 1, 0]|[3, 1, 1, 3, 0, 1, 0, 0, 0, 0, 3, 0, 3, 0, 3, 1, 1, 0, 1, 3]|[0, 1, 1, 2, 1, 0, 0, 1, 1, 1, 0, 1, 2, 1, 1, 1, 1, 1, 1, 0];[1, 19, 14, 2, 17, 18, 5, 15, 12, 6, 16, 10, 11, 4, 0, 7, 13, 8, 3, 9]|[0, 1, 0, 2, 2, 1, 0, 1, 1, 2, 2, 0, 0, 2, 0, 1, 1, 1, 1, 0]|[3, 1, 3, 0, 0, 1, 3, 1, 1, 0, 0, 0, 3, 0, 3, 1, 1, 1, 1, 3]|[0, 1, 2, 1, 0, 1, 0, 1, 1, 0, 1, 1, 0, 1, 2, 1, 1, 1, 1, 0];[1, 19, 14, 2, 17, 18, 5, 15, 12, 6, 16, 10, 11, 4, 0, 7, 13, 8, 3, 9]|[0, 1, 0, 2, 2, 1, 0, 1, 1, 2, 2, 0, 0, 2, 0, 1, 1, 1, 1, 0]|[3, 1, 3, 0, 0, 1, 3, 1, 1, 0, 0, 0, 3, 0, 3, 1, 1, 1, 1, 3]|[0, 1, 2, 1, 0, 1, 0, 1, 1, 0, 1, 1, 0, 1, 2, 1, 1, 1, 1, 0];[1, 19, 14, 2, 17, 18, 5, 15, 12, 6, 16, 10, 11, 4, 0, 7, 13, 8, 3, 9]|[0, 1, 0, 2, 2, 1, 0, 1, 1, 2, 2, 0, 0, 2, 0, 1, 1, 1, 1, 0]|[3, 1, 3, 0, 0, 1, 3, 1, 1, 0, 0, 0, 3, 0, 3, 1, 1, 1, 1, 3]|[0, 1, 2, 1, 0, 1, 0, 1, 1, 0, 1, 1, 0, 1, 2, 1, 1, 1, 1, 0];[1, 19, 14, 2, 17, 18, 5, 15, 12, 6, 16, 10, 11, 4, 0, 7, 13, 8, 3, 9]|[0, 1, 0, 2, 2, 1, 0, 1, 1, 2, 2, 0, 0, 2, 0, 1, 1, 1, 1, 0]|[3, 1, 3, 0, 0, 1, 3, 1, 1, 0, 0, 0, 3, 0, 3, 1, 1, 1, 1, 3]|[0, 1, 2, 1, 0, 1, 0, 1, 1, 0, 1, 1, 0, 1, 2, 1, 1, 1, 1, 0];[2, 12, 15, 19, 10, 14, 16, 13, 0, 3, 4, 7, 9, 6, 5, 1, 11, 18, 17, 8]|[0, 0, 0, 0, 2, 2, 1, 0, 0, 2, 1, 0, 0, 1, 2, 0, 0, 0, 2, 1]|[0, 3, 3, 3, 1, 1, 1, 3, 3, 1, 1, 3, 3, 1, 1, 3, 2, 3, 1, 1]|[1, 0, 2, 0, 1, 0, 1, 2, 1, 1, 0, 0, 2, 1, 1, 1, 0, 2, 0, 1];[2, 12, 15, 19, 10, 14, 16, 13, 0, 3, 4, 7, 9, 6, 5, 1, 11, 18, 17, 8]|[0, 0, 0, 0, 2, 2, 1, 0, 0, 2, 1, 0, 0, 1, 2, 0, 0, 0, 2, 1]|[0, 3, 3, 3, 1, 1, 1, 3, 3, 1, 1, 3, 3, 1, 1, 3, 2, 3, 1, 1]|[1, 0, 2, 0, 1, 0, 1, 2, 1, 1, 0, 0, 2, 1, 1, 1, 0, 2, 0, 1];[2, 12, 15, 19, 10, 14, 16, 13, 0, 3, 4, 7, 9, 6, 5, 1, 11, 18, 17, 8]|[0, 0, 0, 0, 2, 2, 1, 0, 0, 2, 1, 0, 0, 1, 2, 0, 0, 0, 2, 1]|[0, 3, 3, 3, 1, 1, 1, 3, 3, 1, 1, 3, 3, 1, 1, 3, 2, 3, 1, 1]|[1, 0, 2, 0, 1, 0, 1, 2, 1, 1, 0, 0, 2, 1, 1, 1, 0, 2, 0, 1];[2, 12, 15, 19, 10, 14, 16, 13, 0, 3, 4, 7, 9, 6, 5, 1, 11, 18, 17, 8]|[0, 0, 0, 0, 2, 2, 1, 0, 0, 2, 1, 0, 0, 1, 2, 0, 0, 0, 2, 1]|[0, 3, 3, 3, 1, 1, 1, 3, 3, 1, 1, 3, 3, 1, 1, 3, 2, 3, 1, 1]|[1, 0, 2, 0, 1, 0, 1, 2, 1, 1, 0, 0, 2, 1, 1, 1, 0, 2, 0, 1];[19, 9, 12, 2, 10, 14, 15, 1, 16, 7, 3, 4, 18, 8, 0, 11, 17, 13, 5, 6]|[0, 0, 0, 0, 2, 2, 0, 0, 1, 0, 2, 1, 0, 0, 0, 2, 1, 0, 2, 1]|[3, 3, 3, 3, 0, 1, 3, 0, 1, 3, 1, 1, 3, 2, 3, 1, 1, 3, 1, 1]|[0, 2, 1, 0, 1, 0, 2, 1, 1, 0, 1, 0, 2, 0, 1, 1, 1, 2, 0, 1];[12, 10, 15, 19, 14, 7, 8, 5, 1, 4, 3, 2, 16, 13, 17, 9, 18, 0, 11, 6]|[0, 0, 0, 2, 2, 0, 1, 2, 0, 1, 2, 0, 1, 0, 0, 0, 0, 0, 2, 1]|[2, 3, 3, 0, 1, 3, 1, 1, 3, 1, 1, 3, 1, 3, 3, 3, 3, 3, 1, 1]|[1, 2, 0, 1, 0, 2, 1, 1, 1, 0, 1, 0, 1, 2, 1, 2, 0, 2, 0, 0];[1, 2, 13, 14, 19, 4, 16, 5, 3, 10, 11, 17, 8, 12, 7, 6, 15, 0, 9, 18]|[0, 1, 1, 0, 2, 1, 2, 2, 1, 0, 0, 2, 0, 1, 0, 1, 1, 2, 1, 0]|[3, 1, 0, 3, 1, 1, 0, 0, 0, 0, 3, 0, 3, 1, 0, 1, 1, 0, 1, 3]|[0, 1, 1, 2, 1, 0, 1, 1, 1, 1, 0, 1, 2, 1, 1, 1, 1, 1, 1, 0];[5, 2, 13, 14, 19, 4, 16, 6, 3, 18, 15, 9, 8, 7, 1, 12, 11, 10, 17, 0]|[0, 1, 1, 0, 2, 1, 2, 2, 1, 0, 0, 2, 0, 1, 0, 1, 1, 2, 1, 0]|[3, 1, 0, 3, 0, 1, 0, 0, 0, 0, 3, 0, 3, 0, 2, 1, 1, 0, 1, 3]|[0, 1, 1, 2, 0, 0, 1, 1, 1, 0, 0, 1, 2, 1, 1, 1, 1, 1, 1, 0];[1, 2, 13, 14, 19, 4, 16, 5, 3, 10, 11, 17, 8, 15, 9, 0, 6, 12, 7, 18]|[0, 1, 1, 0, 2, 1, 2, 2, 1, 0, 0, 2, 0, 1, 0, 1, 1, 2, 1, 0]|[3, 1, 0, 3, 1, 1, 0, 0, 0, 0, 3, 0, 3, 1, 0, 1, 1, 0, 1, 3]|[0, 1, 1, 2, 1, 0, 0, 1, 1, 1, 0, 1, 2, 1, 1, 1, 1, 1, 1, 0];[2, 19, 13, 15, 6, 3, 16, 5, 10, 0, 11, 14, 8, 17, 7, 12, 4, 9, 18, 1]|[0, 1, 1, 0, 2, 1, 2, 2, 1, 0, 0, 2, 0, 1, 0, 1, 1, 2, 1, 0]|[3, 1, 1, 3, 1, 1, 0, 1, 0, 0, 3, 0, 3, 0, 0, 1, 1, 0, 1, 3]|[2, 1, 1, 2, 1, 0, 0, 1, 1, 0, 0, 1, 2, 1, 1, 1, 1, 0, 1, 0];[1, 19, 13, 14, 2, 4, 16, 5, 3, 10, 12, 6, 11, 18, 7, 9, 15, 0, 17, 8]|[0, 1, 1, 0, 2, 1, 2, 2, 1, 0, 0, 2, 0, 1, 0, 1, 1, 2, 1, 0]|[3, 1, 1, 3, 0, 1, 0, 0, 0, 0, 3, 0, 3, 0, 3, 1, 1, 0, 1, 3]|[0, 1, 1, 2, 1, 0, 0, 1, 1, 0, 0, 1, 2, 1, 1, 1, 1, 1, 1, 0];[1, 19, 13, 14, 2, 4, 16, 5, 3, 10, 12, 6, 11, 18, 7, 9, 15, 0, 17, 8]|[0, 1, 1, 0, 2, 1, 2, 2, 1, 0, 0, 2, 0, 1, 0, 1, 1, 2, 1, 0]|[3, 1, 1, 3, 0, 1, 0, 0, 0, 0, 3, 0, 3, 0, 3, 1, 1, 0, 1, 3]|[0, 1, 1, 2, 1, 0, 0, 1, 1, 0, 0, 1, 2, 1, 1, 1, 1, 1, 1, 0];[1, 19, 13, 14, 2, 4, 16, 5, 3, 12, 10, 6, 11, 18, 7, 9, 15, 0, 17, 8]|[0, 1, 1, 0, 2, 2, 2, 2, 1, 0, 0, 1, 0, 1, 0, 2, 1, 2, 1, 0]|[1, 1, 1, 3, 0, 0, 0, 0, 0, 3, 0, 1, 3, 0, 3, 1, 1, 0, 1, 3]|[0, 1, 1, 2, 1, 1, 0, 1, 1, 0, 0, 0, 2, 1, 1, 0, 1, 1, 1, 0];[1, 19, 13, 14, 2, 4, 16, 5, 3, 12, 10, 6, 11, 18, 7, 9, 15, 0, 17, 8]|[0, 1, 1, 0, 2, 2, 2, 2, 1, 0, 0, 1, 0, 1, 0, 2, 1, 2, 1, 0]|[1, 1, 1, 3, 0, 0, 0, 0, 0, 3, 0, 1, 3, 0, 3, 1, 1, 0, 1, 3]|[0, 1, 1, 2, 1, 1, 0, 1, 1, 0, 0, 0, 2, 1, 1, 0, 1, 1, 1, 0];[2, 12, 15, 9, 10, 14, 19, 0, 16, 13, 3, 4, 7, 6, 11, 1, 18, 8, 17, 5]|[0, 0, 0, 0, 2, 2, 0, 0, 1, 0, 2, 1, 0, 1, 2, 0, 0, 0, 2, 1]|[0, 1, 3, 3, 1, 1, 3, 3, 1, 3, 1, 1, 3, 1, 1, 3, 2, 3, 1, 1]|[1, 0, 2, 2, 1, 0, 0, 1, 1, 2, 1, 0, 0, 1, 1, 1, 0, 2, 0, 0];[2, 12, 15, 9, 10, 14, 19, 0, 16, 13, 3, 4, 7, 6, 11, 1, 18, 8, 17, 5]|[0, 0, 0, 0, 2, 2, 0, 0, 1, 0, 2, 1, 0, 1, 2, 0, 0, 0, 2, 1]|[0, 1, 3, 3, 1, 1, 3, 3, 1, 3, 1, 1, 3, 1, 1, 3, 2, 3, 1, 1]|[1, 0, 2, 2, 1, 0, 0, 1, 1, 2, 1, 0, 0, 1, 1, 1, 0, 2, 0, 0];[2, 12, 15, 9, 10, 14, 19, 0, 16, 13, 3, 4, 7, 6, 11, 1, 18, 8, 17, 5]|[0, 0, 0, 0, 2, 2, 0, 0, 1, 0, 2, 1, 0, 1, 2, 0, 0, 0, 2, 1]|[0, 1, 3, 3, 1, 1, 3, 3, 1, 3, 1, 1, 3, 1, 1, 3, 2, 3, 1, 1]|[1, 0, 2, 2, 1, 0, 0, 1, 1, 2, 1, 0, 0, 1, 1, 1, 0, 2, 0, 0];[2, 12, 15, 9, 10, 14, 19, 0, 16, 13, 3, 4, 7, 6, 11, 1, 18, 8, 17, 5]|[0, 0, 0, 0, 2, 2, 0, 0, 1, 0, 2, 1, 0, 1, 2, 0, 0, 0, 2, 1]|[0, 1, 3, 3, 1, 1, 3, 3, 1, 3, 1, 1, 3, 1, 1, 3, 2, 3, 1, 1]|[1, 0, 2, 2, 1, 0, 0, 1, 1, 2, 1, 0, 0, 1, 1, 1, 0, 2, 0, 0];[5, 2, 14, 10, 4, 13, 16, 19, 3, 18, 11, 6, 0, 12, 9, 7, 17, 15, 1, 8]|[0, 1, 1, 0, 2, 1, 2, 2, 1, 0, 0, 2, 0, 1, 0, 1, 1, 2, 1, 0]|[3, 1, 1, 3, 0, 1, 0, 0, 0, 0, 3, 0, 3, 1, 3, 1, 1, 0, 1, 3]|[0, 1, 1, 0, 1, 0, 0, 1, 1, 1, 2, 1, 0, 1, 0, 0, 1, 1, 1, 0];[1, 19, 13, 14, 2, 8, 6, 16, 3, 10, 11, 4, 0, 7, 5, 15, 12, 17, 18, 9]|[0, 1, 1, 0, 2, 1, 2, 2, 1, 0, 0, 2, 0, 1, 0, 1, 1, 2, 1, 0]|[3, 1, 1, 3, 0, 1, 0, 0, 0, 0, 3, 0, 3, 0, 3, 1, 1, 0, 1, 3]|[0, 1, 1, 2, 1, 0, 0, 1, 1, 1, 0, 1, 2, 1, 0, 1, 1, 0, 1, 0];[1, 19, 13, 14, 2, 8, 6, 16, 3, 10, 11, 4, 0, 7, 5, 15, 12, 17, 18, 9]|[0, 1, 1, 0, 2, 1, 2, 2, 1, 0, 0, 2, 0, 1, 0, 1, 1, 2, 1, 0]|[3, 1, 1, 3, 0, 1, 0, 0, 0, 0, 3, 0, 3, 0, 3, 1, 1, 0, 1, 3]|[0, 1, 1, 2, 1, 0, 0, 1, 1, 1, 0, 1, 2, 1, 0, 1, 1, 0, 1, 0];[2, 19, 8, 12, 10, 14, 1, 16, 15, 3, 4, 7, 6, 11, 0, 13, 18, 9, 17, 5]|[0, 0, 0, 0, 2, 2, 0, 1, 0, 2, 1, 0, 1, 2, 0, 0, 0, 0, 2, 1]|[0, 3, 3, 3, 1, 1, 3, 1, 3, 1, 1, 3, 1, 1, 3, 2, 3, 3, 0, 1]|[1, 0, 2, 0, 1, 0, 1, 1, 2, 1, 0, 0, 1, 1, 1, 0, 2, 0, 0, 0];[2, 19, 8, 12, 10, 14, 1, 16, 15, 3, 4, 7, 6, 11, 0, 13, 18, 9, 17, 5]|[0, 0, 0, 0, 2, 2, 0, 1, 0, 2, 1, 0, 1, 2, 0, 0, 0, 0, 2, 1]|[0, 3, 3, 3, 1, 1, 3, 1, 3, 1, 1, 3, 1, 1, 3, 2, 3, 3, 0, 1]|[1, 0, 2, 0, 1, 0, 1, 1, 2, 1, 0, 0, 1, 1, 1, 0, 2, 0, 0, 0];[2, 19, 8, 12, 10, 14, 1, 16, 15, 3, 4, 7, 6, 11, 0, 13, 18, 9, 17, 5]|[0, 0, 0, 0, 2, 2, 0, 1, 0, 2, 1, 0, 1, 2, 0, 0, 0, 0, 2, 1]|[0, 3, 3, 3, 1, 1, 3, 1, 3, 1, 1, 3, 1, 1, 3, 2, 3, 3, 0, 1]|[1, 0, 2, 0, 1, 0, 1, 1, 2, 1, 0, 0, 1, 1, 1, 0, 2, 0, 0, 0];[2, 19, 8, 12, 10, 14, 1, 16, 15, 3, 4, 7, 6, 11, 0, 13, 18, 9, 17, 5]|[0, 0, 0, 0, 2, 2, 0, 1, 0, 2, 1, 0, 1, 2, 0, 0, 0, 0, 2, 1]|[0, 3, 3, 3, 1, 1, 3, 1, 3, 1, 1, 3, 1, 1, 3, 2, 3, 3, 0, 1]|[1, 0, 2, 0, 1, 0, 1, 1, 2, 1, 0, 0, 1, 1, 1, 0, 2, 0, 0, 0];[2, 19, 15, 3, 10, 14, 18, 16, 12, 4, 0, 13, 17, 11, 5, 9, 1, 8, 6, 7]|[0, 0, 0, 0, 2, 2, 0, 1, 2, 1, 0, 0, 0, 2, 1, 0, 0, 0, 2, 1]|[0, 3, 3, 3, 1, 1, 2, 1, 1, 1, 3, 3, 3, 1, 1, 3, 3, 3, 1, 1]|[1, 0, 2, 0, 1, 0, 0, 1, 1, 0, 1, 2, 0, 1, 1, 2, 1, 0, 0, 0];[2, 19, 15, 3, 10, 14, 18, 16, 12, 4, 0, 13, 17, 11, 5, 9, 1, 8, 6, 7]|[0, 0, 0, 0, 2, 2, 0, 1, 2, 1, 0, 0, 0, 2, 1, 0, 0, 0, 2, 1]|[0, 3, 3, 3, 1, 1, 2, 1, 1, 1, 3, 3, 3, 1, 1, 3, 3, 3, 1, 1]|[1, 0, 2, 0, 1, 0, 0, 1, 1, 0, 1, 2, 0, 1, 1, 2, 1, 0, 0, 0];[2, 19, 15, 3, 10, 14, 18, 16, 12, 4, 0, 13, 17, 11, 5, 9, 1, 8, 6, 7]|[0, 0, 0, 0, 2, 2, 0, 1, 2, 1, 0, 0, 0, 2, 1, 0, 0, 0, 2, 1]|[0, 3, 3, 3, 1, 1, 2, 1, 1, 1, 3, 3, 3, 1, 1, 3, 3, 3, 1, 1]|[1, 0, 2, 0, 1, 0, 0, 1, 1, 0, 1, 2, 0, 1, 1, 2, 1, 0, 0, 0];[2, 19, 15, 3, 10, 14, 18, 16, 12, 4, 0, 13, 17, 11, 5, 9, 1, 8, 6, 7]|[0, 0, 0, 0, 2, 2, 0, 1, 2, 1, 0, 0, 0, 2, 1, 0, 0, 0, 2, 1]|[0, 3, 3, 3, 1, 1, 2, 1, 1, 1, 3, 3, 3, 1, 1, 3, 3, 3, 1, 1]|[1, 0, 2, 0, 1, 0, 0, 1, 1, 0, 1, 2, 0, 1, 1, 2, 1, 0, 0, 0];[1, 14, 10, 19, 8, 17, 15, 4, 7, 9, 5, 16, 18, 12, 3, 13, 11, 6, 2, 0]|[0, 0, 2, 1, 1, 1, 1, 2, 1, 0, 0, 2, 0, 1, 0, 1, 2, 2, 1, 0]|[3, 3, 1, 1, 1, 1, 1, 0, 1, 0, 3, 0, 3, 1, 3, 1, 0, 0, 1, 3]|[2, 2, 1, 1, 1, 1, 1, 1, 1, 1, 0, 1, 1, 1, 2, 1, 0, 1, 1, 0];[2, 12, 10, 15, 19, 18, 9, 1, 16, 13, 3, 5, 11, 6, 0, 7, 17, 14, 4, 8]|[0, 0, 0, 0, 2, 2, 0, 0, 1, 0, 2, 1, 0, 1, 2, 0, 0, 0, 2, 1]|[3, 0, 3, 3, 1, 1, 3, 3, 1, 3, 1, 1, 3, 1, 1, 3, 3, 3, 1, 1]|[0, 1, 2, 0, 1, 0, 2, 1, 1, 2, 1, 0, 0, 1, 1, 1, 0, 2, 0, 0];[11, 10, 4, 2, 3, 17, 15, 12, 7, 1, 9, 18, 8, 16, 5, 6, 0, 19, 13, 14]|[0, 0, 1, 0, 1, 2, 1, 1, 1, 1, 1, 0, 0, 2, 2, 1, 2, 2, 2, 0]|[0, 3, 1, 3, 1, 0, 1, 1, 1, 1, 1, 3, 3, 0, 1, 1, 0, 0, 0, 3]|[1, 0, 1, 0, 1, 0, 1, 1, 1, 1, 1, 2, 0, 0, 1, 1, 0, 1, 1, 0];[9, 12, 19, 10, 13, 14, 8, 15, 11, 6, 0, 4, 3, 7, 16, 1, 2, 18, 17, 5]|[0, 0, 0, 0, 0, 2, 0, 0, 2, 1, 0, 1, 2, 0, 1, 2, 0, 0, 2, 1]|[3, 0, 3, 2, 3, 1, 2, 3, 0, 1, 3, 1, 1, 3, 1, 1, 3, 3, 1, 1]|[2, 1, 0, 0, 2, 0, 1, 2, 1, 1, 0, 0, 1, 0, 1, 1, 2, 0, 0, 1];[9, 12, 19, 10, 13, 14, 8, 15, 11, 6, 0, 4, 3, 7, 16, 1, 2, 18, 17, 5]|[0, 0, 0, 0, 0, 2, 0, 0, 2, 1, 0, 1, 2, 0, 1, 2, 0, 0, 2, 1]|[3, 0, 3, 2, 3, 1, 2, 3, 0, 1, 3, 1, 1, 3, 1, 1, 3, 3, 1, 1]|[2, 1, 0, 0, 2, 0, 1, 2, 1, 1, 0, 0, 1, 0, 1, 1, 2, 0, 0, 1];[5, 2, 14, 10, 4, 13, 16, 19, 17, 9, 6, 0, 3, 11, 1, 15, 7, 8, 12, 18]|[0, 1, 1, 0, 2, 1, 2, 2, 1, 0, 2, 0, 1, 0, 0, 2, 1, 2, 1, 0]|[2, 1, 1, 3, 1, 1, 0, 0, 0, 3, 1, 0, 1, 3, 3, 0, 1, 0, 1, 3]|[2, 1, 1, 0, 1, 0, 0, 1, 1, 1, 1, 1, 1, 0, 2, 0, 1, 1, 1, 0];[1, 19, 10, 5, 8, 4, 2, 3, 15, 12, 9, 7, 13, 18, 11, 16, 0, 17, 6, 14]|[0, 1, 0, 2, 1, 2, 2, 1, 2, 1, 0, 1, 1, 0, 0, 2, 0, 1, 1, 0]|[3, 1, 3, 0, 1, 0, 0, 1, 0, 1, 3, 1, 1, 0, 3, 0, 3, 1, 1, 3]|[0, 1, 0, 1, 1, 0, 1, 1, 1, 1, 1, 1, 1, 0, 0, 1, 2, 1, 1, 0];[5, 2, 14, 15, 4, 13, 16, 19, 3, 11, 10, 1, 8, 17, 6, 7, 12, 18, 9, 0]|[0, 1, 1, 0, 2, 1, 2, 2, 1, 0, 0, 2, 0, 1, 1, 0, 1, 2, 1, 0]|[0, 1, 0, 3, 0, 1, 0, 0, 0, 3, 3, 0, 3, 1, 1, 1, 1, 0, 1, 3]|[2, 1, 1, 0, 0, 0, 0, 1, 1, 0, 0, 1, 2, 1, 1, 0, 1, 0, 1, 0];[5, 2, 14, 10, 4, 13, 16, 19, 6, 1, 9, 15, 12, 7, 18, 11, 17, 3, 8, 0]|[0, 1, 1, 0, 2, 1, 2, 2, 1, 0, 1, 1, 2, 0, 0, 2, 1, 2, 1, 0]|[3, 1, 1, 3, 1, 1, 0, 0, 0, 0, 1, 1, 0, 2, 3, 0, 0, 0, 1, 3]|[0, 1, 1, 2, 1, 0, 0, 1, 1, 1, 1, 1, 1, 0, 2, 1, 0, 1, 1, 0];[2, 19, 13, 15, 6, 3, 16, 10, 0, 11, 14, 8, 17, 7, 12, 4, 9, 5, 18, 1]|[0, 2, 1, 0, 2, 1, 2, 1, 0, 0, 2, 0, 1, 0, 1, 1, 2, 2, 1, 0]|[3, 1, 1, 3, 1, 1, 0, 0, 0, 3, 0, 3, 0, 0, 1, 1, 0, 1, 1, 3]|[2, 1, 1, 2, 1, 0, 0, 1, 0, 0, 1, 2, 1, 1, 1, 1, 0, 1, 1, 0];[2, 19, 13, 15, 6, 3, 16, 10, 0, 11, 14, 8, 17, 7, 12, 4, 9, 5, 18, 1]|[0, 2, 1, 0, 2, 1, 2, 1, 0, 0, 2, 0, 1, 0, 1, 1, 2, 2, 1, 0]|[3, 1, 1, 3, 1, 1, 0, 0, 0, 3, 0, 3, 0, 0, 1, 1, 0, 1, 1, 3]|[2, 1, 1, 2, 1, 0, 0, 1, 0, 0, 1, 2, 1, 1, 1, 1, 0, 1, 1, 0];[2, 12, 15, 19, 10, 14, 9, 1, 16, 13, 3, 4, 7, 6, 11, 0, 17, 8, 5, 18]|[0, 0, 0, 0, 2, 2, 0, 0, 1, 0, 2, 1, 0, 1, 2, 0, 0, 0, 2, 1]|[0, 3, 3, 3, 1, 1, 3, 3, 1, 3, 1, 1, 3, 1, 1, 3, 2, 3, 1, 1]|[1, 0, 2, 0, 1, 0, 2, 1, 1, 2, 1, 0, 0, 1, 1, 1, 0, 2, 0, 0];[2, 12, 15, 19, 10, 14, 9, 1, 16, 13, 3, 4, 7, 6, 11, 0, 17, 8, 5, 18]|[0, 0, 0, 0, 2, 2, 0, 0, 1, 0, 2, 1, 0, 1, 2, 0, 0, 0, 2, 1]|[0, 3, 3, 3, 1, 1, 3, 3, 1, 3, 1, 1, 3, 1, 1, 3, 2, 3, 1, 1]|[1, 0, 2, 0, 1, 0, 2, 1, 1, 2, 1, 0, 0, 1, 1, 1, 0, 2, 0, 0];[2, 12, 15, 19, 10, 14, 9, 1, 16, 13, 3, 4, 7, 6, 11, 0, 17, 8, 5, 18]|[0, 0, 0, 0, 2, 2, 0, 0, 1, 0, 2, 1, 0, 1, 2, 0, 0, 0, 2, 1]|[0, 3, 3, 3, 1, 1, 3, 3, 1, 3, 1, 1, 3, 1, 1, 3, 2, 3, 1, 1]|[1, 0, 2, 0, 1, 0, 2, 1, 1, 2, 1, 0, 0, 1, 1, 1, 0, 2, 0, 0];[2, 12, 15, 19, 10, 14, 9, 1, 16, 13, 3, 4, 7, 6, 11, 0, 17, 8, 5, 18]|[0, 0, 0, 0, 2, 2, 0, 0, 1, 0, 2, 1, 0, 1, 2, 0, 0, 0, 2, 1]|[0, 3, 3, 3, 1, 1, 3, 3, 1, 3, 1, 1, 3, 1, 1, 3, 2, 3, 1, 1]|[1, 0, 2, 0, 1, 0, 2, 1, 1, 2, 1, 0, 0, 1, 1, 1, 0, 2, 0, 0];[19, 15, 11, 2, 10, 14, 9, 1, 16, 13, 18, 4, 7, 12, 6, 0, 17, 8, 5, 3]|[0, 0, 0, 0, 2, 2, 0, 0, 1, 0, 2, 1, 0, 1, 2, 0, 0, 0, 2, 1]|[3, 3, 3, 0, 1, 1, 3, 3, 1, 3, 1, 1, 3, 1, 1, 3, 2, 3, 1, 1]|[0, 2, 0, 1, 1, 0, 2, 1, 1, 2, 1, 0, 0, 1, 1, 1, 0, 2, 0, 1];[19, 14, 2, 4, 16, 5, 3, 12, 10, 6, 0, 18, 9, 8, 15, 11, 7, 17, 13, 1]|[1, 0, 2, 1, 2, 2, 1, 1, 1, 0, 0, 0, 1, 1, 2, 2, 0, 0, 0, 0]|[0, 3, 0, 1, 0, 0, 1, 1, 1, 3, 3, 3, 1, 1, 1, 1, 3, 3, 3, 3]|[1, 0, 1, 0, 0, 1, 1, 1, 1, 0, 2, 0, 1, 1, 1, 0, 0, 0, 2, 0];[5, 2, 19, 14, 16, 6, 13, 4, 11, 8, 17, 15, 1, 10, 0, 7, 9, 18, 12, 3]|[0, 1, 1, 0, 2, 2, 1, 2, 1, 2, 0, 1, 0, 2, 0, 0, 1, 2, 1, 0]|[3, 1, 1, 3, 0, 0, 1, 0, 1, 0, 0, 1, 3, 0, 3, 3, 0, 0, 1, 3]|[2, 1, 1, 0, 1, 0, 1, 1, 1, 0, 0, 1, 2, 1, 2, 0, 1, 1, 1, 0];[5, 2, 19, 14, 16, 6, 13, 4, 11, 8, 17, 15, 1, 10, 0, 7, 9, 18, 12, 3]|[0, 1, 1, 0, 2, 2, 1, 2, 1, 2, 0, 1, 0, 2, 0, 0, 1, 2, 1, 0]|[3, 1, 1, 3, 0, 0, 1, 0, 1, 0, 0, 1, 3, 0, 3, 3, 0, 0, 1, 3]|[2, 1, 1, 0, 1, 0, 1, 1, 1, 0, 0, 1, 2, 1, 2, 0, 1, 1, 1, 0];[2, 1, 13, 14, 19, 4, 16, 5, 3, 10, 11, 17, 6, 7, 18, 9, 15, 0, 12, 8]|[0, 1, 1, 0, 2, 1, 2, 2, 1, 0, 0, 2, 0, 1, 0, 1, 1, 2, 1, 0]|[3, 1, 1, 3, 0, 1, 0, 0, 0, 0, 3, 0, 3, 0, 3, 1, 1, 0, 1, 3]|[0, 1, 1, 2, 1, 0, 0, 1, 1, 0, 0, 1, 2, 1, 0, 1, 1, 1, 1, 0];[2, 12, 15, 19, 10, 14, 9, 1, 16, 13, 3, 4, 7, 17, 11, 0, 8, 18, 5, 6]|[0, 0, 0, 0, 2, 2, 0, 0, 1, 0, 2, 1, 0, 1, 2, 0, 0, 0, 2, 1]|[3, 0, 3, 3, 0, 1, 3, 0, 1, 3, 1, 1, 3, 1, 1, 3, 2, 3, 1, 1]|[1, 0, 2, 0, 1, 0, 2, 1, 1, 2, 1, 0, 0, 1, 1, 1, 0, 2, 0, 1];[1, 19, 13, 14, 2, 4, 16, 5, 3, 10, 12, 9, 6, 17, 8, 15, 18, 11, 7, 0]|[0, 1, 1, 0, 2, 1, 2, 2, 1, 0, 0, 2, 0, 1, 0, 1, 1, 2, 1, 0]|[3, 1, 0, 3, 0, 1, 1, 0, 0, 0, 3, 0, 2, 0, 3, 1, 1, 0, 1, 3]|[0, 1, 1, 2, 1, 0, 0, 1, 1, 0, 0, 0, 2, 1, 1, 0, 1, 1, 1, 0];[2, 19, 15, 12, 10, 14, 9, 18, 16, 13, 3, 4, 8, 6, 1, 11, 0, 7, 5, 17]|[0, 0, 0, 0, 2, 2, 2, 0, 1, 0, 2, 1, 0, 1, 0, 0, 0, 0, 2, 1]|[0, 3, 3, 3, 1, 1, 1, 3, 1, 3, 1, 1, 2, 1, 3, 3, 3, 3, 1, 1]|[1, 0, 2, 0, 1, 0, 0, 1, 1, 2, 1, 0, 0, 1, 1, 0, 2, 1, 0, 0];[2, 19, 15, 12, 10, 14, 9, 18, 16, 13, 3, 4, 8, 6, 1, 11, 0, 7, 5, 17]|[0, 0, 0, 0, 2, 2, 2, 0, 1, 0, 2, 1, 0, 1, 0, 0, 0, 0, 2, 1]|[0, 3, 3, 3, 1, 1, 1, 3, 1, 3, 1, 1, 2, 1, 3, 3, 3, 3, 1, 1]|[1, 0, 2, 0, 1, 0, 0, 1, 1, 2, 1, 0, 0, 1, 1, 0, 2, 1, 0, 0];[2, 19, 15, 12, 10, 14, 9, 18, 16, 13, 3, 4, 8, 6, 1, 11, 0, 7, 5, 17]|[0, 0, 0, 0, 2, 2, 2, 0, 1, 0, 2, 1, 0, 1, 0, 0, 0, 0, 2, 1]|[0, 3, 3, 3, 1, 1, 1, 3, 1, 3, 1, 1, 2, 1, 3, 3, 3, 3, 1, 1]|[1, 0, 2, 0, 1, 0, 0, 1, 1, 2, 1, 0, 0, 1, 1, 0, 2, 1, 0, 0];[2, 19, 15, 12, 10, 14, 9, 18, 16, 13, 3, 4, 8, 6, 1, 11, 0, 7, 5, 17]|[0, 0, 0, 0, 2, 2, 2, 0, 1, 0, 2, 1, 0, 1, 0, 0, 0, 0, 2, 1]|[0, 3, 3, 3, 1, 1, 1, 3, 1, 3, 1, 1, 2, 1, 3, 3, 3, 3, 1, 1]|[1, 0, 2, 0, 1, 0, 0, 1, 1, 2, 1, 0, 0, 1, 1, 0, 2, 1, 0, 0];[11, 19, 14, 2, 4, 16, 5, 3, 9, 10, 18, 7, 1, 15, 0, 12, 17, 6, 13, 8]|[0, 1, 0, 2, 1, 2, 2, 1, 1, 0, 0, 2, 0, 2, 0, 1, 1, 2, 1, 0]|[0, 0, 1, 1, 1, 0, 1, 0, 1, 3, 3, 0, 3, 0, 3, 1, 1, 0, 0, 3]|[2, 1, 1, 1, 0, 0, 1, 1, 1, 0, 0, 1, 0, 0, 2, 1, 1, 1, 1, 0];[11, 19, 14, 2, 4, 16, 5, 3, 9, 10, 18, 7, 1, 15, 0, 12, 17, 6, 13, 8]|[0, 1, 0, 2, 1, 2, 2, 1, 1, 0, 0, 2, 0, 2, 0, 1, 1, 2, 1, 0]|[0, 0, 1, 1, 1, 0, 1, 0, 1, 3, 3, 0, 3, 0, 3, 1, 1, 0, 0, 3]|[2, 1, 1, 1, 0, 0, 1, 1, 1, 0, 0, 1, 0, 0, 2, 1, 1, 1, 1, 0];[11, 19, 14, 2, 4, 16, 5, 3, 9, 10, 18, 7, 1, 15, 0, 12, 17, 6, 13, 8]|[0, 1, 0, 2, 1, 2, 2, 1, 1, 0, 0, 2, 0, 2, 0, 1, 1, 2, 1, 0]|[0, 0, 1, 1, 1, 0, 1, 0, 1, 3, 3, 0, 3, 0, 3, 1, 1, 0, 0, 3]|[2, 1, 1, 1, 0, 0, 1, 1, 1, 0, 0, 1, 0, 0, 2, 1, 1, 1, 1, 0];[11, 19, 14, 2, 4, 16, 5, 3, 9, 10, 18, 7, 1, 15, 0, 12, 17, 6, 13, 8]|[0, 1, 0, 2, 1, 2, 2, 1, 1, 0, 0, 2, 0, 2, 0, 1, 1, 2, 1, 0]|[0, 0, 1, 1, 1, 0, 1, 0, 1, 3, 3, 0, 3, 0, 3, 1, 1, 0, 0, 3]|[2, 1, 1, 1, 0, 0, 1, 1, 1, 0, 0, 1, 0, 0, 2, 1, 1, 1, 1, 0];[19, 15, 14, 4, 13, 16, 5, 12, 7, 6, 0, 10, 9, 11, 1, 17, 2, 3, 8, 18]|[2, 1, 1, 0, 1, 2, 2, 1, 0, 0, 0, 2, 2, 0, 1, 1, 1, 2, 1, 0]|[1, 1, 0, 3, 1, 0, 0, 0, 0, 3, 1, 0, 0, 3, 0, 0, 1, 0, 1, 3]|[0, 1, 1, 2, 0, 1, 1, 1, 0, 0, 1, 1, 0, 0, 1, 1, 0, 1, 1, 0];[19, 15, 14, 4, 13, 16, 5, 12, 7, 6, 0, 10, 9, 11, 1, 17, 2, 3, 8, 18]|[2, 1, 1, 0, 1, 2, 2, 1, 0, 0, 0, 2, 2, 0, 1, 1, 1, 2, 1, 0]|[1, 1, 0, 3, 1, 0, 0, 0, 0, 3, 1, 0, 0, 3, 0, 0, 1, 0, 1, 3]|[0, 1, 1, 2, 0, 1, 1, 1, 0, 0, 1, 1, 0, 0, 1, 1, 0, 1, 1, 0];[19, 15, 14, 4, 13, 16, 5, 12, 7, 6, 0, 10, 9, 11, 1, 17, 2, 3, 8, 18]|[2, 1, 1, 0, 1, 2, 2, 1, 0, 0, 0, 2, 2, 0, 1, 1, 1, 2, 1, 0]|[1, 1, 0, 3, 1, 0, 0, 0, 0, 3, 1, 0, 0, 3, 0, 0, 1, 0, 1, 3]|[0, 1, 1, 2, 0, 1, 1, 1, 0, 0, 1, 1, 0, 0, 1, 1, 0, 1, 1, 0];[19, 14, 5, 4, 16, 2, 3, 9, 17, 6, 15, 11, 7, 8, 12, 10, 13, 18, 0, 1]|[1, 0, 2, 1, 2, 2, 1, 0, 0, 1, 1, 0, 0, 1, 2, 2, 2, 1, 0, 0]|[0, 0, 1, 1, 0, 1, 0, 3, 3, 0, 1, 0, 3, 1, 0, 0, 0, 1, 3, 3]|[1, 2, 1, 0, 0, 1, 1, 0, 0, 0, 1, 1, 0, 1, 1, 1, 0, 1, 2, 0];[19, 14, 5, 4, 16, 2, 3, 9, 17, 6, 15, 11, 7, 8, 12, 10, 13, 18, 0, 1]|[1, 0, 2, 1, 2, 2, 1, 0, 0, 1, 1, 0, 0, 1, 2, 2, 2, 1, 0, 0]|[0, 0, 1, 1, 0, 1, 0, 3, 3, 0, 1, 0, 3, 1, 0, 0, 0, 1, 3, 3]|[1, 2, 1, 0, 0, 1, 1, 0, 0, 0, 1, 1, 0, 1, 1, 1, 0, 1, 2, 0];[19, 14, 5, 4, 16, 2, 3, 9, 17, 6, 15, 11, 7, 8, 12, 10, 13, 18, 0, 1]|[1, 0, 2, 1, 2, 2, 1, 0, 0, 1, 1, 0, 0, 1, 2, 2, 2, 1, 0, 0]|[0, 0, 1, 1, 0, 1, 0, 3, 3, 0, 1, 0, 3, 1, 0, 0, 0, 1, 3, 3]|[1, 2, 1, 0, 0, 1, 1, 0, 0, 0, 1, 1, 0, 1, 1, 1, 0, 1, 2, 0];[19, 14, 5, 4, 16, 2, 3, 9, 17, 6, 15, 11, 7, 8, 12, 10, 13, 18, 0, 1]|[1, 0, 2, 1, 2, 2, 1, 0, 0, 1, 1, 0, 0, 1, 2, 2, 2, 1, 0, 0]|[0, 0, 1, 1, 0, 1, 0, 3, 3, 0, 1, 0, 3, 1, 0, 0, 0, 1, 3, 3]|[1, 2, 1, 0, 0, 1, 1, 0, 0, 0, 1, 1, 0, 1, 1, 1, 0, 1, 2, 0];[2, 19, 15, 12, 10, 9, 14, 5, 16, 18, 11, 6, 4, 3, 0, 8, 17, 7, 1, 13]|[1, 0, 0, 0, 2, 2, 2, 0, 1, 0, 2, 1, 1, 2, 0, 0, 0, 0, 0, 1]|[1, 3, 3, 3, 1, 1, 0, 3, 1, 0, 1, 1, 1, 1, 3, 3, 2, 3, 3, 1]|[0, 0, 2, 0, 1, 0, 0, 2, 1, 1, 1, 1, 0, 1, 1, 2, 0, 0, 1, 1];[12, 5, 4, 15, 11, 19, 1, 16, 3, 9, 0, 10, 2, 14, 6, 17, 13, 18, 7, 8]|[0, 2, 0, 2, 0, 1, 0, 2, 1, 2, 2, 1, 2, 0, 1, 1, 1, 2, 1, 0]|[3, 0, 3, 1, 0, 1, 2, 1, 1, 0, 0, 1, 1, 3, 0, 1, 1, 0, 1, 3]|[0, 0, 2, 1, 1, 1, 0, 0, 1, 1, 1, 1, 1, 2, 0, 1, 1, 0, 1, 0];[12, 5, 4, 15, 11, 19, 1, 16, 3, 9, 0, 10, 2, 14, 6, 17, 13, 18, 7, 8]|[0, 2, 0, 2, 0, 1, 0, 2, 1, 2, 2, 1, 2, 0, 1, 1, 1, 2, 1, 0]|[3, 0, 3, 1, 0, 1, 2, 1, 1, 0, 0, 1, 1, 3, 0, 1, 1, 0, 1, 3]|[0, 0, 2, 1, 1, 1, 0, 0, 1, 1, 1, 1, 1, 2, 0, 1, 1, 0, 1, 0];[12, 5, 4, 15, 11, 19, 1, 16, 3, 9, 0, 10, 2, 14, 6, 17, 13, 18, 7, 8]|[0, 2, 0, 2, 0, 1, 0, 2, 1, 2, 2, 1, 2, 0, 1, 1, 1, 2, 1, 0]|[3, 0, 3, 1, 0, 1, 2, 1, 1, 0, 0, 1, 1, 3, 0, 1, 1, 0, 1, 3]|[0, 0, 2, 1, 1, 1, 0, 0, 1, 1, 1, 1, 1, 2, 0, 1, 1, 0, 1, 0];[12, 5, 4, 15, 11, 19, 1, 16, 3, 9, 0, 10, 2, 14, 6, 17, 13, 18, 7, 8]|[0, 2, 0, 2, 0, 1, 0, 2, 1, 2, 2, 1, 2, 0, 1, 1, 1, 2, 1, 0]|[3, 0, 3, 1, 0, 1, 2, 1, 1, 0, 0, 1, 1, 3, 0, 1, 1, 0, 1, 3]|[0, 0, 2, 1, 1, 1, 0, 0, 1, 1, 1, 1, 1, 2, 0, 1, 1, 0, 1, 0];[2, 19, 13, 9, 14, 8, 6, 16, 7, 11, 10, 1, 12, 15, 17, 5, 18, 3, 4, 0]|[0, 1, 1, 2, 0, 1, 2, 2, 0, 0, 2, 0, 1, 0, 1, 2, 1, 1, 1, 0]|[3, 1, 1, 1, 3, 1, 0, 0, 0, 3, 0, 3, 1, 3, 1, 0, 1, 1, 1, 3]|[0, 1, 1, 1, 2, 1, 0, 1, 0, 0, 1, 2, 1, 1, 1, 1, 1, 1, 1, 0];[2, 19, 13, 9, 14, 8, 6, 16, 7, 11, 10, 1, 12, 15, 17, 5, 18, 3, 4, 0]|[0, 1, 1, 2, 0, 1, 2, 2, 0, 0, 2, 0, 1, 0, 1, 2, 1, 1, 1, 0]|[3, 1, 1, 1, 3, 1, 0, 0, 0, 3, 0, 3, 1, 3, 1, 0, 1, 1, 1, 3]|[0, 1, 1, 1, 2, 1, 0, 1, 0, 0, 1, 2, 1, 1, 1, 1, 1, 1, 1, 0];[2, 19, 13, 9, 14, 8, 6, 16, 7, 11, 10, 1, 12, 15, 17, 5, 18, 3, 4, 0]|[0, 1, 1, 2, 0, 1, 2, 2, 0, 0, 2, 0, 1, 0, 1, 2, 1, 1, 1, 0]|[3, 1, 1, 1, 3, 1, 0, 0, 0, 3, 0, 3, 1, 3, 1, 0, 1, 1, 1, 3]|[0, 1, 1, 1, 2, 1, 0, 1, 0, 0, 1, 2, 1, 1, 1, 1, 1, 1, 1, 0];[2, 19, 13, 9, 14, 8, 6, 16, 7, 11, 10, 1, 12, 15, 17, 5, 18, 3, 4, 0]|[0, 1, 1, 2, 0, 1, 2, 2, 0, 0, 2, 0, 1, 0, 1, 2, 1, 1, 1, 0]|[3, 1, 1, 1, 3, 1, 0, 0, 0, 3, 0, 3, 1, 3, 1, 0, 1, 1, 1, 3]|[0, 1, 1, 1, 2, 1, 0, 1, 0, 0, 1, 2, 1, 1, 1, 1, 1, 1, 1, 0];[5, 4, 14, 10, 2, 6, 3, 0, 17, 12, 11, 1, 16, 18, 7, 15, 9, 13, 19, 8]|[0, 1, 0, 2, 1, 2, 2, 1, 1, 0, 0, 1, 0, 2, 0, 1, 2, 1, 1, 0]|[3, 1, 3, 0, 1, 0, 0, 1, 1, 3, 3, 1, 3, 0, 3, 1, 0, 1, 1, 3]|[0, 1, 2, 1, 1, 0, 1, 1, 1, 0, 0, 1, 2, 1, 0, 1, 1, 1, 1, 0];[5, 4, 14, 10, 2, 6, 3, 0, 17, 12, 11, 1, 16, 18, 7, 15, 9, 13, 19, 8]|[0, 1, 0, 2, 1, 2, 2, 1, 1, 0, 0, 1, 0, 2, 0, 1, 2, 1, 1, 0]|[3, 1, 3, 0, 1, 0, 0, 1, 1, 3, 3, 1, 3, 0, 3, 1, 0, 1, 1, 3]|[0, 1, 2, 1, 1, 0, 1, 1, 1, 0, 0, 1, 2, 1, 0, 1, 1, 1, 1, 0];[5, 4, 14, 10, 2, 6, 3, 0, 17, 12, 11, 1, 16, 18, 7, 15, 9, 13, 19, 8]|[0, 1, 0, 2, 1, 2, 2, 1, 1, 0, 0, 1, 0, 2, 0, 1, 2, 1, 1, 0]|[3, 1, 3, 0, 1, 0, 0, 1, 1, 3, 3, 1, 3, 0, 3, 1, 0, 1, 1, 3]|[0, 1, 2, 1, 1, 0, 1, 1, 1, 0, 0, 1, 2, 1, 0, 1, 1, 1, 1, 0];[2, 1, 12, 8, 10, 3, 5, 6, 13, 7, 0, 18, 15, 9, 14, 16, 4, 17, 19, 11]|[2, 1, 1, 0, 0, 1, 2, 0, 1, 1, 0, 0, 1, 1, 0, 2, 1, 2, 2, 0]|[1, 1, 1, 3, 3, 1, 0, 3, 1, 1, 3, 3, 1, 1, 3, 0, 1, 0, 0, 3]|[1, 1, 1, 0, 0, 1, 1, 2, 1, 1, 0, 0, 1, 1, 2, 0, 1, 1, 1, 0];[2, 1, 12, 8, 10, 3, 5, 6, 13, 7, 0, 18, 15, 9, 14, 16, 4, 17, 19, 11]|[2, 1, 1, 0, 0, 1, 2, 0, 1, 1, 0, 0, 1, 1, 0, 2, 1, 2, 2, 0]|[1, 1, 1, 3, 3, 1, 0, 3, 1, 1, 3, 3, 1, 1, 3, 0, 1, 0, 0, 3]|[1, 1, 1, 0, 0, 1, 1, 2, 1, 1, 0, 0, 1, 1, 2, 0, 1, 1, 1, 0];[2, 1, 12, 8, 10, 3, 5, 6, 13, 7, 0, 18, 15, 9, 14, 16, 4, 17, 19, 11]|[2, 1, 1, 0, 0, 1, 2, 0, 1, 1, 0, 0, 1, 1, 0, 2, 1, 2, 2, 0]|[1, 1, 1, 3, 3, 1, 0, 3, 1, 1, 3, 3, 1, 1, 3, 0, 1, 0, 0, 3]|[1, 1, 1, 0, 0, 1, 1, 2, 1, 1, 0, 0, 1, 1, 2, 0, 1, 1, 1, 0];[2, 1, 12, 8, 10, 3, 5, 6, 13, 7, 0, 18, 15, 9, 14, 16, 4, 17, 19, 11]|[2, 1, 1, 0, 0, 1, 2, 0, 1, 1, 0, 0, 1, 1, 0, 2, 1, 2, 2, 0]|[1, 1, 1, 3, 3, 1, 0, 3, 1, 1, 3, 3, 1, 1, 3, 0, 1, 0, 0, 3]|[1, 1, 1, 0, 0, 1, 1, 2, 1, 1, 0, 0, 1, 1, 2, 0, 1, 1, 1, 0];[2, 19, 8, 14, 6, 13, 5, 15, 4, 11, 7, 12, 17, 16, 3, 9, 1, 0, 10, 18]|[0, 1, 1, 0, 1, 2, 2, 0, 2, 0, 0, 2, 0, 2, 1, 1, 1, 1, 1, 0]|[3, 1, 1, 3, 1, 0, 0, 3, 0, 3, 3, 0, 3, 0, 1, 1, 1, 1, 1, 3]|[0, 1, 1, 0, 1, 1, 1, 2, 1, 0, 0, 1, 0, 0, 1, 1, 1, 1, 1, 0];[2, 19, 8, 14, 6, 13, 5, 15, 4, 11, 7, 12, 17, 16, 3, 9, 1, 0, 10, 18]|[0, 1, 1, 0, 1, 2, 2, 0, 2, 0, 0, 2, 0, 2, 1, 1, 1, 1, 1, 0]|[3, 1, 1, 3, 1, 0, 0, 3, 0, 3, 3, 0, 3, 0, 1, 1, 1, 1, 1, 3]|[0, 1, 1, 0, 1, 1, 1, 2, 1, 0, 0, 1, 0, 0, 1, 1, 1, 1, 1, 0];[2, 19, 8, 14, 6, 13, 5, 15, 4, 11, 7, 12, 17, 16, 3, 9, 1, 0, 10, 18]|[0, 1, 1, 0, 1, 2, 2, 0, 2, 0, 0, 2, 0, 2, 1, 1, 1, 1, 1, 0]|[3, 1, 1, 3, 1, 0, 0, 3, 0, 3, 3, 0, 3, 0, 1, 1, 1, 1, 1, 3]|[0, 1, 1, 0, 1, 1, 1, 2, 1, 0, 0, 1, 0, 0, 1, 1, 1, 1, 1, 0];[1, 19, 10, 14, 15, 12, 9, 2, 16, 13, 3, 4, 7, 11, 6, 0, 17, 8, 18, 5]|[0, 0, 0, 0, 2, 2, 0, 0, 1, 0, 2, 1, 0, 1, 2, 0, 0, 0, 2, 1]|[0, 3, 3, 3, 1, 1, 3, 3, 1, 3, 1, 1, 3, 1, 1, 3, 2, 3, 1, 1]|[1, 0, 2, 0, 1, 0, 2, 1, 1, 2, 1, 0, 0, 1, 1, 1, 2, 2, 0, 1];[5, 2, 14, 10, 4, 13, 16, 19, 17, 0, 11, 9, 12, 3, 18, 15, 6, 1, 7, 8]|[0, 1, 0, 2, 1, 1, 2, 2, 1, 0, 1, 2, 2, 0, 0, 2, 1, 2, 1, 0]|[0, 0, 3, 1, 1, 1, 0, 1, 0, 3, 0, 0, 1, 0, 3, 0, 1, 0, 1, 3]|[0, 0, 2, 1, 1, 1, 0, 1, 1, 2, 0, 0, 0, 1, 0, 1, 1, 1, 1, 0];[5, 2, 14, 10, 4, 13, 16, 19, 17, 0, 11, 9, 12, 3, 18, 15, 6, 1, 7, 8]|[0, 1, 0, 2, 1, 1, 2, 2, 1, 0, 1, 2, 2, 0, 0, 2, 1, 2, 1, 0]|[0, 0, 3, 1, 1, 1, 0, 1, 0, 3, 0, 0, 1, 0, 3, 0, 1, 0, 1, 3]|[0, 0, 2, 1, 1, 1, 0, 1, 1, 2, 0, 0, 0, 1, 0, 1, 1, 1, 1, 0];[5, 2, 14, 10, 4, 13, 16, 19, 17, 0, 11, 9, 12, 3, 18, 15, 6, 1, 7, 8]|[0, 1, 0, 2, 1, 1, 2, 2, 1, 0, 1, 2, 2, 0, 0, 2, 1, 2, 1, 0]|[0, 0, 3, 1, 1, 1, 0, 1, 0, 3, 0, 0, 1, 0, 3, 0, 1, 0, 1, 3]|[0, 0, 2, 1, 1, 1, 0, 1, 1, 2, 0, 0, 0, 1, 0, 1, 1, 1, 1, 0];[5, 2, 14, 10, 4, 13, 16, 19, 17, 0, 11, 9, 12, 3, 18, 15, 6, 1, 7, 8]|[0, 1, 0, 2, 1, 1, 2, 2, 1, 0, 1, 2, 2, 0, 0, 2, 1, 2, 1, 0]|[0, 0, 3, 1, 1, 1, 0, 1, 0, 3, 0, 0, 1, 0, 3, 0, 1, 0, 1, 3]|[0, 0, 2, 1, 1, 1, 0, 1, 1, 2, 0, 0, 0, 1, 0, 1, 1, 1, 1, 0];[19, 16, 12, 3, 0, 2, 4, 13, 14, 8, 9, 1, 15, 10, 18, 11, 6, 7, 17, 5]|[1, 0, 1, 2, 0, 2, 2, 0, 0, 0, 0, 0, 0, 1, 0, 2, 1, 0, 2, 1]|[1, 3, 1, 1, 3, 1, 1, 3, 3, 3, 3, 3, 3, 1, 3, 1, 1, 3, 1, 1]|[0, 2, 1, 0, 0, 1, 0, 2, 0, 2, 0, 0, 2, 1, 0, 1, 1, 2, 0, 0];[9, 12, 17, 18, 11, 19, 13, 0, 8, 1, 4, 6, 15, 14, 3, 5, 16, 10, 2, 7]|[2, 0, 0, 0, 0, 1, 0, 0, 1, 1, 2, 1, 0, 0, 1, 2, 2, 2, 0, 0]|[0, 3, 3, 3, 3, 1, 3, 3, 1, 1, 0, 1, 3, 3, 1, 0, 1, 0, 3, 3]|[1, 0, 0, 2, 0, 1, 2, 0, 1, 1, 1, 1, 0, 2, 1, 1, 0, 1, 0, 0];[9, 12, 17, 18, 11, 19, 13, 0, 8, 1, 4, 6, 15, 14, 3, 5, 16, 10, 2, 7]|[2, 0, 0, 0, 0, 1, 0, 0, 1, 1, 2, 1, 0, 0, 1, 2, 2, 2, 0, 0]|[0, 3, 3, 3, 3, 1, 3, 3, 1, 1, 0, 1, 3, 3, 1, 0, 1, 0, 3, 3]|[1, 0, 0, 2, 0, 1, 2, 0, 1, 1, 1, 1, 0, 2, 1, 1, 0, 1, 0, 0];[2, 19, 8, 14, 9, 6, 18, 12, 13, 1, 7, 0, 4, 10, 11, 16, 3, 15, 5, 17]|[0, 1, 1, 0, 2, 1, 0, 1, 2, 1, 0, 2, 0, 0, 2, 2, 1, 1, 1, 0]|[3, 1, 1, 3, 0, 1, 3, 1, 0, 1, 3, 0, 3, 3, 0, 0, 1, 1, 1, 3]|[0, 1, 1, 2, 1, 1, 0, 1, 0, 1, 2, 1, 0, 2, 0, 1, 1, 1, 1, 0]	sBp=[19, 17, 11, 5, 9, 6, 4, 10, 14, 2, 16, 12, 15, 3, 0, 1, 13, 8, 18, 7]|[2, 1, 1, 2, 2, 1, 2, 0, 1, 1, 2, 2, 0, 0, 0, 2, 1, 0, 1, 0]|[1, 0, 1, 1, 0, 1, 1, 2, 1, 0, 0, 0, 3, 0, 0, 0, 1, 3, 1, 1]|[1, 0, 1, 1, 0, 1, 1, 1, 1, 0, 0, 0, 0, 0, 2, 1, 1, 0, 1, 1];[2, 19, 8, 14, 9, 6, 18, 12, 13, 1, 7, 0, 4, 10, 11, 16, 3, 15, 5, 17]|[0, 1, 1, 0, 2, 1, 0, 1, 2, 1, 0, 2, 0, 0, 2, 2, 1, 1, 1, 0]|[3, 1, 1, 3, 0, 1, 3, 1, 0, 1, 3, 0, 3, 3, 0, 0, 1, 1, 1, 3]|[0, 1, 1, 2, 1, 1, 0, 1, 0, 1, 2, 1, 0, 2, 0, 1, 1, 1, 1, 0];[2, 19, 15, 12, 10, 14, 9, 18, 16, 13, 3, 4, 8, 6, 1, 11, 0, 7, 5, 17]|[0, 0, 0, 0, 2, 2, 2, 0, 1, 0, 2, 1, 0, 1, 0, 0, 0, 0, 2, 1]|[0, 3, 3, 3, 1, 1, 1, 3, 1, 3, 1, 1, 2, 1, 3, 3, 3, 3, 1, 1]|[1, 0, 2, 0, 1, 0, 0, 1, 1, 2, 1, 0, 0, 1, 1, 0, 2, 1, 0, 0];[2, 19, 6, 15, 3, 4, 16, 5, 1, 11, 10, 0, 18, 12, 7, 13, 17, 8, 9, 14]|[0, 1, 1, 0, 2, 1, 2, 2, 1, 0, 0, 2, 0, 1, 0, 1, 1, 2, 1, 0]|[3, 1, 0, 3, 0, 1, 0, 0, 0, 0, 3, 0, 3, 1, 3, 1, 1, 0, 1, 3]|[0, 1, 1, 2, 1, 0, 0, 1, 1, 1, 0, 1, 2, 1, 1, 1, 1, 1, 1, 0];[1, 19, 8, 14, 5, 13, 6, 16, 3, 0, 12, 4, 2, 15, 17, 10, 9, 11, 7, 18]|[0, 1, 1, 0, 2, 1, 2, 2, 1, 0, 0, 2, 0, 1, 0, 1, 1, 2, 1, 0]|[3, 1, 1, 3, 0, 1, 0, 0, 0, 0, 3, 0, 3, 0, 3, 1, 1, 0, 1, 3]|[0, 1, 1, 2, 1, 0, 0, 1, 1, 1, 0, 1, 2, 1, 1, 1, 1, 1, 1, 0];[1, 19, 14, 2, 17, 18, 5, 15, 12, 6, 16, 10, 11, 4, 0, 7, 13, 8, 3, 9]|[0, 1, 0, 2, 2, 1, 0, 1, 1, 2, 2, 0, 0, 2, 0, 1, 1, 1, 1, 0]|[3, 1, 3, 0, 0, 1, 3, 1, 1, 0, 0, 0, 3, 0, 3, 1, 1, 1, 1, 3]|[0, 1, 2, 1, 0, 1, 0, 1, 1, 0, 1, 1, 0, 1, 2, 1, 1, 1, 1, 0];[1, 19, 14, 2, 17, 18, 5, 15, 12, 6, 16, 10, 11, 4, 0, 7, 13, 8, 3, 9]|[0, 1, 0, 2, 2, 1, 0, 1, 1, 2, 2, 0, 0, 2, 0, 1, 1, 1, 1, 0]|[3, 1, 3, 0, 0, 1, 3, 1, 1, 0, 0, 0, 3, 0, 3, 1, 1, 1, 1, 3]|[0, 1, 2, 1, 0, 1, 0, 1, 1, 0, 1, 1, 0, 1, 2, 1, 1, 1, 1, 0];[1, 19, 14, 2, 17, 18, 5, 15, 12, 6, 16, 10, 11, 4, 0, 7, 13, 8, 3, 9]|[0, 1, 0, 2, 2, 1, 0, 1, 1, 2, 2, 0, 0, 2, 0, 1, 1, 1, 1, 0]|[3, 1, 3, 0, 0, 1, 3, 1, 1, 0, 0, 0, 3, 0, 3, 1, 1, 1, 1, 3]|[0, 1, 2, 1, 0, 1, 0, 1, 1, 0, 1, 1, 0, 1, 2, 1, 1, 1, 1, 0];[1, 19, 14, 2, 17, 18, 5, 15, 12, 6, 16, 10, 11, 4, 0, 7, 13, 8, 3, 9]|[0, 1, 0, 2, 2, 1, 0, 1, 1, 2, 2, 0, 0, 2, 0, 1, 1, 1, 1, 0]|[3, 1, 3, 0, 0, 1, 3, 1, 1, 0, 0, 0, 3, 0, 3, 1, 1, 1, 1, 3]|[0, 1, 2, 1, 0, 1, 0, 1, 1, 0, 1, 1, 0, 1, 2, 1, 1, 1, 1, 0];[2, 12, 15, 19, 10, 14, 16, 13, 0, 3, 4, 7, 9, 6, 5, 1, 11, 18, 17, 8]|[0, 0, 0, 0, 2, 2, 1, 0, 0, 2, 1, 0, 0, 1, 2, 0, 0, 0, 2, 1]|[0, 3, 3, 3, 1, 1, 1, 3, 3, 1, 1, 3, 3, 1, 1, 3, 2, 3, 1, 1]|[1, 0, 2, 0, 1, 0, 1, 2, 1, 1, 0, 0, 2, 1, 1, 1, 0, 2, 0, 1];[2, 12, 15, 19, 10, 14, 16, 13, 0, 3, 4, 7, 9, 6, 5, 1, 11, 18, 17, 8]|[0, 0, 0, 0, 2, 2, 1, 0, 0, 2, 1, 0, 0, 1, 2, 0, 0, 0, 2, 1]|[0, 3, 3, 3, 1, 1, 1, 3, 3, 1, 1, 3, 3, 1, 1, 3, 2, 3, 1, 1]|[1, 0, 2, 0, 1, 0, 1, 2, 1, 1, 0, 0, 2, 1, 1, 1, 0, 2, 0, 1];[2, 12, 15, 19, 10, 14, 16, 13, 0, 3, 4, 7, 9, 6, 5, 1, 11, 18, 17, 8]|[0, 0, 0, 0, 2, 2, 1, 0, 0, 2, 1, 0, 0, 1, 2, 0, 0, 0, 2, 1]|[0, 3, 3, 3, 1, 1, 1, 3, 3, 1, 1, 3, 3, 1, 1, 3, 2, 3, 1, 1]|[1, 0, 2, 0, 1, 0, 1, 2, 1, 1, 0, 0, 2, 1, 1, 1, 0, 2, 0, 1];[2, 12, 15, 19, 10, 14, 16, 13, 0, 3, 4, 7, 9, 6, 5, 1, 11, 18, 17, 8]|[0, 0, 0, 0, 2, 2, 1, 0, 0, 2, 1, 0, 0, 1, 2, 0, 0, 0, 2, 1]|[0, 3, 3, 3, 1, 1, 1, 3, 3, 1, 1, 3, 3, 1, 1, 3, 2, 3, 1, 1]|[1, 0, 2, 0, 1, 0, 1, 2, 1, 1, 0, 0, 2, 1, 1, 1, 0, 2, 0, 1];[19, 9, 12, 2, 10, 14, 15, 1, 16, 7, 3, 4, 18, 8, 0, 11, 17, 13, 5, 6]|[0, 0, 0, 0, 2, 2, 0, 0, 1, 0, 2, 1, 0, 0, 0, 2, 1, 0, 2, 1]|[3, 3, 3, 3, 0, 1, 3, 0, 1, 3, 1, 1, 3, 2, 3, 1, 1, 3, 1, 1]|[0, 2, 1, 0, 1, 0, 2, 1, 1, 0, 1, 0, 2, 0, 1, 1, 1, 2, 0, 1];[12, 10, 15, 19, 14, 7, 8, 5, 1, 4, 3, 2, 16, 13, 17, 9, 18, 0, 11, 6]|[0, 0, 0, 2, 2, 0, 1, 2, 0, 1, 2, 0, 1, 0, 0, 0, 0, 0, 2, 1]|[2, 3, 3, 0, 1, 3, 1, 1, 3, 1, 1, 3, 1, 3, 3, 3, 3, 3, 1, 1]|[1, 2, 0, 1, 0, 2, 1, 1, 1, 0, 1, 0, 1, 2, 1, 2, 0, 2, 0, 0];[1, 2, 13, 14, 19, 4, 16, 5, 3, 10, 11, 17, 8, 12, 7, 6, 15, 0, 9, 18]|[0, 1, 1, 0, 2, 1, 2, 2, 1, 0, 0, 2, 0, 1, 0, 1, 1, 2, 1, 0]|[3, 1, 0, 3, 1, 1, 0, 0, 0, 0, 3, 0, 3, 1, 0, 1, 1, 0, 1, 3]|[0, 1, 1, 2, 1, 0, 1, 1, 1, 1, 0, 1, 2, 1, 1, 1, 1, 1, 1, 0];[5, 2, 13, 14, 19, 4, 16, 6, 3, 18, 15, 9, 8, 7, 1, 12, 11, 10, 17, 0]|[0, 1, 1, 0, 2, 1, 2, 2, 1, 0, 0, 2, 0, 1, 0, 1, 1, 2, 1, 0]|[3, 1, 0, 3, 0, 1, 0, 0, 0, 0, 3, 0, 3, 0, 2, 1, 1, 0, 1, 3]|[0, 1, 1, 2, 0, 0, 1, 1, 1, 0, 0, 1, 2, 1, 1, 1, 1, 1, 1, 0];[1, 2, 13, 14, 19, 4, 16, 5, 3, 10, 11, 17, 8, 15, 9, 0, 6, 12, 7, 18]|[0, 1, 1, 0, 2, 1, 2, 2, 1, 0, 0, 2, 0, 1, 0, 1, 1, 2, 1, 0]|[3, 1, 0, 3, 1, 1, 0, 0, 0, 0, 3, 0, 3, 1, 0, 1, 1, 0, 1, 3]|[0, 1, 1, 2, 1, 0, 0, 1, 1, 1, 0, 1, 2, 1, 1, 1, 1, 1, 1, 0];[2, 19, 13, 15, 6, 3, 16, 5, 10, 0, 11, 14, 8, 17, 7, 12, 4, 9, 18, 1]|[0, 1, 1, 0, 2, 1, 2, 2, 1, 0, 0, 2, 0, 1, 0, 1, 1, 2, 1, 0]|[3, 1, 1, 3, 1, 1, 0, 1, 0, 0, 3, 0, 3, 0, 0, 1, 1, 0, 1, 3]|[2, 1, 1, 2, 1, 0, 0, 1, 1, 0, 0, 1, 2, 1, 1, 1, 1, 0, 1, 0];[1, 19, 13, 14, 2, 4, 16, 5, 3, 10, 12, 6, 11, 18, 7, 9, 15, 0, 17, 8]|[0, 1, 1, 0, 2, 1, 2, 2, 1, 0, 0, 2, 0, 1, 0, 1, 1, 2, 1, 0]|[3, 1, 1, 3, 0, 1, 0, 0, 0, 0, 3, 0, 3, 0, 3, 1, 1, 0, 1, 3]|[0, 1, 1, 2, 1, 0, 0, 1, 1, 0, 0, 1, 2, 1, 1, 1, 1, 1, 1, 0];[1, 19, 13, 14, 2, 4, 16, 5, 3, 10, 12, 6, 11, 18, 7, 9, 15, 0, 17, 8]|[0, 1, 1, 0, 2, 1, 2, 2, 1, 0, 0, 2, 0, 1, 0, 1, 1, 2, 1, 0]|[3, 1, 1, 3, 0, 1, 0, 0, 0, 0, 3, 0, 3, 0, 3, 1, 1, 0, 1, 3]|[0, 1, 1, 2, 1, 0, 0, 1, 1, 0, 0, 1, 2, 1, 1, 1, 1, 1, 1, 0];[1, 19, 13, 14, 2, 4, 16, 5, 3, 12, 10, 6, 11, 18, 7, 9, 15, 0, 17, 8]|[0, 1, 1, 0, 2, 2, 2, 2, 1, 0, 0, 1, 0, 1, 0, 2, 1, 2, 1, 0]|[1, 1, 1, 3, 0, 0, 0, 0, 0, 3, 0, 1, 3, 0, 3, 1, 1, 0, 1, 3]|[0, 1, 1, 2, 1, 1, 0, 1, 1, 0, 0, 0, 2, 1, 1, 0, 1, 1, 1, 0];[1, 19, 13, 14, 2, 4, 16, 5, 3, 12, 10, 6, 11, 18, 7, 9, 15, 0, 17, 8]|[0, 1, 1, 0, 2, 2, 2, 2, 1, 0, 0, 1, 0, 1, 0, 2, 1, 2, 1, 0]|[1, 1, 1, 3, 0, 0, 0, 0, 0, 3, 0, 1, 3, 0, 3, 1, 1, 0, 1, 3]|[0, 1, 1, 2, 1, 1, 0, 1, 1, 0, 0, 0, 2, 1, 1, 0, 1, 1, 1, 0];[2, 12, 15, 9, 10, 14, 19, 0, 16, 13, 3, 4, 7, 6, 11, 1, 18, 8, 17, 5]|[0, 0, 0, 0, 2, 2, 0, 0, 1, 0, 2, 1, 0, 1, 2, 0, 0, 0, 2, 1]|[0, 1, 3, 3, 1, 1, 3, 3, 1, 3, 1, 1, 3, 1, 1, 3, 2, 3, 1, 1]|[1, 0, 2, 2, 1, 0, 0, 1, 1, 2, 1, 0, 0, 1, 1, 1, 0, 2, 0, 0];[2, 12, 15, 9, 10, 14, 19, 0, 16, 13, 3, 4, 7, 6, 11, 1, 18, 8, 17, 5]|[0, 0, 0, 0, 2, 2, 0, 0, 1, 0, 2, 1, 0, 1, 2, 0, 0, 0, 2, 1]|[0, 1, 3, 3, 1, 1, 3, 3, 1, 3, 1, 1, 3, 1, 1, 3, 2, 3, 1, 1]|[1, 0, 2, 2, 1, 0, 0, 1, 1, 2, 1, 0, 0, 1, 1, 1, 0, 2, 0, 0];[2, 12, 15, 9, 10, 14, 19, 0, 16, 13, 3, 4, 7, 6, 11, 1, 18, 8, 17, 5]|[0, 0, 0, 0, 2, 2, 0, 0, 1, 0, 2, 1, 0, 1, 2, 0, 0, 0, 2, 1]|[0, 1, 3, 3, 1, 1, 3, 3, 1, 3, 1, 1, 3, 1, 1, 3, 2, 3, 1, 1]|[1, 0, 2, 2, 1, 0, 0, 1, 1, 2, 1, 0, 0, 1, 1, 1, 0, 2, 0, 0];[2, 12, 15, 9, 10, 14, 19, 0, 16, 13, 3, 4, 7, 6, 11, 1, 18, 8, 17, 5]|[0, 0, 0, 0, 2, 2, 0, 0, 1, 0, 2, 1, 0, 1, 2, 0, 0, 0, 2, 1]|[0, 1, 3, 3, 1, 1, 3, 3, 1, 3, 1, 1, 3, 1, 1, 3, 2, 3, 1, 1]|[1, 0, 2, 2, 1, 0, 0, 1, 1, 2, 1, 0, 0, 1, 1, 1, 0, 2, 0, 0];[5, 2, 14, 10, 4, 13, 16, 19, 3, 18, 11, 6, 0, 12, 9, 7, 17, 15, 1, 8]|[0, 1, 1, 0, 2, 1, 2, 2, 1, 0, 0, 2, 0, 1, 0, 1, 1, 2, 1, 0]|[3, 1, 1, 3, 0, 1, 0, 0, 0, 0, 3, 0, 3, 1, 3, 1, 1, 0, 1, 3]|[0, 1, 1, 0, 1, 0, 0, 1, 1, 1, 2, 1, 0, 1, 0, 0, 1, 1, 1, 0];[1, 19, 13, 14, 2, 8, 6, 16, 3, 10, 11, 4, 0, 7, 5, 15, 12, 17, 18, 9]|[0, 1, 1, 0, 2, 1, 2, 2, 1, 0, 0, 2, 0, 1, 0, 1, 1, 2, 1, 0]|[3, 1, 1, 3, 0, 1, 0, 0, 0, 0, 3, 0, 3, 0, 3, 1, 1, 0, 1, 3]|[0, 1, 1, 2, 1, 0, 0, 1, 1, 1, 0, 1, 2, 1, 0, 1, 1, 0, 1, 0];[1, 19, 13, 14, 2, 8, 6, 16, 3, 10, 11, 4, 0, 7, 5, 15, 12, 17, 18, 9]|[0, 1, 1, 0, 2, 1, 2, 2, 1, 0, 0, 2, 0, 1, 0, 1, 1, 2, 1, 0]|[3, 1, 1, 3, 0, 1, 0, 0, 0, 0, 3, 0, 3, 0, 3, 1, 1, 0, 1, 3]|[0, 1, 1, 2, 1, 0, 0, 1, 1, 1, 0, 1, 2, 1, 0, 1, 1, 0, 1, 0];[2, 19, 8, 12, 10, 14, 1, 16, 15, 3, 4, 7, 6, 11, 0, 13, 18, 9, 17, 5]|[0, 0, 0, 0, 2, 2, 0, 1, 0, 2, 1, 0, 1, 2, 0, 0, 0, 0, 2, 1]|[0, 3, 3, 3, 1, 1, 3, 1, 3, 1, 1, 3, 1, 1, 3, 2, 3, 3, 0, 1]|[1, 0, 2, 0, 1, 0, 1, 1, 2, 1, 0, 0, 1, 1, 1, 0, 2, 0, 0, 0];[2, 19, 8, 12, 10, 14, 1, 16, 15, 3, 4, 7, 6, 11, 0, 13, 18, 9, 17, 5]|[0, 0, 0, 0, 2, 2, 0, 1, 0, 2, 1, 0, 1, 2, 0, 0, 0, 0, 2, 1]|[0, 3, 3, 3, 1, 1, 3, 1, 3, 1, 1, 3, 1, 1, 3, 2, 3, 3, 0, 1]|[1, 0, 2, 0, 1, 0, 1, 1, 2, 1, 0, 0, 1, 1, 1, 0, 2, 0, 0, 0];[2, 19, 8, 12, 10, 14, 1, 16, 15, 3, 4, 7, 6, 11, 0, 13, 18, 9, 17, 5]|[0, 0, 0, 0, 2, 2, 0, 1, 0, 2, 1, 0, 1, 2, 0, 0, 0, 0, 2, 1]|[0, 3, 3, 3, 1, 1, 3, 1, 3, 1, 1, 3, 1, 1, 3, 2, 3, 3, 0, 1]|[1, 0, 2, 0, 1, 0, 1, 1, 2, 1, 0, 0, 1, 1, 1, 0, 2, 0, 0, 0];[2, 19, 8, 12, 10, 14, 1, 16, 15, 3, 4, 7, 6, 11, 0, 13, 18, 9, 17, 5]|[0, 0, 0, 0, 2, 2, 0, 1, 0, 2, 1, 0, 1, 2, 0, 0, 0, 0, 2, 1]|[0, 3, 3, 3, 1, 1, 3, 1, 3, 1, 1, 3, 1, 1, 3, 2, 3, 3, 0, 1]|[1, 0, 2, 0, 1, 0, 1, 1, 2, 1, 0, 0, 1, 1, 1, 0, 2, 0, 0, 0];[2, 19, 15, 3, 10, 14, 18, 16, 12, 4, 0, 13, 17, 11, 5, 9, 1, 8, 6, 7]|[0, 0, 0, 0, 2, 2, 0, 1, 2, 1, 0, 0, 0, 2, 1, 0, 0, 0, 2, 1]|[0, 3, 3, 3, 1, 1, 2, 1, 1, 1, 3, 3, 3, 1, 1, 3, 3, 3, 1, 1]|[1, 0, 2, 0, 1, 0, 0, 1, 1, 0, 1, 2, 0, 1, 1, 2, 1, 0, 0, 0];[2, 19, 15, 3, 10, 14, 18, 16, 12, 4, 0, 13, 17, 11, 5, 9, 1, 8, 6, 7]|[0, 0, 0, 0, 2, 2, 0, 1, 2, 1, 0, 0, 0, 2, 1, 0, 0, 0, 2, 1]|[0, 3, 3, 3, 1, 1, 2, 1, 1, 1, 3, 3, 3, 1, 1, 3, 3, 3, 1, 1]|[1, 0, 2, 0, 1, 0, 0, 1, 1, 0, 1, 2, 0, 1, 1, 2, 1, 0, 0, 0];[2, 19, 15, 3, 10, 14, 18, 16, 12, 4, 0, 13, 17, 11, 5, 9, 1, 8, 6, 7]|[0, 0, 0, 0, 2, 2, 0, 1, 2, 1, 0, 0, 0, 2, 1, 0, 0, 0, 2, 1]|[0, 3, 3, 3, 1, 1, 2, 1, 1, 1, 3, 3, 3, 1, 1, 3, 3, 3, 1, 1]|[1, 0, 2, 0, 1, 0, 0, 1, 1, 0, 1, 2, 0, 1, 1, 2, 1, 0, 0, 0];[2, 19, 15, 3, 10, 14, 18, 16, 12, 4, 0, 13, 17, 11, 5, 9, 1, 8, 6, 7]|[0, 0, 0, 0, 2, 2, 0, 1, 2, 1, 0, 0, 0, 2, 1, 0, 0, 0, 2, 1]|[0, 3, 3, 3, 1, 1, 2, 1, 1, 1, 3, 3, 3, 1, 1, 3, 3, 3, 1, 1]|[1, 0, 2, 0, 1, 0, 0, 1, 1, 0, 1, 2, 0, 1, 1, 2, 1, 0, 0, 0];[1, 14, 10, 19, 8, 17, 15, 4, 7, 9, 5, 16, 18, 12, 3, 13, 11, 6, 2, 0]|[0, 0, 2, 1, 1, 1, 1, 2, 1, 0, 0, 2, 0, 1, 0, 1, 2, 2, 1, 0]|[3, 3, 1, 1, 1, 1, 1, 0, 1, 0, 3, 0, 3, 1, 3, 1, 0, 0, 1, 3]|[2, 2, 1, 1, 1, 1, 1, 1, 1, 1, 0, 1, 1, 1, 2, 1, 0, 1, 1, 0];[2, 12, 10, 15, 19, 18, 9, 1, 16, 13, 3, 5, 11, 6, 0, 7, 17, 14, 4, 8]|[0, 0, 0, 0, 2, 2, 0, 0, 1, 0, 2, 1, 0, 1, 2, 0, 0, 0, 2, 1]|[3, 0, 3, 3, 1, 1, 3, 3, 1, 3, 1, 1, 3, 1, 1, 3, 3, 3, 1, 1]|[0, 1, 2, 0, 1, 0, 2, 1, 1, 2, 1, 0, 0, 1, 1, 1, 0, 2, 0, 0];[11, 10, 4, 2, 3, 17, 15, 12, 7, 1, 9, 18, 8, 16, 5, 6, 0, 19, 13, 14]|[0, 0, 1, 0, 1, 2, 1, 1, 1, 1, 1, 0, 0, 2, 2, 1, 2, 2, 2, 0]|[0, 3, 1, 3, 1, 0, 1, 1, 1, 1, 1, 3, 3, 0, 1, 1, 0, 0, 0, 3]|[1, 0, 1, 0, 1, 0, 1, 1, 1, 1, 1, 2, 0, 0, 1, 1, 0, 1, 1, 0];[9, 12, 19, 10, 13, 14, 8, 15, 11, 6, 0, 4, 3, 7, 16, 1, 2, 18, 17, 5]|[0, 0, 0, 0, 0, 2, 0, 0, 2, 1, 0, 1, 2, 0, 1, 2, 0, 0, 2, 1]|[3, 0, 3, 2, 3, 1, 2, 3, 0, 1, 3, 1, 1, 3, 1, 1, 3, 3, 1, 1]|[2, 1, 0, 0, 2, 0, 1, 2, 1, 1, 0, 0, 1, 0, 1, 1, 2, 0, 0, 1];[9, 12, 19, 10, 13, 14, 8, 15, 11, 6, 0, 4, 3, 7, 16, 1, 2, 18, 17, 5]|[0, 0, 0, 0, 0, 2, 0, 0, 2, 1, 0, 1, 2, 0, 1, 2, 0, 0, 2, 1]|[3, 0, 3, 2, 3, 1, 2, 3, 0, 1, 3, 1, 1, 3, 1, 1, 3, 3, 1, 1]|[2, 1, 0, 0, 2, 0, 1, 2, 1, 1, 0, 0, 1, 0, 1, 1, 2, 0, 0, 1];[5, 2, 14, 10, 4, 13, 16, 19, 17, 9, 6, 0, 3, 11, 1, 15, 7, 8, 12, 18]|[0, 1, 1, 0, 2, 1, 2, 2, 1, 0, 2, 0, 1, 0, 0, 2, 1, 2, 1, 0]|[2, 1, 1, 3, 1, 1, 0, 0, 0, 3, 1, 0, 1, 3, 3, 0, 1, 0, 1, 3]|[2, 1, 1, 0, 1, 0, 0, 1, 1, 1, 1, 1, 1, 0, 2, 0, 1, 1, 1, 0];[1, 19, 10, 5, 8, 4, 2, 3, 15, 12, 9, 7, 13, 18, 11, 16, 0, 17, 6, 14]|[0, 1, 0, 2, 1, 2, 2, 1, 2, 1, 0, 1, 1, 0, 0, 2, 0, 1, 1, 0]|[3, 1, 3, 0, 1, 0, 0, 1, 0, 1, 3, 1, 1, 0, 3, 0, 3, 1, 1, 3]|[0, 1, 0, 1, 1, 0, 1, 1, 1, 1, 1, 1, 1, 0, 0, 1, 2, 1, 1, 0];[5, 2, 14, 15, 4, 13, 16, 19, 3, 11, 10, 1, 8, 17, 6, 7, 12, 18, 9, 0]|[0, 1, 1, 0, 2, 1, 2, 2, 1, 0, 0, 2, 0, 1, 1, 0, 1, 2, 1, 0]|[0, 1, 0, 3, 0, 1, 0, 0, 0, 3, 3, 0, 3, 1, 1, 1, 1, 0, 1, 3]|[2, 1, 1, 0, 0, 0, 0, 1, 1, 0, 0, 1, 2, 1, 1, 0, 1, 0, 1, 0];[5, 2, 14, 10, 4, 13, 16, 19, 6, 1, 9, 15, 12, 7, 18, 11, 17, 3, 8, 0]|[0, 1, 1, 0, 2, 1, 2, 2, 1, 0, 1, 1, 2, 0, 0, 2, 1, 2, 1, 0]|[3, 1, 1, 3, 1, 1, 0, 0, 0, 0, 1, 1, 0, 2, 3, 0, 0, 0, 1, 3]|[0, 1, 1, 2, 1, 0, 0, 1, 1, 1, 1, 1, 1, 0, 2, 1, 0, 1, 1, 0];[2, 19, 13, 15, 6, 3, 16, 10, 0, 11, 14, 8, 17, 7, 12, 4, 9, 5, 18, 1]|[0, 2, 1, 0, 2, 1, 2, 1, 0, 0, 2, 0, 1, 0, 1, 1, 2, 2, 1, 0]|[3, 1, 1, 3, 1, 1, 0, 0, 0, 3, 0, 3, 0, 0, 1, 1, 0, 1, 1, 3]|[2, 1, 1, 2, 1, 0, 0, 1, 0, 0, 1, 2, 1, 1, 1, 1, 0, 1, 1, 0];[2, 19, 13, 15, 6, 3, 16, 10, 0, 11, 14, 8, 17, 7, 12, 4, 9, 5, 18, 1]|[0, 2, 1, 0, 2, 1, 2, 1, 0, 0, 2, 0, 1, 0, 1, 1, 2, 2, 1, 0]|[3, 1, 1, 3, 1, 1, 0, 0, 0, 3, 0, 3, 0, 0, 1, 1, 0, 1, 1, 3]|[2, 1, 1, 2, 1, 0, 0, 1, 0, 0, 1, 2, 1, 1, 1, 1, 0, 1, 1, 0];[2, 12, 15, 19, 10, 14, 9, 1, 16, 13, 3, 4, 7, 6, 11, 0, 17, 8, 5, 18]|[0, 0, 0, 0, 2, 2, 0, 0, 1, 0, 2, 1, 0, 1, 2, 0, 0, 0, 2, 1]|[0, 3, 3, 3, 1, 1, 3, 3, 1, 3, 1, 1, 3, 1, 1, 3, 2, 3, 1, 1]|[1, 0, 2, 0, 1, 0, 2, 1, 1, 2, 1, 0, 0, 1, 1, 1, 0, 2, 0, 0];[2, 12, 15, 19, 10, 14, 9, 1, 16, 13, 3, 4, 7, 6, 11, 0, 17, 8, 5, 18]|[0, 0, 0, 0, 2, 2, 0, 0, 1, 0, 2, 1, 0, 1, 2, 0, 0, 0, 2, 1]|[0, 3, 3, 3, 1, 1, 3, 3, 1, 3, 1, 1, 3, 1, 1, 3, 2, 3, 1, 1]|[1, 0, 2, 0, 1, 0, 2, 1, 1, 2, 1, 0, 0, 1, 1, 1, 0, 2, 0, 0];[2, 12, 15, 19, 10, 14, 9, 1, 16, 13, 3, 4, 7, 6, 11, 0, 17, 8, 5, 18]|[0, 0, 0, 0, 2, 2, 0, 0, 1, 0, 2, 1, 0, 1, 2, 0, 0, 0, 2, 1]|[0, 3, 3, 3, 1, 1, 3, 3, 1, 3, 1, 1, 3, 1, 1, 3, 2, 3, 1, 1]|[1, 0, 2, 0, 1, 0, 2, 1, 1, 2, 1, 0, 0, 1, 1, 1, 0, 2, 0, 0];[2, 12, 15, 19, 10, 14, 9, 1, 16, 13, 3, 4, 7, 6, 11, 0, 17, 8, 5, 18]|[0, 0, 0, 0, 2, 2, 0, 0, 1, 0, 2, 1, 0, 1, 2, 0, 0, 0, 2, 1]|[0, 3, 3, 3, 1, 1, 3, 3, 1, 3, 1, 1, 3, 1, 1, 3, 2, 3, 1, 1]|[1, 0, 2, 0, 1, 0, 2, 1, 1, 2, 1, 0, 0, 1, 1, 1, 0, 2, 0, 0];[19, 15, 11, 2, 10, 14, 9, 1, 16, 13, 18, 4, 7, 12, 6, 0, 17, 8, 5, 3]|[0, 0, 0, 0, 2, 2, 0, 0, 1, 0, 2, 1, 0, 1, 2, 0, 0, 0, 2, 1]|[3, 3, 3, 0, 1, 1, 3, 3, 1, 3, 1, 1, 3, 1, 1, 3, 2, 3, 1, 1]|[0, 2, 0, 1, 1, 0, 2, 1, 1, 2, 1, 0, 0, 1, 1, 1, 0, 2, 0, 1];[19, 14, 2, 4, 16, 5, 3, 12, 10, 6, 0, 18, 9, 8, 15, 11, 7, 17, 13, 1]|[1, 0, 2, 1, 2, 2, 1, 1, 1, 0, 0, 0, 1, 1, 2, 2, 0, 0, 0, 0]|[0, 3, 0, 1, 0, 0, 1, 1, 1, 3, 3, 3, 1, 1, 1, 1, 3, 3, 3, 3]|[1, 0, 1, 0, 0, 1, 1, 1, 1, 0, 2, 0, 1, 1, 1, 0, 0, 0, 2, 0];[5, 2, 19, 14, 16, 6, 13, 4, 11, 8, 17, 15, 1, 10, 0, 7, 9, 18, 12, 3]|[0, 1, 1, 0, 2, 2, 1, 2, 1, 2, 0, 1, 0, 2, 0, 0, 1, 2, 1, 0]|[3, 1, 1, 3, 0, 0, 1, 0, 1, 0, 0, 1, 3, 0, 3, 3, 0, 0, 1, 3]|[2, 1, 1, 0, 1, 0, 1, 1, 1, 0, 0, 1, 2, 1, 2, 0, 1, 1, 1, 0];[5, 2, 19, 14, 16, 6, 13, 4, 11, 8, 17, 15, 1, 10, 0, 7, 9, 18, 12, 3]|[0, 1, 1, 0, 2, 2, 1, 2, 1, 2, 0, 1, 0, 2, 0, 0, 1, 2, 1, 0]|[3, 1, 1, 3, 0, 0, 1, 0, 1, 0, 0, 1, 3, 0, 3, 3, 0, 0, 1, 3]|[2, 1, 1, 0, 1, 0, 1, 1, 1, 0, 0, 1, 2, 1, 2, 0, 1, 1, 1, 0];[2, 1, 13, 14, 19, 4, 16, 5, 3, 10, 11, 17, 6, 7, 18, 9, 15, 0, 12, 8]|[0, 1, 1, 0, 2, 1, 2, 2, 1, 0, 0, 2, 0, 1, 0, 1, 1, 2, 1, 0]|[3, 1, 1, 3, 0, 1, 0, 0, 0, 0, 3, 0, 3, 0, 3, 1, 1, 0, 1, 3]|[0, 1, 1, 2, 1, 0, 0, 1, 1, 0, 0, 1, 2, 1, 0, 1, 1, 1, 1, 0];[2, 12, 15, 19, 10, 14, 9, 1, 16, 13, 3, 4, 7, 17, 11, 0, 8, 18, 5, 6]|[0, 0, 0, 0, 2, 2, 0, 0, 1, 0, 2, 1, 0, 1, 2, 0, 0, 0, 2, 1]|[3, 0, 3, 3, 0, 1, 3, 0, 1, 3, 1, 1, 3, 1, 1, 3, 2, 3, 1, 1]|[1, 0, 2, 0, 1, 0, 2, 1, 1, 2, 1, 0, 0, 1, 1, 1, 0, 2, 0, 1];[1, 19, 13, 14, 2, 4, 16, 5, 3, 10, 12, 9, 6, 17, 8, 15, 18, 11, 7, 0]|[0, 1, 1, 0, 2, 1, 2, 2, 1, 0, 0, 2, 0, 1, 0, 1, 1, 2, 1, 0]|[3, 1, 0, 3, 0, 1, 1, 0, 0, 0, 3, 0, 2, 0, 3, 1, 1, 0, 1, 3]|[0, 1, 1, 2, 1, 0, 0, 1, 1, 0, 0, 0, 2, 1, 1, 0, 1, 1, 1, 0];[2, 19, 15, 12, 10, 14, 9, 18, 16, 13, 3, 4, 8, 6, 1, 11, 0, 7, 5, 17]|[0, 0, 0, 0, 2, 2, 2, 0, 1, 0, 2, 1, 0, 1, 0, 0, 0, 0, 2, 1]|[0, 3, 3, 3, 1, 1, 1, 3, 1, 3, 1, 1, 2, 1, 3, 3, 3, 3, 1, 1]|[1, 0, 2, 0, 1, 0, 0, 1, 1, 2, 1, 0, 0, 1, 1, 0, 2, 1, 0, 0];[2, 19, 15, 12, 10, 14, 9, 18, 16, 13, 3, 4, 8, 6, 1, 11, 0, 7, 5, 17]|[0, 0, 0, 0, 2, 2, 2, 0, 1, 0, 2, 1, 0, 1, 0, 0, 0, 0, 2, 1]|[0, 3, 3, 3, 1, 1, 1, 3, 1, 3, 1, 1, 2, 1, 3, 3, 3, 3, 1, 1]|[1, 0, 2, 0, 1, 0, 0, 1, 1, 2, 1, 0, 0, 1, 1, 0, 2, 1, 0, 0];[2, 19, 15, 12, 10, 14, 9, 18, 16, 13, 3, 4, 8, 6, 1, 11, 0, 7, 5, 17]|[0, 0, 0, 0, 2, 2, 2, 0, 1, 0, 2, 1, 0, 1, 0, 0, 0, 0, 2, 1]|[0, 3, 3, 3, 1, 1, 1, 3, 1, 3, 1, 1, 2, 1, 3, 3, 3, 3, 1, 1]|[1, 0, 2, 0, 1, 0, 0, 1, 1, 2, 1, 0, 0, 1, 1, 0, 2, 1, 0, 0];[11, 19, 14, 2, 4, 16, 5, 3, 9, 10, 18, 7, 1, 15, 0, 12, 17, 6, 13, 8]|[0, 1, 0, 2, 1, 2, 2, 1, 1, 0, 0, 2, 0, 2, 0, 1, 1, 2, 1, 0]|[0, 0, 1, 1, 1, 0, 1, 0, 1, 3, 3, 0, 3, 0, 3, 1, 1, 0, 0, 3]|[2, 1, 1, 1, 0, 0, 1, 1, 1, 0, 0, 1, 0, 0, 2, 1, 1, 1, 1, 0];[11, 19, 14, 2, 4, 16, 5, 3, 9, 10, 18, 7, 1, 15, 0, 12, 17, 6, 13, 8]|[0, 1, 0, 2, 1, 2, 2, 1, 1, 0, 0, 2, 0, 2, 0, 1, 1, 2, 1, 0]|[0, 0, 1, 1, 1, 0, 1, 0, 1, 3, 3, 0, 3, 0, 3, 1, 1, 0, 0, 3]|[2, 1, 1, 1, 0, 0, 1, 1, 1, 0, 0, 1, 0, 0, 2, 1, 1, 1, 1, 0];[11, 19, 14, 2, 4, 16, 5, 3, 9, 10, 18, 7, 1, 15, 0, 12, 17, 6, 13, 8]|[0, 1, 0, 2, 1, 2, 2, 1, 1, 0, 0, 2, 0, 2, 0, 1, 1, 2, 1, 0]|[0, 0, 1, 1, 1, 0, 1, 0, 1, 3, 3, 0, 3, 0, 3, 1, 1, 0, 0, 3]|[2, 1, 1, 1, 0, 0, 1, 1, 1, 0, 0, 1, 0, 0, 2, 1, 1, 1, 1, 0];[11, 19, 14, 2, 4, 16, 5, 3, 9, 10, 18, 7, 1, 15, 0, 12, 17, 6, 13, 8]|[0, 1, 0, 2, 1, 2, 2, 1, 1, 0, 0, 2, 0, 2, 0, 1, 1, 2, 1, 0]|[0, 0, 1, 1, 1, 0, 1, 0, 1, 3, 3, 0, 3, 0, 3, 1, 1, 0, 0, 3]|[2, 1, 1, 1, 0, 0, 1, 1, 1, 0, 0, 1, 0, 0, 2, 1, 1, 1, 1, 0];[19, 15, 14, 4, 13, 16, 5, 12, 7, 6, 0, 10, 9, 11, 1, 17, 2, 3, 8, 18]|[2, 1, 1, 0, 1, 2, 2, 1, 0, 0, 0, 2, 2, 0, 1, 1, 1, 2, 1, 0]|[1, 1, 0, 3, 1, 0, 0, 0, 0, 3, 1, 0, 0, 3, 0, 0, 1, 0, 1, 3]|[0, 1, 1, 2, 0, 1, 1, 1, 0, 0, 1, 1, 0, 0, 1, 1, 0, 1, 1, 0];[19, 15, 14, 4, 13, 16, 5, 12, 7, 6, 0, 10, 9, 11, 1, 17, 2, 3, 8, 18]|[2, 1, 1, 0, 1, 2, 2, 1, 0, 0, 0, 2, 2, 0, 1, 1, 1, 2, 1, 0]|[1, 1, 0, 3, 1, 0, 0, 0, 0, 3, 1, 0, 0, 3, 0, 0, 1, 0, 1, 3]|[0, 1, 1, 2, 0, 1, 1, 1, 0, 0, 1, 1, 0, 0, 1, 1, 0, 1, 1, 0];[19, 15, 14, 4, 13, 16, 5, 12, 7, 6, 0, 10, 9, 11, 1, 17, 2, 3, 8, 18]|[2, 1, 1, 0, 1, 2, 2, 1, 0, 0, 0, 2, 2, 0, 1, 1, 1, 2, 1, 0]|[1, 1, 0, 3, 1, 0, 0, 0, 0, 3, 1, 0, 0, 3, 0, 0, 1, 0, 1, 3]|[0, 1, 1, 2, 0, 1, 1, 1, 0, 0, 1, 1, 0, 0, 1, 1, 0, 1, 1, 0];[19, 14, 5, 4, 16, 2, 3, 9, 17, 6, 15, 11, 7, 8, 12, 10, 13, 18, 0, 1]|[1, 0, 2, 1, 2, 2, 1, 0, 0, 1, 1, 0, 0, 1, 2, 2, 2, 1, 0, 0]|[0, 0, 1, 1, 0, 1, 0, 3, 3, 0, 1, 0, 3, 1, 0, 0, 0, 1, 3, 3]|[1, 2, 1, 0, 0, 1, 1, 0, 0, 0, 1, 1, 0, 1, 1, 1, 0, 1, 2, 0];[19, 14, 5, 4, 16, 2, 3, 9, 17, 6, 15, 11, 7, 8, 12, 10, 13, 18, 0, 1]|[1, 0, 2, 1, 2, 2, 1, 0, 0, 1, 1, 0, 0, 1, 2, 2, 2, 1, 0, 0]|[0, 0, 1, 1, 0, 1, 0, 3, 3, 0, 1, 0, 3, 1, 0, 0, 0, 1, 3, 3]|[1, 2, 1, 0, 0, 1, 1, 0, 0, 0, 1, 1, 0, 1, 1, 1, 0, 1, 2, 0];[19, 14, 5, 4, 16, 2, 3, 9, 17, 6, 15, 11, 7, 8, 12, 10, 13, 18, 0, 1]|[1, 0, 2, 1, 2, 2, 1, 0, 0, 1, 1, 0, 0, 1, 2, 2, 2, 1, 0, 0]|[0, 0, 1, 1, 0, 1, 0, 3, 3, 0, 1, 0, 3, 1, 0, 0, 0, 1, 3, 3]|[1, 2, 1, 0, 0, 1, 1, 0, 0, 0, 1, 1, 0, 1, 1, 1, 0, 1, 2, 0];[19, 14, 5, 4, 16, 2, 3, 9, 17, 6, 15, 11, 7, 8, 12, 10, 13, 18, 0, 1]|[1, 0, 2, 1, 2, 2, 1, 0, 0, 1, 1, 0, 0, 1, 2, 2, 2, 1, 0, 0]|[0, 0, 1, 1, 0, 1, 0, 3, 3, 0, 1, 0, 3, 1, 0, 0, 0, 1, 3, 3]|[1, 2, 1, 0, 0, 1, 1, 0, 0, 0, 1, 1, 0, 1, 1, 1, 0, 1, 2, 0];[2, 19, 15, 12, 10, 9, 14, 5, 16, 18, 11, 6, 4, 3, 0, 8, 17, 7, 1, 13]|[1, 0, 0, 0, 2, 2, 2, 0, 1, 0, 2, 1, 1, 2, 0, 0, 0, 0, 0, 1]|[1, 3, 3, 3, 1, 1, 0, 3, 1, 0, 1, 1, 1, 1, 3, 3, 2, 3, 3, 1]|[0, 0, 2, 0, 1, 0, 0, 2, 1, 1, 1, 1, 0, 1, 1, 2, 0, 0, 1, 1];[12, 5, 4, 15, 11, 19, 1, 16, 3, 9, 0, 10, 2, 14, 6, 17, 13, 18, 7, 8]|[0, 2, 0, 2, 0, 1, 0, 2, 1, 2, 2, 1, 2, 0, 1, 1, 1, 2, 1, 0]|[3, 0, 3, 1, 0, 1, 2, 1, 1, 0, 0, 1, 1, 3, 0, 1, 1, 0, 1, 3]|[0, 0, 2, 1, 1, 1, 0, 0, 1, 1, 1, 1, 1, 2, 0, 1, 1, 0, 1, 0];[12, 5, 4, 15, 11, 19, 1, 16, 3, 9, 0, 10, 2, 14, 6, 17, 13, 18, 7, 8]|[0, 2, 0, 2, 0, 1, 0, 2, 1, 2, 2, 1, 2, 0, 1, 1, 1, 2, 1, 0]|[3, 0, 3, 1, 0, 1, 2, 1, 1, 0, 0, 1, 1, 3, 0, 1, 1, 0, 1, 3]|[0, 0, 2, 1, 1, 1, 0, 0, 1, 1, 1, 1, 1, 2, 0, 1, 1, 0, 1, 0];[12, 5, 4, 15, 11, 19, 1, 16, 3, 9, 0, 10, 2, 14, 6, 17, 13, 18, 7, 8]|[0, 2, 0, 2, 0, 1, 0, 2, 1, 2, 2, 1, 2, 0, 1, 1, 1, 2, 1, 0]|[3, 0, 3, 1, 0, 1, 2, 1, 1, 0, 0, 1, 1, 3, 0, 1, 1, 0, 1, 3]|[0, 0, 2, 1, 1, 1, 0, 0, 1, 1, 1, 1, 1, 2, 0, 1, 1, 0, 1, 0];[12, 5, 4, 15, 11, 19, 1, 16, 3, 9, 0, 10, 2, 14, 6, 17, 13, 18, 7, 8]|[0, 2, 0, 2, 0, 1, 0, 2, 1, 2, 2, 1, 2, 0, 1, 1, 1, 2, 1, 0]|[3, 0, 3, 1, 0, 1, 2, 1, 1, 0, 0, 1, 1, 3, 0, 1, 1, 0, 1, 3]|[0, 0, 2, 1, 1, 1, 0, 0, 1, 1, 1, 1, 1, 2, 0, 1, 1, 0, 1, 0];[2, 19, 13, 9, 14, 8, 6, 16, 7, 11, 10, 1, 12, 15, 17, 5, 18, 3, 4, 0]|[0, 1, 1, 2, 0, 1, 2, 2, 0, 0, 2, 0, 1, 0, 1, 2, 1, 1, 1, 0]|[3, 1, 1, 1, 3, 1, 0, 0, 0, 3, 0, 3, 1, 3, 1, 0, 1, 1, 1, 3]|[0, 1, 1, 1, 2, 1, 0, 1, 0, 0, 1, 2, 1, 1, 1, 1, 1, 1, 1, 0];[2, 19, 13, 9, 14, 8, 6, 16, 7, 11, 10, 1, 12, 15, 17, 5, 18, 3, 4, 0]|[0, 1, 1, 2, 0, 1, 2, 2, 0, 0, 2, 0, 1, 0, 1, 2, 1, 1, 1, 0]|[3, 1, 1, 1, 3, 1, 0, 0, 0, 3, 0, 3, 1, 3, 1, 0, 1, 1, 1, 3]|[0, 1, 1, 1, 2, 1, 0, 1, 0, 0, 1, 2, 1, 1, 1, 1, 1, 1, 1, 0];[2, 19, 13, 9, 14, 8, 6, 16, 7, 11, 10, 1, 12, 15, 17, 5, 18, 3, 4, 0]|[0, 1, 1, 2, 0, 1, 2, 2, 0, 0, 2, 0, 1, 0, 1, 2, 1, 1, 1, 0]|[3, 1, 1, 1, 3, 1, 0, 0, 0, 3, 0, 3, 1, 3, 1, 0, 1, 1, 1, 3]|[0, 1, 1, 1, 2, 1, 0, 1, 0, 0, 1, 2, 1, 1, 1, 1, 1, 1, 1, 0];[2, 19, 13, 9, 14, 8, 6, 16, 7, 11, 10, 1, 12, 15, 17, 5, 18, 3, 4, 0]|[0, 1, 1, 2, 0, 1, 2, 2, 0, 0, 2, 0, 1, 0, 1, 2, 1, 1, 1, 0]|[3, 1, 1, 1, 3, 1, 0, 0, 0, 3, 0, 3, 1, 3, 1, 0, 1, 1, 1, 3]|[0, 1, 1, 1, 2, 1, 0, 1, 0, 0, 1, 2, 1, 1, 1, 1, 1, 1, 1, 0];[5, 4, 14, 10, 2, 6, 3, 0, 17, 12, 11, 1, 16, 18, 7, 15, 9, 13, 19, 8]|[0, 1, 0, 2, 1, 2, 2, 1, 1, 0, 0, 1, 0, 2, 0, 1, 2, 1, 1, 0]|[3, 1, 3, 0, 1, 0, 0, 1, 1, 3, 3, 1, 3, 0, 3, 1, 0, 1, 1, 3]|[0, 1, 2, 1, 1, 0, 1, 1, 1, 0, 0, 1, 2, 1, 0, 1, 1, 1, 1, 0];[5, 4, 14, 10, 2, 6, 3, 0, 17, 12, 11, 1, 16, 18, 7, 15, 9, 13, 19, 8]|[0, 1, 0, 2, 1, 2, 2, 1, 1, 0, 0, 1, 0, 2, 0, 1, 2, 1, 1, 0]|[3, 1, 3, 0, 1, 0, 0, 1, 1, 3, 3, 1, 3, 0, 3, 1, 0, 1, 1, 3]|[0, 1, 2, 1, 1, 0, 1, 1, 1, 0, 0, 1, 2, 1, 0, 1, 1, 1, 1, 0];[5, 4, 14, 10, 2, 6, 3, 0, 17, 12, 11, 1, 16, 18, 7, 15, 9, 13, 19, 8]|[0, 1, 0, 2, 1, 2, 2, 1, 1, 0, 0, 1, 0, 2, 0, 1, 2, 1, 1, 0]|[3, 1, 3, 0, 1, 0, 0, 1, 1, 3, 3, 1, 3, 0, 3, 1, 0, 1, 1, 3]|[0, 1, 2, 1, 1, 0, 1, 1, 1, 0, 0, 1, 2, 1, 0, 1, 1, 1, 1, 0];[2, 1, 12, 8, 10, 3, 5, 6, 13, 7, 0, 18, 15, 9, 14, 16, 4, 17, 19, 11]|[2, 1, 1, 0, 0, 1, 2, 0, 1, 1, 0, 0, 1, 1, 0, 2, 1, 2, 2, 0]|[1, 1, 1, 3, 3, 1, 0, 3, 1, 1, 3, 3, 1, 1, 3, 0, 1, 0, 0, 3]|[1, 1, 1, 0, 0, 1, 1, 2, 1, 1, 0, 0, 1, 1, 2, 0, 1, 1, 1, 0];[2, 1, 12, 8, 10, 3, 5, 6, 13, 7, 0, 18, 15, 9, 14, 16, 4, 17, 19, 11]|[2, 1, 1, 0, 0, 1, 2, 0, 1, 1, 0, 0, 1, 1, 0, 2, 1, 2, 2, 0]|[1, 1, 1, 3, 3, 1, 0, 3, 1, 1, 3, 3, 1, 1, 3, 0, 1, 0, 0, 3]|[1, 1, 1, 0, 0, 1, 1, 2, 1, 1, 0, 0, 1, 1, 2, 0, 1, 1, 1, 0];[2, 1, 12, 8, 10, 3, 5, 6, 13, 7, 0, 18, 15, 9, 14, 16, 4, 17, 19, 11]|[2, 1, 1, 0, 0, 1, 2, 0, 1, 1, 0, 0, 1, 1, 0, 2, 1, 2, 2, 0]|[1, 1, 1, 3, 3, 1, 0, 3, 1, 1, 3, 3, 1, 1, 3, 0, 1, 0, 0, 3]|[1, 1, 1, 0, 0, 1, 1, 2, 1, 1, 0, 0, 1, 1, 2, 0, 1, 1, 1, 0];[2, 1, 12, 8, 10, 3, 5, 6, 13, 7, 0, 18, 15, 9, 14, 16, 4, 17, 19, 11]|[2, 1, 1, 0, 0, 1, 2, 0, 1, 1, 0, 0, 1, 1, 0, 2, 1, 2, 2, 0]|[1, 1, 1, 3, 3, 1, 0, 3, 1, 1, 3, 3, 1, 1, 3, 0, 1, 0, 0, 3]|[1, 1, 1, 0, 0, 1, 1, 2, 1, 1, 0, 0, 1, 1, 2, 0, 1, 1, 1, 0];[2, 19, 8, 14, 6, 13, 5, 15, 4, 11, 7, 12, 17, 16, 3, 9, 1, 0, 10, 18]|[0, 1, 1, 0, 1, 2, 2, 0, 2, 0, 0, 2, 0, 2, 1, 1, 1, 1, 1, 0]|[3, 1, 1, 3, 1, 0, 0, 3, 0, 3, 3, 0, 3, 0, 1, 1, 1, 1, 1, 3]|[0, 1, 1, 0, 1, 1, 1, 2, 1, 0, 0, 1, 0, 0, 1, 1, 1, 1, 1, 0];[2, 19, 8, 14, 6, 13, 5, 15, 4, 11, 7, 12, 17, 16, 3, 9, 1, 0, 10, 18]|[0, 1, 1, 0, 1, 2, 2, 0, 2, 0, 0, 2, 0, 2, 1, 1, 1, 1, 1, 0]|[3, 1, 1, 3, 1, 0, 0, 3, 0, 3, 3, 0, 3, 0, 1, 1, 1, 1, 1, 3]|[0, 1, 1, 0, 1, 1, 1, 2, 1, 0, 0, 1, 0, 0, 1, 1, 1, 1, 1, 0];[2, 19, 8, 14, 6, 13, 5, 15, 4, 11, 7, 12, 17, 16, 3, 9, 1, 0, 10, 18]|[0, 1, 1, 0, 1, 2, 2, 0, 2, 0, 0, 2, 0, 2, 1, 1, 1, 1, 1, 0]|[3, 1, 1, 3, 1, 0, 0, 3, 0, 3, 3, 0, 3, 0, 1, 1, 1, 1, 1, 3]|[0, 1, 1, 0, 1, 1, 1, 2, 1, 0, 0, 1, 0, 0, 1, 1, 1, 1, 1, 0];[1, 19, 10, 14, 15, 12, 9, 2, 16, 13, 3, 4, 7, 11, 6, 0, 17, 8, 18, 5]|[0, 0, 0, 0, 2, 2, 0, 0, 1, 0, 2, 1, 0, 1, 2, 0, 0, 0, 2, 1]|[0, 3, 3, 3, 1, 1, 3, 3, 1, 3, 1, 1, 3, 1, 1, 3, 2, 3, 1, 1]|[1, 0, 2, 0, 1, 0, 2, 1, 1, 2, 1, 0, 0, 1, 1, 1, 2, 2, 0, 1];[5, 2, 14, 10, 4, 13, 16, 19, 17, 0, 11, 9, 12, 3, 18, 15, 6, 1, 7, 8]|[0, 1, 0, 2, 1, 1, 2, 2, 1, 0, 1, 2, 2, 0, 0, 2, 1, 2, 1, 0]|[0, 0, 3, 1, 1, 1, 0, 1, 0, 3, 0, 0, 1, 0, 3, 0, 1, 0, 1, 3]|[0, 0, 2, 1, 1, 1, 0, 1, 1, 2, 0, 0, 0, 1, 0, 1, 1, 1, 1, 0];[5, 2, 14, 10, 4, 13, 16, 19, 17, 0, 11, 9, 12, 3, 18, 15, 6, 1, 7, 8]|[0, 1, 0, 2, 1, 1, 2, 2, 1, 0, 1, 2, 2, 0, 0, 2, 1, 2, 1, 0]|[0, 0, 3, 1, 1, 1, 0, 1, 0, 3, 0, 0, 1, 0, 3, 0, 1, 0, 1, 3]|[0, 0, 2, 1, 1, 1, 0, 1, 1, 2, 0, 0, 0, 1, 0, 1, 1, 1, 1, 0];[5, 2, 14, 10, 4, 13, 16, 19, 17, 0, 11, 9, 12, 3, 18, 15, 6, 1, 7, 8]|[0, 1, 0, 2, 1, 1, 2, 2, 1, 0, 1, 2, 2, 0, 0, 2, 1, 2, 1, 0]|[0, 0, 3, 1, 1, 1, 0, 1, 0, 3, 0, 0, 1, 0, 3, 0, 1, 0, 1, 3]|[0, 0, 2, 1, 1, 1, 0, 1, 1, 2, 0, 0, 0, 1, 0, 1, 1, 1, 1, 0];[5, 2, 14, 10, 4, 13, 16, 19, 17, 0, 11, 9, 12, 3, 18, 15, 6, 1, 7, 8]|[0, 1, 0, 2, 1, 1, 2, 2, 1, 0, 1, 2, 2, 0, 0, 2, 1, 2, 1, 0]|[0, 0, 3, 1, 1, 1, 0, 1, 0, 3, 0, 0, 1, 0, 3, 0, 1, 0, 1, 3]|[0, 0, 2, 1, 1, 1, 0, 1, 1, 2, 0, 0, 0, 1, 0, 1, 1, 1, 1, 0];[19, 16, 12, 3, 0, 2, 4, 13, 14, 8, 9, 1, 15, 10, 18, 11, 6, 7, 17, 5]|[1, 0, 1, 2, 0, 2, 2, 0, 0, 0, 0, 0, 0, 1, 0, 2, 1, 0, 2, 1]|[1, 3, 1, 1, 3, 1, 1, 3, 3, 3, 3, 3, 3, 1, 3, 1, 1, 3, 1, 1]|[0, 2, 1, 0, 0, 1, 0, 2, 0, 2, 0, 0, 2, 1, 0, 1, 1, 2, 0, 0];[9, 12, 17, 18, 11, 19, 13, 0, 8, 1, 4, 6, 15, 14, 3, 5, 16, 10, 2, 7]|[2, 0, 0, 0, 0, 1, 0, 0, 1, 1, 2, 1, 0, 0, 1, 2, 2, 2, 0, 0]|[0, 3, 3, 3, 3, 1, 3, 3, 1, 1, 0, 1, 3, 3, 1, 0, 1, 0, 3, 3]|[1, 0, 0, 2, 0, 1, 2, 0, 1, 1, 1, 1, 0, 2, 1, 1, 0, 1, 0, 0]
fc6diagRound 10	fe=282780	pool=300	target=100	rescued=2	sOriginal=[1, 2, 15, 11, 10, 14, 9, 12, 16, 13, 3, 4, 7, 6, 19, 18, 0, 8, 17, 5]|[0, 0, 0, 0, 2, 2, 0, 0, 1, 0, 2, 1, 0, 1, 2, 0, 0, 0, 2, 1]|[0, 3, 3, 3, 1, 1, 3, 3, 1, 3, 1, 1, 3, 1, 1, 3, 2, 3, 1, 1]|[1, 0, 2, 0, 1, 0, 2, 2, 1, 2, 1, 0, 0, 1, 1, 1, 0, 2, 0, 1];[2, 12, 15, 19, 10, 14, 9, 1, 16, 13, 3, 4, 7, 6, 11, 18, 0, 8, 17, 5]|[0, 0, 0, 0, 2, 2, 0, 0, 1, 0, 2, 1, 0, 1, 2, 0, 0, 0, 2, 1]|[0, 3, 3, 3, 1, 1, 3, 3, 1, 3, 1, 1, 3, 1, 1, 3, 2, 3, 1, 1]|[1, 0, 2, 0, 1, 0, 2, 1, 1, 2, 1, 0, 0, 1, 1, 1, 0, 2, 0, 1];[2, 19, 6, 15, 3, 4, 16, 5, 1, 11, 10, 0, 18, 12, 7, 13, 17, 8, 9, 14]|[0, 1, 1, 0, 2, 1, 2, 2, 1, 0, 0, 2, 0, 1, 0, 1, 1, 2, 1, 0]|[3, 1, 0, 3, 0, 1, 0, 0, 0, 0, 3, 0, 3, 1, 3, 1, 1, 0, 1, 3]|[0, 1, 1, 2, 1, 0, 0, 1, 1, 1, 0, 1, 2, 1, 1, 1, 1, 1, 1, 0];[1, 19, 8, 14, 5, 13, 6, 16, 3, 0, 12, 4, 2, 15, 17, 10, 9, 11, 7, 18]|[0, 1, 1, 0, 2, 1, 2, 2, 1, 0, 0, 2, 0, 1, 0, 1, 1, 2, 1, 0]|[3, 1, 1, 3, 0, 1, 0, 0, 0, 0, 3, 0, 3, 0, 3, 1, 1, 0, 1, 3]|[0, 1, 1, 2, 1, 0, 0, 1, 1, 1, 0, 1, 2, 1, 1, 1, 1, 1, 1, 0];[1, 19, 13, 14, 2, 4, 16, 5, 3, 12, 10, 6, 11, 18, 7, 9, 15, 0, 17, 8]|[0, 1, 1, 0, 2, 2, 2, 2, 1, 0, 0, 1, 0, 1, 0, 2, 1, 2, 1, 0]|[1, 1, 1, 3, 0, 0, 0, 0, 0, 3, 0, 1, 3, 0, 3, 1, 1, 0, 1, 3]|[0, 1, 1, 2, 1, 1, 0, 1, 1, 0, 0, 0, 2, 1, 1, 0, 1, 1, 1, 0];[1, 19, 13, 14, 2, 4, 16, 5, 3, 12, 10, 6, 11, 18, 7, 9, 15, 0, 17, 8]|[0, 1, 1, 0, 2, 2, 2, 2, 1, 0, 0, 1, 0, 1, 0, 2, 1, 2, 1, 0]|[1, 1, 1, 3, 0, 0, 0, 0, 0, 3, 0, 1, 3, 0, 3, 1, 1, 0, 1, 3]|[0, 1, 1, 2, 1, 1, 0, 1, 1, 0, 0, 0, 2, 1, 1, 0, 1, 1, 1, 0];[1, 2, 13, 14, 19, 4, 16, 5, 3, 10, 11, 17, 8, 12, 7, 6, 15, 0, 9, 18]|[0, 1, 1, 0, 2, 1, 2, 2, 1, 0, 0, 2, 0, 1, 0, 1, 1, 2, 1, 0]|[3, 1, 0, 3, 1, 1, 0, 0, 0, 0, 3, 0, 3, 1, 0, 1, 1, 0, 1, 3]|[0, 1, 1, 2, 1, 0, 1, 1, 1, 1, 0, 1, 2, 1, 1, 1, 1, 1, 1, 0];[1, 2, 13, 14, 19, 4, 16, 5, 3, 10, 11, 17, 8, 15, 9, 0, 6, 12, 7, 18]|[0, 1, 1, 0, 2, 1, 2, 2, 1, 0, 0, 2, 0, 1, 0, 1, 1, 2, 1, 0]|[3, 1, 0, 3, 1, 1, 0, 0, 0, 0, 3, 0, 3, 1, 0, 1, 1, 0, 1, 3]|[0, 1, 1, 2, 1, 0, 0, 1, 1, 1, 0, 1, 2, 1, 1, 1, 1, 1, 1, 0];[2, 19, 13, 15, 6, 3, 16, 5, 10, 0, 11, 14, 8, 17, 7, 12, 4, 9, 18, 1]|[0, 1, 1, 0, 2, 1, 2, 2, 1, 0, 0, 2, 0, 1, 0, 1, 1, 2, 1, 0]|[3, 1, 1, 3, 1, 1, 0, 1, 0, 0, 3, 0, 3, 0, 0, 1, 1, 0, 1, 3]|[2, 1, 1, 2, 1, 0, 0, 1, 1, 0, 0, 1, 2, 1, 1, 1, 1, 0, 1, 0];[5, 2, 13, 14, 19, 4, 16, 6, 3, 18, 15, 9, 8, 7, 1, 12, 11, 10, 17, 0]|[0, 1, 1, 0, 2, 1, 2, 2, 1, 0, 0, 2, 0, 1, 0, 1, 1, 2, 1, 0]|[3, 1, 0, 3, 0, 1, 0, 0, 0, 0, 3, 0, 3, 0, 2, 1, 1, 0, 1, 3]|[0, 1, 1, 2, 0, 0, 1, 1, 1, 0, 0, 1, 2, 1, 1, 1, 1, 1, 1, 0];[1, 19, 13, 14, 2, 4, 16, 5, 3, 10, 12, 6, 11, 18, 7, 9, 15, 0, 17, 8]|[0, 1, 1, 0, 2, 1, 2, 2, 1, 0, 0, 2, 0, 1, 0, 1, 1, 2, 1, 0]|[3, 1, 1, 3, 0, 1, 0, 0, 0, 0, 3, 0, 3, 0, 3, 1, 1, 0, 1, 3]|[0, 1, 1, 2, 1, 0, 0, 1, 1, 0, 0, 1, 2, 1, 1, 1, 1, 1, 1, 0];[1, 19, 13, 14, 2, 4, 16, 5, 3, 10, 12, 6, 11, 18, 7, 9, 15, 0, 17, 8]|[0, 1, 1, 0, 2, 1, 2, 2, 1, 0, 0, 2, 0, 1, 0, 1, 1, 2, 1, 0]|[3, 1, 1, 3, 0, 1, 0, 0, 0, 0, 3, 0, 3, 0, 3, 1, 1, 0, 1, 3]|[0, 1, 1, 2, 1, 0, 0, 1, 1, 0, 0, 1, 2, 1, 1, 1, 1, 1, 1, 0];[1, 2, 13, 17, 10, 14, 9, 12, 16, 15, 3, 4, 7, 6, 11, 18, 0, 8, 19, 5]|[0, 0, 0, 0, 2, 2, 0, 0, 1, 0, 2, 1, 0, 1, 2, 0, 0, 0, 2, 1]|[3, 3, 3, 3, 1, 1, 3, 3, 1, 3, 1, 1, 3, 1, 1, 3, 2, 3, 1, 1]|[1, 0, 2, 0, 1, 0, 2, 1, 1, 2, 1, 0, 0, 1, 1, 1, 0, 2, 0, 1];[2, 19, 13, 15, 6, 3, 16, 10, 0, 11, 14, 8, 17, 7, 12, 4, 9, 5, 18, 1]|[0, 2, 1, 0, 2, 1, 2, 1, 0, 0, 2, 0, 1, 0, 1, 1, 2, 2, 1, 0]|[3, 1, 1, 3, 1, 1, 0, 0, 0, 3, 0, 3, 0, 0, 1, 1, 0, 1, 1, 3]|[2, 1, 1, 2, 1, 0, 0, 1, 0, 0, 1, 2, 1, 1, 1, 1, 0, 1, 1, 0];[2, 19, 13, 15, 6, 3, 16, 10, 0, 11, 14, 8, 17, 7, 12, 4, 9, 5, 18, 1]|[0, 2, 1, 0, 2, 1, 2, 1, 0, 0, 2, 0, 1, 0, 1, 1, 2, 2, 1, 0]|[3, 1, 1, 3, 1, 1, 0, 0, 0, 3, 0, 3, 0, 0, 1, 1, 0, 1, 1, 3]|[2, 1, 1, 2, 1, 0, 0, 1, 0, 0, 1, 2, 1, 1, 1, 1, 0, 1, 1, 0];[2, 12, 15, 19, 10, 14, 9, 1, 16, 13, 3, 4, 7, 6, 11, 0, 8, 18, 17, 5]|[0, 0, 0, 0, 2, 2, 0, 0, 1, 0, 2, 1, 0, 1, 2, 0, 0, 0, 2, 1]|[0, 3, 3, 3, 1, 1, 3, 3, 1, 3, 1, 1, 3, 1, 1, 3, 2, 3, 1, 1]|[1, 0, 2, 0, 1, 0, 2, 1, 1, 2, 1, 0, 0, 1, 1, 1, 0, 2, 0, 0];[12, 10, 15, 19, 14, 7, 8, 5, 1, 4, 3, 2, 16, 13, 17, 9, 18, 0, 11, 6]|[0, 0, 0, 2, 2, 0, 1, 2, 0, 1, 2, 0, 1, 0, 0, 0, 0, 0, 2, 1]|[2, 3, 3, 0, 1, 3, 1, 1, 3, 1, 1, 3, 1, 3, 3, 3, 3, 3, 1, 1]|[1, 2, 0, 1, 0, 2, 1, 1, 1, 0, 1, 0, 1, 2, 1, 2, 0, 2, 0, 0];[5, 2, 14, 10, 4, 13, 16, 19, 6, 1, 9, 15, 12, 7, 18, 11, 17, 3, 8, 0]|[0, 1, 1, 0, 2, 1, 2, 2, 1, 0, 1, 1, 2, 0, 0, 2, 1, 2, 1, 0]|[3, 1, 1, 3, 1, 1, 0, 0, 0, 0, 1, 1, 0, 2, 3, 0, 0, 0, 1, 3]|[0, 1, 1, 2, 1, 0, 0, 1, 1, 1, 1, 1, 1, 0, 2, 1, 0, 1, 1, 0];[5, 2, 14, 10, 4, 13, 16, 19, 17, 9, 6, 0, 3, 11, 1, 15, 7, 8, 12, 18]|[0, 1, 1, 0, 2, 1, 2, 2, 1, 0, 2, 0, 1, 0, 0, 2, 1, 2, 1, 0]|[2, 1, 1, 3, 1, 1, 0, 0, 0, 3, 1, 0, 1, 3, 3, 0, 1, 0, 1, 3]|[2, 1, 1, 0, 1, 0, 0, 1, 1, 1, 1, 1, 1, 0, 2, 0, 1, 1, 1, 0];[19, 14, 5, 4, 16, 2, 3, 9, 17, 6, 15, 11, 7, 8, 12, 10, 13, 18, 0, 1]|[1, 0, 2, 1, 2, 2, 1, 0, 0, 1, 1, 0, 0, 1, 2, 2, 2, 1, 0, 0]|[0, 0, 1, 1, 0, 1, 0, 3, 3, 0, 1, 0, 3, 1, 0, 0, 0, 1, 3, 3]|[1, 2, 1, 0, 0, 1, 1, 0, 0, 0, 1, 1, 0, 1, 1, 1, 0, 1, 2, 0];[19, 14, 5, 4, 16, 2, 3, 9, 17, 6, 15, 11, 7, 8, 12, 10, 13, 18, 0, 1]|[1, 0, 2, 1, 2, 2, 1, 0, 0, 1, 1, 0, 0, 1, 2, 2, 2, 1, 0, 0]|[0, 0, 1, 1, 0, 1, 0, 3, 3, 0, 1, 0, 3, 1, 0, 0, 0, 1, 3, 3]|[1, 2, 1, 0, 0, 1, 1, 0, 0, 0, 1, 1, 0, 1, 1, 1, 0, 1, 2, 0];[19, 14, 5, 4, 16, 2, 3, 9, 17, 6, 15, 11, 7, 8, 12, 10, 13, 18, 0, 1]|[1, 0, 2, 1, 2, 2, 1, 0, 0, 1, 1, 0, 0, 1, 2, 2, 2, 1, 0, 0]|[0, 0, 1, 1, 0, 1, 0, 3, 3, 0, 1, 0, 3, 1, 0, 0, 0, 1, 3, 3]|[1, 2, 1, 0, 0, 1, 1, 0, 0, 0, 1, 1, 0, 1, 1, 1, 0, 1, 2, 0];[19, 14, 5, 4, 16, 2, 3, 9, 17, 6, 15, 11, 7, 8, 12, 10, 13, 18, 0, 1]|[1, 0, 2, 1, 2, 2, 1, 0, 0, 1, 1, 0, 0, 1, 2, 2, 2, 1, 0, 0]|[0, 0, 1, 1, 0, 1, 0, 3, 3, 0, 1, 0, 3, 1, 0, 0, 0, 1, 3, 3]|[1, 2, 1, 0, 0, 1, 1, 0, 0, 0, 1, 1, 0, 1, 1, 1, 0, 1, 2, 0];[12, 5, 4, 15, 11, 19, 1, 16, 3, 9, 0, 10, 2, 14, 6, 17, 13, 18, 7, 8]|[0, 2, 0, 2, 0, 1, 0, 2, 1, 2, 2, 1, 2, 0, 1, 1, 1, 2, 1, 0]|[3, 0, 3, 1, 0, 1, 2, 1, 1, 0, 0, 1, 1, 3, 0, 1, 1, 0, 1, 3]|[0, 0, 2, 1, 1, 1, 0, 0, 1, 1, 1, 1, 1, 2, 0, 1, 1, 0, 1, 0];[12, 5, 4, 15, 11, 19, 1, 16, 3, 9, 0, 10, 2, 14, 6, 17, 13, 18, 7, 8]|[0, 2, 0, 2, 0, 1, 0, 2, 1, 2, 2, 1, 2, 0, 1, 1, 1, 2, 1, 0]|[3, 0, 3, 1, 0, 1, 2, 1, 1, 0, 0, 1, 1, 3, 0, 1, 1, 0, 1, 3]|[0, 0, 2, 1, 1, 1, 0, 0, 1, 1, 1, 1, 1, 2, 0, 1, 1, 0, 1, 0];[12, 5, 4, 15, 11, 19, 1, 16, 3, 9, 0, 10, 2, 14, 6, 17, 13, 18, 7, 8]|[0, 2, 0, 2, 0, 1, 0, 2, 1, 2, 2, 1, 2, 0, 1, 1, 1, 2, 1, 0]|[3, 0, 3, 1, 0, 1, 2, 1, 1, 0, 0, 1, 1, 3, 0, 1, 1, 0, 1, 3]|[0, 0, 2, 1, 1, 1, 0, 0, 1, 1, 1, 1, 1, 2, 0, 1, 1, 0, 1, 0];[12, 5, 4, 15, 11, 19, 1, 16, 3, 9, 0, 10, 2, 14, 6, 17, 13, 18, 7, 8]|[0, 2, 0, 2, 0, 1, 0, 2, 1, 2, 2, 1, 2, 0, 1, 1, 1, 2, 1, 0]|[3, 0, 3, 1, 0, 1, 2, 1, 1, 0, 0, 1, 1, 3, 0, 1, 1, 0, 1, 3]|[0, 0, 2, 1, 1, 1, 0, 0, 1, 1, 1, 1, 1, 2, 0, 1, 1, 0, 1, 0];[11, 19, 14, 2, 4, 16, 5, 3, 9, 10, 18, 7, 1, 15, 0, 12, 17, 6, 13, 8]|[0, 1, 0, 2, 1, 2, 2, 1, 1, 0, 0, 2, 0, 2, 0, 1, 1, 2, 1, 0]|[0, 0, 1, 1, 1, 0, 1, 0, 1, 3, 3, 0, 3, 0, 3, 1, 1, 0, 0, 3]|[2, 1, 1, 1, 0, 0, 1, 1, 1, 0, 0, 1, 0, 0, 2, 1, 1, 1, 1, 0];[11, 19, 14, 2, 4, 16, 5, 3, 9, 10, 18, 7, 1, 15, 0, 12, 17, 6, 13, 8]|[0, 1, 0, 2, 1, 2, 2, 1, 1, 0, 0, 2, 0, 2, 0, 1, 1, 2, 1, 0]|[0, 0, 1, 1, 1, 0, 1, 0, 1, 3, 3, 0, 3, 0, 3, 1, 1, 0, 0, 3]|[2, 1, 1, 1, 0, 0, 1, 1, 1, 0, 0, 1, 0, 0, 2, 1, 1, 1, 1, 0];[11, 19, 14, 2, 4, 16, 5, 3, 9, 10, 18, 7, 1, 15, 0, 12, 17, 6, 13, 8]|[0, 1, 0, 2, 1, 2, 2, 1, 1, 0, 0, 2, 0, 2, 0, 1, 1, 2, 1, 0]|[0, 0, 1, 1, 1, 0, 1, 0, 1, 3, 3, 0, 3, 0, 3, 1, 1, 0, 0, 3]|[2, 1, 1, 1, 0, 0, 1, 1, 1, 0, 0, 1, 0, 0, 2, 1, 1, 1, 1, 0];[11, 19, 14, 2, 4, 16, 5, 3, 9, 10, 18, 7, 1, 15, 0, 12, 17, 6, 13, 8]|[0, 1, 0, 2, 1, 2, 2, 1, 1, 0, 0, 2, 0, 2, 0, 1, 1, 2, 1, 0]|[0, 0, 1, 1, 1, 0, 1, 0, 1, 3, 3, 0, 3, 0, 3, 1, 1, 0, 0, 3]|[2, 1, 1, 1, 0, 0, 1, 1, 1, 0, 0, 1, 0, 0, 2, 1, 1, 1, 1, 0];[5, 2, 14, 15, 4, 13, 16, 19, 3, 11, 10, 1, 8, 17, 6, 7, 12, 18, 9, 0]|[0, 1, 1, 0, 2, 1, 2, 2, 1, 0, 0, 2, 0, 1, 1, 0, 1, 2, 1, 0]|[0, 1, 0, 3, 0, 1, 0, 0, 0, 3, 3, 0, 3, 1, 1, 1, 1, 0, 1, 3]|[2, 1, 1, 0, 0, 0, 0, 1, 1, 0, 0, 1, 2, 1, 1, 0, 1, 0, 1, 0];[19, 15, 14, 4, 13, 16, 5, 12, 7, 6, 0, 10, 9, 11, 1, 17, 2, 3, 8, 18]|[2, 1, 1, 0, 1, 2, 2, 1, 0, 0, 0, 2, 2, 0, 1, 1, 1, 2, 1, 0]|[1, 1, 0, 3, 1, 0, 0, 0, 0, 3, 1, 0, 0, 3, 0, 0, 1, 0, 1, 3]|[0, 1, 1, 2, 0, 1, 1, 1, 0, 0, 1, 1, 0, 0, 1, 1, 0, 1, 1, 0];[19, 15, 14, 4, 13, 16, 5, 12, 7, 6, 0, 10, 9, 11, 1, 17, 2, 3, 8, 18]|[2, 1, 1, 0, 1, 2, 2, 1, 0, 0, 0, 2, 2, 0, 1, 1, 1, 2, 1, 0]|[1, 1, 0, 3, 1, 0, 0, 0, 0, 3, 1, 0, 0, 3, 0, 0, 1, 0, 1, 3]|[0, 1, 1, 2, 0, 1, 1, 1, 0, 0, 1, 1, 0, 0, 1, 1, 0, 1, 1, 0];[19, 15, 14, 4, 13, 16, 5, 12, 7, 6, 0, 10, 9, 11, 1, 17, 2, 3, 8, 18]|[2, 1, 1, 0, 1, 2, 2, 1, 0, 0, 0, 2, 2, 0, 1, 1, 1, 2, 1, 0]|[1, 1, 0, 3, 1, 0, 0, 0, 0, 3, 1, 0, 0, 3, 0, 0, 1, 0, 1, 3]|[0, 1, 1, 2, 0, 1, 1, 1, 0, 0, 1, 1, 0, 0, 1, 1, 0, 1, 1, 0];[19, 15, 14, 4, 13, 16, 5, 12, 7, 6, 0, 10, 9, 11, 1, 17, 2, 3, 8, 18]|[2, 1, 1, 0, 1, 2, 2, 1, 0, 0, 0, 2, 2, 0, 1, 1, 1, 2, 1, 0]|[1, 1, 0, 3, 1, 0, 0, 0, 0, 3, 1, 0, 0, 3, 0, 0, 1, 0, 1, 3]|[0, 1, 1, 2, 0, 1, 1, 1, 0, 0, 1, 1, 0, 0, 1, 1, 0, 1, 1, 0];[2, 12, 15, 9, 10, 14, 19, 0, 16, 13, 3, 4, 7, 6, 11, 1, 18, 8, 17, 5]|[0, 0, 0, 0, 2, 2, 0, 0, 1, 0, 2, 1, 0, 1, 2, 0, 0, 0, 2, 1]|[0, 1, 3, 3, 1, 1, 3, 3, 1, 3, 1, 1, 3, 1, 1, 3, 2, 3, 1, 1]|[1, 0, 2, 2, 1, 0, 0, 1, 1, 2, 1, 0, 0, 1, 1, 1, 0, 2, 0, 0];[2, 12, 15, 9, 10, 14, 19, 0, 16, 13, 3, 4, 7, 6, 11, 1, 18, 8, 17, 5]|[0, 0, 0, 0, 2, 2, 0, 0, 1, 0, 2, 1, 0, 1, 2, 0, 0, 0, 2, 1]|[0, 1, 3, 3, 1, 1, 3, 3, 1, 3, 1, 1, 3, 1, 1, 3, 2, 3, 1, 1]|[1, 0, 2, 2, 1, 0, 0, 1, 1, 2, 1, 0, 0, 1, 1, 1, 0, 2, 0, 0];[2, 12, 15, 9, 10, 14, 19, 0, 16, 13, 3, 4, 7, 6, 11, 1, 18, 8, 17, 5]|[0, 0, 0, 0, 2, 2, 0, 0, 1, 0, 2, 1, 0, 1, 2, 0, 0, 0, 2, 1]|[0, 1, 3, 3, 1, 1, 3, 3, 1, 3, 1, 1, 3, 1, 1, 3, 2, 3, 1, 1]|[1, 0, 2, 2, 1, 0, 0, 1, 1, 2, 1, 0, 0, 1, 1, 1, 0, 2, 0, 0];[2, 12, 15, 9, 10, 14, 19, 0, 16, 13, 3, 4, 7, 6, 11, 1, 18, 8, 17, 5]|[0, 0, 0, 0, 2, 2, 0, 0, 1, 0, 2, 1, 0, 1, 2, 0, 0, 0, 2, 1]|[0, 1, 3, 3, 1, 1, 3, 3, 1, 3, 1, 1, 3, 1, 1, 3, 2, 3, 1, 1]|[1, 0, 2, 2, 1, 0, 0, 1, 1, 2, 1, 0, 0, 1, 1, 1, 0, 2, 0, 0];[2, 13, 11, 10, 14, 15, 16, 12, 18, 3, 4, 9, 19, 6, 7, 0, 8, 1, 17, 5]|[0, 0, 0, 0, 2, 0, 1, 2, 0, 2, 1, 0, 2, 1, 0, 0, 0, 0, 2, 1]|[3, 3, 3, 1, 1, 3, 1, 0, 3, 1, 1, 3, 1, 1, 3, 2, 3, 0, 1, 1]|[0, 2, 0, 1, 0, 2, 1, 0, 1, 1, 0, 2, 1, 1, 0, 0, 2, 1, 0, 1];[11, 10, 4, 2, 3, 17, 15, 12, 7, 1, 9, 18, 8, 16, 5, 6, 0, 19, 13, 14]|[0, 0, 1, 0, 1, 2, 1, 1, 1, 1, 1, 0, 0, 2, 2, 1, 2, 2, 2, 0]|[0, 3, 1, 3, 1, 0, 1, 1, 1, 1, 1, 3, 3, 0, 1, 1, 0, 0, 0, 3]|[1, 0, 1, 0, 1, 0, 1, 1, 1, 1, 1, 2, 0, 0, 1, 1, 0, 1, 1, 0];[1, 19, 13, 14, 2, 4, 16, 5, 3, 10, 12, 9, 6, 17, 8, 15, 18, 11, 7, 0]|[0, 1, 1, 0, 2, 1, 2, 2, 1, 0, 0, 2, 0, 1, 0, 1, 1, 2, 1, 0]|[3, 1, 0, 3, 0, 1, 1, 0, 0, 0, 3, 0, 2, 0, 3, 1, 1, 0, 1, 3]|[0, 1, 1, 2, 1, 0, 0, 1, 1, 0, 0, 0, 2, 1, 1, 0, 1, 1, 1, 0];[1, 19, 14, 2, 17, 18, 5, 15, 12, 6, 16, 10, 11, 4, 0, 7, 13, 8, 3, 9]|[0, 1, 0, 2, 2, 1, 0, 1, 1, 2, 2, 0, 0, 2, 0, 1, 1, 1, 1, 0]|[3, 1, 3, 0, 0, 1, 3, 1, 1, 0, 0, 0, 3, 0, 3, 1, 1, 1, 1, 3]|[0, 1, 2, 1, 0, 1, 0, 1, 1, 0, 1, 1, 0, 1, 2, 1, 1, 1, 1, 0];[1, 19, 14, 2, 17, 18, 5, 15, 12, 6, 16, 10, 11, 4, 0, 7, 13, 8, 3, 9]|[0, 1, 0, 2, 2, 1, 0, 1, 1, 2, 2, 0, 0, 2, 0, 1, 1, 1, 1, 0]|[3, 1, 3, 0, 0, 1, 3, 1, 1, 0, 0, 0, 3, 0, 3, 1, 1, 1, 1, 3]|[0, 1, 2, 1, 0, 1, 0, 1, 1, 0, 1, 1, 0, 1, 2, 1, 1, 1, 1, 0];[2, 12, 10, 15, 19, 18, 9, 1, 16, 13, 3, 5, 11, 6, 0, 7, 17, 14, 4, 8]|[0, 0, 0, 0, 2, 2, 0, 0, 1, 0, 2, 1, 0, 1, 2, 0, 0, 0, 2, 1]|[3, 0, 3, 3, 1, 1, 3, 3, 1, 3, 1, 1, 3, 1, 1, 3, 3, 3, 1, 1]|[0, 1, 2, 0, 1, 0, 2, 1, 1, 2, 1, 0, 0, 1, 1, 1, 0, 2, 0, 0];[1, 19, 13, 14, 2, 8, 6, 16, 3, 10, 11, 4, 0, 7, 5, 15, 12, 17, 18, 9]|[0, 1, 1, 0, 2, 1, 2, 2, 1, 0, 0, 2, 0, 1, 0, 1, 1, 2, 1, 0]|[3, 1, 1, 3, 0, 1, 0, 0, 0, 0, 3, 0, 3, 0, 3, 1, 1, 0, 1, 3]|[0, 1, 1, 2, 1, 0, 0, 1, 1, 1, 0, 1, 2, 1, 0, 1, 1, 0, 1, 0];[1, 19, 13, 14, 2, 8, 6, 16, 3, 10, 11, 4, 0, 7, 5, 15, 12, 17, 18, 9]|[0, 1, 1, 0, 2, 1, 2, 2, 1, 0, 0, 2, 0, 1, 0, 1, 1, 2, 1, 0]|[3, 1, 1, 3, 0, 1, 0, 0, 0, 0, 3, 0, 3, 0, 3, 1, 1, 0, 1, 3]|[0, 1, 1, 2, 1, 0, 0, 1, 1, 1, 0, 1, 2, 1, 0, 1, 1, 0, 1, 0];[19, 9, 12, 2, 10, 14, 15, 1, 16, 7, 3, 4, 18, 8, 0, 11, 17, 13, 5, 6]|[0, 0, 0, 0, 2, 2, 0, 0, 1, 0, 2, 1, 0, 0, 0, 2, 1, 0, 2, 1]|[3, 3, 3, 3, 0, 1, 3, 0, 1, 3, 1, 1, 3, 2, 3, 1, 1, 3, 1, 1]|[0, 2, 1, 0, 1, 0, 2, 1, 1, 0, 1, 0, 2, 0, 1, 1, 1, 2, 0, 1];[5, 2, 14, 10, 4, 13, 16, 19, 3, 18, 11, 6, 0, 12, 9, 7, 17, 15, 1, 8]|[0, 1, 1, 0, 2, 1, 2, 2, 1, 0, 0, 2, 0, 1, 0, 1, 1, 2, 1, 0]|[3, 1, 1, 3, 0, 1, 0, 0, 0, 0, 3, 0, 3, 1, 3, 1, 1, 0, 1, 3]|[0, 1, 1, 0, 1, 0, 0, 1, 1, 1, 2, 1, 0, 1, 0, 0, 1, 1, 1, 0];[19, 9, 12, 2, 10, 14, 15, 1, 16, 7, 3, 4, 18, 8, 0, 11, 17, 13, 5, 6]|[0, 0, 0, 0, 2, 2, 0, 0, 1, 0, 2, 1, 0, 0, 0, 2, 1, 0, 2, 1]|[3, 3, 3, 3, 0, 1, 3, 0, 1, 3, 1, 1, 3, 2, 3, 1, 1, 3, 1, 1]|[0, 2, 1, 0, 1, 0, 2, 1, 1, 0, 1, 0, 2, 0, 1, 1, 1, 2, 0, 1];[19, 2, 12, 13, 10, 14, 9, 18, 16, 15, 6, 4, 7, 3, 11, 1, 0, 8, 17, 5]|[0, 0, 0, 0, 2, 2, 0, 0, 1, 0, 2, 1, 0, 1, 2, 0, 0, 0, 2, 1]|[3, 0, 3, 3, 1, 1, 3, 3, 1, 3, 1, 1, 3, 1, 1, 3, 2, 3, 1, 1]|[0, 1, 2, 0, 1, 0, 2, 1, 1, 2, 1, 0, 0, 1, 1, 1, 0, 2, 0, 0];[5, 2, 14, 10, 4, 13, 16, 19, 17, 0, 11, 9, 12, 3, 18, 15, 6, 1, 7, 8]|[0, 1, 0, 2, 1, 1, 2, 2, 1, 0, 1, 2, 2, 0, 0, 2, 1, 2, 1, 0]|[0, 0, 3, 1, 1, 1, 0, 1, 0, 3, 0, 0, 1, 0, 3, 0, 1, 0, 1, 3]|[0, 0, 2, 1, 1, 1, 0, 1, 1, 2, 0, 0, 0, 1, 0, 1, 1, 1, 1, 0];[5, 2, 14, 10, 4, 13, 16, 19, 17, 0, 11, 9, 12, 3, 18, 15, 6, 1, 7, 8]|[0, 1, 0, 2, 1, 1, 2, 2, 1, 0, 1, 2, 2, 0, 0, 2, 1, 2, 1, 0]|[0, 0, 3, 1, 1, 1, 0, 1, 0, 3, 0, 0, 1, 0, 3, 0, 1, 0, 1, 3]|[0, 0, 2, 1, 1, 1, 0, 1, 1, 2, 0, 0, 0, 1, 0, 1, 1, 1, 1, 0];[5, 2, 14, 10, 4, 13, 16, 19, 17, 0, 11, 9, 12, 3, 18, 15, 6, 1, 7, 8]|[0, 1, 0, 2, 1, 1, 2, 2, 1, 0, 1, 2, 2, 0, 0, 2, 1, 2, 1, 0]|[0, 0, 3, 1, 1, 1, 0, 1, 0, 3, 0, 0, 1, 0, 3, 0, 1, 0, 1, 3]|[0, 0, 2, 1, 1, 1, 0, 1, 1, 2, 0, 0, 0, 1, 0, 1, 1, 1, 1, 0];[5, 2, 14, 10, 4, 13, 16, 19, 17, 0, 11, 9, 12, 3, 18, 15, 6, 1, 7, 8]|[0, 1, 0, 2, 1, 1, 2, 2, 1, 0, 1, 2, 2, 0, 0, 2, 1, 2, 1, 0]|[0, 0, 3, 1, 1, 1, 0, 1, 0, 3, 0, 0, 1, 0, 3, 0, 1, 0, 1, 3]|[0, 0, 2, 1, 1, 1, 0, 1, 1, 2, 0, 0, 0, 1, 0, 1, 1, 1, 1, 0];[19, 14, 2, 4, 16, 5, 3, 12, 10, 6, 0, 18, 9, 8, 15, 11, 7, 17, 13, 1]|[1, 0, 2, 1, 2, 2, 1, 1, 1, 0, 0, 0, 1, 1, 2, 2, 0, 0, 0, 0]|[0, 3, 0, 1, 0, 0, 1, 1, 1, 3, 3, 3, 1, 1, 1, 1, 3, 3, 3, 3]|[1, 0, 1, 0, 0, 1, 1, 1, 1, 0, 2, 0, 1, 1, 1, 0, 0, 0, 2, 0];[2, 1, 13, 14, 19, 4, 16, 5, 3, 10, 11, 17, 6, 7, 18, 9, 15, 0, 12, 8]|[0, 1, 1, 0, 2, 1, 2, 2, 1, 0, 0, 2, 0, 1, 0, 1, 1, 2, 1, 0]|[3, 1, 1, 3, 0, 1, 0, 0, 0, 0, 3, 0, 3, 0, 3, 1, 1, 0, 1, 3]|[0, 1, 1, 2, 1, 0, 0, 1, 1, 0, 0, 1, 2, 1, 0, 1, 1, 1, 1, 0];[2, 19, 8, 12, 10, 14, 1, 16, 15, 3, 4, 7, 6, 11, 0, 13, 18, 9, 17, 5]|[0, 0, 0, 0, 2, 2, 0, 1, 0, 2, 1, 0, 1, 2, 0, 0, 0, 0, 2, 1]|[0, 3, 3, 3, 1, 1, 3, 1, 3, 1, 1, 3, 1, 1, 3, 2, 3, 3, 0, 1]|[1, 0, 2, 0, 1, 0, 1, 1, 2, 1, 0, 0, 1, 1, 1, 0, 2, 0, 0, 0];[2, 19, 8, 12, 10, 14, 1, 16, 15, 3, 4, 7, 6, 11, 0, 13, 18, 9, 17, 5]|[0, 0, 0, 0, 2, 2, 0, 1, 0, 2, 1, 0, 1, 2, 0, 0, 0, 0, 2, 1]|[0, 3, 3, 3, 1, 1, 3, 1, 3, 1, 1, 3, 1, 1, 3, 2, 3, 3, 0, 1]|[1, 0, 2, 0, 1, 0, 1, 1, 2, 1, 0, 0, 1, 1, 1, 0, 2, 0, 0, 0];[2, 19, 8, 12, 10, 14, 1, 16, 15, 3, 4, 7, 6, 11, 0, 13, 18, 9, 17, 5]|[0, 0, 0, 0, 2, 2, 0, 1, 0, 2, 1, 0, 1, 2, 0, 0, 0, 0, 2, 1]|[0, 3, 3, 3, 1, 1, 3, 1, 3, 1, 1, 3, 1, 1, 3, 2, 3, 3, 0, 1]|[1, 0, 2, 0, 1, 0, 1, 1, 2, 1, 0, 0, 1, 1, 1, 0, 2, 0, 0, 0];[2, 19, 8, 12, 10, 14, 1, 16, 15, 3, 4, 7, 6, 11, 0, 13, 18, 9, 17, 5]|[0, 0, 0, 0, 2, 2, 0, 1, 0, 2, 1, 0, 1, 2, 0, 0, 0, 0, 2, 1]|[0, 3, 3, 3, 1, 1, 3, 1, 3, 1, 1, 3, 1, 1, 3, 2, 3, 3, 0, 1]|[1, 0, 2, 0, 1, 0, 1, 1, 2, 1, 0, 0, 1, 1, 1, 0, 2, 0, 0, 0];[2, 12, 15, 19, 10, 14, 9, 1, 16, 13, 3, 4, 7, 6, 11, 0, 17, 8, 5, 18]|[0, 0, 0, 0, 2, 2, 0, 0, 1, 0, 2, 1, 0, 1, 2, 0, 0, 0, 2, 1]|[0, 3, 3, 3, 1, 1, 3, 3, 1, 3, 1, 1, 3, 1, 1, 3, 2, 3, 1, 1]|[1, 0, 2, 0, 1, 0, 2, 1, 1, 2, 1, 0, 0, 1, 1, 1, 0, 2, 0, 0];[2, 12, 15, 19, 10, 14, 9, 1, 16, 13, 3, 4, 7, 6, 11, 0, 17, 8, 5, 18]|[0, 0, 0, 0, 2, 2, 0, 0, 1, 0, 2, 1, 0, 1, 2, 0, 0, 0, 2, 1]|[0, 3, 3, 3, 1, 1, 3, 3, 1, 3, 1, 1, 3, 1, 1, 3, 2, 3, 1, 1]|[1, 0, 2, 0, 1, 0, 2, 1, 1, 2, 1, 0, 0, 1, 1, 1, 0, 2, 0, 0];[2, 12, 15, 19, 10, 14, 9, 1, 16, 13, 3, 4, 7, 6, 11, 0, 17, 8, 5, 18]|[0, 0, 0, 0, 2, 2, 0, 0, 1, 0, 2, 1, 0, 1, 2, 0, 0, 0, 2, 1]|[0, 3, 3, 3, 1, 1, 3, 3, 1, 3, 1, 1, 3, 1, 1, 3, 2, 3, 1, 1]|[1, 0, 2, 0, 1, 0, 2, 1, 1, 2, 1, 0, 0, 1, 1, 1, 0, 2, 0, 0];[2, 12, 15, 19, 10, 14, 9, 1, 16, 13, 3, 4, 7, 6, 11, 0, 17, 8, 5, 18]|[0, 0, 0, 0, 2, 2, 0, 0, 1, 0, 2, 1, 0, 1, 2, 0, 0, 0, 2, 1]|[0, 3, 3, 3, 1, 1, 3, 3, 1, 3, 1, 1, 3, 1, 1, 3, 2, 3, 1, 1]|[1, 0, 2, 0, 1, 0, 2, 1, 1, 2, 1, 0, 0, 1, 1, 1, 0, 2, 0, 0];[5, 2, 19, 14, 16, 6, 13, 4, 11, 8, 17, 15, 1, 10, 0, 7, 9, 18, 12, 3]|[0, 1, 1, 0, 2, 2, 1, 2, 1, 2, 0, 1, 0, 2, 0, 0, 1, 2, 1, 0]|[3, 1, 1, 3, 0, 0, 1, 0, 1, 0, 0, 1, 3, 0, 3, 3, 0, 0, 1, 3]|[2, 1, 1, 0, 1, 0, 1, 1, 1, 0, 0, 1, 2, 1, 2, 0, 1, 1, 1, 0];[5, 2, 19, 14, 16, 6, 13, 4, 11, 8, 17, 15, 1, 10, 0, 7, 9, 18, 12, 3]|[0, 1, 1, 0, 2, 2, 1, 2, 1, 2, 0, 1, 0, 2, 0, 0, 1, 2, 1, 0]|[3, 1, 1, 3, 0, 0, 1, 0, 1, 0, 0, 1, 3, 0, 3, 3, 0, 0, 1, 3]|[2, 1, 1, 0, 1, 0, 1, 1, 1, 0, 0, 1, 2, 1, 2, 0, 1, 1, 1, 0];[2, 13, 1, 10, 14, 9, 18, 16, 15, 3, 4, 0, 12, 11, 6, 7, 8, 17, 19, 5]|[0, 0, 0, 2, 2, 0, 0, 1, 0, 2, 1, 0, 0, 2, 1, 0, 0, 0, 2, 1]|[3, 3, 3, 1, 1, 3, 3, 1, 3, 1, 1, 3, 3, 1, 1, 3, 3, 3, 1, 1]|[0, 2, 0, 1, 0, 2, 0, 1, 2, 1, 0, 0, 1, 1, 1, 0, 2, 0, 0, 1];[2, 19, 15, 3, 10, 14, 18, 16, 12, 4, 0, 13, 17, 11, 5, 9, 1, 8, 6, 7]|[0, 0, 0, 0, 2, 2, 0, 1, 2, 1, 0, 0, 0, 2, 1, 0, 0, 0, 2, 1]|[0, 3, 3, 3, 1, 1, 2, 1, 1, 1, 3, 3, 3, 1, 1, 3, 3, 3, 1, 1]|[1, 0, 2, 0, 1, 0, 0, 1, 1, 0, 1, 2, 0, 1, 1, 2, 1, 0, 0, 0];[2, 19, 15, 3, 10, 14, 18, 16, 12, 4, 0, 13, 17, 11, 5, 9, 1, 8, 6, 7]|[0, 0, 0, 0, 2, 2, 0, 1, 2, 1, 0, 0, 0, 2, 1, 0, 0, 0, 2, 1]|[0, 3, 3, 3, 1, 1, 2, 1, 1, 1, 3, 3, 3, 1, 1, 3, 3, 3, 1, 1]|[1, 0, 2, 0, 1, 0, 0, 1, 1, 0, 1, 2, 0, 1, 1, 2, 1, 0, 0, 0];[5, 14, 4, 13, 16, 19, 3, 2, 1, 17, 10, 6, 11, 18, 7, 15, 12, 9, 0, 8]|[0, 0, 1, 1, 2, 2, 1, 1, 0, 1, 2, 2, 0, 0, 2, 2, 1, 2, 1, 2]|[0, 3, 0, 1, 0, 1, 0, 1, 3, 0, 1, 0, 0, 3, 0, 0, 1, 0, 1, 1]|[0, 2, 1, 0, 1, 0, 1, 1, 0, 0, 0, 1, 0, 1, 1, 1, 1, 0, 1, 1];[1, 14, 10, 19, 8, 17, 15, 4, 7, 9, 5, 16, 18, 12, 3, 13, 11, 6, 2, 0]|[0, 0, 2, 1, 1, 1, 1, 2, 1, 0, 0, 2, 0, 1, 0, 1, 2, 2, 1, 0]|[3, 3, 1, 1, 1, 1, 1, 0, 1, 0, 3, 0, 3, 1, 3, 1, 0, 0, 1, 3]|[2, 2, 1, 1, 1, 1, 1, 1, 1, 1, 0, 1, 1, 1, 2, 1, 0, 1, 1, 0];[1, 19, 10, 5, 8, 4, 2, 3, 15, 12, 9, 7, 13, 18, 11, 16, 0, 17, 6, 14]|[0, 1, 0, 2, 1, 2, 2, 1, 2, 1, 0, 1, 1, 0, 0, 2, 0, 1, 1, 0]|[3, 1, 3, 0, 1, 0, 0, 1, 0, 1, 3, 1, 1, 0, 3, 0, 3, 1, 1, 3]|[0, 1, 0, 1, 1, 0, 1, 1, 1, 1, 1, 1, 1, 0, 0, 1, 2, 1, 1, 0];[1, 19, 10, 5, 8, 4, 2, 3, 15, 12, 9, 7, 13, 18, 11, 16, 0, 17, 6, 14]|[0, 1, 0, 2, 1, 2, 2, 1, 2, 1, 0, 1, 1, 0, 0, 2, 0, 1, 1, 0]|[3, 1, 3, 0, 1, 0, 0, 1, 0, 1, 3, 1, 1, 0, 3, 0, 3, 1, 1, 3]|[0, 1, 0, 1, 1, 0, 1, 1, 1, 1, 1, 1, 1, 0, 0, 1, 2, 1, 1, 0];[1, 14, 10, 19, 8, 17, 15, 4, 7, 9, 5, 16, 18, 12, 3, 13, 11, 6, 2, 0]|[0, 0, 2, 1, 1, 1, 1, 2, 1, 0, 0, 2, 0, 1, 0, 1, 2, 2, 1, 0]|[3, 3, 1, 1, 1, 1, 1, 0, 1, 0, 3, 0, 3, 1, 3, 1, 0, 0, 1, 3]|[2, 2, 1, 1, 1, 1, 1, 1, 1, 1, 0, 1, 1, 1, 2, 1, 0, 1, 1, 0];[19, 15, 11, 2, 10, 14, 9, 1, 16, 13, 18, 4, 7, 12, 6, 0, 17, 8, 5, 3]|[0, 0, 0, 0, 2, 2, 0, 0, 1, 0, 2, 1, 0, 1, 2, 0, 0, 0, 2, 1]|[3, 3, 3, 0, 1, 1, 3, 3, 1, 3, 1, 1, 3, 1, 1, 3, 2, 3, 1, 1]|[0, 2, 0, 1, 1, 0, 2, 1, 1, 2, 1, 0, 0, 1, 1, 1, 0, 2, 0, 1];[19, 15, 11, 2, 10, 14, 9, 1, 16, 13, 18, 4, 7, 12, 6, 0, 17, 8, 5, 3]|[0, 0, 0, 0, 2, 2, 0, 0, 1, 0, 2, 1, 0, 1, 2, 0, 0, 0, 2, 1]|[3, 3, 3, 0, 1, 1, 3, 3, 1, 3, 1, 1, 3, 1, 1, 3, 2, 3, 1, 1]|[0, 2, 0, 1, 1, 0, 2, 1, 1, 2, 1, 0, 0, 1, 1, 1, 0, 2, 0, 1];[2, 12, 15, 19, 10, 14, 9, 1, 16, 13, 6, 0, 7, 3, 11, 18, 17, 8, 4, 5]|[0, 0, 0, 0, 2, 2, 0, 0, 1, 0, 2, 1, 0, 1, 2, 0, 0, 0, 2, 1]|[3, 3, 3, 3, 1, 1, 3, 3, 1, 3, 1, 1, 3, 1, 1, 3, 2, 3, 1, 1]|[1, 0, 2, 0, 1, 0, 2, 1, 1, 2, 1, 0, 0, 1, 1, 1, 0, 2, 0, 1];[2, 19, 15, 12, 10, 14, 9, 18, 16, 13, 3, 4, 8, 6, 1, 11, 0, 7, 5, 17]|[0, 0, 0, 0, 2, 2, 2, 0, 1, 0, 2, 1, 0, 1, 0, 0, 0, 0, 2, 1]|[0, 3, 3, 3, 1, 1, 1, 3, 1, 3, 1, 1, 2, 1, 3, 3, 3, 3, 1, 1]|[1, 0, 2, 0, 1, 0, 0, 1, 1, 2, 1, 0, 0, 1, 1, 0, 2, 1, 0, 0];[2, 19, 15, 12, 10, 14, 9, 18, 16, 13, 3, 4, 8, 6, 1, 11, 0, 7, 5, 17]|[0, 0, 0, 0, 2, 2, 2, 0, 1, 0, 2, 1, 0, 1, 0, 0, 0, 0, 2, 1]|[0, 3, 3, 3, 1, 1, 1, 3, 1, 3, 1, 1, 2, 1, 3, 3, 3, 3, 1, 1]|[1, 0, 2, 0, 1, 0, 0, 1, 1, 2, 1, 0, 0, 1, 1, 0, 2, 1, 0, 0];[2, 19, 15, 12, 10, 14, 9, 18, 16, 13, 3, 4, 8, 6, 1, 11, 0, 7, 5, 17]|[0, 0, 0, 0, 2, 2, 2, 0, 1, 0, 2, 1, 0, 1, 0, 0, 0, 0, 2, 1]|[0, 3, 3, 3, 1, 1, 1, 3, 1, 3, 1, 1, 2, 1, 3, 3, 3, 3, 1, 1]|[1, 0, 2, 0, 1, 0, 0, 1, 1, 2, 1, 0, 0, 1, 1, 0, 2, 1, 0, 0];[2, 19, 15, 12, 10, 14, 9, 18, 16, 13, 3, 4, 8, 6, 1, 11, 0, 7, 5, 17]|[0, 0, 0, 0, 2, 2, 2, 0, 1, 0, 2, 1, 0, 1, 0, 0, 0, 0, 2, 1]|[0, 3, 3, 3, 1, 1, 1, 3, 1, 3, 1, 1, 2, 1, 3, 3, 3, 3, 1, 1]|[1, 0, 2, 0, 1, 0, 0, 1, 1, 2, 1, 0, 0, 1, 1, 0, 2, 1, 0, 0];[2, 19, 8, 14, 6, 13, 5, 15, 4, 11, 7, 12, 17, 16, 3, 9, 1, 0, 10, 18]|[0, 1, 1, 0, 1, 2, 2, 0, 2, 0, 0, 2, 0, 2, 1, 1, 1, 1, 1, 0]|[3, 1, 1, 3, 1, 0, 0, 3, 0, 3, 3, 0, 3, 0, 1, 1, 1, 1, 1, 3]|[0, 1, 1, 0, 1, 1, 1, 2, 1, 0, 0, 1, 0, 0, 1, 1, 1, 1, 1, 0];[2, 19, 8, 14, 6, 13, 5, 15, 4, 11, 7, 12, 17, 16, 3, 9, 1, 0, 10, 18]|[0, 1, 1, 0, 1, 2, 2, 0, 2, 0, 0, 2, 0, 2, 1, 1, 1, 1, 1, 0]|[3, 1, 1, 3, 1, 0, 0, 3, 0, 3, 3, 0, 3, 0, 1, 1, 1, 1, 1, 3]|[0, 1, 1, 0, 1, 1, 1, 2, 1, 0, 0, 1, 0, 0, 1, 1, 1, 1, 1, 0];[2, 19, 8, 14, 6, 13, 5, 15, 4, 11, 7, 12, 17, 16, 3, 9, 1, 0, 10, 18]|[0, 1, 1, 0, 1, 2, 2, 0, 2, 0, 0, 2, 0, 2, 1, 1, 1, 1, 1, 0]|[3, 1, 1, 3, 1, 0, 0, 3, 0, 3, 3, 0, 3, 0, 1, 1, 1, 1, 1, 3]|[0, 1, 1, 0, 1, 1, 1, 2, 1, 0, 0, 1, 0, 0, 1, 1, 1, 1, 1, 0];[2, 19, 13, 9, 14, 8, 6, 16, 7, 11, 10, 1, 12, 15, 17, 5, 18, 3, 4, 0]|[0, 1, 1, 2, 0, 1, 2, 2, 0, 0, 2, 0, 1, 0, 1, 2, 1, 1, 1, 0]|[3, 1, 1, 1, 3, 1, 0, 0, 0, 3, 0, 3, 1, 3, 1, 0, 1, 1, 1, 3]|[0, 1, 1, 1, 2, 1, 0, 1, 0, 0, 1, 2, 1, 1, 1, 1, 1, 1, 1, 0];[2, 19, 13, 9, 14, 8, 6, 16, 7, 11, 10, 1, 12, 15, 17, 5, 18, 3, 4, 0]|[0, 1, 1, 2, 0, 1, 2, 2, 0, 0, 2, 0, 1, 0, 1, 2, 1, 1, 1, 0]|[3, 1, 1, 1, 3, 1, 0, 0, 0, 3, 0, 3, 1, 3, 1, 0, 1, 1, 1, 3]|[0, 1, 1, 1, 2, 1, 0, 1, 0, 0, 1, 2, 1, 1, 1, 1, 1, 1, 1, 0];[2, 19, 13, 9, 14, 8, 6, 16, 7, 11, 10, 1, 12, 15, 17, 5, 18, 3, 4, 0]|[0, 1, 1, 2, 0, 1, 2, 2, 0, 0, 2, 0, 1, 0, 1, 2, 1, 1, 1, 0]|[3, 1, 1, 1, 3, 1, 0, 0, 0, 3, 0, 3, 1, 3, 1, 0, 1, 1, 1, 3]|[0, 1, 1, 1, 2, 1, 0, 1, 0, 0, 1, 2, 1, 1, 1, 1, 1, 1, 1, 0];[2, 19, 13, 9, 14, 8, 6, 16, 7, 11, 10, 1, 12, 15, 17, 5, 18, 3, 4, 0]|[0, 1, 1, 2, 0, 1, 2, 2, 0, 0, 2, 0, 1, 0, 1, 2, 1, 1, 1, 0]|[3, 1, 1, 1, 3, 1, 0, 0, 0, 3, 0, 3, 1, 3, 1, 0, 1, 1, 1, 3]|[0, 1, 1, 1, 2, 1, 0, 1, 0, 0, 1, 2, 1, 1, 1, 1, 1, 1, 1, 0];[2, 12, 13, 14, 19, 4, 9, 1, 16, 15, 3, 8, 10, 6, 11, 18, 0, 7, 17, 5]|[0, 0, 0, 0, 2, 1, 2, 0, 1, 0, 2, 1, 0, 1, 2, 0, 0, 0, 2, 1]|[3, 1, 0, 3, 0, 1, 0, 0, 1, 0, 1, 1, 3, 1, 1, 3, 2, 3, 1, 1]|[1, 0, 2, 0, 1, 0, 0, 1, 1, 2, 1, 0, 0, 1, 1, 1, 0, 2, 0, 1];[9, 12, 17, 18, 11, 19, 13, 0, 8, 1, 4, 6, 15, 14, 3, 5, 16, 10, 2, 7]|[2, 0, 0, 0, 0, 1, 0, 0, 1, 1, 2, 1, 0, 0, 1, 2, 2, 2, 0, 0]|[0, 3, 3, 3, 3, 1, 3, 3, 1, 1, 0, 1, 3, 3, 1, 0, 1, 0, 3, 3]|[1, 0, 0, 2, 0, 1, 2, 0, 1, 1, 1, 1, 0, 2, 1, 1, 0, 1, 0, 0];[9, 12, 17, 18, 11, 19, 13, 0, 8, 1, 4, 6, 15, 14, 3, 5, 16, 10, 2, 7]|[2, 0, 0, 0, 0, 1, 0, 0, 1, 1, 2, 1, 0, 0, 1, 2, 2, 2, 0, 0]|[0, 3, 3, 3, 3, 1, 3, 3, 1, 1, 0, 1, 3, 3, 1, 0, 1, 0, 3, 3]|[1, 0, 0, 2, 0, 1, 2, 0, 1, 1, 1, 1, 0, 2, 1, 1, 0, 1, 0, 0];[2, 1, 12, 8, 10, 3, 5, 6, 13, 7, 0, 18, 15, 9, 14, 16, 4, 17, 19, 11]|[2, 1, 1, 0, 0, 1, 2, 0, 1, 1, 0, 0, 1, 1, 0, 2, 1, 2, 2, 0]|[1, 1, 1, 3, 3, 1, 0, 3, 1, 1, 3, 3, 1, 1, 3, 0, 1, 0, 0, 3]|[1, 1, 1, 0, 0, 1, 1, 2, 1, 1, 0, 0, 1, 1, 2, 0, 1, 1, 1, 0];[2, 1, 12, 8, 10, 3, 5, 6, 13, 7, 0, 18, 15, 9, 14, 16, 4, 17, 19, 11]|[2, 1, 1, 0, 0, 1, 2, 0, 1, 1, 0, 0, 1, 1, 0, 2, 1, 2, 2, 0]|[1, 1, 1, 3, 3, 1, 0, 3, 1, 1, 3, 3, 1, 1, 3, 0, 1, 0, 0, 3]|[1, 1, 1, 0, 0, 1, 1, 2, 1, 1, 0, 0, 1, 1, 2, 0, 1, 1, 1, 0];[2, 1, 12, 8, 10, 3, 5, 6, 13, 7, 0, 18, 15, 9, 14, 16, 4, 17, 19, 11]|[2, 1, 1, 0, 0, 1, 2, 0, 1, 1, 0, 0, 1, 1, 0, 2, 1, 2, 2, 0]|[1, 1, 1, 3, 3, 1, 0, 3, 1, 1, 3, 3, 1, 1, 3, 0, 1, 0, 0, 3]|[1, 1, 1, 0, 0, 1, 1, 2, 1, 1, 0, 0, 1, 1, 2, 0, 1, 1, 1, 0];[2, 1, 12, 8, 10, 3, 5, 6, 13, 7, 0, 18, 15, 9, 14, 16, 4, 17, 19, 11]|[2, 1, 1, 0, 0, 1, 2, 0, 1, 1, 0, 0, 1, 1, 0, 2, 1, 2, 2, 0]|[1, 1, 1, 3, 3, 1, 0, 3, 1, 1, 3, 3, 1, 1, 3, 0, 1, 0, 0, 3]|[1, 1, 1, 0, 0, 1, 1, 2, 1, 1, 0, 0, 1, 1, 2, 0, 1, 1, 1, 0];[2, 4, 3, 15, 13, 18, 10, 14, 9, 16, 6, 11, 8, 1, 12, 19, 7, 0, 17, 5]|[2, 1, 2, 0, 0, 0, 2, 2, 0, 1, 1, 2, 0, 0, 0, 0, 0, 0, 2, 1]|[1, 1, 1, 3, 3, 3, 1, 1, 3, 1, 1, 1, 3, 3, 3, 3, 3, 3, 1, 1]|[0, 0, 1, 0, 2, 0, 1, 0, 2, 1, 1, 1, 0, 0, 2, 0, 2, 0, 0, 1];[19, 16, 12, 3, 0, 2, 4, 13, 14, 8, 9, 1, 15, 10, 18, 11, 6, 7, 17, 5]|[1, 0, 1, 2, 0, 2, 2, 0, 0, 0, 0, 0, 0, 1, 0, 2, 1, 0, 2, 1]|[1, 3, 1, 1, 3, 1, 1, 3, 3, 3, 3, 3, 3, 1, 3, 1, 1, 3, 1, 1]|[0, 2, 1, 0, 0, 1, 0, 2, 0, 2, 0, 0, 2, 1, 0, 1, 1, 2, 0, 0];[5, 4, 14, 10, 2, 6, 3, 0, 17, 12, 11, 1, 16, 18, 7, 15, 9, 13, 19, 8]|[0, 1, 0, 2, 1, 2, 2, 1, 1, 0, 0, 1, 0, 2, 0, 1, 2, 1, 1, 0]|[3, 1, 3, 0, 1, 0, 0, 1, 1, 3, 3, 1, 3, 0, 3, 1, 0, 1, 1, 3]|[0, 1, 2, 1, 1, 0, 1, 1, 1, 0, 0, 1, 2, 1, 0, 1, 1, 1, 1, 0]	sBp=[19, 17, 11, 5, 9, 6, 4, 10, 14, 2, 16, 12, 15, 3, 0, 1, 13, 8, 18, 7]|[2, 1, 1, 2, 2, 1, 2, 0, 1, 1, 2, 2, 0, 0, 0, 2, 1, 0, 1, 0]|[1, 0, 1, 1, 0, 1, 1, 2, 1, 0, 0, 0, 3, 0, 0, 0, 1, 3, 1, 1]|[1, 0, 1, 1, 0, 1, 1, 1, 1, 0, 0, 0, 0, 0, 2, 1, 1, 0, 1, 1];[2, 19, 8, 14, 9, 6, 18, 12, 13, 1, 7, 0, 4, 10, 11, 16, 3, 15, 5, 17]|[0, 1, 1, 0, 2, 1, 0, 1, 2, 1, 0, 2, 0, 0, 2, 2, 1, 1, 1, 0]|[3, 1, 1, 3, 0, 1, 3, 1, 0, 1, 3, 0, 3, 3, 0, 0, 1, 1, 1, 3]|[0, 1, 1, 2, 1, 1, 0, 1, 0, 1, 2, 1, 0, 2, 0, 1, 1, 1, 1, 0];[2, 19, 15, 12, 10, 14, 9, 18, 16, 13, 3, 4, 8, 6, 1, 11, 0, 7, 5, 17]|[0, 0, 0, 0, 2, 2, 2, 0, 1, 0, 2, 1, 0, 1, 0, 0, 0, 0, 2, 1]|[0, 3, 3, 3, 1, 1, 1, 3, 1, 3, 1, 1, 2, 1, 3, 3, 3, 3, 1, 1]|[1, 0, 2, 0, 1, 0, 0, 1, 1, 2, 1, 0, 0, 1, 1, 0, 2, 1, 0, 0];[1, 2, 15, 11, 10, 14, 9, 12, 16, 13, 3, 4, 7, 6, 19, 18, 0, 8, 17, 5]|[0, 0, 0, 0, 2, 2, 0, 0, 1, 0, 2, 1, 0, 1, 2, 0, 0, 0, 2, 1]|[0, 3, 3, 3, 1, 1, 3, 3, 1, 3, 1, 1, 3, 1, 1, 3, 2, 3, 1, 1]|[1, 0, 2, 0, 1, 0, 2, 2, 1, 2, 1, 0, 0, 1, 1, 1, 0, 2, 0, 1];[2, 12, 15, 19, 10, 14, 9, 1, 16, 13, 3, 4, 7, 6, 11, 18, 0, 8, 17, 5]|[0, 0, 0, 0, 2, 2, 0, 0, 1, 0, 2, 1, 0, 1, 2, 0, 0, 0, 2, 1]|[0, 3, 3, 3, 1, 1, 3, 3, 1, 3, 1, 1, 3, 1, 1, 3, 2, 3, 1, 1]|[1, 0, 2, 0, 1, 0, 2, 1, 1, 2, 1, 0, 0, 1, 1, 1, 0, 2, 0, 1];[2, 19, 6, 15, 3, 4, 16, 5, 1, 11, 10, 0, 18, 12, 7, 13, 17, 8, 9, 14]|[0, 1, 1, 0, 2, 1, 2, 2, 1, 0, 0, 2, 0, 1, 0, 1, 1, 2, 1, 0]|[3, 1, 0, 3, 0, 1, 0, 0, 0, 0, 3, 0, 3, 1, 3, 1, 1, 0, 1, 3]|[0, 1, 1, 2, 1, 0, 0, 1, 1, 1, 0, 1, 2, 1, 1, 1, 1, 1, 1, 0];[1, 19, 8, 14, 5, 13, 6, 16, 3, 0, 12, 4, 2, 15, 17, 10, 9, 11, 7, 18]|[0, 1, 1, 0, 2, 1, 2, 2, 1, 0, 0, 2, 0, 1, 0, 1, 1, 2, 1, 0]|[3, 1, 1, 3, 0, 1, 0, 0, 0, 0, 3, 0, 3, 0, 3, 1, 1, 0, 1, 3]|[0, 1, 1, 2, 1, 0, 0, 1, 1, 1, 0, 1, 2, 1, 1, 1, 1, 1, 1, 0];[1, 19, 13, 14, 2, 4, 16, 5, 3, 12, 10, 6, 11, 18, 7, 9, 15, 0, 17, 8]|[0, 1, 1, 0, 2, 2, 2, 2, 1, 0, 0, 1, 0, 1, 0, 2, 1, 2, 1, 0]|[1, 1, 1, 3, 0, 0, 0, 0, 0, 3, 0, 1, 3, 0, 3, 1, 1, 0, 1, 3]|[0, 1, 1, 2, 1, 1, 0, 1, 1, 0, 0, 0, 2, 1, 1, 0, 1, 1, 1, 0];[1, 19, 13, 14, 2, 4, 16, 5, 3, 12, 10, 6, 11, 18, 7, 9, 15, 0, 17, 8]|[0, 1, 1, 0, 2, 2, 2, 2, 1, 0, 0, 1, 0, 1, 0, 2, 1, 2, 1, 0]|[1, 1, 1, 3, 0, 0, 0, 0, 0, 3, 0, 1, 3, 0, 3, 1, 1, 0, 1, 3]|[0, 1, 1, 2, 1, 1, 0, 1, 1, 0, 0, 0, 2, 1, 1, 0, 1, 1, 1, 0];[1, 2, 13, 14, 19, 4, 16, 5, 3, 10, 11, 17, 8, 12, 7, 6, 15, 0, 9, 18]|[0, 1, 1, 0, 2, 1, 2, 2, 1, 0, 0, 2, 0, 1, 0, 1, 1, 2, 1, 0]|[3, 1, 0, 3, 1, 1, 0, 0, 0, 0, 3, 0, 3, 1, 0, 1, 1, 0, 1, 3]|[0, 1, 1, 2, 1, 0, 1, 1, 1, 1, 0, 1, 2, 1, 1, 1, 1, 1, 1, 0];[1, 2, 13, 14, 19, 4, 16, 5, 3, 10, 11, 17, 8, 15, 9, 0, 6, 12, 7, 18]|[0, 1, 1, 0, 2, 1, 2, 2, 1, 0, 0, 2, 0, 1, 0, 1, 1, 2, 1, 0]|[3, 1, 0, 3, 1, 1, 0, 0, 0, 0, 3, 0, 3, 1, 0, 1, 1, 0, 1, 3]|[0, 1, 1, 2, 1, 0, 0, 1, 1, 1, 0, 1, 2, 1, 1, 1, 1, 1, 1, 0];[2, 19, 13, 15, 6, 3, 16, 5, 10, 0, 11, 14, 8, 17, 7, 12, 4, 9, 18, 1]|[0, 1, 1, 0, 2, 1, 2, 2, 1, 0, 0, 2, 0, 1, 0, 1, 1, 2, 1, 0]|[3, 1, 1, 3, 1, 1, 0, 1, 0, 0, 3, 0, 3, 0, 0, 1, 1, 0, 1, 3]|[2, 1, 1, 2, 1, 0, 0, 1, 1, 0, 0, 1, 2, 1, 1, 1, 1, 0, 1, 0];[5, 2, 13, 14, 19, 4, 16, 6, 3, 18, 15, 9, 8, 7, 1, 12, 11, 10, 17, 0]|[0, 1, 1, 0, 2, 1, 2, 2, 1, 0, 0, 2, 0, 1, 0, 1, 1, 2, 1, 0]|[3, 1, 0, 3, 0, 1, 0, 0, 0, 0, 3, 0, 3, 0, 2, 1, 1, 0, 1, 3]|[0, 1, 1, 2, 0, 0, 1, 1, 1, 0, 0, 1, 2, 1, 1, 1, 1, 1, 1, 0];[1, 19, 13, 14, 2, 4, 16, 5, 3, 10, 12, 6, 11, 18, 7, 9, 15, 0, 17, 8]|[0, 1, 1, 0, 2, 1, 2, 2, 1, 0, 0, 2, 0, 1, 0, 1, 1, 2, 1, 0]|[3, 1, 1, 3, 0, 1, 0, 0, 0, 0, 3, 0, 3, 0, 3, 1, 1, 0, 1, 3]|[0, 1, 1, 2, 1, 0, 0, 1, 1, 0, 0, 1, 2, 1, 1, 1, 1, 1, 1, 0];[1, 19, 13, 14, 2, 4, 16, 5, 3, 10, 12, 6, 11, 18, 7, 9, 15, 0, 17, 8]|[0, 1, 1, 0, 2, 1, 2, 2, 1, 0, 0, 2, 0, 1, 0, 1, 1, 2, 1, 0]|[3, 1, 1, 3, 0, 1, 0, 0, 0, 0, 3, 0, 3, 0, 3, 1, 1, 0, 1, 3]|[0, 1, 1, 2, 1, 0, 0, 1, 1, 0, 0, 1, 2, 1, 1, 1, 1, 1, 1, 0];[1, 2, 13, 17, 10, 14, 9, 12, 16, 15, 3, 4, 7, 6, 11, 18, 0, 8, 19, 5]|[0, 0, 0, 0, 2, 2, 0, 0, 1, 0, 2, 1, 0, 1, 2, 0, 0, 0, 2, 1]|[3, 3, 3, 3, 1, 1, 3, 3, 1, 3, 1, 1, 3, 1, 1, 3, 2, 3, 1, 1]|[1, 0, 2, 0, 1, 0, 2, 1, 1, 2, 1, 0, 0, 1, 1, 1, 0, 2, 0, 1];[2, 19, 13, 15, 6, 3, 16, 10, 0, 11, 14, 8, 17, 7, 12, 4, 9, 5, 18, 1]|[0, 2, 1, 0, 2, 1, 2, 1, 0, 0, 2, 0, 1, 0, 1, 1, 2, 2, 1, 0]|[3, 1, 1, 3, 1, 1, 0, 0, 0, 3, 0, 3, 0, 0, 1, 1, 0, 1, 1, 3]|[2, 1, 1, 2, 1, 0, 0, 1, 0, 0, 1, 2, 1, 1, 1, 1, 0, 1, 1, 0];[2, 19, 13, 15, 6, 3, 16, 10, 0, 11, 14, 8, 17, 7, 12, 4, 9, 5, 18, 1]|[0, 2, 1, 0, 2, 1, 2, 1, 0, 0, 2, 0, 1, 0, 1, 1, 2, 2, 1, 0]|[3, 1, 1, 3, 1, 1, 0, 0, 0, 3, 0, 3, 0, 0, 1, 1, 0, 1, 1, 3]|[2, 1, 1, 2, 1, 0, 0, 1, 0, 0, 1, 2, 1, 1, 1, 1, 0, 1, 1, 0];[2, 12, 15, 19, 10, 14, 9, 1, 16, 13, 3, 4, 7, 6, 11, 0, 8, 18, 17, 5]|[0, 0, 0, 0, 2, 2, 0, 0, 1, 0, 2, 1, 0, 1, 2, 0, 0, 0, 2, 1]|[0, 3, 3, 3, 1, 1, 3, 3, 1, 3, 1, 1, 3, 1, 1, 3, 2, 3, 1, 1]|[1, 0, 2, 0, 1, 0, 2, 1, 1, 2, 1, 0, 0, 1, 1, 1, 0, 2, 0, 0];[12, 10, 15, 19, 14, 7, 8, 5, 1, 4, 3, 2, 16, 13, 17, 9, 18, 0, 11, 6]|[0, 0, 0, 2, 2, 0, 1, 2, 0, 1, 2, 0, 1, 0, 0, 0, 0, 0, 2, 1]|[2, 3, 3, 0, 1, 3, 1, 1, 3, 1, 1, 3, 1, 3, 3, 3, 3, 3, 1, 1]|[1, 2, 0, 1, 0, 2, 1, 1, 1, 0, 1, 0, 1, 2, 1, 2, 0, 2, 0, 0];[5, 2, 14, 10, 4, 13, 16, 19, 6, 1, 9, 15, 12, 7, 18, 11, 17, 3, 8, 0]|[0, 1, 1, 0, 2, 1, 2, 2, 1, 0, 1, 1, 2, 0, 0, 2, 1, 2, 1, 0]|[3, 1, 1, 3, 1, 1, 0, 0, 0, 0, 1, 1, 0, 2, 3, 0, 0, 0, 1, 3]|[0, 1, 1, 2, 1, 0, 0, 1, 1, 1, 1, 1, 1, 0, 2, 1, 0, 1, 1, 0];[5, 2, 14, 10, 4, 13, 16, 19, 17, 9, 6, 0, 3, 11, 1, 15, 7, 8, 12, 18]|[0, 1, 1, 0, 2, 1, 2, 2, 1, 0, 2, 0, 1, 0, 0, 2, 1, 2, 1, 0]|[2, 1, 1, 3, 1, 1, 0, 0, 0, 3, 1, 0, 1, 3, 3, 0, 1, 0, 1, 3]|[2, 1, 1, 0, 1, 0, 0, 1, 1, 1, 1, 1, 1, 0, 2, 0, 1, 1, 1, 0];[19, 14, 5, 4, 16, 2, 3, 9, 17, 6, 15, 11, 7, 8, 12, 10, 13, 18, 0, 1]|[1, 0, 2, 1, 2, 2, 1, 0, 0, 1, 1, 0, 0, 1, 2, 2, 2, 1, 0, 0]|[0, 0, 1, 1, 0, 1, 0, 3, 3, 0, 1, 0, 3, 1, 0, 0, 0, 1, 3, 3]|[1, 2, 1, 0, 0, 1, 1, 0, 0, 0, 1, 1, 0, 1, 1, 1, 0, 1, 2, 0];[19, 14, 5, 4, 16, 2, 3, 9, 17, 6, 15, 11, 7, 8, 12, 10, 13, 18, 0, 1]|[1, 0, 2, 1, 2, 2, 1, 0, 0, 1, 1, 0, 0, 1, 2, 2, 2, 1, 0, 0]|[0, 0, 1, 1, 0, 1, 0, 3, 3, 0, 1, 0, 3, 1, 0, 0, 0, 1, 3, 3]|[1, 2, 1, 0, 0, 1, 1, 0, 0, 0, 1, 1, 0, 1, 1, 1, 0, 1, 2, 0];[19, 14, 5, 4, 16, 2, 3, 9, 17, 6, 15, 11, 7, 8, 12, 10, 13, 18, 0, 1]|[1, 0, 2, 1, 2, 2, 1, 0, 0, 1, 1, 0, 0, 1, 2, 2, 2, 1, 0, 0]|[0, 0, 1, 1, 0, 1, 0, 3, 3, 0, 1, 0, 3, 1, 0, 0, 0, 1, 3, 3]|[1, 2, 1, 0, 0, 1, 1, 0, 0, 0, 1, 1, 0, 1, 1, 1, 0, 1, 2, 0];[19, 14, 5, 4, 16, 2, 3, 9, 17, 6, 15, 11, 7, 8, 12, 10, 13, 18, 0, 1]|[1, 0, 2, 1, 2, 2, 1, 0, 0, 1, 1, 0, 0, 1, 2, 2, 2, 1, 0, 0]|[0, 0, 1, 1, 0, 1, 0, 3, 3, 0, 1, 0, 3, 1, 0, 0, 0, 1, 3, 3]|[1, 2, 1, 0, 0, 1, 1, 0, 0, 0, 1, 1, 0, 1, 1, 1, 0, 1, 2, 0];[12, 5, 4, 15, 11, 19, 1, 16, 3, 9, 0, 10, 2, 14, 6, 17, 13, 18, 7, 8]|[0, 2, 0, 2, 0, 1, 0, 2, 1, 2, 2, 1, 2, 0, 1, 1, 1, 2, 1, 0]|[3, 0, 3, 1, 0, 1, 2, 1, 1, 0, 0, 1, 1, 3, 0, 1, 1, 0, 1, 3]|[0, 0, 2, 1, 1, 1, 0, 0, 1, 1, 1, 1, 1, 2, 0, 1, 1, 0, 1, 0];[12, 5, 4, 15, 11, 19, 1, 16, 3, 9, 0, 10, 2, 14, 6, 17, 13, 18, 7, 8]|[0, 2, 0, 2, 0, 1, 0, 2, 1, 2, 2, 1, 2, 0, 1, 1, 1, 2, 1, 0]|[3, 0, 3, 1, 0, 1, 2, 1, 1, 0, 0, 1, 1, 3, 0, 1, 1, 0, 1, 3]|[0, 0, 2, 1, 1, 1, 0, 0, 1, 1, 1, 1, 1, 2, 0, 1, 1, 0, 1, 0];[12, 5, 4, 15, 11, 19, 1, 16, 3, 9, 0, 10, 2, 14, 6, 17, 13, 18, 7, 8]|[0, 2, 0, 2, 0, 1, 0, 2, 1, 2, 2, 1, 2, 0, 1, 1, 1, 2, 1, 0]|[3, 0, 3, 1, 0, 1, 2, 1, 1, 0, 0, 1, 1, 3, 0, 1, 1, 0, 1, 3]|[0, 0, 2, 1, 1, 1, 0, 0, 1, 1, 1, 1, 1, 2, 0, 1, 1, 0, 1, 0];[12, 5, 4, 15, 11, 19, 1, 16, 3, 9, 0, 10, 2, 14, 6, 17, 13, 18, 7, 8]|[0, 2, 0, 2, 0, 1, 0, 2, 1, 2, 2, 1, 2, 0, 1, 1, 1, 2, 1, 0]|[3, 0, 3, 1, 0, 1, 2, 1, 1, 0, 0, 1, 1, 3, 0, 1, 1, 0, 1, 3]|[0, 0, 2, 1, 1, 1, 0, 0, 1, 1, 1, 1, 1, 2, 0, 1, 1, 0, 1, 0];[11, 19, 14, 2, 4, 16, 5, 3, 9, 10, 18, 7, 1, 15, 0, 12, 17, 6, 13, 8]|[0, 1, 0, 2, 1, 2, 2, 1, 1, 0, 0, 2, 0, 2, 0, 1, 1, 2, 1, 0]|[0, 0, 1, 1, 1, 0, 1, 0, 1, 3, 3, 0, 3, 0, 3, 1, 1, 0, 0, 3]|[2, 1, 1, 1, 0, 0, 1, 1, 1, 0, 0, 1, 0, 0, 2, 1, 1, 1, 1, 0];[11, 19, 14, 2, 4, 16, 5, 3, 9, 10, 18, 7, 1, 15, 0, 12, 17, 6, 13, 8]|[0, 1, 0, 2, 1, 2, 2, 1, 1, 0, 0, 2, 0, 2, 0, 1, 1, 2, 1, 0]|[0, 0, 1, 1, 1, 0, 1, 0, 1, 3, 3, 0, 3, 0, 3, 1, 1, 0, 0, 3]|[2, 1, 1, 1, 0, 0, 1, 1, 1, 0, 0, 1, 0, 0, 2, 1, 1, 1, 1, 0];[11, 19, 14, 2, 4, 16, 5, 3, 9, 10, 18, 7, 1, 15, 0, 12, 17, 6, 13, 8]|[0, 1, 0, 2, 1, 2, 2, 1, 1, 0, 0, 2, 0, 2, 0, 1, 1, 2, 1, 0]|[0, 0, 1, 1, 1, 0, 1, 0, 1, 3, 3, 0, 3, 0, 3, 1, 1, 0, 0, 3]|[2, 1, 1, 1, 0, 0, 1, 1, 1, 0, 0, 1, 0, 0, 2, 1, 1, 1, 1, 0];[11, 19, 14, 2, 4, 16, 5, 3, 9, 10, 18, 7, 1, 15, 0, 12, 17, 6, 13, 8]|[0, 1, 0, 2, 1, 2, 2, 1, 1, 0, 0, 2, 0, 2, 0, 1, 1, 2, 1, 0]|[0, 0, 1, 1, 1, 0, 1, 0, 1, 3, 3, 0, 3, 0, 3, 1, 1, 0, 0, 3]|[2, 1, 1, 1, 0, 0, 1, 1, 1, 0, 0, 1, 0, 0, 2, 1, 1, 1, 1, 0];[5, 2, 14, 15, 4, 13, 16, 19, 3, 11, 10, 1, 8, 17, 6, 7, 12, 18, 9, 0]|[0, 1, 1, 0, 2, 1, 2, 2, 1, 0, 0, 2, 0, 1, 1, 0, 1, 2, 1, 0]|[0, 1, 0, 3, 0, 1, 0, 0, 0, 3, 3, 0, 3, 1, 1, 1, 1, 0, 1, 3]|[2, 1, 1, 0, 0, 0, 0, 1, 1, 0, 0, 1, 2, 1, 1, 0, 1, 0, 1, 0];[19, 15, 14, 4, 13, 16, 5, 12, 7, 6, 0, 10, 9, 11, 1, 17, 2, 3, 8, 18]|[2, 1, 1, 0, 1, 2, 2, 1, 0, 0, 0, 2, 2, 0, 1, 1, 1, 2, 1, 0]|[1, 1, 0, 3, 1, 0, 0, 0, 0, 3, 1, 0, 0, 3, 0, 0, 1, 0, 1, 3]|[0, 1, 1, 2, 0, 1, 1, 1, 0, 0, 1, 1, 0, 0, 1, 1, 0, 1, 1, 0];[19, 15, 14, 4, 13, 16, 5, 12, 7, 6, 0, 10, 9, 11, 1, 17, 2, 3, 8, 18]|[2, 1, 1, 0, 1, 2, 2, 1, 0, 0, 0, 2, 2, 0, 1, 1, 1, 2, 1, 0]|[1, 1, 0, 3, 1, 0, 0, 0, 0, 3, 1, 0, 0, 3, 0, 0, 1, 0, 1, 3]|[0, 1, 1, 2, 0, 1, 1, 1, 0, 0, 1, 1, 0, 0, 1, 1, 0, 1, 1, 0];[19, 15, 14, 4, 13, 16, 5, 12, 7, 6, 0, 10, 9, 11, 1, 17, 2, 3, 8, 18]|[2, 1, 1, 0, 1, 2, 2, 1, 0, 0, 0, 2, 2, 0, 1, 1, 1, 2, 1, 0]|[1, 1, 0, 3, 1, 0, 0, 0, 0, 3, 1, 0, 0, 3, 0, 0, 1, 0, 1, 3]|[0, 1, 1, 2, 0, 1, 1, 1, 0, 0, 1, 1, 0, 0, 1, 1, 0, 1, 1, 0];[19, 15, 14, 4, 13, 16, 5, 12, 7, 6, 0, 10, 9, 11, 1, 17, 2, 3, 8, 18]|[2, 1, 1, 0, 1, 2, 2, 1, 0, 0, 0, 2, 2, 0, 1, 1, 1, 2, 1, 0]|[1, 1, 0, 3, 1, 0, 0, 0, 0, 3, 1, 0, 0, 3, 0, 0, 1, 0, 1, 3]|[0, 1, 1, 2, 0, 1, 1, 1, 0, 0, 1, 1, 0, 0, 1, 1, 0, 1, 1, 0];[2, 12, 15, 9, 10, 14, 19, 0, 16, 13, 3, 4, 7, 6, 11, 1, 18, 8, 17, 5]|[0, 0, 0, 0, 2, 2, 0, 0, 1, 0, 2, 1, 0, 1, 2, 0, 0, 0, 2, 1]|[0, 1, 3, 3, 1, 1, 3, 3, 1, 3, 1, 1, 3, 1, 1, 3, 2, 3, 1, 1]|[1, 0, 2, 2, 1, 0, 0, 1, 1, 2, 1, 0, 0, 1, 1, 1, 0, 2, 0, 0];[2, 12, 15, 9, 10, 14, 19, 0, 16, 13, 3, 4, 7, 6, 11, 1, 18, 8, 17, 5]|[0, 0, 0, 0, 2, 2, 0, 0, 1, 0, 2, 1, 0, 1, 2, 0, 0, 0, 2, 1]|[0, 1, 3, 3, 1, 1, 3, 3, 1, 3, 1, 1, 3, 1, 1, 3, 2, 3, 1, 1]|[1, 0, 2, 2, 1, 0, 0, 1, 1, 2, 1, 0, 0, 1, 1, 1, 0, 2, 0, 0];[2, 12, 15, 9, 10, 14, 19, 0, 16, 13, 3, 4, 7, 6, 11, 1, 18, 8, 17, 5]|[0, 0, 0, 0, 2, 2, 0, 0, 1, 0, 2, 1, 0, 1, 2, 0, 0, 0, 2, 1]|[0, 1, 3, 3, 1, 1, 3, 3, 1, 3, 1, 1, 3, 1, 1, 3, 2, 3, 1, 1]|[1, 0, 2, 2, 1, 0, 0, 1, 1, 2, 1, 0, 0, 1, 1, 1, 0, 2, 0, 0];[2, 12, 15, 9, 10, 14, 19, 0, 16, 13, 3, 4, 7, 6, 11, 1, 18, 8, 17, 5]|[0, 0, 0, 0, 2, 2, 0, 0, 1, 0, 2, 1, 0, 1, 2, 0, 0, 0, 2, 1]|[0, 1, 3, 3, 1, 1, 3, 3, 1, 3, 1, 1, 3, 1, 1, 3, 2, 3, 1, 1]|[1, 0, 2, 2, 1, 0, 0, 1, 1, 2, 1, 0, 0, 1, 1, 1, 0, 2, 0, 0];[2, 13, 11, 10, 14, 15, 16, 12, 18, 3, 4, 9, 19, 6, 7, 0, 8, 1, 17, 5]|[0, 0, 0, 0, 2, 0, 1, 2, 0, 2, 1, 0, 2, 1, 0, 0, 0, 0, 2, 1]|[3, 3, 3, 1, 1, 3, 1, 0, 3, 1, 1, 3, 1, 1, 3, 2, 3, 0, 1, 1]|[0, 2, 0, 1, 0, 2, 1, 0, 1, 1, 0, 2, 1, 1, 0, 0, 2, 1, 0, 1];[11, 10, 4, 2, 3, 17, 15, 12, 7, 1, 9, 18, 8, 16, 5, 6, 0, 19, 13, 14]|[0, 0, 1, 0, 1, 2, 1, 1, 1, 1, 1, 0, 0, 2, 2, 1, 2, 2, 2, 0]|[0, 3, 1, 3, 1, 0, 1, 1, 1, 1, 1, 3, 3, 0, 1, 1, 0, 0, 0, 3]|[1, 0, 1, 0, 1, 0, 1, 1, 1, 1, 1, 2, 0, 0, 1, 1, 0, 1, 1, 0];[1, 19, 13, 14, 2, 4, 16, 5, 3, 10, 12, 9, 6, 17, 8, 15, 18, 11, 7, 0]|[0, 1, 1, 0, 2, 1, 2, 2, 1, 0, 0, 2, 0, 1, 0, 1, 1, 2, 1, 0]|[3, 1, 0, 3, 0, 1, 1, 0, 0, 0, 3, 0, 2, 0, 3, 1, 1, 0, 1, 3]|[0, 1, 1, 2, 1, 0, 0, 1, 1, 0, 0, 0, 2, 1, 1, 0, 1, 1, 1, 0];[1, 19, 14, 2, 17, 18, 5, 15, 12, 6, 16, 10, 11, 4, 0, 7, 13, 8, 3, 9]|[0, 1, 0, 2, 2, 1, 0, 1, 1, 2, 2, 0, 0, 2, 0, 1, 1, 1, 1, 0]|[3, 1, 3, 0, 0, 1, 3, 1, 1, 0, 0, 0, 3, 0, 3, 1, 1, 1, 1, 3]|[0, 1, 2, 1, 0, 1, 0, 1, 1, 0, 1, 1, 0, 1, 2, 1, 1, 1, 1, 0];[1, 19, 14, 2, 17, 18, 5, 15, 12, 6, 16, 10, 11, 4, 0, 7, 13, 8, 3, 9]|[0, 1, 0, 2, 2, 1, 0, 1, 1, 2, 2, 0, 0, 2, 0, 1, 1, 1, 1, 0]|[3, 1, 3, 0, 0, 1, 3, 1, 1, 0, 0, 0, 3, 0, 3, 1, 1, 1, 1, 3]|[0, 1, 2, 1, 0, 1, 0, 1, 1, 0, 1, 1, 0, 1, 2, 1, 1, 1, 1, 0];[2, 12, 10, 15, 19, 18, 9, 1, 16, 13, 3, 5, 11, 6, 0, 7, 17, 14, 4, 8]|[0, 0, 0, 0, 2, 2, 0, 0, 1, 0, 2, 1, 0, 1, 2, 0, 0, 0, 2, 1]|[3, 0, 3, 3, 1, 1, 3, 3, 1, 3, 1, 1, 3, 1, 1, 3, 3, 3, 1, 1]|[0, 1, 2, 0, 1, 0, 2, 1, 1, 2, 1, 0, 0, 1, 1, 1, 0, 2, 0, 0];[1, 19, 13, 14, 2, 8, 6, 16, 3, 10, 11, 4, 0, 7, 5, 15, 12, 17, 18, 9]|[0, 1, 1, 0, 2, 1, 2, 2, 1, 0, 0, 2, 0, 1, 0, 1, 1, 2, 1, 0]|[3, 1, 1, 3, 0, 1, 0, 0, 0, 0, 3, 0, 3, 0, 3, 1, 1, 0, 1, 3]|[0, 1, 1, 2, 1, 0, 0, 1, 1, 1, 0, 1, 2, 1, 0, 1, 1, 0, 1, 0];[1, 19, 13, 14, 2, 8, 6, 16, 3, 10, 11, 4, 0, 7, 5, 15, 12, 17, 18, 9]|[0, 1, 1, 0, 2, 1, 2, 2, 1, 0, 0, 2, 0, 1, 0, 1, 1, 2, 1, 0]|[3, 1, 1, 3, 0, 1, 0, 0, 0, 0, 3, 0, 3, 0, 3, 1, 1, 0, 1, 3]|[0, 1, 1, 2, 1, 0, 0, 1, 1, 1, 0, 1, 2, 1, 0, 1, 1, 0, 1, 0];[19, 9, 12, 2, 10, 14, 15, 1, 16, 7, 3, 4, 18, 8, 0, 11, 17, 13, 5, 6]|[0, 0, 0, 0, 2, 2, 0, 0, 1, 0, 2, 1, 0, 0, 0, 2, 1, 0, 2, 1]|[3, 3, 3, 3, 0, 1, 3, 0, 1, 3, 1, 1, 3, 2, 3, 1, 1, 3, 1, 1]|[0, 2, 1, 0, 1, 0, 2, 1, 1, 0, 1, 0, 2, 0, 1, 1, 1, 2, 0, 1];[5, 2, 14, 10, 4, 13, 16, 19, 3, 18, 11, 6, 0, 12, 9, 7, 17, 15, 1, 8]|[0, 1, 1, 0, 2, 1, 2, 2, 1, 0, 0, 2, 0, 1, 0, 1, 1, 2, 1, 0]|[3, 1, 1, 3, 0, 1, 0, 0, 0, 0, 3, 0, 3, 1, 3, 1, 1, 0, 1, 3]|[0, 1, 1, 0, 1, 0, 0, 1, 1, 1, 2, 1, 0, 1, 0, 0, 1, 1, 1, 0];[19, 9, 12, 2, 10, 14, 15, 1, 16, 7, 3, 4, 18, 8, 0, 11, 17, 13, 5, 6]|[0, 0, 0, 0, 2, 2, 0, 0, 1, 0, 2, 1, 0, 0, 0, 2, 1, 0, 2, 1]|[3, 3, 3, 3, 0, 1, 3, 0, 1, 3, 1, 1, 3, 2, 3, 1, 1, 3, 1, 1]|[0, 2, 1, 0, 1, 0, 2, 1, 1, 0, 1, 0, 2, 0, 1, 1, 1, 2, 0, 1];[19, 2, 12, 13, 10, 14, 9, 18, 16, 15, 6, 4, 7, 3, 11, 1, 0, 8, 17, 5]|[0, 0, 0, 0, 2, 2, 0, 0, 1, 0, 2, 1, 0, 1, 2, 0, 0, 0, 2, 1]|[3, 0, 3, 3, 1, 1, 3, 3, 1, 3, 1, 1, 3, 1, 1, 3, 2, 3, 1, 1]|[0, 1, 2, 0, 1, 0, 2, 1, 1, 2, 1, 0, 0, 1, 1, 1, 0, 2, 0, 0];[5, 2, 14, 10, 4, 13, 16, 19, 17, 0, 11, 9, 12, 3, 18, 15, 6, 1, 7, 8]|[0, 1, 0, 2, 1, 1, 2, 2, 1, 0, 1, 2, 2, 0, 0, 2, 1, 2, 1, 0]|[0, 0, 3, 1, 1, 1, 0, 1, 0, 3, 0, 0, 1, 0, 3, 0, 1, 0, 1, 3]|[0, 0, 2, 1, 1, 1, 0, 1, 1, 2, 0, 0, 0, 1, 0, 1, 1, 1, 1, 0];[5, 2, 14, 10, 4, 13, 16, 19, 17, 0, 11, 9, 12, 3, 18, 15, 6, 1, 7, 8]|[0, 1, 0, 2, 1, 1, 2, 2, 1, 0, 1, 2, 2, 0, 0, 2, 1, 2, 1, 0]|[0, 0, 3, 1, 1, 1, 0, 1, 0, 3, 0, 0, 1, 0, 3, 0, 1, 0, 1, 3]|[0, 0, 2, 1, 1, 1, 0, 1, 1, 2, 0, 0, 0, 1, 0, 1, 1, 1, 1, 0];[5, 2, 14, 10, 4, 13, 16, 19, 17, 0, 11, 9, 12, 3, 18, 15, 6, 1, 7, 8]|[0, 1, 0, 2, 1, 1, 2, 2, 1, 0, 1, 2, 2, 0, 0, 2, 1, 2, 1, 0]|[0, 0, 3, 1, 1, 1, 0, 1, 0, 3, 0, 0, 1, 0, 3, 0, 1, 0, 1, 3]|[0, 0, 2, 1, 1, 1, 0, 1, 1, 2, 0, 0, 0, 1, 0, 1, 1, 1, 1, 0];[5, 2, 14, 10, 4, 13, 16, 19, 17, 0, 11, 9, 12, 3, 18, 15, 6, 1, 7, 8]|[0, 1, 0, 2, 1, 1, 2, 2, 1, 0, 1, 2, 2, 0, 0, 2, 1, 2, 1, 0]|[0, 0, 3, 1, 1, 1, 0, 1, 0, 3, 0, 0, 1, 0, 3, 0, 1, 0, 1, 3]|[0, 0, 2, 1, 1, 1, 0, 1, 1, 2, 0, 0, 0, 1, 0, 1, 1, 1, 1, 0];[19, 14, 2, 4, 16, 5, 3, 12, 10, 6, 0, 18, 9, 8, 15, 11, 7, 17, 13, 1]|[1, 0, 2, 1, 2, 2, 1, 1, 1, 0, 0, 0, 1, 1, 2, 2, 0, 0, 0, 0]|[0, 3, 0, 1, 0, 0, 1, 1, 1, 3, 3, 3, 1, 1, 1, 1, 3, 3, 3, 3]|[1, 0, 1, 0, 0, 1, 1, 1, 1, 0, 2, 0, 1, 1, 1, 0, 0, 0, 2, 0];[2, 1, 13, 14, 19, 4, 16, 5, 3, 10, 11, 17, 6, 7, 18, 9, 15, 0, 12, 8]|[0, 1, 1, 0, 2, 1, 2, 2, 1, 0, 0, 2, 0, 1, 0, 1, 1, 2, 1, 0]|[3, 1, 1, 3, 0, 1, 0, 0, 0, 0, 3, 0, 3, 0, 3, 1, 1, 0, 1, 3]|[0, 1, 1, 2, 1, 0, 0, 1, 1, 0, 0, 1, 2, 1, 0, 1, 1, 1, 1, 0];[2, 19, 8, 12, 10, 14, 1, 16, 15, 3, 4, 7, 6, 11, 0, 13, 18, 9, 17, 5]|[0, 0, 0, 0, 2, 2, 0, 1, 0, 2, 1, 0, 1, 2, 0, 0, 0, 0, 2, 1]|[0, 3, 3, 3, 1, 1, 3, 1, 3, 1, 1, 3, 1, 1, 3, 2, 3, 3, 0, 1]|[1, 0, 2, 0, 1, 0, 1, 1, 2, 1, 0, 0, 1, 1, 1, 0, 2, 0, 0, 0];[2, 19, 8, 12, 10, 14, 1, 16, 15, 3, 4, 7, 6, 11, 0, 13, 18, 9, 17, 5]|[0, 0, 0, 0, 2, 2, 0, 1, 0, 2, 1, 0, 1, 2, 0, 0, 0, 0, 2, 1]|[0, 3, 3, 3, 1, 1, 3, 1, 3, 1, 1, 3, 1, 1, 3, 2, 3, 3, 0, 1]|[1, 0, 2, 0, 1, 0, 1, 1, 2, 1, 0, 0, 1, 1, 1, 0, 2, 0, 0, 0];[2, 19, 8, 12, 10, 14, 1, 16, 15, 3, 4, 7, 6, 11, 0, 13, 18, 9, 17, 5]|[0, 0, 0, 0, 2, 2, 0, 1, 0, 2, 1, 0, 1, 2, 0, 0, 0, 0, 2, 1]|[0, 3, 3, 3, 1, 1, 3, 1, 3, 1, 1, 3, 1, 1, 3, 2, 3, 3, 0, 1]|[1, 0, 2, 0, 1, 0, 1, 1, 2, 1, 0, 0, 1, 1, 1, 0, 2, 0, 0, 0];[2, 19, 8, 12, 10, 14, 1, 16, 15, 3, 4, 7, 6, 11, 0, 13, 18, 9, 17, 5]|[0, 0, 0, 0, 2, 2, 0, 1, 0, 2, 1, 0, 1, 2, 0, 0, 0, 0, 2, 1]|[0, 3, 3, 3, 1, 1, 3, 1, 3, 1, 1, 3, 1, 1, 3, 2, 3, 3, 0, 1]|[1, 0, 2, 0, 1, 0, 1, 1, 2, 1, 0, 0, 1, 1, 1, 0, 2, 0, 0, 0];[2, 12, 15, 19, 10, 14, 9, 1, 16, 13, 3, 4, 7, 6, 11, 0, 17, 8, 5, 18]|[0, 0, 0, 0, 2, 2, 0, 0, 1, 0, 2, 1, 0, 1, 2, 0, 0, 0, 2, 1]|[0, 3, 3, 3, 1, 1, 3, 3, 1, 3, 1, 1, 3, 1, 1, 3, 2, 3, 1, 1]|[1, 0, 2, 0, 1, 0, 2, 1, 1, 2, 1, 0, 0, 1, 1, 1, 0, 2, 0, 0];[2, 12, 15, 19, 10, 14, 9, 1, 16, 13, 3, 4, 7, 6, 11, 0, 17, 8, 5, 18]|[0, 0, 0, 0, 2, 2, 0, 0, 1, 0, 2, 1, 0, 1, 2, 0, 0, 0, 2, 1]|[0, 3, 3, 3, 1, 1, 3, 3, 1, 3, 1, 1, 3, 1, 1, 3, 2, 3, 1, 1]|[1, 0, 2, 0, 1, 0, 2, 1, 1, 2, 1, 0, 0, 1, 1, 1, 0, 2, 0, 0];[2, 12, 15, 19, 10, 14, 9, 1, 16, 13, 3, 4, 7, 6, 11, 0, 17, 8, 5, 18]|[0, 0, 0, 0, 2, 2, 0, 0, 1, 0, 2, 1, 0, 1, 2, 0, 0, 0, 2, 1]|[0, 3, 3, 3, 1, 1, 3, 3, 1, 3, 1, 1, 3, 1, 1, 3, 2, 3, 1, 1]|[1, 0, 2, 0, 1, 0, 2, 1, 1, 2, 1, 0, 0, 1, 1, 1, 0, 2, 0, 0];[2, 12, 15, 19, 10, 14, 9, 1, 16, 13, 3, 4, 7, 6, 11, 0, 17, 8, 5, 18]|[0, 0, 0, 0, 2, 2, 0, 0, 1, 0, 2, 1, 0, 1, 2, 0, 0, 0, 2, 1]|[0, 3, 3, 3, 1, 1, 3, 3, 1, 3, 1, 1, 3, 1, 1, 3, 2, 3, 1, 1]|[1, 0, 2, 0, 1, 0, 2, 1, 1, 2, 1, 0, 0, 1, 1, 1, 0, 2, 0, 0];[5, 2, 19, 14, 16, 6, 13, 4, 11, 8, 17, 15, 1, 10, 0, 7, 9, 18, 12, 3]|[0, 1, 1, 0, 2, 2, 1, 2, 1, 2, 0, 1, 0, 2, 0, 0, 1, 2, 1, 0]|[3, 1, 1, 3, 0, 0, 1, 0, 1, 0, 0, 1, 3, 0, 3, 3, 0, 0, 1, 3]|[2, 1, 1, 0, 1, 0, 1, 1, 1, 0, 0, 1, 2, 1, 2, 0, 1, 1, 1, 0];[5, 2, 19, 14, 16, 6, 13, 4, 11, 8, 17, 15, 1, 10, 0, 7, 9, 18, 12, 3]|[0, 1, 1, 0, 2, 2, 1, 2, 1, 2, 0, 1, 0, 2, 0, 0, 1, 2, 1, 0]|[3, 1, 1, 3, 0, 0, 1, 0, 1, 0, 0, 1, 3, 0, 3, 3, 0, 0, 1, 3]|[2, 1, 1, 0, 1, 0, 1, 1, 1, 0, 0, 1, 2, 1, 2, 0, 1, 1, 1, 0];[2, 13, 1, 10, 14, 9, 18, 16, 15, 3, 4, 0, 12, 11, 6, 7, 8, 17, 19, 5]|[0, 0, 0, 2, 2, 0, 0, 1, 0, 2, 1, 0, 0, 2, 1, 0, 0, 0, 2, 1]|[3, 3, 3, 1, 1, 3, 3, 1, 3, 1, 1, 3, 3, 1, 1, 3, 3, 3, 1, 1]|[0, 2, 0, 1, 0, 2, 0, 1, 2, 1, 0, 0, 1, 1, 1, 0, 2, 0, 0, 1];[2, 19, 15, 3, 10, 14, 18, 16, 12, 4, 0, 13, 17, 11, 5, 9, 1, 8, 6, 7]|[0, 0, 0, 0, 2, 2, 0, 1, 2, 1, 0, 0, 0, 2, 1, 0, 0, 0, 2, 1]|[0, 3, 3, 3, 1, 1, 2, 1, 1, 1, 3, 3, 3, 1, 1, 3, 3, 3, 1, 1]|[1, 0, 2, 0, 1, 0, 0, 1, 1, 0, 1, 2, 0, 1, 1, 2, 1, 0, 0, 0];[2, 19, 15, 3, 10, 14, 18, 16, 12, 4, 0, 13, 17, 11, 5, 9, 1, 8, 6, 7]|[0, 0, 0, 0, 2, 2, 0, 1, 2, 1, 0, 0, 0, 2, 1, 0, 0, 0, 2, 1]|[0, 3, 3, 3, 1, 1, 2, 1, 1, 1, 3, 3, 3, 1, 1, 3, 3, 3, 1, 1]|[1, 0, 2, 0, 1, 0, 0, 1, 1, 0, 1, 2, 0, 1, 1, 2, 1, 0, 0, 0];[5, 14, 4, 13, 16, 19, 3, 2, 1, 17, 10, 6, 11, 18, 7, 15, 12, 9, 0, 8]|[0, 0, 1, 1, 2, 2, 1, 1, 0, 1, 2, 2, 0, 0, 2, 2, 1, 2, 1, 2]|[0, 3, 0, 1, 0, 1, 0, 1, 3, 0, 1, 0, 0, 3, 0, 0, 1, 0, 1, 1]|[0, 2, 1, 0, 1, 0, 1, 1, 0, 0, 0, 1, 0, 1, 1, 1, 1, 0, 1, 1];[1, 14, 10, 19, 8, 17, 15, 4, 7, 9, 5, 16, 18, 12, 3, 13, 11, 6, 2, 0]|[0, 0, 2, 1, 1, 1, 1, 2, 1, 0, 0, 2, 0, 1, 0, 1, 2, 2, 1, 0]|[3, 3, 1, 1, 1, 1, 1, 0, 1, 0, 3, 0, 3, 1, 3, 1, 0, 0, 1, 3]|[2, 2, 1, 1, 1, 1, 1, 1, 1, 1, 0, 1, 1, 1, 2, 1, 0, 1, 1, 0];[1, 19, 10, 5, 8, 4, 2, 3, 15, 12, 9, 7, 13, 18, 11, 16, 0, 17, 6, 14]|[0, 1, 0, 2, 1, 2, 2, 1, 2, 1, 0, 1, 1, 0, 0, 2, 0, 1, 1, 0]|[3, 1, 3, 0, 1, 0, 0, 1, 0, 1, 3, 1, 1, 0, 3, 0, 3, 1, 1, 3]|[0, 1, 0, 1, 1, 0, 1, 1, 1, 1, 1, 1, 1, 0, 0, 1, 2, 1, 1, 0];[1, 19, 10, 5, 8, 4, 2, 3, 15, 12, 9, 7, 13, 18, 11, 16, 0, 17, 6, 14]|[0, 1, 0, 2, 1, 2, 2, 1, 2, 1, 0, 1, 1, 0, 0, 2, 0, 1, 1, 0]|[3, 1, 3, 0, 1, 0, 0, 1, 0, 1, 3, 1, 1, 0, 3, 0, 3, 1, 1, 3]|[0, 1, 0, 1, 1, 0, 1, 1, 1, 1, 1, 1, 1, 0, 0, 1, 2, 1, 1, 0];[1, 14, 10, 19, 8, 17, 15, 4, 7, 9, 5, 16, 18, 12, 3, 13, 11, 6, 2, 0]|[0, 0, 2, 1, 1, 1, 1, 2, 1, 0, 0, 2, 0, 1, 0, 1, 2, 2, 1, 0]|[3, 3, 1, 1, 1, 1, 1, 0, 1, 0, 3, 0, 3, 1, 3, 1, 0, 0, 1, 3]|[2, 2, 1, 1, 1, 1, 1, 1, 1, 1, 0, 1, 1, 1, 2, 1, 0, 1, 1, 0];[19, 15, 11, 2, 10, 14, 9, 1, 16, 13, 18, 4, 7, 12, 6, 0, 17, 8, 5, 3]|[0, 0, 0, 0, 2, 2, 0, 0, 1, 0, 2, 1, 0, 1, 2, 0, 0, 0, 2, 1]|[3, 3, 3, 0, 1, 1, 3, 3, 1, 3, 1, 1, 3, 1, 1, 3, 2, 3, 1, 1]|[0, 2, 0, 1, 1, 0, 2, 1, 1, 2, 1, 0, 0, 1, 1, 1, 0, 2, 0, 1];[19, 15, 11, 2, 10, 14, 9, 1, 16, 13, 18, 4, 7, 12, 6, 0, 17, 8, 5, 3]|[0, 0, 0, 0, 2, 2, 0, 0, 1, 0, 2, 1, 0, 1, 2, 0, 0, 0, 2, 1]|[3, 3, 3, 0, 1, 1, 3, 3, 1, 3, 1, 1, 3, 1, 1, 3, 2, 3, 1, 1]|[0, 2, 0, 1, 1, 0, 2, 1, 1, 2, 1, 0, 0, 1, 1, 1, 0, 2, 0, 1];[2, 12, 15, 19, 10, 14, 9, 1, 16, 13, 6, 0, 7, 3, 11, 18, 17, 8, 4, 5]|[0, 0, 0, 0, 2, 2, 0, 0, 1, 0, 2, 1, 0, 1, 2, 0, 0, 0, 2, 1]|[3, 3, 3, 3, 1, 1, 3, 3, 1, 3, 1, 1, 3, 1, 1, 3, 2, 3, 1, 1]|[1, 0, 2, 0, 1, 0, 2, 1, 1, 2, 1, 0, 0, 1, 1, 1, 0, 2, 0, 1];[2, 19, 15, 12, 10, 14, 9, 18, 16, 13, 3, 4, 8, 6, 1, 11, 0, 7, 5, 17]|[0, 0, 0, 0, 2, 2, 2, 0, 1, 0, 2, 1, 0, 1, 0, 0, 0, 0, 2, 1]|[0, 3, 3, 3, 1, 1, 1, 3, 1, 3, 1, 1, 2, 1, 3, 3, 3, 3, 1, 1]|[1, 0, 2, 0, 1, 0, 0, 1, 1, 2, 1, 0, 0, 1, 1, 0, 2, 1, 0, 0];[2, 19, 15, 12, 10, 14, 9, 18, 16, 13, 3, 4, 8, 6, 1, 11, 0, 7, 5, 17]|[0, 0, 0, 0, 2, 2, 2, 0, 1, 0, 2, 1, 0, 1, 0, 0, 0, 0, 2, 1]|[0, 3, 3, 3, 1, 1, 1, 3, 1, 3, 1, 1, 2, 1, 3, 3, 3, 3, 1, 1]|[1, 0, 2, 0, 1, 0, 0, 1, 1, 2, 1, 0, 0, 1, 1, 0, 2, 1, 0, 0];[2, 19, 15, 12, 10, 14, 9, 18, 16, 13, 3, 4, 8, 6, 1, 11, 0, 7, 5, 17]|[0, 0, 0, 0, 2, 2, 2, 0, 1, 0, 2, 1, 0, 1, 0, 0, 0, 0, 2, 1]|[0, 3, 3, 3, 1, 1, 1, 3, 1, 3, 1, 1, 2, 1, 3, 3, 3, 3, 1, 1]|[1, 0, 2, 0, 1, 0, 0, 1, 1, 2, 1, 0, 0, 1, 1, 0, 2, 1, 0, 0];[2, 19, 8, 14, 6, 13, 5, 15, 4, 11, 7, 12, 17, 16, 3, 9, 1, 0, 10, 18]|[0, 1, 1, 0, 1, 2, 2, 0, 2, 0, 0, 2, 0, 2, 1, 1, 1, 1, 1, 0]|[3, 1, 1, 3, 1, 0, 0, 3, 0, 3, 3, 0, 3, 0, 1, 1, 1, 1, 1, 3]|[0, 1, 1, 0, 1, 1, 1, 2, 1, 0, 0, 1, 0, 0, 1, 1, 1, 1, 1, 0];[2, 19, 8, 14, 6, 13, 5, 15, 4, 11, 7, 12, 17, 16, 3, 9, 1, 0, 10, 18]|[0, 1, 1, 0, 1, 2, 2, 0, 2, 0, 0, 2, 0, 2, 1, 1, 1, 1, 1, 0]|[3, 1, 1, 3, 1, 0, 0, 3, 0, 3, 3, 0, 3, 0, 1, 1, 1, 1, 1, 3]|[0, 1, 1, 0, 1, 1, 1, 2, 1, 0, 0, 1, 0, 0, 1, 1, 1, 1, 1, 0];[2, 19, 8, 14, 6, 13, 5, 15, 4, 11, 7, 12, 17, 16, 3, 9, 1, 0, 10, 18]|[0, 1, 1, 0, 1, 2, 2, 0, 2, 0, 0, 2, 0, 2, 1, 1, 1, 1, 1, 0]|[3, 1, 1, 3, 1, 0, 0, 3, 0, 3, 3, 0, 3, 0, 1, 1, 1, 1, 1, 3]|[0, 1, 1, 0, 1, 1, 1, 2, 1, 0, 0, 1, 0, 0, 1, 1, 1, 1, 1, 0];[2, 19, 13, 9, 14, 8, 6, 16, 7, 11, 10, 1, 12, 15, 17, 5, 18, 3, 4, 0]|[0, 1, 1, 2, 0, 1, 2, 2, 0, 0, 2, 0, 1, 0, 1, 2, 1, 1, 1, 0]|[3, 1, 1, 1, 3, 1, 0, 0, 0, 3, 0, 3, 1, 3, 1, 0, 1, 1, 1, 3]|[0, 1, 1, 1, 2, 1, 0, 1, 0, 0, 1, 2, 1, 1, 1, 1, 1, 1, 1, 0];[2, 19, 13, 9, 14, 8, 6, 16, 7, 11, 10, 1, 12, 15, 17, 5, 18, 3, 4, 0]|[0, 1, 1, 2, 0, 1, 2, 2, 0, 0, 2, 0, 1, 0, 1, 2, 1, 1, 1, 0]|[3, 1, 1, 1, 3, 1, 0, 0, 0, 3, 0, 3, 1, 3, 1, 0, 1, 1, 1, 3]|[0, 1, 1, 1, 2, 1, 0, 1, 0, 0, 1, 2, 1, 1, 1, 1, 1, 1, 1, 0];[2, 19, 13, 9, 14, 8, 6, 16, 7, 11, 10, 1, 12, 15, 17, 5, 18, 3, 4, 0]|[0, 1, 1, 2, 0, 1, 2, 2, 0, 0, 2, 0, 1, 0, 1, 2, 1, 1, 1, 0]|[3, 1, 1, 1, 3, 1, 0, 0, 0, 3, 0, 3, 1, 3, 1, 0, 1, 1, 1, 3]|[0, 1, 1, 1, 2, 1, 0, 1, 0, 0, 1, 2, 1, 1, 1, 1, 1, 1, 1, 0];[2, 19, 13, 9, 14, 8, 6, 16, 7, 11, 10, 1, 12, 15, 17, 5, 18, 3, 4, 0]|[0, 1, 1, 2, 0, 1, 2, 2, 0, 0, 2, 0, 1, 0, 1, 2, 1, 1, 1, 0]|[3, 1, 1, 1, 3, 1, 0, 0, 0, 3, 0, 3, 1, 3, 1, 0, 1, 1, 1, 3]|[0, 1, 1, 1, 2, 1, 0, 1, 0, 0, 1, 2, 1, 1, 1, 1, 1, 1, 1, 0];[2, 12, 13, 14, 19, 4, 9, 1, 16, 15, 3, 8, 10, 6, 11, 18, 0, 7, 17, 5]|[0, 0, 0, 0, 2, 1, 2, 0, 1, 0, 2, 1, 0, 1, 2, 0, 0, 0, 2, 1]|[3, 1, 0, 3, 0, 1, 0, 0, 1, 0, 1, 1, 3, 1, 1, 3, 2, 3, 1, 1]|[1, 0, 2, 0, 1, 0, 0, 1, 1, 2, 1, 0, 0, 1, 1, 1, 0, 2, 0, 1];[9, 12, 17, 18, 11, 19, 13, 0, 8, 1, 4, 6, 15, 14, 3, 5, 16, 10, 2, 7]|[2, 0, 0, 0, 0, 1, 0, 0, 1, 1, 2, 1, 0, 0, 1, 2, 2, 2, 0, 0]|[0, 3, 3, 3, 3, 1, 3, 3, 1, 1, 0, 1, 3, 3, 1, 0, 1, 0, 3, 3]|[1, 0, 0, 2, 0, 1, 2, 0, 1, 1, 1, 1, 0, 2, 1, 1, 0, 1, 0, 0];[9, 12, 17, 18, 11, 19, 13, 0, 8, 1, 4, 6, 15, 14, 3, 5, 16, 10, 2, 7]|[2, 0, 0, 0, 0, 1, 0, 0, 1, 1, 2, 1, 0, 0, 1, 2, 2, 2, 0, 0]|[0, 3, 3, 3, 3, 1, 3, 3, 1, 1, 0, 1, 3, 3, 1, 0, 1, 0, 3, 3]|[1, 0, 0, 2, 0, 1, 2, 0, 1, 1, 1, 1, 0, 2, 1, 1, 0, 1, 0, 0];[2, 1, 12, 8, 10, 3, 5, 6, 13, 7, 0, 18, 15, 9, 14, 16, 4, 17, 19, 11]|[2, 1, 1, 0, 0, 1, 2, 0, 1, 1, 0, 0, 1, 1, 0, 2, 1, 2, 2, 0]|[1, 1, 1, 3, 3, 1, 0, 3, 1, 1, 3, 3, 1, 1, 3, 0, 1, 0, 0, 3]|[1, 1, 1, 0, 0, 1, 1, 2, 1, 1, 0, 0, 1, 1, 2, 0, 1, 1, 1, 0];[2, 1, 12, 8, 10, 3, 5, 6, 13, 7, 0, 18, 15, 9, 14, 16, 4, 17, 19, 11]|[2, 1, 1, 0, 0, 1, 2, 0, 1, 1, 0, 0, 1, 1, 0, 2, 1, 2, 2, 0]|[1, 1, 1, 3, 3, 1, 0, 3, 1, 1, 3, 3, 1, 1, 3, 0, 1, 0, 0, 3]|[1, 1, 1, 0, 0, 1, 1, 2, 1, 1, 0, 0, 1, 1, 2, 0, 1, 1, 1, 0];[2, 1, 12, 8, 10, 3, 5, 6, 13, 7, 0, 18, 15, 9, 14, 16, 4, 17, 19, 11]|[2, 1, 1, 0, 0, 1, 2, 0, 1, 1, 0, 0, 1, 1, 0, 2, 1, 2, 2, 0]|[1, 1, 1, 3, 3, 1, 0, 3, 1, 1, 3, 3, 1, 1, 3, 0, 1, 0, 0, 3]|[1, 1, 1, 0, 0, 1, 1, 2, 1, 1, 0, 0, 1, 1, 2, 0, 1, 1, 1, 0];[2, 1, 12, 8, 10, 3, 5, 6, 13, 7, 0, 18, 15, 9, 14, 16, 4, 17, 19, 11]|[2, 1, 1, 0, 0, 1, 2, 0, 1, 1, 0, 0, 1, 1, 0, 2, 1, 2, 2, 0]|[1, 1, 1, 3, 3, 1, 0, 3, 1, 1, 3, 3, 1, 1, 3, 0, 1, 0, 0, 3]|[1, 1, 1, 0, 0, 1, 1, 2, 1, 1, 0, 0, 1, 1, 2, 0, 1, 1, 1, 0];[2, 4, 3, 15, 13, 18, 10, 14, 9, 16, 6, 11, 8, 1, 12, 19, 7, 0, 17, 5]|[2, 1, 2, 0, 0, 0, 2, 2, 0, 1, 1, 2, 0, 0, 0, 0, 0, 0, 2, 1]|[1, 1, 1, 3, 3, 3, 1, 1, 3, 1, 1, 1, 3, 3, 3, 3, 3, 3, 1, 1]|[0, 0, 1, 0, 2, 0, 1, 0, 2, 1, 1, 1, 0, 0, 2, 0, 2, 0, 0, 1]
fc6diagRound 11	fe=310789	pool=300	target=100	rescued=1	sOriginal=[1, 19, 8, 14, 5, 13, 6, 16, 3, 0, 12, 4, 2, 15, 17, 10, 9, 11, 7, 18]|[0, 1, 1, 0, 2, 1, 2, 2, 1, 0, 0, 2, 0, 1, 0, 1, 1, 2, 1, 0]|[3, 1, 1, 3, 0, 1, 0, 0, 0, 0, 3, 0, 3, 0, 3, 1, 1, 0, 1, 3]|[0, 1, 1, 2, 1, 0, 0, 1, 1, 1, 0, 1, 2, 1, 1, 1, 1, 1, 1, 0];[1, 19, 13, 14, 2, 4, 16, 5, 3, 10, 12, 6, 11, 18, 7, 9, 15, 0, 17, 8]|[0, 1, 1, 0, 2, 1, 2, 2, 1, 0, 0, 2, 0, 1, 0, 1, 1, 2, 1, 0]|[3, 1, 1, 3, 0, 1, 0, 0, 0, 0, 3, 0, 3, 0, 3, 1, 1, 0, 1, 3]|[0, 1, 1, 2, 1, 0, 0, 1, 1, 0, 0, 1, 2, 1, 1, 1, 1, 1, 1, 0];[1, 19, 13, 14, 2, 4, 16, 5, 3, 10, 12, 6, 11, 18, 7, 9, 15, 0, 17, 8]|[0, 1, 1, 0, 2, 1, 2, 2, 1, 0, 0, 2, 0, 1, 0, 1, 1, 2, 1, 0]|[3, 1, 1, 3, 0, 1, 0, 0, 0, 0, 3, 0, 3, 0, 3, 1, 1, 0, 1, 3]|[0, 1, 1, 2, 1, 0, 0, 1, 1, 0, 0, 1, 2, 1, 1, 1, 1, 1, 1, 0];[2, 19, 6, 15, 3, 4, 16, 5, 1, 11, 10, 0, 18, 12, 7, 13, 17, 8, 9, 14]|[0, 1, 1, 0, 2, 1, 2, 2, 1, 0, 0, 2, 0, 1, 0, 1, 1, 2, 1, 0]|[3, 1, 0, 3, 0, 1, 0, 0, 0, 0, 3, 0, 3, 1, 3, 1, 1, 0, 1, 3]|[0, 1, 1, 2, 1, 0, 0, 1, 1, 1, 0, 1, 2, 1, 1, 1, 1, 1, 1, 0];[1, 19, 14, 2, 17, 18, 5, 15, 12, 6, 16, 10, 11, 4, 0, 7, 13, 8, 3, 9]|[0, 1, 0, 2, 2, 1, 0, 1, 1, 2, 2, 0, 0, 2, 0, 1, 1, 1, 1, 0]|[3, 1, 3, 0, 0, 1, 3, 1, 1, 0, 0, 0, 3, 0, 3, 1, 1, 1, 1, 3]|[0, 1, 2, 1, 0, 1, 0, 1, 1, 0, 1, 1, 0, 1, 2, 1, 1, 1, 1, 0];[1, 19, 14, 2, 17, 18, 5, 15, 12, 6, 16, 10, 11, 4, 0, 7, 13, 8, 3, 9]|[0, 1, 0, 2, 2, 1, 0, 1, 1, 2, 2, 0, 0, 2, 0, 1, 1, 1, 1, 0]|[3, 1, 3, 0, 0, 1, 3, 1, 1, 0, 0, 0, 3, 0, 3, 1, 1, 1, 1, 3]|[0, 1, 2, 1, 0, 1, 0, 1, 1, 0, 1, 1, 0, 1, 2, 1, 1, 1, 1, 0];[1, 19, 14, 2, 17, 18, 5, 15, 12, 6, 16, 10, 11, 4, 0, 7, 13, 8, 3, 9]|[0, 1, 0, 2, 2, 1, 0, 1, 1, 2, 2, 0, 0, 2, 0, 1, 1, 1, 1, 0]|[3, 1, 3, 0, 0, 1, 3, 1, 1, 0, 0, 0, 3, 0, 3, 1, 1, 1, 1, 3]|[0, 1, 2, 1, 0, 1, 0, 1, 1, 0, 1, 1, 0, 1, 2, 1, 1, 1, 1, 0];[1, 19, 14, 2, 17, 18, 5, 15, 12, 6, 16, 10, 11, 4, 0, 7, 13, 8, 3, 9]|[0, 1, 0, 2, 2, 1, 0, 1, 1, 2, 2, 0, 0, 2, 0, 1, 1, 1, 1, 0]|[3, 1, 3, 0, 0, 1, 3, 1, 1, 0, 0, 0, 3, 0, 3, 1, 1, 1, 1, 3]|[0, 1, 2, 1, 0, 1, 0, 1, 1, 0, 1, 1, 0, 1, 2, 1, 1, 1, 1, 0];[5, 2, 13, 14, 19, 4, 16, 6, 3, 18, 15, 9, 8, 7, 1, 12, 11, 10, 17, 0]|[0, 1, 1, 0, 2, 1, 2, 2, 1, 0, 0, 2, 0, 1, 0, 1, 1, 2, 1, 0]|[3, 1, 0, 3, 0, 1, 0, 0, 0, 0, 3, 0, 3, 0, 2, 1, 1, 0, 1, 3]|[0, 1, 1, 2, 0, 0, 1, 1, 1, 0, 0, 1, 2, 1, 1, 1, 1, 1, 1, 0];[1, 14, 2, 16, 5, 19, 11, 6, 8, 17, 7, 4, 10, 12, 0, 9, 18, 3, 13, 15]|[0, 0, 2, 2, 2, 0, 0, 2, 0, 2, 0, 1, 1, 1, 1, 1, 1, 1, 1, 0]|[3, 3, 1, 0, 0, 2, 3, 0, 3, 0, 3, 1, 1, 1, 1, 1, 1, 1, 1, 3]|[0, 2, 1, 0, 1, 1, 0, 0, 2, 1, 1, 1, 1, 1, 1, 1, 1, 1, 1, 0];[1, 2, 13, 14, 19, 4, 16, 5, 3, 10, 11, 17, 8, 15, 9, 0, 6, 12, 7, 18]|[0, 1, 1, 0, 2, 1, 2, 2, 1, 0, 0, 2, 0, 1, 0, 1, 1, 2, 1, 0]|[3, 1, 0, 3, 1, 1, 0, 0, 0, 0, 3, 0, 3, 1, 0, 1, 1, 0, 1, 3]|[0, 1, 1, 2, 1, 0, 0, 1, 1, 1, 0, 1, 2, 1, 1, 1, 1, 1, 1, 0];[1, 2, 13, 14, 19, 4, 16, 5, 3, 10, 11, 17, 8, 12, 7, 6, 15, 0, 9, 18]|[0, 1, 1, 0, 2, 1, 2, 2, 1, 0, 0, 2, 0, 1, 0, 1, 1, 2, 1, 0]|[3, 1, 0, 3, 1, 1, 0, 0, 0, 0, 3, 0, 3, 1, 0, 1, 1, 0, 1, 3]|[0, 1, 1, 2, 1, 0, 1, 1, 1, 1, 0, 1, 2, 1, 1, 1, 1, 1, 1, 0];[1, 19, 13, 14, 2, 4, 16, 5, 3, 12, 10, 6, 11, 18, 7, 9, 15, 0, 17, 8]|[0, 1, 1, 0, 2, 2, 2, 2, 1, 0, 0, 1, 0, 1, 0, 2, 1, 2, 1, 0]|[1, 1, 1, 3, 0, 0, 0, 0, 0, 3, 0, 1, 3, 0, 3, 1, 1, 0, 1, 3]|[0, 1, 1, 2, 1, 1, 0, 1, 1, 0, 0, 0, 2, 1, 1, 0, 1, 1, 1, 0];[1, 19, 13, 14, 2, 4, 16, 5, 3, 12, 10, 6, 11, 18, 7, 9, 15, 0, 17, 8]|[0, 1, 1, 0, 2, 2, 2, 2, 1, 0, 0, 1, 0, 1, 0, 2, 1, 2, 1, 0]|[1, 1, 1, 3, 0, 0, 0, 0, 0, 3, 0, 1, 3, 0, 3, 1, 1, 0, 1, 3]|[0, 1, 1, 2, 1, 1, 0, 1, 1, 0, 0, 0, 2, 1, 1, 0, 1, 1, 1, 0];[1, 14, 10, 19, 8, 17, 15, 4, 7, 9, 5, 16, 18, 12, 3, 13, 11, 6, 2, 0]|[0, 0, 2, 1, 1, 1, 1, 2, 1, 0, 0, 2, 0, 1, 0, 1, 2, 2, 1, 0]|[3, 3, 1, 1, 1, 1, 1, 0, 1, 0, 3, 0, 3, 1, 3, 1, 0, 0, 1, 3]|[2, 2, 1, 1, 1, 1, 1, 1, 1, 1, 0, 1, 1, 1, 2, 1, 0, 1, 1, 0];[1, 14, 10, 19, 8, 17, 15, 4, 7, 9, 5, 16, 18, 12, 3, 13, 11, 6, 2, 0]|[0, 0, 2, 1, 1, 1, 1, 2, 1, 0, 0, 2, 0, 1, 0, 1, 2, 2, 1, 0]|[3, 3, 1, 1, 1, 1, 1, 0, 1, 0, 3, 0, 3, 1, 3, 1, 0, 0, 1, 3]|[2, 2, 1, 1, 1, 1, 1, 1, 1, 1, 0, 1, 1, 1, 2, 1, 0, 1, 1, 0];[1, 2, 15, 11, 10, 14, 9, 12, 16, 13, 3, 4, 7, 6, 19, 18, 0, 8, 17, 5]|[0, 0, 0, 0, 2, 2, 0, 0, 1, 0, 2, 1, 0, 1, 2, 0, 0, 0, 2, 1]|[0, 3, 3, 3, 1, 1, 3, 3, 1, 3, 1, 1, 3, 1, 1, 3, 2, 3, 1, 1]|[1, 0, 2, 0, 1, 0, 2, 2, 1, 2, 1, 0, 0, 1, 1, 1, 0, 2, 0, 1];[2, 19, 13, 15, 6, 3, 16, 5, 10, 0, 11, 14, 8, 17, 7, 12, 4, 9, 18, 1]|[0, 1, 1, 0, 2, 1, 2, 2, 1, 0, 0, 2, 0, 1, 0, 1, 1, 2, 1, 0]|[3, 1, 1, 3, 1, 1, 0, 1, 0, 0, 3, 0, 3, 0, 0, 1, 1, 0, 1, 3]|[2, 1, 1, 2, 1, 0, 0, 1, 1, 0, 0, 1, 2, 1, 1, 1, 1, 0, 1, 0];[1, 19, 13, 14, 2, 8, 6, 16, 3, 10, 11, 4, 0, 7, 5, 15, 12, 17, 18, 9]|[0, 1, 1, 0, 2, 1, 2, 2, 1, 0, 0, 2, 0, 1, 0, 1, 1, 2, 1, 0]|[3, 1, 1, 3, 0, 1, 0, 0, 0, 0, 3, 0, 3, 0, 3, 1, 1, 0, 1, 3]|[0, 1, 1, 2, 1, 0, 0, 1, 1, 1, 0, 1, 2, 1, 0, 1, 1, 0, 1, 0];[1, 19, 13, 14, 2, 8, 6, 16, 3, 10, 11, 4, 0, 7, 5, 15, 12, 17, 18, 9]|[0, 1, 1, 0, 2, 1, 2, 2, 1, 0, 0, 2, 0, 1, 0, 1, 1, 2, 1, 0]|[3, 1, 1, 3, 0, 1, 0, 0, 0, 0, 3, 0, 3, 0, 3, 1, 1, 0, 1, 3]|[0, 1, 1, 2, 1, 0, 0, 1, 1, 1, 0, 1, 2, 1, 0, 1, 1, 0, 1, 0];[19, 6, 5, 4, 16, 14, 12, 17, 2, 10, 18, 15, 7, 0, 11, 9, 13, 8, 3, 1]|[2, 1, 2, 1, 2, 2, 1, 2, 0, 1, 0, 0, 0, 0, 0, 1, 1, 1, 0, 0]|[0, 1, 0, 1, 0, 0, 0, 0, 3, 1, 3, 3, 3, 3, 3, 1, 1, 1, 3, 3]|[1, 1, 1, 0, 0, 1, 1, 1, 0, 1, 2, 0, 1, 0, 2, 1, 1, 1, 0, 0];[2, 12, 15, 19, 10, 14, 9, 1, 16, 13, 3, 4, 7, 6, 11, 18, 0, 8, 17, 5]|[0, 0, 0, 0, 2, 2, 0, 0, 1, 0, 2, 1, 0, 1, 2, 0, 0, 0, 2, 1]|[0, 3, 3, 3, 1, 1, 3, 3, 1, 3, 1, 1, 3, 1, 1, 3, 2, 3, 1, 1]|[1, 0, 2, 0, 1, 0, 2, 1, 1, 2, 1, 0, 0, 1, 1, 1, 0, 2, 0, 1];[5, 2, 14, 10, 4, 13, 16, 19, 3, 18, 11, 6, 0, 12, 9, 7, 17, 15, 1, 8]|[0, 1, 1, 0, 2, 1, 2, 2, 1, 0, 0, 2, 0, 1, 0, 1, 1, 2, 1, 0]|[3, 1, 1, 3, 0, 1, 0, 0, 0, 0, 3, 0, 3, 1, 3, 1, 1, 0, 1, 3]|[0, 1, 1, 0, 1, 0, 0, 1, 1, 1, 2, 1, 0, 1, 0, 0, 1, 1, 1, 0];[12, 10, 15, 19, 14, 7, 8, 5, 1, 4, 3, 2, 16, 13, 17, 9, 18, 0, 11, 6]|[0, 0, 0, 2, 2, 0, 1, 2, 0, 1, 2, 0, 1, 0, 0, 0, 0, 0, 2, 1]|[2, 3, 3, 0, 1, 3, 1, 1, 3, 1, 1, 3, 1, 3, 3, 3, 3, 3, 1, 1]|[1, 2, 0, 1, 0, 2, 1, 1, 1, 0, 1, 0, 1, 2, 1, 2, 0, 2, 0, 0];[11, 10, 4, 2, 3, 17, 15, 12, 7, 1, 9, 18, 8, 16, 5, 6, 0, 19, 13, 14]|[0, 0, 1, 0, 1, 2, 1, 1, 1, 1, 1, 0, 0, 2, 2, 1, 2, 2, 2, 0]|[0, 3, 1, 3, 1, 0, 1, 1, 1, 1, 1, 3, 3, 0, 1, 1, 0, 0, 0, 3]|[1, 0, 1, 0, 1, 0, 1, 1, 1, 1, 1, 2, 0, 0, 1, 1, 0, 1, 1, 0];[2, 19, 13, 15, 6, 3, 16, 10, 0, 11, 14, 8, 17, 7, 12, 4, 9, 5, 18, 1]|[0, 2, 1, 0, 2, 1, 2, 1, 0, 0, 2, 0, 1, 0, 1, 1, 2, 2, 1, 0]|[3, 1, 1, 3, 1, 1, 0, 0, 0, 3, 0, 3, 0, 0, 1, 1, 0, 1, 1, 3]|[2, 1, 1, 2, 1, 0, 0, 1, 0, 0, 1, 2, 1, 1, 1, 1, 0, 1, 1, 0];[2, 19, 13, 15, 6, 3, 16, 10, 0, 11, 14, 8, 17, 7, 12, 4, 9, 5, 18, 1]|[0, 2, 1, 0, 2, 1, 2, 1, 0, 0, 2, 0, 1, 0, 1, 1, 2, 2, 1, 0]|[3, 1, 1, 3, 1, 1, 0, 0, 0, 3, 0, 3, 0, 0, 1, 1, 0, 1, 1, 3]|[2, 1, 1, 2, 1, 0, 0, 1, 0, 0, 1, 2, 1, 1, 1, 1, 0, 1, 1, 0];[1, 19, 10, 5, 8, 4, 2, 3, 15, 12, 9, 7, 13, 18, 11, 16, 0, 17, 6, 14]|[0, 1, 0, 2, 1, 2, 2, 1, 2, 1, 0, 1, 1, 0, 0, 2, 0, 1, 1, 0]|[3, 1, 3, 0, 1, 0, 0, 1, 0, 1, 3, 1, 1, 0, 3, 0, 3, 1, 1, 3]|[0, 1, 0, 1, 1, 0, 1, 1, 1, 1, 1, 1, 1, 0, 0, 1, 2, 1, 1, 0];[1, 19, 10, 5, 8, 4, 2, 3, 15, 12, 9, 7, 13, 18, 11, 16, 0, 17, 6, 14]|[0, 1, 0, 2, 1, 2, 2, 1, 2, 1, 0, 1, 1, 0, 0, 2, 0, 1, 1, 0]|[3, 1, 3, 0, 1, 0, 0, 1, 0, 1, 3, 1, 1, 0, 3, 0, 3, 1, 1, 3]|[0, 1, 0, 1, 1, 0, 1, 1, 1, 1, 1, 1, 1, 0, 0, 1, 2, 1, 1, 0];[2, 1, 13, 14, 19, 4, 16, 5, 3, 10, 11, 17, 6, 7, 18, 9, 15, 0, 12, 8]|[0, 1, 1, 0, 2, 1, 2, 2, 1, 0, 0, 2, 0, 1, 0, 1, 1, 2, 1, 0]|[3, 1, 1, 3, 0, 1, 0, 0, 0, 0, 3, 0, 3, 0, 3, 1, 1, 0, 1, 3]|[0, 1, 1, 2, 1, 0, 0, 1, 1, 0, 0, 1, 2, 1, 0, 1, 1, 1, 1, 0];[1, 2, 13, 17, 10, 14, 9, 12, 16, 15, 3, 4, 7, 6, 11, 18, 0, 8, 19, 5]|[0, 0, 0, 0, 2, 2, 0, 0, 1, 0, 2, 1, 0, 1, 2, 0, 0, 0, 2, 1]|[3, 3, 3, 3, 1, 1, 3, 3, 1, 3, 1, 1, 3, 1, 1, 3, 2, 3, 1, 1]|[1, 0, 2, 0, 1, 0, 2, 1, 1, 2, 1, 0, 0, 1, 1, 1, 0, 2, 0, 1];[19, 9, 12, 2, 10, 14, 15, 1, 16, 7, 3, 4, 18, 8, 0, 11, 17, 13, 5, 6]|[0, 0, 0, 0, 2, 2, 0, 0, 1, 0, 2, 1, 0, 0, 0, 2, 1, 0, 2, 1]|[3, 3, 3, 3, 0, 1, 3, 0, 1, 3, 1, 1, 3, 2, 3, 1, 1, 3, 1, 1]|[0, 2, 1, 0, 1, 0, 2, 1, 1, 0, 1, 0, 2, 0, 1, 1, 1, 2, 0, 1];[5, 2, 14, 15, 4, 13, 16, 19, 3, 11, 10, 1, 8, 17, 6, 7, 12, 18, 9, 0]|[0, 1, 1, 0, 2, 1, 2, 2, 1, 0, 0, 2, 0, 1, 1, 0, 1, 2, 1, 0]|[0, 1, 0, 3, 0, 1, 0, 0, 0, 3, 3, 0, 3, 1, 1, 1, 1, 0, 1, 3]|[2, 1, 1, 0, 0, 0, 0, 1, 1, 0, 0, 1, 2, 1, 1, 0, 1, 0, 1, 0];[2, 12, 15, 19, 10, 14, 9, 1, 16, 13, 3, 4, 7, 6, 11, 0, 8, 18, 17, 5]|[0, 0, 0, 0, 2, 2, 0, 0, 1, 0, 2, 1, 0, 1, 2, 0, 0, 0, 2, 1]|[0, 3, 3, 3, 1, 1, 3, 3, 1, 3, 1, 1, 3, 1, 1, 3, 2, 3, 1, 1]|[1, 0, 2, 0, 1, 0, 2, 1, 1, 2, 1, 0, 0, 1, 1, 1, 0, 2, 0, 0];[2, 12, 15, 19, 10, 14, 9, 1, 16, 13, 3, 4, 7, 6, 11, 0, 8, 18, 17, 5]|[0, 0, 0, 0, 2, 2, 0, 0, 1, 0, 2, 1, 0, 1, 2, 0, 0, 0, 2, 1]|[0, 3, 3, 3, 1, 1, 3, 3, 1, 3, 1, 1, 3, 1, 1, 3, 2, 3, 1, 1]|[1, 0, 2, 0, 1, 0, 2, 1, 1, 2, 1, 0, 0, 1, 1, 1, 0, 2, 0, 0];[19, 2, 12, 13, 10, 14, 9, 18, 16, 15, 6, 4, 7, 3, 11, 1, 0, 8, 17, 5]|[0, 0, 0, 0, 2, 2, 0, 0, 1, 0, 2, 1, 0, 1, 2, 0, 0, 0, 2, 1]|[3, 0, 3, 3, 1, 1, 3, 3, 1, 3, 1, 1, 3, 1, 1, 3, 2, 3, 1, 1]|[0, 1, 2, 0, 1, 0, 2, 1, 1, 2, 1, 0, 0, 1, 1, 1, 0, 2, 0, 0];[19, 2, 12, 13, 10, 14, 9, 18, 16, 15, 6, 4, 7, 3, 11, 1, 0, 8, 17, 5]|[0, 0, 0, 0, 2, 2, 0, 0, 1, 0, 2, 1, 0, 1, 2, 0, 0, 0, 2, 1]|[3, 0, 3, 3, 1, 1, 3, 3, 1, 3, 1, 1, 3, 1, 1, 3, 2, 3, 1, 1]|[0, 1, 2, 0, 1, 0, 2, 1, 1, 2, 1, 0, 0, 1, 1, 1, 0, 2, 0, 0];[2, 19, 8, 12, 10, 14, 1, 16, 15, 3, 4, 7, 6, 11, 0, 13, 18, 9, 17, 5]|[0, 0, 0, 0, 2, 2, 0, 1, 0, 2, 1, 0, 1, 2, 0, 0, 0, 0, 2, 1]|[0, 3, 3, 3, 1, 1, 3, 1, 3, 1, 1, 3, 1, 1, 3, 2, 3, 3, 0, 1]|[1, 0, 2, 0, 1, 0, 1, 1, 2, 1, 0, 0, 1, 1, 1, 0, 2, 0, 0, 0];[2, 19, 8, 12, 10, 14, 1, 16, 15, 3, 4, 7, 6, 11, 0, 13, 18, 9, 17, 5]|[0, 0, 0, 0, 2, 2, 0, 1, 0, 2, 1, 0, 1, 2, 0, 0, 0, 0, 2, 1]|[0, 3, 3, 3, 1, 1, 3, 1, 3, 1, 1, 3, 1, 1, 3, 2, 3, 3, 0, 1]|[1, 0, 2, 0, 1, 0, 1, 1, 2, 1, 0, 0, 1, 1, 1, 0, 2, 0, 0, 0];[2, 19, 8, 12, 10, 14, 1, 16, 15, 3, 4, 7, 6, 11, 0, 13, 18, 9, 17, 5]|[0, 0, 0, 0, 2, 2, 0, 1, 0, 2, 1, 0, 1, 2, 0, 0, 0, 0, 2, 1]|[0, 3, 3, 3, 1, 1, 3, 1, 3, 1, 1, 3, 1, 1, 3, 2, 3, 3, 0, 1]|[1, 0, 2, 0, 1, 0, 1, 1, 2, 1, 0, 0, 1, 1, 1, 0, 2, 0, 0, 0];[2, 19, 8, 12, 10, 14, 1, 16, 15, 3, 4, 7, 6, 11, 0, 13, 18, 9, 17, 5]|[0, 0, 0, 0, 2, 2, 0, 1, 0, 2, 1, 0, 1, 2, 0, 0, 0, 0, 2, 1]|[0, 3, 3, 3, 1, 1, 3, 1, 3, 1, 1, 3, 1, 1, 3, 2, 3, 3, 0, 1]|[1, 0, 2, 0, 1, 0, 1, 1, 2, 1, 0, 0, 1, 1, 1, 0, 2, 0, 0, 0];[5, 2, 14, 10, 4, 13, 16, 19, 6, 1, 9, 15, 12, 7, 18, 11, 17, 3, 8, 0]|[0, 1, 1, 0, 2, 1, 2, 2, 1, 0, 1, 1, 2, 0, 0, 2, 1, 2, 1, 0]|[3, 1, 1, 3, 1, 1, 0, 0, 0, 0, 1, 1, 0, 2, 3, 0, 0, 0, 1, 3]|[0, 1, 1, 2, 1, 0, 0, 1, 1, 1, 1, 1, 1, 0, 2, 1, 0, 1, 1, 0];[2, 13, 11, 10, 14, 15, 16, 12, 18, 3, 4, 9, 19, 6, 7, 0, 8, 1, 17, 5]|[0, 0, 0, 0, 2, 0, 1, 2, 0, 2, 1, 0, 2, 1, 0, 0, 0, 0, 2, 1]|[3, 3, 3, 1, 1, 3, 1, 0, 3, 1, 1, 3, 1, 1, 3, 2, 3, 0, 1, 1]|[0, 2, 0, 1, 0, 2, 1, 0, 1, 1, 0, 2, 1, 1, 0, 0, 2, 1, 0, 1];[2, 12, 10, 15, 19, 18, 9, 1, 16, 13, 3, 5, 11, 6, 0, 7, 17, 14, 4, 8]|[0, 0, 0, 0, 2, 2, 0, 0, 1, 0, 2, 1, 0, 1, 2, 0, 0, 0, 2, 1]|[3, 0, 3, 3, 1, 1, 3, 3, 1, 3, 1, 1, 3, 1, 1, 3, 3, 3, 1, 1]|[0, 1, 2, 0, 1, 0, 2, 1, 1, 2, 1, 0, 0, 1, 1, 1, 0, 2, 0, 0];[1, 19, 13, 14, 2, 4, 16, 5, 3, 10, 12, 9, 6, 17, 8, 15, 18, 11, 7, 0]|[0, 1, 1, 0, 2, 1, 2, 2, 1, 0, 0, 2, 0, 1, 0, 1, 1, 2, 1, 0]|[3, 1, 0, 3, 0, 1, 1, 0, 0, 0, 3, 0, 2, 0, 3, 1, 1, 0, 1, 3]|[0, 1, 1, 2, 1, 0, 0, 1, 1, 0, 0, 0, 2, 1, 1, 0, 1, 1, 1, 0];[19, 14, 2, 4, 16, 5, 3, 12, 10, 6, 0, 18, 9, 8, 15, 11, 7, 17, 13, 1]|[1, 0, 2, 1, 2, 2, 1, 1, 1, 0, 0, 0, 1, 1, 2, 2, 0, 0, 0, 0]|[0, 3, 0, 1, 0, 0, 1, 1, 1, 3, 3, 3, 1, 1, 1, 1, 3, 3, 3, 3]|[1, 0, 1, 0, 0, 1, 1, 1, 1, 0, 2, 0, 1, 1, 1, 0, 0, 0, 2, 0];[5, 2, 14, 10, 4, 13, 19, 17, 15, 11, 3, 9, 18, 7, 0, 6, 12, 16, 1, 8]|[0, 1, 1, 0, 2, 1, 2, 1, 0, 0, 2, 0, 1, 0, 1, 1, 2, 2, 1, 0]|[0, 0, 0, 3, 1, 1, 0, 0, 3, 3, 0, 3, 0, 3, 1, 1, 0, 0, 1, 3]|[0, 1, 1, 2, 0, 0, 1, 1, 1, 0, 1, 0, 1, 0, 0, 1, 1, 0, 1, 2];[11, 19, 14, 2, 4, 16, 5, 3, 9, 10, 18, 7, 1, 15, 0, 12, 17, 6, 13, 8]|[0, 1, 0, 2, 1, 2, 2, 1, 1, 0, 0, 2, 0, 2, 0, 1, 1, 2, 1, 0]|[0, 0, 1, 1, 1, 0, 1, 0, 1, 3, 3, 0, 3, 0, 3, 1, 1, 0, 0, 3]|[2, 1, 1, 1, 0, 0, 1, 1, 1, 0, 0, 1, 0, 0, 2, 1, 1, 1, 1, 0];[11, 19, 14, 2, 4, 16, 5, 3, 9, 10, 18, 7, 1, 15, 0, 12, 17, 6, 13, 8]|[0, 1, 0, 2, 1, 2, 2, 1, 1, 0, 0, 2, 0, 2, 0, 1, 1, 2, 1, 0]|[0, 0, 1, 1, 1, 0, 1, 0, 1, 3, 3, 0, 3, 0, 3, 1, 1, 0, 0, 3]|[2, 1, 1, 1, 0, 0, 1, 1, 1, 0, 0, 1, 0, 0, 2, 1, 1, 1, 1, 0];[11, 19, 14, 2, 4, 16, 5, 3, 9, 10, 18, 7, 1, 15, 0, 12, 17, 6, 13, 8]|[0, 1, 0, 2, 1, 2, 2, 1, 1, 0, 0, 2, 0, 2, 0, 1, 1, 2, 1, 0]|[0, 0, 1, 1, 1, 0, 1, 0, 1, 3, 3, 0, 3, 0, 3, 1, 1, 0, 0, 3]|[2, 1, 1, 1, 0, 0, 1, 1, 1, 0, 0, 1, 0, 0, 2, 1, 1, 1, 1, 0];[11, 19, 14, 2, 4, 16, 5, 3, 9, 10, 18, 7, 1, 15, 0, 12, 17, 6, 13, 8]|[0, 1, 0, 2, 1, 2, 2, 1, 1, 0, 0, 2, 0, 2, 0, 1, 1, 2, 1, 0]|[0, 0, 1, 1, 1, 0, 1, 0, 1, 3, 3, 0, 3, 0, 3, 1, 1, 0, 0, 3]|[2, 1, 1, 1, 0, 0, 1, 1, 1, 0, 0, 1, 0, 0, 2, 1, 1, 1, 1, 0];[5, 2, 14, 10, 4, 13, 16, 19, 17, 9, 6, 0, 3, 11, 1, 15, 7, 8, 12, 18]|[0, 1, 1, 0, 2, 1, 2, 2, 1, 0, 2, 0, 1, 0, 0, 2, 1, 2, 1, 0]|[2, 1, 1, 3, 1, 1, 0, 0, 0, 3, 1, 0, 1, 3, 3, 0, 1, 0, 1, 3]|[2, 1, 1, 0, 1, 0, 0, 1, 1, 1, 1, 1, 1, 0, 2, 0, 1, 1, 1, 0];[2, 12, 15, 9, 10, 14, 19, 0, 16, 13, 3, 4, 7, 6, 11, 1, 18, 8, 17, 5]|[0, 0, 0, 0, 2, 2, 0, 0, 1, 0, 2, 1, 0, 1, 2, 0, 0, 0, 2, 1]|[0, 1, 3, 3, 1, 1, 3, 3, 1, 3, 1, 1, 3, 1, 1, 3, 2, 3, 1, 1]|[1, 0, 2, 2, 1, 0, 0, 1, 1, 2, 1, 0, 0, 1, 1, 1, 0, 2, 0, 0];[2, 12, 15, 9, 10, 14, 19, 0, 16, 13, 3, 4, 7, 6, 11, 1, 18, 8, 17, 5]|[0, 0, 0, 0, 2, 2, 0, 0, 1, 0, 2, 1, 0, 1, 2, 0, 0, 0, 2, 1]|[0, 1, 3, 3, 1, 1, 3, 3, 1, 3, 1, 1, 3, 1, 1, 3, 2, 3, 1, 1]|[1, 0, 2, 2, 1, 0, 0, 1, 1, 2, 1, 0, 0, 1, 1, 1, 0, 2, 0, 0];[2, 12, 15, 9, 10, 14, 19, 0, 16, 13, 3, 4, 7, 6, 11, 1, 18, 8, 17, 5]|[0, 0, 0, 0, 2, 2, 0, 0, 1, 0, 2, 1, 0, 1, 2, 0, 0, 0, 2, 1]|[0, 1, 3, 3, 1, 1, 3, 3, 1, 3, 1, 1, 3, 1, 1, 3, 2, 3, 1, 1]|[1, 0, 2, 2, 1, 0, 0, 1, 1, 2, 1, 0, 0, 1, 1, 1, 0, 2, 0, 0];[2, 12, 15, 9, 10, 14, 19, 0, 16, 13, 3, 4, 7, 6, 11, 1, 18, 8, 17, 5]|[0, 0, 0, 0, 2, 2, 0, 0, 1, 0, 2, 1, 0, 1, 2, 0, 0, 0, 2, 1]|[0, 1, 3, 3, 1, 1, 3, 3, 1, 3, 1, 1, 3, 1, 1, 3, 2, 3, 1, 1]|[1, 0, 2, 2, 1, 0, 0, 1, 1, 2, 1, 0, 0, 1, 1, 1, 0, 2, 0, 0];[19, 14, 5, 4, 16, 2, 3, 9, 17, 6, 15, 11, 7, 8, 12, 10, 13, 18, 0, 1]|[1, 0, 2, 1, 2, 2, 1, 0, 0, 1, 1, 0, 0, 1, 2, 2, 2, 1, 0, 0]|[0, 0, 1, 1, 0, 1, 0, 3, 3, 0, 1, 0, 3, 1, 0, 0, 0, 1, 3, 3]|[1, 2, 1, 0, 0, 1, 1, 0, 0, 0, 1, 1, 0, 1, 1, 1, 0, 1, 2, 0];[19, 14, 5, 4, 16, 2, 3, 9, 17, 6, 15, 11, 7, 8, 12, 10, 13, 18, 0, 1]|[1, 0, 2, 1, 2, 2, 1, 0, 0, 1, 1, 0, 0, 1, 2, 2, 2, 1, 0, 0]|[0, 0, 1, 1, 0, 1, 0, 3, 3, 0, 1, 0, 3, 1, 0, 0, 0, 1, 3, 3]|[1, 2, 1, 0, 0, 1, 1, 0, 0, 0, 1, 1, 0, 1, 1, 1, 0, 1, 2, 0];[19, 14, 5, 4, 16, 2, 3, 9, 17, 6, 15, 11, 7, 8, 12, 10, 13, 18, 0, 1]|[1, 0, 2, 1, 2, 2, 1, 0, 0, 1, 1, 0, 0, 1, 2, 2, 2, 1, 0, 0]|[0, 0, 1, 1, 0, 1, 0, 3, 3, 0, 1, 0, 3, 1, 0, 0, 0, 1, 3, 3]|[1, 2, 1, 0, 0, 1, 1, 0, 0, 0, 1, 1, 0, 1, 1, 1, 0, 1, 2, 0];[19, 14, 5, 4, 16, 2, 3, 9, 17, 6, 15, 11, 7, 8, 12, 10, 13, 18, 0, 1]|[1, 0, 2, 1, 2, 2, 1, 0, 0, 1, 1, 0, 0, 1, 2, 2, 2, 1, 0, 0]|[0, 0, 1, 1, 0, 1, 0, 3, 3, 0, 1, 0, 3, 1, 0, 0, 0, 1, 3, 3]|[1, 2, 1, 0, 0, 1, 1, 0, 0, 0, 1, 1, 0, 1, 1, 1, 0, 1, 2, 0];[1, 19, 8, 7, 5, 13, 6, 16, 3, 17, 2, 15, 14, 12, 9, 4, 18, 10, 11, 0]|[0, 1, 1, 0, 2, 1, 2, 2, 1, 2, 0, 1, 0, 1, 1, 2, 1, 0, 0, 0]|[1, 0, 1, 3, 1, 1, 0, 0, 0, 0, 0, 0, 0, 1, 1, 0, 1, 3, 3, 2]|[2, 1, 0, 0, 1, 0, 0, 1, 1, 1, 2, 1, 2, 1, 1, 0, 1, 0, 0, 0];[2, 12, 15, 19, 10, 14, 9, 1, 16, 13, 3, 4, 7, 6, 11, 0, 17, 8, 5, 18]|[0, 0, 0, 0, 2, 2, 0, 0, 1, 0, 2, 1, 0, 1, 2, 0, 0, 0, 2, 1]|[0, 3, 3, 3, 1, 1, 3, 3, 1, 3, 1, 1, 3, 1, 1, 3, 2, 3, 1, 1]|[1, 0, 2, 0, 1, 0, 2, 1, 1, 2, 1, 0, 0, 1, 1, 1, 0, 2, 0, 0];[2, 12, 15, 19, 10, 14, 9, 1, 16, 13, 3, 4, 7, 6, 11, 0, 17, 8, 5, 18]|[0, 0, 0, 0, 2, 2, 0, 0, 1, 0, 2, 1, 0, 1, 2, 0, 0, 0, 2, 1]|[0, 3, 3, 3, 1, 1, 3, 3, 1, 3, 1, 1, 3, 1, 1, 3, 2, 3, 1, 1]|[1, 0, 2, 0, 1, 0, 2, 1, 1, 2, 1, 0, 0, 1, 1, 1, 0, 2, 0, 0];[2, 12, 15, 19, 10, 14, 9, 1, 16, 13, 3, 4, 7, 6, 11, 0, 17, 8, 5, 18]|[0, 0, 0, 0, 2, 2, 0, 0, 1, 0, 2, 1, 0, 1, 2, 0, 0, 0, 2, 1]|[0, 3, 3, 3, 1, 1, 3, 3, 1, 3, 1, 1, 3, 1, 1, 3, 2, 3, 1, 1]|[1, 0, 2, 0, 1, 0, 2, 1, 1, 2, 1, 0, 0, 1, 1, 1, 0, 2, 0, 0];[2, 12, 15, 19, 10, 14, 9, 1, 16, 13, 3, 4, 7, 6, 11, 0, 17, 8, 5, 18]|[0, 0, 0, 0, 2, 2, 0, 0, 1, 0, 2, 1, 0, 1, 2, 0, 0, 0, 2, 1]|[0, 3, 3, 3, 1, 1, 3, 3, 1, 3, 1, 1, 3, 1, 1, 3, 2, 3, 1, 1]|[1, 0, 2, 0, 1, 0, 2, 1, 1, 2, 1, 0, 0, 1, 1, 1, 0, 2, 0, 0];[12, 5, 4, 15, 11, 19, 1, 16, 3, 9, 0, 10, 2, 14, 6, 17, 13, 18, 7, 8]|[0, 2, 0, 2, 0, 1, 0, 2, 1, 2, 2, 1, 2, 0, 1, 1, 1, 2, 1, 0]|[3, 0, 3, 1, 0, 1, 2, 1, 1, 0, 0, 1, 1, 3, 0, 1, 1, 0, 1, 3]|[0, 0, 2, 1, 1, 1, 0, 0, 1, 1, 1, 1, 1, 2, 0, 1, 1, 0, 1, 0];[12, 5, 4, 15, 11, 19, 1, 16, 3, 9, 0, 10, 2, 14, 6, 17, 13, 18, 7, 8]|[0, 2, 0, 2, 0, 1, 0, 2, 1, 2, 2, 1, 2, 0, 1, 1, 1, 2, 1, 0]|[3, 0, 3, 1, 0, 1, 2, 1, 1, 0, 0, 1, 1, 3, 0, 1, 1, 0, 1, 3]|[0, 0, 2, 1, 1, 1, 0, 0, 1, 1, 1, 1, 1, 2, 0, 1, 1, 0, 1, 0];[12, 5, 4, 15, 11, 19, 1, 16, 3, 9, 0, 10, 2, 14, 6, 17, 13, 18, 7, 8]|[0, 2, 0, 2, 0, 1, 0, 2, 1, 2, 2, 1, 2, 0, 1, 1, 1, 2, 1, 0]|[3, 0, 3, 1, 0, 1, 2, 1, 1, 0, 0, 1, 1, 3, 0, 1, 1, 0, 1, 3]|[0, 0, 2, 1, 1, 1, 0, 0, 1, 1, 1, 1, 1, 2, 0, 1, 1, 0, 1, 0];[12, 5, 4, 15, 11, 19, 1, 16, 3, 9, 0, 10, 2, 14, 6, 17, 13, 18, 7, 8]|[0, 2, 0, 2, 0, 1, 0, 2, 1, 2, 2, 1, 2, 0, 1, 1, 1, 2, 1, 0]|[3, 0, 3, 1, 0, 1, 2, 1, 1, 0, 0, 1, 1, 3, 0, 1, 1, 0, 1, 3]|[0, 0, 2, 1, 1, 1, 0, 0, 1, 1, 1, 1, 1, 2, 0, 1, 1, 0, 1, 0];[2, 12, 15, 19, 10, 14, 9, 1, 16, 3, 13, 4, 7, 6, 11, 0, 8, 18, 17, 5]|[0, 0, 0, 0, 2, 2, 0, 0, 1, 0, 2, 1, 0, 1, 2, 0, 0, 0, 2, 1]|[3, 3, 3, 3, 1, 1, 3, 3, 1, 3, 1, 1, 3, 1, 1, 3, 2, 3, 1, 1]|[1, 0, 2, 0, 1, 0, 2, 1, 1, 2, 1, 0, 0, 1, 1, 1, 0, 2, 0, 1];[19, 15, 14, 4, 13, 16, 5, 12, 7, 6, 0, 10, 9, 11, 1, 17, 2, 3, 8, 18]|[2, 1, 1, 0, 1, 2, 2, 1, 0, 0, 0, 2, 2, 0, 1, 1, 1, 2, 1, 0]|[1, 1, 0, 3, 1, 0, 0, 0, 0, 3, 1, 0, 0, 3, 0, 0, 1, 0, 1, 3]|[0, 1, 1, 2, 0, 1, 1, 1, 0, 0, 1, 1, 0, 0, 1, 1, 0, 1, 1, 0];[19, 15, 14, 4, 13, 16, 5, 12, 7, 6, 0, 10, 9, 11, 1, 17, 2, 3, 8, 18]|[2, 1, 1, 0, 1, 2, 2, 1, 0, 0, 0, 2, 2, 0, 1, 1, 1, 2, 1, 0]|[1, 1, 0, 3, 1, 0, 0, 0, 0, 3, 1, 0, 0, 3, 0, 0, 1, 0, 1, 3]|[0, 1, 1, 2, 0, 1, 1, 1, 0, 0, 1, 1, 0, 0, 1, 1, 0, 1, 1, 0];[2, 12, 15, 19, 10, 14, 9, 1, 16, 13, 6, 0, 7, 3, 11, 18, 17, 8, 4, 5]|[0, 0, 0, 0, 2, 2, 0, 0, 1, 0, 2, 1, 0, 1, 2, 0, 0, 0, 2, 1]|[3, 3, 3, 3, 1, 1, 3, 3, 1, 3, 1, 1, 3, 1, 1, 3, 2, 3, 1, 1]|[1, 0, 2, 0, 1, 0, 2, 1, 1, 2, 1, 0, 0, 1, 1, 1, 0, 2, 0, 1];[19, 15, 11, 2, 10, 14, 9, 1, 16, 13, 18, 4, 7, 12, 6, 0, 17, 8, 5, 3]|[0, 0, 0, 0, 2, 2, 0, 0, 1, 0, 2, 1, 0, 1, 2, 0, 0, 0, 2, 1]|[3, 3, 3, 0, 1, 1, 3, 3, 1, 3, 1, 1, 3, 1, 1, 3, 2, 3, 1, 1]|[0, 2, 0, 1, 1, 0, 2, 1, 1, 2, 1, 0, 0, 1, 1, 1, 0, 2, 0, 1];[19, 15, 11, 2, 10, 14, 9, 1, 16, 13, 18, 4, 7, 12, 6, 0, 17, 8, 5, 3]|[0, 0, 0, 0, 2, 2, 0, 0, 1, 0, 2, 1, 0, 1, 2, 0, 0, 0, 2, 1]|[3, 3, 3, 0, 1, 1, 3, 3, 1, 3, 1, 1, 3, 1, 1, 3, 2, 3, 1, 1]|[0, 2, 0, 1, 1, 0, 2, 1, 1, 2, 1, 0, 0, 1, 1, 1, 0, 2, 0, 1];[5, 2, 14, 10, 4, 13, 16, 19, 17, 0, 11, 9, 12, 3, 18, 15, 6, 1, 7, 8]|[0, 1, 0, 2, 1, 1, 2, 2, 1, 0, 1, 2, 2, 0, 0, 2, 1, 2, 1, 0]|[0, 0, 3, 1, 1, 1, 0, 1, 0, 3, 0, 0, 1, 0, 3, 0, 1, 0, 1, 3]|[0, 0, 2, 1, 1, 1, 0, 1, 1, 2, 0, 0, 0, 1, 0, 1, 1, 1, 1, 0];[5, 2, 14, 10, 4, 13, 16, 19, 17, 0, 11, 9, 12, 3, 18, 15, 6, 1, 7, 8]|[0, 1, 0, 2, 1, 1, 2, 2, 1, 0, 1, 2, 2, 0, 0, 2, 1, 2, 1, 0]|[0, 0, 3, 1, 1, 1, 0, 1, 0, 3, 0, 0, 1, 0, 3, 0, 1, 0, 1, 3]|[0, 0, 2, 1, 1, 1, 0, 1, 1, 2, 0, 0, 0, 1, 0, 1, 1, 1, 1, 0];[5, 2, 14, 10, 4, 13, 16, 19, 17, 0, 11, 9, 12, 3, 18, 15, 6, 1, 7, 8]|[0, 1, 0, 2, 1, 1, 2, 2, 1, 0, 1, 2, 2, 0, 0, 2, 1, 2, 1, 0]|[0, 0, 3, 1, 1, 1, 0, 1, 0, 3, 0, 0, 1, 0, 3, 0, 1, 0, 1, 3]|[0, 0, 2, 1, 1, 1, 0, 1, 1, 2, 0, 0, 0, 1, 0, 1, 1, 1, 1, 0];[5, 2, 14, 10, 4, 13, 16, 19, 17, 0, 11, 9, 12, 3, 18, 15, 6, 1, 7, 8]|[0, 1, 0, 2, 1, 1, 2, 2, 1, 0, 1, 2, 2, 0, 0, 2, 1, 2, 1, 0]|[0, 0, 3, 1, 1, 1, 0, 1, 0, 3, 0, 0, 1, 0, 3, 0, 1, 0, 1, 3]|[0, 0, 2, 1, 1, 1, 0, 1, 1, 2, 0, 0, 0, 1, 0, 1, 1, 1, 1, 0];[2, 19, 15, 12, 10, 14, 9, 18, 16, 13, 3, 4, 8, 6, 1, 11, 0, 7, 5, 17]|[0, 0, 0, 0, 2, 2, 2, 0, 1, 0, 2, 1, 0, 1, 0, 0, 0, 0, 2, 1]|[0, 3, 3, 3, 1, 1, 1, 3, 1, 3, 1, 1, 2, 1, 3, 3, 3, 3, 1, 1]|[1, 0, 2, 0, 1, 0, 0, 1, 1, 2, 1, 0, 0, 1, 1, 0, 2, 1, 0, 0];[2, 19, 15, 12, 10, 14, 9, 18, 16, 13, 3, 4, 8, 6, 1, 11, 0, 7, 5, 17]|[0, 0, 0, 0, 2, 2, 2, 0, 1, 0, 2, 1, 0, 1, 0, 0, 0, 0, 2, 1]|[0, 3, 3, 3, 1, 1, 1, 3, 1, 3, 1, 1, 2, 1, 3, 3, 3, 3, 1, 1]|[1, 0, 2, 0, 1, 0, 0, 1, 1, 2, 1, 0, 0, 1, 1, 0, 2, 1, 0, 0];[2, 19, 15, 12, 10, 14, 9, 18, 16, 13, 3, 4, 8, 6, 1, 11, 0, 7, 5, 17]|[0, 0, 0, 0, 2, 2, 2, 0, 1, 0, 2, 1, 0, 1, 0, 0, 0, 0, 2, 1]|[0, 3, 3, 3, 1, 1, 1, 3, 1, 3, 1, 1, 2, 1, 3, 3, 3, 3, 1, 1]|[1, 0, 2, 0, 1, 0, 0, 1, 1, 2, 1, 0, 0, 1, 1, 0, 2, 1, 0, 0];[2, 19, 15, 12, 10, 14, 9, 18, 16, 13, 3, 4, 8, 6, 1, 11, 0, 7, 5, 17]|[0, 0, 0, 0, 2, 2, 2, 0, 1, 0, 2, 1, 0, 1, 0, 0, 0, 0, 2, 1]|[0, 3, 3, 3, 1, 1, 1, 3, 1, 3, 1, 1, 2, 1, 3, 3, 3, 3, 1, 1]|[1, 0, 2, 0, 1, 0, 0, 1, 1, 2, 1, 0, 0, 1, 1, 0, 2, 1, 0, 0];[2, 13, 1, 10, 14, 9, 18, 16, 15, 3, 4, 0, 12, 11, 6, 7, 8, 17, 19, 5]|[0, 0, 0, 2, 2, 0, 0, 1, 0, 2, 1, 0, 0, 2, 1, 0, 0, 0, 2, 1]|[3, 3, 3, 1, 1, 3, 3, 1, 3, 1, 1, 3, 3, 1, 1, 3, 3, 3, 1, 1]|[0, 2, 0, 1, 0, 2, 0, 1, 2, 1, 0, 0, 1, 1, 1, 0, 2, 0, 0, 1];[2, 19, 13, 9, 14, 8, 6, 16, 7, 11, 10, 1, 12, 15, 17, 5, 18, 3, 4, 0]|[0, 1, 1, 2, 0, 1, 2, 2, 0, 0, 2, 0, 1, 0, 1, 2, 1, 1, 1, 0]|[3, 1, 1, 1, 3, 1, 0, 0, 0, 3, 0, 3, 1, 3, 1, 0, 1, 1, 1, 3]|[0, 1, 1, 1, 2, 1, 0, 1, 0, 0, 1, 2, 1, 1, 1, 1, 1, 1, 1, 0];[2, 19, 13, 9, 14, 8, 6, 16, 7, 11, 10, 1, 12, 15, 17, 5, 18, 3, 4, 0]|[0, 1, 1, 2, 0, 1, 2, 2, 0, 0, 2, 0, 1, 0, 1, 2, 1, 1, 1, 0]|[3, 1, 1, 1, 3, 1, 0, 0, 0, 3, 0, 3, 1, 3, 1, 0, 1, 1, 1, 3]|[0, 1, 1, 1, 2, 1, 0, 1, 0, 0, 1, 2, 1, 1, 1, 1, 1, 1, 1, 0];[2, 19, 13, 9, 14, 8, 6, 16, 7, 11, 10, 1, 12, 15, 17, 5, 18, 3, 4, 0]|[0, 1, 1, 2, 0, 1, 2, 2, 0, 0, 2, 0, 1, 0, 1, 2, 1, 1, 1, 0]|[3, 1, 1, 1, 3, 1, 0, 0, 0, 3, 0, 3, 1, 3, 1, 0, 1, 1, 1, 3]|[0, 1, 1, 1, 2, 1, 0, 1, 0, 0, 1, 2, 1, 1, 1, 1, 1, 1, 1, 0];[2, 19, 13, 9, 14, 8, 6, 16, 7, 11, 10, 1, 12, 15, 17, 5, 18, 3, 4, 0]|[0, 1, 1, 2, 0, 1, 2, 2, 0, 0, 2, 0, 1, 0, 1, 2, 1, 1, 1, 0]|[3, 1, 1, 1, 3, 1, 0, 0, 0, 3, 0, 3, 1, 3, 1, 0, 1, 1, 1, 3]|[0, 1, 1, 1, 2, 1, 0, 1, 0, 0, 1, 2, 1, 1, 1, 1, 1, 1, 1, 0];[5, 6, 19, 10, 2, 14, 12, 7, 15, 3, 18, 11, 8, 16, 17, 13, 4, 9, 0, 1]|[2, 1, 2, 0, 1, 1, 1, 0, 1, 0, 0, 0, 2, 2, 2, 1, 2, 1, 0, 0]|[0, 1, 1, 2, 1, 0, 0, 3, 0, 0, 3, 0, 1, 0, 0, 1, 1, 1, 3, 3]|[0, 1, 1, 2, 1, 0, 1, 0, 1, 1, 1, 0, 1, 0, 0, 0, 1, 1, 0, 2];[2, 1, 12, 8, 10, 3, 5, 6, 13, 7, 0, 18, 15, 9, 14, 16, 4, 17, 19, 11]|[2, 1, 1, 0, 0, 1, 2, 0, 1, 1, 0, 0, 1, 1, 0, 2, 1, 2, 2, 0]|[1, 1, 1, 3, 3, 1, 0, 3, 1, 1, 3, 3, 1, 1, 3, 0, 1, 0, 0, 3]|[1, 1, 1, 0, 0, 1, 1, 2, 1, 1, 0, 0, 1, 1, 2, 0, 1, 1, 1, 0];[2, 1, 12, 8, 10, 3, 5, 6, 13, 7, 0, 18, 15, 9, 14, 16, 4, 17, 19, 11]|[2, 1, 1, 0, 0, 1, 2, 0, 1, 1, 0, 0, 1, 1, 0, 2, 1, 2, 2, 0]|[1, 1, 1, 3, 3, 1, 0, 3, 1, 1, 3, 3, 1, 1, 3, 0, 1, 0, 0, 3]|[1, 1, 1, 0, 0, 1, 1, 2, 1, 1, 0, 0, 1, 1, 2, 0, 1, 1, 1, 0];[2, 1, 12, 8, 10, 3, 5, 6, 13, 7, 0, 18, 15, 9, 14, 16, 4, 17, 19, 11]|[2, 1, 1, 0, 0, 1, 2, 0, 1, 1, 0, 0, 1, 1, 0, 2, 1, 2, 2, 0]|[1, 1, 1, 3, 3, 1, 0, 3, 1, 1, 3, 3, 1, 1, 3, 0, 1, 0, 0, 3]|[1, 1, 1, 0, 0, 1, 1, 2, 1, 1, 0, 0, 1, 1, 2, 0, 1, 1, 1, 0];[2, 1, 12, 8, 10, 3, 5, 6, 13, 7, 0, 18, 15, 9, 14, 16, 4, 17, 19, 11]|[2, 1, 1, 0, 0, 1, 2, 0, 1, 1, 0, 0, 1, 1, 0, 2, 1, 2, 2, 0]|[1, 1, 1, 3, 3, 1, 0, 3, 1, 1, 3, 3, 1, 1, 3, 0, 1, 0, 0, 3]|[1, 1, 1, 0, 0, 1, 1, 2, 1, 1, 0, 0, 1, 1, 2, 0, 1, 1, 1, 0];[5, 1, 16, 4, 14, 13, 10, 11, 7, 8, 12, 3, 9, 17, 15, 6, 2, 19, 18, 0]|[0, 2, 2, 1, 0, 1, 0, 0, 2, 0, 1, 1, 2, 1, 1, 2, 2, 2, 1, 0]|[0, 0, 1, 1, 3, 1, 2, 3, 0, 3, 1, 1, 0, 1, 1, 0, 0, 1, 1, 1]|[2, 0, 1, 1, 1, 1, 0, 0, 1, 2, 1, 1, 1, 1, 1, 0, 0, 1, 1, 0];[2, 19, 8, 14, 6, 13, 5, 15, 4, 11, 7, 12, 17, 16, 3, 9, 1, 0, 10, 18]|[0, 1, 1, 0, 1, 2, 2, 0, 2, 0, 0, 2, 0, 2, 1, 1, 1, 1, 1, 0]|[3, 1, 1, 3, 1, 0, 0, 3, 0, 3, 3, 0, 3, 0, 1, 1, 1, 1, 1, 3]|[0, 1, 1, 0, 1, 1, 1, 2, 1, 0, 0, 1, 0, 0, 1, 1, 1, 1, 1, 0];[2, 19, 8, 14, 6, 13, 5, 15, 4, 11, 7, 12, 17, 16, 3, 9, 1, 0, 10, 18]|[0, 1, 1, 0, 1, 2, 2, 0, 2, 0, 0, 2, 0, 2, 1, 1, 1, 1, 1, 0]|[3, 1, 1, 3, 1, 0, 0, 3, 0, 3, 3, 0, 3, 0, 1, 1, 1, 1, 1, 3]|[0, 1, 1, 0, 1, 1, 1, 2, 1, 0, 0, 1, 0, 0, 1, 1, 1, 1, 1, 0];[2, 19, 8, 14, 6, 13, 5, 15, 4, 11, 7, 12, 17, 16, 3, 9, 1, 0, 10, 18]|[0, 1, 1, 0, 1, 2, 2, 0, 2, 0, 0, 2, 0, 2, 1, 1, 1, 1, 1, 0]|[3, 1, 1, 3, 1, 0, 0, 3, 0, 3, 3, 0, 3, 0, 1, 1, 1, 1, 1, 3]|[0, 1, 1, 0, 1, 1, 1, 2, 1, 0, 0, 1, 0, 0, 1, 1, 1, 1, 1, 0];[5, 14, 4, 13, 16, 19, 3, 2, 1, 17, 10, 6, 11, 18, 7, 15, 12, 9, 0, 8]|[0, 0, 1, 1, 2, 2, 1, 1, 0, 1, 2, 2, 0, 0, 2, 2, 1, 2, 1, 2]|[0, 3, 0, 1, 0, 1, 0, 1, 3, 0, 1, 0, 0, 3, 0, 0, 1, 0, 1, 1]|[0, 2, 1, 0, 1, 0, 1, 1, 0, 0, 0, 1, 0, 1, 1, 1, 1, 0, 1, 1];[5, 14, 4, 13, 16, 19, 3, 2, 1, 17, 10, 6, 11, 18, 7, 15, 12, 9, 0, 8]|[0, 0, 1, 1, 2, 2, 1, 1, 0, 1, 2, 2, 0, 0, 2, 2, 1, 2, 1, 2]|[0, 3, 0, 1, 0, 1, 0, 1, 3, 0, 1, 0, 0, 3, 0, 0, 1, 0, 1, 1]|[0, 2, 1, 0, 1, 0, 1, 1, 0, 0, 0, 1, 0, 1, 1, 1, 1, 0, 1, 1];[2, 19, 8, 14, 9, 6, 18, 12, 13, 1, 7, 0, 4, 10, 11, 16, 3, 15, 5, 17]|[0, 1, 1, 0, 2, 1, 0, 1, 2, 1, 0, 2, 0, 0, 2, 2, 1, 1, 1, 0]|[3, 1, 1, 3, 0, 1, 3, 1, 0, 1, 3, 0, 3, 3, 0, 0, 1, 1, 1, 3]|[0, 1, 1, 2, 1, 1, 0, 1, 0, 1, 2, 1, 0, 2, 0, 1, 1, 1, 1, 0]	sBp=[19, 17, 11, 5, 9, 6, 4, 10, 14, 2, 16, 12, 15, 3, 0, 1, 13, 8, 18, 7]|[2, 1, 1, 2, 2, 1, 2, 0, 1, 1, 2, 2, 0, 0, 0, 2, 1, 0, 1, 0]|[1, 0, 1, 1, 0, 1, 1, 2, 1, 0, 0, 0, 3, 0, 0, 0, 1, 3, 1, 1]|[1, 0, 1, 1, 0, 1, 1, 1, 1, 0, 0, 0, 0, 0, 2, 1, 1, 0, 1, 1];[2, 19, 8, 14, 9, 6, 18, 12, 13, 1, 7, 0, 4, 10, 11, 16, 3, 15, 5, 17]|[0, 1, 1, 0, 2, 1, 0, 1, 2, 1, 0, 2, 0, 0, 2, 2, 1, 1, 1, 0]|[3, 1, 1, 3, 0, 1, 3, 1, 0, 1, 3, 0, 3, 3, 0, 0, 1, 1, 1, 3]|[0, 1, 1, 2, 1, 1, 0, 1, 0, 1, 2, 1, 0, 2, 0, 1, 1, 1, 1, 0];[2, 19, 15, 12, 10, 14, 9, 18, 16, 13, 3, 4, 8, 6, 1, 11, 0, 7, 5, 17]|[0, 0, 0, 0, 2, 2, 2, 0, 1, 0, 2, 1, 0, 1, 0, 0, 0, 0, 2, 1]|[0, 3, 3, 3, 1, 1, 1, 3, 1, 3, 1, 1, 2, 1, 3, 3, 3, 3, 1, 1]|[1, 0, 2, 0, 1, 0, 0, 1, 1, 2, 1, 0, 0, 1, 1, 0, 2, 1, 0, 0];[1, 19, 8, 14, 5, 13, 6, 16, 3, 0, 12, 4, 2, 15, 17, 10, 9, 11, 7, 18]|[0, 1, 1, 0, 2, 1, 2, 2, 1, 0, 0, 2, 0, 1, 0, 1, 1, 2, 1, 0]|[3, 1, 1, 3, 0, 1, 0, 0, 0, 0, 3, 0, 3, 0, 3, 1, 1, 0, 1, 3]|[0, 1, 1, 2, 1, 0, 0, 1, 1, 1, 0, 1, 2, 1, 1, 1, 1, 1, 1, 0];[1, 19, 13, 14, 2, 4, 16, 5, 3, 10, 12, 6, 11, 18, 7, 9, 15, 0, 17, 8]|[0, 1, 1, 0, 2, 1, 2, 2, 1, 0, 0, 2, 0, 1, 0, 1, 1, 2, 1, 0]|[3, 1, 1, 3, 0, 1, 0, 0, 0, 0, 3, 0, 3, 0, 3, 1, 1, 0, 1, 3]|[0, 1, 1, 2, 1, 0, 0, 1, 1, 0, 0, 1, 2, 1, 1, 1, 1, 1, 1, 0];[1, 19, 13, 14, 2, 4, 16, 5, 3, 10, 12, 6, 11, 18, 7, 9, 15, 0, 17, 8]|[0, 1, 1, 0, 2, 1, 2, 2, 1, 0, 0, 2, 0, 1, 0, 1, 1, 2, 1, 0]|[3, 1, 1, 3, 0, 1, 0, 0, 0, 0, 3, 0, 3, 0, 3, 1, 1, 0, 1, 3]|[0, 1, 1, 2, 1, 0, 0, 1, 1, 0, 0, 1, 2, 1, 1, 1, 1, 1, 1, 0];[2, 19, 6, 15, 3, 4, 16, 5, 1, 11, 10, 0, 18, 12, 7, 13, 17, 8, 9, 14]|[0, 1, 1, 0, 2, 1, 2, 2, 1, 0, 0, 2, 0, 1, 0, 1, 1, 2, 1, 0]|[3, 1, 0, 3, 0, 1, 0, 0, 0, 0, 3, 0, 3, 1, 3, 1, 1, 0, 1, 3]|[0, 1, 1, 2, 1, 0, 0, 1, 1, 1, 0, 1, 2, 1, 1, 1, 1, 1, 1, 0];[1, 19, 14, 2, 17, 18, 5, 15, 12, 6, 16, 10, 11, 4, 0, 7, 13, 8, 3, 9]|[0, 1, 0, 2, 2, 1, 0, 1, 1, 2, 2, 0, 0, 2, 0, 1, 1, 1, 1, 0]|[3, 1, 3, 0, 0, 1, 3, 1, 1, 0, 0, 0, 3, 0, 3, 1, 1, 1, 1, 3]|[0, 1, 2, 1, 0, 1, 0, 1, 1, 0, 1, 1, 0, 1, 2, 1, 1, 1, 1, 0];[1, 19, 14, 2, 17, 18, 5, 15, 12, 6, 16, 10, 11, 4, 0, 7, 13, 8, 3, 9]|[0, 1, 0, 2, 2, 1, 0, 1, 1, 2, 2, 0, 0, 2, 0, 1, 1, 1, 1, 0]|[3, 1, 3, 0, 0, 1, 3, 1, 1, 0, 0, 0, 3, 0, 3, 1, 1, 1, 1, 3]|[0, 1, 2, 1, 0, 1, 0, 1, 1, 0, 1, 1, 0, 1, 2, 1, 1, 1, 1, 0];[1, 19, 14, 2, 17, 18, 5, 15, 12, 6, 16, 10, 11, 4, 0, 7, 13, 8, 3, 9]|[0, 1, 0, 2, 2, 1, 0, 1, 1, 2, 2, 0, 0, 2, 0, 1, 1, 1, 1, 0]|[3, 1, 3, 0, 0, 1, 3, 1, 1, 0, 0, 0, 3, 0, 3, 1, 1, 1, 1, 3]|[0, 1, 2, 1, 0, 1, 0, 1, 1, 0, 1, 1, 0, 1, 2, 1, 1, 1, 1, 0];[1, 19, 14, 2, 17, 18, 5, 15, 12, 6, 16, 10, 11, 4, 0, 7, 13, 8, 3, 9]|[0, 1, 0, 2, 2, 1, 0, 1, 1, 2, 2, 0, 0, 2, 0, 1, 1, 1, 1, 0]|[3, 1, 3, 0, 0, 1, 3, 1, 1, 0, 0, 0, 3, 0, 3, 1, 1, 1, 1, 3]|[0, 1, 2, 1, 0, 1, 0, 1, 1, 0, 1, 1, 0, 1, 2, 1, 1, 1, 1, 0];[5, 2, 13, 14, 19, 4, 16, 6, 3, 18, 15, 9, 8, 7, 1, 12, 11, 10, 17, 0]|[0, 1, 1, 0, 2, 1, 2, 2, 1, 0, 0, 2, 0, 1, 0, 1, 1, 2, 1, 0]|[3, 1, 0, 3, 0, 1, 0, 0, 0, 0, 3, 0, 3, 0, 2, 1, 1, 0, 1, 3]|[0, 1, 1, 2, 0, 0, 1, 1, 1, 0, 0, 1, 2, 1, 1, 1, 1, 1, 1, 0];[1, 14, 2, 16, 5, 19, 11, 6, 8, 17, 7, 4, 10, 12, 0, 9, 18, 3, 13, 15]|[0, 0, 2, 2, 2, 0, 0, 2, 0, 2, 0, 1, 1, 1, 1, 1, 1, 1, 1, 0]|[3, 3, 1, 0, 0, 2, 3, 0, 3, 0, 3, 1, 1, 1, 1, 1, 1, 1, 1, 3]|[0, 2, 1, 0, 1, 1, 0, 0, 2, 1, 1, 1, 1, 1, 1, 1, 1, 1, 1, 0];[1, 2, 13, 14, 19, 4, 16, 5, 3, 10, 11, 17, 8, 15, 9, 0, 6, 12, 7, 18]|[0, 1, 1, 0, 2, 1, 2, 2, 1, 0, 0, 2, 0, 1, 0, 1, 1, 2, 1, 0]|[3, 1, 0, 3, 1, 1, 0, 0, 0, 0, 3, 0, 3, 1, 0, 1, 1, 0, 1, 3]|[0, 1, 1, 2, 1, 0, 0, 1, 1, 1, 0, 1, 2, 1, 1, 1, 1, 1, 1, 0];[1, 2, 13, 14, 19, 4, 16, 5, 3, 10, 11, 17, 8, 12, 7, 6, 15, 0, 9, 18]|[0, 1, 1, 0, 2, 1, 2, 2, 1, 0, 0, 2, 0, 1, 0, 1, 1, 2, 1, 0]|[3, 1, 0, 3, 1, 1, 0, 0, 0, 0, 3, 0, 3, 1, 0, 1, 1, 0, 1, 3]|[0, 1, 1, 2, 1, 0, 1, 1, 1, 1, 0, 1, 2, 1, 1, 1, 1, 1, 1, 0];[1, 19, 13, 14, 2, 4, 16, 5, 3, 12, 10, 6, 11, 18, 7, 9, 15, 0, 17, 8]|[0, 1, 1, 0, 2, 2, 2, 2, 1, 0, 0, 1, 0, 1, 0, 2, 1, 2, 1, 0]|[1, 1, 1, 3, 0, 0, 0, 0, 0, 3, 0, 1, 3, 0, 3, 1, 1, 0, 1, 3]|[0, 1, 1, 2, 1, 1, 0, 1, 1, 0, 0, 0, 2, 1, 1, 0, 1, 1, 1, 0];[1, 19, 13, 14, 2, 4, 16, 5, 3, 12, 10, 6, 11, 18, 7, 9, 15, 0, 17, 8]|[0, 1, 1, 0, 2, 2, 2, 2, 1, 0, 0, 1, 0, 1, 0, 2, 1, 2, 1, 0]|[1, 1, 1, 3, 0, 0, 0, 0, 0, 3, 0, 1, 3, 0, 3, 1, 1, 0, 1, 3]|[0, 1, 1, 2, 1, 1, 0, 1, 1, 0, 0, 0, 2, 1, 1, 0, 1, 1, 1, 0];[1, 14, 10, 19, 8, 17, 15, 4, 7, 9, 5, 16, 18, 12, 3, 13, 11, 6, 2, 0]|[0, 0, 2, 1, 1, 1, 1, 2, 1, 0, 0, 2, 0, 1, 0, 1, 2, 2, 1, 0]|[3, 3, 1, 1, 1, 1, 1, 0, 1, 0, 3, 0, 3, 1, 3, 1, 0, 0, 1, 3]|[2, 2, 1, 1, 1, 1, 1, 1, 1, 1, 0, 1, 1, 1, 2, 1, 0, 1, 1, 0];[1, 14, 10, 19, 8, 17, 15, 4, 7, 9, 5, 16, 18, 12, 3, 13, 11, 6, 2, 0]|[0, 0, 2, 1, 1, 1, 1, 2, 1, 0, 0, 2, 0, 1, 0, 1, 2, 2, 1, 0]|[3, 3, 1, 1, 1, 1, 1, 0, 1, 0, 3, 0, 3, 1, 3, 1, 0, 0, 1, 3]|[2, 2, 1, 1, 1, 1, 1, 1, 1, 1, 0, 1, 1, 1, 2, 1, 0, 1, 1, 0];[1, 2, 15, 11, 10, 14, 9, 12, 16, 13, 3, 4, 7, 6, 19, 18, 0, 8, 17, 5]|[0, 0, 0, 0, 2, 2, 0, 0, 1, 0, 2, 1, 0, 1, 2, 0, 0, 0, 2, 1]|[0, 3, 3, 3, 1, 1, 3, 3, 1, 3, 1, 1, 3, 1, 1, 3, 2, 3, 1, 1]|[1, 0, 2, 0, 1, 0, 2, 2, 1, 2, 1, 0, 0, 1, 1, 1, 0, 2, 0, 1];[2, 19, 13, 15, 6, 3, 16, 5, 10, 0, 11, 14, 8, 17, 7, 12, 4, 9, 18, 1]|[0, 1, 1, 0, 2, 1, 2, 2, 1, 0, 0, 2, 0, 1, 0, 1, 1, 2, 1, 0]|[3, 1, 1, 3, 1, 1, 0, 1, 0, 0, 3, 0, 3, 0, 0, 1, 1, 0, 1, 3]|[2, 1, 1, 2, 1, 0, 0, 1, 1, 0, 0, 1, 2, 1, 1, 1, 1, 0, 1, 0];[1, 19, 13, 14, 2, 8, 6, 16, 3, 10, 11, 4, 0, 7, 5, 15, 12, 17, 18, 9]|[0, 1, 1, 0, 2, 1, 2, 2, 1, 0, 0, 2, 0, 1, 0, 1, 1, 2, 1, 0]|[3, 1, 1, 3, 0, 1, 0, 0, 0, 0, 3, 0, 3, 0, 3, 1, 1, 0, 1, 3]|[0, 1, 1, 2, 1, 0, 0, 1, 1, 1, 0, 1, 2, 1, 0, 1, 1, 0, 1, 0];[1, 19, 13, 14, 2, 8, 6, 16, 3, 10, 11, 4, 0, 7, 5, 15, 12, 17, 18, 9]|[0, 1, 1, 0, 2, 1, 2, 2, 1, 0, 0, 2, 0, 1, 0, 1, 1, 2, 1, 0]|[3, 1, 1, 3, 0, 1, 0, 0, 0, 0, 3, 0, 3, 0, 3, 1, 1, 0, 1, 3]|[0, 1, 1, 2, 1, 0, 0, 1, 1, 1, 0, 1, 2, 1, 0, 1, 1, 0, 1, 0];[19, 6, 5, 4, 16, 14, 12, 17, 2, 10, 18, 15, 7, 0, 11, 9, 13, 8, 3, 1]|[2, 1, 2, 1, 2, 2, 1, 2, 0, 1, 0, 0, 0, 0, 0, 1, 1, 1, 0, 0]|[0, 1, 0, 1, 0, 0, 0, 0, 3, 1, 3, 3, 3, 3, 3, 1, 1, 1, 3, 3]|[1, 1, 1, 0, 0, 1, 1, 1, 0, 1, 2, 0, 1, 0, 2, 1, 1, 1, 0, 0];[2, 12, 15, 19, 10, 14, 9, 1, 16, 13, 3, 4, 7, 6, 11, 18, 0, 8, 17, 5]|[0, 0, 0, 0, 2, 2, 0, 0, 1, 0, 2, 1, 0, 1, 2, 0, 0, 0, 2, 1]|[0, 3, 3, 3, 1, 1, 3, 3, 1, 3, 1, 1, 3, 1, 1, 3, 2, 3, 1, 1]|[1, 0, 2, 0, 1, 0, 2, 1, 1, 2, 1, 0, 0, 1, 1, 1, 0, 2, 0, 1];[5, 2, 14, 10, 4, 13, 16, 19, 3, 18, 11, 6, 0, 12, 9, 7, 17, 15, 1, 8]|[0, 1, 1, 0, 2, 1, 2, 2, 1, 0, 0, 2, 0, 1, 0, 1, 1, 2, 1, 0]|[3, 1, 1, 3, 0, 1, 0, 0, 0, 0, 3, 0, 3, 1, 3, 1, 1, 0, 1, 3]|[0, 1, 1, 0, 1, 0, 0, 1, 1, 1, 2, 1, 0, 1, 0, 0, 1, 1, 1, 0];[12, 10, 15, 19, 14, 7, 8, 5, 1, 4, 3, 2, 16, 13, 17, 9, 18, 0, 11, 6]|[0, 0, 0, 2, 2, 0, 1, 2, 0, 1, 2, 0, 1, 0, 0, 0, 0, 0, 2, 1]|[2, 3, 3, 0, 1, 3, 1, 1, 3, 1, 1, 3, 1, 3, 3, 3, 3, 3, 1, 1]|[1, 2, 0, 1, 0, 2, 1, 1, 1, 0, 1, 0, 1, 2, 1, 2, 0, 2, 0, 0];[11, 10, 4, 2, 3, 17, 15, 12, 7, 1, 9, 18, 8, 16, 5, 6, 0, 19, 13, 14]|[0, 0, 1, 0, 1, 2, 1, 1, 1, 1, 1, 0, 0, 2, 2, 1, 2, 2, 2, 0]|[0, 3, 1, 3, 1, 0, 1, 1, 1, 1, 1, 3, 3, 0, 1, 1, 0, 0, 0, 3]|[1, 0, 1, 0, 1, 0, 1, 1, 1, 1, 1, 2, 0, 0, 1, 1, 0, 1, 1, 0];[2, 19, 13, 15, 6, 3, 16, 10, 0, 11, 14, 8, 17, 7, 12, 4, 9, 5, 18, 1]|[0, 2, 1, 0, 2, 1, 2, 1, 0, 0, 2, 0, 1, 0, 1, 1, 2, 2, 1, 0]|[3, 1, 1, 3, 1, 1, 0, 0, 0, 3, 0, 3, 0, 0, 1, 1, 0, 1, 1, 3]|[2, 1, 1, 2, 1, 0, 0, 1, 0, 0, 1, 2, 1, 1, 1, 1, 0, 1, 1, 0];[2, 19, 13, 15, 6, 3, 16, 10, 0, 11, 14, 8, 17, 7, 12, 4, 9, 5, 18, 1]|[0, 2, 1, 0, 2, 1, 2, 1, 0, 0, 2, 0, 1, 0, 1, 1, 2, 2, 1, 0]|[3, 1, 1, 3, 1, 1, 0, 0, 0, 3, 0, 3, 0, 0, 1, 1, 0, 1, 1, 3]|[2, 1, 1, 2, 1, 0, 0, 1, 0, 0, 1, 2, 1, 1, 1, 1, 0, 1, 1, 0];[1, 19, 10, 5, 8, 4, 2, 3, 15, 12, 9, 7, 13, 18, 11, 16, 0, 17, 6, 14]|[0, 1, 0, 2, 1, 2, 2, 1, 2, 1, 0, 1, 1, 0, 0, 2, 0, 1, 1, 0]|[3, 1, 3, 0, 1, 0, 0, 1, 0, 1, 3, 1, 1, 0, 3, 0, 3, 1, 1, 3]|[0, 1, 0, 1, 1, 0, 1, 1, 1, 1, 1, 1, 1, 0, 0, 1, 2, 1, 1, 0];[1, 19, 10, 5, 8, 4, 2, 3, 15, 12, 9, 7, 13, 18, 11, 16, 0, 17, 6, 14]|[0, 1, 0, 2, 1, 2, 2, 1, 2, 1, 0, 1, 1, 0, 0, 2, 0, 1, 1, 0]|[3, 1, 3, 0, 1, 0, 0, 1, 0, 1, 3, 1, 1, 0, 3, 0, 3, 1, 1, 3]|[0, 1, 0, 1, 1, 0, 1, 1, 1, 1, 1, 1, 1, 0, 0, 1, 2, 1, 1, 0];[2, 1, 13, 14, 19, 4, 16, 5, 3, 10, 11, 17, 6, 7, 18, 9, 15, 0, 12, 8]|[0, 1, 1, 0, 2, 1, 2, 2, 1, 0, 0, 2, 0, 1, 0, 1, 1, 2, 1, 0]|[3, 1, 1, 3, 0, 1, 0, 0, 0, 0, 3, 0, 3, 0, 3, 1, 1, 0, 1, 3]|[0, 1, 1, 2, 1, 0, 0, 1, 1, 0, 0, 1, 2, 1, 0, 1, 1, 1, 1, 0];[1, 2, 13, 17, 10, 14, 9, 12, 16, 15, 3, 4, 7, 6, 11, 18, 0, 8, 19, 5]|[0, 0, 0, 0, 2, 2, 0, 0, 1, 0, 2, 1, 0, 1, 2, 0, 0, 0, 2, 1]|[3, 3, 3, 3, 1, 1, 3, 3, 1, 3, 1, 1, 3, 1, 1, 3, 2, 3, 1, 1]|[1, 0, 2, 0, 1, 0, 2, 1, 1, 2, 1, 0, 0, 1, 1, 1, 0, 2, 0, 1];[19, 9, 12, 2, 10, 14, 15, 1, 16, 7, 3, 4, 18, 8, 0, 11, 17, 13, 5, 6]|[0, 0, 0, 0, 2, 2, 0, 0, 1, 0, 2, 1, 0, 0, 0, 2, 1, 0, 2, 1]|[3, 3, 3, 3, 0, 1, 3, 0, 1, 3, 1, 1, 3, 2, 3, 1, 1, 3, 1, 1]|[0, 2, 1, 0, 1, 0, 2, 1, 1, 0, 1, 0, 2, 0, 1, 1, 1, 2, 0, 1];[5, 2, 14, 15, 4, 13, 16, 19, 3, 11, 10, 1, 8, 17, 6, 7, 12, 18, 9, 0]|[0, 1, 1, 0, 2, 1, 2, 2, 1, 0, 0, 2, 0, 1, 1, 0, 1, 2, 1, 0]|[0, 1, 0, 3, 0, 1, 0, 0, 0, 3, 3, 0, 3, 1, 1, 1, 1, 0, 1, 3]|[2, 1, 1, 0, 0, 0, 0, 1, 1, 0, 0, 1, 2, 1, 1, 0, 1, 0, 1, 0];[2, 12, 15, 19, 10, 14, 9, 1, 16, 13, 3, 4, 7, 6, 11, 0, 8, 18, 17, 5]|[0, 0, 0, 0, 2, 2, 0, 0, 1, 0, 2, 1, 0, 1, 2, 0, 0, 0, 2, 1]|[0, 3, 3, 3, 1, 1, 3, 3, 1, 3, 1, 1, 3, 1, 1, 3, 2, 3, 1, 1]|[1, 0, 2, 0, 1, 0, 2, 1, 1, 2, 1, 0, 0, 1, 1, 1, 0, 2, 0, 0];[2, 12, 15, 19, 10, 14, 9, 1, 16, 13, 3, 4, 7, 6, 11, 0, 8, 18, 17, 5]|[0, 0, 0, 0, 2, 2, 0, 0, 1, 0, 2, 1, 0, 1, 2, 0, 0, 0, 2, 1]|[0, 3, 3, 3, 1, 1, 3, 3, 1, 3, 1, 1, 3, 1, 1, 3, 2, 3, 1, 1]|[1, 0, 2, 0, 1, 0, 2, 1, 1, 2, 1, 0, 0, 1, 1, 1, 0, 2, 0, 0];[19, 2, 12, 13, 10, 14, 9, 18, 16, 15, 6, 4, 7, 3, 11, 1, 0, 8, 17, 5]|[0, 0, 0, 0, 2, 2, 0, 0, 1, 0, 2, 1, 0, 1, 2, 0, 0, 0, 2, 1]|[3, 0, 3, 3, 1, 1, 3, 3, 1, 3, 1, 1, 3, 1, 1, 3, 2, 3, 1, 1]|[0, 1, 2, 0, 1, 0, 2, 1, 1, 2, 1, 0, 0, 1, 1, 1, 0, 2, 0, 0];[19, 2, 12, 13, 10, 14, 9, 18, 16, 15, 6, 4, 7, 3, 11, 1, 0, 8, 17, 5]|[0, 0, 0, 0, 2, 2, 0, 0, 1, 0, 2, 1, 0, 1, 2, 0, 0, 0, 2, 1]|[3, 0, 3, 3, 1, 1, 3, 3, 1, 3, 1, 1, 3, 1, 1, 3, 2, 3, 1, 1]|[0, 1, 2, 0, 1, 0, 2, 1, 1, 2, 1, 0, 0, 1, 1, 1, 0, 2, 0, 0];[2, 19, 8, 12, 10, 14, 1, 16, 15, 3, 4, 7, 6, 11, 0, 13, 18, 9, 17, 5]|[0, 0, 0, 0, 2, 2, 0, 1, 0, 2, 1, 0, 1, 2, 0, 0, 0, 0, 2, 1]|[0, 3, 3, 3, 1, 1, 3, 1, 3, 1, 1, 3, 1, 1, 3, 2, 3, 3, 0, 1]|[1, 0, 2, 0, 1, 0, 1, 1, 2, 1, 0, 0, 1, 1, 1, 0, 2, 0, 0, 0];[2, 19, 8, 12, 10, 14, 1, 16, 15, 3, 4, 7, 6, 11, 0, 13, 18, 9, 17, 5]|[0, 0, 0, 0, 2, 2, 0, 1, 0, 2, 1, 0, 1, 2, 0, 0, 0, 0, 2, 1]|[0, 3, 3, 3, 1, 1, 3, 1, 3, 1, 1, 3, 1, 1, 3, 2, 3, 3, 0, 1]|[1, 0, 2, 0, 1, 0, 1, 1, 2, 1, 0, 0, 1, 1, 1, 0, 2, 0, 0, 0];[2, 19, 8, 12, 10, 14, 1, 16, 15, 3, 4, 7, 6, 11, 0, 13, 18, 9, 17, 5]|[0, 0, 0, 0, 2, 2, 0, 1, 0, 2, 1, 0, 1, 2, 0, 0, 0, 0, 2, 1]|[0, 3, 3, 3, 1, 1, 3, 1, 3, 1, 1, 3, 1, 1, 3, 2, 3, 3, 0, 1]|[1, 0, 2, 0, 1, 0, 1, 1, 2, 1, 0, 0, 1, 1, 1, 0, 2, 0, 0, 0];[2, 19, 8, 12, 10, 14, 1, 16, 15, 3, 4, 7, 6, 11, 0, 13, 18, 9, 17, 5]|[0, 0, 0, 0, 2, 2, 0, 1, 0, 2, 1, 0, 1, 2, 0, 0, 0, 0, 2, 1]|[0, 3, 3, 3, 1, 1, 3, 1, 3, 1, 1, 3, 1, 1, 3, 2, 3, 3, 0, 1]|[1, 0, 2, 0, 1, 0, 1, 1, 2, 1, 0, 0, 1, 1, 1, 0, 2, 0, 0, 0];[5, 2, 14, 10, 4, 13, 16, 19, 6, 1, 9, 15, 12, 7, 18, 11, 17, 3, 8, 0]|[0, 1, 1, 0, 2, 1, 2, 2, 1, 0, 1, 1, 2, 0, 0, 2, 1, 2, 1, 0]|[3, 1, 1, 3, 1, 1, 0, 0, 0, 0, 1, 1, 0, 2, 3, 0, 0, 0, 1, 3]|[0, 1, 1, 2, 1, 0, 0, 1, 1, 1, 1, 1, 1, 0, 2, 1, 0, 1, 1, 0];[2, 13, 11, 10, 14, 15, 16, 12, 18, 3, 4, 9, 19, 6, 7, 0, 8, 1, 17, 5]|[0, 0, 0, 0, 2, 0, 1, 2, 0, 2, 1, 0, 2, 1, 0, 0, 0, 0, 2, 1]|[3, 3, 3, 1, 1, 3, 1, 0, 3, 1, 1, 3, 1, 1, 3, 2, 3, 0, 1, 1]|[0, 2, 0, 1, 0, 2, 1, 0, 1, 1, 0, 2, 1, 1, 0, 0, 2, 1, 0, 1];[2, 12, 10, 15, 19, 18, 9, 1, 16, 13, 3, 5, 11, 6, 0, 7, 17, 14, 4, 8]|[0, 0, 0, 0, 2, 2, 0, 0, 1, 0, 2, 1, 0, 1, 2, 0, 0, 0, 2, 1]|[3, 0, 3, 3, 1, 1, 3, 3, 1, 3, 1, 1, 3, 1, 1, 3, 3, 3, 1, 1]|[0, 1, 2, 0, 1, 0, 2, 1, 1, 2, 1, 0, 0, 1, 1, 1, 0, 2, 0, 0];[1, 19, 13, 14, 2, 4, 16, 5, 3, 10, 12, 9, 6, 17, 8, 15, 18, 11, 7, 0]|[0, 1, 1, 0, 2, 1, 2, 2, 1, 0, 0, 2, 0, 1, 0, 1, 1, 2, 1, 0]|[3, 1, 0, 3, 0, 1, 1, 0, 0, 0, 3, 0, 2, 0, 3, 1, 1, 0, 1, 3]|[0, 1, 1, 2, 1, 0, 0, 1, 1, 0, 0, 0, 2, 1, 1, 0, 1, 1, 1, 0];[19, 14, 2, 4, 16, 5, 3, 12, 10, 6, 0, 18, 9, 8, 15, 11, 7, 17, 13, 1]|[1, 0, 2, 1, 2, 2, 1, 1, 1, 0, 0, 0, 1, 1, 2, 2, 0, 0, 0, 0]|[0, 3, 0, 1, 0, 0, 1, 1, 1, 3, 3, 3, 1, 1, 1, 1, 3, 3, 3, 3]|[1, 0, 1, 0, 0, 1, 1, 1, 1, 0, 2, 0, 1, 1, 1, 0, 0, 0, 2, 0];[5, 2, 14, 10, 4, 13, 19, 17, 15, 11, 3, 9, 18, 7, 0, 6, 12, 16, 1, 8]|[0, 1, 1, 0, 2, 1, 2, 1, 0, 0, 2, 0, 1, 0, 1, 1, 2, 2, 1, 0]|[0, 0, 0, 3, 1, 1, 0, 0, 3, 3, 0, 3, 0, 3, 1, 1, 0, 0, 1, 3]|[0, 1, 1, 2, 0, 0, 1, 1, 1, 0, 1, 0, 1, 0, 0, 1, 1, 0, 1, 2];[11, 19, 14, 2, 4, 16, 5, 3, 9, 10, 18, 7, 1, 15, 0, 12, 17, 6, 13, 8]|[0, 1, 0, 2, 1, 2, 2, 1, 1, 0, 0, 2, 0, 2, 0, 1, 1, 2, 1, 0]|[0, 0, 1, 1, 1, 0, 1, 0, 1, 3, 3, 0, 3, 0, 3, 1, 1, 0, 0, 3]|[2, 1, 1, 1, 0, 0, 1, 1, 1, 0, 0, 1, 0, 0, 2, 1, 1, 1, 1, 0];[11, 19, 14, 2, 4, 16, 5, 3, 9, 10, 18, 7, 1, 15, 0, 12, 17, 6, 13, 8]|[0, 1, 0, 2, 1, 2, 2, 1, 1, 0, 0, 2, 0, 2, 0, 1, 1, 2, 1, 0]|[0, 0, 1, 1, 1, 0, 1, 0, 1, 3, 3, 0, 3, 0, 3, 1, 1, 0, 0, 3]|[2, 1, 1, 1, 0, 0, 1, 1, 1, 0, 0, 1, 0, 0, 2, 1, 1, 1, 1, 0];[11, 19, 14, 2, 4, 16, 5, 3, 9, 10, 18, 7, 1, 15, 0, 12, 17, 6, 13, 8]|[0, 1, 0, 2, 1, 2, 2, 1, 1, 0, 0, 2, 0, 2, 0, 1, 1, 2, 1, 0]|[0, 0, 1, 1, 1, 0, 1, 0, 1, 3, 3, 0, 3, 0, 3, 1, 1, 0, 0, 3]|[2, 1, 1, 1, 0, 0, 1, 1, 1, 0, 0, 1, 0, 0, 2, 1, 1, 1, 1, 0];[11, 19, 14, 2, 4, 16, 5, 3, 9, 10, 18, 7, 1, 15, 0, 12, 17, 6, 13, 8]|[0, 1, 0, 2, 1, 2, 2, 1, 1, 0, 0, 2, 0, 2, 0, 1, 1, 2, 1, 0]|[0, 0, 1, 1, 1, 0, 1, 0, 1, 3, 3, 0, 3, 0, 3, 1, 1, 0, 0, 3]|[2, 1, 1, 1, 0, 0, 1, 1, 1, 0, 0, 1, 0, 0, 2, 1, 1, 1, 1, 0];[5, 2, 14, 10, 4, 13, 16, 19, 17, 9, 6, 0, 3, 11, 1, 15, 7, 8, 12, 18]|[0, 1, 1, 0, 2, 1, 2, 2, 1, 0, 2, 0, 1, 0, 0, 2, 1, 2, 1, 0]|[2, 1, 1, 3, 1, 1, 0, 0, 0, 3, 1, 0, 1, 3, 3, 0, 1, 0, 1, 3]|[2, 1, 1, 0, 1, 0, 0, 1, 1, 1, 1, 1, 1, 0, 2, 0, 1, 1, 1, 0];[2, 12, 15, 9, 10, 14, 19, 0, 16, 13, 3, 4, 7, 6, 11, 1, 18, 8, 17, 5]|[0, 0, 0, 0, 2, 2, 0, 0, 1, 0, 2, 1, 0, 1, 2, 0, 0, 0, 2, 1]|[0, 1, 3, 3, 1, 1, 3, 3, 1, 3, 1, 1, 3, 1, 1, 3, 2, 3, 1, 1]|[1, 0, 2, 2, 1, 0, 0, 1, 1, 2, 1, 0, 0, 1, 1, 1, 0, 2, 0, 0];[2, 12, 15, 9, 10, 14, 19, 0, 16, 13, 3, 4, 7, 6, 11, 1, 18, 8, 17, 5]|[0, 0, 0, 0, 2, 2, 0, 0, 1, 0, 2, 1, 0, 1, 2, 0, 0, 0, 2, 1]|[0, 1, 3, 3, 1, 1, 3, 3, 1, 3, 1, 1, 3, 1, 1, 3, 2, 3, 1, 1]|[1, 0, 2, 2, 1, 0, 0, 1, 1, 2, 1, 0, 0, 1, 1, 1, 0, 2, 0, 0];[2, 12, 15, 9, 10, 14, 19, 0, 16, 13, 3, 4, 7, 6, 11, 1, 18, 8, 17, 5]|[0, 0, 0, 0, 2, 2, 0, 0, 1, 0, 2, 1, 0, 1, 2, 0, 0, 0, 2, 1]|[0, 1, 3, 3, 1, 1, 3, 3, 1, 3, 1, 1, 3, 1, 1, 3, 2, 3, 1, 1]|[1, 0, 2, 2, 1, 0, 0, 1, 1, 2, 1, 0, 0, 1, 1, 1, 0, 2, 0, 0];[2, 12, 15, 9, 10, 14, 19, 0, 16, 13, 3, 4, 7, 6, 11, 1, 18, 8, 17, 5]|[0, 0, 0, 0, 2, 2, 0, 0, 1, 0, 2, 1, 0, 1, 2, 0, 0, 0, 2, 1]|[0, 1, 3, 3, 1, 1, 3, 3, 1, 3, 1, 1, 3, 1, 1, 3, 2, 3, 1, 1]|[1, 0, 2, 2, 1, 0, 0, 1, 1, 2, 1, 0, 0, 1, 1, 1, 0, 2, 0, 0];[19, 14, 5, 4, 16, 2, 3, 9, 17, 6, 15, 11, 7, 8, 12, 10, 13, 18, 0, 1]|[1, 0, 2, 1, 2, 2, 1, 0, 0, 1, 1, 0, 0, 1, 2, 2, 2, 1, 0, 0]|[0, 0, 1, 1, 0, 1, 0, 3, 3, 0, 1, 0, 3, 1, 0, 0, 0, 1, 3, 3]|[1, 2, 1, 0, 0, 1, 1, 0, 0, 0, 1, 1, 0, 1, 1, 1, 0, 1, 2, 0];[19, 14, 5, 4, 16, 2, 3, 9, 17, 6, 15, 11, 7, 8, 12, 10, 13, 18, 0, 1]|[1, 0, 2, 1, 2, 2, 1, 0, 0, 1, 1, 0, 0, 1, 2, 2, 2, 1, 0, 0]|[0, 0, 1, 1, 0, 1, 0, 3, 3, 0, 1, 0, 3, 1, 0, 0, 0, 1, 3, 3]|[1, 2, 1, 0, 0, 1, 1, 0, 0, 0, 1, 1, 0, 1, 1, 1, 0, 1, 2, 0];[19, 14, 5, 4, 16, 2, 3, 9, 17, 6, 15, 11, 7, 8, 12, 10, 13, 18, 0, 1]|[1, 0, 2, 1, 2, 2, 1, 0, 0, 1, 1, 0, 0, 1, 2, 2, 2, 1, 0, 0]|[0, 0, 1, 1, 0, 1, 0, 3, 3, 0, 1, 0, 3, 1, 0, 0, 0, 1, 3, 3]|[1, 2, 1, 0, 0, 1, 1, 0, 0, 0, 1, 1, 0, 1, 1, 1, 0, 1, 2, 0];[19, 14, 5, 4, 16, 2, 3, 9, 17, 6, 15, 11, 7, 8, 12, 10, 13, 18, 0, 1]|[1, 0, 2, 1, 2, 2, 1, 0, 0, 1, 1, 0, 0, 1, 2, 2, 2, 1, 0, 0]|[0, 0, 1, 1, 0, 1, 0, 3, 3, 0, 1, 0, 3, 1, 0, 0, 0, 1, 3, 3]|[1, 2, 1, 0, 0, 1, 1, 0, 0, 0, 1, 1, 0, 1, 1, 1, 0, 1, 2, 0];[1, 19, 8, 7, 5, 13, 6, 16, 3, 17, 2, 15, 14, 12, 9, 4, 18, 10, 11, 0]|[0, 1, 1, 0, 2, 1, 2, 2, 1, 2, 0, 1, 0, 1, 1, 2, 1, 0, 0, 0]|[1, 0, 1, 3, 1, 1, 0, 0, 0, 0, 0, 0, 0, 1, 1, 0, 1, 3, 3, 2]|[2, 1, 0, 0, 1, 0, 0, 1, 1, 1, 2, 1, 2, 1, 1, 0, 1, 0, 0, 0];[2, 12, 15, 19, 10, 14, 9, 1, 16, 13, 3, 4, 7, 6, 11, 0, 17, 8, 5, 18]|[0, 0, 0, 0, 2, 2, 0, 0, 1, 0, 2, 1, 0, 1, 2, 0, 0, 0, 2, 1]|[0, 3, 3, 3, 1, 1, 3, 3, 1, 3, 1, 1, 3, 1, 1, 3, 2, 3, 1, 1]|[1, 0, 2, 0, 1, 0, 2, 1, 1, 2, 1, 0, 0, 1, 1, 1, 0, 2, 0, 0];[2, 12, 15, 19, 10, 14, 9, 1, 16, 13, 3, 4, 7, 6, 11, 0, 17, 8, 5, 18]|[0, 0, 0, 0, 2, 2, 0, 0, 1, 0, 2, 1, 0, 1, 2, 0, 0, 0, 2, 1]|[0, 3, 3, 3, 1, 1, 3, 3, 1, 3, 1, 1, 3, 1, 1, 3, 2, 3, 1, 1]|[1, 0, 2, 0, 1, 0, 2, 1, 1, 2, 1, 0, 0, 1, 1, 1, 0, 2, 0, 0];[2, 12, 15, 19, 10, 14, 9, 1, 16, 13, 3, 4, 7, 6, 11, 0, 17, 8, 5, 18]|[0, 0, 0, 0, 2, 2, 0, 0, 1, 0, 2, 1, 0, 1, 2, 0, 0, 0, 2, 1]|[0, 3, 3, 3, 1, 1, 3, 3, 1, 3, 1, 1, 3, 1, 1, 3, 2, 3, 1, 1]|[1, 0, 2, 0, 1, 0, 2, 1, 1, 2, 1, 0, 0, 1, 1, 1, 0, 2, 0, 0];[2, 12, 15, 19, 10, 14, 9, 1, 16, 13, 3, 4, 7, 6, 11, 0, 17, 8, 5, 18]|[0, 0, 0, 0, 2, 2, 0, 0, 1, 0, 2, 1, 0, 1, 2, 0, 0, 0, 2, 1]|[0, 3, 3, 3, 1, 1, 3, 3, 1, 3, 1, 1, 3, 1, 1, 3, 2, 3, 1, 1]|[1, 0, 2, 0, 1, 0, 2, 1, 1, 2, 1, 0, 0, 1, 1, 1, 0, 2, 0, 0];[12, 5, 4, 15, 11, 19, 1, 16, 3, 9, 0, 10, 2, 14, 6, 17, 13, 18, 7, 8]|[0, 2, 0, 2, 0, 1, 0, 2, 1, 2, 2, 1, 2, 0, 1, 1, 1, 2, 1, 0]|[3, 0, 3, 1, 0, 1, 2, 1, 1, 0, 0, 1, 1, 3, 0, 1, 1, 0, 1, 3]|[0, 0, 2, 1, 1, 1, 0, 0, 1, 1, 1, 1, 1, 2, 0, 1, 1, 0, 1, 0];[12, 5, 4, 15, 11, 19, 1, 16, 3, 9, 0, 10, 2, 14, 6, 17, 13, 18, 7, 8]|[0, 2, 0, 2, 0, 1, 0, 2, 1, 2, 2, 1, 2, 0, 1, 1, 1, 2, 1, 0]|[3, 0, 3, 1, 0, 1, 2, 1, 1, 0, 0, 1, 1, 3, 0, 1, 1, 0, 1, 3]|[0, 0, 2, 1, 1, 1, 0, 0, 1, 1, 1, 1, 1, 2, 0, 1, 1, 0, 1, 0];[12, 5, 4, 15, 11, 19, 1, 16, 3, 9, 0, 10, 2, 14, 6, 17, 13, 18, 7, 8]|[0, 2, 0, 2, 0, 1, 0, 2, 1, 2, 2, 1, 2, 0, 1, 1, 1, 2, 1, 0]|[3, 0, 3, 1, 0, 1, 2, 1, 1, 0, 0, 1, 1, 3, 0, 1, 1, 0, 1, 3]|[0, 0, 2, 1, 1, 1, 0, 0, 1, 1, 1, 1, 1, 2, 0, 1, 1, 0, 1, 0];[12, 5, 4, 15, 11, 19, 1, 16, 3, 9, 0, 10, 2, 14, 6, 17, 13, 18, 7, 8]|[0, 2, 0, 2, 0, 1, 0, 2, 1, 2, 2, 1, 2, 0, 1, 1, 1, 2, 1, 0]|[3, 0, 3, 1, 0, 1, 2, 1, 1, 0, 0, 1, 1, 3, 0, 1, 1, 0, 1, 3]|[0, 0, 2, 1, 1, 1, 0, 0, 1, 1, 1, 1, 1, 2, 0, 1, 1, 0, 1, 0];[2, 12, 15, 19, 10, 14, 9, 1, 16, 3, 13, 4, 7, 6, 11, 0, 8, 18, 17, 5]|[0, 0, 0, 0, 2, 2, 0, 0, 1, 0, 2, 1, 0, 1, 2, 0, 0, 0, 2, 1]|[3, 3, 3, 3, 1, 1, 3, 3, 1, 3, 1, 1, 3, 1, 1, 3, 2, 3, 1, 1]|[1, 0, 2, 0, 1, 0, 2, 1, 1, 2, 1, 0, 0, 1, 1, 1, 0, 2, 0, 1];[19, 15, 14, 4, 13, 16, 5, 12, 7, 6, 0, 10, 9, 11, 1, 17, 2, 3, 8, 18]|[2, 1, 1, 0, 1, 2, 2, 1, 0, 0, 0, 2, 2, 0, 1, 1, 1, 2, 1, 0]|[1, 1, 0, 3, 1, 0, 0, 0, 0, 3, 1, 0, 0, 3, 0, 0, 1, 0, 1, 3]|[0, 1, 1, 2, 0, 1, 1, 1, 0, 0, 1, 1, 0, 0, 1, 1, 0, 1, 1, 0];[19, 15, 14, 4, 13, 16, 5, 12, 7, 6, 0, 10, 9, 11, 1, 17, 2, 3, 8, 18]|[2, 1, 1, 0, 1, 2, 2, 1, 0, 0, 0, 2, 2, 0, 1, 1, 1, 2, 1, 0]|[1, 1, 0, 3, 1, 0, 0, 0, 0, 3, 1, 0, 0, 3, 0, 0, 1, 0, 1, 3]|[0, 1, 1, 2, 0, 1, 1, 1, 0, 0, 1, 1, 0, 0, 1, 1, 0, 1, 1, 0];[2, 12, 15, 19, 10, 14, 9, 1, 16, 13, 6, 0, 7, 3, 11, 18, 17, 8, 4, 5]|[0, 0, 0, 0, 2, 2, 0, 0, 1, 0, 2, 1, 0, 1, 2, 0, 0, 0, 2, 1]|[3, 3, 3, 3, 1, 1, 3, 3, 1, 3, 1, 1, 3, 1, 1, 3, 2, 3, 1, 1]|[1, 0, 2, 0, 1, 0, 2, 1, 1, 2, 1, 0, 0, 1, 1, 1, 0, 2, 0, 1];[19, 15, 11, 2, 10, 14, 9, 1, 16, 13, 18, 4, 7, 12, 6, 0, 17, 8, 5, 3]|[0, 0, 0, 0, 2, 2, 0, 0, 1, 0, 2, 1, 0, 1, 2, 0, 0, 0, 2, 1]|[3, 3, 3, 0, 1, 1, 3, 3, 1, 3, 1, 1, 3, 1, 1, 3, 2, 3, 1, 1]|[0, 2, 0, 1, 1, 0, 2, 1, 1, 2, 1, 0, 0, 1, 1, 1, 0, 2, 0, 1];[19, 15, 11, 2, 10, 14, 9, 1, 16, 13, 18, 4, 7, 12, 6, 0, 17, 8, 5, 3]|[0, 0, 0, 0, 2, 2, 0, 0, 1, 0, 2, 1, 0, 1, 2, 0, 0, 0, 2, 1]|[3, 3, 3, 0, 1, 1, 3, 3, 1, 3, 1, 1, 3, 1, 1, 3, 2, 3, 1, 1]|[0, 2, 0, 1, 1, 0, 2, 1, 1, 2, 1, 0, 0, 1, 1, 1, 0, 2, 0, 1];[5, 2, 14, 10, 4, 13, 16, 19, 17, 0, 11, 9, 12, 3, 18, 15, 6, 1, 7, 8]|[0, 1, 0, 2, 1, 1, 2, 2, 1, 0, 1, 2, 2, 0, 0, 2, 1, 2, 1, 0]|[0, 0, 3, 1, 1, 1, 0, 1, 0, 3, 0, 0, 1, 0, 3, 0, 1, 0, 1, 3]|[0, 0, 2, 1, 1, 1, 0, 1, 1, 2, 0, 0, 0, 1, 0, 1, 1, 1, 1, 0];[5, 2, 14, 10, 4, 13, 16, 19, 17, 0, 11, 9, 12, 3, 18, 15, 6, 1, 7, 8]|[0, 1, 0, 2, 1, 1, 2, 2, 1, 0, 1, 2, 2, 0, 0, 2, 1, 2, 1, 0]|[0, 0, 3, 1, 1, 1, 0, 1, 0, 3, 0, 0, 1, 0, 3, 0, 1, 0, 1, 3]|[0, 0, 2, 1, 1, 1, 0, 1, 1, 2, 0, 0, 0, 1, 0, 1, 1, 1, 1, 0];[5, 2, 14, 10, 4, 13, 16, 19, 17, 0, 11, 9, 12, 3, 18, 15, 6, 1, 7, 8]|[0, 1, 0, 2, 1, 1, 2, 2, 1, 0, 1, 2, 2, 0, 0, 2, 1, 2, 1, 0]|[0, 0, 3, 1, 1, 1, 0, 1, 0, 3, 0, 0, 1, 0, 3, 0, 1, 0, 1, 3]|[0, 0, 2, 1, 1, 1, 0, 1, 1, 2, 0, 0, 0, 1, 0, 1, 1, 1, 1, 0];[5, 2, 14, 10, 4, 13, 16, 19, 17, 0, 11, 9, 12, 3, 18, 15, 6, 1, 7, 8]|[0, 1, 0, 2, 1, 1, 2, 2, 1, 0, 1, 2, 2, 0, 0, 2, 1, 2, 1, 0]|[0, 0, 3, 1, 1, 1, 0, 1, 0, 3, 0, 0, 1, 0, 3, 0, 1, 0, 1, 3]|[0, 0, 2, 1, 1, 1, 0, 1, 1, 2, 0, 0, 0, 1, 0, 1, 1, 1, 1, 0];[2, 19, 15, 12, 10, 14, 9, 18, 16, 13, 3, 4, 8, 6, 1, 11, 0, 7, 5, 17]|[0, 0, 0, 0, 2, 2, 2, 0, 1, 0, 2, 1, 0, 1, 0, 0, 0, 0, 2, 1]|[0, 3, 3, 3, 1, 1, 1, 3, 1, 3, 1, 1, 2, 1, 3, 3, 3, 3, 1, 1]|[1, 0, 2, 0, 1, 0, 0, 1, 1, 2, 1, 0, 0, 1, 1, 0, 2, 1, 0, 0];[2, 19, 15, 12, 10, 14, 9, 18, 16, 13, 3, 4, 8, 6, 1, 11, 0, 7, 5, 17]|[0, 0, 0, 0, 2, 2, 2, 0, 1, 0, 2, 1, 0, 1, 0, 0, 0, 0, 2, 1]|[0, 3, 3, 3, 1, 1, 1, 3, 1, 3, 1, 1, 2, 1, 3, 3, 3, 3, 1, 1]|[1, 0, 2, 0, 1, 0, 0, 1, 1, 2, 1, 0, 0, 1, 1, 0, 2, 1, 0, 0];[2, 19, 15, 12, 10, 14, 9, 18, 16, 13, 3, 4, 8, 6, 1, 11, 0, 7, 5, 17]|[0, 0, 0, 0, 2, 2, 2, 0, 1, 0, 2, 1, 0, 1, 0, 0, 0, 0, 2, 1]|[0, 3, 3, 3, 1, 1, 1, 3, 1, 3, 1, 1, 2, 1, 3, 3, 3, 3, 1, 1]|[1, 0, 2, 0, 1, 0, 0, 1, 1, 2, 1, 0, 0, 1, 1, 0, 2, 1, 0, 0];[2, 13, 1, 10, 14, 9, 18, 16, 15, 3, 4, 0, 12, 11, 6, 7, 8, 17, 19, 5]|[0, 0, 0, 2, 2, 0, 0, 1, 0, 2, 1, 0, 0, 2, 1, 0, 0, 0, 2, 1]|[3, 3, 3, 1, 1, 3, 3, 1, 3, 1, 1, 3, 3, 1, 1, 3, 3, 3, 1, 1]|[0, 2, 0, 1, 0, 2, 0, 1, 2, 1, 0, 0, 1, 1, 1, 0, 2, 0, 0, 1];[2, 19, 13, 9, 14, 8, 6, 16, 7, 11, 10, 1, 12, 15, 17, 5, 18, 3, 4, 0]|[0, 1, 1, 2, 0, 1, 2, 2, 0, 0, 2, 0, 1, 0, 1, 2, 1, 1, 1, 0]|[3, 1, 1, 1, 3, 1, 0, 0, 0, 3, 0, 3, 1, 3, 1, 0, 1, 1, 1, 3]|[0, 1, 1, 1, 2, 1, 0, 1, 0, 0, 1, 2, 1, 1, 1, 1, 1, 1, 1, 0];[2, 19, 13, 9, 14, 8, 6, 16, 7, 11, 10, 1, 12, 15, 17, 5, 18, 3, 4, 0]|[0, 1, 1, 2, 0, 1, 2, 2, 0, 0, 2, 0, 1, 0, 1, 2, 1, 1, 1, 0]|[3, 1, 1, 1, 3, 1, 0, 0, 0, 3, 0, 3, 1, 3, 1, 0, 1, 1, 1, 3]|[0, 1, 1, 1, 2, 1, 0, 1, 0, 0, 1, 2, 1, 1, 1, 1, 1, 1, 1, 0];[2, 19, 13, 9, 14, 8, 6, 16, 7, 11, 10, 1, 12, 15, 17, 5, 18, 3, 4, 0]|[0, 1, 1, 2, 0, 1, 2, 2, 0, 0, 2, 0, 1, 0, 1, 2, 1, 1, 1, 0]|[3, 1, 1, 1, 3, 1, 0, 0, 0, 3, 0, 3, 1, 3, 1, 0, 1, 1, 1, 3]|[0, 1, 1, 1, 2, 1, 0, 1, 0, 0, 1, 2, 1, 1, 1, 1, 1, 1, 1, 0];[2, 19, 13, 9, 14, 8, 6, 16, 7, 11, 10, 1, 12, 15, 17, 5, 18, 3, 4, 0]|[0, 1, 1, 2, 0, 1, 2, 2, 0, 0, 2, 0, 1, 0, 1, 2, 1, 1, 1, 0]|[3, 1, 1, 1, 3, 1, 0, 0, 0, 3, 0, 3, 1, 3, 1, 0, 1, 1, 1, 3]|[0, 1, 1, 1, 2, 1, 0, 1, 0, 0, 1, 2, 1, 1, 1, 1, 1, 1, 1, 0];[5, 6, 19, 10, 2, 14, 12, 7, 15, 3, 18, 11, 8, 16, 17, 13, 4, 9, 0, 1]|[2, 1, 2, 0, 1, 1, 1, 0, 1, 0, 0, 0, 2, 2, 2, 1, 2, 1, 0, 0]|[0, 1, 1, 2, 1, 0, 0, 3, 0, 0, 3, 0, 1, 0, 0, 1, 1, 1, 3, 3]|[0, 1, 1, 2, 1, 0, 1, 0, 1, 1, 1, 0, 1, 0, 0, 0, 1, 1, 0, 2];[2, 1, 12, 8, 10, 3, 5, 6, 13, 7, 0, 18, 15, 9, 14, 16, 4, 17, 19, 11]|[2, 1, 1, 0, 0, 1, 2, 0, 1, 1, 0, 0, 1, 1, 0, 2, 1, 2, 2, 0]|[1, 1, 1, 3, 3, 1, 0, 3, 1, 1, 3, 3, 1, 1, 3, 0, 1, 0, 0, 3]|[1, 1, 1, 0, 0, 1, 1, 2, 1, 1, 0, 0, 1, 1, 2, 0, 1, 1, 1, 0];[2, 1, 12, 8, 10, 3, 5, 6, 13, 7, 0, 18, 15, 9, 14, 16, 4, 17, 19, 11]|[2, 1, 1, 0, 0, 1, 2, 0, 1, 1, 0, 0, 1, 1, 0, 2, 1, 2, 2, 0]|[1, 1, 1, 3, 3, 1, 0, 3, 1, 1, 3, 3, 1, 1, 3, 0, 1, 0, 0, 3]|[1, 1, 1, 0, 0, 1, 1, 2, 1, 1, 0, 0, 1, 1, 2, 0, 1, 1, 1, 0];[2, 1, 12, 8, 10, 3, 5, 6, 13, 7, 0, 18, 15, 9, 14, 16, 4, 17, 19, 11]|[2, 1, 1, 0, 0, 1, 2, 0, 1, 1, 0, 0, 1, 1, 0, 2, 1, 2, 2, 0]|[1, 1, 1, 3, 3, 1, 0, 3, 1, 1, 3, 3, 1, 1, 3, 0, 1, 0, 0, 3]|[1, 1, 1, 0, 0, 1, 1, 2, 1, 1, 0, 0, 1, 1, 2, 0, 1, 1, 1, 0];[2, 1, 12, 8, 10, 3, 5, 6, 13, 7, 0, 18, 15, 9, 14, 16, 4, 17, 19, 11]|[2, 1, 1, 0, 0, 1, 2, 0, 1, 1, 0, 0, 1, 1, 0, 2, 1, 2, 2, 0]|[1, 1, 1, 3, 3, 1, 0, 3, 1, 1, 3, 3, 1, 1, 3, 0, 1, 0, 0, 3]|[1, 1, 1, 0, 0, 1, 1, 2, 1, 1, 0, 0, 1, 1, 2, 0, 1, 1, 1, 0];[5, 1, 16, 4, 14, 13, 10, 11, 7, 8, 12, 3, 9, 17, 15, 6, 2, 19, 18, 0]|[0, 2, 2, 1, 0, 1, 0, 0, 2, 0, 1, 1, 2, 1, 1, 2, 2, 2, 1, 0]|[0, 0, 1, 1, 3, 1, 2, 3, 0, 3, 1, 1, 0, 1, 1, 0, 0, 1, 1, 1]|[2, 0, 1, 1, 1, 1, 0, 0, 1, 2, 1, 1, 1, 1, 1, 0, 0, 1, 1, 0];[2, 19, 8, 14, 6, 13, 5, 15, 4, 11, 7, 12, 17, 16, 3, 9, 1, 0, 10, 18]|[0, 1, 1, 0, 1, 2, 2, 0, 2, 0, 0, 2, 0, 2, 1, 1, 1, 1, 1, 0]|[3, 1, 1, 3, 1, 0, 0, 3, 0, 3, 3, 0, 3, 0, 1, 1, 1, 1, 1, 3]|[0, 1, 1, 0, 1, 1, 1, 2, 1, 0, 0, 1, 0, 0, 1, 1, 1, 1, 1, 0];[2, 19, 8, 14, 6, 13, 5, 15, 4, 11, 7, 12, 17, 16, 3, 9, 1, 0, 10, 18]|[0, 1, 1, 0, 1, 2, 2, 0, 2, 0, 0, 2, 0, 2, 1, 1, 1, 1, 1, 0]|[3, 1, 1, 3, 1, 0, 0, 3, 0, 3, 3, 0, 3, 0, 1, 1, 1, 1, 1, 3]|[0, 1, 1, 0, 1, 1, 1, 2, 1, 0, 0, 1, 0, 0, 1, 1, 1, 1, 1, 0];[2, 19, 8, 14, 6, 13, 5, 15, 4, 11, 7, 12, 17, 16, 3, 9, 1, 0, 10, 18]|[0, 1, 1, 0, 1, 2, 2, 0, 2, 0, 0, 2, 0, 2, 1, 1, 1, 1, 1, 0]|[3, 1, 1, 3, 1, 0, 0, 3, 0, 3, 3, 0, 3, 0, 1, 1, 1, 1, 1, 3]|[0, 1, 1, 0, 1, 1, 1, 2, 1, 0, 0, 1, 0, 0, 1, 1, 1, 1, 1, 0];[5, 14, 4, 13, 16, 19, 3, 2, 1, 17, 10, 6, 11, 18, 7, 15, 12, 9, 0, 8]|[0, 0, 1, 1, 2, 2, 1, 1, 0, 1, 2, 2, 0, 0, 2, 2, 1, 2, 1, 2]|[0, 3, 0, 1, 0, 1, 0, 1, 3, 0, 1, 0, 0, 3, 0, 0, 1, 0, 1, 1]|[0, 2, 1, 0, 1, 0, 1, 1, 0, 0, 0, 1, 0, 1, 1, 1, 1, 0, 1, 1]
fc6diagRound 12	fe=338647	pool=300	target=100	rescued=1	sOriginal=[1, 2, 15, 11, 10, 14, 9, 12, 16, 13, 3, 4, 7, 6, 19, 18, 0, 8, 17, 5]|[0, 0, 0, 0, 2, 2, 0, 0, 1, 0, 2, 1, 0, 1, 2, 0, 0, 0, 2, 1]|[0, 3, 3, 3, 1, 1, 3, 3, 1, 3, 1, 1, 3, 1, 1, 3, 2, 3, 1, 1]|[1, 0, 2, 0, 1, 0, 2, 2, 1, 2, 1, 0, 0, 1, 1, 1, 0, 2, 0, 1];[1, 19, 13, 14, 2, 4, 16, 5, 3, 10, 11, 6, 8, 12, 9, 7, 17, 15, 0, 18]|[0, 1, 1, 0, 2, 1, 2, 2, 1, 0, 0, 2, 0, 1, 0, 1, 1, 2, 1, 0]|[3, 1, 1, 3, 0, 1, 0, 0, 0, 2, 3, 0, 3, 1, 3, 1, 1, 0, 1, 3]|[0, 1, 1, 2, 1, 0, 0, 1, 1, 0, 0, 1, 2, 1, 1, 1, 1, 0, 1, 0];[2, 12, 15, 19, 10, 14, 9, 1, 16, 13, 3, 4, 7, 6, 11, 18, 0, 8, 17, 5]|[0, 0, 0, 0, 2, 2, 0, 0, 1, 0, 2, 1, 0, 1, 2, 0, 0, 0, 2, 1]|[0, 3, 3, 3, 1, 1, 3, 3, 1, 3, 1, 1, 3, 1, 1, 3, 2, 3, 1, 1]|[1, 0, 2, 0, 1, 0, 2, 1, 1, 2, 1, 0, 0, 1, 1, 1, 0, 2, 0, 1];[1, 2, 4, 8, 6, 11, 10, 3, 5, 16, 15, 19, 14, 7, 17, 9, 12, 0, 18, 13]|[0, 1, 1, 0, 1, 0, 0, 1, 2, 2, 1, 2, 0, 0, 2, 1, 2, 1, 1, 0]|[1, 1, 1, 3, 0, 3, 0, 0, 0, 0, 1, 0, 3, 3, 0, 1, 0, 1, 1, 3]|[0, 1, 0, 2, 1, 0, 1, 1, 1, 0, 1, 1, 2, 1, 1, 1, 0, 1, 1, 0];[2, 19, 6, 15, 3, 4, 16, 5, 1, 11, 10, 0, 18, 12, 7, 13, 17, 8, 9, 14]|[0, 1, 1, 0, 2, 1, 2, 2, 1, 0, 0, 2, 0, 1, 0, 1, 1, 2, 1, 0]|[3, 1, 0, 3, 0, 1, 0, 0, 0, 0, 3, 0, 3, 1, 3, 1, 1, 0, 1, 3]|[0, 1, 1, 2, 1, 0, 0, 1, 1, 1, 0, 1, 2, 1, 1, 1, 1, 1, 1, 0];[12, 19, 13, 14, 2, 4, 16, 5, 3, 10, 11, 6, 9, 1, 18, 7, 17, 0, 8, 15]|[0, 1, 1, 0, 2, 1, 2, 2, 1, 0, 0, 2, 0, 1, 0, 1, 1, 2, 1, 0]|[3, 1, 0, 3, 0, 1, 0, 0, 0, 0, 3, 0, 3, 1, 3, 1, 1, 0, 1, 3]|[0, 1, 1, 2, 1, 0, 0, 1, 1, 1, 0, 1, 2, 1, 1, 1, 1, 1, 1, 0];[1, 19, 8, 14, 5, 13, 6, 16, 3, 0, 12, 4, 2, 15, 17, 10, 9, 11, 7, 18]|[0, 1, 1, 0, 2, 1, 2, 2, 1, 0, 0, 2, 0, 1, 0, 1, 1, 2, 1, 0]|[3, 1, 1, 3, 0, 1, 0, 0, 0, 0, 3, 0, 3, 0, 3, 1, 1, 0, 1, 3]|[0, 1, 1, 2, 1, 0, 0, 1, 1, 1, 0, 1, 2, 1, 1, 1, 1, 1, 1, 0];[1, 2, 13, 17, 10, 14, 9, 12, 16, 15, 3, 4, 7, 6, 11, 18, 0, 8, 19, 5]|[0, 0, 0, 0, 2, 2, 0, 0, 1, 0, 2, 1, 0, 1, 2, 0, 0, 0, 2, 1]|[3, 3, 3, 3, 1, 1, 3, 3, 1, 3, 1, 1, 3, 1, 1, 3, 2, 3, 1, 1]|[1, 0, 2, 0, 1, 0, 2, 1, 1, 2, 1, 0, 0, 1, 1, 1, 0, 2, 0, 1];[12, 10, 15, 19, 14, 7, 8, 5, 1, 4, 3, 2, 16, 13, 17, 9, 18, 0, 11, 6]|[0, 0, 0, 2, 2, 0, 1, 2, 0, 1, 2, 0, 1, 0, 0, 0, 0, 0, 2, 1]|[2, 3, 3, 0, 1, 3, 1, 1, 3, 1, 1, 3, 1, 3, 3, 3, 3, 3, 1, 1]|[1, 2, 0, 1, 0, 2, 1, 1, 1, 0, 1, 0, 1, 2, 1, 2, 0, 2, 0, 0];[1, 19, 13, 14, 2, 4, 16, 5, 3, 10, 12, 6, 11, 18, 7, 9, 15, 0, 17, 8]|[0, 1, 1, 0, 2, 1, 2, 2, 1, 0, 0, 2, 0, 1, 0, 1, 1, 2, 1, 0]|[3, 1, 1, 3, 0, 1, 0, 0, 0, 0, 3, 0, 3, 0, 3, 1, 1, 0, 1, 3]|[0, 1, 1, 2, 1, 0, 0, 1, 1, 0, 0, 1, 2, 1, 1, 1, 1, 1, 1, 0];[1, 19, 13, 14, 2, 4, 16, 5, 3, 10, 12, 6, 11, 18, 7, 9, 15, 0, 17, 8]|[0, 1, 1, 0, 2, 1, 2, 2, 1, 0, 0, 2, 0, 1, 0, 1, 1, 2, 1, 0]|[3, 1, 1, 3, 0, 1, 0, 0, 0, 0, 3, 0, 3, 0, 3, 1, 1, 0, 1, 3]|[0, 1, 1, 2, 1, 0, 0, 1, 1, 0, 0, 1, 2, 1, 1, 1, 1, 1, 1, 0];[1, 2, 13, 14, 5, 4, 16, 19, 3, 10, 11, 6, 8, 18, 7, 9, 12, 15, 17, 0]|[0, 1, 1, 0, 2, 1, 2, 2, 1, 0, 0, 2, 0, 1, 0, 1, 1, 2, 1, 0]|[3, 1, 1, 3, 0, 1, 0, 0, 0, 2, 3, 0, 3, 1, 3, 1, 1, 0, 1, 3]|[2, 1, 1, 2, 1, 0, 0, 1, 1, 0, 0, 1, 2, 1, 0, 1, 1, 0, 1, 0];[2, 13, 11, 10, 14, 15, 16, 12, 18, 3, 4, 9, 19, 6, 7, 0, 8, 1, 17, 5]|[0, 0, 0, 0, 2, 0, 1, 2, 0, 2, 1, 0, 2, 1, 0, 0, 0, 0, 2, 1]|[3, 3, 3, 1, 1, 3, 1, 0, 3, 1, 1, 3, 1, 1, 3, 2, 3, 0, 1, 1]|[0, 2, 0, 1, 0, 2, 1, 0, 1, 1, 0, 2, 1, 1, 0, 0, 2, 1, 0, 1];[19, 9, 12, 2, 10, 14, 15, 1, 16, 7, 3, 4, 18, 8, 0, 11, 17, 13, 5, 6]|[0, 0, 0, 0, 2, 2, 0, 0, 1, 0, 2, 1, 0, 0, 0, 2, 1, 0, 2, 1]|[3, 3, 3, 3, 0, 1, 3, 0, 1, 3, 1, 1, 3, 2, 3, 1, 1, 3, 1, 1]|[0, 2, 1, 0, 1, 0, 2, 1, 1, 0, 1, 0, 2, 0, 1, 1, 1, 2, 0, 1];[1, 2, 13, 14, 19, 4, 16, 5, 3, 10, 11, 6, 18, 17, 7, 12, 0, 15, 9, 8]|[0, 1, 1, 0, 2, 1, 2, 2, 1, 0, 0, 2, 0, 0, 0, 1, 1, 2, 1, 0]|[3, 1, 1, 3, 0, 1, 0, 0, 0, 0, 3, 0, 3, 1, 3, 1, 1, 0, 1, 3]|[0, 1, 1, 2, 1, 0, 0, 1, 1, 1, 0, 1, 2, 1, 1, 1, 1, 0, 1, 0];[2, 12, 15, 9, 10, 14, 19, 0, 16, 13, 3, 4, 7, 6, 11, 1, 18, 8, 17, 5]|[0, 0, 0, 0, 2, 2, 0, 0, 1, 0, 2, 1, 0, 1, 2, 0, 0, 0, 2, 1]|[0, 1, 3, 3, 1, 1, 3, 3, 1, 3, 1, 1, 3, 1, 1, 3, 2, 3, 1, 1]|[1, 0, 2, 2, 1, 0, 0, 1, 1, 2, 1, 0, 0, 1, 1, 1, 0, 2, 0, 0];[2, 12, 15, 9, 10, 14, 19, 0, 16, 13, 3, 4, 7, 6, 11, 1, 18, 8, 17, 5]|[0, 0, 0, 0, 2, 2, 0, 0, 1, 0, 2, 1, 0, 1, 2, 0, 0, 0, 2, 1]|[0, 1, 3, 3, 1, 1, 3, 3, 1, 3, 1, 1, 3, 1, 1, 3, 2, 3, 1, 1]|[1, 0, 2, 2, 1, 0, 0, 1, 1, 2, 1, 0, 0, 1, 1, 1, 0, 2, 0, 0];[2, 12, 15, 9, 10, 14, 19, 0, 16, 13, 3, 4, 7, 6, 11, 1, 18, 8, 17, 5]|[0, 0, 0, 0, 2, 2, 0, 0, 1, 0, 2, 1, 0, 1, 2, 0, 0, 0, 2, 1]|[0, 1, 3, 3, 1, 1, 3, 3, 1, 3, 1, 1, 3, 1, 1, 3, 2, 3, 1, 1]|[1, 0, 2, 2, 1, 0, 0, 1, 1, 2, 1, 0, 0, 1, 1, 1, 0, 2, 0, 0];[2, 12, 15, 9, 10, 14, 19, 0, 16, 13, 3, 4, 7, 6, 11, 1, 18, 8, 17, 5]|[0, 0, 0, 0, 2, 2, 0, 0, 1, 0, 2, 1, 0, 1, 2, 0, 0, 0, 2, 1]|[0, 1, 3, 3, 1, 1, 3, 3, 1, 3, 1, 1, 3, 1, 1, 3, 2, 3, 1, 1]|[1, 0, 2, 2, 1, 0, 0, 1, 1, 2, 1, 0, 0, 1, 1, 1, 0, 2, 0, 0];[2, 12, 10, 15, 19, 18, 9, 1, 16, 13, 3, 5, 11, 6, 0, 7, 17, 14, 4, 8]|[0, 0, 0, 0, 2, 2, 0, 0, 1, 0, 2, 1, 0, 1, 2, 0, 0, 0, 2, 1]|[3, 0, 3, 3, 1, 1, 3, 3, 1, 3, 1, 1, 3, 1, 1, 3, 3, 3, 1, 1]|[0, 1, 2, 0, 1, 0, 2, 1, 1, 2, 1, 0, 0, 1, 1, 1, 0, 2, 0, 0];[1, 19, 14, 2, 17, 18, 5, 15, 12, 6, 16, 10, 11, 4, 0, 7, 13, 8, 3, 9]|[0, 1, 0, 2, 2, 1, 0, 1, 1, 2, 2, 0, 0, 2, 0, 1, 1, 1, 1, 0]|[3, 1, 3, 0, 0, 1, 3, 1, 1, 0, 0, 0, 3, 0, 3, 1, 1, 1, 1, 3]|[0, 1, 2, 1, 0, 1, 0, 1, 1, 0, 1, 1, 0, 1, 2, 1, 1, 1, 1, 0];[1, 19, 14, 2, 17, 18, 5, 15, 12, 6, 16, 10, 11, 4, 0, 7, 13, 8, 3, 9]|[0, 1, 0, 2, 2, 1, 0, 1, 1, 2, 2, 0, 0, 2, 0, 1, 1, 1, 1, 0]|[3, 1, 3, 0, 0, 1, 3, 1, 1, 0, 0, 0, 3, 0, 3, 1, 1, 1, 1, 3]|[0, 1, 2, 1, 0, 1, 0, 1, 1, 0, 1, 1, 0, 1, 2, 1, 1, 1, 1, 0];[1, 19, 14, 2, 17, 18, 5, 15, 12, 6, 16, 10, 11, 4, 0, 7, 13, 8, 3, 9]|[0, 1, 0, 2, 2, 1, 0, 1, 1, 2, 2, 0, 0, 2, 0, 1, 1, 1, 1, 0]|[3, 1, 3, 0, 0, 1, 3, 1, 1, 0, 0, 0, 3, 0, 3, 1, 1, 1, 1, 3]|[0, 1, 2, 1, 0, 1, 0, 1, 1, 0, 1, 1, 0, 1, 2, 1, 1, 1, 1, 0];[19, 2, 12, 13, 10, 14, 9, 18, 16, 15, 6, 4, 7, 3, 11, 1, 0, 8, 17, 5]|[0, 0, 0, 0, 2, 2, 0, 0, 1, 0, 2, 1, 0, 1, 2, 0, 0, 0, 2, 1]|[3, 0, 3, 3, 1, 1, 3, 3, 1, 3, 1, 1, 3, 1, 1, 3, 2, 3, 1, 1]|[0, 1, 2, 0, 1, 0, 2, 1, 1, 2, 1, 0, 0, 1, 1, 1, 0, 2, 0, 0];[19, 2, 12, 13, 10, 14, 9, 18, 16, 15, 6, 4, 7, 3, 11, 1, 0, 8, 17, 5]|[0, 0, 0, 0, 2, 2, 0, 0, 1, 0, 2, 1, 0, 1, 2, 0, 0, 0, 2, 1]|[3, 0, 3, 3, 1, 1, 3, 3, 1, 3, 1, 1, 3, 1, 1, 3, 2, 3, 1, 1]|[0, 1, 2, 0, 1, 0, 2, 1, 1, 2, 1, 0, 0, 1, 1, 1, 0, 2, 0, 0];[2, 19, 8, 12, 10, 14, 1, 16, 15, 3, 4, 7, 6, 11, 0, 13, 18, 9, 17, 5]|[0, 0, 0, 0, 2, 2, 0, 1, 0, 2, 1, 0, 1, 2, 0, 0, 0, 0, 2, 1]|[0, 3, 3, 3, 1, 1, 3, 1, 3, 1, 1, 3, 1, 1, 3, 2, 3, 3, 0, 1]|[1, 0, 2, 0, 1, 0, 1, 1, 2, 1, 0, 0, 1, 1, 1, 0, 2, 0, 0, 0];[2, 19, 8, 12, 10, 14, 1, 16, 15, 3, 4, 7, 6, 11, 0, 13, 18, 9, 17, 5]|[0, 0, 0, 0, 2, 2, 0, 1, 0, 2, 1, 0, 1, 2, 0, 0, 0, 0, 2, 1]|[0, 3, 3, 3, 1, 1, 3, 1, 3, 1, 1, 3, 1, 1, 3, 2, 3, 3, 0, 1]|[1, 0, 2, 0, 1, 0, 1, 1, 2, 1, 0, 0, 1, 1, 1, 0, 2, 0, 0, 0];[2, 19, 8, 12, 10, 14, 1, 16, 15, 3, 4, 7, 6, 11, 0, 13, 18, 9, 17, 5]|[0, 0, 0, 0, 2, 2, 0, 1, 0, 2, 1, 0, 1, 2, 0, 0, 0, 0, 2, 1]|[0, 3, 3, 3, 1, 1, 3, 1, 3, 1, 1, 3, 1, 1, 3, 2, 3, 3, 0, 1]|[1, 0, 2, 0, 1, 0, 1, 1, 2, 1, 0, 0, 1, 1, 1, 0, 2, 0, 0, 0];[2, 19, 8, 12, 10, 14, 1, 16, 15, 3, 4, 7, 6, 11, 0, 13, 18, 9, 17, 5]|[0, 0, 0, 0, 2, 2, 0, 1, 0, 2, 1, 0, 1, 2, 0, 0, 0, 0, 2, 1]|[0, 3, 3, 3, 1, 1, 3, 1, 3, 1, 1, 3, 1, 1, 3, 2, 3, 3, 0, 1]|[1, 0, 2, 0, 1, 0, 1, 1, 2, 1, 0, 0, 1, 1, 1, 0, 2, 0, 0, 0];[1, 19, 13, 14, 2, 4, 16, 5, 3, 10, 11, 6, 8, 15, 0, 12, 17, 7, 18, 9]|[0, 1, 1, 0, 2, 1, 2, 2, 0, 0, 0, 2, 0, 1, 0, 1, 1, 2, 1, 0]|[3, 1, 1, 3, 0, 1, 0, 0, 0, 2, 3, 0, 3, 1, 3, 1, 1, 0, 1, 3]|[0, 1, 1, 2, 1, 0, 0, 1, 1, 0, 0, 1, 2, 1, 1, 1, 1, 0, 1, 0];[1, 2, 13, 14, 19, 4, 16, 5, 3, 10, 11, 17, 8, 12, 7, 6, 15, 0, 9, 18]|[0, 1, 1, 0, 2, 1, 2, 2, 1, 0, 0, 2, 0, 1, 0, 1, 1, 2, 1, 0]|[3, 1, 0, 3, 1, 1, 0, 0, 0, 0, 3, 0, 3, 1, 0, 1, 1, 0, 1, 3]|[0, 1, 1, 2, 1, 0, 1, 1, 1, 1, 0, 1, 2, 1, 1, 1, 1, 1, 1, 0];[2, 12, 15, 19, 10, 14, 9, 1, 16, 13, 3, 4, 7, 6, 11, 0, 17, 8, 5, 18]|[0, 0, 0, 0, 2, 2, 0, 0, 1, 0, 2, 1, 0, 1, 2, 0, 0, 0, 2, 1]|[0, 3, 3, 3, 1, 1, 3, 3, 1, 3, 1, 1, 3, 1, 1, 3, 2, 3, 1, 1]|[1, 0, 2, 0, 1, 0, 2, 1, 1, 2, 1, 0, 0, 1, 1, 1, 0, 2, 0, 0];[2, 12, 15, 19, 10, 14, 9, 1, 16, 13, 3, 4, 7, 6, 11, 0, 17, 8, 5, 18]|[0, 0, 0, 0, 2, 2, 0, 0, 1, 0, 2, 1, 0, 1, 2, 0, 0, 0, 2, 1]|[0, 3, 3, 3, 1, 1, 3, 3, 1, 3, 1, 1, 3, 1, 1, 3, 2, 3, 1, 1]|[1, 0, 2, 0, 1, 0, 2, 1, 1, 2, 1, 0, 0, 1, 1, 1, 0, 2, 0, 0];[2, 12, 15, 19, 10, 14, 9, 1, 16, 13, 3, 4, 7, 6, 11, 0, 17, 8, 5, 18]|[0, 0, 0, 0, 2, 2, 0, 0, 1, 0, 2, 1, 0, 1, 2, 0, 0, 0, 2, 1]|[0, 3, 3, 3, 1, 1, 3, 3, 1, 3, 1, 1, 3, 1, 1, 3, 2, 3, 1, 1]|[1, 0, 2, 0, 1, 0, 2, 1, 1, 2, 1, 0, 0, 1, 1, 1, 0, 2, 0, 0];[2, 12, 15, 19, 10, 14, 9, 1, 16, 13, 3, 4, 7, 6, 11, 0, 17, 8, 5, 18]|[0, 0, 0, 0, 2, 2, 0, 0, 1, 0, 2, 1, 0, 1, 2, 0, 0, 0, 2, 1]|[0, 3, 3, 3, 1, 1, 3, 3, 1, 3, 1, 1, 3, 1, 1, 3, 2, 3, 1, 1]|[1, 0, 2, 0, 1, 0, 2, 1, 1, 2, 1, 0, 0, 1, 1, 1, 0, 2, 0, 0];[19, 6, 5, 4, 16, 14, 12, 17, 2, 10, 18, 15, 7, 0, 11, 9, 13, 8, 3, 1]|[2, 1, 2, 1, 2, 2, 1, 2, 0, 1, 0, 0, 0, 0, 0, 1, 1, 1, 0, 0]|[0, 1, 0, 1, 0, 0, 0, 0, 3, 1, 3, 3, 3, 3, 3, 1, 1, 1, 3, 3]|[1, 1, 1, 0, 0, 1, 1, 1, 0, 1, 2, 0, 1, 0, 2, 1, 1, 1, 0, 0];[19, 14, 2, 4, 16, 5, 3, 12, 10, 6, 0, 18, 9, 8, 15, 11, 7, 17, 13, 1]|[1, 0, 2, 1, 2, 2, 1, 1, 1, 0, 0, 0, 1, 1, 2, 2, 0, 0, 0, 0]|[0, 3, 0, 1, 0, 0, 1, 1, 1, 3, 3, 3, 1, 1, 1, 1, 3, 3, 3, 3]|[1, 0, 1, 0, 0, 1, 1, 1, 1, 0, 2, 0, 1, 1, 1, 0, 0, 0, 2, 0];[19, 6, 5, 4, 16, 14, 12, 17, 2, 10, 18, 15, 7, 0, 11, 9, 13, 8, 3, 1]|[2, 1, 2, 1, 2, 2, 1, 2, 0, 1, 0, 0, 0, 0, 0, 1, 1, 1, 0, 0]|[0, 1, 0, 1, 0, 0, 0, 0, 3, 1, 3, 3, 3, 3, 3, 1, 1, 1, 3, 3]|[1, 1, 1, 0, 0, 1, 1, 1, 0, 1, 2, 0, 1, 0, 2, 1, 1, 1, 0, 0];[5, 4, 14, 10, 2, 13, 16, 19, 17, 7, 11, 6, 9, 15, 0, 1, 12, 18, 3, 8]|[0, 1, 1, 0, 2, 1, 2, 2, 1, 0, 0, 2, 0, 1, 0, 1, 1, 2, 1, 0]|[3, 1, 1, 3, 0, 1, 0, 0, 0, 0, 3, 0, 3, 1, 3, 1, 1, 0, 1, 3]|[2, 1, 1, 2, 1, 0, 0, 1, 1, 1, 0, 0, 2, 1, 1, 1, 1, 0, 1, 0];[2, 12, 15, 19, 10, 14, 9, 1, 16, 3, 13, 4, 7, 6, 11, 0, 8, 18, 17, 5]|[0, 0, 0, 0, 2, 2, 0, 0, 1, 0, 2, 1, 0, 1, 2, 0, 0, 0, 2, 1]|[3, 3, 3, 3, 1, 1, 3, 3, 1, 3, 1, 1, 3, 1, 1, 3, 2, 3, 1, 1]|[1, 0, 2, 0, 1, 0, 2, 1, 1, 2, 1, 0, 0, 1, 1, 1, 0, 2, 0, 1];[19, 15, 11, 2, 10, 14, 9, 1, 16, 13, 18, 4, 7, 12, 6, 0, 17, 8, 5, 3]|[0, 0, 0, 0, 2, 2, 0, 0, 1, 0, 2, 1, 0, 1, 2, 0, 0, 0, 2, 1]|[3, 3, 3, 0, 1, 1, 3, 3, 1, 3, 1, 1, 3, 1, 1, 3, 2, 3, 1, 1]|[0, 2, 0, 1, 1, 0, 2, 1, 1, 2, 1, 0, 0, 1, 1, 1, 0, 2, 0, 1];[19, 15, 11, 2, 10, 14, 9, 1, 16, 13, 18, 4, 7, 12, 6, 0, 17, 8, 5, 3]|[0, 0, 0, 0, 2, 2, 0, 0, 1, 0, 2, 1, 0, 1, 2, 0, 0, 0, 2, 1]|[3, 3, 3, 0, 1, 1, 3, 3, 1, 3, 1, 1, 3, 1, 1, 3, 2, 3, 1, 1]|[0, 2, 0, 1, 1, 0, 2, 1, 1, 2, 1, 0, 0, 1, 1, 1, 0, 2, 0, 1];[1, 19, 13, 14, 2, 4, 16, 5, 3, 10, 11, 6, 8, 15, 7, 9, 12, 18, 17, 0]|[0, 1, 1, 0, 2, 1, 2, 2, 1, 0, 0, 2, 0, 1, 0, 1, 1, 2, 1, 0]|[3, 1, 1, 3, 0, 1, 0, 0, 0, 0, 3, 0, 3, 1, 3, 1, 1, 0, 1, 3]|[2, 1, 1, 2, 1, 0, 0, 1, 1, 0, 0, 1, 2, 1, 2, 1, 1, 1, 1, 0];[1, 2, 13, 14, 19, 4, 6, 5, 18, 7, 0, 16, 8, 3, 12, 17, 15, 11, 9, 10]|[0, 1, 1, 0, 2, 1, 2, 2, 1, 1, 0, 2, 0, 0, 1, 1, 2, 1, 1, 0]|[0, 1, 0, 3, 0, 1, 0, 0, 0, 1, 3, 0, 3, 3, 1, 1, 0, 1, 1, 3]|[0, 1, 1, 2, 0, 0, 1, 1, 1, 1, 0, 0, 2, 0, 1, 1, 1, 1, 1, 0];[2, 12, 15, 19, 10, 14, 9, 1, 16, 13, 6, 0, 7, 3, 11, 18, 17, 8, 4, 5]|[0, 0, 0, 0, 2, 2, 0, 0, 1, 0, 2, 1, 0, 1, 2, 0, 0, 0, 2, 1]|[3, 3, 3, 3, 1, 1, 3, 3, 1, 3, 1, 1, 3, 1, 1, 3, 2, 3, 1, 1]|[1, 0, 2, 0, 1, 0, 2, 1, 1, 2, 1, 0, 0, 1, 1, 1, 0, 2, 0, 1];[1, 19, 7, 14, 2, 16, 5, 10, 11, 6, 8, 18, 3, 4, 15, 9, 12, 13, 17, 0]|[0, 1, 0, 0, 2, 2, 2, 0, 0, 2, 0, 2, 1, 1, 1, 1, 1, 1, 1, 0]|[3, 1, 3, 3, 0, 0, 0, 0, 3, 0, 3, 0, 1, 1, 1, 1, 1, 1, 1, 3]|[2, 1, 2, 2, 1, 0, 1, 0, 0, 1, 2, 1, 1, 1, 1, 1, 1, 1, 1, 0];[19, 14, 2, 4, 16, 5, 12, 1, 18, 10, 6, 11, 7, 17, 15, 9, 3, 13, 0, 8]|[1, 0, 2, 2, 2, 2, 2, 0, 0, 0, 2, 0, 0, 1, 1, 1, 1, 1, 1, 0]|[1, 0, 0, 1, 0, 0, 0, 3, 3, 3, 0, 3, 3, 1, 1, 1, 1, 1, 1, 3]|[1, 1, 1, 1, 0, 1, 0, 0, 0, 2, 1, 0, 0, 1, 1, 1, 1, 1, 1, 2];[5, 4, 3, 15, 17, 12, 9, 18, 8, 6, 10, 11, 7, 1, 16, 14, 13, 19, 2, 0]|[0, 1, 1, 2, 1, 1, 0, 1, 0, 2, 0, 0, 1, 2, 2, 1, 0, 2, 1, 0]|[3, 1, 1, 0, 1, 1, 3, 1, 3, 0, 3, 3, 1, 0, 0, 1, 3, 0, 1, 3]|[0, 1, 1, 0, 1, 1, 1, 1, 2, 1, 0, 0, 1, 1, 0, 1, 2, 1, 1, 0];[1, 19, 13, 14, 2, 8, 6, 16, 3, 10, 11, 4, 0, 7, 5, 15, 12, 17, 18, 9]|[0, 1, 1, 0, 2, 1, 2, 2, 1, 0, 0, 2, 0, 1, 0, 1, 1, 2, 1, 0]|[3, 1, 1, 3, 0, 1, 0, 0, 0, 0, 3, 0, 3, 0, 3, 1, 1, 0, 1, 3]|[0, 1, 1, 2, 1, 0, 0, 1, 1, 1, 0, 1, 2, 1, 0, 1, 1, 0, 1, 0];[2, 19, 15, 12, 10, 14, 9, 18, 16, 13, 3, 4, 8, 6, 1, 11, 0, 7, 5, 17]|[0, 0, 0, 0, 2, 2, 2, 0, 1, 0, 2, 1, 0, 1, 0, 0, 0, 0, 2, 1]|[0, 3, 3, 3, 1, 1, 1, 3, 1, 3, 1, 1, 2, 1, 3, 3, 3, 3, 1, 1]|[1, 0, 2, 0, 1, 0, 0, 1, 1, 2, 1, 0, 0, 1, 1, 0, 2, 1, 0, 0];[2, 19, 15, 12, 10, 14, 9, 18, 16, 13, 3, 4, 8, 6, 1, 11, 0, 7, 5, 17]|[0, 0, 0, 0, 2, 2, 2, 0, 1, 0, 2, 1, 0, 1, 0, 0, 0, 0, 2, 1]|[0, 3, 3, 3, 1, 1, 1, 3, 1, 3, 1, 1, 2, 1, 3, 3, 3, 3, 1, 1]|[1, 0, 2, 0, 1, 0, 0, 1, 1, 2, 1, 0, 0, 1, 1, 0, 2, 1, 0, 0];[2, 19, 15, 12, 10, 14, 9, 18, 16, 13, 3, 4, 8, 6, 1, 11, 0, 7, 5, 17]|[0, 0, 0, 0, 2, 2, 2, 0, 1, 0, 2, 1, 0, 1, 0, 0, 0, 0, 2, 1]|[0, 3, 3, 3, 1, 1, 1, 3, 1, 3, 1, 1, 2, 1, 3, 3, 3, 3, 1, 1]|[1, 0, 2, 0, 1, 0, 0, 1, 1, 2, 1, 0, 0, 1, 1, 0, 2, 1, 0, 0];[2, 19, 15, 12, 10, 14, 9, 18, 16, 13, 3, 4, 8, 6, 1, 11, 0, 7, 5, 17]|[0, 0, 0, 0, 2, 2, 2, 0, 1, 0, 2, 1, 0, 1, 0, 0, 0, 0, 2, 1]|[0, 3, 3, 3, 1, 1, 1, 3, 1, 3, 1, 1, 2, 1, 3, 3, 3, 3, 1, 1]|[1, 0, 2, 0, 1, 0, 0, 1, 1, 2, 1, 0, 0, 1, 1, 0, 2, 1, 0, 0];[1, 19, 13, 14, 2, 4, 16, 5, 3, 10, 11, 6, 8, 12, 18, 7, 17, 0, 9, 15]|[0, 1, 1, 0, 2, 1, 2, 2, 1, 0, 0, 2, 0, 1, 0, 1, 1, 2, 1, 0]|[3, 1, 1, 3, 0, 1, 0, 0, 0, 2, 3, 0, 3, 1, 3, 1, 1, 0, 1, 3]|[0, 1, 1, 2, 1, 0, 0, 1, 1, 0, 0, 1, 2, 1, 1, 1, 1, 0, 1, 0];[1, 19, 13, 14, 2, 4, 16, 5, 3, 12, 10, 6, 11, 18, 7, 9, 15, 0, 17, 8]|[0, 1, 1, 0, 2, 2, 2, 2, 1, 0, 0, 1, 0, 1, 0, 2, 1, 2, 1, 0]|[1, 1, 1, 3, 0, 0, 0, 0, 0, 3, 0, 1, 3, 0, 3, 1, 1, 0, 1, 3]|[0, 1, 1, 2, 1, 1, 0, 1, 1, 0, 0, 0, 2, 1, 1, 0, 1, 1, 1, 0];[1, 19, 13, 14, 2, 4, 16, 5, 3, 12, 10, 6, 11, 18, 7, 9, 15, 0, 17, 8]|[0, 1, 1, 0, 2, 2, 2, 2, 1, 0, 0, 1, 0, 1, 0, 2, 1, 2, 1, 0]|[1, 1, 1, 3, 0, 0, 0, 0, 0, 3, 0, 1, 3, 0, 3, 1, 1, 0, 1, 3]|[0, 1, 1, 2, 1, 1, 0, 1, 1, 0, 0, 0, 2, 1, 1, 0, 1, 1, 1, 0];[1, 2, 14, 16, 5, 7, 11, 6, 8, 18, 4, 19, 15, 12, 9, 17, 0, 3, 13, 10]|[0, 2, 0, 2, 2, 0, 0, 2, 0, 0, 1, 1, 2, 1, 1, 1, 1, 1, 1, 0]|[0, 0, 3, 0, 0, 3, 3, 0, 3, 3, 1, 1, 0, 1, 1, 1, 1, 1, 1, 3]|[0, 1, 2, 0, 1, 0, 0, 1, 2, 0, 1, 1, 0, 1, 1, 1, 1, 1, 1, 0];[2, 13, 1, 10, 14, 9, 18, 16, 15, 3, 4, 0, 12, 11, 6, 7, 8, 17, 19, 5]|[0, 0, 0, 2, 2, 0, 0, 1, 0, 2, 1, 0, 0, 2, 1, 0, 0, 0, 2, 1]|[3, 3, 3, 1, 1, 3, 3, 1, 3, 1, 1, 3, 3, 1, 1, 3, 3, 3, 1, 1]|[0, 2, 0, 1, 0, 2, 0, 1, 2, 1, 0, 0, 1, 1, 1, 0, 2, 0, 0, 1];[1, 2, 13, 14, 19, 4, 16, 5, 3, 10, 11, 6, 8, 12, 7, 9, 18, 17, 15, 0]|[0, 1, 1, 0, 2, 1, 2, 2, 1, 0, 0, 2, 0, 1, 0, 1, 1, 2, 1, 0]|[3, 1, 0, 3, 0, 1, 0, 0, 0, 0, 0, 0, 1, 1, 3, 1, 1, 0, 1, 3]|[0, 1, 1, 2, 1, 0, 0, 1, 1, 1, 0, 1, 2, 1, 1, 1, 1, 1, 1, 0];[5, 4, 14, 10, 11, 19, 16, 6, 3, 15, 0, 1, 8, 13, 18, 7, 12, 2, 9, 17]|[0, 1, 1, 0, 2, 1, 2, 2, 1, 0, 0, 2, 0, 1, 0, 1, 1, 2, 1, 0]|[3, 1, 0, 3, 0, 1, 0, 0, 0, 2, 3, 0, 3, 1, 3, 1, 1, 0, 1, 3]|[0, 1, 1, 2, 1, 0, 0, 1, 1, 1, 0, 0, 2, 1, 1, 1, 1, 0, 1, 0];[1, 5, 14, 16, 19, 9, 10, 11, 6, 8, 15, 3, 2, 12, 18, 13, 17, 7, 4, 0]|[0, 2, 0, 2, 2, 1, 0, 0, 2, 0, 2, 1, 1, 1, 1, 1, 1, 0, 1, 0]|[3, 0, 3, 0, 0, 1, 2, 3, 0, 3, 0, 1, 1, 1, 1, 1, 1, 3, 1, 3]|[2, 1, 2, 0, 1, 1, 0, 0, 1, 2, 0, 1, 1, 1, 1, 1, 1, 0, 1, 0];[5, 4, 14, 10, 2, 13, 16, 19, 17, 7, 18, 0, 8, 12, 1, 11, 3, 15, 6, 9]|[0, 1, 1, 0, 2, 1, 2, 2, 1, 0, 0, 2, 0, 0, 1, 1, 1, 2, 1, 0]|[3, 1, 1, 3, 0, 1, 0, 0, 1, 3, 3, 0, 3, 3, 1, 1, 1, 0, 1, 3]|[0, 1, 1, 2, 1, 1, 0, 1, 1, 0, 0, 1, 2, 1, 1, 1, 1, 1, 1, 0];[1, 4, 19, 2, 14, 13, 16, 5, 3, 17, 11, 6, 8, 9, 7, 18, 12, 15, 10, 0]|[0, 1, 1, 2, 0, 1, 2, 2, 1, 0, 0, 2, 0, 1, 0, 1, 1, 2, 1, 0]|[3, 1, 1, 0, 3, 1, 0, 0, 1, 3, 3, 0, 3, 1, 3, 1, 1, 0, 1, 3]|[2, 1, 1, 1, 2, 1, 0, 1, 1, 0, 0, 1, 2, 1, 1, 1, 1, 0, 1, 0];[2, 1, 13, 14, 19, 4, 16, 5, 3, 10, 11, 17, 6, 7, 18, 9, 15, 0, 12, 8]|[0, 1, 1, 0, 2, 1, 2, 2, 1, 0, 0, 2, 0, 1, 0, 1, 1, 2, 1, 0]|[3, 1, 1, 3, 0, 1, 0, 0, 0, 0, 3, 0, 3, 0, 3, 1, 1, 0, 1, 3]|[0, 1, 1, 2, 1, 0, 0, 1, 1, 0, 0, 1, 2, 1, 0, 1, 1, 1, 1, 0];[1, 2, 13, 18, 6, 11, 10, 3, 5, 16, 4, 19, 14, 17, 7, 12, 0, 15, 9, 8]|[0, 1, 1, 0, 2, 0, 0, 1, 2, 2, 1, 2, 0, 0, 0, 1, 1, 2, 1, 0]|[3, 1, 1, 2, 0, 3, 0, 0, 0, 0, 1, 1, 3, 1, 3, 1, 1, 0, 1, 3]|[0, 1, 1, 2, 1, 0, 1, 1, 1, 0, 0, 1, 2, 1, 1, 1, 1, 0, 1, 0];[1, 19, 13, 14, 2, 4, 16, 5, 3, 7, 11, 6, 8, 9, 18, 12, 0, 15, 17, 10]|[0, 1, 1, 0, 2, 1, 2, 2, 1, 0, 0, 2, 0, 1, 0, 1, 1, 2, 1, 0]|[3, 1, 0, 3, 0, 1, 0, 0, 0, 3, 3, 0, 3, 1, 3, 1, 1, 0, 1, 3]|[0, 1, 1, 2, 1, 0, 0, 1, 1, 0, 0, 1, 2, 1, 0, 1, 1, 0, 1, 0];[1, 2, 13, 14, 19, 4, 16, 5, 3, 10, 11, 6, 18, 7, 9, 12, 17, 0, 15, 8]|[0, 0, 1, 0, 2, 1, 2, 2, 1, 0, 0, 2, 0, 1, 0, 1, 1, 2, 1, 0]|[3, 0, 0, 3, 1, 1, 0, 0, 0, 2, 3, 0, 3, 1, 0, 1, 1, 0, 0, 3]|[2, 1, 1, 2, 1, 0, 0, 1, 1, 0, 0, 1, 2, 1, 1, 1, 1, 1, 1, 2];[12, 15, 19, 10, 14, 9, 1, 16, 5, 18, 7, 8, 11, 17, 4, 6, 3, 2, 13, 0]|[0, 0, 2, 2, 1, 2, 2, 1, 0, 0, 0, 0, 2, 1, 0, 1, 2, 0, 0, 1]|[2, 3, 0, 0, 1, 0, 0, 0, 0, 3, 3, 3, 1, 1, 3, 1, 1, 0, 3, 1]|[0, 1, 0, 1, 0, 0, 1, 1, 2, 0, 0, 1, 1, 1, 0, 0, 1, 2, 2, 1];[5, 2, 14, 10, 4, 13, 16, 19, 6, 1, 9, 15, 12, 7, 18, 11, 17, 3, 8, 0]|[0, 1, 1, 0, 2, 1, 2, 2, 1, 0, 1, 1, 2, 0, 0, 2, 1, 2, 1, 0]|[3, 1, 1, 3, 1, 1, 0, 0, 0, 0, 1, 1, 0, 2, 3, 0, 0, 0, 1, 3]|[0, 1, 1, 2, 1, 0, 0, 1, 1, 1, 1, 1, 1, 0, 2, 1, 0, 1, 1, 0];[5, 2, 14, 10, 4, 13, 16, 19, 17, 9, 6, 0, 3, 11, 1, 15, 7, 8, 12, 18]|[0, 1, 1, 0, 2, 1, 2, 2, 1, 0, 2, 0, 1, 0, 0, 2, 1, 2, 1, 0]|[2, 1, 1, 3, 1, 1, 0, 0, 0, 3, 1, 0, 1, 3, 3, 0, 1, 0, 1, 3]|[2, 1, 1, 0, 1, 0, 0, 1, 1, 1, 1, 1, 1, 0, 2, 0, 1, 1, 1, 0];[2, 13, 6, 14, 17, 10, 3, 5, 16, 4, 19, 9, 11, 12, 7, 0, 15, 18, 8, 1]|[1, 1, 0, 0, 2, 2, 1, 2, 2, 1, 2, 0, 0, 1, 1, 1, 2, 1, 0, 0]|[0, 0, 0, 3, 1, 0, 0, 1, 0, 1, 0, 3, 3, 1, 1, 1, 0, 1, 3, 3]|[1, 1, 0, 2, 1, 0, 1, 1, 0, 0, 1, 0, 0, 1, 1, 1, 0, 1, 2, 0];[1, 2, 13, 14, 19, 4, 16, 5, 3, 10, 11, 6, 8, 12, 7, 15, 9, 17, 18, 0]|[0, 1, 1, 0, 2, 1, 2, 2, 1, 2, 0, 0, 0, 1, 0, 1, 1, 2, 1, 0]|[3, 0, 0, 3, 1, 1, 0, 0, 0, 0, 0, 3, 1, 1, 3, 1, 1, 0, 1, 3]|[1, 1, 1, 2, 1, 0, 0, 1, 1, 1, 0, 0, 2, 1, 1, 1, 1, 1, 1, 0];[5, 6, 19, 10, 2, 14, 12, 7, 15, 3, 18, 11, 8, 16, 17, 13, 4, 9, 0, 1]|[2, 1, 2, 0, 1, 1, 1, 0, 1, 0, 0, 0, 2, 2, 2, 1, 2, 1, 0, 0]|[0, 1, 1, 2, 1, 0, 0, 3, 0, 0, 3, 0, 1, 0, 0, 1, 1, 1, 3, 3]|[0, 1, 1, 2, 1, 0, 1, 0, 1, 1, 1, 0, 1, 0, 0, 0, 1, 1, 0, 2];[1, 19, 8, 7, 5, 13, 6, 16, 3, 17, 2, 15, 14, 12, 9, 4, 18, 10, 11, 0]|[0, 1, 1, 0, 2, 1, 2, 2, 1, 2, 0, 1, 0, 1, 1, 2, 1, 0, 0, 0]|[1, 0, 1, 3, 1, 1, 0, 0, 0, 0, 0, 0, 0, 1, 1, 0, 1, 3, 3, 2]|[2, 1, 0, 0, 1, 0, 0, 1, 1, 1, 2, 1, 2, 1, 1, 0, 1, 0, 0, 0];[5, 6, 19, 10, 2, 14, 12, 7, 15, 3, 18, 11, 8, 16, 17, 13, 4, 9, 0, 1]|[2, 1, 2, 0, 1, 1, 1, 0, 1, 0, 0, 0, 2, 2, 2, 1, 2, 1, 0, 0]|[0, 1, 1, 2, 1, 0, 0, 3, 0, 0, 3, 0, 1, 0, 0, 1, 1, 1, 3, 3]|[0, 1, 1, 2, 1, 0, 1, 0, 1, 1, 1, 0, 1, 0, 0, 0, 1, 1, 0, 2];[19, 4, 2, 13, 16, 5, 11, 18, 7, 17, 15, 12, 10, 1, 3, 8, 9, 6, 14, 0]|[1, 1, 2, 1, 2, 2, 0, 1, 2, 1, 1, 1, 0, 0, 0, 0, 0, 2, 0, 0]|[1, 1, 0, 1, 0, 0, 3, 1, 0, 1, 1, 1, 3, 3, 3, 3, 3, 0, 3, 3]|[1, 1, 1, 1, 0, 1, 0, 1, 0, 1, 1, 1, 0, 0, 0, 2, 0, 1, 0, 2];[19, 14, 5, 4, 16, 2, 3, 9, 17, 6, 15, 11, 7, 8, 12, 10, 13, 18, 0, 1]|[1, 0, 2, 1, 2, 2, 1, 0, 0, 1, 1, 0, 0, 1, 2, 2, 2, 1, 0, 0]|[0, 0, 1, 1, 0, 1, 0, 3, 3, 0, 1, 0, 3, 1, 0, 0, 0, 1, 3, 3]|[1, 2, 1, 0, 0, 1, 1, 0, 0, 0, 1, 1, 0, 1, 1, 1, 0, 1, 2, 0];[19, 14, 5, 4, 16, 2, 3, 9, 17, 6, 15, 11, 7, 8, 12, 10, 13, 18, 0, 1]|[1, 0, 2, 1, 2, 2, 1, 0, 0, 1, 1, 0, 0, 1, 2, 2, 2, 1, 0, 0]|[0, 0, 1, 1, 0, 1, 0, 3, 3, 0, 1, 0, 3, 1, 0, 0, 0, 1, 3, 3]|[1, 2, 1, 0, 0, 1, 1, 0, 0, 0, 1, 1, 0, 1, 1, 1, 0, 1, 2, 0];[19, 14, 5, 4, 16, 2, 3, 9, 17, 6, 15, 11, 7, 8, 12, 10, 13, 18, 0, 1]|[1, 0, 2, 1, 2, 2, 1, 0, 0, 1, 1, 0, 0, 1, 2, 2, 2, 1, 0, 0]|[0, 0, 1, 1, 0, 1, 0, 3, 3, 0, 1, 0, 3, 1, 0, 0, 0, 1, 3, 3]|[1, 2, 1, 0, 0, 1, 1, 0, 0, 0, 1, 1, 0, 1, 1, 1, 0, 1, 2, 0];[19, 14, 5, 4, 16, 2, 3, 9, 17, 6, 15, 11, 7, 8, 12, 10, 13, 18, 0, 1]|[1, 0, 2, 1, 2, 2, 1, 0, 0, 1, 1, 0, 0, 1, 2, 2, 2, 1, 0, 0]|[0, 0, 1, 1, 0, 1, 0, 3, 3, 0, 1, 0, 3, 1, 0, 0, 0, 1, 3, 3]|[1, 2, 1, 0, 0, 1, 1, 0, 0, 0, 1, 1, 0, 1, 1, 1, 0, 1, 2, 0];[12, 5, 4, 15, 11, 19, 1, 16, 3, 9, 0, 10, 2, 14, 6, 17, 13, 18, 7, 8]|[0, 2, 0, 2, 0, 1, 0, 2, 1, 2, 2, 1, 2, 0, 1, 1, 1, 2, 1, 0]|[3, 0, 3, 1, 0, 1, 2, 1, 1, 0, 0, 1, 1, 3, 0, 1, 1, 0, 1, 3]|[0, 0, 2, 1, 1, 1, 0, 0, 1, 1, 1, 1, 1, 2, 0, 1, 1, 0, 1, 0];[12, 5, 4, 15, 11, 19, 1, 16, 3, 9, 0, 10, 2, 14, 6, 17, 13, 18, 7, 8]|[0, 2, 0, 2, 0, 1, 0, 2, 1, 2, 2, 1, 2, 0, 1, 1, 1, 2, 1, 0]|[3, 0, 3, 1, 0, 1, 2, 1, 1, 0, 0, 1, 1, 3, 0, 1, 1, 0, 1, 3]|[0, 0, 2, 1, 1, 1, 0, 0, 1, 1, 1, 1, 1, 2, 0, 1, 1, 0, 1, 0];[12, 5, 4, 15, 11, 19, 1, 16, 3, 9, 0, 10, 2, 14, 6, 17, 13, 18, 7, 8]|[0, 2, 0, 2, 0, 1, 0, 2, 1, 2, 2, 1, 2, 0, 1, 1, 1, 2, 1, 0]|[3, 0, 3, 1, 0, 1, 2, 1, 1, 0, 0, 1, 1, 3, 0, 1, 1, 0, 1, 3]|[0, 0, 2, 1, 1, 1, 0, 0, 1, 1, 1, 1, 1, 2, 0, 1, 1, 0, 1, 0];[12, 5, 4, 15, 11, 19, 1, 16, 3, 9, 0, 10, 2, 14, 6, 17, 13, 18, 7, 8]|[0, 2, 0, 2, 0, 1, 0, 2, 1, 2, 2, 1, 2, 0, 1, 1, 1, 2, 1, 0]|[3, 0, 3, 1, 0, 1, 2, 1, 1, 0, 0, 1, 1, 3, 0, 1, 1, 0, 1, 3]|[0, 0, 2, 1, 1, 1, 0, 0, 1, 1, 1, 1, 1, 2, 0, 1, 1, 0, 1, 0];[11, 19, 14, 2, 4, 16, 5, 3, 9, 10, 18, 7, 1, 15, 0, 12, 17, 6, 13, 8]|[0, 1, 0, 2, 1, 2, 2, 1, 1, 0, 0, 2, 0, 2, 0, 1, 1, 2, 1, 0]|[0, 0, 1, 1, 1, 0, 1, 0, 1, 3, 3, 0, 3, 0, 3, 1, 1, 0, 0, 3]|[2, 1, 1, 1, 0, 0, 1, 1, 1, 0, 0, 1, 0, 0, 2, 1, 1, 1, 1, 0];[11, 19, 14, 2, 4, 16, 5, 3, 9, 10, 18, 7, 1, 15, 0, 12, 17, 6, 13, 8]|[0, 1, 0, 2, 1, 2, 2, 1, 1, 0, 0, 2, 0, 2, 0, 1, 1, 2, 1, 0]|[0, 0, 1, 1, 1, 0, 1, 0, 1, 3, 3, 0, 3, 0, 3, 1, 1, 0, 0, 3]|[2, 1, 1, 1, 0, 0, 1, 1, 1, 0, 0, 1, 0, 0, 2, 1, 1, 1, 1, 0];[11, 19, 14, 2, 4, 16, 5, 3, 9, 10, 18, 7, 1, 15, 0, 12, 17, 6, 13, 8]|[0, 1, 0, 2, 1, 2, 2, 1, 1, 0, 0, 2, 0, 2, 0, 1, 1, 2, 1, 0]|[0, 0, 1, 1, 1, 0, 1, 0, 1, 3, 3, 0, 3, 0, 3, 1, 1, 0, 0, 3]|[2, 1, 1, 1, 0, 0, 1, 1, 1, 0, 0, 1, 0, 0, 2, 1, 1, 1, 1, 0];[11, 19, 14, 2, 4, 16, 5, 3, 9, 10, 18, 7, 1, 15, 0, 12, 17, 6, 13, 8]|[0, 1, 0, 2, 1, 2, 2, 1, 1, 0, 0, 2, 0, 2, 0, 1, 1, 2, 1, 0]|[0, 0, 1, 1, 1, 0, 1, 0, 1, 3, 3, 0, 3, 0, 3, 1, 1, 0, 0, 3]|[2, 1, 1, 1, 0, 0, 1, 1, 1, 0, 0, 1, 0, 0, 2, 1, 1, 1, 1, 0];[1, 9, 4, 5, 14, 13, 2, 15, 17, 10, 8, 6, 16, 12, 19, 11, 0, 7, 3, 18]|[0, 1, 1, 2, 0, 1, 1, 0, 0, 1, 0, 2, 2, 2, 2, 1, 0, 2, 1, 0]|[1, 0, 1, 1, 2, 0, 1, 0, 3, 0, 3, 0, 0, 0, 0, 1, 3, 0, 0, 3]|[2, 1, 0, 0, 0, 1, 1, 0, 1, 1, 2, 1, 1, 0, 1, 0, 0, 1, 1, 0];[3, 4, 6, 8, 18, 14, 9, 12, 10, 15, 1, 0, 19, 17, 7, 16, 13, 2, 5, 11]|[2, 1, 1, 2, 0, 0, 1, 2, 2, 0, 0, 0, 0, 0, 0, 1, 0, 0, 2, 1]|[1, 1, 1, 1, 3, 3, 1, 1, 1, 3, 3, 3, 3, 3, 3, 1, 3, 3, 1, 1]|[0, 1, 1, 1, 0, 2, 1, 0, 1, 0, 1, 0, 2, 0, 0, 1, 2, 0, 0, 1];[19, 15, 14, 4, 13, 16, 5, 12, 7, 6, 0, 10, 9, 11, 1, 17, 2, 3, 8, 18]|[2, 1, 1, 0, 1, 2, 2, 1, 0, 0, 0, 2, 2, 0, 1, 1, 1, 2, 1, 0]|[1, 1, 0, 3, 1, 0, 0, 0, 0, 3, 1, 0, 0, 3, 0, 0, 1, 0, 1, 3]|[0, 1, 1, 2, 0, 1, 1, 1, 0, 0, 1, 1, 0, 0, 1, 1, 0, 1, 1, 0];[10, 3, 5, 16, 4, 19, 18, 13, 8, 7, 12, 15, 11, 1, 2, 14, 6, 17, 9, 0]|[0, 1, 2, 2, 1, 2, 0, 1, 1, 0, 1, 2, 0, 0, 0, 0, 2, 1, 1, 1]|[3, 0, 0, 0, 1, 1, 2, 0, 1, 0, 1, 0, 3, 3, 2, 1, 0, 1, 1, 0]|[2, 1, 1, 0, 0, 1, 1, 1, 1, 0, 1, 0, 0, 2, 0, 2, 1, 1, 1, 0];[5, 1, 16, 4, 14, 13, 10, 11, 7, 8, 12, 3, 9, 17, 15, 6, 2, 19, 18, 0]|[0, 2, 2, 1, 0, 1, 0, 0, 2, 0, 1, 1, 2, 1, 1, 2, 2, 2, 1, 0]|[0, 0, 1, 1, 3, 1, 2, 3, 0, 3, 1, 1, 0, 1, 1, 0, 0, 1, 1, 1]|[2, 0, 1, 1, 1, 1, 0, 0, 1, 2, 1, 1, 1, 1, 1, 0, 0, 1, 1, 0];[5, 2, 14, 10, 4, 13, 16, 19, 17, 0, 11, 9, 12, 3, 18, 15, 6, 1, 7, 8]|[0, 1, 0, 2, 1, 1, 2, 2, 1, 0, 1, 2, 2, 0, 0, 2, 1, 2, 1, 0]|[0, 0, 3, 1, 1, 1, 0, 1, 0, 3, 0, 0, 1, 0, 3, 0, 1, 0, 1, 3]|[0, 0, 2, 1, 1, 1, 0, 1, 1, 2, 0, 0, 0, 1, 0, 1, 1, 1, 1, 0];[5, 2, 14, 10, 4, 13, 16, 19, 17, 0, 11, 9, 12, 3, 18, 15, 6, 1, 7, 8]|[0, 1, 0, 2, 1, 1, 2, 2, 1, 0, 1, 2, 2, 0, 0, 2, 1, 2, 1, 0]|[0, 0, 3, 1, 1, 1, 0, 1, 0, 3, 0, 0, 1, 0, 3, 0, 1, 0, 1, 3]|[0, 0, 2, 1, 1, 1, 0, 1, 1, 2, 0, 0, 0, 1, 0, 1, 1, 1, 1, 0];[5, 2, 14, 10, 4, 13, 16, 19, 17, 0, 11, 9, 12, 3, 18, 15, 6, 1, 7, 8]|[0, 1, 0, 2, 1, 1, 2, 2, 1, 0, 1, 2, 2, 0, 0, 2, 1, 2, 1, 0]|[0, 0, 3, 1, 1, 1, 0, 1, 0, 3, 0, 0, 1, 0, 3, 0, 1, 0, 1, 3]|[0, 0, 2, 1, 1, 1, 0, 1, 1, 2, 0, 0, 0, 1, 0, 1, 1, 1, 1, 0];[5, 2, 14, 10, 4, 13, 16, 19, 17, 0, 11, 9, 12, 3, 18, 15, 6, 1, 7, 8]|[0, 1, 0, 2, 1, 1, 2, 2, 1, 0, 1, 2, 2, 0, 0, 2, 1, 2, 1, 0]|[0, 0, 3, 1, 1, 1, 0, 1, 0, 3, 0, 0, 1, 0, 3, 0, 1, 0, 1, 3]|[0, 0, 2, 1, 1, 1, 0, 1, 1, 2, 0, 0, 0, 1, 0, 1, 1, 1, 1, 0];[2, 19, 8, 14, 9, 6, 18, 12, 13, 1, 7, 0, 4, 10, 11, 16, 3, 15, 5, 17]|[0, 1, 1, 0, 2, 1, 0, 1, 2, 1, 0, 2, 0, 0, 2, 2, 1, 1, 1, 0]|[3, 1, 1, 3, 0, 1, 3, 1, 0, 1, 3, 0, 3, 3, 0, 0, 1, 1, 1, 3]|[0, 1, 1, 2, 1, 1, 0, 1, 0, 1, 2, 1, 0, 2, 0, 1, 1, 1, 1, 0];[2, 19, 8, 14, 9, 6, 18, 12, 13, 1, 7, 0, 4, 10, 11, 16, 3, 15, 5, 17]|[0, 1, 1, 0, 2, 1, 0, 1, 2, 1, 0, 2, 0, 0, 2, 2, 1, 1, 1, 0]|[3, 1, 1, 3, 0, 1, 3, 1, 0, 1, 3, 0, 3, 3, 0, 0, 1, 1, 1, 3]|[0, 1, 1, 2, 1, 1, 0, 1, 0, 1, 2, 1, 0, 2, 0, 1, 1, 1, 1, 0];[5, 14, 4, 13, 16, 19, 3, 2, 1, 17, 10, 6, 11, 18, 7, 15, 12, 9, 0, 8]|[0, 0, 1, 1, 2, 2, 1, 1, 0, 1, 2, 2, 0, 0, 2, 2, 1, 2, 1, 2]|[0, 3, 0, 1, 0, 1, 0, 1, 3, 0, 1, 0, 0, 3, 0, 0, 1, 0, 1, 1]|[0, 2, 1, 0, 1, 0, 1, 1, 0, 0, 0, 1, 0, 1, 1, 1, 1, 0, 1, 1]	sBp=[19, 17, 11, 5, 9, 6, 4, 10, 14, 2, 16, 12, 15, 3, 0, 1, 13, 8, 18, 7]|[2, 1, 1, 2, 2, 1, 2, 0, 1, 1, 2, 2, 0, 0, 0, 2, 1, 0, 1, 0]|[1, 0, 1, 1, 0, 1, 1, 2, 1, 0, 0, 0, 3, 0, 0, 0, 1, 3, 1, 1]|[1, 0, 1, 1, 0, 1, 1, 1, 1, 0, 0, 0, 0, 0, 2, 1, 1, 0, 1, 1];[2, 19, 8, 14, 9, 6, 18, 12, 13, 1, 7, 0, 4, 10, 11, 16, 3, 15, 5, 17]|[0, 1, 1, 0, 2, 1, 0, 1, 2, 1, 0, 2, 0, 0, 2, 2, 1, 1, 1, 0]|[3, 1, 1, 3, 0, 1, 3, 1, 0, 1, 3, 0, 3, 3, 0, 0, 1, 1, 1, 3]|[0, 1, 1, 2, 1, 1, 0, 1, 0, 1, 2, 1, 0, 2, 0, 1, 1, 1, 1, 0];[2, 19, 15, 12, 10, 14, 9, 18, 16, 13, 3, 4, 8, 6, 1, 11, 0, 7, 5, 17]|[0, 0, 0, 0, 2, 2, 2, 0, 1, 0, 2, 1, 0, 1, 0, 0, 0, 0, 2, 1]|[0, 3, 3, 3, 1, 1, 1, 3, 1, 3, 1, 1, 2, 1, 3, 3, 3, 3, 1, 1]|[1, 0, 2, 0, 1, 0, 0, 1, 1, 2, 1, 0, 0, 1, 1, 0, 2, 1, 0, 0];[1, 2, 15, 11, 10, 14, 9, 12, 16, 13, 3, 4, 7, 6, 19, 18, 0, 8, 17, 5]|[0, 0, 0, 0, 2, 2, 0, 0, 1, 0, 2, 1, 0, 1, 2, 0, 0, 0, 2, 1]|[0, 3, 3, 3, 1, 1, 3, 3, 1, 3, 1, 1, 3, 1, 1, 3, 2, 3, 1, 1]|[1, 0, 2, 0, 1, 0, 2, 2, 1, 2, 1, 0, 0, 1, 1, 1, 0, 2, 0, 1];[1, 19, 13, 14, 2, 4, 16, 5, 3, 10, 11, 6, 8, 12, 9, 7, 17, 15, 0, 18]|[0, 1, 1, 0, 2, 1, 2, 2, 1, 0, 0, 2, 0, 1, 0, 1, 1, 2, 1, 0]|[3, 1, 1, 3, 0, 1, 0, 0, 0, 2, 3, 0, 3, 1, 3, 1, 1, 0, 1, 3]|[0, 1, 1, 2, 1, 0, 0, 1, 1, 0, 0, 1, 2, 1, 1, 1, 1, 0, 1, 0];[2, 12, 15, 19, 10, 14, 9, 1, 16, 13, 3, 4, 7, 6, 11, 18, 0, 8, 17, 5]|[0, 0, 0, 0, 2, 2, 0, 0, 1, 0, 2, 1, 0, 1, 2, 0, 0, 0, 2, 1]|[0, 3, 3, 3, 1, 1, 3, 3, 1, 3, 1, 1, 3, 1, 1, 3, 2, 3, 1, 1]|[1, 0, 2, 0, 1, 0, 2, 1, 1, 2, 1, 0, 0, 1, 1, 1, 0, 2, 0, 1];[1, 2, 4, 8, 6, 11, 10, 3, 5, 16, 15, 19, 14, 7, 17, 9, 12, 0, 18, 13]|[0, 1, 1, 0, 1, 0, 0, 1, 2, 2, 1, 2, 0, 0, 2, 1, 2, 1, 1, 0]|[1, 1, 1, 3, 0, 3, 0, 0, 0, 0, 1, 0, 3, 3, 0, 1, 0, 1, 1, 3]|[0, 1, 0, 2, 1, 0, 1, 1, 1, 0, 1, 1, 2, 1, 1, 1, 0, 1, 1, 0];[2, 19, 6, 15, 3, 4, 16, 5, 1, 11, 10, 0, 18, 12, 7, 13, 17, 8, 9, 14]|[0, 1, 1, 0, 2, 1, 2, 2, 1, 0, 0, 2, 0, 1, 0, 1, 1, 2, 1, 0]|[3, 1, 0, 3, 0, 1, 0, 0, 0, 0, 3, 0, 3, 1, 3, 1, 1, 0, 1, 3]|[0, 1, 1, 2, 1, 0, 0, 1, 1, 1, 0, 1, 2, 1, 1, 1, 1, 1, 1, 0];[12, 19, 13, 14, 2, 4, 16, 5, 3, 10, 11, 6, 9, 1, 18, 7, 17, 0, 8, 15]|[0, 1, 1, 0, 2, 1, 2, 2, 1, 0, 0, 2, 0, 1, 0, 1, 1, 2, 1, 0]|[3, 1, 0, 3, 0, 1, 0, 0, 0, 0, 3, 0, 3, 1, 3, 1, 1, 0, 1, 3]|[0, 1, 1, 2, 1, 0, 0, 1, 1, 1, 0, 1, 2, 1, 1, 1, 1, 1, 1, 0];[1, 19, 8, 14, 5, 13, 6, 16, 3, 0, 12, 4, 2, 15, 17, 10, 9, 11, 7, 18]|[0, 1, 1, 0, 2, 1, 2, 2, 1, 0, 0, 2, 0, 1, 0, 1, 1, 2, 1, 0]|[3, 1, 1, 3, 0, 1, 0, 0, 0, 0, 3, 0, 3, 0, 3, 1, 1, 0, 1, 3]|[0, 1, 1, 2, 1, 0, 0, 1, 1, 1, 0, 1, 2, 1, 1, 1, 1, 1, 1, 0];[1, 2, 13, 17, 10, 14, 9, 12, 16, 15, 3, 4, 7, 6, 11, 18, 0, 8, 19, 5]|[0, 0, 0, 0, 2, 2, 0, 0, 1, 0, 2, 1, 0, 1, 2, 0, 0, 0, 2, 1]|[3, 3, 3, 3, 1, 1, 3, 3, 1, 3, 1, 1, 3, 1, 1, 3, 2, 3, 1, 1]|[1, 0, 2, 0, 1, 0, 2, 1, 1, 2, 1, 0, 0, 1, 1, 1, 0, 2, 0, 1];[12, 10, 15, 19, 14, 7, 8, 5, 1, 4, 3, 2, 16, 13, 17, 9, 18, 0, 11, 6]|[0, 0, 0, 2, 2, 0, 1, 2, 0, 1, 2, 0, 1, 0, 0, 0, 0, 0, 2, 1]|[2, 3, 3, 0, 1, 3, 1, 1, 3, 1, 1, 3, 1, 3, 3, 3, 3, 3, 1, 1]|[1, 2, 0, 1, 0, 2, 1, 1, 1, 0, 1, 0, 1, 2, 1, 2, 0, 2, 0, 0];[1, 19, 13, 14, 2, 4, 16, 5, 3, 10, 12, 6, 11, 18, 7, 9, 15, 0, 17, 8]|[0, 1, 1, 0, 2, 1, 2, 2, 1, 0, 0, 2, 0, 1, 0, 1, 1, 2, 1, 0]|[3, 1, 1, 3, 0, 1, 0, 0, 0, 0, 3, 0, 3, 0, 3, 1, 1, 0, 1, 3]|[0, 1, 1, 2, 1, 0, 0, 1, 1, 0, 0, 1, 2, 1, 1, 1, 1, 1, 1, 0];[1, 19, 13, 14, 2, 4, 16, 5, 3, 10, 12, 6, 11, 18, 7, 9, 15, 0, 17, 8]|[0, 1, 1, 0, 2, 1, 2, 2, 1, 0, 0, 2, 0, 1, 0, 1, 1, 2, 1, 0]|[3, 1, 1, 3, 0, 1, 0, 0, 0, 0, 3, 0, 3, 0, 3, 1, 1, 0, 1, 3]|[0, 1, 1, 2, 1, 0, 0, 1, 1, 0, 0, 1, 2, 1, 1, 1, 1, 1, 1, 0];[1, 2, 13, 14, 5, 4, 16, 19, 3, 10, 11, 6, 8, 18, 7, 9, 12, 15, 17, 0]|[0, 1, 1, 0, 2, 1, 2, 2, 1, 0, 0, 2, 0, 1, 0, 1, 1, 2, 1, 0]|[3, 1, 1, 3, 0, 1, 0, 0, 0, 2, 3, 0, 3, 1, 3, 1, 1, 0, 1, 3]|[2, 1, 1, 2, 1, 0, 0, 1, 1, 0, 0, 1, 2, 1, 0, 1, 1, 0, 1, 0];[2, 13, 11, 10, 14, 15, 16, 12, 18, 3, 4, 9, 19, 6, 7, 0, 8, 1, 17, 5]|[0, 0, 0, 0, 2, 0, 1, 2, 0, 2, 1, 0, 2, 1, 0, 0, 0, 0, 2, 1]|[3, 3, 3, 1, 1, 3, 1, 0, 3, 1, 1, 3, 1, 1, 3, 2, 3, 0, 1, 1]|[0, 2, 0, 1, 0, 2, 1, 0, 1, 1, 0, 2, 1, 1, 0, 0, 2, 1, 0, 1];[19, 9, 12, 2, 10, 14, 15, 1, 16, 7, 3, 4, 18, 8, 0, 11, 17, 13, 5, 6]|[0, 0, 0, 0, 2, 2, 0, 0, 1, 0, 2, 1, 0, 0, 0, 2, 1, 0, 2, 1]|[3, 3, 3, 3, 0, 1, 3, 0, 1, 3, 1, 1, 3, 2, 3, 1, 1, 3, 1, 1]|[0, 2, 1, 0, 1, 0, 2, 1, 1, 0, 1, 0, 2, 0, 1, 1, 1, 2, 0, 1];[1, 2, 13, 14, 19, 4, 16, 5, 3, 10, 11, 6, 18, 17, 7, 12, 0, 15, 9, 8]|[0, 1, 1, 0, 2, 1, 2, 2, 1, 0, 0, 2, 0, 0, 0, 1, 1, 2, 1, 0]|[3, 1, 1, 3, 0, 1, 0, 0, 0, 0, 3, 0, 3, 1, 3, 1, 1, 0, 1, 3]|[0, 1, 1, 2, 1, 0, 0, 1, 1, 1, 0, 1, 2, 1, 1, 1, 1, 0, 1, 0];[2, 12, 15, 9, 10, 14, 19, 0, 16, 13, 3, 4, 7, 6, 11, 1, 18, 8, 17, 5]|[0, 0, 0, 0, 2, 2, 0, 0, 1, 0, 2, 1, 0, 1, 2, 0, 0, 0, 2, 1]|[0, 1, 3, 3, 1, 1, 3, 3, 1, 3, 1, 1, 3, 1, 1, 3, 2, 3, 1, 1]|[1, 0, 2, 2, 1, 0, 0, 1, 1, 2, 1, 0, 0, 1, 1, 1, 0, 2, 0, 0];[2, 12, 15, 9, 10, 14, 19, 0, 16, 13, 3, 4, 7, 6, 11, 1, 18, 8, 17, 5]|[0, 0, 0, 0, 2, 2, 0, 0, 1, 0, 2, 1, 0, 1, 2, 0, 0, 0, 2, 1]|[0, 1, 3, 3, 1, 1, 3, 3, 1, 3, 1, 1, 3, 1, 1, 3, 2, 3, 1, 1]|[1, 0, 2, 2, 1, 0, 0, 1, 1, 2, 1, 0, 0, 1, 1, 1, 0, 2, 0, 0];[2, 12, 15, 9, 10, 14, 19, 0, 16, 13, 3, 4, 7, 6, 11, 1, 18, 8, 17, 5]|[0, 0, 0, 0, 2, 2, 0, 0, 1, 0, 2, 1, 0, 1, 2, 0, 0, 0, 2, 1]|[0, 1, 3, 3, 1, 1, 3, 3, 1, 3, 1, 1, 3, 1, 1, 3, 2, 3, 1, 1]|[1, 0, 2, 2, 1, 0, 0, 1, 1, 2, 1, 0, 0, 1, 1, 1, 0, 2, 0, 0];[2, 12, 15, 9, 10, 14, 19, 0, 16, 13, 3, 4, 7, 6, 11, 1, 18, 8, 17, 5]|[0, 0, 0, 0, 2, 2, 0, 0, 1, 0, 2, 1, 0, 1, 2, 0, 0, 0, 2, 1]|[0, 1, 3, 3, 1, 1, 3, 3, 1, 3, 1, 1, 3, 1, 1, 3, 2, 3, 1, 1]|[1, 0, 2, 2, 1, 0, 0, 1, 1, 2, 1, 0, 0, 1, 1, 1, 0, 2, 0, 0];[2, 12, 10, 15, 19, 18, 9, 1, 16, 13, 3, 5, 11, 6, 0, 7, 17, 14, 4, 8]|[0, 0, 0, 0, 2, 2, 0, 0, 1, 0, 2, 1, 0, 1, 2, 0, 0, 0, 2, 1]|[3, 0, 3, 3, 1, 1, 3, 3, 1, 3, 1, 1, 3, 1, 1, 3, 3, 3, 1, 1]|[0, 1, 2, 0, 1, 0, 2, 1, 1, 2, 1, 0, 0, 1, 1, 1, 0, 2, 0, 0];[1, 19, 14, 2, 17, 18, 5, 15, 12, 6, 16, 10, 11, 4, 0, 7, 13, 8, 3, 9]|[0, 1, 0, 2, 2, 1, 0, 1, 1, 2, 2, 0, 0, 2, 0, 1, 1, 1, 1, 0]|[3, 1, 3, 0, 0, 1, 3, 1, 1, 0, 0, 0, 3, 0, 3, 1, 1, 1, 1, 3]|[0, 1, 2, 1, 0, 1, 0, 1, 1, 0, 1, 1, 0, 1, 2, 1, 1, 1, 1, 0];[1, 19, 14, 2, 17, 18, 5, 15, 12, 6, 16, 10, 11, 4, 0, 7, 13, 8, 3, 9]|[0, 1, 0, 2, 2, 1, 0, 1, 1, 2, 2, 0, 0, 2, 0, 1, 1, 1, 1, 0]|[3, 1, 3, 0, 0, 1, 3, 1, 1, 0, 0, 0, 3, 0, 3, 1, 1, 1, 1, 3]|[0, 1, 2, 1, 0, 1, 0, 1, 1, 0, 1, 1, 0, 1, 2, 1, 1, 1, 1, 0];[1, 19, 14, 2, 17, 18, 5, 15, 12, 6, 16, 10, 11, 4, 0, 7, 13, 8, 3, 9]|[0, 1, 0, 2, 2, 1, 0, 1, 1, 2, 2, 0, 0, 2, 0, 1, 1, 1, 1, 0]|[3, 1, 3, 0, 0, 1, 3, 1, 1, 0, 0, 0, 3, 0, 3, 1, 1, 1, 1, 3]|[0, 1, 2, 1, 0, 1, 0, 1, 1, 0, 1, 1, 0, 1, 2, 1, 1, 1, 1, 0];[19, 2, 12, 13, 10, 14, 9, 18, 16, 15, 6, 4, 7, 3, 11, 1, 0, 8, 17, 5]|[0, 0, 0, 0, 2, 2, 0, 0, 1, 0, 2, 1, 0, 1, 2, 0, 0, 0, 2, 1]|[3, 0, 3, 3, 1, 1, 3, 3, 1, 3, 1, 1, 3, 1, 1, 3, 2, 3, 1, 1]|[0, 1, 2, 0, 1, 0, 2, 1, 1, 2, 1, 0, 0, 1, 1, 1, 0, 2, 0, 0];[19, 2, 12, 13, 10, 14, 9, 18, 16, 15, 6, 4, 7, 3, 11, 1, 0, 8, 17, 5]|[0, 0, 0, 0, 2, 2, 0, 0, 1, 0, 2, 1, 0, 1, 2, 0, 0, 0, 2, 1]|[3, 0, 3, 3, 1, 1, 3, 3, 1, 3, 1, 1, 3, 1, 1, 3, 2, 3, 1, 1]|[0, 1, 2, 0, 1, 0, 2, 1, 1, 2, 1, 0, 0, 1, 1, 1, 0, 2, 0, 0];[2, 19, 8, 12, 10, 14, 1, 16, 15, 3, 4, 7, 6, 11, 0, 13, 18, 9, 17, 5]|[0, 0, 0, 0, 2, 2, 0, 1, 0, 2, 1, 0, 1, 2, 0, 0, 0, 0, 2, 1]|[0, 3, 3, 3, 1, 1, 3, 1, 3, 1, 1, 3, 1, 1, 3, 2, 3, 3, 0, 1]|[1, 0, 2, 0, 1, 0, 1, 1, 2, 1, 0, 0, 1, 1, 1, 0, 2, 0, 0, 0];[2, 19, 8, 12, 10, 14, 1, 16, 15, 3, 4, 7, 6, 11, 0, 13, 18, 9, 17, 5]|[0, 0, 0, 0, 2, 2, 0, 1, 0, 2, 1, 0, 1, 2, 0, 0, 0, 0, 2, 1]|[0, 3, 3, 3, 1, 1, 3, 1, 3, 1, 1, 3, 1, 1, 3, 2, 3, 3, 0, 1]|[1, 0, 2, 0, 1, 0, 1, 1, 2, 1, 0, 0, 1, 1, 1, 0, 2, 0, 0, 0];[2, 19, 8, 12, 10, 14, 1, 16, 15, 3, 4, 7, 6, 11, 0, 13, 18, 9, 17, 5]|[0, 0, 0, 0, 2, 2, 0, 1, 0, 2, 1, 0, 1, 2, 0, 0, 0, 0, 2, 1]|[0, 3, 3, 3, 1, 1, 3, 1, 3, 1, 1, 3, 1, 1, 3, 2, 3, 3, 0, 1]|[1, 0, 2, 0, 1, 0, 1, 1, 2, 1, 0, 0, 1, 1, 1, 0, 2, 0, 0, 0];[2, 19, 8, 12, 10, 14, 1, 16, 15, 3, 4, 7, 6, 11, 0, 13, 18, 9, 17, 5]|[0, 0, 0, 0, 2, 2, 0, 1, 0, 2, 1, 0, 1, 2, 0, 0, 0, 0, 2, 1]|[0, 3, 3, 3, 1, 1, 3, 1, 3, 1, 1, 3, 1, 1, 3, 2, 3, 3, 0, 1]|[1, 0, 2, 0, 1, 0, 1, 1, 2, 1, 0, 0, 1, 1, 1, 0, 2, 0, 0, 0];[1, 19, 13, 14, 2, 4, 16, 5, 3, 10, 11, 6, 8, 15, 0, 12, 17, 7, 18, 9]|[0, 1, 1, 0, 2, 1, 2, 2, 0, 0, 0, 2, 0, 1, 0, 1, 1, 2, 1, 0]|[3, 1, 1, 3, 0, 1, 0, 0, 0, 2, 3, 0, 3, 1, 3, 1, 1, 0, 1, 3]|[0, 1, 1, 2, 1, 0, 0, 1, 1, 0, 0, 1, 2, 1, 1, 1, 1, 0, 1, 0];[1, 2, 13, 14, 19, 4, 16, 5, 3, 10, 11, 17, 8, 12, 7, 6, 15, 0, 9, 18]|[0, 1, 1, 0, 2, 1, 2, 2, 1, 0, 0, 2, 0, 1, 0, 1, 1, 2, 1, 0]|[3, 1, 0, 3, 1, 1, 0, 0, 0, 0, 3, 0, 3, 1, 0, 1, 1, 0, 1, 3]|[0, 1, 1, 2, 1, 0, 1, 1, 1, 1, 0, 1, 2, 1, 1, 1, 1, 1, 1, 0];[2, 12, 15, 19, 10, 14, 9, 1, 16, 13, 3, 4, 7, 6, 11, 0, 17, 8, 5, 18]|[0, 0, 0, 0, 2, 2, 0, 0, 1, 0, 2, 1, 0, 1, 2, 0, 0, 0, 2, 1]|[0, 3, 3, 3, 1, 1, 3, 3, 1, 3, 1, 1, 3, 1, 1, 3, 2, 3, 1, 1]|[1, 0, 2, 0, 1, 0, 2, 1, 1, 2, 1, 0, 0, 1, 1, 1, 0, 2, 0, 0];[2, 12, 15, 19, 10, 14, 9, 1, 16, 13, 3, 4, 7, 6, 11, 0, 17, 8, 5, 18]|[0, 0, 0, 0, 2, 2, 0, 0, 1, 0, 2, 1, 0, 1, 2, 0, 0, 0, 2, 1]|[0, 3, 3, 3, 1, 1, 3, 3, 1, 3, 1, 1, 3, 1, 1, 3, 2, 3, 1, 1]|[1, 0, 2, 0, 1, 0, 2, 1, 1, 2, 1, 0, 0, 1, 1, 1, 0, 2, 0, 0];[2, 12, 15, 19, 10, 14, 9, 1, 16, 13, 3, 4, 7, 6, 11, 0, 17, 8, 5, 18]|[0, 0, 0, 0, 2, 2, 0, 0, 1, 0, 2, 1, 0, 1, 2, 0, 0, 0, 2, 1]|[0, 3, 3, 3, 1, 1, 3, 3, 1, 3, 1, 1, 3, 1, 1, 3, 2, 3, 1, 1]|[1, 0, 2, 0, 1, 0, 2, 1, 1, 2, 1, 0, 0, 1, 1, 1, 0, 2, 0, 0];[2, 12, 15, 19, 10, 14, 9, 1, 16, 13, 3, 4, 7, 6, 11, 0, 17, 8, 5, 18]|[0, 0, 0, 0, 2, 2, 0, 0, 1, 0, 2, 1, 0, 1, 2, 0, 0, 0, 2, 1]|[0, 3, 3, 3, 1, 1, 3, 3, 1, 3, 1, 1, 3, 1, 1, 3, 2, 3, 1, 1]|[1, 0, 2, 0, 1, 0, 2, 1, 1, 2, 1, 0, 0, 1, 1, 1, 0, 2, 0, 0];[19, 6, 5, 4, 16, 14, 12, 17, 2, 10, 18, 15, 7, 0, 11, 9, 13, 8, 3, 1]|[2, 1, 2, 1, 2, 2, 1, 2, 0, 1, 0, 0, 0, 0, 0, 1, 1, 1, 0, 0]|[0, 1, 0, 1, 0, 0, 0, 0, 3, 1, 3, 3, 3, 3, 3, 1, 1, 1, 3, 3]|[1, 1, 1, 0, 0, 1, 1, 1, 0, 1, 2, 0, 1, 0, 2, 1, 1, 1, 0, 0];[19, 14, 2, 4, 16, 5, 3, 12, 10, 6, 0, 18, 9, 8, 15, 11, 7, 17, 13, 1]|[1, 0, 2, 1, 2, 2, 1, 1, 1, 0, 0, 0, 1, 1, 2, 2, 0, 0, 0, 0]|[0, 3, 0, 1, 0, 0, 1, 1, 1, 3, 3, 3, 1, 1, 1, 1, 3, 3, 3, 3]|[1, 0, 1, 0, 0, 1, 1, 1, 1, 0, 2, 0, 1, 1, 1, 0, 0, 0, 2, 0];[19, 6, 5, 4, 16, 14, 12, 17, 2, 10, 18, 15, 7, 0, 11, 9, 13, 8, 3, 1]|[2, 1, 2, 1, 2, 2, 1, 2, 0, 1, 0, 0, 0, 0, 0, 1, 1, 1, 0, 0]|[0, 1, 0, 1, 0, 0, 0, 0, 3, 1, 3, 3, 3, 3, 3, 1, 1, 1, 3, 3]|[1, 1, 1, 0, 0, 1, 1, 1, 0, 1, 2, 0, 1, 0, 2, 1, 1, 1, 0, 0];[5, 4, 14, 10, 2, 13, 16, 19, 17, 7, 11, 6, 9, 15, 0, 1, 12, 18, 3, 8]|[0, 1, 1, 0, 2, 1, 2, 2, 1, 0, 0, 2, 0, 1, 0, 1, 1, 2, 1, 0]|[3, 1, 1, 3, 0, 1, 0, 0, 0, 0, 3, 0, 3, 1, 3, 1, 1, 0, 1, 3]|[2, 1, 1, 2, 1, 0, 0, 1, 1, 1, 0, 0, 2, 1, 1, 1, 1, 0, 1, 0];[2, 12, 15, 19, 10, 14, 9, 1, 16, 3, 13, 4, 7, 6, 11, 0, 8, 18, 17, 5]|[0, 0, 0, 0, 2, 2, 0, 0, 1, 0, 2, 1, 0, 1, 2, 0, 0, 0, 2, 1]|[3, 3, 3, 3, 1, 1, 3, 3, 1, 3, 1, 1, 3, 1, 1, 3, 2, 3, 1, 1]|[1, 0, 2, 0, 1, 0, 2, 1, 1, 2, 1, 0, 0, 1, 1, 1, 0, 2, 0, 1];[19, 15, 11, 2, 10, 14, 9, 1, 16, 13, 18, 4, 7, 12, 6, 0, 17, 8, 5, 3]|[0, 0, 0, 0, 2, 2, 0, 0, 1, 0, 2, 1, 0, 1, 2, 0, 0, 0, 2, 1]|[3, 3, 3, 0, 1, 1, 3, 3, 1, 3, 1, 1, 3, 1, 1, 3, 2, 3, 1, 1]|[0, 2, 0, 1, 1, 0, 2, 1, 1, 2, 1, 0, 0, 1, 1, 1, 0, 2, 0, 1];[19, 15, 11, 2, 10, 14, 9, 1, 16, 13, 18, 4, 7, 12, 6, 0, 17, 8, 5, 3]|[0, 0, 0, 0, 2, 2, 0, 0, 1, 0, 2, 1, 0, 1, 2, 0, 0, 0, 2, 1]|[3, 3, 3, 0, 1, 1, 3, 3, 1, 3, 1, 1, 3, 1, 1, 3, 2, 3, 1, 1]|[0, 2, 0, 1, 1, 0, 2, 1, 1, 2, 1, 0, 0, 1, 1, 1, 0, 2, 0, 1];[1, 19, 13, 14, 2, 4, 16, 5, 3, 10, 11, 6, 8, 15, 7, 9, 12, 18, 17, 0]|[0, 1, 1, 0, 2, 1, 2, 2, 1, 0, 0, 2, 0, 1, 0, 1, 1, 2, 1, 0]|[3, 1, 1, 3, 0, 1, 0, 0, 0, 0, 3, 0, 3, 1, 3, 1, 1, 0, 1, 3]|[2, 1, 1, 2, 1, 0, 0, 1, 1, 0, 0, 1, 2, 1, 2, 1, 1, 1, 1, 0];[1, 2, 13, 14, 19, 4, 6, 5, 18, 7, 0, 16, 8, 3, 12, 17, 15, 11, 9, 10]|[0, 1, 1, 0, 2, 1, 2, 2, 1, 1, 0, 2, 0, 0, 1, 1, 2, 1, 1, 0]|[0, 1, 0, 3, 0, 1, 0, 0, 0, 1, 3, 0, 3, 3, 1, 1, 0, 1, 1, 3]|[0, 1, 1, 2, 0, 0, 1, 1, 1, 1, 0, 0, 2, 0, 1, 1, 1, 1, 1, 0];[2, 12, 15, 19, 10, 14, 9, 1, 16, 13, 6, 0, 7, 3, 11, 18, 17, 8, 4, 5]|[0, 0, 0, 0, 2, 2, 0, 0, 1, 0, 2, 1, 0, 1, 2, 0, 0, 0, 2, 1]|[3, 3, 3, 3, 1, 1, 3, 3, 1, 3, 1, 1, 3, 1, 1, 3, 2, 3, 1, 1]|[1, 0, 2, 0, 1, 0, 2, 1, 1, 2, 1, 0, 0, 1, 1, 1, 0, 2, 0, 1];[1, 19, 7, 14, 2, 16, 5, 10, 11, 6, 8, 18, 3, 4, 15, 9, 12, 13, 17, 0]|[0, 1, 0, 0, 2, 2, 2, 0, 0, 2, 0, 2, 1, 1, 1, 1, 1, 1, 1, 0]|[3, 1, 3, 3, 0, 0, 0, 0, 3, 0, 3, 0, 1, 1, 1, 1, 1, 1, 1, 3]|[2, 1, 2, 2, 1, 0, 1, 0, 0, 1, 2, 1, 1, 1, 1, 1, 1, 1, 1, 0];[19, 14, 2, 4, 16, 5, 12, 1, 18, 10, 6, 11, 7, 17, 15, 9, 3, 13, 0, 8]|[1, 0, 2, 2, 2, 2, 2, 0, 0, 0, 2, 0, 0, 1, 1, 1, 1, 1, 1, 0]|[1, 0, 0, 1, 0, 0, 0, 3, 3, 3, 0, 3, 3, 1, 1, 1, 1, 1, 1, 3]|[1, 1, 1, 1, 0, 1, 0, 0, 0, 2, 1, 0, 0, 1, 1, 1, 1, 1, 1, 2];[5, 4, 3, 15, 17, 12, 9, 18, 8, 6, 10, 11, 7, 1, 16, 14, 13, 19, 2, 0]|[0, 1, 1, 2, 1, 1, 0, 1, 0, 2, 0, 0, 1, 2, 2, 1, 0, 2, 1, 0]|[3, 1, 1, 0, 1, 1, 3, 1, 3, 0, 3, 3, 1, 0, 0, 1, 3, 0, 1, 3]|[0, 1, 1, 0, 1, 1, 1, 1, 2, 1, 0, 0, 1, 1, 0, 1, 2, 1, 1, 0];[1, 19, 13, 14, 2, 8, 6, 16, 3, 10, 11, 4, 0, 7, 5, 15, 12, 17, 18, 9]|[0, 1, 1, 0, 2, 1, 2, 2, 1, 0, 0, 2, 0, 1, 0, 1, 1, 2, 1, 0]|[3, 1, 1, 3, 0, 1, 0, 0, 0, 0, 3, 0, 3, 0, 3, 1, 1, 0, 1, 3]|[0, 1, 1, 2, 1, 0, 0, 1, 1, 1, 0, 1, 2, 1, 0, 1, 1, 0, 1, 0];[2, 19, 15, 12, 10, 14, 9, 18, 16, 13, 3, 4, 8, 6, 1, 11, 0, 7, 5, 17]|[0, 0, 0, 0, 2, 2, 2, 0, 1, 0, 2, 1, 0, 1, 0, 0, 0, 0, 2, 1]|[0, 3, 3, 3, 1, 1, 1, 3, 1, 3, 1, 1, 2, 1, 3, 3, 3, 3, 1, 1]|[1, 0, 2, 0, 1, 0, 0, 1, 1, 2, 1, 0, 0, 1, 1, 0, 2, 1, 0, 0];[2, 19, 15, 12, 10, 14, 9, 18, 16, 13, 3, 4, 8, 6, 1, 11, 0, 7, 5, 17]|[0, 0, 0, 0, 2, 2, 2, 0, 1, 0, 2, 1, 0, 1, 0, 0, 0, 0, 2, 1]|[0, 3, 3, 3, 1, 1, 1, 3, 1, 3, 1, 1, 2, 1, 3, 3, 3, 3, 1, 1]|[1, 0, 2, 0, 1, 0, 0, 1, 1, 2, 1, 0, 0, 1, 1, 0, 2, 1, 0, 0];[2, 19, 15, 12, 10, 14, 9, 18, 16, 13, 3, 4, 8, 6, 1, 11, 0, 7, 5, 17]|[0, 0, 0, 0, 2, 2, 2, 0, 1, 0, 2, 1, 0, 1, 0, 0, 0, 0, 2, 1]|[0, 3, 3, 3, 1, 1, 1, 3, 1, 3, 1, 1, 2, 1, 3, 3, 3, 3, 1, 1]|[1, 0, 2, 0, 1, 0, 0, 1, 1, 2, 1, 0, 0, 1, 1, 0, 2, 1, 0, 0];[1, 19, 13, 14, 2, 4, 16, 5, 3, 10, 11, 6, 8, 12, 18, 7, 17, 0, 9, 15]|[0, 1, 1, 0, 2, 1, 2, 2, 1, 0, 0, 2, 0, 1, 0, 1, 1, 2, 1, 0]|[3, 1, 1, 3, 0, 1, 0, 0, 0, 2, 3, 0, 3, 1, 3, 1, 1, 0, 1, 3]|[0, 1, 1, 2, 1, 0, 0, 1, 1, 0, 0, 1, 2, 1, 1, 1, 1, 0, 1, 0];[1, 19, 13, 14, 2, 4, 16, 5, 3, 12, 10, 6, 11, 18, 7, 9, 15, 0, 17, 8]|[0, 1, 1, 0, 2, 2, 2, 2, 1, 0, 0, 1, 0, 1, 0, 2, 1, 2, 1, 0]|[1, 1, 1, 3, 0, 0, 0, 0, 0, 3, 0, 1, 3, 0, 3, 1, 1, 0, 1, 3]|[0, 1, 1, 2, 1, 1, 0, 1, 1, 0, 0, 0, 2, 1, 1, 0, 1, 1, 1, 0];[1, 19, 13, 14, 2, 4, 16, 5, 3, 12, 10, 6, 11, 18, 7, 9, 15, 0, 17, 8]|[0, 1, 1, 0, 2, 2, 2, 2, 1, 0, 0, 1, 0, 1, 0, 2, 1, 2, 1, 0]|[1, 1, 1, 3, 0, 0, 0, 0, 0, 3, 0, 1, 3, 0, 3, 1, 1, 0, 1, 3]|[0, 1, 1, 2, 1, 1, 0, 1, 1, 0, 0, 0, 2, 1, 1, 0, 1, 1, 1, 0];[1, 2, 14, 16, 5, 7, 11, 6, 8, 18, 4, 19, 15, 12, 9, 17, 0, 3, 13, 10]|[0, 2, 0, 2, 2, 0, 0, 2, 0, 0, 1, 1, 2, 1, 1, 1, 1, 1, 1, 0]|[0, 0, 3, 0, 0, 3, 3, 0, 3, 3, 1, 1, 0, 1, 1, 1, 1, 1, 1, 3]|[0, 1, 2, 0, 1, 0, 0, 1, 2, 0, 1, 1, 0, 1, 1, 1, 1, 1, 1, 0];[2, 13, 1, 10, 14, 9, 18, 16, 15, 3, 4, 0, 12, 11, 6, 7, 8, 17, 19, 5]|[0, 0, 0, 2, 2, 0, 0, 1, 0, 2, 1, 0, 0, 2, 1, 0, 0, 0, 2, 1]|[3, 3, 3, 1, 1, 3, 3, 1, 3, 1, 1, 3, 3, 1, 1, 3, 3, 3, 1, 1]|[0, 2, 0, 1, 0, 2, 0, 1, 2, 1, 0, 0, 1, 1, 1, 0, 2, 0, 0, 1];[1, 2, 13, 14, 19, 4, 16, 5, 3, 10, 11, 6, 8, 12, 7, 9, 18, 17, 15, 0]|[0, 1, 1, 0, 2, 1, 2, 2, 1, 0, 0, 2, 0, 1, 0, 1, 1, 2, 1, 0]|[3, 1, 0, 3, 0, 1, 0, 0, 0, 0, 0, 0, 1, 1, 3, 1, 1, 0, 1, 3]|[0, 1, 1, 2, 1, 0, 0, 1, 1, 1, 0, 1, 2, 1, 1, 1, 1, 1, 1, 0];[5, 4, 14, 10, 11, 19, 16, 6, 3, 15, 0, 1, 8, 13, 18, 7, 12, 2, 9, 17]|[0, 1, 1, 0, 2, 1, 2, 2, 1, 0, 0, 2, 0, 1, 0, 1, 1, 2, 1, 0]|[3, 1, 0, 3, 0, 1, 0, 0, 0, 2, 3, 0, 3, 1, 3, 1, 1, 0, 1, 3]|[0, 1, 1, 2, 1, 0, 0, 1, 1, 1, 0, 0, 2, 1, 1, 1, 1, 0, 1, 0];[1, 5, 14, 16, 19, 9, 10, 11, 6, 8, 15, 3, 2, 12, 18, 13, 17, 7, 4, 0]|[0, 2, 0, 2, 2, 1, 0, 0, 2, 0, 2, 1, 1, 1, 1, 1, 1, 0, 1, 0]|[3, 0, 3, 0, 0, 1, 2, 3, 0, 3, 0, 1, 1, 1, 1, 1, 1, 3, 1, 3]|[2, 1, 2, 0, 1, 1, 0, 0, 1, 2, 0, 1, 1, 1, 1, 1, 1, 0, 1, 0];[5, 4, 14, 10, 2, 13, 16, 19, 17, 7, 18, 0, 8, 12, 1, 11, 3, 15, 6, 9]|[0, 1, 1, 0, 2, 1, 2, 2, 1, 0, 0, 2, 0, 0, 1, 1, 1, 2, 1, 0]|[3, 1, 1, 3, 0, 1, 0, 0, 1, 3, 3, 0, 3, 3, 1, 1, 1, 0, 1, 3]|[0, 1, 1, 2, 1, 1, 0, 1, 1, 0, 0, 1, 2, 1, 1, 1, 1, 1, 1, 0];[1, 4, 19, 2, 14, 13, 16, 5, 3, 17, 11, 6, 8, 9, 7, 18, 12, 15, 10, 0]|[0, 1, 1, 2, 0, 1, 2, 2, 1, 0, 0, 2, 0, 1, 0, 1, 1, 2, 1, 0]|[3, 1, 1, 0, 3, 1, 0, 0, 1, 3, 3, 0, 3, 1, 3, 1, 1, 0, 1, 3]|[2, 1, 1, 1, 2, 1, 0, 1, 1, 0, 0, 1, 2, 1, 1, 1, 1, 0, 1, 0];[2, 1, 13, 14, 19, 4, 16, 5, 3, 10, 11, 17, 6, 7, 18, 9, 15, 0, 12, 8]|[0, 1, 1, 0, 2, 1, 2, 2, 1, 0, 0, 2, 0, 1, 0, 1, 1, 2, 1, 0]|[3, 1, 1, 3, 0, 1, 0, 0, 0, 0, 3, 0, 3, 0, 3, 1, 1, 0, 1, 3]|[0, 1, 1, 2, 1, 0, 0, 1, 1, 0, 0, 1, 2, 1, 0, 1, 1, 1, 1, 0];[1, 2, 13, 18, 6, 11, 10, 3, 5, 16, 4, 19, 14, 17, 7, 12, 0, 15, 9, 8]|[0, 1, 1, 0, 2, 0, 0, 1, 2, 2, 1, 2, 0, 0, 0, 1, 1, 2, 1, 0]|[3, 1, 1, 2, 0, 3, 0, 0, 0, 0, 1, 1, 3, 1, 3, 1, 1, 0, 1, 3]|[0, 1, 1, 2, 1, 0, 1, 1, 1, 0, 0, 1, 2, 1, 1, 1, 1, 0, 1, 0];[1, 19, 13, 14, 2, 4, 16, 5, 3, 7, 11, 6, 8, 9, 18, 12, 0, 15, 17, 10]|[0, 1, 1, 0, 2, 1, 2, 2, 1, 0, 0, 2, 0, 1, 0, 1, 1, 2, 1, 0]|[3, 1, 0, 3, 0, 1, 0, 0, 0, 3, 3, 0, 3, 1, 3, 1, 1, 0, 1, 3]|[0, 1, 1, 2, 1, 0, 0, 1, 1, 0, 0, 1, 2, 1, 0, 1, 1, 0, 1, 0];[1, 2, 13, 14, 19, 4, 16, 5, 3, 10, 11, 6, 18, 7, 9, 12, 17, 0, 15, 8]|[0, 0, 1, 0, 2, 1, 2, 2, 1, 0, 0, 2, 0, 1, 0, 1, 1, 2, 1, 0]|[3, 0, 0, 3, 1, 1, 0, 0, 0, 2, 3, 0, 3, 1, 0, 1, 1, 0, 0, 3]|[2, 1, 1, 2, 1, 0, 0, 1, 1, 0, 0, 1, 2, 1, 1, 1, 1, 1, 1, 2];[12, 15, 19, 10, 14, 9, 1, 16, 5, 18, 7, 8, 11, 17, 4, 6, 3, 2, 13, 0]|[0, 0, 2, 2, 1, 2, 2, 1, 0, 0, 0, 0, 2, 1, 0, 1, 2, 0, 0, 1]|[2, 3, 0, 0, 1, 0, 0, 0, 0, 3, 3, 3, 1, 1, 3, 1, 1, 0, 3, 1]|[0, 1, 0, 1, 0, 0, 1, 1, 2, 0, 0, 1, 1, 1, 0, 0, 1, 2, 2, 1];[5, 2, 14, 10, 4, 13, 16, 19, 6, 1, 9, 15, 12, 7, 18, 11, 17, 3, 8, 0]|[0, 1, 1, 0, 2, 1, 2, 2, 1, 0, 1, 1, 2, 0, 0, 2, 1, 2, 1, 0]|[3, 1, 1, 3, 1, 1, 0, 0, 0, 0, 1, 1, 0, 2, 3, 0, 0, 0, 1, 3]|[0, 1, 1, 2, 1, 0, 0, 1, 1, 1, 1, 1, 1, 0, 2, 1, 0, 1, 1, 0];[5, 2, 14, 10, 4, 13, 16, 19, 17, 9, 6, 0, 3, 11, 1, 15, 7, 8, 12, 18]|[0, 1, 1, 0, 2, 1, 2, 2, 1, 0, 2, 0, 1, 0, 0, 2, 1, 2, 1, 0]|[2, 1, 1, 3, 1, 1, 0, 0, 0, 3, 1, 0, 1, 3, 3, 0, 1, 0, 1, 3]|[2, 1, 1, 0, 1, 0, 0, 1, 1, 1, 1, 1, 1, 0, 2, 0, 1, 1, 1, 0];[2, 13, 6, 14, 17, 10, 3, 5, 16, 4, 19, 9, 11, 12, 7, 0, 15, 18, 8, 1]|[1, 1, 0, 0, 2, 2, 1, 2, 2, 1, 2, 0, 0, 1, 1, 1, 2, 1, 0, 0]|[0, 0, 0, 3, 1, 0, 0, 1, 0, 1, 0, 3, 3, 1, 1, 1, 0, 1, 3, 3]|[1, 1, 0, 2, 1, 0, 1, 1, 0, 0, 1, 0, 0, 1, 1, 1, 0, 1, 2, 0];[1, 2, 13, 14, 19, 4, 16, 5, 3, 10, 11, 6, 8, 12, 7, 15, 9, 17, 18, 0]|[0, 1, 1, 0, 2, 1, 2, 2, 1, 2, 0, 0, 0, 1, 0, 1, 1, 2, 1, 0]|[3, 0, 0, 3, 1, 1, 0, 0, 0, 0, 0, 3, 1, 1, 3, 1, 1, 0, 1, 3]|[1, 1, 1, 2, 1, 0, 0, 1, 1, 1, 0, 0, 2, 1, 1, 1, 1, 1, 1, 0];[5, 6, 19, 10, 2, 14, 12, 7, 15, 3, 18, 11, 8, 16, 17, 13, 4, 9, 0, 1]|[2, 1, 2, 0, 1, 1, 1, 0, 1, 0, 0, 0, 2, 2, 2, 1, 2, 1, 0, 0]|[0, 1, 1, 2, 1, 0, 0, 3, 0, 0, 3, 0, 1, 0, 0, 1, 1, 1, 3, 3]|[0, 1, 1, 2, 1, 0, 1, 0, 1, 1, 1, 0, 1, 0, 0, 0, 1, 1, 0, 2];[1, 19, 8, 7, 5, 13, 6, 16, 3, 17, 2, 15, 14, 12, 9, 4, 18, 10, 11, 0]|[0, 1, 1, 0, 2, 1, 2, 2, 1, 2, 0, 1, 0, 1, 1, 2, 1, 0, 0, 0]|[1, 0, 1, 3, 1, 1, 0, 0, 0, 0, 0, 0, 0, 1, 1, 0, 1, 3, 3, 2]|[2, 1, 0, 0, 1, 0, 0, 1, 1, 1, 2, 1, 2, 1, 1, 0, 1, 0, 0, 0];[5, 6, 19, 10, 2, 14, 12, 7, 15, 3, 18, 11, 8, 16, 17, 13, 4, 9, 0, 1]|[2, 1, 2, 0, 1, 1, 1, 0, 1, 0, 0, 0, 2, 2, 2, 1, 2, 1, 0, 0]|[0, 1, 1, 2, 1, 0, 0, 3, 0, 0, 3, 0, 1, 0, 0, 1, 1, 1, 3, 3]|[0, 1, 1, 2, 1, 0, 1, 0, 1, 1, 1, 0, 1, 0, 0, 0, 1, 1, 0, 2];[19, 4, 2, 13, 16, 5, 11, 18, 7, 17, 15, 12, 10, 1, 3, 8, 9, 6, 14, 0]|[1, 1, 2, 1, 2, 2, 0, 1, 2, 1, 1, 1, 0, 0, 0, 0, 0, 2, 0, 0]|[1, 1, 0, 1, 0, 0, 3, 1, 0, 1, 1, 1, 3, 3, 3, 3, 3, 0, 3, 3]|[1, 1, 1, 1, 0, 1, 0, 1, 0, 1, 1, 1, 0, 0, 0, 2, 0, 1, 0, 2];[19, 14, 5, 4, 16, 2, 3, 9, 17, 6, 15, 11, 7, 8, 12, 10, 13, 18, 0, 1]|[1, 0, 2, 1, 2, 2, 1, 0, 0, 1, 1, 0, 0, 1, 2, 2, 2, 1, 0, 0]|[0, 0, 1, 1, 0, 1, 0, 3, 3, 0, 1, 0, 3, 1, 0, 0, 0, 1, 3, 3]|[1, 2, 1, 0, 0, 1, 1, 0, 0, 0, 1, 1, 0, 1, 1, 1, 0, 1, 2, 0];[19, 14, 5, 4, 16, 2, 3, 9, 17, 6, 15, 11, 7, 8, 12, 10, 13, 18, 0, 1]|[1, 0, 2, 1, 2, 2, 1, 0, 0, 1, 1, 0, 0, 1, 2, 2, 2, 1, 0, 0]|[0, 0, 1, 1, 0, 1, 0, 3, 3, 0, 1, 0, 3, 1, 0, 0, 0, 1, 3, 3]|[1, 2, 1, 0, 0, 1, 1, 0, 0, 0, 1, 1, 0, 1, 1, 1, 0, 1, 2, 0];[19, 14, 5, 4, 16, 2, 3, 9, 17, 6, 15, 11, 7, 8, 12, 10, 13, 18, 0, 1]|[1, 0, 2, 1, 2, 2, 1, 0, 0, 1, 1, 0, 0, 1, 2, 2, 2, 1, 0, 0]|[0, 0, 1, 1, 0, 1, 0, 3, 3, 0, 1, 0, 3, 1, 0, 0, 0, 1, 3, 3]|[1, 2, 1, 0, 0, 1, 1, 0, 0, 0, 1, 1, 0, 1, 1, 1, 0, 1, 2, 0];[19, 14, 5, 4, 16, 2, 3, 9, 17, 6, 15, 11, 7, 8, 12, 10, 13, 18, 0, 1]|[1, 0, 2, 1, 2, 2, 1, 0, 0, 1, 1, 0, 0, 1, 2, 2, 2, 1, 0, 0]|[0, 0, 1, 1, 0, 1, 0, 3, 3, 0, 1, 0, 3, 1, 0, 0, 0, 1, 3, 3]|[1, 2, 1, 0, 0, 1, 1, 0, 0, 0, 1, 1, 0, 1, 1, 1, 0, 1, 2, 0];[12, 5, 4, 15, 11, 19, 1, 16, 3, 9, 0, 10, 2, 14, 6, 17, 13, 18, 7, 8]|[0, 2, 0, 2, 0, 1, 0, 2, 1, 2, 2, 1, 2, 0, 1, 1, 1, 2, 1, 0]|[3, 0, 3, 1, 0, 1, 2, 1, 1, 0, 0, 1, 1, 3, 0, 1, 1, 0, 1, 3]|[0, 0, 2, 1, 1, 1, 0, 0, 1, 1, 1, 1, 1, 2, 0, 1, 1, 0, 1, 0];[12, 5, 4, 15, 11, 19, 1, 16, 3, 9, 0, 10, 2, 14, 6, 17, 13, 18, 7, 8]|[0, 2, 0, 2, 0, 1, 0, 2, 1, 2, 2, 1, 2, 0, 1, 1, 1, 2, 1, 0]|[3, 0, 3, 1, 0, 1, 2, 1, 1, 0, 0, 1, 1, 3, 0, 1, 1, 0, 1, 3]|[0, 0, 2, 1, 1, 1, 0, 0, 1, 1, 1, 1, 1, 2, 0, 1, 1, 0, 1, 0];[12, 5, 4, 15, 11, 19, 1, 16, 3, 9, 0, 10, 2, 14, 6, 17, 13, 18, 7, 8]|[0, 2, 0, 2, 0, 1, 0, 2, 1, 2, 2, 1, 2, 0, 1, 1, 1, 2, 1, 0]|[3, 0, 3, 1, 0, 1, 2, 1, 1, 0, 0, 1, 1, 3, 0, 1, 1, 0, 1, 3]|[0, 0, 2, 1, 1, 1, 0, 0, 1, 1, 1, 1, 1, 2, 0, 1, 1, 0, 1, 0];[12, 5, 4, 15, 11, 19, 1, 16, 3, 9, 0, 10, 2, 14, 6, 17, 13, 18, 7, 8]|[0, 2, 0, 2, 0, 1, 0, 2, 1, 2, 2, 1, 2, 0, 1, 1, 1, 2, 1, 0]|[3, 0, 3, 1, 0, 1, 2, 1, 1, 0, 0, 1, 1, 3, 0, 1, 1, 0, 1, 3]|[0, 0, 2, 1, 1, 1, 0, 0, 1, 1, 1, 1, 1, 2, 0, 1, 1, 0, 1, 0];[11, 19, 14, 2, 4, 16, 5, 3, 9, 10, 18, 7, 1, 15, 0, 12, 17, 6, 13, 8]|[0, 1, 0, 2, 1, 2, 2, 1, 1, 0, 0, 2, 0, 2, 0, 1, 1, 2, 1, 0]|[0, 0, 1, 1, 1, 0, 1, 0, 1, 3, 3, 0, 3, 0, 3, 1, 1, 0, 0, 3]|[2, 1, 1, 1, 0, 0, 1, 1, 1, 0, 0, 1, 0, 0, 2, 1, 1, 1, 1, 0];[11, 19, 14, 2, 4, 16, 5, 3, 9, 10, 18, 7, 1, 15, 0, 12, 17, 6, 13, 8]|[0, 1, 0, 2, 1, 2, 2, 1, 1, 0, 0, 2, 0, 2, 0, 1, 1, 2, 1, 0]|[0, 0, 1, 1, 1, 0, 1, 0, 1, 3, 3, 0, 3, 0, 3, 1, 1, 0, 0, 3]|[2, 1, 1, 1, 0, 0, 1, 1, 1, 0, 0, 1, 0, 0, 2, 1, 1, 1, 1, 0];[11, 19, 14, 2, 4, 16, 5, 3, 9, 10, 18, 7, 1, 15, 0, 12, 17, 6, 13, 8]|[0, 1, 0, 2, 1, 2, 2, 1, 1, 0, 0, 2, 0, 2, 0, 1, 1, 2, 1, 0]|[0, 0, 1, 1, 1, 0, 1, 0, 1, 3, 3, 0, 3, 0, 3, 1, 1, 0, 0, 3]|[2, 1, 1, 1, 0, 0, 1, 1, 1, 0, 0, 1, 0, 0, 2, 1, 1, 1, 1, 0];[11, 19, 14, 2, 4, 16, 5, 3, 9, 10, 18, 7, 1, 15, 0, 12, 17, 6, 13, 8]|[0, 1, 0, 2, 1, 2, 2, 1, 1, 0, 0, 2, 0, 2, 0, 1, 1, 2, 1, 0]|[0, 0, 1, 1, 1, 0, 1, 0, 1, 3, 3, 0, 3, 0, 3, 1, 1, 0, 0, 3]|[2, 1, 1, 1, 0, 0, 1, 1, 1, 0, 0, 1, 0, 0, 2, 1, 1, 1, 1, 0];[1, 9, 4, 5, 14, 13, 2, 15, 17, 10, 8, 6, 16, 12, 19, 11, 0, 7, 3, 18]|[0, 1, 1, 2, 0, 1, 1, 0, 0, 1, 0, 2, 2, 2, 2, 1, 0, 2, 1, 0]|[1, 0, 1, 1, 2, 0, 1, 0, 3, 0, 3, 0, 0, 0, 0, 1, 3, 0, 0, 3]|[2, 1, 0, 0, 0, 1, 1, 0, 1, 1, 2, 1, 1, 0, 1, 0, 0, 1, 1, 0];[3, 4, 6, 8, 18, 14, 9, 12, 10, 15, 1, 0, 19, 17, 7, 16, 13, 2, 5, 11]|[2, 1, 1, 2, 0, 0, 1, 2, 2, 0, 0, 0, 0, 0, 0, 1, 0, 0, 2, 1]|[1, 1, 1, 1, 3, 3, 1, 1, 1, 3, 3, 3, 3, 3, 3, 1, 3, 3, 1, 1]|[0, 1, 1, 1, 0, 2, 1, 0, 1, 0, 1, 0, 2, 0, 0, 1, 2, 0, 0, 1];[19, 15, 14, 4, 13, 16, 5, 12, 7, 6, 0, 10, 9, 11, 1, 17, 2, 3, 8, 18]|[2, 1, 1, 0, 1, 2, 2, 1, 0, 0, 0, 2, 2, 0, 1, 1, 1, 2, 1, 0]|[1, 1, 0, 3, 1, 0, 0, 0, 0, 3, 1, 0, 0, 3, 0, 0, 1, 0, 1, 3]|[0, 1, 1, 2, 0, 1, 1, 1, 0, 0, 1, 1, 0, 0, 1, 1, 0, 1, 1, 0];[10, 3, 5, 16, 4, 19, 18, 13, 8, 7, 12, 15, 11, 1, 2, 14, 6, 17, 9, 0]|[0, 1, 2, 2, 1, 2, 0, 1, 1, 0, 1, 2, 0, 0, 0, 0, 2, 1, 1, 1]|[3, 0, 0, 0, 1, 1, 2, 0, 1, 0, 1, 0, 3, 3, 2, 1, 0, 1, 1, 0]|[2, 1, 1, 0, 0, 1, 1, 1, 1, 0, 1, 0, 0, 2, 0, 2, 1, 1, 1, 0];[5, 1, 16, 4, 14, 13, 10, 11, 7, 8, 12, 3, 9, 17, 15, 6, 2, 19, 18, 0]|[0, 2, 2, 1, 0, 1, 0, 0, 2, 0, 1, 1, 2, 1, 1, 2, 2, 2, 1, 0]|[0, 0, 1, 1, 3, 1, 2, 3, 0, 3, 1, 1, 0, 1, 1, 0, 0, 1, 1, 1]|[2, 0, 1, 1, 1, 1, 0, 0, 1, 2, 1, 1, 1, 1, 1, 0, 0, 1, 1, 0];[5, 2, 14, 10, 4, 13, 16, 19, 17, 0, 11, 9, 12, 3, 18, 15, 6, 1, 7, 8]|[0, 1, 0, 2, 1, 1, 2, 2, 1, 0, 1, 2, 2, 0, 0, 2, 1, 2, 1, 0]|[0, 0, 3, 1, 1, 1, 0, 1, 0, 3, 0, 0, 1, 0, 3, 0, 1, 0, 1, 3]|[0, 0, 2, 1, 1, 1, 0, 1, 1, 2, 0, 0, 0, 1, 0, 1, 1, 1, 1, 0];[5, 2, 14, 10, 4, 13, 16, 19, 17, 0, 11, 9, 12, 3, 18, 15, 6, 1, 7, 8]|[0, 1, 0, 2, 1, 1, 2, 2, 1, 0, 1, 2, 2, 0, 0, 2, 1, 2, 1, 0]|[0, 0, 3, 1, 1, 1, 0, 1, 0, 3, 0, 0, 1, 0, 3, 0, 1, 0, 1, 3]|[0, 0, 2, 1, 1, 1, 0, 1, 1, 2, 0, 0, 0, 1, 0, 1, 1, 1, 1, 0];[5, 2, 14, 10, 4, 13, 16, 19, 17, 0, 11, 9, 12, 3, 18, 15, 6, 1, 7, 8]|[0, 1, 0, 2, 1, 1, 2, 2, 1, 0, 1, 2, 2, 0, 0, 2, 1, 2, 1, 0]|[0, 0, 3, 1, 1, 1, 0, 1, 0, 3, 0, 0, 1, 0, 3, 0, 1, 0, 1, 3]|[0, 0, 2, 1, 1, 1, 0, 1, 1, 2, 0, 0, 0, 1, 0, 1, 1, 1, 1, 0];[5, 2, 14, 10, 4, 13, 16, 19, 17, 0, 11, 9, 12, 3, 18, 15, 6, 1, 7, 8]|[0, 1, 0, 2, 1, 1, 2, 2, 1, 0, 1, 2, 2, 0, 0, 2, 1, 2, 1, 0]|[0, 0, 3, 1, 1, 1, 0, 1, 0, 3, 0, 0, 1, 0, 3, 0, 1, 0, 1, 3]|[0, 0, 2, 1, 1, 1, 0, 1, 1, 2, 0, 0, 0, 1, 0, 1, 1, 1, 1, 0];[2, 19, 8, 14, 9, 6, 18, 12, 13, 1, 7, 0, 4, 10, 11, 16, 3, 15, 5, 17]|[0, 1, 1, 0, 2, 1, 0, 1, 2, 1, 0, 2, 0, 0, 2, 2, 1, 1, 1, 0]|[3, 1, 1, 3, 0, 1, 3, 1, 0, 1, 3, 0, 3, 3, 0, 0, 1, 1, 1, 3]|[0, 1, 1, 2, 1, 1, 0, 1, 0, 1, 2, 1, 0, 2, 0, 1, 1, 1, 1, 0]
fc6diagRound 13	fe=366090	pool=300	target=100	rescued=1	sOriginal=[1, 19, 13, 14, 2, 4, 16, 5, 3, 10, 11, 6, 8, 12, 9, 7, 17, 15, 0, 18]|[0, 1, 1, 0, 2, 1, 2, 2, 1, 0, 0, 2, 0, 1, 0, 1, 1, 2, 1, 0]|[3, 1, 1, 3, 0, 1, 0, 0, 0, 2, 3, 0, 3, 1, 3, 1, 1, 0, 1, 3]|[0, 1, 1, 2, 1, 0, 0, 1, 1, 0, 0, 1, 2, 1, 1, 1, 1, 0, 1, 0];[1, 19, 13, 14, 2, 4, 16, 5, 3, 10, 11, 6, 8, 12, 9, 7, 17, 15, 0, 18]|[0, 1, 1, 0, 2, 1, 2, 2, 1, 0, 0, 2, 0, 1, 0, 1, 1, 2, 1, 0]|[3, 1, 1, 3, 0, 1, 0, 0, 0, 2, 3, 0, 3, 1, 3, 1, 1, 0, 1, 3]|[0, 1, 1, 2, 1, 0, 0, 1, 1, 0, 0, 1, 2, 1, 1, 1, 1, 0, 1, 0];[1, 2, 13, 14, 5, 4, 16, 19, 3, 10, 11, 6, 8, 18, 7, 9, 12, 15, 17, 0]|[0, 1, 1, 0, 2, 1, 2, 2, 1, 0, 0, 2, 0, 1, 0, 1, 1, 2, 1, 0]|[3, 1, 1, 3, 0, 1, 0, 0, 0, 2, 3, 0, 3, 1, 3, 1, 1, 0, 1, 3]|[2, 1, 1, 2, 1, 0, 0, 1, 1, 0, 0, 1, 2, 1, 0, 1, 1, 0, 1, 0];[1, 19, 14, 2, 17, 18, 5, 15, 12, 6, 16, 10, 11, 4, 0, 7, 13, 8, 3, 9]|[0, 1, 0, 2, 2, 1, 0, 1, 1, 2, 2, 0, 0, 2, 0, 1, 1, 1, 1, 0]|[3, 1, 3, 0, 0, 1, 3, 1, 1, 0, 0, 0, 3, 0, 3, 1, 1, 1, 1, 3]|[0, 1, 2, 1, 0, 1, 0, 1, 1, 0, 1, 1, 0, 1, 2, 1, 1, 1, 1, 0];[1, 19, 14, 2, 17, 18, 5, 15, 12, 6, 16, 10, 11, 4, 0, 7, 13, 8, 3, 9]|[0, 1, 0, 2, 2, 1, 0, 1, 1, 2, 2, 0, 0, 2, 0, 1, 1, 1, 1, 0]|[3, 1, 3, 0, 0, 1, 3, 1, 1, 0, 0, 0, 3, 0, 3, 1, 1, 1, 1, 3]|[0, 1, 2, 1, 0, 1, 0, 1, 1, 0, 1, 1, 0, 1, 2, 1, 1, 1, 1, 0];[1, 19, 14, 2, 17, 18, 5, 15, 12, 6, 16, 10, 11, 4, 0, 7, 13, 8, 3, 9]|[0, 1, 0, 2, 2, 1, 0, 1, 1, 2, 2, 0, 0, 2, 0, 1, 1, 1, 1, 0]|[3, 1, 3, 0, 0, 1, 3, 1, 1, 0, 0, 0, 3, 0, 3, 1, 1, 1, 1, 3]|[0, 1, 2, 1, 0, 1, 0, 1, 1, 0, 1, 1, 0, 1, 2, 1, 1, 1, 1, 0];[1, 2, 13, 14, 5, 4, 16, 19, 3, 10, 11, 6, 8, 18, 7, 9, 12, 15, 17, 0]|[0, 1, 1, 0, 2, 1, 2, 2, 1, 0, 0, 2, 0, 1, 0, 1, 1, 2, 1, 0]|[3, 1, 1, 3, 0, 1, 0, 0, 0, 2, 3, 0, 3, 1, 3, 1, 1, 0, 1, 3]|[2, 1, 1, 2, 1, 0, 0, 1, 1, 0, 0, 1, 2, 1, 0, 1, 1, 0, 1, 0];[1, 19, 13, 14, 2, 15, 5, 16, 12, 17, 7, 0, 3, 10, 11, 6, 8, 9, 4, 18]|[0, 1, 1, 0, 2, 1, 2, 2, 1, 2, 1, 0, 1, 0, 0, 2, 0, 1, 1, 0]|[3, 1, 1, 3, 0, 1, 0, 0, 1, 0, 1, 0, 1, 3, 3, 0, 3, 1, 1, 3]|[2, 1, 1, 2, 1, 1, 1, 0, 1, 1, 1, 0, 1, 1, 0, 1, 2, 1, 1, 2];[1, 2, 4, 8, 6, 11, 10, 3, 5, 16, 15, 19, 14, 7, 17, 9, 12, 0, 18, 13]|[0, 1, 1, 0, 1, 0, 0, 1, 2, 2, 1, 2, 0, 0, 2, 1, 2, 1, 1, 0]|[1, 1, 1, 3, 0, 3, 0, 0, 0, 0, 1, 0, 3, 3, 0, 1, 0, 1, 1, 3]|[0, 1, 0, 2, 1, 0, 1, 1, 1, 0, 1, 1, 2, 1, 1, 1, 0, 1, 1, 0];[12, 19, 13, 14, 2, 4, 16, 5, 3, 10, 11, 6, 9, 1, 18, 7, 17, 0, 8, 15]|[0, 1, 1, 0, 2, 1, 2, 2, 1, 0, 0, 2, 0, 1, 0, 1, 1, 2, 1, 0]|[3, 1, 0, 3, 0, 1, 0, 0, 0, 0, 3, 0, 3, 1, 3, 1, 1, 0, 1, 3]|[0, 1, 1, 2, 1, 0, 0, 1, 1, 1, 0, 1, 2, 1, 1, 1, 1, 1, 1, 0];[1, 19, 8, 14, 5, 13, 6, 16, 3, 0, 12, 4, 2, 15, 17, 10, 9, 11, 7, 18]|[0, 1, 1, 0, 2, 1, 2, 2, 1, 0, 0, 2, 0, 1, 0, 1, 1, 2, 1, 0]|[3, 1, 1, 3, 0, 1, 0, 0, 0, 0, 3, 0, 3, 0, 3, 1, 1, 0, 1, 3]|[0, 1, 1, 2, 1, 0, 0, 1, 1, 1, 0, 1, 2, 1, 1, 1, 1, 1, 1, 0];[2, 19, 6, 15, 3, 4, 16, 5, 1, 11, 10, 0, 18, 12, 7, 13, 17, 8, 9, 14]|[0, 1, 1, 0, 2, 1, 2, 2, 1, 0, 0, 2, 0, 1, 0, 1, 1, 2, 1, 0]|[3, 1, 0, 3, 0, 1, 0, 0, 0, 0, 3, 0, 3, 1, 3, 1, 1, 0, 1, 3]|[0, 1, 1, 2, 1, 0, 0, 1, 1, 1, 0, 1, 2, 1, 1, 1, 1, 1, 1, 0];[1, 19, 13, 14, 2, 4, 16, 5, 3, 10, 11, 6, 8, 15, 7, 9, 12, 18, 17, 0]|[0, 1, 1, 0, 2, 1, 2, 2, 1, 0, 0, 2, 0, 1, 0, 1, 1, 2, 1, 0]|[3, 1, 1, 3, 0, 1, 0, 0, 0, 0, 3, 0, 3, 1, 3, 1, 1, 0, 1, 3]|[2, 1, 1, 2, 1, 0, 0, 1, 1, 0, 0, 1, 2, 1, 2, 1, 1, 1, 1, 0];[1, 19, 13, 14, 2, 4, 16, 5, 3, 10, 11, 6, 8, 15, 7, 9, 12, 18, 17, 0]|[0, 1, 1, 0, 2, 1, 2, 2, 1, 0, 0, 2, 0, 1, 0, 1, 1, 2, 1, 0]|[3, 1, 1, 3, 0, 1, 0, 0, 0, 0, 3, 0, 3, 1, 3, 1, 1, 0, 1, 3]|[2, 1, 1, 2, 1, 0, 0, 1, 1, 0, 0, 1, 2, 1, 2, 1, 1, 1, 1, 0];[1, 2, 15, 11, 10, 14, 9, 12, 16, 13, 3, 4, 7, 6, 19, 18, 0, 8, 17, 5]|[0, 0, 0, 0, 2, 2, 0, 0, 1, 0, 2, 1, 0, 1, 2, 0, 0, 0, 2, 1]|[0, 3, 3, 3, 1, 1, 3, 3, 1, 3, 1, 1, 3, 1, 1, 3, 2, 3, 1, 1]|[1, 0, 2, 0, 1, 0, 2, 2, 1, 2, 1, 0, 0, 1, 1, 1, 0, 2, 0, 1];[2, 12, 15, 19, 10, 14, 9, 1, 16, 13, 3, 4, 7, 6, 11, 18, 0, 8, 17, 5]|[0, 0, 0, 0, 2, 2, 0, 0, 1, 0, 2, 1, 0, 1, 2, 0, 0, 0, 2, 1]|[0, 3, 3, 3, 1, 1, 3, 3, 1, 3, 1, 1, 3, 1, 1, 3, 2, 3, 1, 1]|[1, 0, 2, 0, 1, 0, 2, 1, 1, 2, 1, 0, 0, 1, 1, 1, 0, 2, 0, 1];[1, 2, 13, 14, 19, 4, 6, 5, 18, 7, 0, 16, 8, 3, 12, 17, 15, 11, 9, 10]|[0, 1, 1, 0, 2, 1, 2, 2, 1, 1, 0, 2, 0, 0, 1, 1, 2, 1, 1, 0]|[0, 1, 0, 3, 0, 1, 0, 0, 0, 1, 3, 0, 3, 3, 1, 1, 0, 1, 1, 3]|[0, 1, 1, 2, 0, 0, 1, 1, 1, 1, 0, 0, 2, 0, 1, 1, 1, 1, 1, 0];[12, 10, 15, 19, 14, 7, 8, 5, 1, 4, 3, 2, 16, 13, 17, 9, 18, 0, 11, 6]|[0, 0, 0, 2, 2, 0, 1, 2, 0, 1, 2, 0, 1, 0, 0, 0, 0, 0, 2, 1]|[2, 3, 3, 0, 1, 3, 1, 1, 3, 1, 1, 3, 1, 3, 3, 3, 3, 3, 1, 1]|[1, 2, 0, 1, 0, 2, 1, 1, 1, 0, 1, 0, 1, 2, 1, 2, 0, 2, 0, 0];[2, 13, 11, 10, 14, 15, 16, 12, 18, 3, 4, 9, 19, 6, 7, 0, 8, 1, 17, 5]|[0, 0, 0, 0, 2, 0, 1, 2, 0, 2, 1, 0, 2, 1, 0, 0, 0, 0, 2, 1]|[3, 3, 3, 1, 1, 3, 1, 0, 3, 1, 1, 3, 1, 1, 3, 2, 3, 0, 1, 1]|[0, 2, 0, 1, 0, 2, 1, 0, 1, 1, 0, 2, 1, 1, 0, 0, 2, 1, 0, 1];[19, 9, 12, 2, 10, 14, 15, 1, 16, 7, 3, 4, 18, 8, 0, 11, 17, 13, 5, 6]|[0, 0, 0, 0, 2, 2, 0, 0, 1, 0, 2, 1, 0, 0, 0, 2, 1, 0, 2, 1]|[3, 3, 3, 3, 0, 1, 3, 0, 1, 3, 1, 1, 3, 2, 3, 1, 1, 3, 1, 1]|[0, 2, 1, 0, 1, 0, 2, 1, 1, 0, 1, 0, 2, 0, 1, 1, 1, 2, 0, 1];[5, 4, 14, 10, 2, 13, 16, 19, 17, 7, 11, 6, 9, 15, 0, 1, 12, 18, 3, 8]|[0, 1, 1, 0, 2, 1, 2, 2, 1, 0, 0, 2, 0, 1, 0, 1, 1, 2, 1, 0]|[3, 1, 1, 3, 0, 1, 0, 0, 0, 0, 3, 0, 3, 1, 3, 1, 1, 0, 1, 3]|[2, 1, 1, 2, 1, 0, 0, 1, 1, 1, 0, 0, 2, 1, 1, 1, 1, 0, 1, 0];[19, 2, 12, 13, 10, 14, 9, 18, 16, 15, 6, 4, 7, 3, 11, 1, 0, 8, 17, 5]|[0, 0, 0, 0, 2, 2, 0, 0, 1, 0, 2, 1, 0, 1, 2, 0, 0, 0, 2, 1]|[3, 0, 3, 3, 1, 1, 3, 3, 1, 3, 1, 1, 3, 1, 1, 3, 2, 3, 1, 1]|[0, 1, 2, 0, 1, 0, 2, 1, 1, 2, 1, 0, 0, 1, 1, 1, 0, 2, 0, 0];[19, 2, 12, 13, 10, 14, 9, 18, 16, 15, 6, 4, 7, 3, 11, 1, 0, 8, 17, 5]|[0, 0, 0, 0, 2, 2, 0, 0, 1, 0, 2, 1, 0, 1, 2, 0, 0, 0, 2, 1]|[3, 0, 3, 3, 1, 1, 3, 3, 1, 3, 1, 1, 3, 1, 1, 3, 2, 3, 1, 1]|[0, 1, 2, 0, 1, 0, 2, 1, 1, 2, 1, 0, 0, 1, 1, 1, 0, 2, 0, 0];[2, 19, 8, 12, 10, 14, 1, 16, 15, 3, 4, 7, 6, 11, 0, 13, 18, 9, 17, 5]|[0, 0, 0, 0, 2, 2, 0, 1, 0, 2, 1, 0, 1, 2, 0, 0, 0, 0, 2, 1]|[0, 3, 3, 3, 1, 1, 3, 1, 3, 1, 1, 3, 1, 1, 3, 2, 3, 3, 0, 1]|[1, 0, 2, 0, 1, 0, 1, 1, 2, 1, 0, 0, 1, 1, 1, 0, 2, 0, 0, 0];[2, 19, 8, 12, 10, 14, 1, 16, 15, 3, 4, 7, 6, 11, 0, 13, 18, 9, 17, 5]|[0, 0, 0, 0, 2, 2, 0, 1, 0, 2, 1, 0, 1, 2, 0, 0, 0, 0, 2, 1]|[0, 3, 3, 3, 1, 1, 3, 1, 3, 1, 1, 3, 1, 1, 3, 2, 3, 3, 0, 1]|[1, 0, 2, 0, 1, 0, 1, 1, 2, 1, 0, 0, 1, 1, 1, 0, 2, 0, 0, 0];[2, 19, 8, 12, 10, 14, 1, 16, 15, 3, 4, 7, 6, 11, 0, 13, 18, 9, 17, 5]|[0, 0, 0, 0, 2, 2, 0, 1, 0, 2, 1, 0, 1, 2, 0, 0, 0, 0, 2, 1]|[0, 3, 3, 3, 1, 1, 3, 1, 3, 1, 1, 3, 1, 1, 3, 2, 3, 3, 0, 1]|[1, 0, 2, 0, 1, 0, 1, 1, 2, 1, 0, 0, 1, 1, 1, 0, 2, 0, 0, 0];[2, 19, 8, 12, 10, 14, 1, 16, 15, 3, 4, 7, 6, 11, 0, 13, 18, 9, 17, 5]|[0, 0, 0, 0, 2, 2, 0, 1, 0, 2, 1, 0, 1, 2, 0, 0, 0, 0, 2, 1]|[0, 3, 3, 3, 1, 1, 3, 1, 3, 1, 1, 3, 1, 1, 3, 2, 3, 3, 0, 1]|[1, 0, 2, 0, 1, 0, 1, 1, 2, 1, 0, 0, 1, 1, 1, 0, 2, 0, 0, 0];[1, 19, 13, 14, 2, 4, 16, 5, 3, 10, 11, 6, 8, 15, 0, 12, 17, 7, 18, 9]|[0, 1, 1, 0, 2, 1, 2, 2, 0, 0, 0, 2, 0, 1, 0, 1, 1, 2, 1, 0]|[3, 1, 1, 3, 0, 1, 0, 0, 0, 2, 3, 0, 3, 1, 3, 1, 1, 0, 1, 3]|[0, 1, 1, 2, 1, 0, 0, 1, 1, 0, 0, 1, 2, 1, 1, 1, 1, 0, 1, 0];[1, 2, 13, 14, 19, 4, 16, 5, 3, 10, 11, 6, 18, 17, 7, 12, 0, 15, 9, 8]|[0, 1, 1, 0, 2, 1, 2, 2, 1, 0, 0, 2, 0, 0, 0, 1, 1, 2, 1, 0]|[3, 1, 1, 3, 0, 1, 0, 0, 0, 0, 3, 0, 3, 1, 3, 1, 1, 0, 1, 3]|[0, 1, 1, 2, 1, 0, 0, 1, 1, 1, 0, 1, 2, 1, 1, 1, 1, 0, 1, 0];[2, 12, 10, 15, 19, 18, 9, 1, 16, 13, 3, 5, 11, 6, 0, 7, 17, 14, 4, 8]|[0, 0, 0, 0, 2, 2, 0, 0, 1, 0, 2, 1, 0, 1, 2, 0, 0, 0, 2, 1]|[3, 0, 3, 3, 1, 1, 3, 3, 1, 3, 1, 1, 3, 1, 1, 3, 3, 3, 1, 1]|[0, 1, 2, 0, 1, 0, 2, 1, 1, 2, 1, 0, 0, 1, 1, 1, 0, 2, 0, 0];[2, 12, 15, 9, 10, 14, 19, 0, 16, 13, 3, 4, 7, 6, 11, 1, 18, 8, 17, 5]|[0, 0, 0, 0, 2, 2, 0, 0, 1, 0, 2, 1, 0, 1, 2, 0, 0, 0, 2, 1]|[0, 1, 3, 3, 1, 1, 3, 3, 1, 3, 1, 1, 3, 1, 1, 3, 2, 3, 1, 1]|[1, 0, 2, 2, 1, 0, 0, 1, 1, 2, 1, 0, 0, 1, 1, 1, 0, 2, 0, 0];[2, 12, 15, 9, 10, 14, 19, 0, 16, 13, 3, 4, 7, 6, 11, 1, 18, 8, 17, 5]|[0, 0, 0, 0, 2, 2, 0, 0, 1, 0, 2, 1, 0, 1, 2, 0, 0, 0, 2, 1]|[0, 1, 3, 3, 1, 1, 3, 3, 1, 3, 1, 1, 3, 1, 1, 3, 2, 3, 1, 1]|[1, 0, 2, 2, 1, 0, 0, 1, 1, 2, 1, 0, 0, 1, 1, 1, 0, 2, 0, 0];[2, 12, 15, 9, 10, 14, 19, 0, 16, 13, 3, 4, 7, 6, 11, 1, 18, 8, 17, 5]|[0, 0, 0, 0, 2, 2, 0, 0, 1, 0, 2, 1, 0, 1, 2, 0, 0, 0, 2, 1]|[0, 1, 3, 3, 1, 1, 3, 3, 1, 3, 1, 1, 3, 1, 1, 3, 2, 3, 1, 1]|[1, 0, 2, 2, 1, 0, 0, 1, 1, 2, 1, 0, 0, 1, 1, 1, 0, 2, 0, 0];[2, 12, 15, 9, 10, 14, 19, 0, 16, 13, 3, 4, 7, 6, 11, 1, 18, 8, 17, 5]|[0, 0, 0, 0, 2, 2, 0, 0, 1, 0, 2, 1, 0, 1, 2, 0, 0, 0, 2, 1]|[0, 1, 3, 3, 1, 1, 3, 3, 1, 3, 1, 1, 3, 1, 1, 3, 2, 3, 1, 1]|[1, 0, 2, 2, 1, 0, 0, 1, 1, 2, 1, 0, 0, 1, 1, 1, 0, 2, 0, 0];[1, 2, 13, 17, 10, 14, 9, 12, 16, 15, 3, 4, 7, 6, 11, 18, 0, 8, 19, 5]|[0, 0, 0, 0, 2, 2, 0, 0, 1, 0, 2, 1, 0, 1, 2, 0, 0, 0, 2, 1]|[3, 3, 3, 3, 1, 1, 3, 3, 1, 3, 1, 1, 3, 1, 1, 3, 2, 3, 1, 1]|[1, 0, 2, 0, 1, 0, 2, 1, 1, 2, 1, 0, 0, 1, 1, 1, 0, 2, 0, 1];[19, 14, 2, 4, 16, 5, 12, 1, 18, 10, 6, 11, 7, 17, 15, 9, 3, 13, 0, 8]|[1, 0, 2, 2, 2, 2, 2, 0, 0, 0, 2, 0, 0, 1, 1, 1, 1, 1, 1, 0]|[1, 0, 0, 1, 0, 0, 0, 3, 3, 3, 0, 3, 3, 1, 1, 1, 1, 1, 1, 3]|[1, 1, 1, 1, 0, 1, 0, 0, 0, 2, 1, 0, 0, 1, 1, 1, 1, 1, 1, 2];[1, 5, 14, 16, 19, 9, 10, 11, 6, 8, 15, 3, 2, 12, 18, 13, 17, 7, 4, 0]|[0, 2, 0, 2, 2, 1, 0, 0, 2, 0, 2, 1, 1, 1, 1, 1, 1, 0, 1, 0]|[3, 0, 3, 0, 0, 1, 2, 3, 0, 3, 0, 1, 1, 1, 1, 1, 1, 3, 1, 3]|[2, 1, 2, 0, 1, 1, 0, 0, 1, 2, 0, 1, 1, 1, 1, 1, 1, 0, 1, 0];[1, 5, 14, 16, 19, 9, 10, 11, 6, 8, 15, 3, 2, 12, 18, 13, 17, 7, 4, 0]|[0, 2, 0, 2, 2, 1, 0, 0, 2, 0, 2, 1, 1, 1, 1, 1, 1, 0, 1, 0]|[3, 0, 3, 0, 0, 1, 2, 3, 0, 3, 0, 1, 1, 1, 1, 1, 1, 3, 1, 3]|[2, 1, 2, 0, 1, 1, 0, 0, 1, 2, 0, 1, 1, 1, 1, 1, 1, 0, 1, 0];[19, 15, 11, 2, 10, 14, 9, 1, 16, 13, 18, 4, 7, 12, 6, 0, 17, 8, 5, 3]|[0, 0, 0, 0, 2, 2, 0, 0, 1, 0, 2, 1, 0, 1, 2, 0, 0, 0, 2, 1]|[3, 3, 3, 0, 1, 1, 3, 3, 1, 3, 1, 1, 3, 1, 1, 3, 2, 3, 1, 1]|[0, 2, 0, 1, 1, 0, 2, 1, 1, 2, 1, 0, 0, 1, 1, 1, 0, 2, 0, 1];[19, 15, 11, 2, 10, 14, 9, 1, 16, 13, 18, 4, 7, 12, 6, 0, 17, 8, 5, 3]|[0, 0, 0, 0, 2, 2, 0, 0, 1, 0, 2, 1, 0, 1, 2, 0, 0, 0, 2, 1]|[3, 3, 3, 0, 1, 1, 3, 3, 1, 3, 1, 1, 3, 1, 1, 3, 2, 3, 1, 1]|[0, 2, 0, 1, 1, 0, 2, 1, 1, 2, 1, 0, 0, 1, 1, 1, 0, 2, 0, 1];[1, 19, 14, 2, 4, 16, 5, 10, 11, 0, 8, 13, 18, 17, 7, 9, 3, 12, 6, 15]|[0, 1, 0, 2, 1, 2, 2, 0, 0, 2, 0, 1, 0, 1, 1, 1, 1, 2, 1, 0]|[3, 1, 3, 0, 1, 0, 0, 0, 3, 0, 3, 1, 3, 1, 1, 1, 1, 0, 1, 3]|[0, 1, 2, 1, 1, 0, 0, 0, 0, 1, 2, 1, 1, 1, 1, 1, 1, 0, 1, 0];[1, 2, 14, 16, 5, 7, 11, 6, 8, 18, 4, 19, 15, 12, 9, 17, 0, 3, 13, 10]|[0, 2, 0, 2, 2, 0, 0, 2, 0, 0, 1, 1, 2, 1, 1, 1, 1, 1, 1, 0]|[0, 0, 3, 0, 0, 3, 3, 0, 3, 3, 1, 1, 0, 1, 1, 1, 1, 1, 1, 3]|[0, 1, 2, 0, 1, 0, 0, 1, 2, 0, 1, 1, 0, 1, 1, 1, 1, 1, 1, 0];[1, 2, 14, 16, 5, 7, 11, 6, 8, 18, 4, 19, 15, 12, 9, 17, 0, 3, 13, 10]|[0, 2, 0, 2, 2, 0, 0, 2, 0, 0, 1, 1, 2, 1, 1, 1, 1, 1, 1, 0]|[0, 0, 3, 0, 0, 3, 3, 0, 3, 3, 1, 1, 0, 1, 1, 1, 1, 1, 1, 3]|[0, 1, 2, 0, 1, 0, 0, 1, 2, 0, 1, 1, 0, 1, 1, 1, 1, 1, 1, 0];[2, 12, 15, 19, 10, 14, 9, 1, 16, 13, 3, 4, 7, 6, 11, 0, 17, 8, 5, 18]|[0, 0, 0, 0, 2, 2, 0, 0, 1, 0, 2, 1, 0, 1, 2, 0, 0, 0, 2, 1]|[0, 3, 3, 3, 1, 1, 3, 3, 1, 3, 1, 1, 3, 1, 1, 3, 2, 3, 1, 1]|[1, 0, 2, 0, 1, 0, 2, 1, 1, 2, 1, 0, 0, 1, 1, 1, 0, 2, 0, 0];[2, 12, 15, 19, 10, 14, 9, 1, 16, 13, 3, 4, 7, 6, 11, 0, 17, 8, 5, 18]|[0, 0, 0, 0, 2, 2, 0, 0, 1, 0, 2, 1, 0, 1, 2, 0, 0, 0, 2, 1]|[0, 3, 3, 3, 1, 1, 3, 3, 1, 3, 1, 1, 3, 1, 1, 3, 2, 3, 1, 1]|[1, 0, 2, 0, 1, 0, 2, 1, 1, 2, 1, 0, 0, 1, 1, 1, 0, 2, 0, 0];[2, 12, 15, 19, 10, 14, 9, 1, 16, 13, 3, 4, 7, 6, 11, 0, 17, 8, 5, 18]|[0, 0, 0, 0, 2, 2, 0, 0, 1, 0, 2, 1, 0, 1, 2, 0, 0, 0, 2, 1]|[0, 3, 3, 3, 1, 1, 3, 3, 1, 3, 1, 1, 3, 1, 1, 3, 2, 3, 1, 1]|[1, 0, 2, 0, 1, 0, 2, 1, 1, 2, 1, 0, 0, 1, 1, 1, 0, 2, 0, 0];[2, 12, 15, 19, 10, 14, 9, 1, 16, 13, 3, 4, 7, 6, 11, 0, 17, 8, 5, 18]|[0, 0, 0, 0, 2, 2, 0, 0, 1, 0, 2, 1, 0, 1, 2, 0, 0, 0, 2, 1]|[0, 3, 3, 3, 1, 1, 3, 3, 1, 3, 1, 1, 3, 1, 1, 3, 2, 3, 1, 1]|[1, 0, 2, 0, 1, 0, 2, 1, 1, 2, 1, 0, 0, 1, 1, 1, 0, 2, 0, 0];[1, 2, 13, 14, 19, 4, 16, 5, 3, 10, 11, 17, 8, 12, 7, 6, 15, 0, 9, 18]|[0, 1, 1, 0, 2, 1, 2, 2, 1, 0, 0, 2, 0, 1, 0, 1, 1, 2, 1, 0]|[3, 1, 0, 3, 1, 1, 0, 0, 0, 0, 3, 0, 3, 1, 0, 1, 1, 0, 1, 3]|[0, 1, 1, 2, 1, 0, 1, 1, 1, 1, 0, 1, 2, 1, 1, 1, 1, 1, 1, 0];[1, 19, 13, 14, 2, 8, 6, 16, 3, 10, 11, 4, 0, 7, 5, 15, 12, 17, 18, 9]|[0, 1, 1, 0, 2, 1, 2, 2, 1, 0, 0, 2, 0, 1, 0, 1, 1, 2, 1, 0]|[3, 1, 1, 3, 0, 1, 0, 0, 0, 0, 3, 0, 3, 0, 3, 1, 1, 0, 1, 3]|[0, 1, 1, 2, 1, 0, 0, 1, 1, 1, 0, 1, 2, 1, 0, 1, 1, 0, 1, 0];[2, 12, 15, 19, 10, 14, 9, 1, 16, 3, 13, 4, 7, 6, 11, 0, 8, 18, 17, 5]|[0, 0, 0, 0, 2, 2, 0, 0, 1, 0, 2, 1, 0, 1, 2, 0, 0, 0, 2, 1]|[3, 3, 3, 3, 1, 1, 3, 3, 1, 3, 1, 1, 3, 1, 1, 3, 2, 3, 1, 1]|[1, 0, 2, 0, 1, 0, 2, 1, 1, 2, 1, 0, 0, 1, 1, 1, 0, 2, 0, 1];[1, 19, 13, 14, 2, 4, 16, 5, 3, 10, 11, 6, 8, 12, 18, 7, 17, 0, 9, 15]|[0, 1, 1, 0, 2, 1, 2, 2, 1, 0, 0, 2, 0, 1, 0, 1, 1, 2, 1, 0]|[3, 1, 1, 3, 0, 1, 0, 0, 0, 2, 3, 0, 3, 1, 3, 1, 1, 0, 1, 3]|[0, 1, 1, 2, 1, 0, 0, 1, 1, 0, 0, 1, 2, 1, 1, 1, 1, 0, 1, 0];[2, 19, 15, 12, 10, 14, 9, 18, 16, 13, 3, 4, 8, 6, 1, 11, 0, 7, 5, 17]|[0, 0, 0, 0, 2, 2, 2, 0, 1, 0, 2, 1, 0, 1, 0, 0, 0, 0, 2, 1]|[0, 3, 3, 3, 1, 1, 1, 3, 1, 3, 1, 1, 2, 1, 3, 3, 3, 3, 1, 1]|[1, 0, 2, 0, 1, 0, 0, 1, 1, 2, 1, 0, 0, 1, 1, 0, 2, 1, 0, 0];[2, 19, 15, 12, 10, 14, 9, 18, 16, 13, 3, 4, 8, 6, 1, 11, 0, 7, 5, 17]|[0, 0, 0, 0, 2, 2, 2, 0, 1, 0, 2, 1, 0, 1, 0, 0, 0, 0, 2, 1]|[0, 3, 3, 3, 1, 1, 1, 3, 1, 3, 1, 1, 2, 1, 3, 3, 3, 3, 1, 1]|[1, 0, 2, 0, 1, 0, 0, 1, 1, 2, 1, 0, 0, 1, 1, 0, 2, 1, 0, 0];[2, 19, 15, 12, 10, 14, 9, 18, 16, 13, 3, 4, 8, 6, 1, 11, 0, 7, 5, 17]|[0, 0, 0, 0, 2, 2, 2, 0, 1, 0, 2, 1, 0, 1, 0, 0, 0, 0, 2, 1]|[0, 3, 3, 3, 1, 1, 1, 3, 1, 3, 1, 1, 2, 1, 3, 3, 3, 3, 1, 1]|[1, 0, 2, 0, 1, 0, 0, 1, 1, 2, 1, 0, 0, 1, 1, 0, 2, 1, 0, 0];[2, 19, 15, 12, 10, 14, 9, 18, 16, 13, 3, 4, 8, 6, 1, 11, 0, 7, 5, 17]|[0, 0, 0, 0, 2, 2, 2, 0, 1, 0, 2, 1, 0, 1, 0, 0, 0, 0, 2, 1]|[0, 3, 3, 3, 1, 1, 1, 3, 1, 3, 1, 1, 2, 1, 3, 3, 3, 3, 1, 1]|[1, 0, 2, 0, 1, 0, 0, 1, 1, 2, 1, 0, 0, 1, 1, 0, 2, 1, 0, 0];[2, 12, 15, 19, 10, 14, 9, 1, 16, 13, 6, 0, 7, 3, 11, 18, 17, 8, 4, 5]|[0, 0, 0, 0, 2, 2, 0, 0, 1, 0, 2, 1, 0, 1, 2, 0, 0, 0, 2, 1]|[3, 3, 3, 3, 1, 1, 3, 3, 1, 3, 1, 1, 3, 1, 1, 3, 2, 3, 1, 1]|[1, 0, 2, 0, 1, 0, 2, 1, 1, 2, 1, 0, 0, 1, 1, 1, 0, 2, 0, 1];[19, 6, 5, 4, 16, 14, 12, 17, 2, 10, 18, 15, 7, 0, 11, 9, 13, 8, 3, 1]|[2, 1, 2, 1, 2, 2, 1, 2, 0, 1, 0, 0, 0, 0, 0, 1, 1, 1, 0, 0]|[0, 1, 0, 1, 0, 0, 0, 0, 3, 1, 3, 3, 3, 3, 3, 1, 1, 1, 3, 3]|[1, 1, 1, 0, 0, 1, 1, 1, 0, 1, 2, 0, 1, 0, 2, 1, 1, 1, 0, 0];[19, 6, 5, 4, 16, 14, 12, 17, 2, 10, 18, 15, 7, 0, 11, 9, 13, 8, 3, 1]|[2, 1, 2, 1, 2, 2, 1, 2, 0, 1, 0, 0, 0, 0, 0, 1, 1, 1, 0, 0]|[0, 1, 0, 1, 0, 0, 0, 0, 3, 1, 3, 3, 3, 3, 3, 1, 1, 1, 3, 3]|[1, 1, 1, 0, 0, 1, 1, 1, 0, 1, 2, 0, 1, 0, 2, 1, 1, 1, 0, 0];[1, 2, 13, 14, 19, 4, 16, 5, 3, 10, 11, 6, 8, 12, 7, 9, 18, 17, 15, 0]|[0, 1, 1, 0, 2, 1, 2, 2, 1, 0, 0, 2, 0, 1, 0, 1, 1, 2, 1, 0]|[3, 1, 0, 3, 0, 1, 0, 0, 0, 0, 0, 0, 1, 1, 3, 1, 1, 0, 1, 3]|[0, 1, 1, 2, 1, 0, 0, 1, 1, 1, 0, 1, 2, 1, 1, 1, 1, 1, 1, 0];[5, 4, 14, 10, 2, 13, 16, 19, 17, 7, 18, 0, 8, 12, 1, 11, 3, 15, 6, 9]|[0, 1, 1, 0, 2, 1, 2, 2, 1, 0, 0, 2, 0, 0, 1, 1, 1, 2, 1, 0]|[3, 1, 1, 3, 0, 1, 0, 0, 1, 3, 3, 0, 3, 3, 1, 1, 1, 0, 1, 3]|[0, 1, 1, 2, 1, 1, 0, 1, 1, 0, 0, 1, 2, 1, 1, 1, 1, 1, 1, 0];[5, 4, 14, 10, 2, 13, 16, 19, 17, 7, 18, 0, 8, 12, 1, 11, 3, 15, 6, 9]|[0, 1, 1, 0, 2, 1, 2, 2, 1, 0, 0, 2, 0, 0, 1, 1, 1, 2, 1, 0]|[3, 1, 1, 3, 0, 1, 0, 0, 1, 3, 3, 0, 3, 3, 1, 1, 1, 0, 1, 3]|[0, 1, 1, 2, 1, 1, 0, 1, 1, 0, 0, 1, 2, 1, 1, 1, 1, 1, 1, 0];[2, 13, 1, 10, 14, 9, 18, 16, 15, 3, 4, 0, 12, 11, 6, 7, 8, 17, 19, 5]|[0, 0, 0, 2, 2, 0, 0, 1, 0, 2, 1, 0, 0, 2, 1, 0, 0, 0, 2, 1]|[3, 3, 3, 1, 1, 3, 3, 1, 3, 1, 1, 3, 3, 1, 1, 3, 3, 3, 1, 1]|[0, 2, 0, 1, 0, 2, 0, 1, 2, 1, 0, 0, 1, 1, 1, 0, 2, 0, 0, 1];[5, 4, 14, 10, 11, 19, 16, 6, 3, 15, 0, 1, 8, 13, 18, 7, 12, 2, 9, 17]|[0, 1, 1, 0, 2, 1, 2, 2, 1, 0, 0, 2, 0, 1, 0, 1, 1, 2, 1, 0]|[3, 1, 0, 3, 0, 1, 0, 0, 0, 2, 3, 0, 3, 1, 3, 1, 1, 0, 1, 3]|[0, 1, 1, 2, 1, 0, 0, 1, 1, 1, 0, 0, 2, 1, 1, 1, 1, 0, 1, 0];[1, 4, 19, 2, 14, 13, 16, 5, 3, 17, 11, 6, 8, 9, 7, 18, 12, 15, 10, 0]|[0, 1, 1, 2, 0, 1, 2, 2, 1, 0, 0, 2, 0, 1, 0, 1, 1, 2, 1, 0]|[3, 1, 1, 0, 3, 1, 0, 0, 1, 3, 3, 0, 3, 1, 3, 1, 1, 0, 1, 3]|[2, 1, 1, 1, 2, 1, 0, 1, 1, 0, 0, 1, 2, 1, 1, 1, 1, 0, 1, 0];[1, 4, 19, 2, 14, 13, 16, 5, 3, 17, 11, 6, 8, 9, 7, 18, 12, 15, 10, 0]|[0, 1, 1, 2, 0, 1, 2, 2, 1, 0, 0, 2, 0, 1, 0, 1, 1, 2, 1, 0]|[3, 1, 1, 0, 3, 1, 0, 0, 1, 3, 3, 0, 3, 1, 3, 1, 1, 0, 1, 3]|[2, 1, 1, 1, 2, 1, 0, 1, 1, 0, 0, 1, 2, 1, 1, 1, 1, 0, 1, 0];[2, 13, 1, 10, 14, 9, 18, 16, 15, 3, 4, 0, 12, 11, 6, 7, 8, 17, 19, 5]|[0, 0, 0, 2, 2, 0, 0, 1, 0, 2, 1, 0, 0, 2, 1, 0, 0, 0, 2, 1]|[3, 3, 3, 1, 1, 3, 3, 1, 3, 1, 1, 3, 3, 1, 1, 3, 3, 3, 1, 1]|[0, 2, 0, 1, 0, 2, 0, 1, 2, 1, 0, 0, 1, 1, 1, 0, 2, 0, 0, 1];[2, 1, 13, 14, 19, 4, 16, 5, 3, 10, 11, 17, 6, 7, 18, 9, 15, 0, 12, 8]|[0, 1, 1, 0, 2, 1, 2, 2, 1, 0, 0, 2, 0, 1, 0, 1, 1, 2, 1, 0]|[3, 1, 1, 3, 0, 1, 0, 0, 0, 0, 3, 0, 3, 0, 3, 1, 1, 0, 1, 3]|[0, 1, 1, 2, 1, 0, 0, 1, 1, 0, 0, 1, 2, 1, 0, 1, 1, 1, 1, 0];[1, 19, 13, 14, 2, 4, 16, 5, 3, 7, 11, 6, 8, 9, 18, 12, 0, 15, 17, 10]|[0, 1, 1, 0, 2, 1, 2, 2, 1, 0, 0, 2, 0, 1, 0, 1, 1, 2, 1, 0]|[3, 1, 0, 3, 0, 1, 0, 0, 0, 3, 3, 0, 3, 1, 3, 1, 1, 0, 1, 3]|[0, 1, 1, 2, 1, 0, 0, 1, 1, 0, 0, 1, 2, 1, 0, 1, 1, 0, 1, 0];[1, 19, 13, 14, 2, 4, 16, 5, 3, 7, 11, 6, 8, 9, 18, 12, 0, 15, 17, 10]|[0, 1, 1, 0, 2, 1, 2, 2, 1, 0, 0, 2, 0, 1, 0, 1, 1, 2, 1, 0]|[3, 1, 0, 3, 0, 1, 0, 0, 0, 3, 3, 0, 3, 1, 3, 1, 1, 0, 1, 3]|[0, 1, 1, 2, 1, 0, 0, 1, 1, 0, 0, 1, 2, 1, 0, 1, 1, 0, 1, 0];[1, 2, 13, 18, 6, 11, 10, 3, 5, 16, 4, 19, 14, 17, 7, 12, 0, 15, 9, 8]|[0, 1, 1, 0, 2, 0, 0, 1, 2, 2, 1, 2, 0, 0, 0, 1, 1, 2, 1, 0]|[3, 1, 1, 2, 0, 3, 0, 0, 0, 0, 1, 1, 3, 1, 3, 1, 1, 0, 1, 3]|[0, 1, 1, 2, 1, 0, 1, 1, 1, 0, 0, 1, 2, 1, 1, 1, 1, 0, 1, 0];[19, 14, 2, 4, 16, 5, 3, 12, 10, 6, 0, 18, 9, 8, 15, 11, 7, 17, 13, 1]|[1, 0, 2, 1, 2, 2, 1, 1, 1, 0, 0, 0, 1, 1, 2, 2, 0, 0, 0, 0]|[0, 3, 0, 1, 0, 0, 1, 1, 1, 3, 3, 3, 1, 1, 1, 1, 3, 3, 3, 3]|[1, 0, 1, 0, 0, 1, 1, 1, 1, 0, 2, 0, 1, 1, 1, 0, 0, 0, 2, 0];[5, 4, 3, 15, 17, 12, 9, 18, 8, 6, 10, 11, 7, 1, 16, 14, 13, 19, 2, 0]|[0, 1, 1, 2, 1, 1, 0, 1, 0, 2, 0, 0, 1, 2, 2, 1, 0, 2, 1, 0]|[3, 1, 1, 0, 1, 1, 3, 1, 3, 0, 3, 3, 1, 0, 0, 1, 3, 0, 1, 3]|[0, 1, 1, 0, 1, 1, 1, 1, 2, 1, 0, 0, 1, 1, 0, 1, 2, 1, 1, 0];[5, 4, 3, 15, 17, 12, 9, 18, 8, 6, 10, 11, 7, 1, 16, 14, 13, 19, 2, 0]|[0, 1, 1, 2, 1, 1, 0, 1, 0, 2, 0, 0, 1, 2, 2, 1, 0, 2, 1, 0]|[3, 1, 1, 0, 1, 1, 3, 1, 3, 0, 3, 3, 1, 0, 0, 1, 3, 0, 1, 3]|[0, 1, 1, 0, 1, 1, 1, 1, 2, 1, 0, 0, 1, 1, 0, 1, 2, 1, 1, 0];[1, 2, 13, 14, 19, 4, 16, 5, 3, 10, 11, 6, 18, 7, 9, 12, 17, 0, 15, 8]|[0, 0, 1, 0, 2, 1, 2, 2, 1, 0, 0, 2, 0, 1, 0, 1, 1, 2, 1, 0]|[3, 0, 0, 3, 1, 1, 0, 0, 0, 2, 3, 0, 3, 1, 0, 1, 1, 0, 0, 3]|[2, 1, 1, 2, 1, 0, 0, 1, 1, 0, 0, 1, 2, 1, 1, 1, 1, 1, 1, 2];[1, 13, 5, 2, 16, 12, 11, 4, 9, 0, 7, 6, 10, 14, 8, 3, 19, 18, 15, 17]|[0, 1, 2, 2, 2, 1, 0, 0, 0, 0, 1, 2, 2, 0, 1, 1, 1, 1, 2, 2]|[0, 0, 0, 0, 1, 1, 0, 3, 3, 3, 1, 0, 0, 3, 1, 1, 1, 1, 1, 1]|[2, 0, 1, 1, 0, 1, 1, 0, 2, 1, 1, 1, 1, 0, 1, 1, 1, 1, 0, 0];[12, 5, 11, 3, 4, 15, 2, 10, 18, 9, 14, 19, 0, 7, 13, 6, 1, 16, 17, 8]|[2, 1, 1, 2, 1, 0, 2, 0, 0, 0, 0, 2, 0, 0, 0, 0, 0, 2, 2, 1]|[1, 1, 1, 0, 1, 3, 1, 3, 3, 3, 3, 0, 3, 3, 3, 3, 3, 0, 0, 0]|[1, 1, 0, 1, 1, 0, 0, 2, 0, 0, 2, 1, 0, 0, 2, 0, 0, 1, 1, 1];[12, 5, 4, 15, 11, 19, 1, 16, 3, 9, 0, 10, 2, 14, 6, 17, 13, 18, 7, 8]|[0, 2, 0, 2, 0, 1, 0, 2, 1, 2, 2, 1, 2, 0, 1, 1, 1, 2, 1, 0]|[3, 0, 3, 1, 0, 1, 2, 1, 1, 0, 0, 1, 1, 3, 0, 1, 1, 0, 1, 3]|[0, 0, 2, 1, 1, 1, 0, 0, 1, 1, 1, 1, 1, 2, 0, 1, 1, 0, 1, 0];[12, 5, 4, 15, 11, 19, 1, 16, 3, 9, 0, 10, 2, 14, 6, 17, 13, 18, 7, 8]|[0, 2, 0, 2, 0, 1, 0, 2, 1, 2, 2, 1, 2, 0, 1, 1, 1, 2, 1, 0]|[3, 0, 3, 1, 0, 1, 2, 1, 1, 0, 0, 1, 1, 3, 0, 1, 1, 0, 1, 3]|[0, 0, 2, 1, 1, 1, 0, 0, 1, 1, 1, 1, 1, 2, 0, 1, 1, 0, 1, 0];[12, 5, 4, 15, 11, 19, 1, 16, 3, 9, 0, 10, 2, 14, 6, 17, 13, 18, 7, 8]|[0, 2, 0, 2, 0, 1, 0, 2, 1, 2, 2, 1, 2, 0, 1, 1, 1, 2, 1, 0]|[3, 0, 3, 1, 0, 1, 2, 1, 1, 0, 0, 1, 1, 3, 0, 1, 1, 0, 1, 3]|[0, 0, 2, 1, 1, 1, 0, 0, 1, 1, 1, 1, 1, 2, 0, 1, 1, 0, 1, 0];[12, 5, 4, 15, 11, 19, 1, 16, 3, 9, 0, 10, 2, 14, 6, 17, 13, 18, 7, 8]|[0, 2, 0, 2, 0, 1, 0, 2, 1, 2, 2, 1, 2, 0, 1, 1, 1, 2, 1, 0]|[3, 0, 3, 1, 0, 1, 2, 1, 1, 0, 0, 1, 1, 3, 0, 1, 1, 0, 1, 3]|[0, 0, 2, 1, 1, 1, 0, 0, 1, 1, 1, 1, 1, 2, 0, 1, 1, 0, 1, 0];[11, 19, 14, 2, 4, 16, 5, 3, 9, 10, 18, 7, 1, 15, 0, 12, 17, 6, 13, 8]|[0, 1, 0, 2, 1, 2, 2, 1, 1, 0, 0, 2, 0, 2, 0, 1, 1, 2, 1, 0]|[0, 0, 1, 1, 1, 0, 1, 0, 1, 3, 3, 0, 3, 0, 3, 1, 1, 0, 0, 3]|[2, 1, 1, 1, 0, 0, 1, 1, 1, 0, 0, 1, 0, 0, 2, 1, 1, 1, 1, 0];[11, 19, 14, 2, 4, 16, 5, 3, 9, 10, 18, 7, 1, 15, 0, 12, 17, 6, 13, 8]|[0, 1, 0, 2, 1, 2, 2, 1, 1, 0, 0, 2, 0, 2, 0, 1, 1, 2, 1, 0]|[0, 0, 1, 1, 1, 0, 1, 0, 1, 3, 3, 0, 3, 0, 3, 1, 1, 0, 0, 3]|[2, 1, 1, 1, 0, 0, 1, 1, 1, 0, 0, 1, 0, 0, 2, 1, 1, 1, 1, 0];[11, 19, 14, 2, 4, 16, 5, 3, 9, 10, 18, 7, 1, 15, 0, 12, 17, 6, 13, 8]|[0, 1, 0, 2, 1, 2, 2, 1, 1, 0, 0, 2, 0, 2, 0, 1, 1, 2, 1, 0]|[0, 0, 1, 1, 1, 0, 1, 0, 1, 3, 3, 0, 3, 0, 3, 1, 1, 0, 0, 3]|[2, 1, 1, 1, 0, 0, 1, 1, 1, 0, 0, 1, 0, 0, 2, 1, 1, 1, 1, 0];[11, 19, 14, 2, 4, 16, 5, 3, 9, 10, 18, 7, 1, 15, 0, 12, 17, 6, 13, 8]|[0, 1, 0, 2, 1, 2, 2, 1, 1, 0, 0, 2, 0, 2, 0, 1, 1, 2, 1, 0]|[0, 0, 1, 1, 1, 0, 1, 0, 1, 3, 3, 0, 3, 0, 3, 1, 1, 0, 0, 3]|[2, 1, 1, 1, 0, 0, 1, 1, 1, 0, 0, 1, 0, 0, 2, 1, 1, 1, 1, 0];[19, 14, 5, 4, 16, 2, 3, 9, 17, 6, 15, 11, 7, 8, 12, 10, 13, 18, 0, 1]|[1, 0, 2, 1, 2, 2, 1, 0, 0, 1, 1, 0, 0, 1, 2, 2, 2, 1, 0, 0]|[0, 0, 1, 1, 0, 1, 0, 3, 3, 0, 1, 0, 3, 1, 0, 0, 0, 1, 3, 3]|[1, 2, 1, 0, 0, 1, 1, 0, 0, 0, 1, 1, 0, 1, 1, 1, 0, 1, 2, 0];[19, 14, 5, 4, 16, 2, 3, 9, 17, 6, 15, 11, 7, 8, 12, 10, 13, 18, 0, 1]|[1, 0, 2, 1, 2, 2, 1, 0, 0, 1, 1, 0, 0, 1, 2, 2, 2, 1, 0, 0]|[0, 0, 1, 1, 0, 1, 0, 3, 3, 0, 1, 0, 3, 1, 0, 0, 0, 1, 3, 3]|[1, 2, 1, 0, 0, 1, 1, 0, 0, 0, 1, 1, 0, 1, 1, 1, 0, 1, 2, 0];[19, 14, 5, 4, 16, 2, 3, 9, 17, 6, 15, 11, 7, 8, 12, 10, 13, 18, 0, 1]|[1, 0, 2, 1, 2, 2, 1, 0, 0, 1, 1, 0, 0, 1, 2, 2, 2, 1, 0, 0]|[0, 0, 1, 1, 0, 1, 0, 3, 3, 0, 1, 0, 3, 1, 0, 0, 0, 1, 3, 3]|[1, 2, 1, 0, 0, 1, 1, 0, 0, 0, 1, 1, 0, 1, 1, 1, 0, 1, 2, 0];[19, 14, 5, 4, 16, 2, 3, 9, 17, 6, 15, 11, 7, 8, 12, 10, 13, 18, 0, 1]|[1, 0, 2, 1, 2, 2, 1, 0, 0, 1, 1, 0, 0, 1, 2, 2, 2, 1, 0, 0]|[0, 0, 1, 1, 0, 1, 0, 3, 3, 0, 1, 0, 3, 1, 0, 0, 0, 1, 3, 3]|[1, 2, 1, 0, 0, 1, 1, 0, 0, 0, 1, 1, 0, 1, 1, 1, 0, 1, 2, 0];[5, 6, 19, 10, 2, 14, 12, 7, 15, 3, 18, 11, 8, 16, 17, 13, 4, 9, 0, 1]|[2, 1, 2, 0, 1, 1, 1, 0, 1, 0, 0, 0, 2, 2, 2, 1, 2, 1, 0, 0]|[0, 1, 1, 2, 1, 0, 0, 3, 0, 0, 3, 0, 1, 0, 0, 1, 1, 1, 3, 3]|[0, 1, 1, 2, 1, 0, 1, 0, 1, 1, 1, 0, 1, 0, 0, 0, 1, 1, 0, 2];[5, 6, 19, 10, 2, 14, 12, 7, 15, 3, 18, 11, 8, 16, 17, 13, 4, 9, 0, 1]|[2, 1, 2, 0, 1, 1, 1, 0, 1, 0, 0, 0, 2, 2, 2, 1, 2, 1, 0, 0]|[0, 1, 1, 2, 1, 0, 0, 3, 0, 0, 3, 0, 1, 0, 0, 1, 1, 1, 3, 3]|[0, 1, 1, 2, 1, 0, 1, 0, 1, 1, 1, 0, 1, 0, 0, 0, 1, 1, 0, 2];[5, 2, 14, 10, 4, 13, 16, 19, 17, 0, 11, 9, 12, 3, 18, 15, 6, 1, 7, 8]|[0, 1, 0, 2, 1, 1, 2, 2, 1, 0, 1, 2, 2, 0, 0, 2, 1, 2, 1, 0]|[0, 0, 3, 1, 1, 1, 0, 1, 0, 3, 0, 0, 1, 0, 3, 0, 1, 0, 1, 3]|[0, 0, 2, 1, 1, 1, 0, 1, 1, 2, 0, 0, 0, 1, 0, 1, 1, 1, 1, 0];[5, 2, 14, 10, 4, 13, 16, 19, 17, 0, 11, 9, 12, 3, 18, 15, 6, 1, 7, 8]|[0, 1, 0, 2, 1, 1, 2, 2, 1, 0, 1, 2, 2, 0, 0, 2, 1, 2, 1, 0]|[0, 0, 3, 1, 1, 1, 0, 1, 0, 3, 0, 0, 1, 0, 3, 0, 1, 0, 1, 3]|[0, 0, 2, 1, 1, 1, 0, 1, 1, 2, 0, 0, 0, 1, 0, 1, 1, 1, 1, 0];[5, 2, 14, 10, 4, 13, 16, 19, 17, 0, 11, 9, 12, 3, 18, 15, 6, 1, 7, 8]|[0, 1, 0, 2, 1, 1, 2, 2, 1, 0, 1, 2, 2, 0, 0, 2, 1, 2, 1, 0]|[0, 0, 3, 1, 1, 1, 0, 1, 0, 3, 0, 0, 1, 0, 3, 0, 1, 0, 1, 3]|[0, 0, 2, 1, 1, 1, 0, 1, 1, 2, 0, 0, 0, 1, 0, 1, 1, 1, 1, 0];[5, 2, 14, 10, 4, 13, 16, 19, 17, 0, 11, 9, 12, 3, 18, 15, 6, 1, 7, 8]|[0, 1, 0, 2, 1, 1, 2, 2, 1, 0, 1, 2, 2, 0, 0, 2, 1, 2, 1, 0]|[0, 0, 3, 1, 1, 1, 0, 1, 0, 3, 0, 0, 1, 0, 3, 0, 1, 0, 1, 3]|[0, 0, 2, 1, 1, 1, 0, 1, 1, 2, 0, 0, 0, 1, 0, 1, 1, 1, 1, 0];[1, 9, 4, 5, 14, 13, 2, 15, 17, 10, 8, 6, 16, 12, 19, 11, 0, 7, 3, 18]|[0, 1, 1, 2, 0, 1, 1, 0, 0, 1, 0, 2, 2, 2, 2, 1, 0, 2, 1, 0]|[1, 0, 1, 1, 2, 0, 1, 0, 3, 0, 3, 0, 0, 0, 0, 1, 3, 0, 0, 3]|[2, 1, 0, 0, 0, 1, 1, 0, 1, 1, 2, 1, 1, 0, 1, 0, 0, 1, 1, 0];[12, 15, 19, 10, 14, 9, 1, 16, 5, 18, 7, 8, 11, 17, 4, 6, 3, 2, 13, 0]|[0, 0, 2, 2, 1, 2, 2, 1, 0, 0, 0, 0, 2, 1, 0, 1, 2, 0, 0, 1]|[2, 3, 0, 0, 1, 0, 0, 0, 0, 3, 3, 3, 1, 1, 3, 1, 1, 0, 3, 1]|[0, 1, 0, 1, 0, 0, 1, 1, 2, 0, 0, 1, 1, 1, 0, 0, 1, 2, 2, 1];[19, 4, 2, 13, 16, 5, 11, 18, 7, 17, 15, 12, 10, 1, 3, 8, 9, 6, 14, 0]|[1, 1, 2, 1, 2, 2, 0, 1, 2, 1, 1, 1, 0, 0, 0, 0, 0, 2, 0, 0]|[1, 1, 0, 1, 0, 0, 3, 1, 0, 1, 1, 1, 3, 3, 3, 3, 3, 0, 3, 3]|[1, 1, 1, 1, 0, 1, 0, 1, 0, 1, 1, 1, 0, 0, 0, 2, 0, 1, 0, 2];[3, 4, 6, 8, 18, 14, 9, 12, 10, 15, 1, 0, 19, 17, 7, 16, 13, 2, 5, 11]|[2, 1, 1, 2, 0, 0, 1, 2, 2, 0, 0, 0, 0, 0, 0, 1, 0, 0, 2, 1]|[1, 1, 1, 1, 3, 3, 1, 1, 1, 3, 3, 3, 3, 3, 3, 1, 3, 3, 1, 1]|[0, 1, 1, 1, 0, 2, 1, 0, 1, 0, 1, 0, 2, 0, 0, 1, 2, 0, 0, 1];[2, 13, 0, 15, 1, 4, 16, 19, 3, 7, 11, 5, 9, 12, 6, 10, 17, 14, 8, 18]|[0, 1, 1, 0, 2, 1, 2, 2, 1, 2, 0, 2, 0, 1, 0, 1, 1, 2, 1, 0]|[0, 0, 0, 3, 0, 1, 1, 0, 0, 1, 3, 0, 3, 1, 3, 1, 1, 0, 1, 3]|[0, 1, 1, 2, 0, 0, 1, 1, 1, 0, 0, 1, 2, 1, 0, 1, 1, 0, 1, 0];[2, 19, 8, 14, 9, 6, 18, 12, 13, 1, 7, 0, 4, 10, 11, 16, 3, 15, 5, 17]|[0, 1, 1, 0, 2, 1, 0, 1, 2, 1, 0, 2, 0, 0, 2, 2, 1, 1, 1, 0]|[3, 1, 1, 3, 0, 1, 3, 1, 0, 1, 3, 0, 3, 3, 0, 0, 1, 1, 1, 3]|[0, 1, 1, 2, 1, 1, 0, 1, 0, 1, 2, 1, 0, 2, 0, 1, 1, 1, 1, 0]	sBp=[19, 17, 11, 5, 9, 6, 4, 10, 14, 2, 16, 12, 15, 3, 0, 1, 13, 8, 18, 7]|[2, 1, 1, 2, 2, 1, 2, 0, 1, 1, 2, 2, 0, 0, 0, 2, 1, 0, 1, 0]|[1, 0, 1, 1, 0, 1, 1, 2, 1, 0, 0, 0, 3, 0, 0, 0, 1, 3, 1, 1]|[1, 0, 1, 1, 0, 1, 1, 1, 1, 0, 0, 0, 0, 0, 2, 1, 1, 0, 1, 1];[2, 19, 8, 14, 9, 6, 18, 12, 13, 1, 7, 0, 4, 10, 11, 16, 3, 15, 5, 17]|[0, 1, 1, 0, 2, 1, 0, 1, 2, 1, 0, 2, 0, 0, 2, 2, 1, 1, 1, 0]|[3, 1, 1, 3, 0, 1, 3, 1, 0, 1, 3, 0, 3, 3, 0, 0, 1, 1, 1, 3]|[0, 1, 1, 2, 1, 1, 0, 1, 0, 1, 2, 1, 0, 2, 0, 1, 1, 1, 1, 0];[2, 19, 15, 12, 10, 14, 9, 18, 16, 13, 3, 4, 8, 6, 1, 11, 0, 7, 5, 17]|[0, 0, 0, 0, 2, 2, 2, 0, 1, 0, 2, 1, 0, 1, 0, 0, 0, 0, 2, 1]|[0, 3, 3, 3, 1, 1, 1, 3, 1, 3, 1, 1, 2, 1, 3, 3, 3, 3, 1, 1]|[1, 0, 2, 0, 1, 0, 0, 1, 1, 2, 1, 0, 0, 1, 1, 0, 2, 1, 0, 0];[1, 19, 13, 14, 2, 4, 16, 5, 3, 10, 11, 6, 8, 12, 9, 7, 17, 15, 0, 18]|[0, 1, 1, 0, 2, 1, 2, 2, 1, 0, 0, 2, 0, 1, 0, 1, 1, 2, 1, 0]|[3, 1, 1, 3, 0, 1, 0, 0, 0, 2, 3, 0, 3, 1, 3, 1, 1, 0, 1, 3]|[0, 1, 1, 2, 1, 0, 0, 1, 1, 0, 0, 1, 2, 1, 1, 1, 1, 0, 1, 0];[1, 19, 13, 14, 2, 4, 16, 5, 3, 10, 11, 6, 8, 12, 9, 7, 17, 15, 0, 18]|[0, 1, 1, 0, 2, 1, 2, 2, 1, 0, 0, 2, 0, 1, 0, 1, 1, 2, 1, 0]|[3, 1, 1, 3, 0, 1, 0, 0, 0, 2, 3, 0, 3, 1, 3, 1, 1, 0, 1, 3]|[0, 1, 1, 2, 1, 0, 0, 1, 1, 0, 0, 1, 2, 1, 1, 1, 1, 0, 1, 0];[1, 2, 13, 14, 5, 4, 16, 19, 3, 10, 11, 6, 8, 18, 7, 9, 12, 15, 17, 0]|[0, 1, 1, 0, 2, 1, 2, 2, 1, 0, 0, 2, 0, 1, 0, 1, 1, 2, 1, 0]|[3, 1, 1, 3, 0, 1, 0, 0, 0, 2, 3, 0, 3, 1, 3, 1, 1, 0, 1, 3]|[2, 1, 1, 2, 1, 0, 0, 1, 1, 0, 0, 1, 2, 1, 0, 1, 1, 0, 1, 0];[1, 19, 14, 2, 17, 18, 5, 15, 12, 6, 16, 10, 11, 4, 0, 7, 13, 8, 3, 9]|[0, 1, 0, 2, 2, 1, 0, 1, 1, 2, 2, 0, 0, 2, 0, 1, 1, 1, 1, 0]|[3, 1, 3, 0, 0, 1, 3, 1, 1, 0, 0, 0, 3, 0, 3, 1, 1, 1, 1, 3]|[0, 1, 2, 1, 0, 1, 0, 1, 1, 0, 1, 1, 0, 1, 2, 1, 1, 1, 1, 0];[1, 19, 14, 2, 17, 18, 5, 15, 12, 6, 16, 10, 11, 4, 0, 7, 13, 8, 3, 9]|[0, 1, 0, 2, 2, 1, 0, 1, 1, 2, 2, 0, 0, 2, 0, 1, 1, 1, 1, 0]|[3, 1, 3, 0, 0, 1, 3, 1, 1, 0, 0, 0, 3, 0, 3, 1, 1, 1, 1, 3]|[0, 1, 2, 1, 0, 1, 0, 1, 1, 0, 1, 1, 0, 1, 2, 1, 1, 1, 1, 0];[1, 19, 14, 2, 17, 18, 5, 15, 12, 6, 16, 10, 11, 4, 0, 7, 13, 8, 3, 9]|[0, 1, 0, 2, 2, 1, 0, 1, 1, 2, 2, 0, 0, 2, 0, 1, 1, 1, 1, 0]|[3, 1, 3, 0, 0, 1, 3, 1, 1, 0, 0, 0, 3, 0, 3, 1, 1, 1, 1, 3]|[0, 1, 2, 1, 0, 1, 0, 1, 1, 0, 1, 1, 0, 1, 2, 1, 1, 1, 1, 0];[1, 2, 13, 14, 5, 4, 16, 19, 3, 10, 11, 6, 8, 18, 7, 9, 12, 15, 17, 0]|[0, 1, 1, 0, 2, 1, 2, 2, 1, 0, 0, 2, 0, 1, 0, 1, 1, 2, 1, 0]|[3, 1, 1, 3, 0, 1, 0, 0, 0, 2, 3, 0, 3, 1, 3, 1, 1, 0, 1, 3]|[2, 1, 1, 2, 1, 0, 0, 1, 1, 0, 0, 1, 2, 1, 0, 1, 1, 0, 1, 0];[1, 19, 13, 14, 2, 15, 5, 16, 12, 17, 7, 0, 3, 10, 11, 6, 8, 9, 4, 18]|[0, 1, 1, 0, 2, 1, 2, 2, 1, 2, 1, 0, 1, 0, 0, 2, 0, 1, 1, 0]|[3, 1, 1, 3, 0, 1, 0, 0, 1, 0, 1, 0, 1, 3, 3, 0, 3, 1, 1, 3]|[2, 1, 1, 2, 1, 1, 1, 0, 1, 1, 1, 0, 1, 1, 0, 1, 2, 1, 1, 2];[1, 2, 4, 8, 6, 11, 10, 3, 5, 16, 15, 19, 14, 7, 17, 9, 12, 0, 18, 13]|[0, 1, 1, 0, 1, 0, 0, 1, 2, 2, 1, 2, 0, 0, 2, 1, 2, 1, 1, 0]|[1, 1, 1, 3, 0, 3, 0, 0, 0, 0, 1, 0, 3, 3, 0, 1, 0, 1, 1, 3]|[0, 1, 0, 2, 1, 0, 1, 1, 1, 0, 1, 1, 2, 1, 1, 1, 0, 1, 1, 0];[12, 19, 13, 14, 2, 4, 16, 5, 3, 10, 11, 6, 9, 1, 18, 7, 17, 0, 8, 15]|[0, 1, 1, 0, 2, 1, 2, 2, 1, 0, 0, 2, 0, 1, 0, 1, 1, 2, 1, 0]|[3, 1, 0, 3, 0, 1, 0, 0, 0, 0, 3, 0, 3, 1, 3, 1, 1, 0, 1, 3]|[0, 1, 1, 2, 1, 0, 0, 1, 1, 1, 0, 1, 2, 1, 1, 1, 1, 1, 1, 0];[1, 19, 8, 14, 5, 13, 6, 16, 3, 0, 12, 4, 2, 15, 17, 10, 9, 11, 7, 18]|[0, 1, 1, 0, 2, 1, 2, 2, 1, 0, 0, 2, 0, 1, 0, 1, 1, 2, 1, 0]|[3, 1, 1, 3, 0, 1, 0, 0, 0, 0, 3, 0, 3, 0, 3, 1, 1, 0, 1, 3]|[0, 1, 1, 2, 1, 0, 0, 1, 1, 1, 0, 1, 2, 1, 1, 1, 1, 1, 1, 0];[2, 19, 6, 15, 3, 4, 16, 5, 1, 11, 10, 0, 18, 12, 7, 13, 17, 8, 9, 14]|[0, 1, 1, 0, 2, 1, 2, 2, 1, 0, 0, 2, 0, 1, 0, 1, 1, 2, 1, 0]|[3, 1, 0, 3, 0, 1, 0, 0, 0, 0, 3, 0, 3, 1, 3, 1, 1, 0, 1, 3]|[0, 1, 1, 2, 1, 0, 0, 1, 1, 1, 0, 1, 2, 1, 1, 1, 1, 1, 1, 0];[1, 19, 13, 14, 2, 4, 16, 5, 3, 10, 11, 6, 8, 15, 7, 9, 12, 18, 17, 0]|[0, 1, 1, 0, 2, 1, 2, 2, 1, 0, 0, 2, 0, 1, 0, 1, 1, 2, 1, 0]|[3, 1, 1, 3, 0, 1, 0, 0, 0, 0, 3, 0, 3, 1, 3, 1, 1, 0, 1, 3]|[2, 1, 1, 2, 1, 0, 0, 1, 1, 0, 0, 1, 2, 1, 2, 1, 1, 1, 1, 0];[1, 19, 13, 14, 2, 4, 16, 5, 3, 10, 11, 6, 8, 15, 7, 9, 12, 18, 17, 0]|[0, 1, 1, 0, 2, 1, 2, 2, 1, 0, 0, 2, 0, 1, 0, 1, 1, 2, 1, 0]|[3, 1, 1, 3, 0, 1, 0, 0, 0, 0, 3, 0, 3, 1, 3, 1, 1, 0, 1, 3]|[2, 1, 1, 2, 1, 0, 0, 1, 1, 0, 0, 1, 2, 1, 2, 1, 1, 1, 1, 0];[1, 2, 15, 11, 10, 14, 9, 12, 16, 13, 3, 4, 7, 6, 19, 18, 0, 8, 17, 5]|[0, 0, 0, 0, 2, 2, 0, 0, 1, 0, 2, 1, 0, 1, 2, 0, 0, 0, 2, 1]|[0, 3, 3, 3, 1, 1, 3, 3, 1, 3, 1, 1, 3, 1, 1, 3, 2, 3, 1, 1]|[1, 0, 2, 0, 1, 0, 2, 2, 1, 2, 1, 0, 0, 1, 1, 1, 0, 2, 0, 1];[2, 12, 15, 19, 10, 14, 9, 1, 16, 13, 3, 4, 7, 6, 11, 18, 0, 8, 17, 5]|[0, 0, 0, 0, 2, 2, 0, 0, 1, 0, 2, 1, 0, 1, 2, 0, 0, 0, 2, 1]|[0, 3, 3, 3, 1, 1, 3, 3, 1, 3, 1, 1, 3, 1, 1, 3, 2, 3, 1, 1]|[1, 0, 2, 0, 1, 0, 2, 1, 1, 2, 1, 0, 0, 1, 1, 1, 0, 2, 0, 1];[1, 2, 13, 14, 19, 4, 6, 5, 18, 7, 0, 16, 8, 3, 12, 17, 15, 11, 9, 10]|[0, 1, 1, 0, 2, 1, 2, 2, 1, 1, 0, 2, 0, 0, 1, 1, 2, 1, 1, 0]|[0, 1, 0, 3, 0, 1, 0, 0, 0, 1, 3, 0, 3, 3, 1, 1, 0, 1, 1, 3]|[0, 1, 1, 2, 0, 0, 1, 1, 1, 1, 0, 0, 2, 0, 1, 1, 1, 1, 1, 0];[12, 10, 15, 19, 14, 7, 8, 5, 1, 4, 3, 2, 16, 13, 17, 9, 18, 0, 11, 6]|[0, 0, 0, 2, 2, 0, 1, 2, 0, 1, 2, 0, 1, 0, 0, 0, 0, 0, 2, 1]|[2, 3, 3, 0, 1, 3, 1, 1, 3, 1, 1, 3, 1, 3, 3, 3, 3, 3, 1, 1]|[1, 2, 0, 1, 0, 2, 1, 1, 1, 0, 1, 0, 1, 2, 1, 2, 0, 2, 0, 0];[2, 13, 11, 10, 14, 15, 16, 12, 18, 3, 4, 9, 19, 6, 7, 0, 8, 1, 17, 5]|[0, 0, 0, 0, 2, 0, 1, 2, 0, 2, 1, 0, 2, 1, 0, 0, 0, 0, 2, 1]|[3, 3, 3, 1, 1, 3, 1, 0, 3, 1, 1, 3, 1, 1, 3, 2, 3, 0, 1, 1]|[0, 2, 0, 1, 0, 2, 1, 0, 1, 1, 0, 2, 1, 1, 0, 0, 2, 1, 0, 1];[19, 9, 12, 2, 10, 14, 15, 1, 16, 7, 3, 4, 18, 8, 0, 11, 17, 13, 5, 6]|[0, 0, 0, 0, 2, 2, 0, 0, 1, 0, 2, 1, 0, 0, 0, 2, 1, 0, 2, 1]|[3, 3, 3, 3, 0, 1, 3, 0, 1, 3, 1, 1, 3, 2, 3, 1, 1, 3, 1, 1]|[0, 2, 1, 0, 1, 0, 2, 1, 1, 0, 1, 0, 2, 0, 1, 1, 1, 2, 0, 1];[5, 4, 14, 10, 2, 13, 16, 19, 17, 7, 11, 6, 9, 15, 0, 1, 12, 18, 3, 8]|[0, 1, 1, 0, 2, 1, 2, 2, 1, 0, 0, 2, 0, 1, 0, 1, 1, 2, 1, 0]|[3, 1, 1, 3, 0, 1, 0, 0, 0, 0, 3, 0, 3, 1, 3, 1, 1, 0, 1, 3]|[2, 1, 1, 2, 1, 0, 0, 1, 1, 1, 0, 0, 2, 1, 1, 1, 1, 0, 1, 0];[19, 2, 12, 13, 10, 14, 9, 18, 16, 15, 6, 4, 7, 3, 11, 1, 0, 8, 17, 5]|[0, 0, 0, 0, 2, 2, 0, 0, 1, 0, 2, 1, 0, 1, 2, 0, 0, 0, 2, 1]|[3, 0, 3, 3, 1, 1, 3, 3, 1, 3, 1, 1, 3, 1, 1, 3, 2, 3, 1, 1]|[0, 1, 2, 0, 1, 0, 2, 1, 1, 2, 1, 0, 0, 1, 1, 1, 0, 2, 0, 0];[19, 2, 12, 13, 10, 14, 9, 18, 16, 15, 6, 4, 7, 3, 11, 1, 0, 8, 17, 5]|[0, 0, 0, 0, 2, 2, 0, 0, 1, 0, 2, 1, 0, 1, 2, 0, 0, 0, 2, 1]|[3, 0, 3, 3, 1, 1, 3, 3, 1, 3, 1, 1, 3, 1, 1, 3, 2, 3, 1, 1]|[0, 1, 2, 0, 1, 0, 2, 1, 1, 2, 1, 0, 0, 1, 1, 1, 0, 2, 0, 0];[2, 19, 8, 12, 10, 14, 1, 16, 15, 3, 4, 7, 6, 11, 0, 13, 18, 9, 17, 5]|[0, 0, 0, 0, 2, 2, 0, 1, 0, 2, 1, 0, 1, 2, 0, 0, 0, 0, 2, 1]|[0, 3, 3, 3, 1, 1, 3, 1, 3, 1, 1, 3, 1, 1, 3, 2, 3, 3, 0, 1]|[1, 0, 2, 0, 1, 0, 1, 1, 2, 1, 0, 0, 1, 1, 1, 0, 2, 0, 0, 0];[2, 19, 8, 12, 10, 14, 1, 16, 15, 3, 4, 7, 6, 11, 0, 13, 18, 9, 17, 5]|[0, 0, 0, 0, 2, 2, 0, 1, 0, 2, 1, 0, 1, 2, 0, 0, 0, 0, 2, 1]|[0, 3, 3, 3, 1, 1, 3, 1, 3, 1, 1, 3, 1, 1, 3, 2, 3, 3, 0, 1]|[1, 0, 2, 0, 1, 0, 1, 1, 2, 1, 0, 0, 1, 1, 1, 0, 2, 0, 0, 0];[2, 19, 8, 12, 10, 14, 1, 16, 15, 3, 4, 7, 6, 11, 0, 13, 18, 9, 17, 5]|[0, 0, 0, 0, 2, 2, 0, 1, 0, 2, 1, 0, 1, 2, 0, 0, 0, 0, 2, 1]|[0, 3, 3, 3, 1, 1, 3, 1, 3, 1, 1, 3, 1, 1, 3, 2, 3, 3, 0, 1]|[1, 0, 2, 0, 1, 0, 1, 1, 2, 1, 0, 0, 1, 1, 1, 0, 2, 0, 0, 0];[2, 19, 8, 12, 10, 14, 1, 16, 15, 3, 4, 7, 6, 11, 0, 13, 18, 9, 17, 5]|[0, 0, 0, 0, 2, 2, 0, 1, 0, 2, 1, 0, 1, 2, 0, 0, 0, 0, 2, 1]|[0, 3, 3, 3, 1, 1, 3, 1, 3, 1, 1, 3, 1, 1, 3, 2, 3, 3, 0, 1]|[1, 0, 2, 0, 1, 0, 1, 1, 2, 1, 0, 0, 1, 1, 1, 0, 2, 0, 0, 0];[1, 19, 13, 14, 2, 4, 16, 5, 3, 10, 11, 6, 8, 15, 0, 12, 17, 7, 18, 9]|[0, 1, 1, 0, 2, 1, 2, 2, 0, 0, 0, 2, 0, 1, 0, 1, 1, 2, 1, 0]|[3, 1, 1, 3, 0, 1, 0, 0, 0, 2, 3, 0, 3, 1, 3, 1, 1, 0, 1, 3]|[0, 1, 1, 2, 1, 0, 0, 1, 1, 0, 0, 1, 2, 1, 1, 1, 1, 0, 1, 0];[1, 2, 13, 14, 19, 4, 16, 5, 3, 10, 11, 6, 18, 17, 7, 12, 0, 15, 9, 8]|[0, 1, 1, 0, 2, 1, 2, 2, 1, 0, 0, 2, 0, 0, 0, 1, 1, 2, 1, 0]|[3, 1, 1, 3, 0, 1, 0, 0, 0, 0, 3, 0, 3, 1, 3, 1, 1, 0, 1, 3]|[0, 1, 1, 2, 1, 0, 0, 1, 1, 1, 0, 1, 2, 1, 1, 1, 1, 0, 1, 0];[2, 12, 10, 15, 19, 18, 9, 1, 16, 13, 3, 5, 11, 6, 0, 7, 17, 14, 4, 8]|[0, 0, 0, 0, 2, 2, 0, 0, 1, 0, 2, 1, 0, 1, 2, 0, 0, 0, 2, 1]|[3, 0, 3, 3, 1, 1, 3, 3, 1, 3, 1, 1, 3, 1, 1, 3, 3, 3, 1, 1]|[0, 1, 2, 0, 1, 0, 2, 1, 1, 2, 1, 0, 0, 1, 1, 1, 0, 2, 0, 0];[2, 12, 15, 9, 10, 14, 19, 0, 16, 13, 3, 4, 7, 6, 11, 1, 18, 8, 17, 5]|[0, 0, 0, 0, 2, 2, 0, 0, 1, 0, 2, 1, 0, 1, 2, 0, 0, 0, 2, 1]|[0, 1, 3, 3, 1, 1, 3, 3, 1, 3, 1, 1, 3, 1, 1, 3, 2, 3, 1, 1]|[1, 0, 2, 2, 1, 0, 0, 1, 1, 2, 1, 0, 0, 1, 1, 1, 0, 2, 0, 0];[2, 12, 15, 9, 10, 14, 19, 0, 16, 13, 3, 4, 7, 6, 11, 1, 18, 8, 17, 5]|[0, 0, 0, 0, 2, 2, 0, 0, 1, 0, 2, 1, 0, 1, 2, 0, 0, 0, 2, 1]|[0, 1, 3, 3, 1, 1, 3, 3, 1, 3, 1, 1, 3, 1, 1, 3, 2, 3, 1, 1]|[1, 0, 2, 2, 1, 0, 0, 1, 1, 2, 1, 0, 0, 1, 1, 1, 0, 2, 0, 0];[2, 12, 15, 9, 10, 14, 19, 0, 16, 13, 3, 4, 7, 6, 11, 1, 18, 8, 17, 5]|[0, 0, 0, 0, 2, 2, 0, 0, 1, 0, 2, 1, 0, 1, 2, 0, 0, 0, 2, 1]|[0, 1, 3, 3, 1, 1, 3, 3, 1, 3, 1, 1, 3, 1, 1, 3, 2, 3, 1, 1]|[1, 0, 2, 2, 1, 0, 0, 1, 1, 2, 1, 0, 0, 1, 1, 1, 0, 2, 0, 0];[2, 12, 15, 9, 10, 14, 19, 0, 16, 13, 3, 4, 7, 6, 11, 1, 18, 8, 17, 5]|[0, 0, 0, 0, 2, 2, 0, 0, 1, 0, 2, 1, 0, 1, 2, 0, 0, 0, 2, 1]|[0, 1, 3, 3, 1, 1, 3, 3, 1, 3, 1, 1, 3, 1, 1, 3, 2, 3, 1, 1]|[1, 0, 2, 2, 1, 0, 0, 1, 1, 2, 1, 0, 0, 1, 1, 1, 0, 2, 0, 0];[1, 2, 13, 17, 10, 14, 9, 12, 16, 15, 3, 4, 7, 6, 11, 18, 0, 8, 19, 5]|[0, 0, 0, 0, 2, 2, 0, 0, 1, 0, 2, 1, 0, 1, 2, 0, 0, 0, 2, 1]|[3, 3, 3, 3, 1, 1, 3, 3, 1, 3, 1, 1, 3, 1, 1, 3, 2, 3, 1, 1]|[1, 0, 2, 0, 1, 0, 2, 1, 1, 2, 1, 0, 0, 1, 1, 1, 0, 2, 0, 1];[19, 14, 2, 4, 16, 5, 12, 1, 18, 10, 6, 11, 7, 17, 15, 9, 3, 13, 0, 8]|[1, 0, 2, 2, 2, 2, 2, 0, 0, 0, 2, 0, 0, 1, 1, 1, 1, 1, 1, 0]|[1, 0, 0, 1, 0, 0, 0, 3, 3, 3, 0, 3, 3, 1, 1, 1, 1, 1, 1, 3]|[1, 1, 1, 1, 0, 1, 0, 0, 0, 2, 1, 0, 0, 1, 1, 1, 1, 1, 1, 2];[1, 5, 14, 16, 19, 9, 10, 11, 6, 8, 15, 3, 2, 12, 18, 13, 17, 7, 4, 0]|[0, 2, 0, 2, 2, 1, 0, 0, 2, 0, 2, 1, 1, 1, 1, 1, 1, 0, 1, 0]|[3, 0, 3, 0, 0, 1, 2, 3, 0, 3, 0, 1, 1, 1, 1, 1, 1, 3, 1, 3]|[2, 1, 2, 0, 1, 1, 0, 0, 1, 2, 0, 1, 1, 1, 1, 1, 1, 0, 1, 0];[1, 5, 14, 16, 19, 9, 10, 11, 6, 8, 15, 3, 2, 12, 18, 13, 17, 7, 4, 0]|[0, 2, 0, 2, 2, 1, 0, 0, 2, 0, 2, 1, 1, 1, 1, 1, 1, 0, 1, 0]|[3, 0, 3, 0, 0, 1, 2, 3, 0, 3, 0, 1, 1, 1, 1, 1, 1, 3, 1, 3]|[2, 1, 2, 0, 1, 1, 0, 0, 1, 2, 0, 1, 1, 1, 1, 1, 1, 0, 1, 0];[19, 15, 11, 2, 10, 14, 9, 1, 16, 13, 18, 4, 7, 12, 6, 0, 17, 8, 5, 3]|[0, 0, 0, 0, 2, 2, 0, 0, 1, 0, 2, 1, 0, 1, 2, 0, 0, 0, 2, 1]|[3, 3, 3, 0, 1, 1, 3, 3, 1, 3, 1, 1, 3, 1, 1, 3, 2, 3, 1, 1]|[0, 2, 0, 1, 1, 0, 2, 1, 1, 2, 1, 0, 0, 1, 1, 1, 0, 2, 0, 1];[19, 15, 11, 2, 10, 14, 9, 1, 16, 13, 18, 4, 7, 12, 6, 0, 17, 8, 5, 3]|[0, 0, 0, 0, 2, 2, 0, 0, 1, 0, 2, 1, 0, 1, 2, 0, 0, 0, 2, 1]|[3, 3, 3, 0, 1, 1, 3, 3, 1, 3, 1, 1, 3, 1, 1, 3, 2, 3, 1, 1]|[0, 2, 0, 1, 1, 0, 2, 1, 1, 2, 1, 0, 0, 1, 1, 1, 0, 2, 0, 1];[1, 19, 14, 2, 4, 16, 5, 10, 11, 0, 8, 13, 18, 17, 7, 9, 3, 12, 6, 15]|[0, 1, 0, 2, 1, 2, 2, 0, 0, 2, 0, 1, 0, 1, 1, 1, 1, 2, 1, 0]|[3, 1, 3, 0, 1, 0, 0, 0, 3, 0, 3, 1, 3, 1, 1, 1, 1, 0, 1, 3]|[0, 1, 2, 1, 1, 0, 0, 0, 0, 1, 2, 1, 1, 1, 1, 1, 1, 0, 1, 0];[1, 2, 14, 16, 5, 7, 11, 6, 8, 18, 4, 19, 15, 12, 9, 17, 0, 3, 13, 10]|[0, 2, 0, 2, 2, 0, 0, 2, 0, 0, 1, 1, 2, 1, 1, 1, 1, 1, 1, 0]|[0, 0, 3, 0, 0, 3, 3, 0, 3, 3, 1, 1, 0, 1, 1, 1, 1, 1, 1, 3]|[0, 1, 2, 0, 1, 0, 0, 1, 2, 0, 1, 1, 0, 1, 1, 1, 1, 1, 1, 0];[1, 2, 14, 16, 5, 7, 11, 6, 8, 18, 4, 19, 15, 12, 9, 17, 0, 3, 13, 10]|[0, 2, 0, 2, 2, 0, 0, 2, 0, 0, 1, 1, 2, 1, 1, 1, 1, 1, 1, 0]|[0, 0, 3, 0, 0, 3, 3, 0, 3, 3, 1, 1, 0, 1, 1, 1, 1, 1, 1, 3]|[0, 1, 2, 0, 1, 0, 0, 1, 2, 0, 1, 1, 0, 1, 1, 1, 1, 1, 1, 0];[2, 12, 15, 19, 10, 14, 9, 1, 16, 13, 3, 4, 7, 6, 11, 0, 17, 8, 5, 18]|[0, 0, 0, 0, 2, 2, 0, 0, 1, 0, 2, 1, 0, 1, 2, 0, 0, 0, 2, 1]|[0, 3, 3, 3, 1, 1, 3, 3, 1, 3, 1, 1, 3, 1, 1, 3, 2, 3, 1, 1]|[1, 0, 2, 0, 1, 0, 2, 1, 1, 2, 1, 0, 0, 1, 1, 1, 0, 2, 0, 0];[2, 12, 15, 19, 10, 14, 9, 1, 16, 13, 3, 4, 7, 6, 11, 0, 17, 8, 5, 18]|[0, 0, 0, 0, 2, 2, 0, 0, 1, 0, 2, 1, 0, 1, 2, 0, 0, 0, 2, 1]|[0, 3, 3, 3, 1, 1, 3, 3, 1, 3, 1, 1, 3, 1, 1, 3, 2, 3, 1, 1]|[1, 0, 2, 0, 1, 0, 2, 1, 1, 2, 1, 0, 0, 1, 1, 1, 0, 2, 0, 0];[2, 12, 15, 19, 10, 14, 9, 1, 16, 13, 3, 4, 7, 6, 11, 0, 17, 8, 5, 18]|[0, 0, 0, 0, 2, 2, 0, 0, 1, 0, 2, 1, 0, 1, 2, 0, 0, 0, 2, 1]|[0, 3, 3, 3, 1, 1, 3, 3, 1, 3, 1, 1, 3, 1, 1, 3, 2, 3, 1, 1]|[1, 0, 2, 0, 1, 0, 2, 1, 1, 2, 1, 0, 0, 1, 1, 1, 0, 2, 0, 0];[2, 12, 15, 19, 10, 14, 9, 1, 16, 13, 3, 4, 7, 6, 11, 0, 17, 8, 5, 18]|[0, 0, 0, 0, 2, 2, 0, 0, 1, 0, 2, 1, 0, 1, 2, 0, 0, 0, 2, 1]|[0, 3, 3, 3, 1, 1, 3, 3, 1, 3, 1, 1, 3, 1, 1, 3, 2, 3, 1, 1]|[1, 0, 2, 0, 1, 0, 2, 1, 1, 2, 1, 0, 0, 1, 1, 1, 0, 2, 0, 0];[1, 2, 13, 14, 19, 4, 16, 5, 3, 10, 11, 17, 8, 12, 7, 6, 15, 0, 9, 18]|[0, 1, 1, 0, 2, 1, 2, 2, 1, 0, 0, 2, 0, 1, 0, 1, 1, 2, 1, 0]|[3, 1, 0, 3, 1, 1, 0, 0, 0, 0, 3, 0, 3, 1, 0, 1, 1, 0, 1, 3]|[0, 1, 1, 2, 1, 0, 1, 1, 1, 1, 0, 1, 2, 1, 1, 1, 1, 1, 1, 0];[1, 19, 13, 14, 2, 8, 6, 16, 3, 10, 11, 4, 0, 7, 5, 15, 12, 17, 18, 9]|[0, 1, 1, 0, 2, 1, 2, 2, 1, 0, 0, 2, 0, 1, 0, 1, 1, 2, 1, 0]|[3, 1, 1, 3, 0, 1, 0, 0, 0, 0, 3, 0, 3, 0, 3, 1, 1, 0, 1, 3]|[0, 1, 1, 2, 1, 0, 0, 1, 1, 1, 0, 1, 2, 1, 0, 1, 1, 0, 1, 0];[2, 12, 15, 19, 10, 14, 9, 1, 16, 3, 13, 4, 7, 6, 11, 0, 8, 18, 17, 5]|[0, 0, 0, 0, 2, 2, 0, 0, 1, 0, 2, 1, 0, 1, 2, 0, 0, 0, 2, 1]|[3, 3, 3, 3, 1, 1, 3, 3, 1, 3, 1, 1, 3, 1, 1, 3, 2, 3, 1, 1]|[1, 0, 2, 0, 1, 0, 2, 1, 1, 2, 1, 0, 0, 1, 1, 1, 0, 2, 0, 1];[1, 19, 13, 14, 2, 4, 16, 5, 3, 10, 11, 6, 8, 12, 18, 7, 17, 0, 9, 15]|[0, 1, 1, 0, 2, 1, 2, 2, 1, 0, 0, 2, 0, 1, 0, 1, 1, 2, 1, 0]|[3, 1, 1, 3, 0, 1, 0, 0, 0, 2, 3, 0, 3, 1, 3, 1, 1, 0, 1, 3]|[0, 1, 1, 2, 1, 0, 0, 1, 1, 0, 0, 1, 2, 1, 1, 1, 1, 0, 1, 0];[2, 19, 15, 12, 10, 14, 9, 18, 16, 13, 3, 4, 8, 6, 1, 11, 0, 7, 5, 17]|[0, 0, 0, 0, 2, 2, 2, 0, 1, 0, 2, 1, 0, 1, 0, 0, 0, 0, 2, 1]|[0, 3, 3, 3, 1, 1, 1, 3, 1, 3, 1, 1, 2, 1, 3, 3, 3, 3, 1, 1]|[1, 0, 2, 0, 1, 0, 0, 1, 1, 2, 1, 0, 0, 1, 1, 0, 2, 1, 0, 0];[2, 19, 15, 12, 10, 14, 9, 18, 16, 13, 3, 4, 8, 6, 1, 11, 0, 7, 5, 17]|[0, 0, 0, 0, 2, 2, 2, 0, 1, 0, 2, 1, 0, 1, 0, 0, 0, 0, 2, 1]|[0, 3, 3, 3, 1, 1, 1, 3, 1, 3, 1, 1, 2, 1, 3, 3, 3, 3, 1, 1]|[1, 0, 2, 0, 1, 0, 0, 1, 1, 2, 1, 0, 0, 1, 1, 0, 2, 1, 0, 0];[2, 19, 15, 12, 10, 14, 9, 18, 16, 13, 3, 4, 8, 6, 1, 11, 0, 7, 5, 17]|[0, 0, 0, 0, 2, 2, 2, 0, 1, 0, 2, 1, 0, 1, 0, 0, 0, 0, 2, 1]|[0, 3, 3, 3, 1, 1, 1, 3, 1, 3, 1, 1, 2, 1, 3, 3, 3, 3, 1, 1]|[1, 0, 2, 0, 1, 0, 0, 1, 1, 2, 1, 0, 0, 1, 1, 0, 2, 1, 0, 0];[2, 12, 15, 19, 10, 14, 9, 1, 16, 13, 6, 0, 7, 3, 11, 18, 17, 8, 4, 5]|[0, 0, 0, 0, 2, 2, 0, 0, 1, 0, 2, 1, 0, 1, 2, 0, 0, 0, 2, 1]|[3, 3, 3, 3, 1, 1, 3, 3, 1, 3, 1, 1, 3, 1, 1, 3, 2, 3, 1, 1]|[1, 0, 2, 0, 1, 0, 2, 1, 1, 2, 1, 0, 0, 1, 1, 1, 0, 2, 0, 1];[19, 6, 5, 4, 16, 14, 12, 17, 2, 10, 18, 15, 7, 0, 11, 9, 13, 8, 3, 1]|[2, 1, 2, 1, 2, 2, 1, 2, 0, 1, 0, 0, 0, 0, 0, 1, 1, 1, 0, 0]|[0, 1, 0, 1, 0, 0, 0, 0, 3, 1, 3, 3, 3, 3, 3, 1, 1, 1, 3, 3]|[1, 1, 1, 0, 0, 1, 1, 1, 0, 1, 2, 0, 1, 0, 2, 1, 1, 1, 0, 0];[19, 6, 5, 4, 16, 14, 12, 17, 2, 10, 18, 15, 7, 0, 11, 9, 13, 8, 3, 1]|[2, 1, 2, 1, 2, 2, 1, 2, 0, 1, 0, 0, 0, 0, 0, 1, 1, 1, 0, 0]|[0, 1, 0, 1, 0, 0, 0, 0, 3, 1, 3, 3, 3, 3, 3, 1, 1, 1, 3, 3]|[1, 1, 1, 0, 0, 1, 1, 1, 0, 1, 2, 0, 1, 0, 2, 1, 1, 1, 0, 0];[1, 2, 13, 14, 19, 4, 16, 5, 3, 10, 11, 6, 8, 12, 7, 9, 18, 17, 15, 0]|[0, 1, 1, 0, 2, 1, 2, 2, 1, 0, 0, 2, 0, 1, 0, 1, 1, 2, 1, 0]|[3, 1, 0, 3, 0, 1, 0, 0, 0, 0, 0, 0, 1, 1, 3, 1, 1, 0, 1, 3]|[0, 1, 1, 2, 1, 0, 0, 1, 1, 1, 0, 1, 2, 1, 1, 1, 1, 1, 1, 0];[5, 4, 14, 10, 2, 13, 16, 19, 17, 7, 18, 0, 8, 12, 1, 11, 3, 15, 6, 9]|[0, 1, 1, 0, 2, 1, 2, 2, 1, 0, 0, 2, 0, 0, 1, 1, 1, 2, 1, 0]|[3, 1, 1, 3, 0, 1, 0, 0, 1, 3, 3, 0, 3, 3, 1, 1, 1, 0, 1, 3]|[0, 1, 1, 2, 1, 1, 0, 1, 1, 0, 0, 1, 2, 1, 1, 1, 1, 1, 1, 0];[5, 4, 14, 10, 2, 13, 16, 19, 17, 7, 18, 0, 8, 12, 1, 11, 3, 15, 6, 9]|[0, 1, 1, 0, 2, 1, 2, 2, 1, 0, 0, 2, 0, 0, 1, 1, 1, 2, 1, 0]|[3, 1, 1, 3, 0, 1, 0, 0, 1, 3, 3, 0, 3, 3, 1, 1, 1, 0, 1, 3]|[0, 1, 1, 2, 1, 1, 0, 1, 1, 0, 0, 1, 2, 1, 1, 1, 1, 1, 1, 0];[2, 13, 1, 10, 14, 9, 18, 16, 15, 3, 4, 0, 12, 11, 6, 7, 8, 17, 19, 5]|[0, 0, 0, 2, 2, 0, 0, 1, 0, 2, 1, 0, 0, 2, 1, 0, 0, 0, 2, 1]|[3, 3, 3, 1, 1, 3, 3, 1, 3, 1, 1, 3, 3, 1, 1, 3, 3, 3, 1, 1]|[0, 2, 0, 1, 0, 2, 0, 1, 2, 1, 0, 0, 1, 1, 1, 0, 2, 0, 0, 1];[5, 4, 14, 10, 11, 19, 16, 6, 3, 15, 0, 1, 8, 13, 18, 7, 12, 2, 9, 17]|[0, 1, 1, 0, 2, 1, 2, 2, 1, 0, 0, 2, 0, 1, 0, 1, 1, 2, 1, 0]|[3, 1, 0, 3, 0, 1, 0, 0, 0, 2, 3, 0, 3, 1, 3, 1, 1, 0, 1, 3]|[0, 1, 1, 2, 1, 0, 0, 1, 1, 1, 0, 0, 2, 1, 1, 1, 1, 0, 1, 0];[1, 4, 19, 2, 14, 13, 16, 5, 3, 17, 11, 6, 8, 9, 7, 18, 12, 15, 10, 0]|[0, 1, 1, 2, 0, 1, 2, 2, 1, 0, 0, 2, 0, 1, 0, 1, 1, 2, 1, 0]|[3, 1, 1, 0, 3, 1, 0, 0, 1, 3, 3, 0, 3, 1, 3, 1, 1, 0, 1, 3]|[2, 1, 1, 1, 2, 1, 0, 1, 1, 0, 0, 1, 2, 1, 1, 1, 1, 0, 1, 0];[1, 4, 19, 2, 14, 13, 16, 5, 3, 17, 11, 6, 8, 9, 7, 18, 12, 15, 10, 0]|[0, 1, 1, 2, 0, 1, 2, 2, 1, 0, 0, 2, 0, 1, 0, 1, 1, 2, 1, 0]|[3, 1, 1, 0, 3, 1, 0, 0, 1, 3, 3, 0, 3, 1, 3, 1, 1, 0, 1, 3]|[2, 1, 1, 1, 2, 1, 0, 1, 1, 0, 0, 1, 2, 1, 1, 1, 1, 0, 1, 0];[2, 13, 1, 10, 14, 9, 18, 16, 15, 3, 4, 0, 12, 11, 6, 7, 8, 17, 19, 5]|[0, 0, 0, 2, 2, 0, 0, 1, 0, 2, 1, 0, 0, 2, 1, 0, 0, 0, 2, 1]|[3, 3, 3, 1, 1, 3, 3, 1, 3, 1, 1, 3, 3, 1, 1, 3, 3, 3, 1, 1]|[0, 2, 0, 1, 0, 2, 0, 1, 2, 1, 0, 0, 1, 1, 1, 0, 2, 0, 0, 1];[2, 1, 13, 14, 19, 4, 16, 5, 3, 10, 11, 17, 6, 7, 18, 9, 15, 0, 12, 8]|[0, 1, 1, 0, 2, 1, 2, 2, 1, 0, 0, 2, 0, 1, 0, 1, 1, 2, 1, 0]|[3, 1, 1, 3, 0, 1, 0, 0, 0, 0, 3, 0, 3, 0, 3, 1, 1, 0, 1, 3]|[0, 1, 1, 2, 1, 0, 0, 1, 1, 0, 0, 1, 2, 1, 0, 1, 1, 1, 1, 0];[1, 19, 13, 14, 2, 4, 16, 5, 3, 7, 11, 6, 8, 9, 18, 12, 0, 15, 17, 10]|[0, 1, 1, 0, 2, 1, 2, 2, 1, 0, 0, 2, 0, 1, 0, 1, 1, 2, 1, 0]|[3, 1, 0, 3, 0, 1, 0, 0, 0, 3, 3, 0, 3, 1, 3, 1, 1, 0, 1, 3]|[0, 1, 1, 2, 1, 0, 0, 1, 1, 0, 0, 1, 2, 1, 0, 1, 1, 0, 1, 0];[1, 19, 13, 14, 2, 4, 16, 5, 3, 7, 11, 6, 8, 9, 18, 12, 0, 15, 17, 10]|[0, 1, 1, 0, 2, 1, 2, 2, 1, 0, 0, 2, 0, 1, 0, 1, 1, 2, 1, 0]|[3, 1, 0, 3, 0, 1, 0, 0, 0, 3, 3, 0, 3, 1, 3, 1, 1, 0, 1, 3]|[0, 1, 1, 2, 1, 0, 0, 1, 1, 0, 0, 1, 2, 1, 0, 1, 1, 0, 1, 0];[1, 2, 13, 18, 6, 11, 10, 3, 5, 16, 4, 19, 14, 17, 7, 12, 0, 15, 9, 8]|[0, 1, 1, 0, 2, 0, 0, 1, 2, 2, 1, 2, 0, 0, 0, 1, 1, 2, 1, 0]|[3, 1, 1, 2, 0, 3, 0, 0, 0, 0, 1, 1, 3, 1, 3, 1, 1, 0, 1, 3]|[0, 1, 1, 2, 1, 0, 1, 1, 1, 0, 0, 1, 2, 1, 1, 1, 1, 0, 1, 0];[19, 14, 2, 4, 16, 5, 3, 12, 10, 6, 0, 18, 9, 8, 15, 11, 7, 17, 13, 1]|[1, 0, 2, 1, 2, 2, 1, 1, 1, 0, 0, 0, 1, 1, 2, 2, 0, 0, 0, 0]|[0, 3, 0, 1, 0, 0, 1, 1, 1, 3, 3, 3, 1, 1, 1, 1, 3, 3, 3, 3]|[1, 0, 1, 0, 0, 1, 1, 1, 1, 0, 2, 0, 1, 1, 1, 0, 0, 0, 2, 0];[5, 4, 3, 15, 17, 12, 9, 18, 8, 6, 10, 11, 7, 1, 16, 14, 13, 19, 2, 0]|[0, 1, 1, 2, 1, 1, 0, 1, 0, 2, 0, 0, 1, 2, 2, 1, 0, 2, 1, 0]|[3, 1, 1, 0, 1, 1, 3, 1, 3, 0, 3, 3, 1, 0, 0, 1, 3, 0, 1, 3]|[0, 1, 1, 0, 1, 1, 1, 1, 2, 1, 0, 0, 1, 1, 0, 1, 2, 1, 1, 0];[5, 4, 3, 15, 17, 12, 9, 18, 8, 6, 10, 11, 7, 1, 16, 14, 13, 19, 2, 0]|[0, 1, 1, 2, 1, 1, 0, 1, 0, 2, 0, 0, 1, 2, 2, 1, 0, 2, 1, 0]|[3, 1, 1, 0, 1, 1, 3, 1, 3, 0, 3, 3, 1, 0, 0, 1, 3, 0, 1, 3]|[0, 1, 1, 0, 1, 1, 1, 1, 2, 1, 0, 0, 1, 1, 0, 1, 2, 1, 1, 0];[1, 2, 13, 14, 19, 4, 16, 5, 3, 10, 11, 6, 18, 7, 9, 12, 17, 0, 15, 8]|[0, 0, 1, 0, 2, 1, 2, 2, 1, 0, 0, 2, 0, 1, 0, 1, 1, 2, 1, 0]|[3, 0, 0, 3, 1, 1, 0, 0, 0, 2, 3, 0, 3, 1, 0, 1, 1, 0, 0, 3]|[2, 1, 1, 2, 1, 0, 0, 1, 1, 0, 0, 1, 2, 1, 1, 1, 1, 1, 1, 2];[1, 13, 5, 2, 16, 12, 11, 4, 9, 0, 7, 6, 10, 14, 8, 3, 19, 18, 15, 17]|[0, 1, 2, 2, 2, 1, 0, 0, 0, 0, 1, 2, 2, 0, 1, 1, 1, 1, 2, 2]|[0, 0, 0, 0, 1, 1, 0, 3, 3, 3, 1, 0, 0, 3, 1, 1, 1, 1, 1, 1]|[2, 0, 1, 1, 0, 1, 1, 0, 2, 1, 1, 1, 1, 0, 1, 1, 1, 1, 0, 0];[12, 5, 11, 3, 4, 15, 2, 10, 18, 9, 14, 19, 0, 7, 13, 6, 1, 16, 17, 8]|[2, 1, 1, 2, 1, 0, 2, 0, 0, 0, 0, 2, 0, 0, 0, 0, 0, 2, 2, 1]|[1, 1, 1, 0, 1, 3, 1, 3, 3, 3, 3, 0, 3, 3, 3, 3, 3, 0, 0, 0]|[1, 1, 0, 1, 1, 0, 0, 2, 0, 0, 2, 1, 0, 0, 2, 0, 0, 1, 1, 1];[12, 5, 4, 15, 11, 19, 1, 16, 3, 9, 0, 10, 2, 14, 6, 17, 13, 18, 7, 8]|[0, 2, 0, 2, 0, 1, 0, 2, 1, 2, 2, 1, 2, 0, 1, 1, 1, 2, 1, 0]|[3, 0, 3, 1, 0, 1, 2, 1, 1, 0, 0, 1, 1, 3, 0, 1, 1, 0, 1, 3]|[0, 0, 2, 1, 1, 1, 0, 0, 1, 1, 1, 1, 1, 2, 0, 1, 1, 0, 1, 0];[12, 5, 4, 15, 11, 19, 1, 16, 3, 9, 0, 10, 2, 14, 6, 17, 13, 18, 7, 8]|[0, 2, 0, 2, 0, 1, 0, 2, 1, 2, 2, 1, 2, 0, 1, 1, 1, 2, 1, 0]|[3, 0, 3, 1, 0, 1, 2, 1, 1, 0, 0, 1, 1, 3, 0, 1, 1, 0, 1, 3]|[0, 0, 2, 1, 1, 1, 0, 0, 1, 1, 1, 1, 1, 2, 0, 1, 1, 0, 1, 0];[12, 5, 4, 15, 11, 19, 1, 16, 3, 9, 0, 10, 2, 14, 6, 17, 13, 18, 7, 8]|[0, 2, 0, 2, 0, 1, 0, 2, 1, 2, 2, 1, 2, 0, 1, 1, 1, 2, 1, 0]|[3, 0, 3, 1, 0, 1, 2, 1, 1, 0, 0, 1, 1, 3, 0, 1, 1, 0, 1, 3]|[0, 0, 2, 1, 1, 1, 0, 0, 1, 1, 1, 1, 1, 2, 0, 1, 1, 0, 1, 0];[12, 5, 4, 15, 11, 19, 1, 16, 3, 9, 0, 10, 2, 14, 6, 17, 13, 18, 7, 8]|[0, 2, 0, 2, 0, 1, 0, 2, 1, 2, 2, 1, 2, 0, 1, 1, 1, 2, 1, 0]|[3, 0, 3, 1, 0, 1, 2, 1, 1, 0, 0, 1, 1, 3, 0, 1, 1, 0, 1, 3]|[0, 0, 2, 1, 1, 1, 0, 0, 1, 1, 1, 1, 1, 2, 0, 1, 1, 0, 1, 0];[11, 19, 14, 2, 4, 16, 5, 3, 9, 10, 18, 7, 1, 15, 0, 12, 17, 6, 13, 8]|[0, 1, 0, 2, 1, 2, 2, 1, 1, 0, 0, 2, 0, 2, 0, 1, 1, 2, 1, 0]|[0, 0, 1, 1, 1, 0, 1, 0, 1, 3, 3, 0, 3, 0, 3, 1, 1, 0, 0, 3]|[2, 1, 1, 1, 0, 0, 1, 1, 1, 0, 0, 1, 0, 0, 2, 1, 1, 1, 1, 0];[11, 19, 14, 2, 4, 16, 5, 3, 9, 10, 18, 7, 1, 15, 0, 12, 17, 6, 13, 8]|[0, 1, 0, 2, 1, 2, 2, 1, 1, 0, 0, 2, 0, 2, 0, 1, 1, 2, 1, 0]|[0, 0, 1, 1, 1, 0, 1, 0, 1, 3, 3, 0, 3, 0, 3, 1, 1, 0, 0, 3]|[2, 1, 1, 1, 0, 0, 1, 1, 1, 0, 0, 1, 0, 0, 2, 1, 1, 1, 1, 0];[11, 19, 14, 2, 4, 16, 5, 3, 9, 10, 18, 7, 1, 15, 0, 12, 17, 6, 13, 8]|[0, 1, 0, 2, 1, 2, 2, 1, 1, 0, 0, 2, 0, 2, 0, 1, 1, 2, 1, 0]|[0, 0, 1, 1, 1, 0, 1, 0, 1, 3, 3, 0, 3, 0, 3, 1, 1, 0, 0, 3]|[2, 1, 1, 1, 0, 0, 1, 1, 1, 0, 0, 1, 0, 0, 2, 1, 1, 1, 1, 0];[11, 19, 14, 2, 4, 16, 5, 3, 9, 10, 18, 7, 1, 15, 0, 12, 17, 6, 13, 8]|[0, 1, 0, 2, 1, 2, 2, 1, 1, 0, 0, 2, 0, 2, 0, 1, 1, 2, 1, 0]|[0, 0, 1, 1, 1, 0, 1, 0, 1, 3, 3, 0, 3, 0, 3, 1, 1, 0, 0, 3]|[2, 1, 1, 1, 0, 0, 1, 1, 1, 0, 0, 1, 0, 0, 2, 1, 1, 1, 1, 0];[19, 14, 5, 4, 16, 2, 3, 9, 17, 6, 15, 11, 7, 8, 12, 10, 13, 18, 0, 1]|[1, 0, 2, 1, 2, 2, 1, 0, 0, 1, 1, 0, 0, 1, 2, 2, 2, 1, 0, 0]|[0, 0, 1, 1, 0, 1, 0, 3, 3, 0, 1, 0, 3, 1, 0, 0, 0, 1, 3, 3]|[1, 2, 1, 0, 0, 1, 1, 0, 0, 0, 1, 1, 0, 1, 1, 1, 0, 1, 2, 0];[19, 14, 5, 4, 16, 2, 3, 9, 17, 6, 15, 11, 7, 8, 12, 10, 13, 18, 0, 1]|[1, 0, 2, 1, 2, 2, 1, 0, 0, 1, 1, 0, 0, 1, 2, 2, 2, 1, 0, 0]|[0, 0, 1, 1, 0, 1, 0, 3, 3, 0, 1, 0, 3, 1, 0, 0, 0, 1, 3, 3]|[1, 2, 1, 0, 0, 1, 1, 0, 0, 0, 1, 1, 0, 1, 1, 1, 0, 1, 2, 0];[19, 14, 5, 4, 16, 2, 3, 9, 17, 6, 15, 11, 7, 8, 12, 10, 13, 18, 0, 1]|[1, 0, 2, 1, 2, 2, 1, 0, 0, 1, 1, 0, 0, 1, 2, 2, 2, 1, 0, 0]|[0, 0, 1, 1, 0, 1, 0, 3, 3, 0, 1, 0, 3, 1, 0, 0, 0, 1, 3, 3]|[1, 2, 1, 0, 0, 1, 1, 0, 0, 0, 1, 1, 0, 1, 1, 1, 0, 1, 2, 0];[19, 14, 5, 4, 16, 2, 3, 9, 17, 6, 15, 11, 7, 8, 12, 10, 13, 18, 0, 1]|[1, 0, 2, 1, 2, 2, 1, 0, 0, 1, 1, 0, 0, 1, 2, 2, 2, 1, 0, 0]|[0, 0, 1, 1, 0, 1, 0, 3, 3, 0, 1, 0, 3, 1, 0, 0, 0, 1, 3, 3]|[1, 2, 1, 0, 0, 1, 1, 0, 0, 0, 1, 1, 0, 1, 1, 1, 0, 1, 2, 0];[5, 6, 19, 10, 2, 14, 12, 7, 15, 3, 18, 11, 8, 16, 17, 13, 4, 9, 0, 1]|[2, 1, 2, 0, 1, 1, 1, 0, 1, 0, 0, 0, 2, 2, 2, 1, 2, 1, 0, 0]|[0, 1, 1, 2, 1, 0, 0, 3, 0, 0, 3, 0, 1, 0, 0, 1, 1, 1, 3, 3]|[0, 1, 1, 2, 1, 0, 1, 0, 1, 1, 1, 0, 1, 0, 0, 0, 1, 1, 0, 2];[5, 6, 19, 10, 2, 14, 12, 7, 15, 3, 18, 11, 8, 16, 17, 13, 4, 9, 0, 1]|[2, 1, 2, 0, 1, 1, 1, 0, 1, 0, 0, 0, 2, 2, 2, 1, 2, 1, 0, 0]|[0, 1, 1, 2, 1, 0, 0, 3, 0, 0, 3, 0, 1, 0, 0, 1, 1, 1, 3, 3]|[0, 1, 1, 2, 1, 0, 1, 0, 1, 1, 1, 0, 1, 0, 0, 0, 1, 1, 0, 2];[5, 2, 14, 10, 4, 13, 16, 19, 17, 0, 11, 9, 12, 3, 18, 15, 6, 1, 7, 8]|[0, 1, 0, 2, 1, 1, 2, 2, 1, 0, 1, 2, 2, 0, 0, 2, 1, 2, 1, 0]|[0, 0, 3, 1, 1, 1, 0, 1, 0, 3, 0, 0, 1, 0, 3, 0, 1, 0, 1, 3]|[0, 0, 2, 1, 1, 1, 0, 1, 1, 2, 0, 0, 0, 1, 0, 1, 1, 1, 1, 0];[5, 2, 14, 10, 4, 13, 16, 19, 17, 0, 11, 9, 12, 3, 18, 15, 6, 1, 7, 8]|[0, 1, 0, 2, 1, 1, 2, 2, 1, 0, 1, 2, 2, 0, 0, 2, 1, 2, 1, 0]|[0, 0, 3, 1, 1, 1, 0, 1, 0, 3, 0, 0, 1, 0, 3, 0, 1, 0, 1, 3]|[0, 0, 2, 1, 1, 1, 0, 1, 1, 2, 0, 0, 0, 1, 0, 1, 1, 1, 1, 0];[5, 2, 14, 10, 4, 13, 16, 19, 17, 0, 11, 9, 12, 3, 18, 15, 6, 1, 7, 8]|[0, 1, 0, 2, 1, 1, 2, 2, 1, 0, 1, 2, 2, 0, 0, 2, 1, 2, 1, 0]|[0, 0, 3, 1, 1, 1, 0, 1, 0, 3, 0, 0, 1, 0, 3, 0, 1, 0, 1, 3]|[0, 0, 2, 1, 1, 1, 0, 1, 1, 2, 0, 0, 0, 1, 0, 1, 1, 1, 1, 0];[5, 2, 14, 10, 4, 13, 16, 19, 17, 0, 11, 9, 12, 3, 18, 15, 6, 1, 7, 8]|[0, 1, 0, 2, 1, 1, 2, 2, 1, 0, 1, 2, 2, 0, 0, 2, 1, 2, 1, 0]|[0, 0, 3, 1, 1, 1, 0, 1, 0, 3, 0, 0, 1, 0, 3, 0, 1, 0, 1, 3]|[0, 0, 2, 1, 1, 1, 0, 1, 1, 2, 0, 0, 0, 1, 0, 1, 1, 1, 1, 0];[1, 9, 4, 5, 14, 13, 2, 15, 17, 10, 8, 6, 16, 12, 19, 11, 0, 7, 3, 18]|[0, 1, 1, 2, 0, 1, 1, 0, 0, 1, 0, 2, 2, 2, 2, 1, 0, 2, 1, 0]|[1, 0, 1, 1, 2, 0, 1, 0, 3, 0, 3, 0, 0, 0, 0, 1, 3, 0, 0, 3]|[2, 1, 0, 0, 0, 1, 1, 0, 1, 1, 2, 1, 1, 0, 1, 0, 0, 1, 1, 0];[12, 15, 19, 10, 14, 9, 1, 16, 5, 18, 7, 8, 11, 17, 4, 6, 3, 2, 13, 0]|[0, 0, 2, 2, 1, 2, 2, 1, 0, 0, 0, 0, 2, 1, 0, 1, 2, 0, 0, 1]|[2, 3, 0, 0, 1, 0, 0, 0, 0, 3, 3, 3, 1, 1, 3, 1, 1, 0, 3, 1]|[0, 1, 0, 1, 0, 0, 1, 1, 2, 0, 0, 1, 1, 1, 0, 0, 1, 2, 2, 1];[19, 4, 2, 13, 16, 5, 11, 18, 7, 17, 15, 12, 10, 1, 3, 8, 9, 6, 14, 0]|[1, 1, 2, 1, 2, 2, 0, 1, 2, 1, 1, 1, 0, 0, 0, 0, 0, 2, 0, 0]|[1, 1, 0, 1, 0, 0, 3, 1, 0, 1, 1, 1, 3, 3, 3, 3, 3, 0, 3, 3]|[1, 1, 1, 1, 0, 1, 0, 1, 0, 1, 1, 1, 0, 0, 0, 2, 0, 1, 0, 2];[3, 4, 6, 8, 18, 14, 9, 12, 10, 15, 1, 0, 19, 17, 7, 16, 13, 2, 5, 11]|[2, 1, 1, 2, 0, 0, 1, 2, 2, 0, 0, 0, 0, 0, 0, 1, 0, 0, 2, 1]|[1, 1, 1, 1, 3, 3, 1, 1, 1, 3, 3, 3, 3, 3, 3, 1, 3, 3, 1, 1]|[0, 1, 1, 1, 0, 2, 1, 0, 1, 0, 1, 0, 2, 0, 0, 1, 2, 0, 0, 1]
fc6diagRound 14	fe=394261	pool=300	target=100	rescued=1	sOriginal=[2, 14, 19, 4, 16, 5, 8, 6, 11, 9, 7, 13, 15, 10, 1, 12, 0, 3, 17, 18]|[0, 0, 2, 1, 2, 2, 0, 0, 2, 0, 0, 1, 1, 1, 1, 1, 2, 1, 1, 0]|[3, 3, 0, 1, 0, 0, 0, 3, 0, 3, 3, 1, 1, 1, 1, 1, 0, 1, 1, 3]|[0, 2, 1, 1, 0, 1, 1, 0, 1, 2, 1, 1, 1, 1, 1, 1, 0, 1, 1, 0];[1, 19, 13, 14, 2, 4, 16, 5, 3, 10, 11, 6, 8, 12, 9, 7, 17, 15, 0, 18]|[0, 1, 1, 0, 2, 1, 2, 2, 1, 0, 0, 2, 0, 1, 0, 1, 1, 2, 1, 0]|[3, 1, 1, 3, 0, 1, 0, 0, 0, 2, 3, 0, 3, 1, 3, 1, 1, 0, 1, 3]|[0, 1, 1, 2, 1, 0, 0, 1, 1, 0, 0, 1, 2, 1, 1, 1, 1, 0, 1, 0];[1, 19, 13, 14, 2, 4, 16, 5, 3, 10, 11, 6, 8, 12, 9, 7, 17, 15, 0, 18]|[0, 1, 1, 0, 2, 1, 2, 2, 1, 0, 0, 2, 0, 1, 0, 1, 1, 2, 1, 0]|[3, 1, 1, 3, 0, 1, 0, 0, 0, 2, 3, 0, 3, 1, 3, 1, 1, 0, 1, 3]|[0, 1, 1, 2, 1, 0, 0, 1, 1, 0, 0, 1, 2, 1, 1, 1, 1, 0, 1, 0];[1, 19, 13, 14, 2, 4, 16, 5, 3, 10, 11, 0, 17, 7, 9, 8, 12, 6, 15, 18]|[0, 1, 1, 0, 2, 1, 2, 2, 1, 0, 0, 2, 0, 1, 0, 1, 1, 2, 1, 0]|[3, 1, 1, 3, 0, 1, 0, 0, 0, 2, 3, 0, 3, 1, 3, 1, 0, 0, 1, 3]|[2, 1, 1, 2, 1, 0, 0, 1, 1, 0, 0, 1, 2, 1, 2, 1, 0, 1, 1, 0];[1, 2, 13, 14, 5, 4, 16, 19, 3, 10, 11, 6, 8, 18, 7, 9, 12, 15, 17, 0]|[0, 1, 1, 0, 2, 1, 2, 2, 1, 0, 0, 2, 0, 1, 0, 1, 1, 2, 1, 0]|[3, 1, 1, 3, 0, 1, 0, 0, 0, 2, 3, 0, 3, 1, 3, 1, 1, 0, 1, 3]|[2, 1, 1, 2, 1, 0, 0, 1, 1, 0, 0, 1, 2, 1, 0, 1, 1, 0, 1, 0];[1, 2, 13, 14, 5, 4, 16, 19, 3, 10, 11, 6, 8, 18, 7, 9, 12, 15, 17, 0]|[0, 1, 1, 0, 2, 1, 2, 2, 1, 0, 0, 2, 0, 1, 0, 1, 1, 2, 1, 0]|[3, 1, 1, 3, 0, 1, 0, 0, 0, 2, 3, 0, 3, 1, 3, 1, 1, 0, 1, 3]|[2, 1, 1, 2, 1, 0, 0, 1, 1, 0, 0, 1, 2, 1, 0, 1, 1, 0, 1, 0];[1, 19, 13, 14, 2, 4, 16, 5, 3, 10, 11, 0, 17, 12, 7, 15, 8, 6, 18, 9]|[0, 1, 1, 0, 2, 1, 2, 2, 1, 0, 0, 2, 0, 1, 0, 1, 1, 2, 1, 0]|[3, 1, 0, 3, 0, 1, 0, 0, 0, 0, 3, 0, 3, 1, 3, 1, 1, 0, 1, 3]|[0, 1, 1, 2, 1, 0, 0, 1, 1, 0, 0, 1, 2, 1, 1, 1, 1, 1, 1, 0];[2, 12, 15, 14, 19, 10, 16, 5, 3, 8, 6, 11, 9, 17, 7, 4, 1, 0, 13, 18]|[0, 1, 1, 0, 2, 1, 2, 2, 1, 0, 0, 2, 0, 1, 0, 1, 1, 2, 1, 0]|[3, 0, 1, 3, 0, 1, 0, 0, 0, 0, 3, 0, 3, 1, 3, 1, 1, 0, 1, 3]|[0, 1, 1, 2, 1, 0, 0, 1, 1, 1, 0, 1, 2, 1, 1, 1, 1, 0, 1, 0];[1, 2, 4, 8, 6, 11, 10, 3, 5, 16, 15, 19, 14, 7, 17, 9, 12, 0, 18, 13]|[0, 1, 1, 0, 1, 0, 0, 1, 2, 2, 1, 2, 0, 0, 2, 1, 2, 1, 1, 0]|[1, 1, 1, 3, 0, 3, 0, 0, 0, 0, 1, 0, 3, 3, 0, 1, 0, 1, 1, 3]|[0, 1, 0, 2, 1, 0, 1, 1, 1, 0, 1, 1, 2, 1, 1, 1, 0, 1, 1, 0];[1, 2, 15, 11, 10, 14, 9, 12, 16, 13, 3, 4, 7, 6, 19, 18, 0, 8, 17, 5]|[0, 0, 0, 0, 2, 2, 0, 0, 1, 0, 2, 1, 0, 1, 2, 0, 0, 0, 2, 1]|[0, 3, 3, 3, 1, 1, 3, 3, 1, 3, 1, 1, 3, 1, 1, 3, 2, 3, 1, 1]|[1, 0, 2, 0, 1, 0, 2, 2, 1, 2, 1, 0, 0, 1, 1, 1, 0, 2, 0, 1];[1, 19, 8, 14, 5, 13, 6, 16, 3, 0, 12, 4, 2, 15, 17, 10, 9, 11, 7, 18]|[0, 1, 1, 0, 2, 1, 2, 2, 1, 0, 0, 2, 0, 1, 0, 1, 1, 2, 1, 0]|[3, 1, 1, 3, 0, 1, 0, 0, 0, 0, 3, 0, 3, 0, 3, 1, 1, 0, 1, 3]|[0, 1, 1, 2, 1, 0, 0, 1, 1, 1, 0, 1, 2, 1, 1, 1, 1, 1, 1, 0];[12, 19, 13, 14, 2, 4, 16, 5, 3, 10, 11, 6, 9, 1, 18, 7, 17, 0, 8, 15]|[0, 1, 1, 0, 2, 1, 2, 2, 1, 0, 0, 2, 0, 1, 0, 1, 1, 2, 1, 0]|[3, 1, 0, 3, 0, 1, 0, 0, 0, 0, 3, 0, 3, 1, 3, 1, 1, 0, 1, 3]|[0, 1, 1, 2, 1, 0, 0, 1, 1, 1, 0, 1, 2, 1, 1, 1, 1, 1, 1, 0];[1, 19, 14, 2, 17, 18, 5, 15, 12, 6, 16, 10, 11, 4, 0, 7, 13, 8, 3, 9]|[0, 1, 0, 2, 2, 1, 0, 1, 1, 2, 2, 0, 0, 2, 0, 1, 1, 1, 1, 0]|[3, 1, 3, 0, 0, 1, 3, 1, 1, 0, 0, 0, 3, 0, 3, 1, 1, 1, 1, 3]|[0, 1, 2, 1, 0, 1, 0, 1, 1, 0, 1, 1, 0, 1, 2, 1, 1, 1, 1, 0];[1, 19, 14, 2, 17, 18, 5, 15, 12, 6, 16, 10, 11, 4, 0, 7, 13, 8, 3, 9]|[0, 1, 0, 2, 2, 1, 0, 1, 1, 2, 2, 0, 0, 2, 0, 1, 1, 1, 1, 0]|[3, 1, 3, 0, 0, 1, 3, 1, 1, 0, 0, 0, 3, 0, 3, 1, 1, 1, 1, 3]|[0, 1, 2, 1, 0, 1, 0, 1, 1, 0, 1, 1, 0, 1, 2, 1, 1, 1, 1, 0];[1, 19, 14, 2, 17, 18, 5, 15, 12, 6, 16, 10, 11, 4, 0, 7, 13, 8, 3, 9]|[0, 1, 0, 2, 2, 1, 0, 1, 1, 2, 2, 0, 0, 2, 0, 1, 1, 1, 1, 0]|[3, 1, 3, 0, 0, 1, 3, 1, 1, 0, 0, 0, 3, 0, 3, 1, 1, 1, 1, 3]|[0, 1, 2, 1, 0, 1, 0, 1, 1, 0, 1, 1, 0, 1, 2, 1, 1, 1, 1, 0];[1, 19, 13, 14, 2, 4, 16, 11, 15, 10, 5, 6, 8, 17, 7, 18, 12, 3, 0, 9]|[0, 1, 1, 0, 2, 1, 2, 2, 1, 0, 0, 2, 0, 1, 0, 1, 1, 2, 1, 0]|[3, 1, 0, 3, 0, 1, 0, 0, 0, 0, 3, 0, 3, 1, 3, 1, 1, 0, 1, 3]|[0, 1, 1, 2, 1, 0, 0, 1, 1, 0, 0, 1, 2, 1, 1, 1, 1, 1, 1, 0];[2, 12, 15, 19, 10, 14, 9, 1, 16, 13, 3, 4, 7, 6, 11, 18, 0, 8, 17, 5]|[0, 0, 0, 0, 2, 2, 0, 0, 1, 0, 2, 1, 0, 1, 2, 0, 0, 0, 2, 1]|[0, 3, 3, 3, 1, 1, 3, 3, 1, 3, 1, 1, 3, 1, 1, 3, 2, 3, 1, 1]|[1, 0, 2, 0, 1, 0, 2, 1, 1, 2, 1, 0, 0, 1, 1, 1, 0, 2, 0, 1];[1, 2, 13, 14, 19, 4, 6, 5, 18, 7, 0, 16, 8, 3, 12, 17, 15, 11, 9, 10]|[0, 1, 1, 0, 2, 1, 2, 2, 1, 1, 0, 2, 0, 0, 1, 1, 2, 1, 1, 0]|[0, 1, 0, 3, 0, 1, 0, 0, 0, 1, 3, 0, 3, 3, 1, 1, 0, 1, 1, 3]|[0, 1, 1, 2, 0, 0, 1, 1, 1, 1, 0, 0, 2, 0, 1, 1, 1, 1, 1, 0];[1, 19, 5, 14, 15, 4, 16, 2, 3, 10, 11, 13, 12, 18, 7, 9, 0, 6, 17, 8]|[0, 1, 2, 0, 2, 1, 2, 2, 1, 0, 0, 2, 1, 1, 0, 1, 2, 1, 0, 0]|[3, 1, 0, 3, 0, 1, 0, 0, 0, 0, 3, 0, 1, 1, 3, 1, 0, 1, 3, 3]|[0, 1, 1, 2, 1, 0, 0, 1, 1, 1, 0, 1, 1, 1, 1, 1, 1, 1, 0, 2];[1, 19, 13, 14, 2, 15, 5, 16, 12, 17, 7, 0, 3, 10, 11, 6, 8, 9, 4, 18]|[0, 1, 1, 0, 2, 1, 2, 2, 1, 2, 1, 0, 1, 0, 0, 2, 0, 1, 1, 0]|[3, 1, 1, 3, 0, 1, 0, 0, 1, 0, 1, 0, 1, 3, 3, 0, 3, 1, 1, 3]|[2, 1, 1, 2, 1, 1, 1, 0, 1, 1, 1, 0, 1, 1, 0, 1, 2, 1, 1, 2];[2, 19, 6, 15, 3, 4, 16, 5, 1, 11, 10, 0, 18, 12, 7, 13, 17, 8, 9, 14]|[0, 1, 1, 0, 2, 1, 2, 2, 1, 0, 0, 2, 0, 1, 0, 1, 1, 2, 1, 0]|[3, 1, 0, 3, 0, 1, 0, 0, 0, 0, 3, 0, 3, 1, 3, 1, 1, 0, 1, 3]|[0, 1, 1, 2, 1, 0, 0, 1, 1, 1, 0, 1, 2, 1, 1, 1, 1, 1, 1, 0];[12, 10, 15, 19, 14, 7, 8, 5, 1, 4, 3, 2, 16, 13, 17, 9, 18, 0, 11, 6]|[0, 0, 0, 2, 2, 0, 1, 2, 0, 1, 2, 0, 1, 0, 0, 0, 0, 0, 2, 1]|[2, 3, 3, 0, 1, 3, 1, 1, 3, 1, 1, 3, 1, 3, 3, 3, 3, 3, 1, 1]|[1, 2, 0, 1, 0, 2, 1, 1, 1, 0, 1, 0, 1, 2, 1, 2, 0, 2, 0, 0];[1, 19, 13, 14, 2, 15, 5, 16, 12, 17, 7, 0, 3, 10, 11, 6, 8, 9, 4, 18]|[0, 1, 1, 0, 2, 1, 2, 2, 1, 2, 1, 0, 1, 0, 0, 2, 0, 1, 1, 0]|[3, 1, 1, 3, 0, 1, 0, 0, 1, 0, 1, 0, 1, 3, 3, 0, 3, 1, 1, 3]|[2, 1, 1, 2, 1, 1, 1, 0, 1, 1, 1, 0, 1, 1, 0, 1, 2, 1, 1, 2];[2, 13, 11, 10, 14, 15, 16, 12, 18, 3, 4, 9, 19, 6, 7, 0, 8, 1, 17, 5]|[0, 0, 0, 0, 2, 0, 1, 2, 0, 2, 1, 0, 2, 1, 0, 0, 0, 0, 2, 1]|[3, 3, 3, 1, 1, 3, 1, 0, 3, 1, 1, 3, 1, 1, 3, 2, 3, 0, 1, 1]|[0, 2, 0, 1, 0, 2, 1, 0, 1, 1, 0, 2, 1, 1, 0, 0, 2, 1, 0, 1];[19, 9, 12, 2, 10, 14, 15, 1, 16, 7, 3, 4, 18, 8, 0, 11, 17, 13, 5, 6]|[0, 0, 0, 0, 2, 2, 0, 0, 1, 0, 2, 1, 0, 0, 0, 2, 1, 0, 2, 1]|[3, 3, 3, 3, 0, 1, 3, 0, 1, 3, 1, 1, 3, 2, 3, 1, 1, 3, 1, 1]|[0, 2, 1, 0, 1, 0, 2, 1, 1, 0, 1, 0, 2, 0, 1, 1, 1, 2, 0, 1];[1, 2, 13, 17, 10, 14, 9, 12, 16, 15, 3, 4, 7, 6, 11, 18, 0, 8, 19, 5]|[0, 0, 0, 0, 2, 2, 0, 0, 1, 0, 2, 1, 0, 1, 2, 0, 0, 0, 2, 1]|[3, 3, 3, 3, 1, 1, 3, 3, 1, 3, 1, 1, 3, 1, 1, 3, 2, 3, 1, 1]|[1, 0, 2, 0, 1, 0, 2, 1, 1, 2, 1, 0, 0, 1, 1, 1, 0, 2, 0, 1];[1, 2, 13, 14, 19, 4, 16, 5, 3, 10, 11, 6, 18, 17, 7, 12, 0, 15, 9, 8]|[0, 1, 1, 0, 2, 1, 2, 2, 1, 0, 0, 2, 0, 0, 0, 1, 1, 2, 1, 0]|[3, 1, 1, 3, 0, 1, 0, 0, 0, 0, 3, 0, 3, 1, 3, 1, 1, 0, 1, 3]|[0, 1, 1, 2, 1, 0, 0, 1, 1, 1, 0, 1, 2, 1, 1, 1, 1, 0, 1, 0];[9, 19, 5, 16, 4, 2, 14, 13, 3, 10, 11, 6, 17, 7, 8, 12, 0, 15, 18, 1]|[0, 1, 2, 2, 1, 2, 0, 2, 1, 0, 0, 2, 0, 1, 1, 1, 2, 1, 0, 0]|[3, 1, 0, 0, 1, 1, 3, 0, 0, 2, 3, 0, 3, 1, 1, 0, 0, 1, 3, 3]|[2, 1, 1, 0, 0, 1, 2, 0, 1, 0, 0, 1, 2, 1, 1, 0, 1, 1, 0, 2];[19, 2, 12, 13, 10, 14, 9, 18, 16, 15, 6, 4, 7, 3, 11, 1, 0, 8, 17, 5]|[0, 0, 0, 0, 2, 2, 0, 0, 1, 0, 2, 1, 0, 1, 2, 0, 0, 0, 2, 1]|[3, 0, 3, 3, 1, 1, 3, 3, 1, 3, 1, 1, 3, 1, 1, 3, 2, 3, 1, 1]|[0, 1, 2, 0, 1, 0, 2, 1, 1, 2, 1, 0, 0, 1, 1, 1, 0, 2, 0, 0];[19, 2, 12, 13, 10, 14, 9, 18, 16, 15, 6, 4, 7, 3, 11, 1, 0, 8, 17, 5]|[0, 0, 0, 0, 2, 2, 0, 0, 1, 0, 2, 1, 0, 1, 2, 0, 0, 0, 2, 1]|[3, 0, 3, 3, 1, 1, 3, 3, 1, 3, 1, 1, 3, 1, 1, 3, 2, 3, 1, 1]|[0, 1, 2, 0, 1, 0, 2, 1, 1, 2, 1, 0, 0, 1, 1, 1, 0, 2, 0, 0];[2, 19, 8, 12, 10, 14, 1, 16, 15, 3, 4, 7, 6, 11, 0, 13, 18, 9, 17, 5]|[0, 0, 0, 0, 2, 2, 0, 1, 0, 2, 1, 0, 1, 2, 0, 0, 0, 0, 2, 1]|[0, 3, 3, 3, 1, 1, 3, 1, 3, 1, 1, 3, 1, 1, 3, 2, 3, 3, 0, 1]|[1, 0, 2, 0, 1, 0, 1, 1, 2, 1, 0, 0, 1, 1, 1, 0, 2, 0, 0, 0];[2, 19, 8, 12, 10, 14, 1, 16, 15, 3, 4, 7, 6, 11, 0, 13, 18, 9, 17, 5]|[0, 0, 0, 0, 2, 2, 0, 1, 0, 2, 1, 0, 1, 2, 0, 0, 0, 0, 2, 1]|[0, 3, 3, 3, 1, 1, 3, 1, 3, 1, 1, 3, 1, 1, 3, 2, 3, 3, 0, 1]|[1, 0, 2, 0, 1, 0, 1, 1, 2, 1, 0, 0, 1, 1, 1, 0, 2, 0, 0, 0];[2, 19, 8, 12, 10, 14, 1, 16, 15, 3, 4, 7, 6, 11, 0, 13, 18, 9, 17, 5]|[0, 0, 0, 0, 2, 2, 0, 1, 0, 2, 1, 0, 1, 2, 0, 0, 0, 0, 2, 1]|[0, 3, 3, 3, 1, 1, 3, 1, 3, 1, 1, 3, 1, 1, 3, 2, 3, 3, 0, 1]|[1, 0, 2, 0, 1, 0, 1, 1, 2, 1, 0, 0, 1, 1, 1, 0, 2, 0, 0, 0];[2, 19, 8, 12, 10, 14, 1, 16, 15, 3, 4, 7, 6, 11, 0, 13, 18, 9, 17, 5]|[0, 0, 0, 0, 2, 2, 0, 1, 0, 2, 1, 0, 1, 2, 0, 0, 0, 0, 2, 1]|[0, 3, 3, 3, 1, 1, 3, 1, 3, 1, 1, 3, 1, 1, 3, 2, 3, 3, 0, 1]|[1, 0, 2, 0, 1, 0, 1, 1, 2, 1, 0, 0, 1, 1, 1, 0, 2, 0, 0, 0];[2, 12, 10, 15, 19, 18, 9, 1, 16, 13, 3, 5, 11, 6, 0, 7, 17, 14, 4, 8]|[0, 0, 0, 0, 2, 2, 0, 0, 1, 0, 2, 1, 0, 1, 2, 0, 0, 0, 2, 1]|[3, 0, 3, 3, 1, 1, 3, 3, 1, 3, 1, 1, 3, 1, 1, 3, 3, 3, 1, 1]|[0, 1, 2, 0, 1, 0, 2, 1, 1, 2, 1, 0, 0, 1, 1, 1, 0, 2, 0, 0];[1, 19, 14, 2, 4, 16, 5, 10, 11, 0, 8, 13, 18, 17, 7, 9, 3, 12, 6, 15]|[0, 1, 0, 2, 1, 2, 2, 0, 0, 2, 0, 1, 0, 1, 1, 1, 1, 2, 1, 0]|[3, 1, 3, 0, 1, 0, 0, 0, 3, 0, 3, 1, 3, 1, 1, 1, 1, 0, 1, 3]|[0, 1, 2, 1, 1, 0, 0, 0, 0, 1, 2, 1, 1, 1, 1, 1, 1, 0, 1, 0];[1, 19, 14, 2, 4, 16, 5, 10, 11, 0, 8, 13, 18, 17, 7, 9, 3, 12, 6, 15]|[0, 1, 0, 2, 1, 2, 2, 0, 0, 2, 0, 1, 0, 1, 1, 1, 1, 2, 1, 0]|[3, 1, 3, 0, 1, 0, 0, 0, 3, 0, 3, 1, 3, 1, 1, 1, 1, 0, 1, 3]|[0, 1, 2, 1, 1, 0, 0, 0, 0, 1, 2, 1, 1, 1, 1, 1, 1, 0, 1, 0];[19, 14, 2, 4, 16, 5, 12, 1, 18, 10, 6, 11, 7, 17, 15, 9, 3, 13, 0, 8]|[1, 0, 2, 2, 2, 2, 2, 0, 0, 0, 2, 0, 0, 1, 1, 1, 1, 1, 1, 0]|[1, 0, 0, 1, 0, 0, 0, 3, 3, 3, 0, 3, 3, 1, 1, 1, 1, 1, 1, 3]|[1, 1, 1, 1, 0, 1, 0, 0, 0, 2, 1, 0, 0, 1, 1, 1, 1, 1, 1, 2];[1, 2, 13, 14, 19, 4, 16, 5, 3, 10, 11, 17, 8, 12, 7, 6, 15, 0, 9, 18]|[0, 1, 1, 0, 2, 1, 2, 2, 1, 0, 0, 2, 0, 1, 0, 1, 1, 2, 1, 0]|[3, 1, 0, 3, 1, 1, 0, 0, 0, 0, 3, 0, 3, 1, 0, 1, 1, 0, 1, 3]|[0, 1, 1, 2, 1, 0, 1, 1, 1, 1, 0, 1, 2, 1, 1, 1, 1, 1, 1, 0];[2, 12, 15, 9, 10, 14, 19, 0, 16, 13, 3, 4, 7, 6, 11, 1, 18, 8, 17, 5]|[0, 0, 0, 0, 2, 2, 0, 0, 1, 0, 2, 1, 0, 1, 2, 0, 0, 0, 2, 1]|[0, 1, 3, 3, 1, 1, 3, 3, 1, 3, 1, 1, 3, 1, 1, 3, 2, 3, 1, 1]|[1, 0, 2, 2, 1, 0, 0, 1, 1, 2, 1, 0, 0, 1, 1, 1, 0, 2, 0, 0];[2, 12, 15, 9, 10, 14, 19, 0, 16, 13, 3, 4, 7, 6, 11, 1, 18, 8, 17, 5]|[0, 0, 0, 0, 2, 2, 0, 0, 1, 0, 2, 1, 0, 1, 2, 0, 0, 0, 2, 1]|[0, 1, 3, 3, 1, 1, 3, 3, 1, 3, 1, 1, 3, 1, 1, 3, 2, 3, 1, 1]|[1, 0, 2, 2, 1, 0, 0, 1, 1, 2, 1, 0, 0, 1, 1, 1, 0, 2, 0, 0];[2, 12, 15, 9, 10, 14, 19, 0, 16, 13, 3, 4, 7, 6, 11, 1, 18, 8, 17, 5]|[0, 0, 0, 0, 2, 2, 0, 0, 1, 0, 2, 1, 0, 1, 2, 0, 0, 0, 2, 1]|[0, 1, 3, 3, 1, 1, 3, 3, 1, 3, 1, 1, 3, 1, 1, 3, 2, 3, 1, 1]|[1, 0, 2, 2, 1, 0, 0, 1, 1, 2, 1, 0, 0, 1, 1, 1, 0, 2, 0, 0];[2, 12, 15, 9, 10, 14, 19, 0, 16, 13, 3, 4, 7, 6, 11, 1, 18, 8, 17, 5]|[0, 0, 0, 0, 2, 2, 0, 0, 1, 0, 2, 1, 0, 1, 2, 0, 0, 0, 2, 1]|[0, 1, 3, 3, 1, 1, 3, 3, 1, 3, 1, 1, 3, 1, 1, 3, 2, 3, 1, 1]|[1, 0, 2, 2, 1, 0, 0, 1, 1, 2, 1, 0, 0, 1, 1, 1, 0, 2, 0, 0];[19, 15, 11, 2, 10, 14, 9, 1, 16, 13, 18, 4, 7, 12, 6, 0, 17, 8, 5, 3]|[0, 0, 0, 0, 2, 2, 0, 0, 1, 0, 2, 1, 0, 1, 2, 0, 0, 0, 2, 1]|[3, 3, 3, 0, 1, 1, 3, 3, 1, 3, 1, 1, 3, 1, 1, 3, 2, 3, 1, 1]|[0, 2, 0, 1, 1, 0, 2, 1, 1, 2, 1, 0, 0, 1, 1, 1, 0, 2, 0, 1];[19, 15, 11, 2, 10, 14, 9, 1, 16, 13, 18, 4, 7, 12, 6, 0, 17, 8, 5, 3]|[0, 0, 0, 0, 2, 2, 0, 0, 1, 0, 2, 1, 0, 1, 2, 0, 0, 0, 2, 1]|[3, 3, 3, 0, 1, 1, 3, 3, 1, 3, 1, 1, 3, 1, 1, 3, 2, 3, 1, 1]|[0, 2, 0, 1, 1, 0, 2, 1, 1, 2, 1, 0, 0, 1, 1, 1, 0, 2, 0, 1];[2, 12, 15, 19, 10, 14, 9, 1, 16, 13, 3, 4, 7, 6, 11, 0, 17, 8, 5, 18]|[0, 0, 0, 0, 2, 2, 0, 0, 1, 0, 2, 1, 0, 1, 2, 0, 0, 0, 2, 1]|[0, 3, 3, 3, 1, 1, 3, 3, 1, 3, 1, 1, 3, 1, 1, 3, 2, 3, 1, 1]|[1, 0, 2, 0, 1, 0, 2, 1, 1, 2, 1, 0, 0, 1, 1, 1, 0, 2, 0, 0];[2, 12, 15, 19, 10, 14, 9, 1, 16, 13, 3, 4, 7, 6, 11, 0, 17, 8, 5, 18]|[0, 0, 0, 0, 2, 2, 0, 0, 1, 0, 2, 1, 0, 1, 2, 0, 0, 0, 2, 1]|[0, 3, 3, 3, 1, 1, 3, 3, 1, 3, 1, 1, 3, 1, 1, 3, 2, 3, 1, 1]|[1, 0, 2, 0, 1, 0, 2, 1, 1, 2, 1, 0, 0, 1, 1, 1, 0, 2, 0, 0];[2, 12, 15, 19, 10, 14, 9, 1, 16, 13, 3, 4, 7, 6, 11, 0, 17, 8, 5, 18]|[0, 0, 0, 0, 2, 2, 0, 0, 1, 0, 2, 1, 0, 1, 2, 0, 0, 0, 2, 1]|[0, 3, 3, 3, 1, 1, 3, 3, 1, 3, 1, 1, 3, 1, 1, 3, 2, 3, 1, 1]|[1, 0, 2, 0, 1, 0, 2, 1, 1, 2, 1, 0, 0, 1, 1, 1, 0, 2, 0, 0];[2, 12, 15, 19, 10, 14, 9, 1, 16, 13, 3, 4, 7, 6, 11, 0, 17, 8, 5, 18]|[0, 0, 0, 0, 2, 2, 0, 0, 1, 0, 2, 1, 0, 1, 2, 0, 0, 0, 2, 1]|[0, 3, 3, 3, 1, 1, 3, 3, 1, 3, 1, 1, 3, 1, 1, 3, 2, 3, 1, 1]|[1, 0, 2, 0, 1, 0, 2, 1, 1, 2, 1, 0, 0, 1, 1, 1, 0, 2, 0, 0];[1, 5, 14, 16, 19, 9, 10, 11, 6, 8, 15, 3, 2, 12, 18, 13, 17, 7, 4, 0]|[0, 2, 0, 2, 2, 1, 0, 0, 2, 0, 2, 1, 1, 1, 1, 1, 1, 0, 1, 0]|[3, 0, 3, 0, 0, 1, 2, 3, 0, 3, 0, 1, 1, 1, 1, 1, 1, 3, 1, 3]|[2, 1, 2, 0, 1, 1, 0, 0, 1, 2, 0, 1, 1, 1, 1, 1, 1, 0, 1, 0];[1, 5, 14, 16, 19, 9, 10, 11, 6, 8, 15, 3, 2, 12, 18, 13, 17, 7, 4, 0]|[0, 2, 0, 2, 2, 1, 0, 0, 2, 0, 2, 1, 1, 1, 1, 1, 1, 0, 1, 0]|[3, 0, 3, 0, 0, 1, 2, 3, 0, 3, 0, 1, 1, 1, 1, 1, 1, 3, 1, 3]|[2, 1, 2, 0, 1, 1, 0, 0, 1, 2, 0, 1, 1, 1, 1, 1, 1, 0, 1, 0];[19, 6, 5, 4, 16, 14, 12, 17, 2, 10, 18, 15, 7, 0, 11, 9, 13, 8, 3, 1]|[2, 1, 2, 1, 2, 2, 1, 2, 0, 1, 0, 0, 0, 0, 0, 1, 1, 1, 0, 0]|[0, 1, 0, 1, 0, 0, 0, 0, 3, 1, 3, 3, 3, 3, 3, 1, 1, 1, 3, 3]|[1, 1, 1, 0, 0, 1, 1, 1, 0, 1, 2, 0, 1, 0, 2, 1, 1, 1, 0, 0];[19, 6, 5, 4, 16, 14, 12, 17, 2, 10, 18, 15, 7, 0, 11, 9, 13, 8, 3, 1]|[2, 1, 2, 1, 2, 2, 1, 2, 0, 1, 0, 0, 0, 0, 0, 1, 1, 1, 0, 0]|[0, 1, 0, 1, 0, 0, 0, 0, 3, 1, 3, 3, 3, 3, 3, 1, 1, 1, 3, 3]|[1, 1, 1, 0, 0, 1, 1, 1, 0, 1, 2, 0, 1, 0, 2, 1, 1, 1, 0, 0];[2, 12, 15, 19, 10, 14, 9, 1, 16, 3, 13, 4, 7, 6, 11, 0, 8, 18, 17, 5]|[0, 0, 0, 0, 2, 2, 0, 0, 1, 0, 2, 1, 0, 1, 2, 0, 0, 0, 2, 1]|[3, 3, 3, 3, 1, 1, 3, 3, 1, 3, 1, 1, 3, 1, 1, 3, 2, 3, 1, 1]|[1, 0, 2, 0, 1, 0, 2, 1, 1, 2, 1, 0, 0, 1, 1, 1, 0, 2, 0, 1];[2, 12, 15, 19, 10, 14, 9, 1, 16, 13, 6, 0, 7, 3, 11, 18, 17, 8, 4, 5]|[0, 0, 0, 0, 2, 2, 0, 0, 1, 0, 2, 1, 0, 1, 2, 0, 0, 0, 2, 1]|[3, 3, 3, 3, 1, 1, 3, 3, 1, 3, 1, 1, 3, 1, 1, 3, 2, 3, 1, 1]|[1, 0, 2, 0, 1, 0, 2, 1, 1, 2, 1, 0, 0, 1, 1, 1, 0, 2, 0, 1];[1, 2, 14, 16, 5, 7, 11, 6, 8, 18, 4, 19, 15, 12, 9, 17, 0, 3, 13, 10]|[0, 2, 0, 2, 2, 0, 0, 2, 0, 0, 1, 1, 2, 1, 1, 1, 1, 1, 1, 0]|[0, 0, 3, 0, 0, 3, 3, 0, 3, 3, 1, 1, 0, 1, 1, 1, 1, 1, 1, 3]|[0, 1, 2, 0, 1, 0, 0, 1, 2, 0, 1, 1, 0, 1, 1, 1, 1, 1, 1, 0];[1, 2, 14, 16, 5, 7, 11, 6, 8, 18, 4, 19, 15, 12, 9, 17, 0, 3, 13, 10]|[0, 2, 0, 2, 2, 0, 0, 2, 0, 0, 1, 1, 2, 1, 1, 1, 1, 1, 1, 0]|[0, 0, 3, 0, 0, 3, 3, 0, 3, 3, 1, 1, 0, 1, 1, 1, 1, 1, 1, 3]|[0, 1, 2, 0, 1, 0, 0, 1, 2, 0, 1, 1, 0, 1, 1, 1, 1, 1, 1, 0];[1, 2, 13, 14, 19, 4, 16, 5, 3, 10, 11, 6, 8, 12, 7, 9, 18, 17, 15, 0]|[0, 1, 1, 0, 2, 1, 2, 2, 1, 0, 0, 2, 0, 1, 0, 1, 1, 2, 1, 0]|[3, 1, 0, 3, 0, 1, 0, 0, 0, 0, 0, 0, 1, 1, 3, 1, 1, 0, 1, 3]|[0, 1, 1, 2, 1, 0, 0, 1, 1, 1, 0, 1, 2, 1, 1, 1, 1, 1, 1, 0];[2, 19, 15, 12, 10, 14, 9, 18, 16, 13, 3, 4, 8, 6, 1, 11, 0, 7, 5, 17]|[0, 0, 0, 0, 2, 2, 2, 0, 1, 0, 2, 1, 0, 1, 0, 0, 0, 0, 2, 1]|[0, 3, 3, 3, 1, 1, 1, 3, 1, 3, 1, 1, 2, 1, 3, 3, 3, 3, 1, 1]|[1, 0, 2, 0, 1, 0, 0, 1, 1, 2, 1, 0, 0, 1, 1, 0, 2, 1, 0, 0];[2, 19, 15, 12, 10, 14, 9, 18, 16, 13, 3, 4, 8, 6, 1, 11, 0, 7, 5, 17]|[0, 0, 0, 0, 2, 2, 2, 0, 1, 0, 2, 1, 0, 1, 0, 0, 0, 0, 2, 1]|[0, 3, 3, 3, 1, 1, 1, 3, 1, 3, 1, 1, 2, 1, 3, 3, 3, 3, 1, 1]|[1, 0, 2, 0, 1, 0, 0, 1, 1, 2, 1, 0, 0, 1, 1, 0, 2, 1, 0, 0];[2, 19, 15, 12, 10, 14, 9, 18, 16, 13, 3, 4, 8, 6, 1, 11, 0, 7, 5, 17]|[0, 0, 0, 0, 2, 2, 2, 0, 1, 0, 2, 1, 0, 1, 0, 0, 0, 0, 2, 1]|[0, 3, 3, 3, 1, 1, 1, 3, 1, 3, 1, 1, 2, 1, 3, 3, 3, 3, 1, 1]|[1, 0, 2, 0, 1, 0, 0, 1, 1, 2, 1, 0, 0, 1, 1, 0, 2, 1, 0, 0];[2, 19, 15, 12, 10, 14, 9, 18, 16, 13, 3, 4, 8, 6, 1, 11, 0, 7, 5, 17]|[0, 0, 0, 0, 2, 2, 2, 0, 1, 0, 2, 1, 0, 1, 0, 0, 0, 0, 2, 1]|[0, 3, 3, 3, 1, 1, 1, 3, 1, 3, 1, 1, 2, 1, 3, 3, 3, 3, 1, 1]|[1, 0, 2, 0, 1, 0, 0, 1, 1, 2, 1, 0, 0, 1, 1, 0, 2, 1, 0, 0];[19, 14, 2, 4, 16, 5, 3, 12, 10, 6, 0, 18, 9, 8, 15, 11, 7, 17, 13, 1]|[1, 0, 2, 1, 2, 2, 1, 1, 1, 0, 0, 0, 1, 1, 2, 2, 0, 0, 0, 0]|[0, 3, 0, 1, 0, 0, 1, 1, 1, 3, 3, 3, 1, 1, 1, 1, 3, 3, 3, 3]|[1, 0, 1, 0, 0, 1, 1, 1, 1, 0, 2, 0, 1, 1, 1, 0, 0, 0, 2, 0];[5, 4, 3, 15, 17, 12, 9, 18, 8, 6, 10, 11, 7, 1, 16, 14, 13, 19, 2, 0]|[0, 1, 1, 2, 1, 1, 0, 1, 0, 2, 0, 0, 1, 2, 2, 1, 0, 2, 1, 0]|[3, 1, 1, 0, 1, 1, 3, 1, 3, 0, 3, 3, 1, 0, 0, 1, 3, 0, 1, 3]|[0, 1, 1, 0, 1, 1, 1, 1, 2, 1, 0, 0, 1, 1, 0, 1, 2, 1, 1, 0];[5, 4, 3, 15, 17, 12, 9, 18, 8, 6, 10, 11, 7, 1, 16, 14, 13, 19, 2, 0]|[0, 1, 1, 2, 1, 1, 0, 1, 0, 2, 0, 0, 1, 2, 2, 1, 0, 2, 1, 0]|[3, 1, 1, 0, 1, 1, 3, 1, 3, 0, 3, 3, 1, 0, 0, 1, 3, 0, 1, 3]|[0, 1, 1, 0, 1, 1, 1, 1, 2, 1, 0, 0, 1, 1, 0, 1, 2, 1, 1, 0];[5, 4, 14, 10, 11, 19, 16, 6, 3, 15, 0, 1, 8, 13, 18, 7, 12, 2, 9, 17]|[0, 1, 1, 0, 2, 1, 2, 2, 1, 0, 0, 2, 0, 1, 0, 1, 1, 2, 1, 0]|[3, 1, 0, 3, 0, 1, 0, 0, 0, 2, 3, 0, 3, 1, 3, 1, 1, 0, 1, 3]|[0, 1, 1, 2, 1, 0, 0, 1, 1, 1, 0, 0, 2, 1, 1, 1, 1, 0, 1, 0];[1, 4, 19, 2, 14, 13, 16, 5, 3, 17, 11, 6, 8, 9, 7, 18, 12, 15, 10, 0]|[0, 1, 1, 2, 0, 1, 2, 2, 1, 0, 0, 2, 0, 1, 0, 1, 1, 2, 1, 0]|[3, 1, 1, 0, 3, 1, 0, 0, 1, 3, 3, 0, 3, 1, 3, 1, 1, 0, 1, 3]|[2, 1, 1, 1, 2, 1, 0, 1, 1, 0, 0, 1, 2, 1, 1, 1, 1, 0, 1, 0];[1, 4, 19, 2, 14, 13, 16, 5, 3, 17, 11, 6, 8, 9, 7, 18, 12, 15, 10, 0]|[0, 1, 1, 2, 0, 1, 2, 2, 1, 0, 0, 2, 0, 1, 0, 1, 1, 2, 1, 0]|[3, 1, 1, 0, 3, 1, 0, 0, 1, 3, 3, 0, 3, 1, 3, 1, 1, 0, 1, 3]|[2, 1, 1, 1, 2, 1, 0, 1, 1, 0, 0, 1, 2, 1, 1, 1, 1, 0, 1, 0];[5, 4, 14, 10, 2, 13, 16, 19, 17, 7, 18, 0, 8, 12, 1, 11, 3, 15, 6, 9]|[0, 1, 1, 0, 2, 1, 2, 2, 1, 0, 0, 2, 0, 0, 1, 1, 1, 2, 1, 0]|[3, 1, 1, 3, 0, 1, 0, 0, 1, 3, 3, 0, 3, 3, 1, 1, 1, 0, 1, 3]|[0, 1, 1, 2, 1, 1, 0, 1, 1, 0, 0, 1, 2, 1, 1, 1, 1, 1, 1, 0];[5, 4, 14, 10, 2, 13, 16, 19, 17, 7, 18, 0, 8, 12, 1, 11, 3, 15, 6, 9]|[0, 1, 1, 0, 2, 1, 2, 2, 1, 0, 0, 2, 0, 0, 1, 1, 1, 2, 1, 0]|[3, 1, 1, 3, 0, 1, 0, 0, 1, 3, 3, 0, 3, 3, 1, 1, 1, 0, 1, 3]|[0, 1, 1, 2, 1, 1, 0, 1, 1, 0, 0, 1, 2, 1, 1, 1, 1, 1, 1, 0];[1, 2, 13, 18, 6, 11, 10, 3, 5, 16, 4, 19, 14, 17, 7, 12, 0, 15, 9, 8]|[0, 1, 1, 0, 2, 0, 0, 1, 2, 2, 1, 2, 0, 0, 0, 1, 1, 2, 1, 0]|[3, 1, 1, 2, 0, 3, 0, 0, 0, 0, 1, 1, 3, 1, 3, 1, 1, 0, 1, 3]|[0, 1, 1, 2, 1, 0, 1, 1, 1, 0, 0, 1, 2, 1, 1, 1, 1, 0, 1, 0];[1, 2, 14, 10, 19, 6, 5, 3, 4, 13, 11, 8, 9, 7, 17, 12, 16, 18, 15, 0]|[0, 1, 0, 2, 1, 2, 2, 1, 0, 0, 0, 0, 1, 1, 2, 1, 2, 2, 1, 0]|[1, 0, 2, 1, 1, 0, 0, 1, 0, 3, 0, 3, 1, 1, 0, 1, 0, 0, 1, 3]|[0, 0, 2, 1, 1, 0, 1, 1, 0, 1, 0, 2, 1, 1, 1, 1, 1, 1, 1, 0];[11, 19, 14, 2, 4, 16, 5, 3, 9, 10, 18, 7, 1, 15, 0, 12, 17, 6, 13, 8]|[0, 1, 0, 2, 1, 2, 2, 1, 1, 0, 0, 2, 0, 2, 0, 1, 1, 2, 1, 0]|[0, 0, 1, 1, 1, 0, 1, 0, 1, 3, 3, 0, 3, 0, 3, 1, 1, 0, 0, 3]|[2, 1, 1, 1, 0, 0, 1, 1, 1, 0, 0, 1, 0, 0, 2, 1, 1, 1, 1, 0];[11, 19, 14, 2, 4, 16, 5, 3, 9, 10, 18, 7, 1, 15, 0, 12, 17, 6, 13, 8]|[0, 1, 0, 2, 1, 2, 2, 1, 1, 0, 0, 2, 0, 2, 0, 1, 1, 2, 1, 0]|[0, 0, 1, 1, 1, 0, 1, 0, 1, 3, 3, 0, 3, 0, 3, 1, 1, 0, 0, 3]|[2, 1, 1, 1, 0, 0, 1, 1, 1, 0, 0, 1, 0, 0, 2, 1, 1, 1, 1, 0];[11, 19, 14, 2, 4, 16, 5, 3, 9, 10, 18, 7, 1, 15, 0, 12, 17, 6, 13, 8]|[0, 1, 0, 2, 1, 2, 2, 1, 1, 0, 0, 2, 0, 2, 0, 1, 1, 2, 1, 0]|[0, 0, 1, 1, 1, 0, 1, 0, 1, 3, 3, 0, 3, 0, 3, 1, 1, 0, 0, 3]|[2, 1, 1, 1, 0, 0, 1, 1, 1, 0, 0, 1, 0, 0, 2, 1, 1, 1, 1, 0];[11, 19, 14, 2, 4, 16, 5, 3, 9, 10, 18, 7, 1, 15, 0, 12, 17, 6, 13, 8]|[0, 1, 0, 2, 1, 2, 2, 1, 1, 0, 0, 2, 0, 2, 0, 1, 1, 2, 1, 0]|[0, 0, 1, 1, 1, 0, 1, 0, 1, 3, 3, 0, 3, 0, 3, 1, 1, 0, 0, 3]|[2, 1, 1, 1, 0, 0, 1, 1, 1, 0, 0, 1, 0, 0, 2, 1, 1, 1, 1, 0];[1, 2, 13, 14, 19, 4, 16, 5, 3, 10, 11, 6, 18, 7, 9, 12, 17, 0, 15, 8]|[0, 0, 1, 0, 2, 1, 2, 2, 1, 0, 0, 2, 0, 1, 0, 1, 1, 2, 1, 0]|[3, 0, 0, 3, 1, 1, 0, 0, 0, 2, 3, 0, 3, 1, 0, 1, 1, 0, 0, 3]|[2, 1, 1, 2, 1, 0, 0, 1, 1, 0, 0, 1, 2, 1, 1, 1, 1, 1, 1, 2];[19, 14, 5, 4, 16, 2, 3, 9, 17, 6, 15, 11, 7, 8, 12, 10, 13, 18, 0, 1]|[1, 0, 2, 1, 2, 2, 1, 0, 0, 1, 1, 0, 0, 1, 2, 2, 2, 1, 0, 0]|[0, 0, 1, 1, 0, 1, 0, 3, 3, 0, 1, 0, 3, 1, 0, 0, 0, 1, 3, 3]|[1, 2, 1, 0, 0, 1, 1, 0, 0, 0, 1, 1, 0, 1, 1, 1, 0, 1, 2, 0];[19, 14, 5, 4, 16, 2, 3, 9, 17, 6, 15, 11, 7, 8, 12, 10, 13, 18, 0, 1]|[1, 0, 2, 1, 2, 2, 1, 0, 0, 1, 1, 0, 0, 1, 2, 2, 2, 1, 0, 0]|[0, 0, 1, 1, 0, 1, 0, 3, 3, 0, 1, 0, 3, 1, 0, 0, 0, 1, 3, 3]|[1, 2, 1, 0, 0, 1, 1, 0, 0, 0, 1, 1, 0, 1, 1, 1, 0, 1, 2, 0];[19, 14, 5, 4, 16, 2, 3, 9, 17, 6, 15, 11, 7, 8, 12, 10, 13, 18, 0, 1]|[1, 0, 2, 1, 2, 2, 1, 0, 0, 1, 1, 0, 0, 1, 2, 2, 2, 1, 0, 0]|[0, 0, 1, 1, 0, 1, 0, 3, 3, 0, 1, 0, 3, 1, 0, 0, 0, 1, 3, 3]|[1, 2, 1, 0, 0, 1, 1, 0, 0, 0, 1, 1, 0, 1, 1, 1, 0, 1, 2, 0];[19, 14, 5, 4, 16, 2, 3, 9, 17, 6, 15, 11, 7, 8, 12, 10, 13, 18, 0, 1]|[1, 0, 2, 1, 2, 2, 1, 0, 0, 1, 1, 0, 0, 1, 2, 2, 2, 1, 0, 0]|[0, 0, 1, 1, 0, 1, 0, 3, 3, 0, 1, 0, 3, 1, 0, 0, 0, 1, 3, 3]|[1, 2, 1, 0, 0, 1, 1, 0, 0, 0, 1, 1, 0, 1, 1, 1, 0, 1, 2, 0];[12, 5, 4, 15, 11, 19, 1, 16, 3, 9, 0, 10, 2, 14, 6, 17, 13, 18, 7, 8]|[0, 2, 0, 2, 0, 1, 0, 2, 1, 2, 2, 1, 2, 0, 1, 1, 1, 2, 1, 0]|[3, 0, 3, 1, 0, 1, 2, 1, 1, 0, 0, 1, 1, 3, 0, 1, 1, 0, 1, 3]|[0, 0, 2, 1, 1, 1, 0, 0, 1, 1, 1, 1, 1, 2, 0, 1, 1, 0, 1, 0];[12, 5, 4, 15, 11, 19, 1, 16, 3, 9, 0, 10, 2, 14, 6, 17, 13, 18, 7, 8]|[0, 2, 0, 2, 0, 1, 0, 2, 1, 2, 2, 1, 2, 0, 1, 1, 1, 2, 1, 0]|[3, 0, 3, 1, 0, 1, 2, 1, 1, 0, 0, 1, 1, 3, 0, 1, 1, 0, 1, 3]|[0, 0, 2, 1, 1, 1, 0, 0, 1, 1, 1, 1, 1, 2, 0, 1, 1, 0, 1, 0];[12, 5, 4, 15, 11, 19, 1, 16, 3, 9, 0, 10, 2, 14, 6, 17, 13, 18, 7, 8]|[0, 2, 0, 2, 0, 1, 0, 2, 1, 2, 2, 1, 2, 0, 1, 1, 1, 2, 1, 0]|[3, 0, 3, 1, 0, 1, 2, 1, 1, 0, 0, 1, 1, 3, 0, 1, 1, 0, 1, 3]|[0, 0, 2, 1, 1, 1, 0, 0, 1, 1, 1, 1, 1, 2, 0, 1, 1, 0, 1, 0];[12, 5, 4, 15, 11, 19, 1, 16, 3, 9, 0, 10, 2, 14, 6, 17, 13, 18, 7, 8]|[0, 2, 0, 2, 0, 1, 0, 2, 1, 2, 2, 1, 2, 0, 1, 1, 1, 2, 1, 0]|[3, 0, 3, 1, 0, 1, 2, 1, 1, 0, 0, 1, 1, 3, 0, 1, 1, 0, 1, 3]|[0, 0, 2, 1, 1, 1, 0, 0, 1, 1, 1, 1, 1, 2, 0, 1, 1, 0, 1, 0];[1, 13, 5, 2, 16, 12, 11, 4, 9, 0, 7, 6, 10, 14, 8, 3, 19, 18, 15, 17]|[0, 1, 2, 2, 2, 1, 0, 0, 0, 0, 1, 2, 2, 0, 1, 1, 1, 1, 2, 2]|[0, 0, 0, 0, 1, 1, 0, 3, 3, 3, 1, 0, 0, 3, 1, 1, 1, 1, 1, 1]|[2, 0, 1, 1, 0, 1, 1, 0, 2, 1, 1, 1, 1, 0, 1, 1, 1, 1, 0, 0];[19, 4, 2, 13, 16, 5, 11, 18, 7, 17, 15, 12, 10, 1, 3, 8, 9, 6, 14, 0]|[1, 1, 2, 1, 2, 2, 0, 1, 2, 1, 1, 1, 0, 0, 0, 0, 0, 2, 0, 0]|[1, 1, 0, 1, 0, 0, 3, 1, 0, 1, 1, 1, 3, 3, 3, 3, 3, 0, 3, 3]|[1, 1, 1, 1, 0, 1, 0, 1, 0, 1, 1, 1, 0, 0, 0, 2, 0, 1, 0, 2];[19, 4, 2, 13, 16, 5, 11, 18, 7, 17, 15, 12, 10, 1, 3, 8, 9, 6, 14, 0]|[1, 1, 2, 1, 2, 2, 0, 1, 2, 1, 1, 1, 0, 0, 0, 0, 0, 2, 0, 0]|[1, 1, 0, 1, 0, 0, 3, 1, 0, 1, 1, 1, 3, 3, 3, 3, 3, 0, 3, 3]|[1, 1, 1, 1, 0, 1, 0, 1, 0, 1, 1, 1, 0, 0, 0, 2, 0, 1, 0, 2];[12, 5, 11, 3, 4, 15, 2, 10, 18, 9, 14, 19, 0, 7, 13, 6, 1, 16, 17, 8]|[2, 1, 1, 2, 1, 0, 2, 0, 0, 0, 0, 2, 0, 0, 0, 0, 0, 2, 2, 1]|[1, 1, 1, 0, 1, 3, 1, 3, 3, 3, 3, 0, 3, 3, 3, 3, 3, 0, 0, 0]|[1, 1, 0, 1, 1, 0, 0, 2, 0, 0, 2, 1, 0, 0, 2, 0, 0, 1, 1, 1];[1, 9, 4, 5, 14, 13, 2, 15, 17, 10, 8, 6, 16, 12, 19, 11, 0, 7, 3, 18]|[0, 1, 1, 2, 0, 1, 1, 0, 0, 1, 0, 2, 2, 2, 2, 1, 0, 2, 1, 0]|[1, 0, 1, 1, 2, 0, 1, 0, 3, 0, 3, 0, 0, 0, 0, 1, 3, 0, 0, 3]|[2, 1, 0, 0, 0, 1, 1, 0, 1, 1, 2, 1, 1, 0, 1, 0, 0, 1, 1, 0];[1, 9, 4, 5, 14, 13, 2, 15, 17, 10, 8, 6, 16, 12, 19, 11, 0, 7, 3, 18]|[0, 1, 1, 2, 0, 1, 1, 0, 0, 1, 0, 2, 2, 2, 2, 1, 0, 2, 1, 0]|[1, 0, 1, 1, 2, 0, 1, 0, 3, 0, 3, 0, 0, 0, 0, 1, 3, 0, 0, 3]|[2, 1, 0, 0, 0, 1, 1, 0, 1, 1, 2, 1, 1, 0, 1, 0, 0, 1, 1, 0];[5, 16, 9, 14, 6, 10, 19, 11, 13, 18, 7, 0, 4, 3, 12, 15, 2, 17, 8, 1]|[0, 1, 0, 0, 0, 2, 2, 1, 2, 1, 2, 1, 2, 0, 1, 1, 0, 0, 0, 0]|[3, 1, 3, 3, 3, 1, 1, 1, 0, 0, 1, 1, 1, 3, 0, 1, 3, 3, 3, 3]|[0, 1, 2, 0, 2, 1, 0, 1, 1, 1, 0, 0, 1, 0, 1, 1, 0, 2, 0, 0];[5, 2, 14, 10, 4, 13, 16, 19, 17, 0, 11, 9, 12, 3, 18, 15, 6, 1, 7, 8]|[0, 1, 0, 2, 1, 1, 2, 2, 1, 0, 1, 2, 2, 0, 0, 2, 1, 2, 1, 0]|[0, 0, 3, 1, 1, 1, 0, 1, 0, 3, 0, 0, 1, 0, 3, 0, 1, 0, 1, 3]|[0, 0, 2, 1, 1, 1, 0, 1, 1, 2, 0, 0, 0, 1, 0, 1, 1, 1, 1, 0];[5, 2, 14, 10, 4, 13, 16, 19, 17, 0, 11, 9, 12, 3, 18, 15, 6, 1, 7, 8]|[0, 1, 0, 2, 1, 1, 2, 2, 1, 0, 1, 2, 2, 0, 0, 2, 1, 2, 1, 0]|[0, 0, 3, 1, 1, 1, 0, 1, 0, 3, 0, 0, 1, 0, 3, 0, 1, 0, 1, 3]|[0, 0, 2, 1, 1, 1, 0, 1, 1, 2, 0, 0, 0, 1, 0, 1, 1, 1, 1, 0];[5, 2, 14, 10, 4, 13, 16, 19, 17, 0, 11, 9, 12, 3, 18, 15, 6, 1, 7, 8]|[0, 1, 0, 2, 1, 1, 2, 2, 1, 0, 1, 2, 2, 0, 0, 2, 1, 2, 1, 0]|[0, 0, 3, 1, 1, 1, 0, 1, 0, 3, 0, 0, 1, 0, 3, 0, 1, 0, 1, 3]|[0, 0, 2, 1, 1, 1, 0, 1, 1, 2, 0, 0, 0, 1, 0, 1, 1, 1, 1, 0];[5, 2, 14, 10, 4, 13, 16, 19, 17, 0, 11, 9, 12, 3, 18, 15, 6, 1, 7, 8]|[0, 1, 0, 2, 1, 1, 2, 2, 1, 0, 1, 2, 2, 0, 0, 2, 1, 2, 1, 0]|[0, 0, 3, 1, 1, 1, 0, 1, 0, 3, 0, 0, 1, 0, 3, 0, 1, 0, 1, 3]|[0, 0, 2, 1, 1, 1, 0, 1, 1, 2, 0, 0, 0, 1, 0, 1, 1, 1, 1, 0];[2, 15, 16, 14, 10, 19, 12, 17, 3, 6, 4, 7, 11, 13, 8, 9, 1, 18, 0, 5]|[0, 0, 1, 0, 2, 2, 0, 0, 0, 2, 1, 1, 1, 2, 0, 0, 0, 0, 2, 1]|[3, 3, 1, 3, 1, 1, 3, 3, 3, 1, 1, 1, 0, 0, 3, 3, 3, 3, 0, 1]|[0, 2, 1, 0, 1, 0, 0, 0, 2, 1, 0, 1, 1, 1, 0, 2, 0, 2, 0, 0];[5, 6, 19, 10, 2, 14, 12, 7, 15, 3, 18, 11, 8, 16, 17, 13, 4, 9, 0, 1]|[2, 1, 2, 0, 1, 1, 1, 0, 1, 0, 0, 0, 2, 2, 2, 1, 2, 1, 0, 0]|[0, 1, 1, 2, 1, 0, 0, 3, 0, 0, 3, 0, 1, 0, 0, 1, 1, 1, 3, 3]|[0, 1, 1, 2, 1, 0, 1, 0, 1, 1, 1, 0, 1, 0, 0, 0, 1, 1, 0, 2];[5, 6, 19, 10, 2, 14, 12, 7, 15, 3, 18, 11, 8, 16, 17, 13, 4, 9, 0, 1]|[2, 1, 2, 0, 1, 1, 1, 0, 1, 0, 0, 0, 2, 2, 2, 1, 2, 1, 0, 0]|[0, 1, 1, 2, 1, 0, 0, 3, 0, 0, 3, 0, 1, 0, 0, 1, 1, 1, 3, 3]|[0, 1, 1, 2, 1, 0, 1, 0, 1, 1, 1, 0, 1, 0, 0, 0, 1, 1, 0, 2];[2, 19, 8, 14, 9, 6, 18, 12, 13, 1, 7, 0, 4, 10, 11, 16, 3, 15, 5, 17]|[0, 1, 1, 0, 2, 1, 0, 1, 2, 1, 0, 2, 0, 0, 2, 2, 1, 1, 1, 0]|[3, 1, 1, 3, 0, 1, 3, 1, 0, 1, 3, 0, 3, 3, 0, 0, 1, 1, 1, 3]|[0, 1, 1, 2, 1, 1, 0, 1, 0, 1, 2, 1, 0, 2, 0, 1, 1, 1, 1, 0]	sBp=[19, 17, 11, 5, 9, 6, 4, 10, 14, 2, 16, 12, 15, 3, 0, 1, 13, 8, 18, 7]|[2, 1, 1, 2, 2, 1, 2, 0, 1, 1, 2, 2, 0, 0, 0, 2, 1, 0, 1, 0]|[1, 0, 1, 1, 0, 1, 1, 2, 1, 0, 0, 0, 3, 0, 0, 0, 1, 3, 1, 1]|[1, 0, 1, 1, 0, 1, 1, 1, 1, 0, 0, 0, 0, 0, 2, 1, 1, 0, 1, 1];[2, 19, 8, 14, 9, 6, 18, 12, 13, 1, 7, 0, 4, 10, 11, 16, 3, 15, 5, 17]|[0, 1, 1, 0, 2, 1, 0, 1, 2, 1, 0, 2, 0, 0, 2, 2, 1, 1, 1, 0]|[3, 1, 1, 3, 0, 1, 3, 1, 0, 1, 3, 0, 3, 3, 0, 0, 1, 1, 1, 3]|[0, 1, 1, 2, 1, 1, 0, 1, 0, 1, 2, 1, 0, 2, 0, 1, 1, 1, 1, 0];[2, 19, 15, 12, 10, 14, 9, 18, 16, 13, 3, 4, 8, 6, 1, 11, 0, 7, 5, 17]|[0, 0, 0, 0, 2, 2, 2, 0, 1, 0, 2, 1, 0, 1, 0, 0, 0, 0, 2, 1]|[0, 3, 3, 3, 1, 1, 1, 3, 1, 3, 1, 1, 2, 1, 3, 3, 3, 3, 1, 1]|[1, 0, 2, 0, 1, 0, 0, 1, 1, 2, 1, 0, 0, 1, 1, 0, 2, 1, 0, 0];[2, 14, 19, 4, 16, 5, 8, 6, 11, 9, 7, 13, 15, 10, 1, 12, 0, 3, 17, 18]|[0, 0, 2, 1, 2, 2, 0, 0, 2, 0, 0, 1, 1, 1, 1, 1, 2, 1, 1, 0]|[3, 3, 0, 1, 0, 0, 0, 3, 0, 3, 3, 1, 1, 1, 1, 1, 0, 1, 1, 3]|[0, 2, 1, 1, 0, 1, 1, 0, 1, 2, 1, 1, 1, 1, 1, 1, 0, 1, 1, 0];[1, 19, 13, 14, 2, 4, 16, 5, 3, 10, 11, 6, 8, 12, 9, 7, 17, 15, 0, 18]|[0, 1, 1, 0, 2, 1, 2, 2, 1, 0, 0, 2, 0, 1, 0, 1, 1, 2, 1, 0]|[3, 1, 1, 3, 0, 1, 0, 0, 0, 2, 3, 0, 3, 1, 3, 1, 1, 0, 1, 3]|[0, 1, 1, 2, 1, 0, 0, 1, 1, 0, 0, 1, 2, 1, 1, 1, 1, 0, 1, 0];[1, 19, 13, 14, 2, 4, 16, 5, 3, 10, 11, 6, 8, 12, 9, 7, 17, 15, 0, 18]|[0, 1, 1, 0, 2, 1, 2, 2, 1, 0, 0, 2, 0, 1, 0, 1, 1, 2, 1, 0]|[3, 1, 1, 3, 0, 1, 0, 0, 0, 2, 3, 0, 3, 1, 3, 1, 1, 0, 1, 3]|[0, 1, 1, 2, 1, 0, 0, 1, 1, 0, 0, 1, 2, 1, 1, 1, 1, 0, 1, 0];[1, 19, 13, 14, 2, 4, 16, 5, 3, 10, 11, 0, 17, 7, 9, 8, 12, 6, 15, 18]|[0, 1, 1, 0, 2, 1, 2, 2, 1, 0, 0, 2, 0, 1, 0, 1, 1, 2, 1, 0]|[3, 1, 1, 3, 0, 1, 0, 0, 0, 2, 3, 0, 3, 1, 3, 1, 0, 0, 1, 3]|[2, 1, 1, 2, 1, 0, 0, 1, 1, 0, 0, 1, 2, 1, 2, 1, 0, 1, 1, 0];[1, 2, 13, 14, 5, 4, 16, 19, 3, 10, 11, 6, 8, 18, 7, 9, 12, 15, 17, 0]|[0, 1, 1, 0, 2, 1, 2, 2, 1, 0, 0, 2, 0, 1, 0, 1, 1, 2, 1, 0]|[3, 1, 1, 3, 0, 1, 0, 0, 0, 2, 3, 0, 3, 1, 3, 1, 1, 0, 1, 3]|[2, 1, 1, 2, 1, 0, 0, 1, 1, 0, 0, 1, 2, 1, 0, 1, 1, 0, 1, 0];[1, 2, 13, 14, 5, 4, 16, 19, 3, 10, 11, 6, 8, 18, 7, 9, 12, 15, 17, 0]|[0, 1, 1, 0, 2, 1, 2, 2, 1, 0, 0, 2, 0, 1, 0, 1, 1, 2, 1, 0]|[3, 1, 1, 3, 0, 1, 0, 0, 0, 2, 3, 0, 3, 1, 3, 1, 1, 0, 1, 3]|[2, 1, 1, 2, 1, 0, 0, 1, 1, 0, 0, 1, 2, 1, 0, 1, 1, 0, 1, 0];[1, 19, 13, 14, 2, 4, 16, 5, 3, 10, 11, 0, 17, 12, 7, 15, 8, 6, 18, 9]|[0, 1, 1, 0, 2, 1, 2, 2, 1, 0, 0, 2, 0, 1, 0, 1, 1, 2, 1, 0]|[3, 1, 0, 3, 0, 1, 0, 0, 0, 0, 3, 0, 3, 1, 3, 1, 1, 0, 1, 3]|[0, 1, 1, 2, 1, 0, 0, 1, 1, 0, 0, 1, 2, 1, 1, 1, 1, 1, 1, 0];[2, 12, 15, 14, 19, 10, 16, 5, 3, 8, 6, 11, 9, 17, 7, 4, 1, 0, 13, 18]|[0, 1, 1, 0, 2, 1, 2, 2, 1, 0, 0, 2, 0, 1, 0, 1, 1, 2, 1, 0]|[3, 0, 1, 3, 0, 1, 0, 0, 0, 0, 3, 0, 3, 1, 3, 1, 1, 0, 1, 3]|[0, 1, 1, 2, 1, 0, 0, 1, 1, 1, 0, 1, 2, 1, 1, 1, 1, 0, 1, 0];[1, 2, 4, 8, 6, 11, 10, 3, 5, 16, 15, 19, 14, 7, 17, 9, 12, 0, 18, 13]|[0, 1, 1, 0, 1, 0, 0, 1, 2, 2, 1, 2, 0, 0, 2, 1, 2, 1, 1, 0]|[1, 1, 1, 3, 0, 3, 0, 0, 0, 0, 1, 0, 3, 3, 0, 1, 0, 1, 1, 3]|[0, 1, 0, 2, 1, 0, 1, 1, 1, 0, 1, 1, 2, 1, 1, 1, 0, 1, 1, 0];[1, 2, 15, 11, 10, 14, 9, 12, 16, 13, 3, 4, 7, 6, 19, 18, 0, 8, 17, 5]|[0, 0, 0, 0, 2, 2, 0, 0, 1, 0, 2, 1, 0, 1, 2, 0, 0, 0, 2, 1]|[0, 3, 3, 3, 1, 1, 3, 3, 1, 3, 1, 1, 3, 1, 1, 3, 2, 3, 1, 1]|[1, 0, 2, 0, 1, 0, 2, 2, 1, 2, 1, 0, 0, 1, 1, 1, 0, 2, 0, 1];[1, 19, 8, 14, 5, 13, 6, 16, 3, 0, 12, 4, 2, 15, 17, 10, 9, 11, 7, 18]|[0, 1, 1, 0, 2, 1, 2, 2, 1, 0, 0, 2, 0, 1, 0, 1, 1, 2, 1, 0]|[3, 1, 1, 3, 0, 1, 0, 0, 0, 0, 3, 0, 3, 0, 3, 1, 1, 0, 1, 3]|[0, 1, 1, 2, 1, 0, 0, 1, 1, 1, 0, 1, 2, 1, 1, 1, 1, 1, 1, 0];[12, 19, 13, 14, 2, 4, 16, 5, 3, 10, 11, 6, 9, 1, 18, 7, 17, 0, 8, 15]|[0, 1, 1, 0, 2, 1, 2, 2, 1, 0, 0, 2, 0, 1, 0, 1, 1, 2, 1, 0]|[3, 1, 0, 3, 0, 1, 0, 0, 0, 0, 3, 0, 3, 1, 3, 1, 1, 0, 1, 3]|[0, 1, 1, 2, 1, 0, 0, 1, 1, 1, 0, 1, 2, 1, 1, 1, 1, 1, 1, 0];[1, 19, 14, 2, 17, 18, 5, 15, 12, 6, 16, 10, 11, 4, 0, 7, 13, 8, 3, 9]|[0, 1, 0, 2, 2, 1, 0, 1, 1, 2, 2, 0, 0, 2, 0, 1, 1, 1, 1, 0]|[3, 1, 3, 0, 0, 1, 3, 1, 1, 0, 0, 0, 3, 0, 3, 1, 1, 1, 1, 3]|[0, 1, 2, 1, 0, 1, 0, 1, 1, 0, 1, 1, 0, 1, 2, 1, 1, 1, 1, 0];[1, 19, 14, 2, 17, 18, 5, 15, 12, 6, 16, 10, 11, 4, 0, 7, 13, 8, 3, 9]|[0, 1, 0, 2, 2, 1, 0, 1, 1, 2, 2, 0, 0, 2, 0, 1, 1, 1, 1, 0]|[3, 1, 3, 0, 0, 1, 3, 1, 1, 0, 0, 0, 3, 0, 3, 1, 1, 1, 1, 3]|[0, 1, 2, 1, 0, 1, 0, 1, 1, 0, 1, 1, 0, 1, 2, 1, 1, 1, 1, 0];[1, 19, 14, 2, 17, 18, 5, 15, 12, 6, 16, 10, 11, 4, 0, 7, 13, 8, 3, 9]|[0, 1, 0, 2, 2, 1, 0, 1, 1, 2, 2, 0, 0, 2, 0, 1, 1, 1, 1, 0]|[3, 1, 3, 0, 0, 1, 3, 1, 1, 0, 0, 0, 3, 0, 3, 1, 1, 1, 1, 3]|[0, 1, 2, 1, 0, 1, 0, 1, 1, 0, 1, 1, 0, 1, 2, 1, 1, 1, 1, 0];[1, 19, 13, 14, 2, 4, 16, 11, 15, 10, 5, 6, 8, 17, 7, 18, 12, 3, 0, 9]|[0, 1, 1, 0, 2, 1, 2, 2, 1, 0, 0, 2, 0, 1, 0, 1, 1, 2, 1, 0]|[3, 1, 0, 3, 0, 1, 0, 0, 0, 0, 3, 0, 3, 1, 3, 1, 1, 0, 1, 3]|[0, 1, 1, 2, 1, 0, 0, 1, 1, 0, 0, 1, 2, 1, 1, 1, 1, 1, 1, 0];[2, 12, 15, 19, 10, 14, 9, 1, 16, 13, 3, 4, 7, 6, 11, 18, 0, 8, 17, 5]|[0, 0, 0, 0, 2, 2, 0, 0, 1, 0, 2, 1, 0, 1, 2, 0, 0, 0, 2, 1]|[0, 3, 3, 3, 1, 1, 3, 3, 1, 3, 1, 1, 3, 1, 1, 3, 2, 3, 1, 1]|[1, 0, 2, 0, 1, 0, 2, 1, 1, 2, 1, 0, 0, 1, 1, 1, 0, 2, 0, 1];[1, 2, 13, 14, 19, 4, 6, 5, 18, 7, 0, 16, 8, 3, 12, 17, 15, 11, 9, 10]|[0, 1, 1, 0, 2, 1, 2, 2, 1, 1, 0, 2, 0, 0, 1, 1, 2, 1, 1, 0]|[0, 1, 0, 3, 0, 1, 0, 0, 0, 1, 3, 0, 3, 3, 1, 1, 0, 1, 1, 3]|[0, 1, 1, 2, 0, 0, 1, 1, 1, 1, 0, 0, 2, 0, 1, 1, 1, 1, 1, 0];[1, 19, 5, 14, 15, 4, 16, 2, 3, 10, 11, 13, 12, 18, 7, 9, 0, 6, 17, 8]|[0, 1, 2, 0, 2, 1, 2, 2, 1, 0, 0, 2, 1, 1, 0, 1, 2, 1, 0, 0]|[3, 1, 0, 3, 0, 1, 0, 0, 0, 0, 3, 0, 1, 1, 3, 1, 0, 1, 3, 3]|[0, 1, 1, 2, 1, 0, 0, 1, 1, 1, 0, 1, 1, 1, 1, 1, 1, 1, 0, 2];[1, 19, 13, 14, 2, 15, 5, 16, 12, 17, 7, 0, 3, 10, 11, 6, 8, 9, 4, 18]|[0, 1, 1, 0, 2, 1, 2, 2, 1, 2, 1, 0, 1, 0, 0, 2, 0, 1, 1, 0]|[3, 1, 1, 3, 0, 1, 0, 0, 1, 0, 1, 0, 1, 3, 3, 0, 3, 1, 1, 3]|[2, 1, 1, 2, 1, 1, 1, 0, 1, 1, 1, 0, 1, 1, 0, 1, 2, 1, 1, 2];[2, 19, 6, 15, 3, 4, 16, 5, 1, 11, 10, 0, 18, 12, 7, 13, 17, 8, 9, 14]|[0, 1, 1, 0, 2, 1, 2, 2, 1, 0, 0, 2, 0, 1, 0, 1, 1, 2, 1, 0]|[3, 1, 0, 3, 0, 1, 0, 0, 0, 0, 3, 0, 3, 1, 3, 1, 1, 0, 1, 3]|[0, 1, 1, 2, 1, 0, 0, 1, 1, 1, 0, 1, 2, 1, 1, 1, 1, 1, 1, 0];[12, 10, 15, 19, 14, 7, 8, 5, 1, 4, 3, 2, 16, 13, 17, 9, 18, 0, 11, 6]|[0, 0, 0, 2, 2, 0, 1, 2, 0, 1, 2, 0, 1, 0, 0, 0, 0, 0, 2, 1]|[2, 3, 3, 0, 1, 3, 1, 1, 3, 1, 1, 3, 1, 3, 3, 3, 3, 3, 1, 1]|[1, 2, 0, 1, 0, 2, 1, 1, 1, 0, 1, 0, 1, 2, 1, 2, 0, 2, 0, 0];[1, 19, 13, 14, 2, 15, 5, 16, 12, 17, 7, 0, 3, 10, 11, 6, 8, 9, 4, 18]|[0, 1, 1, 0, 2, 1, 2, 2, 1, 2, 1, 0, 1, 0, 0, 2, 0, 1, 1, 0]|[3, 1, 1, 3, 0, 1, 0, 0, 1, 0, 1, 0, 1, 3, 3, 0, 3, 1, 1, 3]|[2, 1, 1, 2, 1, 1, 1, 0, 1, 1, 1, 0, 1, 1, 0, 1, 2, 1, 1, 2];[2, 13, 11, 10, 14, 15, 16, 12, 18, 3, 4, 9, 19, 6, 7, 0, 8, 1, 17, 5]|[0, 0, 0, 0, 2, 0, 1, 2, 0, 2, 1, 0, 2, 1, 0, 0, 0, 0, 2, 1]|[3, 3, 3, 1, 1, 3, 1, 0, 3, 1, 1, 3, 1, 1, 3, 2, 3, 0, 1, 1]|[0, 2, 0, 1, 0, 2, 1, 0, 1, 1, 0, 2, 1, 1, 0, 0, 2, 1, 0, 1];[19, 9, 12, 2, 10, 14, 15, 1, 16, 7, 3, 4, 18, 8, 0, 11, 17, 13, 5, 6]|[0, 0, 0, 0, 2, 2, 0, 0, 1, 0, 2, 1, 0, 0, 0, 2, 1, 0, 2, 1]|[3, 3, 3, 3, 0, 1, 3, 0, 1, 3, 1, 1, 3, 2, 3, 1, 1, 3, 1, 1]|[0, 2, 1, 0, 1, 0, 2, 1, 1, 0, 1, 0, 2, 0, 1, 1, 1, 2, 0, 1];[1, 2, 13, 17, 10, 14, 9, 12, 16, 15, 3, 4, 7, 6, 11, 18, 0, 8, 19, 5]|[0, 0, 0, 0, 2, 2, 0, 0, 1, 0, 2, 1, 0, 1, 2, 0, 0, 0, 2, 1]|[3, 3, 3, 3, 1, 1, 3, 3, 1, 3, 1, 1, 3, 1, 1, 3, 2, 3, 1, 1]|[1, 0, 2, 0, 1, 0, 2, 1, 1, 2, 1, 0, 0, 1, 1, 1, 0, 2, 0, 1];[1, 2, 13, 14, 19, 4, 16, 5, 3, 10, 11, 6, 18, 17, 7, 12, 0, 15, 9, 8]|[0, 1, 1, 0, 2, 1, 2, 2, 1, 0, 0, 2, 0, 0, 0, 1, 1, 2, 1, 0]|[3, 1, 1, 3, 0, 1, 0, 0, 0, 0, 3, 0, 3, 1, 3, 1, 1, 0, 1, 3]|[0, 1, 1, 2, 1, 0, 0, 1, 1, 1, 0, 1, 2, 1, 1, 1, 1, 0, 1, 0];[9, 19, 5, 16, 4, 2, 14, 13, 3, 10, 11, 6, 17, 7, 8, 12, 0, 15, 18, 1]|[0, 1, 2, 2, 1, 2, 0, 2, 1, 0, 0, 2, 0, 1, 1, 1, 2, 1, 0, 0]|[3, 1, 0, 0, 1, 1, 3, 0, 0, 2, 3, 0, 3, 1, 1, 0, 0, 1, 3, 3]|[2, 1, 1, 0, 0, 1, 2, 0, 1, 0, 0, 1, 2, 1, 1, 0, 1, 1, 0, 2];[19, 2, 12, 13, 10, 14, 9, 18, 16, 15, 6, 4, 7, 3, 11, 1, 0, 8, 17, 5]|[0, 0, 0, 0, 2, 2, 0, 0, 1, 0, 2, 1, 0, 1, 2, 0, 0, 0, 2, 1]|[3, 0, 3, 3, 1, 1, 3, 3, 1, 3, 1, 1, 3, 1, 1, 3, 2, 3, 1, 1]|[0, 1, 2, 0, 1, 0, 2, 1, 1, 2, 1, 0, 0, 1, 1, 1, 0, 2, 0, 0];[19, 2, 12, 13, 10, 14, 9, 18, 16, 15, 6, 4, 7, 3, 11, 1, 0, 8, 17, 5]|[0, 0, 0, 0, 2, 2, 0, 0, 1, 0, 2, 1, 0, 1, 2, 0, 0, 0, 2, 1]|[3, 0, 3, 3, 1, 1, 3, 3, 1, 3, 1, 1, 3, 1, 1, 3, 2, 3, 1, 1]|[0, 1, 2, 0, 1, 0, 2, 1, 1, 2, 1, 0, 0, 1, 1, 1, 0, 2, 0, 0];[2, 19, 8, 12, 10, 14, 1, 16, 15, 3, 4, 7, 6, 11, 0, 13, 18, 9, 17, 5]|[0, 0, 0, 0, 2, 2, 0, 1, 0, 2, 1, 0, 1, 2, 0, 0, 0, 0, 2, 1]|[0, 3, 3, 3, 1, 1, 3, 1, 3, 1, 1, 3, 1, 1, 3, 2, 3, 3, 0, 1]|[1, 0, 2, 0, 1, 0, 1, 1, 2, 1, 0, 0, 1, 1, 1, 0, 2, 0, 0, 0];[2, 19, 8, 12, 10, 14, 1, 16, 15, 3, 4, 7, 6, 11, 0, 13, 18, 9, 17, 5]|[0, 0, 0, 0, 2, 2, 0, 1, 0, 2, 1, 0, 1, 2, 0, 0, 0, 0, 2, 1]|[0, 3, 3, 3, 1, 1, 3, 1, 3, 1, 1, 3, 1, 1, 3, 2, 3, 3, 0, 1]|[1, 0, 2, 0, 1, 0, 1, 1, 2, 1, 0, 0, 1, 1, 1, 0, 2, 0, 0, 0];[2, 19, 8, 12, 10, 14, 1, 16, 15, 3, 4, 7, 6, 11, 0, 13, 18, 9, 17, 5]|[0, 0, 0, 0, 2, 2, 0, 1, 0, 2, 1, 0, 1, 2, 0, 0, 0, 0, 2, 1]|[0, 3, 3, 3, 1, 1, 3, 1, 3, 1, 1, 3, 1, 1, 3, 2, 3, 3, 0, 1]|[1, 0, 2, 0, 1, 0, 1, 1, 2, 1, 0, 0, 1, 1, 1, 0, 2, 0, 0, 0];[2, 19, 8, 12, 10, 14, 1, 16, 15, 3, 4, 7, 6, 11, 0, 13, 18, 9, 17, 5]|[0, 0, 0, 0, 2, 2, 0, 1, 0, 2, 1, 0, 1, 2, 0, 0, 0, 0, 2, 1]|[0, 3, 3, 3, 1, 1, 3, 1, 3, 1, 1, 3, 1, 1, 3, 2, 3, 3, 0, 1]|[1, 0, 2, 0, 1, 0, 1, 1, 2, 1, 0, 0, 1, 1, 1, 0, 2, 0, 0, 0];[2, 12, 10, 15, 19, 18, 9, 1, 16, 13, 3, 5, 11, 6, 0, 7, 17, 14, 4, 8]|[0, 0, 0, 0, 2, 2, 0, 0, 1, 0, 2, 1, 0, 1, 2, 0, 0, 0, 2, 1]|[3, 0, 3, 3, 1, 1, 3, 3, 1, 3, 1, 1, 3, 1, 1, 3, 3, 3, 1, 1]|[0, 1, 2, 0, 1, 0, 2, 1, 1, 2, 1, 0, 0, 1, 1, 1, 0, 2, 0, 0];[1, 19, 14, 2, 4, 16, 5, 10, 11, 0, 8, 13, 18, 17, 7, 9, 3, 12, 6, 15]|[0, 1, 0, 2, 1, 2, 2, 0, 0, 2, 0, 1, 0, 1, 1, 1, 1, 2, 1, 0]|[3, 1, 3, 0, 1, 0, 0, 0, 3, 0, 3, 1, 3, 1, 1, 1, 1, 0, 1, 3]|[0, 1, 2, 1, 1, 0, 0, 0, 0, 1, 2, 1, 1, 1, 1, 1, 1, 0, 1, 0];[1, 19, 14, 2, 4, 16, 5, 10, 11, 0, 8, 13, 18, 17, 7, 9, 3, 12, 6, 15]|[0, 1, 0, 2, 1, 2, 2, 0, 0, 2, 0, 1, 0, 1, 1, 1, 1, 2, 1, 0]|[3, 1, 3, 0, 1, 0, 0, 0, 3, 0, 3, 1, 3, 1, 1, 1, 1, 0, 1, 3]|[0, 1, 2, 1, 1, 0, 0, 0, 0, 1, 2, 1, 1, 1, 1, 1, 1, 0, 1, 0];[19, 14, 2, 4, 16, 5, 12, 1, 18, 10, 6, 11, 7, 17, 15, 9, 3, 13, 0, 8]|[1, 0, 2, 2, 2, 2, 2, 0, 0, 0, 2, 0, 0, 1, 1, 1, 1, 1, 1, 0]|[1, 0, 0, 1, 0, 0, 0, 3, 3, 3, 0, 3, 3, 1, 1, 1, 1, 1, 1, 3]|[1, 1, 1, 1, 0, 1, 0, 0, 0, 2, 1, 0, 0, 1, 1, 1, 1, 1, 1, 2];[1, 2, 13, 14, 19, 4, 16, 5, 3, 10, 11, 17, 8, 12, 7, 6, 15, 0, 9, 18]|[0, 1, 1, 0, 2, 1, 2, 2, 1, 0, 0, 2, 0, 1, 0, 1, 1, 2, 1, 0]|[3, 1, 0, 3, 1, 1, 0, 0, 0, 0, 3, 0, 3, 1, 0, 1, 1, 0, 1, 3]|[0, 1, 1, 2, 1, 0, 1, 1, 1, 1, 0, 1, 2, 1, 1, 1, 1, 1, 1, 0];[2, 12, 15, 9, 10, 14, 19, 0, 16, 13, 3, 4, 7, 6, 11, 1, 18, 8, 17, 5]|[0, 0, 0, 0, 2, 2, 0, 0, 1, 0, 2, 1, 0, 1, 2, 0, 0, 0, 2, 1]|[0, 1, 3, 3, 1, 1, 3, 3, 1, 3, 1, 1, 3, 1, 1, 3, 2, 3, 1, 1]|[1, 0, 2, 2, 1, 0, 0, 1, 1, 2, 1, 0, 0, 1, 1, 1, 0, 2, 0, 0];[2, 12, 15, 9, 10, 14, 19, 0, 16, 13, 3, 4, 7, 6, 11, 1, 18, 8, 17, 5]|[0, 0, 0, 0, 2, 2, 0, 0, 1, 0, 2, 1, 0, 1, 2, 0, 0, 0, 2, 1]|[0, 1, 3, 3, 1, 1, 3, 3, 1, 3, 1, 1, 3, 1, 1, 3, 2, 3, 1, 1]|[1, 0, 2, 2, 1, 0, 0, 1, 1, 2, 1, 0, 0, 1, 1, 1, 0, 2, 0, 0];[2, 12, 15, 9, 10, 14, 19, 0, 16, 13, 3, 4, 7, 6, 11, 1, 18, 8, 17, 5]|[0, 0, 0, 0, 2, 2, 0, 0, 1, 0, 2, 1, 0, 1, 2, 0, 0, 0, 2, 1]|[0, 1, 3, 3, 1, 1, 3, 3, 1, 3, 1, 1, 3, 1, 1, 3, 2, 3, 1, 1]|[1, 0, 2, 2, 1, 0, 0, 1, 1, 2, 1, 0, 0, 1, 1, 1, 0, 2, 0, 0];[2, 12, 15, 9, 10, 14, 19, 0, 16, 13, 3, 4, 7, 6, 11, 1, 18, 8, 17, 5]|[0, 0, 0, 0, 2, 2, 0, 0, 1, 0, 2, 1, 0, 1, 2, 0, 0, 0, 2, 1]|[0, 1, 3, 3, 1, 1, 3, 3, 1, 3, 1, 1, 3, 1, 1, 3, 2, 3, 1, 1]|[1, 0, 2, 2, 1, 0, 0, 1, 1, 2, 1, 0, 0, 1, 1, 1, 0, 2, 0, 0];[19, 15, 11, 2, 10, 14, 9, 1, 16, 13, 18, 4, 7, 12, 6, 0, 17, 8, 5, 3]|[0, 0, 0, 0, 2, 2, 0, 0, 1, 0, 2, 1, 0, 1, 2, 0, 0, 0, 2, 1]|[3, 3, 3, 0, 1, 1, 3, 3, 1, 3, 1, 1, 3, 1, 1, 3, 2, 3, 1, 1]|[0, 2, 0, 1, 1, 0, 2, 1, 1, 2, 1, 0, 0, 1, 1, 1, 0, 2, 0, 1];[19, 15, 11, 2, 10, 14, 9, 1, 16, 13, 18, 4, 7, 12, 6, 0, 17, 8, 5, 3]|[0, 0, 0, 0, 2, 2, 0, 0, 1, 0, 2, 1, 0, 1, 2, 0, 0, 0, 2, 1]|[3, 3, 3, 0, 1, 1, 3, 3, 1, 3, 1, 1, 3, 1, 1, 3, 2, 3, 1, 1]|[0, 2, 0, 1, 1, 0, 2, 1, 1, 2, 1, 0, 0, 1, 1, 1, 0, 2, 0, 1];[2, 12, 15, 19, 10, 14, 9, 1, 16, 13, 3, 4, 7, 6, 11, 0, 17, 8, 5, 18]|[0, 0, 0, 0, 2, 2, 0, 0, 1, 0, 2, 1, 0, 1, 2, 0, 0, 0, 2, 1]|[0, 3, 3, 3, 1, 1, 3, 3, 1, 3, 1, 1, 3, 1, 1, 3, 2, 3, 1, 1]|[1, 0, 2, 0, 1, 0, 2, 1, 1, 2, 1, 0, 0, 1, 1, 1, 0, 2, 0, 0];[2, 12, 15, 19, 10, 14, 9, 1, 16, 13, 3, 4, 7, 6, 11, 0, 17, 8, 5, 18]|[0, 0, 0, 0, 2, 2, 0, 0, 1, 0, 2, 1, 0, 1, 2, 0, 0, 0, 2, 1]|[0, 3, 3, 3, 1, 1, 3, 3, 1, 3, 1, 1, 3, 1, 1, 3, 2, 3, 1, 1]|[1, 0, 2, 0, 1, 0, 2, 1, 1, 2, 1, 0, 0, 1, 1, 1, 0, 2, 0, 0];[2, 12, 15, 19, 10, 14, 9, 1, 16, 13, 3, 4, 7, 6, 11, 0, 17, 8, 5, 18]|[0, 0, 0, 0, 2, 2, 0, 0, 1, 0, 2, 1, 0, 1, 2, 0, 0, 0, 2, 1]|[0, 3, 3, 3, 1, 1, 3, 3, 1, 3, 1, 1, 3, 1, 1, 3, 2, 3, 1, 1]|[1, 0, 2, 0, 1, 0, 2, 1, 1, 2, 1, 0, 0, 1, 1, 1, 0, 2, 0, 0];[2, 12, 15, 19, 10, 14, 9, 1, 16, 13, 3, 4, 7, 6, 11, 0, 17, 8, 5, 18]|[0, 0, 0, 0, 2, 2, 0, 0, 1, 0, 2, 1, 0, 1, 2, 0, 0, 0, 2, 1]|[0, 3, 3, 3, 1, 1, 3, 3, 1, 3, 1, 1, 3, 1, 1, 3, 2, 3, 1, 1]|[1, 0, 2, 0, 1, 0, 2, 1, 1, 2, 1, 0, 0, 1, 1, 1, 0, 2, 0, 0];[1, 5, 14, 16, 19, 9, 10, 11, 6, 8, 15, 3, 2, 12, 18, 13, 17, 7, 4, 0]|[0, 2, 0, 2, 2, 1, 0, 0, 2, 0, 2, 1, 1, 1, 1, 1, 1, 0, 1, 0]|[3, 0, 3, 0, 0, 1, 2, 3, 0, 3, 0, 1, 1, 1, 1, 1, 1, 3, 1, 3]|[2, 1, 2, 0, 1, 1, 0, 0, 1, 2, 0, 1, 1, 1, 1, 1, 1, 0, 1, 0];[1, 5, 14, 16, 19, 9, 10, 11, 6, 8, 15, 3, 2, 12, 18, 13, 17, 7, 4, 0]|[0, 2, 0, 2, 2, 1, 0, 0, 2, 0, 2, 1, 1, 1, 1, 1, 1, 0, 1, 0]|[3, 0, 3, 0, 0, 1, 2, 3, 0, 3, 0, 1, 1, 1, 1, 1, 1, 3, 1, 3]|[2, 1, 2, 0, 1, 1, 0, 0, 1, 2, 0, 1, 1, 1, 1, 1, 1, 0, 1, 0];[19, 6, 5, 4, 16, 14, 12, 17, 2, 10, 18, 15, 7, 0, 11, 9, 13, 8, 3, 1]|[2, 1, 2, 1, 2, 2, 1, 2, 0, 1, 0, 0, 0, 0, 0, 1, 1, 1, 0, 0]|[0, 1, 0, 1, 0, 0, 0, 0, 3, 1, 3, 3, 3, 3, 3, 1, 1, 1, 3, 3]|[1, 1, 1, 0, 0, 1, 1, 1, 0, 1, 2, 0, 1, 0, 2, 1, 1, 1, 0, 0];[19, 6, 5, 4, 16, 14, 12, 17, 2, 10, 18, 15, 7, 0, 11, 9, 13, 8, 3, 1]|[2, 1, 2, 1, 2, 2, 1, 2, 0, 1, 0, 0, 0, 0, 0, 1, 1, 1, 0, 0]|[0, 1, 0, 1, 0, 0, 0, 0, 3, 1, 3, 3, 3, 3, 3, 1, 1, 1, 3, 3]|[1, 1, 1, 0, 0, 1, 1, 1, 0, 1, 2, 0, 1, 0, 2, 1, 1, 1, 0, 0];[2, 12, 15, 19, 10, 14, 9, 1, 16, 3, 13, 4, 7, 6, 11, 0, 8, 18, 17, 5]|[0, 0, 0, 0, 2, 2, 0, 0, 1, 0, 2, 1, 0, 1, 2, 0, 0, 0, 2, 1]|[3, 3, 3, 3, 1, 1, 3, 3, 1, 3, 1, 1, 3, 1, 1, 3, 2, 3, 1, 1]|[1, 0, 2, 0, 1, 0, 2, 1, 1, 2, 1, 0, 0, 1, 1, 1, 0, 2, 0, 1];[2, 12, 15, 19, 10, 14, 9, 1, 16, 13, 6, 0, 7, 3, 11, 18, 17, 8, 4, 5]|[0, 0, 0, 0, 2, 2, 0, 0, 1, 0, 2, 1, 0, 1, 2, 0, 0, 0, 2, 1]|[3, 3, 3, 3, 1, 1, 3, 3, 1, 3, 1, 1, 3, 1, 1, 3, 2, 3, 1, 1]|[1, 0, 2, 0, 1, 0, 2, 1, 1, 2, 1, 0, 0, 1, 1, 1, 0, 2, 0, 1];[1, 2, 14, 16, 5, 7, 11, 6, 8, 18, 4, 19, 15, 12, 9, 17, 0, 3, 13, 10]|[0, 2, 0, 2, 2, 0, 0, 2, 0, 0, 1, 1, 2, 1, 1, 1, 1, 1, 1, 0]|[0, 0, 3, 0, 0, 3, 3, 0, 3, 3, 1, 1, 0, 1, 1, 1, 1, 1, 1, 3]|[0, 1, 2, 0, 1, 0, 0, 1, 2, 0, 1, 1, 0, 1, 1, 1, 1, 1, 1, 0];[1, 2, 14, 16, 5, 7, 11, 6, 8, 18, 4, 19, 15, 12, 9, 17, 0, 3, 13, 10]|[0, 2, 0, 2, 2, 0, 0, 2, 0, 0, 1, 1, 2, 1, 1, 1, 1, 1, 1, 0]|[0, 0, 3, 0, 0, 3, 3, 0, 3, 3, 1, 1, 0, 1, 1, 1, 1, 1, 1, 3]|[0, 1, 2, 0, 1, 0, 0, 1, 2, 0, 1, 1, 0, 1, 1, 1, 1, 1, 1, 0];[1, 2, 13, 14, 19, 4, 16, 5, 3, 10, 11, 6, 8, 12, 7, 9, 18, 17, 15, 0]|[0, 1, 1, 0, 2, 1, 2, 2, 1, 0, 0, 2, 0, 1, 0, 1, 1, 2, 1, 0]|[3, 1, 0, 3, 0, 1, 0, 0, 0, 0, 0, 0, 1, 1, 3, 1, 1, 0, 1, 3]|[0, 1, 1, 2, 1, 0, 0, 1, 1, 1, 0, 1, 2, 1, 1, 1, 1, 1, 1, 0];[2, 19, 15, 12, 10, 14, 9, 18, 16, 13, 3, 4, 8, 6, 1, 11, 0, 7, 5, 17]|[0, 0, 0, 0, 2, 2, 2, 0, 1, 0, 2, 1, 0, 1, 0, 0, 0, 0, 2, 1]|[0, 3, 3, 3, 1, 1, 1, 3, 1, 3, 1, 1, 2, 1, 3, 3, 3, 3, 1, 1]|[1, 0, 2, 0, 1, 0, 0, 1, 1, 2, 1, 0, 0, 1, 1, 0, 2, 1, 0, 0];[2, 19, 15, 12, 10, 14, 9, 18, 16, 13, 3, 4, 8, 6, 1, 11, 0, 7, 5, 17]|[0, 0, 0, 0, 2, 2, 2, 0, 1, 0, 2, 1, 0, 1, 0, 0, 0, 0, 2, 1]|[0, 3, 3, 3, 1, 1, 1, 3, 1, 3, 1, 1, 2, 1, 3, 3, 3, 3, 1, 1]|[1, 0, 2, 0, 1, 0, 0, 1, 1, 2, 1, 0, 0, 1, 1, 0, 2, 1, 0, 0];[2, 19, 15, 12, 10, 14, 9, 18, 16, 13, 3, 4, 8, 6, 1, 11, 0, 7, 5, 17]|[0, 0, 0, 0, 2, 2, 2, 0, 1, 0, 2, 1, 0, 1, 0, 0, 0, 0, 2, 1]|[0, 3, 3, 3, 1, 1, 1, 3, 1, 3, 1, 1, 2, 1, 3, 3, 3, 3, 1, 1]|[1, 0, 2, 0, 1, 0, 0, 1, 1, 2, 1, 0, 0, 1, 1, 0, 2, 1, 0, 0];[19, 14, 2, 4, 16, 5, 3, 12, 10, 6, 0, 18, 9, 8, 15, 11, 7, 17, 13, 1]|[1, 0, 2, 1, 2, 2, 1, 1, 1, 0, 0, 0, 1, 1, 2, 2, 0, 0, 0, 0]|[0, 3, 0, 1, 0, 0, 1, 1, 1, 3, 3, 3, 1, 1, 1, 1, 3, 3, 3, 3]|[1, 0, 1, 0, 0, 1, 1, 1, 1, 0, 2, 0, 1, 1, 1, 0, 0, 0, 2, 0];[5, 4, 3, 15, 17, 12, 9, 18, 8, 6, 10, 11, 7, 1, 16, 14, 13, 19, 2, 0]|[0, 1, 1, 2, 1, 1, 0, 1, 0, 2, 0, 0, 1, 2, 2, 1, 0, 2, 1, 0]|[3, 1, 1, 0, 1, 1, 3, 1, 3, 0, 3, 3, 1, 0, 0, 1, 3, 0, 1, 3]|[0, 1, 1, 0, 1, 1, 1, 1, 2, 1, 0, 0, 1, 1, 0, 1, 2, 1, 1, 0];[5, 4, 3, 15, 17, 12, 9, 18, 8, 6, 10, 11, 7, 1, 16, 14, 13, 19, 2, 0]|[0, 1, 1, 2, 1, 1, 0, 1, 0, 2, 0, 0, 1, 2, 2, 1, 0, 2, 1, 0]|[3, 1, 1, 0, 1, 1, 3, 1, 3, 0, 3, 3, 1, 0, 0, 1, 3, 0, 1, 3]|[0, 1, 1, 0, 1, 1, 1, 1, 2, 1, 0, 0, 1, 1, 0, 1, 2, 1, 1, 0];[5, 4, 14, 10, 11, 19, 16, 6, 3, 15, 0, 1, 8, 13, 18, 7, 12, 2, 9, 17]|[0, 1, 1, 0, 2, 1, 2, 2, 1, 0, 0, 2, 0, 1, 0, 1, 1, 2, 1, 0]|[3, 1, 0, 3, 0, 1, 0, 0, 0, 2, 3, 0, 3, 1, 3, 1, 1, 0, 1, 3]|[0, 1, 1, 2, 1, 0, 0, 1, 1, 1, 0, 0, 2, 1, 1, 1, 1, 0, 1, 0];[1, 4, 19, 2, 14, 13, 16, 5, 3, 17, 11, 6, 8, 9, 7, 18, 12, 15, 10, 0]|[0, 1, 1, 2, 0, 1, 2, 2, 1, 0, 0, 2, 0, 1, 0, 1, 1, 2, 1, 0]|[3, 1, 1, 0, 3, 1, 0, 0, 1, 3, 3, 0, 3, 1, 3, 1, 1, 0, 1, 3]|[2, 1, 1, 1, 2, 1, 0, 1, 1, 0, 0, 1, 2, 1, 1, 1, 1, 0, 1, 0];[1, 4, 19, 2, 14, 13, 16, 5, 3, 17, 11, 6, 8, 9, 7, 18, 12, 15, 10, 0]|[0, 1, 1, 2, 0, 1, 2, 2, 1, 0, 0, 2, 0, 1, 0, 1, 1, 2, 1, 0]|[3, 1, 1, 0, 3, 1, 0, 0, 1, 3, 3, 0, 3, 1, 3, 1, 1, 0, 1, 3]|[2, 1, 1, 1, 2, 1, 0, 1, 1, 0, 0, 1, 2, 1, 1, 1, 1, 0, 1, 0];[5, 4, 14, 10, 2, 13, 16, 19, 17, 7, 18, 0, 8, 12, 1, 11, 3, 15, 6, 9]|[0, 1, 1, 0, 2, 1, 2, 2, 1, 0, 0, 2, 0, 0, 1, 1, 1, 2, 1, 0]|[3, 1, 1, 3, 0, 1, 0, 0, 1, 3, 3, 0, 3, 3, 1, 1, 1, 0, 1, 3]|[0, 1, 1, 2, 1, 1, 0, 1, 1, 0, 0, 1, 2, 1, 1, 1, 1, 1, 1, 0];[5, 4, 14, 10, 2, 13, 16, 19, 17, 7, 18, 0, 8, 12, 1, 11, 3, 15, 6, 9]|[0, 1, 1, 0, 2, 1, 2, 2, 1, 0, 0, 2, 0, 0, 1, 1, 1, 2, 1, 0]|[3, 1, 1, 3, 0, 1, 0, 0, 1, 3, 3, 0, 3, 3, 1, 1, 1, 0, 1, 3]|[0, 1, 1, 2, 1, 1, 0, 1, 1, 0, 0, 1, 2, 1, 1, 1, 1, 1, 1, 0];[1, 2, 13, 18, 6, 11, 10, 3, 5, 16, 4, 19, 14, 17, 7, 12, 0, 15, 9, 8]|[0, 1, 1, 0, 2, 0, 0, 1, 2, 2, 1, 2, 0, 0, 0, 1, 1, 2, 1, 0]|[3, 1, 1, 2, 0, 3, 0, 0, 0, 0, 1, 1, 3, 1, 3, 1, 1, 0, 1, 3]|[0, 1, 1, 2, 1, 0, 1, 1, 1, 0, 0, 1, 2, 1, 1, 1, 1, 0, 1, 0];[1, 2, 14, 10, 19, 6, 5, 3, 4, 13, 11, 8, 9, 7, 17, 12, 16, 18, 15, 0]|[0, 1, 0, 2, 1, 2, 2, 1, 0, 0, 0, 0, 1, 1, 2, 1, 2, 2, 1, 0]|[1, 0, 2, 1, 1, 0, 0, 1, 0, 3, 0, 3, 1, 1, 0, 1, 0, 0, 1, 3]|[0, 0, 2, 1, 1, 0, 1, 1, 0, 1, 0, 2, 1, 1, 1, 1, 1, 1, 1, 0];[11, 19, 14, 2, 4, 16, 5, 3, 9, 10, 18, 7, 1, 15, 0, 12, 17, 6, 13, 8]|[0, 1, 0, 2, 1, 2, 2, 1, 1, 0, 0, 2, 0, 2, 0, 1, 1, 2, 1, 0]|[0, 0, 1, 1, 1, 0, 1, 0, 1, 3, 3, 0, 3, 0, 3, 1, 1, 0, 0, 3]|[2, 1, 1, 1, 0, 0, 1, 1, 1, 0, 0, 1, 0, 0, 2, 1, 1, 1, 1, 0];[11, 19, 14, 2, 4, 16, 5, 3, 9, 10, 18, 7, 1, 15, 0, 12, 17, 6, 13, 8]|[0, 1, 0, 2, 1, 2, 2, 1, 1, 0, 0, 2, 0, 2, 0, 1, 1, 2, 1, 0]|[0, 0, 1, 1, 1, 0, 1, 0, 1, 3, 3, 0, 3, 0, 3, 1, 1, 0, 0, 3]|[2, 1, 1, 1, 0, 0, 1, 1, 1, 0, 0, 1, 0, 0, 2, 1, 1, 1, 1, 0];[11, 19, 14, 2, 4, 16, 5, 3, 9, 10, 18, 7, 1, 15, 0, 12, 17, 6, 13, 8]|[0, 1, 0, 2, 1, 2, 2, 1, 1, 0, 0, 2, 0, 2, 0, 1, 1, 2, 1, 0]|[0, 0, 1, 1, 1, 0, 1, 0, 1, 3, 3, 0, 3, 0, 3, 1, 1, 0, 0, 3]|[2, 1, 1, 1, 0, 0, 1, 1, 1, 0, 0, 1, 0, 0, 2, 1, 1, 1, 1, 0];[11, 19, 14, 2, 4, 16, 5, 3, 9, 10, 18, 7, 1, 15, 0, 12, 17, 6, 13, 8]|[0, 1, 0, 2, 1, 2, 2, 1, 1, 0, 0, 2, 0, 2, 0, 1, 1, 2, 1, 0]|[0, 0, 1, 1, 1, 0, 1, 0, 1, 3, 3, 0, 3, 0, 3, 1, 1, 0, 0, 3]|[2, 1, 1, 1, 0, 0, 1, 1, 1, 0, 0, 1, 0, 0, 2, 1, 1, 1, 1, 0];[1, 2, 13, 14, 19, 4, 16, 5, 3, 10, 11, 6, 18, 7, 9, 12, 17, 0, 15, 8]|[0, 0, 1, 0, 2, 1, 2, 2, 1, 0, 0, 2, 0, 1, 0, 1, 1, 2, 1, 0]|[3, 0, 0, 3, 1, 1, 0, 0, 0, 2, 3, 0, 3, 1, 0, 1, 1, 0, 0, 3]|[2, 1, 1, 2, 1, 0, 0, 1, 1, 0, 0, 1, 2, 1, 1, 1, 1, 1, 1, 2];[19, 14, 5, 4, 16, 2, 3, 9, 17, 6, 15, 11, 7, 8, 12, 10, 13, 18, 0, 1]|[1, 0, 2, 1, 2, 2, 1, 0, 0, 1, 1, 0, 0, 1, 2, 2, 2, 1, 0, 0]|[0, 0, 1, 1, 0, 1, 0, 3, 3, 0, 1, 0, 3, 1, 0, 0, 0, 1, 3, 3]|[1, 2, 1, 0, 0, 1, 1, 0, 0, 0, 1, 1, 0, 1, 1, 1, 0, 1, 2, 0];[19, 14, 5, 4, 16, 2, 3, 9, 17, 6, 15, 11, 7, 8, 12, 10, 13, 18, 0, 1]|[1, 0, 2, 1, 2, 2, 1, 0, 0, 1, 1, 0, 0, 1, 2, 2, 2, 1, 0, 0]|[0, 0, 1, 1, 0, 1, 0, 3, 3, 0, 1, 0, 3, 1, 0, 0, 0, 1, 3, 3]|[1, 2, 1, 0, 0, 1, 1, 0, 0, 0, 1, 1, 0, 1, 1, 1, 0, 1, 2, 0];[19, 14, 5, 4, 16, 2, 3, 9, 17, 6, 15, 11, 7, 8, 12, 10, 13, 18, 0, 1]|[1, 0, 2, 1, 2, 2, 1, 0, 0, 1, 1, 0, 0, 1, 2, 2, 2, 1, 0, 0]|[0, 0, 1, 1, 0, 1, 0, 3, 3, 0, 1, 0, 3, 1, 0, 0, 0, 1, 3, 3]|[1, 2, 1, 0, 0, 1, 1, 0, 0, 0, 1, 1, 0, 1, 1, 1, 0, 1, 2, 0];[19, 14, 5, 4, 16, 2, 3, 9, 17, 6, 15, 11, 7, 8, 12, 10, 13, 18, 0, 1]|[1, 0, 2, 1, 2, 2, 1, 0, 0, 1, 1, 0, 0, 1, 2, 2, 2, 1, 0, 0]|[0, 0, 1, 1, 0, 1, 0, 3, 3, 0, 1, 0, 3, 1, 0, 0, 0, 1, 3, 3]|[1, 2, 1, 0, 0, 1, 1, 0, 0, 0, 1, 1, 0, 1, 1, 1, 0, 1, 2, 0];[12, 5, 4, 15, 11, 19, 1, 16, 3, 9, 0, 10, 2, 14, 6, 17, 13, 18, 7, 8]|[0, 2, 0, 2, 0, 1, 0, 2, 1, 2, 2, 1, 2, 0, 1, 1, 1, 2, 1, 0]|[3, 0, 3, 1, 0, 1, 2, 1, 1, 0, 0, 1, 1, 3, 0, 1, 1, 0, 1, 3]|[0, 0, 2, 1, 1, 1, 0, 0, 1, 1, 1, 1, 1, 2, 0, 1, 1, 0, 1, 0];[12, 5, 4, 15, 11, 19, 1, 16, 3, 9, 0, 10, 2, 14, 6, 17, 13, 18, 7, 8]|[0, 2, 0, 2, 0, 1, 0, 2, 1, 2, 2, 1, 2, 0, 1, 1, 1, 2, 1, 0]|[3, 0, 3, 1, 0, 1, 2, 1, 1, 0, 0, 1, 1, 3, 0, 1, 1, 0, 1, 3]|[0, 0, 2, 1, 1, 1, 0, 0, 1, 1, 1, 1, 1, 2, 0, 1, 1, 0, 1, 0];[12, 5, 4, 15, 11, 19, 1, 16, 3, 9, 0, 10, 2, 14, 6, 17, 13, 18, 7, 8]|[0, 2, 0, 2, 0, 1, 0, 2, 1, 2, 2, 1, 2, 0, 1, 1, 1, 2, 1, 0]|[3, 0, 3, 1, 0, 1, 2, 1, 1, 0, 0, 1, 1, 3, 0, 1, 1, 0, 1, 3]|[0, 0, 2, 1, 1, 1, 0, 0, 1, 1, 1, 1, 1, 2, 0, 1, 1, 0, 1, 0];[12, 5, 4, 15, 11, 19, 1, 16, 3, 9, 0, 10, 2, 14, 6, 17, 13, 18, 7, 8]|[0, 2, 0, 2, 0, 1, 0, 2, 1, 2, 2, 1, 2, 0, 1, 1, 1, 2, 1, 0]|[3, 0, 3, 1, 0, 1, 2, 1, 1, 0, 0, 1, 1, 3, 0, 1, 1, 0, 1, 3]|[0, 0, 2, 1, 1, 1, 0, 0, 1, 1, 1, 1, 1, 2, 0, 1, 1, 0, 1, 0];[1, 13, 5, 2, 16, 12, 11, 4, 9, 0, 7, 6, 10, 14, 8, 3, 19, 18, 15, 17]|[0, 1, 2, 2, 2, 1, 0, 0, 0, 0, 1, 2, 2, 0, 1, 1, 1, 1, 2, 2]|[0, 0, 0, 0, 1, 1, 0, 3, 3, 3, 1, 0, 0, 3, 1, 1, 1, 1, 1, 1]|[2, 0, 1, 1, 0, 1, 1, 0, 2, 1, 1, 1, 1, 0, 1, 1, 1, 1, 0, 0];[19, 4, 2, 13, 16, 5, 11, 18, 7, 17, 15, 12, 10, 1, 3, 8, 9, 6, 14, 0]|[1, 1, 2, 1, 2, 2, 0, 1, 2, 1, 1, 1, 0, 0, 0, 0, 0, 2, 0, 0]|[1, 1, 0, 1, 0, 0, 3, 1, 0, 1, 1, 1, 3, 3, 3, 3, 3, 0, 3, 3]|[1, 1, 1, 1, 0, 1, 0, 1, 0, 1, 1, 1, 0, 0, 0, 2, 0, 1, 0, 2];[19, 4, 2, 13, 16, 5, 11, 18, 7, 17, 15, 12, 10, 1, 3, 8, 9, 6, 14, 0]|[1, 1, 2, 1, 2, 2, 0, 1, 2, 1, 1, 1, 0, 0, 0, 0, 0, 2, 0, 0]|[1, 1, 0, 1, 0, 0, 3, 1, 0, 1, 1, 1, 3, 3, 3, 3, 3, 0, 3, 3]|[1, 1, 1, 1, 0, 1, 0, 1, 0, 1, 1, 1, 0, 0, 0, 2, 0, 1, 0, 2];[12, 5, 11, 3, 4, 15, 2, 10, 18, 9, 14, 19, 0, 7, 13, 6, 1, 16, 17, 8]|[2, 1, 1, 2, 1, 0, 2, 0, 0, 0, 0, 2, 0, 0, 0, 0, 0, 2, 2, 1]|[1, 1, 1, 0, 1, 3, 1, 3, 3, 3, 3, 0, 3, 3, 3, 3, 3, 0, 0, 0]|[1, 1, 0, 1, 1, 0, 0, 2, 0, 0, 2, 1, 0, 0, 2, 0, 0, 1, 1, 1];[1, 9, 4, 5, 14, 13, 2, 15, 17, 10, 8, 6, 16, 12, 19, 11, 0, 7, 3, 18]|[0, 1, 1, 2, 0, 1, 1, 0, 0, 1, 0, 2, 2, 2, 2, 1, 0, 2, 1, 0]|[1, 0, 1, 1, 2, 0, 1, 0, 3, 0, 3, 0, 0, 0, 0, 1, 3, 0, 0, 3]|[2, 1, 0, 0, 0, 1, 1, 0, 1, 1, 2, 1, 1, 0, 1, 0, 0, 1, 1, 0];[1, 9, 4, 5, 14, 13, 2, 15, 17, 10, 8, 6, 16, 12, 19, 11, 0, 7, 3, 18]|[0, 1, 1, 2, 0, 1, 1, 0, 0, 1, 0, 2, 2, 2, 2, 1, 0, 2, 1, 0]|[1, 0, 1, 1, 2, 0, 1, 0, 3, 0, 3, 0, 0, 0, 0, 1, 3, 0, 0, 3]|[2, 1, 0, 0, 0, 1, 1, 0, 1, 1, 2, 1, 1, 0, 1, 0, 0, 1, 1, 0];[5, 16, 9, 14, 6, 10, 19, 11, 13, 18, 7, 0, 4, 3, 12, 15, 2, 17, 8, 1]|[0, 1, 0, 0, 0, 2, 2, 1, 2, 1, 2, 1, 2, 0, 1, 1, 0, 0, 0, 0]|[3, 1, 3, 3, 3, 1, 1, 1, 0, 0, 1, 1, 1, 3, 0, 1, 3, 3, 3, 3]|[0, 1, 2, 0, 2, 1, 0, 1, 1, 1, 0, 0, 1, 0, 1, 1, 0, 2, 0, 0];[5, 2, 14, 10, 4, 13, 16, 19, 17, 0, 11, 9, 12, 3, 18, 15, 6, 1, 7, 8]|[0, 1, 0, 2, 1, 1, 2, 2, 1, 0, 1, 2, 2, 0, 0, 2, 1, 2, 1, 0]|[0, 0, 3, 1, 1, 1, 0, 1, 0, 3, 0, 0, 1, 0, 3, 0, 1, 0, 1, 3]|[0, 0, 2, 1, 1, 1, 0, 1, 1, 2, 0, 0, 0, 1, 0, 1, 1, 1, 1, 0];[5, 2, 14, 10, 4, 13, 16, 19, 17, 0, 11, 9, 12, 3, 18, 15, 6, 1, 7, 8]|[0, 1, 0, 2, 1, 1, 2, 2, 1, 0, 1, 2, 2, 0, 0, 2, 1, 2, 1, 0]|[0, 0, 3, 1, 1, 1, 0, 1, 0, 3, 0, 0, 1, 0, 3, 0, 1, 0, 1, 3]|[0, 0, 2, 1, 1, 1, 0, 1, 1, 2, 0, 0, 0, 1, 0, 1, 1, 1, 1, 0];[5, 2, 14, 10, 4, 13, 16, 19, 17, 0, 11, 9, 12, 3, 18, 15, 6, 1, 7, 8]|[0, 1, 0, 2, 1, 1, 2, 2, 1, 0, 1, 2, 2, 0, 0, 2, 1, 2, 1, 0]|[0, 0, 3, 1, 1, 1, 0, 1, 0, 3, 0, 0, 1, 0, 3, 0, 1, 0, 1, 3]|[0, 0, 2, 1, 1, 1, 0, 1, 1, 2, 0, 0, 0, 1, 0, 1, 1, 1, 1, 0];[5, 2, 14, 10, 4, 13, 16, 19, 17, 0, 11, 9, 12, 3, 18, 15, 6, 1, 7, 8]|[0, 1, 0, 2, 1, 1, 2, 2, 1, 0, 1, 2, 2, 0, 0, 2, 1, 2, 1, 0]|[0, 0, 3, 1, 1, 1, 0, 1, 0, 3, 0, 0, 1, 0, 3, 0, 1, 0, 1, 3]|[0, 0, 2, 1, 1, 1, 0, 1, 1, 2, 0, 0, 0, 1, 0, 1, 1, 1, 1, 0];[2, 15, 16, 14, 10, 19, 12, 17, 3, 6, 4, 7, 11, 13, 8, 9, 1, 18, 0, 5]|[0, 0, 1, 0, 2, 2, 0, 0, 0, 2, 1, 1, 1, 2, 0, 0, 0, 0, 2, 1]|[3, 3, 1, 3, 1, 1, 3, 3, 3, 1, 1, 1, 0, 0, 3, 3, 3, 3, 0, 1]|[0, 2, 1, 0, 1, 0, 0, 0, 2, 1, 0, 1, 1, 1, 0, 2, 0, 2, 0, 0];[5, 6, 19, 10, 2, 14, 12, 7, 15, 3, 18, 11, 8, 16, 17, 13, 4, 9, 0, 1]|[2, 1, 2, 0, 1, 1, 1, 0, 1, 0, 0, 0, 2, 2, 2, 1, 2, 1, 0, 0]|[0, 1, 1, 2, 1, 0, 0, 3, 0, 0, 3, 0, 1, 0, 0, 1, 1, 1, 3, 3]|[0, 1, 1, 2, 1, 0, 1, 0, 1, 1, 1, 0, 1, 0, 0, 0, 1, 1, 0, 2]
fc6diagRound 15	fe=422008	pool=300	target=100	rescued=1	sOriginal=[1, 19, 13, 14, 2, 4, 16, 5, 3, 10, 11, 6, 8, 12, 9, 7, 17, 15, 0, 18]|[0, 1, 1, 0, 2, 1, 2, 2, 1, 0, 0, 2, 0, 1, 0, 1, 1, 2, 1, 0]|[3, 1, 1, 3, 0, 1, 0, 0, 0, 2, 3, 0, 3, 1, 3, 1, 1, 0, 1, 3]|[0, 1, 1, 2, 1, 0, 0, 1, 1, 0, 0, 1, 2, 1, 1, 1, 1, 0, 1, 0];[1, 19, 13, 14, 2, 4, 16, 5, 3, 10, 11, 6, 8, 12, 9, 7, 17, 15, 0, 18]|[0, 1, 1, 0, 2, 1, 2, 2, 1, 0, 0, 2, 0, 1, 0, 1, 1, 2, 1, 0]|[3, 1, 1, 3, 0, 1, 0, 0, 0, 2, 3, 0, 3, 1, 3, 1, 1, 0, 1, 3]|[0, 1, 1, 2, 1, 0, 0, 1, 1, 0, 0, 1, 2, 1, 1, 1, 1, 0, 1, 0];[1, 2, 13, 14, 5, 4, 16, 19, 3, 10, 11, 6, 8, 18, 7, 9, 12, 15, 17, 0]|[0, 1, 1, 0, 2, 1, 2, 2, 1, 0, 0, 2, 0, 1, 0, 1, 1, 2, 1, 0]|[3, 1, 1, 3, 0, 1, 0, 0, 0, 2, 3, 0, 3, 1, 3, 1, 1, 0, 1, 3]|[2, 1, 1, 2, 1, 0, 0, 1, 1, 0, 0, 1, 2, 1, 0, 1, 1, 0, 1, 0];[2, 14, 19, 4, 16, 5, 8, 6, 11, 9, 7, 13, 15, 10, 1, 12, 0, 3, 17, 18]|[0, 0, 2, 1, 2, 2, 0, 0, 2, 0, 0, 1, 1, 1, 1, 1, 2, 1, 1, 0]|[3, 3, 0, 1, 0, 0, 0, 3, 0, 3, 3, 1, 1, 1, 1, 1, 0, 1, 1, 3]|[0, 2, 1, 1, 0, 1, 1, 0, 1, 2, 1, 1, 1, 1, 1, 1, 0, 1, 1, 0];[1, 2, 4, 8, 6, 11, 10, 3, 5, 16, 15, 19, 14, 7, 17, 9, 12, 0, 18, 13]|[0, 1, 1, 0, 1, 0, 0, 1, 2, 2, 1, 2, 0, 0, 2, 1, 2, 1, 1, 0]|[1, 1, 1, 3, 0, 3, 0, 0, 0, 0, 1, 0, 3, 3, 0, 1, 0, 1, 1, 3]|[0, 1, 0, 2, 1, 0, 1, 1, 1, 0, 1, 1, 2, 1, 1, 1, 0, 1, 1, 0];[1, 19, 14, 2, 17, 18, 5, 15, 12, 6, 16, 10, 11, 4, 0, 7, 13, 8, 3, 9]|[0, 1, 0, 2, 2, 1, 0, 1, 1, 2, 2, 0, 0, 2, 0, 1, 1, 1, 1, 0]|[3, 1, 3, 0, 0, 1, 3, 1, 1, 0, 0, 0, 3, 0, 3, 1, 1, 1, 1, 3]|[0, 1, 2, 1, 0, 1, 0, 1, 1, 0, 1, 1, 0, 1, 2, 1, 1, 1, 1, 0];[1, 19, 14, 2, 17, 18, 5, 15, 12, 6, 16, 10, 11, 4, 0, 7, 13, 8, 3, 9]|[0, 1, 0, 2, 2, 1, 0, 1, 1, 2, 2, 0, 0, 2, 0, 1, 1, 1, 1, 0]|[3, 1, 3, 0, 0, 1, 3, 1, 1, 0, 0, 0, 3, 0, 3, 1, 1, 1, 1, 3]|[0, 1, 2, 1, 0, 1, 0, 1, 1, 0, 1, 1, 0, 1, 2, 1, 1, 1, 1, 0];[1, 19, 14, 2, 17, 18, 5, 15, 12, 6, 16, 10, 11, 4, 0, 7, 13, 8, 3, 9]|[0, 1, 0, 2, 2, 1, 0, 1, 1, 2, 2, 0, 0, 2, 0, 1, 1, 1, 1, 0]|[3, 1, 3, 0, 0, 1, 3, 1, 1, 0, 0, 0, 3, 0, 3, 1, 1, 1, 1, 3]|[0, 1, 2, 1, 0, 1, 0, 1, 1, 0, 1, 1, 0, 1, 2, 1, 1, 1, 1, 0];[2, 12, 15, 14, 19, 10, 16, 5, 3, 8, 6, 11, 9, 17, 7, 4, 1, 0, 13, 18]|[0, 1, 1, 0, 2, 1, 2, 2, 1, 0, 0, 2, 0, 1, 0, 1, 1, 2, 1, 0]|[3, 0, 1, 3, 0, 1, 0, 0, 0, 0, 3, 0, 3, 1, 3, 1, 1, 0, 1, 3]|[0, 1, 1, 2, 1, 0, 0, 1, 1, 1, 0, 1, 2, 1, 1, 1, 1, 0, 1, 0];[1, 19, 13, 14, 2, 15, 5, 16, 12, 17, 7, 0, 3, 10, 11, 6, 8, 9, 4, 18]|[0, 1, 1, 0, 2, 1, 2, 2, 1, 2, 1, 0, 1, 0, 0, 2, 0, 1, 1, 0]|[3, 1, 1, 3, 0, 1, 0, 0, 1, 0, 1, 0, 1, 3, 3, 0, 3, 1, 1, 3]|[2, 1, 1, 2, 1, 1, 1, 0, 1, 1, 1, 0, 1, 1, 0, 1, 2, 1, 1, 2];[1, 19, 13, 14, 2, 15, 5, 16, 12, 17, 7, 0, 3, 10, 11, 6, 8, 9, 4, 18]|[0, 1, 1, 0, 2, 1, 2, 2, 1, 2, 1, 0, 1, 0, 0, 2, 0, 1, 1, 0]|[3, 1, 1, 3, 0, 1, 0, 0, 1, 0, 1, 0, 1, 3, 3, 0, 3, 1, 1, 3]|[2, 1, 1, 2, 1, 1, 1, 0, 1, 1, 1, 0, 1, 1, 0, 1, 2, 1, 1, 2];[1, 19, 13, 14, 2, 4, 16, 5, 3, 10, 11, 0, 17, 12, 7, 15, 8, 6, 18, 9]|[0, 1, 1, 0, 2, 1, 2, 2, 1, 0, 0, 2, 0, 1, 0, 1, 1, 2, 1, 0]|[3, 1, 0, 3, 0, 1, 0, 0, 0, 0, 3, 0, 3, 1, 3, 1, 1, 0, 1, 3]|[0, 1, 1, 2, 1, 0, 0, 1, 1, 0, 0, 1, 2, 1, 1, 1, 1, 1, 1, 0];[1, 19, 8, 14, 5, 13, 6, 16, 3, 0, 12, 4, 2, 15, 17, 10, 9, 11, 7, 18]|[0, 1, 1, 0, 2, 1, 2, 2, 1, 0, 0, 2, 0, 1, 0, 1, 1, 2, 1, 0]|[3, 1, 1, 3, 0, 1, 0, 0, 0, 0, 3, 0, 3, 0, 3, 1, 1, 0, 1, 3]|[0, 1, 1, 2, 1, 0, 0, 1, 1, 1, 0, 1, 2, 1, 1, 1, 1, 1, 1, 0];[12, 19, 13, 14, 2, 4, 16, 5, 3, 10, 11, 6, 9, 1, 18, 7, 17, 0, 8, 15]|[0, 1, 1, 0, 2, 1, 2, 2, 1, 0, 0, 2, 0, 1, 0, 1, 1, 2, 1, 0]|[3, 1, 0, 3, 0, 1, 0, 0, 0, 0, 3, 0, 3, 1, 3, 1, 1, 0, 1, 3]|[0, 1, 1, 2, 1, 0, 0, 1, 1, 1, 0, 1, 2, 1, 1, 1, 1, 1, 1, 0];[1, 2, 13, 14, 19, 4, 6, 5, 18, 7, 0, 16, 8, 3, 12, 17, 15, 11, 9, 10]|[0, 1, 1, 0, 2, 1, 2, 2, 1, 1, 0, 2, 0, 0, 1, 1, 2, 1, 1, 0]|[0, 1, 0, 3, 0, 1, 0, 0, 0, 1, 3, 0, 3, 3, 1, 1, 0, 1, 1, 3]|[0, 1, 1, 2, 0, 0, 1, 1, 1, 1, 0, 0, 2, 0, 1, 1, 1, 1, 1, 0];[2, 19, 6, 15, 3, 4, 16, 5, 1, 11, 10, 0, 18, 12, 7, 13, 17, 8, 9, 14]|[0, 1, 1, 0, 2, 1, 2, 2, 1, 0, 0, 2, 0, 1, 0, 1, 1, 2, 1, 0]|[3, 1, 0, 3, 0, 1, 0, 0, 0, 0, 3, 0, 3, 1, 3, 1, 1, 0, 1, 3]|[0, 1, 1, 2, 1, 0, 0, 1, 1, 1, 0, 1, 2, 1, 1, 1, 1, 1, 1, 0];[1, 2, 15, 11, 10, 14, 9, 12, 16, 13, 3, 4, 7, 6, 19, 18, 0, 8, 17, 5]|[0, 0, 0, 0, 2, 2, 0, 0, 1, 0, 2, 1, 0, 1, 2, 0, 0, 0, 2, 1]|[0, 3, 3, 3, 1, 1, 3, 3, 1, 3, 1, 1, 3, 1, 1, 3, 2, 3, 1, 1]|[1, 0, 2, 0, 1, 0, 2, 2, 1, 2, 1, 0, 0, 1, 1, 1, 0, 2, 0, 1];[1, 19, 5, 14, 15, 4, 16, 2, 3, 10, 11, 13, 12, 18, 7, 9, 0, 6, 17, 8]|[0, 1, 2, 0, 2, 1, 2, 2, 1, 0, 0, 2, 1, 1, 0, 1, 2, 1, 0, 0]|[3, 1, 0, 3, 0, 1, 0, 0, 0, 0, 3, 0, 1, 1, 3, 1, 0, 1, 3, 3]|[0, 1, 1, 2, 1, 0, 0, 1, 1, 1, 0, 1, 1, 1, 1, 1, 1, 1, 0, 2];[1, 19, 13, 14, 2, 4, 16, 5, 3, 10, 11, 0, 17, 7, 9, 8, 12, 6, 15, 18]|[0, 1, 1, 0, 2, 1, 2, 2, 1, 0, 0, 2, 0, 1, 0, 1, 1, 2, 1, 0]|[3, 1, 1, 3, 0, 1, 0, 0, 0, 2, 3, 0, 3, 1, 3, 1, 0, 0, 1, 3]|[2, 1, 1, 2, 1, 0, 0, 1, 1, 0, 0, 1, 2, 1, 2, 1, 0, 1, 1, 0];[19, 14, 2, 4, 16, 5, 12, 1, 18, 10, 6, 11, 7, 17, 15, 9, 3, 13, 0, 8]|[1, 0, 2, 2, 2, 2, 2, 0, 0, 0, 2, 0, 0, 1, 1, 1, 1, 1, 1, 0]|[1, 0, 0, 1, 0, 0, 0, 3, 3, 3, 0, 3, 3, 1, 1, 1, 1, 1, 1, 3]|[1, 1, 1, 1, 0, 1, 0, 0, 0, 2, 1, 0, 0, 1, 1, 1, 1, 1, 1, 2];[9, 19, 5, 16, 4, 2, 14, 13, 3, 10, 11, 6, 17, 7, 8, 12, 0, 15, 18, 1]|[0, 1, 2, 2, 1, 2, 0, 2, 1, 0, 0, 2, 0, 1, 1, 1, 2, 1, 0, 0]|[3, 1, 0, 0, 1, 1, 3, 0, 0, 2, 3, 0, 3, 1, 1, 0, 0, 1, 3, 3]|[2, 1, 1, 0, 0, 1, 2, 0, 1, 0, 0, 1, 2, 1, 1, 0, 1, 1, 0, 2];[2, 12, 15, 19, 10, 14, 9, 1, 16, 13, 3, 4, 7, 6, 11, 18, 0, 8, 17, 5]|[0, 0, 0, 0, 2, 2, 0, 0, 1, 0, 2, 1, 0, 1, 2, 0, 0, 0, 2, 1]|[0, 3, 3, 3, 1, 1, 3, 3, 1, 3, 1, 1, 3, 1, 1, 3, 2, 3, 1, 1]|[1, 0, 2, 0, 1, 0, 2, 1, 1, 2, 1, 0, 0, 1, 1, 1, 0, 2, 0, 1];[1, 19, 13, 14, 2, 4, 16, 5, 3, 10, 11, 6, 18, 9, 12, 8, 7, 15, 0, 17]|[0, 1, 1, 0, 2, 1, 2, 2, 1, 0, 0, 2, 0, 1, 0, 1, 1, 2, 1, 0]|[3, 1, 0, 3, 0, 1, 0, 0, 0, 0, 3, 0, 3, 1, 3, 1, 1, 0, 1, 3]|[0, 1, 1, 2, 1, 0, 0, 1, 1, 1, 0, 1, 2, 1, 0, 1, 1, 0, 1, 0];[2, 19, 8, 14, 9, 15, 16, 5, 1, 11, 0, 7, 10, 12, 18, 17, 3, 4, 6, 13]|[0, 1, 1, 0, 2, 1, 2, 2, 0, 0, 2, 0, 1, 1, 0, 1, 1, 2, 1, 0]|[3, 1, 1, 3, 0, 1, 0, 0, 0, 3, 0, 3, 1, 1, 3, 1, 1, 0, 1, 3]|[0, 1, 1, 2, 1, 1, 0, 1, 1, 0, 1, 2, 1, 1, 1, 1, 1, 0, 1, 0];[1, 2, 13, 14, 19, 4, 16, 5, 3, 10, 11, 17, 8, 12, 7, 6, 15, 0, 9, 18]|[0, 1, 1, 0, 2, 1, 2, 2, 1, 0, 0, 2, 0, 1, 0, 1, 1, 2, 1, 0]|[3, 1, 0, 3, 1, 1, 0, 0, 0, 0, 3, 0, 3, 1, 0, 1, 1, 0, 1, 3]|[0, 1, 1, 2, 1, 0, 1, 1, 1, 1, 0, 1, 2, 1, 1, 1, 1, 1, 1, 0];[1, 2, 14, 16, 5, 7, 11, 6, 8, 18, 4, 19, 15, 12, 9, 17, 0, 3, 13, 10]|[0, 2, 0, 2, 2, 0, 0, 2, 0, 0, 1, 1, 2, 1, 1, 1, 1, 1, 1, 0]|[0, 0, 3, 0, 0, 3, 3, 0, 3, 3, 1, 1, 0, 1, 1, 1, 1, 1, 1, 3]|[0, 1, 2, 0, 1, 0, 0, 1, 2, 0, 1, 1, 0, 1, 1, 1, 1, 1, 1, 0];[1, 2, 14, 16, 5, 7, 11, 6, 8, 18, 4, 19, 15, 12, 9, 17, 0, 3, 13, 10]|[0, 2, 0, 2, 2, 0, 0, 2, 0, 0, 1, 1, 2, 1, 1, 1, 1, 1, 1, 0]|[0, 0, 3, 0, 0, 3, 3, 0, 3, 3, 1, 1, 0, 1, 1, 1, 1, 1, 1, 3]|[0, 1, 2, 0, 1, 0, 0, 1, 2, 0, 1, 1, 0, 1, 1, 1, 1, 1, 1, 0];[1, 19, 13, 14, 2, 4, 16, 11, 15, 10, 5, 6, 8, 17, 7, 18, 12, 3, 0, 9]|[0, 1, 1, 0, 2, 1, 2, 2, 1, 0, 0, 2, 0, 1, 0, 1, 1, 2, 1, 0]|[3, 1, 0, 3, 0, 1, 0, 0, 0, 0, 3, 0, 3, 1, 3, 1, 1, 0, 1, 3]|[0, 1, 1, 2, 1, 0, 0, 1, 1, 0, 0, 1, 2, 1, 1, 1, 1, 1, 1, 0];[12, 10, 15, 19, 14, 7, 8, 5, 1, 4, 3, 2, 16, 13, 17, 9, 18, 0, 11, 6]|[0, 0, 0, 2, 2, 0, 1, 2, 0, 1, 2, 0, 1, 0, 0, 0, 0, 0, 2, 1]|[2, 3, 3, 0, 1, 3, 1, 1, 3, 1, 1, 3, 1, 3, 3, 3, 3, 3, 1, 1]|[1, 2, 0, 1, 0, 2, 1, 1, 1, 0, 1, 0, 1, 2, 1, 2, 0, 2, 0, 0];[1, 5, 14, 16, 19, 9, 10, 11, 6, 8, 15, 3, 2, 12, 18, 13, 17, 7, 4, 0]|[0, 2, 0, 2, 2, 1, 0, 0, 2, 0, 2, 1, 1, 1, 1, 1, 1, 0, 1, 0]|[3, 0, 3, 0, 0, 1, 2, 3, 0, 3, 0, 1, 1, 1, 1, 1, 1, 3, 1, 3]|[2, 1, 2, 0, 1, 1, 0, 0, 1, 2, 0, 1, 1, 1, 1, 1, 1, 0, 1, 0];[1, 5, 14, 16, 19, 9, 10, 11, 6, 8, 15, 3, 2, 12, 18, 13, 17, 7, 4, 0]|[0, 2, 0, 2, 2, 1, 0, 0, 2, 0, 2, 1, 1, 1, 1, 1, 1, 0, 1, 0]|[3, 0, 3, 0, 0, 1, 2, 3, 0, 3, 0, 1, 1, 1, 1, 1, 1, 3, 1, 3]|[2, 1, 2, 0, 1, 1, 0, 0, 1, 2, 0, 1, 1, 1, 1, 1, 1, 0, 1, 0];[1, 2, 13, 14, 19, 4, 16, 5, 3, 10, 11, 6, 18, 17, 7, 12, 0, 15, 9, 8]|[0, 1, 1, 0, 2, 1, 2, 2, 1, 0, 0, 2, 0, 0, 0, 1, 1, 2, 1, 0]|[3, 1, 1, 3, 0, 1, 0, 0, 0, 0, 3, 0, 3, 1, 3, 1, 1, 0, 1, 3]|[0, 1, 1, 2, 1, 0, 0, 1, 1, 1, 0, 1, 2, 1, 1, 1, 1, 0, 1, 0];[19, 9, 12, 2, 10, 14, 15, 1, 16, 7, 3, 4, 18, 8, 0, 11, 17, 13, 5, 6]|[0, 0, 0, 0, 2, 2, 0, 0, 1, 0, 2, 1, 0, 0, 0, 2, 1, 0, 2, 1]|[3, 3, 3, 3, 0, 1, 3, 0, 1, 3, 1, 1, 3, 2, 3, 1, 1, 3, 1, 1]|[0, 2, 1, 0, 1, 0, 2, 1, 1, 0, 1, 0, 2, 0, 1, 1, 1, 2, 0, 1];[2, 13, 11, 10, 14, 15, 16, 12, 18, 3, 4, 9, 19, 6, 7, 0, 8, 1, 17, 5]|[0, 0, 0, 0, 2, 0, 1, 2, 0, 2, 1, 0, 2, 1, 0, 0, 0, 0, 2, 1]|[3, 3, 3, 1, 1, 3, 1, 0, 3, 1, 1, 3, 1, 1, 3, 2, 3, 0, 1, 1]|[0, 2, 0, 1, 0, 2, 1, 0, 1, 1, 0, 2, 1, 1, 0, 0, 2, 1, 0, 1];[1, 19, 13, 14, 2, 4, 16, 5, 3, 10, 11, 6, 18, 9, 12, 0, 7, 15, 17, 8]|[0, 1, 1, 0, 2, 1, 2, 2, 1, 0, 0, 2, 0, 1, 0, 1, 1, 2, 1, 0]|[3, 1, 1, 3, 0, 1, 0, 0, 1, 3, 3, 0, 3, 1, 3, 1, 1, 0, 1, 3]|[0, 1, 1, 2, 1, 1, 0, 1, 1, 1, 0, 1, 2, 1, 0, 1, 1, 0, 1, 0];[1, 2, 13, 17, 10, 14, 9, 12, 16, 15, 3, 4, 7, 6, 11, 18, 0, 8, 19, 5]|[0, 0, 0, 0, 2, 2, 0, 0, 1, 0, 2, 1, 0, 1, 2, 0, 0, 0, 2, 1]|[3, 3, 3, 3, 1, 1, 3, 3, 1, 3, 1, 1, 3, 1, 1, 3, 2, 3, 1, 1]|[1, 0, 2, 0, 1, 0, 2, 1, 1, 2, 1, 0, 0, 1, 1, 1, 0, 2, 0, 1];[2, 12, 10, 15, 19, 18, 9, 1, 16, 13, 3, 5, 11, 6, 0, 7, 17, 14, 4, 8]|[0, 0, 0, 0, 2, 2, 0, 0, 1, 0, 2, 1, 0, 1, 2, 0, 0, 0, 2, 1]|[3, 0, 3, 3, 1, 1, 3, 3, 1, 3, 1, 1, 3, 1, 1, 3, 3, 3, 1, 1]|[0, 1, 2, 0, 1, 0, 2, 1, 1, 2, 1, 0, 0, 1, 1, 1, 0, 2, 0, 0];[5, 4, 3, 15, 17, 12, 9, 18, 8, 6, 10, 11, 7, 1, 16, 14, 13, 19, 2, 0]|[0, 1, 1, 2, 1, 1, 0, 1, 0, 2, 0, 0, 1, 2, 2, 1, 0, 2, 1, 0]|[3, 1, 1, 0, 1, 1, 3, 1, 3, 0, 3, 3, 1, 0, 0, 1, 3, 0, 1, 3]|[0, 1, 1, 0, 1, 1, 1, 1, 2, 1, 0, 0, 1, 1, 0, 1, 2, 1, 1, 0];[5, 4, 3, 15, 17, 12, 9, 18, 8, 6, 10, 11, 7, 1, 16, 14, 13, 19, 2, 0]|[0, 1, 1, 2, 1, 1, 0, 1, 0, 2, 0, 0, 1, 2, 2, 1, 0, 2, 1, 0]|[3, 1, 1, 0, 1, 1, 3, 1, 3, 0, 3, 3, 1, 0, 0, 1, 3, 0, 1, 3]|[0, 1, 1, 0, 1, 1, 1, 1, 2, 1, 0, 0, 1, 1, 0, 1, 2, 1, 1, 0];[19, 6, 5, 4, 16, 14, 12, 17, 2, 10, 18, 15, 7, 0, 11, 9, 13, 8, 3, 1]|[2, 1, 2, 1, 2, 2, 1, 2, 0, 1, 0, 0, 0, 0, 0, 1, 1, 1, 0, 0]|[0, 1, 0, 1, 0, 0, 0, 0, 3, 1, 3, 3, 3, 3, 3, 1, 1, 1, 3, 3]|[1, 1, 1, 0, 0, 1, 1, 1, 0, 1, 2, 0, 1, 0, 2, 1, 1, 1, 0, 0];[19, 6, 5, 4, 16, 14, 12, 17, 2, 10, 18, 15, 7, 0, 11, 9, 13, 8, 3, 1]|[2, 1, 2, 1, 2, 2, 1, 2, 0, 1, 0, 0, 0, 0, 0, 1, 1, 1, 0, 0]|[0, 1, 0, 1, 0, 0, 0, 0, 3, 1, 3, 3, 3, 3, 3, 1, 1, 1, 3, 3]|[1, 1, 1, 0, 0, 1, 1, 1, 0, 1, 2, 0, 1, 0, 2, 1, 1, 1, 0, 0];[2, 12, 15, 9, 10, 14, 19, 0, 16, 13, 3, 4, 7, 6, 11, 1, 18, 8, 17, 5]|[0, 0, 0, 0, 2, 2, 0, 0, 1, 0, 2, 1, 0, 1, 2, 0, 0, 0, 2, 1]|[0, 1, 3, 3, 1, 1, 3, 3, 1, 3, 1, 1, 3, 1, 1, 3, 2, 3, 1, 1]|[1, 0, 2, 2, 1, 0, 0, 1, 1, 2, 1, 0, 0, 1, 1, 1, 0, 2, 0, 0];[2, 12, 15, 9, 10, 14, 19, 0, 16, 13, 3, 4, 7, 6, 11, 1, 18, 8, 17, 5]|[0, 0, 0, 0, 2, 2, 0, 0, 1, 0, 2, 1, 0, 1, 2, 0, 0, 0, 2, 1]|[0, 1, 3, 3, 1, 1, 3, 3, 1, 3, 1, 1, 3, 1, 1, 3, 2, 3, 1, 1]|[1, 0, 2, 2, 1, 0, 0, 1, 1, 2, 1, 0, 0, 1, 1, 1, 0, 2, 0, 0];[2, 12, 15, 9, 10, 14, 19, 0, 16, 13, 3, 4, 7, 6, 11, 1, 18, 8, 17, 5]|[0, 0, 0, 0, 2, 2, 0, 0, 1, 0, 2, 1, 0, 1, 2, 0, 0, 0, 2, 1]|[0, 1, 3, 3, 1, 1, 3, 3, 1, 3, 1, 1, 3, 1, 1, 3, 2, 3, 1, 1]|[1, 0, 2, 2, 1, 0, 0, 1, 1, 2, 1, 0, 0, 1, 1, 1, 0, 2, 0, 0];[2, 12, 15, 9, 10, 14, 19, 0, 16, 13, 3, 4, 7, 6, 11, 1, 18, 8, 17, 5]|[0, 0, 0, 0, 2, 2, 0, 0, 1, 0, 2, 1, 0, 1, 2, 0, 0, 0, 2, 1]|[0, 1, 3, 3, 1, 1, 3, 3, 1, 3, 1, 1, 3, 1, 1, 3, 2, 3, 1, 1]|[1, 0, 2, 2, 1, 0, 0, 1, 1, 2, 1, 0, 0, 1, 1, 1, 0, 2, 0, 0];[19, 2, 12, 13, 10, 14, 9, 18, 16, 15, 6, 4, 7, 3, 11, 1, 0, 8, 17, 5]|[0, 0, 0, 0, 2, 2, 0, 0, 1, 0, 2, 1, 0, 1, 2, 0, 0, 0, 2, 1]|[3, 0, 3, 3, 1, 1, 3, 3, 1, 3, 1, 1, 3, 1, 1, 3, 2, 3, 1, 1]|[0, 1, 2, 0, 1, 0, 2, 1, 1, 2, 1, 0, 0, 1, 1, 1, 0, 2, 0, 0];[19, 2, 12, 13, 10, 14, 9, 18, 16, 15, 6, 4, 7, 3, 11, 1, 0, 8, 17, 5]|[0, 0, 0, 0, 2, 2, 0, 0, 1, 0, 2, 1, 0, 1, 2, 0, 0, 0, 2, 1]|[3, 0, 3, 3, 1, 1, 3, 3, 1, 3, 1, 1, 3, 1, 1, 3, 2, 3, 1, 1]|[0, 1, 2, 0, 1, 0, 2, 1, 1, 2, 1, 0, 0, 1, 1, 1, 0, 2, 0, 0];[2, 19, 8, 12, 10, 14, 1, 16, 15, 3, 4, 7, 6, 11, 0, 13, 18, 9, 17, 5]|[0, 0, 0, 0, 2, 2, 0, 1, 0, 2, 1, 0, 1, 2, 0, 0, 0, 0, 2, 1]|[0, 3, 3, 3, 1, 1, 3, 1, 3, 1, 1, 3, 1, 1, 3, 2, 3, 3, 0, 1]|[1, 0, 2, 0, 1, 0, 1, 1, 2, 1, 0, 0, 1, 1, 1, 0, 2, 0, 0, 0];[2, 19, 8, 12, 10, 14, 1, 16, 15, 3, 4, 7, 6, 11, 0, 13, 18, 9, 17, 5]|[0, 0, 0, 0, 2, 2, 0, 1, 0, 2, 1, 0, 1, 2, 0, 0, 0, 0, 2, 1]|[0, 3, 3, 3, 1, 1, 3, 1, 3, 1, 1, 3, 1, 1, 3, 2, 3, 3, 0, 1]|[1, 0, 2, 0, 1, 0, 1, 1, 2, 1, 0, 0, 1, 1, 1, 0, 2, 0, 0, 0];[2, 19, 8, 12, 10, 14, 1, 16, 15, 3, 4, 7, 6, 11, 0, 13, 18, 9, 17, 5]|[0, 0, 0, 0, 2, 2, 0, 1, 0, 2, 1, 0, 1, 2, 0, 0, 0, 0, 2, 1]|[0, 3, 3, 3, 1, 1, 3, 1, 3, 1, 1, 3, 1, 1, 3, 2, 3, 3, 0, 1]|[1, 0, 2, 0, 1, 0, 1, 1, 2, 1, 0, 0, 1, 1, 1, 0, 2, 0, 0, 0];[2, 19, 8, 12, 10, 14, 1, 16, 15, 3, 4, 7, 6, 11, 0, 13, 18, 9, 17, 5]|[0, 0, 0, 0, 2, 2, 0, 1, 0, 2, 1, 0, 1, 2, 0, 0, 0, 0, 2, 1]|[0, 3, 3, 3, 1, 1, 3, 1, 3, 1, 1, 3, 1, 1, 3, 2, 3, 3, 0, 1]|[1, 0, 2, 0, 1, 0, 1, 1, 2, 1, 0, 0, 1, 1, 1, 0, 2, 0, 0, 0];[2, 12, 15, 19, 10, 14, 9, 1, 16, 13, 3, 4, 7, 6, 11, 0, 17, 8, 5, 18]|[0, 0, 0, 0, 2, 2, 0, 0, 1, 0, 2, 1, 0, 1, 2, 0, 0, 0, 2, 1]|[0, 3, 3, 3, 1, 1, 3, 3, 1, 3, 1, 1, 3, 1, 1, 3, 2, 3, 1, 1]|[1, 0, 2, 0, 1, 0, 2, 1, 1, 2, 1, 0, 0, 1, 1, 1, 0, 2, 0, 0];[2, 12, 15, 19, 10, 14, 9, 1, 16, 13, 3, 4, 7, 6, 11, 0, 17, 8, 5, 18]|[0, 0, 0, 0, 2, 2, 0, 0, 1, 0, 2, 1, 0, 1, 2, 0, 0, 0, 2, 1]|[0, 3, 3, 3, 1, 1, 3, 3, 1, 3, 1, 1, 3, 1, 1, 3, 2, 3, 1, 1]|[1, 0, 2, 0, 1, 0, 2, 1, 1, 2, 1, 0, 0, 1, 1, 1, 0, 2, 0, 0];[2, 12, 15, 19, 10, 14, 9, 1, 16, 13, 3, 4, 7, 6, 11, 0, 17, 8, 5, 18]|[0, 0, 0, 0, 2, 2, 0, 0, 1, 0, 2, 1, 0, 1, 2, 0, 0, 0, 2, 1]|[0, 3, 3, 3, 1, 1, 3, 3, 1, 3, 1, 1, 3, 1, 1, 3, 2, 3, 1, 1]|[1, 0, 2, 0, 1, 0, 2, 1, 1, 2, 1, 0, 0, 1, 1, 1, 0, 2, 0, 0];[2, 12, 15, 19, 10, 14, 9, 1, 16, 13, 3, 4, 7, 6, 11, 0, 17, 8, 5, 18]|[0, 0, 0, 0, 2, 2, 0, 0, 1, 0, 2, 1, 0, 1, 2, 0, 0, 0, 2, 1]|[0, 3, 3, 3, 1, 1, 3, 3, 1, 3, 1, 1, 3, 1, 1, 3, 2, 3, 1, 1]|[1, 0, 2, 0, 1, 0, 2, 1, 1, 2, 1, 0, 0, 1, 1, 1, 0, 2, 0, 0];[5, 4, 14, 10, 2, 13, 16, 19, 17, 7, 18, 0, 8, 12, 1, 11, 3, 15, 6, 9]|[0, 1, 1, 0, 2, 1, 2, 2, 1, 0, 0, 2, 0, 0, 1, 1, 1, 2, 1, 0]|[3, 1, 1, 3, 0, 1, 0, 0, 1, 3, 3, 0, 3, 3, 1, 1, 1, 0, 1, 3]|[0, 1, 1, 2, 1, 1, 0, 1, 1, 0, 0, 1, 2, 1, 1, 1, 1, 1, 1, 0];[5, 4, 14, 10, 2, 13, 16, 19, 17, 7, 18, 0, 8, 12, 1, 11, 3, 15, 6, 9]|[0, 1, 1, 0, 2, 1, 2, 2, 1, 0, 0, 2, 0, 0, 1, 1, 1, 2, 1, 0]|[3, 1, 1, 3, 0, 1, 0, 0, 1, 3, 3, 0, 3, 3, 1, 1, 1, 0, 1, 3]|[0, 1, 1, 2, 1, 1, 0, 1, 1, 0, 0, 1, 2, 1, 1, 1, 1, 1, 1, 0];[2, 12, 15, 19, 10, 14, 9, 1, 16, 3, 13, 4, 7, 6, 11, 0, 8, 18, 17, 5]|[0, 0, 0, 0, 2, 2, 0, 0, 1, 0, 2, 1, 0, 1, 2, 0, 0, 0, 2, 1]|[3, 3, 3, 3, 1, 1, 3, 3, 1, 3, 1, 1, 3, 1, 1, 3, 2, 3, 1, 1]|[1, 0, 2, 0, 1, 0, 2, 1, 1, 2, 1, 0, 0, 1, 1, 1, 0, 2, 0, 1];[1, 2, 13, 14, 19, 4, 16, 5, 3, 10, 11, 6, 8, 12, 7, 9, 18, 17, 15, 0]|[0, 1, 1, 0, 2, 1, 2, 2, 1, 0, 0, 2, 0, 1, 0, 1, 1, 2, 1, 0]|[3, 1, 0, 3, 0, 1, 0, 0, 0, 0, 0, 0, 1, 1, 3, 1, 1, 0, 1, 3]|[0, 1, 1, 2, 1, 0, 0, 1, 1, 1, 0, 1, 2, 1, 1, 1, 1, 1, 1, 0];[1, 4, 19, 2, 14, 13, 16, 5, 3, 17, 11, 6, 8, 9, 7, 18, 12, 15, 10, 0]|[0, 1, 1, 2, 0, 1, 2, 2, 1, 0, 0, 2, 0, 1, 0, 1, 1, 2, 1, 0]|[3, 1, 1, 0, 3, 1, 0, 0, 1, 3, 3, 0, 3, 1, 3, 1, 1, 0, 1, 3]|[2, 1, 1, 1, 2, 1, 0, 1, 1, 0, 0, 1, 2, 1, 1, 1, 1, 0, 1, 0];[1, 4, 19, 2, 14, 13, 16, 5, 3, 17, 11, 6, 8, 9, 7, 18, 12, 15, 10, 0]|[0, 1, 1, 2, 0, 1, 2, 2, 1, 0, 0, 2, 0, 1, 0, 1, 1, 2, 1, 0]|[3, 1, 1, 0, 3, 1, 0, 0, 1, 3, 3, 0, 3, 1, 3, 1, 1, 0, 1, 3]|[2, 1, 1, 1, 2, 1, 0, 1, 1, 0, 0, 1, 2, 1, 1, 1, 1, 0, 1, 0];[2, 19, 15, 12, 10, 14, 9, 18, 16, 13, 3, 4, 8, 6, 1, 11, 0, 7, 5, 17]|[0, 0, 0, 0, 2, 2, 2, 0, 1, 0, 2, 1, 0, 1, 0, 0, 0, 0, 2, 1]|[0, 3, 3, 3, 1, 1, 1, 3, 1, 3, 1, 1, 2, 1, 3, 3, 3, 3, 1, 1]|[1, 0, 2, 0, 1, 0, 0, 1, 1, 2, 1, 0, 0, 1, 1, 0, 2, 1, 0, 0];[2, 19, 15, 12, 10, 14, 9, 18, 16, 13, 3, 4, 8, 6, 1, 11, 0, 7, 5, 17]|[0, 0, 0, 0, 2, 2, 2, 0, 1, 0, 2, 1, 0, 1, 0, 0, 0, 0, 2, 1]|[0, 3, 3, 3, 1, 1, 1, 3, 1, 3, 1, 1, 2, 1, 3, 3, 3, 3, 1, 1]|[1, 0, 2, 0, 1, 0, 0, 1, 1, 2, 1, 0, 0, 1, 1, 0, 2, 1, 0, 0];[2, 19, 15, 12, 10, 14, 9, 18, 16, 13, 3, 4, 8, 6, 1, 11, 0, 7, 5, 17]|[0, 0, 0, 0, 2, 2, 2, 0, 1, 0, 2, 1, 0, 1, 0, 0, 0, 0, 2, 1]|[0, 3, 3, 3, 1, 1, 1, 3, 1, 3, 1, 1, 2, 1, 3, 3, 3, 3, 1, 1]|[1, 0, 2, 0, 1, 0, 0, 1, 1, 2, 1, 0, 0, 1, 1, 0, 2, 1, 0, 0];[2, 19, 15, 12, 10, 14, 9, 18, 16, 13, 3, 4, 8, 6, 1, 11, 0, 7, 5, 17]|[0, 0, 0, 0, 2, 2, 2, 0, 1, 0, 2, 1, 0, 1, 0, 0, 0, 0, 2, 1]|[0, 3, 3, 3, 1, 1, 1, 3, 1, 3, 1, 1, 2, 1, 3, 3, 3, 3, 1, 1]|[1, 0, 2, 0, 1, 0, 0, 1, 1, 2, 1, 0, 0, 1, 1, 0, 2, 1, 0, 0];[19, 15, 11, 2, 10, 14, 9, 1, 16, 13, 18, 4, 7, 12, 6, 0, 17, 8, 5, 3]|[0, 0, 0, 0, 2, 2, 0, 0, 1, 0, 2, 1, 0, 1, 2, 0, 0, 0, 2, 1]|[3, 3, 3, 0, 1, 1, 3, 3, 1, 3, 1, 1, 3, 1, 1, 3, 2, 3, 1, 1]|[0, 2, 0, 1, 1, 0, 2, 1, 1, 2, 1, 0, 0, 1, 1, 1, 0, 2, 0, 1];[19, 15, 11, 2, 10, 14, 9, 1, 16, 13, 18, 4, 7, 12, 6, 0, 17, 8, 5, 3]|[0, 0, 0, 0, 2, 2, 0, 0, 1, 0, 2, 1, 0, 1, 2, 0, 0, 0, 2, 1]|[3, 3, 3, 0, 1, 1, 3, 3, 1, 3, 1, 1, 3, 1, 1, 3, 2, 3, 1, 1]|[0, 2, 0, 1, 1, 0, 2, 1, 1, 2, 1, 0, 0, 1, 1, 1, 0, 2, 0, 1];[1, 19, 14, 2, 8, 6, 0, 15, 12, 17, 3, 11, 7, 10, 9, 13, 5, 16, 4, 18]|[0, 1, 0, 2, 1, 2, 1, 0, 1, 1, 0, 0, 2, 0, 1, 1, 2, 2, 1, 0]|[3, 1, 3, 0, 1, 0, 1, 3, 1, 1, 3, 3, 0, 3, 1, 1, 0, 0, 1, 3]|[1, 1, 2, 1, 1, 0, 1, 0, 1, 1, 1, 0, 1, 2, 1, 1, 1, 1, 1, 0];[2, 12, 15, 19, 10, 14, 9, 1, 16, 13, 6, 0, 7, 3, 11, 18, 17, 8, 4, 5]|[0, 0, 0, 0, 2, 2, 0, 0, 1, 0, 2, 1, 0, 1, 2, 0, 0, 0, 2, 1]|[3, 3, 3, 3, 1, 1, 3, 3, 1, 3, 1, 1, 3, 1, 1, 3, 2, 3, 1, 1]|[1, 0, 2, 0, 1, 0, 2, 1, 1, 2, 1, 0, 0, 1, 1, 1, 0, 2, 0, 1];[1, 2, 13, 18, 6, 11, 10, 3, 5, 16, 4, 19, 14, 17, 7, 12, 0, 15, 9, 8]|[0, 1, 1, 0, 2, 0, 0, 1, 2, 2, 1, 2, 0, 0, 0, 1, 1, 2, 1, 0]|[3, 1, 1, 2, 0, 3, 0, 0, 0, 0, 1, 1, 3, 1, 3, 1, 1, 0, 1, 3]|[0, 1, 1, 2, 1, 0, 1, 1, 1, 0, 0, 1, 2, 1, 1, 1, 1, 0, 1, 0];[1, 2, 13, 14, 19, 4, 16, 5, 3, 10, 11, 6, 18, 7, 9, 12, 17, 0, 15, 8]|[0, 0, 1, 0, 2, 1, 2, 2, 1, 0, 0, 2, 0, 1, 0, 1, 1, 2, 1, 0]|[3, 0, 0, 3, 1, 1, 0, 0, 0, 2, 3, 0, 3, 1, 0, 1, 1, 0, 0, 3]|[2, 1, 1, 2, 1, 0, 0, 1, 1, 0, 0, 1, 2, 1, 1, 1, 1, 1, 1, 2];[12, 5, 4, 15, 11, 19, 1, 16, 3, 9, 0, 10, 2, 14, 6, 17, 13, 18, 7, 8]|[0, 2, 0, 2, 0, 1, 0, 2, 1, 2, 2, 1, 2, 0, 1, 1, 1, 2, 1, 0]|[3, 0, 3, 1, 0, 1, 2, 1, 1, 0, 0, 1, 1, 3, 0, 1, 1, 0, 1, 3]|[0, 0, 2, 1, 1, 1, 0, 0, 1, 1, 1, 1, 1, 2, 0, 1, 1, 0, 1, 0];[12, 5, 4, 15, 11, 19, 1, 16, 3, 9, 0, 10, 2, 14, 6, 17, 13, 18, 7, 8]|[0, 2, 0, 2, 0, 1, 0, 2, 1, 2, 2, 1, 2, 0, 1, 1, 1, 2, 1, 0]|[3, 0, 3, 1, 0, 1, 2, 1, 1, 0, 0, 1, 1, 3, 0, 1, 1, 0, 1, 3]|[0, 0, 2, 1, 1, 1, 0, 0, 1, 1, 1, 1, 1, 2, 0, 1, 1, 0, 1, 0];[12, 5, 4, 15, 11, 19, 1, 16, 3, 9, 0, 10, 2, 14, 6, 17, 13, 18, 7, 8]|[0, 2, 0, 2, 0, 1, 0, 2, 1, 2, 2, 1, 2, 0, 1, 1, 1, 2, 1, 0]|[3, 0, 3, 1, 0, 1, 2, 1, 1, 0, 0, 1, 1, 3, 0, 1, 1, 0, 1, 3]|[0, 0, 2, 1, 1, 1, 0, 0, 1, 1, 1, 1, 1, 2, 0, 1, 1, 0, 1, 0];[12, 5, 4, 15, 11, 19, 1, 16, 3, 9, 0, 10, 2, 14, 6, 17, 13, 18, 7, 8]|[0, 2, 0, 2, 0, 1, 0, 2, 1, 2, 2, 1, 2, 0, 1, 1, 1, 2, 1, 0]|[3, 0, 3, 1, 0, 1, 2, 1, 1, 0, 0, 1, 1, 3, 0, 1, 1, 0, 1, 3]|[0, 0, 2, 1, 1, 1, 0, 0, 1, 1, 1, 1, 1, 2, 0, 1, 1, 0, 1, 0];[11, 19, 14, 2, 4, 16, 5, 3, 9, 10, 18, 7, 1, 15, 0, 12, 17, 6, 13, 8]|[0, 1, 0, 2, 1, 2, 2, 1, 1, 0, 0, 2, 0, 2, 0, 1, 1, 2, 1, 0]|[0, 0, 1, 1, 1, 0, 1, 0, 1, 3, 3, 0, 3, 0, 3, 1, 1, 0, 0, 3]|[2, 1, 1, 1, 0, 0, 1, 1, 1, 0, 0, 1, 0, 0, 2, 1, 1, 1, 1, 0];[11, 19, 14, 2, 4, 16, 5, 3, 9, 10, 18, 7, 1, 15, 0, 12, 17, 6, 13, 8]|[0, 1, 0, 2, 1, 2, 2, 1, 1, 0, 0, 2, 0, 2, 0, 1, 1, 2, 1, 0]|[0, 0, 1, 1, 1, 0, 1, 0, 1, 3, 3, 0, 3, 0, 3, 1, 1, 0, 0, 3]|[2, 1, 1, 1, 0, 0, 1, 1, 1, 0, 0, 1, 0, 0, 2, 1, 1, 1, 1, 0];[11, 19, 14, 2, 4, 16, 5, 3, 9, 10, 18, 7, 1, 15, 0, 12, 17, 6, 13, 8]|[0, 1, 0, 2, 1, 2, 2, 1, 1, 0, 0, 2, 0, 2, 0, 1, 1, 2, 1, 0]|[0, 0, 1, 1, 1, 0, 1, 0, 1, 3, 3, 0, 3, 0, 3, 1, 1, 0, 0, 3]|[2, 1, 1, 1, 0, 0, 1, 1, 1, 0, 0, 1, 0, 0, 2, 1, 1, 1, 1, 0];[11, 19, 14, 2, 4, 16, 5, 3, 9, 10, 18, 7, 1, 15, 0, 12, 17, 6, 13, 8]|[0, 1, 0, 2, 1, 2, 2, 1, 1, 0, 0, 2, 0, 2, 0, 1, 1, 2, 1, 0]|[0, 0, 1, 1, 1, 0, 1, 0, 1, 3, 3, 0, 3, 0, 3, 1, 1, 0, 0, 3]|[2, 1, 1, 1, 0, 0, 1, 1, 1, 0, 0, 1, 0, 0, 2, 1, 1, 1, 1, 0];[19, 14, 2, 4, 16, 5, 3, 12, 10, 6, 0, 18, 9, 8, 15, 11, 7, 17, 13, 1]|[1, 0, 2, 1, 2, 2, 1, 1, 1, 0, 0, 0, 1, 1, 2, 2, 0, 0, 0, 0]|[0, 3, 0, 1, 0, 0, 1, 1, 1, 3, 3, 3, 1, 1, 1, 1, 3, 3, 3, 3]|[1, 0, 1, 0, 0, 1, 1, 1, 1, 0, 2, 0, 1, 1, 1, 0, 0, 0, 2, 0];[1, 2, 14, 10, 19, 6, 5, 3, 4, 13, 11, 8, 9, 7, 17, 12, 16, 18, 15, 0]|[0, 1, 0, 2, 1, 2, 2, 1, 0, 0, 0, 0, 1, 1, 2, 1, 2, 2, 1, 0]|[1, 0, 2, 1, 1, 0, 0, 1, 0, 3, 0, 3, 1, 1, 0, 1, 0, 0, 1, 3]|[0, 0, 2, 1, 1, 0, 1, 1, 0, 1, 0, 2, 1, 1, 1, 1, 1, 1, 1, 0];[19, 14, 5, 4, 16, 2, 3, 9, 17, 6, 15, 11, 7, 8, 12, 10, 13, 18, 0, 1]|[1, 0, 2, 1, 2, 2, 1, 0, 0, 1, 1, 0, 0, 1, 2, 2, 2, 1, 0, 0]|[0, 0, 1, 1, 0, 1, 0, 3, 3, 0, 1, 0, 3, 1, 0, 0, 0, 1, 3, 3]|[1, 2, 1, 0, 0, 1, 1, 0, 0, 0, 1, 1, 0, 1, 1, 1, 0, 1, 2, 0];[19, 14, 5, 4, 16, 2, 3, 9, 17, 6, 15, 11, 7, 8, 12, 10, 13, 18, 0, 1]|[1, 0, 2, 1, 2, 2, 1, 0, 0, 1, 1, 0, 0, 1, 2, 2, 2, 1, 0, 0]|[0, 0, 1, 1, 0, 1, 0, 3, 3, 0, 1, 0, 3, 1, 0, 0, 0, 1, 3, 3]|[1, 2, 1, 0, 0, 1, 1, 0, 0, 0, 1, 1, 0, 1, 1, 1, 0, 1, 2, 0];[19, 14, 5, 4, 16, 2, 3, 9, 17, 6, 15, 11, 7, 8, 12, 10, 13, 18, 0, 1]|[1, 0, 2, 1, 2, 2, 1, 0, 0, 1, 1, 0, 0, 1, 2, 2, 2, 1, 0, 0]|[0, 0, 1, 1, 0, 1, 0, 3, 3, 0, 1, 0, 3, 1, 0, 0, 0, 1, 3, 3]|[1, 2, 1, 0, 0, 1, 1, 0, 0, 0, 1, 1, 0, 1, 1, 1, 0, 1, 2, 0];[19, 14, 5, 4, 16, 2, 3, 9, 17, 6, 15, 11, 7, 8, 12, 10, 13, 18, 0, 1]|[1, 0, 2, 1, 2, 2, 1, 0, 0, 1, 1, 0, 0, 1, 2, 2, 2, 1, 0, 0]|[0, 0, 1, 1, 0, 1, 0, 3, 3, 0, 1, 0, 3, 1, 0, 0, 0, 1, 3, 3]|[1, 2, 1, 0, 0, 1, 1, 0, 0, 0, 1, 1, 0, 1, 1, 1, 0, 1, 2, 0];[5, 4, 14, 10, 11, 19, 16, 6, 3, 15, 0, 1, 8, 13, 18, 7, 12, 2, 9, 17]|[0, 1, 1, 0, 2, 1, 2, 2, 1, 0, 0, 2, 0, 1, 0, 1, 1, 2, 1, 0]|[3, 1, 0, 3, 0, 1, 0, 0, 0, 2, 3, 0, 3, 1, 3, 1, 1, 0, 1, 3]|[0, 1, 1, 2, 1, 0, 0, 1, 1, 1, 0, 0, 2, 1, 1, 1, 1, 0, 1, 0];[1, 13, 5, 2, 16, 12, 11, 4, 9, 0, 7, 6, 10, 14, 8, 3, 19, 18, 15, 17]|[0, 1, 2, 2, 2, 1, 0, 0, 0, 0, 1, 2, 2, 0, 1, 1, 1, 1, 2, 2]|[0, 0, 0, 0, 1, 1, 0, 3, 3, 3, 1, 0, 0, 3, 1, 1, 1, 1, 1, 1]|[2, 0, 1, 1, 0, 1, 1, 0, 2, 1, 1, 1, 1, 0, 1, 1, 1, 1, 0, 0];[19, 4, 2, 13, 16, 5, 11, 18, 7, 17, 15, 12, 10, 1, 3, 8, 9, 6, 14, 0]|[1, 1, 2, 1, 2, 2, 0, 1, 2, 1, 1, 1, 0, 0, 0, 0, 0, 2, 0, 0]|[1, 1, 0, 1, 0, 0, 3, 1, 0, 1, 1, 1, 3, 3, 3, 3, 3, 0, 3, 3]|[1, 1, 1, 1, 0, 1, 0, 1, 0, 1, 1, 1, 0, 0, 0, 2, 0, 1, 0, 2];[19, 4, 2, 13, 16, 5, 11, 18, 7, 17, 15, 12, 10, 1, 3, 8, 9, 6, 14, 0]|[1, 1, 2, 1, 2, 2, 0, 1, 2, 1, 1, 1, 0, 0, 0, 0, 0, 2, 0, 0]|[1, 1, 0, 1, 0, 0, 3, 1, 0, 1, 1, 1, 3, 3, 3, 3, 3, 0, 3, 3]|[1, 1, 1, 1, 0, 1, 0, 1, 0, 1, 1, 1, 0, 0, 0, 2, 0, 1, 0, 2];[1, 9, 4, 5, 14, 13, 2, 15, 17, 10, 8, 6, 16, 12, 19, 11, 0, 7, 3, 18]|[0, 1, 1, 2, 0, 1, 1, 0, 0, 1, 0, 2, 2, 2, 2, 1, 0, 2, 1, 0]|[1, 0, 1, 1, 2, 0, 1, 0, 3, 0, 3, 0, 0, 0, 0, 1, 3, 0, 0, 3]|[2, 1, 0, 0, 0, 1, 1, 0, 1, 1, 2, 1, 1, 0, 1, 0, 0, 1, 1, 0];[1, 9, 4, 5, 14, 13, 2, 15, 17, 10, 8, 6, 16, 12, 19, 11, 0, 7, 3, 18]|[0, 1, 1, 2, 0, 1, 1, 0, 0, 1, 0, 2, 2, 2, 2, 1, 0, 2, 1, 0]|[1, 0, 1, 1, 2, 0, 1, 0, 3, 0, 3, 0, 0, 0, 0, 1, 3, 0, 0, 3]|[2, 1, 0, 0, 0, 1, 1, 0, 1, 1, 2, 1, 1, 0, 1, 0, 0, 1, 1, 0];[5, 2, 14, 12, 15, 3, 6, 11, 1, 9, 10, 4, 13, 16, 19, 17, 0, 7, 18, 8]|[0, 1, 1, 1, 2, 0, 2, 2, 0, 1, 0, 2, 1, 2, 2, 1, 1, 2, 0, 0]|[0, 1, 1, 1, 0, 3, 0, 1, 3, 1, 3, 1, 1, 0, 1, 0, 0, 0, 1, 3]|[0, 1, 1, 1, 0, 2, 0, 1, 1, 1, 2, 1, 0, 0, 1, 1, 1, 1, 1, 0];[5, 2, 14, 10, 4, 13, 16, 19, 17, 0, 11, 9, 12, 3, 18, 15, 6, 1, 7, 8]|[0, 1, 0, 2, 1, 1, 2, 2, 1, 0, 1, 2, 2, 0, 0, 2, 1, 2, 1, 0]|[0, 0, 3, 1, 1, 1, 0, 1, 0, 3, 0, 0, 1, 0, 3, 0, 1, 0, 1, 3]|[0, 0, 2, 1, 1, 1, 0, 1, 1, 2, 0, 0, 0, 1, 0, 1, 1, 1, 1, 0];[5, 2, 14, 10, 4, 13, 16, 19, 17, 0, 11, 9, 12, 3, 18, 15, 6, 1, 7, 8]|[0, 1, 0, 2, 1, 1, 2, 2, 1, 0, 1, 2, 2, 0, 0, 2, 1, 2, 1, 0]|[0, 0, 3, 1, 1, 1, 0, 1, 0, 3, 0, 0, 1, 0, 3, 0, 1, 0, 1, 3]|[0, 0, 2, 1, 1, 1, 0, 1, 1, 2, 0, 0, 0, 1, 0, 1, 1, 1, 1, 0];[5, 2, 14, 10, 4, 13, 16, 19, 17, 0, 11, 9, 12, 3, 18, 15, 6, 1, 7, 8]|[0, 1, 0, 2, 1, 1, 2, 2, 1, 0, 1, 2, 2, 0, 0, 2, 1, 2, 1, 0]|[0, 0, 3, 1, 1, 1, 0, 1, 0, 3, 0, 0, 1, 0, 3, 0, 1, 0, 1, 3]|[0, 0, 2, 1, 1, 1, 0, 1, 1, 2, 0, 0, 0, 1, 0, 1, 1, 1, 1, 0];[5, 2, 14, 10, 4, 13, 16, 19, 17, 0, 11, 9, 12, 3, 18, 15, 6, 1, 7, 8]|[0, 1, 0, 2, 1, 1, 2, 2, 1, 0, 1, 2, 2, 0, 0, 2, 1, 2, 1, 0]|[0, 0, 3, 1, 1, 1, 0, 1, 0, 3, 0, 0, 1, 0, 3, 0, 1, 0, 1, 3]|[0, 0, 2, 1, 1, 1, 0, 1, 1, 2, 0, 0, 0, 1, 0, 1, 1, 1, 1, 0];[5, 6, 19, 10, 2, 14, 12, 7, 15, 3, 18, 11, 8, 16, 17, 13, 4, 9, 0, 1]|[2, 1, 2, 0, 1, 1, 1, 0, 1, 0, 0, 0, 2, 2, 2, 1, 2, 1, 0, 0]|[0, 1, 1, 2, 1, 0, 0, 3, 0, 0, 3, 0, 1, 0, 0, 1, 1, 1, 3, 3]|[0, 1, 1, 2, 1, 0, 1, 0, 1, 1, 1, 0, 1, 0, 0, 0, 1, 1, 0, 2];[2, 19, 8, 14, 9, 6, 18, 12, 13, 1, 7, 0, 4, 10, 11, 16, 3, 15, 5, 17]|[0, 1, 1, 0, 2, 1, 0, 1, 2, 1, 0, 2, 0, 0, 2, 2, 1, 1, 1, 0]|[3, 1, 1, 3, 0, 1, 3, 1, 0, 1, 3, 0, 3, 3, 0, 0, 1, 1, 1, 3]|[0, 1, 1, 2, 1, 1, 0, 1, 0, 1, 2, 1, 0, 2, 0, 1, 1, 1, 1, 0];[5, 6, 19, 10, 2, 14, 12, 7, 15, 3, 18, 11, 8, 16, 17, 13, 4, 9, 0, 1]|[2, 1, 2, 0, 1, 1, 1, 0, 1, 0, 0, 0, 2, 2, 2, 1, 2, 1, 0, 0]|[0, 1, 1, 2, 1, 0, 0, 3, 0, 0, 3, 0, 1, 0, 0, 1, 1, 1, 3, 3]|[0, 1, 1, 2, 1, 0, 1, 0, 1, 1, 1, 0, 1, 0, 0, 0, 1, 1, 0, 2];[2, 19, 8, 14, 9, 6, 18, 12, 13, 1, 7, 0, 4, 10, 11, 16, 3, 15, 5, 17]|[0, 1, 1, 0, 2, 1, 0, 1, 2, 1, 0, 2, 0, 0, 2, 2, 1, 1, 1, 0]|[3, 1, 1, 3, 0, 1, 3, 1, 0, 1, 3, 0, 3, 3, 0, 0, 1, 1, 1, 3]|[0, 1, 1, 2, 1, 1, 0, 1, 0, 1, 2, 1, 0, 2, 0, 1, 1, 1, 1, 0]	sBp=[19, 17, 11, 5, 9, 6, 4, 10, 14, 2, 16, 12, 15, 3, 0, 1, 13, 8, 18, 7]|[2, 1, 1, 2, 2, 1, 2, 0, 1, 1, 2, 2, 0, 0, 0, 2, 1, 0, 1, 0]|[1, 0, 1, 1, 0, 1, 1, 2, 1, 0, 0, 0, 3, 0, 0, 0, 1, 3, 1, 1]|[1, 0, 1, 1, 0, 1, 1, 1, 1, 0, 0, 0, 0, 0, 2, 1, 1, 0, 1, 1];[2, 19, 8, 14, 9, 6, 18, 12, 13, 1, 7, 0, 4, 10, 11, 16, 3, 15, 5, 17]|[0, 1, 1, 0, 2, 1, 0, 1, 2, 1, 0, 2, 0, 0, 2, 2, 1, 1, 1, 0]|[3, 1, 1, 3, 0, 1, 3, 1, 0, 1, 3, 0, 3, 3, 0, 0, 1, 1, 1, 3]|[0, 1, 1, 2, 1, 1, 0, 1, 0, 1, 2, 1, 0, 2, 0, 1, 1, 1, 1, 0];[2, 19, 15, 12, 10, 14, 9, 18, 16, 13, 3, 4, 8, 6, 1, 11, 0, 7, 5, 17]|[0, 0, 0, 0, 2, 2, 2, 0, 1, 0, 2, 1, 0, 1, 0, 0, 0, 0, 2, 1]|[0, 3, 3, 3, 1, 1, 1, 3, 1, 3, 1, 1, 2, 1, 3, 3, 3, 3, 1, 1]|[1, 0, 2, 0, 1, 0, 0, 1, 1, 2, 1, 0, 0, 1, 1, 0, 2, 1, 0, 0];[1, 19, 13, 14, 2, 4, 16, 5, 3, 10, 11, 6, 8, 12, 9, 7, 17, 15, 0, 18]|[0, 1, 1, 0, 2, 1, 2, 2, 1, 0, 0, 2, 0, 1, 0, 1, 1, 2, 1, 0]|[3, 1, 1, 3, 0, 1, 0, 0, 0, 2, 3, 0, 3, 1, 3, 1, 1, 0, 1, 3]|[0, 1, 1, 2, 1, 0, 0, 1, 1, 0, 0, 1, 2, 1, 1, 1, 1, 0, 1, 0];[1, 19, 13, 14, 2, 4, 16, 5, 3, 10, 11, 6, 8, 12, 9, 7, 17, 15, 0, 18]|[0, 1, 1, 0, 2, 1, 2, 2, 1, 0, 0, 2, 0, 1, 0, 1, 1, 2, 1, 0]|[3, 1, 1, 3, 0, 1, 0, 0, 0, 2, 3, 0, 3, 1, 3, 1, 1, 0, 1, 3]|[0, 1, 1, 2, 1, 0, 0, 1, 1, 0, 0, 1, 2, 1, 1, 1, 1, 0, 1, 0];[1, 2, 13, 14, 5, 4, 16, 19, 3, 10, 11, 6, 8, 18, 7, 9, 12, 15, 17, 0]|[0, 1, 1, 0, 2, 1, 2, 2, 1, 0, 0, 2, 0, 1, 0, 1, 1, 2, 1, 0]|[3, 1, 1, 3, 0, 1, 0, 0, 0, 2, 3, 0, 3, 1, 3, 1, 1, 0, 1, 3]|[2, 1, 1, 2, 1, 0, 0, 1, 1, 0, 0, 1, 2, 1, 0, 1, 1, 0, 1, 0];[2, 14, 19, 4, 16, 5, 8, 6, 11, 9, 7, 13, 15, 10, 1, 12, 0, 3, 17, 18]|[0, 0, 2, 1, 2, 2, 0, 0, 2, 0, 0, 1, 1, 1, 1, 1, 2, 1, 1, 0]|[3, 3, 0, 1, 0, 0, 0, 3, 0, 3, 3, 1, 1, 1, 1, 1, 0, 1, 1, 3]|[0, 2, 1, 1, 0, 1, 1, 0, 1, 2, 1, 1, 1, 1, 1, 1, 0, 1, 1, 0];[1, 2, 4, 8, 6, 11, 10, 3, 5, 16, 15, 19, 14, 7, 17, 9, 12, 0, 18, 13]|[0, 1, 1, 0, 1, 0, 0, 1, 2, 2, 1, 2, 0, 0, 2, 1, 2, 1, 1, 0]|[1, 1, 1, 3, 0, 3, 0, 0, 0, 0, 1, 0, 3, 3, 0, 1, 0, 1, 1, 3]|[0, 1, 0, 2, 1, 0, 1, 1, 1, 0, 1, 1, 2, 1, 1, 1, 0, 1, 1, 0];[1, 19, 14, 2, 17, 18, 5, 15, 12, 6, 16, 10, 11, 4, 0, 7, 13, 8, 3, 9]|[0, 1, 0, 2, 2, 1, 0, 1, 1, 2, 2, 0, 0, 2, 0, 1, 1, 1, 1, 0]|[3, 1, 3, 0, 0, 1, 3, 1, 1, 0, 0, 0, 3, 0, 3, 1, 1, 1, 1, 3]|[0, 1, 2, 1, 0, 1, 0, 1, 1, 0, 1, 1, 0, 1, 2, 1, 1, 1, 1, 0];[1, 19, 14, 2, 17, 18, 5, 15, 12, 6, 16, 10, 11, 4, 0, 7, 13, 8, 3, 9]|[0, 1, 0, 2, 2, 1, 0, 1, 1, 2, 2, 0, 0, 2, 0, 1, 1, 1, 1, 0]|[3, 1, 3, 0, 0, 1, 3, 1, 1, 0, 0, 0, 3, 0, 3, 1, 1, 1, 1, 3]|[0, 1, 2, 1, 0, 1, 0, 1, 1, 0, 1, 1, 0, 1, 2, 1, 1, 1, 1, 0];[1, 19, 14, 2, 17, 18, 5, 15, 12, 6, 16, 10, 11, 4, 0, 7, 13, 8, 3, 9]|[0, 1, 0, 2, 2, 1, 0, 1, 1, 2, 2, 0, 0, 2, 0, 1, 1, 1, 1, 0]|[3, 1, 3, 0, 0, 1, 3, 1, 1, 0, 0, 0, 3, 0, 3, 1, 1, 1, 1, 3]|[0, 1, 2, 1, 0, 1, 0, 1, 1, 0, 1, 1, 0, 1, 2, 1, 1, 1, 1, 0];[2, 12, 15, 14, 19, 10, 16, 5, 3, 8, 6, 11, 9, 17, 7, 4, 1, 0, 13, 18]|[0, 1, 1, 0, 2, 1, 2, 2, 1, 0, 0, 2, 0, 1, 0, 1, 1, 2, 1, 0]|[3, 0, 1, 3, 0, 1, 0, 0, 0, 0, 3, 0, 3, 1, 3, 1, 1, 0, 1, 3]|[0, 1, 1, 2, 1, 0, 0, 1, 1, 1, 0, 1, 2, 1, 1, 1, 1, 0, 1, 0];[1, 19, 13, 14, 2, 15, 5, 16, 12, 17, 7, 0, 3, 10, 11, 6, 8, 9, 4, 18]|[0, 1, 1, 0, 2, 1, 2, 2, 1, 2, 1, 0, 1, 0, 0, 2, 0, 1, 1, 0]|[3, 1, 1, 3, 0, 1, 0, 0, 1, 0, 1, 0, 1, 3, 3, 0, 3, 1, 1, 3]|[2, 1, 1, 2, 1, 1, 1, 0, 1, 1, 1, 0, 1, 1, 0, 1, 2, 1, 1, 2];[1, 19, 13, 14, 2, 15, 5, 16, 12, 17, 7, 0, 3, 10, 11, 6, 8, 9, 4, 18]|[0, 1, 1, 0, 2, 1, 2, 2, 1, 2, 1, 0, 1, 0, 0, 2, 0, 1, 1, 0]|[3, 1, 1, 3, 0, 1, 0, 0, 1, 0, 1, 0, 1, 3, 3, 0, 3, 1, 1, 3]|[2, 1, 1, 2, 1, 1, 1, 0, 1, 1, 1, 0, 1, 1, 0, 1, 2, 1, 1, 2];[1, 19, 13, 14, 2, 4, 16, 5, 3, 10, 11, 0, 17, 12, 7, 15, 8, 6, 18, 9]|[0, 1, 1, 0, 2, 1, 2, 2, 1, 0, 0, 2, 0, 1, 0, 1, 1, 2, 1, 0]|[3, 1, 0, 3, 0, 1, 0, 0, 0, 0, 3, 0, 3, 1, 3, 1, 1, 0, 1, 3]|[0, 1, 1, 2, 1, 0, 0, 1, 1, 0, 0, 1, 2, 1, 1, 1, 1, 1, 1, 0];[1, 19, 8, 14, 5, 13, 6, 16, 3, 0, 12, 4, 2, 15, 17, 10, 9, 11, 7, 18]|[0, 1, 1, 0, 2, 1, 2, 2, 1, 0, 0, 2, 0, 1, 0, 1, 1, 2, 1, 0]|[3, 1, 1, 3, 0, 1, 0, 0, 0, 0, 3, 0, 3, 0, 3, 1, 1, 0, 1, 3]|[0, 1, 1, 2, 1, 0, 0, 1, 1, 1, 0, 1, 2, 1, 1, 1, 1, 1, 1, 0];[12, 19, 13, 14, 2, 4, 16, 5, 3, 10, 11, 6, 9, 1, 18, 7, 17, 0, 8, 15]|[0, 1, 1, 0, 2, 1, 2, 2, 1, 0, 0, 2, 0, 1, 0, 1, 1, 2, 1, 0]|[3, 1, 0, 3, 0, 1, 0, 0, 0, 0, 3, 0, 3, 1, 3, 1, 1, 0, 1, 3]|[0, 1, 1, 2, 1, 0, 0, 1, 1, 1, 0, 1, 2, 1, 1, 1, 1, 1, 1, 0];[1, 2, 13, 14, 19, 4, 6, 5, 18, 7, 0, 16, 8, 3, 12, 17, 15, 11, 9, 10]|[0, 1, 1, 0, 2, 1, 2, 2, 1, 1, 0, 2, 0, 0, 1, 1, 2, 1, 1, 0]|[0, 1, 0, 3, 0, 1, 0, 0, 0, 1, 3, 0, 3, 3, 1, 1, 0, 1, 1, 3]|[0, 1, 1, 2, 0, 0, 1, 1, 1, 1, 0, 0, 2, 0, 1, 1, 1, 1, 1, 0];[2, 19, 6, 15, 3, 4, 16, 5, 1, 11, 10, 0, 18, 12, 7, 13, 17, 8, 9, 14]|[0, 1, 1, 0, 2, 1, 2, 2, 1, 0, 0, 2, 0, 1, 0, 1, 1, 2, 1, 0]|[3, 1, 0, 3, 0, 1, 0, 0, 0, 0, 3, 0, 3, 1, 3, 1, 1, 0, 1, 3]|[0, 1, 1, 2, 1, 0, 0, 1, 1, 1, 0, 1, 2, 1, 1, 1, 1, 1, 1, 0];[1, 2, 15, 11, 10, 14, 9, 12, 16, 13, 3, 4, 7, 6, 19, 18, 0, 8, 17, 5]|[0, 0, 0, 0, 2, 2, 0, 0, 1, 0, 2, 1, 0, 1, 2, 0, 0, 0, 2, 1]|[0, 3, 3, 3, 1, 1, 3, 3, 1, 3, 1, 1, 3, 1, 1, 3, 2, 3, 1, 1]|[1, 0, 2, 0, 1, 0, 2, 2, 1, 2, 1, 0, 0, 1, 1, 1, 0, 2, 0, 1];[1, 19, 5, 14, 15, 4, 16, 2, 3, 10, 11, 13, 12, 18, 7, 9, 0, 6, 17, 8]|[0, 1, 2, 0, 2, 1, 2, 2, 1, 0, 0, 2, 1, 1, 0, 1, 2, 1, 0, 0]|[3, 1, 0, 3, 0, 1, 0, 0, 0, 0, 3, 0, 1, 1, 3, 1, 0, 1, 3, 3]|[0, 1, 1, 2, 1, 0, 0, 1, 1, 1, 0, 1, 1, 1, 1, 1, 1, 1, 0, 2];[1, 19, 13, 14, 2, 4, 16, 5, 3, 10, 11, 0, 17, 7, 9, 8, 12, 6, 15, 18]|[0, 1, 1, 0, 2, 1, 2, 2, 1, 0, 0, 2, 0, 1, 0, 1, 1, 2, 1, 0]|[3, 1, 1, 3, 0, 1, 0, 0, 0, 2, 3, 0, 3, 1, 3, 1, 0, 0, 1, 3]|[2, 1, 1, 2, 1, 0, 0, 1, 1, 0, 0, 1, 2, 1, 2, 1, 0, 1, 1, 0];[19, 14, 2, 4, 16, 5, 12, 1, 18, 10, 6, 11, 7, 17, 15, 9, 3, 13, 0, 8]|[1, 0, 2, 2, 2, 2, 2, 0, 0, 0, 2, 0, 0, 1, 1, 1, 1, 1, 1, 0]|[1, 0, 0, 1, 0, 0, 0, 3, 3, 3, 0, 3, 3, 1, 1, 1, 1, 1, 1, 3]|[1, 1, 1, 1, 0, 1, 0, 0, 0, 2, 1, 0, 0, 1, 1, 1, 1, 1, 1, 2];[9, 19, 5, 16, 4, 2, 14, 13, 3, 10, 11, 6, 17, 7, 8, 12, 0, 15, 18, 1]|[0, 1, 2, 2, 1, 2, 0, 2, 1, 0, 0, 2, 0, 1, 1, 1, 2, 1, 0, 0]|[3, 1, 0, 0, 1, 1, 3, 0, 0, 2, 3, 0, 3, 1, 1, 0, 0, 1, 3, 3]|[2, 1, 1, 0, 0, 1, 2, 0, 1, 0, 0, 1, 2, 1, 1, 0, 1, 1, 0, 2];[2, 12, 15, 19, 10, 14, 9, 1, 16, 13, 3, 4, 7, 6, 11, 18, 0, 8, 17, 5]|[0, 0, 0, 0, 2, 2, 0, 0, 1, 0, 2, 1, 0, 1, 2, 0, 0, 0, 2, 1]|[0, 3, 3, 3, 1, 1, 3, 3, 1, 3, 1, 1, 3, 1, 1, 3, 2, 3, 1, 1]|[1, 0, 2, 0, 1, 0, 2, 1, 1, 2, 1, 0, 0, 1, 1, 1, 0, 2, 0, 1];[1, 19, 13, 14, 2, 4, 16, 5, 3, 10, 11, 6, 18, 9, 12, 8, 7, 15, 0, 17]|[0, 1, 1, 0, 2, 1, 2, 2, 1, 0, 0, 2, 0, 1, 0, 1, 1, 2, 1, 0]|[3, 1, 0, 3, 0, 1, 0, 0, 0, 0, 3, 0, 3, 1, 3, 1, 1, 0, 1, 3]|[0, 1, 1, 2, 1, 0, 0, 1, 1, 1, 0, 1, 2, 1, 0, 1, 1, 0, 1, 0];[2, 19, 8, 14, 9, 15, 16, 5, 1, 11, 0, 7, 10, 12, 18, 17, 3, 4, 6, 13]|[0, 1, 1, 0, 2, 1, 2, 2, 0, 0, 2, 0, 1, 1, 0, 1, 1, 2, 1, 0]|[3, 1, 1, 3, 0, 1, 0, 0, 0, 3, 0, 3, 1, 1, 3, 1, 1, 0, 1, 3]|[0, 1, 1, 2, 1, 1, 0, 1, 1, 0, 1, 2, 1, 1, 1, 1, 1, 0, 1, 0];[1, 2, 13, 14, 19, 4, 16, 5, 3, 10, 11, 17, 8, 12, 7, 6, 15, 0, 9, 18]|[0, 1, 1, 0, 2, 1, 2, 2, 1, 0, 0, 2, 0, 1, 0, 1, 1, 2, 1, 0]|[3, 1, 0, 3, 1, 1, 0, 0, 0, 0, 3, 0, 3, 1, 0, 1, 1, 0, 1, 3]|[0, 1, 1, 2, 1, 0, 1, 1, 1, 1, 0, 1, 2, 1, 1, 1, 1, 1, 1, 0];[1, 2, 14, 16, 5, 7, 11, 6, 8, 18, 4, 19, 15, 12, 9, 17, 0, 3, 13, 10]|[0, 2, 0, 2, 2, 0, 0, 2, 0, 0, 1, 1, 2, 1, 1, 1, 1, 1, 1, 0]|[0, 0, 3, 0, 0, 3, 3, 0, 3, 3, 1, 1, 0, 1, 1, 1, 1, 1, 1, 3]|[0, 1, 2, 0, 1, 0, 0, 1, 2, 0, 1, 1, 0, 1, 1, 1, 1, 1, 1, 0];[1, 2, 14, 16, 5, 7, 11, 6, 8, 18, 4, 19, 15, 12, 9, 17, 0, 3, 13, 10]|[0, 2, 0, 2, 2, 0, 0, 2, 0, 0, 1, 1, 2, 1, 1, 1, 1, 1, 1, 0]|[0, 0, 3, 0, 0, 3, 3, 0, 3, 3, 1, 1, 0, 1, 1, 1, 1, 1, 1, 3]|[0, 1, 2, 0, 1, 0, 0, 1, 2, 0, 1, 1, 0, 1, 1, 1, 1, 1, 1, 0];[1, 19, 13, 14, 2, 4, 16, 11, 15, 10, 5, 6, 8, 17, 7, 18, 12, 3, 0, 9]|[0, 1, 1, 0, 2, 1, 2, 2, 1, 0, 0, 2, 0, 1, 0, 1, 1, 2, 1, 0]|[3, 1, 0, 3, 0, 1, 0, 0, 0, 0, 3, 0, 3, 1, 3, 1, 1, 0, 1, 3]|[0, 1, 1, 2, 1, 0, 0, 1, 1, 0, 0, 1, 2, 1, 1, 1, 1, 1, 1, 0];[12, 10, 15, 19, 14, 7, 8, 5, 1, 4, 3, 2, 16, 13, 17, 9, 18, 0, 11, 6]|[0, 0, 0, 2, 2, 0, 1, 2, 0, 1, 2, 0, 1, 0, 0, 0, 0, 0, 2, 1]|[2, 3, 3, 0, 1, 3, 1, 1, 3, 1, 1, 3, 1, 3, 3, 3, 3, 3, 1, 1]|[1, 2, 0, 1, 0, 2, 1, 1, 1, 0, 1, 0, 1, 2, 1, 2, 0, 2, 0, 0];[1, 5, 14, 16, 19, 9, 10, 11, 6, 8, 15, 3, 2, 12, 18, 13, 17, 7, 4, 0]|[0, 2, 0, 2, 2, 1, 0, 0, 2, 0, 2, 1, 1, 1, 1, 1, 1, 0, 1, 0]|[3, 0, 3, 0, 0, 1, 2, 3, 0, 3, 0, 1, 1, 1, 1, 1, 1, 3, 1, 3]|[2, 1, 2, 0, 1, 1, 0, 0, 1, 2, 0, 1, 1, 1, 1, 1, 1, 0, 1, 0];[1, 5, 14, 16, 19, 9, 10, 11, 6, 8, 15, 3, 2, 12, 18, 13, 17, 7, 4, 0]|[0, 2, 0, 2, 2, 1, 0, 0, 2, 0, 2, 1, 1, 1, 1, 1, 1, 0, 1, 0]|[3, 0, 3, 0, 0, 1, 2, 3, 0, 3, 0, 1, 1, 1, 1, 1, 1, 3, 1, 3]|[2, 1, 2, 0, 1, 1, 0, 0, 1, 2, 0, 1, 1, 1, 1, 1, 1, 0, 1, 0];[1, 2, 13, 14, 19, 4, 16, 5, 3, 10, 11, 6, 18, 17, 7, 12, 0, 15, 9, 8]|[0, 1, 1, 0, 2, 1, 2, 2, 1, 0, 0, 2, 0, 0, 0, 1, 1, 2, 1, 0]|[3, 1, 1, 3, 0, 1, 0, 0, 0, 0, 3, 0, 3, 1, 3, 1, 1, 0, 1, 3]|[0, 1, 1, 2, 1, 0, 0, 1, 1, 1, 0, 1, 2, 1, 1, 1, 1, 0, 1, 0];[19, 9, 12, 2, 10, 14, 15, 1, 16, 7, 3, 4, 18, 8, 0, 11, 17, 13, 5, 6]|[0, 0, 0, 0, 2, 2, 0, 0, 1, 0, 2, 1, 0, 0, 0, 2, 1, 0, 2, 1]|[3, 3, 3, 3, 0, 1, 3, 0, 1, 3, 1, 1, 3, 2, 3, 1, 1, 3, 1, 1]|[0, 2, 1, 0, 1, 0, 2, 1, 1, 0, 1, 0, 2, 0, 1, 1, 1, 2, 0, 1];[2, 13, 11, 10, 14, 15, 16, 12, 18, 3, 4, 9, 19, 6, 7, 0, 8, 1, 17, 5]|[0, 0, 0, 0, 2, 0, 1, 2, 0, 2, 1, 0, 2, 1, 0, 0, 0, 0, 2, 1]|[3, 3, 3, 1, 1, 3, 1, 0, 3, 1, 1, 3, 1, 1, 3, 2, 3, 0, 1, 1]|[0, 2, 0, 1, 0, 2, 1, 0, 1, 1, 0, 2, 1, 1, 0, 0, 2, 1, 0, 1];[1, 19, 13, 14, 2, 4, 16, 5, 3, 10, 11, 6, 18, 9, 12, 0, 7, 15, 17, 8]|[0, 1, 1, 0, 2, 1, 2, 2, 1, 0, 0, 2, 0, 1, 0, 1, 1, 2, 1, 0]|[3, 1, 1, 3, 0, 1, 0, 0, 1, 3, 3, 0, 3, 1, 3, 1, 1, 0, 1, 3]|[0, 1, 1, 2, 1, 1, 0, 1, 1, 1, 0, 1, 2, 1, 0, 1, 1, 0, 1, 0];[1, 2, 13, 17, 10, 14, 9, 12, 16, 15, 3, 4, 7, 6, 11, 18, 0, 8, 19, 5]|[0, 0, 0, 0, 2, 2, 0, 0, 1, 0, 2, 1, 0, 1, 2, 0, 0, 0, 2, 1]|[3, 3, 3, 3, 1, 1, 3, 3, 1, 3, 1, 1, 3, 1, 1, 3, 2, 3, 1, 1]|[1, 0, 2, 0, 1, 0, 2, 1, 1, 2, 1, 0, 0, 1, 1, 1, 0, 2, 0, 1];[2, 12, 10, 15, 19, 18, 9, 1, 16, 13, 3, 5, 11, 6, 0, 7, 17, 14, 4, 8]|[0, 0, 0, 0, 2, 2, 0, 0, 1, 0, 2, 1, 0, 1, 2, 0, 0, 0, 2, 1]|[3, 0, 3, 3, 1, 1, 3, 3, 1, 3, 1, 1, 3, 1, 1, 3, 3, 3, 1, 1]|[0, 1, 2, 0, 1, 0, 2, 1, 1, 2, 1, 0, 0, 1, 1, 1, 0, 2, 0, 0];[5, 4, 3, 15, 17, 12, 9, 18, 8, 6, 10, 11, 7, 1, 16, 14, 13, 19, 2, 0]|[0, 1, 1, 2, 1, 1, 0, 1, 0, 2, 0, 0, 1, 2, 2, 1, 0, 2, 1, 0]|[3, 1, 1, 0, 1, 1, 3, 1, 3, 0, 3, 3, 1, 0, 0, 1, 3, 0, 1, 3]|[0, 1, 1, 0, 1, 1, 1, 1, 2, 1, 0, 0, 1, 1, 0, 1, 2, 1, 1, 0];[5, 4, 3, 15, 17, 12, 9, 18, 8, 6, 10, 11, 7, 1, 16, 14, 13, 19, 2, 0]|[0, 1, 1, 2, 1, 1, 0, 1, 0, 2, 0, 0, 1, 2, 2, 1, 0, 2, 1, 0]|[3, 1, 1, 0, 1, 1, 3, 1, 3, 0, 3, 3, 1, 0, 0, 1, 3, 0, 1, 3]|[0, 1, 1, 0, 1, 1, 1, 1, 2, 1, 0, 0, 1, 1, 0, 1, 2, 1, 1, 0];[19, 6, 5, 4, 16, 14, 12, 17, 2, 10, 18, 15, 7, 0, 11, 9, 13, 8, 3, 1]|[2, 1, 2, 1, 2, 2, 1, 2, 0, 1, 0, 0, 0, 0, 0, 1, 1, 1, 0, 0]|[0, 1, 0, 1, 0, 0, 0, 0, 3, 1, 3, 3, 3, 3, 3, 1, 1, 1, 3, 3]|[1, 1, 1, 0, 0, 1, 1, 1, 0, 1, 2, 0, 1, 0, 2, 1, 1, 1, 0, 0];[19, 6, 5, 4, 16, 14, 12, 17, 2, 10, 18, 15, 7, 0, 11, 9, 13, 8, 3, 1]|[2, 1, 2, 1, 2, 2, 1, 2, 0, 1, 0, 0, 0, 0, 0, 1, 1, 1, 0, 0]|[0, 1, 0, 1, 0, 0, 0, 0, 3, 1, 3, 3, 3, 3, 3, 1, 1, 1, 3, 3]|[1, 1, 1, 0, 0, 1, 1, 1, 0, 1, 2, 0, 1, 0, 2, 1, 1, 1, 0, 0];[2, 12, 15, 9, 10, 14, 19, 0, 16, 13, 3, 4, 7, 6, 11, 1, 18, 8, 17, 5]|[0, 0, 0, 0, 2, 2, 0, 0, 1, 0, 2, 1, 0, 1, 2, 0, 0, 0, 2, 1]|[0, 1, 3, 3, 1, 1, 3, 3, 1, 3, 1, 1, 3, 1, 1, 3, 2, 3, 1, 1]|[1, 0, 2, 2, 1, 0, 0, 1, 1, 2, 1, 0, 0, 1, 1, 1, 0, 2, 0, 0];[2, 12, 15, 9, 10, 14, 19, 0, 16, 13, 3, 4, 7, 6, 11, 1, 18, 8, 17, 5]|[0, 0, 0, 0, 2, 2, 0, 0, 1, 0, 2, 1, 0, 1, 2, 0, 0, 0, 2, 1]|[0, 1, 3, 3, 1, 1, 3, 3, 1, 3, 1, 1, 3, 1, 1, 3, 2, 3, 1, 1]|[1, 0, 2, 2, 1, 0, 0, 1, 1, 2, 1, 0, 0, 1, 1, 1, 0, 2, 0, 0];[2, 12, 15, 9, 10, 14, 19, 0, 16, 13, 3, 4, 7, 6, 11, 1, 18, 8, 17, 5]|[0, 0, 0, 0, 2, 2, 0, 0, 1, 0, 2, 1, 0, 1, 2, 0, 0, 0, 2, 1]|[0, 1, 3, 3, 1, 1, 3, 3, 1, 3, 1, 1, 3, 1, 1, 3, 2, 3, 1, 1]|[1, 0, 2, 2, 1, 0, 0, 1, 1, 2, 1, 0, 0, 1, 1, 1, 0, 2, 0, 0];[2, 12, 15, 9, 10, 14, 19, 0, 16, 13, 3, 4, 7, 6, 11, 1, 18, 8, 17, 5]|[0, 0, 0, 0, 2, 2, 0, 0, 1, 0, 2, 1, 0, 1, 2, 0, 0, 0, 2, 1]|[0, 1, 3, 3, 1, 1, 3, 3, 1, 3, 1, 1, 3, 1, 1, 3, 2, 3, 1, 1]|[1, 0, 2, 2, 1, 0, 0, 1, 1, 2, 1, 0, 0, 1, 1, 1, 0, 2, 0, 0];[19, 2, 12, 13, 10, 14, 9, 18, 16, 15, 6, 4, 7, 3, 11, 1, 0, 8, 17, 5]|[0, 0, 0, 0, 2, 2, 0, 0, 1, 0, 2, 1, 0, 1, 2, 0, 0, 0, 2, 1]|[3, 0, 3, 3, 1, 1, 3, 3, 1, 3, 1, 1, 3, 1, 1, 3, 2, 3, 1, 1]|[0, 1, 2, 0, 1, 0, 2, 1, 1, 2, 1, 0, 0, 1, 1, 1, 0, 2, 0, 0];[19, 2, 12, 13, 10, 14, 9, 18, 16, 15, 6, 4, 7, 3, 11, 1, 0, 8, 17, 5]|[0, 0, 0, 0, 2, 2, 0, 0, 1, 0, 2, 1, 0, 1, 2, 0, 0, 0, 2, 1]|[3, 0, 3, 3, 1, 1, 3, 3, 1, 3, 1, 1, 3, 1, 1, 3, 2, 3, 1, 1]|[0, 1, 2, 0, 1, 0, 2, 1, 1, 2, 1, 0, 0, 1, 1, 1, 0, 2, 0, 0];[2, 19, 8, 12, 10, 14, 1, 16, 15, 3, 4, 7, 6, 11, 0, 13, 18, 9, 17, 5]|[0, 0, 0, 0, 2, 2, 0, 1, 0, 2, 1, 0, 1, 2, 0, 0, 0, 0, 2, 1]|[0, 3, 3, 3, 1, 1, 3, 1, 3, 1, 1, 3, 1, 1, 3, 2, 3, 3, 0, 1]|[1, 0, 2, 0, 1, 0, 1, 1, 2, 1, 0, 0, 1, 1, 1, 0, 2, 0, 0, 0];[2, 19, 8, 12, 10, 14, 1, 16, 15, 3, 4, 7, 6, 11, 0, 13, 18, 9, 17, 5]|[0, 0, 0, 0, 2, 2, 0, 1, 0, 2, 1, 0, 1, 2, 0, 0, 0, 0, 2, 1]|[0, 3, 3, 3, 1, 1, 3, 1, 3, 1, 1, 3, 1, 1, 3, 2, 3, 3, 0, 1]|[1, 0, 2, 0, 1, 0, 1, 1, 2, 1, 0, 0, 1, 1, 1, 0, 2, 0, 0, 0];[2, 19, 8, 12, 10, 14, 1, 16, 15, 3, 4, 7, 6, 11, 0, 13, 18, 9, 17, 5]|[0, 0, 0, 0, 2, 2, 0, 1, 0, 2, 1, 0, 1, 2, 0, 0, 0, 0, 2, 1]|[0, 3, 3, 3, 1, 1, 3, 1, 3, 1, 1, 3, 1, 1, 3, 2, 3, 3, 0, 1]|[1, 0, 2, 0, 1, 0, 1, 1, 2, 1, 0, 0, 1, 1, 1, 0, 2, 0, 0, 0];[2, 19, 8, 12, 10, 14, 1, 16, 15, 3, 4, 7, 6, 11, 0, 13, 18, 9, 17, 5]|[0, 0, 0, 0, 2, 2, 0, 1, 0, 2, 1, 0, 1, 2, 0, 0, 0, 0, 2, 1]|[0, 3, 3, 3, 1, 1, 3, 1, 3, 1, 1, 3, 1, 1, 3, 2, 3, 3, 0, 1]|[1, 0, 2, 0, 1, 0, 1, 1, 2, 1, 0, 0, 1, 1, 1, 0, 2, 0, 0, 0];[2, 12, 15, 19, 10, 14, 9, 1, 16, 13, 3, 4, 7, 6, 11, 0, 17, 8, 5, 18]|[0, 0, 0, 0, 2, 2, 0, 0, 1, 0, 2, 1, 0, 1, 2, 0, 0, 0, 2, 1]|[0, 3, 3, 3, 1, 1, 3, 3, 1, 3, 1, 1, 3, 1, 1, 3, 2, 3, 1, 1]|[1, 0, 2, 0, 1, 0, 2, 1, 1, 2, 1, 0, 0, 1, 1, 1, 0, 2, 0, 0];[2, 12, 15, 19, 10, 14, 9, 1, 16, 13, 3, 4, 7, 6, 11, 0, 17, 8, 5, 18]|[0, 0, 0, 0, 2, 2, 0, 0, 1, 0, 2, 1, 0, 1, 2, 0, 0, 0, 2, 1]|[0, 3, 3, 3, 1, 1, 3, 3, 1, 3, 1, 1, 3, 1, 1, 3, 2, 3, 1, 1]|[1, 0, 2, 0, 1, 0, 2, 1, 1, 2, 1, 0, 0, 1, 1, 1, 0, 2, 0, 0];[2, 12, 15, 19, 10, 14, 9, 1, 16, 13, 3, 4, 7, 6, 11, 0, 17, 8, 5, 18]|[0, 0, 0, 0, 2, 2, 0, 0, 1, 0, 2, 1, 0, 1, 2, 0, 0, 0, 2, 1]|[0, 3, 3, 3, 1, 1, 3, 3, 1, 3, 1, 1, 3, 1, 1, 3, 2, 3, 1, 1]|[1, 0, 2, 0, 1, 0, 2, 1, 1, 2, 1, 0, 0, 1, 1, 1, 0, 2, 0, 0];[2, 12, 15, 19, 10, 14, 9, 1, 16, 13, 3, 4, 7, 6, 11, 0, 17, 8, 5, 18]|[0, 0, 0, 0, 2, 2, 0, 0, 1, 0, 2, 1, 0, 1, 2, 0, 0, 0, 2, 1]|[0, 3, 3, 3, 1, 1, 3, 3, 1, 3, 1, 1, 3, 1, 1, 3, 2, 3, 1, 1]|[1, 0, 2, 0, 1, 0, 2, 1, 1, 2, 1, 0, 0, 1, 1, 1, 0, 2, 0, 0];[5, 4, 14, 10, 2, 13, 16, 19, 17, 7, 18, 0, 8, 12, 1, 11, 3, 15, 6, 9]|[0, 1, 1, 0, 2, 1, 2, 2, 1, 0, 0, 2, 0, 0, 1, 1, 1, 2, 1, 0]|[3, 1, 1, 3, 0, 1, 0, 0, 1, 3, 3, 0, 3, 3, 1, 1, 1, 0, 1, 3]|[0, 1, 1, 2, 1, 1, 0, 1, 1, 0, 0, 1, 2, 1, 1, 1, 1, 1, 1, 0];[5, 4, 14, 10, 2, 13, 16, 19, 17, 7, 18, 0, 8, 12, 1, 11, 3, 15, 6, 9]|[0, 1, 1, 0, 2, 1, 2, 2, 1, 0, 0, 2, 0, 0, 1, 1, 1, 2, 1, 0]|[3, 1, 1, 3, 0, 1, 0, 0, 1, 3, 3, 0, 3, 3, 1, 1, 1, 0, 1, 3]|[0, 1, 1, 2, 1, 1, 0, 1, 1, 0, 0, 1, 2, 1, 1, 1, 1, 1, 1, 0];[2, 12, 15, 19, 10, 14, 9, 1, 16, 3, 13, 4, 7, 6, 11, 0, 8, 18, 17, 5]|[0, 0, 0, 0, 2, 2, 0, 0, 1, 0, 2, 1, 0, 1, 2, 0, 0, 0, 2, 1]|[3, 3, 3, 3, 1, 1, 3, 3, 1, 3, 1, 1, 3, 1, 1, 3, 2, 3, 1, 1]|[1, 0, 2, 0, 1, 0, 2, 1, 1, 2, 1, 0, 0, 1, 1, 1, 0, 2, 0, 1];[1, 2, 13, 14, 19, 4, 16, 5, 3, 10, 11, 6, 8, 12, 7, 9, 18, 17, 15, 0]|[0, 1, 1, 0, 2, 1, 2, 2, 1, 0, 0, 2, 0, 1, 0, 1, 1, 2, 1, 0]|[3, 1, 0, 3, 0, 1, 0, 0, 0, 0, 0, 0, 1, 1, 3, 1, 1, 0, 1, 3]|[0, 1, 1, 2, 1, 0, 0, 1, 1, 1, 0, 1, 2, 1, 1, 1, 1, 1, 1, 0];[1, 4, 19, 2, 14, 13, 16, 5, 3, 17, 11, 6, 8, 9, 7, 18, 12, 15, 10, 0]|[0, 1, 1, 2, 0, 1, 2, 2, 1, 0, 0, 2, 0, 1, 0, 1, 1, 2, 1, 0]|[3, 1, 1, 0, 3, 1, 0, 0, 1, 3, 3, 0, 3, 1, 3, 1, 1, 0, 1, 3]|[2, 1, 1, 1, 2, 1, 0, 1, 1, 0, 0, 1, 2, 1, 1, 1, 1, 0, 1, 0];[1, 4, 19, 2, 14, 13, 16, 5, 3, 17, 11, 6, 8, 9, 7, 18, 12, 15, 10, 0]|[0, 1, 1, 2, 0, 1, 2, 2, 1, 0, 0, 2, 0, 1, 0, 1, 1, 2, 1, 0]|[3, 1, 1, 0, 3, 1, 0, 0, 1, 3, 3, 0, 3, 1, 3, 1, 1, 0, 1, 3]|[2, 1, 1, 1, 2, 1, 0, 1, 1, 0, 0, 1, 2, 1, 1, 1, 1, 0, 1, 0];[2, 19, 15, 12, 10, 14, 9, 18, 16, 13, 3, 4, 8, 6, 1, 11, 0, 7, 5, 17]|[0, 0, 0, 0, 2, 2, 2, 0, 1, 0, 2, 1, 0, 1, 0, 0, 0, 0, 2, 1]|[0, 3, 3, 3, 1, 1, 1, 3, 1, 3, 1, 1, 2, 1, 3, 3, 3, 3, 1, 1]|[1, 0, 2, 0, 1, 0, 0, 1, 1, 2, 1, 0, 0, 1, 1, 0, 2, 1, 0, 0];[2, 19, 15, 12, 10, 14, 9, 18, 16, 13, 3, 4, 8, 6, 1, 11, 0, 7, 5, 17]|[0, 0, 0, 0, 2, 2, 2, 0, 1, 0, 2, 1, 0, 1, 0, 0, 0, 0, 2, 1]|[0, 3, 3, 3, 1, 1, 1, 3, 1, 3, 1, 1, 2, 1, 3, 3, 3, 3, 1, 1]|[1, 0, 2, 0, 1, 0, 0, 1, 1, 2, 1, 0, 0, 1, 1, 0, 2, 1, 0, 0];[2, 19, 15, 12, 10, 14, 9, 18, 16, 13, 3, 4, 8, 6, 1, 11, 0, 7, 5, 17]|[0, 0, 0, 0, 2, 2, 2, 0, 1, 0, 2, 1, 0, 1, 0, 0, 0, 0, 2, 1]|[0, 3, 3, 3, 1, 1, 1, 3, 1, 3, 1, 1, 2, 1, 3, 3, 3, 3, 1, 1]|[1, 0, 2, 0, 1, 0, 0, 1, 1, 2, 1, 0, 0, 1, 1, 0, 2, 1, 0, 0];[19, 15, 11, 2, 10, 14, 9, 1, 16, 13, 18, 4, 7, 12, 6, 0, 17, 8, 5, 3]|[0, 0, 0, 0, 2, 2, 0, 0, 1, 0, 2, 1, 0, 1, 2, 0, 0, 0, 2, 1]|[3, 3, 3, 0, 1, 1, 3, 3, 1, 3, 1, 1, 3, 1, 1, 3, 2, 3, 1, 1]|[0, 2, 0, 1, 1, 0, 2, 1, 1, 2, 1, 0, 0, 1, 1, 1, 0, 2, 0, 1];[19, 15, 11, 2, 10, 14, 9, 1, 16, 13, 18, 4, 7, 12, 6, 0, 17, 8, 5, 3]|[0, 0, 0, 0, 2, 2, 0, 0, 1, 0, 2, 1, 0, 1, 2, 0, 0, 0, 2, 1]|[3, 3, 3, 0, 1, 1, 3, 3, 1, 3, 1, 1, 3, 1, 1, 3, 2, 3, 1, 1]|[0, 2, 0, 1, 1, 0, 2, 1, 1, 2, 1, 0, 0, 1, 1, 1, 0, 2, 0, 1];[1, 19, 14, 2, 8, 6, 0, 15, 12, 17, 3, 11, 7, 10, 9, 13, 5, 16, 4, 18]|[0, 1, 0, 2, 1, 2, 1, 0, 1, 1, 0, 0, 2, 0, 1, 1, 2, 2, 1, 0]|[3, 1, 3, 0, 1, 0, 1, 3, 1, 1, 3, 3, 0, 3, 1, 1, 0, 0, 1, 3]|[1, 1, 2, 1, 1, 0, 1, 0, 1, 1, 1, 0, 1, 2, 1, 1, 1, 1, 1, 0];[2, 12, 15, 19, 10, 14, 9, 1, 16, 13, 6, 0, 7, 3, 11, 18, 17, 8, 4, 5]|[0, 0, 0, 0, 2, 2, 0, 0, 1, 0, 2, 1, 0, 1, 2, 0, 0, 0, 2, 1]|[3, 3, 3, 3, 1, 1, 3, 3, 1, 3, 1, 1, 3, 1, 1, 3, 2, 3, 1, 1]|[1, 0, 2, 0, 1, 0, 2, 1, 1, 2, 1, 0, 0, 1, 1, 1, 0, 2, 0, 1];[1, 2, 13, 18, 6, 11, 10, 3, 5, 16, 4, 19, 14, 17, 7, 12, 0, 15, 9, 8]|[0, 1, 1, 0, 2, 0, 0, 1, 2, 2, 1, 2, 0, 0, 0, 1, 1, 2, 1, 0]|[3, 1, 1, 2, 0, 3, 0, 0, 0, 0, 1, 1, 3, 1, 3, 1, 1, 0, 1, 3]|[0, 1, 1, 2, 1, 0, 1, 1, 1, 0, 0, 1, 2, 1, 1, 1, 1, 0, 1, 0];[1, 2, 13, 14, 19, 4, 16, 5, 3, 10, 11, 6, 18, 7, 9, 12, 17, 0, 15, 8]|[0, 0, 1, 0, 2, 1, 2, 2, 1, 0, 0, 2, 0, 1, 0, 1, 1, 2, 1, 0]|[3, 0, 0, 3, 1, 1, 0, 0, 0, 2, 3, 0, 3, 1, 0, 1, 1, 0, 0, 3]|[2, 1, 1, 2, 1, 0, 0, 1, 1, 0, 0, 1, 2, 1, 1, 1, 1, 1, 1, 2];[12, 5, 4, 15, 11, 19, 1, 16, 3, 9, 0, 10, 2, 14, 6, 17, 13, 18, 7, 8]|[0, 2, 0, 2, 0, 1, 0, 2, 1, 2, 2, 1, 2, 0, 1, 1, 1, 2, 1, 0]|[3, 0, 3, 1, 0, 1, 2, 1, 1, 0, 0, 1, 1, 3, 0, 1, 1, 0, 1, 3]|[0, 0, 2, 1, 1, 1, 0, 0, 1, 1, 1, 1, 1, 2, 0, 1, 1, 0, 1, 0];[12, 5, 4, 15, 11, 19, 1, 16, 3, 9, 0, 10, 2, 14, 6, 17, 13, 18, 7, 8]|[0, 2, 0, 2, 0, 1, 0, 2, 1, 2, 2, 1, 2, 0, 1, 1, 1, 2, 1, 0]|[3, 0, 3, 1, 0, 1, 2, 1, 1, 0, 0, 1, 1, 3, 0, 1, 1, 0, 1, 3]|[0, 0, 2, 1, 1, 1, 0, 0, 1, 1, 1, 1, 1, 2, 0, 1, 1, 0, 1, 0];[12, 5, 4, 15, 11, 19, 1, 16, 3, 9, 0, 10, 2, 14, 6, 17, 13, 18, 7, 8]|[0, 2, 0, 2, 0, 1, 0, 2, 1, 2, 2, 1, 2, 0, 1, 1, 1, 2, 1, 0]|[3, 0, 3, 1, 0, 1, 2, 1, 1, 0, 0, 1, 1, 3, 0, 1, 1, 0, 1, 3]|[0, 0, 2, 1, 1, 1, 0, 0, 1, 1, 1, 1, 1, 2, 0, 1, 1, 0, 1, 0];[12, 5, 4, 15, 11, 19, 1, 16, 3, 9, 0, 10, 2, 14, 6, 17, 13, 18, 7, 8]|[0, 2, 0, 2, 0, 1, 0, 2, 1, 2, 2, 1, 2, 0, 1, 1, 1, 2, 1, 0]|[3, 0, 3, 1, 0, 1, 2, 1, 1, 0, 0, 1, 1, 3, 0, 1, 1, 0, 1, 3]|[0, 0, 2, 1, 1, 1, 0, 0, 1, 1, 1, 1, 1, 2, 0, 1, 1, 0, 1, 0];[11, 19, 14, 2, 4, 16, 5, 3, 9, 10, 18, 7, 1, 15, 0, 12, 17, 6, 13, 8]|[0, 1, 0, 2, 1, 2, 2, 1, 1, 0, 0, 2, 0, 2, 0, 1, 1, 2, 1, 0]|[0, 0, 1, 1, 1, 0, 1, 0, 1, 3, 3, 0, 3, 0, 3, 1, 1, 0, 0, 3]|[2, 1, 1, 1, 0, 0, 1, 1, 1, 0, 0, 1, 0, 0, 2, 1, 1, 1, 1, 0];[11, 19, 14, 2, 4, 16, 5, 3, 9, 10, 18, 7, 1, 15, 0, 12, 17, 6, 13, 8]|[0, 1, 0, 2, 1, 2, 2, 1, 1, 0, 0, 2, 0, 2, 0, 1, 1, 2, 1, 0]|[0, 0, 1, 1, 1, 0, 1, 0, 1, 3, 3, 0, 3, 0, 3, 1, 1, 0, 0, 3]|[2, 1, 1, 1, 0, 0, 1, 1, 1, 0, 0, 1, 0, 0, 2, 1, 1, 1, 1, 0];[11, 19, 14, 2, 4, 16, 5, 3, 9, 10, 18, 7, 1, 15, 0, 12, 17, 6, 13, 8]|[0, 1, 0, 2, 1, 2, 2, 1, 1, 0, 0, 2, 0, 2, 0, 1, 1, 2, 1, 0]|[0, 0, 1, 1, 1, 0, 1, 0, 1, 3, 3, 0, 3, 0, 3, 1, 1, 0, 0, 3]|[2, 1, 1, 1, 0, 0, 1, 1, 1, 0, 0, 1, 0, 0, 2, 1, 1, 1, 1, 0];[11, 19, 14, 2, 4, 16, 5, 3, 9, 10, 18, 7, 1, 15, 0, 12, 17, 6, 13, 8]|[0, 1, 0, 2, 1, 2, 2, 1, 1, 0, 0, 2, 0, 2, 0, 1, 1, 2, 1, 0]|[0, 0, 1, 1, 1, 0, 1, 0, 1, 3, 3, 0, 3, 0, 3, 1, 1, 0, 0, 3]|[2, 1, 1, 1, 0, 0, 1, 1, 1, 0, 0, 1, 0, 0, 2, 1, 1, 1, 1, 0];[19, 14, 2, 4, 16, 5, 3, 12, 10, 6, 0, 18, 9, 8, 15, 11, 7, 17, 13, 1]|[1, 0, 2, 1, 2, 2, 1, 1, 1, 0, 0, 0, 1, 1, 2, 2, 0, 0, 0, 0]|[0, 3, 0, 1, 0, 0, 1, 1, 1, 3, 3, 3, 1, 1, 1, 1, 3, 3, 3, 3]|[1, 0, 1, 0, 0, 1, 1, 1, 1, 0, 2, 0, 1, 1, 1, 0, 0, 0, 2, 0];[1, 2, 14, 10, 19, 6, 5, 3, 4, 13, 11, 8, 9, 7, 17, 12, 16, 18, 15, 0]|[0, 1, 0, 2, 1, 2, 2, 1, 0, 0, 0, 0, 1, 1, 2, 1, 2, 2, 1, 0]|[1, 0, 2, 1, 1, 0, 0, 1, 0, 3, 0, 3, 1, 1, 0, 1, 0, 0, 1, 3]|[0, 0, 2, 1, 1, 0, 1, 1, 0, 1, 0, 2, 1, 1, 1, 1, 1, 1, 1, 0];[19, 14, 5, 4, 16, 2, 3, 9, 17, 6, 15, 11, 7, 8, 12, 10, 13, 18, 0, 1]|[1, 0, 2, 1, 2, 2, 1, 0, 0, 1, 1, 0, 0, 1, 2, 2, 2, 1, 0, 0]|[0, 0, 1, 1, 0, 1, 0, 3, 3, 0, 1, 0, 3, 1, 0, 0, 0, 1, 3, 3]|[1, 2, 1, 0, 0, 1, 1, 0, 0, 0, 1, 1, 0, 1, 1, 1, 0, 1, 2, 0];[19, 14, 5, 4, 16, 2, 3, 9, 17, 6, 15, 11, 7, 8, 12, 10, 13, 18, 0, 1]|[1, 0, 2, 1, 2, 2, 1, 0, 0, 1, 1, 0, 0, 1, 2, 2, 2, 1, 0, 0]|[0, 0, 1, 1, 0, 1, 0, 3, 3, 0, 1, 0, 3, 1, 0, 0, 0, 1, 3, 3]|[1, 2, 1, 0, 0, 1, 1, 0, 0, 0, 1, 1, 0, 1, 1, 1, 0, 1, 2, 0];[19, 14, 5, 4, 16, 2, 3, 9, 17, 6, 15, 11, 7, 8, 12, 10, 13, 18, 0, 1]|[1, 0, 2, 1, 2, 2, 1, 0, 0, 1, 1, 0, 0, 1, 2, 2, 2, 1, 0, 0]|[0, 0, 1, 1, 0, 1, 0, 3, 3, 0, 1, 0, 3, 1, 0, 0, 0, 1, 3, 3]|[1, 2, 1, 0, 0, 1, 1, 0, 0, 0, 1, 1, 0, 1, 1, 1, 0, 1, 2, 0];[19, 14, 5, 4, 16, 2, 3, 9, 17, 6, 15, 11, 7, 8, 12, 10, 13, 18, 0, 1]|[1, 0, 2, 1, 2, 2, 1, 0, 0, 1, 1, 0, 0, 1, 2, 2, 2, 1, 0, 0]|[0, 0, 1, 1, 0, 1, 0, 3, 3, 0, 1, 0, 3, 1, 0, 0, 0, 1, 3, 3]|[1, 2, 1, 0, 0, 1, 1, 0, 0, 0, 1, 1, 0, 1, 1, 1, 0, 1, 2, 0];[5, 4, 14, 10, 11, 19, 16, 6, 3, 15, 0, 1, 8, 13, 18, 7, 12, 2, 9, 17]|[0, 1, 1, 0, 2, 1, 2, 2, 1, 0, 0, 2, 0, 1, 0, 1, 1, 2, 1, 0]|[3, 1, 0, 3, 0, 1, 0, 0, 0, 2, 3, 0, 3, 1, 3, 1, 1, 0, 1, 3]|[0, 1, 1, 2, 1, 0, 0, 1, 1, 1, 0, 0, 2, 1, 1, 1, 1, 0, 1, 0];[1, 13, 5, 2, 16, 12, 11, 4, 9, 0, 7, 6, 10, 14, 8, 3, 19, 18, 15, 17]|[0, 1, 2, 2, 2, 1, 0, 0, 0, 0, 1, 2, 2, 0, 1, 1, 1, 1, 2, 2]|[0, 0, 0, 0, 1, 1, 0, 3, 3, 3, 1, 0, 0, 3, 1, 1, 1, 1, 1, 1]|[2, 0, 1, 1, 0, 1, 1, 0, 2, 1, 1, 1, 1, 0, 1, 1, 1, 1, 0, 0];[19, 4, 2, 13, 16, 5, 11, 18, 7, 17, 15, 12, 10, 1, 3, 8, 9, 6, 14, 0]|[1, 1, 2, 1, 2, 2, 0, 1, 2, 1, 1, 1, 0, 0, 0, 0, 0, 2, 0, 0]|[1, 1, 0, 1, 0, 0, 3, 1, 0, 1, 1, 1, 3, 3, 3, 3, 3, 0, 3, 3]|[1, 1, 1, 1, 0, 1, 0, 1, 0, 1, 1, 1, 0, 0, 0, 2, 0, 1, 0, 2];[19, 4, 2, 13, 16, 5, 11, 18, 7, 17, 15, 12, 10, 1, 3, 8, 9, 6, 14, 0]|[1, 1, 2, 1, 2, 2, 0, 1, 2, 1, 1, 1, 0, 0, 0, 0, 0, 2, 0, 0]|[1, 1, 0, 1, 0, 0, 3, 1, 0, 1, 1, 1, 3, 3, 3, 3, 3, 0, 3, 3]|[1, 1, 1, 1, 0, 1, 0, 1, 0, 1, 1, 1, 0, 0, 0, 2, 0, 1, 0, 2];[1, 9, 4, 5, 14, 13, 2, 15, 17, 10, 8, 6, 16, 12, 19, 11, 0, 7, 3, 18]|[0, 1, 1, 2, 0, 1, 1, 0, 0, 1, 0, 2, 2, 2, 2, 1, 0, 2, 1, 0]|[1, 0, 1, 1, 2, 0, 1, 0, 3, 0, 3, 0, 0, 0, 0, 1, 3, 0, 0, 3]|[2, 1, 0, 0, 0, 1, 1, 0, 1, 1, 2, 1, 1, 0, 1, 0, 0, 1, 1, 0];[1, 9, 4, 5, 14, 13, 2, 15, 17, 10, 8, 6, 16, 12, 19, 11, 0, 7, 3, 18]|[0, 1, 1, 2, 0, 1, 1, 0, 0, 1, 0, 2, 2, 2, 2, 1, 0, 2, 1, 0]|[1, 0, 1, 1, 2, 0, 1, 0, 3, 0, 3, 0, 0, 0, 0, 1, 3, 0, 0, 3]|[2, 1, 0, 0, 0, 1, 1, 0, 1, 1, 2, 1, 1, 0, 1, 0, 0, 1, 1, 0];[5, 2, 14, 12, 15, 3, 6, 11, 1, 9, 10, 4, 13, 16, 19, 17, 0, 7, 18, 8]|[0, 1, 1, 1, 2, 0, 2, 2, 0, 1, 0, 2, 1, 2, 2, 1, 1, 2, 0, 0]|[0, 1, 1, 1, 0, 3, 0, 1, 3, 1, 3, 1, 1, 0, 1, 0, 0, 0, 1, 3]|[0, 1, 1, 1, 0, 2, 0, 1, 1, 1, 2, 1, 0, 0, 1, 1, 1, 1, 1, 0];[5, 2, 14, 10, 4, 13, 16, 19, 17, 0, 11, 9, 12, 3, 18, 15, 6, 1, 7, 8]|[0, 1, 0, 2, 1, 1, 2, 2, 1, 0, 1, 2, 2, 0, 0, 2, 1, 2, 1, 0]|[0, 0, 3, 1, 1, 1, 0, 1, 0, 3, 0, 0, 1, 0, 3, 0, 1, 0, 1, 3]|[0, 0, 2, 1, 1, 1, 0, 1, 1, 2, 0, 0, 0, 1, 0, 1, 1, 1, 1, 0];[5, 2, 14, 10, 4, 13, 16, 19, 17, 0, 11, 9, 12, 3, 18, 15, 6, 1, 7, 8]|[0, 1, 0, 2, 1, 1, 2, 2, 1, 0, 1, 2, 2, 0, 0, 2, 1, 2, 1, 0]|[0, 0, 3, 1, 1, 1, 0, 1, 0, 3, 0, 0, 1, 0, 3, 0, 1, 0, 1, 3]|[0, 0, 2, 1, 1, 1, 0, 1, 1, 2, 0, 0, 0, 1, 0, 1, 1, 1, 1, 0];[5, 2, 14, 10, 4, 13, 16, 19, 17, 0, 11, 9, 12, 3, 18, 15, 6, 1, 7, 8]|[0, 1, 0, 2, 1, 1, 2, 2, 1, 0, 1, 2, 2, 0, 0, 2, 1, 2, 1, 0]|[0, 0, 3, 1, 1, 1, 0, 1, 0, 3, 0, 0, 1, 0, 3, 0, 1, 0, 1, 3]|[0, 0, 2, 1, 1, 1, 0, 1, 1, 2, 0, 0, 0, 1, 0, 1, 1, 1, 1, 0];[5, 2, 14, 10, 4, 13, 16, 19, 17, 0, 11, 9, 12, 3, 18, 15, 6, 1, 7, 8]|[0, 1, 0, 2, 1, 1, 2, 2, 1, 0, 1, 2, 2, 0, 0, 2, 1, 2, 1, 0]|[0, 0, 3, 1, 1, 1, 0, 1, 0, 3, 0, 0, 1, 0, 3, 0, 1, 0, 1, 3]|[0, 0, 2, 1, 1, 1, 0, 1, 1, 2, 0, 0, 0, 1, 0, 1, 1, 1, 1, 0];[5, 6, 19, 10, 2, 14, 12, 7, 15, 3, 18, 11, 8, 16, 17, 13, 4, 9, 0, 1]|[2, 1, 2, 0, 1, 1, 1, 0, 1, 0, 0, 0, 2, 2, 2, 1, 2, 1, 0, 0]|[0, 1, 1, 2, 1, 0, 0, 3, 0, 0, 3, 0, 1, 0, 0, 1, 1, 1, 3, 3]|[0, 1, 1, 2, 1, 0, 1, 0, 1, 1, 1, 0, 1, 0, 0, 0, 1, 1, 0, 2];[5, 6, 19, 10, 2, 14, 12, 7, 15, 3, 18, 11, 8, 16, 17, 13, 4, 9, 0, 1]|[2, 1, 2, 0, 1, 1, 1, 0, 1, 0, 0, 0, 2, 2, 2, 1, 2, 1, 0, 0]|[0, 1, 1, 2, 1, 0, 0, 3, 0, 0, 3, 0, 1, 0, 0, 1, 1, 1, 3, 3]|[0, 1, 1, 2, 1, 0, 1, 0, 1, 1, 1, 0, 1, 0, 0, 0, 1, 1, 0, 2]
fc6diagRound 16	fe=449816	pool=299	target=100	rescued=0	sOriginal=[2, 14, 19, 4, 16, 5, 8, 6, 11, 9, 7, 13, 15, 10, 1, 12, 0, 3, 17, 18]|[0, 0, 2, 1, 2, 2, 0, 0, 2, 0, 0, 1, 1, 1, 1, 1, 2, 1, 1, 0]|[3, 3, 0, 1, 0, 0, 0, 3, 0, 3, 3, 1, 1, 1, 1, 1, 0, 1, 1, 3]|[0, 2, 1, 1, 0, 1, 1, 0, 1, 2, 1, 1, 1, 1, 1, 1, 0, 1, 1, 0];[1, 4, 17, 14, 19, 13, 16, 5, 10, 11, 0, 2, 6, 15, 3, 7, 9, 8, 12, 18]|[0, 1, 1, 0, 2, 1, 2, 2, 1, 0, 0, 2, 0, 1, 1, 1, 2, 1, 0, 0]|[1, 1, 1, 3, 0, 1, 0, 0, 0, 0, 3, 0, 3, 1, 1, 1, 0, 1, 3, 3]|[0, 1, 1, 2, 1, 1, 0, 1, 1, 1, 0, 1, 2, 0, 1, 1, 0, 1, 0, 1];[1, 19, 13, 14, 2, 4, 16, 5, 3, 10, 11, 6, 8, 12, 9, 7, 17, 15, 0, 18]|[0, 1, 1, 0, 2, 1, 2, 2, 1, 0, 0, 2, 0, 1, 0, 1, 1, 2, 1, 0]|[3, 1, 1, 3, 0, 1, 0, 0, 0, 2, 3, 0, 3, 1, 3, 1, 1, 0, 1, 3]|[0, 1, 1, 2, 1, 0, 0, 1, 1, 0, 0, 1, 2, 1, 1, 1, 1, 0, 1, 0];[1, 19, 13, 14, 2, 4, 16, 5, 3, 10, 11, 0, 17, 7, 18, 12, 8, 6, 15, 9]|[0, 1, 1, 0, 2, 1, 2, 2, 1, 0, 0, 2, 0, 1, 0, 1, 1, 2, 1, 0]|[3, 1, 0, 3, 0, 1, 0, 0, 0, 0, 3, 0, 3, 1, 3, 1, 1, 0, 1, 3]|[0, 1, 1, 2, 1, 0, 0, 1, 1, 1, 0, 1, 2, 1, 1, 1, 1, 0, 1, 0];[1, 19, 13, 14, 2, 4, 16, 5, 3, 10, 11, 0, 17, 7, 18, 12, 9, 15, 6, 8]|[0, 1, 1, 0, 2, 1, 2, 2, 1, 0, 0, 2, 0, 1, 0, 1, 1, 2, 1, 0]|[3, 1, 0, 3, 0, 1, 0, 0, 0, 0, 3, 0, 3, 1, 0, 1, 1, 0, 1, 3]|[0, 1, 1, 2, 1, 0, 0, 1, 1, 1, 0, 1, 2, 1, 1, 1, 1, 0, 1, 0];[1, 2, 13, 14, 5, 4, 16, 19, 3, 10, 11, 6, 8, 18, 7, 9, 12, 15, 17, 0]|[0, 1, 1, 0, 2, 1, 2, 2, 1, 0, 0, 2, 0, 1, 0, 1, 1, 2, 1, 0]|[3, 1, 1, 3, 0, 1, 0, 0, 0, 2, 3, 0, 3, 1, 3, 1, 1, 0, 1, 3]|[2, 1, 1, 2, 1, 0, 0, 1, 1, 0, 0, 1, 2, 1, 0, 1, 1, 0, 1, 0];[1, 4, 13, 14, 19, 2, 16, 5, 3, 10, 11, 0, 17, 8, 18, 12, 7, 6, 15, 9]|[0, 1, 1, 0, 2, 1, 2, 2, 1, 0, 0, 2, 0, 1, 0, 1, 1, 2, 1, 0]|[3, 1, 0, 3, 0, 1, 0, 0, 0, 2, 3, 0, 3, 1, 3, 1, 1, 0, 1, 3]|[0, 1, 1, 2, 1, 0, 0, 1, 1, 1, 0, 1, 2, 1, 1, 1, 1, 0, 1, 0];[1, 2, 4, 8, 6, 11, 10, 3, 5, 16, 15, 19, 14, 7, 17, 9, 12, 0, 18, 13]|[0, 1, 1, 0, 1, 0, 0, 1, 2, 2, 1, 2, 0, 0, 2, 1, 2, 1, 1, 0]|[1, 1, 1, 3, 0, 3, 0, 0, 0, 0, 1, 0, 3, 3, 0, 1, 0, 1, 1, 3]|[0, 1, 0, 2, 1, 0, 1, 1, 1, 0, 1, 1, 2, 1, 1, 1, 0, 1, 1, 0];[2, 19, 6, 15, 3, 4, 16, 5, 1, 11, 10, 0, 18, 12, 7, 13, 17, 8, 9, 14]|[0, 1, 1, 0, 2, 1, 2, 2, 1, 0, 0, 2, 0, 1, 0, 1, 1, 2, 1, 0]|[3, 1, 0, 3, 0, 1, 0, 0, 0, 0, 3, 0, 3, 1, 3, 1, 1, 0, 1, 3]|[0, 1, 1, 2, 1, 0, 0, 1, 1, 1, 0, 1, 2, 1, 1, 1, 1, 1, 1, 0];[2, 12, 15, 19, 10, 14, 9, 1, 16, 13, 3, 4, 7, 6, 11, 18, 0, 8, 17, 5]|[0, 0, 0, 0, 2, 2, 0, 0, 1, 0, 2, 1, 0, 1, 2, 0, 0, 0, 2, 1]|[0, 3, 3, 3, 1, 1, 3, 3, 1, 3, 1, 1, 3, 1, 1, 3, 2, 3, 1, 1]|[1, 0, 2, 0, 1, 0, 2, 1, 1, 2, 1, 0, 0, 1, 1, 1, 0, 2, 0, 1];[1, 2, 15, 11, 10, 14, 9, 12, 16, 13, 3, 4, 7, 6, 19, 18, 0, 8, 17, 5]|[0, 0, 0, 0, 2, 2, 0, 0, 1, 0, 2, 1, 0, 1, 2, 0, 0, 0, 2, 1]|[0, 3, 3, 3, 1, 1, 3, 3, 1, 3, 1, 1, 3, 1, 1, 3, 2, 3, 1, 1]|[1, 0, 2, 0, 1, 0, 2, 2, 1, 2, 1, 0, 0, 1, 1, 1, 0, 2, 0, 1];[1, 19, 13, 14, 2, 4, 16, 11, 15, 10, 5, 6, 8, 17, 7, 18, 12, 3, 0, 9]|[0, 1, 1, 0, 2, 1, 2, 2, 1, 0, 0, 2, 0, 1, 0, 1, 1, 2, 1, 0]|[3, 1, 0, 3, 0, 1, 0, 0, 0, 0, 3, 0, 3, 1, 3, 1, 1, 0, 1, 3]|[0, 1, 1, 2, 1, 0, 0, 1, 1, 0, 0, 1, 2, 1, 1, 1, 1, 1, 1, 0];[1, 19, 13, 14, 2, 4, 16, 5, 3, 10, 11, 0, 17, 12, 7, 15, 8, 6, 18, 9]|[0, 1, 1, 0, 2, 1, 2, 2, 1, 0, 0, 2, 0, 1, 0, 1, 1, 2, 1, 0]|[3, 1, 0, 3, 0, 1, 0, 0, 0, 0, 3, 0, 3, 1, 3, 1, 1, 0, 1, 3]|[0, 1, 1, 2, 1, 0, 0, 1, 1, 0, 0, 1, 2, 1, 1, 1, 1, 1, 1, 0];[2, 13, 11, 10, 14, 15, 16, 12, 18, 3, 4, 9, 19, 6, 7, 0, 8, 1, 17, 5]|[0, 0, 0, 0, 2, 0, 1, 2, 0, 2, 1, 0, 2, 1, 0, 0, 0, 0, 2, 1]|[3, 3, 3, 1, 1, 3, 1, 0, 3, 1, 1, 3, 1, 1, 3, 2, 3, 0, 1, 1]|[0, 2, 0, 1, 0, 2, 1, 0, 1, 1, 0, 2, 1, 1, 0, 0, 2, 1, 0, 1];[2, 12, 15, 14, 19, 10, 16, 5, 3, 8, 6, 11, 9, 17, 7, 4, 1, 0, 13, 18]|[0, 1, 1, 0, 2, 1, 2, 2, 1, 0, 0, 2, 0, 1, 0, 1, 1, 2, 1, 0]|[3, 0, 1, 3, 0, 1, 0, 0, 0, 0, 3, 0, 3, 1, 3, 1, 1, 0, 1, 3]|[0, 1, 1, 2, 1, 0, 0, 1, 1, 1, 0, 1, 2, 1, 1, 1, 1, 0, 1, 0];[2, 12, 15, 9, 10, 14, 19, 0, 16, 13, 3, 4, 7, 6, 11, 1, 18, 8, 17, 5]|[0, 0, 0, 0, 2, 2, 0, 0, 1, 0, 2, 1, 0, 1, 2, 0, 0, 0, 2, 1]|[0, 1, 3, 3, 1, 1, 3, 3, 1, 3, 1, 1, 3, 1, 1, 3, 2, 3, 1, 1]|[1, 0, 2, 2, 1, 0, 0, 1, 1, 2, 1, 0, 0, 1, 1, 1, 0, 2, 0, 0];[2, 12, 15, 9, 10, 14, 19, 0, 16, 13, 3, 4, 7, 6, 11, 1, 18, 8, 17, 5]|[0, 0, 0, 0, 2, 2, 0, 0, 1, 0, 2, 1, 0, 1, 2, 0, 0, 0, 2, 1]|[0, 1, 3, 3, 1, 1, 3, 3, 1, 3, 1, 1, 3, 1, 1, 3, 2, 3, 1, 1]|[1, 0, 2, 2, 1, 0, 0, 1, 1, 2, 1, 0, 0, 1, 1, 1, 0, 2, 0, 0];[2, 12, 15, 9, 10, 14, 19, 0, 16, 13, 3, 4, 7, 6, 11, 1, 18, 8, 17, 5]|[0, 0, 0, 0, 2, 2, 0, 0, 1, 0, 2, 1, 0, 1, 2, 0, 0, 0, 2, 1]|[0, 1, 3, 3, 1, 1, 3, 3, 1, 3, 1, 1, 3, 1, 1, 3, 2, 3, 1, 1]|[1, 0, 2, 2, 1, 0, 0, 1, 1, 2, 1, 0, 0, 1, 1, 1, 0, 2, 0, 0];[2, 12, 15, 9, 10, 14, 19, 0, 16, 13, 3, 4, 7, 6, 11, 1, 18, 8, 17, 5]|[0, 0, 0, 0, 2, 2, 0, 0, 1, 0, 2, 1, 0, 1, 2, 0, 0, 0, 2, 1]|[0, 1, 3, 3, 1, 1, 3, 3, 1, 3, 1, 1, 3, 1, 1, 3, 2, 3, 1, 1]|[1, 0, 2, 2, 1, 0, 0, 1, 1, 2, 1, 0, 0, 1, 1, 1, 0, 2, 0, 0];[1, 2, 13, 14, 19, 4, 16, 5, 3, 10, 11, 6, 18, 17, 7, 12, 0, 15, 9, 8]|[0, 1, 1, 0, 2, 1, 2, 2, 1, 0, 0, 2, 0, 0, 0, 1, 1, 2, 1, 0]|[3, 1, 1, 3, 0, 1, 0, 0, 0, 0, 3, 0, 3, 1, 3, 1, 1, 0, 1, 3]|[0, 1, 1, 2, 1, 0, 0, 1, 1, 1, 0, 1, 2, 1, 1, 1, 1, 0, 1, 0];[1, 19, 13, 14, 2, 15, 5, 16, 12, 17, 7, 0, 3, 10, 11, 6, 8, 9, 4, 18]|[0, 1, 1, 0, 2, 1, 2, 2, 1, 2, 1, 0, 1, 0, 0, 2, 0, 1, 1, 0]|[3, 1, 1, 3, 0, 1, 0, 0, 1, 0, 1, 0, 1, 3, 3, 0, 3, 1, 1, 3]|[2, 1, 1, 2, 1, 1, 1, 0, 1, 1, 1, 0, 1, 1, 0, 1, 2, 1, 1, 2];[1, 19, 13, 14, 2, 15, 5, 16, 12, 17, 7, 0, 3, 10, 11, 6, 8, 9, 4, 18]|[0, 1, 1, 0, 2, 1, 2, 2, 1, 2, 1, 0, 1, 0, 0, 2, 0, 1, 1, 0]|[3, 1, 1, 3, 0, 1, 0, 0, 1, 0, 1, 0, 1, 3, 3, 0, 3, 1, 1, 3]|[2, 1, 1, 2, 1, 1, 1, 0, 1, 1, 1, 0, 1, 1, 0, 1, 2, 1, 1, 2];[12, 10, 15, 19, 14, 7, 8, 5, 1, 4, 3, 2, 16, 13, 17, 9, 18, 0, 11, 6]|[0, 0, 0, 2, 2, 0, 1, 2, 0, 1, 2, 0, 1, 0, 0, 0, 0, 0, 2, 1]|[2, 3, 3, 0, 1, 3, 1, 1, 3, 1, 1, 3, 1, 3, 3, 3, 3, 3, 1, 1]|[1, 2, 0, 1, 0, 2, 1, 1, 1, 0, 1, 0, 1, 2, 1, 2, 0, 2, 0, 0];[19, 9, 12, 2, 10, 14, 15, 1, 16, 7, 3, 4, 18, 8, 0, 11, 17, 13, 5, 6]|[0, 0, 0, 0, 2, 2, 0, 0, 1, 0, 2, 1, 0, 0, 0, 2, 1, 0, 2, 1]|[3, 3, 3, 3, 0, 1, 3, 0, 1, 3, 1, 1, 3, 2, 3, 1, 1, 3, 1, 1]|[0, 2, 1, 0, 1, 0, 2, 1, 1, 0, 1, 0, 2, 0, 1, 1, 1, 2, 0, 1];[2, 19, 8, 12, 10, 14, 1, 16, 15, 3, 4, 7, 6, 11, 0, 13, 18, 9, 17, 5]|[0, 0, 0, 0, 2, 2, 0, 1, 0, 2, 1, 0, 1, 2, 0, 0, 0, 0, 2, 1]|[0, 3, 3, 3, 1, 1, 3, 1, 3, 1, 1, 3, 1, 1, 3, 2, 3, 3, 0, 1]|[1, 0, 2, 0, 1, 0, 1, 1, 2, 1, 0, 0, 1, 1, 1, 0, 2, 0, 0, 0];[2, 19, 8, 12, 10, 14, 1, 16, 15, 3, 4, 7, 6, 11, 0, 13, 18, 9, 17, 5]|[0, 0, 0, 0, 2, 2, 0, 1, 0, 2, 1, 0, 1, 2, 0, 0, 0, 0, 2, 1]|[0, 3, 3, 3, 1, 1, 3, 1, 3, 1, 1, 3, 1, 1, 3, 2, 3, 3, 0, 1]|[1, 0, 2, 0, 1, 0, 1, 1, 2, 1, 0, 0, 1, 1, 1, 0, 2, 0, 0, 0];[2, 19, 8, 12, 10, 14, 1, 16, 15, 3, 4, 7, 6, 11, 0, 13, 18, 9, 17, 5]|[0, 0, 0, 0, 2, 2, 0, 1, 0, 2, 1, 0, 1, 2, 0, 0, 0, 0, 2, 1]|[0, 3, 3, 3, 1, 1, 3, 1, 3, 1, 1, 3, 1, 1, 3, 2, 3, 3, 0, 1]|[1, 0, 2, 0, 1, 0, 1, 1, 2, 1, 0, 0, 1, 1, 1, 0, 2, 0, 0, 0];[2, 19, 8, 12, 10, 14, 1, 16, 15, 3, 4, 7, 6, 11, 0, 13, 18, 9, 17, 5]|[0, 0, 0, 0, 2, 2, 0, 1, 0, 2, 1, 0, 1, 2, 0, 0, 0, 0, 2, 1]|[0, 3, 3, 3, 1, 1, 3, 1, 3, 1, 1, 3, 1, 1, 3, 2, 3, 3, 0, 1]|[1, 0, 2, 0, 1, 0, 1, 1, 2, 1, 0, 0, 1, 1, 1, 0, 2, 0, 0, 0];[19, 2, 12, 13, 10, 14, 9, 18, 16, 15, 6, 4, 7, 3, 11, 1, 0, 8, 17, 5]|[0, 0, 0, 0, 2, 2, 0, 0, 1, 0, 2, 1, 0, 1, 2, 0, 0, 0, 2, 1]|[3, 0, 3, 3, 1, 1, 3, 3, 1, 3, 1, 1, 3, 1, 1, 3, 2, 3, 1, 1]|[0, 1, 2, 0, 1, 0, 2, 1, 1, 2, 1, 0, 0, 1, 1, 1, 0, 2, 0, 0];[19, 2, 12, 13, 10, 14, 9, 18, 16, 15, 6, 4, 7, 3, 11, 1, 0, 8, 17, 5]|[0, 0, 0, 0, 2, 2, 0, 0, 1, 0, 2, 1, 0, 1, 2, 0, 0, 0, 2, 1]|[3, 0, 3, 3, 1, 1, 3, 3, 1, 3, 1, 1, 3, 1, 1, 3, 2, 3, 1, 1]|[0, 1, 2, 0, 1, 0, 2, 1, 1, 2, 1, 0, 0, 1, 1, 1, 0, 2, 0, 0];[2, 12, 15, 19, 10, 14, 9, 1, 16, 13, 3, 4, 7, 6, 11, 0, 17, 8, 5, 18]|[0, 0, 0, 0, 2, 2, 0, 0, 1, 0, 2, 1, 0, 1, 2, 0, 0, 0, 2, 1]|[0, 3, 3, 3, 1, 1, 3, 3, 1, 3, 1, 1, 3, 1, 1, 3, 2, 3, 1, 1]|[1, 0, 2, 0, 1, 0, 2, 1, 1, 2, 1, 0, 0, 1, 1, 1, 0, 2, 0, 0];[2, 12, 15, 19, 10, 14, 9, 1, 16, 13, 3, 4, 7, 6, 11, 0, 17, 8, 5, 18]|[0, 0, 0, 0, 2, 2, 0, 0, 1, 0, 2, 1, 0, 1, 2, 0, 0, 0, 2, 1]|[0, 3, 3, 3, 1, 1, 3, 3, 1, 3, 1, 1, 3, 1, 1, 3, 2, 3, 1, 1]|[1, 0, 2, 0, 1, 0, 2, 1, 1, 2, 1, 0, 0, 1, 1, 1, 0, 2, 0, 0];[2, 12, 15, 19, 10, 14, 9, 1, 16, 13, 3, 4, 7, 6, 11, 0, 17, 8, 5, 18]|[0, 0, 0, 0, 2, 2, 0, 0, 1, 0, 2, 1, 0, 1, 2, 0, 0, 0, 2, 1]|[0, 3, 3, 3, 1, 1, 3, 3, 1, 3, 1, 1, 3, 1, 1, 3, 2, 3, 1, 1]|[1, 0, 2, 0, 1, 0, 2, 1, 1, 2, 1, 0, 0, 1, 1, 1, 0, 2, 0, 0];[2, 12, 15, 19, 10, 14, 9, 1, 16, 13, 3, 4, 7, 6, 11, 0, 17, 8, 5, 18]|[0, 0, 0, 0, 2, 2, 0, 0, 1, 0, 2, 1, 0, 1, 2, 0, 0, 0, 2, 1]|[0, 3, 3, 3, 1, 1, 3, 3, 1, 3, 1, 1, 3, 1, 1, 3, 2, 3, 1, 1]|[1, 0, 2, 0, 1, 0, 2, 1, 1, 2, 1, 0, 0, 1, 1, 1, 0, 2, 0, 0];[1, 2, 13, 14, 19, 4, 6, 5, 18, 7, 0, 16, 8, 3, 12, 17, 15, 11, 9, 10]|[0, 1, 1, 0, 2, 1, 2, 2, 1, 1, 0, 2, 0, 0, 1, 1, 2, 1, 1, 0]|[0, 1, 0, 3, 0, 1, 0, 0, 0, 1, 3, 0, 3, 3, 1, 1, 0, 1, 1, 3]|[0, 1, 1, 2, 0, 0, 1, 1, 1, 1, 0, 0, 2, 0, 1, 1, 1, 1, 1, 0];[9, 19, 5, 16, 4, 2, 14, 13, 3, 10, 11, 6, 17, 7, 8, 12, 0, 15, 18, 1]|[0, 1, 2, 2, 1, 2, 0, 2, 1, 0, 0, 2, 0, 1, 1, 1, 2, 1, 0, 0]|[3, 1, 0, 0, 1, 1, 3, 0, 0, 2, 3, 0, 3, 1, 1, 0, 0, 1, 3, 3]|[2, 1, 1, 0, 0, 1, 2, 0, 1, 0, 0, 1, 2, 1, 1, 0, 1, 1, 0, 2];[17, 4, 12, 11, 9, 1, 0, 10, 3, 14, 19, 2, 16, 5, 13, 15, 7, 6, 8, 18]|[0, 1, 1, 0, 0, 0, 2, 0, 1, 0, 2, 1, 2, 2, 1, 1, 1, 2, 1, 0]|[3, 1, 1, 3, 3, 0, 0, 2, 0, 3, 1, 1, 0, 0, 0, 1, 1, 0, 1, 3]|[2, 1, 1, 0, 0, 0, 1, 1, 1, 2, 1, 0, 0, 1, 1, 1, 1, 0, 1, 1];[1, 2, 13, 17, 10, 14, 9, 12, 16, 15, 3, 4, 7, 6, 11, 18, 0, 8, 19, 5]|[0, 0, 0, 0, 2, 2, 0, 0, 1, 0, 2, 1, 0, 1, 2, 0, 0, 0, 2, 1]|[3, 3, 3, 3, 1, 1, 3, 3, 1, 3, 1, 1, 3, 1, 1, 3, 2, 3, 1, 1]|[1, 0, 2, 0, 1, 0, 2, 1, 1, 2, 1, 0, 0, 1, 1, 1, 0, 2, 0, 1];[2, 19, 15, 12, 10, 14, 9, 18, 16, 13, 3, 4, 8, 6, 1, 11, 0, 7, 5, 17]|[0, 0, 0, 0, 2, 2, 2, 0, 1, 0, 2, 1, 0, 1, 0, 0, 0, 0, 2, 1]|[0, 3, 3, 3, 1, 1, 1, 3, 1, 3, 1, 1, 2, 1, 3, 3, 3, 3, 1, 1]|[1, 0, 2, 0, 1, 0, 0, 1, 1, 2, 1, 0, 0, 1, 1, 0, 2, 1, 0, 0];[2, 19, 15, 12, 10, 14, 9, 18, 16, 13, 3, 4, 8, 6, 1, 11, 0, 7, 5, 17]|[0, 0, 0, 0, 2, 2, 2, 0, 1, 0, 2, 1, 0, 1, 0, 0, 0, 0, 2, 1]|[0, 3, 3, 3, 1, 1, 1, 3, 1, 3, 1, 1, 2, 1, 3, 3, 3, 3, 1, 1]|[1, 0, 2, 0, 1, 0, 0, 1, 1, 2, 1, 0, 0, 1, 1, 0, 2, 1, 0, 0];[2, 19, 15, 12, 10, 14, 9, 18, 16, 13, 3, 4, 8, 6, 1, 11, 0, 7, 5, 17]|[0, 0, 0, 0, 2, 2, 2, 0, 1, 0, 2, 1, 0, 1, 0, 0, 0, 0, 2, 1]|[0, 3, 3, 3, 1, 1, 1, 3, 1, 3, 1, 1, 2, 1, 3, 3, 3, 3, 1, 1]|[1, 0, 2, 0, 1, 0, 0, 1, 1, 2, 1, 0, 0, 1, 1, 0, 2, 1, 0, 0];[2, 19, 15, 12, 10, 14, 9, 18, 16, 13, 3, 4, 8, 6, 1, 11, 0, 7, 5, 17]|[0, 0, 0, 0, 2, 2, 2, 0, 1, 0, 2, 1, 0, 1, 0, 0, 0, 0, 2, 1]|[0, 3, 3, 3, 1, 1, 1, 3, 1, 3, 1, 1, 2, 1, 3, 3, 3, 3, 1, 1]|[1, 0, 2, 0, 1, 0, 0, 1, 1, 2, 1, 0, 0, 1, 1, 0, 2, 1, 0, 0];[19, 15, 11, 2, 10, 14, 9, 1, 16, 13, 18, 4, 7, 12, 6, 0, 17, 8, 5, 3]|[0, 0, 0, 0, 2, 2, 0, 0, 1, 0, 2, 1, 0, 1, 2, 0, 0, 0, 2, 1]|[3, 3, 3, 0, 1, 1, 3, 3, 1, 3, 1, 1, 3, 1, 1, 3, 2, 3, 1, 1]|[0, 2, 0, 1, 1, 0, 2, 1, 1, 2, 1, 0, 0, 1, 1, 1, 0, 2, 0, 1];[19, 15, 11, 2, 10, 14, 9, 1, 16, 13, 18, 4, 7, 12, 6, 0, 17, 8, 5, 3]|[0, 0, 0, 0, 2, 2, 0, 0, 1, 0, 2, 1, 0, 1, 2, 0, 0, 0, 2, 1]|[3, 3, 3, 0, 1, 1, 3, 3, 1, 3, 1, 1, 3, 1, 1, 3, 2, 3, 1, 1]|[0, 2, 0, 1, 1, 0, 2, 1, 1, 2, 1, 0, 0, 1, 1, 1, 0, 2, 0, 1];[1, 19, 14, 2, 4, 16, 11, 18, 6, 5, 17, 9, 10, 13, 15, 12, 7, 3, 8, 0]|[0, 2, 0, 2, 1, 2, 0, 0, 2, 2, 0, 2, 0, 1, 1, 1, 1, 1, 1, 0]|[0, 1, 3, 0, 1, 0, 3, 2, 0, 0, 3, 0, 3, 1, 1, 1, 1, 1, 1, 3]|[0, 0, 2, 1, 1, 1, 0, 1, 1, 1, 2, 1, 1, 1, 1, 1, 1, 1, 1, 0];[1, 19, 5, 14, 15, 4, 16, 2, 3, 10, 11, 13, 12, 18, 7, 9, 0, 6, 17, 8]|[0, 1, 2, 0, 2, 1, 2, 2, 1, 0, 0, 2, 1, 1, 0, 1, 2, 1, 0, 0]|[3, 1, 0, 3, 0, 1, 0, 0, 0, 0, 3, 0, 1, 1, 3, 1, 0, 1, 3, 3]|[0, 1, 1, 2, 1, 0, 0, 1, 1, 1, 0, 1, 1, 1, 1, 1, 1, 1, 0, 2];[2, 12, 10, 15, 19, 18, 9, 1, 16, 13, 3, 5, 11, 6, 0, 7, 17, 14, 4, 8]|[0, 0, 0, 0, 2, 2, 0, 0, 1, 0, 2, 1, 0, 1, 2, 0, 0, 0, 2, 1]|[3, 0, 3, 3, 1, 1, 3, 3, 1, 3, 1, 1, 3, 1, 1, 3, 3, 3, 1, 1]|[0, 1, 2, 0, 1, 0, 2, 1, 1, 2, 1, 0, 0, 1, 1, 1, 0, 2, 0, 0];[2, 19, 8, 14, 9, 15, 16, 5, 1, 11, 0, 7, 10, 12, 18, 17, 3, 4, 6, 13]|[0, 1, 1, 0, 2, 1, 2, 2, 0, 0, 2, 0, 1, 1, 0, 1, 1, 2, 1, 0]|[3, 1, 1, 3, 0, 1, 0, 0, 0, 3, 0, 3, 1, 1, 3, 1, 1, 0, 1, 3]|[0, 1, 1, 2, 1, 1, 0, 1, 1, 0, 1, 2, 1, 1, 1, 1, 1, 0, 1, 0];[2, 19, 8, 14, 9, 15, 16, 5, 1, 11, 0, 7, 10, 12, 18, 17, 3, 4, 6, 13]|[0, 1, 1, 0, 2, 1, 2, 2, 0, 0, 2, 0, 1, 1, 0, 1, 1, 2, 1, 0]|[3, 1, 1, 3, 0, 1, 0, 0, 0, 3, 0, 3, 1, 1, 3, 1, 1, 0, 1, 3]|[0, 1, 1, 2, 1, 1, 0, 1, 1, 0, 1, 2, 1, 1, 1, 1, 1, 0, 1, 0];[2, 4, 5, 14, 19, 16, 1, 10, 11, 0, 17, 8, 12, 18, 7, 6, 15, 3, 13, 9]|[0, 1, 2, 0, 1, 2, 2, 0, 0, 2, 0, 1, 1, 0, 1, 2, 1, 1, 1, 0]|[3, 1, 0, 3, 1, 0, 0, 3, 3, 0, 3, 1, 1, 3, 1, 0, 1, 1, 1, 3]|[0, 1, 1, 2, 1, 0, 1, 0, 0, 1, 2, 1, 1, 1, 1, 0, 1, 1, 1, 0];[1, 2, 14, 16, 5, 7, 11, 6, 8, 18, 4, 19, 15, 12, 9, 17, 0, 3, 13, 10]|[0, 2, 0, 2, 2, 0, 0, 2, 0, 0, 1, 1, 2, 1, 1, 1, 1, 1, 1, 0]|[0, 0, 3, 0, 0, 3, 3, 0, 3, 3, 1, 1, 0, 1, 1, 1, 1, 1, 1, 3]|[0, 1, 2, 0, 1, 0, 0, 1, 2, 0, 1, 1, 0, 1, 1, 1, 1, 1, 1, 0];[1, 2, 14, 16, 5, 7, 11, 6, 8, 18, 4, 19, 15, 12, 9, 17, 0, 3, 13, 10]|[0, 2, 0, 2, 2, 0, 0, 2, 0, 0, 1, 1, 2, 1, 1, 1, 1, 1, 1, 0]|[0, 0, 3, 0, 0, 3, 3, 0, 3, 3, 1, 1, 0, 1, 1, 1, 1, 1, 1, 3]|[0, 1, 2, 0, 1, 0, 0, 1, 2, 0, 1, 1, 0, 1, 1, 1, 1, 1, 1, 0];[1, 5, 14, 16, 19, 9, 10, 11, 6, 8, 15, 3, 2, 12, 18, 13, 17, 7, 4, 0]|[0, 2, 0, 2, 2, 1, 0, 0, 2, 0, 2, 1, 1, 1, 1, 1, 1, 0, 1, 0]|[3, 0, 3, 0, 0, 1, 2, 3, 0, 3, 0, 1, 1, 1, 1, 1, 1, 3, 1, 3]|[2, 1, 2, 0, 1, 1, 0, 0, 1, 2, 0, 1, 1, 1, 1, 1, 1, 0, 1, 0];[1, 5, 14, 16, 19, 9, 10, 11, 6, 8, 15, 3, 2, 12, 18, 13, 17, 7, 4, 0]|[0, 2, 0, 2, 2, 1, 0, 0, 2, 0, 2, 1, 1, 1, 1, 1, 1, 0, 1, 0]|[3, 0, 3, 0, 0, 1, 2, 3, 0, 3, 0, 1, 1, 1, 1, 1, 1, 3, 1, 3]|[2, 1, 2, 0, 1, 1, 0, 0, 1, 2, 0, 1, 1, 1, 1, 1, 1, 0, 1, 0];[19, 14, 2, 4, 16, 5, 12, 1, 18, 10, 6, 11, 7, 17, 15, 9, 3, 13, 0, 8]|[1, 0, 2, 2, 2, 2, 2, 0, 0, 0, 2, 0, 0, 1, 1, 1, 1, 1, 1, 0]|[1, 0, 0, 1, 0, 0, 0, 3, 3, 3, 0, 3, 3, 1, 1, 1, 1, 1, 1, 3]|[1, 1, 1, 1, 0, 1, 0, 0, 0, 2, 1, 0, 0, 1, 1, 1, 1, 1, 1, 2];[19, 6, 5, 4, 16, 14, 12, 17, 2, 10, 18, 15, 7, 0, 11, 9, 13, 8, 3, 1]|[2, 1, 2, 1, 2, 2, 1, 2, 0, 1, 0, 0, 0, 0, 0, 1, 1, 1, 0, 0]|[0, 1, 0, 1, 0, 0, 0, 0, 3, 1, 3, 3, 3, 3, 3, 1, 1, 1, 3, 3]|[1, 1, 1, 0, 0, 1, 1, 1, 0, 1, 2, 0, 1, 0, 2, 1, 1, 1, 0, 0];[19, 6, 5, 4, 16, 14, 12, 17, 2, 10, 18, 15, 7, 0, 11, 9, 13, 8, 3, 1]|[2, 1, 2, 1, 2, 2, 1, 2, 0, 1, 0, 0, 0, 0, 0, 1, 1, 1, 0, 0]|[0, 1, 0, 1, 0, 0, 0, 0, 3, 1, 3, 3, 3, 3, 3, 1, 1, 1, 3, 3]|[1, 1, 1, 0, 0, 1, 1, 1, 0, 1, 2, 0, 1, 0, 2, 1, 1, 1, 0, 0];[2, 12, 15, 19, 10, 14, 9, 1, 16, 3, 13, 4, 7, 6, 11, 0, 8, 18, 17, 5]|[0, 0, 0, 0, 2, 2, 0, 0, 1, 0, 2, 1, 0, 1, 2, 0, 0, 0, 2, 1]|[3, 3, 3, 3, 1, 1, 3, 3, 1, 3, 1, 1, 3, 1, 1, 3, 2, 3, 1, 1]|[1, 0, 2, 0, 1, 0, 2, 1, 1, 2, 1, 0, 0, 1, 1, 1, 0, 2, 0, 1];[17, 6, 15, 11, 10, 19, 5, 16, 13, 12, 2, 14, 3, 4, 9, 18, 1, 0, 7, 8]|[0, 1, 2, 0, 0, 1, 2, 2, 1, 1, 2, 0, 1, 1, 1, 0, 0, 2, 1, 0]|[3, 1, 0, 3, 0, 0, 0, 0, 1, 1, 0, 3, 1, 0, 1, 0, 3, 0, 1, 3]|[2, 1, 1, 0, 1, 1, 1, 0, 0, 1, 1, 2, 0, 1, 1, 1, 0, 1, 1, 0];[1, 19, 13, 14, 2, 4, 16, 5, 3, 10, 11, 6, 18, 9, 12, 0, 7, 15, 17, 8]|[0, 1, 1, 0, 2, 1, 2, 2, 1, 0, 0, 2, 0, 1, 0, 1, 1, 2, 1, 0]|[3, 1, 1, 3, 0, 1, 0, 0, 1, 3, 3, 0, 3, 1, 3, 1, 1, 0, 1, 3]|[0, 1, 1, 2, 1, 1, 0, 1, 1, 1, 0, 1, 2, 1, 0, 1, 1, 0, 1, 0];[1, 19, 13, 14, 2, 4, 16, 5, 3, 10, 11, 6, 18, 9, 12, 0, 7, 15, 17, 8]|[0, 1, 1, 0, 2, 1, 2, 2, 1, 0, 0, 2, 0, 1, 0, 1, 1, 2, 1, 0]|[3, 1, 1, 3, 0, 1, 0, 0, 1, 3, 3, 0, 3, 1, 3, 1, 1, 0, 1, 3]|[0, 1, 1, 2, 1, 1, 0, 1, 1, 1, 0, 1, 2, 1, 0, 1, 1, 0, 1, 0];[2, 12, 15, 19, 10, 14, 9, 1, 16, 13, 6, 0, 7, 3, 11, 18, 17, 8, 4, 5]|[0, 0, 0, 0, 2, 2, 0, 0, 1, 0, 2, 1, 0, 1, 2, 0, 0, 0, 2, 1]|[3, 3, 3, 3, 1, 1, 3, 3, 1, 3, 1, 1, 3, 1, 1, 3, 2, 3, 1, 1]|[1, 0, 2, 0, 1, 0, 2, 1, 1, 2, 1, 0, 0, 1, 1, 1, 0, 2, 0, 1];[5, 4, 3, 15, 17, 12, 9, 18, 8, 6, 10, 11, 7, 1, 16, 14, 13, 19, 2, 0]|[0, 1, 1, 2, 1, 1, 0, 1, 0, 2, 0, 0, 1, 2, 2, 1, 0, 2, 1, 0]|[3, 1, 1, 0, 1, 1, 3, 1, 3, 0, 3, 3, 1, 0, 0, 1, 3, 0, 1, 3]|[0, 1, 1, 0, 1, 1, 1, 1, 2, 1, 0, 0, 1, 1, 0, 1, 2, 1, 1, 0];[5, 4, 3, 15, 17, 12, 9, 18, 8, 6, 10, 11, 7, 1, 16, 14, 13, 19, 2, 0]|[0, 1, 1, 2, 1, 1, 0, 1, 0, 2, 0, 0, 1, 2, 2, 1, 0, 2, 1, 0]|[3, 1, 1, 0, 1, 1, 3, 1, 3, 0, 3, 3, 1, 0, 0, 1, 3, 0, 1, 3]|[0, 1, 1, 0, 1, 1, 1, 1, 2, 1, 0, 0, 1, 1, 0, 1, 2, 1, 1, 0];[19, 14, 2, 4, 16, 5, 3, 12, 10, 6, 0, 18, 9, 8, 15, 11, 7, 17, 13, 1]|[1, 0, 2, 1, 2, 2, 1, 1, 1, 0, 0, 0, 1, 1, 2, 2, 0, 0, 0, 0]|[0, 3, 0, 1, 0, 0, 1, 1, 1, 3, 3, 3, 1, 1, 1, 1, 3, 3, 3, 3]|[1, 0, 1, 0, 0, 1, 1, 1, 1, 0, 2, 0, 1, 1, 1, 0, 0, 0, 2, 0];[1, 4, 19, 2, 14, 13, 16, 5, 3, 17, 11, 6, 8, 9, 7, 18, 12, 15, 10, 0]|[0, 1, 1, 2, 0, 1, 2, 2, 1, 0, 0, 2, 0, 1, 0, 1, 1, 2, 1, 0]|[3, 1, 1, 0, 3, 1, 0, 0, 1, 3, 3, 0, 3, 1, 3, 1, 1, 0, 1, 3]|[2, 1, 1, 1, 2, 1, 0, 1, 1, 0, 0, 1, 2, 1, 1, 1, 1, 0, 1, 0];[1, 4, 19, 2, 14, 13, 16, 5, 3, 17, 11, 6, 8, 9, 7, 18, 12, 15, 10, 0]|[0, 1, 1, 2, 0, 1, 2, 2, 1, 0, 0, 2, 0, 1, 0, 1, 1, 2, 1, 0]|[3, 1, 1, 0, 3, 1, 0, 0, 1, 3, 3, 0, 3, 1, 3, 1, 1, 0, 1, 3]|[2, 1, 1, 1, 2, 1, 0, 1, 1, 0, 0, 1, 2, 1, 1, 1, 1, 0, 1, 0];[5, 4, 14, 10, 2, 13, 16, 19, 17, 7, 18, 0, 8, 12, 1, 11, 3, 15, 6, 9]|[0, 1, 1, 0, 2, 1, 2, 2, 1, 0, 0, 2, 0, 0, 1, 1, 1, 2, 1, 0]|[3, 1, 1, 3, 0, 1, 0, 0, 1, 3, 3, 0, 3, 3, 1, 1, 1, 0, 1, 3]|[0, 1, 1, 2, 1, 1, 0, 1, 1, 0, 0, 1, 2, 1, 1, 1, 1, 1, 1, 0];[5, 4, 14, 10, 2, 13, 16, 19, 17, 7, 18, 0, 8, 12, 1, 11, 3, 15, 6, 9]|[0, 1, 1, 0, 2, 1, 2, 2, 1, 0, 0, 2, 0, 0, 1, 1, 1, 2, 1, 0]|[3, 1, 1, 3, 0, 1, 0, 0, 1, 3, 3, 0, 3, 3, 1, 1, 1, 0, 1, 3]|[0, 1, 1, 2, 1, 1, 0, 1, 1, 0, 0, 1, 2, 1, 1, 1, 1, 1, 1, 0];[19, 4, 2, 13, 16, 5, 11, 18, 7, 17, 15, 12, 10, 1, 3, 8, 9, 6, 14, 0]|[1, 1, 2, 1, 2, 2, 0, 1, 2, 1, 1, 1, 0, 0, 0, 0, 0, 2, 0, 0]|[1, 1, 0, 1, 0, 0, 3, 1, 0, 1, 1, 1, 3, 3, 3, 3, 3, 0, 3, 3]|[1, 1, 1, 1, 0, 1, 0, 1, 0, 1, 1, 1, 0, 0, 0, 2, 0, 1, 0, 2];[19, 4, 2, 13, 16, 5, 11, 18, 7, 17, 15, 12, 10, 1, 3, 8, 9, 6, 14, 0]|[1, 1, 2, 1, 2, 2, 0, 1, 2, 1, 1, 1, 0, 0, 0, 0, 0, 2, 0, 0]|[1, 1, 0, 1, 0, 0, 3, 1, 0, 1, 1, 1, 3, 3, 3, 3, 3, 0, 3, 3]|[1, 1, 1, 1, 0, 1, 0, 1, 0, 1, 1, 1, 0, 0, 0, 2, 0, 1, 0, 2];[2, 19, 8, 14, 12, 13, 9, 17, 7, 18, 1, 6, 15, 11, 0, 3, 5, 16, 4, 10]|[0, 1, 1, 0, 2, 1, 2, 1, 1, 0, 1, 0, 2, 0, 0, 1, 2, 2, 1, 0]|[3, 1, 1, 3, 0, 1, 0, 1, 1, 3, 1, 3, 0, 3, 3, 1, 0, 0, 1, 3]|[0, 1, 1, 2, 1, 1, 0, 1, 1, 0, 1, 0, 1, 0, 2, 1, 1, 0, 1, 0];[2, 19, 8, 14, 9, 6, 18, 12, 13, 1, 7, 0, 4, 10, 11, 16, 3, 15, 5, 17]|[0, 1, 1, 0, 2, 1, 0, 1, 2, 1, 0, 2, 0, 0, 2, 2, 1, 1, 1, 0]|[3, 1, 1, 3, 0, 1, 3, 1, 0, 1, 3, 0, 3, 3, 0, 0, 1, 1, 1, 3]|[0, 1, 1, 2, 1, 1, 0, 1, 0, 1, 2, 1, 0, 2, 0, 1, 1, 1, 1, 0];[2, 19, 8, 14, 9, 6, 18, 12, 13, 1, 7, 0, 4, 10, 11, 16, 3, 15, 5, 17]|[0, 1, 1, 0, 2, 1, 0, 1, 2, 1, 0, 2, 0, 0, 2, 2, 1, 1, 1, 0]|[3, 1, 1, 3, 0, 1, 3, 1, 0, 1, 3, 0, 3, 3, 0, 0, 1, 1, 1, 3]|[0, 1, 1, 2, 1, 1, 0, 1, 0, 1, 2, 1, 0, 2, 0, 1, 1, 1, 1, 0];[2, 19, 9, 14, 8, 18, 12, 11, 15, 3, 6, 16, 10, 7, 0, 13, 4, 5, 17, 1]|[0, 1, 2, 0, 1, 2, 2, 0, 2, 0, 1, 0, 1, 1, 1, 1, 2, 1, 0, 0]|[3, 1, 0, 3, 1, 0, 0, 3, 0, 3, 1, 3, 1, 1, 1, 1, 0, 1, 3, 3]|[0, 1, 1, 2, 1, 0, 1, 0, 1, 2, 1, 0, 1, 1, 1, 1, 0, 1, 0, 0];[5, 6, 19, 10, 2, 14, 12, 7, 15, 3, 18, 11, 8, 16, 17, 13, 4, 9, 0, 1]|[2, 1, 2, 0, 1, 1, 1, 0, 1, 0, 0, 0, 2, 2, 2, 1, 2, 1, 0, 0]|[0, 1, 1, 2, 1, 0, 0, 3, 0, 0, 3, 0, 1, 0, 0, 1, 1, 1, 3, 3]|[0, 1, 1, 2, 1, 0, 1, 0, 1, 1, 1, 0, 1, 0, 0, 0, 1, 1, 0, 2];[5, 6, 19, 10, 2, 14, 12, 7, 15, 3, 18, 11, 8, 16, 17, 13, 4, 9, 0, 1]|[2, 1, 2, 0, 1, 1, 1, 0, 1, 0, 0, 0, 2, 2, 2, 1, 2, 1, 0, 0]|[0, 1, 1, 2, 1, 0, 0, 3, 0, 0, 3, 0, 1, 0, 0, 1, 1, 1, 3, 3]|[0, 1, 1, 2, 1, 0, 1, 0, 1, 1, 1, 0, 1, 0, 0, 0, 1, 1, 0, 2];[11, 19, 14, 2, 4, 16, 5, 3, 9, 10, 18, 7, 1, 15, 0, 12, 17, 6, 13, 8]|[0, 1, 0, 2, 1, 2, 2, 1, 1, 0, 0, 2, 0, 2, 0, 1, 1, 2, 1, 0]|[0, 0, 1, 1, 1, 0, 1, 0, 1, 3, 3, 0, 3, 0, 3, 1, 1, 0, 0, 3]|[2, 1, 1, 1, 0, 0, 1, 1, 1, 0, 0, 1, 0, 0, 2, 1, 1, 1, 1, 0];[11, 19, 14, 2, 4, 16, 5, 3, 9, 10, 18, 7, 1, 15, 0, 12, 17, 6, 13, 8]|[0, 1, 0, 2, 1, 2, 2, 1, 1, 0, 0, 2, 0, 2, 0, 1, 1, 2, 1, 0]|[0, 0, 1, 1, 1, 0, 1, 0, 1, 3, 3, 0, 3, 0, 3, 1, 1, 0, 0, 3]|[2, 1, 1, 1, 0, 0, 1, 1, 1, 0, 0, 1, 0, 0, 2, 1, 1, 1, 1, 0];[19, 0, 9, 17, 3, 1, 13, 12, 18, 6, 11, 2, 7, 16, 15, 4, 8, 5, 14, 10]|[1, 1, 0, 2, 0, 2, 1, 2, 2, 1, 0, 0, 1, 0, 1, 2, 1, 1, 0, 0]|[1, 1, 3, 0, 3, 1, 1, 0, 0, 1, 3, 3, 1, 3, 1, 0, 1, 1, 3, 3]|[1, 1, 0, 1, 2, 1, 1, 1, 0, 1, 0, 2, 1, 0, 1, 1, 1, 1, 2, 0];[19, 14, 5, 4, 16, 2, 3, 9, 17, 6, 15, 11, 7, 8, 12, 10, 13, 18, 0, 1]|[1, 0, 2, 1, 2, 2, 1, 0, 0, 1, 1, 0, 0, 1, 2, 2, 2, 1, 0, 0]|[0, 0, 1, 1, 0, 1, 0, 3, 3, 0, 1, 0, 3, 1, 0, 0, 0, 1, 3, 3]|[1, 2, 1, 0, 0, 1, 1, 0, 0, 0, 1, 1, 0, 1, 1, 1, 0, 1, 2, 0];[19, 14, 5, 4, 16, 2, 3, 9, 17, 6, 15, 11, 7, 8, 12, 10, 13, 18, 0, 1]|[1, 0, 2, 1, 2, 2, 1, 0, 0, 1, 1, 0, 0, 1, 2, 2, 2, 1, 0, 0]|[0, 0, 1, 1, 0, 1, 0, 3, 3, 0, 1, 0, 3, 1, 0, 0, 0, 1, 3, 3]|[1, 2, 1, 0, 0, 1, 1, 0, 0, 0, 1, 1, 0, 1, 1, 1, 0, 1, 2, 0];[19, 14, 5, 4, 16, 2, 3, 9, 17, 6, 15, 11, 7, 8, 12, 10, 13, 18, 0, 1]|[1, 0, 2, 1, 2, 2, 1, 0, 0, 1, 1, 0, 0, 1, 2, 2, 2, 1, 0, 0]|[0, 0, 1, 1, 0, 1, 0, 3, 3, 0, 1, 0, 3, 1, 0, 0, 0, 1, 3, 3]|[1, 2, 1, 0, 0, 1, 1, 0, 0, 0, 1, 1, 0, 1, 1, 1, 0, 1, 2, 0];[19, 14, 5, 4, 16, 2, 3, 9, 17, 6, 15, 11, 7, 8, 12, 10, 13, 18, 0, 1]|[1, 0, 2, 1, 2, 2, 1, 0, 0, 1, 1, 0, 0, 1, 2, 2, 2, 1, 0, 0]|[0, 0, 1, 1, 0, 1, 0, 3, 3, 0, 1, 0, 3, 1, 0, 0, 0, 1, 3, 3]|[1, 2, 1, 0, 0, 1, 1, 0, 0, 0, 1, 1, 0, 1, 1, 1, 0, 1, 2, 0];[5, 2, 14, 10, 4, 13, 16, 19, 17, 0, 11, 9, 12, 3, 18, 15, 6, 1, 7, 8]|[0, 1, 0, 2, 1, 1, 2, 2, 1, 0, 1, 2, 2, 0, 0, 2, 1, 2, 1, 0]|[0, 0, 3, 1, 1, 1, 0, 1, 0, 3, 0, 0, 1, 0, 3, 0, 1, 0, 1, 3]|[0, 0, 2, 1, 1, 1, 0, 1, 1, 2, 0, 0, 0, 1, 0, 1, 1, 1, 1, 0];[5, 2, 14, 10, 4, 13, 16, 19, 17, 0, 11, 9, 12, 3, 18, 15, 6, 1, 7, 8]|[0, 1, 0, 2, 1, 1, 2, 2, 1, 0, 1, 2, 2, 0, 0, 2, 1, 2, 1, 0]|[0, 0, 3, 1, 1, 1, 0, 1, 0, 3, 0, 0, 1, 0, 3, 0, 1, 0, 1, 3]|[0, 0, 2, 1, 1, 1, 0, 1, 1, 2, 0, 0, 0, 1, 0, 1, 1, 1, 1, 0];[5, 2, 14, 10, 4, 13, 16, 19, 17, 0, 11, 9, 12, 3, 18, 15, 6, 1, 7, 8]|[0, 1, 0, 2, 1, 1, 2, 2, 1, 0, 1, 2, 2, 0, 0, 2, 1, 2, 1, 0]|[0, 0, 3, 1, 1, 1, 0, 1, 0, 3, 0, 0, 1, 0, 3, 0, 1, 0, 1, 3]|[0, 0, 2, 1, 1, 1, 0, 1, 1, 2, 0, 0, 0, 1, 0, 1, 1, 1, 1, 0];[5, 2, 14, 10, 4, 13, 16, 19, 17, 0, 11, 9, 12, 3, 18, 15, 6, 1, 7, 8]|[0, 1, 0, 2, 1, 1, 2, 2, 1, 0, 1, 2, 2, 0, 0, 2, 1, 2, 1, 0]|[0, 0, 3, 1, 1, 1, 0, 1, 0, 3, 0, 0, 1, 0, 3, 0, 1, 0, 1, 3]|[0, 0, 2, 1, 1, 1, 0, 1, 1, 2, 0, 0, 0, 1, 0, 1, 1, 1, 1, 0];[1, 9, 4, 5, 14, 13, 2, 15, 17, 10, 8, 6, 16, 12, 19, 11, 0, 7, 3, 18]|[0, 1, 1, 2, 0, 1, 1, 0, 0, 1, 0, 2, 2, 2, 2, 1, 0, 2, 1, 0]|[1, 0, 1, 1, 2, 0, 1, 0, 3, 0, 3, 0, 0, 0, 0, 1, 3, 0, 0, 3]|[2, 1, 0, 0, 0, 1, 1, 0, 1, 1, 2, 1, 1, 0, 1, 0, 0, 1, 1, 0];[1, 9, 4, 5, 14, 13, 2, 15, 17, 10, 8, 6, 16, 12, 19, 11, 0, 7, 3, 18]|[0, 1, 1, 2, 0, 1, 1, 0, 0, 1, 0, 2, 2, 2, 2, 1, 0, 2, 1, 0]|[1, 0, 1, 1, 2, 0, 1, 0, 3, 0, 3, 0, 0, 0, 0, 1, 3, 0, 0, 3]|[2, 1, 0, 0, 0, 1, 1, 0, 1, 1, 2, 1, 1, 0, 1, 0, 0, 1, 1, 0];[12, 5, 4, 15, 11, 19, 1, 16, 3, 9, 0, 10, 2, 14, 6, 17, 13, 18, 7, 8]|[0, 2, 0, 2, 0, 1, 0, 2, 1, 2, 2, 1, 2, 0, 1, 1, 1, 2, 1, 0]|[3, 0, 3, 1, 0, 1, 2, 1, 1, 0, 0, 1, 1, 3, 0, 1, 1, 0, 1, 3]|[0, 0, 2, 1, 1, 1, 0, 0, 1, 1, 1, 1, 1, 2, 0, 1, 1, 0, 1, 0];[12, 5, 4, 15, 11, 19, 1, 16, 3, 9, 0, 10, 2, 14, 6, 17, 13, 18, 7, 8]|[0, 2, 0, 2, 0, 1, 0, 2, 1, 2, 2, 1, 2, 0, 1, 1, 1, 2, 1, 0]|[3, 0, 3, 1, 0, 1, 2, 1, 1, 0, 0, 1, 1, 3, 0, 1, 1, 0, 1, 3]|[0, 0, 2, 1, 1, 1, 0, 0, 1, 1, 1, 1, 1, 2, 0, 1, 1, 0, 1, 0];[12, 5, 4, 15, 11, 19, 1, 16, 3, 9, 0, 10, 2, 14, 6, 17, 13, 18, 7, 8]|[0, 2, 0, 2, 0, 1, 0, 2, 1, 2, 2, 1, 2, 0, 1, 1, 1, 2, 1, 0]|[3, 0, 3, 1, 0, 1, 2, 1, 1, 0, 0, 1, 1, 3, 0, 1, 1, 0, 1, 3]|[0, 0, 2, 1, 1, 1, 0, 0, 1, 1, 1, 1, 1, 2, 0, 1, 1, 0, 1, 0];[12, 5, 4, 15, 11, 19, 1, 16, 3, 9, 0, 10, 2, 14, 6, 17, 13, 18, 7, 8]|[0, 2, 0, 2, 0, 1, 0, 2, 1, 2, 2, 1, 2, 0, 1, 1, 1, 2, 1, 0]|[3, 0, 3, 1, 0, 1, 2, 1, 1, 0, 0, 1, 1, 3, 0, 1, 1, 0, 1, 3]|[0, 0, 2, 1, 1, 1, 0, 0, 1, 1, 1, 1, 1, 2, 0, 1, 1, 0, 1, 0];[5, 2, 14, 12, 15, 3, 6, 11, 1, 9, 10, 4, 13, 16, 19, 17, 0, 7, 18, 8]|[0, 1, 1, 1, 2, 0, 2, 2, 0, 1, 0, 2, 1, 2, 2, 1, 1, 2, 0, 0]|[0, 1, 1, 1, 0, 3, 0, 1, 3, 1, 3, 1, 1, 0, 1, 0, 0, 0, 1, 3]|[0, 1, 1, 1, 0, 2, 0, 1, 1, 1, 2, 1, 0, 0, 1, 1, 1, 1, 1, 0];[5, 2, 14, 12, 15, 3, 6, 11, 1, 9, 10, 4, 13, 16, 19, 17, 0, 7, 18, 8]|[0, 1, 1, 1, 2, 0, 2, 2, 0, 1, 0, 2, 1, 2, 2, 1, 1, 2, 0, 0]|[0, 1, 1, 1, 0, 3, 0, 1, 3, 1, 3, 1, 1, 0, 1, 0, 0, 0, 1, 3]|[0, 1, 1, 1, 0, 2, 0, 1, 1, 1, 2, 1, 0, 0, 1, 1, 1, 1, 1, 0];[18, 6, 12, 10, 4, 3, 16, 9, 15, 1, 5, 19, 8, 2, 0, 13, 7, 14, 17, 11]|[0, 2, 1, 0, 2, 2, 2, 2, 0, 0, 1, 1, 0, 1, 2, 2, 1, 1, 1, 0]|[1, 0, 1, 0, 1, 0, 0, 0, 3, 3, 1, 0, 3, 1, 0, 1, 1, 1, 0, 3]|[1, 1, 1, 0, 0, 1, 0, 1, 2, 0, 1, 0, 2, 1, 1, 0, 1, 1, 0, 0];[19, 17, 11, 5, 9, 6, 4, 10, 14, 2, 16, 12, 15, 3, 0, 1, 13, 8, 18, 7]|[2, 1, 1, 2, 2, 1, 2, 0, 1, 1, 2, 2, 0, 0, 0, 2, 1, 0, 1, 0]|[1, 0, 1, 1, 0, 1, 1, 2, 1, 0, 0, 0, 3, 0, 0, 0, 1, 3, 1, 1]|[1, 0, 1, 1, 0, 1, 1, 1, 1, 0, 0, 0, 0, 0, 2, 1, 1, 0, 1, 1];[19, 17, 11, 5, 9, 6, 4, 10, 14, 2, 16, 12, 15, 3, 0, 1, 13, 8, 18, 7]|[2, 1, 1, 2, 2, 1, 2, 0, 1, 1, 2, 2, 0, 0, 0, 2, 1, 0, 1, 0]|[1, 0, 1, 1, 0, 1, 1, 2, 1, 0, 0, 0, 3, 0, 0, 0, 1, 3, 1, 1]|[1, 0, 1, 1, 0, 1, 1, 1, 1, 0, 0, 0, 0, 0, 2, 1, 1, 0, 1, 1];[1, 19, 13, 14, 2, 4, 16, 5, 3, 10, 11, 0, 17, 7, 9, 8, 12, 6, 15, 18]|[0, 1, 1, 0, 2, 1, 2, 2, 1, 0, 0, 2, 0, 1, 0, 1, 1, 2, 1, 0]|[3, 1, 1, 3, 0, 1, 0, 0, 0, 2, 3, 0, 3, 1, 3, 1, 0, 0, 1, 3]|[2, 1, 1, 2, 1, 0, 0, 1, 1, 0, 0, 1, 2, 1, 2, 1, 0, 1, 1, 0]	sBp=[19, 17, 11, 5, 9, 6, 4, 10, 14, 2, 16, 12, 15, 3, 0, 1, 13, 8, 18, 7]|[2, 1, 1, 2, 2, 1, 2, 0, 1, 1, 2, 2, 0, 0, 0, 2, 1, 0, 1, 0]|[1, 0, 1, 1, 0, 1, 1, 2, 1, 0, 0, 0, 3, 0, 0, 0, 1, 3, 1, 1]|[1, 0, 1, 1, 0, 1, 1, 1, 1, 0, 0, 0, 0, 0, 2, 1, 1, 0, 1, 1];[2, 19, 8, 14, 12, 13, 9, 17, 7, 18, 1, 6, 15, 11, 0, 3, 5, 16, 4, 10]|[0, 1, 1, 0, 2, 1, 2, 1, 1, 0, 1, 0, 2, 0, 0, 1, 2, 2, 1, 0]|[3, 1, 1, 3, 0, 1, 0, 1, 1, 3, 1, 3, 0, 3, 3, 1, 0, 0, 1, 3]|[0, 1, 1, 2, 1, 1, 0, 1, 1, 0, 1, 0, 1, 0, 2, 1, 1, 0, 1, 0];[2, 19, 15, 12, 10, 14, 9, 18, 16, 13, 3, 4, 8, 6, 1, 11, 0, 7, 5, 17]|[0, 0, 0, 0, 2, 2, 2, 0, 1, 0, 2, 1, 0, 1, 0, 0, 0, 0, 2, 1]|[0, 3, 3, 3, 1, 1, 1, 3, 1, 3, 1, 1, 2, 1, 3, 3, 3, 3, 1, 1]|[1, 0, 2, 0, 1, 0, 0, 1, 1, 2, 1, 0, 0, 1, 1, 0, 2, 1, 0, 0];[2, 14, 19, 4, 16, 5, 8, 6, 11, 9, 7, 13, 15, 10, 1, 12, 0, 3, 17, 18]|[0, 0, 2, 1, 2, 2, 0, 0, 2, 0, 0, 1, 1, 1, 1, 1, 2, 1, 1, 0]|[3, 3, 0, 1, 0, 0, 0, 3, 0, 3, 3, 1, 1, 1, 1, 1, 0, 1, 1, 3]|[0, 2, 1, 1, 0, 1, 1, 0, 1, 2, 1, 1, 1, 1, 1, 1, 0, 1, 1, 0];[1, 4, 17, 14, 19, 13, 16, 5, 10, 11, 0, 2, 6, 15, 3, 7, 9, 8, 12, 18]|[0, 1, 1, 0, 2, 1, 2, 2, 1, 0, 0, 2, 0, 1, 1, 1, 2, 1, 0, 0]|[1, 1, 1, 3, 0, 1, 0, 0, 0, 0, 3, 0, 3, 1, 1, 1, 0, 1, 3, 3]|[0, 1, 1, 2, 1, 1, 0, 1, 1, 1, 0, 1, 2, 0, 1, 1, 0, 1, 0, 1];[1, 19, 13, 14, 2, 4, 16, 5, 3, 10, 11, 6, 8, 12, 9, 7, 17, 15, 0, 18]|[0, 1, 1, 0, 2, 1, 2, 2, 1, 0, 0, 2, 0, 1, 0, 1, 1, 2, 1, 0]|[3, 1, 1, 3, 0, 1, 0, 0, 0, 2, 3, 0, 3, 1, 3, 1, 1, 0, 1, 3]|[0, 1, 1, 2, 1, 0, 0, 1, 1, 0, 0, 1, 2, 1, 1, 1, 1, 0, 1, 0];[1, 19, 13, 14, 2, 4, 16, 5, 3, 10, 11, 0, 17, 7, 18, 12, 8, 6, 15, 9]|[0, 1, 1, 0, 2, 1, 2, 2, 1, 0, 0, 2, 0, 1, 0, 1, 1, 2, 1, 0]|[3, 1, 0, 3, 0, 1, 0, 0, 0, 0, 3, 0, 3, 1, 3, 1, 1, 0, 1, 3]|[0, 1, 1, 2, 1, 0, 0, 1, 1, 1, 0, 1, 2, 1, 1, 1, 1, 0, 1, 0];[1, 19, 13, 14, 2, 4, 16, 5, 3, 10, 11, 0, 17, 7, 18, 12, 9, 15, 6, 8]|[0, 1, 1, 0, 2, 1, 2, 2, 1, 0, 0, 2, 0, 1, 0, 1, 1, 2, 1, 0]|[3, 1, 0, 3, 0, 1, 0, 0, 0, 0, 3, 0, 3, 1, 0, 1, 1, 0, 1, 3]|[0, 1, 1, 2, 1, 0, 0, 1, 1, 1, 0, 1, 2, 1, 1, 1, 1, 0, 1, 0];[1, 2, 13, 14, 5, 4, 16, 19, 3, 10, 11, 6, 8, 18, 7, 9, 12, 15, 17, 0]|[0, 1, 1, 0, 2, 1, 2, 2, 1, 0, 0, 2, 0, 1, 0, 1, 1, 2, 1, 0]|[3, 1, 1, 3, 0, 1, 0, 0, 0, 2, 3, 0, 3, 1, 3, 1, 1, 0, 1, 3]|[2, 1, 1, 2, 1, 0, 0, 1, 1, 0, 0, 1, 2, 1, 0, 1, 1, 0, 1, 0];[1, 4, 13, 14, 19, 2, 16, 5, 3, 10, 11, 0, 17, 8, 18, 12, 7, 6, 15, 9]|[0, 1, 1, 0, 2, 1, 2, 2, 1, 0, 0, 2, 0, 1, 0, 1, 1, 2, 1, 0]|[3, 1, 0, 3, 0, 1, 0, 0, 0, 2, 3, 0, 3, 1, 3, 1, 1, 0, 1, 3]|[0, 1, 1, 2, 1, 0, 0, 1, 1, 1, 0, 1, 2, 1, 1, 1, 1, 0, 1, 0];[1, 2, 4, 8, 6, 11, 10, 3, 5, 16, 15, 19, 14, 7, 17, 9, 12, 0, 18, 13]|[0, 1, 1, 0, 1, 0, 0, 1, 2, 2, 1, 2, 0, 0, 2, 1, 2, 1, 1, 0]|[1, 1, 1, 3, 0, 3, 0, 0, 0, 0, 1, 0, 3, 3, 0, 1, 0, 1, 1, 3]|[0, 1, 0, 2, 1, 0, 1, 1, 1, 0, 1, 1, 2, 1, 1, 1, 0, 1, 1, 0];[2, 19, 6, 15, 3, 4, 16, 5, 1, 11, 10, 0, 18, 12, 7, 13, 17, 8, 9, 14]|[0, 1, 1, 0, 2, 1, 2, 2, 1, 0, 0, 2, 0, 1, 0, 1, 1, 2, 1, 0]|[3, 1, 0, 3, 0, 1, 0, 0, 0, 0, 3, 0, 3, 1, 3, 1, 1, 0, 1, 3]|[0, 1, 1, 2, 1, 0, 0, 1, 1, 1, 0, 1, 2, 1, 1, 1, 1, 1, 1, 0];[2, 12, 15, 19, 10, 14, 9, 1, 16, 13, 3, 4, 7, 6, 11, 18, 0, 8, 17, 5]|[0, 0, 0, 0, 2, 2, 0, 0, 1, 0, 2, 1, 0, 1, 2, 0, 0, 0, 2, 1]|[0, 3, 3, 3, 1, 1, 3, 3, 1, 3, 1, 1, 3, 1, 1, 3, 2, 3, 1, 1]|[1, 0, 2, 0, 1, 0, 2, 1, 1, 2, 1, 0, 0, 1, 1, 1, 0, 2, 0, 1];[1, 2, 15, 11, 10, 14, 9, 12, 16, 13, 3, 4, 7, 6, 19, 18, 0, 8, 17, 5]|[0, 0, 0, 0, 2, 2, 0, 0, 1, 0, 2, 1, 0, 1, 2, 0, 0, 0, 2, 1]|[0, 3, 3, 3, 1, 1, 3, 3, 1, 3, 1, 1, 3, 1, 1, 3, 2, 3, 1, 1]|[1, 0, 2, 0, 1, 0, 2, 2, 1, 2, 1, 0, 0, 1, 1, 1, 0, 2, 0, 1];[1, 19, 13, 14, 2, 4, 16, 11, 15, 10, 5, 6, 8, 17, 7, 18, 12, 3, 0, 9]|[0, 1, 1, 0, 2, 1, 2, 2, 1, 0, 0, 2, 0, 1, 0, 1, 1, 2, 1, 0]|[3, 1, 0, 3, 0, 1, 0, 0, 0, 0, 3, 0, 3, 1, 3, 1, 1, 0, 1, 3]|[0, 1, 1, 2, 1, 0, 0, 1, 1, 0, 0, 1, 2, 1, 1, 1, 1, 1, 1, 0];[1, 19, 13, 14, 2, 4, 16, 5, 3, 10, 11, 0, 17, 12, 7, 15, 8, 6, 18, 9]|[0, 1, 1, 0, 2, 1, 2, 2, 1, 0, 0, 2, 0, 1, 0, 1, 1, 2, 1, 0]|[3, 1, 0, 3, 0, 1, 0, 0, 0, 0, 3, 0, 3, 1, 3, 1, 1, 0, 1, 3]|[0, 1, 1, 2, 1, 0, 0, 1, 1, 0, 0, 1, 2, 1, 1, 1, 1, 1, 1, 0];[2, 13, 11, 10, 14, 15, 16, 12, 18, 3, 4, 9, 19, 6, 7, 0, 8, 1, 17, 5]|[0, 0, 0, 0, 2, 0, 1, 2, 0, 2, 1, 0, 2, 1, 0, 0, 0, 0, 2, 1]|[3, 3, 3, 1, 1, 3, 1, 0, 3, 1, 1, 3, 1, 1, 3, 2, 3, 0, 1, 1]|[0, 2, 0, 1, 0, 2, 1, 0, 1, 1, 0, 2, 1, 1, 0, 0, 2, 1, 0, 1];[2, 12, 15, 14, 19, 10, 16, 5, 3, 8, 6, 11, 9, 17, 7, 4, 1, 0, 13, 18]|[0, 1, 1, 0, 2, 1, 2, 2, 1, 0, 0, 2, 0, 1, 0, 1, 1, 2, 1, 0]|[3, 0, 1, 3, 0, 1, 0, 0, 0, 0, 3, 0, 3, 1, 3, 1, 1, 0, 1, 3]|[0, 1, 1, 2, 1, 0, 0, 1, 1, 1, 0, 1, 2, 1, 1, 1, 1, 0, 1, 0];[2, 12, 15, 9, 10, 14, 19, 0, 16, 13, 3, 4, 7, 6, 11, 1, 18, 8, 17, 5]|[0, 0, 0, 0, 2, 2, 0, 0, 1, 0, 2, 1, 0, 1, 2, 0, 0, 0, 2, 1]|[0, 1, 3, 3, 1, 1, 3, 3, 1, 3, 1, 1, 3, 1, 1, 3, 2, 3, 1, 1]|[1, 0, 2, 2, 1, 0, 0, 1, 1, 2, 1, 0, 0, 1, 1, 1, 0, 2, 0, 0];[2, 12, 15, 9, 10, 14, 19, 0, 16, 13, 3, 4, 7, 6, 11, 1, 18, 8, 17, 5]|[0, 0, 0, 0, 2, 2, 0, 0, 1, 0, 2, 1, 0, 1, 2, 0, 0, 0, 2, 1]|[0, 1, 3, 3, 1, 1, 3, 3, 1, 3, 1, 1, 3, 1, 1, 3, 2, 3, 1, 1]|[1, 0, 2, 2, 1, 0, 0, 1, 1, 2, 1, 0, 0, 1, 1, 1, 0, 2, 0, 0];[2, 12, 15, 9, 10, 14, 19, 0, 16, 13, 3, 4, 7, 6, 11, 1, 18, 8, 17, 5]|[0, 0, 0, 0, 2, 2, 0, 0, 1, 0, 2, 1, 0, 1, 2, 0, 0, 0, 2, 1]|[0, 1, 3, 3, 1, 1, 3, 3, 1, 3, 1, 1, 3, 1, 1, 3, 2, 3, 1, 1]|[1, 0, 2, 2, 1, 0, 0, 1, 1, 2, 1, 0, 0, 1, 1, 1, 0, 2, 0, 0];[2, 12, 15, 9, 10, 14, 19, 0, 16, 13, 3, 4, 7, 6, 11, 1, 18, 8, 17, 5]|[0, 0, 0, 0, 2, 2, 0, 0, 1, 0, 2, 1, 0, 1, 2, 0, 0, 0, 2, 1]|[0, 1, 3, 3, 1, 1, 3, 3, 1, 3, 1, 1, 3, 1, 1, 3, 2, 3, 1, 1]|[1, 0, 2, 2, 1, 0, 0, 1, 1, 2, 1, 0, 0, 1, 1, 1, 0, 2, 0, 0];[1, 2, 13, 14, 19, 4, 16, 5, 3, 10, 11, 6, 18, 17, 7, 12, 0, 15, 9, 8]|[0, 1, 1, 0, 2, 1, 2, 2, 1, 0, 0, 2, 0, 0, 0, 1, 1, 2, 1, 0]|[3, 1, 1, 3, 0, 1, 0, 0, 0, 0, 3, 0, 3, 1, 3, 1, 1, 0, 1, 3]|[0, 1, 1, 2, 1, 0, 0, 1, 1, 1, 0, 1, 2, 1, 1, 1, 1, 0, 1, 0];[1, 19, 13, 14, 2, 15, 5, 16, 12, 17, 7, 0, 3, 10, 11, 6, 8, 9, 4, 18]|[0, 1, 1, 0, 2, 1, 2, 2, 1, 2, 1, 0, 1, 0, 0, 2, 0, 1, 1, 0]|[3, 1, 1, 3, 0, 1, 0, 0, 1, 0, 1, 0, 1, 3, 3, 0, 3, 1, 1, 3]|[2, 1, 1, 2, 1, 1, 1, 0, 1, 1, 1, 0, 1, 1, 0, 1, 2, 1, 1, 2];[1, 19, 13, 14, 2, 15, 5, 16, 12, 17, 7, 0, 3, 10, 11, 6, 8, 9, 4, 18]|[0, 1, 1, 0, 2, 1, 2, 2, 1, 2, 1, 0, 1, 0, 0, 2, 0, 1, 1, 0]|[3, 1, 1, 3, 0, 1, 0, 0, 1, 0, 1, 0, 1, 3, 3, 0, 3, 1, 1, 3]|[2, 1, 1, 2, 1, 1, 1, 0, 1, 1, 1, 0, 1, 1, 0, 1, 2, 1, 1, 2];[12, 10, 15, 19, 14, 7, 8, 5, 1, 4, 3, 2, 16, 13, 17, 9, 18, 0, 11, 6]|[0, 0, 0, 2, 2, 0, 1, 2, 0, 1, 2, 0, 1, 0, 0, 0, 0, 0, 2, 1]|[2, 3, 3, 0, 1, 3, 1, 1, 3, 1, 1, 3, 1, 3, 3, 3, 3, 3, 1, 1]|[1, 2, 0, 1, 0, 2, 1, 1, 1, 0, 1, 0, 1, 2, 1, 2, 0, 2, 0, 0];[19, 9, 12, 2, 10, 14, 15, 1, 16, 7, 3, 4, 18, 8, 0, 11, 17, 13, 5, 6]|[0, 0, 0, 0, 2, 2, 0, 0, 1, 0, 2, 1, 0, 0, 0, 2, 1, 0, 2, 1]|[3, 3, 3, 3, 0, 1, 3, 0, 1, 3, 1, 1, 3, 2, 3, 1, 1, 3, 1, 1]|[0, 2, 1, 0, 1, 0, 2, 1, 1, 0, 1, 0, 2, 0, 1, 1, 1, 2, 0, 1];[2, 19, 8, 12, 10, 14, 1, 16, 15, 3, 4, 7, 6, 11, 0, 13, 18, 9, 17, 5]|[0, 0, 0, 0, 2, 2, 0, 1, 0, 2, 1, 0, 1, 2, 0, 0, 0, 0, 2, 1]|[0, 3, 3, 3, 1, 1, 3, 1, 3, 1, 1, 3, 1, 1, 3, 2, 3, 3, 0, 1]|[1, 0, 2, 0, 1, 0, 1, 1, 2, 1, 0, 0, 1, 1, 1, 0, 2, 0, 0, 0];[2, 19, 8, 12, 10, 14, 1, 16, 15, 3, 4, 7, 6, 11, 0, 13, 18, 9, 17, 5]|[0, 0, 0, 0, 2, 2, 0, 1, 0, 2, 1, 0, 1, 2, 0, 0, 0, 0, 2, 1]|[0, 3, 3, 3, 1, 1, 3, 1, 3, 1, 1, 3, 1, 1, 3, 2, 3, 3, 0, 1]|[1, 0, 2, 0, 1, 0, 1, 1, 2, 1, 0, 0, 1, 1, 1, 0, 2, 0, 0, 0];[2, 19, 8, 12, 10, 14, 1, 16, 15, 3, 4, 7, 6, 11, 0, 13, 18, 9, 17, 5]|[0, 0, 0, 0, 2, 2, 0, 1, 0, 2, 1, 0, 1, 2, 0, 0, 0, 0, 2, 1]|[0, 3, 3, 3, 1, 1, 3, 1, 3, 1, 1, 3, 1, 1, 3, 2, 3, 3, 0, 1]|[1, 0, 2, 0, 1, 0, 1, 1, 2, 1, 0, 0, 1, 1, 1, 0, 2, 0, 0, 0];[2, 19, 8, 12, 10, 14, 1, 16, 15, 3, 4, 7, 6, 11, 0, 13, 18, 9, 17, 5]|[0, 0, 0, 0, 2, 2, 0, 1, 0, 2, 1, 0, 1, 2, 0, 0, 0, 0, 2, 1]|[0, 3, 3, 3, 1, 1, 3, 1, 3, 1, 1, 3, 1, 1, 3, 2, 3, 3, 0, 1]|[1, 0, 2, 0, 1, 0, 1, 1, 2, 1, 0, 0, 1, 1, 1, 0, 2, 0, 0, 0];[19, 2, 12, 13, 10, 14, 9, 18, 16, 15, 6, 4, 7, 3, 11, 1, 0, 8, 17, 5]|[0, 0, 0, 0, 2, 2, 0, 0, 1, 0, 2, 1, 0, 1, 2, 0, 0, 0, 2, 1]|[3, 0, 3, 3, 1, 1, 3, 3, 1, 3, 1, 1, 3, 1, 1, 3, 2, 3, 1, 1]|[0, 1, 2, 0, 1, 0, 2, 1, 1, 2, 1, 0, 0, 1, 1, 1, 0, 2, 0, 0];[19, 2, 12, 13, 10, 14, 9, 18, 16, 15, 6, 4, 7, 3, 11, 1, 0, 8, 17, 5]|[0, 0, 0, 0, 2, 2, 0, 0, 1, 0, 2, 1, 0, 1, 2, 0, 0, 0, 2, 1]|[3, 0, 3, 3, 1, 1, 3, 3, 1, 3, 1, 1, 3, 1, 1, 3, 2, 3, 1, 1]|[0, 1, 2, 0, 1, 0, 2, 1, 1, 2, 1, 0, 0, 1, 1, 1, 0, 2, 0, 0];[2, 12, 15, 19, 10, 14, 9, 1, 16, 13, 3, 4, 7, 6, 11, 0, 17, 8, 5, 18]|[0, 0, 0, 0, 2, 2, 0, 0, 1, 0, 2, 1, 0, 1, 2, 0, 0, 0, 2, 1]|[0, 3, 3, 3, 1, 1, 3, 3, 1, 3, 1, 1, 3, 1, 1, 3, 2, 3, 1, 1]|[1, 0, 2, 0, 1, 0, 2, 1, 1, 2, 1, 0, 0, 1, 1, 1, 0, 2, 0, 0];[2, 12, 15, 19, 10, 14, 9, 1, 16, 13, 3, 4, 7, 6, 11, 0, 17, 8, 5, 18]|[0, 0, 0, 0, 2, 2, 0, 0, 1, 0, 2, 1, 0, 1, 2, 0, 0, 0, 2, 1]|[0, 3, 3, 3, 1, 1, 3, 3, 1, 3, 1, 1, 3, 1, 1, 3, 2, 3, 1, 1]|[1, 0, 2, 0, 1, 0, 2, 1, 1, 2, 1, 0, 0, 1, 1, 1, 0, 2, 0, 0];[2, 12, 15, 19, 10, 14, 9, 1, 16, 13, 3, 4, 7, 6, 11, 0, 17, 8, 5, 18]|[0, 0, 0, 0, 2, 2, 0, 0, 1, 0, 2, 1, 0, 1, 2, 0, 0, 0, 2, 1]|[0, 3, 3, 3, 1, 1, 3, 3, 1, 3, 1, 1, 3, 1, 1, 3, 2, 3, 1, 1]|[1, 0, 2, 0, 1, 0, 2, 1, 1, 2, 1, 0, 0, 1, 1, 1, 0, 2, 0, 0];[2, 12, 15, 19, 10, 14, 9, 1, 16, 13, 3, 4, 7, 6, 11, 0, 17, 8, 5, 18]|[0, 0, 0, 0, 2, 2, 0, 0, 1, 0, 2, 1, 0, 1, 2, 0, 0, 0, 2, 1]|[0, 3, 3, 3, 1, 1, 3, 3, 1, 3, 1, 1, 3, 1, 1, 3, 2, 3, 1, 1]|[1, 0, 2, 0, 1, 0, 2, 1, 1, 2, 1, 0, 0, 1, 1, 1, 0, 2, 0, 0];[1, 2, 13, 14, 19, 4, 6, 5, 18, 7, 0, 16, 8, 3, 12, 17, 15, 11, 9, 10]|[0, 1, 1, 0, 2, 1, 2, 2, 1, 1, 0, 2, 0, 0, 1, 1, 2, 1, 1, 0]|[0, 1, 0, 3, 0, 1, 0, 0, 0, 1, 3, 0, 3, 3, 1, 1, 0, 1, 1, 3]|[0, 1, 1, 2, 0, 0, 1, 1, 1, 1, 0, 0, 2, 0, 1, 1, 1, 1, 1, 0];[9, 19, 5, 16, 4, 2, 14, 13, 3, 10, 11, 6, 17, 7, 8, 12, 0, 15, 18, 1]|[0, 1, 2, 2, 1, 2, 0, 2, 1, 0, 0, 2, 0, 1, 1, 1, 2, 1, 0, 0]|[3, 1, 0, 0, 1, 1, 3, 0, 0, 2, 3, 0, 3, 1, 1, 0, 0, 1, 3, 3]|[2, 1, 1, 0, 0, 1, 2, 0, 1, 0, 0, 1, 2, 1, 1, 0, 1, 1, 0, 2];[17, 4, 12, 11, 9, 1, 0, 10, 3, 14, 19, 2, 16, 5, 13, 15, 7, 6, 8, 18]|[0, 1, 1, 0, 0, 0, 2, 0, 1, 0, 2, 1, 2, 2, 1, 1, 1, 2, 1, 0]|[3, 1, 1, 3, 3, 0, 0, 2, 0, 3, 1, 1, 0, 0, 0, 1, 1, 0, 1, 3]|[2, 1, 1, 0, 0, 0, 1, 1, 1, 2, 1, 0, 0, 1, 1, 1, 1, 0, 1, 1];[1, 2, 13, 17, 10, 14, 9, 12, 16, 15, 3, 4, 7, 6, 11, 18, 0, 8, 19, 5]|[0, 0, 0, 0, 2, 2, 0, 0, 1, 0, 2, 1, 0, 1, 2, 0, 0, 0, 2, 1]|[3, 3, 3, 3, 1, 1, 3, 3, 1, 3, 1, 1, 3, 1, 1, 3, 2, 3, 1, 1]|[1, 0, 2, 0, 1, 0, 2, 1, 1, 2, 1, 0, 0, 1, 1, 1, 0, 2, 0, 1];[2, 19, 15, 12, 10, 14, 9, 18, 16, 13, 3, 4, 8, 6, 1, 11, 0, 7, 5, 17]|[0, 0, 0, 0, 2, 2, 2, 0, 1, 0, 2, 1, 0, 1, 0, 0, 0, 0, 2, 1]|[0, 3, 3, 3, 1, 1, 1, 3, 1, 3, 1, 1, 2, 1, 3, 3, 3, 3, 1, 1]|[1, 0, 2, 0, 1, 0, 0, 1, 1, 2, 1, 0, 0, 1, 1, 0, 2, 1, 0, 0];[2, 19, 15, 12, 10, 14, 9, 18, 16, 13, 3, 4, 8, 6, 1, 11, 0, 7, 5, 17]|[0, 0, 0, 0, 2, 2, 2, 0, 1, 0, 2, 1, 0, 1, 0, 0, 0, 0, 2, 1]|[0, 3, 3, 3, 1, 1, 1, 3, 1, 3, 1, 1, 2, 1, 3, 3, 3, 3, 1, 1]|[1, 0, 2, 0, 1, 0, 0, 1, 1, 2, 1, 0, 0, 1, 1, 0, 2, 1, 0, 0];[2, 19, 15, 12, 10, 14, 9, 18, 16, 13, 3, 4, 8, 6, 1, 11, 0, 7, 5, 17]|[0, 0, 0, 0, 2, 2, 2, 0, 1, 0, 2, 1, 0, 1, 0, 0, 0, 0, 2, 1]|[0, 3, 3, 3, 1, 1, 1, 3, 1, 3, 1, 1, 2, 1, 3, 3, 3, 3, 1, 1]|[1, 0, 2, 0, 1, 0, 0, 1, 1, 2, 1, 0, 0, 1, 1, 0, 2, 1, 0, 0];[19, 15, 11, 2, 10, 14, 9, 1, 16, 13, 18, 4, 7, 12, 6, 0, 17, 8, 5, 3]|[0, 0, 0, 0, 2, 2, 0, 0, 1, 0, 2, 1, 0, 1, 2, 0, 0, 0, 2, 1]|[3, 3, 3, 0, 1, 1, 3, 3, 1, 3, 1, 1, 3, 1, 1, 3, 2, 3, 1, 1]|[0, 2, 0, 1, 1, 0, 2, 1, 1, 2, 1, 0, 0, 1, 1, 1, 0, 2, 0, 1];[19, 15, 11, 2, 10, 14, 9, 1, 16, 13, 18, 4, 7, 12, 6, 0, 17, 8, 5, 3]|[0, 0, 0, 0, 2, 2, 0, 0, 1, 0, 2, 1, 0, 1, 2, 0, 0, 0, 2, 1]|[3, 3, 3, 0, 1, 1, 3, 3, 1, 3, 1, 1, 3, 1, 1, 3, 2, 3, 1, 1]|[0, 2, 0, 1, 1, 0, 2, 1, 1, 2, 1, 0, 0, 1, 1, 1, 0, 2, 0, 1];[1, 19, 14, 2, 4, 16, 11, 18, 6, 5, 17, 9, 10, 13, 15, 12, 7, 3, 8, 0]|[0, 2, 0, 2, 1, 2, 0, 0, 2, 2, 0, 2, 0, 1, 1, 1, 1, 1, 1, 0]|[0, 1, 3, 0, 1, 0, 3, 2, 0, 0, 3, 0, 3, 1, 1, 1, 1, 1, 1, 3]|[0, 0, 2, 1, 1, 1, 0, 1, 1, 1, 2, 1, 1, 1, 1, 1, 1, 1, 1, 0];[1, 19, 5, 14, 15, 4, 16, 2, 3, 10, 11, 13, 12, 18, 7, 9, 0, 6, 17, 8]|[0, 1, 2, 0, 2, 1, 2, 2, 1, 0, 0, 2, 1, 1, 0, 1, 2, 1, 0, 0]|[3, 1, 0, 3, 0, 1, 0, 0, 0, 0, 3, 0, 1, 1, 3, 1, 0, 1, 3, 3]|[0, 1, 1, 2, 1, 0, 0, 1, 1, 1, 0, 1, 1, 1, 1, 1, 1, 1, 0, 2];[2, 12, 10, 15, 19, 18, 9, 1, 16, 13, 3, 5, 11, 6, 0, 7, 17, 14, 4, 8]|[0, 0, 0, 0, 2, 2, 0, 0, 1, 0, 2, 1, 0, 1, 2, 0, 0, 0, 2, 1]|[3, 0, 3, 3, 1, 1, 3, 3, 1, 3, 1, 1, 3, 1, 1, 3, 3, 3, 1, 1]|[0, 1, 2, 0, 1, 0, 2, 1, 1, 2, 1, 0, 0, 1, 1, 1, 0, 2, 0, 0];[2, 19, 8, 14, 9, 15, 16, 5, 1, 11, 0, 7, 10, 12, 18, 17, 3, 4, 6, 13]|[0, 1, 1, 0, 2, 1, 2, 2, 0, 0, 2, 0, 1, 1, 0, 1, 1, 2, 1, 0]|[3, 1, 1, 3, 0, 1, 0, 0, 0, 3, 0, 3, 1, 1, 3, 1, 1, 0, 1, 3]|[0, 1, 1, 2, 1, 1, 0, 1, 1, 0, 1, 2, 1, 1, 1, 1, 1, 0, 1, 0];[2, 19, 8, 14, 9, 15, 16, 5, 1, 11, 0, 7, 10, 12, 18, 17, 3, 4, 6, 13]|[0, 1, 1, 0, 2, 1, 2, 2, 0, 0, 2, 0, 1, 1, 0, 1, 1, 2, 1, 0]|[3, 1, 1, 3, 0, 1, 0, 0, 0, 3, 0, 3, 1, 1, 3, 1, 1, 0, 1, 3]|[0, 1, 1, 2, 1, 1, 0, 1, 1, 0, 1, 2, 1, 1, 1, 1, 1, 0, 1, 0];[2, 4, 5, 14, 19, 16, 1, 10, 11, 0, 17, 8, 12, 18, 7, 6, 15, 3, 13, 9]|[0, 1, 2, 0, 1, 2, 2, 0, 0, 2, 0, 1, 1, 0, 1, 2, 1, 1, 1, 0]|[3, 1, 0, 3, 1, 0, 0, 3, 3, 0, 3, 1, 1, 3, 1, 0, 1, 1, 1, 3]|[0, 1, 1, 2, 1, 0, 1, 0, 0, 1, 2, 1, 1, 1, 1, 0, 1, 1, 1, 0];[1, 2, 14, 16, 5, 7, 11, 6, 8, 18, 4, 19, 15, 12, 9, 17, 0, 3, 13, 10]|[0, 2, 0, 2, 2, 0, 0, 2, 0, 0, 1, 1, 2, 1, 1, 1, 1, 1, 1, 0]|[0, 0, 3, 0, 0, 3, 3, 0, 3, 3, 1, 1, 0, 1, 1, 1, 1, 1, 1, 3]|[0, 1, 2, 0, 1, 0, 0, 1, 2, 0, 1, 1, 0, 1, 1, 1, 1, 1, 1, 0];[1, 2, 14, 16, 5, 7, 11, 6, 8, 18, 4, 19, 15, 12, 9, 17, 0, 3, 13, 10]|[0, 2, 0, 2, 2, 0, 0, 2, 0, 0, 1, 1, 2, 1, 1, 1, 1, 1, 1, 0]|[0, 0, 3, 0, 0, 3, 3, 0, 3, 3, 1, 1, 0, 1, 1, 1, 1, 1, 1, 3]|[0, 1, 2, 0, 1, 0, 0, 1, 2, 0, 1, 1, 0, 1, 1, 1, 1, 1, 1, 0];[1, 5, 14, 16, 19, 9, 10, 11, 6, 8, 15, 3, 2, 12, 18, 13, 17, 7, 4, 0]|[0, 2, 0, 2, 2, 1, 0, 0, 2, 0, 2, 1, 1, 1, 1, 1, 1, 0, 1, 0]|[3, 0, 3, 0, 0, 1, 2, 3, 0, 3, 0, 1, 1, 1, 1, 1, 1, 3, 1, 3]|[2, 1, 2, 0, 1, 1, 0, 0, 1, 2, 0, 1, 1, 1, 1, 1, 1, 0, 1, 0];[1, 5, 14, 16, 19, 9, 10, 11, 6, 8, 15, 3, 2, 12, 18, 13, 17, 7, 4, 0]|[0, 2, 0, 2, 2, 1, 0, 0, 2, 0, 2, 1, 1, 1, 1, 1, 1, 0, 1, 0]|[3, 0, 3, 0, 0, 1, 2, 3, 0, 3, 0, 1, 1, 1, 1, 1, 1, 3, 1, 3]|[2, 1, 2, 0, 1, 1, 0, 0, 1, 2, 0, 1, 1, 1, 1, 1, 1, 0, 1, 0];[19, 14, 2, 4, 16, 5, 12, 1, 18, 10, 6, 11, 7, 17, 15, 9, 3, 13, 0, 8]|[1, 0, 2, 2, 2, 2, 2, 0, 0, 0, 2, 0, 0, 1, 1, 1, 1, 1, 1, 0]|[1, 0, 0, 1, 0, 0, 0, 3, 3, 3, 0, 3, 3, 1, 1, 1, 1, 1, 1, 3]|[1, 1, 1, 1, 0, 1, 0, 0, 0, 2, 1, 0, 0, 1, 1, 1, 1, 1, 1, 2];[19, 6, 5, 4, 16, 14, 12, 17, 2, 10, 18, 15, 7, 0, 11, 9, 13, 8, 3, 1]|[2, 1, 2, 1, 2, 2, 1, 2, 0, 1, 0, 0, 0, 0, 0, 1, 1, 1, 0, 0]|[0, 1, 0, 1, 0, 0, 0, 0, 3, 1, 3, 3, 3, 3, 3, 1, 1, 1, 3, 3]|[1, 1, 1, 0, 0, 1, 1, 1, 0, 1, 2, 0, 1, 0, 2, 1, 1, 1, 0, 0];[19, 6, 5, 4, 16, 14, 12, 17, 2, 10, 18, 15, 7, 0, 11, 9, 13, 8, 3, 1]|[2, 1, 2, 1, 2, 2, 1, 2, 0, 1, 0, 0, 0, 0, 0, 1, 1, 1, 0, 0]|[0, 1, 0, 1, 0, 0, 0, 0, 3, 1, 3, 3, 3, 3, 3, 1, 1, 1, 3, 3]|[1, 1, 1, 0, 0, 1, 1, 1, 0, 1, 2, 0, 1, 0, 2, 1, 1, 1, 0, 0];[2, 12, 15, 19, 10, 14, 9, 1, 16, 3, 13, 4, 7, 6, 11, 0, 8, 18, 17, 5]|[0, 0, 0, 0, 2, 2, 0, 0, 1, 0, 2, 1, 0, 1, 2, 0, 0, 0, 2, 1]|[3, 3, 3, 3, 1, 1, 3, 3, 1, 3, 1, 1, 3, 1, 1, 3, 2, 3, 1, 1]|[1, 0, 2, 0, 1, 0, 2, 1, 1, 2, 1, 0, 0, 1, 1, 1, 0, 2, 0, 1];[17, 6, 15, 11, 10, 19, 5, 16, 13, 12, 2, 14, 3, 4, 9, 18, 1, 0, 7, 8]|[0, 1, 2, 0, 0, 1, 2, 2, 1, 1, 2, 0, 1, 1, 1, 0, 0, 2, 1, 0]|[3, 1, 0, 3, 0, 0, 0, 0, 1, 1, 0, 3, 1, 0, 1, 0, 3, 0, 1, 3]|[2, 1, 1, 0, 1, 1, 1, 0, 0, 1, 1, 2, 0, 1, 1, 1, 0, 1, 1, 0];[1, 19, 13, 14, 2, 4, 16, 5, 3, 10, 11, 6, 18, 9, 12, 0, 7, 15, 17, 8]|[0, 1, 1, 0, 2, 1, 2, 2, 1, 0, 0, 2, 0, 1, 0, 1, 1, 2, 1, 0]|[3, 1, 1, 3, 0, 1, 0, 0, 1, 3, 3, 0, 3, 1, 3, 1, 1, 0, 1, 3]|[0, 1, 1, 2, 1, 1, 0, 1, 1, 1, 0, 1, 2, 1, 0, 1, 1, 0, 1, 0];[1, 19, 13, 14, 2, 4, 16, 5, 3, 10, 11, 6, 18, 9, 12, 0, 7, 15, 17, 8]|[0, 1, 1, 0, 2, 1, 2, 2, 1, 0, 0, 2, 0, 1, 0, 1, 1, 2, 1, 0]|[3, 1, 1, 3, 0, 1, 0, 0, 1, 3, 3, 0, 3, 1, 3, 1, 1, 0, 1, 3]|[0, 1, 1, 2, 1, 1, 0, 1, 1, 1, 0, 1, 2, 1, 0, 1, 1, 0, 1, 0];[2, 12, 15, 19, 10, 14, 9, 1, 16, 13, 6, 0, 7, 3, 11, 18, 17, 8, 4, 5]|[0, 0, 0, 0, 2, 2, 0, 0, 1, 0, 2, 1, 0, 1, 2, 0, 0, 0, 2, 1]|[3, 3, 3, 3, 1, 1, 3, 3, 1, 3, 1, 1, 3, 1, 1, 3, 2, 3, 1, 1]|[1, 0, 2, 0, 1, 0, 2, 1, 1, 2, 1, 0, 0, 1, 1, 1, 0, 2, 0, 1];[5, 4, 3, 15, 17, 12, 9, 18, 8, 6, 10, 11, 7, 1, 16, 14, 13, 19, 2, 0]|[0, 1, 1, 2, 1, 1, 0, 1, 0, 2, 0, 0, 1, 2, 2, 1, 0, 2, 1, 0]|[3, 1, 1, 0, 1, 1, 3, 1, 3, 0, 3, 3, 1, 0, 0, 1, 3, 0, 1, 3]|[0, 1, 1, 0, 1, 1, 1, 1, 2, 1, 0, 0, 1, 1, 0, 1, 2, 1, 1, 0];[5, 4, 3, 15, 17, 12, 9, 18, 8, 6, 10, 11, 7, 1, 16, 14, 13, 19, 2, 0]|[0, 1, 1, 2, 1, 1, 0, 1, 0, 2, 0, 0, 1, 2, 2, 1, 0, 2, 1, 0]|[3, 1, 1, 0, 1, 1, 3, 1, 3, 0, 3, 3, 1, 0, 0, 1, 3, 0, 1, 3]|[0, 1, 1, 0, 1, 1, 1, 1, 2, 1, 0, 0, 1, 1, 0, 1, 2, 1, 1, 0];[19, 14, 2, 4, 16, 5, 3, 12, 10, 6, 0, 18, 9, 8, 15, 11, 7, 17, 13, 1]|[1, 0, 2, 1, 2, 2, 1, 1, 1, 0, 0, 0, 1, 1, 2, 2, 0, 0, 0, 0]|[0, 3, 0, 1, 0, 0, 1, 1, 1, 3, 3, 3, 1, 1, 1, 1, 3, 3, 3, 3]|[1, 0, 1, 0, 0, 1, 1, 1, 1, 0, 2, 0, 1, 1, 1, 0, 0, 0, 2, 0];[1, 4, 19, 2, 14, 13, 16, 5, 3, 17, 11, 6, 8, 9, 7, 18, 12, 15, 10, 0]|[0, 1, 1, 2, 0, 1, 2, 2, 1, 0, 0, 2, 0, 1, 0, 1, 1, 2, 1, 0]|[3, 1, 1, 0, 3, 1, 0, 0, 1, 3, 3, 0, 3, 1, 3, 1, 1, 0, 1, 3]|[2, 1, 1, 1, 2, 1, 0, 1, 1, 0, 0, 1, 2, 1, 1, 1, 1, 0, 1, 0];[1, 4, 19, 2, 14, 13, 16, 5, 3, 17, 11, 6, 8, 9, 7, 18, 12, 15, 10, 0]|[0, 1, 1, 2, 0, 1, 2, 2, 1, 0, 0, 2, 0, 1, 0, 1, 1, 2, 1, 0]|[3, 1, 1, 0, 3, 1, 0, 0, 1, 3, 3, 0, 3, 1, 3, 1, 1, 0, 1, 3]|[2, 1, 1, 1, 2, 1, 0, 1, 1, 0, 0, 1, 2, 1, 1, 1, 1, 0, 1, 0];[5, 4, 14, 10, 2, 13, 16, 19, 17, 7, 18, 0, 8, 12, 1, 11, 3, 15, 6, 9]|[0, 1, 1, 0, 2, 1, 2, 2, 1, 0, 0, 2, 0, 0, 1, 1, 1, 2, 1, 0]|[3, 1, 1, 3, 0, 1, 0, 0, 1, 3, 3, 0, 3, 3, 1, 1, 1, 0, 1, 3]|[0, 1, 1, 2, 1, 1, 0, 1, 1, 0, 0, 1, 2, 1, 1, 1, 1, 1, 1, 0];[5, 4, 14, 10, 2, 13, 16, 19, 17, 7, 18, 0, 8, 12, 1, 11, 3, 15, 6, 9]|[0, 1, 1, 0, 2, 1, 2, 2, 1, 0, 0, 2, 0, 0, 1, 1, 1, 2, 1, 0]|[3, 1, 1, 3, 0, 1, 0, 0, 1, 3, 3, 0, 3, 3, 1, 1, 1, 0, 1, 3]|[0, 1, 1, 2, 1, 1, 0, 1, 1, 0, 0, 1, 2, 1, 1, 1, 1, 1, 1, 0];[19, 4, 2, 13, 16, 5, 11, 18, 7, 17, 15, 12, 10, 1, 3, 8, 9, 6, 14, 0]|[1, 1, 2, 1, 2, 2, 0, 1, 2, 1, 1, 1, 0, 0, 0, 0, 0, 2, 0, 0]|[1, 1, 0, 1, 0, 0, 3, 1, 0, 1, 1, 1, 3, 3, 3, 3, 3, 0, 3, 3]|[1, 1, 1, 1, 0, 1, 0, 1, 0, 1, 1, 1, 0, 0, 0, 2, 0, 1, 0, 2];[19, 4, 2, 13, 16, 5, 11, 18, 7, 17, 15, 12, 10, 1, 3, 8, 9, 6, 14, 0]|[1, 1, 2, 1, 2, 2, 0, 1, 2, 1, 1, 1, 0, 0, 0, 0, 0, 2, 0, 0]|[1, 1, 0, 1, 0, 0, 3, 1, 0, 1, 1, 1, 3, 3, 3, 3, 3, 0, 3, 3]|[1, 1, 1, 1, 0, 1, 0, 1, 0, 1, 1, 1, 0, 0, 0, 2, 0, 1, 0, 2];[2, 19, 8, 14, 9, 6, 18, 12, 13, 1, 7, 0, 4, 10, 11, 16, 3, 15, 5, 17]|[0, 1, 1, 0, 2, 1, 0, 1, 2, 1, 0, 2, 0, 0, 2, 2, 1, 1, 1, 0]|[3, 1, 1, 3, 0, 1, 3, 1, 0, 1, 3, 0, 3, 3, 0, 0, 1, 1, 1, 3]|[0, 1, 1, 2, 1, 1, 0, 1, 0, 1, 2, 1, 0, 2, 0, 1, 1, 1, 1, 0];[2, 19, 8, 14, 9, 6, 18, 12, 13, 1, 7, 0, 4, 10, 11, 16, 3, 15, 5, 17]|[0, 1, 1, 0, 2, 1, 0, 1, 2, 1, 0, 2, 0, 0, 2, 2, 1, 1, 1, 0]|[3, 1, 1, 3, 0, 1, 3, 1, 0, 1, 3, 0, 3, 3, 0, 0, 1, 1, 1, 3]|[0, 1, 1, 2, 1, 1, 0, 1, 0, 1, 2, 1, 0, 2, 0, 1, 1, 1, 1, 0];[2, 19, 9, 14, 8, 18, 12, 11, 15, 3, 6, 16, 10, 7, 0, 13, 4, 5, 17, 1]|[0, 1, 2, 0, 1, 2, 2, 0, 2, 0, 1, 0, 1, 1, 1, 1, 2, 1, 0, 0]|[3, 1, 0, 3, 1, 0, 0, 3, 0, 3, 1, 3, 1, 1, 1, 1, 0, 1, 3, 3]|[0, 1, 1, 2, 1, 0, 1, 0, 1, 2, 1, 0, 1, 1, 1, 1, 0, 1, 0, 0];[5, 6, 19, 10, 2, 14, 12, 7, 15, 3, 18, 11, 8, 16, 17, 13, 4, 9, 0, 1]|[2, 1, 2, 0, 1, 1, 1, 0, 1, 0, 0, 0, 2, 2, 2, 1, 2, 1, 0, 0]|[0, 1, 1, 2, 1, 0, 0, 3, 0, 0, 3, 0, 1, 0, 0, 1, 1, 1, 3, 3]|[0, 1, 1, 2, 1, 0, 1, 0, 1, 1, 1, 0, 1, 0, 0, 0, 1, 1, 0, 2];[5, 6, 19, 10, 2, 14, 12, 7, 15, 3, 18, 11, 8, 16, 17, 13, 4, 9, 0, 1]|[2, 1, 2, 0, 1, 1, 1, 0, 1, 0, 0, 0, 2, 2, 2, 1, 2, 1, 0, 0]|[0, 1, 1, 2, 1, 0, 0, 3, 0, 0, 3, 0, 1, 0, 0, 1, 1, 1, 3, 3]|[0, 1, 1, 2, 1, 0, 1, 0, 1, 1, 1, 0, 1, 0, 0, 0, 1, 1, 0, 2];[11, 19, 14, 2, 4, 16, 5, 3, 9, 10, 18, 7, 1, 15, 0, 12, 17, 6, 13, 8]|[0, 1, 0, 2, 1, 2, 2, 1, 1, 0, 0, 2, 0, 2, 0, 1, 1, 2, 1, 0]|[0, 0, 1, 1, 1, 0, 1, 0, 1, 3, 3, 0, 3, 0, 3, 1, 1, 0, 0, 3]|[2, 1, 1, 1, 0, 0, 1, 1, 1, 0, 0, 1, 0, 0, 2, 1, 1, 1, 1, 0];[11, 19, 14, 2, 4, 16, 5, 3, 9, 10, 18, 7, 1, 15, 0, 12, 17, 6, 13, 8]|[0, 1, 0, 2, 1, 2, 2, 1, 1, 0, 0, 2, 0, 2, 0, 1, 1, 2, 1, 0]|[0, 0, 1, 1, 1, 0, 1, 0, 1, 3, 3, 0, 3, 0, 3, 1, 1, 0, 0, 3]|[2, 1, 1, 1, 0, 0, 1, 1, 1, 0, 0, 1, 0, 0, 2, 1, 1, 1, 1, 0];[19, 0, 9, 17, 3, 1, 13, 12, 18, 6, 11, 2, 7, 16, 15, 4, 8, 5, 14, 10]|[1, 1, 0, 2, 0, 2, 1, 2, 2, 1, 0, 0, 1, 0, 1, 2, 1, 1, 0, 0]|[1, 1, 3, 0, 3, 1, 1, 0, 0, 1, 3, 3, 1, 3, 1, 0, 1, 1, 3, 3]|[1, 1, 0, 1, 2, 1, 1, 1, 0, 1, 0, 2, 1, 0, 1, 1, 1, 1, 2, 0];[19, 14, 5, 4, 16, 2, 3, 9, 17, 6, 15, 11, 7, 8, 12, 10, 13, 18, 0, 1]|[1, 0, 2, 1, 2, 2, 1, 0, 0, 1, 1, 0, 0, 1, 2, 2, 2, 1, 0, 0]|[0, 0, 1, 1, 0, 1, 0, 3, 3, 0, 1, 0, 3, 1, 0, 0, 0, 1, 3, 3]|[1, 2, 1, 0, 0, 1, 1, 0, 0, 0, 1, 1, 0, 1, 1, 1, 0, 1, 2, 0];[19, 14, 5, 4, 16, 2, 3, 9, 17, 6, 15, 11, 7, 8, 12, 10, 13, 18, 0, 1]|[1, 0, 2, 1, 2, 2, 1, 0, 0, 1, 1, 0, 0, 1, 2, 2, 2, 1, 0, 0]|[0, 0, 1, 1, 0, 1, 0, 3, 3, 0, 1, 0, 3, 1, 0, 0, 0, 1, 3, 3]|[1, 2, 1, 0, 0, 1, 1, 0, 0, 0, 1, 1, 0, 1, 1, 1, 0, 1, 2, 0];[19, 14, 5, 4, 16, 2, 3, 9, 17, 6, 15, 11, 7, 8, 12, 10, 13, 18, 0, 1]|[1, 0, 2, 1, 2, 2, 1, 0, 0, 1, 1, 0, 0, 1, 2, 2, 2, 1, 0, 0]|[0, 0, 1, 1, 0, 1, 0, 3, 3, 0, 1, 0, 3, 1, 0, 0, 0, 1, 3, 3]|[1, 2, 1, 0, 0, 1, 1, 0, 0, 0, 1, 1, 0, 1, 1, 1, 0, 1, 2, 0];[19, 14, 5, 4, 16, 2, 3, 9, 17, 6, 15, 11, 7, 8, 12, 10, 13, 18, 0, 1]|[1, 0, 2, 1, 2, 2, 1, 0, 0, 1, 1, 0, 0, 1, 2, 2, 2, 1, 0, 0]|[0, 0, 1, 1, 0, 1, 0, 3, 3, 0, 1, 0, 3, 1, 0, 0, 0, 1, 3, 3]|[1, 2, 1, 0, 0, 1, 1, 0, 0, 0, 1, 1, 0, 1, 1, 1, 0, 1, 2, 0];[5, 2, 14, 10, 4, 13, 16, 19, 17, 0, 11, 9, 12, 3, 18, 15, 6, 1, 7, 8]|[0, 1, 0, 2, 1, 1, 2, 2, 1, 0, 1, 2, 2, 0, 0, 2, 1, 2, 1, 0]|[0, 0, 3, 1, 1, 1, 0, 1, 0, 3, 0, 0, 1, 0, 3, 0, 1, 0, 1, 3]|[0, 0, 2, 1, 1, 1, 0, 1, 1, 2, 0, 0, 0, 1, 0, 1, 1, 1, 1, 0];[5, 2, 14, 10, 4, 13, 16, 19, 17, 0, 11, 9, 12, 3, 18, 15, 6, 1, 7, 8]|[0, 1, 0, 2, 1, 1, 2, 2, 1, 0, 1, 2, 2, 0, 0, 2, 1, 2, 1, 0]|[0, 0, 3, 1, 1, 1, 0, 1, 0, 3, 0, 0, 1, 0, 3, 0, 1, 0, 1, 3]|[0, 0, 2, 1, 1, 1, 0, 1, 1, 2, 0, 0, 0, 1, 0, 1, 1, 1, 1, 0];[5, 2, 14, 10, 4, 13, 16, 19, 17, 0, 11, 9, 12, 3, 18, 15, 6, 1, 7, 8]|[0, 1, 0, 2, 1, 1, 2, 2, 1, 0, 1, 2, 2, 0, 0, 2, 1, 2, 1, 0]|[0, 0, 3, 1, 1, 1, 0, 1, 0, 3, 0, 0, 1, 0, 3, 0, 1, 0, 1, 3]|[0, 0, 2, 1, 1, 1, 0, 1, 1, 2, 0, 0, 0, 1, 0, 1, 1, 1, 1, 0];[5, 2, 14, 10, 4, 13, 16, 19, 17, 0, 11, 9, 12, 3, 18, 15, 6, 1, 7, 8]|[0, 1, 0, 2, 1, 1, 2, 2, 1, 0, 1, 2, 2, 0, 0, 2, 1, 2, 1, 0]|[0, 0, 3, 1, 1, 1, 0, 1, 0, 3, 0, 0, 1, 0, 3, 0, 1, 0, 1, 3]|[0, 0, 2, 1, 1, 1, 0, 1, 1, 2, 0, 0, 0, 1, 0, 1, 1, 1, 1, 0];[1, 9, 4, 5, 14, 13, 2, 15, 17, 10, 8, 6, 16, 12, 19, 11, 0, 7, 3, 18]|[0, 1, 1, 2, 0, 1, 1, 0, 0, 1, 0, 2, 2, 2, 2, 1, 0, 2, 1, 0]|[1, 0, 1, 1, 2, 0, 1, 0, 3, 0, 3, 0, 0, 0, 0, 1, 3, 0, 0, 3]|[2, 1, 0, 0, 0, 1, 1, 0, 1, 1, 2, 1, 1, 0, 1, 0, 0, 1, 1, 0];[1, 9, 4, 5, 14, 13, 2, 15, 17, 10, 8, 6, 16, 12, 19, 11, 0, 7, 3, 18]|[0, 1, 1, 2, 0, 1, 1, 0, 0, 1, 0, 2, 2, 2, 2, 1, 0, 2, 1, 0]|[1, 0, 1, 1, 2, 0, 1, 0, 3, 0, 3, 0, 0, 0, 0, 1, 3, 0, 0, 3]|[2, 1, 0, 0, 0, 1, 1, 0, 1, 1, 2, 1, 1, 0, 1, 0, 0, 1, 1, 0];[12, 5, 4, 15, 11, 19, 1, 16, 3, 9, 0, 10, 2, 14, 6, 17, 13, 18, 7, 8]|[0, 2, 0, 2, 0, 1, 0, 2, 1, 2, 2, 1, 2, 0, 1, 1, 1, 2, 1, 0]|[3, 0, 3, 1, 0, 1, 2, 1, 1, 0, 0, 1, 1, 3, 0, 1, 1, 0, 1, 3]|[0, 0, 2, 1, 1, 1, 0, 0, 1, 1, 1, 1, 1, 2, 0, 1, 1, 0, 1, 0];[12, 5, 4, 15, 11, 19, 1, 16, 3, 9, 0, 10, 2, 14, 6, 17, 13, 18, 7, 8]|[0, 2, 0, 2, 0, 1, 0, 2, 1, 2, 2, 1, 2, 0, 1, 1, 1, 2, 1, 0]|[3, 0, 3, 1, 0, 1, 2, 1, 1, 0, 0, 1, 1, 3, 0, 1, 1, 0, 1, 3]|[0, 0, 2, 1, 1, 1, 0, 0, 1, 1, 1, 1, 1, 2, 0, 1, 1, 0, 1, 0];[12, 5, 4, 15, 11, 19, 1, 16, 3, 9, 0, 10, 2, 14, 6, 17, 13, 18, 7, 8]|[0, 2, 0, 2, 0, 1, 0, 2, 1, 2, 2, 1, 2, 0, 1, 1, 1, 2, 1, 0]|[3, 0, 3, 1, 0, 1, 2, 1, 1, 0, 0, 1, 1, 3, 0, 1, 1, 0, 1, 3]|[0, 0, 2, 1, 1, 1, 0, 0, 1, 1, 1, 1, 1, 2, 0, 1, 1, 0, 1, 0];[12, 5, 4, 15, 11, 19, 1, 16, 3, 9, 0, 10, 2, 14, 6, 17, 13, 18, 7, 8]|[0, 2, 0, 2, 0, 1, 0, 2, 1, 2, 2, 1, 2, 0, 1, 1, 1, 2, 1, 0]|[3, 0, 3, 1, 0, 1, 2, 1, 1, 0, 0, 1, 1, 3, 0, 1, 1, 0, 1, 3]|[0, 0, 2, 1, 1, 1, 0, 0, 1, 1, 1, 1, 1, 2, 0, 1, 1, 0, 1, 0];[5, 2, 14, 12, 15, 3, 6, 11, 1, 9, 10, 4, 13, 16, 19, 17, 0, 7, 18, 8]|[0, 1, 1, 1, 2, 0, 2, 2, 0, 1, 0, 2, 1, 2, 2, 1, 1, 2, 0, 0]|[0, 1, 1, 1, 0, 3, 0, 1, 3, 1, 3, 1, 1, 0, 1, 0, 0, 0, 1, 3]|[0, 1, 1, 1, 0, 2, 0, 1, 1, 1, 2, 1, 0, 0, 1, 1, 1, 1, 1, 0];[5, 2, 14, 12, 15, 3, 6, 11, 1, 9, 10, 4, 13, 16, 19, 17, 0, 7, 18, 8]|[0, 1, 1, 1, 2, 0, 2, 2, 0, 1, 0, 2, 1, 2, 2, 1, 1, 2, 0, 0]|[0, 1, 1, 1, 0, 3, 0, 1, 3, 1, 3, 1, 1, 0, 1, 0, 0, 0, 1, 3]|[0, 1, 1, 1, 0, 2, 0, 1, 1, 1, 2, 1, 0, 0, 1, 1, 1, 1, 1, 0];[18, 6, 12, 10, 4, 3, 16, 9, 15, 1, 5, 19, 8, 2, 0, 13, 7, 14, 17, 11]|[0, 2, 1, 0, 2, 2, 2, 2, 0, 0, 1, 1, 0, 1, 2, 2, 1, 1, 1, 0]|[1, 0, 1, 0, 1, 0, 0, 0, 3, 3, 1, 0, 3, 1, 0, 1, 1, 1, 0, 3]|[1, 1, 1, 0, 0, 1, 0, 1, 2, 0, 1, 0, 2, 1, 1, 0, 1, 1, 0, 0];[19, 17, 11, 5, 9, 6, 4, 10, 14, 2, 16, 12, 15, 3, 0, 1, 13, 8, 18, 7]|[2, 1, 1, 2, 2, 1, 2, 0, 1, 1, 2, 2, 0, 0, 0, 2, 1, 0, 1, 0]|[1, 0, 1, 1, 0, 1, 1, 2, 1, 0, 0, 0, 3, 0, 0, 0, 1, 3, 1, 1]|[1, 0, 1, 1, 0, 1, 1, 1, 1, 0, 0, 0, 0, 0, 2, 1, 1, 0, 1, 1];[1, 19, 13, 14, 2, 4, 16, 5, 3, 10, 11, 0, 17, 7, 9, 8, 12, 6, 15, 18]|[0, 1, 1, 0, 2, 1, 2, 2, 1, 0, 0, 2, 0, 1, 0, 1, 1, 2, 1, 0]|[3, 1, 1, 3, 0, 1, 0, 0, 0, 2, 3, 0, 3, 1, 3, 1, 0, 0, 1, 3]|[2, 1, 1, 2, 1, 0, 0, 1, 1, 0, 0, 1, 2, 1, 2, 1, 0, 1, 1, 0]
fc6diagRound 17	fe=476781	pool=300	target=100	rescued=1	sOriginal=[2, 14, 19, 4, 16, 5, 8, 6, 11, 9, 7, 13, 15, 10, 1, 12, 0, 3, 17, 18]|[0, 0, 2, 1, 2, 2, 0, 0, 2, 0, 0, 1, 1, 1, 1, 1, 2, 1, 1, 0]|[3, 3, 0, 1, 0, 0, 0, 3, 0, 3, 3, 1, 1, 1, 1, 1, 0, 1, 1, 3]|[0, 2, 1, 1, 0, 1, 1, 0, 1, 2, 1, 1, 1, 1, 1, 1, 0, 1, 1, 0];[5, 4, 13, 14, 2, 10, 16, 19, 7, 11, 8, 1, 17, 9, 12, 15, 0, 3, 6, 18]|[0, 1, 1, 0, 2, 1, 2, 2, 0, 0, 2, 0, 1, 0, 1, 1, 2, 1, 1, 0]|[3, 1, 1, 3, 0, 1, 0, 0, 0, 3, 0, 3, 1, 3, 1, 1, 0, 1, 1, 3]|[0, 1, 1, 2, 1, 1, 0, 1, 1, 0, 1, 2, 1, 2, 1, 1, 1, 1, 1, 0];[1, 2, 13, 14, 5, 4, 16, 19, 3, 10, 11, 6, 8, 18, 7, 9, 12, 15, 17, 0]|[0, 1, 1, 0, 2, 1, 2, 2, 1, 0, 0, 2, 0, 1, 0, 1, 1, 2, 1, 0]|[3, 1, 1, 3, 0, 1, 0, 0, 0, 2, 3, 0, 3, 1, 3, 1, 1, 0, 1, 3]|[2, 1, 1, 2, 1, 0, 0, 1, 1, 0, 0, 1, 2, 1, 0, 1, 1, 0, 1, 0];[5, 4, 13, 14, 2, 10, 16, 19, 3, 7, 11, 8, 1, 12, 9, 6, 17, 0, 15, 18]|[0, 1, 1, 0, 2, 1, 2, 2, 1, 0, 0, 2, 0, 1, 0, 1, 1, 2, 1, 0]|[3, 1, 1, 3, 0, 1, 0, 0, 0, 0, 3, 0, 3, 1, 3, 1, 1, 0, 1, 3]|[0, 1, 1, 2, 1, 0, 0, 1, 1, 1, 0, 1, 2, 1, 2, 1, 1, 1, 1, 0];[1, 19, 13, 14, 2, 4, 16, 5, 3, 10, 11, 6, 8, 12, 9, 7, 17, 15, 0, 18]|[0, 1, 1, 0, 2, 1, 2, 2, 1, 0, 0, 2, 0, 1, 0, 1, 1, 2, 1, 0]|[3, 1, 1, 3, 0, 1, 0, 0, 0, 2, 3, 0, 3, 1, 3, 1, 1, 0, 1, 3]|[0, 1, 1, 2, 1, 0, 0, 1, 1, 0, 0, 1, 2, 1, 1, 1, 1, 0, 1, 0];[2, 12, 15, 19, 10, 14, 9, 1, 16, 13, 3, 4, 7, 6, 11, 18, 0, 8, 17, 5]|[0, 0, 0, 0, 2, 2, 0, 0, 1, 0, 2, 1, 0, 1, 2, 0, 0, 0, 2, 1]|[0, 3, 3, 3, 1, 1, 3, 3, 1, 3, 1, 1, 3, 1, 1, 3, 2, 3, 1, 1]|[1, 0, 2, 0, 1, 0, 2, 1, 1, 2, 1, 0, 0, 1, 1, 1, 0, 2, 0, 1];[9, 19, 13, 10, 5, 6, 16, 4, 3, 14, 11, 17, 18, 0, 1, 12, 15, 2, 8, 7]|[0, 1, 1, 0, 2, 1, 2, 2, 1, 0, 0, 2, 0, 1, 0, 1, 1, 2, 1, 0]|[3, 1, 1, 3, 0, 1, 0, 0, 0, 0, 3, 0, 3, 1, 3, 1, 1, 0, 1, 3]|[2, 1, 1, 2, 1, 0, 0, 1, 1, 0, 0, 0, 2, 1, 0, 1, 1, 1, 1, 0];[1, 4, 17, 14, 19, 13, 16, 5, 10, 11, 0, 2, 6, 15, 3, 7, 9, 8, 12, 18]|[0, 1, 1, 0, 2, 1, 2, 2, 1, 0, 0, 2, 0, 1, 1, 1, 2, 1, 0, 0]|[1, 1, 1, 3, 0, 1, 0, 0, 0, 0, 3, 0, 3, 1, 1, 1, 0, 1, 3, 3]|[0, 1, 1, 2, 1, 1, 0, 1, 1, 1, 0, 1, 2, 0, 1, 1, 0, 1, 0, 1];[12, 10, 15, 19, 14, 7, 8, 5, 1, 4, 3, 2, 16, 13, 17, 9, 18, 0, 11, 6]|[0, 0, 0, 2, 2, 0, 1, 2, 0, 1, 2, 0, 1, 0, 0, 0, 0, 0, 2, 1]|[2, 3, 3, 0, 1, 3, 1, 1, 3, 1, 1, 3, 1, 3, 3, 3, 3, 3, 1, 1]|[1, 2, 0, 1, 0, 2, 1, 1, 1, 0, 1, 0, 1, 2, 1, 2, 0, 2, 0, 0];[1, 19, 13, 14, 2, 15, 5, 16, 12, 17, 7, 0, 3, 10, 11, 6, 8, 9, 4, 18]|[0, 1, 1, 0, 2, 1, 2, 2, 1, 2, 1, 0, 1, 0, 0, 2, 0, 1, 1, 0]|[3, 1, 1, 3, 0, 1, 0, 0, 1, 0, 1, 0, 1, 3, 3, 0, 3, 1, 1, 3]|[2, 1, 1, 2, 1, 1, 1, 0, 1, 1, 1, 0, 1, 1, 0, 1, 2, 1, 1, 2];[1, 19, 13, 14, 2, 15, 5, 16, 12, 17, 7, 0, 3, 10, 11, 6, 8, 9, 4, 18]|[0, 1, 1, 0, 2, 1, 2, 2, 1, 2, 1, 0, 1, 0, 0, 2, 0, 1, 1, 0]|[3, 1, 1, 3, 0, 1, 0, 0, 1, 0, 1, 0, 1, 3, 3, 0, 3, 1, 1, 3]|[2, 1, 1, 2, 1, 1, 1, 0, 1, 1, 1, 0, 1, 1, 0, 1, 2, 1, 1, 2];[1, 2, 4, 8, 6, 11, 10, 3, 5, 16, 15, 19, 14, 7, 17, 9, 12, 0, 18, 13]|[0, 1, 1, 0, 1, 0, 0, 1, 2, 2, 1, 2, 0, 0, 2, 1, 2, 1, 1, 0]|[1, 1, 1, 3, 0, 3, 0, 0, 0, 0, 1, 0, 3, 3, 0, 1, 0, 1, 1, 3]|[0, 1, 0, 2, 1, 0, 1, 1, 1, 0, 1, 1, 2, 1, 1, 1, 0, 1, 1, 0];[2, 12, 15, 14, 19, 10, 16, 5, 3, 8, 6, 11, 9, 17, 7, 4, 1, 0, 13, 18]|[0, 1, 1, 0, 2, 1, 2, 2, 1, 0, 0, 2, 0, 1, 0, 1, 1, 2, 1, 0]|[3, 0, 1, 3, 0, 1, 0, 0, 0, 0, 3, 0, 3, 1, 3, 1, 1, 0, 1, 3]|[0, 1, 1, 2, 1, 0, 0, 1, 1, 1, 0, 1, 2, 1, 1, 1, 1, 0, 1, 0];[1, 2, 15, 11, 10, 14, 9, 12, 16, 13, 3, 4, 7, 6, 19, 18, 0, 8, 17, 5]|[0, 0, 0, 0, 2, 2, 0, 0, 1, 0, 2, 1, 0, 1, 2, 0, 0, 0, 2, 1]|[0, 3, 3, 3, 1, 1, 3, 3, 1, 3, 1, 1, 3, 1, 1, 3, 2, 3, 1, 1]|[1, 0, 2, 0, 1, 0, 2, 2, 1, 2, 1, 0, 0, 1, 1, 1, 0, 2, 0, 1];[19, 9, 12, 2, 10, 14, 15, 1, 16, 7, 3, 4, 18, 8, 0, 11, 17, 13, 5, 6]|[0, 0, 0, 0, 2, 2, 0, 0, 1, 0, 2, 1, 0, 0, 0, 2, 1, 0, 2, 1]|[3, 3, 3, 3, 0, 1, 3, 0, 1, 3, 1, 1, 3, 2, 3, 1, 1, 3, 1, 1]|[0, 2, 1, 0, 1, 0, 2, 1, 1, 0, 1, 0, 2, 0, 1, 1, 1, 2, 0, 1];[2, 12, 10, 15, 19, 18, 9, 1, 16, 13, 3, 5, 11, 6, 0, 7, 17, 14, 4, 8]|[0, 0, 0, 0, 2, 2, 0, 0, 1, 0, 2, 1, 0, 1, 2, 0, 0, 0, 2, 1]|[3, 0, 3, 3, 1, 1, 3, 3, 1, 3, 1, 1, 3, 1, 1, 3, 3, 3, 1, 1]|[0, 1, 2, 0, 1, 0, 2, 1, 1, 2, 1, 0, 0, 1, 1, 1, 0, 2, 0, 0];[1, 4, 13, 14, 19, 2, 16, 5, 3, 10, 11, 0, 17, 8, 18, 12, 7, 6, 15, 9]|[0, 1, 1, 0, 2, 1, 2, 2, 1, 0, 0, 2, 0, 1, 0, 1, 1, 2, 1, 0]|[3, 1, 0, 3, 0, 1, 0, 0, 0, 2, 3, 0, 3, 1, 3, 1, 1, 0, 1, 3]|[0, 1, 1, 2, 1, 0, 0, 1, 1, 1, 0, 1, 2, 1, 1, 1, 1, 0, 1, 0];[1, 19, 13, 14, 2, 4, 16, 5, 3, 10, 11, 0, 17, 7, 18, 12, 9, 15, 6, 8]|[0, 1, 1, 0, 2, 1, 2, 2, 1, 0, 0, 2, 0, 1, 0, 1, 1, 2, 1, 0]|[3, 1, 0, 3, 0, 1, 0, 0, 0, 0, 3, 0, 3, 1, 0, 1, 1, 0, 1, 3]|[0, 1, 1, 2, 1, 0, 0, 1, 1, 1, 0, 1, 2, 1, 1, 1, 1, 0, 1, 0];[1, 19, 13, 14, 2, 4, 16, 5, 3, 10, 11, 0, 17, 7, 18, 12, 8, 6, 15, 9]|[0, 1, 1, 0, 2, 1, 2, 2, 1, 0, 0, 2, 0, 1, 0, 1, 1, 2, 1, 0]|[3, 1, 0, 3, 0, 1, 0, 0, 0, 0, 3, 0, 3, 1, 3, 1, 1, 0, 1, 3]|[0, 1, 1, 2, 1, 0, 0, 1, 1, 1, 0, 1, 2, 1, 1, 1, 1, 0, 1, 0];[2, 13, 11, 10, 14, 15, 16, 12, 18, 3, 4, 9, 19, 6, 7, 0, 8, 1, 17, 5]|[0, 0, 0, 0, 2, 0, 1, 2, 0, 2, 1, 0, 2, 1, 0, 0, 0, 0, 2, 1]|[3, 3, 3, 1, 1, 3, 1, 0, 3, 1, 1, 3, 1, 1, 3, 2, 3, 0, 1, 1]|[0, 2, 0, 1, 0, 2, 1, 0, 1, 1, 0, 2, 1, 1, 0, 0, 2, 1, 0, 1];[1, 2, 13, 14, 19, 4, 6, 5, 18, 7, 0, 16, 8, 3, 12, 17, 15, 11, 9, 10]|[0, 1, 1, 0, 2, 1, 2, 2, 1, 1, 0, 2, 0, 0, 1, 1, 2, 1, 1, 0]|[0, 1, 0, 3, 0, 1, 0, 0, 0, 1, 3, 0, 3, 3, 1, 1, 0, 1, 1, 3]|[0, 1, 1, 2, 0, 0, 1, 1, 1, 1, 0, 0, 2, 0, 1, 1, 1, 1, 1, 0];[19, 2, 12, 13, 10, 14, 9, 18, 16, 15, 6, 4, 7, 3, 11, 1, 0, 8, 17, 5]|[0, 0, 0, 0, 2, 2, 0, 0, 1, 0, 2, 1, 0, 1, 2, 0, 0, 0, 2, 1]|[3, 0, 3, 3, 1, 1, 3, 3, 1, 3, 1, 1, 3, 1, 1, 3, 2, 3, 1, 1]|[0, 1, 2, 0, 1, 0, 2, 1, 1, 2, 1, 0, 0, 1, 1, 1, 0, 2, 0, 0];[19, 2, 12, 13, 10, 14, 9, 18, 16, 15, 6, 4, 7, 3, 11, 1, 0, 8, 17, 5]|[0, 0, 0, 0, 2, 2, 0, 0, 1, 0, 2, 1, 0, 1, 2, 0, 0, 0, 2, 1]|[3, 0, 3, 3, 1, 1, 3, 3, 1, 3, 1, 1, 3, 1, 1, 3, 2, 3, 1, 1]|[0, 1, 2, 0, 1, 0, 2, 1, 1, 2, 1, 0, 0, 1, 1, 1, 0, 2, 0, 0];[19, 2, 12, 13, 10, 14, 9, 18, 16, 15, 6, 4, 7, 3, 11, 1, 0, 8, 17, 5]|[0, 0, 0, 0, 2, 2, 0, 0, 1, 0, 2, 1, 0, 1, 2, 0, 0, 0, 2, 1]|[3, 0, 3, 3, 1, 1, 3, 3, 1, 3, 1, 1, 3, 1, 1, 3, 2, 3, 1, 1]|[0, 1, 2, 0, 1, 0, 2, 1, 1, 2, 1, 0, 0, 1, 1, 1, 0, 2, 0, 0];[19, 2, 12, 13, 10, 14, 9, 18, 16, 15, 6, 4, 7, 3, 11, 1, 0, 8, 17, 5]|[0, 0, 0, 0, 2, 2, 0, 0, 1, 0, 2, 1, 0, 1, 2, 0, 0, 0, 2, 1]|[3, 0, 3, 3, 1, 1, 3, 3, 1, 3, 1, 1, 3, 1, 1, 3, 2, 3, 1, 1]|[0, 1, 2, 0, 1, 0, 2, 1, 1, 2, 1, 0, 0, 1, 1, 1, 0, 2, 0, 0];[2, 12, 15, 9, 10, 14, 19, 0, 16, 13, 3, 4, 7, 6, 11, 1, 18, 8, 17, 5]|[0, 0, 0, 0, 2, 2, 0, 0, 1, 0, 2, 1, 0, 1, 2, 0, 0, 0, 2, 1]|[0, 1, 3, 3, 1, 1, 3, 3, 1, 3, 1, 1, 3, 1, 1, 3, 2, 3, 1, 1]|[1, 0, 2, 2, 1, 0, 0, 1, 1, 2, 1, 0, 0, 1, 1, 1, 0, 2, 0, 0];[2, 12, 15, 9, 10, 14, 19, 0, 16, 13, 3, 4, 7, 6, 11, 1, 18, 8, 17, 5]|[0, 0, 0, 0, 2, 2, 0, 0, 1, 0, 2, 1, 0, 1, 2, 0, 0, 0, 2, 1]|[0, 1, 3, 3, 1, 1, 3, 3, 1, 3, 1, 1, 3, 1, 1, 3, 2, 3, 1, 1]|[1, 0, 2, 2, 1, 0, 0, 1, 1, 2, 1, 0, 0, 1, 1, 1, 0, 2, 0, 0];[2, 12, 15, 9, 10, 14, 19, 0, 16, 13, 3, 4, 7, 6, 11, 1, 18, 8, 17, 5]|[0, 0, 0, 0, 2, 2, 0, 0, 1, 0, 2, 1, 0, 1, 2, 0, 0, 0, 2, 1]|[0, 1, 3, 3, 1, 1, 3, 3, 1, 3, 1, 1, 3, 1, 1, 3, 2, 3, 1, 1]|[1, 0, 2, 2, 1, 0, 0, 1, 1, 2, 1, 0, 0, 1, 1, 1, 0, 2, 0, 0];[2, 12, 15, 9, 10, 14, 19, 0, 16, 13, 3, 4, 7, 6, 11, 1, 18, 8, 17, 5]|[0, 0, 0, 0, 2, 2, 0, 0, 1, 0, 2, 1, 0, 1, 2, 0, 0, 0, 2, 1]|[0, 1, 3, 3, 1, 1, 3, 3, 1, 3, 1, 1, 3, 1, 1, 3, 2, 3, 1, 1]|[1, 0, 2, 2, 1, 0, 0, 1, 1, 2, 1, 0, 0, 1, 1, 1, 0, 2, 0, 0];[2, 19, 8, 12, 10, 14, 1, 16, 15, 3, 4, 7, 6, 11, 0, 13, 18, 9, 17, 5]|[0, 0, 0, 0, 2, 2, 0, 1, 0, 2, 1, 0, 1, 2, 0, 0, 0, 0, 2, 1]|[0, 3, 3, 3, 1, 1, 3, 1, 3, 1, 1, 3, 1, 1, 3, 2, 3, 3, 0, 1]|[1, 0, 2, 0, 1, 0, 1, 1, 2, 1, 0, 0, 1, 1, 1, 0, 2, 0, 0, 0];[2, 19, 8, 12, 10, 14, 1, 16, 15, 3, 4, 7, 6, 11, 0, 13, 18, 9, 17, 5]|[0, 0, 0, 0, 2, 2, 0, 1, 0, 2, 1, 0, 1, 2, 0, 0, 0, 0, 2, 1]|[0, 3, 3, 3, 1, 1, 3, 1, 3, 1, 1, 3, 1, 1, 3, 2, 3, 3, 0, 1]|[1, 0, 2, 0, 1, 0, 1, 1, 2, 1, 0, 0, 1, 1, 1, 0, 2, 0, 0, 0];[2, 19, 8, 12, 10, 14, 1, 16, 15, 3, 4, 7, 6, 11, 0, 13, 18, 9, 17, 5]|[0, 0, 0, 0, 2, 2, 0, 1, 0, 2, 1, 0, 1, 2, 0, 0, 0, 0, 2, 1]|[0, 3, 3, 3, 1, 1, 3, 1, 3, 1, 1, 3, 1, 1, 3, 2, 3, 3, 0, 1]|[1, 0, 2, 0, 1, 0, 1, 1, 2, 1, 0, 0, 1, 1, 1, 0, 2, 0, 0, 0];[2, 19, 8, 12, 10, 14, 1, 16, 15, 3, 4, 7, 6, 11, 0, 13, 18, 9, 17, 5]|[0, 0, 0, 0, 2, 2, 0, 1, 0, 2, 1, 0, 1, 2, 0, 0, 0, 0, 2, 1]|[0, 3, 3, 3, 1, 1, 3, 1, 3, 1, 1, 3, 1, 1, 3, 2, 3, 3, 0, 1]|[1, 0, 2, 0, 1, 0, 1, 1, 2, 1, 0, 0, 1, 1, 1, 0, 2, 0, 0, 0];[1, 19, 13, 14, 2, 4, 16, 5, 3, 10, 11, 0, 17, 12, 7, 15, 8, 6, 18, 9]|[0, 1, 1, 0, 2, 1, 2, 2, 1, 0, 0, 2, 0, 1, 0, 1, 1, 2, 1, 0]|[3, 1, 0, 3, 0, 1, 0, 0, 0, 0, 3, 0, 3, 1, 3, 1, 1, 0, 1, 3]|[0, 1, 1, 2, 1, 0, 0, 1, 1, 0, 0, 1, 2, 1, 1, 1, 1, 1, 1, 0];[2, 12, 15, 19, 10, 14, 9, 1, 16, 13, 3, 4, 7, 6, 11, 0, 17, 8, 5, 18]|[0, 0, 0, 0, 2, 2, 0, 0, 1, 0, 2, 1, 0, 1, 2, 0, 0, 0, 2, 1]|[0, 3, 3, 3, 1, 1, 3, 3, 1, 3, 1, 1, 3, 1, 1, 3, 2, 3, 1, 1]|[1, 0, 2, 0, 1, 0, 2, 1, 1, 2, 1, 0, 0, 1, 1, 1, 0, 2, 0, 0];[2, 12, 15, 19, 10, 14, 9, 1, 16, 13, 3, 4, 7, 6, 11, 0, 17, 8, 5, 18]|[0, 0, 0, 0, 2, 2, 0, 0, 1, 0, 2, 1, 0, 1, 2, 0, 0, 0, 2, 1]|[0, 3, 3, 3, 1, 1, 3, 3, 1, 3, 1, 1, 3, 1, 1, 3, 2, 3, 1, 1]|[1, 0, 2, 0, 1, 0, 2, 1, 1, 2, 1, 0, 0, 1, 1, 1, 0, 2, 0, 0];[2, 12, 15, 19, 10, 14, 9, 1, 16, 13, 3, 4, 7, 6, 11, 0, 17, 8, 5, 18]|[0, 0, 0, 0, 2, 2, 0, 0, 1, 0, 2, 1, 0, 1, 2, 0, 0, 0, 2, 1]|[0, 3, 3, 3, 1, 1, 3, 3, 1, 3, 1, 1, 3, 1, 1, 3, 2, 3, 1, 1]|[1, 0, 2, 0, 1, 0, 2, 1, 1, 2, 1, 0, 0, 1, 1, 1, 0, 2, 0, 0];[2, 12, 15, 19, 10, 14, 9, 1, 16, 13, 3, 4, 7, 6, 11, 0, 17, 8, 5, 18]|[0, 0, 0, 0, 2, 2, 0, 0, 1, 0, 2, 1, 0, 1, 2, 0, 0, 0, 2, 1]|[0, 3, 3, 3, 1, 1, 3, 3, 1, 3, 1, 1, 3, 1, 1, 3, 2, 3, 1, 1]|[1, 0, 2, 0, 1, 0, 2, 1, 1, 2, 1, 0, 0, 1, 1, 1, 0, 2, 0, 0];[19, 15, 11, 2, 10, 14, 9, 1, 16, 13, 18, 4, 7, 12, 6, 0, 17, 8, 5, 3]|[0, 0, 0, 0, 2, 2, 0, 0, 1, 0, 2, 1, 0, 1, 2, 0, 0, 0, 2, 1]|[3, 3, 3, 0, 1, 1, 3, 3, 1, 3, 1, 1, 3, 1, 1, 3, 2, 3, 1, 1]|[0, 2, 0, 1, 1, 0, 2, 1, 1, 2, 1, 0, 0, 1, 1, 1, 0, 2, 0, 1];[19, 15, 11, 2, 10, 14, 9, 1, 16, 13, 18, 4, 7, 12, 6, 0, 17, 8, 5, 3]|[0, 0, 0, 0, 2, 2, 0, 0, 1, 0, 2, 1, 0, 1, 2, 0, 0, 0, 2, 1]|[3, 3, 3, 0, 1, 1, 3, 3, 1, 3, 1, 1, 3, 1, 1, 3, 2, 3, 1, 1]|[0, 2, 0, 1, 1, 0, 2, 1, 1, 2, 1, 0, 0, 1, 1, 1, 0, 2, 0, 1];[5, 4, 10, 2, 14, 3, 16, 19, 12, 1, 17, 7, 8, 15, 11, 0, 18, 13, 6, 9]|[0, 1, 1, 2, 0, 1, 2, 2, 1, 2, 1, 0, 0, 2, 0, 1, 0, 1, 1, 0]|[3, 1, 1, 0, 3, 1, 0, 0, 1, 0, 1, 0, 3, 0, 3, 1, 3, 1, 1, 3]|[0, 1, 1, 1, 2, 1, 0, 1, 1, 0, 1, 0, 0, 1, 2, 1, 1, 1, 1, 0];[1, 19, 14, 2, 4, 16, 11, 18, 6, 5, 17, 9, 10, 13, 15, 12, 7, 3, 8, 0]|[0, 2, 0, 2, 1, 2, 0, 0, 2, 2, 0, 2, 0, 1, 1, 1, 1, 1, 1, 0]|[0, 1, 3, 0, 1, 0, 3, 2, 0, 0, 3, 0, 3, 1, 1, 1, 1, 1, 1, 3]|[0, 0, 2, 1, 1, 1, 0, 1, 1, 1, 2, 1, 1, 1, 1, 1, 1, 1, 1, 0];[2, 19, 8, 14, 9, 15, 16, 5, 1, 11, 0, 7, 10, 12, 18, 17, 3, 4, 6, 13]|[0, 1, 1, 0, 2, 1, 2, 2, 0, 0, 2, 0, 1, 1, 0, 1, 1, 2, 1, 0]|[3, 1, 1, 3, 0, 1, 0, 0, 0, 3, 0, 3, 1, 1, 3, 1, 1, 0, 1, 3]|[0, 1, 1, 2, 1, 1, 0, 1, 1, 0, 1, 2, 1, 1, 1, 1, 1, 0, 1, 0];[2, 19, 8, 14, 9, 15, 16, 5, 1, 11, 0, 7, 10, 12, 18, 17, 3, 4, 6, 13]|[0, 1, 1, 0, 2, 1, 2, 2, 0, 0, 2, 0, 1, 1, 0, 1, 1, 2, 1, 0]|[3, 1, 1, 3, 0, 1, 0, 0, 0, 3, 0, 3, 1, 1, 3, 1, 1, 0, 1, 3]|[0, 1, 1, 2, 1, 1, 0, 1, 1, 0, 1, 2, 1, 1, 1, 1, 1, 0, 1, 0];[19, 14, 2, 4, 16, 5, 12, 1, 18, 10, 6, 11, 7, 17, 15, 9, 3, 13, 0, 8]|[1, 0, 2, 2, 2, 2, 2, 0, 0, 0, 2, 0, 0, 1, 1, 1, 1, 1, 1, 0]|[1, 0, 0, 1, 0, 0, 0, 3, 3, 3, 0, 3, 3, 1, 1, 1, 1, 1, 1, 3]|[1, 1, 1, 1, 0, 1, 0, 0, 0, 2, 1, 0, 0, 1, 1, 1, 1, 1, 1, 2];[2, 19, 6, 15, 3, 4, 16, 5, 1, 11, 10, 0, 18, 12, 7, 13, 17, 8, 9, 14]|[0, 1, 1, 0, 2, 1, 2, 2, 1, 0, 0, 2, 0, 1, 0, 1, 1, 2, 1, 0]|[3, 1, 0, 3, 0, 1, 0, 0, 0, 0, 3, 0, 3, 1, 3, 1, 1, 0, 1, 3]|[0, 1, 1, 2, 1, 0, 0, 1, 1, 1, 0, 1, 2, 1, 1, 1, 1, 1, 1, 0];[1, 19, 13, 14, 2, 4, 16, 11, 15, 10, 5, 6, 8, 17, 7, 18, 12, 3, 0, 9]|[0, 1, 1, 0, 2, 1, 2, 2, 1, 0, 0, 2, 0, 1, 0, 1, 1, 2, 1, 0]|[3, 1, 0, 3, 0, 1, 0, 0, 0, 0, 3, 0, 3, 1, 3, 1, 1, 0, 1, 3]|[0, 1, 1, 2, 1, 0, 0, 1, 1, 0, 0, 1, 2, 1, 1, 1, 1, 1, 1, 0];[1, 19, 5, 14, 15, 4, 16, 2, 3, 10, 11, 13, 12, 18, 7, 9, 0, 6, 17, 8]|[0, 1, 2, 0, 2, 1, 2, 2, 1, 0, 0, 2, 1, 1, 0, 1, 2, 1, 0, 0]|[3, 1, 0, 3, 0, 1, 0, 0, 0, 0, 3, 0, 1, 1, 3, 1, 0, 1, 3, 3]|[0, 1, 1, 2, 1, 0, 0, 1, 1, 1, 0, 1, 1, 1, 1, 1, 1, 1, 0, 2];[2, 19, 15, 12, 10, 14, 9, 18, 16, 13, 3, 4, 8, 6, 1, 11, 0, 7, 5, 17]|[0, 0, 0, 0, 2, 2, 2, 0, 1, 0, 2, 1, 0, 1, 0, 0, 0, 0, 2, 1]|[0, 3, 3, 3, 1, 1, 1, 3, 1, 3, 1, 1, 2, 1, 3, 3, 3, 3, 1, 1]|[1, 0, 2, 0, 1, 0, 0, 1, 1, 2, 1, 0, 0, 1, 1, 0, 2, 1, 0, 0];[2, 19, 15, 12, 10, 14, 9, 18, 16, 13, 3, 4, 8, 6, 1, 11, 0, 7, 5, 17]|[0, 0, 0, 0, 2, 2, 2, 0, 1, 0, 2, 1, 0, 1, 0, 0, 0, 0, 2, 1]|[0, 3, 3, 3, 1, 1, 1, 3, 1, 3, 1, 1, 2, 1, 3, 3, 3, 3, 1, 1]|[1, 0, 2, 0, 1, 0, 0, 1, 1, 2, 1, 0, 0, 1, 1, 0, 2, 1, 0, 0];[2, 19, 15, 12, 10, 14, 9, 18, 16, 13, 3, 4, 8, 6, 1, 11, 0, 7, 5, 17]|[0, 0, 0, 0, 2, 2, 2, 0, 1, 0, 2, 1, 0, 1, 0, 0, 0, 0, 2, 1]|[0, 3, 3, 3, 1, 1, 1, 3, 1, 3, 1, 1, 2, 1, 3, 3, 3, 3, 1, 1]|[1, 0, 2, 0, 1, 0, 0, 1, 1, 2, 1, 0, 0, 1, 1, 0, 2, 1, 0, 0];[2, 19, 15, 12, 10, 14, 9, 18, 16, 13, 3, 4, 8, 6, 1, 11, 0, 7, 5, 17]|[0, 0, 0, 0, 2, 2, 2, 0, 1, 0, 2, 1, 0, 1, 0, 0, 0, 0, 2, 1]|[0, 3, 3, 3, 1, 1, 1, 3, 1, 3, 1, 1, 2, 1, 3, 3, 3, 3, 1, 1]|[1, 0, 2, 0, 1, 0, 0, 1, 1, 2, 1, 0, 0, 1, 1, 0, 2, 1, 0, 0];[5, 4, 2, 14, 19, 16, 6, 3, 12, 7, 11, 0, 9, 18, 8, 15, 17, 13, 10, 1]|[0, 1, 2, 0, 1, 2, 2, 1, 1, 0, 0, 2, 0, 1, 0, 1, 2, 1, 1, 0]|[3, 1, 0, 3, 1, 0, 0, 1, 1, 0, 3, 0, 3, 1, 3, 1, 0, 1, 1, 3]|[0, 1, 1, 2, 1, 0, 1, 1, 1, 0, 0, 0, 2, 1, 0, 1, 1, 1, 1, 0];[1, 19, 13, 10, 5, 6, 16, 2, 3, 17, 14, 4, 18, 15, 12, 9, 0, 11, 8, 7]|[0, 1, 0, 0, 2, 1, 2, 2, 1, 0, 0, 2, 0, 1, 0, 1, 1, 2, 1, 0]|[3, 1, 1, 3, 0, 1, 0, 0, 0, 0, 3, 0, 3, 1, 3, 1, 1, 0, 1, 3]|[2, 1, 1, 2, 1, 0, 0, 1, 1, 0, 0, 0, 2, 1, 0, 1, 1, 1, 1, 0];[1, 4, 10, 5, 11, 16, 2, 14, 7, 19, 8, 12, 9, 15, 3, 17, 18, 13, 6, 0]|[0, 1, 0, 2, 2, 2, 2, 0, 0, 2, 0, 2, 0, 1, 1, 1, 1, 1, 1, 0]|[3, 1, 3, 0, 1, 0, 0, 0, 3, 0, 3, 0, 3, 1, 1, 1, 1, 1, 1, 3]|[2, 1, 2, 1, 1, 0, 1, 0, 0, 0, 2, 1, 2, 1, 1, 1, 1, 1, 1, 0];[9, 19, 5, 16, 4, 2, 14, 13, 3, 10, 11, 6, 17, 7, 8, 12, 0, 15, 18, 1]|[0, 1, 2, 2, 1, 2, 0, 2, 1, 0, 0, 2, 0, 1, 1, 1, 2, 1, 0, 0]|[3, 1, 0, 0, 1, 1, 3, 0, 0, 2, 3, 0, 3, 1, 1, 0, 0, 1, 3, 3]|[2, 1, 1, 0, 0, 1, 2, 0, 1, 0, 0, 1, 2, 1, 1, 0, 1, 1, 0, 2];[1, 2, 13, 17, 10, 14, 9, 12, 16, 15, 3, 4, 7, 6, 11, 18, 0, 8, 19, 5]|[0, 0, 0, 0, 2, 2, 0, 0, 1, 0, 2, 1, 0, 1, 2, 0, 0, 0, 2, 1]|[3, 3, 3, 3, 1, 1, 3, 3, 1, 3, 1, 1, 3, 1, 1, 3, 2, 3, 1, 1]|[1, 0, 2, 0, 1, 0, 2, 1, 1, 2, 1, 0, 0, 1, 1, 1, 0, 2, 0, 1];[1, 2, 14, 16, 5, 7, 11, 6, 8, 18, 4, 19, 15, 12, 9, 17, 0, 3, 13, 10]|[0, 2, 0, 2, 2, 0, 0, 2, 0, 0, 1, 1, 2, 1, 1, 1, 1, 1, 1, 0]|[0, 0, 3, 0, 0, 3, 3, 0, 3, 3, 1, 1, 0, 1, 1, 1, 1, 1, 1, 3]|[0, 1, 2, 0, 1, 0, 0, 1, 2, 0, 1, 1, 0, 1, 1, 1, 1, 1, 1, 0];[1, 2, 14, 16, 5, 7, 11, 6, 8, 18, 4, 19, 15, 12, 9, 17, 0, 3, 13, 10]|[0, 2, 0, 2, 2, 0, 0, 2, 0, 0, 1, 1, 2, 1, 1, 1, 1, 1, 1, 0]|[0, 0, 3, 0, 0, 3, 3, 0, 3, 3, 1, 1, 0, 1, 1, 1, 1, 1, 1, 3]|[0, 1, 2, 0, 1, 0, 0, 1, 2, 0, 1, 1, 0, 1, 1, 1, 1, 1, 1, 0];[5, 4, 11, 0, 1, 9, 17, 12, 15, 6, 7, 13, 3, 19, 16, 18, 2, 14, 10, 8]|[0, 1, 1, 2, 1, 0, 1, 0, 2, 0, 0, 1, 1, 2, 2, 1, 2, 0, 1, 0]|[3, 1, 1, 0, 1, 3, 1, 3, 0, 3, 3, 1, 1, 0, 0, 1, 0, 3, 1, 3]|[2, 1, 1, 0, 1, 0, 1, 2, 0, 0, 0, 1, 1, 1, 0, 1, 1, 2, 1, 0];[17, 19, 14, 2, 6, 16, 4, 15, 12, 7, 8, 11, 1, 3, 9, 18, 10, 13, 5, 0]|[0, 1, 0, 2, 1, 2, 2, 1, 1, 0, 0, 2, 0, 0, 1, 1, 1, 2, 1, 0]|[3, 1, 3, 0, 1, 0, 0, 1, 1, 0, 3, 0, 3, 3, 1, 1, 1, 0, 1, 3]|[2, 1, 2, 1, 1, 0, 1, 1, 1, 1, 0, 1, 2, 0, 1, 1, 1, 1, 1, 0];[1, 2, 13, 14, 19, 4, 16, 5, 3, 10, 11, 6, 18, 17, 7, 12, 0, 15, 9, 8]|[0, 1, 1, 0, 2, 1, 2, 2, 1, 0, 0, 2, 0, 0, 0, 1, 1, 2, 1, 0]|[3, 1, 1, 3, 0, 1, 0, 0, 0, 0, 3, 0, 3, 1, 3, 1, 1, 0, 1, 3]|[0, 1, 1, 2, 1, 0, 0, 1, 1, 1, 0, 1, 2, 1, 1, 1, 1, 0, 1, 0];[2, 4, 5, 14, 19, 16, 1, 10, 11, 0, 17, 8, 12, 18, 7, 6, 15, 3, 13, 9]|[0, 1, 2, 0, 1, 2, 2, 0, 0, 2, 0, 1, 1, 0, 1, 2, 1, 1, 1, 0]|[3, 1, 0, 3, 1, 0, 0, 3, 3, 0, 3, 1, 1, 3, 1, 0, 1, 1, 1, 3]|[0, 1, 1, 2, 1, 0, 1, 0, 0, 1, 2, 1, 1, 1, 1, 0, 1, 1, 1, 0];[2, 4, 5, 14, 19, 16, 1, 10, 11, 0, 17, 8, 12, 18, 7, 6, 15, 3, 13, 9]|[0, 1, 2, 0, 1, 2, 2, 0, 0, 2, 0, 1, 1, 0, 1, 2, 1, 1, 1, 0]|[3, 1, 0, 3, 1, 0, 0, 3, 3, 0, 3, 1, 1, 3, 1, 0, 1, 1, 1, 3]|[0, 1, 1, 2, 1, 0, 1, 0, 0, 1, 2, 1, 1, 1, 1, 0, 1, 1, 1, 0];[2, 12, 15, 19, 10, 14, 9, 1, 16, 3, 13, 4, 7, 6, 11, 0, 8, 18, 17, 5]|[0, 0, 0, 0, 2, 2, 0, 0, 1, 0, 2, 1, 0, 1, 2, 0, 0, 0, 2, 1]|[3, 3, 3, 3, 1, 1, 3, 3, 1, 3, 1, 1, 3, 1, 1, 3, 2, 3, 1, 1]|[1, 0, 2, 0, 1, 0, 2, 1, 1, 2, 1, 0, 0, 1, 1, 1, 0, 2, 0, 1];[2, 12, 15, 19, 10, 14, 9, 1, 16, 13, 6, 0, 7, 3, 11, 18, 17, 8, 4, 5]|[0, 0, 0, 0, 2, 2, 0, 0, 1, 0, 2, 1, 0, 1, 2, 0, 0, 0, 2, 1]|[3, 3, 3, 3, 1, 1, 3, 3, 1, 3, 1, 1, 3, 1, 1, 3, 2, 3, 1, 1]|[1, 0, 2, 0, 1, 0, 2, 1, 1, 2, 1, 0, 0, 1, 1, 1, 0, 2, 0, 1];[5, 4, 13, 14, 2, 15, 16, 19, 17, 0, 3, 11, 7, 6, 1, 9, 18, 12, 10, 8]|[0, 1, 1, 0, 2, 1, 2, 2, 1, 0, 2, 0, 0, 0, 1, 1, 1, 2, 1, 0]|[3, 1, 1, 3, 0, 1, 0, 0, 1, 3, 0, 3, 3, 3, 1, 1, 1, 0, 1, 3]|[2, 1, 1, 0, 1, 1, 0, 1, 1, 2, 1, 0, 0, 2, 1, 1, 1, 1, 1, 0];[1, 19, 13, 14, 2, 4, 16, 5, 3, 10, 11, 6, 18, 9, 12, 0, 7, 15, 17, 8]|[0, 1, 1, 0, 2, 1, 2, 2, 1, 0, 0, 2, 0, 1, 0, 1, 1, 2, 1, 0]|[3, 1, 1, 3, 0, 1, 0, 0, 1, 3, 3, 0, 3, 1, 3, 1, 1, 0, 1, 3]|[0, 1, 1, 2, 1, 1, 0, 1, 1, 1, 0, 1, 2, 1, 0, 1, 1, 0, 1, 0];[1, 19, 13, 14, 2, 4, 16, 5, 3, 10, 11, 6, 18, 9, 12, 0, 7, 15, 17, 8]|[0, 1, 1, 0, 2, 1, 2, 2, 1, 0, 0, 2, 0, 1, 0, 1, 1, 2, 1, 0]|[3, 1, 1, 3, 0, 1, 0, 0, 1, 3, 3, 0, 3, 1, 3, 1, 1, 0, 1, 3]|[0, 1, 1, 2, 1, 1, 0, 1, 1, 1, 0, 1, 2, 1, 0, 1, 1, 0, 1, 0];[17, 4, 12, 11, 9, 1, 0, 10, 3, 14, 19, 2, 16, 5, 13, 15, 7, 6, 8, 18]|[0, 1, 1, 0, 0, 0, 2, 0, 1, 0, 2, 1, 2, 2, 1, 1, 1, 2, 1, 0]|[3, 1, 1, 3, 3, 0, 0, 2, 0, 3, 1, 1, 0, 0, 0, 1, 1, 0, 1, 3]|[2, 1, 1, 0, 0, 0, 1, 1, 1, 2, 1, 0, 0, 1, 1, 1, 1, 0, 1, 1];[1, 4, 19, 2, 14, 13, 16, 5, 3, 17, 11, 6, 8, 9, 7, 18, 12, 15, 10, 0]|[0, 1, 1, 2, 0, 1, 2, 2, 1, 0, 0, 2, 0, 1, 0, 1, 1, 2, 1, 0]|[3, 1, 1, 0, 3, 1, 0, 0, 1, 3, 3, 0, 3, 1, 3, 1, 1, 0, 1, 3]|[2, 1, 1, 1, 2, 1, 0, 1, 1, 0, 0, 1, 2, 1, 1, 1, 1, 0, 1, 0];[1, 4, 19, 2, 14, 13, 16, 5, 3, 17, 11, 6, 8, 9, 7, 18, 12, 15, 10, 0]|[0, 1, 1, 2, 0, 1, 2, 2, 1, 0, 0, 2, 0, 1, 0, 1, 1, 2, 1, 0]|[3, 1, 1, 0, 3, 1, 0, 0, 1, 3, 3, 0, 3, 1, 3, 1, 1, 0, 1, 3]|[2, 1, 1, 1, 2, 1, 0, 1, 1, 0, 0, 1, 2, 1, 1, 1, 1, 0, 1, 0];[17, 6, 15, 11, 10, 19, 5, 16, 13, 12, 2, 14, 3, 4, 9, 18, 1, 0, 7, 8]|[0, 1, 2, 0, 0, 1, 2, 2, 1, 1, 2, 0, 1, 1, 1, 0, 0, 2, 1, 0]|[3, 1, 0, 3, 0, 0, 0, 0, 1, 1, 0, 3, 1, 0, 1, 0, 3, 0, 1, 3]|[2, 1, 1, 0, 1, 1, 1, 0, 0, 1, 1, 2, 0, 1, 1, 1, 0, 1, 1, 0];[5, 4, 3, 15, 17, 12, 9, 18, 8, 6, 10, 11, 7, 1, 16, 14, 13, 19, 2, 0]|[0, 1, 1, 2, 1, 1, 0, 1, 0, 2, 0, 0, 1, 2, 2, 1, 0, 2, 1, 0]|[3, 1, 1, 0, 1, 1, 3, 1, 3, 0, 3, 3, 1, 0, 0, 1, 3, 0, 1, 3]|[0, 1, 1, 0, 1, 1, 1, 1, 2, 1, 0, 0, 1, 1, 0, 1, 2, 1, 1, 0];[5, 4, 3, 15, 17, 12, 9, 18, 8, 6, 10, 11, 7, 1, 16, 14, 13, 19, 2, 0]|[0, 1, 1, 2, 1, 1, 0, 1, 0, 2, 0, 0, 1, 2, 2, 1, 0, 2, 1, 0]|[3, 1, 1, 0, 1, 1, 3, 1, 3, 0, 3, 3, 1, 0, 0, 1, 3, 0, 1, 3]|[0, 1, 1, 0, 1, 1, 1, 1, 2, 1, 0, 0, 1, 1, 0, 1, 2, 1, 1, 0];[1, 19, 13, 10, 5, 6, 16, 4, 3, 2, 11, 17, 0, 9, 14, 7, 18, 12, 15, 8]|[0, 1, 1, 0, 2, 1, 2, 2, 1, 0, 0, 2, 0, 1, 0, 1, 1, 2, 1, 0]|[3, 1, 1, 3, 0, 1, 0, 0, 0, 3, 3, 0, 3, 1, 3, 1, 1, 0, 1, 3]|[0, 1, 1, 2, 1, 0, 0, 1, 1, 0, 0, 0, 2, 1, 2, 1, 1, 1, 1, 0];[5, 4, 13, 14, 2, 10, 16, 19, 17, 7, 11, 3, 0, 9, 6, 1, 18, 12, 15, 8]|[0, 1, 1, 0, 2, 1, 2, 2, 1, 0, 0, 2, 0, 1, 0, 1, 1, 2, 1, 0]|[3, 1, 1, 3, 0, 1, 0, 0, 0, 3, 3, 0, 3, 1, 3, 1, 1, 0, 1, 3]|[0, 1, 1, 2, 1, 0, 0, 1, 1, 0, 0, 1, 2, 1, 2, 1, 1, 1, 1, 0];[5, 4, 13, 14, 2, 10, 16, 19, 17, 7, 6, 0, 11, 15, 8, 1, 18, 3, 12, 9]|[0, 1, 1, 0, 2, 1, 2, 2, 1, 0, 0, 2, 0, 1, 0, 1, 1, 2, 1, 0]|[3, 1, 0, 3, 0, 1, 0, 0, 1, 0, 3, 0, 3, 1, 3, 1, 1, 0, 1, 3]|[0, 1, 1, 2, 1, 0, 0, 1, 1, 0, 0, 1, 2, 1, 1, 1, 1, 0, 1, 0];[5, 4, 13, 14, 2, 16, 19, 17, 6, 0, 11, 12, 3, 1, 18, 15, 8, 10, 9, 7]|[0, 1, 1, 0, 2, 2, 2, 1, 0, 2, 0, 1, 2, 1, 1, 1, 0, 1, 0, 0]|[3, 1, 1, 3, 0, 0, 0, 1, 3, 0, 3, 1, 0, 1, 1, 1, 3, 1, 3, 3]|[0, 1, 1, 2, 1, 0, 1, 1, 0, 1, 2, 1, 0, 1, 1, 1, 1, 1, 0, 0];[5, 4, 13, 14, 2, 10, 16, 19, 17, 7, 11, 0, 6, 3, 1, 12, 15, 9, 8, 18]|[0, 1, 1, 0, 2, 1, 2, 2, 1, 0, 0, 2, 0, 1, 0, 1, 0, 2, 1, 0]|[3, 1, 1, 3, 0, 1, 0, 0, 0, 0, 3, 0, 3, 1, 3, 1, 1, 0, 1, 3]|[2, 1, 1, 2, 1, 0, 0, 1, 1, 0, 0, 1, 2, 1, 1, 1, 2, 1, 1, 0];[5, 4, 13, 14, 19, 10, 16, 1, 3, 7, 17, 6, 8, 0, 9, 12, 15, 2, 18, 11]|[0, 1, 1, 0, 2, 1, 2, 2, 1, 0, 0, 2, 0, 1, 0, 1, 0, 2, 1, 0]|[3, 1, 1, 3, 0, 1, 0, 0, 0, 0, 3, 0, 3, 1, 3, 1, 1, 0, 1, 3]|[2, 1, 1, 2, 1, 0, 0, 1, 1, 1, 0, 1, 2, 1, 0, 1, 2, 1, 1, 0];[19, 14, 2, 4, 16, 5, 3, 12, 10, 6, 0, 18, 9, 8, 15, 11, 7, 17, 13, 1]|[1, 0, 2, 1, 2, 2, 1, 1, 1, 0, 0, 0, 1, 1, 2, 2, 0, 0, 0, 0]|[0, 3, 0, 1, 0, 0, 1, 1, 1, 3, 3, 3, 1, 1, 1, 1, 3, 3, 3, 3]|[1, 0, 1, 0, 0, 1, 1, 1, 1, 0, 2, 0, 1, 1, 1, 0, 0, 0, 2, 0];[9, 19, 13, 10, 2, 16, 6, 5, 3, 14, 17, 4, 15, 12, 1, 0, 11, 8, 7, 18]|[0, 1, 0, 0, 2, 2, 1, 2, 1, 0, 0, 2, 1, 1, 1, 1, 2, 1, 0, 0]|[3, 0, 1, 3, 1, 0, 1, 0, 1, 0, 3, 0, 1, 0, 1, 1, 0, 1, 3, 3]|[2, 0, 1, 2, 1, 0, 1, 1, 1, 0, 0, 0, 1, 0, 1, 1, 1, 1, 0, 2];[4, 13, 2, 10, 16, 19, 17, 6, 11, 14, 18, 3, 7, 0, 15, 12, 5, 9, 8, 1]|[1, 1, 2, 1, 2, 2, 1, 0, 0, 0, 0, 1, 0, 2, 0, 1, 0, 2, 1, 0]|[1, 1, 0, 1, 0, 0, 0, 3, 3, 3, 3, 1, 3, 0, 3, 1, 3, 0, 1, 3]|[1, 1, 1, 0, 0, 1, 1, 2, 0, 2, 0, 1, 2, 1, 0, 1, 2, 1, 1, 0];[9, 19, 13, 10, 5, 6, 16, 4, 11, 2, 8, 14, 3, 17, 15, 12, 7, 18, 0, 1]|[0, 1, 1, 0, 2, 1, 2, 2, 0, 2, 0, 0, 0, 1, 1, 1, 1, 2, 0, 0]|[3, 1, 1, 2, 1, 0, 0, 0, 3, 0, 3, 1, 0, 1, 1, 1, 1, 0, 2, 3]|[2, 1, 1, 0, 1, 0, 0, 1, 2, 1, 0, 1, 2, 1, 1, 1, 0, 0, 0, 0];[19, 14, 5, 4, 16, 2, 3, 9, 17, 6, 15, 11, 7, 8, 12, 10, 13, 18, 0, 1]|[1, 0, 2, 1, 2, 2, 1, 0, 0, 1, 1, 0, 0, 1, 2, 2, 2, 1, 0, 0]|[0, 0, 1, 1, 0, 1, 0, 3, 3, 0, 1, 0, 3, 1, 0, 0, 0, 1, 3, 3]|[1, 2, 1, 0, 0, 1, 1, 0, 0, 0, 1, 1, 0, 1, 1, 1, 0, 1, 2, 0];[19, 14, 5, 4, 16, 2, 3, 9, 17, 6, 15, 11, 7, 8, 12, 10, 13, 18, 0, 1]|[1, 0, 2, 1, 2, 2, 1, 0, 0, 1, 1, 0, 0, 1, 2, 2, 2, 1, 0, 0]|[0, 0, 1, 1, 0, 1, 0, 3, 3, 0, 1, 0, 3, 1, 0, 0, 0, 1, 3, 3]|[1, 2, 1, 0, 0, 1, 1, 0, 0, 0, 1, 1, 0, 1, 1, 1, 0, 1, 2, 0];[19, 14, 5, 4, 16, 2, 3, 9, 17, 6, 15, 11, 7, 8, 12, 10, 13, 18, 0, 1]|[1, 0, 2, 1, 2, 2, 1, 0, 0, 1, 1, 0, 0, 1, 2, 2, 2, 1, 0, 0]|[0, 0, 1, 1, 0, 1, 0, 3, 3, 0, 1, 0, 3, 1, 0, 0, 0, 1, 3, 3]|[1, 2, 1, 0, 0, 1, 1, 0, 0, 0, 1, 1, 0, 1, 1, 1, 0, 1, 2, 0];[19, 14, 5, 4, 16, 2, 3, 9, 17, 6, 15, 11, 7, 8, 12, 10, 13, 18, 0, 1]|[1, 0, 2, 1, 2, 2, 1, 0, 0, 1, 1, 0, 0, 1, 2, 2, 2, 1, 0, 0]|[0, 0, 1, 1, 0, 1, 0, 3, 3, 0, 1, 0, 3, 1, 0, 0, 0, 1, 3, 3]|[1, 2, 1, 0, 0, 1, 1, 0, 0, 0, 1, 1, 0, 1, 1, 1, 0, 1, 2, 0];[12, 5, 4, 15, 11, 19, 1, 16, 3, 9, 0, 10, 2, 14, 6, 17, 13, 18, 7, 8]|[0, 2, 0, 2, 0, 1, 0, 2, 1, 2, 2, 1, 2, 0, 1, 1, 1, 2, 1, 0]|[3, 0, 3, 1, 0, 1, 2, 1, 1, 0, 0, 1, 1, 3, 0, 1, 1, 0, 1, 3]|[0, 0, 2, 1, 1, 1, 0, 0, 1, 1, 1, 1, 1, 2, 0, 1, 1, 0, 1, 0];[12, 5, 4, 15, 11, 19, 1, 16, 3, 9, 0, 10, 2, 14, 6, 17, 13, 18, 7, 8]|[0, 2, 0, 2, 0, 1, 0, 2, 1, 2, 2, 1, 2, 0, 1, 1, 1, 2, 1, 0]|[3, 0, 3, 1, 0, 1, 2, 1, 1, 0, 0, 1, 1, 3, 0, 1, 1, 0, 1, 3]|[0, 0, 2, 1, 1, 1, 0, 0, 1, 1, 1, 1, 1, 2, 0, 1, 1, 0, 1, 0];[12, 5, 4, 15, 11, 19, 1, 16, 3, 9, 0, 10, 2, 14, 6, 17, 13, 18, 7, 8]|[0, 2, 0, 2, 0, 1, 0, 2, 1, 2, 2, 1, 2, 0, 1, 1, 1, 2, 1, 0]|[3, 0, 3, 1, 0, 1, 2, 1, 1, 0, 0, 1, 1, 3, 0, 1, 1, 0, 1, 3]|[0, 0, 2, 1, 1, 1, 0, 0, 1, 1, 1, 1, 1, 2, 0, 1, 1, 0, 1, 0];[19, 4, 2, 13, 16, 5, 11, 18, 7, 17, 15, 12, 10, 1, 3, 8, 9, 6, 14, 0]|[1, 1, 2, 1, 2, 2, 0, 1, 2, 1, 1, 1, 0, 0, 0, 0, 0, 2, 0, 0]|[1, 1, 0, 1, 0, 0, 3, 1, 0, 1, 1, 1, 3, 3, 3, 3, 3, 0, 3, 3]|[1, 1, 1, 1, 0, 1, 0, 1, 0, 1, 1, 1, 0, 0, 0, 2, 0, 1, 0, 2];[19, 4, 2, 13, 16, 5, 11, 18, 7, 17, 15, 12, 10, 1, 3, 8, 9, 6, 14, 0]|[1, 1, 2, 1, 2, 2, 0, 1, 2, 1, 1, 1, 0, 0, 0, 0, 0, 2, 0, 0]|[1, 1, 0, 1, 0, 0, 3, 1, 0, 1, 1, 1, 3, 3, 3, 3, 3, 0, 3, 3]|[1, 1, 1, 1, 0, 1, 0, 1, 0, 1, 1, 1, 0, 0, 0, 2, 0, 1, 0, 2];[1, 9, 4, 5, 14, 13, 2, 15, 17, 10, 8, 6, 16, 12, 19, 11, 0, 7, 3, 18]|[0, 1, 1, 2, 0, 1, 1, 0, 0, 1, 0, 2, 2, 2, 2, 1, 0, 2, 1, 0]|[1, 0, 1, 1, 2, 0, 1, 0, 3, 0, 3, 0, 0, 0, 0, 1, 3, 0, 0, 3]|[2, 1, 0, 0, 0, 1, 1, 0, 1, 1, 2, 1, 1, 0, 1, 0, 0, 1, 1, 0];[1, 9, 4, 5, 14, 13, 2, 15, 17, 10, 8, 6, 16, 12, 19, 11, 0, 7, 3, 18]|[0, 1, 1, 2, 0, 1, 1, 0, 0, 1, 0, 2, 2, 2, 2, 1, 0, 2, 1, 0]|[1, 0, 1, 1, 2, 0, 1, 0, 3, 0, 3, 0, 0, 0, 0, 1, 3, 0, 0, 3]|[2, 1, 0, 0, 0, 1, 1, 0, 1, 1, 2, 1, 1, 0, 1, 0, 0, 1, 1, 0];[5, 6, 19, 10, 2, 14, 12, 7, 15, 3, 18, 11, 8, 16, 17, 13, 4, 9, 0, 1]|[2, 1, 2, 0, 1, 1, 1, 0, 1, 0, 0, 0, 2, 2, 2, 1, 2, 1, 0, 0]|[0, 1, 1, 2, 1, 0, 0, 3, 0, 0, 3, 0, 1, 0, 0, 1, 1, 1, 3, 3]|[0, 1, 1, 2, 1, 0, 1, 0, 1, 1, 1, 0, 1, 0, 0, 0, 1, 1, 0, 2];[5, 6, 19, 10, 2, 14, 12, 7, 15, 3, 18, 11, 8, 16, 17, 13, 4, 9, 0, 1]|[2, 1, 2, 0, 1, 1, 1, 0, 1, 0, 0, 0, 2, 2, 2, 1, 2, 1, 0, 0]|[0, 1, 1, 2, 1, 0, 0, 3, 0, 0, 3, 0, 1, 0, 0, 1, 1, 1, 3, 3]|[0, 1, 1, 2, 1, 0, 1, 0, 1, 1, 1, 0, 1, 0, 0, 0, 1, 1, 0, 2];[5, 2, 14, 10, 4, 13, 16, 19, 17, 0, 11, 9, 12, 3, 18, 15, 6, 1, 7, 8]|[0, 1, 0, 2, 1, 1, 2, 2, 1, 0, 1, 2, 2, 0, 0, 2, 1, 2, 1, 0]|[0, 0, 3, 1, 1, 1, 0, 1, 0, 3, 0, 0, 1, 0, 3, 0, 1, 0, 1, 3]|[0, 0, 2, 1, 1, 1, 0, 1, 1, 2, 0, 0, 0, 1, 0, 1, 1, 1, 1, 0];[5, 2, 14, 10, 4, 13, 16, 19, 17, 0, 11, 9, 12, 3, 18, 15, 6, 1, 7, 8]|[0, 1, 0, 2, 1, 1, 2, 2, 1, 0, 1, 2, 2, 0, 0, 2, 1, 2, 1, 0]|[0, 0, 3, 1, 1, 1, 0, 1, 0, 3, 0, 0, 1, 0, 3, 0, 1, 0, 1, 3]|[0, 0, 2, 1, 1, 1, 0, 1, 1, 2, 0, 0, 0, 1, 0, 1, 1, 1, 1, 0]	sBp=[19, 17, 11, 5, 9, 6, 4, 10, 14, 2, 16, 12, 15, 3, 0, 1, 13, 8, 18, 7]|[2, 1, 1, 2, 2, 1, 2, 0, 1, 1, 2, 2, 0, 0, 0, 2, 1, 0, 1, 0]|[1, 0, 1, 1, 0, 1, 1, 2, 1, 0, 0, 0, 3, 0, 0, 0, 1, 3, 1, 1]|[1, 0, 1, 1, 0, 1, 1, 1, 1, 0, 0, 0, 0, 0, 2, 1, 1, 0, 1, 1];[5, 4, 13, 14, 2, 15, 16, 19, 17, 0, 3, 11, 7, 6, 1, 9, 18, 12, 10, 8]|[0, 1, 1, 0, 2, 1, 2, 2, 1, 0, 2, 0, 0, 0, 1, 1, 1, 2, 1, 0]|[3, 1, 1, 3, 0, 1, 0, 0, 1, 3, 0, 3, 3, 3, 1, 1, 1, 0, 1, 3]|[2, 1, 1, 0, 1, 1, 0, 1, 1, 2, 1, 0, 0, 2, 1, 1, 1, 1, 1, 0];[2, 19, 15, 12, 10, 14, 9, 18, 16, 13, 3, 4, 8, 6, 1, 11, 0, 7, 5, 17]|[0, 0, 0, 0, 2, 2, 2, 0, 1, 0, 2, 1, 0, 1, 0, 0, 0, 0, 2, 1]|[0, 3, 3, 3, 1, 1, 1, 3, 1, 3, 1, 1, 2, 1, 3, 3, 3, 3, 1, 1]|[1, 0, 2, 0, 1, 0, 0, 1, 1, 2, 1, 0, 0, 1, 1, 0, 2, 1, 0, 0];[2, 14, 19, 4, 16, 5, 8, 6, 11, 9, 7, 13, 15, 10, 1, 12, 0, 3, 17, 18]|[0, 0, 2, 1, 2, 2, 0, 0, 2, 0, 0, 1, 1, 1, 1, 1, 2, 1, 1, 0]|[3, 3, 0, 1, 0, 0, 0, 3, 0, 3, 3, 1, 1, 1, 1, 1, 0, 1, 1, 3]|[0, 2, 1, 1, 0, 1, 1, 0, 1, 2, 1, 1, 1, 1, 1, 1, 0, 1, 1, 0];[5, 4, 13, 14, 2, 10, 16, 19, 7, 11, 8, 1, 17, 9, 12, 15, 0, 3, 6, 18]|[0, 1, 1, 0, 2, 1, 2, 2, 0, 0, 2, 0, 1, 0, 1, 1, 2, 1, 1, 0]|[3, 1, 1, 3, 0, 1, 0, 0, 0, 3, 0, 3, 1, 3, 1, 1, 0, 1, 1, 3]|[0, 1, 1, 2, 1, 1, 0, 1, 1, 0, 1, 2, 1, 2, 1, 1, 1, 1, 1, 0];[1, 2, 13, 14, 5, 4, 16, 19, 3, 10, 11, 6, 8, 18, 7, 9, 12, 15, 17, 0]|[0, 1, 1, 0, 2, 1, 2, 2, 1, 0, 0, 2, 0, 1, 0, 1, 1, 2, 1, 0]|[3, 1, 1, 3, 0, 1, 0, 0, 0, 2, 3, 0, 3, 1, 3, 1, 1, 0, 1, 3]|[2, 1, 1, 2, 1, 0, 0, 1, 1, 0, 0, 1, 2, 1, 0, 1, 1, 0, 1, 0];[5, 4, 13, 14, 2, 10, 16, 19, 3, 7, 11, 8, 1, 12, 9, 6, 17, 0, 15, 18]|[0, 1, 1, 0, 2, 1, 2, 2, 1, 0, 0, 2, 0, 1, 0, 1, 1, 2, 1, 0]|[3, 1, 1, 3, 0, 1, 0, 0, 0, 0, 3, 0, 3, 1, 3, 1, 1, 0, 1, 3]|[0, 1, 1, 2, 1, 0, 0, 1, 1, 1, 0, 1, 2, 1, 2, 1, 1, 1, 1, 0];[1, 19, 13, 14, 2, 4, 16, 5, 3, 10, 11, 6, 8, 12, 9, 7, 17, 15, 0, 18]|[0, 1, 1, 0, 2, 1, 2, 2, 1, 0, 0, 2, 0, 1, 0, 1, 1, 2, 1, 0]|[3, 1, 1, 3, 0, 1, 0, 0, 0, 2, 3, 0, 3, 1, 3, 1, 1, 0, 1, 3]|[0, 1, 1, 2, 1, 0, 0, 1, 1, 0, 0, 1, 2, 1, 1, 1, 1, 0, 1, 0];[2, 12, 15, 19, 10, 14, 9, 1, 16, 13, 3, 4, 7, 6, 11, 18, 0, 8, 17, 5]|[0, 0, 0, 0, 2, 2, 0, 0, 1, 0, 2, 1, 0, 1, 2, 0, 0, 0, 2, 1]|[0, 3, 3, 3, 1, 1, 3, 3, 1, 3, 1, 1, 3, 1, 1, 3, 2, 3, 1, 1]|[1, 0, 2, 0, 1, 0, 2, 1, 1, 2, 1, 0, 0, 1, 1, 1, 0, 2, 0, 1];[9, 19, 13, 10, 5, 6, 16, 4, 3, 14, 11, 17, 18, 0, 1, 12, 15, 2, 8, 7]|[0, 1, 1, 0, 2, 1, 2, 2, 1, 0, 0, 2, 0, 1, 0, 1, 1, 2, 1, 0]|[3, 1, 1, 3, 0, 1, 0, 0, 0, 0, 3, 0, 3, 1, 3, 1, 1, 0, 1, 3]|[2, 1, 1, 2, 1, 0, 0, 1, 1, 0, 0, 0, 2, 1, 0, 1, 1, 1, 1, 0];[1, 4, 17, 14, 19, 13, 16, 5, 10, 11, 0, 2, 6, 15, 3, 7, 9, 8, 12, 18]|[0, 1, 1, 0, 2, 1, 2, 2, 1, 0, 0, 2, 0, 1, 1, 1, 2, 1, 0, 0]|[1, 1, 1, 3, 0, 1, 0, 0, 0, 0, 3, 0, 3, 1, 1, 1, 0, 1, 3, 3]|[0, 1, 1, 2, 1, 1, 0, 1, 1, 1, 0, 1, 2, 0, 1, 1, 0, 1, 0, 1];[12, 10, 15, 19, 14, 7, 8, 5, 1, 4, 3, 2, 16, 13, 17, 9, 18, 0, 11, 6]|[0, 0, 0, 2, 2, 0, 1, 2, 0, 1, 2, 0, 1, 0, 0, 0, 0, 0, 2, 1]|[2, 3, 3, 0, 1, 3, 1, 1, 3, 1, 1, 3, 1, 3, 3, 3, 3, 3, 1, 1]|[1, 2, 0, 1, 0, 2, 1, 1, 1, 0, 1, 0, 1, 2, 1, 2, 0, 2, 0, 0];[1, 19, 13, 14, 2, 15, 5, 16, 12, 17, 7, 0, 3, 10, 11, 6, 8, 9, 4, 18]|[0, 1, 1, 0, 2, 1, 2, 2, 1, 2, 1, 0, 1, 0, 0, 2, 0, 1, 1, 0]|[3, 1, 1, 3, 0, 1, 0, 0, 1, 0, 1, 0, 1, 3, 3, 0, 3, 1, 1, 3]|[2, 1, 1, 2, 1, 1, 1, 0, 1, 1, 1, 0, 1, 1, 0, 1, 2, 1, 1, 2];[1, 19, 13, 14, 2, 15, 5, 16, 12, 17, 7, 0, 3, 10, 11, 6, 8, 9, 4, 18]|[0, 1, 1, 0, 2, 1, 2, 2, 1, 2, 1, 0, 1, 0, 0, 2, 0, 1, 1, 0]|[3, 1, 1, 3, 0, 1, 0, 0, 1, 0, 1, 0, 1, 3, 3, 0, 3, 1, 1, 3]|[2, 1, 1, 2, 1, 1, 1, 0, 1, 1, 1, 0, 1, 1, 0, 1, 2, 1, 1, 2];[1, 2, 4, 8, 6, 11, 10, 3, 5, 16, 15, 19, 14, 7, 17, 9, 12, 0, 18, 13]|[0, 1, 1, 0, 1, 0, 0, 1, 2, 2, 1, 2, 0, 0, 2, 1, 2, 1, 1, 0]|[1, 1, 1, 3, 0, 3, 0, 0, 0, 0, 1, 0, 3, 3, 0, 1, 0, 1, 1, 3]|[0, 1, 0, 2, 1, 0, 1, 1, 1, 0, 1, 1, 2, 1, 1, 1, 0, 1, 1, 0];[2, 12, 15, 14, 19, 10, 16, 5, 3, 8, 6, 11, 9, 17, 7, 4, 1, 0, 13, 18]|[0, 1, 1, 0, 2, 1, 2, 2, 1, 0, 0, 2, 0, 1, 0, 1, 1, 2, 1, 0]|[3, 0, 1, 3, 0, 1, 0, 0, 0, 0, 3, 0, 3, 1, 3, 1, 1, 0, 1, 3]|[0, 1, 1, 2, 1, 0, 0, 1, 1, 1, 0, 1, 2, 1, 1, 1, 1, 0, 1, 0];[1, 2, 15, 11, 10, 14, 9, 12, 16, 13, 3, 4, 7, 6, 19, 18, 0, 8, 17, 5]|[0, 0, 0, 0, 2, 2, 0, 0, 1, 0, 2, 1, 0, 1, 2, 0, 0, 0, 2, 1]|[0, 3, 3, 3, 1, 1, 3, 3, 1, 3, 1, 1, 3, 1, 1, 3, 2, 3, 1, 1]|[1, 0, 2, 0, 1, 0, 2, 2, 1, 2, 1, 0, 0, 1, 1, 1, 0, 2, 0, 1];[19, 9, 12, 2, 10, 14, 15, 1, 16, 7, 3, 4, 18, 8, 0, 11, 17, 13, 5, 6]|[0, 0, 0, 0, 2, 2, 0, 0, 1, 0, 2, 1, 0, 0, 0, 2, 1, 0, 2, 1]|[3, 3, 3, 3, 0, 1, 3, 0, 1, 3, 1, 1, 3, 2, 3, 1, 1, 3, 1, 1]|[0, 2, 1, 0, 1, 0, 2, 1, 1, 0, 1, 0, 2, 0, 1, 1, 1, 2, 0, 1];[2, 12, 10, 15, 19, 18, 9, 1, 16, 13, 3, 5, 11, 6, 0, 7, 17, 14, 4, 8]|[0, 0, 0, 0, 2, 2, 0, 0, 1, 0, 2, 1, 0, 1, 2, 0, 0, 0, 2, 1]|[3, 0, 3, 3, 1, 1, 3, 3, 1, 3, 1, 1, 3, 1, 1, 3, 3, 3, 1, 1]|[0, 1, 2, 0, 1, 0, 2, 1, 1, 2, 1, 0, 0, 1, 1, 1, 0, 2, 0, 0];[1, 4, 13, 14, 19, 2, 16, 5, 3, 10, 11, 0, 17, 8, 18, 12, 7, 6, 15, 9]|[0, 1, 1, 0, 2, 1, 2, 2, 1, 0, 0, 2, 0, 1, 0, 1, 1, 2, 1, 0]|[3, 1, 0, 3, 0, 1, 0, 0, 0, 2, 3, 0, 3, 1, 3, 1, 1, 0, 1, 3]|[0, 1, 1, 2, 1, 0, 0, 1, 1, 1, 0, 1, 2, 1, 1, 1, 1, 0, 1, 0];[1, 19, 13, 14, 2, 4, 16, 5, 3, 10, 11, 0, 17, 7, 18, 12, 9, 15, 6, 8]|[0, 1, 1, 0, 2, 1, 2, 2, 1, 0, 0, 2, 0, 1, 0, 1, 1, 2, 1, 0]|[3, 1, 0, 3, 0, 1, 0, 0, 0, 0, 3, 0, 3, 1, 0, 1, 1, 0, 1, 3]|[0, 1, 1, 2, 1, 0, 0, 1, 1, 1, 0, 1, 2, 1, 1, 1, 1, 0, 1, 0];[1, 19, 13, 14, 2, 4, 16, 5, 3, 10, 11, 0, 17, 7, 18, 12, 8, 6, 15, 9]|[0, 1, 1, 0, 2, 1, 2, 2, 1, 0, 0, 2, 0, 1, 0, 1, 1, 2, 1, 0]|[3, 1, 0, 3, 0, 1, 0, 0, 0, 0, 3, 0, 3, 1, 3, 1, 1, 0, 1, 3]|[0, 1, 1, 2, 1, 0, 0, 1, 1, 1, 0, 1, 2, 1, 1, 1, 1, 0, 1, 0];[2, 13, 11, 10, 14, 15, 16, 12, 18, 3, 4, 9, 19, 6, 7, 0, 8, 1, 17, 5]|[0, 0, 0, 0, 2, 0, 1, 2, 0, 2, 1, 0, 2, 1, 0, 0, 0, 0, 2, 1]|[3, 3, 3, 1, 1, 3, 1, 0, 3, 1, 1, 3, 1, 1, 3, 2, 3, 0, 1, 1]|[0, 2, 0, 1, 0, 2, 1, 0, 1, 1, 0, 2, 1, 1, 0, 0, 2, 1, 0, 1];[1, 2, 13, 14, 19, 4, 6, 5, 18, 7, 0, 16, 8, 3, 12, 17, 15, 11, 9, 10]|[0, 1, 1, 0, 2, 1, 2, 2, 1, 1, 0, 2, 0, 0, 1, 1, 2, 1, 1, 0]|[0, 1, 0, 3, 0, 1, 0, 0, 0, 1, 3, 0, 3, 3, 1, 1, 0, 1, 1, 3]|[0, 1, 1, 2, 0, 0, 1, 1, 1, 1, 0, 0, 2, 0, 1, 1, 1, 1, 1, 0];[19, 2, 12, 13, 10, 14, 9, 18, 16, 15, 6, 4, 7, 3, 11, 1, 0, 8, 17, 5]|[0, 0, 0, 0, 2, 2, 0, 0, 1, 0, 2, 1, 0, 1, 2, 0, 0, 0, 2, 1]|[3, 0, 3, 3, 1, 1, 3, 3, 1, 3, 1, 1, 3, 1, 1, 3, 2, 3, 1, 1]|[0, 1, 2, 0, 1, 0, 2, 1, 1, 2, 1, 0, 0, 1, 1, 1, 0, 2, 0, 0];[19, 2, 12, 13, 10, 14, 9, 18, 16, 15, 6, 4, 7, 3, 11, 1, 0, 8, 17, 5]|[0, 0, 0, 0, 2, 2, 0, 0, 1, 0, 2, 1, 0, 1, 2, 0, 0, 0, 2, 1]|[3, 0, 3, 3, 1, 1, 3, 3, 1, 3, 1, 1, 3, 1, 1, 3, 2, 3, 1, 1]|[0, 1, 2, 0, 1, 0, 2, 1, 1, 2, 1, 0, 0, 1, 1, 1, 0, 2, 0, 0];[19, 2, 12, 13, 10, 14, 9, 18, 16, 15, 6, 4, 7, 3, 11, 1, 0, 8, 17, 5]|[0, 0, 0, 0, 2, 2, 0, 0, 1, 0, 2, 1, 0, 1, 2, 0, 0, 0, 2, 1]|[3, 0, 3, 3, 1, 1, 3, 3, 1, 3, 1, 1, 3, 1, 1, 3, 2, 3, 1, 1]|[0, 1, 2, 0, 1, 0, 2, 1, 1, 2, 1, 0, 0, 1, 1, 1, 0, 2, 0, 0];[19, 2, 12, 13, 10, 14, 9, 18, 16, 15, 6, 4, 7, 3, 11, 1, 0, 8, 17, 5]|[0, 0, 0, 0, 2, 2, 0, 0, 1, 0, 2, 1, 0, 1, 2, 0, 0, 0, 2, 1]|[3, 0, 3, 3, 1, 1, 3, 3, 1, 3, 1, 1, 3, 1, 1, 3, 2, 3, 1, 1]|[0, 1, 2, 0, 1, 0, 2, 1, 1, 2, 1, 0, 0, 1, 1, 1, 0, 2, 0, 0];[2, 12, 15, 9, 10, 14, 19, 0, 16, 13, 3, 4, 7, 6, 11, 1, 18, 8, 17, 5]|[0, 0, 0, 0, 2, 2, 0, 0, 1, 0, 2, 1, 0, 1, 2, 0, 0, 0, 2, 1]|[0, 1, 3, 3, 1, 1, 3, 3, 1, 3, 1, 1, 3, 1, 1, 3, 2, 3, 1, 1]|[1, 0, 2, 2, 1, 0, 0, 1, 1, 2, 1, 0, 0, 1, 1, 1, 0, 2, 0, 0];[2, 12, 15, 9, 10, 14, 19, 0, 16, 13, 3, 4, 7, 6, 11, 1, 18, 8, 17, 5]|[0, 0, 0, 0, 2, 2, 0, 0, 1, 0, 2, 1, 0, 1, 2, 0, 0, 0, 2, 1]|[0, 1, 3, 3, 1, 1, 3, 3, 1, 3, 1, 1, 3, 1, 1, 3, 2, 3, 1, 1]|[1, 0, 2, 2, 1, 0, 0, 1, 1, 2, 1, 0, 0, 1, 1, 1, 0, 2, 0, 0];[2, 12, 15, 9, 10, 14, 19, 0, 16, 13, 3, 4, 7, 6, 11, 1, 18, 8, 17, 5]|[0, 0, 0, 0, 2, 2, 0, 0, 1, 0, 2, 1, 0, 1, 2, 0, 0, 0, 2, 1]|[0, 1, 3, 3, 1, 1, 3, 3, 1, 3, 1, 1, 3, 1, 1, 3, 2, 3, 1, 1]|[1, 0, 2, 2, 1, 0, 0, 1, 1, 2, 1, 0, 0, 1, 1, 1, 0, 2, 0, 0];[2, 12, 15, 9, 10, 14, 19, 0, 16, 13, 3, 4, 7, 6, 11, 1, 18, 8, 17, 5]|[0, 0, 0, 0, 2, 2, 0, 0, 1, 0, 2, 1, 0, 1, 2, 0, 0, 0, 2, 1]|[0, 1, 3, 3, 1, 1, 3, 3, 1, 3, 1, 1, 3, 1, 1, 3, 2, 3, 1, 1]|[1, 0, 2, 2, 1, 0, 0, 1, 1, 2, 1, 0, 0, 1, 1, 1, 0, 2, 0, 0];[2, 19, 8, 12, 10, 14, 1, 16, 15, 3, 4, 7, 6, 11, 0, 13, 18, 9, 17, 5]|[0, 0, 0, 0, 2, 2, 0, 1, 0, 2, 1, 0, 1, 2, 0, 0, 0, 0, 2, 1]|[0, 3, 3, 3, 1, 1, 3, 1, 3, 1, 1, 3, 1, 1, 3, 2, 3, 3, 0, 1]|[1, 0, 2, 0, 1, 0, 1, 1, 2, 1, 0, 0, 1, 1, 1, 0, 2, 0, 0, 0];[2, 19, 8, 12, 10, 14, 1, 16, 15, 3, 4, 7, 6, 11, 0, 13, 18, 9, 17, 5]|[0, 0, 0, 0, 2, 2, 0, 1, 0, 2, 1, 0, 1, 2, 0, 0, 0, 0, 2, 1]|[0, 3, 3, 3, 1, 1, 3, 1, 3, 1, 1, 3, 1, 1, 3, 2, 3, 3, 0, 1]|[1, 0, 2, 0, 1, 0, 1, 1, 2, 1, 0, 0, 1, 1, 1, 0, 2, 0, 0, 0];[2, 19, 8, 12, 10, 14, 1, 16, 15, 3, 4, 7, 6, 11, 0, 13, 18, 9, 17, 5]|[0, 0, 0, 0, 2, 2, 0, 1, 0, 2, 1, 0, 1, 2, 0, 0, 0, 0, 2, 1]|[0, 3, 3, 3, 1, 1, 3, 1, 3, 1, 1, 3, 1, 1, 3, 2, 3, 3, 0, 1]|[1, 0, 2, 0, 1, 0, 1, 1, 2, 1, 0, 0, 1, 1, 1, 0, 2, 0, 0, 0];[2, 19, 8, 12, 10, 14, 1, 16, 15, 3, 4, 7, 6, 11, 0, 13, 18, 9, 17, 5]|[0, 0, 0, 0, 2, 2, 0, 1, 0, 2, 1, 0, 1, 2, 0, 0, 0, 0, 2, 1]|[0, 3, 3, 3, 1, 1, 3, 1, 3, 1, 1, 3, 1, 1, 3, 2, 3, 3, 0, 1]|[1, 0, 2, 0, 1, 0, 1, 1, 2, 1, 0, 0, 1, 1, 1, 0, 2, 0, 0, 0];[1, 19, 13, 14, 2, 4, 16, 5, 3, 10, 11, 0, 17, 12, 7, 15, 8, 6, 18, 9]|[0, 1, 1, 0, 2, 1, 2, 2, 1, 0, 0, 2, 0, 1, 0, 1, 1, 2, 1, 0]|[3, 1, 0, 3, 0, 1, 0, 0, 0, 0, 3, 0, 3, 1, 3, 1, 1, 0, 1, 3]|[0, 1, 1, 2, 1, 0, 0, 1, 1, 0, 0, 1, 2, 1, 1, 1, 1, 1, 1, 0];[2, 12, 15, 19, 10, 14, 9, 1, 16, 13, 3, 4, 7, 6, 11, 0, 17, 8, 5, 18]|[0, 0, 0, 0, 2, 2, 0, 0, 1, 0, 2, 1, 0, 1, 2, 0, 0, 0, 2, 1]|[0, 3, 3, 3, 1, 1, 3, 3, 1, 3, 1, 1, 3, 1, 1, 3, 2, 3, 1, 1]|[1, 0, 2, 0, 1, 0, 2, 1, 1, 2, 1, 0, 0, 1, 1, 1, 0, 2, 0, 0];[2, 12, 15, 19, 10, 14, 9, 1, 16, 13, 3, 4, 7, 6, 11, 0, 17, 8, 5, 18]|[0, 0, 0, 0, 2, 2, 0, 0, 1, 0, 2, 1, 0, 1, 2, 0, 0, 0, 2, 1]|[0, 3, 3, 3, 1, 1, 3, 3, 1, 3, 1, 1, 3, 1, 1, 3, 2, 3, 1, 1]|[1, 0, 2, 0, 1, 0, 2, 1, 1, 2, 1, 0, 0, 1, 1, 1, 0, 2, 0, 0];[2, 12, 15, 19, 10, 14, 9, 1, 16, 13, 3, 4, 7, 6, 11, 0, 17, 8, 5, 18]|[0, 0, 0, 0, 2, 2, 0, 0, 1, 0, 2, 1, 0, 1, 2, 0, 0, 0, 2, 1]|[0, 3, 3, 3, 1, 1, 3, 3, 1, 3, 1, 1, 3, 1, 1, 3, 2, 3, 1, 1]|[1, 0, 2, 0, 1, 0, 2, 1, 1, 2, 1, 0, 0, 1, 1, 1, 0, 2, 0, 0];[2, 12, 15, 19, 10, 14, 9, 1, 16, 13, 3, 4, 7, 6, 11, 0, 17, 8, 5, 18]|[0, 0, 0, 0, 2, 2, 0, 0, 1, 0, 2, 1, 0, 1, 2, 0, 0, 0, 2, 1]|[0, 3, 3, 3, 1, 1, 3, 3, 1, 3, 1, 1, 3, 1, 1, 3, 2, 3, 1, 1]|[1, 0, 2, 0, 1, 0, 2, 1, 1, 2, 1, 0, 0, 1, 1, 1, 0, 2, 0, 0];[19, 15, 11, 2, 10, 14, 9, 1, 16, 13, 18, 4, 7, 12, 6, 0, 17, 8, 5, 3]|[0, 0, 0, 0, 2, 2, 0, 0, 1, 0, 2, 1, 0, 1, 2, 0, 0, 0, 2, 1]|[3, 3, 3, 0, 1, 1, 3, 3, 1, 3, 1, 1, 3, 1, 1, 3, 2, 3, 1, 1]|[0, 2, 0, 1, 1, 0, 2, 1, 1, 2, 1, 0, 0, 1, 1, 1, 0, 2, 0, 1];[19, 15, 11, 2, 10, 14, 9, 1, 16, 13, 18, 4, 7, 12, 6, 0, 17, 8, 5, 3]|[0, 0, 0, 0, 2, 2, 0, 0, 1, 0, 2, 1, 0, 1, 2, 0, 0, 0, 2, 1]|[3, 3, 3, 0, 1, 1, 3, 3, 1, 3, 1, 1, 3, 1, 1, 3, 2, 3, 1, 1]|[0, 2, 0, 1, 1, 0, 2, 1, 1, 2, 1, 0, 0, 1, 1, 1, 0, 2, 0, 1];[5, 4, 10, 2, 14, 3, 16, 19, 12, 1, 17, 7, 8, 15, 11, 0, 18, 13, 6, 9]|[0, 1, 1, 2, 0, 1, 2, 2, 1, 2, 1, 0, 0, 2, 0, 1, 0, 1, 1, 0]|[3, 1, 1, 0, 3, 1, 0, 0, 1, 0, 1, 0, 3, 0, 3, 1, 3, 1, 1, 3]|[0, 1, 1, 1, 2, 1, 0, 1, 1, 0, 1, 0, 0, 1, 2, 1, 1, 1, 1, 0];[1, 19, 14, 2, 4, 16, 11, 18, 6, 5, 17, 9, 10, 13, 15, 12, 7, 3, 8, 0]|[0, 2, 0, 2, 1, 2, 0, 0, 2, 2, 0, 2, 0, 1, 1, 1, 1, 1, 1, 0]|[0, 1, 3, 0, 1, 0, 3, 2, 0, 0, 3, 0, 3, 1, 1, 1, 1, 1, 1, 3]|[0, 0, 2, 1, 1, 1, 0, 1, 1, 1, 2, 1, 1, 1, 1, 1, 1, 1, 1, 0];[2, 19, 8, 14, 9, 15, 16, 5, 1, 11, 0, 7, 10, 12, 18, 17, 3, 4, 6, 13]|[0, 1, 1, 0, 2, 1, 2, 2, 0, 0, 2, 0, 1, 1, 0, 1, 1, 2, 1, 0]|[3, 1, 1, 3, 0, 1, 0, 0, 0, 3, 0, 3, 1, 1, 3, 1, 1, 0, 1, 3]|[0, 1, 1, 2, 1, 1, 0, 1, 1, 0, 1, 2, 1, 1, 1, 1, 1, 0, 1, 0];[2, 19, 8, 14, 9, 15, 16, 5, 1, 11, 0, 7, 10, 12, 18, 17, 3, 4, 6, 13]|[0, 1, 1, 0, 2, 1, 2, 2, 0, 0, 2, 0, 1, 1, 0, 1, 1, 2, 1, 0]|[3, 1, 1, 3, 0, 1, 0, 0, 0, 3, 0, 3, 1, 1, 3, 1, 1, 0, 1, 3]|[0, 1, 1, 2, 1, 1, 0, 1, 1, 0, 1, 2, 1, 1, 1, 1, 1, 0, 1, 0];[19, 14, 2, 4, 16, 5, 12, 1, 18, 10, 6, 11, 7, 17, 15, 9, 3, 13, 0, 8]|[1, 0, 2, 2, 2, 2, 2, 0, 0, 0, 2, 0, 0, 1, 1, 1, 1, 1, 1, 0]|[1, 0, 0, 1, 0, 0, 0, 3, 3, 3, 0, 3, 3, 1, 1, 1, 1, 1, 1, 3]|[1, 1, 1, 1, 0, 1, 0, 0, 0, 2, 1, 0, 0, 1, 1, 1, 1, 1, 1, 2];[2, 19, 6, 15, 3, 4, 16, 5, 1, 11, 10, 0, 18, 12, 7, 13, 17, 8, 9, 14]|[0, 1, 1, 0, 2, 1, 2, 2, 1, 0, 0, 2, 0, 1, 0, 1, 1, 2, 1, 0]|[3, 1, 0, 3, 0, 1, 0, 0, 0, 0, 3, 0, 3, 1, 3, 1, 1, 0, 1, 3]|[0, 1, 1, 2, 1, 0, 0, 1, 1, 1, 0, 1, 2, 1, 1, 1, 1, 1, 1, 0];[1, 19, 13, 14, 2, 4, 16, 11, 15, 10, 5, 6, 8, 17, 7, 18, 12, 3, 0, 9]|[0, 1, 1, 0, 2, 1, 2, 2, 1, 0, 0, 2, 0, 1, 0, 1, 1, 2, 1, 0]|[3, 1, 0, 3, 0, 1, 0, 0, 0, 0, 3, 0, 3, 1, 3, 1, 1, 0, 1, 3]|[0, 1, 1, 2, 1, 0, 0, 1, 1, 0, 0, 1, 2, 1, 1, 1, 1, 1, 1, 0];[1, 19, 5, 14, 15, 4, 16, 2, 3, 10, 11, 13, 12, 18, 7, 9, 0, 6, 17, 8]|[0, 1, 2, 0, 2, 1, 2, 2, 1, 0, 0, 2, 1, 1, 0, 1, 2, 1, 0, 0]|[3, 1, 0, 3, 0, 1, 0, 0, 0, 0, 3, 0, 1, 1, 3, 1, 0, 1, 3, 3]|[0, 1, 1, 2, 1, 0, 0, 1, 1, 1, 0, 1, 1, 1, 1, 1, 1, 1, 0, 2];[2, 19, 15, 12, 10, 14, 9, 18, 16, 13, 3, 4, 8, 6, 1, 11, 0, 7, 5, 17]|[0, 0, 0, 0, 2, 2, 2, 0, 1, 0, 2, 1, 0, 1, 0, 0, 0, 0, 2, 1]|[0, 3, 3, 3, 1, 1, 1, 3, 1, 3, 1, 1, 2, 1, 3, 3, 3, 3, 1, 1]|[1, 0, 2, 0, 1, 0, 0, 1, 1, 2, 1, 0, 0, 1, 1, 0, 2, 1, 0, 0];[2, 19, 15, 12, 10, 14, 9, 18, 16, 13, 3, 4, 8, 6, 1, 11, 0, 7, 5, 17]|[0, 0, 0, 0, 2, 2, 2, 0, 1, 0, 2, 1, 0, 1, 0, 0, 0, 0, 2, 1]|[0, 3, 3, 3, 1, 1, 1, 3, 1, 3, 1, 1, 2, 1, 3, 3, 3, 3, 1, 1]|[1, 0, 2, 0, 1, 0, 0, 1, 1, 2, 1, 0, 0, 1, 1, 0, 2, 1, 0, 0];[2, 19, 15, 12, 10, 14, 9, 18, 16, 13, 3, 4, 8, 6, 1, 11, 0, 7, 5, 17]|[0, 0, 0, 0, 2, 2, 2, 0, 1, 0, 2, 1, 0, 1, 0, 0, 0, 0, 2, 1]|[0, 3, 3, 3, 1, 1, 1, 3, 1, 3, 1, 1, 2, 1, 3, 3, 3, 3, 1, 1]|[1, 0, 2, 0, 1, 0, 0, 1, 1, 2, 1, 0, 0, 1, 1, 0, 2, 1, 0, 0];[5, 4, 2, 14, 19, 16, 6, 3, 12, 7, 11, 0, 9, 18, 8, 15, 17, 13, 10, 1]|[0, 1, 2, 0, 1, 2, 2, 1, 1, 0, 0, 2, 0, 1, 0, 1, 2, 1, 1, 0]|[3, 1, 0, 3, 1, 0, 0, 1, 1, 0, 3, 0, 3, 1, 3, 1, 0, 1, 1, 3]|[0, 1, 1, 2, 1, 0, 1, 1, 1, 0, 0, 0, 2, 1, 0, 1, 1, 1, 1, 0];[1, 19, 13, 10, 5, 6, 16, 2, 3, 17, 14, 4, 18, 15, 12, 9, 0, 11, 8, 7]|[0, 1, 0, 0, 2, 1, 2, 2, 1, 0, 0, 2, 0, 1, 0, 1, 1, 2, 1, 0]|[3, 1, 1, 3, 0, 1, 0, 0, 0, 0, 3, 0, 3, 1, 3, 1, 1, 0, 1, 3]|[2, 1, 1, 2, 1, 0, 0, 1, 1, 0, 0, 0, 2, 1, 0, 1, 1, 1, 1, 0];[1, 4, 10, 5, 11, 16, 2, 14, 7, 19, 8, 12, 9, 15, 3, 17, 18, 13, 6, 0]|[0, 1, 0, 2, 2, 2, 2, 0, 0, 2, 0, 2, 0, 1, 1, 1, 1, 1, 1, 0]|[3, 1, 3, 0, 1, 0, 0, 0, 3, 0, 3, 0, 3, 1, 1, 1, 1, 1, 1, 3]|[2, 1, 2, 1, 1, 0, 1, 0, 0, 0, 2, 1, 2, 1, 1, 1, 1, 1, 1, 0];[9, 19, 5, 16, 4, 2, 14, 13, 3, 10, 11, 6, 17, 7, 8, 12, 0, 15, 18, 1]|[0, 1, 2, 2, 1, 2, 0, 2, 1, 0, 0, 2, 0, 1, 1, 1, 2, 1, 0, 0]|[3, 1, 0, 0, 1, 1, 3, 0, 0, 2, 3, 0, 3, 1, 1, 0, 0, 1, 3, 3]|[2, 1, 1, 0, 0, 1, 2, 0, 1, 0, 0, 1, 2, 1, 1, 0, 1, 1, 0, 2];[1, 2, 13, 17, 10, 14, 9, 12, 16, 15, 3, 4, 7, 6, 11, 18, 0, 8, 19, 5]|[0, 0, 0, 0, 2, 2, 0, 0, 1, 0, 2, 1, 0, 1, 2, 0, 0, 0, 2, 1]|[3, 3, 3, 3, 1, 1, 3, 3, 1, 3, 1, 1, 3, 1, 1, 3, 2, 3, 1, 1]|[1, 0, 2, 0, 1, 0, 2, 1, 1, 2, 1, 0, 0, 1, 1, 1, 0, 2, 0, 1];[1, 2, 14, 16, 5, 7, 11, 6, 8, 18, 4, 19, 15, 12, 9, 17, 0, 3, 13, 10]|[0, 2, 0, 2, 2, 0, 0, 2, 0, 0, 1, 1, 2, 1, 1, 1, 1, 1, 1, 0]|[0, 0, 3, 0, 0, 3, 3, 0, 3, 3, 1, 1, 0, 1, 1, 1, 1, 1, 1, 3]|[0, 1, 2, 0, 1, 0, 0, 1, 2, 0, 1, 1, 0, 1, 1, 1, 1, 1, 1, 0];[1, 2, 14, 16, 5, 7, 11, 6, 8, 18, 4, 19, 15, 12, 9, 17, 0, 3, 13, 10]|[0, 2, 0, 2, 2, 0, 0, 2, 0, 0, 1, 1, 2, 1, 1, 1, 1, 1, 1, 0]|[0, 0, 3, 0, 0, 3, 3, 0, 3, 3, 1, 1, 0, 1, 1, 1, 1, 1, 1, 3]|[0, 1, 2, 0, 1, 0, 0, 1, 2, 0, 1, 1, 0, 1, 1, 1, 1, 1, 1, 0];[5, 4, 11, 0, 1, 9, 17, 12, 15, 6, 7, 13, 3, 19, 16, 18, 2, 14, 10, 8]|[0, 1, 1, 2, 1, 0, 1, 0, 2, 0, 0, 1, 1, 2, 2, 1, 2, 0, 1, 0]|[3, 1, 1, 0, 1, 3, 1, 3, 0, 3, 3, 1, 1, 0, 0, 1, 0, 3, 1, 3]|[2, 1, 1, 0, 1, 0, 1, 2, 0, 0, 0, 1, 1, 1, 0, 1, 1, 2, 1, 0];[17, 19, 14, 2, 6, 16, 4, 15, 12, 7, 8, 11, 1, 3, 9, 18, 10, 13, 5, 0]|[0, 1, 0, 2, 1, 2, 2, 1, 1, 0, 0, 2, 0, 0, 1, 1, 1, 2, 1, 0]|[3, 1, 3, 0, 1, 0, 0, 1, 1, 0, 3, 0, 3, 3, 1, 1, 1, 0, 1, 3]|[2, 1, 2, 1, 1, 0, 1, 1, 1, 1, 0, 1, 2, 0, 1, 1, 1, 1, 1, 0];[1, 2, 13, 14, 19, 4, 16, 5, 3, 10, 11, 6, 18, 17, 7, 12, 0, 15, 9, 8]|[0, 1, 1, 0, 2, 1, 2, 2, 1, 0, 0, 2, 0, 0, 0, 1, 1, 2, 1, 0]|[3, 1, 1, 3, 0, 1, 0, 0, 0, 0, 3, 0, 3, 1, 3, 1, 1, 0, 1, 3]|[0, 1, 1, 2, 1, 0, 0, 1, 1, 1, 0, 1, 2, 1, 1, 1, 1, 0, 1, 0];[2, 4, 5, 14, 19, 16, 1, 10, 11, 0, 17, 8, 12, 18, 7, 6, 15, 3, 13, 9]|[0, 1, 2, 0, 1, 2, 2, 0, 0, 2, 0, 1, 1, 0, 1, 2, 1, 1, 1, 0]|[3, 1, 0, 3, 1, 0, 0, 3, 3, 0, 3, 1, 1, 3, 1, 0, 1, 1, 1, 3]|[0, 1, 1, 2, 1, 0, 1, 0, 0, 1, 2, 1, 1, 1, 1, 0, 1, 1, 1, 0];[2, 4, 5, 14, 19, 16, 1, 10, 11, 0, 17, 8, 12, 18, 7, 6, 15, 3, 13, 9]|[0, 1, 2, 0, 1, 2, 2, 0, 0, 2, 0, 1, 1, 0, 1, 2, 1, 1, 1, 0]|[3, 1, 0, 3, 1, 0, 0, 3, 3, 0, 3, 1, 1, 3, 1, 0, 1, 1, 1, 3]|[0, 1, 1, 2, 1, 0, 1, 0, 0, 1, 2, 1, 1, 1, 1, 0, 1, 1, 1, 0];[2, 12, 15, 19, 10, 14, 9, 1, 16, 3, 13, 4, 7, 6, 11, 0, 8, 18, 17, 5]|[0, 0, 0, 0, 2, 2, 0, 0, 1, 0, 2, 1, 0, 1, 2, 0, 0, 0, 2, 1]|[3, 3, 3, 3, 1, 1, 3, 3, 1, 3, 1, 1, 3, 1, 1, 3, 2, 3, 1, 1]|[1, 0, 2, 0, 1, 0, 2, 1, 1, 2, 1, 0, 0, 1, 1, 1, 0, 2, 0, 1];[2, 12, 15, 19, 10, 14, 9, 1, 16, 13, 6, 0, 7, 3, 11, 18, 17, 8, 4, 5]|[0, 0, 0, 0, 2, 2, 0, 0, 1, 0, 2, 1, 0, 1, 2, 0, 0, 0, 2, 1]|[3, 3, 3, 3, 1, 1, 3, 3, 1, 3, 1, 1, 3, 1, 1, 3, 2, 3, 1, 1]|[1, 0, 2, 0, 1, 0, 2, 1, 1, 2, 1, 0, 0, 1, 1, 1, 0, 2, 0, 1];[1, 19, 13, 14, 2, 4, 16, 5, 3, 10, 11, 6, 18, 9, 12, 0, 7, 15, 17, 8]|[0, 1, 1, 0, 2, 1, 2, 2, 1, 0, 0, 2, 0, 1, 0, 1, 1, 2, 1, 0]|[3, 1, 1, 3, 0, 1, 0, 0, 1, 3, 3, 0, 3, 1, 3, 1, 1, 0, 1, 3]|[0, 1, 1, 2, 1, 1, 0, 1, 1, 1, 0, 1, 2, 1, 0, 1, 1, 0, 1, 0];[1, 19, 13, 14, 2, 4, 16, 5, 3, 10, 11, 6, 18, 9, 12, 0, 7, 15, 17, 8]|[0, 1, 1, 0, 2, 1, 2, 2, 1, 0, 0, 2, 0, 1, 0, 1, 1, 2, 1, 0]|[3, 1, 1, 3, 0, 1, 0, 0, 1, 3, 3, 0, 3, 1, 3, 1, 1, 0, 1, 3]|[0, 1, 1, 2, 1, 1, 0, 1, 1, 1, 0, 1, 2, 1, 0, 1, 1, 0, 1, 0];[17, 4, 12, 11, 9, 1, 0, 10, 3, 14, 19, 2, 16, 5, 13, 15, 7, 6, 8, 18]|[0, 1, 1, 0, 0, 0, 2, 0, 1, 0, 2, 1, 2, 2, 1, 1, 1, 2, 1, 0]|[3, 1, 1, 3, 3, 0, 0, 2, 0, 3, 1, 1, 0, 0, 0, 1, 1, 0, 1, 3]|[2, 1, 1, 0, 0, 0, 1, 1, 1, 2, 1, 0, 0, 1, 1, 1, 1, 0, 1, 1];[1, 4, 19, 2, 14, 13, 16, 5, 3, 17, 11, 6, 8, 9, 7, 18, 12, 15, 10, 0]|[0, 1, 1, 2, 0, 1, 2, 2, 1, 0, 0, 2, 0, 1, 0, 1, 1, 2, 1, 0]|[3, 1, 1, 0, 3, 1, 0, 0, 1, 3, 3, 0, 3, 1, 3, 1, 1, 0, 1, 3]|[2, 1, 1, 1, 2, 1, 0, 1, 1, 0, 0, 1, 2, 1, 1, 1, 1, 0, 1, 0];[1, 4, 19, 2, 14, 13, 16, 5, 3, 17, 11, 6, 8, 9, 7, 18, 12, 15, 10, 0]|[0, 1, 1, 2, 0, 1, 2, 2, 1, 0, 0, 2, 0, 1, 0, 1, 1, 2, 1, 0]|[3, 1, 1, 0, 3, 1, 0, 0, 1, 3, 3, 0, 3, 1, 3, 1, 1, 0, 1, 3]|[2, 1, 1, 1, 2, 1, 0, 1, 1, 0, 0, 1, 2, 1, 1, 1, 1, 0, 1, 0];[17, 6, 15, 11, 10, 19, 5, 16, 13, 12, 2, 14, 3, 4, 9, 18, 1, 0, 7, 8]|[0, 1, 2, 0, 0, 1, 2, 2, 1, 1, 2, 0, 1, 1, 1, 0, 0, 2, 1, 0]|[3, 1, 0, 3, 0, 0, 0, 0, 1, 1, 0, 3, 1, 0, 1, 0, 3, 0, 1, 3]|[2, 1, 1, 0, 1, 1, 1, 0, 0, 1, 1, 2, 0, 1, 1, 1, 0, 1, 1, 0];[5, 4, 3, 15, 17, 12, 9, 18, 8, 6, 10, 11, 7, 1, 16, 14, 13, 19, 2, 0]|[0, 1, 1, 2, 1, 1, 0, 1, 0, 2, 0, 0, 1, 2, 2, 1, 0, 2, 1, 0]|[3, 1, 1, 0, 1, 1, 3, 1, 3, 0, 3, 3, 1, 0, 0, 1, 3, 0, 1, 3]|[0, 1, 1, 0, 1, 1, 1, 1, 2, 1, 0, 0, 1, 1, 0, 1, 2, 1, 1, 0];[5, 4, 3, 15, 17, 12, 9, 18, 8, 6, 10, 11, 7, 1, 16, 14, 13, 19, 2, 0]|[0, 1, 1, 2, 1, 1, 0, 1, 0, 2, 0, 0, 1, 2, 2, 1, 0, 2, 1, 0]|[3, 1, 1, 0, 1, 1, 3, 1, 3, 0, 3, 3, 1, 0, 0, 1, 3, 0, 1, 3]|[0, 1, 1, 0, 1, 1, 1, 1, 2, 1, 0, 0, 1, 1, 0, 1, 2, 1, 1, 0];[1, 19, 13, 10, 5, 6, 16, 4, 3, 2, 11, 17, 0, 9, 14, 7, 18, 12, 15, 8]|[0, 1, 1, 0, 2, 1, 2, 2, 1, 0, 0, 2, 0, 1, 0, 1, 1, 2, 1, 0]|[3, 1, 1, 3, 0, 1, 0, 0, 0, 3, 3, 0, 3, 1, 3, 1, 1, 0, 1, 3]|[0, 1, 1, 2, 1, 0, 0, 1, 1, 0, 0, 0, 2, 1, 2, 1, 1, 1, 1, 0];[5, 4, 13, 14, 2, 10, 16, 19, 17, 7, 11, 3, 0, 9, 6, 1, 18, 12, 15, 8]|[0, 1, 1, 0, 2, 1, 2, 2, 1, 0, 0, 2, 0, 1, 0, 1, 1, 2, 1, 0]|[3, 1, 1, 3, 0, 1, 0, 0, 0, 3, 3, 0, 3, 1, 3, 1, 1, 0, 1, 3]|[0, 1, 1, 2, 1, 0, 0, 1, 1, 0, 0, 1, 2, 1, 2, 1, 1, 1, 1, 0];[5, 4, 13, 14, 2, 10, 16, 19, 17, 7, 6, 0, 11, 15, 8, 1, 18, 3, 12, 9]|[0, 1, 1, 0, 2, 1, 2, 2, 1, 0, 0, 2, 0, 1, 0, 1, 1, 2, 1, 0]|[3, 1, 0, 3, 0, 1, 0, 0, 1, 0, 3, 0, 3, 1, 3, 1, 1, 0, 1, 3]|[0, 1, 1, 2, 1, 0, 0, 1, 1, 0, 0, 1, 2, 1, 1, 1, 1, 0, 1, 0];[5, 4, 13, 14, 2, 16, 19, 17, 6, 0, 11, 12, 3, 1, 18, 15, 8, 10, 9, 7]|[0, 1, 1, 0, 2, 2, 2, 1, 0, 2, 0, 1, 2, 1, 1, 1, 0, 1, 0, 0]|[3, 1, 1, 3, 0, 0, 0, 1, 3, 0, 3, 1, 0, 1, 1, 1, 3, 1, 3, 3]|[0, 1, 1, 2, 1, 0, 1, 1, 0, 1, 2, 1, 0, 1, 1, 1, 1, 1, 0, 0];[5, 4, 13, 14, 2, 10, 16, 19, 17, 7, 11, 0, 6, 3, 1, 12, 15, 9, 8, 18]|[0, 1, 1, 0, 2, 1, 2, 2, 1, 0, 0, 2, 0, 1, 0, 1, 0, 2, 1, 0]|[3, 1, 1, 3, 0, 1, 0, 0, 0, 0, 3, 0, 3, 1, 3, 1, 1, 0, 1, 3]|[2, 1, 1, 2, 1, 0, 0, 1, 1, 0, 0, 1, 2, 1, 1, 1, 2, 1, 1, 0];[5, 4, 13, 14, 19, 10, 16, 1, 3, 7, 17, 6, 8, 0, 9, 12, 15, 2, 18, 11]|[0, 1, 1, 0, 2, 1, 2, 2, 1, 0, 0, 2, 0, 1, 0, 1, 0, 2, 1, 0]|[3, 1, 1, 3, 0, 1, 0, 0, 0, 0, 3, 0, 3, 1, 3, 1, 1, 0, 1, 3]|[2, 1, 1, 2, 1, 0, 0, 1, 1, 1, 0, 1, 2, 1, 0, 1, 2, 1, 1, 0];[19, 14, 2, 4, 16, 5, 3, 12, 10, 6, 0, 18, 9, 8, 15, 11, 7, 17, 13, 1]|[1, 0, 2, 1, 2, 2, 1, 1, 1, 0, 0, 0, 1, 1, 2, 2, 0, 0, 0, 0]|[0, 3, 0, 1, 0, 0, 1, 1, 1, 3, 3, 3, 1, 1, 1, 1, 3, 3, 3, 3]|[1, 0, 1, 0, 0, 1, 1, 1, 1, 0, 2, 0, 1, 1, 1, 0, 0, 0, 2, 0];[9, 19, 13, 10, 2, 16, 6, 5, 3, 14, 17, 4, 15, 12, 1, 0, 11, 8, 7, 18]|[0, 1, 0, 0, 2, 2, 1, 2, 1, 0, 0, 2, 1, 1, 1, 1, 2, 1, 0, 0]|[3, 0, 1, 3, 1, 0, 1, 0, 1, 0, 3, 0, 1, 0, 1, 1, 0, 1, 3, 3]|[2, 0, 1, 2, 1, 0, 1, 1, 1, 0, 0, 0, 1, 0, 1, 1, 1, 1, 0, 2];[4, 13, 2, 10, 16, 19, 17, 6, 11, 14, 18, 3, 7, 0, 15, 12, 5, 9, 8, 1]|[1, 1, 2, 1, 2, 2, 1, 0, 0, 0, 0, 1, 0, 2, 0, 1, 0, 2, 1, 0]|[1, 1, 0, 1, 0, 0, 0, 3, 3, 3, 3, 1, 3, 0, 3, 1, 3, 0, 1, 3]|[1, 1, 1, 0, 0, 1, 1, 2, 0, 2, 0, 1, 2, 1, 0, 1, 2, 1, 1, 0];[9, 19, 13, 10, 5, 6, 16, 4, 11, 2, 8, 14, 3, 17, 15, 12, 7, 18, 0, 1]|[0, 1, 1, 0, 2, 1, 2, 2, 0, 2, 0, 0, 0, 1, 1, 1, 1, 2, 0, 0]|[3, 1, 1, 2, 1, 0, 0, 0, 3, 0, 3, 1, 0, 1, 1, 1, 1, 0, 2, 3]|[2, 1, 1, 0, 1, 0, 0, 1, 2, 1, 0, 1, 2, 1, 1, 1, 0, 0, 0, 0];[19, 14, 5, 4, 16, 2, 3, 9, 17, 6, 15, 11, 7, 8, 12, 10, 13, 18, 0, 1]|[1, 0, 2, 1, 2, 2, 1, 0, 0, 1, 1, 0, 0, 1, 2, 2, 2, 1, 0, 0]|[0, 0, 1, 1, 0, 1, 0, 3, 3, 0, 1, 0, 3, 1, 0, 0, 0, 1, 3, 3]|[1, 2, 1, 0, 0, 1, 1, 0, 0, 0, 1, 1, 0, 1, 1, 1, 0, 1, 2, 0];[19, 14, 5, 4, 16, 2, 3, 9, 17, 6, 15, 11, 7, 8, 12, 10, 13, 18, 0, 1]|[1, 0, 2, 1, 2, 2, 1, 0, 0, 1, 1, 0, 0, 1, 2, 2, 2, 1, 0, 0]|[0, 0, 1, 1, 0, 1, 0, 3, 3, 0, 1, 0, 3, 1, 0, 0, 0, 1, 3, 3]|[1, 2, 1, 0, 0, 1, 1, 0, 0, 0, 1, 1, 0, 1, 1, 1, 0, 1, 2, 0];[19, 14, 5, 4, 16, 2, 3, 9, 17, 6, 15, 11, 7, 8, 12, 10, 13, 18, 0, 1]|[1, 0, 2, 1, 2, 2, 1, 0, 0, 1, 1, 0, 0, 1, 2, 2, 2, 1, 0, 0]|[0, 0, 1, 1, 0, 1, 0, 3, 3, 0, 1, 0, 3, 1, 0, 0, 0, 1, 3, 3]|[1, 2, 1, 0, 0, 1, 1, 0, 0, 0, 1, 1, 0, 1, 1, 1, 0, 1, 2, 0];[19, 14, 5, 4, 16, 2, 3, 9, 17, 6, 15, 11, 7, 8, 12, 10, 13, 18, 0, 1]|[1, 0, 2, 1, 2, 2, 1, 0, 0, 1, 1, 0, 0, 1, 2, 2, 2, 1, 0, 0]|[0, 0, 1, 1, 0, 1, 0, 3, 3, 0, 1, 0, 3, 1, 0, 0, 0, 1, 3, 3]|[1, 2, 1, 0, 0, 1, 1, 0, 0, 0, 1, 1, 0, 1, 1, 1, 0, 1, 2, 0];[12, 5, 4, 15, 11, 19, 1, 16, 3, 9, 0, 10, 2, 14, 6, 17, 13, 18, 7, 8]|[0, 2, 0, 2, 0, 1, 0, 2, 1, 2, 2, 1, 2, 0, 1, 1, 1, 2, 1, 0]|[3, 0, 3, 1, 0, 1, 2, 1, 1, 0, 0, 1, 1, 3, 0, 1, 1, 0, 1, 3]|[0, 0, 2, 1, 1, 1, 0, 0, 1, 1, 1, 1, 1, 2, 0, 1, 1, 0, 1, 0];[12, 5, 4, 15, 11, 19, 1, 16, 3, 9, 0, 10, 2, 14, 6, 17, 13, 18, 7, 8]|[0, 2, 0, 2, 0, 1, 0, 2, 1, 2, 2, 1, 2, 0, 1, 1, 1, 2, 1, 0]|[3, 0, 3, 1, 0, 1, 2, 1, 1, 0, 0, 1, 1, 3, 0, 1, 1, 0, 1, 3]|[0, 0, 2, 1, 1, 1, 0, 0, 1, 1, 1, 1, 1, 2, 0, 1, 1, 0, 1, 0];[12, 5, 4, 15, 11, 19, 1, 16, 3, 9, 0, 10, 2, 14, 6, 17, 13, 18, 7, 8]|[0, 2, 0, 2, 0, 1, 0, 2, 1, 2, 2, 1, 2, 0, 1, 1, 1, 2, 1, 0]|[3, 0, 3, 1, 0, 1, 2, 1, 1, 0, 0, 1, 1, 3, 0, 1, 1, 0, 1, 3]|[0, 0, 2, 1, 1, 1, 0, 0, 1, 1, 1, 1, 1, 2, 0, 1, 1, 0, 1, 0];[19, 4, 2, 13, 16, 5, 11, 18, 7, 17, 15, 12, 10, 1, 3, 8, 9, 6, 14, 0]|[1, 1, 2, 1, 2, 2, 0, 1, 2, 1, 1, 1, 0, 0, 0, 0, 0, 2, 0, 0]|[1, 1, 0, 1, 0, 0, 3, 1, 0, 1, 1, 1, 3, 3, 3, 3, 3, 0, 3, 3]|[1, 1, 1, 1, 0, 1, 0, 1, 0, 1, 1, 1, 0, 0, 0, 2, 0, 1, 0, 2];[19, 4, 2, 13, 16, 5, 11, 18, 7, 17, 15, 12, 10, 1, 3, 8, 9, 6, 14, 0]|[1, 1, 2, 1, 2, 2, 0, 1, 2, 1, 1, 1, 0, 0, 0, 0, 0, 2, 0, 0]|[1, 1, 0, 1, 0, 0, 3, 1, 0, 1, 1, 1, 3, 3, 3, 3, 3, 0, 3, 3]|[1, 1, 1, 1, 0, 1, 0, 1, 0, 1, 1, 1, 0, 0, 0, 2, 0, 1, 0, 2];[1, 9, 4, 5, 14, 13, 2, 15, 17, 10, 8, 6, 16, 12, 19, 11, 0, 7, 3, 18]|[0, 1, 1, 2, 0, 1, 1, 0, 0, 1, 0, 2, 2, 2, 2, 1, 0, 2, 1, 0]|[1, 0, 1, 1, 2, 0, 1, 0, 3, 0, 3, 0, 0, 0, 0, 1, 3, 0, 0, 3]|[2, 1, 0, 0, 0, 1, 1, 0, 1, 1, 2, 1, 1, 0, 1, 0, 0, 1, 1, 0];[1, 9, 4, 5, 14, 13, 2, 15, 17, 10, 8, 6, 16, 12, 19, 11, 0, 7, 3, 18]|[0, 1, 1, 2, 0, 1, 1, 0, 0, 1, 0, 2, 2, 2, 2, 1, 0, 2, 1, 0]|[1, 0, 1, 1, 2, 0, 1, 0, 3, 0, 3, 0, 0, 0, 0, 1, 3, 0, 0, 3]|[2, 1, 0, 0, 0, 1, 1, 0, 1, 1, 2, 1, 1, 0, 1, 0, 0, 1, 1, 0];[5, 6, 19, 10, 2, 14, 12, 7, 15, 3, 18, 11, 8, 16, 17, 13, 4, 9, 0, 1]|[2, 1, 2, 0, 1, 1, 1, 0, 1, 0, 0, 0, 2, 2, 2, 1, 2, 1, 0, 0]|[0, 1, 1, 2, 1, 0, 0, 3, 0, 0, 3, 0, 1, 0, 0, 1, 1, 1, 3, 3]|[0, 1, 1, 2, 1, 0, 1, 0, 1, 1, 1, 0, 1, 0, 0, 0, 1, 1, 0, 2];[5, 6, 19, 10, 2, 14, 12, 7, 15, 3, 18, 11, 8, 16, 17, 13, 4, 9, 0, 1]|[2, 1, 2, 0, 1, 1, 1, 0, 1, 0, 0, 0, 2, 2, 2, 1, 2, 1, 0, 0]|[0, 1, 1, 2, 1, 0, 0, 3, 0, 0, 3, 0, 1, 0, 0, 1, 1, 1, 3, 3]|[0, 1, 1, 2, 1, 0, 1, 0, 1, 1, 1, 0, 1, 0, 0, 0, 1, 1, 0, 2];[5, 2, 14, 10, 4, 13, 16, 19, 17, 0, 11, 9, 12, 3, 18, 15, 6, 1, 7, 8]|[0, 1, 0, 2, 1, 1, 2, 2, 1, 0, 1, 2, 2, 0, 0, 2, 1, 2, 1, 0]|[0, 0, 3, 1, 1, 1, 0, 1, 0, 3, 0, 0, 1, 0, 3, 0, 1, 0, 1, 3]|[0, 0, 2, 1, 1, 1, 0, 1, 1, 2, 0, 0, 0, 1, 0, 1, 1, 1, 1, 0]
fc6diagRound 18	fe=500000	pool=283	target=100	rescued=0	sOriginal=[9, 4, 0, 13, 17, 12, 10, 15, 6, 11, 7, 18, 3, 16, 5, 1, 2, 14, 19, 8]|[0, 1, 2, 1, 1, 1, 0, 0, 2, 0, 1, 0, 1, 2, 2, 1, 2, 0, 1, 0]|[3, 1, 0, 1, 1, 1, 3, 3, 0, 3, 1, 3, 1, 0, 0, 1, 0, 3, 1, 3]|[2, 1, 1, 1, 1, 1, 0, 0, 1, 2, 1, 0, 1, 0, 1, 1, 1, 2, 1, 0];[2, 14, 19, 4, 16, 5, 8, 6, 11, 9, 7, 13, 15, 10, 1, 12, 0, 3, 17, 18]|[0, 0, 2, 1, 2, 2, 0, 0, 2, 0, 0, 1, 1, 1, 1, 1, 2, 1, 1, 0]|[3, 3, 0, 1, 0, 0, 0, 3, 0, 3, 3, 1, 1, 1, 1, 1, 0, 1, 1, 3]|[0, 2, 1, 1, 0, 1, 1, 0, 1, 2, 1, 1, 1, 1, 1, 1, 0, 1, 1, 0];[5, 4, 13, 14, 2, 10, 16, 19, 3, 7, 11, 8, 1, 12, 9, 6, 17, 0, 15, 18]|[0, 1, 1, 0, 2, 1, 2, 2, 1, 0, 0, 2, 0, 1, 0, 1, 1, 2, 1, 0]|[3, 1, 1, 3, 0, 1, 0, 0, 0, 0, 3, 0, 3, 1, 3, 1, 1, 0, 1, 3]|[0, 1, 1, 2, 1, 0, 0, 1, 1, 1, 0, 1, 2, 1, 2, 1, 1, 1, 1, 0];[1, 2, 4, 8, 6, 11, 10, 3, 5, 16, 15, 19, 14, 7, 17, 9, 12, 0, 18, 13]|[0, 1, 1, 0, 1, 0, 0, 1, 2, 2, 1, 2, 0, 0, 2, 1, 2, 1, 1, 0]|[1, 1, 1, 3, 0, 3, 0, 0, 0, 0, 1, 0, 3, 3, 0, 1, 0, 1, 1, 3]|[0, 1, 0, 2, 1, 0, 1, 1, 1, 0, 1, 1, 2, 1, 1, 1, 0, 1, 1, 0];[1, 4, 17, 14, 19, 13, 16, 5, 10, 11, 0, 2, 6, 15, 3, 7, 9, 8, 12, 18]|[0, 1, 1, 0, 2, 1, 2, 2, 1, 0, 0, 2, 0, 1, 1, 1, 2, 1, 0, 0]|[1, 1, 1, 3, 0, 1, 0, 0, 0, 0, 3, 0, 3, 1, 1, 1, 0, 1, 3, 3]|[0, 1, 1, 2, 1, 1, 0, 1, 1, 1, 0, 1, 2, 0, 1, 1, 0, 1, 0, 1];[1, 2, 4, 8, 6, 11, 10, 3, 5, 16, 15, 19, 14, 7, 17, 9, 12, 0, 18, 13]|[0, 1, 1, 0, 1, 0, 0, 1, 2, 2, 1, 2, 0, 0, 2, 1, 2, 1, 1, 0]|[1, 1, 1, 3, 0, 3, 0, 0, 0, 0, 1, 0, 3, 3, 0, 1, 0, 1, 1, 3]|[0, 1, 0, 2, 1, 0, 1, 1, 1, 0, 1, 1, 2, 1, 1, 1, 0, 1, 1, 0];[2, 12, 15, 14, 19, 10, 16, 5, 3, 8, 6, 11, 9, 17, 7, 4, 1, 0, 13, 18]|[0, 1, 1, 0, 2, 1, 2, 2, 1, 0, 0, 2, 0, 1, 0, 1, 1, 2, 1, 0]|[3, 0, 1, 3, 0, 1, 0, 0, 0, 0, 3, 0, 3, 1, 3, 1, 1, 0, 1, 3]|[0, 1, 1, 2, 1, 0, 0, 1, 1, 1, 0, 1, 2, 1, 1, 1, 1, 0, 1, 0];[5, 4, 13, 14, 2, 10, 16, 19, 7, 11, 8, 1, 17, 9, 12, 15, 0, 3, 6, 18]|[0, 1, 1, 0, 2, 1, 2, 2, 0, 0, 2, 0, 1, 0, 1, 1, 2, 1, 1, 0]|[3, 1, 1, 3, 0, 1, 0, 0, 0, 3, 0, 3, 1, 3, 1, 1, 0, 1, 1, 3]|[0, 1, 1, 2, 1, 1, 0, 1, 1, 0, 1, 2, 1, 2, 1, 1, 1, 1, 1, 0];[1, 19, 13, 14, 2, 4, 16, 5, 3, 10, 11, 6, 8, 12, 9, 7, 17, 15, 0, 18]|[0, 1, 1, 0, 2, 1, 2, 2, 1, 0, 0, 2, 0, 1, 0, 1, 1, 2, 1, 0]|[3, 1, 1, 3, 0, 1, 0, 0, 0, 2, 3, 0, 3, 1, 3, 1, 1, 0, 1, 3]|[0, 1, 1, 2, 1, 0, 0, 1, 1, 0, 0, 1, 2, 1, 1, 1, 1, 0, 1, 0];[1, 19, 13, 14, 2, 4, 16, 5, 3, 10, 11, 0, 17, 7, 18, 12, 8, 6, 15, 9]|[0, 1, 1, 0, 2, 1, 2, 2, 1, 0, 0, 2, 0, 1, 0, 1, 1, 2, 1, 0]|[3, 1, 0, 3, 0, 1, 0, 0, 0, 0, 3, 0, 3, 1, 3, 1, 1, 0, 1, 3]|[0, 1, 1, 2, 1, 0, 0, 1, 1, 1, 0, 1, 2, 1, 1, 1, 1, 0, 1, 0];[1, 4, 13, 14, 19, 2, 16, 5, 3, 10, 11, 0, 17, 8, 18, 12, 7, 6, 15, 9]|[0, 1, 1, 0, 2, 1, 2, 2, 1, 0, 0, 2, 0, 1, 0, 1, 1, 2, 1, 0]|[3, 1, 0, 3, 0, 1, 0, 0, 0, 2, 3, 0, 3, 1, 3, 1, 1, 0, 1, 3]|[0, 1, 1, 2, 1, 0, 0, 1, 1, 1, 0, 1, 2, 1, 1, 1, 1, 0, 1, 0];[1, 19, 13, 14, 2, 4, 16, 5, 3, 10, 11, 0, 17, 12, 7, 15, 8, 6, 18, 9]|[0, 1, 1, 0, 2, 1, 2, 2, 1, 0, 0, 2, 0, 1, 0, 1, 1, 2, 1, 0]|[3, 1, 0, 3, 0, 1, 0, 0, 0, 0, 3, 0, 3, 1, 3, 1, 1, 0, 1, 3]|[0, 1, 1, 2, 1, 0, 0, 1, 1, 0, 0, 1, 2, 1, 1, 1, 1, 1, 1, 0];[1, 19, 13, 14, 2, 4, 16, 5, 3, 10, 11, 0, 17, 7, 18, 12, 9, 15, 6, 8]|[0, 1, 1, 0, 2, 1, 2, 2, 1, 0, 0, 2, 0, 1, 0, 1, 1, 2, 1, 0]|[3, 1, 0, 3, 0, 1, 0, 0, 0, 0, 3, 0, 3, 1, 0, 1, 1, 0, 1, 3]|[0, 1, 1, 2, 1, 0, 0, 1, 1, 1, 0, 1, 2, 1, 1, 1, 1, 0, 1, 0];[1, 2, 13, 14, 5, 4, 16, 19, 3, 10, 11, 6, 8, 18, 7, 9, 12, 15, 17, 0]|[0, 1, 1, 0, 2, 1, 2, 2, 1, 0, 0, 2, 0, 1, 0, 1, 1, 2, 1, 0]|[3, 1, 1, 3, 0, 1, 0, 0, 0, 2, 3, 0, 3, 1, 3, 1, 1, 0, 1, 3]|[2, 1, 1, 2, 1, 0, 0, 1, 1, 0, 0, 1, 2, 1, 0, 1, 1, 0, 1, 0];[9, 19, 13, 10, 5, 6, 16, 4, 3, 14, 11, 17, 18, 0, 1, 12, 15, 2, 8, 7]|[0, 1, 1, 0, 2, 1, 2, 2, 1, 0, 0, 2, 0, 1, 0, 1, 1, 2, 1, 0]|[3, 1, 1, 3, 0, 1, 0, 0, 0, 0, 3, 0, 3, 1, 3, 1, 1, 0, 1, 3]|[2, 1, 1, 2, 1, 0, 0, 1, 1, 0, 0, 0, 2, 1, 0, 1, 1, 1, 1, 0];[1, 19, 13, 14, 2, 4, 16, 11, 15, 10, 5, 6, 8, 17, 7, 18, 12, 3, 0, 9]|[0, 1, 1, 0, 2, 1, 2, 2, 1, 0, 0, 2, 0, 1, 0, 1, 1, 2, 1, 0]|[3, 1, 0, 3, 0, 1, 0, 0, 0, 0, 3, 0, 3, 1, 3, 1, 1, 0, 1, 3]|[0, 1, 1, 2, 1, 0, 0, 1, 1, 0, 0, 1, 2, 1, 1, 1, 1, 1, 1, 0];[2, 19, 6, 15, 3, 4, 16, 5, 1, 11, 10, 0, 18, 12, 7, 13, 17, 8, 9, 14]|[0, 1, 1, 0, 2, 1, 2, 2, 1, 0, 0, 2, 0, 1, 0, 1, 1, 2, 1, 0]|[3, 1, 0, 3, 0, 1, 0, 0, 0, 0, 3, 0, 3, 1, 3, 1, 1, 0, 1, 3]|[0, 1, 1, 2, 1, 0, 0, 1, 1, 1, 0, 1, 2, 1, 1, 1, 1, 1, 1, 0];[1, 19, 14, 2, 4, 16, 11, 18, 6, 5, 17, 9, 10, 13, 15, 12, 7, 3, 8, 0]|[0, 2, 0, 2, 1, 2, 0, 0, 2, 2, 0, 2, 0, 1, 1, 1, 1, 1, 1, 0]|[0, 1, 3, 0, 1, 0, 3, 2, 0, 0, 3, 0, 3, 1, 1, 1, 1, 1, 1, 3]|[0, 0, 2, 1, 1, 1, 0, 1, 1, 1, 2, 1, 1, 1, 1, 1, 1, 1, 1, 0];[1, 19, 14, 2, 4, 16, 11, 18, 6, 5, 17, 9, 10, 13, 15, 12, 7, 3, 8, 0]|[0, 2, 0, 2, 1, 2, 0, 0, 2, 2, 0, 2, 0, 1, 1, 1, 1, 1, 1, 0]|[0, 1, 3, 0, 1, 0, 3, 2, 0, 0, 3, 0, 3, 1, 1, 1, 1, 1, 1, 3]|[0, 0, 2, 1, 1, 1, 0, 1, 1, 1, 2, 1, 1, 1, 1, 1, 1, 1, 1, 0];[1, 19, 5, 14, 15, 4, 16, 2, 3, 10, 11, 13, 12, 18, 7, 9, 0, 6, 17, 8]|[0, 1, 2, 0, 2, 1, 2, 2, 1, 0, 0, 2, 1, 1, 0, 1, 2, 1, 0, 0]|[3, 1, 0, 3, 0, 1, 0, 0, 0, 0, 3, 0, 1, 1, 3, 1, 0, 1, 3, 3]|[0, 1, 1, 2, 1, 0, 0, 1, 1, 1, 0, 1, 1, 1, 1, 1, 1, 1, 0, 2];[9, 19, 5, 16, 4, 2, 14, 13, 3, 10, 11, 6, 17, 7, 8, 12, 0, 15, 18, 1]|[0, 1, 2, 2, 1, 2, 0, 2, 1, 0, 0, 2, 0, 1, 1, 1, 2, 1, 0, 0]|[3, 1, 0, 0, 1, 1, 3, 0, 0, 2, 3, 0, 3, 1, 1, 0, 0, 1, 3, 3]|[2, 1, 1, 0, 0, 1, 2, 0, 1, 0, 0, 1, 2, 1, 1, 0, 1, 1, 0, 2];[1, 2, 13, 14, 19, 4, 6, 5, 18, 7, 0, 16, 8, 3, 12, 17, 15, 11, 9, 10]|[0, 1, 1, 0, 2, 1, 2, 2, 1, 1, 0, 2, 0, 0, 1, 1, 2, 1, 1, 0]|[0, 1, 0, 3, 0, 1, 0, 0, 0, 1, 3, 0, 3, 3, 1, 1, 0, 1, 1, 3]|[0, 1, 1, 2, 0, 0, 1, 1, 1, 1, 0, 0, 2, 0, 1, 1, 1, 1, 1, 0];[1, 19, 13, 10, 5, 6, 16, 2, 3, 17, 14, 4, 18, 15, 12, 9, 0, 11, 8, 7]|[0, 1, 0, 0, 2, 1, 2, 2, 1, 0, 0, 2, 0, 1, 0, 1, 1, 2, 1, 0]|[3, 1, 1, 3, 0, 1, 0, 0, 0, 0, 3, 0, 3, 1, 3, 1, 1, 0, 1, 3]|[2, 1, 1, 2, 1, 0, 0, 1, 1, 0, 0, 0, 2, 1, 0, 1, 1, 1, 1, 0];[9, 19, 5, 16, 4, 2, 14, 13, 3, 10, 11, 6, 17, 7, 8, 12, 0, 15, 18, 1]|[0, 1, 2, 2, 1, 2, 0, 2, 1, 0, 0, 2, 0, 1, 1, 1, 2, 1, 0, 0]|[3, 1, 0, 0, 1, 1, 3, 0, 0, 2, 3, 0, 3, 1, 1, 0, 0, 1, 3, 3]|[2, 1, 1, 0, 0, 1, 2, 0, 1, 0, 0, 1, 2, 1, 1, 0, 1, 1, 0, 2];[1, 2, 13, 14, 19, 4, 16, 5, 3, 10, 11, 6, 18, 17, 7, 12, 0, 15, 9, 8]|[0, 1, 1, 0, 2, 1, 2, 2, 1, 0, 0, 2, 0, 0, 0, 1, 1, 2, 1, 0]|[3, 1, 1, 3, 0, 1, 0, 0, 0, 0, 3, 0, 3, 1, 3, 1, 1, 0, 1, 3]|[0, 1, 1, 2, 1, 0, 0, 1, 1, 1, 0, 1, 2, 1, 1, 1, 1, 0, 1, 0];[17, 4, 12, 11, 9, 1, 0, 10, 3, 14, 19, 2, 16, 5, 13, 15, 7, 6, 8, 18]|[0, 1, 1, 0, 0, 0, 2, 0, 1, 0, 2, 1, 2, 2, 1, 1, 1, 2, 1, 0]|[3, 1, 1, 3, 3, 0, 0, 2, 0, 3, 1, 1, 0, 0, 0, 1, 1, 0, 1, 3]|[2, 1, 1, 0, 0, 0, 1, 1, 1, 2, 1, 0, 0, 1, 1, 1, 1, 0, 1, 1];[17, 4, 12, 11, 9, 1, 0, 10, 3, 14, 19, 2, 16, 5, 13, 15, 7, 6, 8, 18]|[0, 1, 1, 0, 0, 0, 2, 0, 1, 0, 2, 1, 2, 2, 1, 1, 1, 2, 1, 0]|[3, 1, 1, 3, 3, 0, 0, 2, 0, 3, 1, 1, 0, 0, 0, 1, 1, 0, 1, 3]|[2, 1, 1, 0, 0, 0, 1, 1, 1, 2, 1, 0, 0, 1, 1, 1, 1, 0, 1, 1];[19, 14, 2, 4, 16, 5, 12, 1, 18, 10, 6, 11, 7, 17, 15, 9, 3, 13, 0, 8]|[1, 0, 2, 2, 2, 2, 2, 0, 0, 0, 2, 0, 0, 1, 1, 1, 1, 1, 1, 0]|[1, 0, 0, 1, 0, 0, 0, 3, 3, 3, 0, 3, 3, 1, 1, 1, 1, 1, 1, 3]|[1, 1, 1, 1, 0, 1, 0, 0, 0, 2, 1, 0, 0, 1, 1, 1, 1, 1, 1, 2];[1, 4, 10, 5, 11, 16, 2, 14, 7, 19, 8, 12, 9, 15, 3, 17, 18, 13, 6, 0]|[0, 1, 0, 2, 2, 2, 2, 0, 0, 2, 0, 2, 0, 1, 1, 1, 1, 1, 1, 0]|[3, 1, 3, 0, 1, 0, 0, 0, 3, 0, 3, 0, 3, 1, 1, 1, 1, 1, 1, 3]|[2, 1, 2, 1, 1, 0, 1, 0, 0, 0, 2, 1, 2, 1, 1, 1, 1, 1, 1, 0];[1, 2, 14, 16, 5, 7, 11, 6, 8, 18, 4, 19, 15, 12, 9, 17, 0, 3, 13, 10]|[0, 2, 0, 2, 2, 0, 0, 2, 0, 0, 1, 1, 2, 1, 1, 1, 1, 1, 1, 0]|[0, 0, 3, 0, 0, 3, 3, 0, 3, 3, 1, 1, 0, 1, 1, 1, 1, 1, 1, 3]|[0, 1, 2, 0, 1, 0, 0, 1, 2, 0, 1, 1, 0, 1, 1, 1, 1, 1, 1, 0];[1, 2, 14, 16, 5, 7, 11, 6, 8, 18, 4, 19, 15, 12, 9, 17, 0, 3, 13, 10]|[0, 2, 0, 2, 2, 0, 0, 2, 0, 0, 1, 1, 2, 1, 1, 1, 1, 1, 1, 0]|[0, 0, 3, 0, 0, 3, 3, 0, 3, 3, 1, 1, 0, 1, 1, 1, 1, 1, 1, 3]|[0, 1, 2, 0, 1, 0, 0, 1, 2, 0, 1, 1, 0, 1, 1, 1, 1, 1, 1, 0];[17, 6, 15, 11, 10, 19, 5, 16, 13, 12, 2, 14, 3, 4, 9, 18, 1, 0, 7, 8]|[0, 1, 2, 0, 0, 1, 2, 2, 1, 1, 2, 0, 1, 1, 1, 0, 0, 2, 1, 0]|[3, 1, 0, 3, 0, 0, 0, 0, 1, 1, 0, 3, 1, 0, 1, 0, 3, 0, 1, 3]|[2, 1, 1, 0, 1, 1, 1, 0, 0, 1, 1, 2, 0, 1, 1, 1, 0, 1, 1, 0];[17, 6, 15, 11, 10, 19, 5, 16, 13, 12, 2, 14, 3, 4, 9, 18, 1, 0, 7, 8]|[0, 1, 2, 0, 0, 1, 2, 2, 1, 1, 2, 0, 1, 1, 1, 0, 0, 2, 1, 0]|[3, 1, 0, 3, 0, 0, 0, 0, 1, 1, 0, 3, 1, 0, 1, 0, 3, 0, 1, 3]|[2, 1, 1, 0, 1, 1, 1, 0, 0, 1, 1, 2, 0, 1, 1, 1, 0, 1, 1, 0];[5, 4, 11, 0, 1, 9, 17, 12, 15, 6, 7, 13, 3, 19, 16, 18, 2, 14, 10, 8]|[0, 1, 1, 2, 1, 0, 1, 0, 2, 0, 0, 1, 1, 2, 2, 1, 2, 0, 1, 0]|[3, 1, 1, 0, 1, 3, 1, 3, 0, 3, 3, 1, 1, 0, 0, 1, 0, 3, 1, 3]|[2, 1, 1, 0, 1, 0, 1, 2, 0, 0, 0, 1, 1, 1, 0, 1, 1, 2, 1, 0];[9, 19, 10, 5, 11, 6, 16, 4, 3, 14, 2, 0, 15, 7, 18, 1, 12, 13, 17, 8]|[0, 1, 0, 2, 1, 1, 2, 2, 1, 0, 0, 2, 0, 1, 0, 1, 2, 1, 1, 0]|[3, 1, 3, 0, 1, 1, 0, 0, 1, 3, 3, 0, 3, 1, 3, 1, 0, 1, 1, 3]|[0, 1, 2, 1, 1, 1, 0, 1, 1, 0, 0, 0, 2, 1, 0, 1, 1, 1, 1, 0];[2, 12, 15, 19, 10, 14, 9, 1, 16, 13, 3, 4, 7, 6, 11, 18, 0, 8, 17, 5]|[0, 0, 0, 0, 2, 2, 0, 0, 1, 0, 2, 1, 0, 1, 2, 0, 0, 0, 2, 1]|[0, 3, 3, 3, 1, 1, 3, 3, 1, 3, 1, 1, 3, 1, 1, 3, 2, 3, 1, 1]|[1, 0, 2, 0, 1, 0, 2, 1, 1, 2, 1, 0, 0, 1, 1, 1, 0, 2, 0, 1];[9, 19, 13, 10, 5, 3, 16, 4, 15, 14, 2, 11, 8, 18, 7, 1, 17, 12, 6, 0]|[0, 1, 1, 0, 2, 1, 2, 2, 1, 0, 0, 2, 0, 0, 1, 1, 2, 1, 1, 0]|[3, 1, 1, 3, 0, 1, 0, 0, 1, 3, 3, 0, 3, 3, 1, 1, 0, 1, 1, 3]|[0, 1, 1, 2, 1, 1, 0, 1, 1, 0, 0, 1, 2, 1, 1, 1, 0, 1, 1, 0];[9, 19, 2, 10, 5, 13, 16, 4, 12, 1, 11, 0, 8, 7, 17, 3, 14, 15, 6, 18]|[0, 1, 1, 0, 2, 1, 2, 2, 1, 0, 0, 2, 0, 1, 0, 1, 1, 2, 1, 0]|[3, 1, 1, 3, 0, 1, 0, 0, 1, 3, 3, 0, 3, 1, 3, 1, 1, 0, 1, 3]|[0, 1, 1, 2, 1, 1, 0, 1, 1, 0, 0, 0, 2, 1, 0, 1, 1, 1, 1, 0];[9, 19, 14, 10, 5, 6, 16, 4, 3, 0, 11, 2, 8, 7, 12, 15, 1, 13, 17, 18]|[0, 1, 1, 0, 2, 1, 2, 2, 1, 0, 0, 2, 0, 1, 0, 2, 1, 1, 1, 0]|[3, 1, 1, 3, 0, 1, 0, 0, 1, 3, 3, 0, 3, 1, 3, 0, 1, 1, 1, 3]|[0, 1, 1, 2, 1, 1, 0, 1, 1, 0, 0, 1, 2, 1, 1, 1, 1, 1, 1, 0];[19, 9, 12, 2, 10, 14, 15, 1, 16, 7, 3, 4, 18, 8, 0, 11, 17, 13, 5, 6]|[0, 0, 0, 0, 2, 2, 0, 0, 1, 0, 2, 1, 0, 0, 0, 2, 1, 0, 2, 1]|[3, 3, 3, 3, 0, 1, 3, 0, 1, 3, 1, 1, 3, 2, 3, 1, 1, 3, 1, 1]|[0, 2, 1, 0, 1, 0, 2, 1, 1, 0, 1, 0, 2, 0, 1, 1, 1, 2, 0, 1];[1, 2, 15, 11, 10, 14, 9, 12, 16, 13, 3, 4, 7, 6, 19, 18, 0, 8, 17, 5]|[0, 0, 0, 0, 2, 2, 0, 0, 1, 0, 2, 1, 0, 1, 2, 0, 0, 0, 2, 1]|[0, 3, 3, 3, 1, 1, 3, 3, 1, 3, 1, 1, 3, 1, 1, 3, 2, 3, 1, 1]|[1, 0, 2, 0, 1, 0, 2, 2, 1, 2, 1, 0, 0, 1, 1, 1, 0, 2, 0, 1];[2, 13, 11, 10, 14, 15, 16, 12, 18, 3, 4, 9, 19, 6, 7, 0, 8, 1, 17, 5]|[0, 0, 0, 0, 2, 0, 1, 2, 0, 2, 1, 0, 2, 1, 0, 0, 0, 0, 2, 1]|[3, 3, 3, 1, 1, 3, 1, 0, 3, 1, 1, 3, 1, 1, 3, 2, 3, 0, 1, 1]|[0, 2, 0, 1, 0, 2, 1, 0, 1, 1, 0, 2, 1, 1, 0, 0, 2, 1, 0, 1];[19, 2, 12, 13, 10, 14, 9, 18, 16, 15, 6, 4, 7, 3, 11, 1, 0, 8, 17, 5]|[0, 0, 0, 0, 2, 2, 0, 0, 1, 0, 2, 1, 0, 1, 2, 0, 0, 0, 2, 1]|[3, 0, 3, 3, 1, 1, 3, 3, 1, 3, 1, 1, 3, 1, 1, 3, 2, 3, 1, 1]|[0, 1, 2, 0, 1, 0, 2, 1, 1, 2, 1, 0, 0, 1, 1, 1, 0, 2, 0, 0];[19, 2, 12, 13, 10, 14, 9, 18, 16, 15, 6, 4, 7, 3, 11, 1, 0, 8, 17, 5]|[0, 0, 0, 0, 2, 2, 0, 0, 1, 0, 2, 1, 0, 1, 2, 0, 0, 0, 2, 1]|[3, 0, 3, 3, 1, 1, 3, 3, 1, 3, 1, 1, 3, 1, 1, 3, 2, 3, 1, 1]|[0, 1, 2, 0, 1, 0, 2, 1, 1, 2, 1, 0, 0, 1, 1, 1, 0, 2, 0, 0];[19, 2, 12, 13, 10, 14, 9, 18, 16, 15, 6, 4, 7, 3, 11, 1, 0, 8, 17, 5]|[0, 0, 0, 0, 2, 2, 0, 0, 1, 0, 2, 1, 0, 1, 2, 0, 0, 0, 2, 1]|[3, 0, 3, 3, 1, 1, 3, 3, 1, 3, 1, 1, 3, 1, 1, 3, 2, 3, 1, 1]|[0, 1, 2, 0, 1, 0, 2, 1, 1, 2, 1, 0, 0, 1, 1, 1, 0, 2, 0, 0];[19, 2, 12, 13, 10, 14, 9, 18, 16, 15, 6, 4, 7, 3, 11, 1, 0, 8, 17, 5]|[0, 0, 0, 0, 2, 2, 0, 0, 1, 0, 2, 1, 0, 1, 2, 0, 0, 0, 2, 1]|[3, 0, 3, 3, 1, 1, 3, 3, 1, 3, 1, 1, 3, 1, 1, 3, 2, 3, 1, 1]|[0, 1, 2, 0, 1, 0, 2, 1, 1, 2, 1, 0, 0, 1, 1, 1, 0, 2, 0, 0];[2, 19, 8, 12, 10, 14, 1, 16, 15, 3, 4, 7, 6, 11, 0, 13, 18, 9, 17, 5]|[0, 0, 0, 0, 2, 2, 0, 1, 0, 2, 1, 0, 1, 2, 0, 0, 0, 0, 2, 1]|[0, 3, 3, 3, 1, 1, 3, 1, 3, 1, 1, 3, 1, 1, 3, 2, 3, 3, 0, 1]|[1, 0, 2, 0, 1, 0, 1, 1, 2, 1, 0, 0, 1, 1, 1, 0, 2, 0, 0, 0];[2, 19, 8, 12, 10, 14, 1, 16, 15, 3, 4, 7, 6, 11, 0, 13, 18, 9, 17, 5]|[0, 0, 0, 0, 2, 2, 0, 1, 0, 2, 1, 0, 1, 2, 0, 0, 0, 0, 2, 1]|[0, 3, 3, 3, 1, 1, 3, 1, 3, 1, 1, 3, 1, 1, 3, 2, 3, 3, 0, 1]|[1, 0, 2, 0, 1, 0, 1, 1, 2, 1, 0, 0, 1, 1, 1, 0, 2, 0, 0, 0];[2, 19, 8, 12, 10, 14, 1, 16, 15, 3, 4, 7, 6, 11, 0, 13, 18, 9, 17, 5]|[0, 0, 0, 0, 2, 2, 0, 1, 0, 2, 1, 0, 1, 2, 0, 0, 0, 0, 2, 1]|[0, 3, 3, 3, 1, 1, 3, 1, 3, 1, 1, 3, 1, 1, 3, 2, 3, 3, 0, 1]|[1, 0, 2, 0, 1, 0, 1, 1, 2, 1, 0, 0, 1, 1, 1, 0, 2, 0, 0, 0];[2, 19, 8, 12, 10, 14, 1, 16, 15, 3, 4, 7, 6, 11, 0, 13, 18, 9, 17, 5]|[0, 0, 0, 0, 2, 2, 0, 1, 0, 2, 1, 0, 1, 2, 0, 0, 0, 0, 2, 1]|[0, 3, 3, 3, 1, 1, 3, 1, 3, 1, 1, 3, 1, 1, 3, 2, 3, 3, 0, 1]|[1, 0, 2, 0, 1, 0, 1, 1, 2, 1, 0, 0, 1, 1, 1, 0, 2, 0, 0, 0];[12, 10, 15, 19, 14, 7, 8, 5, 1, 4, 3, 2, 16, 13, 17, 9, 18, 0, 11, 6]|[0, 0, 0, 2, 2, 0, 1, 2, 0, 1, 2, 0, 1, 0, 0, 0, 0, 0, 2, 1]|[2, 3, 3, 0, 1, 3, 1, 1, 3, 1, 1, 3, 1, 3, 3, 3, 3, 3, 1, 1]|[1, 2, 0, 1, 0, 2, 1, 1, 1, 0, 1, 0, 1, 2, 1, 2, 0, 2, 0, 0];[2, 19, 13, 10, 5, 6, 16, 4, 3, 14, 15, 0, 8, 12, 17, 7, 1, 11, 18, 9]|[0, 1, 1, 0, 2, 1, 2, 2, 1, 0, 0, 2, 0, 1, 0, 1, 1, 2, 1, 0]|[3, 1, 1, 3, 0, 1, 0, 0, 1, 3, 3, 0, 3, 1, 3, 1, 1, 0, 1, 3]|[0, 1, 1, 2, 1, 1, 0, 1, 1, 0, 0, 1, 2, 1, 0, 1, 1, 1, 1, 0];[2, 12, 15, 9, 10, 14, 19, 0, 16, 13, 3, 4, 7, 6, 11, 1, 18, 8, 17, 5]|[0, 0, 0, 0, 2, 2, 0, 0, 1, 0, 2, 1, 0, 1, 2, 0, 0, 0, 2, 1]|[0, 1, 3, 3, 1, 1, 3, 3, 1, 3, 1, 1, 3, 1, 1, 3, 2, 3, 1, 1]|[1, 0, 2, 2, 1, 0, 0, 1, 1, 2, 1, 0, 0, 1, 1, 1, 0, 2, 0, 0];[2, 12, 15, 9, 10, 14, 19, 0, 16, 13, 3, 4, 7, 6, 11, 1, 18, 8, 17, 5]|[0, 0, 0, 0, 2, 2, 0, 0, 1, 0, 2, 1, 0, 1, 2, 0, 0, 0, 2, 1]|[0, 1, 3, 3, 1, 1, 3, 3, 1, 3, 1, 1, 3, 1, 1, 3, 2, 3, 1, 1]|[1, 0, 2, 2, 1, 0, 0, 1, 1, 2, 1, 0, 0, 1, 1, 1, 0, 2, 0, 0];[2, 12, 15, 9, 10, 14, 19, 0, 16, 13, 3, 4, 7, 6, 11, 1, 18, 8, 17, 5]|[0, 0, 0, 0, 2, 2, 0, 0, 1, 0, 2, 1, 0, 1, 2, 0, 0, 0, 2, 1]|[0, 1, 3, 3, 1, 1, 3, 3, 1, 3, 1, 1, 3, 1, 1, 3, 2, 3, 1, 1]|[1, 0, 2, 2, 1, 0, 0, 1, 1, 2, 1, 0, 0, 1, 1, 1, 0, 2, 0, 0];[2, 12, 15, 9, 10, 14, 19, 0, 16, 13, 3, 4, 7, 6, 11, 1, 18, 8, 17, 5]|[0, 0, 0, 0, 2, 2, 0, 0, 1, 0, 2, 1, 0, 1, 2, 0, 0, 0, 2, 1]|[0, 1, 3, 3, 1, 1, 3, 3, 1, 3, 1, 1, 3, 1, 1, 3, 2, 3, 1, 1]|[1, 0, 2, 2, 1, 0, 0, 1, 1, 2, 1, 0, 0, 1, 1, 1, 0, 2, 0, 0];[5, 4, 13, 14, 2, 15, 16, 19, 17, 0, 3, 11, 7, 6, 1, 9, 18, 12, 10, 8]|[0, 1, 1, 0, 2, 1, 2, 2, 1, 0, 2, 0, 0, 0, 1, 1, 1, 2, 1, 0]|[3, 1, 1, 3, 0, 1, 0, 0, 1, 3, 0, 3, 3, 3, 1, 1, 1, 0, 1, 3]|[2, 1, 1, 0, 1, 1, 0, 1, 1, 2, 1, 0, 0, 2, 1, 1, 1, 1, 1, 0];[5, 4, 13, 14, 2, 15, 16, 19, 17, 0, 3, 11, 7, 6, 1, 9, 18, 12, 10, 8]|[0, 1, 1, 0, 2, 1, 2, 2, 1, 0, 2, 0, 0, 0, 1, 1, 1, 2, 1, 0]|[3, 1, 1, 3, 0, 1, 0, 0, 1, 3, 0, 3, 3, 3, 1, 1, 1, 0, 1, 3]|[2, 1, 1, 0, 1, 1, 0, 1, 1, 2, 1, 0, 0, 2, 1, 1, 1, 1, 1, 0];[19, 15, 11, 2, 10, 14, 9, 1, 16, 13, 18, 4, 7, 12, 6, 0, 17, 8, 5, 3]|[0, 0, 0, 0, 2, 2, 0, 0, 1, 0, 2, 1, 0, 1, 2, 0, 0, 0, 2, 1]|[3, 3, 3, 0, 1, 1, 3, 3, 1, 3, 1, 1, 3, 1, 1, 3, 2, 3, 1, 1]|[0, 2, 0, 1, 1, 0, 2, 1, 1, 2, 1, 0, 0, 1, 1, 1, 0, 2, 0, 1];[19, 15, 11, 2, 10, 14, 9, 1, 16, 13, 18, 4, 7, 12, 6, 0, 17, 8, 5, 3]|[0, 0, 0, 0, 2, 2, 0, 0, 1, 0, 2, 1, 0, 1, 2, 0, 0, 0, 2, 1]|[3, 3, 3, 0, 1, 1, 3, 3, 1, 3, 1, 1, 3, 1, 1, 3, 2, 3, 1, 1]|[0, 2, 0, 1, 1, 0, 2, 1, 1, 2, 1, 0, 0, 1, 1, 1, 0, 2, 0, 1];[2, 12, 10, 15, 19, 18, 9, 1, 16, 13, 3, 5, 11, 6, 0, 7, 17, 14, 4, 8]|[0, 0, 0, 0, 2, 2, 0, 0, 1, 0, 2, 1, 0, 1, 2, 0, 0, 0, 2, 1]|[3, 0, 3, 3, 1, 1, 3, 3, 1, 3, 1, 1, 3, 1, 1, 3, 3, 3, 1, 1]|[0, 1, 2, 0, 1, 0, 2, 1, 1, 2, 1, 0, 0, 1, 1, 1, 0, 2, 0, 0];[9, 19, 13, 10, 2, 16, 6, 5, 3, 14, 17, 4, 15, 12, 1, 0, 11, 8, 7, 18]|[0, 1, 0, 0, 2, 2, 1, 2, 1, 0, 0, 2, 1, 1, 1, 1, 2, 1, 0, 0]|[3, 0, 1, 3, 1, 0, 1, 0, 1, 0, 3, 0, 1, 0, 1, 1, 0, 1, 3, 3]|[2, 0, 1, 2, 1, 0, 1, 1, 1, 0, 0, 0, 1, 0, 1, 1, 1, 1, 0, 2];[1, 19, 13, 10, 5, 6, 16, 4, 3, 2, 11, 17, 0, 9, 14, 7, 18, 12, 15, 8]|[0, 1, 1, 0, 2, 1, 2, 2, 1, 0, 0, 2, 0, 1, 0, 1, 1, 2, 1, 0]|[3, 1, 1, 3, 0, 1, 0, 0, 0, 3, 3, 0, 3, 1, 3, 1, 1, 0, 1, 3]|[0, 1, 1, 2, 1, 0, 0, 1, 1, 0, 0, 0, 2, 1, 2, 1, 1, 1, 1, 0];[2, 12, 15, 19, 10, 14, 9, 1, 16, 13, 3, 4, 7, 6, 11, 0, 17, 8, 5, 18]|[0, 0, 0, 0, 2, 2, 0, 0, 1, 0, 2, 1, 0, 1, 2, 0, 0, 0, 2, 1]|[0, 3, 3, 3, 1, 1, 3, 3, 1, 3, 1, 1, 3, 1, 1, 3, 2, 3, 1, 1]|[1, 0, 2, 0, 1, 0, 2, 1, 1, 2, 1, 0, 0, 1, 1, 1, 0, 2, 0, 0];[2, 12, 15, 19, 10, 14, 9, 1, 16, 13, 3, 4, 7, 6, 11, 0, 17, 8, 5, 18]|[0, 0, 0, 0, 2, 2, 0, 0, 1, 0, 2, 1, 0, 1, 2, 0, 0, 0, 2, 1]|[0, 3, 3, 3, 1, 1, 3, 3, 1, 3, 1, 1, 3, 1, 1, 3, 2, 3, 1, 1]|[1, 0, 2, 0, 1, 0, 2, 1, 1, 2, 1, 0, 0, 1, 1, 1, 0, 2, 0, 0];[1, 2, 13, 17, 10, 14, 9, 12, 16, 15, 3, 4, 7, 6, 11, 18, 0, 8, 19, 5]|[0, 0, 0, 0, 2, 2, 0, 0, 1, 0, 2, 1, 0, 1, 2, 0, 0, 0, 2, 1]|[3, 3, 3, 3, 1, 1, 3, 3, 1, 3, 1, 1, 3, 1, 1, 3, 2, 3, 1, 1]|[1, 0, 2, 0, 1, 0, 2, 1, 1, 2, 1, 0, 0, 1, 1, 1, 0, 2, 0, 1];[5, 4, 13, 14, 2, 10, 16, 19, 17, 7, 11, 3, 0, 9, 6, 1, 18, 12, 15, 8]|[0, 1, 1, 0, 2, 1, 2, 2, 1, 0, 0, 2, 0, 1, 0, 1, 1, 2, 1, 0]|[3, 1, 1, 3, 0, 1, 0, 0, 0, 3, 3, 0, 3, 1, 3, 1, 1, 0, 1, 3]|[0, 1, 1, 2, 1, 0, 0, 1, 1, 0, 0, 1, 2, 1, 2, 1, 1, 1, 1, 0];[5, 4, 13, 14, 2, 16, 19, 17, 6, 0, 11, 12, 3, 1, 18, 15, 8, 10, 9, 7]|[0, 1, 1, 0, 2, 2, 2, 1, 0, 2, 0, 1, 2, 1, 1, 1, 0, 1, 0, 0]|[3, 1, 1, 3, 0, 0, 0, 1, 3, 0, 3, 1, 0, 1, 1, 1, 3, 1, 3, 3]|[0, 1, 1, 2, 1, 0, 1, 1, 0, 1, 2, 1, 0, 1, 1, 1, 1, 1, 0, 0];[12, 5, 4, 15, 11, 19, 1, 16, 3, 9, 0, 10, 2, 14, 6, 17, 13, 18, 7, 8]|[0, 2, 0, 2, 0, 1, 0, 2, 1, 2, 2, 1, 2, 0, 1, 1, 1, 2, 1, 0]|[3, 0, 3, 1, 0, 1, 2, 1, 1, 0, 0, 1, 1, 3, 0, 1, 1, 0, 1, 3]|[0, 0, 2, 1, 1, 1, 0, 0, 1, 1, 1, 1, 1, 2, 0, 1, 1, 0, 1, 0];[12, 5, 4, 15, 11, 19, 1, 16, 3, 9, 0, 10, 2, 14, 6, 17, 13, 18, 7, 8]|[0, 2, 0, 2, 0, 1, 0, 2, 1, 2, 2, 1, 2, 0, 1, 1, 1, 2, 1, 0]|[3, 0, 3, 1, 0, 1, 2, 1, 1, 0, 0, 1, 1, 3, 0, 1, 1, 0, 1, 3]|[0, 0, 2, 1, 1, 1, 0, 0, 1, 1, 1, 1, 1, 2, 0, 1, 1, 0, 1, 0];[12, 5, 4, 15, 11, 19, 1, 16, 3, 9, 0, 10, 2, 14, 6, 17, 13, 18, 7, 8]|[0, 2, 0, 2, 0, 1, 0, 2, 1, 2, 2, 1, 2, 0, 1, 1, 1, 2, 1, 0]|[3, 0, 3, 1, 0, 1, 2, 1, 1, 0, 0, 1, 1, 3, 0, 1, 1, 0, 1, 3]|[0, 0, 2, 1, 1, 1, 0, 0, 1, 1, 1, 1, 1, 2, 0, 1, 1, 0, 1, 0];[2, 19, 15, 12, 10, 14, 9, 18, 16, 13, 3, 4, 8, 6, 1, 11, 0, 7, 5, 17]|[0, 0, 0, 0, 2, 2, 2, 0, 1, 0, 2, 1, 0, 1, 0, 0, 0, 0, 2, 1]|[0, 3, 3, 3, 1, 1, 1, 3, 1, 3, 1, 1, 2, 1, 3, 3, 3, 3, 1, 1]|[1, 0, 2, 0, 1, 0, 0, 1, 1, 2, 1, 0, 0, 1, 1, 0, 2, 1, 0, 0];[2, 19, 15, 12, 10, 14, 9, 18, 16, 13, 3, 4, 8, 6, 1, 11, 0, 7, 5, 17]|[0, 0, 0, 0, 2, 2, 2, 0, 1, 0, 2, 1, 0, 1, 0, 0, 0, 0, 2, 1]|[0, 3, 3, 3, 1, 1, 1, 3, 1, 3, 1, 1, 2, 1, 3, 3, 3, 3, 1, 1]|[1, 0, 2, 0, 1, 0, 0, 1, 1, 2, 1, 0, 0, 1, 1, 0, 2, 1, 0, 0];[2, 19, 15, 12, 10, 14, 9, 18, 16, 13, 3, 4, 8, 6, 1, 11, 0, 7, 5, 17]|[0, 0, 0, 0, 2, 2, 2, 0, 1, 0, 2, 1, 0, 1, 0, 0, 0, 0, 2, 1]|[0, 3, 3, 3, 1, 1, 1, 3, 1, 3, 1, 1, 2, 1, 3, 3, 3, 3, 1, 1]|[1, 0, 2, 0, 1, 0, 0, 1, 1, 2, 1, 0, 0, 1, 1, 0, 2, 1, 0, 0];[2, 19, 15, 12, 10, 14, 9, 18, 16, 13, 3, 4, 8, 6, 1, 11, 0, 7, 5, 17]|[0, 0, 0, 0, 2, 2, 2, 0, 1, 0, 2, 1, 0, 1, 0, 0, 0, 0, 2, 1]|[0, 3, 3, 3, 1, 1, 1, 3, 1, 3, 1, 1, 2, 1, 3, 3, 3, 3, 1, 1]|[1, 0, 2, 0, 1, 0, 0, 1, 1, 2, 1, 0, 0, 1, 1, 0, 2, 1, 0, 0];[19, 14, 5, 4, 16, 2, 3, 9, 17, 6, 15, 11, 7, 8, 12, 10, 13, 18, 0, 1]|[1, 0, 2, 1, 2, 2, 1, 0, 0, 1, 1, 0, 0, 1, 2, 2, 2, 1, 0, 0]|[0, 0, 1, 1, 0, 1, 0, 3, 3, 0, 1, 0, 3, 1, 0, 0, 0, 1, 3, 3]|[1, 2, 1, 0, 0, 1, 1, 0, 0, 0, 1, 1, 0, 1, 1, 1, 0, 1, 2, 0];[19, 14, 5, 4, 16, 2, 3, 9, 17, 6, 15, 11, 7, 8, 12, 10, 13, 18, 0, 1]|[1, 0, 2, 1, 2, 2, 1, 0, 0, 1, 1, 0, 0, 1, 2, 2, 2, 1, 0, 0]|[0, 0, 1, 1, 0, 1, 0, 3, 3, 0, 1, 0, 3, 1, 0, 0, 0, 1, 3, 3]|[1, 2, 1, 0, 0, 1, 1, 0, 0, 0, 1, 1, 0, 1, 1, 1, 0, 1, 2, 0];[19, 14, 5, 4, 16, 2, 3, 9, 17, 6, 15, 11, 7, 8, 12, 10, 13, 18, 0, 1]|[1, 0, 2, 1, 2, 2, 1, 0, 0, 1, 1, 0, 0, 1, 2, 2, 2, 1, 0, 0]|[0, 0, 1, 1, 0, 1, 0, 3, 3, 0, 1, 0, 3, 1, 0, 0, 0, 1, 3, 3]|[1, 2, 1, 0, 0, 1, 1, 0, 0, 0, 1, 1, 0, 1, 1, 1, 0, 1, 2, 0];[19, 14, 5, 4, 16, 2, 3, 9, 17, 6, 15, 11, 7, 8, 12, 10, 13, 18, 0, 1]|[1, 0, 2, 1, 2, 2, 1, 0, 0, 1, 1, 0, 0, 1, 2, 2, 2, 1, 0, 0]|[0, 0, 1, 1, 0, 1, 0, 3, 3, 0, 1, 0, 3, 1, 0, 0, 0, 1, 3, 3]|[1, 2, 1, 0, 0, 1, 1, 0, 0, 0, 1, 1, 0, 1, 1, 1, 0, 1, 2, 0];[9, 19, 13, 10, 5, 6, 16, 4, 11, 2, 8, 14, 3, 17, 15, 12, 7, 18, 0, 1]|[0, 1, 1, 0, 2, 1, 2, 2, 0, 2, 0, 0, 0, 1, 1, 1, 1, 2, 0, 0]|[3, 1, 1, 2, 1, 0, 0, 0, 3, 0, 3, 1, 0, 1, 1, 1, 1, 0, 2, 3]|[2, 1, 1, 0, 1, 0, 0, 1, 2, 1, 0, 1, 2, 1, 1, 1, 0, 0, 0, 0];[2, 12, 15, 19, 10, 14, 9, 1, 16, 3, 13, 4, 7, 6, 11, 0, 8, 18, 17, 5]|[0, 0, 0, 0, 2, 2, 0, 0, 1, 0, 2, 1, 0, 1, 2, 0, 0, 0, 2, 1]|[3, 3, 3, 3, 1, 1, 3, 3, 1, 3, 1, 1, 3, 1, 1, 3, 2, 3, 1, 1]|[1, 0, 2, 0, 1, 0, 2, 1, 1, 2, 1, 0, 0, 1, 1, 1, 0, 2, 0, 1];[1, 9, 4, 5, 14, 13, 2, 15, 17, 10, 8, 6, 16, 12, 19, 11, 0, 7, 3, 18]|[0, 1, 1, 2, 0, 1, 1, 0, 0, 1, 0, 2, 2, 2, 2, 1, 0, 2, 1, 0]|[1, 0, 1, 1, 2, 0, 1, 0, 3, 0, 3, 0, 0, 0, 0, 1, 3, 0, 0, 3]|[2, 1, 0, 0, 0, 1, 1, 0, 1, 1, 2, 1, 1, 0, 1, 0, 0, 1, 1, 0];[1, 9, 4, 5, 14, 13, 2, 15, 17, 10, 8, 6, 16, 12, 19, 11, 0, 7, 3, 18]|[0, 1, 1, 2, 0, 1, 1, 0, 0, 1, 0, 2, 2, 2, 2, 1, 0, 2, 1, 0]|[1, 0, 1, 1, 2, 0, 1, 0, 3, 0, 3, 0, 0, 0, 0, 1, 3, 0, 0, 3]|[2, 1, 0, 0, 0, 1, 1, 0, 1, 1, 2, 1, 1, 0, 1, 0, 0, 1, 1, 0];[2, 12, 15, 19, 10, 14, 9, 1, 16, 13, 6, 0, 7, 3, 11, 18, 17, 8, 4, 5]|[0, 0, 0, 0, 2, 2, 0, 0, 1, 0, 2, 1, 0, 1, 2, 0, 0, 0, 2, 1]|[3, 3, 3, 3, 1, 1, 3, 3, 1, 3, 1, 1, 3, 1, 1, 3, 2, 3, 1, 1]|[1, 0, 2, 0, 1, 0, 2, 1, 1, 2, 1, 0, 0, 1, 1, 1, 0, 2, 0, 1];[19, 4, 2, 13, 16, 5, 11, 18, 7, 17, 15, 12, 10, 1, 3, 8, 9, 6, 14, 0]|[1, 1, 2, 1, 2, 2, 0, 1, 2, 1, 1, 1, 0, 0, 0, 0, 0, 2, 0, 0]|[1, 1, 0, 1, 0, 0, 3, 1, 0, 1, 1, 1, 3, 3, 3, 3, 3, 0, 3, 3]|[1, 1, 1, 1, 0, 1, 0, 1, 0, 1, 1, 1, 0, 0, 0, 2, 0, 1, 0, 2];[19, 4, 2, 13, 16, 5, 11, 18, 7, 17, 15, 12, 10, 1, 3, 8, 9, 6, 14, 0]|[1, 1, 2, 1, 2, 2, 0, 1, 2, 1, 1, 1, 0, 0, 0, 0, 0, 2, 0, 0]|[1, 1, 0, 1, 0, 0, 3, 1, 0, 1, 1, 1, 3, 3, 3, 3, 3, 0, 3, 3]|[1, 1, 1, 1, 0, 1, 0, 1, 0, 1, 1, 1, 0, 0, 0, 2, 0, 1, 0, 2];[2, 12, 15, 19, 10, 14, 13, 16, 1, 7, 3, 0, 18, 11, 5, 4, 6, 9, 17, 8]|[0, 2, 0, 0, 2, 2, 0, 1, 0, 0, 2, 0, 0, 0, 1, 1, 1, 0, 2, 1]|[0, 0, 1, 3, 1, 1, 3, 1, 3, 3, 1, 3, 2, 3, 1, 1, 1, 3, 1, 1]|[2, 0, 1, 0, 1, 0, 2, 0, 1, 0, 1, 2, 0, 1, 1, 1, 1, 2, 0, 0];[5, 2, 14, 10, 4, 13, 16, 19, 17, 0, 11, 9, 12, 3, 18, 15, 6, 1, 7, 8]|[0, 1, 0, 2, 1, 1, 2, 2, 1, 0, 1, 2, 2, 0, 0, 2, 1, 2, 1, 0]|[0, 0, 3, 1, 1, 1, 0, 1, 0, 3, 0, 0, 1, 0, 3, 0, 1, 0, 1, 3]|[0, 0, 2, 1, 1, 1, 0, 1, 1, 2, 0, 0, 0, 1, 0, 1, 1, 1, 1, 0];[5, 6, 19, 10, 2, 14, 12, 7, 15, 3, 18, 11, 8, 16, 17, 13, 4, 9, 0, 1]|[2, 1, 2, 0, 1, 1, 1, 0, 1, 0, 0, 0, 2, 2, 2, 1, 2, 1, 0, 0]|[0, 1, 1, 2, 1, 0, 0, 3, 0, 0, 3, 0, 1, 0, 0, 1, 1, 1, 3, 3]|[0, 1, 1, 2, 1, 0, 1, 0, 1, 1, 1, 0, 1, 0, 0, 0, 1, 1, 0, 2];[5, 6, 19, 10, 2, 14, 12, 7, 15, 3, 18, 11, 8, 16, 17, 13, 4, 9, 0, 1]|[2, 1, 2, 0, 1, 1, 1, 0, 1, 0, 0, 0, 2, 2, 2, 1, 2, 1, 0, 0]|[0, 1, 1, 2, 1, 0, 0, 3, 0, 0, 3, 0, 1, 0, 0, 1, 1, 1, 3, 3]|[0, 1, 1, 2, 1, 0, 1, 0, 1, 1, 1, 0, 1, 0, 0, 0, 1, 1, 0, 2];[19, 4, 3, 8, 16, 12, 9, 15, 14, 7, 10, 2, 1, 11, 18, 17, 5, 13, 6, 0]|[0, 1, 2, 0, 1, 0, 0, 0, 0, 0, 2, 0, 0, 2, 2, 2, 1, 0, 2, 1]|[3, 1, 1, 3, 1, 3, 3, 3, 3, 3, 1, 3, 3, 1, 1, 1, 1, 3, 1, 1]|[0, 0, 1, 2, 1, 0, 0, 2, 0, 2, 1, 0, 2, 1, 1, 1, 1, 0, 0, 1];[19, 17, 11, 5, 9, 6, 4, 10, 14, 2, 16, 12, 15, 3, 0, 1, 13, 8, 18, 7]|[2, 1, 1, 2, 2, 1, 2, 0, 1, 1, 2, 2, 0, 0, 0, 2, 1, 0, 1, 0]|[1, 0, 1, 1, 0, 1, 1, 2, 1, 0, 0, 0, 3, 0, 0, 0, 1, 3, 1, 1]|[1, 0, 1, 1, 0, 1, 1, 1, 1, 0, 0, 0, 0, 0, 2, 1, 1, 0, 1, 1];[19, 17, 11, 5, 9, 6, 4, 10, 14, 2, 16, 12, 15, 3, 0, 1, 13, 8, 18, 7]|[2, 1, 1, 2, 2, 1, 2, 0, 1, 1, 2, 2, 0, 0, 0, 2, 1, 0, 1, 0]|[1, 0, 1, 1, 0, 1, 1, 2, 1, 0, 0, 0, 3, 0, 0, 0, 1, 3, 1, 1]|[1, 0, 1, 1, 0, 1, 1, 1, 1, 0, 0, 0, 0, 0, 2, 1, 1, 0, 1, 1];[9, 19, 10, 5, 14, 16, 4, 8, 13, 12, 2, 11, 0, 1, 15, 7, 3, 17, 6, 18]|[0, 1, 0, 2, 1, 2, 2, 2, 1, 1, 0, 0, 2, 0, 0, 1, 1, 1, 1, 0]|[3, 1, 3, 0, 1, 0, 0, 0, 1, 1, 3, 3, 0, 3, 3, 1, 1, 1, 1, 3]|[0, 1, 2, 1, 1, 0, 1, 0, 1, 1, 1, 2, 1, 0, 1, 1, 1, 1, 1, 0];[5, 4, 10, 2, 14, 3, 16, 19, 12, 1, 17, 7, 8, 15, 11, 0, 18, 13, 6, 9]|[0, 1, 1, 2, 0, 1, 2, 2, 1, 2, 1, 0, 0, 2, 0, 1, 0, 1, 1, 0]|[3, 1, 1, 0, 3, 1, 0, 0, 1, 0, 1, 0, 3, 0, 3, 1, 3, 1, 1, 3]|[0, 1, 1, 1, 2, 1, 0, 1, 1, 0, 1, 0, 0, 1, 2, 1, 1, 1, 1, 0];[5, 4, 10, 2, 14, 3, 16, 19, 12, 1, 17, 7, 8, 15, 11, 0, 18, 13, 6, 9]|[0, 1, 1, 2, 0, 1, 2, 2, 1, 2, 1, 0, 0, 2, 0, 1, 0, 1, 1, 0]|[3, 1, 1, 0, 3, 1, 0, 0, 1, 0, 1, 0, 3, 0, 3, 1, 3, 1, 1, 3]|[0, 1, 1, 1, 2, 1, 0, 1, 1, 0, 1, 0, 0, 1, 2, 1, 1, 1, 1, 0];[2, 19, 8, 14, 9, 15, 16, 5, 1, 11, 0, 7, 10, 12, 18, 17, 3, 4, 6, 13]|[0, 1, 1, 0, 2, 1, 2, 2, 0, 0, 2, 0, 1, 1, 0, 1, 1, 2, 1, 0]|[3, 1, 1, 3, 0, 1, 0, 0, 0, 3, 0, 3, 1, 1, 3, 1, 1, 0, 1, 3]|[0, 1, 1, 2, 1, 1, 0, 1, 1, 0, 1, 2, 1, 1, 1, 1, 1, 0, 1, 0];[9, 19, 13, 10, 5, 16, 4, 15, 11, 8, 2, 18, 12, 7, 1, 17, 3, 0, 6, 14]|[0, 1, 1, 0, 2, 2, 2, 1, 0, 0, 2, 0, 1, 1, 1, 0, 1, 2, 1, 0]|[3, 1, 1, 3, 0, 0, 0, 1, 3, 3, 0, 3, 1, 1, 1, 3, 1, 0, 1, 3]|[0, 1, 1, 2, 1, 0, 1, 1, 0, 0, 1, 2, 1, 1, 1, 1, 1, 1, 1, 0];[1, 19, 13, 14, 2, 4, 16, 5, 3, 10, 11, 6, 18, 9, 12, 0, 7, 15, 17, 8]|[0, 1, 1, 0, 2, 1, 2, 2, 1, 0, 0, 2, 0, 1, 0, 1, 1, 2, 1, 0]|[3, 1, 1, 3, 0, 1, 0, 0, 1, 3, 3, 0, 3, 1, 3, 1, 1, 0, 1, 3]|[0, 1, 1, 2, 1, 1, 0, 1, 1, 1, 0, 1, 2, 1, 0, 1, 1, 0, 1, 0];[1, 19, 13, 14, 2, 4, 16, 5, 3, 10, 11, 6, 18, 9, 12, 0, 7, 15, 17, 8]|[0, 1, 1, 0, 2, 1, 2, 2, 1, 0, 0, 2, 0, 1, 0, 1, 1, 2, 1, 0]|[3, 1, 1, 3, 0, 1, 0, 0, 1, 3, 3, 0, 3, 1, 3, 1, 1, 0, 1, 3]|[0, 1, 1, 2, 1, 1, 0, 1, 1, 1, 0, 1, 2, 1, 0, 1, 1, 0, 1, 0]	sBp=[19, 17, 11, 5, 9, 6, 4, 10, 14, 2, 16, 12, 15, 3, 0, 1, 13, 8, 18, 7]|[2, 1, 1, 2, 2, 1, 2, 0, 1, 1, 2, 2, 0, 0, 0, 2, 1, 0, 1, 0]|[1, 0, 1, 1, 0, 1, 1, 2, 1, 0, 0, 0, 3, 0, 0, 0, 1, 3, 1, 1]|[1, 0, 1, 1, 0, 1, 1, 1, 1, 0, 0, 0, 0, 0, 2, 1, 1, 0, 1, 1];[5, 4, 13, 14, 2, 15, 16, 19, 17, 0, 3, 11, 7, 6, 1, 9, 18, 12, 10, 8]|[0, 1, 1, 0, 2, 1, 2, 2, 1, 0, 2, 0, 0, 0, 1, 1, 1, 2, 1, 0]|[3, 1, 1, 3, 0, 1, 0, 0, 1, 3, 0, 3, 3, 3, 1, 1, 1, 0, 1, 3]|[2, 1, 1, 0, 1, 1, 0, 1, 1, 2, 1, 0, 0, 2, 1, 1, 1, 1, 1, 0];[2, 19, 15, 12, 10, 14, 9, 18, 16, 13, 3, 4, 8, 6, 1, 11, 0, 7, 5, 17]|[0, 0, 0, 0, 2, 2, 2, 0, 1, 0, 2, 1, 0, 1, 0, 0, 0, 0, 2, 1]|[0, 3, 3, 3, 1, 1, 1, 3, 1, 3, 1, 1, 2, 1, 3, 3, 3, 3, 1, 1]|[1, 0, 2, 0, 1, 0, 0, 1, 1, 2, 1, 0, 0, 1, 1, 0, 2, 1, 0, 0];[9, 4, 0, 13, 17, 12, 10, 15, 6, 11, 7, 18, 3, 16, 5, 1, 2, 14, 19, 8]|[0, 1, 2, 1, 1, 1, 0, 0, 2, 0, 1, 0, 1, 2, 2, 1, 2, 0, 1, 0]|[3, 1, 0, 1, 1, 1, 3, 3, 0, 3, 1, 3, 1, 0, 0, 1, 0, 3, 1, 3]|[2, 1, 1, 1, 1, 1, 0, 0, 1, 2, 1, 0, 1, 0, 1, 1, 1, 2, 1, 0];[2, 14, 19, 4, 16, 5, 8, 6, 11, 9, 7, 13, 15, 10, 1, 12, 0, 3, 17, 18]|[0, 0, 2, 1, 2, 2, 0, 0, 2, 0, 0, 1, 1, 1, 1, 1, 2, 1, 1, 0]|[3, 3, 0, 1, 0, 0, 0, 3, 0, 3, 3, 1, 1, 1, 1, 1, 0, 1, 1, 3]|[0, 2, 1, 1, 0, 1, 1, 0, 1, 2, 1, 1, 1, 1, 1, 1, 0, 1, 1, 0];[5, 4, 13, 14, 2, 10, 16, 19, 3, 7, 11, 8, 1, 12, 9, 6, 17, 0, 15, 18]|[0, 1, 1, 0, 2, 1, 2, 2, 1, 0, 0, 2, 0, 1, 0, 1, 1, 2, 1, 0]|[3, 1, 1, 3, 0, 1, 0, 0, 0, 0, 3, 0, 3, 1, 3, 1, 1, 0, 1, 3]|[0, 1, 1, 2, 1, 0, 0, 1, 1, 1, 0, 1, 2, 1, 2, 1, 1, 1, 1, 0];[1, 2, 4, 8, 6, 11, 10, 3, 5, 16, 15, 19, 14, 7, 17, 9, 12, 0, 18, 13]|[0, 1, 1, 0, 1, 0, 0, 1, 2, 2, 1, 2, 0, 0, 2, 1, 2, 1, 1, 0]|[1, 1, 1, 3, 0, 3, 0, 0, 0, 0, 1, 0, 3, 3, 0, 1, 0, 1, 1, 3]|[0, 1, 0, 2, 1, 0, 1, 1, 1, 0, 1, 1, 2, 1, 1, 1, 0, 1, 1, 0];[1, 4, 17, 14, 19, 13, 16, 5, 10, 11, 0, 2, 6, 15, 3, 7, 9, 8, 12, 18]|[0, 1, 1, 0, 2, 1, 2, 2, 1, 0, 0, 2, 0, 1, 1, 1, 2, 1, 0, 0]|[1, 1, 1, 3, 0, 1, 0, 0, 0, 0, 3, 0, 3, 1, 1, 1, 0, 1, 3, 3]|[0, 1, 1, 2, 1, 1, 0, 1, 1, 1, 0, 1, 2, 0, 1, 1, 0, 1, 0, 1];[1, 2, 4, 8, 6, 11, 10, 3, 5, 16, 15, 19, 14, 7, 17, 9, 12, 0, 18, 13]|[0, 1, 1, 0, 1, 0, 0, 1, 2, 2, 1, 2, 0, 0, 2, 1, 2, 1, 1, 0]|[1, 1, 1, 3, 0, 3, 0, 0, 0, 0, 1, 0, 3, 3, 0, 1, 0, 1, 1, 3]|[0, 1, 0, 2, 1, 0, 1, 1, 1, 0, 1, 1, 2, 1, 1, 1, 0, 1, 1, 0];[2, 12, 15, 14, 19, 10, 16, 5, 3, 8, 6, 11, 9, 17, 7, 4, 1, 0, 13, 18]|[0, 1, 1, 0, 2, 1, 2, 2, 1, 0, 0, 2, 0, 1, 0, 1, 1, 2, 1, 0]|[3, 0, 1, 3, 0, 1, 0, 0, 0, 0, 3, 0, 3, 1, 3, 1, 1, 0, 1, 3]|[0, 1, 1, 2, 1, 0, 0, 1, 1, 1, 0, 1, 2, 1, 1, 1, 1, 0, 1, 0];[5, 4, 13, 14, 2, 10, 16, 19, 7, 11, 8, 1, 17, 9, 12, 15, 0, 3, 6, 18]|[0, 1, 1, 0, 2, 1, 2, 2, 0, 0, 2, 0, 1, 0, 1, 1, 2, 1, 1, 0]|[3, 1, 1, 3, 0, 1, 0, 0, 0, 3, 0, 3, 1, 3, 1, 1, 0, 1, 1, 3]|[0, 1, 1, 2, 1, 1, 0, 1, 1, 0, 1, 2, 1, 2, 1, 1, 1, 1, 1, 0];[1, 19, 13, 14, 2, 4, 16, 5, 3, 10, 11, 6, 8, 12, 9, 7, 17, 15, 0, 18]|[0, 1, 1, 0, 2, 1, 2, 2, 1, 0, 0, 2, 0, 1, 0, 1, 1, 2, 1, 0]|[3, 1, 1, 3, 0, 1, 0, 0, 0, 2, 3, 0, 3, 1, 3, 1, 1, 0, 1, 3]|[0, 1, 1, 2, 1, 0, 0, 1, 1, 0, 0, 1, 2, 1, 1, 1, 1, 0, 1, 0];[1, 19, 13, 14, 2, 4, 16, 5, 3, 10, 11, 0, 17, 7, 18, 12, 8, 6, 15, 9]|[0, 1, 1, 0, 2, 1, 2, 2, 1, 0, 0, 2, 0, 1, 0, 1, 1, 2, 1, 0]|[3, 1, 0, 3, 0, 1, 0, 0, 0, 0, 3, 0, 3, 1, 3, 1, 1, 0, 1, 3]|[0, 1, 1, 2, 1, 0, 0, 1, 1, 1, 0, 1, 2, 1, 1, 1, 1, 0, 1, 0];[1, 4, 13, 14, 19, 2, 16, 5, 3, 10, 11, 0, 17, 8, 18, 12, 7, 6, 15, 9]|[0, 1, 1, 0, 2, 1, 2, 2, 1, 0, 0, 2, 0, 1, 0, 1, 1, 2, 1, 0]|[3, 1, 0, 3, 0, 1, 0, 0, 0, 2, 3, 0, 3, 1, 3, 1, 1, 0, 1, 3]|[0, 1, 1, 2, 1, 0, 0, 1, 1, 1, 0, 1, 2, 1, 1, 1, 1, 0, 1, 0];[1, 19, 13, 14, 2, 4, 16, 5, 3, 10, 11, 0, 17, 12, 7, 15, 8, 6, 18, 9]|[0, 1, 1, 0, 2, 1, 2, 2, 1, 0, 0, 2, 0, 1, 0, 1, 1, 2, 1, 0]|[3, 1, 0, 3, 0, 1, 0, 0, 0, 0, 3, 0, 3, 1, 3, 1, 1, 0, 1, 3]|[0, 1, 1, 2, 1, 0, 0, 1, 1, 0, 0, 1, 2, 1, 1, 1, 1, 1, 1, 0];[1, 19, 13, 14, 2, 4, 16, 5, 3, 10, 11, 0, 17, 7, 18, 12, 9, 15, 6, 8]|[0, 1, 1, 0, 2, 1, 2, 2, 1, 0, 0, 2, 0, 1, 0, 1, 1, 2, 1, 0]|[3, 1, 0, 3, 0, 1, 0, 0, 0, 0, 3, 0, 3, 1, 0, 1, 1, 0, 1, 3]|[0, 1, 1, 2, 1, 0, 0, 1, 1, 1, 0, 1, 2, 1, 1, 1, 1, 0, 1, 0];[1, 2, 13, 14, 5, 4, 16, 19, 3, 10, 11, 6, 8, 18, 7, 9, 12, 15, 17, 0]|[0, 1, 1, 0, 2, 1, 2, 2, 1, 0, 0, 2, 0, 1, 0, 1, 1, 2, 1, 0]|[3, 1, 1, 3, 0, 1, 0, 0, 0, 2, 3, 0, 3, 1, 3, 1, 1, 0, 1, 3]|[2, 1, 1, 2, 1, 0, 0, 1, 1, 0, 0, 1, 2, 1, 0, 1, 1, 0, 1, 0];[9, 19, 13, 10, 5, 6, 16, 4, 3, 14, 11, 17, 18, 0, 1, 12, 15, 2, 8, 7]|[0, 1, 1, 0, 2, 1, 2, 2, 1, 0, 0, 2, 0, 1, 0, 1, 1, 2, 1, 0]|[3, 1, 1, 3, 0, 1, 0, 0, 0, 0, 3, 0, 3, 1, 3, 1, 1, 0, 1, 3]|[2, 1, 1, 2, 1, 0, 0, 1, 1, 0, 0, 0, 2, 1, 0, 1, 1, 1, 1, 0];[1, 19, 13, 14, 2, 4, 16, 11, 15, 10, 5, 6, 8, 17, 7, 18, 12, 3, 0, 9]|[0, 1, 1, 0, 2, 1, 2, 2, 1, 0, 0, 2, 0, 1, 0, 1, 1, 2, 1, 0]|[3, 1, 0, 3, 0, 1, 0, 0, 0, 0, 3, 0, 3, 1, 3, 1, 1, 0, 1, 3]|[0, 1, 1, 2, 1, 0, 0, 1, 1, 0, 0, 1, 2, 1, 1, 1, 1, 1, 1, 0];[2, 19, 6, 15, 3, 4, 16, 5, 1, 11, 10, 0, 18, 12, 7, 13, 17, 8, 9, 14]|[0, 1, 1, 0, 2, 1, 2, 2, 1, 0, 0, 2, 0, 1, 0, 1, 1, 2, 1, 0]|[3, 1, 0, 3, 0, 1, 0, 0, 0, 0, 3, 0, 3, 1, 3, 1, 1, 0, 1, 3]|[0, 1, 1, 2, 1, 0, 0, 1, 1, 1, 0, 1, 2, 1, 1, 1, 1, 1, 1, 0];[1, 19, 14, 2, 4, 16, 11, 18, 6, 5, 17, 9, 10, 13, 15, 12, 7, 3, 8, 0]|[0, 2, 0, 2, 1, 2, 0, 0, 2, 2, 0, 2, 0, 1, 1, 1, 1, 1, 1, 0]|[0, 1, 3, 0, 1, 0, 3, 2, 0, 0, 3, 0, 3, 1, 1, 1, 1, 1, 1, 3]|[0, 0, 2, 1, 1, 1, 0, 1, 1, 1, 2, 1, 1, 1, 1, 1, 1, 1, 1, 0];[1, 19, 14, 2, 4, 16, 11, 18, 6, 5, 17, 9, 10, 13, 15, 12, 7, 3, 8, 0]|[0, 2, 0, 2, 1, 2, 0, 0, 2, 2, 0, 2, 0, 1, 1, 1, 1, 1, 1, 0]|[0, 1, 3, 0, 1, 0, 3, 2, 0, 0, 3, 0, 3, 1, 1, 1, 1, 1, 1, 3]|[0, 0, 2, 1, 1, 1, 0, 1, 1, 1, 2, 1, 1, 1, 1, 1, 1, 1, 1, 0];[1, 19, 5, 14, 15, 4, 16, 2, 3, 10, 11, 13, 12, 18, 7, 9, 0, 6, 17, 8]|[0, 1, 2, 0, 2, 1, 2, 2, 1, 0, 0, 2, 1, 1, 0, 1, 2, 1, 0, 0]|[3, 1, 0, 3, 0, 1, 0, 0, 0, 0, 3, 0, 1, 1, 3, 1, 0, 1, 3, 3]|[0, 1, 1, 2, 1, 0, 0, 1, 1, 1, 0, 1, 1, 1, 1, 1, 1, 1, 0, 2];[9, 19, 5, 16, 4, 2, 14, 13, 3, 10, 11, 6, 17, 7, 8, 12, 0, 15, 18, 1]|[0, 1, 2, 2, 1, 2, 0, 2, 1, 0, 0, 2, 0, 1, 1, 1, 2, 1, 0, 0]|[3, 1, 0, 0, 1, 1, 3, 0, 0, 2, 3, 0, 3, 1, 1, 0, 0, 1, 3, 3]|[2, 1, 1, 0, 0, 1, 2, 0, 1, 0, 0, 1, 2, 1, 1, 0, 1, 1, 0, 2];[1, 2, 13, 14, 19, 4, 6, 5, 18, 7, 0, 16, 8, 3, 12, 17, 15, 11, 9, 10]|[0, 1, 1, 0, 2, 1, 2, 2, 1, 1, 0, 2, 0, 0, 1, 1, 2, 1, 1, 0]|[0, 1, 0, 3, 0, 1, 0, 0, 0, 1, 3, 0, 3, 3, 1, 1, 0, 1, 1, 3]|[0, 1, 1, 2, 0, 0, 1, 1, 1, 1, 0, 0, 2, 0, 1, 1, 1, 1, 1, 0];[1, 19, 13, 10, 5, 6, 16, 2, 3, 17, 14, 4, 18, 15, 12, 9, 0, 11, 8, 7]|[0, 1, 0, 0, 2, 1, 2, 2, 1, 0, 0, 2, 0, 1, 0, 1, 1, 2, 1, 0]|[3, 1, 1, 3, 0, 1, 0, 0, 0, 0, 3, 0, 3, 1, 3, 1, 1, 0, 1, 3]|[2, 1, 1, 2, 1, 0, 0, 1, 1, 0, 0, 0, 2, 1, 0, 1, 1, 1, 1, 0];[9, 19, 5, 16, 4, 2, 14, 13, 3, 10, 11, 6, 17, 7, 8, 12, 0, 15, 18, 1]|[0, 1, 2, 2, 1, 2, 0, 2, 1, 0, 0, 2, 0, 1, 1, 1, 2, 1, 0, 0]|[3, 1, 0, 0, 1, 1, 3, 0, 0, 2, 3, 0, 3, 1, 1, 0, 0, 1, 3, 3]|[2, 1, 1, 0, 0, 1, 2, 0, 1, 0, 0, 1, 2, 1, 1, 0, 1, 1, 0, 2];[1, 2, 13, 14, 19, 4, 16, 5, 3, 10, 11, 6, 18, 17, 7, 12, 0, 15, 9, 8]|[0, 1, 1, 0, 2, 1, 2, 2, 1, 0, 0, 2, 0, 0, 0, 1, 1, 2, 1, 0]|[3, 1, 1, 3, 0, 1, 0, 0, 0, 0, 3, 0, 3, 1, 3, 1, 1, 0, 1, 3]|[0, 1, 1, 2, 1, 0, 0, 1, 1, 1, 0, 1, 2, 1, 1, 1, 1, 0, 1, 0];[17, 4, 12, 11, 9, 1, 0, 10, 3, 14, 19, 2, 16, 5, 13, 15, 7, 6, 8, 18]|[0, 1, 1, 0, 0, 0, 2, 0, 1, 0, 2, 1, 2, 2, 1, 1, 1, 2, 1, 0]|[3, 1, 1, 3, 3, 0, 0, 2, 0, 3, 1, 1, 0, 0, 0, 1, 1, 0, 1, 3]|[2, 1, 1, 0, 0, 0, 1, 1, 1, 2, 1, 0, 0, 1, 1, 1, 1, 0, 1, 1];[17, 4, 12, 11, 9, 1, 0, 10, 3, 14, 19, 2, 16, 5, 13, 15, 7, 6, 8, 18]|[0, 1, 1, 0, 0, 0, 2, 0, 1, 0, 2, 1, 2, 2, 1, 1, 1, 2, 1, 0]|[3, 1, 1, 3, 3, 0, 0, 2, 0, 3, 1, 1, 0, 0, 0, 1, 1, 0, 1, 3]|[2, 1, 1, 0, 0, 0, 1, 1, 1, 2, 1, 0, 0, 1, 1, 1, 1, 0, 1, 1];[19, 14, 2, 4, 16, 5, 12, 1, 18, 10, 6, 11, 7, 17, 15, 9, 3, 13, 0, 8]|[1, 0, 2, 2, 2, 2, 2, 0, 0, 0, 2, 0, 0, 1, 1, 1, 1, 1, 1, 0]|[1, 0, 0, 1, 0, 0, 0, 3, 3, 3, 0, 3, 3, 1, 1, 1, 1, 1, 1, 3]|[1, 1, 1, 1, 0, 1, 0, 0, 0, 2, 1, 0, 0, 1, 1, 1, 1, 1, 1, 2];[1, 4, 10, 5, 11, 16, 2, 14, 7, 19, 8, 12, 9, 15, 3, 17, 18, 13, 6, 0]|[0, 1, 0, 2, 2, 2, 2, 0, 0, 2, 0, 2, 0, 1, 1, 1, 1, 1, 1, 0]|[3, 1, 3, 0, 1, 0, 0, 0, 3, 0, 3, 0, 3, 1, 1, 1, 1, 1, 1, 3]|[2, 1, 2, 1, 1, 0, 1, 0, 0, 0, 2, 1, 2, 1, 1, 1, 1, 1, 1, 0];[1, 2, 14, 16, 5, 7, 11, 6, 8, 18, 4, 19, 15, 12, 9, 17, 0, 3, 13, 10]|[0, 2, 0, 2, 2, 0, 0, 2, 0, 0, 1, 1, 2, 1, 1, 1, 1, 1, 1, 0]|[0, 0, 3, 0, 0, 3, 3, 0, 3, 3, 1, 1, 0, 1, 1, 1, 1, 1, 1, 3]|[0, 1, 2, 0, 1, 0, 0, 1, 2, 0, 1, 1, 0, 1, 1, 1, 1, 1, 1, 0];[1, 2, 14, 16, 5, 7, 11, 6, 8, 18, 4, 19, 15, 12, 9, 17, 0, 3, 13, 10]|[0, 2, 0, 2, 2, 0, 0, 2, 0, 0, 1, 1, 2, 1, 1, 1, 1, 1, 1, 0]|[0, 0, 3, 0, 0, 3, 3, 0, 3, 3, 1, 1, 0, 1, 1, 1, 1, 1, 1, 3]|[0, 1, 2, 0, 1, 0, 0, 1, 2, 0, 1, 1, 0, 1, 1, 1, 1, 1, 1, 0];[17, 6, 15, 11, 10, 19, 5, 16, 13, 12, 2, 14, 3, 4, 9, 18, 1, 0, 7, 8]|[0, 1, 2, 0, 0, 1, 2, 2, 1, 1, 2, 0, 1, 1, 1, 0, 0, 2, 1, 0]|[3, 1, 0, 3, 0, 0, 0, 0, 1, 1, 0, 3, 1, 0, 1, 0, 3, 0, 1, 3]|[2, 1, 1, 0, 1, 1, 1, 0, 0, 1, 1, 2, 0, 1, 1, 1, 0, 1, 1, 0];[17, 6, 15, 11, 10, 19, 5, 16, 13, 12, 2, 14, 3, 4, 9, 18, 1, 0, 7, 8]|[0, 1, 2, 0, 0, 1, 2, 2, 1, 1, 2, 0, 1, 1, 1, 0, 0, 2, 1, 0]|[3, 1, 0, 3, 0, 0, 0, 0, 1, 1, 0, 3, 1, 0, 1, 0, 3, 0, 1, 3]|[2, 1, 1, 0, 1, 1, 1, 0, 0, 1, 1, 2, 0, 1, 1, 1, 0, 1, 1, 0];[5, 4, 11, 0, 1, 9, 17, 12, 15, 6, 7, 13, 3, 19, 16, 18, 2, 14, 10, 8]|[0, 1, 1, 2, 1, 0, 1, 0, 2, 0, 0, 1, 1, 2, 2, 1, 2, 0, 1, 0]|[3, 1, 1, 0, 1, 3, 1, 3, 0, 3, 3, 1, 1, 0, 0, 1, 0, 3, 1, 3]|[2, 1, 1, 0, 1, 0, 1, 2, 0, 0, 0, 1, 1, 1, 0, 1, 1, 2, 1, 0];[9, 19, 10, 5, 11, 6, 16, 4, 3, 14, 2, 0, 15, 7, 18, 1, 12, 13, 17, 8]|[0, 1, 0, 2, 1, 1, 2, 2, 1, 0, 0, 2, 0, 1, 0, 1, 2, 1, 1, 0]|[3, 1, 3, 0, 1, 1, 0, 0, 1, 3, 3, 0, 3, 1, 3, 1, 0, 1, 1, 3]|[0, 1, 2, 1, 1, 1, 0, 1, 1, 0, 0, 0, 2, 1, 0, 1, 1, 1, 1, 0];[2, 12, 15, 19, 10, 14, 9, 1, 16, 13, 3, 4, 7, 6, 11, 18, 0, 8, 17, 5]|[0, 0, 0, 0, 2, 2, 0, 0, 1, 0, 2, 1, 0, 1, 2, 0, 0, 0, 2, 1]|[0, 3, 3, 3, 1, 1, 3, 3, 1, 3, 1, 1, 3, 1, 1, 3, 2, 3, 1, 1]|[1, 0, 2, 0, 1, 0, 2, 1, 1, 2, 1, 0, 0, 1, 1, 1, 0, 2, 0, 1];[9, 19, 13, 10, 5, 3, 16, 4, 15, 14, 2, 11, 8, 18, 7, 1, 17, 12, 6, 0]|[0, 1, 1, 0, 2, 1, 2, 2, 1, 0, 0, 2, 0, 0, 1, 1, 2, 1, 1, 0]|[3, 1, 1, 3, 0, 1, 0, 0, 1, 3, 3, 0, 3, 3, 1, 1, 0, 1, 1, 3]|[0, 1, 1, 2, 1, 1, 0, 1, 1, 0, 0, 1, 2, 1, 1, 1, 0, 1, 1, 0];[9, 19, 2, 10, 5, 13, 16, 4, 12, 1, 11, 0, 8, 7, 17, 3, 14, 15, 6, 18]|[0, 1, 1, 0, 2, 1, 2, 2, 1, 0, 0, 2, 0, 1, 0, 1, 1, 2, 1, 0]|[3, 1, 1, 3, 0, 1, 0, 0, 1, 3, 3, 0, 3, 1, 3, 1, 1, 0, 1, 3]|[0, 1, 1, 2, 1, 1, 0, 1, 1, 0, 0, 0, 2, 1, 0, 1, 1, 1, 1, 0];[9, 19, 14, 10, 5, 6, 16, 4, 3, 0, 11, 2, 8, 7, 12, 15, 1, 13, 17, 18]|[0, 1, 1, 0, 2, 1, 2, 2, 1, 0, 0, 2, 0, 1, 0, 2, 1, 1, 1, 0]|[3, 1, 1, 3, 0, 1, 0, 0, 1, 3, 3, 0, 3, 1, 3, 0, 1, 1, 1, 3]|[0, 1, 1, 2, 1, 1, 0, 1, 1, 0, 0, 1, 2, 1, 1, 1, 1, 1, 1, 0];[19, 9, 12, 2, 10, 14, 15, 1, 16, 7, 3, 4, 18, 8, 0, 11, 17, 13, 5, 6]|[0, 0, 0, 0, 2, 2, 0, 0, 1, 0, 2, 1, 0, 0, 0, 2, 1, 0, 2, 1]|[3, 3, 3, 3, 0, 1, 3, 0, 1, 3, 1, 1, 3, 2, 3, 1, 1, 3, 1, 1]|[0, 2, 1, 0, 1, 0, 2, 1, 1, 0, 1, 0, 2, 0, 1, 1, 1, 2, 0, 1];[1, 2, 15, 11, 10, 14, 9, 12, 16, 13, 3, 4, 7, 6, 19, 18, 0, 8, 17, 5]|[0, 0, 0, 0, 2, 2, 0, 0, 1, 0, 2, 1, 0, 1, 2, 0, 0, 0, 2, 1]|[0, 3, 3, 3, 1, 1, 3, 3, 1, 3, 1, 1, 3, 1, 1, 3, 2, 3, 1, 1]|[1, 0, 2, 0, 1, 0, 2, 2, 1, 2, 1, 0, 0, 1, 1, 1, 0, 2, 0, 1];[2, 13, 11, 10, 14, 15, 16, 12, 18, 3, 4, 9, 19, 6, 7, 0, 8, 1, 17, 5]|[0, 0, 0, 0, 2, 0, 1, 2, 0, 2, 1, 0, 2, 1, 0, 0, 0, 0, 2, 1]|[3, 3, 3, 1, 1, 3, 1, 0, 3, 1, 1, 3, 1, 1, 3, 2, 3, 0, 1, 1]|[0, 2, 0, 1, 0, 2, 1, 0, 1, 1, 0, 2, 1, 1, 0, 0, 2, 1, 0, 1];[19, 2, 12, 13, 10, 14, 9, 18, 16, 15, 6, 4, 7, 3, 11, 1, 0, 8, 17, 5]|[0, 0, 0, 0, 2, 2, 0, 0, 1, 0, 2, 1, 0, 1, 2, 0, 0, 0, 2, 1]|[3, 0, 3, 3, 1, 1, 3, 3, 1, 3, 1, 1, 3, 1, 1, 3, 2, 3, 1, 1]|[0, 1, 2, 0, 1, 0, 2, 1, 1, 2, 1, 0, 0, 1, 1, 1, 0, 2, 0, 0];[19, 2, 12, 13, 10, 14, 9, 18, 16, 15, 6, 4, 7, 3, 11, 1, 0, 8, 17, 5]|[0, 0, 0, 0, 2, 2, 0, 0, 1, 0, 2, 1, 0, 1, 2, 0, 0, 0, 2, 1]|[3, 0, 3, 3, 1, 1, 3, 3, 1, 3, 1, 1, 3, 1, 1, 3, 2, 3, 1, 1]|[0, 1, 2, 0, 1, 0, 2, 1, 1, 2, 1, 0, 0, 1, 1, 1, 0, 2, 0, 0];[19, 2, 12, 13, 10, 14, 9, 18, 16, 15, 6, 4, 7, 3, 11, 1, 0, 8, 17, 5]|[0, 0, 0, 0, 2, 2, 0, 0, 1, 0, 2, 1, 0, 1, 2, 0, 0, 0, 2, 1]|[3, 0, 3, 3, 1, 1, 3, 3, 1, 3, 1, 1, 3, 1, 1, 3, 2, 3, 1, 1]|[0, 1, 2, 0, 1, 0, 2, 1, 1, 2, 1, 0, 0, 1, 1, 1, 0, 2, 0, 0];[19, 2, 12, 13, 10, 14, 9, 18, 16, 15, 6, 4, 7, 3, 11, 1, 0, 8, 17, 5]|[0, 0, 0, 0, 2, 2, 0, 0, 1, 0, 2, 1, 0, 1, 2, 0, 0, 0, 2, 1]|[3, 0, 3, 3, 1, 1, 3, 3, 1, 3, 1, 1, 3, 1, 1, 3, 2, 3, 1, 1]|[0, 1, 2, 0, 1, 0, 2, 1, 1, 2, 1, 0, 0, 1, 1, 1, 0, 2, 0, 0];[2, 19, 8, 12, 10, 14, 1, 16, 15, 3, 4, 7, 6, 11, 0, 13, 18, 9, 17, 5]|[0, 0, 0, 0, 2, 2, 0, 1, 0, 2, 1, 0, 1, 2, 0, 0, 0, 0, 2, 1]|[0, 3, 3, 3, 1, 1, 3, 1, 3, 1, 1, 3, 1, 1, 3, 2, 3, 3, 0, 1]|[1, 0, 2, 0, 1, 0, 1, 1, 2, 1, 0, 0, 1, 1, 1, 0, 2, 0, 0, 0];[2, 19, 8, 12, 10, 14, 1, 16, 15, 3, 4, 7, 6, 11, 0, 13, 18, 9, 17, 5]|[0, 0, 0, 0, 2, 2, 0, 1, 0, 2, 1, 0, 1, 2, 0, 0, 0, 0, 2, 1]|[0, 3, 3, 3, 1, 1, 3, 1, 3, 1, 1, 3, 1, 1, 3, 2, 3, 3, 0, 1]|[1, 0, 2, 0, 1, 0, 1, 1, 2, 1, 0, 0, 1, 1, 1, 0, 2, 0, 0, 0];[2, 19, 8, 12, 10, 14, 1, 16, 15, 3, 4, 7, 6, 11, 0, 13, 18, 9, 17, 5]|[0, 0, 0, 0, 2, 2, 0, 1, 0, 2, 1, 0, 1, 2, 0, 0, 0, 0, 2, 1]|[0, 3, 3, 3, 1, 1, 3, 1, 3, 1, 1, 3, 1, 1, 3, 2, 3, 3, 0, 1]|[1, 0, 2, 0, 1, 0, 1, 1, 2, 1, 0, 0, 1, 1, 1, 0, 2, 0, 0, 0];[2, 19, 8, 12, 10, 14, 1, 16, 15, 3, 4, 7, 6, 11, 0, 13, 18, 9, 17, 5]|[0, 0, 0, 0, 2, 2, 0, 1, 0, 2, 1, 0, 1, 2, 0, 0, 0, 0, 2, 1]|[0, 3, 3, 3, 1, 1, 3, 1, 3, 1, 1, 3, 1, 1, 3, 2, 3, 3, 0, 1]|[1, 0, 2, 0, 1, 0, 1, 1, 2, 1, 0, 0, 1, 1, 1, 0, 2, 0, 0, 0];[12, 10, 15, 19, 14, 7, 8, 5, 1, 4, 3, 2, 16, 13, 17, 9, 18, 0, 11, 6]|[0, 0, 0, 2, 2, 0, 1, 2, 0, 1, 2, 0, 1, 0, 0, 0, 0, 0, 2, 1]|[2, 3, 3, 0, 1, 3, 1, 1, 3, 1, 1, 3, 1, 3, 3, 3, 3, 3, 1, 1]|[1, 2, 0, 1, 0, 2, 1, 1, 1, 0, 1, 0, 1, 2, 1, 2, 0, 2, 0, 0];[2, 19, 13, 10, 5, 6, 16, 4, 3, 14, 15, 0, 8, 12, 17, 7, 1, 11, 18, 9]|[0, 1, 1, 0, 2, 1, 2, 2, 1, 0, 0, 2, 0, 1, 0, 1, 1, 2, 1, 0]|[3, 1, 1, 3, 0, 1, 0, 0, 1, 3, 3, 0, 3, 1, 3, 1, 1, 0, 1, 3]|[0, 1, 1, 2, 1, 1, 0, 1, 1, 0, 0, 1, 2, 1, 0, 1, 1, 1, 1, 0];[2, 12, 15, 9, 10, 14, 19, 0, 16, 13, 3, 4, 7, 6, 11, 1, 18, 8, 17, 5]|[0, 0, 0, 0, 2, 2, 0, 0, 1, 0, 2, 1, 0, 1, 2, 0, 0, 0, 2, 1]|[0, 1, 3, 3, 1, 1, 3, 3, 1, 3, 1, 1, 3, 1, 1, 3, 2, 3, 1, 1]|[1, 0, 2, 2, 1, 0, 0, 1, 1, 2, 1, 0, 0, 1, 1, 1, 0, 2, 0, 0];[2, 12, 15, 9, 10, 14, 19, 0, 16, 13, 3, 4, 7, 6, 11, 1, 18, 8, 17, 5]|[0, 0, 0, 0, 2, 2, 0, 0, 1, 0, 2, 1, 0, 1, 2, 0, 0, 0, 2, 1]|[0, 1, 3, 3, 1, 1, 3, 3, 1, 3, 1, 1, 3, 1, 1, 3, 2, 3, 1, 1]|[1, 0, 2, 2, 1, 0, 0, 1, 1, 2, 1, 0, 0, 1, 1, 1, 0, 2, 0, 0];[2, 12, 15, 9, 10, 14, 19, 0, 16, 13, 3, 4, 7, 6, 11, 1, 18, 8, 17, 5]|[0, 0, 0, 0, 2, 2, 0, 0, 1, 0, 2, 1, 0, 1, 2, 0, 0, 0, 2, 1]|[0, 1, 3, 3, 1, 1, 3, 3, 1, 3, 1, 1, 3, 1, 1, 3, 2, 3, 1, 1]|[1, 0, 2, 2, 1, 0, 0, 1, 1, 2, 1, 0, 0, 1, 1, 1, 0, 2, 0, 0];[2, 12, 15, 9, 10, 14, 19, 0, 16, 13, 3, 4, 7, 6, 11, 1, 18, 8, 17, 5]|[0, 0, 0, 0, 2, 2, 0, 0, 1, 0, 2, 1, 0, 1, 2, 0, 0, 0, 2, 1]|[0, 1, 3, 3, 1, 1, 3, 3, 1, 3, 1, 1, 3, 1, 1, 3, 2, 3, 1, 1]|[1, 0, 2, 2, 1, 0, 0, 1, 1, 2, 1, 0, 0, 1, 1, 1, 0, 2, 0, 0];[5, 4, 13, 14, 2, 15, 16, 19, 17, 0, 3, 11, 7, 6, 1, 9, 18, 12, 10, 8]|[0, 1, 1, 0, 2, 1, 2, 2, 1, 0, 2, 0, 0, 0, 1, 1, 1, 2, 1, 0]|[3, 1, 1, 3, 0, 1, 0, 0, 1, 3, 0, 3, 3, 3, 1, 1, 1, 0, 1, 3]|[2, 1, 1, 0, 1, 1, 0, 1, 1, 2, 1, 0, 0, 2, 1, 1, 1, 1, 1, 0];[19, 15, 11, 2, 10, 14, 9, 1, 16, 13, 18, 4, 7, 12, 6, 0, 17, 8, 5, 3]|[0, 0, 0, 0, 2, 2, 0, 0, 1, 0, 2, 1, 0, 1, 2, 0, 0, 0, 2, 1]|[3, 3, 3, 0, 1, 1, 3, 3, 1, 3, 1, 1, 3, 1, 1, 3, 2, 3, 1, 1]|[0, 2, 0, 1, 1, 0, 2, 1, 1, 2, 1, 0, 0, 1, 1, 1, 0, 2, 0, 1];[19, 15, 11, 2, 10, 14, 9, 1, 16, 13, 18, 4, 7, 12, 6, 0, 17, 8, 5, 3]|[0, 0, 0, 0, 2, 2, 0, 0, 1, 0, 2, 1, 0, 1, 2, 0, 0, 0, 2, 1]|[3, 3, 3, 0, 1, 1, 3, 3, 1, 3, 1, 1, 3, 1, 1, 3, 2, 3, 1, 1]|[0, 2, 0, 1, 1, 0, 2, 1, 1, 2, 1, 0, 0, 1, 1, 1, 0, 2, 0, 1];[2, 12, 10, 15, 19, 18, 9, 1, 16, 13, 3, 5, 11, 6, 0, 7, 17, 14, 4, 8]|[0, 0, 0, 0, 2, 2, 0, 0, 1, 0, 2, 1, 0, 1, 2, 0, 0, 0, 2, 1]|[3, 0, 3, 3, 1, 1, 3, 3, 1, 3, 1, 1, 3, 1, 1, 3, 3, 3, 1, 1]|[0, 1, 2, 0, 1, 0, 2, 1, 1, 2, 1, 0, 0, 1, 1, 1, 0, 2, 0, 0];[9, 19, 13, 10, 2, 16, 6, 5, 3, 14, 17, 4, 15, 12, 1, 0, 11, 8, 7, 18]|[0, 1, 0, 0, 2, 2, 1, 2, 1, 0, 0, 2, 1, 1, 1, 1, 2, 1, 0, 0]|[3, 0, 1, 3, 1, 0, 1, 0, 1, 0, 3, 0, 1, 0, 1, 1, 0, 1, 3, 3]|[2, 0, 1, 2, 1, 0, 1, 1, 1, 0, 0, 0, 1, 0, 1, 1, 1, 1, 0, 2];[1, 19, 13, 10, 5, 6, 16, 4, 3, 2, 11, 17, 0, 9, 14, 7, 18, 12, 15, 8]|[0, 1, 1, 0, 2, 1, 2, 2, 1, 0, 0, 2, 0, 1, 0, 1, 1, 2, 1, 0]|[3, 1, 1, 3, 0, 1, 0, 0, 0, 3, 3, 0, 3, 1, 3, 1, 1, 0, 1, 3]|[0, 1, 1, 2, 1, 0, 0, 1, 1, 0, 0, 0, 2, 1, 2, 1, 1, 1, 1, 0];[2, 12, 15, 19, 10, 14, 9, 1, 16, 13, 3, 4, 7, 6, 11, 0, 17, 8, 5, 18]|[0, 0, 0, 0, 2, 2, 0, 0, 1, 0, 2, 1, 0, 1, 2, 0, 0, 0, 2, 1]|[0, 3, 3, 3, 1, 1, 3, 3, 1, 3, 1, 1, 3, 1, 1, 3, 2, 3, 1, 1]|[1, 0, 2, 0, 1, 0, 2, 1, 1, 2, 1, 0, 0, 1, 1, 1, 0, 2, 0, 0];[2, 12, 15, 19, 10, 14, 9, 1, 16, 13, 3, 4, 7, 6, 11, 0, 17, 8, 5, 18]|[0, 0, 0, 0, 2, 2, 0, 0, 1, 0, 2, 1, 0, 1, 2, 0, 0, 0, 2, 1]|[0, 3, 3, 3, 1, 1, 3, 3, 1, 3, 1, 1, 3, 1, 1, 3, 2, 3, 1, 1]|[1, 0, 2, 0, 1, 0, 2, 1, 1, 2, 1, 0, 0, 1, 1, 1, 0, 2, 0, 0];[1, 2, 13, 17, 10, 14, 9, 12, 16, 15, 3, 4, 7, 6, 11, 18, 0, 8, 19, 5]|[0, 0, 0, 0, 2, 2, 0, 0, 1, 0, 2, 1, 0, 1, 2, 0, 0, 0, 2, 1]|[3, 3, 3, 3, 1, 1, 3, 3, 1, 3, 1, 1, 3, 1, 1, 3, 2, 3, 1, 1]|[1, 0, 2, 0, 1, 0, 2, 1, 1, 2, 1, 0, 0, 1, 1, 1, 0, 2, 0, 1];[5, 4, 13, 14, 2, 10, 16, 19, 17, 7, 11, 3, 0, 9, 6, 1, 18, 12, 15, 8]|[0, 1, 1, 0, 2, 1, 2, 2, 1, 0, 0, 2, 0, 1, 0, 1, 1, 2, 1, 0]|[3, 1, 1, 3, 0, 1, 0, 0, 0, 3, 3, 0, 3, 1, 3, 1, 1, 0, 1, 3]|[0, 1, 1, 2, 1, 0, 0, 1, 1, 0, 0, 1, 2, 1, 2, 1, 1, 1, 1, 0];[5, 4, 13, 14, 2, 16, 19, 17, 6, 0, 11, 12, 3, 1, 18, 15, 8, 10, 9, 7]|[0, 1, 1, 0, 2, 2, 2, 1, 0, 2, 0, 1, 2, 1, 1, 1, 0, 1, 0, 0]|[3, 1, 1, 3, 0, 0, 0, 1, 3, 0, 3, 1, 0, 1, 1, 1, 3, 1, 3, 3]|[0, 1, 1, 2, 1, 0, 1, 1, 0, 1, 2, 1, 0, 1, 1, 1, 1, 1, 0, 0];[12, 5, 4, 15, 11, 19, 1, 16, 3, 9, 0, 10, 2, 14, 6, 17, 13, 18, 7, 8]|[0, 2, 0, 2, 0, 1, 0, 2, 1, 2, 2, 1, 2, 0, 1, 1, 1, 2, 1, 0]|[3, 0, 3, 1, 0, 1, 2, 1, 1, 0, 0, 1, 1, 3, 0, 1, 1, 0, 1, 3]|[0, 0, 2, 1, 1, 1, 0, 0, 1, 1, 1, 1, 1, 2, 0, 1, 1, 0, 1, 0];[12, 5, 4, 15, 11, 19, 1, 16, 3, 9, 0, 10, 2, 14, 6, 17, 13, 18, 7, 8]|[0, 2, 0, 2, 0, 1, 0, 2, 1, 2, 2, 1, 2, 0, 1, 1, 1, 2, 1, 0]|[3, 0, 3, 1, 0, 1, 2, 1, 1, 0, 0, 1, 1, 3, 0, 1, 1, 0, 1, 3]|[0, 0, 2, 1, 1, 1, 0, 0, 1, 1, 1, 1, 1, 2, 0, 1, 1, 0, 1, 0];[12, 5, 4, 15, 11, 19, 1, 16, 3, 9, 0, 10, 2, 14, 6, 17, 13, 18, 7, 8]|[0, 2, 0, 2, 0, 1, 0, 2, 1, 2, 2, 1, 2, 0, 1, 1, 1, 2, 1, 0]|[3, 0, 3, 1, 0, 1, 2, 1, 1, 0, 0, 1, 1, 3, 0, 1, 1, 0, 1, 3]|[0, 0, 2, 1, 1, 1, 0, 0, 1, 1, 1, 1, 1, 2, 0, 1, 1, 0, 1, 0];[2, 19, 15, 12, 10, 14, 9, 18, 16, 13, 3, 4, 8, 6, 1, 11, 0, 7, 5, 17]|[0, 0, 0, 0, 2, 2, 2, 0, 1, 0, 2, 1, 0, 1, 0, 0, 0, 0, 2, 1]|[0, 3, 3, 3, 1, 1, 1, 3, 1, 3, 1, 1, 2, 1, 3, 3, 3, 3, 1, 1]|[1, 0, 2, 0, 1, 0, 0, 1, 1, 2, 1, 0, 0, 1, 1, 0, 2, 1, 0, 0];[2, 19, 15, 12, 10, 14, 9, 18, 16, 13, 3, 4, 8, 6, 1, 11, 0, 7, 5, 17]|[0, 0, 0, 0, 2, 2, 2, 0, 1, 0, 2, 1, 0, 1, 0, 0, 0, 0, 2, 1]|[0, 3, 3, 3, 1, 1, 1, 3, 1, 3, 1, 1, 2, 1, 3, 3, 3, 3, 1, 1]|[1, 0, 2, 0, 1, 0, 0, 1, 1, 2, 1, 0, 0, 1, 1, 0, 2, 1, 0, 0];[2, 19, 15, 12, 10, 14, 9, 18, 16, 13, 3, 4, 8, 6, 1, 11, 0, 7, 5, 17]|[0, 0, 0, 0, 2, 2, 2, 0, 1, 0, 2, 1, 0, 1, 0, 0, 0, 0, 2, 1]|[0, 3, 3, 3, 1, 1, 1, 3, 1, 3, 1, 1, 2, 1, 3, 3, 3, 3, 1, 1]|[1, 0, 2, 0, 1, 0, 0, 1, 1, 2, 1, 0, 0, 1, 1, 0, 2, 1, 0, 0];[19, 14, 5, 4, 16, 2, 3, 9, 17, 6, 15, 11, 7, 8, 12, 10, 13, 18, 0, 1]|[1, 0, 2, 1, 2, 2, 1, 0, 0, 1, 1, 0, 0, 1, 2, 2, 2, 1, 0, 0]|[0, 0, 1, 1, 0, 1, 0, 3, 3, 0, 1, 0, 3, 1, 0, 0, 0, 1, 3, 3]|[1, 2, 1, 0, 0, 1, 1, 0, 0, 0, 1, 1, 0, 1, 1, 1, 0, 1, 2, 0];[19, 14, 5, 4, 16, 2, 3, 9, 17, 6, 15, 11, 7, 8, 12, 10, 13, 18, 0, 1]|[1, 0, 2, 1, 2, 2, 1, 0, 0, 1, 1, 0, 0, 1, 2, 2, 2, 1, 0, 0]|[0, 0, 1, 1, 0, 1, 0, 3, 3, 0, 1, 0, 3, 1, 0, 0, 0, 1, 3, 3]|[1, 2, 1, 0, 0, 1, 1, 0, 0, 0, 1, 1, 0, 1, 1, 1, 0, 1, 2, 0];[19, 14, 5, 4, 16, 2, 3, 9, 17, 6, 15, 11, 7, 8, 12, 10, 13, 18, 0, 1]|[1, 0, 2, 1, 2, 2, 1, 0, 0, 1, 1, 0, 0, 1, 2, 2, 2, 1, 0, 0]|[0, 0, 1, 1, 0, 1, 0, 3, 3, 0, 1, 0, 3, 1, 0, 0, 0, 1, 3, 3]|[1, 2, 1, 0, 0, 1, 1, 0, 0, 0, 1, 1, 0, 1, 1, 1, 0, 1, 2, 0];[19, 14, 5, 4, 16, 2, 3, 9, 17, 6, 15, 11, 7, 8, 12, 10, 13, 18, 0, 1]|[1, 0, 2, 1, 2, 2, 1, 0, 0, 1, 1, 0, 0, 1, 2, 2, 2, 1, 0, 0]|[0, 0, 1, 1, 0, 1, 0, 3, 3, 0, 1, 0, 3, 1, 0, 0, 0, 1, 3, 3]|[1, 2, 1, 0, 0, 1, 1, 0, 0, 0, 1, 1, 0, 1, 1, 1, 0, 1, 2, 0];[9, 19, 13, 10, 5, 6, 16, 4, 11, 2, 8, 14, 3, 17, 15, 12, 7, 18, 0, 1]|[0, 1, 1, 0, 2, 1, 2, 2, 0, 2, 0, 0, 0, 1, 1, 1, 1, 2, 0, 0]|[3, 1, 1, 2, 1, 0, 0, 0, 3, 0, 3, 1, 0, 1, 1, 1, 1, 0, 2, 3]|[2, 1, 1, 0, 1, 0, 0, 1, 2, 1, 0, 1, 2, 1, 1, 1, 0, 0, 0, 0];[2, 12, 15, 19, 10, 14, 9, 1, 16, 3, 13, 4, 7, 6, 11, 0, 8, 18, 17, 5]|[0, 0, 0, 0, 2, 2, 0, 0, 1, 0, 2, 1, 0, 1, 2, 0, 0, 0, 2, 1]|[3, 3, 3, 3, 1, 1, 3, 3, 1, 3, 1, 1, 3, 1, 1, 3, 2, 3, 1, 1]|[1, 0, 2, 0, 1, 0, 2, 1, 1, 2, 1, 0, 0, 1, 1, 1, 0, 2, 0, 1];[1, 9, 4, 5, 14, 13, 2, 15, 17, 10, 8, 6, 16, 12, 19, 11, 0, 7, 3, 18]|[0, 1, 1, 2, 0, 1, 1, 0, 0, 1, 0, 2, 2, 2, 2, 1, 0, 2, 1, 0]|[1, 0, 1, 1, 2, 0, 1, 0, 3, 0, 3, 0, 0, 0, 0, 1, 3, 0, 0, 3]|[2, 1, 0, 0, 0, 1, 1, 0, 1, 1, 2, 1, 1, 0, 1, 0, 0, 1, 1, 0];[1, 9, 4, 5, 14, 13, 2, 15, 17, 10, 8, 6, 16, 12, 19, 11, 0, 7, 3, 18]|[0, 1, 1, 2, 0, 1, 1, 0, 0, 1, 0, 2, 2, 2, 2, 1, 0, 2, 1, 0]|[1, 0, 1, 1, 2, 0, 1, 0, 3, 0, 3, 0, 0, 0, 0, 1, 3, 0, 0, 3]|[2, 1, 0, 0, 0, 1, 1, 0, 1, 1, 2, 1, 1, 0, 1, 0, 0, 1, 1, 0];[2, 12, 15, 19, 10, 14, 9, 1, 16, 13, 6, 0, 7, 3, 11, 18, 17, 8, 4, 5]|[0, 0, 0, 0, 2, 2, 0, 0, 1, 0, 2, 1, 0, 1, 2, 0, 0, 0, 2, 1]|[3, 3, 3, 3, 1, 1, 3, 3, 1, 3, 1, 1, 3, 1, 1, 3, 2, 3, 1, 1]|[1, 0, 2, 0, 1, 0, 2, 1, 1, 2, 1, 0, 0, 1, 1, 1, 0, 2, 0, 1];[19, 4, 2, 13, 16, 5, 11, 18, 7, 17, 15, 12, 10, 1, 3, 8, 9, 6, 14, 0]|[1, 1, 2, 1, 2, 2, 0, 1, 2, 1, 1, 1, 0, 0, 0, 0, 0, 2, 0, 0]|[1, 1, 0, 1, 0, 0, 3, 1, 0, 1, 1, 1, 3, 3, 3, 3, 3, 0, 3, 3]|[1, 1, 1, 1, 0, 1, 0, 1, 0, 1, 1, 1, 0, 0, 0, 2, 0, 1, 0, 2];[19, 4, 2, 13, 16, 5, 11, 18, 7, 17, 15, 12, 10, 1, 3, 8, 9, 6, 14, 0]|[1, 1, 2, 1, 2, 2, 0, 1, 2, 1, 1, 1, 0, 0, 0, 0, 0, 2, 0, 0]|[1, 1, 0, 1, 0, 0, 3, 1, 0, 1, 1, 1, 3, 3, 3, 3, 3, 0, 3, 3]|[1, 1, 1, 1, 0, 1, 0, 1, 0, 1, 1, 1, 0, 0, 0, 2, 0, 1, 0, 2];[2, 12, 15, 19, 10, 14, 13, 16, 1, 7, 3, 0, 18, 11, 5, 4, 6, 9, 17, 8]|[0, 2, 0, 0, 2, 2, 0, 1, 0, 0, 2, 0, 0, 0, 1, 1, 1, 0, 2, 1]|[0, 0, 1, 3, 1, 1, 3, 1, 3, 3, 1, 3, 2, 3, 1, 1, 1, 3, 1, 1]|[2, 0, 1, 0, 1, 0, 2, 0, 1, 0, 1, 2, 0, 1, 1, 1, 1, 2, 0, 0];[5, 2, 14, 10, 4, 13, 16, 19, 17, 0, 11, 9, 12, 3, 18, 15, 6, 1, 7, 8]|[0, 1, 0, 2, 1, 1, 2, 2, 1, 0, 1, 2, 2, 0, 0, 2, 1, 2, 1, 0]|[0, 0, 3, 1, 1, 1, 0, 1, 0, 3, 0, 0, 1, 0, 3, 0, 1, 0, 1, 3]|[0, 0, 2, 1, 1, 1, 0, 1, 1, 2, 0, 0, 0, 1, 0, 1, 1, 1, 1, 0];[5, 6, 19, 10, 2, 14, 12, 7, 15, 3, 18, 11, 8, 16, 17, 13, 4, 9, 0, 1]|[2, 1, 2, 0, 1, 1, 1, 0, 1, 0, 0, 0, 2, 2, 2, 1, 2, 1, 0, 0]|[0, 1, 1, 2, 1, 0, 0, 3, 0, 0, 3, 0, 1, 0, 0, 1, 1, 1, 3, 3]|[0, 1, 1, 2, 1, 0, 1, 0, 1, 1, 1, 0, 1, 0, 0, 0, 1, 1, 0, 2];[5, 6, 19, 10, 2, 14, 12, 7, 15, 3, 18, 11, 8, 16, 17, 13, 4, 9, 0, 1]|[2, 1, 2, 0, 1, 1, 1, 0, 1, 0, 0, 0, 2, 2, 2, 1, 2, 1, 0, 0]|[0, 1, 1, 2, 1, 0, 0, 3, 0, 0, 3, 0, 1, 0, 0, 1, 1, 1, 3, 3]|[0, 1, 1, 2, 1, 0, 1, 0, 1, 1, 1, 0, 1, 0, 0, 0, 1, 1, 0, 2];[19, 4, 3, 8, 16, 12, 9, 15, 14, 7, 10, 2, 1, 11, 18, 17, 5, 13, 6, 0]|[0, 1, 2, 0, 1, 0, 0, 0, 0, 0, 2, 0, 0, 2, 2, 2, 1, 0, 2, 1]|[3, 1, 1, 3, 1, 3, 3, 3, 3, 3, 1, 3, 3, 1, 1, 1, 1, 3, 1, 1]|[0, 0, 1, 2, 1, 0, 0, 2, 0, 2, 1, 0, 2, 1, 1, 1, 1, 0, 0, 1];[19, 17, 11, 5, 9, 6, 4, 10, 14, 2, 16, 12, 15, 3, 0, 1, 13, 8, 18, 7]|[2, 1, 1, 2, 2, 1, 2, 0, 1, 1, 2, 2, 0, 0, 0, 2, 1, 0, 1, 0]|[1, 0, 1, 1, 0, 1, 1, 2, 1, 0, 0, 0, 3, 0, 0, 0, 1, 3, 1, 1]|[1, 0, 1, 1, 0, 1, 1, 1, 1, 0, 0, 0, 0, 0, 2, 1, 1, 0, 1, 1];[9, 19, 10, 5, 14, 16, 4, 8, 13, 12, 2, 11, 0, 1, 15, 7, 3, 17, 6, 18]|[0, 1, 0, 2, 1, 2, 2, 2, 1, 1, 0, 0, 2, 0, 0, 1, 1, 1, 1, 0]|[3, 1, 3, 0, 1, 0, 0, 0, 1, 1, 3, 3, 0, 3, 3, 1, 1, 1, 1, 3]|[0, 1, 2, 1, 1, 0, 1, 0, 1, 1, 1, 2, 1, 0, 1, 1, 1, 1, 1, 0];[5, 4, 10, 2, 14, 3, 16, 19, 12, 1, 17, 7, 8, 15, 11, 0, 18, 13, 6, 9]|[0, 1, 1, 2, 0, 1, 2, 2, 1, 2, 1, 0, 0, 2, 0, 1, 0, 1, 1, 0]|[3, 1, 1, 0, 3, 1, 0, 0, 1, 0, 1, 0, 3, 0, 3, 1, 3, 1, 1, 3]|[0, 1, 1, 1, 2, 1, 0, 1, 1, 0, 1, 0, 0, 1, 2, 1, 1, 1, 1, 0];[5, 4, 10, 2, 14, 3, 16, 19, 12, 1, 17, 7, 8, 15, 11, 0, 18, 13, 6, 9]|[0, 1, 1, 2, 0, 1, 2, 2, 1, 2, 1, 0, 0, 2, 0, 1, 0, 1, 1, 0]|[3, 1, 1, 0, 3, 1, 0, 0, 1, 0, 1, 0, 3, 0, 3, 1, 3, 1, 1, 3]|[0, 1, 1, 1, 2, 1, 0, 1, 1, 0, 1, 0, 0, 1, 2, 1, 1, 1, 1, 0];[2, 19, 8, 14, 9, 15, 16, 5, 1, 11, 0, 7, 10, 12, 18, 17, 3, 4, 6, 13]|[0, 1, 1, 0, 2, 1, 2, 2, 0, 0, 2, 0, 1, 1, 0, 1, 1, 2, 1, 0]|[3, 1, 1, 3, 0, 1, 0, 0, 0, 3, 0, 3, 1, 1, 3, 1, 1, 0, 1, 3]|[0, 1, 1, 2, 1, 1, 0, 1, 1, 0, 1, 2, 1, 1, 1, 1, 1, 0, 1, 0];[9, 19, 13, 10, 5, 16, 4, 15, 11, 8, 2, 18, 12, 7, 1, 17, 3, 0, 6, 14]|[0, 1, 1, 0, 2, 2, 2, 1, 0, 0, 2, 0, 1, 1, 1, 0, 1, 2, 1, 0]|[3, 1, 1, 3, 0, 0, 0, 1, 3, 3, 0, 3, 1, 1, 1, 3, 1, 0, 1, 3]|[0, 1, 1, 2, 1, 0, 1, 1, 0, 0, 1, 2, 1, 1, 1, 1, 1, 1, 1, 0];[1, 19, 13, 14, 2, 4, 16, 5, 3, 10, 11, 6, 18, 9, 12, 0, 7, 15, 17, 8]|[0, 1, 1, 0, 2, 1, 2, 2, 1, 0, 0, 2, 0, 1, 0, 1, 1, 2, 1, 0]|[3, 1, 1, 3, 0, 1, 0, 0, 1, 3, 3, 0, 3, 1, 3, 1, 1, 0, 1, 3]|[0, 1, 1, 2, 1, 1, 0, 1, 1, 1, 0, 1, 2, 1, 0, 1, 1, 0, 1, 0];[1, 19, 13, 14, 2, 4, 16, 5, 3, 10, 11, 6, 18, 9, 12, 0, 7, 15, 17, 8]|[0, 1, 1, 0, 2, 1, 2, 2, 1, 0, 0, 2, 0, 1, 0, 1, 1, 2, 1, 0]|[3, 1, 1, 3, 0, 1, 0, 0, 1, 3, 3, 0, 3, 1, 3, 1, 1, 0, 1, 3]|[0, 1, 1, 2, 1, 1, 0, 1, 1, 1, 0, 1, 2, 1, 0, 1, 1, 0, 1, 0]
fc6diagRoundEnd
fc6diagRescueBegin
fc6diagRescue 0	cycle=7	fe=196954	role=CMAX	fp=[19, 17, 11, 5, 9, 6, 4, 10, 14, 2, 16, 12, 15, 3, 0, 1, 13, 8, 18, 7]|[2, 1, 1, 2, 2, 1, 2, 0, 1, 1, 2, 2, 0, 0, 0, 2, 1, 0, 1, 0]|[1, 0, 1, 1, 0, 1, 1, 2, 1, 0, 0, 0, 3, 0, 0, 0, 1, 3, 1, 1]|[1, 0, 1, 1, 0, 1, 1, 1, 1, 0, 0, 0, 0, 0, 2, 1, 1, 0, 1, 1]	Cmax=190.63399486907636	TEC=11280.35828078801	TWC=18266.691839439503	q=0	p=16	score=0.058823529411764705	origRank=112	slot=0	lineage=-1	dFp=[4, 7, 5, 3, 10, 14, 16, 17, 0, 12, 2, 13, 15, 19, 1, 9, 8, 18, 11, 6]|[1, 2, 1, 2, 2, 2, 1, 0, 2, 0, 0, 0, 0, 0, 0, 0, 0, 0, 2, 1]|[1, 1, 1, 1, 0, 1, 1, 3, 1, 3, 3, 3, 3, 3, 3, 3, 3, 3, 1, 1]|[1, 1, 0, 1, 1, 0, 1, 0, 1, 0, 2, 0, 2, 0, 2, 0, 2, 0, 0, 0]	dCmax=387.0479311907439	dTEC=9470.056961444003	dTWC=14861.229281184047	dq=0	dp=25	dScore=0.038461538461538464	dOrigRank=99
fc6diagRescue 1	cycle=7	fe=196954	role=TEC	fp=[2, 19, 8, 14, 9, 6, 18, 12, 13, 1, 7, 0, 4, 10, 11, 16, 3, 15, 5, 17]|[0, 1, 1, 0, 2, 1, 0, 1, 2, 1, 0, 2, 0, 0, 2, 2, 1, 1, 1, 0]|[3, 1, 1, 3, 0, 1, 3, 1, 0, 1, 3, 0, 3, 3, 0, 0, 1, 1, 1, 3]|[0, 1, 1, 2, 1, 1, 0, 1, 0, 1, 2, 1, 0, 2, 0, 1, 1, 1, 1, 0]	Cmax=339.53325050700585	TEC=8682.475550248364	TWC=18150.247473082993	q=0	p=15	score=0.0625	origRank=114	slot=1	lineage=-1	dFp=	dCmax=NaN	dTEC=NaN	dTWC=NaN	dq=0	dp=0	dScore=NaN	dOrigRank=-1
fc6diagRescue 2	cycle=8	fe=225415	role=CMAX	fp=[19, 17, 11, 5, 9, 6, 4, 10, 14, 2, 16, 12, 15, 3, 0, 1, 13, 8, 18, 7]|[2, 1, 1, 2, 2, 1, 2, 0, 1, 1, 2, 2, 0, 0, 0, 2, 1, 0, 1, 0]|[1, 0, 1, 1, 0, 1, 1, 2, 1, 0, 0, 0, 3, 0, 0, 0, 1, 3, 1, 1]|[1, 0, 1, 1, 0, 1, 1, 1, 1, 0, 0, 0, 0, 0, 2, 1, 1, 0, 1, 1]	Cmax=190.63399486907636	TEC=11280.35828078801	TWC=18266.691839439503	q=0	p=7	score=0.125	origRank=103	slot=0	lineage=-1	dFp=[2, 4, 15, 19, 10, 14, 3, 1, 16, 9, 7, 13, 12, 18, 0, 6, 11, 8, 5, 17]|[0, 0, 0, 0, 2, 2, 0, 0, 1, 0, 2, 1, 0, 1, 2, 0, 0, 0, 2, 1]|[3, 0, 3, 3, 1, 1, 3, 3, 1, 3, 1, 1, 3, 1, 1, 3, 3, 3, 1, 1]|[1, 0, 2, 0, 1, 0, 2, 0, 1, 2, 1, 0, 0, 1, 0, 1, 0, 2, 1, 1]	dCmax=436.79943730263955	dTEC=9523.694231196212	dTWC=12761.65037349302	dq=0	dp=20	dScore=0.047619047619047616	dOrigRank=98
fc6diagRescue 3	cycle=9	fe=254043	role=CMAX	fp=[19, 17, 11, 5, 9, 6, 4, 10, 14, 2, 16, 12, 15, 3, 0, 1, 13, 8, 18, 7]|[2, 1, 1, 2, 2, 1, 2, 0, 1, 1, 2, 2, 0, 0, 0, 2, 1, 0, 1, 0]|[1, 0, 1, 1, 0, 1, 1, 2, 1, 0, 0, 0, 3, 0, 0, 0, 1, 3, 1, 1]|[1, 0, 1, 1, 0, 1, 1, 1, 1, 0, 0, 0, 0, 0, 2, 1, 1, 0, 1, 1]	Cmax=190.63399486907636	TEC=11280.35828078801	TWC=18266.691839439503	q=0	p=8	score=0.1111111111111111	origRank=105	slot=0	lineage=-1	dFp=	dCmax=NaN	dTEC=NaN	dTWC=NaN	dq=0	dp=0	dScore=NaN	dOrigRank=-1
fc6diagRescue 4	cycle=10	fe=282780	role=CMAX	fp=[19, 17, 11, 5, 9, 6, 4, 10, 14, 2, 16, 12, 15, 3, 0, 1, 13, 8, 18, 7]|[2, 1, 1, 2, 2, 1, 2, 0, 1, 1, 2, 2, 0, 0, 0, 2, 1, 0, 1, 0]|[1, 0, 1, 1, 0, 1, 1, 2, 1, 0, 0, 0, 3, 0, 0, 0, 1, 3, 1, 1]|[1, 0, 1, 1, 0, 1, 1, 1, 1, 0, 0, 0, 0, 0, 2, 1, 1, 0, 1, 1]	Cmax=190.63399486907636	TEC=11280.35828078801	TWC=18266.691839439503	q=0	p=18	score=0.05263157894736842	origRank=103	slot=0	lineage=-1	dFp=[19, 16, 12, 3, 0, 2, 4, 13, 14, 8, 9, 1, 15, 10, 18, 11, 6, 7, 17, 5]|[1, 0, 1, 2, 0, 2, 2, 0, 0, 0, 0, 0, 0, 1, 0, 2, 1, 0, 2, 1]|[1, 3, 1, 1, 3, 1, 1, 3, 3, 3, 3, 3, 3, 1, 3, 1, 1, 3, 1, 1]|[0, 2, 1, 0, 0, 1, 0, 2, 0, 2, 0, 0, 2, 1, 0, 1, 1, 2, 0, 0]	dCmax=392.3242568938794	dTEC=9289.193124828467	dTWC=15067.212101404373	dq=0	dp=19	dScore=0.05	dOrigRank=98
fc6diagRescue 5	cycle=10	fe=282780	role=TEC	fp=[2, 19, 8, 14, 9, 6, 18, 12, 13, 1, 7, 0, 4, 10, 11, 16, 3, 15, 5, 17]|[0, 1, 1, 0, 2, 1, 0, 1, 2, 1, 0, 2, 0, 0, 2, 2, 1, 1, 1, 0]|[3, 1, 1, 3, 0, 1, 3, 1, 0, 1, 3, 0, 3, 3, 0, 0, 1, 1, 1, 3]|[0, 1, 1, 2, 1, 1, 0, 1, 0, 1, 2, 1, 0, 2, 0, 1, 1, 1, 1, 0]	Cmax=339.53325050700585	TEC=8682.475550248364	TWC=18150.247473082993	q=0	p=17	score=0.05555555555555555	origRank=105	slot=1	lineage=-1	dFp=[5, 4, 14, 10, 2, 6, 3, 0, 17, 12, 11, 1, 16, 18, 7, 15, 9, 13, 19, 8]|[0, 1, 0, 2, 1, 2, 2, 1, 1, 0, 0, 1, 0, 2, 0, 1, 2, 1, 1, 0]|[3, 1, 3, 0, 1, 0, 0, 1, 1, 3, 3, 1, 3, 0, 3, 1, 0, 1, 1, 3]|[0, 1, 2, 1, 1, 0, 1, 1, 1, 0, 0, 1, 2, 1, 0, 1, 1, 1, 1, 0]	dCmax=322.3880943606932	dTEC=8725.574299637628	dTWC=18239.45520428283	dq=0	dp=19	dScore=0.05	dOrigRank=99
fc6diagRescue 6	cycle=11	fe=310789	role=CMAX	fp=[19, 17, 11, 5, 9, 6, 4, 10, 14, 2, 16, 12, 15, 3, 0, 1, 13, 8, 18, 7]|[2, 1, 1, 2, 2, 1, 2, 0, 1, 1, 2, 2, 0, 0, 0, 2, 1, 0, 1, 0]|[1, 0, 1, 1, 0, 1, 1, 2, 1, 0, 0, 0, 3, 0, 0, 0, 1, 3, 1, 1]|[1, 0, 1, 1, 0, 1, 1, 1, 1, 0, 0, 0, 0, 0, 2, 1, 1, 0, 1, 1]	Cmax=190.63399486907636	TEC=11280.35828078801	TWC=18266.691839439503	q=0	p=10	score=0.09090909090909091	origRank=108	slot=0	lineage=-1	dFp=	dCmax=NaN	dTEC=NaN	dTWC=NaN	dq=0	dp=0	dScore=NaN	dOrigRank=-1
fc6diagRescue 7	cycle=12	fe=338647	role=CMAX	fp=[19, 17, 11, 5, 9, 6, 4, 10, 14, 2, 16, 12, 15, 3, 0, 1, 13, 8, 18, 7]|[2, 1, 1, 2, 2, 1, 2, 0, 1, 1, 2, 2, 0, 0, 0, 2, 1, 0, 1, 0]|[1, 0, 1, 1, 0, 1, 1, 2, 1, 0, 0, 0, 3, 0, 0, 0, 1, 3, 1, 1]|[1, 0, 1, 1, 0, 1, 1, 1, 1, 0, 0, 0, 0, 0, 2, 1, 1, 0, 1, 1]	Cmax=190.63399486907636	TEC=11280.35828078801	TWC=18266.691839439503	q=0	p=2	score=0.3333333333333333	origRank=101	slot=0	lineage=-1	dFp=[5, 14, 4, 13, 16, 19, 3, 2, 1, 17, 10, 6, 11, 18, 7, 15, 12, 9, 0, 8]|[0, 0, 1, 1, 2, 2, 1, 1, 0, 1, 2, 2, 0, 0, 2, 2, 1, 2, 1, 2]|[0, 3, 0, 1, 0, 1, 0, 1, 3, 0, 1, 0, 0, 3, 0, 0, 1, 0, 1, 1]|[0, 2, 1, 0, 1, 0, 1, 1, 0, 0, 0, 1, 0, 1, 1, 1, 1, 0, 1, 1]	dCmax=193.44689303832914	dTEC=10827.556216441575	dTWC=17969.49679284061	dq=0	dp=5	dScore=0.16666666666666666	dOrigRank=99
fc6diagRescue 8	cycle=13	fe=366090	role=CMAX	fp=[19, 17, 11, 5, 9, 6, 4, 10, 14, 2, 16, 12, 15, 3, 0, 1, 13, 8, 18, 7]|[2, 1, 1, 2, 2, 1, 2, 0, 1, 1, 2, 2, 0, 0, 0, 2, 1, 0, 1, 0]|[1, 0, 1, 1, 0, 1, 1, 2, 1, 0, 0, 0, 3, 0, 0, 0, 1, 3, 1, 1]|[1, 0, 1, 1, 0, 1, 1, 1, 1, 0, 0, 0, 0, 0, 2, 1, 1, 0, 1, 1]	Cmax=190.63399486907636	TEC=11280.35828078801	TWC=18266.691839439503	q=0	p=3	score=0.25	origRank=101	slot=0	lineage=-1	dFp=[2, 13, 0, 15, 1, 4, 16, 19, 3, 7, 11, 5, 9, 12, 6, 10, 17, 14, 8, 18]|[0, 1, 1, 0, 2, 1, 2, 2, 1, 2, 0, 2, 0, 1, 0, 1, 1, 2, 1, 0]|[0, 0, 0, 3, 0, 1, 1, 0, 0, 1, 3, 0, 3, 1, 3, 1, 1, 0, 1, 3]|[0, 1, 1, 2, 0, 0, 1, 1, 1, 0, 0, 1, 2, 1, 0, 1, 1, 0, 1, 0]	dCmax=229.2380599972113	dTEC=10185.283501926082	dTWC=19371.57581700715	dq=0	dp=11	dScore=0.08333333333333333	dOrigRank=98
fc6diagRescue 9	cycle=14	fe=394261	role=CMAX	fp=[19, 17, 11, 5, 9, 6, 4, 10, 14, 2, 16, 12, 15, 3, 0, 1, 13, 8, 18, 7]|[2, 1, 1, 2, 2, 1, 2, 0, 1, 1, 2, 2, 0, 0, 0, 2, 1, 0, 1, 0]|[1, 0, 1, 1, 0, 1, 1, 2, 1, 0, 0, 0, 3, 0, 0, 0, 1, 3, 1, 1]|[1, 0, 1, 1, 0, 1, 1, 1, 1, 0, 0, 0, 0, 0, 2, 1, 1, 0, 1, 1]	Cmax=190.63399486907636	TEC=11280.35828078801	TWC=18266.691839439503	q=0	p=2	score=0.3333333333333333	origRank=106	slot=0	lineage=-1	dFp=	dCmax=NaN	dTEC=NaN	dTWC=NaN	dq=0	dp=0	dScore=NaN	dOrigRank=-1
fc6diagRescue 10	cycle=15	fe=422008	role=CMAX	fp=[19, 17, 11, 5, 9, 6, 4, 10, 14, 2, 16, 12, 15, 3, 0, 1, 13, 8, 18, 7]|[2, 1, 1, 2, 2, 1, 2, 0, 1, 1, 2, 2, 0, 0, 0, 2, 1, 0, 1, 0]|[1, 0, 1, 1, 0, 1, 1, 2, 1, 0, 0, 0, 3, 0, 0, 0, 1, 3, 1, 1]|[1, 0, 1, 1, 0, 1, 1, 1, 1, 0, 0, 0, 0, 0, 2, 1, 1, 0, 1, 1]	Cmax=190.63399486907636	TEC=11280.35828078801	TWC=18266.691839439503	q=0	p=6	score=0.14285714285714285	origRank=105	slot=0	lineage=-1	dFp=	dCmax=NaN	dTEC=NaN	dTWC=NaN	dq=0	dp=0	dScore=NaN	dOrigRank=-1
fc6diagRescue 11	cycle=17	fe=476781	role=CMAX	fp=[19, 17, 11, 5, 9, 6, 4, 10, 14, 2, 16, 12, 15, 3, 0, 1, 13, 8, 18, 7]|[2, 1, 1, 2, 2, 1, 2, 0, 1, 1, 2, 2, 0, 0, 0, 2, 1, 0, 1, 0]|[1, 0, 1, 1, 0, 1, 1, 2, 1, 0, 0, 0, 3, 0, 0, 0, 1, 3, 1, 1]|[1, 0, 1, 1, 0, 1, 1, 1, 1, 0, 0, 0, 0, 0, 2, 1, 1, 0, 1, 1]	Cmax=190.63399486907636	TEC=11280.35828078801	TWC=18266.691839439503	q=0	p=4	score=0.2	origRank=106	slot=0	lineage=-1	dFp=	dCmax=NaN	dTEC=NaN	dTWC=NaN	dq=0	dp=0	dScore=NaN	dOrigRank=-1
fc6diagRescueEnd
fc6diagExposureBegin
fc6diagExposure [19, 17, 11, 5, 9, 6, 4, 10, 14, 2, 16, 12, 15, 3, 0, 1, 13, 8, 18, 7]|[2, 1, 1, 2, 2, 1, 2, 0, 1, 1, 2, 2, 0, 0, 0, 2, 1, 0, 1, 0]|[1, 0, 1, 1, 0, 1, 1, 2, 1, 0, 0, 0, 3, 0, 0, 0, 1, 3, 1, 1]|[1, 0, 1, 1, 0, 1, 1, 1, 1, 0, 0, 0, 0, 0, 2, 1, 1, 0, 1, 1]	qg=97(G1=97,G2=0,G3=0,G4=0)	cfvfGbest=0(G1=0,G2=0,G3=0,G4=0)	cfvfPbest=0	descPresence=0	directPresence=0	uniqueDescLineages=0	directLineages=0	successPresence=0	nondomFinal=0
fc6diagExposure [2, 19, 8, 14, 9, 6, 18, 12, 13, 1, 7, 0, 4, 10, 11, 16, 3, 15, 5, 17]|[0, 1, 1, 0, 2, 1, 0, 1, 2, 1, 0, 2, 0, 0, 2, 2, 1, 1, 1, 0]|[3, 1, 1, 3, 0, 1, 3, 1, 0, 1, 3, 0, 3, 3, 0, 0, 1, 1, 1, 3]|[0, 1, 1, 2, 1, 1, 0, 1, 0, 1, 2, 1, 0, 2, 0, 1, 1, 1, 1, 0]	qg=72(G1=0,G2=72,G3=0,G4=0)	cfvfGbest=0(G1=0,G2=0,G3=0,G4=0)	cfvfPbest=0	descPresence=0	directPresence=0	uniqueDescLineages=0	directLineages=0	successPresence=0	nondomFinal=0
fc6diagExposureEnd
fc6diagCompBegin
fc6diagComp 1	fe=28391	pool=300	target=100	nLT1=37	nEq1=0	nGt1=263	nND=37	selLT1=37	selEq1=0	selGt1=63	rejLT1=0	rejEq1=0	rejGt1=200	bpLT1=37	bpEq1=0	bpGt1=63
fc6diagComp 2	fe=56763	pool=300	target=100	nLT1=52	nEq1=0	nGt1=248	nND=52	selLT1=52	selEq1=0	selGt1=48	rejLT1=0	rejEq1=0	rejGt1=200	bpLT1=52	bpEq1=0	bpGt1=48
fc6diagComp 3	fe=84206	pool=300	target=100	nLT1=61	nEq1=0	nGt1=239	nND=61	selLT1=61	selEq1=0	selGt1=39	rejLT1=0	rejEq1=0	rejGt1=200	bpLT1=61	bpEq1=0	bpGt1=39
fc6diagComp 4	fe=112303	pool=300	target=100	nLT1=87	nEq1=0	nGt1=213	nND=87	selLT1=87	selEq1=0	selGt1=13	rejLT1=0	rejEq1=0	rejGt1=200	bpLT1=87	bpEq1=0	bpGt1=13
fc6diagComp 5	fe=140119	pool=300	target=100	nLT1=98	nEq1=0	nGt1=202	nND=98	selLT1=98	selEq1=0	selGt1=2	rejLT1=0	rejEq1=0	rejGt1=200	bpLT1=98	bpEq1=0	bpGt1=2
fc6diagComp 6	fe=168519	pool=300	target=100	nLT1=109	nEq1=0	nGt1=191	nND=109	selLT1=100	selEq1=0	selGt1=0	rejLT1=9	rejEq1=0	rejGt1=191	bpLT1=100	bpEq1=0	bpGt1=0
fc6diagComp 7	fe=196954	pool=300	target=100	nLT1=122	nEq1=0	nGt1=178	nND=122	selLT1=100	selEq1=0	selGt1=0	rejLT1=22	rejEq1=0	rejGt1=178	bpLT1=100	bpEq1=0	bpGt1=0
fc6diagComp 8	fe=225415	pool=300	target=100	nLT1=105	nEq1=0	nGt1=195	nND=105	selLT1=100	selEq1=0	selGt1=0	rejLT1=5	rejEq1=0	rejGt1=195	bpLT1=100	bpEq1=0	bpGt1=0
fc6diagComp 9	fe=254043	pool=299	target=100	nLT1=108	nEq1=0	nGt1=191	nND=108	selLT1=100	selEq1=0	selGt1=0	rejLT1=8	rejEq1=0	rejGt1=191	bpLT1=100	bpEq1=0	bpGt1=0
fc6diagComp 10	fe=282780	pool=300	target=100	nLT1=110	nEq1=0	nGt1=190	nND=110	selLT1=100	selEq1=0	selGt1=0	rejLT1=10	rejEq1=0	rejGt1=190	bpLT1=100	bpEq1=0	bpGt1=0
fc6diagComp 11	fe=310789	pool=300	target=100	nLT1=111	nEq1=0	nGt1=189	nND=111	selLT1=100	selEq1=0	selGt1=0	rejLT1=11	rejEq1=0	rejGt1=189	bpLT1=100	bpEq1=0	bpGt1=0
fc6diagComp 12	fe=338647	pool=300	target=100	nLT1=103	nEq1=0	nGt1=197	nND=103	selLT1=100	selEq1=0	selGt1=0	rejLT1=3	rejEq1=0	rejGt1=197	bpLT1=100	bpEq1=0	bpGt1=0
fc6diagComp 13	fe=366090	pool=300	target=100	nLT1=103	nEq1=0	nGt1=197	nND=103	selLT1=100	selEq1=0	selGt1=0	rejLT1=3	rejEq1=0	rejGt1=197	bpLT1=100	bpEq1=0	bpGt1=0
fc6diagComp 14	fe=394261	pool=300	target=100	nLT1=108	nEq1=0	nGt1=192	nND=108	selLT1=100	selEq1=0	selGt1=0	rejLT1=8	rejEq1=0	rejGt1=192	bpLT1=100	bpEq1=0	bpGt1=0
fc6diagComp 15	fe=422008	pool=300	target=100	nLT1=107	nEq1=0	nGt1=193	nND=107	selLT1=100	selEq1=0	selGt1=0	rejLT1=7	rejEq1=0	rejGt1=193	bpLT1=100	bpEq1=0	bpGt1=0
fc6diagComp 16	fe=449816	pool=299	target=100	nLT1=99	nEq1=0	nGt1=200	nND=99	selLT1=99	selEq1=0	selGt1=1	rejLT1=0	rejEq1=0	rejGt1=199	bpLT1=99	bpEq1=0	bpGt1=1
fc6diagComp 17	fe=476781	pool=300	target=100	nLT1=109	nEq1=0	nGt1=191	nND=109	selLT1=100	selEq1=0	selGt1=0	rejLT1=9	rejEq1=0	rejGt1=191	bpLT1=100	bpEq1=0	bpGt1=0
fc6diagComp 18	fe=500000	pool=283	target=100	nLT1=93	nEq1=0	nGt1=190	nND=93	selLT1=93	selEq1=0	selGt1=7	rejLT1=0	rejEq1=0	rejGt1=183	bpLT1=93	bpEq1=0	bpGt1=7
fc6diagCompEnd
fc6diagCompSummary rounds=18 targetLt1OnlyRounds=11 targetNdGtRounds=11
fc6DiagEnd

