formalLocal:outer=60,slot=29,pass=9,op=O7_MA_LOAD_TRANSFER,accepted=false,recoveryGain=true,qGain=-0.00834543702028323,fe=491005
formalLocal:outer=60,slot=29,pass=9,op=O8_MA_WEAK_TO_STRONG,accepted=true,recoveryGain=true,qGain=-0.11411028171591582,fe=491006
formalLocal:outer=60,slot=29,pass=9,op=O9_MA_SWAP,accepted=true,recoveryGain=true,qGain=0.03074161273642258,fe=491007
formalLocal:outer=60,slot=29,pass=10,op=O1_JS_INSERT,accepted=true,recoveryGain=true,qGain=0.07160664062504622,fe=491008
formalLocal:outer=60,slot=29,pass=10,op=O2_JS_REVERSE,accepted=false,recoveryGain=true,qGain=0.0,fe=491009
formalLocal:outer=60,slot=29,pass=10,op=O3_JS_SWAP,accepted=false,recoveryGain=true,qGain=-0.07377139092358148,fe=491010
formalLocal:outer=60,slot=29,pass=10,op=O4_WA_LOAD_TRANSFER,accepted=true,recoveryGain=true,qGain=0.011446159442875383,fe=491011
formalLocal:outer=60,slot=29,pass=10,op=O5_WA_WEAK_TO_STRONG,accepted=true,recoveryGain=true,qGain=-0.011578690986041397,fe=491012
formalLocal:outer=60,slot=29,pass=10,op=O6_WA_SWAP,accepted=false,recoveryGain=true,qGain=-0.08967041031184139,fe=491013
formalLocal:outer=60,slot=29,pass=10,op=O7_MA_LOAD_TRANSFER,accepted=false,recoveryGain=true,qGain=-0.008324330404349241,fe=491014
formalLocal:outer=60,slot=29,pass=10,op=O8_MA_WEAK_TO_STRONG,accepted=true,recoveryGain=true,qGain=-0.11382168296493629,fe=491015
formalLocal:outer=60,slot=29,pass=10,op=O9_MA_SWAP,accepted=true,recoveryGain=true,qGain=0.056380033966430355,fe=491016
formalLocal:outer=60,slot=29,pass=11,op=O1_JS_INSERT,accepted=false,recoveryGain=true,qGain=-0.07984116121894956,fe=491017
formalLocal:outer=60,slot=29,pass=11,op=O2_JS_REVERSE,accepted=false,recoveryGain=true,qGain=-0.13020935768540554,fe=491018
formalLocal:outer=60,slot=29,pass=11,op=O3_JS_SWAP,accepted=false,recoveryGain=true,qGain=-0.10531466499163633,fe=491019
formalLocal:outer=60,slot=29,pass=11,op=O4_WA_LOAD_TRANSFER,accepted=true,recoveryGain=true,qGain=0.010890481824531825,fe=491020
formalLocal:outer=60,slot=29,pass=11,op=O5_WA_WEAK_TO_STRONG,accepted=true,recoveryGain=true,qGain=-0.011010390279754492,fe=491021
formalLocal:outer=60,slot=29,pass=11,op=O6_WA_SWAP,accepted=false,recoveryGain=true,qGain=-0.08531715329740934,fe=491022
formalLocal:outer=60,slot=29,pass=11,op=O7_MA_LOAD_TRANSFER,accepted=false,recoveryGain=true,qGain=-0.007920206541262242,fe=491023
formalLocal:outer=60,slot=29,pass=11,op=O8_MA_WEAK_TO_STRONG,accepted=true,recoveryGain=true,qGain=-0.1082959475116111,fe=491024
formalLocal:outer=60,slot=29,pass=11,op=O9_MA_SWAP,accepted=true,recoveryGain=true,qGain=0.03932629736166843,fe=491025
formalLocal:outer=60,slot=29,pass=12,op=O1_JS_INSERT,accepted=false,recoveryGain=true,qGain=-0.026394622735758943,fe=491026
formalLocal:outer=60,slot=29,pass=12,op=O2_JS_REVERSE,accepted=true,recoveryGain=true,qGain=0.0,fe=491027
formalLocal:outer=60,slot=29,pass=12,op=O3_JS_SWAP,accepted=true,recoveryGain=true,qGain=0.0611971574435846,fe=491028
formalLocal:outer=60,slot=29,pass=12,op=O4_WA_LOAD_TRANSFER,accepted=true,recoveryGain=true,qGain=0.010898638958592144,fe=491029
formalLocal:outer=60,slot=29,pass=12,op=O5_WA_WEAK_TO_STRONG,accepted=true,recoveryGain=true,qGain=-0.011018728097914206,fe=491030
formalLocal:outer=60,slot=29,pass=12,op=O6_WA_SWAP,accepted=false,recoveryGain=true,qGain=-0.08535221820433693,fe=491031
formalLocal:outer=60,slot=29,pass=12,op=O7_MA_LOAD_TRANSFER,accepted=false,recoveryGain=true,qGain=-0.007923415909173285,fe=491032
formalLocal:outer=60,slot=29,pass=12,op=O8_MA_WEAK_TO_STRONG,accepted=true,recoveryGain=true,qGain=-0.10834161935386613,fe=491033
formalLocal:outer=60,slot=29,pass=12,op=O9_MA_SWAP,accepted=false,recoveryGain=true,qGain=-0.004776732183206121,fe=491034
formalLocal:outer=60,slot=29,pass=13,op=O1_JS_INSERT,accepted=true,recoveryGain=true,qGain=-0.019771405710468978,fe=491035
formalLocal:outer=60,slot=29,pass=13,op=O2_JS_REVERSE,accepted=true,recoveryGain=true,qGain=-0.03347782626827613,fe=491036
formalLocal:outer=60,slot=29,pass=13,op=O3_JS_SWAP,accepted=true,recoveryGain=true,qGain=3.3081696510968374E-4,fe=491037
formalLocal:outer=60,slot=29,pass=13,op=O4_WA_LOAD_TRANSFER,accepted=false,recoveryGain=true,qGain=-0.03433407501467584,fe=491038
formalLocal:outer=60,slot=29,pass=13,op=O5_WA_WEAK_TO_STRONG,accepted=true,recoveryGain=true,qGain=0.006454619695594452,fe=491039
formalLocal:outer=60,slot=29,pass=13,op=O6_WA_SWAP,accepted=false,recoveryGain=true,qGain=-0.0160101738576146,fe=491040
formalLocal:outer=60,slot=29,pass=13,op=O7_MA_LOAD_TRANSFER,accepted=false,recoveryGain=true,qGain=-0.015597730017544534,fe=491041
formalLocal:outer=60,slot=29,pass=13,op=O8_MA_WEAK_TO_STRONG,accepted=false,recoveryGain=true,qGain=-0.09764595751266822,fe=491042
formalLocal:outer=60,slot=29,pass=13,op=O9_MA_SWAP,accepted=false,recoveryGain=true,qGain=-0.11324368753154228,fe=491043
formalLocal:outer=60,slot=29,pass=14,op=O1_JS_INSERT,accepted=true,recoveryGain=true,qGain=-0.050864733522393325,fe=491044
formalLocal:outer=60,slot=29,pass=14,op=O2_JS_REVERSE,accepted=true,recoveryGain=true,qGain=0.047573515318367454,fe=491045
formalLocal:outer=60,slot=29,pass=14,op=O3_JS_SWAP,accepted=false,recoveryGain=true,qGain=0.0,fe=491046
formalLocal:outer=60,slot=29,pass=14,op=O4_WA_LOAD_TRANSFER,accepted=true,recoveryGain=true,qGain=-0.013667082084524782,fe=491047
formalLocal:outer=60,slot=29,pass=14,op=O5_WA_WEAK_TO_STRONG,accepted=true,recoveryGain=true,qGain=0.013482811394466443,fe=491048
formalLocal:outer=60,slot=29,pass=14,op=O6_WA_SWAP,accepted=false,recoveryGain=true,qGain=-0.015872855256632082,fe=491049
formalLocal:outer=60,slot=29,pass=14,op=O7_MA_LOAD_TRANSFER,accepted=false,recoveryGain=true,qGain=-0.015583743804001654,fe=491050
formalLocal:outer=60,slot=29,pass=14,op=O8_MA_WEAK_TO_STRONG,accepted=true,recoveryGain=true,qGain=-0.12117489289715998,fe=491051
formalLocal:outer=60,slot=29,pass=14,op=O9_MA_SWAP,accepted=false,recoveryGain=true,qGain=-0.12065428478372765,fe=491052
formalLocal:outer=60,slot=29,pass=15,op=O1_JS_INSERT,accepted=true,recoveryGain=true,qGain=0.01426766229401296,fe=491053
formalLocal:outer=60,slot=29,pass=15,op=O2_JS_REVERSE,accepted=false,recoveryGain=true,qGain=-0.2187450414444908,fe=491054
formalLocal:outer=60,slot=29,pass=15,op=O3_JS_SWAP,accepted=false,recoveryGain=true,qGain=0.0,fe=491055
formalLocal:outer=60,slot=29,pass=15,op=O4_WA_LOAD_TRANSFER,accepted=true,recoveryGain=true,qGain=-0.01236846569052711,fe=491056
formalLocal:outer=60,slot=29,pass=15,op=O5_WA_WEAK_TO_STRONG,accepted=true,recoveryGain=true,qGain=0.012217355745164084,fe=491057
formalLocal:outer=60,slot=29,pass=15,op=O6_WA_SWAP,accepted=false,recoveryGain=true,qGain=-0.014341951159339386,fe=491058
formalLocal:outer=60,slot=29,pass=15,op=O7_MA_LOAD_TRANSFER,accepted=false,recoveryGain=true,qGain=-0.014100577690942398,fe=491059
formalLocal:outer=60,slot=29,pass=15,op=O8_MA_WEAK_TO_STRONG,accepted=true,recoveryGain=true,qGain=-0.10836087168650918,fe=491060
formalLocal:outer=60,slot=29,pass=15,op=O9_MA_SWAP,accepted=false,recoveryGain=true,qGain=-0.15871931084689153,fe=491061
formalLocal:outer=60,slot=29,pass=16,op=O1_JS_INSERT,accepted=true,recoveryGain=true,qGain=0.015006190466253505,fe=491062
formalLocal:outer=60,slot=29,pass=16,op=O2_JS_REVERSE,accepted=true,recoveryGain=true,qGain=0.0,fe=491063
formalLocal:outer=60,slot=29,pass=16,op=O3_JS_SWAP,accepted=false,recoveryGain=true,qGain=-0.01728351981783494,fe=491064
formalLocal:outer=60,slot=29,pass=16,op=O4_WA_LOAD_TRANSFER,accepted=true,recoveryGain=true,qGain=-0.011349983658761215,fe=491065
formalLocal:outer=60,slot=29,pass=16,op=O5_WA_WEAK_TO_STRONG,accepted=true,recoveryGain=true,qGain=0.011222607249866536,fe=491066
formalLocal:outer=60,slot=29,pass=16,op=O6_WA_SWAP,accepted=false,recoveryGain=true,qGain=-0.012907892361257082,fe=491067
formalLocal:outer=60,slot=29,pass=16,op=O7_MA_LOAD_TRANSFER,accepted=false,recoveryGain=true,qGain=-0.012915078831747032,fe=491068
formalLocal:outer=60,slot=29,pass=16,op=O8_MA_WEAK_TO_STRONG,accepted=true,recoveryGain=true,qGain=-0.14466078180929637,fe=491069
formalLocal:outer=60,slot=29,pass=16,op=O9_MA_SWAP,accepted=false,recoveryGain=true,qGain=-0.04140515517364334,fe=491070
formalLocal:outer=60,slot=29,pass=17,op=O1_JS_INSERT,accepted=false,recoveryGain=true,qGain=-0.04772680807659943,fe=491071
formalLocal:outer=60,slot=29,pass=17,op=O2_JS_REVERSE,accepted=true,recoveryGain=true,qGain=0.02345019128983603,fe=491072
formalLocal:outer=60,slot=29,pass=17,op=O3_JS_SWAP,accepted=false,recoveryGain=true,qGain=-0.012298535355134099,fe=491073
formalLocal:outer=60,slot=29,pass=17,op=O4_WA_LOAD_TRANSFER,accepted=true,recoveryGain=true,qGain=-0.010154196024376628,fe=491074
formalLocal:outer=60,slot=29,pass=17,op=O5_WA_WEAK_TO_STRONG,accepted=true,recoveryGain=true,qGain=0.010052124778910081,fe=491075
formalLocal:outer=60,slot=29,pass=17,op=O6_WA_SWAP,accepted=false,recoveryGain=true,qGain=-0.011541433327600822,fe=491076
formalLocal:outer=60,slot=29,pass=17,op=O7_MA_LOAD_TRANSFER,accepted=false,recoveryGain=true,qGain=-0.011553808244520744,fe=491077
formalLocal:outer=60,slot=29,pass=17,op=O8_MA_WEAK_TO_STRONG,accepted=true,recoveryGain=true,qGain=-0.03326582035445395,fe=491078
formalLocal:outer=60,slot=29,pass=17,op=O9_MA_SWAP,accepted=false,recoveryGain=true,qGain=-0.08017766082333488,fe=491079
formalLocal:outer=60,slot=29,pass=18,op=O1_JS_INSERT,accepted=true,recoveryGain=true,qGain=-0.012512725023380956,fe=491080
formalLocal:outer=60,slot=29,pass=18,op=O2_JS_REVERSE,accepted=true,recoveryGain=true,qGain=-0.05359659571231761,fe=491081
formalLocal:outer=60,slot=29,pass=18,op=O3_JS_SWAP,accepted=false,recoveryGain=true,qGain=-0.11762073028922375,fe=491082
formalLocal:outer=60,slot=29,pass=18,op=O4_WA_LOAD_TRANSFER,accepted=true,recoveryGain=true,qGain=-0.009212006750490965,fe=491083
formalLocal:outer=60,slot=29,pass=18,op=O5_WA_WEAK_TO_STRONG,accepted=true,recoveryGain=true,qGain=0.00912792028718745,fe=491084
formalLocal:outer=60,slot=29,pass=18,op=O6_WA_SWAP,accepted=false,recoveryGain=true,qGain=-0.010471736340504448,fe=491085
formalLocal:outer=60,slot=29,pass=18,op=O7_MA_LOAD_TRANSFER,accepted=false,recoveryGain=true,qGain=-0.010481861009415547,fe=491086
formalLocal:outer=60,slot=29,pass=18,op=O8_MA_WEAK_TO_STRONG,accepted=false,recoveryGain=true,qGain=-0.06544424603590554,fe=491087
formalLocal:outer=60,slot=29,pass=18,op=O9_MA_SWAP,accepted=false,recoveryGain=true,qGain=-0.0759261076681961,fe=491088
formalLocal:outer=60,slot=29,pass=19,op=O1_JS_INSERT,accepted=true,recoveryGain=true,qGain=0.017365468742532322,fe=491089
formalLocal:outer=60,slot=29,pass=19,op=O2_JS_REVERSE,accepted=true,recoveryGain=true,qGain=-0.009464250823707634,fe=491090
formalLocal:outer=60,slot=29,pass=19,op=O3_JS_SWAP,accepted=true,recoveryGain=true,qGain=0.015360333469466874,fe=491091
formalLocal:outer=60,slot=29,pass=19,op=O4_WA_LOAD_TRANSFER,accepted=false,recoveryGain=true,qGain=-0.0377019394054528,fe=491092
formalLocal:outer=60,slot=29,pass=19,op=O5_WA_WEAK_TO_STRONG,accepted=false,recoveryGain=true,qGain=-0.003316002607598476,fe=491093
formalLocal:outer=60,slot=29,pass=19,op=O6_WA_SWAP,accepted=false,recoveryGain=true,qGain=-0.008989796428519768,fe=491094
formalLocal:outer=60,slot=29,pass=19,op=O7_MA_LOAD_TRANSFER,accepted=true,recoveryGain=true,qGain=0.05464817851306721,fe=491095
formalLocal:outer=60,slot=29,pass=19,op=O8_MA_WEAK_TO_STRONG,accepted=true,recoveryGain=true,qGain=-0.05780723881941829,fe=491096
formalLocal:outer=60,slot=29,pass=19,op=O9_MA_SWAP,accepted=true,recoveryGain=true,qGain=6.368340124763833E-4,fe=491097
formalLocal:outer=60,slot=29,pass=20,op=O1_JS_INSERT,accepted=true,recoveryGain=true,qGain=0.013397960040388537,fe=491098
formalLocal:outer=60,slot=29,pass=20,op=O2_JS_REVERSE,accepted=true,recoveryGain=true,qGain=-0.03421871113480634,fe=491099
formalLocal:outer=60,slot=29,pass=20,op=O3_JS_SWAP,accepted=true,recoveryGain=true,qGain=0.03970551246861322,fe=491100
formalLocal:outer=60,slot=29,pass=20,op=O4_WA_LOAD_TRANSFER,accepted=false,recoveryGain=true,qGain=-0.04756758374925458,fe=491101
formalLocal:outer=60,slot=29,pass=20,op=O5_WA_WEAK_TO_STRONG,accepted=false,recoveryGain=true,qGain=-0.030459322858767776,fe=491102
formalLocal:outer=60,slot=29,pass=20,op=O6_WA_SWAP,accepted=true,recoveryGain=true,qGain=0.003898386111579275,fe=491103
formalLocal:outer=60,slot=29,pass=20,op=O7_MA_LOAD_TRANSFER,accepted=false,recoveryGain=true,qGain=-0.002698300821064306,fe=491104
formalLocal:outer=60,slot=29,pass=20,op=O8_MA_WEAK_TO_STRONG,accepted=true,recoveryGain=true,qGain=-0.010140079911087726,fe=491105
formalLocal:outer=60,slot=29,pass=20,op=O9_MA_SWAP,accepted=true,recoveryGain=true,qGain=-0.03981287504615856,fe=491106
formalLocal:outer=60,slot=29,pass=21,op=O1_JS_INSERT,accepted=true,recoveryGain=true,qGain=0.009666120598159895,fe=491107
formalLocal:outer=60,slot=29,pass=21,op=O2_JS_REVERSE,accepted=true,recoveryGain=true,qGain=0.019271708324344893,fe=491108
formalLocal:outer=60,slot=29,pass=21,op=O3_JS_SWAP,accepted=true,recoveryGain=true,qGain=-0.03260592964304651,fe=491109
formalLocal:outer=60,slot=29,pass=21,op=O4_WA_LOAD_TRANSFER,accepted=false,recoveryGain=true,qGain=-0.06316995769618029,fe=491110
formalLocal:outer=60,slot=29,pass=21,op=O5_WA_WEAK_TO_STRONG,accepted=true,recoveryGain=true,qGain=-0.026796784438911935,fe=491111
formalLocal:outer=60,slot=29,pass=21,op=O6_WA_SWAP,accepted=true,recoveryGain=true,qGain=0.021886094559826288,fe=491112
formalLocal:outer=60,slot=29,pass=21,op=O7_MA_LOAD_TRANSFER,accepted=false,recoveryGain=true,qGain=-0.0024498200582458453,fe=491113
formalLocal:outer=60,slot=29,pass=21,op=O8_MA_WEAK_TO_STRONG,accepted=true,recoveryGain=true,qGain=-0.0030240033517756654,fe=491114
formalLocal:outer=60,slot=29,pass=21,op=O9_MA_SWAP,accepted=true,recoveryGain=true,qGain=-0.03493828309089431,fe=491115
formalLocal:outer=60,slot=29,pass=22,op=O1_JS_INSERT,accepted=true,recoveryGain=true,qGain=-0.006361139632626754,fe=491116
formalLocal:outer=60,slot=29,pass=22,op=O2_JS_REVERSE,accepted=false,recoveryGain=true,qGain=-0.14032719479062106,fe=491117
formalLocal:outer=60,slot=29,pass=22,op=O3_JS_SWAP,accepted=true,recoveryGain=true,qGain=0.07564188533418736,fe=491118
formalLocal:outer=60,slot=29,pass=22,op=O4_WA_LOAD_TRANSFER,accepted=true,recoveryGain=true,qGain=-0.004929238449642521,fe=491119
formalLocal:outer=60,slot=29,pass=22,op=O5_WA_WEAK_TO_STRONG,accepted=true,recoveryGain=true,qGain=0.004905060238118973,fe=491120
formalLocal:outer=60,slot=29,pass=22,op=O6_WA_SWAP,accepted=false,recoveryGain=true,qGain=-0.019904763778759646,fe=491121
formalLocal:outer=60,slot=29,pass=22,op=O7_MA_LOAD_TRANSFER,accepted=false,recoveryGain=true,qGain=-0.008430275393211778,fe=491122
formalLocal:outer=60,slot=29,pass=22,op=O8_MA_WEAK_TO_STRONG,accepted=true,recoveryGain=true,qGain=-0.07263830031402622,fe=491123
formalLocal:outer=60,slot=29,pass=22,op=O9_MA_SWAP,accepted=false,recoveryGain=true,qGain=-1.1022389629042712E-4,fe=491124
formalLocal:outer=60,slot=29,pass=23,op=O1_JS_INSERT,accepted=true,recoveryGain=true,qGain=0.011724747372490086,fe=491125
formalLocal:outer=60,slot=29,pass=23,op=O2_JS_REVERSE,accepted=true,recoveryGain=true,qGain=-0.008419218480602585,fe=491126
formalLocal:outer=60,slot=29,pass=23,op=O3_JS_SWAP,accepted=true,recoveryGain=true,qGain=-8.531653062509684E-4,fe=491127
formalLocal:outer=60,slot=29,pass=23,op=O4_WA_LOAD_TRANSFER,accepted=true,recoveryGain=true,qGain=-0.0036059912341984534,fe=491128
formalLocal:outer=60,slot=29,pass=23,op=O5_WA_WEAK_TO_STRONG,accepted=true,recoveryGain=true,qGain=0.0035930347822694195,fe=491129
formalLocal:outer=60,slot=29,pass=23,op=O6_WA_SWAP,accepted=true,recoveryGain=true,qGain=0.0028410940716809153,fe=491130
formalLocal:outer=60,slot=29,pass=23,op=O7_MA_LOAD_TRANSFER,accepted=true,recoveryGain=true,qGain=0.0034395321304391603,fe=491131
formalLocal:outer=60,slot=29,pass=23,op=O8_MA_WEAK_TO_STRONG,accepted=true,recoveryGain=true,qGain=-0.0034514033431329713,fe=491132
formalLocal:outer=60,slot=29,pass=23,op=O9_MA_SWAP,accepted=false,recoveryGain=true,qGain=-0.06890956257934591,fe=491133
formalLocal:outer=60,slot=29,pass=24,op=O1_JS_INSERT,accepted=false,recoveryGain=true,qGain=-0.01448548677412856,fe=491134
formalLocal:outer=60,slot=29,pass=24,op=O2_JS_REVERSE,accepted=true,recoveryGain=true,qGain=0.003318107980358463,fe=491135
formalLocal:outer=60,slot=29,pass=24,op=O3_JS_SWAP,accepted=true,recoveryGain=true,qGain=-0.012263168832983624,fe=491136
formalLocal:outer=60,slot=29,pass=24,op=O4_WA_LOAD_TRANSFER,accepted=true,recoveryGain=true,qGain=-0.015497299078937272,fe=491137
formalLocal:outer=60,slot=29,pass=24,op=O5_WA_WEAK_TO_STRONG,accepted=true,recoveryGain=true,qGain=0.015260797929244544,fe=491138
formalLocal:outer=60,slot=29,pass=24,op=O6_WA_SWAP,accepted=false,recoveryGain=true,qGain=-0.010174515780416608,fe=491139
formalLocal:outer=60,slot=29,pass=24,op=O7_MA_LOAD_TRANSFER,accepted=true,recoveryGain=true,qGain=0.038815348333536656,fe=491140
formalLocal:outer=60,slot=29,pass=24,op=O8_MA_WEAK_TO_STRONG,accepted=true,recoveryGain=true,qGain=-0.04038282162146489,fe=491141
formalLocal:outer=60,slot=29,pass=24,op=O9_MA_SWAP,accepted=false,recoveryGain=true,qGain=-0.03120145770315848,fe=491142
formalLocal:outer=60,slot=29,pass=25,op=O1_JS_INSERT,accepted=true,recoveryGain=true,qGain=-0.034795079146214915,fe=491143
formalLocal:outer=60,slot=29,pass=25,op=O2_JS_REVERSE,accepted=false,recoveryGain=true,qGain=-0.06815853202549549,fe=491144
formalLocal:outer=60,slot=29,pass=25,op=O3_JS_SWAP,accepted=false,recoveryGain=true,qGain=-0.056955859123325944,fe=491145
formalLocal:outer=60,slot=29,pass=25,op=O4_WA_LOAD_TRANSFER,accepted=true,recoveryGain=true,qGain=-0.014976200980494106,fe=491146
formalLocal:outer=60,slot=29,pass=25,op=O5_WA_WEAK_TO_STRONG,accepted=true,recoveryGain=true,qGain=0.014755223783598765,fe=491147
formalLocal:outer=60,slot=29,pass=25,op=O6_WA_SWAP,accepted=false,recoveryGain=true,qGain=-0.009832396757088734,fe=491148
formalLocal:outer=60,slot=29,pass=25,op=O7_MA_LOAD_TRANSFER,accepted=true,recoveryGain=true,qGain=0.03751017869695151,fe=491149
formalLocal:outer=60,slot=29,pass=25,op=O8_MA_WEAK_TO_STRONG,accepted=true,recoveryGain=true,qGain=-0.03897202637028314,fe=491150
formalLocal:outer=60,slot=29,pass=25,op=O9_MA_SWAP,accepted=false,recoveryGain=true,qGain=-0.007406419665128118,fe=491151
formalLocal:outer=60,slot=29,pass=26,op=O1_JS_INSERT,accepted=true,recoveryGain=true,qGain=-0.0024585968822314775,fe=491152
formalLocal:outer=60,slot=29,pass=26,op=O2_JS_REVERSE,accepted=true,recoveryGain=true,qGain=0.019643002268320872,fe=491153
formalLocal:outer=60,slot=29,pass=26,op=O3_JS_SWAP,accepted=false,recoveryGain=true,qGain=-0.16609012013845056,fe=491154
formalLocal:outer=60,slot=29,pass=26,op=O4_WA_LOAD_TRANSFER,accepted=true,recoveryGain=true,qGain=-0.01500719352469334,fe=491155
formalLocal:outer=60,slot=29,pass=26,op=O5_WA_WEAK_TO_STRONG,accepted=true,recoveryGain=true,qGain=0.014785307552924492,fe=491156
formalLocal:outer=60,slot=29,pass=26,op=O6_WA_SWAP,accepted=false,recoveryGain=true,qGain=-0.0093115602869393,fe=491157
formalLocal:outer=60,slot=29,pass=26,op=O7_MA_LOAD_TRANSFER,accepted=true,recoveryGain=true,qGain=0.023964126198016543,fe=491158
formalLocal:outer=60,slot=29,pass=26,op=O8_MA_WEAK_TO_STRONG,accepted=true,recoveryGain=true,qGain=-0.0245525055392363,fe=491159
formalLocal:outer=60,slot=29,pass=26,op=O9_MA_SWAP,accepted=false,recoveryGain=true,qGain=-0.041139876029333076,fe=491160
v35Lite:generation=62,slot=0,context=G1_CMAX|BAL,phase=LATE,factory=1,pressures=SEQ:0.34497688063356513|MAC:0.47328389064190757|WOR:0.5228954513728356|SET:0.1705362956284788|FAT:0.4374536120810511,pressureMax=WOR:0.5228954513728356,pressureSecond=MAC:0.47328389064190757,pressureGap=0.049611560730927984,diagnosisReason=FULL_MASK_AUDIT,test=true,reason=CONSECUTIVE_APPLY_FAILURE_RETEST,actions=[N1, N2, N3, N4, N5],remaining=5,routes=N1:N1|N2:N2|N3:CRITICAL_SOURCE|N4:BAL_RESOURCE_ROUTE|N5:STRUCTURAL_RECOVERY_MIX
v35Lite:action=N1,accepted=false,fe=496161,qGain=0.0,attemptSeed=-5032631926198438745
v35Lite:action=N2,accepted=false,fe=496162,qGain=-0.13583295320316693,attemptSeed=-345099704158470980
v35Lite:action=N3,accepted=false,fe=496163,qGain=-0.30668400538297613,attemptSeed=5372178589400033088
v35Lite:action=N4,accepted=false,fe=496164,qGain=-0.4616165974680679,attemptSeed=-7904403754938076115
v35Lite:action=N5,accepted=false,fe=496165,qGain=0.0,attemptSeed=9105286384681876545
v35Lite:generation=62,slot=1,context=G1_CMAX|BAL,phase=LATE,factory=2,pressures=SEQ:0.6593991273630806|MAC:0.4309241579918223|WOR:0.6180233482506495|SET:0.16348201695006281|FAT:0.6565260341837471,pressureMax=SEQ:0.6593991273630806,pressureSecond=FAT:0.6565260341837471,pressureGap=0.0028730931793334857,diagnosisReason=FULL_MASK_AUDIT,test=false,reason=APPLY_BEST,actions=[N3],remaining=4,routes=N1:N1|N2:N2|N3:CRITICAL_SOURCE|N4:BAL_RESOURCE_ROUTE|N5:STRUCTURAL_RECOVERY_MIX
v35Lite:action=N3,accepted=false,fe=496166,qGain=0.0,attemptSeed=-7904403754938076115
v35Lite:generation=62,slot=2,context=G1_CMAX|BAL,phase=LATE,factory=1,pressures=SEQ:0.42700419366955056|MAC:0.7291021424318476|WOR:0.36708201164598664|SET:0.17082441666321077|FAT:0.36998459889987134,pressureMax=MAC:0.7291021424318476,pressureSecond=SEQ:0.42700419366955056,pressureGap=0.302097948762297,diagnosisReason=FULL_MASK_AUDIT,test=false,reason=APPLY_BEST,actions=[N3],remaining=3,routes=N1:N1|N2:N2|N3:CRITICAL_SOURCE|N4:BAL_RESOURCE_ROUTE|N5:STRUCTURAL_RECOVERY_MIX
v35Lite:action=N3,accepted=false,fe=496167,qGain=-0.6478971171652995,attemptSeed=-345099704158470980
v35Lite:generation=62,slot=3,context=G1_CMAX|BAL,phase=LATE,factory=1,pressures=SEQ:0.34305778103348206|MAC:0.44820620676457834|WOR:0.536414082182248|SET:0.15176525531849802|FAT:0.47249658734636124,pressureMax=WOR:0.536414082182248,pressureSecond=FAT:0.47249658734636124,pressureGap=0.06391749483588671,diagnosisReason=FULL_MASK_AUDIT,test=false,reason=APPLY_EXPLORE,actions=[N3],remaining=2,routes=N1:N1|N2:N2|N3:CRITICAL_SOURCE|N4:BAL_RESOURCE_ROUTE|N5:STRUCTURAL_RECOVERY_MIX
v35Lite:action=N3,accepted=false,fe=496168,qGain=-0.7317005582431788,attemptSeed=-7904403754938076115
v35Lite:generation=62,slot=4,context=G1_CMAX|BAL,phase=LATE,factory=1,pressures=SEQ:0.3113801924353514|MAC:0.5544478084526733|WOR:0.4794476386327723|SET:0.17692493307872356|FAT:0.4613075177245829,pressureMax=MAC:0.5544478084526733,pressureSecond=WOR:0.4794476386327723,pressureGap=0.07500016981990099,diagnosisReason=FULL_MASK_AUDIT,test=true,reason=CONSECUTIVE_APPLY_FAILURE_RETEST,actions=[N1, N2, N3, N4, N5],remaining=5,routes=N1:N1|N2:N2|N3:CRITICAL_SOURCE|N4:BAL_RESOURCE_ROUTE|N5:STRUCTURAL_RECOVERY_MIX
v35Lite:action=N1,accepted=false,fe=496169,qGain=0.0,attemptSeed=3678924984438569224
v35Lite:action=N2,accepted=false,fe=496170,qGain=0.0,attemptSeed=-3677537420247649282
v35Lite:action=N3,accepted=false,fe=496171,qGain=-0.02145101842845928,attemptSeed=6507954126932491124
v35Lite:action=N4,accepted=false,fe=496172,qGain=-0.2969540632918001,attemptSeed=9105286384681876545
v35Lite:action=N5,accepted=false,fe=496173,qGain=0.0,attemptSeed=-7904403754938076115
v35Lite:generation=62,slot=5,context=G1_CMAX|BAL,phase=LATE,factory=2,pressures=SEQ:0.43484986215794563|MAC:0.5560462130087761|WOR:0.5579655432396067|SET:0.17383882975704779|FAT:0.6464712612457955,pressureMax=FAT:0.6464712612457955,pressureSecond=WOR:0.5579655432396067,pressureGap=0.08850571800618878,diagnosisReason=FULL_MASK_AUDIT,test=false,reason=APPLY_BEST,actions=[N3],remaining=4,routes=N1:N1|N2:N2|N3:CRITICAL_SOURCE|N4:BAL_RESOURCE_ROUTE|N5:STRUCTURAL_RECOVERY_MIX
v35Lite:action=N3,accepted=false,fe=496174,qGain=0.0,attemptSeed=9105286384681876545
v35Lite:generation=62,slot=6,context=G1_CMAX|BAL,phase=LATE,factory=1,pressures=SEQ:0.39200358388481765|MAC:0.5849373021616603|WOR:0.5082496010507054|SET:0.17670222034099592|FAT:0.45346762813732383,pressureMax=MAC:0.5849373021616603,pressureSecond=WOR:0.5082496010507054,pressureGap=0.07668770111095491,diagnosisReason=FULL_MASK_AUDIT,test=false,reason=APPLY_EXPLORE,actions=[N3],remaining=3,routes=N1:N1|N2:N2|N3:CRITICAL_SOURCE|N4:BAL_RESOURCE_ROUTE|N5:STRUCTURAL_RECOVERY_MIX
v35Lite:action=N3,accepted=false,fe=496175,qGain=0.0,attemptSeed=-3677537420247649282
v35Lite:generation=62,slot=7,context=G1_CMAX|BAL,phase=LATE,factory=1,pressures=SEQ:0.34537098611525285|MAC:0.4574715179334015|WOR:0.45342878858068897|SET:0.16432628643437436|FAT:0.4032072202111159,pressureMax=MAC:0.4574715179334015,pressureSecond=WOR:0.45342878858068897,pressureGap=0.0040427293527125485,diagnosisReason=FULL_MASK_AUDIT,test=false,reason=APPLY_BEST,actions=[N3],remaining=2,routes=N1:N1|N2:N2|N3:CRITICAL_SOURCE|N4:BAL_RESOURCE_ROUTE|N5:STRUCTURAL_RECOVERY_MIX
v35Lite:action=N3,accepted=false,fe=496176,qGain=-0.19372307985986287,attemptSeed=9105286384681876545
v35Lite:generation=62,slot=8,context=G1_CMAX|BAL,phase=LATE,factory=1,pressures=SEQ:0.3346350459050563|MAC:0.5114855505425647|WOR:0.4443496174029141|SET:0.173924590370989|FAT:0.42881173188208455,pressureMax=MAC:0.5114855505425647,pressureSecond=WOR:0.4443496174029141,pressureGap=0.0671359331396506,diagnosisReason=FULL_MASK_AUDIT,test=true,reason=CONSECUTIVE_APPLY_FAILURE_RETEST,actions=[N1, N2, N3, N4, N5],remaining=5,routes=N1:N1|N2:N2|N3:CRITICAL_SOURCE|N4:BAL_RESOURCE_ROUTE|N5:STRUCTURAL_RECOVERY_MIX
v35Lite:action=N1,accepted=false,fe=496177,qGain=0.0,attemptSeed=585303875520415957
v35Lite:action=N2,accepted=false,fe=496178,qGain=-0.05829138259439368,attemptSeed=-4852968296466942740
v35Lite:action=N3,accepted=false,fe=496179,qGain=-0.13240454433162696,attemptSeed=6854979708299608108
v35Lite:action=N4,accepted=false,fe=496180,qGain=-0.5496687174439073,attemptSeed=3452469053786571172
v35Lite:action=N5,accepted=false,fe=496181,qGain=0.0,attemptSeed=1559605239195841915
v35Lite:generation=62,slot=9,context=G1_CMAX|BAL,phase=LATE,factory=2,pressures=SEQ:0.6416912835026676|MAC:0.43783036819301235|WOR:0.5834813595535255|SET:0.16709169558764786|FAT:0.6997057211513601,pressureMax=FAT:0.6997057211513601,pressureSecond=SEQ:0.6416912835026676,pressureGap=0.05801443764869252,diagnosisReason=FULL_MASK_AUDIT,test=false,reason=APPLY_BEST,actions=[N3],remaining=4,routes=N1:N1|N2:N2|N3:CRITICAL_SOURCE|N4:BAL_RESOURCE_ROUTE|N5:STRUCTURAL_RECOVERY_MIX
v35Lite:action=N3,accepted=false,fe=496182,qGain=0.0,attemptSeed=3452469053786571172
v35Lite:generation=62,slot=10,context=G1_CMAX|BAL,phase=LATE,factory=0,pressures=SEQ:0.3604050599772835|MAC:0.379050774665928|WOR:0.49330182689149055|SET:0.19333596182725926|FAT:0.6696835274729286,pressureMax=FAT:0.6696835274729286,pressureSecond=WOR:0.49330182689149055,pressureGap=0.17638170058143804,diagnosisReason=FULL_MASK_AUDIT,test=false,reason=APPLY_BEST,actions=[N3],remaining=3,routes=N1:N1|N2:N2|N3:CRITICAL_SOURCE|N4:BAL_RESOURCE_ROUTE|N5:STRUCTURAL_RECOVERY_MIX
v35Lite:action=N3,accepted=true,fe=496183,qGain=0.09019745632549857,attemptSeed=-4852968296466942740
v35Lite:generation=62,slot=11,context=G1_CMAX|BAL,phase=LATE,factory=1,pressures=SEQ:0.34232015715478226|MAC:0.44756431310876577|WOR:0.5482591773853337|SET:0.15737066383349435|FAT:0.45076251662366473,pressureMax=WOR:0.5482591773853337,pressureSecond=FAT:0.45076251662366473,pressureGap=0.09749666076166896,diagnosisReason=FULL_MASK_AUDIT,test=false,reason=APPLY_BEST,actions=[N3],remaining=2,routes=N1:N1|N2:N2|N3:CRITICAL_SOURCE|N4:BAL_RESOURCE_ROUTE|N5:STRUCTURAL_RECOVERY_MIX
v35Lite:action=N3,accepted=true,fe=496184,qGain=0.2384847115452398,attemptSeed=3452469053786571172
v35Lite:generation=62,slot=12,context=G1_CMAX|BAL,phase=LATE,factory=1,pressures=SEQ:0.3275601508824827|MAC:0.5531525682075411|WOR:0.4323673484758186|SET:0.16415610355974403|FAT:0.4240451717269489,pressureMax=MAC:0.5531525682075411,pressureSecond=WOR:0.4323673484758186,pressureGap=0.12078521973172252,diagnosisReason=FULL_MASK_AUDIT,test=false,reason=APPLY_BEST,actions=[N3],remaining=1,routes=N1:N1|N2:N2|N3:CRITICAL_SOURCE|N4:BAL_RESOURCE_ROUTE|N5:STRUCTURAL_RECOVERY_MIX
v35Lite:action=N3,accepted=false,fe=496185,qGain=-0.3864107219796704,attemptSeed=-8742886237026514536
v35Lite:generation=62,slot=13,context=G1_CMAX|BAL,phase=LATE,factory=1,pressures=SEQ:0.4334855707028436|MAC:0.527614682358612|WOR:0.405939192897073|SET:0.17394556598553945|FAT:0.43746448135511484,pressureMax=MAC:0.527614682358612,pressureSecond=FAT:0.43746448135511484,pressureGap=0.09015020100349713,diagnosisReason=FULL_MASK_AUDIT,test=false,reason=APPLY_EXPLORE,actions=[N1],remaining=0,routes=N1:N1|N2:N2|N3:CRITICAL_SOURCE|N4:BAL_RESOURCE_ROUTE|N5:STRUCTURAL_RECOVERY_MIX
v35Lite:action=N1,accepted=false,fe=496186,qGain=0.0,attemptSeed=-4852968296466942740
v35Lite:generation=62,slot=14,context=G1_CMAX|BAL,phase=LATE,factory=1,pressures=SEQ:0.5387361794853398|MAC:0.6487189805016471|WOR:0.4564595090378895|SET:0.17707448014212201|FAT:0.3928654413558319,pressureMax=MAC:0.6487189805016471,pressureSecond=SEQ:0.5387361794853398,pressureGap=0.10998280101630731,diagnosisReason=FULL_MASK_AUDIT,test=true,reason=APPLY_HORIZON_COMPLETE_TEST,actions=[N1, N2, N3, N4, N5],remaining=5,routes=N1:N1|N2:N2|N3:CRITICAL_SOURCE|N4:BAL_RESOURCE_ROUTE|N5:STRUCTURAL_RECOVERY_MIX
v35Lite:action=N1,accepted=false,fe=496187,qGain=0.0,attemptSeed=-4852968296466942740
v35Lite:action=N2,accepted=false,fe=496188,qGain=0.0,attemptSeed=585303875520415957
v35Lite:action=N3,accepted=false,fe=496189,qGain=0.0,attemptSeed=3452469053786571172
v35Lite:action=N4,accepted=false,fe=496190,qGain=0.0,attemptSeed=6854979708299608108
v35Lite:action=N5,accepted=false,fe=496191,qGain=0.0,attemptSeed=-8742886237026514536
v35Lite:generation=62,slot=15,context=G1_CMAX|BAL,phase=LATE,factory=0,pressures=SEQ:0.37501314584120105|MAC:0.34837097463274624|WOR:0.5662902403587652|SET:0.1921723909391519|FAT:0.682222359199377,pressureMax=FAT:0.682222359199377,pressureSecond=WOR:0.5662902403587652,pressureGap=0.11593211884061183,diagnosisReason=FULL_MASK_AUDIT,test=false,reason=APPLY_BEST,actions=[N3],remaining=4,routes=N1:N1|N2:N2|N3:CRITICAL_SOURCE|N4:BAL_RESOURCE_ROUTE|N5:STRUCTURAL_RECOVERY_MIX
v35Lite:action=N3,accepted=false,fe=496192,qGain=0.0,attemptSeed=6854979708299608108
v35Lite:generation=62,slot=16,context=G1_CMAX|BAL,phase=LATE,factory=1,pressures=SEQ:0.3078320660577604|MAC:0.41122544390539295|WOR:0.6251204282502006|SET:0.15777052160947969|FAT:0.43903459335215456,pressureMax=WOR:0.6251204282502006,pressureSecond=FAT:0.43903459335215456,pressureGap=0.1860858348980461,diagnosisReason=FULL_MASK_AUDIT,test=false,reason=APPLY_BEST,actions=[N3],remaining=3,routes=N1:N1|N2:N2|N3:CRITICAL_SOURCE|N4:BAL_RESOURCE_ROUTE|N5:STRUCTURAL_RECOVERY_MIX
v35Lite:action=N3,accepted=true,fe=496193,qGain=0.16192353115634034,attemptSeed=681574226383732728
v35Lite:generation=62,slot=17,context=G1_CMAX|BAL,phase=LATE,factory=1,pressures=SEQ:0.3965176545845037|MAC:0.5054341727477663|WOR:0.5569799924103006|SET:0.16533811008667154|FAT:0.3888104979818396,pressureMax=WOR:0.5569799924103006,pressureSecond=MAC:0.5054341727477663,pressureGap=0.05154581966253435,diagnosisReason=FULL_MASK_AUDIT,test=false,reason=APPLY_BEST,actions=[N3],remaining=2,routes=N1:N1|N2:N2|N3:CRITICAL_SOURCE|N4:BAL_RESOURCE_ROUTE|N5:STRUCTURAL_RECOVERY_MIX
v35Lite:action=N3,accepted=true,fe=496194,qGain=0.20934706618401694,attemptSeed=987117432172858109
v35Lite:generation=62,slot=18,context=G1_CMAX|BAL,phase=LATE,factory=1,pressures=SEQ:0.35468222873523025|MAC:0.44970475117974096|WOR:0.5044054036548005|SET:0.1635694542651009|FAT:0.4723830151572005,pressureMax=WOR:0.5044054036548005,pressureSecond=FAT:0.4723830151572005,pressureGap=0.032022388497599974,diagnosisReason=FULL_MASK_AUDIT,test=false,reason=APPLY_BEST,actions=[N3],remaining=1,routes=N1:N1|N2:N2|N3:CRITICAL_SOURCE|N4:BAL_RESOURCE_ROUTE|N5:STRUCTURAL_RECOVERY_MIX
v35Lite:action=N3,accepted=false,fe=496195,qGain=-0.05635183503694349,attemptSeed=681574226383732728
v35Lite:generation=62,slot=19,context=G1_CMAX|BAL,phase=LATE,factory=1,pressures=SEQ:0.30491253261843243|MAC:0.6016996893171428|WOR:0.46829113870016814|SET:0.1702639970682871|FAT:0.4239932491123013,pressureMax=MAC:0.6016996893171428,pressureSecond=WOR:0.46829113870016814,pressureGap=0.13340855061697465,diagnosisReason=FULL_MASK_AUDIT,test=false,reason=APPLY_BEST,actions=[N3],remaining=0,routes=N1:N1|N2:N2|N3:CRITICAL_SOURCE|N4:BAL_RESOURCE_ROUTE|N5:STRUCTURAL_RECOVERY_MIX
v35Lite:action=N3,accepted=false,fe=496196,qGain=-0.14520625315758834,attemptSeed=1501438870552596817
v35Lite:generation=62,slot=20,context=G4_BALANCED|BAL,phase=LATE,factory=2,pressures=SEQ:0.7150215511274345|MAC:0.37659302583999743|WOR:0.7041756188871235|SET:0.17043230113381486|FAT:0.7072741386950723,pressureMax=SEQ:0.7150215511274345,pressureSecond=FAT:0.7072741386950723,pressureGap=0.007747412432362211,diagnosisReason=FULL_MASK_AUDIT,test=false,reason=APPLY_BEST,actions=[N2],remaining=1,routes=N1:N1|N2:N2|N3:CRITICAL_SOURCE|N4:BAL_RESOURCE_ROUTE|N5:STRUCTURAL_RECOVERY_MIX
v35Lite:action=N2,accepted=false,fe=496197,qGain=-0.012324881497020972,attemptSeed=-4301493579026344716
v35Lite:generation=62,slot=21,context=G4_BALANCED|BAL,phase=LATE,factory=1,pressures=SEQ:0.6693690150767103|MAC:0.8095297492749228|WOR:0.4470478741539011|SET:0.17684985340719322|FAT:0.35126643081539993,pressureMax=MAC:0.8095297492749228,pressureSecond=SEQ:0.6693690150767103,pressureGap=0.1401607341982125,diagnosisReason=FULL_MASK_AUDIT,test=false,reason=APPLY_BEST,actions=[N2],remaining=0,routes=N1:N1|N2:N2|N3:CRITICAL_SOURCE|N4:BAL_RESOURCE_ROUTE|N5:STRUCTURAL_RECOVERY_MIX
v35Lite:action=N2,accepted=false,fe=496198,qGain=-0.2034018387878232,attemptSeed=-6255109055018947732
v35Lite:generation=62,slot=22,context=G4_BALANCED|BAL,phase=LATE,factory=1,pressures=SEQ:0.6707238071937016|MAC:0.8112506280299783|WOR:0.4415622141142523|SET:0.18964749484607168|FAT:0.28914218844039186,pressureMax=MAC:0.8112506280299783,pressureSecond=SEQ:0.6707238071937016,pressureGap=0.14052682083627666,diagnosisReason=FULL_MASK_AUDIT,test=true,reason=APPLY_HORIZON_COMPLETE_TEST,actions=[N1, N2, N3, N4, N5],remaining=5,routes=N1:N1|N2:N2|N3:CRITICAL_SOURCE|N4:BAL_RESOURCE_ROUTE|N5:STRUCTURAL_RECOVERY_MIX
v35Lite:action=N1,accepted=false,fe=496199,qGain=-0.004411638174317344,attemptSeed=-7900413171838326043
v35Lite:action=N2,accepted=true,fe=496200,qGain=-0.23772732061126164,attemptSeed=-4301493579026344716
v35Lite:action=N3,accepted=false,fe=496201,qGain=-0.0718364264942534,attemptSeed=-8240116764138954066
v35Lite:action=N4,accepted=false,fe=496202,qGain=-0.2003490563708169,attemptSeed=2635967332917423539
v35Lite:action=N5,accepted=false,fe=496203,qGain=-0.07915838087820318,attemptSeed=7391527060712436954
v35Lite:generation=62,slot=23,context=G4_BALANCED|BAL,phase=LATE,factory=1,pressures=SEQ:0.3418678251510924|MAC:0.5532353355367087|WOR:0.40327726311785106|SET:0.16940496698232752|FAT:0.39360307470772415,pressureMax=MAC:0.5532353355367087,pressureSecond=WOR:0.40327726311785106,pressureGap=0.1499580724188576,diagnosisReason=FULL_MASK_AUDIT,test=false,reason=APPLY_BEST,actions=[N2],remaining=4,routes=N1:N1|N2:N2|N3:CRITICAL_SOURCE|N4:BAL_RESOURCE_ROUTE|N5:STRUCTURAL_RECOVERY_MIX
v35Lite:action=N2,accepted=true,fe=496204,qGain=-0.07009970532915083,attemptSeed=-7900413171838326043
v35Lite:generation=62,slot=24,context=G4_BALANCED|BAL,phase=LATE,factory=0,pressures=SEQ:0.3871491677939737|MAC:0.5334439932000758|WOR:0.5101453072651296|SET:0.1826567434426802|FAT:0.6889025852069561,pressureMax=FAT:0.6889025852069561,pressureSecond=MAC:0.5334439932000758,pressureGap=0.15545859200688028,diagnosisReason=FULL_MASK_AUDIT,test=false,reason=APPLY_BEST,actions=[N2],remaining=3,routes=N1:N1|N2:N2|N3:CRITICAL_SOURCE|N4:BAL_RESOURCE_ROUTE|N5:STRUCTURAL_RECOVERY_MIX
v35Lite:action=N2,accepted=true,fe=496205,qGain=0.06314854020667222,attemptSeed=-7227637865799860654
v35Lite:generation=62,slot=25,context=G4_BALANCED|BAL,phase=LATE,factory=1,pressures=SEQ:0.5298635146163615|MAC:0.7798621835022701|WOR:0.43487636766660936|SET:0.1812414696587561|FAT:0.3036993583356797,pressureMax=MAC:0.7798621835022701,pressureSecond=SEQ:0.5298635146163615,pressureGap=0.2499986688859086,diagnosisReason=FULL_MASK_AUDIT,test=false,reason=APPLY_BEST,actions=[N2],remaining=2,routes=N1:N1|N2:N2|N3:CRITICAL_SOURCE|N4:BAL_RESOURCE_ROUTE|N5:STRUCTURAL_RECOVERY_MIX
v35Lite:action=N2,accepted=false,fe=496206,qGain=-0.224584615062082,attemptSeed=-7499529635392733560
v35Lite:generation=62,slot=26,context=G4_BALANCED|BAL,phase=LATE,factory=1,pressures=SEQ:0.35236944382276736|MAC:0.5905099835630827|WOR:0.4295258754687037|SET:0.17265495802828995|FAT:0.4050240694860795,pressureMax=MAC:0.5905099835630827,pressureSecond=WOR:0.4295258754687037,pressureGap=0.16098410809437902,diagnosisReason=FULL_MASK_AUDIT,test=false,reason=APPLY_BEST,actions=[N2],remaining=1,routes=N1:N1|N2:N2|N3:CRITICAL_SOURCE|N4:BAL_RESOURCE_ROUTE|N5:STRUCTURAL_RECOVERY_MIX
v35Lite:action=N2,accepted=false,fe=496207,qGain=-0.12978342292671607,attemptSeed=-7227637865799860654
v35Lite:generation=62,slot=27,context=G4_BALANCED|BAL,phase=LATE,factory=2,pressures=SEQ:0.728090813576861|MAC:0.3959212726840342|WOR:0.7186378440400374|SET:0.1597909047827204|FAT:0.7572534219928291,pressureMax=FAT:0.7572534219928291,pressureSecond=SEQ:0.728090813576861,pressureGap=0.029162608415968072,diagnosisReason=FULL_MASK_AUDIT,test=false,reason=APPLY_BEST,actions=[N2],remaining=0,routes=N1:N1|N2:N2|N3:CRITICAL_SOURCE|N4:BAL_RESOURCE_ROUTE|N5:STRUCTURAL_RECOVERY_MIX
v35Lite:action=N2,accepted=false,fe=496208,qGain=-0.008788917723436944,attemptSeed=-2168014131912442554
v35Lite:generation=62,slot=28,context=G4_BALANCED|BAL,phase=LATE,factory=1,pressures=SEQ:0.6693598352405914|MAC:0.809977590337118|WOR:0.44835117655768|SET:0.18985074297986104|FAT:0.3233152868318835,pressureMax=MAC:0.809977590337118,pressureSecond=SEQ:0.6693598352405914,pressureGap=0.14061775509652663,diagnosisReason=FULL_MASK_AUDIT,test=true,reason=CONSECUTIVE_APPLY_FAILURE_RETEST,actions=[N1, N2, N3, N4, N5],remaining=5,routes=N1:N1|N2:N2|N3:CRITICAL_SOURCE|N4:BAL_RESOURCE_ROUTE|N5:STRUCTURAL_RECOVERY_MIX
v35Lite:action=N1,accepted=false,fe=496209,qGain=-0.071008858700681,attemptSeed=-3263974825029295888
v35Lite:action=N2,accepted=false,fe=496210,qGain=-0.29888323852935306,attemptSeed=-7499529635392733560
v35Lite:action=N3,accepted=false,fe=496211,qGain=-0.0759205351865612,attemptSeed=-9136875886018022693
v35Lite:action=N4,accepted=false,fe=496212,qGain=-0.24327717650085443,attemptSeed=-7227637865799860654
v35Lite:action=N5,accepted=false,fe=496213,qGain=-0.02563744270597864,attemptSeed=2908563734223955355
v35Lite:generation=62,slot=29,context=G4_BALANCED|BAL,phase=LATE,factory=0,pressures=SEQ:0.325447648427896|MAC:0.46984502820657476|WOR:0.4746252720111169|SET:0.19103257689632644|FAT:0.5566685043103838,pressureMax=FAT:0.5566685043103838,pressureSecond=WOR:0.4746252720111169,pressureGap=0.08204323229926691,diagnosisReason=FULL_MASK_AUDIT,test=false,reason=APPLY_EXPLORE,actions=[N5],remaining=4,routes=N1:N1|N2:N2|N3:CRITICAL_SOURCE|N4:BAL_RESOURCE_ROUTE|N5:STRUCTURAL_RECOVERY_MIX
v35Lite:action=N5,accepted=false,fe=496214,qGain=-0.023812769026502003,attemptSeed=-2168014131912442554
v35Lite:generation=62,slot=30,context=G4_BALANCED|BAL,phase=LATE,factory=1,pressures=SEQ:0.3786693166778735|MAC:0.5317318404656691|WOR:0.5293612531108752|SET:0.156921339331262|FAT:0.47548834547005603,pressureMax=MAC:0.5317318404656691,pressureSecond=WOR:0.5293612531108752,pressureGap=0.002370587354793896,diagnosisReason=FULL_MASK_AUDIT,test=false,reason=APPLY_BEST,actions=[N2],remaining=3,routes=N1:N1|N2:N2|N3:CRITICAL_SOURCE|N4:BAL_RESOURCE_ROUTE|N5:STRUCTURAL_RECOVERY_MIX
v35Lite:action=N2,accepted=true,fe=496215,qGain=-0.08925067771867837,attemptSeed=-9136875886018022693
v35Lite:generation=62,slot=31,context=G4_BALANCED|BAL,phase=LATE,factory=1,pressures=SEQ:0.6726311865020098|MAC:0.812868748119008|WOR:0.4391889230499597|SET:0.18316239076727164|FAT:0.28798159061495654,pressureMax=MAC:0.812868748119008,pressureSecond=SEQ:0.6726311865020098,pressureGap=0.14023756161699819,diagnosisReason=FULL_MASK_AUDIT,test=false,reason=APPLY_BEST,actions=[N2],remaining=2,routes=N1:N1|N2:N2|N3:CRITICAL_SOURCE|N4:BAL_RESOURCE_ROUTE|N5:STRUCTURAL_RECOVERY_MIX
v35Lite:action=N2,accepted=false,fe=496216,qGain=-0.21186293778604154,attemptSeed=-3263974825029295888
v35Lite:generation=62,slot=32,context=G4_BALANCED|BAL,phase=LATE,factory=1,pressures=SEQ:0.6761541403734623|MAC:0.8174125890993855|WOR:0.48553205388988896|SET:0.18920189477205035|FAT:0.3152501285161762,pressureMax=MAC:0.8174125890993855,pressureSecond=SEQ:0.6761541403734623,pressureGap=0.1412584487259232,diagnosisReason=FULL_MASK_AUDIT,test=false,reason=APPLY_BEST,actions=[N2],remaining=1,routes=N1:N1|N2:N2|N3:CRITICAL_SOURCE|N4:BAL_RESOURCE_ROUTE|N5:STRUCTURAL_RECOVERY_MIX
v35Lite:action=N2,accepted=false,fe=496217,qGain=-0.263896638192107,attemptSeed=5935535905844169374
v35Lite:generation=62,slot=33,context=G4_BALANCED|BAL,phase=LATE,factory=1,pressures=SEQ:0.32021251506590787|MAC:0.5986286126867271|WOR:0.4695016305642309|SET:0.1739475562825868|FAT:0.4631307144697351,pressureMax=MAC:0.5986286126867271,pressureSecond=WOR:0.4695016305642309,pressureGap=0.12912698212249618,diagnosisReason=FULL_MASK_AUDIT,test=false,reason=APPLY_BEST,actions=[N2],remaining=0,routes=N1:N1|N2:N2|N3:CRITICAL_SOURCE|N4:BAL_RESOURCE_ROUTE|N5:STRUCTURAL_RECOVERY_MIX
v35Lite:action=N2,accepted=false,fe=496218,qGain=-0.07203575551070329,attemptSeed=1319594979380415476
v35Lite:generation=62,slot=34,context=G4_BALANCED|BAL,phase=LATE,factory=0,pressures=SEQ:0.34789614139182173|MAC:0.3913873889495302|WOR:0.4564362897244031|SET:0.17253875467331647|FAT:0.5070559110525874,pressureMax=FAT:0.5070559110525874,pressureSecond=WOR:0.4564362897244031,pressureGap=0.05061962132818432,diagnosisReason=FULL_MASK_AUDIT,test=true,reason=CONSECUTIVE_APPLY_FAILURE_RETEST,actions=[N1, N2, N3, N4, N5],remaining=5,routes=N1:N1|N2:N2|N3:CRITICAL_SOURCE|N4:BAL_RESOURCE_ROUTE|N5:STRUCTURAL_RECOVERY_MIX
v35Lite:action=N1,accepted=true,fe=496219,qGain=-0.011085047742734474,attemptSeed=-2446662359339990727
v35Lite:action=N2,accepted=true,fe=496220,qGain=0.0280322643171868,attemptSeed=5935535905844169374
v35Lite:action=N3,accepted=true,fe=496221,qGain=-0.0034536134323629166,attemptSeed=-2805781774090713586
v35Lite:action=N4,accepted=false,fe=496222,qGain=-0.0974475441667479,attemptSeed=7036235934656882076
v35Lite:action=N5,accepted=false,fe=496223,qGain=-0.0385252965817066,attemptSeed=-5404917639543568330
v35Lite:generation=62,slot=35,context=G4_BALANCED|BAL,phase=LATE,factory=1,pressures=SEQ:0.673325757719277|MAC:0.8131419626735297|WOR:0.4501649162589595|SET:0.18860899044850485|FAT:0.3115308587584379,pressureMax=MAC:0.8131419626735297,pressureSecond=SEQ:0.673325757719277,pressureGap=0.13981620495425262,diagnosisReason=FULL_MASK_AUDIT,test=false,reason=APPLY_EXPLORE,actions=[N1],remaining=4,routes=N1:N1|N2:N2|N3:CRITICAL_SOURCE|N4:BAL_RESOURCE_ROUTE|N5:STRUCTURAL_RECOVERY_MIX
v35Lite:action=N1,accepted=true,fe=496224,qGain=-0.0020100566774328343,attemptSeed=5935535905844169374
v35Lite:generation=62,slot=36,context=G4_BALANCED|BAL,phase=LATE,factory=1,pressures=SEQ:0.44081367650075554|MAC:0.49639240047834665|WOR:0.44473720605268596|SET:0.17750958949943266|FAT:0.37871561136951115,pressureMax=MAC:0.49639240047834665,pressureSecond=WOR:0.44473720605268596,pressureGap=0.05165519442566069,diagnosisReason=FULL_MASK_AUDIT,test=false,reason=APPLY_BEST,actions=[N2],remaining=3,routes=N1:N1|N2:N2|N3:CRITICAL_SOURCE|N4:BAL_RESOURCE_ROUTE|N5:STRUCTURAL_RECOVERY_MIX
v35Lite:action=N2,accepted=false,fe=496225,qGain=-0.055572055291413645,attemptSeed=-7944251590643548677
v35Lite:generation=62,slot=37,context=G4_BALANCED|BAL,phase=LATE,factory=0,pressures=SEQ:0.5176864505526533|MAC:0.4140593695472664|WOR:0.6546377776709819|SET:0.18915316158479129|FAT:0.5880495723631038,pressureMax=WOR:0.6546377776709819,pressureSecond=FAT:0.5880495723631038,pressureGap=0.06658820530787801,diagnosisReason=FULL_MASK_AUDIT,test=false,reason=APPLY_EXPLORE,actions=[N3],remaining=2,routes=N1:N1|N2:N2|N3:CRITICAL_SOURCE|N4:BAL_RESOURCE_ROUTE|N5:STRUCTURAL_RECOVERY_MIX
v35Lite:action=N3,accepted=true,fe=496226,qGain=-0.004306745290374901,attemptSeed=1319594979380415476
v35Lite:generation=62,slot=38,context=G4_BALANCED|BAL,phase=LATE,factory=1,pressures=SEQ:0.37216611657513804|MAC:0.5588095947135138|WOR:0.5300008994320692|SET:0.1732189825293235|FAT:0.40705807557422835,pressureMax=MAC:0.5588095947135138,pressureSecond=WOR:0.5300008994320692,pressureGap=0.028808695281444585,diagnosisReason=FULL_MASK_AUDIT,test=false,reason=APPLY_BEST,actions=[N2],remaining=1,routes=N1:N1|N2:N2|N3:CRITICAL_SOURCE|N4:BAL_RESOURCE_ROUTE|N5:STRUCTURAL_RECOVERY_MIX
v35Lite:action=N2,accepted=false,fe=496227,qGain=-0.11230247574732624,attemptSeed=-7944251590643548677
v35Lite:generation=62,slot=39,context=G4_BALANCED|BAL,phase=LATE,factory=1,pressures=SEQ:0.4301878100756551|MAC:0.5580586794213023|WOR:0.3817562526108083|SET:0.1547574064526952|FAT:0.3775487050787017,pressureMax=MAC:0.5580586794213023,pressureSecond=SEQ:0.4301878100756551,pressureGap=0.12787086934564718,diagnosisReason=FULL_MASK_AUDIT,test=false,reason=APPLY_BEST,actions=[N2],remaining=0,routes=N1:N1|N2:N2|N3:CRITICAL_SOURCE|N4:BAL_RESOURCE_ROUTE|N5:STRUCTURAL_RECOVERY_MIX
v35Lite:action=N2,accepted=true,fe=496228,qGain=0.04559257022033354,attemptSeed=-2446662359339990727
v35Lite:generation=62,slot=40,context=G4_BALANCED|BAL,phase=LATE,factory=2,pressures=SEQ:0.5512398355592356|MAC:0.4726559893660338|WOR:0.5506629244180172|SET:0.15627058090494755|FAT:0.5500161642025423,pressureMax=SEQ:0.5512398355592356,pressureSecond=WOR:0.5506629244180172,pressureGap=5.769111412183836E-4,diagnosisReason=FULL_MASK_AUDIT,test=true,reason=APPLY_HORIZON_COMPLETE_TEST,actions=[N1, N2, N3, N4, N5],remaining=5,routes=N1:N1|N2:N2|N3:CRITICAL_SOURCE|N4:BAL_RESOURCE_ROUTE|N5:STRUCTURAL_RECOVERY_MIX
v35Lite:action=N1,accepted=true,fe=496229,qGain=0.007359246839489474,attemptSeed=-2383976048772623047
v35Lite:action=N2,accepted=false,fe=496230,qGain=-0.19967964769008156,attemptSeed=-4525103089733630836
v35Lite:action=N3,accepted=true,fe=496231,qGain=0.057234184925122326,attemptSeed=-851857804511909479
v35Lite:action=N4,accepted=true,fe=496232,qGain=-0.10496241491334696,attemptSeed=-4623093730975845934
v35Lite:action=N5,accepted=false,fe=496233,qGain=0.004721088375295967,attemptSeed=893307441304518672
v35Lite:generation=62,slot=41,context=G4_BALANCED|BAL,phase=LATE,factory=2,pressures=SEQ:0.3950927864310752|MAC:0.4236521262820548|WOR:0.6678907362504058|SET:0.1581994313170868|FAT:0.6623988510381044,pressureMax=WOR:0.6678907362504058,pressureSecond=FAT:0.6623988510381044,pressureGap=0.005491885212301484,diagnosisReason=FULL_MASK_AUDIT,test=false,reason=APPLY_EXPLORE,actions=[N3],remaining=4,routes=N1:N1|N2:N2|N3:CRITICAL_SOURCE|N4:BAL_RESOURCE_ROUTE|N5:STRUCTURAL_RECOVERY_MIX
v35Lite:action=N3,accepted=false,fe=496234,qGain=-0.01960354555657065,attemptSeed=-4623093730975845934
v35Lite:generation=62,slot=42,context=G4_BALANCED|BAL,phase=LATE,factory=1,pressures=SEQ:0.3310697885427898|MAC:0.455326973992466|WOR:0.4765432507345571|SET:0.16042682814645226|FAT:0.3873168208715671,pressureMax=WOR:0.4765432507345571,pressureSecond=MAC:0.455326973992466,pressureGap=0.02121627674209109,diagnosisReason=FULL_MASK_AUDIT,test=false,reason=APPLY_BEST,actions=[N2],remaining=3,routes=N1:N1|N2:N2|N3:CRITICAL_SOURCE|N4:BAL_RESOURCE_ROUTE|N5:STRUCTURAL_RECOVERY_MIX
v35Lite:action=N2,accepted=false,fe=496235,qGain=-0.09233858563502607,attemptSeed=-851857804511909479
v35Lite:generation=62,slot=43,context=G4_BALANCED|BAL,phase=LATE,factory=1,pressures=SEQ:0.33662699978086674|MAC:0.5388084040914976|WOR:0.41454874486553095|SET:0.15133042931543145|FAT:0.420571851364135,pressureMax=MAC:0.5388084040914976,pressureSecond=FAT:0.420571851364135,pressureGap=0.11823655272736255,diagnosisReason=FULL_MASK_AUDIT,test=false,reason=APPLY_EXPLORE,actions=[N4],remaining=2,routes=N1:N1|N2:N2|N3:CRITICAL_SOURCE|N4:BAL_RESOURCE_ROUTE|N5:STRUCTURAL_RECOVERY_MIX
v35Lite:action=N4,accepted=false,fe=496236,qGain=-0.08369618695449633,attemptSeed=-851857804511909479
v35Lite:generation=62,slot=44,context=G4_BALANCED|BAL,phase=LATE,factory=1,pressures=SEQ:0.34095595405996393|MAC:0.5349477212509046|WOR:0.5334913479121948|SET:0.17456869410000553|FAT:0.4267079122425553,pressureMax=MAC:0.5349477212509046,pressureSecond=WOR:0.5334913479121948,pressureGap=0.0014563733387098488,diagnosisReason=FULL_MASK_AUDIT,test=false,reason=APPLY_BEST,actions=[N2],remaining=1,routes=N1:N1|N2:N2|N3:CRITICAL_SOURCE|N4:BAL_RESOURCE_ROUTE|N5:STRUCTURAL_RECOVERY_MIX
v35Lite:action=N2,accepted=false,fe=496237,qGain=-0.15181061157842213,attemptSeed=6782651309961204617
v35Lite:generation=62,slot=45,context=G4_BALANCED|BAL,phase=LATE,factory=1,pressures=SEQ:0.6766410371041058|MAC:0.8167771922871427|WOR:0.4314386530078965|SET:0.1768207822455965|FAT:0.2848460750452756,pressureMax=MAC:0.8167771922871427,pressureSecond=SEQ:0.6766410371041058,pressureGap=0.1401361551830369,diagnosisReason=FULL_MASK_AUDIT,test=false,reason=APPLY_BEST,actions=[N2],remaining=0,routes=N1:N1|N2:N2|N3:CRITICAL_SOURCE|N4:BAL_RESOURCE_ROUTE|N5:STRUCTURAL_RECOVERY_MIX
v35Lite:action=N2,accepted=false,fe=496238,qGain=-0.22525116469525705,attemptSeed=-2383976048772623047
v35Lite:generation=62,slot=46,context=G4_BALANCED|BAL,phase=LATE,factory=1,pressures=SEQ:0.6707238071937016|MAC:0.8112506280299783|WOR:0.4415622141142523|SET:0.18964749484607168|FAT:0.28914218844039186,pressureMax=MAC:0.8112506280299783,pressureSecond=SEQ:0.6707238071937016,pressureGap=0.14052682083627666,diagnosisReason=FULL_MASK_AUDIT,test=true,reason=CONSECUTIVE_APPLY_FAILURE_RETEST,actions=[N1, N2, N3, N4, N5],remaining=5,routes=N1:N1|N2:N2|N3:CRITICAL_SOURCE|N4:BAL_RESOURCE_ROUTE|N5:STRUCTURAL_RECOVERY_MIX
v35Lite:action=N1,accepted=false,fe=496239,qGain=-0.004302559632379825,attemptSeed=-6034146988505461172
v35Lite:action=N2,accepted=false,fe=496240,qGain=-0.22756177595486465,attemptSeed=6782651309961204617
v35Lite:action=N3,accepted=false,fe=496241,qGain=-0.07006568463525178,attemptSeed=199451912441567716
v35Lite:action=N4,accepted=false,fe=496242,qGain=-0.19541052479511595,attemptSeed=893307441304518672
v35Lite:action=N5,accepted=false,fe=496243,qGain=-0.07739403085333671,attemptSeed=-4623093730975845934
v35Lite:generation=62,slot=47,context=G4_BALANCED|BAL,phase=LATE,factory=1,pressures=SEQ:0.6768697829970773|MAC:0.8169819136681165|WOR:0.4278918561241398|SET:0.17684153513587844|FAT:0.2752940250079975,pressureMax=MAC:0.8169819136681165,pressureSecond=SEQ:0.6768697829970773,pressureGap=0.14011213067103911,diagnosisReason=FULL_MASK_AUDIT,test=false,reason=APPLY_BEST,actions=[N2],remaining=4,routes=N1:N1|N2:N2|N3:CRITICAL_SOURCE|N4:BAL_RESOURCE_ROUTE|N5:STRUCTURAL_RECOVERY_MIX
v35Lite:action=N2,accepted=false,fe=496244,qGain=-0.19227512557121162,attemptSeed=-6034146988505461172
v35Lite:generation=62,slot=48,context=G4_BALANCED|BAL,phase=LATE,factory=2,pressures=SEQ:0.7305999842505192|MAC:0.38391660520824067|WOR:0.7195145887690038|SET:0.15820773364736673|FAT:0.766697023895756,pressureMax=FAT:0.766697023895756,pressureSecond=SEQ:0.7305999842505192,pressureGap=0.036097039645236806,diagnosisReason=FULL_MASK_AUDIT,test=false,reason=APPLY_BEST,actions=[N2],remaining=3,routes=N1:N1|N2:N2|N3:CRITICAL_SOURCE|N4:BAL_RESOURCE_ROUTE|N5:STRUCTURAL_RECOVERY_MIX
v35Lite:action=N2,accepted=true,fe=496245,qGain=-0.012928481195918365,attemptSeed=4983055208017171269
v35Lite:generation=62,slot=49,context=G4_BALANCED|BAL,phase=LATE,factory=1,pressures=SEQ:0.3596968080121201|MAC:0.48723851449616085|WOR:0.4340022040886322|SET:0.18800842663673245|FAT:0.38800420500863964,pressureMax=MAC:0.48723851449616085,pressureSecond=WOR:0.4340022040886322,pressureGap=0.05323631040752863,diagnosisReason=FULL_MASK_AUDIT,test=false,reason=APPLY_BEST,actions=[N2],remaining=2,routes=N1:N1|N2:N2|N3:CRITICAL_SOURCE|N4:BAL_RESOURCE_ROUTE|N5:STRUCTURAL_RECOVERY_MIX
v35Lite:action=N2,accepted=true,fe=496246,qGain=0.01555998574383053,attemptSeed=5472658602133170684
v35Lite:generation=62,slot=50,context=G4_BALANCED|BAL,phase=LATE,factory=1,pressures=SEQ:0.34000911306232007|MAC:0.5280666571958123|WOR:0.41940273909233494|SET:0.17775944157956383|FAT:0.34380577045838634,pressureMax=MAC:0.5280666571958123,pressureSecond=WOR:0.41940273909233494,pressureGap=0.10866391810347731,diagnosisReason=FULL_MASK_AUDIT,test=false,reason=APPLY_BEST,actions=[N2],remaining=1,routes=N1:N1|N2:N2|N3:CRITICAL_SOURCE|N4:BAL_RESOURCE_ROUTE|N5:STRUCTURAL_RECOVERY_MIX
v35Lite:action=N2,accepted=false,fe=496247,qGain=-0.10468373581640429,attemptSeed=4983055208017171269
v35Lite:generation=62,slot=51,context=G4_BALANCED|BAL,phase=LATE,factory=2,pressures=SEQ:0.7248799214839285|MAC:0.4084347259535882|WOR:0.7132833018776051|SET:0.1617549628742719|FAT:0.7991990957844832,pressureMax=FAT:0.7991990957844832,pressureSecond=SEQ:0.7248799214839285,pressureGap=0.07431917430055468,diagnosisReason=FULL_MASK_AUDIT,test=false,reason=APPLY_BEST,actions=[N2],remaining=0,routes=N1:N1|N2:N2|N3:CRITICAL_SOURCE|N4:BAL_RESOURCE_ROUTE|N5:STRUCTURAL_RECOVERY_MIX
v35Lite:action=N2,accepted=true,fe=496248,qGain=-0.010815093044458641,attemptSeed=3084080024814042792
v35Lite:generation=62,slot=52,context=G4_BALANCED|BAL,phase=LATE,factory=1,pressures=SEQ:0.6707238071937016|MAC:0.8112506280299783|WOR:0.4415622141142523|SET:0.18964749484607168|FAT:0.28914218844039186,pressureMax=MAC:0.8112506280299783,pressureSecond=SEQ:0.6707238071937016,pressureGap=0.14052682083627666,diagnosisReason=FULL_MASK_AUDIT,test=true,reason=APPLY_HORIZON_COMPLETE_TEST,actions=[N1, N2, N3, N4, N5],remaining=5,routes=N1:N1|N2:N2|N3:CRITICAL_SOURCE|N4:BAL_RESOURCE_ROUTE|N5:STRUCTURAL_RECOVERY_MIX
v35Lite:action=N1,accepted=true,fe=496249,qGain=-0.002225165631464351,attemptSeed=5352983847674808278
v35Lite:action=N2,accepted=false,fe=496250,qGain=-0.3099344425291637,attemptSeed=-4821956205474841516
v35Lite:action=N3,accepted=false,fe=496251,qGain=-0.08344845521658875,attemptSeed=4125620828857923217
v35Lite:action=N4,accepted=false,fe=496252,qGain=-0.2327345620342548,attemptSeed=-4736459924713891809
v35Lite:action=N5,accepted=false,fe=496253,qGain=-0.02519194450278498,attemptSeed=-3201849968064334546
v35Lite:generation=62,slot=53,context=G4_BALANCED|BAL,phase=LATE,factory=1,pressures=SEQ:0.35251665626224493|MAC:0.677386940578255|WOR:0.4093753350770304|SET:0.17311696899038492|FAT:0.3851629634287673,pressureMax=MAC:0.677386940578255,pressureSecond=WOR:0.4093753350770304,pressureGap=0.2680116055012246,diagnosisReason=FULL_MASK_AUDIT,test=false,reason=APPLY_BEST,actions=[N2],remaining=4,routes=N1:N1|N2:N2|N3:CRITICAL_SOURCE|N4:BAL_RESOURCE_ROUTE|N5:STRUCTURAL_RECOVERY_MIX
v35Lite:action=N2,accepted=true,fe=496254,qGain=-0.010387226322728645,attemptSeed=5352983847674808278
v35Lite:generation=62,slot=54,context=G4_BALANCED|BAL,phase=LATE,factory=0,pressures=SEQ:0.4126220498979418|MAC:0.4120145194956626|WOR:0.521557411060942|SET:0.18921128265957635|FAT:0.7270332255749129,pressureMax=FAT:0.7270332255749129,pressureSecond=WOR:0.521557411060942,pressureGap=0.2054758145139709,diagnosisReason=FULL_MASK_AUDIT,test=false,reason=APPLY_EXPLORE,actions=[N2],remaining=3,routes=N1:N1|N2:N2|N3:CRITICAL_SOURCE|N4:BAL_RESOURCE_ROUTE|N5:STRUCTURAL_RECOVERY_MIX
v35Lite:action=N2,accepted=true,fe=496255,qGain=0.05600329448776876,attemptSeed=4125620828857923217
v35Lite:generation=62,slot=55,context=G4_BALANCED|BAL,phase=LATE,factory=1,pressures=SEQ:0.33769573726706614|MAC:0.5131697444929697|WOR:0.4354386484150948|SET:0.15862296130711978|FAT:0.40966238768885066,pressureMax=MAC:0.5131697444929697,pressureSecond=WOR:0.4354386484150948,pressureGap=0.07773109607787493,diagnosisReason=FULL_MASK_AUDIT,test=false,reason=APPLY_BEST,actions=[N2],remaining=2,routes=N1:N1|N2:N2|N3:CRITICAL_SOURCE|N4:BAL_RESOURCE_ROUTE|N5:STRUCTURAL_RECOVERY_MIX
v35Lite:action=N2,accepted=true,fe=496256,qGain=0.016197934862733382,attemptSeed=5352983847674808278
v35Lite:generation=62,slot=56,context=G4_BALANCED|BAL,phase=LATE,factory=1,pressures=SEQ:0.6688991434573941|MAC:0.8091050820388641|WOR:0.4777834837413787|SET:0.1892493834182872|FAT:0.30875257919060284,pressureMax=MAC:0.8091050820388641,pressureSecond=SEQ:0.6688991434573941,pressureGap=0.14020593858147,diagnosisReason=FULL_MASK_AUDIT,test=false,reason=APPLY_EXPLORE,actions=[N4],remaining=1,routes=N1:N1|N2:N2|N3:CRITICAL_SOURCE|N4:BAL_RESOURCE_ROUTE|N5:STRUCTURAL_RECOVERY_MIX
v35Lite:action=N4,accepted=false,fe=496257,qGain=-0.21642336955360397,attemptSeed=-721888400933922902
v35Lite:generation=62,slot=57,context=G4_BALANCED|BAL,phase=LATE,factory=1,pressures=SEQ:0.6768697829970773|MAC:0.8169819136681165|WOR:0.4278918561241398|SET:0.17684153513587844|FAT:0.2752940250079975,pressureMax=MAC:0.8169819136681165,pressureSecond=SEQ:0.6768697829970773,pressureGap=0.14011213067103911,diagnosisReason=FULL_MASK_AUDIT,test=false,reason=APPLY_BEST,actions=[N2],remaining=0,routes=N1:N1|N2:N2|N3:CRITICAL_SOURCE|N4:BAL_RESOURCE_ROUTE|N5:STRUCTURAL_RECOVERY_MIX
v35Lite:action=N2,accepted=false,fe=496258,qGain=-0.20041716946631172,attemptSeed=424368686029260350
v35Lite:generation=62,slot=58,context=G4_BALANCED|BAL,phase=LATE,factory=1,pressures=SEQ:0.3641187664851728|MAC:0.49999457065533615|WOR:0.46210245643507936|SET:0.15932995069416017|FAT:0.38275085872681036,pressureMax=MAC:0.49999457065533615,pressureSecond=WOR:0.46210245643507936,pressureGap=0.03789211422025679,diagnosisReason=FULL_MASK_AUDIT,test=true,reason=APPLY_HORIZON_COMPLETE_TEST,actions=[N1, N2, N3, N4, N5],remaining=5,routes=N1:N1|N2:N2|N3:CRITICAL_SOURCE|N4:BAL_RESOURCE_ROUTE|N5:STRUCTURAL_RECOVERY_MIX
v35Lite:action=N1,accepted=true,fe=496259,qGain=-0.009055430828352957,attemptSeed=-3238955843547231521
v35Lite:action=N2,accepted=false,fe=496260,qGain=-0.10514995539804348,attemptSeed=-5201055083930683853
v35Lite:action=N3,accepted=true,fe=496261,qGain=0.08098319361204206,attemptSeed=3084080024814042792
v35Lite:action=N4,accepted=true,fe=496262,qGain=-0.15401773588681344,attemptSeed=-721888400933922902
v35Lite:action=N5,accepted=false,fe=496263,qGain=-0.018537550720824452,attemptSeed=4983055208017171269
v35Lite:generation=62,slot=59,context=G4_BALANCED|BAL,phase=LATE,factory=1,pressures=SEQ:0.6684196450231522|MAC:0.8088474569649329|WOR:0.42203103684028526|SET:0.1892473093124536|FAT:0.3091019685627156,pressureMax=MAC:0.8088474569649329,pressureSecond=SEQ:0.6684196450231522,pressureGap=0.14042781194178067,diagnosisReason=FULL_MASK_AUDIT,test=false,reason=APPLY_BEST,actions=[N2],remaining=4,routes=N1:N1|N2:N2|N3:CRITICAL_SOURCE|N4:BAL_RESOURCE_ROUTE|N5:STRUCTURAL_RECOVERY_MIX
v35Lite:action=N2,accepted=false,fe=496264,qGain=-0.26878211996828605,attemptSeed=-3238955843547231521
v35Lite:generation=62,slot=60,context=G2_TEC|BAL,phase=LATE,factory=2,pressures=SEQ:0.7278591032423276|MAC:0.3985543839939424|WOR:0.7171555026358902|SET:0.17095991937049376|FAT:0.7676251665306553,pressureMax=FAT:0.7676251665306553,pressureSecond=SEQ:0.7278591032423276,pressureGap=0.03976606328832766,diagnosisReason=FULL_MASK_AUDIT,test=false,reason=APPLY_BEST,actions=[N1],remaining=2,routes=N1:N1|N2:N2|N3:CRITICAL_SOURCE|N4:BAL_RESOURCE_ROUTE|N5:STRUCTURAL_RECOVERY_MIX
v35Lite:action=N1,accepted=true,fe=496265,qGain=0.038583870565269594,attemptSeed=-7574701610630445893
v35Lite:generation=62,slot=61,context=G2_TEC|BAL,phase=LATE,factory=1,pressures=SEQ:0.6772915830411677|MAC:0.817348312184189|WOR:0.4283488801071056|SET:0.17685641294467047|FAT:0.26021611717884724,pressureMax=MAC:0.817348312184189,pressureSecond=SEQ:0.6772915830411677,pressureGap=0.14005672914302136,diagnosisReason=FULL_MASK_AUDIT,test=false,reason=APPLY_BEST,actions=[N1],remaining=1,routes=N1:N1|N2:N2|N3:CRITICAL_SOURCE|N4:BAL_RESOURCE_ROUTE|N5:STRUCTURAL_RECOVERY_MIX
v35Lite:action=N1,accepted=true,fe=496266,qGain=0.028640154569088794,attemptSeed=-7574701610630445893
v35Lite:generation=62,slot=62,context=G2_TEC|BAL,phase=LATE,factory=1,pressures=SEQ:0.6772915830411677|MAC:0.817348312184189|WOR:0.4283488801071056|SET:0.17685641294467047|FAT:0.26021611717884724,pressureMax=MAC:0.817348312184189,pressureSecond=SEQ:0.6772915830411677,pressureGap=0.14005672914302136,diagnosisReason=FULL_MASK_AUDIT,test=false,reason=APPLY_BEST,actions=[N1],remaining=0,routes=N1:N1|N2:N2|N3:CRITICAL_SOURCE|N4:BAL_RESOURCE_ROUTE|N5:STRUCTURAL_RECOVERY_MIX
v35Lite:action=N1,accepted=true,fe=496267,qGain=0.03844248805297503,attemptSeed=3494755867362411132
v35Lite:generation=62,slot=63,context=G2_TEC|BAL,phase=LATE,factory=1,pressures=SEQ:0.676202156565642|MAC:0.8163341016278107|WOR:0.4846561795400529|SET:0.17688390564331502|FAT:0.2961668068422112,pressureMax=MAC:0.8163341016278107,pressureSecond=SEQ:0.676202156565642,pressureGap=0.14013194506216875,diagnosisReason=FULL_MASK_AUDIT,test=true,reason=APPLY_HORIZON_COMPLETE_TEST,actions=[N1, N2, N3, N4, N5],remaining=5,routes=N1:N1|N2:N2|N3:CRITICAL_SOURCE|N4:BAL_RESOURCE_ROUTE|N5:STRUCTURAL_RECOVERY_MIX
v35Lite:action=N1,accepted=true,fe=496268,qGain=0.016947791227933454,attemptSeed=2526568037905622824
v35Lite:action=N2,accepted=false,fe=496269,qGain=-1.0,attemptSeed=-2182074776011637958
v35Lite:action=N3,accepted=false,fe=496270,qGain=-0.9298948627423079,attemptSeed=-92911931567757626
v35Lite:action=N4,accepted=true,fe=496271,qGain=0.013690031432801049,attemptSeed=-5565981088642368710
v35Lite:action=N5,accepted=false,fe=496272,qGain=-0.5055334655049692,attemptSeed=53453292724218325
v35Lite:generation=62,slot=64,context=G2_TEC|BAL,phase=LATE,factory=1,pressures=SEQ:0.6772915830411677|MAC:0.817348312184189|WOR:0.4283488801071056|SET:0.17685641294467047|FAT:0.26021611717884724,pressureMax=MAC:0.817348312184189,pressureSecond=SEQ:0.6772915830411677,pressureGap=0.14005672914302136,diagnosisReason=FULL_MASK_AUDIT,test=false,reason=APPLY_BEST,actions=[N1],remaining=4,routes=N1:N1|N2:N2|N3:CRITICAL_SOURCE|N4:BAL_RESOURCE_ROUTE|N5:STRUCTURAL_RECOVERY_MIX
v35Lite:action=N1,accepted=true,fe=496273,qGain=0.039676263328413224,attemptSeed=3590158361443054397
v35Lite:generation=62,slot=65,context=G2_TEC|BAL,phase=LATE,factory=1,pressures=SEQ:0.6772915830411677|MAC:0.817348312184189|WOR:0.4283488801071056|SET:0.17685641294467047|FAT:0.26021611717884724,pressureMax=MAC:0.817348312184189,pressureSecond=SEQ:0.6772915830411677,pressureGap=0.14005672914302136,diagnosisReason=FULL_MASK_AUDIT,test=false,reason=APPLY_BEST,actions=[N1],remaining=3,routes=N1:N1|N2:N2|N3:CRITICAL_SOURCE|N4:BAL_RESOURCE_ROUTE|N5:STRUCTURAL_RECOVERY_MIX
v35Lite:action=N1,accepted=true,fe=496274,qGain=0.029411958523423733,attemptSeed=3590158361443054397
v35Lite:generation=62,slot=66,context=G2_TEC|BAL,phase=LATE,factory=1,pressures=SEQ:0.6759284124607166|MAC:0.8154808620808898|WOR:0.45307305517601637|SET:0.1822401516607041|FAT:0.2938473703846414,pressureMax=MAC:0.8154808620808898,pressureSecond=SEQ:0.6759284124607166,pressureGap=0.1395524496201732,diagnosisReason=FULL_MASK_AUDIT,test=false,reason=APPLY_BEST,actions=[N1],remaining=2,routes=N1:N1|N2:N2|N3:CRITICAL_SOURCE|N4:BAL_RESOURCE_ROUTE|N5:STRUCTURAL_RECOVERY_MIX
v35Lite:action=N1,accepted=false,fe=496275,qGain=-0.05192943552135825,attemptSeed=3590158361443054397
v35Lite:generation=62,slot=67,context=G2_TEC|BAL,phase=LATE,factory=0,pressures=SEQ:0.7267916727275257|MAC:0.43596765651292096|WOR:0.7224957307791362|SET:0.1744123371354926|FAT:0.5761458035305951,pressureMax=SEQ:0.7267916727275257,pressureSecond=WOR:0.7224957307791362,pressureGap=0.004295941948389448,diagnosisReason=FULL_MASK_AUDIT,test=false,reason=APPLY_BEST,actions=[N1],remaining=1,routes=N1:N1|N2:N2|N3:CRITICAL_SOURCE|N4:BAL_RESOURCE_ROUTE|N5:STRUCTURAL_RECOVERY_MIX
v35Lite:action=N1,accepted=true,fe=496276,qGain=0.014165563212608957,attemptSeed=3590158361443054397
v35Lite:generation=62,slot=68,context=G2_TEC|BAL,phase=LATE,factory=0,pressures=SEQ:0.5115692729584129|MAC:0.45222864916290484|WOR:0.6683212698286697|SET:0.1774676302558027|FAT:0.528265634242302,pressureMax=WOR:0.6683212698286697,pressureSecond=FAT:0.528265634242302,pressureGap=0.1400556355863677,diagnosisReason=FULL_MASK_AUDIT,test=false,reason=APPLY_BEST,actions=[N1],remaining=0,routes=N1:N1|N2:N2|N3:CRITICAL_SOURCE|N4:BAL_RESOURCE_ROUTE|N5:STRUCTURAL_RECOVERY_MIX
v35Lite:action=N1,accepted=true,fe=496277,qGain=0.011446478352739405,attemptSeed=3590158361443054397
v35Lite:generation=62,slot=69,context=G2_TEC|BAL,phase=LATE,factory=1,pressures=SEQ:0.6772915830411677|MAC:0.817348312184189|WOR:0.4283488801071056|SET:0.17685641294467047|FAT:0.26021611717884724,pressureMax=MAC:0.817348312184189,pressureSecond=SEQ:0.6772915830411677,pressureGap=0.14005672914302136,diagnosisReason=FULL_MASK_AUDIT,test=true,reason=APPLY_HORIZON_COMPLETE_TEST,actions=[N1, N2, N3, N4, N5],remaining=5,routes=N1:N1|N2:N2|N3:CRITICAL_SOURCE|N4:BAL_RESOURCE_ROUTE|N5:STRUCTURAL_RECOVERY_MIX
v35Lite:action=N1,accepted=true,fe=496278,qGain=0.02195246521594154,attemptSeed=826169321430967207
v35Lite:action=N2,accepted=false,fe=496279,qGain=-1.0,attemptSeed=-8735067407906443449
v35Lite:action=N3,accepted=false,fe=496280,qGain=-1.0,attemptSeed=-8385485680176338105
v35Lite:action=N4,accepted=false,fe=496281,qGain=-0.707259335891124,attemptSeed=3353091280570006833
v35Lite:action=N5,accepted=false,fe=496282,qGain=-0.6548172579102629,attemptSeed=3590158361443054397
v35Lite:generation=62,slot=70,context=G2_TEC|BAL,phase=LATE,factory=1,pressures=SEQ:0.6772915830411677|MAC:0.817348312184189|WOR:0.4283488801071056|SET:0.17685641294467047|FAT:0.26021611717884724,pressureMax=MAC:0.817348312184189,pressureSecond=SEQ:0.6772915830411677,pressureGap=0.14005672914302136,diagnosisReason=FULL_MASK_AUDIT,test=false,reason=APPLY_BEST,actions=[N1],remaining=4,routes=N1:N1|N2:N2|N3:CRITICAL_SOURCE|N4:BAL_RESOURCE_ROUTE|N5:STRUCTURAL_RECOVERY_MIX
v35Lite:action=N1,accepted=true,fe=496283,qGain=0.17112977036788596,attemptSeed=3353091280570006833
v35Lite:generation=62,slot=71,context=G2_TEC|BAL,phase=LATE,factory=1,pressures=SEQ:0.6768697829970773|MAC:0.8169819136681165|WOR:0.4278918561241398|SET:0.17684153513587844|FAT:0.2752940250079975,pressureMax=MAC:0.8169819136681165,pressureSecond=SEQ:0.6768697829970773,pressureGap=0.14011213067103911,diagnosisReason=FULL_MASK_AUDIT,test=false,reason=APPLY_BEST,actions=[N1],remaining=3,routes=N1:N1|N2:N2|N3:CRITICAL_SOURCE|N4:BAL_RESOURCE_ROUTE|N5:STRUCTURAL_RECOVERY_MIX
v35Lite:action=N1,accepted=true,fe=496284,qGain=0.026965933078684213,attemptSeed=3353091280570006833
v35Lite:generation=62,slot=72,context=G2_TEC|BAL,phase=LATE,factory=2,pressures=SEQ:0.7179439349552553|MAC:0.418153066480925|WOR:0.70751771661244|SET:0.16923647377138648|FAT:0.7418737762371785,pressureMax=FAT:0.7418737762371785,pressureSecond=SEQ:0.7179439349552553,pressureGap=0.023929841281923214,diagnosisReason=FULL_MASK_AUDIT,test=false,reason=APPLY_BEST,actions=[N1],remaining=2,routes=N1:N1|N2:N2|N3:CRITICAL_SOURCE|N4:BAL_RESOURCE_ROUTE|N5:STRUCTURAL_RECOVERY_MIX
v35Lite:action=N1,accepted=true,fe=496285,qGain=0.015428181093586188,attemptSeed=34919825908074295
v35Lite:generation=62,slot=73,context=G2_TEC|BAL,phase=LATE,factory=0,pressures=SEQ:0.7062363710842849|MAC:0.4188809824422276|WOR:0.6928389658063987|SET:0.17624282650087356|FAT:0.5201979934438877,pressureMax=SEQ:0.7062363710842849,pressureSecond=WOR:0.6928389658063987,pressureGap=0.013397405277886243,diagnosisReason=FULL_MASK_AUDIT,test=false,reason=APPLY_BEST,actions=[N1],remaining=1,routes=N1:N1|N2:N2|N3:CRITICAL_SOURCE|N4:BAL_RESOURCE_ROUTE|N5:STRUCTURAL_RECOVERY_MIX
v35Lite:action=N1,accepted=true,fe=496286,qGain=0.04374110403168096,attemptSeed=34919825908074295
v35Lite:generation=62,slot=74,context=G2_TEC|BAL,phase=LATE,factory=1,pressures=SEQ:0.5134423786609805|MAC:0.7387784654333438|WOR:0.42867650367266696|SET:0.18113612002598037|FAT:0.25004070834513775,pressureMax=MAC:0.7387784654333438,pressureSecond=SEQ:0.5134423786609805,pressureGap=0.22533608677236328,diagnosisReason=FULL_MASK_AUDIT,test=false,reason=APPLY_BEST,actions=[N1],remaining=0,routes=N1:N1|N2:N2|N3:CRITICAL_SOURCE|N4:BAL_RESOURCE_ROUTE|N5:STRUCTURAL_RECOVERY_MIX
v35Lite:action=N1,accepted=true,fe=496287,qGain=0.017609470959953303,attemptSeed=1863587078013371248
v35Lite:generation=62,slot=75,context=G2_TEC|BAL,phase=LATE,factory=1,pressures=SEQ:0.6772915830411677|MAC:0.817348312184189|WOR:0.4283488801071056|SET:0.17685641294467047|FAT:0.26021611717884724,pressureMax=MAC:0.817348312184189,pressureSecond=SEQ:0.6772915830411677,pressureGap=0.14005672914302136,diagnosisReason=FULL_MASK_AUDIT,test=true,reason=APPLY_HORIZON_COMPLETE_TEST,actions=[N1, N2, N3, N4, N5],remaining=5,routes=N1:N1|N2:N2|N3:CRITICAL_SOURCE|N4:BAL_RESOURCE_ROUTE|N5:STRUCTURAL_RECOVERY_MIX
v35Lite:action=N1,accepted=true,fe=496288,qGain=0.01784348651256596,attemptSeed=-180401355503886359
v35Lite:action=N2,accepted=false,fe=496289,qGain=-1.0,attemptSeed=-4484310992852812640
v35Lite:action=N3,accepted=false,fe=496290,qGain=-1.0,attemptSeed=34919825908074295
v35Lite:action=N4,accepted=false,fe=496291,qGain=-0.5748800090560378,attemptSeed=8331661195771478769
v35Lite:action=N5,accepted=false,fe=496292,qGain=-0.5322088614121149,attemptSeed=4049131602135040653
v35Lite:generation=62,slot=76,context=G2_TEC|BAL,phase=LATE,factory=1,pressures=SEQ:0.4560094170413942|MAC:0.7640486580180719|WOR:0.4246724252845574|SET:0.16913014856517622|FAT:0.2699593993550794,pressureMax=MAC:0.7640486580180719,pressureSecond=SEQ:0.4560094170413942,pressureGap=0.3080392409766777,diagnosisReason=FULL_MASK_AUDIT,test=false,reason=APPLY_BEST,actions=[N1],remaining=4,routes=N1:N1|N2:N2|N3:CRITICAL_SOURCE|N4:BAL_RESOURCE_ROUTE|N5:STRUCTURAL_RECOVERY_MIX
v35Lite:action=N1,accepted=true,fe=496293,qGain=0.014736135140555363,attemptSeed=-3928312536381346495
v35Lite:generation=62,slot=77,context=G2_TEC|BAL,phase=LATE,factory=1,pressures=SEQ:0.6810299434893925|MAC:0.8204001345622071|WOR:0.3924224332204314|SET:0.1749851241611845|FAT:0.23244398602271027,pressureMax=MAC:0.8204001345622071,pressureSecond=SEQ:0.6810299434893925,pressureGap=0.13937019107281456,diagnosisReason=FULL_MASK_AUDIT,test=false,reason=APPLY_BEST,actions=[N1],remaining=3,routes=N1:N1|N2:N2|N3:CRITICAL_SOURCE|N4:BAL_RESOURCE_ROUTE|N5:STRUCTURAL_RECOVERY_MIX
v35Lite:action=N1,accepted=true,fe=496294,qGain=0.029173669641079304,attemptSeed=-3928312536381346495
v35Lite:generation=62,slot=78,context=G2_TEC|BAL,phase=LATE,factory=1,pressures=SEQ:0.6768895891791765|MAC:0.817004894081603|WOR:0.428328141309169|SET:0.17616790272729999|FAT:0.2645375080460647,pressureMax=MAC:0.817004894081603,pressureSecond=SEQ:0.6768895891791765,pressureGap=0.14011530490242652,diagnosisReason=FULL_MASK_AUDIT,test=false,reason=APPLY_BEST,actions=[N1],remaining=2,routes=N1:N1|N2:N2|N3:CRITICAL_SOURCE|N4:BAL_RESOURCE_ROUTE|N5:STRUCTURAL_RECOVERY_MIX
v35Lite:action=N1,accepted=true,fe=496295,qGain=0.018742872122968775,attemptSeed=-3928312536381346495
v35Lite:generation=62,slot=79,context=G2_TEC|BAL,phase=LATE,factory=1,pressures=SEQ:0.6772915830411677|MAC:0.817348312184189|WOR:0.4283488801071056|SET:0.17685641294467047|FAT:0.26021611717884724,pressureMax=MAC:0.817348312184189,pressureSecond=SEQ:0.6772915830411677,pressureGap=0.14005672914302136,diagnosisReason=FULL_MASK_AUDIT,test=false,reason=APPLY_BEST,actions=[N1],remaining=1,routes=N1:N1|N2:N2|N3:CRITICAL_SOURCE|N4:BAL_RESOURCE_ROUTE|N5:STRUCTURAL_RECOVERY_MIX
v35Lite:action=N1,accepted=true,fe=496296,qGain=0.017637971936266362,attemptSeed=-3928312536381346495
v35Lite:generation=62,slot=80,context=G3_TWC|BAL,phase=LATE,factory=1,pressures=SEQ:0.35335730483412|MAC:0.49475441240719575|WOR:0.5051393136942448|SET:0.1780511398597972|FAT:0.47460208548632915,pressureMax=WOR:0.5051393136942448,pressureSecond=MAC:0.49475441240719575,pressureGap=0.010384901287049053,diagnosisReason=FULL_MASK_AUDIT,test=true,reason=CONSECUTIVE_APPLY_FAILURE_RETEST,actions=[N1, N2, N3, N4, N5],remaining=5,routes=N1:N1|N2:N2|N3:CRITICAL_SOURCE|N4:BAL_RESOURCE_ROUTE|N5:STRUCTURAL_RECOVERY_MIX
v35Lite:action=N1,accepted=false,fe=496297,qGain=-0.18665061809486858,attemptSeed=-9166864933880341262
v35Lite:action=N2,accepted=false,fe=496298,qGain=-1.0,attemptSeed=558718363898106763
v35Lite:action=N3,accepted=false,fe=496299,qGain=-0.41990337470922373,attemptSeed=337784527225959742
v35Lite:action=N4,accepted=false,fe=496300,qGain=-1.0,attemptSeed=9201368737878168541
v35Lite:action=N5,accepted=false,fe=496301,qGain=-1.0,attemptSeed=-6009558461605854873
v35Lite:generation=62,slot=81,context=G3_TWC|BAL,phase=LATE,factory=2,pressures=SEQ:0.6370266242022122|MAC:0.44750946783477386|WOR:0.5722967843918995|SET:0.16202599382699273|FAT:0.6407438054774386,pressureMax=FAT:0.6407438054774386,pressureSecond=SEQ:0.6370266242022122,pressureGap=0.0037171812752263556,diagnosisReason=FULL_MASK_AUDIT,test=false,reason=APPLY_BEST,actions=[N3],remaining=4,routes=N1:N1|N2:N2|N3:CRITICAL_SOURCE|N4:BAL_RESOURCE_ROUTE|N5:STRUCTURAL_RECOVERY_MIX
v35Lite:action=N3,accepted=false,fe=496302,qGain=-0.8148452716880871,attemptSeed=9201368737878168541
v35Lite:generation=62,slot=82,context=G3_TWC|BAL,phase=LATE,factory=1,pressures=SEQ:0.377747511460228|MAC:0.5621637773561299|WOR:0.3838497162477864|SET:0.1760484941521866|FAT:0.4101615361062562,pressureMax=MAC:0.5621637773561299,pressureSecond=FAT:0.4101615361062562,pressureGap=0.15200224124987366,diagnosisReason=FULL_MASK_AUDIT,test=false,reason=APPLY_BEST,actions=[N3],remaining=3,routes=N1:N1|N2:N2|N3:CRITICAL_SOURCE|N4:BAL_RESOURCE_ROUTE|N5:STRUCTURAL_RECOVERY_MIX
v35Lite:action=N3,accepted=false,fe=496303,qGain=-0.694067020956767,attemptSeed=558718363898106763
v35Lite:generation=62,slot=83,context=G3_TWC|BAL,phase=LATE,factory=0,pressures=SEQ:0.39059296425883194|MAC:0.4256727925477381|WOR:0.5307854901257291|SET:0.18854129271504588|FAT:0.7493743341337508,pressureMax=FAT:0.7493743341337508,pressureSecond=WOR:0.5307854901257291,pressureGap=0.2185888440080217,diagnosisReason=FULL_MASK_AUDIT,test=false,reason=APPLY_BEST,actions=[N3],remaining=2,routes=N1:N1|N2:N2|N3:CRITICAL_SOURCE|N4:BAL_RESOURCE_ROUTE|N5:STRUCTURAL_RECOVERY_MIX
v35Lite:action=N3,accepted=false,fe=496304,qGain=-0.6971986803739013,attemptSeed=9201368737878168541
v35Lite:generation=62,slot=84,context=G3_TWC|BAL,phase=LATE,factory=1,pressures=SEQ:0.4044811337666405|MAC:0.5828583311171951|WOR:0.539391190813398|SET:0.16733293437187052|FAT:0.44939105542732094,pressureMax=MAC:0.5828583311171951,pressureSecond=WOR:0.539391190813398,pressureGap=0.04346714030379706,diagnosisReason=FULL_MASK_AUDIT,test=true,reason=CONSECUTIVE_APPLY_FAILURE_RETEST,actions=[N1, N2, N3, N4, N5],remaining=5,routes=N1:N1|N2:N2|N3:CRITICAL_SOURCE|N4:BAL_RESOURCE_ROUTE|N5:STRUCTURAL_RECOVERY_MIX
v35Lite:action=N1,accepted=false,fe=496305,qGain=-0.2035386472106225,attemptSeed=3605364364886044259
v35Lite:action=N2,accepted=false,fe=496306,qGain=-1.0,attemptSeed=-3131385572267171048
v35Lite:action=N3,accepted=false,fe=496307,qGain=-0.5882057818663943,attemptSeed=4593413880025163222
v35Lite:action=N4,accepted=false,fe=496308,qGain=-1.0,attemptSeed=-6009558461605854873
v35Lite:action=N5,accepted=false,fe=496309,qGain=-1.0,attemptSeed=9201368737878168541
v35Lite:generation=62,slot=85,context=G3_TWC|BAL,phase=LATE,factory=1,pressures=SEQ:0.41275156473548336|MAC:0.5873009560834901|WOR:0.4678278511704881|SET:0.17195561383604274|FAT:0.4517107089982003,pressureMax=MAC:0.5873009560834901,pressureSecond=WOR:0.4678278511704881,pressureGap=0.119473104913002,diagnosisReason=FULL_MASK_AUDIT,test=false,reason=APPLY_BEST,actions=[N3],remaining=4,routes=N1:N1|N2:N2|N3:CRITICAL_SOURCE|N4:BAL_RESOURCE_ROUTE|N5:STRUCTURAL_RECOVERY_MIX
v35Lite:action=N3,accepted=false,fe=496310,qGain=-0.4413014796014512,attemptSeed=-6009558461605854873
v35Lite:generation=62,slot=86,context=G3_TWC|BAL,phase=LATE,factory=1,pressures=SEQ:0.4471050973537542|MAC:0.5606026700531267|WOR:0.474571734524387|SET:0.15720372282201378|FAT:0.39247535111180426,pressureMax=MAC:0.5606026700531267,pressureSecond=WOR:0.474571734524387,pressureGap=0.0860309355287397,diagnosisReason=FULL_MASK_AUDIT,test=false,reason=APPLY_BEST,actions=[N3],remaining=3,routes=N1:N1|N2:N2|N3:CRITICAL_SOURCE|N4:BAL_RESOURCE_ROUTE|N5:STRUCTURAL_RECOVERY_MIX
v35Lite:action=N3,accepted=false,fe=496311,qGain=-0.3623540183979706,attemptSeed=-3131385572267171048
v35Lite:generation=62,slot=87,context=G3_TWC|BAL,phase=LATE,factory=1,pressures=SEQ:0.5485185045796704|MAC:0.6559612661526342|WOR:0.5495312341606886|SET:0.16830269522678307|FAT:0.47445218411481915,pressureMax=MAC:0.6559612661526342,pressureSecond=WOR:0.5495312341606886,pressureGap=0.10643003199194556,diagnosisReason=FULL_MASK_AUDIT,test=false,reason=APPLY_BEST,actions=[N3],remaining=2,routes=N1:N1|N2:N2|N3:CRITICAL_SOURCE|N4:BAL_RESOURCE_ROUTE|N5:STRUCTURAL_RECOVERY_MIX
v35Lite:action=N3,accepted=false,fe=496312,qGain=-1.0,attemptSeed=-6009558461605854873
v35Lite:generation=62,slot=88,context=G3_TWC|BAL,phase=LATE,factory=1,pressures=SEQ:0.340146169588231|MAC:0.5830479227211145|WOR:0.4377482571004329|SET:0.15601234505739126|FAT:0.4318651763689913,pressureMax=MAC:0.5830479227211145,pressureSecond=WOR:0.4377482571004329,pressureGap=0.14529966562068158,diagnosisReason=FULL_MASK_AUDIT,test=true,reason=CONSECUTIVE_APPLY_FAILURE_RETEST,actions=[N1, N2, N3, N4, N5],remaining=5,routes=N1:N1|N2:N2|N3:CRITICAL_SOURCE|N4:BAL_RESOURCE_ROUTE|N5:STRUCTURAL_RECOVERY_MIX
v35Lite:action=N1,accepted=false,fe=496313,qGain=-0.16873253083739184,attemptSeed=3085627195292024754
v35Lite:action=N2,accepted=false,fe=496314,qGain=-1.0,attemptSeed=6864330262386529947
v35Lite:action=N3,accepted=false,fe=496315,qGain=-0.1518168517642426,attemptSeed=-4829640096853212133
v35Lite:action=N4,accepted=false,fe=496316,qGain=-1.0,attemptSeed=1040929102409040657
v35Lite:action=N5,accepted=false,fe=496317,qGain=-1.0,attemptSeed=-6393630618766497939
v35Lite:generation=62,slot=89,context=G3_TWC|BAL,phase=LATE,factory=0,pressures=SEQ:0.3503058626729334|MAC:0.3342125802581283|WOR:0.4979142114592007|SET:0.19353343917552224|FAT:0.7284471987481764,pressureMax=FAT:0.7284471987481764,pressureSecond=WOR:0.4979142114592007,pressureGap=0.23053298728897575,diagnosisReason=FULL_MASK_AUDIT,test=false,reason=APPLY_EXPLORE,actions=[N5],remaining=4,routes=N1:N1|N2:N2|N3:CRITICAL_SOURCE|N4:BAL_RESOURCE_ROUTE|N5:STRUCTURAL_RECOVERY_MIX
v35Lite:action=N5,accepted=false,fe=496318,qGain=-0.4847279866247511,attemptSeed=-1920102725509449360
v35Lite:generation=62,slot=90,context=G3_TWC|BAL,phase=LATE,factory=1,pressures=SEQ:0.42370752827527647|MAC:0.7007388987314986|WOR:0.4740459378259137|SET:0.17295067001786008|FAT:0.40269658678782644,pressureMax=MAC:0.7007388987314986,pressureSecond=WOR:0.4740459378259137,pressureGap=0.22669296090558494,diagnosisReason=FULL_MASK_AUDIT,test=false,reason=APPLY_BEST,actions=[N3],remaining=3,routes=N1:N1|N2:N2|N3:CRITICAL_SOURCE|N4:BAL_RESOURCE_ROUTE|N5:STRUCTURAL_RECOVERY_MIX
v35Lite:action=N3,accepted=false,fe=496319,qGain=-0.24706623575423814,attemptSeed=6864330262386529947
v35Lite:generation=62,slot=91,context=G3_TWC|BAL,phase=LATE,factory=1,pressures=SEQ:0.38715913497308396|MAC:0.7128155207259856|WOR:0.40517824080400067|SET:0.1714757353482848|FAT:0.39904469712016166,pressureMax=MAC:0.7128155207259856,pressureSecond=WOR:0.40517824080400067,pressureGap=0.307637279921985,diagnosisReason=FULL_MASK_AUDIT,test=false,reason=APPLY_BEST,actions=[N3],remaining=2,routes=N1:N1|N2:N2|N3:CRITICAL_SOURCE|N4:BAL_RESOURCE_ROUTE|N5:STRUCTURAL_RECOVERY_MIX
v35Lite:action=N3,accepted=false,fe=496320,qGain=-0.11218944552775305,attemptSeed=1040929102409040657
v35Lite:generation=62,slot=92,context=G3_TWC|BAL,phase=LATE,factory=2,pressures=SEQ:0.6370266242022122|MAC:0.44750946783477386|WOR:0.5722967843918995|SET:0.16202599382699273|FAT:0.6407438054774386,pressureMax=FAT:0.6407438054774386,pressureSecond=SEQ:0.6370266242022122,pressureGap=0.0037171812752263556,diagnosisReason=FULL_MASK_AUDIT,test=false,reason=APPLY_BEST,actions=[N3],remaining=1,routes=N1:N1|N2:N2|N3:CRITICAL_SOURCE|N4:BAL_RESOURCE_ROUTE|N5:STRUCTURAL_RECOVERY_MIX
v35Lite:action=N3,accepted=false,fe=496321,qGain=-0.3948719706681682,attemptSeed=-1920102725509449360
v35Lite:generation=62,slot=93,context=G3_TWC|BAL,phase=LATE,factory=1,pressures=SEQ:0.5514554254112438|MAC:0.6558510114708114|WOR:0.5105559677426086|SET:0.16954061751352795|FAT:0.4684902837077064,pressureMax=MAC:0.6558510114708114,pressureSecond=SEQ:0.5514554254112438,pressureGap=0.10439558605956756,diagnosisReason=FULL_MASK_AUDIT,test=true,reason=CONSECUTIVE_APPLY_FAILURE_RETEST,actions=[N1, N2, N3, N4, N5],remaining=5,routes=N1:N1|N2:N2|N3:CRITICAL_SOURCE|N4:BAL_RESOURCE_ROUTE|N5:STRUCTURAL_RECOVERY_MIX
v35Lite:action=N1,accepted=false,fe=496322,qGain=-0.11983407571752373,attemptSeed=-4829640096853212133
v35Lite:action=N2,accepted=false,fe=496323,qGain=-1.0,attemptSeed=1040929102409040657
v35Lite:action=N3,accepted=false,fe=496324,qGain=-0.6905485082687577,attemptSeed=3085627195292024754
v35Lite:action=N4,accepted=false,fe=496325,qGain=-0.9148321844680974,attemptSeed=6864330262386529947
v35Lite:action=N5,accepted=false,fe=496326,qGain=-1.0,attemptSeed=5931978355040052306
v35Lite:generation=62,slot=94,context=G3_TWC|BAL,phase=LATE,factory=1,pressures=SEQ:0.5693332027485976|MAC:0.6677337583281362|WOR:0.4696007810293611|SET:0.16981806228166701|FAT:0.42653902131322363,pressureMax=MAC:0.6677337583281362,pressureSecond=SEQ:0.5693332027485976,pressureGap=0.09840055557953864,diagnosisReason=FULL_MASK_AUDIT,test=false,reason=APPLY_BEST,actions=[N3],remaining=4,routes=N1:N1|N2:N2|N3:CRITICAL_SOURCE|N4:BAL_RESOURCE_ROUTE|N5:STRUCTURAL_RECOVERY_MIX
v35Lite:action=N3,accepted=false,fe=496327,qGain=-0.14423150973737783,attemptSeed=1040929102409040657
v35Lite:generation=62,slot=95,context=G3_TWC|BAL,phase=LATE,factory=1,pressures=SEQ:0.294513680943567|MAC:0.4117105565570888|WOR:0.5421162339102885|SET:0.15752924195935442|FAT:0.44900927131351553,pressureMax=WOR:0.5421162339102885,pressureSecond=FAT:0.44900927131351553,pressureGap=0.09310696259677298,diagnosisReason=FULL_MASK_AUDIT,test=false,reason=APPLY_BEST,actions=[N3],remaining=3,routes=N1:N1|N2:N2|N3:CRITICAL_SOURCE|N4:BAL_RESOURCE_ROUTE|N5:STRUCTURAL_RECOVERY_MIX
v35Lite:action=N3,accepted=false,fe=496328,qGain=-0.5107477535637276,attemptSeed=1040929102409040657
v35Lite:generation=62,slot=96,context=G3_TWC|BAL,phase=LATE,factory=2,pressures=SEQ:0.667816715099826|MAC:0.5002432331343768|WOR:0.6337889135213772|SET:0.16589166974027103|FAT:0.6541011587284715,pressureMax=SEQ:0.667816715099826,pressureSecond=FAT:0.6541011587284715,pressureGap=0.013715556371354465,diagnosisReason=FULL_MASK_AUDIT,test=false,reason=APPLY_EXPLORE,actions=[N1],remaining=2,routes=N1:N1|N2:N2|N3:CRITICAL_SOURCE|N4:BAL_RESOURCE_ROUTE|N5:STRUCTURAL_RECOVERY_MIX
v35Lite:action=N1,accepted=true,fe=496329,qGain=0.011000292429439559,attemptSeed=-4975920000765469858
v35Lite:generation=62,slot=97,context=G3_TWC|BAL,phase=LATE,factory=1,pressures=SEQ:0.29563687400099964|MAC:0.3904121992987616|WOR:0.4833375821503146|SET:0.1744327428081141|FAT:0.4843297137091903,pressureMax=FAT:0.4843297137091903,pressureSecond=WOR:0.4833375821503146,pressureGap=9.921315588757307E-4,diagnosisReason=FULL_MASK_AUDIT,test=false,reason=APPLY_EXPLORE,actions=[N5],remaining=1,routes=N1:N1|N2:N2|N3:CRITICAL_SOURCE|N4:BAL_RESOURCE_ROUTE|N5:STRUCTURAL_RECOVERY_MIX
v35Lite:action=N5,accepted=false,fe=496330,qGain=-0.8315693601484296,attemptSeed=-9222354338943920226
v35Lite:generation=62,slot=98,context=G3_TWC|BAL,phase=LATE,factory=1,pressures=SEQ:0.33940065206050574|MAC:0.515982035140623|WOR:0.45727776514012414|SET:0.17988581603764692|FAT:0.4032266130655783,pressureMax=MAC:0.515982035140623,pressureSecond=WOR:0.45727776514012414,pressureGap=0.05870427000049888,diagnosisReason=FULL_MASK_AUDIT,test=false,reason=APPLY_EXPLORE,actions=[N3],remaining=0,routes=N1:N1|N2:N2|N3:CRITICAL_SOURCE|N4:BAL_RESOURCE_ROUTE|N5:STRUCTURAL_RECOVERY_MIX
v35Lite:action=N3,accepted=false,fe=496331,qGain=-0.25482480085757375,attemptSeed=-5093757667888632418
v35Lite:generation=62,slot=99,context=G3_TWC|BAL,phase=LATE,factory=0,pressures=SEQ:0.35230223461137455|MAC:0.3760622271479899|WOR:0.5098715732299002|SET:0.18823459748087568|FAT:0.7311277912887324,pressureMax=FAT:0.7311277912887324,pressureSecond=WOR:0.5098715732299002,pressureGap=0.22125621805883222,diagnosisReason=FULL_MASK_AUDIT,test=true,reason=CONSECUTIVE_APPLY_FAILURE_RETEST,actions=[N1, N2, N3, N4, N5],remaining=5,routes=N1:N1|N2:N2|N3:CRITICAL_SOURCE|N4:BAL_RESOURCE_ROUTE|N5:STRUCTURAL_RECOVERY_MIX
v35Lite:action=N1,accepted=false,fe=496332,qGain=-0.18498409855701947,attemptSeed=-4975920000765469858
v35Lite:action=N2,accepted=false,fe=496333,qGain=-1.0,attemptSeed=-3006669869522052471
v35Lite:action=N3,accepted=false,fe=496334,qGain=-0.42070261983531565,attemptSeed=3012382759638678031
v35Lite:action=N4,accepted=false,fe=496335,qGain=-0.9930185136562061,attemptSeed=8260415941690612620
v35Lite:action=N5,accepted=false,fe=496336,qGain=-1.0,attemptSeed=-9222354338943920226
formalLocal:outer=61,slot=0,op=CRITICAL_FACTORY_SWAP,accepted=false,fe=496337
formalLocal:outer=61,slot=0,op=CRITICAL_FACTORY_INSERT,accepted=true,fe=496338
formalLocal:outer=61,slot=0,pass=0,op=O1_JS_INSERT,accepted=true,recoveryGain=true,qGain=3.755473072113966E-4,fe=496339
formalLocal:outer=61,slot=0,pass=0,op=O2_JS_REVERSE,accepted=false,recoveryGain=true,qGain=-0.736002387901603,fe=496340
formalLocal:outer=61,slot=0,pass=0,op=O3_JS_SWAP,accepted=false,recoveryGain=true,qGain=-0.09461693475516321,fe=496341
formalLocal:outer=61,slot=0,pass=0,op=O4_WA_LOAD_TRANSFER,accepted=false,recoveryGain=true,qGain=-0.25491839651639053,fe=496342
formalLocal:outer=61,slot=0,pass=0,op=O5_WA_WEAK_TO_STRONG,accepted=false,recoveryGain=true,qGain=-0.18260969709322442,fe=496343
formalLocal:outer=61,slot=0,pass=0,op=O6_WA_SWAP,accepted=true,recoveryGain=true,qGain=0.05347627035577885,fe=496344
formalLocal:outer=61,slot=0,pass=0,op=O7_MA_LOAD_TRANSFER,accepted=false,recoveryGain=true,qGain=-0.0034851462462166262,fe=496345
formalLocal:outer=61,slot=0,pass=0,op=O8_MA_WEAK_TO_STRONG,accepted=false,recoveryGain=true,qGain=-0.21061467822994934,fe=496346
formalLocal:outer=61,slot=0,pass=0,op=O9_MA_SWAP,accepted=false,recoveryGain=true,qGain=-0.041344670505803385,fe=496347
formalLocal:outer=61,slot=0,pass=1,op=O1_JS_INSERT,accepted=false,recoveryGain=true,qGain=-0.08716483176093326,fe=496348
formalLocal:outer=61,slot=0,pass=1,op=O2_JS_REVERSE,accepted=false,recoveryGain=true,qGain=-0.24917539100410382,fe=496349
formalLocal:outer=61,slot=0,pass=1,op=O3_JS_SWAP,accepted=false,recoveryGain=true,qGain=-0.7223270557165385,fe=496350
formalLocal:outer=61,slot=0,pass=1,op=O4_WA_LOAD_TRANSFER,accepted=false,recoveryGain=true,qGain=-0.32581820953193497,fe=496351
formalLocal:outer=61,slot=0,pass=1,op=O5_WA_WEAK_TO_STRONG,accepted=false,recoveryGain=true,qGain=-0.24942424585355416,fe=496352
formalLocal:outer=61,slot=0,pass=1,op=O6_WA_SWAP,accepted=false,recoveryGain=true,qGain=-0.05649754853571339,fe=496353
formalLocal:outer=61,slot=0,pass=1,op=O7_MA_LOAD_TRANSFER,accepted=false,recoveryGain=true,qGain=-0.0034851462462166262,fe=496354
formalLocal:outer=61,slot=0,pass=1,op=O8_MA_WEAK_TO_STRONG,accepted=false,recoveryGain=true,qGain=-0.21061467822994934,fe=496355
formalLocal:outer=61,slot=0,pass=1,op=O9_MA_SWAP,accepted=false,recoveryGain=true,qGain=-0.041344670505803385,fe=496356
formalLocal:outer=61,slot=0,pass=2,op=O1_JS_INSERT,accepted=false,recoveryGain=true,qGain=-0.19651456928486877,fe=496357
formalLocal:outer=61,slot=0,pass=2,op=O2_JS_REVERSE,accepted=false,recoveryGain=true,qGain=-0.673092715639352,fe=496358
formalLocal:outer=61,slot=0,pass=2,op=O3_JS_SWAP,accepted=false,recoveryGain=true,qGain=-0.7217094797444927,fe=496359
formalLocal:outer=61,slot=0,pass=2,op=O4_WA_LOAD_TRANSFER,accepted=false,recoveryGain=true,qGain=-0.32581820953193497,fe=496360
formalLocal:outer=61,slot=0,pass=2,op=O5_WA_WEAK_TO_STRONG,accepted=false,recoveryGain=true,qGain=-0.24942424585355416,fe=496361
formalLocal:outer=61,slot=0,pass=2,op=O6_WA_SWAP,accepted=false,recoveryGain=true,qGain=-0.05649754853571339,fe=496362
formalLocal:outer=61,slot=0,pass=2,op=O7_MA_LOAD_TRANSFER,accepted=false,recoveryGain=true,qGain=-0.0034851462462166262,fe=496363
formalLocal:outer=61,slot=0,pass=2,op=O8_MA_WEAK_TO_STRONG,accepted=false,recoveryGain=true,qGain=-0.21061467822994934,fe=496364
formalLocal:outer=61,slot=0,pass=2,op=O9_MA_SWAP,accepted=false,recoveryGain=true,qGain=-0.041344670505803385,fe=496365
formalLocal:outer=61,slot=0,pass=3,op=O1_JS_INSERT,accepted=false,recoveryGain=true,qGain=-0.049469915373001994,fe=496366
formalLocal:outer=61,slot=0,pass=3,op=O2_JS_REVERSE,accepted=false,recoveryGain=true,qGain=-0.1005962162494784,fe=496367
formalLocal:outer=61,slot=0,pass=3,op=O3_JS_SWAP,accepted=false,recoveryGain=true,qGain=-0.19632612637319194,fe=496368
formalLocal:outer=61,slot=0,pass=3,op=O4_WA_LOAD_TRANSFER,accepted=false,recoveryGain=true,qGain=-0.32581820953193497,fe=496369
formalLocal:outer=61,slot=0,pass=3,op=O5_WA_WEAK_TO_STRONG,accepted=false,recoveryGain=true,qGain=-0.24942424585355416,fe=496370
formalLocal:outer=61,slot=0,pass=3,op=O6_WA_SWAP,accepted=false,recoveryGain=true,qGain=-0.05649754853571339,fe=496371
formalLocal:outer=61,slot=0,pass=3,op=O7_MA_LOAD_TRANSFER,accepted=false,recoveryGain=true,qGain=-0.0034851462462166262,fe=496372
formalLocal:outer=61,slot=0,pass=3,op=O8_MA_WEAK_TO_STRONG,accepted=false,recoveryGain=true,qGain=-0.21061467822994934,fe=496373
formalLocal:outer=61,slot=0,pass=3,op=O9_MA_SWAP,accepted=false,recoveryGain=true,qGain=-0.041344670505803385,fe=496374
formalLocal:outer=61,slot=0,pass=4,op=O1_JS_INSERT,accepted=false,recoveryGain=true,qGain=-0.5703442931373416,fe=496375
formalLocal:outer=61,slot=0,pass=4,op=O2_JS_REVERSE,accepted=false,recoveryGain=true,qGain=-0.2697743731284461,fe=496376
formalLocal:outer=61,slot=0,pass=4,op=O3_JS_SWAP,accepted=false,recoveryGain=true,qGain=-0.19720421434388213,fe=496377
formalLocal:outer=61,slot=0,pass=4,op=O4_WA_LOAD_TRANSFER,accepted=false,recoveryGain=true,qGain=-0.32581820953193497,fe=496378
formalLocal:outer=61,slot=0,pass=4,op=O5_WA_WEAK_TO_STRONG,accepted=false,recoveryGain=true,qGain=-0.24942424585355416,fe=496379
formalLocal:outer=61,slot=0,pass=4,op=O6_WA_SWAP,accepted=false,recoveryGain=true,qGain=-0.05649754853571339,fe=496380
formalLocal:outer=61,slot=0,pass=4,op=O7_MA_LOAD_TRANSFER,accepted=false,recoveryGain=true,qGain=-0.0034851462462166262,fe=496381
formalLocal:outer=61,slot=0,pass=4,op=O8_MA_WEAK_TO_STRONG,accepted=false,recoveryGain=true,qGain=-0.21061467822994934,fe=496382
formalLocal:outer=61,slot=0,pass=4,op=O9_MA_SWAP,accepted=false,recoveryGain=true,qGain=-0.041344670505803385,fe=496383
formalLocal:outer=61,slot=0,pass=5,op=O1_JS_INSERT,accepted=true,recoveryGain=true,qGain=4.594618533516295E-4,fe=496384
formalLocal:outer=61,slot=0,pass=5,op=O2_JS_REVERSE,accepted=false,recoveryGain=true,qGain=-0.4811207752639838,fe=496385
formalLocal:outer=61,slot=0,pass=5,op=O3_JS_SWAP,accepted=true,recoveryGain=true,qGain=0.0021791788407357873,fe=496386
formalLocal:outer=61,slot=0,pass=5,op=O4_WA_LOAD_TRANSFER,accepted=false,recoveryGain=true,qGain=-0.3304276264635237,fe=496387
formalLocal:outer=61,slot=0,pass=5,op=O5_WA_WEAK_TO_STRONG,accepted=false,recoveryGain=true,qGain=-0.2536859636647992,fe=496388
formalLocal:outer=61,slot=0,pass=5,op=O6_WA_SWAP,accepted=false,recoveryGain=true,qGain=-0.054602707744694834,fe=496389
formalLocal:outer=61,slot=0,pass=5,op=O7_MA_LOAD_TRANSFER,accepted=false,recoveryGain=true,qGain=-0.01014850186980804,fe=496390
formalLocal:outer=61,slot=0,pass=5,op=O8_MA_WEAK_TO_STRONG,accepted=false,recoveryGain=true,qGain=-0.21453088385289873,fe=496391
formalLocal:outer=61,slot=0,pass=5,op=O9_MA_SWAP,accepted=false,recoveryGain=true,qGain=-0.04020990493653532,fe=496392
formalLocal:outer=61,slot=0,pass=6,op=O1_JS_INSERT,accepted=false,recoveryGain=true,qGain=-0.09104884234964247,fe=496393
formalLocal:outer=61,slot=0,pass=6,op=O2_JS_REVERSE,accepted=false,recoveryGain=true,qGain=-0.3004980247365694,fe=496394
formalLocal:outer=61,slot=0,pass=6,op=O3_JS_SWAP,accepted=false,recoveryGain=true,qGain=-0.16931420272421788,fe=496395
formalLocal:outer=61,slot=0,pass=6,op=O4_WA_LOAD_TRANSFER,accepted=false,recoveryGain=true,qGain=-0.3304276264635237,fe=496396
formalLocal:outer=61,slot=0,pass=6,op=O5_WA_WEAK_TO_STRONG,accepted=false,recoveryGain=true,qGain=-0.2536859636647992,fe=496397
formalLocal:outer=61,slot=0,pass=6,op=O6_WA_SWAP,accepted=false,recoveryGain=true,qGain=-0.054602707744694834,fe=496398
formalLocal:outer=61,slot=0,pass=6,op=O7_MA_LOAD_TRANSFER,accepted=false,recoveryGain=true,qGain=-0.01014850186980804,fe=496399
formalLocal:outer=61,slot=0,pass=6,op=O8_MA_WEAK_TO_STRONG,accepted=false,recoveryGain=true,qGain=-0.21453088385289873,fe=496400
formalLocal:outer=61,slot=0,pass=6,op=O9_MA_SWAP,accepted=false,recoveryGain=true,qGain=-0.04020990493653532,fe=496401
formalLocal:outer=61,slot=0,pass=7,op=O1_JS_INSERT,accepted=false,recoveryGain=true,qGain=-0.5715621492424603,fe=496402
formalLocal:outer=61,slot=0,pass=7,op=O2_JS_REVERSE,accepted=false,recoveryGain=true,qGain=-0.563171336303224,fe=496403
formalLocal:outer=61,slot=0,pass=7,op=O3_JS_SWAP,accepted=false,recoveryGain=true,qGain=-0.08435522366732415,fe=496404
formalLocal:outer=61,slot=0,pass=7,op=O4_WA_LOAD_TRANSFER,accepted=false,recoveryGain=true,qGain=-0.3304276264635237,fe=496405
formalLocal:outer=61,slot=0,pass=7,op=O5_WA_WEAK_TO_STRONG,accepted=false,recoveryGain=true,qGain=-0.2536859636647992,fe=496406
formalLocal:outer=61,slot=0,pass=7,op=O6_WA_SWAP,accepted=false,recoveryGain=true,qGain=-0.054602707744694834,fe=496407
formalLocal:outer=61,slot=0,pass=7,op=O7_MA_LOAD_TRANSFER,accepted=false,recoveryGain=true,qGain=-0.01014850186980804,fe=496408
formalLocal:outer=61,slot=0,pass=7,op=O8_MA_WEAK_TO_STRONG,accepted=false,recoveryGain=true,qGain=-0.21453088385289873,fe=496409
formalLocal:outer=61,slot=0,pass=7,op=O9_MA_SWAP,accepted=false,recoveryGain=true,qGain=-0.04020990493653532,fe=496410
formalLocal:outer=61,slot=0,pass=8,op=O1_JS_INSERT,accepted=false,recoveryGain=true,qGain=-0.27191336096143925,fe=496411
formalLocal:outer=61,slot=0,pass=8,op=O2_JS_REVERSE,accepted=false,recoveryGain=true,qGain=-0.43066047881760106,fe=496412
formalLocal:outer=61,slot=0,pass=8,op=O3_JS_SWAP,accepted=false,recoveryGain=true,qGain=-0.44511691654470226,fe=496413
formalLocal:outer=61,slot=0,pass=8,op=O4_WA_LOAD_TRANSFER,accepted=false,recoveryGain=true,qGain=-0.3304276264635237,fe=496414
formalLocal:outer=61,slot=0,pass=8,op=O5_WA_WEAK_TO_STRONG,accepted=false,recoveryGain=true,qGain=-0.2536859636647992,fe=496415
formalLocal:outer=61,slot=0,pass=8,op=O6_WA_SWAP,accepted=false,recoveryGain=true,qGain=-0.054602707744694834,fe=496416
formalLocal:outer=61,slot=0,pass=8,op=O7_MA_LOAD_TRANSFER,accepted=false,recoveryGain=true,qGain=-0.01014850186980804,fe=496417
formalLocal:outer=61,slot=0,pass=8,op=O8_MA_WEAK_TO_STRONG,accepted=false,recoveryGain=true,qGain=-0.21453088385289873,fe=496418
formalLocal:outer=61,slot=0,pass=8,op=O9_MA_SWAP,accepted=false,recoveryGain=true,qGain=-0.04020990493653532,fe=496419
formalLocal:outer=61,slot=0,pass=9,op=O1_JS_INSERT,accepted=false,recoveryGain=true,qGain=-0.012459410155525341,fe=496420
formalLocal:outer=61,slot=0,pass=9,op=O2_JS_REVERSE,accepted=false,recoveryGain=true,qGain=-0.19906884140642173,fe=496421
formalLocal:outer=61,slot=0,pass=9,op=O3_JS_SWAP,accepted=false,recoveryGain=true,qGain=-0.34742369177900484,fe=496422
formalLocal:outer=61,slot=0,pass=9,op=O4_WA_LOAD_TRANSFER,accepted=false,recoveryGain=true,qGain=-0.3304276264635237,fe=496423
formalLocal:outer=61,slot=0,pass=9,op=O5_WA_WEAK_TO_STRONG,accepted=false,recoveryGain=true,qGain=-0.2536859636647992,fe=496424
formalLocal:outer=61,slot=0,pass=9,op=O6_WA_SWAP,accepted=false,recoveryGain=true,qGain=-0.054602707744694834,fe=496425
formalLocal:outer=61,slot=0,pass=9,op=O7_MA_LOAD_TRANSFER,accepted=false,recoveryGain=true,qGain=-0.01014850186980804,fe=496426
formalLocal:outer=61,slot=0,pass=9,op=O8_MA_WEAK_TO_STRONG,accepted=false,recoveryGain=true,qGain=-0.21453088385289873,fe=496427
formalLocal:outer=61,slot=0,pass=9,op=O9_MA_SWAP,accepted=false,recoveryGain=true,qGain=-0.04020990493653532,fe=496428
formalLocal:outer=61,slot=0,pass=10,op=O1_JS_INSERT,accepted=false,recoveryGain=true,qGain=-0.15999709664231196,fe=496429
formalLocal:outer=61,slot=0,pass=10,op=O2_JS_REVERSE,accepted=false,recoveryGain=true,qGain=-0.7656404330157794,fe=496430
formalLocal:outer=61,slot=0,pass=10,op=O3_JS_SWAP,accepted=false,recoveryGain=true,qGain=-0.21900968826990772,fe=496431
formalLocal:outer=61,slot=0,pass=10,op=O4_WA_LOAD_TRANSFER,accepted=false,recoveryGain=true,qGain=-0.3304276264635237,fe=496432
formalLocal:outer=61,slot=0,pass=10,op=O5_WA_WEAK_TO_STRONG,accepted=false,recoveryGain=true,qGain=-0.2536859636647992,fe=496433
formalLocal:outer=61,slot=0,pass=10,op=O6_WA_SWAP,accepted=false,recoveryGain=true,qGain=-0.054602707744694834,fe=496434
formalLocal:outer=61,slot=0,pass=10,op=O7_MA_LOAD_TRANSFER,accepted=false,recoveryGain=true,qGain=-0.01014850186980804,fe=496435
formalLocal:outer=61,slot=0,pass=10,op=O8_MA_WEAK_TO_STRONG,accepted=false,recoveryGain=true,qGain=-0.21453088385289873,fe=496436
formalLocal:outer=61,slot=0,pass=10,op=O9_MA_SWAP,accepted=false,recoveryGain=true,qGain=-0.04020990493653532,fe=496437
formalLocal:outer=61,slot=0,pass=11,op=O1_JS_INSERT,accepted=false,recoveryGain=true,qGain=-0.7873632392431237,fe=496438
formalLocal:outer=61,slot=0,pass=11,op=O2_JS_REVERSE,accepted=false,recoveryGain=true,qGain=-1.0,fe=496439
formalLocal:outer=61,slot=0,pass=11,op=O3_JS_SWAP,accepted=false,recoveryGain=true,qGain=-0.9608613396171957,fe=496440
formalLocal:outer=61,slot=0,pass=11,op=O4_WA_LOAD_TRANSFER,accepted=false,recoveryGain=true,qGain=-0.3304276264635237,fe=496441
formalLocal:outer=61,slot=0,pass=11,op=O5_WA_WEAK_TO_STRONG,accepted=false,recoveryGain=true,qGain=-0.2536859636647992,fe=496442
formalLocal:outer=61,slot=0,pass=11,op=O6_WA_SWAP,accepted=false,recoveryGain=true,qGain=-0.054602707744694834,fe=496443
formalLocal:outer=61,slot=0,pass=11,op=O7_MA_LOAD_TRANSFER,accepted=false,recoveryGain=true,qGain=-0.01014850186980804,fe=496444
formalLocal:outer=61,slot=0,pass=11,op=O8_MA_WEAK_TO_STRONG,accepted=false,recoveryGain=true,qGain=-0.21453088385289873,fe=496445
formalLocal:outer=61,slot=0,pass=11,op=O9_MA_SWAP,accepted=false,recoveryGain=true,qGain=-0.04020990493653532,fe=496446
formalLocal:outer=61,slot=0,pass=12,op=O1_JS_INSERT,accepted=true,recoveryGain=true,qGain=0.04971401087214984,fe=496447
formalLocal:outer=61,slot=0,pass=12,op=O2_JS_REVERSE,accepted=true,recoveryGain=true,qGain=0.19716542456211958,fe=496448
formalLocal:outer=61,slot=0,pass=12,op=O3_JS_SWAP,accepted=false,recoveryGain=true,qGain=-0.5991398458499109,fe=496449
formalLocal:outer=61,slot=0,pass=12,op=O4_WA_LOAD_TRANSFER,accepted=false,recoveryGain=true,qGain=-0.43960707416366007,fe=496450
formalLocal:outer=61,slot=0,pass=12,op=O5_WA_WEAK_TO_STRONG,accepted=false,recoveryGain=true,qGain=-0.47645646312022005,fe=496451
formalLocal:outer=61,slot=0,pass=12,op=O6_WA_SWAP,accepted=false,recoveryGain=true,qGain=-2.6957810241829886E-4,fe=496452
formalLocal:outer=61,slot=0,pass=12,op=O7_MA_LOAD_TRANSFER,accepted=false,recoveryGain=true,qGain=-0.04355561654537463,fe=496453
formalLocal:outer=61,slot=0,pass=12,op=O8_MA_WEAK_TO_STRONG,accepted=false,recoveryGain=true,qGain=-0.40416807648313674,fe=496454
formalLocal:outer=61,slot=0,pass=12,op=O9_MA_SWAP,accepted=false,recoveryGain=true,qGain=-0.07693134340938826,fe=496455
formalLocal:outer=61,slot=0,pass=13,op=O1_JS_INSERT,accepted=false,recoveryGain=true,qGain=-0.956882090506173,fe=496456
formalLocal:outer=61,slot=0,pass=13,op=O2_JS_REVERSE,accepted=true,recoveryGain=true,qGain=0.0015172920507676658,fe=496457
formalLocal:outer=61,slot=0,pass=13,op=O3_JS_SWAP,accepted=false,recoveryGain=true,qGain=-1.0,fe=496458
formalLocal:outer=61,slot=0,pass=13,op=O4_WA_LOAD_TRANSFER,accepted=false,recoveryGain=true,qGain=-0.44276455643106366,fe=496459
formalLocal:outer=61,slot=0,pass=13,op=O5_WA_WEAK_TO_STRONG,accepted=false,recoveryGain=true,qGain=-0.47690633659693776,fe=496460
formalLocal:outer=61,slot=0,pass=13,op=O6_WA_SWAP,accepted=false,recoveryGain=true,qGain=-4.7302174131803583E-4,fe=496461
formalLocal:outer=61,slot=0,pass=13,op=O7_MA_LOAD_TRANSFER,accepted=false,recoveryGain=true,qGain=-0.053605467340697745,fe=496462
formalLocal:outer=61,slot=0,pass=13,op=O8_MA_WEAK_TO_STRONG,accepted=false,recoveryGain=true,qGain=-0.40455696207572434,fe=496463
formalLocal:outer=61,slot=0,pass=13,op=O9_MA_SWAP,accepted=false,recoveryGain=true,qGain=-0.08698499623514816,fe=496464
formalLocal:outer=61,slot=0,pass=14,op=O1_JS_INSERT,accepted=false,recoveryGain=true,qGain=-0.46012897874089154,fe=496465
formalLocal:outer=61,slot=0,pass=14,op=O2_JS_REVERSE,accepted=false,recoveryGain=true,qGain=-0.5949302433806531,fe=496466
formalLocal:outer=61,slot=0,pass=14,op=O3_JS_SWAP,accepted=false,recoveryGain=true,qGain=-0.7605321686772194,fe=496467
formalLocal:outer=61,slot=0,pass=14,op=O4_WA_LOAD_TRANSFER,accepted=false,recoveryGain=true,qGain=-0.44276455643106366,fe=496468
formalLocal:outer=61,slot=0,pass=14,op=O5_WA_WEAK_TO_STRONG,accepted=false,recoveryGain=true,qGain=-0.47690633659693776,fe=496469
formalLocal:outer=61,slot=0,pass=14,op=O6_WA_SWAP,accepted=false,recoveryGain=true,qGain=-4.7302174131803583E-4,fe=496470
formalLocal:outer=61,slot=0,pass=14,op=O7_MA_LOAD_TRANSFER,accepted=false,recoveryGain=true,qGain=-0.053605467340697745,fe=496471
formalLocal:outer=61,slot=0,pass=14,op=O8_MA_WEAK_TO_STRONG,accepted=false,recoveryGain=true,qGain=-0.40455696207572434,fe=496472
formalLocal:outer=61,slot=0,pass=14,op=O9_MA_SWAP,accepted=false,recoveryGain=true,qGain=-0.08698499623514816,fe=496473
formalLocal:outer=61,slot=0,pass=15,op=O1_JS_INSERT,accepted=false,recoveryGain=true,qGain=-0.1300227671293962,fe=496474
formalLocal:outer=61,slot=0,pass=15,op=O2_JS_REVERSE,accepted=false,recoveryGain=true,qGain=-0.09128358714710913,fe=496475
formalLocal:outer=61,slot=0,pass=15,op=O3_JS_SWAP,accepted=false,recoveryGain=true,qGain=-0.03629869796893256,fe=496476
formalLocal:outer=61,slot=0,pass=15,op=O4_WA_LOAD_TRANSFER,accepted=false,recoveryGain=true,qGain=-0.44276455643106366,fe=496477
formalLocal:outer=61,slot=0,pass=15,op=O5_WA_WEAK_TO_STRONG,accepted=false,recoveryGain=true,qGain=-0.47690633659693776,fe=496478
formalLocal:outer=61,slot=0,pass=15,op=O6_WA_SWAP,accepted=false,recoveryGain=true,qGain=-4.7302174131803583E-4,fe=496479
formalLocal:outer=61,slot=0,pass=15,op=O7_MA_LOAD_TRANSFER,accepted=false,recoveryGain=true,qGain=-0.053605467340697745,fe=496480
formalLocal:outer=61,slot=0,pass=15,op=O8_MA_WEAK_TO_STRONG,accepted=false,recoveryGain=true,qGain=-0.40455696207572434,fe=496481
formalLocal:outer=61,slot=0,pass=15,op=O9_MA_SWAP,accepted=false,recoveryGain=true,qGain=-0.08698499623514816,fe=496482
formalLocal:outer=61,slot=0,pass=16,op=O1_JS_INSERT,accepted=true,recoveryGain=true,qGain=0.00398872099544697,fe=496483
formalLocal:outer=61,slot=0,pass=16,op=O2_JS_REVERSE,accepted=false,recoveryGain=true,qGain=0.0,fe=496484
formalLocal:outer=61,slot=0,pass=16,op=O3_JS_SWAP,accepted=false,recoveryGain=true,qGain=-0.4334168405724909,fe=496485
formalLocal:outer=61,slot=0,pass=16,op=O4_WA_LOAD_TRANSFER,accepted=false,recoveryGain=true,qGain=-0.4419228389068586,fe=496486
formalLocal:outer=61,slot=0,pass=16,op=O5_WA_WEAK_TO_STRONG,accepted=false,recoveryGain=true,qGain=-0.4783512107290313,fe=496487
formalLocal:outer=61,slot=0,pass=16,op=O6_WA_SWAP,accepted=false,recoveryGain=true,qGain=-3.0155872137068546E-4,fe=496488
formalLocal:outer=61,slot=0,pass=16,op=O7_MA_LOAD_TRANSFER,accepted=false,recoveryGain=true,qGain=-0.052901311124432304,fe=496489
formalLocal:outer=61,slot=0,pass=16,op=O8_MA_WEAK_TO_STRONG,accepted=false,recoveryGain=true,qGain=-0.4056701380162694,fe=496490
formalLocal:outer=61,slot=0,pass=16,op=O9_MA_SWAP,accepted=false,recoveryGain=true,qGain=-0.08645445154236078,fe=496491
formalLocal:outer=61,slot=0,pass=17,op=O1_JS_INSERT,accepted=false,recoveryGain=true,qGain=-0.15204217675621812,fe=496492
formalLocal:outer=61,slot=0,pass=17,op=O2_JS_REVERSE,accepted=false,recoveryGain=true,qGain=-0.6922649179907597,fe=496493
formalLocal:outer=61,slot=0,pass=17,op=O3_JS_SWAP,accepted=false,recoveryGain=true,qGain=0.0,fe=496494
formalLocal:outer=61,slot=0,pass=17,op=O4_WA_LOAD_TRANSFER,accepted=false,recoveryGain=true,qGain=-0.4419228389068586,fe=496495
formalLocal:outer=61,slot=0,pass=17,op=O5_WA_WEAK_TO_STRONG,accepted=false,recoveryGain=true,qGain=-0.4783512107290313,fe=496496
formalLocal:outer=61,slot=0,pass=17,op=O6_WA_SWAP,accepted=false,recoveryGain=true,qGain=-3.0155872137068546E-4,fe=496497
formalLocal:outer=61,slot=0,pass=17,op=O7_MA_LOAD_TRANSFER,accepted=false,recoveryGain=true,qGain=-0.052901311124432304,fe=496498
formalLocal:outer=61,slot=0,pass=17,op=O8_MA_WEAK_TO_STRONG,accepted=false,recoveryGain=true,qGain=-0.4056701380162694,fe=496499
formalLocal:outer=61,slot=0,pass=17,op=O9_MA_SWAP,accepted=false,recoveryGain=true,qGain=-0.08645445154236078,fe=496500
formalLocal:outer=61,slot=0,pass=18,op=O1_JS_INSERT,accepted=false,recoveryGain=true,qGain=0.0,fe=496501
formalLocal:outer=61,slot=0,pass=18,op=O2_JS_REVERSE,accepted=false,recoveryGain=true,qGain=-0.6489730009026203,fe=496502
formalLocal:outer=61,slot=0,pass=18,op=O3_JS_SWAP,accepted=true,recoveryGain=true,qGain=0.008538567828160178,fe=496503
formalLocal:outer=61,slot=0,pass=18,op=O4_WA_LOAD_TRANSFER,accepted=false,recoveryGain=true,qGain=-0.4395497420309886,fe=496504
formalLocal:outer=61,slot=0,pass=18,op=O5_WA_WEAK_TO_STRONG,accepted=false,recoveryGain=true,qGain=-0.47434826345501885,fe=496505
formalLocal:outer=61,slot=0,pass=18,op=O6_WA_SWAP,accepted=false,recoveryGain=true,qGain=-3.6692000486609116E-4,fe=496506
formalLocal:outer=61,slot=0,pass=18,op=O7_MA_LOAD_TRANSFER,accepted=false,recoveryGain=true,qGain=-0.053643164236668574,fe=496507
formalLocal:outer=61,slot=0,pass=18,op=O8_MA_WEAK_TO_STRONG,accepted=false,recoveryGain=true,qGain=-0.4010546508580143,fe=496508
formalLocal:outer=61,slot=0,pass=18,op=O9_MA_SWAP,accepted=false,recoveryGain=true,qGain=-0.08747216559553797,fe=496509
formalLocal:outer=61,slot=0,pass=19,op=O1_JS_INSERT,accepted=false,recoveryGain=true,qGain=-0.2754322573194885,fe=496510
formalLocal:outer=61,slot=0,pass=19,op=O2_JS_REVERSE,accepted=false,recoveryGain=true,qGain=-0.14308987503642925,fe=496511
formalLocal:outer=61,slot=0,pass=19,op=O3_JS_SWAP,accepted=false,recoveryGain=true,qGain=-0.06631767229552232,fe=496512
formalLocal:outer=61,slot=0,pass=19,op=O4_WA_LOAD_TRANSFER,accepted=false,recoveryGain=true,qGain=-0.4395497420309886,fe=496513
formalLocal:outer=61,slot=0,pass=19,op=O5_WA_WEAK_TO_STRONG,accepted=false,recoveryGain=true,qGain=-0.47434826345501885,fe=496514
formalLocal:outer=61,slot=0,pass=19,op=O6_WA_SWAP,accepted=false,recoveryGain=true,qGain=-3.6692000486609116E-4,fe=496515
formalLocal:outer=61,slot=0,pass=19,op=O7_MA_LOAD_TRANSFER,accepted=false,recoveryGain=true,qGain=-0.053643164236668574,fe=496516
formalLocal:outer=61,slot=0,pass=19,op=O8_MA_WEAK_TO_STRONG,accepted=false,recoveryGain=true,qGain=-0.4010546508580143,fe=496517
formalLocal:outer=61,slot=0,pass=19,op=O9_MA_SWAP,accepted=false,recoveryGain=true,qGain=-0.08747216559553797,fe=496518
formalLocal:outer=61,slot=0,pass=20,op=O1_JS_INSERT,accepted=false,recoveryGain=true,qGain=-0.29791086761391267,fe=496519
formalLocal:outer=61,slot=0,pass=20,op=O2_JS_REVERSE,accepted=false,recoveryGain=true,qGain=-0.9007640838826594,fe=496520
formalLocal:outer=61,slot=0,pass=20,op=O3_JS_SWAP,accepted=false,recoveryGain=true,qGain=-0.6996259048194828,fe=496521
formalLocal:outer=61,slot=0,pass=20,op=O4_WA_LOAD_TRANSFER,accepted=false,recoveryGain=true,qGain=-0.4395497420309886,fe=496522
formalLocal:outer=61,slot=0,pass=20,op=O5_WA_WEAK_TO_STRONG,accepted=false,recoveryGain=true,qGain=-0.47434826345501885,fe=496523
formalLocal:outer=61,slot=0,pass=20,op=O6_WA_SWAP,accepted=false,recoveryGain=true,qGain=-3.6692000486609116E-4,fe=496524
formalLocal:outer=61,slot=0,pass=20,op=O7_MA_LOAD_TRANSFER,accepted=false,recoveryGain=true,qGain=-0.053643164236668574,fe=496525
formalLocal:outer=61,slot=0,pass=20,op=O8_MA_WEAK_TO_STRONG,accepted=false,recoveryGain=true,qGain=-0.4010546508580143,fe=496526
formalLocal:outer=61,slot=0,pass=20,op=O9_MA_SWAP,accepted=false,recoveryGain=true,qGain=-0.08747216559553797,fe=496527
formalLocal:outer=61,slot=0,pass=21,op=O1_JS_INSERT,accepted=false,recoveryGain=true,qGain=-0.44341508173425265,fe=496528
formalLocal:outer=61,slot=0,pass=21,op=O2_JS_REVERSE,accepted=false,recoveryGain=true,qGain=0.0,fe=496529
formalLocal:outer=61,slot=0,pass=21,op=O3_JS_SWAP,accepted=false,recoveryGain=true,qGain=-0.9157375064838605,fe=496530
formalLocal:outer=61,slot=0,pass=21,op=O4_WA_LOAD_TRANSFER,accepted=false,recoveryGain=true,qGain=-0.4395497420309886,fe=496531
formalLocal:outer=61,slot=0,pass=21,op=O5_WA_WEAK_TO_STRONG,accepted=false,recoveryGain=true,qGain=-0.47434826345501885,fe=496532
formalLocal:outer=61,slot=0,pass=21,op=O6_WA_SWAP,accepted=false,recoveryGain=true,qGain=-3.6692000486609116E-4,fe=496533
formalLocal:outer=61,slot=0,pass=21,op=O7_MA_LOAD_TRANSFER,accepted=false,recoveryGain=true,qGain=-0.053643164236668574,fe=496534
formalLocal:outer=61,slot=0,pass=21,op=O8_MA_WEAK_TO_STRONG,accepted=false,recoveryGain=true,qGain=-0.4010546508580143,fe=496535
formalLocal:outer=61,slot=0,pass=21,op=O9_MA_SWAP,accepted=false,recoveryGain=true,qGain=-0.08747216559553797,fe=496536
formalLocal:outer=61,slot=0,pass=22,op=O1_JS_INSERT,accepted=false,recoveryGain=true,qGain=-0.456934338467527,fe=496537
formalLocal:outer=61,slot=0,pass=22,op=O2_JS_REVERSE,accepted=false,recoveryGain=true,qGain=-0.36587962499987425,fe=496538
formalLocal:outer=61,slot=0,pass=22,op=O3_JS_SWAP,accepted=false,recoveryGain=true,qGain=-0.39959887733475646,fe=496539
formalLocal:outer=61,slot=0,pass=22,op=O4_WA_LOAD_TRANSFER,accepted=false,recoveryGain=true,qGain=-0.4395497420309886,fe=496540
formalLocal:outer=61,slot=0,pass=22,op=O5_WA_WEAK_TO_STRONG,accepted=false,recoveryGain=true,qGain=-0.47434826345501885,fe=496541
formalLocal:outer=61,slot=0,pass=22,op=O6_WA_SWAP,accepted=false,recoveryGain=true,qGain=-3.6692000486609116E-4,fe=496542
formalLocal:outer=61,slot=0,pass=22,op=O7_MA_LOAD_TRANSFER,accepted=false,recoveryGain=true,qGain=-0.053643164236668574,fe=496543
formalLocal:outer=61,slot=0,pass=22,op=O8_MA_WEAK_TO_STRONG,accepted=false,recoveryGain=true,qGain=-0.4010546508580143,fe=496544
formalLocal:outer=61,slot=0,pass=22,op=O9_MA_SWAP,accepted=false,recoveryGain=true,qGain=-0.08747216559553797,fe=496545
formalLocal:outer=61,slot=0,pass=23,op=O1_JS_INSERT,accepted=false,recoveryGain=true,qGain=-1.0,fe=496546
formalLocal:outer=61,slot=0,pass=23,op=O2_JS_REVERSE,accepted=false,recoveryGain=true,qGain=-0.19077183419185625,fe=496547
formalLocal:outer=61,slot=0,pass=23,op=O3_JS_SWAP,accepted=false,recoveryGain=true,qGain=-0.6233930043361856,fe=496548
formalLocal:outer=61,slot=0,pass=23,op=O4_WA_LOAD_TRANSFER,accepted=false,recoveryGain=true,qGain=-0.4395497420309886,fe=496549
formalLocal:outer=61,slot=0,pass=23,op=O5_WA_WEAK_TO_STRONG,accepted=false,recoveryGain=true,qGain=-0.47434826345501885,fe=496550
formalLocal:outer=61,slot=0,pass=23,op=O6_WA_SWAP,accepted=false,recoveryGain=true,qGain=-3.6692000486609116E-4,fe=496551
formalLocal:outer=61,slot=0,pass=23,op=O7_MA_LOAD_TRANSFER,accepted=false,recoveryGain=true,qGain=-0.053643164236668574,fe=496552
formalLocal:outer=61,slot=0,pass=23,op=O8_MA_WEAK_TO_STRONG,accepted=false,recoveryGain=true,qGain=-0.4010546508580143,fe=496553
formalLocal:outer=61,slot=0,pass=23,op=O9_MA_SWAP,accepted=false,recoveryGain=true,qGain=-0.08747216559553797,fe=496554
formalLocal:outer=61,slot=0,pass=24,op=O1_JS_INSERT,accepted=false,recoveryGain=true,qGain=-0.4259685412715148,fe=496555
formalLocal:outer=61,slot=0,pass=24,op=O2_JS_REVERSE,accepted=false,recoveryGain=true,qGain=-0.3816947019214001,fe=496556
formalLocal:outer=61,slot=0,pass=24,op=O3_JS_SWAP,accepted=false,recoveryGain=true,qGain=-0.030697693350576344,fe=496557
formalLocal:outer=61,slot=0,pass=24,op=O4_WA_LOAD_TRANSFER,accepted=false,recoveryGain=true,qGain=-0.4395497420309886,fe=496558
formalLocal:outer=61,slot=0,pass=24,op=O5_WA_WEAK_TO_STRONG,accepted=false,recoveryGain=true,qGain=-0.47434826345501885,fe=496559
formalLocal:outer=61,slot=0,pass=24,op=O6_WA_SWAP,accepted=false,recoveryGain=true,qGain=-3.6692000486609116E-4,fe=496560
formalLocal:outer=61,slot=0,pass=24,op=O7_MA_LOAD_TRANSFER,accepted=false,recoveryGain=true,qGain=-0.053643164236668574,fe=496561
formalLocal:outer=61,slot=0,pass=24,op=O8_MA_WEAK_TO_STRONG,accepted=false,recoveryGain=true,qGain=-0.4010546508580143,fe=496562
formalLocal:outer=61,slot=0,pass=24,op=O9_MA_SWAP,accepted=false,recoveryGain=true,qGain=-0.08747216559553797,fe=496563
formalLocal:outer=61,slot=0,pass=25,op=O1_JS_INSERT,accepted=false,recoveryGain=true,qGain=-0.07486739680412405,fe=496564
formalLocal:outer=61,slot=0,pass=25,op=O2_JS_REVERSE,accepted=false,recoveryGain=true,qGain=-0.6304810378259783,fe=496565
formalLocal:outer=61,slot=0,pass=25,op=O3_JS_SWAP,accepted=false,recoveryGain=true,qGain=-0.5536101076127738,fe=496566
formalLocal:outer=61,slot=0,pass=25,op=O4_WA_LOAD_TRANSFER,accepted=false,recoveryGain=true,qGain=-0.4395497420309886,fe=496567
formalLocal:outer=61,slot=0,pass=25,op=O5_WA_WEAK_TO_STRONG,accepted=false,recoveryGain=true,qGain=-0.47434826345501885,fe=496568
formalLocal:outer=61,slot=0,pass=25,op=O6_WA_SWAP,accepted=false,recoveryGain=true,qGain=-3.6692000486609116E-4,fe=496569
formalLocal:outer=61,slot=0,pass=25,op=O7_MA_LOAD_TRANSFER,accepted=false,recoveryGain=true,qGain=-0.053643164236668574,fe=496570
formalLocal:outer=61,slot=0,pass=25,op=O8_MA_WEAK_TO_STRONG,accepted=false,recoveryGain=true,qGain=-0.4010546508580143,fe=496571
formalLocal:outer=61,slot=0,pass=25,op=O9_MA_SWAP,accepted=false,recoveryGain=true,qGain=-0.08747216559553797,fe=496572
formalLocal:outer=61,slot=0,pass=26,op=O1_JS_INSERT,accepted=true,recoveryGain=true,qGain=0.0038973686072160374,fe=496573
formalLocal:outer=61,slot=0,pass=26,op=O2_JS_REVERSE,accepted=false,recoveryGain=true,qGain=-0.31683010191773486,fe=496574
formalLocal:outer=61,slot=0,pass=26,op=O3_JS_SWAP,accepted=false,recoveryGain=true,qGain=-0.5602282682930364,fe=496575
formalLocal:outer=61,slot=0,pass=26,op=O4_WA_LOAD_TRANSFER,accepted=false,recoveryGain=true,qGain=-0.44792233688905986,fe=496576
formalLocal:outer=61,slot=0,pass=26,op=O5_WA_WEAK_TO_STRONG,accepted=false,recoveryGain=true,qGain=-0.4856636328453097,fe=496577
formalLocal:outer=61,slot=0,pass=26,op=O6_WA_SWAP,accepted=false,recoveryGain=true,qGain=-2.8335924077465256E-4,fe=496578
formalLocal:outer=61,slot=0,pass=26,op=O7_MA_LOAD_TRANSFER,accepted=false,recoveryGain=true,qGain=-0.0455334402507839,fe=496579
formalLocal:outer=61,slot=0,pass=26,op=O8_MA_WEAK_TO_STRONG,accepted=false,recoveryGain=true,qGain=-0.412063975886187,fe=496580
formalLocal:outer=61,slot=0,pass=26,op=O9_MA_SWAP,accepted=false,recoveryGain=true,qGain=-0.07951376589089248,fe=496581
formalLocal:outer=61,slot=0,pass=27,op=O1_JS_INSERT,accepted=false,recoveryGain=true,qGain=-0.3488871242846259,fe=496582
formalLocal:outer=61,slot=0,pass=27,op=O2_JS_REVERSE,accepted=false,recoveryGain=true,qGain=-0.6932229511052864,fe=496583
formalLocal:outer=61,slot=0,pass=27,op=O3_JS_SWAP,accepted=false,recoveryGain=true,qGain=-0.785119149104004,fe=496584
formalLocal:outer=61,slot=0,pass=27,op=O4_WA_LOAD_TRANSFER,accepted=false,recoveryGain=true,qGain=-0.44792233688905986,fe=496585
formalLocal:outer=61,slot=0,pass=27,op=O5_WA_WEAK_TO_STRONG,accepted=false,recoveryGain=true,qGain=-0.4856636328453097,fe=496586
formalLocal:outer=61,slot=0,pass=27,op=O6_WA_SWAP,accepted=false,recoveryGain=true,qGain=-2.8335924077465256E-4,fe=496587
formalLocal:outer=61,slot=0,pass=27,op=O7_MA_LOAD_TRANSFER,accepted=false,recoveryGain=true,qGain=-0.0455334402507839,fe=496588
formalLocal:outer=61,slot=0,pass=27,op=O8_MA_WEAK_TO_STRONG,accepted=false,recoveryGain=true,qGain=-0.412063975886187,fe=496589
formalLocal:outer=61,slot=0,pass=27,op=O9_MA_SWAP,accepted=false,recoveryGain=true,qGain=-0.07951376589089248,fe=496590
formalLocal:outer=61,slot=0,pass=28,op=O1_JS_INSERT,accepted=false,recoveryGain=true,qGain=-0.439076723765644,fe=496591
formalLocal:outer=61,slot=0,pass=28,op=O2_JS_REVERSE,accepted=false,recoveryGain=true,qGain=-0.6377164998255698,fe=496592
formalLocal:outer=61,slot=0,pass=28,op=O3_JS_SWAP,accepted=false,recoveryGain=true,qGain=-0.5556431958287953,fe=496593
formalLocal:outer=61,slot=0,pass=28,op=O4_WA_LOAD_TRANSFER,accepted=false,recoveryGain=true,qGain=-0.44792233688905986,fe=496594
formalLocal:outer=61,slot=0,pass=28,op=O5_WA_WEAK_TO_STRONG,accepted=false,recoveryGain=true,qGain=-0.4856636328453097,fe=496595
formalLocal:outer=61,slot=0,pass=28,op=O6_WA_SWAP,accepted=false,recoveryGain=true,qGain=-2.8335924077465256E-4,fe=496596
formalLocal:outer=61,slot=0,pass=28,op=O7_MA_LOAD_TRANSFER,accepted=false,recoveryGain=true,qGain=-0.0455334402507839,fe=496597
formalLocal:outer=61,slot=0,pass=28,op=O8_MA_WEAK_TO_STRONG,accepted=false,recoveryGain=true,qGain=-0.412063975886187,fe=496598
formalLocal:outer=61,slot=0,pass=28,op=O9_MA_SWAP,accepted=false,recoveryGain=true,qGain=-0.07951376589089248,fe=496599
formalLocal:outer=61,slot=0,pass=29,op=O1_JS_INSERT,accepted=false,recoveryGain=true,qGain=-0.3138120434103894,fe=496600
formalLocal:outer=61,slot=0,pass=29,op=O2_JS_REVERSE,accepted=true,recoveryGain=true,qGain=0.008505444126305989,fe=496601
formalLocal:outer=61,slot=0,pass=29,op=O3_JS_SWAP,accepted=false,recoveryGain=true,qGain=-0.38451436364932484,fe=496602
formalLocal:outer=61,slot=0,pass=29,op=O4_WA_LOAD_TRANSFER,accepted=false,recoveryGain=true,qGain=-0.462196439031,fe=496603
formalLocal:outer=61,slot=0,pass=29,op=O5_WA_WEAK_TO_STRONG,accepted=false,recoveryGain=true,qGain=-0.4892537014636376,fe=496604
formalLocal:outer=61,slot=0,pass=29,op=O6_WA_SWAP,accepted=false,recoveryGain=true,qGain=-2.819850514115224E-4,fe=496605
formalLocal:outer=61,slot=0,pass=29,op=O7_MA_LOAD_TRANSFER,accepted=false,recoveryGain=true,qGain=-0.06367220049767637,fe=496606
formalLocal:outer=61,slot=0,pass=29,op=O8_MA_WEAK_TO_STRONG,accepted=false,recoveryGain=true,qGain=-0.41502269641765815,fe=496607
formalLocal:outer=61,slot=0,pass=29,op=O9_MA_SWAP,accepted=false,recoveryGain=true,qGain=-0.09794360345126994,fe=496608
formalLocal:outer=61,slot=1,op=CRITICAL_FACTORY_SWAP,accepted=false,fe=496609
formalLocal:outer=61,slot=1,op=CRITICAL_FACTORY_INSERT,accepted=true,fe=496610
formalLocal:outer=61,slot=1,pass=0,op=O1_JS_INSERT,accepted=false,recoveryGain=true,qGain=-0.9281200155460485,fe=496611
formalLocal:outer=61,slot=1,pass=0,op=O2_JS_REVERSE,accepted=false,recoveryGain=true,qGain=-0.38131274465780973,fe=496612
formalLocal:outer=61,slot=1,pass=0,op=O3_JS_SWAP,accepted=false,recoveryGain=true,qGain=-0.7825012176201426,fe=496613
formalLocal:outer=61,slot=1,pass=0,op=O4_WA_LOAD_TRANSFER,accepted=false,recoveryGain=true,qGain=-0.5464611747617263,fe=496614
formalLocal:outer=61,slot=1,pass=0,op=O5_WA_WEAK_TO_STRONG,accepted=false,recoveryGain=true,qGain=-0.013617250262452389,fe=496615
formalLocal:outer=61,slot=1,pass=0,op=O6_WA_SWAP,accepted=true,recoveryGain=true,qGain=0.016014603820954033,fe=496616
formalLocal:outer=61,slot=1,pass=0,op=O7_MA_LOAD_TRANSFER,accepted=false,recoveryGain=true,qGain=-0.053131059148488015,fe=496617
formalLocal:outer=61,slot=1,pass=0,op=O8_MA_WEAK_TO_STRONG,accepted=false,recoveryGain=true,qGain=-0.5981991599475632,fe=496618
formalLocal:outer=61,slot=1,pass=0,op=O9_MA_SWAP,accepted=false,recoveryGain=true,qGain=-0.32620376981807153,fe=496619
formalLocal:outer=61,slot=1,pass=1,op=O1_JS_INSERT,accepted=false,recoveryGain=true,qGain=-0.6424895116389079,fe=496620
formalLocal:outer=61,slot=1,pass=1,op=O2_JS_REVERSE,accepted=false,recoveryGain=true,qGain=-0.41922254091270783,fe=496621
formalLocal:outer=61,slot=1,pass=1,op=O3_JS_SWAP,accepted=false,recoveryGain=true,qGain=-3.4851489762080133E-4,fe=496622
formalLocal:outer=61,slot=1,pass=1,op=O4_WA_LOAD_TRANSFER,accepted=false,recoveryGain=true,qGain=-0.15370494386939762,fe=496623
formalLocal:outer=61,slot=1,pass=1,op=O5_WA_WEAK_TO_STRONG,accepted=false,recoveryGain=true,qGain=-0.3908862662903036,fe=496624
formalLocal:outer=61,slot=1,pass=1,op=O6_WA_SWAP,accepted=false,recoveryGain=true,qGain=-0.01627524542858156,fe=496625
formalLocal:outer=61,slot=1,pass=1,op=O7_MA_LOAD_TRANSFER,accepted=false,recoveryGain=true,qGain=-0.053131059148488015,fe=496626
formalLocal:outer=61,slot=1,pass=1,op=O8_MA_WEAK_TO_STRONG,accepted=false,recoveryGain=true,qGain=-0.5981991599475632,fe=496627
formalLocal:outer=61,slot=1,pass=1,op=O9_MA_SWAP,accepted=false,recoveryGain=true,qGain=-0.32620376981807153,fe=496628
formalLocal:outer=61,slot=1,pass=2,op=O1_JS_INSERT,accepted=false,recoveryGain=true,qGain=-0.8084653964480077,fe=496629
formalLocal:outer=61,slot=1,pass=2,op=O2_JS_REVERSE,accepted=false,recoveryGain=true,qGain=-1.0,fe=496630
formalLocal:outer=61,slot=1,pass=2,op=O3_JS_SWAP,accepted=false,recoveryGain=true,qGain=-0.761770597058054,fe=496631
formalLocal:outer=61,slot=1,pass=2,op=O4_WA_LOAD_TRANSFER,accepted=false,recoveryGain=true,qGain=-0.15370494386939762,fe=496632
formalLocal:outer=61,slot=1,pass=2,op=O5_WA_WEAK_TO_STRONG,accepted=false,recoveryGain=true,qGain=-0.3908862662903036,fe=496633
formalLocal:outer=61,slot=1,pass=2,op=O6_WA_SWAP,accepted=false,recoveryGain=true,qGain=-0.01627524542858156,fe=496634
formalLocal:outer=61,slot=1,pass=2,op=O7_MA_LOAD_TRANSFER,accepted=false,recoveryGain=true,qGain=-0.053131059148488015,fe=496635
formalLocal:outer=61,slot=1,pass=2,op=O8_MA_WEAK_TO_STRONG,accepted=false,recoveryGain=true,qGain=-0.5981991599475632,fe=496636
formalLocal:outer=61,slot=1,pass=2,op=O9_MA_SWAP,accepted=false,recoveryGain=true,qGain=-0.32620376981807153,fe=496637
formalLocal:outer=61,slot=1,pass=3,op=O1_JS_INSERT,accepted=false,recoveryGain=true,qGain=-0.7134990853126045,fe=496638
formalLocal:outer=61,slot=1,pass=3,op=O2_JS_REVERSE,accepted=false,recoveryGain=true,qGain=-0.010742466962158718,fe=496639
formalLocal:outer=61,slot=1,pass=3,op=O3_JS_SWAP,accepted=true,recoveryGain=true,qGain=0.248971904854169,fe=496640
formalLocal:outer=61,slot=1,pass=3,op=O4_WA_LOAD_TRANSFER,accepted=false,recoveryGain=true,qGain=-0.07835341875057893,fe=496641
formalLocal:outer=61,slot=1,pass=3,op=O5_WA_WEAK_TO_STRONG,accepted=false,recoveryGain=true,qGain=-0.4338594881034236,fe=496642
formalLocal:outer=61,slot=1,pass=3,op=O6_WA_SWAP,accepted=true,recoveryGain=true,qGain=0.017302110546952795,fe=496643
formalLocal:outer=61,slot=1,pass=3,op=O7_MA_LOAD_TRANSFER,accepted=false,recoveryGain=true,qGain=0.0,fe=496644
formalLocal:outer=61,slot=1,pass=3,op=O8_MA_WEAK_TO_STRONG,accepted=false,recoveryGain=true,qGain=-1.0,fe=496645
formalLocal:outer=61,slot=1,pass=3,op=O9_MA_SWAP,accepted=false,recoveryGain=true,qGain=-1.0,fe=496646
formalLocal:outer=61,slot=1,pass=4,op=O1_JS_INSERT,accepted=false,recoveryGain=true,qGain=-0.19117375683594853,fe=496647
formalLocal:outer=61,slot=1,pass=4,op=O2_JS_REVERSE,accepted=true,recoveryGain=true,qGain=8.844433287406146E-4,fe=496648
formalLocal:outer=61,slot=1,pass=4,op=O3_JS_SWAP,accepted=true,recoveryGain=true,qGain=0.19075716470554765,fe=496649
formalLocal:outer=61,slot=1,pass=4,op=O4_WA_LOAD_TRANSFER,accepted=false,recoveryGain=true,qGain=-0.8719711346333547,fe=496650
formalLocal:outer=61,slot=1,pass=4,op=O5_WA_WEAK_TO_STRONG,accepted=false,recoveryGain=true,qGain=-0.0034025314267268846,fe=496651
formalLocal:outer=61,slot=1,pass=4,op=O6_WA_SWAP,accepted=false,recoveryGain=true,qGain=-0.00927555285429836,fe=496652
formalLocal:outer=61,slot=1,pass=4,op=O7_MA_LOAD_TRANSFER,accepted=false,recoveryGain=true,qGain=-0.09855080875055028,fe=496653
formalLocal:outer=61,slot=1,pass=4,op=O8_MA_WEAK_TO_STRONG,accepted=false,recoveryGain=true,qGain=-0.8784306154876339,fe=496654
formalLocal:outer=61,slot=1,pass=4,op=O9_MA_SWAP,accepted=false,recoveryGain=true,qGain=-0.35003455847939213,fe=496655
formalLocal:outer=61,slot=1,pass=5,op=O1_JS_INSERT,accepted=false,recoveryGain=true,qGain=-0.5376834719433767,fe=496656
formalLocal:outer=61,slot=1,pass=5,op=O2_JS_REVERSE,accepted=false,recoveryGain=true,qGain=-0.0042936726695560565,fe=496657
formalLocal:outer=61,slot=1,pass=5,op=O3_JS_SWAP,accepted=true,recoveryGain=true,qGain=0.03539971278253524,fe=496658
formalLocal:outer=61,slot=1,pass=5,op=O4_WA_LOAD_TRANSFER,accepted=false,recoveryGain=true,qGain=-0.5830717532254164,fe=496659
formalLocal:outer=61,slot=1,pass=5,op=O5_WA_WEAK_TO_STRONG,accepted=true,recoveryGain=true,qGain=0.022493383159828757,fe=496660
formalLocal:outer=61,slot=1,pass=5,op=O6_WA_SWAP,accepted=false,recoveryGain=true,qGain=-1.0,fe=496661
formalLocal:outer=61,slot=1,pass=5,op=O7_MA_LOAD_TRANSFER,accepted=false,recoveryGain=true,qGain=0.0,fe=496662
formalLocal:outer=61,slot=1,pass=5,op=O8_MA_WEAK_TO_STRONG,accepted=false,recoveryGain=true,qGain=-1.0,fe=496663
formalLocal:outer=61,slot=1,pass=5,op=O9_MA_SWAP,accepted=false,recoveryGain=true,qGain=-1.0,fe=496664
formalLocal:outer=61,slot=1,pass=6,op=O1_JS_INSERT,accepted=false,recoveryGain=true,qGain=-0.17102471805103883,fe=496665
formalLocal:outer=61,slot=1,pass=6,op=O2_JS_REVERSE,accepted=false,recoveryGain=true,qGain=-1.0,fe=496666
formalLocal:outer=61,slot=1,pass=6,op=O3_JS_SWAP,accepted=false,recoveryGain=true,qGain=-0.6492985487662867,fe=496667
formalLocal:outer=61,slot=1,pass=6,op=O4_WA_LOAD_TRANSFER,accepted=false,recoveryGain=true,qGain=-1.0,fe=496668
formalLocal:outer=61,slot=1,pass=6,op=O5_WA_WEAK_TO_STRONG,accepted=false,recoveryGain=true,qGain=-0.7535406173320716,fe=496669
formalLocal:outer=61,slot=1,pass=6,op=O6_WA_SWAP,accepted=false,recoveryGain=true,qGain=-1.0,fe=496670
formalLocal:outer=61,slot=1,pass=6,op=O7_MA_LOAD_TRANSFER,accepted=false,recoveryGain=true,qGain=0.0,fe=496671
formalLocal:outer=61,slot=1,pass=6,op=O8_MA_WEAK_TO_STRONG,accepted=false,recoveryGain=true,qGain=-1.0,fe=496672
formalLocal:outer=61,slot=1,pass=6,op=O9_MA_SWAP,accepted=false,recoveryGain=true,qGain=-1.0,fe=496673
formalLocal:outer=61,slot=1,pass=7,op=O1_JS_INSERT,accepted=false,recoveryGain=true,qGain=-0.0015926273210811756,fe=496674
formalLocal:outer=61,slot=1,pass=7,op=O2_JS_REVERSE,accepted=false,recoveryGain=true,qGain=-1.0,fe=496675
formalLocal:outer=61,slot=1,pass=7,op=O3_JS_SWAP,accepted=false,recoveryGain=true,qGain=-1.0,fe=496676
formalLocal:outer=61,slot=1,pass=7,op=O4_WA_LOAD_TRANSFER,accepted=false,recoveryGain=true,qGain=-1.0,fe=496677
formalLocal:outer=61,slot=1,pass=7,op=O5_WA_WEAK_TO_STRONG,accepted=false,recoveryGain=true,qGain=-0.7535406173320716,fe=496678
formalLocal:outer=61,slot=1,pass=7,op=O6_WA_SWAP,accepted=false,recoveryGain=true,qGain=-1.0,fe=496679
formalLocal:outer=61,slot=1,pass=7,op=O7_MA_LOAD_TRANSFER,accepted=false,recoveryGain=true,qGain=0.0,fe=496680
formalLocal:outer=61,slot=1,pass=7,op=O8_MA_WEAK_TO_STRONG,accepted=false,recoveryGain=true,qGain=-1.0,fe=496681
formalLocal:outer=61,slot=1,pass=7,op=O9_MA_SWAP,accepted=false,recoveryGain=true,qGain=-1.0,fe=496682
formalLocal:outer=61,slot=1,pass=8,op=O1_JS_INSERT,accepted=true,recoveryGain=true,qGain=0.017803011709837196,fe=496683
formalLocal:outer=61,slot=1,pass=8,op=O2_JS_REVERSE,accepted=false,recoveryGain=true,qGain=-0.8549631319620468,fe=496684
formalLocal:outer=61,slot=1,pass=8,op=O3_JS_SWAP,accepted=false,recoveryGain=true,qGain=-1.0,fe=496685
formalLocal:outer=61,slot=1,pass=8,op=O4_WA_LOAD_TRANSFER,accepted=false,recoveryGain=true,qGain=-1.0,fe=496686
formalLocal:outer=61,slot=1,pass=8,op=O5_WA_WEAK_TO_STRONG,accepted=false,recoveryGain=true,qGain=-0.9744434678921321,fe=496687
formalLocal:outer=61,slot=1,pass=8,op=O6_WA_SWAP,accepted=false,recoveryGain=true,qGain=-1.0,fe=496688
formalLocal:outer=61,slot=1,pass=8,op=O7_MA_LOAD_TRANSFER,accepted=false,recoveryGain=true,qGain=0.0,fe=496689
formalLocal:outer=61,slot=1,pass=8,op=O8_MA_WEAK_TO_STRONG,accepted=false,recoveryGain=true,qGain=-1.0,fe=496690
formalLocal:outer=61,slot=1,pass=8,op=O9_MA_SWAP,accepted=false,recoveryGain=true,qGain=-1.0,fe=496691
formalLocal:outer=61,slot=1,pass=9,op=O1_JS_INSERT,accepted=false,recoveryGain=true,qGain=-0.050039105255737855,fe=496692
formalLocal:outer=61,slot=1,pass=9,op=O2_JS_REVERSE,accepted=false,recoveryGain=true,qGain=-1.0,fe=496693
formalLocal:outer=61,slot=1,pass=9,op=O3_JS_SWAP,accepted=false,recoveryGain=true,qGain=-0.2978797282766517,fe=496694
formalLocal:outer=61,slot=1,pass=9,op=O4_WA_LOAD_TRANSFER,accepted=false,recoveryGain=true,qGain=-1.0,fe=496695
formalLocal:outer=61,slot=1,pass=9,op=O5_WA_WEAK_TO_STRONG,accepted=false,recoveryGain=true,qGain=-0.9744434678921321,fe=496696
formalLocal:outer=61,slot=1,pass=9,op=O6_WA_SWAP,accepted=false,recoveryGain=true,qGain=-1.0,fe=496697
formalLocal:outer=61,slot=1,pass=9,op=O7_MA_LOAD_TRANSFER,accepted=false,recoveryGain=true,qGain=0.0,fe=496698
formalLocal:outer=61,slot=1,pass=9,op=O8_MA_WEAK_TO_STRONG,accepted=false,recoveryGain=true,qGain=-1.0,fe=496699
formalLocal:outer=61,slot=1,pass=9,op=O9_MA_SWAP,accepted=false,recoveryGain=true,qGain=-1.0,fe=496700
formalLocal:outer=61,slot=1,pass=10,op=O1_JS_INSERT,accepted=false,recoveryGain=true,qGain=-0.3438160450230708,fe=496701
formalLocal:outer=61,slot=1,pass=10,op=O2_JS_REVERSE,accepted=false,recoveryGain=true,qGain=-1.0,fe=496702
formalLocal:outer=61,slot=1,pass=10,op=O3_JS_SWAP,accepted=false,recoveryGain=true,qGain=-0.34454860095171536,fe=496703
formalLocal:outer=61,slot=1,pass=10,op=O4_WA_LOAD_TRANSFER,accepted=false,recoveryGain=true,qGain=-1.0,fe=496704
formalLocal:outer=61,slot=1,pass=10,op=O5_WA_WEAK_TO_STRONG,accepted=false,recoveryGain=true,qGain=-0.9744434678921321,fe=496705
formalLocal:outer=61,slot=1,pass=10,op=O6_WA_SWAP,accepted=false,recoveryGain=true,qGain=-1.0,fe=496706
formalLocal:outer=61,slot=1,pass=10,op=O7_MA_LOAD_TRANSFER,accepted=false,recoveryGain=true,qGain=0.0,fe=496707
formalLocal:outer=61,slot=1,pass=10,op=O8_MA_WEAK_TO_STRONG,accepted=false,recoveryGain=true,qGain=-1.0,fe=496708
formalLocal:outer=61,slot=1,pass=10,op=O9_MA_SWAP,accepted=false,recoveryGain=true,qGain=-1.0,fe=496709
formalLocal:outer=61,slot=1,pass=11,op=O1_JS_INSERT,accepted=true,recoveryGain=true,qGain=0.017376861439976757,fe=496710
formalLocal:outer=61,slot=1,pass=11,op=O2_JS_REVERSE,accepted=false,recoveryGain=true,qGain=-1.0,fe=496711
formalLocal:outer=61,slot=1,pass=11,op=O3_JS_SWAP,accepted=false,recoveryGain=true,qGain=-1.0,fe=496712
formalLocal:outer=61,slot=1,pass=11,op=O4_WA_LOAD_TRANSFER,accepted=false,recoveryGain=true,qGain=-1.0,fe=496713
formalLocal:outer=61,slot=1,pass=11,op=O5_WA_WEAK_TO_STRONG,accepted=false,recoveryGain=true,qGain=-0.8444577909640886,fe=496714
formalLocal:outer=61,slot=1,pass=11,op=O6_WA_SWAP,accepted=false,recoveryGain=true,qGain=-1.0,fe=496715
formalLocal:outer=61,slot=1,pass=11,op=O7_MA_LOAD_TRANSFER,accepted=false,recoveryGain=true,qGain=0.0,fe=496716
formalLocal:outer=61,slot=1,pass=11,op=O8_MA_WEAK_TO_STRONG,accepted=false,recoveryGain=true,qGain=-1.0,fe=496717
formalLocal:outer=61,slot=1,pass=11,op=O9_MA_SWAP,accepted=false,recoveryGain=true,qGain=-1.0,fe=496718
formalLocal:outer=61,slot=1,pass=12,op=O1_JS_INSERT,accepted=false,recoveryGain=true,qGain=-0.09154912348018775,fe=496719
formalLocal:outer=61,slot=1,pass=12,op=O2_JS_REVERSE,accepted=false,recoveryGain=true,qGain=-1.0,fe=496720
formalLocal:outer=61,slot=1,pass=12,op=O3_JS_SWAP,accepted=false,recoveryGain=true,qGain=-0.3734203633316761,fe=496721
formalLocal:outer=61,slot=1,pass=12,op=O4_WA_LOAD_TRANSFER,accepted=false,recoveryGain=true,qGain=-1.0,fe=496722
formalLocal:outer=61,slot=1,pass=12,op=O5_WA_WEAK_TO_STRONG,accepted=false,recoveryGain=true,qGain=-0.8444577909640886,fe=496723
formalLocal:outer=61,slot=1,pass=12,op=O6_WA_SWAP,accepted=false,recoveryGain=true,qGain=-1.0,fe=496724
formalLocal:outer=61,slot=1,pass=12,op=O7_MA_LOAD_TRANSFER,accepted=false,recoveryGain=true,qGain=0.0,fe=496725
formalLocal:outer=61,slot=1,pass=12,op=O8_MA_WEAK_TO_STRONG,accepted=false,recoveryGain=true,qGain=-1.0,fe=496726
formalLocal:outer=61,slot=1,pass=12,op=O9_MA_SWAP,accepted=false,recoveryGain=true,qGain=-1.0,fe=496727
formalLocal:outer=61,slot=1,pass=13,op=O1_JS_INSERT,accepted=false,recoveryGain=true,qGain=-0.031190198001211082,fe=496728
formalLocal:outer=61,slot=1,pass=13,op=O2_JS_REVERSE,accepted=false,recoveryGain=true,qGain=-1.0,fe=496729
formalLocal:outer=61,slot=1,pass=13,op=O3_JS_SWAP,accepted=false,recoveryGain=true,qGain=-0.1894703093718256,fe=496730
formalLocal:outer=61,slot=1,pass=13,op=O4_WA_LOAD_TRANSFER,accepted=false,recoveryGain=true,qGain=-1.0,fe=496731
formalLocal:outer=61,slot=1,pass=13,op=O5_WA_WEAK_TO_STRONG,accepted=false,recoveryGain=true,qGain=-0.8444577909640886,fe=496732
formalLocal:outer=61,slot=1,pass=13,op=O6_WA_SWAP,accepted=false,recoveryGain=true,qGain=-1.0,fe=496733
formalLocal:outer=61,slot=1,pass=13,op=O7_MA_LOAD_TRANSFER,accepted=false,recoveryGain=true,qGain=0.0,fe=496734
formalLocal:outer=61,slot=1,pass=13,op=O8_MA_WEAK_TO_STRONG,accepted=false,recoveryGain=true,qGain=-1.0,fe=496735
formalLocal:outer=61,slot=1,pass=13,op=O9_MA_SWAP,accepted=false,recoveryGain=true,qGain=-1.0,fe=496736
formalLocal:outer=61,slot=1,pass=14,op=O1_JS_INSERT,accepted=false,recoveryGain=true,qGain=-1.0,fe=496737
formalLocal:outer=61,slot=1,pass=14,op=O2_JS_REVERSE,accepted=false,recoveryGain=true,qGain=-1.0,fe=496738
formalLocal:outer=61,slot=1,pass=14,op=O3_JS_SWAP,accepted=false,recoveryGain=true,qGain=-0.03632329426578811,fe=496739
formalLocal:outer=61,slot=1,pass=14,op=O4_WA_LOAD_TRANSFER,accepted=false,recoveryGain=true,qGain=-1.0,fe=496740
formalLocal:outer=61,slot=1,pass=14,op=O5_WA_WEAK_TO_STRONG,accepted=false,recoveryGain=true,qGain=-0.8444577909640886,fe=496741
formalLocal:outer=61,slot=1,pass=14,op=O6_WA_SWAP,accepted=false,recoveryGain=true,qGain=-1.0,fe=496742
formalLocal:outer=61,slot=1,pass=14,op=O7_MA_LOAD_TRANSFER,accepted=false,recoveryGain=true,qGain=0.0,fe=496743
formalLocal:outer=61,slot=1,pass=14,op=O8_MA_WEAK_TO_STRONG,accepted=false,recoveryGain=true,qGain=-1.0,fe=496744
formalLocal:outer=61,slot=1,pass=14,op=O9_MA_SWAP,accepted=false,recoveryGain=true,qGain=-1.0,fe=496745
formalLocal:outer=61,slot=1,pass=15,op=O1_JS_INSERT,accepted=false,recoveryGain=true,qGain=-0.14052426947330196,fe=496746
formalLocal:outer=61,slot=1,pass=15,op=O2_JS_REVERSE,accepted=true,recoveryGain=true,qGain=0.0020073364468107743,fe=496747
formalLocal:outer=61,slot=1,pass=15,op=O3_JS_SWAP,accepted=false,recoveryGain=true,qGain=-0.005165752581760796,fe=496748
formalLocal:outer=61,slot=1,pass=15,op=O4_WA_LOAD_TRANSFER,accepted=false,recoveryGain=true,qGain=-1.0,fe=496749
formalLocal:outer=61,slot=1,pass=15,op=O5_WA_WEAK_TO_STRONG,accepted=false,recoveryGain=true,qGain=-0.8037718646163792,fe=496750
formalLocal:outer=61,slot=1,pass=15,op=O6_WA_SWAP,accepted=false,recoveryGain=true,qGain=-1.0,fe=496751
formalLocal:outer=61,slot=1,pass=15,op=O7_MA_LOAD_TRANSFER,accepted=false,recoveryGain=true,qGain=0.0,fe=496752
formalLocal:outer=61,slot=1,pass=15,op=O8_MA_WEAK_TO_STRONG,accepted=false,recoveryGain=true,qGain=-1.0,fe=496753
formalLocal:outer=61,slot=1,pass=15,op=O9_MA_SWAP,accepted=false,recoveryGain=true,qGain=-1.0,fe=496754
formalLocal:outer=61,slot=1,pass=16,op=O1_JS_INSERT,accepted=false,recoveryGain=true,qGain=-0.028697605583875734,fe=496755
formalLocal:outer=61,slot=1,pass=16,op=O2_JS_REVERSE,accepted=false,recoveryGain=true,qGain=-3.862431309637053E-5,fe=496756
formalLocal:outer=61,slot=1,pass=16,op=O3_JS_SWAP,accepted=false,recoveryGain=true,qGain=-1.0,fe=496757
formalLocal:outer=61,slot=1,pass=16,op=O4_WA_LOAD_TRANSFER,accepted=false,recoveryGain=true,qGain=-1.0,fe=496758
formalLocal:outer=61,slot=1,pass=16,op=O5_WA_WEAK_TO_STRONG,accepted=false,recoveryGain=true,qGain=-0.8037718646163792,fe=496759
formalLocal:outer=61,slot=1,pass=16,op=O6_WA_SWAP,accepted=false,recoveryGain=true,qGain=-1.0,fe=496760
formalLocal:outer=61,slot=1,pass=16,op=O7_MA_LOAD_TRANSFER,accepted=false,recoveryGain=true,qGain=0.0,fe=496761
formalLocal:outer=61,slot=1,pass=16,op=O8_MA_WEAK_TO_STRONG,accepted=false,recoveryGain=true,qGain=-1.0,fe=496762
formalLocal:outer=61,slot=1,pass=16,op=O9_MA_SWAP,accepted=false,recoveryGain=true,qGain=-1.0,fe=496763
formalLocal:outer=61,slot=1,pass=17,op=O1_JS_INSERT,accepted=false,recoveryGain=true,qGain=-0.45590432569877165,fe=496764
formalLocal:outer=61,slot=1,pass=17,op=O2_JS_REVERSE,accepted=false,recoveryGain=true,qGain=-1.0,fe=496765
formalLocal:outer=61,slot=1,pass=17,op=O3_JS_SWAP,accepted=false,recoveryGain=true,qGain=-0.3250845985029037,fe=496766
formalLocal:outer=61,slot=1,pass=17,op=O4_WA_LOAD_TRANSFER,accepted=false,recoveryGain=true,qGain=-1.0,fe=496767
formalLocal:outer=61,slot=1,pass=17,op=O5_WA_WEAK_TO_STRONG,accepted=false,recoveryGain=true,qGain=-0.8037718646163792,fe=496768
formalLocal:outer=61,slot=1,pass=17,op=O6_WA_SWAP,accepted=false,recoveryGain=true,qGain=-1.0,fe=496769
formalLocal:outer=61,slot=1,pass=17,op=O7_MA_LOAD_TRANSFER,accepted=false,recoveryGain=true,qGain=0.0,fe=496770
formalLocal:outer=61,slot=1,pass=17,op=O8_MA_WEAK_TO_STRONG,accepted=false,recoveryGain=true,qGain=-1.0,fe=496771
formalLocal:outer=61,slot=1,pass=17,op=O9_MA_SWAP,accepted=false,recoveryGain=true,qGain=-1.0,fe=496772
formalLocal:outer=61,slot=1,pass=18,op=O1_JS_INSERT,accepted=false,recoveryGain=true,qGain=-1.0,fe=496773
formalLocal:outer=61,slot=1,pass=18,op=O2_JS_REVERSE,accepted=false,recoveryGain=true,qGain=-0.043796678306928585,fe=496774
formalLocal:outer=61,slot=1,pass=18,op=O3_JS_SWAP,accepted=false,recoveryGain=true,qGain=-1.0,fe=496775
formalLocal:outer=61,slot=1,pass=18,op=O4_WA_LOAD_TRANSFER,accepted=false,recoveryGain=true,qGain=-1.0,fe=496776
formalLocal:outer=61,slot=1,pass=18,op=O5_WA_WEAK_TO_STRONG,accepted=false,recoveryGain=true,qGain=-0.8037718646163792,fe=496777
formalLocal:outer=61,slot=1,pass=18,op=O6_WA_SWAP,accepted=false,recoveryGain=true,qGain=-1.0,fe=496778
formalLocal:outer=61,slot=1,pass=18,op=O7_MA_LOAD_TRANSFER,accepted=false,recoveryGain=true,qGain=0.0,fe=496779
formalLocal:outer=61,slot=1,pass=18,op=O8_MA_WEAK_TO_STRONG,accepted=false,recoveryGain=true,qGain=-1.0,fe=496780
formalLocal:outer=61,slot=1,pass=18,op=O9_MA_SWAP,accepted=false,recoveryGain=true,qGain=-1.0,fe=496781
formalLocal:outer=61,slot=1,pass=19,op=O1_JS_INSERT,accepted=false,recoveryGain=true,qGain=-0.0016194349049254507,fe=496782
formalLocal:outer=61,slot=1,pass=19,op=O2_JS_REVERSE,accepted=false,recoveryGain=true,qGain=-0.010451137133395119,fe=496783
formalLocal:outer=61,slot=1,pass=19,op=O3_JS_SWAP,accepted=false,recoveryGain=true,qGain=-0.0062807558413125715,fe=496784
formalLocal:outer=61,slot=1,pass=19,op=O4_WA_LOAD_TRANSFER,accepted=false,recoveryGain=true,qGain=-1.0,fe=496785
formalLocal:outer=61,slot=1,pass=19,op=O5_WA_WEAK_TO_STRONG,accepted=false,recoveryGain=true,qGain=-0.8037718646163792,fe=496786
formalLocal:outer=61,slot=1,pass=19,op=O6_WA_SWAP,accepted=false,recoveryGain=true,qGain=-1.0,fe=496787
formalLocal:outer=61,slot=1,pass=19,op=O7_MA_LOAD_TRANSFER,accepted=false,recoveryGain=true,qGain=0.0,fe=496788
formalLocal:outer=61,slot=1,pass=19,op=O8_MA_WEAK_TO_STRONG,accepted=false,recoveryGain=true,qGain=-1.0,fe=496789
formalLocal:outer=61,slot=1,pass=19,op=O9_MA_SWAP,accepted=false,recoveryGain=true,qGain=-1.0,fe=496790
formalLocal:outer=61,slot=1,pass=20,op=O1_JS_INSERT,accepted=false,recoveryGain=true,qGain=-0.3754297304614447,fe=496791
formalLocal:outer=61,slot=1,pass=20,op=O2_JS_REVERSE,accepted=false,recoveryGain=true,qGain=-1.0,fe=496792
formalLocal:outer=61,slot=1,pass=20,op=O3_JS_SWAP,accepted=false,recoveryGain=true,qGain=-0.19475683614713193,fe=496793
formalLocal:outer=61,slot=1,pass=20,op=O4_WA_LOAD_TRANSFER,accepted=false,recoveryGain=true,qGain=-1.0,fe=496794
formalLocal:outer=61,slot=1,pass=20,op=O5_WA_WEAK_TO_STRONG,accepted=false,recoveryGain=true,qGain=-0.8037718646163792,fe=496795
formalLocal:outer=61,slot=1,pass=20,op=O6_WA_SWAP,accepted=false,recoveryGain=true,qGain=-1.0,fe=496796
formalLocal:outer=61,slot=1,pass=20,op=O7_MA_LOAD_TRANSFER,accepted=false,recoveryGain=true,qGain=0.0,fe=496797
formalLocal:outer=61,slot=1,pass=20,op=O8_MA_WEAK_TO_STRONG,accepted=false,recoveryGain=true,qGain=-1.0,fe=496798
formalLocal:outer=61,slot=1,pass=20,op=O9_MA_SWAP,accepted=false,recoveryGain=true,qGain=-1.0,fe=496799
formalLocal:outer=61,slot=1,pass=21,op=O1_JS_INSERT,accepted=false,recoveryGain=true,qGain=-0.20277928083148325,fe=496800
formalLocal:outer=61,slot=1,pass=21,op=O2_JS_REVERSE,accepted=false,recoveryGain=true,qGain=-1.0,fe=496801
formalLocal:outer=61,slot=1,pass=21,op=O3_JS_SWAP,accepted=false,recoveryGain=true,qGain=-1.0,fe=496802
formalLocal:outer=61,slot=1,pass=21,op=O4_WA_LOAD_TRANSFER,accepted=false,recoveryGain=true,qGain=-1.0,fe=496803
formalLocal:outer=61,slot=1,pass=21,op=O5_WA_WEAK_TO_STRONG,accepted=false,recoveryGain=true,qGain=-0.8037718646163792,fe=496804
formalLocal:outer=61,slot=1,pass=21,op=O6_WA_SWAP,accepted=false,recoveryGain=true,qGain=-1.0,fe=496805
formalLocal:outer=61,slot=1,pass=21,op=O7_MA_LOAD_TRANSFER,accepted=false,recoveryGain=true,qGain=0.0,fe=496806
formalLocal:outer=61,slot=1,pass=21,op=O8_MA_WEAK_TO_STRONG,accepted=false,recoveryGain=true,qGain=-1.0,fe=496807
formalLocal:outer=61,slot=1,pass=21,op=O9_MA_SWAP,accepted=false,recoveryGain=true,qGain=-1.0,fe=496808
formalLocal:outer=61,slot=1,pass=22,op=O1_JS_INSERT,accepted=false,recoveryGain=true,qGain=0.0,fe=496809
formalLocal:outer=61,slot=1,pass=22,op=O2_JS_REVERSE,accepted=false,recoveryGain=true,qGain=-1.0,fe=496810
formalLocal:outer=61,slot=1,pass=22,op=O3_JS_SWAP,accepted=false,recoveryGain=true,qGain=-0.049965306543016466,fe=496811
formalLocal:outer=61,slot=1,pass=22,op=O4_WA_LOAD_TRANSFER,accepted=false,recoveryGain=true,qGain=-1.0,fe=496812
formalLocal:outer=61,slot=1,pass=22,op=O5_WA_WEAK_TO_STRONG,accepted=false,recoveryGain=true,qGain=-0.8037718646163792,fe=496813
formalLocal:outer=61,slot=1,pass=22,op=O6_WA_SWAP,accepted=false,recoveryGain=true,qGain=-1.0,fe=496814
formalLocal:outer=61,slot=1,pass=22,op=O7_MA_LOAD_TRANSFER,accepted=false,recoveryGain=true,qGain=0.0,fe=496815
formalLocal:outer=61,slot=1,pass=22,op=O8_MA_WEAK_TO_STRONG,accepted=false,recoveryGain=true,qGain=-1.0,fe=496816
formalLocal:outer=61,slot=1,pass=22,op=O9_MA_SWAP,accepted=false,recoveryGain=true,qGain=-1.0,fe=496817
formalLocal:outer=61,slot=1,pass=23,op=O1_JS_INSERT,accepted=false,recoveryGain=true,qGain=-0.010463899333178671,fe=496818
formalLocal:outer=61,slot=1,pass=23,op=O2_JS_REVERSE,accepted=false,recoveryGain=true,qGain=-0.7400815049976627,fe=496819
formalLocal:outer=61,slot=1,pass=23,op=O3_JS_SWAP,accepted=false,recoveryGain=true,qGain=-0.010884434156255271,fe=496820
formalLocal:outer=61,slot=1,pass=23,op=O4_WA_LOAD_TRANSFER,accepted=false,recoveryGain=true,qGain=-1.0,fe=496821
formalLocal:outer=61,slot=1,pass=23,op=O5_WA_WEAK_TO_STRONG,accepted=false,recoveryGain=true,qGain=-0.8037718646163792,fe=496822
formalLocal:outer=61,slot=1,pass=23,op=O6_WA_SWAP,accepted=false,recoveryGain=true,qGain=-1.0,fe=496823
formalLocal:outer=61,slot=1,pass=23,op=O7_MA_LOAD_TRANSFER,accepted=false,recoveryGain=true,qGain=0.0,fe=496824
formalLocal:outer=61,slot=1,pass=23,op=O8_MA_WEAK_TO_STRONG,accepted=false,recoveryGain=true,qGain=-1.0,fe=496825
formalLocal:outer=61,slot=1,pass=23,op=O9_MA_SWAP,accepted=false,recoveryGain=true,qGain=-1.0,fe=496826
formalLocal:outer=61,slot=1,pass=24,op=O1_JS_INSERT,accepted=false,recoveryGain=true,qGain=-0.0016194349049254507,fe=496827
formalLocal:outer=61,slot=1,pass=24,op=O2_JS_REVERSE,accepted=false,recoveryGain=true,qGain=-1.0,fe=496828
formalLocal:outer=61,slot=1,pass=24,op=O3_JS_SWAP,accepted=false,recoveryGain=true,qGain=-1.0,fe=496829
formalLocal:outer=61,slot=1,pass=24,op=O4_WA_LOAD_TRANSFER,accepted=false,recoveryGain=true,qGain=-1.0,fe=496830
formalLocal:outer=61,slot=1,pass=24,op=O5_WA_WEAK_TO_STRONG,accepted=false,recoveryGain=true,qGain=-0.8037718646163792,fe=496831
formalLocal:outer=61,slot=1,pass=24,op=O6_WA_SWAP,accepted=false,recoveryGain=true,qGain=-1.0,fe=496832
formalLocal:outer=61,slot=1,pass=24,op=O7_MA_LOAD_TRANSFER,accepted=false,recoveryGain=true,qGain=0.0,fe=496833
formalLocal:outer=61,slot=1,pass=24,op=O8_MA_WEAK_TO_STRONG,accepted=false,recoveryGain=true,qGain=-1.0,fe=496834
formalLocal:outer=61,slot=1,pass=24,op=O9_MA_SWAP,accepted=false,recoveryGain=true,qGain=-1.0,fe=496835
formalLocal:outer=61,slot=1,pass=25,op=O1_JS_INSERT,accepted=false,recoveryGain=true,qGain=-0.7912903634302303,fe=496836
formalLocal:outer=61,slot=1,pass=25,op=O2_JS_REVERSE,accepted=false,recoveryGain=true,qGain=-1.0,fe=496837
formalLocal:outer=61,slot=1,pass=25,op=O3_JS_SWAP,accepted=false,recoveryGain=true,qGain=-9.85356055613413E-4,fe=496838
formalLocal:outer=61,slot=1,pass=25,op=O4_WA_LOAD_TRANSFER,accepted=false,recoveryGain=true,qGain=-1.0,fe=496839
formalLocal:outer=61,slot=1,pass=25,op=O5_WA_WEAK_TO_STRONG,accepted=false,recoveryGain=true,qGain=-0.8037718646163792,fe=496840
formalLocal:outer=61,slot=1,pass=25,op=O6_WA_SWAP,accepted=false,recoveryGain=true,qGain=-1.0,fe=496841
formalLocal:outer=61,slot=1,pass=25,op=O7_MA_LOAD_TRANSFER,accepted=false,recoveryGain=true,qGain=0.0,fe=496842
formalLocal:outer=61,slot=1,pass=25,op=O8_MA_WEAK_TO_STRONG,accepted=false,recoveryGain=true,qGain=-1.0,fe=496843
formalLocal:outer=61,slot=1,pass=25,op=O9_MA_SWAP,accepted=false,recoveryGain=true,qGain=-1.0,fe=496844
formalLocal:outer=61,slot=1,pass=26,op=O1_JS_INSERT,accepted=false,recoveryGain=true,qGain=-0.32114701969021997,fe=496845
formalLocal:outer=61,slot=1,pass=26,op=O2_JS_REVERSE,accepted=false,recoveryGain=true,qGain=-0.9451892944014627,fe=496846
formalLocal:outer=61,slot=1,pass=26,op=O3_JS_SWAP,accepted=false,recoveryGain=true,qGain=-0.03668537652971392,fe=496847
formalLocal:outer=61,slot=1,pass=26,op=O4_WA_LOAD_TRANSFER,accepted=false,recoveryGain=true,qGain=-1.0,fe=496848
formalLocal:outer=61,slot=1,pass=26,op=O5_WA_WEAK_TO_STRONG,accepted=false,recoveryGain=true,qGain=-0.8037718646163792,fe=496849
formalLocal:outer=61,slot=1,pass=26,op=O6_WA_SWAP,accepted=false,recoveryGain=true,qGain=-1.0,fe=496850
formalLocal:outer=61,slot=1,pass=26,op=O7_MA_LOAD_TRANSFER,accepted=false,recoveryGain=true,qGain=0.0,fe=496851
formalLocal:outer=61,slot=1,pass=26,op=O8_MA_WEAK_TO_STRONG,accepted=false,recoveryGain=true,qGain=-1.0,fe=496852
formalLocal:outer=61,slot=1,pass=26,op=O9_MA_SWAP,accepted=false,recoveryGain=true,qGain=-1.0,fe=496853
formalLocal:outer=61,slot=1,pass=27,op=O1_JS_INSERT,accepted=false,recoveryGain=true,qGain=-1.0,fe=496854
formalLocal:outer=61,slot=1,pass=27,op=O2_JS_REVERSE,accepted=false,recoveryGain=true,qGain=-1.0,fe=496855
formalLocal:outer=61,slot=1,pass=27,op=O3_JS_SWAP,accepted=false,recoveryGain=true,qGain=-0.18289825168411783,fe=496856
formalLocal:outer=61,slot=1,pass=27,op=O4_WA_LOAD_TRANSFER,accepted=false,recoveryGain=true,qGain=-1.0,fe=496857
formalLocal:outer=61,slot=1,pass=27,op=O5_WA_WEAK_TO_STRONG,accepted=false,recoveryGain=true,qGain=-0.8037718646163792,fe=496858
formalLocal:outer=61,slot=1,pass=27,op=O6_WA_SWAP,accepted=false,recoveryGain=true,qGain=-1.0,fe=496859
formalLocal:outer=61,slot=1,pass=27,op=O7_MA_LOAD_TRANSFER,accepted=false,recoveryGain=true,qGain=0.0,fe=496860
formalLocal:outer=61,slot=1,pass=27,op=O8_MA_WEAK_TO_STRONG,accepted=false,recoveryGain=true,qGain=-1.0,fe=496861
formalLocal:outer=61,slot=1,pass=27,op=O9_MA_SWAP,accepted=false,recoveryGain=true,qGain=-1.0,fe=496862
formalLocal:outer=61,slot=1,pass=28,op=O1_JS_INSERT,accepted=false,recoveryGain=true,qGain=-1.0,fe=496863
formalLocal:outer=61,slot=1,pass=28,op=O2_JS_REVERSE,accepted=false,recoveryGain=true,qGain=-1.0,fe=496864
formalLocal:outer=61,slot=1,pass=28,op=O3_JS_SWAP,accepted=false,recoveryGain=true,qGain=-0.0497860843755652,fe=496865
formalLocal:outer=61,slot=1,pass=28,op=O4_WA_LOAD_TRANSFER,accepted=false,recoveryGain=true,qGain=-1.0,fe=496866
formalLocal:outer=61,slot=1,pass=28,op=O5_WA_WEAK_TO_STRONG,accepted=false,recoveryGain=true,qGain=-0.8037718646163792,fe=496867
formalLocal:outer=61,slot=1,pass=28,op=O6_WA_SWAP,accepted=false,recoveryGain=true,qGain=-1.0,fe=496868
formalLocal:outer=61,slot=1,pass=28,op=O7_MA_LOAD_TRANSFER,accepted=false,recoveryGain=true,qGain=0.0,fe=496869
formalLocal:outer=61,slot=1,pass=28,op=O8_MA_WEAK_TO_STRONG,accepted=false,recoveryGain=true,qGain=-1.0,fe=496870
formalLocal:outer=61,slot=1,pass=28,op=O9_MA_SWAP,accepted=false,recoveryGain=true,qGain=-1.0,fe=496871
formalLocal:outer=61,slot=1,pass=29,op=O1_JS_INSERT,accepted=false,recoveryGain=true,qGain=-0.14138313777272193,fe=496872
formalLocal:outer=61,slot=1,pass=29,op=O2_JS_REVERSE,accepted=false,recoveryGain=true,qGain=-0.04734953842390363,fe=496873
formalLocal:outer=61,slot=1,pass=29,op=O3_JS_SWAP,accepted=false,recoveryGain=true,qGain=-0.02474335533259547,fe=496874
formalLocal:outer=61,slot=1,pass=29,op=O4_WA_LOAD_TRANSFER,accepted=false,recoveryGain=true,qGain=-1.0,fe=496875
formalLocal:outer=61,slot=1,pass=29,op=O5_WA_WEAK_TO_STRONG,accepted=false,recoveryGain=true,qGain=-0.8037718646163792,fe=496876
formalLocal:outer=61,slot=1,pass=29,op=O6_WA_SWAP,accepted=false,recoveryGain=true,qGain=-1.0,fe=496877
formalLocal:outer=61,slot=1,pass=29,op=O7_MA_LOAD_TRANSFER,accepted=false,recoveryGain=true,qGain=0.0,fe=496878
formalLocal:outer=61,slot=1,pass=29,op=O8_MA_WEAK_TO_STRONG,accepted=false,recoveryGain=true,qGain=-1.0,fe=496879
formalLocal:outer=61,slot=1,pass=29,op=O9_MA_SWAP,accepted=false,recoveryGain=true,qGain=-1.0,fe=496880
formalLocal:outer=61,slot=2,op=CRITICAL_FACTORY_SWAP,accepted=true,fe=496881
formalLocal:outer=61,slot=2,op=CRITICAL_FACTORY_INSERT,accepted=true,fe=496882
formalLocal:outer=61,slot=2,pass=0,op=O1_JS_INSERT,accepted=false,recoveryGain=true,qGain=-0.39992060669931634,fe=496883
formalLocal:outer=61,slot=2,pass=0,op=O2_JS_REVERSE,accepted=false,recoveryGain=true,qGain=-0.4643680786372351,fe=496884
formalLocal:outer=61,slot=2,pass=0,op=O3_JS_SWAP,accepted=false,recoveryGain=true,qGain=-1.0,fe=496885
formalLocal:outer=61,slot=2,pass=0,op=O4_WA_LOAD_TRANSFER,accepted=true,recoveryGain=true,qGain=0.03226721957614272,fe=496886
formalLocal:outer=61,slot=2,pass=0,op=O5_WA_WEAK_TO_STRONG,accepted=false,recoveryGain=true,qGain=-0.03334310899545017,fe=496887
formalLocal:outer=61,slot=2,pass=0,op=O6_WA_SWAP,accepted=false,recoveryGain=true,qGain=-0.13097734619307536,fe=496888
formalLocal:outer=61,slot=2,pass=0,op=O7_MA_LOAD_TRANSFER,accepted=true,recoveryGain=true,qGain=0.002731279681184091,fe=496889
formalLocal:outer=61,slot=2,pass=0,op=O8_MA_WEAK_TO_STRONG,accepted=false,recoveryGain=true,qGain=-0.0011378861658516437,fe=496890
formalLocal:outer=61,slot=2,pass=0,op=O9_MA_SWAP,accepted=false,recoveryGain=true,qGain=-0.10039163815188543,fe=496891
formalLocal:outer=61,slot=2,pass=1,op=O1_JS_INSERT,accepted=false,recoveryGain=true,qGain=-0.09530747534559382,fe=496892
formalLocal:outer=61,slot=2,pass=1,op=O2_JS_REVERSE,accepted=false,recoveryGain=true,qGain=-0.09478565184582707,fe=496893
formalLocal:outer=61,slot=2,pass=1,op=O3_JS_SWAP,accepted=false,recoveryGain=true,qGain=-1.0,fe=496894
formalLocal:outer=61,slot=2,pass=1,op=O4_WA_LOAD_TRANSFER,accepted=false,recoveryGain=true,qGain=-1.0,fe=496895
formalLocal:outer=61,slot=2,pass=1,op=O5_WA_WEAK_TO_STRONG,accepted=true,recoveryGain=true,qGain=0.19996017700143692,fe=496896
formalLocal:outer=61,slot=2,pass=1,op=O6_WA_SWAP,accepted=false,recoveryGain=true,qGain=-0.38438260092464616,fe=496897
formalLocal:outer=61,slot=2,pass=1,op=O7_MA_LOAD_TRANSFER,accepted=false,recoveryGain=true,qGain=-0.0010100482974667604,fe=496898
formalLocal:outer=61,slot=2,pass=1,op=O8_MA_WEAK_TO_STRONG,accepted=false,recoveryGain=true,qGain=-0.07130262698172768,fe=496899
formalLocal:outer=61,slot=2,pass=1,op=O9_MA_SWAP,accepted=false,recoveryGain=true,qGain=-1.0,fe=496900
formalLocal:outer=61,slot=2,pass=2,op=O1_JS_INSERT,accepted=false,recoveryGain=true,qGain=-1.0,fe=496901
formalLocal:outer=61,slot=2,pass=2,op=O2_JS_REVERSE,accepted=false,recoveryGain=true,qGain=-1.0,fe=496902
formalLocal:outer=61,slot=2,pass=2,op=O3_JS_SWAP,accepted=false,recoveryGain=true,qGain=-0.0074411440207704125,fe=496903
formalLocal:outer=61,slot=2,pass=2,op=O4_WA_LOAD_TRANSFER,accepted=false,recoveryGain=true,qGain=-1.0,fe=496904
formalLocal:outer=61,slot=2,pass=2,op=O5_WA_WEAK_TO_STRONG,accepted=false,recoveryGain=true,qGain=-0.192253204554667,fe=496905
formalLocal:outer=61,slot=2,pass=2,op=O6_WA_SWAP,accepted=false,recoveryGain=true,qGain=-0.38438260092464616,fe=496906
formalLocal:outer=61,slot=2,pass=2,op=O7_MA_LOAD_TRANSFER,accepted=false,recoveryGain=true,qGain=-0.0010100482974667604,fe=496907
formalLocal:outer=61,slot=2,pass=2,op=O8_MA_WEAK_TO_STRONG,accepted=false,recoveryGain=true,qGain=-0.07130262698172768,fe=496908
formalLocal:outer=61,slot=2,pass=2,op=O9_MA_SWAP,accepted=false,recoveryGain=true,qGain=-1.0,fe=496909
formalLocal:outer=61,slot=2,pass=3,op=O1_JS_INSERT,accepted=false,recoveryGain=true,qGain=-0.5322233510469597,fe=496910
formalLocal:outer=61,slot=2,pass=3,op=O2_JS_REVERSE,accepted=false,recoveryGain=true,qGain=-1.0,fe=496911
formalLocal:outer=61,slot=2,pass=3,op=O3_JS_SWAP,accepted=false,recoveryGain=true,qGain=-0.29425743967453916,fe=496912
formalLocal:outer=61,slot=2,pass=3,op=O4_WA_LOAD_TRANSFER,accepted=false,recoveryGain=true,qGain=-1.0,fe=496913
formalLocal:outer=61,slot=2,pass=3,op=O5_WA_WEAK_TO_STRONG,accepted=false,recoveryGain=true,qGain=-0.192253204554667,fe=496914
formalLocal:outer=61,slot=2,pass=3,op=O6_WA_SWAP,accepted=false,recoveryGain=true,qGain=-0.38438260092464616,fe=496915
formalLocal:outer=61,slot=2,pass=3,op=O7_MA_LOAD_TRANSFER,accepted=false,recoveryGain=true,qGain=-0.0010100482974667604,fe=496916
formalLocal:outer=61,slot=2,pass=3,op=O8_MA_WEAK_TO_STRONG,accepted=false,recoveryGain=true,qGain=-0.07130262698172768,fe=496917
formalLocal:outer=61,slot=2,pass=3,op=O9_MA_SWAP,accepted=false,recoveryGain=true,qGain=-1.0,fe=496918
formalLocal:outer=61,slot=2,pass=4,op=O1_JS_INSERT,accepted=false,recoveryGain=true,qGain=-0.8647987901100942,fe=496919
formalLocal:outer=61,slot=2,pass=4,op=O2_JS_REVERSE,accepted=false,recoveryGain=true,qGain=-0.5057118238819432,fe=496920
formalLocal:outer=61,slot=2,pass=4,op=O3_JS_SWAP,accepted=true,recoveryGain=true,qGain=0.046827272911557416,fe=496921
formalLocal:outer=61,slot=2,pass=4,op=O4_WA_LOAD_TRANSFER,accepted=false,recoveryGain=true,qGain=-0.3113444647960611,fe=496922
formalLocal:outer=61,slot=2,pass=4,op=O5_WA_WEAK_TO_STRONG,accepted=true,recoveryGain=true,qGain=0.030690806814742334,fe=496923
formalLocal:outer=61,slot=2,pass=4,op=O6_WA_SWAP,accepted=false,recoveryGain=true,qGain=-0.7771789120256506,fe=496924
formalLocal:outer=61,slot=2,pass=4,op=O7_MA_LOAD_TRANSFER,accepted=false,recoveryGain=true,qGain=-0.09620787928878355,fe=496925
formalLocal:outer=61,slot=2,pass=4,op=O8_MA_WEAK_TO_STRONG,accepted=false,recoveryGain=true,qGain=-0.7738934747726607,fe=496926
formalLocal:outer=61,slot=2,pass=4,op=O9_MA_SWAP,accepted=false,recoveryGain=true,qGain=-0.5517100293679004,fe=496927
formalLocal:outer=61,slot=2,pass=5,op=O1_JS_INSERT,accepted=false,recoveryGain=true,qGain=-0.46274942000522684,fe=496928
formalLocal:outer=61,slot=2,pass=5,op=O2_JS_REVERSE,accepted=false,recoveryGain=true,qGain=-0.7081140154498607,fe=496929
formalLocal:outer=61,slot=2,pass=5,op=O3_JS_SWAP,accepted=false,recoveryGain=true,qGain=-0.5232707795753897,fe=496930
formalLocal:outer=61,slot=2,pass=5,op=O4_WA_LOAD_TRANSFER,accepted=false,recoveryGain=true,qGain=-0.06046775916326976,fe=496931
formalLocal:outer=61,slot=2,pass=5,op=O5_WA_WEAK_TO_STRONG,accepted=false,recoveryGain=true,qGain=-1.0,fe=496932
formalLocal:outer=61,slot=2,pass=5,op=O6_WA_SWAP,accepted=false,recoveryGain=true,qGain=-0.7771789120256506,fe=496933
formalLocal:outer=61,slot=2,pass=5,op=O7_MA_LOAD_TRANSFER,accepted=false,recoveryGain=true,qGain=-0.09620787928878355,fe=496934
formalLocal:outer=61,slot=2,pass=5,op=O8_MA_WEAK_TO_STRONG,accepted=false,recoveryGain=true,qGain=-0.7738934747726607,fe=496935
formalLocal:outer=61,slot=2,pass=5,op=O9_MA_SWAP,accepted=false,recoveryGain=true,qGain=-0.5517100293679004,fe=496936
formalLocal:outer=61,slot=2,pass=6,op=O1_JS_INSERT,accepted=false,recoveryGain=true,qGain=-1.0,fe=496937
formalLocal:outer=61,slot=2,pass=6,op=O2_JS_REVERSE,accepted=false,recoveryGain=true,qGain=-1.0,fe=496938
formalLocal:outer=61,slot=2,pass=6,op=O3_JS_SWAP,accepted=false,recoveryGain=true,qGain=-0.08332664939633969,fe=496939
formalLocal:outer=61,slot=2,pass=6,op=O4_WA_LOAD_TRANSFER,accepted=false,recoveryGain=true,qGain=-0.06046775916326976,fe=496940
formalLocal:outer=61,slot=2,pass=6,op=O5_WA_WEAK_TO_STRONG,accepted=false,recoveryGain=true,qGain=-1.0,fe=496941
formalLocal:outer=61,slot=2,pass=6,op=O6_WA_SWAP,accepted=false,recoveryGain=true,qGain=-0.7771789120256506,fe=496942
formalLocal:outer=61,slot=2,pass=6,op=O7_MA_LOAD_TRANSFER,accepted=false,recoveryGain=true,qGain=-0.09620787928878355,fe=496943
formalLocal:outer=61,slot=2,pass=6,op=O8_MA_WEAK_TO_STRONG,accepted=false,recoveryGain=true,qGain=-0.7738934747726607,fe=496944
formalLocal:outer=61,slot=2,pass=6,op=O9_MA_SWAP,accepted=false,recoveryGain=true,qGain=-0.5517100293679004,fe=496945
formalLocal:outer=61,slot=2,pass=7,op=O1_JS_INSERT,accepted=false,recoveryGain=true,qGain=-0.009770177307000945,fe=496946
formalLocal:outer=61,slot=2,pass=7,op=O2_JS_REVERSE,accepted=false,recoveryGain=true,qGain=-0.7215535949698161,fe=496947
formalLocal:outer=61,slot=2,pass=7,op=O3_JS_SWAP,accepted=false,recoveryGain=true,qGain=-1.0,fe=496948
formalLocal:outer=61,slot=2,pass=7,op=O4_WA_LOAD_TRANSFER,accepted=false,recoveryGain=true,qGain=-0.06046775916326976,fe=496949
formalLocal:outer=61,slot=2,pass=7,op=O5_WA_WEAK_TO_STRONG,accepted=false,recoveryGain=true,qGain=-1.0,fe=496950
formalLocal:outer=61,slot=2,pass=7,op=O6_WA_SWAP,accepted=false,recoveryGain=true,qGain=-0.7771789120256506,fe=496951
formalLocal:outer=61,slot=2,pass=7,op=O7_MA_LOAD_TRANSFER,accepted=false,recoveryGain=true,qGain=-0.09620787928878355,fe=496952
formalLocal:outer=61,slot=2,pass=7,op=O8_MA_WEAK_TO_STRONG,accepted=false,recoveryGain=true,qGain=-0.7738934747726607,fe=496953
formalLocal:outer=61,slot=2,pass=7,op=O9_MA_SWAP,accepted=false,recoveryGain=true,qGain=-0.5517100293679004,fe=496954
formalLocal:outer=61,slot=2,pass=8,op=O1_JS_INSERT,accepted=false,recoveryGain=true,qGain=-1.0,fe=496955
formalLocal:outer=61,slot=2,pass=8,op=O2_JS_REVERSE,accepted=false,recoveryGain=true,qGain=-1.0,fe=496956
formalLocal:outer=61,slot=2,pass=8,op=O3_JS_SWAP,accepted=false,recoveryGain=true,qGain=-0.6903952908197758,fe=496957
formalLocal:outer=61,slot=2,pass=8,op=O4_WA_LOAD_TRANSFER,accepted=false,recoveryGain=true,qGain=-0.06046775916326976,fe=496958
formalLocal:outer=61,slot=2,pass=8,op=O5_WA_WEAK_TO_STRONG,accepted=false,recoveryGain=true,qGain=-1.0,fe=496959
formalLocal:outer=61,slot=2,pass=8,op=O6_WA_SWAP,accepted=false,recoveryGain=true,qGain=-0.7771789120256506,fe=496960
formalLocal:outer=61,slot=2,pass=8,op=O7_MA_LOAD_TRANSFER,accepted=false,recoveryGain=true,qGain=-0.09620787928878355,fe=496961
formalLocal:outer=61,slot=2,pass=8,op=O8_MA_WEAK_TO_STRONG,accepted=false,recoveryGain=true,qGain=-0.7738934747726607,fe=496962
formalLocal:outer=61,slot=2,pass=8,op=O9_MA_SWAP,accepted=false,recoveryGain=true,qGain=-0.5517100293679004,fe=496963
formalLocal:outer=61,slot=2,pass=9,op=O1_JS_INSERT,accepted=false,recoveryGain=true,qGain=-0.6413685008596941,fe=496964
formalLocal:outer=61,slot=2,pass=9,op=O2_JS_REVERSE,accepted=false,recoveryGain=true,qGain=-1.0,fe=496965
formalLocal:outer=61,slot=2,pass=9,op=O3_JS_SWAP,accepted=false,recoveryGain=true,qGain=-1.0,fe=496966
formalLocal:outer=61,slot=2,pass=9,op=O4_WA_LOAD_TRANSFER,accepted=false,recoveryGain=true,qGain=-0.06046775916326976,fe=496967
formalLocal:outer=61,slot=2,pass=9,op=O5_WA_WEAK_TO_STRONG,accepted=false,recoveryGain=true,qGain=-1.0,fe=496968
formalLocal:outer=61,slot=2,pass=9,op=O6_WA_SWAP,accepted=false,recoveryGain=true,qGain=-0.7771789120256506,fe=496969
formalLocal:outer=61,slot=2,pass=9,op=O7_MA_LOAD_TRANSFER,accepted=false,recoveryGain=true,qGain=-0.09620787928878355,fe=496970
formalLocal:outer=61,slot=2,pass=9,op=O8_MA_WEAK_TO_STRONG,accepted=false,recoveryGain=true,qGain=-0.7738934747726607,fe=496971
formalLocal:outer=61,slot=2,pass=9,op=O9_MA_SWAP,accepted=false,recoveryGain=true,qGain=-0.5517100293679004,fe=496972
formalLocal:outer=61,slot=2,pass=10,op=O1_JS_INSERT,accepted=true,recoveryGain=true,qGain=0.0467151641099649,fe=496973
formalLocal:outer=61,slot=2,pass=10,op=O2_JS_REVERSE,accepted=false,recoveryGain=true,qGain=-1.0,fe=496974
formalLocal:outer=61,slot=2,pass=10,op=O3_JS_SWAP,accepted=false,recoveryGain=true,qGain=-1.0,fe=496975
formalLocal:outer=61,slot=2,pass=10,op=O4_WA_LOAD_TRANSFER,accepted=false,recoveryGain=true,qGain=-0.07937706241459956,fe=496976
formalLocal:outer=61,slot=2,pass=10,op=O5_WA_WEAK_TO_STRONG,accepted=false,recoveryGain=true,qGain=-1.0,fe=496977
formalLocal:outer=61,slot=2,pass=10,op=O6_WA_SWAP,accepted=false,recoveryGain=true,qGain=-0.8769395837396019,fe=496978
formalLocal:outer=61,slot=2,pass=10,op=O7_MA_LOAD_TRANSFER,accepted=false,recoveryGain=true,qGain=-0.04386048160029277,fe=496979
formalLocal:outer=61,slot=2,pass=10,op=O8_MA_WEAK_TO_STRONG,accepted=false,recoveryGain=true,qGain=-0.8734081055407802,fe=496980
formalLocal:outer=61,slot=2,pass=10,op=O9_MA_SWAP,accepted=false,recoveryGain=true,qGain=-0.6322254339181641,fe=496981
formalLocal:outer=61,slot=2,pass=11,op=O1_JS_INSERT,accepted=false,recoveryGain=true,qGain=-1.0,fe=496982
formalLocal:outer=61,slot=2,pass=11,op=O2_JS_REVERSE,accepted=false,recoveryGain=true,qGain=-0.03268207219835593,fe=496983
formalLocal:outer=61,slot=2,pass=11,op=O3_JS_SWAP,accepted=false,recoveryGain=true,qGain=-1.0,fe=496984
formalLocal:outer=61,slot=2,pass=11,op=O4_WA_LOAD_TRANSFER,accepted=false,recoveryGain=true,qGain=-0.07937706241459956,fe=496985
formalLocal:outer=61,slot=2,pass=11,op=O5_WA_WEAK_TO_STRONG,accepted=false,recoveryGain=true,qGain=-1.0,fe=496986
formalLocal:outer=61,slot=2,pass=11,op=O6_WA_SWAP,accepted=false,recoveryGain=true,qGain=-0.8769395837396019,fe=496987
formalLocal:outer=61,slot=2,pass=11,op=O7_MA_LOAD_TRANSFER,accepted=false,recoveryGain=true,qGain=-0.04386048160029277,fe=496988
formalLocal:outer=61,slot=2,pass=11,op=O8_MA_WEAK_TO_STRONG,accepted=false,recoveryGain=true,qGain=-0.8734081055407802,fe=496989
formalLocal:outer=61,slot=2,pass=11,op=O9_MA_SWAP,accepted=false,recoveryGain=true,qGain=-0.6322254339181641,fe=496990
formalLocal:outer=61,slot=2,pass=12,op=O1_JS_INSERT,accepted=false,recoveryGain=true,qGain=-1.0,fe=496991
formalLocal:outer=61,slot=2,pass=12,op=O2_JS_REVERSE,accepted=false,recoveryGain=true,qGain=-1.0,fe=496992
formalLocal:outer=61,slot=2,pass=12,op=O3_JS_SWAP,accepted=false,recoveryGain=true,qGain=-0.25043686764844447,fe=496993
formalLocal:outer=61,slot=2,pass=12,op=O4_WA_LOAD_TRANSFER,accepted=false,recoveryGain=true,qGain=-0.07937706241459956,fe=496994
formalLocal:outer=61,slot=2,pass=12,op=O5_WA_WEAK_TO_STRONG,accepted=false,recoveryGain=true,qGain=-1.0,fe=496995
formalLocal:outer=61,slot=2,pass=12,op=O6_WA_SWAP,accepted=false,recoveryGain=true,qGain=-0.8769395837396019,fe=496996
formalLocal:outer=61,slot=2,pass=12,op=O7_MA_LOAD_TRANSFER,accepted=false,recoveryGain=true,qGain=-0.04386048160029277,fe=496997
formalLocal:outer=61,slot=2,pass=12,op=O8_MA_WEAK_TO_STRONG,accepted=false,recoveryGain=true,qGain=-0.8734081055407802,fe=496998
formalLocal:outer=61,slot=2,pass=12,op=O9_MA_SWAP,accepted=false,recoveryGain=true,qGain=-0.6322254339181641,fe=496999
formalLocal:outer=61,slot=2,pass=13,op=O1_JS_INSERT,accepted=false,recoveryGain=true,qGain=-1.0,fe=497000
formalLocal:outer=61,slot=2,pass=13,op=O2_JS_REVERSE,accepted=false,recoveryGain=true,qGain=-0.45817780011087034,fe=497001
formalLocal:outer=61,slot=2,pass=13,op=O3_JS_SWAP,accepted=true,recoveryGain=true,qGain=0.02045027540935864,fe=497002
formalLocal:outer=61,slot=2,pass=13,op=O4_WA_LOAD_TRANSFER,accepted=false,recoveryGain=true,qGain=-0.4506967221460215,fe=497003
formalLocal:outer=61,slot=2,pass=13,op=O5_WA_WEAK_TO_STRONG,accepted=false,recoveryGain=true,qGain=-1.0,fe=497004
formalLocal:outer=61,slot=2,pass=13,op=O6_WA_SWAP,accepted=false,recoveryGain=true,qGain=-0.27172348914909566,fe=497005
formalLocal:outer=61,slot=2,pass=13,op=O7_MA_LOAD_TRANSFER,accepted=true,recoveryGain=true,qGain=0.006869709489239047,fe=497006
formalLocal:outer=61,slot=2,pass=13,op=O8_MA_WEAK_TO_STRONG,accepted=false,recoveryGain=true,qGain=-0.02939115824917095,fe=497007
formalLocal:outer=61,slot=2,pass=13,op=O9_MA_SWAP,accepted=true,recoveryGain=true,qGain=0.0049516228393351345,fe=497008
formalLocal:outer=61,slot=2,pass=14,op=O1_JS_INSERT,accepted=false,recoveryGain=true,qGain=-0.3629636161530737,fe=497009
formalLocal:outer=61,slot=2,pass=14,op=O2_JS_REVERSE,accepted=false,recoveryGain=true,qGain=-1.0,fe=497010
formalLocal:outer=61,slot=2,pass=14,op=O3_JS_SWAP,accepted=false,recoveryGain=true,qGain=-1.0,fe=497011
formalLocal:outer=61,slot=2,pass=14,op=O4_WA_LOAD_TRANSFER,accepted=false,recoveryGain=true,qGain=-0.5048641777512284,fe=497012
formalLocal:outer=61,slot=2,pass=14,op=O5_WA_WEAK_TO_STRONG,accepted=false,recoveryGain=true,qGain=-1.0,fe=497013
formalLocal:outer=61,slot=2,pass=14,op=O6_WA_SWAP,accepted=false,recoveryGain=true,qGain=-0.2840170841942161,fe=497014
formalLocal:outer=61,slot=2,pass=14,op=O7_MA_LOAD_TRANSFER,accepted=false,recoveryGain=true,qGain=-0.0386589643764768,fe=497015
formalLocal:outer=61,slot=2,pass=14,op=O8_MA_WEAK_TO_STRONG,accepted=false,recoveryGain=true,qGain=-0.2923637777149303,fe=497016
formalLocal:outer=61,slot=2,pass=14,op=O9_MA_SWAP,accepted=true,recoveryGain=true,qGain=0.10997725976025743,fe=497017
formalLocal:outer=61,slot=2,pass=15,op=O1_JS_INSERT,accepted=false,recoveryGain=true,qGain=-0.8473267247562658,fe=497018
formalLocal:outer=61,slot=2,pass=15,op=O2_JS_REVERSE,accepted=false,recoveryGain=true,qGain=-0.4179336298528678,fe=497019
formalLocal:outer=61,slot=2,pass=15,op=O3_JS_SWAP,accepted=false,recoveryGain=true,qGain=-0.03378029099809927,fe=497020
formalLocal:outer=61,slot=2,pass=15,op=O4_WA_LOAD_TRANSFER,accepted=true,recoveryGain=true,qGain=0.05286222670966084,fe=497021
formalLocal:outer=61,slot=2,pass=15,op=O5_WA_WEAK_TO_STRONG,accepted=false,recoveryGain=true,qGain=-0.05581260530452549,fe=497022
formalLocal:outer=61,slot=2,pass=15,op=O6_WA_SWAP,accepted=false,recoveryGain=true,qGain=-0.8025648759569667,fe=497023
formalLocal:outer=61,slot=2,pass=15,op=O7_MA_LOAD_TRANSFER,accepted=false,recoveryGain=true,qGain=-0.016026870601114577,fe=497024
formalLocal:outer=61,slot=2,pass=15,op=O8_MA_WEAK_TO_STRONG,accepted=true,recoveryGain=true,qGain=0.06730852990947153,fe=497025
formalLocal:outer=61,slot=2,pass=15,op=O9_MA_SWAP,accepted=false,recoveryGain=true,qGain=-0.047630785730395565,fe=497026
formalLocal:outer=61,slot=2,pass=16,op=O1_JS_INSERT,accepted=true,recoveryGain=true,qGain=0.0668703541245163,fe=497027
formalLocal:outer=61,slot=2,pass=16,op=O2_JS_REVERSE,accepted=false,recoveryGain=true,qGain=-1.0,fe=497028
formalLocal:outer=61,slot=2,pass=16,op=O3_JS_SWAP,accepted=false,recoveryGain=true,qGain=-0.7767081815128218,fe=497029
formalLocal:outer=61,slot=2,pass=16,op=O4_WA_LOAD_TRANSFER,accepted=false,recoveryGain=true,qGain=-1.0,fe=497030
formalLocal:outer=61,slot=2,pass=16,op=O5_WA_WEAK_TO_STRONG,accepted=false,recoveryGain=true,qGain=-0.10040309278906867,fe=497031
formalLocal:outer=61,slot=2,pass=16,op=O6_WA_SWAP,accepted=false,recoveryGain=true,qGain=-1.0,fe=497032
formalLocal:outer=61,slot=2,pass=16,op=O7_MA_LOAD_TRANSFER,accepted=false,recoveryGain=true,qGain=-0.5818004126521661,fe=497033
formalLocal:outer=61,slot=2,pass=16,op=O8_MA_WEAK_TO_STRONG,accepted=false,recoveryGain=true,qGain=-0.9080812531085788,fe=497034
formalLocal:outer=61,slot=2,pass=16,op=O9_MA_SWAP,accepted=false,recoveryGain=true,qGain=-0.12115984868547064,fe=497035
formalLocal:outer=61,slot=2,pass=17,op=O1_JS_INSERT,accepted=false,recoveryGain=true,qGain=-0.6113947440945126,fe=497036
formalLocal:outer=61,slot=2,pass=17,op=O2_JS_REVERSE,accepted=false,recoveryGain=true,qGain=-1.0,fe=497037
formalLocal:outer=61,slot=2,pass=17,op=O3_JS_SWAP,accepted=false,recoveryGain=true,qGain=-1.0,fe=497038
formalLocal:outer=61,slot=2,pass=17,op=O4_WA_LOAD_TRANSFER,accepted=false,recoveryGain=true,qGain=-1.0,fe=497039
formalLocal:outer=61,slot=2,pass=17,op=O5_WA_WEAK_TO_STRONG,accepted=false,recoveryGain=true,qGain=-0.10040309278906867,fe=497040
formalLocal:outer=61,slot=2,pass=17,op=O6_WA_SWAP,accepted=false,recoveryGain=true,qGain=-1.0,fe=497041
formalLocal:outer=61,slot=2,pass=17,op=O7_MA_LOAD_TRANSFER,accepted=false,recoveryGain=true,qGain=-0.5818004126521661,fe=497042
formalLocal:outer=61,slot=2,pass=17,op=O8_MA_WEAK_TO_STRONG,accepted=false,recoveryGain=true,qGain=-0.9080812531085788,fe=497043
formalLocal:outer=61,slot=2,pass=17,op=O9_MA_SWAP,accepted=false,recoveryGain=true,qGain=-0.12115984868547064,fe=497044
formalLocal:outer=61,slot=2,pass=18,op=O1_JS_INSERT,accepted=false,recoveryGain=true,qGain=-0.7143956646488961,fe=497045
formalLocal:outer=61,slot=2,pass=18,op=O2_JS_REVERSE,accepted=false,recoveryGain=true,qGain=-0.24495016569109046,fe=497046
formalLocal:outer=61,slot=2,pass=18,op=O3_JS_SWAP,accepted=false,recoveryGain=true,qGain=-1.0,fe=497047
formalLocal:outer=61,slot=2,pass=18,op=O4_WA_LOAD_TRANSFER,accepted=false,recoveryGain=true,qGain=-1.0,fe=497048
formalLocal:outer=61,slot=2,pass=18,op=O5_WA_WEAK_TO_STRONG,accepted=false,recoveryGain=true,qGain=-0.10040309278906867,fe=497049
formalLocal:outer=61,slot=2,pass=18,op=O6_WA_SWAP,accepted=false,recoveryGain=true,qGain=-1.0,fe=497050
formalLocal:outer=61,slot=2,pass=18,op=O7_MA_LOAD_TRANSFER,accepted=false,recoveryGain=true,qGain=-0.5818004126521661,fe=497051
formalLocal:outer=61,slot=2,pass=18,op=O8_MA_WEAK_TO_STRONG,accepted=false,recoveryGain=true,qGain=-0.9080812531085788,fe=497052
formalLocal:outer=61,slot=2,pass=18,op=O9_MA_SWAP,accepted=false,recoveryGain=true,qGain=-0.12115984868547064,fe=497053
formalLocal:outer=61,slot=2,pass=19,op=O1_JS_INSERT,accepted=false,recoveryGain=true,qGain=-0.05324636182002076,fe=497054
formalLocal:outer=61,slot=2,pass=19,op=O2_JS_REVERSE,accepted=false,recoveryGain=true,qGain=-1.0,fe=497055
formalLocal:outer=61,slot=2,pass=19,op=O3_JS_SWAP,accepted=false,recoveryGain=true,qGain=-1.0,fe=497056
formalLocal:outer=61,slot=2,pass=19,op=O4_WA_LOAD_TRANSFER,accepted=false,recoveryGain=true,qGain=-1.0,fe=497057
formalLocal:outer=61,slot=2,pass=19,op=O5_WA_WEAK_TO_STRONG,accepted=false,recoveryGain=true,qGain=-0.10040309278906867,fe=497058
formalLocal:outer=61,slot=2,pass=19,op=O6_WA_SWAP,accepted=false,recoveryGain=true,qGain=-1.0,fe=497059
formalLocal:outer=61,slot=2,pass=19,op=O7_MA_LOAD_TRANSFER,accepted=false,recoveryGain=true,qGain=-0.5818004126521661,fe=497060
formalLocal:outer=61,slot=2,pass=19,op=O8_MA_WEAK_TO_STRONG,accepted=false,recoveryGain=true,qGain=-0.9080812531085788,fe=497061
formalLocal:outer=61,slot=2,pass=19,op=O9_MA_SWAP,accepted=false,recoveryGain=true,qGain=-0.12115984868547064,fe=497062
formalLocal:outer=61,slot=2,pass=20,op=O1_JS_INSERT,accepted=false,recoveryGain=true,qGain=-0.22531666869404787,fe=497063
formalLocal:outer=61,slot=2,pass=20,op=O2_JS_REVERSE,accepted=false,recoveryGain=true,qGain=-1.0,fe=497064
formalLocal:outer=61,slot=2,pass=20,op=O3_JS_SWAP,accepted=false,recoveryGain=true,qGain=-1.0,fe=497065
formalLocal:outer=61,slot=2,pass=20,op=O4_WA_LOAD_TRANSFER,accepted=false,recoveryGain=true,qGain=-1.0,fe=497066
formalLocal:outer=61,slot=2,pass=20,op=O5_WA_WEAK_TO_STRONG,accepted=false,recoveryGain=true,qGain=-0.10040309278906867,fe=497067
formalLocal:outer=61,slot=2,pass=20,op=O6_WA_SWAP,accepted=false,recoveryGain=true,qGain=-1.0,fe=497068
formalLocal:outer=61,slot=2,pass=20,op=O7_MA_LOAD_TRANSFER,accepted=false,recoveryGain=true,qGain=-0.5818004126521661,fe=497069
formalLocal:outer=61,slot=2,pass=20,op=O8_MA_WEAK_TO_STRONG,accepted=false,recoveryGain=true,qGain=-0.9080812531085788,fe=497070
formalLocal:outer=61,slot=2,pass=20,op=O9_MA_SWAP,accepted=false,recoveryGain=true,qGain=-0.12115984868547064,fe=497071
formalLocal:outer=61,slot=2,pass=21,op=O1_JS_INSERT,accepted=false,recoveryGain=true,qGain=-1.0,fe=497072
formalLocal:outer=61,slot=2,pass=21,op=O2_JS_REVERSE,accepted=false,recoveryGain=true,qGain=-1.0,fe=497073
formalLocal:outer=61,slot=2,pass=21,op=O3_JS_SWAP,accepted=false,recoveryGain=true,qGain=-1.0,fe=497074
formalLocal:outer=61,slot=2,pass=21,op=O4_WA_LOAD_TRANSFER,accepted=false,recoveryGain=true,qGain=-1.0,fe=497075
formalLocal:outer=61,slot=2,pass=21,op=O5_WA_WEAK_TO_STRONG,accepted=false,recoveryGain=true,qGain=-0.10040309278906867,fe=497076
formalLocal:outer=61,slot=2,pass=21,op=O6_WA_SWAP,accepted=false,recoveryGain=true,qGain=-1.0,fe=497077
formalLocal:outer=61,slot=2,pass=21,op=O7_MA_LOAD_TRANSFER,accepted=false,recoveryGain=true,qGain=-0.5818004126521661,fe=497078
formalLocal:outer=61,slot=2,pass=21,op=O8_MA_WEAK_TO_STRONG,accepted=false,recoveryGain=true,qGain=-0.9080812531085788,fe=497079
formalLocal:outer=61,slot=2,pass=21,op=O9_MA_SWAP,accepted=false,recoveryGain=true,qGain=-0.12115984868547064,fe=497080
formalLocal:outer=61,slot=2,pass=22,op=O1_JS_INSERT,accepted=false,recoveryGain=true,qGain=-1.0,fe=497081
formalLocal:outer=61,slot=2,pass=22,op=O2_JS_REVERSE,accepted=false,recoveryGain=true,qGain=-1.0,fe=497082
formalLocal:outer=61,slot=2,pass=22,op=O3_JS_SWAP,accepted=false,recoveryGain=true,qGain=-0.015257297416314538,fe=497083
formalLocal:outer=61,slot=2,pass=22,op=O4_WA_LOAD_TRANSFER,accepted=false,recoveryGain=true,qGain=-1.0,fe=497084
formalLocal:outer=61,slot=2,pass=22,op=O5_WA_WEAK_TO_STRONG,accepted=false,recoveryGain=true,qGain=-0.10040309278906867,fe=497085
formalLocal:outer=61,slot=2,pass=22,op=O6_WA_SWAP,accepted=false,recoveryGain=true,qGain=-1.0,fe=497086
formalLocal:outer=61,slot=2,pass=22,op=O7_MA_LOAD_TRANSFER,accepted=false,recoveryGain=true,qGain=-0.5818004126521661,fe=497087
formalLocal:outer=61,slot=2,pass=22,op=O8_MA_WEAK_TO_STRONG,accepted=false,recoveryGain=true,qGain=-0.9080812531085788,fe=497088
formalLocal:outer=61,slot=2,pass=22,op=O9_MA_SWAP,accepted=false,recoveryGain=true,qGain=-0.12115984868547064,fe=497089
formalLocal:outer=61,slot=2,pass=23,op=O1_JS_INSERT,accepted=false,recoveryGain=true,qGain=-1.0,fe=497090
formalLocal:outer=61,slot=2,pass=23,op=O2_JS_REVERSE,accepted=false,recoveryGain=true,qGain=-1.0,fe=497091
formalLocal:outer=61,slot=2,pass=23,op=O3_JS_SWAP,accepted=false,recoveryGain=true,qGain=-1.0,fe=497092
formalLocal:outer=61,slot=2,pass=23,op=O4_WA_LOAD_TRANSFER,accepted=false,recoveryGain=true,qGain=-1.0,fe=497093
formalLocal:outer=61,slot=2,pass=23,op=O5_WA_WEAK_TO_STRONG,accepted=false,recoveryGain=true,qGain=-0.10040309278906867,fe=497094
formalLocal:outer=61,slot=2,pass=23,op=O6_WA_SWAP,accepted=false,recoveryGain=true,qGain=-1.0,fe=497095
formalLocal:outer=61,slot=2,pass=23,op=O7_MA_LOAD_TRANSFER,accepted=false,recoveryGain=true,qGain=-0.5818004126521661,fe=497096
formalLocal:outer=61,slot=2,pass=23,op=O8_MA_WEAK_TO_STRONG,accepted=false,recoveryGain=true,qGain=-0.9080812531085788,fe=497097
formalLocal:outer=61,slot=2,pass=23,op=O9_MA_SWAP,accepted=false,recoveryGain=true,qGain=-0.12115984868547064,fe=497098
formalLocal:outer=61,slot=2,pass=24,op=O1_JS_INSERT,accepted=false,recoveryGain=true,qGain=-0.444601439751561,fe=497099
formalLocal:outer=61,slot=2,pass=24,op=O2_JS_REVERSE,accepted=false,recoveryGain=true,qGain=-1.0,fe=497100
formalLocal:outer=61,slot=2,pass=24,op=O3_JS_SWAP,accepted=false,recoveryGain=true,qGain=-1.0,fe=497101
formalLocal:outer=61,slot=2,pass=24,op=O4_WA_LOAD_TRANSFER,accepted=false,recoveryGain=true,qGain=-1.0,fe=497102
formalLocal:outer=61,slot=2,pass=24,op=O5_WA_WEAK_TO_STRONG,accepted=false,recoveryGain=true,qGain=-0.10040309278906867,fe=497103
formalLocal:outer=61,slot=2,pass=24,op=O6_WA_SWAP,accepted=false,recoveryGain=true,qGain=-1.0,fe=497104
formalLocal:outer=61,slot=2,pass=24,op=O7_MA_LOAD_TRANSFER,accepted=false,recoveryGain=true,qGain=-0.5818004126521661,fe=497105
formalLocal:outer=61,slot=2,pass=24,op=O8_MA_WEAK_TO_STRONG,accepted=false,recoveryGain=true,qGain=-0.9080812531085788,fe=497106
formalLocal:outer=61,slot=2,pass=24,op=O9_MA_SWAP,accepted=false,recoveryGain=true,qGain=-0.12115984868547064,fe=497107
formalLocal:outer=61,slot=2,pass=25,op=O1_JS_INSERT,accepted=false,recoveryGain=true,qGain=-0.24662111240391557,fe=497108
formalLocal:outer=61,slot=2,pass=25,op=O2_JS_REVERSE,accepted=false,recoveryGain=true,qGain=-1.0,fe=497109
formalLocal:outer=61,slot=2,pass=25,op=O3_JS_SWAP,accepted=false,recoveryGain=true,qGain=-1.0,fe=497110
formalLocal:outer=61,slot=2,pass=25,op=O4_WA_LOAD_TRANSFER,accepted=false,recoveryGain=true,qGain=-1.0,fe=497111
formalLocal:outer=61,slot=2,pass=25,op=O5_WA_WEAK_TO_STRONG,accepted=false,recoveryGain=true,qGain=-0.10040309278906867,fe=497112
formalLocal:outer=61,slot=2,pass=25,op=O6_WA_SWAP,accepted=false,recoveryGain=true,qGain=-1.0,fe=497113
formalLocal:outer=61,slot=2,pass=25,op=O7_MA_LOAD_TRANSFER,accepted=false,recoveryGain=true,qGain=-0.5818004126521661,fe=497114
formalLocal:outer=61,slot=2,pass=25,op=O8_MA_WEAK_TO_STRONG,accepted=false,recoveryGain=true,qGain=-0.9080812531085788,fe=497115
formalLocal:outer=61,slot=2,pass=25,op=O9_MA_SWAP,accepted=false,recoveryGain=true,qGain=-0.12115984868547064,fe=497116
formalLocal:outer=61,slot=2,pass=26,op=O1_JS_INSERT,accepted=false,recoveryGain=true,qGain=-0.0329030584750332,fe=497117
formalLocal:outer=61,slot=2,pass=26,op=O2_JS_REVERSE,accepted=false,recoveryGain=true,qGain=-0.7394404879238232,fe=497118
formalLocal:outer=61,slot=2,pass=26,op=O3_JS_SWAP,accepted=false,recoveryGain=true,qGain=-1.0,fe=497119
formalLocal:outer=61,slot=2,pass=26,op=O4_WA_LOAD_TRANSFER,accepted=false,recoveryGain=true,qGain=-1.0,fe=497120
formalLocal:outer=61,slot=2,pass=26,op=O5_WA_WEAK_TO_STRONG,accepted=false,recoveryGain=true,qGain=-0.10040309278906867,fe=497121
formalLocal:outer=61,slot=2,pass=26,op=O6_WA_SWAP,accepted=false,recoveryGain=true,qGain=-1.0,fe=497122
formalLocal:outer=61,slot=2,pass=26,op=O7_MA_LOAD_TRANSFER,accepted=false,recoveryGain=true,qGain=-0.5818004126521661,fe=497123
formalLocal:outer=61,slot=2,pass=26,op=O8_MA_WEAK_TO_STRONG,accepted=false,recoveryGain=true,qGain=-0.9080812531085788,fe=497124
formalLocal:outer=61,slot=2,pass=26,op=O9_MA_SWAP,accepted=false,recoveryGain=true,qGain=-0.12115984868547064,fe=497125
formalLocal:outer=61,slot=2,pass=27,op=O1_JS_INSERT,accepted=false,recoveryGain=true,qGain=-1.0,fe=497126
formalLocal:outer=61,slot=2,pass=27,op=O2_JS_REVERSE,accepted=false,recoveryGain=true,qGain=-1.0,fe=497127
formalLocal:outer=61,slot=2,pass=27,op=O3_JS_SWAP,accepted=false,recoveryGain=true,qGain=-0.8798143672366499,fe=497128
formalLocal:outer=61,slot=2,pass=27,op=O4_WA_LOAD_TRANSFER,accepted=false,recoveryGain=true,qGain=-1.0,fe=497129
formalLocal:outer=61,slot=2,pass=27,op=O5_WA_WEAK_TO_STRONG,accepted=false,recoveryGain=true,qGain=-0.10040309278906867,fe=497130
formalLocal:outer=61,slot=2,pass=27,op=O6_WA_SWAP,accepted=false,recoveryGain=true,qGain=-1.0,fe=497131
formalLocal:outer=61,slot=2,pass=27,op=O7_MA_LOAD_TRANSFER,accepted=false,recoveryGain=true,qGain=-0.5818004126521661,fe=497132
formalLocal:outer=61,slot=2,pass=27,op=O8_MA_WEAK_TO_STRONG,accepted=false,recoveryGain=true,qGain=-0.9080812531085788,fe=497133
formalLocal:outer=61,slot=2,pass=27,op=O9_MA_SWAP,accepted=false,recoveryGain=true,qGain=-0.12115984868547064,fe=497134
formalLocal:outer=61,slot=2,pass=28,op=O1_JS_INSERT,accepted=false,recoveryGain=true,qGain=-0.6213988272363903,fe=497135
formalLocal:outer=61,slot=2,pass=28,op=O2_JS_REVERSE,accepted=false,recoveryGain=true,qGain=-0.015257297416314538,fe=497136
formalLocal:outer=61,slot=2,pass=28,op=O3_JS_SWAP,accepted=false,recoveryGain=true,qGain=-1.0,fe=497137
formalLocal:outer=61,slot=2,pass=28,op=O4_WA_LOAD_TRANSFER,accepted=false,recoveryGain=true,qGain=-1.0,fe=497138
formalLocal:outer=61,slot=2,pass=28,op=O5_WA_WEAK_TO_STRONG,accepted=false,recoveryGain=true,qGain=-0.10040309278906867,fe=497139
formalLocal:outer=61,slot=2,pass=28,op=O6_WA_SWAP,accepted=false,recoveryGain=true,qGain=-1.0,fe=497140
formalLocal:outer=61,slot=2,pass=28,op=O7_MA_LOAD_TRANSFER,accepted=false,recoveryGain=true,qGain=-0.5818004126521661,fe=497141
formalLocal:outer=61,slot=2,pass=28,op=O8_MA_WEAK_TO_STRONG,accepted=false,recoveryGain=true,qGain=-0.9080812531085788,fe=497142
formalLocal:outer=61,slot=2,pass=28,op=O9_MA_SWAP,accepted=false,recoveryGain=true,qGain=-0.12115984868547064,fe=497143
formalLocal:outer=61,slot=2,pass=29,op=O1_JS_INSERT,accepted=false,recoveryGain=true,qGain=-1.0,fe=497144
formalLocal:outer=61,slot=2,pass=29,op=O2_JS_REVERSE,accepted=false,recoveryGain=true,qGain=-0.136015121139843,fe=497145
formalLocal:outer=61,slot=2,pass=29,op=O3_JS_SWAP,accepted=false,recoveryGain=true,qGain=-1.0,fe=497146
formalLocal:outer=61,slot=2,pass=29,op=O4_WA_LOAD_TRANSFER,accepted=false,recoveryGain=true,qGain=-1.0,fe=497147
formalLocal:outer=61,slot=2,pass=29,op=O5_WA_WEAK_TO_STRONG,accepted=false,recoveryGain=true,qGain=-0.10040309278906867,fe=497148
formalLocal:outer=61,slot=2,pass=29,op=O6_WA_SWAP,accepted=false,recoveryGain=true,qGain=-1.0,fe=497149
formalLocal:outer=61,slot=2,pass=29,op=O7_MA_LOAD_TRANSFER,accepted=false,recoveryGain=true,qGain=-0.5818004126521661,fe=497150
formalLocal:outer=61,slot=2,pass=29,op=O8_MA_WEAK_TO_STRONG,accepted=false,recoveryGain=true,qGain=-0.9080812531085788,fe=497151
formalLocal:outer=61,slot=2,pass=29,op=O9_MA_SWAP,accepted=false,recoveryGain=true,qGain=-0.12115984868547064,fe=497152
formalLocal:outer=61,slot=3,op=CRITICAL_FACTORY_SWAP,accepted=false,fe=497153
formalLocal:outer=61,slot=3,op=CRITICAL_FACTORY_INSERT,accepted=true,fe=497154
formalLocal:outer=61,slot=3,pass=0,op=O1_JS_INSERT,accepted=true,recoveryGain=true,qGain=0.08361982309541752,fe=497155
formalLocal:outer=61,slot=3,pass=0,op=O2_JS_REVERSE,accepted=false,recoveryGain=true,qGain=-1.0,fe=497156
formalLocal:outer=61,slot=3,pass=0,op=O3_JS_SWAP,accepted=false,recoveryGain=true,qGain=-1.0,fe=497157
formalLocal:outer=61,slot=3,pass=0,op=O4_WA_LOAD_TRANSFER,accepted=false,recoveryGain=true,qGain=-0.22295385161849016,fe=497158
formalLocal:outer=61,slot=3,pass=0,op=O5_WA_WEAK_TO_STRONG,accepted=false,recoveryGain=true,qGain=-1.0,fe=497159
formalLocal:outer=61,slot=3,pass=0,op=O6_WA_SWAP,accepted=false,recoveryGain=true,qGain=-0.9359378303157199,fe=497160
formalLocal:outer=61,slot=3,pass=0,op=O7_MA_LOAD_TRANSFER,accepted=true,recoveryGain=true,qGain=0.03814726884951901,fe=497161
formalLocal:outer=61,slot=3,pass=0,op=O8_MA_WEAK_TO_STRONG,accepted=true,recoveryGain=true,qGain=0.28726829706787566,fe=497162
formalLocal:outer=61,slot=3,pass=0,op=O9_MA_SWAP,accepted=true,recoveryGain=true,qGain=0.1231031498754742,fe=497163
formalLocal:outer=61,slot=3,pass=1,op=O1_JS_INSERT,accepted=false,recoveryGain=true,qGain=-1.0,fe=497164
formalLocal:outer=61,slot=3,pass=1,op=O2_JS_REVERSE,accepted=false,recoveryGain=true,qGain=-0.22978164833415207,fe=497165
formalLocal:outer=61,slot=3,pass=1,op=O3_JS_SWAP,accepted=false,recoveryGain=true,qGain=-1.0,fe=497166
formalLocal:outer=61,slot=3,pass=1,op=O4_WA_LOAD_TRANSFER,accepted=false,recoveryGain=true,qGain=-1.0,fe=497167
formalLocal:outer=61,slot=3,pass=1,op=O5_WA_WEAK_TO_STRONG,accepted=false,recoveryGain=true,qGain=-0.8018406280318556,fe=497168
formalLocal:outer=61,slot=3,pass=1,op=O6_WA_SWAP,accepted=false,recoveryGain=true,qGain=-0.30864675538933306,fe=497169
formalLocal:outer=61,slot=3,pass=1,op=O7_MA_LOAD_TRANSFER,accepted=true,recoveryGain=true,qGain=0.015119322879967761,fe=497170
formalLocal:outer=61,slot=3,pass=1,op=O8_MA_WEAK_TO_STRONG,accepted=false,recoveryGain=true,qGain=-0.747098685408125,fe=497171
formalLocal:outer=61,slot=3,pass=1,op=O9_MA_SWAP,accepted=false,recoveryGain=true,qGain=-0.15789151928514003,fe=497172
formalLocal:outer=61,slot=3,pass=2,op=O1_JS_INSERT,accepted=false,recoveryGain=true,qGain=-1.0,fe=497173
formalLocal:outer=61,slot=3,pass=2,op=O2_JS_REVERSE,accepted=false,recoveryGain=true,qGain=-1.0,fe=497174
formalLocal:outer=61,slot=3,pass=2,op=O3_JS_SWAP,accepted=false,recoveryGain=true,qGain=-0.6733997582375639,fe=497175
formalLocal:outer=61,slot=3,pass=2,op=O4_WA_LOAD_TRANSFER,accepted=false,recoveryGain=true,qGain=-1.0,fe=497176
formalLocal:outer=61,slot=3,pass=2,op=O5_WA_WEAK_TO_STRONG,accepted=false,recoveryGain=true,qGain=-0.6908491765167762,fe=497177
formalLocal:outer=61,slot=3,pass=2,op=O6_WA_SWAP,accepted=false,recoveryGain=true,qGain=-0.32873634927639245,fe=497178
formalLocal:outer=61,slot=3,pass=2,op=O7_MA_LOAD_TRANSFER,accepted=false,recoveryGain=true,qGain=-0.015351426047040921,fe=497179
formalLocal:outer=61,slot=3,pass=2,op=O8_MA_WEAK_TO_STRONG,accepted=false,recoveryGain=true,qGain=-0.747098685408125,fe=497180
formalLocal:outer=61,slot=3,pass=2,op=O9_MA_SWAP,accepted=false,recoveryGain=true,qGain=-0.15789151928514003,fe=497181
formalLocal:outer=61,slot=3,pass=3,op=O1_JS_INSERT,accepted=false,recoveryGain=true,qGain=-1.0,fe=497182
formalLocal:outer=61,slot=3,pass=3,op=O2_JS_REVERSE,accepted=false,recoveryGain=true,qGain=-1.0,fe=497183
formalLocal:outer=61,slot=3,pass=3,op=O3_JS_SWAP,accepted=false,recoveryGain=true,qGain=-1.0,fe=497184
formalLocal:outer=61,slot=3,pass=3,op=O4_WA_LOAD_TRANSFER,accepted=false,recoveryGain=true,qGain=-1.0,fe=497185
formalLocal:outer=61,slot=3,pass=3,op=O5_WA_WEAK_TO_STRONG,accepted=false,recoveryGain=true,qGain=-0.6908491765167762,fe=497186
formalLocal:outer=61,slot=3,pass=3,op=O6_WA_SWAP,accepted=false,recoveryGain=true,qGain=-0.32873634927639245,fe=497187
formalLocal:outer=61,slot=3,pass=3,op=O7_MA_LOAD_TRANSFER,accepted=false,recoveryGain=true,qGain=-0.015351426047040921,fe=497188
formalLocal:outer=61,slot=3,pass=3,op=O8_MA_WEAK_TO_STRONG,accepted=false,recoveryGain=true,qGain=-0.747098685408125,fe=497189
formalLocal:outer=61,slot=3,pass=3,op=O9_MA_SWAP,accepted=false,recoveryGain=true,qGain=-0.15789151928514003,fe=497190
formalLocal:outer=61,slot=3,pass=4,op=O1_JS_INSERT,accepted=false,recoveryGain=true,qGain=-1.0,fe=497191
formalLocal:outer=61,slot=3,pass=4,op=O2_JS_REVERSE,accepted=false,recoveryGain=true,qGain=-1.0,fe=497192
formalLocal:outer=61,slot=3,pass=4,op=O3_JS_SWAP,accepted=false,recoveryGain=true,qGain=-1.0,fe=497193
formalLocal:outer=61,slot=3,pass=4,op=O4_WA_LOAD_TRANSFER,accepted=false,recoveryGain=true,qGain=-1.0,fe=497194
formalLocal:outer=61,slot=3,pass=4,op=O5_WA_WEAK_TO_STRONG,accepted=false,recoveryGain=true,qGain=-0.6908491765167762,fe=497195
formalLocal:outer=61,slot=3,pass=4,op=O6_WA_SWAP,accepted=false,recoveryGain=true,qGain=-0.32873634927639245,fe=497196
formalLocal:outer=61,slot=3,pass=4,op=O7_MA_LOAD_TRANSFER,accepted=false,recoveryGain=true,qGain=-0.015351426047040921,fe=497197
formalLocal:outer=61,slot=3,pass=4,op=O8_MA_WEAK_TO_STRONG,accepted=false,recoveryGain=true,qGain=-0.747098685408125,fe=497198
formalLocal:outer=61,slot=3,pass=4,op=O9_MA_SWAP,accepted=false,recoveryGain=true,qGain=-0.15789151928514003,fe=497199
formalLocal:outer=61,slot=3,pass=5,op=O1_JS_INSERT,accepted=false,recoveryGain=true,qGain=0.0,fe=497200
formalLocal:outer=61,slot=3,pass=5,op=O2_JS_REVERSE,accepted=false,recoveryGain=true,qGain=-0.3840920633835426,fe=497201
formalLocal:outer=61,slot=3,pass=5,op=O3_JS_SWAP,accepted=false,recoveryGain=true,qGain=-1.0,fe=497202
formalLocal:outer=61,slot=3,pass=5,op=O4_WA_LOAD_TRANSFER,accepted=false,recoveryGain=true,qGain=-1.0,fe=497203
formalLocal:outer=61,slot=3,pass=5,op=O5_WA_WEAK_TO_STRONG,accepted=false,recoveryGain=true,qGain=-0.6908491765167762,fe=497204
formalLocal:outer=61,slot=3,pass=5,op=O6_WA_SWAP,accepted=false,recoveryGain=true,qGain=-0.32873634927639245,fe=497205
formalLocal:outer=61,slot=3,pass=5,op=O7_MA_LOAD_TRANSFER,accepted=false,recoveryGain=true,qGain=-0.015351426047040921,fe=497206
formalLocal:outer=61,slot=3,pass=5,op=O8_MA_WEAK_TO_STRONG,accepted=false,recoveryGain=true,qGain=-0.747098685408125,fe=497207
formalLocal:outer=61,slot=3,pass=5,op=O9_MA_SWAP,accepted=false,recoveryGain=true,qGain=-0.15789151928514003,fe=497208
formalLocal:outer=61,slot=3,pass=6,op=O1_JS_INSERT,accepted=true,recoveryGain=true,qGain=0.5042600114448238,fe=497209
formalLocal:outer=61,slot=3,pass=6,op=O2_JS_REVERSE,accepted=false,recoveryGain=true,qGain=-1.0,fe=497210
formalLocal:outer=61,slot=3,pass=6,op=O3_JS_SWAP,accepted=false,recoveryGain=true,qGain=-1.0,fe=497211
formalLocal:outer=61,slot=3,pass=6,op=O4_WA_LOAD_TRANSFER,accepted=false,recoveryGain=true,qGain=-1.0,fe=497212
formalLocal:outer=61,slot=3,pass=6,op=O5_WA_WEAK_TO_STRONG,accepted=false,recoveryGain=true,qGain=-1.0,fe=497213
formalLocal:outer=61,slot=3,pass=6,op=O6_WA_SWAP,accepted=false,recoveryGain=true,qGain=-1.0,fe=497214
formalLocal:outer=61,slot=3,pass=6,op=O7_MA_LOAD_TRANSFER,accepted=false,recoveryGain=true,qGain=-0.04973937573955536,fe=497215
formalLocal:outer=61,slot=3,pass=6,op=O8_MA_WEAK_TO_STRONG,accepted=false,recoveryGain=true,qGain=-1.0,fe=497216
formalLocal:outer=61,slot=3,pass=6,op=O9_MA_SWAP,accepted=false,recoveryGain=true,qGain=-0.5159100647580036,fe=497217
formalLocal:outer=61,slot=3,pass=7,op=O1_JS_INSERT,accepted=false,recoveryGain=true,qGain=-1.0,fe=497218
formalLocal:outer=61,slot=3,pass=7,op=O2_JS_REVERSE,accepted=false,recoveryGain=true,qGain=-1.0,fe=497219
formalLocal:outer=61,slot=3,pass=7,op=O3_JS_SWAP,accepted=false,recoveryGain=true,qGain=-0.3252355856316312,fe=497220
formalLocal:outer=61,slot=3,pass=7,op=O4_WA_LOAD_TRANSFER,accepted=false,recoveryGain=true,qGain=-1.0,fe=497221
formalLocal:outer=61,slot=3,pass=7,op=O5_WA_WEAK_TO_STRONG,accepted=false,recoveryGain=true,qGain=-1.0,fe=497222
formalLocal:outer=61,slot=3,pass=7,op=O6_WA_SWAP,accepted=false,recoveryGain=true,qGain=-1.0,fe=497223
formalLocal:outer=61,slot=3,pass=7,op=O7_MA_LOAD_TRANSFER,accepted=false,recoveryGain=true,qGain=-0.04973937573955536,fe=497224
formalLocal:outer=61,slot=3,pass=7,op=O8_MA_WEAK_TO_STRONG,accepted=false,recoveryGain=true,qGain=-1.0,fe=497225
formalLocal:outer=61,slot=3,pass=7,op=O9_MA_SWAP,accepted=false,recoveryGain=true,qGain=-0.5159100647580036,fe=497226
formalLocal:outer=61,slot=3,pass=8,op=O1_JS_INSERT,accepted=false,recoveryGain=true,qGain=-0.7360739532499609,fe=497227
formalLocal:outer=61,slot=3,pass=8,op=O2_JS_REVERSE,accepted=false,recoveryGain=true,qGain=-1.0,fe=497228
formalLocal:outer=61,slot=3,pass=8,op=O3_JS_SWAP,accepted=true,recoveryGain=true,qGain=0.0031414643851280363,fe=497229
formalLocal:outer=61,slot=3,pass=8,op=O4_WA_LOAD_TRANSFER,accepted=false,recoveryGain=true,qGain=-1.0,fe=497230
formalLocal:outer=61,slot=3,pass=8,op=O5_WA_WEAK_TO_STRONG,accepted=false,recoveryGain=true,qGain=-1.0,fe=497231
formalLocal:outer=61,slot=3,pass=8,op=O6_WA_SWAP,accepted=false,recoveryGain=true,qGain=-1.0,fe=497232
formalLocal:outer=61,slot=3,pass=8,op=O7_MA_LOAD_TRANSFER,accepted=false,recoveryGain=true,qGain=-0.04684562229044671,fe=497233
formalLocal:outer=61,slot=3,pass=8,op=O8_MA_WEAK_TO_STRONG,accepted=false,recoveryGain=true,qGain=-1.0,fe=497234
formalLocal:outer=61,slot=3,pass=8,op=O9_MA_SWAP,accepted=false,recoveryGain=true,qGain=-0.5414883856304321,fe=497235
formalLocal:outer=61,slot=3,pass=9,op=O1_JS_INSERT,accepted=false,recoveryGain=true,qGain=-0.5023475865602786,fe=497236
formalLocal:outer=61,slot=3,pass=9,op=O2_JS_REVERSE,accepted=false,recoveryGain=true,qGain=-0.04496527578788985,fe=497237
formalLocal:outer=61,slot=3,pass=9,op=O3_JS_SWAP,accepted=false,recoveryGain=true,qGain=-1.0,fe=497238
formalLocal:outer=61,slot=3,pass=9,op=O4_WA_LOAD_TRANSFER,accepted=false,recoveryGain=true,qGain=-1.0,fe=497239
formalLocal:outer=61,slot=3,pass=9,op=O5_WA_WEAK_TO_STRONG,accepted=false,recoveryGain=true,qGain=-1.0,fe=497240
formalLocal:outer=61,slot=3,pass=9,op=O6_WA_SWAP,accepted=false,recoveryGain=true,qGain=-1.0,fe=497241
formalLocal:outer=61,slot=3,pass=9,op=O7_MA_LOAD_TRANSFER,accepted=false,recoveryGain=true,qGain=-0.04684562229044671,fe=497242
formalLocal:outer=61,slot=3,pass=9,op=O8_MA_WEAK_TO_STRONG,accepted=false,recoveryGain=true,qGain=-1.0,fe=497243
formalLocal:outer=61,slot=3,pass=9,op=O9_MA_SWAP,accepted=false,recoveryGain=true,qGain=-0.5414883856304321,fe=497244
formalLocal:outer=61,slot=3,pass=10,op=O1_JS_INSERT,accepted=false,recoveryGain=true,qGain=-1.0,fe=497245
formalLocal:outer=61,slot=3,pass=10,op=O2_JS_REVERSE,accepted=false,recoveryGain=true,qGain=-1.0,fe=497246
formalLocal:outer=61,slot=3,pass=10,op=O3_JS_SWAP,accepted=false,recoveryGain=true,qGain=-0.6245914428053637,fe=497247
formalLocal:outer=61,slot=3,pass=10,op=O4_WA_LOAD_TRANSFER,accepted=false,recoveryGain=true,qGain=-1.0,fe=497248
formalLocal:outer=61,slot=3,pass=10,op=O5_WA_WEAK_TO_STRONG,accepted=false,recoveryGain=true,qGain=-1.0,fe=497249
formalLocal:outer=61,slot=3,pass=10,op=O6_WA_SWAP,accepted=false,recoveryGain=true,qGain=-1.0,fe=497250
formalLocal:outer=61,slot=3,pass=10,op=O7_MA_LOAD_TRANSFER,accepted=false,recoveryGain=true,qGain=-0.04684562229044671,fe=497251
formalLocal:outer=61,slot=3,pass=10,op=O8_MA_WEAK_TO_STRONG,accepted=false,recoveryGain=true,qGain=-1.0,fe=497252
formalLocal:outer=61,slot=3,pass=10,op=O9_MA_SWAP,accepted=false,recoveryGain=true,qGain=-0.5414883856304321,fe=497253
formalLocal:outer=61,slot=3,pass=11,op=O1_JS_INSERT,accepted=false,recoveryGain=true,qGain=-1.0,fe=497254
formalLocal:outer=61,slot=3,pass=11,op=O2_JS_REVERSE,accepted=false,recoveryGain=true,qGain=-1.0,fe=497255
formalLocal:outer=61,slot=3,pass=11,op=O3_JS_SWAP,accepted=false,recoveryGain=true,qGain=-1.0,fe=497256
formalLocal:outer=61,slot=3,pass=11,op=O4_WA_LOAD_TRANSFER,accepted=false,recoveryGain=true,qGain=-1.0,fe=497257
formalLocal:outer=61,slot=3,pass=11,op=O5_WA_WEAK_TO_STRONG,accepted=false,recoveryGain=true,qGain=-1.0,fe=497258
formalLocal:outer=61,slot=3,pass=11,op=O6_WA_SWAP,accepted=false,recoveryGain=true,qGain=-1.0,fe=497259
formalLocal:outer=61,slot=3,pass=11,op=O7_MA_LOAD_TRANSFER,accepted=false,recoveryGain=true,qGain=-0.04684562229044671,fe=497260
formalLocal:outer=61,slot=3,pass=11,op=O8_MA_WEAK_TO_STRONG,accepted=false,recoveryGain=true,qGain=-1.0,fe=497261
formalLocal:outer=61,slot=3,pass=11,op=O9_MA_SWAP,accepted=false,recoveryGain=true,qGain=-0.5414883856304321,fe=497262
formalLocal:outer=61,slot=3,pass=12,op=O1_JS_INSERT,accepted=false,recoveryGain=true,qGain=-1.0,fe=497263
formalLocal:outer=61,slot=3,pass=12,op=O2_JS_REVERSE,accepted=false,recoveryGain=true,qGain=-1.0,fe=497264
formalLocal:outer=61,slot=3,pass=12,op=O3_JS_SWAP,accepted=false,recoveryGain=true,qGain=-1.0,fe=497265
formalLocal:outer=61,slot=3,pass=12,op=O4_WA_LOAD_TRANSFER,accepted=false,recoveryGain=true,qGain=-1.0,fe=497266
formalLocal:outer=61,slot=3,pass=12,op=O5_WA_WEAK_TO_STRONG,accepted=false,recoveryGain=true,qGain=-1.0,fe=497267
formalLocal:outer=61,slot=3,pass=12,op=O6_WA_SWAP,accepted=false,recoveryGain=true,qGain=-1.0,fe=497268
formalLocal:outer=61,slot=3,pass=12,op=O7_MA_LOAD_TRANSFER,accepted=false,recoveryGain=true,qGain=-0.04684562229044671,fe=497269
formalLocal:outer=61,slot=3,pass=12,op=O8_MA_WEAK_TO_STRONG,accepted=false,recoveryGain=true,qGain=-1.0,fe=497270
formalLocal:outer=61,slot=3,pass=12,op=O9_MA_SWAP,accepted=false,recoveryGain=true,qGain=-0.5414883856304321,fe=497271
formalLocal:outer=61,slot=3,pass=13,op=O1_JS_INSERT,accepted=false,recoveryGain=true,qGain=-1.0,fe=497272
formalLocal:outer=61,slot=3,pass=13,op=O2_JS_REVERSE,accepted=false,recoveryGain=true,qGain=-1.0,fe=497273
formalLocal:outer=61,slot=3,pass=13,op=O3_JS_SWAP,accepted=false,recoveryGain=true,qGain=-1.0,fe=497274
formalLocal:outer=61,slot=3,pass=13,op=O4_WA_LOAD_TRANSFER,accepted=false,recoveryGain=true,qGain=-1.0,fe=497275
formalLocal:outer=61,slot=3,pass=13,op=O5_WA_WEAK_TO_STRONG,accepted=false,recoveryGain=true,qGain=-1.0,fe=497276
formalLocal:outer=61,slot=3,pass=13,op=O6_WA_SWAP,accepted=false,recoveryGain=true,qGain=-1.0,fe=497277
formalLocal:outer=61,slot=3,pass=13,op=O7_MA_LOAD_TRANSFER,accepted=false,recoveryGain=true,qGain=-0.04684562229044671,fe=497278
formalLocal:outer=61,slot=3,pass=13,op=O8_MA_WEAK_TO_STRONG,accepted=false,recoveryGain=true,qGain=-1.0,fe=497279
formalLocal:outer=61,slot=3,pass=13,op=O9_MA_SWAP,accepted=false,recoveryGain=true,qGain=-0.5414883856304321,fe=497280
formalLocal:outer=61,slot=3,pass=14,op=O1_JS_INSERT,accepted=true,recoveryGain=true,qGain=0.192344199825189,fe=497281
formalLocal:outer=61,slot=3,pass=14,op=O2_JS_REVERSE,accepted=false,recoveryGain=true,qGain=-1.0,fe=497282
formalLocal:outer=61,slot=3,pass=14,op=O3_JS_SWAP,accepted=false,recoveryGain=true,qGain=-1.0,fe=497283
formalLocal:outer=61,slot=3,pass=14,op=O4_WA_LOAD_TRANSFER,accepted=false,recoveryGain=true,qGain=-0.2182654514312727,fe=497284
formalLocal:outer=61,slot=3,pass=14,op=O5_WA_WEAK_TO_STRONG,accepted=false,recoveryGain=true,qGain=-1.0,fe=497285
formalLocal:outer=61,slot=3,pass=14,op=O6_WA_SWAP,accepted=false,recoveryGain=true,qGain=-1.0,fe=497286
formalLocal:outer=61,slot=3,pass=14,op=O7_MA_LOAD_TRANSFER,accepted=false,recoveryGain=true,qGain=-0.09820100549271893,fe=497287
formalLocal:outer=61,slot=3,pass=14,op=O8_MA_WEAK_TO_STRONG,accepted=false,recoveryGain=true,qGain=-1.0,fe=497288
formalLocal:outer=61,slot=3,pass=14,op=O9_MA_SWAP,accepted=false,recoveryGain=true,qGain=-1.0,fe=497289
formalLocal:outer=61,slot=3,pass=15,op=O1_JS_INSERT,accepted=false,recoveryGain=true,qGain=-0.8849171649963372,fe=497290
formalLocal:outer=61,slot=3,pass=15,op=O2_JS_REVERSE,accepted=true,recoveryGain=true,qGain=0.738688759959569,fe=497291
formalLocal:outer=61,slot=3,pass=15,op=O3_JS_SWAP,accepted=false,recoveryGain=true,qGain=-1.0,fe=497292
formalLocal:outer=61,slot=3,pass=15,op=O4_WA_LOAD_TRANSFER,accepted=false,recoveryGain=true,qGain=-1.0,fe=497293
formalLocal:outer=61,slot=3,pass=15,op=O5_WA_WEAK_TO_STRONG,accepted=true,recoveryGain=true,qGain=1.0,fe=497294
formalLocal:outer=61,slot=3,pass=15,op=O6_WA_SWAP,accepted=false,recoveryGain=true,qGain=-1.0,fe=497295
formalLocal:outer=61,slot=3,pass=15,op=O7_MA_LOAD_TRANSFER,accepted=false,recoveryGain=true,qGain=-0.5441281386792689,fe=497296
formalLocal:outer=61,slot=3,pass=15,op=O8_MA_WEAK_TO_STRONG,accepted=false,recoveryGain=true,qGain=-1.0,fe=497297
formalLocal:outer=61,slot=3,pass=15,op=O9_MA_SWAP,accepted=false,recoveryGain=true,qGain=-1.0,fe=497298
formalLocal:outer=61,slot=3,pass=16,op=O1_JS_INSERT,accepted=false,recoveryGain=true,qGain=-1.0,fe=497299
formalLocal:outer=61,slot=3,pass=16,op=O2_JS_REVERSE,accepted=false,recoveryGain=true,qGain=-1.0,fe=497300
formalLocal:outer=61,slot=3,pass=16,op=O3_JS_SWAP,accepted=false,recoveryGain=true,qGain=-1.0,fe=497301
formalLocal:outer=61,slot=3,pass=16,op=O4_WA_LOAD_TRANSFER,accepted=true,recoveryGain=true,qGain=0.4586330259341859,fe=497302
formalLocal:outer=61,slot=3,pass=16,op=O5_WA_WEAK_TO_STRONG,accepted=false,recoveryGain=true,qGain=-0.3144266020169487,fe=497303
formalLocal:outer=61,slot=3,pass=16,op=O6_WA_SWAP,accepted=false,recoveryGain=true,qGain=-1.0,fe=497304
formalLocal:outer=61,slot=3,pass=16,op=O7_MA_LOAD_TRANSFER,accepted=true,recoveryGain=true,qGain=0.04623221541775018,fe=497305
formalLocal:outer=61,slot=3,pass=16,op=O8_MA_WEAK_TO_STRONG,accepted=false,recoveryGain=true,qGain=-1.0,fe=497306
formalLocal:outer=61,slot=3,pass=16,op=O9_MA_SWAP,accepted=true,recoveryGain=true,qGain=1.0,fe=497307
formalLocal:outer=61,slot=3,pass=17,op=O1_JS_INSERT,accepted=true,recoveryGain=true,qGain=0.012854410528171642,fe=497308
formalLocal:outer=61,slot=3,pass=17,op=O2_JS_REVERSE,accepted=false,recoveryGain=true,qGain=-1.0,fe=497309
formalLocal:outer=61,slot=3,pass=17,op=O3_JS_SWAP,accepted=false,recoveryGain=true,qGain=-0.23294049559497912,fe=497310
formalLocal:outer=61,slot=3,pass=17,op=O4_WA_LOAD_TRANSFER,accepted=false,recoveryGain=true,qGain=-1.0,fe=497311
formalLocal:outer=61,slot=3,pass=17,op=O5_WA_WEAK_TO_STRONG,accepted=false,recoveryGain=true,qGain=-1.0,fe=497312
formalLocal:outer=61,slot=3,pass=17,op=O6_WA_SWAP,accepted=false,recoveryGain=true,qGain=-0.6359683033424303,fe=497313
formalLocal:outer=61,slot=3,pass=17,op=O7_MA_LOAD_TRANSFER,accepted=false,recoveryGain=true,qGain=-1.0,fe=497314
formalLocal:outer=61,slot=3,pass=17,op=O8_MA_WEAK_TO_STRONG,accepted=true,recoveryGain=true,qGain=0.28927164919823206,fe=497315
formalLocal:outer=61,slot=3,pass=17,op=O9_MA_SWAP,accepted=false,recoveryGain=true,qGain=-0.7942915882645287,fe=497316
formalLocal:outer=61,slot=3,pass=18,op=O1_JS_INSERT,accepted=false,recoveryGain=true,qGain=-1.0,fe=497317
formalLocal:outer=61,slot=3,pass=18,op=O2_JS_REVERSE,accepted=false,recoveryGain=true,qGain=-1.0,fe=497318
formalLocal:outer=61,slot=3,pass=18,op=O3_JS_SWAP,accepted=false,recoveryGain=true,qGain=-1.0,fe=497319
formalLocal:outer=61,slot=3,pass=18,op=O4_WA_LOAD_TRANSFER,accepted=false,recoveryGain=true,qGain=-1.0,fe=497320
formalLocal:outer=61,slot=3,pass=18,op=O5_WA_WEAK_TO_STRONG,accepted=false,recoveryGain=true,qGain=-0.729021754946308,fe=497321
formalLocal:outer=61,slot=3,pass=18,op=O6_WA_SWAP,accepted=false,recoveryGain=true,qGain=-1.0,fe=497322
formalLocal:outer=61,slot=3,pass=18,op=O7_MA_LOAD_TRANSFER,accepted=false,recoveryGain=true,qGain=-1.0,fe=497323
formalLocal:outer=61,slot=3,pass=18,op=O8_MA_WEAK_TO_STRONG,accepted=true,recoveryGain=true,qGain=0.025696053413006428,fe=497324
formalLocal:outer=61,slot=3,pass=18,op=O9_MA_SWAP,accepted=false,recoveryGain=true,qGain=-1.0,fe=497325
formalLocal:outer=61,slot=3,pass=19,op=O1_JS_INSERT,accepted=false,recoveryGain=true,qGain=-1.0,fe=497326
formalLocal:outer=61,slot=3,pass=19,op=O2_JS_REVERSE,accepted=false,recoveryGain=true,qGain=-1.0,fe=497327
formalLocal:outer=61,slot=3,pass=19,op=O3_JS_SWAP,accepted=false,recoveryGain=true,qGain=-0.3613518809796942,fe=497328
formalLocal:outer=61,slot=3,pass=19,op=O4_WA_LOAD_TRANSFER,accepted=false,recoveryGain=true,qGain=-1.0,fe=497329
formalLocal:outer=61,slot=3,pass=19,op=O5_WA_WEAK_TO_STRONG,accepted=false,recoveryGain=true,qGain=-1.0,fe=497330
formalLocal:outer=61,slot=3,pass=19,op=O6_WA_SWAP,accepted=false,recoveryGain=true,qGain=-1.0,fe=497331
formalLocal:outer=61,slot=3,pass=19,op=O7_MA_LOAD_TRANSFER,accepted=false,recoveryGain=true,qGain=-1.0,fe=497332
formalLocal:outer=61,slot=3,pass=19,op=O8_MA_WEAK_TO_STRONG,accepted=false,recoveryGain=true,qGain=-1.0,fe=497333
formalLocal:outer=61,slot=3,pass=19,op=O9_MA_SWAP,accepted=false,recoveryGain=true,qGain=-1.0,fe=497334
formalLocal:outer=61,slot=3,pass=20,op=O1_JS_INSERT,accepted=false,recoveryGain=true,qGain=-0.5490967104134583,fe=497335
formalLocal:outer=61,slot=3,pass=20,op=O2_JS_REVERSE,accepted=false,recoveryGain=true,qGain=-1.0,fe=497336
formalLocal:outer=61,slot=3,pass=20,op=O3_JS_SWAP,accepted=false,recoveryGain=true,qGain=-1.0,fe=497337
formalLocal:outer=61,slot=3,pass=20,op=O4_WA_LOAD_TRANSFER,accepted=false,recoveryGain=true,qGain=-1.0,fe=497338
formalLocal:outer=61,slot=3,pass=20,op=O5_WA_WEAK_TO_STRONG,accepted=false,recoveryGain=true,qGain=-1.0,fe=497339
formalLocal:outer=61,slot=3,pass=20,op=O6_WA_SWAP,accepted=false,recoveryGain=true,qGain=-1.0,fe=497340
formalLocal:outer=61,slot=3,pass=20,op=O7_MA_LOAD_TRANSFER,accepted=false,recoveryGain=true,qGain=-1.0,fe=497341
formalLocal:outer=61,slot=3,pass=20,op=O8_MA_WEAK_TO_STRONG,accepted=false,recoveryGain=true,qGain=-1.0,fe=497342
formalLocal:outer=61,slot=3,pass=20,op=O9_MA_SWAP,accepted=false,recoveryGain=true,qGain=-1.0,fe=497343
formalLocal:outer=61,slot=3,pass=21,op=O1_JS_INSERT,accepted=false,recoveryGain=true,qGain=-1.0,fe=497344
formalLocal:outer=61,slot=3,pass=21,op=O2_JS_REVERSE,accepted=false,recoveryGain=true,qGain=-1.0,fe=497345
formalLocal:outer=61,slot=3,pass=21,op=O3_JS_SWAP,accepted=false,recoveryGain=true,qGain=-1.0,fe=497346
formalLocal:outer=61,slot=3,pass=21,op=O4_WA_LOAD_TRANSFER,accepted=false,recoveryGain=true,qGain=-1.0,fe=497347
formalLocal:outer=61,slot=3,pass=21,op=O5_WA_WEAK_TO_STRONG,accepted=false,recoveryGain=true,qGain=-1.0,fe=497348
formalLocal:outer=61,slot=3,pass=21,op=O6_WA_SWAP,accepted=false,recoveryGain=true,qGain=-1.0,fe=497349
formalLocal:outer=61,slot=3,pass=21,op=O7_MA_LOAD_TRANSFER,accepted=false,recoveryGain=true,qGain=-1.0,fe=497350
formalLocal:outer=61,slot=3,pass=21,op=O8_MA_WEAK_TO_STRONG,accepted=false,recoveryGain=true,qGain=-1.0,fe=497351
formalLocal:outer=61,slot=3,pass=21,op=O9_MA_SWAP,accepted=false,recoveryGain=true,qGain=-1.0,fe=497352
formalLocal:outer=61,slot=3,pass=22,op=O1_JS_INSERT,accepted=false,recoveryGain=true,qGain=-1.0,fe=497353
formalLocal:outer=61,slot=3,pass=22,op=O2_JS_REVERSE,accepted=false,recoveryGain=true,qGain=-1.0,fe=497354
formalLocal:outer=61,slot=3,pass=22,op=O3_JS_SWAP,accepted=false,recoveryGain=true,qGain=-1.0,fe=497355
formalLocal:outer=61,slot=3,pass=22,op=O4_WA_LOAD_TRANSFER,accepted=false,recoveryGain=true,qGain=-1.0,fe=497356
formalLocal:outer=61,slot=3,pass=22,op=O5_WA_WEAK_TO_STRONG,accepted=false,recoveryGain=true,qGain=-1.0,fe=497357
formalLocal:outer=61,slot=3,pass=22,op=O6_WA_SWAP,accepted=false,recoveryGain=true,qGain=-1.0,fe=497358
formalLocal:outer=61,slot=3,pass=22,op=O7_MA_LOAD_TRANSFER,accepted=false,recoveryGain=true,qGain=-1.0,fe=497359
formalLocal:outer=61,slot=3,pass=22,op=O8_MA_WEAK_TO_STRONG,accepted=false,recoveryGain=true,qGain=-1.0,fe=497360
formalLocal:outer=61,slot=3,pass=22,op=O9_MA_SWAP,accepted=false,recoveryGain=true,qGain=-1.0,fe=497361
formalLocal:outer=61,slot=3,pass=23,op=O1_JS_INSERT,accepted=false,recoveryGain=true,qGain=-1.0,fe=497362
formalLocal:outer=61,slot=3,pass=23,op=O2_JS_REVERSE,accepted=false,recoveryGain=true,qGain=-1.0,fe=497363
formalLocal:outer=61,slot=3,pass=23,op=O3_JS_SWAP,accepted=false,recoveryGain=true,qGain=-0.43517289018592914,fe=497364
formalLocal:outer=61,slot=3,pass=23,op=O4_WA_LOAD_TRANSFER,accepted=false,recoveryGain=true,qGain=-1.0,fe=497365
formalLocal:outer=61,slot=3,pass=23,op=O5_WA_WEAK_TO_STRONG,accepted=false,recoveryGain=true,qGain=-1.0,fe=497366
formalLocal:outer=61,slot=3,pass=23,op=O6_WA_SWAP,accepted=false,recoveryGain=true,qGain=-1.0,fe=497367
formalLocal:outer=61,slot=3,pass=23,op=O7_MA_LOAD_TRANSFER,accepted=false,recoveryGain=true,qGain=-1.0,fe=497368
formalLocal:outer=61,slot=3,pass=23,op=O8_MA_WEAK_TO_STRONG,accepted=false,recoveryGain=true,qGain=-1.0,fe=497369
formalLocal:outer=61,slot=3,pass=23,op=O9_MA_SWAP,accepted=false,recoveryGain=true,qGain=-1.0,fe=497370
formalLocal:outer=61,slot=3,pass=24,op=O1_JS_INSERT,accepted=false,recoveryGain=true,qGain=-0.31399373186533786,fe=497371
formalLocal:outer=61,slot=3,pass=24,op=O2_JS_REVERSE,accepted=false,recoveryGain=true,qGain=-1.0,fe=497372
formalLocal:outer=61,slot=3,pass=24,op=O3_JS_SWAP,accepted=false,recoveryGain=true,qGain=-1.0,fe=497373
formalLocal:outer=61,slot=3,pass=24,op=O4_WA_LOAD_TRANSFER,accepted=false,recoveryGain=true,qGain=-1.0,fe=497374
formalLocal:outer=61,slot=3,pass=24,op=O5_WA_WEAK_TO_STRONG,accepted=false,recoveryGain=true,qGain=-1.0,fe=497375
formalLocal:outer=61,slot=3,pass=24,op=O6_WA_SWAP,accepted=false,recoveryGain=true,qGain=-1.0,fe=497376
formalLocal:outer=61,slot=3,pass=24,op=O7_MA_LOAD_TRANSFER,accepted=false,recoveryGain=true,qGain=-1.0,fe=497377
formalLocal:outer=61,slot=3,pass=24,op=O8_MA_WEAK_TO_STRONG,accepted=false,recoveryGain=true,qGain=-1.0,fe=497378
formalLocal:outer=61,slot=3,pass=24,op=O9_MA_SWAP,accepted=false,recoveryGain=true,qGain=-1.0,fe=497379
formalLocal:outer=61,slot=3,pass=25,op=O1_JS_INSERT,accepted=false,recoveryGain=true,qGain=-1.0,fe=497380
formalLocal:outer=61,slot=3,pass=25,op=O2_JS_REVERSE,accepted=false,recoveryGain=true,qGain=-1.0,fe=497381
formalLocal:outer=61,slot=3,pass=25,op=O3_JS_SWAP,accepted=false,recoveryGain=true,qGain=-1.0,fe=497382
formalLocal:outer=61,slot=3,pass=25,op=O4_WA_LOAD_TRANSFER,accepted=false,recoveryGain=true,qGain=-1.0,fe=497383
formalLocal:outer=61,slot=3,pass=25,op=O5_WA_WEAK_TO_STRONG,accepted=false,recoveryGain=true,qGain=-1.0,fe=497384
formalLocal:outer=61,slot=3,pass=25,op=O6_WA_SWAP,accepted=false,recoveryGain=true,qGain=-1.0,fe=497385
formalLocal:outer=61,slot=3,pass=25,op=O7_MA_LOAD_TRANSFER,accepted=false,recoveryGain=true,qGain=-1.0,fe=497386
formalLocal:outer=61,slot=3,pass=25,op=O8_MA_WEAK_TO_STRONG,accepted=false,recoveryGain=true,qGain=-1.0,fe=497387
formalLocal:outer=61,slot=3,pass=25,op=O9_MA_SWAP,accepted=false,recoveryGain=true,qGain=-1.0,fe=497388
formalLocal:outer=61,slot=3,pass=26,op=O1_JS_INSERT,accepted=false,recoveryGain=true,qGain=-1.0,fe=497389
formalLocal:outer=61,slot=3,pass=26,op=O2_JS_REVERSE,accepted=false,recoveryGain=true,qGain=-1.0,fe=497390
formalLocal:outer=61,slot=3,pass=26,op=O3_JS_SWAP,accepted=false,recoveryGain=true,qGain=-1.0,fe=497391
formalLocal:outer=61,slot=3,pass=26,op=O4_WA_LOAD_TRANSFER,accepted=false,recoveryGain=true,qGain=-1.0,fe=497392
formalLocal:outer=61,slot=3,pass=26,op=O5_WA_WEAK_TO_STRONG,accepted=false,recoveryGain=true,qGain=-1.0,fe=497393
formalLocal:outer=61,slot=3,pass=26,op=O6_WA_SWAP,accepted=false,recoveryGain=true,qGain=-1.0,fe=497394
formalLocal:outer=61,slot=3,pass=26,op=O7_MA_LOAD_TRANSFER,accepted=false,recoveryGain=true,qGain=-1.0,fe=497395
formalLocal:outer=61,slot=3,pass=26,op=O8_MA_WEAK_TO_STRONG,accepted=false,recoveryGain=true,qGain=-1.0,fe=497396
formalLocal:outer=61,slot=3,pass=26,op=O9_MA_SWAP,accepted=false,recoveryGain=true,qGain=-1.0,fe=497397
formalLocal:outer=61,slot=3,pass=27,op=O1_JS_INSERT,accepted=false,recoveryGain=true,qGain=-1.0,fe=497398
formalLocal:outer=61,slot=3,pass=27,op=O2_JS_REVERSE,accepted=false,recoveryGain=true,qGain=-1.0,fe=497399
formalLocal:outer=61,slot=3,pass=27,op=O3_JS_SWAP,accepted=false,recoveryGain=true,qGain=-1.0,fe=497400
formalLocal:outer=61,slot=3,pass=27,op=O4_WA_LOAD_TRANSFER,accepted=false,recoveryGain=true,qGain=-1.0,fe=497401
formalLocal:outer=61,slot=3,pass=27,op=O5_WA_WEAK_TO_STRONG,accepted=false,recoveryGain=true,qGain=-1.0,fe=497402
formalLocal:outer=61,slot=3,pass=27,op=O6_WA_SWAP,accepted=false,recoveryGain=true,qGain=-1.0,fe=497403
formalLocal:outer=61,slot=3,pass=27,op=O7_MA_LOAD_TRANSFER,accepted=false,recoveryGain=true,qGain=-1.0,fe=497404
formalLocal:outer=61,slot=3,pass=27,op=O8_MA_WEAK_TO_STRONG,accepted=false,recoveryGain=true,qGain=-1.0,fe=497405
formalLocal:outer=61,slot=3,pass=27,op=O9_MA_SWAP,accepted=false,recoveryGain=true,qGain=-1.0,fe=497406
formalLocal:outer=61,slot=3,pass=28,op=O1_JS_INSERT,accepted=false,recoveryGain=true,qGain=-1.0,fe=497407
formalLocal:outer=61,slot=3,pass=28,op=O2_JS_REVERSE,accepted=false,recoveryGain=true,qGain=-1.0,fe=497408
formalLocal:outer=61,slot=3,pass=28,op=O3_JS_SWAP,accepted=false,recoveryGain=true,qGain=-1.0,fe=497409
formalLocal:outer=61,slot=3,pass=28,op=O4_WA_LOAD_TRANSFER,accepted=false,recoveryGain=true,qGain=-1.0,fe=497410
formalLocal:outer=61,slot=3,pass=28,op=O5_WA_WEAK_TO_STRONG,accepted=false,recoveryGain=true,qGain=-1.0,fe=497411
formalLocal:outer=61,slot=3,pass=28,op=O6_WA_SWAP,accepted=false,recoveryGain=true,qGain=-1.0,fe=497412
formalLocal:outer=61,slot=3,pass=28,op=O7_MA_LOAD_TRANSFER,accepted=false,recoveryGain=true,qGain=-1.0,fe=497413
formalLocal:outer=61,slot=3,pass=28,op=O8_MA_WEAK_TO_STRONG,accepted=false,recoveryGain=true,qGain=-1.0,fe=497414
formalLocal:outer=61,slot=3,pass=28,op=O9_MA_SWAP,accepted=false,recoveryGain=true,qGain=-1.0,fe=497415
formalLocal:outer=61,slot=3,pass=29,op=O1_JS_INSERT,accepted=false,recoveryGain=true,qGain=-1.0,fe=497416
formalLocal:outer=61,slot=3,pass=29,op=O2_JS_REVERSE,accepted=false,recoveryGain=true,qGain=-1.0,fe=497417
formalLocal:outer=61,slot=3,pass=29,op=O3_JS_SWAP,accepted=false,recoveryGain=true,qGain=-1.0,fe=497418
formalLocal:outer=61,slot=3,pass=29,op=O4_WA_LOAD_TRANSFER,accepted=false,recoveryGain=true,qGain=-1.0,fe=497419
formalLocal:outer=61,slot=3,pass=29,op=O5_WA_WEAK_TO_STRONG,accepted=false,recoveryGain=true,qGain=-1.0,fe=497420
formalLocal:outer=61,slot=3,pass=29,op=O6_WA_SWAP,accepted=false,recoveryGain=true,qGain=-1.0,fe=497421
formalLocal:outer=61,slot=3,pass=29,op=O7_MA_LOAD_TRANSFER,accepted=false,recoveryGain=true,qGain=-1.0,fe=497422
formalLocal:outer=61,slot=3,pass=29,op=O8_MA_WEAK_TO_STRONG,accepted=false,recoveryGain=true,qGain=-1.0,fe=497423
formalLocal:outer=61,slot=3,pass=29,op=O9_MA_SWAP,accepted=false,recoveryGain=true,qGain=-1.0,fe=497424
formalLocal:outer=61,slot=4,op=CRITICAL_FACTORY_SWAP,accepted=true,fe=497425
formalLocal:outer=61,slot=4,op=CRITICAL_FACTORY_INSERT,accepted=true,fe=497426
formalLocal:outer=61,slot=4,pass=0,op=O1_JS_INSERT,accepted=false,recoveryGain=true,qGain=-0.1157846580888874,fe=497427
formalLocal:outer=61,slot=4,pass=0,op=O2_JS_REVERSE,accepted=false,recoveryGain=true,qGain=-1.0,fe=497428
formalLocal:outer=61,slot=4,pass=0,op=O3_JS_SWAP,accepted=false,recoveryGain=true,qGain=0.0,fe=497429
formalLocal:outer=61,slot=4,pass=0,op=O4_WA_LOAD_TRANSFER,accepted=false,recoveryGain=true,qGain=-0.9325179752291183,fe=497430
formalLocal:outer=61,slot=4,pass=0,op=O5_WA_WEAK_TO_STRONG,accepted=false,recoveryGain=true,qGain=-0.3973550090710462,fe=497431
formalLocal:outer=61,slot=4,pass=0,op=O6_WA_SWAP,accepted=false,recoveryGain=true,qGain=-0.14299541893763823,fe=497432
formalLocal:outer=61,slot=4,pass=0,op=O7_MA_LOAD_TRANSFER,accepted=false,recoveryGain=true,qGain=0.0,fe=497433
formalLocal:outer=61,slot=4,pass=0,op=O8_MA_WEAK_TO_STRONG,accepted=true,recoveryGain=true,qGain=0.16960391125424382,fe=497434
formalLocal:outer=61,slot=4,pass=0,op=O9_MA_SWAP,accepted=false,recoveryGain=true,qGain=-0.8674231266288018,fe=497435
formalLocal:outer=61,slot=4,pass=1,op=O1_JS_INSERT,accepted=true,recoveryGain=true,qGain=0.048062902897230725,fe=497436
formalLocal:outer=61,slot=4,pass=1,op=O2_JS_REVERSE,accepted=false,recoveryGain=true,qGain=-1.0,fe=497437
formalLocal:outer=61,slot=4,pass=1,op=O3_JS_SWAP,accepted=false,recoveryGain=true,qGain=-0.711549491417973,fe=497438
formalLocal:outer=61,slot=4,pass=1,op=O4_WA_LOAD_TRANSFER,accepted=false,recoveryGain=true,qGain=-1.0,fe=497439
formalLocal:outer=61,slot=4,pass=1,op=O5_WA_WEAK_TO_STRONG,accepted=false,recoveryGain=true,qGain=-0.42827333744182816,fe=497440
formalLocal:outer=61,slot=4,pass=1,op=O6_WA_SWAP,accepted=false,recoveryGain=true,qGain=-0.3332760248421002,fe=497441
formalLocal:outer=61,slot=4,pass=1,op=O7_MA_LOAD_TRANSFER,accepted=false,recoveryGain=true,qGain=-0.6590916980856498,fe=497442
formalLocal:outer=61,slot=4,pass=1,op=O8_MA_WEAK_TO_STRONG,accepted=false,recoveryGain=true,qGain=-0.9054485128717701,fe=497443
formalLocal:outer=61,slot=4,pass=1,op=O9_MA_SWAP,accepted=false,recoveryGain=true,qGain=0.0,fe=497444
formalLocal:outer=61,slot=4,pass=2,op=O1_JS_INSERT,accepted=false,recoveryGain=true,qGain=-0.21198171687351694,fe=497445
formalLocal:outer=61,slot=4,pass=2,op=O2_JS_REVERSE,accepted=false,recoveryGain=true,qGain=-1.0,fe=497446
formalLocal:outer=61,slot=4,pass=2,op=O3_JS_SWAP,accepted=true,recoveryGain=true,qGain=0.0059855457490483426,fe=497447
formalLocal:outer=61,slot=4,pass=2,op=O4_WA_LOAD_TRANSFER,accepted=false,recoveryGain=true,qGain=-1.0,fe=497448
formalLocal:outer=61,slot=4,pass=2,op=O5_WA_WEAK_TO_STRONG,accepted=false,recoveryGain=true,qGain=-0.474766482704254,fe=497449
formalLocal:outer=61,slot=4,pass=2,op=O6_WA_SWAP,accepted=false,recoveryGain=true,qGain=-0.3400595766928154,fe=497450
formalLocal:outer=61,slot=4,pass=2,op=O7_MA_LOAD_TRANSFER,accepted=false,recoveryGain=true,qGain=-0.7074469814244684,fe=497451
formalLocal:outer=61,slot=4,pass=2,op=O8_MA_WEAK_TO_STRONG,accepted=false,recoveryGain=true,qGain=-0.8803026942866641,fe=497452
formalLocal:outer=61,slot=4,pass=2,op=O9_MA_SWAP,accepted=false,recoveryGain=true,qGain=0.0,fe=497453
formalLocal:outer=61,slot=4,pass=3,op=O1_JS_INSERT,accepted=false,recoveryGain=true,qGain=-0.14596356458931717,fe=497454
formalLocal:outer=61,slot=4,pass=3,op=O2_JS_REVERSE,accepted=false,recoveryGain=true,qGain=-1.0,fe=497455
formalLocal:outer=61,slot=4,pass=3,op=O3_JS_SWAP,accepted=false,recoveryGain=true,qGain=-0.10468328828450417,fe=497456
formalLocal:outer=61,slot=4,pass=3,op=O4_WA_LOAD_TRANSFER,accepted=false,recoveryGain=true,qGain=-1.0,fe=497457
formalLocal:outer=61,slot=4,pass=3,op=O5_WA_WEAK_TO_STRONG,accepted=false,recoveryGain=true,qGain=-0.474766482704254,fe=497458
formalLocal:outer=61,slot=4,pass=3,op=O6_WA_SWAP,accepted=false,recoveryGain=true,qGain=-0.3400595766928154,fe=497459
formalLocal:outer=61,slot=4,pass=3,op=O7_MA_LOAD_TRANSFER,accepted=false,recoveryGain=true,qGain=-0.7074469814244684,fe=497460
formalLocal:outer=61,slot=4,pass=3,op=O8_MA_WEAK_TO_STRONG,accepted=false,recoveryGain=true,qGain=-0.8803026942866641,fe=497461
formalLocal:outer=61,slot=4,pass=3,op=O9_MA_SWAP,accepted=false,recoveryGain=true,qGain=0.0,fe=497462
formalLocal:outer=61,slot=4,pass=4,op=O1_JS_INSERT,accepted=false,recoveryGain=true,qGain=0.0,fe=497463
formalLocal:outer=61,slot=4,pass=4,op=O2_JS_REVERSE,accepted=false,recoveryGain=true,qGain=-1.0,fe=497464
formalLocal:outer=61,slot=4,pass=4,op=O3_JS_SWAP,accepted=true,recoveryGain=true,qGain=0.04963923101498435,fe=497465
formalLocal:outer=61,slot=4,pass=4,op=O4_WA_LOAD_TRANSFER,accepted=false,recoveryGain=true,qGain=-1.0,fe=497466
formalLocal:outer=61,slot=4,pass=4,op=O5_WA_WEAK_TO_STRONG,accepted=false,recoveryGain=true,qGain=-0.5415900620244055,fe=497467
formalLocal:outer=61,slot=4,pass=4,op=O6_WA_SWAP,accepted=false,recoveryGain=true,qGain=-0.3933279163380157,fe=497468
formalLocal:outer=61,slot=4,pass=4,op=O7_MA_LOAD_TRANSFER,accepted=false,recoveryGain=true,qGain=-0.7830670488903307,fe=497469
formalLocal:outer=61,slot=4,pass=4,op=O8_MA_WEAK_TO_STRONG,accepted=false,recoveryGain=true,qGain=-0.9962895488696587,fe=497470
formalLocal:outer=61,slot=4,pass=4,op=O9_MA_SWAP,accepted=false,recoveryGain=true,qGain=0.0,fe=497471
formalLocal:outer=61,slot=4,pass=5,op=O1_JS_INSERT,accepted=false,recoveryGain=true,qGain=-0.6144910120767091,fe=497472
formalLocal:outer=61,slot=4,pass=5,op=O2_JS_REVERSE,accepted=false,recoveryGain=true,qGain=-1.0,fe=497473
formalLocal:outer=61,slot=4,pass=5,op=O3_JS_SWAP,accepted=false,recoveryGain=true,qGain=-1.0,fe=497474
formalLocal:outer=61,slot=4,pass=5,op=O4_WA_LOAD_TRANSFER,accepted=false,recoveryGain=true,qGain=-1.0,fe=497475
formalLocal:outer=61,slot=4,pass=5,op=O5_WA_WEAK_TO_STRONG,accepted=false,recoveryGain=true,qGain=-0.5415900620244055,fe=497476
formalLocal:outer=61,slot=4,pass=5,op=O6_WA_SWAP,accepted=false,recoveryGain=true,qGain=-0.3933279163380157,fe=497477
formalLocal:outer=61,slot=4,pass=5,op=O7_MA_LOAD_TRANSFER,accepted=false,recoveryGain=true,qGain=-0.7830670488903307,fe=497478
formalLocal:outer=61,slot=4,pass=5,op=O8_MA_WEAK_TO_STRONG,accepted=false,recoveryGain=true,qGain=-0.9962895488696587,fe=497479
formalLocal:outer=61,slot=4,pass=5,op=O9_MA_SWAP,accepted=false,recoveryGain=true,qGain=0.0,fe=497480
formalLocal:outer=61,slot=4,pass=6,op=O1_JS_INSERT,accepted=false,recoveryGain=true,qGain=-1.0,fe=497481
formalLocal:outer=61,slot=4,pass=6,op=O2_JS_REVERSE,accepted=false,recoveryGain=true,qGain=-1.0,fe=497482
formalLocal:outer=61,slot=4,pass=6,op=O3_JS_SWAP,accepted=false,recoveryGain=true,qGain=-0.38632561327326964,fe=497483
formalLocal:outer=61,slot=4,pass=6,op=O4_WA_LOAD_TRANSFER,accepted=false,recoveryGain=true,qGain=-1.0,fe=497484
formalLocal:outer=61,slot=4,pass=6,op=O5_WA_WEAK_TO_STRONG,accepted=false,recoveryGain=true,qGain=-0.5415900620244055,fe=497485
formalLocal:outer=61,slot=4,pass=6,op=O6_WA_SWAP,accepted=false,recoveryGain=true,qGain=-0.3933279163380157,fe=497486
formalLocal:outer=61,slot=4,pass=6,op=O7_MA_LOAD_TRANSFER,accepted=false,recoveryGain=true,qGain=-0.7830670488903307,fe=497487
formalLocal:outer=61,slot=4,pass=6,op=O8_MA_WEAK_TO_STRONG,accepted=false,recoveryGain=true,qGain=-0.9962895488696587,fe=497488
formalLocal:outer=61,slot=4,pass=6,op=O9_MA_SWAP,accepted=false,recoveryGain=true,qGain=0.0,fe=497489
formalLocal:outer=61,slot=4,pass=7,op=O1_JS_INSERT,accepted=true,recoveryGain=true,qGain=0.007083641924761681,fe=497490
formalLocal:outer=61,slot=4,pass=7,op=O2_JS_REVERSE,accepted=false,recoveryGain=true,qGain=-0.35424490532852976,fe=497491
formalLocal:outer=61,slot=4,pass=7,op=O3_JS_SWAP,accepted=false,recoveryGain=true,qGain=-1.0,fe=497492
formalLocal:outer=61,slot=4,pass=7,op=O4_WA_LOAD_TRANSFER,accepted=false,recoveryGain=true,qGain=-1.0,fe=497493
formalLocal:outer=61,slot=4,pass=7,op=O5_WA_WEAK_TO_STRONG,accepted=false,recoveryGain=true,qGain=-0.5409851188971665,fe=497494
formalLocal:outer=61,slot=4,pass=7,op=O6_WA_SWAP,accepted=false,recoveryGain=true,qGain=-0.3897181706080626,fe=497495
formalLocal:outer=61,slot=4,pass=7,op=O7_MA_LOAD_TRANSFER,accepted=false,recoveryGain=true,qGain=-0.7822948531686927,fe=497496
formalLocal:outer=61,slot=4,pass=7,op=O8_MA_WEAK_TO_STRONG,accepted=false,recoveryGain=true,qGain=-0.9977706022420756,fe=497497
formalLocal:outer=61,slot=4,pass=7,op=O9_MA_SWAP,accepted=false,recoveryGain=true,qGain=0.0,fe=497498
formalLocal:outer=61,slot=4,pass=8,op=O1_JS_INSERT,accepted=false,recoveryGain=true,qGain=-0.9246520215769396,fe=497499
formalLocal:outer=61,slot=4,pass=8,op=O2_JS_REVERSE,accepted=false,recoveryGain=true,qGain=-1.0,fe=497500
formalLocal:outer=61,slot=4,pass=8,op=O3_JS_SWAP,accepted=false,recoveryGain=true,qGain=-1.0,fe=497501
formalLocal:outer=61,slot=4,pass=8,op=O4_WA_LOAD_TRANSFER,accepted=false,recoveryGain=true,qGain=-1.0,fe=497502
formalLocal:outer=61,slot=4,pass=8,op=O5_WA_WEAK_TO_STRONG,accepted=false,recoveryGain=true,qGain=-0.5409851188971665,fe=497503
formalLocal:outer=61,slot=4,pass=8,op=O6_WA_SWAP,accepted=false,recoveryGain=true,qGain=-0.3897181706080626,fe=497504
formalLocal:outer=61,slot=4,pass=8,op=O7_MA_LOAD_TRANSFER,accepted=false,recoveryGain=true,qGain=-0.7822948531686927,fe=497505
formalLocal:outer=61,slot=4,pass=8,op=O8_MA_WEAK_TO_STRONG,accepted=false,recoveryGain=true,qGain=-0.9977706022420756,fe=497506
formalLocal:outer=61,slot=4,pass=8,op=O9_MA_SWAP,accepted=false,recoveryGain=true,qGain=0.0,fe=497507
formalLocal:outer=61,slot=4,pass=9,op=O1_JS_INSERT,accepted=false,recoveryGain=true,qGain=-1.0,fe=497508
formalLocal:outer=61,slot=4,pass=9,op=O2_JS_REVERSE,accepted=false,recoveryGain=true,qGain=-1.0,fe=497509
formalLocal:outer=61,slot=4,pass=9,op=O3_JS_SWAP,accepted=true,recoveryGain=true,qGain=0.06569706685134025,fe=497510
formalLocal:outer=61,slot=4,pass=9,op=O4_WA_LOAD_TRANSFER,accepted=false,recoveryGain=true,qGain=-0.24357294676018917,fe=497511
formalLocal:outer=61,slot=4,pass=9,op=O5_WA_WEAK_TO_STRONG,accepted=false,recoveryGain=true,qGain=-1.0,fe=497512
formalLocal:outer=61,slot=4,pass=9,op=O6_WA_SWAP,accepted=false,recoveryGain=true,qGain=-1.0,fe=497513
formalLocal:outer=61,slot=4,pass=9,op=O7_MA_LOAD_TRANSFER,accepted=true,recoveryGain=true,qGain=0.014176136447244518,fe=497514
formalLocal:outer=61,slot=4,pass=9,op=O8_MA_WEAK_TO_STRONG,accepted=false,recoveryGain=true,qGain=-0.8489008104458972,fe=497515
formalLocal:outer=61,slot=4,pass=9,op=O9_MA_SWAP,accepted=true,recoveryGain=true,qGain=0.044799003822499954,fe=497516
formalLocal:outer=61,slot=4,pass=10,op=O1_JS_INSERT,accepted=false,recoveryGain=true,qGain=-1.0,fe=497517
formalLocal:outer=61,slot=4,pass=10,op=O2_JS_REVERSE,accepted=false,recoveryGain=true,qGain=-1.0,fe=497518
formalLocal:outer=61,slot=4,pass=10,op=O3_JS_SWAP,accepted=false,recoveryGain=true,qGain=-1.0,fe=497519
formalLocal:outer=61,slot=4,pass=10,op=O4_WA_LOAD_TRANSFER,accepted=false,recoveryGain=true,qGain=-0.29272868150723846,fe=497520
formalLocal:outer=61,slot=4,pass=10,op=O5_WA_WEAK_TO_STRONG,accepted=false,recoveryGain=true,qGain=-1.0,fe=497521
formalLocal:outer=61,slot=4,pass=10,op=O6_WA_SWAP,accepted=false,recoveryGain=true,qGain=-1.0,fe=497522
formalLocal:outer=61,slot=4,pass=10,op=O7_MA_LOAD_TRANSFER,accepted=false,recoveryGain=true,qGain=-0.29236921774065355,fe=497523
formalLocal:outer=61,slot=4,pass=10,op=O8_MA_WEAK_TO_STRONG,accepted=true,recoveryGain=true,qGain=0.11796540754625415,fe=497524
formalLocal:outer=61,slot=4,pass=10,op=O9_MA_SWAP,accepted=false,recoveryGain=true,qGain=-0.18691499140126347,fe=497525
formalLocal:outer=61,slot=4,pass=11,op=O1_JS_INSERT,accepted=false,recoveryGain=true,qGain=-0.6962715375450705,fe=497526
formalLocal:outer=61,slot=4,pass=11,op=O2_JS_REVERSE,accepted=false,recoveryGain=true,qGain=-1.0,fe=497527
formalLocal:outer=61,slot=4,pass=11,op=O3_JS_SWAP,accepted=false,recoveryGain=true,qGain=-0.9464862941848762,fe=497528
formalLocal:outer=61,slot=4,pass=11,op=O4_WA_LOAD_TRANSFER,accepted=false,recoveryGain=true,qGain=-1.0,fe=497529
formalLocal:outer=61,slot=4,pass=11,op=O5_WA_WEAK_TO_STRONG,accepted=false,recoveryGain=true,qGain=-0.6423453725202246,fe=497530
formalLocal:outer=61,slot=4,pass=11,op=O6_WA_SWAP,accepted=false,recoveryGain=true,qGain=-0.6205991026034869,fe=497531
formalLocal:outer=61,slot=4,pass=11,op=O7_MA_LOAD_TRANSFER,accepted=false,recoveryGain=true,qGain=-0.9722822278485177,fe=497532
formalLocal:outer=61,slot=4,pass=11,op=O8_MA_WEAK_TO_STRONG,accepted=false,recoveryGain=true,qGain=-0.9599986385575574,fe=497533
formalLocal:outer=61,slot=4,pass=11,op=O9_MA_SWAP,accepted=false,recoveryGain=true,qGain=-0.18691499140126347,fe=497534
formalLocal:outer=61,slot=4,pass=12,op=O1_JS_INSERT,accepted=false,recoveryGain=true,qGain=-1.0,fe=497535
formalLocal:outer=61,slot=4,pass=12,op=O2_JS_REVERSE,accepted=false,recoveryGain=true,qGain=-1.0,fe=497536
formalLocal:outer=61,slot=4,pass=12,op=O3_JS_SWAP,accepted=false,recoveryGain=true,qGain=-0.5657436679367355,fe=497537
formalLocal:outer=61,slot=4,pass=12,op=O4_WA_LOAD_TRANSFER,accepted=false,recoveryGain=true,qGain=-1.0,fe=497538
formalLocal:outer=61,slot=4,pass=12,op=O5_WA_WEAK_TO_STRONG,accepted=false,recoveryGain=true,qGain=-0.6423453725202246,fe=497539
formalLocal:outer=61,slot=4,pass=12,op=O6_WA_SWAP,accepted=false,recoveryGain=true,qGain=-0.6205991026034869,fe=497540
formalLocal:outer=61,slot=4,pass=12,op=O7_MA_LOAD_TRANSFER,accepted=false,recoveryGain=true,qGain=-0.9722822278485177,fe=497541
formalLocal:outer=61,slot=4,pass=12,op=O8_MA_WEAK_TO_STRONG,accepted=false,recoveryGain=true,qGain=-0.9599986385575574,fe=497542
formalLocal:outer=61,slot=4,pass=12,op=O9_MA_SWAP,accepted=false,recoveryGain=true,qGain=-0.18691499140126347,fe=497543
formalLocal:outer=61,slot=4,pass=13,op=O1_JS_INSERT,accepted=true,recoveryGain=true,qGain=0.005482721373772216,fe=497544
formalLocal:outer=61,slot=4,pass=13,op=O2_JS_REVERSE,accepted=false,recoveryGain=true,qGain=-1.0,fe=497545
formalLocal:outer=61,slot=4,pass=13,op=O3_JS_SWAP,accepted=false,recoveryGain=true,qGain=-1.0,fe=497546
formalLocal:outer=61,slot=4,pass=13,op=O4_WA_LOAD_TRANSFER,accepted=false,recoveryGain=true,qGain=-0.29309459634443163,fe=497547
formalLocal:outer=61,slot=4,pass=13,op=O5_WA_WEAK_TO_STRONG,accepted=false,recoveryGain=true,qGain=-0.46265858535333526,fe=497548
formalLocal:outer=61,slot=4,pass=13,op=O6_WA_SWAP,accepted=true,recoveryGain=true,qGain=0.15406994718313785,fe=497549
formalLocal:outer=61,slot=4,pass=13,op=O7_MA_LOAD_TRANSFER,accepted=false,recoveryGain=true,qGain=0.0,fe=497550
formalLocal:outer=61,slot=4,pass=13,op=O8_MA_WEAK_TO_STRONG,accepted=false,recoveryGain=true,qGain=-1.0,fe=497551
formalLocal:outer=61,slot=4,pass=13,op=O9_MA_SWAP,accepted=false,recoveryGain=true,qGain=-1.0,fe=497552
formalLocal:outer=61,slot=4,pass=14,op=O1_JS_INSERT,accepted=false,recoveryGain=true,qGain=-0.8362535932408052,fe=497553
formalLocal:outer=61,slot=4,pass=14,op=O2_JS_REVERSE,accepted=false,recoveryGain=true,qGain=-1.0,fe=497554
formalLocal:outer=61,slot=4,pass=14,op=O3_JS_SWAP,accepted=true,recoveryGain=true,qGain=0.03863017413414163,fe=497555
formalLocal:outer=61,slot=4,pass=14,op=O4_WA_LOAD_TRANSFER,accepted=false,recoveryGain=true,qGain=-1.0,fe=497556
formalLocal:outer=61,slot=4,pass=14,op=O5_WA_WEAK_TO_STRONG,accepted=false,recoveryGain=true,qGain=-1.0,fe=497557
formalLocal:outer=61,slot=4,pass=14,op=O6_WA_SWAP,accepted=false,recoveryGain=true,qGain=-1.0,fe=497558
formalLocal:outer=61,slot=4,pass=14,op=O7_MA_LOAD_TRANSFER,accepted=false,recoveryGain=true,qGain=0.0,fe=497559
formalLocal:outer=61,slot=4,pass=14,op=O8_MA_WEAK_TO_STRONG,accepted=false,recoveryGain=true,qGain=-1.0,fe=497560
formalLocal:outer=61,slot=4,pass=14,op=O9_MA_SWAP,accepted=false,recoveryGain=true,qGain=-1.0,fe=497561
formalLocal:outer=61,slot=4,pass=15,op=O1_JS_INSERT,accepted=false,recoveryGain=true,qGain=-1.0,fe=497562
formalLocal:outer=61,slot=4,pass=15,op=O2_JS_REVERSE,accepted=false,recoveryGain=true,qGain=-1.0,fe=497563
formalLocal:outer=61,slot=4,pass=15,op=O3_JS_SWAP,accepted=false,recoveryGain=true,qGain=-0.32747792385302693,fe=497564
formalLocal:outer=61,slot=4,pass=15,op=O4_WA_LOAD_TRANSFER,accepted=false,recoveryGain=true,qGain=-1.0,fe=497565
formalLocal:outer=61,slot=4,pass=15,op=O5_WA_WEAK_TO_STRONG,accepted=false,recoveryGain=true,qGain=-1.0,fe=497566
formalLocal:outer=61,slot=4,pass=15,op=O6_WA_SWAP,accepted=false,recoveryGain=true,qGain=-1.0,fe=497567
formalLocal:outer=61,slot=4,pass=15,op=O7_MA_LOAD_TRANSFER,accepted=false,recoveryGain=true,qGain=0.0,fe=497568
formalLocal:outer=61,slot=4,pass=15,op=O8_MA_WEAK_TO_STRONG,accepted=false,recoveryGain=true,qGain=-1.0,fe=497569
formalLocal:outer=61,slot=4,pass=15,op=O9_MA_SWAP,accepted=false,recoveryGain=true,qGain=-1.0,fe=497570
formalLocal:outer=61,slot=4,pass=16,op=O1_JS_INSERT,accepted=false,recoveryGain=true,qGain=-1.0,fe=497571
formalLocal:outer=61,slot=4,pass=16,op=O2_JS_REVERSE,accepted=false,recoveryGain=true,qGain=-1.0,fe=497572
formalLocal:outer=61,slot=4,pass=16,op=O3_JS_SWAP,accepted=false,recoveryGain=true,qGain=-1.0,fe=497573
formalLocal:outer=61,slot=4,pass=16,op=O4_WA_LOAD_TRANSFER,accepted=false,recoveryGain=true,qGain=-1.0,fe=497574
formalLocal:outer=61,slot=4,pass=16,op=O5_WA_WEAK_TO_STRONG,accepted=false,recoveryGain=true,qGain=-1.0,fe=497575
formalLocal:outer=61,slot=4,pass=16,op=O6_WA_SWAP,accepted=false,recoveryGain=true,qGain=-1.0,fe=497576
formalLocal:outer=61,slot=4,pass=16,op=O7_MA_LOAD_TRANSFER,accepted=false,recoveryGain=true,qGain=0.0,fe=497577
formalLocal:outer=61,slot=4,pass=16,op=O8_MA_WEAK_TO_STRONG,accepted=false,recoveryGain=true,qGain=-1.0,fe=497578
formalLocal:outer=61,slot=4,pass=16,op=O9_MA_SWAP,accepted=false,recoveryGain=true,qGain=-1.0,fe=497579
formalLocal:outer=61,slot=4,pass=17,op=O1_JS_INSERT,accepted=false,recoveryGain=true,qGain=-0.04957805401547672,fe=497580
formalLocal:outer=61,slot=4,pass=17,op=O2_JS_REVERSE,accepted=false,recoveryGain=true,qGain=-1.0,fe=497581
formalLocal:outer=61,slot=4,pass=17,op=O3_JS_SWAP,accepted=false,recoveryGain=true,qGain=-1.0,fe=497582
formalLocal:outer=61,slot=4,pass=17,op=O4_WA_LOAD_TRANSFER,accepted=false,recoveryGain=true,qGain=-1.0,fe=497583
formalLocal:outer=61,slot=4,pass=17,op=O5_WA_WEAK_TO_STRONG,accepted=false,recoveryGain=true,qGain=-1.0,fe=497584
formalLocal:outer=61,slot=4,pass=17,op=O6_WA_SWAP,accepted=false,recoveryGain=true,qGain=-1.0,fe=497585
formalLocal:outer=61,slot=4,pass=17,op=O7_MA_LOAD_TRANSFER,accepted=false,recoveryGain=true,qGain=0.0,fe=497586
formalLocal:outer=61,slot=4,pass=17,op=O8_MA_WEAK_TO_STRONG,accepted=false,recoveryGain=true,qGain=-1.0,fe=497587
formalLocal:outer=61,slot=4,pass=17,op=O9_MA_SWAP,accepted=false,recoveryGain=true,qGain=-1.0,fe=497588
formalLocal:outer=61,slot=4,pass=18,op=O1_JS_INSERT,accepted=false,recoveryGain=true,qGain=-1.0,fe=497589
formalLocal:outer=61,slot=4,pass=18,op=O2_JS_REVERSE,accepted=false,recoveryGain=true,qGain=-1.0,fe=497590
formalLocal:outer=61,slot=4,pass=18,op=O3_JS_SWAP,accepted=false,recoveryGain=true,qGain=-1.0,fe=497591
formalLocal:outer=61,slot=4,pass=18,op=O4_WA_LOAD_TRANSFER,accepted=false,recoveryGain=true,qGain=-1.0,fe=497592
formalLocal:outer=61,slot=4,pass=18,op=O5_WA_WEAK_TO_STRONG,accepted=false,recoveryGain=true,qGain=-1.0,fe=497593
formalLocal:outer=61,slot=4,pass=18,op=O6_WA_SWAP,accepted=false,recoveryGain=true,qGain=-1.0,fe=497594
formalLocal:outer=61,slot=4,pass=18,op=O7_MA_LOAD_TRANSFER,accepted=false,recoveryGain=true,qGain=0.0,fe=497595
formalLocal:outer=61,slot=4,pass=18,op=O8_MA_WEAK_TO_STRONG,accepted=false,recoveryGain=true,qGain=-1.0,fe=497596
formalLocal:outer=61,slot=4,pass=18,op=O9_MA_SWAP,accepted=false,recoveryGain=true,qGain=-1.0,fe=497597
formalLocal:outer=61,slot=4,pass=19,op=O1_JS_INSERT,accepted=false,recoveryGain=true,qGain=0.0,fe=497598
formalLocal:outer=61,slot=4,pass=19,op=O2_JS_REVERSE,accepted=false,recoveryGain=true,qGain=-1.0,fe=497599
formalLocal:outer=61,slot=4,pass=19,op=O3_JS_SWAP,accepted=false,recoveryGain=true,qGain=-1.0,fe=497600
formalLocal:outer=61,slot=4,pass=19,op=O4_WA_LOAD_TRANSFER,accepted=false,recoveryGain=true,qGain=-1.0,fe=497601
formalLocal:outer=61,slot=4,pass=19,op=O5_WA_WEAK_TO_STRONG,accepted=false,recoveryGain=true,qGain=-1.0,fe=497602
formalLocal:outer=61,slot=4,pass=19,op=O6_WA_SWAP,accepted=false,recoveryGain=true,qGain=-1.0,fe=497603
formalLocal:outer=61,slot=4,pass=19,op=O7_MA_LOAD_TRANSFER,accepted=false,recoveryGain=true,qGain=0.0,fe=497604
formalLocal:outer=61,slot=4,pass=19,op=O8_MA_WEAK_TO_STRONG,accepted=false,recoveryGain=true,qGain=-1.0,fe=497605
formalLocal:outer=61,slot=4,pass=19,op=O9_MA_SWAP,accepted=false,recoveryGain=true,qGain=-1.0,fe=497606
formalLocal:outer=61,slot=4,pass=20,op=O1_JS_INSERT,accepted=false,recoveryGain=true,qGain=-1.0,fe=497607
formalLocal:outer=61,slot=4,pass=20,op=O2_JS_REVERSE,accepted=false,recoveryGain=true,qGain=-1.0,fe=497608
formalLocal:outer=61,slot=4,pass=20,op=O3_JS_SWAP,accepted=true,recoveryGain=true,qGain=0.058930024417088715,fe=497609
formalLocal:outer=61,slot=4,pass=20,op=O4_WA_LOAD_TRANSFER,accepted=false,recoveryGain=true,qGain=-1.0,fe=497610
formalLocal:outer=61,slot=4,pass=20,op=O5_WA_WEAK_TO_STRONG,accepted=false,recoveryGain=true,qGain=-1.0,fe=497611
formalLocal:outer=61,slot=4,pass=20,op=O6_WA_SWAP,accepted=false,recoveryGain=true,qGain=-1.0,fe=497612
formalLocal:outer=61,slot=4,pass=20,op=O7_MA_LOAD_TRANSFER,accepted=false,recoveryGain=true,qGain=0.0,fe=497613
formalLocal:outer=61,slot=4,pass=20,op=O8_MA_WEAK_TO_STRONG,accepted=false,recoveryGain=true,qGain=-0.888260695272567,fe=497614
formalLocal:outer=61,slot=4,pass=20,op=O9_MA_SWAP,accepted=false,recoveryGain=true,qGain=-1.0,fe=497615
formalLocal:outer=61,slot=4,pass=21,op=O1_JS_INSERT,accepted=false,recoveryGain=true,qGain=-1.0,fe=497616
formalLocal:outer=61,slot=4,pass=21,op=O2_JS_REVERSE,accepted=false,recoveryGain=true,qGain=-1.0,fe=497617
formalLocal:outer=61,slot=4,pass=21,op=O3_JS_SWAP,accepted=false,recoveryGain=true,qGain=-1.0,fe=497618
formalLocal:outer=61,slot=4,pass=21,op=O4_WA_LOAD_TRANSFER,accepted=false,recoveryGain=true,qGain=-1.0,fe=497619
formalLocal:outer=61,slot=4,pass=21,op=O5_WA_WEAK_TO_STRONG,accepted=false,recoveryGain=true,qGain=-1.0,fe=497620
formalLocal:outer=61,slot=4,pass=21,op=O6_WA_SWAP,accepted=false,recoveryGain=true,qGain=-1.0,fe=497621
formalLocal:outer=61,slot=4,pass=21,op=O7_MA_LOAD_TRANSFER,accepted=false,recoveryGain=true,qGain=0.0,fe=497622
formalLocal:outer=61,slot=4,pass=21,op=O8_MA_WEAK_TO_STRONG,accepted=false,recoveryGain=true,qGain=-0.888260695272567,fe=497623
formalLocal:outer=61,slot=4,pass=21,op=O9_MA_SWAP,accepted=false,recoveryGain=true,qGain=-1.0,fe=497624
formalLocal:outer=61,slot=4,pass=22,op=O1_JS_INSERT,accepted=false,recoveryGain=true,qGain=-1.0,fe=497625
formalLocal:outer=61,slot=4,pass=22,op=O2_JS_REVERSE,accepted=false,recoveryGain=true,qGain=-1.0,fe=497626
formalLocal:outer=61,slot=4,pass=22,op=O3_JS_SWAP,accepted=false,recoveryGain=true,qGain=-0.11413878669889795,fe=497627
formalLocal:outer=61,slot=4,pass=22,op=O4_WA_LOAD_TRANSFER,accepted=false,recoveryGain=true,qGain=-1.0,fe=497628
formalLocal:outer=61,slot=4,pass=22,op=O5_WA_WEAK_TO_STRONG,accepted=false,recoveryGain=true,qGain=-1.0,fe=497629
formalLocal:outer=61,slot=4,pass=22,op=O6_WA_SWAP,accepted=false,recoveryGain=true,qGain=-1.0,fe=497630
formalLocal:outer=61,slot=4,pass=22,op=O7_MA_LOAD_TRANSFER,accepted=false,recoveryGain=true,qGain=0.0,fe=497631
formalLocal:outer=61,slot=4,pass=22,op=O8_MA_WEAK_TO_STRONG,accepted=false,recoveryGain=true,qGain=-0.888260695272567,fe=497632
formalLocal:outer=61,slot=4,pass=22,op=O9_MA_SWAP,accepted=false,recoveryGain=true,qGain=-1.0,fe=497633
formalLocal:outer=61,slot=4,pass=23,op=O1_JS_INSERT,accepted=false,recoveryGain=true,qGain=-1.0,fe=497634
formalLocal:outer=61,slot=4,pass=23,op=O2_JS_REVERSE,accepted=false,recoveryGain=true,qGain=-1.0,fe=497635
formalLocal:outer=61,slot=4,pass=23,op=O3_JS_SWAP,accepted=false,recoveryGain=true,qGain=-1.0,fe=497636
formalLocal:outer=61,slot=4,pass=23,op=O4_WA_LOAD_TRANSFER,accepted=false,recoveryGain=true,qGain=-1.0,fe=497637
formalLocal:outer=61,slot=4,pass=23,op=O5_WA_WEAK_TO_STRONG,accepted=false,recoveryGain=true,qGain=-1.0,fe=497638
formalLocal:outer=61,slot=4,pass=23,op=O6_WA_SWAP,accepted=false,recoveryGain=true,qGain=-1.0,fe=497639
formalLocal:outer=61,slot=4,pass=23,op=O7_MA_LOAD_TRANSFER,accepted=false,recoveryGain=true,qGain=0.0,fe=497640
formalLocal:outer=61,slot=4,pass=23,op=O8_MA_WEAK_TO_STRONG,accepted=false,recoveryGain=true,qGain=-0.888260695272567,fe=497641
formalLocal:outer=61,slot=4,pass=23,op=O9_MA_SWAP,accepted=false,recoveryGain=true,qGain=-1.0,fe=497642
formalLocal:outer=61,slot=4,pass=24,op=O1_JS_INSERT,accepted=false,recoveryGain=true,qGain=-1.0,fe=497643
formalLocal:outer=61,slot=4,pass=24,op=O2_JS_REVERSE,accepted=false,recoveryGain=true,qGain=-1.0,fe=497644
formalLocal:outer=61,slot=4,pass=24,op=O3_JS_SWAP,accepted=false,recoveryGain=true,qGain=-1.0,fe=497645
formalLocal:outer=61,slot=4,pass=24,op=O4_WA_LOAD_TRANSFER,accepted=false,recoveryGain=true,qGain=-1.0,fe=497646
formalLocal:outer=61,slot=4,pass=24,op=O5_WA_WEAK_TO_STRONG,accepted=false,recoveryGain=true,qGain=-1.0,fe=497647
formalLocal:outer=61,slot=4,pass=24,op=O6_WA_SWAP,accepted=false,recoveryGain=true,qGain=-1.0,fe=497648
formalLocal:outer=61,slot=4,pass=24,op=O7_MA_LOAD_TRANSFER,accepted=false,recoveryGain=true,qGain=0.0,fe=497649
formalLocal:outer=61,slot=4,pass=24,op=O8_MA_WEAK_TO_STRONG,accepted=false,recoveryGain=true,qGain=-0.888260695272567,fe=497650
formalLocal:outer=61,slot=4,pass=24,op=O9_MA_SWAP,accepted=false,recoveryGain=true,qGain=-1.0,fe=497651
formalLocal:outer=61,slot=4,pass=25,op=O1_JS_INSERT,accepted=false,recoveryGain=true,qGain=-0.9412580112143726,fe=497652
formalLocal:outer=61,slot=4,pass=25,op=O2_JS_REVERSE,accepted=false,recoveryGain=true,qGain=-1.0,fe=497653
formalLocal:outer=61,slot=4,pass=25,op=O3_JS_SWAP,accepted=false,recoveryGain=true,qGain=-0.3205668450188782,fe=497654
formalLocal:outer=61,slot=4,pass=25,op=O4_WA_LOAD_TRANSFER,accepted=false,recoveryGain=true,qGain=-1.0,fe=497655
formalLocal:outer=61,slot=4,pass=25,op=O5_WA_WEAK_TO_STRONG,accepted=false,recoveryGain=true,qGain=-1.0,fe=497656
formalLocal:outer=61,slot=4,pass=25,op=O6_WA_SWAP,accepted=false,recoveryGain=true,qGain=-1.0,fe=497657
formalLocal:outer=61,slot=4,pass=25,op=O7_MA_LOAD_TRANSFER,accepted=false,recoveryGain=true,qGain=0.0,fe=497658
formalLocal:outer=61,slot=4,pass=25,op=O8_MA_WEAK_TO_STRONG,accepted=false,recoveryGain=true,qGain=-0.888260695272567,fe=497659
formalLocal:outer=61,slot=4,pass=25,op=O9_MA_SWAP,accepted=false,recoveryGain=true,qGain=-1.0,fe=497660
formalLocal:outer=61,slot=4,pass=26,op=O1_JS_INSERT,accepted=false,recoveryGain=true,qGain=-0.016405088586491597,fe=497661
formalLocal:outer=61,slot=4,pass=26,op=O2_JS_REVERSE,accepted=false,recoveryGain=true,qGain=-1.0,fe=497662
formalLocal:outer=61,slot=4,pass=26,op=O3_JS_SWAP,accepted=false,recoveryGain=true,qGain=-1.0,fe=497663
formalLocal:outer=61,slot=4,pass=26,op=O4_WA_LOAD_TRANSFER,accepted=false,recoveryGain=true,qGain=-1.0,fe=497664
formalLocal:outer=61,slot=4,pass=26,op=O5_WA_WEAK_TO_STRONG,accepted=false,recoveryGain=true,qGain=-1.0,fe=497665
formalLocal:outer=61,slot=4,pass=26,op=O6_WA_SWAP,accepted=false,recoveryGain=true,qGain=-1.0,fe=497666
formalLocal:outer=61,slot=4,pass=26,op=O7_MA_LOAD_TRANSFER,accepted=false,recoveryGain=true,qGain=0.0,fe=497667
formalLocal:outer=61,slot=4,pass=26,op=O8_MA_WEAK_TO_STRONG,accepted=false,recoveryGain=true,qGain=-0.888260695272567,fe=497668
formalLocal:outer=61,slot=4,pass=26,op=O9_MA_SWAP,accepted=false,recoveryGain=true,qGain=-1.0,fe=497669
formalLocal:outer=61,slot=4,pass=27,op=O1_JS_INSERT,accepted=false,recoveryGain=true,qGain=-0.7436304351408829,fe=497670
formalLocal:outer=61,slot=4,pass=27,op=O2_JS_REVERSE,accepted=false,recoveryGain=true,qGain=-1.0,fe=497671
formalLocal:outer=61,slot=4,pass=27,op=O3_JS_SWAP,accepted=false,recoveryGain=true,qGain=-0.06177890413358684,fe=497672
formalLocal:outer=61,slot=4,pass=27,op=O4_WA_LOAD_TRANSFER,accepted=false,recoveryGain=true,qGain=-1.0,fe=497673
formalLocal:outer=61,slot=4,pass=27,op=O5_WA_WEAK_TO_STRONG,accepted=false,recoveryGain=true,qGain=-1.0,fe=497674
formalLocal:outer=61,slot=4,pass=27,op=O6_WA_SWAP,accepted=false,recoveryGain=true,qGain=-1.0,fe=497675
formalLocal:outer=61,slot=4,pass=27,op=O7_MA_LOAD_TRANSFER,accepted=false,recoveryGain=true,qGain=0.0,fe=497676
formalLocal:outer=61,slot=4,pass=27,op=O8_MA_WEAK_TO_STRONG,accepted=false,recoveryGain=true,qGain=-0.888260695272567,fe=497677
formalLocal:outer=61,slot=4,pass=27,op=O9_MA_SWAP,accepted=false,recoveryGain=true,qGain=-1.0,fe=497678
formalLocal:outer=61,slot=4,pass=28,op=O1_JS_INSERT,accepted=false,recoveryGain=true,qGain=0.0,fe=497679
formalLocal:outer=61,slot=4,pass=28,op=O2_JS_REVERSE,accepted=false,recoveryGain=true,qGain=-1.0,fe=497680
formalLocal:outer=61,slot=4,pass=28,op=O3_JS_SWAP,accepted=false,recoveryGain=true,qGain=-1.0,fe=497681
formalLocal:outer=61,slot=4,pass=28,op=O4_WA_LOAD_TRANSFER,accepted=false,recoveryGain=true,qGain=-1.0,fe=497682
formalLocal:outer=61,slot=4,pass=28,op=O5_WA_WEAK_TO_STRONG,accepted=false,recoveryGain=true,qGain=-1.0,fe=497683
formalLocal:outer=61,slot=4,pass=28,op=O6_WA_SWAP,accepted=false,recoveryGain=true,qGain=-1.0,fe=497684
formalLocal:outer=61,slot=4,pass=28,op=O7_MA_LOAD_TRANSFER,accepted=false,recoveryGain=true,qGain=0.0,fe=497685
formalLocal:outer=61,slot=4,pass=28,op=O8_MA_WEAK_TO_STRONG,accepted=false,recoveryGain=true,qGain=-0.888260695272567,fe=497686
formalLocal:outer=61,slot=4,pass=28,op=O9_MA_SWAP,accepted=false,recoveryGain=true,qGain=-1.0,fe=497687
formalLocal:outer=61,slot=4,pass=29,op=O1_JS_INSERT,accepted=false,recoveryGain=true,qGain=-1.0,fe=497688
formalLocal:outer=61,slot=4,pass=29,op=O2_JS_REVERSE,accepted=false,recoveryGain=true,qGain=-1.0,fe=497689
formalLocal:outer=61,slot=4,pass=29,op=O3_JS_SWAP,accepted=false,recoveryGain=true,qGain=-0.03701989437161482,fe=497690
formalLocal:outer=61,slot=4,pass=29,op=O4_WA_LOAD_TRANSFER,accepted=false,recoveryGain=true,qGain=-1.0,fe=497691
formalLocal:outer=61,slot=4,pass=29,op=O5_WA_WEAK_TO_STRONG,accepted=false,recoveryGain=true,qGain=-1.0,fe=497692
formalLocal:outer=61,slot=4,pass=29,op=O6_WA_SWAP,accepted=false,recoveryGain=true,qGain=-1.0,fe=497693
formalLocal:outer=61,slot=4,pass=29,op=O7_MA_LOAD_TRANSFER,accepted=false,recoveryGain=true,qGain=0.0,fe=497694
formalLocal:outer=61,slot=4,pass=29,op=O8_MA_WEAK_TO_STRONG,accepted=false,recoveryGain=true,qGain=-0.888260695272567,fe=497695
formalLocal:outer=61,slot=4,pass=29,op=O9_MA_SWAP,accepted=false,recoveryGain=true,qGain=-1.0,fe=497696
formalLocal:outer=61,slot=5,op=CRITICAL_FACTORY_SWAP,accepted=false,fe=497697
formalLocal:outer=61,slot=5,op=CRITICAL_FACTORY_INSERT,accepted=true,fe=497698
formalLocal:outer=61,slot=5,pass=0,op=O1_JS_INSERT,accepted=false,recoveryGain=true,qGain=-0.6317210795330148,fe=497699
formalLocal:outer=61,slot=5,pass=0,op=O2_JS_REVERSE,accepted=false,recoveryGain=true,qGain=-1.0,fe=497700
formalLocal:outer=61,slot=5,pass=0,op=O3_JS_SWAP,accepted=false,recoveryGain=true,qGain=-1.0,fe=497701
formalLocal:outer=61,slot=5,pass=0,op=O4_WA_LOAD_TRANSFER,accepted=false,recoveryGain=true,qGain=-1.0,fe=497702
formalLocal:outer=61,slot=5,pass=0,op=O5_WA_WEAK_TO_STRONG,accepted=false,recoveryGain=true,qGain=-1.0,fe=497703
formalLocal:outer=61,slot=5,pass=0,op=O6_WA_SWAP,accepted=false,recoveryGain=true,qGain=-0.0941131404637471,fe=497704
formalLocal:outer=61,slot=5,pass=0,op=O7_MA_LOAD_TRANSFER,accepted=true,recoveryGain=true,qGain=0.0767261095833609,fe=497705
formalLocal:outer=61,slot=5,pass=0,op=O8_MA_WEAK_TO_STRONG,accepted=false,recoveryGain=true,qGain=-1.0,fe=497706
formalLocal:outer=61,slot=5,pass=0,op=O9_MA_SWAP,accepted=false,recoveryGain=true,qGain=-1.0,fe=497707
formalLocal:outer=61,slot=5,pass=1,op=O1_JS_INSERT,accepted=false,recoveryGain=true,qGain=-3.514176413360661E-5,fe=497708
formalLocal:outer=61,slot=5,pass=1,op=O2_JS_REVERSE,accepted=false,recoveryGain=true,qGain=-1.0,fe=497709
formalLocal:outer=61,slot=5,pass=1,op=O3_JS_SWAP,accepted=true,recoveryGain=true,qGain=0.3155588385090488,fe=497710
formalLocal:outer=61,slot=5,pass=1,op=O4_WA_LOAD_TRANSFER,accepted=false,recoveryGain=true,qGain=-1.0,fe=497711
formalLocal:outer=61,slot=5,pass=1,op=O5_WA_WEAK_TO_STRONG,accepted=true,recoveryGain=true,qGain=0.01988106317410866,fe=497712
formalLocal:outer=61,slot=5,pass=1,op=O6_WA_SWAP,accepted=false,recoveryGain=true,qGain=-0.5559167801705722,fe=497713
formalLocal:outer=61,slot=5,pass=1,op=O7_MA_LOAD_TRANSFER,accepted=false,recoveryGain=true,qGain=-0.16657283798638609,fe=497714
formalLocal:outer=61,slot=5,pass=1,op=O8_MA_WEAK_TO_STRONG,accepted=false,recoveryGain=true,qGain=-0.9191501184199439,fe=497715
formalLocal:outer=61,slot=5,pass=1,op=O9_MA_SWAP,accepted=false,recoveryGain=true,qGain=-1.0,fe=497716
formalLocal:outer=61,slot=5,pass=2,op=O1_JS_INSERT,accepted=false,recoveryGain=true,qGain=-1.0,fe=497717
formalLocal:outer=61,slot=5,pass=2,op=O2_JS_REVERSE,accepted=false,recoveryGain=true,qGain=-1.0,fe=497718
formalLocal:outer=61,slot=5,pass=2,op=O3_JS_SWAP,accepted=false,recoveryGain=true,qGain=-1.0,fe=497719
formalLocal:outer=61,slot=5,pass=2,op=O4_WA_LOAD_TRANSFER,accepted=false,recoveryGain=true,qGain=-1.0,fe=497720
formalLocal:outer=61,slot=5,pass=2,op=O5_WA_WEAK_TO_STRONG,accepted=false,recoveryGain=true,qGain=-1.0,fe=497721
formalLocal:outer=61,slot=5,pass=2,op=O6_WA_SWAP,accepted=false,recoveryGain=true,qGain=-0.5559167801705722,fe=497722
formalLocal:outer=61,slot=5,pass=2,op=O7_MA_LOAD_TRANSFER,accepted=false,recoveryGain=true,qGain=-0.16657283798638609,fe=497723
formalLocal:outer=61,slot=5,pass=2,op=O8_MA_WEAK_TO_STRONG,accepted=false,recoveryGain=true,qGain=-0.9191501184199439,fe=497724
formalLocal:outer=61,slot=5,pass=2,op=O9_MA_SWAP,accepted=false,recoveryGain=true,qGain=-1.0,fe=497725
formalLocal:outer=61,slot=5,pass=3,op=O1_JS_INSERT,accepted=false,recoveryGain=true,qGain=-1.0,fe=497726
formalLocal:outer=61,slot=5,pass=3,op=O2_JS_REVERSE,accepted=false,recoveryGain=true,qGain=-0.5541871479459747,fe=497727
formalLocal:outer=61,slot=5,pass=3,op=O3_JS_SWAP,accepted=false,recoveryGain=true,qGain=-1.0,fe=497728
formalLocal:outer=61,slot=5,pass=3,op=O4_WA_LOAD_TRANSFER,accepted=false,recoveryGain=true,qGain=-1.0,fe=497729
formalLocal:outer=61,slot=5,pass=3,op=O5_WA_WEAK_TO_STRONG,accepted=false,recoveryGain=true,qGain=-1.0,fe=497730
formalLocal:outer=61,slot=5,pass=3,op=O6_WA_SWAP,accepted=false,recoveryGain=true,qGain=-0.5559167801705722,fe=497731
formalLocal:outer=61,slot=5,pass=3,op=O7_MA_LOAD_TRANSFER,accepted=false,recoveryGain=true,qGain=-0.16657283798638609,fe=497732
formalLocal:outer=61,slot=5,pass=3,op=O8_MA_WEAK_TO_STRONG,accepted=false,recoveryGain=true,qGain=-0.9191501184199439,fe=497733
formalLocal:outer=61,slot=5,pass=3,op=O9_MA_SWAP,accepted=false,recoveryGain=true,qGain=-1.0,fe=497734
formalLocal:outer=61,slot=5,pass=4,op=O1_JS_INSERT,accepted=false,recoveryGain=true,qGain=-0.9164669079826393,fe=497735
formalLocal:outer=61,slot=5,pass=4,op=O2_JS_REVERSE,accepted=false,recoveryGain=true,qGain=-1.0,fe=497736
formalLocal:outer=61,slot=5,pass=4,op=O3_JS_SWAP,accepted=false,recoveryGain=true,qGain=-1.0,fe=497737
formalLocal:outer=61,slot=5,pass=4,op=O4_WA_LOAD_TRANSFER,accepted=false,recoveryGain=true,qGain=-1.0,fe=497738
formalLocal:outer=61,slot=5,pass=4,op=O5_WA_WEAK_TO_STRONG,accepted=false,recoveryGain=true,qGain=-1.0,fe=497739
formalLocal:outer=61,slot=5,pass=4,op=O6_WA_SWAP,accepted=false,recoveryGain=true,qGain=-0.5559167801705722,fe=497740
formalLocal:outer=61,slot=5,pass=4,op=O7_MA_LOAD_TRANSFER,accepted=false,recoveryGain=true,qGain=-0.16657283798638609,fe=497741
formalLocal:outer=61,slot=5,pass=4,op=O8_MA_WEAK_TO_STRONG,accepted=false,recoveryGain=true,qGain=-0.9191501184199439,fe=497742
formalLocal:outer=61,slot=5,pass=4,op=O9_MA_SWAP,accepted=false,recoveryGain=true,qGain=-1.0,fe=497743
formalLocal:outer=61,slot=5,pass=5,op=O1_JS_INSERT,accepted=false,recoveryGain=true,qGain=-1.0,fe=497744
formalLocal:outer=61,slot=5,pass=5,op=O2_JS_REVERSE,accepted=false,recoveryGain=true,qGain=-1.0,fe=497745
formalLocal:outer=61,slot=5,pass=5,op=O3_JS_SWAP,accepted=false,recoveryGain=true,qGain=-0.5319537533753328,fe=497746
formalLocal:outer=61,slot=5,pass=5,op=O4_WA_LOAD_TRANSFER,accepted=false,recoveryGain=true,qGain=-1.0,fe=497747
formalLocal:outer=61,slot=5,pass=5,op=O5_WA_WEAK_TO_STRONG,accepted=false,recoveryGain=true,qGain=-1.0,fe=497748
formalLocal:outer=61,slot=5,pass=5,op=O6_WA_SWAP,accepted=false,recoveryGain=true,qGain=-0.5559167801705722,fe=497749
formalLocal:outer=61,slot=5,pass=5,op=O7_MA_LOAD_TRANSFER,accepted=false,recoveryGain=true,qGain=-0.16657283798638609,fe=497750
formalLocal:outer=61,slot=5,pass=5,op=O8_MA_WEAK_TO_STRONG,accepted=false,recoveryGain=true,qGain=-0.9191501184199439,fe=497751
formalLocal:outer=61,slot=5,pass=5,op=O9_MA_SWAP,accepted=false,recoveryGain=true,qGain=-1.0,fe=497752
formalLocal:outer=61,slot=5,pass=6,op=O1_JS_INSERT,accepted=false,recoveryGain=true,qGain=-1.0,fe=497753
formalLocal:outer=61,slot=5,pass=6,op=O2_JS_REVERSE,accepted=false,recoveryGain=true,qGain=-1.0,fe=497754
formalLocal:outer=61,slot=5,pass=6,op=O3_JS_SWAP,accepted=false,recoveryGain=true,qGain=-1.0,fe=497755
formalLocal:outer=61,slot=5,pass=6,op=O4_WA_LOAD_TRANSFER,accepted=false,recoveryGain=true,qGain=-1.0,fe=497756
formalLocal:outer=61,slot=5,pass=6,op=O5_WA_WEAK_TO_STRONG,accepted=false,recoveryGain=true,qGain=-1.0,fe=497757
formalLocal:outer=61,slot=5,pass=6,op=O6_WA_SWAP,accepted=false,recoveryGain=true,qGain=-0.5559167801705722,fe=497758
formalLocal:outer=61,slot=5,pass=6,op=O7_MA_LOAD_TRANSFER,accepted=false,recoveryGain=true,qGain=-0.16657283798638609,fe=497759
formalLocal:outer=61,slot=5,pass=6,op=O8_MA_WEAK_TO_STRONG,accepted=false,recoveryGain=true,qGain=-0.9191501184199439,fe=497760
formalLocal:outer=61,slot=5,pass=6,op=O9_MA_SWAP,accepted=false,recoveryGain=true,qGain=-1.0,fe=497761
formalLocal:outer=61,slot=5,pass=7,op=O1_JS_INSERT,accepted=false,recoveryGain=true,qGain=-1.0,fe=497762
formalLocal:outer=61,slot=5,pass=7,op=O2_JS_REVERSE,accepted=false,recoveryGain=true,qGain=-0.9338806284238925,fe=497763
formalLocal:outer=61,slot=5,pass=7,op=O3_JS_SWAP,accepted=false,recoveryGain=true,qGain=-1.0,fe=497764
formalLocal:outer=61,slot=5,pass=7,op=O4_WA_LOAD_TRANSFER,accepted=false,recoveryGain=true,qGain=-1.0,fe=497765
formalLocal:outer=61,slot=5,pass=7,op=O5_WA_WEAK_TO_STRONG,accepted=false,recoveryGain=true,qGain=-1.0,fe=497766
formalLocal:outer=61,slot=5,pass=7,op=O6_WA_SWAP,accepted=false,recoveryGain=true,qGain=-0.5559167801705722,fe=497767
formalLocal:outer=61,slot=5,pass=7,op=O7_MA_LOAD_TRANSFER,accepted=false,recoveryGain=true,qGain=-0.16657283798638609,fe=497768
formalLocal:outer=61,slot=5,pass=7,op=O8_MA_WEAK_TO_STRONG,accepted=false,recoveryGain=true,qGain=-0.9191501184199439,fe=497769
formalLocal:outer=61,slot=5,pass=7,op=O9_MA_SWAP,accepted=false,recoveryGain=true,qGain=-1.0,fe=497770
formalLocal:outer=61,slot=5,pass=8,op=O1_JS_INSERT,accepted=false,recoveryGain=true,qGain=-0.8532839126721068,fe=497771
formalLocal:outer=61,slot=5,pass=8,op=O2_JS_REVERSE,accepted=false,recoveryGain=true,qGain=-1.0,fe=497772
formalLocal:outer=61,slot=5,pass=8,op=O3_JS_SWAP,accepted=false,recoveryGain=true,qGain=-1.0,fe=497773
formalLocal:outer=61,slot=5,pass=8,op=O4_WA_LOAD_TRANSFER,accepted=false,recoveryGain=true,qGain=-1.0,fe=497774
formalLocal:outer=61,slot=5,pass=8,op=O5_WA_WEAK_TO_STRONG,accepted=false,recoveryGain=true,qGain=-1.0,fe=497775
formalLocal:outer=61,slot=5,pass=8,op=O6_WA_SWAP,accepted=false,recoveryGain=true,qGain=-0.5559167801705722,fe=497776
formalLocal:outer=61,slot=5,pass=8,op=O7_MA_LOAD_TRANSFER,accepted=false,recoveryGain=true,qGain=-0.16657283798638609,fe=497777
formalLocal:outer=61,slot=5,pass=8,op=O8_MA_WEAK_TO_STRONG,accepted=false,recoveryGain=true,qGain=-0.9191501184199439,fe=497778
formalLocal:outer=61,slot=5,pass=8,op=O9_MA_SWAP,accepted=false,recoveryGain=true,qGain=-1.0,fe=497779
formalLocal:outer=61,slot=5,pass=9,op=O1_JS_INSERT,accepted=true,recoveryGain=true,qGain=0.13523446858608104,fe=497780
formalLocal:outer=61,slot=5,pass=9,op=O2_JS_REVERSE,accepted=false,recoveryGain=true,qGain=-0.5110846583721701,fe=497781
formalLocal:outer=61,slot=5,pass=9,op=O3_JS_SWAP,accepted=false,recoveryGain=true,qGain=-1.0,fe=497782
formalLocal:outer=61,slot=5,pass=9,op=O4_WA_LOAD_TRANSFER,accepted=false,recoveryGain=true,qGain=-1.0,fe=497783
formalLocal:outer=61,slot=5,pass=9,op=O5_WA_WEAK_TO_STRONG,accepted=false,recoveryGain=true,qGain=-1.0,fe=497784
formalLocal:outer=61,slot=5,pass=9,op=O6_WA_SWAP,accepted=false,recoveryGain=true,qGain=-0.7886146869002186,fe=497785
formalLocal:outer=61,slot=5,pass=9,op=O7_MA_LOAD_TRANSFER,accepted=true,recoveryGain=true,qGain=0.3214596730488174,fe=497786
formalLocal:outer=61,slot=5,pass=9,op=O8_MA_WEAK_TO_STRONG,accepted=true,recoveryGain=true,qGain=6.154130358405316E-4,fe=497787
formalLocal:outer=61,slot=5,pass=9,op=O9_MA_SWAP,accepted=false,recoveryGain=true,qGain=-0.9335271463095535,fe=497788
formalLocal:outer=61,slot=5,pass=10,op=O1_JS_INSERT,accepted=false,recoveryGain=true,qGain=-1.0,fe=497789
formalLocal:outer=61,slot=5,pass=10,op=O2_JS_REVERSE,accepted=false,recoveryGain=true,qGain=-1.0,fe=497790
formalLocal:outer=61,slot=5,pass=10,op=O3_JS_SWAP,accepted=false,recoveryGain=true,qGain=-1.0,fe=497791
formalLocal:outer=61,slot=5,pass=10,op=O4_WA_LOAD_TRANSFER,accepted=false,recoveryGain=true,qGain=-0.7100614309522347,fe=497792
formalLocal:outer=61,slot=5,pass=10,op=O5_WA_WEAK_TO_STRONG,accepted=false,recoveryGain=true,qGain=-0.3018660691824511,fe=497793
formalLocal:outer=61,slot=5,pass=10,op=O6_WA_SWAP,accepted=false,recoveryGain=true,qGain=-0.9372818454586357,fe=497794
formalLocal:outer=61,slot=5,pass=10,op=O7_MA_LOAD_TRANSFER,accepted=false,recoveryGain=true,qGain=-0.03152281405868158,fe=497795
formalLocal:outer=61,slot=5,pass=10,op=O8_MA_WEAK_TO_STRONG,accepted=true,recoveryGain=true,qGain=0.06987214643762625,fe=497796
formalLocal:outer=61,slot=5,pass=10,op=O9_MA_SWAP,accepted=false,recoveryGain=true,qGain=-1.0,fe=497797
formalLocal:outer=61,slot=5,pass=11,op=O1_JS_INSERT,accepted=false,recoveryGain=true,qGain=0.0,fe=497798
formalLocal:outer=61,slot=5,pass=11,op=O2_JS_REVERSE,accepted=false,recoveryGain=true,qGain=-1.0,fe=497799
formalLocal:outer=61,slot=5,pass=11,op=O3_JS_SWAP,accepted=false,recoveryGain=true,qGain=-1.0,fe=497800
formalLocal:outer=61,slot=5,pass=11,op=O4_WA_LOAD_TRANSFER,accepted=false,recoveryGain=true,qGain=-1.0,fe=497801
formalLocal:outer=61,slot=5,pass=11,op=O5_WA_WEAK_TO_STRONG,accepted=false,recoveryGain=true,qGain=-1.0,fe=497802
formalLocal:outer=61,slot=5,pass=11,op=O6_WA_SWAP,accepted=false,recoveryGain=true,qGain=-1.0,fe=497803
formalLocal:outer=61,slot=5,pass=11,op=O7_MA_LOAD_TRANSFER,accepted=false,recoveryGain=true,qGain=0.0,fe=497804
formalLocal:outer=61,slot=5,pass=11,op=O8_MA_WEAK_TO_STRONG,accepted=false,recoveryGain=true,qGain=-0.6322853786269178,fe=497805
formalLocal:outer=61,slot=5,pass=11,op=O9_MA_SWAP,accepted=false,recoveryGain=true,qGain=-1.0,fe=497806
formalLocal:outer=61,slot=5,pass=12,op=O1_JS_INSERT,accepted=false,recoveryGain=true,qGain=-1.0,fe=497807
formalLocal:outer=61,slot=5,pass=12,op=O2_JS_REVERSE,accepted=false,recoveryGain=true,qGain=-1.0,fe=497808
formalLocal:outer=61,slot=5,pass=12,op=O3_JS_SWAP,accepted=true,recoveryGain=true,qGain=0.17037122619608455,fe=497809
formalLocal:outer=61,slot=5,pass=12,op=O4_WA_LOAD_TRANSFER,accepted=false,recoveryGain=true,qGain=-0.5188803339320777,fe=497810
formalLocal:outer=61,slot=5,pass=12,op=O5_WA_WEAK_TO_STRONG,accepted=false,recoveryGain=true,qGain=-0.3506143129197249,fe=497811
formalLocal:outer=61,slot=5,pass=12,op=O6_WA_SWAP,accepted=false,recoveryGain=true,qGain=-0.9162489200829794,fe=497812
formalLocal:outer=61,slot=5,pass=12,op=O7_MA_LOAD_TRANSFER,accepted=true,recoveryGain=true,qGain=0.06164475605518912,fe=497813
formalLocal:outer=61,slot=5,pass=12,op=O8_MA_WEAK_TO_STRONG,accepted=false,recoveryGain=true,qGain=-0.8538725517974789,fe=497814
formalLocal:outer=61,slot=5,pass=12,op=O9_MA_SWAP,accepted=false,recoveryGain=true,qGain=-1.0,fe=497815
formalLocal:outer=61,slot=5,pass=13,op=O1_JS_INSERT,accepted=false,recoveryGain=true,qGain=-0.020144990668326753,fe=497816
formalLocal:outer=61,slot=5,pass=13,op=O2_JS_REVERSE,accepted=false,recoveryGain=true,qGain=-1.0,fe=497817
formalLocal:outer=61,slot=5,pass=13,op=O3_JS_SWAP,accepted=false,recoveryGain=true,qGain=-1.0,fe=497818
formalLocal:outer=61,slot=5,pass=13,op=O4_WA_LOAD_TRANSFER,accepted=false,recoveryGain=true,qGain=-1.0,fe=497819
formalLocal:outer=61,slot=5,pass=13,op=O5_WA_WEAK_TO_STRONG,accepted=false,recoveryGain=true,qGain=-1.0,fe=497820
formalLocal:outer=61,slot=5,pass=13,op=O6_WA_SWAP,accepted=false,recoveryGain=true,qGain=-1.0,fe=497821
formalLocal:outer=61,slot=5,pass=13,op=O7_MA_LOAD_TRANSFER,accepted=false,recoveryGain=true,qGain=0.0,fe=497822
formalLocal:outer=61,slot=5,pass=13,op=O8_MA_WEAK_TO_STRONG,accepted=false,recoveryGain=true,qGain=-0.8538725517974789,fe=497823
formalLocal:outer=61,slot=5,pass=13,op=O9_MA_SWAP,accepted=false,recoveryGain=true,qGain=-1.0,fe=497824
formalLocal:outer=61,slot=5,pass=14,op=O1_JS_INSERT,accepted=false,recoveryGain=true,qGain=0.0,fe=497825
formalLocal:outer=61,slot=5,pass=14,op=O2_JS_REVERSE,accepted=false,recoveryGain=true,qGain=-1.0,fe=497826
formalLocal:outer=61,slot=5,pass=14,op=O3_JS_SWAP,accepted=false,recoveryGain=true,qGain=-1.0,fe=497827
formalLocal:outer=61,slot=5,pass=14,op=O4_WA_LOAD_TRANSFER,accepted=false,recoveryGain=true,qGain=-1.0,fe=497828
formalLocal:outer=61,slot=5,pass=14,op=O5_WA_WEAK_TO_STRONG,accepted=false,recoveryGain=true,qGain=-1.0,fe=497829
formalLocal:outer=61,slot=5,pass=14,op=O6_WA_SWAP,accepted=false,recoveryGain=true,qGain=-1.0,fe=497830
formalLocal:outer=61,slot=5,pass=14,op=O7_MA_LOAD_TRANSFER,accepted=false,recoveryGain=true,qGain=0.0,fe=497831
formalLocal:outer=61,slot=5,pass=14,op=O8_MA_WEAK_TO_STRONG,accepted=false,recoveryGain=true,qGain=-0.8538725517974789,fe=497832
formalLocal:outer=61,slot=5,pass=14,op=O9_MA_SWAP,accepted=false,recoveryGain=true,qGain=-1.0,fe=497833
formalLocal:outer=61,slot=5,pass=15,op=O1_JS_INSERT,accepted=false,recoveryGain=true,qGain=-1.0,fe=497834
formalLocal:outer=61,slot=5,pass=15,op=O2_JS_REVERSE,accepted=false,recoveryGain=true,qGain=-1.0,fe=497835
formalLocal:outer=61,slot=5,pass=15,op=O3_JS_SWAP,accepted=false,recoveryGain=true,qGain=-0.9944409639042139,fe=497836
formalLocal:outer=61,slot=5,pass=15,op=O4_WA_LOAD_TRANSFER,accepted=false,recoveryGain=true,qGain=-1.0,fe=497837
formalLocal:outer=61,slot=5,pass=15,op=O5_WA_WEAK_TO_STRONG,accepted=false,recoveryGain=true,qGain=-1.0,fe=497838
formalLocal:outer=61,slot=5,pass=15,op=O6_WA_SWAP,accepted=false,recoveryGain=true,qGain=-1.0,fe=497839
formalLocal:outer=61,slot=5,pass=15,op=O7_MA_LOAD_TRANSFER,accepted=false,recoveryGain=true,qGain=0.0,fe=497840
formalLocal:outer=61,slot=5,pass=15,op=O8_MA_WEAK_TO_STRONG,accepted=false,recoveryGain=true,qGain=-0.8538725517974789,fe=497841
formalLocal:outer=61,slot=5,pass=15,op=O9_MA_SWAP,accepted=false,recoveryGain=true,qGain=-1.0,fe=497842
formalLocal:outer=61,slot=5,pass=16,op=O1_JS_INSERT,accepted=false,recoveryGain=true,qGain=-1.0,fe=497843
formalLocal:outer=61,slot=5,pass=16,op=O2_JS_REVERSE,accepted=false,recoveryGain=true,qGain=-1.0,fe=497844
formalLocal:outer=61,slot=5,pass=16,op=O3_JS_SWAP,accepted=false,recoveryGain=true,qGain=-1.0,fe=497845
formalLocal:outer=61,slot=5,pass=16,op=O4_WA_LOAD_TRANSFER,accepted=false,recoveryGain=true,qGain=-1.0,fe=497846
formalLocal:outer=61,slot=5,pass=16,op=O5_WA_WEAK_TO_STRONG,accepted=false,recoveryGain=true,qGain=-1.0,fe=497847
formalLocal:outer=61,slot=5,pass=16,op=O6_WA_SWAP,accepted=false,recoveryGain=true,qGain=-1.0,fe=497848
formalLocal:outer=61,slot=5,pass=16,op=O7_MA_LOAD_TRANSFER,accepted=false,recoveryGain=true,qGain=0.0,fe=497849
formalLocal:outer=61,slot=5,pass=16,op=O8_MA_WEAK_TO_STRONG,accepted=false,recoveryGain=true,qGain=-0.8538725517974789,fe=497850
formalLocal:outer=61,slot=5,pass=16,op=O9_MA_SWAP,accepted=false,recoveryGain=true,qGain=-1.0,fe=497851
formalLocal:outer=61,slot=5,pass=17,op=O1_JS_INSERT,accepted=false,recoveryGain=true,qGain=-0.8052458705409559,fe=497852
formalLocal:outer=61,slot=5,pass=17,op=O2_JS_REVERSE,accepted=false,recoveryGain=true,qGain=-1.0,fe=497853
formalLocal:outer=61,slot=5,pass=17,op=O3_JS_SWAP,accepted=false,recoveryGain=true,qGain=-1.0,fe=497854
formalLocal:outer=61,slot=5,pass=17,op=O4_WA_LOAD_TRANSFER,accepted=false,recoveryGain=true,qGain=-1.0,fe=497855
formalLocal:outer=61,slot=5,pass=17,op=O5_WA_WEAK_TO_STRONG,accepted=false,recoveryGain=true,qGain=-1.0,fe=497856
formalLocal:outer=61,slot=5,pass=17,op=O6_WA_SWAP,accepted=false,recoveryGain=true,qGain=-1.0,fe=497857
formalLocal:outer=61,slot=5,pass=17,op=O7_MA_LOAD_TRANSFER,accepted=false,recoveryGain=true,qGain=0.0,fe=497858
formalLocal:outer=61,slot=5,pass=17,op=O8_MA_WEAK_TO_STRONG,accepted=false,recoveryGain=true,qGain=-0.8538725517974789,fe=497859
formalLocal:outer=61,slot=5,pass=17,op=O9_MA_SWAP,accepted=false,recoveryGain=true,qGain=-1.0,fe=497860
formalLocal:outer=61,slot=5,pass=18,op=O1_JS_INSERT,accepted=false,recoveryGain=true,qGain=-1.0,fe=497861
formalLocal:outer=61,slot=5,pass=18,op=O2_JS_REVERSE,accepted=false,recoveryGain=true,qGain=-1.0,fe=497862
formalLocal:outer=61,slot=5,pass=18,op=O3_JS_SWAP,accepted=false,recoveryGain=true,qGain=-1.0,fe=497863
formalLocal:outer=61,slot=5,pass=18,op=O4_WA_LOAD_TRANSFER,accepted=false,recoveryGain=true,qGain=-1.0,fe=497864
formalLocal:outer=61,slot=5,pass=18,op=O5_WA_WEAK_TO_STRONG,accepted=false,recoveryGain=true,qGain=-1.0,fe=497865
formalLocal:outer=61,slot=5,pass=18,op=O6_WA_SWAP,accepted=false,recoveryGain=true,qGain=-1.0,fe=497866
formalLocal:outer=61,slot=5,pass=18,op=O7_MA_LOAD_TRANSFER,accepted=false,recoveryGain=true,qGain=0.0,fe=497867
formalLocal:outer=61,slot=5,pass=18,op=O8_MA_WEAK_TO_STRONG,accepted=false,recoveryGain=true,qGain=-0.8538725517974789,fe=497868
formalLocal:outer=61,slot=5,pass=18,op=O9_MA_SWAP,accepted=false,recoveryGain=true,qGain=-1.0,fe=497869
formalLocal:outer=61,slot=5,pass=19,op=O1_JS_INSERT,accepted=false,recoveryGain=true,qGain=-1.0,fe=497870
formalLocal:outer=61,slot=5,pass=19,op=O2_JS_REVERSE,accepted=false,recoveryGain=true,qGain=-1.0,fe=497871
formalLocal:outer=61,slot=5,pass=19,op=O3_JS_SWAP,accepted=false,recoveryGain=true,qGain=-0.07734758875105993,fe=497872
formalLocal:outer=61,slot=5,pass=19,op=O4_WA_LOAD_TRANSFER,accepted=false,recoveryGain=true,qGain=-1.0,fe=497873
formalLocal:outer=61,slot=5,pass=19,op=O5_WA_WEAK_TO_STRONG,accepted=false,recoveryGain=true,qGain=-1.0,fe=497874
formalLocal:outer=61,slot=5,pass=19,op=O6_WA_SWAP,accepted=false,recoveryGain=true,qGain=-1.0,fe=497875
formalLocal:outer=61,slot=5,pass=19,op=O7_MA_LOAD_TRANSFER,accepted=false,recoveryGain=true,qGain=0.0,fe=497876
formalLocal:outer=61,slot=5,pass=19,op=O8_MA_WEAK_TO_STRONG,accepted=false,recoveryGain=true,qGain=-0.8538725517974789,fe=497877
formalLocal:outer=61,slot=5,pass=19,op=O9_MA_SWAP,accepted=false,recoveryGain=true,qGain=-1.0,fe=497878
formalLocal:outer=61,slot=5,pass=20,op=O1_JS_INSERT,accepted=false,recoveryGain=true,qGain=-1.0,fe=497879
formalLocal:outer=61,slot=5,pass=20,op=O2_JS_REVERSE,accepted=false,recoveryGain=true,qGain=-1.0,fe=497880
formalLocal:outer=61,slot=5,pass=20,op=O3_JS_SWAP,accepted=false,recoveryGain=true,qGain=-1.0,fe=497881
formalLocal:outer=61,slot=5,pass=20,op=O4_WA_LOAD_TRANSFER,accepted=false,recoveryGain=true,qGain=-1.0,fe=497882
formalLocal:outer=61,slot=5,pass=20,op=O5_WA_WEAK_TO_STRONG,accepted=false,recoveryGain=true,qGain=-1.0,fe=497883
formalLocal:outer=61,slot=5,pass=20,op=O6_WA_SWAP,accepted=false,recoveryGain=true,qGain=-1.0,fe=497884
formalLocal:outer=61,slot=5,pass=20,op=O7_MA_LOAD_TRANSFER,accepted=false,recoveryGain=true,qGain=0.0,fe=497885
formalLocal:outer=61,slot=5,pass=20,op=O8_MA_WEAK_TO_STRONG,accepted=false,recoveryGain=true,qGain=-0.8538725517974789,fe=497886
formalLocal:outer=61,slot=5,pass=20,op=O9_MA_SWAP,accepted=false,recoveryGain=true,qGain=-1.0,fe=497887
formalLocal:outer=61,slot=5,pass=21,op=O1_JS_INSERT,accepted=true,recoveryGain=true,qGain=0.2222768536237721,fe=497888
formalLocal:outer=61,slot=5,pass=21,op=O2_JS_REVERSE,accepted=false,recoveryGain=true,qGain=-1.0,fe=497889
formalLocal:outer=61,slot=5,pass=21,op=O3_JS_SWAP,accepted=false,recoveryGain=true,qGain=-1.0,fe=497890
formalLocal:outer=61,slot=5,pass=21,op=O4_WA_LOAD_TRANSFER,accepted=false,recoveryGain=true,qGain=-1.0,fe=497891
formalLocal:outer=61,slot=5,pass=21,op=O5_WA_WEAK_TO_STRONG,accepted=false,recoveryGain=true,qGain=-1.0,fe=497892
formalLocal:outer=61,slot=5,pass=21,op=O6_WA_SWAP,accepted=false,recoveryGain=true,qGain=-1.0,fe=497893
formalLocal:outer=61,slot=5,pass=21,op=O7_MA_LOAD_TRANSFER,accepted=false,recoveryGain=true,qGain=0.0,fe=497894
formalLocal:outer=61,slot=5,pass=21,op=O8_MA_WEAK_TO_STRONG,accepted=false,recoveryGain=true,qGain=-1.0,fe=497895
formalLocal:outer=61,slot=5,pass=21,op=O9_MA_SWAP,accepted=false,recoveryGain=true,qGain=-1.0,fe=497896
formalLocal:outer=61,slot=5,pass=22,op=O1_JS_INSERT,accepted=false,recoveryGain=true,qGain=-1.0,fe=497897
formalLocal:outer=61,slot=5,pass=22,op=O2_JS_REVERSE,accepted=true,recoveryGain=true,qGain=0.2097858625542196,fe=497898
formalLocal:outer=61,slot=5,pass=22,op=O3_JS_SWAP,accepted=false,recoveryGain=true,qGain=-1.0,fe=497899
formalLocal:outer=61,slot=5,pass=22,op=O4_WA_LOAD_TRANSFER,accepted=false,recoveryGain=true,qGain=-1.0,fe=497900
formalLocal:outer=61,slot=5,pass=22,op=O5_WA_WEAK_TO_STRONG,accepted=false,recoveryGain=true,qGain=-1.0,fe=497901
formalLocal:outer=61,slot=5,pass=22,op=O6_WA_SWAP,accepted=false,recoveryGain=true,qGain=-1.0,fe=497902
formalLocal:outer=61,slot=5,pass=22,op=O7_MA_LOAD_TRANSFER,accepted=false,recoveryGain=true,qGain=0.0,fe=497903
formalLocal:outer=61,slot=5,pass=22,op=O8_MA_WEAK_TO_STRONG,accepted=false,recoveryGain=true,qGain=-1.0,fe=497904
formalLocal:outer=61,slot=5,pass=22,op=O9_MA_SWAP,accepted=false,recoveryGain=true,qGain=-1.0,fe=497905
formalLocal:outer=61,slot=5,pass=23,op=O1_JS_INSERT,accepted=false,recoveryGain=true,qGain=0.0,fe=497906
formalLocal:outer=61,slot=5,pass=23,op=O2_JS_REVERSE,accepted=false,recoveryGain=true,qGain=-1.0,fe=497907
formalLocal:outer=61,slot=5,pass=23,op=O3_JS_SWAP,accepted=false,recoveryGain=true,qGain=-1.0,fe=497908
formalLocal:outer=61,slot=5,pass=23,op=O4_WA_LOAD_TRANSFER,accepted=false,recoveryGain=true,qGain=-1.0,fe=497909
formalLocal:outer=61,slot=5,pass=23,op=O5_WA_WEAK_TO_STRONG,accepted=false,recoveryGain=true,qGain=-1.0,fe=497910
formalLocal:outer=61,slot=5,pass=23,op=O6_WA_SWAP,accepted=false,recoveryGain=true,qGain=-1.0,fe=497911
formalLocal:outer=61,slot=5,pass=23,op=O7_MA_LOAD_TRANSFER,accepted=false,recoveryGain=true,qGain=0.0,fe=497912
formalLocal:outer=61,slot=5,pass=23,op=O8_MA_WEAK_TO_STRONG,accepted=false,recoveryGain=true,qGain=-1.0,fe=497913
formalLocal:outer=61,slot=5,pass=23,op=O9_MA_SWAP,accepted=false,recoveryGain=true,qGain=-1.0,fe=497914
formalLocal:outer=61,slot=5,pass=24,op=O1_JS_INSERT,accepted=false,recoveryGain=true,qGain=-1.0,fe=497915
formalLocal:outer=61,slot=5,pass=24,op=O2_JS_REVERSE,accepted=false,recoveryGain=true,qGain=-1.0,fe=497916
formalLocal:outer=61,slot=5,pass=24,op=O3_JS_SWAP,accepted=false,recoveryGain=true,qGain=-1.0,fe=497917
formalLocal:outer=61,slot=5,pass=24,op=O4_WA_LOAD_TRANSFER,accepted=false,recoveryGain=true,qGain=-1.0,fe=497918
formalLocal:outer=61,slot=5,pass=24,op=O5_WA_WEAK_TO_STRONG,accepted=false,recoveryGain=true,qGain=-1.0,fe=497919
formalLocal:outer=61,slot=5,pass=24,op=O6_WA_SWAP,accepted=false,recoveryGain=true,qGain=-1.0,fe=497920
formalLocal:outer=61,slot=5,pass=24,op=O7_MA_LOAD_TRANSFER,accepted=false,recoveryGain=true,qGain=0.0,fe=497921
formalLocal:outer=61,slot=5,pass=24,op=O8_MA_WEAK_TO_STRONG,accepted=false,recoveryGain=true,qGain=-1.0,fe=497922
formalLocal:outer=61,slot=5,pass=24,op=O9_MA_SWAP,accepted=false,recoveryGain=true,qGain=-1.0,fe=497923
formalLocal:outer=61,slot=5,pass=25,op=O1_JS_INSERT,accepted=false,recoveryGain=true,qGain=-0.03714584588741582,fe=497924
formalLocal:outer=61,slot=5,pass=25,op=O2_JS_REVERSE,accepted=false,recoveryGain=true,qGain=-1.0,fe=497925
formalLocal:outer=61,slot=5,pass=25,op=O3_JS_SWAP,accepted=true,recoveryGain=true,qGain=0.001064179823630707,fe=497926
formalLocal:outer=61,slot=5,pass=25,op=O4_WA_LOAD_TRANSFER,accepted=false,recoveryGain=true,qGain=-1.0,fe=497927
formalLocal:outer=61,slot=5,pass=25,op=O5_WA_WEAK_TO_STRONG,accepted=false,recoveryGain=true,qGain=-1.0,fe=497928
formalLocal:outer=61,slot=5,pass=25,op=O6_WA_SWAP,accepted=false,recoveryGain=true,qGain=-1.0,fe=497929
formalLocal:outer=61,slot=5,pass=25,op=O7_MA_LOAD_TRANSFER,accepted=false,recoveryGain=true,qGain=0.0,fe=497930
formalLocal:outer=61,slot=5,pass=25,op=O8_MA_WEAK_TO_STRONG,accepted=false,recoveryGain=true,qGain=-1.0,fe=497931
formalLocal:outer=61,slot=5,pass=25,op=O9_MA_SWAP,accepted=false,recoveryGain=true,qGain=-1.0,fe=497932
formalLocal:outer=61,slot=5,pass=26,op=O1_JS_INSERT,accepted=false,recoveryGain=true,qGain=-1.0,fe=497933
formalLocal:outer=61,slot=5,pass=26,op=O2_JS_REVERSE,accepted=false,recoveryGain=true,qGain=-1.0,fe=497934
formalLocal:outer=61,slot=5,pass=26,op=O3_JS_SWAP,accepted=false,recoveryGain=true,qGain=-1.0,fe=497935
formalLocal:outer=61,slot=5,pass=26,op=O4_WA_LOAD_TRANSFER,accepted=false,recoveryGain=true,qGain=-1.0,fe=497936
formalLocal:outer=61,slot=5,pass=26,op=O5_WA_WEAK_TO_STRONG,accepted=false,recoveryGain=true,qGain=-1.0,fe=497937
formalLocal:outer=61,slot=5,pass=26,op=O6_WA_SWAP,accepted=false,recoveryGain=true,qGain=-1.0,fe=497938
formalLocal:outer=61,slot=5,pass=26,op=O7_MA_LOAD_TRANSFER,accepted=false,recoveryGain=true,qGain=0.0,fe=497939
formalLocal:outer=61,slot=5,pass=26,op=O8_MA_WEAK_TO_STRONG,accepted=false,recoveryGain=true,qGain=-1.0,fe=497940
formalLocal:outer=61,slot=5,pass=26,op=O9_MA_SWAP,accepted=false,recoveryGain=true,qGain=-1.0,fe=497941
formalLocal:outer=61,slot=5,pass=27,op=O1_JS_INSERT,accepted=false,recoveryGain=true,qGain=-1.0,fe=497942
formalLocal:outer=61,slot=5,pass=27,op=O2_JS_REVERSE,accepted=false,recoveryGain=true,qGain=-1.0,fe=497943
formalLocal:outer=61,slot=5,pass=27,op=O3_JS_SWAP,accepted=false,recoveryGain=true,qGain=-1.0,fe=497944
formalLocal:outer=61,slot=5,pass=27,op=O4_WA_LOAD_TRANSFER,accepted=false,recoveryGain=true,qGain=-1.0,fe=497945
formalLocal:outer=61,slot=5,pass=27,op=O5_WA_WEAK_TO_STRONG,accepted=false,recoveryGain=true,qGain=-1.0,fe=497946
formalLocal:outer=61,slot=5,pass=27,op=O6_WA_SWAP,accepted=false,recoveryGain=true,qGain=-1.0,fe=497947
formalLocal:outer=61,slot=5,pass=27,op=O7_MA_LOAD_TRANSFER,accepted=false,recoveryGain=true,qGain=0.0,fe=497948
formalLocal:outer=61,slot=5,pass=27,op=O8_MA_WEAK_TO_STRONG,accepted=false,recoveryGain=true,qGain=-1.0,fe=497949
formalLocal:outer=61,slot=5,pass=27,op=O9_MA_SWAP,accepted=false,recoveryGain=true,qGain=-1.0,fe=497950
formalLocal:outer=61,slot=5,pass=28,op=O1_JS_INSERT,accepted=false,recoveryGain=true,qGain=-1.0,fe=497951
formalLocal:outer=61,slot=5,pass=28,op=O2_JS_REVERSE,accepted=false,recoveryGain=true,qGain=-1.0,fe=497952
formalLocal:outer=61,slot=5,pass=28,op=O3_JS_SWAP,accepted=true,recoveryGain=true,qGain=0.1525780560155417,fe=497953
formalLocal:outer=61,slot=5,pass=28,op=O4_WA_LOAD_TRANSFER,accepted=false,recoveryGain=true,qGain=-1.0,fe=497954
formalLocal:outer=61,slot=5,pass=28,op=O5_WA_WEAK_TO_STRONG,accepted=false,recoveryGain=true,qGain=-1.0,fe=497955
formalLocal:outer=61,slot=5,pass=28,op=O6_WA_SWAP,accepted=false,recoveryGain=true,qGain=-1.0,fe=497956
formalLocal:outer=61,slot=5,pass=28,op=O7_MA_LOAD_TRANSFER,accepted=false,recoveryGain=true,qGain=0.0,fe=497957
formalLocal:outer=61,slot=5,pass=28,op=O8_MA_WEAK_TO_STRONG,accepted=false,recoveryGain=true,qGain=-1.0,fe=497958
formalLocal:outer=61,slot=5,pass=28,op=O9_MA_SWAP,accepted=false,recoveryGain=true,qGain=-1.0,fe=497959
formalLocal:outer=61,slot=5,pass=29,op=O1_JS_INSERT,accepted=false,recoveryGain=true,qGain=-1.0,fe=497960
formalLocal:outer=61,slot=5,pass=29,op=O2_JS_REVERSE,accepted=false,recoveryGain=true,qGain=-1.0,fe=497961
formalLocal:outer=61,slot=5,pass=29,op=O3_JS_SWAP,accepted=false,recoveryGain=true,qGain=-1.0,fe=497962
formalLocal:outer=61,slot=5,pass=29,op=O4_WA_LOAD_TRANSFER,accepted=false,recoveryGain=true,qGain=-1.0,fe=497963
formalLocal:outer=61,slot=5,pass=29,op=O5_WA_WEAK_TO_STRONG,accepted=false,recoveryGain=true,qGain=-1.0,fe=497964
formalLocal:outer=61,slot=5,pass=29,op=O6_WA_SWAP,accepted=false,recoveryGain=true,qGain=-1.0,fe=497965
formalLocal:outer=61,slot=5,pass=29,op=O7_MA_LOAD_TRANSFER,accepted=false,recoveryGain=true,qGain=0.0,fe=497966
formalLocal:outer=61,slot=5,pass=29,op=O8_MA_WEAK_TO_STRONG,accepted=false,recoveryGain=true,qGain=-1.0,fe=497967
formalLocal:outer=61,slot=5,pass=29,op=O9_MA_SWAP,accepted=false,recoveryGain=true,qGain=-1.0,fe=497968
formalLocal:outer=61,slot=6,op=CRITICAL_FACTORY_SWAP,accepted=false,fe=497969
formalLocal:outer=61,slot=6,op=CRITICAL_FACTORY_INSERT,accepted=true,fe=497970
formalLocal:outer=61,slot=6,pass=0,op=O1_JS_INSERT,accepted=false,recoveryGain=true,qGain=-0.4714340522619159,fe=497971
formalLocal:outer=61,slot=6,pass=0,op=O2_JS_REVERSE,accepted=false,recoveryGain=true,qGain=-0.005120866594000226,fe=497972
formalLocal:outer=61,slot=6,pass=0,op=O3_JS_SWAP,accepted=true,recoveryGain=true,qGain=0.3237026993535092,fe=497973
formalLocal:outer=61,slot=6,pass=0,op=O4_WA_LOAD_TRANSFER,accepted=false,recoveryGain=true,qGain=-1.0,fe=497974
formalLocal:outer=61,slot=6,pass=0,op=O5_WA_WEAK_TO_STRONG,accepted=false,recoveryGain=true,qGain=-0.17963010836294335,fe=497975
formalLocal:outer=61,slot=6,pass=0,op=O6_WA_SWAP,accepted=false,recoveryGain=true,qGain=-0.7446483249606544,fe=497976
formalLocal:outer=61,slot=6,pass=0,op=O7_MA_LOAD_TRANSFER,accepted=false,recoveryGain=true,qGain=0.0,fe=497977
formalLocal:outer=61,slot=6,pass=0,op=O8_MA_WEAK_TO_STRONG,accepted=true,recoveryGain=true,qGain=0.09936035490899531,fe=497978
formalLocal:outer=61,slot=6,pass=0,op=O9_MA_SWAP,accepted=false,recoveryGain=true,qGain=-0.029415529350091108,fe=497979
formalLocal:outer=61,slot=6,pass=1,op=O1_JS_INSERT,accepted=false,recoveryGain=true,qGain=-0.15753018131068477,fe=497980
formalLocal:outer=61,slot=6,pass=1,op=O2_JS_REVERSE,accepted=false,recoveryGain=true,qGain=-0.39968933573424725,fe=497981
formalLocal:outer=61,slot=6,pass=1,op=O3_JS_SWAP,accepted=false,recoveryGain=true,qGain=-0.7796079778347234,fe=497982
formalLocal:outer=61,slot=6,pass=1,op=O4_WA_LOAD_TRANSFER,accepted=false,recoveryGain=true,qGain=-1.0,fe=497983
formalLocal:outer=61,slot=6,pass=1,op=O5_WA_WEAK_TO_STRONG,accepted=false,recoveryGain=true,qGain=-0.16784677518224309,fe=497984
formalLocal:outer=61,slot=6,pass=1,op=O6_WA_SWAP,accepted=false,recoveryGain=true,qGain=-0.6134467908407775,fe=497985
formalLocal:outer=61,slot=6,pass=1,op=O7_MA_LOAD_TRANSFER,accepted=false,recoveryGain=true,qGain=-0.29303898420555974,fe=497986
formalLocal:outer=61,slot=6,pass=1,op=O8_MA_WEAK_TO_STRONG,accepted=true,recoveryGain=true,qGain=0.06128783492051504,fe=497987
formalLocal:outer=61,slot=6,pass=1,op=O9_MA_SWAP,accepted=false,recoveryGain=true,qGain=-0.1299615150615498,fe=497988
formalLocal:outer=61,slot=6,pass=2,op=O1_JS_INSERT,accepted=false,recoveryGain=true,qGain=-0.21517933589742885,fe=497989
formalLocal:outer=61,slot=6,pass=2,op=O2_JS_REVERSE,accepted=false,recoveryGain=true,qGain=-1.0,fe=497990
formalLocal:outer=61,slot=6,pass=2,op=O3_JS_SWAP,accepted=false,recoveryGain=true,qGain=-0.9183187317324943,fe=497991
formalLocal:outer=61,slot=6,pass=2,op=O4_WA_LOAD_TRANSFER,accepted=false,recoveryGain=true,qGain=-1.0,fe=497992
formalLocal:outer=61,slot=6,pass=2,op=O5_WA_WEAK_TO_STRONG,accepted=false,recoveryGain=true,qGain=-0.14563260001290826,fe=497993
formalLocal:outer=61,slot=6,pass=2,op=O6_WA_SWAP,accepted=false,recoveryGain=true,qGain=-0.7190120955954258,fe=497994
formalLocal:outer=61,slot=6,pass=2,op=O7_MA_LOAD_TRANSFER,accepted=false,recoveryGain=true,qGain=-0.2852126174066533,fe=497995
formalLocal:outer=61,slot=6,pass=2,op=O8_MA_WEAK_TO_STRONG,accepted=true,recoveryGain=true,qGain=0.009922186736906289,fe=497996
formalLocal:outer=61,slot=6,pass=2,op=O9_MA_SWAP,accepted=false,recoveryGain=true,qGain=-0.09234044404455119,fe=497997
formalLocal:outer=61,slot=6,pass=3,op=O1_JS_INSERT,accepted=false,recoveryGain=true,qGain=0.0,fe=497998
formalLocal:outer=61,slot=6,pass=3,op=O2_JS_REVERSE,accepted=false,recoveryGain=true,qGain=-0.7276685491685922,fe=497999
formalLocal:outer=61,slot=6,pass=3,op=O3_JS_SWAP,accepted=false,recoveryGain=true,qGain=-0.405147747540535,fe=498000
formalLocal:outer=61,slot=6,pass=3,op=O4_WA_LOAD_TRANSFER,accepted=false,recoveryGain=true,qGain=-1.0,fe=498001
formalLocal:outer=61,slot=6,pass=3,op=O5_WA_WEAK_TO_STRONG,accepted=true,recoveryGain=true,qGain=0.08775673847213686,fe=498002
formalLocal:outer=61,slot=6,pass=3,op=O6_WA_SWAP,accepted=false,recoveryGain=true,qGain=-1.0,fe=498003
formalLocal:outer=61,slot=6,pass=3,op=O7_MA_LOAD_TRANSFER,accepted=false,recoveryGain=true,qGain=0.0,fe=498004
formalLocal:outer=61,slot=6,pass=3,op=O8_MA_WEAK_TO_STRONG,accepted=false,recoveryGain=true,qGain=-1.0,fe=498005
formalLocal:outer=61,slot=6,pass=3,op=O9_MA_SWAP,accepted=false,recoveryGain=true,qGain=-1.0,fe=498006
formalLocal:outer=61,slot=6,pass=4,op=O1_JS_INSERT,accepted=false,recoveryGain=true,qGain=0.0,fe=498007
formalLocal:outer=61,slot=6,pass=4,op=O2_JS_REVERSE,accepted=false,recoveryGain=true,qGain=-1.0,fe=498008
formalLocal:outer=61,slot=6,pass=4,op=O3_JS_SWAP,accepted=false,recoveryGain=true,qGain=-0.0211109314947839,fe=498009
formalLocal:outer=61,slot=6,pass=4,op=O4_WA_LOAD_TRANSFER,accepted=false,recoveryGain=true,qGain=-1.0,fe=498010
formalLocal:outer=61,slot=6,pass=4,op=O5_WA_WEAK_TO_STRONG,accepted=false,recoveryGain=true,qGain=-0.5202593433346179,fe=498011
formalLocal:outer=61,slot=6,pass=4,op=O6_WA_SWAP,accepted=false,recoveryGain=true,qGain=-1.0,fe=498012
formalLocal:outer=61,slot=6,pass=4,op=O7_MA_LOAD_TRANSFER,accepted=false,recoveryGain=true,qGain=0.0,fe=498013
formalLocal:outer=61,slot=6,pass=4,op=O8_MA_WEAK_TO_STRONG,accepted=false,recoveryGain=true,qGain=-1.0,fe=498014
formalLocal:outer=61,slot=6,pass=4,op=O9_MA_SWAP,accepted=false,recoveryGain=true,qGain=-1.0,fe=498015
formalLocal:outer=61,slot=6,pass=5,op=O1_JS_INSERT,accepted=true,recoveryGain=true,qGain=0.016963920004304352,fe=498016
formalLocal:outer=61,slot=6,pass=5,op=O2_JS_REVERSE,accepted=true,recoveryGain=true,qGain=0.2281912599905548,fe=498017
formalLocal:outer=61,slot=6,pass=5,op=O3_JS_SWAP,accepted=false,recoveryGain=true,qGain=-0.05921353468504147,fe=498018
formalLocal:outer=61,slot=6,pass=5,op=O4_WA_LOAD_TRANSFER,accepted=false,recoveryGain=true,qGain=-0.5067897107785723,fe=498019
formalLocal:outer=61,slot=6,pass=5,op=O5_WA_WEAK_TO_STRONG,accepted=false,recoveryGain=true,qGain=-0.29468313820732506,fe=498020
formalLocal:outer=61,slot=6,pass=5,op=O6_WA_SWAP,accepted=false,recoveryGain=true,qGain=-0.012921374549210149,fe=498021
formalLocal:outer=61,slot=6,pass=5,op=O7_MA_LOAD_TRANSFER,accepted=true,recoveryGain=true,qGain=0.16883244177932583,fe=498022
formalLocal:outer=61,slot=6,pass=5,op=O8_MA_WEAK_TO_STRONG,accepted=false,recoveryGain=true,qGain=-1.0,fe=498023
formalLocal:outer=61,slot=6,pass=5,op=O9_MA_SWAP,accepted=false,recoveryGain=true,qGain=-0.6336549497855412,fe=498024
formalLocal:outer=61,slot=6,pass=6,op=O1_JS_INSERT,accepted=false,recoveryGain=true,qGain=-1.0,fe=498025
formalLocal:outer=61,slot=6,pass=6,op=O2_JS_REVERSE,accepted=false,recoveryGain=true,qGain=-1.0,fe=498026
formalLocal:outer=61,slot=6,pass=6,op=O3_JS_SWAP,accepted=false,recoveryGain=true,qGain=-1.0,fe=498027
formalLocal:outer=61,slot=6,pass=6,op=O4_WA_LOAD_TRANSFER,accepted=false,recoveryGain=true,qGain=-0.03322844682813482,fe=498028
formalLocal:outer=61,slot=6,pass=6,op=O5_WA_WEAK_TO_STRONG,accepted=true,recoveryGain=true,qGain=0.13558469379057564,fe=498029
formalLocal:outer=61,slot=6,pass=6,op=O6_WA_SWAP,accepted=false,recoveryGain=true,qGain=-1.0,fe=498030
formalLocal:outer=61,slot=6,pass=6,op=O7_MA_LOAD_TRANSFER,accepted=false,recoveryGain=true,qGain=-1.0,fe=498031
formalLocal:outer=61,slot=6,pass=6,op=O8_MA_WEAK_TO_STRONG,accepted=false,recoveryGain=true,qGain=-0.11948862822997004,fe=498032
formalLocal:outer=61,slot=6,pass=6,op=O9_MA_SWAP,accepted=false,recoveryGain=true,qGain=-1.0,fe=498033
formalLocal:outer=61,slot=6,pass=7,op=O1_JS_INSERT,accepted=false,recoveryGain=true,qGain=-0.39020026953961434,fe=498034
formalLocal:outer=61,slot=6,pass=7,op=O2_JS_REVERSE,accepted=false,recoveryGain=true,qGain=-1.0,fe=498035
formalLocal:outer=61,slot=6,pass=7,op=O3_JS_SWAP,accepted=false,recoveryGain=true,qGain=-0.9194918773454845,fe=498036
formalLocal:outer=61,slot=6,pass=7,op=O4_WA_LOAD_TRANSFER,accepted=false,recoveryGain=true,qGain=-1.0,fe=498037
formalLocal:outer=61,slot=6,pass=7,op=O5_WA_WEAK_TO_STRONG,accepted=false,recoveryGain=true,qGain=-0.8019903454502694,fe=498038
formalLocal:outer=61,slot=6,pass=7,op=O6_WA_SWAP,accepted=false,recoveryGain=true,qGain=-1.0,fe=498039
formalLocal:outer=61,slot=6,pass=7,op=O7_MA_LOAD_TRANSFER,accepted=false,recoveryGain=true,qGain=-1.0,fe=498040
formalLocal:outer=61,slot=6,pass=7,op=O8_MA_WEAK_TO_STRONG,accepted=false,recoveryGain=true,qGain=-0.11948862822997004,fe=498041
formalLocal:outer=61,slot=6,pass=7,op=O9_MA_SWAP,accepted=false,recoveryGain=true,qGain=-1.0,fe=498042
formalLocal:outer=61,slot=6,pass=8,op=O1_JS_INSERT,accepted=true,recoveryGain=true,qGain=0.023717015794917994,fe=498043
formalLocal:outer=61,slot=6,pass=8,op=O2_JS_REVERSE,accepted=false,recoveryGain=true,qGain=-1.0,fe=498044
formalLocal:outer=61,slot=6,pass=8,op=O3_JS_SWAP,accepted=false,recoveryGain=true,qGain=-0.5231580957291752,fe=498045
formalLocal:outer=61,slot=6,pass=8,op=O4_WA_LOAD_TRANSFER,accepted=false,recoveryGain=true,qGain=-1.0,fe=498046
formalLocal:outer=61,slot=6,pass=8,op=O5_WA_WEAK_TO_STRONG,accepted=false,recoveryGain=true,qGain=-0.8513124226769814,fe=498047
formalLocal:outer=61,slot=6,pass=8,op=O6_WA_SWAP,accepted=false,recoveryGain=true,qGain=-1.0,fe=498048
formalLocal:outer=61,slot=6,pass=8,op=O7_MA_LOAD_TRANSFER,accepted=false,recoveryGain=true,qGain=-1.0,fe=498049
formalLocal:outer=61,slot=6,pass=8,op=O8_MA_WEAK_TO_STRONG,accepted=false,recoveryGain=true,qGain=-0.253851376783141,fe=498050
formalLocal:outer=61,slot=6,pass=8,op=O9_MA_SWAP,accepted=false,recoveryGain=true,qGain=-1.0,fe=498051
formalLocal:outer=61,slot=6,pass=9,op=O1_JS_INSERT,accepted=false,recoveryGain=true,qGain=-0.6508663002645773,fe=498052
formalLocal:outer=61,slot=6,pass=9,op=O2_JS_REVERSE,accepted=false,recoveryGain=true,qGain=-1.0,fe=498053
formalLocal:outer=61,slot=6,pass=9,op=O3_JS_SWAP,accepted=false,recoveryGain=true,qGain=-1.0,fe=498054
formalLocal:outer=61,slot=6,pass=9,op=O4_WA_LOAD_TRANSFER,accepted=false,recoveryGain=true,qGain=-1.0,fe=498055
formalLocal:outer=61,slot=6,pass=9,op=O5_WA_WEAK_TO_STRONG,accepted=false,recoveryGain=true,qGain=-0.8513124226769814,fe=498056
formalLocal:outer=61,slot=6,pass=9,op=O6_WA_SWAP,accepted=false,recoveryGain=true,qGain=-1.0,fe=498057
formalLocal:outer=61,slot=6,pass=9,op=O7_MA_LOAD_TRANSFER,accepted=false,recoveryGain=true,qGain=-1.0,fe=498058
formalLocal:outer=61,slot=6,pass=9,op=O8_MA_WEAK_TO_STRONG,accepted=false,recoveryGain=true,qGain=-0.253851376783141,fe=498059
formalLocal:outer=61,slot=6,pass=9,op=O9_MA_SWAP,accepted=false,recoveryGain=true,qGain=-1.0,fe=498060
formalLocal:outer=61,slot=6,pass=10,op=O1_JS_INSERT,accepted=false,recoveryGain=true,qGain=-1.0,fe=498061
formalLocal:outer=61,slot=6,pass=10,op=O2_JS_REVERSE,accepted=false,recoveryGain=true,qGain=-1.0,fe=498062
formalLocal:outer=61,slot=6,pass=10,op=O3_JS_SWAP,accepted=false,recoveryGain=true,qGain=-0.10637087837208345,fe=498063
formalLocal:outer=61,slot=6,pass=10,op=O4_WA_LOAD_TRANSFER,accepted=false,recoveryGain=true,qGain=-1.0,fe=498064
formalLocal:outer=61,slot=6,pass=10,op=O5_WA_WEAK_TO_STRONG,accepted=false,recoveryGain=true,qGain=-0.8513124226769814,fe=498065
formalLocal:outer=61,slot=6,pass=10,op=O6_WA_SWAP,accepted=false,recoveryGain=true,qGain=-1.0,fe=498066
formalLocal:outer=61,slot=6,pass=10,op=O7_MA_LOAD_TRANSFER,accepted=false,recoveryGain=true,qGain=-1.0,fe=498067
formalLocal:outer=61,slot=6,pass=10,op=O8_MA_WEAK_TO_STRONG,accepted=false,recoveryGain=true,qGain=-0.253851376783141,fe=498068
formalLocal:outer=61,slot=6,pass=10,op=O9_MA_SWAP,accepted=false,recoveryGain=true,qGain=-1.0,fe=498069
formalLocal:outer=61,slot=6,pass=11,op=O1_JS_INSERT,accepted=false,recoveryGain=true,qGain=-0.4463659989137299,fe=498070
formalLocal:outer=61,slot=6,pass=11,op=O2_JS_REVERSE,accepted=false,recoveryGain=true,qGain=-1.0,fe=498071
formalLocal:outer=61,slot=6,pass=11,op=O3_JS_SWAP,accepted=false,recoveryGain=true,qGain=-0.014199446420026343,fe=498072
formalLocal:outer=61,slot=6,pass=11,op=O4_WA_LOAD_TRANSFER,accepted=false,recoveryGain=true,qGain=-1.0,fe=498073
formalLocal:outer=61,slot=6,pass=11,op=O5_WA_WEAK_TO_STRONG,accepted=false,recoveryGain=true,qGain=-0.8513124226769814,fe=498074
formalLocal:outer=61,slot=6,pass=11,op=O6_WA_SWAP,accepted=false,recoveryGain=true,qGain=-1.0,fe=498075
formalLocal:outer=61,slot=6,pass=11,op=O7_MA_LOAD_TRANSFER,accepted=false,recoveryGain=true,qGain=-1.0,fe=498076
formalLocal:outer=61,slot=6,pass=11,op=O8_MA_WEAK_TO_STRONG,accepted=false,recoveryGain=true,qGain=-0.253851376783141,fe=498077
formalLocal:outer=61,slot=6,pass=11,op=O9_MA_SWAP,accepted=false,recoveryGain=true,qGain=-1.0,fe=498078
formalLocal:outer=61,slot=6,pass=12,op=O1_JS_INSERT,accepted=false,recoveryGain=true,qGain=-0.422938222934646,fe=498079
formalLocal:outer=61,slot=6,pass=12,op=O2_JS_REVERSE,accepted=false,recoveryGain=true,qGain=-0.07717446788404381,fe=498080
formalLocal:outer=61,slot=6,pass=12,op=O3_JS_SWAP,accepted=false,recoveryGain=true,qGain=-1.0,fe=498081
formalLocal:outer=61,slot=6,pass=12,op=O4_WA_LOAD_TRANSFER,accepted=false,recoveryGain=true,qGain=-1.0,fe=498082
formalLocal:outer=61,slot=6,pass=12,op=O5_WA_WEAK_TO_STRONG,accepted=false,recoveryGain=true,qGain=-0.8513124226769814,fe=498083
formalLocal:outer=61,slot=6,pass=12,op=O6_WA_SWAP,accepted=false,recoveryGain=true,qGain=-1.0,fe=498084
formalLocal:outer=61,slot=6,pass=12,op=O7_MA_LOAD_TRANSFER,accepted=false,recoveryGain=true,qGain=-1.0,fe=498085
formalLocal:outer=61,slot=6,pass=12,op=O8_MA_WEAK_TO_STRONG,accepted=false,recoveryGain=true,qGain=-0.253851376783141,fe=498086
formalLocal:outer=61,slot=6,pass=12,op=O9_MA_SWAP,accepted=false,recoveryGain=true,qGain=-1.0,fe=498087
formalLocal:outer=61,slot=6,pass=13,op=O1_JS_INSERT,accepted=false,recoveryGain=true,qGain=-1.0,fe=498088
formalLocal:outer=61,slot=6,pass=13,op=O2_JS_REVERSE,accepted=false,recoveryGain=true,qGain=-0.3074868001336124,fe=498089
formalLocal:outer=61,slot=6,pass=13,op=O3_JS_SWAP,accepted=false,recoveryGain=true,qGain=-1.0,fe=498090
formalLocal:outer=61,slot=6,pass=13,op=O4_WA_LOAD_TRANSFER,accepted=false,recoveryGain=true,qGain=-1.0,fe=498091
formalLocal:outer=61,slot=6,pass=13,op=O5_WA_WEAK_TO_STRONG,accepted=false,recoveryGain=true,qGain=-0.8513124226769814,fe=498092
formalLocal:outer=61,slot=6,pass=13,op=O6_WA_SWAP,accepted=false,recoveryGain=true,qGain=-1.0,fe=498093
formalLocal:outer=61,slot=6,pass=13,op=O7_MA_LOAD_TRANSFER,accepted=false,recoveryGain=true,qGain=-1.0,fe=498094
formalLocal:outer=61,slot=6,pass=13,op=O8_MA_WEAK_TO_STRONG,accepted=false,recoveryGain=true,qGain=-0.253851376783141,fe=498095
formalLocal:outer=61,slot=6,pass=13,op=O9_MA_SWAP,accepted=false,recoveryGain=true,qGain=-1.0,fe=498096
formalLocal:outer=61,slot=6,pass=14,op=O1_JS_INSERT,accepted=false,recoveryGain=true,qGain=-1.0,fe=498097
formalLocal:outer=61,slot=6,pass=14,op=O2_JS_REVERSE,accepted=false,recoveryGain=true,qGain=-0.11096275897966315,fe=498098
formalLocal:outer=61,slot=6,pass=14,op=O3_JS_SWAP,accepted=false,recoveryGain=true,qGain=-1.0,fe=498099
formalLocal:outer=61,slot=6,pass=14,op=O4_WA_LOAD_TRANSFER,accepted=false,recoveryGain=true,qGain=-1.0,fe=498100
formalLocal:outer=61,slot=6,pass=14,op=O5_WA_WEAK_TO_STRONG,accepted=false,recoveryGain=true,qGain=-0.8513124226769814,fe=498101
formalLocal:outer=61,slot=6,pass=14,op=O6_WA_SWAP,accepted=false,recoveryGain=true,qGain=-1.0,fe=498102
formalLocal:outer=61,slot=6,pass=14,op=O7_MA_LOAD_TRANSFER,accepted=false,recoveryGain=true,qGain=-1.0,fe=498103
formalLocal:outer=61,slot=6,pass=14,op=O8_MA_WEAK_TO_STRONG,accepted=false,recoveryGain=true,qGain=-0.253851376783141,fe=498104
formalLocal:outer=61,slot=6,pass=14,op=O9_MA_SWAP,accepted=false,recoveryGain=true,qGain=-1.0,fe=498105
formalLocal:outer=61,slot=6,pass=15,op=O1_JS_INSERT,accepted=false,recoveryGain=true,qGain=-1.0,fe=498106
formalLocal:outer=61,slot=6,pass=15,op=O2_JS_REVERSE,accepted=false,recoveryGain=true,qGain=-0.10213495071730107,fe=498107
formalLocal:outer=61,slot=6,pass=15,op=O3_JS_SWAP,accepted=false,recoveryGain=true,qGain=-0.001813415422608368,fe=498108
formalLocal:outer=61,slot=6,pass=15,op=O4_WA_LOAD_TRANSFER,accepted=false,recoveryGain=true,qGain=-1.0,fe=498109
formalLocal:outer=61,slot=6,pass=15,op=O5_WA_WEAK_TO_STRONG,accepted=false,recoveryGain=true,qGain=-0.8513124226769814,fe=498110
formalLocal:outer=61,slot=6,pass=15,op=O6_WA_SWAP,accepted=false,recoveryGain=true,qGain=-1.0,fe=498111
formalLocal:outer=61,slot=6,pass=15,op=O7_MA_LOAD_TRANSFER,accepted=false,recoveryGain=true,qGain=-1.0,fe=498112
formalLocal:outer=61,slot=6,pass=15,op=O8_MA_WEAK_TO_STRONG,accepted=false,recoveryGain=true,qGain=-0.253851376783141,fe=498113
formalLocal:outer=61,slot=6,pass=15,op=O9_MA_SWAP,accepted=false,recoveryGain=true,qGain=-1.0,fe=498114
formalLocal:outer=61,slot=6,pass=16,op=O1_JS_INSERT,accepted=false,recoveryGain=true,qGain=-0.5961343975960901,fe=498115
formalLocal:outer=61,slot=6,pass=16,op=O2_JS_REVERSE,accepted=false,recoveryGain=true,qGain=-1.0,fe=498116
formalLocal:outer=61,slot=6,pass=16,op=O3_JS_SWAP,accepted=false,recoveryGain=true,qGain=-1.0,fe=498117
formalLocal:outer=61,slot=6,pass=16,op=O4_WA_LOAD_TRANSFER,accepted=false,recoveryGain=true,qGain=-1.0,fe=498118
formalLocal:outer=61,slot=6,pass=16,op=O5_WA_WEAK_TO_STRONG,accepted=false,recoveryGain=true,qGain=-0.8513124226769814,fe=498119
formalLocal:outer=61,slot=6,pass=16,op=O6_WA_SWAP,accepted=false,recoveryGain=true,qGain=-1.0,fe=498120
formalLocal:outer=61,slot=6,pass=16,op=O7_MA_LOAD_TRANSFER,accepted=false,recoveryGain=true,qGain=-1.0,fe=498121
formalLocal:outer=61,slot=6,pass=16,op=O8_MA_WEAK_TO_STRONG,accepted=false,recoveryGain=true,qGain=-0.253851376783141,fe=498122
formalLocal:outer=61,slot=6,pass=16,op=O9_MA_SWAP,accepted=false,recoveryGain=true,qGain=-1.0,fe=498123
formalLocal:outer=61,slot=6,pass=17,op=O1_JS_INSERT,accepted=false,recoveryGain=true,qGain=-1.0,fe=498124
formalLocal:outer=61,slot=6,pass=17,op=O2_JS_REVERSE,accepted=false,recoveryGain=true,qGain=-1.0,fe=498125
formalLocal:outer=61,slot=6,pass=17,op=O3_JS_SWAP,accepted=false,recoveryGain=true,qGain=-1.0,fe=498126
formalLocal:outer=61,slot=6,pass=17,op=O4_WA_LOAD_TRANSFER,accepted=false,recoveryGain=true,qGain=-1.0,fe=498127
formalLocal:outer=61,slot=6,pass=17,op=O5_WA_WEAK_TO_STRONG,accepted=false,recoveryGain=true,qGain=-0.8513124226769814,fe=498128
formalLocal:outer=61,slot=6,pass=17,op=O6_WA_SWAP,accepted=false,recoveryGain=true,qGain=-1.0,fe=498129
formalLocal:outer=61,slot=6,pass=17,op=O7_MA_LOAD_TRANSFER,accepted=false,recoveryGain=true,qGain=-1.0,fe=498130
formalLocal:outer=61,slot=6,pass=17,op=O8_MA_WEAK_TO_STRONG,accepted=false,recoveryGain=true,qGain=-0.253851376783141,fe=498131
formalLocal:outer=61,slot=6,pass=17,op=O9_MA_SWAP,accepted=false,recoveryGain=true,qGain=-1.0,fe=498132
formalLocal:outer=61,slot=6,pass=18,op=O1_JS_INSERT,accepted=false,recoveryGain=true,qGain=-1.0,fe=498133
formalLocal:outer=61,slot=6,pass=18,op=O2_JS_REVERSE,accepted=false,recoveryGain=true,qGain=-1.0,fe=498134
formalLocal:outer=61,slot=6,pass=18,op=O3_JS_SWAP,accepted=false,recoveryGain=true,qGain=-1.0,fe=498135
formalLocal:outer=61,slot=6,pass=18,op=O4_WA_LOAD_TRANSFER,accepted=false,recoveryGain=true,qGain=-1.0,fe=498136
formalLocal:outer=61,slot=6,pass=18,op=O5_WA_WEAK_TO_STRONG,accepted=false,recoveryGain=true,qGain=-0.8513124226769814,fe=498137
formalLocal:outer=61,slot=6,pass=18,op=O6_WA_SWAP,accepted=false,recoveryGain=true,qGain=-1.0,fe=498138
formalLocal:outer=61,slot=6,pass=18,op=O7_MA_LOAD_TRANSFER,accepted=false,recoveryGain=true,qGain=-1.0,fe=498139
formalLocal:outer=61,slot=6,pass=18,op=O8_MA_WEAK_TO_STRONG,accepted=false,recoveryGain=true,qGain=-0.253851376783141,fe=498140
formalLocal:outer=61,slot=6,pass=18,op=O9_MA_SWAP,accepted=false,recoveryGain=true,qGain=-1.0,fe=498141
formalLocal:outer=61,slot=6,pass=19,op=O1_JS_INSERT,accepted=false,recoveryGain=true,qGain=-1.0,fe=498142
formalLocal:outer=61,slot=6,pass=19,op=O2_JS_REVERSE,accepted=false,recoveryGain=true,qGain=-1.0,fe=498143
formalLocal:outer=61,slot=6,pass=19,op=O3_JS_SWAP,accepted=false,recoveryGain=true,qGain=-1.0,fe=498144
formalLocal:outer=61,slot=6,pass=19,op=O4_WA_LOAD_TRANSFER,accepted=false,recoveryGain=true,qGain=-1.0,fe=498145
formalLocal:outer=61,slot=6,pass=19,op=O5_WA_WEAK_TO_STRONG,accepted=false,recoveryGain=true,qGain=-0.8513124226769814,fe=498146
formalLocal:outer=61,slot=6,pass=19,op=O6_WA_SWAP,accepted=false,recoveryGain=true,qGain=-1.0,fe=498147
formalLocal:outer=61,slot=6,pass=19,op=O7_MA_LOAD_TRANSFER,accepted=false,recoveryGain=true,qGain=-1.0,fe=498148
formalLocal:outer=61,slot=6,pass=19,op=O8_MA_WEAK_TO_STRONG,accepted=false,recoveryGain=true,qGain=-0.253851376783141,fe=498149
formalLocal:outer=61,slot=6,pass=19,op=O9_MA_SWAP,accepted=false,recoveryGain=true,qGain=-1.0,fe=498150
formalLocal:outer=61,slot=6,pass=20,op=O1_JS_INSERT,accepted=false,recoveryGain=true,qGain=-1.0,fe=498151
formalLocal:outer=61,slot=6,pass=20,op=O2_JS_REVERSE,accepted=false,recoveryGain=true,qGain=-1.0,fe=498152
formalLocal:outer=61,slot=6,pass=20,op=O3_JS_SWAP,accepted=false,recoveryGain=true,qGain=-1.0,fe=498153
formalLocal:outer=61,slot=6,pass=20,op=O4_WA_LOAD_TRANSFER,accepted=false,recoveryGain=true,qGain=-1.0,fe=498154
formalLocal:outer=61,slot=6,pass=20,op=O5_WA_WEAK_TO_STRONG,accepted=false,recoveryGain=true,qGain=-0.8513124226769814,fe=498155
formalLocal:outer=61,slot=6,pass=20,op=O6_WA_SWAP,accepted=false,recoveryGain=true,qGain=-1.0,fe=498156
formalLocal:outer=61,slot=6,pass=20,op=O7_MA_LOAD_TRANSFER,accepted=false,recoveryGain=true,qGain=-1.0,fe=498157
formalLocal:outer=61,slot=6,pass=20,op=O8_MA_WEAK_TO_STRONG,accepted=false,recoveryGain=true,qGain=-0.253851376783141,fe=498158
formalLocal:outer=61,slot=6,pass=20,op=O9_MA_SWAP,accepted=false,recoveryGain=true,qGain=-1.0,fe=498159
formalLocal:outer=61,slot=6,pass=21,op=O1_JS_INSERT,accepted=false,recoveryGain=true,qGain=-0.9131958943828207,fe=498160
formalLocal:outer=61,slot=6,pass=21,op=O2_JS_REVERSE,accepted=false,recoveryGain=true,qGain=-1.0,fe=498161
formalLocal:outer=61,slot=6,pass=21,op=O3_JS_SWAP,accepted=false,recoveryGain=true,qGain=-1.0,fe=498162
formalLocal:outer=61,slot=6,pass=21,op=O4_WA_LOAD_TRANSFER,accepted=false,recoveryGain=true,qGain=-1.0,fe=498163
formalLocal:outer=61,slot=6,pass=21,op=O5_WA_WEAK_TO_STRONG,accepted=false,recoveryGain=true,qGain=-0.8513124226769814,fe=498164
formalLocal:outer=61,slot=6,pass=21,op=O6_WA_SWAP,accepted=false,recoveryGain=true,qGain=-1.0,fe=498165
formalLocal:outer=61,slot=6,pass=21,op=O7_MA_LOAD_TRANSFER,accepted=false,recoveryGain=true,qGain=-1.0,fe=498166
formalLocal:outer=61,slot=6,pass=21,op=O8_MA_WEAK_TO_STRONG,accepted=false,recoveryGain=true,qGain=-0.253851376783141,fe=498167
formalLocal:outer=61,slot=6,pass=21,op=O9_MA_SWAP,accepted=false,recoveryGain=true,qGain=-1.0,fe=498168
formalLocal:outer=61,slot=6,pass=22,op=O1_JS_INSERT,accepted=false,recoveryGain=true,qGain=-0.1189080693820312,fe=498169
formalLocal:outer=61,slot=6,pass=22,op=O2_JS_REVERSE,accepted=false,recoveryGain=true,qGain=-0.1939720865955612,fe=498170
formalLocal:outer=61,slot=6,pass=22,op=O3_JS_SWAP,accepted=false,recoveryGain=true,qGain=-0.10586135615731035,fe=498171
formalLocal:outer=61,slot=6,pass=22,op=O4_WA_LOAD_TRANSFER,accepted=false,recoveryGain=true,qGain=-1.0,fe=498172
formalLocal:outer=61,slot=6,pass=22,op=O5_WA_WEAK_TO_STRONG,accepted=false,recoveryGain=true,qGain=-0.8513124226769814,fe=498173
formalLocal:outer=61,slot=6,pass=22,op=O6_WA_SWAP,accepted=false,recoveryGain=true,qGain=-1.0,fe=498174
formalLocal:outer=61,slot=6,pass=22,op=O7_MA_LOAD_TRANSFER,accepted=false,recoveryGain=true,qGain=-1.0,fe=498175
formalLocal:outer=61,slot=6,pass=22,op=O8_MA_WEAK_TO_STRONG,accepted=false,recoveryGain=true,qGain=-0.253851376783141,fe=498176
formalLocal:outer=61,slot=6,pass=22,op=O9_MA_SWAP,accepted=false,recoveryGain=true,qGain=-1.0,fe=498177
formalLocal:outer=61,slot=6,pass=23,op=O1_JS_INSERT,accepted=false,recoveryGain=true,qGain=-0.095284417676677,fe=498178
formalLocal:outer=61,slot=6,pass=23,op=O2_JS_REVERSE,accepted=false,recoveryGain=true,qGain=-1.0,fe=498179
formalLocal:outer=61,slot=6,pass=23,op=O3_JS_SWAP,accepted=false,recoveryGain=true,qGain=-0.9220936699672465,fe=498180
formalLocal:outer=61,slot=6,pass=23,op=O4_WA_LOAD_TRANSFER,accepted=false,recoveryGain=true,qGain=-1.0,fe=498181
formalLocal:outer=61,slot=6,pass=23,op=O5_WA_WEAK_TO_STRONG,accepted=false,recoveryGain=true,qGain=-0.8513124226769814,fe=498182
formalLocal:outer=61,slot=6,pass=23,op=O6_WA_SWAP,accepted=false,recoveryGain=true,qGain=-1.0,fe=498183
formalLocal:outer=61,slot=6,pass=23,op=O7_MA_LOAD_TRANSFER,accepted=false,recoveryGain=true,qGain=-1.0,fe=498184
formalLocal:outer=61,slot=6,pass=23,op=O8_MA_WEAK_TO_STRONG,accepted=false,recoveryGain=true,qGain=-0.253851376783141,fe=498185
formalLocal:outer=61,slot=6,pass=23,op=O9_MA_SWAP,accepted=false,recoveryGain=true,qGain=-1.0,fe=498186
formalLocal:outer=61,slot=6,pass=24,op=O1_JS_INSERT,accepted=false,recoveryGain=true,qGain=-1.0,fe=498187
formalLocal:outer=61,slot=6,pass=24,op=O2_JS_REVERSE,accepted=false,recoveryGain=true,qGain=-1.0,fe=498188
formalLocal:outer=61,slot=6,pass=24,op=O3_JS_SWAP,accepted=false,recoveryGain=true,qGain=-0.5454535574998739,fe=498189
formalLocal:outer=61,slot=6,pass=24,op=O4_WA_LOAD_TRANSFER,accepted=false,recoveryGain=true,qGain=-1.0,fe=498190
formalLocal:outer=61,slot=6,pass=24,op=O5_WA_WEAK_TO_STRONG,accepted=false,recoveryGain=true,qGain=-0.8513124226769814,fe=498191
formalLocal:outer=61,slot=6,pass=24,op=O6_WA_SWAP,accepted=false,recoveryGain=true,qGain=-1.0,fe=498192
formalLocal:outer=61,slot=6,pass=24,op=O7_MA_LOAD_TRANSFER,accepted=false,recoveryGain=true,qGain=-1.0,fe=498193
formalLocal:outer=61,slot=6,pass=24,op=O8_MA_WEAK_TO_STRONG,accepted=false,recoveryGain=true,qGain=-0.253851376783141,fe=498194
formalLocal:outer=61,slot=6,pass=24,op=O9_MA_SWAP,accepted=false,recoveryGain=true,qGain=-1.0,fe=498195
formalLocal:outer=61,slot=6,pass=25,op=O1_JS_INSERT,accepted=false,recoveryGain=true,qGain=-0.19874877659496534,fe=498196
formalLocal:outer=61,slot=6,pass=25,op=O2_JS_REVERSE,accepted=false,recoveryGain=true,qGain=-1.0,fe=498197
formalLocal:outer=61,slot=6,pass=25,op=O3_JS_SWAP,accepted=false,recoveryGain=true,qGain=-0.08933208993525726,fe=498198
formalLocal:outer=61,slot=6,pass=25,op=O4_WA_LOAD_TRANSFER,accepted=false,recoveryGain=true,qGain=-1.0,fe=498199
formalLocal:outer=61,slot=6,pass=25,op=O5_WA_WEAK_TO_STRONG,accepted=false,recoveryGain=true,qGain=-0.8513124226769814,fe=498200
formalLocal:outer=61,slot=6,pass=25,op=O6_WA_SWAP,accepted=false,recoveryGain=true,qGain=-1.0,fe=498201
formalLocal:outer=61,slot=6,pass=25,op=O7_MA_LOAD_TRANSFER,accepted=false,recoveryGain=true,qGain=-1.0,fe=498202
formalLocal:outer=61,slot=6,pass=25,op=O8_MA_WEAK_TO_STRONG,accepted=false,recoveryGain=true,qGain=-0.253851376783141,fe=498203
formalLocal:outer=61,slot=6,pass=25,op=O9_MA_SWAP,accepted=false,recoveryGain=true,qGain=-1.0,fe=498204
formalLocal:outer=61,slot=6,pass=26,op=O1_JS_INSERT,accepted=false,recoveryGain=true,qGain=-1.0,fe=498205
formalLocal:outer=61,slot=6,pass=26,op=O2_JS_REVERSE,accepted=false,recoveryGain=true,qGain=-1.0,fe=498206
formalLocal:outer=61,slot=6,pass=26,op=O3_JS_SWAP,accepted=false,recoveryGain=true,qGain=-0.034368390569266306,fe=498207
formalLocal:outer=61,slot=6,pass=26,op=O4_WA_LOAD_TRANSFER,accepted=false,recoveryGain=true,qGain=-1.0,fe=498208
formalLocal:outer=61,slot=6,pass=26,op=O5_WA_WEAK_TO_STRONG,accepted=false,recoveryGain=true,qGain=-0.8513124226769814,fe=498209
formalLocal:outer=61,slot=6,pass=26,op=O6_WA_SWAP,accepted=false,recoveryGain=true,qGain=-1.0,fe=498210
formalLocal:outer=61,slot=6,pass=26,op=O7_MA_LOAD_TRANSFER,accepted=false,recoveryGain=true,qGain=-1.0,fe=498211
formalLocal:outer=61,slot=6,pass=26,op=O8_MA_WEAK_TO_STRONG,accepted=false,recoveryGain=true,qGain=-0.253851376783141,fe=498212
formalLocal:outer=61,slot=6,pass=26,op=O9_MA_SWAP,accepted=false,recoveryGain=true,qGain=-1.0,fe=498213
formalLocal:outer=61,slot=6,pass=27,op=O1_JS_INSERT,accepted=false,recoveryGain=true,qGain=-0.12650190656879243,fe=498214
formalLocal:outer=61,slot=6,pass=27,op=O2_JS_REVERSE,accepted=false,recoveryGain=true,qGain=-1.0,fe=498215
formalLocal:outer=61,slot=6,pass=27,op=O3_JS_SWAP,accepted=false,recoveryGain=true,qGain=-1.0,fe=498216
formalLocal:outer=61,slot=6,pass=27,op=O4_WA_LOAD_TRANSFER,accepted=false,recoveryGain=true,qGain=-1.0,fe=498217
formalLocal:outer=61,slot=6,pass=27,op=O5_WA_WEAK_TO_STRONG,accepted=false,recoveryGain=true,qGain=-0.8513124226769814,fe=498218
formalLocal:outer=61,slot=6,pass=27,op=O6_WA_SWAP,accepted=false,recoveryGain=true,qGain=-1.0,fe=498219
formalLocal:outer=61,slot=6,pass=27,op=O7_MA_LOAD_TRANSFER,accepted=false,recoveryGain=true,qGain=-1.0,fe=498220
formalLocal:outer=61,slot=6,pass=27,op=O8_MA_WEAK_TO_STRONG,accepted=false,recoveryGain=true,qGain=-0.253851376783141,fe=498221
formalLocal:outer=61,slot=6,pass=27,op=O9_MA_SWAP,accepted=false,recoveryGain=true,qGain=-1.0,fe=498222
formalLocal:outer=61,slot=6,pass=28,op=O1_JS_INSERT,accepted=false,recoveryGain=true,qGain=-0.44439618332586855,fe=498223
formalLocal:outer=61,slot=6,pass=28,op=O2_JS_REVERSE,accepted=false,recoveryGain=true,qGain=-1.0,fe=498224
formalLocal:outer=61,slot=6,pass=28,op=O3_JS_SWAP,accepted=false,recoveryGain=true,qGain=-1.0,fe=498225
formalLocal:outer=61,slot=6,pass=28,op=O4_WA_LOAD_TRANSFER,accepted=false,recoveryGain=true,qGain=-1.0,fe=498226
formalLocal:outer=61,slot=6,pass=28,op=O5_WA_WEAK_TO_STRONG,accepted=false,recoveryGain=true,qGain=-0.8513124226769814,fe=498227
formalLocal:outer=61,slot=6,pass=28,op=O6_WA_SWAP,accepted=false,recoveryGain=true,qGain=-1.0,fe=498228
formalLocal:outer=61,slot=6,pass=28,op=O7_MA_LOAD_TRANSFER,accepted=false,recoveryGain=true,qGain=-1.0,fe=498229
formalLocal:outer=61,slot=6,pass=28,op=O8_MA_WEAK_TO_STRONG,accepted=false,recoveryGain=true,qGain=-0.253851376783141,fe=498230
formalLocal:outer=61,slot=6,pass=28,op=O9_MA_SWAP,accepted=false,recoveryGain=true,qGain=-1.0,fe=498231
formalLocal:outer=61,slot=6,pass=29,op=O1_JS_INSERT,accepted=false,recoveryGain=true,qGain=0.0,fe=498232
formalLocal:outer=61,slot=6,pass=29,op=O2_JS_REVERSE,accepted=false,recoveryGain=true,qGain=-1.0,fe=498233
formalLocal:outer=61,slot=6,pass=29,op=O3_JS_SWAP,accepted=false,recoveryGain=true,qGain=-0.3037139265359556,fe=498234
formalLocal:outer=61,slot=6,pass=29,op=O4_WA_LOAD_TRANSFER,accepted=false,recoveryGain=true,qGain=-1.0,fe=498235
formalLocal:outer=61,slot=6,pass=29,op=O5_WA_WEAK_TO_STRONG,accepted=false,recoveryGain=true,qGain=-0.8513124226769814,fe=498236
formalLocal:outer=61,slot=6,pass=29,op=O6_WA_SWAP,accepted=false,recoveryGain=true,qGain=-1.0,fe=498237
formalLocal:outer=61,slot=6,pass=29,op=O7_MA_LOAD_TRANSFER,accepted=false,recoveryGain=true,qGain=-1.0,fe=498238
formalLocal:outer=61,slot=6,pass=29,op=O8_MA_WEAK_TO_STRONG,accepted=false,recoveryGain=true,qGain=-0.253851376783141,fe=498239
formalLocal:outer=61,slot=6,pass=29,op=O9_MA_SWAP,accepted=false,recoveryGain=true,qGain=-1.0,fe=498240
formalLocal:outer=61,slot=7,op=CRITICAL_FACTORY_SWAP,accepted=false,fe=498241
formalLocal:outer=61,slot=7,op=CRITICAL_FACTORY_INSERT,accepted=false,fe=498242
formalLocal:outer=61,slot=7,pass=0,op=O1_JS_INSERT,accepted=false,recoveryGain=true,qGain=-0.7488768181102722,fe=498243
formalLocal:outer=61,slot=7,pass=0,op=O2_JS_REVERSE,accepted=false,recoveryGain=true,qGain=-0.4005954042136096,fe=498244
formalLocal:outer=61,slot=7,pass=0,op=O3_JS_SWAP,accepted=false,recoveryGain=true,qGain=-0.005485172726542193,fe=498245
formalLocal:outer=61,slot=7,pass=0,op=O4_WA_LOAD_TRANSFER,accepted=false,recoveryGain=true,qGain=-0.36059022281407666,fe=498246
formalLocal:outer=61,slot=7,pass=0,op=O5_WA_WEAK_TO_STRONG,accepted=false,recoveryGain=true,qGain=-0.006091083722223444,fe=498247
formalLocal:outer=61,slot=7,pass=0,op=O6_WA_SWAP,accepted=true,recoveryGain=true,qGain=0.014056829609841219,fe=498248
formalLocal:outer=61,slot=7,pass=0,op=O7_MA_LOAD_TRANSFER,accepted=false,recoveryGain=true,qGain=-0.038839822508004065,fe=498249
formalLocal:outer=61,slot=7,pass=0,op=O8_MA_WEAK_TO_STRONG,accepted=false,recoveryGain=true,qGain=-0.4233702381406368,fe=498250
formalLocal:outer=61,slot=7,pass=0,op=O9_MA_SWAP,accepted=false,recoveryGain=true,qGain=-0.23008852508351105,fe=498251
formalLocal:outer=61,slot=7,pass=1,op=O1_JS_INSERT,accepted=false,recoveryGain=true,qGain=-0.2826725570849789,fe=498252
formalLocal:outer=61,slot=7,pass=1,op=O2_JS_REVERSE,accepted=false,recoveryGain=true,qGain=-1.0,fe=498253
formalLocal:outer=61,slot=7,pass=1,op=O3_JS_SWAP,accepted=false,recoveryGain=true,qGain=-0.5985924925398008,fe=498254
formalLocal:outer=61,slot=7,pass=1,op=O4_WA_LOAD_TRANSFER,accepted=false,recoveryGain=true,qGain=-0.3747807451228031,fe=498255
formalLocal:outer=61,slot=7,pass=1,op=O5_WA_WEAK_TO_STRONG,accepted=false,recoveryGain=true,qGain=-0.2756682635503822,fe=498256
formalLocal:outer=61,slot=7,pass=1,op=O6_WA_SWAP,accepted=false,recoveryGain=true,qGain=-0.01425724122038254,fe=498257
formalLocal:outer=61,slot=7,pass=1,op=O7_MA_LOAD_TRANSFER,accepted=false,recoveryGain=true,qGain=-0.038839822508004065,fe=498258
formalLocal:outer=61,slot=7,pass=1,op=O8_MA_WEAK_TO_STRONG,accepted=false,recoveryGain=true,qGain=-0.4233702381406368,fe=498259
formalLocal:outer=61,slot=7,pass=1,op=O9_MA_SWAP,accepted=false,recoveryGain=true,qGain=-0.23008852508351105,fe=498260
formalLocal:outer=61,slot=7,pass=2,op=O1_JS_INSERT,accepted=false,recoveryGain=true,qGain=-0.11404488332319904,fe=498261
formalLocal:outer=61,slot=7,pass=2,op=O2_JS_REVERSE,accepted=false,recoveryGain=true,qGain=0.0,fe=498262
formalLocal:outer=61,slot=7,pass=2,op=O3_JS_SWAP,accepted=false,recoveryGain=true,qGain=-0.32037132689724573,fe=498263
formalLocal:outer=61,slot=7,pass=2,op=O4_WA_LOAD_TRANSFER,accepted=false,recoveryGain=true,qGain=-0.3747807451228031,fe=498264
formalLocal:outer=61,slot=7,pass=2,op=O5_WA_WEAK_TO_STRONG,accepted=false,recoveryGain=true,qGain=-0.2756682635503822,fe=498265
formalLocal:outer=61,slot=7,pass=2,op=O6_WA_SWAP,accepted=false,recoveryGain=true,qGain=-0.01425724122038254,fe=498266
formalLocal:outer=61,slot=7,pass=2,op=O7_MA_LOAD_TRANSFER,accepted=false,recoveryGain=true,qGain=-0.038839822508004065,fe=498267
formalLocal:outer=61,slot=7,pass=2,op=O8_MA_WEAK_TO_STRONG,accepted=false,recoveryGain=true,qGain=-0.4233702381406368,fe=498268
formalLocal:outer=61,slot=7,pass=2,op=O9_MA_SWAP,accepted=false,recoveryGain=true,qGain=-0.23008852508351105,fe=498269
formalLocal:outer=61,slot=7,pass=3,op=O1_JS_INSERT,accepted=false,recoveryGain=true,qGain=-0.00611030136284001,fe=498270
formalLocal:outer=61,slot=7,pass=3,op=O2_JS_REVERSE,accepted=false,recoveryGain=true,qGain=-1.0,fe=498271
formalLocal:outer=61,slot=7,pass=3,op=O3_JS_SWAP,accepted=false,recoveryGain=true,qGain=-0.25571313054240896,fe=498272
formalLocal:outer=61,slot=7,pass=3,op=O4_WA_LOAD_TRANSFER,accepted=false,recoveryGain=true,qGain=-0.3747807451228031,fe=498273
formalLocal:outer=61,slot=7,pass=3,op=O5_WA_WEAK_TO_STRONG,accepted=false,recoveryGain=true,qGain=-0.2756682635503822,fe=498274
formalLocal:outer=61,slot=7,pass=3,op=O6_WA_SWAP,accepted=false,recoveryGain=true,qGain=-0.01425724122038254,fe=498275
formalLocal:outer=61,slot=7,pass=3,op=O7_MA_LOAD_TRANSFER,accepted=false,recoveryGain=true,qGain=-0.038839822508004065,fe=498276
formalLocal:outer=61,slot=7,pass=3,op=O8_MA_WEAK_TO_STRONG,accepted=false,recoveryGain=true,qGain=-0.4233702381406368,fe=498277
formalLocal:outer=61,slot=7,pass=3,op=O9_MA_SWAP,accepted=false,recoveryGain=true,qGain=-0.23008852508351105,fe=498278
formalLocal:outer=61,slot=7,pass=4,op=O1_JS_INSERT,accepted=false,recoveryGain=true,qGain=-0.36659880481615403,fe=498279
formalLocal:outer=61,slot=7,pass=4,op=O2_JS_REVERSE,accepted=false,recoveryGain=true,qGain=-0.20113409515522257,fe=498280
formalLocal:outer=61,slot=7,pass=4,op=O3_JS_SWAP,accepted=false,recoveryGain=true,qGain=-0.5415468414769969,fe=498281
formalLocal:outer=61,slot=7,pass=4,op=O4_WA_LOAD_TRANSFER,accepted=false,recoveryGain=true,qGain=-0.3747807451228031,fe=498282
formalLocal:outer=61,slot=7,pass=4,op=O5_WA_WEAK_TO_STRONG,accepted=false,recoveryGain=true,qGain=-0.2756682635503822,fe=498283
formalLocal:outer=61,slot=7,pass=4,op=O6_WA_SWAP,accepted=false,recoveryGain=true,qGain=-0.01425724122038254,fe=498284
formalLocal:outer=61,slot=7,pass=4,op=O7_MA_LOAD_TRANSFER,accepted=false,recoveryGain=true,qGain=-0.038839822508004065,fe=498285
formalLocal:outer=61,slot=7,pass=4,op=O8_MA_WEAK_TO_STRONG,accepted=false,recoveryGain=true,qGain=-0.4233702381406368,fe=498286
formalLocal:outer=61,slot=7,pass=4,op=O9_MA_SWAP,accepted=false,recoveryGain=true,qGain=-0.23008852508351105,fe=498287
formalLocal:outer=61,slot=7,pass=5,op=O1_JS_INSERT,accepted=false,recoveryGain=true,qGain=-0.151304551532321,fe=498288
formalLocal:outer=61,slot=7,pass=5,op=O2_JS_REVERSE,accepted=false,recoveryGain=true,qGain=-0.8098435643761513,fe=498289
formalLocal:outer=61,slot=7,pass=5,op=O3_JS_SWAP,accepted=false,recoveryGain=true,qGain=-0.21165705084108788,fe=498290
formalLocal:outer=61,slot=7,pass=5,op=O4_WA_LOAD_TRANSFER,accepted=false,recoveryGain=true,qGain=-0.3747807451228031,fe=498291
formalLocal:outer=61,slot=7,pass=5,op=O5_WA_WEAK_TO_STRONG,accepted=false,recoveryGain=true,qGain=-0.2756682635503822,fe=498292
formalLocal:outer=61,slot=7,pass=5,op=O6_WA_SWAP,accepted=false,recoveryGain=true,qGain=-0.01425724122038254,fe=498293
formalLocal:outer=61,slot=7,pass=5,op=O7_MA_LOAD_TRANSFER,accepted=false,recoveryGain=true,qGain=-0.038839822508004065,fe=498294
formalLocal:outer=61,slot=7,pass=5,op=O8_MA_WEAK_TO_STRONG,accepted=false,recoveryGain=true,qGain=-0.4233702381406368,fe=498295
formalLocal:outer=61,slot=7,pass=5,op=O9_MA_SWAP,accepted=false,recoveryGain=true,qGain=-0.23008852508351105,fe=498296
formalLocal:outer=61,slot=7,pass=6,op=O1_JS_INSERT,accepted=false,recoveryGain=true,qGain=-0.3112100814834125,fe=498297
formalLocal:outer=61,slot=7,pass=6,op=O2_JS_REVERSE,accepted=false,recoveryGain=true,qGain=-1.0,fe=498298
formalLocal:outer=61,slot=7,pass=6,op=O3_JS_SWAP,accepted=false,recoveryGain=true,qGain=-0.42126097789240907,fe=498299
formalLocal:outer=61,slot=7,pass=6,op=O4_WA_LOAD_TRANSFER,accepted=false,recoveryGain=true,qGain=-0.3747807451228031,fe=498300
formalLocal:outer=61,slot=7,pass=6,op=O5_WA_WEAK_TO_STRONG,accepted=false,recoveryGain=true,qGain=-0.2756682635503822,fe=498301
formalLocal:outer=61,slot=7,pass=6,op=O6_WA_SWAP,accepted=false,recoveryGain=true,qGain=-0.01425724122038254,fe=498302
formalLocal:outer=61,slot=7,pass=6,op=O7_MA_LOAD_TRANSFER,accepted=false,recoveryGain=true,qGain=-0.038839822508004065,fe=498303
formalLocal:outer=61,slot=7,pass=6,op=O8_MA_WEAK_TO_STRONG,accepted=false,recoveryGain=true,qGain=-0.4233702381406368,fe=498304
formalLocal:outer=61,slot=7,pass=6,op=O9_MA_SWAP,accepted=false,recoveryGain=true,qGain=-0.23008852508351105,fe=498305
formalLocal:outer=61,slot=7,pass=7,op=O1_JS_INSERT,accepted=false,recoveryGain=true,qGain=-0.6375556030585234,fe=498306
formalLocal:outer=61,slot=7,pass=7,op=O2_JS_REVERSE,accepted=false,recoveryGain=true,qGain=-0.7885052451704839,fe=498307
formalLocal:outer=61,slot=7,pass=7,op=O3_JS_SWAP,accepted=false,recoveryGain=true,qGain=-0.7435062306348498,fe=498308
formalLocal:outer=61,slot=7,pass=7,op=O4_WA_LOAD_TRANSFER,accepted=false,recoveryGain=true,qGain=-0.3747807451228031,fe=498309
formalLocal:outer=61,slot=7,pass=7,op=O5_WA_WEAK_TO_STRONG,accepted=false,recoveryGain=true,qGain=-0.2756682635503822,fe=498310
formalLocal:outer=61,slot=7,pass=7,op=O6_WA_SWAP,accepted=false,recoveryGain=true,qGain=-0.01425724122038254,fe=498311
formalLocal:outer=61,slot=7,pass=7,op=O7_MA_LOAD_TRANSFER,accepted=false,recoveryGain=true,qGain=-0.038839822508004065,fe=498312
formalLocal:outer=61,slot=7,pass=7,op=O8_MA_WEAK_TO_STRONG,accepted=false,recoveryGain=true,qGain=-0.4233702381406368,fe=498313
formalLocal:outer=61,slot=7,pass=7,op=O9_MA_SWAP,accepted=false,recoveryGain=true,qGain=-0.23008852508351105,fe=498314
formalLocal:outer=61,slot=7,pass=8,op=O1_JS_INSERT,accepted=false,recoveryGain=true,qGain=-0.05572066712614255,fe=498315
formalLocal:outer=61,slot=7,pass=8,op=O2_JS_REVERSE,accepted=false,recoveryGain=true,qGain=-0.09162928463650148,fe=498316
formalLocal:outer=61,slot=7,pass=8,op=O3_JS_SWAP,accepted=false,recoveryGain=true,qGain=-0.18168248038129345,fe=498317
formalLocal:outer=61,slot=7,pass=8,op=O4_WA_LOAD_TRANSFER,accepted=false,recoveryGain=true,qGain=-0.3747807451228031,fe=498318
formalLocal:outer=61,slot=7,pass=8,op=O5_WA_WEAK_TO_STRONG,accepted=false,recoveryGain=true,qGain=-0.2756682635503822,fe=498319
formalLocal:outer=61,slot=7,pass=8,op=O6_WA_SWAP,accepted=false,recoveryGain=true,qGain=-0.01425724122038254,fe=498320
formalLocal:outer=61,slot=7,pass=8,op=O7_MA_LOAD_TRANSFER,accepted=false,recoveryGain=true,qGain=-0.038839822508004065,fe=498321
formalLocal:outer=61,slot=7,pass=8,op=O8_MA_WEAK_TO_STRONG,accepted=false,recoveryGain=true,qGain=-0.4233702381406368,fe=498322
formalLocal:outer=61,slot=7,pass=8,op=O9_MA_SWAP,accepted=false,recoveryGain=true,qGain=-0.23008852508351105,fe=498323
formalLocal:outer=61,slot=7,pass=9,op=O1_JS_INSERT,accepted=false,recoveryGain=true,qGain=0.0,fe=498324
formalLocal:outer=61,slot=7,pass=9,op=O2_JS_REVERSE,accepted=false,recoveryGain=true,qGain=-0.16674078173702028,fe=498325
formalLocal:outer=61,slot=7,pass=9,op=O3_JS_SWAP,accepted=false,recoveryGain=true,qGain=-0.4114040957397069,fe=498326
formalLocal:outer=61,slot=7,pass=9,op=O4_WA_LOAD_TRANSFER,accepted=false,recoveryGain=true,qGain=-0.3747807451228031,fe=498327
formalLocal:outer=61,slot=7,pass=9,op=O5_WA_WEAK_TO_STRONG,accepted=false,recoveryGain=true,qGain=-0.2756682635503822,fe=498328
formalLocal:outer=61,slot=7,pass=9,op=O6_WA_SWAP,accepted=false,recoveryGain=true,qGain=-0.01425724122038254,fe=498329
formalLocal:outer=61,slot=7,pass=9,op=O7_MA_LOAD_TRANSFER,accepted=false,recoveryGain=true,qGain=-0.038839822508004065,fe=498330
formalLocal:outer=61,slot=7,pass=9,op=O8_MA_WEAK_TO_STRONG,accepted=false,recoveryGain=true,qGain=-0.4233702381406368,fe=498331
formalLocal:outer=61,slot=7,pass=9,op=O9_MA_SWAP,accepted=false,recoveryGain=true,qGain=-0.23008852508351105,fe=498332
formalLocal:outer=61,slot=7,pass=10,op=O1_JS_INSERT,accepted=false,recoveryGain=true,qGain=-0.05572066712614255,fe=498333
formalLocal:outer=61,slot=7,pass=10,op=O2_JS_REVERSE,accepted=false,recoveryGain=true,qGain=-0.08576313279704081,fe=498334
formalLocal:outer=61,slot=7,pass=10,op=O3_JS_SWAP,accepted=false,recoveryGain=true,qGain=-0.2788977158625113,fe=498335
formalLocal:outer=61,slot=7,pass=10,op=O4_WA_LOAD_TRANSFER,accepted=false,recoveryGain=true,qGain=-0.3747807451228031,fe=498336
formalLocal:outer=61,slot=7,pass=10,op=O5_WA_WEAK_TO_STRONG,accepted=false,recoveryGain=true,qGain=-0.2756682635503822,fe=498337
formalLocal:outer=61,slot=7,pass=10,op=O6_WA_SWAP,accepted=false,recoveryGain=true,qGain=-0.01425724122038254,fe=498338
formalLocal:outer=61,slot=7,pass=10,op=O7_MA_LOAD_TRANSFER,accepted=false,recoveryGain=true,qGain=-0.038839822508004065,fe=498339
formalLocal:outer=61,slot=7,pass=10,op=O8_MA_WEAK_TO_STRONG,accepted=false,recoveryGain=true,qGain=-0.4233702381406368,fe=498340
formalLocal:outer=61,slot=7,pass=10,op=O9_MA_SWAP,accepted=false,recoveryGain=true,qGain=-0.23008852508351105,fe=498341
formalLocal:outer=61,slot=7,pass=11,op=O1_JS_INSERT,accepted=false,recoveryGain=true,qGain=-0.2426504217826268,fe=498342
formalLocal:outer=61,slot=7,pass=11,op=O2_JS_REVERSE,accepted=false,recoveryGain=true,qGain=-0.81977565333307,fe=498343
formalLocal:outer=61,slot=7,pass=11,op=O3_JS_SWAP,accepted=false,recoveryGain=true,qGain=-0.893427586031875,fe=498344
formalLocal:outer=61,slot=7,pass=11,op=O4_WA_LOAD_TRANSFER,accepted=false,recoveryGain=true,qGain=-0.3747807451228031,fe=498345
formalLocal:outer=61,slot=7,pass=11,op=O5_WA_WEAK_TO_STRONG,accepted=false,recoveryGain=true,qGain=-0.2756682635503822,fe=498346
formalLocal:outer=61,slot=7,pass=11,op=O6_WA_SWAP,accepted=false,recoveryGain=true,qGain=-0.01425724122038254,fe=498347
formalLocal:outer=61,slot=7,pass=11,op=O7_MA_LOAD_TRANSFER,accepted=false,recoveryGain=true,qGain=-0.038839822508004065,fe=498348
formalLocal:outer=61,slot=7,pass=11,op=O8_MA_WEAK_TO_STRONG,accepted=false,recoveryGain=true,qGain=-0.4233702381406368,fe=498349
formalLocal:outer=61,slot=7,pass=11,op=O9_MA_SWAP,accepted=false,recoveryGain=true,qGain=-0.23008852508351105,fe=498350
formalLocal:outer=61,slot=7,pass=12,op=O1_JS_INSERT,accepted=false,recoveryGain=true,qGain=-0.6007865520202638,fe=498351
formalLocal:outer=61,slot=7,pass=12,op=O2_JS_REVERSE,accepted=false,recoveryGain=true,qGain=-0.3923054717301407,fe=498352
formalLocal:outer=61,slot=7,pass=12,op=O3_JS_SWAP,accepted=false,recoveryGain=true,qGain=-0.089908222649358,fe=498353
formalLocal:outer=61,slot=7,pass=12,op=O4_WA_LOAD_TRANSFER,accepted=false,recoveryGain=true,qGain=-0.3747807451228031,fe=498354
formalLocal:outer=61,slot=7,pass=12,op=O5_WA_WEAK_TO_STRONG,accepted=false,recoveryGain=true,qGain=-0.2756682635503822,fe=498355
formalLocal:outer=61,slot=7,pass=12,op=O6_WA_SWAP,accepted=false,recoveryGain=true,qGain=-0.01425724122038254,fe=498356
formalLocal:outer=61,slot=7,pass=12,op=O7_MA_LOAD_TRANSFER,accepted=false,recoveryGain=true,qGain=-0.038839822508004065,fe=498357
formalLocal:outer=61,slot=7,pass=12,op=O8_MA_WEAK_TO_STRONG,accepted=false,recoveryGain=true,qGain=-0.4233702381406368,fe=498358
formalLocal:outer=61,slot=7,pass=12,op=O9_MA_SWAP,accepted=false,recoveryGain=true,qGain=-0.23008852508351105,fe=498359
formalLocal:outer=61,slot=7,pass=13,op=O1_JS_INSERT,accepted=false,recoveryGain=true,qGain=-0.2339206894197186,fe=498360
formalLocal:outer=61,slot=7,pass=13,op=O2_JS_REVERSE,accepted=false,recoveryGain=true,qGain=-0.722590594652295,fe=498361
formalLocal:outer=61,slot=7,pass=13,op=O3_JS_SWAP,accepted=false,recoveryGain=true,qGain=-0.027530264861493133,fe=498362
formalLocal:outer=61,slot=7,pass=13,op=O4_WA_LOAD_TRANSFER,accepted=false,recoveryGain=true,qGain=-0.3747807451228031,fe=498363
formalLocal:outer=61,slot=7,pass=13,op=O5_WA_WEAK_TO_STRONG,accepted=false,recoveryGain=true,qGain=-0.2756682635503822,fe=498364
formalLocal:outer=61,slot=7,pass=13,op=O6_WA_SWAP,accepted=false,recoveryGain=true,qGain=-0.01425724122038254,fe=498365
formalLocal:outer=61,slot=7,pass=13,op=O7_MA_LOAD_TRANSFER,accepted=false,recoveryGain=true,qGain=-0.038839822508004065,fe=498366
formalLocal:outer=61,slot=7,pass=13,op=O8_MA_WEAK_TO_STRONG,accepted=false,recoveryGain=true,qGain=-0.4233702381406368,fe=498367
formalLocal:outer=61,slot=7,pass=13,op=O9_MA_SWAP,accepted=false,recoveryGain=true,qGain=-0.23008852508351105,fe=498368
formalLocal:outer=61,slot=7,pass=14,op=O1_JS_INSERT,accepted=false,recoveryGain=true,qGain=-0.17415375938462513,fe=498369
formalLocal:outer=61,slot=7,pass=14,op=O2_JS_REVERSE,accepted=false,recoveryGain=true,qGain=-0.4328635536160935,fe=498370
formalLocal:outer=61,slot=7,pass=14,op=O3_JS_SWAP,accepted=false,recoveryGain=true,qGain=-0.9563293235681424,fe=498371
formalLocal:outer=61,slot=7,pass=14,op=O4_WA_LOAD_TRANSFER,accepted=false,recoveryGain=true,qGain=-0.3747807451228031,fe=498372
formalLocal:outer=61,slot=7,pass=14,op=O5_WA_WEAK_TO_STRONG,accepted=false,recoveryGain=true,qGain=-0.2756682635503822,fe=498373
formalLocal:outer=61,slot=7,pass=14,op=O6_WA_SWAP,accepted=false,recoveryGain=true,qGain=-0.01425724122038254,fe=498374
formalLocal:outer=61,slot=7,pass=14,op=O7_MA_LOAD_TRANSFER,accepted=false,recoveryGain=true,qGain=-0.038839822508004065,fe=498375
formalLocal:outer=61,slot=7,pass=14,op=O8_MA_WEAK_TO_STRONG,accepted=false,recoveryGain=true,qGain=-0.4233702381406368,fe=498376
formalLocal:outer=61,slot=7,pass=14,op=O9_MA_SWAP,accepted=false,recoveryGain=true,qGain=-0.23008852508351105,fe=498377
formalLocal:outer=61,slot=7,pass=15,op=O1_JS_INSERT,accepted=false,recoveryGain=true,qGain=-0.5683510470185953,fe=498378
formalLocal:outer=61,slot=7,pass=15,op=O2_JS_REVERSE,accepted=false,recoveryGain=true,qGain=-1.0,fe=498379
formalLocal:outer=61,slot=7,pass=15,op=O3_JS_SWAP,accepted=false,recoveryGain=true,qGain=-0.1204757965525079,fe=498380
formalLocal:outer=61,slot=7,pass=15,op=O4_WA_LOAD_TRANSFER,accepted=false,recoveryGain=true,qGain=-0.3747807451228031,fe=498381
formalLocal:outer=61,slot=7,pass=15,op=O5_WA_WEAK_TO_STRONG,accepted=false,recoveryGain=true,qGain=-0.2756682635503822,fe=498382
formalLocal:outer=61,slot=7,pass=15,op=O6_WA_SWAP,accepted=false,recoveryGain=true,qGain=-0.01425724122038254,fe=498383
formalLocal:outer=61,slot=7,pass=15,op=O7_MA_LOAD_TRANSFER,accepted=false,recoveryGain=true,qGain=-0.038839822508004065,fe=498384
formalLocal:outer=61,slot=7,pass=15,op=O8_MA_WEAK_TO_STRONG,accepted=false,recoveryGain=true,qGain=-0.4233702381406368,fe=498385
formalLocal:outer=61,slot=7,pass=15,op=O9_MA_SWAP,accepted=false,recoveryGain=true,qGain=-0.23008852508351105,fe=498386
formalLocal:outer=61,slot=7,pass=16,op=O1_JS_INSERT,accepted=false,recoveryGain=true,qGain=0.0,fe=498387
formalLocal:outer=61,slot=7,pass=16,op=O2_JS_REVERSE,accepted=false,recoveryGain=true,qGain=0.0,fe=498388
formalLocal:outer=61,slot=7,pass=16,op=O3_JS_SWAP,accepted=false,recoveryGain=true,qGain=0.0,fe=498389
formalLocal:outer=61,slot=7,pass=16,op=O4_WA_LOAD_TRANSFER,accepted=false,recoveryGain=true,qGain=-0.3747807451228031,fe=498390
formalLocal:outer=61,slot=7,pass=16,op=O5_WA_WEAK_TO_STRONG,accepted=false,recoveryGain=true,qGain=-0.2756682635503822,fe=498391
formalLocal:outer=61,slot=7,pass=16,op=O6_WA_SWAP,accepted=false,recoveryGain=true,qGain=-0.01425724122038254,fe=498392
formalLocal:outer=61,slot=7,pass=16,op=O7_MA_LOAD_TRANSFER,accepted=false,recoveryGain=true,qGain=-0.038839822508004065,fe=498393
formalLocal:outer=61,slot=7,pass=16,op=O8_MA_WEAK_TO_STRONG,accepted=false,recoveryGain=true,qGain=-0.4233702381406368,fe=498394
formalLocal:outer=61,slot=7,pass=16,op=O9_MA_SWAP,accepted=false,recoveryGain=true,qGain=-0.23008852508351105,fe=498395
formalLocal:outer=61,slot=7,pass=17,op=O1_JS_INSERT,accepted=false,recoveryGain=true,qGain=-0.02745841452895422,fe=498396
formalLocal:outer=61,slot=7,pass=17,op=O2_JS_REVERSE,accepted=false,recoveryGain=true,qGain=-0.7075463477479585,fe=498397
formalLocal:outer=61,slot=7,pass=17,op=O3_JS_SWAP,accepted=false,recoveryGain=true,qGain=0.0,fe=498398
formalLocal:outer=61,slot=7,pass=17,op=O4_WA_LOAD_TRANSFER,accepted=false,recoveryGain=true,qGain=-0.3747807451228031,fe=498399
formalLocal:outer=61,slot=7,pass=17,op=O5_WA_WEAK_TO_STRONG,accepted=false,recoveryGain=true,qGain=-0.2756682635503822,fe=498400
formalLocal:outer=61,slot=7,pass=17,op=O6_WA_SWAP,accepted=false,recoveryGain=true,qGain=-0.01425724122038254,fe=498401
formalLocal:outer=61,slot=7,pass=17,op=O7_MA_LOAD_TRANSFER,accepted=false,recoveryGain=true,qGain=-0.038839822508004065,fe=498402
formalLocal:outer=61,slot=7,pass=17,op=O8_MA_WEAK_TO_STRONG,accepted=false,recoveryGain=true,qGain=-0.4233702381406368,fe=498403
formalLocal:outer=61,slot=7,pass=17,op=O9_MA_SWAP,accepted=false,recoveryGain=true,qGain=-0.23008852508351105,fe=498404
formalLocal:outer=61,slot=7,pass=18,op=O1_JS_INSERT,accepted=true,recoveryGain=true,qGain=0.09958459926684032,fe=498405
formalLocal:outer=61,slot=7,pass=18,op=O2_JS_REVERSE,accepted=false,recoveryGain=true,qGain=-0.6643713725990587,fe=498406
formalLocal:outer=61,slot=7,pass=18,op=O3_JS_SWAP,accepted=false,recoveryGain=true,qGain=-9.163074619763636E-5,fe=498407
formalLocal:outer=61,slot=7,pass=18,op=O4_WA_LOAD_TRANSFER,accepted=false,recoveryGain=true,qGain=-0.41042753111203,fe=498408
formalLocal:outer=61,slot=7,pass=18,op=O5_WA_WEAK_TO_STRONG,accepted=false,recoveryGain=true,qGain=-0.292418207893905,fe=498409
formalLocal:outer=61,slot=7,pass=18,op=O6_WA_SWAP,accepted=false,recoveryGain=true,qGain=-0.009281223592943392,fe=498410
formalLocal:outer=61,slot=7,pass=18,op=O7_MA_LOAD_TRANSFER,accepted=false,recoveryGain=true,qGain=-0.04142757001304024,fe=498411
formalLocal:outer=61,slot=7,pass=18,op=O8_MA_WEAK_TO_STRONG,accepted=false,recoveryGain=true,qGain=-0.45599095570514503,fe=498412
formalLocal:outer=61,slot=7,pass=18,op=O9_MA_SWAP,accepted=false,recoveryGain=true,qGain=-0.24211316652515513,fe=498413
formalLocal:outer=61,slot=7,pass=19,op=O1_JS_INSERT,accepted=false,recoveryGain=true,qGain=-0.5754832363257193,fe=498414
formalLocal:outer=61,slot=7,pass=19,op=O2_JS_REVERSE,accepted=false,recoveryGain=true,qGain=-1.0,fe=498415
formalLocal:outer=61,slot=7,pass=19,op=O3_JS_SWAP,accepted=false,recoveryGain=true,qGain=-0.5583474075854815,fe=498416
formalLocal:outer=61,slot=7,pass=19,op=O4_WA_LOAD_TRANSFER,accepted=false,recoveryGain=true,qGain=-0.41042753111203,fe=498417
formalLocal:outer=61,slot=7,pass=19,op=O5_WA_WEAK_TO_STRONG,accepted=false,recoveryGain=true,qGain=-0.292418207893905,fe=498418
formalLocal:outer=61,slot=7,pass=19,op=O6_WA_SWAP,accepted=false,recoveryGain=true,qGain=-0.009281223592943392,fe=498419
formalLocal:outer=61,slot=7,pass=19,op=O7_MA_LOAD_TRANSFER,accepted=false,recoveryGain=true,qGain=-0.04142757001304024,fe=498420
formalLocal:outer=61,slot=7,pass=19,op=O8_MA_WEAK_TO_STRONG,accepted=false,recoveryGain=true,qGain=-0.45599095570514503,fe=498421
formalLocal:outer=61,slot=7,pass=19,op=O9_MA_SWAP,accepted=false,recoveryGain=true,qGain=-0.24211316652515513,fe=498422
formalLocal:outer=61,slot=7,pass=20,op=O1_JS_INSERT,accepted=false,recoveryGain=true,qGain=-0.001206459118168426,fe=498423
formalLocal:outer=61,slot=7,pass=20,op=O2_JS_REVERSE,accepted=false,recoveryGain=true,qGain=-0.9179992233858161,fe=498424
formalLocal:outer=61,slot=7,pass=20,op=O3_JS_SWAP,accepted=true,recoveryGain=true,qGain=0.011169230824561708,fe=498425
formalLocal:outer=61,slot=7,pass=20,op=O4_WA_LOAD_TRANSFER,accepted=false,recoveryGain=true,qGain=-0.41506363275340746,fe=498426
formalLocal:outer=61,slot=7,pass=20,op=O5_WA_WEAK_TO_STRONG,accepted=false,recoveryGain=true,qGain=-0.300608743726268,fe=498427
formalLocal:outer=61,slot=7,pass=20,op=O6_WA_SWAP,accepted=false,recoveryGain=true,qGain=-0.013983608745678354,fe=498428
formalLocal:outer=61,slot=7,pass=20,op=O7_MA_LOAD_TRANSFER,accepted=false,recoveryGain=true,qGain=-0.041895151263020784,fe=498429
formalLocal:outer=61,slot=7,pass=20,op=O8_MA_WEAK_TO_STRONG,accepted=false,recoveryGain=true,qGain=-0.46602572918946766,fe=498430
formalLocal:outer=61,slot=7,pass=20,op=O9_MA_SWAP,accepted=false,recoveryGain=true,qGain=-0.24973357110774094,fe=498431
formalLocal:outer=61,slot=7,pass=21,op=O1_JS_INSERT,accepted=false,recoveryGain=true,qGain=-0.035825494647810235,fe=498432
formalLocal:outer=61,slot=7,pass=21,op=O2_JS_REVERSE,accepted=false,recoveryGain=true,qGain=0.0,fe=498433
formalLocal:outer=61,slot=7,pass=21,op=O3_JS_SWAP,accepted=false,recoveryGain=true,qGain=-1.0,fe=498434
formalLocal:outer=61,slot=7,pass=21,op=O4_WA_LOAD_TRANSFER,accepted=false,recoveryGain=true,qGain=-0.41506363275340746,fe=498435
formalLocal:outer=61,slot=7,pass=21,op=O5_WA_WEAK_TO_STRONG,accepted=false,recoveryGain=true,qGain=-0.300608743726268,fe=498436
formalLocal:outer=61,slot=7,pass=21,op=O6_WA_SWAP,accepted=false,recoveryGain=true,qGain=-0.013983608745678354,fe=498437
formalLocal:outer=61,slot=7,pass=21,op=O7_MA_LOAD_TRANSFER,accepted=false,recoveryGain=true,qGain=-0.041895151263020784,fe=498438
formalLocal:outer=61,slot=7,pass=21,op=O8_MA_WEAK_TO_STRONG,accepted=false,recoveryGain=true,qGain=-0.46602572918946766,fe=498439
formalLocal:outer=61,slot=7,pass=21,op=O9_MA_SWAP,accepted=false,recoveryGain=true,qGain=-0.24973357110774094,fe=498440
formalLocal:outer=61,slot=7,pass=22,op=O1_JS_INSERT,accepted=false,recoveryGain=true,qGain=-0.18125117677695912,fe=498441
formalLocal:outer=61,slot=7,pass=22,op=O2_JS_REVERSE,accepted=false,recoveryGain=true,qGain=-0.37816750571058944,fe=498442
formalLocal:outer=61,slot=7,pass=22,op=O3_JS_SWAP,accepted=false,recoveryGain=true,qGain=-0.38734361717694477,fe=498443
formalLocal:outer=61,slot=7,pass=22,op=O4_WA_LOAD_TRANSFER,accepted=false,recoveryGain=true,qGain=-0.41506363275340746,fe=498444
formalLocal:outer=61,slot=7,pass=22,op=O5_WA_WEAK_TO_STRONG,accepted=false,recoveryGain=true,qGain=-0.300608743726268,fe=498445
formalLocal:outer=61,slot=7,pass=22,op=O6_WA_SWAP,accepted=false,recoveryGain=true,qGain=-0.013983608745678354,fe=498446
formalLocal:outer=61,slot=7,pass=22,op=O7_MA_LOAD_TRANSFER,accepted=false,recoveryGain=true,qGain=-0.041895151263020784,fe=498447
formalLocal:outer=61,slot=7,pass=22,op=O8_MA_WEAK_TO_STRONG,accepted=false,recoveryGain=true,qGain=-0.46602572918946766,fe=498448
formalLocal:outer=61,slot=7,pass=22,op=O9_MA_SWAP,accepted=false,recoveryGain=true,qGain=-0.24973357110774094,fe=498449
formalLocal:outer=61,slot=7,pass=23,op=O1_JS_INSERT,accepted=false,recoveryGain=true,qGain=-1.0,fe=498450
formalLocal:outer=61,slot=7,pass=23,op=O2_JS_REVERSE,accepted=false,recoveryGain=true,qGain=-0.061423509917331705,fe=498451
formalLocal:outer=61,slot=7,pass=23,op=O3_JS_SWAP,accepted=false,recoveryGain=true,qGain=-0.484091770031622,fe=498452
formalLocal:outer=61,slot=7,pass=23,op=O4_WA_LOAD_TRANSFER,accepted=false,recoveryGain=true,qGain=-0.41506363275340746,fe=498453
formalLocal:outer=61,slot=7,pass=23,op=O5_WA_WEAK_TO_STRONG,accepted=false,recoveryGain=true,qGain=-0.300608743726268,fe=498454
formalLocal:outer=61,slot=7,pass=23,op=O6_WA_SWAP,accepted=false,recoveryGain=true,qGain=-0.013983608745678354,fe=498455
formalLocal:outer=61,slot=7,pass=23,op=O7_MA_LOAD_TRANSFER,accepted=false,recoveryGain=true,qGain=-0.041895151263020784,fe=498456
formalLocal:outer=61,slot=7,pass=23,op=O8_MA_WEAK_TO_STRONG,accepted=false,recoveryGain=true,qGain=-0.46602572918946766,fe=498457
formalLocal:outer=61,slot=7,pass=23,op=O9_MA_SWAP,accepted=false,recoveryGain=true,qGain=-0.24973357110774094,fe=498458
formalLocal:outer=61,slot=7,pass=24,op=O1_JS_INSERT,accepted=false,recoveryGain=true,qGain=-0.19910346765437695,fe=498459
formalLocal:outer=61,slot=7,pass=24,op=O2_JS_REVERSE,accepted=false,recoveryGain=true,qGain=-0.6179356215061232,fe=498460
formalLocal:outer=61,slot=7,pass=24,op=O3_JS_SWAP,accepted=false,recoveryGain=true,qGain=-0.6475309735942887,fe=498461
formalLocal:outer=61,slot=7,pass=24,op=O4_WA_LOAD_TRANSFER,accepted=false,recoveryGain=true,qGain=-0.41506363275340746,fe=498462
formalLocal:outer=61,slot=7,pass=24,op=O5_WA_WEAK_TO_STRONG,accepted=false,recoveryGain=true,qGain=-0.300608743726268,fe=498463
formalLocal:outer=61,slot=7,pass=24,op=O6_WA_SWAP,accepted=false,recoveryGain=true,qGain=-0.013983608745678354,fe=498464
formalLocal:outer=61,slot=7,pass=24,op=O7_MA_LOAD_TRANSFER,accepted=false,recoveryGain=true,qGain=-0.041895151263020784,fe=498465
formalLocal:outer=61,slot=7,pass=24,op=O8_MA_WEAK_TO_STRONG,accepted=false,recoveryGain=true,qGain=-0.46602572918946766,fe=498466
formalLocal:outer=61,slot=7,pass=24,op=O9_MA_SWAP,accepted=false,recoveryGain=true,qGain=-0.24973357110774094,fe=498467
formalLocal:outer=61,slot=7,pass=25,op=O1_JS_INSERT,accepted=false,recoveryGain=true,qGain=-0.7582907612023145,fe=498468
formalLocal:outer=61,slot=7,pass=25,op=O2_JS_REVERSE,accepted=false,recoveryGain=true,qGain=-0.24388487178663143,fe=498469
formalLocal:outer=61,slot=7,pass=25,op=O3_JS_SWAP,accepted=false,recoveryGain=true,qGain=-0.757921800229365,fe=498470
formalLocal:outer=61,slot=7,pass=25,op=O4_WA_LOAD_TRANSFER,accepted=false,recoveryGain=true,qGain=-0.41506363275340746,fe=498471
formalLocal:outer=61,slot=7,pass=25,op=O5_WA_WEAK_TO_STRONG,accepted=false,recoveryGain=true,qGain=-0.300608743726268,fe=498472
formalLocal:outer=61,slot=7,pass=25,op=O6_WA_SWAP,accepted=false,recoveryGain=true,qGain=-0.013983608745678354,fe=498473
formalLocal:outer=61,slot=7,pass=25,op=O7_MA_LOAD_TRANSFER,accepted=false,recoveryGain=true,qGain=-0.041895151263020784,fe=498474
formalLocal:outer=61,slot=7,pass=25,op=O8_MA_WEAK_TO_STRONG,accepted=false,recoveryGain=true,qGain=-0.46602572918946766,fe=498475
formalLocal:outer=61,slot=7,pass=25,op=O9_MA_SWAP,accepted=false,recoveryGain=true,qGain=-0.24973357110774094,fe=498476
formalLocal:outer=61,slot=7,pass=26,op=O1_JS_INSERT,accepted=false,recoveryGain=true,qGain=-0.7664946038649683,fe=498477
formalLocal:outer=61,slot=7,pass=26,op=O2_JS_REVERSE,accepted=false,recoveryGain=true,qGain=-3.2537885951929767E-4,fe=498478
formalLocal:outer=61,slot=7,pass=26,op=O3_JS_SWAP,accepted=false,recoveryGain=true,qGain=-0.1758257952061915,fe=498479
formalLocal:outer=61,slot=7,pass=26,op=O4_WA_LOAD_TRANSFER,accepted=false,recoveryGain=true,qGain=-0.41506363275340746,fe=498480
formalLocal:outer=61,slot=7,pass=26,op=O5_WA_WEAK_TO_STRONG,accepted=false,recoveryGain=true,qGain=-0.300608743726268,fe=498481
formalLocal:outer=61,slot=7,pass=26,op=O6_WA_SWAP,accepted=false,recoveryGain=true,qGain=-0.013983608745678354,fe=498482
formalLocal:outer=61,slot=7,pass=26,op=O7_MA_LOAD_TRANSFER,accepted=false,recoveryGain=true,qGain=-0.041895151263020784,fe=498483
formalLocal:outer=61,slot=7,pass=26,op=O8_MA_WEAK_TO_STRONG,accepted=false,recoveryGain=true,qGain=-0.46602572918946766,fe=498484
formalLocal:outer=61,slot=7,pass=26,op=O9_MA_SWAP,accepted=false,recoveryGain=true,qGain=-0.24973357110774094,fe=498485
formalLocal:outer=61,slot=7,pass=27,op=O1_JS_INSERT,accepted=false,recoveryGain=true,qGain=0.0,fe=498486
formalLocal:outer=61,slot=7,pass=27,op=O2_JS_REVERSE,accepted=false,recoveryGain=true,qGain=-0.42748934813321454,fe=498487
formalLocal:outer=61,slot=7,pass=27,op=O3_JS_SWAP,accepted=false,recoveryGain=true,qGain=-0.030718440547127433,fe=498488
formalLocal:outer=61,slot=7,pass=27,op=O4_WA_LOAD_TRANSFER,accepted=false,recoveryGain=true,qGain=-0.41506363275340746,fe=498489
formalLocal:outer=61,slot=7,pass=27,op=O5_WA_WEAK_TO_STRONG,accepted=false,recoveryGain=true,qGain=-0.300608743726268,fe=498490
formalLocal:outer=61,slot=7,pass=27,op=O6_WA_SWAP,accepted=false,recoveryGain=true,qGain=-0.013983608745678354,fe=498491
formalLocal:outer=61,slot=7,pass=27,op=O7_MA_LOAD_TRANSFER,accepted=false,recoveryGain=true,qGain=-0.041895151263020784,fe=498492
formalLocal:outer=61,slot=7,pass=27,op=O8_MA_WEAK_TO_STRONG,accepted=false,recoveryGain=true,qGain=-0.46602572918946766,fe=498493
formalLocal:outer=61,slot=7,pass=27,op=O9_MA_SWAP,accepted=false,recoveryGain=true,qGain=-0.24973357110774094,fe=498494
formalLocal:outer=61,slot=7,pass=28,op=O1_JS_INSERT,accepted=false,recoveryGain=true,qGain=-0.1634318633834691,fe=498495
formalLocal:outer=61,slot=7,pass=28,op=O2_JS_REVERSE,accepted=false,recoveryGain=true,qGain=-1.0,fe=498496
formalLocal:outer=61,slot=7,pass=28,op=O3_JS_SWAP,accepted=false,recoveryGain=true,qGain=-0.643634044290748,fe=498497
formalLocal:outer=61,slot=7,pass=28,op=O4_WA_LOAD_TRANSFER,accepted=false,recoveryGain=true,qGain=-0.41506363275340746,fe=498498
formalLocal:outer=61,slot=7,pass=28,op=O5_WA_WEAK_TO_STRONG,accepted=false,recoveryGain=true,qGain=-0.300608743726268,fe=498499
formalLocal:outer=61,slot=7,pass=28,op=O6_WA_SWAP,accepted=false,recoveryGain=true,qGain=-0.013983608745678354,fe=498500
formalLocal:outer=61,slot=7,pass=28,op=O7_MA_LOAD_TRANSFER,accepted=false,recoveryGain=true,qGain=-0.041895151263020784,fe=498501
formalLocal:outer=61,slot=7,pass=28,op=O8_MA_WEAK_TO_STRONG,accepted=false,recoveryGain=true,qGain=-0.46602572918946766,fe=498502
formalLocal:outer=61,slot=7,pass=28,op=O9_MA_SWAP,accepted=false,recoveryGain=true,qGain=-0.24973357110774094,fe=498503
formalLocal:outer=61,slot=7,pass=29,op=O1_JS_INSERT,accepted=false,recoveryGain=true,qGain=-0.23961762621847982,fe=498504
formalLocal:outer=61,slot=7,pass=29,op=O2_JS_REVERSE,accepted=false,recoveryGain=true,qGain=-1.0,fe=498505
formalLocal:outer=61,slot=7,pass=29,op=O3_JS_SWAP,accepted=false,recoveryGain=true,qGain=-0.23063758231470027,fe=498506
formalLocal:outer=61,slot=7,pass=29,op=O4_WA_LOAD_TRANSFER,accepted=false,recoveryGain=true,qGain=-0.41506363275340746,fe=498507
formalLocal:outer=61,slot=7,pass=29,op=O5_WA_WEAK_TO_STRONG,accepted=false,recoveryGain=true,qGain=-0.300608743726268,fe=498508
formalLocal:outer=61,slot=7,pass=29,op=O6_WA_SWAP,accepted=false,recoveryGain=true,qGain=-0.013983608745678354,fe=498509
formalLocal:outer=61,slot=7,pass=29,op=O7_MA_LOAD_TRANSFER,accepted=false,recoveryGain=true,qGain=-0.041895151263020784,fe=498510
formalLocal:outer=61,slot=7,pass=29,op=O8_MA_WEAK_TO_STRONG,accepted=false,recoveryGain=true,qGain=-0.46602572918946766,fe=498511
formalLocal:outer=61,slot=7,pass=29,op=O9_MA_SWAP,accepted=false,recoveryGain=true,qGain=-0.24973357110774094,fe=498512
formalLocal:outer=61,slot=8,op=CRITICAL_FACTORY_SWAP,accepted=true,fe=498513
formalLocal:outer=61,slot=8,op=CRITICAL_FACTORY_INSERT,accepted=true,fe=498514
formalLocal:outer=61,slot=8,pass=0,op=O1_JS_INSERT,accepted=false,recoveryGain=true,qGain=-0.005903719015749873,fe=498515
formalLocal:outer=61,slot=8,pass=0,op=O2_JS_REVERSE,accepted=false,recoveryGain=true,qGain=-0.5344479474886523,fe=498516
formalLocal:outer=61,slot=8,pass=0,op=O3_JS_SWAP,accepted=false,recoveryGain=true,qGain=-0.18853721010816826,fe=498517
formalLocal:outer=61,slot=8,pass=0,op=O4_WA_LOAD_TRANSFER,accepted=false,recoveryGain=true,qGain=-0.6914156883738963,fe=498518
formalLocal:outer=61,slot=8,pass=0,op=O5_WA_WEAK_TO_STRONG,accepted=true,recoveryGain=true,qGain=0.0371853062325995,fe=498519
formalLocal:outer=61,slot=8,pass=0,op=O6_WA_SWAP,accepted=false,recoveryGain=true,qGain=-0.07360340092053705,fe=498520
formalLocal:outer=61,slot=8,pass=0,op=O7_MA_LOAD_TRANSFER,accepted=true,recoveryGain=true,qGain=0.13717832277693098,fe=498521
formalLocal:outer=61,slot=8,pass=0,op=O8_MA_WEAK_TO_STRONG,accepted=false,recoveryGain=true,qGain=-0.39775452879350875,fe=498522
formalLocal:outer=61,slot=8,pass=0,op=O9_MA_SWAP,accepted=true,recoveryGain=true,qGain=0.0014123122891951008,fe=498523
formalLocal:outer=61,slot=8,pass=1,op=O1_JS_INSERT,accepted=false,recoveryGain=true,qGain=-0.15472923079307907,fe=498524
formalLocal:outer=61,slot=8,pass=1,op=O2_JS_REVERSE,accepted=false,recoveryGain=true,qGain=-0.6007955096338407,fe=498525
formalLocal:outer=61,slot=8,pass=1,op=O3_JS_SWAP,accepted=false,recoveryGain=true,qGain=-0.11296802646178648,fe=498526
formalLocal:outer=61,slot=8,pass=1,op=O4_WA_LOAD_TRANSFER,accepted=true,recoveryGain=true,qGain=0.04316110530397949,fe=498527
formalLocal:outer=61,slot=8,pass=1,op=O5_WA_WEAK_TO_STRONG,accepted=false,recoveryGain=true,qGain=-0.045108017183698834,fe=498528
formalLocal:outer=61,slot=8,pass=1,op=O6_WA_SWAP,accepted=false,recoveryGain=true,qGain=-0.04383847687058857,fe=498529
formalLocal:outer=61,slot=8,pass=1,op=O7_MA_LOAD_TRANSFER,accepted=false,recoveryGain=true,qGain=0.0,fe=498530
formalLocal:outer=61,slot=8,pass=1,op=O8_MA_WEAK_TO_STRONG,accepted=false,recoveryGain=true,qGain=-0.259827586196571,fe=498531
formalLocal:outer=61,slot=8,pass=1,op=O9_MA_SWAP,accepted=false,recoveryGain=true,qGain=-3.6606804857979117E-4,fe=498532
formalLocal:outer=61,slot=8,pass=2,op=O1_JS_INSERT,accepted=false,recoveryGain=true,qGain=-0.34648090365905554,fe=498533
formalLocal:outer=61,slot=8,pass=2,op=O2_JS_REVERSE,accepted=false,recoveryGain=true,qGain=-0.609836466052064,fe=498534
formalLocal:outer=61,slot=8,pass=2,op=O3_JS_SWAP,accepted=false,recoveryGain=true,qGain=-0.7839325191965922,fe=498535
formalLocal:outer=61,slot=8,pass=2,op=O4_WA_LOAD_TRANSFER,accepted=false,recoveryGain=true,qGain=-1.0,fe=498536
formalLocal:outer=61,slot=8,pass=2,op=O5_WA_WEAK_TO_STRONG,accepted=false,recoveryGain=true,qGain=-0.045108017183698834,fe=498537
formalLocal:outer=61,slot=8,pass=2,op=O6_WA_SWAP,accepted=false,recoveryGain=true,qGain=-0.04383847687058857,fe=498538
formalLocal:outer=61,slot=8,pass=2,op=O7_MA_LOAD_TRANSFER,accepted=false,recoveryGain=true,qGain=0.0,fe=498539
formalLocal:outer=61,slot=8,pass=2,op=O8_MA_WEAK_TO_STRONG,accepted=false,recoveryGain=true,qGain=-0.259827586196571,fe=498540
formalLocal:outer=61,slot=8,pass=2,op=O9_MA_SWAP,accepted=false,recoveryGain=true,qGain=-3.6606804857979117E-4,fe=498541
formalLocal:outer=61,slot=8,pass=3,op=O1_JS_INSERT,accepted=false,recoveryGain=true,qGain=-0.4636117528256261,fe=498542
formalLocal:outer=61,slot=8,pass=3,op=O2_JS_REVERSE,accepted=false,recoveryGain=true,qGain=0.0,fe=498543
formalLocal:outer=61,slot=8,pass=3,op=O3_JS_SWAP,accepted=true,recoveryGain=true,qGain=0.0021674027527528172,fe=498544
formalLocal:outer=61,slot=8,pass=3,op=O4_WA_LOAD_TRANSFER,accepted=false,recoveryGain=true,qGain=-1.0,fe=498545
formalLocal:outer=61,slot=8,pass=3,op=O5_WA_WEAK_TO_STRONG,accepted=false,recoveryGain=true,qGain=-0.050740572964679015,fe=498546
formalLocal:outer=61,slot=8,pass=3,op=O6_WA_SWAP,accepted=false,recoveryGain=true,qGain=-0.043932279881012296,fe=498547
formalLocal:outer=61,slot=8,pass=3,op=O7_MA_LOAD_TRANSFER,accepted=false,recoveryGain=true,qGain=0.0,fe=498548
formalLocal:outer=61,slot=8,pass=3,op=O8_MA_WEAK_TO_STRONG,accepted=false,recoveryGain=true,qGain=-0.26592377841197373,fe=498549
formalLocal:outer=61,slot=8,pass=3,op=O9_MA_SWAP,accepted=true,recoveryGain=true,qGain=0.0059640224533868075,fe=498550
formalLocal:outer=61,slot=8,pass=4,op=O1_JS_INSERT,accepted=false,recoveryGain=true,qGain=-0.006330173830969636,fe=498551
formalLocal:outer=61,slot=8,pass=4,op=O2_JS_REVERSE,accepted=true,recoveryGain=true,qGain=1.429556547035244E-5,fe=498552
formalLocal:outer=61,slot=8,pass=4,op=O3_JS_SWAP,accepted=false,recoveryGain=true,qGain=-0.5238188204412348,fe=498553
formalLocal:outer=61,slot=8,pass=4,op=O4_WA_LOAD_TRANSFER,accepted=false,recoveryGain=true,qGain=-1.0,fe=498554
formalLocal:outer=61,slot=8,pass=4,op=O5_WA_WEAK_TO_STRONG,accepted=false,recoveryGain=true,qGain=-0.046607442517492326,fe=498555
formalLocal:outer=61,slot=8,pass=4,op=O6_WA_SWAP,accepted=false,recoveryGain=true,qGain=-0.077512747594087,fe=498556
formalLocal:outer=61,slot=8,pass=4,op=O7_MA_LOAD_TRANSFER,accepted=false,recoveryGain=true,qGain=0.0,fe=498557
formalLocal:outer=61,slot=8,pass=4,op=O8_MA_WEAK_TO_STRONG,accepted=false,recoveryGain=true,qGain=-0.46437733101985484,fe=498558
formalLocal:outer=61,slot=8,pass=4,op=O9_MA_SWAP,accepted=false,recoveryGain=true,qGain=-0.0060000302208908386,fe=498559
formalLocal:outer=61,slot=8,pass=5,op=O1_JS_INSERT,accepted=false,recoveryGain=true,qGain=-0.3672929908535074,fe=498560
formalLocal:outer=61,slot=8,pass=5,op=O2_JS_REVERSE,accepted=true,recoveryGain=true,qGain=0.30833361086781896,fe=498561
formalLocal:outer=61,slot=8,pass=5,op=O3_JS_SWAP,accepted=false,recoveryGain=true,qGain=0.0,fe=498562
formalLocal:outer=61,slot=8,pass=5,op=O4_WA_LOAD_TRANSFER,accepted=false,recoveryGain=true,qGain=-1.0,fe=498563
formalLocal:outer=61,slot=8,pass=5,op=O5_WA_WEAK_TO_STRONG,accepted=false,recoveryGain=true,qGain=-0.07694261872711852,fe=498564
formalLocal:outer=61,slot=8,pass=5,op=O6_WA_SWAP,accepted=false,recoveryGain=true,qGain=-0.1221904072894228,fe=498565
formalLocal:outer=61,slot=8,pass=5,op=O7_MA_LOAD_TRANSFER,accepted=false,recoveryGain=true,qGain=0.0,fe=498566
formalLocal:outer=61,slot=8,pass=5,op=O8_MA_WEAK_TO_STRONG,accepted=false,recoveryGain=true,qGain=-0.6704636128771144,fe=498567
formalLocal:outer=61,slot=8,pass=5,op=O9_MA_SWAP,accepted=false,recoveryGain=true,qGain=-0.03397932575800811,fe=498568
formalLocal:outer=61,slot=8,pass=6,op=O1_JS_INSERT,accepted=false,recoveryGain=true,qGain=-0.019762234213144672,fe=498569
formalLocal:outer=61,slot=8,pass=6,op=O2_JS_REVERSE,accepted=false,recoveryGain=true,qGain=-0.09311918188849837,fe=498570
formalLocal:outer=61,slot=8,pass=6,op=O3_JS_SWAP,accepted=false,recoveryGain=true,qGain=-0.042716779790594,fe=498571
formalLocal:outer=61,slot=8,pass=6,op=O4_WA_LOAD_TRANSFER,accepted=false,recoveryGain=true,qGain=-1.0,fe=498572
formalLocal:outer=61,slot=8,pass=6,op=O5_WA_WEAK_TO_STRONG,accepted=false,recoveryGain=true,qGain=-0.07694261872711852,fe=498573
formalLocal:outer=61,slot=8,pass=6,op=O6_WA_SWAP,accepted=false,recoveryGain=true,qGain=-0.1221904072894228,fe=498574
formalLocal:outer=61,slot=8,pass=6,op=O7_MA_LOAD_TRANSFER,accepted=false,recoveryGain=true,qGain=0.0,fe=498575
formalLocal:outer=61,slot=8,pass=6,op=O8_MA_WEAK_TO_STRONG,accepted=false,recoveryGain=true,qGain=-0.6704636128771144,fe=498576
formalLocal:outer=61,slot=8,pass=6,op=O9_MA_SWAP,accepted=false,recoveryGain=true,qGain=-0.03397932575800811,fe=498577
formalLocal:outer=61,slot=8,pass=7,op=O1_JS_INSERT,accepted=false,recoveryGain=true,qGain=-1.0,fe=498578
formalLocal:outer=61,slot=8,pass=7,op=O2_JS_REVERSE,accepted=false,recoveryGain=true,qGain=-1.0,fe=498579
formalLocal:outer=61,slot=8,pass=7,op=O3_JS_SWAP,accepted=false,recoveryGain=true,qGain=-1.0,fe=498580
formalLocal:outer=61,slot=8,pass=7,op=O4_WA_LOAD_TRANSFER,accepted=false,recoveryGain=true,qGain=-1.0,fe=498581
formalLocal:outer=61,slot=8,pass=7,op=O5_WA_WEAK_TO_STRONG,accepted=false,recoveryGain=true,qGain=-0.07694261872711852,fe=498582
formalLocal:outer=61,slot=8,pass=7,op=O6_WA_SWAP,accepted=false,recoveryGain=true,qGain=-0.1221904072894228,fe=498583
formalLocal:outer=61,slot=8,pass=7,op=O7_MA_LOAD_TRANSFER,accepted=false,recoveryGain=true,qGain=0.0,fe=498584
formalLocal:outer=61,slot=8,pass=7,op=O8_MA_WEAK_TO_STRONG,accepted=false,recoveryGain=true,qGain=-0.6704636128771144,fe=498585
formalLocal:outer=61,slot=8,pass=7,op=O9_MA_SWAP,accepted=false,recoveryGain=true,qGain=-0.03397932575800811,fe=498586
formalLocal:outer=61,slot=8,pass=8,op=O1_JS_INSERT,accepted=false,recoveryGain=true,qGain=-0.3125224606938678,fe=498587
formalLocal:outer=61,slot=8,pass=8,op=O2_JS_REVERSE,accepted=false,recoveryGain=true,qGain=-1.0,fe=498588
formalLocal:outer=61,slot=8,pass=8,op=O3_JS_SWAP,accepted=false,recoveryGain=true,qGain=-1.0,fe=498589
formalLocal:outer=61,slot=8,pass=8,op=O4_WA_LOAD_TRANSFER,accepted=false,recoveryGain=true,qGain=-1.0,fe=498590
formalLocal:outer=61,slot=8,pass=8,op=O5_WA_WEAK_TO_STRONG,accepted=false,recoveryGain=true,qGain=-0.07694261872711852,fe=498591
formalLocal:outer=61,slot=8,pass=8,op=O6_WA_SWAP,accepted=false,recoveryGain=true,qGain=-0.1221904072894228,fe=498592
formalLocal:outer=61,slot=8,pass=8,op=O7_MA_LOAD_TRANSFER,accepted=false,recoveryGain=true,qGain=0.0,fe=498593
formalLocal:outer=61,slot=8,pass=8,op=O8_MA_WEAK_TO_STRONG,accepted=false,recoveryGain=true,qGain=-0.6704636128771144,fe=498594
formalLocal:outer=61,slot=8,pass=8,op=O9_MA_SWAP,accepted=false,recoveryGain=true,qGain=-0.03397932575800811,fe=498595
formalLocal:outer=61,slot=8,pass=9,op=O1_JS_INSERT,accepted=false,recoveryGain=true,qGain=-0.08184813990358134,fe=498596
formalLocal:outer=61,slot=8,pass=9,op=O2_JS_REVERSE,accepted=false,recoveryGain=true,qGain=-0.344318631755887,fe=498597
formalLocal:outer=61,slot=8,pass=9,op=O3_JS_SWAP,accepted=false,recoveryGain=true,qGain=-0.6116106822124244,fe=498598
formalLocal:outer=61,slot=8,pass=9,op=O4_WA_LOAD_TRANSFER,accepted=false,recoveryGain=true,qGain=-1.0,fe=498599
formalLocal:outer=61,slot=8,pass=9,op=O5_WA_WEAK_TO_STRONG,accepted=false,recoveryGain=true,qGain=-0.07694261872711852,fe=498600
formalLocal:outer=61,slot=8,pass=9,op=O6_WA_SWAP,accepted=false,recoveryGain=true,qGain=-0.1221904072894228,fe=498601
formalLocal:outer=61,slot=8,pass=9,op=O7_MA_LOAD_TRANSFER,accepted=false,recoveryGain=true,qGain=0.0,fe=498602
formalLocal:outer=61,slot=8,pass=9,op=O8_MA_WEAK_TO_STRONG,accepted=false,recoveryGain=true,qGain=-0.6704636128771144,fe=498603
formalLocal:outer=61,slot=8,pass=9,op=O9_MA_SWAP,accepted=false,recoveryGain=true,qGain=-0.03397932575800811,fe=498604
formalLocal:outer=61,slot=8,pass=10,op=O1_JS_INSERT,accepted=true,recoveryGain=true,qGain=0.2457317758564225,fe=498605
formalLocal:outer=61,slot=8,pass=10,op=O2_JS_REVERSE,accepted=false,recoveryGain=true,qGain=-0.08320779277038098,fe=498606
formalLocal:outer=61,slot=8,pass=10,op=O3_JS_SWAP,accepted=false,recoveryGain=true,qGain=-1.0,fe=498607
formalLocal:outer=61,slot=8,pass=10,op=O4_WA_LOAD_TRANSFER,accepted=false,recoveryGain=true,qGain=-1.0,fe=498608
formalLocal:outer=61,slot=8,pass=10,op=O5_WA_WEAK_TO_STRONG,accepted=false,recoveryGain=true,qGain=-0.08968409733049203,fe=498609
formalLocal:outer=61,slot=8,pass=10,op=O6_WA_SWAP,accepted=false,recoveryGain=true,qGain=-0.12002036572230228,fe=498610
formalLocal:outer=61,slot=8,pass=10,op=O7_MA_LOAD_TRANSFER,accepted=false,recoveryGain=true,qGain=0.0,fe=498611
formalLocal:outer=61,slot=8,pass=10,op=O8_MA_WEAK_TO_STRONG,accepted=false,recoveryGain=true,qGain=-0.8403725843142095,fe=498612
formalLocal:outer=61,slot=8,pass=10,op=O9_MA_SWAP,accepted=true,recoveryGain=true,qGain=0.024645435231146928,fe=498613
formalLocal:outer=61,slot=8,pass=11,op=O1_JS_INSERT,accepted=false,recoveryGain=true,qGain=0.0,fe=498614
formalLocal:outer=61,slot=8,pass=11,op=O2_JS_REVERSE,accepted=false,recoveryGain=true,qGain=-1.0,fe=498615
formalLocal:outer=61,slot=8,pass=11,op=O3_JS_SWAP,accepted=false,recoveryGain=true,qGain=-0.9186899514599884,fe=498616
formalLocal:outer=61,slot=8,pass=11,op=O4_WA_LOAD_TRANSFER,accepted=false,recoveryGain=true,qGain=-1.0,fe=498617
formalLocal:outer=61,slot=8,pass=11,op=O5_WA_WEAK_TO_STRONG,accepted=false,recoveryGain=true,qGain=-0.08677495226404625,fe=498618
formalLocal:outer=61,slot=8,pass=11,op=O6_WA_SWAP,accepted=false,recoveryGain=true,qGain=-0.09259667822296684,fe=498619
formalLocal:outer=61,slot=8,pass=11,op=O7_MA_LOAD_TRANSFER,accepted=false,recoveryGain=true,qGain=0.0,fe=498620
formalLocal:outer=61,slot=8,pass=11,op=O8_MA_WEAK_TO_STRONG,accepted=false,recoveryGain=true,qGain=-0.5118012271298271,fe=498621
formalLocal:outer=61,slot=8,pass=11,op=O9_MA_SWAP,accepted=false,recoveryGain=true,qGain=-0.025268180538005263,fe=498622
formalLocal:outer=61,slot=8,pass=12,op=O1_JS_INSERT,accepted=false,recoveryGain=true,qGain=0.0,fe=498623
formalLocal:outer=61,slot=8,pass=12,op=O2_JS_REVERSE,accepted=false,recoveryGain=true,qGain=-1.0,fe=498624
formalLocal:outer=61,slot=8,pass=12,op=O3_JS_SWAP,accepted=false,recoveryGain=true,qGain=-0.21861269185576584,fe=498625
formalLocal:outer=61,slot=8,pass=12,op=O4_WA_LOAD_TRANSFER,accepted=false,recoveryGain=true,qGain=-1.0,fe=498626
formalLocal:outer=61,slot=8,pass=12,op=O5_WA_WEAK_TO_STRONG,accepted=false,recoveryGain=true,qGain=-0.08677495226404625,fe=498627
formalLocal:outer=61,slot=8,pass=12,op=O6_WA_SWAP,accepted=false,recoveryGain=true,qGain=-0.09259667822296684,fe=498628
formalLocal:outer=61,slot=8,pass=12,op=O7_MA_LOAD_TRANSFER,accepted=false,recoveryGain=true,qGain=0.0,fe=498629
formalLocal:outer=61,slot=8,pass=12,op=O8_MA_WEAK_TO_STRONG,accepted=false,recoveryGain=true,qGain=-0.5118012271298271,fe=498630
formalLocal:outer=61,slot=8,pass=12,op=O9_MA_SWAP,accepted=false,recoveryGain=true,qGain=-0.025268180538005263,fe=498631
formalLocal:outer=61,slot=8,pass=13,op=O1_JS_INSERT,accepted=false,recoveryGain=true,qGain=-0.3825157597408263,fe=498632
formalLocal:outer=61,slot=8,pass=13,op=O2_JS_REVERSE,accepted=false,recoveryGain=true,qGain=-1.0,fe=498633
formalLocal:outer=61,slot=8,pass=13,op=O3_JS_SWAP,accepted=false,recoveryGain=true,qGain=-1.0,fe=498634
formalLocal:outer=61,slot=8,pass=13,op=O4_WA_LOAD_TRANSFER,accepted=false,recoveryGain=true,qGain=-1.0,fe=498635
formalLocal:outer=61,slot=8,pass=13,op=O5_WA_WEAK_TO_STRONG,accepted=false,recoveryGain=true,qGain=-0.08677495226404625,fe=498636
formalLocal:outer=61,slot=8,pass=13,op=O6_WA_SWAP,accepted=false,recoveryGain=true,qGain=-0.09259667822296684,fe=498637
formalLocal:outer=61,slot=8,pass=13,op=O7_MA_LOAD_TRANSFER,accepted=false,recoveryGain=true,qGain=0.0,fe=498638
formalLocal:outer=61,slot=8,pass=13,op=O8_MA_WEAK_TO_STRONG,accepted=false,recoveryGain=true,qGain=-0.5118012271298271,fe=498639
formalLocal:outer=61,slot=8,pass=13,op=O9_MA_SWAP,accepted=false,recoveryGain=true,qGain=-0.025268180538005263,fe=498640
formalLocal:outer=61,slot=8,pass=14,op=O1_JS_INSERT,accepted=false,recoveryGain=true,qGain=-0.2528467427590576,fe=498641
formalLocal:outer=61,slot=8,pass=14,op=O2_JS_REVERSE,accepted=false,recoveryGain=true,qGain=-0.5809298224485726,fe=498642
formalLocal:outer=61,slot=8,pass=14,op=O3_JS_SWAP,accepted=true,recoveryGain=true,qGain=0.03120867321935084,fe=498643
formalLocal:outer=61,slot=8,pass=14,op=O4_WA_LOAD_TRANSFER,accepted=false,recoveryGain=true,qGain=-1.0,fe=498644
formalLocal:outer=61,slot=8,pass=14,op=O5_WA_WEAK_TO_STRONG,accepted=false,recoveryGain=true,qGain=-0.0795613928286171,fe=498645
formalLocal:outer=61,slot=8,pass=14,op=O6_WA_SWAP,accepted=false,recoveryGain=true,qGain=-0.24859270922514462,fe=498646
formalLocal:outer=61,slot=8,pass=14,op=O7_MA_LOAD_TRANSFER,accepted=false,recoveryGain=true,qGain=0.0,fe=498647
formalLocal:outer=61,slot=8,pass=14,op=O8_MA_WEAK_TO_STRONG,accepted=false,recoveryGain=true,qGain=-0.5172478539955427,fe=498648
formalLocal:outer=61,slot=8,pass=14,op=O9_MA_SWAP,accepted=false,recoveryGain=true,qGain=-0.03448409932627196,fe=498649
formalLocal:outer=61,slot=8,pass=15,op=O1_JS_INSERT,accepted=false,recoveryGain=true,qGain=-0.49967123482695297,fe=498650
formalLocal:outer=61,slot=8,pass=15,op=O2_JS_REVERSE,accepted=false,recoveryGain=true,qGain=-1.0,fe=498651
formalLocal:outer=61,slot=8,pass=15,op=O3_JS_SWAP,accepted=false,recoveryGain=true,qGain=-0.1362634053425016,fe=498652
formalLocal:outer=61,slot=8,pass=15,op=O4_WA_LOAD_TRANSFER,accepted=false,recoveryGain=true,qGain=-1.0,fe=498653
formalLocal:outer=61,slot=8,pass=15,op=O5_WA_WEAK_TO_STRONG,accepted=false,recoveryGain=true,qGain=-0.0795613928286171,fe=498654
formalLocal:outer=61,slot=8,pass=15,op=O6_WA_SWAP,accepted=false,recoveryGain=true,qGain=-0.24859270922514462,fe=498655
formalLocal:outer=61,slot=8,pass=15,op=O7_MA_LOAD_TRANSFER,accepted=false,recoveryGain=true,qGain=0.0,fe=498656
formalLocal:outer=61,slot=8,pass=15,op=O8_MA_WEAK_TO_STRONG,accepted=false,recoveryGain=true,qGain=-0.5172478539955427,fe=498657
formalLocal:outer=61,slot=8,pass=15,op=O9_MA_SWAP,accepted=false,recoveryGain=true,qGain=-0.03448409932627196,fe=498658
formalLocal:outer=61,slot=8,pass=16,op=O1_JS_INSERT,accepted=false,recoveryGain=true,qGain=-1.0,fe=498659
formalLocal:outer=61,slot=8,pass=16,op=O2_JS_REVERSE,accepted=false,recoveryGain=true,qGain=-0.31034541470493426,fe=498660
formalLocal:outer=61,slot=8,pass=16,op=O3_JS_SWAP,accepted=false,recoveryGain=true,qGain=-0.6989718028117976,fe=498661
formalLocal:outer=61,slot=8,pass=16,op=O4_WA_LOAD_TRANSFER,accepted=false,recoveryGain=true,qGain=-1.0,fe=498662
formalLocal:outer=61,slot=8,pass=16,op=O5_WA_WEAK_TO_STRONG,accepted=false,recoveryGain=true,qGain=-0.0795613928286171,fe=498663
formalLocal:outer=61,slot=8,pass=16,op=O6_WA_SWAP,accepted=false,recoveryGain=true,qGain=-0.24859270922514462,fe=498664
formalLocal:outer=61,slot=8,pass=16,op=O7_MA_LOAD_TRANSFER,accepted=false,recoveryGain=true,qGain=0.0,fe=498665
formalLocal:outer=61,slot=8,pass=16,op=O8_MA_WEAK_TO_STRONG,accepted=false,recoveryGain=true,qGain=-0.5172478539955427,fe=498666
formalLocal:outer=61,slot=8,pass=16,op=O9_MA_SWAP,accepted=false,recoveryGain=true,qGain=-0.03448409932627196,fe=498667
formalLocal:outer=61,slot=8,pass=17,op=O1_JS_INSERT,accepted=false,recoveryGain=true,qGain=-1.0,fe=498668
formalLocal:outer=61,slot=8,pass=17,op=O2_JS_REVERSE,accepted=false,recoveryGain=true,qGain=-0.8102011602541228,fe=498669
formalLocal:outer=61,slot=8,pass=17,op=O3_JS_SWAP,accepted=true,recoveryGain=true,qGain=0.044818898029965436,fe=498670
formalLocal:outer=61,slot=8,pass=17,op=O4_WA_LOAD_TRANSFER,accepted=false,recoveryGain=true,qGain=-1.0,fe=498671
formalLocal:outer=61,slot=8,pass=17,op=O5_WA_WEAK_TO_STRONG,accepted=false,recoveryGain=true,qGain=-0.08347744847782873,fe=498672
formalLocal:outer=61,slot=8,pass=17,op=O6_WA_SWAP,accepted=false,recoveryGain=true,qGain=-0.26218625728155587,fe=498673
formalLocal:outer=61,slot=8,pass=17,op=O7_MA_LOAD_TRANSFER,accepted=false,recoveryGain=true,qGain=0.0,fe=498674
formalLocal:outer=61,slot=8,pass=17,op=O8_MA_WEAK_TO_STRONG,accepted=false,recoveryGain=true,qGain=-0.5394120019944186,fe=498675
formalLocal:outer=61,slot=8,pass=17,op=O9_MA_SWAP,accepted=false,recoveryGain=true,qGain=-0.03777105037780594,fe=498676
formalLocal:outer=61,slot=8,pass=18,op=O1_JS_INSERT,accepted=true,recoveryGain=true,qGain=0.13887468677531775,fe=498677
formalLocal:outer=61,slot=8,pass=18,op=O2_JS_REVERSE,accepted=false,recoveryGain=true,qGain=-0.0031852461931115073,fe=498678
formalLocal:outer=61,slot=8,pass=18,op=O3_JS_SWAP,accepted=true,recoveryGain=true,qGain=0.01947471859688987,fe=498679
formalLocal:outer=61,slot=8,pass=18,op=O4_WA_LOAD_TRANSFER,accepted=false,recoveryGain=true,qGain=-1.0,fe=498680
formalLocal:outer=61,slot=8,pass=18,op=O5_WA_WEAK_TO_STRONG,accepted=false,recoveryGain=true,qGain=-0.08576657233147661,fe=498681
formalLocal:outer=61,slot=8,pass=18,op=O6_WA_SWAP,accepted=false,recoveryGain=true,qGain=-0.3557001986174351,fe=498682
formalLocal:outer=61,slot=8,pass=18,op=O7_MA_LOAD_TRANSFER,accepted=false,recoveryGain=true,qGain=0.0,fe=498683
formalLocal:outer=61,slot=8,pass=18,op=O8_MA_WEAK_TO_STRONG,accepted=false,recoveryGain=true,qGain=-0.6282115669901387,fe=498684
formalLocal:outer=61,slot=8,pass=18,op=O9_MA_SWAP,accepted=false,recoveryGain=true,qGain=-0.05151021014819937,fe=498685
formalLocal:outer=61,slot=8,pass=19,op=O1_JS_INSERT,accepted=false,recoveryGain=true,qGain=-0.06127630645285977,fe=498686
formalLocal:outer=61,slot=8,pass=19,op=O2_JS_REVERSE,accepted=false,recoveryGain=true,qGain=-0.5355730782203331,fe=498687
formalLocal:outer=61,slot=8,pass=19,op=O3_JS_SWAP,accepted=false,recoveryGain=true,qGain=-1.0,fe=498688
formalLocal:outer=61,slot=8,pass=19,op=O4_WA_LOAD_TRANSFER,accepted=false,recoveryGain=true,qGain=-1.0,fe=498689
formalLocal:outer=61,slot=8,pass=19,op=O5_WA_WEAK_TO_STRONG,accepted=false,recoveryGain=true,qGain=-0.08576657233147661,fe=498690
formalLocal:outer=61,slot=8,pass=19,op=O6_WA_SWAP,accepted=false,recoveryGain=true,qGain=-0.3557001986174351,fe=498691
formalLocal:outer=61,slot=8,pass=19,op=O7_MA_LOAD_TRANSFER,accepted=false,recoveryGain=true,qGain=0.0,fe=498692
formalLocal:outer=61,slot=8,pass=19,op=O8_MA_WEAK_TO_STRONG,accepted=false,recoveryGain=true,qGain=-0.6282115669901387,fe=498693
formalLocal:outer=61,slot=8,pass=19,op=O9_MA_SWAP,accepted=false,recoveryGain=true,qGain=-0.05151021014819937,fe=498694
formalLocal:outer=61,slot=8,pass=20,op=O1_JS_INSERT,accepted=false,recoveryGain=true,qGain=-0.5764830133787598,fe=498695
formalLocal:outer=61,slot=8,pass=20,op=O2_JS_REVERSE,accepted=false,recoveryGain=true,qGain=-1.0,fe=498696
formalLocal:outer=61,slot=8,pass=20,op=O3_JS_SWAP,accepted=false,recoveryGain=true,qGain=-1.0,fe=498697
formalLocal:outer=61,slot=8,pass=20,op=O4_WA_LOAD_TRANSFER,accepted=false,recoveryGain=true,qGain=-1.0,fe=498698
formalLocal:outer=61,slot=8,pass=20,op=O5_WA_WEAK_TO_STRONG,accepted=false,recoveryGain=true,qGain=-0.08576657233147661,fe=498699
formalLocal:outer=61,slot=8,pass=20,op=O6_WA_SWAP,accepted=false,recoveryGain=true,qGain=-0.3557001986174351,fe=498700
formalLocal:outer=61,slot=8,pass=20,op=O7_MA_LOAD_TRANSFER,accepted=false,recoveryGain=true,qGain=0.0,fe=498701
formalLocal:outer=61,slot=8,pass=20,op=O8_MA_WEAK_TO_STRONG,accepted=false,recoveryGain=true,qGain=-0.6282115669901387,fe=498702
formalLocal:outer=61,slot=8,pass=20,op=O9_MA_SWAP,accepted=false,recoveryGain=true,qGain=-0.05151021014819937,fe=498703
formalLocal:outer=61,slot=8,pass=21,op=O1_JS_INSERT,accepted=true,recoveryGain=true,qGain=0.03270649971588765,fe=498704
formalLocal:outer=61,slot=8,pass=21,op=O2_JS_REVERSE,accepted=false,recoveryGain=true,qGain=-5.6083926483877205E-5,fe=498705
formalLocal:outer=61,slot=8,pass=21,op=O3_JS_SWAP,accepted=false,recoveryGain=true,qGain=-1.0,fe=498706
formalLocal:outer=61,slot=8,pass=21,op=O4_WA_LOAD_TRANSFER,accepted=false,recoveryGain=true,qGain=-1.0,fe=498707
formalLocal:outer=61,slot=8,pass=21,op=O5_WA_WEAK_TO_STRONG,accepted=false,recoveryGain=true,qGain=-0.3994417634342897,fe=498708
formalLocal:outer=61,slot=8,pass=21,op=O6_WA_SWAP,accepted=false,recoveryGain=true,qGain=-0.7575967537066883,fe=498709
formalLocal:outer=61,slot=8,pass=21,op=O7_MA_LOAD_TRANSFER,accepted=true,recoveryGain=true,qGain=0.026134301625396553,fe=498710
formalLocal:outer=61,slot=8,pass=21,op=O8_MA_WEAK_TO_STRONG,accepted=false,recoveryGain=true,qGain=-0.349088387622026,fe=498711
formalLocal:outer=61,slot=8,pass=21,op=O9_MA_SWAP,accepted=false,recoveryGain=true,qGain=-0.3043728947729177,fe=498712
formalLocal:outer=61,slot=8,pass=22,op=O1_JS_INSERT,accepted=false,recoveryGain=true,qGain=-1.0,fe=498713
formalLocal:outer=61,slot=8,pass=22,op=O2_JS_REVERSE,accepted=false,recoveryGain=true,qGain=-1.0,fe=498714
formalLocal:outer=61,slot=8,pass=22,op=O3_JS_SWAP,accepted=false,recoveryGain=true,qGain=-0.16028218062346478,fe=498715
formalLocal:outer=61,slot=8,pass=22,op=O4_WA_LOAD_TRANSFER,accepted=false,recoveryGain=true,qGain=-1.0,fe=498716
formalLocal:outer=61,slot=8,pass=22,op=O5_WA_WEAK_TO_STRONG,accepted=false,recoveryGain=true,qGain=-0.4369966677848693,fe=498717
formalLocal:outer=61,slot=8,pass=22,op=O6_WA_SWAP,accepted=false,recoveryGain=true,qGain=-0.8048659626349224,fe=498718
formalLocal:outer=61,slot=8,pass=22,op=O7_MA_LOAD_TRANSFER,accepted=false,recoveryGain=true,qGain=-0.34545109536073276,fe=498719
formalLocal:outer=61,slot=8,pass=22,op=O8_MA_WEAK_TO_STRONG,accepted=false,recoveryGain=true,qGain=-0.349088387622026,fe=498720
formalLocal:outer=61,slot=8,pass=22,op=O9_MA_SWAP,accepted=false,recoveryGain=true,qGain=-0.3043728947729177,fe=498721
formalLocal:outer=61,slot=8,pass=23,op=O1_JS_INSERT,accepted=false,recoveryGain=true,qGain=-0.7785479855614248,fe=498722
formalLocal:outer=61,slot=8,pass=23,op=O2_JS_REVERSE,accepted=true,recoveryGain=true,qGain=0.13475927991121167,fe=498723
formalLocal:outer=61,slot=8,pass=23,op=O3_JS_SWAP,accepted=false,recoveryGain=true,qGain=-1.0,fe=498724
formalLocal:outer=61,slot=8,pass=23,op=O4_WA_LOAD_TRANSFER,accepted=false,recoveryGain=true,qGain=-1.0,fe=498725
formalLocal:outer=61,slot=8,pass=23,op=O5_WA_WEAK_TO_STRONG,accepted=false,recoveryGain=true,qGain=-0.5432125822632768,fe=498726
formalLocal:outer=61,slot=8,pass=23,op=O6_WA_SWAP,accepted=false,recoveryGain=true,qGain=-0.9225098246543592,fe=498727
formalLocal:outer=61,slot=8,pass=23,op=O7_MA_LOAD_TRANSFER,accepted=false,recoveryGain=true,qGain=-0.6016870979583488,fe=498728
formalLocal:outer=61,slot=8,pass=23,op=O8_MA_WEAK_TO_STRONG,accepted=false,recoveryGain=true,qGain=-0.4354653081389656,fe=498729
formalLocal:outer=61,slot=8,pass=23,op=O9_MA_SWAP,accepted=false,recoveryGain=true,qGain=-0.35989673423085927,fe=498730
formalLocal:outer=61,slot=8,pass=24,op=O1_JS_INSERT,accepted=true,recoveryGain=true,qGain=4.578794191112141E-4,fe=498731
formalLocal:outer=61,slot=8,pass=24,op=O2_JS_REVERSE,accepted=false,recoveryGain=true,qGain=-1.0,fe=498732
formalLocal:outer=61,slot=8,pass=24,op=O3_JS_SWAP,accepted=true,recoveryGain=true,qGain=0.0018837461239134415,fe=498733
formalLocal:outer=61,slot=8,pass=24,op=O4_WA_LOAD_TRANSFER,accepted=false,recoveryGain=true,qGain=-1.0,fe=498734
formalLocal:outer=61,slot=8,pass=24,op=O5_WA_WEAK_TO_STRONG,accepted=false,recoveryGain=true,qGain=-0.5439634214987193,fe=498735
formalLocal:outer=61,slot=8,pass=24,op=O6_WA_SWAP,accepted=false,recoveryGain=true,qGain=-0.9253863802542321,fe=498736
formalLocal:outer=61,slot=8,pass=24,op=O7_MA_LOAD_TRANSFER,accepted=false,recoveryGain=true,qGain=-0.6028698155063003,fe=498737
formalLocal:outer=61,slot=8,pass=24,op=O8_MA_WEAK_TO_STRONG,accepted=false,recoveryGain=true,qGain=-0.43609371893284365,fe=498738
formalLocal:outer=61,slot=8,pass=24,op=O9_MA_SWAP,accepted=false,recoveryGain=true,qGain=-0.36155578805431876,fe=498739
formalLocal:outer=61,slot=8,pass=25,op=O1_JS_INSERT,accepted=false,recoveryGain=true,qGain=-0.03037496202647199,fe=498740
formalLocal:outer=61,slot=8,pass=25,op=O2_JS_REVERSE,accepted=false,recoveryGain=true,qGain=-1.0,fe=498741
formalLocal:outer=61,slot=8,pass=25,op=O3_JS_SWAP,accepted=false,recoveryGain=true,qGain=-1.0,fe=498742
formalLocal:outer=61,slot=8,pass=25,op=O4_WA_LOAD_TRANSFER,accepted=false,recoveryGain=true,qGain=-1.0,fe=498743
formalLocal:outer=61,slot=8,pass=25,op=O5_WA_WEAK_TO_STRONG,accepted=false,recoveryGain=true,qGain=-0.5439634214987193,fe=498744
formalLocal:outer=61,slot=8,pass=25,op=O6_WA_SWAP,accepted=false,recoveryGain=true,qGain=-0.9253863802542321,fe=498745
formalLocal:outer=61,slot=8,pass=25,op=O7_MA_LOAD_TRANSFER,accepted=false,recoveryGain=true,qGain=-0.6028698155063003,fe=498746
formalLocal:outer=61,slot=8,pass=25,op=O8_MA_WEAK_TO_STRONG,accepted=false,recoveryGain=true,qGain=-0.43609371893284365,fe=498747
formalLocal:outer=61,slot=8,pass=25,op=O9_MA_SWAP,accepted=false,recoveryGain=true,qGain=-0.36155578805431876,fe=498748
formalLocal:outer=61,slot=8,pass=26,op=O1_JS_INSERT,accepted=false,recoveryGain=true,qGain=0.0,fe=498749
formalLocal:outer=61,slot=8,pass=26,op=O2_JS_REVERSE,accepted=false,recoveryGain=true,qGain=-1.0,fe=498750
formalLocal:outer=61,slot=8,pass=26,op=O3_JS_SWAP,accepted=false,recoveryGain=true,qGain=-1.0,fe=498751
formalLocal:outer=61,slot=8,pass=26,op=O4_WA_LOAD_TRANSFER,accepted=false,recoveryGain=true,qGain=-1.0,fe=498752
formalLocal:outer=61,slot=8,pass=26,op=O5_WA_WEAK_TO_STRONG,accepted=false,recoveryGain=true,qGain=-0.5439634214987193,fe=498753
formalLocal:outer=61,slot=8,pass=26,op=O6_WA_SWAP,accepted=false,recoveryGain=true,qGain=-0.9253863802542321,fe=498754
formalLocal:outer=61,slot=8,pass=26,op=O7_MA_LOAD_TRANSFER,accepted=false,recoveryGain=true,qGain=-0.6028698155063003,fe=498755
formalLocal:outer=61,slot=8,pass=26,op=O8_MA_WEAK_TO_STRONG,accepted=false,recoveryGain=true,qGain=-0.43609371893284365,fe=498756
formalLocal:outer=61,slot=8,pass=26,op=O9_MA_SWAP,accepted=false,recoveryGain=true,qGain=-0.36155578805431876,fe=498757
formalLocal:outer=61,slot=8,pass=27,op=O1_JS_INSERT,accepted=false,recoveryGain=true,qGain=-1.0,fe=498758
formalLocal:outer=61,slot=8,pass=27,op=O2_JS_REVERSE,accepted=false,recoveryGain=true,qGain=-1.0,fe=498759
formalLocal:outer=61,slot=8,pass=27,op=O3_JS_SWAP,accepted=false,recoveryGain=true,qGain=-0.3894032384435834,fe=498760
formalLocal:outer=61,slot=8,pass=27,op=O4_WA_LOAD_TRANSFER,accepted=false,recoveryGain=true,qGain=-1.0,fe=498761
formalLocal:outer=61,slot=8,pass=27,op=O5_WA_WEAK_TO_STRONG,accepted=false,recoveryGain=true,qGain=-0.5439634214987193,fe=498762
formalLocal:outer=61,slot=8,pass=27,op=O6_WA_SWAP,accepted=false,recoveryGain=true,qGain=-0.9253863802542321,fe=498763
formalLocal:outer=61,slot=8,pass=27,op=O7_MA_LOAD_TRANSFER,accepted=false,recoveryGain=true,qGain=-0.6028698155063003,fe=498764
formalLocal:outer=61,slot=8,pass=27,op=O8_MA_WEAK_TO_STRONG,accepted=false,recoveryGain=true,qGain=-0.43609371893284365,fe=498765
formalLocal:outer=61,slot=8,pass=27,op=O9_MA_SWAP,accepted=false,recoveryGain=true,qGain=-0.36155578805431876,fe=498766
formalLocal:outer=61,slot=8,pass=28,op=O1_JS_INSERT,accepted=false,recoveryGain=true,qGain=-0.23091044151573792,fe=498767
formalLocal:outer=61,slot=8,pass=28,op=O2_JS_REVERSE,accepted=false,recoveryGain=true,qGain=-1.0,fe=498768
formalLocal:outer=61,slot=8,pass=28,op=O3_JS_SWAP,accepted=false,recoveryGain=true,qGain=-1.0,fe=498769
formalLocal:outer=61,slot=8,pass=28,op=O4_WA_LOAD_TRANSFER,accepted=false,recoveryGain=true,qGain=-1.0,fe=498770
formalLocal:outer=61,slot=8,pass=28,op=O5_WA_WEAK_TO_STRONG,accepted=false,recoveryGain=true,qGain=-0.5439634214987193,fe=498771
formalLocal:outer=61,slot=8,pass=28,op=O6_WA_SWAP,accepted=false,recoveryGain=true,qGain=-0.9253863802542321,fe=498772
formalLocal:outer=61,slot=8,pass=28,op=O7_MA_LOAD_TRANSFER,accepted=false,recoveryGain=true,qGain=-0.6028698155063003,fe=498773
formalLocal:outer=61,slot=8,pass=28,op=O8_MA_WEAK_TO_STRONG,accepted=false,recoveryGain=true,qGain=-0.43609371893284365,fe=498774
formalLocal:outer=61,slot=8,pass=28,op=O9_MA_SWAP,accepted=false,recoveryGain=true,qGain=-0.36155578805431876,fe=498775
formalLocal:outer=61,slot=8,pass=29,op=O1_JS_INSERT,accepted=false,recoveryGain=true,qGain=-0.6077887314451467,fe=498776
formalLocal:outer=61,slot=8,pass=29,op=O2_JS_REVERSE,accepted=false,recoveryGain=true,qGain=-1.0,fe=498777
formalLocal:outer=61,slot=8,pass=29,op=O3_JS_SWAP,accepted=false,recoveryGain=true,qGain=-0.8775129813736622,fe=498778
formalLocal:outer=61,slot=8,pass=29,op=O4_WA_LOAD_TRANSFER,accepted=false,recoveryGain=true,qGain=-1.0,fe=498779
formalLocal:outer=61,slot=8,pass=29,op=O5_WA_WEAK_TO_STRONG,accepted=false,recoveryGain=true,qGain=-0.5439634214987193,fe=498780
formalLocal:outer=61,slot=8,pass=29,op=O6_WA_SWAP,accepted=false,recoveryGain=true,qGain=-0.9253863802542321,fe=498781
formalLocal:outer=61,slot=8,pass=29,op=O7_MA_LOAD_TRANSFER,accepted=false,recoveryGain=true,qGain=-0.6028698155063003,fe=498782
formalLocal:outer=61,slot=8,pass=29,op=O8_MA_WEAK_TO_STRONG,accepted=false,recoveryGain=true,qGain=-0.43609371893284365,fe=498783
formalLocal:outer=61,slot=8,pass=29,op=O9_MA_SWAP,accepted=false,recoveryGain=true,qGain=-0.36155578805431876,fe=498784
formalLocal:outer=61,slot=9,op=CRITICAL_FACTORY_SWAP,accepted=true,fe=498785
formalLocal:outer=61,slot=9,op=CRITICAL_FACTORY_INSERT,accepted=true,fe=498786
formalLocal:outer=61,slot=9,pass=0,op=O1_JS_INSERT,accepted=false,recoveryGain=true,qGain=-0.048887844931623334,fe=498787
formalLocal:outer=61,slot=9,pass=0,op=O2_JS_REVERSE,accepted=false,recoveryGain=true,qGain=-0.7593374489789572,fe=498788
formalLocal:outer=61,slot=9,pass=0,op=O3_JS_SWAP,accepted=false,recoveryGain=true,qGain=0.0,fe=498789
formalLocal:outer=61,slot=9,pass=0,op=O4_WA_LOAD_TRANSFER,accepted=false,recoveryGain=true,qGain=-0.12526388317739476,fe=498790
formalLocal:outer=61,slot=9,pass=0,op=O5_WA_WEAK_TO_STRONG,accepted=false,recoveryGain=true,qGain=-0.12645047882406343,fe=498791
formalLocal:outer=61,slot=9,pass=0,op=O6_WA_SWAP,accepted=true,recoveryGain=true,qGain=0.07988247614956065,fe=498792
formalLocal:outer=61,slot=9,pass=0,op=O7_MA_LOAD_TRANSFER,accepted=false,recoveryGain=true,qGain=-0.07982753854901495,fe=498793
formalLocal:outer=61,slot=9,pass=0,op=O8_MA_WEAK_TO_STRONG,accepted=false,recoveryGain=true,qGain=-0.23630429018725715,fe=498794
formalLocal:outer=61,slot=9,pass=0,op=O9_MA_SWAP,accepted=false,recoveryGain=true,qGain=0.0,fe=498795
formalLocal:outer=61,slot=9,pass=1,op=O1_JS_INSERT,accepted=false,recoveryGain=true,qGain=-0.45461471327514547,fe=498796
formalLocal:outer=61,slot=9,pass=1,op=O2_JS_REVERSE,accepted=false,recoveryGain=true,qGain=-0.3377702281461662,fe=498797
formalLocal:outer=61,slot=9,pass=1,op=O3_JS_SWAP,accepted=false,recoveryGain=true,qGain=-0.1879937486199919,fe=498798
formalLocal:outer=61,slot=9,pass=1,op=O4_WA_LOAD_TRANSFER,accepted=false,recoveryGain=true,qGain=-0.2229566919543866,fe=498799
formalLocal:outer=61,slot=9,pass=1,op=O5_WA_WEAK_TO_STRONG,accepted=false,recoveryGain=true,qGain=-0.22424630509174223,fe=498800
formalLocal:outer=61,slot=9,pass=1,op=O6_WA_SWAP,accepted=false,recoveryGain=true,qGain=-0.08681768804410375,fe=498801
formalLocal:outer=61,slot=9,pass=1,op=O7_MA_LOAD_TRANSFER,accepted=false,recoveryGain=true,qGain=-0.07982753854901495,fe=498802
formalLocal:outer=61,slot=9,pass=1,op=O8_MA_WEAK_TO_STRONG,accepted=false,recoveryGain=true,qGain=-0.23630429018725715,fe=498803
formalLocal:outer=61,slot=9,pass=1,op=O9_MA_SWAP,accepted=false,recoveryGain=true,qGain=0.0,fe=498804
formalLocal:outer=61,slot=9,pass=2,op=O1_JS_INSERT,accepted=true,recoveryGain=true,qGain=0.004418105389167883,fe=498805
formalLocal:outer=61,slot=9,pass=2,op=O2_JS_REVERSE,accepted=false,recoveryGain=true,qGain=-0.41859176486302546,fe=498806
formalLocal:outer=61,slot=9,pass=2,op=O3_JS_SWAP,accepted=false,recoveryGain=true,qGain=-0.25415209874531697,fe=498807
formalLocal:outer=61,slot=9,pass=2,op=O4_WA_LOAD_TRANSFER,accepted=false,recoveryGain=true,qGain=-0.22829469599817956,fe=498808
formalLocal:outer=61,slot=9,pass=2,op=O5_WA_WEAK_TO_STRONG,accepted=false,recoveryGain=true,qGain=-0.22970172416494544,fe=498809
formalLocal:outer=61,slot=9,pass=2,op=O6_WA_SWAP,accepted=false,recoveryGain=true,qGain=-0.09161065513204386,fe=498810
formalLocal:outer=61,slot=9,pass=2,op=O7_MA_LOAD_TRANSFER,accepted=false,recoveryGain=true,qGain=-0.08458545252662118,fe=498811
formalLocal:outer=61,slot=9,pass=2,op=O8_MA_WEAK_TO_STRONG,accepted=false,recoveryGain=true,qGain=-0.23757213666149943,fe=498812
formalLocal:outer=61,slot=9,pass=2,op=O9_MA_SWAP,accepted=false,recoveryGain=true,qGain=0.0,fe=498813
formalLocal:outer=61,slot=9,pass=3,op=O1_JS_INSERT,accepted=false,recoveryGain=true,qGain=-0.0722375778083805,fe=498814
formalLocal:outer=61,slot=9,pass=3,op=O2_JS_REVERSE,accepted=false,recoveryGain=true,qGain=-0.41028874336178445,fe=498815
formalLocal:outer=61,slot=9,pass=3,op=O3_JS_SWAP,accepted=false,recoveryGain=true,qGain=-0.34102240024644687,fe=498816
formalLocal:outer=61,slot=9,pass=3,op=O4_WA_LOAD_TRANSFER,accepted=false,recoveryGain=true,qGain=-0.22829469599817956,fe=498817
formalLocal:outer=61,slot=9,pass=3,op=O5_WA_WEAK_TO_STRONG,accepted=false,recoveryGain=true,qGain=-0.22970172416494544,fe=498818
formalLocal:outer=61,slot=9,pass=3,op=O6_WA_SWAP,accepted=false,recoveryGain=true,qGain=-0.09161065513204386,fe=498819
formalLocal:outer=61,slot=9,pass=3,op=O7_MA_LOAD_TRANSFER,accepted=false,recoveryGain=true,qGain=-0.08458545252662118,fe=498820
formalLocal:outer=61,slot=9,pass=3,op=O8_MA_WEAK_TO_STRONG,accepted=false,recoveryGain=true,qGain=-0.23757213666149943,fe=498821
formalLocal:outer=61,slot=9,pass=3,op=O9_MA_SWAP,accepted=false,recoveryGain=true,qGain=0.0,fe=498822
formalLocal:outer=61,slot=9,pass=4,op=O1_JS_INSERT,accepted=false,recoveryGain=true,qGain=-0.31594595911508294,fe=498823
formalLocal:outer=61,slot=9,pass=4,op=O2_JS_REVERSE,accepted=false,recoveryGain=true,qGain=-0.3223543102913983,fe=498824
formalLocal:outer=61,slot=9,pass=4,op=O3_JS_SWAP,accepted=false,recoveryGain=true,qGain=-0.43298386631828595,fe=498825
formalLocal:outer=61,slot=9,pass=4,op=O4_WA_LOAD_TRANSFER,accepted=false,recoveryGain=true,qGain=-0.22829469599817956,fe=498826
formalLocal:outer=61,slot=9,pass=4,op=O5_WA_WEAK_TO_STRONG,accepted=false,recoveryGain=true,qGain=-0.22970172416494544,fe=498827
formalLocal:outer=61,slot=9,pass=4,op=O6_WA_SWAP,accepted=false,recoveryGain=true,qGain=-0.09161065513204386,fe=498828
formalLocal:outer=61,slot=9,pass=4,op=O7_MA_LOAD_TRANSFER,accepted=false,recoveryGain=true,qGain=-0.08458545252662118,fe=498829
formalLocal:outer=61,slot=9,pass=4,op=O8_MA_WEAK_TO_STRONG,accepted=false,recoveryGain=true,qGain=-0.23757213666149943,fe=498830
formalLocal:outer=61,slot=9,pass=4,op=O9_MA_SWAP,accepted=false,recoveryGain=true,qGain=0.0,fe=498831
formalLocal:outer=61,slot=9,pass=5,op=O1_JS_INSERT,accepted=false,recoveryGain=true,qGain=-0.08455833171599823,fe=498832
formalLocal:outer=61,slot=9,pass=5,op=O2_JS_REVERSE,accepted=false,recoveryGain=true,qGain=-0.29632262545599236,fe=498833
formalLocal:outer=61,slot=9,pass=5,op=O3_JS_SWAP,accepted=false,recoveryGain=true,qGain=-0.14725524552876934,fe=498834
formalLocal:outer=61,slot=9,pass=5,op=O4_WA_LOAD_TRANSFER,accepted=false,recoveryGain=true,qGain=-0.22829469599817956,fe=498835
formalLocal:outer=61,slot=9,pass=5,op=O5_WA_WEAK_TO_STRONG,accepted=false,recoveryGain=true,qGain=-0.22970172416494544,fe=498836
formalLocal:outer=61,slot=9,pass=5,op=O6_WA_SWAP,accepted=false,recoveryGain=true,qGain=-0.09161065513204386,fe=498837
formalLocal:outer=61,slot=9,pass=5,op=O7_MA_LOAD_TRANSFER,accepted=false,recoveryGain=true,qGain=-0.08458545252662118,fe=498838
formalLocal:outer=61,slot=9,pass=5,op=O8_MA_WEAK_TO_STRONG,accepted=false,recoveryGain=true,qGain=-0.23757213666149943,fe=498839
formalLocal:outer=61,slot=9,pass=5,op=O9_MA_SWAP,accepted=false,recoveryGain=true,qGain=0.0,fe=498840
formalLocal:outer=61,slot=9,pass=6,op=O1_JS_INSERT,accepted=true,recoveryGain=true,qGain=0.09820451058336882,fe=498841
formalLocal:outer=61,slot=9,pass=6,op=O2_JS_REVERSE,accepted=false,recoveryGain=true,qGain=-0.16598997121518974,fe=498842
formalLocal:outer=61,slot=9,pass=6,op=O3_JS_SWAP,accepted=true,recoveryGain=true,qGain=0.00500917329408422,fe=498843
formalLocal:outer=61,slot=9,pass=6,op=O4_WA_LOAD_TRANSFER,accepted=true,recoveryGain=true,qGain=0.13361821971770166,fe=498844
formalLocal:outer=61,slot=9,pass=6,op=O5_WA_WEAK_TO_STRONG,accepted=false,recoveryGain=true,qGain=-0.1542255651707773,fe=498845
formalLocal:outer=61,slot=9,pass=6,op=O6_WA_SWAP,accepted=false,recoveryGain=true,qGain=-0.692054624365621,fe=498846
formalLocal:outer=61,slot=9,pass=6,op=O7_MA_LOAD_TRANSFER,accepted=false,recoveryGain=true,qGain=0.0,fe=498847
formalLocal:outer=61,slot=9,pass=6,op=O8_MA_WEAK_TO_STRONG,accepted=true,recoveryGain=true,qGain=0.06508050745123478,fe=498848
formalLocal:outer=61,slot=9,pass=6,op=O9_MA_SWAP,accepted=false,recoveryGain=true,qGain=-0.667082326501639,fe=498849
formalLocal:outer=61,slot=9,pass=7,op=O1_JS_INSERT,accepted=false,recoveryGain=true,qGain=-0.10669022033685766,fe=498850
formalLocal:outer=61,slot=9,pass=7,op=O2_JS_REVERSE,accepted=true,recoveryGain=true,qGain=0.16997896989328307,fe=498851
formalLocal:outer=61,slot=9,pass=7,op=O3_JS_SWAP,accepted=true,recoveryGain=true,qGain=0.04429580867447476,fe=498852
formalLocal:outer=61,slot=9,pass=7,op=O4_WA_LOAD_TRANSFER,accepted=false,recoveryGain=true,qGain=-0.48866966445423254,fe=498853
formalLocal:outer=61,slot=9,pass=7,op=O5_WA_WEAK_TO_STRONG,accepted=false,recoveryGain=true,qGain=-0.22202797817185974,fe=498854
formalLocal:outer=61,slot=9,pass=7,op=O6_WA_SWAP,accepted=false,recoveryGain=true,qGain=-0.2198543490804743,fe=498855
formalLocal:outer=61,slot=9,pass=7,op=O7_MA_LOAD_TRANSFER,accepted=false,recoveryGain=true,qGain=-0.162339635432863,fe=498856
formalLocal:outer=61,slot=9,pass=7,op=O8_MA_WEAK_TO_STRONG,accepted=true,recoveryGain=true,qGain=0.11631719246927405,fe=498857
formalLocal:outer=61,slot=9,pass=7,op=O9_MA_SWAP,accepted=false,recoveryGain=true,qGain=-0.8593683651542169,fe=498858
formalLocal:outer=61,slot=9,pass=8,op=O1_JS_INSERT,accepted=false,recoveryGain=true,qGain=-0.31723577440065265,fe=498859
formalLocal:outer=61,slot=9,pass=8,op=O2_JS_REVERSE,accepted=false,recoveryGain=true,qGain=-0.5012049773920451,fe=498860
formalLocal:outer=61,slot=9,pass=8,op=O3_JS_SWAP,accepted=false,recoveryGain=true,qGain=-0.24229038148012957,fe=498861
formalLocal:outer=61,slot=9,pass=8,op=O4_WA_LOAD_TRANSFER,accepted=false,recoveryGain=true,qGain=-1.0,fe=498862
formalLocal:outer=61,slot=9,pass=8,op=O5_WA_WEAK_TO_STRONG,accepted=false,recoveryGain=true,qGain=-0.1939130154805974,fe=498863
formalLocal:outer=61,slot=9,pass=8,op=O6_WA_SWAP,accepted=false,recoveryGain=true,qGain=-0.92721164718177,fe=498864
formalLocal:outer=61,slot=9,pass=8,op=O7_MA_LOAD_TRANSFER,accepted=false,recoveryGain=true,qGain=-0.07294127725528332,fe=498865
formalLocal:outer=61,slot=9,pass=8,op=O8_MA_WEAK_TO_STRONG,accepted=false,recoveryGain=true,qGain=-0.026777427574330444,fe=498866
formalLocal:outer=61,slot=9,pass=8,op=O9_MA_SWAP,accepted=false,recoveryGain=true,qGain=-0.8593683651542169,fe=498867
formalLocal:outer=61,slot=9,pass=9,op=O1_JS_INSERT,accepted=false,recoveryGain=true,qGain=-1.0,fe=498868
formalLocal:outer=61,slot=9,pass=9,op=O2_JS_REVERSE,accepted=false,recoveryGain=true,qGain=-0.651931942318359,fe=498869
formalLocal:outer=61,slot=9,pass=9,op=O3_JS_SWAP,accepted=false,recoveryGain=true,qGain=-0.12526061995173055,fe=498870
formalLocal:outer=61,slot=9,pass=9,op=O4_WA_LOAD_TRANSFER,accepted=false,recoveryGain=true,qGain=-1.0,fe=498871
formalLocal:outer=61,slot=9,pass=9,op=O5_WA_WEAK_TO_STRONG,accepted=false,recoveryGain=true,qGain=-0.1939130154805974,fe=498872
formalLocal:outer=61,slot=9,pass=9,op=O6_WA_SWAP,accepted=false,recoveryGain=true,qGain=-0.92721164718177,fe=498873
formalLocal:outer=61,slot=9,pass=9,op=O7_MA_LOAD_TRANSFER,accepted=false,recoveryGain=true,qGain=-0.07294127725528332,fe=498874
formalLocal:outer=61,slot=9,pass=9,op=O8_MA_WEAK_TO_STRONG,accepted=false,recoveryGain=true,qGain=-0.026777427574330444,fe=498875
formalLocal:outer=61,slot=9,pass=9,op=O9_MA_SWAP,accepted=false,recoveryGain=true,qGain=-0.8593683651542169,fe=498876
formalLocal:outer=61,slot=9,pass=10,op=O1_JS_INSERT,accepted=false,recoveryGain=true,qGain=-0.23422086106551246,fe=498877
formalLocal:outer=61,slot=9,pass=10,op=O2_JS_REVERSE,accepted=false,recoveryGain=true,qGain=-0.03929631756995683,fe=498878
formalLocal:outer=61,slot=9,pass=10,op=O3_JS_SWAP,accepted=false,recoveryGain=true,qGain=-1.0,fe=498879
formalLocal:outer=61,slot=9,pass=10,op=O4_WA_LOAD_TRANSFER,accepted=false,recoveryGain=true,qGain=-1.0,fe=498880
formalLocal:outer=61,slot=9,pass=10,op=O5_WA_WEAK_TO_STRONG,accepted=false,recoveryGain=true,qGain=-0.1939130154805974,fe=498881
formalLocal:outer=61,slot=9,pass=10,op=O6_WA_SWAP,accepted=false,recoveryGain=true,qGain=-0.92721164718177,fe=498882
formalLocal:outer=61,slot=9,pass=10,op=O7_MA_LOAD_TRANSFER,accepted=false,recoveryGain=true,qGain=-0.07294127725528332,fe=498883
formalLocal:outer=61,slot=9,pass=10,op=O8_MA_WEAK_TO_STRONG,accepted=false,recoveryGain=true,qGain=-0.026777427574330444,fe=498884
formalLocal:outer=61,slot=9,pass=10,op=O9_MA_SWAP,accepted=false,recoveryGain=true,qGain=-0.8593683651542169,fe=498885
formalLocal:outer=61,slot=9,pass=11,op=O1_JS_INSERT,accepted=false,recoveryGain=true,qGain=-0.20910956136683717,fe=498886
formalLocal:outer=61,slot=9,pass=11,op=O2_JS_REVERSE,accepted=false,recoveryGain=true,qGain=-1.0,fe=498887
formalLocal:outer=61,slot=9,pass=11,op=O3_JS_SWAP,accepted=false,recoveryGain=true,qGain=-0.9883140596760618,fe=498888
formalLocal:outer=61,slot=9,pass=11,op=O4_WA_LOAD_TRANSFER,accepted=false,recoveryGain=true,qGain=-1.0,fe=498889
formalLocal:outer=61,slot=9,pass=11,op=O5_WA_WEAK_TO_STRONG,accepted=false,recoveryGain=true,qGain=-0.1939130154805974,fe=498890
formalLocal:outer=61,slot=9,pass=11,op=O6_WA_SWAP,accepted=false,recoveryGain=true,qGain=-0.92721164718177,fe=498891
formalLocal:outer=61,slot=9,pass=11,op=O7_MA_LOAD_TRANSFER,accepted=false,recoveryGain=true,qGain=-0.07294127725528332,fe=498892
formalLocal:outer=61,slot=9,pass=11,op=O8_MA_WEAK_TO_STRONG,accepted=false,recoveryGain=true,qGain=-0.026777427574330444,fe=498893
formalLocal:outer=61,slot=9,pass=11,op=O9_MA_SWAP,accepted=false,recoveryGain=true,qGain=-0.8593683651542169,fe=498894
formalLocal:outer=61,slot=9,pass=12,op=O1_JS_INSERT,accepted=false,recoveryGain=true,qGain=-0.040882263121459435,fe=498895
formalLocal:outer=61,slot=9,pass=12,op=O2_JS_REVERSE,accepted=false,recoveryGain=true,qGain=-1.0,fe=498896
formalLocal:outer=61,slot=9,pass=12,op=O3_JS_SWAP,accepted=false,recoveryGain=true,qGain=-0.633133751985393,fe=498897
formalLocal:outer=61,slot=9,pass=12,op=O4_WA_LOAD_TRANSFER,accepted=false,recoveryGain=true,qGain=-1.0,fe=498898
formalLocal:outer=61,slot=9,pass=12,op=O5_WA_WEAK_TO_STRONG,accepted=false,recoveryGain=true,qGain=-0.1939130154805974,fe=498899
formalLocal:outer=61,slot=9,pass=12,op=O6_WA_SWAP,accepted=false,recoveryGain=true,qGain=-0.92721164718177,fe=498900
formalLocal:outer=61,slot=9,pass=12,op=O7_MA_LOAD_TRANSFER,accepted=false,recoveryGain=true,qGain=-0.07294127725528332,fe=498901
formalLocal:outer=61,slot=9,pass=12,op=O8_MA_WEAK_TO_STRONG,accepted=false,recoveryGain=true,qGain=-0.026777427574330444,fe=498902
formalLocal:outer=61,slot=9,pass=12,op=O9_MA_SWAP,accepted=false,recoveryGain=true,qGain=-0.8593683651542169,fe=498903
formalLocal:outer=61,slot=9,pass=13,op=O1_JS_INSERT,accepted=false,recoveryGain=true,qGain=-0.3054378623435709,fe=498904
formalLocal:outer=61,slot=9,pass=13,op=O2_JS_REVERSE,accepted=false,recoveryGain=true,qGain=-0.7740414995551607,fe=498905
formalLocal:outer=61,slot=9,pass=13,op=O3_JS_SWAP,accepted=false,recoveryGain=true,qGain=-0.9264655648203225,fe=498906
formalLocal:outer=61,slot=9,pass=13,op=O4_WA_LOAD_TRANSFER,accepted=false,recoveryGain=true,qGain=-1.0,fe=498907
formalLocal:outer=61,slot=9,pass=13,op=O5_WA_WEAK_TO_STRONG,accepted=false,recoveryGain=true,qGain=-0.1939130154805974,fe=498908
formalLocal:outer=61,slot=9,pass=13,op=O6_WA_SWAP,accepted=false,recoveryGain=true,qGain=-0.92721164718177,fe=498909
formalLocal:outer=61,slot=9,pass=13,op=O7_MA_LOAD_TRANSFER,accepted=false,recoveryGain=true,qGain=-0.07294127725528332,fe=498910
formalLocal:outer=61,slot=9,pass=13,op=O8_MA_WEAK_TO_STRONG,accepted=false,recoveryGain=true,qGain=-0.026777427574330444,fe=498911
formalLocal:outer=61,slot=9,pass=13,op=O9_MA_SWAP,accepted=false,recoveryGain=true,qGain=-0.8593683651542169,fe=498912
formalLocal:outer=61,slot=9,pass=14,op=O1_JS_INSERT,accepted=false,recoveryGain=true,qGain=-0.33803899315659297,fe=498913
formalLocal:outer=61,slot=9,pass=14,op=O2_JS_REVERSE,accepted=false,recoveryGain=true,qGain=-0.6561796440470193,fe=498914
formalLocal:outer=61,slot=9,pass=14,op=O3_JS_SWAP,accepted=false,recoveryGain=true,qGain=-1.0,fe=498915
formalLocal:outer=61,slot=9,pass=14,op=O4_WA_LOAD_TRANSFER,accepted=false,recoveryGain=true,qGain=-1.0,fe=498916
formalLocal:outer=61,slot=9,pass=14,op=O5_WA_WEAK_TO_STRONG,accepted=false,recoveryGain=true,qGain=-0.1939130154805974,fe=498917
formalLocal:outer=61,slot=9,pass=14,op=O6_WA_SWAP,accepted=false,recoveryGain=true,qGain=-0.92721164718177,fe=498918
formalLocal:outer=61,slot=9,pass=14,op=O7_MA_LOAD_TRANSFER,accepted=false,recoveryGain=true,qGain=-0.07294127725528332,fe=498919
formalLocal:outer=61,slot=9,pass=14,op=O8_MA_WEAK_TO_STRONG,accepted=false,recoveryGain=true,qGain=-0.026777427574330444,fe=498920
formalLocal:outer=61,slot=9,pass=14,op=O9_MA_SWAP,accepted=false,recoveryGain=true,qGain=-0.8593683651542169,fe=498921
formalLocal:outer=61,slot=9,pass=15,op=O1_JS_INSERT,accepted=false,recoveryGain=true,qGain=-0.7545860465438348,fe=498922
formalLocal:outer=61,slot=9,pass=15,op=O2_JS_REVERSE,accepted=true,recoveryGain=true,qGain=0.029196310688499504,fe=498923
formalLocal:outer=61,slot=9,pass=15,op=O3_JS_SWAP,accepted=false,recoveryGain=true,qGain=-0.7333586195237171,fe=498924
formalLocal:outer=61,slot=9,pass=15,op=O4_WA_LOAD_TRANSFER,accepted=false,recoveryGain=true,qGain=-0.1651297902040773,fe=498925
formalLocal:outer=61,slot=9,pass=15,op=O5_WA_WEAK_TO_STRONG,accepted=false,recoveryGain=true,qGain=-0.24222487868786266,fe=498926
formalLocal:outer=61,slot=9,pass=15,op=O6_WA_SWAP,accepted=false,recoveryGain=true,qGain=-0.4965671662962641,fe=498927
formalLocal:outer=61,slot=9,pass=15,op=O7_MA_LOAD_TRANSFER,accepted=false,recoveryGain=true,qGain=-0.26030525771006613,fe=498928
formalLocal:outer=61,slot=9,pass=15,op=O8_MA_WEAK_TO_STRONG,accepted=false,recoveryGain=true,qGain=-0.4361654159561391,fe=498929
formalLocal:outer=61,slot=9,pass=15,op=O9_MA_SWAP,accepted=false,recoveryGain=true,qGain=-0.0010549894962545749,fe=498930
formalLocal:outer=61,slot=9,pass=16,op=O1_JS_INSERT,accepted=false,recoveryGain=true,qGain=-1.0,fe=498931
formalLocal:outer=61,slot=9,pass=16,op=O2_JS_REVERSE,accepted=false,recoveryGain=true,qGain=-1.0,fe=498932
formalLocal:outer=61,slot=9,pass=16,op=O3_JS_SWAP,accepted=true,recoveryGain=true,qGain=0.04787295083704809,fe=498933
formalLocal:outer=61,slot=9,pass=16,op=O4_WA_LOAD_TRANSFER,accepted=false,recoveryGain=true,qGain=-1.0,fe=498934
formalLocal:outer=61,slot=9,pass=16,op=O5_WA_WEAK_TO_STRONG,accepted=false,recoveryGain=true,qGain=-0.1896232854244572,fe=498935
formalLocal:outer=61,slot=9,pass=16,op=O6_WA_SWAP,accepted=false,recoveryGain=true,qGain=-1.0,fe=498936
formalLocal:outer=61,slot=9,pass=16,op=O7_MA_LOAD_TRANSFER,accepted=false,recoveryGain=true,qGain=-0.07308524783294047,fe=498937
formalLocal:outer=61,slot=9,pass=16,op=O8_MA_WEAK_TO_STRONG,accepted=false,recoveryGain=true,qGain=-0.09056629366437748,fe=498938
formalLocal:outer=61,slot=9,pass=16,op=O9_MA_SWAP,accepted=false,recoveryGain=true,qGain=-0.9140509280951562,fe=498939
formalLocal:outer=61,slot=9,pass=17,op=O1_JS_INSERT,accepted=false,recoveryGain=true,qGain=-1.0,fe=498940
formalLocal:outer=61,slot=9,pass=17,op=O2_JS_REVERSE,accepted=false,recoveryGain=true,qGain=-1.0,fe=498941
formalLocal:outer=61,slot=9,pass=17,op=O3_JS_SWAP,accepted=false,recoveryGain=true,qGain=-0.05143644738200871,fe=498942
formalLocal:outer=61,slot=9,pass=17,op=O4_WA_LOAD_TRANSFER,accepted=false,recoveryGain=true,qGain=-1.0,fe=498943
formalLocal:outer=61,slot=9,pass=17,op=O5_WA_WEAK_TO_STRONG,accepted=false,recoveryGain=true,qGain=-0.1896232854244572,fe=498944
formalLocal:outer=61,slot=9,pass=17,op=O6_WA_SWAP,accepted=false,recoveryGain=true,qGain=-1.0,fe=498945
formalLocal:outer=61,slot=9,pass=17,op=O7_MA_LOAD_TRANSFER,accepted=false,recoveryGain=true,qGain=-0.07308524783294047,fe=498946
formalLocal:outer=61,slot=9,pass=17,op=O8_MA_WEAK_TO_STRONG,accepted=false,recoveryGain=true,qGain=-0.09056629366437748,fe=498947
formalLocal:outer=61,slot=9,pass=17,op=O9_MA_SWAP,accepted=false,recoveryGain=true,qGain=-0.9140509280951562,fe=498948
formalLocal:outer=61,slot=9,pass=18,op=O1_JS_INSERT,accepted=true,recoveryGain=true,qGain=0.035311989197096855,fe=498949
formalLocal:outer=61,slot=9,pass=18,op=O2_JS_REVERSE,accepted=false,recoveryGain=true,qGain=0.0,fe=498950
formalLocal:outer=61,slot=9,pass=18,op=O3_JS_SWAP,accepted=true,recoveryGain=true,qGain=0.00207786035377859,fe=498951
formalLocal:outer=61,slot=9,pass=18,op=O4_WA_LOAD_TRANSFER,accepted=false,recoveryGain=true,qGain=-1.0,fe=498952
formalLocal:outer=61,slot=9,pass=18,op=O5_WA_WEAK_TO_STRONG,accepted=false,recoveryGain=true,qGain=-0.1782287099650624,fe=498953
formalLocal:outer=61,slot=9,pass=18,op=O6_WA_SWAP,accepted=false,recoveryGain=true,qGain=-1.0,fe=498954
formalLocal:outer=61,slot=9,pass=18,op=O7_MA_LOAD_TRANSFER,accepted=false,recoveryGain=true,qGain=-0.09982152502155282,fe=498955
formalLocal:outer=61,slot=9,pass=18,op=O8_MA_WEAK_TO_STRONG,accepted=false,recoveryGain=true,qGain=-0.034019592097658674,fe=498956
formalLocal:outer=61,slot=9,pass=18,op=O9_MA_SWAP,accepted=false,recoveryGain=true,qGain=-1.0,fe=498957
formalLocal:outer=61,slot=9,pass=19,op=O1_JS_INSERT,accepted=false,recoveryGain=true,qGain=-0.21858480858378113,fe=498958
formalLocal:outer=61,slot=9,pass=19,op=O2_JS_REVERSE,accepted=false,recoveryGain=true,qGain=-0.34577661752515193,fe=498959
formalLocal:outer=61,slot=9,pass=19,op=O3_JS_SWAP,accepted=false,recoveryGain=true,qGain=-1.0,fe=498960
formalLocal:outer=61,slot=9,pass=19,op=O4_WA_LOAD_TRANSFER,accepted=false,recoveryGain=true,qGain=-1.0,fe=498961
formalLocal:outer=61,slot=9,pass=19,op=O5_WA_WEAK_TO_STRONG,accepted=false,recoveryGain=true,qGain=-0.1782287099650624,fe=498962
formalLocal:outer=61,slot=9,pass=19,op=O6_WA_SWAP,accepted=false,recoveryGain=true,qGain=-1.0,fe=498963
formalLocal:outer=61,slot=9,pass=19,op=O7_MA_LOAD_TRANSFER,accepted=false,recoveryGain=true,qGain=-0.09982152502155282,fe=498964
formalLocal:outer=61,slot=9,pass=19,op=O8_MA_WEAK_TO_STRONG,accepted=false,recoveryGain=true,qGain=-0.034019592097658674,fe=498965
formalLocal:outer=61,slot=9,pass=19,op=O9_MA_SWAP,accepted=false,recoveryGain=true,qGain=-1.0,fe=498966
formalLocal:outer=61,slot=9,pass=20,op=O1_JS_INSERT,accepted=false,recoveryGain=true,qGain=-0.7896700048488596,fe=498967
formalLocal:outer=61,slot=9,pass=20,op=O2_JS_REVERSE,accepted=false,recoveryGain=true,qGain=-0.37980632304701883,fe=498968
formalLocal:outer=61,slot=9,pass=20,op=O3_JS_SWAP,accepted=false,recoveryGain=true,qGain=-1.0,fe=498969
formalLocal:outer=61,slot=9,pass=20,op=O4_WA_LOAD_TRANSFER,accepted=false,recoveryGain=true,qGain=-1.0,fe=498970
formalLocal:outer=61,slot=9,pass=20,op=O5_WA_WEAK_TO_STRONG,accepted=false,recoveryGain=true,qGain=-0.1782287099650624,fe=498971
formalLocal:outer=61,slot=9,pass=20,op=O6_WA_SWAP,accepted=false,recoveryGain=true,qGain=-1.0,fe=498972
formalLocal:outer=61,slot=9,pass=20,op=O7_MA_LOAD_TRANSFER,accepted=false,recoveryGain=true,qGain=-0.09982152502155282,fe=498973
formalLocal:outer=61,slot=9,pass=20,op=O8_MA_WEAK_TO_STRONG,accepted=false,recoveryGain=true,qGain=-0.034019592097658674,fe=498974
formalLocal:outer=61,slot=9,pass=20,op=O9_MA_SWAP,accepted=false,recoveryGain=true,qGain=-1.0,fe=498975
formalLocal:outer=61,slot=9,pass=21,op=O1_JS_INSERT,accepted=false,recoveryGain=true,qGain=-0.7219596392325052,fe=498976
formalLocal:outer=61,slot=9,pass=21,op=O2_JS_REVERSE,accepted=false,recoveryGain=true,qGain=-1.0,fe=498977
formalLocal:outer=61,slot=9,pass=21,op=O3_JS_SWAP,accepted=false,recoveryGain=true,qGain=-0.761320746227805,fe=498978
formalLocal:outer=61,slot=9,pass=21,op=O4_WA_LOAD_TRANSFER,accepted=false,recoveryGain=true,qGain=-1.0,fe=498979
formalLocal:outer=61,slot=9,pass=21,op=O5_WA_WEAK_TO_STRONG,accepted=false,recoveryGain=true,qGain=-0.1782287099650624,fe=498980
formalLocal:outer=61,slot=9,pass=21,op=O6_WA_SWAP,accepted=false,recoveryGain=true,qGain=-1.0,fe=498981
formalLocal:outer=61,slot=9,pass=21,op=O7_MA_LOAD_TRANSFER,accepted=false,recoveryGain=true,qGain=-0.09982152502155282,fe=498982
formalLocal:outer=61,slot=9,pass=21,op=O8_MA_WEAK_TO_STRONG,accepted=false,recoveryGain=true,qGain=-0.034019592097658674,fe=498983
formalLocal:outer=61,slot=9,pass=21,op=O9_MA_SWAP,accepted=false,recoveryGain=true,qGain=-1.0,fe=498984
formalLocal:outer=61,slot=9,pass=22,op=O1_JS_INSERT,accepted=false,recoveryGain=true,qGain=-0.6016686890859212,fe=498985
formalLocal:outer=61,slot=9,pass=22,op=O2_JS_REVERSE,accepted=false,recoveryGain=true,qGain=-0.9535693102911821,fe=498986
formalLocal:outer=61,slot=9,pass=22,op=O3_JS_SWAP,accepted=false,recoveryGain=true,qGain=-1.0,fe=498987
formalLocal:outer=61,slot=9,pass=22,op=O4_WA_LOAD_TRANSFER,accepted=false,recoveryGain=true,qGain=-1.0,fe=498988
formalLocal:outer=61,slot=9,pass=22,op=O5_WA_WEAK_TO_STRONG,accepted=false,recoveryGain=true,qGain=-0.1782287099650624,fe=498989
formalLocal:outer=61,slot=9,pass=22,op=O6_WA_SWAP,accepted=false,recoveryGain=true,qGain=-1.0,fe=498990
formalLocal:outer=61,slot=9,pass=22,op=O7_MA_LOAD_TRANSFER,accepted=false,recoveryGain=true,qGain=-0.09982152502155282,fe=498991
formalLocal:outer=61,slot=9,pass=22,op=O8_MA_WEAK_TO_STRONG,accepted=false,recoveryGain=true,qGain=-0.034019592097658674,fe=498992
formalLocal:outer=61,slot=9,pass=22,op=O9_MA_SWAP,accepted=false,recoveryGain=true,qGain=-1.0,fe=498993
formalLocal:outer=61,slot=9,pass=23,op=O1_JS_INSERT,accepted=false,recoveryGain=true,qGain=-4.8384511875913366E-4,fe=498994
formalLocal:outer=61,slot=9,pass=23,op=O2_JS_REVERSE,accepted=false,recoveryGain=true,qGain=-0.7938758282882014,fe=498995
formalLocal:outer=61,slot=9,pass=23,op=O3_JS_SWAP,accepted=true,recoveryGain=true,qGain=0.024402527590913742,fe=498996
formalLocal:outer=61,slot=9,pass=23,op=O4_WA_LOAD_TRANSFER,accepted=false,recoveryGain=true,qGain=-1.0,fe=498997
formalLocal:outer=61,slot=9,pass=23,op=O5_WA_WEAK_TO_STRONG,accepted=false,recoveryGain=true,qGain=-0.17827248290854839,fe=498998
formalLocal:outer=61,slot=9,pass=23,op=O6_WA_SWAP,accepted=false,recoveryGain=true,qGain=-1.0,fe=498999
formalLocal:outer=61,slot=9,pass=23,op=O7_MA_LOAD_TRANSFER,accepted=false,recoveryGain=true,qGain=-0.09380608437254372,fe=499000
formalLocal:outer=61,slot=9,pass=23,op=O8_MA_WEAK_TO_STRONG,accepted=false,recoveryGain=true,qGain=-0.014574672437326817,fe=499001
formalLocal:outer=61,slot=9,pass=23,op=O9_MA_SWAP,accepted=false,recoveryGain=true,qGain=-1.0,fe=499002
formalLocal:outer=61,slot=9,pass=24,op=O1_JS_INSERT,accepted=false,recoveryGain=true,qGain=-0.23977892110959598,fe=499003
formalLocal:outer=61,slot=9,pass=24,op=O2_JS_REVERSE,accepted=false,recoveryGain=true,qGain=-1.0,fe=499004
formalLocal:outer=61,slot=9,pass=24,op=O3_JS_SWAP,accepted=false,recoveryGain=true,qGain=-2.0272256103231307E-4,fe=499005
formalLocal:outer=61,slot=9,pass=24,op=O4_WA_LOAD_TRANSFER,accepted=false,recoveryGain=true,qGain=-1.0,fe=499006
formalLocal:outer=61,slot=9,pass=24,op=O5_WA_WEAK_TO_STRONG,accepted=false,recoveryGain=true,qGain=-0.17827248290854839,fe=499007
formalLocal:outer=61,slot=9,pass=24,op=O6_WA_SWAP,accepted=false,recoveryGain=true,qGain=-1.0,fe=499008
formalLocal:outer=61,slot=9,pass=24,op=O7_MA_LOAD_TRANSFER,accepted=false,recoveryGain=true,qGain=-0.09380608437254372,fe=499009
formalLocal:outer=61,slot=9,pass=24,op=O8_MA_WEAK_TO_STRONG,accepted=false,recoveryGain=true,qGain=-0.014574672437326817,fe=499010
formalLocal:outer=61,slot=9,pass=24,op=O9_MA_SWAP,accepted=false,recoveryGain=true,qGain=-1.0,fe=499011
formalLocal:outer=61,slot=9,pass=25,op=O1_JS_INSERT,accepted=false,recoveryGain=true,qGain=-0.07043483430954216,fe=499012
formalLocal:outer=61,slot=9,pass=25,op=O2_JS_REVERSE,accepted=false,recoveryGain=true,qGain=-0.8811277898742628,fe=499013
formalLocal:outer=61,slot=9,pass=25,op=O3_JS_SWAP,accepted=false,recoveryGain=true,qGain=-1.0,fe=499014
formalLocal:outer=61,slot=9,pass=25,op=O4_WA_LOAD_TRANSFER,accepted=false,recoveryGain=true,qGain=-1.0,fe=499015
formalLocal:outer=61,slot=9,pass=25,op=O5_WA_WEAK_TO_STRONG,accepted=false,recoveryGain=true,qGain=-0.17827248290854839,fe=499016
formalLocal:outer=61,slot=9,pass=25,op=O6_WA_SWAP,accepted=false,recoveryGain=true,qGain=-1.0,fe=499017
formalLocal:outer=61,slot=9,pass=25,op=O7_MA_LOAD_TRANSFER,accepted=false,recoveryGain=true,qGain=-0.09380608437254372,fe=499018
formalLocal:outer=61,slot=9,pass=25,op=O8_MA_WEAK_TO_STRONG,accepted=false,recoveryGain=true,qGain=-0.014574672437326817,fe=499019
formalLocal:outer=61,slot=9,pass=25,op=O9_MA_SWAP,accepted=false,recoveryGain=true,qGain=-1.0,fe=499020
formalLocal:outer=61,slot=9,pass=26,op=O1_JS_INSERT,accepted=false,recoveryGain=true,qGain=-1.0,fe=499021
formalLocal:outer=61,slot=9,pass=26,op=O2_JS_REVERSE,accepted=false,recoveryGain=true,qGain=-1.0,fe=499022
formalLocal:outer=61,slot=9,pass=26,op=O3_JS_SWAP,accepted=false,recoveryGain=true,qGain=-1.0,fe=499023
formalLocal:outer=61,slot=9,pass=26,op=O4_WA_LOAD_TRANSFER,accepted=false,recoveryGain=true,qGain=-1.0,fe=499024
formalLocal:outer=61,slot=9,pass=26,op=O5_WA_WEAK_TO_STRONG,accepted=false,recoveryGain=true,qGain=-0.17827248290854839,fe=499025
formalLocal:outer=61,slot=9,pass=26,op=O6_WA_SWAP,accepted=false,recoveryGain=true,qGain=-1.0,fe=499026
formalLocal:outer=61,slot=9,pass=26,op=O7_MA_LOAD_TRANSFER,accepted=false,recoveryGain=true,qGain=-0.09380608437254372,fe=499027
formalLocal:outer=61,slot=9,pass=26,op=O8_MA_WEAK_TO_STRONG,accepted=false,recoveryGain=true,qGain=-0.014574672437326817,fe=499028
formalLocal:outer=61,slot=9,pass=26,op=O9_MA_SWAP,accepted=false,recoveryGain=true,qGain=-1.0,fe=499029
formalLocal:outer=61,slot=9,pass=27,op=O1_JS_INSERT,accepted=false,recoveryGain=true,qGain=-0.40181169260746047,fe=499030
formalLocal:outer=61,slot=9,pass=27,op=O2_JS_REVERSE,accepted=false,recoveryGain=true,qGain=-0.4202559982684859,fe=499031
formalLocal:outer=61,slot=9,pass=27,op=O3_JS_SWAP,accepted=false,recoveryGain=true,qGain=-0.5794892347334816,fe=499032
formalLocal:outer=61,slot=9,pass=27,op=O4_WA_LOAD_TRANSFER,accepted=false,recoveryGain=true,qGain=-1.0,fe=499033
formalLocal:outer=61,slot=9,pass=27,op=O5_WA_WEAK_TO_STRONG,accepted=false,recoveryGain=true,qGain=-0.17827248290854839,fe=499034
formalLocal:outer=61,slot=9,pass=27,op=O6_WA_SWAP,accepted=false,recoveryGain=true,qGain=-1.0,fe=499035
formalLocal:outer=61,slot=9,pass=27,op=O7_MA_LOAD_TRANSFER,accepted=false,recoveryGain=true,qGain=-0.09380608437254372,fe=499036
formalLocal:outer=61,slot=9,pass=27,op=O8_MA_WEAK_TO_STRONG,accepted=false,recoveryGain=true,qGain=-0.014574672437326817,fe=499037
formalLocal:outer=61,slot=9,pass=27,op=O9_MA_SWAP,accepted=false,recoveryGain=true,qGain=-1.0,fe=499038
formalLocal:outer=61,slot=9,pass=28,op=O1_JS_INSERT,accepted=false,recoveryGain=true,qGain=-0.07043483430954216,fe=499039
formalLocal:outer=61,slot=9,pass=28,op=O2_JS_REVERSE,accepted=false,recoveryGain=true,qGain=-1.0,fe=499040
formalLocal:outer=61,slot=9,pass=28,op=O3_JS_SWAP,accepted=false,recoveryGain=true,qGain=-0.45423857886661334,fe=499041
formalLocal:outer=61,slot=9,pass=28,op=O4_WA_LOAD_TRANSFER,accepted=false,recoveryGain=true,qGain=-1.0,fe=499042
formalLocal:outer=61,slot=9,pass=28,op=O5_WA_WEAK_TO_STRONG,accepted=false,recoveryGain=true,qGain=-0.17827248290854839,fe=499043
formalLocal:outer=61,slot=9,pass=28,op=O6_WA_SWAP,accepted=false,recoveryGain=true,qGain=-1.0,fe=499044
formalLocal:outer=61,slot=9,pass=28,op=O7_MA_LOAD_TRANSFER,accepted=false,recoveryGain=true,qGain=-0.09380608437254372,fe=499045
formalLocal:outer=61,slot=9,pass=28,op=O8_MA_WEAK_TO_STRONG,accepted=false,recoveryGain=true,qGain=-0.014574672437326817,fe=499046
formalLocal:outer=61,slot=9,pass=28,op=O9_MA_SWAP,accepted=false,recoveryGain=true,qGain=-1.0,fe=499047
formalLocal:outer=61,slot=9,pass=29,op=O1_JS_INSERT,accepted=false,recoveryGain=true,qGain=-0.025224062489754444,fe=499048
formalLocal:outer=61,slot=9,pass=29,op=O2_JS_REVERSE,accepted=false,recoveryGain=true,qGain=-1.0,fe=499049
formalLocal:outer=61,slot=9,pass=29,op=O3_JS_SWAP,accepted=true,recoveryGain=true,qGain=0.008257406942827636,fe=499050
formalLocal:outer=61,slot=9,pass=29,op=O4_WA_LOAD_TRANSFER,accepted=false,recoveryGain=true,qGain=-1.0,fe=499051
formalLocal:outer=61,slot=9,pass=29,op=O5_WA_WEAK_TO_STRONG,accepted=false,recoveryGain=true,qGain=-0.3152701030230377,fe=499052
formalLocal:outer=61,slot=9,pass=29,op=O6_WA_SWAP,accepted=false,recoveryGain=true,qGain=-1.0,fe=499053
formalLocal:outer=61,slot=9,pass=29,op=O7_MA_LOAD_TRANSFER,accepted=false,recoveryGain=true,qGain=-0.23848329748958844,fe=499054
formalLocal:outer=61,slot=9,pass=29,op=O8_MA_WEAK_TO_STRONG,accepted=false,recoveryGain=true,qGain=-0.1531498780707405,fe=499055
formalLocal:outer=61,slot=9,pass=29,op=O9_MA_SWAP,accepted=false,recoveryGain=true,qGain=-1.0,fe=499056
formalLocal:outer=61,slot=10,op=CRITICAL_FACTORY_SWAP,accepted=false,fe=499057
formalLocal:outer=61,slot=10,op=CRITICAL_FACTORY_INSERT,accepted=true,fe=499058
formalLocal:outer=61,slot=10,pass=0,op=O1_JS_INSERT,accepted=false,recoveryGain=true,qGain=-0.6222474721588317,fe=499059
formalLocal:outer=61,slot=10,pass=0,op=O2_JS_REVERSE,accepted=false,recoveryGain=true,qGain=-1.0,fe=499060
formalLocal:outer=61,slot=10,pass=0,op=O3_JS_SWAP,accepted=false,recoveryGain=true,qGain=-0.07561146560190972,fe=499061
formalLocal:outer=61,slot=10,pass=0,op=O4_WA_LOAD_TRANSFER,accepted=false,recoveryGain=true,qGain=-0.07387456087746729,fe=499062
formalLocal:outer=61,slot=10,pass=0,op=O5_WA_WEAK_TO_STRONG,accepted=false,recoveryGain=true,qGain=-0.7350783966386709,fe=499063
formalLocal:outer=61,slot=10,pass=0,op=O6_WA_SWAP,accepted=false,recoveryGain=true,qGain=-0.22222306231111383,fe=499064
formalLocal:outer=61,slot=10,pass=0,op=O7_MA_LOAD_TRANSFER,accepted=true,recoveryGain=true,qGain=0.005457791058802028,fe=499065
formalLocal:outer=61,slot=10,pass=0,op=O8_MA_WEAK_TO_STRONG,accepted=true,recoveryGain=true,qGain=0.09732786294837771,fe=499066
formalLocal:outer=61,slot=10,pass=0,op=O9_MA_SWAP,accepted=true,recoveryGain=true,qGain=0.07376788766825522,fe=499067
formalLocal:outer=61,slot=10,pass=1,op=O1_JS_INSERT,accepted=false,recoveryGain=true,qGain=-0.6095530937664898,fe=499068
formalLocal:outer=61,slot=10,pass=1,op=O2_JS_REVERSE,accepted=false,recoveryGain=true,qGain=-0.3941310370776575,fe=499069
formalLocal:outer=61,slot=10,pass=1,op=O3_JS_SWAP,accepted=false,recoveryGain=true,qGain=-0.8722065324649111,fe=499070
formalLocal:outer=61,slot=10,pass=1,op=O4_WA_LOAD_TRANSFER,accepted=false,recoveryGain=true,qGain=-0.44534281960660094,fe=499071
formalLocal:outer=61,slot=10,pass=1,op=O5_WA_WEAK_TO_STRONG,accepted=false,recoveryGain=true,qGain=-0.15924055323088027,fe=499072
formalLocal:outer=61,slot=10,pass=1,op=O6_WA_SWAP,accepted=false,recoveryGain=true,qGain=-0.060019955575278,fe=499073
formalLocal:outer=61,slot=10,pass=1,op=O7_MA_LOAD_TRANSFER,accepted=true,recoveryGain=true,qGain=0.0012536038379792923,fe=499074
formalLocal:outer=61,slot=10,pass=1,op=O8_MA_WEAK_TO_STRONG,accepted=false,recoveryGain=true,qGain=-0.21473865176862525,fe=499075
formalLocal:outer=61,slot=10,pass=1,op=O9_MA_SWAP,accepted=false,recoveryGain=true,qGain=-0.08099812563450177,fe=499076
formalLocal:outer=61,slot=10,pass=2,op=O1_JS_INSERT,accepted=false,recoveryGain=true,qGain=-0.37453711568953446,fe=499077
formalLocal:outer=61,slot=10,pass=2,op=O2_JS_REVERSE,accepted=false,recoveryGain=true,qGain=-0.6315277907183893,fe=499078
formalLocal:outer=61,slot=10,pass=2,op=O3_JS_SWAP,accepted=false,recoveryGain=true,qGain=-1.0,fe=499079
formalLocal:outer=61,slot=10,pass=2,op=O4_WA_LOAD_TRANSFER,accepted=false,recoveryGain=true,qGain=-0.44715698115233204,fe=499080
formalLocal:outer=61,slot=10,pass=2,op=O5_WA_WEAK_TO_STRONG,accepted=false,recoveryGain=true,qGain=-0.17077896138129672,fe=499081
formalLocal:outer=61,slot=10,pass=2,op=O6_WA_SWAP,accepted=false,recoveryGain=true,qGain=-0.06135046859615126,fe=499082
formalLocal:outer=61,slot=10,pass=2,op=O7_MA_LOAD_TRANSFER,accepted=false,recoveryGain=true,qGain=-0.0012551773331014129,fe=499083
formalLocal:outer=61,slot=10,pass=2,op=O8_MA_WEAK_TO_STRONG,accepted=false,recoveryGain=true,qGain=-0.21473865176862525,fe=499084
formalLocal:outer=61,slot=10,pass=2,op=O9_MA_SWAP,accepted=false,recoveryGain=true,qGain=-0.08099812563450177,fe=499085
formalLocal:outer=61,slot=10,pass=3,op=O1_JS_INSERT,accepted=false,recoveryGain=true,qGain=-1.0549072302275572E-4,fe=499086
formalLocal:outer=61,slot=10,pass=3,op=O2_JS_REVERSE,accepted=false,recoveryGain=true,qGain=-0.2939423988135623,fe=499087
formalLocal:outer=61,slot=10,pass=3,op=O3_JS_SWAP,accepted=true,recoveryGain=true,qGain=0.05974213940277667,fe=499088
formalLocal:outer=61,slot=10,pass=3,op=O4_WA_LOAD_TRANSFER,accepted=false,recoveryGain=true,qGain=-0.0182363707393606,fe=499089
formalLocal:outer=61,slot=10,pass=3,op=O5_WA_WEAK_TO_STRONG,accepted=false,recoveryGain=true,qGain=-0.9415617158881256,fe=499090
formalLocal:outer=61,slot=10,pass=3,op=O6_WA_SWAP,accepted=false,recoveryGain=true,qGain=-0.22653984325527274,fe=499091
formalLocal:outer=61,slot=10,pass=3,op=O7_MA_LOAD_TRANSFER,accepted=false,recoveryGain=true,qGain=-0.012390296404695465,fe=499092
formalLocal:outer=61,slot=10,pass=3,op=O8_MA_WEAK_TO_STRONG,accepted=false,recoveryGain=true,qGain=-0.3037897984539419,fe=499093
formalLocal:outer=61,slot=10,pass=3,op=O9_MA_SWAP,accepted=false,recoveryGain=true,qGain=-0.09930334107864787,fe=499094
formalLocal:outer=61,slot=10,pass=4,op=O1_JS_INSERT,accepted=false,recoveryGain=true,qGain=-0.8150469486279985,fe=499095
formalLocal:outer=61,slot=10,pass=4,op=O2_JS_REVERSE,accepted=false,recoveryGain=true,qGain=-0.8641726776653018,fe=499096
formalLocal:outer=61,slot=10,pass=4,op=O3_JS_SWAP,accepted=false,recoveryGain=true,qGain=-0.0628556348532363,fe=499097
formalLocal:outer=61,slot=10,pass=4,op=O4_WA_LOAD_TRANSFER,accepted=false,recoveryGain=true,qGain=-0.0182363707393606,fe=499098
formalLocal:outer=61,slot=10,pass=4,op=O5_WA_WEAK_TO_STRONG,accepted=false,recoveryGain=true,qGain=-0.9415617158881256,fe=499099
formalLocal:outer=61,slot=10,pass=4,op=O6_WA_SWAP,accepted=false,recoveryGain=true,qGain=-0.22653984325527274,fe=499100
formalLocal:outer=61,slot=10,pass=4,op=O7_MA_LOAD_TRANSFER,accepted=false,recoveryGain=true,qGain=-0.012390296404695465,fe=499101
formalLocal:outer=61,slot=10,pass=4,op=O8_MA_WEAK_TO_STRONG,accepted=false,recoveryGain=true,qGain=-0.3037897984539419,fe=499102
formalLocal:outer=61,slot=10,pass=4,op=O9_MA_SWAP,accepted=false,recoveryGain=true,qGain=-0.09930334107864787,fe=499103
formalLocal:outer=61,slot=10,pass=5,op=O1_JS_INSERT,accepted=false,recoveryGain=true,qGain=-0.3416405788367704,fe=499104
formalLocal:outer=61,slot=10,pass=5,op=O2_JS_REVERSE,accepted=false,recoveryGain=true,qGain=-1.0,fe=499105
formalLocal:outer=61,slot=10,pass=5,op=O3_JS_SWAP,accepted=true,recoveryGain=true,qGain=0.03141400778112823,fe=499106
formalLocal:outer=61,slot=10,pass=5,op=O4_WA_LOAD_TRANSFER,accepted=false,recoveryGain=true,qGain=-0.47572714112189135,fe=499107
formalLocal:outer=61,slot=10,pass=5,op=O5_WA_WEAK_TO_STRONG,accepted=false,recoveryGain=true,qGain=-0.187825114847601,fe=499108
formalLocal:outer=61,slot=10,pass=5,op=O6_WA_SWAP,accepted=false,recoveryGain=true,qGain=-0.06668541968353354,fe=499109
formalLocal:outer=61,slot=10,pass=5,op=O7_MA_LOAD_TRANSFER,accepted=false,recoveryGain=true,qGain=-0.001363942765999508,fe=499110
formalLocal:outer=61,slot=10,pass=5,op=O8_MA_WEAK_TO_STRONG,accepted=false,recoveryGain=true,qGain=-0.23600963170670583,fe=499111
formalLocal:outer=61,slot=10,pass=5,op=O9_MA_SWAP,accepted=false,recoveryGain=true,qGain=-0.08909297244792293,fe=499112
formalLocal:outer=61,slot=10,pass=6,op=O1_JS_INSERT,accepted=false,recoveryGain=true,qGain=-0.3831296822300993,fe=499113
formalLocal:outer=61,slot=10,pass=6,op=O2_JS_REVERSE,accepted=false,recoveryGain=true,qGain=-0.49980792101590077,fe=499114
formalLocal:outer=61,slot=10,pass=6,op=O3_JS_SWAP,accepted=false,recoveryGain=true,qGain=-0.39006923376858055,fe=499115
formalLocal:outer=61,slot=10,pass=6,op=O4_WA_LOAD_TRANSFER,accepted=false,recoveryGain=true,qGain=-0.47572714112189135,fe=499116
formalLocal:outer=61,slot=10,pass=6,op=O5_WA_WEAK_TO_STRONG,accepted=false,recoveryGain=true,qGain=-0.187825114847601,fe=499117
formalLocal:outer=61,slot=10,pass=6,op=O6_WA_SWAP,accepted=false,recoveryGain=true,qGain=-0.06668541968353354,fe=499118
formalLocal:outer=61,slot=10,pass=6,op=O7_MA_LOAD_TRANSFER,accepted=false,recoveryGain=true,qGain=-0.001363942765999508,fe=499119
formalLocal:outer=61,slot=10,pass=6,op=O8_MA_WEAK_TO_STRONG,accepted=false,recoveryGain=true,qGain=-0.23600963170670583,fe=499120
formalLocal:outer=61,slot=10,pass=6,op=O9_MA_SWAP,accepted=false,recoveryGain=true,qGain=-0.08909297244792293,fe=499121
formalLocal:outer=61,slot=10,pass=7,op=O1_JS_INSERT,accepted=false,recoveryGain=true,qGain=-0.09210196161339776,fe=499122
formalLocal:outer=61,slot=10,pass=7,op=O2_JS_REVERSE,accepted=false,recoveryGain=true,qGain=-0.045895264779180926,fe=499123
formalLocal:outer=61,slot=10,pass=7,op=O3_JS_SWAP,accepted=false,recoveryGain=true,qGain=-1.0,fe=499124
formalLocal:outer=61,slot=10,pass=7,op=O4_WA_LOAD_TRANSFER,accepted=false,recoveryGain=true,qGain=-0.47572714112189135,fe=499125
formalLocal:outer=61,slot=10,pass=7,op=O5_WA_WEAK_TO_STRONG,accepted=false,recoveryGain=true,qGain=-0.187825114847601,fe=499126
formalLocal:outer=61,slot=10,pass=7,op=O6_WA_SWAP,accepted=false,recoveryGain=true,qGain=-0.06668541968353354,fe=499127
formalLocal:outer=61,slot=10,pass=7,op=O7_MA_LOAD_TRANSFER,accepted=false,recoveryGain=true,qGain=-0.001363942765999508,fe=499128
formalLocal:outer=61,slot=10,pass=7,op=O8_MA_WEAK_TO_STRONG,accepted=false,recoveryGain=true,qGain=-0.23600963170670583,fe=499129
formalLocal:outer=61,slot=10,pass=7,op=O9_MA_SWAP,accepted=false,recoveryGain=true,qGain=-0.08909297244792293,fe=499130
formalLocal:outer=61,slot=10,pass=8,op=O1_JS_INSERT,accepted=true,recoveryGain=true,qGain=0.01624555151262677,fe=499131
formalLocal:outer=61,slot=10,pass=8,op=O2_JS_REVERSE,accepted=false,recoveryGain=true,qGain=-0.7393054279534187,fe=499132
formalLocal:outer=61,slot=10,pass=8,op=O3_JS_SWAP,accepted=false,recoveryGain=true,qGain=-1.0,fe=499133
formalLocal:outer=61,slot=10,pass=8,op=O4_WA_LOAD_TRANSFER,accepted=false,recoveryGain=true,qGain=-0.023441441818454648,fe=499134
formalLocal:outer=61,slot=10,pass=8,op=O5_WA_WEAK_TO_STRONG,accepted=false,recoveryGain=true,qGain=-0.8958997103127281,fe=499135
formalLocal:outer=61,slot=10,pass=8,op=O6_WA_SWAP,accepted=false,recoveryGain=true,qGain=-0.17361505554747864,fe=499136
formalLocal:outer=61,slot=10,pass=8,op=O7_MA_LOAD_TRANSFER,accepted=false,recoveryGain=true,qGain=-0.01051145613300815,fe=499137
formalLocal:outer=61,slot=10,pass=8,op=O8_MA_WEAK_TO_STRONG,accepted=false,recoveryGain=true,qGain=-0.24666522562025442,fe=499138
formalLocal:outer=61,slot=10,pass=8,op=O9_MA_SWAP,accepted=false,recoveryGain=true,qGain=-0.029618623939464496,fe=499139
formalLocal:outer=61,slot=10,pass=9,op=O1_JS_INSERT,accepted=false,recoveryGain=true,qGain=-1.0,fe=499140
formalLocal:outer=61,slot=10,pass=9,op=O2_JS_REVERSE,accepted=false,recoveryGain=true,qGain=-1.0,fe=499141
formalLocal:outer=61,slot=10,pass=9,op=O3_JS_SWAP,accepted=false,recoveryGain=true,qGain=-1.0,fe=499142
formalLocal:outer=61,slot=10,pass=9,op=O4_WA_LOAD_TRANSFER,accepted=false,recoveryGain=true,qGain=-0.023441441818454648,fe=499143
formalLocal:outer=61,slot=10,pass=9,op=O5_WA_WEAK_TO_STRONG,accepted=false,recoveryGain=true,qGain=-0.8958997103127281,fe=499144
formalLocal:outer=61,slot=10,pass=9,op=O6_WA_SWAP,accepted=false,recoveryGain=true,qGain=-0.17361505554747864,fe=499145
formalLocal:outer=61,slot=10,pass=9,op=O7_MA_LOAD_TRANSFER,accepted=false,recoveryGain=true,qGain=-0.01051145613300815,fe=499146
formalLocal:outer=61,slot=10,pass=9,op=O8_MA_WEAK_TO_STRONG,accepted=false,recoveryGain=true,qGain=-0.24666522562025442,fe=499147
formalLocal:outer=61,slot=10,pass=9,op=O9_MA_SWAP,accepted=false,recoveryGain=true,qGain=-0.029618623939464496,fe=499148
formalLocal:outer=61,slot=10,pass=10,op=O1_JS_INSERT,accepted=false,recoveryGain=true,qGain=-0.869828401430289,fe=499149
formalLocal:outer=61,slot=10,pass=10,op=O2_JS_REVERSE,accepted=false,recoveryGain=true,qGain=-0.7389504605101007,fe=499150
formalLocal:outer=61,slot=10,pass=10,op=O3_JS_SWAP,accepted=false,recoveryGain=true,qGain=-0.20263402633326566,fe=499151
formalLocal:outer=61,slot=10,pass=10,op=O4_WA_LOAD_TRANSFER,accepted=false,recoveryGain=true,qGain=-0.023441441818454648,fe=499152
formalLocal:outer=61,slot=10,pass=10,op=O5_WA_WEAK_TO_STRONG,accepted=false,recoveryGain=true,qGain=-0.8958997103127281,fe=499153
formalLocal:outer=61,slot=10,pass=10,op=O6_WA_SWAP,accepted=false,recoveryGain=true,qGain=-0.17361505554747864,fe=499154
formalLocal:outer=61,slot=10,pass=10,op=O7_MA_LOAD_TRANSFER,accepted=false,recoveryGain=true,qGain=-0.01051145613300815,fe=499155
formalLocal:outer=61,slot=10,pass=10,op=O8_MA_WEAK_TO_STRONG,accepted=false,recoveryGain=true,qGain=-0.24666522562025442,fe=499156
formalLocal:outer=61,slot=10,pass=10,op=O9_MA_SWAP,accepted=false,recoveryGain=true,qGain=-0.029618623939464496,fe=499157
formalLocal:outer=61,slot=10,pass=11,op=O1_JS_INSERT,accepted=false,recoveryGain=true,qGain=-1.0,fe=499158
formalLocal:outer=61,slot=10,pass=11,op=O2_JS_REVERSE,accepted=false,recoveryGain=true,qGain=-0.4790001511954182,fe=499159
formalLocal:outer=61,slot=10,pass=11,op=O3_JS_SWAP,accepted=false,recoveryGain=true,qGain=-0.7241477336882208,fe=499160
formalLocal:outer=61,slot=10,pass=11,op=O4_WA_LOAD_TRANSFER,accepted=false,recoveryGain=true,qGain=-0.023441441818454648,fe=499161
formalLocal:outer=61,slot=10,pass=11,op=O5_WA_WEAK_TO_STRONG,accepted=false,recoveryGain=true,qGain=-0.8958997103127281,fe=499162
formalLocal:outer=61,slot=10,pass=11,op=O6_WA_SWAP,accepted=false,recoveryGain=true,qGain=-0.17361505554747864,fe=499163
formalLocal:outer=61,slot=10,pass=11,op=O7_MA_LOAD_TRANSFER,accepted=false,recoveryGain=true,qGain=-0.01051145613300815,fe=499164
formalLocal:outer=61,slot=10,pass=11,op=O8_MA_WEAK_TO_STRONG,accepted=false,recoveryGain=true,qGain=-0.24666522562025442,fe=499165
formalLocal:outer=61,slot=10,pass=11,op=O9_MA_SWAP,accepted=false,recoveryGain=true,qGain=-0.029618623939464496,fe=499166
formalLocal:outer=61,slot=10,pass=12,op=O1_JS_INSERT,accepted=false,recoveryGain=true,qGain=-1.0,fe=499167
formalLocal:outer=61,slot=10,pass=12,op=O2_JS_REVERSE,accepted=false,recoveryGain=true,qGain=-1.0,fe=499168
formalLocal:outer=61,slot=10,pass=12,op=O3_JS_SWAP,accepted=false,recoveryGain=true,qGain=-0.6224469857896189,fe=499169
formalLocal:outer=61,slot=10,pass=12,op=O4_WA_LOAD_TRANSFER,accepted=false,recoveryGain=true,qGain=-0.023441441818454648,fe=499170
formalLocal:outer=61,slot=10,pass=12,op=O5_WA_WEAK_TO_STRONG,accepted=false,recoveryGain=true,qGain=-0.8958997103127281,fe=499171
formalLocal:outer=61,slot=10,pass=12,op=O6_WA_SWAP,accepted=false,recoveryGain=true,qGain=-0.17361505554747864,fe=499172
formalLocal:outer=61,slot=10,pass=12,op=O7_MA_LOAD_TRANSFER,accepted=false,recoveryGain=true,qGain=-0.01051145613300815,fe=499173
formalLocal:outer=61,slot=10,pass=12,op=O8_MA_WEAK_TO_STRONG,accepted=false,recoveryGain=true,qGain=-0.24666522562025442,fe=499174
formalLocal:outer=61,slot=10,pass=12,op=O9_MA_SWAP,accepted=false,recoveryGain=true,qGain=-0.029618623939464496,fe=499175
formalLocal:outer=61,slot=10,pass=13,op=O1_JS_INSERT,accepted=false,recoveryGain=true,qGain=-0.08137655265202728,fe=499176
formalLocal:outer=61,slot=10,pass=13,op=O2_JS_REVERSE,accepted=false,recoveryGain=true,qGain=-0.5969280537576805,fe=499177
formalLocal:outer=61,slot=10,pass=13,op=O3_JS_SWAP,accepted=false,recoveryGain=true,qGain=-0.3678851701985433,fe=499178
formalLocal:outer=61,slot=10,pass=13,op=O4_WA_LOAD_TRANSFER,accepted=false,recoveryGain=true,qGain=-0.023441441818454648,fe=499179
formalLocal:outer=61,slot=10,pass=13,op=O5_WA_WEAK_TO_STRONG,accepted=false,recoveryGain=true,qGain=-0.8958997103127281,fe=499180
formalLocal:outer=61,slot=10,pass=13,op=O6_WA_SWAP,accepted=false,recoveryGain=true,qGain=-0.17361505554747864,fe=499181
formalLocal:outer=61,slot=10,pass=13,op=O7_MA_LOAD_TRANSFER,accepted=false,recoveryGain=true,qGain=-0.01051145613300815,fe=499182
formalLocal:outer=61,slot=10,pass=13,op=O8_MA_WEAK_TO_STRONG,accepted=false,recoveryGain=true,qGain=-0.24666522562025442,fe=499183
formalLocal:outer=61,slot=10,pass=13,op=O9_MA_SWAP,accepted=false,recoveryGain=true,qGain=-0.029618623939464496,fe=499184
formalLocal:outer=61,slot=10,pass=14,op=O1_JS_INSERT,accepted=false,recoveryGain=true,qGain=-0.38042411000480575,fe=499185
formalLocal:outer=61,slot=10,pass=14,op=O2_JS_REVERSE,accepted=false,recoveryGain=true,qGain=-0.2289358039634961,fe=499186
formalLocal:outer=61,slot=10,pass=14,op=O3_JS_SWAP,accepted=false,recoveryGain=true,qGain=-0.4064704033638468,fe=499187
formalLocal:outer=61,slot=10,pass=14,op=O4_WA_LOAD_TRANSFER,accepted=false,recoveryGain=true,qGain=-0.023441441818454648,fe=499188
formalLocal:outer=61,slot=10,pass=14,op=O5_WA_WEAK_TO_STRONG,accepted=false,recoveryGain=true,qGain=-0.8958997103127281,fe=499189
formalLocal:outer=61,slot=10,pass=14,op=O6_WA_SWAP,accepted=false,recoveryGain=true,qGain=-0.17361505554747864,fe=499190
formalLocal:outer=61,slot=10,pass=14,op=O7_MA_LOAD_TRANSFER,accepted=false,recoveryGain=true,qGain=-0.01051145613300815,fe=499191
formalLocal:outer=61,slot=10,pass=14,op=O8_MA_WEAK_TO_STRONG,accepted=false,recoveryGain=true,qGain=-0.24666522562025442,fe=499192
formalLocal:outer=61,slot=10,pass=14,op=O9_MA_SWAP,accepted=false,recoveryGain=true,qGain=-0.029618623939464496,fe=499193
formalLocal:outer=61,slot=10,pass=15,op=O1_JS_INSERT,accepted=false,recoveryGain=true,qGain=-0.33084128237178045,fe=499194
formalLocal:outer=61,slot=10,pass=15,op=O2_JS_REVERSE,accepted=false,recoveryGain=true,qGain=0.0,fe=499195
formalLocal:outer=61,slot=10,pass=15,op=O3_JS_SWAP,accepted=false,recoveryGain=true,qGain=-0.2171157302940316,fe=499196
formalLocal:outer=61,slot=10,pass=15,op=O4_WA_LOAD_TRANSFER,accepted=false,recoveryGain=true,qGain=-0.023441441818454648,fe=499197
formalLocal:outer=61,slot=10,pass=15,op=O5_WA_WEAK_TO_STRONG,accepted=false,recoveryGain=true,qGain=-0.8958997103127281,fe=499198
formalLocal:outer=61,slot=10,pass=15,op=O6_WA_SWAP,accepted=false,recoveryGain=true,qGain=-0.17361505554747864,fe=499199
formalLocal:outer=61,slot=10,pass=15,op=O7_MA_LOAD_TRANSFER,accepted=false,recoveryGain=true,qGain=-0.01051145613300815,fe=499200
formalLocal:outer=61,slot=10,pass=15,op=O8_MA_WEAK_TO_STRONG,accepted=false,recoveryGain=true,qGain=-0.24666522562025442,fe=499201
formalLocal:outer=61,slot=10,pass=15,op=O9_MA_SWAP,accepted=false,recoveryGain=true,qGain=-0.029618623939464496,fe=499202
formalLocal:outer=61,slot=10,pass=16,op=O1_JS_INSERT,accepted=false,recoveryGain=true,qGain=-0.024441954089044236,fe=499203
formalLocal:outer=61,slot=10,pass=16,op=O2_JS_REVERSE,accepted=false,recoveryGain=true,qGain=-0.6233247247280912,fe=499204
formalLocal:outer=61,slot=10,pass=16,op=O3_JS_SWAP,accepted=true,recoveryGain=true,qGain=0.010114436266790663,fe=499205
formalLocal:outer=61,slot=10,pass=16,op=O4_WA_LOAD_TRANSFER,accepted=false,recoveryGain=true,qGain=-0.5305191283032518,fe=499206
formalLocal:outer=61,slot=10,pass=16,op=O5_WA_WEAK_TO_STRONG,accepted=false,recoveryGain=true,qGain=-0.17125595541213226,fe=499207
formalLocal:outer=61,slot=10,pass=16,op=O6_WA_SWAP,accepted=false,recoveryGain=true,qGain=-0.09542048189444392,fe=499208
formalLocal:outer=61,slot=10,pass=16,op=O7_MA_LOAD_TRANSFER,accepted=false,recoveryGain=true,qGain=-0.0023866421193106694,fe=499209
formalLocal:outer=61,slot=10,pass=16,op=O8_MA_WEAK_TO_STRONG,accepted=false,recoveryGain=true,qGain=-0.2279302246175287,fe=499210
formalLocal:outer=61,slot=10,pass=16,op=O9_MA_SWAP,accepted=false,recoveryGain=true,qGain=-0.08177458485480395,fe=499211
formalLocal:outer=61,slot=10,pass=17,op=O1_JS_INSERT,accepted=false,recoveryGain=true,qGain=-0.15808594512422416,fe=499212
formalLocal:outer=61,slot=10,pass=17,op=O2_JS_REVERSE,accepted=false,recoveryGain=true,qGain=0.0,fe=499213
formalLocal:outer=61,slot=10,pass=17,op=O3_JS_SWAP,accepted=false,recoveryGain=true,qGain=-0.8534681969211312,fe=499214
formalLocal:outer=61,slot=10,pass=17,op=O4_WA_LOAD_TRANSFER,accepted=false,recoveryGain=true,qGain=-0.5305191283032518,fe=499215
formalLocal:outer=61,slot=10,pass=17,op=O5_WA_WEAK_TO_STRONG,accepted=false,recoveryGain=true,qGain=-0.17125595541213226,fe=499216
formalLocal:outer=61,slot=10,pass=17,op=O6_WA_SWAP,accepted=false,recoveryGain=true,qGain=-0.09542048189444392,fe=499217
formalLocal:outer=61,slot=10,pass=17,op=O7_MA_LOAD_TRANSFER,accepted=false,recoveryGain=true,qGain=-0.0023866421193106694,fe=499218
formalLocal:outer=61,slot=10,pass=17,op=O8_MA_WEAK_TO_STRONG,accepted=false,recoveryGain=true,qGain=-0.2279302246175287,fe=499219
formalLocal:outer=61,slot=10,pass=17,op=O9_MA_SWAP,accepted=false,recoveryGain=true,qGain=-0.08177458485480395,fe=499220
formalLocal:outer=61,slot=10,pass=18,op=O1_JS_INSERT,accepted=true,recoveryGain=true,qGain=0.2226568901791307,fe=499221
formalLocal:outer=61,slot=10,pass=18,op=O2_JS_REVERSE,accepted=false,recoveryGain=true,qGain=-0.5546245035899477,fe=499222
formalLocal:outer=61,slot=10,pass=18,op=O3_JS_SWAP,accepted=false,recoveryGain=true,qGain=-1.0,fe=499223
formalLocal:outer=61,slot=10,pass=18,op=O4_WA_LOAD_TRANSFER,accepted=false,recoveryGain=true,qGain=-1.0,fe=499224
formalLocal:outer=61,slot=10,pass=18,op=O5_WA_WEAK_TO_STRONG,accepted=false,recoveryGain=true,qGain=-0.1277172315734361,fe=499225
formalLocal:outer=61,slot=10,pass=18,op=O6_WA_SWAP,accepted=false,recoveryGain=true,qGain=-0.47923301618534825,fe=499226
formalLocal:outer=61,slot=10,pass=18,op=O7_MA_LOAD_TRANSFER,accepted=true,recoveryGain=true,qGain=0.02016615447441167,fe=499227
formalLocal:outer=61,slot=10,pass=18,op=O8_MA_WEAK_TO_STRONG,accepted=false,recoveryGain=true,qGain=-0.2893490669453848,fe=499228
formalLocal:outer=61,slot=10,pass=18,op=O9_MA_SWAP,accepted=false,recoveryGain=true,qGain=-0.048584465230153716,fe=499229
formalLocal:outer=61,slot=10,pass=19,op=O1_JS_INSERT,accepted=true,recoveryGain=true,qGain=0.016166543460206236,fe=499230
formalLocal:outer=61,slot=10,pass=19,op=O2_JS_REVERSE,accepted=false,recoveryGain=true,qGain=-0.43794905534187806,fe=499231
formalLocal:outer=61,slot=10,pass=19,op=O3_JS_SWAP,accepted=false,recoveryGain=true,qGain=-0.007554427230273824,fe=499232
formalLocal:outer=61,slot=10,pass=19,op=O4_WA_LOAD_TRANSFER,accepted=false,recoveryGain=true,qGain=-1.0,fe=499233
formalLocal:outer=61,slot=10,pass=19,op=O5_WA_WEAK_TO_STRONG,accepted=false,recoveryGain=true,qGain=-0.1037218797938875,fe=499234
formalLocal:outer=61,slot=10,pass=19,op=O6_WA_SWAP,accepted=false,recoveryGain=true,qGain=-0.6299590729543642,fe=499235
formalLocal:outer=61,slot=10,pass=19,op=O7_MA_LOAD_TRANSFER,accepted=false,recoveryGain=true,qGain=-0.20527435240024935,fe=499236
formalLocal:outer=61,slot=10,pass=19,op=O8_MA_WEAK_TO_STRONG,accepted=false,recoveryGain=true,qGain=-0.20527435240024935,fe=499237
formalLocal:outer=61,slot=10,pass=19,op=O9_MA_SWAP,accepted=true,recoveryGain=true,qGain=0.02208406280688877,fe=499238
formalLocal:outer=61,slot=10,pass=20,op=O1_JS_INSERT,accepted=false,recoveryGain=true,qGain=-0.4389783033057271,fe=499239
formalLocal:outer=61,slot=10,pass=20,op=O2_JS_REVERSE,accepted=false,recoveryGain=true,qGain=-0.8726888566394467,fe=499240
formalLocal:outer=61,slot=10,pass=20,op=O3_JS_SWAP,accepted=true,recoveryGain=true,qGain=0.014671317659769156,fe=499241
formalLocal:outer=61,slot=10,pass=20,op=O4_WA_LOAD_TRANSFER,accepted=false,recoveryGain=true,qGain=-0.027129898289737685,fe=499242
formalLocal:outer=61,slot=10,pass=20,op=O5_WA_WEAK_TO_STRONG,accepted=false,recoveryGain=true,qGain=-1.0,fe=499243
formalLocal:outer=61,slot=10,pass=20,op=O6_WA_SWAP,accepted=false,recoveryGain=true,qGain=-0.3352272315434947,fe=499244
formalLocal:outer=61,slot=10,pass=20,op=O7_MA_LOAD_TRANSFER,accepted=false,recoveryGain=true,qGain=-0.018079056184443762,fe=499245
formalLocal:outer=61,slot=10,pass=20,op=O8_MA_WEAK_TO_STRONG,accepted=false,recoveryGain=true,qGain=-0.4615815322534393,fe=499246
formalLocal:outer=61,slot=10,pass=20,op=O9_MA_SWAP,accepted=false,recoveryGain=true,qGain=-0.14911685779674472,fe=499247
formalLocal:outer=61,slot=10,pass=21,op=O1_JS_INSERT,accepted=false,recoveryGain=true,qGain=-0.7041520781323055,fe=499248
formalLocal:outer=61,slot=10,pass=21,op=O2_JS_REVERSE,accepted=false,recoveryGain=true,qGain=-1.0,fe=499249
formalLocal:outer=61,slot=10,pass=21,op=O3_JS_SWAP,accepted=false,recoveryGain=true,qGain=-0.895733996467372,fe=499250
formalLocal:outer=61,slot=10,pass=21,op=O4_WA_LOAD_TRANSFER,accepted=false,recoveryGain=true,qGain=-0.027129898289737685,fe=499251
formalLocal:outer=61,slot=10,pass=21,op=O5_WA_WEAK_TO_STRONG,accepted=false,recoveryGain=true,qGain=-1.0,fe=499252
formalLocal:outer=61,slot=10,pass=21,op=O6_WA_SWAP,accepted=false,recoveryGain=true,qGain=-0.3352272315434947,fe=499253
formalLocal:outer=61,slot=10,pass=21,op=O7_MA_LOAD_TRANSFER,accepted=false,recoveryGain=true,qGain=-0.018079056184443762,fe=499254
formalLocal:outer=61,slot=10,pass=21,op=O8_MA_WEAK_TO_STRONG,accepted=false,recoveryGain=true,qGain=-0.4615815322534393,fe=499255
formalLocal:outer=61,slot=10,pass=21,op=O9_MA_SWAP,accepted=false,recoveryGain=true,qGain=-0.14911685779674472,fe=499256
formalLocal:outer=61,slot=10,pass=22,op=O1_JS_INSERT,accepted=false,recoveryGain=true,qGain=-0.04461961084740444,fe=499257
formalLocal:outer=61,slot=10,pass=22,op=O2_JS_REVERSE,accepted=false,recoveryGain=true,qGain=-1.0,fe=499258
formalLocal:outer=61,slot=10,pass=22,op=O3_JS_SWAP,accepted=false,recoveryGain=true,qGain=-1.0,fe=499259
formalLocal:outer=61,slot=10,pass=22,op=O4_WA_LOAD_TRANSFER,accepted=false,recoveryGain=true,qGain=-0.027129898289737685,fe=499260
formalLocal:outer=61,slot=10,pass=22,op=O5_WA_WEAK_TO_STRONG,accepted=false,recoveryGain=true,qGain=-1.0,fe=499261
formalLocal:outer=61,slot=10,pass=22,op=O6_WA_SWAP,accepted=false,recoveryGain=true,qGain=-0.3352272315434947,fe=499262
formalLocal:outer=61,slot=10,pass=22,op=O7_MA_LOAD_TRANSFER,accepted=false,recoveryGain=true,qGain=-0.018079056184443762,fe=499263
formalLocal:outer=61,slot=10,pass=22,op=O8_MA_WEAK_TO_STRONG,accepted=false,recoveryGain=true,qGain=-0.4615815322534393,fe=499264
formalLocal:outer=61,slot=10,pass=22,op=O9_MA_SWAP,accepted=false,recoveryGain=true,qGain=-0.14911685779674472,fe=499265
formalLocal:outer=61,slot=10,pass=23,op=O1_JS_INSERT,accepted=false,recoveryGain=true,qGain=-1.0,fe=499266
formalLocal:outer=61,slot=10,pass=23,op=O2_JS_REVERSE,accepted=false,recoveryGain=true,qGain=-0.2984072454418776,fe=499267
formalLocal:outer=61,slot=10,pass=23,op=O3_JS_SWAP,accepted=false,recoveryGain=true,qGain=-0.9720452756318727,fe=499268
formalLocal:outer=61,slot=10,pass=23,op=O4_WA_LOAD_TRANSFER,accepted=false,recoveryGain=true,qGain=-0.027129898289737685,fe=499269
formalLocal:outer=61,slot=10,pass=23,op=O5_WA_WEAK_TO_STRONG,accepted=false,recoveryGain=true,qGain=-1.0,fe=499270
formalLocal:outer=61,slot=10,pass=23,op=O6_WA_SWAP,accepted=false,recoveryGain=true,qGain=-0.3352272315434947,fe=499271
formalLocal:outer=61,slot=10,pass=23,op=O7_MA_LOAD_TRANSFER,accepted=false,recoveryGain=true,qGain=-0.018079056184443762,fe=499272
formalLocal:outer=61,slot=10,pass=23,op=O8_MA_WEAK_TO_STRONG,accepted=false,recoveryGain=true,qGain=-0.4615815322534393,fe=499273
formalLocal:outer=61,slot=10,pass=23,op=O9_MA_SWAP,accepted=false,recoveryGain=true,qGain=-0.14911685779674472,fe=499274
formalLocal:outer=61,slot=10,pass=24,op=O1_JS_INSERT,accepted=false,recoveryGain=true,qGain=-1.0,fe=499275
formalLocal:outer=61,slot=10,pass=24,op=O2_JS_REVERSE,accepted=false,recoveryGain=true,qGain=-1.0,fe=499276
formalLocal:outer=61,slot=10,pass=24,op=O3_JS_SWAP,accepted=false,recoveryGain=true,qGain=-1.0,fe=499277
formalLocal:outer=61,slot=10,pass=24,op=O4_WA_LOAD_TRANSFER,accepted=false,recoveryGain=true,qGain=-0.027129898289737685,fe=499278
formalLocal:outer=61,slot=10,pass=24,op=O5_WA_WEAK_TO_STRONG,accepted=false,recoveryGain=true,qGain=-1.0,fe=499279
formalLocal:outer=61,slot=10,pass=24,op=O6_WA_SWAP,accepted=false,recoveryGain=true,qGain=-0.3352272315434947,fe=499280
formalLocal:outer=61,slot=10,pass=24,op=O7_MA_LOAD_TRANSFER,accepted=false,recoveryGain=true,qGain=-0.018079056184443762,fe=499281
formalLocal:outer=61,slot=10,pass=24,op=O8_MA_WEAK_TO_STRONG,accepted=false,recoveryGain=true,qGain=-0.4615815322534393,fe=499282
formalLocal:outer=61,slot=10,pass=24,op=O9_MA_SWAP,accepted=false,recoveryGain=true,qGain=-0.14911685779674472,fe=499283
formalLocal:outer=61,slot=10,pass=25,op=O1_JS_INSERT,accepted=false,recoveryGain=true,qGain=-1.0,fe=499284
formalLocal:outer=61,slot=10,pass=25,op=O2_JS_REVERSE,accepted=false,recoveryGain=true,qGain=-0.06236081110089196,fe=499285
formalLocal:outer=61,slot=10,pass=25,op=O3_JS_SWAP,accepted=false,recoveryGain=true,qGain=-1.0,fe=499286
formalLocal:outer=61,slot=10,pass=25,op=O4_WA_LOAD_TRANSFER,accepted=false,recoveryGain=true,qGain=-0.027129898289737685,fe=499287
formalLocal:outer=61,slot=10,pass=25,op=O5_WA_WEAK_TO_STRONG,accepted=false,recoveryGain=true,qGain=-1.0,fe=499288
formalLocal:outer=61,slot=10,pass=25,op=O6_WA_SWAP,accepted=false,recoveryGain=true,qGain=-0.3352272315434947,fe=499289
formalLocal:outer=61,slot=10,pass=25,op=O7_MA_LOAD_TRANSFER,accepted=false,recoveryGain=true,qGain=-0.018079056184443762,fe=499290
formalLocal:outer=61,slot=10,pass=25,op=O8_MA_WEAK_TO_STRONG,accepted=false,recoveryGain=true,qGain=-0.4615815322534393,fe=499291
formalLocal:outer=61,slot=10,pass=25,op=O9_MA_SWAP,accepted=false,recoveryGain=true,qGain=-0.14911685779674472,fe=499292
formalLocal:outer=61,slot=10,pass=26,op=O1_JS_INSERT,accepted=false,recoveryGain=true,qGain=-1.0,fe=499293
formalLocal:outer=61,slot=10,pass=26,op=O2_JS_REVERSE,accepted=false,recoveryGain=true,qGain=-1.0,fe=499294
formalLocal:outer=61,slot=10,pass=26,op=O3_JS_SWAP,accepted=false,recoveryGain=true,qGain=-1.0,fe=499295
formalLocal:outer=61,slot=10,pass=26,op=O4_WA_LOAD_TRANSFER,accepted=false,recoveryGain=true,qGain=-0.027129898289737685,fe=499296
formalLocal:outer=61,slot=10,pass=26,op=O5_WA_WEAK_TO_STRONG,accepted=false,recoveryGain=true,qGain=-1.0,fe=499297
formalLocal:outer=61,slot=10,pass=26,op=O6_WA_SWAP,accepted=false,recoveryGain=true,qGain=-0.3352272315434947,fe=499298
formalLocal:outer=61,slot=10,pass=26,op=O7_MA_LOAD_TRANSFER,accepted=false,recoveryGain=true,qGain=-0.018079056184443762,fe=499299
formalLocal:outer=61,slot=10,pass=26,op=O8_MA_WEAK_TO_STRONG,accepted=false,recoveryGain=true,qGain=-0.4615815322534393,fe=499300
formalLocal:outer=61,slot=10,pass=26,op=O9_MA_SWAP,accepted=false,recoveryGain=true,qGain=-0.14911685779674472,fe=499301
formalLocal:outer=61,slot=10,pass=27,op=O1_JS_INSERT,accepted=false,recoveryGain=true,qGain=-1.0,fe=499302
formalLocal:outer=61,slot=10,pass=27,op=O2_JS_REVERSE,accepted=false,recoveryGain=true,qGain=-0.4856036607024538,fe=499303
formalLocal:outer=61,slot=10,pass=27,op=O3_JS_SWAP,accepted=false,recoveryGain=true,qGain=-0.8321481984940917,fe=499304
formalLocal:outer=61,slot=10,pass=27,op=O4_WA_LOAD_TRANSFER,accepted=false,recoveryGain=true,qGain=-0.027129898289737685,fe=499305
formalLocal:outer=61,slot=10,pass=27,op=O5_WA_WEAK_TO_STRONG,accepted=false,recoveryGain=true,qGain=-1.0,fe=499306
formalLocal:outer=61,slot=10,pass=27,op=O6_WA_SWAP,accepted=false,recoveryGain=true,qGain=-0.3352272315434947,fe=499307
formalLocal:outer=61,slot=10,pass=27,op=O7_MA_LOAD_TRANSFER,accepted=false,recoveryGain=true,qGain=-0.018079056184443762,fe=499308
formalLocal:outer=61,slot=10,pass=27,op=O8_MA_WEAK_TO_STRONG,accepted=false,recoveryGain=true,qGain=-0.4615815322534393,fe=499309
formalLocal:outer=61,slot=10,pass=27,op=O9_MA_SWAP,accepted=false,recoveryGain=true,qGain=-0.14911685779674472,fe=499310
formalLocal:outer=61,slot=10,pass=28,op=O1_JS_INSERT,accepted=false,recoveryGain=true,qGain=0.0,fe=499311
formalLocal:outer=61,slot=10,pass=28,op=O2_JS_REVERSE,accepted=false,recoveryGain=true,qGain=-0.6627419079073071,fe=499312
formalLocal:outer=61,slot=10,pass=28,op=O3_JS_SWAP,accepted=false,recoveryGain=true,qGain=-0.4420606812626276,fe=499313
formalLocal:outer=61,slot=10,pass=28,op=O4_WA_LOAD_TRANSFER,accepted=false,recoveryGain=true,qGain=-0.027129898289737685,fe=499314
formalLocal:outer=61,slot=10,pass=28,op=O5_WA_WEAK_TO_STRONG,accepted=false,recoveryGain=true,qGain=-1.0,fe=499315
formalLocal:outer=61,slot=10,pass=28,op=O6_WA_SWAP,accepted=false,recoveryGain=true,qGain=-0.3352272315434947,fe=499316
formalLocal:outer=61,slot=10,pass=28,op=O7_MA_LOAD_TRANSFER,accepted=false,recoveryGain=true,qGain=-0.018079056184443762,fe=499317
formalLocal:outer=61,slot=10,pass=28,op=O8_MA_WEAK_TO_STRONG,accepted=false,recoveryGain=true,qGain=-0.4615815322534393,fe=499318
formalLocal:outer=61,slot=10,pass=28,op=O9_MA_SWAP,accepted=false,recoveryGain=true,qGain=-0.14911685779674472,fe=499319
formalLocal:outer=61,slot=10,pass=29,op=O1_JS_INSERT,accepted=false,recoveryGain=true,qGain=-1.0,fe=499320
formalLocal:outer=61,slot=10,pass=29,op=O2_JS_REVERSE,accepted=false,recoveryGain=true,qGain=-0.8110750446230397,fe=499321
formalLocal:outer=61,slot=10,pass=29,op=O3_JS_SWAP,accepted=false,recoveryGain=true,qGain=-1.0,fe=499322
formalLocal:outer=61,slot=10,pass=29,op=O4_WA_LOAD_TRANSFER,accepted=false,recoveryGain=true,qGain=-0.027129898289737685,fe=499323
formalLocal:outer=61,slot=10,pass=29,op=O5_WA_WEAK_TO_STRONG,accepted=false,recoveryGain=true,qGain=-1.0,fe=499324
formalLocal:outer=61,slot=10,pass=29,op=O6_WA_SWAP,accepted=false,recoveryGain=true,qGain=-0.3352272315434947,fe=499325
formalLocal:outer=61,slot=10,pass=29,op=O7_MA_LOAD_TRANSFER,accepted=false,recoveryGain=true,qGain=-0.018079056184443762,fe=499326
formalLocal:outer=61,slot=10,pass=29,op=O8_MA_WEAK_TO_STRONG,accepted=false,recoveryGain=true,qGain=-0.4615815322534393,fe=499327
formalLocal:outer=61,slot=10,pass=29,op=O9_MA_SWAP,accepted=false,recoveryGain=true,qGain=-0.14911685779674472,fe=499328
formalLocal:outer=61,slot=11,op=CRITICAL_FACTORY_SWAP,accepted=false,fe=499329
formalLocal:outer=61,slot=11,op=CRITICAL_FACTORY_INSERT,accepted=true,fe=499330
formalLocal:outer=61,slot=11,pass=0,op=O1_JS_INSERT,accepted=false,recoveryGain=true,qGain=0.0,fe=499331
formalLocal:outer=61,slot=11,pass=0,op=O2_JS_REVERSE,accepted=false,recoveryGain=true,qGain=-1.0,fe=499332
formalLocal:outer=61,slot=11,pass=0,op=O3_JS_SWAP,accepted=false,recoveryGain=true,qGain=-0.4479417684474309,fe=499333
formalLocal:outer=61,slot=11,pass=0,op=O4_WA_LOAD_TRANSFER,accepted=false,recoveryGain=true,qGain=-0.35805712618565777,fe=499334
formalLocal:outer=61,slot=11,pass=0,op=O5_WA_WEAK_TO_STRONG,accepted=true,recoveryGain=true,qGain=0.013164982362031749,fe=499335
formalLocal:outer=61,slot=11,pass=0,op=O6_WA_SWAP,accepted=false,recoveryGain=true,qGain=-0.10924802311446198,fe=499336
formalLocal:outer=61,slot=11,pass=0,op=O7_MA_LOAD_TRANSFER,accepted=false,recoveryGain=true,qGain=-0.023363206123465083,fe=499337
formalLocal:outer=61,slot=11,pass=0,op=O8_MA_WEAK_TO_STRONG,accepted=false,recoveryGain=true,qGain=-0.29507789680207325,fe=499338
formalLocal:outer=61,slot=11,pass=0,op=O9_MA_SWAP,accepted=false,recoveryGain=true,qGain=-0.3538081336964031,fe=499339
formalLocal:outer=61,slot=11,pass=1,op=O1_JS_INSERT,accepted=false,recoveryGain=true,qGain=-0.01056250280728693,fe=499340
formalLocal:outer=61,slot=11,pass=1,op=O2_JS_REVERSE,accepted=true,recoveryGain=true,qGain=0.2199093211137403,fe=499341
formalLocal:outer=61,slot=11,pass=1,op=O3_JS_SWAP,accepted=false,recoveryGain=true,qGain=-1.0,fe=499342
formalLocal:outer=61,slot=11,pass=1,op=O4_WA_LOAD_TRANSFER,accepted=false,recoveryGain=true,qGain=-0.003932988527522488,fe=499343
formalLocal:outer=61,slot=11,pass=1,op=O5_WA_WEAK_TO_STRONG,accepted=false,recoveryGain=true,qGain=-0.7805814759988355,fe=499344
formalLocal:outer=61,slot=11,pass=1,op=O6_WA_SWAP,accepted=false,recoveryGain=true,qGain=-0.1271143741946776,fe=499345
formalLocal:outer=61,slot=11,pass=1,op=O7_MA_LOAD_TRANSFER,accepted=false,recoveryGain=true,qGain=-0.027831818594436415,fe=499346
formalLocal:outer=61,slot=11,pass=1,op=O8_MA_WEAK_TO_STRONG,accepted=false,recoveryGain=true,qGain=-0.36507896776576454,fe=499347
formalLocal:outer=61,slot=11,pass=1,op=O9_MA_SWAP,accepted=false,recoveryGain=true,qGain=-0.44036253935127967,fe=499348
formalLocal:outer=61,slot=11,pass=2,op=O1_JS_INSERT,accepted=false,recoveryGain=true,qGain=-0.20697599210609158,fe=499349
formalLocal:outer=61,slot=11,pass=2,op=O2_JS_REVERSE,accepted=false,recoveryGain=true,qGain=-1.0,fe=499350
formalLocal:outer=61,slot=11,pass=2,op=O3_JS_SWAP,accepted=false,recoveryGain=true,qGain=-1.0,fe=499351
formalLocal:outer=61,slot=11,pass=2,op=O4_WA_LOAD_TRANSFER,accepted=false,recoveryGain=true,qGain=-0.003932988527522488,fe=499352
formalLocal:outer=61,slot=11,pass=2,op=O5_WA_WEAK_TO_STRONG,accepted=false,recoveryGain=true,qGain=-0.7805814759988355,fe=499353
formalLocal:outer=61,slot=11,pass=2,op=O6_WA_SWAP,accepted=false,recoveryGain=true,qGain=-0.1271143741946776,fe=499354
formalLocal:outer=61,slot=11,pass=2,op=O7_MA_LOAD_TRANSFER,accepted=false,recoveryGain=true,qGain=-0.027831818594436415,fe=499355
formalLocal:outer=61,slot=11,pass=2,op=O8_MA_WEAK_TO_STRONG,accepted=false,recoveryGain=true,qGain=-0.36507896776576454,fe=499356
formalLocal:outer=61,slot=11,pass=2,op=O9_MA_SWAP,accepted=false,recoveryGain=true,qGain=-0.44036253935127967,fe=499357
formalLocal:outer=61,slot=11,pass=3,op=O1_JS_INSERT,accepted=false,recoveryGain=true,qGain=-0.005256569003186076,fe=499358
formalLocal:outer=61,slot=11,pass=3,op=O2_JS_REVERSE,accepted=false,recoveryGain=true,qGain=-0.541403012478676,fe=499359
formalLocal:outer=61,slot=11,pass=3,op=O3_JS_SWAP,accepted=false,recoveryGain=true,qGain=-0.015965305808367938,fe=499360
formalLocal:outer=61,slot=11,pass=3,op=O4_WA_LOAD_TRANSFER,accepted=false,recoveryGain=true,qGain=-0.003932988527522488,fe=499361
formalLocal:outer=61,slot=11,pass=3,op=O5_WA_WEAK_TO_STRONG,accepted=false,recoveryGain=true,qGain=-0.7805814759988355,fe=499362
formalLocal:outer=61,slot=11,pass=3,op=O6_WA_SWAP,accepted=false,recoveryGain=true,qGain=-0.1271143741946776,fe=499363
formalLocal:outer=61,slot=11,pass=3,op=O7_MA_LOAD_TRANSFER,accepted=false,recoveryGain=true,qGain=-0.027831818594436415,fe=499364
formalLocal:outer=61,slot=11,pass=3,op=O8_MA_WEAK_TO_STRONG,accepted=false,recoveryGain=true,qGain=-0.36507896776576454,fe=499365
formalLocal:outer=61,slot=11,pass=3,op=O9_MA_SWAP,accepted=false,recoveryGain=true,qGain=-0.44036253935127967,fe=499366
formalLocal:outer=61,slot=11,pass=4,op=O1_JS_INSERT,accepted=false,recoveryGain=true,qGain=-0.3037957291625049,fe=499367
formalLocal:outer=61,slot=11,pass=4,op=O2_JS_REVERSE,accepted=true,recoveryGain=true,qGain=0.024276766254616364,fe=499368
formalLocal:outer=61,slot=11,pass=4,op=O3_JS_SWAP,accepted=false,recoveryGain=true,qGain=-1.0,fe=499369
formalLocal:outer=61,slot=11,pass=4,op=O4_WA_LOAD_TRANSFER,accepted=true,recoveryGain=true,qGain=0.00342217461347297,fe=499370
formalLocal:outer=61,slot=11,pass=4,op=O5_WA_WEAK_TO_STRONG,accepted=false,recoveryGain=true,qGain=-0.00343392610822508,fe=499371
formalLocal:outer=61,slot=11,pass=4,op=O6_WA_SWAP,accepted=false,recoveryGain=true,qGain=-0.2675617383659081,fe=499372
formalLocal:outer=61,slot=11,pass=4,op=O7_MA_LOAD_TRANSFER,accepted=false,recoveryGain=true,qGain=-0.02727569091455145,fe=499373
formalLocal:outer=61,slot=11,pass=4,op=O8_MA_WEAK_TO_STRONG,accepted=false,recoveryGain=true,qGain=-0.37139809703173443,fe=499374
formalLocal:outer=61,slot=11,pass=4,op=O9_MA_SWAP,accepted=false,recoveryGain=true,qGain=-0.5904905294682755,fe=499375
formalLocal:outer=61,slot=11,pass=5,op=O1_JS_INSERT,accepted=false,recoveryGain=true,qGain=-0.25189335349128406,fe=499376
formalLocal:outer=61,slot=11,pass=5,op=O2_JS_REVERSE,accepted=false,recoveryGain=true,qGain=-1.0,fe=499377
formalLocal:outer=61,slot=11,pass=5,op=O3_JS_SWAP,accepted=true,recoveryGain=true,qGain=0.1482791090544289,fe=499378
formalLocal:outer=61,slot=11,pass=5,op=O4_WA_LOAD_TRANSFER,accepted=false,recoveryGain=true,qGain=-0.5615087150635482,fe=499379
formalLocal:outer=61,slot=11,pass=5,op=O5_WA_WEAK_TO_STRONG,accepted=false,recoveryGain=true,qGain=-0.13216424510448704,fe=499380
formalLocal:outer=61,slot=11,pass=5,op=O6_WA_SWAP,accepted=false,recoveryGain=true,qGain=-0.3063726281794619,fe=499381
formalLocal:outer=61,slot=11,pass=5,op=O7_MA_LOAD_TRANSFER,accepted=false,recoveryGain=true,qGain=-0.024178397509256464,fe=499382
formalLocal:outer=61,slot=11,pass=5,op=O8_MA_WEAK_TO_STRONG,accepted=false,recoveryGain=true,qGain=-0.4360703560083836,fe=499383
formalLocal:outer=61,slot=11,pass=5,op=O9_MA_SWAP,accepted=false,recoveryGain=true,qGain=-0.6855132308225456,fe=499384
formalLocal:outer=61,slot=11,pass=6,op=O1_JS_INSERT,accepted=true,recoveryGain=true,qGain=0.004764092866856415,fe=499385
formalLocal:outer=61,slot=11,pass=6,op=O2_JS_REVERSE,accepted=true,recoveryGain=true,qGain=0.014202302381345394,fe=499386
formalLocal:outer=61,slot=11,pass=6,op=O3_JS_SWAP,accepted=true,recoveryGain=true,qGain=0.0013230174463679182,fe=499387
formalLocal:outer=61,slot=11,pass=6,op=O4_WA_LOAD_TRANSFER,accepted=false,recoveryGain=true,qGain=-0.8304570045110341,fe=499388
formalLocal:outer=61,slot=11,pass=6,op=O5_WA_WEAK_TO_STRONG,accepted=true,recoveryGain=true,qGain=0.03792893003473288,fe=499389
formalLocal:outer=61,slot=11,pass=6,op=O6_WA_SWAP,accepted=false,recoveryGain=true,qGain=-0.10195362219398102,fe=499390
formalLocal:outer=61,slot=11,pass=6,op=O7_MA_LOAD_TRANSFER,accepted=false,recoveryGain=true,qGain=-0.020242756698831875,fe=499391
formalLocal:outer=61,slot=11,pass=6,op=O8_MA_WEAK_TO_STRONG,accepted=false,recoveryGain=true,qGain=-0.4024776543792015,fe=499392
formalLocal:outer=61,slot=11,pass=6,op=O9_MA_SWAP,accepted=false,recoveryGain=true,qGain=-0.6789825825495777,fe=499393
formalLocal:outer=61,slot=11,pass=7,op=O1_JS_INSERT,accepted=true,recoveryGain=true,qGain=4.7753425050496334E-5,fe=499394
formalLocal:outer=61,slot=11,pass=7,op=O2_JS_REVERSE,accepted=false,recoveryGain=true,qGain=-0.5931611113759951,fe=499395
formalLocal:outer=61,slot=11,pass=7,op=O3_JS_SWAP,accepted=false,recoveryGain=true,qGain=-0.43985342471061767,fe=499396
formalLocal:outer=61,slot=11,pass=7,op=O4_WA_LOAD_TRANSFER,accepted=false,recoveryGain=true,qGain=-0.25535801066459307,fe=499397
formalLocal:outer=61,slot=11,pass=7,op=O5_WA_WEAK_TO_STRONG,accepted=false,recoveryGain=true,qGain=-0.07897843930157979,fe=499398
formalLocal:outer=61,slot=11,pass=7,op=O6_WA_SWAP,accepted=false,recoveryGain=true,qGain=-0.10206383450818703,fe=499399
formalLocal:outer=61,slot=11,pass=7,op=O7_MA_LOAD_TRANSFER,accepted=false,recoveryGain=true,qGain=-0.020236312890490608,fe=499400
formalLocal:outer=61,slot=11,pass=7,op=O8_MA_WEAK_TO_STRONG,accepted=false,recoveryGain=true,qGain=-0.40249166112930757,fe=499401
formalLocal:outer=61,slot=11,pass=7,op=O9_MA_SWAP,accepted=false,recoveryGain=true,qGain=-0.6790096106780473,fe=499402
formalLocal:outer=61,slot=11,pass=8,op=O1_JS_INSERT,accepted=false,recoveryGain=true,qGain=-1.0,fe=499403
formalLocal:outer=61,slot=11,pass=8,op=O2_JS_REVERSE,accepted=false,recoveryGain=true,qGain=-0.789767030263864,fe=499404
formalLocal:outer=61,slot=11,pass=8,op=O3_JS_SWAP,accepted=false,recoveryGain=true,qGain=-0.030097032642315804,fe=499405
formalLocal:outer=61,slot=11,pass=8,op=O4_WA_LOAD_TRANSFER,accepted=false,recoveryGain=true,qGain=-0.25535801066459307,fe=499406
formalLocal:outer=61,slot=11,pass=8,op=O5_WA_WEAK_TO_STRONG,accepted=false,recoveryGain=true,qGain=-0.07897843930157979,fe=499407
formalLocal:outer=61,slot=11,pass=8,op=O6_WA_SWAP,accepted=false,recoveryGain=true,qGain=-0.10206383450818703,fe=499408
formalLocal:outer=61,slot=11,pass=8,op=O7_MA_LOAD_TRANSFER,accepted=false,recoveryGain=true,qGain=-0.020236312890490608,fe=499409
formalLocal:outer=61,slot=11,pass=8,op=O8_MA_WEAK_TO_STRONG,accepted=false,recoveryGain=true,qGain=-0.40249166112930757,fe=499410
formalLocal:outer=61,slot=11,pass=8,op=O9_MA_SWAP,accepted=false,recoveryGain=true,qGain=-0.6790096106780473,fe=499411
formalLocal:outer=61,slot=11,pass=9,op=O1_JS_INSERT,accepted=true,recoveryGain=true,qGain=0.09819224271315775,fe=499412
formalLocal:outer=61,slot=11,pass=9,op=O2_JS_REVERSE,accepted=false,recoveryGain=true,qGain=-0.0677311386538159,fe=499413
formalLocal:outer=61,slot=11,pass=9,op=O3_JS_SWAP,accepted=false,recoveryGain=true,qGain=-0.09806350397475798,fe=499414
formalLocal:outer=61,slot=11,pass=9,op=O4_WA_LOAD_TRANSFER,accepted=false,recoveryGain=true,qGain=-0.1526557402952298,fe=499415
formalLocal:outer=61,slot=11,pass=9,op=O5_WA_WEAK_TO_STRONG,accepted=false,recoveryGain=true,qGain=-0.17297183492271903,fe=499416
formalLocal:outer=61,slot=11,pass=9,op=O6_WA_SWAP,accepted=false,recoveryGain=true,qGain=-0.32736148886386923,fe=499417
formalLocal:outer=61,slot=11,pass=9,op=O7_MA_LOAD_TRANSFER,accepted=false,recoveryGain=true,qGain=-0.008575227379220143,fe=499418
formalLocal:outer=61,slot=11,pass=9,op=O8_MA_WEAK_TO_STRONG,accepted=true,recoveryGain=true,qGain=0.07576157249751155,fe=499419
formalLocal:outer=61,slot=11,pass=9,op=O9_MA_SWAP,accepted=false,recoveryGain=true,qGain=-0.09937462308109714,fe=499420
formalLocal:outer=61,slot=11,pass=10,op=O1_JS_INSERT,accepted=false,recoveryGain=true,qGain=-0.16299037106654488,fe=499421
formalLocal:outer=61,slot=11,pass=10,op=O2_JS_REVERSE,accepted=false,recoveryGain=true,qGain=-0.0644743231049687,fe=499422
formalLocal:outer=61,slot=11,pass=10,op=O3_JS_SWAP,accepted=false,recoveryGain=true,qGain=-0.18277018710938808,fe=499423
formalLocal:outer=61,slot=11,pass=10,op=O4_WA_LOAD_TRANSFER,accepted=false,recoveryGain=true,qGain=-0.2433560268835235,fe=499424
formalLocal:outer=61,slot=11,pass=10,op=O5_WA_WEAK_TO_STRONG,accepted=false,recoveryGain=true,qGain=-0.15262768930250767,fe=499425
formalLocal:outer=61,slot=11,pass=10,op=O6_WA_SWAP,accepted=false,recoveryGain=true,qGain=-0.313741301278345,fe=499426
formalLocal:outer=61,slot=11,pass=10,op=O7_MA_LOAD_TRANSFER,accepted=false,recoveryGain=true,qGain=-0.05779757885931239,fe=499427
formalLocal:outer=61,slot=11,pass=10,op=O8_MA_WEAK_TO_STRONG,accepted=true,recoveryGain=true,qGain=0.0389487258038192,fe=499428
formalLocal:outer=61,slot=11,pass=10,op=O9_MA_SWAP,accepted=false,recoveryGain=true,qGain=-0.08701689154875206,fe=499429
formalLocal:outer=61,slot=11,pass=11,op=O1_JS_INSERT,accepted=true,recoveryGain=true,qGain=0.015331781571958539,fe=499430
formalLocal:outer=61,slot=11,pass=11,op=O2_JS_REVERSE,accepted=false,recoveryGain=true,qGain=-0.3322395011691324,fe=499431
formalLocal:outer=61,slot=11,pass=11,op=O3_JS_SWAP,accepted=true,recoveryGain=true,qGain=0.0018544203956467953,fe=499432
formalLocal:outer=61,slot=11,pass=11,op=O4_WA_LOAD_TRANSFER,accepted=false,recoveryGain=true,qGain=-0.24663765911128233,fe=499433
formalLocal:outer=61,slot=11,pass=11,op=O5_WA_WEAK_TO_STRONG,accepted=false,recoveryGain=true,qGain=-0.15195562416701391,fe=499434
formalLocal:outer=61,slot=11,pass=11,op=O6_WA_SWAP,accepted=false,recoveryGain=true,qGain=-0.334529276017037,fe=499435
formalLocal:outer=61,slot=11,pass=11,op=O7_MA_LOAD_TRANSFER,accepted=false,recoveryGain=true,qGain=-0.04711817192883493,fe=499436
formalLocal:outer=61,slot=11,pass=11,op=O8_MA_WEAK_TO_STRONG,accepted=true,recoveryGain=true,qGain=0.10532608481424108,fe=499437
formalLocal:outer=61,slot=11,pass=11,op=O9_MA_SWAP,accepted=false,recoveryGain=true,qGain=-1.0,fe=499438
formalLocal:outer=61,slot=11,pass=12,op=O1_JS_INSERT,accepted=false,recoveryGain=true,qGain=-0.06492338082690782,fe=499439
formalLocal:outer=61,slot=11,pass=12,op=O2_JS_REVERSE,accepted=false,recoveryGain=true,qGain=-0.9021386691030472,fe=499440
formalLocal:outer=61,slot=11,pass=12,op=O3_JS_SWAP,accepted=false,recoveryGain=true,qGain=-1.0,fe=499441
formalLocal:outer=61,slot=11,pass=12,op=O4_WA_LOAD_TRANSFER,accepted=false,recoveryGain=true,qGain=-0.7757388139674877,fe=499442
formalLocal:outer=61,slot=11,pass=12,op=O5_WA_WEAK_TO_STRONG,accepted=false,recoveryGain=true,qGain=-0.453707425669124,fe=499443
formalLocal:outer=61,slot=11,pass=12,op=O6_WA_SWAP,accepted=false,recoveryGain=true,qGain=-0.5305380800258613,fe=499444
formalLocal:outer=61,slot=11,pass=12,op=O7_MA_LOAD_TRANSFER,accepted=false,recoveryGain=true,qGain=-0.06555426412455694,fe=499445
formalLocal:outer=61,slot=11,pass=12,op=O8_MA_WEAK_TO_STRONG,accepted=false,recoveryGain=true,qGain=-0.6862158550305959,fe=499446
formalLocal:outer=61,slot=11,pass=12,op=O9_MA_SWAP,accepted=false,recoveryGain=true,qGain=-1.0,fe=499447
formalLocal:outer=61,slot=11,pass=13,op=O1_JS_INSERT,accepted=false,recoveryGain=true,qGain=-1.0,fe=499448
formalLocal:outer=61,slot=11,pass=13,op=O2_JS_REVERSE,accepted=false,recoveryGain=true,qGain=-0.40517789773191304,fe=499449
formalLocal:outer=61,slot=11,pass=13,op=O3_JS_SWAP,accepted=true,recoveryGain=true,qGain=0.009014640043875755,fe=499450
formalLocal:outer=61,slot=11,pass=13,op=O4_WA_LOAD_TRANSFER,accepted=false,recoveryGain=true,qGain=-0.7709620121790731,fe=499451
formalLocal:outer=61,slot=11,pass=13,op=O5_WA_WEAK_TO_STRONG,accepted=false,recoveryGain=true,qGain=-0.5347284281754514,fe=499452
formalLocal:outer=61,slot=11,pass=13,op=O6_WA_SWAP,accepted=false,recoveryGain=true,qGain=-0.5364537641256242,fe=499453
formalLocal:outer=61,slot=11,pass=13,op=O7_MA_LOAD_TRANSFER,accepted=false,recoveryGain=true,qGain=-0.06620845748458601,fe=499454
formalLocal:outer=61,slot=11,pass=13,op=O8_MA_WEAK_TO_STRONG,accepted=false,recoveryGain=true,qGain=-0.6803409903047716,fe=499455
formalLocal:outer=61,slot=11,pass=13,op=O9_MA_SWAP,accepted=false,recoveryGain=true,qGain=-1.0,fe=499456
formalLocal:outer=61,slot=11,pass=14,op=O1_JS_INSERT,accepted=true,recoveryGain=true,qGain=0.007666381887638826,fe=499457
formalLocal:outer=61,slot=11,pass=14,op=O2_JS_REVERSE,accepted=false,recoveryGain=true,qGain=-1.0,fe=499458
formalLocal:outer=61,slot=11,pass=14,op=O3_JS_SWAP,accepted=true,recoveryGain=true,qGain=0.017779538637031078,fe=499459
formalLocal:outer=61,slot=11,pass=14,op=O4_WA_LOAD_TRANSFER,accepted=false,recoveryGain=true,qGain=-0.7895655693236366,fe=499460
formalLocal:outer=61,slot=11,pass=14,op=O5_WA_WEAK_TO_STRONG,accepted=false,recoveryGain=true,qGain=-0.5665485152448893,fe=499461
formalLocal:outer=61,slot=11,pass=14,op=O6_WA_SWAP,accepted=false,recoveryGain=true,qGain=-0.5350004384501733,fe=499462
formalLocal:outer=61,slot=11,pass=14,op=O7_MA_LOAD_TRANSFER,accepted=false,recoveryGain=true,qGain=-0.046339967871526444,fe=499463
formalLocal:outer=61,slot=11,pass=14,op=O8_MA_WEAK_TO_STRONG,accepted=false,recoveryGain=true,qGain=-0.6982757373487539,fe=499464
formalLocal:outer=61,slot=11,pass=14,op=O9_MA_SWAP,accepted=false,recoveryGain=true,qGain=-1.0,fe=499465
formalLocal:outer=61,slot=11,pass=15,op=O1_JS_INSERT,accepted=false,recoveryGain=true,qGain=-0.418126820129531,fe=499466
formalLocal:outer=61,slot=11,pass=15,op=O2_JS_REVERSE,accepted=false,recoveryGain=true,qGain=-0.07698134800782706,fe=499467
formalLocal:outer=61,slot=11,pass=15,op=O3_JS_SWAP,accepted=true,recoveryGain=true,qGain=9.93144236276925E-4,fe=499468
formalLocal:outer=61,slot=11,pass=15,op=O4_WA_LOAD_TRANSFER,accepted=false,recoveryGain=true,qGain=-0.7809465550378465,fe=499469
formalLocal:outer=61,slot=11,pass=15,op=O5_WA_WEAK_TO_STRONG,accepted=false,recoveryGain=true,qGain=-0.5536041604945042,fe=499470
formalLocal:outer=61,slot=11,pass=15,op=O6_WA_SWAP,accepted=false,recoveryGain=true,qGain=-0.5261599745441888,fe=499471
formalLocal:outer=61,slot=11,pass=15,op=O7_MA_LOAD_TRANSFER,accepted=false,recoveryGain=true,qGain=-0.056608230636443914,fe=499472
formalLocal:outer=61,slot=11,pass=15,op=O8_MA_WEAK_TO_STRONG,accepted=false,recoveryGain=true,qGain=-0.698964664426728,fe=499473
formalLocal:outer=61,slot=11,pass=15,op=O9_MA_SWAP,accepted=false,recoveryGain=true,qGain=-1.0,fe=499474
formalLocal:outer=61,slot=11,pass=16,op=O1_JS_INSERT,accepted=false,recoveryGain=true,qGain=-0.8344767221249129,fe=499475
formalLocal:outer=61,slot=11,pass=16,op=O2_JS_REVERSE,accepted=false,recoveryGain=true,qGain=-0.8507010036706386,fe=499476
formalLocal:outer=61,slot=11,pass=16,op=O3_JS_SWAP,accepted=false,recoveryGain=true,qGain=-1.0,fe=499477
formalLocal:outer=61,slot=11,pass=16,op=O4_WA_LOAD_TRANSFER,accepted=false,recoveryGain=true,qGain=-0.7809465550378465,fe=499478
formalLocal:outer=61,slot=11,pass=16,op=O5_WA_WEAK_TO_STRONG,accepted=false,recoveryGain=true,qGain=-0.5536041604945042,fe=499479
formalLocal:outer=61,slot=11,pass=16,op=O6_WA_SWAP,accepted=false,recoveryGain=true,qGain=-0.5261599745441888,fe=499480
formalLocal:outer=61,slot=11,pass=16,op=O7_MA_LOAD_TRANSFER,accepted=false,recoveryGain=true,qGain=-0.056608230636443914,fe=499481
formalLocal:outer=61,slot=11,pass=16,op=O8_MA_WEAK_TO_STRONG,accepted=false,recoveryGain=true,qGain=-0.698964664426728,fe=499482
formalLocal:outer=61,slot=11,pass=16,op=O9_MA_SWAP,accepted=false,recoveryGain=true,qGain=-1.0,fe=499483
formalLocal:outer=61,slot=11,pass=17,op=O1_JS_INSERT,accepted=false,recoveryGain=true,qGain=-0.16650473809388838,fe=499484
formalLocal:outer=61,slot=11,pass=17,op=O2_JS_REVERSE,accepted=false,recoveryGain=true,qGain=-1.0,fe=499485
formalLocal:outer=61,slot=11,pass=17,op=O3_JS_SWAP,accepted=false,recoveryGain=true,qGain=-0.4068422313587864,fe=499486
formalLocal:outer=61,slot=11,pass=17,op=O4_WA_LOAD_TRANSFER,accepted=false,recoveryGain=true,qGain=-0.7809465550378465,fe=499487
formalLocal:outer=61,slot=11,pass=17,op=O5_WA_WEAK_TO_STRONG,accepted=false,recoveryGain=true,qGain=-0.5536041604945042,fe=499488
formalLocal:outer=61,slot=11,pass=17,op=O6_WA_SWAP,accepted=false,recoveryGain=true,qGain=-0.5261599745441888,fe=499489
formalLocal:outer=61,slot=11,pass=17,op=O7_MA_LOAD_TRANSFER,accepted=false,recoveryGain=true,qGain=-0.056608230636443914,fe=499490
formalLocal:outer=61,slot=11,pass=17,op=O8_MA_WEAK_TO_STRONG,accepted=false,recoveryGain=true,qGain=-0.698964664426728,fe=499491
formalLocal:outer=61,slot=11,pass=17,op=O9_MA_SWAP,accepted=false,recoveryGain=true,qGain=-1.0,fe=499492
formalLocal:outer=61,slot=11,pass=18,op=O1_JS_INSERT,accepted=false,recoveryGain=true,qGain=-0.3940188924191882,fe=499493
formalLocal:outer=61,slot=11,pass=18,op=O2_JS_REVERSE,accepted=false,recoveryGain=true,qGain=-0.0020197377394043027,fe=499494
formalLocal:outer=61,slot=11,pass=18,op=O3_JS_SWAP,accepted=true,recoveryGain=true,qGain=0.0011012898051609946,fe=499495
formalLocal:outer=61,slot=11,pass=18,op=O4_WA_LOAD_TRANSFER,accepted=false,recoveryGain=true,qGain=-0.7786593679352436,fe=499496
formalLocal:outer=61,slot=11,pass=18,op=O5_WA_WEAK_TO_STRONG,accepted=false,recoveryGain=true,qGain=-0.8674892415970683,fe=499497
formalLocal:outer=61,slot=11,pass=18,op=O6_WA_SWAP,accepted=false,recoveryGain=true,qGain=-0.5344520288252659,fe=499498
formalLocal:outer=61,slot=11,pass=18,op=O7_MA_LOAD_TRANSFER,accepted=false,recoveryGain=true,qGain=-0.06429606574837299,fe=499499
formalLocal:outer=61,slot=11,pass=18,op=O8_MA_WEAK_TO_STRONG,accepted=false,recoveryGain=true,qGain=-0.7005315976347245,fe=499500
formalLocal:outer=61,slot=11,pass=18,op=O9_MA_SWAP,accepted=false,recoveryGain=true,qGain=-1.0,fe=499501
formalLocal:outer=61,slot=11,pass=19,op=O1_JS_INSERT,accepted=false,recoveryGain=true,qGain=-0.06777954323154464,fe=499502
formalLocal:outer=61,slot=11,pass=19,op=O2_JS_REVERSE,accepted=false,recoveryGain=true,qGain=-0.05955354852630497,fe=499503
formalLocal:outer=61,slot=11,pass=19,op=O3_JS_SWAP,accepted=false,recoveryGain=true,qGain=-0.591389740492341,fe=499504
formalLocal:outer=61,slot=11,pass=19,op=O4_WA_LOAD_TRANSFER,accepted=false,recoveryGain=true,qGain=-0.7786593679352436,fe=499505
formalLocal:outer=61,slot=11,pass=19,op=O5_WA_WEAK_TO_STRONG,accepted=false,recoveryGain=true,qGain=-0.8674892415970683,fe=499506
formalLocal:outer=61,slot=11,pass=19,op=O6_WA_SWAP,accepted=false,recoveryGain=true,qGain=-0.5344520288252659,fe=499507
formalLocal:outer=61,slot=11,pass=19,op=O7_MA_LOAD_TRANSFER,accepted=false,recoveryGain=true,qGain=-0.06429606574837299,fe=499508
formalLocal:outer=61,slot=11,pass=19,op=O8_MA_WEAK_TO_STRONG,accepted=false,recoveryGain=true,qGain=-0.7005315976347245,fe=499509
formalLocal:outer=61,slot=11,pass=19,op=O9_MA_SWAP,accepted=false,recoveryGain=true,qGain=-1.0,fe=499510
formalLocal:outer=61,slot=11,pass=20,op=O1_JS_INSERT,accepted=false,recoveryGain=true,qGain=-1.0,fe=499511
formalLocal:outer=61,slot=11,pass=20,op=O2_JS_REVERSE,accepted=false,recoveryGain=true,qGain=-1.0,fe=499512
formalLocal:outer=61,slot=11,pass=20,op=O3_JS_SWAP,accepted=true,recoveryGain=true,qGain=0.00943425357714905,fe=499513
formalLocal:outer=61,slot=11,pass=20,op=O4_WA_LOAD_TRANSFER,accepted=false,recoveryGain=true,qGain=-0.8053963439001947,fe=499514
formalLocal:outer=61,slot=11,pass=20,op=O5_WA_WEAK_TO_STRONG,accepted=false,recoveryGain=true,qGain=-0.8931725580849714,fe=499515
formalLocal:outer=61,slot=11,pass=20,op=O6_WA_SWAP,accepted=false,recoveryGain=true,qGain=-0.5490671410716225,fe=499516
formalLocal:outer=61,slot=11,pass=20,op=O7_MA_LOAD_TRANSFER,accepted=false,recoveryGain=true,qGain=-0.07492823035699174,fe=499517
formalLocal:outer=61,slot=11,pass=20,op=O8_MA_WEAK_TO_STRONG,accepted=false,recoveryGain=true,qGain=-0.7168282473786568,fe=499518
formalLocal:outer=61,slot=11,pass=20,op=O9_MA_SWAP,accepted=false,recoveryGain=true,qGain=-1.0,fe=499519
formalLocal:outer=61,slot=11,pass=21,op=O1_JS_INSERT,accepted=false,recoveryGain=true,qGain=-0.44043761253134345,fe=499520
formalLocal:outer=61,slot=11,pass=21,op=O2_JS_REVERSE,accepted=false,recoveryGain=true,qGain=-0.7022862256628326,fe=499521
formalLocal:outer=61,slot=11,pass=21,op=O3_JS_SWAP,accepted=false,recoveryGain=true,qGain=-1.0,fe=499522
formalLocal:outer=61,slot=11,pass=21,op=O4_WA_LOAD_TRANSFER,accepted=false,recoveryGain=true,qGain=-0.8053963439001947,fe=499523
formalLocal:outer=61,slot=11,pass=21,op=O5_WA_WEAK_TO_STRONG,accepted=false,recoveryGain=true,qGain=-0.8931725580849714,fe=499524
formalLocal:outer=61,slot=11,pass=21,op=O6_WA_SWAP,accepted=false,recoveryGain=true,qGain=-0.5490671410716225,fe=499525
formalLocal:outer=61,slot=11,pass=21,op=O7_MA_LOAD_TRANSFER,accepted=false,recoveryGain=true,qGain=-0.07492823035699174,fe=499526
formalLocal:outer=61,slot=11,pass=21,op=O8_MA_WEAK_TO_STRONG,accepted=false,recoveryGain=true,qGain=-0.7168282473786568,fe=499527
formalLocal:outer=61,slot=11,pass=21,op=O9_MA_SWAP,accepted=false,recoveryGain=true,qGain=-1.0,fe=499528
formalLocal:outer=61,slot=11,pass=22,op=O1_JS_INSERT,accepted=false,recoveryGain=true,qGain=-0.6636916083409415,fe=499529
formalLocal:outer=61,slot=11,pass=22,op=O2_JS_REVERSE,accepted=false,recoveryGain=true,qGain=-0.275297382694532,fe=499530
formalLocal:outer=61,slot=11,pass=22,op=O3_JS_SWAP,accepted=false,recoveryGain=true,qGain=-1.0,fe=499531
formalLocal:outer=61,slot=11,pass=22,op=O4_WA_LOAD_TRANSFER,accepted=false,recoveryGain=true,qGain=-0.8053963439001947,fe=499532
formalLocal:outer=61,slot=11,pass=22,op=O5_WA_WEAK_TO_STRONG,accepted=false,recoveryGain=true,qGain=-0.8931725580849714,fe=499533
formalLocal:outer=61,slot=11,pass=22,op=O6_WA_SWAP,accepted=false,recoveryGain=true,qGain=-0.5490671410716225,fe=499534
formalLocal:outer=61,slot=11,pass=22,op=O7_MA_LOAD_TRANSFER,accepted=false,recoveryGain=true,qGain=-0.07492823035699174,fe=499535
formalLocal:outer=61,slot=11,pass=22,op=O8_MA_WEAK_TO_STRONG,accepted=false,recoveryGain=true,qGain=-0.7168282473786568,fe=499536
formalLocal:outer=61,slot=11,pass=22,op=O9_MA_SWAP,accepted=false,recoveryGain=true,qGain=-1.0,fe=499537
formalLocal:outer=61,slot=11,pass=23,op=O1_JS_INSERT,accepted=true,recoveryGain=true,qGain=0.0013153721705070215,fe=499538
formalLocal:outer=61,slot=11,pass=23,op=O2_JS_REVERSE,accepted=false,recoveryGain=true,qGain=-0.11703446449813744,fe=499539
formalLocal:outer=61,slot=11,pass=23,op=O3_JS_SWAP,accepted=false,recoveryGain=true,qGain=-0.42032681175429415,fe=499540
formalLocal:outer=61,slot=11,pass=23,op=O4_WA_LOAD_TRANSFER,accepted=false,recoveryGain=true,qGain=-0.8081255456525829,fe=499541
formalLocal:outer=61,slot=11,pass=23,op=O5_WA_WEAK_TO_STRONG,accepted=false,recoveryGain=true,qGain=-0.9142442031779421,fe=499542
formalLocal:outer=61,slot=11,pass=23,op=O6_WA_SWAP,accepted=false,recoveryGain=true,qGain=-0.5512453459534106,fe=499543
formalLocal:outer=61,slot=11,pass=23,op=O7_MA_LOAD_TRANSFER,accepted=false,recoveryGain=true,qGain=-0.0762985023758529,fe=499544
formalLocal:outer=61,slot=11,pass=23,op=O8_MA_WEAK_TO_STRONG,accepted=false,recoveryGain=true,qGain=-0.717843861354212,fe=499545
formalLocal:outer=61,slot=11,pass=23,op=O9_MA_SWAP,accepted=false,recoveryGain=true,qGain=-1.0,fe=499546
formalLocal:outer=61,slot=11,pass=24,op=O1_JS_INSERT,accepted=false,recoveryGain=true,qGain=-1.0,fe=499547
formalLocal:outer=61,slot=11,pass=24,op=O2_JS_REVERSE,accepted=false,recoveryGain=true,qGain=-1.0,fe=499548
formalLocal:outer=61,slot=11,pass=24,op=O3_JS_SWAP,accepted=false,recoveryGain=true,qGain=-1.0,fe=499549
formalLocal:outer=61,slot=11,pass=24,op=O4_WA_LOAD_TRANSFER,accepted=false,recoveryGain=true,qGain=-0.8081255456525829,fe=499550
formalLocal:outer=61,slot=11,pass=24,op=O5_WA_WEAK_TO_STRONG,accepted=false,recoveryGain=true,qGain=-0.9142442031779421,fe=499551
formalLocal:outer=61,slot=11,pass=24,op=O6_WA_SWAP,accepted=false,recoveryGain=true,qGain=-0.5512453459534106,fe=499552
formalLocal:outer=61,slot=11,pass=24,op=O7_MA_LOAD_TRANSFER,accepted=false,recoveryGain=true,qGain=-0.0762985023758529,fe=499553
formalLocal:outer=61,slot=11,pass=24,op=O8_MA_WEAK_TO_STRONG,accepted=false,recoveryGain=true,qGain=-0.717843861354212,fe=499554
formalLocal:outer=61,slot=11,pass=24,op=O9_MA_SWAP,accepted=false,recoveryGain=true,qGain=-1.0,fe=499555
formalLocal:outer=61,slot=11,pass=25,op=O1_JS_INSERT,accepted=false,recoveryGain=true,qGain=-0.5325266225702604,fe=499556
formalLocal:outer=61,slot=11,pass=25,op=O2_JS_REVERSE,accepted=false,recoveryGain=true,qGain=-4.343878452095069E-4,fe=499557
formalLocal:outer=61,slot=11,pass=25,op=O3_JS_SWAP,accepted=false,recoveryGain=true,qGain=-0.28839020269788296,fe=499558
formalLocal:outer=61,slot=11,pass=25,op=O4_WA_LOAD_TRANSFER,accepted=false,recoveryGain=true,qGain=-0.8081255456525829,fe=499559
formalLocal:outer=61,slot=11,pass=25,op=O5_WA_WEAK_TO_STRONG,accepted=false,recoveryGain=true,qGain=-0.9142442031779421,fe=499560
formalLocal:outer=61,slot=11,pass=25,op=O6_WA_SWAP,accepted=false,recoveryGain=true,qGain=-0.5512453459534106,fe=499561
formalLocal:outer=61,slot=11,pass=25,op=O7_MA_LOAD_TRANSFER,accepted=false,recoveryGain=true,qGain=-0.0762985023758529,fe=499562
formalLocal:outer=61,slot=11,pass=25,op=O8_MA_WEAK_TO_STRONG,accepted=false,recoveryGain=true,qGain=-0.717843861354212,fe=499563
formalLocal:outer=61,slot=11,pass=25,op=O9_MA_SWAP,accepted=false,recoveryGain=true,qGain=-1.0,fe=499564
formalLocal:outer=61,slot=11,pass=26,op=O1_JS_INSERT,accepted=false,recoveryGain=true,qGain=-0.5823518261263615,fe=499565
formalLocal:outer=61,slot=11,pass=26,op=O2_JS_REVERSE,accepted=false,recoveryGain=true,qGain=-0.297616456351834,fe=499566
formalLocal:outer=61,slot=11,pass=26,op=O3_JS_SWAP,accepted=false,recoveryGain=true,qGain=-1.0,fe=499567
formalLocal:outer=61,slot=11,pass=26,op=O4_WA_LOAD_TRANSFER,accepted=false,recoveryGain=true,qGain=-0.8081255456525829,fe=499568
formalLocal:outer=61,slot=11,pass=26,op=O5_WA_WEAK_TO_STRONG,accepted=false,recoveryGain=true,qGain=-0.9142442031779421,fe=499569
formalLocal:outer=61,slot=11,pass=26,op=O6_WA_SWAP,accepted=false,recoveryGain=true,qGain=-0.5512453459534106,fe=499570
formalLocal:outer=61,slot=11,pass=26,op=O7_MA_LOAD_TRANSFER,accepted=false,recoveryGain=true,qGain=-0.0762985023758529,fe=499571
formalLocal:outer=61,slot=11,pass=26,op=O8_MA_WEAK_TO_STRONG,accepted=false,recoveryGain=true,qGain=-0.717843861354212,fe=499572
formalLocal:outer=61,slot=11,pass=26,op=O9_MA_SWAP,accepted=false,recoveryGain=true,qGain=-1.0,fe=499573
formalLocal:outer=61,slot=11,pass=27,op=O1_JS_INSERT,accepted=true,recoveryGain=true,qGain=6.7020560890604545E-6,fe=499574
formalLocal:outer=61,slot=11,pass=27,op=O2_JS_REVERSE,accepted=false,recoveryGain=true,qGain=-0.2788726591724405,fe=499575
formalLocal:outer=61,slot=11,pass=27,op=O3_JS_SWAP,accepted=false,recoveryGain=true,qGain=-1.0,fe=499576
formalLocal:outer=61,slot=11,pass=27,op=O4_WA_LOAD_TRANSFER,accepted=false,recoveryGain=true,qGain=-0.8081535487821699,fe=499577
formalLocal:outer=61,slot=11,pass=27,op=O5_WA_WEAK_TO_STRONG,accepted=false,recoveryGain=true,qGain=-0.9114972195138354,fe=499578
formalLocal:outer=61,slot=11,pass=27,op=O6_WA_SWAP,accepted=false,recoveryGain=true,qGain=-0.5512825398440099,fe=499579
formalLocal:outer=61,slot=11,pass=27,op=O7_MA_LOAD_TRANSFER,accepted=false,recoveryGain=true,qGain=-0.07628492160147193,fe=499580
formalLocal:outer=61,slot=11,pass=27,op=O8_MA_WEAK_TO_STRONG,accepted=false,recoveryGain=true,qGain=-0.7178414456140684,fe=499581
formalLocal:outer=61,slot=11,pass=27,op=O9_MA_SWAP,accepted=false,recoveryGain=true,qGain=-1.0,fe=499582
formalLocal:outer=61,slot=11,pass=28,op=O1_JS_INSERT,accepted=false,recoveryGain=true,qGain=-0.9262569417756453,fe=499583
formalLocal:outer=61,slot=11,pass=28,op=O2_JS_REVERSE,accepted=false,recoveryGain=true,qGain=-1.0,fe=499584
formalLocal:outer=61,slot=11,pass=28,op=O3_JS_SWAP,accepted=false,recoveryGain=true,qGain=-0.4635521610228152,fe=499585
formalLocal:outer=61,slot=11,pass=28,op=O4_WA_LOAD_TRANSFER,accepted=false,recoveryGain=true,qGain=-0.8081535487821699,fe=499586
formalLocal:outer=61,slot=11,pass=28,op=O5_WA_WEAK_TO_STRONG,accepted=false,recoveryGain=true,qGain=-0.9114972195138354,fe=499587
formalLocal:outer=61,slot=11,pass=28,op=O6_WA_SWAP,accepted=false,recoveryGain=true,qGain=-0.5512825398440099,fe=499588
formalLocal:outer=61,slot=11,pass=28,op=O7_MA_LOAD_TRANSFER,accepted=false,recoveryGain=true,qGain=-0.07628492160147193,fe=499589
formalLocal:outer=61,slot=11,pass=28,op=O8_MA_WEAK_TO_STRONG,accepted=false,recoveryGain=true,qGain=-0.7178414456140684,fe=499590
formalLocal:outer=61,slot=11,pass=28,op=O9_MA_SWAP,accepted=false,recoveryGain=true,qGain=-1.0,fe=499591
formalLocal:outer=61,slot=11,pass=29,op=O1_JS_INSERT,accepted=false,recoveryGain=true,qGain=-0.6687144529990018,fe=499592
formalLocal:outer=61,slot=11,pass=29,op=O2_JS_REVERSE,accepted=true,recoveryGain=true,qGain=0.0506266313039031,fe=499593
formalLocal:outer=61,slot=11,pass=29,op=O3_JS_SWAP,accepted=false,recoveryGain=true,qGain=-0.9897979929966528,fe=499594
formalLocal:outer=61,slot=11,pass=29,op=O4_WA_LOAD_TRANSFER,accepted=false,recoveryGain=true,qGain=-0.34918547041066467,fe=499595
formalLocal:outer=61,slot=11,pass=29,op=O5_WA_WEAK_TO_STRONG,accepted=false,recoveryGain=true,qGain=-0.1575566360705135,fe=499596
formalLocal:outer=61,slot=11,pass=29,op=O6_WA_SWAP,accepted=false,recoveryGain=true,qGain=-0.39676241519460764,fe=499597
formalLocal:outer=61,slot=11,pass=29,op=O7_MA_LOAD_TRANSFER,accepted=false,recoveryGain=true,qGain=-0.035508703967278954,fe=499598
formalLocal:outer=61,slot=11,pass=29,op=O8_MA_WEAK_TO_STRONG,accepted=true,recoveryGain=true,qGain=0.002986921966445126,fe=499599
formalLocal:outer=61,slot=11,pass=29,op=O9_MA_SWAP,accepted=false,recoveryGain=true,qGain=-0.11304547775854955,fe=499600
formalLocal:outer=61,slot=12,op=CRITICAL_FACTORY_SWAP,accepted=false,fe=499601
formalLocal:outer=61,slot=12,op=CRITICAL_FACTORY_INSERT,accepted=true,fe=499602
formalLocal:outer=61,slot=12,pass=0,op=O1_JS_INSERT,accepted=false,recoveryGain=true,qGain=-0.005492871196429579,fe=499603
formalLocal:outer=61,slot=12,pass=0,op=O2_JS_REVERSE,accepted=false,recoveryGain=true,qGain=-1.0,fe=499604
formalLocal:outer=61,slot=12,pass=0,op=O3_JS_SWAP,accepted=false,recoveryGain=true,qGain=-0.03756148199280486,fe=499605
formalLocal:outer=61,slot=12,pass=0,op=O4_WA_LOAD_TRANSFER,accepted=false,recoveryGain=true,qGain=-0.0814634996625586,fe=499606
formalLocal:outer=61,slot=12,pass=0,op=O5_WA_WEAK_TO_STRONG,accepted=false,recoveryGain=true,qGain=-0.6313962042545784,fe=499607
formalLocal:outer=61,slot=12,pass=0,op=O6_WA_SWAP,accepted=false,recoveryGain=true,qGain=-0.14102411163275158,fe=499608
formalLocal:outer=61,slot=12,pass=0,op=O7_MA_LOAD_TRANSFER,accepted=true,recoveryGain=true,qGain=4.798543947752679E-4,fe=499609
formalLocal:outer=61,slot=12,pass=0,op=O8_MA_WEAK_TO_STRONG,accepted=true,recoveryGain=true,qGain=0.12741326298869052,fe=499610
formalLocal:outer=61,slot=12,pass=0,op=O9_MA_SWAP,accepted=false,recoveryGain=true,qGain=-1.0,fe=499611
formalLocal:outer=61,slot=12,pass=1,op=O1_JS_INSERT,accepted=true,recoveryGain=true,qGain=0.04518359741034368,fe=499612
formalLocal:outer=61,slot=12,pass=1,op=O2_JS_REVERSE,accepted=false,recoveryGain=true,qGain=-0.5727381710703561,fe=499613
formalLocal:outer=61,slot=12,pass=1,op=O3_JS_SWAP,accepted=false,recoveryGain=true,qGain=-0.8751967696277129,fe=499614
formalLocal:outer=61,slot=12,pass=1,op=O4_WA_LOAD_TRANSFER,accepted=false,recoveryGain=true,qGain=-1.0,fe=499615
formalLocal:outer=61,slot=12,pass=1,op=O5_WA_WEAK_TO_STRONG,accepted=true,recoveryGain=true,qGain=0.08057454383910498,fe=499616
formalLocal:outer=61,slot=12,pass=1,op=O6_WA_SWAP,accepted=false,recoveryGain=true,qGain=-0.13989249001340098,fe=499617
formalLocal:outer=61,slot=12,pass=1,op=O7_MA_LOAD_TRANSFER,accepted=false,recoveryGain=true,qGain=-0.005678206639825465,fe=499618
formalLocal:outer=61,slot=12,pass=1,op=O8_MA_WEAK_TO_STRONG,accepted=false,recoveryGain=true,qGain=-0.21349756592431243,fe=499619
formalLocal:outer=61,slot=12,pass=1,op=O9_MA_SWAP,accepted=false,recoveryGain=true,qGain=-6.519356086759791E-4,fe=499620
formalLocal:outer=61,slot=12,pass=2,op=O1_JS_INSERT,accepted=false,recoveryGain=true,qGain=-0.015981815798941732,fe=499621
formalLocal:outer=61,slot=12,pass=2,op=O2_JS_REVERSE,accepted=false,recoveryGain=true,qGain=-0.7696306295685099,fe=499622
formalLocal:outer=61,slot=12,pass=2,op=O3_JS_SWAP,accepted=false,recoveryGain=true,qGain=-0.15969636156168635,fe=499623
formalLocal:outer=61,slot=12,pass=2,op=O4_WA_LOAD_TRANSFER,accepted=false,recoveryGain=true,qGain=-0.025663397277821926,fe=499624
formalLocal:outer=61,slot=12,pass=2,op=O5_WA_WEAK_TO_STRONG,accepted=false,recoveryGain=true,qGain=-0.8391495046587866,fe=499625
formalLocal:outer=61,slot=12,pass=2,op=O6_WA_SWAP,accepted=false,recoveryGain=true,qGain=-0.13989249001340098,fe=499626
formalLocal:outer=61,slot=12,pass=2,op=O7_MA_LOAD_TRANSFER,accepted=false,recoveryGain=true,qGain=-0.005678206639825465,fe=499627
formalLocal:outer=61,slot=12,pass=2,op=O8_MA_WEAK_TO_STRONG,accepted=false,recoveryGain=true,qGain=-0.21349756592431243,fe=499628
formalLocal:outer=61,slot=12,pass=2,op=O9_MA_SWAP,accepted=false,recoveryGain=true,qGain=-6.519356086759791E-4,fe=499629
formalLocal:outer=61,slot=12,pass=3,op=O1_JS_INSERT,accepted=false,recoveryGain=true,qGain=-0.3718437591618037,fe=499630
formalLocal:outer=61,slot=12,pass=3,op=O2_JS_REVERSE,accepted=false,recoveryGain=true,qGain=-1.0,fe=499631
formalLocal:outer=61,slot=12,pass=3,op=O3_JS_SWAP,accepted=false,recoveryGain=true,qGain=-0.10728636321927809,fe=499632
formalLocal:outer=61,slot=12,pass=3,op=O4_WA_LOAD_TRANSFER,accepted=false,recoveryGain=true,qGain=-0.025663397277821926,fe=499633
formalLocal:outer=61,slot=12,pass=3,op=O5_WA_WEAK_TO_STRONG,accepted=false,recoveryGain=true,qGain=-0.8391495046587866,fe=499634
formalLocal:outer=61,slot=12,pass=3,op=O6_WA_SWAP,accepted=false,recoveryGain=true,qGain=-0.13989249001340098,fe=499635
formalLocal:outer=61,slot=12,pass=3,op=O7_MA_LOAD_TRANSFER,accepted=false,recoveryGain=true,qGain=-0.005678206639825465,fe=499636
formalLocal:outer=61,slot=12,pass=3,op=O8_MA_WEAK_TO_STRONG,accepted=false,recoveryGain=true,qGain=-0.21349756592431243,fe=499637
formalLocal:outer=61,slot=12,pass=3,op=O9_MA_SWAP,accepted=false,recoveryGain=true,qGain=-6.519356086759791E-4,fe=499638
formalLocal:outer=61,slot=12,pass=4,op=O1_JS_INSERT,accepted=false,recoveryGain=true,qGain=-0.2879761269879495,fe=499639
formalLocal:outer=61,slot=12,pass=4,op=O2_JS_REVERSE,accepted=false,recoveryGain=true,qGain=-1.0,fe=499640
formalLocal:outer=61,slot=12,pass=4,op=O3_JS_SWAP,accepted=false,recoveryGain=true,qGain=-1.0,fe=499641
formalLocal:outer=61,slot=12,pass=4,op=O4_WA_LOAD_TRANSFER,accepted=false,recoveryGain=true,qGain=-0.025663397277821926,fe=499642
formalLocal:outer=61,slot=12,pass=4,op=O5_WA_WEAK_TO_STRONG,accepted=false,recoveryGain=true,qGain=-0.8391495046587866,fe=499643
formalLocal:outer=61,slot=12,pass=4,op=O6_WA_SWAP,accepted=false,recoveryGain=true,qGain=-0.13989249001340098,fe=499644
formalLocal:outer=61,slot=12,pass=4,op=O7_MA_LOAD_TRANSFER,accepted=false,recoveryGain=true,qGain=-0.005678206639825465,fe=499645
formalLocal:outer=61,slot=12,pass=4,op=O8_MA_WEAK_TO_STRONG,accepted=false,recoveryGain=true,qGain=-0.21349756592431243,fe=499646
formalLocal:outer=61,slot=12,pass=4,op=O9_MA_SWAP,accepted=false,recoveryGain=true,qGain=-6.519356086759791E-4,fe=499647
formalLocal:outer=61,slot=12,pass=5,op=O1_JS_INSERT,accepted=true,recoveryGain=true,qGain=0.03633997989998101,fe=499648
formalLocal:outer=61,slot=12,pass=5,op=O2_JS_REVERSE,accepted=false,recoveryGain=true,qGain=-1.0,fe=499649
formalLocal:outer=61,slot=12,pass=5,op=O3_JS_SWAP,accepted=true,recoveryGain=true,qGain=0.03731909610249763,fe=499650
formalLocal:outer=61,slot=12,pass=5,op=O4_WA_LOAD_TRANSFER,accepted=false,recoveryGain=true,qGain=-0.014244475467697266,fe=499651
formalLocal:outer=61,slot=12,pass=5,op=O5_WA_WEAK_TO_STRONG,accepted=false,recoveryGain=true,qGain=-1.0,fe=499652
formalLocal:outer=61,slot=12,pass=5,op=O6_WA_SWAP,accepted=false,recoveryGain=true,qGain=-0.2567133367910944,fe=499653
formalLocal:outer=61,slot=12,pass=5,op=O7_MA_LOAD_TRANSFER,accepted=false,recoveryGain=true,qGain=-0.028375263492131514,fe=499654
formalLocal:outer=61,slot=12,pass=5,op=O8_MA_WEAK_TO_STRONG,accepted=false,recoveryGain=true,qGain=-0.37600255479498845,fe=499655
formalLocal:outer=61,slot=12,pass=5,op=O9_MA_SWAP,accepted=false,recoveryGain=true,qGain=-0.12843474019333243,fe=499656
formalLocal:outer=61,slot=12,pass=6,op=O1_JS_INSERT,accepted=false,recoveryGain=true,qGain=-1.0,fe=499657
formalLocal:outer=61,slot=12,pass=6,op=O2_JS_REVERSE,accepted=false,recoveryGain=true,qGain=-0.5683522931020905,fe=499658
formalLocal:outer=61,slot=12,pass=6,op=O3_JS_SWAP,accepted=false,recoveryGain=true,qGain=0.0,fe=499659
formalLocal:outer=61,slot=12,pass=6,op=O4_WA_LOAD_TRANSFER,accepted=false,recoveryGain=true,qGain=-0.014244475467697266,fe=499660
formalLocal:outer=61,slot=12,pass=6,op=O5_WA_WEAK_TO_STRONG,accepted=false,recoveryGain=true,qGain=-1.0,fe=499661
formalLocal:outer=61,slot=12,pass=6,op=O6_WA_SWAP,accepted=false,recoveryGain=true,qGain=-0.2567133367910944,fe=499662
formalLocal:outer=61,slot=12,pass=6,op=O7_MA_LOAD_TRANSFER,accepted=false,recoveryGain=true,qGain=-0.028375263492131514,fe=499663
formalLocal:outer=61,slot=12,pass=6,op=O8_MA_WEAK_TO_STRONG,accepted=false,recoveryGain=true,qGain=-0.37600255479498845,fe=499664
formalLocal:outer=61,slot=12,pass=6,op=O9_MA_SWAP,accepted=false,recoveryGain=true,qGain=-0.12843474019333243,fe=499665
formalLocal:outer=61,slot=12,pass=7,op=O1_JS_INSERT,accepted=false,recoveryGain=true,qGain=-0.7197124008803744,fe=499666
formalLocal:outer=61,slot=12,pass=7,op=O2_JS_REVERSE,accepted=false,recoveryGain=true,qGain=-1.0,fe=499667
formalLocal:outer=61,slot=12,pass=7,op=O3_JS_SWAP,accepted=false,recoveryGain=true,qGain=-0.4971315129916459,fe=499668
formalLocal:outer=61,slot=12,pass=7,op=O4_WA_LOAD_TRANSFER,accepted=false,recoveryGain=true,qGain=-0.014244475467697266,fe=499669
formalLocal:outer=61,slot=12,pass=7,op=O5_WA_WEAK_TO_STRONG,accepted=false,recoveryGain=true,qGain=-1.0,fe=499670
formalLocal:outer=61,slot=12,pass=7,op=O6_WA_SWAP,accepted=false,recoveryGain=true,qGain=-0.2567133367910944,fe=499671
formalLocal:outer=61,slot=12,pass=7,op=O7_MA_LOAD_TRANSFER,accepted=false,recoveryGain=true,qGain=-0.028375263492131514,fe=499672
formalLocal:outer=61,slot=12,pass=7,op=O8_MA_WEAK_TO_STRONG,accepted=false,recoveryGain=true,qGain=-0.37600255479498845,fe=499673
formalLocal:outer=61,slot=12,pass=7,op=O9_MA_SWAP,accepted=false,recoveryGain=true,qGain=-0.12843474019333243,fe=499674
formalLocal:outer=61,slot=12,pass=8,op=O1_JS_INSERT,accepted=false,recoveryGain=true,qGain=-0.11070303136186932,fe=499675
formalLocal:outer=61,slot=12,pass=8,op=O2_JS_REVERSE,accepted=false,recoveryGain=true,qGain=-1.0,fe=499676
formalLocal:outer=61,slot=12,pass=8,op=O3_JS_SWAP,accepted=false,recoveryGain=true,qGain=-0.3035937224298935,fe=499677
formalLocal:outer=61,slot=12,pass=8,op=O4_WA_LOAD_TRANSFER,accepted=false,recoveryGain=true,qGain=-0.014244475467697266,fe=499678
formalLocal:outer=61,slot=12,pass=8,op=O5_WA_WEAK_TO_STRONG,accepted=false,recoveryGain=true,qGain=-1.0,fe=499679
formalLocal:outer=61,slot=12,pass=8,op=O6_WA_SWAP,accepted=false,recoveryGain=true,qGain=-0.2567133367910944,fe=499680
formalLocal:outer=61,slot=12,pass=8,op=O7_MA_LOAD_TRANSFER,accepted=false,recoveryGain=true,qGain=-0.028375263492131514,fe=499681
formalLocal:outer=61,slot=12,pass=8,op=O8_MA_WEAK_TO_STRONG,accepted=false,recoveryGain=true,qGain=-0.37600255479498845,fe=499682
formalLocal:outer=61,slot=12,pass=8,op=O9_MA_SWAP,accepted=false,recoveryGain=true,qGain=-0.12843474019333243,fe=499683
formalLocal:outer=61,slot=12,pass=9,op=O1_JS_INSERT,accepted=false,recoveryGain=true,qGain=-1.0,fe=499684
formalLocal:outer=61,slot=12,pass=9,op=O2_JS_REVERSE,accepted=false,recoveryGain=true,qGain=-0.5626376469204407,fe=499685
formalLocal:outer=61,slot=12,pass=9,op=O3_JS_SWAP,accepted=false,recoveryGain=true,qGain=-0.4695308286677114,fe=499686
formalLocal:outer=61,slot=12,pass=9,op=O4_WA_LOAD_TRANSFER,accepted=false,recoveryGain=true,qGain=-0.014244475467697266,fe=499687
formalLocal:outer=61,slot=12,pass=9,op=O5_WA_WEAK_TO_STRONG,accepted=false,recoveryGain=true,qGain=-1.0,fe=499688
formalLocal:outer=61,slot=12,pass=9,op=O6_WA_SWAP,accepted=false,recoveryGain=true,qGain=-0.2567133367910944,fe=499689
formalLocal:outer=61,slot=12,pass=9,op=O7_MA_LOAD_TRANSFER,accepted=false,recoveryGain=true,qGain=-0.028375263492131514,fe=499690
formalLocal:outer=61,slot=12,pass=9,op=O8_MA_WEAK_TO_STRONG,accepted=false,recoveryGain=true,qGain=-0.37600255479498845,fe=499691
formalLocal:outer=61,slot=12,pass=9,op=O9_MA_SWAP,accepted=false,recoveryGain=true,qGain=-0.12843474019333243,fe=499692
formalLocal:outer=61,slot=12,pass=10,op=O1_JS_INSERT,accepted=true,recoveryGain=true,qGain=0.040149555906590924,fe=499693
formalLocal:outer=61,slot=12,pass=10,op=O2_JS_REVERSE,accepted=false,recoveryGain=true,qGain=-0.3936888625687583,fe=499694
formalLocal:outer=61,slot=12,pass=10,op=O3_JS_SWAP,accepted=false,recoveryGain=true,qGain=-0.8717645429919322,fe=499695
formalLocal:outer=61,slot=12,pass=10,op=O4_WA_LOAD_TRANSFER,accepted=false,recoveryGain=true,qGain=-0.0144550121002893,fe=499696
formalLocal:outer=61,slot=12,pass=10,op=O5_WA_WEAK_TO_STRONG,accepted=false,recoveryGain=true,qGain=-1.0,fe=499697
formalLocal:outer=61,slot=12,pass=10,op=O6_WA_SWAP,accepted=false,recoveryGain=true,qGain=-0.25836465896076066,fe=499698
formalLocal:outer=61,slot=12,pass=10,op=O7_MA_LOAD_TRANSFER,accepted=false,recoveryGain=true,qGain=-0.00439843895891529,fe=499699
formalLocal:outer=61,slot=12,pass=10,op=O8_MA_WEAK_TO_STRONG,accepted=false,recoveryGain=true,qGain=-0.37910791948497125,fe=499700
formalLocal:outer=61,slot=12,pass=10,op=O9_MA_SWAP,accepted=false,recoveryGain=true,qGain=-0.12168552707733359,fe=499701
formalLocal:outer=61,slot=12,pass=11,op=O1_JS_INSERT,accepted=false,recoveryGain=true,qGain=-0.6260637073741797,fe=499702
formalLocal:outer=61,slot=12,pass=11,op=O2_JS_REVERSE,accepted=false,recoveryGain=true,qGain=-1.0,fe=499703
formalLocal:outer=61,slot=12,pass=11,op=O3_JS_SWAP,accepted=false,recoveryGain=true,qGain=-0.11769340941111356,fe=499704
formalLocal:outer=61,slot=12,pass=11,op=O4_WA_LOAD_TRANSFER,accepted=false,recoveryGain=true,qGain=-0.0144550121002893,fe=499705
formalLocal:outer=61,slot=12,pass=11,op=O5_WA_WEAK_TO_STRONG,accepted=false,recoveryGain=true,qGain=-1.0,fe=499706
formalLocal:outer=61,slot=12,pass=11,op=O6_WA_SWAP,accepted=false,recoveryGain=true,qGain=-0.25836465896076066,fe=499707
formalLocal:outer=61,slot=12,pass=11,op=O7_MA_LOAD_TRANSFER,accepted=false,recoveryGain=true,qGain=-0.00439843895891529,fe=499708
formalLocal:outer=61,slot=12,pass=11,op=O8_MA_WEAK_TO_STRONG,accepted=false,recoveryGain=true,qGain=-0.37910791948497125,fe=499709
formalLocal:outer=61,slot=12,pass=11,op=O9_MA_SWAP,accepted=false,recoveryGain=true,qGain=-0.12168552707733359,fe=499710
formalLocal:outer=61,slot=12,pass=12,op=O1_JS_INSERT,accepted=false,recoveryGain=true,qGain=-0.4693474787703697,fe=499711
formalLocal:outer=61,slot=12,pass=12,op=O2_JS_REVERSE,accepted=false,recoveryGain=true,qGain=-0.42081325150280735,fe=499712
formalLocal:outer=61,slot=12,pass=12,op=O3_JS_SWAP,accepted=false,recoveryGain=true,qGain=-0.3172555920228356,fe=499713
formalLocal:outer=61,slot=12,pass=12,op=O4_WA_LOAD_TRANSFER,accepted=false,recoveryGain=true,qGain=-0.0144550121002893,fe=499714
formalLocal:outer=61,slot=12,pass=12,op=O5_WA_WEAK_TO_STRONG,accepted=false,recoveryGain=true,qGain=-1.0,fe=499715
formalLocal:outer=61,slot=12,pass=12,op=O6_WA_SWAP,accepted=false,recoveryGain=true,qGain=-0.25836465896076066,fe=499716
formalLocal:outer=61,slot=12,pass=12,op=O7_MA_LOAD_TRANSFER,accepted=false,recoveryGain=true,qGain=-0.00439843895891529,fe=499717
formalLocal:outer=61,slot=12,pass=12,op=O8_MA_WEAK_TO_STRONG,accepted=false,recoveryGain=true,qGain=-0.37910791948497125,fe=499718
formalLocal:outer=61,slot=12,pass=12,op=O9_MA_SWAP,accepted=false,recoveryGain=true,qGain=-0.12168552707733359,fe=499719
formalLocal:outer=61,slot=12,pass=13,op=O1_JS_INSERT,accepted=true,recoveryGain=true,qGain=0.00554061688520511,fe=499720
formalLocal:outer=61,slot=12,pass=13,op=O2_JS_REVERSE,accepted=false,recoveryGain=true,qGain=-0.2836946263151392,fe=499721
formalLocal:outer=61,slot=12,pass=13,op=O3_JS_SWAP,accepted=false,recoveryGain=true,qGain=-0.4189847818027128,fe=499722
formalLocal:outer=61,slot=12,pass=13,op=O4_WA_LOAD_TRANSFER,accepted=false,recoveryGain=true,qGain=-0.012870362604174424,fe=499723
formalLocal:outer=61,slot=12,pass=13,op=O5_WA_WEAK_TO_STRONG,accepted=false,recoveryGain=true,qGain=-1.0,fe=499724
formalLocal:outer=61,slot=12,pass=13,op=O6_WA_SWAP,accepted=false,recoveryGain=true,qGain=-0.35111188574886876,fe=499725
formalLocal:outer=61,slot=12,pass=13,op=O7_MA_LOAD_TRANSFER,accepted=false,recoveryGain=true,qGain=-0.029009281789997617,fe=499726
formalLocal:outer=61,slot=12,pass=13,op=O8_MA_WEAK_TO_STRONG,accepted=false,recoveryGain=true,qGain=-0.4538386633455503,fe=499727
formalLocal:outer=61,slot=12,pass=13,op=O9_MA_SWAP,accepted=false,recoveryGain=true,qGain=-0.18917157933363568,fe=499728
formalLocal:outer=61,slot=12,pass=14,op=O1_JS_INSERT,accepted=false,recoveryGain=true,qGain=-1.0,fe=499729
formalLocal:outer=61,slot=12,pass=14,op=O2_JS_REVERSE,accepted=false,recoveryGain=true,qGain=-1.0,fe=499730
formalLocal:outer=61,slot=12,pass=14,op=O3_JS_SWAP,accepted=false,recoveryGain=true,qGain=-1.0,fe=499731
formalLocal:outer=61,slot=12,pass=14,op=O4_WA_LOAD_TRANSFER,accepted=false,recoveryGain=true,qGain=-0.012870362604174424,fe=499732
formalLocal:outer=61,slot=12,pass=14,op=O5_WA_WEAK_TO_STRONG,accepted=false,recoveryGain=true,qGain=-1.0,fe=499733
formalLocal:outer=61,slot=12,pass=14,op=O6_WA_SWAP,accepted=false,recoveryGain=true,qGain=-0.35111188574886876,fe=499734
formalLocal:outer=61,slot=12,pass=14,op=O7_MA_LOAD_TRANSFER,accepted=false,recoveryGain=true,qGain=-0.029009281789997617,fe=499735
formalLocal:outer=61,slot=12,pass=14,op=O8_MA_WEAK_TO_STRONG,accepted=false,recoveryGain=true,qGain=-0.4538386633455503,fe=499736
formalLocal:outer=61,slot=12,pass=14,op=O9_MA_SWAP,accepted=false,recoveryGain=true,qGain=-0.18917157933363568,fe=499737
formalLocal:outer=61,slot=12,pass=15,op=O1_JS_INSERT,accepted=false,recoveryGain=true,qGain=-1.0,fe=499738
formalLocal:outer=61,slot=12,pass=15,op=O2_JS_REVERSE,accepted=false,recoveryGain=true,qGain=-0.7616426160088587,fe=499739
formalLocal:outer=61,slot=12,pass=15,op=O3_JS_SWAP,accepted=false,recoveryGain=true,qGain=-0.25909444955770755,fe=499740
formalLocal:outer=61,slot=12,pass=15,op=O4_WA_LOAD_TRANSFER,accepted=false,recoveryGain=true,qGain=-0.012870362604174424,fe=499741
formalLocal:outer=61,slot=12,pass=15,op=O5_WA_WEAK_TO_STRONG,accepted=false,recoveryGain=true,qGain=-1.0,fe=499742
formalLocal:outer=61,slot=12,pass=15,op=O6_WA_SWAP,accepted=false,recoveryGain=true,qGain=-0.35111188574886876,fe=499743
formalLocal:outer=61,slot=12,pass=15,op=O7_MA_LOAD_TRANSFER,accepted=false,recoveryGain=true,qGain=-0.029009281789997617,fe=499744
formalLocal:outer=61,slot=12,pass=15,op=O8_MA_WEAK_TO_STRONG,accepted=false,recoveryGain=true,qGain=-0.4538386633455503,fe=499745
formalLocal:outer=61,slot=12,pass=15,op=O9_MA_SWAP,accepted=false,recoveryGain=true,qGain=-0.18917157933363568,fe=499746
formalLocal:outer=61,slot=12,pass=16,op=O1_JS_INSERT,accepted=false,recoveryGain=true,qGain=0.0,fe=499747
formalLocal:outer=61,slot=12,pass=16,op=O2_JS_REVERSE,accepted=false,recoveryGain=true,qGain=-1.0,fe=499748
formalLocal:outer=61,slot=12,pass=16,op=O3_JS_SWAP,accepted=false,recoveryGain=true,qGain=-0.3487451774530163,fe=499749
formalLocal:outer=61,slot=12,pass=16,op=O4_WA_LOAD_TRANSFER,accepted=false,recoveryGain=true,qGain=-0.012870362604174424,fe=499750
formalLocal:outer=61,slot=12,pass=16,op=O5_WA_WEAK_TO_STRONG,accepted=false,recoveryGain=true,qGain=-1.0,fe=499751
formalLocal:outer=61,slot=12,pass=16,op=O6_WA_SWAP,accepted=false,recoveryGain=true,qGain=-0.35111188574886876,fe=499752
formalLocal:outer=61,slot=12,pass=16,op=O7_MA_LOAD_TRANSFER,accepted=false,recoveryGain=true,qGain=-0.029009281789997617,fe=499753
formalLocal:outer=61,slot=12,pass=16,op=O8_MA_WEAK_TO_STRONG,accepted=false,recoveryGain=true,qGain=-0.4538386633455503,fe=499754
formalLocal:outer=61,slot=12,pass=16,op=O9_MA_SWAP,accepted=false,recoveryGain=true,qGain=-0.18917157933363568,fe=499755
formalLocal:outer=61,slot=12,pass=17,op=O1_JS_INSERT,accepted=false,recoveryGain=true,qGain=-0.12619462520781438,fe=499756
formalLocal:outer=61,slot=12,pass=17,op=O2_JS_REVERSE,accepted=false,recoveryGain=true,qGain=-0.7217445415097858,fe=499757
formalLocal:outer=61,slot=12,pass=17,op=O3_JS_SWAP,accepted=false,recoveryGain=true,qGain=-1.0,fe=499758
formalLocal:outer=61,slot=12,pass=17,op=O4_WA_LOAD_TRANSFER,accepted=false,recoveryGain=true,qGain=-0.012870362604174424,fe=499759
formalLocal:outer=61,slot=12,pass=17,op=O5_WA_WEAK_TO_STRONG,accepted=false,recoveryGain=true,qGain=-1.0,fe=499760
formalLocal:outer=61,slot=12,pass=17,op=O6_WA_SWAP,accepted=false,recoveryGain=true,qGain=-0.35111188574886876,fe=499761
formalLocal:outer=61,slot=12,pass=17,op=O7_MA_LOAD_TRANSFER,accepted=false,recoveryGain=true,qGain=-0.029009281789997617,fe=499762
formalLocal:outer=61,slot=12,pass=17,op=O8_MA_WEAK_TO_STRONG,accepted=false,recoveryGain=true,qGain=-0.4538386633455503,fe=499763
formalLocal:outer=61,slot=12,pass=17,op=O9_MA_SWAP,accepted=false,recoveryGain=true,qGain=-0.18917157933363568,fe=499764
formalLocal:outer=61,slot=12,pass=18,op=O1_JS_INSERT,accepted=false,recoveryGain=true,qGain=-1.0,fe=499765
formalLocal:outer=61,slot=12,pass=18,op=O2_JS_REVERSE,accepted=false,recoveryGain=true,qGain=-1.0,fe=499766
formalLocal:outer=61,slot=12,pass=18,op=O3_JS_SWAP,accepted=false,recoveryGain=true,qGain=-1.0,fe=499767
formalLocal:outer=61,slot=12,pass=18,op=O4_WA_LOAD_TRANSFER,accepted=false,recoveryGain=true,qGain=-0.012870362604174424,fe=499768
formalLocal:outer=61,slot=12,pass=18,op=O5_WA_WEAK_TO_STRONG,accepted=false,recoveryGain=true,qGain=-1.0,fe=499769
formalLocal:outer=61,slot=12,pass=18,op=O6_WA_SWAP,accepted=false,recoveryGain=true,qGain=-0.35111188574886876,fe=499770
formalLocal:outer=61,slot=12,pass=18,op=O7_MA_LOAD_TRANSFER,accepted=false,recoveryGain=true,qGain=-0.029009281789997617,fe=499771
formalLocal:outer=61,slot=12,pass=18,op=O8_MA_WEAK_TO_STRONG,accepted=false,recoveryGain=true,qGain=-0.4538386633455503,fe=499772
formalLocal:outer=61,slot=12,pass=18,op=O9_MA_SWAP,accepted=false,recoveryGain=true,qGain=-0.18917157933363568,fe=499773
formalLocal:outer=61,slot=12,pass=19,op=O1_JS_INSERT,accepted=false,recoveryGain=true,qGain=-0.31082220612138967,fe=499774
formalLocal:outer=61,slot=12,pass=19,op=O2_JS_REVERSE,accepted=false,recoveryGain=true,qGain=-0.9471679516251974,fe=499775
formalLocal:outer=61,slot=12,pass=19,op=O3_JS_SWAP,accepted=false,recoveryGain=true,qGain=-0.8107865622089934,fe=499776
formalLocal:outer=61,slot=12,pass=19,op=O4_WA_LOAD_TRANSFER,accepted=false,recoveryGain=true,qGain=-0.012870362604174424,fe=499777
formalLocal:outer=61,slot=12,pass=19,op=O5_WA_WEAK_TO_STRONG,accepted=false,recoveryGain=true,qGain=-1.0,fe=499778
formalLocal:outer=61,slot=12,pass=19,op=O6_WA_SWAP,accepted=false,recoveryGain=true,qGain=-0.35111188574886876,fe=499779
formalLocal:outer=61,slot=12,pass=19,op=O7_MA_LOAD_TRANSFER,accepted=false,recoveryGain=true,qGain=-0.029009281789997617,fe=499780
formalLocal:outer=61,slot=12,pass=19,op=O8_MA_WEAK_TO_STRONG,accepted=false,recoveryGain=true,qGain=-0.4538386633455503,fe=499781
formalLocal:outer=61,slot=12,pass=19,op=O9_MA_SWAP,accepted=false,recoveryGain=true,qGain=-0.18917157933363568,fe=499782
formalLocal:outer=61,slot=12,pass=20,op=O1_JS_INSERT,accepted=false,recoveryGain=true,qGain=-0.16316112109088934,fe=499783
formalLocal:outer=61,slot=12,pass=20,op=O2_JS_REVERSE,accepted=false,recoveryGain=true,qGain=-0.6600645716803051,fe=499784
formalLocal:outer=61,slot=12,pass=20,op=O3_JS_SWAP,accepted=false,recoveryGain=true,qGain=-1.0,fe=499785
formalLocal:outer=61,slot=12,pass=20,op=O4_WA_LOAD_TRANSFER,accepted=false,recoveryGain=true,qGain=-0.012870362604174424,fe=499786
formalLocal:outer=61,slot=12,pass=20,op=O5_WA_WEAK_TO_STRONG,accepted=false,recoveryGain=true,qGain=-1.0,fe=499787
formalLocal:outer=61,slot=12,pass=20,op=O6_WA_SWAP,accepted=false,recoveryGain=true,qGain=-0.35111188574886876,fe=499788
formalLocal:outer=61,slot=12,pass=20,op=O7_MA_LOAD_TRANSFER,accepted=false,recoveryGain=true,qGain=-0.029009281789997617,fe=499789
formalLocal:outer=61,slot=12,pass=20,op=O8_MA_WEAK_TO_STRONG,accepted=false,recoveryGain=true,qGain=-0.4538386633455503,fe=499790
formalLocal:outer=61,slot=12,pass=20,op=O9_MA_SWAP,accepted=false,recoveryGain=true,qGain=-0.18917157933363568,fe=499791
formalLocal:outer=61,slot=12,pass=21,op=O1_JS_INSERT,accepted=false,recoveryGain=true,qGain=-0.9154847823916077,fe=499792
formalLocal:outer=61,slot=12,pass=21,op=O2_JS_REVERSE,accepted=false,recoveryGain=true,qGain=-1.0,fe=499793
formalLocal:outer=61,slot=12,pass=21,op=O3_JS_SWAP,accepted=true,recoveryGain=true,qGain=0.001044631061261263,fe=499794
formalLocal:outer=61,slot=12,pass=21,op=O4_WA_LOAD_TRANSFER,accepted=false,recoveryGain=true,qGain=-0.0072119845038056485,fe=499795
formalLocal:outer=61,slot=12,pass=21,op=O5_WA_WEAK_TO_STRONG,accepted=false,recoveryGain=true,qGain=-1.0,fe=499796
formalLocal:outer=61,slot=12,pass=21,op=O6_WA_SWAP,accepted=false,recoveryGain=true,qGain=-0.3685010442683745,fe=499797
formalLocal:outer=61,slot=12,pass=21,op=O7_MA_LOAD_TRANSFER,accepted=false,recoveryGain=true,qGain=-0.020475680538599248,fe=499798
formalLocal:outer=61,slot=12,pass=21,op=O8_MA_WEAK_TO_STRONG,accepted=false,recoveryGain=true,qGain=-0.47365944767559853,fe=499799
formalLocal:outer=61,slot=12,pass=21,op=O9_MA_SWAP,accepted=false,recoveryGain=true,qGain=-0.21694335759383593,fe=499800
formalLocal:outer=61,slot=12,pass=22,op=O1_JS_INSERT,accepted=false,recoveryGain=true,qGain=-0.15525843236270437,fe=499801
formalLocal:outer=61,slot=12,pass=22,op=O2_JS_REVERSE,accepted=false,recoveryGain=true,qGain=-1.0,fe=499802
formalLocal:outer=61,slot=12,pass=22,op=O3_JS_SWAP,accepted=false,recoveryGain=true,qGain=-1.0,fe=499803
formalLocal:outer=61,slot=12,pass=22,op=O4_WA_LOAD_TRANSFER,accepted=false,recoveryGain=true,qGain=-0.0072119845038056485,fe=499804
formalLocal:outer=61,slot=12,pass=22,op=O5_WA_WEAK_TO_STRONG,accepted=false,recoveryGain=true,qGain=-1.0,fe=499805
formalLocal:outer=61,slot=12,pass=22,op=O6_WA_SWAP,accepted=false,recoveryGain=true,qGain=-0.3685010442683745,fe=499806
formalLocal:outer=61,slot=12,pass=22,op=O7_MA_LOAD_TRANSFER,accepted=false,recoveryGain=true,qGain=-0.020475680538599248,fe=499807
formalLocal:outer=61,slot=12,pass=22,op=O8_MA_WEAK_TO_STRONG,accepted=false,recoveryGain=true,qGain=-0.47365944767559853,fe=499808
formalLocal:outer=61,slot=12,pass=22,op=O9_MA_SWAP,accepted=false,recoveryGain=true,qGain=-0.21694335759383593,fe=499809
formalLocal:outer=61,slot=12,pass=23,op=O1_JS_INSERT,accepted=false,recoveryGain=true,qGain=-0.860998834728258,fe=499810
formalLocal:outer=61,slot=12,pass=23,op=O2_JS_REVERSE,accepted=false,recoveryGain=true,qGain=-1.0,fe=499811
formalLocal:outer=61,slot=12,pass=23,op=O3_JS_SWAP,accepted=false,recoveryGain=true,qGain=-1.0,fe=499812
formalLocal:outer=61,slot=12,pass=23,op=O4_WA_LOAD_TRANSFER,accepted=false,recoveryGain=true,qGain=-0.0072119845038056485,fe=499813
formalLocal:outer=61,slot=12,pass=23,op=O5_WA_WEAK_TO_STRONG,accepted=false,recoveryGain=true,qGain=-1.0,fe=499814
formalLocal:outer=61,slot=12,pass=23,op=O6_WA_SWAP,accepted=false,recoveryGain=true,qGain=-0.3685010442683745,fe=499815
formalLocal:outer=61,slot=12,pass=23,op=O7_MA_LOAD_TRANSFER,accepted=false,recoveryGain=true,qGain=-0.020475680538599248,fe=499816
formalLocal:outer=61,slot=12,pass=23,op=O8_MA_WEAK_TO_STRONG,accepted=false,recoveryGain=true,qGain=-0.47365944767559853,fe=499817
formalLocal:outer=61,slot=12,pass=23,op=O9_MA_SWAP,accepted=false,recoveryGain=true,qGain=-0.21694335759383593,fe=499818
formalLocal:outer=61,slot=12,pass=24,op=O1_JS_INSERT,accepted=true,recoveryGain=true,qGain=0.03377491158920437,fe=499819
formalLocal:outer=61,slot=12,pass=24,op=O2_JS_REVERSE,accepted=false,recoveryGain=true,qGain=-1.0,fe=499820
formalLocal:outer=61,slot=12,pass=24,op=O3_JS_SWAP,accepted=false,recoveryGain=true,qGain=-0.3045219322499944,fe=499821
formalLocal:outer=61,slot=12,pass=24,op=O4_WA_LOAD_TRANSFER,accepted=false,recoveryGain=true,qGain=-0.8239704843469162,fe=499822
formalLocal:outer=61,slot=12,pass=24,op=O5_WA_WEAK_TO_STRONG,accepted=false,recoveryGain=true,qGain=-0.2316742971720118,fe=499823
formalLocal:outer=61,slot=12,pass=24,op=O6_WA_SWAP,accepted=false,recoveryGain=true,qGain=-0.4176626568826366,fe=499824
formalLocal:outer=61,slot=12,pass=24,op=O7_MA_LOAD_TRANSFER,accepted=false,recoveryGain=true,qGain=0.0,fe=499825
formalLocal:outer=61,slot=12,pass=24,op=O8_MA_WEAK_TO_STRONG,accepted=true,recoveryGain=true,qGain=0.006526926788248134,fe=499826
formalLocal:outer=61,slot=12,pass=24,op=O9_MA_SWAP,accepted=false,recoveryGain=true,qGain=-0.27710736146623227,fe=499827
formalLocal:outer=61,slot=12,pass=25,op=O1_JS_INSERT,accepted=false,recoveryGain=true,qGain=-0.21740164255502636,fe=499828
formalLocal:outer=61,slot=12,pass=25,op=O2_JS_REVERSE,accepted=false,recoveryGain=true,qGain=-0.8327001943045207,fe=499829
formalLocal:outer=61,slot=12,pass=25,op=O3_JS_SWAP,accepted=false,recoveryGain=true,qGain=-1.0,fe=499830
formalLocal:outer=61,slot=12,pass=25,op=O4_WA_LOAD_TRANSFER,accepted=true,recoveryGain=true,qGain=0.00990791687807428,fe=499831
formalLocal:outer=61,slot=12,pass=25,op=O5_WA_WEAK_TO_STRONG,accepted=false,recoveryGain=true,qGain=-0.010007066056758038,fe=499832
formalLocal:outer=61,slot=12,pass=25,op=O6_WA_SWAP,accepted=false,recoveryGain=true,qGain=-0.33420859971749833,fe=499833
formalLocal:outer=61,slot=12,pass=25,op=O7_MA_LOAD_TRANSFER,accepted=true,recoveryGain=true,qGain=0.05134273997532165,fe=499834
formalLocal:outer=61,slot=12,pass=25,op=O8_MA_WEAK_TO_STRONG,accepted=false,recoveryGain=true,qGain=-0.29667555772066945,fe=499835
formalLocal:outer=61,slot=12,pass=25,op=O9_MA_SWAP,accepted=true,recoveryGain=true,qGain=0.024315311268440064,fe=499836
formalLocal:outer=61,slot=12,pass=26,op=O1_JS_INSERT,accepted=false,recoveryGain=true,qGain=-0.5499485064174364,fe=499837
formalLocal:outer=61,slot=12,pass=26,op=O2_JS_REVERSE,accepted=false,recoveryGain=true,qGain=-0.6889222689402151,fe=499838
formalLocal:outer=61,slot=12,pass=26,op=O3_JS_SWAP,accepted=false,recoveryGain=true,qGain=-0.7289898044106342,fe=499839
formalLocal:outer=61,slot=12,pass=26,op=O4_WA_LOAD_TRANSFER,accepted=false,recoveryGain=true,qGain=-0.46773416662178335,fe=499840
formalLocal:outer=61,slot=12,pass=26,op=O5_WA_WEAK_TO_STRONG,accepted=false,recoveryGain=true,qGain=-0.21741074105515212,fe=499841
formalLocal:outer=61,slot=12,pass=26,op=O6_WA_SWAP,accepted=false,recoveryGain=true,qGain=-0.004625837107581319,fe=499842
formalLocal:outer=61,slot=12,pass=26,op=O7_MA_LOAD_TRANSFER,accepted=false,recoveryGain=true,qGain=-0.3151849794884062,fe=499843
formalLocal:outer=61,slot=12,pass=26,op=O8_MA_WEAK_TO_STRONG,accepted=true,recoveryGain=true,qGain=0.054985778012519235,fe=499844
formalLocal:outer=61,slot=12,pass=26,op=O9_MA_SWAP,accepted=false,recoveryGain=true,qGain=-1.0,fe=499845
formalLocal:outer=61,slot=12,pass=27,op=O1_JS_INSERT,accepted=false,recoveryGain=true,qGain=-1.0,fe=499846
formalLocal:outer=61,slot=12,pass=27,op=O2_JS_REVERSE,accepted=false,recoveryGain=true,qGain=-1.0,fe=499847
formalLocal:outer=61,slot=12,pass=27,op=O3_JS_SWAP,accepted=false,recoveryGain=true,qGain=-0.17117510668162894,fe=499848
formalLocal:outer=61,slot=12,pass=27,op=O4_WA_LOAD_TRANSFER,accepted=false,recoveryGain=true,qGain=-1.0,fe=499849
formalLocal:outer=61,slot=12,pass=27,op=O5_WA_WEAK_TO_STRONG,accepted=true,recoveryGain=true,qGain=0.06234748035019702,fe=499850
formalLocal:outer=61,slot=12,pass=27,op=O6_WA_SWAP,accepted=false,recoveryGain=true,qGain=-0.43789604777393326,fe=499851
formalLocal:outer=61,slot=12,pass=27,op=O7_MA_LOAD_TRANSFER,accepted=false,recoveryGain=true,qGain=-0.3832666481494582,fe=499852
formalLocal:outer=61,slot=12,pass=27,op=O8_MA_WEAK_TO_STRONG,accepted=true,recoveryGain=true,qGain=0.011240288362459357,fe=499853
formalLocal:outer=61,slot=12,pass=27,op=O9_MA_SWAP,accepted=false,recoveryGain=true,qGain=-0.1698211759087394,fe=499854
formalLocal:outer=61,slot=12,pass=28,op=O1_JS_INSERT,accepted=false,recoveryGain=true,qGain=-0.5264002457074219,fe=499855
formalLocal:outer=61,slot=12,pass=28,op=O2_JS_REVERSE,accepted=false,recoveryGain=true,qGain=-1.0,fe=499856
formalLocal:outer=61,slot=12,pass=28,op=O3_JS_SWAP,accepted=false,recoveryGain=true,qGain=-1.0,fe=499857
formalLocal:outer=61,slot=12,pass=28,op=O4_WA_LOAD_TRANSFER,accepted=false,recoveryGain=true,qGain=-0.9330988903722236,fe=499858
formalLocal:outer=61,slot=12,pass=28,op=O5_WA_WEAK_TO_STRONG,accepted=false,recoveryGain=true,qGain=-0.2572682711966416,fe=499859
formalLocal:outer=61,slot=12,pass=28,op=O6_WA_SWAP,accepted=false,recoveryGain=true,qGain=-0.5321327814961833,fe=499860
formalLocal:outer=61,slot=12,pass=28,op=O7_MA_LOAD_TRANSFER,accepted=false,recoveryGain=true,qGain=-1.0,fe=499861
formalLocal:outer=61,slot=12,pass=28,op=O8_MA_WEAK_TO_STRONG,accepted=false,recoveryGain=true,qGain=-0.18477044051402872,fe=499862
formalLocal:outer=61,slot=12,pass=28,op=O9_MA_SWAP,accepted=false,recoveryGain=true,qGain=-0.1698211759087394,fe=499863
formalLocal:outer=61,slot=12,pass=29,op=O1_JS_INSERT,accepted=false,recoveryGain=true,qGain=-1.0,fe=499864
formalLocal:outer=61,slot=12,pass=29,op=O2_JS_REVERSE,accepted=false,recoveryGain=true,qGain=-1.0,fe=499865
formalLocal:outer=61,slot=12,pass=29,op=O3_JS_SWAP,accepted=false,recoveryGain=true,qGain=-1.0,fe=499866
formalLocal:outer=61,slot=12,pass=29,op=O4_WA_LOAD_TRANSFER,accepted=false,recoveryGain=true,qGain=-0.9330988903722236,fe=499867
formalLocal:outer=61,slot=12,pass=29,op=O5_WA_WEAK_TO_STRONG,accepted=false,recoveryGain=true,qGain=-0.2572682711966416,fe=499868
formalLocal:outer=61,slot=12,pass=29,op=O6_WA_SWAP,accepted=false,recoveryGain=true,qGain=-0.5321327814961833,fe=499869
formalLocal:outer=61,slot=12,pass=29,op=O7_MA_LOAD_TRANSFER,accepted=false,recoveryGain=true,qGain=-1.0,fe=499870
formalLocal:outer=61,slot=12,pass=29,op=O8_MA_WEAK_TO_STRONG,accepted=false,recoveryGain=true,qGain=-0.18477044051402872,fe=499871
formalLocal:outer=61,slot=12,pass=29,op=O9_MA_SWAP,accepted=false,recoveryGain=true,qGain=-0.1698211759087394,fe=499872
formalLocal:outer=61,slot=13,op=CRITICAL_FACTORY_SWAP,accepted=true,fe=499873
formalLocal:outer=61,slot=13,op=CRITICAL_FACTORY_INSERT,accepted=true,fe=499874
formalLocal:outer=61,slot=13,pass=0,op=O1_JS_INSERT,accepted=false,recoveryGain=true,qGain=-0.46733367185091035,fe=499875
formalLocal:outer=61,slot=13,pass=0,op=O2_JS_REVERSE,accepted=false,recoveryGain=true,qGain=-1.0,fe=499876
formalLocal:outer=61,slot=13,pass=0,op=O3_JS_SWAP,accepted=true,recoveryGain=true,qGain=0.1136967327115816,fe=499877
formalLocal:outer=61,slot=13,pass=0,op=O4_WA_LOAD_TRANSFER,accepted=true,recoveryGain=true,qGain=0.044958684144738706,fe=499878
formalLocal:outer=61,slot=13,pass=0,op=O5_WA_WEAK_TO_STRONG,accepted=false,recoveryGain=true,qGain=-0.23353067193134694,fe=499879
formalLocal:outer=61,slot=13,pass=0,op=O6_WA_SWAP,accepted=false,recoveryGain=true,qGain=-1.0,fe=499880
formalLocal:outer=61,slot=13,pass=0,op=O7_MA_LOAD_TRANSFER,accepted=false,recoveryGain=true,qGain=0.0,fe=499881
formalLocal:outer=61,slot=13,pass=0,op=O8_MA_WEAK_TO_STRONG,accepted=true,recoveryGain=true,qGain=0.1402530821233027,fe=499882
formalLocal:outer=61,slot=13,pass=0,op=O9_MA_SWAP,accepted=false,recoveryGain=true,qGain=-0.8688441986481582,fe=499883
formalLocal:outer=61,slot=13,pass=1,op=O1_JS_INSERT,accepted=false,recoveryGain=true,qGain=-0.7767971602855755,fe=499884
formalLocal:outer=61,slot=13,pass=1,op=O2_JS_REVERSE,accepted=false,recoveryGain=true,qGain=-0.8406553208180101,fe=499885
formalLocal:outer=61,slot=13,pass=1,op=O3_JS_SWAP,accepted=false,recoveryGain=true,qGain=-1.0,fe=499886
formalLocal:outer=61,slot=13,pass=1,op=O4_WA_LOAD_TRANSFER,accepted=false,recoveryGain=true,qGain=-1.0,fe=499887
formalLocal:outer=61,slot=13,pass=1,op=O5_WA_WEAK_TO_STRONG,accepted=false,recoveryGain=true,qGain=-0.26954498275874295,fe=499888
formalLocal:outer=61,slot=13,pass=1,op=O6_WA_SWAP,accepted=false,recoveryGain=true,qGain=-0.6861876189094306,fe=499889
formalLocal:outer=61,slot=13,pass=1,op=O7_MA_LOAD_TRANSFER,accepted=false,recoveryGain=true,qGain=-0.38566112568359173,fe=499890
formalLocal:outer=61,slot=13,pass=1,op=O8_MA_WEAK_TO_STRONG,accepted=true,recoveryGain=true,qGain=0.11650001544111595,fe=499891
formalLocal:outer=61,slot=13,pass=1,op=O9_MA_SWAP,accepted=false,recoveryGain=true,qGain=-1.0,fe=499892
formalLocal:outer=61,slot=13,pass=2,op=O1_JS_INSERT,accepted=false,recoveryGain=true,qGain=-0.8645481456098657,fe=499893
formalLocal:outer=61,slot=13,pass=2,op=O2_JS_REVERSE,accepted=false,recoveryGain=true,qGain=0.0,fe=499894
formalLocal:outer=61,slot=13,pass=2,op=O3_JS_SWAP,accepted=false,recoveryGain=true,qGain=-1.0,fe=499895
formalLocal:outer=61,slot=13,pass=2,op=O4_WA_LOAD_TRANSFER,accepted=false,recoveryGain=true,qGain=-1.0,fe=499896
formalLocal:outer=61,slot=13,pass=2,op=O5_WA_WEAK_TO_STRONG,accepted=false,recoveryGain=true,qGain=-0.31870378298042223,fe=499897
formalLocal:outer=61,slot=13,pass=2,op=O6_WA_SWAP,accepted=false,recoveryGain=true,qGain=-1.0,fe=499898
formalLocal:outer=61,slot=13,pass=2,op=O7_MA_LOAD_TRANSFER,accepted=false,recoveryGain=true,qGain=-0.44489883902533234,fe=499899
formalLocal:outer=61,slot=13,pass=2,op=O8_MA_WEAK_TO_STRONG,accepted=true,recoveryGain=true,qGain=0.024648109224713274,fe=499900
formalLocal:outer=61,slot=13,pass=2,op=O9_MA_SWAP,accepted=false,recoveryGain=true,qGain=-0.7974863520987701,fe=499901
formalLocal:outer=61,slot=13,pass=3,op=O1_JS_INSERT,accepted=true,recoveryGain=true,qGain=0.07388965623948271,fe=499902
formalLocal:outer=61,slot=13,pass=3,op=O2_JS_REVERSE,accepted=false,recoveryGain=true,qGain=-1.0,fe=499903
formalLocal:outer=61,slot=13,pass=3,op=O3_JS_SWAP,accepted=false,recoveryGain=true,qGain=-0.1934946841408331,fe=499904
formalLocal:outer=61,slot=13,pass=3,op=O4_WA_LOAD_TRANSFER,accepted=false,recoveryGain=true,qGain=-1.0,fe=499905
formalLocal:outer=61,slot=13,pass=3,op=O5_WA_WEAK_TO_STRONG,accepted=false,recoveryGain=true,qGain=-0.12440181726298095,fe=499906
formalLocal:outer=61,slot=13,pass=3,op=O6_WA_SWAP,accepted=false,recoveryGain=true,qGain=-1.0,fe=499907
formalLocal:outer=61,slot=13,pass=3,op=O7_MA_LOAD_TRANSFER,accepted=false,recoveryGain=true,qGain=-0.2538846128983664,fe=499908
formalLocal:outer=61,slot=13,pass=3,op=O8_MA_WEAK_TO_STRONG,accepted=true,recoveryGain=true,qGain=0.04039103909330648,fe=499909
formalLocal:outer=61,slot=13,pass=3,op=O9_MA_SWAP,accepted=false,recoveryGain=true,qGain=-1.0,fe=499910
formalLocal:outer=61,slot=13,pass=4,op=O1_JS_INSERT,accepted=false,recoveryGain=true,qGain=-0.19997670092262565,fe=499911
formalLocal:outer=61,slot=13,pass=4,op=O2_JS_REVERSE,accepted=false,recoveryGain=true,qGain=-1.0,fe=499912
formalLocal:outer=61,slot=13,pass=4,op=O3_JS_SWAP,accepted=false,recoveryGain=true,qGain=-0.9970814013483741,fe=499913
formalLocal:outer=61,slot=13,pass=4,op=O4_WA_LOAD_TRANSFER,accepted=false,recoveryGain=true,qGain=-1.0,fe=499914
formalLocal:outer=61,slot=13,pass=4,op=O5_WA_WEAK_TO_STRONG,accepted=false,recoveryGain=true,qGain=-0.17159489130786193,fe=499915
formalLocal:outer=61,slot=13,pass=4,op=O6_WA_SWAP,accepted=false,recoveryGain=true,qGain=-1.0,fe=499916
formalLocal:outer=61,slot=13,pass=4,op=O7_MA_LOAD_TRANSFER,accepted=false,recoveryGain=true,qGain=-0.32695476781959776,fe=499917
formalLocal:outer=61,slot=13,pass=4,op=O8_MA_WEAK_TO_STRONG,accepted=true,recoveryGain=true,qGain=0.03256152271605742,fe=499918
formalLocal:outer=61,slot=13,pass=4,op=O9_MA_SWAP,accepted=false,recoveryGain=true,qGain=-1.0,fe=499919
formalLocal:outer=61,slot=13,pass=5,op=O1_JS_INSERT,accepted=false,recoveryGain=true,qGain=-0.3030615043916794,fe=499920
formalLocal:outer=61,slot=13,pass=5,op=O2_JS_REVERSE,accepted=false,recoveryGain=true,qGain=-1.0,fe=499921
formalLocal:outer=61,slot=13,pass=5,op=O3_JS_SWAP,accepted=false,recoveryGain=true,qGain=-0.6408098503934908,fe=499922
formalLocal:outer=61,slot=13,pass=5,op=O4_WA_LOAD_TRANSFER,accepted=false,recoveryGain=true,qGain=-1.0,fe=499923
formalLocal:outer=61,slot=13,pass=5,op=O5_WA_WEAK_TO_STRONG,accepted=false,recoveryGain=true,qGain=-0.17342003004263332,fe=499924
formalLocal:outer=61,slot=13,pass=5,op=O6_WA_SWAP,accepted=false,recoveryGain=true,qGain=-1.0,fe=499925
formalLocal:outer=61,slot=13,pass=5,op=O7_MA_LOAD_TRANSFER,accepted=false,recoveryGain=true,qGain=-0.19091386678404618,fe=499926
formalLocal:outer=61,slot=13,pass=5,op=O8_MA_WEAK_TO_STRONG,accepted=true,recoveryGain=true,qGain=0.17053080732490783,fe=499927
formalLocal:outer=61,slot=13,pass=5,op=O9_MA_SWAP,accepted=false,recoveryGain=true,qGain=-1.0,fe=499928
formalLocal:outer=61,slot=13,pass=6,op=O1_JS_INSERT,accepted=false,recoveryGain=true,qGain=-0.10132373116908938,fe=499929
formalLocal:outer=61,slot=13,pass=6,op=O2_JS_REVERSE,accepted=false,recoveryGain=true,qGain=-1.0,fe=499930
formalLocal:outer=61,slot=13,pass=6,op=O3_JS_SWAP,accepted=false,recoveryGain=true,qGain=-1.0,fe=499931
formalLocal:outer=61,slot=13,pass=6,op=O4_WA_LOAD_TRANSFER,accepted=false,recoveryGain=true,qGain=-1.0,fe=499932
formalLocal:outer=61,slot=13,pass=6,op=O5_WA_WEAK_TO_STRONG,accepted=false,recoveryGain=true,qGain=-0.19600930376345846,fe=499933
formalLocal:outer=61,slot=13,pass=6,op=O6_WA_SWAP,accepted=false,recoveryGain=true,qGain=-1.0,fe=499934
formalLocal:outer=61,slot=13,pass=6,op=O7_MA_LOAD_TRANSFER,accepted=false,recoveryGain=true,qGain=-0.23951503602842567,fe=499935
formalLocal:outer=61,slot=13,pass=6,op=O8_MA_WEAK_TO_STRONG,accepted=true,recoveryGain=true,qGain=0.09949333916107264,fe=499936
formalLocal:outer=61,slot=13,pass=6,op=O9_MA_SWAP,accepted=false,recoveryGain=true,qGain=-1.0,fe=499937
formalLocal:outer=61,slot=13,pass=7,op=O1_JS_INSERT,accepted=false,recoveryGain=true,qGain=-0.5567555501794234,fe=499938
formalLocal:outer=61,slot=13,pass=7,op=O2_JS_REVERSE,accepted=false,recoveryGain=true,qGain=-1.0,fe=499939
formalLocal:outer=61,slot=13,pass=7,op=O3_JS_SWAP,accepted=false,recoveryGain=true,qGain=0.0,fe=499940
formalLocal:outer=61,slot=13,pass=7,op=O4_WA_LOAD_TRANSFER,accepted=false,recoveryGain=true,qGain=-1.0,fe=499941
formalLocal:outer=61,slot=13,pass=7,op=O5_WA_WEAK_TO_STRONG,accepted=false,recoveryGain=true,qGain=-0.20704009286049085,fe=499942
formalLocal:outer=61,slot=13,pass=7,op=O6_WA_SWAP,accepted=false,recoveryGain=true,qGain=-1.0,fe=499943
formalLocal:outer=61,slot=13,pass=7,op=O7_MA_LOAD_TRANSFER,accepted=false,recoveryGain=true,qGain=-0.3004561953936436,fe=499944
formalLocal:outer=61,slot=13,pass=7,op=O8_MA_WEAK_TO_STRONG,accepted=true,recoveryGain=true,qGain=0.049480493733650176,fe=499945
formalLocal:outer=61,slot=13,pass=7,op=O9_MA_SWAP,accepted=false,recoveryGain=true,qGain=-1.0,fe=499946
formalLocal:outer=61,slot=13,pass=8,op=O1_JS_INSERT,accepted=false,recoveryGain=true,qGain=-0.3046952463403852,fe=499947
formalLocal:outer=61,slot=13,pass=8,op=O2_JS_REVERSE,accepted=false,recoveryGain=true,qGain=-1.0,fe=499948
formalLocal:outer=61,slot=13,pass=8,op=O3_JS_SWAP,accepted=false,recoveryGain=true,qGain=-0.3600394814952938,fe=499949
formalLocal:outer=61,slot=13,pass=8,op=O4_WA_LOAD_TRANSFER,accepted=false,recoveryGain=true,qGain=-1.0,fe=499950
formalLocal:outer=61,slot=13,pass=8,op=O5_WA_WEAK_TO_STRONG,accepted=false,recoveryGain=true,qGain=-0.247378797244203,fe=499951
formalLocal:outer=61,slot=13,pass=8,op=O6_WA_SWAP,accepted=false,recoveryGain=true,qGain=-1.0,fe=499952
formalLocal:outer=61,slot=13,pass=8,op=O7_MA_LOAD_TRANSFER,accepted=false,recoveryGain=true,qGain=-0.16039895227216328,fe=499953
formalLocal:outer=61,slot=13,pass=8,op=O8_MA_WEAK_TO_STRONG,accepted=true,recoveryGain=true,qGain=0.11507340373709354,fe=499954
formalLocal:outer=61,slot=13,pass=8,op=O9_MA_SWAP,accepted=false,recoveryGain=true,qGain=-1.0,fe=499955
formalLocal:outer=61,slot=13,pass=9,op=O1_JS_INSERT,accepted=false,recoveryGain=true,qGain=-0.9467723169562643,fe=499956
formalLocal:outer=61,slot=13,pass=9,op=O2_JS_REVERSE,accepted=true,recoveryGain=true,qGain=0.15759578914927458,fe=499957
formalLocal:outer=61,slot=13,pass=9,op=O3_JS_SWAP,accepted=false,recoveryGain=true,qGain=-0.34813688829862266,fe=499958
formalLocal:outer=61,slot=13,pass=9,op=O4_WA_LOAD_TRANSFER,accepted=false,recoveryGain=true,qGain=-1.0,fe=499959
formalLocal:outer=61,slot=13,pass=9,op=O5_WA_WEAK_TO_STRONG,accepted=false,recoveryGain=true,qGain=-0.15489989575758983,fe=499960
formalLocal:outer=61,slot=13,pass=9,op=O6_WA_SWAP,accepted=false,recoveryGain=true,qGain=-1.0,fe=499961
formalLocal:outer=61,slot=13,pass=9,op=O7_MA_LOAD_TRANSFER,accepted=true,recoveryGain=true,qGain=0.13935240831356202,fe=499962
formalLocal:outer=61,slot=13,pass=9,op=O8_MA_WEAK_TO_STRONG,accepted=false,recoveryGain=true,qGain=-0.9035977009861659,fe=499963
formalLocal:outer=61,slot=13,pass=9,op=O9_MA_SWAP,accepted=false,recoveryGain=true,qGain=-0.16191575931851637,fe=499964
formalLocal:outer=61,slot=13,pass=10,op=O1_JS_INSERT,accepted=false,recoveryGain=true,qGain=-1.0,fe=499965
formalLocal:outer=61,slot=13,pass=10,op=O2_JS_REVERSE,accepted=false,recoveryGain=true,qGain=-1.0,fe=499966
formalLocal:outer=61,slot=13,pass=10,op=O3_JS_SWAP,accepted=false,recoveryGain=true,qGain=-1.0,fe=499967
formalLocal:outer=61,slot=13,pass=10,op=O4_WA_LOAD_TRANSFER,accepted=false,recoveryGain=true,qGain=-1.0,fe=499968
formalLocal:outer=61,slot=13,pass=10,op=O5_WA_WEAK_TO_STRONG,accepted=false,recoveryGain=true,qGain=-0.5880094888448759,fe=499969
formalLocal:outer=61,slot=13,pass=10,op=O6_WA_SWAP,accepted=false,recoveryGain=true,qGain=-1.0,fe=499970
formalLocal:outer=61,slot=13,pass=10,op=O7_MA_LOAD_TRANSFER,accepted=false,recoveryGain=true,qGain=-0.31394577929707673,fe=499971
formalLocal:outer=61,slot=13,pass=10,op=O8_MA_WEAK_TO_STRONG,accepted=false,recoveryGain=true,qGain=-0.9035977009861659,fe=499972
formalLocal:outer=61,slot=13,pass=10,op=O9_MA_SWAP,accepted=false,recoveryGain=true,qGain=-0.16191575931851637,fe=499973
formalLocal:outer=61,slot=13,pass=11,op=O1_JS_INSERT,accepted=false,recoveryGain=true,qGain=-1.0,fe=499974
formalLocal:outer=61,slot=13,pass=11,op=O2_JS_REVERSE,accepted=false,recoveryGain=true,qGain=-1.0,fe=499975
formalLocal:outer=61,slot=13,pass=11,op=O3_JS_SWAP,accepted=false,recoveryGain=true,qGain=-0.11634148489016914,fe=499976
formalLocal:outer=61,slot=13,pass=11,op=O4_WA_LOAD_TRANSFER,accepted=false,recoveryGain=true,qGain=-1.0,fe=499977
formalLocal:outer=61,slot=13,pass=11,op=O5_WA_WEAK_TO_STRONG,accepted=false,recoveryGain=true,qGain=-0.5880094888448759,fe=499978
formalLocal:outer=61,slot=13,pass=11,op=O6_WA_SWAP,accepted=false,recoveryGain=true,qGain=-1.0,fe=499979
formalLocal:outer=61,slot=13,pass=11,op=O7_MA_LOAD_TRANSFER,accepted=false,recoveryGain=true,qGain=-0.31394577929707673,fe=499980
formalLocal:outer=61,slot=13,pass=11,op=O8_MA_WEAK_TO_STRONG,accepted=false,recoveryGain=true,qGain=-0.9035977009861659,fe=499981
formalLocal:outer=61,slot=13,pass=11,op=O9_MA_SWAP,accepted=false,recoveryGain=true,qGain=-0.16191575931851637,fe=499982
formalLocal:outer=61,slot=13,pass=12,op=O1_JS_INSERT,accepted=false,recoveryGain=true,qGain=0.0,fe=499983
formalLocal:outer=61,slot=13,pass=12,op=O2_JS_REVERSE,accepted=false,recoveryGain=true,qGain=-1.0,fe=499984
formalLocal:outer=61,slot=13,pass=12,op=O3_JS_SWAP,accepted=false,recoveryGain=true,qGain=-1.0,fe=499985
formalLocal:outer=61,slot=13,pass=12,op=O4_WA_LOAD_TRANSFER,accepted=false,recoveryGain=true,qGain=-1.0,fe=499986
formalLocal:outer=61,slot=13,pass=12,op=O5_WA_WEAK_TO_STRONG,accepted=false,recoveryGain=true,qGain=-0.5880094888448759,fe=499987
formalLocal:outer=61,slot=13,pass=12,op=O6_WA_SWAP,accepted=false,recoveryGain=true,qGain=-1.0,fe=499988
formalLocal:outer=61,slot=13,pass=12,op=O7_MA_LOAD_TRANSFER,accepted=false,recoveryGain=true,qGain=-0.31394577929707673,fe=499989
formalLocal:outer=61,slot=13,pass=12,op=O8_MA_WEAK_TO_STRONG,accepted=false,recoveryGain=true,qGain=-0.9035977009861659,fe=499990
formalLocal:outer=61,slot=13,pass=12,op=O9_MA_SWAP,accepted=false,recoveryGain=true,qGain=-0.16191575931851637,fe=499991
formalLocal:outer=61,slot=13,pass=13,op=O1_JS_INSERT,accepted=false,recoveryGain=true,qGain=-0.32235498410588703,fe=499992
formalLocal:outer=61,slot=13,pass=13,op=O2_JS_REVERSE,accepted=false,recoveryGain=true,qGain=-1.0,fe=499993
formalLocal:outer=61,slot=13,pass=13,op=O3_JS_SWAP,accepted=false,recoveryGain=true,qGain=0.0,fe=499994
formalLocal:outer=61,slot=13,pass=13,op=O4_WA_LOAD_TRANSFER,accepted=false,recoveryGain=true,qGain=-1.0,fe=499995
formalLocal:outer=61,slot=13,pass=13,op=O5_WA_WEAK_TO_STRONG,accepted=false,recoveryGain=true,qGain=-0.5880094888448759,fe=499996
formalLocal:outer=61,slot=13,pass=13,op=O6_WA_SWAP,accepted=false,recoveryGain=true,qGain=-1.0,fe=499997
formalLocal:outer=61,slot=13,pass=13,op=O7_MA_LOAD_TRANSFER,accepted=false,recoveryGain=true,qGain=-0.31394577929707673,fe=499998
formalLocal:outer=61,slot=13,pass=13,op=O8_MA_WEAK_TO_STRONG,accepted=false,recoveryGain=true,qGain=-0.9035977009861659,fe=499999
formalLocal:outer=61,slot=13,pass=13,op=O9_MA_SWAP,accepted=false,recoveryGain=true,qGain=-0.16191575931851637,fe=500000