decisionCycle,generation,FE,group,cacheType,oldLeaderId,oldLeaderObjectives,dominatorCount,stale,replacementId,replacementObjectives,directionScore,firstKnownDominatedFE,refreshFE,dominanceAge,teacherExposure
2,1,200,G1_CMAX,PREVIOUS,[8, 12, 6, 18, 11, 5, 2, 17, 4, 0, 7, 13, 10, 9, 19, 15, 3, 14, 16, 1]|[0, 0, 2, 2, 0, 2, 2, 2, 1, 2, 0, 0, 0, 1, 1, 1, 1, 2, 1, 2]|[1, 2, 1, 1, 3, 0, 0, 1, 0, 1, 0, 0, 3, 0, 1, 1, 0, 0, 0, 0]|[2, 1, 1, 1, 2, 1, 0, 1, 0, 1, 0, 0, 0, 1, 1, 0, 0, 1, 0, 1],401.221238085945;12374.429874407799;23588.490732938080,9,true,[3, 14, 6, 16, 15, 4, 19, 11, 10, 9, 1, 13, 8, 2, 7, 5, 0, 17, 18, 12]|[0, 0, 1, 1, 1, 1, 2, 0, 1, 1, 0, 2, 2, 0, 1, 0, 0, 2, 2, 2]|[0, 0, 1, 0, 0, 1, 0, 2, 0, 0, 1, 1, 0, 0, 1, 3, 2, 0, 0, 0]|[2, 2, 0, 1, 1, 0, 1, 0, 1, 0, 0, 0, 1, 1, 1, 0, 2, 1, 1, 1],249.672761520688;11531.497004920822;17886.996611914943,249.672761520688,200,200,0,1
2,1,200,G1_CMAX,HISTORICAL,[8, 12, 6, 18, 11, 5, 2, 17, 4, 0, 7, 13, 10, 9, 19, 15, 3, 14, 16, 1]|[0, 0, 2, 2, 0, 2, 2, 2, 1, 2, 0, 0, 0, 1, 1, 1, 1, 2, 1, 2]|[1, 2, 1, 1, 3, 0, 0, 1, 0, 1, 0, 0, 3, 0, 1, 1, 0, 0, 0, 0]|[2, 1, 1, 1, 2, 1, 0, 1, 0, 1, 0, 0, 0, 1, 1, 0, 0, 1, 0, 1],401.221238085945;12374.429874407799;23588.490732938080,9,true,[3, 14, 6, 16, 15, 4, 19, 11, 10, 9, 1, 13, 8, 2, 7, 5, 0, 17, 18, 12]|[0, 0, 1, 1, 1, 1, 2, 0, 1, 1, 0, 2, 2, 0, 1, 0, 0, 2, 2, 2]|[0, 0, 1, 0, 0, 1, 0, 2, 0, 0, 1, 1, 0, 0, 1, 3, 2, 0, 0, 0]|[2, 2, 0, 1, 1, 0, 1, 0, 1, 0, 0, 0, 1, 1, 1, 0, 2, 1, 1, 1],249.672761520688;11531.497004920822;17886.996611914943,249.672761520688,200,200,0,0
2,1,200,G2_TEC,PREVIOUS,[15, 19, 1, 11, 7, 9, 10, 3, 8, 17, 18, 16, 5, 4, 13, 14, 0, 6, 2, 12]|[2, 0, 1, 1, 1, 2, 0, 2, 2, 1, 1, 0, 2, 0, 1, 0, 1, 0, 2, 2]|[0, 3, 1, 1, 1, 1, 2, 0, 1, 1, 1, 2, 1, 2, 0, 1, 0, 3, 1, 1]|[1, 1, 1, 1, 0, 0, 1, 0, 0, 1, 0, 2, 0, 0, 1, 1, 0, 0, 1, 0],384.018330693903;12473.642618942311;23112.740527410788,9,true,[17, 3, 15, 11, 7, 2, 8, 14, 1, 0, 4, 10, 19, 12, 13, 18, 6, 9, 16, 5]|[1, 0, 1, 2, 1, 2, 1, 1, 1, 0, 1, 1, 2, 2, 1, 0, 2, 0, 1, 0]|[1, 0, 1, 1, 1, 0, 1, 1, 0, 0, 0, 1, 0, 1, 1, 3, 0, 3, 0, 0]|[0, 2, 1, 0, 0, 0, 1, 1, 1, 0, 1, 0, 0, 1, 1, 2, 1, 2, 1, 0],380.474371525070;10589.586006761776;21742.354562992085,10589.586006761776,200,200,0,1
2,1,200,G2_TEC,HISTORICAL,[15, 19, 1, 11, 7, 9, 10, 3, 8, 17, 18, 16, 5, 4, 13, 14, 0, 6, 2, 12]|[2, 0, 1, 1, 1, 2, 0, 2, 2, 1, 1, 0, 2, 0, 1, 0, 1, 0, 2, 2]|[0, 3, 1, 1, 1, 1, 2, 0, 1, 1, 1, 2, 1, 2, 0, 1, 0, 3, 1, 1]|[1, 1, 1, 1, 0, 0, 1, 0, 0, 1, 0, 2, 0, 0, 1, 1, 0, 0, 1, 0],384.018330693903;12473.642618942311;23112.740527410788,9,true,[17, 3, 15, 11, 7, 2, 8, 14, 1, 0, 4, 10, 19, 12, 13, 18, 6, 9, 16, 5]|[1, 0, 1, 2, 1, 2, 1, 1, 1, 0, 1, 1, 2, 2, 1, 0, 2, 0, 1, 0]|[1, 0, 1, 1, 1, 0, 1, 1, 0, 0, 0, 1, 0, 1, 1, 3, 0, 3, 0, 0]|[0, 2, 1, 0, 0, 0, 1, 1, 1, 0, 1, 0, 0, 1, 1, 2, 1, 2, 1, 0],380.474371525070;10589.586006761776;21742.354562992085,10589.586006761776,200,200,0,0
2,1,200,G3_TWC,PREVIOUS,[13, 16, 3, 2, 11, 6, 7, 12, 9, 10, 5, 19, 0, 17, 14, 18, 15, 1, 8, 4]|[0, 1, 2, 2, 1, 0, 0, 2, 2, 0, 2, 1, 1, 1, 2, 1, 1, 1, 0, 0]|[2, 0, 0, 1, 0, 1, 2, 1, 1, 3, 1, 0, 0, 1, 0, 1, 1, 0, 3, 1]|[1, 0, 0, 1, 1, 1, 1, 1, 1, 1, 1, 1, 0, 1, 0, 0, 0, 1, 2, 1],416.722374883449;13243.677469972346;22336.874394532308,9,true,[6, 19, 12, 5, 4, 16, 3, 9, 10, 17, 2, 18, 13, 1, 7, 14, 11, 8, 0, 15]|[2, 1, 1, 0, 1, 0, 1, 0, 2, 0, 2, 0, 2, 1, 1, 1, 1, 2, 0, 0]|[0, 1, 1, 0, 0, 3, 0, 3, 0, 0, 0, 0, 0, 1, 1, 0, 1, 1, 3, 1]|[1, 1, 1, 0, 0, 1, 1, 2, 0, 0, 1, 1, 1, 0, 1, 1, 1, 1, 2, 1],296.355328703578;11013.394241353533;16923.839482043684,16923.839482043684,200,200,0,1
2,1,200,G3_TWC,HISTORICAL,[13, 16, 3, 2, 11, 6, 7, 12, 9, 10, 5, 19, 0, 17, 14, 18, 15, 1, 8, 4]|[0, 1, 2, 2, 1, 0, 0, 2, 2, 0, 2, 1, 1, 1, 2, 1, 1, 1, 0, 0]|[2, 0, 0, 1, 0, 1, 2, 1, 1, 3, 1, 0, 0, 1, 0, 1, 1, 0, 3, 1]|[1, 0, 0, 1, 1, 1, 1, 1, 1, 1, 1, 1, 0, 1, 0, 0, 0, 1, 2, 1],416.722374883449;13243.677469972346;22336.874394532308,9,true,[6, 19, 12, 5, 4, 16, 3, 9, 10, 17, 2, 18, 13, 1, 7, 14, 11, 8, 0, 15]|[2, 1, 1, 0, 1, 0, 1, 0, 2, 0, 2, 0, 2, 1, 1, 1, 1, 2, 0, 0]|[0, 1, 1, 0, 0, 3, 0, 3, 0, 0, 0, 0, 0, 1, 1, 0, 1, 1, 3, 1]|[1, 1, 1, 0, 0, 1, 1, 2, 0, 0, 1, 1, 1, 0, 1, 1, 1, 1, 2, 1],296.355328703578;11013.394241353533;16923.839482043684,16923.839482043684,200,200,0,0
2,1,200,G4_BALANCED,PREVIOUS,[15, 14, 6, 11, 0, 13, 18, 12, 9, 7, 4, 5, 1, 10, 19, 17, 3, 16, 2, 8]|[0, 2, 2, 2, 0, 1, 1, 1, 1, 1, 1, 2, 1, 1, 2, 0, 0, 1, 0, 2]|[3, 0, 0, 0, 3, 1, 1, 1, 1, 1, 0, 1, 0, 1, 1, 1, 0, 0, 0, 0]|[0, 0, 1, 0, 2, 0, 1, 0, 0, 1, 0, 1, 0, 0, 0, 2, 0, 1, 2, 1],407.145286647958;12289.821770709996;25025.720435131694,9,true,[6, 19, 12, 5, 4, 16, 3, 9, 10, 17, 2, 18, 13, 1, 7, 14, 11, 8, 0, 15]|[2, 1, 1, 0, 1, 0, 1, 0, 2, 0, 2, 0, 2, 1, 1, 1, 1, 2, 0, 0]|[0, 1, 1, 0, 0, 3, 0, 3, 0, 0, 0, 0, 0, 1, 1, 0, 1, 1, 3, 1]|[1, 1, 1, 0, 0, 1, 1, 2, 0, 0, 1, 1, 1, 0, 1, 1, 1, 1, 2, 1],296.355328703578;11013.394241353533;16923.839482043684,0.449945096108,200,200,0,1
2,1,200,G4_BALANCED,HISTORICAL,[15, 14, 6, 11, 0, 13, 18, 12, 9, 7, 4, 5, 1, 10, 19, 17, 3, 16, 2, 8]|[0, 2, 2, 2, 0, 1, 1, 1, 1, 1, 1, 2, 1, 1, 2, 0, 0, 1, 0, 2]|[3, 0, 0, 0, 3, 1, 1, 1, 1, 1, 0, 1, 0, 1, 1, 1, 0, 0, 0, 0]|[0, 0, 1, 0, 2, 0, 1, 0, 0, 1, 0, 1, 0, 0, 0, 2, 0, 1, 2, 1],407.145286647958;12289.821770709996;25025.720435131694,9,true,[6, 19, 12, 5, 4, 16, 3, 9, 10, 17, 2, 18, 13, 1, 7, 14, 11, 8, 0, 15]|[2, 1, 1, 0, 1, 0, 1, 0, 2, 0, 2, 0, 2, 1, 1, 1, 1, 2, 0, 0]|[0, 1, 1, 0, 0, 3, 0, 3, 0, 0, 0, 0, 0, 1, 1, 0, 1, 1, 3, 1]|[1, 1, 1, 0, 0, 1, 1, 2, 0, 0, 1, 1, 1, 0, 1, 1, 1, 1, 2, 1],296.355328703578;11013.394241353533;16923.839482043684,0.449945096108,200,200,0,0
3,1,300,G1_CMAX,PREVIOUS,[3, 14, 6, 16, 15, 4, 19, 11, 10, 9, 1, 13, 8, 2, 7, 5, 0, 17, 18, 12]|[0, 0, 1, 1, 1, 1, 2, 0, 1, 1, 0, 2, 2, 0, 1, 0, 0, 2, 2, 2]|[0, 0, 1, 0, 0, 1, 0, 2, 0, 0, 1, 1, 0, 0, 1, 3, 2, 0, 0, 0]|[2, 2, 0, 1, 1, 0, 1, 0, 1, 0, 0, 0, 1, 1, 1, 0, 2, 1, 1, 1],249.672761520688;11531.497004920822;17886.996611914943,0,false,[3, 14, 6, 16, 15, 4, 19, 11, 10, 9, 1, 13, 8, 2, 7, 5, 0, 17, 18, 12]|[0, 0, 1, 1, 1, 1, 2, 0, 1, 1, 0, 2, 2, 0, 1, 0, 0, 2, 2, 2]|[0, 0, 1, 0, 0, 1, 0, 2, 0, 0, 1, 1, 0, 0, 1, 3, 2, 0, 0, 0]|[2, 2, 0, 1, 1, 0, 1, 0, 1, 0, 0, 0, 1, 1, 1, 0, 2, 1, 1, 1],249.672761520688;11531.497004920822;17886.996611914943,249.672761520688,NOT_APPLICABLE,NOT_APPLICABLE,NOT_APPLICABLE,2
3,1,300,G1_CMAX,HISTORICAL,[3, 14, 6, 16, 15, 4, 19, 11, 10, 9, 1, 13, 8, 2, 7, 5, 0, 17, 18, 12]|[0, 0, 1, 1, 1, 1, 2, 0, 1, 1, 0, 2, 2, 0, 1, 0, 0, 2, 2, 2]|[0, 0, 1, 0, 0, 1, 0, 2, 0, 0, 1, 1, 0, 0, 1, 3, 2, 0, 0, 0]|[2, 2, 0, 1, 1, 0, 1, 0, 1, 0, 0, 0, 1, 1, 1, 0, 2, 1, 1, 1],249.672761520688;11531.497004920822;17886.996611914943,0,false,[3, 14, 6, 16, 15, 4, 19, 11, 10, 9, 1, 13, 8, 2, 7, 5, 0, 17, 18, 12]|[0, 0, 1, 1, 1, 1, 2, 0, 1, 1, 0, 2, 2, 0, 1, 0, 0, 2, 2, 2]|[0, 0, 1, 0, 0, 1, 0, 2, 0, 0, 1, 1, 0, 0, 1, 3, 2, 0, 0, 0]|[2, 2, 0, 1, 1, 0, 1, 0, 1, 0, 0, 0, 1, 1, 1, 0, 2, 1, 1, 1],249.672761520688;11531.497004920822;17886.996611914943,249.672761520688,NOT_APPLICABLE,NOT_APPLICABLE,NOT_APPLICABLE,0
3,1,300,G2_TEC,PREVIOUS,[17, 3, 15, 11, 7, 2, 8, 14, 1, 0, 4, 10, 19, 12, 13, 18, 6, 9, 16, 5]|[1, 0, 1, 2, 1, 2, 1, 1, 1, 0, 1, 1, 2, 2, 1, 0, 2, 0, 1, 0]|[1, 0, 1, 1, 1, 0, 1, 1, 0, 0, 0, 1, 0, 1, 1, 3, 0, 3, 0, 0]|[0, 2, 1, 0, 0, 0, 1, 1, 1, 0, 1, 0, 0, 1, 1, 2, 1, 2, 1, 0],380.474371525070;10589.586006761776;21742.354562992085,1,true,[6, 19, 12, 5, 4, 16, 3, 9, 10, 15, 1, 8, 11, 14, 7, 0, 18, 13, 17, 2]|[0, 2, 0, 0, 1, 1, 2, 0, 2, 1, 1, 2, 1, 2, 1, 2, 1, 0, 0, 2]|[0, 0, 2, 3, 1, 1, 0, 3, 0, 0, 1, 1, 1, 1, 1, 0, 1, 0, 3, 0]|[0, 0, 1, 0, 1, 0, 0, 1, 0, 1, 0, 1, 1, 1, 1, 1, 1, 2, 1, 1],263.066093922292;10450.767426087710;20255.712317365575,10450.767426087710,300,300,0,2
3,1,300,G2_TEC,HISTORICAL,[17, 3, 15, 11, 7, 2, 8, 14, 1, 0, 4, 10, 19, 12, 13, 18, 6, 9, 16, 5]|[1, 0, 1, 2, 1, 2, 1, 1, 1, 0, 1, 1, 2, 2, 1, 0, 2, 0, 1, 0]|[1, 0, 1, 1, 1, 0, 1, 1, 0, 0, 0, 1, 0, 1, 1, 3, 0, 3, 0, 0]|[0, 2, 1, 0, 0, 0, 1, 1, 1, 0, 1, 0, 0, 1, 1, 2, 1, 2, 1, 0],380.474371525070;10589.586006761776;21742.354562992085,1,true,[6, 19, 12, 5, 4, 16, 3, 9, 10, 15, 1, 8, 11, 14, 7, 0, 18, 13, 17, 2]|[0, 2, 0, 0, 1, 1, 2, 0, 2, 1, 1, 2, 1, 2, 1, 2, 1, 0, 0, 2]|[0, 0, 2, 3, 1, 1, 0, 3, 0, 0, 1, 1, 1, 1, 1, 0, 1, 0, 3, 0]|[0, 0, 1, 0, 1, 0, 0, 1, 0, 1, 0, 1, 1, 1, 1, 1, 1, 2, 1, 1],263.066093922292;10450.767426087710;20255.712317365575,10450.767426087710,300,300,0,0
3,1,300,G3_TWC,PREVIOUS,[6, 19, 12, 5, 4, 16, 3, 9, 10, 17, 2, 18, 13, 1, 7, 14, 11, 8, 0, 15]|[2, 1, 1, 0, 1, 0, 1, 0, 2, 0, 2, 0, 2, 1, 1, 1, 1, 2, 0, 0]|[0, 1, 1, 0, 0, 3, 0, 3, 0, 0, 0, 0, 0, 1, 1, 0, 1, 1, 3, 1]|[1, 1, 1, 0, 0, 1, 1, 2, 0, 0, 1, 1, 1, 0, 1, 1, 1, 1, 2, 1],296.355328703578;11013.394241353533;16923.839482043684,0,false,[6, 19, 12, 5, 4, 16, 3, 9, 10, 17, 2, 18, 13, 1, 7, 14, 11, 8, 0, 15]|[2, 1, 1, 0, 1, 0, 1, 0, 2, 0, 2, 0, 2, 1, 1, 1, 1, 2, 0, 0]|[0, 1, 1, 0, 0, 3, 0, 3, 0, 0, 0, 0, 0, 1, 1, 0, 1, 1, 3, 1]|[1, 1, 1, 0, 0, 1, 1, 2, 0, 0, 1, 1, 1, 0, 1, 1, 1, 1, 2, 1],296.355328703578;11013.394241353533;16923.839482043684,16923.839482043684,NOT_APPLICABLE,NOT_APPLICABLE,NOT_APPLICABLE,2
3,1,300,G3_TWC,HISTORICAL,[6, 19, 12, 5, 4, 16, 3, 9, 10, 17, 2, 18, 13, 1, 7, 14, 11, 8, 0, 15]|[2, 1, 1, 0, 1, 0, 1, 0, 2, 0, 2, 0, 2, 1, 1, 1, 1, 2, 0, 0]|[0, 1, 1, 0, 0, 3, 0, 3, 0, 0, 0, 0, 0, 1, 1, 0, 1, 1, 3, 1]|[1, 1, 1, 0, 0, 1, 1, 2, 0, 0, 1, 1, 1, 0, 1, 1, 1, 1, 2, 1],296.355328703578;11013.394241353533;16923.839482043684,0,false,[6, 19, 12, 5, 4, 16, 3, 9, 10, 17, 2, 18, 13, 1, 7, 14, 11, 8, 0, 15]|[2, 1, 1, 0, 1, 0, 1, 0, 2, 0, 2, 0, 2, 1, 1, 1, 1, 2, 0, 0]|[0, 1, 1, 0, 0, 3, 0, 3, 0, 0, 0, 0, 0, 1, 1, 0, 1, 1, 3, 1]|[1, 1, 1, 0, 0, 1, 1, 2, 0, 0, 1, 1, 1, 0, 1, 1, 1, 1, 2, 1],296.355328703578;11013.394241353533;16923.839482043684,16923.839482043684,NOT_APPLICABLE,NOT_APPLICABLE,NOT_APPLICABLE,0
3,1,300,G4_BALANCED,PREVIOUS,[6, 19, 12, 5, 4, 16, 3, 9, 10, 17, 2, 18, 13, 1, 7, 14, 11, 8, 0, 15]|[2, 1, 1, 0, 1, 0, 1, 0, 2, 0, 2, 0, 2, 1, 1, 1, 1, 2, 0, 0]|[0, 1, 1, 0, 0, 3, 0, 3, 0, 0, 0, 0, 0, 1, 1, 0, 1, 1, 3, 1]|[1, 1, 1, 0, 0, 1, 1, 2, 0, 0, 1, 1, 1, 0, 1, 1, 1, 1, 2, 1],296.355328703578;11013.394241353533;16923.839482043684,0,false,[6, 19, 12, 5, 4, 16, 3, 9, 10, 17, 2, 18, 13, 1, 7, 14, 11, 8, 0, 15]|[2, 1, 1, 0, 1, 0, 1, 0, 2, 0, 2, 0, 2, 1, 1, 1, 1, 2, 0, 0]|[0, 1, 1, 0, 0, 3, 0, 3, 0, 0, 0, 0, 0, 1, 1, 0, 1, 1, 3, 1]|[1, 1, 1, 0, 0, 1, 1, 2, 0, 0, 1, 1, 1, 0, 1, 1, 1, 1, 2, 1],296.355328703578;11013.394241353533;16923.839482043684,0.317032466601,NOT_APPLICABLE,NOT_APPLICABLE,NOT_APPLICABLE,2
3,1,300,G4_BALANCED,HISTORICAL,[6, 19, 12, 5, 4, 16, 3, 9, 10, 17, 2, 18, 13, 1, 7, 14, 11, 8, 0, 15]|[2, 1, 1, 0, 1, 0, 1, 0, 2, 0, 2, 0, 2, 1, 1, 1, 1, 2, 0, 0]|[0, 1, 1, 0, 0, 3, 0, 3, 0, 0, 0, 0, 0, 1, 1, 0, 1, 1, 3, 1]|[1, 1, 1, 0, 0, 1, 1, 2, 0, 0, 1, 1, 1, 0, 1, 1, 1, 1, 2, 1],296.355328703578;11013.394241353533;16923.839482043684,0,false,[6, 19, 12, 5, 4, 16, 3, 9, 10, 17, 2, 18, 13, 1, 7, 14, 11, 8, 0, 15]|[2, 1, 1, 0, 1, 0, 1, 0, 2, 0, 2, 0, 2, 1, 1, 1, 1, 2, 0, 0]|[0, 1, 1, 0, 0, 3, 0, 3, 0, 0, 0, 0, 0, 1, 1, 0, 1, 1, 3, 1]|[1, 1, 1, 0, 0, 1, 1, 2, 0, 0, 1, 1, 1, 0, 1, 1, 1, 1, 2, 1],296.355328703578;11013.394241353533;16923.839482043684,0.317032466601,NOT_APPLICABLE,NOT_APPLICABLE,NOT_APPLICABLE,0
4,1,400,G1_CMAX,PREVIOUS,[3, 14, 6, 16, 15, 4, 19, 11, 10, 9, 1, 13, 8, 2, 7, 5, 0, 17, 18, 12]|[0, 0, 1, 1, 1, 1, 2, 0, 1, 1, 0, 2, 2, 0, 1, 0, 0, 2, 2, 2]|[0, 0, 1, 0, 0, 1, 0, 2, 0, 0, 1, 1, 0, 0, 1, 3, 2, 0, 0, 0]|[2, 2, 0, 1, 1, 0, 1, 0, 1, 0, 0, 0, 1, 1, 1, 0, 2, 1, 1, 1],249.672761520688;11531.497004920822;17886.996611914943,1,true,[6, 19, 12, 5, 4, 16, 3, 9, 10, 7, 14, 0, 18, 11, 1, 13, 2, 8, 15, 17]|[0, 1, 2, 1, 1, 2, 2, 0, 2, 0, 1, 0, 0, 2, 2, 2, 2, 2, 0, 2]|[3, 1, 0, 1, 0, 1, 1, 3, 0, 3, 0, 3, 0, 1, 1, 0, 0, 1, 1, 0]|[0, 1, 0, 1, 0, 1, 1, 2, 0, 0, 1, 2, 1, 0, 0, 1, 1, 1, 1, 0],229.995679148074;11120.019046716894;17283.798789731780,229.995679148074,400,400,0,2
4,1,400,G1_CMAX,HISTORICAL,[3, 14, 6, 16, 15, 4, 19, 11, 10, 9, 1, 13, 8, 2, 7, 5, 0, 17, 18, 12]|[0, 0, 1, 1, 1, 1, 2, 0, 1, 1, 0, 2, 2, 0, 1, 0, 0, 2, 2, 2]|[0, 0, 1, 0, 0, 1, 0, 2, 0, 0, 1, 1, 0, 0, 1, 3, 2, 0, 0, 0]|[2, 2, 0, 1, 1, 0, 1, 0, 1, 0, 0, 0, 1, 1, 1, 0, 2, 1, 1, 1],249.672761520688;11531.497004920822;17886.996611914943,1,true,[6, 19, 12, 5, 4, 16, 3, 9, 10, 7, 14, 0, 18, 11, 1, 13, 2, 8, 15, 17]|[0, 1, 2, 1, 1, 2, 2, 0, 2, 0, 1, 0, 0, 2, 2, 2, 2, 2, 0, 2]|[3, 1, 0, 1, 0, 1, 1, 3, 0, 3, 0, 3, 0, 1, 1, 0, 0, 1, 1, 0]|[0, 1, 0, 1, 0, 1, 1, 2, 0, 0, 1, 2, 1, 0, 0, 1, 1, 1, 1, 0],229.995679148074;11120.019046716894;17283.798789731780,229.995679148074,400,400,0,1
4,1,400,G2_TEC,PREVIOUS,[6, 19, 12, 5, 4, 16, 3, 9, 10, 15, 1, 8, 11, 14, 7, 0, 18, 13, 17, 2]|[0, 2, 0, 0, 1, 1, 2, 0, 2, 1, 1, 2, 1, 2, 1, 2, 1, 0, 0, 2]|[0, 0, 2, 3, 1, 1, 0, 3, 0, 0, 1, 1, 1, 1, 1, 0, 1, 0, 3, 0]|[0, 0, 1, 0, 1, 0, 0, 1, 0, 1, 0, 1, 1, 1, 1, 1, 1, 2, 1, 1],263.066093922292;10450.767426087710;20255.712317365575,0,false,[6, 19, 12, 5, 4, 16, 3, 9, 10, 15, 1, 8, 11, 14, 7, 0, 18, 13, 17, 2]|[0, 2, 0, 0, 1, 1, 2, 0, 2, 1, 1, 2, 1, 2, 1, 2, 1, 0, 0, 2]|[0, 0, 2, 3, 1, 1, 0, 3, 0, 0, 1, 1, 1, 1, 1, 0, 1, 0, 3, 0]|[0, 0, 1, 0, 1, 0, 0, 1, 0, 1, 0, 1, 1, 1, 1, 1, 1, 2, 1, 1],263.066093922292;10450.767426087710;20255.712317365575,10450.767426087710,NOT_APPLICABLE,NOT_APPLICABLE,NOT_APPLICABLE,2
4,1,400,G2_TEC,HISTORICAL,[6, 19, 12, 5, 4, 16, 3, 9, 10, 15, 1, 8, 11, 14, 7, 0, 18, 13, 17, 2]|[0, 2, 0, 0, 1, 1, 2, 0, 2, 1, 1, 2, 1, 2, 1, 2, 1, 0, 0, 2]|[0, 0, 2, 3, 1, 1, 0, 3, 0, 0, 1, 1, 1, 1, 1, 0, 1, 0, 3, 0]|[0, 0, 1, 0, 1, 0, 0, 1, 0, 1, 0, 1, 1, 1, 1, 1, 1, 2, 1, 1],263.066093922292;10450.767426087710;20255.712317365575,0,false,[6, 19, 12, 5, 4, 16, 3, 9, 10, 15, 1, 8, 11, 14, 7, 0, 18, 13, 17, 2]|[0, 2, 0, 0, 1, 1, 2, 0, 2, 1, 1, 2, 1, 2, 1, 2, 1, 0, 0, 2]|[0, 0, 2, 3, 1, 1, 0, 3, 0, 0, 1, 1, 1, 1, 1, 0, 1, 0, 3, 0]|[0, 0, 1, 0, 1, 0, 0, 1, 0, 1, 0, 1, 1, 1, 1, 1, 1, 2, 1, 1],263.066093922292;10450.767426087710;20255.712317365575,10450.767426087710,NOT_APPLICABLE,NOT_APPLICABLE,NOT_APPLICABLE,1
4,1,400,G3_TWC,PREVIOUS,[6, 19, 12, 5, 4, 16, 3, 9, 10, 17, 2, 18, 13, 1, 7, 14, 11, 8, 0, 15]|[2, 1, 1, 0, 1, 0, 1, 0, 2, 0, 2, 0, 2, 1, 1, 1, 1, 2, 0, 0]|[0, 1, 1, 0, 0, 3, 0, 3, 0, 0, 0, 0, 0, 1, 1, 0, 1, 1, 3, 1]|[1, 1, 1, 0, 0, 1, 1, 2, 0, 0, 1, 1, 1, 0, 1, 1, 1, 1, 2, 1],296.355328703578;11013.394241353533;16923.839482043684,0,false,[6, 19, 12, 5, 4, 16, 3, 9, 10, 17, 2, 18, 13, 1, 7, 14, 11, 8, 0, 15]|[2, 1, 1, 0, 1, 0, 1, 0, 2, 0, 2, 0, 2, 1, 1, 1, 1, 2, 0, 0]|[0, 1, 1, 0, 0, 3, 0, 3, 0, 0, 0, 0, 0, 1, 1, 0, 1, 1, 3, 1]|[1, 1, 1, 0, 0, 1, 1, 2, 0, 0, 1, 1, 1, 0, 1, 1, 1, 1, 2, 1],296.355328703578;11013.394241353533;16923.839482043684,16923.839482043684,NOT_APPLICABLE,NOT_APPLICABLE,NOT_APPLICABLE,2
4,1,400,G3_TWC,HISTORICAL,[6, 19, 12, 5, 4, 16, 3, 9, 10, 17, 2, 18, 13, 1, 7, 14, 11, 8, 0, 15]|[2, 1, 1, 0, 1, 0, 1, 0, 2, 0, 2, 0, 2, 1, 1, 1, 1, 2, 0, 0]|[0, 1, 1, 0, 0, 3, 0, 3, 0, 0, 0, 0, 0, 1, 1, 0, 1, 1, 3, 1]|[1, 1, 1, 0, 0, 1, 1, 2, 0, 0, 1, 1, 1, 0, 1, 1, 1, 1, 2, 1],296.355328703578;11013.394241353533;16923.839482043684,0,false,[6, 19, 12, 5, 4, 16, 3, 9, 10, 17, 2, 18, 13, 1, 7, 14, 11, 8, 0, 15]|[2, 1, 1, 0, 1, 0, 1, 0, 2, 0, 2, 0, 2, 1, 1, 1, 1, 2, 0, 0]|[0, 1, 1, 0, 0, 3, 0, 3, 0, 0, 0, 0, 0, 1, 1, 0, 1, 1, 3, 1]|[1, 1, 1, 0, 0, 1, 1, 2, 0, 0, 1, 1, 1, 0, 1, 1, 1, 1, 2, 1],296.355328703578;11013.394241353533;16923.839482043684,16923.839482043684,NOT_APPLICABLE,NOT_APPLICABLE,NOT_APPLICABLE,1
4,1,400,G4_BALANCED,PREVIOUS,[6, 19, 12, 5, 4, 16, 3, 9, 10, 17, 2, 18, 13, 1, 7, 14, 11, 8, 0, 15]|[2, 1, 1, 0, 1, 0, 1, 0, 2, 0, 2, 0, 2, 1, 1, 1, 1, 2, 0, 0]|[0, 1, 1, 0, 0, 3, 0, 3, 0, 0, 0, 0, 0, 1, 1, 0, 1, 1, 3, 1]|[1, 1, 1, 0, 0, 1, 1, 2, 0, 0, 1, 1, 1, 0, 1, 1, 1, 1, 2, 1],296.355328703578;11013.394241353533;16923.839482043684,0,false,[6, 19, 12, 5, 4, 16, 3, 9, 10, 17, 2, 18, 13, 1, 7, 14, 11, 8, 0, 15]|[2, 1, 1, 0, 1, 0, 1, 0, 2, 0, 2, 0, 2, 1, 1, 1, 1, 2, 0, 0]|[0, 1, 1, 0, 0, 3, 0, 3, 0, 0, 0, 0, 0, 1, 1, 0, 1, 1, 3, 1]|[1, 1, 1, 0, 0, 1, 1, 2, 0, 0, 1, 1, 1, 0, 1, 1, 1, 1, 2, 1],296.355328703578;11013.394241353533;16923.839482043684,0.379592888263,NOT_APPLICABLE,NOT_APPLICABLE,NOT_APPLICABLE,2
4,1,400,G4_BALANCED,HISTORICAL,[6, 19, 12, 5, 4, 16, 3, 9, 10, 17, 2, 18, 13, 1, 7, 14, 11, 8, 0, 15]|[2, 1, 1, 0, 1, 0, 1, 0, 2, 0, 2, 0, 2, 1, 1, 1, 1, 2, 0, 0]|[0, 1, 1, 0, 0, 3, 0, 3, 0, 0, 0, 0, 0, 1, 1, 0, 1, 1, 3, 1]|[1, 1, 1, 0, 0, 1, 1, 2, 0, 0, 1, 1, 1, 0, 1, 1, 1, 1, 2, 1],296.355328703578;11013.394241353533;16923.839482043684,0,false,[6, 19, 12, 5, 4, 16, 3, 9, 10, 17, 2, 18, 13, 1, 7, 14, 11, 8, 0, 15]|[2, 1, 1, 0, 1, 0, 1, 0, 2, 0, 2, 0, 2, 1, 1, 1, 1, 2, 0, 0]|[0, 1, 1, 0, 0, 3, 0, 3, 0, 0, 0, 0, 0, 1, 1, 0, 1, 1, 3, 1]|[1, 1, 1, 0, 0, 1, 1, 2, 0, 0, 1, 1, 1, 0, 1, 1, 1, 1, 2, 1],296.355328703578;11013.394241353533;16923.839482043684,0.379592888263,NOT_APPLICABLE,NOT_APPLICABLE,NOT_APPLICABLE,1
5,1,500,G1_CMAX,PREVIOUS,[6, 19, 12, 5, 4, 16, 3, 9, 10, 17, 2, 18, 13, 14, 8, 11, 7, 1, 15, 0]|[2, 1, 1, 2, 1, 0, 1, 0, 1, 0, 2, 0, 2, 1, 0, 2, 1, 1, 0, 2]|[0, 1, 1, 1, 0, 3, 0, 3, 1, 0, 0, 0, 0, 0, 0, 1, 0, 1, 3, 0]|[1, 1, 1, 0, 0, 1, 1, 2, 1, 0, 0, 1, 1, 1, 0, 0, 1, 0, 2, 1],226.990629343372;11222.562238393700;18721.405401333030,1,true,[6, 19, 12, 5, 4, 16, 3, 9, 10, 17, 2, 18, 13, 14, 8, 11, 7, 1, 15, 0]|[2, 1, 1, 2, 1, 0, 1, 0, 1, 0, 2, 0, 2, 1, 0, 2, 1, 1, 0, 2]|[0, 1, 1, 1, 0, 3, 0, 3, 1, 0, 0, 0, 0, 0, 0, 1, 0, 1, 3, 0]|[1, 1, 1, 0, 0, 1, 1, 2, 1, 0, 1, 1, 1, 1, 0, 0, 1, 0, 2, 1],226.990629343372;11104.352378173600;18140.749392244250,226.990629343372,500,500,0,2
5,1,500,G1_CMAX,HISTORICAL,[6, 19, 12, 5, 4, 16, 3, 9, 10, 17, 2, 18, 13, 14, 8, 11, 7, 1, 15, 0]|[2, 1, 1, 2, 1, 0, 1, 0, 1, 0, 2, 0, 2, 1, 0, 2, 1, 1, 0, 2]|[0, 1, 1, 1, 0, 3, 0, 3, 1, 0, 0, 0, 0, 0, 0, 1, 0, 1, 3, 0]|[1, 1, 1, 0, 0, 1, 1, 2, 1, 0, 0, 1, 1, 1, 0, 0, 1, 0, 2, 1],226.990629343372;11222.562238393700;18721.405401333030,1,true,[6, 19, 12, 5, 4, 16, 3, 9, 10, 17, 2, 18, 13, 14, 8, 11, 7, 1, 15, 0]|[2, 1, 1, 2, 1, 0, 1, 0, 1, 0, 2, 0, 2, 1, 0, 2, 1, 1, 0, 2]|[0, 1, 1, 1, 0, 3, 0, 3, 1, 0, 0, 0, 0, 0, 0, 1, 0, 1, 3, 0]|[1, 1, 1, 0, 0, 1, 1, 2, 1, 0, 1, 1, 1, 1, 0, 0, 1, 0, 2, 1],226.990629343372;11104.352378173600;18140.749392244250,226.990629343372,500,500,0,1
5,1,500,G2_TEC,PREVIOUS,[6, 19, 12, 5, 4, 16, 3, 9, 10, 15, 1, 8, 11, 14, 7, 0, 18, 13, 17, 2]|[0, 2, 0, 0, 1, 1, 2, 0, 2, 1, 1, 2, 1, 2, 1, 2, 1, 0, 0, 2]|[0, 0, 2, 3, 1, 1, 0, 3, 0, 0, 1, 1, 1, 1, 1, 0, 1, 0, 3, 0]|[0, 0, 1, 0, 1, 0, 0, 1, 0, 1, 0, 1, 1, 1, 1, 1, 1, 2, 1, 1],263.066093922292;10450.767426087710;20255.712317365575,0,false,[6, 19, 12, 5, 4, 16, 3, 9, 10, 15, 1, 8, 11, 14, 7, 0, 18, 13, 17, 2]|[0, 2, 0, 0, 1, 1, 2, 0, 2, 1, 1, 2, 1, 2, 1, 2, 1, 0, 0, 2]|[0, 0, 2, 3, 1, 1, 0, 3, 0, 0, 1, 1, 1, 1, 1, 0, 1, 0, 3, 0]|[0, 0, 1, 0, 1, 0, 0, 1, 0, 1, 0, 1, 1, 1, 1, 1, 1, 2, 1, 1],263.066093922292;10450.767426087710;20255.712317365575,10450.767426087710,NOT_APPLICABLE,NOT_APPLICABLE,NOT_APPLICABLE,3
5,1,500,G2_TEC,HISTORICAL,[6, 19, 12, 5, 4, 16, 3, 9, 10, 15, 1, 8, 11, 14, 7, 0, 18, 13, 17, 2]|[0, 2, 0, 0, 1, 1, 2, 0, 2, 1, 1, 2, 1, 2, 1, 2, 1, 0, 0, 2]|[0, 0, 2, 3, 1, 1, 0, 3, 0, 0, 1, 1, 1, 1, 1, 0, 1, 0, 3, 0]|[0, 0, 1, 0, 1, 0, 0, 1, 0, 1, 0, 1, 1, 1, 1, 1, 1, 2, 1, 1],263.066093922292;10450.767426087710;20255.712317365575,0,false,[6, 19, 12, 5, 4, 16, 3, 9, 10, 15, 1, 8, 11, 14, 7, 0, 18, 13, 17, 2]|[0, 2, 0, 0, 1, 1, 2, 0, 2, 1, 1, 2, 1, 2, 1, 2, 1, 0, 0, 2]|[0, 0, 2, 3, 1, 1, 0, 3, 0, 0, 1, 1, 1, 1, 1, 0, 1, 0, 3, 0]|[0, 0, 1, 0, 1, 0, 0, 1, 0, 1, 0, 1, 1, 1, 1, 1, 1, 2, 1, 1],263.066093922292;10450.767426087710;20255.712317365575,10450.767426087710,NOT_APPLICABLE,NOT_APPLICABLE,NOT_APPLICABLE,1
5,1,500,G3_TWC,PREVIOUS,[6, 19, 12, 5, 4, 16, 3, 18, 10, 14, 1, 15, 13, 17, 8, 0, 7, 9, 2, 11]|[0, 0, 1, 0, 1, 0, 0, 0, 1, 1, 0, 2, 2, 2, 1, 0, 0, 0, 2, 0]|[3, 3, 1, 0, 1, 0, 2, 0, 1, 0, 1, 1, 0, 0, 1, 0, 0, 0, 0, 2]|[0, 1, 1, 0, 1, 0, 0, 1, 0, 1, 2, 0, 1, 1, 1, 0, 0, 1, 0, 2],409.725083820909;11181.290734037322;15083.420830699426,1,true,[6, 19, 12, 5, 4, 16, 3, 18, 10, 14, 17, 8, 7, 13, 9, 0, 15, 11, 2, 1]|[0, 0, 1, 0, 1, 0, 0, 0, 1, 2, 1, 2, 0, 2, 0, 0, 2, 1, 2, 0]|[3, 2, 1, 3, 0, 0, 2, 2, 1, 0, 0, 0, 0, 0, 0, 0, 1, 1, 0, 1]|[0, 2, 1, 0, 1, 0, 1, 2, 0, 0, 1, 1, 0, 1, 1, 0, 0, 1, 1, 2],360.648478639080;11062.877908882878;14706.833631149617,14706.833631149617,500,500,0,2
5,1,500,G3_TWC,HISTORICAL,[6, 19, 12, 5, 4, 16, 3, 18, 10, 14, 1, 15, 13, 17, 8, 0, 7, 9, 2, 11]|[0, 0, 1, 0, 1, 0, 0, 0, 1, 1, 0, 2, 2, 2, 1, 0, 0, 0, 2, 0]|[3, 3, 1, 0, 1, 0, 2, 0, 1, 0, 1, 1, 0, 0, 1, 0, 0, 0, 0, 2]|[0, 1, 1, 0, 1, 0, 0, 1, 0, 1, 2, 0, 1, 1, 1, 0, 0, 1, 0, 2],409.725083820909;11181.290734037322;15083.420830699426,1,true,[6, 19, 12, 5, 4, 16, 3, 18, 10, 14, 17, 8, 7, 13, 9, 0, 15, 11, 2, 1]|[0, 0, 1, 0, 1, 0, 0, 0, 1, 2, 1, 2, 0, 2, 0, 0, 2, 1, 2, 0]|[3, 2, 1, 3, 0, 0, 2, 2, 1, 0, 0, 0, 0, 0, 0, 0, 1, 1, 0, 1]|[0, 2, 1, 0, 1, 0, 1, 2, 0, 0, 1, 1, 0, 1, 1, 0, 0, 1, 1, 2],360.648478639080;11062.877908882878;14706.833631149617,14706.833631149617,500,500,0,1
5,1,500,G4_BALANCED,PREVIOUS,[3, 14, 6, 16, 15, 4, 19, 11, 1, 7, 5, 8, 13, 10, 12, 2, 18, 9, 17, 0]|[0, 0, 1, 1, 1, 1, 2, 0, 0, 0, 0, 2, 2, 0, 2, 2, 1, 1, 0, 2]|[0, 0, 1, 0, 0, 0, 0, 2, 1, 3, 3, 1, 1, 3, 0, 0, 1, 0, 3, 0]|[2, 2, 0, 1, 1, 1, 1, 0, 0, 2, 0, 1, 0, 0, 1, 1, 1, 0, 1, 1],313.525112942602;10998.383481248646;17216.360489966260,1,true,[3, 14, 6, 5, 19, 16, 7, 18, 10, 4, 1, 15, 13, 17, 8, 0, 12, 9, 2, 11]|[0, 0, 1, 2, 2, 1, 0, 2, 0, 1, 0, 2, 2, 0, 1, 2, 1, 0, 2, 0]|[3, 3, 1, 0, 0, 0, 2, 1, 3, 0, 1, 1, 0, 3, 1, 0, 1, 0, 0, 2]|[0, 1, 0, 0, 1, 1, 0, 0, 0, 1, 2, 0, 1, 1, 1, 1, 1, 1, 0, 2],273.307106391696;10735.923172034594;16720.511587423658,0.348118142795,500,500,0,2
5,1,500,G4_BALANCED,HISTORICAL,[3, 14, 6, 16, 15, 4, 19, 11, 1, 7, 5, 8, 13, 10, 12, 2, 18, 9, 17, 0]|[0, 0, 1, 1, 1, 1, 2, 0, 0, 0, 0, 2, 2, 0, 2, 2, 1, 1, 0, 2]|[0, 0, 1, 0, 0, 0, 0, 2, 1, 3, 3, 1, 1, 3, 0, 0, 1, 0, 3, 0]|[2, 2, 0, 1, 1, 1, 1, 0, 0, 2, 0, 1, 0, 0, 1, 1, 1, 0, 1, 1],313.525112942602;10998.383481248646;17216.360489966260,1,true,[3, 14, 6, 5, 19, 16, 7, 18, 10, 4, 1, 15, 13, 17, 8, 0, 12, 9, 2, 11]|[0, 0, 1, 2, 2, 1, 0, 2, 0, 1, 0, 2, 2, 0, 1, 2, 1, 0, 2, 0]|[3, 3, 1, 0, 0, 0, 2, 1, 3, 0, 1, 1, 0, 3, 1, 0, 1, 0, 0, 2]|[0, 1, 0, 0, 1, 1, 0, 0, 0, 1, 2, 0, 1, 1, 1, 1, 1, 1, 0, 2],273.307106391696;10735.923172034594;16720.511587423658,0.348118142795,500,500,0,1
6,1,600,G1_CMAX,PREVIOUS,[6, 19, 12, 5, 4, 16, 3, 9, 10, 17, 2, 18, 13, 14, 8, 11, 7, 1, 15, 0]|[2, 1, 1, 2, 1, 0, 1, 0, 1, 0, 2, 0, 2, 1, 0, 2, 1, 1, 0, 2]|[0, 1, 1, 1, 0, 3, 0, 3, 1, 0, 0, 0, 0, 0, 0, 1, 0, 1, 3, 0]|[1, 1, 1, 0, 0, 1, 1, 2, 1, 0, 1, 1, 1, 1, 0, 0, 1, 0, 2, 1],226.990629343372;11104.352378173600;18140.749392244250,0,false,[6, 19, 12, 5, 4, 16, 3, 9, 10, 17, 2, 18, 13, 14, 8, 11, 7, 1, 15, 0]|[2, 1, 1, 2, 1, 0, 1, 0, 1, 0, 2, 0, 2, 1, 0, 2, 1, 1, 0, 2]|[0, 1, 1, 1, 0, 3, 0, 3, 1, 0, 0, 0, 0, 0, 0, 1, 0, 1, 3, 0]|[1, 1, 1, 0, 0, 1, 1, 2, 1, 0, 1, 1, 1, 1, 0, 0, 1, 0, 2, 1],226.990629343372;11104.352378173600;18140.749392244250,226.990629343372,NOT_APPLICABLE,NOT_APPLICABLE,NOT_APPLICABLE,3
6,1,600,G1_CMAX,HISTORICAL,[6, 19, 12, 5, 4, 16, 3, 9, 10, 17, 2, 18, 13, 14, 8, 11, 7, 1, 15, 0]|[2, 1, 1, 2, 1, 0, 1, 0, 1, 0, 2, 0, 2, 1, 0, 2, 1, 1, 0, 2]|[0, 1, 1, 1, 0, 3, 0, 3, 1, 0, 0, 0, 0, 0, 0, 1, 0, 1, 3, 0]|[1, 1, 1, 0, 0, 1, 1, 2, 1, 0, 1, 1, 1, 1, 0, 0, 1, 0, 2, 1],226.990629343372;11104.352378173600;18140.749392244250,0,false,[6, 19, 12, 5, 4, 16, 3, 9, 10, 17, 2, 18, 13, 14, 8, 11, 7, 1, 15, 0]|[2, 1, 1, 2, 1, 0, 1, 0, 1, 0, 2, 0, 2, 1, 0, 2, 1, 1, 0, 2]|[0, 1, 1, 1, 0, 3, 0, 3, 1, 0, 0, 0, 0, 0, 0, 1, 0, 1, 3, 0]|[1, 1, 1, 0, 0, 1, 1, 2, 1, 0, 1, 1, 1, 1, 0, 0, 1, 0, 2, 1],226.990629343372;11104.352378173600;18140.749392244250,226.990629343372,NOT_APPLICABLE,NOT_APPLICABLE,NOT_APPLICABLE,1
6,1,600,G2_TEC,PREVIOUS,[6, 19, 12, 5, 4, 16, 3, 9, 15, 10, 7, 8, 14, 1, 11, 0, 18, 13, 17, 2]|[2, 0, 1, 0, 2, 0, 2, 0, 1, 2, 1, 2, 1, 0, 1, 2, 0, 0, 0, 2]|[0, 0, 1, 3, 0, 3, 0, 3, 0, 0, 1, 1, 0, 3, 1, 0, 0, 0, 3, 0]|[1, 2, 1, 0, 1, 0, 0, 2, 1, 0, 1, 1, 1, 0, 0, 1, 1, 2, 1, 1],335.125994879811;10428.392721079592;17341.319725869223,1,true,[3, 14, 6, 5, 19, 13, 2, 11, 15, 7, 10, 9, 17, 16, 12, 4, 18, 8, 1, 0]|[2, 0, 1, 0, 1, 0, 2, 1, 1, 0, 0, 0, 2, 1, 2, 1, 1, 0, 0, 2]|[0, 3, 1, 3, 1, 3, 0, 1, 0, 3, 3, 0, 1, 0, 0, 0, 0, 0, 3, 0]|[0, 1, 0, 0, 1, 1, 1, 0, 1, 2, 0, 1, 1, 1, 0, 1, 1, 2, 1, 1],323.042633346003;10425.331556933170;17126.753210551793,10425.331556933170,600,600,0,3
6,1,600,G2_TEC,HISTORICAL,[6, 19, 12, 5, 4, 16, 3, 9, 15, 10, 7, 8, 14, 1, 11, 0, 18, 13, 17, 2]|[2, 0, 1, 0, 2, 0, 2, 0, 1, 2, 1, 2, 1, 0, 1, 2, 0, 0, 0, 2]|[0, 0, 1, 3, 0, 3, 0, 3, 0, 0, 1, 1, 0, 3, 1, 0, 0, 0, 3, 0]|[1, 2, 1, 0, 1, 0, 0, 2, 1, 0, 1, 1, 1, 0, 0, 1, 1, 2, 1, 1],335.125994879811;10428.392721079592;17341.319725869223,1,true,[3, 14, 6, 5, 19, 13, 2, 11, 15, 7, 10, 9, 17, 16, 12, 4, 18, 8, 1, 0]|[2, 0, 1, 0, 1, 0, 2, 1, 1, 0, 0, 0, 2, 1, 2, 1, 1, 0, 0, 2]|[0, 3, 1, 3, 1, 3, 0, 1, 0, 3, 3, 0, 1, 0, 0, 0, 0, 0, 3, 0]|[0, 1, 0, 0, 1, 1, 1, 0, 1, 2, 0, 1, 1, 1, 0, 1, 1, 2, 1, 1],323.042633346003;10425.331556933170;17126.753210551793,10425.331556933170,600,600,0,1
6,1,600,G3_TWC,PREVIOUS,[6, 19, 12, 5, 4, 16, 3, 18, 10, 14, 17, 8, 7, 13, 9, 0, 15, 11, 2, 1]|[0, 0, 1, 0, 1, 0, 0, 0, 1, 2, 1, 2, 0, 2, 0, 0, 2, 1, 2, 0]|[3, 2, 1, 3, 0, 0, 2, 2, 1, 0, 0, 0, 0, 0, 0, 0, 1, 1, 0, 1]|[0, 2, 1, 0, 1, 0, 1, 2, 0, 0, 1, 1, 0, 1, 1, 0, 0, 1, 1, 2],360.648478639080;11062.877908882878;14706.833631149617,0,false,[6, 19, 12, 5, 4, 16, 3, 18, 10, 14, 17, 8, 7, 13, 9, 0, 15, 11, 2, 1]|[0, 0, 1, 0, 1, 0, 0, 0, 1, 2, 1, 2, 0, 2, 0, 0, 2, 1, 2, 0]|[3, 2, 1, 3, 0, 0, 2, 2, 1, 0, 0, 0, 0, 0, 0, 0, 1, 1, 0, 1]|[0, 2, 1, 0, 1, 0, 1, 2, 0, 0, 1, 1, 0, 1, 1, 0, 0, 1, 1, 2],360.648478639080;11062.877908882878;14706.833631149617,14706.833631149617,NOT_APPLICABLE,NOT_APPLICABLE,NOT_APPLICABLE,2
6,1,600,G3_TWC,HISTORICAL,[6, 19, 12, 5, 4, 16, 3, 18, 10, 14, 17, 8, 7, 13, 9, 0, 15, 11, 2, 1]|[0, 0, 1, 0, 1, 0, 0, 0, 1, 2, 1, 2, 0, 2, 0, 0, 2, 1, 2, 0]|[3, 2, 1, 3, 0, 0, 2, 2, 1, 0, 0, 0, 0, 0, 0, 0, 1, 1, 0, 1]|[0, 2, 1, 0, 1, 0, 1, 2, 0, 0, 1, 1, 0, 1, 1, 0, 0, 1, 1, 2],360.648478639080;11062.877908882878;14706.833631149617,0,false,[6, 19, 12, 5, 4, 16, 3, 18, 10, 14, 17, 8, 7, 13, 9, 0, 15, 11, 2, 1]|[0, 0, 1, 0, 1, 0, 0, 0, 1, 2, 1, 2, 0, 2, 0, 0, 2, 1, 2, 0]|[3, 2, 1, 3, 0, 0, 2, 2, 1, 0, 0, 0, 0, 0, 0, 0, 1, 1, 0, 1]|[0, 2, 1, 0, 1, 0, 1, 2, 0, 0, 1, 1, 0, 1, 1, 0, 0, 1, 1, 2],360.648478639080;11062.877908882878;14706.833631149617,14706.833631149617,NOT_APPLICABLE,NOT_APPLICABLE,NOT_APPLICABLE,2
6,1,600,G4_BALANCED,PREVIOUS,[3, 14, 6, 5, 19, 16, 7, 18, 10, 4, 1, 15, 13, 17, 8, 0, 12, 9, 2, 11]|[0, 0, 1, 2, 2, 1, 0, 2, 0, 1, 0, 2, 2, 0, 1, 2, 1, 0, 2, 0]|[3, 3, 1, 0, 0, 0, 2, 1, 3, 0, 1, 1, 0, 3, 1, 0, 1, 0, 0, 2]|[0, 1, 0, 0, 1, 1, 0, 0, 0, 1, 2, 0, 1, 1, 1, 1, 1, 1, 0, 2],273.307106391696;10735.923172034594;16720.511587423658,0,false,[3, 14, 6, 5, 19, 16, 7, 18, 10, 4, 1, 15, 13, 17, 8, 0, 12, 9, 2, 11]|[0, 0, 1, 2, 2, 1, 0, 2, 0, 1, 0, 2, 2, 0, 1, 2, 1, 0, 2, 0]|[3, 3, 1, 0, 0, 0, 2, 1, 3, 0, 1, 1, 0, 3, 1, 0, 1, 0, 0, 2]|[0, 1, 0, 0, 1, 1, 0, 0, 0, 1, 2, 0, 1, 1, 1, 1, 1, 1, 0, 2],273.307106391696;10735.923172034594;16720.511587423658,0.417118493791,NOT_APPLICABLE,NOT_APPLICABLE,NOT_APPLICABLE,2
6,1,600,G4_BALANCED,HISTORICAL,[3, 14, 6, 5, 19, 16, 7, 18, 10, 4, 1, 15, 13, 17, 8, 0, 12, 9, 2, 11]|[0, 0, 1, 2, 2, 1, 0, 2, 0, 1, 0, 2, 2, 0, 1, 2, 1, 0, 2, 0]|[3, 3, 1, 0, 0, 0, 2, 1, 3, 0, 1, 1, 0, 3, 1, 0, 1, 0, 0, 2]|[0, 1, 0, 0, 1, 1, 0, 0, 0, 1, 2, 0, 1, 1, 1, 1, 1, 1, 0, 2],273.307106391696;10735.923172034594;16720.511587423658,0,false,[3, 14, 6, 5, 19, 16, 7, 18, 10, 4, 1, 15, 13, 17, 8, 0, 12, 9, 2, 11]|[0, 0, 1, 2, 2, 1, 0, 2, 0, 1, 0, 2, 2, 0, 1, 2, 1, 0, 2, 0]|[3, 3, 1, 0, 0, 0, 2, 1, 3, 0, 1, 1, 0, 3, 1, 0, 1, 0, 0, 2]|[0, 1, 0, 0, 1, 1, 0, 0, 0, 1, 2, 0, 1, 1, 1, 1, 1, 1, 0, 2],273.307106391696;10735.923172034594;16720.511587423658,0.417118493791,NOT_APPLICABLE,NOT_APPLICABLE,NOT_APPLICABLE,2
7,1,700,G1_CMAX,PREVIOUS,[6, 19, 12, 5, 4, 16, 3, 9, 10, 17, 2, 18, 13, 14, 8, 11, 7, 1, 15, 0]|[2, 1, 1, 2, 1, 0, 1, 0, 1, 0, 2, 0, 2, 1, 0, 2, 1, 1, 0, 2]|[0, 1, 1, 1, 0, 3, 0, 3, 1, 0, 0, 0, 0, 0, 0, 1, 0, 1, 3, 0]|[1, 1, 1, 0, 0, 1, 1, 2, 1, 0, 1, 1, 1, 1, 0, 0, 1, 0, 2, 1],226.990629343372;11104.352378173600;18140.749392244250,0,false,[6, 19, 12, 5, 4, 16, 3, 9, 10, 17, 2, 18, 13, 14, 8, 11, 7, 1, 15, 0]|[2, 1, 1, 2, 1, 0, 1, 0, 1, 0, 2, 0, 2, 1, 0, 2, 1, 1, 0, 2]|[0, 1, 1, 1, 0, 3, 0, 3, 1, 0, 0, 0, 0, 0, 0, 1, 0, 1, 3, 0]|[1, 1, 1, 0, 0, 1, 1, 2, 1, 0, 1, 1, 1, 1, 0, 0, 1, 0, 2, 1],226.990629343372;11104.352378173600;18140.749392244250,226.990629343372,NOT_APPLICABLE,NOT_APPLICABLE,NOT_APPLICABLE,3
7,1,700,G1_CMAX,HISTORICAL,[6, 19, 12, 5, 4, 16, 3, 9, 10, 17, 2, 18, 13, 14, 8, 11, 7, 1, 15, 0]|[2, 1, 1, 2, 1, 0, 1, 0, 1, 0, 2, 0, 2, 1, 0, 2, 1, 1, 0, 2]|[0, 1, 1, 1, 0, 3, 0, 3, 1, 0, 0, 0, 0, 0, 0, 1, 0, 1, 3, 0]|[1, 1, 1, 0, 0, 1, 1, 2, 1, 0, 1, 1, 1, 1, 0, 0, 1, 0, 2, 1],226.990629343372;11104.352378173600;18140.749392244250,0,false,[6, 19, 12, 5, 4, 16, 3, 9, 10, 17, 2, 18, 13, 14, 8, 11, 7, 1, 15, 0]|[2, 1, 1, 2, 1, 0, 1, 0, 1, 0, 2, 0, 2, 1, 0, 2, 1, 1, 0, 2]|[0, 1, 1, 1, 0, 3, 0, 3, 1, 0, 0, 0, 0, 0, 0, 1, 0, 1, 3, 0]|[1, 1, 1, 0, 0, 1, 1, 2, 1, 0, 1, 1, 1, 1, 0, 0, 1, 0, 2, 1],226.990629343372;11104.352378173600;18140.749392244250,226.990629343372,NOT_APPLICABLE,NOT_APPLICABLE,NOT_APPLICABLE,2
7,1,700,G2_TEC,PREVIOUS,[3, 14, 6, 5, 19, 13, 2, 11, 15, 7, 10, 9, 17, 16, 12, 4, 18, 8, 1, 0]|[2, 0, 1, 0, 1, 0, 2, 1, 1, 0, 0, 0, 2, 1, 2, 1, 1, 0, 0, 2]|[0, 3, 1, 3, 1, 3, 0, 1, 0, 3, 3, 0, 1, 0, 0, 0, 0, 0, 3, 0]|[0, 1, 0, 0, 1, 1, 1, 0, 1, 2, 0, 1, 1, 1, 0, 1, 1, 2, 1, 1],323.042633346003;10425.331556933170;17126.753210551793,0,false,[3, 14, 6, 5, 19, 13, 2, 11, 15, 7, 10, 9, 17, 16, 12, 4, 18, 8, 1, 0]|[2, 0, 1, 0, 1, 0, 2, 1, 1, 0, 0, 0, 2, 1, 2, 1, 1, 0, 0, 2]|[0, 3, 1, 3, 1, 3, 0, 1, 0, 3, 3, 0, 1, 0, 0, 0, 0, 0, 3, 0]|[0, 1, 0, 0, 1, 1, 1, 0, 1, 2, 0, 1, 1, 1, 0, 1, 1, 2, 1, 1],323.042633346003;10425.331556933170;17126.753210551793,10425.331556933170,NOT_APPLICABLE,NOT_APPLICABLE,NOT_APPLICABLE,4
7,1,700,G2_TEC,HISTORICAL,[3, 14, 6, 5, 19, 13, 2, 11, 15, 7, 10, 9, 17, 16, 12, 4, 18, 8, 1, 0]|[2, 0, 1, 0, 1, 0, 2, 1, 1, 0, 0, 0, 2, 1, 2, 1, 1, 0, 0, 2]|[0, 3, 1, 3, 1, 3, 0, 1, 0, 3, 3, 0, 1, 0, 0, 0, 0, 0, 3, 0]|[0, 1, 0, 0, 1, 1, 1, 0, 1, 2, 0, 1, 1, 1, 0, 1, 1, 2, 1, 1],323.042633346003;10425.331556933170;17126.753210551793,0,false,[3, 14, 6, 5, 19, 13, 2, 11, 15, 7, 10, 9, 17, 16, 12, 4, 18, 8, 1, 0]|[2, 0, 1, 0, 1, 0, 2, 1, 1, 0, 0, 0, 2, 1, 2, 1, 1, 0, 0, 2]|[0, 3, 1, 3, 1, 3, 0, 1, 0, 3, 3, 0, 1, 0, 0, 0, 0, 0, 3, 0]|[0, 1, 0, 0, 1, 1, 1, 0, 1, 2, 0, 1, 1, 1, 0, 1, 1, 2, 1, 1],323.042633346003;10425.331556933170;17126.753210551793,10425.331556933170,NOT_APPLICABLE,NOT_APPLICABLE,NOT_APPLICABLE,1
7,1,700,G3_TWC,PREVIOUS,[6, 19, 12, 5, 4, 16, 3, 18, 10, 14, 17, 8, 7, 13, 9, 0, 15, 11, 2, 1]|[0, 0, 1, 0, 1, 0, 0, 0, 1, 2, 1, 2, 0, 2, 0, 0, 2, 1, 2, 0]|[3, 2, 1, 3, 0, 0, 2, 2, 1, 0, 0, 0, 0, 0, 0, 0, 1, 1, 0, 1]|[0, 2, 1, 0, 1, 0, 1, 2, 0, 0, 1, 1, 0, 1, 1, 0, 0, 1, 1, 2],360.648478639080;11062.877908882878;14706.833631149617,0,false,[6, 19, 12, 5, 4, 16, 3, 18, 10, 14, 17, 8, 7, 13, 9, 0, 15, 11, 2, 1]|[0, 0, 1, 0, 1, 0, 0, 0, 1, 2, 1, 2, 0, 2, 0, 0, 2, 1, 2, 0]|[3, 2, 1, 3, 0, 0, 2, 2, 1, 0, 0, 0, 0, 0, 0, 0, 1, 1, 0, 1]|[0, 2, 1, 0, 1, 0, 1, 2, 0, 0, 1, 1, 0, 1, 1, 0, 0, 1, 1, 2],360.648478639080;11062.877908882878;14706.833631149617,14706.833631149617,NOT_APPLICABLE,NOT_APPLICABLE,NOT_APPLICABLE,3
7,1,700,G3_TWC,HISTORICAL,[6, 19, 12, 5, 4, 16, 3, 18, 10, 14, 17, 8, 7, 13, 9, 0, 15, 11, 2, 1]|[0, 0, 1, 0, 1, 0, 0, 0, 1, 2, 1, 2, 0, 2, 0, 0, 2, 1, 2, 0]|[3, 2, 1, 3, 0, 0, 2, 2, 1, 0, 0, 0, 0, 0, 0, 0, 1, 1, 0, 1]|[0, 2, 1, 0, 1, 0, 1, 2, 0, 0, 1, 1, 0, 1, 1, 0, 0, 1, 1, 2],360.648478639080;11062.877908882878;14706.833631149617,0,false,[6, 19, 12, 5, 4, 16, 3, 18, 10, 14, 17, 8, 7, 13, 9, 0, 15, 11, 2, 1]|[0, 0, 1, 0, 1, 0, 0, 0, 1, 2, 1, 2, 0, 2, 0, 0, 2, 1, 2, 0]|[3, 2, 1, 3, 0, 0, 2, 2, 1, 0, 0, 0, 0, 0, 0, 0, 1, 1, 0, 1]|[0, 2, 1, 0, 1, 0, 1, 2, 0, 0, 1, 1, 0, 1, 1, 0, 0, 1, 1, 2],360.648478639080;11062.877908882878;14706.833631149617,14706.833631149617,NOT_APPLICABLE,NOT_APPLICABLE,NOT_APPLICABLE,2
7,1,700,G4_BALANCED,PREVIOUS,[3, 14, 6, 5, 19, 16, 7, 18, 10, 4, 1, 15, 13, 17, 8, 0, 12, 9, 2, 11]|[0, 0, 1, 2, 2, 1, 0, 2, 0, 1, 0, 2, 2, 0, 1, 2, 1, 0, 2, 0]|[3, 3, 1, 0, 0, 0, 2, 1, 3, 0, 1, 1, 0, 3, 1, 0, 1, 0, 0, 2]|[0, 1, 0, 0, 1, 1, 0, 0, 0, 1, 2, 0, 1, 1, 1, 1, 1, 1, 0, 2],273.307106391696;10735.923172034594;16720.511587423658,0,false,[3, 14, 6, 5, 19, 16, 7, 18, 10, 4, 1, 15, 13, 17, 8, 0, 12, 9, 2, 11]|[0, 0, 1, 2, 2, 1, 0, 2, 0, 1, 0, 2, 2, 0, 1, 2, 1, 0, 2, 0]|[3, 3, 1, 0, 0, 0, 2, 1, 3, 0, 1, 1, 0, 3, 1, 0, 1, 0, 0, 2]|[0, 1, 0, 0, 1, 1, 0, 0, 0, 1, 2, 0, 1, 1, 1, 1, 1, 1, 0, 2],273.307106391696;10735.923172034594;16720.511587423658,0.417118493791,NOT_APPLICABLE,NOT_APPLICABLE,NOT_APPLICABLE,3
7,1,700,G4_BALANCED,HISTORICAL,[3, 14, 6, 5, 19, 16, 7, 18, 10, 4, 1, 15, 13, 17, 8, 0, 12, 9, 2, 11]|[0, 0, 1, 2, 2, 1, 0, 2, 0, 1, 0, 2, 2, 0, 1, 2, 1, 0, 2, 0]|[3, 3, 1, 0, 0, 0, 2, 1, 3, 0, 1, 1, 0, 3, 1, 0, 1, 0, 0, 2]|[0, 1, 0, 0, 1, 1, 0, 0, 0, 1, 2, 0, 1, 1, 1, 1, 1, 1, 0, 2],273.307106391696;10735.923172034594;16720.511587423658,0,false,[3, 14, 6, 5, 19, 16, 7, 18, 10, 4, 1, 15, 13, 17, 8, 0, 12, 9, 2, 11]|[0, 0, 1, 2, 2, 1, 0, 2, 0, 1, 0, 2, 2, 0, 1, 2, 1, 0, 2, 0]|[3, 3, 1, 0, 0, 0, 2, 1, 3, 0, 1, 1, 0, 3, 1, 0, 1, 0, 0, 2]|[0, 1, 0, 0, 1, 1, 0, 0, 0, 1, 2, 0, 1, 1, 1, 1, 1, 1, 0, 2],273.307106391696;10735.923172034594;16720.511587423658,0.417118493791,NOT_APPLICABLE,NOT_APPLICABLE,NOT_APPLICABLE,2
8,1,800,G1_CMAX,PREVIOUS,[3, 14, 11, 10, 2, 9, 8, 12, 0, 13, 5, 6, 17, 16, 15, 4, 18, 19, 7, 1]|[0, 0, 1, 2, 2, 1, 2, 0, 2, 1, 0, 1, 0, 0, 1, 1, 1, 2, 0, 2]|[0, 0, 1, 0, 0, 1, 1, 2, 0, 1, 3, 1, 3, 3, 0, 0, 1, 0, 3, 0]|[0, 2, 0, 0, 1, 0, 1, 1, 1, 1, 0, 0, 1, 0, 1, 1, 1, 0, 2, 1],292.153714966035;10485.934088427937;18420.378302618480,0,false,[3, 14, 11, 10, 2, 9, 8, 12, 0, 13, 5, 6, 17, 16, 15, 4, 18, 19, 7, 1]|[0, 0, 1, 2, 2, 1, 2, 0, 2, 1, 0, 1, 0, 0, 1, 1, 1, 2, 0, 2]|[0, 0, 1, 0, 0, 1, 1, 2, 0, 1, 3, 1, 3, 3, 0, 0, 1, 0, 3, 0]|[0, 2, 0, 0, 1, 0, 1, 1, 1, 1, 0, 0, 1, 0, 1, 1, 1, 0, 2, 1],292.153714966035;10485.934088427937;18420.378302618480,292.153714966035,NOT_APPLICABLE,NOT_APPLICABLE,NOT_APPLICABLE,3
8,1,800,G1_CMAX,HISTORICAL,[6, 19, 12, 5, 4, 16, 3, 9, 10, 17, 2, 18, 13, 14, 8, 11, 7, 1, 15, 0]|[2, 1, 1, 2, 1, 0, 1, 0, 1, 0, 2, 0, 2, 1, 0, 2, 1, 1, 0, 2]|[0, 1, 1, 1, 0, 3, 0, 3, 1, 0, 0, 0, 0, 0, 0, 1, 0, 1, 3, 0]|[1, 1, 1, 0, 0, 1, 1, 2, 1, 0, 1, 1, 1, 1, 0, 0, 1, 0, 2, 1],226.990629343372;11104.352378173600;18140.749392244250,0,false,[6, 19, 12, 5, 4, 16, 3, 9, 10, 17, 2, 18, 13, 14, 8, 11, 7, 1, 15, 0]|[2, 1, 1, 2, 1, 0, 1, 0, 1, 0, 2, 0, 2, 1, 0, 2, 1, 1, 0, 2]|[0, 1, 1, 1, 0, 3, 0, 3, 1, 0, 0, 0, 0, 0, 0, 1, 0, 1, 3, 0]|[1, 1, 1, 0, 0, 1, 1, 2, 1, 0, 1, 1, 1, 1, 0, 0, 1, 0, 2, 1],226.990629343372;11104.352378173600;18140.749392244250,226.990629343372,NOT_APPLICABLE,NOT_APPLICABLE,NOT_APPLICABLE,2
8,1,800,G2_TEC,PREVIOUS,[3, 14, 6, 5, 19, 13, 2, 11, 15, 7, 10, 9, 17, 16, 12, 4, 18, 8, 1, 0]|[2, 0, 1, 0, 1, 0, 2, 1, 1, 0, 0, 0, 2, 1, 2, 1, 1, 0, 0, 2]|[0, 3, 1, 3, 1, 3, 0, 1, 0, 3, 3, 0, 1, 0, 0, 0, 0, 0, 3, 0]|[0, 1, 0, 0, 1, 1, 1, 0, 1, 2, 0, 1, 1, 1, 0, 1, 1, 2, 1, 1],323.042633346003;10425.331556933170;17126.753210551793,0,false,[3, 14, 6, 5, 19, 13, 2, 11, 15, 7, 10, 9, 17, 16, 12, 4, 18, 8, 1, 0]|[2, 0, 1, 0, 1, 0, 2, 1, 1, 0, 0, 0, 2, 1, 2, 1, 1, 0, 0, 2]|[0, 3, 1, 3, 1, 3, 0, 1, 0, 3, 3, 0, 1, 0, 0, 0, 0, 0, 3, 0]|[0, 1, 0, 0, 1, 1, 1, 0, 1, 2, 0, 1, 1, 1, 0, 1, 1, 2, 1, 1],323.042633346003;10425.331556933170;17126.753210551793,10425.331556933170,NOT_APPLICABLE,NOT_APPLICABLE,NOT_APPLICABLE,4
8,1,800,G2_TEC,HISTORICAL,[3, 14, 6, 5, 19, 13, 2, 11, 15, 7, 10, 9, 17, 16, 12, 4, 18, 8, 1, 0]|[2, 0, 1, 0, 1, 0, 2, 1, 1, 0, 0, 0, 2, 1, 2, 1, 1, 0, 0, 2]|[0, 3, 1, 3, 1, 3, 0, 1, 0, 3, 3, 0, 1, 0, 0, 0, 0, 0, 3, 0]|[0, 1, 0, 0, 1, 1, 1, 0, 1, 2, 0, 1, 1, 1, 0, 1, 1, 2, 1, 1],323.042633346003;10425.331556933170;17126.753210551793,0,false,[3, 14, 6, 5, 19, 13, 2, 11, 15, 7, 10, 9, 17, 16, 12, 4, 18, 8, 1, 0]|[2, 0, 1, 0, 1, 0, 2, 1, 1, 0, 0, 0, 2, 1, 2, 1, 1, 0, 0, 2]|[0, 3, 1, 3, 1, 3, 0, 1, 0, 3, 3, 0, 1, 0, 0, 0, 0, 0, 3, 0]|[0, 1, 0, 0, 1, 1, 1, 0, 1, 2, 0, 1, 1, 1, 0, 1, 1, 2, 1, 1],323.042633346003;10425.331556933170;17126.753210551793,10425.331556933170,NOT_APPLICABLE,NOT_APPLICABLE,NOT_APPLICABLE,2
8,1,800,G3_TWC,PREVIOUS,[3, 14, 6, 5, 19, 16, 7, 9, 4, 2, 13, 12, 10, 8, 11, 0, 17, 18, 15, 1]|[0, 0, 1, 2, 2, 1, 0, 0, 1, 2, 2, 0, 0, 1, 2, 2, 0, 0, 2, 1]|[3, 3, 1, 0, 0, 0, 2, 2, 1, 0, 0, 3, 0, 1, 0, 0, 3, 2, 1, 1]|[1, 1, 0, 0, 1, 1, 0, 0, 0, 0, 1, 1, 0, 1, 1, 1, 1, 2, 0, 0],280.779166246940;10695.552466108853;17656.232152058170,0,false,[3, 14, 6, 5, 19, 16, 7, 9, 4, 2, 13, 12, 10, 8, 11, 0, 17, 18, 15, 1]|[0, 0, 1, 2, 2, 1, 0, 0, 1, 2, 2, 0, 0, 1, 2, 2, 0, 0, 2, 1]|[3, 3, 1, 0, 0, 0, 2, 2, 1, 0, 0, 3, 0, 1, 0, 0, 3, 2, 1, 1]|[1, 1, 0, 0, 1, 1, 0, 0, 0, 0, 1, 1, 0, 1, 1, 1, 1, 2, 0, 0],280.779166246940;10695.552466108853;17656.232152058170,17656.232152058170,NOT_APPLICABLE,NOT_APPLICABLE,NOT_APPLICABLE,3
8,1,800,G3_TWC,HISTORICAL,[6, 19, 12, 5, 4, 16, 3, 18, 10, 14, 17, 8, 7, 13, 9, 0, 15, 11, 2, 1]|[0, 0, 1, 0, 1, 0, 0, 0, 1, 2, 1, 2, 0, 2, 0, 0, 2, 1, 2, 0]|[3, 2, 1, 3, 0, 0, 2, 2, 1, 0, 0, 0, 0, 0, 0, 0, 1, 1, 0, 1]|[0, 2, 1, 0, 1, 0, 1, 2, 0, 0, 1, 1, 0, 1, 1, 0, 0, 1, 1, 2],360.648478639080;11062.877908882878;14706.833631149617,0,false,[6, 19, 12, 5, 4, 16, 3, 18, 10, 14, 17, 8, 7, 13, 9, 0, 15, 11, 2, 1]|[0, 0, 1, 0, 1, 0, 0, 0, 1, 2, 1, 2, 0, 2, 0, 0, 2, 1, 2, 0]|[3, 2, 1, 3, 0, 0, 2, 2, 1, 0, 0, 0, 0, 0, 0, 0, 1, 1, 0, 1]|[0, 2, 1, 0, 1, 0, 1, 2, 0, 0, 1, 1, 0, 1, 1, 0, 0, 1, 1, 2],360.648478639080;11062.877908882878;14706.833631149617,14706.833631149617,NOT_APPLICABLE,NOT_APPLICABLE,NOT_APPLICABLE,2
8,1,800,G4_BALANCED,PREVIOUS,[3, 14, 6, 16, 15, 4, 19, 11, 10, 9, 1, 8, 0, 12, 18, 17, 5, 7, 2, 13]|[0, 0, 2, 1, 1, 1, 2, 0, 0, 1, 1, 2, 0, 1, 2, 2, 0, 0, 0, 2]|[2, 0, 0, 0, 0, 0, 0, 2, 3, 0, 1, 0, 2, 1, 0, 0, 3, 1, 0, 1]|[0, 2, 0, 1, 1, 1, 1, 0, 2, 0, 1, 1, 2, 1, 1, 1, 0, 0, 1, 0],292.843892228668;11328.751590544634;16346.303591973312,0,false,[3, 14, 6, 16, 15, 4, 19, 11, 10, 9, 1, 8, 0, 12, 18, 17, 5, 7, 2, 13]|[0, 0, 2, 1, 1, 1, 2, 0, 0, 1, 1, 2, 0, 1, 2, 2, 0, 0, 0, 2]|[2, 0, 0, 0, 0, 0, 0, 2, 3, 0, 1, 0, 2, 1, 0, 0, 3, 1, 0, 1]|[0, 2, 0, 1, 1, 1, 1, 0, 2, 0, 1, 1, 2, 1, 1, 1, 0, 0, 1, 0],292.843892228668;11328.751590544634;16346.303591973312,0.614551408022,NOT_APPLICABLE,NOT_APPLICABLE,NOT_APPLICABLE,3
8,1,800,G4_BALANCED,HISTORICAL,[3, 14, 6, 16, 15, 4, 19, 11, 10, 9, 1, 8, 0, 12, 18, 17, 5, 7, 2, 13]|[0, 0, 2, 1, 1, 1, 2, 0, 0, 1, 1, 2, 0, 1, 2, 2, 0, 0, 0, 2]|[2, 0, 0, 0, 0, 0, 0, 2, 3, 0, 1, 0, 2, 1, 0, 0, 3, 1, 0, 1]|[0, 2, 0, 1, 1, 1, 1, 0, 2, 0, 1, 1, 2, 1, 1, 1, 0, 0, 1, 0],292.843892228668;11328.751590544634;16346.303591973312,0,false,[3, 14, 6, 16, 15, 4, 19, 11, 10, 9, 1, 8, 0, 12, 18, 17, 5, 7, 2, 13]|[0, 0, 2, 1, 1, 1, 2, 0, 0, 1, 1, 2, 0, 1, 2, 2, 0, 0, 0, 2]|[2, 0, 0, 0, 0, 0, 0, 2, 3, 0, 1, 0, 2, 1, 0, 0, 3, 1, 0, 1]|[0, 2, 0, 1, 1, 1, 1, 0, 2, 0, 1, 1, 2, 1, 1, 1, 0, 0, 1, 0],292.843892228668;11328.751590544634;16346.303591973312,0.614551408022,NOT_APPLICABLE,NOT_APPLICABLE,NOT_APPLICABLE,2
9,1,900,G1_CMAX,PREVIOUS,[3, 14, 11, 10, 2, 9, 8, 12, 0, 13, 5, 6, 17, 16, 15, 4, 18, 19, 7, 1]|[0, 0, 1, 2, 2, 1, 2, 0, 2, 1, 0, 1, 0, 0, 1, 1, 1, 2, 0, 2]|[0, 0, 1, 0, 0, 1, 1, 2, 0, 1, 3, 1, 3, 3, 0, 0, 1, 0, 3, 0]|[0, 2, 0, 0, 1, 0, 1, 1, 1, 1, 0, 0, 1, 0, 1, 1, 1, 0, 2, 1],292.153714966035;10485.934088427937;18420.378302618480,1,true,[6, 19, 12, 5, 4, 16, 3, 11, 15, 8, 13, 2, 17, 14, 9, 0, 7, 18, 10, 1]|[2, 0, 1, 2, 1, 1, 2, 1, 0, 2, 1, 2, 1, 0, 0, 0, 0, 0, 2, 2]|[0, 0, 1, 0, 1, 0, 1, 1, 3, 1, 1, 0, 1, 3, 3, 0, 3, 2, 0, 0]|[0, 2, 0, 0, 1, 1, 1, 0, 0, 1, 1, 1, 1, 0, 1, 0, 2, 2, 0, 1],226.021205120391;10329.105659430683;18268.658496026380,226.021205120391,900,900,0,4
9,1,900,G1_CMAX,HISTORICAL,[6, 19, 12, 5, 4, 16, 3, 9, 10, 17, 2, 18, 13, 14, 8, 11, 7, 1, 15, 0]|[2, 1, 1, 2, 1, 0, 1, 0, 1, 0, 2, 0, 2, 1, 0, 2, 1, 1, 0, 2]|[0, 1, 1, 1, 0, 3, 0, 3, 1, 0, 0, 0, 0, 0, 0, 1, 0, 1, 3, 0]|[1, 1, 1, 0, 0, 1, 1, 2, 1, 0, 1, 1, 1, 1, 0, 0, 1, 0, 2, 1],226.990629343372;11104.352378173600;18140.749392244250,0,false,[6, 19, 12, 5, 4, 16, 3, 9, 10, 17, 2, 18, 13, 14, 8, 11, 7, 1, 15, 0]|[2, 1, 1, 2, 1, 0, 1, 0, 1, 0, 2, 0, 2, 1, 0, 2, 1, 1, 0, 2]|[0, 1, 1, 1, 0, 3, 0, 3, 1, 0, 0, 0, 0, 0, 0, 1, 0, 1, 3, 0]|[1, 1, 1, 0, 0, 1, 1, 2, 1, 0, 1, 1, 1, 1, 0, 0, 1, 0, 2, 1],226.990629343372;11104.352378173600;18140.749392244250,226.990629343372,NOT_APPLICABLE,NOT_APPLICABLE,NOT_APPLICABLE,2
9,1,900,G2_TEC,PREVIOUS,[6, 19, 12, 5, 4, 16, 3, 11, 15, 7, 14, 9, 10, 8, 2, 1, 18, 13, 17, 0]|[2, 2, 1, 0, 1, 0, 2, 1, 1, 0, 0, 0, 1, 2, 2, 1, 1, 0, 0, 2]|[0, 0, 1, 3, 1, 3, 0, 1, 0, 3, 3, 3, 0, 1, 0, 1, 1, 0, 3, 0]|[0, 0, 0, 0, 1, 1, 0, 0, 1, 2, 0, 1, 1, 1, 1, 0, 1, 2, 1, 1],331.082935183030;10215.717360608429;17667.157648099965,0,false,[6, 19, 12, 5, 4, 16, 3, 11, 15, 7, 14, 9, 10, 8, 2, 1, 18, 13, 17, 0]|[2, 2, 1, 0, 1, 0, 2, 1, 1, 0, 0, 0, 1, 2, 2, 1, 1, 0, 0, 2]|[0, 0, 1, 3, 1, 3, 0, 1, 0, 3, 3, 3, 0, 1, 0, 1, 1, 0, 3, 0]|[0, 0, 0, 0, 1, 1, 0, 0, 1, 2, 0, 1, 1, 1, 1, 0, 1, 2, 1, 1],331.082935183030;10215.717360608429;17667.157648099965,10215.717360608429,NOT_APPLICABLE,NOT_APPLICABLE,NOT_APPLICABLE,4
9,1,900,G2_TEC,HISTORICAL,[6, 19, 12, 5, 4, 16, 3, 11, 15, 7, 14, 9, 10, 8, 2, 1, 18, 13, 17, 0]|[2, 2, 1, 0, 1, 0, 2, 1, 1, 0, 0, 0, 1, 2, 2, 1, 1, 0, 0, 2]|[0, 0, 1, 3, 1, 3, 0, 1, 0, 3, 3, 3, 0, 1, 0, 1, 1, 0, 3, 0]|[0, 0, 0, 0, 1, 1, 0, 0, 1, 2, 0, 1, 1, 1, 1, 0, 1, 2, 1, 1],331.082935183030;10215.717360608429;17667.157648099965,0,false,[6, 19, 12, 5, 4, 16, 3, 11, 15, 7, 14, 9, 10, 8, 2, 1, 18, 13, 17, 0]|[2, 2, 1, 0, 1, 0, 2, 1, 1, 0, 0, 0, 1, 2, 2, 1, 1, 0, 0, 2]|[0, 0, 1, 3, 1, 3, 0, 1, 0, 3, 3, 3, 0, 1, 0, 1, 1, 0, 3, 0]|[0, 0, 0, 0, 1, 1, 0, 0, 1, 2, 0, 1, 1, 1, 1, 0, 1, 2, 1, 1],331.082935183030;10215.717360608429;17667.157648099965,10215.717360608429,NOT_APPLICABLE,NOT_APPLICABLE,NOT_APPLICABLE,2
9,1,900,G3_TWC,PREVIOUS,[6, 19, 12, 5, 4, 16, 3, 18, 10, 14, 17, 8, 7, 13, 9, 0, 15, 11, 2, 1]|[0, 0, 1, 0, 1, 0, 0, 0, 1, 2, 1, 2, 0, 2, 0, 0, 2, 1, 2, 0]|[3, 2, 1, 3, 0, 0, 2, 2, 1, 0, 0, 0, 0, 0, 0, 0, 1, 1, 0, 1]|[0, 2, 1, 0, 1, 0, 1, 2, 0, 0, 1, 1, 0, 1, 1, 0, 0, 1, 1, 2],360.648478639080;11062.877908882878;14706.833631149617,0,false,[6, 19, 12, 5, 4, 16, 3, 18, 10, 14, 17, 8, 7, 13, 9, 0, 15, 11, 2, 1]|[0, 0, 1, 0, 1, 0, 0, 0, 1, 2, 1, 2, 0, 2, 0, 0, 2, 1, 2, 0]|[3, 2, 1, 3, 0, 0, 2, 2, 1, 0, 0, 0, 0, 0, 0, 0, 1, 1, 0, 1]|[0, 2, 1, 0, 1, 0, 1, 2, 0, 0, 1, 1, 0, 1, 1, 0, 0, 1, 1, 2],360.648478639080;11062.877908882878;14706.833631149617,14706.833631149617,NOT_APPLICABLE,NOT_APPLICABLE,NOT_APPLICABLE,3
9,1,900,G3_TWC,HISTORICAL,[6, 19, 12, 5, 4, 16, 3, 18, 10, 14, 17, 8, 7, 13, 9, 0, 15, 11, 2, 1]|[0, 0, 1, 0, 1, 0, 0, 0, 1, 2, 1, 2, 0, 2, 0, 0, 2, 1, 2, 0]|[3, 2, 1, 3, 0, 0, 2, 2, 1, 0, 0, 0, 0, 0, 0, 0, 1, 1, 0, 1]|[0, 2, 1, 0, 1, 0, 1, 2, 0, 0, 1, 1, 0, 1, 1, 0, 0, 1, 1, 2],360.648478639080;11062.877908882878;14706.833631149617,0,false,[6, 19, 12, 5, 4, 16, 3, 18, 10, 14, 17, 8, 7, 13, 9, 0, 15, 11, 2, 1]|[0, 0, 1, 0, 1, 0, 0, 0, 1, 2, 1, 2, 0, 2, 0, 0, 2, 1, 2, 0]|[3, 2, 1, 3, 0, 0, 2, 2, 1, 0, 0, 0, 0, 0, 0, 0, 1, 1, 0, 1]|[0, 2, 1, 0, 1, 0, 1, 2, 0, 0, 1, 1, 0, 1, 1, 0, 0, 1, 1, 2],360.648478639080;11062.877908882878;14706.833631149617,14706.833631149617,NOT_APPLICABLE,NOT_APPLICABLE,NOT_APPLICABLE,3
9,1,900,G4_BALANCED,PREVIOUS,[3, 14, 6, 16, 15, 4, 19, 11, 10, 9, 1, 8, 0, 12, 18, 17, 5, 7, 2, 13]|[0, 0, 2, 1, 1, 1, 2, 0, 0, 1, 1, 2, 0, 1, 2, 2, 0, 0, 0, 2]|[2, 0, 0, 0, 0, 0, 0, 2, 3, 0, 1, 0, 2, 1, 0, 0, 3, 1, 0, 1]|[0, 2, 0, 1, 1, 1, 1, 0, 2, 0, 1, 1, 2, 1, 1, 1, 0, 0, 1, 0],292.843892228668;11328.751590544634;16346.303591973312,0,false,[3, 14, 6, 16, 15, 4, 19, 11, 10, 9, 1, 8, 0, 12, 18, 17, 5, 7, 2, 13]|[0, 0, 2, 1, 1, 1, 2, 0, 0, 1, 1, 2, 0, 1, 2, 2, 0, 0, 0, 2]|[2, 0, 0, 0, 0, 0, 0, 2, 3, 0, 1, 0, 2, 1, 0, 0, 3, 1, 0, 1]|[0, 2, 0, 1, 1, 1, 1, 0, 2, 0, 1, 1, 2, 1, 1, 1, 0, 0, 1, 0],292.843892228668;11328.751590544634;16346.303591973312,0.716036913692,NOT_APPLICABLE,NOT_APPLICABLE,NOT_APPLICABLE,4
9,1,900,G4_BALANCED,HISTORICAL,[3, 14, 6, 16, 15, 4, 19, 11, 10, 9, 1, 8, 0, 12, 18, 17, 5, 7, 2, 13]|[0, 0, 2, 1, 1, 1, 2, 0, 0, 1, 1, 2, 0, 1, 2, 2, 0, 0, 0, 2]|[2, 0, 0, 0, 0, 0, 0, 2, 3, 0, 1, 0, 2, 1, 0, 0, 3, 1, 0, 1]|[0, 2, 0, 1, 1, 1, 1, 0, 2, 0, 1, 1, 2, 1, 1, 1, 0, 0, 1, 0],292.843892228668;11328.751590544634;16346.303591973312,0,false,[3, 14, 6, 16, 15, 4, 19, 11, 10, 9, 1, 8, 0, 12, 18, 17, 5, 7, 2, 13]|[0, 0, 2, 1, 1, 1, 2, 0, 0, 1, 1, 2, 0, 1, 2, 2, 0, 0, 0, 2]|[2, 0, 0, 0, 0, 0, 0, 2, 3, 0, 1, 0, 2, 1, 0, 0, 3, 1, 0, 1]|[0, 2, 0, 1, 1, 1, 1, 0, 2, 0, 1, 1, 2, 1, 1, 1, 0, 0, 1, 0],292.843892228668;11328.751590544634;16346.303591973312,0.716036913692,NOT_APPLICABLE,NOT_APPLICABLE,NOT_APPLICABLE,2
10,1,1000,G1_CMAX,PREVIOUS,[6, 19, 12, 5, 4, 13, 2, 11, 15, 7, 10, 9, 14, 16, 3, 1, 18, 8, 17, 0]|[2, 2, 0, 0, 1, 0, 2, 1, 1, 0, 2, 0, 1, 0, 2, 0, 0, 2, 0, 2]|[0, 0, 2, 3, 1, 0, 0, 1, 0, 3, 0, 3, 0, 3, 0, 3, 0, 1, 3, 0]|[1, 0, 1, 0, 1, 2, 1, 0, 1, 2, 0, 1, 1, 0, 0, 0, 1, 1, 1, 1],325.646837284218;10515.842799578764;15979.946553120760,0,false,[6, 19, 12, 5, 4, 13, 2, 11, 15, 7, 10, 9, 14, 16, 3, 1, 18, 8, 17, 0]|[2, 2, 0, 0, 1, 0, 2, 1, 1, 0, 2, 0, 1, 0, 2, 0, 0, 2, 0, 2]|[0, 0, 2, 3, 1, 0, 0, 1, 0, 3, 0, 3, 0, 3, 0, 3, 0, 1, 3, 0]|[1, 0, 1, 0, 1, 2, 1, 0, 1, 2, 0, 1, 1, 0, 0, 0, 1, 1, 1, 1],325.646837284218;10515.842799578764;15979.946553120760,325.646837284218,NOT_APPLICABLE,NOT_APPLICABLE,NOT_APPLICABLE,4
10,1,1000,G1_CMAX,HISTORICAL,[6, 19, 12, 5, 4, 16, 3, 9, 10, 17, 2, 18, 13, 14, 8, 11, 7, 1, 15, 0]|[2, 1, 1, 2, 1, 0, 1, 0, 1, 0, 2, 0, 2, 1, 0, 2, 1, 1, 0, 2]|[0, 1, 1, 1, 0, 3, 0, 3, 1, 0, 0, 0, 0, 0, 0, 1, 0, 1, 3, 0]|[1, 1, 1, 0, 0, 1, 1, 2, 1, 0, 1, 1, 1, 1, 0, 0, 1, 0, 2, 1],226.990629343372;11104.352378173600;18140.749392244250,0,false,[6, 19, 12, 5, 4, 16, 3, 9, 10, 17, 2, 18, 13, 14, 8, 11, 7, 1, 15, 0]|[2, 1, 1, 2, 1, 0, 1, 0, 1, 0, 2, 0, 2, 1, 0, 2, 1, 1, 0, 2]|[0, 1, 1, 1, 0, 3, 0, 3, 1, 0, 0, 0, 0, 0, 0, 1, 0, 1, 3, 0]|[1, 1, 1, 0, 0, 1, 1, 2, 1, 0, 1, 1, 1, 1, 0, 0, 1, 0, 2, 1],226.990629343372;11104.352378173600;18140.749392244250,226.990629343372,NOT_APPLICABLE,NOT_APPLICABLE,NOT_APPLICABLE,2
10,1,1000,G2_TEC,PREVIOUS,[6, 19, 12, 5, 4, 16, 3, 2, 15, 7, 10, 8, 14, 1, 18, 13, 17, 9, 11, 0]|[2, 2, 0, 0, 1, 0, 2, 1, 1, 0, 1, 2, 0, 1, 1, 2, 2, 0, 1, 2]|[0, 1, 2, 3, 1, 3, 0, 1, 0, 3, 0, 1, 3, 1, 1, 0, 0, 3, 1, 0]|[0, 1, 1, 0, 1, 0, 0, 0, 1, 2, 1, 1, 0, 0, 1, 1, 0, 1, 0, 1],265.604512157255;10294.906148972264;18742.339641749182,0,false,[6, 19, 12, 5, 4, 16, 3, 2, 15, 7, 10, 8, 14, 1, 18, 13, 17, 9, 11, 0]|[2, 2, 0, 0, 1, 0, 2, 1, 1, 0, 1, 2, 0, 1, 1, 2, 2, 0, 1, 2]|[0, 1, 2, 3, 1, 3, 0, 1, 0, 3, 0, 1, 3, 1, 1, 0, 0, 3, 1, 0]|[0, 1, 1, 0, 1, 0, 0, 0, 1, 2, 1, 1, 0, 0, 1, 1, 0, 1, 0, 1],265.604512157255;10294.906148972264;18742.339641749182,10294.906148972264,NOT_APPLICABLE,NOT_APPLICABLE,NOT_APPLICABLE,4
10,1,1000,G2_TEC,HISTORICAL,[6, 19, 12, 5, 4, 16, 3, 11, 15, 7, 14, 9, 10, 8, 2, 1, 18, 13, 17, 0]|[2, 2, 1, 0, 1, 0, 2, 1, 1, 0, 0, 0, 1, 2, 2, 1, 1, 0, 0, 2]|[0, 0, 1, 3, 1, 3, 0, 1, 0, 3, 3, 3, 0, 1, 0, 1, 1, 0, 3, 0]|[0, 0, 0, 0, 1, 1, 0, 0, 1, 2, 0, 1, 1, 1, 1, 0, 1, 2, 1, 1],331.082935183030;10215.717360608429;17667.157648099965,0,false,[6, 19, 12, 5, 4, 16, 3, 11, 15, 7, 14, 9, 10, 8, 2, 1, 18, 13, 17, 0]|[2, 2, 1, 0, 1, 0, 2, 1, 1, 0, 0, 0, 1, 2, 2, 1, 1, 0, 0, 2]|[0, 0, 1, 3, 1, 3, 0, 1, 0, 3, 3, 3, 0, 1, 0, 1, 1, 0, 3, 0]|[0, 0, 0, 0, 1, 1, 0, 0, 1, 2, 0, 1, 1, 1, 1, 0, 1, 2, 1, 1],331.082935183030;10215.717360608429;17667.157648099965,10215.717360608429,NOT_APPLICABLE,NOT_APPLICABLE,NOT_APPLICABLE,2
10,1,1000,G3_TWC,PREVIOUS,[3, 14, 6, 5, 19, 16, 7, 9, 4, 2, 17, 0, 18, 13, 11, 10, 12, 8, 1, 15]|[0, 1, 1, 2, 2, 1, 0, 0, 1, 2, 0, 1, 0, 2, 2, 0, 0, 0, 1, 0]|[3, 0, 1, 0, 0, 0, 2, 2, 1, 0, 3, 0, 2, 0, 0, 0, 0, 0, 1, 3]|[1, 1, 0, 0, 1, 1, 2, 0, 0, 0, 1, 1, 2, 1, 1, 0, 2, 0, 0, 2],306.748932568554;10794.009198605936;16072.105226674026,0,false,[3, 14, 6, 5, 19, 16, 7, 9, 4, 2, 17, 0, 18, 13, 11, 10, 12, 8, 1, 15]|[0, 1, 1, 2, 2, 1, 0, 0, 1, 2, 0, 1, 0, 2, 2, 0, 0, 0, 1, 0]|[3, 0, 1, 0, 0, 0, 2, 2, 1, 0, 3, 0, 2, 0, 0, 0, 0, 0, 1, 3]|[1, 1, 0, 0, 1, 1, 2, 0, 0, 0, 1, 1, 2, 1, 1, 0, 2, 0, 0, 2],306.748932568554;10794.009198605936;16072.105226674026,16072.105226674026,NOT_APPLICABLE,NOT_APPLICABLE,NOT_APPLICABLE,3
10,1,1000,G3_TWC,HISTORICAL,[6, 19, 12, 5, 4, 16, 3, 18, 10, 14, 17, 8, 7, 13, 9, 0, 15, 11, 2, 1]|[0, 0, 1, 0, 1, 0, 0, 0, 1, 2, 1, 2, 0, 2, 0, 0, 2, 1, 2, 0]|[3, 2, 1, 3, 0, 0, 2, 2, 1, 0, 0, 0, 0, 0, 0, 0, 1, 1, 0, 1]|[0, 2, 1, 0, 1, 0, 1, 2, 0, 0, 1, 1, 0, 1, 1, 0, 0, 1, 1, 2],360.648478639080;11062.877908882878;14706.833631149617,0,false,[6, 19, 12, 5, 4, 16, 3, 18, 10, 14, 17, 8, 7, 13, 9, 0, 15, 11, 2, 1]|[0, 0, 1, 0, 1, 0, 0, 0, 1, 2, 1, 2, 0, 2, 0, 0, 2, 1, 2, 0]|[3, 2, 1, 3, 0, 0, 2, 2, 1, 0, 0, 0, 0, 0, 0, 0, 1, 1, 0, 1]|[0, 2, 1, 0, 1, 0, 1, 2, 0, 0, 1, 1, 0, 1, 1, 0, 0, 1, 1, 2],360.648478639080;11062.877908882878;14706.833631149617,14706.833631149617,NOT_APPLICABLE,NOT_APPLICABLE,NOT_APPLICABLE,3
10,1,1000,G4_BALANCED,PREVIOUS,[3, 14, 6, 16, 15, 4, 19, 11, 10, 9, 1, 8, 0, 12, 18, 17, 5, 7, 2, 13]|[0, 0, 2, 1, 1, 1, 2, 0, 0, 1, 1, 2, 0, 1, 2, 2, 0, 0, 0, 2]|[2, 0, 0, 0, 0, 0, 0, 2, 3, 0, 1, 0, 2, 1, 0, 0, 3, 1, 0, 1]|[0, 2, 0, 1, 1, 1, 1, 0, 2, 0, 1, 1, 2, 1, 1, 1, 0, 0, 1, 0],292.843892228668;11328.751590544634;16346.303591973312,0,false,[3, 14, 6, 16, 15, 4, 19, 11, 10, 9, 1, 8, 0, 12, 18, 17, 5, 7, 2, 13]|[0, 0, 2, 1, 1, 1, 2, 0, 0, 1, 1, 2, 0, 1, 2, 2, 0, 0, 0, 2]|[2, 0, 0, 0, 0, 0, 0, 2, 3, 0, 1, 0, 2, 1, 0, 0, 3, 1, 0, 1]|[0, 2, 0, 1, 1, 1, 1, 0, 2, 0, 1, 1, 2, 1, 1, 1, 0, 0, 1, 0],292.843892228668;11328.751590544634;16346.303591973312,0.716036913692,NOT_APPLICABLE,NOT_APPLICABLE,NOT_APPLICABLE,4
10,1,1000,G4_BALANCED,HISTORICAL,[3, 14, 6, 16, 15, 4, 19, 11, 10, 9, 1, 8, 0, 12, 18, 17, 5, 7, 2, 13]|[0, 0, 2, 1, 1, 1, 2, 0, 0, 1, 1, 2, 0, 1, 2, 2, 0, 0, 0, 2]|[2, 0, 0, 0, 0, 0, 0, 2, 3, 0, 1, 0, 2, 1, 0, 0, 3, 1, 0, 1]|[0, 2, 0, 1, 1, 1, 1, 0, 2, 0, 1, 1, 2, 1, 1, 1, 0, 0, 1, 0],292.843892228668;11328.751590544634;16346.303591973312,0,false,[3, 14, 6, 16, 15, 4, 19, 11, 10, 9, 1, 8, 0, 12, 18, 17, 5, 7, 2, 13]|[0, 0, 2, 1, 1, 1, 2, 0, 0, 1, 1, 2, 0, 1, 2, 2, 0, 0, 0, 2]|[2, 0, 0, 0, 0, 0, 0, 2, 3, 0, 1, 0, 2, 1, 0, 0, 3, 1, 0, 1]|[0, 2, 0, 1, 1, 1, 1, 0, 2, 0, 1, 1, 2, 1, 1, 1, 0, 0, 1, 0],292.843892228668;11328.751590544634;16346.303591973312,0.716036913692,NOT_APPLICABLE,NOT_APPLICABLE,NOT_APPLICABLE,3
11,1,1100,G1_CMAX,PREVIOUS,[6, 19, 12, 5, 4, 13, 2, 11, 15, 7, 10, 9, 14, 16, 3, 1, 18, 8, 17, 0]|[2, 2, 0, 0, 1, 0, 2, 1, 1, 0, 2, 0, 1, 0, 2, 0, 0, 2, 0, 2]|[0, 0, 2, 3, 1, 0, 0, 1, 0, 3, 0, 3, 0, 3, 0, 3, 0, 1, 3, 0]|[1, 0, 1, 0, 1, 2, 1, 0, 1, 2, 0, 1, 1, 0, 0, 0, 1, 1, 1, 1],325.646837284218;10515.842799578764;15979.946553120760,0,false,[6, 19, 12, 5, 4, 13, 2, 11, 15, 7, 10, 9, 14, 16, 3, 1, 18, 8, 17, 0]|[2, 2, 0, 0, 1, 0, 2, 1, 1, 0, 2, 0, 1, 0, 2, 0, 0, 2, 0, 2]|[0, 0, 2, 3, 1, 0, 0, 1, 0, 3, 0, 3, 0, 3, 0, 3, 0, 1, 3, 0]|[1, 0, 1, 0, 1, 2, 1, 0, 1, 2, 0, 1, 1, 0, 0, 0, 1, 1, 1, 1],325.646837284218;10515.842799578764;15979.946553120760,325.646837284218,NOT_APPLICABLE,NOT_APPLICABLE,NOT_APPLICABLE,5
11,1,1100,G1_CMAX,HISTORICAL,[6, 19, 12, 5, 4, 16, 3, 9, 10, 17, 2, 18, 13, 14, 8, 11, 7, 1, 15, 0]|[2, 1, 1, 2, 1, 0, 1, 0, 1, 0, 2, 0, 2, 1, 0, 2, 1, 1, 0, 2]|[0, 1, 1, 1, 0, 3, 0, 3, 1, 0, 0, 0, 0, 0, 0, 1, 0, 1, 3, 0]|[1, 1, 1, 0, 0, 1, 1, 2, 1, 0, 1, 1, 1, 1, 0, 0, 1, 0, 2, 1],226.990629343372;11104.352378173600;18140.749392244250,0,false,[6, 19, 12, 5, 4, 16, 3, 9, 10, 17, 2, 18, 13, 14, 8, 11, 7, 1, 15, 0]|[2, 1, 1, 2, 1, 0, 1, 0, 1, 0, 2, 0, 2, 1, 0, 2, 1, 1, 0, 2]|[0, 1, 1, 1, 0, 3, 0, 3, 1, 0, 0, 0, 0, 0, 0, 1, 0, 1, 3, 0]|[1, 1, 1, 0, 0, 1, 1, 2, 1, 0, 1, 1, 1, 1, 0, 0, 1, 0, 2, 1],226.990629343372;11104.352378173600;18140.749392244250,226.990629343372,NOT_APPLICABLE,NOT_APPLICABLE,NOT_APPLICABLE,2
11,1,1100,G2_TEC,PREVIOUS,[6, 19, 12, 5, 4, 16, 3, 2, 15, 7, 10, 8, 14, 1, 18, 13, 17, 9, 11, 0]|[2, 2, 0, 0, 1, 0, 2, 1, 1, 0, 1, 2, 0, 1, 1, 2, 2, 0, 1, 2]|[0, 1, 2, 3, 1, 3, 0, 1, 0, 3, 0, 1, 3, 1, 1, 0, 0, 3, 1, 0]|[0, 1, 1, 0, 1, 0, 0, 0, 1, 2, 1, 1, 0, 0, 1, 1, 0, 1, 0, 1],265.604512157255;10294.906148972264;18742.339641749182,0,false,[6, 19, 12, 5, 4, 16, 3, 2, 15, 7, 10, 8, 14, 1, 18, 13, 17, 9, 11, 0]|[2, 2, 0, 0, 1, 0, 2, 1, 1, 0, 1, 2, 0, 1, 1, 2, 2, 0, 1, 2]|[0, 1, 2, 3, 1, 3, 0, 1, 0, 3, 0, 1, 3, 1, 1, 0, 0, 3, 1, 0]|[0, 1, 1, 0, 1, 0, 0, 0, 1, 2, 1, 1, 0, 0, 1, 1, 0, 1, 0, 1],265.604512157255;10294.906148972264;18742.339641749182,10294.906148972264,NOT_APPLICABLE,NOT_APPLICABLE,NOT_APPLICABLE,5
11,1,1100,G2_TEC,HISTORICAL,[6, 19, 12, 5, 4, 16, 3, 11, 15, 7, 14, 9, 10, 8, 2, 1, 18, 13, 17, 0]|[2, 2, 1, 0, 1, 0, 2, 1, 1, 0, 0, 0, 1, 2, 2, 1, 1, 0, 0, 2]|[0, 0, 1, 3, 1, 3, 0, 1, 0, 3, 3, 3, 0, 1, 0, 1, 1, 0, 3, 0]|[0, 0, 0, 0, 1, 1, 0, 0, 1, 2, 0, 1, 1, 1, 1, 0, 1, 2, 1, 1],331.082935183030;10215.717360608429;17667.157648099965,0,false,[6, 19, 12, 5, 4, 16, 3, 11, 15, 7, 14, 9, 10, 8, 2, 1, 18, 13, 17, 0]|[2, 2, 1, 0, 1, 0, 2, 1, 1, 0, 0, 0, 1, 2, 2, 1, 1, 0, 0, 2]|[0, 0, 1, 3, 1, 3, 0, 1, 0, 3, 3, 3, 0, 1, 0, 1, 1, 0, 3, 0]|[0, 0, 0, 0, 1, 1, 0, 0, 1, 2, 0, 1, 1, 1, 1, 0, 1, 2, 1, 1],331.082935183030;10215.717360608429;17667.157648099965,10215.717360608429,NOT_APPLICABLE,NOT_APPLICABLE,NOT_APPLICABLE,2
11,1,1100,G3_TWC,PREVIOUS,[3, 14, 11, 10, 2, 9, 8, 12, 0, 4, 15, 19, 17, 18, 6, 16, 7, 13, 5, 1]|[2, 2, 1, 2, 2, 0, 0, 0, 2, 1, 1, 2, 0, 1, 0, 0, 0, 0, 0, 1]|[0, 1, 1, 0, 0, 3, 2, 2, 0, 0, 0, 0, 3, 1, 2, 3, 3, 0, 3, 1]|[0, 1, 0, 0, 1, 1, 0, 1, 1, 1, 1, 0, 1, 1, 2, 0, 2, 2, 0, 1],365.849478760695;10484.661746025600;15820.112446645639,0,false,[3, 14, 11, 10, 2, 9, 8, 12, 0, 4, 15, 19, 17, 18, 6, 16, 7, 13, 5, 1]|[2, 2, 1, 2, 2, 0, 0, 0, 2, 1, 1, 2, 0, 1, 0, 0, 0, 0, 0, 1]|[0, 1, 1, 0, 0, 3, 2, 2, 0, 0, 0, 0, 3, 1, 2, 3, 3, 0, 3, 1]|[0, 1, 0, 0, 1, 1, 0, 1, 1, 1, 1, 0, 1, 1, 2, 0, 2, 2, 0, 1],365.849478760695;10484.661746025600;15820.112446645639,15820.112446645639,NOT_APPLICABLE,NOT_APPLICABLE,NOT_APPLICABLE,3
11,1,1100,G3_TWC,HISTORICAL,[6, 19, 12, 5, 4, 16, 3, 18, 10, 14, 17, 8, 7, 13, 9, 0, 15, 11, 2, 1]|[0, 0, 1, 0, 1, 0, 0, 0, 1, 2, 1, 2, 0, 2, 0, 0, 2, 1, 2, 0]|[3, 2, 1, 3, 0, 0, 2, 2, 1, 0, 0, 0, 0, 0, 0, 0, 1, 1, 0, 1]|[0, 2, 1, 0, 1, 0, 1, 2, 0, 0, 1, 1, 0, 1, 1, 0, 0, 1, 1, 2],360.648478639080;11062.877908882878;14706.833631149617,0,false,[6, 19, 12, 5, 4, 16, 3, 18, 10, 14, 17, 8, 7, 13, 9, 0, 15, 11, 2, 1]|[0, 0, 1, 0, 1, 0, 0, 0, 1, 2, 1, 2, 0, 2, 0, 0, 2, 1, 2, 0]|[3, 2, 1, 3, 0, 0, 2, 2, 1, 0, 0, 0, 0, 0, 0, 0, 1, 1, 0, 1]|[0, 2, 1, 0, 1, 0, 1, 2, 0, 0, 1, 1, 0, 1, 1, 0, 0, 1, 1, 2],360.648478639080;11062.877908882878;14706.833631149617,14706.833631149617,NOT_APPLICABLE,NOT_APPLICABLE,NOT_APPLICABLE,3
11,1,1100,G4_BALANCED,PREVIOUS,[3, 14, 11, 10, 2, 7, 8, 17, 6, 19, 4, 13, 18, 12, 9, 16, 15, 5, 1, 0]|[0, 1, 2, 1, 2, 1, 2, 0, 2, 2, 1, 0, 1, 2, 1, 0, 2, 0, 1, 0]|[0, 1, 1, 1, 0, 1, 0, 3, 0, 0, 0, 0, 0, 0, 1, 3, 0, 0, 0, 3]|[2, 1, 0, 0, 1, 0, 1, 1, 1, 0, 1, 2, 1, 0, 0, 0, 1, 0, 1, 2],264.463432007735;10735.293526528590;17944.657694928224,1,true,[6, 19, 12, 5, 4, 16, 0, 11, 13, 10, 8, 9, 17, 18, 3, 7, 15, 1, 14, 2]|[2, 2, 0, 0, 1, 0, 2, 1, 0, 2, 2, 0, 2, 1, 2, 0, 1, 1, 2, 2]|[0, 1, 2, 3, 1, 3, 0, 1, 0, 0, 1, 3, 0, 1, 0, 3, 0, 1, 1, 0]|[0, 1, 1, 0, 1, 1, 1, 1, 2, 0, 1, 1, 0, 1, 0, 2, 1, 0, 1, 1],258.561826812077;10395.571356030498;17854.552236567410,0.633493641094,1100,1100,0,4
11,1,1100,G4_BALANCED,HISTORICAL,[3, 14, 11, 10, 2, 7, 8, 17, 6, 19, 4, 13, 18, 12, 9, 16, 15, 5, 1, 0]|[0, 1, 2, 1, 2, 1, 2, 0, 2, 2, 1, 0, 1, 2, 1, 0, 2, 0, 1, 0]|[0, 1, 1, 1, 0, 1, 0, 3, 0, 0, 0, 0, 0, 0, 1, 3, 0, 0, 0, 3]|[2, 1, 0, 0, 1, 0, 1, 1, 1, 0, 1, 2, 1, 0, 0, 0, 1, 0, 1, 2],264.463432007735;10735.293526528590;17944.657694928224,1,true,[6, 19, 12, 5, 4, 16, 0, 11, 13, 10, 8, 9, 17, 18, 3, 7, 15, 1, 14, 2]|[2, 2, 0, 0, 1, 0, 2, 1, 0, 2, 2, 0, 2, 1, 2, 0, 1, 1, 2, 2]|[0, 1, 2, 3, 1, 3, 0, 1, 0, 0, 1, 3, 0, 1, 0, 3, 0, 1, 1, 0]|[0, 1, 1, 0, 1, 1, 1, 1, 2, 0, 1, 1, 0, 1, 0, 2, 1, 0, 1, 1],258.561826812077;10395.571356030498;17854.552236567410,0.633493641094,1100,1100,0,3
12,1,1200,G1_CMAX,PREVIOUS,[6, 19, 12, 5, 4, 16, 3, 9, 10, 17, 2, 18, 13, 14, 8, 11, 7, 1, 15, 0]|[2, 1, 1, 2, 1, 0, 1, 0, 1, 0, 2, 0, 2, 1, 0, 2, 1, 1, 0, 2]|[0, 1, 1, 1, 0, 3, 0, 3, 1, 0, 0, 0, 0, 0, 0, 1, 0, 1, 3, 0]|[1, 1, 1, 0, 0, 1, 1, 2, 1, 0, 1, 1, 1, 1, 0, 0, 1, 0, 2, 1],226.990629343372;11104.352378173600;18140.749392244250,0,false,[6, 19, 12, 5, 4, 16, 3, 9, 10, 17, 2, 18, 13, 14, 8, 11, 7, 1, 15, 0]|[2, 1, 1, 2, 1, 0, 1, 0, 1, 0, 2, 0, 2, 1, 0, 2, 1, 1, 0, 2]|[0, 1, 1, 1, 0, 3, 0, 3, 1, 0, 0, 0, 0, 0, 0, 1, 0, 1, 3, 0]|[1, 1, 1, 0, 0, 1, 1, 2, 1, 0, 1, 1, 1, 1, 0, 0, 1, 0, 2, 1],226.990629343372;11104.352378173600;18140.749392244250,226.990629343372,NOT_APPLICABLE,NOT_APPLICABLE,NOT_APPLICABLE,5
12,1,1200,G1_CMAX,HISTORICAL,[6, 19, 12, 5, 4, 16, 3, 9, 10, 17, 2, 18, 13, 14, 8, 11, 7, 1, 15, 0]|[2, 1, 1, 2, 1, 0, 1, 0, 1, 0, 2, 0, 2, 1, 0, 2, 1, 1, 0, 2]|[0, 1, 1, 1, 0, 3, 0, 3, 1, 0, 0, 0, 0, 0, 0, 1, 0, 1, 3, 0]|[1, 1, 1, 0, 0, 1, 1, 2, 1, 0, 1, 1, 1, 1, 0, 0, 1, 0, 2, 1],226.990629343372;11104.352378173600;18140.749392244250,0,false,[6, 19, 12, 5, 4, 16, 3, 9, 10, 17, 2, 18, 13, 14, 8, 11, 7, 1, 15, 0]|[2, 1, 1, 2, 1, 0, 1, 0, 1, 0, 2, 0, 2, 1, 0, 2, 1, 1, 0, 2]|[0, 1, 1, 1, 0, 3, 0, 3, 1, 0, 0, 0, 0, 0, 0, 1, 0, 1, 3, 0]|[1, 1, 1, 0, 0, 1, 1, 2, 1, 0, 1, 1, 1, 1, 0, 0, 1, 0, 2, 1],226.990629343372;11104.352378173600;18140.749392244250,226.990629343372,NOT_APPLICABLE,NOT_APPLICABLE,NOT_APPLICABLE,3
12,1,1200,G2_TEC,PREVIOUS,[6, 19, 12, 5, 4, 16, 17, 3, 2, 11, 14, 18, 0, 9, 1, 8, 7, 13, 15, 10]|[0, 1, 2, 0, 0, 2, 2, 2, 1, 2, 1, 0, 0, 0, 2, 2, 1, 0, 1, 1]|[3, 1, 1, 3, 2, 1, 0, 1, 1, 1, 0, 0, 0, 3, 1, 1, 0, 3, 1, 1]|[0, 1, 0, 0, 2, 1, 0, 1, 0, 1, 1, 1, 2, 2, 1, 1, 1, 2, 1, 1],271.363357507922;10617.082923136555;17791.280573606073,0,false,[6, 19, 12, 5, 4, 16, 17, 3, 2, 11, 14, 18, 0, 9, 1, 8, 7, 13, 15, 10]|[0, 1, 2, 0, 0, 2, 2, 2, 1, 2, 1, 0, 0, 0, 2, 2, 1, 0, 1, 1]|[3, 1, 1, 3, 2, 1, 0, 1, 1, 1, 0, 0, 0, 3, 1, 1, 0, 3, 1, 1]|[0, 1, 0, 0, 2, 1, 0, 1, 0, 1, 1, 1, 2, 2, 1, 1, 1, 2, 1, 1],271.363357507922;10617.082923136555;17791.280573606073,10617.082923136555,NOT_APPLICABLE,NOT_APPLICABLE,NOT_APPLICABLE,5
12,1,1200,G2_TEC,HISTORICAL,[6, 19, 12, 5, 4, 16, 3, 11, 15, 7, 14, 9, 10, 8, 2, 1, 18, 13, 17, 0]|[2, 2, 1, 0, 1, 0, 2, 1, 1, 0, 0, 0, 1, 2, 2, 1, 1, 0, 0, 2]|[0, 0, 1, 3, 1, 3, 0, 1, 0, 3, 3, 3, 0, 1, 0, 1, 1, 0, 3, 0]|[0, 0, 0, 0, 1, 1, 0, 0, 1, 2, 0, 1, 1, 1, 1, 0, 1, 2, 1, 1],331.082935183030;10215.717360608429;17667.157648099965,1,true,[6, 19, 12, 5, 4, 16, 8, 17, 3, 9, 10, 13, 14, 11, 7, 1, 18, 0, 15, 2]|[0, 1, 2, 1, 0, 2, 2, 0, 1, 0, 1, 0, 1, 2, 0, 2, 0, 0, 0, 1]|[3, 1, 0, 1, 2, 1, 1, 3, 0, 3, 1, 3, 1, 0, 3, 1, 0, 3, 0, 1]|[0, 1, 0, 0, 2, 1, 1, 1, 1, 2, 1, 1, 1, 0, 0, 1, 1, 2, 0, 1],325.769300520403;10040.501232651068;16081.382388774446,10040.501232651068,1200,1200,0,2
12,1,1200,G3_TWC,PREVIOUS,[3, 14, 11, 10, 2, 9, 8, 12, 0, 4, 15, 19, 17, 18, 6, 16, 7, 13, 5, 1]|[2, 2, 1, 2, 2, 0, 0, 0, 2, 1, 1, 2, 0, 1, 0, 0, 0, 0, 0, 1]|[0, 1, 1, 0, 0, 3, 2, 2, 0, 0, 0, 0, 3, 1, 2, 3, 3, 0, 3, 1]|[0, 1, 0, 0, 1, 1, 0, 1, 1, 1, 1, 0, 1, 1, 2, 0, 2, 2, 0, 1],365.849478760695;10484.661746025600;15820.112446645639,0,false,[3, 14, 11, 10, 2, 9, 8, 12, 0, 4, 15, 19, 17, 18, 6, 16, 7, 13, 5, 1]|[2, 2, 1, 2, 2, 0, 0, 0, 2, 1, 1, 2, 0, 1, 0, 0, 0, 0, 0, 1]|[0, 1, 1, 0, 0, 3, 2, 2, 0, 0, 0, 0, 3, 1, 2, 3, 3, 0, 3, 1]|[0, 1, 0, 0, 1, 1, 0, 1, 1, 1, 1, 0, 1, 1, 2, 0, 2, 2, 0, 1],365.849478760695;10484.661746025600;15820.112446645639,15820.112446645639,NOT_APPLICABLE,NOT_APPLICABLE,NOT_APPLICABLE,4
12,1,1200,G3_TWC,HISTORICAL,[6, 19, 12, 5, 4, 16, 3, 18, 10, 14, 17, 8, 7, 13, 9, 0, 15, 11, 2, 1]|[0, 0, 1, 0, 1, 0, 0, 0, 1, 2, 1, 2, 0, 2, 0, 0, 2, 1, 2, 0]|[3, 2, 1, 3, 0, 0, 2, 2, 1, 0, 0, 0, 0, 0, 0, 0, 1, 1, 0, 1]|[0, 2, 1, 0, 1, 0, 1, 2, 0, 0, 1, 1, 0, 1, 1, 0, 0, 1, 1, 2],360.648478639080;11062.877908882878;14706.833631149617,0,false,[6, 19, 12, 5, 4, 16, 3, 18, 10, 14, 17, 8, 7, 13, 9, 0, 15, 11, 2, 1]|[0, 0, 1, 0, 1, 0, 0, 0, 1, 2, 1, 2, 0, 2, 0, 0, 2, 1, 2, 0]|[3, 2, 1, 3, 0, 0, 2, 2, 1, 0, 0, 0, 0, 0, 0, 0, 1, 1, 0, 1]|[0, 2, 1, 0, 1, 0, 1, 2, 0, 0, 1, 1, 0, 1, 1, 0, 0, 1, 1, 2],360.648478639080;11062.877908882878;14706.833631149617,14706.833631149617,NOT_APPLICABLE,NOT_APPLICABLE,NOT_APPLICABLE,3
12,1,1200,G4_BALANCED,PREVIOUS,[6, 19, 12, 5, 4, 16, 0, 11, 13, 10, 8, 9, 17, 18, 3, 7, 15, 1, 14, 2]|[2, 2, 0, 0, 1, 0, 2, 1, 0, 2, 2, 0, 2, 1, 2, 0, 1, 1, 2, 2]|[0, 1, 2, 3, 1, 3, 0, 1, 0, 0, 1, 3, 0, 1, 0, 3, 0, 1, 1, 0]|[0, 1, 1, 0, 1, 1, 1, 1, 2, 0, 1, 1, 0, 1, 0, 2, 1, 0, 1, 1],258.561826812077;10395.571356030498;17854.552236567410,0,false,[6, 19, 12, 5, 4, 16, 0, 11, 13, 10, 8, 9, 17, 18, 3, 7, 15, 1, 14, 2]|[2, 2, 0, 0, 1, 0, 2, 1, 0, 2, 2, 0, 2, 1, 2, 0, 1, 1, 2, 2]|[0, 1, 2, 3, 1, 3, 0, 1, 0, 0, 1, 3, 0, 1, 0, 3, 0, 1, 1, 0]|[0, 1, 1, 0, 1, 1, 1, 1, 2, 0, 1, 1, 0, 1, 0, 2, 1, 0, 1, 1],258.561826812077;10395.571356030498;17854.552236567410,0.641650528147,NOT_APPLICABLE,NOT_APPLICABLE,NOT_APPLICABLE,5
12,1,1200,G4_BALANCED,HISTORICAL,[6, 19, 12, 5, 4, 16, 0, 11, 13, 10, 8, 9, 17, 18, 3, 7, 15, 1, 14, 2]|[2, 2, 0, 0, 1, 0, 2, 1, 0, 2, 2, 0, 2, 1, 2, 0, 1, 1, 2, 2]|[0, 1, 2, 3, 1, 3, 0, 1, 0, 0, 1, 3, 0, 1, 0, 3, 0, 1, 1, 0]|[0, 1, 1, 0, 1, 1, 1, 1, 2, 0, 1, 1, 0, 1, 0, 2, 1, 0, 1, 1],258.561826812077;10395.571356030498;17854.552236567410,0,false,[6, 19, 12, 5, 4, 16, 0, 11, 13, 10, 8, 9, 17, 18, 3, 7, 15, 1, 14, 2]|[2, 2, 0, 0, 1, 0, 2, 1, 0, 2, 2, 0, 2, 1, 2, 0, 1, 1, 2, 2]|[0, 1, 2, 3, 1, 3, 0, 1, 0, 0, 1, 3, 0, 1, 0, 3, 0, 1, 1, 0]|[0, 1, 1, 0, 1, 1, 1, 1, 2, 0, 1, 1, 0, 1, 0, 2, 1, 0, 1, 1],258.561826812077;10395.571356030498;17854.552236567410,0.641650528147,NOT_APPLICABLE,NOT_APPLICABLE,NOT_APPLICABLE,3
13,1,1300,G1_CMAX,PREVIOUS,[6, 19, 12, 5, 4, 16, 3, 9, 10, 17, 2, 18, 13, 14, 8, 11, 7, 1, 15, 0]|[2, 1, 1, 2, 1, 0, 1, 0, 1, 0, 2, 0, 2, 1, 0, 2, 1, 1, 0, 2]|[0, 1, 1, 1, 0, 3, 0, 3, 1, 0, 0, 0, 0, 0, 0, 1, 0, 1, 3, 0]|[1, 1, 1, 0, 0, 1, 1, 2, 1, 0, 1, 1, 1, 1, 0, 0, 1, 0, 2, 1],226.990629343372;11104.352378173600;18140.749392244250,0,false,[6, 19, 12, 5, 4, 16, 3, 9, 10, 17, 2, 18, 13, 14, 8, 11, 7, 1, 15, 0]|[2, 1, 1, 2, 1, 0, 1, 0, 1, 0, 2, 0, 2, 1, 0, 2, 1, 1, 0, 2]|[0, 1, 1, 1, 0, 3, 0, 3, 1, 0, 0, 0, 0, 0, 0, 1, 0, 1, 3, 0]|[1, 1, 1, 0, 0, 1, 1, 2, 1, 0, 1, 1, 1, 1, 0, 0, 1, 0, 2, 1],226.990629343372;11104.352378173600;18140.749392244250,226.990629343372,NOT_APPLICABLE,NOT_APPLICABLE,NOT_APPLICABLE,6
13,1,1300,G1_CMAX,HISTORICAL,[6, 19, 12, 5, 4, 16, 3, 9, 10, 17, 2, 18, 13, 14, 8, 11, 7, 1, 15, 0]|[2, 1, 1, 2, 1, 0, 1, 0, 1, 0, 2, 0, 2, 1, 0, 2, 1, 1, 0, 2]|[0, 1, 1, 1, 0, 3, 0, 3, 1, 0, 0, 0, 0, 0, 0, 1, 0, 1, 3, 0]|[1, 1, 1, 0, 0, 1, 1, 2, 1, 0, 1, 1, 1, 1, 0, 0, 1, 0, 2, 1],226.990629343372;11104.352378173600;18140.749392244250,0,false,[6, 19, 12, 5, 4, 16, 3, 9, 10, 17, 2, 18, 13, 14, 8, 11, 7, 1, 15, 0]|[2, 1, 1, 2, 1, 0, 1, 0, 1, 0, 2, 0, 2, 1, 0, 2, 1, 1, 0, 2]|[0, 1, 1, 1, 0, 3, 0, 3, 1, 0, 0, 0, 0, 0, 0, 1, 0, 1, 3, 0]|[1, 1, 1, 0, 0, 1, 1, 2, 1, 0, 1, 1, 1, 1, 0, 0, 1, 0, 2, 1],226.990629343372;11104.352378173600;18140.749392244250,226.990629343372,NOT_APPLICABLE,NOT_APPLICABLE,NOT_APPLICABLE,3
13,1,1300,G2_TEC,PREVIOUS,[6, 19, 12, 5, 4, 16, 8, 17, 3, 9, 10, 13, 14, 11, 7, 1, 18, 0, 15, 2]|[0, 1, 2, 1, 0, 2, 2, 0, 1, 0, 1, 0, 1, 2, 0, 2, 0, 0, 0, 1]|[3, 1, 0, 1, 2, 1, 1, 3, 0, 3, 1, 3, 1, 0, 3, 1, 0, 3, 0, 1]|[0, 1, 0, 0, 2, 1, 1, 1, 1, 2, 1, 1, 1, 0, 0, 1, 1, 2, 0, 1],325.769300520403;10040.501232651068;16081.382388774446,0,false,[6, 19, 12, 5, 4, 16, 8, 17, 3, 9, 10, 13, 14, 11, 7, 1, 18, 0, 15, 2]|[0, 1, 2, 1, 0, 2, 2, 0, 1, 0, 1, 0, 1, 2, 0, 2, 0, 0, 0, 1]|[3, 1, 0, 1, 2, 1, 1, 3, 0, 3, 1, 3, 1, 0, 3, 1, 0, 3, 0, 1]|[0, 1, 0, 0, 2, 1, 1, 1, 1, 2, 1, 1, 1, 0, 0, 1, 1, 2, 0, 1],325.769300520403;10040.501232651068;16081.382388774446,10040.501232651068,NOT_APPLICABLE,NOT_APPLICABLE,NOT_APPLICABLE,5
13,1,1300,G2_TEC,HISTORICAL,[6, 19, 12, 5, 4, 16, 8, 17, 3, 9, 10, 13, 14, 11, 7, 1, 18, 0, 15, 2]|[0, 1, 2, 1, 0, 2, 2, 0, 1, 0, 1, 0, 1, 2, 0, 2, 0, 0, 0, 1]|[3, 1, 0, 1, 2, 1, 1, 3, 0, 3, 1, 3, 1, 0, 3, 1, 0, 3, 0, 1]|[0, 1, 0, 0, 2, 1, 1, 1, 1, 2, 1, 1, 1, 0, 0, 1, 1, 2, 0, 1],325.769300520403;10040.501232651068;16081.382388774446,0,false,[6, 19, 12, 5, 4, 16, 8, 17, 3, 9, 10, 13, 14, 11, 7, 1, 18, 0, 15, 2]|[0, 1, 2, 1, 0, 2, 2, 0, 1, 0, 1, 0, 1, 2, 0, 2, 0, 0, 0, 1]|[3, 1, 0, 1, 2, 1, 1, 3, 0, 3, 1, 3, 1, 0, 3, 1, 0, 3, 0, 1]|[0, 1, 0, 0, 2, 1, 1, 1, 1, 2, 1, 1, 1, 0, 0, 1, 1, 2, 0, 1],325.769300520403;10040.501232651068;16081.382388774446,10040.501232651068,NOT_APPLICABLE,NOT_APPLICABLE,NOT_APPLICABLE,3
13,1,1300,G3_TWC,PREVIOUS,[6, 19, 12, 5, 4, 16, 3, 18, 10, 14, 17, 8, 7, 13, 9, 0, 15, 11, 2, 1]|[0, 0, 1, 0, 1, 0, 0, 0, 1, 2, 1, 2, 0, 2, 0, 0, 2, 1, 2, 0]|[3, 2, 1, 3, 0, 0, 2, 2, 1, 0, 0, 0, 0, 0, 0, 0, 1, 1, 0, 1]|[0, 2, 1, 0, 1, 0, 1, 2, 0, 0, 1, 1, 0, 1, 1, 0, 0, 1, 1, 2],360.648478639080;11062.877908882878;14706.833631149617,0,false,[6, 19, 12, 5, 4, 16, 3, 18, 10, 14, 17, 8, 7, 13, 9, 0, 15, 11, 2, 1]|[0, 0, 1, 0, 1, 0, 0, 0, 1, 2, 1, 2, 0, 2, 0, 0, 2, 1, 2, 0]|[3, 2, 1, 3, 0, 0, 2, 2, 1, 0, 0, 0, 0, 0, 0, 0, 1, 1, 0, 1]|[0, 2, 1, 0, 1, 0, 1, 2, 0, 0, 1, 1, 0, 1, 1, 0, 0, 1, 1, 2],360.648478639080;11062.877908882878;14706.833631149617,14706.833631149617,NOT_APPLICABLE,NOT_APPLICABLE,NOT_APPLICABLE,4
13,1,1300,G3_TWC,HISTORICAL,[6, 19, 12, 5, 4, 16, 3, 18, 10, 14, 17, 8, 7, 13, 9, 0, 15, 11, 2, 1]|[0, 0, 1, 0, 1, 0, 0, 0, 1, 2, 1, 2, 0, 2, 0, 0, 2, 1, 2, 0]|[3, 2, 1, 3, 0, 0, 2, 2, 1, 0, 0, 0, 0, 0, 0, 0, 1, 1, 0, 1]|[0, 2, 1, 0, 1, 0, 1, 2, 0, 0, 1, 1, 0, 1, 1, 0, 0, 1, 1, 2],360.648478639080;11062.877908882878;14706.833631149617,0,false,[6, 19, 12, 5, 4, 16, 3, 18, 10, 14, 17, 8, 7, 13, 9, 0, 15, 11, 2, 1]|[0, 0, 1, 0, 1, 0, 0, 0, 1, 2, 1, 2, 0, 2, 0, 0, 2, 1, 2, 0]|[3, 2, 1, 3, 0, 0, 2, 2, 1, 0, 0, 0, 0, 0, 0, 0, 1, 1, 0, 1]|[0, 2, 1, 0, 1, 0, 1, 2, 0, 0, 1, 1, 0, 1, 1, 0, 0, 1, 1, 2],360.648478639080;11062.877908882878;14706.833631149617,14706.833631149617,NOT_APPLICABLE,NOT_APPLICABLE,NOT_APPLICABLE,4
13,1,1300,G4_BALANCED,PREVIOUS,[6, 19, 12, 5, 4, 16, 0, 11, 13, 10, 8, 9, 17, 18, 3, 7, 15, 1, 14, 2]|[2, 2, 0, 0, 1, 0, 2, 1, 0, 2, 2, 0, 2, 1, 2, 0, 1, 1, 2, 2]|[0, 1, 2, 3, 1, 3, 0, 1, 0, 0, 1, 3, 0, 1, 0, 3, 0, 1, 1, 0]|[0, 1, 1, 0, 1, 1, 1, 1, 2, 0, 1, 1, 0, 1, 0, 2, 1, 0, 1, 1],258.561826812077;10395.571356030498;17854.552236567410,0,false,[6, 19, 12, 5, 4, 16, 0, 11, 13, 10, 8, 9, 17, 18, 3, 7, 15, 1, 14, 2]|[2, 2, 0, 0, 1, 0, 2, 1, 0, 2, 2, 0, 2, 1, 2, 0, 1, 1, 2, 2]|[0, 1, 2, 3, 1, 3, 0, 1, 0, 0, 1, 3, 0, 1, 0, 3, 0, 1, 1, 0]|[0, 1, 1, 0, 1, 1, 1, 1, 2, 0, 1, 1, 0, 1, 0, 2, 1, 0, 1, 1],258.561826812077;10395.571356030498;17854.552236567410,0.641380844855,NOT_APPLICABLE,NOT_APPLICABLE,NOT_APPLICABLE,6
13,1,1300,G4_BALANCED,HISTORICAL,[6, 19, 12, 5, 4, 16, 0, 11, 13, 10, 8, 9, 17, 18, 3, 7, 15, 1, 14, 2]|[2, 2, 0, 0, 1, 0, 2, 1, 0, 2, 2, 0, 2, 1, 2, 0, 1, 1, 2, 2]|[0, 1, 2, 3, 1, 3, 0, 1, 0, 0, 1, 3, 0, 1, 0, 3, 0, 1, 1, 0]|[0, 1, 1, 0, 1, 1, 1, 1, 2, 0, 1, 1, 0, 1, 0, 2, 1, 0, 1, 1],258.561826812077;10395.571356030498;17854.552236567410,0,false,[6, 19, 12, 5, 4, 16, 0, 11, 13, 10, 8, 9, 17, 18, 3, 7, 15, 1, 14, 2]|[2, 2, 0, 0, 1, 0, 2, 1, 0, 2, 2, 0, 2, 1, 2, 0, 1, 1, 2, 2]|[0, 1, 2, 3, 1, 3, 0, 1, 0, 0, 1, 3, 0, 1, 0, 3, 0, 1, 1, 0]|[0, 1, 1, 0, 1, 1, 1, 1, 2, 0, 1, 1, 0, 1, 0, 2, 1, 0, 1, 1],258.561826812077;10395.571356030498;17854.552236567410,0.641380844855,NOT_APPLICABLE,NOT_APPLICABLE,NOT_APPLICABLE,3
14,1,1400,G1_CMAX,PREVIOUS,[6, 19, 12, 5, 4, 16, 3, 9, 10, 17, 2, 18, 13, 14, 8, 11, 7, 1, 15, 0]|[2, 1, 1, 2, 1, 0, 1, 0, 1, 0, 2, 0, 2, 1, 0, 2, 1, 1, 0, 2]|[0, 1, 1, 1, 0, 3, 0, 3, 1, 0, 0, 0, 0, 0, 0, 1, 0, 1, 3, 0]|[1, 1, 1, 0, 0, 1, 1, 2, 1, 0, 1, 1, 1, 1, 0, 0, 1, 0, 2, 1],226.990629343372;11104.352378173600;18140.749392244250,0,false,[6, 19, 12, 5, 4, 16, 3, 9, 10, 17, 2, 18, 13, 14, 8, 11, 7, 1, 15, 0]|[2, 1, 1, 2, 1, 0, 1, 0, 1, 0, 2, 0, 2, 1, 0, 2, 1, 1, 0, 2]|[0, 1, 1, 1, 0, 3, 0, 3, 1, 0, 0, 0, 0, 0, 0, 1, 0, 1, 3, 0]|[1, 1, 1, 0, 0, 1, 1, 2, 1, 0, 1, 1, 1, 1, 0, 0, 1, 0, 2, 1],226.990629343372;11104.352378173600;18140.749392244250,226.990629343372,NOT_APPLICABLE,NOT_APPLICABLE,NOT_APPLICABLE,7
14,1,1400,G1_CMAX,HISTORICAL,[6, 19, 12, 5, 4, 16, 3, 9, 10, 17, 2, 18, 13, 14, 8, 11, 7, 1, 15, 0]|[2, 1, 1, 2, 1, 0, 1, 0, 1, 0, 2, 0, 2, 1, 0, 2, 1, 1, 0, 2]|[0, 1, 1, 1, 0, 3, 0, 3, 1, 0, 0, 0, 0, 0, 0, 1, 0, 1, 3, 0]|[1, 1, 1, 0, 0, 1, 1, 2, 1, 0, 1, 1, 1, 1, 0, 0, 1, 0, 2, 1],226.990629343372;11104.352378173600;18140.749392244250,0,false,[6, 19, 12, 5, 4, 16, 3, 9, 10, 17, 2, 18, 13, 14, 8, 11, 7, 1, 15, 0]|[2, 1, 1, 2, 1, 0, 1, 0, 1, 0, 2, 0, 2, 1, 0, 2, 1, 1, 0, 2]|[0, 1, 1, 1, 0, 3, 0, 3, 1, 0, 0, 0, 0, 0, 0, 1, 0, 1, 3, 0]|[1, 1, 1, 0, 0, 1, 1, 2, 1, 0, 1, 1, 1, 1, 0, 0, 1, 0, 2, 1],226.990629343372;11104.352378173600;18140.749392244250,226.990629343372,NOT_APPLICABLE,NOT_APPLICABLE,NOT_APPLICABLE,3
14,1,1400,G2_TEC,PREVIOUS,[6, 19, 12, 5, 4, 16, 8, 17, 3, 9, 10, 13, 14, 11, 7, 1, 18, 0, 15, 2]|[0, 1, 2, 1, 0, 2, 2, 0, 1, 0, 1, 0, 1, 2, 0, 2, 0, 0, 0, 1]|[3, 1, 0, 1, 2, 1, 1, 3, 0, 3, 1, 3, 1, 0, 3, 1, 0, 3, 0, 1]|[0, 1, 0, 0, 2, 1, 1, 1, 1, 2, 1, 1, 1, 0, 0, 1, 1, 2, 0, 1],325.769300520403;10040.501232651068;16081.382388774446,0,false,[6, 19, 12, 5, 4, 16, 8, 17, 3, 9, 10, 13, 14, 11, 7, 1, 18, 0, 15, 2]|[0, 1, 2, 1, 0, 2, 2, 0, 1, 0, 1, 0, 1, 2, 0, 2, 0, 0, 0, 1]|[3, 1, 0, 1, 2, 1, 1, 3, 0, 3, 1, 3, 1, 0, 3, 1, 0, 3, 0, 1]|[0, 1, 0, 0, 2, 1, 1, 1, 1, 2, 1, 1, 1, 0, 0, 1, 1, 2, 0, 1],325.769300520403;10040.501232651068;16081.382388774446,10040.501232651068,NOT_APPLICABLE,NOT_APPLICABLE,NOT_APPLICABLE,5
14,1,1400,G2_TEC,HISTORICAL,[6, 19, 12, 5, 4, 16, 8, 17, 3, 9, 10, 13, 14, 11, 7, 1, 18, 0, 15, 2]|[0, 1, 2, 1, 0, 2, 2, 0, 1, 0, 1, 0, 1, 2, 0, 2, 0, 0, 0, 1]|[3, 1, 0, 1, 2, 1, 1, 3, 0, 3, 1, 3, 1, 0, 3, 1, 0, 3, 0, 1]|[0, 1, 0, 0, 2, 1, 1, 1, 1, 2, 1, 1, 1, 0, 0, 1, 1, 2, 0, 1],325.769300520403;10040.501232651068;16081.382388774446,0,false,[6, 19, 12, 5, 4, 16, 8, 17, 3, 9, 10, 13, 14, 11, 7, 1, 18, 0, 15, 2]|[0, 1, 2, 1, 0, 2, 2, 0, 1, 0, 1, 0, 1, 2, 0, 2, 0, 0, 0, 1]|[3, 1, 0, 1, 2, 1, 1, 3, 0, 3, 1, 3, 1, 0, 3, 1, 0, 3, 0, 1]|[0, 1, 0, 0, 2, 1, 1, 1, 1, 2, 1, 1, 1, 0, 0, 1, 1, 2, 0, 1],325.769300520403;10040.501232651068;16081.382388774446,10040.501232651068,NOT_APPLICABLE,NOT_APPLICABLE,NOT_APPLICABLE,4
14,1,1400,G3_TWC,PREVIOUS,[6, 19, 12, 5, 4, 16, 3, 18, 10, 14, 17, 8, 7, 13, 9, 0, 15, 11, 2, 1]|[0, 0, 1, 0, 1, 0, 0, 0, 1, 2, 1, 2, 0, 2, 0, 0, 2, 1, 2, 0]|[3, 2, 1, 3, 0, 0, 2, 2, 1, 0, 0, 0, 0, 0, 0, 0, 1, 1, 0, 1]|[0, 2, 1, 0, 1, 0, 1, 2, 0, 0, 1, 1, 0, 1, 1, 0, 0, 1, 1, 2],360.648478639080;11062.877908882878;14706.833631149617,0,false,[6, 19, 12, 5, 4, 16, 3, 18, 10, 14, 17, 8, 7, 13, 9, 0, 15, 11, 2, 1]|[0, 0, 1, 0, 1, 0, 0, 0, 1, 2, 1, 2, 0, 2, 0, 0, 2, 1, 2, 0]|[3, 2, 1, 3, 0, 0, 2, 2, 1, 0, 0, 0, 0, 0, 0, 0, 1, 1, 0, 1]|[0, 2, 1, 0, 1, 0, 1, 2, 0, 0, 1, 1, 0, 1, 1, 0, 0, 1, 1, 2],360.648478639080;11062.877908882878;14706.833631149617,14706.833631149617,NOT_APPLICABLE,NOT_APPLICABLE,NOT_APPLICABLE,5
14,1,1400,G3_TWC,HISTORICAL,[6, 19, 12, 5, 4, 16, 3, 18, 10, 14, 17, 8, 7, 13, 9, 0, 15, 11, 2, 1]|[0, 0, 1, 0, 1, 0, 0, 0, 1, 2, 1, 2, 0, 2, 0, 0, 2, 1, 2, 0]|[3, 2, 1, 3, 0, 0, 2, 2, 1, 0, 0, 0, 0, 0, 0, 0, 1, 1, 0, 1]|[0, 2, 1, 0, 1, 0, 1, 2, 0, 0, 1, 1, 0, 1, 1, 0, 0, 1, 1, 2],360.648478639080;11062.877908882878;14706.833631149617,0,false,[6, 19, 12, 5, 4, 16, 3, 18, 10, 14, 17, 8, 7, 13, 9, 0, 15, 11, 2, 1]|[0, 0, 1, 0, 1, 0, 0, 0, 1, 2, 1, 2, 0, 2, 0, 0, 2, 1, 2, 0]|[3, 2, 1, 3, 0, 0, 2, 2, 1, 0, 0, 0, 0, 0, 0, 0, 1, 1, 0, 1]|[0, 2, 1, 0, 1, 0, 1, 2, 0, 0, 1, 1, 0, 1, 1, 0, 0, 1, 1, 2],360.648478639080;11062.877908882878;14706.833631149617,14706.833631149617,NOT_APPLICABLE,NOT_APPLICABLE,NOT_APPLICABLE,4
14,1,1400,G4_BALANCED,PREVIOUS,[6, 19, 12, 5, 4, 16, 0, 11, 13, 10, 8, 9, 17, 18, 3, 7, 15, 1, 14, 2]|[2, 2, 0, 0, 1, 0, 2, 1, 0, 2, 2, 0, 2, 1, 2, 0, 1, 1, 2, 2]|[0, 1, 2, 3, 1, 3, 0, 1, 0, 0, 1, 3, 0, 1, 0, 3, 0, 1, 1, 0]|[0, 1, 1, 0, 1, 1, 1, 1, 2, 0, 1, 1, 0, 1, 0, 2, 1, 0, 1, 1],258.561826812077;10395.571356030498;17854.552236567410,0,false,[6, 19, 12, 5, 4, 16, 0, 11, 13, 10, 8, 9, 17, 18, 3, 7, 15, 1, 14, 2]|[2, 2, 0, 0, 1, 0, 2, 1, 0, 2, 2, 0, 2, 1, 2, 0, 1, 1, 2, 2]|[0, 1, 2, 3, 1, 3, 0, 1, 0, 0, 1, 3, 0, 1, 0, 3, 0, 1, 1, 0]|[0, 1, 1, 0, 1, 1, 1, 1, 2, 0, 1, 1, 0, 1, 0, 2, 1, 0, 1, 1],258.561826812077;10395.571356030498;17854.552236567410,0.553848347736,NOT_APPLICABLE,NOT_APPLICABLE,NOT_APPLICABLE,7
14,1,1400,G4_BALANCED,HISTORICAL,[6, 19, 12, 5, 4, 16, 0, 11, 13, 10, 8, 9, 17, 18, 3, 7, 15, 1, 14, 2]|[2, 2, 0, 0, 1, 0, 2, 1, 0, 2, 2, 0, 2, 1, 2, 0, 1, 1, 2, 2]|[0, 1, 2, 3, 1, 3, 0, 1, 0, 0, 1, 3, 0, 1, 0, 3, 0, 1, 1, 0]|[0, 1, 1, 0, 1, 1, 1, 1, 2, 0, 1, 1, 0, 1, 0, 2, 1, 0, 1, 1],258.561826812077;10395.571356030498;17854.552236567410,0,false,[6, 19, 12, 5, 4, 16, 0, 11, 13, 10, 8, 9, 17, 18, 3, 7, 15, 1, 14, 2]|[2, 2, 0, 0, 1, 0, 2, 1, 0, 2, 2, 0, 2, 1, 2, 0, 1, 1, 2, 2]|[0, 1, 2, 3, 1, 3, 0, 1, 0, 0, 1, 3, 0, 1, 0, 3, 0, 1, 1, 0]|[0, 1, 1, 0, 1, 1, 1, 1, 2, 0, 1, 1, 0, 1, 0, 2, 1, 0, 1, 1],258.561826812077;10395.571356030498;17854.552236567410,0.553848347736,NOT_APPLICABLE,NOT_APPLICABLE,NOT_APPLICABLE,3
15,1,1500,G1_CMAX,PREVIOUS,[3, 14, 6, 5, 19, 16, 7, 18, 10, 4, 1, 15, 13, 17, 8, 0, 12, 9, 2, 11]|[0, 0, 1, 2, 2, 1, 0, 2, 0, 1, 0, 2, 2, 0, 1, 2, 1, 0, 2, 0]|[3, 3, 1, 0, 0, 0, 2, 1, 3, 0, 1, 1, 0, 3, 1, 0, 1, 0, 0, 2]|[0, 1, 0, 0, 1, 1, 0, 0, 0, 1, 2, 0, 1, 1, 1, 1, 1, 1, 0, 2],273.307106391696;10735.923172034594;16720.511587423658,0,false,[3, 14, 6, 5, 19, 16, 7, 18, 10, 4, 1, 15, 13, 17, 8, 0, 12, 9, 2, 11]|[0, 0, 1, 2, 2, 1, 0, 2, 0, 1, 0, 2, 2, 0, 1, 2, 1, 0, 2, 0]|[3, 3, 1, 0, 0, 0, 2, 1, 3, 0, 1, 1, 0, 3, 1, 0, 1, 0, 0, 2]|[0, 1, 0, 0, 1, 1, 0, 0, 0, 1, 2, 0, 1, 1, 1, 1, 1, 1, 0, 2],273.307106391696;10735.923172034594;16720.511587423658,273.307106391696,NOT_APPLICABLE,NOT_APPLICABLE,NOT_APPLICABLE,7
15,1,1500,G1_CMAX,HISTORICAL,[6, 19, 12, 5, 4, 16, 3, 9, 10, 17, 2, 18, 13, 14, 8, 11, 7, 1, 15, 0]|[2, 1, 1, 2, 1, 0, 1, 0, 1, 0, 2, 0, 2, 1, 0, 2, 1, 1, 0, 2]|[0, 1, 1, 1, 0, 3, 0, 3, 1, 0, 0, 0, 0, 0, 0, 1, 0, 1, 3, 0]|[1, 1, 1, 0, 0, 1, 1, 2, 1, 0, 1, 1, 1, 1, 0, 0, 1, 0, 2, 1],226.990629343372;11104.352378173600;18140.749392244250,0,false,[6, 19, 12, 5, 4, 16, 3, 9, 10, 17, 2, 18, 13, 14, 8, 11, 7, 1, 15, 0]|[2, 1, 1, 2, 1, 0, 1, 0, 1, 0, 2, 0, 2, 1, 0, 2, 1, 1, 0, 2]|[0, 1, 1, 1, 0, 3, 0, 3, 1, 0, 0, 0, 0, 0, 0, 1, 0, 1, 3, 0]|[1, 1, 1, 0, 0, 1, 1, 2, 1, 0, 1, 1, 1, 1, 0, 0, 1, 0, 2, 1],226.990629343372;11104.352378173600;18140.749392244250,226.990629343372,NOT_APPLICABLE,NOT_APPLICABLE,NOT_APPLICABLE,3
15,1,1500,G2_TEC,PREVIOUS,[6, 19, 12, 5, 4, 16, 3, 11, 15, 8, 13, 2, 17, 14, 9, 0, 7, 18, 10, 1]|[2, 0, 1, 2, 1, 1, 2, 1, 0, 2, 1, 2, 1, 0, 0, 0, 0, 0, 2, 2]|[0, 0, 1, 0, 1, 0, 1, 1, 3, 1, 1, 0, 1, 3, 3, 0, 3, 2, 0, 0]|[0, 2, 0, 0, 1, 1, 1, 0, 0, 1, 1, 1, 1, 0, 1, 0, 2, 2, 0, 1],226.021205120391;10329.105659430683;18268.658496026380,0,false,[6, 19, 12, 5, 4, 16, 3, 11, 15, 8, 13, 2, 17, 14, 9, 0, 7, 18, 10, 1]|[2, 0, 1, 2, 1, 1, 2, 1, 0, 2, 1, 2, 1, 0, 0, 0, 0, 0, 2, 2]|[0, 0, 1, 0, 1, 0, 1, 1, 3, 1, 1, 0, 1, 3, 3, 0, 3, 2, 0, 0]|[0, 2, 0, 0, 1, 1, 1, 0, 0, 1, 1, 1, 1, 0, 1, 0, 2, 2, 0, 1],226.021205120391;10329.105659430683;18268.658496026380,10329.105659430683,NOT_APPLICABLE,NOT_APPLICABLE,NOT_APPLICABLE,5
15,1,1500,G2_TEC,HISTORICAL,[6, 19, 12, 5, 4, 16, 8, 17, 3, 9, 10, 13, 14, 11, 7, 1, 18, 0, 15, 2]|[0, 1, 2, 1, 0, 2, 2, 0, 1, 0, 1, 0, 1, 2, 0, 2, 0, 0, 0, 1]|[3, 1, 0, 1, 2, 1, 1, 3, 0, 3, 1, 3, 1, 0, 3, 1, 0, 3, 0, 1]|[0, 1, 0, 0, 2, 1, 1, 1, 1, 2, 1, 1, 1, 0, 0, 1, 1, 2, 0, 1],325.769300520403;10040.501232651068;16081.382388774446,0,false,[6, 19, 12, 5, 4, 16, 8, 17, 3, 9, 10, 13, 14, 11, 7, 1, 18, 0, 15, 2]|[0, 1, 2, 1, 0, 2, 2, 0, 1, 0, 1, 0, 1, 2, 0, 2, 0, 0, 0, 1]|[3, 1, 0, 1, 2, 1, 1, 3, 0, 3, 1, 3, 1, 0, 3, 1, 0, 3, 0, 1]|[0, 1, 0, 0, 2, 1, 1, 1, 1, 2, 1, 1, 1, 0, 0, 1, 1, 2, 0, 1],325.769300520403;10040.501232651068;16081.382388774446,10040.501232651068,NOT_APPLICABLE,NOT_APPLICABLE,NOT_APPLICABLE,4
15,1,1500,G3_TWC,PREVIOUS,[6, 19, 12, 5, 4, 16, 3, 18, 10, 14, 17, 8, 7, 13, 9, 0, 15, 11, 2, 1]|[0, 0, 1, 0, 1, 0, 0, 0, 1, 2, 1, 2, 0, 2, 0, 0, 2, 1, 2, 0]|[3, 2, 1, 3, 0, 0, 2, 2, 1, 0, 0, 0, 0, 0, 0, 0, 1, 1, 0, 1]|[0, 2, 1, 0, 1, 0, 1, 2, 0, 0, 1, 1, 0, 1, 1, 0, 0, 1, 1, 2],360.648478639080;11062.877908882878;14706.833631149617,0,false,[6, 19, 12, 5, 4, 16, 3, 18, 10, 14, 17, 8, 7, 13, 9, 0, 15, 11, 2, 1]|[0, 0, 1, 0, 1, 0, 0, 0, 1, 2, 1, 2, 0, 2, 0, 0, 2, 1, 2, 0]|[3, 2, 1, 3, 0, 0, 2, 2, 1, 0, 0, 0, 0, 0, 0, 0, 1, 1, 0, 1]|[0, 2, 1, 0, 1, 0, 1, 2, 0, 0, 1, 1, 0, 1, 1, 0, 0, 1, 1, 2],360.648478639080;11062.877908882878;14706.833631149617,14706.833631149617,NOT_APPLICABLE,NOT_APPLICABLE,NOT_APPLICABLE,5
15,1,1500,G3_TWC,HISTORICAL,[6, 19, 12, 5, 4, 16, 3, 18, 10, 14, 17, 8, 7, 13, 9, 0, 15, 11, 2, 1]|[0, 0, 1, 0, 1, 0, 0, 0, 1, 2, 1, 2, 0, 2, 0, 0, 2, 1, 2, 0]|[3, 2, 1, 3, 0, 0, 2, 2, 1, 0, 0, 0, 0, 0, 0, 0, 1, 1, 0, 1]|[0, 2, 1, 0, 1, 0, 1, 2, 0, 0, 1, 1, 0, 1, 1, 0, 0, 1, 1, 2],360.648478639080;11062.877908882878;14706.833631149617,0,false,[6, 19, 12, 5, 4, 16, 3, 18, 10, 14, 17, 8, 7, 13, 9, 0, 15, 11, 2, 1]|[0, 0, 1, 0, 1, 0, 0, 0, 1, 2, 1, 2, 0, 2, 0, 0, 2, 1, 2, 0]|[3, 2, 1, 3, 0, 0, 2, 2, 1, 0, 0, 0, 0, 0, 0, 0, 1, 1, 0, 1]|[0, 2, 1, 0, 1, 0, 1, 2, 0, 0, 1, 1, 0, 1, 1, 0, 0, 1, 1, 2],360.648478639080;11062.877908882878;14706.833631149617,14706.833631149617,NOT_APPLICABLE,NOT_APPLICABLE,NOT_APPLICABLE,5
15,1,1500,G4_BALANCED,PREVIOUS,[6, 19, 12, 5, 4, 16, 3, 2, 15, 7, 10, 8, 14, 1, 18, 13, 17, 9, 11, 0]|[2, 2, 0, 0, 1, 0, 2, 1, 1, 0, 1, 2, 0, 1, 1, 2, 2, 0, 1, 2]|[0, 1, 2, 3, 1, 3, 0, 1, 0, 3, 0, 1, 3, 1, 1, 0, 0, 3, 1, 0]|[0, 1, 1, 0, 1, 0, 0, 0, 1, 2, 1, 1, 0, 0, 1, 1, 0, 1, 0, 1],265.604512157255;10294.906148972264;18742.339641749182,0,false,[6, 19, 12, 5, 4, 16, 3, 2, 15, 7, 10, 8, 14, 1, 18, 13, 17, 9, 11, 0]|[2, 2, 0, 0, 1, 0, 2, 1, 1, 0, 1, 2, 0, 1, 1, 2, 2, 0, 1, 2]|[0, 1, 2, 3, 1, 3, 0, 1, 0, 3, 0, 1, 3, 1, 1, 0, 0, 3, 1, 0]|[0, 1, 1, 0, 1, 0, 0, 0, 1, 2, 1, 1, 0, 0, 1, 1, 0, 1, 0, 1],265.604512157255;10294.906148972264;18742.339641749182,0.673153024616,NOT_APPLICABLE,NOT_APPLICABLE,NOT_APPLICABLE,7
15,1,1500,G4_BALANCED,HISTORICAL,[6, 19, 12, 5, 4, 16, 0, 11, 13, 10, 8, 9, 17, 18, 3, 7, 15, 1, 14, 2]|[2, 2, 0, 0, 1, 0, 2, 1, 0, 2, 2, 0, 2, 1, 2, 0, 1, 1, 2, 2]|[0, 1, 2, 3, 1, 3, 0, 1, 0, 0, 1, 3, 0, 1, 0, 3, 0, 1, 1, 0]|[0, 1, 1, 0, 1, 1, 1, 1, 2, 0, 1, 1, 0, 1, 0, 2, 1, 0, 1, 1],258.561826812077;10395.571356030498;17854.552236567410,0,false,[6, 19, 12, 5, 4, 16, 0, 11, 13, 10, 8, 9, 17, 18, 3, 7, 15, 1, 14, 2]|[2, 2, 0, 0, 1, 0, 2, 1, 0, 2, 2, 0, 2, 1, 2, 0, 1, 1, 2, 2]|[0, 1, 2, 3, 1, 3, 0, 1, 0, 0, 1, 3, 0, 1, 0, 3, 0, 1, 1, 0]|[0, 1, 1, 0, 1, 1, 1, 1, 2, 0, 1, 1, 0, 1, 0, 2, 1, 0, 1, 1],258.561826812077;10395.571356030498;17854.552236567410,0.553848347736,NOT_APPLICABLE,NOT_APPLICABLE,NOT_APPLICABLE,3
16,1,1600,G1_CMAX,PREVIOUS,[6, 19, 12, 5, 4, 16, 3, 9, 10, 17, 2, 18, 13, 14, 8, 11, 7, 1, 15, 0]|[2, 1, 1, 2, 1, 0, 1, 0, 1, 0, 2, 0, 2, 1, 0, 2, 1, 1, 0, 2]|[0, 1, 1, 1, 0, 3, 0, 3, 1, 0, 0, 0, 0, 0, 0, 1, 0, 1, 3, 0]|[1, 1, 1, 0, 0, 1, 1, 2, 1, 0, 1, 1, 1, 1, 0, 0, 1, 0, 2, 1],226.990629343372;11104.352378173600;18140.749392244250,0,false,[6, 19, 12, 5, 4, 16, 3, 9, 10, 17, 2, 18, 13, 14, 8, 11, 7, 1, 15, 0]|[2, 1, 1, 2, 1, 0, 1, 0, 1, 0, 2, 0, 2, 1, 0, 2, 1, 1, 0, 2]|[0, 1, 1, 1, 0, 3, 0, 3, 1, 0, 0, 0, 0, 0, 0, 1, 0, 1, 3, 0]|[1, 1, 1, 0, 0, 1, 1, 2, 1, 0, 1, 1, 1, 1, 0, 0, 1, 0, 2, 1],226.990629343372;11104.352378173600;18140.749392244250,226.990629343372,NOT_APPLICABLE,NOT_APPLICABLE,NOT_APPLICABLE,7
16,1,1600,G1_CMAX,HISTORICAL,[6, 19, 12, 5, 4, 16, 3, 9, 10, 17, 2, 18, 13, 14, 8, 11, 7, 1, 15, 0]|[2, 1, 1, 2, 1, 0, 1, 0, 1, 0, 2, 0, 2, 1, 0, 2, 1, 1, 0, 2]|[0, 1, 1, 1, 0, 3, 0, 3, 1, 0, 0, 0, 0, 0, 0, 1, 0, 1, 3, 0]|[1, 1, 1, 0, 0, 1, 1, 2, 1, 0, 1, 1, 1, 1, 0, 0, 1, 0, 2, 1],226.990629343372;11104.352378173600;18140.749392244250,0,false,[6, 19, 12, 5, 4, 16, 3, 9, 10, 17, 2, 18, 13, 14, 8, 11, 7, 1, 15, 0]|[2, 1, 1, 2, 1, 0, 1, 0, 1, 0, 2, 0, 2, 1, 0, 2, 1, 1, 0, 2]|[0, 1, 1, 1, 0, 3, 0, 3, 1, 0, 0, 0, 0, 0, 0, 1, 0, 1, 3, 0]|[1, 1, 1, 0, 0, 1, 1, 2, 1, 0, 1, 1, 1, 1, 0, 0, 1, 0, 2, 1],226.990629343372;11104.352378173600;18140.749392244250,226.990629343372,NOT_APPLICABLE,NOT_APPLICABLE,NOT_APPLICABLE,4
16,1,1600,G2_TEC,PREVIOUS,[6, 19, 12, 5, 4, 16, 3, 11, 15, 8, 13, 2, 17, 14, 9, 0, 7, 18, 10, 1]|[2, 0, 1, 2, 1, 1, 2, 1, 0, 2, 1, 2, 1, 0, 0, 0, 0, 0, 2, 2]|[0, 0, 1, 0, 1, 0, 1, 1, 3, 1, 1, 0, 1, 3, 3, 0, 3, 2, 0, 0]|[0, 2, 0, 0, 1, 1, 1, 0, 0, 1, 1, 1, 1, 0, 1, 0, 2, 2, 0, 1],226.021205120391;10329.105659430683;18268.658496026380,0,false,[6, 19, 12, 5, 4, 16, 3, 11, 15, 8, 13, 2, 17, 14, 9, 0, 7, 18, 10, 1]|[2, 0, 1, 2, 1, 1, 2, 1, 0, 2, 1, 2, 1, 0, 0, 0, 0, 0, 2, 2]|[0, 0, 1, 0, 1, 0, 1, 1, 3, 1, 1, 0, 1, 3, 3, 0, 3, 2, 0, 0]|[0, 2, 0, 0, 1, 1, 1, 0, 0, 1, 1, 1, 1, 0, 1, 0, 2, 2, 0, 1],226.021205120391;10329.105659430683;18268.658496026380,10329.105659430683,NOT_APPLICABLE,NOT_APPLICABLE,NOT_APPLICABLE,6
16,1,1600,G2_TEC,HISTORICAL,[6, 19, 12, 5, 4, 16, 8, 17, 3, 9, 10, 13, 14, 11, 7, 1, 18, 0, 15, 2]|[0, 1, 2, 1, 0, 2, 2, 0, 1, 0, 1, 0, 1, 2, 0, 2, 0, 0, 0, 1]|[3, 1, 0, 1, 2, 1, 1, 3, 0, 3, 1, 3, 1, 0, 3, 1, 0, 3, 0, 1]|[0, 1, 0, 0, 2, 1, 1, 1, 1, 2, 1, 1, 1, 0, 0, 1, 1, 2, 0, 1],325.769300520403;10040.501232651068;16081.382388774446,0,false,[6, 19, 12, 5, 4, 16, 8, 17, 3, 9, 10, 13, 14, 11, 7, 1, 18, 0, 15, 2]|[0, 1, 2, 1, 0, 2, 2, 0, 1, 0, 1, 0, 1, 2, 0, 2, 0, 0, 0, 1]|[3, 1, 0, 1, 2, 1, 1, 3, 0, 3, 1, 3, 1, 0, 3, 1, 0, 3, 0, 1]|[0, 1, 0, 0, 2, 1, 1, 1, 1, 2, 1, 1, 1, 0, 0, 1, 1, 2, 0, 1],325.769300520403;10040.501232651068;16081.382388774446,10040.501232651068,NOT_APPLICABLE,NOT_APPLICABLE,NOT_APPLICABLE,4
16,1,1600,G3_TWC,PREVIOUS,[6, 19, 12, 5, 4, 16, 3, 18, 10, 14, 17, 8, 7, 13, 9, 0, 15, 11, 2, 1]|[0, 0, 1, 0, 1, 0, 0, 0, 1, 2, 1, 2, 0, 2, 0, 0, 2, 1, 2, 0]|[3, 2, 1, 3, 0, 0, 2, 2, 1, 0, 0, 0, 0, 0, 0, 0, 1, 1, 0, 1]|[0, 2, 1, 0, 1, 0, 1, 2, 0, 0, 1, 1, 0, 1, 1, 0, 0, 1, 1, 2],360.648478639080;11062.877908882878;14706.833631149617,1,true,[6, 19, 12, 5, 14, 16, 3, 18, 10, 13, 17, 0, 8, 1, 9, 4, 2, 11, 7, 15]|[0, 2, 0, 0, 1, 0, 2, 0, 1, 2, 0, 0, 0, 1, 0, 1, 2, 1, 0, 2]|[3, 1, 2, 3, 0, 0, 0, 2, 0, 0, 3, 0, 0, 1, 3, 0, 0, 1, 3, 1]|[0, 1, 1, 0, 1, 0, 0, 2, 1, 1, 1, 0, 0, 0, 1, 1, 1, 0, 2, 0],353.622267381566;11013.698193159340;13958.464010419659,13958.464010419659,1600,1600,0,5
16,1,1600,G3_TWC,HISTORICAL,[6, 19, 12, 5, 4, 16, 3, 18, 10, 14, 17, 8, 7, 13, 9, 0, 15, 11, 2, 1]|[0, 0, 1, 0, 1, 0, 0, 0, 1, 2, 1, 2, 0, 2, 0, 0, 2, 1, 2, 0]|[3, 2, 1, 3, 0, 0, 2, 2, 1, 0, 0, 0, 0, 0, 0, 0, 1, 1, 0, 1]|[0, 2, 1, 0, 1, 0, 1, 2, 0, 0, 1, 1, 0, 1, 1, 0, 0, 1, 1, 2],360.648478639080;11062.877908882878;14706.833631149617,1,true,[6, 19, 12, 5, 14, 16, 3, 18, 10, 13, 17, 0, 8, 1, 9, 4, 2, 11, 7, 15]|[0, 2, 0, 0, 1, 0, 2, 0, 1, 2, 0, 0, 0, 1, 0, 1, 2, 1, 0, 2]|[3, 1, 2, 3, 0, 0, 0, 2, 0, 0, 3, 0, 0, 1, 3, 0, 0, 1, 3, 1]|[0, 1, 1, 0, 1, 0, 0, 2, 1, 1, 1, 0, 0, 0, 1, 1, 1, 0, 2, 0],353.622267381566;11013.698193159340;13958.464010419659,13958.464010419659,1600,1600,0,6
16,1,1600,G4_BALANCED,PREVIOUS,[6, 19, 12, 5, 4, 16, 0, 11, 13, 10, 8, 9, 17, 18, 3, 7, 15, 1, 14, 2]|[2, 2, 0, 0, 1, 0, 2, 1, 0, 2, 2, 0, 2, 1, 2, 0, 1, 1, 2, 2]|[0, 1, 2, 3, 1, 3, 0, 1, 0, 0, 1, 3, 0, 1, 0, 3, 0, 1, 1, 0]|[0, 1, 1, 0, 1, 1, 1, 1, 2, 0, 1, 1, 0, 1, 0, 2, 1, 0, 1, 1],258.561826812077;10395.571356030498;17854.552236567410,0,false,[6, 19, 12, 5, 4, 16, 0, 11, 13, 10, 8, 9, 17, 18, 3, 7, 15, 1, 14, 2]|[2, 2, 0, 0, 1, 0, 2, 1, 0, 2, 2, 0, 2, 1, 2, 0, 1, 1, 2, 2]|[0, 1, 2, 3, 1, 3, 0, 1, 0, 0, 1, 3, 0, 1, 0, 3, 0, 1, 1, 0]|[0, 1, 1, 0, 1, 1, 1, 1, 2, 0, 1, 1, 0, 1, 0, 2, 1, 0, 1, 1],258.561826812077;10395.571356030498;17854.552236567410,0.553848347736,NOT_APPLICABLE,NOT_APPLICABLE,NOT_APPLICABLE,7
16,1,1600,G4_BALANCED,HISTORICAL,[6, 19, 12, 5, 4, 16, 0, 11, 13, 10, 8, 9, 17, 18, 3, 7, 15, 1, 14, 2]|[2, 2, 0, 0, 1, 0, 2, 1, 0, 2, 2, 0, 2, 1, 2, 0, 1, 1, 2, 2]|[0, 1, 2, 3, 1, 3, 0, 1, 0, 0, 1, 3, 0, 1, 0, 3, 0, 1, 1, 0]|[0, 1, 1, 0, 1, 1, 1, 1, 2, 0, 1, 1, 0, 1, 0, 2, 1, 0, 1, 1],258.561826812077;10395.571356030498;17854.552236567410,0,false,[6, 19, 12, 5, 4, 16, 0, 11, 13, 10, 8, 9, 17, 18, 3, 7, 15, 1, 14, 2]|[2, 2, 0, 0, 1, 0, 2, 1, 0, 2, 2, 0, 2, 1, 2, 0, 1, 1, 2, 2]|[0, 1, 2, 3, 1, 3, 0, 1, 0, 0, 1, 3, 0, 1, 0, 3, 0, 1, 1, 0]|[0, 1, 1, 0, 1, 1, 1, 1, 2, 0, 1, 1, 0, 1, 0, 2, 1, 0, 1, 1],258.561826812077;10395.571356030498;17854.552236567410,0.553848347736,NOT_APPLICABLE,NOT_APPLICABLE,NOT_APPLICABLE,4
17,1,1700,G1_CMAX,PREVIOUS,[6, 19, 12, 5, 4, 16, 3, 18, 2, 10, 7, 8, 14, 1, 9, 0, 15, 13, 17, 11]|[0, 2, 0, 0, 1, 0, 0, 0, 2, 1, 0, 2, 2, 1, 0, 2, 1, 0, 1, 1]|[3, 0, 2, 3, 0, 0, 2, 3, 0, 0, 3, 0, 0, 1, 0, 0, 0, 0, 0, 1]|[0, 0, 1, 0, 1, 0, 1, 1, 1, 1, 2, 1, 0, 1, 1, 1, 1, 2, 1, 0],336.280873199820;10909.986745245782;14793.139132082906,0,false,[6, 19, 12, 5, 4, 16, 3, 18, 2, 10, 7, 8, 14, 1, 9, 0, 15, 13, 17, 11]|[0, 2, 0, 0, 1, 0, 0, 0, 2, 1, 0, 2, 2, 1, 0, 2, 1, 0, 1, 1]|[3, 0, 2, 3, 0, 0, 2, 3, 0, 0, 3, 0, 0, 1, 0, 0, 0, 0, 0, 1]|[0, 0, 1, 0, 1, 0, 1, 1, 1, 1, 2, 1, 0, 1, 1, 1, 1, 2, 1, 0],336.280873199820;10909.986745245782;14793.139132082906,336.280873199820,NOT_APPLICABLE,NOT_APPLICABLE,NOT_APPLICABLE,7
17,1,1700,G1_CMAX,HISTORICAL,[6, 19, 12, 5, 4, 16, 3, 9, 10, 17, 2, 18, 13, 14, 8, 11, 7, 1, 15, 0]|[2, 1, 1, 2, 1, 0, 1, 0, 1, 0, 2, 0, 2, 1, 0, 2, 1, 1, 0, 2]|[0, 1, 1, 1, 0, 3, 0, 3, 1, 0, 0, 0, 0, 0, 0, 1, 0, 1, 3, 0]|[1, 1, 1, 0, 0, 1, 1, 2, 1, 0, 1, 1, 1, 1, 0, 0, 1, 0, 2, 1],226.990629343372;11104.352378173600;18140.749392244250,0,false,[6, 19, 12, 5, 4, 16, 3, 9, 10, 17, 2, 18, 13, 14, 8, 11, 7, 1, 15, 0]|[2, 1, 1, 2, 1, 0, 1, 0, 1, 0, 2, 0, 2, 1, 0, 2, 1, 1, 0, 2]|[0, 1, 1, 1, 0, 3, 0, 3, 1, 0, 0, 0, 0, 0, 0, 1, 0, 1, 3, 0]|[1, 1, 1, 0, 0, 1, 1, 2, 1, 0, 1, 1, 1, 1, 0, 0, 1, 0, 2, 1],226.990629343372;11104.352378173600;18140.749392244250,226.990629343372,NOT_APPLICABLE,NOT_APPLICABLE,NOT_APPLICABLE,4
17,1,1700,G2_TEC,PREVIOUS,[6, 19, 12, 5, 4, 16, 8, 17, 3, 9, 10, 13, 14, 11, 7, 1, 18, 0, 15, 2]|[0, 1, 2, 1, 0, 2, 2, 0, 1, 0, 1, 0, 1, 2, 0, 2, 0, 0, 0, 1]|[3, 1, 0, 1, 2, 1, 1, 3, 0, 3, 1, 3, 1, 0, 3, 1, 0, 3, 0, 1]|[0, 1, 0, 0, 2, 1, 1, 1, 1, 2, 1, 1, 1, 0, 0, 1, 1, 2, 0, 1],325.769300520403;10040.501232651068;16081.382388774446,0,false,[6, 19, 12, 5, 4, 16, 8, 17, 3, 9, 10, 13, 14, 11, 7, 1, 18, 0, 15, 2]|[0, 1, 2, 1, 0, 2, 2, 0, 1, 0, 1, 0, 1, 2, 0, 2, 0, 0, 0, 1]|[3, 1, 0, 1, 2, 1, 1, 3, 0, 3, 1, 3, 1, 0, 3, 1, 0, 3, 0, 1]|[0, 1, 0, 0, 2, 1, 1, 1, 1, 2, 1, 1, 1, 0, 0, 1, 1, 2, 0, 1],325.769300520403;10040.501232651068;16081.382388774446,10040.501232651068,NOT_APPLICABLE,NOT_APPLICABLE,NOT_APPLICABLE,6
17,1,1700,G2_TEC,HISTORICAL,[6, 19, 12, 5, 4, 16, 8, 17, 3, 9, 10, 13, 14, 11, 7, 1, 18, 0, 15, 2]|[0, 1, 2, 1, 0, 2, 2, 0, 1, 0, 1, 0, 1, 2, 0, 2, 0, 0, 0, 1]|[3, 1, 0, 1, 2, 1, 1, 3, 0, 3, 1, 3, 1, 0, 3, 1, 0, 3, 0, 1]|[0, 1, 0, 0, 2, 1, 1, 1, 1, 2, 1, 1, 1, 0, 0, 1, 1, 2, 0, 1],325.769300520403;10040.501232651068;16081.382388774446,0,false,[6, 19, 12, 5, 4, 16, 8, 17, 3, 9, 10, 13, 14, 11, 7, 1, 18, 0, 15, 2]|[0, 1, 2, 1, 0, 2, 2, 0, 1, 0, 1, 0, 1, 2, 0, 2, 0, 0, 0, 1]|[3, 1, 0, 1, 2, 1, 1, 3, 0, 3, 1, 3, 1, 0, 3, 1, 0, 3, 0, 1]|[0, 1, 0, 0, 2, 1, 1, 1, 1, 2, 1, 1, 1, 0, 0, 1, 1, 2, 0, 1],325.769300520403;10040.501232651068;16081.382388774446,10040.501232651068,NOT_APPLICABLE,NOT_APPLICABLE,NOT_APPLICABLE,5
17,1,1700,G3_TWC,PREVIOUS,[3, 14, 6, 5, 19, 16, 7, 18, 10, 4, 1, 15, 13, 17, 8, 0, 12, 9, 2, 11]|[0, 0, 1, 2, 2, 1, 0, 2, 0, 1, 0, 2, 2, 0, 1, 2, 1, 0, 2, 0]|[3, 3, 1, 0, 0, 0, 2, 1, 3, 0, 1, 1, 0, 3, 1, 0, 1, 0, 0, 2]|[0, 1, 0, 0, 1, 1, 0, 0, 0, 1, 2, 0, 1, 1, 1, 1, 1, 1, 0, 2],273.307106391696;10735.923172034594;16720.511587423658,0,false,[3, 14, 6, 5, 19, 16, 7, 18, 10, 4, 1, 15, 13, 17, 8, 0, 12, 9, 2, 11]|[0, 0, 1, 2, 2, 1, 0, 2, 0, 1, 0, 2, 2, 0, 1, 2, 1, 0, 2, 0]|[3, 3, 1, 0, 0, 0, 2, 1, 3, 0, 1, 1, 0, 3, 1, 0, 1, 0, 0, 2]|[0, 1, 0, 0, 1, 1, 0, 0, 0, 1, 2, 0, 1, 1, 1, 1, 1, 1, 0, 2],273.307106391696;10735.923172034594;16720.511587423658,16720.511587423658,NOT_APPLICABLE,NOT_APPLICABLE,NOT_APPLICABLE,5
17,1,1700,G3_TWC,HISTORICAL,[6, 19, 12, 5, 14, 16, 3, 18, 10, 13, 17, 0, 8, 1, 9, 4, 2, 11, 7, 15]|[0, 2, 0, 0, 1, 0, 2, 0, 1, 2, 0, 0, 0, 1, 0, 1, 2, 1, 0, 2]|[3, 1, 2, 3, 0, 0, 0, 2, 0, 0, 3, 0, 0, 1, 3, 0, 0, 1, 3, 1]|[0, 1, 1, 0, 1, 0, 0, 2, 1, 1, 1, 0, 0, 0, 1, 1, 1, 0, 2, 0],353.622267381566;11013.698193159340;13958.464010419659,0,false,[6, 19, 12, 5, 14, 16, 3, 18, 10, 13, 17, 0, 8, 1, 9, 4, 2, 11, 7, 15]|[0, 2, 0, 0, 1, 0, 2, 0, 1, 2, 0, 0, 0, 1, 0, 1, 2, 1, 0, 2]|[3, 1, 2, 3, 0, 0, 0, 2, 0, 0, 3, 0, 0, 1, 3, 0, 0, 1, 3, 1]|[0, 1, 1, 0, 1, 0, 0, 2, 1, 1, 1, 0, 0, 0, 1, 1, 1, 0, 2, 0],353.622267381566;11013.698193159340;13958.464010419659,13958.464010419659,NOT_APPLICABLE,NOT_APPLICABLE,NOT_APPLICABLE,6
17,1,1700,G4_BALANCED,PREVIOUS,[6, 19, 12, 5, 4, 16, 0, 11, 13, 10, 8, 9, 17, 18, 3, 7, 15, 1, 14, 2]|[2, 2, 0, 0, 1, 0, 2, 1, 0, 2, 2, 0, 2, 1, 2, 0, 1, 1, 2, 2]|[0, 1, 2, 3, 1, 3, 0, 1, 0, 0, 1, 3, 0, 1, 0, 3, 0, 1, 1, 0]|[0, 1, 1, 0, 1, 1, 1, 1, 2, 0, 1, 1, 0, 1, 0, 2, 1, 0, 1, 1],258.561826812077;10395.571356030498;17854.552236567410,0,false,[6, 19, 12, 5, 4, 16, 0, 11, 13, 10, 8, 9, 17, 18, 3, 7, 15, 1, 14, 2]|[2, 2, 0, 0, 1, 0, 2, 1, 0, 2, 2, 0, 2, 1, 2, 0, 1, 1, 2, 2]|[0, 1, 2, 3, 1, 3, 0, 1, 0, 0, 1, 3, 0, 1, 0, 3, 0, 1, 1, 0]|[0, 1, 1, 0, 1, 1, 1, 1, 2, 0, 1, 1, 0, 1, 0, 2, 1, 0, 1, 1],258.561826812077;10395.571356030498;17854.552236567410,0.554970354930,NOT_APPLICABLE,NOT_APPLICABLE,NOT_APPLICABLE,8
17,1,1700,G4_BALANCED,HISTORICAL,[6, 19, 12, 5, 4, 16, 0, 11, 13, 10, 8, 9, 17, 18, 3, 7, 15, 1, 14, 2]|[2, 2, 0, 0, 1, 0, 2, 1, 0, 2, 2, 0, 2, 1, 2, 0, 1, 1, 2, 2]|[0, 1, 2, 3, 1, 3, 0, 1, 0, 0, 1, 3, 0, 1, 0, 3, 0, 1, 1, 0]|[0, 1, 1, 0, 1, 1, 1, 1, 2, 0, 1, 1, 0, 1, 0, 2, 1, 0, 1, 1],258.561826812077;10395.571356030498;17854.552236567410,0,false,[6, 19, 12, 5, 4, 16, 0, 11, 13, 10, 8, 9, 17, 18, 3, 7, 15, 1, 14, 2]|[2, 2, 0, 0, 1, 0, 2, 1, 0, 2, 2, 0, 2, 1, 2, 0, 1, 1, 2, 2]|[0, 1, 2, 3, 1, 3, 0, 1, 0, 0, 1, 3, 0, 1, 0, 3, 0, 1, 1, 0]|[0, 1, 1, 0, 1, 1, 1, 1, 2, 0, 1, 1, 0, 1, 0, 2, 1, 0, 1, 1],258.561826812077;10395.571356030498;17854.552236567410,0.554970354930,NOT_APPLICABLE,NOT_APPLICABLE,NOT_APPLICABLE,4
18,1,1800,G1_CMAX,PREVIOUS,[6, 19, 12, 5, 4, 16, 3, 18, 2, 10, 7, 8, 14, 1, 9, 0, 15, 13, 17, 11]|[0, 2, 0, 0, 1, 0, 0, 0, 2, 1, 0, 2, 2, 1, 0, 2, 1, 0, 1, 1]|[3, 0, 2, 3, 0, 0, 2, 3, 0, 0, 3, 0, 0, 1, 0, 0, 0, 0, 0, 1]|[0, 0, 1, 0, 1, 0, 1, 1, 1, 1, 2, 1, 0, 1, 1, 1, 1, 2, 1, 0],336.280873199820;10909.986745245782;14793.139132082906,0,false,[6, 19, 12, 5, 4, 16, 3, 18, 2, 10, 7, 8, 14, 1, 9, 0, 15, 13, 17, 11]|[0, 2, 0, 0, 1, 0, 0, 0, 2, 1, 0, 2, 2, 1, 0, 2, 1, 0, 1, 1]|[3, 0, 2, 3, 0, 0, 2, 3, 0, 0, 3, 0, 0, 1, 0, 0, 0, 0, 0, 1]|[0, 0, 1, 0, 1, 0, 1, 1, 1, 1, 2, 1, 0, 1, 1, 1, 1, 2, 1, 0],336.280873199820;10909.986745245782;14793.139132082906,336.280873199820,NOT_APPLICABLE,NOT_APPLICABLE,NOT_APPLICABLE,8
18,1,1800,G1_CMAX,HISTORICAL,[6, 19, 12, 5, 4, 16, 3, 9, 10, 17, 2, 18, 13, 14, 8, 11, 7, 1, 15, 0]|[2, 1, 1, 2, 1, 0, 1, 0, 1, 0, 2, 0, 2, 1, 0, 2, 1, 1, 0, 2]|[0, 1, 1, 1, 0, 3, 0, 3, 1, 0, 0, 0, 0, 0, 0, 1, 0, 1, 3, 0]|[1, 1, 1, 0, 0, 1, 1, 2, 1, 0, 1, 1, 1, 1, 0, 0, 1, 0, 2, 1],226.990629343372;11104.352378173600;18140.749392244250,0,false,[6, 19, 12, 5, 4, 16, 3, 9, 10, 17, 2, 18, 13, 14, 8, 11, 7, 1, 15, 0]|[2, 1, 1, 2, 1, 0, 1, 0, 1, 0, 2, 0, 2, 1, 0, 2, 1, 1, 0, 2]|[0, 1, 1, 1, 0, 3, 0, 3, 1, 0, 0, 0, 0, 0, 0, 1, 0, 1, 3, 0]|[1, 1, 1, 0, 0, 1, 1, 2, 1, 0, 1, 1, 1, 1, 0, 0, 1, 0, 2, 1],226.990629343372;11104.352378173600;18140.749392244250,226.990629343372,NOT_APPLICABLE,NOT_APPLICABLE,NOT_APPLICABLE,4
18,1,1800,G2_TEC,PREVIOUS,[6, 19, 12, 5, 4, 13, 2, 11, 15, 7, 10, 9, 14, 16, 3, 1, 18, 8, 17, 0]|[2, 2, 0, 0, 1, 0, 2, 1, 1, 0, 2, 0, 1, 0, 2, 0, 0, 2, 0, 2]|[0, 0, 2, 3, 1, 0, 0, 1, 0, 3, 0, 3, 0, 3, 0, 3, 0, 1, 3, 0]|[1, 0, 1, 0, 1, 2, 1, 0, 1, 2, 0, 1, 1, 0, 0, 0, 1, 1, 1, 1],325.646837284218;10515.842799578764;15979.946553120760,1,true,[6, 19, 12, 5, 4, 9, 0, 11, 13, 10, 17, 15, 8, 3, 16, 1, 18, 14, 7, 2]|[0, 2, 1, 0, 1, 0, 2, 1, 0, 1, 2, 1, 0, 2, 0, 1, 1, 2, 0, 2]|[0, 0, 1, 3, 0, 3, 0, 1, 0, 0, 0, 0, 2, 0, 3, 1, 1, 1, 3, 0]|[0, 0, 0, 0, 1, 1, 1, 0, 2, 1, 0, 1, 2, 0, 0, 1, 1, 1, 2, 1],279.776993748169;10398.203406356155;15836.798582499634,10398.203406356155,1800,1800,0,6
18,1,1800,G2_TEC,HISTORICAL,[6, 19, 12, 5, 4, 16, 8, 17, 3, 9, 10, 13, 14, 11, 7, 1, 18, 0, 15, 2]|[0, 1, 2, 1, 0, 2, 2, 0, 1, 0, 1, 0, 1, 2, 0, 2, 0, 0, 0, 1]|[3, 1, 0, 1, 2, 1, 1, 3, 0, 3, 1, 3, 1, 0, 3, 1, 0, 3, 0, 1]|[0, 1, 0, 0, 2, 1, 1, 1, 1, 2, 1, 1, 1, 0, 0, 1, 1, 2, 0, 1],325.769300520403;10040.501232651068;16081.382388774446,0,false,[6, 19, 12, 5, 4, 16, 8, 17, 3, 9, 10, 13, 14, 11, 7, 1, 18, 0, 15, 2]|[0, 1, 2, 1, 0, 2, 2, 0, 1, 0, 1, 0, 1, 2, 0, 2, 0, 0, 0, 1]|[3, 1, 0, 1, 2, 1, 1, 3, 0, 3, 1, 3, 1, 0, 3, 1, 0, 3, 0, 1]|[0, 1, 0, 0, 2, 1, 1, 1, 1, 2, 1, 1, 1, 0, 0, 1, 1, 2, 0, 1],325.769300520403;10040.501232651068;16081.382388774446,10040.501232651068,NOT_APPLICABLE,NOT_APPLICABLE,NOT_APPLICABLE,5
18,1,1800,G3_TWC,PREVIOUS,[3, 14, 6, 5, 19, 16, 7, 18, 10, 4, 1, 15, 13, 17, 8, 0, 12, 9, 2, 11]|[0, 0, 1, 2, 2, 1, 0, 2, 0, 1, 0, 2, 2, 0, 1, 2, 1, 0, 2, 0]|[3, 3, 1, 0, 0, 0, 2, 1, 3, 0, 1, 1, 0, 3, 1, 0, 1, 0, 0, 2]|[0, 1, 0, 0, 1, 1, 0, 0, 0, 1, 2, 0, 1, 1, 1, 1, 1, 1, 0, 2],273.307106391696;10735.923172034594;16720.511587423658,0,false,[3, 14, 6, 5, 19, 16, 7, 18, 10, 4, 1, 15, 13, 17, 8, 0, 12, 9, 2, 11]|[0, 0, 1, 2, 2, 1, 0, 2, 0, 1, 0, 2, 2, 0, 1, 2, 1, 0, 2, 0]|[3, 3, 1, 0, 0, 0, 2, 1, 3, 0, 1, 1, 0, 3, 1, 0, 1, 0, 0, 2]|[0, 1, 0, 0, 1, 1, 0, 0, 0, 1, 2, 0, 1, 1, 1, 1, 1, 1, 0, 2],273.307106391696;10735.923172034594;16720.511587423658,16720.511587423658,NOT_APPLICABLE,NOT_APPLICABLE,NOT_APPLICABLE,6
18,1,1800,G3_TWC,HISTORICAL,[6, 19, 12, 5, 14, 16, 3, 18, 10, 13, 17, 0, 8, 1, 9, 4, 2, 11, 7, 15]|[0, 2, 0, 0, 1, 0, 2, 0, 1, 2, 0, 0, 0, 1, 0, 1, 2, 1, 0, 2]|[3, 1, 2, 3, 0, 0, 0, 2, 0, 0, 3, 0, 0, 1, 3, 0, 0, 1, 3, 1]|[0, 1, 1, 0, 1, 0, 0, 2, 1, 1, 1, 0, 0, 0, 1, 1, 1, 0, 2, 0],353.622267381566;11013.698193159340;13958.464010419659,0,false,[6, 19, 12, 5, 14, 16, 3, 18, 10, 13, 17, 0, 8, 1, 9, 4, 2, 11, 7, 15]|[0, 2, 0, 0, 1, 0, 2, 0, 1, 2, 0, 0, 0, 1, 0, 1, 2, 1, 0, 2]|[3, 1, 2, 3, 0, 0, 0, 2, 0, 0, 3, 0, 0, 1, 3, 0, 0, 1, 3, 1]|[0, 1, 1, 0, 1, 0, 0, 2, 1, 1, 1, 0, 0, 0, 1, 1, 1, 0, 2, 0],353.622267381566;11013.698193159340;13958.464010419659,13958.464010419659,NOT_APPLICABLE,NOT_APPLICABLE,NOT_APPLICABLE,6
18,1,1800,G4_BALANCED,PREVIOUS,[6, 19, 12, 5, 4, 16, 0, 11, 13, 10, 8, 9, 15, 17, 7, 1, 2, 18, 3, 14]|[2, 2, 1, 0, 1, 0, 2, 1, 0, 2, 0, 0, 1, 2, 0, 1, 2, 1, 2, 2]|[0, 1, 1, 3, 1, 3, 0, 1, 0, 1, 2, 3, 0, 0, 3, 1, 0, 1, 0, 1]|[0, 1, 0, 0, 1, 1, 1, 1, 2, 1, 2, 1, 1, 0, 2, 1, 1, 1, 0, 1],235.129425134640;10313.890467008983;20112.544264317700,0,false,[6, 19, 12, 5, 4, 16, 0, 11, 13, 10, 8, 9, 15, 17, 7, 1, 2, 18, 3, 14]|[2, 2, 1, 0, 1, 0, 2, 1, 0, 2, 0, 0, 1, 2, 0, 1, 2, 1, 2, 2]|[0, 1, 1, 3, 1, 3, 0, 1, 0, 1, 2, 3, 0, 0, 3, 1, 0, 1, 0, 1]|[0, 1, 0, 0, 1, 1, 1, 1, 2, 1, 2, 1, 1, 0, 2, 1, 1, 1, 0, 1],235.129425134640;10313.890467008983;20112.544264317700,0.857645897647,NOT_APPLICABLE,NOT_APPLICABLE,NOT_APPLICABLE,8
18,1,1800,G4_BALANCED,HISTORICAL,[6, 19, 12, 5, 4, 16, 0, 11, 13, 10, 8, 9, 15, 17, 7, 1, 2, 18, 3, 14]|[2, 2, 1, 0, 1, 0, 2, 1, 0, 2, 0, 0, 1, 2, 0, 1, 2, 1, 2, 2]|[0, 1, 1, 3, 1, 3, 0, 1, 0, 1, 2, 3, 0, 0, 3, 1, 0, 1, 0, 1]|[0, 1, 0, 0, 1, 1, 1, 1, 2, 1, 2, 1, 1, 0, 2, 1, 1, 1, 0, 1],235.129425134640;10313.890467008983;20112.544264317700,0,false,[6, 19, 12, 5, 4, 16, 0, 11, 13, 10, 8, 9, 15, 17, 7, 1, 2, 18, 3, 14]|[2, 2, 1, 0, 1, 0, 2, 1, 0, 2, 0, 0, 1, 2, 0, 1, 2, 1, 2, 2]|[0, 1, 1, 3, 1, 3, 0, 1, 0, 1, 2, 3, 0, 0, 3, 1, 0, 1, 0, 1]|[0, 1, 0, 0, 1, 1, 1, 1, 2, 1, 2, 1, 1, 0, 2, 1, 1, 1, 0, 1],235.129425134640;10313.890467008983;20112.544264317700,0.857645897647,NOT_APPLICABLE,NOT_APPLICABLE,NOT_APPLICABLE,4
19,1,1900,G1_CMAX,PREVIOUS,[6, 19, 12, 5, 4, 16, 3, 9, 10, 17, 2, 18, 13, 14, 8, 11, 7, 1, 15, 0]|[2, 1, 1, 2, 1, 0, 1, 0, 1, 0, 2, 0, 2, 1, 0, 2, 1, 1, 0, 2]|[0, 1, 1, 1, 0, 3, 0, 3, 1, 0, 0, 0, 0, 0, 0, 1, 0, 1, 3, 0]|[1, 1, 1, 0, 0, 1, 1, 2, 1, 0, 1, 1, 1, 1, 0, 0, 1, 0, 2, 1],226.990629343372;11104.352378173600;18140.749392244250,0,false,[6, 19, 12, 5, 4, 16, 3, 9, 10, 17, 2, 18, 13, 14, 8, 11, 7, 1, 15, 0]|[2, 1, 1, 2, 1, 0, 1, 0, 1, 0, 2, 0, 2, 1, 0, 2, 1, 1, 0, 2]|[0, 1, 1, 1, 0, 3, 0, 3, 1, 0, 0, 0, 0, 0, 0, 1, 0, 1, 3, 0]|[1, 1, 1, 0, 0, 1, 1, 2, 1, 0, 1, 1, 1, 1, 0, 0, 1, 0, 2, 1],226.990629343372;11104.352378173600;18140.749392244250,226.990629343372,NOT_APPLICABLE,NOT_APPLICABLE,NOT_APPLICABLE,8
19,1,1900,G1_CMAX,HISTORICAL,[6, 19, 12, 5, 4, 16, 3, 9, 10, 17, 2, 18, 13, 14, 8, 11, 7, 1, 15, 0]|[2, 1, 1, 2, 1, 0, 1, 0, 1, 0, 2, 0, 2, 1, 0, 2, 1, 1, 0, 2]|[0, 1, 1, 1, 0, 3, 0, 3, 1, 0, 0, 0, 0, 0, 0, 1, 0, 1, 3, 0]|[1, 1, 1, 0, 0, 1, 1, 2, 1, 0, 1, 1, 1, 1, 0, 0, 1, 0, 2, 1],226.990629343372;11104.352378173600;18140.749392244250,0,false,[6, 19, 12, 5, 4, 16, 3, 9, 10, 17, 2, 18, 13, 14, 8, 11, 7, 1, 15, 0]|[2, 1, 1, 2, 1, 0, 1, 0, 1, 0, 2, 0, 2, 1, 0, 2, 1, 1, 0, 2]|[0, 1, 1, 1, 0, 3, 0, 3, 1, 0, 0, 0, 0, 0, 0, 1, 0, 1, 3, 0]|[1, 1, 1, 0, 0, 1, 1, 2, 1, 0, 1, 1, 1, 1, 0, 0, 1, 0, 2, 1],226.990629343372;11104.352378173600;18140.749392244250,226.990629343372,NOT_APPLICABLE,NOT_APPLICABLE,NOT_APPLICABLE,5
19,1,1900,G2_TEC,PREVIOUS,[6, 19, 12, 5, 4, 16, 0, 11, 13, 10, 17, 18, 3, 7, 15, 1, 2, 8, 9, 14]|[2, 2, 0, 0, 1, 0, 2, 0, 0, 1, 0, 1, 0, 0, 0, 1, 2, 2, 0, 0]|[0, 0, 2, 3, 1, 3, 0, 2, 0, 0, 3, 1, 0, 3, 0, 1, 0, 1, 3, 0]|[0, 0, 1, 0, 1, 1, 1, 2, 2, 1, 1, 1, 2, 2, 0, 1, 1, 1, 1, 0],419.431177605886;10723.286267359960;13714.413836798080,0,false,[6, 19, 12, 5, 4, 16, 0, 11, 13, 10, 17, 18, 3, 7, 15, 1, 2, 8, 9, 14]|[2, 2, 0, 0, 1, 0, 2, 0, 0, 1, 0, 1, 0, 0, 0, 1, 2, 2, 0, 0]|[0, 0, 2, 3, 1, 3, 0, 2, 0, 0, 3, 1, 0, 3, 0, 1, 0, 1, 3, 0]|[0, 0, 1, 0, 1, 1, 1, 2, 2, 1, 1, 1, 2, 2, 0, 1, 1, 1, 1, 0],419.431177605886;10723.286267359960;13714.413836798080,10723.286267359960,NOT_APPLICABLE,NOT_APPLICABLE,NOT_APPLICABLE,6
19,1,1900,G2_TEC,HISTORICAL,[6, 19, 12, 5, 4, 16, 8, 17, 3, 9, 10, 13, 14, 11, 7, 1, 18, 0, 15, 2]|[0, 1, 2, 1, 0, 2, 2, 0, 1, 0, 1, 0, 1, 2, 0, 2, 0, 0, 0, 1]|[3, 1, 0, 1, 2, 1, 1, 3, 0, 3, 1, 3, 1, 0, 3, 1, 0, 3, 0, 1]|[0, 1, 0, 0, 2, 1, 1, 1, 1, 2, 1, 1, 1, 0, 0, 1, 1, 2, 0, 1],325.769300520403;10040.501232651068;16081.382388774446,0,false,[6, 19, 12, 5, 4, 16, 8, 17, 3, 9, 10, 13, 14, 11, 7, 1, 18, 0, 15, 2]|[0, 1, 2, 1, 0, 2, 2, 0, 1, 0, 1, 0, 1, 2, 0, 2, 0, 0, 0, 1]|[3, 1, 0, 1, 2, 1, 1, 3, 0, 3, 1, 3, 1, 0, 3, 1, 0, 3, 0, 1]|[0, 1, 0, 0, 2, 1, 1, 1, 1, 2, 1, 1, 1, 0, 0, 1, 1, 2, 0, 1],325.769300520403;10040.501232651068;16081.382388774446,10040.501232651068,NOT_APPLICABLE,NOT_APPLICABLE,NOT_APPLICABLE,5
19,1,1900,G3_TWC,PREVIOUS,[6, 19, 12, 5, 14, 16, 3, 18, 10, 13, 17, 0, 8, 1, 9, 4, 2, 11, 7, 15]|[0, 2, 0, 0, 1, 0, 2, 0, 1, 2, 0, 0, 0, 1, 0, 1, 2, 1, 0, 2]|[3, 1, 2, 3, 0, 0, 0, 2, 0, 0, 3, 0, 0, 1, 3, 0, 0, 1, 3, 1]|[0, 1, 1, 0, 1, 0, 0, 2, 1, 1, 1, 0, 0, 0, 1, 1, 1, 0, 2, 0],353.622267381566;11013.698193159340;13958.464010419659,0,false,[6, 19, 12, 5, 14, 16, 3, 18, 10, 13, 17, 0, 8, 1, 9, 4, 2, 11, 7, 15]|[0, 2, 0, 0, 1, 0, 2, 0, 1, 2, 0, 0, 0, 1, 0, 1, 2, 1, 0, 2]|[3, 1, 2, 3, 0, 0, 0, 2, 0, 0, 3, 0, 0, 1, 3, 0, 0, 1, 3, 1]|[0, 1, 1, 0, 1, 0, 0, 2, 1, 1, 1, 0, 0, 0, 1, 1, 1, 0, 2, 0],353.622267381566;11013.698193159340;13958.464010419659,13958.464010419659,NOT_APPLICABLE,NOT_APPLICABLE,NOT_APPLICABLE,6
19,1,1900,G3_TWC,HISTORICAL,[6, 19, 12, 5, 14, 16, 3, 18, 10, 13, 17, 0, 8, 1, 9, 4, 2, 11, 7, 15]|[0, 2, 0, 0, 1, 0, 2, 0, 1, 2, 0, 0, 0, 1, 0, 1, 2, 1, 0, 2]|[3, 1, 2, 3, 0, 0, 0, 2, 0, 0, 3, 0, 0, 1, 3, 0, 0, 1, 3, 1]|[0, 1, 1, 0, 1, 0, 0, 2, 1, 1, 1, 0, 0, 0, 1, 1, 1, 0, 2, 0],353.622267381566;11013.698193159340;13958.464010419659,0,false,[6, 19, 12, 5, 14, 16, 3, 18, 10, 13, 17, 0, 8, 1, 9, 4, 2, 11, 7, 15]|[0, 2, 0, 0, 1, 0, 2, 0, 1, 2, 0, 0, 0, 1, 0, 1, 2, 1, 0, 2]|[3, 1, 2, 3, 0, 0, 0, 2, 0, 0, 3, 0, 0, 1, 3, 0, 0, 1, 3, 1]|[0, 1, 1, 0, 1, 0, 0, 2, 1, 1, 1, 0, 0, 0, 1, 1, 1, 0, 2, 0],353.622267381566;11013.698193159340;13958.464010419659,13958.464010419659,NOT_APPLICABLE,NOT_APPLICABLE,NOT_APPLICABLE,7
19,1,1900,G4_BALANCED,PREVIOUS,[6, 19, 12, 5, 4, 16, 0, 11, 13, 10, 8, 9, 15, 17, 7, 1, 2, 18, 3, 14]|[2, 2, 1, 0, 1, 0, 2, 1, 0, 2, 0, 0, 1, 2, 0, 1, 2, 1, 2, 2]|[0, 1, 1, 3, 1, 3, 0, 1, 0, 1, 2, 3, 0, 0, 3, 1, 0, 1, 0, 1]|[0, 1, 0, 0, 1, 1, 1, 1, 2, 1, 2, 1, 1, 0, 2, 1, 1, 1, 0, 1],235.129425134640;10313.890467008983;20112.544264317700,1,true,[6, 19, 12, 5, 4, 16, 0, 11, 13, 10, 8, 9, 15, 17, 7, 14, 1, 18, 2, 3]|[2, 2, 1, 0, 1, 0, 2, 1, 0, 2, 0, 2, 1, 2, 0, 2, 1, 1, 2, 2]|[0, 1, 1, 3, 1, 3, 0, 1, 0, 1, 2, 1, 0, 0, 3, 1, 1, 1, 0, 0]|[0, 1, 0, 0, 1, 1, 1, 1, 2, 1, 2, 1, 1, 0, 2, 1, 1, 1, 0, 0],228.905111167256;10268.182376253031;19154.503650753670,0.805074440739,1900,1900,0,8
19,1,1900,G4_BALANCED,HISTORICAL,[6, 19, 12, 5, 4, 16, 0, 11, 13, 10, 8, 9, 15, 17, 7, 1, 2, 18, 3, 14]|[2, 2, 1, 0, 1, 0, 2, 1, 0, 2, 0, 0, 1, 2, 0, 1, 2, 1, 2, 2]|[0, 1, 1, 3, 1, 3, 0, 1, 0, 1, 2, 3, 0, 0, 3, 1, 0, 1, 0, 1]|[0, 1, 0, 0, 1, 1, 1, 1, 2, 1, 2, 1, 1, 0, 2, 1, 1, 1, 0, 1],235.129425134640;10313.890467008983;20112.544264317700,1,true,[6, 19, 12, 5, 4, 16, 0, 11, 13, 10, 8, 9, 15, 17, 7, 14, 1, 18, 2, 3]|[2, 2, 1, 0, 1, 0, 2, 1, 0, 2, 0, 2, 1, 2, 0, 2, 1, 1, 2, 2]|[0, 1, 1, 3, 1, 3, 0, 1, 0, 1, 2, 1, 0, 0, 3, 1, 1, 1, 0, 0]|[0, 1, 0, 0, 1, 1, 1, 1, 2, 1, 2, 1, 1, 0, 2, 1, 1, 1, 0, 0],228.905111167256;10268.182376253031;19154.503650753670,0.805074440739,1900,1900,0,5
20,1,2000,G1_CMAX,PREVIOUS,[6, 19, 12, 5, 4, 16, 3, 9, 10, 17, 14, 8, 7, 13, 15, 11, 1, 18, 2, 0]|[2, 1, 1, 0, 1, 0, 0, 0, 1, 0, 2, 0, 1, 2, 2, 1, 1, 0, 2, 0]|[0, 1, 1, 3, 0, 0, 2, 2, 1, 0, 0, 2, 1, 0, 1, 1, 1, 0, 0, 0]|[1, 1, 1, 0, 1, 0, 1, 2, 0, 0, 0, 2, 1, 1, 0, 1, 0, 1, 1, 0],295.522985012257;10719.510185329782;14983.472792350045,0,false,[6, 19, 12, 5, 4, 16, 3, 9, 10, 17, 14, 8, 7, 13, 15, 11, 1, 18, 2, 0]|[2, 1, 1, 0, 1, 0, 0, 0, 1, 0, 2, 0, 1, 2, 2, 1, 1, 0, 2, 0]|[0, 1, 1, 3, 0, 0, 2, 2, 1, 0, 0, 2, 1, 0, 1, 1, 1, 0, 0, 0]|[1, 1, 1, 0, 1, 0, 1, 2, 0, 0, 0, 2, 1, 1, 0, 1, 0, 1, 1, 0],295.522985012257;10719.510185329782;14983.472792350045,295.522985012257,NOT_APPLICABLE,NOT_APPLICABLE,NOT_APPLICABLE,8
20,1,2000,G1_CMAX,HISTORICAL,[6, 19, 12, 5, 4, 16, 3, 9, 10, 17, 2, 18, 13, 14, 8, 11, 7, 1, 15, 0]|[2, 1, 1, 2, 1, 0, 1, 0, 1, 0, 2, 0, 2, 1, 0, 2, 1, 1, 0, 2]|[0, 1, 1, 1, 0, 3, 0, 3, 1, 0, 0, 0, 0, 0, 0, 1, 0, 1, 3, 0]|[1, 1, 1, 0, 0, 1, 1, 2, 1, 0, 1, 1, 1, 1, 0, 0, 1, 0, 2, 1],226.990629343372;11104.352378173600;18140.749392244250,0,false,[6, 19, 12, 5, 4, 16, 3, 9, 10, 17, 2, 18, 13, 14, 8, 11, 7, 1, 15, 0]|[2, 1, 1, 2, 1, 0, 1, 0, 1, 0, 2, 0, 2, 1, 0, 2, 1, 1, 0, 2]|[0, 1, 1, 1, 0, 3, 0, 3, 1, 0, 0, 0, 0, 0, 0, 1, 0, 1, 3, 0]|[1, 1, 1, 0, 0, 1, 1, 2, 1, 0, 1, 1, 1, 1, 0, 0, 1, 0, 2, 1],226.990629343372;11104.352378173600;18140.749392244250,226.990629343372,NOT_APPLICABLE,NOT_APPLICABLE,NOT_APPLICABLE,5
20,1,2000,G2_TEC,PREVIOUS,[6, 19, 12, 5, 4, 16, 8, 17, 3, 9, 10, 13, 14, 11, 7, 1, 18, 0, 15, 2]|[0, 1, 2, 1, 0, 2, 2, 0, 1, 0, 1, 0, 1, 2, 0, 2, 0, 0, 0, 1]|[3, 1, 0, 1, 2, 1, 1, 3, 0, 3, 1, 3, 1, 0, 3, 1, 0, 3, 0, 1]|[0, 1, 0, 0, 2, 1, 1, 1, 1, 2, 1, 1, 1, 0, 0, 1, 1, 2, 0, 1],325.769300520403;10040.501232651068;16081.382388774446,0,false,[6, 19, 12, 5, 4, 16, 8, 17, 3, 9, 10, 13, 14, 11, 7, 1, 18, 0, 15, 2]|[0, 1, 2, 1, 0, 2, 2, 0, 1, 0, 1, 0, 1, 2, 0, 2, 0, 0, 0, 1]|[3, 1, 0, 1, 2, 1, 1, 3, 0, 3, 1, 3, 1, 0, 3, 1, 0, 3, 0, 1]|[0, 1, 0, 0, 2, 1, 1, 1, 1, 2, 1, 1, 1, 0, 0, 1, 1, 2, 0, 1],325.769300520403;10040.501232651068;16081.382388774446,10040.501232651068,NOT_APPLICABLE,NOT_APPLICABLE,NOT_APPLICABLE,6
20,1,2000,G2_TEC,HISTORICAL,[6, 19, 12, 5, 4, 16, 8, 17, 3, 9, 10, 13, 14, 11, 7, 1, 18, 0, 15, 2]|[0, 1, 2, 1, 0, 2, 2, 0, 1, 0, 1, 0, 1, 2, 0, 2, 0, 0, 0, 1]|[3, 1, 0, 1, 2, 1, 1, 3, 0, 3, 1, 3, 1, 0, 3, 1, 0, 3, 0, 1]|[0, 1, 0, 0, 2, 1, 1, 1, 1, 2, 1, 1, 1, 0, 0, 1, 1, 2, 0, 1],325.769300520403;10040.501232651068;16081.382388774446,0,false,[6, 19, 12, 5, 4, 16, 8, 17, 3, 9, 10, 13, 14, 11, 7, 1, 18, 0, 15, 2]|[0, 1, 2, 1, 0, 2, 2, 0, 1, 0, 1, 0, 1, 2, 0, 2, 0, 0, 0, 1]|[3, 1, 0, 1, 2, 1, 1, 3, 0, 3, 1, 3, 1, 0, 3, 1, 0, 3, 0, 1]|[0, 1, 0, 0, 2, 1, 1, 1, 1, 2, 1, 1, 1, 0, 0, 1, 1, 2, 0, 1],325.769300520403;10040.501232651068;16081.382388774446,10040.501232651068,NOT_APPLICABLE,NOT_APPLICABLE,NOT_APPLICABLE,6
20,1,2000,G3_TWC,PREVIOUS,[6, 19, 12, 5, 14, 16, 3, 18, 10, 13, 17, 0, 8, 1, 9, 4, 2, 11, 7, 15]|[0, 2, 0, 0, 1, 0, 2, 0, 1, 2, 0, 0, 0, 1, 0, 1, 2, 1, 0, 2]|[3, 1, 2, 3, 0, 0, 0, 2, 0, 0, 3, 0, 0, 1, 3, 0, 0, 1, 3, 1]|[0, 1, 1, 0, 1, 0, 0, 2, 1, 1, 1, 0, 0, 0, 1, 1, 1, 0, 2, 0],353.622267381566;11013.698193159340;13958.464010419659,0,false,[6, 19, 12, 5, 14, 16, 3, 18, 10, 13, 17, 0, 8, 1, 9, 4, 2, 11, 7, 15]|[0, 2, 0, 0, 1, 0, 2, 0, 1, 2, 0, 0, 0, 1, 0, 1, 2, 1, 0, 2]|[3, 1, 2, 3, 0, 0, 0, 2, 0, 0, 3, 0, 0, 1, 3, 0, 0, 1, 3, 1]|[0, 1, 1, 0, 1, 0, 0, 2, 1, 1, 1, 0, 0, 0, 1, 1, 1, 0, 2, 0],353.622267381566;11013.698193159340;13958.464010419659,13958.464010419659,NOT_APPLICABLE,NOT_APPLICABLE,NOT_APPLICABLE,6
20,1,2000,G3_TWC,HISTORICAL,[6, 19, 12, 5, 14, 16, 3, 18, 10, 13, 17, 0, 8, 1, 9, 4, 2, 11, 7, 15]|[0, 2, 0, 0, 1, 0, 2, 0, 1, 2, 0, 0, 0, 1, 0, 1, 2, 1, 0, 2]|[3, 1, 2, 3, 0, 0, 0, 2, 0, 0, 3, 0, 0, 1, 3, 0, 0, 1, 3, 1]|[0, 1, 1, 0, 1, 0, 0, 2, 1, 1, 1, 0, 0, 0, 1, 1, 1, 0, 2, 0],353.622267381566;11013.698193159340;13958.464010419659,0,false,[6, 19, 12, 5, 14, 16, 3, 18, 10, 13, 17, 0, 8, 1, 9, 4, 2, 11, 7, 15]|[0, 2, 0, 0, 1, 0, 2, 0, 1, 2, 0, 0, 0, 1, 0, 1, 2, 1, 0, 2]|[3, 1, 2, 3, 0, 0, 0, 2, 0, 0, 3, 0, 0, 1, 3, 0, 0, 1, 3, 1]|[0, 1, 1, 0, 1, 0, 0, 2, 1, 1, 1, 0, 0, 0, 1, 1, 1, 0, 2, 0],353.622267381566;11013.698193159340;13958.464010419659,13958.464010419659,NOT_APPLICABLE,NOT_APPLICABLE,NOT_APPLICABLE,8
20,1,2000,G4_BALANCED,PREVIOUS,[6, 19, 12, 5, 4, 16, 0, 11, 13, 10, 8, 9, 15, 17, 7, 14, 1, 18, 2, 3]|[2, 2, 1, 0, 1, 0, 2, 1, 0, 2, 0, 2, 1, 2, 0, 2, 1, 1, 2, 2]|[0, 1, 1, 3, 1, 3, 0, 1, 0, 1, 2, 1, 0, 0, 3, 1, 1, 1, 0, 0]|[0, 1, 0, 0, 1, 1, 1, 1, 2, 1, 2, 1, 1, 0, 2, 1, 1, 1, 0, 0],228.905111167256;10268.182376253031;19154.503650753670,0,false,[6, 19, 12, 5, 4, 16, 0, 11, 13, 10, 8, 9, 15, 17, 7, 14, 1, 18, 2, 3]|[2, 2, 1, 0, 1, 0, 2, 1, 0, 2, 0, 2, 1, 2, 0, 2, 1, 1, 2, 2]|[0, 1, 1, 3, 1, 3, 0, 1, 0, 1, 2, 1, 0, 0, 3, 1, 1, 1, 0, 0]|[0, 1, 0, 0, 1, 1, 1, 1, 2, 1, 2, 1, 1, 0, 2, 1, 1, 1, 0, 0],228.905111167256;10268.182376253031;19154.503650753670,0.805074440739,NOT_APPLICABLE,NOT_APPLICABLE,NOT_APPLICABLE,9
20,1,2000,G4_BALANCED,HISTORICAL,[6, 19, 12, 5, 4, 16, 0, 11, 13, 10, 8, 9, 15, 17, 7, 14, 1, 18, 2, 3]|[2, 2, 1, 0, 1, 0, 2, 1, 0, 2, 0, 2, 1, 2, 0, 2, 1, 1, 2, 2]|[0, 1, 1, 3, 1, 3, 0, 1, 0, 1, 2, 1, 0, 0, 3, 1, 1, 1, 0, 0]|[0, 1, 0, 0, 1, 1, 1, 1, 2, 1, 2, 1, 1, 0, 2, 1, 1, 1, 0, 0],228.905111167256;10268.182376253031;19154.503650753670,0,false,[6, 19, 12, 5, 4, 16, 0, 11, 13, 10, 8, 9, 15, 17, 7, 14, 1, 18, 2, 3]|[2, 2, 1, 0, 1, 0, 2, 1, 0, 2, 0, 2, 1, 2, 0, 2, 1, 1, 2, 2]|[0, 1, 1, 3, 1, 3, 0, 1, 0, 1, 2, 1, 0, 0, 3, 1, 1, 1, 0, 0]|[0, 1, 0, 0, 1, 1, 1, 1, 2, 1, 2, 1, 1, 0, 2, 1, 1, 1, 0, 0],228.905111167256;10268.182376253031;19154.503650753670,0.805074440739,NOT_APPLICABLE,NOT_APPLICABLE,NOT_APPLICABLE,5
21,1,2100,G1_CMAX,PREVIOUS,[6, 19, 12, 5, 4, 16, 8, 17, 3, 9, 10, 13, 14, 11, 7, 1, 18, 0, 15, 2]|[0, 1, 2, 1, 0, 2, 2, 0, 1, 0, 1, 0, 1, 2, 0, 2, 0, 0, 0, 1]|[3, 1, 0, 1, 2, 1, 1, 3, 0, 3, 1, 3, 1, 0, 3, 1, 0, 3, 0, 1]|[0, 1, 0, 0, 2, 1, 1, 1, 1, 2, 1, 1, 1, 0, 0, 1, 1, 2, 0, 1],325.769300520403;10040.501232651068;16081.382388774446,0,false,[6, 19, 12, 5, 4, 16, 8, 17, 3, 9, 10, 13, 14, 11, 7, 1, 18, 0, 15, 2]|[0, 1, 2, 1, 0, 2, 2, 0, 1, 0, 1, 0, 1, 2, 0, 2, 0, 0, 0, 1]|[3, 1, 0, 1, 2, 1, 1, 3, 0, 3, 1, 3, 1, 0, 3, 1, 0, 3, 0, 1]|[0, 1, 0, 0, 2, 1, 1, 1, 1, 2, 1, 1, 1, 0, 0, 1, 1, 2, 0, 1],325.769300520403;10040.501232651068;16081.382388774446,325.769300520403,NOT_APPLICABLE,NOT_APPLICABLE,NOT_APPLICABLE,8
21,1,2100,G1_CMAX,HISTORICAL,[6, 19, 12, 5, 4, 16, 3, 9, 10, 17, 2, 18, 13, 14, 8, 11, 7, 1, 15, 0]|[2, 1, 1, 2, 1, 0, 1, 0, 1, 0, 2, 0, 2, 1, 0, 2, 1, 1, 0, 2]|[0, 1, 1, 1, 0, 3, 0, 3, 1, 0, 0, 0, 0, 0, 0, 1, 0, 1, 3, 0]|[1, 1, 1, 0, 0, 1, 1, 2, 1, 0, 1, 1, 1, 1, 0, 0, 1, 0, 2, 1],226.990629343372;11104.352378173600;18140.749392244250,0,false,[6, 19, 12, 5, 4, 16, 3, 9, 10, 17, 2, 18, 13, 14, 8, 11, 7, 1, 15, 0]|[2, 1, 1, 2, 1, 0, 1, 0, 1, 0, 2, 0, 2, 1, 0, 2, 1, 1, 0, 2]|[0, 1, 1, 1, 0, 3, 0, 3, 1, 0, 0, 0, 0, 0, 0, 1, 0, 1, 3, 0]|[1, 1, 1, 0, 0, 1, 1, 2, 1, 0, 1, 1, 1, 1, 0, 0, 1, 0, 2, 1],226.990629343372;11104.352378173600;18140.749392244250,226.990629343372,NOT_APPLICABLE,NOT_APPLICABLE,NOT_APPLICABLE,5
21,1,2100,G2_TEC,PREVIOUS,[6, 19, 12, 5, 4, 16, 8, 17, 3, 9, 10, 13, 14, 11, 7, 1, 18, 0, 15, 2]|[0, 1, 2, 1, 0, 2, 2, 0, 1, 0, 1, 0, 1, 2, 0, 2, 0, 0, 0, 1]|[3, 1, 0, 1, 2, 1, 1, 3, 0, 3, 1, 3, 1, 0, 3, 1, 0, 3, 0, 1]|[0, 1, 0, 0, 2, 1, 1, 1, 1, 2, 1, 1, 1, 0, 0, 1, 1, 2, 0, 1],325.769300520403;10040.501232651068;16081.382388774446,0,false,[6, 19, 12, 5, 4, 16, 8, 17, 3, 9, 10, 13, 14, 11, 7, 1, 18, 0, 15, 2]|[0, 1, 2, 1, 0, 2, 2, 0, 1, 0, 1, 0, 1, 2, 0, 2, 0, 0, 0, 1]|[3, 1, 0, 1, 2, 1, 1, 3, 0, 3, 1, 3, 1, 0, 3, 1, 0, 3, 0, 1]|[0, 1, 0, 0, 2, 1, 1, 1, 1, 2, 1, 1, 1, 0, 0, 1, 1, 2, 0, 1],325.769300520403;10040.501232651068;16081.382388774446,10040.501232651068,NOT_APPLICABLE,NOT_APPLICABLE,NOT_APPLICABLE,6
21,1,2100,G2_TEC,HISTORICAL,[6, 19, 12, 5, 4, 16, 8, 17, 3, 9, 10, 13, 14, 11, 7, 1, 18, 0, 15, 2]|[0, 1, 2, 1, 0, 2, 2, 0, 1, 0, 1, 0, 1, 2, 0, 2, 0, 0, 0, 1]|[3, 1, 0, 1, 2, 1, 1, 3, 0, 3, 1, 3, 1, 0, 3, 1, 0, 3, 0, 1]|[0, 1, 0, 0, 2, 1, 1, 1, 1, 2, 1, 1, 1, 0, 0, 1, 1, 2, 0, 1],325.769300520403;10040.501232651068;16081.382388774446,0,false,[6, 19, 12, 5, 4, 16, 8, 17, 3, 9, 10, 13, 14, 11, 7, 1, 18, 0, 15, 2]|[0, 1, 2, 1, 0, 2, 2, 0, 1, 0, 1, 0, 1, 2, 0, 2, 0, 0, 0, 1]|[3, 1, 0, 1, 2, 1, 1, 3, 0, 3, 1, 3, 1, 0, 3, 1, 0, 3, 0, 1]|[0, 1, 0, 0, 2, 1, 1, 1, 1, 2, 1, 1, 1, 0, 0, 1, 1, 2, 0, 1],325.769300520403;10040.501232651068;16081.382388774446,10040.501232651068,NOT_APPLICABLE,NOT_APPLICABLE,NOT_APPLICABLE,7
21,1,2100,G3_TWC,PREVIOUS,[6, 19, 12, 5, 14, 16, 3, 18, 10, 13, 17, 0, 8, 1, 9, 4, 2, 11, 7, 15]|[0, 2, 0, 0, 1, 0, 2, 0, 1, 2, 0, 0, 0, 1, 0, 1, 2, 1, 0, 2]|[3, 1, 2, 3, 0, 0, 0, 2, 0, 0, 3, 0, 0, 1, 3, 0, 0, 1, 3, 1]|[0, 1, 1, 0, 1, 0, 0, 2, 1, 1, 1, 0, 0, 0, 1, 1, 1, 0, 2, 0],353.622267381566;11013.698193159340;13958.464010419659,1,true,[6, 19, 12, 5, 14, 16, 3, 18, 10, 13, 2, 9, 8, 1, 0, 11, 7, 15, 17, 4]|[2, 1, 0, 0, 1, 0, 2, 0, 2, 2, 2, 0, 0, 1, 0, 1, 0, 0, 0, 1]|[0, 1, 2, 3, 0, 3, 0, 2, 0, 0, 0, 3, 0, 1, 3, 1, 3, 1, 0, 0]|[1, 1, 1, 0, 1, 1, 0, 2, 0, 1, 1, 2, 0, 0, 2, 0, 2, 1, 0, 1],351.213698260635;10659.527845443476;13871.765902077646,13871.765902077646,2100,2100,0,6
21,1,2100,G3_TWC,HISTORICAL,[6, 19, 12, 5, 14, 16, 3, 18, 10, 13, 17, 0, 8, 1, 9, 4, 2, 11, 7, 15]|[0, 2, 0, 0, 1, 0, 2, 0, 1, 2, 0, 0, 0, 1, 0, 1, 2, 1, 0, 2]|[3, 1, 2, 3, 0, 0, 0, 2, 0, 0, 3, 0, 0, 1, 3, 0, 0, 1, 3, 1]|[0, 1, 1, 0, 1, 0, 0, 2, 1, 1, 1, 0, 0, 0, 1, 1, 1, 0, 2, 0],353.622267381566;11013.698193159340;13958.464010419659,1,true,[6, 19, 12, 5, 14, 16, 3, 18, 10, 13, 2, 9, 8, 1, 0, 11, 7, 15, 17, 4]|[2, 1, 0, 0, 1, 0, 2, 0, 2, 2, 2, 0, 0, 1, 0, 1, 0, 0, 0, 1]|[0, 1, 2, 3, 0, 3, 0, 2, 0, 0, 0, 3, 0, 1, 3, 1, 3, 1, 0, 0]|[1, 1, 1, 0, 1, 1, 0, 2, 0, 1, 1, 2, 0, 0, 2, 0, 2, 1, 0, 1],351.213698260635;10659.527845443476;13871.765902077646,13871.765902077646,2100,2100,0,9
21,1,2100,G4_BALANCED,PREVIOUS,[6, 19, 12, 5, 4, 16, 0, 11, 13, 10, 8, 9, 15, 17, 7, 14, 1, 18, 2, 3]|[2, 2, 1, 0, 1, 0, 2, 1, 0, 2, 0, 2, 1, 2, 0, 2, 1, 1, 2, 2]|[0, 1, 1, 3, 1, 3, 0, 1, 0, 1, 2, 1, 0, 0, 3, 1, 1, 1, 0, 0]|[0, 1, 0, 0, 1, 1, 1, 1, 2, 1, 2, 1, 1, 0, 2, 1, 1, 1, 0, 0],228.905111167256;10268.182376253031;19154.503650753670,0,false,[6, 19, 12, 5, 4, 16, 0, 11, 13, 10, 8, 9, 15, 17, 7, 14, 1, 18, 2, 3]|[2, 2, 1, 0, 1, 0, 2, 1, 0, 2, 0, 2, 1, 2, 0, 2, 1, 1, 2, 2]|[0, 1, 1, 3, 1, 3, 0, 1, 0, 1, 2, 1, 0, 0, 3, 1, 1, 1, 0, 0]|[0, 1, 0, 0, 1, 1, 1, 1, 2, 1, 2, 1, 1, 0, 2, 1, 1, 1, 0, 0],228.905111167256;10268.182376253031;19154.503650753670,0.805074440739,NOT_APPLICABLE,NOT_APPLICABLE,NOT_APPLICABLE,9
21,1,2100,G4_BALANCED,HISTORICAL,[6, 19, 12, 5, 4, 16, 0, 11, 13, 10, 8, 9, 15, 17, 7, 14, 1, 18, 2, 3]|[2, 2, 1, 0, 1, 0, 2, 1, 0, 2, 0, 2, 1, 2, 0, 2, 1, 1, 2, 2]|[0, 1, 1, 3, 1, 3, 0, 1, 0, 1, 2, 1, 0, 0, 3, 1, 1, 1, 0, 0]|[0, 1, 0, 0, 1, 1, 1, 1, 2, 1, 2, 1, 1, 0, 2, 1, 1, 1, 0, 0],228.905111167256;10268.182376253031;19154.503650753670,0,false,[6, 19, 12, 5, 4, 16, 0, 11, 13, 10, 8, 9, 15, 17, 7, 14, 1, 18, 2, 3]|[2, 2, 1, 0, 1, 0, 2, 1, 0, 2, 0, 2, 1, 2, 0, 2, 1, 1, 2, 2]|[0, 1, 1, 3, 1, 3, 0, 1, 0, 1, 2, 1, 0, 0, 3, 1, 1, 1, 0, 0]|[0, 1, 0, 0, 1, 1, 1, 1, 2, 1, 2, 1, 1, 0, 2, 1, 1, 1, 0, 0],228.905111167256;10268.182376253031;19154.503650753670,0.805074440739,NOT_APPLICABLE,NOT_APPLICABLE,NOT_APPLICABLE,6
22,1,2200,G1_CMAX,PREVIOUS,[6, 19, 12, 5, 4, 16, 3, 9, 10, 17, 2, 18, 13, 14, 8, 11, 7, 1, 15, 0]|[2, 1, 1, 2, 1, 0, 1, 0, 1, 0, 2, 0, 2, 1, 0, 2, 1, 1, 0, 2]|[0, 1, 1, 1, 0, 3, 0, 3, 1, 0, 0, 0, 0, 0, 0, 1, 0, 1, 3, 0]|[1, 1, 1, 0, 0, 1, 1, 2, 1, 0, 1, 1, 1, 1, 0, 0, 1, 0, 2, 1],226.990629343372;11104.352378173600;18140.749392244250,0,false,[6, 19, 12, 5, 4, 16, 3, 9, 10, 17, 2, 18, 13, 14, 8, 11, 7, 1, 15, 0]|[2, 1, 1, 2, 1, 0, 1, 0, 1, 0, 2, 0, 2, 1, 0, 2, 1, 1, 0, 2]|[0, 1, 1, 1, 0, 3, 0, 3, 1, 0, 0, 0, 0, 0, 0, 1, 0, 1, 3, 0]|[1, 1, 1, 0, 0, 1, 1, 2, 1, 0, 1, 1, 1, 1, 0, 0, 1, 0, 2, 1],226.990629343372;11104.352378173600;18140.749392244250,226.990629343372,NOT_APPLICABLE,NOT_APPLICABLE,NOT_APPLICABLE,8
22,1,2200,G1_CMAX,HISTORICAL,[6, 19, 12, 5, 4, 16, 3, 9, 10, 17, 2, 18, 13, 14, 8, 11, 7, 1, 15, 0]|[2, 1, 1, 2, 1, 0, 1, 0, 1, 0, 2, 0, 2, 1, 0, 2, 1, 1, 0, 2]|[0, 1, 1, 1, 0, 3, 0, 3, 1, 0, 0, 0, 0, 0, 0, 1, 0, 1, 3, 0]|[1, 1, 1, 0, 0, 1, 1, 2, 1, 0, 1, 1, 1, 1, 0, 0, 1, 0, 2, 1],226.990629343372;11104.352378173600;18140.749392244250,0,false,[6, 19, 12, 5, 4, 16, 3, 9, 10, 17, 2, 18, 13, 14, 8, 11, 7, 1, 15, 0]|[2, 1, 1, 2, 1, 0, 1, 0, 1, 0, 2, 0, 2, 1, 0, 2, 1, 1, 0, 2]|[0, 1, 1, 1, 0, 3, 0, 3, 1, 0, 0, 0, 0, 0, 0, 1, 0, 1, 3, 0]|[1, 1, 1, 0, 0, 1, 1, 2, 1, 0, 1, 1, 1, 1, 0, 0, 1, 0, 2, 1],226.990629343372;11104.352378173600;18140.749392244250,226.990629343372,NOT_APPLICABLE,NOT_APPLICABLE,NOT_APPLICABLE,6
22,1,2200,G2_TEC,PREVIOUS,[6, 19, 12, 5, 4, 16, 8, 17, 3, 9, 10, 13, 14, 11, 7, 1, 18, 0, 15, 2]|[0, 1, 2, 1, 0, 2, 2, 0, 1, 0, 1, 0, 1, 2, 0, 2, 0, 0, 0, 1]|[3, 1, 0, 1, 2, 1, 1, 3, 0, 3, 1, 3, 1, 0, 3, 1, 0, 3, 0, 1]|[0, 1, 0, 0, 2, 1, 1, 1, 1, 2, 1, 1, 1, 0, 0, 1, 1, 2, 0, 1],325.769300520403;10040.501232651068;16081.382388774446,0,false,[6, 19, 12, 5, 4, 16, 8, 17, 3, 9, 10, 13, 14, 11, 7, 1, 18, 0, 15, 2]|[0, 1, 2, 1, 0, 2, 2, 0, 1, 0, 1, 0, 1, 2, 0, 2, 0, 0, 0, 1]|[3, 1, 0, 1, 2, 1, 1, 3, 0, 3, 1, 3, 1, 0, 3, 1, 0, 3, 0, 1]|[0, 1, 0, 0, 2, 1, 1, 1, 1, 2, 1, 1, 1, 0, 0, 1, 1, 2, 0, 1],325.769300520403;10040.501232651068;16081.382388774446,10040.501232651068,NOT_APPLICABLE,NOT_APPLICABLE,NOT_APPLICABLE,7
22,1,2200,G2_TEC,HISTORICAL,[6, 19, 12, 5, 4, 16, 8, 17, 3, 9, 10, 13, 14, 11, 7, 1, 18, 0, 15, 2]|[0, 1, 2, 1, 0, 2, 2, 0, 1, 0, 1, 0, 1, 2, 0, 2, 0, 0, 0, 1]|[3, 1, 0, 1, 2, 1, 1, 3, 0, 3, 1, 3, 1, 0, 3, 1, 0, 3, 0, 1]|[0, 1, 0, 0, 2, 1, 1, 1, 1, 2, 1, 1, 1, 0, 0, 1, 1, 2, 0, 1],325.769300520403;10040.501232651068;16081.382388774446,0,false,[6, 19, 12, 5, 4, 16, 8, 17, 3, 9, 10, 13, 14, 11, 7, 1, 18, 0, 15, 2]|[0, 1, 2, 1, 0, 2, 2, 0, 1, 0, 1, 0, 1, 2, 0, 2, 0, 0, 0, 1]|[3, 1, 0, 1, 2, 1, 1, 3, 0, 3, 1, 3, 1, 0, 3, 1, 0, 3, 0, 1]|[0, 1, 0, 0, 2, 1, 1, 1, 1, 2, 1, 1, 1, 0, 0, 1, 1, 2, 0, 1],325.769300520403;10040.501232651068;16081.382388774446,10040.501232651068,NOT_APPLICABLE,NOT_APPLICABLE,NOT_APPLICABLE,7
22,1,2200,G3_TWC,PREVIOUS,[6, 19, 12, 5, 14, 16, 3, 18, 10, 13, 2, 9, 8, 1, 0, 11, 7, 15, 17, 4]|[2, 1, 0, 0, 1, 0, 2, 0, 2, 2, 2, 0, 0, 1, 0, 1, 0, 0, 0, 1]|[0, 1, 2, 3, 0, 3, 0, 2, 0, 0, 0, 3, 0, 1, 3, 1, 3, 1, 0, 0]|[1, 1, 1, 0, 1, 1, 0, 2, 0, 1, 1, 2, 0, 0, 2, 0, 2, 1, 0, 1],351.213698260635;10659.527845443476;13871.765902077646,0,false,[6, 19, 12, 5, 14, 16, 3, 18, 10, 13, 2, 9, 8, 1, 0, 11, 7, 15, 17, 4]|[2, 1, 0, 0, 1, 0, 2, 0, 2, 2, 2, 0, 0, 1, 0, 1, 0, 0, 0, 1]|[0, 1, 2, 3, 0, 3, 0, 2, 0, 0, 0, 3, 0, 1, 3, 1, 3, 1, 0, 0]|[1, 1, 1, 0, 1, 1, 0, 2, 0, 1, 1, 2, 0, 0, 2, 0, 2, 1, 0, 1],351.213698260635;10659.527845443476;13871.765902077646,13871.765902077646,NOT_APPLICABLE,NOT_APPLICABLE,NOT_APPLICABLE,6
22,1,2200,G3_TWC,HISTORICAL,[6, 19, 12, 5, 14, 16, 3, 18, 10, 13, 2, 9, 8, 1, 0, 11, 7, 15, 17, 4]|[2, 1, 0, 0, 1, 0, 2, 0, 2, 2, 2, 0, 0, 1, 0, 1, 0, 0, 0, 1]|[0, 1, 2, 3, 0, 3, 0, 2, 0, 0, 0, 3, 0, 1, 3, 1, 3, 1, 0, 0]|[1, 1, 1, 0, 1, 1, 0, 2, 0, 1, 1, 2, 0, 0, 2, 0, 2, 1, 0, 1],351.213698260635;10659.527845443476;13871.765902077646,0,false,[6, 19, 12, 5, 14, 16, 3, 18, 10, 13, 2, 9, 8, 1, 0, 11, 7, 15, 17, 4]|[2, 1, 0, 0, 1, 0, 2, 0, 2, 2, 2, 0, 0, 1, 0, 1, 0, 0, 0, 1]|[0, 1, 2, 3, 0, 3, 0, 2, 0, 0, 0, 3, 0, 1, 3, 1, 3, 1, 0, 0]|[1, 1, 1, 0, 1, 1, 0, 2, 0, 1, 1, 2, 0, 0, 2, 0, 2, 1, 0, 1],351.213698260635;10659.527845443476;13871.765902077646,13871.765902077646,NOT_APPLICABLE,NOT_APPLICABLE,NOT_APPLICABLE,10
22,1,2200,G4_BALANCED,PREVIOUS,[6, 19, 12, 5, 4, 16, 0, 11, 13, 10, 17, 8, 15, 3, 14, 9, 18, 7, 2, 1]|[2, 2, 0, 1, 1, 0, 2, 1, 0, 0, 2, 0, 0, 0, 2, 0, 1, 0, 2, 0]|[0, 0, 2, 1, 1, 3, 0, 1, 3, 3, 1, 3, 0, 0, 1, 3, 1, 3, 0, 3]|[0, 0, 1, 1, 1, 0, 1, 0, 2, 0, 1, 1, 0, 2, 1, 1, 1, 2, 0, 2],346.548892773456;9996.765668470267;14680.133735210570,0,false,[6, 19, 12, 5, 4, 16, 0, 11, 13, 10, 17, 8, 15, 3, 14, 9, 18, 7, 2, 1]|[2, 2, 0, 1, 1, 0, 2, 1, 0, 0, 2, 0, 0, 0, 2, 0, 1, 0, 2, 0]|[0, 0, 2, 1, 1, 3, 0, 1, 3, 3, 1, 3, 0, 0, 1, 3, 1, 3, 0, 3]|[0, 0, 1, 1, 1, 0, 1, 0, 2, 0, 1, 1, 0, 2, 1, 1, 1, 2, 0, 2],346.548892773456;9996.765668470267;14680.133735210570,0.590177305086,NOT_APPLICABLE,NOT_APPLICABLE,NOT_APPLICABLE,9
22,1,2200,G4_BALANCED,HISTORICAL,[6, 19, 12, 5, 4, 16, 0, 11, 13, 10, 17, 8, 15, 3, 14, 9, 18, 7, 2, 1]|[2, 2, 0, 1, 1, 0, 2, 1, 0, 0, 2, 0, 0, 0, 2, 0, 1, 0, 2, 0]|[0, 0, 2, 1, 1, 3, 0, 1, 3, 3, 1, 3, 0, 0, 1, 3, 1, 3, 0, 3]|[0, 0, 1, 1, 1, 0, 1, 0, 2, 0, 1, 1, 0, 2, 1, 1, 1, 2, 0, 2],346.548892773456;9996.765668470267;14680.133735210570,0,false,[6, 19, 12, 5, 4, 16, 0, 11, 13, 10, 17, 8, 15, 3, 14, 9, 18, 7, 2, 1]|[2, 2, 0, 1, 1, 0, 2, 1, 0, 0, 2, 0, 0, 0, 2, 0, 1, 0, 2, 0]|[0, 0, 2, 1, 1, 3, 0, 1, 3, 3, 1, 3, 0, 0, 1, 3, 1, 3, 0, 3]|[0, 0, 1, 1, 1, 0, 1, 0, 2, 0, 1, 1, 0, 2, 1, 1, 1, 2, 0, 2],346.548892773456;9996.765668470267;14680.133735210570,0.590177305086,NOT_APPLICABLE,NOT_APPLICABLE,NOT_APPLICABLE,6
23,1,2300,G1_CMAX,PREVIOUS,[6, 19, 12, 5, 4, 16, 3, 9, 10, 17, 2, 18, 13, 14, 8, 11, 7, 1, 15, 0]|[2, 1, 1, 2, 1, 0, 1, 0, 1, 0, 2, 0, 2, 1, 0, 2, 1, 1, 0, 2]|[0, 1, 1, 1, 0, 3, 0, 3, 1, 0, 0, 0, 0, 0, 0, 1, 0, 1, 3, 0]|[1, 1, 1, 0, 0, 1, 1, 2, 1, 0, 1, 1, 1, 1, 0, 0, 1, 0, 2, 1],226.990629343372;11104.352378173600;18140.749392244250,0,false,[6, 19, 12, 5, 4, 16, 3, 9, 10, 17, 2, 18, 13, 14, 8, 11, 7, 1, 15, 0]|[2, 1, 1, 2, 1, 0, 1, 0, 1, 0, 2, 0, 2, 1, 0, 2, 1, 1, 0, 2]|[0, 1, 1, 1, 0, 3, 0, 3, 1, 0, 0, 0, 0, 0, 0, 1, 0, 1, 3, 0]|[1, 1, 1, 0, 0, 1, 1, 2, 1, 0, 1, 1, 1, 1, 0, 0, 1, 0, 2, 1],226.990629343372;11104.352378173600;18140.749392244250,226.990629343372,NOT_APPLICABLE,NOT_APPLICABLE,NOT_APPLICABLE,8
23,1,2300,G1_CMAX,HISTORICAL,[6, 19, 12, 5, 4, 16, 3, 9, 10, 17, 2, 18, 13, 14, 8, 11, 7, 1, 15, 0]|[2, 1, 1, 2, 1, 0, 1, 0, 1, 0, 2, 0, 2, 1, 0, 2, 1, 1, 0, 2]|[0, 1, 1, 1, 0, 3, 0, 3, 1, 0, 0, 0, 0, 0, 0, 1, 0, 1, 3, 0]|[1, 1, 1, 0, 0, 1, 1, 2, 1, 0, 1, 1, 1, 1, 0, 0, 1, 0, 2, 1],226.990629343372;11104.352378173600;18140.749392244250,0,false,[6, 19, 12, 5, 4, 16, 3, 9, 10, 17, 2, 18, 13, 14, 8, 11, 7, 1, 15, 0]|[2, 1, 1, 2, 1, 0, 1, 0, 1, 0, 2, 0, 2, 1, 0, 2, 1, 1, 0, 2]|[0, 1, 1, 1, 0, 3, 0, 3, 1, 0, 0, 0, 0, 0, 0, 1, 0, 1, 3, 0]|[1, 1, 1, 0, 0, 1, 1, 2, 1, 0, 1, 1, 1, 1, 0, 0, 1, 0, 2, 1],226.990629343372;11104.352378173600;18140.749392244250,226.990629343372,NOT_APPLICABLE,NOT_APPLICABLE,NOT_APPLICABLE,7
23,1,2300,G2_TEC,PREVIOUS,[6, 19, 12, 5, 4, 16, 8, 17, 3, 9, 10, 13, 14, 11, 7, 1, 18, 0, 15, 2]|[0, 1, 2, 1, 0, 2, 2, 0, 1, 0, 1, 0, 1, 2, 0, 2, 0, 0, 0, 1]|[3, 1, 0, 1, 2, 1, 1, 3, 0, 3, 1, 3, 1, 0, 3, 1, 0, 3, 0, 1]|[0, 1, 0, 0, 2, 1, 1, 1, 1, 2, 1, 1, 1, 0, 0, 1, 1, 2, 0, 1],325.769300520403;10040.501232651068;16081.382388774446,0,false,[6, 19, 12, 5, 4, 16, 8, 17, 3, 9, 10, 13, 14, 11, 7, 1, 18, 0, 15, 2]|[0, 1, 2, 1, 0, 2, 2, 0, 1, 0, 1, 0, 1, 2, 0, 2, 0, 0, 0, 1]|[3, 1, 0, 1, 2, 1, 1, 3, 0, 3, 1, 3, 1, 0, 3, 1, 0, 3, 0, 1]|[0, 1, 0, 0, 2, 1, 1, 1, 1, 2, 1, 1, 1, 0, 0, 1, 1, 2, 0, 1],325.769300520403;10040.501232651068;16081.382388774446,10040.501232651068,NOT_APPLICABLE,NOT_APPLICABLE,NOT_APPLICABLE,8
23,1,2300,G2_TEC,HISTORICAL,[6, 19, 12, 5, 4, 16, 8, 17, 3, 9, 10, 13, 14, 11, 7, 1, 18, 0, 15, 2]|[0, 1, 2, 1, 0, 2, 2, 0, 1, 0, 1, 0, 1, 2, 0, 2, 0, 0, 0, 1]|[3, 1, 0, 1, 2, 1, 1, 3, 0, 3, 1, 3, 1, 0, 3, 1, 0, 3, 0, 1]|[0, 1, 0, 0, 2, 1, 1, 1, 1, 2, 1, 1, 1, 0, 0, 1, 1, 2, 0, 1],325.769300520403;10040.501232651068;16081.382388774446,0,false,[6, 19, 12, 5, 4, 16, 8, 17, 3, 9, 10, 13, 14, 11, 7, 1, 18, 0, 15, 2]|[0, 1, 2, 1, 0, 2, 2, 0, 1, 0, 1, 0, 1, 2, 0, 2, 0, 0, 0, 1]|[3, 1, 0, 1, 2, 1, 1, 3, 0, 3, 1, 3, 1, 0, 3, 1, 0, 3, 0, 1]|[0, 1, 0, 0, 2, 1, 1, 1, 1, 2, 1, 1, 1, 0, 0, 1, 1, 2, 0, 1],325.769300520403;10040.501232651068;16081.382388774446,10040.501232651068,NOT_APPLICABLE,NOT_APPLICABLE,NOT_APPLICABLE,7
23,1,2300,G3_TWC,PREVIOUS,[6, 19, 12, 5, 4, 16, 3, 11, 15, 7, 2, 14, 13, 9, 1, 17, 8, 10, 0, 18]|[1, 0, 1, 2, 2, 1, 1, 2, 0, 0, 2, 0, 1, 0, 1, 1, 2, 0, 0, 0]|[1, 0, 1, 1, 0, 0, 1, 0, 3, 3, 0, 3, 1, 3, 1, 1, 0, 3, 3, 0]|[1, 2, 0, 1, 1, 1, 1, 1, 0, 2, 1, 0, 1, 1, 0, 1, 1, 0, 2, 1],286.838597898207;10068.502421545629;17606.500694599825,1,true,[6, 19, 12, 5, 4, 16, 3, 9, 13, 10, 11, 0, 15, 8, 14, 7, 18, 17, 2, 1]|[2, 1, 1, 1, 1, 0, 0, 0, 2, 2, 0, 0, 1, 2, 2, 1, 1, 0, 1, 0]|[0, 1, 1, 1, 1, 3, 0, 3, 0, 1, 2, 3, 0, 1, 1, 0, 1, 0, 1, 3]|[0, 1, 1, 1, 0, 1, 2, 2, 1, 1, 2, 1, 1, 1, 1, 1, 1, 0, 1, 0],282.360419951890;10004.611972044870;16434.456789029922,16434.456789029922,2300,2300,0,6
23,1,2300,G3_TWC,HISTORICAL,[6, 19, 12, 5, 14, 16, 3, 18, 10, 13, 2, 9, 8, 1, 0, 11, 7, 15, 17, 4]|[2, 1, 0, 0, 1, 0, 2, 0, 2, 2, 2, 0, 0, 1, 0, 1, 0, 0, 0, 1]|[0, 1, 2, 3, 0, 3, 0, 2, 0, 0, 0, 3, 0, 1, 3, 1, 3, 1, 0, 0]|[1, 1, 1, 0, 1, 1, 0, 2, 0, 1, 1, 2, 0, 0, 2, 0, 2, 1, 0, 1],351.213698260635;10659.527845443476;13871.765902077646,0,false,[6, 19, 12, 5, 14, 16, 3, 18, 10, 13, 2, 9, 8, 1, 0, 11, 7, 15, 17, 4]|[2, 1, 0, 0, 1, 0, 2, 0, 2, 2, 2, 0, 0, 1, 0, 1, 0, 0, 0, 1]|[0, 1, 2, 3, 0, 3, 0, 2, 0, 0, 0, 3, 0, 1, 3, 1, 3, 1, 0, 0]|[1, 1, 1, 0, 1, 1, 0, 2, 0, 1, 1, 2, 0, 0, 2, 0, 2, 1, 0, 1],351.213698260635;10659.527845443476;13871.765902077646,13871.765902077646,NOT_APPLICABLE,NOT_APPLICABLE,NOT_APPLICABLE,10
23,1,2300,G4_BALANCED,PREVIOUS,[6, 19, 12, 5, 4, 16, 3, 9, 10, 17, 2, 11, 15, 7, 0, 8, 18, 14, 13, 1]|[2, 1, 1, 0, 1, 0, 1, 0, 1, 0, 2, 2, 0, 1, 0, 2, 1, 1, 2, 0]|[0, 1, 1, 3, 1, 3, 0, 3, 0, 0, 0, 0, 3, 0, 0, 1, 1, 0, 0, 3]|[1, 1, 1, 0, 0, 1, 1, 2, 1, 0, 1, 0, 2, 1, 0, 1, 1, 1, 1, 0],294.797607836402;10199.290718507084;16482.700520491417,1,true,[6, 19, 12, 5, 4, 16, 3, 9, 13, 10, 11, 0, 15, 8, 14, 7, 18, 17, 2, 1]|[2, 1, 1, 1, 1, 0, 0, 0, 2, 2, 0, 0, 1, 2, 2, 1, 1, 0, 1, 0]|[0, 1, 1, 1, 1, 3, 0, 3, 0, 1, 2, 3, 0, 1, 1, 0, 1, 0, 1, 3]|[0, 1, 1, 1, 0, 1, 2, 2, 1, 1, 2, 1, 1, 1, 1, 1, 1, 0, 1, 0],282.360419951890;10004.611972044870;16434.456789029922,0.416217486810,2300,2300,0,9
23,1,2300,G4_BALANCED,HISTORICAL,[6, 19, 12, 5, 4, 16, 0, 11, 13, 10, 17, 8, 15, 3, 14, 9, 18, 7, 2, 1]|[2, 2, 0, 1, 1, 0, 2, 1, 0, 0, 2, 0, 0, 0, 2, 0, 1, 0, 2, 0]|[0, 0, 2, 1, 1, 3, 0, 1, 3, 3, 1, 3, 0, 0, 1, 3, 1, 3, 0, 3]|[0, 0, 1, 1, 1, 0, 1, 0, 2, 0, 1, 1, 0, 2, 1, 1, 1, 2, 0, 2],346.548892773456;9996.765668470267;14680.133735210570,0,false,[6, 19, 12, 5, 4, 16, 0, 11, 13, 10, 17, 8, 15, 3, 14, 9, 18, 7, 2, 1]|[2, 2, 0, 1, 1, 0, 2, 1, 0, 0, 2, 0, 0, 0, 2, 0, 1, 0, 2, 0]|[0, 0, 2, 1, 1, 3, 0, 1, 3, 3, 1, 3, 0, 0, 1, 3, 1, 3, 0, 3]|[0, 0, 1, 1, 1, 0, 1, 0, 2, 0, 1, 1, 0, 2, 1, 1, 1, 2, 0, 2],346.548892773456;9996.765668470267;14680.133735210570,0.505178041415,NOT_APPLICABLE,NOT_APPLICABLE,NOT_APPLICABLE,6
24,1,2400,G1_CMAX,PREVIOUS,[6, 19, 12, 5, 4, 16, 3, 9, 10, 17, 2, 18, 13, 14, 8, 11, 7, 1, 15, 0]|[2, 1, 1, 2, 1, 0, 1, 0, 1, 0, 2, 0, 2, 1, 0, 2, 1, 1, 0, 2]|[0, 1, 1, 1, 0, 3, 0, 3, 1, 0, 0, 0, 0, 0, 0, 1, 0, 1, 3, 0]|[1, 1, 1, 0, 0, 1, 1, 2, 1, 0, 1, 1, 1, 1, 0, 0, 1, 0, 2, 1],226.990629343372;11104.352378173600;18140.749392244250,0,false,[6, 19, 12, 5, 4, 16, 3, 9, 10, 17, 2, 18, 13, 14, 8, 11, 7, 1, 15, 0]|[2, 1, 1, 2, 1, 0, 1, 0, 1, 0, 2, 0, 2, 1, 0, 2, 1, 1, 0, 2]|[0, 1, 1, 1, 0, 3, 0, 3, 1, 0, 0, 0, 0, 0, 0, 1, 0, 1, 3, 0]|[1, 1, 1, 0, 0, 1, 1, 2, 1, 0, 1, 1, 1, 1, 0, 0, 1, 0, 2, 1],226.990629343372;11104.352378173600;18140.749392244250,226.990629343372,NOT_APPLICABLE,NOT_APPLICABLE,NOT_APPLICABLE,8
24,1,2400,G1_CMAX,HISTORICAL,[6, 19, 12, 5, 4, 16, 3, 9, 10, 17, 2, 18, 13, 14, 8, 11, 7, 1, 15, 0]|[2, 1, 1, 2, 1, 0, 1, 0, 1, 0, 2, 0, 2, 1, 0, 2, 1, 1, 0, 2]|[0, 1, 1, 1, 0, 3, 0, 3, 1, 0, 0, 0, 0, 0, 0, 1, 0, 1, 3, 0]|[1, 1, 1, 0, 0, 1, 1, 2, 1, 0, 1, 1, 1, 1, 0, 0, 1, 0, 2, 1],226.990629343372;11104.352378173600;18140.749392244250,0,false,[6, 19, 12, 5, 4, 16, 3, 9, 10, 17, 2, 18, 13, 14, 8, 11, 7, 1, 15, 0]|[2, 1, 1, 2, 1, 0, 1, 0, 1, 0, 2, 0, 2, 1, 0, 2, 1, 1, 0, 2]|[0, 1, 1, 1, 0, 3, 0, 3, 1, 0, 0, 0, 0, 0, 0, 1, 0, 1, 3, 0]|[1, 1, 1, 0, 0, 1, 1, 2, 1, 0, 1, 1, 1, 1, 0, 0, 1, 0, 2, 1],226.990629343372;11104.352378173600;18140.749392244250,226.990629343372,NOT_APPLICABLE,NOT_APPLICABLE,NOT_APPLICABLE,8
24,1,2400,G2_TEC,PREVIOUS,[6, 19, 12, 5, 4, 16, 8, 17, 3, 9, 10, 13, 14, 11, 7, 1, 18, 0, 15, 2]|[0, 1, 2, 1, 0, 2, 2, 0, 1, 0, 1, 0, 1, 2, 0, 2, 0, 0, 0, 1]|[3, 1, 0, 1, 2, 1, 1, 3, 0, 3, 1, 3, 1, 0, 3, 1, 0, 3, 0, 1]|[0, 1, 0, 0, 2, 1, 1, 1, 1, 2, 1, 1, 1, 0, 0, 1, 1, 2, 0, 1],325.769300520403;10040.501232651068;16081.382388774446,0,false,[6, 19, 12, 5, 4, 16, 8, 17, 3, 9, 10, 13, 14, 11, 7, 1, 18, 0, 15, 2]|[0, 1, 2, 1, 0, 2, 2, 0, 1, 0, 1, 0, 1, 2, 0, 2, 0, 0, 0, 1]|[3, 1, 0, 1, 2, 1, 1, 3, 0, 3, 1, 3, 1, 0, 3, 1, 0, 3, 0, 1]|[0, 1, 0, 0, 2, 1, 1, 1, 1, 2, 1, 1, 1, 0, 0, 1, 1, 2, 0, 1],325.769300520403;10040.501232651068;16081.382388774446,10040.501232651068,NOT_APPLICABLE,NOT_APPLICABLE,NOT_APPLICABLE,8
24,1,2400,G2_TEC,HISTORICAL,[6, 19, 12, 5, 4, 16, 8, 17, 3, 9, 10, 13, 14, 11, 7, 1, 18, 0, 15, 2]|[0, 1, 2, 1, 0, 2, 2, 0, 1, 0, 1, 0, 1, 2, 0, 2, 0, 0, 0, 1]|[3, 1, 0, 1, 2, 1, 1, 3, 0, 3, 1, 3, 1, 0, 3, 1, 0, 3, 0, 1]|[0, 1, 0, 0, 2, 1, 1, 1, 1, 2, 1, 1, 1, 0, 0, 1, 1, 2, 0, 1],325.769300520403;10040.501232651068;16081.382388774446,0,false,[6, 19, 12, 5, 4, 16, 8, 17, 3, 9, 10, 13, 14, 11, 7, 1, 18, 0, 15, 2]|[0, 1, 2, 1, 0, 2, 2, 0, 1, 0, 1, 0, 1, 2, 0, 2, 0, 0, 0, 1]|[3, 1, 0, 1, 2, 1, 1, 3, 0, 3, 1, 3, 1, 0, 3, 1, 0, 3, 0, 1]|[0, 1, 0, 0, 2, 1, 1, 1, 1, 2, 1, 1, 1, 0, 0, 1, 1, 2, 0, 1],325.769300520403;10040.501232651068;16081.382388774446,10040.501232651068,NOT_APPLICABLE,NOT_APPLICABLE,NOT_APPLICABLE,8
24,1,2400,G3_TWC,PREVIOUS,[6, 19, 12, 5, 4, 16, 2, 11, 17, 8, 9, 7, 13, 3, 1, 14, 18, 10, 0, 15]|[2, 2, 0, 0, 1, 0, 1, 0, 0, 2, 0, 0, 0, 1, 1, 0, 0, 2, 2, 0]|[0, 0, 2, 3, 1, 3, 1, 3, 3, 0, 3, 3, 0, 1, 1, 0, 3, 0, 0, 3]|[0, 0, 1, 0, 1, 0, 1, 1, 0, 1, 1, 2, 2, 1, 1, 0, 1, 0, 1, 1],430.244049025694;9824.071110488612;13523.023529697015,0,false,[6, 19, 12, 5, 4, 16, 2, 11, 17, 8, 9, 7, 13, 3, 1, 14, 18, 10, 0, 15]|[2, 2, 0, 0, 1, 0, 1, 0, 0, 2, 0, 0, 0, 1, 1, 0, 0, 2, 2, 0]|[0, 0, 2, 3, 1, 3, 1, 3, 3, 0, 3, 3, 0, 1, 1, 0, 3, 0, 0, 3]|[0, 0, 1, 0, 1, 0, 1, 1, 0, 1, 1, 2, 2, 1, 1, 0, 1, 0, 1, 1],430.244049025694;9824.071110488612;13523.023529697015,13523.023529697015,NOT_APPLICABLE,NOT_APPLICABLE,NOT_APPLICABLE,6
24,1,2400,G3_TWC,HISTORICAL,[6, 19, 12, 5, 4, 16, 2, 11, 17, 8, 9, 7, 13, 3, 1, 14, 18, 10, 0, 15]|[2, 2, 0, 0, 1, 0, 1, 0, 0, 2, 0, 0, 0, 1, 1, 0, 0, 2, 2, 0]|[0, 0, 2, 3, 1, 3, 1, 3, 3, 0, 3, 3, 0, 1, 1, 0, 3, 0, 0, 3]|[0, 0, 1, 0, 1, 0, 1, 1, 0, 1, 1, 2, 2, 1, 1, 0, 1, 0, 1, 1],430.244049025694;9824.071110488612;13523.023529697015,0,false,[6, 19, 12, 5, 4, 16, 2, 11, 17, 8, 9, 7, 13, 3, 1, 14, 18, 10, 0, 15]|[2, 2, 0, 0, 1, 0, 1, 0, 0, 2, 0, 0, 0, 1, 1, 0, 0, 2, 2, 0]|[0, 0, 2, 3, 1, 3, 1, 3, 3, 0, 3, 3, 0, 1, 1, 0, 3, 0, 0, 3]|[0, 0, 1, 0, 1, 0, 1, 1, 0, 1, 1, 2, 2, 1, 1, 0, 1, 0, 1, 1],430.244049025694;9824.071110488612;13523.023529697015,13523.023529697015,NOT_APPLICABLE,NOT_APPLICABLE,NOT_APPLICABLE,10
24,1,2400,G4_BALANCED,PREVIOUS,[6, 19, 11, 10, 1, 9, 0, 12, 13, 5, 7, 2, 15, 3, 14, 16, 18, 17, 8, 4]|[0, 1, 2, 1, 1, 2, 0, 0, 0, 0, 0, 2, 1, 2, 1, 0, 0, 0, 2, 1]|[0, 1, 0, 1, 1, 1, 3, 2, 0, 3, 3, 1, 0, 0, 0, 3, 0, 3, 1, 1]|[0, 1, 0, 1, 1, 1, 2, 1, 2, 0, 2, 1, 1, 0, 1, 0, 1, 1, 1, 0],341.015567057660;10441.594366706042;15035.520862214290,0,false,[6, 19, 11, 10, 1, 9, 0, 12, 13, 5, 7, 2, 15, 3, 14, 16, 18, 17, 8, 4]|[0, 1, 2, 1, 1, 2, 0, 0, 0, 0, 0, 2, 1, 2, 1, 0, 0, 0, 2, 1]|[0, 1, 0, 1, 1, 1, 3, 2, 0, 3, 3, 1, 0, 0, 0, 3, 0, 3, 1, 1]|[0, 1, 0, 1, 1, 1, 2, 1, 2, 0, 2, 1, 1, 0, 1, 0, 1, 1, 1, 0],341.015567057660;10441.594366706042;15035.520862214290,0.481985738451,NOT_APPLICABLE,NOT_APPLICABLE,NOT_APPLICABLE,9
24,1,2400,G4_BALANCED,HISTORICAL,[6, 19, 11, 10, 1, 9, 0, 12, 13, 5, 7, 2, 15, 3, 14, 16, 18, 17, 8, 4]|[0, 1, 2, 1, 1, 2, 0, 0, 0, 0, 0, 2, 1, 2, 1, 0, 0, 0, 2, 1]|[0, 1, 0, 1, 1, 1, 3, 2, 0, 3, 3, 1, 0, 0, 0, 3, 0, 3, 1, 1]|[0, 1, 0, 1, 1, 1, 2, 1, 2, 0, 2, 1, 1, 0, 1, 0, 1, 1, 1, 0],341.015567057660;10441.594366706042;15035.520862214290,0,false,[6, 19, 11, 10, 1, 9, 0, 12, 13, 5, 7, 2, 15, 3, 14, 16, 18, 17, 8, 4]|[0, 1, 2, 1, 1, 2, 0, 0, 0, 0, 0, 2, 1, 2, 1, 0, 0, 0, 2, 1]|[0, 1, 0, 1, 1, 1, 3, 2, 0, 3, 3, 1, 0, 0, 0, 3, 0, 3, 1, 1]|[0, 1, 0, 1, 1, 1, 2, 1, 2, 0, 2, 1, 1, 0, 1, 0, 1, 1, 1, 0],341.015567057660;10441.594366706042;15035.520862214290,0.481985738451,NOT_APPLICABLE,NOT_APPLICABLE,NOT_APPLICABLE,6
25,1,2500,G1_CMAX,PREVIOUS,[6, 19, 12, 5, 4, 16, 3, 9, 10, 17, 2, 18, 13, 14, 8, 11, 7, 1, 15, 0]|[2, 1, 1, 2, 1, 0, 1, 0, 1, 0, 2, 0, 2, 1, 0, 2, 1, 1, 0, 2]|[0, 1, 1, 1, 0, 3, 0, 3, 1, 0, 0, 0, 0, 0, 0, 1, 0, 1, 3, 0]|[1, 1, 1, 0, 0, 1, 1, 2, 1, 0, 1, 1, 1, 1, 0, 0, 1, 0, 2, 1],226.990629343372;11104.352378173600;18140.749392244250,0,false,[6, 19, 12, 5, 4, 16, 3, 9, 10, 17, 2, 18, 13, 14, 8, 11, 7, 1, 15, 0]|[2, 1, 1, 2, 1, 0, 1, 0, 1, 0, 2, 0, 2, 1, 0, 2, 1, 1, 0, 2]|[0, 1, 1, 1, 0, 3, 0, 3, 1, 0, 0, 0, 0, 0, 0, 1, 0, 1, 3, 0]|[1, 1, 1, 0, 0, 1, 1, 2, 1, 0, 1, 1, 1, 1, 0, 0, 1, 0, 2, 1],226.990629343372;11104.352378173600;18140.749392244250,226.990629343372,NOT_APPLICABLE,NOT_APPLICABLE,NOT_APPLICABLE,8
25,1,2500,G1_CMAX,HISTORICAL,[6, 19, 12, 5, 4, 16, 3, 9, 10, 17, 2, 18, 13, 14, 8, 11, 7, 1, 15, 0]|[2, 1, 1, 2, 1, 0, 1, 0, 1, 0, 2, 0, 2, 1, 0, 2, 1, 1, 0, 2]|[0, 1, 1, 1, 0, 3, 0, 3, 1, 0, 0, 0, 0, 0, 0, 1, 0, 1, 3, 0]|[1, 1, 1, 0, 0, 1, 1, 2, 1, 0, 1, 1, 1, 1, 0, 0, 1, 0, 2, 1],226.990629343372;11104.352378173600;18140.749392244250,0,false,[6, 19, 12, 5, 4, 16, 3, 9, 10, 17, 2, 18, 13, 14, 8, 11, 7, 1, 15, 0]|[2, 1, 1, 2, 1, 0, 1, 0, 1, 0, 2, 0, 2, 1, 0, 2, 1, 1, 0, 2]|[0, 1, 1, 1, 0, 3, 0, 3, 1, 0, 0, 0, 0, 0, 0, 1, 0, 1, 3, 0]|[1, 1, 1, 0, 0, 1, 1, 2, 1, 0, 1, 1, 1, 1, 0, 0, 1, 0, 2, 1],226.990629343372;11104.352378173600;18140.749392244250,226.990629343372,NOT_APPLICABLE,NOT_APPLICABLE,NOT_APPLICABLE,9
25,1,2500,G2_TEC,PREVIOUS,[6, 19, 12, 5, 4, 16, 3, 11, 15, 7, 2, 14, 10, 0, 9, 13, 18, 1, 8, 17]|[1, 0, 1, 0, 2, 0, 1, 2, 0, 0, 0, 0, 0, 0, 0, 2, 1, 0, 2, 1]|[1, 0, 1, 3, 0, 0, 1, 0, 3, 3, 3, 3, 3, 3, 3, 0, 1, 3, 0, 1]|[1, 2, 0, 0, 0, 0, 1, 1, 0, 2, 1, 0, 2, 2, 1, 1, 1, 2, 1, 1],464.605778819318;9745.839932227676;15168.960822883402,0,false,[6, 19, 12, 5, 4, 16, 3, 11, 15, 7, 2, 14, 10, 0, 9, 13, 18, 1, 8, 17]|[1, 0, 1, 0, 2, 0, 1, 2, 0, 0, 0, 0, 0, 0, 0, 2, 1, 0, 2, 1]|[1, 0, 1, 3, 0, 0, 1, 0, 3, 3, 3, 3, 3, 3, 3, 0, 1, 3, 0, 1]|[1, 2, 0, 0, 0, 0, 1, 1, 0, 2, 1, 0, 2, 2, 1, 1, 1, 2, 1, 1],464.605778819318;9745.839932227676;15168.960822883402,9745.839932227676,NOT_APPLICABLE,NOT_APPLICABLE,NOT_APPLICABLE,8
25,1,2500,G2_TEC,HISTORICAL,[6, 19, 12, 5, 4, 16, 3, 11, 15, 7, 2, 14, 10, 0, 9, 13, 18, 1, 8, 17]|[1, 0, 1, 0, 2, 0, 1, 2, 0, 0, 0, 0, 0, 0, 0, 2, 1, 0, 2, 1]|[1, 0, 1, 3, 0, 0, 1, 0, 3, 3, 3, 3, 3, 3, 3, 0, 1, 3, 0, 1]|[1, 2, 0, 0, 0, 0, 1, 1, 0, 2, 1, 0, 2, 2, 1, 1, 1, 2, 1, 1],464.605778819318;9745.839932227676;15168.960822883402,0,false,[6, 19, 12, 5, 4, 16, 3, 11, 15, 7, 2, 14, 10, 0, 9, 13, 18, 1, 8, 17]|[1, 0, 1, 0, 2, 0, 1, 2, 0, 0, 0, 0, 0, 0, 0, 2, 1, 0, 2, 1]|[1, 0, 1, 3, 0, 0, 1, 0, 3, 3, 3, 3, 3, 3, 3, 0, 1, 3, 0, 1]|[1, 2, 0, 0, 0, 0, 1, 1, 0, 2, 1, 0, 2, 2, 1, 1, 1, 2, 1, 1],464.605778819318;9745.839932227676;15168.960822883402,9745.839932227676,NOT_APPLICABLE,NOT_APPLICABLE,NOT_APPLICABLE,8
25,1,2500,G3_TWC,PREVIOUS,[6, 19, 12, 5, 4, 16, 2, 11, 17, 8, 9, 7, 13, 3, 1, 14, 18, 10, 0, 15]|[2, 2, 0, 0, 1, 0, 1, 0, 0, 2, 0, 0, 0, 1, 1, 0, 0, 2, 2, 0]|[0, 0, 2, 3, 1, 3, 1, 3, 3, 0, 3, 3, 0, 1, 1, 0, 3, 0, 0, 3]|[0, 0, 1, 0, 1, 0, 1, 1, 0, 1, 1, 2, 2, 1, 1, 0, 1, 0, 1, 1],430.244049025694;9824.071110488612;13523.023529697015,0,false,[6, 19, 12, 5, 4, 16, 2, 11, 17, 8, 9, 7, 13, 3, 1, 14, 18, 10, 0, 15]|[2, 2, 0, 0, 1, 0, 1, 0, 0, 2, 0, 0, 0, 1, 1, 0, 0, 2, 2, 0]|[0, 0, 2, 3, 1, 3, 1, 3, 3, 0, 3, 3, 0, 1, 1, 0, 3, 0, 0, 3]|[0, 0, 1, 0, 1, 0, 1, 1, 0, 1, 1, 2, 2, 1, 1, 0, 1, 0, 1, 1],430.244049025694;9824.071110488612;13523.023529697015,13523.023529697015,NOT_APPLICABLE,NOT_APPLICABLE,NOT_APPLICABLE,7
25,1,2500,G3_TWC,HISTORICAL,[6, 19, 12, 5, 4, 16, 2, 11, 17, 8, 9, 7, 13, 3, 1, 14, 18, 10, 0, 15]|[2, 2, 0, 0, 1, 0, 1, 0, 0, 2, 0, 0, 0, 1, 1, 0, 0, 2, 2, 0]|[0, 0, 2, 3, 1, 3, 1, 3, 3, 0, 3, 3, 0, 1, 1, 0, 3, 0, 0, 3]|[0, 0, 1, 0, 1, 0, 1, 1, 0, 1, 1, 2, 2, 1, 1, 0, 1, 0, 1, 1],430.244049025694;9824.071110488612;13523.023529697015,0,false,[6, 19, 12, 5, 4, 16, 2, 11, 17, 8, 9, 7, 13, 3, 1, 14, 18, 10, 0, 15]|[2, 2, 0, 0, 1, 0, 1, 0, 0, 2, 0, 0, 0, 1, 1, 0, 0, 2, 2, 0]|[0, 0, 2, 3, 1, 3, 1, 3, 3, 0, 3, 3, 0, 1, 1, 0, 3, 0, 0, 3]|[0, 0, 1, 0, 1, 0, 1, 1, 0, 1, 1, 2, 2, 1, 1, 0, 1, 0, 1, 1],430.244049025694;9824.071110488612;13523.023529697015,13523.023529697015,NOT_APPLICABLE,NOT_APPLICABLE,NOT_APPLICABLE,10
25,1,2500,G4_BALANCED,PREVIOUS,[6, 19, 11, 10, 1, 9, 0, 12, 13, 5, 7, 2, 15, 3, 14, 16, 18, 17, 8, 4]|[0, 1, 2, 1, 1, 2, 0, 0, 0, 0, 0, 2, 1, 2, 1, 0, 0, 0, 2, 1]|[0, 1, 0, 1, 1, 1, 3, 2, 0, 3, 3, 1, 0, 0, 0, 3, 0, 3, 1, 1]|[0, 1, 0, 1, 1, 1, 2, 1, 2, 0, 2, 1, 1, 0, 1, 0, 1, 1, 1, 0],341.015567057660;10441.594366706042;15035.520862214290,0,false,[6, 19, 11, 10, 1, 9, 0, 12, 13, 5, 7, 2, 15, 3, 14, 16, 18, 17, 8, 4]|[0, 1, 2, 1, 1, 2, 0, 0, 0, 0, 0, 2, 1, 2, 1, 0, 0, 0, 2, 1]|[0, 1, 0, 1, 1, 1, 3, 2, 0, 3, 3, 1, 0, 0, 0, 3, 0, 3, 1, 1]|[0, 1, 0, 1, 1, 1, 2, 1, 2, 0, 2, 1, 1, 0, 1, 0, 1, 1, 1, 0],341.015567057660;10441.594366706042;15035.520862214290,0.491998028712,NOT_APPLICABLE,NOT_APPLICABLE,NOT_APPLICABLE,10
25,1,2500,G4_BALANCED,HISTORICAL,[6, 19, 11, 10, 1, 9, 0, 12, 13, 5, 7, 2, 15, 3, 14, 16, 18, 17, 8, 4]|[0, 1, 2, 1, 1, 2, 0, 0, 0, 0, 0, 2, 1, 2, 1, 0, 0, 0, 2, 1]|[0, 1, 0, 1, 1, 1, 3, 2, 0, 3, 3, 1, 0, 0, 0, 3, 0, 3, 1, 1]|[0, 1, 0, 1, 1, 1, 2, 1, 2, 0, 2, 1, 1, 0, 1, 0, 1, 1, 1, 0],341.015567057660;10441.594366706042;15035.520862214290,0,false,[6, 19, 11, 10, 1, 9, 0, 12, 13, 5, 7, 2, 15, 3, 14, 16, 18, 17, 8, 4]|[0, 1, 2, 1, 1, 2, 0, 0, 0, 0, 0, 2, 1, 2, 1, 0, 0, 0, 2, 1]|[0, 1, 0, 1, 1, 1, 3, 2, 0, 3, 3, 1, 0, 0, 0, 3, 0, 3, 1, 1]|[0, 1, 0, 1, 1, 1, 2, 1, 2, 0, 2, 1, 1, 0, 1, 0, 1, 1, 1, 0],341.015567057660;10441.594366706042;15035.520862214290,0.491998028712,NOT_APPLICABLE,NOT_APPLICABLE,NOT_APPLICABLE,6
26,1,2600,G1_CMAX,PREVIOUS,[6, 19, 12, 5, 4, 16, 3, 9, 10, 17, 2, 18, 13, 14, 8, 11, 7, 1, 15, 0]|[2, 1, 1, 2, 1, 0, 1, 0, 1, 0, 2, 0, 2, 1, 0, 2, 1, 1, 0, 2]|[0, 1, 1, 1, 0, 3, 0, 3, 1, 0, 0, 0, 0, 0, 0, 1, 0, 1, 3, 0]|[1, 1, 1, 0, 0, 1, 1, 2, 1, 0, 1, 1, 1, 1, 0, 0, 1, 0, 2, 1],226.990629343372;11104.352378173600;18140.749392244250,0,false,[6, 19, 12, 5, 4, 16, 3, 9, 10, 17, 2, 18, 13, 14, 8, 11, 7, 1, 15, 0]|[2, 1, 1, 2, 1, 0, 1, 0, 1, 0, 2, 0, 2, 1, 0, 2, 1, 1, 0, 2]|[0, 1, 1, 1, 0, 3, 0, 3, 1, 0, 0, 0, 0, 0, 0, 1, 0, 1, 3, 0]|[1, 1, 1, 0, 0, 1, 1, 2, 1, 0, 1, 1, 1, 1, 0, 0, 1, 0, 2, 1],226.990629343372;11104.352378173600;18140.749392244250,226.990629343372,NOT_APPLICABLE,NOT_APPLICABLE,NOT_APPLICABLE,8
26,1,2600,G1_CMAX,HISTORICAL,[6, 19, 12, 5, 4, 16, 3, 9, 10, 17, 2, 18, 13, 14, 8, 11, 7, 1, 15, 0]|[2, 1, 1, 2, 1, 0, 1, 0, 1, 0, 2, 0, 2, 1, 0, 2, 1, 1, 0, 2]|[0, 1, 1, 1, 0, 3, 0, 3, 1, 0, 0, 0, 0, 0, 0, 1, 0, 1, 3, 0]|[1, 1, 1, 0, 0, 1, 1, 2, 1, 0, 1, 1, 1, 1, 0, 0, 1, 0, 2, 1],226.990629343372;11104.352378173600;18140.749392244250,0,false,[6, 19, 12, 5, 4, 16, 3, 9, 10, 17, 2, 18, 13, 14, 8, 11, 7, 1, 15, 0]|[2, 1, 1, 2, 1, 0, 1, 0, 1, 0, 2, 0, 2, 1, 0, 2, 1, 1, 0, 2]|[0, 1, 1, 1, 0, 3, 0, 3, 1, 0, 0, 0, 0, 0, 0, 1, 0, 1, 3, 0]|[1, 1, 1, 0, 0, 1, 1, 2, 1, 0, 1, 1, 1, 1, 0, 0, 1, 0, 2, 1],226.990629343372;11104.352378173600;18140.749392244250,226.990629343372,NOT_APPLICABLE,NOT_APPLICABLE,NOT_APPLICABLE,10
26,1,2600,G2_TEC,PREVIOUS,[6, 19, 12, 5, 4, 16, 3, 17, 8, 11, 2, 1, 7, 9, 15, 0, 13, 10, 14, 18]|[2, 1, 1, 1, 2, 0, 1, 0, 0, 2, 2, 2, 1, 0, 0, 0, 0, 0, 1, 0]|[0, 1, 1, 1, 0, 3, 0, 0, 0, 0, 0, 1, 1, 3, 1, 3, 3, 3, 1, 0]|[1, 1, 1, 0, 1, 1, 1, 0, 0, 0, 1, 1, 1, 2, 1, 2, 1, 0, 1, 1],323.392173899278;10526.669051246305;15735.373491198440,0,false,[6, 19, 12, 5, 4, 16, 3, 17, 8, 11, 2, 1, 7, 9, 15, 0, 13, 10, 14, 18]|[2, 1, 1, 1, 2, 0, 1, 0, 0, 2, 2, 2, 1, 0, 0, 0, 0, 0, 1, 0]|[0, 1, 1, 1, 0, 3, 0, 0, 0, 0, 0, 1, 1, 3, 1, 3, 3, 3, 1, 0]|[1, 1, 1, 0, 1, 1, 1, 0, 0, 0, 1, 1, 1, 2, 1, 2, 1, 0, 1, 1],323.392173899278;10526.669051246305;15735.373491198440,10526.669051246305,NOT_APPLICABLE,NOT_APPLICABLE,NOT_APPLICABLE,8
26,1,2600,G2_TEC,HISTORICAL,[6, 19, 12, 5, 4, 16, 3, 11, 15, 7, 2, 14, 10, 0, 9, 13, 18, 1, 8, 17]|[1, 0, 1, 0, 2, 0, 1, 2, 0, 0, 0, 0, 0, 0, 0, 2, 1, 0, 2, 1]|[1, 0, 1, 3, 0, 0, 1, 0, 3, 3, 3, 3, 3, 3, 3, 0, 1, 3, 0, 1]|[1, 2, 0, 0, 0, 0, 1, 1, 0, 2, 1, 0, 2, 2, 1, 1, 1, 2, 1, 1],464.605778819318;9745.839932227676;15168.960822883402,0,false,[6, 19, 12, 5, 4, 16, 3, 11, 15, 7, 2, 14, 10, 0, 9, 13, 18, 1, 8, 17]|[1, 0, 1, 0, 2, 0, 1, 2, 0, 0, 0, 0, 0, 0, 0, 2, 1, 0, 2, 1]|[1, 0, 1, 3, 0, 0, 1, 0, 3, 3, 3, 3, 3, 3, 3, 0, 1, 3, 0, 1]|[1, 2, 0, 0, 0, 0, 1, 1, 0, 2, 1, 0, 2, 2, 1, 1, 1, 2, 1, 1],464.605778819318;9745.839932227676;15168.960822883402,9745.839932227676,NOT_APPLICABLE,NOT_APPLICABLE,NOT_APPLICABLE,8
26,1,2600,G3_TWC,PREVIOUS,[6, 19, 12, 5, 4, 16, 3, 11, 15, 7, 2, 14, 10, 0, 9, 13, 18, 1, 8, 17]|[1, 0, 1, 0, 2, 0, 1, 2, 0, 0, 0, 0, 0, 0, 0, 2, 1, 0, 2, 1]|[1, 0, 1, 3, 0, 0, 1, 0, 3, 3, 3, 3, 3, 3, 3, 0, 1, 3, 0, 1]|[1, 2, 0, 0, 0, 0, 1, 1, 0, 2, 1, 0, 2, 2, 1, 1, 1, 2, 1, 1],464.605778819318;9745.839932227676;15168.960822883402,0,false,[6, 19, 12, 5, 4, 16, 3, 11, 15, 7, 2, 14, 10, 0, 9, 13, 18, 1, 8, 17]|[1, 0, 1, 0, 2, 0, 1, 2, 0, 0, 0, 0, 0, 0, 0, 2, 1, 0, 2, 1]|[1, 0, 1, 3, 0, 0, 1, 0, 3, 3, 3, 3, 3, 3, 3, 0, 1, 3, 0, 1]|[1, 2, 0, 0, 0, 0, 1, 1, 0, 2, 1, 0, 2, 2, 1, 1, 1, 2, 1, 1],464.605778819318;9745.839932227676;15168.960822883402,15168.960822883402,NOT_APPLICABLE,NOT_APPLICABLE,NOT_APPLICABLE,7
26,1,2600,G3_TWC,HISTORICAL,[6, 19, 12, 5, 4, 16, 2, 11, 17, 8, 9, 7, 13, 3, 1, 14, 18, 10, 0, 15]|[2, 2, 0, 0, 1, 0, 1, 0, 0, 2, 0, 0, 0, 1, 1, 0, 0, 2, 2, 0]|[0, 0, 2, 3, 1, 3, 1, 3, 3, 0, 3, 3, 0, 1, 1, 0, 3, 0, 0, 3]|[0, 0, 1, 0, 1, 0, 1, 1, 0, 1, 1, 2, 2, 1, 1, 0, 1, 0, 1, 1],430.244049025694;9824.071110488612;13523.023529697015,0,false,[6, 19, 12, 5, 4, 16, 2, 11, 17, 8, 9, 7, 13, 3, 1, 14, 18, 10, 0, 15]|[2, 2, 0, 0, 1, 0, 1, 0, 0, 2, 0, 0, 0, 1, 1, 0, 0, 2, 2, 0]|[0, 0, 2, 3, 1, 3, 1, 3, 3, 0, 3, 3, 0, 1, 1, 0, 3, 0, 0, 3]|[0, 0, 1, 0, 1, 0, 1, 1, 0, 1, 1, 2, 2, 1, 1, 0, 1, 0, 1, 1],430.244049025694;9824.071110488612;13523.023529697015,13523.023529697015,NOT_APPLICABLE,NOT_APPLICABLE,NOT_APPLICABLE,10
26,1,2600,G4_BALANCED,PREVIOUS,[6, 19, 11, 10, 1, 9, 0, 12, 13, 5, 7, 2, 15, 3, 14, 16, 18, 17, 8, 4]|[0, 1, 2, 1, 1, 2, 0, 0, 0, 0, 0, 2, 1, 2, 1, 0, 0, 0, 2, 1]|[0, 1, 0, 1, 1, 1, 3, 2, 0, 3, 3, 1, 0, 0, 0, 3, 0, 3, 1, 1]|[0, 1, 0, 1, 1, 1, 2, 1, 2, 0, 2, 1, 1, 0, 1, 0, 1, 1, 1, 0],341.015567057660;10441.594366706042;15035.520862214290,0,false,[6, 19, 11, 10, 1, 9, 0, 12, 13, 5, 7, 2, 15, 3, 14, 16, 18, 17, 8, 4]|[0, 1, 2, 1, 1, 2, 0, 0, 0, 0, 0, 2, 1, 2, 1, 0, 0, 0, 2, 1]|[0, 1, 0, 1, 1, 1, 3, 2, 0, 3, 3, 1, 0, 0, 0, 3, 0, 3, 1, 1]|[0, 1, 0, 1, 1, 1, 2, 1, 2, 0, 2, 1, 1, 0, 1, 0, 1, 1, 1, 0],341.015567057660;10441.594366706042;15035.520862214290,0.520756903373,NOT_APPLICABLE,NOT_APPLICABLE,NOT_APPLICABLE,11
26,1,2600,G4_BALANCED,HISTORICAL,[6, 19, 11, 10, 1, 9, 0, 12, 13, 5, 7, 2, 15, 3, 14, 16, 18, 17, 8, 4]|[0, 1, 2, 1, 1, 2, 0, 0, 0, 0, 0, 2, 1, 2, 1, 0, 0, 0, 2, 1]|[0, 1, 0, 1, 1, 1, 3, 2, 0, 3, 3, 1, 0, 0, 0, 3, 0, 3, 1, 1]|[0, 1, 0, 1, 1, 1, 2, 1, 2, 0, 2, 1, 1, 0, 1, 0, 1, 1, 1, 0],341.015567057660;10441.594366706042;15035.520862214290,0,false,[6, 19, 11, 10, 1, 9, 0, 12, 13, 5, 7, 2, 15, 3, 14, 16, 18, 17, 8, 4]|[0, 1, 2, 1, 1, 2, 0, 0, 0, 0, 0, 2, 1, 2, 1, 0, 0, 0, 2, 1]|[0, 1, 0, 1, 1, 1, 3, 2, 0, 3, 3, 1, 0, 0, 0, 3, 0, 3, 1, 1]|[0, 1, 0, 1, 1, 1, 2, 1, 2, 0, 2, 1, 1, 0, 1, 0, 1, 1, 1, 0],341.015567057660;10441.594366706042;15035.520862214290,0.520756903373,NOT_APPLICABLE,NOT_APPLICABLE,NOT_APPLICABLE,6
27,1,2700,G1_CMAX,PREVIOUS,[6, 19, 12, 5, 4, 16, 3, 9, 10, 17, 2, 18, 13, 14, 8, 11, 7, 1, 15, 0]|[2, 1, 1, 2, 1, 0, 1, 0, 1, 0, 2, 0, 2, 1, 0, 2, 1, 1, 0, 2]|[0, 1, 1, 1, 0, 3, 0, 3, 1, 0, 0, 0, 0, 0, 0, 1, 0, 1, 3, 0]|[1, 1, 1, 0, 0, 1, 1, 2, 1, 0, 1, 1, 1, 1, 0, 0, 1, 0, 2, 1],226.990629343372;11104.352378173600;18140.749392244250,0,false,[6, 19, 12, 5, 4, 16, 3, 9, 10, 17, 2, 18, 13, 14, 8, 11, 7, 1, 15, 0]|[2, 1, 1, 2, 1, 0, 1, 0, 1, 0, 2, 0, 2, 1, 0, 2, 1, 1, 0, 2]|[0, 1, 1, 1, 0, 3, 0, 3, 1, 0, 0, 0, 0, 0, 0, 1, 0, 1, 3, 0]|[1, 1, 1, 0, 0, 1, 1, 2, 1, 0, 1, 1, 1, 1, 0, 0, 1, 0, 2, 1],226.990629343372;11104.352378173600;18140.749392244250,226.990629343372,NOT_APPLICABLE,NOT_APPLICABLE,NOT_APPLICABLE,8
27,1,2700,G1_CMAX,HISTORICAL,[6, 19, 12, 5, 4, 16, 3, 9, 10, 17, 2, 18, 13, 14, 8, 11, 7, 1, 15, 0]|[2, 1, 1, 2, 1, 0, 1, 0, 1, 0, 2, 0, 2, 1, 0, 2, 1, 1, 0, 2]|[0, 1, 1, 1, 0, 3, 0, 3, 1, 0, 0, 0, 0, 0, 0, 1, 0, 1, 3, 0]|[1, 1, 1, 0, 0, 1, 1, 2, 1, 0, 1, 1, 1, 1, 0, 0, 1, 0, 2, 1],226.990629343372;11104.352378173600;18140.749392244250,0,false,[6, 19, 12, 5, 4, 16, 3, 9, 10, 17, 2, 18, 13, 14, 8, 11, 7, 1, 15, 0]|[2, 1, 1, 2, 1, 0, 1, 0, 1, 0, 2, 0, 2, 1, 0, 2, 1, 1, 0, 2]|[0, 1, 1, 1, 0, 3, 0, 3, 1, 0, 0, 0, 0, 0, 0, 1, 0, 1, 3, 0]|[1, 1, 1, 0, 0, 1, 1, 2, 1, 0, 1, 1, 1, 1, 0, 0, 1, 0, 2, 1],226.990629343372;11104.352378173600;18140.749392244250,226.990629343372,NOT_APPLICABLE,NOT_APPLICABLE,NOT_APPLICABLE,11
27,1,2700,G2_TEC,PREVIOUS,[6, 19, 12, 5, 4, 16, 3, 17, 8, 11, 2, 1, 7, 9, 15, 0, 13, 10, 14, 18]|[2, 1, 1, 1, 2, 0, 1, 0, 0, 2, 2, 2, 1, 0, 0, 0, 0, 0, 1, 0]|[0, 1, 1, 1, 0, 3, 0, 0, 0, 0, 0, 1, 1, 3, 1, 3, 3, 3, 1, 0]|[1, 1, 1, 0, 1, 1, 1, 0, 0, 0, 1, 1, 1, 2, 1, 2, 1, 0, 1, 1],323.392173899278;10526.669051246305;15735.373491198440,0,false,[6, 19, 12, 5, 4, 16, 3, 17, 8, 11, 2, 1, 7, 9, 15, 0, 13, 10, 14, 18]|[2, 1, 1, 1, 2, 0, 1, 0, 0, 2, 2, 2, 1, 0, 0, 0, 0, 0, 1, 0]|[0, 1, 1, 1, 0, 3, 0, 0, 0, 0, 0, 1, 1, 3, 1, 3, 3, 3, 1, 0]|[1, 1, 1, 0, 1, 1, 1, 0, 0, 0, 1, 1, 1, 2, 1, 2, 1, 0, 1, 1],323.392173899278;10526.669051246305;15735.373491198440,10526.669051246305,NOT_APPLICABLE,NOT_APPLICABLE,NOT_APPLICABLE,9
27,1,2700,G2_TEC,HISTORICAL,[6, 19, 12, 5, 4, 16, 3, 11, 15, 7, 2, 14, 10, 0, 9, 13, 18, 1, 8, 17]|[1, 0, 1, 0, 2, 0, 1, 2, 0, 0, 0, 0, 0, 0, 0, 2, 1, 0, 2, 1]|[1, 0, 1, 3, 0, 0, 1, 0, 3, 3, 3, 3, 3, 3, 3, 0, 1, 3, 0, 1]|[1, 2, 0, 0, 0, 0, 1, 1, 0, 2, 1, 0, 2, 2, 1, 1, 1, 2, 1, 1],464.605778819318;9745.839932227676;15168.960822883402,0,false,[6, 19, 12, 5, 4, 16, 3, 11, 15, 7, 2, 14, 10, 0, 9, 13, 18, 1, 8, 17]|[1, 0, 1, 0, 2, 0, 1, 2, 0, 0, 0, 0, 0, 0, 0, 2, 1, 0, 2, 1]|[1, 0, 1, 3, 0, 0, 1, 0, 3, 3, 3, 3, 3, 3, 3, 0, 1, 3, 0, 1]|[1, 2, 0, 0, 0, 0, 1, 1, 0, 2, 1, 0, 2, 2, 1, 1, 1, 2, 1, 1],464.605778819318;9745.839932227676;15168.960822883402,9745.839932227676,NOT_APPLICABLE,NOT_APPLICABLE,NOT_APPLICABLE,8
27,1,2700,G3_TWC,PREVIOUS,[6, 19, 12, 5, 4, 9, 0, 3, 13, 10, 7, 8, 15, 11, 14, 16, 18, 17, 1, 2]|[1, 1, 1, 0, 2, 0, 0, 2, 1, 0, 0, 2, 1, 2, 0, 0, 1, 1, 0, 0]|[1, 1, 1, 3, 0, 3, 3, 0, 1, 3, 3, 1, 0, 0, 3, 3, 1, 1, 3, 3]|[1, 1, 0, 0, 0, 1, 2, 0, 1, 0, 2, 1, 1, 1, 0, 0, 1, 1, 2, 1],428.476146142691;9273.836810547200;17525.869133889190,0,false,[6, 19, 12, 5, 4, 9, 0, 3, 13, 10, 7, 8, 15, 11, 14, 16, 18, 17, 1, 2]|[1, 1, 1, 0, 2, 0, 0, 2, 1, 0, 0, 2, 1, 2, 0, 0, 1, 1, 0, 0]|[1, 1, 1, 3, 0, 3, 3, 0, 1, 3, 3, 1, 0, 0, 3, 3, 1, 1, 3, 3]|[1, 1, 0, 0, 0, 1, 2, 0, 1, 0, 2, 1, 1, 1, 0, 0, 1, 1, 2, 1],428.476146142691;9273.836810547200;17525.869133889190,17525.869133889190,NOT_APPLICABLE,NOT_APPLICABLE,NOT_APPLICABLE,7
27,1,2700,G3_TWC,HISTORICAL,[6, 19, 12, 5, 4, 16, 2, 11, 17, 8, 9, 7, 13, 3, 1, 14, 18, 10, 0, 15]|[2, 2, 0, 0, 1, 0, 1, 0, 0, 2, 0, 0, 0, 1, 1, 0, 0, 2, 2, 0]|[0, 0, 2, 3, 1, 3, 1, 3, 3, 0, 3, 3, 0, 1, 1, 0, 3, 0, 0, 3]|[0, 0, 1, 0, 1, 0, 1, 1, 0, 1, 1, 2, 2, 1, 1, 0, 1, 0, 1, 1],430.244049025694;9824.071110488612;13523.023529697015,0,false,[6, 19, 12, 5, 4, 16, 2, 11, 17, 8, 9, 7, 13, 3, 1, 14, 18, 10, 0, 15]|[2, 2, 0, 0, 1, 0, 1, 0, 0, 2, 0, 0, 0, 1, 1, 0, 0, 2, 2, 0]|[0, 0, 2, 3, 1, 3, 1, 3, 3, 0, 3, 3, 0, 1, 1, 0, 3, 0, 0, 3]|[0, 0, 1, 0, 1, 0, 1, 1, 0, 1, 1, 2, 2, 1, 1, 0, 1, 0, 1, 1],430.244049025694;9824.071110488612;13523.023529697015,13523.023529697015,NOT_APPLICABLE,NOT_APPLICABLE,NOT_APPLICABLE,10
27,1,2700,G4_BALANCED,PREVIOUS,[6, 19, 11, 10, 1, 9, 0, 12, 13, 5, 7, 2, 15, 3, 14, 16, 18, 17, 8, 4]|[0, 1, 2, 1, 1, 2, 0, 0, 0, 0, 0, 2, 1, 2, 1, 0, 0, 0, 2, 1]|[0, 1, 0, 1, 1, 1, 3, 2, 0, 3, 3, 1, 0, 0, 0, 3, 0, 3, 1, 1]|[0, 1, 0, 1, 1, 1, 2, 1, 2, 0, 2, 1, 1, 0, 1, 0, 1, 1, 1, 0],341.015567057660;10441.594366706042;15035.520862214290,0,false,[6, 19, 11, 10, 1, 9, 0, 12, 13, 5, 7, 2, 15, 3, 14, 16, 18, 17, 8, 4]|[0, 1, 2, 1, 1, 2, 0, 0, 0, 0, 0, 2, 1, 2, 1, 0, 0, 0, 2, 1]|[0, 1, 0, 1, 1, 1, 3, 2, 0, 3, 3, 1, 0, 0, 0, 3, 0, 3, 1, 1]|[0, 1, 0, 1, 1, 1, 2, 1, 2, 0, 2, 1, 1, 0, 1, 0, 1, 1, 1, 0],341.015567057660;10441.594366706042;15035.520862214290,0.520756903373,NOT_APPLICABLE,NOT_APPLICABLE,NOT_APPLICABLE,12
27,1,2700,G4_BALANCED,HISTORICAL,[6, 19, 11, 10, 1, 9, 0, 12, 13, 5, 7, 2, 15, 3, 14, 16, 18, 17, 8, 4]|[0, 1, 2, 1, 1, 2, 0, 0, 0, 0, 0, 2, 1, 2, 1, 0, 0, 0, 2, 1]|[0, 1, 0, 1, 1, 1, 3, 2, 0, 3, 3, 1, 0, 0, 0, 3, 0, 3, 1, 1]|[0, 1, 0, 1, 1, 1, 2, 1, 2, 0, 2, 1, 1, 0, 1, 0, 1, 1, 1, 0],341.015567057660;10441.594366706042;15035.520862214290,0,false,[6, 19, 11, 10, 1, 9, 0, 12, 13, 5, 7, 2, 15, 3, 14, 16, 18, 17, 8, 4]|[0, 1, 2, 1, 1, 2, 0, 0, 0, 0, 0, 2, 1, 2, 1, 0, 0, 0, 2, 1]|[0, 1, 0, 1, 1, 1, 3, 2, 0, 3, 3, 1, 0, 0, 0, 3, 0, 3, 1, 1]|[0, 1, 0, 1, 1, 1, 2, 1, 2, 0, 2, 1, 1, 0, 1, 0, 1, 1, 1, 0],341.015567057660;10441.594366706042;15035.520862214290,0.520756903373,NOT_APPLICABLE,NOT_APPLICABLE,NOT_APPLICABLE,6
28,1,2800,G1_CMAX,PREVIOUS,[6, 19, 12, 5, 4, 16, 3, 9, 10, 17, 2, 18, 13, 14, 8, 11, 7, 1, 15, 0]|[2, 1, 1, 2, 1, 0, 1, 0, 1, 0, 2, 0, 2, 1, 0, 2, 1, 1, 0, 2]|[0, 1, 1, 1, 0, 3, 0, 3, 1, 0, 0, 0, 0, 0, 0, 1, 0, 1, 3, 0]|[1, 1, 1, 0, 0, 1, 1, 2, 1, 0, 1, 1, 1, 1, 0, 0, 1, 0, 2, 1],226.990629343372;11104.352378173600;18140.749392244250,0,false,[6, 19, 12, 5, 4, 16, 3, 9, 10, 17, 2, 18, 13, 14, 8, 11, 7, 1, 15, 0]|[2, 1, 1, 2, 1, 0, 1, 0, 1, 0, 2, 0, 2, 1, 0, 2, 1, 1, 0, 2]|[0, 1, 1, 1, 0, 3, 0, 3, 1, 0, 0, 0, 0, 0, 0, 1, 0, 1, 3, 0]|[1, 1, 1, 0, 0, 1, 1, 2, 1, 0, 1, 1, 1, 1, 0, 0, 1, 0, 2, 1],226.990629343372;11104.352378173600;18140.749392244250,226.990629343372,NOT_APPLICABLE,NOT_APPLICABLE,NOT_APPLICABLE,8
28,1,2800,G1_CMAX,HISTORICAL,[6, 19, 12, 5, 4, 16, 3, 9, 10, 17, 2, 18, 13, 14, 8, 11, 7, 1, 15, 0]|[2, 1, 1, 2, 1, 0, 1, 0, 1, 0, 2, 0, 2, 1, 0, 2, 1, 1, 0, 2]|[0, 1, 1, 1, 0, 3, 0, 3, 1, 0, 0, 0, 0, 0, 0, 1, 0, 1, 3, 0]|[1, 1, 1, 0, 0, 1, 1, 2, 1, 0, 1, 1, 1, 1, 0, 0, 1, 0, 2, 1],226.990629343372;11104.352378173600;18140.749392244250,0,false,[6, 19, 12, 5, 4, 16, 3, 9, 10, 17, 2, 18, 13, 14, 8, 11, 7, 1, 15, 0]|[2, 1, 1, 2, 1, 0, 1, 0, 1, 0, 2, 0, 2, 1, 0, 2, 1, 1, 0, 2]|[0, 1, 1, 1, 0, 3, 0, 3, 1, 0, 0, 0, 0, 0, 0, 1, 0, 1, 3, 0]|[1, 1, 1, 0, 0, 1, 1, 2, 1, 0, 1, 1, 1, 1, 0, 0, 1, 0, 2, 1],226.990629343372;11104.352378173600;18140.749392244250,226.990629343372,NOT_APPLICABLE,NOT_APPLICABLE,NOT_APPLICABLE,12
28,1,2800,G2_TEC,PREVIOUS,[6, 19, 12, 5, 4, 16, 3, 11, 15, 7, 2, 14, 10, 0, 9, 13, 18, 1, 8, 17]|[1, 0, 1, 0, 2, 0, 1, 2, 0, 0, 0, 0, 0, 0, 0, 2, 1, 0, 2, 1]|[1, 0, 1, 3, 0, 0, 1, 0, 3, 3, 3, 3, 3, 3, 3, 0, 1, 3, 0, 1]|[1, 2, 0, 0, 0, 0, 1, 1, 0, 2, 1, 0, 2, 2, 1, 1, 1, 2, 1, 1],464.605778819318;9745.839932227676;15168.960822883402,1,true,[6, 19, 12, 5, 4, 16, 3, 11, 15, 7, 2, 10, 8, 13, 9, 0, 14, 18, 17, 1]|[2, 2, 1, 1, 2, 0, 0, 2, 0, 1, 1, 0, 2, 0, 0, 0, 0, 1, 0, 0]|[0, 0, 1, 1, 0, 3, 3, 0, 3, 1, 1, 3, 0, 3, 3, 3, 3, 1, 3, 3]|[1, 0, 1, 0, 1, 0, 2, 0, 0, 1, 1, 2, 1, 1, 1, 0, 0, 1, 1, 2],434.275212412142;9174.958233807818;15026.880659223301,9174.958233807818,2800,2800,0,9
28,1,2800,G2_TEC,HISTORICAL,[6, 19, 12, 5, 4, 16, 3, 11, 15, 7, 2, 14, 10, 0, 9, 13, 18, 1, 8, 17]|[1, 0, 1, 0, 2, 0, 1, 2, 0, 0, 0, 0, 0, 0, 0, 2, 1, 0, 2, 1]|[1, 0, 1, 3, 0, 0, 1, 0, 3, 3, 3, 3, 3, 3, 3, 0, 1, 3, 0, 1]|[1, 2, 0, 0, 0, 0, 1, 1, 0, 2, 1, 0, 2, 2, 1, 1, 1, 2, 1, 1],464.605778819318;9745.839932227676;15168.960822883402,1,true,[6, 19, 12, 5, 4, 16, 3, 11, 15, 7, 2, 10, 8, 13, 9, 0, 14, 18, 17, 1]|[2, 2, 1, 1, 2, 0, 0, 2, 0, 1, 1, 0, 2, 0, 0, 0, 0, 1, 0, 0]|[0, 0, 1, 1, 0, 3, 3, 0, 3, 1, 1, 3, 0, 3, 3, 3, 3, 1, 3, 3]|[1, 0, 1, 0, 1, 0, 2, 0, 0, 1, 1, 2, 1, 1, 1, 0, 0, 1, 1, 2],434.275212412142;9174.958233807818;15026.880659223301,9174.958233807818,2800,2800,0,9
28,1,2800,G3_TWC,PREVIOUS,[6, 19, 12, 5, 4, 9, 0, 3, 13, 10, 7, 8, 15, 11, 14, 16, 18, 17, 1, 2]|[1, 1, 1, 0, 2, 0, 0, 2, 1, 0, 0, 2, 1, 2, 0, 0, 1, 1, 0, 0]|[1, 1, 1, 3, 0, 3, 3, 0, 1, 3, 3, 1, 0, 0, 3, 3, 1, 1, 3, 3]|[1, 1, 0, 0, 0, 1, 2, 0, 1, 0, 2, 1, 1, 1, 0, 0, 1, 1, 2, 1],428.476146142691;9273.836810547200;17525.869133889190,0,false,[6, 19, 12, 5, 4, 9, 0, 3, 13, 10, 7, 8, 15, 11, 14, 16, 18, 17, 1, 2]|[1, 1, 1, 0, 2, 0, 0, 2, 1, 0, 0, 2, 1, 2, 0, 0, 1, 1, 0, 0]|[1, 1, 1, 3, 0, 3, 3, 0, 1, 3, 3, 1, 0, 0, 3, 3, 1, 1, 3, 3]|[1, 1, 0, 0, 0, 1, 2, 0, 1, 0, 2, 1, 1, 1, 0, 0, 1, 1, 2, 1],428.476146142691;9273.836810547200;17525.869133889190,17525.869133889190,NOT_APPLICABLE,NOT_APPLICABLE,NOT_APPLICABLE,8
28,1,2800,G3_TWC,HISTORICAL,[6, 19, 12, 5, 4, 16, 2, 11, 17, 8, 9, 7, 13, 3, 1, 14, 18, 10, 0, 15]|[2, 2, 0, 0, 1, 0, 1, 0, 0, 2, 0, 0, 0, 1, 1, 0, 0, 2, 2, 0]|[0, 0, 2, 3, 1, 3, 1, 3, 3, 0, 3, 3, 0, 1, 1, 0, 3, 0, 0, 3]|[0, 0, 1, 0, 1, 0, 1, 1, 0, 1, 1, 2, 2, 1, 1, 0, 1, 0, 1, 1],430.244049025694;9824.071110488612;13523.023529697015,0,false,[6, 19, 12, 5, 4, 16, 2, 11, 17, 8, 9, 7, 13, 3, 1, 14, 18, 10, 0, 15]|[2, 2, 0, 0, 1, 0, 1, 0, 0, 2, 0, 0, 0, 1, 1, 0, 0, 2, 2, 0]|[0, 0, 2, 3, 1, 3, 1, 3, 3, 0, 3, 3, 0, 1, 1, 0, 3, 0, 0, 3]|[0, 0, 1, 0, 1, 0, 1, 1, 0, 1, 1, 2, 2, 1, 1, 0, 1, 0, 1, 1],430.244049025694;9824.071110488612;13523.023529697015,13523.023529697015,NOT_APPLICABLE,NOT_APPLICABLE,NOT_APPLICABLE,10
28,1,2800,G4_BALANCED,PREVIOUS,[6, 19, 11, 10, 1, 9, 0, 12, 13, 5, 7, 2, 15, 3, 14, 16, 18, 17, 8, 4]|[0, 1, 2, 1, 1, 2, 0, 0, 0, 0, 0, 2, 1, 2, 1, 0, 0, 0, 2, 1]|[0, 1, 0, 1, 1, 1, 3, 2, 0, 3, 3, 1, 0, 0, 0, 3, 0, 3, 1, 1]|[0, 1, 0, 1, 1, 1, 2, 1, 2, 0, 2, 1, 1, 0, 1, 0, 1, 1, 1, 0],341.015567057660;10441.594366706042;15035.520862214290,0,false,[6, 19, 11, 10, 1, 9, 0, 12, 13, 5, 7, 2, 15, 3, 14, 16, 18, 17, 8, 4]|[0, 1, 2, 1, 1, 2, 0, 0, 0, 0, 0, 2, 1, 2, 1, 0, 0, 0, 2, 1]|[0, 1, 0, 1, 1, 1, 3, 2, 0, 3, 3, 1, 0, 0, 0, 3, 0, 3, 1, 1]|[0, 1, 0, 1, 1, 1, 2, 1, 2, 0, 2, 1, 1, 0, 1, 0, 1, 1, 1, 0],341.015567057660;10441.594366706042;15035.520862214290,0.552183189331,NOT_APPLICABLE,NOT_APPLICABLE,NOT_APPLICABLE,13
28,1,2800,G4_BALANCED,HISTORICAL,[6, 19, 11, 10, 1, 9, 0, 12, 13, 5, 7, 2, 15, 3, 14, 16, 18, 17, 8, 4]|[0, 1, 2, 1, 1, 2, 0, 0, 0, 0, 0, 2, 1, 2, 1, 0, 0, 0, 2, 1]|[0, 1, 0, 1, 1, 1, 3, 2, 0, 3, 3, 1, 0, 0, 0, 3, 0, 3, 1, 1]|[0, 1, 0, 1, 1, 1, 2, 1, 2, 0, 2, 1, 1, 0, 1, 0, 1, 1, 1, 0],341.015567057660;10441.594366706042;15035.520862214290,0,false,[6, 19, 11, 10, 1, 9, 0, 12, 13, 5, 7, 2, 15, 3, 14, 16, 18, 17, 8, 4]|[0, 1, 2, 1, 1, 2, 0, 0, 0, 0, 0, 2, 1, 2, 1, 0, 0, 0, 2, 1]|[0, 1, 0, 1, 1, 1, 3, 2, 0, 3, 3, 1, 0, 0, 0, 3, 0, 3, 1, 1]|[0, 1, 0, 1, 1, 1, 2, 1, 2, 0, 2, 1, 1, 0, 1, 0, 1, 1, 1, 0],341.015567057660;10441.594366706042;15035.520862214290,0.552183189331,NOT_APPLICABLE,NOT_APPLICABLE,NOT_APPLICABLE,6
29,1,2900,G1_CMAX,PREVIOUS,[6, 19, 12, 5, 4, 16, 3, 9, 10, 17, 2, 18, 13, 14, 8, 11, 7, 1, 15, 0]|[2, 1, 1, 2, 1, 0, 1, 0, 1, 0, 2, 0, 2, 1, 0, 2, 1, 1, 0, 2]|[0, 1, 1, 1, 0, 3, 0, 3, 1, 0, 0, 0, 0, 0, 0, 1, 0, 1, 3, 0]|[1, 1, 1, 0, 0, 1, 1, 2, 1, 0, 1, 1, 1, 1, 0, 0, 1, 0, 2, 1],226.990629343372;11104.352378173600;18140.749392244250,0,false,[6, 19, 12, 5, 4, 16, 3, 9, 10, 17, 2, 18, 13, 14, 8, 11, 7, 1, 15, 0]|[2, 1, 1, 2, 1, 0, 1, 0, 1, 0, 2, 0, 2, 1, 0, 2, 1, 1, 0, 2]|[0, 1, 1, 1, 0, 3, 0, 3, 1, 0, 0, 0, 0, 0, 0, 1, 0, 1, 3, 0]|[1, 1, 1, 0, 0, 1, 1, 2, 1, 0, 1, 1, 1, 1, 0, 0, 1, 0, 2, 1],226.990629343372;11104.352378173600;18140.749392244250,226.990629343372,NOT_APPLICABLE,NOT_APPLICABLE,NOT_APPLICABLE,8
29,1,2900,G1_CMAX,HISTORICAL,[6, 19, 12, 5, 4, 16, 3, 9, 10, 17, 2, 18, 13, 14, 8, 11, 7, 1, 15, 0]|[2, 1, 1, 2, 1, 0, 1, 0, 1, 0, 2, 0, 2, 1, 0, 2, 1, 1, 0, 2]|[0, 1, 1, 1, 0, 3, 0, 3, 1, 0, 0, 0, 0, 0, 0, 1, 0, 1, 3, 0]|[1, 1, 1, 0, 0, 1, 1, 2, 1, 0, 1, 1, 1, 1, 0, 0, 1, 0, 2, 1],226.990629343372;11104.352378173600;18140.749392244250,0,false,[6, 19, 12, 5, 4, 16, 3, 9, 10, 17, 2, 18, 13, 14, 8, 11, 7, 1, 15, 0]|[2, 1, 1, 2, 1, 0, 1, 0, 1, 0, 2, 0, 2, 1, 0, 2, 1, 1, 0, 2]|[0, 1, 1, 1, 0, 3, 0, 3, 1, 0, 0, 0, 0, 0, 0, 1, 0, 1, 3, 0]|[1, 1, 1, 0, 0, 1, 1, 2, 1, 0, 1, 1, 1, 1, 0, 0, 1, 0, 2, 1],226.990629343372;11104.352378173600;18140.749392244250,226.990629343372,NOT_APPLICABLE,NOT_APPLICABLE,NOT_APPLICABLE,13
29,1,2900,G2_TEC,PREVIOUS,[6, 19, 12, 5, 4, 16, 3, 11, 15, 7, 2, 10, 8, 13, 9, 0, 14, 18, 17, 1]|[2, 2, 1, 1, 2, 0, 0, 2, 0, 1, 1, 0, 2, 0, 0, 0, 0, 1, 0, 0]|[0, 0, 1, 1, 0, 3, 3, 0, 3, 1, 1, 3, 0, 3, 3, 3, 3, 1, 3, 3]|[1, 0, 1, 0, 1, 0, 2, 0, 0, 1, 1, 2, 1, 1, 1, 0, 0, 1, 1, 2],434.275212412142;9174.958233807818;15026.880659223301,0,false,[6, 19, 12, 5, 4, 16, 3, 11, 15, 7, 2, 10, 8, 13, 9, 0, 14, 18, 17, 1]|[2, 2, 1, 1, 2, 0, 0, 2, 0, 1, 1, 0, 2, 0, 0, 0, 0, 1, 0, 0]|[0, 0, 1, 1, 0, 3, 3, 0, 3, 1, 1, 3, 0, 3, 3, 3, 3, 1, 3, 3]|[1, 0, 1, 0, 1, 0, 2, 0, 0, 1, 1, 2, 1, 1, 1, 0, 0, 1, 1, 2],434.275212412142;9174.958233807818;15026.880659223301,9174.958233807818,NOT_APPLICABLE,NOT_APPLICABLE,NOT_APPLICABLE,9
29,1,2900,G2_TEC,HISTORICAL,[6, 19, 12, 5, 4, 16, 3, 11, 15, 7, 2, 10, 8, 13, 9, 0, 14, 18, 17, 1]|[2, 2, 1, 1, 2, 0, 0, 2, 0, 1, 1, 0, 2, 0, 0, 0, 0, 1, 0, 0]|[0, 0, 1, 1, 0, 3, 3, 0, 3, 1, 1, 3, 0, 3, 3, 3, 3, 1, 3, 3]|[1, 0, 1, 0, 1, 0, 2, 0, 0, 1, 1, 2, 1, 1, 1, 0, 0, 1, 1, 2],434.275212412142;9174.958233807818;15026.880659223301,0,false,[6, 19, 12, 5, 4, 16, 3, 11, 15, 7, 2, 10, 8, 13, 9, 0, 14, 18, 17, 1]|[2, 2, 1, 1, 2, 0, 0, 2, 0, 1, 1, 0, 2, 0, 0, 0, 0, 1, 0, 0]|[0, 0, 1, 1, 0, 3, 3, 0, 3, 1, 1, 3, 0, 3, 3, 3, 3, 1, 3, 3]|[1, 0, 1, 0, 1, 0, 2, 0, 0, 1, 1, 2, 1, 1, 1, 0, 0, 1, 1, 2],434.275212412142;9174.958233807818;15026.880659223301,9174.958233807818,NOT_APPLICABLE,NOT_APPLICABLE,NOT_APPLICABLE,10
29,1,2900,G3_TWC,PREVIOUS,[6, 19, 12, 5, 4, 9, 0, 3, 13, 10, 7, 8, 15, 11, 14, 16, 18, 17, 1, 2]|[1, 1, 1, 0, 2, 0, 0, 2, 1, 0, 0, 2, 1, 2, 0, 0, 1, 1, 0, 0]|[1, 1, 1, 3, 0, 3, 3, 0, 1, 3, 3, 1, 0, 0, 3, 3, 1, 1, 3, 3]|[1, 1, 0, 0, 0, 1, 2, 0, 1, 0, 2, 1, 1, 1, 0, 0, 1, 1, 2, 1],428.476146142691;9273.836810547200;17525.869133889190,0,false,[6, 19, 12, 5, 4, 9, 0, 3, 13, 10, 7, 8, 15, 11, 14, 16, 18, 17, 1, 2]|[1, 1, 1, 0, 2, 0, 0, 2, 1, 0, 0, 2, 1, 2, 0, 0, 1, 1, 0, 0]|[1, 1, 1, 3, 0, 3, 3, 0, 1, 3, 3, 1, 0, 0, 3, 3, 1, 1, 3, 3]|[1, 1, 0, 0, 0, 1, 2, 0, 1, 0, 2, 1, 1, 1, 0, 0, 1, 1, 2, 1],428.476146142691;9273.836810547200;17525.869133889190,17525.869133889190,NOT_APPLICABLE,NOT_APPLICABLE,NOT_APPLICABLE,9
29,1,2900,G3_TWC,HISTORICAL,[6, 19, 12, 5, 4, 16, 2, 11, 17, 8, 9, 7, 13, 3, 1, 14, 18, 10, 0, 15]|[2, 2, 0, 0, 1, 0, 1, 0, 0, 2, 0, 0, 0, 1, 1, 0, 0, 2, 2, 0]|[0, 0, 2, 3, 1, 3, 1, 3, 3, 0, 3, 3, 0, 1, 1, 0, 3, 0, 0, 3]|[0, 0, 1, 0, 1, 0, 1, 1, 0, 1, 1, 2, 2, 1, 1, 0, 1, 0, 1, 1],430.244049025694;9824.071110488612;13523.023529697015,0,false,[6, 19, 12, 5, 4, 16, 2, 11, 17, 8, 9, 7, 13, 3, 1, 14, 18, 10, 0, 15]|[2, 2, 0, 0, 1, 0, 1, 0, 0, 2, 0, 0, 0, 1, 1, 0, 0, 2, 2, 0]|[0, 0, 2, 3, 1, 3, 1, 3, 3, 0, 3, 3, 0, 1, 1, 0, 3, 0, 0, 3]|[0, 0, 1, 0, 1, 0, 1, 1, 0, 1, 1, 2, 2, 1, 1, 0, 1, 0, 1, 1],430.244049025694;9824.071110488612;13523.023529697015,13523.023529697015,NOT_APPLICABLE,NOT_APPLICABLE,NOT_APPLICABLE,10
29,1,2900,G4_BALANCED,PREVIOUS,[6, 19, 11, 10, 1, 9, 0, 12, 13, 5, 7, 2, 15, 3, 14, 16, 18, 17, 8, 4]|[0, 1, 2, 1, 1, 2, 0, 0, 0, 0, 0, 2, 1, 2, 1, 0, 0, 0, 2, 1]|[0, 1, 0, 1, 1, 1, 3, 2, 0, 3, 3, 1, 0, 0, 0, 3, 0, 3, 1, 1]|[0, 1, 0, 1, 1, 1, 2, 1, 2, 0, 2, 1, 1, 0, 1, 0, 1, 1, 1, 0],341.015567057660;10441.594366706042;15035.520862214290,1,true,[6, 19, 12, 5, 4, 16, 3, 9, 10, 17, 2, 18, 13, 1, 7, 14, 8, 15, 0, 11]|[2, 1, 1, 0, 1, 0, 1, 2, 2, 0, 2, 0, 2, 1, 1, 0, 0, 0, 0, 1]|[0, 1, 1, 0, 0, 3, 0, 1, 0, 0, 0, 0, 0, 1, 1, 3, 0, 3, 3, 1]|[1, 1, 1, 0, 0, 1, 1, 1, 0, 0, 1, 1, 1, 0, 1, 2, 0, 2, 2, 1],309.350963743179;10410.844670303546;14833.137194473093,0.527862854607,2900,2900,0,13
29,1,2900,G4_BALANCED,HISTORICAL,[6, 19, 11, 10, 1, 9, 0, 12, 13, 5, 7, 2, 15, 3, 14, 16, 18, 17, 8, 4]|[0, 1, 2, 1, 1, 2, 0, 0, 0, 0, 0, 2, 1, 2, 1, 0, 0, 0, 2, 1]|[0, 1, 0, 1, 1, 1, 3, 2, 0, 3, 3, 1, 0, 0, 0, 3, 0, 3, 1, 1]|[0, 1, 0, 1, 1, 1, 2, 1, 2, 0, 2, 1, 1, 0, 1, 0, 1, 1, 1, 0],341.015567057660;10441.594366706042;15035.520862214290,1,true,[6, 19, 12, 5, 4, 16, 3, 9, 10, 17, 2, 18, 13, 1, 7, 14, 8, 15, 0, 11]|[2, 1, 1, 0, 1, 0, 1, 2, 2, 0, 2, 0, 2, 1, 1, 0, 0, 0, 0, 1]|[0, 1, 1, 0, 0, 3, 0, 1, 0, 0, 0, 0, 0, 1, 1, 3, 0, 3, 3, 1]|[1, 1, 1, 0, 0, 1, 1, 1, 0, 0, 1, 1, 1, 0, 1, 2, 0, 2, 2, 1],309.350963743179;10410.844670303546;14833.137194473093,0.527862854607,2900,2900,0,7
30,1,3000,G1_CMAX,PREVIOUS,[6, 19, 12, 5, 4, 16, 3, 9, 10, 17, 2, 18, 13, 14, 8, 11, 7, 1, 15, 0]|[2, 1, 1, 2, 1, 0, 1, 0, 1, 0, 2, 0, 2, 1, 0, 2, 1, 1, 0, 2]|[0, 1, 1, 1, 0, 3, 0, 3, 1, 0, 0, 0, 0, 0, 0, 1, 0, 1, 3, 0]|[1, 1, 1, 0, 0, 1, 1, 2, 1, 0, 1, 1, 1, 1, 0, 0, 1, 0, 2, 1],226.990629343372;11104.352378173600;18140.749392244250,0,false,[6, 19, 12, 5, 4, 16, 3, 9, 10, 17, 2, 18, 13, 14, 8, 11, 7, 1, 15, 0]|[2, 1, 1, 2, 1, 0, 1, 0, 1, 0, 2, 0, 2, 1, 0, 2, 1, 1, 0, 2]|[0, 1, 1, 1, 0, 3, 0, 3, 1, 0, 0, 0, 0, 0, 0, 1, 0, 1, 3, 0]|[1, 1, 1, 0, 0, 1, 1, 2, 1, 0, 1, 1, 1, 1, 0, 0, 1, 0, 2, 1],226.990629343372;11104.352378173600;18140.749392244250,226.990629343372,NOT_APPLICABLE,NOT_APPLICABLE,NOT_APPLICABLE,8
30,1,3000,G1_CMAX,HISTORICAL,[6, 19, 12, 5, 4, 16, 3, 9, 10, 17, 2, 18, 13, 14, 8, 11, 7, 1, 15, 0]|[2, 1, 1, 2, 1, 0, 1, 0, 1, 0, 2, 0, 2, 1, 0, 2, 1, 1, 0, 2]|[0, 1, 1, 1, 0, 3, 0, 3, 1, 0, 0, 0, 0, 0, 0, 1, 0, 1, 3, 0]|[1, 1, 1, 0, 0, 1, 1, 2, 1, 0, 1, 1, 1, 1, 0, 0, 1, 0, 2, 1],226.990629343372;11104.352378173600;18140.749392244250,0,false,[6, 19, 12, 5, 4, 16, 3, 9, 10, 17, 2, 18, 13, 14, 8, 11, 7, 1, 15, 0]|[2, 1, 1, 2, 1, 0, 1, 0, 1, 0, 2, 0, 2, 1, 0, 2, 1, 1, 0, 2]|[0, 1, 1, 1, 0, 3, 0, 3, 1, 0, 0, 0, 0, 0, 0, 1, 0, 1, 3, 0]|[1, 1, 1, 0, 0, 1, 1, 2, 1, 0, 1, 1, 1, 1, 0, 0, 1, 0, 2, 1],226.990629343372;11104.352378173600;18140.749392244250,226.990629343372,NOT_APPLICABLE,NOT_APPLICABLE,NOT_APPLICABLE,14
30,1,3000,G2_TEC,PREVIOUS,[6, 19, 12, 5, 4, 16, 3, 11, 15, 7, 2, 10, 8, 13, 9, 0, 14, 18, 17, 1]|[2, 2, 1, 1, 2, 0, 0, 2, 0, 1, 1, 0, 2, 0, 0, 0, 0, 1, 0, 0]|[0, 0, 1, 1, 0, 3, 3, 0, 3, 1, 1, 3, 0, 3, 3, 3, 3, 1, 3, 3]|[1, 0, 1, 0, 1, 0, 2, 0, 0, 1, 1, 2, 1, 1, 1, 0, 0, 1, 1, 2],434.275212412142;9174.958233807818;15026.880659223301,0,false,[6, 19, 12, 5, 4, 16, 3, 11, 15, 7, 2, 10, 8, 13, 9, 0, 14, 18, 17, 1]|[2, 2, 1, 1, 2, 0, 0, 2, 0, 1, 1, 0, 2, 0, 0, 0, 0, 1, 0, 0]|[0, 0, 1, 1, 0, 3, 3, 0, 3, 1, 1, 3, 0, 3, 3, 3, 3, 1, 3, 3]|[1, 0, 1, 0, 1, 0, 2, 0, 0, 1, 1, 2, 1, 1, 1, 0, 0, 1, 1, 2],434.275212412142;9174.958233807818;15026.880659223301,9174.958233807818,NOT_APPLICABLE,NOT_APPLICABLE,NOT_APPLICABLE,10
30,1,3000,G2_TEC,HISTORICAL,[6, 19, 12, 5, 4, 16, 3, 11, 15, 7, 2, 10, 8, 13, 9, 0, 14, 18, 17, 1]|[2, 2, 1, 1, 2, 0, 0, 2, 0, 1, 1, 0, 2, 0, 0, 0, 0, 1, 0, 0]|[0, 0, 1, 1, 0, 3, 3, 0, 3, 1, 1, 3, 0, 3, 3, 3, 3, 1, 3, 3]|[1, 0, 1, 0, 1, 0, 2, 0, 0, 1, 1, 2, 1, 1, 1, 0, 0, 1, 1, 2],434.275212412142;9174.958233807818;15026.880659223301,0,false,[6, 19, 12, 5, 4, 16, 3, 11, 15, 7, 2, 10, 8, 13, 9, 0, 14, 18, 17, 1]|[2, 2, 1, 1, 2, 0, 0, 2, 0, 1, 1, 0, 2, 0, 0, 0, 0, 1, 0, 0]|[0, 0, 1, 1, 0, 3, 3, 0, 3, 1, 1, 3, 0, 3, 3, 3, 3, 1, 3, 3]|[1, 0, 1, 0, 1, 0, 2, 0, 0, 1, 1, 2, 1, 1, 1, 0, 0, 1, 1, 2],434.275212412142;9174.958233807818;15026.880659223301,9174.958233807818,NOT_APPLICABLE,NOT_APPLICABLE,NOT_APPLICABLE,10
30,1,3000,G3_TWC,PREVIOUS,[6, 19, 12, 5, 4, 16, 2, 11, 17, 8, 9, 7, 13, 3, 1, 14, 18, 10, 0, 15]|[2, 2, 0, 0, 1, 0, 1, 0, 0, 2, 0, 0, 0, 1, 1, 0, 0, 2, 2, 0]|[0, 0, 2, 3, 1, 3, 1, 3, 3, 0, 3, 3, 0, 1, 1, 0, 3, 0, 0, 3]|[0, 0, 1, 0, 1, 0, 1, 1, 0, 1, 1, 2, 2, 1, 1, 0, 1, 0, 1, 1],430.244049025694;9824.071110488612;13523.023529697015,0,false,[6, 19, 12, 5, 4, 16, 2, 11, 17, 8, 9, 7, 13, 3, 1, 14, 18, 10, 0, 15]|[2, 2, 0, 0, 1, 0, 1, 0, 0, 2, 0, 0, 0, 1, 1, 0, 0, 2, 2, 0]|[0, 0, 2, 3, 1, 3, 1, 3, 3, 0, 3, 3, 0, 1, 1, 0, 3, 0, 0, 3]|[0, 0, 1, 0, 1, 0, 1, 1, 0, 1, 1, 2, 2, 1, 1, 0, 1, 0, 1, 1],430.244049025694;9824.071110488612;13523.023529697015,13523.023529697015,NOT_APPLICABLE,NOT_APPLICABLE,NOT_APPLICABLE,9
30,1,3000,G3_TWC,HISTORICAL,[6, 19, 12, 5, 4, 16, 2, 11, 17, 8, 9, 7, 13, 3, 1, 14, 18, 10, 0, 15]|[2, 2, 0, 0, 1, 0, 1, 0, 0, 2, 0, 0, 0, 1, 1, 0, 0, 2, 2, 0]|[0, 0, 2, 3, 1, 3, 1, 3, 3, 0, 3, 3, 0, 1, 1, 0, 3, 0, 0, 3]|[0, 0, 1, 0, 1, 0, 1, 1, 0, 1, 1, 2, 2, 1, 1, 0, 1, 0, 1, 1],430.244049025694;9824.071110488612;13523.023529697015,0,false,[6, 19, 12, 5, 4, 16, 2, 11, 17, 8, 9, 7, 13, 3, 1, 14, 18, 10, 0, 15]|[2, 2, 0, 0, 1, 0, 1, 0, 0, 2, 0, 0, 0, 1, 1, 0, 0, 2, 2, 0]|[0, 0, 2, 3, 1, 3, 1, 3, 3, 0, 3, 3, 0, 1, 1, 0, 3, 0, 0, 3]|[0, 0, 1, 0, 1, 0, 1, 1, 0, 1, 1, 2, 2, 1, 1, 0, 1, 0, 1, 1],430.244049025694;9824.071110488612;13523.023529697015,13523.023529697015,NOT_APPLICABLE,NOT_APPLICABLE,NOT_APPLICABLE,11
30,1,3000,G4_BALANCED,PREVIOUS,[6, 19, 12, 5, 4, 16, 3, 9, 10, 17, 2, 18, 13, 1, 7, 14, 8, 15, 0, 11]|[2, 1, 1, 0, 1, 0, 1, 2, 2, 0, 2, 0, 2, 1, 1, 0, 0, 0, 0, 1]|[0, 1, 1, 0, 0, 3, 0, 1, 0, 0, 0, 0, 0, 1, 1, 3, 0, 3, 3, 1]|[1, 1, 1, 0, 0, 1, 1, 1, 0, 0, 1, 1, 1, 0, 1, 2, 0, 2, 2, 1],309.350963743179;10410.844670303546;14833.137194473093,0,false,[6, 19, 12, 5, 4, 16, 3, 9, 10, 17, 2, 18, 13, 1, 7, 14, 8, 15, 0, 11]|[2, 1, 1, 0, 1, 0, 1, 2, 2, 0, 2, 0, 2, 1, 1, 0, 0, 0, 0, 1]|[0, 1, 1, 0, 0, 3, 0, 1, 0, 0, 0, 0, 0, 1, 1, 3, 0, 3, 3, 1]|[1, 1, 1, 0, 0, 1, 1, 1, 0, 0, 1, 1, 1, 0, 1, 2, 0, 2, 2, 1],309.350963743179;10410.844670303546;14833.137194473093,0.527862854607,NOT_APPLICABLE,NOT_APPLICABLE,NOT_APPLICABLE,13
30,1,3000,G4_BALANCED,HISTORICAL,[6, 19, 12, 5, 4, 16, 3, 9, 10, 17, 2, 18, 13, 1, 7, 14, 8, 15, 0, 11]|[2, 1, 1, 0, 1, 0, 1, 2, 2, 0, 2, 0, 2, 1, 1, 0, 0, 0, 0, 1]|[0, 1, 1, 0, 0, 3, 0, 1, 0, 0, 0, 0, 0, 1, 1, 3, 0, 3, 3, 1]|[1, 1, 1, 0, 0, 1, 1, 1, 0, 0, 1, 1, 1, 0, 1, 2, 0, 2, 2, 1],309.350963743179;10410.844670303546;14833.137194473093,0,false,[6, 19, 12, 5, 4, 16, 3, 9, 10, 17, 2, 18, 13, 1, 7, 14, 8, 15, 0, 11]|[2, 1, 1, 0, 1, 0, 1, 2, 2, 0, 2, 0, 2, 1, 1, 0, 0, 0, 0, 1]|[0, 1, 1, 0, 0, 3, 0, 1, 0, 0, 0, 0, 0, 1, 1, 3, 0, 3, 3, 1]|[1, 1, 1, 0, 0, 1, 1, 1, 0, 0, 1, 1, 1, 0, 1, 2, 0, 2, 2, 1],309.350963743179;10410.844670303546;14833.137194473093,0.527862854607,NOT_APPLICABLE,NOT_APPLICABLE,NOT_APPLICABLE,8
31,1,3100,G1_CMAX,PREVIOUS,[6, 19, 12, 5, 4, 16, 3, 9, 10, 17, 2, 18, 13, 14, 8, 11, 7, 1, 15, 0]|[2, 1, 1, 2, 1, 0, 1, 0, 1, 0, 2, 0, 2, 1, 0, 2, 1, 1, 0, 2]|[0, 1, 1, 1, 0, 3, 0, 3, 1, 0, 0, 0, 0, 0, 0, 1, 0, 1, 3, 0]|[1, 1, 1, 0, 0, 1, 1, 2, 1, 0, 1, 1, 1, 1, 0, 0, 1, 0, 2, 1],226.990629343372;11104.352378173600;18140.749392244250,0,false,[6, 19, 12, 5, 4, 16, 3, 9, 10, 17, 2, 18, 13, 14, 8, 11, 7, 1, 15, 0]|[2, 1, 1, 2, 1, 0, 1, 0, 1, 0, 2, 0, 2, 1, 0, 2, 1, 1, 0, 2]|[0, 1, 1, 1, 0, 3, 0, 3, 1, 0, 0, 0, 0, 0, 0, 1, 0, 1, 3, 0]|[1, 1, 1, 0, 0, 1, 1, 2, 1, 0, 1, 1, 1, 1, 0, 0, 1, 0, 2, 1],226.990629343372;11104.352378173600;18140.749392244250,226.990629343372,NOT_APPLICABLE,NOT_APPLICABLE,NOT_APPLICABLE,8
31,1,3100,G1_CMAX,HISTORICAL,[6, 19, 12, 5, 4, 16, 3, 9, 10, 17, 2, 18, 13, 14, 8, 11, 7, 1, 15, 0]|[2, 1, 1, 2, 1, 0, 1, 0, 1, 0, 2, 0, 2, 1, 0, 2, 1, 1, 0, 2]|[0, 1, 1, 1, 0, 3, 0, 3, 1, 0, 0, 0, 0, 0, 0, 1, 0, 1, 3, 0]|[1, 1, 1, 0, 0, 1, 1, 2, 1, 0, 1, 1, 1, 1, 0, 0, 1, 0, 2, 1],226.990629343372;11104.352378173600;18140.749392244250,0,false,[6, 19, 12, 5, 4, 16, 3, 9, 10, 17, 2, 18, 13, 14, 8, 11, 7, 1, 15, 0]|[2, 1, 1, 2, 1, 0, 1, 0, 1, 0, 2, 0, 2, 1, 0, 2, 1, 1, 0, 2]|[0, 1, 1, 1, 0, 3, 0, 3, 1, 0, 0, 0, 0, 0, 0, 1, 0, 1, 3, 0]|[1, 1, 1, 0, 0, 1, 1, 2, 1, 0, 1, 1, 1, 1, 0, 0, 1, 0, 2, 1],226.990629343372;11104.352378173600;18140.749392244250,226.990629343372,NOT_APPLICABLE,NOT_APPLICABLE,NOT_APPLICABLE,15
31,1,3100,G2_TEC,PREVIOUS,[6, 19, 12, 5, 4, 16, 0, 11, 15, 7, 10, 8, 14, 3, 13, 9, 17, 18, 2, 1]|[1, 1, 0, 0, 2, 0, 1, 2, 1, 0, 0, 2, 2, 2, 1, 0, 1, 0, 0, 1]|[1, 1, 2, 3, 0, 3, 1, 0, 0, 3, 3, 1, 1, 0, 1, 3, 1, 3, 3, 1]|[1, 1, 1, 0, 0, 0, 1, 1, 1, 2, 2, 1, 1, 0, 1, 1, 1, 2, 1, 1],356.192390671484;9739.922832498574;17625.910482300440,0,false,[6, 19, 12, 5, 4, 16, 0, 11, 15, 7, 10, 8, 14, 3, 13, 9, 17, 18, 2, 1]|[1, 1, 0, 0, 2, 0, 1, 2, 1, 0, 0, 2, 2, 2, 1, 0, 1, 0, 0, 1]|[1, 1, 2, 3, 0, 3, 1, 0, 0, 3, 3, 1, 1, 0, 1, 3, 1, 3, 3, 1]|[1, 1, 1, 0, 0, 0, 1, 1, 1, 2, 2, 1, 1, 0, 1, 1, 1, 2, 1, 1],356.192390671484;9739.922832498574;17625.910482300440,9739.922832498574,NOT_APPLICABLE,NOT_APPLICABLE,NOT_APPLICABLE,10
31,1,3100,G2_TEC,HISTORICAL,[6, 19, 12, 5, 4, 16, 3, 11, 15, 7, 2, 10, 8, 13, 9, 0, 14, 18, 17, 1]|[2, 2, 1, 1, 2, 0, 0, 2, 0, 1, 1, 0, 2, 0, 0, 0, 0, 1, 0, 0]|[0, 0, 1, 1, 0, 3, 3, 0, 3, 1, 1, 3, 0, 3, 3, 3, 3, 1, 3, 3]|[1, 0, 1, 0, 1, 0, 2, 0, 0, 1, 1, 2, 1, 1, 1, 0, 0, 1, 1, 2],434.275212412142;9174.958233807818;15026.880659223301,0,false,[6, 19, 12, 5, 4, 16, 3, 11, 15, 7, 2, 10, 8, 13, 9, 0, 14, 18, 17, 1]|[2, 2, 1, 1, 2, 0, 0, 2, 0, 1, 1, 0, 2, 0, 0, 0, 0, 1, 0, 0]|[0, 0, 1, 1, 0, 3, 3, 0, 3, 1, 1, 3, 0, 3, 3, 3, 3, 1, 3, 3]|[1, 0, 1, 0, 1, 0, 2, 0, 0, 1, 1, 2, 1, 1, 1, 0, 0, 1, 1, 2],434.275212412142;9174.958233807818;15026.880659223301,9174.958233807818,NOT_APPLICABLE,NOT_APPLICABLE,NOT_APPLICABLE,10
31,1,3100,G3_TWC,PREVIOUS,[6, 19, 12, 5, 4, 16, 2, 11, 17, 8, 9, 7, 13, 3, 1, 14, 18, 10, 0, 15]|[2, 2, 0, 0, 1, 0, 1, 0, 0, 2, 0, 0, 0, 1, 1, 0, 0, 2, 2, 0]|[0, 0, 2, 3, 1, 3, 1, 3, 3, 0, 3, 3, 0, 1, 1, 0, 3, 0, 0, 3]|[0, 0, 1, 0, 1, 0, 1, 1, 0, 1, 1, 2, 2, 1, 1, 0, 1, 0, 1, 1],430.244049025694;9824.071110488612;13523.023529697015,0,false,[6, 19, 12, 5, 4, 16, 2, 11, 17, 8, 9, 7, 13, 3, 1, 14, 18, 10, 0, 15]|[2, 2, 0, 0, 1, 0, 1, 0, 0, 2, 0, 0, 0, 1, 1, 0, 0, 2, 2, 0]|[0, 0, 2, 3, 1, 3, 1, 3, 3, 0, 3, 3, 0, 1, 1, 0, 3, 0, 0, 3]|[0, 0, 1, 0, 1, 0, 1, 1, 0, 1, 1, 2, 2, 1, 1, 0, 1, 0, 1, 1],430.244049025694;9824.071110488612;13523.023529697015,13523.023529697015,NOT_APPLICABLE,NOT_APPLICABLE,NOT_APPLICABLE,10
31,1,3100,G3_TWC,HISTORICAL,[6, 19, 12, 5, 4, 16, 2, 11, 17, 8, 9, 7, 13, 3, 1, 14, 18, 10, 0, 15]|[2, 2, 0, 0, 1, 0, 1, 0, 0, 2, 0, 0, 0, 1, 1, 0, 0, 2, 2, 0]|[0, 0, 2, 3, 1, 3, 1, 3, 3, 0, 3, 3, 0, 1, 1, 0, 3, 0, 0, 3]|[0, 0, 1, 0, 1, 0, 1, 1, 0, 1, 1, 2, 2, 1, 1, 0, 1, 0, 1, 1],430.244049025694;9824.071110488612;13523.023529697015,0,false,[6, 19, 12, 5, 4, 16, 2, 11, 17, 8, 9, 7, 13, 3, 1, 14, 18, 10, 0, 15]|[2, 2, 0, 0, 1, 0, 1, 0, 0, 2, 0, 0, 0, 1, 1, 0, 0, 2, 2, 0]|[0, 0, 2, 3, 1, 3, 1, 3, 3, 0, 3, 3, 0, 1, 1, 0, 3, 0, 0, 3]|[0, 0, 1, 0, 1, 0, 1, 1, 0, 1, 1, 2, 2, 1, 1, 0, 1, 0, 1, 1],430.244049025694;9824.071110488612;13523.023529697015,13523.023529697015,NOT_APPLICABLE,NOT_APPLICABLE,NOT_APPLICABLE,11
31,1,3100,G4_BALANCED,PREVIOUS,[6, 19, 12, 5, 4, 16, 3, 9, 10, 17, 2, 18, 13, 1, 7, 14, 8, 15, 0, 11]|[2, 1, 1, 0, 1, 0, 1, 2, 2, 0, 2, 0, 2, 1, 1, 0, 0, 0, 0, 1]|[0, 1, 1, 0, 0, 3, 0, 1, 0, 0, 0, 0, 0, 1, 1, 3, 0, 3, 3, 1]|[1, 1, 1, 0, 0, 1, 1, 1, 0, 0, 1, 1, 1, 0, 1, 2, 0, 2, 2, 1],309.350963743179;10410.844670303546;14833.137194473093,0,false,[6, 19, 12, 5, 4, 16, 3, 9, 10, 17, 2, 18, 13, 1, 7, 14, 8, 15, 0, 11]|[2, 1, 1, 0, 1, 0, 1, 2, 2, 0, 2, 0, 2, 1, 1, 0, 0, 0, 0, 1]|[0, 1, 1, 0, 0, 3, 0, 1, 0, 0, 0, 0, 0, 1, 1, 3, 0, 3, 3, 1]|[1, 1, 1, 0, 0, 1, 1, 1, 0, 0, 1, 1, 1, 0, 1, 2, 0, 2, 2, 1],309.350963743179;10410.844670303546;14833.137194473093,0.527862854607,NOT_APPLICABLE,NOT_APPLICABLE,NOT_APPLICABLE,14
31,1,3100,G4_BALANCED,HISTORICAL,[6, 19, 12, 5, 4, 16, 3, 9, 10, 17, 2, 18, 13, 1, 7, 14, 8, 15, 0, 11]|[2, 1, 1, 0, 1, 0, 1, 2, 2, 0, 2, 0, 2, 1, 1, 0, 0, 0, 0, 1]|[0, 1, 1, 0, 0, 3, 0, 1, 0, 0, 0, 0, 0, 1, 1, 3, 0, 3, 3, 1]|[1, 1, 1, 0, 0, 1, 1, 1, 0, 0, 1, 1, 1, 0, 1, 2, 0, 2, 2, 1],309.350963743179;10410.844670303546;14833.137194473093,0,false,[6, 19, 12, 5, 4, 16, 3, 9, 10, 17, 2, 18, 13, 1, 7, 14, 8, 15, 0, 11]|[2, 1, 1, 0, 1, 0, 1, 2, 2, 0, 2, 0, 2, 1, 1, 0, 0, 0, 0, 1]|[0, 1, 1, 0, 0, 3, 0, 1, 0, 0, 0, 0, 0, 1, 1, 3, 0, 3, 3, 1]|[1, 1, 1, 0, 0, 1, 1, 1, 0, 0, 1, 1, 1, 0, 1, 2, 0, 2, 2, 1],309.350963743179;10410.844670303546;14833.137194473093,0.527862854607,NOT_APPLICABLE,NOT_APPLICABLE,NOT_APPLICABLE,8
32,1,3200,G1_CMAX,PREVIOUS,[6, 19, 12, 5, 4, 16, 3, 9, 10, 17, 2, 18, 13, 14, 8, 11, 7, 1, 15, 0]|[2, 1, 1, 2, 1, 0, 1, 0, 1, 0, 2, 0, 2, 1, 0, 2, 1, 1, 0, 2]|[0, 1, 1, 1, 0, 3, 0, 3, 1, 0, 0, 0, 0, 0, 0, 1, 0, 1, 3, 0]|[1, 1, 1, 0, 0, 1, 1, 2, 1, 0, 1, 1, 1, 1, 0, 0, 1, 0, 2, 1],226.990629343372;11104.352378173600;18140.749392244250,0,false,[6, 19, 12, 5, 4, 16, 3, 9, 10, 17, 2, 18, 13, 14, 8, 11, 7, 1, 15, 0]|[2, 1, 1, 2, 1, 0, 1, 0, 1, 0, 2, 0, 2, 1, 0, 2, 1, 1, 0, 2]|[0, 1, 1, 1, 0, 3, 0, 3, 1, 0, 0, 0, 0, 0, 0, 1, 0, 1, 3, 0]|[1, 1, 1, 0, 0, 1, 1, 2, 1, 0, 1, 1, 1, 1, 0, 0, 1, 0, 2, 1],226.990629343372;11104.352378173600;18140.749392244250,226.990629343372,NOT_APPLICABLE,NOT_APPLICABLE,NOT_APPLICABLE,8
32,1,3200,G1_CMAX,HISTORICAL,[6, 19, 12, 5, 4, 16, 3, 9, 10, 17, 2, 18, 13, 14, 8, 11, 7, 1, 15, 0]|[2, 1, 1, 2, 1, 0, 1, 0, 1, 0, 2, 0, 2, 1, 0, 2, 1, 1, 0, 2]|[0, 1, 1, 1, 0, 3, 0, 3, 1, 0, 0, 0, 0, 0, 0, 1, 0, 1, 3, 0]|[1, 1, 1, 0, 0, 1, 1, 2, 1, 0, 1, 1, 1, 1, 0, 0, 1, 0, 2, 1],226.990629343372;11104.352378173600;18140.749392244250,0,false,[6, 19, 12, 5, 4, 16, 3, 9, 10, 17, 2, 18, 13, 14, 8, 11, 7, 1, 15, 0]|[2, 1, 1, 2, 1, 0, 1, 0, 1, 0, 2, 0, 2, 1, 0, 2, 1, 1, 0, 2]|[0, 1, 1, 1, 0, 3, 0, 3, 1, 0, 0, 0, 0, 0, 0, 1, 0, 1, 3, 0]|[1, 1, 1, 0, 0, 1, 1, 2, 1, 0, 1, 1, 1, 1, 0, 0, 1, 0, 2, 1],226.990629343372;11104.352378173600;18140.749392244250,226.990629343372,NOT_APPLICABLE,NOT_APPLICABLE,NOT_APPLICABLE,16
32,1,3200,G2_TEC,PREVIOUS,[6, 19, 12, 5, 4, 16, 3, 11, 15, 7, 2, 10, 8, 13, 9, 0, 14, 18, 17, 1]|[2, 2, 1, 1, 2, 0, 0, 2, 0, 1, 1, 0, 2, 0, 0, 0, 0, 1, 0, 0]|[0, 0, 1, 1, 0, 3, 3, 0, 3, 1, 1, 3, 0, 3, 3, 3, 3, 1, 3, 3]|[1, 0, 1, 0, 1, 0, 2, 0, 0, 1, 1, 2, 1, 1, 1, 0, 0, 1, 1, 2],434.275212412142;9174.958233807818;15026.880659223301,0,false,[6, 19, 12, 5, 4, 16, 3, 11, 15, 7, 2, 10, 8, 13, 9, 0, 14, 18, 17, 1]|[2, 2, 1, 1, 2, 0, 0, 2, 0, 1, 1, 0, 2, 0, 0, 0, 0, 1, 0, 0]|[0, 0, 1, 1, 0, 3, 3, 0, 3, 1, 1, 3, 0, 3, 3, 3, 3, 1, 3, 3]|[1, 0, 1, 0, 1, 0, 2, 0, 0, 1, 1, 2, 1, 1, 1, 0, 0, 1, 1, 2],434.275212412142;9174.958233807818;15026.880659223301,9174.958233807818,NOT_APPLICABLE,NOT_APPLICABLE,NOT_APPLICABLE,10
32,1,3200,G2_TEC,HISTORICAL,[6, 19, 12, 5, 4, 16, 3, 11, 15, 7, 2, 10, 8, 13, 9, 0, 14, 18, 17, 1]|[2, 2, 1, 1, 2, 0, 0, 2, 0, 1, 1, 0, 2, 0, 0, 0, 0, 1, 0, 0]|[0, 0, 1, 1, 0, 3, 3, 0, 3, 1, 1, 3, 0, 3, 3, 3, 3, 1, 3, 3]|[1, 0, 1, 0, 1, 0, 2, 0, 0, 1, 1, 2, 1, 1, 1, 0, 0, 1, 1, 2],434.275212412142;9174.958233807818;15026.880659223301,0,false,[6, 19, 12, 5, 4, 16, 3, 11, 15, 7, 2, 10, 8, 13, 9, 0, 14, 18, 17, 1]|[2, 2, 1, 1, 2, 0, 0, 2, 0, 1, 1, 0, 2, 0, 0, 0, 0, 1, 0, 0]|[0, 0, 1, 1, 0, 3, 3, 0, 3, 1, 1, 3, 0, 3, 3, 3, 3, 1, 3, 3]|[1, 0, 1, 0, 1, 0, 2, 0, 0, 1, 1, 2, 1, 1, 1, 0, 0, 1, 1, 2],434.275212412142;9174.958233807818;15026.880659223301,9174.958233807818,NOT_APPLICABLE,NOT_APPLICABLE,NOT_APPLICABLE,11
32,1,3200,G3_TWC,PREVIOUS,[6, 19, 12, 5, 4, 16, 0, 11, 13, 10, 8, 9, 17, 18, 3, 7, 15, 1, 14, 2]|[2, 2, 0, 0, 1, 0, 2, 1, 0, 2, 2, 0, 2, 1, 2, 0, 1, 1, 2, 2]|[0, 1, 2, 3, 1, 3, 0, 1, 0, 0, 1, 3, 0, 1, 0, 3, 0, 1, 1, 0]|[0, 1, 1, 0, 1, 1, 1, 1, 2, 0, 1, 1, 0, 1, 0, 2, 1, 0, 1, 1],258.561826812077;10395.571356030498;17854.552236567410,0,false,[6, 19, 12, 5, 4, 16, 0, 11, 13, 10, 8, 9, 17, 18, 3, 7, 15, 1, 14, 2]|[2, 2, 0, 0, 1, 0, 2, 1, 0, 2, 2, 0, 2, 1, 2, 0, 1, 1, 2, 2]|[0, 1, 2, 3, 1, 3, 0, 1, 0, 0, 1, 3, 0, 1, 0, 3, 0, 1, 1, 0]|[0, 1, 1, 0, 1, 1, 1, 1, 2, 0, 1, 1, 0, 1, 0, 2, 1, 0, 1, 1],258.561826812077;10395.571356030498;17854.552236567410,17854.552236567410,NOT_APPLICABLE,NOT_APPLICABLE,NOT_APPLICABLE,10
32,1,3200,G3_TWC,HISTORICAL,[6, 19, 12, 5, 4, 16, 2, 11, 17, 8, 9, 7, 13, 3, 1, 14, 18, 10, 0, 15]|[2, 2, 0, 0, 1, 0, 1, 0, 0, 2, 0, 0, 0, 1, 1, 0, 0, 2, 2, 0]|[0, 0, 2, 3, 1, 3, 1, 3, 3, 0, 3, 3, 0, 1, 1, 0, 3, 0, 0, 3]|[0, 0, 1, 0, 1, 0, 1, 1, 0, 1, 1, 2, 2, 1, 1, 0, 1, 0, 1, 1],430.244049025694;9824.071110488612;13523.023529697015,0,false,[6, 19, 12, 5, 4, 16, 2, 11, 17, 8, 9, 7, 13, 3, 1, 14, 18, 10, 0, 15]|[2, 2, 0, 0, 1, 0, 1, 0, 0, 2, 0, 0, 0, 1, 1, 0, 0, 2, 2, 0]|[0, 0, 2, 3, 1, 3, 1, 3, 3, 0, 3, 3, 0, 1, 1, 0, 3, 0, 0, 3]|[0, 0, 1, 0, 1, 0, 1, 1, 0, 1, 1, 2, 2, 1, 1, 0, 1, 0, 1, 1],430.244049025694;9824.071110488612;13523.023529697015,13523.023529697015,NOT_APPLICABLE,NOT_APPLICABLE,NOT_APPLICABLE,11
32,1,3200,G4_BALANCED,PREVIOUS,[6, 19, 12, 5, 4, 16, 3, 9, 10, 17, 2, 18, 13, 1, 7, 14, 8, 15, 0, 11]|[2, 1, 1, 0, 1, 0, 1, 2, 2, 0, 2, 0, 2, 1, 1, 0, 0, 0, 0, 1]|[0, 1, 1, 0, 0, 3, 0, 1, 0, 0, 0, 0, 0, 1, 1, 3, 0, 3, 3, 1]|[1, 1, 1, 0, 0, 1, 1, 1, 0, 0, 1, 1, 1, 0, 1, 2, 0, 2, 2, 1],309.350963743179;10410.844670303546;14833.137194473093,0,false,[6, 19, 12, 5, 4, 16, 3, 9, 10, 17, 2, 18, 13, 1, 7, 14, 8, 15, 0, 11]|[2, 1, 1, 0, 1, 0, 1, 2, 2, 0, 2, 0, 2, 1, 1, 0, 0, 0, 0, 1]|[0, 1, 1, 0, 0, 3, 0, 1, 0, 0, 0, 0, 0, 1, 1, 3, 0, 3, 3, 1]|[1, 1, 1, 0, 0, 1, 1, 1, 0, 0, 1, 1, 1, 0, 1, 2, 0, 2, 2, 1],309.350963743179;10410.844670303546;14833.137194473093,0.527862854607,NOT_APPLICABLE,NOT_APPLICABLE,NOT_APPLICABLE,14
32,1,3200,G4_BALANCED,HISTORICAL,[6, 19, 12, 5, 4, 16, 3, 9, 10, 17, 2, 18, 13, 1, 7, 14, 8, 15, 0, 11]|[2, 1, 1, 0, 1, 0, 1, 2, 2, 0, 2, 0, 2, 1, 1, 0, 0, 0, 0, 1]|[0, 1, 1, 0, 0, 3, 0, 1, 0, 0, 0, 0, 0, 1, 1, 3, 0, 3, 3, 1]|[1, 1, 1, 0, 0, 1, 1, 1, 0, 0, 1, 1, 1, 0, 1, 2, 0, 2, 2, 1],309.350963743179;10410.844670303546;14833.137194473093,0,false,[6, 19, 12, 5, 4, 16, 3, 9, 10, 17, 2, 18, 13, 1, 7, 14, 8, 15, 0, 11]|[2, 1, 1, 0, 1, 0, 1, 2, 2, 0, 2, 0, 2, 1, 1, 0, 0, 0, 0, 1]|[0, 1, 1, 0, 0, 3, 0, 1, 0, 0, 0, 0, 0, 1, 1, 3, 0, 3, 3, 1]|[1, 1, 1, 0, 0, 1, 1, 1, 0, 0, 1, 1, 1, 0, 1, 2, 0, 2, 2, 1],309.350963743179;10410.844670303546;14833.137194473093,0.527862854607,NOT_APPLICABLE,NOT_APPLICABLE,NOT_APPLICABLE,9
33,1,3300,G1_CMAX,PREVIOUS,[6, 19, 12, 5, 4, 16, 3, 9, 10, 17, 2, 18, 13, 14, 8, 11, 7, 1, 15, 0]|[2, 1, 1, 2, 1, 0, 1, 0, 1, 0, 2, 0, 2, 1, 0, 2, 1, 1, 0, 2]|[0, 1, 1, 1, 0, 3, 0, 3, 1, 0, 0, 0, 0, 0, 0, 1, 0, 1, 3, 0]|[1, 1, 1, 0, 0, 1, 1, 2, 1, 0, 1, 1, 1, 1, 0, 0, 1, 0, 2, 1],226.990629343372;11104.352378173600;18140.749392244250,0,false,[6, 19, 12, 5, 4, 16, 3, 9, 10, 17, 2, 18, 13, 14, 8, 11, 7, 1, 15, 0]|[2, 1, 1, 2, 1, 0, 1, 0, 1, 0, 2, 0, 2, 1, 0, 2, 1, 1, 0, 2]|[0, 1, 1, 1, 0, 3, 0, 3, 1, 0, 0, 0, 0, 0, 0, 1, 0, 1, 3, 0]|[1, 1, 1, 0, 0, 1, 1, 2, 1, 0, 1, 1, 1, 1, 0, 0, 1, 0, 2, 1],226.990629343372;11104.352378173600;18140.749392244250,226.990629343372,NOT_APPLICABLE,NOT_APPLICABLE,NOT_APPLICABLE,8
33,1,3300,G1_CMAX,HISTORICAL,[6, 19, 12, 5, 4, 16, 3, 9, 10, 17, 2, 18, 13, 14, 8, 11, 7, 1, 15, 0]|[2, 1, 1, 2, 1, 0, 1, 0, 1, 0, 2, 0, 2, 1, 0, 2, 1, 1, 0, 2]|[0, 1, 1, 1, 0, 3, 0, 3, 1, 0, 0, 0, 0, 0, 0, 1, 0, 1, 3, 0]|[1, 1, 1, 0, 0, 1, 1, 2, 1, 0, 1, 1, 1, 1, 0, 0, 1, 0, 2, 1],226.990629343372;11104.352378173600;18140.749392244250,0,false,[6, 19, 12, 5, 4, 16, 3, 9, 10, 17, 2, 18, 13, 14, 8, 11, 7, 1, 15, 0]|[2, 1, 1, 2, 1, 0, 1, 0, 1, 0, 2, 0, 2, 1, 0, 2, 1, 1, 0, 2]|[0, 1, 1, 1, 0, 3, 0, 3, 1, 0, 0, 0, 0, 0, 0, 1, 0, 1, 3, 0]|[1, 1, 1, 0, 0, 1, 1, 2, 1, 0, 1, 1, 1, 1, 0, 0, 1, 0, 2, 1],226.990629343372;11104.352378173600;18140.749392244250,226.990629343372,NOT_APPLICABLE,NOT_APPLICABLE,NOT_APPLICABLE,17
33,1,3300,G2_TEC,PREVIOUS,[6, 19, 12, 5, 4, 16, 3, 11, 15, 7, 2, 10, 8, 13, 9, 0, 14, 18, 17, 1]|[2, 2, 1, 1, 2, 0, 0, 2, 0, 1, 1, 0, 2, 0, 0, 0, 0, 1, 0, 0]|[0, 0, 1, 1, 0, 3, 3, 0, 3, 1, 1, 3, 0, 3, 3, 3, 3, 1, 3, 3]|[1, 0, 1, 0, 1, 0, 2, 0, 0, 1, 1, 2, 1, 1, 1, 0, 0, 1, 1, 2],434.275212412142;9174.958233807818;15026.880659223301,0,false,[6, 19, 12, 5, 4, 16, 3, 11, 15, 7, 2, 10, 8, 13, 9, 0, 14, 18, 17, 1]|[2, 2, 1, 1, 2, 0, 0, 2, 0, 1, 1, 0, 2, 0, 0, 0, 0, 1, 0, 0]|[0, 0, 1, 1, 0, 3, 3, 0, 3, 1, 1, 3, 0, 3, 3, 3, 3, 1, 3, 3]|[1, 0, 1, 0, 1, 0, 2, 0, 0, 1, 1, 2, 1, 1, 1, 0, 0, 1, 1, 2],434.275212412142;9174.958233807818;15026.880659223301,9174.958233807818,NOT_APPLICABLE,NOT_APPLICABLE,NOT_APPLICABLE,10
33,1,3300,G2_TEC,HISTORICAL,[6, 19, 12, 5, 4, 16, 3, 11, 15, 7, 2, 10, 8, 13, 9, 0, 14, 18, 17, 1]|[2, 2, 1, 1, 2, 0, 0, 2, 0, 1, 1, 0, 2, 0, 0, 0, 0, 1, 0, 0]|[0, 0, 1, 1, 0, 3, 3, 0, 3, 1, 1, 3, 0, 3, 3, 3, 3, 1, 3, 3]|[1, 0, 1, 0, 1, 0, 2, 0, 0, 1, 1, 2, 1, 1, 1, 0, 0, 1, 1, 2],434.275212412142;9174.958233807818;15026.880659223301,0,false,[6, 19, 12, 5, 4, 16, 3, 11, 15, 7, 2, 10, 8, 13, 9, 0, 14, 18, 17, 1]|[2, 2, 1, 1, 2, 0, 0, 2, 0, 1, 1, 0, 2, 0, 0, 0, 0, 1, 0, 0]|[0, 0, 1, 1, 0, 3, 3, 0, 3, 1, 1, 3, 0, 3, 3, 3, 3, 1, 3, 3]|[1, 0, 1, 0, 1, 0, 2, 0, 0, 1, 1, 2, 1, 1, 1, 0, 0, 1, 1, 2],434.275212412142;9174.958233807818;15026.880659223301,9174.958233807818,NOT_APPLICABLE,NOT_APPLICABLE,NOT_APPLICABLE,12
33,1,3300,G3_TWC,PREVIOUS,[6, 19, 12, 5, 4, 16, 2, 11, 17, 8, 9, 7, 13, 3, 1, 14, 18, 10, 0, 15]|[2, 2, 0, 0, 1, 0, 1, 0, 0, 2, 0, 0, 0, 1, 1, 0, 0, 2, 2, 0]|[0, 0, 2, 3, 1, 3, 1, 3, 3, 0, 3, 3, 0, 1, 1, 0, 3, 0, 0, 3]|[0, 0, 1, 0, 1, 0, 1, 1, 0, 1, 1, 2, 2, 1, 1, 0, 1, 0, 1, 1],430.244049025694;9824.071110488612;13523.023529697015,0,false,[6, 19, 12, 5, 4, 16, 2, 11, 17, 8, 9, 7, 13, 3, 1, 14, 18, 10, 0, 15]|[2, 2, 0, 0, 1, 0, 1, 0, 0, 2, 0, 0, 0, 1, 1, 0, 0, 2, 2, 0]|[0, 0, 2, 3, 1, 3, 1, 3, 3, 0, 3, 3, 0, 1, 1, 0, 3, 0, 0, 3]|[0, 0, 1, 0, 1, 0, 1, 1, 0, 1, 1, 2, 2, 1, 1, 0, 1, 0, 1, 1],430.244049025694;9824.071110488612;13523.023529697015,13523.023529697015,NOT_APPLICABLE,NOT_APPLICABLE,NOT_APPLICABLE,10
33,1,3300,G3_TWC,HISTORICAL,[6, 19, 12, 5, 4, 16, 2, 11, 17, 8, 9, 7, 13, 3, 1, 14, 18, 10, 0, 15]|[2, 2, 0, 0, 1, 0, 1, 0, 0, 2, 0, 0, 0, 1, 1, 0, 0, 2, 2, 0]|[0, 0, 2, 3, 1, 3, 1, 3, 3, 0, 3, 3, 0, 1, 1, 0, 3, 0, 0, 3]|[0, 0, 1, 0, 1, 0, 1, 1, 0, 1, 1, 2, 2, 1, 1, 0, 1, 0, 1, 1],430.244049025694;9824.071110488612;13523.023529697015,0,false,[6, 19, 12, 5, 4, 16, 2, 11, 17, 8, 9, 7, 13, 3, 1, 14, 18, 10, 0, 15]|[2, 2, 0, 0, 1, 0, 1, 0, 0, 2, 0, 0, 0, 1, 1, 0, 0, 2, 2, 0]|[0, 0, 2, 3, 1, 3, 1, 3, 3, 0, 3, 3, 0, 1, 1, 0, 3, 0, 0, 3]|[0, 0, 1, 0, 1, 0, 1, 1, 0, 1, 1, 2, 2, 1, 1, 0, 1, 0, 1, 1],430.244049025694;9824.071110488612;13523.023529697015,13523.023529697015,NOT_APPLICABLE,NOT_APPLICABLE,NOT_APPLICABLE,12
33,1,3300,G4_BALANCED,PREVIOUS,[6, 19, 12, 5, 4, 16, 3, 9, 10, 17, 2, 18, 13, 1, 7, 14, 8, 15, 0, 11]|[2, 1, 1, 0, 1, 0, 1, 2, 2, 0, 2, 0, 2, 1, 1, 0, 0, 0, 0, 1]|[0, 1, 1, 0, 0, 3, 0, 1, 0, 0, 0, 0, 0, 1, 1, 3, 0, 3, 3, 1]|[1, 1, 1, 0, 0, 1, 1, 1, 0, 0, 1, 1, 1, 0, 1, 2, 0, 2, 2, 1],309.350963743179;10410.844670303546;14833.137194473093,0,false,[6, 19, 12, 5, 4, 16, 3, 9, 10, 17, 2, 18, 13, 1, 7, 14, 8, 15, 0, 11]|[2, 1, 1, 0, 1, 0, 1, 2, 2, 0, 2, 0, 2, 1, 1, 0, 0, 0, 0, 1]|[0, 1, 1, 0, 0, 3, 0, 1, 0, 0, 0, 0, 0, 1, 1, 3, 0, 3, 3, 1]|[1, 1, 1, 0, 0, 1, 1, 1, 0, 0, 1, 1, 1, 0, 1, 2, 0, 2, 2, 1],309.350963743179;10410.844670303546;14833.137194473093,0.527862854607,NOT_APPLICABLE,NOT_APPLICABLE,NOT_APPLICABLE,14
33,1,3300,G4_BALANCED,HISTORICAL,[6, 19, 12, 5, 4, 16, 3, 9, 10, 17, 2, 18, 13, 1, 7, 14, 8, 15, 0, 11]|[2, 1, 1, 0, 1, 0, 1, 2, 2, 0, 2, 0, 2, 1, 1, 0, 0, 0, 0, 1]|[0, 1, 1, 0, 0, 3, 0, 1, 0, 0, 0, 0, 0, 1, 1, 3, 0, 3, 3, 1]|[1, 1, 1, 0, 0, 1, 1, 1, 0, 0, 1, 1, 1, 0, 1, 2, 0, 2, 2, 1],309.350963743179;10410.844670303546;14833.137194473093,0,false,[6, 19, 12, 5, 4, 16, 3, 9, 10, 17, 2, 18, 13, 1, 7, 14, 8, 15, 0, 11]|[2, 1, 1, 0, 1, 0, 1, 2, 2, 0, 2, 0, 2, 1, 1, 0, 0, 0, 0, 1]|[0, 1, 1, 0, 0, 3, 0, 1, 0, 0, 0, 0, 0, 1, 1, 3, 0, 3, 3, 1]|[1, 1, 1, 0, 0, 1, 1, 1, 0, 0, 1, 1, 1, 0, 1, 2, 0, 2, 2, 1],309.350963743179;10410.844670303546;14833.137194473093,0.527862854607,NOT_APPLICABLE,NOT_APPLICABLE,NOT_APPLICABLE,10
34,1,3400,G1_CMAX,PREVIOUS,[6, 19, 12, 5, 4, 16, 3, 9, 10, 17, 2, 18, 13, 14, 8, 11, 7, 1, 15, 0]|[2, 1, 1, 2, 1, 0, 1, 0, 1, 0, 2, 0, 2, 1, 0, 2, 1, 1, 0, 2]|[0, 1, 1, 1, 0, 3, 0, 3, 1, 0, 0, 0, 0, 0, 0, 1, 0, 1, 3, 0]|[1, 1, 1, 0, 0, 1, 1, 2, 1, 0, 1, 1, 1, 1, 0, 0, 1, 0, 2, 1],226.990629343372;11104.352378173600;18140.749392244250,0,false,[6, 19, 12, 5, 4, 16, 3, 9, 10, 17, 2, 18, 13, 14, 8, 11, 7, 1, 15, 0]|[2, 1, 1, 2, 1, 0, 1, 0, 1, 0, 2, 0, 2, 1, 0, 2, 1, 1, 0, 2]|[0, 1, 1, 1, 0, 3, 0, 3, 1, 0, 0, 0, 0, 0, 0, 1, 0, 1, 3, 0]|[1, 1, 1, 0, 0, 1, 1, 2, 1, 0, 1, 1, 1, 1, 0, 0, 1, 0, 2, 1],226.990629343372;11104.352378173600;18140.749392244250,226.990629343372,NOT_APPLICABLE,NOT_APPLICABLE,NOT_APPLICABLE,8
34,1,3400,G1_CMAX,HISTORICAL,[6, 19, 12, 5, 4, 16, 3, 9, 10, 17, 2, 18, 13, 14, 8, 11, 7, 1, 15, 0]|[2, 1, 1, 2, 1, 0, 1, 0, 1, 0, 2, 0, 2, 1, 0, 2, 1, 1, 0, 2]|[0, 1, 1, 1, 0, 3, 0, 3, 1, 0, 0, 0, 0, 0, 0, 1, 0, 1, 3, 0]|[1, 1, 1, 0, 0, 1, 1, 2, 1, 0, 1, 1, 1, 1, 0, 0, 1, 0, 2, 1],226.990629343372;11104.352378173600;18140.749392244250,0,false,[6, 19, 12, 5, 4, 16, 3, 9, 10, 17, 2, 18, 13, 14, 8, 11, 7, 1, 15, 0]|[2, 1, 1, 2, 1, 0, 1, 0, 1, 0, 2, 0, 2, 1, 0, 2, 1, 1, 0, 2]|[0, 1, 1, 1, 0, 3, 0, 3, 1, 0, 0, 0, 0, 0, 0, 1, 0, 1, 3, 0]|[1, 1, 1, 0, 0, 1, 1, 2, 1, 0, 1, 1, 1, 1, 0, 0, 1, 0, 2, 1],226.990629343372;11104.352378173600;18140.749392244250,226.990629343372,NOT_APPLICABLE,NOT_APPLICABLE,NOT_APPLICABLE,18
34,1,3400,G2_TEC,PREVIOUS,[6, 19, 12, 5, 4, 16, 3, 11, 13, 10, 1, 0, 14, 17, 9, 7, 18, 8, 15, 2]|[1, 2, 0, 0, 0, 0, 2, 1, 0, 2, 0, 0, 0, 0, 0, 0, 0, 2, 0, 1]|[1, 1, 2, 3, 3, 3, 0, 1, 3, 0, 3, 3, 3, 3, 3, 3, 3, 0, 0, 1]|[1, 1, 1, 0, 2, 0, 1, 1, 1, 0, 1, 2, 0, 1, 0, 2, 1, 1, 2, 1],526.006648468982;9549.801795106952;13779.874004608839,0,false,[6, 19, 12, 5, 4, 16, 3, 11, 13, 10, 1, 0, 14, 17, 9, 7, 18, 8, 15, 2]|[1, 2, 0, 0, 0, 0, 2, 1, 0, 2, 0, 0, 0, 0, 0, 0, 0, 2, 0, 1]|[1, 1, 2, 3, 3, 3, 0, 1, 3, 0, 3, 3, 3, 3, 3, 3, 3, 0, 0, 1]|[1, 1, 1, 0, 2, 0, 1, 1, 1, 0, 1, 2, 0, 1, 0, 2, 1, 1, 2, 1],526.006648468982;9549.801795106952;13779.874004608839,9549.801795106952,NOT_APPLICABLE,NOT_APPLICABLE,NOT_APPLICABLE,10
34,1,3400,G2_TEC,HISTORICAL,[6, 19, 12, 5, 4, 16, 3, 11, 15, 7, 2, 10, 8, 13, 9, 0, 14, 18, 17, 1]|[2, 2, 1, 1, 2, 0, 0, 2, 0, 1, 1, 0, 2, 0, 0, 0, 0, 1, 0, 0]|[0, 0, 1, 1, 0, 3, 3, 0, 3, 1, 1, 3, 0, 3, 3, 3, 3, 1, 3, 3]|[1, 0, 1, 0, 1, 0, 2, 0, 0, 1, 1, 2, 1, 1, 1, 0, 0, 1, 1, 2],434.275212412142;9174.958233807818;15026.880659223301,0,false,[6, 19, 12, 5, 4, 16, 3, 11, 15, 7, 2, 10, 8, 13, 9, 0, 14, 18, 17, 1]|[2, 2, 1, 1, 2, 0, 0, 2, 0, 1, 1, 0, 2, 0, 0, 0, 0, 1, 0, 0]|[0, 0, 1, 1, 0, 3, 3, 0, 3, 1, 1, 3, 0, 3, 3, 3, 3, 1, 3, 3]|[1, 0, 1, 0, 1, 0, 2, 0, 0, 1, 1, 2, 1, 1, 1, 0, 0, 1, 1, 2],434.275212412142;9174.958233807818;15026.880659223301,9174.958233807818,NOT_APPLICABLE,NOT_APPLICABLE,NOT_APPLICABLE,12
34,1,3400,G3_TWC,PREVIOUS,[6, 19, 12, 5, 4, 16, 2, 11, 17, 8, 9, 7, 13, 3, 1, 14, 18, 10, 0, 15]|[2, 2, 0, 0, 1, 0, 1, 0, 0, 2, 0, 0, 0, 1, 1, 0, 0, 2, 2, 0]|[0, 0, 2, 3, 1, 3, 1, 3, 3, 0, 3, 3, 0, 1, 1, 0, 3, 0, 0, 3]|[0, 0, 1, 0, 1, 0, 1, 1, 0, 1, 1, 2, 2, 1, 1, 0, 1, 0, 1, 1],430.244049025694;9824.071110488612;13523.023529697015,0,false,[6, 19, 12, 5, 4, 16, 2, 11, 17, 8, 9, 7, 13, 3, 1, 14, 18, 10, 0, 15]|[2, 2, 0, 0, 1, 0, 1, 0, 0, 2, 0, 0, 0, 1, 1, 0, 0, 2, 2, 0]|[0, 0, 2, 3, 1, 3, 1, 3, 3, 0, 3, 3, 0, 1, 1, 0, 3, 0, 0, 3]|[0, 0, 1, 0, 1, 0, 1, 1, 0, 1, 1, 2, 2, 1, 1, 0, 1, 0, 1, 1],430.244049025694;9824.071110488612;13523.023529697015,13523.023529697015,NOT_APPLICABLE,NOT_APPLICABLE,NOT_APPLICABLE,10
34,1,3400,G3_TWC,HISTORICAL,[6, 19, 12, 5, 4, 16, 2, 11, 17, 8, 9, 7, 13, 3, 1, 14, 18, 10, 0, 15]|[2, 2, 0, 0, 1, 0, 1, 0, 0, 2, 0, 0, 0, 1, 1, 0, 0, 2, 2, 0]|[0, 0, 2, 3, 1, 3, 1, 3, 3, 0, 3, 3, 0, 1, 1, 0, 3, 0, 0, 3]|[0, 0, 1, 0, 1, 0, 1, 1, 0, 1, 1, 2, 2, 1, 1, 0, 1, 0, 1, 1],430.244049025694;9824.071110488612;13523.023529697015,0,false,[6, 19, 12, 5, 4, 16, 2, 11, 17, 8, 9, 7, 13, 3, 1, 14, 18, 10, 0, 15]|[2, 2, 0, 0, 1, 0, 1, 0, 0, 2, 0, 0, 0, 1, 1, 0, 0, 2, 2, 0]|[0, 0, 2, 3, 1, 3, 1, 3, 3, 0, 3, 3, 0, 1, 1, 0, 3, 0, 0, 3]|[0, 0, 1, 0, 1, 0, 1, 1, 0, 1, 1, 2, 2, 1, 1, 0, 1, 0, 1, 1],430.244049025694;9824.071110488612;13523.023529697015,13523.023529697015,NOT_APPLICABLE,NOT_APPLICABLE,NOT_APPLICABLE,13
34,1,3400,G4_BALANCED,PREVIOUS,[6, 19, 12, 5, 4, 16, 3, 9, 10, 17, 2, 18, 13, 1, 7, 14, 8, 15, 0, 11]|[2, 1, 1, 0, 1, 0, 1, 2, 2, 0, 2, 0, 2, 1, 1, 0, 0, 0, 0, 1]|[0, 1, 1, 0, 0, 3, 0, 1, 0, 0, 0, 0, 0, 1, 1, 3, 0, 3, 3, 1]|[1, 1, 1, 0, 0, 1, 1, 1, 0, 0, 1, 1, 1, 0, 1, 2, 0, 2, 2, 1],309.350963743179;10410.844670303546;14833.137194473093,0,false,[6, 19, 12, 5, 4, 16, 3, 9, 10, 17, 2, 18, 13, 1, 7, 14, 8, 15, 0, 11]|[2, 1, 1, 0, 1, 0, 1, 2, 2, 0, 2, 0, 2, 1, 1, 0, 0, 0, 0, 1]|[0, 1, 1, 0, 0, 3, 0, 1, 0, 0, 0, 0, 0, 1, 1, 3, 0, 3, 3, 1]|[1, 1, 1, 0, 0, 1, 1, 1, 0, 0, 1, 1, 1, 0, 1, 2, 0, 2, 2, 1],309.350963743179;10410.844670303546;14833.137194473093,0.527862854607,NOT_APPLICABLE,NOT_APPLICABLE,NOT_APPLICABLE,15
34,1,3400,G4_BALANCED,HISTORICAL,[6, 19, 12, 5, 4, 16, 3, 9, 10, 17, 2, 18, 13, 1, 7, 14, 8, 15, 0, 11]|[2, 1, 1, 0, 1, 0, 1, 2, 2, 0, 2, 0, 2, 1, 1, 0, 0, 0, 0, 1]|[0, 1, 1, 0, 0, 3, 0, 1, 0, 0, 0, 0, 0, 1, 1, 3, 0, 3, 3, 1]|[1, 1, 1, 0, 0, 1, 1, 1, 0, 0, 1, 1, 1, 0, 1, 2, 0, 2, 2, 1],309.350963743179;10410.844670303546;14833.137194473093,0,false,[6, 19, 12, 5, 4, 16, 3, 9, 10, 17, 2, 18, 13, 1, 7, 14, 8, 15, 0, 11]|[2, 1, 1, 0, 1, 0, 1, 2, 2, 0, 2, 0, 2, 1, 1, 0, 0, 0, 0, 1]|[0, 1, 1, 0, 0, 3, 0, 1, 0, 0, 0, 0, 0, 1, 1, 3, 0, 3, 3, 1]|[1, 1, 1, 0, 0, 1, 1, 1, 0, 0, 1, 1, 1, 0, 1, 2, 0, 2, 2, 1],309.350963743179;10410.844670303546;14833.137194473093,0.527862854607,NOT_APPLICABLE,NOT_APPLICABLE,NOT_APPLICABLE,10
35,1,3500,G1_CMAX,PREVIOUS,[6, 19, 12, 5, 4, 16, 3, 9, 10, 17, 2, 18, 13, 14, 8, 11, 7, 1, 15, 0]|[2, 1, 1, 2, 1, 0, 1, 0, 1, 0, 2, 0, 2, 1, 0, 2, 1, 1, 0, 2]|[0, 1, 1, 1, 0, 3, 0, 3, 1, 0, 0, 0, 0, 0, 0, 1, 0, 1, 3, 0]|[1, 1, 1, 0, 0, 1, 1, 2, 1, 0, 1, 1, 1, 1, 0, 0, 1, 0, 2, 1],226.990629343372;11104.352378173600;18140.749392244250,0,false,[6, 19, 12, 5, 4, 16, 3, 9, 10, 17, 2, 18, 13, 14, 8, 11, 7, 1, 15, 0]|[2, 1, 1, 2, 1, 0, 1, 0, 1, 0, 2, 0, 2, 1, 0, 2, 1, 1, 0, 2]|[0, 1, 1, 1, 0, 3, 0, 3, 1, 0, 0, 0, 0, 0, 0, 1, 0, 1, 3, 0]|[1, 1, 1, 0, 0, 1, 1, 2, 1, 0, 1, 1, 1, 1, 0, 0, 1, 0, 2, 1],226.990629343372;11104.352378173600;18140.749392244250,226.990629343372,NOT_APPLICABLE,NOT_APPLICABLE,NOT_APPLICABLE,8
35,1,3500,G1_CMAX,HISTORICAL,[6, 19, 12, 5, 4, 16, 3, 9, 10, 17, 2, 18, 13, 14, 8, 11, 7, 1, 15, 0]|[2, 1, 1, 2, 1, 0, 1, 0, 1, 0, 2, 0, 2, 1, 0, 2, 1, 1, 0, 2]|[0, 1, 1, 1, 0, 3, 0, 3, 1, 0, 0, 0, 0, 0, 0, 1, 0, 1, 3, 0]|[1, 1, 1, 0, 0, 1, 1, 2, 1, 0, 1, 1, 1, 1, 0, 0, 1, 0, 2, 1],226.990629343372;11104.352378173600;18140.749392244250,0,false,[6, 19, 12, 5, 4, 16, 3, 9, 10, 17, 2, 18, 13, 14, 8, 11, 7, 1, 15, 0]|[2, 1, 1, 2, 1, 0, 1, 0, 1, 0, 2, 0, 2, 1, 0, 2, 1, 1, 0, 2]|[0, 1, 1, 1, 0, 3, 0, 3, 1, 0, 0, 0, 0, 0, 0, 1, 0, 1, 3, 0]|[1, 1, 1, 0, 0, 1, 1, 2, 1, 0, 1, 1, 1, 1, 0, 0, 1, 0, 2, 1],226.990629343372;11104.352378173600;18140.749392244250,226.990629343372,NOT_APPLICABLE,NOT_APPLICABLE,NOT_APPLICABLE,19
35,1,3500,G2_TEC,PREVIOUS,[6, 19, 12, 5, 4, 16, 3, 11, 15, 7, 2, 10, 8, 13, 9, 0, 14, 18, 17, 1]|[2, 2, 1, 1, 2, 0, 0, 2, 0, 1, 1, 0, 2, 0, 0, 0, 0, 1, 0, 0]|[0, 0, 1, 1, 0, 3, 3, 0, 3, 1, 1, 3, 0, 3, 3, 3, 3, 1, 3, 3]|[1, 0, 1, 0, 1, 0, 2, 0, 0, 1, 1, 2, 1, 1, 1, 0, 0, 1, 1, 2],434.275212412142;9174.958233807818;15026.880659223301,0,false,[6, 19, 12, 5, 4, 16, 3, 11, 15, 7, 2, 10, 8, 13, 9, 0, 14, 18, 17, 1]|[2, 2, 1, 1, 2, 0, 0, 2, 0, 1, 1, 0, 2, 0, 0, 0, 0, 1, 0, 0]|[0, 0, 1, 1, 0, 3, 3, 0, 3, 1, 1, 3, 0, 3, 3, 3, 3, 1, 3, 3]|[1, 0, 1, 0, 1, 0, 2, 0, 0, 1, 1, 2, 1, 1, 1, 0, 0, 1, 1, 2],434.275212412142;9174.958233807818;15026.880659223301,9174.958233807818,NOT_APPLICABLE,NOT_APPLICABLE,NOT_APPLICABLE,10
35,1,3500,G2_TEC,HISTORICAL,[6, 19, 12, 5, 4, 16, 3, 11, 15, 7, 2, 10, 8, 13, 9, 0, 14, 18, 17, 1]|[2, 2, 1, 1, 2, 0, 0, 2, 0, 1, 1, 0, 2, 0, 0, 0, 0, 1, 0, 0]|[0, 0, 1, 1, 0, 3, 3, 0, 3, 1, 1, 3, 0, 3, 3, 3, 3, 1, 3, 3]|[1, 0, 1, 0, 1, 0, 2, 0, 0, 1, 1, 2, 1, 1, 1, 0, 0, 1, 1, 2],434.275212412142;9174.958233807818;15026.880659223301,0,false,[6, 19, 12, 5, 4, 16, 3, 11, 15, 7, 2, 10, 8, 13, 9, 0, 14, 18, 17, 1]|[2, 2, 1, 1, 2, 0, 0, 2, 0, 1, 1, 0, 2, 0, 0, 0, 0, 1, 0, 0]|[0, 0, 1, 1, 0, 3, 3, 0, 3, 1, 1, 3, 0, 3, 3, 3, 3, 1, 3, 3]|[1, 0, 1, 0, 1, 0, 2, 0, 0, 1, 1, 2, 1, 1, 1, 0, 0, 1, 1, 2],434.275212412142;9174.958233807818;15026.880659223301,9174.958233807818,NOT_APPLICABLE,NOT_APPLICABLE,NOT_APPLICABLE,13
35,1,3500,G3_TWC,PREVIOUS,[6, 19, 12, 5, 4, 16, 2, 11, 17, 8, 9, 7, 13, 3, 1, 14, 18, 10, 0, 15]|[2, 2, 0, 0, 1, 0, 1, 0, 0, 2, 0, 0, 0, 1, 1, 0, 0, 2, 2, 0]|[0, 0, 2, 3, 1, 3, 1, 3, 3, 0, 3, 3, 0, 1, 1, 0, 3, 0, 0, 3]|[0, 0, 1, 0, 1, 0, 1, 1, 0, 1, 1, 2, 2, 1, 1, 0, 1, 0, 1, 1],430.244049025694;9824.071110488612;13523.023529697015,1,true,[6, 19, 12, 5, 4, 16, 3, 11, 15, 7, 2, 9, 8, 0, 17, 13, 14, 10, 18, 1]|[2, 2, 0, 1, 0, 0, 2, 2, 1, 1, 1, 0, 2, 0, 0, 0, 0, 0, 0, 0]|[0, 0, 2, 1, 3, 3, 0, 0, 0, 1, 1, 3, 0, 3, 3, 0, 3, 3, 3, 3]|[1, 0, 1, 0, 2, 0, 1, 0, 1, 1, 1, 1, 1, 2, 1, 2, 0, 2, 1, 1],409.047230276459;9712.789948995710;12805.715992083906,12805.715992083906,3500,3500,0,11
35,1,3500,G3_TWC,HISTORICAL,[6, 19, 12, 5, 4, 16, 2, 11, 17, 8, 9, 7, 13, 3, 1, 14, 18, 10, 0, 15]|[2, 2, 0, 0, 1, 0, 1, 0, 0, 2, 0, 0, 0, 1, 1, 0, 0, 2, 2, 0]|[0, 0, 2, 3, 1, 3, 1, 3, 3, 0, 3, 3, 0, 1, 1, 0, 3, 0, 0, 3]|[0, 0, 1, 0, 1, 0, 1, 1, 0, 1, 1, 2, 2, 1, 1, 0, 1, 0, 1, 1],430.244049025694;9824.071110488612;13523.023529697015,1,true,[6, 19, 12, 5, 4, 16, 3, 11, 15, 7, 2, 9, 8, 0, 17, 13, 14, 10, 18, 1]|[2, 2, 0, 1, 0, 0, 2, 2, 1, 1, 1, 0, 2, 0, 0, 0, 0, 0, 0, 0]|[0, 0, 2, 1, 3, 3, 0, 0, 0, 1, 1, 3, 0, 3, 3, 0, 3, 3, 3, 3]|[1, 0, 1, 0, 2, 0, 1, 0, 1, 1, 1, 1, 1, 2, 1, 2, 0, 2, 1, 1],409.047230276459;9712.789948995710;12805.715992083906,12805.715992083906,3500,3500,0,13
35,1,3500,G4_BALANCED,PREVIOUS,[6, 19, 12, 5, 4, 16, 3, 9, 10, 17, 2, 18, 13, 1, 7, 14, 8, 15, 0, 11]|[2, 1, 1, 0, 1, 0, 1, 2, 2, 0, 2, 0, 2, 1, 1, 0, 0, 0, 0, 1]|[0, 1, 1, 0, 0, 3, 0, 1, 0, 0, 0, 0, 0, 1, 1, 3, 0, 3, 3, 1]|[1, 1, 1, 0, 0, 1, 1, 1, 0, 0, 1, 1, 1, 0, 1, 2, 0, 2, 2, 1],309.350963743179;10410.844670303546;14833.137194473093,0,false,[6, 19, 12, 5, 4, 16, 3, 9, 10, 17, 2, 18, 13, 1, 7, 14, 8, 15, 0, 11]|[2, 1, 1, 0, 1, 0, 1, 2, 2, 0, 2, 0, 2, 1, 1, 0, 0, 0, 0, 1]|[0, 1, 1, 0, 0, 3, 0, 1, 0, 0, 0, 0, 0, 1, 1, 3, 0, 3, 3, 1]|[1, 1, 1, 0, 0, 1, 1, 1, 0, 0, 1, 1, 1, 0, 1, 2, 0, 2, 2, 1],309.350963743179;10410.844670303546;14833.137194473093,0.527862854607,NOT_APPLICABLE,NOT_APPLICABLE,NOT_APPLICABLE,15
35,1,3500,G4_BALANCED,HISTORICAL,[6, 19, 12, 5, 4, 16, 3, 9, 10, 17, 2, 18, 13, 1, 7, 14, 8, 15, 0, 11]|[2, 1, 1, 0, 1, 0, 1, 2, 2, 0, 2, 0, 2, 1, 1, 0, 0, 0, 0, 1]|[0, 1, 1, 0, 0, 3, 0, 1, 0, 0, 0, 0, 0, 1, 1, 3, 0, 3, 3, 1]|[1, 1, 1, 0, 0, 1, 1, 1, 0, 0, 1, 1, 1, 0, 1, 2, 0, 2, 2, 1],309.350963743179;10410.844670303546;14833.137194473093,0,false,[6, 19, 12, 5, 4, 16, 3, 9, 10, 17, 2, 18, 13, 1, 7, 14, 8, 15, 0, 11]|[2, 1, 1, 0, 1, 0, 1, 2, 2, 0, 2, 0, 2, 1, 1, 0, 0, 0, 0, 1]|[0, 1, 1, 0, 0, 3, 0, 1, 0, 0, 0, 0, 0, 1, 1, 3, 0, 3, 3, 1]|[1, 1, 1, 0, 0, 1, 1, 1, 0, 0, 1, 1, 1, 0, 1, 2, 0, 2, 2, 1],309.350963743179;10410.844670303546;14833.137194473093,0.527862854607,NOT_APPLICABLE,NOT_APPLICABLE,NOT_APPLICABLE,11
36,1,3600,G1_CMAX,PREVIOUS,[6, 19, 12, 5, 4, 16, 3, 9, 10, 17, 2, 18, 13, 14, 8, 11, 7, 1, 15, 0]|[2, 1, 1, 2, 1, 0, 1, 0, 1, 0, 2, 0, 2, 1, 0, 2, 1, 1, 0, 2]|[0, 1, 1, 1, 0, 3, 0, 3, 1, 0, 0, 0, 0, 0, 0, 1, 0, 1, 3, 0]|[1, 1, 1, 0, 0, 1, 1, 2, 1, 0, 1, 1, 1, 1, 0, 0, 1, 0, 2, 1],226.990629343372;11104.352378173600;18140.749392244250,0,false,[6, 19, 12, 5, 4, 16, 3, 9, 10, 17, 2, 18, 13, 14, 8, 11, 7, 1, 15, 0]|[2, 1, 1, 2, 1, 0, 1, 0, 1, 0, 2, 0, 2, 1, 0, 2, 1, 1, 0, 2]|[0, 1, 1, 1, 0, 3, 0, 3, 1, 0, 0, 0, 0, 0, 0, 1, 0, 1, 3, 0]|[1, 1, 1, 0, 0, 1, 1, 2, 1, 0, 1, 1, 1, 1, 0, 0, 1, 0, 2, 1],226.990629343372;11104.352378173600;18140.749392244250,226.990629343372,NOT_APPLICABLE,NOT_APPLICABLE,NOT_APPLICABLE,8
36,1,3600,G1_CMAX,HISTORICAL,[6, 19, 12, 5, 4, 16, 3, 9, 10, 17, 2, 18, 13, 14, 8, 11, 7, 1, 15, 0]|[2, 1, 1, 2, 1, 0, 1, 0, 1, 0, 2, 0, 2, 1, 0, 2, 1, 1, 0, 2]|[0, 1, 1, 1, 0, 3, 0, 3, 1, 0, 0, 0, 0, 0, 0, 1, 0, 1, 3, 0]|[1, 1, 1, 0, 0, 1, 1, 2, 1, 0, 1, 1, 1, 1, 0, 0, 1, 0, 2, 1],226.990629343372;11104.352378173600;18140.749392244250,0,false,[6, 19, 12, 5, 4, 16, 3, 9, 10, 17, 2, 18, 13, 14, 8, 11, 7, 1, 15, 0]|[2, 1, 1, 2, 1, 0, 1, 0, 1, 0, 2, 0, 2, 1, 0, 2, 1, 1, 0, 2]|[0, 1, 1, 1, 0, 3, 0, 3, 1, 0, 0, 0, 0, 0, 0, 1, 0, 1, 3, 0]|[1, 1, 1, 0, 0, 1, 1, 2, 1, 0, 1, 1, 1, 1, 0, 0, 1, 0, 2, 1],226.990629343372;11104.352378173600;18140.749392244250,226.990629343372,NOT_APPLICABLE,NOT_APPLICABLE,NOT_APPLICABLE,20
36,1,3600,G2_TEC,PREVIOUS,[6, 19, 12, 5, 4, 16, 3, 9, 10, 17, 2, 18, 13, 1, 7, 8, 11, 15, 14, 0]|[2, 1, 1, 2, 1, 0, 0, 0, 1, 0, 2, 0, 2, 1, 1, 0, 1, 0, 1, 2]|[0, 1, 1, 1, 0, 3, 3, 3, 1, 0, 0, 0, 0, 1, 0, 0, 1, 3, 0, 0]|[1, 1, 1, 0, 0, 1, 2, 2, 1, 0, 1, 1, 1, 0, 1, 0, 1, 2, 1, 1],258.336430662629;10634.056063551170;16815.075473603578,0,false,[6, 19, 12, 5, 4, 16, 3, 9, 10, 17, 2, 18, 13, 1, 7, 8, 11, 15, 14, 0]|[2, 1, 1, 2, 1, 0, 0, 0, 1, 0, 2, 0, 2, 1, 1, 0, 1, 0, 1, 2]|[0, 1, 1, 1, 0, 3, 3, 3, 1, 0, 0, 0, 0, 1, 0, 0, 1, 3, 0, 0]|[1, 1, 1, 0, 0, 1, 2, 2, 1, 0, 1, 1, 1, 0, 1, 0, 1, 2, 1, 1],258.336430662629;10634.056063551170;16815.075473603578,10634.056063551170,NOT_APPLICABLE,NOT_APPLICABLE,NOT_APPLICABLE,10
36,1,3600,G2_TEC,HISTORICAL,[6, 19, 12, 5, 4, 16, 3, 11, 15, 7, 2, 10, 8, 13, 9, 0, 14, 18, 17, 1]|[2, 2, 1, 1, 2, 0, 0, 2, 0, 1, 1, 0, 2, 0, 0, 0, 0, 1, 0, 0]|[0, 0, 1, 1, 0, 3, 3, 0, 3, 1, 1, 3, 0, 3, 3, 3, 3, 1, 3, 3]|[1, 0, 1, 0, 1, 0, 2, 0, 0, 1, 1, 2, 1, 1, 1, 0, 0, 1, 1, 2],434.275212412142;9174.958233807818;15026.880659223301,0,false,[6, 19, 12, 5, 4, 16, 3, 11, 15, 7, 2, 10, 8, 13, 9, 0, 14, 18, 17, 1]|[2, 2, 1, 1, 2, 0, 0, 2, 0, 1, 1, 0, 2, 0, 0, 0, 0, 1, 0, 0]|[0, 0, 1, 1, 0, 3, 3, 0, 3, 1, 1, 3, 0, 3, 3, 3, 3, 1, 3, 3]|[1, 0, 1, 0, 1, 0, 2, 0, 0, 1, 1, 2, 1, 1, 1, 0, 0, 1, 1, 2],434.275212412142;9174.958233807818;15026.880659223301,9174.958233807818,NOT_APPLICABLE,NOT_APPLICABLE,NOT_APPLICABLE,13
36,1,3600,G3_TWC,PREVIOUS,[6, 19, 12, 5, 4, 16, 3, 11, 15, 7, 2, 9, 8, 0, 17, 13, 14, 10, 18, 1]|[2, 2, 0, 1, 0, 0, 2, 2, 1, 1, 1, 0, 2, 0, 0, 0, 0, 0, 0, 0]|[0, 0, 2, 1, 3, 3, 0, 0, 0, 1, 1, 3, 0, 3, 3, 0, 3, 3, 3, 3]|[1, 0, 1, 0, 2, 0, 1, 0, 1, 1, 1, 1, 1, 2, 1, 2, 0, 2, 1, 1],409.047230276459;9712.789948995710;12805.715992083906,0,false,[6, 19, 12, 5, 4, 16, 3, 11, 15, 7, 2, 9, 8, 0, 17, 13, 14, 10, 18, 1]|[2, 2, 0, 1, 0, 0, 2, 2, 1, 1, 1, 0, 2, 0, 0, 0, 0, 0, 0, 0]|[0, 0, 2, 1, 3, 3, 0, 0, 0, 1, 1, 3, 0, 3, 3, 0, 3, 3, 3, 3]|[1, 0, 1, 0, 2, 0, 1, 0, 1, 1, 1, 1, 1, 2, 1, 2, 0, 2, 1, 1],409.047230276459;9712.789948995710;12805.715992083906,12805.715992083906,NOT_APPLICABLE,NOT_APPLICABLE,NOT_APPLICABLE,11
36,1,3600,G3_TWC,HISTORICAL,[6, 19, 12, 5, 4, 16, 3, 11, 15, 7, 2, 9, 8, 0, 17, 13, 14, 10, 18, 1]|[2, 2, 0, 1, 0, 0, 2, 2, 1, 1, 1, 0, 2, 0, 0, 0, 0, 0, 0, 0]|[0, 0, 2, 1, 3, 3, 0, 0, 0, 1, 1, 3, 0, 3, 3, 0, 3, 3, 3, 3]|[1, 0, 1, 0, 2, 0, 1, 0, 1, 1, 1, 1, 1, 2, 1, 2, 0, 2, 1, 1],409.047230276459;9712.789948995710;12805.715992083906,0,false,[6, 19, 12, 5, 4, 16, 3, 11, 15, 7, 2, 9, 8, 0, 17, 13, 14, 10, 18, 1]|[2, 2, 0, 1, 0, 0, 2, 2, 1, 1, 1, 0, 2, 0, 0, 0, 0, 0, 0, 0]|[0, 0, 2, 1, 3, 3, 0, 0, 0, 1, 1, 3, 0, 3, 3, 0, 3, 3, 3, 3]|[1, 0, 1, 0, 2, 0, 1, 0, 1, 1, 1, 1, 1, 2, 1, 2, 0, 2, 1, 1],409.047230276459;9712.789948995710;12805.715992083906,12805.715992083906,NOT_APPLICABLE,NOT_APPLICABLE,NOT_APPLICABLE,14
36,1,3600,G4_BALANCED,PREVIOUS,[6, 19, 12, 5, 4, 16, 3, 9, 10, 17, 2, 18, 13, 1, 7, 14, 8, 15, 0, 11]|[2, 1, 1, 0, 1, 0, 1, 2, 2, 0, 2, 0, 2, 1, 1, 0, 0, 0, 0, 1]|[0, 1, 1, 0, 0, 3, 0, 1, 0, 0, 0, 0, 0, 1, 1, 3, 0, 3, 3, 1]|[1, 1, 1, 0, 0, 1, 1, 1, 0, 0, 1, 1, 1, 0, 1, 2, 0, 2, 2, 1],309.350963743179;10410.844670303546;14833.137194473093,0,false,[6, 19, 12, 5, 4, 16, 3, 9, 10, 17, 2, 18, 13, 1, 7, 14, 8, 15, 0, 11]|[2, 1, 1, 0, 1, 0, 1, 2, 2, 0, 2, 0, 2, 1, 1, 0, 0, 0, 0, 1]|[0, 1, 1, 0, 0, 3, 0, 1, 0, 0, 0, 0, 0, 1, 1, 3, 0, 3, 3, 1]|[1, 1, 1, 0, 0, 1, 1, 1, 0, 0, 1, 1, 1, 0, 1, 2, 0, 2, 2, 1],309.350963743179;10410.844670303546;14833.137194473093,0.527862854607,NOT_APPLICABLE,NOT_APPLICABLE,NOT_APPLICABLE,16
36,1,3600,G4_BALANCED,HISTORICAL,[6, 19, 12, 5, 4, 16, 3, 9, 10, 17, 2, 18, 13, 1, 7, 14, 8, 15, 0, 11]|[2, 1, 1, 0, 1, 0, 1, 2, 2, 0, 2, 0, 2, 1, 1, 0, 0, 0, 0, 1]|[0, 1, 1, 0, 0, 3, 0, 1, 0, 0, 0, 0, 0, 1, 1, 3, 0, 3, 3, 1]|[1, 1, 1, 0, 0, 1, 1, 1, 0, 0, 1, 1, 1, 0, 1, 2, 0, 2, 2, 1],309.350963743179;10410.844670303546;14833.137194473093,0,false,[6, 19, 12, 5, 4, 16, 3, 9, 10, 17, 2, 18, 13, 1, 7, 14, 8, 15, 0, 11]|[2, 1, 1, 0, 1, 0, 1, 2, 2, 0, 2, 0, 2, 1, 1, 0, 0, 0, 0, 1]|[0, 1, 1, 0, 0, 3, 0, 1, 0, 0, 0, 0, 0, 1, 1, 3, 0, 3, 3, 1]|[1, 1, 1, 0, 0, 1, 1, 1, 0, 0, 1, 1, 1, 0, 1, 2, 0, 2, 2, 1],309.350963743179;10410.844670303546;14833.137194473093,0.527862854607,NOT_APPLICABLE,NOT_APPLICABLE,NOT_APPLICABLE,11
37,1,3700,G1_CMAX,PREVIOUS,[6, 19, 12, 5, 4, 16, 3, 9, 10, 17, 2, 18, 13, 14, 8, 11, 7, 1, 15, 0]|[2, 1, 1, 2, 1, 0, 1, 0, 1, 0, 2, 0, 2, 1, 0, 2, 1, 1, 0, 2]|[0, 1, 1, 1, 0, 3, 0, 3, 1, 0, 0, 0, 0, 0, 0, 1, 0, 1, 3, 0]|[1, 1, 1, 0, 0, 1, 1, 2, 1, 0, 1, 1, 1, 1, 0, 0, 1, 0, 2, 1],226.990629343372;11104.352378173600;18140.749392244250,0,false,[6, 19, 12, 5, 4, 16, 3, 9, 10, 17, 2, 18, 13, 14, 8, 11, 7, 1, 15, 0]|[2, 1, 1, 2, 1, 0, 1, 0, 1, 0, 2, 0, 2, 1, 0, 2, 1, 1, 0, 2]|[0, 1, 1, 1, 0, 3, 0, 3, 1, 0, 0, 0, 0, 0, 0, 1, 0, 1, 3, 0]|[1, 1, 1, 0, 0, 1, 1, 2, 1, 0, 1, 1, 1, 1, 0, 0, 1, 0, 2, 1],226.990629343372;11104.352378173600;18140.749392244250,226.990629343372,NOT_APPLICABLE,NOT_APPLICABLE,NOT_APPLICABLE,8
37,1,3700,G1_CMAX,HISTORICAL,[6, 19, 12, 5, 4, 16, 3, 9, 10, 17, 2, 18, 13, 14, 8, 11, 7, 1, 15, 0]|[2, 1, 1, 2, 1, 0, 1, 0, 1, 0, 2, 0, 2, 1, 0, 2, 1, 1, 0, 2]|[0, 1, 1, 1, 0, 3, 0, 3, 1, 0, 0, 0, 0, 0, 0, 1, 0, 1, 3, 0]|[1, 1, 1, 0, 0, 1, 1, 2, 1, 0, 1, 1, 1, 1, 0, 0, 1, 0, 2, 1],226.990629343372;11104.352378173600;18140.749392244250,0,false,[6, 19, 12, 5, 4, 16, 3, 9, 10, 17, 2, 18, 13, 14, 8, 11, 7, 1, 15, 0]|[2, 1, 1, 2, 1, 0, 1, 0, 1, 0, 2, 0, 2, 1, 0, 2, 1, 1, 0, 2]|[0, 1, 1, 1, 0, 3, 0, 3, 1, 0, 0, 0, 0, 0, 0, 1, 0, 1, 3, 0]|[1, 1, 1, 0, 0, 1, 1, 2, 1, 0, 1, 1, 1, 1, 0, 0, 1, 0, 2, 1],226.990629343372;11104.352378173600;18140.749392244250,226.990629343372,NOT_APPLICABLE,NOT_APPLICABLE,NOT_APPLICABLE,21
37,1,3700,G2_TEC,PREVIOUS,[6, 19, 12, 5, 4, 16, 3, 11, 15, 7, 2, 10, 8, 13, 9, 0, 14, 18, 17, 1]|[2, 2, 1, 1, 2, 0, 0, 2, 0, 1, 1, 0, 2, 0, 0, 0, 0, 1, 0, 0]|[0, 0, 1, 1, 0, 3, 3, 0, 3, 1, 1, 3, 0, 3, 3, 3, 3, 1, 3, 3]|[1, 0, 1, 0, 1, 0, 2, 0, 0, 1, 1, 2, 1, 1, 1, 0, 0, 1, 1, 2],434.275212412142;9174.958233807818;15026.880659223301,0,false,[6, 19, 12, 5, 4, 16, 3, 11, 15, 7, 2, 10, 8, 13, 9, 0, 14, 18, 17, 1]|[2, 2, 1, 1, 2, 0, 0, 2, 0, 1, 1, 0, 2, 0, 0, 0, 0, 1, 0, 0]|[0, 0, 1, 1, 0, 3, 3, 0, 3, 1, 1, 3, 0, 3, 3, 3, 3, 1, 3, 3]|[1, 0, 1, 0, 1, 0, 2, 0, 0, 1, 1, 2, 1, 1, 1, 0, 0, 1, 1, 2],434.275212412142;9174.958233807818;15026.880659223301,9174.958233807818,NOT_APPLICABLE,NOT_APPLICABLE,NOT_APPLICABLE,10
37,1,3700,G2_TEC,HISTORICAL,[6, 19, 12, 5, 4, 16, 3, 11, 15, 7, 2, 10, 8, 13, 9, 0, 14, 18, 17, 1]|[2, 2, 1, 1, 2, 0, 0, 2, 0, 1, 1, 0, 2, 0, 0, 0, 0, 1, 0, 0]|[0, 0, 1, 1, 0, 3, 3, 0, 3, 1, 1, 3, 0, 3, 3, 3, 3, 1, 3, 3]|[1, 0, 1, 0, 1, 0, 2, 0, 0, 1, 1, 2, 1, 1, 1, 0, 0, 1, 1, 2],434.275212412142;9174.958233807818;15026.880659223301,0,false,[6, 19, 12, 5, 4, 16, 3, 11, 15, 7, 2, 10, 8, 13, 9, 0, 14, 18, 17, 1]|[2, 2, 1, 1, 2, 0, 0, 2, 0, 1, 1, 0, 2, 0, 0, 0, 0, 1, 0, 0]|[0, 0, 1, 1, 0, 3, 3, 0, 3, 1, 1, 3, 0, 3, 3, 3, 3, 1, 3, 3]|[1, 0, 1, 0, 1, 0, 2, 0, 0, 1, 1, 2, 1, 1, 1, 0, 0, 1, 1, 2],434.275212412142;9174.958233807818;15026.880659223301,9174.958233807818,NOT_APPLICABLE,NOT_APPLICABLE,NOT_APPLICABLE,14
37,1,3700,G3_TWC,PREVIOUS,[6, 19, 12, 5, 4, 16, 3, 11, 15, 7, 2, 9, 8, 0, 17, 13, 14, 10, 18, 1]|[2, 2, 0, 1, 0, 0, 2, 2, 1, 1, 1, 0, 2, 0, 0, 0, 0, 0, 0, 0]|[0, 0, 2, 1, 3, 3, 0, 0, 0, 1, 1, 3, 0, 3, 3, 0, 3, 3, 3, 3]|[1, 0, 1, 0, 2, 0, 1, 0, 1, 1, 1, 1, 1, 2, 1, 2, 0, 2, 1, 1],409.047230276459;9712.789948995710;12805.715992083906,0,false,[6, 19, 12, 5, 4, 16, 3, 11, 15, 7, 2, 9, 8, 0, 17, 13, 14, 10, 18, 1]|[2, 2, 0, 1, 0, 0, 2, 2, 1, 1, 1, 0, 2, 0, 0, 0, 0, 0, 0, 0]|[0, 0, 2, 1, 3, 3, 0, 0, 0, 1, 1, 3, 0, 3, 3, 0, 3, 3, 3, 3]|[1, 0, 1, 0, 2, 0, 1, 0, 1, 1, 1, 1, 1, 2, 1, 2, 0, 2, 1, 1],409.047230276459;9712.789948995710;12805.715992083906,12805.715992083906,NOT_APPLICABLE,NOT_APPLICABLE,NOT_APPLICABLE,12
37,1,3700,G3_TWC,HISTORICAL,[6, 19, 12, 5, 4, 16, 3, 11, 15, 7, 2, 9, 8, 0, 17, 13, 14, 10, 18, 1]|[2, 2, 0, 1, 0, 0, 2, 2, 1, 1, 1, 0, 2, 0, 0, 0, 0, 0, 0, 0]|[0, 0, 2, 1, 3, 3, 0, 0, 0, 1, 1, 3, 0, 3, 3, 0, 3, 3, 3, 3]|[1, 0, 1, 0, 2, 0, 1, 0, 1, 1, 1, 1, 1, 2, 1, 2, 0, 2, 1, 1],409.047230276459;9712.789948995710;12805.715992083906,0,false,[6, 19, 12, 5, 4, 16, 3, 11, 15, 7, 2, 9, 8, 0, 17, 13, 14, 10, 18, 1]|[2, 2, 0, 1, 0, 0, 2, 2, 1, 1, 1, 0, 2, 0, 0, 0, 0, 0, 0, 0]|[0, 0, 2, 1, 3, 3, 0, 0, 0, 1, 1, 3, 0, 3, 3, 0, 3, 3, 3, 3]|[1, 0, 1, 0, 2, 0, 1, 0, 1, 1, 1, 1, 1, 2, 1, 2, 0, 2, 1, 1],409.047230276459;9712.789948995710;12805.715992083906,12805.715992083906,NOT_APPLICABLE,NOT_APPLICABLE,NOT_APPLICABLE,14
37,1,3700,G4_BALANCED,PREVIOUS,[6, 19, 12, 5, 4, 16, 3, 9, 10, 17, 2, 18, 13, 1, 7, 14, 8, 15, 0, 11]|[2, 1, 1, 0, 1, 0, 1, 2, 2, 0, 2, 0, 2, 1, 1, 0, 0, 0, 0, 1]|[0, 1, 1, 0, 0, 3, 0, 1, 0, 0, 0, 0, 0, 1, 1, 3, 0, 3, 3, 1]|[1, 1, 1, 0, 0, 1, 1, 1, 0, 0, 1, 1, 1, 0, 1, 2, 0, 2, 2, 1],309.350963743179;10410.844670303546;14833.137194473093,0,false,[6, 19, 12, 5, 4, 16, 3, 9, 10, 17, 2, 18, 13, 1, 7, 14, 8, 15, 0, 11]|[2, 1, 1, 0, 1, 0, 1, 2, 2, 0, 2, 0, 2, 1, 1, 0, 0, 0, 0, 1]|[0, 1, 1, 0, 0, 3, 0, 1, 0, 0, 0, 0, 0, 1, 1, 3, 0, 3, 3, 1]|[1, 1, 1, 0, 0, 1, 1, 1, 0, 0, 1, 1, 1, 0, 1, 2, 0, 2, 2, 1],309.350963743179;10410.844670303546;14833.137194473093,0.527862854607,NOT_APPLICABLE,NOT_APPLICABLE,NOT_APPLICABLE,17
37,1,3700,G4_BALANCED,HISTORICAL,[6, 19, 12, 5, 4, 16, 3, 9, 10, 17, 2, 18, 13, 1, 7, 14, 8, 15, 0, 11]|[2, 1, 1, 0, 1, 0, 1, 2, 2, 0, 2, 0, 2, 1, 1, 0, 0, 0, 0, 1]|[0, 1, 1, 0, 0, 3, 0, 1, 0, 0, 0, 0, 0, 1, 1, 3, 0, 3, 3, 1]|[1, 1, 1, 0, 0, 1, 1, 1, 0, 0, 1, 1, 1, 0, 1, 2, 0, 2, 2, 1],309.350963743179;10410.844670303546;14833.137194473093,0,false,[6, 19, 12, 5, 4, 16, 3, 9, 10, 17, 2, 18, 13, 1, 7, 14, 8, 15, 0, 11]|[2, 1, 1, 0, 1, 0, 1, 2, 2, 0, 2, 0, 2, 1, 1, 0, 0, 0, 0, 1]|[0, 1, 1, 0, 0, 3, 0, 1, 0, 0, 0, 0, 0, 1, 1, 3, 0, 3, 3, 1]|[1, 1, 1, 0, 0, 1, 1, 1, 0, 0, 1, 1, 1, 0, 1, 2, 0, 2, 2, 1],309.350963743179;10410.844670303546;14833.137194473093,0.527862854607,NOT_APPLICABLE,NOT_APPLICABLE,NOT_APPLICABLE,11
38,1,3800,G1_CMAX,PREVIOUS,[6, 19, 12, 5, 4, 16, 3, 9, 10, 17, 2, 18, 13, 14, 8, 11, 7, 1, 15, 0]|[2, 1, 1, 2, 1, 0, 1, 0, 1, 0, 2, 0, 2, 1, 0, 2, 1, 1, 0, 2]|[0, 1, 1, 1, 0, 3, 0, 3, 1, 0, 0, 0, 0, 0, 0, 1, 0, 1, 3, 0]|[1, 1, 1, 0, 0, 1, 1, 2, 1, 0, 1, 1, 1, 1, 0, 0, 1, 0, 2, 1],226.990629343372;11104.352378173600;18140.749392244250,0,false,[6, 19, 12, 5, 4, 16, 3, 9, 10, 17, 2, 18, 13, 14, 8, 11, 7, 1, 15, 0]|[2, 1, 1, 2, 1, 0, 1, 0, 1, 0, 2, 0, 2, 1, 0, 2, 1, 1, 0, 2]|[0, 1, 1, 1, 0, 3, 0, 3, 1, 0, 0, 0, 0, 0, 0, 1, 0, 1, 3, 0]|[1, 1, 1, 0, 0, 1, 1, 2, 1, 0, 1, 1, 1, 1, 0, 0, 1, 0, 2, 1],226.990629343372;11104.352378173600;18140.749392244250,226.990629343372,NOT_APPLICABLE,NOT_APPLICABLE,NOT_APPLICABLE,8
38,1,3800,G1_CMAX,HISTORICAL,[6, 19, 12, 5, 4, 16, 3, 9, 10, 17, 2, 18, 13, 14, 8, 11, 7, 1, 15, 0]|[2, 1, 1, 2, 1, 0, 1, 0, 1, 0, 2, 0, 2, 1, 0, 2, 1, 1, 0, 2]|[0, 1, 1, 1, 0, 3, 0, 3, 1, 0, 0, 0, 0, 0, 0, 1, 0, 1, 3, 0]|[1, 1, 1, 0, 0, 1, 1, 2, 1, 0, 1, 1, 1, 1, 0, 0, 1, 0, 2, 1],226.990629343372;11104.352378173600;18140.749392244250,0,false,[6, 19, 12, 5, 4, 16, 3, 9, 10, 17, 2, 18, 13, 14, 8, 11, 7, 1, 15, 0]|[2, 1, 1, 2, 1, 0, 1, 0, 1, 0, 2, 0, 2, 1, 0, 2, 1, 1, 0, 2]|[0, 1, 1, 1, 0, 3, 0, 3, 1, 0, 0, 0, 0, 0, 0, 1, 0, 1, 3, 0]|[1, 1, 1, 0, 0, 1, 1, 2, 1, 0, 1, 1, 1, 1, 0, 0, 1, 0, 2, 1],226.990629343372;11104.352378173600;18140.749392244250,226.990629343372,NOT_APPLICABLE,NOT_APPLICABLE,NOT_APPLICABLE,22
38,1,3800,G2_TEC,PREVIOUS,[6, 19, 12, 5, 4, 16, 3, 11, 15, 7, 2, 10, 8, 13, 9, 0, 14, 18, 17, 1]|[2, 2, 1, 1, 2, 0, 0, 2, 0, 1, 1, 0, 2, 0, 0, 0, 0, 1, 0, 0]|[0, 0, 1, 1, 0, 3, 3, 0, 3, 1, 1, 3, 0, 3, 3, 3, 3, 1, 3, 3]|[1, 0, 1, 0, 1, 0, 2, 0, 0, 1, 1, 2, 1, 1, 1, 0, 0, 1, 1, 2],434.275212412142;9174.958233807818;15026.880659223301,0,false,[6, 19, 12, 5, 4, 16, 3, 11, 15, 7, 2, 10, 8, 13, 9, 0, 14, 18, 17, 1]|[2, 2, 1, 1, 2, 0, 0, 2, 0, 1, 1, 0, 2, 0, 0, 0, 0, 1, 0, 0]|[0, 0, 1, 1, 0, 3, 3, 0, 3, 1, 1, 3, 0, 3, 3, 3, 3, 1, 3, 3]|[1, 0, 1, 0, 1, 0, 2, 0, 0, 1, 1, 2, 1, 1, 1, 0, 0, 1, 1, 2],434.275212412142;9174.958233807818;15026.880659223301,9174.958233807818,NOT_APPLICABLE,NOT_APPLICABLE,NOT_APPLICABLE,10
38,1,3800,G2_TEC,HISTORICAL,[6, 19, 12, 5, 4, 16, 3, 11, 15, 7, 2, 10, 8, 13, 9, 0, 14, 18, 17, 1]|[2, 2, 1, 1, 2, 0, 0, 2, 0, 1, 1, 0, 2, 0, 0, 0, 0, 1, 0, 0]|[0, 0, 1, 1, 0, 3, 3, 0, 3, 1, 1, 3, 0, 3, 3, 3, 3, 1, 3, 3]|[1, 0, 1, 0, 1, 0, 2, 0, 0, 1, 1, 2, 1, 1, 1, 0, 0, 1, 1, 2],434.275212412142;9174.958233807818;15026.880659223301,0,false,[6, 19, 12, 5, 4, 16, 3, 11, 15, 7, 2, 10, 8, 13, 9, 0, 14, 18, 17, 1]|[2, 2, 1, 1, 2, 0, 0, 2, 0, 1, 1, 0, 2, 0, 0, 0, 0, 1, 0, 0]|[0, 0, 1, 1, 0, 3, 3, 0, 3, 1, 1, 3, 0, 3, 3, 3, 3, 1, 3, 3]|[1, 0, 1, 0, 1, 0, 2, 0, 0, 1, 1, 2, 1, 1, 1, 0, 0, 1, 1, 2],434.275212412142;9174.958233807818;15026.880659223301,9174.958233807818,NOT_APPLICABLE,NOT_APPLICABLE,NOT_APPLICABLE,15
38,1,3800,G3_TWC,PREVIOUS,[6, 19, 12, 5, 4, 16, 3, 11, 15, 7, 2, 9, 8, 0, 17, 13, 14, 10, 18, 1]|[2, 2, 0, 1, 0, 0, 2, 2, 1, 1, 1, 0, 2, 0, 0, 0, 0, 0, 0, 0]|[0, 0, 2, 1, 3, 3, 0, 0, 0, 1, 1, 3, 0, 3, 3, 0, 3, 3, 3, 3]|[1, 0, 1, 0, 2, 0, 1, 0, 1, 1, 1, 1, 1, 2, 1, 2, 0, 2, 1, 1],409.047230276459;9712.789948995710;12805.715992083906,0,false,[6, 19, 12, 5, 4, 16, 3, 11, 15, 7, 2, 9, 8, 0, 17, 13, 14, 10, 18, 1]|[2, 2, 0, 1, 0, 0, 2, 2, 1, 1, 1, 0, 2, 0, 0, 0, 0, 0, 0, 0]|[0, 0, 2, 1, 3, 3, 0, 0, 0, 1, 1, 3, 0, 3, 3, 0, 3, 3, 3, 3]|[1, 0, 1, 0, 2, 0, 1, 0, 1, 1, 1, 1, 1, 2, 1, 2, 0, 2, 1, 1],409.047230276459;9712.789948995710;12805.715992083906,12805.715992083906,NOT_APPLICABLE,NOT_APPLICABLE,NOT_APPLICABLE,12
38,1,3800,G3_TWC,HISTORICAL,[6, 19, 12, 5, 4, 16, 3, 11, 15, 7, 2, 9, 8, 0, 17, 13, 14, 10, 18, 1]|[2, 2, 0, 1, 0, 0, 2, 2, 1, 1, 1, 0, 2, 0, 0, 0, 0, 0, 0, 0]|[0, 0, 2, 1, 3, 3, 0, 0, 0, 1, 1, 3, 0, 3, 3, 0, 3, 3, 3, 3]|[1, 0, 1, 0, 2, 0, 1, 0, 1, 1, 1, 1, 1, 2, 1, 2, 0, 2, 1, 1],409.047230276459;9712.789948995710;12805.715992083906,0,false,[6, 19, 12, 5, 4, 16, 3, 11, 15, 7, 2, 9, 8, 0, 17, 13, 14, 10, 18, 1]|[2, 2, 0, 1, 0, 0, 2, 2, 1, 1, 1, 0, 2, 0, 0, 0, 0, 0, 0, 0]|[0, 0, 2, 1, 3, 3, 0, 0, 0, 1, 1, 3, 0, 3, 3, 0, 3, 3, 3, 3]|[1, 0, 1, 0, 2, 0, 1, 0, 1, 1, 1, 1, 1, 2, 1, 2, 0, 2, 1, 1],409.047230276459;9712.789948995710;12805.715992083906,12805.715992083906,NOT_APPLICABLE,NOT_APPLICABLE,NOT_APPLICABLE,15
38,1,3800,G4_BALANCED,PREVIOUS,[6, 19, 12, 5, 4, 16, 3, 9, 10, 17, 2, 18, 13, 1, 7, 14, 8, 15, 0, 11]|[2, 1, 1, 0, 1, 0, 1, 2, 2, 0, 2, 0, 2, 1, 1, 0, 0, 0, 0, 1]|[0, 1, 1, 0, 0, 3, 0, 1, 0, 0, 0, 0, 0, 1, 1, 3, 0, 3, 3, 1]|[1, 1, 1, 0, 0, 1, 1, 1, 0, 0, 1, 1, 1, 0, 1, 2, 0, 2, 2, 1],309.350963743179;10410.844670303546;14833.137194473093,0,false,[6, 19, 12, 5, 4, 16, 3, 9, 10, 17, 2, 18, 13, 1, 7, 14, 8, 15, 0, 11]|[2, 1, 1, 0, 1, 0, 1, 2, 2, 0, 2, 0, 2, 1, 1, 0, 0, 0, 0, 1]|[0, 1, 1, 0, 0, 3, 0, 1, 0, 0, 0, 0, 0, 1, 1, 3, 0, 3, 3, 1]|[1, 1, 1, 0, 0, 1, 1, 1, 0, 0, 1, 1, 1, 0, 1, 2, 0, 2, 2, 1],309.350963743179;10410.844670303546;14833.137194473093,0.527862854607,NOT_APPLICABLE,NOT_APPLICABLE,NOT_APPLICABLE,18
38,1,3800,G4_BALANCED,HISTORICAL,[6, 19, 12, 5, 4, 16, 3, 9, 10, 17, 2, 18, 13, 1, 7, 14, 8, 15, 0, 11]|[2, 1, 1, 0, 1, 0, 1, 2, 2, 0, 2, 0, 2, 1, 1, 0, 0, 0, 0, 1]|[0, 1, 1, 0, 0, 3, 0, 1, 0, 0, 0, 0, 0, 1, 1, 3, 0, 3, 3, 1]|[1, 1, 1, 0, 0, 1, 1, 1, 0, 0, 1, 1, 1, 0, 1, 2, 0, 2, 2, 1],309.350963743179;10410.844670303546;14833.137194473093,0,false,[6, 19, 12, 5, 4, 16, 3, 9, 10, 17, 2, 18, 13, 1, 7, 14, 8, 15, 0, 11]|[2, 1, 1, 0, 1, 0, 1, 2, 2, 0, 2, 0, 2, 1, 1, 0, 0, 0, 0, 1]|[0, 1, 1, 0, 0, 3, 0, 1, 0, 0, 0, 0, 0, 1, 1, 3, 0, 3, 3, 1]|[1, 1, 1, 0, 0, 1, 1, 1, 0, 0, 1, 1, 1, 0, 1, 2, 0, 2, 2, 1],309.350963743179;10410.844670303546;14833.137194473093,0.527862854607,NOT_APPLICABLE,NOT_APPLICABLE,NOT_APPLICABLE,11
39,1,3900,G1_CMAX,PREVIOUS,[6, 19, 12, 5, 4, 16, 3, 9, 10, 17, 2, 18, 13, 14, 8, 11, 7, 1, 15, 0]|[2, 1, 1, 2, 1, 0, 1, 0, 1, 0, 2, 0, 2, 1, 0, 2, 1, 1, 0, 2]|[0, 1, 1, 1, 0, 3, 0, 3, 1, 0, 0, 0, 0, 0, 0, 1, 0, 1, 3, 0]|[1, 1, 1, 0, 0, 1, 1, 2, 1, 0, 1, 1, 1, 1, 0, 0, 1, 0, 2, 1],226.990629343372;11104.352378173600;18140.749392244250,0,false,[6, 19, 12, 5, 4, 16, 3, 9, 10, 17, 2, 18, 13, 14, 8, 11, 7, 1, 15, 0]|[2, 1, 1, 2, 1, 0, 1, 0, 1, 0, 2, 0, 2, 1, 0, 2, 1, 1, 0, 2]|[0, 1, 1, 1, 0, 3, 0, 3, 1, 0, 0, 0, 0, 0, 0, 1, 0, 1, 3, 0]|[1, 1, 1, 0, 0, 1, 1, 2, 1, 0, 1, 1, 1, 1, 0, 0, 1, 0, 2, 1],226.990629343372;11104.352378173600;18140.749392244250,226.990629343372,NOT_APPLICABLE,NOT_APPLICABLE,NOT_APPLICABLE,8
39,1,3900,G1_CMAX,HISTORICAL,[6, 19, 12, 5, 4, 16, 3, 9, 10, 17, 2, 18, 13, 14, 8, 11, 7, 1, 15, 0]|[2, 1, 1, 2, 1, 0, 1, 0, 1, 0, 2, 0, 2, 1, 0, 2, 1, 1, 0, 2]|[0, 1, 1, 1, 0, 3, 0, 3, 1, 0, 0, 0, 0, 0, 0, 1, 0, 1, 3, 0]|[1, 1, 1, 0, 0, 1, 1, 2, 1, 0, 1, 1, 1, 1, 0, 0, 1, 0, 2, 1],226.990629343372;11104.352378173600;18140.749392244250,0,false,[6, 19, 12, 5, 4, 16, 3, 9, 10, 17, 2, 18, 13, 14, 8, 11, 7, 1, 15, 0]|[2, 1, 1, 2, 1, 0, 1, 0, 1, 0, 2, 0, 2, 1, 0, 2, 1, 1, 0, 2]|[0, 1, 1, 1, 0, 3, 0, 3, 1, 0, 0, 0, 0, 0, 0, 1, 0, 1, 3, 0]|[1, 1, 1, 0, 0, 1, 1, 2, 1, 0, 1, 1, 1, 1, 0, 0, 1, 0, 2, 1],226.990629343372;11104.352378173600;18140.749392244250,226.990629343372,NOT_APPLICABLE,NOT_APPLICABLE,NOT_APPLICABLE,23
39,1,3900,G2_TEC,PREVIOUS,[6, 19, 12, 5, 4, 16, 3, 11, 15, 7, 2, 10, 8, 13, 9, 0, 14, 18, 17, 1]|[2, 2, 1, 1, 2, 0, 0, 2, 0, 1, 1, 0, 2, 0, 0, 0, 0, 1, 0, 0]|[0, 0, 1, 1, 0, 3, 3, 0, 3, 1, 1, 3, 0, 3, 3, 3, 3, 1, 3, 3]|[1, 0, 1, 0, 1, 0, 2, 0, 0, 1, 1, 2, 1, 1, 1, 0, 0, 1, 1, 2],434.275212412142;9174.958233807818;15026.880659223301,0,false,[6, 19, 12, 5, 4, 16, 3, 11, 15, 7, 2, 10, 8, 13, 9, 0, 14, 18, 17, 1]|[2, 2, 1, 1, 2, 0, 0, 2, 0, 1, 1, 0, 2, 0, 0, 0, 0, 1, 0, 0]|[0, 0, 1, 1, 0, 3, 3, 0, 3, 1, 1, 3, 0, 3, 3, 3, 3, 1, 3, 3]|[1, 0, 1, 0, 1, 0, 2, 0, 0, 1, 1, 2, 1, 1, 1, 0, 0, 1, 1, 2],434.275212412142;9174.958233807818;15026.880659223301,9174.958233807818,NOT_APPLICABLE,NOT_APPLICABLE,NOT_APPLICABLE,10
39,1,3900,G2_TEC,HISTORICAL,[6, 19, 12, 5, 4, 16, 3, 11, 15, 7, 2, 10, 8, 13, 9, 0, 14, 18, 17, 1]|[2, 2, 1, 1, 2, 0, 0, 2, 0, 1, 1, 0, 2, 0, 0, 0, 0, 1, 0, 0]|[0, 0, 1, 1, 0, 3, 3, 0, 3, 1, 1, 3, 0, 3, 3, 3, 3, 1, 3, 3]|[1, 0, 1, 0, 1, 0, 2, 0, 0, 1, 1, 2, 1, 1, 1, 0, 0, 1, 1, 2],434.275212412142;9174.958233807818;15026.880659223301,0,false,[6, 19, 12, 5, 4, 16, 3, 11, 15, 7, 2, 10, 8, 13, 9, 0, 14, 18, 17, 1]|[2, 2, 1, 1, 2, 0, 0, 2, 0, 1, 1, 0, 2, 0, 0, 0, 0, 1, 0, 0]|[0, 0, 1, 1, 0, 3, 3, 0, 3, 1, 1, 3, 0, 3, 3, 3, 3, 1, 3, 3]|[1, 0, 1, 0, 1, 0, 2, 0, 0, 1, 1, 2, 1, 1, 1, 0, 0, 1, 1, 2],434.275212412142;9174.958233807818;15026.880659223301,9174.958233807818,NOT_APPLICABLE,NOT_APPLICABLE,NOT_APPLICABLE,16
39,1,3900,G3_TWC,PREVIOUS,[6, 19, 12, 5, 4, 16, 3, 11, 15, 7, 2, 9, 8, 0, 17, 13, 14, 10, 18, 1]|[2, 2, 0, 1, 0, 0, 2, 2, 1, 1, 1, 0, 2, 0, 0, 0, 0, 0, 0, 0]|[0, 0, 2, 1, 3, 3, 0, 0, 0, 1, 1, 3, 0, 3, 3, 0, 3, 3, 3, 3]|[1, 0, 1, 0, 2, 0, 1, 0, 1, 1, 1, 1, 1, 2, 1, 2, 0, 2, 1, 1],409.047230276459;9712.789948995710;12805.715992083906,0,false,[6, 19, 12, 5, 4, 16, 3, 11, 15, 7, 2, 9, 8, 0, 17, 13, 14, 10, 18, 1]|[2, 2, 0, 1, 0, 0, 2, 2, 1, 1, 1, 0, 2, 0, 0, 0, 0, 0, 0, 0]|[0, 0, 2, 1, 3, 3, 0, 0, 0, 1, 1, 3, 0, 3, 3, 0, 3, 3, 3, 3]|[1, 0, 1, 0, 2, 0, 1, 0, 1, 1, 1, 1, 1, 2, 1, 2, 0, 2, 1, 1],409.047230276459;9712.789948995710;12805.715992083906,12805.715992083906,NOT_APPLICABLE,NOT_APPLICABLE,NOT_APPLICABLE,13
39,1,3900,G3_TWC,HISTORICAL,[6, 19, 12, 5, 4, 16, 3, 11, 15, 7, 2, 9, 8, 0, 17, 13, 14, 10, 18, 1]|[2, 2, 0, 1, 0, 0, 2, 2, 1, 1, 1, 0, 2, 0, 0, 0, 0, 0, 0, 0]|[0, 0, 2, 1, 3, 3, 0, 0, 0, 1, 1, 3, 0, 3, 3, 0, 3, 3, 3, 3]|[1, 0, 1, 0, 2, 0, 1, 0, 1, 1, 1, 1, 1, 2, 1, 2, 0, 2, 1, 1],409.047230276459;9712.789948995710;12805.715992083906,0,false,[6, 19, 12, 5, 4, 16, 3, 11, 15, 7, 2, 9, 8, 0, 17, 13, 14, 10, 18, 1]|[2, 2, 0, 1, 0, 0, 2, 2, 1, 1, 1, 0, 2, 0, 0, 0, 0, 0, 0, 0]|[0, 0, 2, 1, 3, 3, 0, 0, 0, 1, 1, 3, 0, 3, 3, 0, 3, 3, 3, 3]|[1, 0, 1, 0, 2, 0, 1, 0, 1, 1, 1, 1, 1, 2, 1, 2, 0, 2, 1, 1],409.047230276459;9712.789948995710;12805.715992083906,12805.715992083906,NOT_APPLICABLE,NOT_APPLICABLE,NOT_APPLICABLE,15
39,1,3900,G4_BALANCED,PREVIOUS,[6, 19, 12, 5, 4, 16, 3, 9, 10, 17, 2, 18, 13, 1, 7, 14, 8, 15, 0, 11]|[2, 1, 1, 0, 1, 0, 1, 2, 2, 0, 2, 0, 2, 1, 1, 0, 0, 0, 0, 1]|[0, 1, 1, 0, 0, 3, 0, 1, 0, 0, 0, 0, 0, 1, 1, 3, 0, 3, 3, 1]|[1, 1, 1, 0, 0, 1, 1, 1, 0, 0, 1, 1, 1, 0, 1, 2, 0, 2, 2, 1],309.350963743179;10410.844670303546;14833.137194473093,0,false,[6, 19, 12, 5, 4, 16, 3, 9, 10, 17, 2, 18, 13, 1, 7, 14, 8, 15, 0, 11]|[2, 1, 1, 0, 1, 0, 1, 2, 2, 0, 2, 0, 2, 1, 1, 0, 0, 0, 0, 1]|[0, 1, 1, 0, 0, 3, 0, 1, 0, 0, 0, 0, 0, 1, 1, 3, 0, 3, 3, 1]|[1, 1, 1, 0, 0, 1, 1, 1, 0, 0, 1, 1, 1, 0, 1, 2, 0, 2, 2, 1],309.350963743179;10410.844670303546;14833.137194473093,0.527862854607,NOT_APPLICABLE,NOT_APPLICABLE,NOT_APPLICABLE,19
39,1,3900,G4_BALANCED,HISTORICAL,[6, 19, 12, 5, 4, 16, 3, 9, 10, 17, 2, 18, 13, 1, 7, 14, 8, 15, 0, 11]|[2, 1, 1, 0, 1, 0, 1, 2, 2, 0, 2, 0, 2, 1, 1, 0, 0, 0, 0, 1]|[0, 1, 1, 0, 0, 3, 0, 1, 0, 0, 0, 0, 0, 1, 1, 3, 0, 3, 3, 1]|[1, 1, 1, 0, 0, 1, 1, 1, 0, 0, 1, 1, 1, 0, 1, 2, 0, 2, 2, 1],309.350963743179;10410.844670303546;14833.137194473093,0,false,[6, 19, 12, 5, 4, 16, 3, 9, 10, 17, 2, 18, 13, 1, 7, 14, 8, 15, 0, 11]|[2, 1, 1, 0, 1, 0, 1, 2, 2, 0, 2, 0, 2, 1, 1, 0, 0, 0, 0, 1]|[0, 1, 1, 0, 0, 3, 0, 1, 0, 0, 0, 0, 0, 1, 1, 3, 0, 3, 3, 1]|[1, 1, 1, 0, 0, 1, 1, 1, 0, 0, 1, 1, 1, 0, 1, 2, 0, 2, 2, 1],309.350963743179;10410.844670303546;14833.137194473093,0.527862854607,NOT_APPLICABLE,NOT_APPLICABLE,NOT_APPLICABLE,11
40,1,4000,G1_CMAX,PREVIOUS,[6, 19, 12, 5, 4, 16, 3, 9, 10, 17, 2, 18, 13, 14, 8, 11, 7, 1, 15, 0]|[2, 1, 1, 2, 1, 0, 1, 0, 1, 0, 2, 0, 2, 1, 0, 2, 1, 1, 0, 2]|[0, 1, 1, 1, 0, 3, 0, 3, 1, 0, 0, 0, 0, 0, 0, 1, 0, 1, 3, 0]|[1, 1, 1, 0, 0, 1, 1, 2, 1, 0, 1, 1, 1, 1, 0, 0, 1, 0, 2, 1],226.990629343372;11104.352378173600;18140.749392244250,0,false,[6, 19, 12, 5, 4, 16, 3, 9, 10, 17, 2, 18, 13, 14, 8, 11, 7, 1, 15, 0]|[2, 1, 1, 2, 1, 0, 1, 0, 1, 0, 2, 0, 2, 1, 0, 2, 1, 1, 0, 2]|[0, 1, 1, 1, 0, 3, 0, 3, 1, 0, 0, 0, 0, 0, 0, 1, 0, 1, 3, 0]|[1, 1, 1, 0, 0, 1, 1, 2, 1, 0, 1, 1, 1, 1, 0, 0, 1, 0, 2, 1],226.990629343372;11104.352378173600;18140.749392244250,226.990629343372,NOT_APPLICABLE,NOT_APPLICABLE,NOT_APPLICABLE,8
40,1,4000,G1_CMAX,HISTORICAL,[6, 19, 12, 5, 4, 16, 3, 9, 10, 17, 2, 18, 13, 14, 8, 11, 7, 1, 15, 0]|[2, 1, 1, 2, 1, 0, 1, 0, 1, 0, 2, 0, 2, 1, 0, 2, 1, 1, 0, 2]|[0, 1, 1, 1, 0, 3, 0, 3, 1, 0, 0, 0, 0, 0, 0, 1, 0, 1, 3, 0]|[1, 1, 1, 0, 0, 1, 1, 2, 1, 0, 1, 1, 1, 1, 0, 0, 1, 0, 2, 1],226.990629343372;11104.352378173600;18140.749392244250,0,false,[6, 19, 12, 5, 4, 16, 3, 9, 10, 17, 2, 18, 13, 14, 8, 11, 7, 1, 15, 0]|[2, 1, 1, 2, 1, 0, 1, 0, 1, 0, 2, 0, 2, 1, 0, 2, 1, 1, 0, 2]|[0, 1, 1, 1, 0, 3, 0, 3, 1, 0, 0, 0, 0, 0, 0, 1, 0, 1, 3, 0]|[1, 1, 1, 0, 0, 1, 1, 2, 1, 0, 1, 1, 1, 1, 0, 0, 1, 0, 2, 1],226.990629343372;11104.352378173600;18140.749392244250,226.990629343372,NOT_APPLICABLE,NOT_APPLICABLE,NOT_APPLICABLE,24
40,1,4000,G2_TEC,PREVIOUS,[6, 19, 12, 5, 4, 16, 3, 11, 15, 7, 2, 10, 8, 13, 9, 0, 14, 18, 17, 1]|[2, 2, 1, 1, 2, 0, 0, 2, 0, 1, 1, 0, 2, 0, 0, 0, 0, 1, 0, 0]|[0, 0, 1, 1, 0, 3, 3, 0, 3, 1, 1, 3, 0, 3, 3, 3, 3, 1, 3, 3]|[1, 0, 1, 0, 1, 0, 2, 0, 0, 1, 1, 2, 1, 1, 1, 0, 0, 1, 1, 2],434.275212412142;9174.958233807818;15026.880659223301,0,false,[6, 19, 12, 5, 4, 16, 3, 11, 15, 7, 2, 10, 8, 13, 9, 0, 14, 18, 17, 1]|[2, 2, 1, 1, 2, 0, 0, 2, 0, 1, 1, 0, 2, 0, 0, 0, 0, 1, 0, 0]|[0, 0, 1, 1, 0, 3, 3, 0, 3, 1, 1, 3, 0, 3, 3, 3, 3, 1, 3, 3]|[1, 0, 1, 0, 1, 0, 2, 0, 0, 1, 1, 2, 1, 1, 1, 0, 0, 1, 1, 2],434.275212412142;9174.958233807818;15026.880659223301,9174.958233807818,NOT_APPLICABLE,NOT_APPLICABLE,NOT_APPLICABLE,10
40,1,4000,G2_TEC,HISTORICAL,[6, 19, 12, 5, 4, 16, 3, 11, 15, 7, 2, 10, 8, 13, 9, 0, 14, 18, 17, 1]|[2, 2, 1, 1, 2, 0, 0, 2, 0, 1, 1, 0, 2, 0, 0, 0, 0, 1, 0, 0]|[0, 0, 1, 1, 0, 3, 3, 0, 3, 1, 1, 3, 0, 3, 3, 3, 3, 1, 3, 3]|[1, 0, 1, 0, 1, 0, 2, 0, 0, 1, 1, 2, 1, 1, 1, 0, 0, 1, 1, 2],434.275212412142;9174.958233807818;15026.880659223301,0,false,[6, 19, 12, 5, 4, 16, 3, 11, 15, 7, 2, 10, 8, 13, 9, 0, 14, 18, 17, 1]|[2, 2, 1, 1, 2, 0, 0, 2, 0, 1, 1, 0, 2, 0, 0, 0, 0, 1, 0, 0]|[0, 0, 1, 1, 0, 3, 3, 0, 3, 1, 1, 3, 0, 3, 3, 3, 3, 1, 3, 3]|[1, 0, 1, 0, 1, 0, 2, 0, 0, 1, 1, 2, 1, 1, 1, 0, 0, 1, 1, 2],434.275212412142;9174.958233807818;15026.880659223301,9174.958233807818,NOT_APPLICABLE,NOT_APPLICABLE,NOT_APPLICABLE,17
40,1,4000,G3_TWC,PREVIOUS,[6, 19, 12, 5, 4, 13, 2, 11, 15, 7, 17, 8, 14, 1, 16, 9, 18, 10, 3, 0]|[2, 1, 0, 0, 1, 0, 2, 1, 1, 0, 0, 2, 1, 1, 2, 0, 0, 2, 1, 2]|[0, 1, 2, 3, 1, 0, 0, 1, 0, 3, 3, 1, 0, 1, 0, 3, 0, 1, 0, 0]|[1, 1, 1, 0, 1, 2, 1, 0, 1, 2, 1, 1, 1, 0, 0, 1, 1, 0, 1, 1],253.059608622412;10941.118968762697;16694.814867246794,0,false,[6, 19, 12, 5, 4, 13, 2, 11, 15, 7, 17, 8, 14, 1, 16, 9, 18, 10, 3, 0]|[2, 1, 0, 0, 1, 0, 2, 1, 1, 0, 0, 2, 1, 1, 2, 0, 0, 2, 1, 2]|[0, 1, 2, 3, 1, 0, 0, 1, 0, 3, 3, 1, 0, 1, 0, 3, 0, 1, 0, 0]|[1, 1, 1, 0, 1, 2, 1, 0, 1, 2, 1, 1, 1, 0, 0, 1, 1, 0, 1, 1],253.059608622412;10941.118968762697;16694.814867246794,16694.814867246794,NOT_APPLICABLE,NOT_APPLICABLE,NOT_APPLICABLE,13
40,1,4000,G3_TWC,HISTORICAL,[6, 19, 12, 5, 4, 16, 3, 11, 15, 7, 2, 9, 8, 0, 17, 13, 14, 10, 18, 1]|[2, 2, 0, 1, 0, 0, 2, 2, 1, 1, 1, 0, 2, 0, 0, 0, 0, 0, 0, 0]|[0, 0, 2, 1, 3, 3, 0, 0, 0, 1, 1, 3, 0, 3, 3, 0, 3, 3, 3, 3]|[1, 0, 1, 0, 2, 0, 1, 0, 1, 1, 1, 1, 1, 2, 1, 2, 0, 2, 1, 1],409.047230276459;9712.789948995710;12805.715992083906,0,false,[6, 19, 12, 5, 4, 16, 3, 11, 15, 7, 2, 9, 8, 0, 17, 13, 14, 10, 18, 1]|[2, 2, 0, 1, 0, 0, 2, 2, 1, 1, 1, 0, 2, 0, 0, 0, 0, 0, 0, 0]|[0, 0, 2, 1, 3, 3, 0, 0, 0, 1, 1, 3, 0, 3, 3, 0, 3, 3, 3, 3]|[1, 0, 1, 0, 2, 0, 1, 0, 1, 1, 1, 1, 1, 2, 1, 2, 0, 2, 1, 1],409.047230276459;9712.789948995710;12805.715992083906,12805.715992083906,NOT_APPLICABLE,NOT_APPLICABLE,NOT_APPLICABLE,15
40,1,4000,G4_BALANCED,PREVIOUS,[6, 19, 12, 5, 4, 16, 3, 9, 10, 17, 2, 18, 13, 1, 7, 14, 8, 15, 0, 11]|[2, 1, 1, 0, 1, 0, 1, 2, 2, 0, 2, 0, 2, 1, 1, 0, 0, 0, 0, 1]|[0, 1, 1, 0, 0, 3, 0, 1, 0, 0, 0, 0, 0, 1, 1, 3, 0, 3, 3, 1]|[1, 1, 1, 0, 0, 1, 1, 1, 0, 0, 1, 1, 1, 0, 1, 2, 0, 2, 2, 1],309.350963743179;10410.844670303546;14833.137194473093,0,false,[6, 19, 12, 5, 4, 16, 3, 9, 10, 17, 2, 18, 13, 1, 7, 14, 8, 15, 0, 11]|[2, 1, 1, 0, 1, 0, 1, 2, 2, 0, 2, 0, 2, 1, 1, 0, 0, 0, 0, 1]|[0, 1, 1, 0, 0, 3, 0, 1, 0, 0, 0, 0, 0, 1, 1, 3, 0, 3, 3, 1]|[1, 1, 1, 0, 0, 1, 1, 1, 0, 0, 1, 1, 1, 0, 1, 2, 0, 2, 2, 1],309.350963743179;10410.844670303546;14833.137194473093,0.527862854607,NOT_APPLICABLE,NOT_APPLICABLE,NOT_APPLICABLE,19
40,1,4000,G4_BALANCED,HISTORICAL,[6, 19, 12, 5, 4, 16, 3, 9, 10, 17, 2, 18, 13, 1, 7, 14, 8, 15, 0, 11]|[2, 1, 1, 0, 1, 0, 1, 2, 2, 0, 2, 0, 2, 1, 1, 0, 0, 0, 0, 1]|[0, 1, 1, 0, 0, 3, 0, 1, 0, 0, 0, 0, 0, 1, 1, 3, 0, 3, 3, 1]|[1, 1, 1, 0, 0, 1, 1, 1, 0, 0, 1, 1, 1, 0, 1, 2, 0, 2, 2, 1],309.350963743179;10410.844670303546;14833.137194473093,0,false,[6, 19, 12, 5, 4, 16, 3, 9, 10, 17, 2, 18, 13, 1, 7, 14, 8, 15, 0, 11]|[2, 1, 1, 0, 1, 0, 1, 2, 2, 0, 2, 0, 2, 1, 1, 0, 0, 0, 0, 1]|[0, 1, 1, 0, 0, 3, 0, 1, 0, 0, 0, 0, 0, 1, 1, 3, 0, 3, 3, 1]|[1, 1, 1, 0, 0, 1, 1, 1, 0, 0, 1, 1, 1, 0, 1, 2, 0, 2, 2, 1],309.350963743179;10410.844670303546;14833.137194473093,0.527862854607,NOT_APPLICABLE,NOT_APPLICABLE,NOT_APPLICABLE,12
41,1,4100,G1_CMAX,PREVIOUS,[6, 19, 12, 5, 4, 16, 3, 9, 10, 17, 2, 18, 13, 14, 8, 11, 7, 1, 15, 0]|[2, 1, 1, 2, 1, 0, 1, 0, 1, 0, 2, 0, 2, 1, 0, 2, 1, 1, 0, 2]|[0, 1, 1, 1, 0, 3, 0, 3, 1, 0, 0, 0, 0, 0, 0, 1, 0, 1, 3, 0]|[1, 1, 1, 0, 0, 1, 1, 2, 1, 0, 1, 1, 1, 1, 0, 0, 1, 0, 2, 1],226.990629343372;11104.352378173600;18140.749392244250,0,false,[6, 19, 12, 5, 4, 16, 3, 9, 10, 17, 2, 18, 13, 14, 8, 11, 7, 1, 15, 0]|[2, 1, 1, 2, 1, 0, 1, 0, 1, 0, 2, 0, 2, 1, 0, 2, 1, 1, 0, 2]|[0, 1, 1, 1, 0, 3, 0, 3, 1, 0, 0, 0, 0, 0, 0, 1, 0, 1, 3, 0]|[1, 1, 1, 0, 0, 1, 1, 2, 1, 0, 1, 1, 1, 1, 0, 0, 1, 0, 2, 1],226.990629343372;11104.352378173600;18140.749392244250,226.990629343372,NOT_APPLICABLE,NOT_APPLICABLE,NOT_APPLICABLE,9
41,1,4100,G1_CMAX,HISTORICAL,[6, 19, 12, 5, 4, 16, 3, 9, 10, 17, 2, 18, 13, 14, 8, 11, 7, 1, 15, 0]|[2, 1, 1, 2, 1, 0, 1, 0, 1, 0, 2, 0, 2, 1, 0, 2, 1, 1, 0, 2]|[0, 1, 1, 1, 0, 3, 0, 3, 1, 0, 0, 0, 0, 0, 0, 1, 0, 1, 3, 0]|[1, 1, 1, 0, 0, 1, 1, 2, 1, 0, 1, 1, 1, 1, 0, 0, 1, 0, 2, 1],226.990629343372;11104.352378173600;18140.749392244250,0,false,[6, 19, 12, 5, 4, 16, 3, 9, 10, 17, 2, 18, 13, 14, 8, 11, 7, 1, 15, 0]|[2, 1, 1, 2, 1, 0, 1, 0, 1, 0, 2, 0, 2, 1, 0, 2, 1, 1, 0, 2]|[0, 1, 1, 1, 0, 3, 0, 3, 1, 0, 0, 0, 0, 0, 0, 1, 0, 1, 3, 0]|[1, 1, 1, 0, 0, 1, 1, 2, 1, 0, 1, 1, 1, 1, 0, 0, 1, 0, 2, 1],226.990629343372;11104.352378173600;18140.749392244250,226.990629343372,NOT_APPLICABLE,NOT_APPLICABLE,NOT_APPLICABLE,24
41,1,4100,G2_TEC,PREVIOUS,[6, 19, 12, 5, 4, 16, 3, 11, 15, 7, 2, 10, 8, 13, 9, 0, 14, 18, 17, 1]|[2, 2, 1, 1, 2, 0, 0, 2, 0, 1, 1, 0, 2, 0, 0, 0, 0, 1, 0, 0]|[0, 0, 1, 1, 0, 3, 3, 0, 3, 1, 1, 3, 0, 3, 3, 3, 3, 1, 3, 3]|[1, 0, 1, 0, 1, 0, 2, 0, 0, 1, 1, 2, 1, 1, 1, 0, 0, 1, 1, 2],434.275212412142;9174.958233807818;15026.880659223301,0,false,[6, 19, 12, 5, 4, 16, 3, 11, 15, 7, 2, 10, 8, 13, 9, 0, 14, 18, 17, 1]|[2, 2, 1, 1, 2, 0, 0, 2, 0, 1, 1, 0, 2, 0, 0, 0, 0, 1, 0, 0]|[0, 0, 1, 1, 0, 3, 3, 0, 3, 1, 1, 3, 0, 3, 3, 3, 3, 1, 3, 3]|[1, 0, 1, 0, 1, 0, 2, 0, 0, 1, 1, 2, 1, 1, 1, 0, 0, 1, 1, 2],434.275212412142;9174.958233807818;15026.880659223301,9174.958233807818,NOT_APPLICABLE,NOT_APPLICABLE,NOT_APPLICABLE,10
41,1,4100,G2_TEC,HISTORICAL,[6, 19, 12, 5, 4, 16, 3, 11, 15, 7, 2, 10, 8, 13, 9, 0, 14, 18, 17, 1]|[2, 2, 1, 1, 2, 0, 0, 2, 0, 1, 1, 0, 2, 0, 0, 0, 0, 1, 0, 0]|[0, 0, 1, 1, 0, 3, 3, 0, 3, 1, 1, 3, 0, 3, 3, 3, 3, 1, 3, 3]|[1, 0, 1, 0, 1, 0, 2, 0, 0, 1, 1, 2, 1, 1, 1, 0, 0, 1, 1, 2],434.275212412142;9174.958233807818;15026.880659223301,0,false,[6, 19, 12, 5, 4, 16, 3, 11, 15, 7, 2, 10, 8, 13, 9, 0, 14, 18, 17, 1]|[2, 2, 1, 1, 2, 0, 0, 2, 0, 1, 1, 0, 2, 0, 0, 0, 0, 1, 0, 0]|[0, 0, 1, 1, 0, 3, 3, 0, 3, 1, 1, 3, 0, 3, 3, 3, 3, 1, 3, 3]|[1, 0, 1, 0, 1, 0, 2, 0, 0, 1, 1, 2, 1, 1, 1, 0, 0, 1, 1, 2],434.275212412142;9174.958233807818;15026.880659223301,9174.958233807818,NOT_APPLICABLE,NOT_APPLICABLE,NOT_APPLICABLE,18
41,1,4100,G3_TWC,PREVIOUS,[6, 19, 12, 5, 4, 16, 3, 11, 15, 9, 2, 18, 7, 10, 8, 0, 13, 1, 14, 17]|[2, 0, 1, 0, 1, 0, 1, 0, 0, 0, 2, 1, 0, 2, 2, 0, 2, 0, 1, 1]|[0, 0, 1, 3, 1, 3, 1, 0, 3, 3, 0, 1, 3, 0, 1, 3, 0, 3, 0, 1]|[1, 2, 1, 0, 0, 1, 1, 0, 0, 2, 1, 1, 2, 0, 1, 2, 1, 0, 1, 0],354.607838409838;9980.667493562127;15276.830988597096,0,false,[6, 19, 12, 5, 4, 16, 3, 11, 15, 9, 2, 18, 7, 10, 8, 0, 13, 1, 14, 17]|[2, 0, 1, 0, 1, 0, 1, 0, 0, 0, 2, 1, 0, 2, 2, 0, 2, 0, 1, 1]|[0, 0, 1, 3, 1, 3, 1, 0, 3, 3, 0, 1, 3, 0, 1, 3, 0, 3, 0, 1]|[1, 2, 1, 0, 0, 1, 1, 0, 0, 2, 1, 1, 2, 0, 1, 2, 1, 0, 1, 0],354.607838409838;9980.667493562127;15276.830988597096,15276.830988597096,NOT_APPLICABLE,NOT_APPLICABLE,NOT_APPLICABLE,13
41,1,4100,G3_TWC,HISTORICAL,[6, 19, 12, 5, 4, 16, 3, 11, 15, 7, 2, 9, 8, 0, 17, 13, 14, 10, 18, 1]|[2, 2, 0, 1, 0, 0, 2, 2, 1, 1, 1, 0, 2, 0, 0, 0, 0, 0, 0, 0]|[0, 0, 2, 1, 3, 3, 0, 0, 0, 1, 1, 3, 0, 3, 3, 0, 3, 3, 3, 3]|[1, 0, 1, 0, 2, 0, 1, 0, 1, 1, 1, 1, 1, 2, 1, 2, 0, 2, 1, 1],409.047230276459;9712.789948995710;12805.715992083906,0,false,[6, 19, 12, 5, 4, 16, 3, 11, 15, 7, 2, 9, 8, 0, 17, 13, 14, 10, 18, 1]|[2, 2, 0, 1, 0, 0, 2, 2, 1, 1, 1, 0, 2, 0, 0, 0, 0, 0, 0, 0]|[0, 0, 2, 1, 3, 3, 0, 0, 0, 1, 1, 3, 0, 3, 3, 0, 3, 3, 3, 3]|[1, 0, 1, 0, 2, 0, 1, 0, 1, 1, 1, 1, 1, 2, 1, 2, 0, 2, 1, 1],409.047230276459;9712.789948995710;12805.715992083906,12805.715992083906,NOT_APPLICABLE,NOT_APPLICABLE,NOT_APPLICABLE,15
41,1,4100,G4_BALANCED,PREVIOUS,[6, 19, 12, 5, 4, 16, 3, 9, 10, 17, 2, 18, 13, 1, 7, 14, 8, 15, 0, 11]|[2, 1, 1, 0, 1, 0, 1, 2, 2, 0, 2, 0, 2, 1, 1, 0, 0, 0, 0, 1]|[0, 1, 1, 0, 0, 3, 0, 1, 0, 0, 0, 0, 0, 1, 1, 3, 0, 3, 3, 1]|[1, 1, 1, 0, 0, 1, 1, 1, 0, 0, 1, 1, 1, 0, 1, 2, 0, 2, 2, 1],309.350963743179;10410.844670303546;14833.137194473093,0,false,[6, 19, 12, 5, 4, 16, 3, 9, 10, 17, 2, 18, 13, 1, 7, 14, 8, 15, 0, 11]|[2, 1, 1, 0, 1, 0, 1, 2, 2, 0, 2, 0, 2, 1, 1, 0, 0, 0, 0, 1]|[0, 1, 1, 0, 0, 3, 0, 1, 0, 0, 0, 0, 0, 1, 1, 3, 0, 3, 3, 1]|[1, 1, 1, 0, 0, 1, 1, 1, 0, 0, 1, 1, 1, 0, 1, 2, 0, 2, 2, 1],309.350963743179;10410.844670303546;14833.137194473093,0.527862854607,NOT_APPLICABLE,NOT_APPLICABLE,NOT_APPLICABLE,19
41,1,4100,G4_BALANCED,HISTORICAL,[6, 19, 12, 5, 4, 16, 3, 9, 10, 17, 2, 18, 13, 1, 7, 14, 8, 15, 0, 11]|[2, 1, 1, 0, 1, 0, 1, 2, 2, 0, 2, 0, 2, 1, 1, 0, 0, 0, 0, 1]|[0, 1, 1, 0, 0, 3, 0, 1, 0, 0, 0, 0, 0, 1, 1, 3, 0, 3, 3, 1]|[1, 1, 1, 0, 0, 1, 1, 1, 0, 0, 1, 1, 1, 0, 1, 2, 0, 2, 2, 1],309.350963743179;10410.844670303546;14833.137194473093,0,false,[6, 19, 12, 5, 4, 16, 3, 9, 10, 17, 2, 18, 13, 1, 7, 14, 8, 15, 0, 11]|[2, 1, 1, 0, 1, 0, 1, 2, 2, 0, 2, 0, 2, 1, 1, 0, 0, 0, 0, 1]|[0, 1, 1, 0, 0, 3, 0, 1, 0, 0, 0, 0, 0, 1, 1, 3, 0, 3, 3, 1]|[1, 1, 1, 0, 0, 1, 1, 1, 0, 0, 1, 1, 1, 0, 1, 2, 0, 2, 2, 1],309.350963743179;10410.844670303546;14833.137194473093,0.527862854607,NOT_APPLICABLE,NOT_APPLICABLE,NOT_APPLICABLE,13
42,1,4200,G1_CMAX,PREVIOUS,[6, 19, 12, 5, 4, 16, 3, 9, 10, 17, 2, 18, 13, 14, 8, 11, 7, 1, 15, 0]|[2, 1, 1, 2, 1, 0, 1, 0, 1, 0, 2, 0, 2, 1, 0, 2, 1, 1, 0, 2]|[0, 1, 1, 1, 0, 3, 0, 3, 1, 0, 0, 0, 0, 0, 0, 1, 0, 1, 3, 0]|[1, 1, 1, 0, 0, 1, 1, 2, 1, 0, 1, 1, 1, 1, 0, 0, 1, 0, 2, 1],226.990629343372;11104.352378173600;18140.749392244250,0,false,[6, 19, 12, 5, 4, 16, 3, 9, 10, 17, 2, 18, 13, 14, 8, 11, 7, 1, 15, 0]|[2, 1, 1, 2, 1, 0, 1, 0, 1, 0, 2, 0, 2, 1, 0, 2, 1, 1, 0, 2]|[0, 1, 1, 1, 0, 3, 0, 3, 1, 0, 0, 0, 0, 0, 0, 1, 0, 1, 3, 0]|[1, 1, 1, 0, 0, 1, 1, 2, 1, 0, 1, 1, 1, 1, 0, 0, 1, 0, 2, 1],226.990629343372;11104.352378173600;18140.749392244250,226.990629343372,NOT_APPLICABLE,NOT_APPLICABLE,NOT_APPLICABLE,10
42,1,4200,G1_CMAX,HISTORICAL,[6, 19, 12, 5, 4, 16, 3, 9, 10, 17, 2, 18, 13, 14, 8, 11, 7, 1, 15, 0]|[2, 1, 1, 2, 1, 0, 1, 0, 1, 0, 2, 0, 2, 1, 0, 2, 1, 1, 0, 2]|[0, 1, 1, 1, 0, 3, 0, 3, 1, 0, 0, 0, 0, 0, 0, 1, 0, 1, 3, 0]|[1, 1, 1, 0, 0, 1, 1, 2, 1, 0, 1, 1, 1, 1, 0, 0, 1, 0, 2, 1],226.990629343372;11104.352378173600;18140.749392244250,0,false,[6, 19, 12, 5, 4, 16, 3, 9, 10, 17, 2, 18, 13, 14, 8, 11, 7, 1, 15, 0]|[2, 1, 1, 2, 1, 0, 1, 0, 1, 0, 2, 0, 2, 1, 0, 2, 1, 1, 0, 2]|[0, 1, 1, 1, 0, 3, 0, 3, 1, 0, 0, 0, 0, 0, 0, 1, 0, 1, 3, 0]|[1, 1, 1, 0, 0, 1, 1, 2, 1, 0, 1, 1, 1, 1, 0, 0, 1, 0, 2, 1],226.990629343372;11104.352378173600;18140.749392244250,226.990629343372,NOT_APPLICABLE,NOT_APPLICABLE,NOT_APPLICABLE,24
42,1,4200,G2_TEC,PREVIOUS,[6, 19, 12, 5, 4, 16, 3, 11, 15, 7, 2, 10, 8, 13, 9, 0, 14, 18, 17, 1]|[2, 2, 1, 1, 2, 0, 0, 2, 0, 1, 1, 0, 2, 0, 0, 0, 0, 1, 0, 0]|[0, 0, 1, 1, 0, 3, 3, 0, 3, 1, 1, 3, 0, 3, 3, 3, 3, 1, 3, 3]|[1, 0, 1, 0, 1, 0, 2, 0, 0, 1, 1, 2, 1, 1, 1, 0, 0, 1, 1, 2],434.275212412142;9174.958233807818;15026.880659223301,0,false,[6, 19, 12, 5, 4, 16, 3, 11, 15, 7, 2, 10, 8, 13, 9, 0, 14, 18, 17, 1]|[2, 2, 1, 1, 2, 0, 0, 2, 0, 1, 1, 0, 2, 0, 0, 0, 0, 1, 0, 0]|[0, 0, 1, 1, 0, 3, 3, 0, 3, 1, 1, 3, 0, 3, 3, 3, 3, 1, 3, 3]|[1, 0, 1, 0, 1, 0, 2, 0, 0, 1, 1, 2, 1, 1, 1, 0, 0, 1, 1, 2],434.275212412142;9174.958233807818;15026.880659223301,9174.958233807818,NOT_APPLICABLE,NOT_APPLICABLE,NOT_APPLICABLE,10
42,1,4200,G2_TEC,HISTORICAL,[6, 19, 12, 5, 4, 16, 3, 11, 15, 7, 2, 10, 8, 13, 9, 0, 14, 18, 17, 1]|[2, 2, 1, 1, 2, 0, 0, 2, 0, 1, 1, 0, 2, 0, 0, 0, 0, 1, 0, 0]|[0, 0, 1, 1, 0, 3, 3, 0, 3, 1, 1, 3, 0, 3, 3, 3, 3, 1, 3, 3]|[1, 0, 1, 0, 1, 0, 2, 0, 0, 1, 1, 2, 1, 1, 1, 0, 0, 1, 1, 2],434.275212412142;9174.958233807818;15026.880659223301,0,false,[6, 19, 12, 5, 4, 16, 3, 11, 15, 7, 2, 10, 8, 13, 9, 0, 14, 18, 17, 1]|[2, 2, 1, 1, 2, 0, 0, 2, 0, 1, 1, 0, 2, 0, 0, 0, 0, 1, 0, 0]|[0, 0, 1, 1, 0, 3, 3, 0, 3, 1, 1, 3, 0, 3, 3, 3, 3, 1, 3, 3]|[1, 0, 1, 0, 1, 0, 2, 0, 0, 1, 1, 2, 1, 1, 1, 0, 0, 1, 1, 2],434.275212412142;9174.958233807818;15026.880659223301,9174.958233807818,NOT_APPLICABLE,NOT_APPLICABLE,NOT_APPLICABLE,19
42,1,4200,G3_TWC,PREVIOUS,[6, 19, 12, 5, 4, 16, 3, 9, 10, 17, 2, 18, 13, 1, 7, 0, 8, 15, 14, 11]|[2, 1, 1, 0, 1, 0, 1, 0, 2, 0, 2, 0, 2, 1, 1, 0, 2, 1, 1, 1]|[0, 1, 1, 0, 0, 3, 0, 3, 0, 0, 0, 0, 0, 1, 1, 3, 1, 1, 0, 1]|[1, 1, 1, 0, 0, 1, 1, 2, 0, 0, 1, 1, 1, 0, 1, 2, 1, 0, 1, 1],257.378903615844;10616.610959513666;16813.244722859195,0,false,[6, 19, 12, 5, 4, 16, 3, 9, 10, 17, 2, 18, 13, 1, 7, 0, 8, 15, 14, 11]|[2, 1, 1, 0, 1, 0, 1, 0, 2, 0, 2, 0, 2, 1, 1, 0, 2, 1, 1, 1]|[0, 1, 1, 0, 0, 3, 0, 3, 0, 0, 0, 0, 0, 1, 1, 3, 1, 1, 0, 1]|[1, 1, 1, 0, 0, 1, 1, 2, 0, 0, 1, 1, 1, 0, 1, 2, 1, 0, 1, 1],257.378903615844;10616.610959513666;16813.244722859195,16813.244722859195,NOT_APPLICABLE,NOT_APPLICABLE,NOT_APPLICABLE,13
42,1,4200,G3_TWC,HISTORICAL,[6, 19, 12, 5, 4, 16, 3, 11, 15, 7, 2, 9, 8, 0, 17, 13, 14, 10, 18, 1]|[2, 2, 0, 1, 0, 0, 2, 2, 1, 1, 1, 0, 2, 0, 0, 0, 0, 0, 0, 0]|[0, 0, 2, 1, 3, 3, 0, 0, 0, 1, 1, 3, 0, 3, 3, 0, 3, 3, 3, 3]|[1, 0, 1, 0, 2, 0, 1, 0, 1, 1, 1, 1, 1, 2, 1, 2, 0, 2, 1, 1],409.047230276459;9712.789948995710;12805.715992083906,0,false,[6, 19, 12, 5, 4, 16, 3, 11, 15, 7, 2, 9, 8, 0, 17, 13, 14, 10, 18, 1]|[2, 2, 0, 1, 0, 0, 2, 2, 1, 1, 1, 0, 2, 0, 0, 0, 0, 0, 0, 0]|[0, 0, 2, 1, 3, 3, 0, 0, 0, 1, 1, 3, 0, 3, 3, 0, 3, 3, 3, 3]|[1, 0, 1, 0, 2, 0, 1, 0, 1, 1, 1, 1, 1, 2, 1, 2, 0, 2, 1, 1],409.047230276459;9712.789948995710;12805.715992083906,12805.715992083906,NOT_APPLICABLE,NOT_APPLICABLE,NOT_APPLICABLE,15
42,1,4200,G4_BALANCED,PREVIOUS,[6, 19, 12, 5, 4, 16, 3, 9, 10, 17, 2, 18, 13, 1, 7, 14, 8, 15, 0, 11]|[2, 1, 1, 0, 1, 0, 1, 2, 2, 0, 2, 0, 2, 1, 1, 0, 0, 0, 0, 1]|[0, 1, 1, 0, 0, 3, 0, 1, 0, 0, 0, 0, 0, 1, 1, 3, 0, 3, 3, 1]|[1, 1, 1, 0, 0, 1, 1, 1, 0, 0, 1, 1, 1, 0, 1, 2, 0, 2, 2, 1],309.350963743179;10410.844670303546;14833.137194473093,0,false,[6, 19, 12, 5, 4, 16, 3, 9, 10, 17, 2, 18, 13, 1, 7, 14, 8, 15, 0, 11]|[2, 1, 1, 0, 1, 0, 1, 2, 2, 0, 2, 0, 2, 1, 1, 0, 0, 0, 0, 1]|[0, 1, 1, 0, 0, 3, 0, 1, 0, 0, 0, 0, 0, 1, 1, 3, 0, 3, 3, 1]|[1, 1, 1, 0, 0, 1, 1, 1, 0, 0, 1, 1, 1, 0, 1, 2, 0, 2, 2, 1],309.350963743179;10410.844670303546;14833.137194473093,0.527862854607,NOT_APPLICABLE,NOT_APPLICABLE,NOT_APPLICABLE,19
42,1,4200,G4_BALANCED,HISTORICAL,[6, 19, 12, 5, 4, 16, 3, 9, 10, 17, 2, 18, 13, 1, 7, 14, 8, 15, 0, 11]|[2, 1, 1, 0, 1, 0, 1, 2, 2, 0, 2, 0, 2, 1, 1, 0, 0, 0, 0, 1]|[0, 1, 1, 0, 0, 3, 0, 1, 0, 0, 0, 0, 0, 1, 1, 3, 0, 3, 3, 1]|[1, 1, 1, 0, 0, 1, 1, 1, 0, 0, 1, 1, 1, 0, 1, 2, 0, 2, 2, 1],309.350963743179;10410.844670303546;14833.137194473093,0,false,[6, 19, 12, 5, 4, 16, 3, 9, 10, 17, 2, 18, 13, 1, 7, 14, 8, 15, 0, 11]|[2, 1, 1, 0, 1, 0, 1, 2, 2, 0, 2, 0, 2, 1, 1, 0, 0, 0, 0, 1]|[0, 1, 1, 0, 0, 3, 0, 1, 0, 0, 0, 0, 0, 1, 1, 3, 0, 3, 3, 1]|[1, 1, 1, 0, 0, 1, 1, 1, 0, 0, 1, 1, 1, 0, 1, 2, 0, 2, 2, 1],309.350963743179;10410.844670303546;14833.137194473093,0.527862854607,NOT_APPLICABLE,NOT_APPLICABLE,NOT_APPLICABLE,14
43,1,4300,G1_CMAX,PREVIOUS,[6, 19, 12, 5, 4, 16, 3, 9, 10, 17, 2, 18, 13, 1, 7, 0, 8, 15, 14, 11]|[2, 1, 1, 2, 1, 0, 1, 0, 2, 0, 2, 0, 2, 1, 1, 0, 0, 0, 1, 1]|[0, 1, 1, 1, 0, 3, 0, 3, 0, 0, 0, 0, 0, 1, 1, 3, 0, 3, 0, 1]|[1, 1, 1, 0, 0, 1, 1, 2, 0, 0, 1, 1, 1, 0, 1, 2, 0, 2, 1, 1],246.483616871782;10582.557569370765;17175.424632016846,0,false,[6, 19, 12, 5, 4, 16, 3, 9, 10, 17, 2, 18, 13, 1, 7, 0, 8, 15, 14, 11]|[2, 1, 1, 2, 1, 0, 1, 0, 2, 0, 2, 0, 2, 1, 1, 0, 0, 0, 1, 1]|[0, 1, 1, 1, 0, 3, 0, 3, 0, 0, 0, 0, 0, 1, 1, 3, 0, 3, 0, 1]|[1, 1, 1, 0, 0, 1, 1, 2, 0, 0, 1, 1, 1, 0, 1, 2, 0, 2, 1, 1],246.483616871782;10582.557569370765;17175.424632016846,246.483616871782,NOT_APPLICABLE,NOT_APPLICABLE,NOT_APPLICABLE,10
43,1,4300,G1_CMAX,HISTORICAL,[6, 19, 12, 5, 4, 16, 3, 9, 10, 17, 2, 18, 13, 14, 8, 11, 7, 1, 15, 0]|[2, 1, 1, 2, 1, 0, 1, 0, 1, 0, 2, 0, 2, 1, 0, 2, 1, 1, 0, 2]|[0, 1, 1, 1, 0, 3, 0, 3, 1, 0, 0, 0, 0, 0, 0, 1, 0, 1, 3, 0]|[1, 1, 1, 0, 0, 1, 1, 2, 1, 0, 1, 1, 1, 1, 0, 0, 1, 0, 2, 1],226.990629343372;11104.352378173600;18140.749392244250,0,false,[6, 19, 12, 5, 4, 16, 3, 9, 10, 17, 2, 18, 13, 14, 8, 11, 7, 1, 15, 0]|[2, 1, 1, 2, 1, 0, 1, 0, 1, 0, 2, 0, 2, 1, 0, 2, 1, 1, 0, 2]|[0, 1, 1, 1, 0, 3, 0, 3, 1, 0, 0, 0, 0, 0, 0, 1, 0, 1, 3, 0]|[1, 1, 1, 0, 0, 1, 1, 2, 1, 0, 1, 1, 1, 1, 0, 0, 1, 0, 2, 1],226.990629343372;11104.352378173600;18140.749392244250,226.990629343372,NOT_APPLICABLE,NOT_APPLICABLE,NOT_APPLICABLE,24
43,1,4300,G2_TEC,PREVIOUS,[6, 19, 12, 5, 4, 16, 3, 11, 15, 7, 2, 10, 8, 13, 9, 0, 14, 18, 17, 1]|[2, 2, 1, 1, 2, 0, 0, 2, 0, 1, 1, 0, 2, 0, 0, 0, 0, 1, 0, 0]|[0, 0, 1, 1, 0, 3, 3, 0, 3, 1, 1, 3, 0, 3, 3, 3, 3, 1, 3, 3]|[1, 0, 1, 0, 1, 0, 2, 0, 0, 1, 1, 2, 1, 1, 1, 0, 0, 1, 1, 2],434.275212412142;9174.958233807818;15026.880659223301,0,false,[6, 19, 12, 5, 4, 16, 3, 11, 15, 7, 2, 10, 8, 13, 9, 0, 14, 18, 17, 1]|[2, 2, 1, 1, 2, 0, 0, 2, 0, 1, 1, 0, 2, 0, 0, 0, 0, 1, 0, 0]|[0, 0, 1, 1, 0, 3, 3, 0, 3, 1, 1, 3, 0, 3, 3, 3, 3, 1, 3, 3]|[1, 0, 1, 0, 1, 0, 2, 0, 0, 1, 1, 2, 1, 1, 1, 0, 0, 1, 1, 2],434.275212412142;9174.958233807818;15026.880659223301,9174.958233807818,NOT_APPLICABLE,NOT_APPLICABLE,NOT_APPLICABLE,10
43,1,4300,G2_TEC,HISTORICAL,[6, 19, 12, 5, 4, 16, 3, 11, 15, 7, 2, 10, 8, 13, 9, 0, 14, 18, 17, 1]|[2, 2, 1, 1, 2, 0, 0, 2, 0, 1, 1, 0, 2, 0, 0, 0, 0, 1, 0, 0]|[0, 0, 1, 1, 0, 3, 3, 0, 3, 1, 1, 3, 0, 3, 3, 3, 3, 1, 3, 3]|[1, 0, 1, 0, 1, 0, 2, 0, 0, 1, 1, 2, 1, 1, 1, 0, 0, 1, 1, 2],434.275212412142;9174.958233807818;15026.880659223301,0,false,[6, 19, 12, 5, 4, 16, 3, 11, 15, 7, 2, 10, 8, 13, 9, 0, 14, 18, 17, 1]|[2, 2, 1, 1, 2, 0, 0, 2, 0, 1, 1, 0, 2, 0, 0, 0, 0, 1, 0, 0]|[0, 0, 1, 1, 0, 3, 3, 0, 3, 1, 1, 3, 0, 3, 3, 3, 3, 1, 3, 3]|[1, 0, 1, 0, 1, 0, 2, 0, 0, 1, 1, 2, 1, 1, 1, 0, 0, 1, 1, 2],434.275212412142;9174.958233807818;15026.880659223301,9174.958233807818,NOT_APPLICABLE,NOT_APPLICABLE,NOT_APPLICABLE,20
43,1,4300,G3_TWC,PREVIOUS,[6, 19, 12, 5, 4, 16, 3, 11, 15, 7, 2, 9, 8, 0, 17, 13, 14, 10, 18, 1]|[2, 2, 0, 1, 0, 0, 2, 2, 1, 1, 1, 0, 2, 0, 0, 0, 0, 0, 0, 0]|[0, 0, 2, 1, 3, 3, 0, 0, 0, 1, 1, 3, 0, 3, 3, 0, 3, 3, 3, 3]|[1, 0, 1, 0, 2, 0, 1, 0, 1, 1, 1, 1, 1, 2, 1, 2, 0, 2, 1, 1],409.047230276459;9712.789948995710;12805.715992083906,0,false,[6, 19, 12, 5, 4, 16, 3, 11, 15, 7, 2, 9, 8, 0, 17, 13, 14, 10, 18, 1]|[2, 2, 0, 1, 0, 0, 2, 2, 1, 1, 1, 0, 2, 0, 0, 0, 0, 0, 0, 0]|[0, 0, 2, 1, 3, 3, 0, 0, 0, 1, 1, 3, 0, 3, 3, 0, 3, 3, 3, 3]|[1, 0, 1, 0, 2, 0, 1, 0, 1, 1, 1, 1, 1, 2, 1, 2, 0, 2, 1, 1],409.047230276459;9712.789948995710;12805.715992083906,12805.715992083906,NOT_APPLICABLE,NOT_APPLICABLE,NOT_APPLICABLE,13
43,1,4300,G3_TWC,HISTORICAL,[6, 19, 12, 5, 4, 16, 3, 11, 15, 7, 2, 9, 8, 0, 17, 13, 14, 10, 18, 1]|[2, 2, 0, 1, 0, 0, 2, 2, 1, 1, 1, 0, 2, 0, 0, 0, 0, 0, 0, 0]|[0, 0, 2, 1, 3, 3, 0, 0, 0, 1, 1, 3, 0, 3, 3, 0, 3, 3, 3, 3]|[1, 0, 1, 0, 2, 0, 1, 0, 1, 1, 1, 1, 1, 2, 1, 2, 0, 2, 1, 1],409.047230276459;9712.789948995710;12805.715992083906,0,false,[6, 19, 12, 5, 4, 16, 3, 11, 15, 7, 2, 9, 8, 0, 17, 13, 14, 10, 18, 1]|[2, 2, 0, 1, 0, 0, 2, 2, 1, 1, 1, 0, 2, 0, 0, 0, 0, 0, 0, 0]|[0, 0, 2, 1, 3, 3, 0, 0, 0, 1, 1, 3, 0, 3, 3, 0, 3, 3, 3, 3]|[1, 0, 1, 0, 2, 0, 1, 0, 1, 1, 1, 1, 1, 2, 1, 2, 0, 2, 1, 1],409.047230276459;9712.789948995710;12805.715992083906,12805.715992083906,NOT_APPLICABLE,NOT_APPLICABLE,NOT_APPLICABLE,16
43,1,4300,G4_BALANCED,PREVIOUS,[6, 19, 12, 5, 4, 16, 3, 9, 10, 17, 2, 18, 13, 1, 7, 14, 8, 15, 0, 11]|[2, 1, 1, 0, 1, 0, 1, 2, 2, 0, 2, 0, 2, 1, 1, 0, 0, 0, 0, 1]|[0, 1, 1, 0, 0, 3, 0, 1, 0, 0, 0, 0, 0, 1, 1, 3, 0, 3, 3, 1]|[1, 1, 1, 0, 0, 1, 1, 1, 0, 0, 1, 1, 1, 0, 1, 2, 0, 2, 2, 1],309.350963743179;10410.844670303546;14833.137194473093,0,false,[6, 19, 12, 5, 4, 16, 3, 9, 10, 17, 2, 18, 13, 1, 7, 14, 8, 15, 0, 11]|[2, 1, 1, 0, 1, 0, 1, 2, 2, 0, 2, 0, 2, 1, 1, 0, 0, 0, 0, 1]|[0, 1, 1, 0, 0, 3, 0, 1, 0, 0, 0, 0, 0, 1, 1, 3, 0, 3, 3, 1]|[1, 1, 1, 0, 0, 1, 1, 1, 0, 0, 1, 1, 1, 0, 1, 2, 0, 2, 2, 1],309.350963743179;10410.844670303546;14833.137194473093,0.527862854607,NOT_APPLICABLE,NOT_APPLICABLE,NOT_APPLICABLE,20
43,1,4300,G4_BALANCED,HISTORICAL,[6, 19, 12, 5, 4, 16, 3, 9, 10, 17, 2, 18, 13, 1, 7, 14, 8, 15, 0, 11]|[2, 1, 1, 0, 1, 0, 1, 2, 2, 0, 2, 0, 2, 1, 1, 0, 0, 0, 0, 1]|[0, 1, 1, 0, 0, 3, 0, 1, 0, 0, 0, 0, 0, 1, 1, 3, 0, 3, 3, 1]|[1, 1, 1, 0, 0, 1, 1, 1, 0, 0, 1, 1, 1, 0, 1, 2, 0, 2, 2, 1],309.350963743179;10410.844670303546;14833.137194473093,0,false,[6, 19, 12, 5, 4, 16, 3, 9, 10, 17, 2, 18, 13, 1, 7, 14, 8, 15, 0, 11]|[2, 1, 1, 0, 1, 0, 1, 2, 2, 0, 2, 0, 2, 1, 1, 0, 0, 0, 0, 1]|[0, 1, 1, 0, 0, 3, 0, 1, 0, 0, 0, 0, 0, 1, 1, 3, 0, 3, 3, 1]|[1, 1, 1, 0, 0, 1, 1, 1, 0, 0, 1, 1, 1, 0, 1, 2, 0, 2, 2, 1],309.350963743179;10410.844670303546;14833.137194473093,0.527862854607,NOT_APPLICABLE,NOT_APPLICABLE,NOT_APPLICABLE,14
44,1,4400,G1_CMAX,PREVIOUS,[6, 19, 12, 5, 4, 16, 3, 9, 10, 17, 2, 18, 13, 1, 7, 0, 8, 15, 14, 11]|[2, 1, 1, 2, 1, 0, 1, 0, 2, 0, 2, 0, 2, 1, 1, 0, 0, 0, 1, 1]|[0, 1, 1, 1, 0, 3, 0, 3, 0, 0, 0, 0, 0, 1, 1, 3, 0, 3, 0, 1]|[1, 1, 1, 0, 0, 1, 1, 2, 0, 0, 1, 1, 1, 0, 1, 2, 0, 2, 1, 1],246.483616871782;10582.557569370765;17175.424632016846,0,false,[6, 19, 12, 5, 4, 16, 3, 9, 10, 17, 2, 18, 13, 1, 7, 0, 8, 15, 14, 11]|[2, 1, 1, 2, 1, 0, 1, 0, 2, 0, 2, 0, 2, 1, 1, 0, 0, 0, 1, 1]|[0, 1, 1, 1, 0, 3, 0, 3, 0, 0, 0, 0, 0, 1, 1, 3, 0, 3, 0, 1]|[1, 1, 1, 0, 0, 1, 1, 2, 0, 0, 1, 1, 1, 0, 1, 2, 0, 2, 1, 1],246.483616871782;10582.557569370765;17175.424632016846,246.483616871782,NOT_APPLICABLE,NOT_APPLICABLE,NOT_APPLICABLE,11
44,1,4400,G1_CMAX,HISTORICAL,[6, 19, 12, 5, 4, 16, 3, 9, 10, 17, 2, 18, 13, 14, 8, 11, 7, 1, 15, 0]|[2, 1, 1, 2, 1, 0, 1, 0, 1, 0, 2, 0, 2, 1, 0, 2, 1, 1, 0, 2]|[0, 1, 1, 1, 0, 3, 0, 3, 1, 0, 0, 0, 0, 0, 0, 1, 0, 1, 3, 0]|[1, 1, 1, 0, 0, 1, 1, 2, 1, 0, 1, 1, 1, 1, 0, 0, 1, 0, 2, 1],226.990629343372;11104.352378173600;18140.749392244250,0,false,[6, 19, 12, 5, 4, 16, 3, 9, 10, 17, 2, 18, 13, 14, 8, 11, 7, 1, 15, 0]|[2, 1, 1, 2, 1, 0, 1, 0, 1, 0, 2, 0, 2, 1, 0, 2, 1, 1, 0, 2]|[0, 1, 1, 1, 0, 3, 0, 3, 1, 0, 0, 0, 0, 0, 0, 1, 0, 1, 3, 0]|[1, 1, 1, 0, 0, 1, 1, 2, 1, 0, 1, 1, 1, 1, 0, 0, 1, 0, 2, 1],226.990629343372;11104.352378173600;18140.749392244250,226.990629343372,NOT_APPLICABLE,NOT_APPLICABLE,NOT_APPLICABLE,24
44,1,4400,G2_TEC,PREVIOUS,[6, 19, 12, 5, 4, 16, 3, 11, 15, 7, 2, 10, 8, 13, 9, 0, 14, 18, 17, 1]|[2, 2, 1, 1, 2, 0, 0, 2, 0, 1, 1, 0, 2, 0, 0, 0, 0, 1, 0, 0]|[0, 0, 1, 1, 0, 3, 3, 0, 3, 1, 1, 3, 0, 3, 3, 3, 3, 1, 3, 3]|[1, 0, 1, 0, 1, 0, 2, 0, 0, 1, 1, 2, 1, 1, 1, 0, 0, 1, 1, 2],434.275212412142;9174.958233807818;15026.880659223301,0,false,[6, 19, 12, 5, 4, 16, 3, 11, 15, 7, 2, 10, 8, 13, 9, 0, 14, 18, 17, 1]|[2, 2, 1, 1, 2, 0, 0, 2, 0, 1, 1, 0, 2, 0, 0, 0, 0, 1, 0, 0]|[0, 0, 1, 1, 0, 3, 3, 0, 3, 1, 1, 3, 0, 3, 3, 3, 3, 1, 3, 3]|[1, 0, 1, 0, 1, 0, 2, 0, 0, 1, 1, 2, 1, 1, 1, 0, 0, 1, 1, 2],434.275212412142;9174.958233807818;15026.880659223301,9174.958233807818,NOT_APPLICABLE,NOT_APPLICABLE,NOT_APPLICABLE,10
44,1,4400,G2_TEC,HISTORICAL,[6, 19, 12, 5, 4, 16, 3, 11, 15, 7, 2, 10, 8, 13, 9, 0, 14, 18, 17, 1]|[2, 2, 1, 1, 2, 0, 0, 2, 0, 1, 1, 0, 2, 0, 0, 0, 0, 1, 0, 0]|[0, 0, 1, 1, 0, 3, 3, 0, 3, 1, 1, 3, 0, 3, 3, 3, 3, 1, 3, 3]|[1, 0, 1, 0, 1, 0, 2, 0, 0, 1, 1, 2, 1, 1, 1, 0, 0, 1, 1, 2],434.275212412142;9174.958233807818;15026.880659223301,0,false,[6, 19, 12, 5, 4, 16, 3, 11, 15, 7, 2, 10, 8, 13, 9, 0, 14, 18, 17, 1]|[2, 2, 1, 1, 2, 0, 0, 2, 0, 1, 1, 0, 2, 0, 0, 0, 0, 1, 0, 0]|[0, 0, 1, 1, 0, 3, 3, 0, 3, 1, 1, 3, 0, 3, 3, 3, 3, 1, 3, 3]|[1, 0, 1, 0, 1, 0, 2, 0, 0, 1, 1, 2, 1, 1, 1, 0, 0, 1, 1, 2],434.275212412142;9174.958233807818;15026.880659223301,9174.958233807818,NOT_APPLICABLE,NOT_APPLICABLE,NOT_APPLICABLE,21
44,1,4400,G3_TWC,PREVIOUS,[6, 19, 12, 5, 4, 16, 3, 11, 15, 7, 2, 9, 8, 0, 17, 13, 14, 10, 18, 1]|[2, 2, 0, 1, 0, 0, 2, 2, 1, 1, 1, 0, 2, 0, 0, 0, 0, 0, 0, 0]|[0, 0, 2, 1, 3, 3, 0, 0, 0, 1, 1, 3, 0, 3, 3, 0, 3, 3, 3, 3]|[1, 0, 1, 0, 2, 0, 1, 0, 1, 1, 1, 1, 1, 2, 1, 2, 0, 2, 1, 1],409.047230276459;9712.789948995710;12805.715992083906,0,false,[6, 19, 12, 5, 4, 16, 3, 11, 15, 7, 2, 9, 8, 0, 17, 13, 14, 10, 18, 1]|[2, 2, 0, 1, 0, 0, 2, 2, 1, 1, 1, 0, 2, 0, 0, 0, 0, 0, 0, 0]|[0, 0, 2, 1, 3, 3, 0, 0, 0, 1, 1, 3, 0, 3, 3, 0, 3, 3, 3, 3]|[1, 0, 1, 0, 2, 0, 1, 0, 1, 1, 1, 1, 1, 2, 1, 2, 0, 2, 1, 1],409.047230276459;9712.789948995710;12805.715992083906,12805.715992083906,NOT_APPLICABLE,NOT_APPLICABLE,NOT_APPLICABLE,14
44,1,4400,G3_TWC,HISTORICAL,[6, 19, 12, 5, 4, 16, 3, 11, 15, 7, 2, 9, 8, 0, 17, 13, 14, 10, 18, 1]|[2, 2, 0, 1, 0, 0, 2, 2, 1, 1, 1, 0, 2, 0, 0, 0, 0, 0, 0, 0]|[0, 0, 2, 1, 3, 3, 0, 0, 0, 1, 1, 3, 0, 3, 3, 0, 3, 3, 3, 3]|[1, 0, 1, 0, 2, 0, 1, 0, 1, 1, 1, 1, 1, 2, 1, 2, 0, 2, 1, 1],409.047230276459;9712.789948995710;12805.715992083906,0,false,[6, 19, 12, 5, 4, 16, 3, 11, 15, 7, 2, 9, 8, 0, 17, 13, 14, 10, 18, 1]|[2, 2, 0, 1, 0, 0, 2, 2, 1, 1, 1, 0, 2, 0, 0, 0, 0, 0, 0, 0]|[0, 0, 2, 1, 3, 3, 0, 0, 0, 1, 1, 3, 0, 3, 3, 0, 3, 3, 3, 3]|[1, 0, 1, 0, 2, 0, 1, 0, 1, 1, 1, 1, 1, 2, 1, 2, 0, 2, 1, 1],409.047230276459;9712.789948995710;12805.715992083906,12805.715992083906,NOT_APPLICABLE,NOT_APPLICABLE,NOT_APPLICABLE,16
44,1,4400,G4_BALANCED,PREVIOUS,[6, 19, 12, 5, 4, 16, 3, 9, 10, 17, 2, 18, 13, 1, 7, 14, 8, 15, 0, 11]|[2, 1, 1, 0, 1, 0, 1, 2, 2, 0, 2, 0, 2, 1, 1, 0, 0, 0, 0, 1]|[0, 1, 1, 0, 0, 3, 0, 1, 0, 0, 0, 0, 0, 1, 1, 3, 0, 3, 3, 1]|[1, 1, 1, 0, 0, 1, 1, 1, 0, 0, 1, 1, 1, 0, 1, 2, 0, 2, 2, 1],309.350963743179;10410.844670303546;14833.137194473093,0,false,[6, 19, 12, 5, 4, 16, 3, 9, 10, 17, 2, 18, 13, 1, 7, 14, 8, 15, 0, 11]|[2, 1, 1, 0, 1, 0, 1, 2, 2, 0, 2, 0, 2, 1, 1, 0, 0, 0, 0, 1]|[0, 1, 1, 0, 0, 3, 0, 1, 0, 0, 0, 0, 0, 1, 1, 3, 0, 3, 3, 1]|[1, 1, 1, 0, 0, 1, 1, 1, 0, 0, 1, 1, 1, 0, 1, 2, 0, 2, 2, 1],309.350963743179;10410.844670303546;14833.137194473093,0.527862854607,NOT_APPLICABLE,NOT_APPLICABLE,NOT_APPLICABLE,20
44,1,4400,G4_BALANCED,HISTORICAL,[6, 19, 12, 5, 4, 16, 3, 9, 10, 17, 2, 18, 13, 1, 7, 14, 8, 15, 0, 11]|[2, 1, 1, 0, 1, 0, 1, 2, 2, 0, 2, 0, 2, 1, 1, 0, 0, 0, 0, 1]|[0, 1, 1, 0, 0, 3, 0, 1, 0, 0, 0, 0, 0, 1, 1, 3, 0, 3, 3, 1]|[1, 1, 1, 0, 0, 1, 1, 1, 0, 0, 1, 1, 1, 0, 1, 2, 0, 2, 2, 1],309.350963743179;10410.844670303546;14833.137194473093,0,false,[6, 19, 12, 5, 4, 16, 3, 9, 10, 17, 2, 18, 13, 1, 7, 14, 8, 15, 0, 11]|[2, 1, 1, 0, 1, 0, 1, 2, 2, 0, 2, 0, 2, 1, 1, 0, 0, 0, 0, 1]|[0, 1, 1, 0, 0, 3, 0, 1, 0, 0, 0, 0, 0, 1, 1, 3, 0, 3, 3, 1]|[1, 1, 1, 0, 0, 1, 1, 1, 0, 0, 1, 1, 1, 0, 1, 2, 0, 2, 2, 1],309.350963743179;10410.844670303546;14833.137194473093,0.527862854607,NOT_APPLICABLE,NOT_APPLICABLE,NOT_APPLICABLE,15
45,1,4500,G1_CMAX,PREVIOUS,[6, 19, 11, 10, 1, 13, 3, 16, 8, 17, 5, 9, 18, 4, 2, 12, 15, 0, 7, 14]|[0, 1, 2, 2, 0, 0, 2, 0, 2, 0, 2, 0, 0, 1, 1, 1, 0, 0, 0, 1]|[3, 1, 0, 0, 2, 3, 0, 0, 1, 0, 0, 3, 3, 0, 1, 1, 1, 3, 3, 0]|[0, 1, 0, 0, 2, 2, 0, 0, 1, 0, 0, 2, 2, 0, 1, 1, 1, 2, 2, 1],329.052061914985;10854.351582006899;14688.934261021280,0,false,[6, 19, 11, 10, 1, 13, 3, 16, 8, 17, 5, 9, 18, 4, 2, 12, 15, 0, 7, 14]|[0, 1, 2, 2, 0, 0, 2, 0, 2, 0, 2, 0, 0, 1, 1, 1, 0, 0, 0, 1]|[3, 1, 0, 0, 2, 3, 0, 0, 1, 0, 0, 3, 3, 0, 1, 1, 1, 3, 3, 0]|[0, 1, 0, 0, 2, 2, 0, 0, 1, 0, 0, 2, 2, 0, 1, 1, 1, 2, 2, 1],329.052061914985;10854.351582006899;14688.934261021280,329.052061914985,NOT_APPLICABLE,NOT_APPLICABLE,NOT_APPLICABLE,11
45,1,4500,G1_CMAX,HISTORICAL,[6, 19, 12, 5, 4, 16, 3, 9, 10, 17, 2, 18, 13, 14, 8, 11, 7, 1, 15, 0]|[2, 1, 1, 2, 1, 0, 1, 0, 1, 0, 2, 0, 2, 1, 0, 2, 1, 1, 0, 2]|[0, 1, 1, 1, 0, 3, 0, 3, 1, 0, 0, 0, 0, 0, 0, 1, 0, 1, 3, 0]|[1, 1, 1, 0, 0, 1, 1, 2, 1, 0, 1, 1, 1, 1, 0, 0, 1, 0, 2, 1],226.990629343372;11104.352378173600;18140.749392244250,0,false,[6, 19, 12, 5, 4, 16, 3, 9, 10, 17, 2, 18, 13, 14, 8, 11, 7, 1, 15, 0]|[2, 1, 1, 2, 1, 0, 1, 0, 1, 0, 2, 0, 2, 1, 0, 2, 1, 1, 0, 2]|[0, 1, 1, 1, 0, 3, 0, 3, 1, 0, 0, 0, 0, 0, 0, 1, 0, 1, 3, 0]|[1, 1, 1, 0, 0, 1, 1, 2, 1, 0, 1, 1, 1, 1, 0, 0, 1, 0, 2, 1],226.990629343372;11104.352378173600;18140.749392244250,226.990629343372,NOT_APPLICABLE,NOT_APPLICABLE,NOT_APPLICABLE,24
45,1,4500,G2_TEC,PREVIOUS,[6, 19, 12, 5, 4, 16, 3, 11, 15, 7, 2, 10, 8, 13, 9, 0, 14, 18, 17, 1]|[2, 2, 1, 1, 2, 0, 0, 2, 0, 1, 1, 0, 2, 0, 0, 0, 0, 1, 0, 0]|[0, 0, 1, 1, 0, 3, 3, 0, 3, 1, 1, 3, 0, 3, 3, 3, 3, 1, 3, 3]|[1, 0, 1, 0, 1, 0, 2, 0, 0, 1, 1, 2, 1, 1, 1, 0, 0, 1, 1, 2],434.275212412142;9174.958233807818;15026.880659223301,0,false,[6, 19, 12, 5, 4, 16, 3, 11, 15, 7, 2, 10, 8, 13, 9, 0, 14, 18, 17, 1]|[2, 2, 1, 1, 2, 0, 0, 2, 0, 1, 1, 0, 2, 0, 0, 0, 0, 1, 0, 0]|[0, 0, 1, 1, 0, 3, 3, 0, 3, 1, 1, 3, 0, 3, 3, 3, 3, 1, 3, 3]|[1, 0, 1, 0, 1, 0, 2, 0, 0, 1, 1, 2, 1, 1, 1, 0, 0, 1, 1, 2],434.275212412142;9174.958233807818;15026.880659223301,9174.958233807818,NOT_APPLICABLE,NOT_APPLICABLE,NOT_APPLICABLE,10
45,1,4500,G2_TEC,HISTORICAL,[6, 19, 12, 5, 4, 16, 3, 11, 15, 7, 2, 10, 8, 13, 9, 0, 14, 18, 17, 1]|[2, 2, 1, 1, 2, 0, 0, 2, 0, 1, 1, 0, 2, 0, 0, 0, 0, 1, 0, 0]|[0, 0, 1, 1, 0, 3, 3, 0, 3, 1, 1, 3, 0, 3, 3, 3, 3, 1, 3, 3]|[1, 0, 1, 0, 1, 0, 2, 0, 0, 1, 1, 2, 1, 1, 1, 0, 0, 1, 1, 2],434.275212412142;9174.958233807818;15026.880659223301,0,false,[6, 19, 12, 5, 4, 16, 3, 11, 15, 7, 2, 10, 8, 13, 9, 0, 14, 18, 17, 1]|[2, 2, 1, 1, 2, 0, 0, 2, 0, 1, 1, 0, 2, 0, 0, 0, 0, 1, 0, 0]|[0, 0, 1, 1, 0, 3, 3, 0, 3, 1, 1, 3, 0, 3, 3, 3, 3, 1, 3, 3]|[1, 0, 1, 0, 1, 0, 2, 0, 0, 1, 1, 2, 1, 1, 1, 0, 0, 1, 1, 2],434.275212412142;9174.958233807818;15026.880659223301,9174.958233807818,NOT_APPLICABLE,NOT_APPLICABLE,NOT_APPLICABLE,22
45,1,4500,G3_TWC,PREVIOUS,[6, 19, 12, 5, 4, 16, 3, 11, 15, 7, 2, 9, 8, 0, 17, 13, 14, 10, 18, 1]|[2, 2, 0, 1, 0, 0, 2, 2, 1, 1, 1, 0, 2, 0, 0, 0, 0, 0, 0, 0]|[0, 0, 2, 1, 3, 3, 0, 0, 0, 1, 1, 3, 0, 3, 3, 0, 3, 3, 3, 3]|[1, 0, 1, 0, 2, 0, 1, 0, 1, 1, 1, 1, 1, 2, 1, 2, 0, 2, 1, 1],409.047230276459;9712.789948995710;12805.715992083906,0,false,[6, 19, 12, 5, 4, 16, 3, 11, 15, 7, 2, 9, 8, 0, 17, 13, 14, 10, 18, 1]|[2, 2, 0, 1, 0, 0, 2, 2, 1, 1, 1, 0, 2, 0, 0, 0, 0, 0, 0, 0]|[0, 0, 2, 1, 3, 3, 0, 0, 0, 1, 1, 3, 0, 3, 3, 0, 3, 3, 3, 3]|[1, 0, 1, 0, 2, 0, 1, 0, 1, 1, 1, 1, 1, 2, 1, 2, 0, 2, 1, 1],409.047230276459;9712.789948995710;12805.715992083906,12805.715992083906,NOT_APPLICABLE,NOT_APPLICABLE,NOT_APPLICABLE,15
45,1,4500,G3_TWC,HISTORICAL,[6, 19, 12, 5, 4, 16, 3, 11, 15, 7, 2, 9, 8, 0, 17, 13, 14, 10, 18, 1]|[2, 2, 0, 1, 0, 0, 2, 2, 1, 1, 1, 0, 2, 0, 0, 0, 0, 0, 0, 0]|[0, 0, 2, 1, 3, 3, 0, 0, 0, 1, 1, 3, 0, 3, 3, 0, 3, 3, 3, 3]|[1, 0, 1, 0, 2, 0, 1, 0, 1, 1, 1, 1, 1, 2, 1, 2, 0, 2, 1, 1],409.047230276459;9712.789948995710;12805.715992083906,0,false,[6, 19, 12, 5, 4, 16, 3, 11, 15, 7, 2, 9, 8, 0, 17, 13, 14, 10, 18, 1]|[2, 2, 0, 1, 0, 0, 2, 2, 1, 1, 1, 0, 2, 0, 0, 0, 0, 0, 0, 0]|[0, 0, 2, 1, 3, 3, 0, 0, 0, 1, 1, 3, 0, 3, 3, 0, 3, 3, 3, 3]|[1, 0, 1, 0, 2, 0, 1, 0, 1, 1, 1, 1, 1, 2, 1, 2, 0, 2, 1, 1],409.047230276459;9712.789948995710;12805.715992083906,12805.715992083906,NOT_APPLICABLE,NOT_APPLICABLE,NOT_APPLICABLE,16
45,1,4500,G4_BALANCED,PREVIOUS,[6, 19, 12, 5, 4, 16, 3, 9, 10, 17, 2, 18, 13, 1, 7, 14, 8, 15, 0, 11]|[2, 1, 1, 0, 1, 0, 1, 2, 2, 0, 2, 0, 2, 1, 1, 0, 0, 0, 0, 1]|[0, 1, 1, 0, 0, 3, 0, 1, 0, 0, 0, 0, 0, 1, 1, 3, 0, 3, 3, 1]|[1, 1, 1, 0, 0, 1, 1, 1, 0, 0, 1, 1, 1, 0, 1, 2, 0, 2, 2, 1],309.350963743179;10410.844670303546;14833.137194473093,0,false,[6, 19, 12, 5, 4, 16, 3, 9, 10, 17, 2, 18, 13, 1, 7, 14, 8, 15, 0, 11]|[2, 1, 1, 0, 1, 0, 1, 2, 2, 0, 2, 0, 2, 1, 1, 0, 0, 0, 0, 1]|[0, 1, 1, 0, 0, 3, 0, 1, 0, 0, 0, 0, 0, 1, 1, 3, 0, 3, 3, 1]|[1, 1, 1, 0, 0, 1, 1, 1, 0, 0, 1, 1, 1, 0, 1, 2, 0, 2, 2, 1],309.350963743179;10410.844670303546;14833.137194473093,0.527862854607,NOT_APPLICABLE,NOT_APPLICABLE,NOT_APPLICABLE,20
45,1,4500,G4_BALANCED,HISTORICAL,[6, 19, 12, 5, 4, 16, 3, 9, 10, 17, 2, 18, 13, 1, 7, 14, 8, 15, 0, 11]|[2, 1, 1, 0, 1, 0, 1, 2, 2, 0, 2, 0, 2, 1, 1, 0, 0, 0, 0, 1]|[0, 1, 1, 0, 0, 3, 0, 1, 0, 0, 0, 0, 0, 1, 1, 3, 0, 3, 3, 1]|[1, 1, 1, 0, 0, 1, 1, 1, 0, 0, 1, 1, 1, 0, 1, 2, 0, 2, 2, 1],309.350963743179;10410.844670303546;14833.137194473093,0,false,[6, 19, 12, 5, 4, 16, 3, 9, 10, 17, 2, 18, 13, 1, 7, 14, 8, 15, 0, 11]|[2, 1, 1, 0, 1, 0, 1, 2, 2, 0, 2, 0, 2, 1, 1, 0, 0, 0, 0, 1]|[0, 1, 1, 0, 0, 3, 0, 1, 0, 0, 0, 0, 0, 1, 1, 3, 0, 3, 3, 1]|[1, 1, 1, 0, 0, 1, 1, 1, 0, 0, 1, 1, 1, 0, 1, 2, 0, 2, 2, 1],309.350963743179;10410.844670303546;14833.137194473093,0.527862854607,NOT_APPLICABLE,NOT_APPLICABLE,NOT_APPLICABLE,16
46,1,4600,G1_CMAX,PREVIOUS,[6, 19, 11, 10, 1, 13, 3, 16, 8, 17, 5, 9, 18, 4, 2, 12, 15, 0, 7, 14]|[0, 1, 2, 2, 0, 0, 2, 0, 2, 0, 2, 0, 0, 1, 1, 1, 0, 0, 0, 1]|[3, 1, 0, 0, 2, 3, 0, 0, 1, 0, 0, 3, 3, 0, 1, 1, 1, 3, 3, 0]|[0, 1, 0, 0, 2, 2, 0, 0, 1, 0, 0, 2, 2, 0, 1, 1, 1, 2, 2, 1],329.052061914985;10854.351582006899;14688.934261021280,0,false,[6, 19, 11, 10, 1, 13, 3, 16, 8, 17, 5, 9, 18, 4, 2, 12, 15, 0, 7, 14]|[0, 1, 2, 2, 0, 0, 2, 0, 2, 0, 2, 0, 0, 1, 1, 1, 0, 0, 0, 1]|[3, 1, 0, 0, 2, 3, 0, 0, 1, 0, 0, 3, 3, 0, 1, 1, 1, 3, 3, 0]|[0, 1, 0, 0, 2, 2, 0, 0, 1, 0, 0, 2, 2, 0, 1, 1, 1, 2, 2, 1],329.052061914985;10854.351582006899;14688.934261021280,329.052061914985,NOT_APPLICABLE,NOT_APPLICABLE,NOT_APPLICABLE,12
46,1,4600,G1_CMAX,HISTORICAL,[6, 19, 12, 5, 4, 16, 3, 9, 10, 17, 2, 18, 13, 14, 8, 11, 7, 1, 15, 0]|[2, 1, 1, 2, 1, 0, 1, 0, 1, 0, 2, 0, 2, 1, 0, 2, 1, 1, 0, 2]|[0, 1, 1, 1, 0, 3, 0, 3, 1, 0, 0, 0, 0, 0, 0, 1, 0, 1, 3, 0]|[1, 1, 1, 0, 0, 1, 1, 2, 1, 0, 1, 1, 1, 1, 0, 0, 1, 0, 2, 1],226.990629343372;11104.352378173600;18140.749392244250,0,false,[6, 19, 12, 5, 4, 16, 3, 9, 10, 17, 2, 18, 13, 14, 8, 11, 7, 1, 15, 0]|[2, 1, 1, 2, 1, 0, 1, 0, 1, 0, 2, 0, 2, 1, 0, 2, 1, 1, 0, 2]|[0, 1, 1, 1, 0, 3, 0, 3, 1, 0, 0, 0, 0, 0, 0, 1, 0, 1, 3, 0]|[1, 1, 1, 0, 0, 1, 1, 2, 1, 0, 1, 1, 1, 1, 0, 0, 1, 0, 2, 1],226.990629343372;11104.352378173600;18140.749392244250,226.990629343372,NOT_APPLICABLE,NOT_APPLICABLE,NOT_APPLICABLE,24
46,1,4600,G2_TEC,PREVIOUS,[6, 19, 12, 5, 4, 16, 3, 11, 15, 7, 2, 10, 8, 13, 9, 0, 14, 18, 17, 1]|[2, 2, 1, 1, 2, 0, 0, 2, 0, 1, 1, 0, 2, 0, 0, 0, 0, 1, 0, 0]|[0, 0, 1, 1, 0, 3, 3, 0, 3, 1, 1, 3, 0, 3, 3, 3, 3, 1, 3, 3]|[1, 0, 1, 0, 1, 0, 2, 0, 0, 1, 1, 2, 1, 1, 1, 0, 0, 1, 1, 2],434.275212412142;9174.958233807818;15026.880659223301,0,false,[6, 19, 12, 5, 4, 16, 3, 11, 15, 7, 2, 10, 8, 13, 9, 0, 14, 18, 17, 1]|[2, 2, 1, 1, 2, 0, 0, 2, 0, 1, 1, 0, 2, 0, 0, 0, 0, 1, 0, 0]|[0, 0, 1, 1, 0, 3, 3, 0, 3, 1, 1, 3, 0, 3, 3, 3, 3, 1, 3, 3]|[1, 0, 1, 0, 1, 0, 2, 0, 0, 1, 1, 2, 1, 1, 1, 0, 0, 1, 1, 2],434.275212412142;9174.958233807818;15026.880659223301,9174.958233807818,NOT_APPLICABLE,NOT_APPLICABLE,NOT_APPLICABLE,10
46,1,4600,G2_TEC,HISTORICAL,[6, 19, 12, 5, 4, 16, 3, 11, 15, 7, 2, 10, 8, 13, 9, 0, 14, 18, 17, 1]|[2, 2, 1, 1, 2, 0, 0, 2, 0, 1, 1, 0, 2, 0, 0, 0, 0, 1, 0, 0]|[0, 0, 1, 1, 0, 3, 3, 0, 3, 1, 1, 3, 0, 3, 3, 3, 3, 1, 3, 3]|[1, 0, 1, 0, 1, 0, 2, 0, 0, 1, 1, 2, 1, 1, 1, 0, 0, 1, 1, 2],434.275212412142;9174.958233807818;15026.880659223301,0,false,[6, 19, 12, 5, 4, 16, 3, 11, 15, 7, 2, 10, 8, 13, 9, 0, 14, 18, 17, 1]|[2, 2, 1, 1, 2, 0, 0, 2, 0, 1, 1, 0, 2, 0, 0, 0, 0, 1, 0, 0]|[0, 0, 1, 1, 0, 3, 3, 0, 3, 1, 1, 3, 0, 3, 3, 3, 3, 1, 3, 3]|[1, 0, 1, 0, 1, 0, 2, 0, 0, 1, 1, 2, 1, 1, 1, 0, 0, 1, 1, 2],434.275212412142;9174.958233807818;15026.880659223301,9174.958233807818,NOT_APPLICABLE,NOT_APPLICABLE,NOT_APPLICABLE,23
46,1,4600,G3_TWC,PREVIOUS,[6, 19, 12, 5, 4, 16, 3, 11, 15, 7, 2, 9, 8, 0, 17, 13, 14, 10, 18, 1]|[2, 2, 0, 1, 0, 0, 2, 2, 1, 1, 1, 0, 2, 0, 0, 0, 0, 0, 0, 0]|[0, 0, 2, 1, 3, 3, 0, 0, 0, 1, 1, 3, 0, 3, 3, 0, 3, 3, 3, 3]|[1, 0, 1, 0, 2, 0, 1, 0, 1, 1, 1, 1, 1, 2, 1, 2, 0, 2, 1, 1],409.047230276459;9712.789948995710;12805.715992083906,0,false,[6, 19, 12, 5, 4, 16, 3, 11, 15, 7, 2, 9, 8, 0, 17, 13, 14, 10, 18, 1]|[2, 2, 0, 1, 0, 0, 2, 2, 1, 1, 1, 0, 2, 0, 0, 0, 0, 0, 0, 0]|[0, 0, 2, 1, 3, 3, 0, 0, 0, 1, 1, 3, 0, 3, 3, 0, 3, 3, 3, 3]|[1, 0, 1, 0, 2, 0, 1, 0, 1, 1, 1, 1, 1, 2, 1, 2, 0, 2, 1, 1],409.047230276459;9712.789948995710;12805.715992083906,12805.715992083906,NOT_APPLICABLE,NOT_APPLICABLE,NOT_APPLICABLE,16
46,1,4600,G3_TWC,HISTORICAL,[6, 19, 12, 5, 4, 16, 3, 11, 15, 7, 2, 9, 8, 0, 17, 13, 14, 10, 18, 1]|[2, 2, 0, 1, 0, 0, 2, 2, 1, 1, 1, 0, 2, 0, 0, 0, 0, 0, 0, 0]|[0, 0, 2, 1, 3, 3, 0, 0, 0, 1, 1, 3, 0, 3, 3, 0, 3, 3, 3, 3]|[1, 0, 1, 0, 2, 0, 1, 0, 1, 1, 1, 1, 1, 2, 1, 2, 0, 2, 1, 1],409.047230276459;9712.789948995710;12805.715992083906,0,false,[6, 19, 12, 5, 4, 16, 3, 11, 15, 7, 2, 9, 8, 0, 17, 13, 14, 10, 18, 1]|[2, 2, 0, 1, 0, 0, 2, 2, 1, 1, 1, 0, 2, 0, 0, 0, 0, 0, 0, 0]|[0, 0, 2, 1, 3, 3, 0, 0, 0, 1, 1, 3, 0, 3, 3, 0, 3, 3, 3, 3]|[1, 0, 1, 0, 2, 0, 1, 0, 1, 1, 1, 1, 1, 2, 1, 2, 0, 2, 1, 1],409.047230276459;9712.789948995710;12805.715992083906,12805.715992083906,NOT_APPLICABLE,NOT_APPLICABLE,NOT_APPLICABLE,16
46,1,4600,G4_BALANCED,PREVIOUS,[6, 19, 12, 5, 4, 16, 3, 9, 10, 17, 2, 18, 13, 1, 7, 14, 8, 15, 0, 11]|[2, 1, 1, 0, 1, 0, 1, 2, 2, 0, 2, 0, 2, 1, 1, 0, 0, 0, 0, 1]|[0, 1, 1, 0, 0, 3, 0, 1, 0, 0, 0, 0, 0, 1, 1, 3, 0, 3, 3, 1]|[1, 1, 1, 0, 0, 1, 1, 1, 0, 0, 1, 1, 1, 0, 1, 2, 0, 2, 2, 1],309.350963743179;10410.844670303546;14833.137194473093,0,false,[6, 19, 12, 5, 4, 16, 3, 9, 10, 17, 2, 18, 13, 1, 7, 14, 8, 15, 0, 11]|[2, 1, 1, 0, 1, 0, 1, 2, 2, 0, 2, 0, 2, 1, 1, 0, 0, 0, 0, 1]|[0, 1, 1, 0, 0, 3, 0, 1, 0, 0, 0, 0, 0, 1, 1, 3, 0, 3, 3, 1]|[1, 1, 1, 0, 0, 1, 1, 1, 0, 0, 1, 1, 1, 0, 1, 2, 0, 2, 2, 1],309.350963743179;10410.844670303546;14833.137194473093,0.527862854607,NOT_APPLICABLE,NOT_APPLICABLE,NOT_APPLICABLE,20
46,1,4600,G4_BALANCED,HISTORICAL,[6, 19, 12, 5, 4, 16, 3, 9, 10, 17, 2, 18, 13, 1, 7, 14, 8, 15, 0, 11]|[2, 1, 1, 0, 1, 0, 1, 2, 2, 0, 2, 0, 2, 1, 1, 0, 0, 0, 0, 1]|[0, 1, 1, 0, 0, 3, 0, 1, 0, 0, 0, 0, 0, 1, 1, 3, 0, 3, 3, 1]|[1, 1, 1, 0, 0, 1, 1, 1, 0, 0, 1, 1, 1, 0, 1, 2, 0, 2, 2, 1],309.350963743179;10410.844670303546;14833.137194473093,0,false,[6, 19, 12, 5, 4, 16, 3, 9, 10, 17, 2, 18, 13, 1, 7, 14, 8, 15, 0, 11]|[2, 1, 1, 0, 1, 0, 1, 2, 2, 0, 2, 0, 2, 1, 1, 0, 0, 0, 0, 1]|[0, 1, 1, 0, 0, 3, 0, 1, 0, 0, 0, 0, 0, 1, 1, 3, 0, 3, 3, 1]|[1, 1, 1, 0, 0, 1, 1, 1, 0, 0, 1, 1, 1, 0, 1, 2, 0, 2, 2, 1],309.350963743179;10410.844670303546;14833.137194473093,0.527862854607,NOT_APPLICABLE,NOT_APPLICABLE,NOT_APPLICABLE,17
47,1,4700,G1_CMAX,PREVIOUS,[6, 19, 12, 5, 4, 16, 3, 9, 10, 17, 2, 18, 13, 14, 8, 11, 7, 1, 15, 0]|[2, 1, 1, 2, 1, 0, 1, 0, 1, 0, 2, 0, 2, 1, 0, 2, 1, 1, 0, 2]|[0, 1, 1, 1, 0, 3, 0, 3, 1, 0, 0, 0, 0, 0, 0, 1, 0, 1, 3, 0]|[1, 1, 1, 0, 0, 1, 1, 2, 1, 0, 1, 1, 1, 1, 0, 0, 1, 0, 2, 1],226.990629343372;11104.352378173600;18140.749392244250,1,true,[6, 19, 12, 5, 4, 16, 3, 9, 10, 17, 2, 18, 13, 1, 7, 0, 15, 8, 14, 11]|[2, 1, 1, 2, 1, 0, 1, 0, 2, 0, 2, 0, 2, 1, 1, 1, 0, 0, 1, 2]|[0, 1, 1, 0, 0, 3, 0, 3, 0, 0, 0, 0, 0, 1, 0, 1, 3, 0, 0, 1]|[1, 1, 1, 0, 0, 1, 1, 2, 0, 0, 1, 1, 1, 0, 1, 0, 2, 0, 1, 0],226.990629343372;11036.439344757204;17390.423115514757,226.990629343372,4700,4700,0,12
47,1,4700,G1_CMAX,HISTORICAL,[6, 19, 12, 5, 4, 16, 3, 9, 10, 17, 2, 18, 13, 14, 8, 11, 7, 1, 15, 0]|[2, 1, 1, 2, 1, 0, 1, 0, 1, 0, 2, 0, 2, 1, 0, 2, 1, 1, 0, 2]|[0, 1, 1, 1, 0, 3, 0, 3, 1, 0, 0, 0, 0, 0, 0, 1, 0, 1, 3, 0]|[1, 1, 1, 0, 0, 1, 1, 2, 1, 0, 1, 1, 1, 1, 0, 0, 1, 0, 2, 1],226.990629343372;11104.352378173600;18140.749392244250,1,true,[6, 19, 12, 5, 4, 16, 3, 9, 10, 17, 2, 18, 13, 1, 7, 0, 15, 8, 14, 11]|[2, 1, 1, 2, 1, 0, 1, 0, 2, 0, 2, 0, 2, 1, 1, 1, 0, 0, 1, 2]|[0, 1, 1, 0, 0, 3, 0, 3, 0, 0, 0, 0, 0, 1, 0, 1, 3, 0, 0, 1]|[1, 1, 1, 0, 0, 1, 1, 2, 0, 0, 1, 1, 1, 0, 1, 0, 2, 0, 1, 0],226.990629343372;11036.439344757204;17390.423115514757,226.990629343372,4700,4700,0,25
47,1,4700,G2_TEC,PREVIOUS,[6, 19, 12, 5, 4, 16, 3, 11, 15, 7, 2, 10, 8, 13, 9, 0, 14, 18, 17, 1]|[2, 2, 1, 1, 2, 0, 0, 2, 0, 1, 1, 0, 2, 0, 0, 0, 0, 1, 0, 0]|[0, 0, 1, 1, 0, 3, 3, 0, 3, 1, 1, 3, 0, 3, 3, 3, 3, 1, 3, 3]|[1, 0, 1, 0, 1, 0, 2, 0, 0, 1, 1, 2, 1, 1, 1, 0, 0, 1, 1, 2],434.275212412142;9174.958233807818;15026.880659223301,0,false,[6, 19, 12, 5, 4, 16, 3, 11, 15, 7, 2, 10, 8, 13, 9, 0, 14, 18, 17, 1]|[2, 2, 1, 1, 2, 0, 0, 2, 0, 1, 1, 0, 2, 0, 0, 0, 0, 1, 0, 0]|[0, 0, 1, 1, 0, 3, 3, 0, 3, 1, 1, 3, 0, 3, 3, 3, 3, 1, 3, 3]|[1, 0, 1, 0, 1, 0, 2, 0, 0, 1, 1, 2, 1, 1, 1, 0, 0, 1, 1, 2],434.275212412142;9174.958233807818;15026.880659223301,9174.958233807818,NOT_APPLICABLE,NOT_APPLICABLE,NOT_APPLICABLE,10
47,1,4700,G2_TEC,HISTORICAL,[6, 19, 12, 5, 4, 16, 3, 11, 15, 7, 2, 10, 8, 13, 9, 0, 14, 18, 17, 1]|[2, 2, 1, 1, 2, 0, 0, 2, 0, 1, 1, 0, 2, 0, 0, 0, 0, 1, 0, 0]|[0, 0, 1, 1, 0, 3, 3, 0, 3, 1, 1, 3, 0, 3, 3, 3, 3, 1, 3, 3]|[1, 0, 1, 0, 1, 0, 2, 0, 0, 1, 1, 2, 1, 1, 1, 0, 0, 1, 1, 2],434.275212412142;9174.958233807818;15026.880659223301,0,false,[6, 19, 12, 5, 4, 16, 3, 11, 15, 7, 2, 10, 8, 13, 9, 0, 14, 18, 17, 1]|[2, 2, 1, 1, 2, 0, 0, 2, 0, 1, 1, 0, 2, 0, 0, 0, 0, 1, 0, 0]|[0, 0, 1, 1, 0, 3, 3, 0, 3, 1, 1, 3, 0, 3, 3, 3, 3, 1, 3, 3]|[1, 0, 1, 0, 1, 0, 2, 0, 0, 1, 1, 2, 1, 1, 1, 0, 0, 1, 1, 2],434.275212412142;9174.958233807818;15026.880659223301,9174.958233807818,NOT_APPLICABLE,NOT_APPLICABLE,NOT_APPLICABLE,24
47,1,4700,G3_TWC,PREVIOUS,[6, 19, 12, 5, 4, 16, 3, 11, 15, 7, 2, 9, 8, 0, 17, 13, 14, 10, 18, 1]|[2, 2, 0, 1, 0, 0, 2, 2, 1, 1, 1, 0, 2, 0, 0, 0, 0, 0, 0, 0]|[0, 0, 2, 1, 3, 3, 0, 0, 0, 1, 1, 3, 0, 3, 3, 0, 3, 3, 3, 3]|[1, 0, 1, 0, 2, 0, 1, 0, 1, 1, 1, 1, 1, 2, 1, 2, 0, 2, 1, 1],409.047230276459;9712.789948995710;12805.715992083906,0,false,[6, 19, 12, 5, 4, 16, 3, 11, 15, 7, 2, 9, 8, 0, 17, 13, 14, 10, 18, 1]|[2, 2, 0, 1, 0, 0, 2, 2, 1, 1, 1, 0, 2, 0, 0, 0, 0, 0, 0, 0]|[0, 0, 2, 1, 3, 3, 0, 0, 0, 1, 1, 3, 0, 3, 3, 0, 3, 3, 3, 3]|[1, 0, 1, 0, 2, 0, 1, 0, 1, 1, 1, 1, 1, 2, 1, 2, 0, 2, 1, 1],409.047230276459;9712.789948995710;12805.715992083906,12805.715992083906,NOT_APPLICABLE,NOT_APPLICABLE,NOT_APPLICABLE,17
47,1,4700,G3_TWC,HISTORICAL,[6, 19, 12, 5, 4, 16, 3, 11, 15, 7, 2, 9, 8, 0, 17, 13, 14, 10, 18, 1]|[2, 2, 0, 1, 0, 0, 2, 2, 1, 1, 1, 0, 2, 0, 0, 0, 0, 0, 0, 0]|[0, 0, 2, 1, 3, 3, 0, 0, 0, 1, 1, 3, 0, 3, 3, 0, 3, 3, 3, 3]|[1, 0, 1, 0, 2, 0, 1, 0, 1, 1, 1, 1, 1, 2, 1, 2, 0, 2, 1, 1],409.047230276459;9712.789948995710;12805.715992083906,0,false,[6, 19, 12, 5, 4, 16, 3, 11, 15, 7, 2, 9, 8, 0, 17, 13, 14, 10, 18, 1]|[2, 2, 0, 1, 0, 0, 2, 2, 1, 1, 1, 0, 2, 0, 0, 0, 0, 0, 0, 0]|[0, 0, 2, 1, 3, 3, 0, 0, 0, 1, 1, 3, 0, 3, 3, 0, 3, 3, 3, 3]|[1, 0, 1, 0, 2, 0, 1, 0, 1, 1, 1, 1, 1, 2, 1, 2, 0, 2, 1, 1],409.047230276459;9712.789948995710;12805.715992083906,12805.715992083906,NOT_APPLICABLE,NOT_APPLICABLE,NOT_APPLICABLE,16
47,1,4700,G4_BALANCED,PREVIOUS,[6, 19, 12, 5, 4, 16, 3, 9, 10, 17, 2, 18, 13, 1, 7, 14, 8, 15, 0, 11]|[2, 1, 1, 0, 1, 0, 1, 2, 2, 0, 2, 0, 2, 1, 1, 0, 0, 0, 0, 1]|[0, 1, 1, 0, 0, 3, 0, 1, 0, 0, 0, 0, 0, 1, 1, 3, 0, 3, 3, 1]|[1, 1, 1, 0, 0, 1, 1, 1, 0, 0, 1, 1, 1, 0, 1, 2, 0, 2, 2, 1],309.350963743179;10410.844670303546;14833.137194473093,0,false,[6, 19, 12, 5, 4, 16, 3, 9, 10, 17, 2, 18, 13, 1, 7, 14, 8, 15, 0, 11]|[2, 1, 1, 0, 1, 0, 1, 2, 2, 0, 2, 0, 2, 1, 1, 0, 0, 0, 0, 1]|[0, 1, 1, 0, 0, 3, 0, 1, 0, 0, 0, 0, 0, 1, 1, 3, 0, 3, 3, 1]|[1, 1, 1, 0, 0, 1, 1, 1, 0, 0, 1, 1, 1, 0, 1, 2, 0, 2, 2, 1],309.350963743179;10410.844670303546;14833.137194473093,0.527862854607,NOT_APPLICABLE,NOT_APPLICABLE,NOT_APPLICABLE,20
47,1,4700,G4_BALANCED,HISTORICAL,[6, 19, 12, 5, 4, 16, 3, 9, 10, 17, 2, 18, 13, 1, 7, 14, 8, 15, 0, 11]|[2, 1, 1, 0, 1, 0, 1, 2, 2, 0, 2, 0, 2, 1, 1, 0, 0, 0, 0, 1]|[0, 1, 1, 0, 0, 3, 0, 1, 0, 0, 0, 0, 0, 1, 1, 3, 0, 3, 3, 1]|[1, 1, 1, 0, 0, 1, 1, 1, 0, 0, 1, 1, 1, 0, 1, 2, 0, 2, 2, 1],309.350963743179;10410.844670303546;14833.137194473093,0,false,[6, 19, 12, 5, 4, 16, 3, 9, 10, 17, 2, 18, 13, 1, 7, 14, 8, 15, 0, 11]|[2, 1, 1, 0, 1, 0, 1, 2, 2, 0, 2, 0, 2, 1, 1, 0, 0, 0, 0, 1]|[0, 1, 1, 0, 0, 3, 0, 1, 0, 0, 0, 0, 0, 1, 1, 3, 0, 3, 3, 1]|[1, 1, 1, 0, 0, 1, 1, 1, 0, 0, 1, 1, 1, 0, 1, 2, 0, 2, 2, 1],309.350963743179;10410.844670303546;14833.137194473093,0.527862854607,NOT_APPLICABLE,NOT_APPLICABLE,NOT_APPLICABLE,18
48,1,4800,G1_CMAX,PREVIOUS,[6, 19, 12, 5, 4, 16, 3, 9, 10, 17, 2, 18, 13, 1, 7, 0, 15, 8, 14, 11]|[2, 1, 1, 2, 1, 0, 1, 0, 2, 0, 2, 0, 2, 1, 1, 1, 0, 0, 1, 2]|[0, 1, 1, 0, 0, 3, 0, 3, 0, 0, 0, 0, 0, 1, 0, 1, 3, 0, 0, 1]|[1, 1, 1, 0, 0, 1, 1, 2, 0, 0, 1, 1, 1, 0, 1, 0, 2, 0, 1, 0],226.990629343372;11036.439344757204;17390.423115514757,0,false,[6, 19, 12, 5, 4, 16, 3, 9, 10, 17, 2, 18, 13, 1, 7, 0, 15, 8, 14, 11]|[2, 1, 1, 2, 1, 0, 1, 0, 2, 0, 2, 0, 2, 1, 1, 1, 0, 0, 1, 2]|[0, 1, 1, 0, 0, 3, 0, 3, 0, 0, 0, 0, 0, 1, 0, 1, 3, 0, 0, 1]|[1, 1, 1, 0, 0, 1, 1, 2, 0, 0, 1, 1, 1, 0, 1, 0, 2, 0, 1, 0],226.990629343372;11036.439344757204;17390.423115514757,226.990629343372,NOT_APPLICABLE,NOT_APPLICABLE,NOT_APPLICABLE,12
48,1,4800,G1_CMAX,HISTORICAL,[6, 19, 12, 5, 4, 16, 3, 9, 10, 17, 2, 18, 13, 1, 7, 0, 15, 8, 14, 11]|[2, 1, 1, 2, 1, 0, 1, 0, 2, 0, 2, 0, 2, 1, 1, 1, 0, 0, 1, 2]|[0, 1, 1, 0, 0, 3, 0, 3, 0, 0, 0, 0, 0, 1, 0, 1, 3, 0, 0, 1]|[1, 1, 1, 0, 0, 1, 1, 2, 0, 0, 1, 1, 1, 0, 1, 0, 2, 0, 1, 0],226.990629343372;11036.439344757204;17390.423115514757,0,false,[6, 19, 12, 5, 4, 16, 3, 9, 10, 17, 2, 18, 13, 1, 7, 0, 15, 8, 14, 11]|[2, 1, 1, 2, 1, 0, 1, 0, 2, 0, 2, 0, 2, 1, 1, 1, 0, 0, 1, 2]|[0, 1, 1, 0, 0, 3, 0, 3, 0, 0, 0, 0, 0, 1, 0, 1, 3, 0, 0, 1]|[1, 1, 1, 0, 0, 1, 1, 2, 0, 0, 1, 1, 1, 0, 1, 0, 2, 0, 1, 0],226.990629343372;11036.439344757204;17390.423115514757,226.990629343372,NOT_APPLICABLE,NOT_APPLICABLE,NOT_APPLICABLE,26
48,1,4800,G2_TEC,PREVIOUS,[6, 19, 12, 5, 4, 16, 3, 11, 15, 7, 2, 10, 8, 13, 9, 0, 14, 18, 17, 1]|[2, 2, 1, 1, 2, 0, 0, 2, 0, 1, 1, 0, 2, 0, 0, 0, 0, 1, 0, 0]|[0, 0, 1, 1, 0, 3, 3, 0, 3, 1, 1, 3, 0, 3, 3, 3, 3, 1, 3, 3]|[1, 0, 1, 0, 1, 0, 2, 0, 0, 1, 1, 2, 1, 1, 1, 0, 0, 1, 1, 2],434.275212412142;9174.958233807818;15026.880659223301,0,false,[6, 19, 12, 5, 4, 16, 3, 11, 15, 7, 2, 10, 8, 13, 9, 0, 14, 18, 17, 1]|[2, 2, 1, 1, 2, 0, 0, 2, 0, 1, 1, 0, 2, 0, 0, 0, 0, 1, 0, 0]|[0, 0, 1, 1, 0, 3, 3, 0, 3, 1, 1, 3, 0, 3, 3, 3, 3, 1, 3, 3]|[1, 0, 1, 0, 1, 0, 2, 0, 0, 1, 1, 2, 1, 1, 1, 0, 0, 1, 1, 2],434.275212412142;9174.958233807818;15026.880659223301,9174.958233807818,NOT_APPLICABLE,NOT_APPLICABLE,NOT_APPLICABLE,10
48,1,4800,G2_TEC,HISTORICAL,[6, 19, 12, 5, 4, 16, 3, 11, 15, 7, 2, 10, 8, 13, 9, 0, 14, 18, 17, 1]|[2, 2, 1, 1, 2, 0, 0, 2, 0, 1, 1, 0, 2, 0, 0, 0, 0, 1, 0, 0]|[0, 0, 1, 1, 0, 3, 3, 0, 3, 1, 1, 3, 0, 3, 3, 3, 3, 1, 3, 3]|[1, 0, 1, 0, 1, 0, 2, 0, 0, 1, 1, 2, 1, 1, 1, 0, 0, 1, 1, 2],434.275212412142;9174.958233807818;15026.880659223301,0,false,[6, 19, 12, 5, 4, 16, 3, 11, 15, 7, 2, 10, 8, 13, 9, 0, 14, 18, 17, 1]|[2, 2, 1, 1, 2, 0, 0, 2, 0, 1, 1, 0, 2, 0, 0, 0, 0, 1, 0, 0]|[0, 0, 1, 1, 0, 3, 3, 0, 3, 1, 1, 3, 0, 3, 3, 3, 3, 1, 3, 3]|[1, 0, 1, 0, 1, 0, 2, 0, 0, 1, 1, 2, 1, 1, 1, 0, 0, 1, 1, 2],434.275212412142;9174.958233807818;15026.880659223301,9174.958233807818,NOT_APPLICABLE,NOT_APPLICABLE,NOT_APPLICABLE,25
48,1,4800,G3_TWC,PREVIOUS,[6, 19, 12, 5, 4, 16, 3, 9, 10, 17, 2, 18, 13, 15, 7, 11, 0, 1, 8, 14]|[2, 1, 1, 2, 1, 0, 1, 0, 2, 0, 2, 0, 2, 0, 1, 2, 0, 1, 0, 1]|[0, 1, 1, 1, 0, 3, 0, 3, 0, 0, 0, 0, 0, 3, 0, 0, 3, 1, 0, 0]|[1, 1, 1, 0, 0, 1, 1, 2, 0, 0, 1, 1, 1, 2, 1, 1, 1, 0, 0, 1],246.457794253490;10946.751084555384;16901.925592288490,1,true,[6, 19, 12, 5, 4, 16, 3, 9, 10, 17, 2, 18, 13, 1, 7, 14, 15, 8, 0, 11]|[2, 1, 1, 2, 1, 0, 1, 2, 2, 0, 2, 0, 2, 1, 1, 0, 0, 0, 0, 1]|[0, 1, 1, 0, 0, 3, 0, 1, 0, 0, 0, 0, 0, 1, 0, 3, 3, 0, 3, 1]|[1, 1, 1, 0, 0, 1, 1, 1, 0, 0, 1, 1, 1, 0, 1, 2, 2, 0, 2, 1],245.386514290780;10503.484946969877;16519.927239805696,16519.927239805696,4800,4800,0,17
48,1,4800,G3_TWC,HISTORICAL,[6, 19, 12, 5, 4, 16, 3, 11, 15, 7, 2, 9, 8, 0, 17, 13, 14, 10, 18, 1]|[2, 2, 0, 1, 0, 0, 2, 2, 1, 1, 1, 0, 2, 0, 0, 0, 0, 0, 0, 0]|[0, 0, 2, 1, 3, 3, 0, 0, 0, 1, 1, 3, 0, 3, 3, 0, 3, 3, 3, 3]|[1, 0, 1, 0, 2, 0, 1, 0, 1, 1, 1, 1, 1, 2, 1, 2, 0, 2, 1, 1],409.047230276459;9712.789948995710;12805.715992083906,0,false,[6, 19, 12, 5, 4, 16, 3, 11, 15, 7, 2, 9, 8, 0, 17, 13, 14, 10, 18, 1]|[2, 2, 0, 1, 0, 0, 2, 2, 1, 1, 1, 0, 2, 0, 0, 0, 0, 0, 0, 0]|[0, 0, 2, 1, 3, 3, 0, 0, 0, 1, 1, 3, 0, 3, 3, 0, 3, 3, 3, 3]|[1, 0, 1, 0, 2, 0, 1, 0, 1, 1, 1, 1, 1, 2, 1, 2, 0, 2, 1, 1],409.047230276459;9712.789948995710;12805.715992083906,12805.715992083906,NOT_APPLICABLE,NOT_APPLICABLE,NOT_APPLICABLE,16
48,1,4800,G4_BALANCED,PREVIOUS,[6, 19, 12, 5, 4, 16, 3, 9, 10, 17, 2, 18, 13, 1, 7, 14, 8, 15, 0, 11]|[2, 1, 1, 0, 1, 0, 1, 2, 2, 0, 2, 0, 2, 1, 1, 0, 0, 0, 0, 1]|[0, 1, 1, 0, 0, 3, 0, 1, 0, 0, 0, 0, 0, 1, 1, 3, 0, 3, 3, 1]|[1, 1, 1, 0, 0, 1, 1, 1, 0, 0, 1, 1, 1, 0, 1, 2, 0, 2, 2, 1],309.350963743179;10410.844670303546;14833.137194473093,1,true,[6, 19, 12, 5, 4, 16, 3, 9, 10, 17, 2, 15, 13, 1, 7, 0, 8, 18, 14, 11]|[2, 1, 1, 2, 1, 0, 1, 0, 2, 0, 2, 1, 2, 1, 1, 0, 0, 0, 0, 0]|[0, 1, 1, 0, 0, 3, 0, 3, 0, 0, 0, 0, 0, 1, 1, 3, 0, 0, 3, 3]|[1, 1, 1, 0, 0, 1, 1, 2, 0, 0, 1, 1, 1, 0, 1, 2, 0, 1, 0, 2],269.541440129964;10323.593279298751;14426.693977986739,0.564111808481,4800,4800,0,20
48,1,4800,G4_BALANCED,HISTORICAL,[6, 19, 12, 5, 4, 16, 3, 9, 10, 17, 2, 18, 13, 1, 7, 14, 8, 15, 0, 11]|[2, 1, 1, 0, 1, 0, 1, 2, 2, 0, 2, 0, 2, 1, 1, 0, 0, 0, 0, 1]|[0, 1, 1, 0, 0, 3, 0, 1, 0, 0, 0, 0, 0, 1, 1, 3, 0, 3, 3, 1]|[1, 1, 1, 0, 0, 1, 1, 1, 0, 0, 1, 1, 1, 0, 1, 2, 0, 2, 2, 1],309.350963743179;10410.844670303546;14833.137194473093,1,true,[6, 19, 12, 5, 4, 16, 3, 9, 10, 17, 2, 15, 13, 1, 7, 0, 8, 18, 14, 11]|[2, 1, 1, 2, 1, 0, 1, 0, 2, 0, 2, 1, 2, 1, 1, 0, 0, 0, 0, 0]|[0, 1, 1, 0, 0, 3, 0, 3, 0, 0, 0, 0, 0, 1, 1, 3, 0, 0, 3, 3]|[1, 1, 1, 0, 0, 1, 1, 2, 0, 0, 1, 1, 1, 0, 1, 2, 0, 1, 0, 2],269.541440129964;10323.593279298751;14426.693977986739,0.564111808481,4800,4800,0,19
49,1,4900,G1_CMAX,PREVIOUS,[6, 19, 12, 5, 4, 16, 3, 9, 10, 17, 2, 18, 13, 1, 7, 0, 15, 8, 14, 11]|[2, 1, 1, 2, 1, 0, 1, 0, 2, 0, 2, 0, 2, 1, 1, 1, 0, 0, 1, 2]|[0, 1, 1, 0, 0, 3, 0, 3, 0, 0, 0, 0, 0, 1, 0, 1, 3, 0, 0, 1]|[1, 1, 1, 0, 0, 1, 1, 2, 0, 0, 1, 1, 1, 0, 1, 0, 2, 0, 1, 0],226.990629343372;11036.439344757204;17390.423115514757,0,false,[6, 19, 12, 5, 4, 16, 3, 9, 10, 17, 2, 18, 13, 1, 7, 0, 15, 8, 14, 11]|[2, 1, 1, 2, 1, 0, 1, 0, 2, 0, 2, 0, 2, 1, 1, 1, 0, 0, 1, 2]|[0, 1, 1, 0, 0, 3, 0, 3, 0, 0, 0, 0, 0, 1, 0, 1, 3, 0, 0, 1]|[1, 1, 1, 0, 0, 1, 1, 2, 0, 0, 1, 1, 1, 0, 1, 0, 2, 0, 1, 0],226.990629343372;11036.439344757204;17390.423115514757,226.990629343372,NOT_APPLICABLE,NOT_APPLICABLE,NOT_APPLICABLE,12
49,1,4900,G1_CMAX,HISTORICAL,[6, 19, 12, 5, 4, 16, 3, 9, 10, 17, 2, 18, 13, 1, 7, 0, 15, 8, 14, 11]|[2, 1, 1, 2, 1, 0, 1, 0, 2, 0, 2, 0, 2, 1, 1, 1, 0, 0, 1, 2]|[0, 1, 1, 0, 0, 3, 0, 3, 0, 0, 0, 0, 0, 1, 0, 1, 3, 0, 0, 1]|[1, 1, 1, 0, 0, 1, 1, 2, 0, 0, 1, 1, 1, 0, 1, 0, 2, 0, 1, 0],226.990629343372;11036.439344757204;17390.423115514757,0,false,[6, 19, 12, 5, 4, 16, 3, 9, 10, 17, 2, 18, 13, 1, 7, 0, 15, 8, 14, 11]|[2, 1, 1, 2, 1, 0, 1, 0, 2, 0, 2, 0, 2, 1, 1, 1, 0, 0, 1, 2]|[0, 1, 1, 0, 0, 3, 0, 3, 0, 0, 0, 0, 0, 1, 0, 1, 3, 0, 0, 1]|[1, 1, 1, 0, 0, 1, 1, 2, 0, 0, 1, 1, 1, 0, 1, 0, 2, 0, 1, 0],226.990629343372;11036.439344757204;17390.423115514757,226.990629343372,NOT_APPLICABLE,NOT_APPLICABLE,NOT_APPLICABLE,27
49,1,4900,G2_TEC,PREVIOUS,[6, 19, 12, 5, 4, 16, 3, 11, 15, 7, 2, 10, 8, 13, 9, 0, 14, 18, 17, 1]|[2, 2, 1, 1, 2, 0, 0, 2, 0, 1, 1, 0, 2, 0, 0, 0, 0, 1, 0, 0]|[0, 0, 1, 1, 0, 3, 3, 0, 3, 1, 1, 3, 0, 3, 3, 3, 3, 1, 3, 3]|[1, 0, 1, 0, 1, 0, 2, 0, 0, 1, 1, 2, 1, 1, 1, 0, 0, 1, 1, 2],434.275212412142;9174.958233807818;15026.880659223301,0,false,[6, 19, 12, 5, 4, 16, 3, 11, 15, 7, 2, 10, 8, 13, 9, 0, 14, 18, 17, 1]|[2, 2, 1, 1, 2, 0, 0, 2, 0, 1, 1, 0, 2, 0, 0, 0, 0, 1, 0, 0]|[0, 0, 1, 1, 0, 3, 3, 0, 3, 1, 1, 3, 0, 3, 3, 3, 3, 1, 3, 3]|[1, 0, 1, 0, 1, 0, 2, 0, 0, 1, 1, 2, 1, 1, 1, 0, 0, 1, 1, 2],434.275212412142;9174.958233807818;15026.880659223301,9174.958233807818,NOT_APPLICABLE,NOT_APPLICABLE,NOT_APPLICABLE,10
49,1,4900,G2_TEC,HISTORICAL,[6, 19, 12, 5, 4, 16, 3, 11, 15, 7, 2, 10, 8, 13, 9, 0, 14, 18, 17, 1]|[2, 2, 1, 1, 2, 0, 0, 2, 0, 1, 1, 0, 2, 0, 0, 0, 0, 1, 0, 0]|[0, 0, 1, 1, 0, 3, 3, 0, 3, 1, 1, 3, 0, 3, 3, 3, 3, 1, 3, 3]|[1, 0, 1, 0, 1, 0, 2, 0, 0, 1, 1, 2, 1, 1, 1, 0, 0, 1, 1, 2],434.275212412142;9174.958233807818;15026.880659223301,0,false,[6, 19, 12, 5, 4, 16, 3, 11, 15, 7, 2, 10, 8, 13, 9, 0, 14, 18, 17, 1]|[2, 2, 1, 1, 2, 0, 0, 2, 0, 1, 1, 0, 2, 0, 0, 0, 0, 1, 0, 0]|[0, 0, 1, 1, 0, 3, 3, 0, 3, 1, 1, 3, 0, 3, 3, 3, 3, 1, 3, 3]|[1, 0, 1, 0, 1, 0, 2, 0, 0, 1, 1, 2, 1, 1, 1, 0, 0, 1, 1, 2],434.275212412142;9174.958233807818;15026.880659223301,9174.958233807818,NOT_APPLICABLE,NOT_APPLICABLE,NOT_APPLICABLE,26
49,1,4900,G3_TWC,PREVIOUS,[6, 19, 12, 5, 4, 16, 3, 9, 10, 17, 2, 18, 13, 1, 7, 14, 15, 8, 0, 11]|[2, 1, 1, 2, 1, 0, 1, 2, 2, 0, 2, 0, 2, 1, 1, 0, 0, 0, 0, 1]|[0, 1, 1, 0, 0, 3, 0, 1, 0, 0, 0, 0, 0, 1, 0, 3, 3, 0, 3, 1]|[1, 1, 1, 0, 0, 1, 1, 1, 0, 0, 1, 1, 1, 0, 1, 2, 2, 0, 2, 1],245.386514290780;10503.484946969877;16519.927239805696,0,false,[6, 19, 12, 5, 4, 16, 3, 9, 10, 17, 2, 18, 13, 1, 7, 14, 15, 8, 0, 11]|[2, 1, 1, 2, 1, 0, 1, 2, 2, 0, 2, 0, 2, 1, 1, 0, 0, 0, 0, 1]|[0, 1, 1, 0, 0, 3, 0, 1, 0, 0, 0, 0, 0, 1, 0, 3, 3, 0, 3, 1]|[1, 1, 1, 0, 0, 1, 1, 1, 0, 0, 1, 1, 1, 0, 1, 2, 2, 0, 2, 1],245.386514290780;10503.484946969877;16519.927239805696,16519.927239805696,NOT_APPLICABLE,NOT_APPLICABLE,NOT_APPLICABLE,18
49,1,4900,G3_TWC,HISTORICAL,[6, 19, 12, 5, 4, 16, 3, 11, 15, 7, 2, 9, 8, 0, 17, 13, 14, 10, 18, 1]|[2, 2, 0, 1, 0, 0, 2, 2, 1, 1, 1, 0, 2, 0, 0, 0, 0, 0, 0, 0]|[0, 0, 2, 1, 3, 3, 0, 0, 0, 1, 1, 3, 0, 3, 3, 0, 3, 3, 3, 3]|[1, 0, 1, 0, 2, 0, 1, 0, 1, 1, 1, 1, 1, 2, 1, 2, 0, 2, 1, 1],409.047230276459;9712.789948995710;12805.715992083906,0,false,[6, 19, 12, 5, 4, 16, 3, 11, 15, 7, 2, 9, 8, 0, 17, 13, 14, 10, 18, 1]|[2, 2, 0, 1, 0, 0, 2, 2, 1, 1, 1, 0, 2, 0, 0, 0, 0, 0, 0, 0]|[0, 0, 2, 1, 3, 3, 0, 0, 0, 1, 1, 3, 0, 3, 3, 0, 3, 3, 3, 3]|[1, 0, 1, 0, 2, 0, 1, 0, 1, 1, 1, 1, 1, 2, 1, 2, 0, 2, 1, 1],409.047230276459;9712.789948995710;12805.715992083906,12805.715992083906,NOT_APPLICABLE,NOT_APPLICABLE,NOT_APPLICABLE,16
49,1,4900,G4_BALANCED,PREVIOUS,[6, 19, 12, 5, 4, 16, 14, 9, 10, 17, 2, 18, 13, 1, 7, 3, 11, 15, 0, 8]|[2, 1, 1, 0, 1, 0, 0, 2, 2, 0, 2, 0, 2, 1, 1, 1, 1, 0, 0, 0]|[0, 1, 1, 0, 0, 3, 3, 1, 0, 0, 0, 0, 0, 1, 0, 0, 1, 3, 3, 0]|[1, 1, 1, 0, 0, 1, 2, 1, 0, 0, 1, 1, 1, 0, 1, 1, 1, 2, 2, 0],309.350963743179;10579.204322270472;14394.207918428594,0,false,[6, 19, 12, 5, 4, 16, 14, 9, 10, 17, 2, 18, 13, 1, 7, 3, 11, 15, 0, 8]|[2, 1, 1, 0, 1, 0, 0, 2, 2, 0, 2, 0, 2, 1, 1, 1, 1, 0, 0, 0]|[0, 1, 1, 0, 0, 3, 3, 1, 0, 0, 0, 0, 0, 1, 0, 0, 1, 3, 3, 0]|[1, 1, 1, 0, 0, 1, 2, 1, 0, 0, 1, 1, 1, 0, 1, 1, 1, 2, 2, 0],309.350963743179;10579.204322270472;14394.207918428594,0.601306361195,NOT_APPLICABLE,NOT_APPLICABLE,NOT_APPLICABLE,20
49,1,4900,G4_BALANCED,HISTORICAL,[6, 19, 12, 5, 4, 16, 14, 9, 10, 17, 2, 18, 13, 1, 7, 3, 11, 15, 0, 8]|[2, 1, 1, 0, 1, 0, 0, 2, 2, 0, 2, 0, 2, 1, 1, 1, 1, 0, 0, 0]|[0, 1, 1, 0, 0, 3, 3, 1, 0, 0, 0, 0, 0, 1, 0, 0, 1, 3, 3, 0]|[1, 1, 1, 0, 0, 1, 2, 1, 0, 0, 1, 1, 1, 0, 1, 1, 1, 2, 2, 0],309.350963743179;10579.204322270472;14394.207918428594,0,false,[6, 19, 12, 5, 4, 16, 14, 9, 10, 17, 2, 18, 13, 1, 7, 3, 11, 15, 0, 8]|[2, 1, 1, 0, 1, 0, 0, 2, 2, 0, 2, 0, 2, 1, 1, 1, 1, 0, 0, 0]|[0, 1, 1, 0, 0, 3, 3, 1, 0, 0, 0, 0, 0, 1, 0, 0, 1, 3, 3, 0]|[1, 1, 1, 0, 0, 1, 2, 1, 0, 0, 1, 1, 1, 0, 1, 1, 1, 2, 2, 0],309.350963743179;10579.204322270472;14394.207918428594,0.601306361195,NOT_APPLICABLE,NOT_APPLICABLE,NOT_APPLICABLE,19
50,1,5000,G1_CMAX,PREVIOUS,[6, 19, 12, 5, 4, 16, 3, 9, 10, 17, 2, 18, 13, 1, 7, 0, 15, 8, 14, 11]|[2, 1, 1, 2, 1, 0, 1, 0, 2, 0, 2, 0, 2, 1, 1, 1, 0, 0, 1, 2]|[0, 1, 1, 0, 0, 3, 0, 3, 0, 0, 0, 0, 0, 1, 0, 1, 3, 0, 0, 1]|[1, 1, 1, 0, 0, 1, 1, 2, 0, 0, 1, 1, 1, 0, 1, 0, 2, 0, 1, 0],226.990629343372;11036.439344757204;17390.423115514757,0,false,[6, 19, 12, 5, 4, 16, 3, 9, 10, 17, 2, 18, 13, 1, 7, 0, 15, 8, 14, 11]|[2, 1, 1, 2, 1, 0, 1, 0, 2, 0, 2, 0, 2, 1, 1, 1, 0, 0, 1, 2]|[0, 1, 1, 0, 0, 3, 0, 3, 0, 0, 0, 0, 0, 1, 0, 1, 3, 0, 0, 1]|[1, 1, 1, 0, 0, 1, 1, 2, 0, 0, 1, 1, 1, 0, 1, 0, 2, 0, 1, 0],226.990629343372;11036.439344757204;17390.423115514757,226.990629343372,NOT_APPLICABLE,NOT_APPLICABLE,NOT_APPLICABLE,12
50,1,5000,G1_CMAX,HISTORICAL,[6, 19, 12, 5, 4, 16, 3, 9, 10, 17, 2, 18, 13, 1, 7, 0, 15, 8, 14, 11]|[2, 1, 1, 2, 1, 0, 1, 0, 2, 0, 2, 0, 2, 1, 1, 1, 0, 0, 1, 2]|[0, 1, 1, 0, 0, 3, 0, 3, 0, 0, 0, 0, 0, 1, 0, 1, 3, 0, 0, 1]|[1, 1, 1, 0, 0, 1, 1, 2, 0, 0, 1, 1, 1, 0, 1, 0, 2, 0, 1, 0],226.990629343372;11036.439344757204;17390.423115514757,0,false,[6, 19, 12, 5, 4, 16, 3, 9, 10, 17, 2, 18, 13, 1, 7, 0, 15, 8, 14, 11]|[2, 1, 1, 2, 1, 0, 1, 0, 2, 0, 2, 0, 2, 1, 1, 1, 0, 0, 1, 2]|[0, 1, 1, 0, 0, 3, 0, 3, 0, 0, 0, 0, 0, 1, 0, 1, 3, 0, 0, 1]|[1, 1, 1, 0, 0, 1, 1, 2, 0, 0, 1, 1, 1, 0, 1, 0, 2, 0, 1, 0],226.990629343372;11036.439344757204;17390.423115514757,226.990629343372,NOT_APPLICABLE,NOT_APPLICABLE,NOT_APPLICABLE,28
50,1,5000,G2_TEC,PREVIOUS,[6, 19, 12, 5, 4, 16, 3, 11, 15, 7, 2, 10, 8, 13, 9, 0, 14, 18, 17, 1]|[2, 2, 1, 1, 2, 0, 0, 2, 0, 1, 1, 0, 2, 0, 0, 0, 0, 1, 0, 0]|[0, 0, 1, 1, 0, 3, 3, 0, 3, 1, 1, 3, 0, 3, 3, 3, 3, 1, 3, 3]|[1, 0, 1, 0, 1, 0, 2, 0, 0, 1, 1, 2, 1, 1, 1, 0, 0, 1, 1, 2],434.275212412142;9174.958233807818;15026.880659223301,0,false,[6, 19, 12, 5, 4, 16, 3, 11, 15, 7, 2, 10, 8, 13, 9, 0, 14, 18, 17, 1]|[2, 2, 1, 1, 2, 0, 0, 2, 0, 1, 1, 0, 2, 0, 0, 0, 0, 1, 0, 0]|[0, 0, 1, 1, 0, 3, 3, 0, 3, 1, 1, 3, 0, 3, 3, 3, 3, 1, 3, 3]|[1, 0, 1, 0, 1, 0, 2, 0, 0, 1, 1, 2, 1, 1, 1, 0, 0, 1, 1, 2],434.275212412142;9174.958233807818;15026.880659223301,9174.958233807818,NOT_APPLICABLE,NOT_APPLICABLE,NOT_APPLICABLE,10
50,1,5000,G2_TEC,HISTORICAL,[6, 19, 12, 5, 4, 16, 3, 11, 15, 7, 2, 10, 8, 13, 9, 0, 14, 18, 17, 1]|[2, 2, 1, 1, 2, 0, 0, 2, 0, 1, 1, 0, 2, 0, 0, 0, 0, 1, 0, 0]|[0, 0, 1, 1, 0, 3, 3, 0, 3, 1, 1, 3, 0, 3, 3, 3, 3, 1, 3, 3]|[1, 0, 1, 0, 1, 0, 2, 0, 0, 1, 1, 2, 1, 1, 1, 0, 0, 1, 1, 2],434.275212412142;9174.958233807818;15026.880659223301,0,false,[6, 19, 12, 5, 4, 16, 3, 11, 15, 7, 2, 10, 8, 13, 9, 0, 14, 18, 17, 1]|[2, 2, 1, 1, 2, 0, 0, 2, 0, 1, 1, 0, 2, 0, 0, 0, 0, 1, 0, 0]|[0, 0, 1, 1, 0, 3, 3, 0, 3, 1, 1, 3, 0, 3, 3, 3, 3, 1, 3, 3]|[1, 0, 1, 0, 1, 0, 2, 0, 0, 1, 1, 2, 1, 1, 1, 0, 0, 1, 1, 2],434.275212412142;9174.958233807818;15026.880659223301,9174.958233807818,NOT_APPLICABLE,NOT_APPLICABLE,NOT_APPLICABLE,27
50,1,5000,G3_TWC,PREVIOUS,[6, 19, 12, 5, 4, 16, 3, 9, 10, 17, 2, 15, 13, 1, 7, 0, 8, 18, 14, 11]|[2, 1, 1, 2, 1, 0, 1, 0, 2, 0, 2, 1, 2, 1, 1, 0, 0, 0, 0, 0]|[0, 1, 1, 0, 0, 3, 0, 3, 0, 0, 0, 0, 0, 1, 1, 3, 0, 0, 3, 3]|[1, 1, 1, 0, 0, 1, 1, 2, 0, 0, 1, 1, 1, 0, 1, 2, 0, 1, 0, 2],269.541440129964;10323.593279298751;14426.693977986739,0,false,[6, 19, 12, 5, 4, 16, 3, 9, 10, 17, 2, 15, 13, 1, 7, 0, 8, 18, 14, 11]|[2, 1, 1, 2, 1, 0, 1, 0, 2, 0, 2, 1, 2, 1, 1, 0, 0, 0, 0, 0]|[0, 1, 1, 0, 0, 3, 0, 3, 0, 0, 0, 0, 0, 1, 1, 3, 0, 0, 3, 3]|[1, 1, 1, 0, 0, 1, 1, 2, 0, 0, 1, 1, 1, 0, 1, 2, 0, 1, 0, 2],269.541440129964;10323.593279298751;14426.693977986739,14426.693977986739,NOT_APPLICABLE,NOT_APPLICABLE,NOT_APPLICABLE,18
50,1,5000,G3_TWC,HISTORICAL,[6, 19, 12, 5, 4, 16, 3, 11, 15, 7, 2, 9, 8, 0, 17, 13, 14, 10, 18, 1]|[2, 2, 0, 1, 0, 0, 2, 2, 1, 1, 1, 0, 2, 0, 0, 0, 0, 0, 0, 0]|[0, 0, 2, 1, 3, 3, 0, 0, 0, 1, 1, 3, 0, 3, 3, 0, 3, 3, 3, 3]|[1, 0, 1, 0, 2, 0, 1, 0, 1, 1, 1, 1, 1, 2, 1, 2, 0, 2, 1, 1],409.047230276459;9712.789948995710;12805.715992083906,0,false,[6, 19, 12, 5, 4, 16, 3, 11, 15, 7, 2, 9, 8, 0, 17, 13, 14, 10, 18, 1]|[2, 2, 0, 1, 0, 0, 2, 2, 1, 1, 1, 0, 2, 0, 0, 0, 0, 0, 0, 0]|[0, 0, 2, 1, 3, 3, 0, 0, 0, 1, 1, 3, 0, 3, 3, 0, 3, 3, 3, 3]|[1, 0, 1, 0, 2, 0, 1, 0, 1, 1, 1, 1, 1, 2, 1, 2, 0, 2, 1, 1],409.047230276459;9712.789948995710;12805.715992083906,12805.715992083906,NOT_APPLICABLE,NOT_APPLICABLE,NOT_APPLICABLE,16
50,1,5000,G4_BALANCED,PREVIOUS,[6, 19, 12, 5, 4, 16, 3, 15, 10, 17, 2, 7, 8, 0, 18, 9, 14, 11, 13, 1]|[2, 2, 1, 0, 2, 0, 0, 2, 0, 0, 1, 0, 2, 0, 1, 0, 1, 2, 0, 0]|[0, 0, 1, 3, 0, 3, 3, 0, 3, 3, 1, 3, 0, 3, 1, 3, 0, 0, 3, 3]|[1, 0, 1, 0, 1, 0, 2, 0, 2, 1, 1, 2, 1, 0, 1, 2, 1, 0, 1, 2],421.335549916642;9410.601623298451;15586.092622470047,0,false,[6, 19, 12, 5, 4, 16, 3, 15, 10, 17, 2, 7, 8, 0, 18, 9, 14, 11, 13, 1]|[2, 2, 1, 0, 2, 0, 0, 2, 0, 0, 1, 0, 2, 0, 1, 0, 1, 2, 0, 0]|[0, 0, 1, 3, 0, 3, 3, 0, 3, 3, 1, 3, 0, 3, 1, 3, 0, 0, 3, 3]|[1, 0, 1, 0, 1, 0, 2, 0, 2, 1, 1, 2, 1, 0, 1, 2, 1, 0, 1, 2],421.335549916642;9410.601623298451;15586.092622470047,0.592235376344,NOT_APPLICABLE,NOT_APPLICABLE,NOT_APPLICABLE,20
50,1,5000,G4_BALANCED,HISTORICAL,[6, 19, 12, 5, 4, 16, 14, 9, 10, 17, 2, 18, 13, 1, 7, 3, 11, 15, 0, 8]|[2, 1, 1, 0, 1, 0, 0, 2, 2, 0, 2, 0, 2, 1, 1, 1, 1, 0, 0, 0]|[0, 1, 1, 0, 0, 3, 3, 1, 0, 0, 0, 0, 0, 1, 0, 0, 1, 3, 3, 0]|[1, 1, 1, 0, 0, 1, 2, 1, 0, 0, 1, 1, 1, 0, 1, 1, 1, 2, 2, 0],309.350963743179;10579.204322270472;14394.207918428594,0,false,[6, 19, 12, 5, 4, 16, 14, 9, 10, 17, 2, 18, 13, 1, 7, 3, 11, 15, 0, 8]|[2, 1, 1, 0, 1, 0, 0, 2, 2, 0, 2, 0, 2, 1, 1, 1, 1, 0, 0, 0]|[0, 1, 1, 0, 0, 3, 3, 1, 0, 0, 0, 0, 0, 1, 0, 0, 1, 3, 3, 0]|[1, 1, 1, 0, 0, 1, 2, 1, 0, 0, 1, 1, 1, 0, 1, 1, 1, 2, 2, 0],309.350963743179;10579.204322270472;14394.207918428594,0.689646205402,NOT_APPLICABLE,NOT_APPLICABLE,NOT_APPLICABLE,19
51,2,28855,G1_CMAX,PREVIOUS,[6, 19, 12, 5, 4, 16, 3, 9, 10, 17, 2, 18, 13, 1, 7, 0, 15, 8, 14, 11]|[2, 1, 1, 2, 1, 0, 1, 0, 2, 0, 2, 0, 2, 1, 1, 1, 0, 0, 1, 2]|[0, 1, 1, 0, 0, 3, 0, 3, 0, 0, 0, 0, 0, 1, 0, 1, 3, 0, 0, 1]|[1, 1, 1, 0, 0, 1, 1, 2, 0, 0, 1, 1, 1, 0, 1, 0, 2, 0, 1, 0],226.990629343372;11036.439344757204;17390.423115514757,2,true,[19, 5, 4, 16, 3, 9, 10, 17, 2, 6, 13, 1, 0, 12, 7, 8, 15, 14, 18, 11]|[1, 2, 1, 0, 1, 0, 2, 0, 2, 2, 2, 1, 1, 1, 1, 0, 1, 0, 0, 2]|[0, 1, 1, 3, 0, 3, 0, 0, 0, 0, 0, 1, 0, 1, 1, 0, 0, 3, 0, 1]|[1, 1, 0, 2, 1, 1, 0, 0, 1, 1, 1, 0, 1, 1, 1, 0, 0, 0, 1, 0],205.178521975543;10962.783729077695;15862.374381374957,205.178521975543,28855,28855,0,12
51,2,28855,G1_CMAX,HISTORICAL,[6, 19, 12, 5, 4, 16, 3, 9, 10, 17, 2, 18, 13, 1, 7, 0, 15, 8, 14, 11]|[2, 1, 1, 2, 1, 0, 1, 0, 2, 0, 2, 0, 2, 1, 1, 1, 0, 0, 1, 2]|[0, 1, 1, 0, 0, 3, 0, 3, 0, 0, 0, 0, 0, 1, 0, 1, 3, 0, 0, 1]|[1, 1, 1, 0, 0, 1, 1, 2, 0, 0, 1, 1, 1, 0, 1, 0, 2, 0, 1, 0],226.990629343372;11036.439344757204;17390.423115514757,2,true,[19, 5, 4, 16, 3, 9, 10, 17, 2, 6, 13, 1, 0, 12, 7, 8, 15, 14, 18, 11]|[1, 2, 1, 0, 1, 0, 2, 0, 2, 2, 2, 1, 1, 1, 1, 0, 1, 0, 0, 2]|[0, 1, 1, 3, 0, 3, 0, 0, 0, 0, 0, 1, 0, 1, 1, 0, 0, 3, 0, 1]|[1, 1, 0, 2, 1, 1, 0, 0, 1, 1, 1, 0, 1, 1, 1, 0, 0, 0, 1, 0],205.178521975543;10962.783729077695;15862.374381374957,205.178521975543,28855,28855,0,29
51,2,28855,G2_TEC,PREVIOUS,[6, 19, 12, 5, 4, 16, 3, 11, 15, 7, 2, 10, 8, 13, 9, 0, 14, 18, 17, 1]|[2, 2, 1, 1, 2, 0, 0, 2, 0, 1, 1, 0, 2, 0, 0, 0, 0, 1, 0, 0]|[0, 0, 1, 1, 0, 3, 3, 0, 3, 1, 1, 3, 0, 3, 3, 3, 3, 1, 3, 3]|[1, 0, 1, 0, 1, 0, 2, 0, 0, 1, 1, 2, 1, 1, 1, 0, 0, 1, 1, 2],434.275212412142;9174.958233807818;15026.880659223301,0,false,[6, 19, 12, 5, 4, 16, 3, 11, 15, 7, 2, 10, 8, 13, 9, 0, 14, 18, 17, 1]|[2, 2, 1, 1, 2, 0, 0, 2, 0, 1, 1, 0, 2, 0, 0, 0, 0, 1, 0, 0]|[0, 0, 1, 1, 0, 3, 3, 0, 3, 1, 1, 3, 0, 3, 3, 3, 3, 1, 3, 3]|[1, 0, 1, 0, 1, 0, 2, 0, 0, 1, 1, 2, 1, 1, 1, 0, 0, 1, 1, 2],434.275212412142;9174.958233807818;15026.880659223301,9174.958233807818,NOT_APPLICABLE,NOT_APPLICABLE,NOT_APPLICABLE,10
51,2,28855,G2_TEC,HISTORICAL,[6, 19, 12, 5, 4, 16, 3, 11, 15, 7, 2, 10, 8, 13, 9, 0, 14, 18, 17, 1]|[2, 2, 1, 1, 2, 0, 0, 2, 0, 1, 1, 0, 2, 0, 0, 0, 0, 1, 0, 0]|[0, 0, 1, 1, 0, 3, 3, 0, 3, 1, 1, 3, 0, 3, 3, 3, 3, 1, 3, 3]|[1, 0, 1, 0, 1, 0, 2, 0, 0, 1, 1, 2, 1, 1, 1, 0, 0, 1, 1, 2],434.275212412142;9174.958233807818;15026.880659223301,0,false,[6, 19, 12, 5, 4, 16, 3, 11, 15, 7, 2, 10, 8, 13, 9, 0, 14, 18, 17, 1]|[2, 2, 1, 1, 2, 0, 0, 2, 0, 1, 1, 0, 2, 0, 0, 0, 0, 1, 0, 0]|[0, 0, 1, 1, 0, 3, 3, 0, 3, 1, 1, 3, 0, 3, 3, 3, 3, 1, 3, 3]|[1, 0, 1, 0, 1, 0, 2, 0, 0, 1, 1, 2, 1, 1, 1, 0, 0, 1, 1, 2],434.275212412142;9174.958233807818;15026.880659223301,9174.958233807818,NOT_APPLICABLE,NOT_APPLICABLE,NOT_APPLICABLE,28
51,2,28855,G3_TWC,PREVIOUS,[6, 19, 12, 5, 1, 16, 4, 11, 15, 7, 2, 18, 9, 0, 3, 14, 17, 13, 8, 10]|[2, 1, 0, 0, 0, 0, 0, 2, 0, 0, 1, 1, 0, 0, 0, 0, 0, 0, 2, 1]|[0, 1, 2, 3, 3, 3, 3, 0, 3, 3, 1, 1, 3, 3, 3, 3, 3, 0, 0, 0]|[1, 1, 1, 0, 2, 0, 2, 0, 0, 2, 1, 1, 1, 0, 2, 0, 1, 2, 1, 1],498.507362641101;9431.468664913010;13458.345829584950,0,false,[6, 19, 12, 5, 1, 16, 4, 11, 15, 7, 2, 18, 9, 0, 3, 14, 17, 13, 8, 10]|[2, 1, 0, 0, 0, 0, 0, 2, 0, 0, 1, 1, 0, 0, 0, 0, 0, 0, 2, 1]|[0, 1, 2, 3, 3, 3, 3, 0, 3, 3, 1, 1, 3, 3, 3, 3, 3, 0, 0, 0]|[1, 1, 1, 0, 2, 0, 2, 0, 0, 2, 1, 1, 1, 0, 2, 0, 1, 2, 1, 1],498.507362641101;9431.468664913010;13458.345829584950,13458.345829584950,NOT_APPLICABLE,NOT_APPLICABLE,NOT_APPLICABLE,18
51,2,28855,G3_TWC,HISTORICAL,[6, 19, 12, 5, 4, 16, 3, 11, 15, 7, 2, 9, 8, 0, 17, 13, 14, 10, 18, 1]|[2, 2, 0, 1, 0, 0, 2, 2, 1, 1, 1, 0, 2, 0, 0, 0, 0, 0, 0, 0]|[0, 0, 2, 1, 3, 3, 0, 0, 0, 1, 1, 3, 0, 3, 3, 0, 3, 3, 3, 3]|[1, 0, 1, 0, 2, 0, 1, 0, 1, 1, 1, 1, 1, 2, 1, 2, 0, 2, 1, 1],409.047230276459;9712.789948995710;12805.715992083906,0,false,[6, 19, 12, 5, 4, 16, 3, 11, 15, 7, 2, 9, 8, 0, 17, 13, 14, 10, 18, 1]|[2, 2, 0, 1, 0, 0, 2, 2, 1, 1, 1, 0, 2, 0, 0, 0, 0, 0, 0, 0]|[0, 0, 2, 1, 3, 3, 0, 0, 0, 1, 1, 3, 0, 3, 3, 0, 3, 3, 3, 3]|[1, 0, 1, 0, 2, 0, 1, 0, 1, 1, 1, 1, 1, 2, 1, 2, 0, 2, 1, 1],409.047230276459;9712.789948995710;12805.715992083906,12805.715992083906,NOT_APPLICABLE,NOT_APPLICABLE,NOT_APPLICABLE,16
51,2,28855,G4_BALANCED,PREVIOUS,[6, 19, 12, 5, 4, 16, 3, 9, 10, 17, 2, 11, 18, 1, 7, 0, 8, 15, 14, 13]|[2, 1, 1, 2, 1, 2, 1, 0, 2, 0, 2, 0, 0, 0, 1, 0, 0, 0, 0, 2]|[0, 1, 1, 1, 0, 0, 0, 3, 1, 0, 0, 3, 0, 2, 1, 3, 0, 1, 3, 1]|[1, 1, 1, 0, 0, 1, 1, 2, 1, 0, 1, 2, 1, 2, 1, 2, 0, 1, 2, 0],248.705538262197;11211.141536873092;16004.295035822335,1,true,[19, 5, 4, 16, 3, 9, 10, 17, 2, 6, 13, 1, 0, 12, 7, 8, 15, 14, 18, 11]|[1, 2, 1, 0, 1, 0, 2, 0, 2, 2, 2, 1, 1, 1, 1, 0, 1, 0, 0, 2]|[0, 1, 1, 3, 0, 3, 0, 0, 0, 0, 0, 1, 0, 1, 1, 0, 0, 3, 0, 1]|[1, 1, 0, 2, 1, 1, 0, 0, 1, 1, 1, 0, 1, 1, 1, 0, 0, 0, 1, 0],205.178521975543;10962.783729077695;15862.374381374957,0.898823232216,28855,28855,0,20
51,2,28855,G4_BALANCED,HISTORICAL,[6, 19, 12, 5, 4, 16, 14, 9, 10, 17, 2, 18, 13, 1, 7, 3, 11, 15, 0, 8]|[2, 1, 1, 0, 1, 0, 0, 2, 2, 0, 2, 0, 2, 1, 1, 1, 1, 0, 0, 0]|[0, 1, 1, 0, 0, 3, 3, 1, 0, 0, 0, 0, 0, 1, 0, 0, 1, 3, 3, 0]|[1, 1, 1, 0, 0, 1, 2, 1, 0, 0, 1, 1, 1, 0, 1, 1, 1, 2, 2, 0],309.350963743179;10579.204322270472;14394.207918428594,0,false,[6, 19, 12, 5, 4, 16, 14, 9, 10, 17, 2, 18, 13, 1, 7, 3, 11, 15, 0, 8]|[2, 1, 1, 0, 1, 0, 0, 2, 2, 0, 2, 0, 2, 1, 1, 1, 1, 0, 0, 0]|[0, 1, 1, 0, 0, 3, 3, 1, 0, 0, 0, 0, 0, 1, 0, 0, 1, 3, 3, 0]|[1, 1, 1, 0, 0, 1, 2, 1, 0, 0, 1, 1, 1, 0, 1, 1, 1, 2, 2, 0],309.350963743179;10579.204322270472;14394.207918428594,0.750643002582,NOT_APPLICABLE,NOT_APPLICABLE,NOT_APPLICABLE,19
52,2,28955,G1_CMAX,PREVIOUS,[19, 5, 4, 16, 3, 9, 10, 17, 2, 6, 13, 1, 0, 12, 7, 8, 15, 14, 18, 11]|[1, 2, 1, 0, 1, 0, 2, 0, 2, 2, 2, 1, 1, 1, 1, 0, 1, 0, 0, 2]|[0, 1, 1, 3, 0, 3, 0, 0, 0, 0, 0, 1, 0, 1, 1, 0, 0, 3, 0, 1]|[1, 1, 0, 2, 1, 1, 0, 0, 1, 1, 1, 0, 1, 1, 1, 0, 0, 0, 1, 0],205.178521975543;10962.783729077695;15862.374381374957,0,false,[19, 5, 4, 16, 3, 9, 10, 17, 2, 6, 13, 1, 0, 12, 7, 8, 15, 14, 18, 11]|[1, 2, 1, 0, 1, 0, 2, 0, 2, 2, 2, 1, 1, 1, 1, 0, 1, 0, 0, 2]|[0, 1, 1, 3, 0, 3, 0, 0, 0, 0, 0, 1, 0, 1, 1, 0, 0, 3, 0, 1]|[1, 1, 0, 2, 1, 1, 0, 0, 1, 1, 1, 0, 1, 1, 1, 0, 0, 0, 1, 0],205.178521975543;10962.783729077695;15862.374381374957,205.178521975543,NOT_APPLICABLE,NOT_APPLICABLE,NOT_APPLICABLE,12
52,2,28955,G1_CMAX,HISTORICAL,[19, 5, 4, 16, 3, 9, 10, 17, 2, 6, 13, 1, 0, 12, 7, 8, 15, 14, 18, 11]|[1, 2, 1, 0, 1, 0, 2, 0, 2, 2, 2, 1, 1, 1, 1, 0, 1, 0, 0, 2]|[0, 1, 1, 3, 0, 3, 0, 0, 0, 0, 0, 1, 0, 1, 1, 0, 0, 3, 0, 1]|[1, 1, 0, 2, 1, 1, 0, 0, 1, 1, 1, 0, 1, 1, 1, 0, 0, 0, 1, 0],205.178521975543;10962.783729077695;15862.374381374957,0,false,[19, 5, 4, 16, 3, 9, 10, 17, 2, 6, 13, 1, 0, 12, 7, 8, 15, 14, 18, 11]|[1, 2, 1, 0, 1, 0, 2, 0, 2, 2, 2, 1, 1, 1, 1, 0, 1, 0, 0, 2]|[0, 1, 1, 3, 0, 3, 0, 0, 0, 0, 0, 1, 0, 1, 1, 0, 0, 3, 0, 1]|[1, 1, 0, 2, 1, 1, 0, 0, 1, 1, 1, 0, 1, 1, 1, 0, 0, 0, 1, 0],205.178521975543;10962.783729077695;15862.374381374957,205.178521975543,NOT_APPLICABLE,NOT_APPLICABLE,NOT_APPLICABLE,30
52,2,28955,G2_TEC,PREVIOUS,[6, 19, 12, 5, 4, 16, 3, 11, 15, 7, 2, 10, 8, 13, 9, 0, 14, 18, 17, 1]|[2, 2, 1, 1, 2, 0, 0, 2, 0, 1, 1, 0, 2, 0, 0, 0, 0, 1, 0, 0]|[0, 0, 1, 1, 0, 3, 3, 0, 3, 1, 1, 3, 0, 3, 3, 3, 3, 1, 3, 3]|[1, 0, 1, 0, 1, 0, 2, 0, 0, 1, 1, 2, 1, 1, 1, 0, 0, 1, 1, 2],434.275212412142;9174.958233807818;15026.880659223301,0,false,[6, 19, 12, 5, 4, 16, 3, 11, 15, 7, 2, 10, 8, 13, 9, 0, 14, 18, 17, 1]|[2, 2, 1, 1, 2, 0, 0, 2, 0, 1, 1, 0, 2, 0, 0, 0, 0, 1, 0, 0]|[0, 0, 1, 1, 0, 3, 3, 0, 3, 1, 1, 3, 0, 3, 3, 3, 3, 1, 3, 3]|[1, 0, 1, 0, 1, 0, 2, 0, 0, 1, 1, 2, 1, 1, 1, 0, 0, 1, 1, 2],434.275212412142;9174.958233807818;15026.880659223301,9174.958233807818,NOT_APPLICABLE,NOT_APPLICABLE,NOT_APPLICABLE,10
52,2,28955,G2_TEC,HISTORICAL,[6, 19, 12, 5, 4, 16, 3, 11, 15, 7, 2, 10, 8, 13, 9, 0, 14, 18, 17, 1]|[2, 2, 1, 1, 2, 0, 0, 2, 0, 1, 1, 0, 2, 0, 0, 0, 0, 1, 0, 0]|[0, 0, 1, 1, 0, 3, 3, 0, 3, 1, 1, 3, 0, 3, 3, 3, 3, 1, 3, 3]|[1, 0, 1, 0, 1, 0, 2, 0, 0, 1, 1, 2, 1, 1, 1, 0, 0, 1, 1, 2],434.275212412142;9174.958233807818;15026.880659223301,0,false,[6, 19, 12, 5, 4, 16, 3, 11, 15, 7, 2, 10, 8, 13, 9, 0, 14, 18, 17, 1]|[2, 2, 1, 1, 2, 0, 0, 2, 0, 1, 1, 0, 2, 0, 0, 0, 0, 1, 0, 0]|[0, 0, 1, 1, 0, 3, 3, 0, 3, 1, 1, 3, 0, 3, 3, 3, 3, 1, 3, 3]|[1, 0, 1, 0, 1, 0, 2, 0, 0, 1, 1, 2, 1, 1, 1, 0, 0, 1, 1, 2],434.275212412142;9174.958233807818;15026.880659223301,9174.958233807818,NOT_APPLICABLE,NOT_APPLICABLE,NOT_APPLICABLE,29
52,2,28955,G3_TWC,PREVIOUS,[6, 19, 12, 5, 4, 16, 14, 9, 10, 17, 2, 18, 13, 1, 7, 3, 11, 15, 0, 8]|[2, 1, 1, 0, 1, 0, 0, 2, 2, 0, 2, 0, 2, 1, 1, 1, 1, 0, 0, 0]|[0, 1, 1, 0, 0, 3, 3, 1, 0, 0, 0, 0, 0, 1, 0, 0, 1, 3, 3, 0]|[1, 1, 1, 0, 0, 1, 2, 1, 0, 0, 1, 1, 1, 0, 1, 1, 1, 2, 2, 0],309.350963743179;10579.204322270472;14394.207918428594,0,false,[6, 19, 12, 5, 4, 16, 14, 9, 10, 17, 2, 18, 13, 1, 7, 3, 11, 15, 0, 8]|[2, 1, 1, 0, 1, 0, 0, 2, 2, 0, 2, 0, 2, 1, 1, 1, 1, 0, 0, 0]|[0, 1, 1, 0, 0, 3, 3, 1, 0, 0, 0, 0, 0, 1, 0, 0, 1, 3, 3, 0]|[1, 1, 1, 0, 0, 1, 2, 1, 0, 0, 1, 1, 1, 0, 1, 1, 1, 2, 2, 0],309.350963743179;10579.204322270472;14394.207918428594,14394.207918428594,NOT_APPLICABLE,NOT_APPLICABLE,NOT_APPLICABLE,18
52,2,28955,G3_TWC,HISTORICAL,[6, 19, 12, 5, 4, 16, 3, 11, 15, 7, 2, 9, 8, 0, 17, 13, 14, 10, 18, 1]|[2, 2, 0, 1, 0, 0, 2, 2, 1, 1, 1, 0, 2, 0, 0, 0, 0, 0, 0, 0]|[0, 0, 2, 1, 3, 3, 0, 0, 0, 1, 1, 3, 0, 3, 3, 0, 3, 3, 3, 3]|[1, 0, 1, 0, 2, 0, 1, 0, 1, 1, 1, 1, 1, 2, 1, 2, 0, 2, 1, 1],409.047230276459;9712.789948995710;12805.715992083906,0,false,[6, 19, 12, 5, 4, 16, 3, 11, 15, 7, 2, 9, 8, 0, 17, 13, 14, 10, 18, 1]|[2, 2, 0, 1, 0, 0, 2, 2, 1, 1, 1, 0, 2, 0, 0, 0, 0, 0, 0, 0]|[0, 0, 2, 1, 3, 3, 0, 0, 0, 1, 1, 3, 0, 3, 3, 0, 3, 3, 3, 3]|[1, 0, 1, 0, 2, 0, 1, 0, 1, 1, 1, 1, 1, 2, 1, 2, 0, 2, 1, 1],409.047230276459;9712.789948995710;12805.715992083906,12805.715992083906,NOT_APPLICABLE,NOT_APPLICABLE,NOT_APPLICABLE,16
52,2,28955,G4_BALANCED,PREVIOUS,[6, 19, 12, 5, 4, 16, 14, 9, 10, 17, 2, 18, 13, 1, 7, 3, 11, 15, 0, 8]|[2, 1, 1, 0, 1, 0, 0, 2, 2, 0, 2, 0, 2, 1, 1, 1, 1, 0, 0, 0]|[0, 1, 1, 0, 0, 3, 3, 1, 0, 0, 0, 0, 0, 1, 0, 0, 1, 3, 3, 0]|[1, 1, 1, 0, 0, 1, 2, 1, 0, 0, 1, 1, 1, 0, 1, 1, 1, 2, 2, 0],309.350963743179;10579.204322270472;14394.207918428594,0,false,[6, 19, 12, 5, 4, 16, 14, 9, 10, 17, 2, 18, 13, 1, 7, 3, 11, 15, 0, 8]|[2, 1, 1, 0, 1, 0, 0, 2, 2, 0, 2, 0, 2, 1, 1, 1, 1, 0, 0, 0]|[0, 1, 1, 0, 0, 3, 3, 1, 0, 0, 0, 0, 0, 1, 0, 0, 1, 3, 3, 0]|[1, 1, 1, 0, 0, 1, 2, 1, 0, 0, 1, 1, 1, 0, 1, 1, 1, 2, 2, 0],309.350963743179;10579.204322270472;14394.207918428594,0.801907461985,NOT_APPLICABLE,NOT_APPLICABLE,NOT_APPLICABLE,20
52,2,28955,G4_BALANCED,HISTORICAL,[6, 19, 12, 5, 4, 16, 14, 9, 10, 17, 2, 18, 13, 1, 7, 3, 11, 15, 0, 8]|[2, 1, 1, 0, 1, 0, 0, 2, 2, 0, 2, 0, 2, 1, 1, 1, 1, 0, 0, 0]|[0, 1, 1, 0, 0, 3, 3, 1, 0, 0, 0, 0, 0, 1, 0, 0, 1, 3, 3, 0]|[1, 1, 1, 0, 0, 1, 2, 1, 0, 0, 1, 1, 1, 0, 1, 1, 1, 2, 2, 0],309.350963743179;10579.204322270472;14394.207918428594,0,false,[6, 19, 12, 5, 4, 16, 14, 9, 10, 17, 2, 18, 13, 1, 7, 3, 11, 15, 0, 8]|[2, 1, 1, 0, 1, 0, 0, 2, 2, 0, 2, 0, 2, 1, 1, 1, 1, 0, 0, 0]|[0, 1, 1, 0, 0, 3, 3, 1, 0, 0, 0, 0, 0, 1, 0, 0, 1, 3, 3, 0]|[1, 1, 1, 0, 0, 1, 2, 1, 0, 0, 1, 1, 1, 0, 1, 1, 1, 2, 2, 0],309.350963743179;10579.204322270472;14394.207918428594,0.801907461985,NOT_APPLICABLE,NOT_APPLICABLE,NOT_APPLICABLE,20
53,2,29055,G1_CMAX,PREVIOUS,[19, 5, 4, 16, 3, 9, 10, 17, 2, 6, 13, 1, 0, 12, 7, 8, 15, 14, 18, 11]|[1, 2, 1, 0, 1, 0, 2, 0, 2, 2, 2, 1, 1, 1, 1, 0, 1, 0, 0, 2]|[0, 1, 1, 3, 0, 3, 0, 0, 0, 0, 0, 1, 0, 1, 1, 0, 0, 3, 0, 1]|[1, 1, 0, 2, 1, 1, 0, 0, 1, 1, 1, 0, 1, 1, 1, 0, 0, 0, 1, 0],205.178521975543;10962.783729077695;15862.374381374957,0,false,[19, 5, 4, 16, 3, 9, 10, 17, 2, 6, 13, 1, 0, 12, 7, 8, 15, 14, 18, 11]|[1, 2, 1, 0, 1, 0, 2, 0, 2, 2, 2, 1, 1, 1, 1, 0, 1, 0, 0, 2]|[0, 1, 1, 3, 0, 3, 0, 0, 0, 0, 0, 1, 0, 1, 1, 0, 0, 3, 0, 1]|[1, 1, 0, 2, 1, 1, 0, 0, 1, 1, 1, 0, 1, 1, 1, 0, 0, 0, 1, 0],205.178521975543;10962.783729077695;15862.374381374957,205.178521975543,NOT_APPLICABLE,NOT_APPLICABLE,NOT_APPLICABLE,13
53,2,29055,G1_CMAX,HISTORICAL,[19, 5, 4, 16, 3, 9, 10, 17, 2, 6, 13, 1, 0, 12, 7, 8, 15, 14, 18, 11]|[1, 2, 1, 0, 1, 0, 2, 0, 2, 2, 2, 1, 1, 1, 1, 0, 1, 0, 0, 2]|[0, 1, 1, 3, 0, 3, 0, 0, 0, 0, 0, 1, 0, 1, 1, 0, 0, 3, 0, 1]|[1, 1, 0, 2, 1, 1, 0, 0, 1, 1, 1, 0, 1, 1, 1, 0, 0, 0, 1, 0],205.178521975543;10962.783729077695;15862.374381374957,0,false,[19, 5, 4, 16, 3, 9, 10, 17, 2, 6, 13, 1, 0, 12, 7, 8, 15, 14, 18, 11]|[1, 2, 1, 0, 1, 0, 2, 0, 2, 2, 2, 1, 1, 1, 1, 0, 1, 0, 0, 2]|[0, 1, 1, 3, 0, 3, 0, 0, 0, 0, 0, 1, 0, 1, 1, 0, 0, 3, 0, 1]|[1, 1, 0, 2, 1, 1, 0, 0, 1, 1, 1, 0, 1, 1, 1, 0, 0, 0, 1, 0],205.178521975543;10962.783729077695;15862.374381374957,205.178521975543,NOT_APPLICABLE,NOT_APPLICABLE,NOT_APPLICABLE,30
53,2,29055,G2_TEC,PREVIOUS,[6, 19, 12, 5, 4, 16, 3, 11, 15, 7, 2, 10, 8, 13, 9, 0, 14, 18, 17, 1]|[2, 2, 1, 1, 2, 0, 0, 2, 0, 1, 1, 0, 2, 0, 0, 0, 0, 1, 0, 0]|[0, 0, 1, 1, 0, 3, 3, 0, 3, 1, 1, 3, 0, 3, 3, 3, 3, 1, 3, 3]|[1, 0, 1, 0, 1, 0, 2, 0, 0, 1, 1, 2, 1, 1, 1, 0, 0, 1, 1, 2],434.275212412142;9174.958233807818;15026.880659223301,1,true,[6, 19, 12, 5, 4, 16, 3, 11, 15, 7, 2, 10, 8, 13, 14, 9, 17, 18, 1, 0]|[2, 2, 1, 1, 2, 0, 0, 2, 0, 1, 1, 0, 2, 0, 0, 0, 0, 1, 0, 0]|[0, 0, 1, 1, 0, 3, 3, 0, 3, 1, 1, 3, 0, 3, 3, 3, 3, 1, 3, 3]|[1, 0, 1, 0, 1, 0, 2, 0, 0, 1, 1, 2, 1, 1, 0, 1, 1, 1, 2, 0],418.037039260283;9139.393045995632;14778.061108897817,9139.393045995632,29055,29055,0,10
53,2,29055,G2_TEC,HISTORICAL,[6, 19, 12, 5, 4, 16, 3, 11, 15, 7, 2, 10, 8, 13, 9, 0, 14, 18, 17, 1]|[2, 2, 1, 1, 2, 0, 0, 2, 0, 1, 1, 0, 2, 0, 0, 0, 0, 1, 0, 0]|[0, 0, 1, 1, 0, 3, 3, 0, 3, 1, 1, 3, 0, 3, 3, 3, 3, 1, 3, 3]|[1, 0, 1, 0, 1, 0, 2, 0, 0, 1, 1, 2, 1, 1, 1, 0, 0, 1, 1, 2],434.275212412142;9174.958233807818;15026.880659223301,1,true,[6, 19, 12, 5, 4, 16, 3, 11, 15, 7, 2, 10, 8, 13, 14, 9, 17, 18, 1, 0]|[2, 2, 1, 1, 2, 0, 0, 2, 0, 1, 1, 0, 2, 0, 0, 0, 0, 1, 0, 0]|[0, 0, 1, 1, 0, 3, 3, 0, 3, 1, 1, 3, 0, 3, 3, 3, 3, 1, 3, 3]|[1, 0, 1, 0, 1, 0, 2, 0, 0, 1, 1, 2, 1, 1, 0, 1, 1, 1, 2, 0],418.037039260283;9139.393045995632;14778.061108897817,9139.393045995632,29055,29055,0,30
53,2,29055,G3_TWC,PREVIOUS,[6, 16, 17, 5, 4, 19, 3, 7, 10, 12, 2, 18, 13, 1, 9, 14, 8, 11, 15, 0]|[2, 1, 1, 0, 1, 0, 1, 0, 2, 0, 2, 0, 2, 1, 0, 1, 0, 2, 0, 0]|[0, 1, 1, 0, 0, 3, 0, 3, 0, 0, 0, 0, 0, 1, 3, 0, 0, 1, 0, 3]|[1, 1, 1, 0, 0, 1, 1, 2, 0, 0, 1, 1, 1, 0, 2, 1, 0, 0, 0, 2],331.059145487379;10921.479461707358;14301.375761316696,0,false,[6, 16, 17, 5, 4, 19, 3, 7, 10, 12, 2, 18, 13, 1, 9, 14, 8, 11, 15, 0]|[2, 1, 1, 0, 1, 0, 1, 0, 2, 0, 2, 0, 2, 1, 0, 1, 0, 2, 0, 0]|[0, 1, 1, 0, 0, 3, 0, 3, 0, 0, 0, 0, 0, 1, 3, 0, 0, 1, 0, 3]|[1, 1, 1, 0, 0, 1, 1, 2, 0, 0, 1, 1, 1, 0, 2, 1, 0, 0, 0, 2],331.059145487379;10921.479461707358;14301.375761316696,14301.375761316696,NOT_APPLICABLE,NOT_APPLICABLE,NOT_APPLICABLE,18
53,2,29055,G3_TWC,HISTORICAL,[6, 19, 12, 5, 4, 16, 3, 11, 15, 7, 2, 9, 8, 0, 17, 13, 14, 10, 18, 1]|[2, 2, 0, 1, 0, 0, 2, 2, 1, 1, 1, 0, 2, 0, 0, 0, 0, 0, 0, 0]|[0, 0, 2, 1, 3, 3, 0, 0, 0, 1, 1, 3, 0, 3, 3, 0, 3, 3, 3, 3]|[1, 0, 1, 0, 2, 0, 1, 0, 1, 1, 1, 1, 1, 2, 1, 2, 0, 2, 1, 1],409.047230276459;9712.789948995710;12805.715992083906,0,false,[6, 19, 12, 5, 4, 16, 3, 11, 15, 7, 2, 9, 8, 0, 17, 13, 14, 10, 18, 1]|[2, 2, 0, 1, 0, 0, 2, 2, 1, 1, 1, 0, 2, 0, 0, 0, 0, 0, 0, 0]|[0, 0, 2, 1, 3, 3, 0, 0, 0, 1, 1, 3, 0, 3, 3, 0, 3, 3, 3, 3]|[1, 0, 1, 0, 2, 0, 1, 0, 1, 1, 1, 1, 1, 2, 1, 2, 0, 2, 1, 1],409.047230276459;9712.789948995710;12805.715992083906,12805.715992083906,NOT_APPLICABLE,NOT_APPLICABLE,NOT_APPLICABLE,16
53,2,29055,G4_BALANCED,PREVIOUS,[6, 19, 12, 5, 4, 16, 14, 9, 10, 17, 2, 18, 13, 1, 7, 3, 8, 15, 0, 11]|[2, 1, 1, 2, 1, 0, 1, 0, 2, 0, 2, 0, 2, 1, 1, 1, 0, 0, 0, 1]|[0, 1, 1, 0, 0, 3, 0, 3, 0, 0, 0, 0, 0, 1, 0, 0, 0, 3, 3, 1]|[1, 1, 1, 0, 0, 1, 1, 2, 0, 0, 1, 1, 1, 0, 1, 1, 0, 2, 2, 1],246.456687227543;10484.116915530736;16182.566535014086,0,false,[6, 19, 12, 5, 4, 16, 14, 9, 10, 17, 2, 18, 13, 1, 7, 3, 8, 15, 0, 11]|[2, 1, 1, 2, 1, 0, 1, 0, 2, 0, 2, 0, 2, 1, 1, 1, 0, 0, 0, 1]|[0, 1, 1, 0, 0, 3, 0, 3, 0, 0, 0, 0, 0, 1, 0, 0, 0, 3, 3, 1]|[1, 1, 1, 0, 0, 1, 1, 2, 0, 0, 1, 1, 1, 0, 1, 1, 0, 2, 2, 1],246.456687227543;10484.116915530736;16182.566535014086,0.762665673027,NOT_APPLICABLE,NOT_APPLICABLE,NOT_APPLICABLE,20
53,2,29055,G4_BALANCED,HISTORICAL,[6, 19, 12, 5, 4, 16, 14, 9, 10, 17, 2, 18, 13, 1, 7, 3, 11, 15, 0, 8]|[2, 1, 1, 0, 1, 0, 0, 2, 2, 0, 2, 0, 2, 1, 1, 1, 1, 0, 0, 0]|[0, 1, 1, 0, 0, 3, 3, 1, 0, 0, 0, 0, 0, 1, 0, 0, 1, 3, 3, 0]|[1, 1, 1, 0, 0, 1, 2, 1, 0, 0, 1, 1, 1, 0, 1, 1, 1, 2, 2, 0],309.350963743179;10579.204322270472;14394.207918428594,0,false,[6, 19, 12, 5, 4, 16, 14, 9, 10, 17, 2, 18, 13, 1, 7, 3, 11, 15, 0, 8]|[2, 1, 1, 0, 1, 0, 0, 2, 2, 0, 2, 0, 2, 1, 1, 1, 1, 0, 0, 0]|[0, 1, 1, 0, 0, 3, 3, 1, 0, 0, 0, 0, 0, 1, 0, 0, 1, 3, 3, 0]|[1, 1, 1, 0, 0, 1, 2, 1, 0, 0, 1, 1, 1, 0, 1, 1, 1, 2, 2, 0],309.350963743179;10579.204322270472;14394.207918428594,0.801907461985,NOT_APPLICABLE,NOT_APPLICABLE,NOT_APPLICABLE,20
54,2,29155,G1_CMAX,PREVIOUS,[6, 19, 12, 5, 4, 9, 11, 13, 1, 0, 16, 10, 15, 2, 7, 8, 14, 3, 18, 17]|[2, 1, 1, 2, 2, 2, 0, 2, 1, 0, 0, 0, 0, 2, 1, 0, 0, 0, 1, 1]|[0, 1, 1, 1, 0, 0, 3, 1, 1, 3, 3, 3, 3, 0, 1, 3, 3, 3, 1, 1]|[0, 1, 1, 0, 1, 0, 0, 1, 0, 2, 0, 2, 0, 1, 1, 0, 2, 0, 1, 1],370.322103602167;9321.817536099396;16856.712734547720,1,true,[6, 19, 12, 5, 4, 16, 3, 11, 10, 1, 2, 17, 8, 13, 14, 15, 9, 0, 7, 18]|[2, 2, 1, 1, 2, 0, 0, 2, 0, 0, 1, 0, 0, 2, 0, 0, 1, 0, 1, 1]|[0, 0, 1, 1, 0, 3, 3, 0, 3, 3, 1, 3, 0, 0, 3, 3, 1, 3, 1, 1]|[1, 0, 1, 0, 1, 0, 2, 0, 2, 2, 1, 2, 0, 1, 0, 0, 1, 0, 1, 1],352.441733354257;9304.298893238501;15551.718899241516,352.441733354257,29155,29155,0,13
54,2,29155,G1_CMAX,HISTORICAL,[19, 5, 4, 16, 3, 9, 10, 17, 2, 6, 13, 1, 0, 12, 7, 8, 15, 14, 18, 11]|[1, 2, 1, 0, 1, 0, 2, 0, 2, 2, 2, 1, 1, 1, 1, 0, 1, 0, 0, 2]|[0, 1, 1, 3, 0, 3, 0, 0, 0, 0, 0, 1, 0, 1, 1, 0, 0, 3, 0, 1]|[1, 1, 0, 2, 1, 1, 0, 0, 1, 1, 1, 0, 1, 1, 1, 0, 0, 0, 1, 0],205.178521975543;10962.783729077695;15862.374381374957,0,false,[19, 5, 4, 16, 3, 9, 10, 17, 2, 6, 13, 1, 0, 12, 7, 8, 15, 14, 18, 11]|[1, 2, 1, 0, 1, 0, 2, 0, 2, 2, 2, 1, 1, 1, 1, 0, 1, 0, 0, 2]|[0, 1, 1, 3, 0, 3, 0, 0, 0, 0, 0, 1, 0, 1, 1, 0, 0, 3, 0, 1]|[1, 1, 0, 2, 1, 1, 0, 0, 1, 1, 1, 0, 1, 1, 1, 0, 0, 0, 1, 0],205.178521975543;10962.783729077695;15862.374381374957,205.178521975543,NOT_APPLICABLE,NOT_APPLICABLE,NOT_APPLICABLE,30
54,2,29155,G2_TEC,PREVIOUS,[6, 19, 12, 5, 4, 16, 3, 11, 15, 7, 2, 10, 8, 13, 14, 9, 17, 18, 1, 0]|[2, 2, 1, 1, 2, 0, 0, 2, 0, 1, 1, 0, 2, 0, 0, 0, 0, 1, 0, 0]|[0, 0, 1, 1, 0, 3, 3, 0, 3, 1, 1, 3, 0, 3, 3, 3, 3, 1, 3, 3]|[1, 0, 1, 0, 1, 0, 2, 0, 0, 1, 1, 2, 1, 1, 0, 1, 1, 1, 2, 0],418.037039260283;9139.393045995632;14778.061108897817,0,false,[6, 19, 12, 5, 4, 16, 3, 11, 15, 7, 2, 10, 8, 13, 14, 9, 17, 18, 1, 0]|[2, 2, 1, 1, 2, 0, 0, 2, 0, 1, 1, 0, 2, 0, 0, 0, 0, 1, 0, 0]|[0, 0, 1, 1, 0, 3, 3, 0, 3, 1, 1, 3, 0, 3, 3, 3, 3, 1, 3, 3]|[1, 0, 1, 0, 1, 0, 2, 0, 0, 1, 1, 2, 1, 1, 0, 1, 1, 1, 2, 0],418.037039260283;9139.393045995632;14778.061108897817,9139.393045995632,NOT_APPLICABLE,NOT_APPLICABLE,NOT_APPLICABLE,10
54,2,29155,G2_TEC,HISTORICAL,[6, 19, 12, 5, 4, 16, 3, 11, 15, 7, 2, 10, 8, 13, 14, 9, 17, 18, 1, 0]|[2, 2, 1, 1, 2, 0, 0, 2, 0, 1, 1, 0, 2, 0, 0, 0, 0, 1, 0, 0]|[0, 0, 1, 1, 0, 3, 3, 0, 3, 1, 1, 3, 0, 3, 3, 3, 3, 1, 3, 3]|[1, 0, 1, 0, 1, 0, 2, 0, 0, 1, 1, 2, 1, 1, 0, 1, 1, 1, 2, 0],418.037039260283;9139.393045995632;14778.061108897817,0,false,[6, 19, 12, 5, 4, 16, 3, 11, 15, 7, 2, 10, 8, 13, 14, 9, 17, 18, 1, 0]|[2, 2, 1, 1, 2, 0, 0, 2, 0, 1, 1, 0, 2, 0, 0, 0, 0, 1, 0, 0]|[0, 0, 1, 1, 0, 3, 3, 0, 3, 1, 1, 3, 0, 3, 3, 3, 3, 1, 3, 3]|[1, 0, 1, 0, 1, 0, 2, 0, 0, 1, 1, 2, 1, 1, 0, 1, 1, 1, 2, 0],418.037039260283;9139.393045995632;14778.061108897817,9139.393045995632,NOT_APPLICABLE,NOT_APPLICABLE,NOT_APPLICABLE,31
54,2,29155,G3_TWC,PREVIOUS,[6, 19, 12, 5, 4, 16, 3, 11, 15, 7, 2, 9, 8, 0, 17, 13, 14, 10, 18, 1]|[2, 2, 0, 1, 0, 0, 2, 2, 1, 1, 1, 0, 2, 0, 0, 0, 0, 0, 0, 0]|[0, 0, 2, 1, 3, 3, 0, 0, 0, 1, 1, 3, 0, 3, 3, 0, 3, 3, 3, 3]|[1, 0, 1, 0, 2, 0, 1, 0, 1, 1, 1, 1, 1, 2, 1, 2, 0, 2, 1, 1],409.047230276459;9712.789948995710;12805.715992083906,0,false,[6, 19, 12, 5, 4, 16, 3, 11, 15, 7, 2, 9, 8, 0, 17, 13, 14, 10, 18, 1]|[2, 2, 0, 1, 0, 0, 2, 2, 1, 1, 1, 0, 2, 0, 0, 0, 0, 0, 0, 0]|[0, 0, 2, 1, 3, 3, 0, 0, 0, 1, 1, 3, 0, 3, 3, 0, 3, 3, 3, 3]|[1, 0, 1, 0, 2, 0, 1, 0, 1, 1, 1, 1, 1, 2, 1, 2, 0, 2, 1, 1],409.047230276459;9712.789948995710;12805.715992083906,12805.715992083906,NOT_APPLICABLE,NOT_APPLICABLE,NOT_APPLICABLE,18
54,2,29155,G3_TWC,HISTORICAL,[6, 19, 12, 5, 4, 16, 3, 11, 15, 7, 2, 9, 8, 0, 17, 13, 14, 10, 18, 1]|[2, 2, 0, 1, 0, 0, 2, 2, 1, 1, 1, 0, 2, 0, 0, 0, 0, 0, 0, 0]|[0, 0, 2, 1, 3, 3, 0, 0, 0, 1, 1, 3, 0, 3, 3, 0, 3, 3, 3, 3]|[1, 0, 1, 0, 2, 0, 1, 0, 1, 1, 1, 1, 1, 2, 1, 2, 0, 2, 1, 1],409.047230276459;9712.789948995710;12805.715992083906,0,false,[6, 19, 12, 5, 4, 16, 3, 11, 15, 7, 2, 9, 8, 0, 17, 13, 14, 10, 18, 1]|[2, 2, 0, 1, 0, 0, 2, 2, 1, 1, 1, 0, 2, 0, 0, 0, 0, 0, 0, 0]|[0, 0, 2, 1, 3, 3, 0, 0, 0, 1, 1, 3, 0, 3, 3, 0, 3, 3, 3, 3]|[1, 0, 1, 0, 2, 0, 1, 0, 1, 1, 1, 1, 1, 2, 1, 2, 0, 2, 1, 1],409.047230276459;9712.789948995710;12805.715992083906,12805.715992083906,NOT_APPLICABLE,NOT_APPLICABLE,NOT_APPLICABLE,17
54,2,29155,G4_BALANCED,PREVIOUS,[6, 19, 12, 5, 4, 9, 3, 16, 10, 17, 2, 18, 13, 1, 15, 14, 8, 7, 0, 11]|[2, 1, 1, 2, 1, 2, 1, 0, 2, 0, 2, 0, 2, 1, 1, 0, 0, 0, 0, 1]|[0, 1, 1, 0, 0, 0, 0, 3, 0, 0, 0, 0, 0, 1, 1, 3, 0, 3, 3, 1]|[1, 1, 1, 0, 0, 1, 1, 1, 0, 0, 1, 1, 1, 0, 1, 2, 0, 2, 2, 1],229.482566173221;10278.656588016855;16954.117646260755,0,false,[6, 19, 12, 5, 4, 9, 3, 16, 10, 17, 2, 18, 13, 1, 15, 14, 8, 7, 0, 11]|[2, 1, 1, 2, 1, 2, 1, 0, 2, 0, 2, 0, 2, 1, 1, 0, 0, 0, 0, 1]|[0, 1, 1, 0, 0, 0, 0, 3, 0, 0, 0, 0, 0, 1, 1, 3, 0, 3, 3, 1]|[1, 1, 1, 0, 0, 1, 1, 1, 0, 0, 1, 1, 1, 0, 1, 2, 0, 2, 2, 1],229.482566173221;10278.656588016855;16954.117646260755,0.677873889467,NOT_APPLICABLE,NOT_APPLICABLE,NOT_APPLICABLE,20
54,2,29155,G4_BALANCED,HISTORICAL,[6, 19, 12, 5, 4, 16, 14, 9, 10, 17, 2, 18, 13, 1, 7, 3, 11, 15, 0, 8]|[2, 1, 1, 0, 1, 0, 0, 2, 2, 0, 2, 0, 2, 1, 1, 1, 1, 0, 0, 0]|[0, 1, 1, 0, 0, 3, 3, 1, 0, 0, 0, 0, 0, 1, 0, 0, 1, 3, 3, 0]|[1, 1, 1, 0, 0, 1, 2, 1, 0, 0, 1, 1, 1, 0, 1, 1, 1, 2, 2, 0],309.350963743179;10579.204322270472;14394.207918428594,0,false,[6, 19, 12, 5, 4, 16, 14, 9, 10, 17, 2, 18, 13, 1, 7, 3, 11, 15, 0, 8]|[2, 1, 1, 0, 1, 0, 0, 2, 2, 0, 2, 0, 2, 1, 1, 1, 1, 0, 0, 0]|[0, 1, 1, 0, 0, 3, 3, 1, 0, 0, 0, 0, 0, 1, 0, 0, 1, 3, 3, 0]|[1, 1, 1, 0, 0, 1, 2, 1, 0, 0, 1, 1, 1, 0, 1, 1, 1, 2, 2, 0],309.350963743179;10579.204322270472;14394.207918428594,0.801907461985,NOT_APPLICABLE,NOT_APPLICABLE,NOT_APPLICABLE,20
55,2,29255,G1_CMAX,PREVIOUS,[6, 19, 12, 5, 4, 16, 3, 9, 17, 7, 15, 8, 14, 13, 11, 18, 10, 0, 2, 1]|[2, 1, 1, 2, 1, 0, 2, 0, 0, 1, 1, 2, 0, 2, 1, 1, 2, 0, 2, 0]|[0, 1, 1, 0, 0, 3, 0, 3, 0, 1, 0, 1, 3, 0, 1, 1, 0, 3, 0, 3]|[1, 1, 0, 0, 1, 1, 0, 2, 0, 1, 1, 1, 2, 1, 0, 1, 0, 1, 1, 2],261.044067618293;10019.441812079522;19115.863345035556,0,false,[6, 19, 12, 5, 4, 16, 3, 9, 17, 7, 15, 8, 14, 13, 11, 18, 10, 0, 2, 1]|[2, 1, 1, 2, 1, 0, 2, 0, 0, 1, 1, 2, 0, 2, 1, 1, 2, 0, 2, 0]|[0, 1, 1, 0, 0, 3, 0, 3, 0, 1, 0, 1, 3, 0, 1, 1, 0, 3, 0, 3]|[1, 1, 0, 0, 1, 1, 0, 2, 0, 1, 1, 1, 2, 1, 0, 1, 0, 1, 1, 2],261.044067618293;10019.441812079522;19115.863345035556,261.044067618293,NOT_APPLICABLE,NOT_APPLICABLE,NOT_APPLICABLE,13
55,2,29255,G1_CMAX,HISTORICAL,[19, 5, 4, 16, 3, 9, 10, 17, 2, 6, 13, 1, 0, 12, 7, 8, 15, 14, 18, 11]|[1, 2, 1, 0, 1, 0, 2, 0, 2, 2, 2, 1, 1, 1, 1, 0, 1, 0, 0, 2]|[0, 1, 1, 3, 0, 3, 0, 0, 0, 0, 0, 1, 0, 1, 1, 0, 0, 3, 0, 1]|[1, 1, 0, 2, 1, 1, 0, 0, 1, 1, 1, 0, 1, 1, 1, 0, 0, 0, 1, 0],205.178521975543;10962.783729077695;15862.374381374957,0,false,[19, 5, 4, 16, 3, 9, 10, 17, 2, 6, 13, 1, 0, 12, 7, 8, 15, 14, 18, 11]|[1, 2, 1, 0, 1, 0, 2, 0, 2, 2, 2, 1, 1, 1, 1, 0, 1, 0, 0, 2]|[0, 1, 1, 3, 0, 3, 0, 0, 0, 0, 0, 1, 0, 1, 1, 0, 0, 3, 0, 1]|[1, 1, 0, 2, 1, 1, 0, 0, 1, 1, 1, 0, 1, 1, 1, 0, 0, 0, 1, 0],205.178521975543;10962.783729077695;15862.374381374957,205.178521975543,NOT_APPLICABLE,NOT_APPLICABLE,NOT_APPLICABLE,30
55,2,29255,G2_TEC,PREVIOUS,[6, 19, 12, 5, 4, 16, 3, 11, 15, 7, 2, 10, 8, 13, 14, 9, 17, 18, 1, 0]|[2, 2, 1, 1, 2, 0, 0, 2, 0, 1, 1, 0, 2, 0, 0, 0, 0, 1, 0, 0]|[0, 0, 1, 1, 0, 3, 3, 0, 3, 1, 1, 3, 0, 3, 3, 3, 3, 1, 3, 3]|[1, 0, 1, 0, 1, 0, 2, 0, 0, 1, 1, 2, 1, 1, 0, 1, 1, 1, 2, 0],418.037039260283;9139.393045995632;14778.061108897817,0,false,[6, 19, 12, 5, 4, 16, 3, 11, 15, 7, 2, 10, 8, 13, 14, 9, 17, 18, 1, 0]|[2, 2, 1, 1, 2, 0, 0, 2, 0, 1, 1, 0, 2, 0, 0, 0, 0, 1, 0, 0]|[0, 0, 1, 1, 0, 3, 3, 0, 3, 1, 1, 3, 0, 3, 3, 3, 3, 1, 3, 3]|[1, 0, 1, 0, 1, 0, 2, 0, 0, 1, 1, 2, 1, 1, 0, 1, 1, 1, 2, 0],418.037039260283;9139.393045995632;14778.061108897817,9139.393045995632,NOT_APPLICABLE,NOT_APPLICABLE,NOT_APPLICABLE,10
55,2,29255,G2_TEC,HISTORICAL,[6, 19, 12, 5, 4, 16, 3, 11, 15, 7, 2, 10, 8, 13, 14, 9, 17, 18, 1, 0]|[2, 2, 1, 1, 2, 0, 0, 2, 0, 1, 1, 0, 2, 0, 0, 0, 0, 1, 0, 0]|[0, 0, 1, 1, 0, 3, 3, 0, 3, 1, 1, 3, 0, 3, 3, 3, 3, 1, 3, 3]|[1, 0, 1, 0, 1, 0, 2, 0, 0, 1, 1, 2, 1, 1, 0, 1, 1, 1, 2, 0],418.037039260283;9139.393045995632;14778.061108897817,0,false,[6, 19, 12, 5, 4, 16, 3, 11, 15, 7, 2, 10, 8, 13, 14, 9, 17, 18, 1, 0]|[2, 2, 1, 1, 2, 0, 0, 2, 0, 1, 1, 0, 2, 0, 0, 0, 0, 1, 0, 0]|[0, 0, 1, 1, 0, 3, 3, 0, 3, 1, 1, 3, 0, 3, 3, 3, 3, 1, 3, 3]|[1, 0, 1, 0, 1, 0, 2, 0, 0, 1, 1, 2, 1, 1, 0, 1, 1, 1, 2, 0],418.037039260283;9139.393045995632;14778.061108897817,9139.393045995632,NOT_APPLICABLE,NOT_APPLICABLE,NOT_APPLICABLE,32
55,2,29255,G3_TWC,PREVIOUS,[6, 19, 12, 5, 4, 16, 3, 9, 10, 17, 2, 7, 15, 14, 11, 1, 18, 8, 0, 13]|[2, 1, 1, 1, 2, 0, 1, 2, 1, 0, 2, 0, 0, 0, 1, 1, 0, 1, 0, 2]|[0, 1, 1, 1, 0, 3, 0, 0, 0, 0, 0, 3, 3, 3, 1, 1, 0, 1, 3, 0]|[1, 1, 1, 0, 0, 0, 1, 0, 1, 0, 1, 2, 2, 2, 1, 1, 1, 1, 0, 1],265.693806168521;9554.589521689748;16743.222954417150,0,false,[6, 19, 12, 5, 4, 16, 3, 9, 10, 17, 2, 7, 15, 14, 11, 1, 18, 8, 0, 13]|[2, 1, 1, 1, 2, 0, 1, 2, 1, 0, 2, 0, 0, 0, 1, 1, 0, 1, 0, 2]|[0, 1, 1, 1, 0, 3, 0, 0, 0, 0, 0, 3, 3, 3, 1, 1, 0, 1, 3, 0]|[1, 1, 1, 0, 0, 0, 1, 0, 1, 0, 1, 2, 2, 2, 1, 1, 1, 1, 0, 1],265.693806168521;9554.589521689748;16743.222954417150,16743.222954417150,NOT_APPLICABLE,NOT_APPLICABLE,NOT_APPLICABLE,18
55,2,29255,G3_TWC,HISTORICAL,[6, 19, 12, 5, 4, 16, 3, 11, 15, 7, 2, 9, 8, 0, 17, 13, 14, 10, 18, 1]|[2, 2, 0, 1, 0, 0, 2, 2, 1, 1, 1, 0, 2, 0, 0, 0, 0, 0, 0, 0]|[0, 0, 2, 1, 3, 3, 0, 0, 0, 1, 1, 3, 0, 3, 3, 0, 3, 3, 3, 3]|[1, 0, 1, 0, 2, 0, 1, 0, 1, 1, 1, 1, 1, 2, 1, 2, 0, 2, 1, 1],409.047230276459;9712.789948995710;12805.715992083906,0,false,[6, 19, 12, 5, 4, 16, 3, 11, 15, 7, 2, 9, 8, 0, 17, 13, 14, 10, 18, 1]|[2, 2, 0, 1, 0, 0, 2, 2, 1, 1, 1, 0, 2, 0, 0, 0, 0, 0, 0, 0]|[0, 0, 2, 1, 3, 3, 0, 0, 0, 1, 1, 3, 0, 3, 3, 0, 3, 3, 3, 3]|[1, 0, 1, 0, 2, 0, 1, 0, 1, 1, 1, 1, 1, 2, 1, 2, 0, 2, 1, 1],409.047230276459;9712.789948995710;12805.715992083906,12805.715992083906,NOT_APPLICABLE,NOT_APPLICABLE,NOT_APPLICABLE,17
55,2,29255,G4_BALANCED,PREVIOUS,[6, 14, 15, 9, 2, 0, 11, 12, 18, 8, 16, 17, 10, 4, 3, 5, 7, 13, 1, 19]|[2, 1, 0, 2, 2, 0, 1, 1, 0, 2, 0, 0, 2, 2, 2, 0, 1, 1, 1, 1]|[1, 1, 0, 1, 0, 3, 1, 1, 0, 1, 3, 3, 1, 0, 0, 0, 1, 1, 1, 1]|[1, 1, 0, 1, 1, 2, 1, 1, 1, 0, 0, 0, 0, 1, 1, 2, 1, 1, 1, 1],262.413284176642;10016.439437909376;18863.516998106697,0,false,[6, 14, 15, 9, 2, 0, 11, 12, 18, 8, 16, 17, 10, 4, 3, 5, 7, 13, 1, 19]|[2, 1, 0, 2, 2, 0, 1, 1, 0, 2, 0, 0, 2, 2, 2, 0, 1, 1, 1, 1]|[1, 1, 0, 1, 0, 3, 1, 1, 0, 1, 3, 3, 1, 0, 0, 0, 1, 1, 1, 1]|[1, 1, 0, 1, 1, 2, 1, 1, 1, 0, 0, 0, 0, 1, 1, 2, 1, 1, 1, 1],262.413284176642;10016.439437909376;18863.516998106697,0.788199496175,NOT_APPLICABLE,NOT_APPLICABLE,NOT_APPLICABLE,20
55,2,29255,G4_BALANCED,HISTORICAL,[6, 14, 15, 9, 2, 0, 11, 12, 18, 8, 16, 17, 10, 4, 3, 5, 7, 13, 1, 19]|[2, 1, 0, 2, 2, 0, 1, 1, 0, 2, 0, 0, 2, 2, 2, 0, 1, 1, 1, 1]|[1, 1, 0, 1, 0, 3, 1, 1, 0, 1, 3, 3, 1, 0, 0, 0, 1, 1, 1, 1]|[1, 1, 0, 1, 1, 2, 1, 1, 1, 0, 0, 0, 0, 1, 1, 2, 1, 1, 1, 1],262.413284176642;10016.439437909376;18863.516998106697,0,false,[6, 14, 15, 9, 2, 0, 11, 12, 18, 8, 16, 17, 10, 4, 3, 5, 7, 13, 1, 19]|[2, 1, 0, 2, 2, 0, 1, 1, 0, 2, 0, 0, 2, 2, 2, 0, 1, 1, 1, 1]|[1, 1, 0, 1, 0, 3, 1, 1, 0, 1, 3, 3, 1, 0, 0, 0, 1, 1, 1, 1]|[1, 1, 0, 1, 1, 2, 1, 1, 1, 0, 0, 0, 0, 1, 1, 2, 1, 1, 1, 1],262.413284176642;10016.439437909376;18863.516998106697,0.788199496175,NOT_APPLICABLE,NOT_APPLICABLE,NOT_APPLICABLE,20
56,2,29355,G1_CMAX,PREVIOUS,[6, 19, 12, 5, 4, 16, 3, 9, 17, 7, 15, 8, 14, 13, 11, 18, 10, 0, 2, 1]|[2, 1, 1, 2, 1, 0, 2, 0, 0, 1, 1, 2, 0, 2, 1, 1, 2, 0, 2, 0]|[0, 1, 1, 0, 0, 3, 0, 3, 0, 1, 0, 1, 3, 0, 1, 1, 0, 3, 0, 3]|[1, 1, 0, 0, 1, 1, 0, 2, 0, 1, 1, 1, 2, 1, 0, 1, 0, 1, 1, 2],261.044067618293;10019.441812079522;19115.863345035556,0,false,[6, 19, 12, 5, 4, 16, 3, 9, 17, 7, 15, 8, 14, 13, 11, 18, 10, 0, 2, 1]|[2, 1, 1, 2, 1, 0, 2, 0, 0, 1, 1, 2, 0, 2, 1, 1, 2, 0, 2, 0]|[0, 1, 1, 0, 0, 3, 0, 3, 0, 1, 0, 1, 3, 0, 1, 1, 0, 3, 0, 3]|[1, 1, 0, 0, 1, 1, 0, 2, 0, 1, 1, 1, 2, 1, 0, 1, 0, 1, 1, 2],261.044067618293;10019.441812079522;19115.863345035556,261.044067618293,NOT_APPLICABLE,NOT_APPLICABLE,NOT_APPLICABLE,14
56,2,29355,G1_CMAX,HISTORICAL,[19, 5, 4, 16, 3, 9, 10, 17, 2, 6, 13, 1, 0, 12, 7, 8, 15, 14, 18, 11]|[1, 2, 1, 0, 1, 0, 2, 0, 2, 2, 2, 1, 1, 1, 1, 0, 1, 0, 0, 2]|[0, 1, 1, 3, 0, 3, 0, 0, 0, 0, 0, 1, 0, 1, 1, 0, 0, 3, 0, 1]|[1, 1, 0, 2, 1, 1, 0, 0, 1, 1, 1, 0, 1, 1, 1, 0, 0, 0, 1, 0],205.178521975543;10962.783729077695;15862.374381374957,0,false,[19, 5, 4, 16, 3, 9, 10, 17, 2, 6, 13, 1, 0, 12, 7, 8, 15, 14, 18, 11]|[1, 2, 1, 0, 1, 0, 2, 0, 2, 2, 2, 1, 1, 1, 1, 0, 1, 0, 0, 2]|[0, 1, 1, 3, 0, 3, 0, 0, 0, 0, 0, 1, 0, 1, 1, 0, 0, 3, 0, 1]|[1, 1, 0, 2, 1, 1, 0, 0, 1, 1, 1, 0, 1, 1, 1, 0, 0, 0, 1, 0],205.178521975543;10962.783729077695;15862.374381374957,205.178521975543,NOT_APPLICABLE,NOT_APPLICABLE,NOT_APPLICABLE,30
56,2,29355,G2_TEC,PREVIOUS,[6, 19, 12, 5, 4, 16, 3, 11, 15, 7, 2, 10, 8, 13, 14, 9, 17, 18, 1, 0]|[2, 2, 1, 1, 2, 0, 0, 2, 0, 1, 1, 0, 2, 0, 0, 0, 0, 1, 0, 0]|[0, 0, 1, 1, 0, 3, 3, 0, 3, 1, 1, 3, 0, 3, 3, 3, 3, 1, 3, 3]|[1, 0, 1, 0, 1, 0, 2, 0, 0, 1, 1, 2, 1, 1, 0, 1, 1, 1, 2, 0],418.037039260283;9139.393045995632;14778.061108897817,0,false,[6, 19, 12, 5, 4, 16, 3, 11, 15, 7, 2, 10, 8, 13, 14, 9, 17, 18, 1, 0]|[2, 2, 1, 1, 2, 0, 0, 2, 0, 1, 1, 0, 2, 0, 0, 0, 0, 1, 0, 0]|[0, 0, 1, 1, 0, 3, 3, 0, 3, 1, 1, 3, 0, 3, 3, 3, 3, 1, 3, 3]|[1, 0, 1, 0, 1, 0, 2, 0, 0, 1, 1, 2, 1, 1, 0, 1, 1, 1, 2, 0],418.037039260283;9139.393045995632;14778.061108897817,9139.393045995632,NOT_APPLICABLE,NOT_APPLICABLE,NOT_APPLICABLE,10
56,2,29355,G2_TEC,HISTORICAL,[6, 19, 12, 5, 4, 16, 3, 11, 15, 7, 2, 10, 8, 13, 14, 9, 17, 18, 1, 0]|[2, 2, 1, 1, 2, 0, 0, 2, 0, 1, 1, 0, 2, 0, 0, 0, 0, 1, 0, 0]|[0, 0, 1, 1, 0, 3, 3, 0, 3, 1, 1, 3, 0, 3, 3, 3, 3, 1, 3, 3]|[1, 0, 1, 0, 1, 0, 2, 0, 0, 1, 1, 2, 1, 1, 0, 1, 1, 1, 2, 0],418.037039260283;9139.393045995632;14778.061108897817,0,false,[6, 19, 12, 5, 4, 16, 3, 11, 15, 7, 2, 10, 8, 13, 14, 9, 17, 18, 1, 0]|[2, 2, 1, 1, 2, 0, 0, 2, 0, 1, 1, 0, 2, 0, 0, 0, 0, 1, 0, 0]|[0, 0, 1, 1, 0, 3, 3, 0, 3, 1, 1, 3, 0, 3, 3, 3, 3, 1, 3, 3]|[1, 0, 1, 0, 1, 0, 2, 0, 0, 1, 1, 2, 1, 1, 0, 1, 1, 1, 2, 0],418.037039260283;9139.393045995632;14778.061108897817,9139.393045995632,NOT_APPLICABLE,NOT_APPLICABLE,NOT_APPLICABLE,33
56,2,29355,G3_TWC,PREVIOUS,[6, 19, 12, 5, 4, 16, 3, 11, 15, 7, 2, 9, 8, 0, 17, 13, 14, 10, 18, 1]|[2, 2, 0, 1, 0, 0, 2, 2, 1, 1, 1, 0, 2, 0, 0, 0, 0, 0, 0, 0]|[0, 0, 2, 1, 3, 3, 0, 0, 0, 1, 1, 3, 0, 3, 3, 0, 3, 3, 3, 3]|[1, 0, 1, 0, 2, 0, 1, 0, 1, 1, 1, 1, 1, 2, 1, 2, 0, 2, 1, 1],409.047230276459;9712.789948995710;12805.715992083906,0,false,[6, 19, 12, 5, 4, 16, 3, 11, 15, 7, 2, 9, 8, 0, 17, 13, 14, 10, 18, 1]|[2, 2, 0, 1, 0, 0, 2, 2, 1, 1, 1, 0, 2, 0, 0, 0, 0, 0, 0, 0]|[0, 0, 2, 1, 3, 3, 0, 0, 0, 1, 1, 3, 0, 3, 3, 0, 3, 3, 3, 3]|[1, 0, 1, 0, 2, 0, 1, 0, 1, 1, 1, 1, 1, 2, 1, 2, 0, 2, 1, 1],409.047230276459;9712.789948995710;12805.715992083906,12805.715992083906,NOT_APPLICABLE,NOT_APPLICABLE,NOT_APPLICABLE,18
56,2,29355,G3_TWC,HISTORICAL,[6, 19, 12, 5, 4, 16, 3, 11, 15, 7, 2, 9, 8, 0, 17, 13, 14, 10, 18, 1]|[2, 2, 0, 1, 0, 0, 2, 2, 1, 1, 1, 0, 2, 0, 0, 0, 0, 0, 0, 0]|[0, 0, 2, 1, 3, 3, 0, 0, 0, 1, 1, 3, 0, 3, 3, 0, 3, 3, 3, 3]|[1, 0, 1, 0, 2, 0, 1, 0, 1, 1, 1, 1, 1, 2, 1, 2, 0, 2, 1, 1],409.047230276459;9712.789948995710;12805.715992083906,0,false,[6, 19, 12, 5, 4, 16, 3, 11, 15, 7, 2, 9, 8, 0, 17, 13, 14, 10, 18, 1]|[2, 2, 0, 1, 0, 0, 2, 2, 1, 1, 1, 0, 2, 0, 0, 0, 0, 0, 0, 0]|[0, 0, 2, 1, 3, 3, 0, 0, 0, 1, 1, 3, 0, 3, 3, 0, 3, 3, 3, 3]|[1, 0, 1, 0, 2, 0, 1, 0, 1, 1, 1, 1, 1, 2, 1, 2, 0, 2, 1, 1],409.047230276459;9712.789948995710;12805.715992083906,12805.715992083906,NOT_APPLICABLE,NOT_APPLICABLE,NOT_APPLICABLE,18
56,2,29355,G4_BALANCED,PREVIOUS,[6, 14, 15, 9, 2, 0, 11, 12, 18, 8, 16, 17, 10, 4, 3, 5, 7, 13, 1, 19]|[2, 1, 0, 2, 2, 0, 1, 1, 0, 2, 0, 0, 2, 2, 2, 0, 1, 1, 1, 1]|[1, 1, 0, 1, 0, 3, 1, 1, 0, 1, 3, 3, 1, 0, 0, 0, 1, 1, 1, 1]|[1, 1, 0, 1, 1, 2, 1, 1, 1, 0, 0, 0, 0, 1, 1, 2, 1, 1, 1, 1],262.413284176642;10016.439437909376;18863.516998106697,0,false,[6, 14, 15, 9, 2, 0, 11, 12, 18, 8, 16, 17, 10, 4, 3, 5, 7, 13, 1, 19]|[2, 1, 0, 2, 2, 0, 1, 1, 0, 2, 0, 0, 2, 2, 2, 0, 1, 1, 1, 1]|[1, 1, 0, 1, 0, 3, 1, 1, 0, 1, 3, 3, 1, 0, 0, 0, 1, 1, 1, 1]|[1, 1, 0, 1, 1, 2, 1, 1, 1, 0, 0, 0, 0, 1, 1, 2, 1, 1, 1, 1],262.413284176642;10016.439437909376;18863.516998106697,0.788199496175,NOT_APPLICABLE,NOT_APPLICABLE,NOT_APPLICABLE,21
56,2,29355,G4_BALANCED,HISTORICAL,[6, 14, 15, 9, 2, 0, 11, 12, 18, 8, 16, 17, 10, 4, 3, 5, 7, 13, 1, 19]|[2, 1, 0, 2, 2, 0, 1, 1, 0, 2, 0, 0, 2, 2, 2, 0, 1, 1, 1, 1]|[1, 1, 0, 1, 0, 3, 1, 1, 0, 1, 3, 3, 1, 0, 0, 0, 1, 1, 1, 1]|[1, 1, 0, 1, 1, 2, 1, 1, 1, 0, 0, 0, 0, 1, 1, 2, 1, 1, 1, 1],262.413284176642;10016.439437909376;18863.516998106697,0,false,[6, 14, 15, 9, 2, 0, 11, 12, 18, 8, 16, 17, 10, 4, 3, 5, 7, 13, 1, 19]|[2, 1, 0, 2, 2, 0, 1, 1, 0, 2, 0, 0, 2, 2, 2, 0, 1, 1, 1, 1]|[1, 1, 0, 1, 0, 3, 1, 1, 0, 1, 3, 3, 1, 0, 0, 0, 1, 1, 1, 1]|[1, 1, 0, 1, 1, 2, 1, 1, 1, 0, 0, 0, 0, 1, 1, 2, 1, 1, 1, 1],262.413284176642;10016.439437909376;18863.516998106697,0.788199496175,NOT_APPLICABLE,NOT_APPLICABLE,NOT_APPLICABLE,20
57,2,29455,G1_CMAX,PREVIOUS,[6, 19, 12, 5, 4, 16, 3, 9, 17, 7, 15, 8, 14, 13, 11, 18, 10, 0, 2, 1]|[2, 1, 1, 2, 1, 0, 2, 0, 0, 1, 1, 2, 0, 2, 1, 1, 2, 0, 2, 0]|[0, 1, 1, 0, 0, 3, 0, 3, 0, 1, 0, 1, 3, 0, 1, 1, 0, 3, 0, 3]|[1, 1, 0, 0, 1, 1, 0, 2, 0, 1, 1, 1, 2, 1, 0, 1, 0, 1, 1, 2],261.044067618293;10019.441812079522;19115.863345035556,0,false,[6, 19, 12, 5, 4, 16, 3, 9, 17, 7, 15, 8, 14, 13, 11, 18, 10, 0, 2, 1]|[2, 1, 1, 2, 1, 0, 2, 0, 0, 1, 1, 2, 0, 2, 1, 1, 2, 0, 2, 0]|[0, 1, 1, 0, 0, 3, 0, 3, 0, 1, 0, 1, 3, 0, 1, 1, 0, 3, 0, 3]|[1, 1, 0, 0, 1, 1, 0, 2, 0, 1, 1, 1, 2, 1, 0, 1, 0, 1, 1, 2],261.044067618293;10019.441812079522;19115.863345035556,261.044067618293,NOT_APPLICABLE,NOT_APPLICABLE,NOT_APPLICABLE,15
57,2,29455,G1_CMAX,HISTORICAL,[19, 5, 4, 16, 3, 9, 10, 17, 2, 6, 13, 1, 0, 12, 7, 8, 15, 14, 18, 11]|[1, 2, 1, 0, 1, 0, 2, 0, 2, 2, 2, 1, 1, 1, 1, 0, 1, 0, 0, 2]|[0, 1, 1, 3, 0, 3, 0, 0, 0, 0, 0, 1, 0, 1, 1, 0, 0, 3, 0, 1]|[1, 1, 0, 2, 1, 1, 0, 0, 1, 1, 1, 0, 1, 1, 1, 0, 0, 0, 1, 0],205.178521975543;10962.783729077695;15862.374381374957,0,false,[19, 5, 4, 16, 3, 9, 10, 17, 2, 6, 13, 1, 0, 12, 7, 8, 15, 14, 18, 11]|[1, 2, 1, 0, 1, 0, 2, 0, 2, 2, 2, 1, 1, 1, 1, 0, 1, 0, 0, 2]|[0, 1, 1, 3, 0, 3, 0, 0, 0, 0, 0, 1, 0, 1, 1, 0, 0, 3, 0, 1]|[1, 1, 0, 2, 1, 1, 0, 0, 1, 1, 1, 0, 1, 1, 1, 0, 0, 0, 1, 0],205.178521975543;10962.783729077695;15862.374381374957,205.178521975543,NOT_APPLICABLE,NOT_APPLICABLE,NOT_APPLICABLE,30
57,2,29455,G2_TEC,PREVIOUS,[6, 19, 12, 5, 4, 16, 3, 11, 15, 7, 2, 10, 8, 13, 14, 9, 17, 18, 1, 0]|[2, 2, 1, 1, 2, 0, 0, 2, 0, 1, 1, 0, 2, 0, 0, 0, 0, 1, 0, 0]|[0, 0, 1, 1, 0, 3, 3, 0, 3, 1, 1, 3, 0, 3, 3, 3, 3, 1, 3, 3]|[1, 0, 1, 0, 1, 0, 2, 0, 0, 1, 1, 2, 1, 1, 0, 1, 1, 1, 2, 0],418.037039260283;9139.393045995632;14778.061108897817,0,false,[6, 19, 12, 5, 4, 16, 3, 11, 15, 7, 2, 10, 8, 13, 14, 9, 17, 18, 1, 0]|[2, 2, 1, 1, 2, 0, 0, 2, 0, 1, 1, 0, 2, 0, 0, 0, 0, 1, 0, 0]|[0, 0, 1, 1, 0, 3, 3, 0, 3, 1, 1, 3, 0, 3, 3, 3, 3, 1, 3, 3]|[1, 0, 1, 0, 1, 0, 2, 0, 0, 1, 1, 2, 1, 1, 0, 1, 1, 1, 2, 0],418.037039260283;9139.393045995632;14778.061108897817,9139.393045995632,NOT_APPLICABLE,NOT_APPLICABLE,NOT_APPLICABLE,10
57,2,29455,G2_TEC,HISTORICAL,[6, 19, 12, 5, 4, 16, 3, 11, 15, 7, 2, 10, 8, 13, 14, 9, 17, 18, 1, 0]|[2, 2, 1, 1, 2, 0, 0, 2, 0, 1, 1, 0, 2, 0, 0, 0, 0, 1, 0, 0]|[0, 0, 1, 1, 0, 3, 3, 0, 3, 1, 1, 3, 0, 3, 3, 3, 3, 1, 3, 3]|[1, 0, 1, 0, 1, 0, 2, 0, 0, 1, 1, 2, 1, 1, 0, 1, 1, 1, 2, 0],418.037039260283;9139.393045995632;14778.061108897817,0,false,[6, 19, 12, 5, 4, 16, 3, 11, 15, 7, 2, 10, 8, 13, 14, 9, 17, 18, 1, 0]|[2, 2, 1, 1, 2, 0, 0, 2, 0, 1, 1, 0, 2, 0, 0, 0, 0, 1, 0, 0]|[0, 0, 1, 1, 0, 3, 3, 0, 3, 1, 1, 3, 0, 3, 3, 3, 3, 1, 3, 3]|[1, 0, 1, 0, 1, 0, 2, 0, 0, 1, 1, 2, 1, 1, 0, 1, 1, 1, 2, 0],418.037039260283;9139.393045995632;14778.061108897817,9139.393045995632,NOT_APPLICABLE,NOT_APPLICABLE,NOT_APPLICABLE,34
57,2,29455,G3_TWC,PREVIOUS,[6, 19, 12, 5, 4, 16, 3, 11, 15, 7, 2, 9, 8, 0, 17, 13, 14, 10, 18, 1]|[2, 2, 0, 1, 0, 0, 2, 2, 1, 1, 1, 0, 2, 0, 0, 0, 0, 0, 0, 0]|[0, 0, 2, 1, 3, 3, 0, 0, 0, 1, 1, 3, 0, 3, 3, 0, 3, 3, 3, 3]|[1, 0, 1, 0, 2, 0, 1, 0, 1, 1, 1, 1, 1, 2, 1, 2, 0, 2, 1, 1],409.047230276459;9712.789948995710;12805.715992083906,0,false,[6, 19, 12, 5, 4, 16, 3, 11, 15, 7, 2, 9, 8, 0, 17, 13, 14, 10, 18, 1]|[2, 2, 0, 1, 0, 0, 2, 2, 1, 1, 1, 0, 2, 0, 0, 0, 0, 0, 0, 0]|[0, 0, 2, 1, 3, 3, 0, 0, 0, 1, 1, 3, 0, 3, 3, 0, 3, 3, 3, 3]|[1, 0, 1, 0, 2, 0, 1, 0, 1, 1, 1, 1, 1, 2, 1, 2, 0, 2, 1, 1],409.047230276459;9712.789948995710;12805.715992083906,12805.715992083906,NOT_APPLICABLE,NOT_APPLICABLE,NOT_APPLICABLE,18
57,2,29455,G3_TWC,HISTORICAL,[6, 19, 12, 5, 4, 16, 3, 11, 15, 7, 2, 9, 8, 0, 17, 13, 14, 10, 18, 1]|[2, 2, 0, 1, 0, 0, 2, 2, 1, 1, 1, 0, 2, 0, 0, 0, 0, 0, 0, 0]|[0, 0, 2, 1, 3, 3, 0, 0, 0, 1, 1, 3, 0, 3, 3, 0, 3, 3, 3, 3]|[1, 0, 1, 0, 2, 0, 1, 0, 1, 1, 1, 1, 1, 2, 1, 2, 0, 2, 1, 1],409.047230276459;9712.789948995710;12805.715992083906,0,false,[6, 19, 12, 5, 4, 16, 3, 11, 15, 7, 2, 9, 8, 0, 17, 13, 14, 10, 18, 1]|[2, 2, 0, 1, 0, 0, 2, 2, 1, 1, 1, 0, 2, 0, 0, 0, 0, 0, 0, 0]|[0, 0, 2, 1, 3, 3, 0, 0, 0, 1, 1, 3, 0, 3, 3, 0, 3, 3, 3, 3]|[1, 0, 1, 0, 2, 0, 1, 0, 1, 1, 1, 1, 1, 2, 1, 2, 0, 2, 1, 1],409.047230276459;9712.789948995710;12805.715992083906,12805.715992083906,NOT_APPLICABLE,NOT_APPLICABLE,NOT_APPLICABLE,19
57,2,29455,G4_BALANCED,PREVIOUS,[6, 14, 15, 9, 2, 0, 11, 12, 18, 8, 16, 17, 10, 4, 3, 5, 7, 13, 1, 19]|[2, 1, 0, 2, 2, 0, 1, 1, 0, 2, 0, 0, 2, 2, 2, 0, 1, 1, 1, 1]|[1, 1, 0, 1, 0, 3, 1, 1, 0, 1, 3, 3, 1, 0, 0, 0, 1, 1, 1, 1]|[1, 1, 0, 1, 1, 2, 1, 1, 1, 0, 0, 0, 0, 1, 1, 2, 1, 1, 1, 1],262.413284176642;10016.439437909376;18863.516998106697,0,false,[6, 14, 15, 9, 2, 0, 11, 12, 18, 8, 16, 17, 10, 4, 3, 5, 7, 13, 1, 19]|[2, 1, 0, 2, 2, 0, 1, 1, 0, 2, 0, 0, 2, 2, 2, 0, 1, 1, 1, 1]|[1, 1, 0, 1, 0, 3, 1, 1, 0, 1, 3, 3, 1, 0, 0, 0, 1, 1, 1, 1]|[1, 1, 0, 1, 1, 2, 1, 1, 1, 0, 0, 0, 0, 1, 1, 2, 1, 1, 1, 1],262.413284176642;10016.439437909376;18863.516998106697,0.788199496175,NOT_APPLICABLE,NOT_APPLICABLE,NOT_APPLICABLE,22
57,2,29455,G4_BALANCED,HISTORICAL,[6, 14, 15, 9, 2, 0, 11, 12, 18, 8, 16, 17, 10, 4, 3, 5, 7, 13, 1, 19]|[2, 1, 0, 2, 2, 0, 1, 1, 0, 2, 0, 0, 2, 2, 2, 0, 1, 1, 1, 1]|[1, 1, 0, 1, 0, 3, 1, 1, 0, 1, 3, 3, 1, 0, 0, 0, 1, 1, 1, 1]|[1, 1, 0, 1, 1, 2, 1, 1, 1, 0, 0, 0, 0, 1, 1, 2, 1, 1, 1, 1],262.413284176642;10016.439437909376;18863.516998106697,0,false,[6, 14, 15, 9, 2, 0, 11, 12, 18, 8, 16, 17, 10, 4, 3, 5, 7, 13, 1, 19]|[2, 1, 0, 2, 2, 0, 1, 1, 0, 2, 0, 0, 2, 2, 2, 0, 1, 1, 1, 1]|[1, 1, 0, 1, 0, 3, 1, 1, 0, 1, 3, 3, 1, 0, 0, 0, 1, 1, 1, 1]|[1, 1, 0, 1, 1, 2, 1, 1, 1, 0, 0, 0, 0, 1, 1, 2, 1, 1, 1, 1],262.413284176642;10016.439437909376;18863.516998106697,0.788199496175,NOT_APPLICABLE,NOT_APPLICABLE,NOT_APPLICABLE,20
58,2,29555,G1_CMAX,PREVIOUS,[6, 19, 12, 5, 4, 16, 3, 9, 17, 7, 15, 8, 14, 13, 11, 18, 10, 0, 2, 1]|[2, 1, 1, 2, 1, 0, 2, 0, 0, 1, 1, 2, 0, 2, 1, 1, 2, 0, 2, 0]|[0, 1, 1, 0, 0, 3, 0, 3, 0, 1, 0, 1, 3, 0, 1, 1, 0, 3, 0, 3]|[1, 1, 0, 0, 1, 1, 0, 2, 0, 1, 1, 1, 2, 1, 0, 1, 0, 1, 1, 2],261.044067618293;10019.441812079522;19115.863345035556,0,false,[6, 19, 12, 5, 4, 16, 3, 9, 17, 7, 15, 8, 14, 13, 11, 18, 10, 0, 2, 1]|[2, 1, 1, 2, 1, 0, 2, 0, 0, 1, 1, 2, 0, 2, 1, 1, 2, 0, 2, 0]|[0, 1, 1, 0, 0, 3, 0, 3, 0, 1, 0, 1, 3, 0, 1, 1, 0, 3, 0, 3]|[1, 1, 0, 0, 1, 1, 0, 2, 0, 1, 1, 1, 2, 1, 0, 1, 0, 1, 1, 2],261.044067618293;10019.441812079522;19115.863345035556,261.044067618293,NOT_APPLICABLE,NOT_APPLICABLE,NOT_APPLICABLE,16
58,2,29555,G1_CMAX,HISTORICAL,[19, 5, 4, 16, 3, 9, 10, 17, 2, 6, 13, 1, 0, 12, 7, 8, 15, 14, 18, 11]|[1, 2, 1, 0, 1, 0, 2, 0, 2, 2, 2, 1, 1, 1, 1, 0, 1, 0, 0, 2]|[0, 1, 1, 3, 0, 3, 0, 0, 0, 0, 0, 1, 0, 1, 1, 0, 0, 3, 0, 1]|[1, 1, 0, 2, 1, 1, 0, 0, 1, 1, 1, 0, 1, 1, 1, 0, 0, 0, 1, 0],205.178521975543;10962.783729077695;15862.374381374957,0,false,[19, 5, 4, 16, 3, 9, 10, 17, 2, 6, 13, 1, 0, 12, 7, 8, 15, 14, 18, 11]|[1, 2, 1, 0, 1, 0, 2, 0, 2, 2, 2, 1, 1, 1, 1, 0, 1, 0, 0, 2]|[0, 1, 1, 3, 0, 3, 0, 0, 0, 0, 0, 1, 0, 1, 1, 0, 0, 3, 0, 1]|[1, 1, 0, 2, 1, 1, 0, 0, 1, 1, 1, 0, 1, 1, 1, 0, 0, 0, 1, 0],205.178521975543;10962.783729077695;15862.374381374957,205.178521975543,NOT_APPLICABLE,NOT_APPLICABLE,NOT_APPLICABLE,30
58,2,29555,G2_TEC,PREVIOUS,[6, 19, 12, 5, 4, 16, 3, 11, 15, 7, 2, 10, 8, 13, 14, 9, 17, 18, 1, 0]|[2, 2, 1, 1, 2, 0, 0, 2, 0, 1, 1, 0, 2, 0, 0, 0, 0, 1, 0, 0]|[0, 0, 1, 1, 0, 3, 3, 0, 3, 1, 1, 3, 0, 3, 3, 3, 3, 1, 3, 3]|[1, 0, 1, 0, 1, 0, 2, 0, 0, 1, 1, 2, 1, 1, 0, 1, 1, 1, 2, 0],418.037039260283;9139.393045995632;14778.061108897817,0,false,[6, 19, 12, 5, 4, 16, 3, 11, 15, 7, 2, 10, 8, 13, 14, 9, 17, 18, 1, 0]|[2, 2, 1, 1, 2, 0, 0, 2, 0, 1, 1, 0, 2, 0, 0, 0, 0, 1, 0, 0]|[0, 0, 1, 1, 0, 3, 3, 0, 3, 1, 1, 3, 0, 3, 3, 3, 3, 1, 3, 3]|[1, 0, 1, 0, 1, 0, 2, 0, 0, 1, 1, 2, 1, 1, 0, 1, 1, 1, 2, 0],418.037039260283;9139.393045995632;14778.061108897817,9139.393045995632,NOT_APPLICABLE,NOT_APPLICABLE,NOT_APPLICABLE,10
58,2,29555,G2_TEC,HISTORICAL,[6, 19, 12, 5, 4, 16, 3, 11, 15, 7, 2, 10, 8, 13, 14, 9, 17, 18, 1, 0]|[2, 2, 1, 1, 2, 0, 0, 2, 0, 1, 1, 0, 2, 0, 0, 0, 0, 1, 0, 0]|[0, 0, 1, 1, 0, 3, 3, 0, 3, 1, 1, 3, 0, 3, 3, 3, 3, 1, 3, 3]|[1, 0, 1, 0, 1, 0, 2, 0, 0, 1, 1, 2, 1, 1, 0, 1, 1, 1, 2, 0],418.037039260283;9139.393045995632;14778.061108897817,0,false,[6, 19, 12, 5, 4, 16, 3, 11, 15, 7, 2, 10, 8, 13, 14, 9, 17, 18, 1, 0]|[2, 2, 1, 1, 2, 0, 0, 2, 0, 1, 1, 0, 2, 0, 0, 0, 0, 1, 0, 0]|[0, 0, 1, 1, 0, 3, 3, 0, 3, 1, 1, 3, 0, 3, 3, 3, 3, 1, 3, 3]|[1, 0, 1, 0, 1, 0, 2, 0, 0, 1, 1, 2, 1, 1, 0, 1, 1, 1, 2, 0],418.037039260283;9139.393045995632;14778.061108897817,9139.393045995632,NOT_APPLICABLE,NOT_APPLICABLE,NOT_APPLICABLE,35
58,2,29555,G3_TWC,PREVIOUS,[6, 19, 12, 5, 4, 16, 3, 11, 15, 7, 2, 9, 8, 0, 17, 13, 14, 10, 18, 1]|[2, 2, 0, 1, 0, 0, 2, 2, 1, 1, 1, 0, 2, 0, 0, 0, 0, 0, 0, 0]|[0, 0, 2, 1, 3, 3, 0, 0, 0, 1, 1, 3, 0, 3, 3, 0, 3, 3, 3, 3]|[1, 0, 1, 0, 2, 0, 1, 0, 1, 1, 1, 1, 1, 2, 1, 2, 0, 2, 1, 1],409.047230276459;9712.789948995710;12805.715992083906,0,false,[6, 19, 12, 5, 4, 16, 3, 11, 15, 7, 2, 9, 8, 0, 17, 13, 14, 10, 18, 1]|[2, 2, 0, 1, 0, 0, 2, 2, 1, 1, 1, 0, 2, 0, 0, 0, 0, 0, 0, 0]|[0, 0, 2, 1, 3, 3, 0, 0, 0, 1, 1, 3, 0, 3, 3, 0, 3, 3, 3, 3]|[1, 0, 1, 0, 2, 0, 1, 0, 1, 1, 1, 1, 1, 2, 1, 2, 0, 2, 1, 1],409.047230276459;9712.789948995710;12805.715992083906,12805.715992083906,NOT_APPLICABLE,NOT_APPLICABLE,NOT_APPLICABLE,18
58,2,29555,G3_TWC,HISTORICAL,[6, 19, 12, 5, 4, 16, 3, 11, 15, 7, 2, 9, 8, 0, 17, 13, 14, 10, 18, 1]|[2, 2, 0, 1, 0, 0, 2, 2, 1, 1, 1, 0, 2, 0, 0, 0, 0, 0, 0, 0]|[0, 0, 2, 1, 3, 3, 0, 0, 0, 1, 1, 3, 0, 3, 3, 0, 3, 3, 3, 3]|[1, 0, 1, 0, 2, 0, 1, 0, 1, 1, 1, 1, 1, 2, 1, 2, 0, 2, 1, 1],409.047230276459;9712.789948995710;12805.715992083906,0,false,[6, 19, 12, 5, 4, 16, 3, 11, 15, 7, 2, 9, 8, 0, 17, 13, 14, 10, 18, 1]|[2, 2, 0, 1, 0, 0, 2, 2, 1, 1, 1, 0, 2, 0, 0, 0, 0, 0, 0, 0]|[0, 0, 2, 1, 3, 3, 0, 0, 0, 1, 1, 3, 0, 3, 3, 0, 3, 3, 3, 3]|[1, 0, 1, 0, 2, 0, 1, 0, 1, 1, 1, 1, 1, 2, 1, 2, 0, 2, 1, 1],409.047230276459;9712.789948995710;12805.715992083906,12805.715992083906,NOT_APPLICABLE,NOT_APPLICABLE,NOT_APPLICABLE,20
58,2,29555,G4_BALANCED,PREVIOUS,[6, 14, 15, 9, 2, 0, 11, 12, 18, 8, 16, 17, 10, 4, 3, 5, 7, 13, 1, 19]|[2, 1, 0, 2, 2, 0, 1, 1, 0, 2, 0, 0, 2, 2, 2, 0, 1, 1, 1, 1]|[1, 1, 0, 1, 0, 3, 1, 1, 0, 1, 3, 3, 1, 0, 0, 0, 1, 1, 1, 1]|[1, 1, 0, 1, 1, 2, 1, 1, 1, 0, 0, 0, 0, 1, 1, 2, 1, 1, 1, 1],262.413284176642;10016.439437909376;18863.516998106697,0,false,[6, 14, 15, 9, 2, 0, 11, 12, 18, 8, 16, 17, 10, 4, 3, 5, 7, 13, 1, 19]|[2, 1, 0, 2, 2, 0, 1, 1, 0, 2, 0, 0, 2, 2, 2, 0, 1, 1, 1, 1]|[1, 1, 0, 1, 0, 3, 1, 1, 0, 1, 3, 3, 1, 0, 0, 0, 1, 1, 1, 1]|[1, 1, 0, 1, 1, 2, 1, 1, 1, 0, 0, 0, 0, 1, 1, 2, 1, 1, 1, 1],262.413284176642;10016.439437909376;18863.516998106697,0.788199496175,NOT_APPLICABLE,NOT_APPLICABLE,NOT_APPLICABLE,22
58,2,29555,G4_BALANCED,HISTORICAL,[6, 14, 15, 9, 2, 0, 11, 12, 18, 8, 16, 17, 10, 4, 3, 5, 7, 13, 1, 19]|[2, 1, 0, 2, 2, 0, 1, 1, 0, 2, 0, 0, 2, 2, 2, 0, 1, 1, 1, 1]|[1, 1, 0, 1, 0, 3, 1, 1, 0, 1, 3, 3, 1, 0, 0, 0, 1, 1, 1, 1]|[1, 1, 0, 1, 1, 2, 1, 1, 1, 0, 0, 0, 0, 1, 1, 2, 1, 1, 1, 1],262.413284176642;10016.439437909376;18863.516998106697,0,false,[6, 14, 15, 9, 2, 0, 11, 12, 18, 8, 16, 17, 10, 4, 3, 5, 7, 13, 1, 19]|[2, 1, 0, 2, 2, 0, 1, 1, 0, 2, 0, 0, 2, 2, 2, 0, 1, 1, 1, 1]|[1, 1, 0, 1, 0, 3, 1, 1, 0, 1, 3, 3, 1, 0, 0, 0, 1, 1, 1, 1]|[1, 1, 0, 1, 1, 2, 1, 1, 1, 0, 0, 0, 0, 1, 1, 2, 1, 1, 1, 1],262.413284176642;10016.439437909376;18863.516998106697,0.788199496175,NOT_APPLICABLE,NOT_APPLICABLE,NOT_APPLICABLE,21
59,2,29655,G1_CMAX,PREVIOUS,[6, 19, 12, 5, 4, 16, 3, 9, 17, 7, 15, 8, 14, 13, 11, 18, 10, 0, 2, 1]|[2, 1, 1, 2, 1, 0, 2, 0, 0, 1, 1, 2, 0, 2, 1, 1, 2, 0, 2, 0]|[0, 1, 1, 0, 0, 3, 0, 3, 0, 1, 0, 1, 3, 0, 1, 1, 0, 3, 0, 3]|[1, 1, 0, 0, 1, 1, 0, 2, 0, 1, 1, 1, 2, 1, 0, 1, 0, 1, 1, 2],261.044067618293;10019.441812079522;19115.863345035556,0,false,[6, 19, 12, 5, 4, 16, 3, 9, 17, 7, 15, 8, 14, 13, 11, 18, 10, 0, 2, 1]|[2, 1, 1, 2, 1, 0, 2, 0, 0, 1, 1, 2, 0, 2, 1, 1, 2, 0, 2, 0]|[0, 1, 1, 0, 0, 3, 0, 3, 0, 1, 0, 1, 3, 0, 1, 1, 0, 3, 0, 3]|[1, 1, 0, 0, 1, 1, 0, 2, 0, 1, 1, 1, 2, 1, 0, 1, 0, 1, 1, 2],261.044067618293;10019.441812079522;19115.863345035556,261.044067618293,NOT_APPLICABLE,NOT_APPLICABLE,NOT_APPLICABLE,17
59,2,29655,G1_CMAX,HISTORICAL,[19, 5, 4, 16, 3, 9, 10, 17, 2, 6, 13, 1, 0, 12, 7, 8, 15, 14, 18, 11]|[1, 2, 1, 0, 1, 0, 2, 0, 2, 2, 2, 1, 1, 1, 1, 0, 1, 0, 0, 2]|[0, 1, 1, 3, 0, 3, 0, 0, 0, 0, 0, 1, 0, 1, 1, 0, 0, 3, 0, 1]|[1, 1, 0, 2, 1, 1, 0, 0, 1, 1, 1, 0, 1, 1, 1, 0, 0, 0, 1, 0],205.178521975543;10962.783729077695;15862.374381374957,0,false,[19, 5, 4, 16, 3, 9, 10, 17, 2, 6, 13, 1, 0, 12, 7, 8, 15, 14, 18, 11]|[1, 2, 1, 0, 1, 0, 2, 0, 2, 2, 2, 1, 1, 1, 1, 0, 1, 0, 0, 2]|[0, 1, 1, 3, 0, 3, 0, 0, 0, 0, 0, 1, 0, 1, 1, 0, 0, 3, 0, 1]|[1, 1, 0, 2, 1, 1, 0, 0, 1, 1, 1, 0, 1, 1, 1, 0, 0, 0, 1, 0],205.178521975543;10962.783729077695;15862.374381374957,205.178521975543,NOT_APPLICABLE,NOT_APPLICABLE,NOT_APPLICABLE,30
59,2,29655,G2_TEC,PREVIOUS,[6, 19, 12, 5, 4, 16, 3, 11, 15, 7, 2, 10, 8, 13, 14, 9, 17, 18, 1, 0]|[2, 2, 1, 1, 2, 0, 0, 2, 0, 1, 1, 0, 2, 0, 0, 0, 0, 1, 0, 0]|[0, 0, 1, 1, 0, 3, 3, 0, 3, 1, 1, 3, 0, 3, 3, 3, 3, 1, 3, 3]|[1, 0, 1, 0, 1, 0, 2, 0, 0, 1, 1, 2, 1, 1, 0, 1, 1, 1, 2, 0],418.037039260283;9139.393045995632;14778.061108897817,0,false,[6, 19, 12, 5, 4, 16, 3, 11, 15, 7, 2, 10, 8, 13, 14, 9, 17, 18, 1, 0]|[2, 2, 1, 1, 2, 0, 0, 2, 0, 1, 1, 0, 2, 0, 0, 0, 0, 1, 0, 0]|[0, 0, 1, 1, 0, 3, 3, 0, 3, 1, 1, 3, 0, 3, 3, 3, 3, 1, 3, 3]|[1, 0, 1, 0, 1, 0, 2, 0, 0, 1, 1, 2, 1, 1, 0, 1, 1, 1, 2, 0],418.037039260283;9139.393045995632;14778.061108897817,9139.393045995632,NOT_APPLICABLE,NOT_APPLICABLE,NOT_APPLICABLE,10
59,2,29655,G2_TEC,HISTORICAL,[6, 19, 12, 5, 4, 16, 3, 11, 15, 7, 2, 10, 8, 13, 14, 9, 17, 18, 1, 0]|[2, 2, 1, 1, 2, 0, 0, 2, 0, 1, 1, 0, 2, 0, 0, 0, 0, 1, 0, 0]|[0, 0, 1, 1, 0, 3, 3, 0, 3, 1, 1, 3, 0, 3, 3, 3, 3, 1, 3, 3]|[1, 0, 1, 0, 1, 0, 2, 0, 0, 1, 1, 2, 1, 1, 0, 1, 1, 1, 2, 0],418.037039260283;9139.393045995632;14778.061108897817,0,false,[6, 19, 12, 5, 4, 16, 3, 11, 15, 7, 2, 10, 8, 13, 14, 9, 17, 18, 1, 0]|[2, 2, 1, 1, 2, 0, 0, 2, 0, 1, 1, 0, 2, 0, 0, 0, 0, 1, 0, 0]|[0, 0, 1, 1, 0, 3, 3, 0, 3, 1, 1, 3, 0, 3, 3, 3, 3, 1, 3, 3]|[1, 0, 1, 0, 1, 0, 2, 0, 0, 1, 1, 2, 1, 1, 0, 1, 1, 1, 2, 0],418.037039260283;9139.393045995632;14778.061108897817,9139.393045995632,NOT_APPLICABLE,NOT_APPLICABLE,NOT_APPLICABLE,36
59,2,29655,G3_TWC,PREVIOUS,[6, 19, 12, 5, 4, 16, 3, 11, 15, 7, 2, 9, 8, 0, 17, 13, 14, 10, 18, 1]|[2, 2, 0, 1, 0, 0, 2, 2, 1, 1, 1, 0, 2, 0, 0, 0, 0, 0, 0, 0]|[0, 0, 2, 1, 3, 3, 0, 0, 0, 1, 1, 3, 0, 3, 3, 0, 3, 3, 3, 3]|[1, 0, 1, 0, 2, 0, 1, 0, 1, 1, 1, 1, 1, 2, 1, 2, 0, 2, 1, 1],409.047230276459;9712.789948995710;12805.715992083906,0,false,[6, 19, 12, 5, 4, 16, 3, 11, 15, 7, 2, 9, 8, 0, 17, 13, 14, 10, 18, 1]|[2, 2, 0, 1, 0, 0, 2, 2, 1, 1, 1, 0, 2, 0, 0, 0, 0, 0, 0, 0]|[0, 0, 2, 1, 3, 3, 0, 0, 0, 1, 1, 3, 0, 3, 3, 0, 3, 3, 3, 3]|[1, 0, 1, 0, 2, 0, 1, 0, 1, 1, 1, 1, 1, 2, 1, 2, 0, 2, 1, 1],409.047230276459;9712.789948995710;12805.715992083906,12805.715992083906,NOT_APPLICABLE,NOT_APPLICABLE,NOT_APPLICABLE,18
59,2,29655,G3_TWC,HISTORICAL,[6, 19, 12, 5, 4, 16, 3, 11, 15, 7, 2, 9, 8, 0, 17, 13, 14, 10, 18, 1]|[2, 2, 0, 1, 0, 0, 2, 2, 1, 1, 1, 0, 2, 0, 0, 0, 0, 0, 0, 0]|[0, 0, 2, 1, 3, 3, 0, 0, 0, 1, 1, 3, 0, 3, 3, 0, 3, 3, 3, 3]|[1, 0, 1, 0, 2, 0, 1, 0, 1, 1, 1, 1, 1, 2, 1, 2, 0, 2, 1, 1],409.047230276459;9712.789948995710;12805.715992083906,0,false,[6, 19, 12, 5, 4, 16, 3, 11, 15, 7, 2, 9, 8, 0, 17, 13, 14, 10, 18, 1]|[2, 2, 0, 1, 0, 0, 2, 2, 1, 1, 1, 0, 2, 0, 0, 0, 0, 0, 0, 0]|[0, 0, 2, 1, 3, 3, 0, 0, 0, 1, 1, 3, 0, 3, 3, 0, 3, 3, 3, 3]|[1, 0, 1, 0, 2, 0, 1, 0, 1, 1, 1, 1, 1, 2, 1, 2, 0, 2, 1, 1],409.047230276459;9712.789948995710;12805.715992083906,12805.715992083906,NOT_APPLICABLE,NOT_APPLICABLE,NOT_APPLICABLE,21
59,2,29655,G4_BALANCED,PREVIOUS,[6, 14, 15, 9, 2, 0, 11, 12, 18, 8, 16, 17, 10, 4, 3, 5, 7, 13, 1, 19]|[2, 1, 0, 2, 2, 0, 1, 1, 0, 2, 0, 0, 2, 2, 2, 0, 1, 1, 1, 1]|[1, 1, 0, 1, 0, 3, 1, 1, 0, 1, 3, 3, 1, 0, 0, 0, 1, 1, 1, 1]|[1, 1, 0, 1, 1, 2, 1, 1, 1, 0, 0, 0, 0, 1, 1, 2, 1, 1, 1, 1],262.413284176642;10016.439437909376;18863.516998106697,0,false,[6, 14, 15, 9, 2, 0, 11, 12, 18, 8, 16, 17, 10, 4, 3, 5, 7, 13, 1, 19]|[2, 1, 0, 2, 2, 0, 1, 1, 0, 2, 0, 0, 2, 2, 2, 0, 1, 1, 1, 1]|[1, 1, 0, 1, 0, 3, 1, 1, 0, 1, 3, 3, 1, 0, 0, 0, 1, 1, 1, 1]|[1, 1, 0, 1, 1, 2, 1, 1, 1, 0, 0, 0, 0, 1, 1, 2, 1, 1, 1, 1],262.413284176642;10016.439437909376;18863.516998106697,0.788199496175,NOT_APPLICABLE,NOT_APPLICABLE,NOT_APPLICABLE,23
59,2,29655,G4_BALANCED,HISTORICAL,[6, 14, 15, 9, 2, 0, 11, 12, 18, 8, 16, 17, 10, 4, 3, 5, 7, 13, 1, 19]|[2, 1, 0, 2, 2, 0, 1, 1, 0, 2, 0, 0, 2, 2, 2, 0, 1, 1, 1, 1]|[1, 1, 0, 1, 0, 3, 1, 1, 0, 1, 3, 3, 1, 0, 0, 0, 1, 1, 1, 1]|[1, 1, 0, 1, 1, 2, 1, 1, 1, 0, 0, 0, 0, 1, 1, 2, 1, 1, 1, 1],262.413284176642;10016.439437909376;18863.516998106697,0,false,[6, 14, 15, 9, 2, 0, 11, 12, 18, 8, 16, 17, 10, 4, 3, 5, 7, 13, 1, 19]|[2, 1, 0, 2, 2, 0, 1, 1, 0, 2, 0, 0, 2, 2, 2, 0, 1, 1, 1, 1]|[1, 1, 0, 1, 0, 3, 1, 1, 0, 1, 3, 3, 1, 0, 0, 0, 1, 1, 1, 1]|[1, 1, 0, 1, 1, 2, 1, 1, 1, 0, 0, 0, 0, 1, 1, 2, 1, 1, 1, 1],262.413284176642;10016.439437909376;18863.516998106697,0.788199496175,NOT_APPLICABLE,NOT_APPLICABLE,NOT_APPLICABLE,21
60,2,29755,G1_CMAX,PREVIOUS,[6, 19, 12, 5, 4, 16, 3, 9, 17, 7, 15, 8, 14, 13, 11, 18, 10, 0, 2, 1]|[2, 1, 1, 2, 1, 0, 2, 0, 0, 1, 1, 2, 0, 2, 1, 1, 2, 0, 2, 0]|[0, 1, 1, 0, 0, 3, 0, 3, 0, 1, 0, 1, 3, 0, 1, 1, 0, 3, 0, 3]|[1, 1, 0, 0, 1, 1, 0, 2, 0, 1, 1, 1, 2, 1, 0, 1, 0, 1, 1, 2],261.044067618293;10019.441812079522;19115.863345035556,1,true,[6, 19, 12, 5, 4, 16, 3, 9, 8, 14, 0, 17, 10, 1, 15, 2, 7, 13, 18, 11]|[2, 1, 1, 2, 2, 0, 1, 0, 2, 1, 0, 0, 2, 0, 1, 2, 0, 1, 0, 1]|[0, 1, 1, 0, 0, 3, 0, 3, 1, 1, 3, 3, 0, 3, 0, 0, 3, 1, 0, 1]|[1, 1, 0, 0, 1, 2, 1, 2, 1, 1, 2, 0, 0, 2, 1, 1, 2, 1, 1, 1],245.480490912130;9797.072682148984;18980.316387140036,245.480490912130,29755,29755,0,18
60,2,29755,G1_CMAX,HISTORICAL,[19, 5, 4, 16, 3, 9, 10, 17, 2, 6, 13, 1, 0, 12, 7, 8, 15, 14, 18, 11]|[1, 2, 1, 0, 1, 0, 2, 0, 2, 2, 2, 1, 1, 1, 1, 0, 1, 0, 0, 2]|[0, 1, 1, 3, 0, 3, 0, 0, 0, 0, 0, 1, 0, 1, 1, 0, 0, 3, 0, 1]|[1, 1, 0, 2, 1, 1, 0, 0, 1, 1, 1, 0, 1, 1, 1, 0, 0, 0, 1, 0],205.178521975543;10962.783729077695;15862.374381374957,0,false,[19, 5, 4, 16, 3, 9, 10, 17, 2, 6, 13, 1, 0, 12, 7, 8, 15, 14, 18, 11]|[1, 2, 1, 0, 1, 0, 2, 0, 2, 2, 2, 1, 1, 1, 1, 0, 1, 0, 0, 2]|[0, 1, 1, 3, 0, 3, 0, 0, 0, 0, 0, 1, 0, 1, 1, 0, 0, 3, 0, 1]|[1, 1, 0, 2, 1, 1, 0, 0, 1, 1, 1, 0, 1, 1, 1, 0, 0, 0, 1, 0],205.178521975543;10962.783729077695;15862.374381374957,205.178521975543,NOT_APPLICABLE,NOT_APPLICABLE,NOT_APPLICABLE,30
60,2,29755,G2_TEC,PREVIOUS,[6, 19, 12, 5, 4, 16, 3, 11, 15, 7, 2, 10, 8, 13, 14, 9, 17, 18, 1, 0]|[2, 2, 1, 1, 2, 0, 0, 2, 0, 1, 1, 0, 2, 0, 0, 0, 0, 1, 0, 0]|[0, 0, 1, 1, 0, 3, 3, 0, 3, 1, 1, 3, 0, 3, 3, 3, 3, 1, 3, 3]|[1, 0, 1, 0, 1, 0, 2, 0, 0, 1, 1, 2, 1, 1, 0, 1, 1, 1, 2, 0],418.037039260283;9139.393045995632;14778.061108897817,0,false,[6, 19, 12, 5, 4, 16, 3, 11, 15, 7, 2, 10, 8, 13, 14, 9, 17, 18, 1, 0]|[2, 2, 1, 1, 2, 0, 0, 2, 0, 1, 1, 0, 2, 0, 0, 0, 0, 1, 0, 0]|[0, 0, 1, 1, 0, 3, 3, 0, 3, 1, 1, 3, 0, 3, 3, 3, 3, 1, 3, 3]|[1, 0, 1, 0, 1, 0, 2, 0, 0, 1, 1, 2, 1, 1, 0, 1, 1, 1, 2, 0],418.037039260283;9139.393045995632;14778.061108897817,9139.393045995632,NOT_APPLICABLE,NOT_APPLICABLE,NOT_APPLICABLE,10
60,2,29755,G2_TEC,HISTORICAL,[6, 19, 12, 5, 4, 16, 3, 11, 15, 7, 2, 10, 8, 13, 14, 9, 17, 18, 1, 0]|[2, 2, 1, 1, 2, 0, 0, 2, 0, 1, 1, 0, 2, 0, 0, 0, 0, 1, 0, 0]|[0, 0, 1, 1, 0, 3, 3, 0, 3, 1, 1, 3, 0, 3, 3, 3, 3, 1, 3, 3]|[1, 0, 1, 0, 1, 0, 2, 0, 0, 1, 1, 2, 1, 1, 0, 1, 1, 1, 2, 0],418.037039260283;9139.393045995632;14778.061108897817,0,false,[6, 19, 12, 5, 4, 16, 3, 11, 15, 7, 2, 10, 8, 13, 14, 9, 17, 18, 1, 0]|[2, 2, 1, 1, 2, 0, 0, 2, 0, 1, 1, 0, 2, 0, 0, 0, 0, 1, 0, 0]|[0, 0, 1, 1, 0, 3, 3, 0, 3, 1, 1, 3, 0, 3, 3, 3, 3, 1, 3, 3]|[1, 0, 1, 0, 1, 0, 2, 0, 0, 1, 1, 2, 1, 1, 0, 1, 1, 1, 2, 0],418.037039260283;9139.393045995632;14778.061108897817,9139.393045995632,NOT_APPLICABLE,NOT_APPLICABLE,NOT_APPLICABLE,37
60,2,29755,G3_TWC,PREVIOUS,[6, 19, 12, 5, 4, 16, 3, 11, 15, 7, 2, 9, 8, 0, 17, 13, 14, 10, 18, 1]|[2, 2, 0, 1, 0, 0, 2, 2, 1, 1, 1, 0, 2, 0, 0, 0, 0, 0, 0, 0]|[0, 0, 2, 1, 3, 3, 0, 0, 0, 1, 1, 3, 0, 3, 3, 0, 3, 3, 3, 3]|[1, 0, 1, 0, 2, 0, 1, 0, 1, 1, 1, 1, 1, 2, 1, 2, 0, 2, 1, 1],409.047230276459;9712.789948995710;12805.715992083906,0,false,[6, 19, 12, 5, 4, 16, 3, 11, 15, 7, 2, 9, 8, 0, 17, 13, 14, 10, 18, 1]|[2, 2, 0, 1, 0, 0, 2, 2, 1, 1, 1, 0, 2, 0, 0, 0, 0, 0, 0, 0]|[0, 0, 2, 1, 3, 3, 0, 0, 0, 1, 1, 3, 0, 3, 3, 0, 3, 3, 3, 3]|[1, 0, 1, 0, 2, 0, 1, 0, 1, 1, 1, 1, 1, 2, 1, 2, 0, 2, 1, 1],409.047230276459;9712.789948995710;12805.715992083906,12805.715992083906,NOT_APPLICABLE,NOT_APPLICABLE,NOT_APPLICABLE,18
60,2,29755,G3_TWC,HISTORICAL,[6, 19, 12, 5, 4, 16, 3, 11, 15, 7, 2, 9, 8, 0, 17, 13, 14, 10, 18, 1]|[2, 2, 0, 1, 0, 0, 2, 2, 1, 1, 1, 0, 2, 0, 0, 0, 0, 0, 0, 0]|[0, 0, 2, 1, 3, 3, 0, 0, 0, 1, 1, 3, 0, 3, 3, 0, 3, 3, 3, 3]|[1, 0, 1, 0, 2, 0, 1, 0, 1, 1, 1, 1, 1, 2, 1, 2, 0, 2, 1, 1],409.047230276459;9712.789948995710;12805.715992083906,0,false,[6, 19, 12, 5, 4, 16, 3, 11, 15, 7, 2, 9, 8, 0, 17, 13, 14, 10, 18, 1]|[2, 2, 0, 1, 0, 0, 2, 2, 1, 1, 1, 0, 2, 0, 0, 0, 0, 0, 0, 0]|[0, 0, 2, 1, 3, 3, 0, 0, 0, 1, 1, 3, 0, 3, 3, 0, 3, 3, 3, 3]|[1, 0, 1, 0, 2, 0, 1, 0, 1, 1, 1, 1, 1, 2, 1, 2, 0, 2, 1, 1],409.047230276459;9712.789948995710;12805.715992083906,12805.715992083906,NOT_APPLICABLE,NOT_APPLICABLE,NOT_APPLICABLE,22
60,2,29755,G4_BALANCED,PREVIOUS,[6, 14, 15, 9, 2, 0, 11, 12, 18, 8, 16, 17, 10, 4, 3, 5, 7, 13, 1, 19]|[2, 1, 0, 2, 2, 0, 1, 1, 0, 2, 0, 0, 2, 2, 2, 0, 1, 1, 1, 1]|[1, 1, 0, 1, 0, 3, 1, 1, 0, 1, 3, 3, 1, 0, 0, 0, 1, 1, 1, 1]|[1, 1, 0, 1, 1, 2, 1, 1, 1, 0, 0, 0, 0, 1, 1, 2, 1, 1, 1, 1],262.413284176642;10016.439437909376;18863.516998106697,0,false,[6, 14, 15, 9, 2, 0, 11, 12, 18, 8, 16, 17, 10, 4, 3, 5, 7, 13, 1, 19]|[2, 1, 0, 2, 2, 0, 1, 1, 0, 2, 0, 0, 2, 2, 2, 0, 1, 1, 1, 1]|[1, 1, 0, 1, 0, 3, 1, 1, 0, 1, 3, 3, 1, 0, 0, 0, 1, 1, 1, 1]|[1, 1, 0, 1, 1, 2, 1, 1, 1, 0, 0, 0, 0, 1, 1, 2, 1, 1, 1, 1],262.413284176642;10016.439437909376;18863.516998106697,0.788199496175,NOT_APPLICABLE,NOT_APPLICABLE,NOT_APPLICABLE,24
60,2,29755,G4_BALANCED,HISTORICAL,[6, 14, 15, 9, 2, 0, 11, 12, 18, 8, 16, 17, 10, 4, 3, 5, 7, 13, 1, 19]|[2, 1, 0, 2, 2, 0, 1, 1, 0, 2, 0, 0, 2, 2, 2, 0, 1, 1, 1, 1]|[1, 1, 0, 1, 0, 3, 1, 1, 0, 1, 3, 3, 1, 0, 0, 0, 1, 1, 1, 1]|[1, 1, 0, 1, 1, 2, 1, 1, 1, 0, 0, 0, 0, 1, 1, 2, 1, 1, 1, 1],262.413284176642;10016.439437909376;18863.516998106697,0,false,[6, 14, 15, 9, 2, 0, 11, 12, 18, 8, 16, 17, 10, 4, 3, 5, 7, 13, 1, 19]|[2, 1, 0, 2, 2, 0, 1, 1, 0, 2, 0, 0, 2, 2, 2, 0, 1, 1, 1, 1]|[1, 1, 0, 1, 0, 3, 1, 1, 0, 1, 3, 3, 1, 0, 0, 0, 1, 1, 1, 1]|[1, 1, 0, 1, 1, 2, 1, 1, 1, 0, 0, 0, 0, 1, 1, 2, 1, 1, 1, 1],262.413284176642;10016.439437909376;18863.516998106697,0.788199496175,NOT_APPLICABLE,NOT_APPLICABLE,NOT_APPLICABLE,21
61,2,29855,G1_CMAX,PREVIOUS,[6, 19, 12, 5, 4, 16, 3, 9, 8, 14, 0, 17, 10, 1, 15, 2, 7, 13, 18, 11]|[2, 1, 1, 2, 2, 0, 1, 0, 2, 1, 0, 0, 2, 0, 1, 2, 0, 1, 0, 1]|[0, 1, 1, 0, 0, 3, 0, 3, 1, 1, 3, 3, 0, 3, 0, 0, 3, 1, 0, 1]|[1, 1, 0, 0, 1, 2, 1, 2, 1, 1, 2, 0, 0, 2, 1, 1, 2, 1, 1, 1],245.480490912130;9797.072682148984;18980.316387140036,0,false,[6, 19, 12, 5, 4, 16, 3, 9, 8, 14, 0, 17, 10, 1, 15, 2, 7, 13, 18, 11]|[2, 1, 1, 2, 2, 0, 1, 0, 2, 1, 0, 0, 2, 0, 1, 2, 0, 1, 0, 1]|[0, 1, 1, 0, 0, 3, 0, 3, 1, 1, 3, 3, 0, 3, 0, 0, 3, 1, 0, 1]|[1, 1, 0, 0, 1, 2, 1, 2, 1, 1, 2, 0, 0, 2, 1, 1, 2, 1, 1, 1],245.480490912130;9797.072682148984;18980.316387140036,245.480490912130,NOT_APPLICABLE,NOT_APPLICABLE,NOT_APPLICABLE,19
61,2,29855,G1_CMAX,HISTORICAL,[19, 5, 4, 16, 3, 9, 10, 17, 2, 6, 13, 1, 0, 12, 7, 8, 15, 14, 18, 11]|[1, 2, 1, 0, 1, 0, 2, 0, 2, 2, 2, 1, 1, 1, 1, 0, 1, 0, 0, 2]|[0, 1, 1, 3, 0, 3, 0, 0, 0, 0, 0, 1, 0, 1, 1, 0, 0, 3, 0, 1]|[1, 1, 0, 2, 1, 1, 0, 0, 1, 1, 1, 0, 1, 1, 1, 0, 0, 0, 1, 0],205.178521975543;10962.783729077695;15862.374381374957,0,false,[19, 5, 4, 16, 3, 9, 10, 17, 2, 6, 13, 1, 0, 12, 7, 8, 15, 14, 18, 11]|[1, 2, 1, 0, 1, 0, 2, 0, 2, 2, 2, 1, 1, 1, 1, 0, 1, 0, 0, 2]|[0, 1, 1, 3, 0, 3, 0, 0, 0, 0, 0, 1, 0, 1, 1, 0, 0, 3, 0, 1]|[1, 1, 0, 2, 1, 1, 0, 0, 1, 1, 1, 0, 1, 1, 1, 0, 0, 0, 1, 0],205.178521975543;10962.783729077695;15862.374381374957,205.178521975543,NOT_APPLICABLE,NOT_APPLICABLE,NOT_APPLICABLE,30
61,2,29855,G2_TEC,PREVIOUS,[6, 19, 12, 5, 4, 16, 3, 11, 15, 7, 2, 10, 8, 13, 14, 9, 17, 18, 1, 0]|[2, 2, 1, 1, 2, 0, 0, 2, 0, 1, 1, 0, 2, 0, 0, 0, 0, 1, 0, 0]|[0, 0, 1, 1, 0, 3, 3, 0, 3, 1, 1, 3, 0, 3, 3, 3, 3, 1, 3, 3]|[1, 0, 1, 0, 1, 0, 2, 0, 0, 1, 1, 2, 1, 1, 0, 1, 1, 1, 2, 0],418.037039260283;9139.393045995632;14778.061108897817,0,false,[6, 19, 12, 5, 4, 16, 3, 11, 15, 7, 2, 10, 8, 13, 14, 9, 17, 18, 1, 0]|[2, 2, 1, 1, 2, 0, 0, 2, 0, 1, 1, 0, 2, 0, 0, 0, 0, 1, 0, 0]|[0, 0, 1, 1, 0, 3, 3, 0, 3, 1, 1, 3, 0, 3, 3, 3, 3, 1, 3, 3]|[1, 0, 1, 0, 1, 0, 2, 0, 0, 1, 1, 2, 1, 1, 0, 1, 1, 1, 2, 0],418.037039260283;9139.393045995632;14778.061108897817,9139.393045995632,NOT_APPLICABLE,NOT_APPLICABLE,NOT_APPLICABLE,10
61,2,29855,G2_TEC,HISTORICAL,[6, 19, 12, 5, 4, 16, 3, 11, 15, 7, 2, 10, 8, 13, 14, 9, 17, 18, 1, 0]|[2, 2, 1, 1, 2, 0, 0, 2, 0, 1, 1, 0, 2, 0, 0, 0, 0, 1, 0, 0]|[0, 0, 1, 1, 0, 3, 3, 0, 3, 1, 1, 3, 0, 3, 3, 3, 3, 1, 3, 3]|[1, 0, 1, 0, 1, 0, 2, 0, 0, 1, 1, 2, 1, 1, 0, 1, 1, 1, 2, 0],418.037039260283;9139.393045995632;14778.061108897817,0,false,[6, 19, 12, 5, 4, 16, 3, 11, 15, 7, 2, 10, 8, 13, 14, 9, 17, 18, 1, 0]|[2, 2, 1, 1, 2, 0, 0, 2, 0, 1, 1, 0, 2, 0, 0, 0, 0, 1, 0, 0]|[0, 0, 1, 1, 0, 3, 3, 0, 3, 1, 1, 3, 0, 3, 3, 3, 3, 1, 3, 3]|[1, 0, 1, 0, 1, 0, 2, 0, 0, 1, 1, 2, 1, 1, 0, 1, 1, 1, 2, 0],418.037039260283;9139.393045995632;14778.061108897817,9139.393045995632,NOT_APPLICABLE,NOT_APPLICABLE,NOT_APPLICABLE,38
61,2,29855,G3_TWC,PREVIOUS,[6, 19, 12, 5, 4, 16, 3, 11, 15, 7, 2, 9, 8, 0, 17, 13, 14, 10, 18, 1]|[2, 2, 0, 1, 0, 0, 2, 2, 1, 1, 1, 0, 2, 0, 0, 0, 0, 0, 0, 0]|[0, 0, 2, 1, 3, 3, 0, 0, 0, 1, 1, 3, 0, 3, 3, 0, 3, 3, 3, 3]|[1, 0, 1, 0, 2, 0, 1, 0, 1, 1, 1, 1, 1, 2, 1, 2, 0, 2, 1, 1],409.047230276459;9712.789948995710;12805.715992083906,0,false,[6, 19, 12, 5, 4, 16, 3, 11, 15, 7, 2, 9, 8, 0, 17, 13, 14, 10, 18, 1]|[2, 2, 0, 1, 0, 0, 2, 2, 1, 1, 1, 0, 2, 0, 0, 0, 0, 0, 0, 0]|[0, 0, 2, 1, 3, 3, 0, 0, 0, 1, 1, 3, 0, 3, 3, 0, 3, 3, 3, 3]|[1, 0, 1, 0, 2, 0, 1, 0, 1, 1, 1, 1, 1, 2, 1, 2, 0, 2, 1, 1],409.047230276459;9712.789948995710;12805.715992083906,12805.715992083906,NOT_APPLICABLE,NOT_APPLICABLE,NOT_APPLICABLE,18
61,2,29855,G3_TWC,HISTORICAL,[6, 19, 12, 5, 4, 16, 3, 11, 15, 7, 2, 9, 8, 0, 17, 13, 14, 10, 18, 1]|[2, 2, 0, 1, 0, 0, 2, 2, 1, 1, 1, 0, 2, 0, 0, 0, 0, 0, 0, 0]|[0, 0, 2, 1, 3, 3, 0, 0, 0, 1, 1, 3, 0, 3, 3, 0, 3, 3, 3, 3]|[1, 0, 1, 0, 2, 0, 1, 0, 1, 1, 1, 1, 1, 2, 1, 2, 0, 2, 1, 1],409.047230276459;9712.789948995710;12805.715992083906,0,false,[6, 19, 12, 5, 4, 16, 3, 11, 15, 7, 2, 9, 8, 0, 17, 13, 14, 10, 18, 1]|[2, 2, 0, 1, 0, 0, 2, 2, 1, 1, 1, 0, 2, 0, 0, 0, 0, 0, 0, 0]|[0, 0, 2, 1, 3, 3, 0, 0, 0, 1, 1, 3, 0, 3, 3, 0, 3, 3, 3, 3]|[1, 0, 1, 0, 2, 0, 1, 0, 1, 1, 1, 1, 1, 2, 1, 2, 0, 2, 1, 1],409.047230276459;9712.789948995710;12805.715992083906,12805.715992083906,NOT_APPLICABLE,NOT_APPLICABLE,NOT_APPLICABLE,23
61,2,29855,G4_BALANCED,PREVIOUS,[6, 19, 12, 5, 4, 16, 3, 9, 10, 17, 2, 7, 8, 1, 13, 15, 18, 0, 14, 11]|[2, 1, 1, 1, 2, 0, 1, 1, 0, 1, 2, 0, 2, 0, 2, 0, 0, 0, 0, 1]|[0, 1, 1, 1, 0, 3, 0, 1, 3, 1, 0, 3, 0, 3, 0, 3, 0, 3, 3, 1]|[1, 1, 1, 0, 0, 0, 1, 1, 0, 1, 1, 2, 1, 2, 1, 2, 1, 0, 2, 1],300.997202572905;9289.957735440914;16197.837967529533,0,false,[6, 19, 12, 5, 4, 16, 3, 9, 10, 17, 2, 7, 8, 1, 13, 15, 18, 0, 14, 11]|[2, 1, 1, 1, 2, 0, 1, 1, 0, 1, 2, 0, 2, 0, 2, 0, 0, 0, 0, 1]|[0, 1, 1, 1, 0, 3, 0, 1, 3, 1, 0, 3, 0, 3, 0, 3, 0, 3, 3, 1]|[1, 1, 1, 0, 0, 0, 1, 1, 0, 1, 1, 2, 1, 2, 1, 2, 1, 0, 2, 1],300.997202572905;9289.957735440914;16197.837967529533,0.441359633529,NOT_APPLICABLE,NOT_APPLICABLE,NOT_APPLICABLE,24
61,2,29855,G4_BALANCED,HISTORICAL,[6, 14, 15, 9, 2, 0, 11, 12, 18, 8, 16, 17, 10, 4, 3, 5, 7, 13, 1, 19]|[2, 1, 0, 2, 2, 0, 1, 1, 0, 2, 0, 0, 2, 2, 2, 0, 1, 1, 1, 1]|[1, 1, 0, 1, 0, 3, 1, 1, 0, 1, 3, 3, 1, 0, 0, 0, 1, 1, 1, 1]|[1, 1, 0, 1, 1, 2, 1, 1, 1, 0, 0, 0, 0, 1, 1, 2, 1, 1, 1, 1],262.413284176642;10016.439437909376;18863.516998106697,0,false,[6, 14, 15, 9, 2, 0, 11, 12, 18, 8, 16, 17, 10, 4, 3, 5, 7, 13, 1, 19]|[2, 1, 0, 2, 2, 0, 1, 1, 0, 2, 0, 0, 2, 2, 2, 0, 1, 1, 1, 1]|[1, 1, 0, 1, 0, 3, 1, 1, 0, 1, 3, 3, 1, 0, 0, 0, 1, 1, 1, 1]|[1, 1, 0, 1, 1, 2, 1, 1, 1, 0, 0, 0, 0, 1, 1, 2, 1, 1, 1, 1],262.413284176642;10016.439437909376;18863.516998106697,0.788199496175,NOT_APPLICABLE,NOT_APPLICABLE,NOT_APPLICABLE,21
62,2,29955,G1_CMAX,PREVIOUS,[6, 19, 12, 5, 4, 16, 3, 9, 8, 14, 0, 17, 10, 1, 15, 2, 7, 13, 18, 11]|[2, 1, 1, 2, 2, 0, 1, 0, 2, 1, 0, 0, 2, 0, 1, 2, 0, 1, 0, 1]|[0, 1, 1, 0, 0, 3, 0, 3, 1, 1, 3, 3, 0, 3, 0, 0, 3, 1, 0, 1]|[1, 1, 0, 0, 1, 2, 1, 2, 1, 1, 2, 0, 0, 2, 1, 1, 2, 1, 1, 1],245.480490912130;9797.072682148984;18980.316387140036,0,false,[6, 19, 12, 5, 4, 16, 3, 9, 8, 14, 0, 17, 10, 1, 15, 2, 7, 13, 18, 11]|[2, 1, 1, 2, 2, 0, 1, 0, 2, 1, 0, 0, 2, 0, 1, 2, 0, 1, 0, 1]|[0, 1, 1, 0, 0, 3, 0, 3, 1, 1, 3, 3, 0, 3, 0, 0, 3, 1, 0, 1]|[1, 1, 0, 0, 1, 2, 1, 2, 1, 1, 2, 0, 0, 2, 1, 1, 2, 1, 1, 1],245.480490912130;9797.072682148984;18980.316387140036,245.480490912130,NOT_APPLICABLE,NOT_APPLICABLE,NOT_APPLICABLE,20
62,2,29955,G1_CMAX,HISTORICAL,[19, 5, 4, 16, 3, 9, 10, 17, 2, 6, 13, 1, 0, 12, 7, 8, 15, 14, 18, 11]|[1, 2, 1, 0, 1, 0, 2, 0, 2, 2, 2, 1, 1, 1, 1, 0, 1, 0, 0, 2]|[0, 1, 1, 3, 0, 3, 0, 0, 0, 0, 0, 1, 0, 1, 1, 0, 0, 3, 0, 1]|[1, 1, 0, 2, 1, 1, 0, 0, 1, 1, 1, 0, 1, 1, 1, 0, 0, 0, 1, 0],205.178521975543;10962.783729077695;15862.374381374957,0,false,[19, 5, 4, 16, 3, 9, 10, 17, 2, 6, 13, 1, 0, 12, 7, 8, 15, 14, 18, 11]|[1, 2, 1, 0, 1, 0, 2, 0, 2, 2, 2, 1, 1, 1, 1, 0, 1, 0, 0, 2]|[0, 1, 1, 3, 0, 3, 0, 0, 0, 0, 0, 1, 0, 1, 1, 0, 0, 3, 0, 1]|[1, 1, 0, 2, 1, 1, 0, 0, 1, 1, 1, 0, 1, 1, 1, 0, 0, 0, 1, 0],205.178521975543;10962.783729077695;15862.374381374957,205.178521975543,NOT_APPLICABLE,NOT_APPLICABLE,NOT_APPLICABLE,30
62,2,29955,G2_TEC,PREVIOUS,[6, 19, 12, 5, 4, 16, 3, 11, 15, 7, 2, 10, 8, 13, 14, 9, 17, 18, 1, 0]|[2, 2, 1, 1, 2, 0, 0, 2, 0, 1, 1, 0, 2, 0, 0, 0, 0, 1, 0, 0]|[0, 0, 1, 1, 0, 3, 3, 0, 3, 1, 1, 3, 0, 3, 3, 3, 3, 1, 3, 3]|[1, 0, 1, 0, 1, 0, 2, 0, 0, 1, 1, 2, 1, 1, 0, 1, 1, 1, 2, 0],418.037039260283;9139.393045995632;14778.061108897817,0,false,[6, 19, 12, 5, 4, 16, 3, 11, 15, 7, 2, 10, 8, 13, 14, 9, 17, 18, 1, 0]|[2, 2, 1, 1, 2, 0, 0, 2, 0, 1, 1, 0, 2, 0, 0, 0, 0, 1, 0, 0]|[0, 0, 1, 1, 0, 3, 3, 0, 3, 1, 1, 3, 0, 3, 3, 3, 3, 1, 3, 3]|[1, 0, 1, 0, 1, 0, 2, 0, 0, 1, 1, 2, 1, 1, 0, 1, 1, 1, 2, 0],418.037039260283;9139.393045995632;14778.061108897817,9139.393045995632,NOT_APPLICABLE,NOT_APPLICABLE,NOT_APPLICABLE,10
62,2,29955,G2_TEC,HISTORICAL,[6, 19, 12, 5, 4, 16, 3, 11, 15, 7, 2, 10, 8, 13, 14, 9, 17, 18, 1, 0]|[2, 2, 1, 1, 2, 0, 0, 2, 0, 1, 1, 0, 2, 0, 0, 0, 0, 1, 0, 0]|[0, 0, 1, 1, 0, 3, 3, 0, 3, 1, 1, 3, 0, 3, 3, 3, 3, 1, 3, 3]|[1, 0, 1, 0, 1, 0, 2, 0, 0, 1, 1, 2, 1, 1, 0, 1, 1, 1, 2, 0],418.037039260283;9139.393045995632;14778.061108897817,0,false,[6, 19, 12, 5, 4, 16, 3, 11, 15, 7, 2, 10, 8, 13, 14, 9, 17, 18, 1, 0]|[2, 2, 1, 1, 2, 0, 0, 2, 0, 1, 1, 0, 2, 0, 0, 0, 0, 1, 0, 0]|[0, 0, 1, 1, 0, 3, 3, 0, 3, 1, 1, 3, 0, 3, 3, 3, 3, 1, 3, 3]|[1, 0, 1, 0, 1, 0, 2, 0, 0, 1, 1, 2, 1, 1, 0, 1, 1, 1, 2, 0],418.037039260283;9139.393045995632;14778.061108897817,9139.393045995632,NOT_APPLICABLE,NOT_APPLICABLE,NOT_APPLICABLE,39
62,2,29955,G3_TWC,PREVIOUS,[6, 19, 12, 5, 4, 16, 3, 11, 15, 7, 2, 9, 8, 0, 17, 13, 14, 10, 18, 1]|[2, 2, 0, 1, 0, 0, 2, 2, 1, 1, 1, 0, 2, 0, 0, 0, 0, 0, 0, 0]|[0, 0, 2, 1, 3, 3, 0, 0, 0, 1, 1, 3, 0, 3, 3, 0, 3, 3, 3, 3]|[1, 0, 1, 0, 2, 0, 1, 0, 1, 1, 1, 1, 1, 2, 1, 2, 0, 2, 1, 1],409.047230276459;9712.789948995710;12805.715992083906,0,false,[6, 19, 12, 5, 4, 16, 3, 11, 15, 7, 2, 9, 8, 0, 17, 13, 14, 10, 18, 1]|[2, 2, 0, 1, 0, 0, 2, 2, 1, 1, 1, 0, 2, 0, 0, 0, 0, 0, 0, 0]|[0, 0, 2, 1, 3, 3, 0, 0, 0, 1, 1, 3, 0, 3, 3, 0, 3, 3, 3, 3]|[1, 0, 1, 0, 2, 0, 1, 0, 1, 1, 1, 1, 1, 2, 1, 2, 0, 2, 1, 1],409.047230276459;9712.789948995710;12805.715992083906,12805.715992083906,NOT_APPLICABLE,NOT_APPLICABLE,NOT_APPLICABLE,18
62,2,29955,G3_TWC,HISTORICAL,[6, 19, 12, 5, 4, 16, 3, 11, 15, 7, 2, 9, 8, 0, 17, 13, 14, 10, 18, 1]|[2, 2, 0, 1, 0, 0, 2, 2, 1, 1, 1, 0, 2, 0, 0, 0, 0, 0, 0, 0]|[0, 0, 2, 1, 3, 3, 0, 0, 0, 1, 1, 3, 0, 3, 3, 0, 3, 3, 3, 3]|[1, 0, 1, 0, 2, 0, 1, 0, 1, 1, 1, 1, 1, 2, 1, 2, 0, 2, 1, 1],409.047230276459;9712.789948995710;12805.715992083906,0,false,[6, 19, 12, 5, 4, 16, 3, 11, 15, 7, 2, 9, 8, 0, 17, 13, 14, 10, 18, 1]|[2, 2, 0, 1, 0, 0, 2, 2, 1, 1, 1, 0, 2, 0, 0, 0, 0, 0, 0, 0]|[0, 0, 2, 1, 3, 3, 0, 0, 0, 1, 1, 3, 0, 3, 3, 0, 3, 3, 3, 3]|[1, 0, 1, 0, 2, 0, 1, 0, 1, 1, 1, 1, 1, 2, 1, 2, 0, 2, 1, 1],409.047230276459;9712.789948995710;12805.715992083906,12805.715992083906,NOT_APPLICABLE,NOT_APPLICABLE,NOT_APPLICABLE,24
62,2,29955,G4_BALANCED,PREVIOUS,[6, 19, 12, 5, 4, 16, 3, 9, 10, 17, 2, 7, 15, 14, 11, 1, 18, 8, 0, 13]|[2, 1, 1, 1, 2, 0, 1, 2, 1, 0, 2, 0, 0, 0, 1, 1, 0, 1, 0, 2]|[0, 1, 1, 1, 0, 3, 0, 0, 0, 0, 0, 3, 3, 3, 1, 1, 0, 1, 3, 0]|[1, 1, 1, 0, 0, 0, 1, 0, 1, 0, 1, 2, 2, 2, 1, 1, 1, 1, 0, 1],265.693806168521;9554.589521689748;16743.222954417150,0,false,[6, 19, 12, 5, 4, 16, 3, 9, 10, 17, 2, 7, 15, 14, 11, 1, 18, 8, 0, 13]|[2, 1, 1, 1, 2, 0, 1, 2, 1, 0, 2, 0, 0, 0, 1, 1, 0, 1, 0, 2]|[0, 1, 1, 1, 0, 3, 0, 0, 0, 0, 0, 3, 3, 3, 1, 1, 0, 1, 3, 0]|[1, 1, 1, 0, 0, 0, 1, 0, 1, 0, 1, 2, 2, 2, 1, 1, 1, 1, 0, 1],265.693806168521;9554.589521689748;16743.222954417150,0.512321385402,NOT_APPLICABLE,NOT_APPLICABLE,NOT_APPLICABLE,24
62,2,29955,G4_BALANCED,HISTORICAL,[6, 14, 15, 9, 2, 0, 11, 12, 18, 8, 16, 17, 10, 4, 3, 5, 7, 13, 1, 19]|[2, 1, 0, 2, 2, 0, 1, 1, 0, 2, 0, 0, 2, 2, 2, 0, 1, 1, 1, 1]|[1, 1, 0, 1, 0, 3, 1, 1, 0, 1, 3, 3, 1, 0, 0, 0, 1, 1, 1, 1]|[1, 1, 0, 1, 1, 2, 1, 1, 1, 0, 0, 0, 0, 1, 1, 2, 1, 1, 1, 1],262.413284176642;10016.439437909376;18863.516998106697,2,true,[6, 19, 12, 5, 4, 16, 3, 9, 8, 14, 0, 17, 10, 1, 15, 7, 18, 2, 11, 13]|[2, 1, 1, 2, 2, 0, 1, 0, 0, 1, 0, 0, 2, 0, 1, 0, 0, 2, 2, 1]|[0, 1, 1, 0, 0, 3, 0, 3, 0, 1, 3, 3, 0, 3, 1, 3, 0, 0, 1, 1]|[1, 1, 0, 0, 1, 2, 1, 2, 0, 1, 2, 0, 0, 2, 1, 2, 1, 1, 0, 1],253.185519054396;9626.269147152461;16378.210805109105,0.464828509374,29955,29955,0,21
63,2,30055,G1_CMAX,PREVIOUS,[6, 14, 15, 10, 1, 16, 4, 12, 11, 7, 8, 18, 5, 0, 3, 9, 19, 2, 13, 17]|[2, 1, 1, 2, 1, 0, 1, 0, 1, 2, 2, 1, 2, 0, 2, 0, 2, 2, 1, 0]|[0, 1, 1, 1, 1, 3, 0, 2, 1, 1, 1, 1, 1, 3, 0, 3, 0, 0, 1, 3]|[1, 1, 1, 0, 1, 0, 1, 1, 0, 1, 1, 1, 1, 2, 0, 0, 0, 1, 1, 0],227.879523011952;10278.555735857142;19836.330013217170,0,false,[6, 14, 15, 10, 1, 16, 4, 12, 11, 7, 8, 18, 5, 0, 3, 9, 19, 2, 13, 17]|[2, 1, 1, 2, 1, 0, 1, 0, 1, 2, 2, 1, 2, 0, 2, 0, 2, 2, 1, 0]|[0, 1, 1, 1, 1, 3, 0, 2, 1, 1, 1, 1, 1, 3, 0, 3, 0, 0, 1, 3]|[1, 1, 1, 0, 1, 0, 1, 1, 0, 1, 1, 1, 1, 2, 0, 0, 0, 1, 1, 0],227.879523011952;10278.555735857142;19836.330013217170,227.879523011952,NOT_APPLICABLE,NOT_APPLICABLE,NOT_APPLICABLE,20
63,2,30055,G1_CMAX,HISTORICAL,[19, 5, 4, 16, 3, 9, 10, 17, 2, 6, 13, 1, 0, 12, 7, 8, 15, 14, 18, 11]|[1, 2, 1, 0, 1, 0, 2, 0, 2, 2, 2, 1, 1, 1, 1, 0, 1, 0, 0, 2]|[0, 1, 1, 3, 0, 3, 0, 0, 0, 0, 0, 1, 0, 1, 1, 0, 0, 3, 0, 1]|[1, 1, 0, 2, 1, 1, 0, 0, 1, 1, 1, 0, 1, 1, 1, 0, 0, 0, 1, 0],205.178521975543;10962.783729077695;15862.374381374957,0,false,[19, 5, 4, 16, 3, 9, 10, 17, 2, 6, 13, 1, 0, 12, 7, 8, 15, 14, 18, 11]|[1, 2, 1, 0, 1, 0, 2, 0, 2, 2, 2, 1, 1, 1, 1, 0, 1, 0, 0, 2]|[0, 1, 1, 3, 0, 3, 0, 0, 0, 0, 0, 1, 0, 1, 1, 0, 0, 3, 0, 1]|[1, 1, 0, 2, 1, 1, 0, 0, 1, 1, 1, 0, 1, 1, 1, 0, 0, 0, 1, 0],205.178521975543;10962.783729077695;15862.374381374957,205.178521975543,NOT_APPLICABLE,NOT_APPLICABLE,NOT_APPLICABLE,30
63,2,30055,G2_TEC,PREVIOUS,[6, 19, 12, 5, 4, 16, 3, 11, 15, 7, 2, 10, 8, 13, 14, 9, 17, 18, 1, 0]|[2, 2, 1, 1, 2, 0, 0, 2, 0, 1, 1, 0, 2, 0, 0, 0, 0, 1, 0, 0]|[0, 0, 1, 1, 0, 3, 3, 0, 3, 1, 1, 3, 0, 3, 3, 3, 3, 1, 3, 3]|[1, 0, 1, 0, 1, 0, 2, 0, 0, 1, 1, 2, 1, 1, 0, 1, 1, 1, 2, 0],418.037039260283;9139.393045995632;14778.061108897817,0,false,[6, 19, 12, 5, 4, 16, 3, 11, 15, 7, 2, 10, 8, 13, 14, 9, 17, 18, 1, 0]|[2, 2, 1, 1, 2, 0, 0, 2, 0, 1, 1, 0, 2, 0, 0, 0, 0, 1, 0, 0]|[0, 0, 1, 1, 0, 3, 3, 0, 3, 1, 1, 3, 0, 3, 3, 3, 3, 1, 3, 3]|[1, 0, 1, 0, 1, 0, 2, 0, 0, 1, 1, 2, 1, 1, 0, 1, 1, 1, 2, 0],418.037039260283;9139.393045995632;14778.061108897817,9139.393045995632,NOT_APPLICABLE,NOT_APPLICABLE,NOT_APPLICABLE,10
63,2,30055,G2_TEC,HISTORICAL,[6, 19, 12, 5, 4, 16, 3, 11, 15, 7, 2, 10, 8, 13, 14, 9, 17, 18, 1, 0]|[2, 2, 1, 1, 2, 0, 0, 2, 0, 1, 1, 0, 2, 0, 0, 0, 0, 1, 0, 0]|[0, 0, 1, 1, 0, 3, 3, 0, 3, 1, 1, 3, 0, 3, 3, 3, 3, 1, 3, 3]|[1, 0, 1, 0, 1, 0, 2, 0, 0, 1, 1, 2, 1, 1, 0, 1, 1, 1, 2, 0],418.037039260283;9139.393045995632;14778.061108897817,0,false,[6, 19, 12, 5, 4, 16, 3, 11, 15, 7, 2, 10, 8, 13, 14, 9, 17, 18, 1, 0]|[2, 2, 1, 1, 2, 0, 0, 2, 0, 1, 1, 0, 2, 0, 0, 0, 0, 1, 0, 0]|[0, 0, 1, 1, 0, 3, 3, 0, 3, 1, 1, 3, 0, 3, 3, 3, 3, 1, 3, 3]|[1, 0, 1, 0, 1, 0, 2, 0, 0, 1, 1, 2, 1, 1, 0, 1, 1, 1, 2, 0],418.037039260283;9139.393045995632;14778.061108897817,9139.393045995632,NOT_APPLICABLE,NOT_APPLICABLE,NOT_APPLICABLE,40
63,2,30055,G3_TWC,PREVIOUS,[6, 19, 12, 5, 4, 16, 3, 11, 15, 7, 2, 9, 8, 0, 17, 13, 14, 10, 18, 1]|[2, 2, 0, 1, 0, 0, 2, 2, 1, 1, 1, 0, 2, 0, 0, 0, 0, 0, 0, 0]|[0, 0, 2, 1, 3, 3, 0, 0, 0, 1, 1, 3, 0, 3, 3, 0, 3, 3, 3, 3]|[1, 0, 1, 0, 2, 0, 1, 0, 1, 1, 1, 1, 1, 2, 1, 2, 0, 2, 1, 1],409.047230276459;9712.789948995710;12805.715992083906,0,false,[6, 19, 12, 5, 4, 16, 3, 11, 15, 7, 2, 9, 8, 0, 17, 13, 14, 10, 18, 1]|[2, 2, 0, 1, 0, 0, 2, 2, 1, 1, 1, 0, 2, 0, 0, 0, 0, 0, 0, 0]|[0, 0, 2, 1, 3, 3, 0, 0, 0, 1, 1, 3, 0, 3, 3, 0, 3, 3, 3, 3]|[1, 0, 1, 0, 2, 0, 1, 0, 1, 1, 1, 1, 1, 2, 1, 2, 0, 2, 1, 1],409.047230276459;9712.789948995710;12805.715992083906,12805.715992083906,NOT_APPLICABLE,NOT_APPLICABLE,NOT_APPLICABLE,18
63,2,30055,G3_TWC,HISTORICAL,[6, 19, 12, 5, 4, 16, 3, 11, 15, 7, 2, 9, 8, 0, 17, 13, 14, 10, 18, 1]|[2, 2, 0, 1, 0, 0, 2, 2, 1, 1, 1, 0, 2, 0, 0, 0, 0, 0, 0, 0]|[0, 0, 2, 1, 3, 3, 0, 0, 0, 1, 1, 3, 0, 3, 3, 0, 3, 3, 3, 3]|[1, 0, 1, 0, 2, 0, 1, 0, 1, 1, 1, 1, 1, 2, 1, 2, 0, 2, 1, 1],409.047230276459;9712.789948995710;12805.715992083906,0,false,[6, 19, 12, 5, 4, 16, 3, 11, 15, 7, 2, 9, 8, 0, 17, 13, 14, 10, 18, 1]|[2, 2, 0, 1, 0, 0, 2, 2, 1, 1, 1, 0, 2, 0, 0, 0, 0, 0, 0, 0]|[0, 0, 2, 1, 3, 3, 0, 0, 0, 1, 1, 3, 0, 3, 3, 0, 3, 3, 3, 3]|[1, 0, 1, 0, 2, 0, 1, 0, 1, 1, 1, 1, 1, 2, 1, 2, 0, 2, 1, 1],409.047230276459;9712.789948995710;12805.715992083906,12805.715992083906,NOT_APPLICABLE,NOT_APPLICABLE,NOT_APPLICABLE,25
63,2,30055,G4_BALANCED,PREVIOUS,[6, 19, 12, 5, 4, 16, 3, 11, 15, 7, 2, 10, 8, 13, 14, 9, 17, 18, 1, 0]|[2, 2, 1, 1, 2, 0, 0, 2, 0, 1, 1, 0, 2, 0, 0, 0, 0, 1, 0, 0]|[0, 0, 1, 1, 0, 3, 3, 0, 3, 1, 1, 3, 0, 3, 3, 3, 3, 1, 3, 3]|[1, 0, 1, 0, 1, 0, 2, 0, 0, 1, 1, 2, 1, 1, 0, 1, 1, 1, 2, 0],418.037039260283;9139.393045995632;14778.061108897817,0,false,[6, 19, 12, 5, 4, 16, 3, 11, 15, 7, 2, 10, 8, 13, 14, 9, 17, 18, 1, 0]|[2, 2, 1, 1, 2, 0, 0, 2, 0, 1, 1, 0, 2, 0, 0, 0, 0, 1, 0, 0]|[0, 0, 1, 1, 0, 3, 3, 0, 3, 1, 1, 3, 0, 3, 3, 3, 3, 1, 3, 3]|[1, 0, 1, 0, 1, 0, 2, 0, 0, 1, 1, 2, 1, 1, 0, 1, 1, 1, 2, 0],418.037039260283;9139.393045995632;14778.061108897817,0.805780875818,NOT_APPLICABLE,NOT_APPLICABLE,NOT_APPLICABLE,24
63,2,30055,G4_BALANCED,HISTORICAL,[6, 19, 12, 5, 4, 16, 3, 11, 15, 7, 2, 10, 8, 13, 14, 9, 17, 18, 1, 0]|[2, 2, 1, 1, 2, 0, 0, 2, 0, 1, 1, 0, 2, 0, 0, 0, 0, 1, 0, 0]|[0, 0, 1, 1, 0, 3, 3, 0, 3, 1, 1, 3, 0, 3, 3, 3, 3, 1, 3, 3]|[1, 0, 1, 0, 1, 0, 2, 0, 0, 1, 1, 2, 1, 1, 0, 1, 1, 1, 2, 0],418.037039260283;9139.393045995632;14778.061108897817,0,false,[6, 19, 12, 5, 4, 16, 3, 11, 15, 7, 2, 10, 8, 13, 14, 9, 17, 18, 1, 0]|[2, 2, 1, 1, 2, 0, 0, 2, 0, 1, 1, 0, 2, 0, 0, 0, 0, 1, 0, 0]|[0, 0, 1, 1, 0, 3, 3, 0, 3, 1, 1, 3, 0, 3, 3, 3, 3, 1, 3, 3]|[1, 0, 1, 0, 1, 0, 2, 0, 0, 1, 1, 2, 1, 1, 0, 1, 1, 1, 2, 0],418.037039260283;9139.393045995632;14778.061108897817,0.805780875818,NOT_APPLICABLE,NOT_APPLICABLE,NOT_APPLICABLE,21
64,2,30155,G1_CMAX,PREVIOUS,[6, 14, 15, 10, 1, 16, 4, 12, 11, 7, 8, 18, 5, 0, 3, 9, 19, 2, 13, 17]|[2, 1, 1, 2, 1, 0, 1, 0, 1, 2, 2, 1, 2, 0, 2, 0, 2, 2, 1, 0]|[0, 1, 1, 1, 1, 3, 0, 2, 1, 1, 1, 1, 1, 3, 0, 3, 0, 0, 1, 3]|[1, 1, 1, 0, 1, 0, 1, 1, 0, 1, 1, 1, 1, 2, 0, 0, 0, 1, 1, 0],227.879523011952;10278.555735857142;19836.330013217170,0,false,[6, 14, 15, 10, 1, 16, 4, 12, 11, 7, 8, 18, 5, 0, 3, 9, 19, 2, 13, 17]|[2, 1, 1, 2, 1, 0, 1, 0, 1, 2, 2, 1, 2, 0, 2, 0, 2, 2, 1, 0]|[0, 1, 1, 1, 1, 3, 0, 2, 1, 1, 1, 1, 1, 3, 0, 3, 0, 0, 1, 3]|[1, 1, 1, 0, 1, 0, 1, 1, 0, 1, 1, 1, 1, 2, 0, 0, 0, 1, 1, 0],227.879523011952;10278.555735857142;19836.330013217170,227.879523011952,NOT_APPLICABLE,NOT_APPLICABLE,NOT_APPLICABLE,21
64,2,30155,G1_CMAX,HISTORICAL,[19, 5, 4, 16, 3, 9, 10, 17, 2, 6, 13, 1, 0, 12, 7, 8, 15, 14, 18, 11]|[1, 2, 1, 0, 1, 0, 2, 0, 2, 2, 2, 1, 1, 1, 1, 0, 1, 0, 0, 2]|[0, 1, 1, 3, 0, 3, 0, 0, 0, 0, 0, 1, 0, 1, 1, 0, 0, 3, 0, 1]|[1, 1, 0, 2, 1, 1, 0, 0, 1, 1, 1, 0, 1, 1, 1, 0, 0, 0, 1, 0],205.178521975543;10962.783729077695;15862.374381374957,0,false,[19, 5, 4, 16, 3, 9, 10, 17, 2, 6, 13, 1, 0, 12, 7, 8, 15, 14, 18, 11]|[1, 2, 1, 0, 1, 0, 2, 0, 2, 2, 2, 1, 1, 1, 1, 0, 1, 0, 0, 2]|[0, 1, 1, 3, 0, 3, 0, 0, 0, 0, 0, 1, 0, 1, 1, 0, 0, 3, 0, 1]|[1, 1, 0, 2, 1, 1, 0, 0, 1, 1, 1, 0, 1, 1, 1, 0, 0, 0, 1, 0],205.178521975543;10962.783729077695;15862.374381374957,205.178521975543,NOT_APPLICABLE,NOT_APPLICABLE,NOT_APPLICABLE,30
64,2,30155,G2_TEC,PREVIOUS,[6, 19, 12, 5, 4, 16, 3, 11, 15, 7, 2, 10, 8, 13, 14, 9, 17, 18, 1, 0]|[2, 2, 1, 1, 2, 0, 0, 2, 0, 1, 1, 0, 2, 0, 0, 0, 0, 1, 0, 0]|[0, 0, 1, 1, 0, 3, 3, 0, 3, 1, 1, 3, 0, 3, 3, 3, 3, 1, 3, 3]|[1, 0, 1, 0, 1, 0, 2, 0, 0, 1, 1, 2, 1, 1, 0, 1, 1, 1, 2, 0],418.037039260283;9139.393045995632;14778.061108897817,0,false,[6, 19, 12, 5, 4, 16, 3, 11, 15, 7, 2, 10, 8, 13, 14, 9, 17, 18, 1, 0]|[2, 2, 1, 1, 2, 0, 0, 2, 0, 1, 1, 0, 2, 0, 0, 0, 0, 1, 0, 0]|[0, 0, 1, 1, 0, 3, 3, 0, 3, 1, 1, 3, 0, 3, 3, 3, 3, 1, 3, 3]|[1, 0, 1, 0, 1, 0, 2, 0, 0, 1, 1, 2, 1, 1, 0, 1, 1, 1, 2, 0],418.037039260283;9139.393045995632;14778.061108897817,9139.393045995632,NOT_APPLICABLE,NOT_APPLICABLE,NOT_APPLICABLE,10
64,2,30155,G2_TEC,HISTORICAL,[6, 19, 12, 5, 4, 16, 3, 11, 15, 7, 2, 10, 8, 13, 14, 9, 17, 18, 1, 0]|[2, 2, 1, 1, 2, 0, 0, 2, 0, 1, 1, 0, 2, 0, 0, 0, 0, 1, 0, 0]|[0, 0, 1, 1, 0, 3, 3, 0, 3, 1, 1, 3, 0, 3, 3, 3, 3, 1, 3, 3]|[1, 0, 1, 0, 1, 0, 2, 0, 0, 1, 1, 2, 1, 1, 0, 1, 1, 1, 2, 0],418.037039260283;9139.393045995632;14778.061108897817,0,false,[6, 19, 12, 5, 4, 16, 3, 11, 15, 7, 2, 10, 8, 13, 14, 9, 17, 18, 1, 0]|[2, 2, 1, 1, 2, 0, 0, 2, 0, 1, 1, 0, 2, 0, 0, 0, 0, 1, 0, 0]|[0, 0, 1, 1, 0, 3, 3, 0, 3, 1, 1, 3, 0, 3, 3, 3, 3, 1, 3, 3]|[1, 0, 1, 0, 1, 0, 2, 0, 0, 1, 1, 2, 1, 1, 0, 1, 1, 1, 2, 0],418.037039260283;9139.393045995632;14778.061108897817,9139.393045995632,NOT_APPLICABLE,NOT_APPLICABLE,NOT_APPLICABLE,41
64,2,30155,G3_TWC,PREVIOUS,[6, 19, 12, 5, 4, 16, 3, 11, 15, 7, 2, 9, 8, 0, 17, 13, 14, 10, 18, 1]|[2, 2, 0, 1, 0, 0, 2, 2, 1, 1, 1, 0, 2, 0, 0, 0, 0, 0, 0, 0]|[0, 0, 2, 1, 3, 3, 0, 0, 0, 1, 1, 3, 0, 3, 3, 0, 3, 3, 3, 3]|[1, 0, 1, 0, 2, 0, 1, 0, 1, 1, 1, 1, 1, 2, 1, 2, 0, 2, 1, 1],409.047230276459;9712.789948995710;12805.715992083906,0,false,[6, 19, 12, 5, 4, 16, 3, 11, 15, 7, 2, 9, 8, 0, 17, 13, 14, 10, 18, 1]|[2, 2, 0, 1, 0, 0, 2, 2, 1, 1, 1, 0, 2, 0, 0, 0, 0, 0, 0, 0]|[0, 0, 2, 1, 3, 3, 0, 0, 0, 1, 1, 3, 0, 3, 3, 0, 3, 3, 3, 3]|[1, 0, 1, 0, 2, 0, 1, 0, 1, 1, 1, 1, 1, 2, 1, 2, 0, 2, 1, 1],409.047230276459;9712.789948995710;12805.715992083906,12805.715992083906,NOT_APPLICABLE,NOT_APPLICABLE,NOT_APPLICABLE,18
64,2,30155,G3_TWC,HISTORICAL,[6, 19, 12, 5, 4, 16, 3, 11, 15, 7, 2, 9, 8, 0, 17, 13, 14, 10, 18, 1]|[2, 2, 0, 1, 0, 0, 2, 2, 1, 1, 1, 0, 2, 0, 0, 0, 0, 0, 0, 0]|[0, 0, 2, 1, 3, 3, 0, 0, 0, 1, 1, 3, 0, 3, 3, 0, 3, 3, 3, 3]|[1, 0, 1, 0, 2, 0, 1, 0, 1, 1, 1, 1, 1, 2, 1, 2, 0, 2, 1, 1],409.047230276459;9712.789948995710;12805.715992083906,0,false,[6, 19, 12, 5, 4, 16, 3, 11, 15, 7, 2, 9, 8, 0, 17, 13, 14, 10, 18, 1]|[2, 2, 0, 1, 0, 0, 2, 2, 1, 1, 1, 0, 2, 0, 0, 0, 0, 0, 0, 0]|[0, 0, 2, 1, 3, 3, 0, 0, 0, 1, 1, 3, 0, 3, 3, 0, 3, 3, 3, 3]|[1, 0, 1, 0, 2, 0, 1, 0, 1, 1, 1, 1, 1, 2, 1, 2, 0, 2, 1, 1],409.047230276459;9712.789948995710;12805.715992083906,12805.715992083906,NOT_APPLICABLE,NOT_APPLICABLE,NOT_APPLICABLE,26
64,2,30155,G4_BALANCED,PREVIOUS,[6, 19, 12, 5, 4, 9, 3, 16, 10, 17, 2, 18, 15, 7, 1, 0, 13, 11, 14, 8]|[2, 1, 1, 2, 1, 2, 1, 0, 2, 0, 2, 2, 1, 1, 1, 0, 2, 0, 0, 1]|[1, 1, 1, 0, 0, 0, 0, 3, 0, 0, 0, 0, 1, 1, 1, 3, 0, 3, 3, 1]|[1, 1, 1, 0, 0, 1, 1, 1, 0, 0, 1, 0, 1, 1, 0, 0, 1, 2, 2, 1],241.483829974408;10003.869251316632;19634.013114925480,0,false,[6, 19, 12, 5, 4, 9, 3, 16, 10, 17, 2, 18, 15, 7, 1, 0, 13, 11, 14, 8]|[2, 1, 1, 2, 1, 2, 1, 0, 2, 0, 2, 2, 1, 1, 1, 0, 2, 0, 0, 1]|[1, 1, 1, 0, 0, 0, 0, 3, 0, 0, 0, 0, 1, 1, 1, 3, 0, 3, 3, 1]|[1, 1, 1, 0, 0, 1, 1, 1, 0, 0, 1, 0, 1, 1, 0, 0, 1, 2, 2, 1],241.483829974408;10003.869251316632;19634.013114925480,0.888451163484,NOT_APPLICABLE,NOT_APPLICABLE,NOT_APPLICABLE,24
64,2,30155,G4_BALANCED,HISTORICAL,[6, 19, 12, 5, 4, 16, 3, 11, 15, 7, 2, 10, 8, 13, 14, 9, 17, 18, 1, 0]|[2, 2, 1, 1, 2, 0, 0, 2, 0, 1, 1, 0, 2, 0, 0, 0, 0, 1, 0, 0]|[0, 0, 1, 1, 0, 3, 3, 0, 3, 1, 1, 3, 0, 3, 3, 3, 3, 1, 3, 3]|[1, 0, 1, 0, 1, 0, 2, 0, 0, 1, 1, 2, 1, 1, 0, 1, 1, 1, 2, 0],418.037039260283;9139.393045995632;14778.061108897817,0,false,[6, 19, 12, 5, 4, 16, 3, 11, 15, 7, 2, 10, 8, 13, 14, 9, 17, 18, 1, 0]|[2, 2, 1, 1, 2, 0, 0, 2, 0, 1, 1, 0, 2, 0, 0, 0, 0, 1, 0, 0]|[0, 0, 1, 1, 0, 3, 3, 0, 3, 1, 1, 3, 0, 3, 3, 3, 3, 1, 3, 3]|[1, 0, 1, 0, 1, 0, 2, 0, 0, 1, 1, 2, 1, 1, 0, 1, 1, 1, 2, 0],418.037039260283;9139.393045995632;14778.061108897817,0.805780875818,NOT_APPLICABLE,NOT_APPLICABLE,NOT_APPLICABLE,21
65,2,30255,G1_CMAX,PREVIOUS,[6, 14, 15, 10, 1, 16, 4, 12, 11, 7, 8, 18, 5, 0, 3, 9, 19, 2, 13, 17]|[2, 1, 1, 2, 1, 0, 1, 0, 1, 2, 2, 1, 2, 0, 2, 0, 2, 2, 1, 0]|[0, 1, 1, 1, 1, 3, 0, 2, 1, 1, 1, 1, 1, 3, 0, 3, 0, 0, 1, 3]|[1, 1, 1, 0, 1, 0, 1, 1, 0, 1, 1, 1, 1, 2, 0, 0, 0, 1, 1, 0],227.879523011952;10278.555735857142;19836.330013217170,0,false,[6, 14, 15, 10, 1, 16, 4, 12, 11, 7, 8, 18, 5, 0, 3, 9, 19, 2, 13, 17]|[2, 1, 1, 2, 1, 0, 1, 0, 1, 2, 2, 1, 2, 0, 2, 0, 2, 2, 1, 0]|[0, 1, 1, 1, 1, 3, 0, 2, 1, 1, 1, 1, 1, 3, 0, 3, 0, 0, 1, 3]|[1, 1, 1, 0, 1, 0, 1, 1, 0, 1, 1, 1, 1, 2, 0, 0, 0, 1, 1, 0],227.879523011952;10278.555735857142;19836.330013217170,227.879523011952,NOT_APPLICABLE,NOT_APPLICABLE,NOT_APPLICABLE,22
65,2,30255,G1_CMAX,HISTORICAL,[19, 5, 4, 16, 3, 9, 10, 17, 2, 6, 13, 1, 0, 12, 7, 8, 15, 14, 18, 11]|[1, 2, 1, 0, 1, 0, 2, 0, 2, 2, 2, 1, 1, 1, 1, 0, 1, 0, 0, 2]|[0, 1, 1, 3, 0, 3, 0, 0, 0, 0, 0, 1, 0, 1, 1, 0, 0, 3, 0, 1]|[1, 1, 0, 2, 1, 1, 0, 0, 1, 1, 1, 0, 1, 1, 1, 0, 0, 0, 1, 0],205.178521975543;10962.783729077695;15862.374381374957,0,false,[19, 5, 4, 16, 3, 9, 10, 17, 2, 6, 13, 1, 0, 12, 7, 8, 15, 14, 18, 11]|[1, 2, 1, 0, 1, 0, 2, 0, 2, 2, 2, 1, 1, 1, 1, 0, 1, 0, 0, 2]|[0, 1, 1, 3, 0, 3, 0, 0, 0, 0, 0, 1, 0, 1, 1, 0, 0, 3, 0, 1]|[1, 1, 0, 2, 1, 1, 0, 0, 1, 1, 1, 0, 1, 1, 1, 0, 0, 0, 1, 0],205.178521975543;10962.783729077695;15862.374381374957,205.178521975543,NOT_APPLICABLE,NOT_APPLICABLE,NOT_APPLICABLE,30
65,2,30255,G2_TEC,PREVIOUS,[6, 19, 12, 5, 4, 16, 1, 7, 15, 11, 2, 10, 8, 3, 9, 13, 0, 14, 18, 17]|[2, 2, 1, 1, 2, 0, 0, 2, 0, 1, 1, 0, 2, 0, 0, 0, 0, 0, 0, 0]|[0, 0, 1, 1, 0, 3, 3, 0, 3, 1, 1, 3, 0, 3, 3, 3, 3, 3, 3, 3]|[1, 0, 1, 0, 1, 0, 2, 0, 0, 1, 1, 2, 1, 0, 0, 2, 0, 0, 2, 0],447.850240554012;8850.884098949731;13283.949643195205,0,false,[6, 19, 12, 5, 4, 16, 1, 7, 15, 11, 2, 10, 8, 3, 9, 13, 0, 14, 18, 17]|[2, 2, 1, 1, 2, 0, 0, 2, 0, 1, 1, 0, 2, 0, 0, 0, 0, 0, 0, 0]|[0, 0, 1, 1, 0, 3, 3, 0, 3, 1, 1, 3, 0, 3, 3, 3, 3, 3, 3, 3]|[1, 0, 1, 0, 1, 0, 2, 0, 0, 1, 1, 2, 1, 0, 0, 2, 0, 0, 2, 0],447.850240554012;8850.884098949731;13283.949643195205,8850.884098949731,NOT_APPLICABLE,NOT_APPLICABLE,NOT_APPLICABLE,10
65,2,30255,G2_TEC,HISTORICAL,[6, 19, 12, 5, 4, 16, 1, 7, 15, 11, 2, 10, 8, 3, 9, 13, 0, 14, 18, 17]|[2, 2, 1, 1, 2, 0, 0, 2, 0, 1, 1, 0, 2, 0, 0, 0, 0, 0, 0, 0]|[0, 0, 1, 1, 0, 3, 3, 0, 3, 1, 1, 3, 0, 3, 3, 3, 3, 3, 3, 3]|[1, 0, 1, 0, 1, 0, 2, 0, 0, 1, 1, 2, 1, 0, 0, 2, 0, 0, 2, 0],447.850240554012;8850.884098949731;13283.949643195205,0,false,[6, 19, 12, 5, 4, 16, 1, 7, 15, 11, 2, 10, 8, 3, 9, 13, 0, 14, 18, 17]|[2, 2, 1, 1, 2, 0, 0, 2, 0, 1, 1, 0, 2, 0, 0, 0, 0, 0, 0, 0]|[0, 0, 1, 1, 0, 3, 3, 0, 3, 1, 1, 3, 0, 3, 3, 3, 3, 3, 3, 3]|[1, 0, 1, 0, 1, 0, 2, 0, 0, 1, 1, 2, 1, 0, 0, 2, 0, 0, 2, 0],447.850240554012;8850.884098949731;13283.949643195205,8850.884098949731,NOT_APPLICABLE,NOT_APPLICABLE,NOT_APPLICABLE,41
65,2,30255,G3_TWC,PREVIOUS,[6, 19, 12, 5, 4, 16, 3, 11, 15, 7, 2, 9, 8, 0, 17, 13, 14, 10, 18, 1]|[2, 2, 0, 1, 0, 0, 2, 2, 1, 1, 1, 0, 2, 0, 0, 0, 0, 0, 0, 0]|[0, 0, 2, 1, 3, 3, 0, 0, 0, 1, 1, 3, 0, 3, 3, 0, 3, 3, 3, 3]|[1, 0, 1, 0, 2, 0, 1, 0, 1, 1, 1, 1, 1, 2, 1, 2, 0, 2, 1, 1],409.047230276459;9712.789948995710;12805.715992083906,0,false,[6, 19, 12, 5, 4, 16, 3, 11, 15, 7, 2, 9, 8, 0, 17, 13, 14, 10, 18, 1]|[2, 2, 0, 1, 0, 0, 2, 2, 1, 1, 1, 0, 2, 0, 0, 0, 0, 0, 0, 0]|[0, 0, 2, 1, 3, 3, 0, 0, 0, 1, 1, 3, 0, 3, 3, 0, 3, 3, 3, 3]|[1, 0, 1, 0, 2, 0, 1, 0, 1, 1, 1, 1, 1, 2, 1, 2, 0, 2, 1, 1],409.047230276459;9712.789948995710;12805.715992083906,12805.715992083906,NOT_APPLICABLE,NOT_APPLICABLE,NOT_APPLICABLE,19
65,2,30255,G3_TWC,HISTORICAL,[6, 19, 12, 5, 4, 16, 3, 11, 15, 7, 2, 9, 8, 0, 17, 13, 14, 10, 18, 1]|[2, 2, 0, 1, 0, 0, 2, 2, 1, 1, 1, 0, 2, 0, 0, 0, 0, 0, 0, 0]|[0, 0, 2, 1, 3, 3, 0, 0, 0, 1, 1, 3, 0, 3, 3, 0, 3, 3, 3, 3]|[1, 0, 1, 0, 2, 0, 1, 0, 1, 1, 1, 1, 1, 2, 1, 2, 0, 2, 1, 1],409.047230276459;9712.789948995710;12805.715992083906,0,false,[6, 19, 12, 5, 4, 16, 3, 11, 15, 7, 2, 9, 8, 0, 17, 13, 14, 10, 18, 1]|[2, 2, 0, 1, 0, 0, 2, 2, 1, 1, 1, 0, 2, 0, 0, 0, 0, 0, 0, 0]|[0, 0, 2, 1, 3, 3, 0, 0, 0, 1, 1, 3, 0, 3, 3, 0, 3, 3, 3, 3]|[1, 0, 1, 0, 2, 0, 1, 0, 1, 1, 1, 1, 1, 2, 1, 2, 0, 2, 1, 1],409.047230276459;9712.789948995710;12805.715992083906,12805.715992083906,NOT_APPLICABLE,NOT_APPLICABLE,NOT_APPLICABLE,26
65,2,30255,G4_BALANCED,PREVIOUS,[6, 19, 13, 10, 11, 2, 14, 16, 4, 17, 9, 8, 7, 0, 15, 1, 5, 18, 3, 12]|[2, 1, 0, 2, 2, 1, 1, 2, 2, 0, 1, 0, 1, 0, 0, 0, 0, 1, 1, 1]|[0, 1, 3, 0, 0, 1, 1, 0, 0, 3, 1, 3, 1, 3, 3, 3, 3, 1, 1, 1]|[1, 1, 0, 1, 0, 1, 1, 1, 1, 0, 1, 2, 1, 0, 0, 2, 0, 1, 1, 1],320.997311094087;8636.089519664833;18367.774183081290,0,false,[6, 19, 13, 10, 11, 2, 14, 16, 4, 17, 9, 8, 7, 0, 15, 1, 5, 18, 3, 12]|[2, 1, 0, 2, 2, 1, 1, 2, 2, 0, 1, 0, 1, 0, 0, 0, 0, 1, 1, 1]|[0, 1, 3, 0, 0, 1, 1, 0, 0, 3, 1, 3, 1, 3, 3, 3, 3, 1, 1, 1]|[1, 1, 0, 1, 0, 1, 1, 1, 1, 0, 1, 2, 1, 0, 0, 2, 0, 1, 1, 1],320.997311094087;8636.089519664833;18367.774183081290,0.723696843042,NOT_APPLICABLE,NOT_APPLICABLE,NOT_APPLICABLE,24
65,2,30255,G4_BALANCED,HISTORICAL,[6, 19, 12, 5, 4, 16, 3, 11, 15, 7, 2, 10, 8, 13, 14, 9, 17, 18, 1, 0]|[2, 2, 1, 1, 2, 0, 0, 2, 0, 1, 1, 0, 2, 0, 0, 0, 0, 1, 0, 0]|[0, 0, 1, 1, 0, 3, 3, 0, 3, 1, 1, 3, 0, 3, 3, 3, 3, 1, 3, 3]|[1, 0, 1, 0, 1, 0, 2, 0, 0, 1, 1, 2, 1, 1, 0, 1, 1, 1, 2, 0],418.037039260283;9139.393045995632;14778.061108897817,0,false,[6, 19, 12, 5, 4, 16, 3, 11, 15, 7, 2, 10, 8, 13, 14, 9, 17, 18, 1, 0]|[2, 2, 1, 1, 2, 0, 0, 2, 0, 1, 1, 0, 2, 0, 0, 0, 0, 1, 0, 0]|[0, 0, 1, 1, 0, 3, 3, 0, 3, 1, 1, 3, 0, 3, 3, 3, 3, 1, 3, 3]|[1, 0, 1, 0, 1, 0, 2, 0, 0, 1, 1, 2, 1, 1, 0, 1, 1, 1, 2, 0],418.037039260283;9139.393045995632;14778.061108897817,0.805780875818,NOT_APPLICABLE,NOT_APPLICABLE,NOT_APPLICABLE,21
66,2,30355,G1_CMAX,PREVIOUS,[6, 19, 12, 4, 16, 3, 10, 17, 2, 5, 13, 1, 7, 8, 18, 14, 11, 15, 9, 0]|[0, 1, 1, 1, 2, 1, 2, 0, 2, 0, 2, 1, 2, 0, 0, 1, 1, 0, 0, 0]|[0, 1, 1, 0, 1, 0, 0, 3, 0, 0, 0, 1, 0, 0, 0, 0, 1, 3, 3, 3]|[2, 1, 1, 0, 0, 1, 0, 0, 1, 0, 1, 0, 1, 0, 0, 1, 1, 2, 1, 2],266.973224387665;10787.452114873655;15516.831239199506,0,false,[6, 19, 12, 4, 16, 3, 10, 17, 2, 5, 13, 1, 7, 8, 18, 14, 11, 15, 9, 0]|[0, 1, 1, 1, 2, 1, 2, 0, 2, 0, 2, 1, 2, 0, 0, 1, 1, 0, 0, 0]|[0, 1, 1, 0, 1, 0, 0, 3, 0, 0, 0, 1, 0, 0, 0, 0, 1, 3, 3, 3]|[2, 1, 1, 0, 0, 1, 0, 0, 1, 0, 1, 0, 1, 0, 0, 1, 1, 2, 1, 2],266.973224387665;10787.452114873655;15516.831239199506,266.973224387665,NOT_APPLICABLE,NOT_APPLICABLE,NOT_APPLICABLE,22
66,2,30355,G1_CMAX,HISTORICAL,[19, 5, 4, 16, 3, 9, 10, 17, 2, 6, 13, 1, 0, 12, 7, 8, 15, 14, 18, 11]|[1, 2, 1, 0, 1, 0, 2, 0, 2, 2, 2, 1, 1, 1, 1, 0, 1, 0, 0, 2]|[0, 1, 1, 3, 0, 3, 0, 0, 0, 0, 0, 1, 0, 1, 1, 0, 0, 3, 0, 1]|[1, 1, 0, 2, 1, 1, 0, 0, 1, 1, 1, 0, 1, 1, 1, 0, 0, 0, 1, 0],205.178521975543;10962.783729077695;15862.374381374957,0,false,[19, 5, 4, 16, 3, 9, 10, 17, 2, 6, 13, 1, 0, 12, 7, 8, 15, 14, 18, 11]|[1, 2, 1, 0, 1, 0, 2, 0, 2, 2, 2, 1, 1, 1, 1, 0, 1, 0, 0, 2]|[0, 1, 1, 3, 0, 3, 0, 0, 0, 0, 0, 1, 0, 1, 1, 0, 0, 3, 0, 1]|[1, 1, 0, 2, 1, 1, 0, 0, 1, 1, 1, 0, 1, 1, 1, 0, 0, 0, 1, 0],205.178521975543;10962.783729077695;15862.374381374957,205.178521975543,NOT_APPLICABLE,NOT_APPLICABLE,NOT_APPLICABLE,30
66,2,30355,G2_TEC,PREVIOUS,[6, 19, 13, 10, 11, 2, 14, 16, 4, 17, 9, 8, 3, 7, 12, 1, 15, 0, 18, 5]|[2, 1, 0, 2, 2, 1, 1, 2, 2, 0, 1, 0, 1, 0, 1, 0, 0, 0, 1, 0]|[1, 1, 3, 0, 0, 1, 1, 0, 0, 0, 1, 3, 1, 0, 1, 3, 3, 3, 1, 3]|[1, 1, 0, 1, 0, 1, 1, 0, 1, 0, 1, 2, 1, 1, 1, 2, 0, 0, 1, 0],304.308984895044;9203.867181257752;16817.637434479097,0,false,[6, 19, 13, 10, 11, 2, 14, 16, 4, 17, 9, 8, 3, 7, 12, 1, 15, 0, 18, 5]|[2, 1, 0, 2, 2, 1, 1, 2, 2, 0, 1, 0, 1, 0, 1, 0, 0, 0, 1, 0]|[1, 1, 3, 0, 0, 1, 1, 0, 0, 0, 1, 3, 1, 0, 1, 3, 3, 3, 1, 3]|[1, 1, 0, 1, 0, 1, 1, 0, 1, 0, 1, 2, 1, 1, 1, 2, 0, 0, 1, 0],304.308984895044;9203.867181257752;16817.637434479097,9203.867181257752,NOT_APPLICABLE,NOT_APPLICABLE,NOT_APPLICABLE,10
66,2,30355,G2_TEC,HISTORICAL,[6, 19, 12, 5, 4, 16, 1, 7, 15, 11, 2, 10, 8, 3, 9, 13, 0, 14, 18, 17]|[2, 2, 1, 1, 2, 0, 0, 2, 0, 1, 1, 0, 2, 0, 0, 0, 0, 0, 0, 0]|[0, 0, 1, 1, 0, 3, 3, 0, 3, 1, 1, 3, 0, 3, 3, 3, 3, 3, 3, 3]|[1, 0, 1, 0, 1, 0, 2, 0, 0, 1, 1, 2, 1, 0, 0, 2, 0, 0, 2, 0],447.850240554012;8850.884098949731;13283.949643195205,0,false,[6, 19, 12, 5, 4, 16, 1, 7, 15, 11, 2, 10, 8, 3, 9, 13, 0, 14, 18, 17]|[2, 2, 1, 1, 2, 0, 0, 2, 0, 1, 1, 0, 2, 0, 0, 0, 0, 0, 0, 0]|[0, 0, 1, 1, 0, 3, 3, 0, 3, 1, 1, 3, 0, 3, 3, 3, 3, 3, 3, 3]|[1, 0, 1, 0, 1, 0, 2, 0, 0, 1, 1, 2, 1, 0, 0, 2, 0, 0, 2, 0],447.850240554012;8850.884098949731;13283.949643195205,8850.884098949731,NOT_APPLICABLE,NOT_APPLICABLE,NOT_APPLICABLE,41
66,2,30355,G3_TWC,PREVIOUS,[6, 19, 12, 5, 4, 16, 3, 11, 15, 7, 2, 9, 8, 0, 17, 13, 14, 10, 18, 1]|[2, 2, 0, 1, 0, 0, 2, 2, 1, 1, 1, 0, 2, 0, 0, 0, 0, 0, 0, 0]|[0, 0, 2, 1, 3, 3, 0, 0, 0, 1, 1, 3, 0, 3, 3, 0, 3, 3, 3, 3]|[1, 0, 1, 0, 2, 0, 1, 0, 1, 1, 1, 1, 1, 2, 1, 2, 0, 2, 1, 1],409.047230276459;9712.789948995710;12805.715992083906,0,false,[6, 19, 12, 5, 4, 16, 3, 11, 15, 7, 2, 9, 8, 0, 17, 13, 14, 10, 18, 1]|[2, 2, 0, 1, 0, 0, 2, 2, 1, 1, 1, 0, 2, 0, 0, 0, 0, 0, 0, 0]|[0, 0, 2, 1, 3, 3, 0, 0, 0, 1, 1, 3, 0, 3, 3, 0, 3, 3, 3, 3]|[1, 0, 1, 0, 2, 0, 1, 0, 1, 1, 1, 1, 1, 2, 1, 2, 0, 2, 1, 1],409.047230276459;9712.789948995710;12805.715992083906,12805.715992083906,NOT_APPLICABLE,NOT_APPLICABLE,NOT_APPLICABLE,19
66,2,30355,G3_TWC,HISTORICAL,[6, 19, 12, 5, 4, 16, 3, 11, 15, 7, 2, 9, 8, 0, 17, 13, 14, 10, 18, 1]|[2, 2, 0, 1, 0, 0, 2, 2, 1, 1, 1, 0, 2, 0, 0, 0, 0, 0, 0, 0]|[0, 0, 2, 1, 3, 3, 0, 0, 0, 1, 1, 3, 0, 3, 3, 0, 3, 3, 3, 3]|[1, 0, 1, 0, 2, 0, 1, 0, 1, 1, 1, 1, 1, 2, 1, 2, 0, 2, 1, 1],409.047230276459;9712.789948995710;12805.715992083906,0,false,[6, 19, 12, 5, 4, 16, 3, 11, 15, 7, 2, 9, 8, 0, 17, 13, 14, 10, 18, 1]|[2, 2, 0, 1, 0, 0, 2, 2, 1, 1, 1, 0, 2, 0, 0, 0, 0, 0, 0, 0]|[0, 0, 2, 1, 3, 3, 0, 0, 0, 1, 1, 3, 0, 3, 3, 0, 3, 3, 3, 3]|[1, 0, 1, 0, 2, 0, 1, 0, 1, 1, 1, 1, 1, 2, 1, 2, 0, 2, 1, 1],409.047230276459;9712.789948995710;12805.715992083906,12805.715992083906,NOT_APPLICABLE,NOT_APPLICABLE,NOT_APPLICABLE,27
66,2,30355,G4_BALANCED,PREVIOUS,[6, 19, 12, 5, 4, 16, 3, 11, 15, 8, 7, 2, 10, 0, 17, 13, 1, 18, 14, 9]|[2, 1, 0, 1, 0, 0, 0, 2, 2, 2, 1, 1, 2, 0, 0, 0, 0, 0, 0, 0]|[0, 1, 2, 1, 3, 3, 3, 0, 0, 0, 1, 1, 1, 3, 3, 0, 3, 3, 3, 3]|[1, 1, 1, 0, 2, 0, 0, 0, 1, 1, 1, 1, 1, 0, 1, 2, 2, 1, 0, 1],415.884985970040;9434.156685671494;13144.134161332157,0,false,[6, 19, 12, 5, 4, 16, 3, 11, 15, 8, 7, 2, 10, 0, 17, 13, 1, 18, 14, 9]|[2, 1, 0, 1, 0, 0, 0, 2, 2, 2, 1, 1, 2, 0, 0, 0, 0, 0, 0, 0]|[0, 1, 2, 1, 3, 3, 3, 0, 0, 0, 1, 1, 1, 3, 3, 0, 3, 3, 3, 3]|[1, 1, 1, 0, 2, 0, 0, 0, 1, 1, 1, 1, 1, 0, 1, 2, 2, 1, 0, 1],415.884985970040;9434.156685671494;13144.134161332157,0.797782827545,NOT_APPLICABLE,NOT_APPLICABLE,NOT_APPLICABLE,24
66,2,30355,G4_BALANCED,HISTORICAL,[6, 19, 12, 5, 4, 16, 3, 11, 15, 7, 2, 10, 8, 13, 14, 9, 17, 18, 1, 0]|[2, 2, 1, 1, 2, 0, 0, 2, 0, 1, 1, 0, 2, 0, 0, 0, 0, 1, 0, 0]|[0, 0, 1, 1, 0, 3, 3, 0, 3, 1, 1, 3, 0, 3, 3, 3, 3, 1, 3, 3]|[1, 0, 1, 0, 1, 0, 2, 0, 0, 1, 1, 2, 1, 1, 0, 1, 1, 1, 2, 0],418.037039260283;9139.393045995632;14778.061108897817,0,false,[6, 19, 12, 5, 4, 16, 3, 11, 15, 7, 2, 10, 8, 13, 14, 9, 17, 18, 1, 0]|[2, 2, 1, 1, 2, 0, 0, 2, 0, 1, 1, 0, 2, 0, 0, 0, 0, 1, 0, 0]|[0, 0, 1, 1, 0, 3, 3, 0, 3, 1, 1, 3, 0, 3, 3, 3, 3, 1, 3, 3]|[1, 0, 1, 0, 1, 0, 2, 0, 0, 1, 1, 2, 1, 1, 0, 1, 1, 1, 2, 0],418.037039260283;9139.393045995632;14778.061108897817,0.805780875818,NOT_APPLICABLE,NOT_APPLICABLE,NOT_APPLICABLE,21
67,2,30455,G1_CMAX,PREVIOUS,[19, 5, 4, 16, 3, 9, 10, 17, 2, 6, 13, 1, 0, 12, 7, 8, 15, 14, 18, 11]|[1, 2, 1, 0, 1, 0, 2, 0, 2, 2, 2, 1, 1, 1, 1, 0, 1, 0, 0, 2]|[0, 1, 1, 3, 0, 3, 0, 0, 0, 0, 0, 1, 0, 1, 1, 0, 0, 3, 0, 1]|[1, 1, 0, 2, 1, 1, 0, 0, 1, 1, 1, 0, 1, 1, 1, 0, 0, 0, 1, 0],205.178521975543;10962.783729077695;15862.374381374957,0,false,[19, 5, 4, 16, 3, 9, 10, 17, 2, 6, 13, 1, 0, 12, 7, 8, 15, 14, 18, 11]|[1, 2, 1, 0, 1, 0, 2, 0, 2, 2, 2, 1, 1, 1, 1, 0, 1, 0, 0, 2]|[0, 1, 1, 3, 0, 3, 0, 0, 0, 0, 0, 1, 0, 1, 1, 0, 0, 3, 0, 1]|[1, 1, 0, 2, 1, 1, 0, 0, 1, 1, 1, 0, 1, 1, 1, 0, 0, 0, 1, 0],205.178521975543;10962.783729077695;15862.374381374957,205.178521975543,NOT_APPLICABLE,NOT_APPLICABLE,NOT_APPLICABLE,22
67,2,30455,G1_CMAX,HISTORICAL,[19, 5, 4, 16, 3, 9, 10, 17, 2, 6, 13, 1, 0, 12, 7, 8, 15, 14, 18, 11]|[1, 2, 1, 0, 1, 0, 2, 0, 2, 2, 2, 1, 1, 1, 1, 0, 1, 0, 0, 2]|[0, 1, 1, 3, 0, 3, 0, 0, 0, 0, 0, 1, 0, 1, 1, 0, 0, 3, 0, 1]|[1, 1, 0, 2, 1, 1, 0, 0, 1, 1, 1, 0, 1, 1, 1, 0, 0, 0, 1, 0],205.178521975543;10962.783729077695;15862.374381374957,0,false,[19, 5, 4, 16, 3, 9, 10, 17, 2, 6, 13, 1, 0, 12, 7, 8, 15, 14, 18, 11]|[1, 2, 1, 0, 1, 0, 2, 0, 2, 2, 2, 1, 1, 1, 1, 0, 1, 0, 0, 2]|[0, 1, 1, 3, 0, 3, 0, 0, 0, 0, 0, 1, 0, 1, 1, 0, 0, 3, 0, 1]|[1, 1, 0, 2, 1, 1, 0, 0, 1, 1, 1, 0, 1, 1, 1, 0, 0, 0, 1, 0],205.178521975543;10962.783729077695;15862.374381374957,205.178521975543,NOT_APPLICABLE,NOT_APPLICABLE,NOT_APPLICABLE,31
67,2,30455,G2_TEC,PREVIOUS,[6, 19, 12, 5, 4, 16, 3, 9, 10, 17, 2, 7, 15, 14, 11, 0, 18, 1, 13, 8]|[2, 1, 1, 1, 2, 0, 1, 2, 1, 0, 2, 0, 0, 0, 1, 0, 0, 1, 2, 0]|[0, 1, 1, 1, 0, 3, 0, 0, 0, 0, 0, 3, 3, 3, 1, 3, 0, 1, 0, 3]|[0, 1, 1, 0, 0, 0, 1, 0, 1, 0, 1, 2, 2, 2, 1, 0, 1, 1, 1, 2],279.770659010324;9678.736138396470;15561.759079184412,0,false,[6, 19, 12, 5, 4, 16, 3, 9, 10, 17, 2, 7, 15, 14, 11, 0, 18, 1, 13, 8]|[2, 1, 1, 1, 2, 0, 1, 2, 1, 0, 2, 0, 0, 0, 1, 0, 0, 1, 2, 0]|[0, 1, 1, 1, 0, 3, 0, 0, 0, 0, 0, 3, 3, 3, 1, 3, 0, 1, 0, 3]|[0, 1, 1, 0, 0, 0, 1, 0, 1, 0, 1, 2, 2, 2, 1, 0, 1, 1, 1, 2],279.770659010324;9678.736138396470;15561.759079184412,9678.736138396470,NOT_APPLICABLE,NOT_APPLICABLE,NOT_APPLICABLE,10
67,2,30455,G2_TEC,HISTORICAL,[6, 19, 12, 5, 4, 16, 1, 7, 15, 11, 2, 10, 8, 3, 9, 13, 0, 14, 18, 17]|[2, 2, 1, 1, 2, 0, 0, 2, 0, 1, 1, 0, 2, 0, 0, 0, 0, 0, 0, 0]|[0, 0, 1, 1, 0, 3, 3, 0, 3, 1, 1, 3, 0, 3, 3, 3, 3, 3, 3, 3]|[1, 0, 1, 0, 1, 0, 2, 0, 0, 1, 1, 2, 1, 0, 0, 2, 0, 0, 2, 0],447.850240554012;8850.884098949731;13283.949643195205,0,false,[6, 19, 12, 5, 4, 16, 1, 7, 15, 11, 2, 10, 8, 3, 9, 13, 0, 14, 18, 17]|[2, 2, 1, 1, 2, 0, 0, 2, 0, 1, 1, 0, 2, 0, 0, 0, 0, 0, 0, 0]|[0, 0, 1, 1, 0, 3, 3, 0, 3, 1, 1, 3, 0, 3, 3, 3, 3, 3, 3, 3]|[1, 0, 1, 0, 1, 0, 2, 0, 0, 1, 1, 2, 1, 0, 0, 2, 0, 0, 2, 0],447.850240554012;8850.884098949731;13283.949643195205,8850.884098949731,NOT_APPLICABLE,NOT_APPLICABLE,NOT_APPLICABLE,41
67,2,30455,G3_TWC,PREVIOUS,[6, 19, 12, 5, 4, 16, 3, 11, 15, 7, 2, 9, 8, 0, 17, 13, 14, 10, 18, 1]|[2, 2, 0, 1, 0, 0, 2, 2, 1, 1, 1, 0, 2, 0, 0, 0, 0, 0, 0, 0]|[0, 0, 2, 1, 3, 3, 0, 0, 0, 1, 1, 3, 0, 3, 3, 0, 3, 3, 3, 3]|[1, 0, 1, 0, 2, 0, 1, 0, 1, 1, 1, 1, 1, 2, 1, 2, 0, 2, 1, 1],409.047230276459;9712.789948995710;12805.715992083906,0,false,[6, 19, 12, 5, 4, 16, 3, 11, 15, 7, 2, 9, 8, 0, 17, 13, 14, 10, 18, 1]|[2, 2, 0, 1, 0, 0, 2, 2, 1, 1, 1, 0, 2, 0, 0, 0, 0, 0, 0, 0]|[0, 0, 2, 1, 3, 3, 0, 0, 0, 1, 1, 3, 0, 3, 3, 0, 3, 3, 3, 3]|[1, 0, 1, 0, 2, 0, 1, 0, 1, 1, 1, 1, 1, 2, 1, 2, 0, 2, 1, 1],409.047230276459;9712.789948995710;12805.715992083906,12805.715992083906,NOT_APPLICABLE,NOT_APPLICABLE,NOT_APPLICABLE,20
67,2,30455,G3_TWC,HISTORICAL,[6, 19, 12, 5, 4, 16, 3, 11, 15, 7, 2, 9, 8, 0, 17, 13, 14, 10, 18, 1]|[2, 2, 0, 1, 0, 0, 2, 2, 1, 1, 1, 0, 2, 0, 0, 0, 0, 0, 0, 0]|[0, 0, 2, 1, 3, 3, 0, 0, 0, 1, 1, 3, 0, 3, 3, 0, 3, 3, 3, 3]|[1, 0, 1, 0, 2, 0, 1, 0, 1, 1, 1, 1, 1, 2, 1, 2, 0, 2, 1, 1],409.047230276459;9712.789948995710;12805.715992083906,0,false,[6, 19, 12, 5, 4, 16, 3, 11, 15, 7, 2, 9, 8, 0, 17, 13, 14, 10, 18, 1]|[2, 2, 0, 1, 0, 0, 2, 2, 1, 1, 1, 0, 2, 0, 0, 0, 0, 0, 0, 0]|[0, 0, 2, 1, 3, 3, 0, 0, 0, 1, 1, 3, 0, 3, 3, 0, 3, 3, 3, 3]|[1, 0, 1, 0, 2, 0, 1, 0, 1, 1, 1, 1, 1, 2, 1, 2, 0, 2, 1, 1],409.047230276459;9712.789948995710;12805.715992083906,12805.715992083906,NOT_APPLICABLE,NOT_APPLICABLE,NOT_APPLICABLE,27
67,2,30455,G4_BALANCED,PREVIOUS,[6, 19, 12, 5, 4, 16, 3, 11, 15, 7, 10, 8, 13, 17, 0, 2, 9, 18, 14, 1]|[2, 2, 1, 1, 2, 2, 1, 1, 0, 1, 0, 2, 0, 0, 0, 1, 0, 1, 0, 0]|[0, 0, 1, 1, 0, 0, 1, 1, 3, 1, 3, 0, 3, 3, 3, 1, 3, 1, 3, 3]|[1, 0, 1, 0, 1, 1, 1, 1, 0, 1, 2, 1, 0, 1, 0, 1, 1, 1, 0, 2],303.879928085469;9072.898219347739;17405.144376943000,0,false,[6, 19, 12, 5, 4, 16, 3, 11, 15, 7, 10, 8, 13, 17, 0, 2, 9, 18, 14, 1]|[2, 2, 1, 1, 2, 2, 1, 1, 0, 1, 0, 2, 0, 0, 0, 1, 0, 1, 0, 0]|[0, 0, 1, 1, 0, 0, 1, 1, 3, 1, 3, 0, 3, 3, 3, 1, 3, 1, 3, 3]|[1, 0, 1, 0, 1, 1, 1, 1, 0, 1, 2, 1, 0, 1, 0, 1, 1, 1, 0, 2],303.879928085469;9072.898219347739;17405.144376943000,0.598446058567,NOT_APPLICABLE,NOT_APPLICABLE,NOT_APPLICABLE,24
67,2,30455,G4_BALANCED,HISTORICAL,[6, 19, 12, 5, 4, 16, 3, 11, 15, 7, 10, 8, 13, 17, 0, 2, 9, 18, 14, 1]|[2, 2, 1, 1, 2, 2, 1, 1, 0, 1, 0, 2, 0, 0, 0, 1, 0, 1, 0, 0]|[0, 0, 1, 1, 0, 0, 1, 1, 3, 1, 3, 0, 3, 3, 3, 1, 3, 1, 3, 3]|[1, 0, 1, 0, 1, 1, 1, 1, 0, 1, 2, 1, 0, 1, 0, 1, 1, 1, 0, 2],303.879928085469;9072.898219347739;17405.144376943000,0,false,[6, 19, 12, 5, 4, 16, 3, 11, 15, 7, 10, 8, 13, 17, 0, 2, 9, 18, 14, 1]|[2, 2, 1, 1, 2, 2, 1, 1, 0, 1, 0, 2, 0, 0, 0, 1, 0, 1, 0, 0]|[0, 0, 1, 1, 0, 0, 1, 1, 3, 1, 3, 0, 3, 3, 3, 1, 3, 1, 3, 3]|[1, 0, 1, 0, 1, 1, 1, 1, 0, 1, 2, 1, 0, 1, 0, 1, 1, 1, 0, 2],303.879928085469;9072.898219347739;17405.144376943000,0.598446058567,NOT_APPLICABLE,NOT_APPLICABLE,NOT_APPLICABLE,21
68,2,30555,G1_CMAX,PREVIOUS,[6, 19, 13, 10, 11, 2, 14, 16, 4, 17, 9, 8, 7, 0, 1, 5, 12, 18, 3, 15]|[2, 1, 0, 2, 2, 1, 1, 2, 2, 0, 1, 0, 1, 0, 0, 0, 1, 1, 1, 0]|[0, 1, 3, 0, 0, 1, 1, 0, 0, 0, 1, 3, 1, 3, 3, 3, 1, 1, 1, 3]|[1, 1, 0, 1, 0, 1, 1, 1, 1, 0, 1, 2, 1, 0, 2, 0, 1, 1, 1, 0],292.405915804574;8811.399132222681;17918.678328765980,0,false,[6, 19, 13, 10, 11, 2, 14, 16, 4, 17, 9, 8, 7, 0, 1, 5, 12, 18, 3, 15]|[2, 1, 0, 2, 2, 1, 1, 2, 2, 0, 1, 0, 1, 0, 0, 0, 1, 1, 1, 0]|[0, 1, 3, 0, 0, 1, 1, 0, 0, 0, 1, 3, 1, 3, 3, 3, 1, 1, 1, 3]|[1, 1, 0, 1, 0, 1, 1, 1, 1, 0, 1, 2, 1, 0, 2, 0, 1, 1, 1, 0],292.405915804574;8811.399132222681;17918.678328765980,292.405915804574,NOT_APPLICABLE,NOT_APPLICABLE,NOT_APPLICABLE,22
68,2,30555,G1_CMAX,HISTORICAL,[19, 5, 4, 16, 3, 9, 10, 17, 2, 6, 13, 1, 0, 12, 7, 8, 15, 14, 18, 11]|[1, 2, 1, 0, 1, 0, 2, 0, 2, 2, 2, 1, 1, 1, 1, 0, 1, 0, 0, 2]|[0, 1, 1, 3, 0, 3, 0, 0, 0, 0, 0, 1, 0, 1, 1, 0, 0, 3, 0, 1]|[1, 1, 0, 2, 1, 1, 0, 0, 1, 1, 1, 0, 1, 1, 1, 0, 0, 0, 1, 0],205.178521975543;10962.783729077695;15862.374381374957,0,false,[19, 5, 4, 16, 3, 9, 10, 17, 2, 6, 13, 1, 0, 12, 7, 8, 15, 14, 18, 11]|[1, 2, 1, 0, 1, 0, 2, 0, 2, 2, 2, 1, 1, 1, 1, 0, 1, 0, 0, 2]|[0, 1, 1, 3, 0, 3, 0, 0, 0, 0, 0, 1, 0, 1, 1, 0, 0, 3, 0, 1]|[1, 1, 0, 2, 1, 1, 0, 0, 1, 1, 1, 0, 1, 1, 1, 0, 0, 0, 1, 0],205.178521975543;10962.783729077695;15862.374381374957,205.178521975543,NOT_APPLICABLE,NOT_APPLICABLE,NOT_APPLICABLE,31
68,2,30555,G2_TEC,PREVIOUS,[6, 19, 12, 5, 4, 16, 1, 7, 15, 11, 2, 10, 8, 3, 9, 13, 0, 14, 18, 17]|[2, 2, 1, 1, 2, 0, 0, 2, 0, 1, 1, 0, 2, 0, 0, 0, 0, 0, 0, 0]|[0, 0, 1, 1, 0, 3, 3, 0, 3, 1, 1, 3, 0, 3, 3, 3, 3, 3, 3, 3]|[1, 0, 1, 0, 1, 0, 2, 0, 0, 1, 1, 2, 1, 0, 0, 2, 0, 0, 2, 0],447.850240554012;8850.884098949731;13283.949643195205,0,false,[6, 19, 12, 5, 4, 16, 1, 7, 15, 11, 2, 10, 8, 3, 9, 13, 0, 14, 18, 17]|[2, 2, 1, 1, 2, 0, 0, 2, 0, 1, 1, 0, 2, 0, 0, 0, 0, 0, 0, 0]|[0, 0, 1, 1, 0, 3, 3, 0, 3, 1, 1, 3, 0, 3, 3, 3, 3, 3, 3, 3]|[1, 0, 1, 0, 1, 0, 2, 0, 0, 1, 1, 2, 1, 0, 0, 2, 0, 0, 2, 0],447.850240554012;8850.884098949731;13283.949643195205,8850.884098949731,NOT_APPLICABLE,NOT_APPLICABLE,NOT_APPLICABLE,10
68,2,30555,G2_TEC,HISTORICAL,[6, 19, 12, 5, 4, 16, 1, 7, 15, 11, 2, 10, 8, 3, 9, 13, 0, 14, 18, 17]|[2, 2, 1, 1, 2, 0, 0, 2, 0, 1, 1, 0, 2, 0, 0, 0, 0, 0, 0, 0]|[0, 0, 1, 1, 0, 3, 3, 0, 3, 1, 1, 3, 0, 3, 3, 3, 3, 3, 3, 3]|[1, 0, 1, 0, 1, 0, 2, 0, 0, 1, 1, 2, 1, 0, 0, 2, 0, 0, 2, 0],447.850240554012;8850.884098949731;13283.949643195205,0,false,[6, 19, 12, 5, 4, 16, 1, 7, 15, 11, 2, 10, 8, 3, 9, 13, 0, 14, 18, 17]|[2, 2, 1, 1, 2, 0, 0, 2, 0, 1, 1, 0, 2, 0, 0, 0, 0, 0, 0, 0]|[0, 0, 1, 1, 0, 3, 3, 0, 3, 1, 1, 3, 0, 3, 3, 3, 3, 3, 3, 3]|[1, 0, 1, 0, 1, 0, 2, 0, 0, 1, 1, 2, 1, 0, 0, 2, 0, 0, 2, 0],447.850240554012;8850.884098949731;13283.949643195205,8850.884098949731,NOT_APPLICABLE,NOT_APPLICABLE,NOT_APPLICABLE,42
68,2,30555,G3_TWC,PREVIOUS,[6, 19, 12, 5, 4, 16, 3, 11, 15, 7, 2, 9, 8, 0, 17, 13, 14, 10, 18, 1]|[2, 2, 0, 1, 0, 0, 2, 2, 1, 1, 1, 0, 2, 0, 0, 0, 0, 0, 0, 0]|[0, 0, 2, 1, 3, 3, 0, 0, 0, 1, 1, 3, 0, 3, 3, 0, 3, 3, 3, 3]|[1, 0, 1, 0, 2, 0, 1, 0, 1, 1, 1, 1, 1, 2, 1, 2, 0, 2, 1, 1],409.047230276459;9712.789948995710;12805.715992083906,0,false,[6, 19, 12, 5, 4, 16, 3, 11, 15, 7, 2, 9, 8, 0, 17, 13, 14, 10, 18, 1]|[2, 2, 0, 1, 0, 0, 2, 2, 1, 1, 1, 0, 2, 0, 0, 0, 0, 0, 0, 0]|[0, 0, 2, 1, 3, 3, 0, 0, 0, 1, 1, 3, 0, 3, 3, 0, 3, 3, 3, 3]|[1, 0, 1, 0, 2, 0, 1, 0, 1, 1, 1, 1, 1, 2, 1, 2, 0, 2, 1, 1],409.047230276459;9712.789948995710;12805.715992083906,12805.715992083906,NOT_APPLICABLE,NOT_APPLICABLE,NOT_APPLICABLE,20
68,2,30555,G3_TWC,HISTORICAL,[6, 19, 12, 5, 4, 16, 3, 11, 15, 7, 2, 9, 8, 0, 17, 13, 14, 10, 18, 1]|[2, 2, 0, 1, 0, 0, 2, 2, 1, 1, 1, 0, 2, 0, 0, 0, 0, 0, 0, 0]|[0, 0, 2, 1, 3, 3, 0, 0, 0, 1, 1, 3, 0, 3, 3, 0, 3, 3, 3, 3]|[1, 0, 1, 0, 2, 0, 1, 0, 1, 1, 1, 1, 1, 2, 1, 2, 0, 2, 1, 1],409.047230276459;9712.789948995710;12805.715992083906,0,false,[6, 19, 12, 5, 4, 16, 3, 11, 15, 7, 2, 9, 8, 0, 17, 13, 14, 10, 18, 1]|[2, 2, 0, 1, 0, 0, 2, 2, 1, 1, 1, 0, 2, 0, 0, 0, 0, 0, 0, 0]|[0, 0, 2, 1, 3, 3, 0, 0, 0, 1, 1, 3, 0, 3, 3, 0, 3, 3, 3, 3]|[1, 0, 1, 0, 2, 0, 1, 0, 1, 1, 1, 1, 1, 2, 1, 2, 0, 2, 1, 1],409.047230276459;9712.789948995710;12805.715992083906,12805.715992083906,NOT_APPLICABLE,NOT_APPLICABLE,NOT_APPLICABLE,28
68,2,30555,G4_BALANCED,PREVIOUS,[6, 19, 12, 5, 4, 16, 3, 11, 15, 7, 10, 8, 13, 17, 0, 2, 9, 18, 14, 1]|[2, 2, 1, 1, 2, 2, 1, 1, 0, 1, 0, 2, 0, 0, 0, 1, 0, 1, 0, 0]|[0, 0, 1, 1, 0, 0, 1, 1, 3, 1, 3, 0, 3, 3, 3, 1, 3, 1, 3, 3]|[1, 0, 1, 0, 1, 1, 1, 1, 0, 1, 2, 1, 0, 1, 0, 1, 1, 1, 0, 2],303.879928085469;9072.898219347739;17405.144376943000,0,false,[6, 19, 12, 5, 4, 16, 3, 11, 15, 7, 10, 8, 13, 17, 0, 2, 9, 18, 14, 1]|[2, 2, 1, 1, 2, 2, 1, 1, 0, 1, 0, 2, 0, 0, 0, 1, 0, 1, 0, 0]|[0, 0, 1, 1, 0, 0, 1, 1, 3, 1, 3, 0, 3, 3, 3, 1, 3, 1, 3, 3]|[1, 0, 1, 0, 1, 1, 1, 1, 0, 1, 2, 1, 0, 1, 0, 1, 1, 1, 0, 2],303.879928085469;9072.898219347739;17405.144376943000,0.598446058567,NOT_APPLICABLE,NOT_APPLICABLE,NOT_APPLICABLE,24
68,2,30555,G4_BALANCED,HISTORICAL,[6, 19, 12, 5, 4, 16, 3, 11, 15, 7, 10, 8, 13, 17, 0, 2, 9, 18, 14, 1]|[2, 2, 1, 1, 2, 2, 1, 1, 0, 1, 0, 2, 0, 0, 0, 1, 0, 1, 0, 0]|[0, 0, 1, 1, 0, 0, 1, 1, 3, 1, 3, 0, 3, 3, 3, 1, 3, 1, 3, 3]|[1, 0, 1, 0, 1, 1, 1, 1, 0, 1, 2, 1, 0, 1, 0, 1, 1, 1, 0, 2],303.879928085469;9072.898219347739;17405.144376943000,0,false,[6, 19, 12, 5, 4, 16, 3, 11, 15, 7, 10, 8, 13, 17, 0, 2, 9, 18, 14, 1]|[2, 2, 1, 1, 2, 2, 1, 1, 0, 1, 0, 2, 0, 0, 0, 1, 0, 1, 0, 0]|[0, 0, 1, 1, 0, 0, 1, 1, 3, 1, 3, 0, 3, 3, 3, 1, 3, 1, 3, 3]|[1, 0, 1, 0, 1, 1, 1, 1, 0, 1, 2, 1, 0, 1, 0, 1, 1, 1, 0, 2],303.879928085469;9072.898219347739;17405.144376943000,0.598446058567,NOT_APPLICABLE,NOT_APPLICABLE,NOT_APPLICABLE,22
69,2,30655,G1_CMAX,PREVIOUS,[6, 19, 13, 10, 11, 2, 14, 16, 4, 7, 12, 8, 17, 15, 1, 5, 9, 18, 3, 0]|[2, 1, 0, 2, 2, 1, 2, 2, 0, 1, 1, 0, 0, 0, 0, 0, 1, 1, 1, 0]|[0, 1, 3, 0, 0, 1, 0, 0, 3, 1, 1, 3, 3, 3, 3, 3, 1, 1, 1, 3]|[1, 1, 0, 1, 0, 1, 1, 1, 2, 1, 1, 2, 0, 0, 2, 0, 1, 1, 1, 0],359.843593746124;8776.399139474994;16286.372257513500,0,false,[6, 19, 13, 10, 11, 2, 14, 16, 4, 7, 12, 8, 17, 15, 1, 5, 9, 18, 3, 0]|[2, 1, 0, 2, 2, 1, 2, 2, 0, 1, 1, 0, 0, 0, 0, 0, 1, 1, 1, 0]|[0, 1, 3, 0, 0, 1, 0, 0, 3, 1, 1, 3, 3, 3, 3, 3, 1, 1, 1, 3]|[1, 1, 0, 1, 0, 1, 1, 1, 2, 1, 1, 2, 0, 0, 2, 0, 1, 1, 1, 0],359.843593746124;8776.399139474994;16286.372257513500,359.843593746124,NOT_APPLICABLE,NOT_APPLICABLE,NOT_APPLICABLE,22
69,2,30655,G1_CMAX,HISTORICAL,[19, 5, 4, 16, 3, 9, 10, 17, 2, 6, 13, 1, 0, 12, 7, 8, 15, 14, 18, 11]|[1, 2, 1, 0, 1, 0, 2, 0, 2, 2, 2, 1, 1, 1, 1, 0, 1, 0, 0, 2]|[0, 1, 1, 3, 0, 3, 0, 0, 0, 0, 0, 1, 0, 1, 1, 0, 0, 3, 0, 1]|[1, 1, 0, 2, 1, 1, 0, 0, 1, 1, 1, 0, 1, 1, 1, 0, 0, 0, 1, 0],205.178521975543;10962.783729077695;15862.374381374957,0,false,[19, 5, 4, 16, 3, 9, 10, 17, 2, 6, 13, 1, 0, 12, 7, 8, 15, 14, 18, 11]|[1, 2, 1, 0, 1, 0, 2, 0, 2, 2, 2, 1, 1, 1, 1, 0, 1, 0, 0, 2]|[0, 1, 1, 3, 0, 3, 0, 0, 0, 0, 0, 1, 0, 1, 1, 0, 0, 3, 0, 1]|[1, 1, 0, 2, 1, 1, 0, 0, 1, 1, 1, 0, 1, 1, 1, 0, 0, 0, 1, 0],205.178521975543;10962.783729077695;15862.374381374957,205.178521975543,NOT_APPLICABLE,NOT_APPLICABLE,NOT_APPLICABLE,31
69,2,30655,G2_TEC,PREVIOUS,[6, 19, 12, 5, 4, 16, 1, 7, 15, 11, 2, 10, 8, 3, 9, 13, 0, 14, 18, 17]|[2, 2, 1, 1, 2, 0, 0, 2, 0, 1, 1, 0, 2, 0, 0, 0, 0, 0, 0, 0]|[0, 0, 1, 1, 0, 3, 3, 0, 3, 1, 1, 3, 0, 3, 3, 3, 3, 3, 3, 3]|[1, 0, 1, 0, 1, 0, 2, 0, 0, 1, 1, 2, 1, 0, 0, 2, 0, 0, 2, 0],447.850240554012;8850.884098949731;13283.949643195205,0,false,[6, 19, 12, 5, 4, 16, 1, 7, 15, 11, 2, 10, 8, 3, 9, 13, 0, 14, 18, 17]|[2, 2, 1, 1, 2, 0, 0, 2, 0, 1, 1, 0, 2, 0, 0, 0, 0, 0, 0, 0]|[0, 0, 1, 1, 0, 3, 3, 0, 3, 1, 1, 3, 0, 3, 3, 3, 3, 3, 3, 3]|[1, 0, 1, 0, 1, 0, 2, 0, 0, 1, 1, 2, 1, 0, 0, 2, 0, 0, 2, 0],447.850240554012;8850.884098949731;13283.949643195205,8850.884098949731,NOT_APPLICABLE,NOT_APPLICABLE,NOT_APPLICABLE,10
69,2,30655,G2_TEC,HISTORICAL,[6, 19, 12, 5, 4, 16, 1, 7, 15, 11, 2, 10, 8, 3, 9, 13, 0, 14, 18, 17]|[2, 2, 1, 1, 2, 0, 0, 2, 0, 1, 1, 0, 2, 0, 0, 0, 0, 0, 0, 0]|[0, 0, 1, 1, 0, 3, 3, 0, 3, 1, 1, 3, 0, 3, 3, 3, 3, 3, 3, 3]|[1, 0, 1, 0, 1, 0, 2, 0, 0, 1, 1, 2, 1, 0, 0, 2, 0, 0, 2, 0],447.850240554012;8850.884098949731;13283.949643195205,0,false,[6, 19, 12, 5, 4, 16, 1, 7, 15, 11, 2, 10, 8, 3, 9, 13, 0, 14, 18, 17]|[2, 2, 1, 1, 2, 0, 0, 2, 0, 1, 1, 0, 2, 0, 0, 0, 0, 0, 0, 0]|[0, 0, 1, 1, 0, 3, 3, 0, 3, 1, 1, 3, 0, 3, 3, 3, 3, 3, 3, 3]|[1, 0, 1, 0, 1, 0, 2, 0, 0, 1, 1, 2, 1, 0, 0, 2, 0, 0, 2, 0],447.850240554012;8850.884098949731;13283.949643195205,8850.884098949731,NOT_APPLICABLE,NOT_APPLICABLE,NOT_APPLICABLE,43
69,2,30655,G3_TWC,PREVIOUS,[6, 19, 12, 5, 4, 16, 3, 11, 15, 7, 2, 9, 8, 0, 17, 13, 14, 10, 18, 1]|[2, 2, 0, 1, 0, 0, 2, 2, 1, 1, 1, 0, 2, 0, 0, 0, 0, 0, 0, 0]|[0, 0, 2, 1, 3, 3, 0, 0, 0, 1, 1, 3, 0, 3, 3, 0, 3, 3, 3, 3]|[1, 0, 1, 0, 2, 0, 1, 0, 1, 1, 1, 1, 1, 2, 1, 2, 0, 2, 1, 1],409.047230276459;9712.789948995710;12805.715992083906,0,false,[6, 19, 12, 5, 4, 16, 3, 11, 15, 7, 2, 9, 8, 0, 17, 13, 14, 10, 18, 1]|[2, 2, 0, 1, 0, 0, 2, 2, 1, 1, 1, 0, 2, 0, 0, 0, 0, 0, 0, 0]|[0, 0, 2, 1, 3, 3, 0, 0, 0, 1, 1, 3, 0, 3, 3, 0, 3, 3, 3, 3]|[1, 0, 1, 0, 2, 0, 1, 0, 1, 1, 1, 1, 1, 2, 1, 2, 0, 2, 1, 1],409.047230276459;9712.789948995710;12805.715992083906,12805.715992083906,NOT_APPLICABLE,NOT_APPLICABLE,NOT_APPLICABLE,20
69,2,30655,G3_TWC,HISTORICAL,[6, 19, 12, 5, 4, 16, 3, 11, 15, 7, 2, 9, 8, 0, 17, 13, 14, 10, 18, 1]|[2, 2, 0, 1, 0, 0, 2, 2, 1, 1, 1, 0, 2, 0, 0, 0, 0, 0, 0, 0]|[0, 0, 2, 1, 3, 3, 0, 0, 0, 1, 1, 3, 0, 3, 3, 0, 3, 3, 3, 3]|[1, 0, 1, 0, 2, 0, 1, 0, 1, 1, 1, 1, 1, 2, 1, 2, 0, 2, 1, 1],409.047230276459;9712.789948995710;12805.715992083906,0,false,[6, 19, 12, 5, 4, 16, 3, 11, 15, 7, 2, 9, 8, 0, 17, 13, 14, 10, 18, 1]|[2, 2, 0, 1, 0, 0, 2, 2, 1, 1, 1, 0, 2, 0, 0, 0, 0, 0, 0, 0]|[0, 0, 2, 1, 3, 3, 0, 0, 0, 1, 1, 3, 0, 3, 3, 0, 3, 3, 3, 3]|[1, 0, 1, 0, 2, 0, 1, 0, 1, 1, 1, 1, 1, 2, 1, 2, 0, 2, 1, 1],409.047230276459;9712.789948995710;12805.715992083906,12805.715992083906,NOT_APPLICABLE,NOT_APPLICABLE,NOT_APPLICABLE,29
69,2,30655,G4_BALANCED,PREVIOUS,[6, 19, 12, 5, 4, 16, 3, 11, 15, 8, 7, 2, 10, 0, 17, 13, 1, 18, 14, 9]|[2, 1, 0, 1, 0, 0, 0, 2, 2, 2, 1, 1, 2, 0, 0, 0, 0, 0, 0, 0]|[0, 1, 2, 1, 3, 3, 3, 0, 0, 0, 1, 1, 1, 3, 3, 0, 3, 3, 3, 3]|[1, 1, 1, 0, 2, 0, 0, 0, 1, 1, 1, 1, 1, 0, 1, 2, 2, 1, 0, 1],415.884985970040;9434.156685671494;13144.134161332157,0,false,[6, 19, 12, 5, 4, 16, 3, 11, 15, 8, 7, 2, 10, 0, 17, 13, 1, 18, 14, 9]|[2, 1, 0, 1, 0, 0, 0, 2, 2, 2, 1, 1, 2, 0, 0, 0, 0, 0, 0, 0]|[0, 1, 2, 1, 3, 3, 3, 0, 0, 0, 1, 1, 1, 3, 3, 0, 3, 3, 3, 3]|[1, 1, 1, 0, 2, 0, 0, 0, 1, 1, 1, 1, 1, 0, 1, 2, 2, 1, 0, 1],415.884985970040;9434.156685671494;13144.134161332157,0.738587701387,NOT_APPLICABLE,NOT_APPLICABLE,NOT_APPLICABLE,24
69,2,30655,G4_BALANCED,HISTORICAL,[6, 19, 12, 5, 4, 16, 3, 11, 15, 7, 10, 8, 13, 17, 0, 2, 9, 18, 14, 1]|[2, 2, 1, 1, 2, 2, 1, 1, 0, 1, 0, 2, 0, 0, 0, 1, 0, 1, 0, 0]|[0, 0, 1, 1, 0, 0, 1, 1, 3, 1, 3, 0, 3, 3, 3, 1, 3, 1, 3, 3]|[1, 0, 1, 0, 1, 1, 1, 1, 0, 1, 2, 1, 0, 1, 0, 1, 1, 1, 0, 2],303.879928085469;9072.898219347739;17405.144376943000,0,false,[6, 19, 12, 5, 4, 16, 3, 11, 15, 7, 10, 8, 13, 17, 0, 2, 9, 18, 14, 1]|[2, 2, 1, 1, 2, 2, 1, 1, 0, 1, 0, 2, 0, 0, 0, 1, 0, 1, 0, 0]|[0, 0, 1, 1, 0, 0, 1, 1, 3, 1, 3, 0, 3, 3, 3, 1, 3, 1, 3, 3]|[1, 0, 1, 0, 1, 1, 1, 1, 0, 1, 2, 1, 0, 1, 0, 1, 1, 1, 0, 2],303.879928085469;9072.898219347739;17405.144376943000,0.598446058567,NOT_APPLICABLE,NOT_APPLICABLE,NOT_APPLICABLE,22
70,2,30755,G1_CMAX,PREVIOUS,[6, 19, 13, 10, 11, 2, 14, 16, 4, 17, 9, 8, 7, 0, 1, 5, 12, 18, 3, 15]|[2, 1, 0, 2, 2, 1, 1, 2, 2, 0, 1, 0, 1, 0, 0, 0, 1, 1, 1, 0]|[0, 1, 3, 0, 0, 1, 1, 0, 0, 0, 1, 3, 1, 3, 3, 3, 1, 1, 1, 3]|[1, 1, 0, 1, 0, 1, 1, 1, 1, 0, 1, 2, 1, 0, 2, 0, 1, 1, 1, 0],292.405915804574;8811.399132222681;17918.678328765980,0,false,[6, 19, 13, 10, 11, 2, 14, 16, 4, 17, 9, 8, 7, 0, 1, 5, 12, 18, 3, 15]|[2, 1, 0, 2, 2, 1, 1, 2, 2, 0, 1, 0, 1, 0, 0, 0, 1, 1, 1, 0]|[0, 1, 3, 0, 0, 1, 1, 0, 0, 0, 1, 3, 1, 3, 3, 3, 1, 1, 1, 3]|[1, 1, 0, 1, 0, 1, 1, 1, 1, 0, 1, 2, 1, 0, 2, 0, 1, 1, 1, 0],292.405915804574;8811.399132222681;17918.678328765980,292.405915804574,NOT_APPLICABLE,NOT_APPLICABLE,NOT_APPLICABLE,22
70,2,30755,G1_CMAX,HISTORICAL,[19, 5, 4, 16, 3, 9, 10, 17, 2, 6, 13, 1, 0, 12, 7, 8, 15, 14, 18, 11]|[1, 2, 1, 0, 1, 0, 2, 0, 2, 2, 2, 1, 1, 1, 1, 0, 1, 0, 0, 2]|[0, 1, 1, 3, 0, 3, 0, 0, 0, 0, 0, 1, 0, 1, 1, 0, 0, 3, 0, 1]|[1, 1, 0, 2, 1, 1, 0, 0, 1, 1, 1, 0, 1, 1, 1, 0, 0, 0, 1, 0],205.178521975543;10962.783729077695;15862.374381374957,0,false,[19, 5, 4, 16, 3, 9, 10, 17, 2, 6, 13, 1, 0, 12, 7, 8, 15, 14, 18, 11]|[1, 2, 1, 0, 1, 0, 2, 0, 2, 2, 2, 1, 1, 1, 1, 0, 1, 0, 0, 2]|[0, 1, 1, 3, 0, 3, 0, 0, 0, 0, 0, 1, 0, 1, 1, 0, 0, 3, 0, 1]|[1, 1, 0, 2, 1, 1, 0, 0, 1, 1, 1, 0, 1, 1, 1, 0, 0, 0, 1, 0],205.178521975543;10962.783729077695;15862.374381374957,205.178521975543,NOT_APPLICABLE,NOT_APPLICABLE,NOT_APPLICABLE,31
70,2,30755,G2_TEC,PREVIOUS,[6, 19, 12, 5, 4, 16, 1, 7, 15, 11, 2, 10, 8, 3, 9, 13, 0, 14, 18, 17]|[2, 2, 1, 1, 2, 0, 0, 2, 0, 1, 1, 0, 2, 0, 0, 0, 0, 0, 0, 0]|[0, 0, 1, 1, 0, 3, 3, 0, 3, 1, 1, 3, 0, 3, 3, 3, 3, 3, 3, 3]|[1, 0, 1, 0, 1, 0, 2, 0, 0, 1, 1, 2, 1, 0, 0, 2, 0, 0, 2, 0],447.850240554012;8850.884098949731;13283.949643195205,0,false,[6, 19, 12, 5, 4, 16, 1, 7, 15, 11, 2, 10, 8, 3, 9, 13, 0, 14, 18, 17]|[2, 2, 1, 1, 2, 0, 0, 2, 0, 1, 1, 0, 2, 0, 0, 0, 0, 0, 0, 0]|[0, 0, 1, 1, 0, 3, 3, 0, 3, 1, 1, 3, 0, 3, 3, 3, 3, 3, 3, 3]|[1, 0, 1, 0, 1, 0, 2, 0, 0, 1, 1, 2, 1, 0, 0, 2, 0, 0, 2, 0],447.850240554012;8850.884098949731;13283.949643195205,8850.884098949731,NOT_APPLICABLE,NOT_APPLICABLE,NOT_APPLICABLE,10
70,2,30755,G2_TEC,HISTORICAL,[6, 19, 12, 5, 4, 16, 1, 7, 15, 11, 2, 10, 8, 3, 9, 13, 0, 14, 18, 17]|[2, 2, 1, 1, 2, 0, 0, 2, 0, 1, 1, 0, 2, 0, 0, 0, 0, 0, 0, 0]|[0, 0, 1, 1, 0, 3, 3, 0, 3, 1, 1, 3, 0, 3, 3, 3, 3, 3, 3, 3]|[1, 0, 1, 0, 1, 0, 2, 0, 0, 1, 1, 2, 1, 0, 0, 2, 0, 0, 2, 0],447.850240554012;8850.884098949731;13283.949643195205,0,false,[6, 19, 12, 5, 4, 16, 1, 7, 15, 11, 2, 10, 8, 3, 9, 13, 0, 14, 18, 17]|[2, 2, 1, 1, 2, 0, 0, 2, 0, 1, 1, 0, 2, 0, 0, 0, 0, 0, 0, 0]|[0, 0, 1, 1, 0, 3, 3, 0, 3, 1, 1, 3, 0, 3, 3, 3, 3, 3, 3, 3]|[1, 0, 1, 0, 1, 0, 2, 0, 0, 1, 1, 2, 1, 0, 0, 2, 0, 0, 2, 0],447.850240554012;8850.884098949731;13283.949643195205,8850.884098949731,NOT_APPLICABLE,NOT_APPLICABLE,NOT_APPLICABLE,44
70,2,30755,G3_TWC,PREVIOUS,[6, 19, 12, 5, 4, 16, 3, 11, 15, 7, 2, 9, 8, 0, 17, 13, 14, 10, 18, 1]|[2, 2, 0, 1, 0, 0, 2, 2, 1, 1, 1, 0, 2, 0, 0, 0, 0, 0, 0, 0]|[0, 0, 2, 1, 3, 3, 0, 0, 0, 1, 1, 3, 0, 3, 3, 0, 3, 3, 3, 3]|[1, 0, 1, 0, 2, 0, 1, 0, 1, 1, 1, 1, 1, 2, 1, 2, 0, 2, 1, 1],409.047230276459;9712.789948995710;12805.715992083906,0,false,[6, 19, 12, 5, 4, 16, 3, 11, 15, 7, 2, 9, 8, 0, 17, 13, 14, 10, 18, 1]|[2, 2, 0, 1, 0, 0, 2, 2, 1, 1, 1, 0, 2, 0, 0, 0, 0, 0, 0, 0]|[0, 0, 2, 1, 3, 3, 0, 0, 0, 1, 1, 3, 0, 3, 3, 0, 3, 3, 3, 3]|[1, 0, 1, 0, 2, 0, 1, 0, 1, 1, 1, 1, 1, 2, 1, 2, 0, 2, 1, 1],409.047230276459;9712.789948995710;12805.715992083906,12805.715992083906,NOT_APPLICABLE,NOT_APPLICABLE,NOT_APPLICABLE,20
70,2,30755,G3_TWC,HISTORICAL,[6, 19, 12, 5, 4, 16, 3, 11, 15, 7, 2, 9, 8, 0, 17, 13, 14, 10, 18, 1]|[2, 2, 0, 1, 0, 0, 2, 2, 1, 1, 1, 0, 2, 0, 0, 0, 0, 0, 0, 0]|[0, 0, 2, 1, 3, 3, 0, 0, 0, 1, 1, 3, 0, 3, 3, 0, 3, 3, 3, 3]|[1, 0, 1, 0, 2, 0, 1, 0, 1, 1, 1, 1, 1, 2, 1, 2, 0, 2, 1, 1],409.047230276459;9712.789948995710;12805.715992083906,0,false,[6, 19, 12, 5, 4, 16, 3, 11, 15, 7, 2, 9, 8, 0, 17, 13, 14, 10, 18, 1]|[2, 2, 0, 1, 0, 0, 2, 2, 1, 1, 1, 0, 2, 0, 0, 0, 0, 0, 0, 0]|[0, 0, 2, 1, 3, 3, 0, 0, 0, 1, 1, 3, 0, 3, 3, 0, 3, 3, 3, 3]|[1, 0, 1, 0, 2, 0, 1, 0, 1, 1, 1, 1, 1, 2, 1, 2, 0, 2, 1, 1],409.047230276459;9712.789948995710;12805.715992083906,12805.715992083906,NOT_APPLICABLE,NOT_APPLICABLE,NOT_APPLICABLE,30
70,2,30755,G4_BALANCED,PREVIOUS,[6, 19, 12, 5, 4, 16, 3, 11, 15, 8, 13, 9, 0, 7, 14, 1, 2, 10, 18, 17]|[2, 1, 0, 1, 0, 0, 2, 2, 0, 2, 0, 0, 2, 1, 0, 0, 1, 0, 0, 0]|[0, 1, 2, 1, 3, 3, 0, 0, 3, 0, 3, 3, 0, 1, 3, 3, 1, 3, 3, 3]|[1, 1, 1, 0, 2, 0, 1, 0, 2, 1, 0, 1, 1, 1, 2, 1, 1, 0, 1, 0],444.392947394006;9250.008078397175;13026.551725022211,0,false,[6, 19, 12, 5, 4, 16, 3, 11, 15, 8, 13, 9, 0, 7, 14, 1, 2, 10, 18, 17]|[2, 1, 0, 1, 0, 0, 2, 2, 0, 2, 0, 0, 2, 1, 0, 0, 1, 0, 0, 0]|[0, 1, 2, 1, 3, 3, 0, 0, 3, 0, 3, 3, 0, 1, 3, 3, 1, 3, 3, 3]|[1, 1, 1, 0, 2, 0, 1, 0, 2, 1, 0, 1, 1, 1, 2, 1, 1, 0, 1, 0],444.392947394006;9250.008078397175;13026.551725022211,0.836675401149,NOT_APPLICABLE,NOT_APPLICABLE,NOT_APPLICABLE,24
70,2,30755,G4_BALANCED,HISTORICAL,[6, 19, 12, 5, 4, 16, 3, 11, 15, 7, 10, 8, 13, 17, 0, 2, 9, 18, 14, 1]|[2, 2, 1, 1, 2, 2, 1, 1, 0, 1, 0, 2, 0, 0, 0, 1, 0, 1, 0, 0]|[0, 0, 1, 1, 0, 0, 1, 1, 3, 1, 3, 0, 3, 3, 3, 1, 3, 1, 3, 3]|[1, 0, 1, 0, 1, 1, 1, 1, 0, 1, 2, 1, 0, 1, 0, 1, 1, 1, 0, 2],303.879928085469;9072.898219347739;17405.144376943000,0,false,[6, 19, 12, 5, 4, 16, 3, 11, 15, 7, 10, 8, 13, 17, 0, 2, 9, 18, 14, 1]|[2, 2, 1, 1, 2, 2, 1, 1, 0, 1, 0, 2, 0, 0, 0, 1, 0, 1, 0, 0]|[0, 0, 1, 1, 0, 0, 1, 1, 3, 1, 3, 0, 3, 3, 3, 1, 3, 1, 3, 3]|[1, 0, 1, 0, 1, 1, 1, 1, 0, 1, 2, 1, 0, 1, 0, 1, 1, 1, 0, 2],303.879928085469;9072.898219347739;17405.144376943000,0.598446058567,NOT_APPLICABLE,NOT_APPLICABLE,NOT_APPLICABLE,22
71,2,30855,G1_CMAX,PREVIOUS,[19, 5, 4, 16, 3, 9, 10, 17, 2, 6, 13, 1, 0, 12, 7, 8, 15, 14, 18, 11]|[1, 2, 1, 0, 1, 0, 2, 0, 2, 2, 2, 1, 1, 1, 1, 0, 1, 0, 0, 2]|[0, 1, 1, 3, 0, 3, 0, 0, 0, 0, 0, 1, 0, 1, 1, 0, 0, 3, 0, 1]|[1, 1, 0, 2, 1, 1, 0, 0, 1, 1, 1, 0, 1, 1, 1, 0, 0, 0, 1, 0],205.178521975543;10962.783729077695;15862.374381374957,0,false,[19, 5, 4, 16, 3, 9, 10, 17, 2, 6, 13, 1, 0, 12, 7, 8, 15, 14, 18, 11]|[1, 2, 1, 0, 1, 0, 2, 0, 2, 2, 2, 1, 1, 1, 1, 0, 1, 0, 0, 2]|[0, 1, 1, 3, 0, 3, 0, 0, 0, 0, 0, 1, 0, 1, 1, 0, 0, 3, 0, 1]|[1, 1, 0, 2, 1, 1, 0, 0, 1, 1, 1, 0, 1, 1, 1, 0, 0, 0, 1, 0],205.178521975543;10962.783729077695;15862.374381374957,205.178521975543,NOT_APPLICABLE,NOT_APPLICABLE,NOT_APPLICABLE,22
71,2,30855,G1_CMAX,HISTORICAL,[19, 5, 4, 16, 3, 9, 10, 17, 2, 6, 13, 1, 0, 12, 7, 8, 15, 14, 18, 11]|[1, 2, 1, 0, 1, 0, 2, 0, 2, 2, 2, 1, 1, 1, 1, 0, 1, 0, 0, 2]|[0, 1, 1, 3, 0, 3, 0, 0, 0, 0, 0, 1, 0, 1, 1, 0, 0, 3, 0, 1]|[1, 1, 0, 2, 1, 1, 0, 0, 1, 1, 1, 0, 1, 1, 1, 0, 0, 0, 1, 0],205.178521975543;10962.783729077695;15862.374381374957,0,false,[19, 5, 4, 16, 3, 9, 10, 17, 2, 6, 13, 1, 0, 12, 7, 8, 15, 14, 18, 11]|[1, 2, 1, 0, 1, 0, 2, 0, 2, 2, 2, 1, 1, 1, 1, 0, 1, 0, 0, 2]|[0, 1, 1, 3, 0, 3, 0, 0, 0, 0, 0, 1, 0, 1, 1, 0, 0, 3, 0, 1]|[1, 1, 0, 2, 1, 1, 0, 0, 1, 1, 1, 0, 1, 1, 1, 0, 0, 0, 1, 0],205.178521975543;10962.783729077695;15862.374381374957,205.178521975543,NOT_APPLICABLE,NOT_APPLICABLE,NOT_APPLICABLE,32
71,2,30855,G2_TEC,PREVIOUS,[6, 19, 12, 5, 4, 16, 1, 7, 15, 11, 2, 10, 8, 3, 9, 13, 0, 14, 18, 17]|[2, 2, 1, 1, 2, 0, 0, 2, 0, 1, 1, 0, 2, 0, 0, 0, 0, 0, 0, 0]|[0, 0, 1, 1, 0, 3, 3, 0, 3, 1, 1, 3, 0, 3, 3, 3, 3, 3, 3, 3]|[1, 0, 1, 0, 1, 0, 2, 0, 0, 1, 1, 2, 1, 0, 0, 2, 0, 0, 2, 0],447.850240554012;8850.884098949731;13283.949643195205,0,false,[6, 19, 12, 5, 4, 16, 1, 7, 15, 11, 2, 10, 8, 3, 9, 13, 0, 14, 18, 17]|[2, 2, 1, 1, 2, 0, 0, 2, 0, 1, 1, 0, 2, 0, 0, 0, 0, 0, 0, 0]|[0, 0, 1, 1, 0, 3, 3, 0, 3, 1, 1, 3, 0, 3, 3, 3, 3, 3, 3, 3]|[1, 0, 1, 0, 1, 0, 2, 0, 0, 1, 1, 2, 1, 0, 0, 2, 0, 0, 2, 0],447.850240554012;8850.884098949731;13283.949643195205,8850.884098949731,NOT_APPLICABLE,NOT_APPLICABLE,NOT_APPLICABLE,10
71,2,30855,G2_TEC,HISTORICAL,[6, 19, 12, 5, 4, 16, 1, 7, 15, 11, 2, 10, 8, 3, 9, 13, 0, 14, 18, 17]|[2, 2, 1, 1, 2, 0, 0, 2, 0, 1, 1, 0, 2, 0, 0, 0, 0, 0, 0, 0]|[0, 0, 1, 1, 0, 3, 3, 0, 3, 1, 1, 3, 0, 3, 3, 3, 3, 3, 3, 3]|[1, 0, 1, 0, 1, 0, 2, 0, 0, 1, 1, 2, 1, 0, 0, 2, 0, 0, 2, 0],447.850240554012;8850.884098949731;13283.949643195205,0,false,[6, 19, 12, 5, 4, 16, 1, 7, 15, 11, 2, 10, 8, 3, 9, 13, 0, 14, 18, 17]|[2, 2, 1, 1, 2, 0, 0, 2, 0, 1, 1, 0, 2, 0, 0, 0, 0, 0, 0, 0]|[0, 0, 1, 1, 0, 3, 3, 0, 3, 1, 1, 3, 0, 3, 3, 3, 3, 3, 3, 3]|[1, 0, 1, 0, 1, 0, 2, 0, 0, 1, 1, 2, 1, 0, 0, 2, 0, 0, 2, 0],447.850240554012;8850.884098949731;13283.949643195205,8850.884098949731,NOT_APPLICABLE,NOT_APPLICABLE,NOT_APPLICABLE,45
71,2,30855,G3_TWC,PREVIOUS,[6, 19, 12, 5, 4, 16, 3, 11, 15, 7, 2, 9, 8, 0, 17, 13, 14, 10, 18, 1]|[2, 2, 0, 1, 0, 0, 2, 2, 1, 1, 1, 0, 2, 0, 0, 0, 0, 0, 0, 0]|[0, 0, 2, 1, 3, 3, 0, 0, 0, 1, 1, 3, 0, 3, 3, 0, 3, 3, 3, 3]|[1, 0, 1, 0, 2, 0, 1, 0, 1, 1, 1, 1, 1, 2, 1, 2, 0, 2, 1, 1],409.047230276459;9712.789948995710;12805.715992083906,0,false,[6, 19, 12, 5, 4, 16, 3, 11, 15, 7, 2, 9, 8, 0, 17, 13, 14, 10, 18, 1]|[2, 2, 0, 1, 0, 0, 2, 2, 1, 1, 1, 0, 2, 0, 0, 0, 0, 0, 0, 0]|[0, 0, 2, 1, 3, 3, 0, 0, 0, 1, 1, 3, 0, 3, 3, 0, 3, 3, 3, 3]|[1, 0, 1, 0, 2, 0, 1, 0, 1, 1, 1, 1, 1, 2, 1, 2, 0, 2, 1, 1],409.047230276459;9712.789948995710;12805.715992083906,12805.715992083906,NOT_APPLICABLE,NOT_APPLICABLE,NOT_APPLICABLE,20
71,2,30855,G3_TWC,HISTORICAL,[6, 19, 12, 5, 4, 16, 3, 11, 15, 7, 2, 9, 8, 0, 17, 13, 14, 10, 18, 1]|[2, 2, 0, 1, 0, 0, 2, 2, 1, 1, 1, 0, 2, 0, 0, 0, 0, 0, 0, 0]|[0, 0, 2, 1, 3, 3, 0, 0, 0, 1, 1, 3, 0, 3, 3, 0, 3, 3, 3, 3]|[1, 0, 1, 0, 2, 0, 1, 0, 1, 1, 1, 1, 1, 2, 1, 2, 0, 2, 1, 1],409.047230276459;9712.789948995710;12805.715992083906,0,false,[6, 19, 12, 5, 4, 16, 3, 11, 15, 7, 2, 9, 8, 0, 17, 13, 14, 10, 18, 1]|[2, 2, 0, 1, 0, 0, 2, 2, 1, 1, 1, 0, 2, 0, 0, 0, 0, 0, 0, 0]|[0, 0, 2, 1, 3, 3, 0, 0, 0, 1, 1, 3, 0, 3, 3, 0, 3, 3, 3, 3]|[1, 0, 1, 0, 2, 0, 1, 0, 1, 1, 1, 1, 1, 2, 1, 2, 0, 2, 1, 1],409.047230276459;9712.789948995710;12805.715992083906,12805.715992083906,NOT_APPLICABLE,NOT_APPLICABLE,NOT_APPLICABLE,31
71,2,30855,G4_BALANCED,PREVIOUS,[6, 19, 12, 5, 4, 16, 3, 11, 15, 8, 13, 9, 0, 7, 14, 1, 2, 10, 18, 17]|[2, 1, 0, 1, 0, 0, 2, 2, 0, 2, 0, 0, 2, 1, 0, 0, 1, 0, 0, 0]|[0, 1, 2, 1, 3, 3, 0, 0, 3, 0, 3, 3, 0, 1, 3, 3, 1, 3, 3, 3]|[1, 1, 1, 0, 2, 0, 1, 0, 2, 1, 0, 1, 1, 1, 2, 1, 1, 0, 1, 0],444.392947394006;9250.008078397175;13026.551725022211,0,false,[6, 19, 12, 5, 4, 16, 3, 11, 15, 8, 13, 9, 0, 7, 14, 1, 2, 10, 18, 17]|[2, 1, 0, 1, 0, 0, 2, 2, 0, 2, 0, 0, 2, 1, 0, 0, 1, 0, 0, 0]|[0, 1, 2, 1, 3, 3, 0, 0, 3, 0, 3, 3, 0, 1, 3, 3, 1, 3, 3, 3]|[1, 1, 1, 0, 2, 0, 1, 0, 2, 1, 0, 1, 1, 1, 2, 1, 1, 0, 1, 0],444.392947394006;9250.008078397175;13026.551725022211,0.836675401149,NOT_APPLICABLE,NOT_APPLICABLE,NOT_APPLICABLE,25
71,2,30855,G4_BALANCED,HISTORICAL,[6, 19, 12, 5, 4, 16, 3, 11, 15, 7, 10, 8, 13, 17, 0, 2, 9, 18, 14, 1]|[2, 2, 1, 1, 2, 2, 1, 1, 0, 1, 0, 2, 0, 0, 0, 1, 0, 1, 0, 0]|[0, 0, 1, 1, 0, 0, 1, 1, 3, 1, 3, 0, 3, 3, 3, 1, 3, 1, 3, 3]|[1, 0, 1, 0, 1, 1, 1, 1, 0, 1, 2, 1, 0, 1, 0, 1, 1, 1, 0, 2],303.879928085469;9072.898219347739;17405.144376943000,0,false,[6, 19, 12, 5, 4, 16, 3, 11, 15, 7, 10, 8, 13, 17, 0, 2, 9, 18, 14, 1]|[2, 2, 1, 1, 2, 2, 1, 1, 0, 1, 0, 2, 0, 0, 0, 1, 0, 1, 0, 0]|[0, 0, 1, 1, 0, 0, 1, 1, 3, 1, 3, 0, 3, 3, 3, 1, 3, 1, 3, 3]|[1, 0, 1, 0, 1, 1, 1, 1, 0, 1, 2, 1, 0, 1, 0, 1, 1, 1, 0, 2],303.879928085469;9072.898219347739;17405.144376943000,0.598446058567,NOT_APPLICABLE,NOT_APPLICABLE,NOT_APPLICABLE,22
72,2,30955,G1_CMAX,PREVIOUS,[6, 19, 12, 5, 4, 16, 3, 9, 10, 17, 2, 7, 8, 1, 13, 15, 18, 0, 14, 11]|[2, 1, 1, 1, 2, 0, 1, 1, 0, 1, 2, 0, 2, 0, 2, 0, 0, 0, 0, 1]|[0, 1, 1, 1, 0, 3, 0, 1, 3, 1, 0, 3, 0, 3, 0, 3, 0, 3, 3, 1]|[1, 1, 1, 0, 0, 0, 1, 1, 0, 1, 1, 2, 1, 2, 1, 2, 1, 0, 2, 1],300.997202572905;9289.957735440914;16197.837967529533,0,false,[6, 19, 12, 5, 4, 16, 3, 9, 10, 17, 2, 7, 8, 1, 13, 15, 18, 0, 14, 11]|[2, 1, 1, 1, 2, 0, 1, 1, 0, 1, 2, 0, 2, 0, 2, 0, 0, 0, 0, 1]|[0, 1, 1, 1, 0, 3, 0, 1, 3, 1, 0, 3, 0, 3, 0, 3, 0, 3, 3, 1]|[1, 1, 1, 0, 0, 0, 1, 1, 0, 1, 1, 2, 1, 2, 1, 2, 1, 0, 2, 1],300.997202572905;9289.957735440914;16197.837967529533,300.997202572905,NOT_APPLICABLE,NOT_APPLICABLE,NOT_APPLICABLE,22
72,2,30955,G1_CMAX,HISTORICAL,[19, 5, 4, 16, 3, 9, 10, 17, 2, 6, 13, 1, 0, 12, 7, 8, 15, 14, 18, 11]|[1, 2, 1, 0, 1, 0, 2, 0, 2, 2, 2, 1, 1, 1, 1, 0, 1, 0, 0, 2]|[0, 1, 1, 3, 0, 3, 0, 0, 0, 0, 0, 1, 0, 1, 1, 0, 0, 3, 0, 1]|[1, 1, 0, 2, 1, 1, 0, 0, 1, 1, 1, 0, 1, 1, 1, 0, 0, 0, 1, 0],205.178521975543;10962.783729077695;15862.374381374957,0,false,[19, 5, 4, 16, 3, 9, 10, 17, 2, 6, 13, 1, 0, 12, 7, 8, 15, 14, 18, 11]|[1, 2, 1, 0, 1, 0, 2, 0, 2, 2, 2, 1, 1, 1, 1, 0, 1, 0, 0, 2]|[0, 1, 1, 3, 0, 3, 0, 0, 0, 0, 0, 1, 0, 1, 1, 0, 0, 3, 0, 1]|[1, 1, 0, 2, 1, 1, 0, 0, 1, 1, 1, 0, 1, 1, 1, 0, 0, 0, 1, 0],205.178521975543;10962.783729077695;15862.374381374957,205.178521975543,NOT_APPLICABLE,NOT_APPLICABLE,NOT_APPLICABLE,32
72,2,30955,G2_TEC,PREVIOUS,[6, 5, 12, 17, 11, 19, 10, 7, 16, 15, 4, 18, 0, 1, 14, 13, 3, 2, 9, 8]|[2, 2, 1, 2, 1, 2, 0, 1, 0, 0, 1, 1, 0, 0, 0, 0, 1, 2, 0, 0]|[0, 0, 0, 0, 1, 0, 3, 1, 3, 3, 1, 1, 3, 3, 3, 3, 1, 0, 3, 3]|[1, 0, 1, 1, 1, 1, 2, 1, 0, 1, 1, 1, 0, 2, 0, 2, 1, 1, 0, 0],375.572826556648;8879.995866268184;15981.279429975379,0,false,[6, 5, 12, 17, 11, 19, 10, 7, 16, 15, 4, 18, 0, 1, 14, 13, 3, 2, 9, 8]|[2, 2, 1, 2, 1, 2, 0, 1, 0, 0, 1, 1, 0, 0, 0, 0, 1, 2, 0, 0]|[0, 0, 0, 0, 1, 0, 3, 1, 3, 3, 1, 1, 3, 3, 3, 3, 1, 0, 3, 3]|[1, 0, 1, 1, 1, 1, 2, 1, 0, 1, 1, 1, 0, 2, 0, 2, 1, 1, 0, 0],375.572826556648;8879.995866268184;15981.279429975379,8879.995866268184,NOT_APPLICABLE,NOT_APPLICABLE,NOT_APPLICABLE,10
72,2,30955,G2_TEC,HISTORICAL,[6, 19, 12, 5, 4, 16, 1, 7, 15, 11, 2, 10, 8, 3, 9, 13, 0, 14, 18, 17]|[2, 2, 1, 1, 2, 0, 0, 2, 0, 1, 1, 0, 2, 0, 0, 0, 0, 0, 0, 0]|[0, 0, 1, 1, 0, 3, 3, 0, 3, 1, 1, 3, 0, 3, 3, 3, 3, 3, 3, 3]|[1, 0, 1, 0, 1, 0, 2, 0, 0, 1, 1, 2, 1, 0, 0, 2, 0, 0, 2, 0],447.850240554012;8850.884098949731;13283.949643195205,0,false,[6, 19, 12, 5, 4, 16, 1, 7, 15, 11, 2, 10, 8, 3, 9, 13, 0, 14, 18, 17]|[2, 2, 1, 1, 2, 0, 0, 2, 0, 1, 1, 0, 2, 0, 0, 0, 0, 0, 0, 0]|[0, 0, 1, 1, 0, 3, 3, 0, 3, 1, 1, 3, 0, 3, 3, 3, 3, 3, 3, 3]|[1, 0, 1, 0, 1, 0, 2, 0, 0, 1, 1, 2, 1, 0, 0, 2, 0, 0, 2, 0],447.850240554012;8850.884098949731;13283.949643195205,8850.884098949731,NOT_APPLICABLE,NOT_APPLICABLE,NOT_APPLICABLE,45
72,2,30955,G3_TWC,PREVIOUS,[6, 19, 12, 5, 4, 16, 3, 11, 15, 7, 2, 9, 8, 0, 17, 13, 14, 10, 18, 1]|[2, 2, 0, 1, 0, 0, 2, 2, 1, 1, 1, 0, 2, 0, 0, 0, 0, 0, 0, 0]|[0, 0, 2, 1, 3, 3, 0, 0, 0, 1, 1, 3, 0, 3, 3, 0, 3, 3, 3, 3]|[1, 0, 1, 0, 2, 0, 1, 0, 1, 1, 1, 1, 1, 2, 1, 2, 0, 2, 1, 1],409.047230276459;9712.789948995710;12805.715992083906,0,false,[6, 19, 12, 5, 4, 16, 3, 11, 15, 7, 2, 9, 8, 0, 17, 13, 14, 10, 18, 1]|[2, 2, 0, 1, 0, 0, 2, 2, 1, 1, 1, 0, 2, 0, 0, 0, 0, 0, 0, 0]|[0, 0, 2, 1, 3, 3, 0, 0, 0, 1, 1, 3, 0, 3, 3, 0, 3, 3, 3, 3]|[1, 0, 1, 0, 2, 0, 1, 0, 1, 1, 1, 1, 1, 2, 1, 2, 0, 2, 1, 1],409.047230276459;9712.789948995710;12805.715992083906,12805.715992083906,NOT_APPLICABLE,NOT_APPLICABLE,NOT_APPLICABLE,21
72,2,30955,G3_TWC,HISTORICAL,[6, 19, 12, 5, 4, 16, 3, 11, 15, 7, 2, 9, 8, 0, 17, 13, 14, 10, 18, 1]|[2, 2, 0, 1, 0, 0, 2, 2, 1, 1, 1, 0, 2, 0, 0, 0, 0, 0, 0, 0]|[0, 0, 2, 1, 3, 3, 0, 0, 0, 1, 1, 3, 0, 3, 3, 0, 3, 3, 3, 3]|[1, 0, 1, 0, 2, 0, 1, 0, 1, 1, 1, 1, 1, 2, 1, 2, 0, 2, 1, 1],409.047230276459;9712.789948995710;12805.715992083906,0,false,[6, 19, 12, 5, 4, 16, 3, 11, 15, 7, 2, 9, 8, 0, 17, 13, 14, 10, 18, 1]|[2, 2, 0, 1, 0, 0, 2, 2, 1, 1, 1, 0, 2, 0, 0, 0, 0, 0, 0, 0]|[0, 0, 2, 1, 3, 3, 0, 0, 0, 1, 1, 3, 0, 3, 3, 0, 3, 3, 3, 3]|[1, 0, 1, 0, 2, 0, 1, 0, 1, 1, 1, 1, 1, 2, 1, 2, 0, 2, 1, 1],409.047230276459;9712.789948995710;12805.715992083906,12805.715992083906,NOT_APPLICABLE,NOT_APPLICABLE,NOT_APPLICABLE,31
72,2,30955,G4_BALANCED,PREVIOUS,[6, 19, 12, 5, 4, 16, 3, 11, 15, 7, 10, 8, 13, 17, 0, 2, 9, 18, 14, 1]|[2, 2, 1, 1, 2, 2, 1, 1, 0, 1, 0, 2, 0, 0, 0, 1, 0, 1, 0, 0]|[0, 0, 1, 1, 0, 0, 1, 1, 3, 1, 3, 0, 3, 3, 3, 1, 3, 1, 3, 3]|[1, 0, 1, 0, 1, 1, 1, 1, 0, 1, 2, 1, 0, 1, 0, 1, 1, 1, 0, 2],303.879928085469;9072.898219347739;17405.144376943000,0,false,[6, 19, 12, 5, 4, 16, 3, 11, 15, 7, 10, 8, 13, 17, 0, 2, 9, 18, 14, 1]|[2, 2, 1, 1, 2, 2, 1, 1, 0, 1, 0, 2, 0, 0, 0, 1, 0, 1, 0, 0]|[0, 0, 1, 1, 0, 0, 1, 1, 3, 1, 3, 0, 3, 3, 3, 1, 3, 1, 3, 3]|[1, 0, 1, 0, 1, 1, 1, 1, 0, 1, 2, 1, 0, 1, 0, 1, 1, 1, 0, 2],303.879928085469;9072.898219347739;17405.144376943000,0.598446058567,NOT_APPLICABLE,NOT_APPLICABLE,NOT_APPLICABLE,25
72,2,30955,G4_BALANCED,HISTORICAL,[6, 19, 12, 5, 4, 16, 3, 11, 15, 7, 10, 8, 13, 17, 0, 2, 9, 18, 14, 1]|[2, 2, 1, 1, 2, 2, 1, 1, 0, 1, 0, 2, 0, 0, 0, 1, 0, 1, 0, 0]|[0, 0, 1, 1, 0, 0, 1, 1, 3, 1, 3, 0, 3, 3, 3, 1, 3, 1, 3, 3]|[1, 0, 1, 0, 1, 1, 1, 1, 0, 1, 2, 1, 0, 1, 0, 1, 1, 1, 0, 2],303.879928085469;9072.898219347739;17405.144376943000,0,false,[6, 19, 12, 5, 4, 16, 3, 11, 15, 7, 10, 8, 13, 17, 0, 2, 9, 18, 14, 1]|[2, 2, 1, 1, 2, 2, 1, 1, 0, 1, 0, 2, 0, 0, 0, 1, 0, 1, 0, 0]|[0, 0, 1, 1, 0, 0, 1, 1, 3, 1, 3, 0, 3, 3, 3, 1, 3, 1, 3, 3]|[1, 0, 1, 0, 1, 1, 1, 1, 0, 1, 2, 1, 0, 1, 0, 1, 1, 1, 0, 2],303.879928085469;9072.898219347739;17405.144376943000,0.598446058567,NOT_APPLICABLE,NOT_APPLICABLE,NOT_APPLICABLE,23
73,2,31055,G1_CMAX,PREVIOUS,[19, 5, 4, 16, 3, 9, 10, 17, 2, 6, 13, 1, 0, 12, 7, 8, 15, 14, 18, 11]|[1, 2, 1, 0, 1, 0, 2, 0, 2, 2, 2, 1, 1, 1, 1, 0, 1, 0, 0, 2]|[0, 1, 1, 3, 0, 3, 0, 0, 0, 0, 0, 1, 0, 1, 1, 0, 0, 3, 0, 1]|[1, 1, 0, 2, 1, 1, 0, 0, 1, 1, 1, 0, 1, 1, 1, 0, 0, 0, 1, 0],205.178521975543;10962.783729077695;15862.374381374957,0,false,[19, 5, 4, 16, 3, 9, 10, 17, 2, 6, 13, 1, 0, 12, 7, 8, 15, 14, 18, 11]|[1, 2, 1, 0, 1, 0, 2, 0, 2, 2, 2, 1, 1, 1, 1, 0, 1, 0, 0, 2]|[0, 1, 1, 3, 0, 3, 0, 0, 0, 0, 0, 1, 0, 1, 1, 0, 0, 3, 0, 1]|[1, 1, 0, 2, 1, 1, 0, 0, 1, 1, 1, 0, 1, 1, 1, 0, 0, 0, 1, 0],205.178521975543;10962.783729077695;15862.374381374957,205.178521975543,NOT_APPLICABLE,NOT_APPLICABLE,NOT_APPLICABLE,22
73,2,31055,G1_CMAX,HISTORICAL,[19, 5, 4, 16, 3, 9, 10, 17, 2, 6, 13, 1, 0, 12, 7, 8, 15, 14, 18, 11]|[1, 2, 1, 0, 1, 0, 2, 0, 2, 2, 2, 1, 1, 1, 1, 0, 1, 0, 0, 2]|[0, 1, 1, 3, 0, 3, 0, 0, 0, 0, 0, 1, 0, 1, 1, 0, 0, 3, 0, 1]|[1, 1, 0, 2, 1, 1, 0, 0, 1, 1, 1, 0, 1, 1, 1, 0, 0, 0, 1, 0],205.178521975543;10962.783729077695;15862.374381374957,0,false,[19, 5, 4, 16, 3, 9, 10, 17, 2, 6, 13, 1, 0, 12, 7, 8, 15, 14, 18, 11]|[1, 2, 1, 0, 1, 0, 2, 0, 2, 2, 2, 1, 1, 1, 1, 0, 1, 0, 0, 2]|[0, 1, 1, 3, 0, 3, 0, 0, 0, 0, 0, 1, 0, 1, 1, 0, 0, 3, 0, 1]|[1, 1, 0, 2, 1, 1, 0, 0, 1, 1, 1, 0, 1, 1, 1, 0, 0, 0, 1, 0],205.178521975543;10962.783729077695;15862.374381374957,205.178521975543,NOT_APPLICABLE,NOT_APPLICABLE,NOT_APPLICABLE,33
73,2,31055,G2_TEC,PREVIOUS,[6, 19, 12, 5, 4, 16, 1, 7, 15, 11, 2, 10, 8, 3, 9, 13, 0, 14, 18, 17]|[2, 2, 1, 1, 2, 0, 0, 2, 0, 1, 1, 0, 2, 0, 0, 0, 0, 0, 0, 0]|[0, 0, 1, 1, 0, 3, 3, 0, 3, 1, 1, 3, 0, 3, 3, 3, 3, 3, 3, 3]|[1, 0, 1, 0, 1, 0, 2, 0, 0, 1, 1, 2, 1, 0, 0, 2, 0, 0, 2, 0],447.850240554012;8850.884098949731;13283.949643195205,0,false,[6, 19, 12, 5, 4, 16, 1, 7, 15, 11, 2, 10, 8, 3, 9, 13, 0, 14, 18, 17]|[2, 2, 1, 1, 2, 0, 0, 2, 0, 1, 1, 0, 2, 0, 0, 0, 0, 0, 0, 0]|[0, 0, 1, 1, 0, 3, 3, 0, 3, 1, 1, 3, 0, 3, 3, 3, 3, 3, 3, 3]|[1, 0, 1, 0, 1, 0, 2, 0, 0, 1, 1, 2, 1, 0, 0, 2, 0, 0, 2, 0],447.850240554012;8850.884098949731;13283.949643195205,8850.884098949731,NOT_APPLICABLE,NOT_APPLICABLE,NOT_APPLICABLE,10
73,2,31055,G2_TEC,HISTORICAL,[6, 19, 12, 5, 4, 16, 1, 7, 15, 11, 2, 10, 8, 3, 9, 13, 0, 14, 18, 17]|[2, 2, 1, 1, 2, 0, 0, 2, 0, 1, 1, 0, 2, 0, 0, 0, 0, 0, 0, 0]|[0, 0, 1, 1, 0, 3, 3, 0, 3, 1, 1, 3, 0, 3, 3, 3, 3, 3, 3, 3]|[1, 0, 1, 0, 1, 0, 2, 0, 0, 1, 1, 2, 1, 0, 0, 2, 0, 0, 2, 0],447.850240554012;8850.884098949731;13283.949643195205,0,false,[6, 19, 12, 5, 4, 16, 1, 7, 15, 11, 2, 10, 8, 3, 9, 13, 0, 14, 18, 17]|[2, 2, 1, 1, 2, 0, 0, 2, 0, 1, 1, 0, 2, 0, 0, 0, 0, 0, 0, 0]|[0, 0, 1, 1, 0, 3, 3, 0, 3, 1, 1, 3, 0, 3, 3, 3, 3, 3, 3, 3]|[1, 0, 1, 0, 1, 0, 2, 0, 0, 1, 1, 2, 1, 0, 0, 2, 0, 0, 2, 0],447.850240554012;8850.884098949731;13283.949643195205,8850.884098949731,NOT_APPLICABLE,NOT_APPLICABLE,NOT_APPLICABLE,46
73,2,31055,G3_TWC,PREVIOUS,[6, 19, 12, 5, 4, 16, 3, 11, 15, 7, 2, 9, 8, 0, 17, 13, 14, 10, 18, 1]|[2, 2, 0, 1, 0, 0, 2, 2, 1, 1, 1, 0, 2, 0, 0, 0, 0, 0, 0, 0]|[0, 0, 2, 1, 3, 3, 0, 0, 0, 1, 1, 3, 0, 3, 3, 0, 3, 3, 3, 3]|[1, 0, 1, 0, 2, 0, 1, 0, 1, 1, 1, 1, 1, 2, 1, 2, 0, 2, 1, 1],409.047230276459;9712.789948995710;12805.715992083906,0,false,[6, 19, 12, 5, 4, 16, 3, 11, 15, 7, 2, 9, 8, 0, 17, 13, 14, 10, 18, 1]|[2, 2, 0, 1, 0, 0, 2, 2, 1, 1, 1, 0, 2, 0, 0, 0, 0, 0, 0, 0]|[0, 0, 2, 1, 3, 3, 0, 0, 0, 1, 1, 3, 0, 3, 3, 0, 3, 3, 3, 3]|[1, 0, 1, 0, 2, 0, 1, 0, 1, 1, 1, 1, 1, 2, 1, 2, 0, 2, 1, 1],409.047230276459;9712.789948995710;12805.715992083906,12805.715992083906,NOT_APPLICABLE,NOT_APPLICABLE,NOT_APPLICABLE,22
73,2,31055,G3_TWC,HISTORICAL,[6, 19, 12, 5, 4, 16, 3, 11, 15, 7, 2, 9, 8, 0, 17, 13, 14, 10, 18, 1]|[2, 2, 0, 1, 0, 0, 2, 2, 1, 1, 1, 0, 2, 0, 0, 0, 0, 0, 0, 0]|[0, 0, 2, 1, 3, 3, 0, 0, 0, 1, 1, 3, 0, 3, 3, 0, 3, 3, 3, 3]|[1, 0, 1, 0, 2, 0, 1, 0, 1, 1, 1, 1, 1, 2, 1, 2, 0, 2, 1, 1],409.047230276459;9712.789948995710;12805.715992083906,0,false,[6, 19, 12, 5, 4, 16, 3, 11, 15, 7, 2, 9, 8, 0, 17, 13, 14, 10, 18, 1]|[2, 2, 0, 1, 0, 0, 2, 2, 1, 1, 1, 0, 2, 0, 0, 0, 0, 0, 0, 0]|[0, 0, 2, 1, 3, 3, 0, 0, 0, 1, 1, 3, 0, 3, 3, 0, 3, 3, 3, 3]|[1, 0, 1, 0, 2, 0, 1, 0, 1, 1, 1, 1, 1, 2, 1, 2, 0, 2, 1, 1],409.047230276459;9712.789948995710;12805.715992083906,12805.715992083906,NOT_APPLICABLE,NOT_APPLICABLE,NOT_APPLICABLE,31
73,2,31055,G4_BALANCED,PREVIOUS,[6, 19, 12, 5, 4, 16, 3, 11, 15, 7, 10, 8, 13, 17, 0, 2, 9, 18, 14, 1]|[2, 2, 1, 1, 2, 2, 1, 1, 0, 1, 0, 2, 0, 0, 0, 1, 0, 1, 0, 0]|[0, 0, 1, 1, 0, 0, 1, 1, 3, 1, 3, 0, 3, 3, 3, 1, 3, 1, 3, 3]|[1, 0, 1, 0, 1, 1, 1, 1, 0, 1, 2, 1, 0, 1, 0, 1, 1, 1, 0, 2],303.879928085469;9072.898219347739;17405.144376943000,0,false,[6, 19, 12, 5, 4, 16, 3, 11, 15, 7, 10, 8, 13, 17, 0, 2, 9, 18, 14, 1]|[2, 2, 1, 1, 2, 2, 1, 1, 0, 1, 0, 2, 0, 0, 0, 1, 0, 1, 0, 0]|[0, 0, 1, 1, 0, 0, 1, 1, 3, 1, 3, 0, 3, 3, 3, 1, 3, 1, 3, 3]|[1, 0, 1, 0, 1, 1, 1, 1, 0, 1, 2, 1, 0, 1, 0, 1, 1, 1, 0, 2],303.879928085469;9072.898219347739;17405.144376943000,0.598446058567,NOT_APPLICABLE,NOT_APPLICABLE,NOT_APPLICABLE,26
73,2,31055,G4_BALANCED,HISTORICAL,[6, 19, 12, 5, 4, 16, 3, 11, 15, 7, 10, 8, 13, 17, 0, 2, 9, 18, 14, 1]|[2, 2, 1, 1, 2, 2, 1, 1, 0, 1, 0, 2, 0, 0, 0, 1, 0, 1, 0, 0]|[0, 0, 1, 1, 0, 0, 1, 1, 3, 1, 3, 0, 3, 3, 3, 1, 3, 1, 3, 3]|[1, 0, 1, 0, 1, 1, 1, 1, 0, 1, 2, 1, 0, 1, 0, 1, 1, 1, 0, 2],303.879928085469;9072.898219347739;17405.144376943000,0,false,[6, 19, 12, 5, 4, 16, 3, 11, 15, 7, 10, 8, 13, 17, 0, 2, 9, 18, 14, 1]|[2, 2, 1, 1, 2, 2, 1, 1, 0, 1, 0, 2, 0, 0, 0, 1, 0, 1, 0, 0]|[0, 0, 1, 1, 0, 0, 1, 1, 3, 1, 3, 0, 3, 3, 3, 1, 3, 1, 3, 3]|[1, 0, 1, 0, 1, 1, 1, 1, 0, 1, 2, 1, 0, 1, 0, 1, 1, 1, 0, 2],303.879928085469;9072.898219347739;17405.144376943000,0.598446058567,NOT_APPLICABLE,NOT_APPLICABLE,NOT_APPLICABLE,23
74,2,31155,G1_CMAX,PREVIOUS,[19, 5, 4, 16, 3, 9, 10, 17, 2, 6, 13, 1, 0, 12, 7, 8, 15, 14, 18, 11]|[1, 2, 1, 0, 1, 0, 2, 0, 2, 2, 2, 1, 1, 1, 1, 0, 1, 0, 0, 2]|[0, 1, 1, 3, 0, 3, 0, 0, 0, 0, 0, 1, 0, 1, 1, 0, 0, 3, 0, 1]|[1, 1, 0, 2, 1, 1, 0, 0, 1, 1, 1, 0, 1, 1, 1, 0, 0, 0, 1, 0],205.178521975543;10962.783729077695;15862.374381374957,0,false,[19, 5, 4, 16, 3, 9, 10, 17, 2, 6, 13, 1, 0, 12, 7, 8, 15, 14, 18, 11]|[1, 2, 1, 0, 1, 0, 2, 0, 2, 2, 2, 1, 1, 1, 1, 0, 1, 0, 0, 2]|[0, 1, 1, 3, 0, 3, 0, 0, 0, 0, 0, 1, 0, 1, 1, 0, 0, 3, 0, 1]|[1, 1, 0, 2, 1, 1, 0, 0, 1, 1, 1, 0, 1, 1, 1, 0, 0, 0, 1, 0],205.178521975543;10962.783729077695;15862.374381374957,205.178521975543,NOT_APPLICABLE,NOT_APPLICABLE,NOT_APPLICABLE,22
74,2,31155,G1_CMAX,HISTORICAL,[19, 5, 4, 16, 3, 9, 10, 17, 2, 6, 13, 1, 0, 12, 7, 8, 15, 14, 18, 11]|[1, 2, 1, 0, 1, 0, 2, 0, 2, 2, 2, 1, 1, 1, 1, 0, 1, 0, 0, 2]|[0, 1, 1, 3, 0, 3, 0, 0, 0, 0, 0, 1, 0, 1, 1, 0, 0, 3, 0, 1]|[1, 1, 0, 2, 1, 1, 0, 0, 1, 1, 1, 0, 1, 1, 1, 0, 0, 0, 1, 0],205.178521975543;10962.783729077695;15862.374381374957,0,false,[19, 5, 4, 16, 3, 9, 10, 17, 2, 6, 13, 1, 0, 12, 7, 8, 15, 14, 18, 11]|[1, 2, 1, 0, 1, 0, 2, 0, 2, 2, 2, 1, 1, 1, 1, 0, 1, 0, 0, 2]|[0, 1, 1, 3, 0, 3, 0, 0, 0, 0, 0, 1, 0, 1, 1, 0, 0, 3, 0, 1]|[1, 1, 0, 2, 1, 1, 0, 0, 1, 1, 1, 0, 1, 1, 1, 0, 0, 0, 1, 0],205.178521975543;10962.783729077695;15862.374381374957,205.178521975543,NOT_APPLICABLE,NOT_APPLICABLE,NOT_APPLICABLE,34
74,2,31155,G2_TEC,PREVIOUS,[6, 19, 12, 5, 4, 16, 1, 7, 15, 11, 2, 10, 8, 3, 9, 13, 0, 14, 18, 17]|[2, 2, 1, 1, 2, 0, 0, 2, 0, 1, 1, 0, 2, 0, 0, 0, 0, 0, 0, 0]|[0, 0, 1, 1, 0, 3, 3, 0, 3, 1, 1, 3, 0, 3, 3, 3, 3, 3, 3, 3]|[1, 0, 1, 0, 1, 0, 2, 0, 0, 1, 1, 2, 1, 0, 0, 2, 0, 0, 2, 0],447.850240554012;8850.884098949731;13283.949643195205,0,false,[6, 19, 12, 5, 4, 16, 1, 7, 15, 11, 2, 10, 8, 3, 9, 13, 0, 14, 18, 17]|[2, 2, 1, 1, 2, 0, 0, 2, 0, 1, 1, 0, 2, 0, 0, 0, 0, 0, 0, 0]|[0, 0, 1, 1, 0, 3, 3, 0, 3, 1, 1, 3, 0, 3, 3, 3, 3, 3, 3, 3]|[1, 0, 1, 0, 1, 0, 2, 0, 0, 1, 1, 2, 1, 0, 0, 2, 0, 0, 2, 0],447.850240554012;8850.884098949731;13283.949643195205,8850.884098949731,NOT_APPLICABLE,NOT_APPLICABLE,NOT_APPLICABLE,10
74,2,31155,G2_TEC,HISTORICAL,[6, 19, 12, 5, 4, 16, 1, 7, 15, 11, 2, 10, 8, 3, 9, 13, 0, 14, 18, 17]|[2, 2, 1, 1, 2, 0, 0, 2, 0, 1, 1, 0, 2, 0, 0, 0, 0, 0, 0, 0]|[0, 0, 1, 1, 0, 3, 3, 0, 3, 1, 1, 3, 0, 3, 3, 3, 3, 3, 3, 3]|[1, 0, 1, 0, 1, 0, 2, 0, 0, 1, 1, 2, 1, 0, 0, 2, 0, 0, 2, 0],447.850240554012;8850.884098949731;13283.949643195205,0,false,[6, 19, 12, 5, 4, 16, 1, 7, 15, 11, 2, 10, 8, 3, 9, 13, 0, 14, 18, 17]|[2, 2, 1, 1, 2, 0, 0, 2, 0, 1, 1, 0, 2, 0, 0, 0, 0, 0, 0, 0]|[0, 0, 1, 1, 0, 3, 3, 0, 3, 1, 1, 3, 0, 3, 3, 3, 3, 3, 3, 3]|[1, 0, 1, 0, 1, 0, 2, 0, 0, 1, 1, 2, 1, 0, 0, 2, 0, 0, 2, 0],447.850240554012;8850.884098949731;13283.949643195205,8850.884098949731,NOT_APPLICABLE,NOT_APPLICABLE,NOT_APPLICABLE,47
74,2,31155,G3_TWC,PREVIOUS,[6, 19, 12, 5, 4, 16, 3, 11, 15, 7, 2, 8, 17, 18, 14, 10, 9, 13, 1, 0]|[2, 2, 0, 0, 2, 2, 0, 1, 0, 1, 0, 2, 0, 0, 1, 0, 0, 0, 0, 0]|[0, 0, 2, 3, 0, 0, 3, 1, 3, 1, 3, 0, 3, 3, 1, 3, 3, 3, 3, 3]|[1, 0, 1, 2, 1, 1, 0, 1, 2, 1, 0, 1, 0, 2, 1, 0, 0, 2, 0, 0],429.147018257537;9247.939481873516;13153.747760038570,1,true,[6, 19, 12, 5, 4, 16, 3, 11, 15, 7, 2, 8, 17, 0, 1, 13, 10, 14, 9, 18]|[2, 1, 0, 1, 2, 2, 0, 1, 0, 1, 2, 2, 0, 0, 0, 0, 0, 0, 0, 0]|[0, 1, 2, 1, 0, 0, 3, 1, 3, 1, 0, 0, 3, 3, 3, 3, 3, 3, 3, 3]|[1, 1, 1, 0, 1, 1, 0, 1, 2, 1, 1, 1, 0, 0, 2, 0, 0, 2, 0, 2],366.713027114915;9164.230794041390;13056.038876010290,13056.038876010290,31155,31155,0,22
74,2,31155,G3_TWC,HISTORICAL,[6, 19, 12, 5, 4, 16, 3, 11, 15, 7, 2, 9, 8, 0, 17, 13, 14, 10, 18, 1]|[2, 2, 0, 1, 0, 0, 2, 2, 1, 1, 1, 0, 2, 0, 0, 0, 0, 0, 0, 0]|[0, 0, 2, 1, 3, 3, 0, 0, 0, 1, 1, 3, 0, 3, 3, 0, 3, 3, 3, 3]|[1, 0, 1, 0, 2, 0, 1, 0, 1, 1, 1, 1, 1, 2, 1, 2, 0, 2, 1, 1],409.047230276459;9712.789948995710;12805.715992083906,0,false,[6, 19, 12, 5, 4, 16, 3, 11, 15, 7, 2, 9, 8, 0, 17, 13, 14, 10, 18, 1]|[2, 2, 0, 1, 0, 0, 2, 2, 1, 1, 1, 0, 2, 0, 0, 0, 0, 0, 0, 0]|[0, 0, 2, 1, 3, 3, 0, 0, 0, 1, 1, 3, 0, 3, 3, 0, 3, 3, 3, 3]|[1, 0, 1, 0, 2, 0, 1, 0, 1, 1, 1, 1, 1, 2, 1, 2, 0, 2, 1, 1],409.047230276459;9712.789948995710;12805.715992083906,12805.715992083906,NOT_APPLICABLE,NOT_APPLICABLE,NOT_APPLICABLE,31
74,2,31155,G4_BALANCED,PREVIOUS,[6, 19, 12, 5, 4, 16, 3, 11, 15, 7, 10, 8, 13, 17, 0, 2, 9, 18, 14, 1]|[2, 2, 1, 1, 2, 2, 1, 1, 0, 1, 0, 2, 0, 0, 0, 1, 0, 1, 0, 0]|[0, 0, 1, 1, 0, 0, 1, 1, 3, 1, 3, 0, 3, 3, 3, 1, 3, 1, 3, 3]|[1, 0, 1, 0, 1, 1, 1, 1, 0, 1, 2, 1, 0, 1, 0, 1, 1, 1, 0, 2],303.879928085469;9072.898219347739;17405.144376943000,0,false,[6, 19, 12, 5, 4, 16, 3, 11, 15, 7, 10, 8, 13, 17, 0, 2, 9, 18, 14, 1]|[2, 2, 1, 1, 2, 2, 1, 1, 0, 1, 0, 2, 0, 0, 0, 1, 0, 1, 0, 0]|[0, 0, 1, 1, 0, 0, 1, 1, 3, 1, 3, 0, 3, 3, 3, 1, 3, 1, 3, 3]|[1, 0, 1, 0, 1, 1, 1, 1, 0, 1, 2, 1, 0, 1, 0, 1, 1, 1, 0, 2],303.879928085469;9072.898219347739;17405.144376943000,0.598446058567,NOT_APPLICABLE,NOT_APPLICABLE,NOT_APPLICABLE,27
74,2,31155,G4_BALANCED,HISTORICAL,[6, 19, 12, 5, 4, 16, 3, 11, 15, 7, 10, 8, 13, 17, 0, 2, 9, 18, 14, 1]|[2, 2, 1, 1, 2, 2, 1, 1, 0, 1, 0, 2, 0, 0, 0, 1, 0, 1, 0, 0]|[0, 0, 1, 1, 0, 0, 1, 1, 3, 1, 3, 0, 3, 3, 3, 1, 3, 1, 3, 3]|[1, 0, 1, 0, 1, 1, 1, 1, 0, 1, 2, 1, 0, 1, 0, 1, 1, 1, 0, 2],303.879928085469;9072.898219347739;17405.144376943000,0,false,[6, 19, 12, 5, 4, 16, 3, 11, 15, 7, 10, 8, 13, 17, 0, 2, 9, 18, 14, 1]|[2, 2, 1, 1, 2, 2, 1, 1, 0, 1, 0, 2, 0, 0, 0, 1, 0, 1, 0, 0]|[0, 0, 1, 1, 0, 0, 1, 1, 3, 1, 3, 0, 3, 3, 3, 1, 3, 1, 3, 3]|[1, 0, 1, 0, 1, 1, 1, 1, 0, 1, 2, 1, 0, 1, 0, 1, 1, 1, 0, 2],303.879928085469;9072.898219347739;17405.144376943000,0.598446058567,NOT_APPLICABLE,NOT_APPLICABLE,NOT_APPLICABLE,23
75,2,31255,G1_CMAX,PREVIOUS,[19, 5, 4, 16, 3, 9, 10, 17, 2, 6, 13, 1, 0, 12, 7, 8, 15, 14, 18, 11]|[1, 2, 1, 0, 1, 0, 2, 0, 2, 2, 2, 1, 1, 1, 1, 0, 1, 0, 0, 2]|[0, 1, 1, 3, 0, 3, 0, 0, 0, 0, 0, 1, 0, 1, 1, 0, 0, 3, 0, 1]|[1, 1, 0, 2, 1, 1, 0, 0, 1, 1, 1, 0, 1, 1, 1, 0, 0, 0, 1, 0],205.178521975543;10962.783729077695;15862.374381374957,0,false,[19, 5, 4, 16, 3, 9, 10, 17, 2, 6, 13, 1, 0, 12, 7, 8, 15, 14, 18, 11]|[1, 2, 1, 0, 1, 0, 2, 0, 2, 2, 2, 1, 1, 1, 1, 0, 1, 0, 0, 2]|[0, 1, 1, 3, 0, 3, 0, 0, 0, 0, 0, 1, 0, 1, 1, 0, 0, 3, 0, 1]|[1, 1, 0, 2, 1, 1, 0, 0, 1, 1, 1, 0, 1, 1, 1, 0, 0, 0, 1, 0],205.178521975543;10962.783729077695;15862.374381374957,205.178521975543,NOT_APPLICABLE,NOT_APPLICABLE,NOT_APPLICABLE,22
75,2,31255,G1_CMAX,HISTORICAL,[19, 5, 4, 16, 3, 9, 10, 17, 2, 6, 13, 1, 0, 12, 7, 8, 15, 14, 18, 11]|[1, 2, 1, 0, 1, 0, 2, 0, 2, 2, 2, 1, 1, 1, 1, 0, 1, 0, 0, 2]|[0, 1, 1, 3, 0, 3, 0, 0, 0, 0, 0, 1, 0, 1, 1, 0, 0, 3, 0, 1]|[1, 1, 0, 2, 1, 1, 0, 0, 1, 1, 1, 0, 1, 1, 1, 0, 0, 0, 1, 0],205.178521975543;10962.783729077695;15862.374381374957,0,false,[19, 5, 4, 16, 3, 9, 10, 17, 2, 6, 13, 1, 0, 12, 7, 8, 15, 14, 18, 11]|[1, 2, 1, 0, 1, 0, 2, 0, 2, 2, 2, 1, 1, 1, 1, 0, 1, 0, 0, 2]|[0, 1, 1, 3, 0, 3, 0, 0, 0, 0, 0, 1, 0, 1, 1, 0, 0, 3, 0, 1]|[1, 1, 0, 2, 1, 1, 0, 0, 1, 1, 1, 0, 1, 1, 1, 0, 0, 0, 1, 0],205.178521975543;10962.783729077695;15862.374381374957,205.178521975543,NOT_APPLICABLE,NOT_APPLICABLE,NOT_APPLICABLE,35
75,2,31255,G2_TEC,PREVIOUS,[6, 19, 12, 5, 4, 16, 1, 7, 15, 11, 2, 10, 8, 3, 9, 13, 0, 14, 18, 17]|[2, 2, 1, 1, 2, 0, 0, 2, 0, 1, 1, 0, 2, 0, 0, 0, 0, 0, 0, 0]|[0, 0, 1, 1, 0, 3, 3, 0, 3, 1, 1, 3, 0, 3, 3, 3, 3, 3, 3, 3]|[1, 0, 1, 0, 1, 0, 2, 0, 0, 1, 1, 2, 1, 0, 0, 2, 0, 0, 2, 0],447.850240554012;8850.884098949731;13283.949643195205,0,false,[6, 19, 12, 5, 4, 16, 1, 7, 15, 11, 2, 10, 8, 3, 9, 13, 0, 14, 18, 17]|[2, 2, 1, 1, 2, 0, 0, 2, 0, 1, 1, 0, 2, 0, 0, 0, 0, 0, 0, 0]|[0, 0, 1, 1, 0, 3, 3, 0, 3, 1, 1, 3, 0, 3, 3, 3, 3, 3, 3, 3]|[1, 0, 1, 0, 1, 0, 2, 0, 0, 1, 1, 2, 1, 0, 0, 2, 0, 0, 2, 0],447.850240554012;8850.884098949731;13283.949643195205,8850.884098949731,NOT_APPLICABLE,NOT_APPLICABLE,NOT_APPLICABLE,10
75,2,31255,G2_TEC,HISTORICAL,[6, 19, 12, 5, 4, 16, 1, 7, 15, 11, 2, 10, 8, 3, 9, 13, 0, 14, 18, 17]|[2, 2, 1, 1, 2, 0, 0, 2, 0, 1, 1, 0, 2, 0, 0, 0, 0, 0, 0, 0]|[0, 0, 1, 1, 0, 3, 3, 0, 3, 1, 1, 3, 0, 3, 3, 3, 3, 3, 3, 3]|[1, 0, 1, 0, 1, 0, 2, 0, 0, 1, 1, 2, 1, 0, 0, 2, 0, 0, 2, 0],447.850240554012;8850.884098949731;13283.949643195205,0,false,[6, 19, 12, 5, 4, 16, 1, 7, 15, 11, 2, 10, 8, 3, 9, 13, 0, 14, 18, 17]|[2, 2, 1, 1, 2, 0, 0, 2, 0, 1, 1, 0, 2, 0, 0, 0, 0, 0, 0, 0]|[0, 0, 1, 1, 0, 3, 3, 0, 3, 1, 1, 3, 0, 3, 3, 3, 3, 3, 3, 3]|[1, 0, 1, 0, 1, 0, 2, 0, 0, 1, 1, 2, 1, 0, 0, 2, 0, 0, 2, 0],447.850240554012;8850.884098949731;13283.949643195205,8850.884098949731,NOT_APPLICABLE,NOT_APPLICABLE,NOT_APPLICABLE,48
75,2,31255,G3_TWC,PREVIOUS,[6, 19, 12, 5, 4, 16, 1, 7, 11, 8, 13, 9, 15, 0, 14, 3, 2, 10, 18, 17]|[2, 1, 1, 1, 2, 0, 0, 2, 2, 1, 0, 0, 2, 0, 0, 0, 0, 0, 0, 0]|[0, 1, 1, 1, 0, 3, 3, 0, 0, 1, 3, 3, 0, 3, 3, 3, 3, 3, 3, 3]|[1, 1, 1, 0, 1, 0, 2, 0, 0, 1, 0, 0, 1, 0, 2, 0, 2, 0, 2, 0],470.296026819192;8841.107973107555;13563.759299469359,0,false,[6, 19, 12, 5, 4, 16, 1, 7, 11, 8, 13, 9, 15, 0, 14, 3, 2, 10, 18, 17]|[2, 1, 1, 1, 2, 0, 0, 2, 2, 1, 0, 0, 2, 0, 0, 0, 0, 0, 0, 0]|[0, 1, 1, 1, 0, 3, 3, 0, 0, 1, 3, 3, 0, 3, 3, 3, 3, 3, 3, 3]|[1, 1, 1, 0, 1, 0, 2, 0, 0, 1, 0, 0, 1, 0, 2, 0, 2, 0, 2, 0],470.296026819192;8841.107973107555;13563.759299469359,13563.759299469359,NOT_APPLICABLE,NOT_APPLICABLE,NOT_APPLICABLE,22
75,2,31255,G3_TWC,HISTORICAL,[6, 19, 12, 5, 4, 16, 3, 11, 15, 7, 2, 9, 8, 0, 17, 13, 14, 10, 18, 1]|[2, 2, 0, 1, 0, 0, 2, 2, 1, 1, 1, 0, 2, 0, 0, 0, 0, 0, 0, 0]|[0, 0, 2, 1, 3, 3, 0, 0, 0, 1, 1, 3, 0, 3, 3, 0, 3, 3, 3, 3]|[1, 0, 1, 0, 2, 0, 1, 0, 1, 1, 1, 1, 1, 2, 1, 2, 0, 2, 1, 1],409.047230276459;9712.789948995710;12805.715992083906,0,false,[6, 19, 12, 5, 4, 16, 3, 11, 15, 7, 2, 9, 8, 0, 17, 13, 14, 10, 18, 1]|[2, 2, 0, 1, 0, 0, 2, 2, 1, 1, 1, 0, 2, 0, 0, 0, 0, 0, 0, 0]|[0, 0, 2, 1, 3, 3, 0, 0, 0, 1, 1, 3, 0, 3, 3, 0, 3, 3, 3, 3]|[1, 0, 1, 0, 2, 0, 1, 0, 1, 1, 1, 1, 1, 2, 1, 2, 0, 2, 1, 1],409.047230276459;9712.789948995710;12805.715992083906,12805.715992083906,NOT_APPLICABLE,NOT_APPLICABLE,NOT_APPLICABLE,31
75,2,31255,G4_BALANCED,PREVIOUS,[6, 19, 12, 5, 4, 16, 3, 11, 15, 7, 10, 8, 13, 17, 0, 2, 9, 18, 14, 1]|[2, 2, 1, 1, 2, 2, 1, 1, 0, 1, 0, 2, 0, 0, 0, 1, 0, 1, 0, 0]|[0, 0, 1, 1, 0, 0, 1, 1, 3, 1, 3, 0, 3, 3, 3, 1, 3, 1, 3, 3]|[1, 0, 1, 0, 1, 1, 1, 1, 0, 1, 2, 1, 0, 1, 0, 1, 1, 1, 0, 2],303.879928085469;9072.898219347739;17405.144376943000,0,false,[6, 19, 12, 5, 4, 16, 3, 11, 15, 7, 10, 8, 13, 17, 0, 2, 9, 18, 14, 1]|[2, 2, 1, 1, 2, 2, 1, 1, 0, 1, 0, 2, 0, 0, 0, 1, 0, 1, 0, 0]|[0, 0, 1, 1, 0, 0, 1, 1, 3, 1, 3, 0, 3, 3, 3, 1, 3, 1, 3, 3]|[1, 0, 1, 0, 1, 1, 1, 1, 0, 1, 2, 1, 0, 1, 0, 1, 1, 1, 0, 2],303.879928085469;9072.898219347739;17405.144376943000,0.598446058567,NOT_APPLICABLE,NOT_APPLICABLE,NOT_APPLICABLE,28
75,2,31255,G4_BALANCED,HISTORICAL,[6, 19, 12, 5, 4, 16, 3, 11, 15, 7, 10, 8, 13, 17, 0, 2, 9, 18, 14, 1]|[2, 2, 1, 1, 2, 2, 1, 1, 0, 1, 0, 2, 0, 0, 0, 1, 0, 1, 0, 0]|[0, 0, 1, 1, 0, 0, 1, 1, 3, 1, 3, 0, 3, 3, 3, 1, 3, 1, 3, 3]|[1, 0, 1, 0, 1, 1, 1, 1, 0, 1, 2, 1, 0, 1, 0, 1, 1, 1, 0, 2],303.879928085469;9072.898219347739;17405.144376943000,0,false,[6, 19, 12, 5, 4, 16, 3, 11, 15, 7, 10, 8, 13, 17, 0, 2, 9, 18, 14, 1]|[2, 2, 1, 1, 2, 2, 1, 1, 0, 1, 0, 2, 0, 0, 0, 1, 0, 1, 0, 0]|[0, 0, 1, 1, 0, 0, 1, 1, 3, 1, 3, 0, 3, 3, 3, 1, 3, 1, 3, 3]|[1, 0, 1, 0, 1, 1, 1, 1, 0, 1, 2, 1, 0, 1, 0, 1, 1, 1, 0, 2],303.879928085469;9072.898219347739;17405.144376943000,0.598446058567,NOT_APPLICABLE,NOT_APPLICABLE,NOT_APPLICABLE,23
76,2,31355,G1_CMAX,PREVIOUS,[19, 5, 4, 16, 3, 9, 10, 17, 2, 6, 13, 1, 0, 12, 7, 8, 15, 14, 18, 11]|[1, 2, 1, 0, 1, 0, 2, 0, 2, 2, 2, 1, 1, 1, 1, 0, 1, 0, 0, 2]|[0, 1, 1, 3, 0, 3, 0, 0, 0, 0, 0, 1, 0, 1, 1, 0, 0, 3, 0, 1]|[1, 1, 0, 2, 1, 1, 0, 0, 1, 1, 1, 0, 1, 1, 1, 0, 0, 0, 1, 0],205.178521975543;10962.783729077695;15862.374381374957,0,false,[19, 5, 4, 16, 3, 9, 10, 17, 2, 6, 13, 1, 0, 12, 7, 8, 15, 14, 18, 11]|[1, 2, 1, 0, 1, 0, 2, 0, 2, 2, 2, 1, 1, 1, 1, 0, 1, 0, 0, 2]|[0, 1, 1, 3, 0, 3, 0, 0, 0, 0, 0, 1, 0, 1, 1, 0, 0, 3, 0, 1]|[1, 1, 0, 2, 1, 1, 0, 0, 1, 1, 1, 0, 1, 1, 1, 0, 0, 0, 1, 0],205.178521975543;10962.783729077695;15862.374381374957,205.178521975543,NOT_APPLICABLE,NOT_APPLICABLE,NOT_APPLICABLE,22
76,2,31355,G1_CMAX,HISTORICAL,[19, 5, 4, 16, 3, 9, 10, 17, 2, 6, 13, 1, 0, 12, 7, 8, 15, 14, 18, 11]|[1, 2, 1, 0, 1, 0, 2, 0, 2, 2, 2, 1, 1, 1, 1, 0, 1, 0, 0, 2]|[0, 1, 1, 3, 0, 3, 0, 0, 0, 0, 0, 1, 0, 1, 1, 0, 0, 3, 0, 1]|[1, 1, 0, 2, 1, 1, 0, 0, 1, 1, 1, 0, 1, 1, 1, 0, 0, 0, 1, 0],205.178521975543;10962.783729077695;15862.374381374957,0,false,[19, 5, 4, 16, 3, 9, 10, 17, 2, 6, 13, 1, 0, 12, 7, 8, 15, 14, 18, 11]|[1, 2, 1, 0, 1, 0, 2, 0, 2, 2, 2, 1, 1, 1, 1, 0, 1, 0, 0, 2]|[0, 1, 1, 3, 0, 3, 0, 0, 0, 0, 0, 1, 0, 1, 1, 0, 0, 3, 0, 1]|[1, 1, 0, 2, 1, 1, 0, 0, 1, 1, 1, 0, 1, 1, 1, 0, 0, 0, 1, 0],205.178521975543;10962.783729077695;15862.374381374957,205.178521975543,NOT_APPLICABLE,NOT_APPLICABLE,NOT_APPLICABLE,36
76,2,31355,G2_TEC,PREVIOUS,[6, 19, 12, 5, 4, 16, 1, 7, 15, 11, 2, 10, 8, 3, 9, 13, 0, 14, 18, 17]|[2, 2, 1, 1, 2, 0, 0, 2, 0, 1, 1, 0, 2, 0, 0, 0, 0, 0, 0, 0]|[0, 0, 1, 1, 0, 3, 3, 0, 3, 1, 1, 3, 0, 3, 3, 3, 3, 3, 3, 3]|[1, 0, 1, 0, 1, 0, 2, 0, 0, 1, 1, 2, 1, 0, 0, 2, 0, 0, 2, 0],447.850240554012;8850.884098949731;13283.949643195205,0,false,[6, 19, 12, 5, 4, 16, 1, 7, 15, 11, 2, 10, 8, 3, 9, 13, 0, 14, 18, 17]|[2, 2, 1, 1, 2, 0, 0, 2, 0, 1, 1, 0, 2, 0, 0, 0, 0, 0, 0, 0]|[0, 0, 1, 1, 0, 3, 3, 0, 3, 1, 1, 3, 0, 3, 3, 3, 3, 3, 3, 3]|[1, 0, 1, 0, 1, 0, 2, 0, 0, 1, 1, 2, 1, 0, 0, 2, 0, 0, 2, 0],447.850240554012;8850.884098949731;13283.949643195205,8850.884098949731,NOT_APPLICABLE,NOT_APPLICABLE,NOT_APPLICABLE,10
76,2,31355,G2_TEC,HISTORICAL,[6, 19, 12, 5, 4, 16, 1, 7, 15, 11, 2, 10, 8, 3, 9, 13, 0, 14, 18, 17]|[2, 2, 1, 1, 2, 0, 0, 2, 0, 1, 1, 0, 2, 0, 0, 0, 0, 0, 0, 0]|[0, 0, 1, 1, 0, 3, 3, 0, 3, 1, 1, 3, 0, 3, 3, 3, 3, 3, 3, 3]|[1, 0, 1, 0, 1, 0, 2, 0, 0, 1, 1, 2, 1, 0, 0, 2, 0, 0, 2, 0],447.850240554012;8850.884098949731;13283.949643195205,0,false,[6, 19, 12, 5, 4, 16, 1, 7, 15, 11, 2, 10, 8, 3, 9, 13, 0, 14, 18, 17]|[2, 2, 1, 1, 2, 0, 0, 2, 0, 1, 1, 0, 2, 0, 0, 0, 0, 0, 0, 0]|[0, 0, 1, 1, 0, 3, 3, 0, 3, 1, 1, 3, 0, 3, 3, 3, 3, 3, 3, 3]|[1, 0, 1, 0, 1, 0, 2, 0, 0, 1, 1, 2, 1, 0, 0, 2, 0, 0, 2, 0],447.850240554012;8850.884098949731;13283.949643195205,8850.884098949731,NOT_APPLICABLE,NOT_APPLICABLE,NOT_APPLICABLE,49
76,2,31355,G3_TWC,PREVIOUS,[6, 19, 12, 5, 4, 16, 1, 7, 11, 8, 13, 9, 15, 0, 14, 3, 2, 10, 18, 17]|[2, 1, 1, 1, 2, 0, 0, 2, 2, 1, 0, 0, 2, 0, 0, 0, 0, 0, 0, 0]|[0, 1, 1, 1, 0, 3, 3, 0, 0, 1, 3, 3, 0, 3, 3, 3, 3, 3, 3, 3]|[1, 1, 1, 0, 1, 0, 2, 0, 0, 1, 0, 0, 1, 0, 2, 0, 2, 0, 2, 0],470.296026819192;8841.107973107555;13563.759299469359,1,true,[6, 19, 12, 5, 4, 16, 1, 7, 15, 11, 2, 17, 18, 0, 3, 9, 13, 8, 14, 10]|[2, 2, 1, 1, 2, 0, 0, 2, 0, 1, 0, 0, 0, 0, 0, 0, 0, 2, 0, 1]|[0, 0, 1, 1, 0, 3, 3, 0, 3, 1, 3, 3, 3, 3, 3, 3, 3, 0, 3, 1]|[1, 0, 1, 0, 1, 0, 2, 0, 0, 1, 2, 0, 2, 0, 0, 0, 2, 1, 0, 1],447.174927184784;8835.511398097256;13325.824919043864,13325.824919043864,31355,31355,0,23
76,2,31355,G3_TWC,HISTORICAL,[6, 19, 12, 5, 4, 16, 3, 11, 15, 7, 2, 9, 8, 0, 17, 13, 14, 10, 18, 1]|[2, 2, 0, 1, 0, 0, 2, 2, 1, 1, 1, 0, 2, 0, 0, 0, 0, 0, 0, 0]|[0, 0, 2, 1, 3, 3, 0, 0, 0, 1, 1, 3, 0, 3, 3, 0, 3, 3, 3, 3]|[1, 0, 1, 0, 2, 0, 1, 0, 1, 1, 1, 1, 1, 2, 1, 2, 0, 2, 1, 1],409.047230276459;9712.789948995710;12805.715992083906,0,false,[6, 19, 12, 5, 4, 16, 3, 11, 15, 7, 2, 9, 8, 0, 17, 13, 14, 10, 18, 1]|[2, 2, 0, 1, 0, 0, 2, 2, 1, 1, 1, 0, 2, 0, 0, 0, 0, 0, 0, 0]|[0, 0, 2, 1, 3, 3, 0, 0, 0, 1, 1, 3, 0, 3, 3, 0, 3, 3, 3, 3]|[1, 0, 1, 0, 2, 0, 1, 0, 1, 1, 1, 1, 1, 2, 1, 2, 0, 2, 1, 1],409.047230276459;9712.789948995710;12805.715992083906,12805.715992083906,NOT_APPLICABLE,NOT_APPLICABLE,NOT_APPLICABLE,31
76,2,31355,G4_BALANCED,PREVIOUS,[6, 19, 12, 5, 4, 16, 3, 11, 15, 7, 10, 8, 13, 17, 0, 2, 9, 18, 14, 1]|[2, 2, 1, 1, 2, 2, 1, 1, 0, 1, 0, 2, 0, 0, 0, 1, 0, 1, 0, 0]|[0, 0, 1, 1, 0, 0, 1, 1, 3, 1, 3, 0, 3, 3, 3, 1, 3, 1, 3, 3]|[1, 0, 1, 0, 1, 1, 1, 1, 0, 1, 2, 1, 0, 1, 0, 1, 1, 1, 0, 2],303.879928085469;9072.898219347739;17405.144376943000,0,false,[6, 19, 12, 5, 4, 16, 3, 11, 15, 7, 10, 8, 13, 17, 0, 2, 9, 18, 14, 1]|[2, 2, 1, 1, 2, 2, 1, 1, 0, 1, 0, 2, 0, 0, 0, 1, 0, 1, 0, 0]|[0, 0, 1, 1, 0, 0, 1, 1, 3, 1, 3, 0, 3, 3, 3, 1, 3, 1, 3, 3]|[1, 0, 1, 0, 1, 1, 1, 1, 0, 1, 2, 1, 0, 1, 0, 1, 1, 1, 0, 2],303.879928085469;9072.898219347739;17405.144376943000,0.598446058567,NOT_APPLICABLE,NOT_APPLICABLE,NOT_APPLICABLE,29
76,2,31355,G4_BALANCED,HISTORICAL,[6, 19, 12, 5, 4, 16, 3, 11, 15, 7, 10, 8, 13, 17, 0, 2, 9, 18, 14, 1]|[2, 2, 1, 1, 2, 2, 1, 1, 0, 1, 0, 2, 0, 0, 0, 1, 0, 1, 0, 0]|[0, 0, 1, 1, 0, 0, 1, 1, 3, 1, 3, 0, 3, 3, 3, 1, 3, 1, 3, 3]|[1, 0, 1, 0, 1, 1, 1, 1, 0, 1, 2, 1, 0, 1, 0, 1, 1, 1, 0, 2],303.879928085469;9072.898219347739;17405.144376943000,0,false,[6, 19, 12, 5, 4, 16, 3, 11, 15, 7, 10, 8, 13, 17, 0, 2, 9, 18, 14, 1]|[2, 2, 1, 1, 2, 2, 1, 1, 0, 1, 0, 2, 0, 0, 0, 1, 0, 1, 0, 0]|[0, 0, 1, 1, 0, 0, 1, 1, 3, 1, 3, 0, 3, 3, 3, 1, 3, 1, 3, 3]|[1, 0, 1, 0, 1, 1, 1, 1, 0, 1, 2, 1, 0, 1, 0, 1, 1, 1, 0, 2],303.879928085469;9072.898219347739;17405.144376943000,0.598446058567,NOT_APPLICABLE,NOT_APPLICABLE,NOT_APPLICABLE,23
77,2,31455,G1_CMAX,PREVIOUS,[19, 5, 4, 16, 3, 9, 10, 17, 2, 6, 13, 1, 0, 12, 7, 8, 15, 14, 18, 11]|[1, 2, 1, 0, 1, 0, 2, 0, 2, 2, 2, 1, 1, 1, 1, 0, 1, 0, 0, 2]|[0, 1, 1, 3, 0, 3, 0, 0, 0, 0, 0, 1, 0, 1, 1, 0, 0, 3, 0, 1]|[1, 1, 0, 2, 1, 1, 0, 0, 1, 1, 1, 0, 1, 1, 1, 0, 0, 0, 1, 0],205.178521975543;10962.783729077695;15862.374381374957,0,false,[19, 5, 4, 16, 3, 9, 10, 17, 2, 6, 13, 1, 0, 12, 7, 8, 15, 14, 18, 11]|[1, 2, 1, 0, 1, 0, 2, 0, 2, 2, 2, 1, 1, 1, 1, 0, 1, 0, 0, 2]|[0, 1, 1, 3, 0, 3, 0, 0, 0, 0, 0, 1, 0, 1, 1, 0, 0, 3, 0, 1]|[1, 1, 0, 2, 1, 1, 0, 0, 1, 1, 1, 0, 1, 1, 1, 0, 0, 0, 1, 0],205.178521975543;10962.783729077695;15862.374381374957,205.178521975543,NOT_APPLICABLE,NOT_APPLICABLE,NOT_APPLICABLE,22
77,2,31455,G1_CMAX,HISTORICAL,[19, 5, 4, 16, 3, 9, 10, 17, 2, 6, 13, 1, 0, 12, 7, 8, 15, 14, 18, 11]|[1, 2, 1, 0, 1, 0, 2, 0, 2, 2, 2, 1, 1, 1, 1, 0, 1, 0, 0, 2]|[0, 1, 1, 3, 0, 3, 0, 0, 0, 0, 0, 1, 0, 1, 1, 0, 0, 3, 0, 1]|[1, 1, 0, 2, 1, 1, 0, 0, 1, 1, 1, 0, 1, 1, 1, 0, 0, 0, 1, 0],205.178521975543;10962.783729077695;15862.374381374957,0,false,[19, 5, 4, 16, 3, 9, 10, 17, 2, 6, 13, 1, 0, 12, 7, 8, 15, 14, 18, 11]|[1, 2, 1, 0, 1, 0, 2, 0, 2, 2, 2, 1, 1, 1, 1, 0, 1, 0, 0, 2]|[0, 1, 1, 3, 0, 3, 0, 0, 0, 0, 0, 1, 0, 1, 1, 0, 0, 3, 0, 1]|[1, 1, 0, 2, 1, 1, 0, 0, 1, 1, 1, 0, 1, 1, 1, 0, 0, 0, 1, 0],205.178521975543;10962.783729077695;15862.374381374957,205.178521975543,NOT_APPLICABLE,NOT_APPLICABLE,NOT_APPLICABLE,37
77,2,31455,G2_TEC,PREVIOUS,[6, 19, 12, 5, 4, 16, 1, 7, 15, 11, 2, 10, 8, 3, 9, 13, 0, 14, 18, 17]|[2, 2, 1, 1, 2, 0, 0, 2, 0, 1, 1, 0, 2, 0, 0, 0, 0, 0, 0, 0]|[0, 0, 1, 1, 0, 3, 3, 0, 3, 1, 1, 3, 0, 3, 3, 3, 3, 3, 3, 3]|[1, 0, 1, 0, 1, 0, 2, 0, 0, 1, 1, 2, 1, 0, 0, 2, 0, 0, 2, 0],447.850240554012;8850.884098949731;13283.949643195205,0,false,[6, 19, 12, 5, 4, 16, 1, 7, 15, 11, 2, 10, 8, 3, 9, 13, 0, 14, 18, 17]|[2, 2, 1, 1, 2, 0, 0, 2, 0, 1, 1, 0, 2, 0, 0, 0, 0, 0, 0, 0]|[0, 0, 1, 1, 0, 3, 3, 0, 3, 1, 1, 3, 0, 3, 3, 3, 3, 3, 3, 3]|[1, 0, 1, 0, 1, 0, 2, 0, 0, 1, 1, 2, 1, 0, 0, 2, 0, 0, 2, 0],447.850240554012;8850.884098949731;13283.949643195205,8850.884098949731,NOT_APPLICABLE,NOT_APPLICABLE,NOT_APPLICABLE,10
77,2,31455,G2_TEC,HISTORICAL,[6, 19, 12, 5, 4, 16, 1, 7, 15, 11, 2, 10, 8, 3, 9, 13, 0, 14, 18, 17]|[2, 2, 1, 1, 2, 0, 0, 2, 0, 1, 1, 0, 2, 0, 0, 0, 0, 0, 0, 0]|[0, 0, 1, 1, 0, 3, 3, 0, 3, 1, 1, 3, 0, 3, 3, 3, 3, 3, 3, 3]|[1, 0, 1, 0, 1, 0, 2, 0, 0, 1, 1, 2, 1, 0, 0, 2, 0, 0, 2, 0],447.850240554012;8850.884098949731;13283.949643195205,0,false,[6, 19, 12, 5, 4, 16, 1, 7, 15, 11, 2, 10, 8, 3, 9, 13, 0, 14, 18, 17]|[2, 2, 1, 1, 2, 0, 0, 2, 0, 1, 1, 0, 2, 0, 0, 0, 0, 0, 0, 0]|[0, 0, 1, 1, 0, 3, 3, 0, 3, 1, 1, 3, 0, 3, 3, 3, 3, 3, 3, 3]|[1, 0, 1, 0, 1, 0, 2, 0, 0, 1, 1, 2, 1, 0, 0, 2, 0, 0, 2, 0],447.850240554012;8850.884098949731;13283.949643195205,8850.884098949731,NOT_APPLICABLE,NOT_APPLICABLE,NOT_APPLICABLE,50
77,2,31455,G3_TWC,PREVIOUS,[6, 19, 12, 5, 4, 16, 1, 7, 15, 11, 2, 17, 18, 0, 3, 9, 13, 8, 14, 10]|[2, 2, 1, 1, 2, 0, 0, 2, 0, 1, 0, 0, 0, 0, 0, 0, 0, 2, 0, 1]|[0, 0, 1, 1, 0, 3, 3, 0, 3, 1, 3, 3, 3, 3, 3, 3, 3, 0, 3, 1]|[1, 0, 1, 0, 1, 0, 2, 0, 0, 1, 2, 0, 2, 0, 0, 0, 2, 1, 0, 1],447.174927184784;8835.511398097256;13325.824919043864,0,false,[6, 19, 12, 5, 4, 16, 1, 7, 15, 11, 2, 17, 18, 0, 3, 9, 13, 8, 14, 10]|[2, 2, 1, 1, 2, 0, 0, 2, 0, 1, 0, 0, 0, 0, 0, 0, 0, 2, 0, 1]|[0, 0, 1, 1, 0, 3, 3, 0, 3, 1, 3, 3, 3, 3, 3, 3, 3, 0, 3, 1]|[1, 0, 1, 0, 1, 0, 2, 0, 0, 1, 2, 0, 2, 0, 0, 0, 2, 1, 0, 1],447.174927184784;8835.511398097256;13325.824919043864,13325.824919043864,NOT_APPLICABLE,NOT_APPLICABLE,NOT_APPLICABLE,24
77,2,31455,G3_TWC,HISTORICAL,[6, 19, 12, 5, 4, 16, 3, 11, 15, 7, 2, 9, 8, 0, 17, 13, 14, 10, 18, 1]|[2, 2, 0, 1, 0, 0, 2, 2, 1, 1, 1, 0, 2, 0, 0, 0, 0, 0, 0, 0]|[0, 0, 2, 1, 3, 3, 0, 0, 0, 1, 1, 3, 0, 3, 3, 0, 3, 3, 3, 3]|[1, 0, 1, 0, 2, 0, 1, 0, 1, 1, 1, 1, 1, 2, 1, 2, 0, 2, 1, 1],409.047230276459;9712.789948995710;12805.715992083906,0,false,[6, 19, 12, 5, 4, 16, 3, 11, 15, 7, 2, 9, 8, 0, 17, 13, 14, 10, 18, 1]|[2, 2, 0, 1, 0, 0, 2, 2, 1, 1, 1, 0, 2, 0, 0, 0, 0, 0, 0, 0]|[0, 0, 2, 1, 3, 3, 0, 0, 0, 1, 1, 3, 0, 3, 3, 0, 3, 3, 3, 3]|[1, 0, 1, 0, 2, 0, 1, 0, 1, 1, 1, 1, 1, 2, 1, 2, 0, 2, 1, 1],409.047230276459;9712.789948995710;12805.715992083906,12805.715992083906,NOT_APPLICABLE,NOT_APPLICABLE,NOT_APPLICABLE,31
77,2,31455,G4_BALANCED,PREVIOUS,[6, 19, 12, 5, 4, 16, 3, 11, 15, 7, 10, 8, 13, 17, 0, 2, 9, 18, 14, 1]|[2, 2, 1, 1, 2, 2, 1, 1, 0, 1, 0, 2, 0, 0, 0, 1, 0, 1, 0, 0]|[0, 0, 1, 1, 0, 0, 1, 1, 3, 1, 3, 0, 3, 3, 3, 1, 3, 1, 3, 3]|[1, 0, 1, 0, 1, 1, 1, 1, 0, 1, 2, 1, 0, 1, 0, 1, 1, 1, 0, 2],303.879928085469;9072.898219347739;17405.144376943000,0,false,[6, 19, 12, 5, 4, 16, 3, 11, 15, 7, 10, 8, 13, 17, 0, 2, 9, 18, 14, 1]|[2, 2, 1, 1, 2, 2, 1, 1, 0, 1, 0, 2, 0, 0, 0, 1, 0, 1, 0, 0]|[0, 0, 1, 1, 0, 0, 1, 1, 3, 1, 3, 0, 3, 3, 3, 1, 3, 1, 3, 3]|[1, 0, 1, 0, 1, 1, 1, 1, 0, 1, 2, 1, 0, 1, 0, 1, 1, 1, 0, 2],303.879928085469;9072.898219347739;17405.144376943000,0.598446058567,NOT_APPLICABLE,NOT_APPLICABLE,NOT_APPLICABLE,29
77,2,31455,G4_BALANCED,HISTORICAL,[6, 19, 12, 5, 4, 16, 3, 11, 15, 7, 10, 8, 13, 17, 0, 2, 9, 18, 14, 1]|[2, 2, 1, 1, 2, 2, 1, 1, 0, 1, 0, 2, 0, 0, 0, 1, 0, 1, 0, 0]|[0, 0, 1, 1, 0, 0, 1, 1, 3, 1, 3, 0, 3, 3, 3, 1, 3, 1, 3, 3]|[1, 0, 1, 0, 1, 1, 1, 1, 0, 1, 2, 1, 0, 1, 0, 1, 1, 1, 0, 2],303.879928085469;9072.898219347739;17405.144376943000,0,false,[6, 19, 12, 5, 4, 16, 3, 11, 15, 7, 10, 8, 13, 17, 0, 2, 9, 18, 14, 1]|[2, 2, 1, 1, 2, 2, 1, 1, 0, 1, 0, 2, 0, 0, 0, 1, 0, 1, 0, 0]|[0, 0, 1, 1, 0, 0, 1, 1, 3, 1, 3, 0, 3, 3, 3, 1, 3, 1, 3, 3]|[1, 0, 1, 0, 1, 1, 1, 1, 0, 1, 2, 1, 0, 1, 0, 1, 1, 1, 0, 2],303.879928085469;9072.898219347739;17405.144376943000,0.598446058567,NOT_APPLICABLE,NOT_APPLICABLE,NOT_APPLICABLE,24
78,2,31555,G1_CMAX,PREVIOUS,[19, 5, 4, 16, 3, 9, 10, 17, 2, 6, 13, 1, 0, 12, 7, 8, 15, 14, 18, 11]|[1, 2, 1, 0, 1, 0, 2, 0, 2, 2, 2, 1, 1, 1, 1, 0, 1, 0, 0, 2]|[0, 1, 1, 3, 0, 3, 0, 0, 0, 0, 0, 1, 0, 1, 1, 0, 0, 3, 0, 1]|[1, 1, 0, 2, 1, 1, 0, 0, 1, 1, 1, 0, 1, 1, 1, 0, 0, 0, 1, 0],205.178521975543;10962.783729077695;15862.374381374957,0,false,[19, 5, 4, 16, 3, 9, 10, 17, 2, 6, 13, 1, 0, 12, 7, 8, 15, 14, 18, 11]|[1, 2, 1, 0, 1, 0, 2, 0, 2, 2, 2, 1, 1, 1, 1, 0, 1, 0, 0, 2]|[0, 1, 1, 3, 0, 3, 0, 0, 0, 0, 0, 1, 0, 1, 1, 0, 0, 3, 0, 1]|[1, 1, 0, 2, 1, 1, 0, 0, 1, 1, 1, 0, 1, 1, 1, 0, 0, 0, 1, 0],205.178521975543;10962.783729077695;15862.374381374957,205.178521975543,NOT_APPLICABLE,NOT_APPLICABLE,NOT_APPLICABLE,22
78,2,31555,G1_CMAX,HISTORICAL,[19, 5, 4, 16, 3, 9, 10, 17, 2, 6, 13, 1, 0, 12, 7, 8, 15, 14, 18, 11]|[1, 2, 1, 0, 1, 0, 2, 0, 2, 2, 2, 1, 1, 1, 1, 0, 1, 0, 0, 2]|[0, 1, 1, 3, 0, 3, 0, 0, 0, 0, 0, 1, 0, 1, 1, 0, 0, 3, 0, 1]|[1, 1, 0, 2, 1, 1, 0, 0, 1, 1, 1, 0, 1, 1, 1, 0, 0, 0, 1, 0],205.178521975543;10962.783729077695;15862.374381374957,0,false,[19, 5, 4, 16, 3, 9, 10, 17, 2, 6, 13, 1, 0, 12, 7, 8, 15, 14, 18, 11]|[1, 2, 1, 0, 1, 0, 2, 0, 2, 2, 2, 1, 1, 1, 1, 0, 1, 0, 0, 2]|[0, 1, 1, 3, 0, 3, 0, 0, 0, 0, 0, 1, 0, 1, 1, 0, 0, 3, 0, 1]|[1, 1, 0, 2, 1, 1, 0, 0, 1, 1, 1, 0, 1, 1, 1, 0, 0, 0, 1, 0],205.178521975543;10962.783729077695;15862.374381374957,205.178521975543,NOT_APPLICABLE,NOT_APPLICABLE,NOT_APPLICABLE,38
78,2,31555,G2_TEC,PREVIOUS,[6, 19, 12, 5, 4, 16, 1, 7, 15, 11, 2, 10, 8, 3, 14, 17, 13, 9, 18, 0]|[2, 2, 1, 1, 2, 0, 0, 2, 0, 1, 1, 0, 2, 0, 0, 0, 0, 0, 0, 0]|[0, 0, 1, 1, 0, 3, 3, 0, 3, 1, 1, 3, 1, 3, 3, 3, 3, 3, 3, 3]|[1, 0, 1, 0, 1, 0, 2, 0, 0, 1, 1, 2, 1, 0, 0, 0, 2, 0, 2, 0],430.235142578738;9011.237217282853;13153.409046204228,0,false,[6, 19, 12, 5, 4, 16, 1, 7, 15, 11, 2, 10, 8, 3, 14, 17, 13, 9, 18, 0]|[2, 2, 1, 1, 2, 0, 0, 2, 0, 1, 1, 0, 2, 0, 0, 0, 0, 0, 0, 0]|[0, 0, 1, 1, 0, 3, 3, 0, 3, 1, 1, 3, 1, 3, 3, 3, 3, 3, 3, 3]|[1, 0, 1, 0, 1, 0, 2, 0, 0, 1, 1, 2, 1, 0, 0, 0, 2, 0, 2, 0],430.235142578738;9011.237217282853;13153.409046204228,9011.237217282853,NOT_APPLICABLE,NOT_APPLICABLE,NOT_APPLICABLE,10
78,2,31555,G2_TEC,HISTORICAL,[6, 19, 12, 5, 4, 16, 1, 7, 15, 11, 2, 10, 8, 3, 9, 13, 0, 14, 18, 17]|[2, 2, 1, 1, 2, 0, 0, 2, 0, 1, 1, 0, 2, 0, 0, 0, 0, 0, 0, 0]|[0, 0, 1, 1, 0, 3, 3, 0, 3, 1, 1, 3, 0, 3, 3, 3, 3, 3, 3, 3]|[1, 0, 1, 0, 1, 0, 2, 0, 0, 1, 1, 2, 1, 0, 0, 2, 0, 0, 2, 0],447.850240554012;8850.884098949731;13283.949643195205,0,false,[6, 19, 12, 5, 4, 16, 1, 7, 15, 11, 2, 10, 8, 3, 9, 13, 0, 14, 18, 17]|[2, 2, 1, 1, 2, 0, 0, 2, 0, 1, 1, 0, 2, 0, 0, 0, 0, 0, 0, 0]|[0, 0, 1, 1, 0, 3, 3, 0, 3, 1, 1, 3, 0, 3, 3, 3, 3, 3, 3, 3]|[1, 0, 1, 0, 1, 0, 2, 0, 0, 1, 1, 2, 1, 0, 0, 2, 0, 0, 2, 0],447.850240554012;8850.884098949731;13283.949643195205,8850.884098949731,NOT_APPLICABLE,NOT_APPLICABLE,NOT_APPLICABLE,50
78,2,31555,G3_TWC,PREVIOUS,[18, 19, 12, 5, 4, 16, 3, 11, 15, 7, 2, 10, 8, 14, 9, 6, 17, 1, 0, 13]|[2, 2, 0, 1, 2, 0, 0, 2, 1, 0, 1, 0, 2, 0, 0, 1, 0, 0, 0, 0]|[0, 0, 2, 1, 0, 3, 3, 0, 0, 3, 1, 3, 0, 3, 3, 1, 3, 3, 3, 0]|[1, 0, 1, 0, 1, 0, 2, 0, 1, 2, 1, 2, 1, 0, 0, 1, 1, 2, 0, 2],387.144533780142;9452.369327799623;12907.643823632734,0,false,[18, 19, 12, 5, 4, 16, 3, 11, 15, 7, 2, 10, 8, 14, 9, 6, 17, 1, 0, 13]|[2, 2, 0, 1, 2, 0, 0, 2, 1, 0, 1, 0, 2, 0, 0, 1, 0, 0, 0, 0]|[0, 0, 2, 1, 0, 3, 3, 0, 0, 3, 1, 3, 0, 3, 3, 1, 3, 3, 3, 0]|[1, 0, 1, 0, 1, 0, 2, 0, 1, 2, 1, 2, 1, 0, 0, 1, 1, 2, 0, 2],387.144533780142;9452.369327799623;12907.643823632734,12907.643823632734,NOT_APPLICABLE,NOT_APPLICABLE,NOT_APPLICABLE,24
78,2,31555,G3_TWC,HISTORICAL,[6, 19, 12, 5, 4, 16, 3, 11, 15, 7, 2, 9, 8, 0, 17, 13, 14, 10, 18, 1]|[2, 2, 0, 1, 0, 0, 2, 2, 1, 1, 1, 0, 2, 0, 0, 0, 0, 0, 0, 0]|[0, 0, 2, 1, 3, 3, 0, 0, 0, 1, 1, 3, 0, 3, 3, 0, 3, 3, 3, 3]|[1, 0, 1, 0, 2, 0, 1, 0, 1, 1, 1, 1, 1, 2, 1, 2, 0, 2, 1, 1],409.047230276459;9712.789948995710;12805.715992083906,0,false,[6, 19, 12, 5, 4, 16, 3, 11, 15, 7, 2, 9, 8, 0, 17, 13, 14, 10, 18, 1]|[2, 2, 0, 1, 0, 0, 2, 2, 1, 1, 1, 0, 2, 0, 0, 0, 0, 0, 0, 0]|[0, 0, 2, 1, 3, 3, 0, 0, 0, 1, 1, 3, 0, 3, 3, 0, 3, 3, 3, 3]|[1, 0, 1, 0, 2, 0, 1, 0, 1, 1, 1, 1, 1, 2, 1, 2, 0, 2, 1, 1],409.047230276459;9712.789948995710;12805.715992083906,12805.715992083906,NOT_APPLICABLE,NOT_APPLICABLE,NOT_APPLICABLE,31
78,2,31555,G4_BALANCED,PREVIOUS,[6, 19, 12, 5, 4, 16, 3, 11, 15, 7, 10, 8, 13, 17, 0, 2, 9, 18, 14, 1]|[2, 2, 1, 1, 2, 2, 1, 1, 0, 1, 0, 2, 0, 0, 0, 1, 0, 1, 0, 0]|[0, 0, 1, 1, 0, 0, 1, 1, 3, 1, 3, 0, 3, 3, 3, 1, 3, 1, 3, 3]|[1, 0, 1, 0, 1, 1, 1, 1, 0, 1, 2, 1, 0, 1, 0, 1, 1, 1, 0, 2],303.879928085469;9072.898219347739;17405.144376943000,1,true,[6, 19, 12, 5, 4, 16, 3, 11, 15, 7, 10, 8, 13, 1, 14, 2, 17, 9, 18, 0]|[2, 1, 1, 1, 2, 2, 1, 2, 0, 1, 0, 2, 0, 0, 0, 1, 0, 0, 1, 0]|[0, 1, 1, 1, 0, 0, 1, 0, 3, 1, 3, 0, 3, 3, 3, 1, 3, 3, 1, 3]|[1, 1, 1, 0, 1, 1, 1, 0, 0, 1, 2, 1, 0, 0, 2, 1, 0, 1, 1, 0],299.556470750369;8993.459324123809;16703.133309816280,0.507105195956,31555,31555,0,29
78,2,31555,G4_BALANCED,HISTORICAL,[6, 19, 12, 5, 4, 16, 3, 11, 15, 7, 10, 8, 13, 17, 0, 2, 9, 18, 14, 1]|[2, 2, 1, 1, 2, 2, 1, 1, 0, 1, 0, 2, 0, 0, 0, 1, 0, 1, 0, 0]|[0, 0, 1, 1, 0, 0, 1, 1, 3, 1, 3, 0, 3, 3, 3, 1, 3, 1, 3, 3]|[1, 0, 1, 0, 1, 1, 1, 1, 0, 1, 2, 1, 0, 1, 0, 1, 1, 1, 0, 2],303.879928085469;9072.898219347739;17405.144376943000,1,true,[6, 19, 12, 5, 4, 16, 3, 11, 15, 7, 10, 8, 13, 1, 14, 2, 17, 9, 18, 0]|[2, 1, 1, 1, 2, 2, 1, 2, 0, 1, 0, 2, 0, 0, 0, 1, 0, 0, 1, 0]|[0, 1, 1, 1, 0, 0, 1, 0, 3, 1, 3, 0, 3, 3, 3, 1, 3, 3, 1, 3]|[1, 1, 1, 0, 1, 1, 1, 0, 0, 1, 2, 1, 0, 0, 2, 1, 0, 1, 1, 0],299.556470750369;8993.459324123809;16703.133309816280,0.507105195956,31555,31555,0,25
79,2,31655,G1_CMAX,PREVIOUS,[19, 5, 4, 16, 3, 9, 10, 17, 2, 6, 13, 1, 0, 12, 7, 8, 15, 14, 18, 11]|[1, 2, 1, 0, 1, 0, 2, 0, 2, 2, 2, 1, 1, 1, 1, 0, 1, 0, 0, 2]|[0, 1, 1, 3, 0, 3, 0, 0, 0, 0, 0, 1, 0, 1, 1, 0, 0, 3, 0, 1]|[1, 1, 0, 2, 1, 1, 0, 0, 1, 1, 1, 0, 1, 1, 1, 0, 0, 0, 1, 0],205.178521975543;10962.783729077695;15862.374381374957,0,false,[19, 5, 4, 16, 3, 9, 10, 17, 2, 6, 13, 1, 0, 12, 7, 8, 15, 14, 18, 11]|[1, 2, 1, 0, 1, 0, 2, 0, 2, 2, 2, 1, 1, 1, 1, 0, 1, 0, 0, 2]|[0, 1, 1, 3, 0, 3, 0, 0, 0, 0, 0, 1, 0, 1, 1, 0, 0, 3, 0, 1]|[1, 1, 0, 2, 1, 1, 0, 0, 1, 1, 1, 0, 1, 1, 1, 0, 0, 0, 1, 0],205.178521975543;10962.783729077695;15862.374381374957,205.178521975543,NOT_APPLICABLE,NOT_APPLICABLE,NOT_APPLICABLE,23
79,2,31655,G1_CMAX,HISTORICAL,[19, 5, 4, 16, 3, 9, 10, 17, 2, 6, 13, 1, 0, 12, 7, 8, 15, 14, 18, 11]|[1, 2, 1, 0, 1, 0, 2, 0, 2, 2, 2, 1, 1, 1, 1, 0, 1, 0, 0, 2]|[0, 1, 1, 3, 0, 3, 0, 0, 0, 0, 0, 1, 0, 1, 1, 0, 0, 3, 0, 1]|[1, 1, 0, 2, 1, 1, 0, 0, 1, 1, 1, 0, 1, 1, 1, 0, 0, 0, 1, 0],205.178521975543;10962.783729077695;15862.374381374957,0,false,[19, 5, 4, 16, 3, 9, 10, 17, 2, 6, 13, 1, 0, 12, 7, 8, 15, 14, 18, 11]|[1, 2, 1, 0, 1, 0, 2, 0, 2, 2, 2, 1, 1, 1, 1, 0, 1, 0, 0, 2]|[0, 1, 1, 3, 0, 3, 0, 0, 0, 0, 0, 1, 0, 1, 1, 0, 0, 3, 0, 1]|[1, 1, 0, 2, 1, 1, 0, 0, 1, 1, 1, 0, 1, 1, 1, 0, 0, 0, 1, 0],205.178521975543;10962.783729077695;15862.374381374957,205.178521975543,NOT_APPLICABLE,NOT_APPLICABLE,NOT_APPLICABLE,38
79,2,31655,G2_TEC,PREVIOUS,[6, 19, 12, 5, 4, 16, 1, 7, 15, 11, 2, 10, 8, 3, 14, 17, 13, 9, 18, 0]|[2, 2, 1, 1, 2, 0, 0, 2, 0, 1, 1, 0, 2, 0, 0, 0, 0, 0, 0, 0]|[0, 0, 1, 1, 0, 3, 3, 0, 3, 1, 1, 3, 1, 3, 3, 3, 3, 3, 3, 3]|[1, 0, 1, 0, 1, 0, 2, 0, 0, 1, 1, 2, 1, 0, 0, 0, 2, 0, 2, 0],430.235142578738;9011.237217282853;13153.409046204228,1,true,[6, 19, 12, 5, 4, 16, 3, 11, 7, 8, 10, 9, 15, 17, 14, 1, 13, 2, 18, 0]|[2, 2, 1, 1, 2, 0, 0, 2, 0, 2, 0, 0, 1, 0, 0, 0, 0, 1, 0, 0]|[0, 0, 1, 1, 0, 3, 3, 0, 3, 0, 3, 3, 1, 3, 3, 3, 3, 1, 3, 3]|[1, 0, 1, 0, 1, 0, 2, 0, 0, 1, 2, 0, 1, 0, 2, 2, 0, 1, 2, 0],414.921425928876;8939.947003491277;12952.211241083116,8939.947003491277,31655,31655,0,11
79,2,31655,G2_TEC,HISTORICAL,[6, 19, 12, 5, 4, 16, 1, 7, 15, 11, 2, 10, 8, 3, 9, 13, 0, 14, 18, 17]|[2, 2, 1, 1, 2, 0, 0, 2, 0, 1, 1, 0, 2, 0, 0, 0, 0, 0, 0, 0]|[0, 0, 1, 1, 0, 3, 3, 0, 3, 1, 1, 3, 0, 3, 3, 3, 3, 3, 3, 3]|[1, 0, 1, 0, 1, 0, 2, 0, 0, 1, 1, 2, 1, 0, 0, 2, 0, 0, 2, 0],447.850240554012;8850.884098949731;13283.949643195205,0,false,[6, 19, 12, 5, 4, 16, 1, 7, 15, 11, 2, 10, 8, 3, 9, 13, 0, 14, 18, 17]|[2, 2, 1, 1, 2, 0, 0, 2, 0, 1, 1, 0, 2, 0, 0, 0, 0, 0, 0, 0]|[0, 0, 1, 1, 0, 3, 3, 0, 3, 1, 1, 3, 0, 3, 3, 3, 3, 3, 3, 3]|[1, 0, 1, 0, 1, 0, 2, 0, 0, 1, 1, 2, 1, 0, 0, 2, 0, 0, 2, 0],447.850240554012;8850.884098949731;13283.949643195205,8850.884098949731,NOT_APPLICABLE,NOT_APPLICABLE,NOT_APPLICABLE,50
79,2,31655,G3_TWC,PREVIOUS,[19, 5, 4, 16, 3, 9, 7, 6, 10, 17, 2, 11, 18, 0, 8, 14, 13, 15, 1, 12]|[1, 2, 1, 2, 1, 0, 1, 2, 2, 0, 2, 0, 2, 1, 0, 0, 2, 0, 1, 1]|[0, 1, 1, 0, 0, 3, 0, 0, 0, 3, 0, 3, 0, 0, 0, 3, 1, 1, 1, 1]|[1, 0, 0, 1, 1, 2, 1, 1, 0, 0, 1, 2, 1, 1, 0, 0, 0, 1, 0, 1],202.372761686423;10792.552248704778;17165.902854343900,0,false,[19, 5, 4, 16, 3, 9, 7, 6, 10, 17, 2, 11, 18, 0, 8, 14, 13, 15, 1, 12]|[1, 2, 1, 2, 1, 0, 1, 2, 2, 0, 2, 0, 2, 1, 0, 0, 2, 0, 1, 1]|[0, 1, 1, 0, 0, 3, 0, 0, 0, 3, 0, 3, 0, 0, 0, 3, 1, 1, 1, 1]|[1, 0, 0, 1, 1, 2, 1, 1, 0, 0, 1, 2, 1, 1, 0, 0, 0, 1, 0, 1],202.372761686423;10792.552248704778;17165.902854343900,17165.902854343900,NOT_APPLICABLE,NOT_APPLICABLE,NOT_APPLICABLE,24
79,2,31655,G3_TWC,HISTORICAL,[6, 19, 12, 5, 4, 16, 3, 11, 15, 7, 2, 9, 8, 0, 17, 13, 14, 10, 18, 1]|[2, 2, 0, 1, 0, 0, 2, 2, 1, 1, 1, 0, 2, 0, 0, 0, 0, 0, 0, 0]|[0, 0, 2, 1, 3, 3, 0, 0, 0, 1, 1, 3, 0, 3, 3, 0, 3, 3, 3, 3]|[1, 0, 1, 0, 2, 0, 1, 0, 1, 1, 1, 1, 1, 2, 1, 2, 0, 2, 1, 1],409.047230276459;9712.789948995710;12805.715992083906,0,false,[6, 19, 12, 5, 4, 16, 3, 11, 15, 7, 2, 9, 8, 0, 17, 13, 14, 10, 18, 1]|[2, 2, 0, 1, 0, 0, 2, 2, 1, 1, 1, 0, 2, 0, 0, 0, 0, 0, 0, 0]|[0, 0, 2, 1, 3, 3, 0, 0, 0, 1, 1, 3, 0, 3, 3, 0, 3, 3, 3, 3]|[1, 0, 1, 0, 2, 0, 1, 0, 1, 1, 1, 1, 1, 2, 1, 2, 0, 2, 1, 1],409.047230276459;9712.789948995710;12805.715992083906,12805.715992083906,NOT_APPLICABLE,NOT_APPLICABLE,NOT_APPLICABLE,31
79,2,31655,G4_BALANCED,PREVIOUS,[6, 19, 12, 5, 4, 16, 3, 11, 15, 7, 10, 8, 13, 1, 14, 2, 17, 9, 18, 0]|[2, 1, 1, 1, 2, 2, 1, 2, 0, 1, 0, 2, 0, 0, 0, 1, 0, 0, 1, 0]|[0, 1, 1, 1, 0, 0, 1, 0, 3, 1, 3, 0, 3, 3, 3, 1, 3, 3, 1, 3]|[1, 1, 1, 0, 1, 1, 1, 0, 0, 1, 2, 1, 0, 0, 2, 1, 0, 1, 1, 0],299.556470750369;8993.459324123809;16703.133309816280,0,false,[6, 19, 12, 5, 4, 16, 3, 11, 15, 7, 10, 8, 13, 1, 14, 2, 17, 9, 18, 0]|[2, 1, 1, 1, 2, 2, 1, 2, 0, 1, 0, 2, 0, 0, 0, 1, 0, 0, 1, 0]|[0, 1, 1, 1, 0, 0, 1, 0, 3, 1, 3, 0, 3, 3, 3, 1, 3, 3, 1, 3]|[1, 1, 1, 0, 1, 1, 1, 0, 0, 1, 2, 1, 0, 0, 2, 1, 0, 1, 1, 0],299.556470750369;8993.459324123809;16703.133309816280,0.507105195956,NOT_APPLICABLE,NOT_APPLICABLE,NOT_APPLICABLE,29
79,2,31655,G4_BALANCED,HISTORICAL,[6, 19, 12, 5, 4, 16, 3, 11, 15, 7, 10, 8, 13, 1, 14, 2, 17, 9, 18, 0]|[2, 1, 1, 1, 2, 2, 1, 2, 0, 1, 0, 2, 0, 0, 0, 1, 0, 0, 1, 0]|[0, 1, 1, 1, 0, 0, 1, 0, 3, 1, 3, 0, 3, 3, 3, 1, 3, 3, 1, 3]|[1, 1, 1, 0, 1, 1, 1, 0, 0, 1, 2, 1, 0, 0, 2, 1, 0, 1, 1, 0],299.556470750369;8993.459324123809;16703.133309816280,0,false,[6, 19, 12, 5, 4, 16, 3, 11, 15, 7, 10, 8, 13, 1, 14, 2, 17, 9, 18, 0]|[2, 1, 1, 1, 2, 2, 1, 2, 0, 1, 0, 2, 0, 0, 0, 1, 0, 0, 1, 0]|[0, 1, 1, 1, 0, 0, 1, 0, 3, 1, 3, 0, 3, 3, 3, 1, 3, 3, 1, 3]|[1, 1, 1, 0, 1, 1, 1, 0, 0, 1, 2, 1, 0, 0, 2, 1, 0, 1, 1, 0],299.556470750369;8993.459324123809;16703.133309816280,0.507105195956,NOT_APPLICABLE,NOT_APPLICABLE,NOT_APPLICABLE,26
80,2,31755,G1_CMAX,PREVIOUS,[19, 5, 4, 16, 3, 9, 10, 17, 2, 6, 13, 1, 0, 12, 7, 8, 15, 14, 18, 11]|[1, 2, 1, 0, 1, 0, 2, 0, 2, 2, 2, 1, 1, 1, 1, 0, 1, 0, 0, 2]|[0, 1, 1, 3, 0, 3, 0, 0, 0, 0, 0, 1, 0, 1, 1, 0, 0, 3, 0, 1]|[1, 1, 0, 2, 1, 1, 0, 0, 1, 1, 1, 0, 1, 1, 1, 0, 0, 0, 1, 0],205.178521975543;10962.783729077695;15862.374381374957,0,false,[19, 5, 4, 16, 3, 9, 10, 17, 2, 6, 13, 1, 0, 12, 7, 8, 15, 14, 18, 11]|[1, 2, 1, 0, 1, 0, 2, 0, 2, 2, 2, 1, 1, 1, 1, 0, 1, 0, 0, 2]|[0, 1, 1, 3, 0, 3, 0, 0, 0, 0, 0, 1, 0, 1, 1, 0, 0, 3, 0, 1]|[1, 1, 0, 2, 1, 1, 0, 0, 1, 1, 1, 0, 1, 1, 1, 0, 0, 0, 1, 0],205.178521975543;10962.783729077695;15862.374381374957,205.178521975543,NOT_APPLICABLE,NOT_APPLICABLE,NOT_APPLICABLE,23
80,2,31755,G1_CMAX,HISTORICAL,[19, 5, 4, 16, 3, 9, 10, 17, 2, 6, 13, 1, 0, 12, 7, 8, 15, 14, 18, 11]|[1, 2, 1, 0, 1, 0, 2, 0, 2, 2, 2, 1, 1, 1, 1, 0, 1, 0, 0, 2]|[0, 1, 1, 3, 0, 3, 0, 0, 0, 0, 0, 1, 0, 1, 1, 0, 0, 3, 0, 1]|[1, 1, 0, 2, 1, 1, 0, 0, 1, 1, 1, 0, 1, 1, 1, 0, 0, 0, 1, 0],205.178521975543;10962.783729077695;15862.374381374957,0,false,[19, 5, 4, 16, 3, 9, 10, 17, 2, 6, 13, 1, 0, 12, 7, 8, 15, 14, 18, 11]|[1, 2, 1, 0, 1, 0, 2, 0, 2, 2, 2, 1, 1, 1, 1, 0, 1, 0, 0, 2]|[0, 1, 1, 3, 0, 3, 0, 0, 0, 0, 0, 1, 0, 1, 1, 0, 0, 3, 0, 1]|[1, 1, 0, 2, 1, 1, 0, 0, 1, 1, 1, 0, 1, 1, 1, 0, 0, 0, 1, 0],205.178521975543;10962.783729077695;15862.374381374957,205.178521975543,NOT_APPLICABLE,NOT_APPLICABLE,NOT_APPLICABLE,39
80,2,31755,G2_TEC,PREVIOUS,[6, 19, 12, 5, 4, 16, 1, 7, 15, 11, 2, 10, 8, 3, 9, 13, 0, 14, 18, 17]|[2, 2, 1, 1, 2, 0, 0, 2, 0, 1, 1, 0, 2, 0, 0, 0, 0, 0, 0, 0]|[0, 0, 1, 1, 0, 3, 3, 0, 3, 1, 1, 3, 0, 3, 3, 3, 3, 3, 3, 3]|[1, 0, 1, 0, 1, 0, 2, 0, 0, 1, 1, 2, 1, 0, 0, 2, 0, 0, 2, 0],447.850240554012;8850.884098949731;13283.949643195205,0,false,[6, 19, 12, 5, 4, 16, 1, 7, 15, 11, 2, 10, 8, 3, 9, 13, 0, 14, 18, 17]|[2, 2, 1, 1, 2, 0, 0, 2, 0, 1, 1, 0, 2, 0, 0, 0, 0, 0, 0, 0]|[0, 0, 1, 1, 0, 3, 3, 0, 3, 1, 1, 3, 0, 3, 3, 3, 3, 3, 3, 3]|[1, 0, 1, 0, 1, 0, 2, 0, 0, 1, 1, 2, 1, 0, 0, 2, 0, 0, 2, 0],447.850240554012;8850.884098949731;13283.949643195205,8850.884098949731,NOT_APPLICABLE,NOT_APPLICABLE,NOT_APPLICABLE,11
80,2,31755,G2_TEC,HISTORICAL,[6, 19, 12, 5, 4, 16, 1, 7, 15, 11, 2, 10, 8, 3, 9, 13, 0, 14, 18, 17]|[2, 2, 1, 1, 2, 0, 0, 2, 0, 1, 1, 0, 2, 0, 0, 0, 0, 0, 0, 0]|[0, 0, 1, 1, 0, 3, 3, 0, 3, 1, 1, 3, 0, 3, 3, 3, 3, 3, 3, 3]|[1, 0, 1, 0, 1, 0, 2, 0, 0, 1, 1, 2, 1, 0, 0, 2, 0, 0, 2, 0],447.850240554012;8850.884098949731;13283.949643195205,0,false,[6, 19, 12, 5, 4, 16, 1, 7, 15, 11, 2, 10, 8, 3, 9, 13, 0, 14, 18, 17]|[2, 2, 1, 1, 2, 0, 0, 2, 0, 1, 1, 0, 2, 0, 0, 0, 0, 0, 0, 0]|[0, 0, 1, 1, 0, 3, 3, 0, 3, 1, 1, 3, 0, 3, 3, 3, 3, 3, 3, 3]|[1, 0, 1, 0, 1, 0, 2, 0, 0, 1, 1, 2, 1, 0, 0, 2, 0, 0, 2, 0],447.850240554012;8850.884098949731;13283.949643195205,8850.884098949731,NOT_APPLICABLE,NOT_APPLICABLE,NOT_APPLICABLE,51
80,2,31755,G3_TWC,PREVIOUS,[6, 19, 12, 5, 4, 16, 3, 11, 15, 7, 2, 9, 8, 0, 17, 13, 14, 10, 18, 1]|[2, 2, 0, 1, 0, 0, 2, 2, 1, 1, 1, 0, 2, 0, 0, 0, 0, 0, 0, 0]|[0, 0, 2, 1, 3, 3, 0, 0, 0, 1, 1, 3, 0, 3, 3, 0, 3, 3, 3, 3]|[1, 0, 1, 0, 2, 0, 1, 0, 1, 1, 1, 1, 1, 2, 1, 2, 0, 2, 1, 1],409.047230276459;9712.789948995710;12805.715992083906,0,false,[6, 19, 12, 5, 4, 16, 3, 11, 15, 7, 2, 9, 8, 0, 17, 13, 14, 10, 18, 1]|[2, 2, 0, 1, 0, 0, 2, 2, 1, 1, 1, 0, 2, 0, 0, 0, 0, 0, 0, 0]|[0, 0, 2, 1, 3, 3, 0, 0, 0, 1, 1, 3, 0, 3, 3, 0, 3, 3, 3, 3]|[1, 0, 1, 0, 2, 0, 1, 0, 1, 1, 1, 1, 1, 2, 1, 2, 0, 2, 1, 1],409.047230276459;9712.789948995710;12805.715992083906,12805.715992083906,NOT_APPLICABLE,NOT_APPLICABLE,NOT_APPLICABLE,24
80,2,31755,G3_TWC,HISTORICAL,[6, 19, 12, 5, 4, 16, 3, 11, 15, 7, 2, 9, 8, 0, 17, 13, 14, 10, 18, 1]|[2, 2, 0, 1, 0, 0, 2, 2, 1, 1, 1, 0, 2, 0, 0, 0, 0, 0, 0, 0]|[0, 0, 2, 1, 3, 3, 0, 0, 0, 1, 1, 3, 0, 3, 3, 0, 3, 3, 3, 3]|[1, 0, 1, 0, 2, 0, 1, 0, 1, 1, 1, 1, 1, 2, 1, 2, 0, 2, 1, 1],409.047230276459;9712.789948995710;12805.715992083906,0,false,[6, 19, 12, 5, 4, 16, 3, 11, 15, 7, 2, 9, 8, 0, 17, 13, 14, 10, 18, 1]|[2, 2, 0, 1, 0, 0, 2, 2, 1, 1, 1, 0, 2, 0, 0, 0, 0, 0, 0, 0]|[0, 0, 2, 1, 3, 3, 0, 0, 0, 1, 1, 3, 0, 3, 3, 0, 3, 3, 3, 3]|[1, 0, 1, 0, 2, 0, 1, 0, 1, 1, 1, 1, 1, 2, 1, 2, 0, 2, 1, 1],409.047230276459;9712.789948995710;12805.715992083906,12805.715992083906,NOT_APPLICABLE,NOT_APPLICABLE,NOT_APPLICABLE,32
80,2,31755,G4_BALANCED,PREVIOUS,[6, 19, 12, 5, 4, 16, 3, 11, 15, 7, 10, 8, 13, 1, 14, 2, 17, 9, 18, 0]|[2, 1, 1, 1, 2, 2, 1, 2, 0, 1, 0, 2, 0, 0, 0, 1, 0, 0, 1, 0]|[0, 1, 1, 1, 0, 0, 1, 0, 3, 1, 3, 0, 3, 3, 3, 1, 3, 3, 1, 3]|[1, 1, 1, 0, 1, 1, 1, 0, 0, 1, 2, 1, 0, 0, 2, 1, 0, 1, 1, 0],299.556470750369;8993.459324123809;16703.133309816280,0,false,[6, 19, 12, 5, 4, 16, 3, 11, 15, 7, 10, 8, 13, 1, 14, 2, 17, 9, 18, 0]|[2, 1, 1, 1, 2, 2, 1, 2, 0, 1, 0, 2, 0, 0, 0, 1, 0, 0, 1, 0]|[0, 1, 1, 1, 0, 0, 1, 0, 3, 1, 3, 0, 3, 3, 3, 1, 3, 3, 1, 3]|[1, 1, 1, 0, 1, 1, 1, 0, 0, 1, 2, 1, 0, 0, 2, 1, 0, 1, 1, 0],299.556470750369;8993.459324123809;16703.133309816280,0.507105195956,NOT_APPLICABLE,NOT_APPLICABLE,NOT_APPLICABLE,29
80,2,31755,G4_BALANCED,HISTORICAL,[6, 19, 12, 5, 4, 16, 3, 11, 15, 7, 10, 8, 13, 1, 14, 2, 17, 9, 18, 0]|[2, 1, 1, 1, 2, 2, 1, 2, 0, 1, 0, 2, 0, 0, 0, 1, 0, 0, 1, 0]|[0, 1, 1, 1, 0, 0, 1, 0, 3, 1, 3, 0, 3, 3, 3, 1, 3, 3, 1, 3]|[1, 1, 1, 0, 1, 1, 1, 0, 0, 1, 2, 1, 0, 0, 2, 1, 0, 1, 1, 0],299.556470750369;8993.459324123809;16703.133309816280,0,false,[6, 19, 12, 5, 4, 16, 3, 11, 15, 7, 10, 8, 13, 1, 14, 2, 17, 9, 18, 0]|[2, 1, 1, 1, 2, 2, 1, 2, 0, 1, 0, 2, 0, 0, 0, 1, 0, 0, 1, 0]|[0, 1, 1, 1, 0, 0, 1, 0, 3, 1, 3, 0, 3, 3, 3, 1, 3, 3, 1, 3]|[1, 1, 1, 0, 1, 1, 1, 0, 0, 1, 2, 1, 0, 0, 2, 1, 0, 1, 1, 0],299.556470750369;8993.459324123809;16703.133309816280,0.507105195956,NOT_APPLICABLE,NOT_APPLICABLE,NOT_APPLICABLE,27
81,2,31855,G1_CMAX,PREVIOUS,[19, 5, 4, 16, 3, 9, 10, 17, 2, 6, 13, 1, 0, 12, 7, 8, 15, 14, 18, 11]|[1, 2, 1, 0, 1, 0, 2, 0, 2, 2, 2, 1, 1, 1, 1, 0, 1, 0, 0, 2]|[0, 1, 1, 3, 0, 3, 0, 0, 0, 0, 0, 1, 0, 1, 1, 0, 0, 3, 0, 1]|[1, 1, 0, 2, 1, 1, 0, 0, 1, 1, 1, 0, 1, 1, 1, 0, 0, 0, 1, 0],205.178521975543;10962.783729077695;15862.374381374957,0,false,[19, 5, 4, 16, 3, 9, 10, 17, 2, 6, 13, 1, 0, 12, 7, 8, 15, 14, 18, 11]|[1, 2, 1, 0, 1, 0, 2, 0, 2, 2, 2, 1, 1, 1, 1, 0, 1, 0, 0, 2]|[0, 1, 1, 3, 0, 3, 0, 0, 0, 0, 0, 1, 0, 1, 1, 0, 0, 3, 0, 1]|[1, 1, 0, 2, 1, 1, 0, 0, 1, 1, 1, 0, 1, 1, 1, 0, 0, 0, 1, 0],205.178521975543;10962.783729077695;15862.374381374957,205.178521975543,NOT_APPLICABLE,NOT_APPLICABLE,NOT_APPLICABLE,24
81,2,31855,G1_CMAX,HISTORICAL,[19, 5, 4, 16, 3, 9, 10, 17, 2, 6, 13, 1, 0, 12, 7, 8, 15, 14, 18, 11]|[1, 2, 1, 0, 1, 0, 2, 0, 2, 2, 2, 1, 1, 1, 1, 0, 1, 0, 0, 2]|[0, 1, 1, 3, 0, 3, 0, 0, 0, 0, 0, 1, 0, 1, 1, 0, 0, 3, 0, 1]|[1, 1, 0, 2, 1, 1, 0, 0, 1, 1, 1, 0, 1, 1, 1, 0, 0, 0, 1, 0],205.178521975543;10962.783729077695;15862.374381374957,0,false,[19, 5, 4, 16, 3, 9, 10, 17, 2, 6, 13, 1, 0, 12, 7, 8, 15, 14, 18, 11]|[1, 2, 1, 0, 1, 0, 2, 0, 2, 2, 2, 1, 1, 1, 1, 0, 1, 0, 0, 2]|[0, 1, 1, 3, 0, 3, 0, 0, 0, 0, 0, 1, 0, 1, 1, 0, 0, 3, 0, 1]|[1, 1, 0, 2, 1, 1, 0, 0, 1, 1, 1, 0, 1, 1, 1, 0, 0, 0, 1, 0],205.178521975543;10962.783729077695;15862.374381374957,205.178521975543,NOT_APPLICABLE,NOT_APPLICABLE,NOT_APPLICABLE,39
81,2,31855,G2_TEC,PREVIOUS,[6, 19, 12, 5, 4, 16, 1, 7, 15, 11, 2, 10, 8, 3, 9, 13, 0, 14, 18, 17]|[2, 2, 1, 1, 2, 0, 0, 2, 0, 1, 1, 0, 2, 0, 0, 0, 0, 0, 0, 0]|[0, 0, 1, 1, 0, 3, 3, 0, 3, 1, 1, 3, 0, 3, 3, 3, 3, 3, 3, 3]|[1, 0, 1, 0, 1, 0, 2, 0, 0, 1, 1, 2, 1, 0, 0, 2, 0, 0, 2, 0],447.850240554012;8850.884098949731;13283.949643195205,0,false,[6, 19, 12, 5, 4, 16, 1, 7, 15, 11, 2, 10, 8, 3, 9, 13, 0, 14, 18, 17]|[2, 2, 1, 1, 2, 0, 0, 2, 0, 1, 1, 0, 2, 0, 0, 0, 0, 0, 0, 0]|[0, 0, 1, 1, 0, 3, 3, 0, 3, 1, 1, 3, 0, 3, 3, 3, 3, 3, 3, 3]|[1, 0, 1, 0, 1, 0, 2, 0, 0, 1, 1, 2, 1, 0, 0, 2, 0, 0, 2, 0],447.850240554012;8850.884098949731;13283.949643195205,8850.884098949731,NOT_APPLICABLE,NOT_APPLICABLE,NOT_APPLICABLE,11
81,2,31855,G2_TEC,HISTORICAL,[6, 19, 12, 5, 4, 16, 1, 7, 15, 11, 2, 10, 8, 3, 9, 13, 0, 14, 18, 17]|[2, 2, 1, 1, 2, 0, 0, 2, 0, 1, 1, 0, 2, 0, 0, 0, 0, 0, 0, 0]|[0, 0, 1, 1, 0, 3, 3, 0, 3, 1, 1, 3, 0, 3, 3, 3, 3, 3, 3, 3]|[1, 0, 1, 0, 1, 0, 2, 0, 0, 1, 1, 2, 1, 0, 0, 2, 0, 0, 2, 0],447.850240554012;8850.884098949731;13283.949643195205,0,false,[6, 19, 12, 5, 4, 16, 1, 7, 15, 11, 2, 10, 8, 3, 9, 13, 0, 14, 18, 17]|[2, 2, 1, 1, 2, 0, 0, 2, 0, 1, 1, 0, 2, 0, 0, 0, 0, 0, 0, 0]|[0, 0, 1, 1, 0, 3, 3, 0, 3, 1, 1, 3, 0, 3, 3, 3, 3, 3, 3, 3]|[1, 0, 1, 0, 1, 0, 2, 0, 0, 1, 1, 2, 1, 0, 0, 2, 0, 0, 2, 0],447.850240554012;8850.884098949731;13283.949643195205,8850.884098949731,NOT_APPLICABLE,NOT_APPLICABLE,NOT_APPLICABLE,52
81,2,31855,G3_TWC,PREVIOUS,[6, 19, 12, 5, 4, 16, 3, 11, 15, 7, 2, 9, 8, 0, 17, 13, 14, 10, 18, 1]|[2, 2, 0, 1, 0, 0, 2, 2, 1, 1, 1, 0, 2, 0, 0, 0, 0, 0, 0, 0]|[0, 0, 2, 1, 3, 3, 0, 0, 0, 1, 1, 3, 0, 3, 3, 0, 3, 3, 3, 3]|[1, 0, 1, 0, 2, 0, 1, 0, 1, 1, 1, 1, 1, 2, 1, 2, 0, 2, 1, 1],409.047230276459;9712.789948995710;12805.715992083906,0,false,[6, 19, 12, 5, 4, 16, 3, 11, 15, 7, 2, 9, 8, 0, 17, 13, 14, 10, 18, 1]|[2, 2, 0, 1, 0, 0, 2, 2, 1, 1, 1, 0, 2, 0, 0, 0, 0, 0, 0, 0]|[0, 0, 2, 1, 3, 3, 0, 0, 0, 1, 1, 3, 0, 3, 3, 0, 3, 3, 3, 3]|[1, 0, 1, 0, 2, 0, 1, 0, 1, 1, 1, 1, 1, 2, 1, 2, 0, 2, 1, 1],409.047230276459;9712.789948995710;12805.715992083906,12805.715992083906,NOT_APPLICABLE,NOT_APPLICABLE,NOT_APPLICABLE,25
81,2,31855,G3_TWC,HISTORICAL,[6, 19, 12, 5, 4, 16, 3, 11, 15, 7, 2, 9, 8, 0, 17, 13, 14, 10, 18, 1]|[2, 2, 0, 1, 0, 0, 2, 2, 1, 1, 1, 0, 2, 0, 0, 0, 0, 0, 0, 0]|[0, 0, 2, 1, 3, 3, 0, 0, 0, 1, 1, 3, 0, 3, 3, 0, 3, 3, 3, 3]|[1, 0, 1, 0, 2, 0, 1, 0, 1, 1, 1, 1, 1, 2, 1, 2, 0, 2, 1, 1],409.047230276459;9712.789948995710;12805.715992083906,0,false,[6, 19, 12, 5, 4, 16, 3, 11, 15, 7, 2, 9, 8, 0, 17, 13, 14, 10, 18, 1]|[2, 2, 0, 1, 0, 0, 2, 2, 1, 1, 1, 0, 2, 0, 0, 0, 0, 0, 0, 0]|[0, 0, 2, 1, 3, 3, 0, 0, 0, 1, 1, 3, 0, 3, 3, 0, 3, 3, 3, 3]|[1, 0, 1, 0, 2, 0, 1, 0, 1, 1, 1, 1, 1, 2, 1, 2, 0, 2, 1, 1],409.047230276459;9712.789948995710;12805.715992083906,12805.715992083906,NOT_APPLICABLE,NOT_APPLICABLE,NOT_APPLICABLE,32
81,2,31855,G4_BALANCED,PREVIOUS,[6, 19, 12, 5, 4, 16, 3, 11, 15, 7, 10, 8, 13, 1, 14, 2, 17, 9, 18, 0]|[2, 1, 1, 1, 2, 2, 1, 2, 0, 1, 0, 2, 0, 0, 0, 1, 0, 0, 1, 0]|[0, 1, 1, 1, 0, 0, 1, 0, 3, 1, 3, 0, 3, 3, 3, 1, 3, 3, 1, 3]|[1, 1, 1, 0, 1, 1, 1, 0, 0, 1, 2, 1, 0, 0, 2, 1, 0, 1, 1, 0],299.556470750369;8993.459324123809;16703.133309816280,0,false,[6, 19, 12, 5, 4, 16, 3, 11, 15, 7, 10, 8, 13, 1, 14, 2, 17, 9, 18, 0]|[2, 1, 1, 1, 2, 2, 1, 2, 0, 1, 0, 2, 0, 0, 0, 1, 0, 0, 1, 0]|[0, 1, 1, 1, 0, 0, 1, 0, 3, 1, 3, 0, 3, 3, 3, 1, 3, 3, 1, 3]|[1, 1, 1, 0, 1, 1, 1, 0, 0, 1, 2, 1, 0, 0, 2, 1, 0, 1, 1, 0],299.556470750369;8993.459324123809;16703.133309816280,0.507105195956,NOT_APPLICABLE,NOT_APPLICABLE,NOT_APPLICABLE,29
81,2,31855,G4_BALANCED,HISTORICAL,[6, 19, 12, 5, 4, 16, 3, 11, 15, 7, 10, 8, 13, 1, 14, 2, 17, 9, 18, 0]|[2, 1, 1, 1, 2, 2, 1, 2, 0, 1, 0, 2, 0, 0, 0, 1, 0, 0, 1, 0]|[0, 1, 1, 1, 0, 0, 1, 0, 3, 1, 3, 0, 3, 3, 3, 1, 3, 3, 1, 3]|[1, 1, 1, 0, 1, 1, 1, 0, 0, 1, 2, 1, 0, 0, 2, 1, 0, 1, 1, 0],299.556470750369;8993.459324123809;16703.133309816280,0,false,[6, 19, 12, 5, 4, 16, 3, 11, 15, 7, 10, 8, 13, 1, 14, 2, 17, 9, 18, 0]|[2, 1, 1, 1, 2, 2, 1, 2, 0, 1, 0, 2, 0, 0, 0, 1, 0, 0, 1, 0]|[0, 1, 1, 1, 0, 0, 1, 0, 3, 1, 3, 0, 3, 3, 3, 1, 3, 3, 1, 3]|[1, 1, 1, 0, 1, 1, 1, 0, 0, 1, 2, 1, 0, 0, 2, 1, 0, 1, 1, 0],299.556470750369;8993.459324123809;16703.133309816280,0.507105195956,NOT_APPLICABLE,NOT_APPLICABLE,NOT_APPLICABLE,28
82,2,31955,G1_CMAX,PREVIOUS,[19, 5, 4, 16, 3, 9, 10, 17, 2, 6, 13, 1, 0, 12, 7, 8, 15, 14, 18, 11]|[1, 2, 1, 0, 1, 0, 2, 0, 2, 2, 2, 1, 1, 1, 1, 0, 1, 0, 0, 2]|[0, 1, 1, 3, 0, 3, 0, 0, 0, 0, 0, 1, 0, 1, 1, 0, 0, 3, 0, 1]|[1, 1, 0, 2, 1, 1, 0, 0, 1, 1, 1, 0, 1, 1, 1, 0, 0, 0, 1, 0],205.178521975543;10962.783729077695;15862.374381374957,0,false,[19, 5, 4, 16, 3, 9, 10, 17, 2, 6, 13, 1, 0, 12, 7, 8, 15, 14, 18, 11]|[1, 2, 1, 0, 1, 0, 2, 0, 2, 2, 2, 1, 1, 1, 1, 0, 1, 0, 0, 2]|[0, 1, 1, 3, 0, 3, 0, 0, 0, 0, 0, 1, 0, 1, 1, 0, 0, 3, 0, 1]|[1, 1, 0, 2, 1, 1, 0, 0, 1, 1, 1, 0, 1, 1, 1, 0, 0, 0, 1, 0],205.178521975543;10962.783729077695;15862.374381374957,205.178521975543,NOT_APPLICABLE,NOT_APPLICABLE,NOT_APPLICABLE,25
82,2,31955,G1_CMAX,HISTORICAL,[19, 5, 4, 16, 3, 9, 10, 17, 2, 6, 13, 1, 0, 12, 7, 8, 15, 14, 18, 11]|[1, 2, 1, 0, 1, 0, 2, 0, 2, 2, 2, 1, 1, 1, 1, 0, 1, 0, 0, 2]|[0, 1, 1, 3, 0, 3, 0, 0, 0, 0, 0, 1, 0, 1, 1, 0, 0, 3, 0, 1]|[1, 1, 0, 2, 1, 1, 0, 0, 1, 1, 1, 0, 1, 1, 1, 0, 0, 0, 1, 0],205.178521975543;10962.783729077695;15862.374381374957,0,false,[19, 5, 4, 16, 3, 9, 10, 17, 2, 6, 13, 1, 0, 12, 7, 8, 15, 14, 18, 11]|[1, 2, 1, 0, 1, 0, 2, 0, 2, 2, 2, 1, 1, 1, 1, 0, 1, 0, 0, 2]|[0, 1, 1, 3, 0, 3, 0, 0, 0, 0, 0, 1, 0, 1, 1, 0, 0, 3, 0, 1]|[1, 1, 0, 2, 1, 1, 0, 0, 1, 1, 1, 0, 1, 1, 1, 0, 0, 0, 1, 0],205.178521975543;10962.783729077695;15862.374381374957,205.178521975543,NOT_APPLICABLE,NOT_APPLICABLE,NOT_APPLICABLE,39
82,2,31955,G2_TEC,PREVIOUS,[6, 19, 12, 5, 4, 16, 1, 7, 15, 11, 2, 10, 8, 3, 9, 13, 0, 14, 18, 17]|[2, 2, 1, 1, 2, 0, 0, 2, 0, 1, 1, 0, 2, 0, 0, 0, 0, 0, 0, 0]|[0, 0, 1, 1, 0, 3, 3, 0, 3, 1, 1, 3, 0, 3, 3, 3, 3, 3, 3, 3]|[1, 0, 1, 0, 1, 0, 2, 0, 0, 1, 1, 2, 1, 0, 0, 2, 0, 0, 2, 0],447.850240554012;8850.884098949731;13283.949643195205,0,false,[6, 19, 12, 5, 4, 16, 1, 7, 15, 11, 2, 10, 8, 3, 9, 13, 0, 14, 18, 17]|[2, 2, 1, 1, 2, 0, 0, 2, 0, 1, 1, 0, 2, 0, 0, 0, 0, 0, 0, 0]|[0, 0, 1, 1, 0, 3, 3, 0, 3, 1, 1, 3, 0, 3, 3, 3, 3, 3, 3, 3]|[1, 0, 1, 0, 1, 0, 2, 0, 0, 1, 1, 2, 1, 0, 0, 2, 0, 0, 2, 0],447.850240554012;8850.884098949731;13283.949643195205,8850.884098949731,NOT_APPLICABLE,NOT_APPLICABLE,NOT_APPLICABLE,11
82,2,31955,G2_TEC,HISTORICAL,[6, 19, 12, 5, 4, 16, 1, 7, 15, 11, 2, 10, 8, 3, 9, 13, 0, 14, 18, 17]|[2, 2, 1, 1, 2, 0, 0, 2, 0, 1, 1, 0, 2, 0, 0, 0, 0, 0, 0, 0]|[0, 0, 1, 1, 0, 3, 3, 0, 3, 1, 1, 3, 0, 3, 3, 3, 3, 3, 3, 3]|[1, 0, 1, 0, 1, 0, 2, 0, 0, 1, 1, 2, 1, 0, 0, 2, 0, 0, 2, 0],447.850240554012;8850.884098949731;13283.949643195205,0,false,[6, 19, 12, 5, 4, 16, 1, 7, 15, 11, 2, 10, 8, 3, 9, 13, 0, 14, 18, 17]|[2, 2, 1, 1, 2, 0, 0, 2, 0, 1, 1, 0, 2, 0, 0, 0, 0, 0, 0, 0]|[0, 0, 1, 1, 0, 3, 3, 0, 3, 1, 1, 3, 0, 3, 3, 3, 3, 3, 3, 3]|[1, 0, 1, 0, 1, 0, 2, 0, 0, 1, 1, 2, 1, 0, 0, 2, 0, 0, 2, 0],447.850240554012;8850.884098949731;13283.949643195205,8850.884098949731,NOT_APPLICABLE,NOT_APPLICABLE,NOT_APPLICABLE,53
82,2,31955,G3_TWC,PREVIOUS,[6, 19, 12, 5, 4, 16, 3, 11, 15, 7, 2, 9, 8, 0, 17, 13, 14, 10, 18, 1]|[2, 2, 0, 1, 0, 0, 2, 2, 1, 1, 1, 0, 2, 0, 0, 0, 0, 0, 0, 0]|[0, 0, 2, 1, 3, 3, 0, 0, 0, 1, 1, 3, 0, 3, 3, 0, 3, 3, 3, 3]|[1, 0, 1, 0, 2, 0, 1, 0, 1, 1, 1, 1, 1, 2, 1, 2, 0, 2, 1, 1],409.047230276459;9712.789948995710;12805.715992083906,0,false,[6, 19, 12, 5, 4, 16, 3, 11, 15, 7, 2, 9, 8, 0, 17, 13, 14, 10, 18, 1]|[2, 2, 0, 1, 0, 0, 2, 2, 1, 1, 1, 0, 2, 0, 0, 0, 0, 0, 0, 0]|[0, 0, 2, 1, 3, 3, 0, 0, 0, 1, 1, 3, 0, 3, 3, 0, 3, 3, 3, 3]|[1, 0, 1, 0, 2, 0, 1, 0, 1, 1, 1, 1, 1, 2, 1, 2, 0, 2, 1, 1],409.047230276459;9712.789948995710;12805.715992083906,12805.715992083906,NOT_APPLICABLE,NOT_APPLICABLE,NOT_APPLICABLE,25
82,2,31955,G3_TWC,HISTORICAL,[6, 19, 12, 5, 4, 16, 3, 11, 15, 7, 2, 9, 8, 0, 17, 13, 14, 10, 18, 1]|[2, 2, 0, 1, 0, 0, 2, 2, 1, 1, 1, 0, 2, 0, 0, 0, 0, 0, 0, 0]|[0, 0, 2, 1, 3, 3, 0, 0, 0, 1, 1, 3, 0, 3, 3, 0, 3, 3, 3, 3]|[1, 0, 1, 0, 2, 0, 1, 0, 1, 1, 1, 1, 1, 2, 1, 2, 0, 2, 1, 1],409.047230276459;9712.789948995710;12805.715992083906,0,false,[6, 19, 12, 5, 4, 16, 3, 11, 15, 7, 2, 9, 8, 0, 17, 13, 14, 10, 18, 1]|[2, 2, 0, 1, 0, 0, 2, 2, 1, 1, 1, 0, 2, 0, 0, 0, 0, 0, 0, 0]|[0, 0, 2, 1, 3, 3, 0, 0, 0, 1, 1, 3, 0, 3, 3, 0, 3, 3, 3, 3]|[1, 0, 1, 0, 2, 0, 1, 0, 1, 1, 1, 1, 1, 2, 1, 2, 0, 2, 1, 1],409.047230276459;9712.789948995710;12805.715992083906,12805.715992083906,NOT_APPLICABLE,NOT_APPLICABLE,NOT_APPLICABLE,33
82,2,31955,G4_BALANCED,PREVIOUS,[6, 19, 12, 5, 4, 16, 3, 11, 15, 7, 10, 8, 13, 1, 14, 2, 17, 9, 18, 0]|[2, 1, 1, 1, 2, 2, 1, 2, 0, 1, 0, 2, 0, 0, 0, 1, 0, 0, 1, 0]|[0, 1, 1, 1, 0, 0, 1, 0, 3, 1, 3, 0, 3, 3, 3, 1, 3, 3, 1, 3]|[1, 1, 1, 0, 1, 1, 1, 0, 0, 1, 2, 1, 0, 0, 2, 1, 0, 1, 1, 0],299.556470750369;8993.459324123809;16703.133309816280,0,false,[6, 19, 12, 5, 4, 16, 3, 11, 15, 7, 10, 8, 13, 1, 14, 2, 17, 9, 18, 0]|[2, 1, 1, 1, 2, 2, 1, 2, 0, 1, 0, 2, 0, 0, 0, 1, 0, 0, 1, 0]|[0, 1, 1, 1, 0, 0, 1, 0, 3, 1, 3, 0, 3, 3, 3, 1, 3, 3, 1, 3]|[1, 1, 1, 0, 1, 1, 1, 0, 0, 1, 2, 1, 0, 0, 2, 1, 0, 1, 1, 0],299.556470750369;8993.459324123809;16703.133309816280,0.507105195956,NOT_APPLICABLE,NOT_APPLICABLE,NOT_APPLICABLE,30
82,2,31955,G4_BALANCED,HISTORICAL,[6, 19, 12, 5, 4, 16, 3, 11, 15, 7, 10, 8, 13, 1, 14, 2, 17, 9, 18, 0]|[2, 1, 1, 1, 2, 2, 1, 2, 0, 1, 0, 2, 0, 0, 0, 1, 0, 0, 1, 0]|[0, 1, 1, 1, 0, 0, 1, 0, 3, 1, 3, 0, 3, 3, 3, 1, 3, 3, 1, 3]|[1, 1, 1, 0, 1, 1, 1, 0, 0, 1, 2, 1, 0, 0, 2, 1, 0, 1, 1, 0],299.556470750369;8993.459324123809;16703.133309816280,0,false,[6, 19, 12, 5, 4, 16, 3, 11, 15, 7, 10, 8, 13, 1, 14, 2, 17, 9, 18, 0]|[2, 1, 1, 1, 2, 2, 1, 2, 0, 1, 0, 2, 0, 0, 0, 1, 0, 0, 1, 0]|[0, 1, 1, 1, 0, 0, 1, 0, 3, 1, 3, 0, 3, 3, 3, 1, 3, 3, 1, 3]|[1, 1, 1, 0, 1, 1, 1, 0, 0, 1, 2, 1, 0, 0, 2, 1, 0, 1, 1, 0],299.556470750369;8993.459324123809;16703.133309816280,0.507105195956,NOT_APPLICABLE,NOT_APPLICABLE,NOT_APPLICABLE,28
83,2,32055,G1_CMAX,PREVIOUS,[19, 5, 4, 16, 3, 9, 10, 17, 2, 6, 13, 1, 0, 12, 7, 8, 15, 14, 18, 11]|[1, 2, 1, 0, 1, 0, 2, 0, 2, 2, 2, 1, 1, 1, 1, 0, 1, 0, 0, 2]|[0, 1, 1, 3, 0, 3, 0, 0, 0, 0, 0, 1, 0, 1, 1, 0, 0, 3, 0, 1]|[1, 1, 0, 2, 1, 1, 0, 0, 1, 1, 1, 0, 1, 1, 1, 0, 0, 0, 1, 0],205.178521975543;10962.783729077695;15862.374381374957,0,false,[19, 5, 4, 16, 3, 9, 10, 17, 2, 6, 13, 1, 0, 12, 7, 8, 15, 14, 18, 11]|[1, 2, 1, 0, 1, 0, 2, 0, 2, 2, 2, 1, 1, 1, 1, 0, 1, 0, 0, 2]|[0, 1, 1, 3, 0, 3, 0, 0, 0, 0, 0, 1, 0, 1, 1, 0, 0, 3, 0, 1]|[1, 1, 0, 2, 1, 1, 0, 0, 1, 1, 1, 0, 1, 1, 1, 0, 0, 0, 1, 0],205.178521975543;10962.783729077695;15862.374381374957,205.178521975543,NOT_APPLICABLE,NOT_APPLICABLE,NOT_APPLICABLE,26
83,2,32055,G1_CMAX,HISTORICAL,[19, 5, 4, 16, 3, 9, 10, 17, 2, 6, 13, 1, 0, 12, 7, 8, 15, 14, 18, 11]|[1, 2, 1, 0, 1, 0, 2, 0, 2, 2, 2, 1, 1, 1, 1, 0, 1, 0, 0, 2]|[0, 1, 1, 3, 0, 3, 0, 0, 0, 0, 0, 1, 0, 1, 1, 0, 0, 3, 0, 1]|[1, 1, 0, 2, 1, 1, 0, 0, 1, 1, 1, 0, 1, 1, 1, 0, 0, 0, 1, 0],205.178521975543;10962.783729077695;15862.374381374957,0,false,[19, 5, 4, 16, 3, 9, 10, 17, 2, 6, 13, 1, 0, 12, 7, 8, 15, 14, 18, 11]|[1, 2, 1, 0, 1, 0, 2, 0, 2, 2, 2, 1, 1, 1, 1, 0, 1, 0, 0, 2]|[0, 1, 1, 3, 0, 3, 0, 0, 0, 0, 0, 1, 0, 1, 1, 0, 0, 3, 0, 1]|[1, 1, 0, 2, 1, 1, 0, 0, 1, 1, 1, 0, 1, 1, 1, 0, 0, 0, 1, 0],205.178521975543;10962.783729077695;15862.374381374957,205.178521975543,NOT_APPLICABLE,NOT_APPLICABLE,NOT_APPLICABLE,39
83,2,32055,G2_TEC,PREVIOUS,[6, 19, 12, 5, 4, 16, 1, 7, 15, 11, 2, 10, 8, 3, 9, 13, 0, 14, 18, 17]|[2, 2, 1, 1, 2, 0, 0, 2, 0, 1, 1, 0, 2, 0, 0, 0, 0, 0, 0, 0]|[0, 0, 1, 1, 0, 3, 3, 0, 3, 1, 1, 3, 0, 3, 3, 3, 3, 3, 3, 3]|[1, 0, 1, 0, 1, 0, 2, 0, 0, 1, 1, 2, 1, 0, 0, 2, 0, 0, 2, 0],447.850240554012;8850.884098949731;13283.949643195205,0,false,[6, 19, 12, 5, 4, 16, 1, 7, 15, 11, 2, 10, 8, 3, 9, 13, 0, 14, 18, 17]|[2, 2, 1, 1, 2, 0, 0, 2, 0, 1, 1, 0, 2, 0, 0, 0, 0, 0, 0, 0]|[0, 0, 1, 1, 0, 3, 3, 0, 3, 1, 1, 3, 0, 3, 3, 3, 3, 3, 3, 3]|[1, 0, 1, 0, 1, 0, 2, 0, 0, 1, 1, 2, 1, 0, 0, 2, 0, 0, 2, 0],447.850240554012;8850.884098949731;13283.949643195205,8850.884098949731,NOT_APPLICABLE,NOT_APPLICABLE,NOT_APPLICABLE,11
83,2,32055,G2_TEC,HISTORICAL,[6, 19, 12, 5, 4, 16, 1, 7, 15, 11, 2, 10, 8, 3, 9, 13, 0, 14, 18, 17]|[2, 2, 1, 1, 2, 0, 0, 2, 0, 1, 1, 0, 2, 0, 0, 0, 0, 0, 0, 0]|[0, 0, 1, 1, 0, 3, 3, 0, 3, 1, 1, 3, 0, 3, 3, 3, 3, 3, 3, 3]|[1, 0, 1, 0, 1, 0, 2, 0, 0, 1, 1, 2, 1, 0, 0, 2, 0, 0, 2, 0],447.850240554012;8850.884098949731;13283.949643195205,0,false,[6, 19, 12, 5, 4, 16, 1, 7, 15, 11, 2, 10, 8, 3, 9, 13, 0, 14, 18, 17]|[2, 2, 1, 1, 2, 0, 0, 2, 0, 1, 1, 0, 2, 0, 0, 0, 0, 0, 0, 0]|[0, 0, 1, 1, 0, 3, 3, 0, 3, 1, 1, 3, 0, 3, 3, 3, 3, 3, 3, 3]|[1, 0, 1, 0, 1, 0, 2, 0, 0, 1, 1, 2, 1, 0, 0, 2, 0, 0, 2, 0],447.850240554012;8850.884098949731;13283.949643195205,8850.884098949731,NOT_APPLICABLE,NOT_APPLICABLE,NOT_APPLICABLE,54
83,2,32055,G3_TWC,PREVIOUS,[6, 19, 12, 5, 4, 16, 3, 11, 15, 7, 2, 9, 8, 0, 17, 13, 14, 10, 18, 1]|[2, 2, 0, 1, 0, 0, 2, 2, 1, 1, 1, 0, 2, 0, 0, 0, 0, 0, 0, 0]|[0, 0, 2, 1, 3, 3, 0, 0, 0, 1, 1, 3, 0, 3, 3, 0, 3, 3, 3, 3]|[1, 0, 1, 0, 2, 0, 1, 0, 1, 1, 1, 1, 1, 2, 1, 2, 0, 2, 1, 1],409.047230276459;9712.789948995710;12805.715992083906,0,false,[6, 19, 12, 5, 4, 16, 3, 11, 15, 7, 2, 9, 8, 0, 17, 13, 14, 10, 18, 1]|[2, 2, 0, 1, 0, 0, 2, 2, 1, 1, 1, 0, 2, 0, 0, 0, 0, 0, 0, 0]|[0, 0, 2, 1, 3, 3, 0, 0, 0, 1, 1, 3, 0, 3, 3, 0, 3, 3, 3, 3]|[1, 0, 1, 0, 2, 0, 1, 0, 1, 1, 1, 1, 1, 2, 1, 2, 0, 2, 1, 1],409.047230276459;9712.789948995710;12805.715992083906,12805.715992083906,NOT_APPLICABLE,NOT_APPLICABLE,NOT_APPLICABLE,25
83,2,32055,G3_TWC,HISTORICAL,[6, 19, 12, 5, 4, 16, 3, 11, 15, 7, 2, 9, 8, 0, 17, 13, 14, 10, 18, 1]|[2, 2, 0, 1, 0, 0, 2, 2, 1, 1, 1, 0, 2, 0, 0, 0, 0, 0, 0, 0]|[0, 0, 2, 1, 3, 3, 0, 0, 0, 1, 1, 3, 0, 3, 3, 0, 3, 3, 3, 3]|[1, 0, 1, 0, 2, 0, 1, 0, 1, 1, 1, 1, 1, 2, 1, 2, 0, 2, 1, 1],409.047230276459;9712.789948995710;12805.715992083906,0,false,[6, 19, 12, 5, 4, 16, 3, 11, 15, 7, 2, 9, 8, 0, 17, 13, 14, 10, 18, 1]|[2, 2, 0, 1, 0, 0, 2, 2, 1, 1, 1, 0, 2, 0, 0, 0, 0, 0, 0, 0]|[0, 0, 2, 1, 3, 3, 0, 0, 0, 1, 1, 3, 0, 3, 3, 0, 3, 3, 3, 3]|[1, 0, 1, 0, 2, 0, 1, 0, 1, 1, 1, 1, 1, 2, 1, 2, 0, 2, 1, 1],409.047230276459;9712.789948995710;12805.715992083906,12805.715992083906,NOT_APPLICABLE,NOT_APPLICABLE,NOT_APPLICABLE,34
83,2,32055,G4_BALANCED,PREVIOUS,[6, 19, 12, 5, 4, 16, 3, 11, 15, 7, 10, 8, 13, 1, 14, 2, 17, 9, 18, 0]|[2, 1, 1, 1, 2, 2, 1, 2, 0, 1, 0, 2, 0, 0, 0, 1, 0, 0, 1, 0]|[0, 1, 1, 1, 0, 0, 1, 0, 3, 1, 3, 0, 3, 3, 3, 1, 3, 3, 1, 3]|[1, 1, 1, 0, 1, 1, 1, 0, 0, 1, 2, 1, 0, 0, 2, 1, 0, 1, 1, 0],299.556470750369;8993.459324123809;16703.133309816280,0,false,[6, 19, 12, 5, 4, 16, 3, 11, 15, 7, 10, 8, 13, 1, 14, 2, 17, 9, 18, 0]|[2, 1, 1, 1, 2, 2, 1, 2, 0, 1, 0, 2, 0, 0, 0, 1, 0, 0, 1, 0]|[0, 1, 1, 1, 0, 0, 1, 0, 3, 1, 3, 0, 3, 3, 3, 1, 3, 3, 1, 3]|[1, 1, 1, 0, 1, 1, 1, 0, 0, 1, 2, 1, 0, 0, 2, 1, 0, 1, 1, 0],299.556470750369;8993.459324123809;16703.133309816280,0.507105195956,NOT_APPLICABLE,NOT_APPLICABLE,NOT_APPLICABLE,31
83,2,32055,G4_BALANCED,HISTORICAL,[6, 19, 12, 5, 4, 16, 3, 11, 15, 7, 10, 8, 13, 1, 14, 2, 17, 9, 18, 0]|[2, 1, 1, 1, 2, 2, 1, 2, 0, 1, 0, 2, 0, 0, 0, 1, 0, 0, 1, 0]|[0, 1, 1, 1, 0, 0, 1, 0, 3, 1, 3, 0, 3, 3, 3, 1, 3, 3, 1, 3]|[1, 1, 1, 0, 1, 1, 1, 0, 0, 1, 2, 1, 0, 0, 2, 1, 0, 1, 1, 0],299.556470750369;8993.459324123809;16703.133309816280,0,false,[6, 19, 12, 5, 4, 16, 3, 11, 15, 7, 10, 8, 13, 1, 14, 2, 17, 9, 18, 0]|[2, 1, 1, 1, 2, 2, 1, 2, 0, 1, 0, 2, 0, 0, 0, 1, 0, 0, 1, 0]|[0, 1, 1, 1, 0, 0, 1, 0, 3, 1, 3, 0, 3, 3, 3, 1, 3, 3, 1, 3]|[1, 1, 1, 0, 1, 1, 1, 0, 0, 1, 2, 1, 0, 0, 2, 1, 0, 1, 1, 0],299.556470750369;8993.459324123809;16703.133309816280,0.507105195956,NOT_APPLICABLE,NOT_APPLICABLE,NOT_APPLICABLE,28
84,2,32155,G1_CMAX,PREVIOUS,[19, 5, 4, 16, 3, 9, 10, 17, 2, 6, 13, 1, 0, 12, 7, 8, 15, 14, 18, 11]|[1, 2, 1, 0, 1, 0, 2, 0, 2, 2, 2, 1, 1, 1, 1, 0, 1, 0, 0, 2]|[0, 1, 1, 3, 0, 3, 0, 0, 0, 0, 0, 1, 0, 1, 1, 0, 0, 3, 0, 1]|[1, 1, 0, 2, 1, 1, 0, 0, 1, 1, 1, 0, 1, 1, 1, 0, 0, 0, 1, 0],205.178521975543;10962.783729077695;15862.374381374957,0,false,[19, 5, 4, 16, 3, 9, 10, 17, 2, 6, 13, 1, 0, 12, 7, 8, 15, 14, 18, 11]|[1, 2, 1, 0, 1, 0, 2, 0, 2, 2, 2, 1, 1, 1, 1, 0, 1, 0, 0, 2]|[0, 1, 1, 3, 0, 3, 0, 0, 0, 0, 0, 1, 0, 1, 1, 0, 0, 3, 0, 1]|[1, 1, 0, 2, 1, 1, 0, 0, 1, 1, 1, 0, 1, 1, 1, 0, 0, 0, 1, 0],205.178521975543;10962.783729077695;15862.374381374957,205.178521975543,NOT_APPLICABLE,NOT_APPLICABLE,NOT_APPLICABLE,26
84,2,32155,G1_CMAX,HISTORICAL,[19, 5, 4, 16, 3, 9, 10, 17, 2, 6, 13, 1, 0, 12, 7, 8, 15, 14, 18, 11]|[1, 2, 1, 0, 1, 0, 2, 0, 2, 2, 2, 1, 1, 1, 1, 0, 1, 0, 0, 2]|[0, 1, 1, 3, 0, 3, 0, 0, 0, 0, 0, 1, 0, 1, 1, 0, 0, 3, 0, 1]|[1, 1, 0, 2, 1, 1, 0, 0, 1, 1, 1, 0, 1, 1, 1, 0, 0, 0, 1, 0],205.178521975543;10962.783729077695;15862.374381374957,0,false,[19, 5, 4, 16, 3, 9, 10, 17, 2, 6, 13, 1, 0, 12, 7, 8, 15, 14, 18, 11]|[1, 2, 1, 0, 1, 0, 2, 0, 2, 2, 2, 1, 1, 1, 1, 0, 1, 0, 0, 2]|[0, 1, 1, 3, 0, 3, 0, 0, 0, 0, 0, 1, 0, 1, 1, 0, 0, 3, 0, 1]|[1, 1, 0, 2, 1, 1, 0, 0, 1, 1, 1, 0, 1, 1, 1, 0, 0, 0, 1, 0],205.178521975543;10962.783729077695;15862.374381374957,205.178521975543,NOT_APPLICABLE,NOT_APPLICABLE,NOT_APPLICABLE,40
84,2,32155,G2_TEC,PREVIOUS,[6, 19, 12, 5, 4, 16, 1, 7, 15, 11, 2, 10, 8, 3, 9, 13, 0, 14, 18, 17]|[2, 2, 1, 1, 2, 0, 0, 2, 0, 1, 1, 0, 2, 0, 0, 0, 0, 0, 0, 0]|[0, 0, 1, 1, 0, 3, 3, 0, 3, 1, 1, 3, 0, 3, 3, 3, 3, 3, 3, 3]|[1, 0, 1, 0, 1, 0, 2, 0, 0, 1, 1, 2, 1, 0, 0, 2, 0, 0, 2, 0],447.850240554012;8850.884098949731;13283.949643195205,0,false,[6, 19, 12, 5, 4, 16, 1, 7, 15, 11, 2, 10, 8, 3, 9, 13, 0, 14, 18, 17]|[2, 2, 1, 1, 2, 0, 0, 2, 0, 1, 1, 0, 2, 0, 0, 0, 0, 0, 0, 0]|[0, 0, 1, 1, 0, 3, 3, 0, 3, 1, 1, 3, 0, 3, 3, 3, 3, 3, 3, 3]|[1, 0, 1, 0, 1, 0, 2, 0, 0, 1, 1, 2, 1, 0, 0, 2, 0, 0, 2, 0],447.850240554012;8850.884098949731;13283.949643195205,8850.884098949731,NOT_APPLICABLE,NOT_APPLICABLE,NOT_APPLICABLE,11
84,2,32155,G2_TEC,HISTORICAL,[6, 19, 12, 5, 4, 16, 1, 7, 15, 11, 2, 10, 8, 3, 9, 13, 0, 14, 18, 17]|[2, 2, 1, 1, 2, 0, 0, 2, 0, 1, 1, 0, 2, 0, 0, 0, 0, 0, 0, 0]|[0, 0, 1, 1, 0, 3, 3, 0, 3, 1, 1, 3, 0, 3, 3, 3, 3, 3, 3, 3]|[1, 0, 1, 0, 1, 0, 2, 0, 0, 1, 1, 2, 1, 0, 0, 2, 0, 0, 2, 0],447.850240554012;8850.884098949731;13283.949643195205,0,false,[6, 19, 12, 5, 4, 16, 1, 7, 15, 11, 2, 10, 8, 3, 9, 13, 0, 14, 18, 17]|[2, 2, 1, 1, 2, 0, 0, 2, 0, 1, 1, 0, 2, 0, 0, 0, 0, 0, 0, 0]|[0, 0, 1, 1, 0, 3, 3, 0, 3, 1, 1, 3, 0, 3, 3, 3, 3, 3, 3, 3]|[1, 0, 1, 0, 1, 0, 2, 0, 0, 1, 1, 2, 1, 0, 0, 2, 0, 0, 2, 0],447.850240554012;8850.884098949731;13283.949643195205,8850.884098949731,NOT_APPLICABLE,NOT_APPLICABLE,NOT_APPLICABLE,55
84,2,32155,G3_TWC,PREVIOUS,[6, 19, 12, 5, 4, 16, 3, 9, 10, 17, 2, 7, 8, 1, 13, 15, 18, 0, 14, 11]|[2, 1, 1, 1, 2, 0, 1, 1, 0, 1, 2, 0, 2, 0, 2, 0, 0, 0, 0, 1]|[0, 1, 1, 1, 0, 3, 0, 1, 3, 1, 0, 3, 0, 3, 0, 3, 0, 3, 3, 1]|[1, 1, 1, 0, 0, 0, 1, 1, 0, 1, 1, 2, 1, 2, 1, 2, 1, 0, 2, 1],300.997202572905;9289.957735440914;16197.837967529533,0,false,[6, 19, 12, 5, 4, 16, 3, 9, 10, 17, 2, 7, 8, 1, 13, 15, 18, 0, 14, 11]|[2, 1, 1, 1, 2, 0, 1, 1, 0, 1, 2, 0, 2, 0, 2, 0, 0, 0, 0, 1]|[0, 1, 1, 1, 0, 3, 0, 1, 3, 1, 0, 3, 0, 3, 0, 3, 0, 3, 3, 1]|[1, 1, 1, 0, 0, 0, 1, 1, 0, 1, 1, 2, 1, 2, 1, 2, 1, 0, 2, 1],300.997202572905;9289.957735440914;16197.837967529533,16197.837967529533,NOT_APPLICABLE,NOT_APPLICABLE,NOT_APPLICABLE,25
84,2,32155,G3_TWC,HISTORICAL,[6, 19, 12, 5, 4, 16, 3, 11, 15, 7, 2, 9, 8, 0, 17, 13, 14, 10, 18, 1]|[2, 2, 0, 1, 0, 0, 2, 2, 1, 1, 1, 0, 2, 0, 0, 0, 0, 0, 0, 0]|[0, 0, 2, 1, 3, 3, 0, 0, 0, 1, 1, 3, 0, 3, 3, 0, 3, 3, 3, 3]|[1, 0, 1, 0, 2, 0, 1, 0, 1, 1, 1, 1, 1, 2, 1, 2, 0, 2, 1, 1],409.047230276459;9712.789948995710;12805.715992083906,0,false,[6, 19, 12, 5, 4, 16, 3, 11, 15, 7, 2, 9, 8, 0, 17, 13, 14, 10, 18, 1]|[2, 2, 0, 1, 0, 0, 2, 2, 1, 1, 1, 0, 2, 0, 0, 0, 0, 0, 0, 0]|[0, 0, 2, 1, 3, 3, 0, 0, 0, 1, 1, 3, 0, 3, 3, 0, 3, 3, 3, 3]|[1, 0, 1, 0, 2, 0, 1, 0, 1, 1, 1, 1, 1, 2, 1, 2, 0, 2, 1, 1],409.047230276459;9712.789948995710;12805.715992083906,12805.715992083906,NOT_APPLICABLE,NOT_APPLICABLE,NOT_APPLICABLE,34
84,2,32155,G4_BALANCED,PREVIOUS,[6, 19, 12, 5, 4, 16, 3, 11, 15, 7, 10, 8, 13, 1, 14, 2, 17, 9, 18, 0]|[2, 1, 1, 1, 2, 2, 1, 2, 0, 1, 0, 2, 0, 0, 0, 1, 0, 0, 1, 0]|[0, 1, 1, 1, 0, 0, 1, 0, 3, 1, 3, 0, 3, 3, 3, 1, 3, 3, 1, 3]|[1, 1, 1, 0, 1, 1, 1, 0, 0, 1, 2, 1, 0, 0, 2, 1, 0, 1, 1, 0],299.556470750369;8993.459324123809;16703.133309816280,0,false,[6, 19, 12, 5, 4, 16, 3, 11, 15, 7, 10, 8, 13, 1, 14, 2, 17, 9, 18, 0]|[2, 1, 1, 1, 2, 2, 1, 2, 0, 1, 0, 2, 0, 0, 0, 1, 0, 0, 1, 0]|[0, 1, 1, 1, 0, 0, 1, 0, 3, 1, 3, 0, 3, 3, 3, 1, 3, 3, 1, 3]|[1, 1, 1, 0, 1, 1, 1, 0, 0, 1, 2, 1, 0, 0, 2, 1, 0, 1, 1, 0],299.556470750369;8993.459324123809;16703.133309816280,0.507105195956,NOT_APPLICABLE,NOT_APPLICABLE,NOT_APPLICABLE,31
84,2,32155,G4_BALANCED,HISTORICAL,[6, 19, 12, 5, 4, 16, 3, 11, 15, 7, 10, 8, 13, 1, 14, 2, 17, 9, 18, 0]|[2, 1, 1, 1, 2, 2, 1, 2, 0, 1, 0, 2, 0, 0, 0, 1, 0, 0, 1, 0]|[0, 1, 1, 1, 0, 0, 1, 0, 3, 1, 3, 0, 3, 3, 3, 1, 3, 3, 1, 3]|[1, 1, 1, 0, 1, 1, 1, 0, 0, 1, 2, 1, 0, 0, 2, 1, 0, 1, 1, 0],299.556470750369;8993.459324123809;16703.133309816280,0,false,[6, 19, 12, 5, 4, 16, 3, 11, 15, 7, 10, 8, 13, 1, 14, 2, 17, 9, 18, 0]|[2, 1, 1, 1, 2, 2, 1, 2, 0, 1, 0, 2, 0, 0, 0, 1, 0, 0, 1, 0]|[0, 1, 1, 1, 0, 0, 1, 0, 3, 1, 3, 0, 3, 3, 3, 1, 3, 3, 1, 3]|[1, 1, 1, 0, 1, 1, 1, 0, 0, 1, 2, 1, 0, 0, 2, 1, 0, 1, 1, 0],299.556470750369;8993.459324123809;16703.133309816280,0.507105195956,NOT_APPLICABLE,NOT_APPLICABLE,NOT_APPLICABLE,29
85,2,32255,G1_CMAX,PREVIOUS,[19, 5, 4, 16, 3, 9, 10, 17, 2, 6, 13, 1, 0, 12, 7, 8, 15, 14, 18, 11]|[1, 2, 1, 0, 1, 0, 2, 0, 2, 2, 2, 1, 1, 1, 1, 0, 1, 0, 0, 2]|[0, 1, 1, 3, 0, 3, 0, 0, 0, 0, 0, 1, 0, 1, 1, 0, 0, 3, 0, 1]|[1, 1, 0, 2, 1, 1, 0, 0, 1, 1, 1, 0, 1, 1, 1, 0, 0, 0, 1, 0],205.178521975543;10962.783729077695;15862.374381374957,0,false,[19, 5, 4, 16, 3, 9, 10, 17, 2, 6, 13, 1, 0, 12, 7, 8, 15, 14, 18, 11]|[1, 2, 1, 0, 1, 0, 2, 0, 2, 2, 2, 1, 1, 1, 1, 0, 1, 0, 0, 2]|[0, 1, 1, 3, 0, 3, 0, 0, 0, 0, 0, 1, 0, 1, 1, 0, 0, 3, 0, 1]|[1, 1, 0, 2, 1, 1, 0, 0, 1, 1, 1, 0, 1, 1, 1, 0, 0, 0, 1, 0],205.178521975543;10962.783729077695;15862.374381374957,205.178521975543,NOT_APPLICABLE,NOT_APPLICABLE,NOT_APPLICABLE,26
85,2,32255,G1_CMAX,HISTORICAL,[19, 5, 4, 16, 3, 9, 10, 17, 2, 6, 13, 1, 0, 12, 7, 8, 15, 14, 18, 11]|[1, 2, 1, 0, 1, 0, 2, 0, 2, 2, 2, 1, 1, 1, 1, 0, 1, 0, 0, 2]|[0, 1, 1, 3, 0, 3, 0, 0, 0, 0, 0, 1, 0, 1, 1, 0, 0, 3, 0, 1]|[1, 1, 0, 2, 1, 1, 0, 0, 1, 1, 1, 0, 1, 1, 1, 0, 0, 0, 1, 0],205.178521975543;10962.783729077695;15862.374381374957,0,false,[19, 5, 4, 16, 3, 9, 10, 17, 2, 6, 13, 1, 0, 12, 7, 8, 15, 14, 18, 11]|[1, 2, 1, 0, 1, 0, 2, 0, 2, 2, 2, 1, 1, 1, 1, 0, 1, 0, 0, 2]|[0, 1, 1, 3, 0, 3, 0, 0, 0, 0, 0, 1, 0, 1, 1, 0, 0, 3, 0, 1]|[1, 1, 0, 2, 1, 1, 0, 0, 1, 1, 1, 0, 1, 1, 1, 0, 0, 0, 1, 0],205.178521975543;10962.783729077695;15862.374381374957,205.178521975543,NOT_APPLICABLE,NOT_APPLICABLE,NOT_APPLICABLE,41
85,2,32255,G2_TEC,PREVIOUS,[6, 19, 12, 5, 4, 16, 1, 7, 15, 11, 2, 10, 8, 3, 9, 13, 0, 14, 18, 17]|[2, 2, 1, 1, 2, 0, 0, 2, 0, 1, 1, 0, 2, 0, 0, 0, 0, 0, 0, 0]|[0, 0, 1, 1, 0, 3, 3, 0, 3, 1, 1, 3, 0, 3, 3, 3, 3, 3, 3, 3]|[1, 0, 1, 0, 1, 0, 2, 0, 0, 1, 1, 2, 1, 0, 0, 2, 0, 0, 2, 0],447.850240554012;8850.884098949731;13283.949643195205,0,false,[6, 19, 12, 5, 4, 16, 1, 7, 15, 11, 2, 10, 8, 3, 9, 13, 0, 14, 18, 17]|[2, 2, 1, 1, 2, 0, 0, 2, 0, 1, 1, 0, 2, 0, 0, 0, 0, 0, 0, 0]|[0, 0, 1, 1, 0, 3, 3, 0, 3, 1, 1, 3, 0, 3, 3, 3, 3, 3, 3, 3]|[1, 0, 1, 0, 1, 0, 2, 0, 0, 1, 1, 2, 1, 0, 0, 2, 0, 0, 2, 0],447.850240554012;8850.884098949731;13283.949643195205,8850.884098949731,NOT_APPLICABLE,NOT_APPLICABLE,NOT_APPLICABLE,11
85,2,32255,G2_TEC,HISTORICAL,[6, 19, 12, 5, 4, 16, 1, 7, 15, 11, 2, 10, 8, 3, 9, 13, 0, 14, 18, 17]|[2, 2, 1, 1, 2, 0, 0, 2, 0, 1, 1, 0, 2, 0, 0, 0, 0, 0, 0, 0]|[0, 0, 1, 1, 0, 3, 3, 0, 3, 1, 1, 3, 0, 3, 3, 3, 3, 3, 3, 3]|[1, 0, 1, 0, 1, 0, 2, 0, 0, 1, 1, 2, 1, 0, 0, 2, 0, 0, 2, 0],447.850240554012;8850.884098949731;13283.949643195205,0,false,[6, 19, 12, 5, 4, 16, 1, 7, 15, 11, 2, 10, 8, 3, 9, 13, 0, 14, 18, 17]|[2, 2, 1, 1, 2, 0, 0, 2, 0, 1, 1, 0, 2, 0, 0, 0, 0, 0, 0, 0]|[0, 0, 1, 1, 0, 3, 3, 0, 3, 1, 1, 3, 0, 3, 3, 3, 3, 3, 3, 3]|[1, 0, 1, 0, 1, 0, 2, 0, 0, 1, 1, 2, 1, 0, 0, 2, 0, 0, 2, 0],447.850240554012;8850.884098949731;13283.949643195205,8850.884098949731,NOT_APPLICABLE,NOT_APPLICABLE,NOT_APPLICABLE,56
85,2,32255,G3_TWC,PREVIOUS,[6, 19, 12, 5, 4, 16, 3, 11, 15, 7, 2, 9, 8, 0, 17, 13, 14, 10, 18, 1]|[2, 2, 0, 1, 0, 0, 2, 2, 1, 1, 1, 0, 2, 0, 0, 0, 0, 0, 0, 0]|[0, 0, 2, 1, 3, 3, 0, 0, 0, 1, 1, 3, 0, 3, 3, 0, 3, 3, 3, 3]|[1, 0, 1, 0, 2, 0, 1, 0, 1, 1, 1, 1, 1, 2, 1, 2, 0, 2, 1, 1],409.047230276459;9712.789948995710;12805.715992083906,0,false,[6, 19, 12, 5, 4, 16, 3, 11, 15, 7, 2, 9, 8, 0, 17, 13, 14, 10, 18, 1]|[2, 2, 0, 1, 0, 0, 2, 2, 1, 1, 1, 0, 2, 0, 0, 0, 0, 0, 0, 0]|[0, 0, 2, 1, 3, 3, 0, 0, 0, 1, 1, 3, 0, 3, 3, 0, 3, 3, 3, 3]|[1, 0, 1, 0, 2, 0, 1, 0, 1, 1, 1, 1, 1, 2, 1, 2, 0, 2, 1, 1],409.047230276459;9712.789948995710;12805.715992083906,12805.715992083906,NOT_APPLICABLE,NOT_APPLICABLE,NOT_APPLICABLE,25
85,2,32255,G3_TWC,HISTORICAL,[6, 19, 12, 5, 4, 16, 3, 11, 15, 7, 2, 9, 8, 0, 17, 13, 14, 10, 18, 1]|[2, 2, 0, 1, 0, 0, 2, 2, 1, 1, 1, 0, 2, 0, 0, 0, 0, 0, 0, 0]|[0, 0, 2, 1, 3, 3, 0, 0, 0, 1, 1, 3, 0, 3, 3, 0, 3, 3, 3, 3]|[1, 0, 1, 0, 2, 0, 1, 0, 1, 1, 1, 1, 1, 2, 1, 2, 0, 2, 1, 1],409.047230276459;9712.789948995710;12805.715992083906,0,false,[6, 19, 12, 5, 4, 16, 3, 11, 15, 7, 2, 9, 8, 0, 17, 13, 14, 10, 18, 1]|[2, 2, 0, 1, 0, 0, 2, 2, 1, 1, 1, 0, 2, 0, 0, 0, 0, 0, 0, 0]|[0, 0, 2, 1, 3, 3, 0, 0, 0, 1, 1, 3, 0, 3, 3, 0, 3, 3, 3, 3]|[1, 0, 1, 0, 2, 0, 1, 0, 1, 1, 1, 1, 1, 2, 1, 2, 0, 2, 1, 1],409.047230276459;9712.789948995710;12805.715992083906,12805.715992083906,NOT_APPLICABLE,NOT_APPLICABLE,NOT_APPLICABLE,35
85,2,32255,G4_BALANCED,PREVIOUS,[6, 19, 12, 10, 11, 2, 14, 16, 15, 4, 7, 5, 17, 1, 18, 8, 0, 13, 3, 9]|[2, 1, 0, 0, 2, 1, 1, 2, 0, 1, 0, 0, 0, 0, 1, 2, 0, 2, 1, 1]|[0, 1, 3, 3, 0, 1, 1, 0, 3, 1, 3, 3, 3, 3, 1, 0, 3, 0, 1, 1]|[1, 1, 2, 2, 0, 1, 1, 1, 0, 1, 2, 2, 0, 2, 1, 1, 0, 0, 1, 1],307.126668956721;8926.354162173411;17345.115837331380,0,false,[6, 19, 12, 10, 11, 2, 14, 16, 15, 4, 7, 5, 17, 1, 18, 8, 0, 13, 3, 9]|[2, 1, 0, 0, 2, 1, 1, 2, 0, 1, 0, 0, 0, 0, 1, 2, 0, 2, 1, 1]|[0, 1, 3, 3, 0, 1, 1, 0, 3, 1, 3, 3, 3, 3, 1, 0, 3, 0, 1, 1]|[1, 1, 2, 2, 0, 1, 1, 1, 0, 1, 2, 2, 0, 2, 1, 1, 0, 0, 1, 1],307.126668956721;8926.354162173411;17345.115837331380,0.590635556929,NOT_APPLICABLE,NOT_APPLICABLE,NOT_APPLICABLE,31
85,2,32255,G4_BALANCED,HISTORICAL,[6, 19, 12, 10, 11, 2, 14, 16, 15, 4, 7, 5, 17, 1, 18, 8, 0, 13, 3, 9]|[2, 1, 0, 0, 2, 1, 1, 2, 0, 1, 0, 0, 0, 0, 1, 2, 0, 2, 1, 1]|[0, 1, 3, 3, 0, 1, 1, 0, 3, 1, 3, 3, 3, 3, 1, 0, 3, 0, 1, 1]|[1, 1, 2, 2, 0, 1, 1, 1, 0, 1, 2, 2, 0, 2, 1, 1, 0, 0, 1, 1],307.126668956721;8926.354162173411;17345.115837331380,0,false,[6, 19, 12, 10, 11, 2, 14, 16, 15, 4, 7, 5, 17, 1, 18, 8, 0, 13, 3, 9]|[2, 1, 0, 0, 2, 1, 1, 2, 0, 1, 0, 0, 0, 0, 1, 2, 0, 2, 1, 1]|[0, 1, 3, 3, 0, 1, 1, 0, 3, 1, 3, 3, 3, 3, 1, 0, 3, 0, 1, 1]|[1, 1, 2, 2, 0, 1, 1, 1, 0, 1, 2, 2, 0, 2, 1, 1, 0, 0, 1, 1],307.126668956721;8926.354162173411;17345.115837331380,0.590635556929,NOT_APPLICABLE,NOT_APPLICABLE,NOT_APPLICABLE,29
86,2,32355,G1_CMAX,PREVIOUS,[19, 5, 4, 16, 3, 9, 10, 17, 2, 6, 13, 1, 0, 12, 7, 8, 15, 14, 18, 11]|[1, 2, 1, 0, 1, 0, 2, 0, 2, 2, 2, 1, 1, 1, 1, 0, 1, 0, 0, 2]|[0, 1, 1, 3, 0, 3, 0, 0, 0, 0, 0, 1, 0, 1, 1, 0, 0, 3, 0, 1]|[1, 1, 0, 2, 1, 1, 0, 0, 1, 1, 1, 0, 1, 1, 1, 0, 0, 0, 1, 0],205.178521975543;10962.783729077695;15862.374381374957,0,false,[19, 5, 4, 16, 3, 9, 10, 17, 2, 6, 13, 1, 0, 12, 7, 8, 15, 14, 18, 11]|[1, 2, 1, 0, 1, 0, 2, 0, 2, 2, 2, 1, 1, 1, 1, 0, 1, 0, 0, 2]|[0, 1, 1, 3, 0, 3, 0, 0, 0, 0, 0, 1, 0, 1, 1, 0, 0, 3, 0, 1]|[1, 1, 0, 2, 1, 1, 0, 0, 1, 1, 1, 0, 1, 1, 1, 0, 0, 0, 1, 0],205.178521975543;10962.783729077695;15862.374381374957,205.178521975543,NOT_APPLICABLE,NOT_APPLICABLE,NOT_APPLICABLE,26
86,2,32355,G1_CMAX,HISTORICAL,[19, 5, 4, 16, 3, 9, 10, 17, 2, 6, 13, 1, 0, 12, 7, 8, 15, 14, 18, 11]|[1, 2, 1, 0, 1, 0, 2, 0, 2, 2, 2, 1, 1, 1, 1, 0, 1, 0, 0, 2]|[0, 1, 1, 3, 0, 3, 0, 0, 0, 0, 0, 1, 0, 1, 1, 0, 0, 3, 0, 1]|[1, 1, 0, 2, 1, 1, 0, 0, 1, 1, 1, 0, 1, 1, 1, 0, 0, 0, 1, 0],205.178521975543;10962.783729077695;15862.374381374957,0,false,[19, 5, 4, 16, 3, 9, 10, 17, 2, 6, 13, 1, 0, 12, 7, 8, 15, 14, 18, 11]|[1, 2, 1, 0, 1, 0, 2, 0, 2, 2, 2, 1, 1, 1, 1, 0, 1, 0, 0, 2]|[0, 1, 1, 3, 0, 3, 0, 0, 0, 0, 0, 1, 0, 1, 1, 0, 0, 3, 0, 1]|[1, 1, 0, 2, 1, 1, 0, 0, 1, 1, 1, 0, 1, 1, 1, 0, 0, 0, 1, 0],205.178521975543;10962.783729077695;15862.374381374957,205.178521975543,NOT_APPLICABLE,NOT_APPLICABLE,NOT_APPLICABLE,42
86,2,32355,G2_TEC,PREVIOUS,[6, 19, 12, 5, 4, 16, 1, 7, 15, 11, 2, 10, 8, 3, 9, 13, 0, 14, 18, 17]|[2, 2, 1, 1, 2, 0, 0, 2, 0, 1, 1, 0, 2, 0, 0, 0, 0, 0, 0, 0]|[0, 0, 1, 1, 0, 3, 3, 0, 3, 1, 1, 3, 0, 3, 3, 3, 3, 3, 3, 3]|[1, 0, 1, 0, 1, 0, 2, 0, 0, 1, 1, 2, 1, 0, 0, 2, 0, 0, 2, 0],447.850240554012;8850.884098949731;13283.949643195205,0,false,[6, 19, 12, 5, 4, 16, 1, 7, 15, 11, 2, 10, 8, 3, 9, 13, 0, 14, 18, 17]|[2, 2, 1, 1, 2, 0, 0, 2, 0, 1, 1, 0, 2, 0, 0, 0, 0, 0, 0, 0]|[0, 0, 1, 1, 0, 3, 3, 0, 3, 1, 1, 3, 0, 3, 3, 3, 3, 3, 3, 3]|[1, 0, 1, 0, 1, 0, 2, 0, 0, 1, 1, 2, 1, 0, 0, 2, 0, 0, 2, 0],447.850240554012;8850.884098949731;13283.949643195205,8850.884098949731,NOT_APPLICABLE,NOT_APPLICABLE,NOT_APPLICABLE,11
86,2,32355,G2_TEC,HISTORICAL,[6, 19, 12, 5, 4, 16, 1, 7, 15, 11, 2, 10, 8, 3, 9, 13, 0, 14, 18, 17]|[2, 2, 1, 1, 2, 0, 0, 2, 0, 1, 1, 0, 2, 0, 0, 0, 0, 0, 0, 0]|[0, 0, 1, 1, 0, 3, 3, 0, 3, 1, 1, 3, 0, 3, 3, 3, 3, 3, 3, 3]|[1, 0, 1, 0, 1, 0, 2, 0, 0, 1, 1, 2, 1, 0, 0, 2, 0, 0, 2, 0],447.850240554012;8850.884098949731;13283.949643195205,0,false,[6, 19, 12, 5, 4, 16, 1, 7, 15, 11, 2, 10, 8, 3, 9, 13, 0, 14, 18, 17]|[2, 2, 1, 1, 2, 0, 0, 2, 0, 1, 1, 0, 2, 0, 0, 0, 0, 0, 0, 0]|[0, 0, 1, 1, 0, 3, 3, 0, 3, 1, 1, 3, 0, 3, 3, 3, 3, 3, 3, 3]|[1, 0, 1, 0, 1, 0, 2, 0, 0, 1, 1, 2, 1, 0, 0, 2, 0, 0, 2, 0],447.850240554012;8850.884098949731;13283.949643195205,8850.884098949731,NOT_APPLICABLE,NOT_APPLICABLE,NOT_APPLICABLE,57
86,2,32355,G3_TWC,PREVIOUS,[6, 19, 12, 5, 4, 16, 3, 11, 15, 7, 2, 9, 8, 0, 17, 13, 14, 10, 18, 1]|[2, 2, 0, 1, 0, 0, 2, 2, 1, 1, 1, 0, 2, 0, 0, 0, 0, 0, 0, 0]|[0, 0, 2, 1, 3, 3, 0, 0, 0, 1, 1, 3, 0, 3, 3, 0, 3, 3, 3, 3]|[1, 0, 1, 0, 2, 0, 1, 0, 1, 1, 1, 1, 1, 2, 1, 2, 0, 2, 1, 1],409.047230276459;9712.789948995710;12805.715992083906,0,false,[6, 19, 12, 5, 4, 16, 3, 11, 15, 7, 2, 9, 8, 0, 17, 13, 14, 10, 18, 1]|[2, 2, 0, 1, 0, 0, 2, 2, 1, 1, 1, 0, 2, 0, 0, 0, 0, 0, 0, 0]|[0, 0, 2, 1, 3, 3, 0, 0, 0, 1, 1, 3, 0, 3, 3, 0, 3, 3, 3, 3]|[1, 0, 1, 0, 2, 0, 1, 0, 1, 1, 1, 1, 1, 2, 1, 2, 0, 2, 1, 1],409.047230276459;9712.789948995710;12805.715992083906,12805.715992083906,NOT_APPLICABLE,NOT_APPLICABLE,NOT_APPLICABLE,25
86,2,32355,G3_TWC,HISTORICAL,[6, 19, 12, 5, 4, 16, 3, 11, 15, 7, 2, 9, 8, 0, 17, 13, 14, 10, 18, 1]|[2, 2, 0, 1, 0, 0, 2, 2, 1, 1, 1, 0, 2, 0, 0, 0, 0, 0, 0, 0]|[0, 0, 2, 1, 3, 3, 0, 0, 0, 1, 1, 3, 0, 3, 3, 0, 3, 3, 3, 3]|[1, 0, 1, 0, 2, 0, 1, 0, 1, 1, 1, 1, 1, 2, 1, 2, 0, 2, 1, 1],409.047230276459;9712.789948995710;12805.715992083906,0,false,[6, 19, 12, 5, 4, 16, 3, 11, 15, 7, 2, 9, 8, 0, 17, 13, 14, 10, 18, 1]|[2, 2, 0, 1, 0, 0, 2, 2, 1, 1, 1, 0, 2, 0, 0, 0, 0, 0, 0, 0]|[0, 0, 2, 1, 3, 3, 0, 0, 0, 1, 1, 3, 0, 3, 3, 0, 3, 3, 3, 3]|[1, 0, 1, 0, 2, 0, 1, 0, 1, 1, 1, 1, 1, 2, 1, 2, 0, 2, 1, 1],409.047230276459;9712.789948995710;12805.715992083906,12805.715992083906,NOT_APPLICABLE,NOT_APPLICABLE,NOT_APPLICABLE,36
86,2,32355,G4_BALANCED,PREVIOUS,[6, 19, 12, 10, 11, 2, 14, 16, 15, 4, 7, 5, 17, 1, 18, 8, 0, 13, 3, 9]|[2, 1, 0, 0, 2, 1, 1, 2, 0, 1, 0, 0, 0, 0, 1, 2, 0, 2, 1, 1]|[0, 1, 3, 3, 0, 1, 1, 0, 3, 1, 3, 3, 3, 3, 1, 0, 3, 0, 1, 1]|[1, 1, 2, 2, 0, 1, 1, 1, 0, 1, 2, 2, 0, 2, 1, 1, 0, 0, 1, 1],307.126668956721;8926.354162173411;17345.115837331380,1,true,[6, 19, 12, 10, 11, 2, 14, 16, 15, 4, 9, 8, 7, 5, 3, 17, 13, 1, 0, 18]|[2, 1, 0, 2, 2, 1, 1, 2, 0, 1, 0, 0, 1, 2, 1, 0, 0, 0, 0, 1]|[0, 1, 3, 0, 0, 1, 1, 0, 3, 1, 3, 3, 1, 0, 1, 3, 3, 3, 3, 1]|[1, 1, 2, 1, 0, 1, 1, 1, 0, 1, 2, 2, 1, 1, 1, 0, 0, 2, 0, 1],290.298630135278;8769.639861819510;17338.513197729690,0.589776466774,32355,32355,0,31
86,2,32355,G4_BALANCED,HISTORICAL,[6, 19, 12, 10, 11, 2, 14, 16, 15, 4, 7, 5, 17, 1, 18, 8, 0, 13, 3, 9]|[2, 1, 0, 0, 2, 1, 1, 2, 0, 1, 0, 0, 0, 0, 1, 2, 0, 2, 1, 1]|[0, 1, 3, 3, 0, 1, 1, 0, 3, 1, 3, 3, 3, 3, 1, 0, 3, 0, 1, 1]|[1, 1, 2, 2, 0, 1, 1, 1, 0, 1, 2, 2, 0, 2, 1, 1, 0, 0, 1, 1],307.126668956721;8926.354162173411;17345.115837331380,1,true,[6, 19, 12, 10, 11, 2, 14, 16, 15, 4, 9, 8, 7, 5, 3, 17, 13, 1, 0, 18]|[2, 1, 0, 2, 2, 1, 1, 2, 0, 1, 0, 0, 1, 2, 1, 0, 0, 0, 0, 1]|[0, 1, 3, 0, 0, 1, 1, 0, 3, 1, 3, 3, 1, 0, 1, 3, 3, 3, 3, 1]|[1, 1, 2, 1, 0, 1, 1, 1, 0, 1, 2, 2, 1, 1, 1, 0, 0, 2, 0, 1],290.298630135278;8769.639861819510;17338.513197729690,0.589776466774,32355,32355,0,30
87,2,32455,G1_CMAX,PREVIOUS,[19, 5, 4, 16, 3, 9, 10, 17, 2, 6, 13, 1, 0, 12, 7, 8, 15, 14, 18, 11]|[1, 2, 1, 0, 1, 0, 2, 0, 2, 2, 2, 1, 1, 1, 1, 0, 1, 0, 0, 2]|[0, 1, 1, 3, 0, 3, 0, 0, 0, 0, 0, 1, 0, 1, 1, 0, 0, 3, 0, 1]|[1, 1, 0, 2, 1, 1, 0, 0, 1, 1, 1, 0, 1, 1, 1, 0, 0, 0, 1, 0],205.178521975543;10962.783729077695;15862.374381374957,0,false,[19, 5, 4, 16, 3, 9, 10, 17, 2, 6, 13, 1, 0, 12, 7, 8, 15, 14, 18, 11]|[1, 2, 1, 0, 1, 0, 2, 0, 2, 2, 2, 1, 1, 1, 1, 0, 1, 0, 0, 2]|[0, 1, 1, 3, 0, 3, 0, 0, 0, 0, 0, 1, 0, 1, 1, 0, 0, 3, 0, 1]|[1, 1, 0, 2, 1, 1, 0, 0, 1, 1, 1, 0, 1, 1, 1, 0, 0, 0, 1, 0],205.178521975543;10962.783729077695;15862.374381374957,205.178521975543,NOT_APPLICABLE,NOT_APPLICABLE,NOT_APPLICABLE,27
87,2,32455,G1_CMAX,HISTORICAL,[19, 5, 4, 16, 3, 9, 10, 17, 2, 6, 13, 1, 0, 12, 7, 8, 15, 14, 18, 11]|[1, 2, 1, 0, 1, 0, 2, 0, 2, 2, 2, 1, 1, 1, 1, 0, 1, 0, 0, 2]|[0, 1, 1, 3, 0, 3, 0, 0, 0, 0, 0, 1, 0, 1, 1, 0, 0, 3, 0, 1]|[1, 1, 0, 2, 1, 1, 0, 0, 1, 1, 1, 0, 1, 1, 1, 0, 0, 0, 1, 0],205.178521975543;10962.783729077695;15862.374381374957,0,false,[19, 5, 4, 16, 3, 9, 10, 17, 2, 6, 13, 1, 0, 12, 7, 8, 15, 14, 18, 11]|[1, 2, 1, 0, 1, 0, 2, 0, 2, 2, 2, 1, 1, 1, 1, 0, 1, 0, 0, 2]|[0, 1, 1, 3, 0, 3, 0, 0, 0, 0, 0, 1, 0, 1, 1, 0, 0, 3, 0, 1]|[1, 1, 0, 2, 1, 1, 0, 0, 1, 1, 1, 0, 1, 1, 1, 0, 0, 0, 1, 0],205.178521975543;10962.783729077695;15862.374381374957,205.178521975543,NOT_APPLICABLE,NOT_APPLICABLE,NOT_APPLICABLE,42
87,2,32455,G2_TEC,PREVIOUS,[6, 19, 12, 5, 4, 16, 1, 7, 15, 11, 2, 10, 8, 3, 9, 13, 0, 14, 18, 17]|[2, 2, 1, 1, 2, 0, 0, 2, 0, 1, 1, 0, 2, 0, 0, 0, 0, 0, 0, 0]|[0, 0, 1, 1, 0, 3, 3, 0, 3, 1, 1, 3, 0, 3, 3, 3, 3, 3, 3, 3]|[1, 0, 1, 0, 1, 0, 2, 0, 0, 1, 1, 2, 1, 0, 0, 2, 0, 0, 2, 0],447.850240554012;8850.884098949731;13283.949643195205,0,false,[6, 19, 12, 5, 4, 16, 1, 7, 15, 11, 2, 10, 8, 3, 9, 13, 0, 14, 18, 17]|[2, 2, 1, 1, 2, 0, 0, 2, 0, 1, 1, 0, 2, 0, 0, 0, 0, 0, 0, 0]|[0, 0, 1, 1, 0, 3, 3, 0, 3, 1, 1, 3, 0, 3, 3, 3, 3, 3, 3, 3]|[1, 0, 1, 0, 1, 0, 2, 0, 0, 1, 1, 2, 1, 0, 0, 2, 0, 0, 2, 0],447.850240554012;8850.884098949731;13283.949643195205,8850.884098949731,NOT_APPLICABLE,NOT_APPLICABLE,NOT_APPLICABLE,12
87,2,32455,G2_TEC,HISTORICAL,[6, 19, 12, 5, 4, 16, 1, 7, 15, 11, 2, 10, 8, 3, 9, 13, 0, 14, 18, 17]|[2, 2, 1, 1, 2, 0, 0, 2, 0, 1, 1, 0, 2, 0, 0, 0, 0, 0, 0, 0]|[0, 0, 1, 1, 0, 3, 3, 0, 3, 1, 1, 3, 0, 3, 3, 3, 3, 3, 3, 3]|[1, 0, 1, 0, 1, 0, 2, 0, 0, 1, 1, 2, 1, 0, 0, 2, 0, 0, 2, 0],447.850240554012;8850.884098949731;13283.949643195205,0,false,[6, 19, 12, 5, 4, 16, 1, 7, 15, 11, 2, 10, 8, 3, 9, 13, 0, 14, 18, 17]|[2, 2, 1, 1, 2, 0, 0, 2, 0, 1, 1, 0, 2, 0, 0, 0, 0, 0, 0, 0]|[0, 0, 1, 1, 0, 3, 3, 0, 3, 1, 1, 3, 0, 3, 3, 3, 3, 3, 3, 3]|[1, 0, 1, 0, 1, 0, 2, 0, 0, 1, 1, 2, 1, 0, 0, 2, 0, 0, 2, 0],447.850240554012;8850.884098949731;13283.949643195205,8850.884098949731,NOT_APPLICABLE,NOT_APPLICABLE,NOT_APPLICABLE,57
87,2,32455,G3_TWC,PREVIOUS,[6, 19, 12, 5, 4, 16, 3, 11, 15, 7, 2, 9, 8, 0, 17, 13, 14, 10, 18, 1]|[2, 2, 0, 1, 0, 0, 2, 2, 1, 1, 1, 0, 2, 0, 0, 0, 0, 0, 0, 0]|[0, 0, 2, 1, 3, 3, 0, 0, 0, 1, 1, 3, 0, 3, 3, 0, 3, 3, 3, 3]|[1, 0, 1, 0, 2, 0, 1, 0, 1, 1, 1, 1, 1, 2, 1, 2, 0, 2, 1, 1],409.047230276459;9712.789948995710;12805.715992083906,0,false,[6, 19, 12, 5, 4, 16, 3, 11, 15, 7, 2, 9, 8, 0, 17, 13, 14, 10, 18, 1]|[2, 2, 0, 1, 0, 0, 2, 2, 1, 1, 1, 0, 2, 0, 0, 0, 0, 0, 0, 0]|[0, 0, 2, 1, 3, 3, 0, 0, 0, 1, 1, 3, 0, 3, 3, 0, 3, 3, 3, 3]|[1, 0, 1, 0, 2, 0, 1, 0, 1, 1, 1, 1, 1, 2, 1, 2, 0, 2, 1, 1],409.047230276459;9712.789948995710;12805.715992083906,12805.715992083906,NOT_APPLICABLE,NOT_APPLICABLE,NOT_APPLICABLE,25
87,2,32455,G3_TWC,HISTORICAL,[6, 19, 12, 5, 4, 16, 3, 11, 15, 7, 2, 9, 8, 0, 17, 13, 14, 10, 18, 1]|[2, 2, 0, 1, 0, 0, 2, 2, 1, 1, 1, 0, 2, 0, 0, 0, 0, 0, 0, 0]|[0, 0, 2, 1, 3, 3, 0, 0, 0, 1, 1, 3, 0, 3, 3, 0, 3, 3, 3, 3]|[1, 0, 1, 0, 2, 0, 1, 0, 1, 1, 1, 1, 1, 2, 1, 2, 0, 2, 1, 1],409.047230276459;9712.789948995710;12805.715992083906,0,false,[6, 19, 12, 5, 4, 16, 3, 11, 15, 7, 2, 9, 8, 0, 17, 13, 14, 10, 18, 1]|[2, 2, 0, 1, 0, 0, 2, 2, 1, 1, 1, 0, 2, 0, 0, 0, 0, 0, 0, 0]|[0, 0, 2, 1, 3, 3, 0, 0, 0, 1, 1, 3, 0, 3, 3, 0, 3, 3, 3, 3]|[1, 0, 1, 0, 2, 0, 1, 0, 1, 1, 1, 1, 1, 2, 1, 2, 0, 2, 1, 1],409.047230276459;9712.789948995710;12805.715992083906,12805.715992083906,NOT_APPLICABLE,NOT_APPLICABLE,NOT_APPLICABLE,37
87,2,32455,G4_BALANCED,PREVIOUS,[6, 19, 12, 10, 11, 2, 14, 16, 15, 4, 9, 8, 7, 5, 3, 17, 13, 1, 0, 18]|[2, 1, 0, 2, 2, 1, 1, 2, 0, 1, 0, 0, 1, 2, 1, 0, 0, 0, 0, 1]|[0, 1, 3, 0, 0, 1, 1, 0, 3, 1, 3, 3, 1, 0, 1, 3, 3, 3, 3, 1]|[1, 1, 2, 1, 0, 1, 1, 1, 0, 1, 2, 2, 1, 1, 1, 0, 0, 2, 0, 1],290.298630135278;8769.639861819510;17338.513197729690,0,false,[6, 19, 12, 10, 11, 2, 14, 16, 15, 4, 9, 8, 7, 5, 3, 17, 13, 1, 0, 18]|[2, 1, 0, 2, 2, 1, 1, 2, 0, 1, 0, 0, 1, 2, 1, 0, 0, 0, 0, 1]|[0, 1, 3, 0, 0, 1, 1, 0, 3, 1, 3, 3, 1, 0, 1, 3, 3, 3, 3, 1]|[1, 1, 2, 1, 0, 1, 1, 1, 0, 1, 2, 2, 1, 1, 1, 0, 0, 2, 0, 1],290.298630135278;8769.639861819510;17338.513197729690,0.644722806859,NOT_APPLICABLE,NOT_APPLICABLE,NOT_APPLICABLE,31
87,2,32455,G4_BALANCED,HISTORICAL,[6, 19, 12, 10, 11, 2, 14, 16, 15, 4, 9, 8, 7, 5, 3, 17, 13, 1, 0, 18]|[2, 1, 0, 2, 2, 1, 1, 2, 0, 1, 0, 0, 1, 2, 1, 0, 0, 0, 0, 1]|[0, 1, 3, 0, 0, 1, 1, 0, 3, 1, 3, 3, 1, 0, 1, 3, 3, 3, 3, 1]|[1, 1, 2, 1, 0, 1, 1, 1, 0, 1, 2, 2, 1, 1, 1, 0, 0, 2, 0, 1],290.298630135278;8769.639861819510;17338.513197729690,0,false,[6, 19, 12, 10, 11, 2, 14, 16, 15, 4, 9, 8, 7, 5, 3, 17, 13, 1, 0, 18]|[2, 1, 0, 2, 2, 1, 1, 2, 0, 1, 0, 0, 1, 2, 1, 0, 0, 0, 0, 1]|[0, 1, 3, 0, 0, 1, 1, 0, 3, 1, 3, 3, 1, 0, 1, 3, 3, 3, 3, 1]|[1, 1, 2, 1, 0, 1, 1, 1, 0, 1, 2, 2, 1, 1, 1, 0, 0, 2, 0, 1],290.298630135278;8769.639861819510;17338.513197729690,0.644722806859,NOT_APPLICABLE,NOT_APPLICABLE,NOT_APPLICABLE,31
88,2,32555,G1_CMAX,PREVIOUS,[19, 5, 4, 16, 3, 9, 10, 17, 2, 6, 13, 1, 0, 12, 7, 8, 15, 14, 18, 11]|[1, 2, 1, 0, 1, 0, 2, 0, 2, 2, 2, 1, 1, 1, 1, 0, 1, 0, 0, 2]|[0, 1, 1, 3, 0, 3, 0, 0, 0, 0, 0, 1, 0, 1, 1, 0, 0, 3, 0, 1]|[1, 1, 0, 2, 1, 1, 0, 0, 1, 1, 1, 0, 1, 1, 1, 0, 0, 0, 1, 0],205.178521975543;10962.783729077695;15862.374381374957,0,false,[19, 5, 4, 16, 3, 9, 10, 17, 2, 6, 13, 1, 0, 12, 7, 8, 15, 14, 18, 11]|[1, 2, 1, 0, 1, 0, 2, 0, 2, 2, 2, 1, 1, 1, 1, 0, 1, 0, 0, 2]|[0, 1, 1, 3, 0, 3, 0, 0, 0, 0, 0, 1, 0, 1, 1, 0, 0, 3, 0, 1]|[1, 1, 0, 2, 1, 1, 0, 0, 1, 1, 1, 0, 1, 1, 1, 0, 0, 0, 1, 0],205.178521975543;10962.783729077695;15862.374381374957,205.178521975543,NOT_APPLICABLE,NOT_APPLICABLE,NOT_APPLICABLE,27
88,2,32555,G1_CMAX,HISTORICAL,[19, 5, 4, 16, 3, 9, 10, 17, 2, 6, 13, 1, 0, 12, 7, 8, 15, 14, 18, 11]|[1, 2, 1, 0, 1, 0, 2, 0, 2, 2, 2, 1, 1, 1, 1, 0, 1, 0, 0, 2]|[0, 1, 1, 3, 0, 3, 0, 0, 0, 0, 0, 1, 0, 1, 1, 0, 0, 3, 0, 1]|[1, 1, 0, 2, 1, 1, 0, 0, 1, 1, 1, 0, 1, 1, 1, 0, 0, 0, 1, 0],205.178521975543;10962.783729077695;15862.374381374957,0,false,[19, 5, 4, 16, 3, 9, 10, 17, 2, 6, 13, 1, 0, 12, 7, 8, 15, 14, 18, 11]|[1, 2, 1, 0, 1, 0, 2, 0, 2, 2, 2, 1, 1, 1, 1, 0, 1, 0, 0, 2]|[0, 1, 1, 3, 0, 3, 0, 0, 0, 0, 0, 1, 0, 1, 1, 0, 0, 3, 0, 1]|[1, 1, 0, 2, 1, 1, 0, 0, 1, 1, 1, 0, 1, 1, 1, 0, 0, 0, 1, 0],205.178521975543;10962.783729077695;15862.374381374957,205.178521975543,NOT_APPLICABLE,NOT_APPLICABLE,NOT_APPLICABLE,43
88,2,32555,G2_TEC,PREVIOUS,[6, 19, 12, 5, 4, 16, 1, 7, 15, 11, 2, 10, 8, 3, 9, 13, 0, 14, 18, 17]|[2, 2, 1, 1, 2, 0, 0, 2, 0, 1, 1, 0, 2, 0, 0, 0, 0, 0, 0, 0]|[0, 0, 1, 1, 0, 3, 3, 0, 3, 1, 1, 3, 0, 3, 3, 3, 3, 3, 3, 3]|[1, 0, 1, 0, 1, 0, 2, 0, 0, 1, 1, 2, 1, 0, 0, 2, 0, 0, 2, 0],447.850240554012;8850.884098949731;13283.949643195205,0,false,[6, 19, 12, 5, 4, 16, 1, 7, 15, 11, 2, 10, 8, 3, 9, 13, 0, 14, 18, 17]|[2, 2, 1, 1, 2, 0, 0, 2, 0, 1, 1, 0, 2, 0, 0, 0, 0, 0, 0, 0]|[0, 0, 1, 1, 0, 3, 3, 0, 3, 1, 1, 3, 0, 3, 3, 3, 3, 3, 3, 3]|[1, 0, 1, 0, 1, 0, 2, 0, 0, 1, 1, 2, 1, 0, 0, 2, 0, 0, 2, 0],447.850240554012;8850.884098949731;13283.949643195205,8850.884098949731,NOT_APPLICABLE,NOT_APPLICABLE,NOT_APPLICABLE,12
88,2,32555,G2_TEC,HISTORICAL,[6, 19, 12, 5, 4, 16, 1, 7, 15, 11, 2, 10, 8, 3, 9, 13, 0, 14, 18, 17]|[2, 2, 1, 1, 2, 0, 0, 2, 0, 1, 1, 0, 2, 0, 0, 0, 0, 0, 0, 0]|[0, 0, 1, 1, 0, 3, 3, 0, 3, 1, 1, 3, 0, 3, 3, 3, 3, 3, 3, 3]|[1, 0, 1, 0, 1, 0, 2, 0, 0, 1, 1, 2, 1, 0, 0, 2, 0, 0, 2, 0],447.850240554012;8850.884098949731;13283.949643195205,0,false,[6, 19, 12, 5, 4, 16, 1, 7, 15, 11, 2, 10, 8, 3, 9, 13, 0, 14, 18, 17]|[2, 2, 1, 1, 2, 0, 0, 2, 0, 1, 1, 0, 2, 0, 0, 0, 0, 0, 0, 0]|[0, 0, 1, 1, 0, 3, 3, 0, 3, 1, 1, 3, 0, 3, 3, 3, 3, 3, 3, 3]|[1, 0, 1, 0, 1, 0, 2, 0, 0, 1, 1, 2, 1, 0, 0, 2, 0, 0, 2, 0],447.850240554012;8850.884098949731;13283.949643195205,8850.884098949731,NOT_APPLICABLE,NOT_APPLICABLE,NOT_APPLICABLE,58
88,2,32555,G3_TWC,PREVIOUS,[6, 19, 12, 5, 4, 16, 3, 11, 15, 7, 2, 9, 8, 0, 17, 13, 14, 10, 18, 1]|[2, 2, 0, 1, 0, 0, 2, 2, 1, 1, 1, 0, 2, 0, 0, 0, 0, 0, 0, 0]|[0, 0, 2, 1, 3, 3, 0, 0, 0, 1, 1, 3, 0, 3, 3, 0, 3, 3, 3, 3]|[1, 0, 1, 0, 2, 0, 1, 0, 1, 1, 1, 1, 1, 2, 1, 2, 0, 2, 1, 1],409.047230276459;9712.789948995710;12805.715992083906,0,false,[6, 19, 12, 5, 4, 16, 3, 11, 15, 7, 2, 9, 8, 0, 17, 13, 14, 10, 18, 1]|[2, 2, 0, 1, 0, 0, 2, 2, 1, 1, 1, 0, 2, 0, 0, 0, 0, 0, 0, 0]|[0, 0, 2, 1, 3, 3, 0, 0, 0, 1, 1, 3, 0, 3, 3, 0, 3, 3, 3, 3]|[1, 0, 1, 0, 2, 0, 1, 0, 1, 1, 1, 1, 1, 2, 1, 2, 0, 2, 1, 1],409.047230276459;9712.789948995710;12805.715992083906,12805.715992083906,NOT_APPLICABLE,NOT_APPLICABLE,NOT_APPLICABLE,25
88,2,32555,G3_TWC,HISTORICAL,[6, 19, 12, 5, 4, 16, 3, 11, 15, 7, 2, 9, 8, 0, 17, 13, 14, 10, 18, 1]|[2, 2, 0, 1, 0, 0, 2, 2, 1, 1, 1, 0, 2, 0, 0, 0, 0, 0, 0, 0]|[0, 0, 2, 1, 3, 3, 0, 0, 0, 1, 1, 3, 0, 3, 3, 0, 3, 3, 3, 3]|[1, 0, 1, 0, 2, 0, 1, 0, 1, 1, 1, 1, 1, 2, 1, 2, 0, 2, 1, 1],409.047230276459;9712.789948995710;12805.715992083906,0,false,[6, 19, 12, 5, 4, 16, 3, 11, 15, 7, 2, 9, 8, 0, 17, 13, 14, 10, 18, 1]|[2, 2, 0, 1, 0, 0, 2, 2, 1, 1, 1, 0, 2, 0, 0, 0, 0, 0, 0, 0]|[0, 0, 2, 1, 3, 3, 0, 0, 0, 1, 1, 3, 0, 3, 3, 0, 3, 3, 3, 3]|[1, 0, 1, 0, 2, 0, 1, 0, 1, 1, 1, 1, 1, 2, 1, 2, 0, 2, 1, 1],409.047230276459;9712.789948995710;12805.715992083906,12805.715992083906,NOT_APPLICABLE,NOT_APPLICABLE,NOT_APPLICABLE,38
88,2,32555,G4_BALANCED,PREVIOUS,[6, 19, 12, 10, 11, 2, 14, 16, 15, 4, 9, 8, 7, 5, 3, 17, 13, 1, 0, 18]|[2, 1, 0, 2, 2, 1, 1, 2, 0, 1, 0, 0, 1, 2, 1, 0, 0, 0, 0, 1]|[0, 1, 3, 0, 0, 1, 1, 0, 3, 1, 3, 3, 1, 0, 1, 3, 3, 3, 3, 1]|[1, 1, 2, 1, 0, 1, 1, 1, 0, 1, 2, 2, 1, 1, 1, 0, 0, 2, 0, 1],290.298630135278;8769.639861819510;17338.513197729690,0,false,[6, 19, 12, 10, 11, 2, 14, 16, 15, 4, 9, 8, 7, 5, 3, 17, 13, 1, 0, 18]|[2, 1, 0, 2, 2, 1, 1, 2, 0, 1, 0, 0, 1, 2, 1, 0, 0, 0, 0, 1]|[0, 1, 3, 0, 0, 1, 1, 0, 3, 1, 3, 3, 1, 0, 1, 3, 3, 3, 3, 1]|[1, 1, 2, 1, 0, 1, 1, 1, 0, 1, 2, 2, 1, 1, 1, 0, 0, 2, 0, 1],290.298630135278;8769.639861819510;17338.513197729690,0.613439697525,NOT_APPLICABLE,NOT_APPLICABLE,NOT_APPLICABLE,31
88,2,32555,G4_BALANCED,HISTORICAL,[6, 19, 12, 10, 11, 2, 14, 16, 15, 4, 9, 8, 7, 5, 3, 17, 13, 1, 0, 18]|[2, 1, 0, 2, 2, 1, 1, 2, 0, 1, 0, 0, 1, 2, 1, 0, 0, 0, 0, 1]|[0, 1, 3, 0, 0, 1, 1, 0, 3, 1, 3, 3, 1, 0, 1, 3, 3, 3, 3, 1]|[1, 1, 2, 1, 0, 1, 1, 1, 0, 1, 2, 2, 1, 1, 1, 0, 0, 2, 0, 1],290.298630135278;8769.639861819510;17338.513197729690,0,false,[6, 19, 12, 10, 11, 2, 14, 16, 15, 4, 9, 8, 7, 5, 3, 17, 13, 1, 0, 18]|[2, 1, 0, 2, 2, 1, 1, 2, 0, 1, 0, 0, 1, 2, 1, 0, 0, 0, 0, 1]|[0, 1, 3, 0, 0, 1, 1, 0, 3, 1, 3, 3, 1, 0, 1, 3, 3, 3, 3, 1]|[1, 1, 2, 1, 0, 1, 1, 1, 0, 1, 2, 2, 1, 1, 1, 0, 0, 2, 0, 1],290.298630135278;8769.639861819510;17338.513197729690,0.613439697525,NOT_APPLICABLE,NOT_APPLICABLE,NOT_APPLICABLE,32
89,2,32655,G1_CMAX,PREVIOUS,[19, 5, 4, 16, 3, 9, 10, 17, 2, 6, 13, 1, 0, 12, 7, 8, 15, 14, 18, 11]|[1, 2, 1, 0, 1, 0, 2, 0, 2, 2, 2, 1, 1, 1, 1, 0, 1, 0, 0, 2]|[0, 1, 1, 3, 0, 3, 0, 0, 0, 0, 0, 1, 0, 1, 1, 0, 0, 3, 0, 1]|[1, 1, 0, 2, 1, 1, 0, 0, 1, 1, 1, 0, 1, 1, 1, 0, 0, 0, 1, 0],205.178521975543;10962.783729077695;15862.374381374957,0,false,[19, 5, 4, 16, 3, 9, 10, 17, 2, 6, 13, 1, 0, 12, 7, 8, 15, 14, 18, 11]|[1, 2, 1, 0, 1, 0, 2, 0, 2, 2, 2, 1, 1, 1, 1, 0, 1, 0, 0, 2]|[0, 1, 1, 3, 0, 3, 0, 0, 0, 0, 0, 1, 0, 1, 1, 0, 0, 3, 0, 1]|[1, 1, 0, 2, 1, 1, 0, 0, 1, 1, 1, 0, 1, 1, 1, 0, 0, 0, 1, 0],205.178521975543;10962.783729077695;15862.374381374957,205.178521975543,NOT_APPLICABLE,NOT_APPLICABLE,NOT_APPLICABLE,27
89,2,32655,G1_CMAX,HISTORICAL,[19, 5, 4, 16, 3, 9, 10, 17, 2, 6, 13, 1, 0, 12, 7, 8, 15, 14, 18, 11]|[1, 2, 1, 0, 1, 0, 2, 0, 2, 2, 2, 1, 1, 1, 1, 0, 1, 0, 0, 2]|[0, 1, 1, 3, 0, 3, 0, 0, 0, 0, 0, 1, 0, 1, 1, 0, 0, 3, 0, 1]|[1, 1, 0, 2, 1, 1, 0, 0, 1, 1, 1, 0, 1, 1, 1, 0, 0, 0, 1, 0],205.178521975543;10962.783729077695;15862.374381374957,0,false,[19, 5, 4, 16, 3, 9, 10, 17, 2, 6, 13, 1, 0, 12, 7, 8, 15, 14, 18, 11]|[1, 2, 1, 0, 1, 0, 2, 0, 2, 2, 2, 1, 1, 1, 1, 0, 1, 0, 0, 2]|[0, 1, 1, 3, 0, 3, 0, 0, 0, 0, 0, 1, 0, 1, 1, 0, 0, 3, 0, 1]|[1, 1, 0, 2, 1, 1, 0, 0, 1, 1, 1, 0, 1, 1, 1, 0, 0, 0, 1, 0],205.178521975543;10962.783729077695;15862.374381374957,205.178521975543,NOT_APPLICABLE,NOT_APPLICABLE,NOT_APPLICABLE,44
89,2,32655,G2_TEC,PREVIOUS,[6, 19, 12, 5, 4, 16, 1, 7, 15, 11, 2, 10, 8, 3, 9, 13, 0, 14, 18, 17]|[2, 2, 1, 1, 2, 0, 0, 2, 0, 1, 1, 0, 2, 0, 0, 0, 0, 0, 0, 0]|[0, 0, 1, 1, 0, 3, 3, 0, 3, 1, 1, 3, 0, 3, 3, 3, 3, 3, 3, 3]|[1, 0, 1, 0, 1, 0, 2, 0, 0, 1, 1, 2, 1, 0, 0, 2, 0, 0, 2, 0],447.850240554012;8850.884098949731;13283.949643195205,0,false,[6, 19, 12, 5, 4, 16, 1, 7, 15, 11, 2, 10, 8, 3, 9, 13, 0, 14, 18, 17]|[2, 2, 1, 1, 2, 0, 0, 2, 0, 1, 1, 0, 2, 0, 0, 0, 0, 0, 0, 0]|[0, 0, 1, 1, 0, 3, 3, 0, 3, 1, 1, 3, 0, 3, 3, 3, 3, 3, 3, 3]|[1, 0, 1, 0, 1, 0, 2, 0, 0, 1, 1, 2, 1, 0, 0, 2, 0, 0, 2, 0],447.850240554012;8850.884098949731;13283.949643195205,8850.884098949731,NOT_APPLICABLE,NOT_APPLICABLE,NOT_APPLICABLE,13
89,2,32655,G2_TEC,HISTORICAL,[6, 19, 12, 5, 4, 16, 1, 7, 15, 11, 2, 10, 8, 3, 9, 13, 0, 14, 18, 17]|[2, 2, 1, 1, 2, 0, 0, 2, 0, 1, 1, 0, 2, 0, 0, 0, 0, 0, 0, 0]|[0, 0, 1, 1, 0, 3, 3, 0, 3, 1, 1, 3, 0, 3, 3, 3, 3, 3, 3, 3]|[1, 0, 1, 0, 1, 0, 2, 0, 0, 1, 1, 2, 1, 0, 0, 2, 0, 0, 2, 0],447.850240554012;8850.884098949731;13283.949643195205,0,false,[6, 19, 12, 5, 4, 16, 1, 7, 15, 11, 2, 10, 8, 3, 9, 13, 0, 14, 18, 17]|[2, 2, 1, 1, 2, 0, 0, 2, 0, 1, 1, 0, 2, 0, 0, 0, 0, 0, 0, 0]|[0, 0, 1, 1, 0, 3, 3, 0, 3, 1, 1, 3, 0, 3, 3, 3, 3, 3, 3, 3]|[1, 0, 1, 0, 1, 0, 2, 0, 0, 1, 1, 2, 1, 0, 0, 2, 0, 0, 2, 0],447.850240554012;8850.884098949731;13283.949643195205,8850.884098949731,NOT_APPLICABLE,NOT_APPLICABLE,NOT_APPLICABLE,58
89,2,32655,G3_TWC,PREVIOUS,[6, 19, 12, 5, 4, 16, 3, 11, 15, 7, 2, 9, 8, 0, 17, 13, 14, 10, 18, 1]|[2, 2, 0, 1, 0, 0, 2, 2, 1, 1, 1, 0, 2, 0, 0, 0, 0, 0, 0, 0]|[0, 0, 2, 1, 3, 3, 0, 0, 0, 1, 1, 3, 0, 3, 3, 0, 3, 3, 3, 3]|[1, 0, 1, 0, 2, 0, 1, 0, 1, 1, 1, 1, 1, 2, 1, 2, 0, 2, 1, 1],409.047230276459;9712.789948995710;12805.715992083906,0,false,[6, 19, 12, 5, 4, 16, 3, 11, 15, 7, 2, 9, 8, 0, 17, 13, 14, 10, 18, 1]|[2, 2, 0, 1, 0, 0, 2, 2, 1, 1, 1, 0, 2, 0, 0, 0, 0, 0, 0, 0]|[0, 0, 2, 1, 3, 3, 0, 0, 0, 1, 1, 3, 0, 3, 3, 0, 3, 3, 3, 3]|[1, 0, 1, 0, 2, 0, 1, 0, 1, 1, 1, 1, 1, 2, 1, 2, 0, 2, 1, 1],409.047230276459;9712.789948995710;12805.715992083906,12805.715992083906,NOT_APPLICABLE,NOT_APPLICABLE,NOT_APPLICABLE,25
89,2,32655,G3_TWC,HISTORICAL,[6, 19, 12, 5, 4, 16, 3, 11, 15, 7, 2, 9, 8, 0, 17, 13, 14, 10, 18, 1]|[2, 2, 0, 1, 0, 0, 2, 2, 1, 1, 1, 0, 2, 0, 0, 0, 0, 0, 0, 0]|[0, 0, 2, 1, 3, 3, 0, 0, 0, 1, 1, 3, 0, 3, 3, 0, 3, 3, 3, 3]|[1, 0, 1, 0, 2, 0, 1, 0, 1, 1, 1, 1, 1, 2, 1, 2, 0, 2, 1, 1],409.047230276459;9712.789948995710;12805.715992083906,0,false,[6, 19, 12, 5, 4, 16, 3, 11, 15, 7, 2, 9, 8, 0, 17, 13, 14, 10, 18, 1]|[2, 2, 0, 1, 0, 0, 2, 2, 1, 1, 1, 0, 2, 0, 0, 0, 0, 0, 0, 0]|[0, 0, 2, 1, 3, 3, 0, 0, 0, 1, 1, 3, 0, 3, 3, 0, 3, 3, 3, 3]|[1, 0, 1, 0, 2, 0, 1, 0, 1, 1, 1, 1, 1, 2, 1, 2, 0, 2, 1, 1],409.047230276459;9712.789948995710;12805.715992083906,12805.715992083906,NOT_APPLICABLE,NOT_APPLICABLE,NOT_APPLICABLE,39
89,2,32655,G4_BALANCED,PREVIOUS,[6, 19, 12, 10, 11, 2, 14, 16, 15, 4, 9, 8, 7, 5, 3, 17, 13, 1, 0, 18]|[2, 1, 0, 2, 2, 1, 1, 2, 0, 1, 0, 0, 1, 2, 1, 0, 0, 0, 0, 1]|[0, 1, 3, 0, 0, 1, 1, 0, 3, 1, 3, 3, 1, 0, 1, 3, 3, 3, 3, 1]|[1, 1, 2, 1, 0, 1, 1, 1, 0, 1, 2, 2, 1, 1, 1, 0, 0, 2, 0, 1],290.298630135278;8769.639861819510;17338.513197729690,0,false,[6, 19, 12, 10, 11, 2, 14, 16, 15, 4, 9, 8, 7, 5, 3, 17, 13, 1, 0, 18]|[2, 1, 0, 2, 2, 1, 1, 2, 0, 1, 0, 0, 1, 2, 1, 0, 0, 0, 0, 1]|[0, 1, 3, 0, 0, 1, 1, 0, 3, 1, 3, 3, 1, 0, 1, 3, 3, 3, 3, 1]|[1, 1, 2, 1, 0, 1, 1, 1, 0, 1, 2, 2, 1, 1, 1, 0, 0, 2, 0, 1],290.298630135278;8769.639861819510;17338.513197729690,0.613439697525,NOT_APPLICABLE,NOT_APPLICABLE,NOT_APPLICABLE,31
89,2,32655,G4_BALANCED,HISTORICAL,[6, 19, 12, 10, 11, 2, 14, 16, 15, 4, 9, 8, 7, 5, 3, 17, 13, 1, 0, 18]|[2, 1, 0, 2, 2, 1, 1, 2, 0, 1, 0, 0, 1, 2, 1, 0, 0, 0, 0, 1]|[0, 1, 3, 0, 0, 1, 1, 0, 3, 1, 3, 3, 1, 0, 1, 3, 3, 3, 3, 1]|[1, 1, 2, 1, 0, 1, 1, 1, 0, 1, 2, 2, 1, 1, 1, 0, 0, 2, 0, 1],290.298630135278;8769.639861819510;17338.513197729690,0,false,[6, 19, 12, 10, 11, 2, 14, 16, 15, 4, 9, 8, 7, 5, 3, 17, 13, 1, 0, 18]|[2, 1, 0, 2, 2, 1, 1, 2, 0, 1, 0, 0, 1, 2, 1, 0, 0, 0, 0, 1]|[0, 1, 3, 0, 0, 1, 1, 0, 3, 1, 3, 3, 1, 0, 1, 3, 3, 3, 3, 1]|[1, 1, 2, 1, 0, 1, 1, 1, 0, 1, 2, 2, 1, 1, 1, 0, 0, 2, 0, 1],290.298630135278;8769.639861819510;17338.513197729690,0.613439697525,NOT_APPLICABLE,NOT_APPLICABLE,NOT_APPLICABLE,33
90,2,32755,G1_CMAX,PREVIOUS,[19, 5, 4, 16, 3, 9, 10, 17, 2, 6, 13, 1, 0, 12, 7, 8, 15, 14, 18, 11]|[1, 2, 1, 0, 1, 0, 2, 0, 2, 2, 2, 1, 1, 1, 1, 0, 1, 0, 0, 2]|[0, 1, 1, 3, 0, 3, 0, 0, 0, 0, 0, 1, 0, 1, 1, 0, 0, 3, 0, 1]|[1, 1, 0, 2, 1, 1, 0, 0, 1, 1, 1, 0, 1, 1, 1, 0, 0, 0, 1, 0],205.178521975543;10962.783729077695;15862.374381374957,0,false,[19, 5, 4, 16, 3, 9, 10, 17, 2, 6, 13, 1, 0, 12, 7, 8, 15, 14, 18, 11]|[1, 2, 1, 0, 1, 0, 2, 0, 2, 2, 2, 1, 1, 1, 1, 0, 1, 0, 0, 2]|[0, 1, 1, 3, 0, 3, 0, 0, 0, 0, 0, 1, 0, 1, 1, 0, 0, 3, 0, 1]|[1, 1, 0, 2, 1, 1, 0, 0, 1, 1, 1, 0, 1, 1, 1, 0, 0, 0, 1, 0],205.178521975543;10962.783729077695;15862.374381374957,205.178521975543,NOT_APPLICABLE,NOT_APPLICABLE,NOT_APPLICABLE,28
90,2,32755,G1_CMAX,HISTORICAL,[19, 5, 4, 16, 3, 9, 10, 17, 2, 6, 13, 1, 0, 12, 7, 8, 15, 14, 18, 11]|[1, 2, 1, 0, 1, 0, 2, 0, 2, 2, 2, 1, 1, 1, 1, 0, 1, 0, 0, 2]|[0, 1, 1, 3, 0, 3, 0, 0, 0, 0, 0, 1, 0, 1, 1, 0, 0, 3, 0, 1]|[1, 1, 0, 2, 1, 1, 0, 0, 1, 1, 1, 0, 1, 1, 1, 0, 0, 0, 1, 0],205.178521975543;10962.783729077695;15862.374381374957,0,false,[19, 5, 4, 16, 3, 9, 10, 17, 2, 6, 13, 1, 0, 12, 7, 8, 15, 14, 18, 11]|[1, 2, 1, 0, 1, 0, 2, 0, 2, 2, 2, 1, 1, 1, 1, 0, 1, 0, 0, 2]|[0, 1, 1, 3, 0, 3, 0, 0, 0, 0, 0, 1, 0, 1, 1, 0, 0, 3, 0, 1]|[1, 1, 0, 2, 1, 1, 0, 0, 1, 1, 1, 0, 1, 1, 1, 0, 0, 0, 1, 0],205.178521975543;10962.783729077695;15862.374381374957,205.178521975543,NOT_APPLICABLE,NOT_APPLICABLE,NOT_APPLICABLE,44
90,2,32755,G2_TEC,PREVIOUS,[6, 19, 12, 5, 4, 16, 1, 7, 15, 11, 2, 10, 8, 3, 9, 13, 0, 14, 18, 17]|[2, 2, 1, 1, 2, 0, 0, 2, 0, 1, 1, 0, 2, 0, 0, 0, 0, 0, 0, 0]|[0, 0, 1, 1, 0, 3, 3, 0, 3, 1, 1, 3, 0, 3, 3, 3, 3, 3, 3, 3]|[1, 0, 1, 0, 1, 0, 2, 0, 0, 1, 1, 2, 1, 0, 0, 2, 0, 0, 2, 0],447.850240554012;8850.884098949731;13283.949643195205,0,false,[6, 19, 12, 5, 4, 16, 1, 7, 15, 11, 2, 10, 8, 3, 9, 13, 0, 14, 18, 17]|[2, 2, 1, 1, 2, 0, 0, 2, 0, 1, 1, 0, 2, 0, 0, 0, 0, 0, 0, 0]|[0, 0, 1, 1, 0, 3, 3, 0, 3, 1, 1, 3, 0, 3, 3, 3, 3, 3, 3, 3]|[1, 0, 1, 0, 1, 0, 2, 0, 0, 1, 1, 2, 1, 0, 0, 2, 0, 0, 2, 0],447.850240554012;8850.884098949731;13283.949643195205,8850.884098949731,NOT_APPLICABLE,NOT_APPLICABLE,NOT_APPLICABLE,13
90,2,32755,G2_TEC,HISTORICAL,[6, 19, 12, 5, 4, 16, 1, 7, 15, 11, 2, 10, 8, 3, 9, 13, 0, 14, 18, 17]|[2, 2, 1, 1, 2, 0, 0, 2, 0, 1, 1, 0, 2, 0, 0, 0, 0, 0, 0, 0]|[0, 0, 1, 1, 0, 3, 3, 0, 3, 1, 1, 3, 0, 3, 3, 3, 3, 3, 3, 3]|[1, 0, 1, 0, 1, 0, 2, 0, 0, 1, 1, 2, 1, 0, 0, 2, 0, 0, 2, 0],447.850240554012;8850.884098949731;13283.949643195205,0,false,[6, 19, 12, 5, 4, 16, 1, 7, 15, 11, 2, 10, 8, 3, 9, 13, 0, 14, 18, 17]|[2, 2, 1, 1, 2, 0, 0, 2, 0, 1, 1, 0, 2, 0, 0, 0, 0, 0, 0, 0]|[0, 0, 1, 1, 0, 3, 3, 0, 3, 1, 1, 3, 0, 3, 3, 3, 3, 3, 3, 3]|[1, 0, 1, 0, 1, 0, 2, 0, 0, 1, 1, 2, 1, 0, 0, 2, 0, 0, 2, 0],447.850240554012;8850.884098949731;13283.949643195205,8850.884098949731,NOT_APPLICABLE,NOT_APPLICABLE,NOT_APPLICABLE,59
90,2,32755,G3_TWC,PREVIOUS,[6, 19, 12, 5, 4, 16, 3, 11, 15, 7, 2, 9, 8, 0, 17, 13, 14, 10, 18, 1]|[2, 2, 0, 1, 0, 0, 2, 2, 1, 1, 1, 0, 2, 0, 0, 0, 0, 0, 0, 0]|[0, 0, 2, 1, 3, 3, 0, 0, 0, 1, 1, 3, 0, 3, 3, 0, 3, 3, 3, 3]|[1, 0, 1, 0, 2, 0, 1, 0, 1, 1, 1, 1, 1, 2, 1, 2, 0, 2, 1, 1],409.047230276459;9712.789948995710;12805.715992083906,0,false,[6, 19, 12, 5, 4, 16, 3, 11, 15, 7, 2, 9, 8, 0, 17, 13, 14, 10, 18, 1]|[2, 2, 0, 1, 0, 0, 2, 2, 1, 1, 1, 0, 2, 0, 0, 0, 0, 0, 0, 0]|[0, 0, 2, 1, 3, 3, 0, 0, 0, 1, 1, 3, 0, 3, 3, 0, 3, 3, 3, 3]|[1, 0, 1, 0, 2, 0, 1, 0, 1, 1, 1, 1, 1, 2, 1, 2, 0, 2, 1, 1],409.047230276459;9712.789948995710;12805.715992083906,12805.715992083906,NOT_APPLICABLE,NOT_APPLICABLE,NOT_APPLICABLE,25
90,2,32755,G3_TWC,HISTORICAL,[6, 19, 12, 5, 4, 16, 3, 11, 15, 7, 2, 9, 8, 0, 17, 13, 14, 10, 18, 1]|[2, 2, 0, 1, 0, 0, 2, 2, 1, 1, 1, 0, 2, 0, 0, 0, 0, 0, 0, 0]|[0, 0, 2, 1, 3, 3, 0, 0, 0, 1, 1, 3, 0, 3, 3, 0, 3, 3, 3, 3]|[1, 0, 1, 0, 2, 0, 1, 0, 1, 1, 1, 1, 1, 2, 1, 2, 0, 2, 1, 1],409.047230276459;9712.789948995710;12805.715992083906,0,false,[6, 19, 12, 5, 4, 16, 3, 11, 15, 7, 2, 9, 8, 0, 17, 13, 14, 10, 18, 1]|[2, 2, 0, 1, 0, 0, 2, 2, 1, 1, 1, 0, 2, 0, 0, 0, 0, 0, 0, 0]|[0, 0, 2, 1, 3, 3, 0, 0, 0, 1, 1, 3, 0, 3, 3, 0, 3, 3, 3, 3]|[1, 0, 1, 0, 2, 0, 1, 0, 1, 1, 1, 1, 1, 2, 1, 2, 0, 2, 1, 1],409.047230276459;9712.789948995710;12805.715992083906,12805.715992083906,NOT_APPLICABLE,NOT_APPLICABLE,NOT_APPLICABLE,40
90,2,32755,G4_BALANCED,PREVIOUS,[6, 19, 12, 10, 11, 2, 14, 16, 15, 4, 9, 8, 7, 5, 3, 17, 13, 1, 0, 18]|[2, 1, 0, 2, 2, 1, 1, 2, 0, 1, 0, 0, 1, 2, 1, 0, 0, 0, 0, 1]|[0, 1, 3, 0, 0, 1, 1, 0, 3, 1, 3, 3, 1, 0, 1, 3, 3, 3, 3, 1]|[1, 1, 2, 1, 0, 1, 1, 1, 0, 1, 2, 2, 1, 1, 1, 0, 0, 2, 0, 1],290.298630135278;8769.639861819510;17338.513197729690,0,false,[6, 19, 12, 10, 11, 2, 14, 16, 15, 4, 9, 8, 7, 5, 3, 17, 13, 1, 0, 18]|[2, 1, 0, 2, 2, 1, 1, 2, 0, 1, 0, 0, 1, 2, 1, 0, 0, 0, 0, 1]|[0, 1, 3, 0, 0, 1, 1, 0, 3, 1, 3, 3, 1, 0, 1, 3, 3, 3, 3, 1]|[1, 1, 2, 1, 0, 1, 1, 1, 0, 1, 2, 2, 1, 1, 1, 0, 0, 2, 0, 1],290.298630135278;8769.639861819510;17338.513197729690,0.613439697525,NOT_APPLICABLE,NOT_APPLICABLE,NOT_APPLICABLE,32
90,2,32755,G4_BALANCED,HISTORICAL,[6, 19, 12, 10, 11, 2, 14, 16, 15, 4, 9, 8, 7, 5, 3, 17, 13, 1, 0, 18]|[2, 1, 0, 2, 2, 1, 1, 2, 0, 1, 0, 0, 1, 2, 1, 0, 0, 0, 0, 1]|[0, 1, 3, 0, 0, 1, 1, 0, 3, 1, 3, 3, 1, 0, 1, 3, 3, 3, 3, 1]|[1, 1, 2, 1, 0, 1, 1, 1, 0, 1, 2, 2, 1, 1, 1, 0, 0, 2, 0, 1],290.298630135278;8769.639861819510;17338.513197729690,0,false,[6, 19, 12, 10, 11, 2, 14, 16, 15, 4, 9, 8, 7, 5, 3, 17, 13, 1, 0, 18]|[2, 1, 0, 2, 2, 1, 1, 2, 0, 1, 0, 0, 1, 2, 1, 0, 0, 0, 0, 1]|[0, 1, 3, 0, 0, 1, 1, 0, 3, 1, 3, 3, 1, 0, 1, 3, 3, 3, 3, 1]|[1, 1, 2, 1, 0, 1, 1, 1, 0, 1, 2, 2, 1, 1, 1, 0, 0, 2, 0, 1],290.298630135278;8769.639861819510;17338.513197729690,0.613439697525,NOT_APPLICABLE,NOT_APPLICABLE,NOT_APPLICABLE,33
91,2,32855,G1_CMAX,PREVIOUS,[6, 19, 12, 5, 4, 16, 3, 11, 15, 7, 10, 8, 13, 18, 17, 14, 9, 1, 2, 0]|[2, 1, 1, 1, 2, 2, 1, 2, 0, 1, 2, 2, 1, 1, 0, 0, 0, 0, 0, 0]|[0, 1, 1, 1, 0, 0, 1, 0, 3, 1, 0, 0, 1, 1, 0, 3, 3, 3, 3, 3]|[1, 1, 1, 0, 1, 1, 1, 0, 0, 1, 1, 1, 1, 1, 0, 2, 1, 0, 0, 0],264.502037718647;9313.337819606684;18655.305950687143,0,false,[6, 19, 12, 5, 4, 16, 3, 11, 15, 7, 10, 8, 13, 18, 17, 14, 9, 1, 2, 0]|[2, 1, 1, 1, 2, 2, 1, 2, 0, 1, 2, 2, 1, 1, 0, 0, 0, 0, 0, 0]|[0, 1, 1, 1, 0, 0, 1, 0, 3, 1, 0, 0, 1, 1, 0, 3, 3, 3, 3, 3]|[1, 1, 1, 0, 1, 1, 1, 0, 0, 1, 1, 1, 1, 1, 0, 2, 1, 0, 0, 0],264.502037718647;9313.337819606684;18655.305950687143,264.502037718647,NOT_APPLICABLE,NOT_APPLICABLE,NOT_APPLICABLE,28
91,2,32855,G1_CMAX,HISTORICAL,[19, 5, 4, 16, 3, 9, 10, 17, 2, 6, 13, 1, 0, 12, 7, 8, 15, 14, 18, 11]|[1, 2, 1, 0, 1, 0, 2, 0, 2, 2, 2, 1, 1, 1, 1, 0, 1, 0, 0, 2]|[0, 1, 1, 3, 0, 3, 0, 0, 0, 0, 0, 1, 0, 1, 1, 0, 0, 3, 0, 1]|[1, 1, 0, 2, 1, 1, 0, 0, 1, 1, 1, 0, 1, 1, 1, 0, 0, 0, 1, 0],205.178521975543;10962.783729077695;15862.374381374957,0,false,[19, 5, 4, 16, 3, 9, 10, 17, 2, 6, 13, 1, 0, 12, 7, 8, 15, 14, 18, 11]|[1, 2, 1, 0, 1, 0, 2, 0, 2, 2, 2, 1, 1, 1, 1, 0, 1, 0, 0, 2]|[0, 1, 1, 3, 0, 3, 0, 0, 0, 0, 0, 1, 0, 1, 1, 0, 0, 3, 0, 1]|[1, 1, 0, 2, 1, 1, 0, 0, 1, 1, 1, 0, 1, 1, 1, 0, 0, 0, 1, 0],205.178521975543;10962.783729077695;15862.374381374957,205.178521975543,NOT_APPLICABLE,NOT_APPLICABLE,NOT_APPLICABLE,44
91,2,32855,G2_TEC,PREVIOUS,[6, 19, 13, 10, 11, 2, 14, 16, 15, 4, 9, 8, 7, 5, 17, 12, 18, 1, 3, 0]|[2, 1, 0, 2, 2, 1, 1, 2, 0, 2, 0, 0, 1, 0, 0, 1, 1, 0, 1, 0]|[0, 1, 3, 0, 0, 1, 1, 0, 3, 0, 3, 3, 1, 3, 3, 1, 1, 3, 1, 3]|[1, 1, 0, 1, 0, 1, 1, 1, 0, 1, 2, 2, 1, 0, 0, 1, 1, 2, 1, 0],328.978679099397;8709.159686806339;16749.397345220670,0,false,[6, 19, 13, 10, 11, 2, 14, 16, 15, 4, 9, 8, 7, 5, 17, 12, 18, 1, 3, 0]|[2, 1, 0, 2, 2, 1, 1, 2, 0, 2, 0, 0, 1, 0, 0, 1, 1, 0, 1, 0]|[0, 1, 3, 0, 0, 1, 1, 0, 3, 0, 3, 3, 1, 3, 3, 1, 1, 3, 1, 3]|[1, 1, 0, 1, 0, 1, 1, 1, 0, 1, 2, 2, 1, 0, 0, 1, 1, 2, 1, 0],328.978679099397;8709.159686806339;16749.397345220670,8709.159686806339,NOT_APPLICABLE,NOT_APPLICABLE,NOT_APPLICABLE,13
91,2,32855,G2_TEC,HISTORICAL,[6, 19, 13, 10, 11, 2, 14, 16, 15, 4, 9, 8, 7, 5, 17, 12, 18, 1, 3, 0]|[2, 1, 0, 2, 2, 1, 1, 2, 0, 2, 0, 0, 1, 0, 0, 1, 1, 0, 1, 0]|[0, 1, 3, 0, 0, 1, 1, 0, 3, 0, 3, 3, 1, 3, 3, 1, 1, 3, 1, 3]|[1, 1, 0, 1, 0, 1, 1, 1, 0, 1, 2, 2, 1, 0, 0, 1, 1, 2, 1, 0],328.978679099397;8709.159686806339;16749.397345220670,0,false,[6, 19, 13, 10, 11, 2, 14, 16, 15, 4, 9, 8, 7, 5, 17, 12, 18, 1, 3, 0]|[2, 1, 0, 2, 2, 1, 1, 2, 0, 2, 0, 0, 1, 0, 0, 1, 1, 0, 1, 0]|[0, 1, 3, 0, 0, 1, 1, 0, 3, 0, 3, 3, 1, 3, 3, 1, 1, 3, 1, 3]|[1, 1, 0, 1, 0, 1, 1, 1, 0, 1, 2, 2, 1, 0, 0, 1, 1, 2, 1, 0],328.978679099397;8709.159686806339;16749.397345220670,8709.159686806339,NOT_APPLICABLE,NOT_APPLICABLE,NOT_APPLICABLE,59
91,2,32855,G3_TWC,PREVIOUS,[6, 19, 12, 5, 4, 16, 3, 11, 15, 7, 2, 9, 8, 0, 17, 13, 14, 10, 18, 1]|[2, 2, 0, 1, 0, 0, 2, 2, 1, 1, 1, 0, 2, 0, 0, 0, 0, 0, 0, 0]|[0, 0, 2, 1, 3, 3, 0, 0, 0, 1, 1, 3, 0, 3, 3, 0, 3, 3, 3, 3]|[1, 0, 1, 0, 2, 0, 1, 0, 1, 1, 1, 1, 1, 2, 1, 2, 0, 2, 1, 1],409.047230276459;9712.789948995710;12805.715992083906,0,false,[6, 19, 12, 5, 4, 16, 3, 11, 15, 7, 2, 9, 8, 0, 17, 13, 14, 10, 18, 1]|[2, 2, 0, 1, 0, 0, 2, 2, 1, 1, 1, 0, 2, 0, 0, 0, 0, 0, 0, 0]|[0, 0, 2, 1, 3, 3, 0, 0, 0, 1, 1, 3, 0, 3, 3, 0, 3, 3, 3, 3]|[1, 0, 1, 0, 2, 0, 1, 0, 1, 1, 1, 1, 1, 2, 1, 2, 0, 2, 1, 1],409.047230276459;9712.789948995710;12805.715992083906,12805.715992083906,NOT_APPLICABLE,NOT_APPLICABLE,NOT_APPLICABLE,25
91,2,32855,G3_TWC,HISTORICAL,[6, 19, 12, 5, 4, 16, 3, 11, 15, 7, 2, 9, 8, 0, 17, 13, 14, 10, 18, 1]|[2, 2, 0, 1, 0, 0, 2, 2, 1, 1, 1, 0, 2, 0, 0, 0, 0, 0, 0, 0]|[0, 0, 2, 1, 3, 3, 0, 0, 0, 1, 1, 3, 0, 3, 3, 0, 3, 3, 3, 3]|[1, 0, 1, 0, 2, 0, 1, 0, 1, 1, 1, 1, 1, 2, 1, 2, 0, 2, 1, 1],409.047230276459;9712.789948995710;12805.715992083906,0,false,[6, 19, 12, 5, 4, 16, 3, 11, 15, 7, 2, 9, 8, 0, 17, 13, 14, 10, 18, 1]|[2, 2, 0, 1, 0, 0, 2, 2, 1, 1, 1, 0, 2, 0, 0, 0, 0, 0, 0, 0]|[0, 0, 2, 1, 3, 3, 0, 0, 0, 1, 1, 3, 0, 3, 3, 0, 3, 3, 3, 3]|[1, 0, 1, 0, 2, 0, 1, 0, 1, 1, 1, 1, 1, 2, 1, 2, 0, 2, 1, 1],409.047230276459;9712.789948995710;12805.715992083906,12805.715992083906,NOT_APPLICABLE,NOT_APPLICABLE,NOT_APPLICABLE,41
91,2,32855,G4_BALANCED,PREVIOUS,[6, 19, 12, 10, 11, 2, 14, 16, 15, 4, 9, 8, 7, 5, 3, 17, 13, 1, 0, 18]|[2, 1, 0, 2, 2, 1, 1, 2, 0, 1, 0, 0, 1, 2, 1, 0, 0, 0, 0, 1]|[0, 1, 3, 0, 0, 1, 1, 0, 3, 1, 3, 3, 1, 0, 1, 3, 3, 3, 3, 1]|[1, 1, 2, 1, 0, 1, 1, 1, 0, 1, 2, 2, 1, 1, 1, 0, 0, 2, 0, 1],290.298630135278;8769.639861819510;17338.513197729690,0,false,[6, 19, 12, 10, 11, 2, 14, 16, 15, 4, 9, 8, 7, 5, 3, 17, 13, 1, 0, 18]|[2, 1, 0, 2, 2, 1, 1, 2, 0, 1, 0, 0, 1, 2, 1, 0, 0, 0, 0, 1]|[0, 1, 3, 0, 0, 1, 1, 0, 3, 1, 3, 3, 1, 0, 1, 3, 3, 3, 3, 1]|[1, 1, 2, 1, 0, 1, 1, 1, 0, 1, 2, 2, 1, 1, 1, 0, 0, 2, 0, 1],290.298630135278;8769.639861819510;17338.513197729690,0.613439697525,NOT_APPLICABLE,NOT_APPLICABLE,NOT_APPLICABLE,33
91,2,32855,G4_BALANCED,HISTORICAL,[6, 19, 12, 10, 11, 2, 14, 16, 15, 4, 9, 8, 7, 5, 3, 17, 13, 1, 0, 18]|[2, 1, 0, 2, 2, 1, 1, 2, 0, 1, 0, 0, 1, 2, 1, 0, 0, 0, 0, 1]|[0, 1, 3, 0, 0, 1, 1, 0, 3, 1, 3, 3, 1, 0, 1, 3, 3, 3, 3, 1]|[1, 1, 2, 1, 0, 1, 1, 1, 0, 1, 2, 2, 1, 1, 1, 0, 0, 2, 0, 1],290.298630135278;8769.639861819510;17338.513197729690,0,false,[6, 19, 12, 10, 11, 2, 14, 16, 15, 4, 9, 8, 7, 5, 3, 17, 13, 1, 0, 18]|[2, 1, 0, 2, 2, 1, 1, 2, 0, 1, 0, 0, 1, 2, 1, 0, 0, 0, 0, 1]|[0, 1, 3, 0, 0, 1, 1, 0, 3, 1, 3, 3, 1, 0, 1, 3, 3, 3, 3, 1]|[1, 1, 2, 1, 0, 1, 1, 1, 0, 1, 2, 2, 1, 1, 1, 0, 0, 2, 0, 1],290.298630135278;8769.639861819510;17338.513197729690,0.613439697525,NOT_APPLICABLE,NOT_APPLICABLE,NOT_APPLICABLE,33
92,2,32955,G1_CMAX,PREVIOUS,[6, 19, 12, 5, 11, 2, 14, 16, 4, 17, 9, 8, 3, 7, 13, 1, 15, 0, 18, 10]|[2, 1, 1, 0, 2, 1, 1, 2, 2, 0, 1, 0, 1, 0, 0, 0, 2, 0, 0, 0]|[1, 1, 1, 3, 0, 1, 1, 0, 0, 0, 1, 3, 1, 0, 3, 3, 0, 3, 3, 3]|[1, 1, 1, 0, 0, 1, 1, 1, 1, 0, 1, 2, 1, 1, 0, 2, 1, 0, 1, 0],334.906745992054;9157.686441652793;15737.976213597232,1,true,[6, 19, 12, 5, 11, 2, 3, 16, 4, 7, 17, 10, 15, 0, 9, 8, 13, 14, 1, 18]|[2, 1, 1, 0, 2, 2, 1, 2, 2, 0, 0, 0, 0, 0, 1, 0, 0, 1, 1, 0]|[0, 1, 1, 3, 0, 0, 1, 0, 0, 3, 3, 3, 3, 3, 1, 3, 3, 1, 1, 0]|[1, 1, 1, 0, 0, 1, 1, 1, 1, 2, 0, 2, 2, 0, 1, 2, 0, 1, 1, 1],331.162976827094;9002.866456884510;15148.730523063150,331.162976827094,32955,32955,0,28
92,2,32955,G1_CMAX,HISTORICAL,[19, 5, 4, 16, 3, 9, 10, 17, 2, 6, 13, 1, 0, 12, 7, 8, 15, 14, 18, 11]|[1, 2, 1, 0, 1, 0, 2, 0, 2, 2, 2, 1, 1, 1, 1, 0, 1, 0, 0, 2]|[0, 1, 1, 3, 0, 3, 0, 0, 0, 0, 0, 1, 0, 1, 1, 0, 0, 3, 0, 1]|[1, 1, 0, 2, 1, 1, 0, 0, 1, 1, 1, 0, 1, 1, 1, 0, 0, 0, 1, 0],205.178521975543;10962.783729077695;15862.374381374957,0,false,[19, 5, 4, 16, 3, 9, 10, 17, 2, 6, 13, 1, 0, 12, 7, 8, 15, 14, 18, 11]|[1, 2, 1, 0, 1, 0, 2, 0, 2, 2, 2, 1, 1, 1, 1, 0, 1, 0, 0, 2]|[0, 1, 1, 3, 0, 3, 0, 0, 0, 0, 0, 1, 0, 1, 1, 0, 0, 3, 0, 1]|[1, 1, 0, 2, 1, 1, 0, 0, 1, 1, 1, 0, 1, 1, 1, 0, 0, 0, 1, 0],205.178521975543;10962.783729077695;15862.374381374957,205.178521975543,NOT_APPLICABLE,NOT_APPLICABLE,NOT_APPLICABLE,44
92,2,32955,G2_TEC,PREVIOUS,[6, 19, 13, 10, 11, 2, 14, 16, 15, 4, 9, 8, 7, 5, 17, 12, 18, 1, 3, 0]|[2, 1, 0, 2, 2, 1, 1, 2, 0, 2, 0, 0, 1, 0, 0, 1, 1, 0, 1, 0]|[0, 1, 3, 0, 0, 1, 1, 0, 3, 0, 3, 3, 1, 3, 3, 1, 1, 3, 1, 3]|[1, 1, 0, 1, 0, 1, 1, 1, 0, 1, 2, 2, 1, 0, 0, 1, 1, 2, 1, 0],328.978679099397;8709.159686806339;16749.397345220670,0,false,[6, 19, 13, 10, 11, 2, 14, 16, 15, 4, 9, 8, 7, 5, 17, 12, 18, 1, 3, 0]|[2, 1, 0, 2, 2, 1, 1, 2, 0, 2, 0, 0, 1, 0, 0, 1, 1, 0, 1, 0]|[0, 1, 3, 0, 0, 1, 1, 0, 3, 0, 3, 3, 1, 3, 3, 1, 1, 3, 1, 3]|[1, 1, 0, 1, 0, 1, 1, 1, 0, 1, 2, 2, 1, 0, 0, 1, 1, 2, 1, 0],328.978679099397;8709.159686806339;16749.397345220670,8709.159686806339,NOT_APPLICABLE,NOT_APPLICABLE,NOT_APPLICABLE,13
92,2,32955,G2_TEC,HISTORICAL,[6, 19, 13, 10, 11, 2, 14, 16, 15, 4, 9, 8, 7, 5, 17, 12, 18, 1, 3, 0]|[2, 1, 0, 2, 2, 1, 1, 2, 0, 2, 0, 0, 1, 0, 0, 1, 1, 0, 1, 0]|[0, 1, 3, 0, 0, 1, 1, 0, 3, 0, 3, 3, 1, 3, 3, 1, 1, 3, 1, 3]|[1, 1, 0, 1, 0, 1, 1, 1, 0, 1, 2, 2, 1, 0, 0, 1, 1, 2, 1, 0],328.978679099397;8709.159686806339;16749.397345220670,0,false,[6, 19, 13, 10, 11, 2, 14, 16, 15, 4, 9, 8, 7, 5, 17, 12, 18, 1, 3, 0]|[2, 1, 0, 2, 2, 1, 1, 2, 0, 2, 0, 0, 1, 0, 0, 1, 1, 0, 1, 0]|[0, 1, 3, 0, 0, 1, 1, 0, 3, 0, 3, 3, 1, 3, 3, 1, 1, 3, 1, 3]|[1, 1, 0, 1, 0, 1, 1, 1, 0, 1, 2, 2, 1, 0, 0, 1, 1, 2, 1, 0],328.978679099397;8709.159686806339;16749.397345220670,8709.159686806339,NOT_APPLICABLE,NOT_APPLICABLE,NOT_APPLICABLE,60
92,2,32955,G3_TWC,PREVIOUS,[6, 19, 12, 5, 4, 16, 3, 11, 15, 7, 2, 9, 8, 0, 17, 13, 14, 10, 18, 1]|[2, 2, 0, 1, 0, 0, 2, 2, 1, 1, 1, 0, 2, 0, 0, 0, 0, 0, 0, 0]|[0, 0, 2, 1, 3, 3, 0, 0, 0, 1, 1, 3, 0, 3, 3, 0, 3, 3, 3, 3]|[1, 0, 1, 0, 2, 0, 1, 0, 1, 1, 1, 1, 1, 2, 1, 2, 0, 2, 1, 1],409.047230276459;9712.789948995710;12805.715992083906,0,false,[6, 19, 12, 5, 4, 16, 3, 11, 15, 7, 2, 9, 8, 0, 17, 13, 14, 10, 18, 1]|[2, 2, 0, 1, 0, 0, 2, 2, 1, 1, 1, 0, 2, 0, 0, 0, 0, 0, 0, 0]|[0, 0, 2, 1, 3, 3, 0, 0, 0, 1, 1, 3, 0, 3, 3, 0, 3, 3, 3, 3]|[1, 0, 1, 0, 2, 0, 1, 0, 1, 1, 1, 1, 1, 2, 1, 2, 0, 2, 1, 1],409.047230276459;9712.789948995710;12805.715992083906,12805.715992083906,NOT_APPLICABLE,NOT_APPLICABLE,NOT_APPLICABLE,25
92,2,32955,G3_TWC,HISTORICAL,[6, 19, 12, 5, 4, 16, 3, 11, 15, 7, 2, 9, 8, 0, 17, 13, 14, 10, 18, 1]|[2, 2, 0, 1, 0, 0, 2, 2, 1, 1, 1, 0, 2, 0, 0, 0, 0, 0, 0, 0]|[0, 0, 2, 1, 3, 3, 0, 0, 0, 1, 1, 3, 0, 3, 3, 0, 3, 3, 3, 3]|[1, 0, 1, 0, 2, 0, 1, 0, 1, 1, 1, 1, 1, 2, 1, 2, 0, 2, 1, 1],409.047230276459;9712.789948995710;12805.715992083906,0,false,[6, 19, 12, 5, 4, 16, 3, 11, 15, 7, 2, 9, 8, 0, 17, 13, 14, 10, 18, 1]|[2, 2, 0, 1, 0, 0, 2, 2, 1, 1, 1, 0, 2, 0, 0, 0, 0, 0, 0, 0]|[0, 0, 2, 1, 3, 3, 0, 0, 0, 1, 1, 3, 0, 3, 3, 0, 3, 3, 3, 3]|[1, 0, 1, 0, 2, 0, 1, 0, 1, 1, 1, 1, 1, 2, 1, 2, 0, 2, 1, 1],409.047230276459;9712.789948995710;12805.715992083906,12805.715992083906,NOT_APPLICABLE,NOT_APPLICABLE,NOT_APPLICABLE,42
92,2,32955,G4_BALANCED,PREVIOUS,[6, 19, 12, 5, 11, 2, 3, 16, 4, 7, 17, 10, 14, 18, 13, 1, 15, 0, 8, 9]|[2, 1, 1, 0, 2, 2, 1, 2, 2, 0, 0, 1, 0, 0, 0, 1, 0, 0, 0, 1]|[0, 1, 1, 3, 0, 0, 0, 0, 0, 3, 3, 0, 3, 0, 3, 1, 3, 3, 3, 1]|[1, 1, 1, 0, 0, 1, 1, 0, 1, 2, 0, 1, 2, 1, 0, 1, 2, 0, 2, 1],325.525355626261;9257.137684170062;15214.853330680846,0,false,[6, 19, 12, 5, 11, 2, 3, 16, 4, 7, 17, 10, 14, 18, 13, 1, 15, 0, 8, 9]|[2, 1, 1, 0, 2, 2, 1, 2, 2, 0, 0, 1, 0, 0, 0, 1, 0, 0, 0, 1]|[0, 1, 1, 3, 0, 0, 0, 0, 0, 3, 3, 0, 3, 0, 3, 1, 3, 3, 3, 1]|[1, 1, 1, 0, 0, 1, 1, 0, 1, 2, 0, 1, 2, 1, 0, 1, 2, 0, 2, 1],325.525355626261;9257.137684170062;15214.853330680846,0.427686190053,NOT_APPLICABLE,NOT_APPLICABLE,NOT_APPLICABLE,33
92,2,32955,G4_BALANCED,HISTORICAL,[6, 19, 12, 10, 11, 2, 14, 16, 15, 4, 9, 8, 7, 5, 3, 17, 13, 1, 0, 18]|[2, 1, 0, 2, 2, 1, 1, 2, 0, 1, 0, 0, 1, 2, 1, 0, 0, 0, 0, 1]|[0, 1, 3, 0, 0, 1, 1, 0, 3, 1, 3, 3, 1, 0, 1, 3, 3, 3, 3, 1]|[1, 1, 2, 1, 0, 1, 1, 1, 0, 1, 2, 2, 1, 1, 1, 0, 0, 2, 0, 1],290.298630135278;8769.639861819510;17338.513197729690,0,false,[6, 19, 12, 10, 11, 2, 14, 16, 15, 4, 9, 8, 7, 5, 3, 17, 13, 1, 0, 18]|[2, 1, 0, 2, 2, 1, 1, 2, 0, 1, 0, 0, 1, 2, 1, 0, 0, 0, 0, 1]|[0, 1, 3, 0, 0, 1, 1, 0, 3, 1, 3, 3, 1, 0, 1, 3, 3, 3, 3, 1]|[1, 1, 2, 1, 0, 1, 1, 1, 0, 1, 2, 2, 1, 1, 1, 0, 0, 2, 0, 1],290.298630135278;8769.639861819510;17338.513197729690,0.613439697525,NOT_APPLICABLE,NOT_APPLICABLE,NOT_APPLICABLE,33
93,2,33055,G1_CMAX,PREVIOUS,[19, 5, 4, 16, 3, 9, 10, 17, 2, 6, 13, 1, 0, 12, 7, 8, 15, 14, 18, 11]|[1, 2, 1, 0, 1, 0, 2, 0, 2, 2, 2, 1, 1, 1, 1, 0, 1, 0, 0, 2]|[0, 1, 1, 3, 0, 3, 0, 0, 0, 0, 0, 1, 0, 1, 1, 0, 0, 3, 0, 1]|[1, 1, 0, 2, 1, 1, 0, 0, 1, 1, 1, 0, 1, 1, 1, 0, 0, 0, 1, 0],205.178521975543;10962.783729077695;15862.374381374957,0,false,[19, 5, 4, 16, 3, 9, 10, 17, 2, 6, 13, 1, 0, 12, 7, 8, 15, 14, 18, 11]|[1, 2, 1, 0, 1, 0, 2, 0, 2, 2, 2, 1, 1, 1, 1, 0, 1, 0, 0, 2]|[0, 1, 1, 3, 0, 3, 0, 0, 0, 0, 0, 1, 0, 1, 1, 0, 0, 3, 0, 1]|[1, 1, 0, 2, 1, 1, 0, 0, 1, 1, 1, 0, 1, 1, 1, 0, 0, 0, 1, 0],205.178521975543;10962.783729077695;15862.374381374957,205.178521975543,NOT_APPLICABLE,NOT_APPLICABLE,NOT_APPLICABLE,28
93,2,33055,G1_CMAX,HISTORICAL,[19, 5, 4, 16, 3, 9, 10, 17, 2, 6, 13, 1, 0, 12, 7, 8, 15, 14, 18, 11]|[1, 2, 1, 0, 1, 0, 2, 0, 2, 2, 2, 1, 1, 1, 1, 0, 1, 0, 0, 2]|[0, 1, 1, 3, 0, 3, 0, 0, 0, 0, 0, 1, 0, 1, 1, 0, 0, 3, 0, 1]|[1, 1, 0, 2, 1, 1, 0, 0, 1, 1, 1, 0, 1, 1, 1, 0, 0, 0, 1, 0],205.178521975543;10962.783729077695;15862.374381374957,0,false,[19, 5, 4, 16, 3, 9, 10, 17, 2, 6, 13, 1, 0, 12, 7, 8, 15, 14, 18, 11]|[1, 2, 1, 0, 1, 0, 2, 0, 2, 2, 2, 1, 1, 1, 1, 0, 1, 0, 0, 2]|[0, 1, 1, 3, 0, 3, 0, 0, 0, 0, 0, 1, 0, 1, 1, 0, 0, 3, 0, 1]|[1, 1, 0, 2, 1, 1, 0, 0, 1, 1, 1, 0, 1, 1, 1, 0, 0, 0, 1, 0],205.178521975543;10962.783729077695;15862.374381374957,205.178521975543,NOT_APPLICABLE,NOT_APPLICABLE,NOT_APPLICABLE,45
93,2,33055,G2_TEC,PREVIOUS,[6, 19, 13, 10, 11, 2, 14, 16, 15, 4, 9, 8, 7, 5, 17, 12, 18, 1, 3, 0]|[2, 1, 0, 2, 2, 1, 1, 2, 0, 2, 0, 0, 1, 0, 0, 1, 1, 0, 1, 0]|[0, 1, 3, 0, 0, 1, 1, 0, 3, 0, 3, 3, 1, 3, 3, 1, 1, 3, 1, 3]|[1, 1, 0, 1, 0, 1, 1, 1, 0, 1, 2, 2, 1, 0, 0, 1, 1, 2, 1, 0],328.978679099397;8709.159686806339;16749.397345220670,0,false,[6, 19, 13, 10, 11, 2, 14, 16, 15, 4, 9, 8, 7, 5, 17, 12, 18, 1, 3, 0]|[2, 1, 0, 2, 2, 1, 1, 2, 0, 2, 0, 0, 1, 0, 0, 1, 1, 0, 1, 0]|[0, 1, 3, 0, 0, 1, 1, 0, 3, 0, 3, 3, 1, 3, 3, 1, 1, 3, 1, 3]|[1, 1, 0, 1, 0, 1, 1, 1, 0, 1, 2, 2, 1, 0, 0, 1, 1, 2, 1, 0],328.978679099397;8709.159686806339;16749.397345220670,8709.159686806339,NOT_APPLICABLE,NOT_APPLICABLE,NOT_APPLICABLE,13
93,2,33055,G2_TEC,HISTORICAL,[6, 19, 13, 10, 11, 2, 14, 16, 15, 4, 9, 8, 7, 5, 17, 12, 18, 1, 3, 0]|[2, 1, 0, 2, 2, 1, 1, 2, 0, 2, 0, 0, 1, 0, 0, 1, 1, 0, 1, 0]|[0, 1, 3, 0, 0, 1, 1, 0, 3, 0, 3, 3, 1, 3, 3, 1, 1, 3, 1, 3]|[1, 1, 0, 1, 0, 1, 1, 1, 0, 1, 2, 2, 1, 0, 0, 1, 1, 2, 1, 0],328.978679099397;8709.159686806339;16749.397345220670,0,false,[6, 19, 13, 10, 11, 2, 14, 16, 15, 4, 9, 8, 7, 5, 17, 12, 18, 1, 3, 0]|[2, 1, 0, 2, 2, 1, 1, 2, 0, 2, 0, 0, 1, 0, 0, 1, 1, 0, 1, 0]|[0, 1, 3, 0, 0, 1, 1, 0, 3, 0, 3, 3, 1, 3, 3, 1, 1, 3, 1, 3]|[1, 1, 0, 1, 0, 1, 1, 1, 0, 1, 2, 2, 1, 0, 0, 1, 1, 2, 1, 0],328.978679099397;8709.159686806339;16749.397345220670,8709.159686806339,NOT_APPLICABLE,NOT_APPLICABLE,NOT_APPLICABLE,61
93,2,33055,G3_TWC,PREVIOUS,[6, 19, 12, 5, 4, 16, 3, 11, 15, 7, 2, 9, 8, 0, 17, 13, 14, 10, 18, 1]|[2, 2, 0, 1, 0, 0, 2, 2, 1, 1, 1, 0, 2, 0, 0, 0, 0, 0, 0, 0]|[0, 0, 2, 1, 3, 3, 0, 0, 0, 1, 1, 3, 0, 3, 3, 0, 3, 3, 3, 3]|[1, 0, 1, 0, 2, 0, 1, 0, 1, 1, 1, 1, 1, 2, 1, 2, 0, 2, 1, 1],409.047230276459;9712.789948995710;12805.715992083906,0,false,[6, 19, 12, 5, 4, 16, 3, 11, 15, 7, 2, 9, 8, 0, 17, 13, 14, 10, 18, 1]|[2, 2, 0, 1, 0, 0, 2, 2, 1, 1, 1, 0, 2, 0, 0, 0, 0, 0, 0, 0]|[0, 0, 2, 1, 3, 3, 0, 0, 0, 1, 1, 3, 0, 3, 3, 0, 3, 3, 3, 3]|[1, 0, 1, 0, 2, 0, 1, 0, 1, 1, 1, 1, 1, 2, 1, 2, 0, 2, 1, 1],409.047230276459;9712.789948995710;12805.715992083906,12805.715992083906,NOT_APPLICABLE,NOT_APPLICABLE,NOT_APPLICABLE,25
93,2,33055,G3_TWC,HISTORICAL,[6, 19, 12, 5, 4, 16, 3, 11, 15, 7, 2, 9, 8, 0, 17, 13, 14, 10, 18, 1]|[2, 2, 0, 1, 0, 0, 2, 2, 1, 1, 1, 0, 2, 0, 0, 0, 0, 0, 0, 0]|[0, 0, 2, 1, 3, 3, 0, 0, 0, 1, 1, 3, 0, 3, 3, 0, 3, 3, 3, 3]|[1, 0, 1, 0, 2, 0, 1, 0, 1, 1, 1, 1, 1, 2, 1, 2, 0, 2, 1, 1],409.047230276459;9712.789948995710;12805.715992083906,0,false,[6, 19, 12, 5, 4, 16, 3, 11, 15, 7, 2, 9, 8, 0, 17, 13, 14, 10, 18, 1]|[2, 2, 0, 1, 0, 0, 2, 2, 1, 1, 1, 0, 2, 0, 0, 0, 0, 0, 0, 0]|[0, 0, 2, 1, 3, 3, 0, 0, 0, 1, 1, 3, 0, 3, 3, 0, 3, 3, 3, 3]|[1, 0, 1, 0, 2, 0, 1, 0, 1, 1, 1, 1, 1, 2, 1, 2, 0, 2, 1, 1],409.047230276459;9712.789948995710;12805.715992083906,12805.715992083906,NOT_APPLICABLE,NOT_APPLICABLE,NOT_APPLICABLE,43
93,2,33055,G4_BALANCED,PREVIOUS,[6, 19, 12, 5, 4, 16, 3, 11, 15, 7, 10, 18, 9, 0, 8, 17, 13, 2, 14, 1]|[2, 2, 0, 1, 1, 0, 2, 0, 1, 1, 2, 0, 0, 0, 2, 0, 0, 1, 0, 0]|[0, 0, 2, 1, 1, 3, 0, 3, 0, 1, 0, 0, 0, 3, 0, 3, 0, 1, 3, 3]|[0, 0, 1, 0, 1, 0, 1, 0, 1, 1, 0, 1, 0, 2, 1, 1, 2, 1, 0, 1],333.646952011286;10171.935312010928;14696.607748674316,0,false,[6, 19, 12, 5, 4, 16, 3, 11, 15, 7, 10, 18, 9, 0, 8, 17, 13, 2, 14, 1]|[2, 2, 0, 1, 1, 0, 2, 0, 1, 1, 2, 0, 0, 0, 2, 0, 0, 1, 0, 0]|[0, 0, 2, 1, 1, 3, 0, 3, 0, 1, 0, 0, 0, 3, 0, 3, 0, 1, 3, 3]|[0, 0, 1, 0, 1, 0, 1, 0, 1, 1, 0, 1, 0, 2, 1, 1, 2, 1, 0, 1],333.646952011286;10171.935312010928;14696.607748674316,0.638710226203,NOT_APPLICABLE,NOT_APPLICABLE,NOT_APPLICABLE,33
93,2,33055,G4_BALANCED,HISTORICAL,[6, 19, 12, 10, 11, 2, 14, 16, 15, 4, 9, 8, 7, 5, 3, 17, 13, 1, 0, 18]|[2, 1, 0, 2, 2, 1, 1, 2, 0, 1, 0, 0, 1, 2, 1, 0, 0, 0, 0, 1]|[0, 1, 3, 0, 0, 1, 1, 0, 3, 1, 3, 3, 1, 0, 1, 3, 3, 3, 3, 1]|[1, 1, 2, 1, 0, 1, 1, 1, 0, 1, 2, 2, 1, 1, 1, 0, 0, 2, 0, 1],290.298630135278;8769.639861819510;17338.513197729690,0,false,[6, 19, 12, 10, 11, 2, 14, 16, 15, 4, 9, 8, 7, 5, 3, 17, 13, 1, 0, 18]|[2, 1, 0, 2, 2, 1, 1, 2, 0, 1, 0, 0, 1, 2, 1, 0, 0, 0, 0, 1]|[0, 1, 3, 0, 0, 1, 1, 0, 3, 1, 3, 3, 1, 0, 1, 3, 3, 3, 3, 1]|[1, 1, 2, 1, 0, 1, 1, 1, 0, 1, 2, 2, 1, 1, 1, 0, 0, 2, 0, 1],290.298630135278;8769.639861819510;17338.513197729690,0.613439697525,NOT_APPLICABLE,NOT_APPLICABLE,NOT_APPLICABLE,33
94,2,33155,G1_CMAX,PREVIOUS,[19, 5, 4, 16, 3, 9, 10, 17, 2, 6, 13, 1, 0, 12, 7, 8, 15, 14, 18, 11]|[1, 2, 1, 0, 1, 0, 2, 0, 2, 2, 2, 1, 1, 1, 1, 0, 1, 0, 0, 2]|[0, 1, 1, 3, 0, 3, 0, 0, 0, 0, 0, 1, 0, 1, 1, 0, 0, 3, 0, 1]|[1, 1, 0, 2, 1, 1, 0, 0, 1, 1, 1, 0, 1, 1, 1, 0, 0, 0, 1, 0],205.178521975543;10962.783729077695;15862.374381374957,0,false,[19, 5, 4, 16, 3, 9, 10, 17, 2, 6, 13, 1, 0, 12, 7, 8, 15, 14, 18, 11]|[1, 2, 1, 0, 1, 0, 2, 0, 2, 2, 2, 1, 1, 1, 1, 0, 1, 0, 0, 2]|[0, 1, 1, 3, 0, 3, 0, 0, 0, 0, 0, 1, 0, 1, 1, 0, 0, 3, 0, 1]|[1, 1, 0, 2, 1, 1, 0, 0, 1, 1, 1, 0, 1, 1, 1, 0, 0, 0, 1, 0],205.178521975543;10962.783729077695;15862.374381374957,205.178521975543,NOT_APPLICABLE,NOT_APPLICABLE,NOT_APPLICABLE,29
94,2,33155,G1_CMAX,HISTORICAL,[19, 5, 4, 16, 3, 9, 10, 17, 2, 6, 13, 1, 0, 12, 7, 8, 15, 14, 18, 11]|[1, 2, 1, 0, 1, 0, 2, 0, 2, 2, 2, 1, 1, 1, 1, 0, 1, 0, 0, 2]|[0, 1, 1, 3, 0, 3, 0, 0, 0, 0, 0, 1, 0, 1, 1, 0, 0, 3, 0, 1]|[1, 1, 0, 2, 1, 1, 0, 0, 1, 1, 1, 0, 1, 1, 1, 0, 0, 0, 1, 0],205.178521975543;10962.783729077695;15862.374381374957,0,false,[19, 5, 4, 16, 3, 9, 10, 17, 2, 6, 13, 1, 0, 12, 7, 8, 15, 14, 18, 11]|[1, 2, 1, 0, 1, 0, 2, 0, 2, 2, 2, 1, 1, 1, 1, 0, 1, 0, 0, 2]|[0, 1, 1, 3, 0, 3, 0, 0, 0, 0, 0, 1, 0, 1, 1, 0, 0, 3, 0, 1]|[1, 1, 0, 2, 1, 1, 0, 0, 1, 1, 1, 0, 1, 1, 1, 0, 0, 0, 1, 0],205.178521975543;10962.783729077695;15862.374381374957,205.178521975543,NOT_APPLICABLE,NOT_APPLICABLE,NOT_APPLICABLE,45
94,2,33155,G2_TEC,PREVIOUS,[6, 19, 13, 10, 11, 2, 14, 16, 4, 17, 9, 8, 15, 7, 1, 5, 12, 18, 3, 0]|[2, 1, 0, 2, 2, 1, 0, 2, 2, 0, 1, 0, 0, 1, 0, 0, 1, 1, 1, 0]|[1, 1, 3, 0, 0, 1, 3, 0, 0, 3, 1, 3, 3, 1, 3, 3, 1, 1, 1, 3]|[1, 1, 0, 1, 0, 1, 0, 1, 1, 0, 1, 2, 0, 1, 2, 0, 1, 1, 1, 0],357.540725106953;8780.982327959606;16509.868342812960,0,false,[6, 19, 13, 10, 11, 2, 14, 16, 4, 17, 9, 8, 15, 7, 1, 5, 12, 18, 3, 0]|[2, 1, 0, 2, 2, 1, 0, 2, 2, 0, 1, 0, 0, 1, 0, 0, 1, 1, 1, 0]|[1, 1, 3, 0, 0, 1, 3, 0, 0, 3, 1, 3, 3, 1, 3, 3, 1, 1, 1, 3]|[1, 1, 0, 1, 0, 1, 0, 1, 1, 0, 1, 2, 0, 1, 2, 0, 1, 1, 1, 0],357.540725106953;8780.982327959606;16509.868342812960,8780.982327959606,NOT_APPLICABLE,NOT_APPLICABLE,NOT_APPLICABLE,13
94,2,33155,G2_TEC,HISTORICAL,[6, 19, 13, 10, 11, 2, 14, 16, 15, 4, 9, 8, 7, 5, 17, 12, 18, 1, 3, 0]|[2, 1, 0, 2, 2, 1, 1, 2, 0, 2, 0, 0, 1, 0, 0, 1, 1, 0, 1, 0]|[0, 1, 3, 0, 0, 1, 1, 0, 3, 0, 3, 3, 1, 3, 3, 1, 1, 3, 1, 3]|[1, 1, 0, 1, 0, 1, 1, 1, 0, 1, 2, 2, 1, 0, 0, 1, 1, 2, 1, 0],328.978679099397;8709.159686806339;16749.397345220670,0,false,[6, 19, 13, 10, 11, 2, 14, 16, 15, 4, 9, 8, 7, 5, 17, 12, 18, 1, 3, 0]|[2, 1, 0, 2, 2, 1, 1, 2, 0, 2, 0, 0, 1, 0, 0, 1, 1, 0, 1, 0]|[0, 1, 3, 0, 0, 1, 1, 0, 3, 0, 3, 3, 1, 3, 3, 1, 1, 3, 1, 3]|[1, 1, 0, 1, 0, 1, 1, 1, 0, 1, 2, 2, 1, 0, 0, 1, 1, 2, 1, 0],328.978679099397;8709.159686806339;16749.397345220670,8709.159686806339,NOT_APPLICABLE,NOT_APPLICABLE,NOT_APPLICABLE,61
94,2,33155,G3_TWC,PREVIOUS,[6, 19, 12, 5, 4, 16, 3, 11, 15, 7, 2, 9, 8, 0, 17, 13, 14, 10, 18, 1]|[2, 2, 0, 1, 0, 0, 2, 2, 1, 1, 1, 0, 2, 0, 0, 0, 0, 0, 0, 0]|[0, 0, 2, 1, 3, 3, 0, 0, 0, 1, 1, 3, 0, 3, 3, 0, 3, 3, 3, 3]|[1, 0, 1, 0, 2, 0, 1, 0, 1, 1, 1, 1, 1, 2, 1, 2, 0, 2, 1, 1],409.047230276459;9712.789948995710;12805.715992083906,0,false,[6, 19, 12, 5, 4, 16, 3, 11, 15, 7, 2, 9, 8, 0, 17, 13, 14, 10, 18, 1]|[2, 2, 0, 1, 0, 0, 2, 2, 1, 1, 1, 0, 2, 0, 0, 0, 0, 0, 0, 0]|[0, 0, 2, 1, 3, 3, 0, 0, 0, 1, 1, 3, 0, 3, 3, 0, 3, 3, 3, 3]|[1, 0, 1, 0, 2, 0, 1, 0, 1, 1, 1, 1, 1, 2, 1, 2, 0, 2, 1, 1],409.047230276459;9712.789948995710;12805.715992083906,12805.715992083906,NOT_APPLICABLE,NOT_APPLICABLE,NOT_APPLICABLE,25
94,2,33155,G3_TWC,HISTORICAL,[6, 19, 12, 5, 4, 16, 3, 11, 15, 7, 2, 9, 8, 0, 17, 13, 14, 10, 18, 1]|[2, 2, 0, 1, 0, 0, 2, 2, 1, 1, 1, 0, 2, 0, 0, 0, 0, 0, 0, 0]|[0, 0, 2, 1, 3, 3, 0, 0, 0, 1, 1, 3, 0, 3, 3, 0, 3, 3, 3, 3]|[1, 0, 1, 0, 2, 0, 1, 0, 1, 1, 1, 1, 1, 2, 1, 2, 0, 2, 1, 1],409.047230276459;9712.789948995710;12805.715992083906,0,false,[6, 19, 12, 5, 4, 16, 3, 11, 15, 7, 2, 9, 8, 0, 17, 13, 14, 10, 18, 1]|[2, 2, 0, 1, 0, 0, 2, 2, 1, 1, 1, 0, 2, 0, 0, 0, 0, 0, 0, 0]|[0, 0, 2, 1, 3, 3, 0, 0, 0, 1, 1, 3, 0, 3, 3, 0, 3, 3, 3, 3]|[1, 0, 1, 0, 2, 0, 1, 0, 1, 1, 1, 1, 1, 2, 1, 2, 0, 2, 1, 1],409.047230276459;9712.789948995710;12805.715992083906,12805.715992083906,NOT_APPLICABLE,NOT_APPLICABLE,NOT_APPLICABLE,44
94,2,33155,G4_BALANCED,PREVIOUS,[6, 19, 12, 5, 4, 16, 3, 11, 15, 7, 10, 18, 9, 0, 8, 17, 13, 2, 14, 1]|[2, 2, 0, 1, 1, 0, 2, 0, 1, 1, 2, 0, 0, 0, 2, 0, 0, 1, 0, 0]|[0, 0, 2, 1, 1, 3, 0, 3, 0, 1, 0, 0, 0, 3, 0, 3, 0, 1, 3, 3]|[0, 0, 1, 0, 1, 0, 1, 0, 1, 1, 0, 1, 0, 2, 1, 1, 2, 1, 0, 1],333.646952011286;10171.935312010928;14696.607748674316,0,false,[6, 19, 12, 5, 4, 16, 3, 11, 15, 7, 10, 18, 9, 0, 8, 17, 13, 2, 14, 1]|[2, 2, 0, 1, 1, 0, 2, 0, 1, 1, 2, 0, 0, 0, 2, 0, 0, 1, 0, 0]|[0, 0, 2, 1, 1, 3, 0, 3, 0, 1, 0, 0, 0, 3, 0, 3, 0, 1, 3, 3]|[0, 0, 1, 0, 1, 0, 1, 0, 1, 1, 0, 1, 0, 2, 1, 1, 2, 1, 0, 1],333.646952011286;10171.935312010928;14696.607748674316,0.638710226203,NOT_APPLICABLE,NOT_APPLICABLE,NOT_APPLICABLE,34
94,2,33155,G4_BALANCED,HISTORICAL,[6, 19, 12, 10, 11, 2, 14, 16, 15, 4, 9, 8, 7, 5, 3, 17, 13, 1, 0, 18]|[2, 1, 0, 2, 2, 1, 1, 2, 0, 1, 0, 0, 1, 2, 1, 0, 0, 0, 0, 1]|[0, 1, 3, 0, 0, 1, 1, 0, 3, 1, 3, 3, 1, 0, 1, 3, 3, 3, 3, 1]|[1, 1, 2, 1, 0, 1, 1, 1, 0, 1, 2, 2, 1, 1, 1, 0, 0, 2, 0, 1],290.298630135278;8769.639861819510;17338.513197729690,0,false,[6, 19, 12, 10, 11, 2, 14, 16, 15, 4, 9, 8, 7, 5, 3, 17, 13, 1, 0, 18]|[2, 1, 0, 2, 2, 1, 1, 2, 0, 1, 0, 0, 1, 2, 1, 0, 0, 0, 0, 1]|[0, 1, 3, 0, 0, 1, 1, 0, 3, 1, 3, 3, 1, 0, 1, 3, 3, 3, 3, 1]|[1, 1, 2, 1, 0, 1, 1, 1, 0, 1, 2, 2, 1, 1, 1, 0, 0, 2, 0, 1],290.298630135278;8769.639861819510;17338.513197729690,0.613439697525,NOT_APPLICABLE,NOT_APPLICABLE,NOT_APPLICABLE,33
95,2,33255,G1_CMAX,PREVIOUS,[19, 5, 4, 16, 3, 9, 10, 17, 2, 6, 13, 1, 0, 12, 7, 8, 15, 14, 18, 11]|[1, 2, 1, 0, 1, 0, 2, 0, 2, 2, 2, 1, 1, 1, 1, 0, 1, 0, 0, 2]|[0, 1, 1, 3, 0, 3, 0, 0, 0, 0, 0, 1, 0, 1, 1, 0, 0, 3, 0, 1]|[1, 1, 0, 2, 1, 1, 0, 0, 1, 1, 1, 0, 1, 1, 1, 0, 0, 0, 1, 0],205.178521975543;10962.783729077695;15862.374381374957,0,false,[19, 5, 4, 16, 3, 9, 10, 17, 2, 6, 13, 1, 0, 12, 7, 8, 15, 14, 18, 11]|[1, 2, 1, 0, 1, 0, 2, 0, 2, 2, 2, 1, 1, 1, 1, 0, 1, 0, 0, 2]|[0, 1, 1, 3, 0, 3, 0, 0, 0, 0, 0, 1, 0, 1, 1, 0, 0, 3, 0, 1]|[1, 1, 0, 2, 1, 1, 0, 0, 1, 1, 1, 0, 1, 1, 1, 0, 0, 0, 1, 0],205.178521975543;10962.783729077695;15862.374381374957,205.178521975543,NOT_APPLICABLE,NOT_APPLICABLE,NOT_APPLICABLE,30
95,2,33255,G1_CMAX,HISTORICAL,[19, 5, 4, 16, 3, 9, 10, 17, 2, 6, 13, 1, 0, 12, 7, 8, 15, 14, 18, 11]|[1, 2, 1, 0, 1, 0, 2, 0, 2, 2, 2, 1, 1, 1, 1, 0, 1, 0, 0, 2]|[0, 1, 1, 3, 0, 3, 0, 0, 0, 0, 0, 1, 0, 1, 1, 0, 0, 3, 0, 1]|[1, 1, 0, 2, 1, 1, 0, 0, 1, 1, 1, 0, 1, 1, 1, 0, 0, 0, 1, 0],205.178521975543;10962.783729077695;15862.374381374957,0,false,[19, 5, 4, 16, 3, 9, 10, 17, 2, 6, 13, 1, 0, 12, 7, 8, 15, 14, 18, 11]|[1, 2, 1, 0, 1, 0, 2, 0, 2, 2, 2, 1, 1, 1, 1, 0, 1, 0, 0, 2]|[0, 1, 1, 3, 0, 3, 0, 0, 0, 0, 0, 1, 0, 1, 1, 0, 0, 3, 0, 1]|[1, 1, 0, 2, 1, 1, 0, 0, 1, 1, 1, 0, 1, 1, 1, 0, 0, 0, 1, 0],205.178521975543;10962.783729077695;15862.374381374957,205.178521975543,NOT_APPLICABLE,NOT_APPLICABLE,NOT_APPLICABLE,45
95,2,33255,G2_TEC,PREVIOUS,[6, 19, 13, 10, 11, 2, 14, 16, 4, 17, 9, 8, 15, 7, 1, 5, 12, 18, 3, 0]|[2, 1, 0, 2, 2, 1, 0, 2, 2, 0, 1, 0, 0, 1, 0, 0, 1, 1, 1, 0]|[1, 1, 3, 0, 0, 1, 3, 0, 0, 3, 1, 3, 3, 1, 3, 3, 1, 1, 1, 3]|[1, 1, 0, 1, 0, 1, 0, 1, 1, 0, 1, 2, 0, 1, 2, 0, 1, 1, 1, 0],357.540725106953;8780.982327959606;16509.868342812960,0,false,[6, 19, 13, 10, 11, 2, 14, 16, 4, 17, 9, 8, 15, 7, 1, 5, 12, 18, 3, 0]|[2, 1, 0, 2, 2, 1, 0, 2, 2, 0, 1, 0, 0, 1, 0, 0, 1, 1, 1, 0]|[1, 1, 3, 0, 0, 1, 3, 0, 0, 3, 1, 3, 3, 1, 3, 3, 1, 1, 1, 3]|[1, 1, 0, 1, 0, 1, 0, 1, 1, 0, 1, 2, 0, 1, 2, 0, 1, 1, 1, 0],357.540725106953;8780.982327959606;16509.868342812960,8780.982327959606,NOT_APPLICABLE,NOT_APPLICABLE,NOT_APPLICABLE,14
95,2,33255,G2_TEC,HISTORICAL,[6, 19, 13, 10, 11, 2, 14, 16, 15, 4, 9, 8, 7, 5, 17, 12, 18, 1, 3, 0]|[2, 1, 0, 2, 2, 1, 1, 2, 0, 2, 0, 0, 1, 0, 0, 1, 1, 0, 1, 0]|[0, 1, 3, 0, 0, 1, 1, 0, 3, 0, 3, 3, 1, 3, 3, 1, 1, 3, 1, 3]|[1, 1, 0, 1, 0, 1, 1, 1, 0, 1, 2, 2, 1, 0, 0, 1, 1, 2, 1, 0],328.978679099397;8709.159686806339;16749.397345220670,0,false,[6, 19, 13, 10, 11, 2, 14, 16, 15, 4, 9, 8, 7, 5, 17, 12, 18, 1, 3, 0]|[2, 1, 0, 2, 2, 1, 1, 2, 0, 2, 0, 0, 1, 0, 0, 1, 1, 0, 1, 0]|[0, 1, 3, 0, 0, 1, 1, 0, 3, 0, 3, 3, 1, 3, 3, 1, 1, 3, 1, 3]|[1, 1, 0, 1, 0, 1, 1, 1, 0, 1, 2, 2, 1, 0, 0, 1, 1, 2, 1, 0],328.978679099397;8709.159686806339;16749.397345220670,8709.159686806339,NOT_APPLICABLE,NOT_APPLICABLE,NOT_APPLICABLE,61
95,2,33255,G3_TWC,PREVIOUS,[6, 19, 12, 5, 4, 16, 3, 11, 15, 7, 2, 9, 8, 0, 17, 13, 14, 10, 18, 1]|[2, 2, 0, 1, 0, 0, 2, 2, 1, 1, 1, 0, 2, 0, 0, 0, 0, 0, 0, 0]|[0, 0, 2, 1, 3, 3, 0, 0, 0, 1, 1, 3, 0, 3, 3, 0, 3, 3, 3, 3]|[1, 0, 1, 0, 2, 0, 1, 0, 1, 1, 1, 1, 1, 2, 1, 2, 0, 2, 1, 1],409.047230276459;9712.789948995710;12805.715992083906,0,false,[6, 19, 12, 5, 4, 16, 3, 11, 15, 7, 2, 9, 8, 0, 17, 13, 14, 10, 18, 1]|[2, 2, 0, 1, 0, 0, 2, 2, 1, 1, 1, 0, 2, 0, 0, 0, 0, 0, 0, 0]|[0, 0, 2, 1, 3, 3, 0, 0, 0, 1, 1, 3, 0, 3, 3, 0, 3, 3, 3, 3]|[1, 0, 1, 0, 2, 0, 1, 0, 1, 1, 1, 1, 1, 2, 1, 2, 0, 2, 1, 1],409.047230276459;9712.789948995710;12805.715992083906,12805.715992083906,NOT_APPLICABLE,NOT_APPLICABLE,NOT_APPLICABLE,25
95,2,33255,G3_TWC,HISTORICAL,[6, 19, 12, 5, 4, 16, 3, 11, 15, 7, 2, 9, 8, 0, 17, 13, 14, 10, 18, 1]|[2, 2, 0, 1, 0, 0, 2, 2, 1, 1, 1, 0, 2, 0, 0, 0, 0, 0, 0, 0]|[0, 0, 2, 1, 3, 3, 0, 0, 0, 1, 1, 3, 0, 3, 3, 0, 3, 3, 3, 3]|[1, 0, 1, 0, 2, 0, 1, 0, 1, 1, 1, 1, 1, 2, 1, 2, 0, 2, 1, 1],409.047230276459;9712.789948995710;12805.715992083906,0,false,[6, 19, 12, 5, 4, 16, 3, 11, 15, 7, 2, 9, 8, 0, 17, 13, 14, 10, 18, 1]|[2, 2, 0, 1, 0, 0, 2, 2, 1, 1, 1, 0, 2, 0, 0, 0, 0, 0, 0, 0]|[0, 0, 2, 1, 3, 3, 0, 0, 0, 1, 1, 3, 0, 3, 3, 0, 3, 3, 3, 3]|[1, 0, 1, 0, 2, 0, 1, 0, 1, 1, 1, 1, 1, 2, 1, 2, 0, 2, 1, 1],409.047230276459;9712.789948995710;12805.715992083906,12805.715992083906,NOT_APPLICABLE,NOT_APPLICABLE,NOT_APPLICABLE,45
95,2,33255,G4_BALANCED,PREVIOUS,[6, 19, 12, 10, 11, 2, 14, 16, 15, 4, 9, 8, 7, 5, 3, 17, 13, 1, 0, 18]|[2, 1, 0, 2, 2, 1, 1, 2, 0, 1, 0, 0, 1, 2, 1, 0, 0, 0, 0, 1]|[0, 1, 3, 0, 0, 1, 1, 0, 3, 1, 3, 3, 1, 0, 1, 3, 3, 3, 3, 1]|[1, 1, 2, 1, 0, 1, 1, 1, 0, 1, 2, 2, 1, 1, 1, 0, 0, 2, 0, 1],290.298630135278;8769.639861819510;17338.513197729690,0,false,[6, 19, 12, 10, 11, 2, 14, 16, 15, 4, 9, 8, 7, 5, 3, 17, 13, 1, 0, 18]|[2, 1, 0, 2, 2, 1, 1, 2, 0, 1, 0, 0, 1, 2, 1, 0, 0, 0, 0, 1]|[0, 1, 3, 0, 0, 1, 1, 0, 3, 1, 3, 3, 1, 0, 1, 3, 3, 3, 3, 1]|[1, 1, 2, 1, 0, 1, 1, 1, 0, 1, 2, 2, 1, 1, 1, 0, 0, 2, 0, 1],290.298630135278;8769.639861819510;17338.513197729690,0.613439697525,NOT_APPLICABLE,NOT_APPLICABLE,NOT_APPLICABLE,34
95,2,33255,G4_BALANCED,HISTORICAL,[6, 19, 12, 10, 11, 2, 14, 16, 15, 4, 9, 8, 7, 5, 3, 17, 13, 1, 0, 18]|[2, 1, 0, 2, 2, 1, 1, 2, 0, 1, 0, 0, 1, 2, 1, 0, 0, 0, 0, 1]|[0, 1, 3, 0, 0, 1, 1, 0, 3, 1, 3, 3, 1, 0, 1, 3, 3, 3, 3, 1]|[1, 1, 2, 1, 0, 1, 1, 1, 0, 1, 2, 2, 1, 1, 1, 0, 0, 2, 0, 1],290.298630135278;8769.639861819510;17338.513197729690,0,false,[6, 19, 12, 10, 11, 2, 14, 16, 15, 4, 9, 8, 7, 5, 3, 17, 13, 1, 0, 18]|[2, 1, 0, 2, 2, 1, 1, 2, 0, 1, 0, 0, 1, 2, 1, 0, 0, 0, 0, 1]|[0, 1, 3, 0, 0, 1, 1, 0, 3, 1, 3, 3, 1, 0, 1, 3, 3, 3, 3, 1]|[1, 1, 2, 1, 0, 1, 1, 1, 0, 1, 2, 2, 1, 1, 1, 0, 0, 2, 0, 1],290.298630135278;8769.639861819510;17338.513197729690,0.613439697525,NOT_APPLICABLE,NOT_APPLICABLE,NOT_APPLICABLE,34
96,2,33355,G1_CMAX,PREVIOUS,[19, 5, 4, 16, 3, 9, 10, 17, 2, 6, 13, 1, 0, 12, 7, 8, 15, 14, 18, 11]|[1, 2, 1, 0, 1, 0, 2, 0, 2, 2, 2, 1, 1, 1, 1, 0, 1, 0, 0, 2]|[0, 1, 1, 3, 0, 3, 0, 0, 0, 0, 0, 1, 0, 1, 1, 0, 0, 3, 0, 1]|[1, 1, 0, 2, 1, 1, 0, 0, 1, 1, 1, 0, 1, 1, 1, 0, 0, 0, 1, 0],205.178521975543;10962.783729077695;15862.374381374957,0,false,[19, 5, 4, 16, 3, 9, 10, 17, 2, 6, 13, 1, 0, 12, 7, 8, 15, 14, 18, 11]|[1, 2, 1, 0, 1, 0, 2, 0, 2, 2, 2, 1, 1, 1, 1, 0, 1, 0, 0, 2]|[0, 1, 1, 3, 0, 3, 0, 0, 0, 0, 0, 1, 0, 1, 1, 0, 0, 3, 0, 1]|[1, 1, 0, 2, 1, 1, 0, 0, 1, 1, 1, 0, 1, 1, 1, 0, 0, 0, 1, 0],205.178521975543;10962.783729077695;15862.374381374957,205.178521975543,NOT_APPLICABLE,NOT_APPLICABLE,NOT_APPLICABLE,31
96,2,33355,G1_CMAX,HISTORICAL,[19, 5, 4, 16, 3, 9, 10, 17, 2, 6, 13, 1, 0, 12, 7, 8, 15, 14, 18, 11]|[1, 2, 1, 0, 1, 0, 2, 0, 2, 2, 2, 1, 1, 1, 1, 0, 1, 0, 0, 2]|[0, 1, 1, 3, 0, 3, 0, 0, 0, 0, 0, 1, 0, 1, 1, 0, 0, 3, 0, 1]|[1, 1, 0, 2, 1, 1, 0, 0, 1, 1, 1, 0, 1, 1, 1, 0, 0, 0, 1, 0],205.178521975543;10962.783729077695;15862.374381374957,0,false,[19, 5, 4, 16, 3, 9, 10, 17, 2, 6, 13, 1, 0, 12, 7, 8, 15, 14, 18, 11]|[1, 2, 1, 0, 1, 0, 2, 0, 2, 2, 2, 1, 1, 1, 1, 0, 1, 0, 0, 2]|[0, 1, 1, 3, 0, 3, 0, 0, 0, 0, 0, 1, 0, 1, 1, 0, 0, 3, 0, 1]|[1, 1, 0, 2, 1, 1, 0, 0, 1, 1, 1, 0, 1, 1, 1, 0, 0, 0, 1, 0],205.178521975543;10962.783729077695;15862.374381374957,205.178521975543,NOT_APPLICABLE,NOT_APPLICABLE,NOT_APPLICABLE,45
96,2,33355,G2_TEC,PREVIOUS,[6, 19, 13, 10, 11, 2, 14, 16, 4, 17, 9, 8, 15, 7, 1, 5, 12, 18, 3, 0]|[2, 1, 0, 2, 2, 1, 0, 2, 2, 0, 1, 0, 0, 1, 0, 0, 1, 1, 1, 0]|[1, 1, 3, 0, 0, 1, 3, 0, 0, 3, 1, 3, 3, 1, 3, 3, 1, 1, 1, 3]|[1, 1, 0, 1, 0, 1, 0, 1, 1, 0, 1, 2, 0, 1, 2, 0, 1, 1, 1, 0],357.540725106953;8780.982327959606;16509.868342812960,0,false,[6, 19, 13, 10, 11, 2, 14, 16, 4, 17, 9, 8, 15, 7, 1, 5, 12, 18, 3, 0]|[2, 1, 0, 2, 2, 1, 0, 2, 2, 0, 1, 0, 0, 1, 0, 0, 1, 1, 1, 0]|[1, 1, 3, 0, 0, 1, 3, 0, 0, 3, 1, 3, 3, 1, 3, 3, 1, 1, 1, 3]|[1, 1, 0, 1, 0, 1, 0, 1, 1, 0, 1, 2, 0, 1, 2, 0, 1, 1, 1, 0],357.540725106953;8780.982327959606;16509.868342812960,8780.982327959606,NOT_APPLICABLE,NOT_APPLICABLE,NOT_APPLICABLE,15
96,2,33355,G2_TEC,HISTORICAL,[6, 19, 13, 10, 11, 2, 14, 16, 15, 4, 9, 8, 7, 5, 17, 12, 18, 1, 3, 0]|[2, 1, 0, 2, 2, 1, 1, 2, 0, 2, 0, 0, 1, 0, 0, 1, 1, 0, 1, 0]|[0, 1, 3, 0, 0, 1, 1, 0, 3, 0, 3, 3, 1, 3, 3, 1, 1, 3, 1, 3]|[1, 1, 0, 1, 0, 1, 1, 1, 0, 1, 2, 2, 1, 0, 0, 1, 1, 2, 1, 0],328.978679099397;8709.159686806339;16749.397345220670,0,false,[6, 19, 13, 10, 11, 2, 14, 16, 15, 4, 9, 8, 7, 5, 17, 12, 18, 1, 3, 0]|[2, 1, 0, 2, 2, 1, 1, 2, 0, 2, 0, 0, 1, 0, 0, 1, 1, 0, 1, 0]|[0, 1, 3, 0, 0, 1, 1, 0, 3, 0, 3, 3, 1, 3, 3, 1, 1, 3, 1, 3]|[1, 1, 0, 1, 0, 1, 1, 1, 0, 1, 2, 2, 1, 0, 0, 1, 1, 2, 1, 0],328.978679099397;8709.159686806339;16749.397345220670,8709.159686806339,NOT_APPLICABLE,NOT_APPLICABLE,NOT_APPLICABLE,61
96,2,33355,G3_TWC,PREVIOUS,[6, 19, 12, 5, 4, 16, 3, 11, 15, 7, 2, 9, 8, 0, 17, 13, 14, 10, 18, 1]|[2, 2, 0, 1, 0, 0, 2, 2, 1, 1, 1, 0, 2, 0, 0, 0, 0, 0, 0, 0]|[0, 0, 2, 1, 3, 3, 0, 0, 0, 1, 1, 3, 0, 3, 3, 0, 3, 3, 3, 3]|[1, 0, 1, 0, 2, 0, 1, 0, 1, 1, 1, 1, 1, 2, 1, 2, 0, 2, 1, 1],409.047230276459;9712.789948995710;12805.715992083906,0,false,[6, 19, 12, 5, 4, 16, 3, 11, 15, 7, 2, 9, 8, 0, 17, 13, 14, 10, 18, 1]|[2, 2, 0, 1, 0, 0, 2, 2, 1, 1, 1, 0, 2, 0, 0, 0, 0, 0, 0, 0]|[0, 0, 2, 1, 3, 3, 0, 0, 0, 1, 1, 3, 0, 3, 3, 0, 3, 3, 3, 3]|[1, 0, 1, 0, 2, 0, 1, 0, 1, 1, 1, 1, 1, 2, 1, 2, 0, 2, 1, 1],409.047230276459;9712.789948995710;12805.715992083906,12805.715992083906,NOT_APPLICABLE,NOT_APPLICABLE,NOT_APPLICABLE,25
96,2,33355,G3_TWC,HISTORICAL,[6, 19, 12, 5, 4, 16, 3, 11, 15, 7, 2, 9, 8, 0, 17, 13, 14, 10, 18, 1]|[2, 2, 0, 1, 0, 0, 2, 2, 1, 1, 1, 0, 2, 0, 0, 0, 0, 0, 0, 0]|[0, 0, 2, 1, 3, 3, 0, 0, 0, 1, 1, 3, 0, 3, 3, 0, 3, 3, 3, 3]|[1, 0, 1, 0, 2, 0, 1, 0, 1, 1, 1, 1, 1, 2, 1, 2, 0, 2, 1, 1],409.047230276459;9712.789948995710;12805.715992083906,0,false,[6, 19, 12, 5, 4, 16, 3, 11, 15, 7, 2, 9, 8, 0, 17, 13, 14, 10, 18, 1]|[2, 2, 0, 1, 0, 0, 2, 2, 1, 1, 1, 0, 2, 0, 0, 0, 0, 0, 0, 0]|[0, 0, 2, 1, 3, 3, 0, 0, 0, 1, 1, 3, 0, 3, 3, 0, 3, 3, 3, 3]|[1, 0, 1, 0, 2, 0, 1, 0, 1, 1, 1, 1, 1, 2, 1, 2, 0, 2, 1, 1],409.047230276459;9712.789948995710;12805.715992083906,12805.715992083906,NOT_APPLICABLE,NOT_APPLICABLE,NOT_APPLICABLE,46
96,2,33355,G4_BALANCED,PREVIOUS,[6, 19, 12, 10, 11, 2, 14, 16, 15, 4, 9, 8, 7, 5, 3, 17, 13, 1, 0, 18]|[2, 1, 0, 2, 2, 1, 1, 2, 0, 1, 0, 0, 1, 2, 1, 0, 0, 0, 0, 1]|[0, 1, 3, 0, 0, 1, 1, 0, 3, 1, 3, 3, 1, 0, 1, 3, 3, 3, 3, 1]|[1, 1, 2, 1, 0, 1, 1, 1, 0, 1, 2, 2, 1, 1, 1, 0, 0, 2, 0, 1],290.298630135278;8769.639861819510;17338.513197729690,0,false,[6, 19, 12, 10, 11, 2, 14, 16, 15, 4, 9, 8, 7, 5, 3, 17, 13, 1, 0, 18]|[2, 1, 0, 2, 2, 1, 1, 2, 0, 1, 0, 0, 1, 2, 1, 0, 0, 0, 0, 1]|[0, 1, 3, 0, 0, 1, 1, 0, 3, 1, 3, 3, 1, 0, 1, 3, 3, 3, 3, 1]|[1, 1, 2, 1, 0, 1, 1, 1, 0, 1, 2, 2, 1, 1, 1, 0, 0, 2, 0, 1],290.298630135278;8769.639861819510;17338.513197729690,0.613439697525,NOT_APPLICABLE,NOT_APPLICABLE,NOT_APPLICABLE,34
96,2,33355,G4_BALANCED,HISTORICAL,[6, 19, 12, 10, 11, 2, 14, 16, 15, 4, 9, 8, 7, 5, 3, 17, 13, 1, 0, 18]|[2, 1, 0, 2, 2, 1, 1, 2, 0, 1, 0, 0, 1, 2, 1, 0, 0, 0, 0, 1]|[0, 1, 3, 0, 0, 1, 1, 0, 3, 1, 3, 3, 1, 0, 1, 3, 3, 3, 3, 1]|[1, 1, 2, 1, 0, 1, 1, 1, 0, 1, 2, 2, 1, 1, 1, 0, 0, 2, 0, 1],290.298630135278;8769.639861819510;17338.513197729690,0,false,[6, 19, 12, 10, 11, 2, 14, 16, 15, 4, 9, 8, 7, 5, 3, 17, 13, 1, 0, 18]|[2, 1, 0, 2, 2, 1, 1, 2, 0, 1, 0, 0, 1, 2, 1, 0, 0, 0, 0, 1]|[0, 1, 3, 0, 0, 1, 1, 0, 3, 1, 3, 3, 1, 0, 1, 3, 3, 3, 3, 1]|[1, 1, 2, 1, 0, 1, 1, 1, 0, 1, 2, 2, 1, 1, 1, 0, 0, 2, 0, 1],290.298630135278;8769.639861819510;17338.513197729690,0.613439697525,NOT_APPLICABLE,NOT_APPLICABLE,NOT_APPLICABLE,35
97,2,33455,G1_CMAX,PREVIOUS,[19, 5, 4, 16, 3, 9, 10, 17, 2, 6, 13, 1, 0, 12, 7, 8, 15, 14, 18, 11]|[1, 2, 1, 0, 1, 0, 2, 0, 2, 2, 2, 1, 1, 1, 1, 0, 1, 0, 0, 2]|[0, 1, 1, 3, 0, 3, 0, 0, 0, 0, 0, 1, 0, 1, 1, 0, 0, 3, 0, 1]|[1, 1, 0, 2, 1, 1, 0, 0, 1, 1, 1, 0, 1, 1, 1, 0, 0, 0, 1, 0],205.178521975543;10962.783729077695;15862.374381374957,0,false,[19, 5, 4, 16, 3, 9, 10, 17, 2, 6, 13, 1, 0, 12, 7, 8, 15, 14, 18, 11]|[1, 2, 1, 0, 1, 0, 2, 0, 2, 2, 2, 1, 1, 1, 1, 0, 1, 0, 0, 2]|[0, 1, 1, 3, 0, 3, 0, 0, 0, 0, 0, 1, 0, 1, 1, 0, 0, 3, 0, 1]|[1, 1, 0, 2, 1, 1, 0, 0, 1, 1, 1, 0, 1, 1, 1, 0, 0, 0, 1, 0],205.178521975543;10962.783729077695;15862.374381374957,205.178521975543,NOT_APPLICABLE,NOT_APPLICABLE,NOT_APPLICABLE,32
97,2,33455,G1_CMAX,HISTORICAL,[19, 5, 4, 16, 3, 9, 10, 17, 2, 6, 13, 1, 0, 12, 7, 8, 15, 14, 18, 11]|[1, 2, 1, 0, 1, 0, 2, 0, 2, 2, 2, 1, 1, 1, 1, 0, 1, 0, 0, 2]|[0, 1, 1, 3, 0, 3, 0, 0, 0, 0, 0, 1, 0, 1, 1, 0, 0, 3, 0, 1]|[1, 1, 0, 2, 1, 1, 0, 0, 1, 1, 1, 0, 1, 1, 1, 0, 0, 0, 1, 0],205.178521975543;10962.783729077695;15862.374381374957,0,false,[19, 5, 4, 16, 3, 9, 10, 17, 2, 6, 13, 1, 0, 12, 7, 8, 15, 14, 18, 11]|[1, 2, 1, 0, 1, 0, 2, 0, 2, 2, 2, 1, 1, 1, 1, 0, 1, 0, 0, 2]|[0, 1, 1, 3, 0, 3, 0, 0, 0, 0, 0, 1, 0, 1, 1, 0, 0, 3, 0, 1]|[1, 1, 0, 2, 1, 1, 0, 0, 1, 1, 1, 0, 1, 1, 1, 0, 0, 0, 1, 0],205.178521975543;10962.783729077695;15862.374381374957,205.178521975543,NOT_APPLICABLE,NOT_APPLICABLE,NOT_APPLICABLE,45
97,2,33455,G2_TEC,PREVIOUS,[6, 19, 13, 10, 11, 2, 14, 16, 4, 17, 9, 8, 15, 7, 1, 5, 12, 18, 3, 0]|[2, 1, 0, 2, 2, 1, 0, 2, 2, 0, 1, 0, 0, 1, 0, 0, 1, 1, 1, 0]|[1, 1, 3, 0, 0, 1, 3, 0, 0, 3, 1, 3, 3, 1, 3, 3, 1, 1, 1, 3]|[1, 1, 0, 1, 0, 1, 0, 1, 1, 0, 1, 2, 0, 1, 2, 0, 1, 1, 1, 0],357.540725106953;8780.982327959606;16509.868342812960,0,false,[6, 19, 13, 10, 11, 2, 14, 16, 4, 17, 9, 8, 15, 7, 1, 5, 12, 18, 3, 0]|[2, 1, 0, 2, 2, 1, 0, 2, 2, 0, 1, 0, 0, 1, 0, 0, 1, 1, 1, 0]|[1, 1, 3, 0, 0, 1, 3, 0, 0, 3, 1, 3, 3, 1, 3, 3, 1, 1, 1, 3]|[1, 1, 0, 1, 0, 1, 0, 1, 1, 0, 1, 2, 0, 1, 2, 0, 1, 1, 1, 0],357.540725106953;8780.982327959606;16509.868342812960,8780.982327959606,NOT_APPLICABLE,NOT_APPLICABLE,NOT_APPLICABLE,16
97,2,33455,G2_TEC,HISTORICAL,[6, 19, 13, 10, 11, 2, 14, 16, 15, 4, 9, 8, 7, 5, 17, 12, 18, 1, 3, 0]|[2, 1, 0, 2, 2, 1, 1, 2, 0, 2, 0, 0, 1, 0, 0, 1, 1, 0, 1, 0]|[0, 1, 3, 0, 0, 1, 1, 0, 3, 0, 3, 3, 1, 3, 3, 1, 1, 3, 1, 3]|[1, 1, 0, 1, 0, 1, 1, 1, 0, 1, 2, 2, 1, 0, 0, 1, 1, 2, 1, 0],328.978679099397;8709.159686806339;16749.397345220670,0,false,[6, 19, 13, 10, 11, 2, 14, 16, 15, 4, 9, 8, 7, 5, 17, 12, 18, 1, 3, 0]|[2, 1, 0, 2, 2, 1, 1, 2, 0, 2, 0, 0, 1, 0, 0, 1, 1, 0, 1, 0]|[0, 1, 3, 0, 0, 1, 1, 0, 3, 0, 3, 3, 1, 3, 3, 1, 1, 3, 1, 3]|[1, 1, 0, 1, 0, 1, 1, 1, 0, 1, 2, 2, 1, 0, 0, 1, 1, 2, 1, 0],328.978679099397;8709.159686806339;16749.397345220670,8709.159686806339,NOT_APPLICABLE,NOT_APPLICABLE,NOT_APPLICABLE,61
97,2,33455,G3_TWC,PREVIOUS,[6, 19, 12, 5, 4, 16, 3, 11, 15, 7, 2, 9, 8, 0, 17, 13, 14, 10, 18, 1]|[2, 2, 0, 1, 0, 0, 2, 2, 1, 1, 1, 0, 2, 0, 0, 0, 0, 0, 0, 0]|[0, 0, 2, 1, 3, 3, 0, 0, 0, 1, 1, 3, 0, 3, 3, 0, 3, 3, 3, 3]|[1, 0, 1, 0, 2, 0, 1, 0, 1, 1, 1, 1, 1, 2, 1, 2, 0, 2, 1, 1],409.047230276459;9712.789948995710;12805.715992083906,0,false,[6, 19, 12, 5, 4, 16, 3, 11, 15, 7, 2, 9, 8, 0, 17, 13, 14, 10, 18, 1]|[2, 2, 0, 1, 0, 0, 2, 2, 1, 1, 1, 0, 2, 0, 0, 0, 0, 0, 0, 0]|[0, 0, 2, 1, 3, 3, 0, 0, 0, 1, 1, 3, 0, 3, 3, 0, 3, 3, 3, 3]|[1, 0, 1, 0, 2, 0, 1, 0, 1, 1, 1, 1, 1, 2, 1, 2, 0, 2, 1, 1],409.047230276459;9712.789948995710;12805.715992083906,12805.715992083906,NOT_APPLICABLE,NOT_APPLICABLE,NOT_APPLICABLE,25
97,2,33455,G3_TWC,HISTORICAL,[6, 19, 12, 5, 4, 16, 3, 11, 15, 7, 2, 9, 8, 0, 17, 13, 14, 10, 18, 1]|[2, 2, 0, 1, 0, 0, 2, 2, 1, 1, 1, 0, 2, 0, 0, 0, 0, 0, 0, 0]|[0, 0, 2, 1, 3, 3, 0, 0, 0, 1, 1, 3, 0, 3, 3, 0, 3, 3, 3, 3]|[1, 0, 1, 0, 2, 0, 1, 0, 1, 1, 1, 1, 1, 2, 1, 2, 0, 2, 1, 1],409.047230276459;9712.789948995710;12805.715992083906,0,false,[6, 19, 12, 5, 4, 16, 3, 11, 15, 7, 2, 9, 8, 0, 17, 13, 14, 10, 18, 1]|[2, 2, 0, 1, 0, 0, 2, 2, 1, 1, 1, 0, 2, 0, 0, 0, 0, 0, 0, 0]|[0, 0, 2, 1, 3, 3, 0, 0, 0, 1, 1, 3, 0, 3, 3, 0, 3, 3, 3, 3]|[1, 0, 1, 0, 2, 0, 1, 0, 1, 1, 1, 1, 1, 2, 1, 2, 0, 2, 1, 1],409.047230276459;9712.789948995710;12805.715992083906,12805.715992083906,NOT_APPLICABLE,NOT_APPLICABLE,NOT_APPLICABLE,47
97,2,33455,G4_BALANCED,PREVIOUS,[6, 19, 12, 5, 4, 16, 3, 2, 11, 7, 17, 10, 14, 18, 13, 1, 8, 0, 15, 9]|[2, 1, 1, 1, 2, 2, 1, 2, 0, 0, 0, 2, 0, 1, 0, 0, 0, 0, 1, 1]|[0, 1, 1, 1, 0, 0, 0, 0, 3, 3, 3, 0, 3, 1, 3, 3, 3, 3, 1, 1]|[1, 1, 1, 0, 1, 1, 1, 0, 0, 2, 0, 1, 2, 1, 0, 2, 2, 0, 1, 1],320.134944388095;8973.046927139007;16358.420449522524,0,false,[6, 19, 12, 5, 4, 16, 3, 2, 11, 7, 17, 10, 14, 18, 13, 1, 8, 0, 15, 9]|[2, 1, 1, 1, 2, 2, 1, 2, 0, 0, 0, 2, 0, 1, 0, 0, 0, 0, 1, 1]|[0, 1, 1, 1, 0, 0, 0, 0, 3, 3, 3, 0, 3, 1, 3, 3, 3, 3, 1, 1]|[1, 1, 1, 0, 1, 1, 1, 0, 0, 2, 0, 1, 2, 1, 0, 2, 2, 0, 1, 1],320.134944388095;8973.046927139007;16358.420449522524,0.480800231930,NOT_APPLICABLE,NOT_APPLICABLE,NOT_APPLICABLE,34
97,2,33455,G4_BALANCED,HISTORICAL,[6, 19, 12, 10, 11, 2, 14, 16, 15, 4, 9, 8, 7, 5, 3, 17, 13, 1, 0, 18]|[2, 1, 0, 2, 2, 1, 1, 2, 0, 1, 0, 0, 1, 2, 1, 0, 0, 0, 0, 1]|[0, 1, 3, 0, 0, 1, 1, 0, 3, 1, 3, 3, 1, 0, 1, 3, 3, 3, 3, 1]|[1, 1, 2, 1, 0, 1, 1, 1, 0, 1, 2, 2, 1, 1, 1, 0, 0, 2, 0, 1],290.298630135278;8769.639861819510;17338.513197729690,0,false,[6, 19, 12, 10, 11, 2, 14, 16, 15, 4, 9, 8, 7, 5, 3, 17, 13, 1, 0, 18]|[2, 1, 0, 2, 2, 1, 1, 2, 0, 1, 0, 0, 1, 2, 1, 0, 0, 0, 0, 1]|[0, 1, 3, 0, 0, 1, 1, 0, 3, 1, 3, 3, 1, 0, 1, 3, 3, 3, 3, 1]|[1, 1, 2, 1, 0, 1, 1, 1, 0, 1, 2, 2, 1, 1, 1, 0, 0, 2, 0, 1],290.298630135278;8769.639861819510;17338.513197729690,0.613439697525,NOT_APPLICABLE,NOT_APPLICABLE,NOT_APPLICABLE,35
98,2,33555,G1_CMAX,PREVIOUS,[19, 5, 4, 16, 3, 9, 10, 17, 2, 6, 13, 1, 0, 12, 7, 8, 15, 14, 18, 11]|[1, 2, 1, 0, 1, 0, 2, 0, 2, 2, 2, 1, 1, 1, 1, 0, 1, 0, 0, 2]|[0, 1, 1, 3, 0, 3, 0, 0, 0, 0, 0, 1, 0, 1, 1, 0, 0, 3, 0, 1]|[1, 1, 0, 2, 1, 1, 0, 0, 1, 1, 1, 0, 1, 1, 1, 0, 0, 0, 1, 0],205.178521975543;10962.783729077695;15862.374381374957,0,false,[19, 5, 4, 16, 3, 9, 10, 17, 2, 6, 13, 1, 0, 12, 7, 8, 15, 14, 18, 11]|[1, 2, 1, 0, 1, 0, 2, 0, 2, 2, 2, 1, 1, 1, 1, 0, 1, 0, 0, 2]|[0, 1, 1, 3, 0, 3, 0, 0, 0, 0, 0, 1, 0, 1, 1, 0, 0, 3, 0, 1]|[1, 1, 0, 2, 1, 1, 0, 0, 1, 1, 1, 0, 1, 1, 1, 0, 0, 0, 1, 0],205.178521975543;10962.783729077695;15862.374381374957,205.178521975543,NOT_APPLICABLE,NOT_APPLICABLE,NOT_APPLICABLE,33
98,2,33555,G1_CMAX,HISTORICAL,[19, 5, 4, 16, 3, 9, 10, 17, 2, 6, 13, 1, 0, 12, 7, 8, 15, 14, 18, 11]|[1, 2, 1, 0, 1, 0, 2, 0, 2, 2, 2, 1, 1, 1, 1, 0, 1, 0, 0, 2]|[0, 1, 1, 3, 0, 3, 0, 0, 0, 0, 0, 1, 0, 1, 1, 0, 0, 3, 0, 1]|[1, 1, 0, 2, 1, 1, 0, 0, 1, 1, 1, 0, 1, 1, 1, 0, 0, 0, 1, 0],205.178521975543;10962.783729077695;15862.374381374957,0,false,[19, 5, 4, 16, 3, 9, 10, 17, 2, 6, 13, 1, 0, 12, 7, 8, 15, 14, 18, 11]|[1, 2, 1, 0, 1, 0, 2, 0, 2, 2, 2, 1, 1, 1, 1, 0, 1, 0, 0, 2]|[0, 1, 1, 3, 0, 3, 0, 0, 0, 0, 0, 1, 0, 1, 1, 0, 0, 3, 0, 1]|[1, 1, 0, 2, 1, 1, 0, 0, 1, 1, 1, 0, 1, 1, 1, 0, 0, 0, 1, 0],205.178521975543;10962.783729077695;15862.374381374957,205.178521975543,NOT_APPLICABLE,NOT_APPLICABLE,NOT_APPLICABLE,45
98,2,33555,G2_TEC,PREVIOUS,[6, 19, 13, 10, 11, 2, 14, 16, 4, 17, 9, 8, 15, 7, 1, 12, 5, 18, 3, 0]|[2, 1, 1, 2, 2, 1, 1, 2, 2, 0, 1, 0, 0, 1, 0, 0, 0, 1, 1, 0]|[1, 1, 1, 0, 0, 1, 1, 0, 0, 3, 1, 3, 3, 1, 3, 3, 3, 1, 1, 3]|[1, 1, 1, 1, 0, 1, 1, 1, 1, 0, 1, 2, 0, 1, 2, 2, 0, 1, 1, 0],288.406938909415;8783.959738422230;18431.654981456886,0,false,[6, 19, 13, 10, 11, 2, 14, 16, 4, 17, 9, 8, 15, 7, 1, 12, 5, 18, 3, 0]|[2, 1, 1, 2, 2, 1, 1, 2, 2, 0, 1, 0, 0, 1, 0, 0, 0, 1, 1, 0]|[1, 1, 1, 0, 0, 1, 1, 0, 0, 3, 1, 3, 3, 1, 3, 3, 3, 1, 1, 3]|[1, 1, 1, 1, 0, 1, 1, 1, 1, 0, 1, 2, 0, 1, 2, 2, 0, 1, 1, 0],288.406938909415;8783.959738422230;18431.654981456886,8783.959738422230,NOT_APPLICABLE,NOT_APPLICABLE,NOT_APPLICABLE,16
98,2,33555,G2_TEC,HISTORICAL,[6, 19, 13, 10, 11, 2, 14, 16, 15, 4, 9, 8, 7, 5, 17, 12, 18, 1, 3, 0]|[2, 1, 0, 2, 2, 1, 1, 2, 0, 2, 0, 0, 1, 0, 0, 1, 1, 0, 1, 0]|[0, 1, 3, 0, 0, 1, 1, 0, 3, 0, 3, 3, 1, 3, 3, 1, 1, 3, 1, 3]|[1, 1, 0, 1, 0, 1, 1, 1, 0, 1, 2, 2, 1, 0, 0, 1, 1, 2, 1, 0],328.978679099397;8709.159686806339;16749.397345220670,0,false,[6, 19, 13, 10, 11, 2, 14, 16, 15, 4, 9, 8, 7, 5, 17, 12, 18, 1, 3, 0]|[2, 1, 0, 2, 2, 1, 1, 2, 0, 2, 0, 0, 1, 0, 0, 1, 1, 0, 1, 0]|[0, 1, 3, 0, 0, 1, 1, 0, 3, 0, 3, 3, 1, 3, 3, 1, 1, 3, 1, 3]|[1, 1, 0, 1, 0, 1, 1, 1, 0, 1, 2, 2, 1, 0, 0, 1, 1, 2, 1, 0],328.978679099397;8709.159686806339;16749.397345220670,8709.159686806339,NOT_APPLICABLE,NOT_APPLICABLE,NOT_APPLICABLE,61
98,2,33555,G3_TWC,PREVIOUS,[6, 19, 12, 5, 4, 16, 3, 11, 15, 7, 2, 9, 8, 0, 17, 13, 14, 10, 18, 1]|[2, 2, 0, 1, 0, 0, 2, 2, 1, 1, 1, 0, 2, 0, 0, 0, 0, 0, 0, 0]|[0, 0, 2, 1, 3, 3, 0, 0, 0, 1, 1, 3, 0, 3, 3, 0, 3, 3, 3, 3]|[1, 0, 1, 0, 2, 0, 1, 0, 1, 1, 1, 1, 1, 2, 1, 2, 0, 2, 1, 1],409.047230276459;9712.789948995710;12805.715992083906,0,false,[6, 19, 12, 5, 4, 16, 3, 11, 15, 7, 2, 9, 8, 0, 17, 13, 14, 10, 18, 1]|[2, 2, 0, 1, 0, 0, 2, 2, 1, 1, 1, 0, 2, 0, 0, 0, 0, 0, 0, 0]|[0, 0, 2, 1, 3, 3, 0, 0, 0, 1, 1, 3, 0, 3, 3, 0, 3, 3, 3, 3]|[1, 0, 1, 0, 2, 0, 1, 0, 1, 1, 1, 1, 1, 2, 1, 2, 0, 2, 1, 1],409.047230276459;9712.789948995710;12805.715992083906,12805.715992083906,NOT_APPLICABLE,NOT_APPLICABLE,NOT_APPLICABLE,25
98,2,33555,G3_TWC,HISTORICAL,[6, 19, 12, 5, 4, 16, 3, 11, 15, 7, 2, 9, 8, 0, 17, 13, 14, 10, 18, 1]|[2, 2, 0, 1, 0, 0, 2, 2, 1, 1, 1, 0, 2, 0, 0, 0, 0, 0, 0, 0]|[0, 0, 2, 1, 3, 3, 0, 0, 0, 1, 1, 3, 0, 3, 3, 0, 3, 3, 3, 3]|[1, 0, 1, 0, 2, 0, 1, 0, 1, 1, 1, 1, 1, 2, 1, 2, 0, 2, 1, 1],409.047230276459;9712.789948995710;12805.715992083906,0,false,[6, 19, 12, 5, 4, 16, 3, 11, 15, 7, 2, 9, 8, 0, 17, 13, 14, 10, 18, 1]|[2, 2, 0, 1, 0, 0, 2, 2, 1, 1, 1, 0, 2, 0, 0, 0, 0, 0, 0, 0]|[0, 0, 2, 1, 3, 3, 0, 0, 0, 1, 1, 3, 0, 3, 3, 0, 3, 3, 3, 3]|[1, 0, 1, 0, 2, 0, 1, 0, 1, 1, 1, 1, 1, 2, 1, 2, 0, 2, 1, 1],409.047230276459;9712.789948995710;12805.715992083906,12805.715992083906,NOT_APPLICABLE,NOT_APPLICABLE,NOT_APPLICABLE,48
98,2,33555,G4_BALANCED,PREVIOUS,[6, 19, 12, 5, 4, 16, 1, 7, 15, 11, 9, 8, 2, 18, 3, 17, 10, 14, 13, 0]|[2, 2, 1, 0, 2, 1, 0, 2, 0, 1, 0, 0, 1, 0, 1, 0, 2, 0, 0, 0]|[0, 0, 1, 3, 0, 1, 3, 0, 3, 1, 3, 3, 1, 3, 1, 3, 0, 3, 3, 3]|[1, 0, 1, 0, 1, 1, 2, 0, 0, 1, 0, 2, 1, 2, 1, 0, 1, 2, 0, 0],408.624184507923;8603.364605357616;15505.929508971698,0,false,[6, 19, 12, 5, 4, 16, 1, 7, 15, 11, 9, 8, 2, 18, 3, 17, 10, 14, 13, 0]|[2, 2, 1, 0, 2, 1, 0, 2, 0, 1, 0, 0, 1, 0, 1, 0, 2, 0, 0, 0]|[0, 0, 1, 3, 0, 1, 3, 0, 3, 1, 3, 3, 1, 3, 1, 3, 0, 3, 3, 3]|[1, 0, 1, 0, 1, 1, 2, 0, 0, 1, 0, 2, 1, 2, 1, 0, 1, 2, 0, 0],408.624184507923;8603.364605357616;15505.929508971698,0.829502578887,NOT_APPLICABLE,NOT_APPLICABLE,NOT_APPLICABLE,34
98,2,33555,G4_BALANCED,HISTORICAL,[6, 19, 12, 10, 11, 2, 14, 16, 15, 4, 9, 8, 7, 5, 3, 17, 13, 1, 0, 18]|[2, 1, 0, 2, 2, 1, 1, 2, 0, 1, 0, 0, 1, 2, 1, 0, 0, 0, 0, 1]|[0, 1, 3, 0, 0, 1, 1, 0, 3, 1, 3, 3, 1, 0, 1, 3, 3, 3, 3, 1]|[1, 1, 2, 1, 0, 1, 1, 1, 0, 1, 2, 2, 1, 1, 1, 0, 0, 2, 0, 1],290.298630135278;8769.639861819510;17338.513197729690,0,false,[6, 19, 12, 10, 11, 2, 14, 16, 15, 4, 9, 8, 7, 5, 3, 17, 13, 1, 0, 18]|[2, 1, 0, 2, 2, 1, 1, 2, 0, 1, 0, 0, 1, 2, 1, 0, 0, 0, 0, 1]|[0, 1, 3, 0, 0, 1, 1, 0, 3, 1, 3, 3, 1, 0, 1, 3, 3, 3, 3, 1]|[1, 1, 2, 1, 0, 1, 1, 1, 0, 1, 2, 2, 1, 1, 1, 0, 0, 2, 0, 1],290.298630135278;8769.639861819510;17338.513197729690,0.613439697525,NOT_APPLICABLE,NOT_APPLICABLE,NOT_APPLICABLE,35
99,2,33655,G1_CMAX,PREVIOUS,[19, 5, 4, 16, 3, 9, 10, 17, 2, 6, 13, 1, 0, 12, 7, 8, 15, 14, 18, 11]|[1, 2, 1, 0, 1, 0, 2, 0, 2, 2, 2, 1, 1, 1, 1, 0, 1, 0, 0, 2]|[0, 1, 1, 3, 0, 3, 0, 0, 0, 0, 0, 1, 0, 1, 1, 0, 0, 3, 0, 1]|[1, 1, 0, 2, 1, 1, 0, 0, 1, 1, 1, 0, 1, 1, 1, 0, 0, 0, 1, 0],205.178521975543;10962.783729077695;15862.374381374957,0,false,[19, 5, 4, 16, 3, 9, 10, 17, 2, 6, 13, 1, 0, 12, 7, 8, 15, 14, 18, 11]|[1, 2, 1, 0, 1, 0, 2, 0, 2, 2, 2, 1, 1, 1, 1, 0, 1, 0, 0, 2]|[0, 1, 1, 3, 0, 3, 0, 0, 0, 0, 0, 1, 0, 1, 1, 0, 0, 3, 0, 1]|[1, 1, 0, 2, 1, 1, 0, 0, 1, 1, 1, 0, 1, 1, 1, 0, 0, 0, 1, 0],205.178521975543;10962.783729077695;15862.374381374957,205.178521975543,NOT_APPLICABLE,NOT_APPLICABLE,NOT_APPLICABLE,34
99,2,33655,G1_CMAX,HISTORICAL,[19, 5, 4, 16, 3, 9, 10, 17, 2, 6, 13, 1, 0, 12, 7, 8, 15, 14, 18, 11]|[1, 2, 1, 0, 1, 0, 2, 0, 2, 2, 2, 1, 1, 1, 1, 0, 1, 0, 0, 2]|[0, 1, 1, 3, 0, 3, 0, 0, 0, 0, 0, 1, 0, 1, 1, 0, 0, 3, 0, 1]|[1, 1, 0, 2, 1, 1, 0, 0, 1, 1, 1, 0, 1, 1, 1, 0, 0, 0, 1, 0],205.178521975543;10962.783729077695;15862.374381374957,0,false,[19, 5, 4, 16, 3, 9, 10, 17, 2, 6, 13, 1, 0, 12, 7, 8, 15, 14, 18, 11]|[1, 2, 1, 0, 1, 0, 2, 0, 2, 2, 2, 1, 1, 1, 1, 0, 1, 0, 0, 2]|[0, 1, 1, 3, 0, 3, 0, 0, 0, 0, 0, 1, 0, 1, 1, 0, 0, 3, 0, 1]|[1, 1, 0, 2, 1, 1, 0, 0, 1, 1, 1, 0, 1, 1, 1, 0, 0, 0, 1, 0],205.178521975543;10962.783729077695;15862.374381374957,205.178521975543,NOT_APPLICABLE,NOT_APPLICABLE,NOT_APPLICABLE,45
99,2,33655,G2_TEC,PREVIOUS,[6, 19, 13, 10, 11, 2, 14, 16, 4, 17, 9, 8, 15, 7, 1, 5, 12, 18, 3, 0]|[2, 1, 0, 2, 2, 1, 0, 2, 2, 0, 1, 0, 0, 1, 0, 0, 1, 1, 1, 0]|[1, 1, 3, 0, 0, 1, 3, 0, 0, 3, 1, 3, 3, 1, 3, 3, 1, 1, 1, 3]|[1, 1, 0, 1, 0, 1, 0, 1, 1, 0, 1, 2, 0, 1, 2, 0, 1, 1, 1, 0],357.540725106953;8780.982327959606;16509.868342812960,0,false,[6, 19, 13, 10, 11, 2, 14, 16, 4, 17, 9, 8, 15, 7, 1, 5, 12, 18, 3, 0]|[2, 1, 0, 2, 2, 1, 0, 2, 2, 0, 1, 0, 0, 1, 0, 0, 1, 1, 1, 0]|[1, 1, 3, 0, 0, 1, 3, 0, 0, 3, 1, 3, 3, 1, 3, 3, 1, 1, 1, 3]|[1, 1, 0, 1, 0, 1, 0, 1, 1, 0, 1, 2, 0, 1, 2, 0, 1, 1, 1, 0],357.540725106953;8780.982327959606;16509.868342812960,8780.982327959606,NOT_APPLICABLE,NOT_APPLICABLE,NOT_APPLICABLE,16
99,2,33655,G2_TEC,HISTORICAL,[6, 19, 13, 10, 11, 2, 14, 16, 15, 4, 9, 8, 7, 5, 17, 12, 18, 1, 3, 0]|[2, 1, 0, 2, 2, 1, 1, 2, 0, 2, 0, 0, 1, 0, 0, 1, 1, 0, 1, 0]|[0, 1, 3, 0, 0, 1, 1, 0, 3, 0, 3, 3, 1, 3, 3, 1, 1, 3, 1, 3]|[1, 1, 0, 1, 0, 1, 1, 1, 0, 1, 2, 2, 1, 0, 0, 1, 1, 2, 1, 0],328.978679099397;8709.159686806339;16749.397345220670,0,false,[6, 19, 13, 10, 11, 2, 14, 16, 15, 4, 9, 8, 7, 5, 17, 12, 18, 1, 3, 0]|[2, 1, 0, 2, 2, 1, 1, 2, 0, 2, 0, 0, 1, 0, 0, 1, 1, 0, 1, 0]|[0, 1, 3, 0, 0, 1, 1, 0, 3, 0, 3, 3, 1, 3, 3, 1, 1, 3, 1, 3]|[1, 1, 0, 1, 0, 1, 1, 1, 0, 1, 2, 2, 1, 0, 0, 1, 1, 2, 1, 0],328.978679099397;8709.159686806339;16749.397345220670,8709.159686806339,NOT_APPLICABLE,NOT_APPLICABLE,NOT_APPLICABLE,61
99,2,33655,G3_TWC,PREVIOUS,[6, 19, 12, 5, 4, 16, 3, 11, 15, 7, 2, 9, 8, 0, 17, 13, 14, 10, 18, 1]|[2, 2, 0, 1, 0, 0, 2, 2, 1, 1, 1, 0, 2, 0, 0, 0, 0, 0, 0, 0]|[0, 0, 2, 1, 3, 3, 0, 0, 0, 1, 1, 3, 0, 3, 3, 0, 3, 3, 3, 3]|[1, 0, 1, 0, 2, 0, 1, 0, 1, 1, 1, 1, 1, 2, 1, 2, 0, 2, 1, 1],409.047230276459;9712.789948995710;12805.715992083906,0,false,[6, 19, 12, 5, 4, 16, 3, 11, 15, 7, 2, 9, 8, 0, 17, 13, 14, 10, 18, 1]|[2, 2, 0, 1, 0, 0, 2, 2, 1, 1, 1, 0, 2, 0, 0, 0, 0, 0, 0, 0]|[0, 0, 2, 1, 3, 3, 0, 0, 0, 1, 1, 3, 0, 3, 3, 0, 3, 3, 3, 3]|[1, 0, 1, 0, 2, 0, 1, 0, 1, 1, 1, 1, 1, 2, 1, 2, 0, 2, 1, 1],409.047230276459;9712.789948995710;12805.715992083906,12805.715992083906,NOT_APPLICABLE,NOT_APPLICABLE,NOT_APPLICABLE,25
99,2,33655,G3_TWC,HISTORICAL,[6, 19, 12, 5, 4, 16, 3, 11, 15, 7, 2, 9, 8, 0, 17, 13, 14, 10, 18, 1]|[2, 2, 0, 1, 0, 0, 2, 2, 1, 1, 1, 0, 2, 0, 0, 0, 0, 0, 0, 0]|[0, 0, 2, 1, 3, 3, 0, 0, 0, 1, 1, 3, 0, 3, 3, 0, 3, 3, 3, 3]|[1, 0, 1, 0, 2, 0, 1, 0, 1, 1, 1, 1, 1, 2, 1, 2, 0, 2, 1, 1],409.047230276459;9712.789948995710;12805.715992083906,0,false,[6, 19, 12, 5, 4, 16, 3, 11, 15, 7, 2, 9, 8, 0, 17, 13, 14, 10, 18, 1]|[2, 2, 0, 1, 0, 0, 2, 2, 1, 1, 1, 0, 2, 0, 0, 0, 0, 0, 0, 0]|[0, 0, 2, 1, 3, 3, 0, 0, 0, 1, 1, 3, 0, 3, 3, 0, 3, 3, 3, 3]|[1, 0, 1, 0, 2, 0, 1, 0, 1, 1, 1, 1, 1, 2, 1, 2, 0, 2, 1, 1],409.047230276459;9712.789948995710;12805.715992083906,12805.715992083906,NOT_APPLICABLE,NOT_APPLICABLE,NOT_APPLICABLE,49
99,2,33655,G4_BALANCED,PREVIOUS,[6, 19, 12, 10, 11, 2, 14, 16, 15, 4, 9, 8, 7, 5, 3, 17, 13, 1, 0, 18]|[2, 1, 0, 2, 2, 1, 1, 2, 0, 1, 0, 0, 1, 2, 1, 0, 0, 0, 0, 1]|[0, 1, 3, 0, 0, 1, 1, 0, 3, 1, 3, 3, 1, 0, 1, 3, 3, 3, 3, 1]|[1, 1, 2, 1, 0, 1, 1, 1, 0, 1, 2, 2, 1, 1, 1, 0, 0, 2, 0, 1],290.298630135278;8769.639861819510;17338.513197729690,0,false,[6, 19, 12, 10, 11, 2, 14, 16, 15, 4, 9, 8, 7, 5, 3, 17, 13, 1, 0, 18]|[2, 1, 0, 2, 2, 1, 1, 2, 0, 1, 0, 0, 1, 2, 1, 0, 0, 0, 0, 1]|[0, 1, 3, 0, 0, 1, 1, 0, 3, 1, 3, 3, 1, 0, 1, 3, 3, 3, 3, 1]|[1, 1, 2, 1, 0, 1, 1, 1, 0, 1, 2, 2, 1, 1, 1, 0, 0, 2, 0, 1],290.298630135278;8769.639861819510;17338.513197729690,0.613439697525,NOT_APPLICABLE,NOT_APPLICABLE,NOT_APPLICABLE,34
99,2,33655,G4_BALANCED,HISTORICAL,[6, 19, 12, 10, 11, 2, 14, 16, 15, 4, 9, 8, 7, 5, 3, 17, 13, 1, 0, 18]|[2, 1, 0, 2, 2, 1, 1, 2, 0, 1, 0, 0, 1, 2, 1, 0, 0, 0, 0, 1]|[0, 1, 3, 0, 0, 1, 1, 0, 3, 1, 3, 3, 1, 0, 1, 3, 3, 3, 3, 1]|[1, 1, 2, 1, 0, 1, 1, 1, 0, 1, 2, 2, 1, 1, 1, 0, 0, 2, 0, 1],290.298630135278;8769.639861819510;17338.513197729690,0,false,[6, 19, 12, 10, 11, 2, 14, 16, 15, 4, 9, 8, 7, 5, 3, 17, 13, 1, 0, 18]|[2, 1, 0, 2, 2, 1, 1, 2, 0, 1, 0, 0, 1, 2, 1, 0, 0, 0, 0, 1]|[0, 1, 3, 0, 0, 1, 1, 0, 3, 1, 3, 3, 1, 0, 1, 3, 3, 3, 3, 1]|[1, 1, 2, 1, 0, 1, 1, 1, 0, 1, 2, 2, 1, 1, 1, 0, 0, 2, 0, 1],290.298630135278;8769.639861819510;17338.513197729690,0.613439697525,NOT_APPLICABLE,NOT_APPLICABLE,NOT_APPLICABLE,36
100,2,33755,G1_CMAX,PREVIOUS,[19, 5, 4, 16, 3, 9, 10, 17, 2, 6, 13, 1, 0, 12, 7, 8, 15, 14, 18, 11]|[1, 2, 1, 0, 1, 0, 2, 0, 2, 2, 2, 1, 1, 1, 1, 0, 1, 0, 0, 2]|[0, 1, 1, 3, 0, 3, 0, 0, 0, 0, 0, 1, 0, 1, 1, 0, 0, 3, 0, 1]|[1, 1, 0, 2, 1, 1, 0, 0, 1, 1, 1, 0, 1, 1, 1, 0, 0, 0, 1, 0],205.178521975543;10962.783729077695;15862.374381374957,0,false,[19, 5, 4, 16, 3, 9, 10, 17, 2, 6, 13, 1, 0, 12, 7, 8, 15, 14, 18, 11]|[1, 2, 1, 0, 1, 0, 2, 0, 2, 2, 2, 1, 1, 1, 1, 0, 1, 0, 0, 2]|[0, 1, 1, 3, 0, 3, 0, 0, 0, 0, 0, 1, 0, 1, 1, 0, 0, 3, 0, 1]|[1, 1, 0, 2, 1, 1, 0, 0, 1, 1, 1, 0, 1, 1, 1, 0, 0, 0, 1, 0],205.178521975543;10962.783729077695;15862.374381374957,205.178521975543,NOT_APPLICABLE,NOT_APPLICABLE,NOT_APPLICABLE,35
100,2,33755,G1_CMAX,HISTORICAL,[19, 5, 4, 16, 3, 9, 10, 17, 2, 6, 13, 1, 0, 12, 7, 8, 15, 14, 18, 11]|[1, 2, 1, 0, 1, 0, 2, 0, 2, 2, 2, 1, 1, 1, 1, 0, 1, 0, 0, 2]|[0, 1, 1, 3, 0, 3, 0, 0, 0, 0, 0, 1, 0, 1, 1, 0, 0, 3, 0, 1]|[1, 1, 0, 2, 1, 1, 0, 0, 1, 1, 1, 0, 1, 1, 1, 0, 0, 0, 1, 0],205.178521975543;10962.783729077695;15862.374381374957,0,false,[19, 5, 4, 16, 3, 9, 10, 17, 2, 6, 13, 1, 0, 12, 7, 8, 15, 14, 18, 11]|[1, 2, 1, 0, 1, 0, 2, 0, 2, 2, 2, 1, 1, 1, 1, 0, 1, 0, 0, 2]|[0, 1, 1, 3, 0, 3, 0, 0, 0, 0, 0, 1, 0, 1, 1, 0, 0, 3, 0, 1]|[1, 1, 0, 2, 1, 1, 0, 0, 1, 1, 1, 0, 1, 1, 1, 0, 0, 0, 1, 0],205.178521975543;10962.783729077695;15862.374381374957,205.178521975543,NOT_APPLICABLE,NOT_APPLICABLE,NOT_APPLICABLE,45
100,2,33755,G2_TEC,PREVIOUS,[6, 19, 12, 5, 4, 16, 3, 11, 15, 7, 10, 18, 9, 0, 8, 17, 13, 2, 14, 1]|[2, 2, 0, 1, 1, 0, 2, 0, 1, 1, 2, 0, 0, 0, 2, 0, 0, 1, 0, 0]|[0, 0, 2, 1, 1, 3, 0, 3, 0, 1, 0, 0, 0, 3, 0, 3, 0, 1, 3, 3]|[0, 0, 1, 0, 1, 0, 1, 0, 1, 1, 0, 1, 0, 2, 1, 1, 2, 1, 0, 1],333.646952011286;10171.935312010928;14696.607748674316,0,false,[6, 19, 12, 5, 4, 16, 3, 11, 15, 7, 10, 18, 9, 0, 8, 17, 13, 2, 14, 1]|[2, 2, 0, 1, 1, 0, 2, 0, 1, 1, 2, 0, 0, 0, 2, 0, 0, 1, 0, 0]|[0, 0, 2, 1, 1, 3, 0, 3, 0, 1, 0, 0, 0, 3, 0, 3, 0, 1, 3, 3]|[0, 0, 1, 0, 1, 0, 1, 0, 1, 1, 0, 1, 0, 2, 1, 1, 2, 1, 0, 1],333.646952011286;10171.935312010928;14696.607748674316,10171.935312010928,NOT_APPLICABLE,NOT_APPLICABLE,NOT_APPLICABLE,16
100,2,33755,G2_TEC,HISTORICAL,[6, 19, 13, 10, 11, 2, 14, 16, 15, 4, 9, 8, 7, 5, 17, 12, 18, 1, 3, 0]|[2, 1, 0, 2, 2, 1, 1, 2, 0, 2, 0, 0, 1, 0, 0, 1, 1, 0, 1, 0]|[0, 1, 3, 0, 0, 1, 1, 0, 3, 0, 3, 3, 1, 3, 3, 1, 1, 3, 1, 3]|[1, 1, 0, 1, 0, 1, 1, 1, 0, 1, 2, 2, 1, 0, 0, 1, 1, 2, 1, 0],328.978679099397;8709.159686806339;16749.397345220670,0,false,[6, 19, 13, 10, 11, 2, 14, 16, 15, 4, 9, 8, 7, 5, 17, 12, 18, 1, 3, 0]|[2, 1, 0, 2, 2, 1, 1, 2, 0, 2, 0, 0, 1, 0, 0, 1, 1, 0, 1, 0]|[0, 1, 3, 0, 0, 1, 1, 0, 3, 0, 3, 3, 1, 3, 3, 1, 1, 3, 1, 3]|[1, 1, 0, 1, 0, 1, 1, 1, 0, 1, 2, 2, 1, 0, 0, 1, 1, 2, 1, 0],328.978679099397;8709.159686806339;16749.397345220670,8709.159686806339,NOT_APPLICABLE,NOT_APPLICABLE,NOT_APPLICABLE,61
100,2,33755,G3_TWC,PREVIOUS,[6, 19, 12, 5, 4, 16, 3, 11, 15, 7, 2, 9, 8, 0, 17, 13, 14, 10, 18, 1]|[2, 2, 0, 1, 0, 0, 2, 2, 1, 1, 1, 0, 2, 0, 0, 0, 0, 0, 0, 0]|[0, 0, 2, 1, 3, 3, 0, 0, 0, 1, 1, 3, 0, 3, 3, 0, 3, 3, 3, 3]|[1, 0, 1, 0, 2, 0, 1, 0, 1, 1, 1, 1, 1, 2, 1, 2, 0, 2, 1, 1],409.047230276459;9712.789948995710;12805.715992083906,0,false,[6, 19, 12, 5, 4, 16, 3, 11, 15, 7, 2, 9, 8, 0, 17, 13, 14, 10, 18, 1]|[2, 2, 0, 1, 0, 0, 2, 2, 1, 1, 1, 0, 2, 0, 0, 0, 0, 0, 0, 0]|[0, 0, 2, 1, 3, 3, 0, 0, 0, 1, 1, 3, 0, 3, 3, 0, 3, 3, 3, 3]|[1, 0, 1, 0, 2, 0, 1, 0, 1, 1, 1, 1, 1, 2, 1, 2, 0, 2, 1, 1],409.047230276459;9712.789948995710;12805.715992083906,12805.715992083906,NOT_APPLICABLE,NOT_APPLICABLE,NOT_APPLICABLE,25
100,2,33755,G3_TWC,HISTORICAL,[6, 19, 12, 5, 4, 16, 3, 11, 15, 7, 2, 9, 8, 0, 17, 13, 14, 10, 18, 1]|[2, 2, 0, 1, 0, 0, 2, 2, 1, 1, 1, 0, 2, 0, 0, 0, 0, 0, 0, 0]|[0, 0, 2, 1, 3, 3, 0, 0, 0, 1, 1, 3, 0, 3, 3, 0, 3, 3, 3, 3]|[1, 0, 1, 0, 2, 0, 1, 0, 1, 1, 1, 1, 1, 2, 1, 2, 0, 2, 1, 1],409.047230276459;9712.789948995710;12805.715992083906,0,false,[6, 19, 12, 5, 4, 16, 3, 11, 15, 7, 2, 9, 8, 0, 17, 13, 14, 10, 18, 1]|[2, 2, 0, 1, 0, 0, 2, 2, 1, 1, 1, 0, 2, 0, 0, 0, 0, 0, 0, 0]|[0, 0, 2, 1, 3, 3, 0, 0, 0, 1, 1, 3, 0, 3, 3, 0, 3, 3, 3, 3]|[1, 0, 1, 0, 2, 0, 1, 0, 1, 1, 1, 1, 1, 2, 1, 2, 0, 2, 1, 1],409.047230276459;9712.789948995710;12805.715992083906,12805.715992083906,NOT_APPLICABLE,NOT_APPLICABLE,NOT_APPLICABLE,50
100,2,33755,G4_BALANCED,PREVIOUS,[6, 19, 12, 10, 11, 2, 14, 16, 15, 4, 9, 8, 7, 5, 3, 17, 13, 1, 0, 18]|[2, 1, 0, 2, 2, 1, 1, 2, 0, 1, 0, 0, 1, 2, 1, 0, 0, 0, 0, 1]|[0, 1, 3, 0, 0, 1, 1, 0, 3, 1, 3, 3, 1, 0, 1, 3, 3, 3, 3, 1]|[1, 1, 2, 1, 0, 1, 1, 1, 0, 1, 2, 2, 1, 1, 1, 0, 0, 2, 0, 1],290.298630135278;8769.639861819510;17338.513197729690,0,false,[6, 19, 12, 10, 11, 2, 14, 16, 15, 4, 9, 8, 7, 5, 3, 17, 13, 1, 0, 18]|[2, 1, 0, 2, 2, 1, 1, 2, 0, 1, 0, 0, 1, 2, 1, 0, 0, 0, 0, 1]|[0, 1, 3, 0, 0, 1, 1, 0, 3, 1, 3, 3, 1, 0, 1, 3, 3, 3, 3, 1]|[1, 1, 2, 1, 0, 1, 1, 1, 0, 1, 2, 2, 1, 1, 1, 0, 0, 2, 0, 1],290.298630135278;8769.639861819510;17338.513197729690,0.613439697525,NOT_APPLICABLE,NOT_APPLICABLE,NOT_APPLICABLE,34
100,2,33755,G4_BALANCED,HISTORICAL,[6, 19, 12, 10, 11, 2, 14, 16, 15, 4, 9, 8, 7, 5, 3, 17, 13, 1, 0, 18]|[2, 1, 0, 2, 2, 1, 1, 2, 0, 1, 0, 0, 1, 2, 1, 0, 0, 0, 0, 1]|[0, 1, 3, 0, 0, 1, 1, 0, 3, 1, 3, 3, 1, 0, 1, 3, 3, 3, 3, 1]|[1, 1, 2, 1, 0, 1, 1, 1, 0, 1, 2, 2, 1, 1, 1, 0, 0, 2, 0, 1],290.298630135278;8769.639861819510;17338.513197729690,0,false,[6, 19, 12, 10, 11, 2, 14, 16, 15, 4, 9, 8, 7, 5, 3, 17, 13, 1, 0, 18]|[2, 1, 0, 2, 2, 1, 1, 2, 0, 1, 0, 0, 1, 2, 1, 0, 0, 0, 0, 1]|[0, 1, 3, 0, 0, 1, 1, 0, 3, 1, 3, 3, 1, 0, 1, 3, 3, 3, 3, 1]|[1, 1, 2, 1, 0, 1, 1, 1, 0, 1, 2, 2, 1, 1, 1, 0, 0, 2, 0, 1],290.298630135278;8769.639861819510;17338.513197729690,0.613439697525,NOT_APPLICABLE,NOT_APPLICABLE,NOT_APPLICABLE,37
