subSwarmSemanticsVersion=P6.5-subswarm-semantics-v1
subSwarmRoleMappingSha256=C636B40AA1F3ACB393B29E96663DCAE9DFDF9803E91F48EA6A8BCC4B17E23C03
G1_CMAX.state=1
G1_CMAX.q0=[-184.0862253282371, -137.790384241715, 0.0]
G1_CMAX.q1=[-239.11990078095874, -317.682165663898, -276.6782434777864]
G2_TEC.state=1
G2_TEC.q0=[-1466.3688557078644, -890.7468138129618, -1390.424208441582]
G2_TEC.q1=[-952.7113421549225, -1196.6108323567278, -1295.6214957643595]
G3_TWC.state=0
G3_TWC.q0=[-10835.217136414547, 0.0, 0.0]
G3_TWC.q1=[-17854.648961457635, -7723.579925650793, 347.792342956629]
G4_BALANCED.state=1
G4_BALANCED.q0=[-0.009905779869764972, 0.0, 0.0]
G4_BALANCED.q1=[-0.8190751590474379, -0.7987480244559148, -0.7373386742602073]
event=0:G1_CMAX:tournament:reason=initialize,left=3,right=3,selected=[74, 90, 99, 96, 66, 50, 27, 52, 79, 34, 15, 95, 35, 68, 38, 13, 40, 71, 60, 56, 83, 78, 18, 44, 61, 94, 41, 72, 32, 51, 63, 76, 45, 54, 23, 48, 55, 11, 21, 46, 30, 16, 36, 89, 75, 91, 20, 70, 58, 73, 8, 81, 5, 4, 69, 77, 43, 31, 2, 33, 97, 3, 6, 29, 42, 25, 7, 57, 62, 37, 80, 10, 0, 24, 93, 47, 22, 59, 98, 14, 85, 87, 88, 19, 64, 1, 82, 92, 49, 67, 17, 9, 39, 86, 65, 53, 28, 84, 26, 12]|[0, 2, 2, 0, 0, 1, 1, 2, 1, 1, 1, 1, 1, 0, 2, 1, 1, 1, 0, 1, 1, 2, 1, 1, 2, 2, 1, 0, 1, 2, 0, 1, 0, 2, 0, 2, 2, 2, 0, 1, 0, 1, 2, 2, 1, 0, 2, 1, 1, 0, 2, 1, 0, 1, 2, 2, 1, 2, 1, 0, 0, 2, 0, 2, 1, 1, 2, 0, 2, 2, 1, 1, 0, 1, 1, 1, 0, 2, 0, 2, 1, 1, 1, 1, 2, 1, 1, 2, 2, 1, 0, 0, 0, 2, 2, 2, 1, 1, 2, 0]|[0, 0, 2, 1, 1, 0, 1, 1, 0, 2, 1, 3, 0, 1, 0, 1, 4, 0, 2, 1, 1, 2, 2, 2, 1, 0, 3, 1, 3, 2, 0, 1, 1, 0, 1, 1, 1, 1, 0, 3, 1, 2, 1, 2, 1, 1, 1, 4, 0, 2, 0, 1, 1, 0, 0, 0, 2, 0, 3, 2, 2, 0, 0, 1, 4, 1, 1, 0, 0, 1, 2, 0, 0, 4, 1, 3, 1, 0, 2, 1, 2, 4, 3, 2, 2, 1, 0, 2, 2, 4, 1, 1, 2, 2, 2, 1, 0, 3, 2, 0]|[0, 1, 0, 0, 1, 2, 2, 0, 1, 2, 2, 1, 1, 1, 0, 1, 3, 2, 1, 2, 3, 0, 3, 1, 0, 1, 0, 1, 0, 1, 1, 0, 1, 0, 0, 1, 1, 1, 1, 3, 0, 2, 0, 1, 0, 1, 0, 0, 3, 0, 1, 0, 0, 1, 1, 1, 1, 0, 0, 0, 0, 0, 1, 0, 0, 1, 1, 1, 1, 1, 2, 0, 1, 1, 2, 1, 1, 1, 0, 0, 3, 0, 1, 0, 1, 2, 2, 0, 0, 1, 0, 1, 1, 0, 1, 0, 0, 0, 0, 1]
event=1:G1_CMAX:action:mode=exploit,state=0,draw=0.2773513340867749,action=0
event=2:G1_CMAX:leader:action=0,fingerprint=[74, 90, 99, 96, 66, 50, 27, 52, 79, 34, 15, 95, 35, 68, 38, 13, 40, 71, 60, 56, 83, 78, 18, 44, 61, 94, 41, 72, 32, 51, 63, 76, 45, 54, 23, 48, 55, 11, 21, 46, 30, 16, 36, 89, 75, 91, 20, 70, 58, 73, 8, 81, 5, 4, 69, 77, 43, 31, 2, 33, 97, 3, 6, 29, 42, 25, 7, 57, 62, 37, 80, 10, 0, 24, 93, 47, 22, 59, 98, 14, 85, 87, 88, 19, 64, 1, 82, 92, 49, 67, 17, 9, 39, 86, 65, 53, 28, 84, 26, 12]|[0, 2, 2, 0, 0, 1, 1, 2, 1, 1, 1, 1, 1, 0, 2, 1, 1, 1, 0, 1, 1, 2, 1, 1, 2, 2, 1, 0, 1, 2, 0, 1, 0, 2, 0, 2, 2, 2, 0, 1, 0, 1, 2, 2, 1, 0, 2, 1, 1, 0, 2, 1, 0, 1, 2, 2, 1, 2, 1, 0, 0, 2, 0, 2, 1, 1, 2, 0, 2, 2, 1, 1, 0, 1, 1, 1, 0, 2, 0, 2, 1, 1, 1, 1, 2, 1, 1, 2, 2, 1, 0, 0, 0, 2, 2, 2, 1, 1, 2, 0]|[0, 0, 2, 1, 1, 0, 1, 1, 0, 2, 1, 3, 0, 1, 0, 1, 4, 0, 2, 1, 1, 2, 2, 2, 1, 0, 3, 1, 3, 2, 0, 1, 1, 0, 1, 1, 1, 1, 0, 3, 1, 2, 1, 2, 1, 1, 1, 4, 0, 2, 0, 1, 1, 0, 0, 0, 2, 0, 3, 2, 2, 0, 0, 1, 4, 1, 1, 0, 0, 1, 2, 0, 0, 4, 1, 3, 1, 0, 2, 1, 2, 4, 3, 2, 2, 1, 0, 2, 2, 4, 1, 1, 2, 2, 2, 1, 0, 3, 2, 0]|[0, 1, 0, 0, 1, 2, 2, 0, 1, 2, 2, 1, 1, 1, 0, 1, 3, 2, 1, 2, 3, 0, 3, 1, 0, 1, 0, 1, 0, 1, 1, 0, 1, 0, 0, 1, 1, 1, 1, 3, 0, 2, 0, 1, 0, 1, 0, 0, 3, 0, 1, 0, 0, 1, 1, 1, 1, 0, 0, 0, 0, 0, 1, 0, 0, 1, 1, 1, 1, 1, 2, 0, 1, 1, 2, 1, 1, 1, 0, 0, 3, 0, 1, 0, 1, 2, 2, 0, 0, 1, 0, 1, 1, 0, 1, 0, 0, 0, 0, 1]
event=3:G4_BALANCED:tournament:reason=initialize,left=0,right=7,selected=[66, 68, 55, 92, 20, 60, 97, 79, 3, 52, 7, 87, 67, 36, 71, 64, 78, 23, 8, 85, 39, 10, 61, 82, 25, 17, 90, 4, 24, 41, 72, 14, 0, 32, 34, 5, 70, 45, 47, 13, 98, 99, 54, 18, 77, 58, 91, 12, 30, 89, 76, 38, 16, 49, 96, 93, 9, 51, 81, 2, 69, 53, 1, 40, 43, 28, 35, 65, 29, 80, 56, 33, 21, 37, 95, 42, 83, 46, 22, 26, 86, 75, 44, 84, 57, 62, 6, 88, 31, 94, 15, 73, 48, 19, 50, 59, 27, 74, 11, 63]|[1, 1, 1, 1, 2, 2, 0, 1, 0, 1, 1, 0, 0, 1, 0, 2, 0, 1, 1, 2, 1, 2, 1, 1, 1, 0, 0, 1, 2, 2, 1, 2, 0, 1, 2, 2, 0, 1, 0, 1, 1, 1, 2, 2, 1, 1, 0, 0, 0, 1, 2, 2, 1, 1, 1, 1, 0, 1, 2, 2, 1, 2, 1, 2, 2, 1, 1, 1, 2, 1, 1, 0, 0, 1, 2, 0, 2, 1, 2, 2, 0, 2, 1, 0, 2, 2, 0, 2, 0, 2, 1, 2, 0, 1, 2, 2, 1, 0, 2, 1]|[4, 2, 0, 3, 0, 2, 2, 0, 2, 1, 0, 2, 1, 3, 0, 1, 0, 2, 0, 0, 0, 2, 3, 1, 4, 1, 2, 2, 1, 0, 2, 2, 1, 4, 0, 2, 0, 3, 1, 1, 2, 3, 2, 1, 3, 2, 0, 2, 2, 1, 2, 2, 4, 2, 0, 3, 2, 3, 0, 1, 3, 2, 1, 1, 1, 3, 3, 0, 1, 1, 3, 2, 0, 4, 2, 1, 2, 4, 1, 2, 0, 1, 3, 1, 0, 1, 2, 1, 0, 1, 2, 1, 2, 0, 0, 2, 2, 1, 1, 0]|[1, 0, 2, 3, 0, 1, 0, 0, 0, 1, 1, 1, 0, 2, 0, 1, 0, 0, 1, 1, 1, 0, 0, 2, 2, 1, 0, 0, 1, 1, 1, 0, 1, 1, 0, 0, 1, 0, 0, 3, 1, 2, 1, 1, 1, 1, 1, 1, 0, 1, 0, 0, 3, 1, 1, 0, 1, 3, 1, 0, 1, 1, 3, 0, 0, 0, 3, 0, 1, 0, 2, 1, 0, 2, 1, 1, 0, 2, 0, 1, 0, 1, 3, 1, 1, 1, 0, 1, 1, 1, 2, 0, 0, 2, 0, 0, 3, 0, 0, 2]
event=4:G4_BALANCED:action:mode=exploit,state=0,draw=0.6134730267684184,action=0
event=5:G4_BALANCED:leader:action=0,fingerprint=[66, 68, 55, 92, 20, 60, 97, 79, 3, 52, 7, 87, 67, 36, 71, 64, 78, 23, 8, 85, 39, 10, 61, 82, 25, 17, 90, 4, 24, 41, 72, 14, 0, 32, 34, 5, 70, 45, 47, 13, 98, 99, 54, 18, 77, 58, 91, 12, 30, 89, 76, 38, 16, 49, 96, 93, 9, 51, 81, 2, 69, 53, 1, 40, 43, 28, 35, 65, 29, 80, 56, 33, 21, 37, 95, 42, 83, 46, 22, 26, 86, 75, 44, 84, 57, 62, 6, 88, 31, 94, 15, 73, 48, 19, 50, 59, 27, 74, 11, 63]|[1, 1, 1, 1, 2, 2, 0, 1, 0, 1, 1, 0, 0, 1, 0, 2, 0, 1, 1, 2, 1, 2, 1, 1, 1, 0, 0, 1, 2, 2, 1, 2, 0, 1, 2, 2, 0, 1, 0, 1, 1, 1, 2, 2, 1, 1, 0, 0, 0, 1, 2, 2, 1, 1, 1, 1, 0, 1, 2, 2, 1, 2, 1, 2, 2, 1, 1, 1, 2, 1, 1, 0, 0, 1, 2, 0, 2, 1, 2, 2, 0, 2, 1, 0, 2, 2, 0, 2, 0, 2, 1, 2, 0, 1, 2, 2, 1, 0, 2, 1]|[4, 2, 0, 3, 0, 2, 2, 0, 2, 1, 0, 2, 1, 3, 0, 1, 0, 2, 0, 0, 0, 2, 3, 1, 4, 1, 2, 2, 1, 0, 2, 2, 1, 4, 0, 2, 0, 3, 1, 1, 2, 3, 2, 1, 3, 2, 0, 2, 2, 1, 2, 2, 4, 2, 0, 3, 2, 3, 0, 1, 3, 2, 1, 1, 1, 3, 3, 0, 1, 1, 3, 2, 0, 4, 2, 1, 2, 4, 1, 2, 0, 1, 3, 1, 0, 1, 2, 1, 0, 1, 2, 1, 2, 0, 0, 2, 2, 1, 1, 0]|[1, 0, 2, 3, 0, 1, 0, 0, 0, 1, 1, 1, 0, 2, 0, 1, 0, 0, 1, 1, 1, 0, 0, 2, 2, 1, 0, 0, 1, 1, 1, 0, 1, 1, 0, 0, 1, 0, 0, 3, 1, 2, 1, 1, 1, 1, 1, 1, 0, 1, 0, 0, 3, 1, 1, 0, 1, 3, 1, 0, 1, 1, 3, 0, 0, 0, 3, 0, 1, 0, 2, 1, 0, 2, 1, 1, 0, 2, 0, 1, 0, 1, 3, 1, 1, 1, 0, 1, 1, 1, 2, 0, 0, 2, 0, 0, 3, 0, 0, 2]
event=6:G2_TEC:tournament:reason=initialize,left=4,right=8,selected=[71, 95, 0, 79, 45, 46, 43, 6, 83, 14, 40, 49, 76, 13, 5, 36, 68, 81, 12, 63, 44, 69, 4, 28, 58, 99, 32, 9, 17, 23, 98, 73, 37, 29, 93, 8, 96, 51, 72, 39, 3, 24, 1, 47, 65, 66, 75, 55, 15, 78, 2, 59, 89, 48, 82, 10, 64, 94, 54, 30, 80, 22, 61, 41, 31, 7, 97, 88, 57, 87, 62, 77, 92, 35, 20, 56, 67, 25, 74, 52, 86, 21, 91, 33, 85, 26, 53, 84, 42, 70, 18, 38, 11, 90, 27, 19, 34, 60, 16, 50]|[1, 2, 0, 0, 2, 2, 2, 0, 2, 1, 2, 1, 2, 0, 2, 2, 0, 1, 0, 1, 1, 1, 0, 2, 1, 1, 1, 2, 0, 2, 1, 2, 0, 1, 1, 2, 2, 2, 2, 2, 0, 0, 0, 1, 1, 1, 2, 1, 0, 0, 2, 1, 0, 0, 2, 1, 1, 0, 1, 0, 1, 0, 1, 2, 0, 1, 0, 0, 0, 2, 2, 1, 1, 2, 2, 0, 0, 1, 2, 2, 2, 2, 1, 0, 2, 2, 2, 2, 1, 1, 2, 2, 2, 0, 1, 1, 1, 0, 1, 2]|[0, 2, 2, 2, 0, 1, 2, 0, 1, 1, 2, 4, 1, 0, 0, 2, 1, 2, 0, 3, 4, 4, 2, 0, 3, 4, 0, 0, 2, 2, 1, 0, 2, 3, 3, 1, 2, 0, 1, 1, 2, 1, 2, 4, 2, 4, 0, 0, 1, 0, 0, 4, 1, 1, 1, 0, 4, 2, 4, 2, 1, 1, 3, 0, 2, 0, 0, 2, 1, 1, 1, 4, 2, 2, 1, 0, 1, 1, 1, 1, 2, 0, 2, 2, 0, 1, 0, 0, 1, 3, 2, 2, 0, 0, 4, 0, 2, 0, 1, 2]|[2, 0, 0, 0, 1, 1, 1, 0, 0, 0, 1, 3, 1, 1, 1, 1, 1, 3, 1, 1, 0, 0, 1, 0, 2, 1, 3, 1, 1, 1, 1, 0, 1, 0, 1, 1, 0, 0, 1, 1, 0, 0, 0, 2, 1, 0, 0, 2, 0, 1, 1, 1, 1, 1, 1, 2, 0, 0, 1, 1, 0, 0, 0, 0, 0, 1, 0, 0, 0, 1, 1, 2, 1, 0, 0, 1, 0, 1, 0, 1, 0, 0, 2, 1, 0, 0, 1, 1, 3, 2, 0, 0, 1, 0, 1, 2, 1, 1, 3, 0]
event=7:G2_TEC:action:mode=exploit,state=0,draw=0.28540058240280175,action=0
event=8:G2_TEC:leader:action=0,fingerprint=[71, 95, 0, 79, 45, 46, 43, 6, 83, 14, 40, 49, 76, 13, 5, 36, 68, 81, 12, 63, 44, 69, 4, 28, 58, 99, 32, 9, 17, 23, 98, 73, 37, 29, 93, 8, 96, 51, 72, 39, 3, 24, 1, 47, 65, 66, 75, 55, 15, 78, 2, 59, 89, 48, 82, 10, 64, 94, 54, 30, 80, 22, 61, 41, 31, 7, 97, 88, 57, 87, 62, 77, 92, 35, 20, 56, 67, 25, 74, 52, 86, 21, 91, 33, 85, 26, 53, 84, 42, 70, 18, 38, 11, 90, 27, 19, 34, 60, 16, 50]|[1, 2, 0, 0, 2, 2, 2, 0, 2, 1, 2, 1, 2, 0, 2, 2, 0, 1, 0, 1, 1, 1, 0, 2, 1, 1, 1, 2, 0, 2, 1, 2, 0, 1, 1, 2, 2, 2, 2, 2, 0, 0, 0, 1, 1, 1, 2, 1, 0, 0, 2, 1, 0, 0, 2, 1, 1, 0, 1, 0, 1, 0, 1, 2, 0, 1, 0, 0, 0, 2, 2, 1, 1, 2, 2, 0, 0, 1, 2, 2, 2, 2, 1, 0, 2, 2, 2, 2, 1, 1, 2, 2, 2, 0, 1, 1, 1, 0, 1, 2]|[0, 2, 2, 2, 0, 1, 2, 0, 1, 1, 2, 4, 1, 0, 0, 2, 1, 2, 0, 3, 4, 4, 2, 0, 3, 4, 0, 0, 2, 2, 1, 0, 2, 3, 3, 1, 2, 0, 1, 1, 2, 1, 2, 4, 2, 4, 0, 0, 1, 0, 0, 4, 1, 1, 1, 0, 4, 2, 4, 2, 1, 1, 3, 0, 2, 0, 0, 2, 1, 1, 1, 4, 2, 2, 1, 0, 1, 1, 1, 1, 2, 0, 2, 2, 0, 1, 0, 0, 1, 3, 2, 2, 0, 0, 4, 0, 2, 0, 1, 2]|[2, 0, 0, 0, 1, 1, 1, 0, 0, 0, 1, 3, 1, 1, 1, 1, 1, 3, 1, 1, 0, 0, 1, 0, 2, 1, 3, 1, 1, 1, 1, 0, 1, 0, 1, 1, 0, 0, 1, 1, 0, 0, 0, 2, 1, 0, 0, 2, 0, 1, 1, 1, 1, 1, 1, 2, 0, 0, 1, 1, 0, 0, 0, 0, 0, 1, 0, 0, 0, 1, 1, 2, 1, 0, 0, 1, 0, 1, 0, 1, 0, 0, 2, 1, 0, 0, 1, 1, 3, 2, 0, 0, 1, 0, 1, 2, 1, 1, 3, 0]
event=9:G3_TWC:tournament:reason=initialize,left=1,right=9,selected=[18, 95, 58, 80, 61, 31, 10, 76, 86, 41, 34, 88, 87, 52, 49, 32, 73, 21, 82, 13, 0, 14, 91, 11, 26, 4, 35, 78, 97, 92, 72, 65, 51, 45, 81, 8, 59, 25, 17, 20, 60, 66, 12, 29, 19, 46, 54, 15, 79, 27, 67, 55, 36, 75, 7, 85, 69, 38, 22, 48, 77, 90, 5, 42, 96, 1, 71, 16, 99, 43, 94, 37, 44, 50, 24, 68, 53, 40, 89, 3, 84, 23, 33, 56, 30, 64, 93, 9, 63, 2, 6, 74, 70, 83, 47, 62, 57, 28, 39, 98]|[1, 2, 2, 2, 0, 1, 0, 1, 2, 2, 0, 0, 1, 0, 2, 0, 2, 2, 0, 0, 0, 1, 0, 2, 1, 2, 2, 2, 1, 0, 2, 2, 2, 1, 2, 2, 1, 2, 2, 0, 2, 1, 2, 0, 1, 0, 0, 0, 0, 2, 1, 1, 0, 0, 1, 0, 1, 1, 2, 0, 0, 2, 2, 1, 0, 1, 0, 1, 0, 0, 1, 1, 0, 2, 0, 0, 1, 1, 2, 2, 0, 1, 2, 2, 0, 0, 2, 1, 2, 2, 1, 1, 1, 1, 1, 2, 2, 0, 0, 0]|[4, 1, 2, 0, 2, 1, 2, 0, 1, 0, 2, 1, 2, 0, 1, 0, 1, 2, 1, 1, 2, 4, 0, 1, 4, 0, 2, 1, 1, 0, 2, 0, 0, 3, 0, 1, 2, 1, 2, 0, 1, 0, 2, 1, 3, 2, 0, 1, 2, 1, 3, 3, 0, 1, 1, 0, 0, 4, 1, 0, 0, 1, 0, 4, 1, 3, 1, 4, 0, 1, 0, 2, 1, 0, 1, 2, 0, 0, 0, 1, 1, 0, 2, 0, 0, 1, 1, 0, 0, 0, 3, 3, 0, 4, 3, 1, 0, 2, 1, 2]|[3, 1, 0, 0, 0, 1, 0, 2, 1, 1, 0, 1, 0, 0, 0, 0, 1, 0, 1, 1, 0, 2, 1, 0, 2, 0, 1, 1, 0, 1, 1, 0, 1, 1, 1, 0, 0, 0, 1, 1, 1, 3, 0, 1, 2, 0, 1, 1, 1, 0, 1, 3, 0, 1, 1, 1, 1, 2, 0, 1, 0, 0, 1, 1, 0, 3, 1, 2, 1, 1, 1, 0, 0, 1, 1, 0, 1, 3, 1, 1, 1, 1, 0, 1, 1, 1, 0, 2, 1, 1, 1, 0, 2, 1, 2, 1, 1, 0, 1, 0]
event=10:G3_TWC:action:mode=explore,state=0,draw=0.8149926054617003,action=0
event=11:G3_TWC:leader:action=0,fingerprint=[18, 95, 58, 80, 61, 31, 10, 76, 86, 41, 34, 88, 87, 52, 49, 32, 73, 21, 82, 13, 0, 14, 91, 11, 26, 4, 35, 78, 97, 92, 72, 65, 51, 45, 81, 8, 59, 25, 17, 20, 60, 66, 12, 29, 19, 46, 54, 15, 79, 27, 67, 55, 36, 75, 7, 85, 69, 38, 22, 48, 77, 90, 5, 42, 96, 1, 71, 16, 99, 43, 94, 37, 44, 50, 24, 68, 53, 40, 89, 3, 84, 23, 33, 56, 30, 64, 93, 9, 63, 2, 6, 74, 70, 83, 47, 62, 57, 28, 39, 98]|[1, 2, 2, 2, 0, 1, 0, 1, 2, 2, 0, 0, 1, 0, 2, 0, 2, 2, 0, 0, 0, 1, 0, 2, 1, 2, 2, 2, 1, 0, 2, 2, 2, 1, 2, 2, 1, 2, 2, 0, 2, 1, 2, 0, 1, 0, 0, 0, 0, 2, 1, 1, 0, 0, 1, 0, 1, 1, 2, 0, 0, 2, 2, 1, 0, 1, 0, 1, 0, 0, 1, 1, 0, 2, 0, 0, 1, 1, 2, 2, 0, 1, 2, 2, 0, 0, 2, 1, 2, 2, 1, 1, 1, 1, 1, 2, 2, 0, 0, 0]|[4, 1, 2, 0, 2, 1, 2, 0, 1, 0, 2, 1, 2, 0, 1, 0, 1, 2, 1, 1, 2, 4, 0, 1, 4, 0, 2, 1, 1, 0, 2, 0, 0, 3, 0, 1, 2, 1, 2, 0, 1, 0, 2, 1, 3, 2, 0, 1, 2, 1, 3, 3, 0, 1, 1, 0, 0, 4, 1, 0, 0, 1, 0, 4, 1, 3, 1, 4, 0, 1, 0, 2, 1, 0, 1, 2, 0, 0, 0, 1, 1, 0, 2, 0, 0, 1, 1, 0, 0, 0, 3, 3, 0, 4, 3, 1, 0, 2, 1, 2]|[3, 1, 0, 0, 0, 1, 0, 2, 1, 1, 0, 1, 0, 0, 0, 0, 1, 0, 1, 1, 0, 2, 1, 0, 2, 0, 1, 1, 0, 1, 1, 0, 1, 1, 1, 0, 0, 0, 1, 1, 1, 3, 0, 1, 2, 0, 1, 1, 1, 0, 1, 3, 0, 1, 1, 1, 1, 2, 0, 1, 0, 0, 1, 1, 0, 3, 1, 2, 1, 1, 1, 0, 0, 1, 1, 0, 1, 3, 1, 1, 1, 1, 0, 1, 1, 1, 0, 2, 1, 1, 1, 0, 2, 1, 2, 1, 1, 0, 1, 0]
event=12:G1_CMAX:update:state=0,action=0,reward=-184.0862253282371,nextState=1,old=0.0,new=-184.0862253282371
event=13:G2_TEC:update:state=0,action=0,reward=-780.7646786610421,nextState=1,old=0.0,new=-780.7646786610421
event=14:G3_TWC:update:state=0,action=0,reward=-10835.217136414547,nextState=1,old=0.0,new=-10835.217136414547
event=15:G4_BALANCED:update:state=0,action=0,reward=-0.060617024168222434,nextState=1,old=0.0,new=-0.060617024168222434
event=16:G1_CMAX:action:mode=exploit,state=1,draw=0.06861359017757707,action=0
event=17:G1_CMAX:leader:action=0,fingerprint=[66, 68, 55, 92, 20, 60, 97, 79, 3, 52, 7, 87, 67, 36, 71, 64, 78, 23, 8, 85, 39, 10, 61, 82, 25, 46, 19, 83, 73, 50, 76, 80, 4, 48, 16, 62, 11, 69, 0, 1, 94, 56, 53, 37, 29, 38, 70, 14, 30, 34, 33, 93, 35, 5, 63, 57, 77, 18, 72, 44, 45, 15, 40, 31, 43, 9, 84, 59, 2, 89, 91, 6, 27, 86, 95, 42, 96, 21, 47, 99, 58, 17, 41, 22, 65, 98, 74, 13, 28, 32, 90, 75, 51, 54, 24, 49, 26, 88, 81, 12]|[1, 2, 1, 2, 1, 1, 2, 1, 0, 0, 1, 1, 1, 2, 1, 2, 0, 0, 1, 0, 1, 0, 2, 1, 1, 1, 1, 1, 2, 2, 2, 0, 1, 0, 0, 2, 2, 1, 0, 2, 2, 0, 1, 2, 2, 1, 0, 2, 0, 0, 0, 1, 1, 2, 0, 1, 0, 0, 1, 2, 0, 0, 0, 0, 1, 0, 1, 2, 2, 1, 2, 0, 1, 2, 1, 1, 1, 0, 0, 1, 1, 0, 2, 2, 2, 2, 1, 1, 1, 2, 0, 2, 0, 1, 2, 1, 2, 1, 0, 2]|[1, 1, 0, 1, 0, 1, 2, 0, 1, 2, 1, 2, 1, 2, 4, 1, 0, 0, 2, 1, 0, 2, 1, 2, 0, 4, 0, 3, 1, 0, 2, 0, 3, 0, 2, 0, 1, 3, 2, 0, 1, 0, 3, 1, 0, 0, 0, 2, 2, 1, 2, 2, 3, 2, 0, 1, 1, 1, 3, 0, 1, 0, 2, 0, 0, 2, 4, 1, 1, 0, 0, 1, 2, 2, 1, 3, 3, 0, 1, 4, 0, 2, 0, 1, 1, 1, 1, 1, 3, 1, 2, 1, 0, 3, 1, 2, 1, 4, 1, 0]|[1, 0, 2, 0, 3, 3, 0, 0, 1, 1, 0, 3, 1, 0, 3, 1, 0, 0, 2, 1, 1, 0, 1, 3, 3, 1, 2, 1, 0, 0, 0, 1, 0, 1, 0, 0, 0, 1, 0, 0, 1, 1, 3, 0, 0, 3, 1, 0, 0, 0, 1, 1, 3, 0, 1, 1, 0, 1, 0, 1, 0, 1, 0, 1, 0, 0, 1, 1, 0, 1, 0, 1, 3, 1, 3, 0, 1, 0, 0, 0, 3, 0, 1, 0, 0, 0, 1, 3, 0, 0, 0, 1, 1, 0, 1, 2, 1, 2, 1, 0]
event=18:G4_BALANCED:action:mode=explore,state=1,draw=0.9823349883085101,action=0
event=19:G4_BALANCED:leader:action=0,fingerprint=[66, 68, 55, 92, 86, 48, 24, 89, 70, 13, 60, 50, 93, 15, 25, 52, 1, 59, 76, 67, 65, 17, 77, 75, 28, 26, 35, 36, 94, 95, 41, 6, 7, 0, 79, 33, 46, 58, 32, 88, 54, 71, 16, 98, 34, 49, 90, 5, 8, 29, 14, 38, 3, 51, 11, 91, 82, 31, 57, 61, 53, 42, 63, 10, 4, 64, 85, 44, 62, 96, 73, 81, 9, 30, 19, 12, 45, 43, 97, 56, 72, 74, 2, 40, 18, 84, 20, 83, 99, 22, 69, 21, 87, 78, 27, 80, 47, 23, 39, 37]|[0, 0, 2, 1, 0, 2, 1, 2, 1, 1, 2, 0, 1, 0, 2, 2, 1, 1, 0, 0, 2, 0, 0, 2, 1, 2, 0, 2, 0, 0, 1, 1, 1, 0, 0, 0, 1, 0, 2, 1, 2, 0, 2, 0, 1, 1, 2, 1, 1, 1, 2, 2, 0, 0, 0, 1, 2, 2, 2, 0, 2, 0, 1, 1, 1, 0, 2, 0, 2, 1, 0, 0, 2, 0, 1, 2, 2, 1, 1, 1, 1, 2, 0, 1, 1, 1, 2, 1, 1, 2, 0, 0, 0, 2, 2, 2, 0, 2, 0, 1]|[0, 2, 2, 2, 2, 1, 2, 0, 2, 1, 1, 2, 4, 2, 2, 2, 4, 3, 2, 2, 1, 2, 1, 0, 1, 2, 0, 0, 0, 1, 3, 2, 4, 0, 2, 2, 4, 2, 1, 2, 2, 0, 1, 1, 0, 1, 0, 3, 4, 0, 2, 0, 1, 2, 0, 1, 1, 0, 2, 1, 0, 1, 3, 1, 1, 0, 2, 2, 2, 0, 2, 0, 1, 2, 0, 0, 2, 0, 4, 3, 3, 0, 1, 1, 3, 4, 2, 2, 2, 1, 2, 2, 1, 0, 2, 0, 1, 1, 0, 0]|[1, 0, 0, 3, 1, 1, 0, 1, 1, 0, 1, 0, 1, 1, 0, 0, 0, 2, 0, 0, 0, 0, 0, 0, 2, 0, 1, 0, 0, 0, 2, 2, 0, 1, 0, 1, 2, 1, 0, 3, 1, 0, 0, 0, 3, 0, 0, 3, 1, 2, 1, 0, 1, 0, 0, 0, 0, 1, 1, 0, 0, 1, 2, 1, 0, 1, 1, 0, 1, 0, 1, 0, 0, 0, 3, 1, 1, 0, 1, 0, 0, 1, 1, 0, 2, 3, 0, 1, 1, 0, 0, 0, 0, 0, 1, 1, 0, 0, 1, 0]
event=20:G2_TEC:action:mode=exploit,state=1,draw=0.20018141555446933,action=0
event=21:G2_TEC:leader:action=0,fingerprint=[71, 95, 0, 79, 45, 83, 47, 46, 18, 42, 14, 4, 65, 77, 39, 11, 53, 99, 62, 16, 17, 22, 52, 7, 68, 92, 19, 40, 73, 50, 76, 80, 87, 48, 85, 8, 20, 69, 74, 1, 94, 56, 78, 37, 29, 38, 70, 25, 30, 34, 33, 93, 96, 51, 97, 82, 3, 89, 43, 31, 66, 23, 44, 91, 9, 59, 15, 36, 24, 54, 63, 27, 41, 61, 12, 90, 57, 86, 58, 84, 60, 32, 5, 26, 72, 49, 88, 55, 21, 2, 67, 6, 81, 10, 98, 13, 35, 28, 64, 75]|[0, 2, 2, 1, 2, 1, 2, 1, 2, 0, 0, 1, 1, 0, 0, 2, 1, 2, 1, 0, 0, 0, 2, 1, 0, 1, 1, 1, 1, 0, 2, 1, 1, 0, 0, 1, 0, 1, 0, 2, 0, 0, 2, 2, 1, 0, 1, 1, 2, 0, 0, 0, 1, 0, 0, 1, 2, 2, 1, 1, 1, 2, 2, 2, 2, 1, 1, 0, 0, 1, 0, 0, 0, 0, 1, 0, 2, 2, 1, 1, 0, 2, 2, 2, 0, 2, 1, 1, 0, 2, 2, 1, 0, 0, 2, 0, 2, 1, 2, 2]|[0, 0, 0, 4, 0, 1, 2, 2, 2, 1, 0, 2, 1, 0, 0, 0, 1, 1, 2, 1, 2, 2, 1, 2, 0, 2, 1, 1, 4, 2, 1, 3, 3, 0, 2, 2, 0, 4, 2, 0, 1, 0, 2, 1, 4, 2, 2, 1, 2, 0, 1, 2, 3, 0, 0, 2, 2, 0, 0, 1, 0, 2, 0, 0, 1, 2, 4, 1, 0, 3, 0, 2, 0, 0, 2, 2, 1, 2, 0, 4, 2, 1, 2, 1, 2, 1, 4, 1, 1, 2, 1, 0, 1, 1, 1, 0, 2, 4, 0, 0]|[1, 0, 0, 1, 1, 3, 0, 1, 0, 1, 1, 3, 1, 1, 0, 0, 1, 0, 2, 1, 0, 0, 0, 3, 1, 0, 1, 0, 1, 1, 0, 3, 0, 1, 0, 2, 0, 2, 0, 0, 1, 1, 1, 0, 2, 1, 0, 0, 0, 0, 0, 0, 1, 1, 0, 2, 1, 1, 0, 2, 1, 1, 1, 0, 0, 1, 0, 0, 1, 0, 1, 0, 1, 0, 3, 1, 0, 1, 3, 1, 0, 0, 0, 1, 1, 0, 2, 1, 0, 1, 0, 3, 1, 1, 0, 0, 0, 0, 0, 0]
event=22:G3_TWC:action:mode=exploit,state=1,draw=0.5196566425691098,action=0
event=23:G3_TWC:leader:action=0,fingerprint=[18, 95, 58, 80, 61, 31, 10, 76, 86, 41, 40, 7, 77, 64, 49, 69, 74, 26, 51, 27, 4, 67, 2, 38, 84, 35, 59, 37, 19, 45, 55, 54, 33, 87, 9, 89, 46, 90, 75, 24, 28, 3, 97, 6, 36, 11, 13, 66, 21, 52, 68, 92, 72, 1, 8, 22, 20, 42, 53, 79, 48, 12, 57, 34, 23, 88, 32, 98, 94, 60, 0, 63, 44, 83, 78, 50, 29, 82, 99, 62, 65, 25, 56, 70, 39, 85, 93, 71, 15, 81, 16, 5, 91, 47, 73, 17, 14, 43, 96, 30]|[0, 1, 2, 2, 1, 0, 0, 1, 1, 0, 0, 2, 0, 1, 0, 2, 0, 1, 0, 2, 1, 2, 2, 1, 1, 0, 1, 0, 2, 1, 0, 0, 0, 0, 0, 2, 0, 1, 2, 0, 2, 0, 1, 2, 2, 2, 2, 2, 0, 1, 1, 0, 0, 1, 2, 0, 2, 1, 2, 0, 0, 0, 0, 1, 0, 0, 2, 2, 1, 2, 0, 1, 0, 0, 1, 0, 2, 1, 0, 1, 2, 2, 1, 1, 1, 2, 2, 0, 2, 2, 1, 2, 0, 0, 1, 2, 0, 2, 0, 2]|[0, 3, 0, 0, 4, 1, 1, 4, 0, 2, 2, 1, 0, 0, 1, 1, 1, 4, 0, 0, 4, 0, 2, 0, 1, 0, 2, 0, 2, 4, 0, 0, 2, 0, 1, 1, 2, 3, 2, 1, 1, 0, 2, 1, 0, 1, 0, 1, 2, 4, 0, 2, 2, 3, 0, 0, 2, 4, 0, 1, 2, 0, 2, 0, 2, 1, 1, 0, 3, 1, 2, 3, 0, 2, 3, 1, 2, 0, 2, 1, 0, 0, 4, 0, 1, 0, 1, 2, 1, 0, 4, 1, 1, 1, 2, 1, 2, 0, 1, 1]|[1, 3, 0, 0, 0, 1, 1, 0, 1, 0, 1, 0, 0, 3, 1, 1, 0, 2, 1, 0, 3, 1, 0, 0, 1, 0, 1, 1, 1, 1, 0, 0, 1, 1, 1, 1, 0, 2, 0, 1, 1, 0, 2, 1, 0, 1, 0, 1, 0, 1, 1, 1, 0, 3, 0, 1, 0, 1, 0, 1, 1, 1, 0, 2, 0, 0, 0, 0, 3, 0, 0, 1, 0, 1, 2, 0, 1, 3, 0, 3, 0, 1, 0, 0, 3, 1, 0, 1, 0, 1, 2, 0, 1, 0, 2, 0, 1, 0, 1, 0]
event=24:G1_CMAX:update:state=1,action=0,reward=-40.20876417674117,nextState=1,old=0.0,new=-40.20876417674117
event=25:G2_TEC:update:state=1,action=0,reward=-363.2681400113652,nextState=1,old=0.0,new=-363.2681400113652
event=26:G3_TWC:update:state=1,action=0,reward=-9993.276540116087,nextState=1,old=0.0,new=-9993.276540116087
event=27:G4_BALANCED:update:state=1,action=0,reward=-0.09419089231144173,nextState=1,old=0.0,new=-0.09419089231144173
event=28:G1_CMAX:action:mode=explore,state=1,draw=0.9721729328825198,action=0
event=29:G1_CMAX:leader:action=0,fingerprint=[66, 68, 55, 92, 20, 60, 97, 79, 3, 52, 7, 87, 67, 36, 71, 64, 78, 23, 8, 85, 39, 10, 61, 82, 25, 46, 19, 83, 73, 50, 76, 80, 4, 48, 16, 62, 11, 69, 0, 1, 94, 56, 53, 37, 29, 38, 70, 14, 30, 34, 33, 93, 35, 5, 63, 57, 77, 18, 72, 44, 45, 15, 40, 31, 43, 9, 84, 59, 2, 89, 91, 6, 27, 86, 95, 42, 96, 21, 47, 99, 58, 17, 41, 22, 65, 98, 74, 13, 28, 32, 90, 75, 51, 54, 24, 49, 26, 88, 81, 12]|[1, 2, 1, 2, 1, 1, 2, 1, 0, 0, 1, 1, 1, 2, 1, 2, 0, 0, 1, 0, 1, 0, 2, 1, 1, 1, 1, 1, 2, 2, 2, 0, 1, 0, 0, 2, 2, 1, 0, 2, 2, 0, 1, 2, 2, 1, 0, 2, 0, 0, 0, 1, 1, 2, 0, 1, 0, 0, 1, 2, 0, 0, 0, 0, 1, 0, 1, 2, 2, 1, 2, 0, 1, 2, 1, 1, 1, 0, 0, 1, 1, 0, 2, 2, 2, 2, 1, 1, 1, 2, 0, 2, 0, 1, 2, 1, 2, 1, 0, 2]|[1, 1, 0, 1, 0, 1, 2, 0, 1, 2, 1, 2, 1, 2, 4, 1, 0, 0, 2, 1, 0, 2, 1, 2, 0, 4, 0, 3, 1, 0, 2, 0, 3, 0, 2, 0, 1, 3, 2, 0, 1, 0, 3, 1, 0, 0, 0, 2, 2, 1, 2, 2, 3, 2, 0, 1, 1, 1, 3, 0, 1, 0, 2, 0, 0, 2, 4, 1, 1, 0, 0, 1, 2, 2, 1, 3, 3, 0, 1, 4, 0, 2, 0, 1, 1, 1, 1, 1, 3, 1, 2, 1, 0, 3, 1, 2, 1, 4, 1, 0]|[1, 0, 2, 0, 3, 3, 0, 0, 1, 1, 0, 3, 1, 0, 3, 1, 0, 0, 2, 1, 1, 0, 1, 3, 3, 1, 2, 1, 0, 0, 0, 1, 0, 1, 0, 0, 0, 1, 0, 0, 1, 1, 3, 0, 0, 3, 1, 0, 0, 0, 1, 1, 3, 0, 1, 1, 0, 1, 0, 1, 0, 1, 0, 1, 0, 0, 1, 1, 0, 1, 0, 1, 3, 1, 3, 0, 1, 0, 0, 0, 3, 0, 1, 0, 0, 0, 1, 3, 0, 0, 0, 1, 1, 0, 1, 2, 1, 2, 1, 0]
event=30:G4_BALANCED:action:mode=exploit,state=1,draw=0.4283618769962094,action=1
event=31:G4_BALANCED:leader:action=1,fingerprint=[66, 68, 55, 92, 86, 48, 24, 89, 70, 13, 60, 50, 93, 15, 25, 52, 1, 59, 76, 67, 65, 17, 77, 75, 28, 26, 35, 36, 94, 95, 41, 6, 7, 0, 79, 33, 46, 58, 32, 88, 54, 71, 16, 98, 34, 49, 90, 5, 8, 29, 14, 38, 3, 51, 64, 11, 37, 53, 72, 4, 44, 63, 10, 97, 61, 43, 78, 62, 85, 21, 42, 74, 23, 22, 96, 20, 69, 99, 2, 81, 18, 91, 87, 47, 82, 80, 19, 40, 31, 27, 12, 56, 84, 57, 39, 9, 45, 73, 83, 30]|[0, 0, 2, 1, 0, 2, 1, 2, 0, 1, 0, 0, 1, 0, 2, 2, 1, 2, 0, 0, 1, 2, 0, 1, 0, 2, 0, 2, 0, 2, 2, 1, 1, 0, 0, 0, 0, 0, 2, 1, 2, 0, 2, 0, 1, 1, 2, 1, 1, 1, 2, 2, 0, 0, 0, 2, 1, 2, 2, 1, 2, 1, 1, 1, 0, 1, 2, 1, 0, 0, 0, 2, 2, 2, 1, 1, 0, 0, 2, 0, 1, 1, 0, 0, 2, 0, 1, 2, 2, 0, 2, 2, 0, 0, 0, 2, 2, 0, 2, 0]|[0, 2, 2, 2, 2, 1, 2, 0, 0, 0, 1, 2, 4, 2, 2, 2, 2, 2, 2, 2, 0, 0, 1, 1, 0, 2, 0, 0, 2, 0, 1, 2, 2, 2, 2, 2, 0, 2, 1, 2, 2, 0, 1, 1, 0, 1, 0, 0, 4, 4, 1, 0, 1, 1, 0, 1, 0, 0, 0, 1, 1, 3, 1, 4, 1, 3, 1, 0, 1, 2, 0, 0, 1, 1, 0, 4, 2, 0, 2, 0, 3, 1, 1, 1, 1, 2, 0, 2, 0, 0, 0, 2, 1, 0, 0, 1, 2, 2, 2, 2]|[1, 0, 0, 3, 1, 1, 0, 1, 0, 2, 0, 0, 1, 1, 0, 0, 0, 0, 0, 0, 0, 0, 1, 2, 1, 0, 0, 0, 0, 1, 0, 2, 3, 0, 0, 1, 1, 1, 0, 3, 1, 0, 0, 0, 3, 0, 0, 0, 1, 2, 0, 0, 1, 1, 1, 0, 0, 0, 1, 0, 0, 2, 1, 1, 0, 3, 1, 3, 0, 0, 0, 1, 0, 0, 0, 2, 0, 0, 0, 0, 2, 0, 0, 0, 0, 1, 3, 1, 1, 1, 1, 0, 0, 1, 1, 0, 1, 1, 0, 0]
event=32:G2_TEC:action:mode=exploit,state=1,draw=0.19041431951893328,action=1
event=33:G2_TEC:leader:action=1,fingerprint=[71, 95, 0, 79, 45, 83, 47, 46, 18, 42, 14, 4, 65, 77, 39, 11, 53, 99, 62, 16, 17, 22, 52, 7, 68, 92, 19, 40, 73, 50, 76, 80, 87, 48, 85, 8, 20, 69, 74, 1, 94, 56, 78, 37, 29, 38, 70, 25, 30, 34, 33, 93, 96, 67, 23, 21, 54, 91, 51, 32, 5, 57, 26, 97, 35, 36, 72, 81, 90, 49, 60, 75, 86, 44, 98, 28, 64, 59, 66, 9, 27, 82, 13, 61, 2, 12, 89, 15, 88, 24, 10, 41, 31, 58, 63, 6, 55, 3, 43, 84]|[2, 2, 1, 1, 2, 2, 2, 1, 2, 0, 0, 1, 1, 0, 0, 2, 0, 2, 0, 1, 2, 2, 2, 0, 0, 2, 1, 1, 1, 0, 2, 1, 1, 1, 0, 1, 1, 1, 0, 2, 1, 1, 2, 1, 1, 0, 1, 2, 1, 2, 0, 0, 1, 0, 2, 0, 1, 2, 2, 2, 1, 2, 2, 0, 0, 0, 0, 0, 0, 0, 0, 2, 2, 1, 2, 2, 2, 1, 1, 2, 0, 1, 2, 0, 2, 1, 1, 0, 0, 2, 0, 0, 1, 1, 0, 0, 1, 0, 0, 1]|[2, 0, 0, 4, 1, 2, 2, 2, 2, 0, 0, 2, 1, 0, 0, 0, 1, 1, 0, 4, 1, 0, 1, 0, 0, 1, 1, 1, 4, 2, 1, 4, 3, 4, 0, 2, 2, 3, 2, 0, 4, 3, 2, 4, 4, 0, 2, 2, 3, 1, 1, 2, 3, 1, 2, 1, 3, 0, 2, 1, 4, 1, 1, 0, 0, 1, 2, 1, 2, 1, 2, 0, 2, 3, 1, 1, 0, 2, 0, 0, 2, 2, 0, 0, 1, 2, 1, 0, 2, 0, 1, 2, 1, 0, 2, 1, 1, 2, 2, 4]|[0, 0, 2, 0, 0, 0, 1, 1, 0, 1, 1, 3, 1, 1, 0, 0, 0, 0, 0, 3, 1, 0, 0, 1, 1, 1, 1, 0, 1, 0, 0, 2, 0, 1, 0, 2, 0, 1, 0, 0, 3, 2, 1, 2, 2, 0, 0, 0, 3, 0, 0, 1, 1, 0, 1, 0, 0, 0, 0, 0, 2, 0, 1, 0, 0, 0, 1, 1, 1, 0, 0, 0, 1, 3, 0, 1, 0, 1, 1, 0, 0, 2, 0, 0, 0, 3, 1, 1, 1, 0, 1, 0, 2, 3, 1, 0, 1, 0, 0, 1]
event=34:G3_TWC:action:mode=explore,state=1,draw=0.8059795622142459,action=0
event=35:G3_TWC:leader:action=0,fingerprint=[18, 95, 58, 80, 61, 31, 10, 76, 86, 41, 40, 7, 77, 64, 49, 69, 74, 26, 51, 27, 4, 67, 2, 38, 84, 35, 59, 37, 19, 45, 55, 54, 33, 87, 9, 89, 46, 90, 75, 24, 28, 3, 97, 6, 36, 11, 13, 66, 21, 52, 68, 92, 72, 1, 8, 22, 20, 42, 53, 79, 48, 12, 57, 34, 23, 88, 32, 98, 94, 60, 0, 63, 44, 83, 78, 50, 29, 82, 99, 62, 65, 25, 56, 70, 39, 85, 93, 71, 15, 81, 16, 5, 91, 47, 73, 17, 14, 43, 96, 30]|[0, 1, 2, 2, 1, 0, 0, 1, 1, 0, 0, 2, 0, 1, 0, 2, 0, 1, 0, 2, 1, 2, 2, 1, 1, 0, 1, 0, 2, 1, 0, 0, 0, 0, 0, 2, 0, 1, 2, 0, 2, 0, 1, 2, 2, 2, 2, 2, 0, 1, 1, 0, 0, 1, 2, 0, 2, 1, 2, 0, 0, 0, 0, 1, 0, 0, 2, 2, 1, 2, 0, 1, 0, 0, 1, 0, 2, 1, 0, 1, 2, 2, 1, 1, 1, 2, 2, 0, 2, 2, 1, 2, 0, 0, 1, 2, 0, 2, 0, 2]|[0, 3, 0, 0, 4, 1, 1, 4, 0, 2, 2, 1, 0, 0, 1, 1, 1, 4, 0, 0, 4, 0, 2, 0, 1, 0, 2, 0, 2, 4, 0, 0, 2, 0, 1, 1, 2, 3, 2, 1, 1, 0, 2, 1, 0, 1, 0, 1, 2, 4, 0, 2, 2, 3, 0, 0, 2, 4, 0, 1, 2, 0, 2, 0, 2, 1, 1, 0, 3, 1, 2, 3, 0, 2, 3, 1, 2, 0, 2, 1, 0, 0, 4, 0, 1, 0, 1, 2, 1, 0, 4, 1, 1, 1, 2, 1, 2, 0, 1, 1]|[1, 3, 0, 0, 0, 1, 1, 0, 1, 0, 1, 0, 0, 3, 1, 1, 0, 2, 1, 0, 3, 1, 0, 0, 1, 0, 1, 1, 1, 1, 0, 0, 1, 1, 1, 1, 0, 2, 0, 1, 1, 0, 2, 1, 0, 1, 0, 1, 0, 1, 1, 1, 0, 3, 0, 1, 0, 1, 0, 1, 1, 1, 0, 2, 0, 0, 0, 0, 3, 0, 0, 1, 0, 1, 2, 0, 1, 3, 0, 3, 0, 1, 0, 0, 3, 1, 0, 1, 0, 1, 2, 0, 1, 0, 2, 0, 1, 0, 1, 0]
event=36:G1_CMAX:update:state=1,action=0,reward=6.531736408939196,nextState=0,old=-40.20876417674117,new=6.531736408939196
event=37:G2_TEC:update:state=1,action=1,reward=-144.42506657450576,nextState=1,old=0.0,new=-144.42506657450576
event=38:G3_TWC:update:state=1,action=0,reward=-8302.908210438065,nextState=1,old=-9993.276540116087,new=-8302.908210438065
event=39:G4_BALANCED:update:state=1,action=1,reward=-0.0475264322804369,nextState=1,old=0.0,new=-0.0475264322804369
event=40:G1_CMAX:action:mode=exploit,state=0,draw=0.4397318979379171,action=1
event=41:G1_CMAX:leader:action=1,fingerprint=[66, 68, 55, 92, 20, 60, 97, 79, 3, 52, 7, 87, 67, 36, 71, 64, 78, 23, 8, 85, 39, 10, 61, 82, 25, 46, 19, 83, 73, 50, 76, 80, 4, 48, 16, 62, 11, 69, 0, 1, 94, 56, 53, 37, 29, 38, 70, 14, 30, 34, 33, 93, 35, 44, 26, 90, 89, 95, 13, 91, 88, 81, 49, 6, 5, 54, 65, 45, 9, 40, 99, 75, 42, 77, 63, 17, 51, 21, 32, 74, 22, 47, 28, 12, 41, 18, 24, 72, 98, 15, 96, 59, 27, 57, 31, 86, 58, 84, 43, 2]|[0, 1, 1, 2, 1, 2, 0, 1, 0, 0, 1, 1, 0, 2, 1, 2, 2, 2, 1, 0, 1, 0, 1, 1, 1, 1, 1, 1, 2, 2, 2, 0, 1, 0, 0, 2, 2, 1, 0, 1, 0, 1, 0, 1, 2, 1, 0, 2, 0, 0, 0, 1, 1, 2, 2, 0, 0, 1, 1, 0, 1, 0, 1, 0, 2, 2, 2, 0, 0, 0, 0, 2, 1, 0, 0, 0, 0, 0, 2, 1, 1, 0, 2, 0, 1, 2, 2, 1, 2, 0, 1, 2, 1, 0, 1, 1, 1, 2, 0, 2]|[2, 2, 3, 1, 0, 2, 0, 1, 1, 2, 0, 2, 1, 2, 4, 1, 2, 1, 2, 1, 0, 2, 3, 2, 0, 4, 0, 3, 0, 0, 2, 0, 2, 0, 2, 2, 1, 3, 2, 1, 2, 3, 1, 4, 0, 0, 0, 2, 2, 1, 2, 2, 3, 0, 1, 2, 0, 0, 1, 0, 4, 2, 2, 1, 2, 2, 1, 1, 2, 2, 0, 1, 3, 1, 2, 2, 0, 0, 1, 1, 0, 1, 1, 2, 1, 0, 1, 2, 1, 0, 3, 1, 2, 2, 2, 3, 2, 1, 0, 1]|[1, 0, 1, 0, 3, 1, 0, 0, 1, 1, 1, 3, 0, 0, 3, 1, 0, 0, 2, 1, 1, 0, 0, 3, 3, 1, 2, 1, 1, 1, 0, 1, 0, 1, 0, 0, 1, 1, 0, 3, 0, 2, 1, 2, 0, 3, 1, 0, 0, 0, 1, 1, 3, 1, 1, 0, 0, 0, 3, 1, 2, 1, 1, 0, 0, 0, 0, 0, 0, 0, 0, 1, 0, 0, 1, 0, 1, 0, 0, 1, 1, 0, 0, 0, 0, 0, 1, 2, 0, 1, 1, 1, 3, 0, 3, 3, 1, 1, 1, 0]
event=42:G4_BALANCED:action:mode=exploit,state=1,draw=0.15435278310571043,action=2
event=43:G4_BALANCED:tournament:reason=action2,left=11,right=7,selected=[66, 68, 55, 92, 86, 48, 24, 89, 70, 13, 60, 50, 93, 15, 25, 52, 1, 59, 76, 67, 65, 17, 77, 75, 28, 26, 35, 36, 94, 95, 41, 6, 7, 0, 79, 33, 46, 58, 32, 88, 54, 71, 53, 29, 56, 8, 49, 39, 34, 14, 37, 72, 38, 23, 40, 98, 19, 5, 45, 22, 27, 64, 18, 11, 31, 85, 42, 82, 61, 80, 2, 9, 51, 83, 91, 21, 78, 20, 99, 62, 90, 43, 81, 4, 63, 10, 47, 96, 44, 69, 3, 16, 74, 97, 57, 73, 30, 87, 84, 12]|[0, 0, 2, 0, 0, 1, 0, 2, 0, 1, 2, 0, 1, 0, 2, 0, 0, 2, 0, 0, 1, 1, 0, 0, 2, 0, 0, 2, 0, 2, 2, 0, 2, 1, 1, 0, 1, 0, 2, 1, 2, 0, 1, 2, 2, 1, 0, 0, 1, 2, 1, 0, 2, 0, 1, 2, 0, 1, 0, 2, 1, 2, 2, 2, 2, 1, 2, 2, 0, 1, 2, 2, 2, 1, 1, 0, 2, 0, 2, 2, 1, 1, 0, 0, 0, 0, 0, 0, 0, 0, 0, 2, 0, 2, 1, 2, 0, 0, 1, 2]|[0, 2, 2, 0, 2, 3, 2, 0, 0, 4, 1, 2, 4, 0, 2, 0, 0, 2, 1, 2, 4, 2, 1, 1, 0, 2, 0, 0, 2, 0, 1, 1, 2, 3, 2, 1, 4, 2, 2, 2, 1, 0, 3, 0, 0, 4, 0, 2, 0, 1, 0, 2, 0, 1, 0, 2, 2, 0, 0, 0, 3, 2, 1, 1, 0, 4, 2, 1, 1, 4, 1, 2, 2, 2, 1, 0, 1, 2, 2, 2, 4, 3, 2, 1, 2, 0, 2, 1, 1, 0, 2, 1, 0, 1, 3, 1, 0, 2, 2, 0]|[1, 0, 0, 1, 1, 3, 0, 1, 1, 1, 1, 0, 1, 1, 0, 0, 0, 0, 1, 0, 2, 0, 1, 1, 1, 0, 0, 0, 0, 1, 0, 0, 1, 1, 2, 1, 2, 1, 0, 3, 0, 0, 1, 0, 0, 1, 0, 1, 3, 0, 1, 0, 0, 1, 0, 0, 1, 0, 0, 0, 1, 0, 1, 1, 1, 3, 0, 1, 0, 1, 0, 0, 0, 2, 0, 0, 0, 0, 1, 0, 1, 3, 1, 1, 1, 1, 1, 1, 1, 0, 0, 0, 0, 1, 3, 0, 0, 1, 3, 1]
event=44:G4_BALANCED:leader:action=2,fingerprint=[66, 68, 55, 92, 86, 48, 24, 89, 70, 13, 60, 50, 93, 15, 25, 52, 1, 59, 76, 67, 65, 17, 77, 75, 28, 26, 35, 36, 94, 95, 41, 6, 7, 0, 79, 33, 46, 58, 32, 88, 54, 71, 53, 29, 56, 8, 49, 39, 34, 14, 37, 72, 38, 23, 40, 98, 19, 5, 45, 22, 27, 64, 18, 11, 31, 85, 42, 82, 61, 80, 2, 9, 51, 83, 91, 21, 78, 20, 99, 62, 90, 43, 81, 4, 63, 10, 47, 96, 44, 69, 3, 16, 74, 97, 57, 73, 30, 87, 84, 12]|[0, 0, 2, 0, 0, 1, 0, 2, 0, 1, 2, 0, 1, 0, 2, 0, 0, 2, 0, 0, 1, 1, 0, 0, 2, 0, 0, 2, 0, 2, 2, 0, 2, 1, 1, 0, 1, 0, 2, 1, 2, 0, 1, 2, 2, 1, 0, 0, 1, 2, 1, 0, 2, 0, 1, 2, 0, 1, 0, 2, 1, 2, 2, 2, 2, 1, 2, 2, 0, 1, 2, 2, 2, 1, 1, 0, 2, 0, 2, 2, 1, 1, 0, 0, 0, 0, 0, 0, 0, 0, 0, 2, 0, 2, 1, 2, 0, 0, 1, 2]|[0, 2, 2, 0, 2, 3, 2, 0, 0, 4, 1, 2, 4, 0, 2, 0, 0, 2, 1, 2, 4, 2, 1, 1, 0, 2, 0, 0, 2, 0, 1, 1, 2, 3, 2, 1, 4, 2, 2, 2, 1, 0, 3, 0, 0, 4, 0, 2, 0, 1, 0, 2, 0, 1, 0, 2, 2, 0, 0, 0, 3, 2, 1, 1, 0, 4, 2, 1, 1, 4, 1, 2, 2, 2, 1, 0, 1, 2, 2, 2, 4, 3, 2, 1, 2, 0, 2, 1, 1, 0, 2, 1, 0, 1, 3, 1, 0, 2, 2, 0]|[1, 0, 0, 1, 1, 3, 0, 1, 1, 1, 1, 0, 1, 1, 0, 0, 0, 0, 1, 0, 2, 0, 1, 1, 1, 0, 0, 0, 0, 1, 0, 0, 1, 1, 2, 1, 2, 1, 0, 3, 0, 0, 1, 0, 0, 1, 0, 1, 3, 0, 1, 0, 0, 1, 0, 0, 1, 0, 0, 0, 1, 0, 1, 1, 1, 3, 0, 1, 0, 1, 0, 0, 0, 2, 0, 0, 0, 0, 1, 0, 1, 3, 1, 1, 1, 1, 1, 1, 1, 0, 0, 0, 0, 1, 3, 0, 0, 1, 3, 1]
event=45:G2_TEC:action:mode=exploit,state=1,draw=0.14060795793141967,action=2
event=46:G2_TEC:tournament:reason=action2,left=15,right=2,selected=[18, 95, 58, 80, 61, 31, 10, 76, 86, 41, 40, 7, 77, 64, 49, 69, 74, 26, 51, 27, 4, 67, 2, 38, 84, 21, 59, 37, 19, 45, 55, 54, 33, 87, 9, 89, 46, 90, 75, 24, 44, 3, 97, 6, 36, 11, 13, 66, 35, 52, 68, 92, 72, 1, 8, 22, 20, 42, 53, 79, 48, 12, 57, 34, 23, 88, 32, 98, 94, 60, 0, 63, 28, 83, 78, 50, 29, 82, 99, 62, 65, 25, 56, 70, 39, 85, 93, 71, 15, 81, 16, 5, 91, 47, 73, 17, 14, 43, 96, 30]|[0, 1, 2, 2, 1, 0, 0, 1, 1, 0, 0, 2, 0, 1, 0, 2, 0, 1, 0, 2, 1, 2, 2, 1, 1, 0, 1, 0, 2, 1, 0, 0, 0, 0, 0, 2, 0, 1, 2, 0, 0, 0, 1, 2, 2, 2, 2, 2, 0, 1, 1, 0, 0, 1, 2, 0, 2, 1, 2, 0, 0, 0, 0, 1, 0, 0, 2, 2, 1, 2, 0, 1, 1, 0, 1, 0, 2, 1, 2, 1, 2, 2, 1, 1, 1, 2, 2, 0, 2, 2, 1, 2, 0, 0, 1, 2, 0, 2, 0, 2]|[0, 3, 0, 0, 4, 1, 1, 4, 0, 2, 2, 1, 0, 0, 1, 1, 2, 4, 0, 0, 4, 0, 2, 0, 1, 2, 2, 0, 2, 4, 0, 0, 2, 0, 1, 1, 2, 3, 2, 1, 0, 0, 2, 1, 0, 1, 0, 1, 2, 4, 0, 2, 2, 3, 0, 0, 2, 4, 0, 1, 2, 0, 2, 0, 2, 1, 1, 1, 3, 1, 2, 3, 4, 2, 3, 1, 2, 0, 1, 1, 0, 0, 4, 0, 1, 0, 1, 2, 1, 0, 4, 1, 1, 1, 2, 1, 2, 0, 1, 1]|[1, 3, 0, 0, 0, 1, 1, 0, 1, 0, 1, 0, 0, 3, 1, 1, 0, 2, 1, 0, 3, 1, 0, 0, 1, 0, 1, 1, 1, 1, 0, 0, 1, 1, 1, 1, 0, 2, 0, 1, 0, 0, 2, 1, 0, 1, 0, 1, 0, 1, 1, 1, 0, 3, 0, 1, 0, 1, 0, 1, 1, 1, 0, 2, 0, 0, 0, 0, 3, 0, 0, 1, 0, 1, 2, 0, 1, 3, 0, 3, 0, 1, 0, 0, 3, 1, 0, 1, 0, 1, 2, 0, 1, 1, 2, 0, 1, 0, 1, 0]
event=47:G2_TEC:leader:action=2,fingerprint=[18, 95, 58, 80, 61, 31, 10, 76, 86, 41, 40, 7, 77, 64, 49, 69, 74, 26, 51, 27, 4, 67, 2, 38, 84, 21, 59, 37, 19, 45, 55, 54, 33, 87, 9, 89, 46, 90, 75, 24, 44, 3, 97, 6, 36, 11, 13, 66, 35, 52, 68, 92, 72, 1, 8, 22, 20, 42, 53, 79, 48, 12, 57, 34, 23, 88, 32, 98, 94, 60, 0, 63, 28, 83, 78, 50, 29, 82, 99, 62, 65, 25, 56, 70, 39, 85, 93, 71, 15, 81, 16, 5, 91, 47, 73, 17, 14, 43, 96, 30]|[0, 1, 2, 2, 1, 0, 0, 1, 1, 0, 0, 2, 0, 1, 0, 2, 0, 1, 0, 2, 1, 2, 2, 1, 1, 0, 1, 0, 2, 1, 0, 0, 0, 0, 0, 2, 0, 1, 2, 0, 0, 0, 1, 2, 2, 2, 2, 2, 0, 1, 1, 0, 0, 1, 2, 0, 2, 1, 2, 0, 0, 0, 0, 1, 0, 0, 2, 2, 1, 2, 0, 1, 1, 0, 1, 0, 2, 1, 2, 1, 2, 2, 1, 1, 1, 2, 2, 0, 2, 2, 1, 2, 0, 0, 1, 2, 0, 2, 0, 2]|[0, 3, 0, 0, 4, 1, 1, 4, 0, 2, 2, 1, 0, 0, 1, 1, 2, 4, 0, 0, 4, 0, 2, 0, 1, 2, 2, 0, 2, 4, 0, 0, 2, 0, 1, 1, 2, 3, 2, 1, 0, 0, 2, 1, 0, 1, 0, 1, 2, 4, 0, 2, 2, 3, 0, 0, 2, 4, 0, 1, 2, 0, 2, 0, 2, 1, 1, 1, 3, 1, 2, 3, 4, 2, 3, 1, 2, 0, 1, 1, 0, 0, 4, 0, 1, 0, 1, 2, 1, 0, 4, 1, 1, 1, 2, 1, 2, 0, 1, 1]|[1, 3, 0, 0, 0, 1, 1, 0, 1, 0, 1, 0, 0, 3, 1, 1, 0, 2, 1, 0, 3, 1, 0, 0, 1, 0, 1, 1, 1, 1, 0, 0, 1, 1, 1, 1, 0, 2, 0, 1, 0, 0, 2, 1, 0, 1, 0, 1, 0, 1, 1, 1, 0, 3, 0, 1, 0, 1, 0, 1, 1, 1, 0, 2, 0, 0, 0, 0, 3, 0, 0, 1, 0, 1, 2, 0, 1, 3, 0, 3, 0, 1, 0, 0, 3, 1, 0, 1, 0, 1, 2, 0, 1, 1, 2, 0, 1, 0, 1, 0]
event=48:G3_TWC:action:mode=exploit,state=1,draw=0.24026643392393,action=1
event=49:G3_TWC:leader:action=1,fingerprint=[66, 68, 55, 92, 86, 48, 24, 89, 70, 13, 60, 50, 93, 15, 25, 52, 1, 59, 76, 67, 65, 17, 77, 75, 28, 26, 35, 36, 94, 95, 41, 6, 7, 0, 79, 33, 46, 58, 32, 88, 54, 71, 16, 98, 34, 49, 90, 5, 8, 29, 14, 38, 3, 51, 39, 22, 45, 40, 53, 27, 80, 72, 97, 12, 11, 84, 57, 69, 19, 83, 2, 63, 44, 20, 78, 4, 47, 91, 99, 62, 30, 10, 85, 31, 37, 43, 61, 64, 87, 9, 82, 81, 42, 74, 73, 21, 23, 56, 96, 18]|[0, 0, 2, 1, 0, 0, 1, 1, 0, 1, 0, 0, 1, 1, 1, 0, 1, 0, 0, 0, 1, 2, 2, 1, 0, 1, 0, 2, 0, 2, 2, 1, 0, 0, 0, 0, 0, 0, 2, 1, 2, 0, 1, 0, 1, 2, 2, 0, 1, 2, 2, 0, 0, 0, 1, 1, 2, 1, 1, 0, 0, 2, 1, 2, 1, 0, 2, 0, 1, 2, 0, 0, 2, 2, 2, 1, 2, 1, 0, 0, 0, 1, 0, 0, 1, 1, 2, 0, 2, 2, 1, 2, 1, 1, 0, 2, 0, 2, 1, 0]|[0, 2, 2, 2, 2, 2, 2, 4, 0, 0, 1, 2, 4, 3, 0, 2, 2, 1, 2, 2, 0, 0, 2, 1, 0, 1, 0, 0, 2, 2, 1, 2, 2, 0, 2, 2, 0, 2, 1, 0, 2, 0, 2, 1, 3, 1, 0, 1, 4, 2, 1, 1, 1, 1, 4, 4, 2, 0, 3, 0, 2, 0, 4, 0, 2, 1, 1, 2, 0, 2, 1, 2, 1, 2, 1, 1, 2, 1, 0, 0, 2, 0, 1, 0, 0, 3, 1, 1, 1, 1, 4, 1, 1, 3, 2, 1, 1, 0, 0, 2]|[1, 0, 0, 3, 0, 0, 0, 0, 0, 2, 1, 0, 1, 0, 1, 1, 0, 0, 0, 0, 0, 0, 0, 2, 1, 0, 0, 0, 0, 1, 0, 2, 1, 1, 0, 1, 1, 1, 0, 3, 1, 0, 2, 0, 1, 1, 0, 1, 1, 0, 0, 0, 1, 1, 0, 2, 1, 3, 1, 1, 1, 1, 1, 1, 3, 0, 0, 0, 3, 0, 1, 0, 0, 0, 1, 0, 1, 0, 0, 0, 0, 2, 0, 0, 0, 3, 0, 0, 0, 0, 2, 0, 3, 3, 1, 0, 0, 0, 0, 0]
event=50:G1_CMAX:update:state=0,action=1,reward=-143.01577336886635,nextState=1,old=0.0,new=-137.790384241715
event=51:G2_TEC:update:state=1,action=2,reward=-1073.2585777413333,nextState=1,old=0.0,new=-1073.2585777413333
event=52:G3_TWC:update:state=1,action=1,reward=-10425.473236689984,nextState=1,old=0.0,new=-10425.473236689984
event=53:G4_BALANCED:update:state=1,action=2,reward=-0.12213907222686249,nextState=1,old=0.0,new=-0.12213907222686249
event=54:G1_CMAX:action:mode=exploit,state=1,draw=0.12798207393310923,action=0
event=55:G1_CMAX:leader:action=0,fingerprint=[66, 68, 55, 92, 20, 60, 97, 79, 3, 52, 7, 87, 67, 36, 71, 64, 78, 23, 8, 85, 39, 10, 61, 82, 25, 46, 19, 83, 73, 50, 76, 80, 4, 48, 16, 62, 11, 69, 0, 1, 94, 56, 53, 37, 29, 38, 70, 14, 30, 34, 33, 93, 35, 44, 26, 90, 89, 95, 13, 91, 88, 81, 49, 6, 5, 54, 65, 45, 9, 40, 99, 75, 42, 77, 63, 17, 51, 21, 32, 74, 22, 47, 28, 12, 41, 18, 24, 72, 98, 15, 96, 59, 27, 57, 31, 86, 58, 84, 43, 2]|[0, 1, 1, 2, 1, 2, 0, 1, 0, 0, 1, 1, 0, 2, 1, 2, 2, 2, 1, 0, 1, 0, 1, 1, 1, 1, 1, 1, 2, 2, 2, 0, 1, 0, 0, 2, 2, 1, 0, 1, 0, 1, 0, 1, 2, 1, 0, 2, 0, 0, 0, 1, 1, 2, 2, 0, 0, 1, 1, 0, 1, 0, 1, 0, 2, 2, 2, 0, 0, 0, 0, 2, 1, 0, 0, 0, 0, 0, 2, 1, 1, 0, 2, 0, 1, 2, 2, 1, 2, 0, 1, 2, 1, 0, 1, 1, 1, 2, 0, 2]|[2, 2, 3, 1, 0, 2, 0, 1, 1, 2, 0, 2, 1, 2, 4, 1, 2, 1, 2, 1, 0, 2, 3, 2, 0, 4, 0, 3, 0, 0, 2, 0, 2, 0, 2, 2, 1, 3, 2, 1, 2, 3, 1, 4, 0, 0, 0, 2, 2, 1, 2, 2, 3, 0, 1, 2, 0, 0, 1, 0, 4, 2, 2, 1, 2, 2, 1, 1, 2, 2, 0, 1, 3, 1, 2, 2, 0, 0, 1, 1, 0, 1, 1, 2, 1, 0, 1, 2, 1, 0, 3, 1, 2, 2, 2, 3, 2, 1, 0, 1]|[1, 0, 1, 0, 3, 1, 0, 0, 1, 1, 1, 3, 0, 0, 3, 1, 0, 0, 2, 1, 1, 0, 0, 3, 3, 1, 2, 1, 1, 1, 0, 1, 0, 1, 0, 0, 1, 1, 0, 3, 0, 2, 1, 2, 0, 3, 1, 0, 0, 0, 1, 1, 3, 1, 1, 0, 0, 0, 3, 1, 2, 1, 1, 0, 0, 0, 0, 0, 0, 0, 0, 1, 0, 0, 1, 0, 1, 0, 0, 1, 1, 0, 0, 0, 0, 0, 1, 2, 0, 1, 1, 1, 3, 0, 3, 3, 1, 1, 1, 0]
event=56:G4_BALANCED:action:mode=exploit,state=1,draw=0.02806445724150408,action=1
event=57:G4_BALANCED:leader:action=1,fingerprint=[66, 68, 55, 92, 86, 48, 24, 89, 70, 13, 60, 50, 93, 15, 25, 52, 1, 59, 76, 67, 65, 17, 77, 75, 28, 26, 35, 36, 94, 95, 41, 6, 7, 0, 79, 33, 46, 58, 32, 88, 54, 71, 53, 29, 56, 8, 49, 39, 34, 14, 37, 72, 38, 23, 40, 98, 19, 5, 45, 22, 27, 64, 18, 11, 31, 85, 42, 82, 61, 80, 2, 9, 51, 83, 91, 21, 78, 20, 99, 62, 90, 43, 81, 4, 63, 10, 47, 96, 44, 69, 3, 16, 74, 97, 57, 73, 30, 87, 84, 12]|[0, 0, 2, 0, 0, 1, 0, 2, 0, 1, 2, 0, 1, 0, 2, 0, 0, 2, 0, 0, 1, 1, 0, 0, 2, 0, 0, 2, 0, 2, 2, 0, 2, 1, 1, 0, 1, 0, 2, 1, 2, 0, 1, 2, 2, 1, 0, 0, 1, 2, 1, 0, 2, 0, 1, 2, 0, 1, 0, 2, 1, 2, 2, 2, 2, 1, 2, 2, 0, 1, 2, 2, 2, 1, 1, 0, 2, 0, 2, 2, 1, 1, 0, 0, 0, 0, 0, 0, 0, 0, 0, 2, 0, 2, 1, 2, 0, 0, 1, 2]|[0, 2, 2, 0, 2, 3, 2, 0, 0, 4, 1, 2, 4, 0, 2, 0, 0, 2, 1, 2, 4, 2, 1, 1, 0, 2, 0, 0, 2, 0, 1, 1, 2, 3, 2, 1, 4, 2, 2, 2, 1, 0, 3, 0, 0, 4, 0, 2, 0, 1, 0, 2, 0, 1, 0, 2, 2, 0, 0, 0, 3, 2, 1, 1, 0, 4, 2, 1, 1, 4, 1, 2, 2, 2, 1, 0, 1, 2, 2, 2, 4, 3, 2, 1, 2, 0, 2, 1, 1, 0, 2, 1, 0, 1, 3, 1, 0, 2, 2, 0]|[1, 0, 0, 1, 1, 3, 0, 1, 1, 1, 1, 0, 1, 1, 0, 0, 0, 0, 1, 0, 2, 0, 1, 1, 1, 0, 0, 0, 0, 1, 0, 0, 1, 1, 2, 1, 2, 1, 0, 3, 0, 0, 1, 0, 0, 1, 0, 1, 3, 0, 1, 0, 0, 1, 0, 0, 1, 0, 0, 0, 1, 0, 1, 1, 1, 3, 0, 1, 0, 1, 0, 0, 0, 2, 0, 0, 0, 0, 1, 0, 1, 3, 1, 1, 1, 1, 1, 1, 1, 0, 0, 0, 0, 1, 3, 0, 0, 1, 3, 1]
event=58:G2_TEC:action:mode=exploit,state=1,draw=0.6848130060245889,action=1
event=59:G2_TEC:leader:action=1,fingerprint=[66, 68, 55, 92, 86, 48, 24, 89, 70, 13, 60, 50, 93, 15, 25, 52, 1, 59, 76, 67, 65, 17, 77, 75, 28, 26, 35, 36, 94, 95, 41, 6, 7, 0, 79, 33, 46, 58, 32, 88, 54, 71, 16, 98, 56, 8, 49, 39, 34, 14, 37, 72, 38, 23, 73, 29, 19, 5, 45, 22, 27, 64, 18, 11, 31, 85, 42, 82, 61, 80, 2, 9, 51, 83, 91, 21, 78, 20, 99, 62, 90, 43, 81, 4, 63, 10, 47, 96, 44, 69, 3, 53, 74, 97, 57, 40, 30, 87, 84, 12]|[0, 1, 0, 0, 1, 2, 1, 1, 0, 1, 2, 0, 1, 1, 2, 0, 0, 2, 1, 2, 1, 2, 2, 1, 2, 2, 0, 2, 0, 2, 2, 2, 0, 1, 1, 1, 1, 2, 0, 1, 0, 0, 1, 2, 1, 1, 0, 0, 1, 2, 1, 0, 0, 0, 1, 2, 0, 1, 0, 1, 0, 2, 0, 1, 0, 1, 2, 1, 0, 1, 2, 2, 2, 1, 1, 2, 1, 2, 0, 0, 2, 2, 0, 0, 0, 0, 2, 2, 0, 0, 0, 1, 0, 0, 1, 1, 0, 2, 1, 2]|[0, 0, 0, 0, 3, 2, 2, 4, 0, 0, 1, 2, 4, 3, 2, 0, 0, 2, 4, 2, 0, 0, 2, 1, 1, 1, 0, 0, 2, 2, 1, 1, 2, 3, 2, 1, 4, 2, 1, 2, 2, 0, 2, 0, 4, 4, 0, 2, 3, 1, 4, 2, 1, 1, 0, 2, 2, 0, 0, 4, 2, 2, 2, 2, 0, 4, 2, 4, 1, 4, 1, 2, 2, 2, 1, 1, 1, 2, 0, 0, 1, 0, 2, 1, 2, 1, 2, 2, 1, 0, 2, 4, 0, 1, 3, 0, 0, 1, 2, 0]|[1, 1, 0, 1, 1, 0, 0, 0, 0, 2, 1, 0, 2, 0, 0, 0, 0, 0, 0, 0, 0, 0, 0, 2, 1, 1, 0, 0, 0, 1, 0, 0, 1, 1, 2, 1, 2, 1, 0, 3, 0, 0, 2, 0, 0, 1, 0, 1, 1, 0, 3, 0, 0, 0, 0, 0, 1, 0, 0, 2, 0, 0, 0, 3, 0, 3, 0, 2, 0, 1, 0, 0, 0, 2, 0, 0, 1, 0, 0, 0, 0, 0, 1, 1, 0, 1, 1, 0, 1, 0, 0, 0, 0, 1, 3, 3, 0, 0, 3, 1]
event=60:G3_TWC:action:mode=explore,state=1,draw=0.9507396716951266,action=1
event=61:G3_TWC:leader:action=1,fingerprint=[66, 68, 55, 92, 86, 48, 24, 89, 70, 13, 60, 50, 93, 15, 25, 52, 1, 59, 76, 67, 65, 17, 77, 75, 28, 26, 35, 36, 94, 95, 41, 6, 7, 0, 79, 33, 46, 58, 32, 88, 54, 71, 16, 98, 34, 49, 90, 5, 8, 29, 14, 38, 3, 51, 39, 22, 45, 40, 53, 27, 80, 72, 97, 12, 11, 84, 57, 69, 19, 83, 2, 63, 44, 20, 78, 4, 47, 91, 99, 62, 30, 10, 85, 31, 37, 43, 61, 64, 87, 9, 82, 81, 42, 74, 73, 21, 23, 56, 96, 18]|[0, 0, 2, 1, 0, 0, 1, 1, 0, 1, 0, 0, 1, 1, 1, 0, 1, 0, 0, 0, 1, 2, 2, 1, 0, 1, 0, 2, 0, 2, 2, 1, 0, 0, 0, 0, 0, 0, 2, 1, 2, 0, 1, 0, 1, 2, 2, 0, 1, 2, 2, 0, 0, 0, 1, 1, 2, 1, 1, 0, 0, 2, 1, 2, 1, 0, 2, 0, 1, 2, 0, 0, 2, 2, 2, 1, 2, 1, 0, 0, 0, 1, 0, 0, 1, 1, 2, 0, 2, 2, 1, 2, 1, 1, 0, 2, 0, 2, 1, 0]|[0, 2, 2, 2, 2, 2, 2, 4, 0, 0, 1, 2, 4, 3, 0, 2, 2, 1, 2, 2, 0, 0, 2, 1, 0, 1, 0, 0, 2, 2, 1, 2, 2, 0, 2, 2, 0, 2, 1, 0, 2, 0, 2, 1, 3, 1, 0, 1, 4, 2, 1, 1, 1, 1, 4, 4, 2, 0, 3, 0, 2, 0, 4, 0, 2, 1, 1, 2, 0, 2, 1, 2, 1, 2, 1, 1, 2, 1, 0, 0, 2, 0, 1, 0, 0, 3, 1, 1, 1, 1, 4, 1, 1, 3, 2, 1, 1, 0, 0, 2]|[1, 0, 0, 3, 0, 0, 0, 0, 0, 2, 1, 0, 1, 0, 1, 1, 0, 0, 0, 0, 0, 0, 0, 2, 1, 0, 0, 0, 0, 1, 0, 2, 1, 1, 0, 1, 1, 1, 0, 3, 1, 0, 2, 0, 1, 1, 0, 1, 1, 0, 0, 0, 1, 1, 0, 2, 1, 3, 1, 1, 1, 1, 1, 1, 3, 0, 0, 0, 3, 0, 1, 0, 0, 0, 1, 0, 1, 0, 0, 0, 0, 2, 0, 0, 0, 3, 0, 0, 0, 0, 2, 0, 3, 3, 1, 0, 0, 0, 0, 0]
event=62:G1_CMAX:update:state=1,action=0,reward=-158.16330780819794,nextState=1,old=6.531736408939196,new=-152.9379186810466
event=63:G2_TEC:update:state=1,action=1,reward=-205.65246626628505,nextState=1,old=-144.42506657450576,new=-321.1925195258897
event=64:G3_TWC:update:state=1,action=1,reward=-6923.136117980524,nextState=1,old=-10425.473236689984,new=-6923.136117980524
event=65:G4_BALANCED:update:state=1,action=1,reward=-0.104033511148751,nextState=1,old=-0.0475264322804369,new=-0.14205465697310055
event=66:G1_CMAX:action:mode=exploit,state=1,draw=0.48343159120734147,action=1
event=67:G1_CMAX:leader:action=1,fingerprint=[66, 68, 55, 92, 20, 60, 97, 79, 3, 52, 7, 87, 67, 36, 71, 64, 78, 23, 8, 85, 39, 10, 61, 82, 25, 46, 19, 83, 73, 50, 76, 80, 4, 48, 16, 62, 11, 69, 0, 1, 94, 56, 53, 37, 29, 38, 70, 14, 30, 34, 33, 93, 35, 44, 26, 90, 89, 95, 13, 91, 88, 81, 49, 6, 5, 54, 65, 45, 9, 40, 99, 75, 42, 77, 63, 17, 51, 21, 32, 74, 22, 47, 28, 12, 41, 18, 24, 72, 98, 15, 96, 59, 27, 57, 31, 86, 58, 84, 43, 2]|[0, 1, 1, 2, 1, 2, 0, 1, 0, 0, 1, 1, 0, 2, 1, 2, 2, 2, 1, 0, 1, 0, 1, 1, 1, 1, 1, 1, 2, 2, 2, 0, 1, 0, 0, 2, 2, 1, 0, 1, 0, 1, 0, 1, 2, 1, 0, 2, 0, 0, 0, 1, 1, 2, 2, 0, 0, 1, 1, 0, 1, 0, 1, 0, 2, 2, 2, 0, 0, 0, 0, 2, 1, 0, 0, 0, 0, 0, 2, 1, 1, 0, 2, 0, 1, 2, 2, 1, 2, 0, 1, 2, 1, 0, 1, 1, 1, 2, 0, 2]|[2, 2, 3, 1, 0, 2, 0, 1, 1, 2, 0, 2, 1, 2, 4, 1, 2, 1, 2, 1, 0, 2, 3, 2, 0, 4, 0, 3, 0, 0, 2, 0, 2, 0, 2, 2, 1, 3, 2, 1, 2, 3, 1, 4, 0, 0, 0, 2, 2, 1, 2, 2, 3, 0, 1, 2, 0, 0, 1, 0, 4, 2, 2, 1, 2, 2, 1, 1, 2, 2, 0, 1, 3, 1, 2, 2, 0, 0, 1, 1, 0, 1, 1, 2, 1, 0, 1, 2, 1, 0, 3, 1, 2, 2, 2, 3, 2, 1, 0, 1]|[1, 0, 1, 0, 3, 1, 0, 0, 1, 1, 1, 3, 0, 0, 3, 1, 0, 0, 2, 1, 1, 0, 0, 3, 3, 1, 2, 1, 1, 1, 0, 1, 0, 1, 0, 0, 1, 1, 0, 3, 0, 2, 1, 2, 0, 3, 1, 0, 0, 0, 1, 1, 3, 1, 1, 0, 0, 0, 3, 1, 2, 1, 1, 0, 0, 0, 0, 0, 0, 0, 0, 1, 0, 0, 1, 0, 1, 0, 0, 1, 1, 0, 0, 0, 0, 0, 1, 2, 0, 1, 1, 1, 3, 0, 3, 3, 1, 1, 1, 0]
event=68:G4_BALANCED:action:mode=exploit,state=1,draw=0.7180754252321545,action=0
event=69:G4_BALANCED:leader:action=0,fingerprint=[66, 68, 55, 92, 86, 48, 24, 89, 70, 13, 60, 50, 93, 15, 25, 52, 1, 59, 76, 67, 65, 17, 77, 75, 28, 26, 35, 36, 94, 95, 41, 6, 7, 0, 79, 33, 46, 58, 32, 88, 54, 71, 53, 29, 56, 8, 49, 39, 34, 14, 37, 72, 38, 23, 40, 98, 69, 27, 47, 80, 91, 16, 84, 44, 57, 90, 97, 20, 2, 78, 18, 51, 42, 3, 96, 11, 30, 9, 22, 81, 83, 19, 99, 73, 12, 43, 31, 64, 74, 62, 85, 63, 82, 10, 45, 61, 5, 21, 87, 4]|[1, 2, 2, 0, 0, 2, 0, 2, 0, 2, 1, 0, 1, 0, 2, 0, 1, 2, 0, 0, 1, 1, 1, 0, 2, 0, 1, 2, 0, 1, 2, 0, 2, 2, 1, 0, 1, 0, 2, 1, 0, 0, 1, 2, 1, 1, 1, 2, 1, 1, 2, 0, 2, 0, 2, 2, 0, 0, 0, 2, 1, 2, 1, 0, 1, 1, 2, 0, 1, 2, 1, 1, 2, 0, 0, 2, 0, 0, 2, 0, 2, 1, 2, 2, 0, 2, 0, 2, 0, 2, 1, 0, 0, 1, 0, 0, 1, 0, 0, 1]|[1, 2, 0, 0, 2, 2, 2, 0, 0, 0, 1, 2, 4, 0, 2, 0, 4, 1, 1, 2, 4, 0, 0, 1, 0, 2, 4, 2, 0, 3, 1, 1, 2, 2, 0, 2, 4, 2, 2, 2, 1, 0, 3, 0, 4, 4, 3, 0, 0, 4, 2, 2, 0, 1, 1, 2, 0, 1, 2, 1, 1, 1, 2, 1, 3, 4, 0, 2, 4, 1, 3, 4, 2, 2, 1, 0, 0, 2, 0, 2, 1, 0, 2, 1, 2, 1, 1, 1, 2, 2, 2, 1, 0, 2, 0, 1, 3, 0, 0, 0]|[0, 0, 0, 1, 1, 0, 0, 1, 1, 0, 3, 0, 1, 1, 0, 0, 0, 0, 1, 0, 2, 1, 1, 1, 1, 0, 3, 0, 0, 3, 0, 0, 1, 1, 0, 1, 2, 1, 0, 3, 0, 0, 1, 0, 0, 1, 0, 1, 3, 2, 0, 0, 0, 1, 1, 0, 0, 0, 1, 0, 1, 0, 3, 1, 3, 1, 0, 0, 2, 0, 2, 2, 0, 0, 1, 0, 0, 0, 1, 1, 0, 2, 1, 0, 0, 0, 1, 0, 0, 0, 1, 0, 0, 0, 0, 0, 0, 0, 1, 1]
event=70:G2_TEC:action:mode=exploit,state=1,draw=0.24226062484272248,action=1
event=71:G2_TEC:leader:action=1,fingerprint=[66, 68, 55, 92, 86, 48, 24, 89, 70, 13, 60, 50, 93, 15, 25, 52, 1, 59, 76, 67, 65, 17, 77, 75, 28, 26, 35, 36, 94, 95, 41, 6, 7, 0, 79, 33, 46, 58, 32, 88, 54, 71, 16, 98, 56, 8, 49, 39, 34, 14, 37, 72, 38, 23, 73, 29, 19, 5, 45, 22, 27, 64, 18, 11, 31, 85, 42, 82, 61, 80, 2, 9, 51, 83, 91, 21, 78, 20, 99, 62, 90, 43, 81, 4, 63, 10, 47, 96, 44, 69, 3, 53, 74, 97, 57, 40, 30, 87, 84, 12]|[0, 1, 0, 0, 1, 2, 1, 1, 0, 1, 2, 0, 1, 1, 2, 0, 0, 2, 1, 2, 1, 2, 2, 1, 2, 2, 0, 2, 0, 2, 2, 2, 0, 1, 1, 1, 1, 2, 0, 1, 0, 0, 1, 2, 1, 1, 0, 0, 1, 2, 1, 0, 0, 0, 1, 2, 0, 1, 0, 1, 0, 2, 0, 1, 0, 1, 2, 1, 0, 1, 2, 2, 2, 1, 1, 2, 1, 2, 0, 0, 2, 2, 0, 0, 0, 0, 2, 2, 0, 0, 0, 1, 0, 0, 1, 1, 0, 2, 1, 2]|[0, 0, 0, 0, 3, 2, 2, 4, 0, 0, 1, 2, 4, 3, 2, 0, 0, 2, 4, 2, 0, 0, 2, 1, 1, 1, 0, 0, 2, 2, 1, 1, 2, 3, 2, 1, 4, 2, 1, 2, 2, 0, 2, 0, 4, 4, 0, 2, 3, 1, 4, 2, 1, 1, 0, 2, 2, 0, 0, 4, 2, 2, 2, 2, 0, 4, 2, 4, 1, 4, 1, 2, 2, 2, 1, 1, 1, 2, 0, 0, 1, 0, 2, 1, 2, 1, 2, 2, 1, 0, 2, 4, 0, 1, 3, 0, 0, 1, 2, 0]|[1, 1, 0, 1, 1, 0, 0, 0, 0, 2, 1, 0, 2, 0, 0, 0, 0, 0, 0, 0, 0, 0, 0, 2, 1, 1, 0, 0, 0, 1, 0, 0, 1, 1, 2, 1, 2, 1, 0, 3, 0, 0, 2, 0, 0, 1, 0, 1, 1, 0, 3, 0, 0, 0, 0, 0, 1, 0, 0, 2, 0, 0, 0, 3, 0, 3, 0, 2, 0, 1, 0, 0, 0, 2, 0, 0, 1, 0, 0, 0, 0, 0, 1, 1, 0, 1, 1, 0, 1, 0, 0, 0, 0, 1, 3, 3, 0, 0, 3, 1]
event=72:G3_TWC:action:mode=exploit,state=1,draw=0.32823100849514475,action=2
event=73:G3_TWC:tournament:reason=action2,left=0,right=2,selected=[66, 68, 55, 92, 20, 60, 97, 79, 3, 52, 7, 87, 67, 36, 71, 64, 78, 23, 8, 85, 39, 10, 61, 82, 25, 46, 19, 83, 73, 50, 76, 80, 4, 48, 16, 62, 11, 69, 0, 1, 94, 56, 53, 37, 29, 38, 70, 14, 30, 34, 33, 93, 35, 44, 26, 90, 89, 95, 13, 91, 88, 81, 49, 6, 5, 54, 65, 45, 9, 40, 99, 75, 42, 77, 63, 17, 51, 21, 32, 74, 22, 47, 28, 12, 41, 18, 24, 72, 98, 15, 96, 59, 27, 57, 31, 86, 58, 84, 43, 2]|[0, 1, 1, 2, 1, 2, 0, 1, 0, 0, 1, 1, 0, 2, 1, 2, 2, 2, 1, 0, 1, 0, 1, 1, 1, 1, 1, 1, 2, 2, 2, 0, 1, 0, 0, 2, 2, 1, 0, 1, 0, 1, 0, 1, 2, 1, 0, 2, 0, 0, 0, 1, 1, 2, 2, 0, 0, 1, 1, 0, 1, 0, 1, 0, 2, 2, 2, 0, 0, 0, 0, 2, 1, 0, 0, 0, 0, 0, 2, 1, 1, 0, 2, 0, 1, 2, 2, 1, 2, 0, 1, 2, 1, 0, 1, 1, 1, 2, 0, 2]|[2, 2, 3, 1, 0, 2, 0, 1, 1, 2, 0, 2, 1, 2, 4, 1, 2, 1, 2, 1, 0, 2, 3, 2, 0, 4, 0, 3, 0, 0, 2, 0, 2, 0, 2, 2, 1, 3, 2, 1, 2, 3, 1, 4, 0, 0, 0, 2, 2, 1, 2, 2, 3, 0, 1, 2, 0, 0, 1, 0, 4, 2, 2, 1, 2, 2, 1, 1, 2, 2, 0, 1, 3, 1, 2, 2, 0, 0, 1, 1, 0, 1, 1, 2, 1, 0, 1, 2, 1, 0, 3, 1, 2, 2, 2, 3, 2, 1, 0, 1]|[1, 0, 1, 0, 3, 1, 0, 0, 1, 1, 1, 3, 0, 0, 3, 1, 0, 0, 2, 1, 1, 0, 0, 3, 3, 1, 2, 1, 1, 1, 0, 1, 0, 1, 0, 0, 1, 1, 0, 3, 0, 2, 1, 2, 0, 3, 1, 0, 0, 0, 1, 1, 3, 1, 1, 0, 0, 0, 3, 1, 2, 1, 1, 0, 0, 0, 0, 0, 0, 0, 0, 1, 0, 0, 1, 0, 1, 0, 0, 1, 1, 0, 0, 0, 0, 0, 1, 2, 0, 1, 1, 1, 3, 0, 3, 3, 1, 1, 1, 0]
event=74:G3_TWC:leader:action=2,fingerprint=[66, 68, 55, 92, 20, 60, 97, 79, 3, 52, 7, 87, 67, 36, 71, 64, 78, 23, 8, 85, 39, 10, 61, 82, 25, 46, 19, 83, 73, 50, 76, 80, 4, 48, 16, 62, 11, 69, 0, 1, 94, 56, 53, 37, 29, 38, 70, 14, 30, 34, 33, 93, 35, 44, 26, 90, 89, 95, 13, 91, 88, 81, 49, 6, 5, 54, 65, 45, 9, 40, 99, 75, 42, 77, 63, 17, 51, 21, 32, 74, 22, 47, 28, 12, 41, 18, 24, 72, 98, 15, 96, 59, 27, 57, 31, 86, 58, 84, 43, 2]|[0, 1, 1, 2, 1, 2, 0, 1, 0, 0, 1, 1, 0, 2, 1, 2, 2, 2, 1, 0, 1, 0, 1, 1, 1, 1, 1, 1, 2, 2, 2, 0, 1, 0, 0, 2, 2, 1, 0, 1, 0, 1, 0, 1, 2, 1, 0, 2, 0, 0, 0, 1, 1, 2, 2, 0, 0, 1, 1, 0, 1, 0, 1, 0, 2, 2, 2, 0, 0, 0, 0, 2, 1, 0, 0, 0, 0, 0, 2, 1, 1, 0, 2, 0, 1, 2, 2, 1, 2, 0, 1, 2, 1, 0, 1, 1, 1, 2, 0, 2]|[2, 2, 3, 1, 0, 2, 0, 1, 1, 2, 0, 2, 1, 2, 4, 1, 2, 1, 2, 1, 0, 2, 3, 2, 0, 4, 0, 3, 0, 0, 2, 0, 2, 0, 2, 2, 1, 3, 2, 1, 2, 3, 1, 4, 0, 0, 0, 2, 2, 1, 2, 2, 3, 0, 1, 2, 0, 0, 1, 0, 4, 2, 2, 1, 2, 2, 1, 1, 2, 2, 0, 1, 3, 1, 2, 2, 0, 0, 1, 1, 0, 1, 1, 2, 1, 0, 1, 2, 1, 0, 3, 1, 2, 2, 2, 3, 2, 1, 0, 1]|[1, 0, 1, 0, 3, 1, 0, 0, 1, 1, 1, 3, 0, 0, 3, 1, 0, 0, 2, 1, 1, 0, 0, 3, 3, 1, 2, 1, 1, 1, 0, 1, 0, 1, 0, 0, 1, 1, 0, 3, 0, 2, 1, 2, 0, 3, 1, 0, 0, 0, 1, 1, 3, 1, 1, 0, 0, 0, 3, 1, 2, 1, 1, 0, 0, 0, 0, 0, 0, 0, 0, 1, 0, 0, 1, 0, 1, 0, 0, 1, 1, 0, 0, 0, 0, 0, 1, 2, 0, 1, 1, 1, 3, 0, 3, 3, 1, 1, 1, 0]
event=75:G1_CMAX:update:state=1,action=1,reward=-106.98521935158033,nextState=1,old=0.0,new=-106.98521935158033
event=76:G2_TEC:update:state=1,action=1,reward=-307.3499601645817,nextState=1,old=-321.1925195258897,new=-564.3039757852935
event=77:G3_TWC:update:state=1,action=2,reward=-9106.750219511654,nextState=1,old=0.0,new=-9106.750219511654
event=78:G4_BALANCED:update:state=1,action=0,reward=-0.012747557604921043,nextState=1,old=-0.09419089231144173,new=-0.08810027145407442
event=79:G1_CMAX:action:mode=exploit,state=1,draw=0.753415931472598,action=2
event=80:G1_CMAX:tournament:reason=action2,left=6,right=1,selected=[66, 68, 55, 92, 86, 48, 24, 89, 70, 13, 60, 50, 93, 15, 25, 52, 1, 59, 76, 67, 65, 17, 77, 75, 28, 26, 35, 36, 94, 95, 41, 6, 7, 0, 79, 33, 46, 58, 32, 88, 54, 71, 53, 29, 56, 8, 49, 39, 34, 14, 37, 72, 38, 23, 40, 98, 69, 27, 47, 80, 91, 16, 84, 44, 57, 90, 97, 20, 2, 78, 18, 51, 42, 3, 96, 11, 30, 9, 22, 81, 83, 19, 99, 73, 12, 43, 31, 64, 74, 62, 85, 63, 82, 10, 45, 61, 5, 21, 87, 4]|[1, 2, 2, 0, 0, 2, 0, 2, 0, 2, 1, 0, 1, 0, 2, 0, 1, 2, 0, 0, 1, 1, 1, 0, 2, 0, 1, 2, 0, 1, 2, 0, 2, 2, 1, 0, 1, 0, 2, 1, 0, 0, 1, 2, 1, 1, 1, 2, 1, 1, 2, 0, 2, 0, 2, 2, 0, 0, 0, 2, 1, 2, 1, 0, 1, 1, 2, 0, 1, 2, 1, 1, 2, 0, 0, 2, 0, 0, 2, 0, 2, 1, 2, 2, 0, 2, 0, 2, 0, 2, 1, 0, 0, 1, 0, 0, 1, 0, 0, 1]|[1, 2, 0, 0, 2, 2, 2, 0, 0, 0, 1, 2, 4, 0, 2, 0, 4, 1, 1, 2, 4, 0, 0, 1, 0, 2, 4, 2, 0, 3, 1, 1, 2, 2, 0, 2, 4, 2, 2, 2, 1, 0, 3, 0, 4, 4, 3, 0, 0, 4, 2, 2, 0, 1, 1, 2, 0, 1, 2, 1, 1, 1, 2, 1, 3, 4, 0, 2, 4, 1, 3, 4, 2, 2, 1, 0, 0, 2, 0, 2, 1, 0, 2, 1, 2, 1, 1, 1, 2, 2, 2, 1, 0, 2, 0, 1, 3, 0, 0, 0]|[0, 0, 0, 1, 1, 0, 0, 1, 1, 0, 3, 0, 1, 1, 0, 0, 0, 0, 1, 0, 2, 1, 1, 1, 1, 0, 3, 0, 0, 3, 0, 0, 1, 1, 0, 1, 2, 1, 0, 3, 0, 0, 1, 0, 0, 1, 0, 1, 3, 2, 0, 0, 0, 1, 1, 0, 0, 0, 1, 0, 1, 0, 3, 1, 3, 1, 0, 0, 2, 0, 2, 2, 0, 0, 1, 0, 0, 0, 1, 1, 0, 2, 1, 0, 0, 0, 1, 0, 0, 0, 1, 0, 0, 0, 0, 0, 0, 0, 1, 1]
event=81:G1_CMAX:leader:action=2,fingerprint=[66, 68, 55, 92, 86, 48, 24, 89, 70, 13, 60, 50, 93, 15, 25, 52, 1, 59, 76, 67, 65, 17, 77, 75, 28, 26, 35, 36, 94, 95, 41, 6, 7, 0, 79, 33, 46, 58, 32, 88, 54, 71, 53, 29, 56, 8, 49, 39, 34, 14, 37, 72, 38, 23, 40, 98, 69, 27, 47, 80, 91, 16, 84, 44, 57, 90, 97, 20, 2, 78, 18, 51, 42, 3, 96, 11, 30, 9, 22, 81, 83, 19, 99, 73, 12, 43, 31, 64, 74, 62, 85, 63, 82, 10, 45, 61, 5, 21, 87, 4]|[1, 2, 2, 0, 0, 2, 0, 2, 0, 2, 1, 0, 1, 0, 2, 0, 1, 2, 0, 0, 1, 1, 1, 0, 2, 0, 1, 2, 0, 1, 2, 0, 2, 2, 1, 0, 1, 0, 2, 1, 0, 0, 1, 2, 1, 1, 1, 2, 1, 1, 2, 0, 2, 0, 2, 2, 0, 0, 0, 2, 1, 2, 1, 0, 1, 1, 2, 0, 1, 2, 1, 1, 2, 0, 0, 2, 0, 0, 2, 0, 2, 1, 2, 2, 0, 2, 0, 2, 0, 2, 1, 0, 0, 1, 0, 0, 1, 0, 0, 1]|[1, 2, 0, 0, 2, 2, 2, 0, 0, 0, 1, 2, 4, 0, 2, 0, 4, 1, 1, 2, 4, 0, 0, 1, 0, 2, 4, 2, 0, 3, 1, 1, 2, 2, 0, 2, 4, 2, 2, 2, 1, 0, 3, 0, 4, 4, 3, 0, 0, 4, 2, 2, 0, 1, 1, 2, 0, 1, 2, 1, 1, 1, 2, 1, 3, 4, 0, 2, 4, 1, 3, 4, 2, 2, 1, 0, 0, 2, 0, 2, 1, 0, 2, 1, 2, 1, 1, 1, 2, 2, 2, 1, 0, 2, 0, 1, 3, 0, 0, 0]|[0, 0, 0, 1, 1, 0, 0, 1, 1, 0, 3, 0, 1, 1, 0, 0, 0, 0, 1, 0, 2, 1, 1, 1, 1, 0, 3, 0, 0, 3, 0, 0, 1, 1, 0, 1, 2, 1, 0, 3, 0, 0, 1, 0, 0, 1, 0, 1, 3, 2, 0, 0, 0, 1, 1, 0, 0, 0, 1, 0, 1, 0, 3, 1, 3, 1, 0, 0, 2, 0, 2, 2, 0, 0, 1, 0, 0, 0, 1, 1, 0, 2, 1, 0, 0, 0, 1, 0, 0, 0, 1, 0, 0, 0, 0, 0, 0, 0, 1, 1]
event=82:G4_BALANCED:action:mode=explore,state=1,draw=0.94684032018701,action=0
event=83:G4_BALANCED:leader:action=0,fingerprint=[66, 68, 55, 92, 86, 48, 24, 89, 70, 13, 60, 50, 93, 15, 25, 52, 1, 59, 76, 67, 65, 17, 77, 75, 28, 26, 35, 36, 94, 95, 41, 6, 7, 0, 79, 33, 46, 58, 32, 88, 54, 71, 53, 29, 56, 8, 49, 39, 34, 14, 37, 72, 38, 23, 40, 98, 69, 27, 47, 80, 91, 16, 84, 44, 57, 90, 97, 20, 2, 78, 18, 51, 42, 3, 96, 11, 30, 9, 22, 81, 83, 19, 99, 73, 12, 43, 31, 64, 74, 62, 85, 63, 82, 10, 45, 61, 5, 21, 87, 4]|[1, 2, 2, 0, 0, 2, 0, 2, 0, 2, 1, 0, 1, 0, 2, 0, 1, 2, 0, 0, 1, 1, 1, 0, 2, 0, 1, 2, 0, 1, 2, 0, 2, 2, 1, 0, 1, 0, 2, 1, 0, 0, 1, 2, 1, 1, 1, 2, 1, 1, 2, 0, 2, 0, 2, 2, 0, 0, 0, 2, 1, 2, 1, 0, 1, 1, 2, 0, 1, 2, 1, 1, 2, 0, 0, 2, 0, 0, 2, 0, 2, 1, 2, 2, 0, 2, 0, 2, 0, 2, 1, 0, 0, 1, 0, 0, 1, 0, 0, 1]|[1, 2, 0, 0, 2, 2, 2, 0, 0, 0, 1, 2, 4, 0, 2, 0, 4, 1, 1, 2, 4, 0, 0, 1, 0, 2, 4, 2, 0, 3, 1, 1, 2, 2, 0, 2, 4, 2, 2, 2, 1, 0, 3, 0, 4, 4, 3, 0, 0, 4, 2, 2, 0, 1, 1, 2, 0, 1, 2, 1, 1, 1, 2, 1, 3, 4, 0, 2, 4, 1, 3, 4, 2, 2, 1, 0, 0, 2, 0, 2, 1, 0, 2, 1, 2, 1, 1, 1, 2, 2, 2, 1, 0, 2, 0, 1, 3, 0, 0, 0]|[0, 0, 0, 1, 1, 0, 0, 1, 1, 0, 3, 0, 1, 1, 0, 0, 0, 0, 1, 0, 2, 1, 1, 1, 1, 0, 3, 0, 0, 3, 0, 0, 1, 1, 0, 1, 2, 1, 0, 3, 0, 0, 1, 0, 0, 1, 0, 1, 3, 2, 0, 0, 0, 1, 1, 0, 0, 0, 1, 0, 1, 0, 3, 1, 3, 1, 0, 0, 2, 0, 2, 2, 0, 0, 1, 0, 0, 0, 1, 1, 0, 2, 1, 0, 0, 0, 1, 0, 0, 0, 1, 0, 0, 0, 0, 0, 0, 0, 1, 1]
event=84:G2_TEC:action:mode=exploit,state=1,draw=0.31777299333209796,action=0
event=85:G2_TEC:leader:action=0,fingerprint=[66, 68, 55, 92, 86, 48, 24, 89, 70, 13, 60, 50, 93, 15, 25, 52, 1, 59, 76, 67, 65, 17, 77, 75, 28, 26, 35, 36, 94, 95, 41, 6, 7, 0, 79, 33, 46, 58, 32, 88, 54, 71, 16, 98, 56, 8, 49, 39, 34, 14, 37, 72, 38, 23, 73, 29, 19, 5, 45, 22, 27, 64, 18, 11, 31, 85, 42, 82, 61, 80, 2, 9, 51, 83, 91, 21, 78, 20, 99, 62, 90, 69, 57, 12, 63, 10, 47, 96, 53, 43, 3, 44, 74, 97, 81, 40, 30, 87, 84, 4]|[0, 1, 0, 0, 1, 2, 1, 1, 0, 1, 2, 0, 1, 1, 2, 0, 0, 2, 1, 2, 1, 2, 2, 1, 2, 2, 0, 2, 0, 2, 2, 1, 0, 1, 1, 1, 1, 0, 0, 1, 0, 0, 1, 2, 1, 1, 0, 0, 1, 2, 0, 0, 0, 0, 1, 2, 0, 1, 0, 1, 1, 2, 2, 1, 0, 0, 2, 1, 0, 1, 2, 2, 2, 1, 1, 2, 1, 2, 0, 0, 2, 0, 1, 2, 0, 0, 2, 2, 1, 1, 0, 0, 0, 1, 0, 2, 2, 2, 1, 0]|[2, 0, 0, 0, 3, 2, 2, 4, 0, 4, 1, 2, 4, 3, 2, 0, 0, 2, 4, 2, 0, 0, 2, 1, 1, 1, 0, 0, 2, 2, 1, 4, 2, 3, 2, 1, 4, 2, 1, 2, 2, 0, 2, 0, 4, 2, 0, 2, 3, 1, 1, 2, 1, 1, 0, 2, 2, 0, 0, 4, 3, 2, 1, 2, 0, 0, 2, 4, 1, 4, 1, 2, 2, 2, 1, 1, 1, 2, 0, 0, 1, 0, 3, 0, 2, 1, 2, 2, 4, 3, 2, 1, 0, 4, 2, 1, 1, 1, 2, 1]|[1, 1, 0, 1, 1, 0, 0, 0, 0, 1, 1, 0, 1, 0, 0, 0, 0, 0, 0, 0, 0, 0, 0, 2, 1, 1, 0, 0, 0, 1, 0, 2, 1, 1, 2, 1, 2, 1, 0, 3, 0, 0, 2, 0, 0, 2, 0, 1, 1, 0, 0, 0, 0, 0, 0, 0, 1, 0, 0, 2, 1, 0, 1, 3, 0, 0, 0, 2, 0, 1, 0, 0, 0, 2, 0, 0, 1, 0, 0, 0, 0, 0, 3, 1, 1, 1, 1, 0, 0, 3, 0, 1, 0, 1, 1, 0, 0, 0, 3, 1]
event=86:G3_TWC:action:mode=explore,state=1,draw=0.8739137548011181,action=0
event=87:G3_TWC:leader:action=0,fingerprint=[66, 68, 55, 92, 20, 60, 97, 79, 3, 52, 7, 87, 67, 36, 71, 64, 78, 23, 8, 85, 39, 10, 61, 82, 25, 46, 19, 83, 73, 50, 76, 80, 4, 48, 16, 62, 11, 69, 0, 1, 94, 56, 53, 37, 29, 38, 70, 14, 30, 34, 33, 93, 32, 91, 22, 5, 95, 31, 65, 44, 59, 75, 72, 86, 40, 74, 89, 63, 27, 17, 47, 9, 96, 12, 41, 57, 13, 26, 15, 81, 43, 98, 21, 90, 42, 6, 18, 2, 99, 45, 58, 35, 77, 51, 88, 54, 49, 28, 24, 84]|[1, 1, 1, 0, 1, 2, 0, 1, 1, 1, 2, 1, 0, 0, 1, 0, 0, 2, 2, 0, 1, 0, 1, 1, 1, 1, 1, 2, 2, 2, 1, 0, 1, 0, 0, 2, 1, 1, 1, 0, 0, 1, 2, 1, 2, 0, 2, 2, 0, 0, 0, 1, 1, 0, 2, 0, 1, 0, 2, 2, 2, 2, 1, 1, 0, 1, 0, 0, 1, 0, 0, 1, 0, 0, 2, 0, 1, 2, 0, 2, 0, 2, 0, 2, 1, 2, 1, 2, 2, 1, 0, 2, 0, 2, 2, 0, 1, 1, 1, 0]|[4, 0, 3, 2, 2, 2, 1, 4, 4, 4, 2, 2, 1, 0, 4, 2, 1, 1, 2, 1, 0, 2, 4, 2, 0, 2, 0, 2, 0, 0, 4, 2, 1, 0, 2, 2, 4, 4, 2, 2, 0, 4, 1, 4, 0, 1, 1, 2, 1, 1, 2, 2, 3, 0, 2, 1, 0, 0, 1, 0, 2, 1, 2, 3, 2, 1, 2, 2, 4, 0, 1, 2, 0, 1, 0, 2, 1, 1, 1, 0, 2, 0, 2, 1, 3, 1, 0, 1, 2, 4, 2, 2, 1, 2, 0, 1, 2, 4, 2, 0]|[0, 1, 1, 1, 0, 0, 1, 0, 2, 1, 1, 3, 0, 0, 0, 1, 0, 0, 0, 1, 1, 0, 1, 3, 3, 1, 2, 0, 1, 1, 0, 1, 1, 1, 0, 0, 0, 2, 3, 0, 1, 2, 1, 2, 0, 0, 1, 0, 0, 0, 1, 1, 0, 1, 0, 0, 1, 0, 0, 1, 0, 1, 2, 3, 0, 1, 1, 1, 0, 1, 0, 1, 1, 0, 0, 0, 3, 1, 0, 1, 0, 0, 0, 0, 3, 0, 0, 0, 1, 0, 1, 0, 0, 0, 0, 0, 1, 2, 1, 0]
event=88:G1_CMAX:update:state=1,action=2,reward=-161.3230808276321,nextState=1,old=0.0,new=-161.3230808276321
event=89:G2_TEC:update:state=1,action=0,reward=-347.1387891853374,nextState=1,old=-363.2681400113652,new=-637.7533011944295
event=90:G3_TWC:update:state=1,action=0,reward=-10200.706246381742,nextState=1,old=-8302.908210438065,new=-15739.215140766162
event=91:G4_BALANCED:update:state=1,action=0,reward=-0.09624523480725261,nextState=1,old=-0.08810027145407442,new=-0.16672545197051214
event=92:G1_CMAX:action:mode=exploit,state=1,draw=0.6338789694307795,action=1
event=93:G1_CMAX:leader:action=1,fingerprint=[66, 68, 55, 92, 20, 60, 97, 79, 3, 52, 7, 87, 67, 36, 71, 64, 78, 23, 8, 85, 39, 10, 61, 82, 25, 46, 19, 83, 73, 50, 76, 80, 4, 48, 16, 62, 11, 69, 0, 1, 94, 56, 53, 37, 29, 38, 70, 14, 30, 34, 33, 93, 32, 91, 22, 5, 95, 31, 65, 44, 59, 75, 72, 86, 40, 74, 89, 63, 27, 17, 47, 9, 96, 12, 41, 57, 13, 26, 15, 81, 43, 98, 21, 90, 42, 6, 18, 2, 99, 45, 58, 35, 77, 51, 88, 54, 49, 28, 24, 84]|[1, 1, 1, 0, 1, 2, 0, 1, 1, 1, 2, 1, 0, 0, 1, 0, 0, 2, 2, 0, 1, 0, 1, 1, 1, 1, 1, 2, 2, 2, 1, 0, 1, 0, 0, 2, 1, 1, 1, 0, 0, 1, 2, 1, 2, 0, 2, 2, 0, 0, 0, 1, 1, 0, 2, 0, 1, 0, 2, 2, 2, 2, 1, 1, 0, 1, 0, 0, 1, 0, 0, 1, 0, 0, 2, 0, 1, 2, 0, 2, 0, 2, 0, 2, 1, 2, 1, 2, 2, 1, 0, 2, 0, 2, 2, 0, 1, 1, 1, 0]|[4, 0, 3, 2, 2, 2, 1, 4, 4, 4, 2, 2, 1, 0, 4, 2, 1, 1, 2, 1, 0, 2, 4, 2, 0, 2, 0, 2, 0, 0, 4, 2, 1, 0, 2, 2, 4, 4, 2, 2, 0, 4, 1, 4, 0, 1, 1, 2, 1, 1, 2, 2, 3, 0, 2, 1, 0, 0, 1, 0, 2, 1, 2, 3, 2, 1, 2, 2, 4, 0, 1, 2, 0, 1, 0, 2, 1, 1, 1, 0, 2, 0, 2, 1, 3, 1, 0, 1, 2, 4, 2, 2, 1, 2, 0, 1, 2, 4, 2, 0]|[0, 1, 1, 1, 0, 0, 1, 0, 2, 1, 1, 3, 0, 0, 0, 1, 0, 0, 0, 1, 1, 0, 1, 3, 3, 1, 2, 0, 1, 1, 0, 1, 1, 1, 0, 0, 0, 2, 3, 0, 1, 2, 1, 2, 0, 0, 1, 0, 0, 0, 1, 1, 0, 1, 0, 0, 1, 0, 0, 1, 0, 1, 2, 3, 0, 1, 1, 1, 0, 1, 0, 1, 1, 0, 0, 0, 3, 1, 0, 1, 0, 0, 0, 0, 3, 0, 0, 0, 1, 0, 1, 0, 0, 0, 0, 0, 1, 2, 1, 0]
event=94:G4_BALANCED:action:mode=explore,state=1,draw=0.8936824025899515,action=1
event=95:G4_BALANCED:leader:action=1,fingerprint=[66, 68, 55, 92, 86, 48, 24, 89, 70, 13, 60, 50, 93, 15, 25, 52, 1, 59, 76, 67, 65, 17, 77, 75, 28, 26, 35, 36, 94, 95, 41, 6, 7, 0, 79, 33, 46, 58, 32, 88, 54, 71, 53, 29, 56, 8, 49, 39, 34, 14, 37, 72, 38, 23, 40, 98, 69, 27, 47, 80, 91, 16, 84, 44, 57, 90, 97, 20, 2, 78, 18, 51, 42, 3, 96, 11, 30, 9, 22, 81, 83, 19, 99, 73, 12, 43, 31, 64, 74, 62, 85, 63, 82, 10, 45, 61, 5, 21, 87, 4]|[1, 2, 2, 0, 0, 2, 0, 2, 0, 2, 1, 0, 1, 0, 2, 0, 1, 2, 0, 0, 1, 1, 1, 0, 2, 0, 1, 2, 0, 1, 2, 0, 2, 2, 1, 0, 1, 0, 2, 1, 0, 0, 1, 2, 1, 1, 1, 2, 1, 1, 2, 0, 2, 0, 2, 2, 0, 0, 0, 2, 1, 2, 1, 0, 1, 1, 2, 0, 1, 2, 1, 1, 2, 0, 0, 2, 0, 0, 2, 0, 2, 1, 2, 2, 0, 2, 0, 2, 0, 2, 1, 0, 0, 1, 0, 0, 1, 0, 0, 1]|[1, 2, 0, 0, 2, 2, 2, 0, 0, 0, 1, 2, 4, 0, 2, 0, 4, 1, 1, 2, 4, 0, 0, 1, 0, 2, 4, 2, 0, 3, 1, 1, 2, 2, 0, 2, 4, 2, 2, 2, 1, 0, 3, 0, 4, 4, 3, 0, 0, 4, 2, 2, 0, 1, 1, 2, 0, 1, 2, 1, 1, 1, 2, 1, 3, 4, 0, 2, 4, 1, 3, 4, 2, 2, 1, 0, 0, 2, 0, 2, 1, 0, 2, 1, 2, 1, 1, 1, 2, 2, 2, 1, 0, 2, 0, 1, 3, 0, 0, 0]|[0, 0, 0, 1, 1, 0, 0, 1, 1, 0, 3, 0, 1, 1, 0, 0, 0, 0, 1, 0, 2, 1, 1, 1, 1, 0, 3, 0, 0, 3, 0, 0, 1, 1, 0, 1, 2, 1, 0, 3, 0, 0, 1, 0, 0, 1, 0, 1, 3, 2, 0, 0, 0, 1, 1, 0, 0, 0, 1, 0, 1, 0, 3, 1, 3, 1, 0, 0, 2, 0, 2, 2, 0, 0, 1, 0, 0, 0, 1, 1, 0, 2, 1, 0, 0, 0, 1, 0, 0, 0, 1, 0, 0, 0, 0, 0, 0, 0, 1, 1]
event=96:G2_TEC:action:mode=exploit,state=1,draw=0.7255397347627892,action=1
event=97:G2_TEC:leader:action=1,fingerprint=[66, 68, 55, 92, 86, 48, 24, 89, 70, 13, 60, 50, 93, 15, 25, 52, 1, 59, 76, 67, 65, 17, 77, 75, 28, 26, 35, 36, 94, 95, 41, 6, 7, 0, 79, 33, 46, 58, 32, 88, 54, 71, 16, 98, 56, 8, 49, 39, 34, 14, 37, 72, 38, 23, 73, 29, 19, 5, 45, 22, 27, 64, 18, 11, 31, 85, 42, 82, 61, 80, 2, 9, 51, 83, 91, 21, 78, 20, 99, 62, 90, 69, 57, 12, 63, 10, 47, 96, 53, 43, 3, 44, 74, 97, 81, 40, 30, 87, 84, 4]|[0, 1, 0, 0, 1, 2, 1, 1, 0, 1, 2, 0, 1, 1, 2, 0, 0, 2, 1, 2, 1, 2, 2, 1, 2, 2, 0, 2, 0, 2, 2, 1, 0, 1, 1, 1, 1, 0, 0, 1, 0, 0, 1, 2, 1, 1, 0, 0, 1, 2, 0, 0, 0, 0, 1, 2, 0, 1, 0, 1, 1, 2, 2, 1, 0, 0, 2, 1, 0, 1, 2, 2, 2, 1, 1, 2, 1, 2, 0, 0, 2, 0, 1, 2, 0, 0, 2, 2, 1, 1, 0, 0, 0, 1, 0, 2, 2, 2, 1, 0]|[2, 0, 0, 0, 3, 2, 2, 4, 0, 4, 1, 2, 4, 3, 2, 0, 0, 2, 4, 2, 0, 0, 2, 1, 1, 1, 0, 0, 2, 2, 1, 4, 2, 3, 2, 1, 4, 2, 1, 2, 2, 0, 2, 0, 4, 2, 0, 2, 3, 1, 1, 2, 1, 1, 0, 2, 2, 0, 0, 4, 3, 2, 1, 2, 0, 0, 2, 4, 1, 4, 1, 2, 2, 2, 1, 1, 1, 2, 0, 0, 1, 0, 3, 0, 2, 1, 2, 2, 4, 3, 2, 1, 0, 4, 2, 1, 1, 1, 2, 1]|[1, 1, 0, 1, 1, 0, 0, 0, 0, 1, 1, 0, 1, 0, 0, 0, 0, 0, 0, 0, 0, 0, 0, 2, 1, 1, 0, 0, 0, 1, 0, 2, 1, 1, 2, 1, 2, 1, 0, 3, 0, 0, 2, 0, 0, 2, 0, 1, 1, 0, 0, 0, 0, 0, 0, 0, 1, 0, 0, 2, 1, 0, 1, 3, 0, 0, 0, 2, 0, 1, 0, 0, 0, 2, 0, 0, 1, 0, 0, 0, 0, 0, 3, 1, 1, 1, 1, 0, 0, 3, 0, 1, 0, 1, 1, 0, 0, 0, 3, 1]
event=98:G3_TWC:action:mode=exploit,state=1,draw=0.07469137039467588,action=1
event=99:G3_TWC:leader:action=1,fingerprint=[66, 68, 55, 92, 20, 60, 97, 79, 3, 52, 7, 87, 67, 36, 71, 64, 78, 23, 8, 85, 39, 10, 61, 82, 25, 46, 19, 83, 73, 50, 76, 80, 4, 48, 16, 62, 11, 69, 0, 1, 94, 56, 53, 37, 29, 38, 70, 14, 30, 34, 33, 93, 32, 91, 22, 5, 95, 31, 65, 44, 59, 75, 72, 86, 40, 74, 89, 63, 27, 17, 47, 9, 96, 12, 41, 57, 13, 26, 15, 81, 43, 98, 21, 90, 42, 6, 18, 2, 99, 45, 58, 35, 77, 51, 88, 54, 49, 28, 24, 84]|[1, 1, 1, 0, 1, 2, 0, 1, 1, 1, 2, 1, 0, 0, 1, 0, 0, 2, 2, 0, 1, 0, 1, 1, 1, 1, 1, 2, 2, 2, 1, 0, 1, 0, 0, 2, 1, 1, 1, 0, 0, 1, 2, 1, 2, 0, 2, 2, 0, 0, 0, 1, 1, 0, 2, 0, 1, 0, 2, 2, 2, 2, 1, 1, 0, 1, 0, 0, 1, 0, 0, 1, 0, 0, 2, 0, 1, 2, 0, 2, 0, 2, 0, 2, 1, 2, 1, 2, 2, 1, 0, 2, 0, 2, 2, 0, 1, 1, 1, 0]|[4, 0, 3, 2, 2, 2, 1, 4, 4, 4, 2, 2, 1, 0, 4, 2, 1, 1, 2, 1, 0, 2, 4, 2, 0, 2, 0, 2, 0, 0, 4, 2, 1, 0, 2, 2, 4, 4, 2, 2, 0, 4, 1, 4, 0, 1, 1, 2, 1, 1, 2, 2, 3, 0, 2, 1, 0, 0, 1, 0, 2, 1, 2, 3, 2, 1, 2, 2, 4, 0, 1, 2, 0, 1, 0, 2, 1, 1, 1, 0, 2, 0, 2, 1, 3, 1, 0, 1, 2, 4, 2, 2, 1, 2, 0, 1, 2, 4, 2, 0]|[0, 1, 1, 1, 0, 0, 1, 0, 2, 1, 1, 3, 0, 0, 0, 1, 0, 0, 0, 1, 1, 0, 1, 3, 3, 1, 2, 0, 1, 1, 0, 1, 1, 1, 0, 0, 0, 2, 3, 0, 1, 2, 1, 2, 0, 0, 1, 0, 0, 0, 1, 1, 0, 1, 0, 0, 1, 0, 0, 1, 0, 1, 2, 3, 0, 1, 1, 1, 0, 1, 0, 1, 1, 0, 0, 0, 3, 1, 0, 1, 0, 0, 0, 0, 3, 0, 0, 0, 1, 0, 1, 0, 0, 0, 0, 0, 1, 2, 1, 0]
event=100:G1_CMAX:update:state=1,action=1,reward=-88.58444215725876,nextState=1,old=-106.98521935158033,new=-174.17261763852304
event=101:G2_TEC:update:state=1,action=1,reward=-825.4966369435206,nextState=1,old=-564.3039757852935,new=-1276.9398175717554
event=102:G3_TWC:update:state=1,action=1,reward=-14176.055551588099,nextState=1,old=-6923.136117980524,new=-19714.56444597252
event=103:G4_BALANCED:update:state=1,action=1,reward=-0.11630662948273149,nextState=1,old=-0.14205465697310055,new=-0.2140178872642215
event=104:G1_CMAX:action:mode=exploit,state=1,draw=0.6768656590059895,action=0
event=105:G1_CMAX:leader:action=0,fingerprint=[66, 68, 55, 92, 20, 60, 97, 79, 3, 52, 7, 87, 67, 36, 71, 64, 78, 23, 8, 85, 39, 10, 61, 82, 25, 46, 19, 83, 73, 50, 76, 80, 4, 48, 16, 62, 11, 69, 0, 1, 94, 56, 53, 37, 29, 38, 70, 14, 30, 34, 33, 93, 32, 91, 22, 5, 95, 31, 65, 44, 59, 75, 72, 86, 40, 74, 89, 63, 27, 17, 47, 9, 96, 12, 41, 57, 13, 26, 15, 81, 43, 98, 21, 90, 42, 6, 18, 2, 99, 45, 58, 35, 77, 51, 88, 54, 49, 28, 24, 84]|[1, 1, 1, 0, 1, 2, 0, 1, 1, 1, 2, 1, 0, 0, 1, 0, 0, 2, 2, 0, 1, 0, 1, 1, 1, 1, 1, 2, 2, 2, 1, 0, 1, 0, 0, 2, 1, 1, 1, 0, 0, 1, 2, 1, 2, 0, 2, 2, 0, 0, 0, 1, 1, 0, 2, 0, 1, 0, 2, 2, 2, 2, 1, 1, 0, 1, 0, 0, 1, 0, 0, 1, 0, 0, 2, 0, 1, 2, 0, 2, 0, 2, 0, 2, 1, 2, 1, 2, 2, 1, 0, 2, 0, 2, 2, 0, 1, 1, 1, 0]|[4, 0, 3, 2, 2, 2, 1, 4, 4, 4, 2, 2, 1, 0, 4, 2, 1, 1, 2, 1, 0, 2, 4, 2, 0, 2, 0, 2, 0, 0, 4, 2, 1, 0, 2, 2, 4, 4, 2, 2, 0, 4, 1, 4, 0, 1, 1, 2, 1, 1, 2, 2, 3, 0, 2, 1, 0, 0, 1, 0, 2, 1, 2, 3, 2, 1, 2, 2, 4, 0, 1, 2, 0, 1, 0, 2, 1, 1, 1, 0, 2, 0, 2, 1, 3, 1, 0, 1, 2, 4, 2, 2, 1, 2, 0, 1, 2, 4, 2, 0]|[0, 1, 1, 1, 0, 0, 1, 0, 2, 1, 1, 3, 0, 0, 0, 1, 0, 0, 0, 1, 1, 0, 1, 3, 3, 1, 2, 0, 1, 1, 0, 1, 1, 1, 0, 0, 0, 2, 3, 0, 1, 2, 1, 2, 0, 0, 1, 0, 0, 0, 1, 1, 0, 1, 0, 0, 1, 0, 0, 1, 0, 1, 2, 3, 0, 1, 1, 1, 0, 1, 0, 1, 1, 0, 0, 0, 3, 1, 0, 1, 0, 0, 0, 0, 3, 0, 0, 0, 1, 0, 1, 0, 0, 0, 0, 0, 1, 2, 1, 0]
event=106:G4_BALANCED:action:mode=explore,state=1,draw=0.9973765994979646,action=2
event=107:G4_BALANCED:tournament:reason=action2,left=9,right=9,selected=[66, 68, 55, 92, 86, 48, 24, 89, 70, 13, 60, 50, 93, 15, 25, 52, 1, 59, 76, 67, 65, 17, 77, 75, 28, 26, 35, 36, 94, 95, 41, 6, 7, 0, 79, 33, 46, 58, 32, 88, 54, 71, 16, 98, 56, 8, 49, 39, 34, 14, 37, 72, 38, 23, 73, 29, 19, 5, 45, 22, 27, 64, 18, 11, 31, 85, 42, 82, 61, 80, 2, 9, 51, 83, 91, 21, 78, 20, 99, 62, 90, 69, 57, 12, 63, 10, 47, 96, 53, 4, 87, 74, 84, 81, 97, 44, 40, 30, 43, 3]|[0, 1, 0, 0, 1, 0, 1, 1, 0, 1, 2, 0, 1, 1, 2, 0, 0, 2, 1, 2, 1, 2, 2, 1, 2, 2, 0, 2, 0, 2, 2, 1, 0, 1, 1, 1, 1, 0, 0, 1, 0, 0, 1, 2, 1, 1, 0, 0, 1, 2, 0, 0, 0, 0, 1, 2, 0, 1, 0, 1, 1, 0, 2, 1, 0, 0, 2, 1, 0, 1, 2, 2, 2, 1, 1, 2, 1, 2, 0, 2, 2, 0, 1, 1, 0, 0, 2, 2, 2, 0, 2, 0, 1, 0, 1, 0, 2, 2, 2, 0]|[2, 1, 0, 0, 3, 2, 2, 4, 0, 4, 1, 2, 4, 3, 2, 0, 0, 2, 4, 2, 0, 0, 2, 1, 1, 1, 0, 0, 2, 2, 1, 4, 2, 3, 2, 1, 4, 2, 1, 2, 2, 0, 2, 0, 3, 2, 0, 2, 3, 1, 1, 2, 1, 1, 0, 2, 2, 0, 0, 4, 3, 1, 1, 2, 0, 1, 2, 4, 1, 4, 1, 2, 2, 2, 1, 1, 1, 2, 0, 1, 1, 0, 3, 0, 1, 1, 2, 2, 2, 1, 1, 0, 2, 2, 4, 1, 1, 1, 0, 2]|[1, 2, 0, 1, 1, 0, 0, 0, 0, 1, 1, 0, 1, 0, 0, 0, 0, 0, 0, 0, 0, 0, 0, 2, 1, 1, 0, 0, 0, 1, 0, 2, 1, 1, 2, 1, 2, 1, 0, 3, 0, 0, 2, 0, 1, 2, 0, 1, 1, 0, 0, 0, 0, 0, 0, 0, 1, 0, 0, 2, 1, 0, 1, 3, 0, 0, 0, 2, 0, 1, 0, 0, 0, 2, 0, 0, 1, 0, 0, 0, 0, 0, 3, 2, 1, 1, 1, 0, 0, 1, 0, 0, 3, 1, 1, 1, 0, 0, 0, 0]
event=108:G4_BALANCED:leader:action=2,fingerprint=[66, 68, 55, 92, 86, 48, 24, 89, 70, 13, 60, 50, 93, 15, 25, 52, 1, 59, 76, 67, 65, 17, 77, 75, 28, 26, 35, 36, 94, 95, 41, 6, 7, 0, 79, 33, 46, 58, 32, 88, 54, 71, 16, 98, 56, 8, 49, 39, 34, 14, 37, 72, 38, 23, 73, 29, 19, 5, 45, 22, 27, 64, 18, 11, 31, 85, 42, 82, 61, 80, 2, 9, 51, 83, 91, 21, 78, 20, 99, 62, 90, 69, 57, 12, 63, 10, 47, 96, 53, 4, 87, 74, 84, 81, 97, 44, 40, 30, 43, 3]|[0, 1, 0, 0, 1, 0, 1, 1, 0, 1, 2, 0, 1, 1, 2, 0, 0, 2, 1, 2, 1, 2, 2, 1, 2, 2, 0, 2, 0, 2, 2, 1, 0, 1, 1, 1, 1, 0, 0, 1, 0, 0, 1, 2, 1, 1, 0, 0, 1, 2, 0, 0, 0, 0, 1, 2, 0, 1, 0, 1, 1, 0, 2, 1, 0, 0, 2, 1, 0, 1, 2, 2, 2, 1, 1, 2, 1, 2, 0, 2, 2, 0, 1, 1, 0, 0, 2, 2, 2, 0, 2, 0, 1, 0, 1, 0, 2, 2, 2, 0]|[2, 1, 0, 0, 3, 2, 2, 4, 0, 4, 1, 2, 4, 3, 2, 0, 0, 2, 4, 2, 0, 0, 2, 1, 1, 1, 0, 0, 2, 2, 1, 4, 2, 3, 2, 1, 4, 2, 1, 2, 2, 0, 2, 0, 3, 2, 0, 2, 3, 1, 1, 2, 1, 1, 0, 2, 2, 0, 0, 4, 3, 1, 1, 2, 0, 1, 2, 4, 1, 4, 1, 2, 2, 2, 1, 1, 1, 2, 0, 1, 1, 0, 3, 0, 1, 1, 2, 2, 2, 1, 1, 0, 2, 2, 4, 1, 1, 1, 0, 2]|[1, 2, 0, 1, 1, 0, 0, 0, 0, 1, 1, 0, 1, 0, 0, 0, 0, 0, 0, 0, 0, 0, 0, 2, 1, 1, 0, 0, 0, 1, 0, 2, 1, 1, 2, 1, 2, 1, 0, 3, 0, 0, 2, 0, 1, 2, 0, 1, 1, 0, 0, 0, 0, 0, 0, 0, 1, 0, 0, 2, 1, 0, 1, 3, 0, 0, 0, 2, 0, 1, 0, 0, 0, 2, 0, 0, 1, 0, 0, 0, 0, 0, 3, 2, 1, 1, 1, 0, 0, 1, 0, 0, 3, 1, 1, 1, 0, 0, 0, 0]
event=109:G2_TEC:action:mode=exploit,state=1,draw=0.1766589869041476,action=0
event=110:G2_TEC:leader:action=0,fingerprint=[66, 68, 55, 92, 86, 48, 24, 89, 70, 13, 60, 50, 93, 15, 25, 52, 1, 59, 76, 67, 65, 17, 77, 75, 28, 26, 35, 36, 94, 95, 41, 6, 7, 0, 79, 33, 46, 58, 32, 88, 54, 71, 16, 98, 56, 8, 49, 39, 34, 14, 37, 72, 38, 23, 73, 29, 19, 5, 45, 22, 27, 64, 18, 11, 31, 85, 42, 82, 61, 80, 2, 9, 51, 83, 91, 21, 78, 20, 99, 62, 90, 69, 57, 12, 63, 10, 47, 96, 53, 43, 3, 44, 74, 97, 81, 40, 30, 87, 84, 4]|[0, 1, 0, 0, 1, 2, 1, 1, 0, 1, 2, 0, 1, 1, 2, 0, 0, 2, 1, 2, 1, 2, 2, 1, 2, 2, 0, 2, 0, 2, 2, 1, 0, 1, 1, 1, 1, 0, 0, 1, 0, 0, 1, 2, 1, 1, 0, 0, 1, 2, 0, 0, 0, 0, 1, 2, 0, 1, 0, 1, 1, 2, 2, 1, 0, 0, 2, 1, 0, 1, 2, 2, 2, 1, 1, 2, 1, 2, 0, 0, 2, 0, 1, 2, 0, 0, 2, 2, 1, 1, 0, 0, 0, 1, 0, 2, 2, 2, 1, 0]|[2, 0, 0, 0, 3, 2, 2, 4, 0, 4, 1, 2, 4, 3, 2, 0, 0, 2, 4, 2, 0, 0, 2, 1, 1, 1, 0, 0, 2, 2, 1, 4, 2, 3, 2, 1, 4, 2, 1, 2, 2, 0, 2, 0, 4, 2, 0, 2, 3, 1, 1, 2, 1, 1, 0, 2, 2, 0, 0, 4, 3, 2, 1, 2, 0, 0, 2, 4, 1, 4, 1, 2, 2, 2, 1, 1, 1, 2, 0, 0, 1, 0, 3, 0, 2, 1, 2, 2, 4, 3, 2, 1, 0, 4, 2, 1, 1, 1, 2, 1]|[1, 1, 0, 1, 1, 0, 0, 0, 0, 1, 1, 0, 1, 0, 0, 0, 0, 0, 0, 0, 0, 0, 0, 2, 1, 1, 0, 0, 0, 1, 0, 2, 1, 1, 2, 1, 2, 1, 0, 3, 0, 0, 2, 0, 0, 2, 0, 1, 1, 0, 0, 0, 0, 0, 0, 0, 1, 0, 0, 2, 1, 0, 1, 3, 0, 0, 0, 2, 0, 1, 0, 0, 0, 2, 0, 0, 1, 0, 0, 0, 0, 0, 3, 1, 1, 1, 1, 0, 0, 3, 0, 1, 0, 1, 1, 0, 0, 0, 3, 1]
event=111:G3_TWC:action:mode=exploit,state=1,draw=0.7762807000505992,action=2
event=112:G3_TWC:tournament:reason=action2,left=13,right=6,selected=[66, 68, 55, 92, 86, 48, 24, 89, 70, 13, 60, 50, 93, 15, 25, 52, 1, 59, 76, 67, 65, 17, 77, 75, 28, 26, 35, 36, 94, 95, 41, 6, 7, 0, 79, 33, 46, 58, 32, 88, 54, 71, 53, 29, 56, 8, 49, 39, 34, 14, 37, 72, 38, 23, 40, 98, 69, 27, 47, 80, 73, 63, 83, 97, 3, 51, 78, 44, 64, 5, 42, 43, 91, 90, 16, 82, 31, 10, 2, 85, 21, 61, 4, 87, 22, 9, 11, 19, 45, 74, 96, 99, 84, 57, 20, 12, 62, 81, 18, 30]|[1, 2, 0, 2, 2, 2, 2, 1, 0, 2, 2, 0, 1, 0, 2, 0, 1, 0, 0, 0, 1, 2, 1, 2, 0, 0, 1, 1, 0, 1, 2, 2, 1, 2, 1, 0, 1, 0, 2, 0, 1, 1, 1, 1, 2, 1, 1, 0, 1, 2, 2, 0, 0, 0, 1, 2, 0, 2, 1, 0, 1, 0, 0, 0, 0, 1, 1, 0, 2, 0, 2, 1, 2, 1, 2, 1, 2, 1, 2, 1, 2, 0, 0, 0, 2, 0, 2, 0, 0, 0, 1, 2, 0, 1, 2, 2, 2, 0, 0, 0]|[1, 2, 1, 1, 1, 2, 0, 1, 0, 0, 1, 2, 4, 0, 2, 0, 4, 0, 1, 1, 0, 1, 0, 0, 0, 2, 4, 1, 0, 3, 1, 2, 3, 2, 0, 2, 4, 2, 2, 2, 4, 3, 3, 4, 0, 4, 3, 0, 0, 1, 2, 2, 0, 1, 1, 0, 0, 1, 4, 2, 3, 1, 2, 2, 2, 4, 1, 2, 1, 2, 2, 3, 0, 4, 1, 4, 0, 2, 2, 2, 1, 0, 0, 0, 1, 2, 0, 0, 0, 1, 0, 1, 1, 3, 2, 0, 2, 2, 2, 0]|[1, 0, 0, 1, 1, 0, 0, 1, 1, 0, 1, 0, 2, 1, 0, 0, 0, 0, 1, 0, 0, 1, 1, 0, 1, 0, 3, 0, 0, 3, 0, 0, 0, 1, 0, 1, 2, 1, 0, 1, 3, 2, 1, 3, 0, 1, 0, 0, 3, 0, 0, 0, 0, 1, 0, 0, 0, 0, 2, 1, 1, 0, 1, 1, 0, 2, 1, 0, 0, 1, 1, 3, 0, 1, 0, 2, 1, 0, 0, 1, 0, 0, 0, 1, 1, 0, 0, 0, 0, 0, 0, 0, 0, 3, 1, 1, 0, 1, 0, 0]
event=113:G3_TWC:leader:action=2,fingerprint=[66, 68, 55, 92, 86, 48, 24, 89, 70, 13, 60, 50, 93, 15, 25, 52, 1, 59, 76, 67, 65, 17, 77, 75, 28, 26, 35, 36, 94, 95, 41, 6, 7, 0, 79, 33, 46, 58, 32, 88, 54, 71, 53, 29, 56, 8, 49, 39, 34, 14, 37, 72, 38, 23, 40, 98, 69, 27, 47, 80, 73, 63, 83, 97, 3, 51, 78, 44, 64, 5, 42, 43, 91, 90, 16, 82, 31, 10, 2, 85, 21, 61, 4, 87, 22, 9, 11, 19, 45, 74, 96, 99, 84, 57, 20, 12, 62, 81, 18, 30]|[1, 2, 0, 2, 2, 2, 2, 1, 0, 2, 2, 0, 1, 0, 2, 0, 1, 0, 0, 0, 1, 2, 1, 2, 0, 0, 1, 1, 0, 1, 2, 2, 1, 2, 1, 0, 1, 0, 2, 0, 1, 1, 1, 1, 2, 1, 1, 0, 1, 2, 2, 0, 0, 0, 1, 2, 0, 2, 1, 0, 1, 0, 0, 0, 0, 1, 1, 0, 2, 0, 2, 1, 2, 1, 2, 1, 2, 1, 2, 1, 2, 0, 0, 0, 2, 0, 2, 0, 0, 0, 1, 2, 0, 1, 2, 2, 2, 0, 0, 0]|[1, 2, 1, 1, 1, 2, 0, 1, 0, 0, 1, 2, 4, 0, 2, 0, 4, 0, 1, 1, 0, 1, 0, 0, 0, 2, 4, 1, 0, 3, 1, 2, 3, 2, 0, 2, 4, 2, 2, 2, 4, 3, 3, 4, 0, 4, 3, 0, 0, 1, 2, 2, 0, 1, 1, 0, 0, 1, 4, 2, 3, 1, 2, 2, 2, 4, 1, 2, 1, 2, 2, 3, 0, 4, 1, 4, 0, 2, 2, 2, 1, 0, 0, 0, 1, 2, 0, 0, 0, 1, 0, 1, 1, 3, 2, 0, 2, 2, 2, 0]|[1, 0, 0, 1, 1, 0, 0, 1, 1, 0, 1, 0, 2, 1, 0, 0, 0, 0, 1, 0, 0, 1, 1, 0, 1, 0, 3, 0, 0, 3, 0, 0, 0, 1, 0, 1, 2, 1, 0, 1, 3, 2, 1, 3, 0, 1, 0, 0, 3, 0, 0, 0, 0, 1, 0, 0, 0, 0, 2, 1, 1, 0, 1, 1, 0, 2, 1, 0, 0, 1, 1, 3, 0, 1, 0, 2, 1, 0, 0, 1, 0, 0, 0, 1, 1, 0, 0, 0, 0, 0, 0, 0, 0, 3, 1, 1, 0, 1, 0, 0]
event=114:G1_CMAX:update:state=1,action=0,reward=-118.09887788750461,nextState=1,old=-152.9379186810466,new=-240.4492128323419
event=115:G2_TEC:update:state=1,action=0,reward=-564.7433319287593,nextState=1,old=-637.7533011944295,new=-1074.9459728843028
event=116:G3_TWC:update:state=1,action=2,reward=-4339.1159845367365,nextState=1,old=-9106.750219511654,new=-11624.51616014606
event=117:G4_BALANCED:update:state=1,action=2,reward=-0.06824014600944225,nextState=1,old=-0.12213907222686249,new=-0.16595140379093226
event=118:G1_CMAX:action:mode=exploit,state=1,draw=0.6482890615839995,action=2
event=119:G1_CMAX:tournament:reason=action2,left=14,right=12,selected=[66, 68, 55, 92, 20, 60, 97, 79, 3, 52, 7, 87, 67, 36, 71, 13, 1, 59, 76, 93, 65, 17, 77, 75, 28, 26, 35, 15, 94, 95, 41, 6, 48, 0, 89, 33, 46, 58, 32, 88, 54, 25, 53, 29, 56, 27, 49, 39, 34, 14, 37, 72, 38, 23, 73, 98, 19, 5, 45, 22, 8, 64, 18, 11, 31, 85, 42, 82, 61, 80, 2, 9, 78, 30, 69, 12, 16, 90, 40, 47, 50, 51, 62, 63, 99, 57, 10, 44, 70, 43, 83, 81, 84, 24, 74, 91, 96, 21, 86, 4]|[1, 2, 2, 0, 0, 1, 0, 2, 0, 0, 1, 0, 1, 1, 2, 1, 1, 0, 0, 2, 2, 2, 1, 0, 1, 2, 1, 1, 0, 1, 2, 0, 2, 1, 2, 0, 1, 0, 0, 1, 0, 1, 1, 2, 2, 0, 1, 2, 2, 2, 1, 0, 2, 0, 1, 2, 0, 1, 0, 1, 1, 2, 2, 1, 0, 1, 2, 1, 0, 0, 1, 0, 2, 0, 1, 0, 2, 2, 1, 0, 2, 0, 2, 0, 0, 0, 2, 0, 2, 2, 2, 0, 2, 1, 0, 2, 2, 0, 1, 0]|[1, 2, 0, 0, 2, 1, 1, 1, 2, 0, 1, 2, 4, 3, 2, 1, 4, 0, 1, 1, 1, 0, 0, 1, 1, 1, 4, 3, 0, 3, 1, 1, 2, 0, 1, 2, 4, 2, 1, 2, 1, 0, 3, 0, 0, 2, 3, 0, 0, 2, 4, 2, 0, 1, 0, 1, 2, 0, 0, 4, 3, 2, 0, 4, 0, 3, 1, 2, 1, 2, 4, 2, 1, 0, 4, 2, 1, 1, 0, 1, 1, 0, 2, 1, 2, 2, 1, 1, 1, 0, 1, 2, 0, 2, 2, 2, 2, 1, 3, 1]|[0, 0, 0, 1, 1, 3, 1, 1, 0, 0, 3, 0, 1, 0, 0, 3, 0, 0, 1, 0, 0, 0, 1, 1, 1, 1, 3, 0, 0, 3, 0, 0, 0, 0, 1, 1, 2, 1, 0, 3, 0, 3, 1, 0, 0, 1, 0, 1, 0, 0, 2, 1, 0, 0, 0, 1, 1, 0, 0, 1, 1, 0, 0, 0, 0, 3, 0, 3, 0, 1, 2, 1, 0, 0, 1, 0, 0, 0, 0, 0, 0, 0, 0, 0, 0, 0, 1, 1, 1, 0, 0, 1, 1, 0, 0, 0, 0, 0, 3, 0]
event=120:G1_CMAX:leader:action=2,fingerprint=[66, 68, 55, 92, 20, 60, 97, 79, 3, 52, 7, 87, 67, 36, 71, 13, 1, 59, 76, 93, 65, 17, 77, 75, 28, 26, 35, 15, 94, 95, 41, 6, 48, 0, 89, 33, 46, 58, 32, 88, 54, 25, 53, 29, 56, 27, 49, 39, 34, 14, 37, 72, 38, 23, 73, 98, 19, 5, 45, 22, 8, 64, 18, 11, 31, 85, 42, 82, 61, 80, 2, 9, 78, 30, 69, 12, 16, 90, 40, 47, 50, 51, 62, 63, 99, 57, 10, 44, 70, 43, 83, 81, 84, 24, 74, 91, 96, 21, 86, 4]|[1, 2, 2, 0, 0, 1, 0, 2, 0, 0, 1, 0, 1, 1, 2, 1, 1, 0, 0, 2, 2, 2, 1, 0, 1, 2, 1, 1, 0, 1, 2, 0, 2, 1, 2, 0, 1, 0, 0, 1, 0, 1, 1, 2, 2, 0, 1, 2, 2, 2, 1, 0, 2, 0, 1, 2, 0, 1, 0, 1, 1, 2, 2, 1, 0, 1, 2, 1, 0, 0, 1, 0, 2, 0, 1, 0, 2, 2, 1, 0, 2, 0, 2, 0, 0, 0, 2, 0, 2, 2, 2, 0, 2, 1, 0, 2, 2, 0, 1, 0]|[1, 2, 0, 0, 2, 1, 1, 1, 2, 0, 1, 2, 4, 3, 2, 1, 4, 0, 1, 1, 1, 0, 0, 1, 1, 1, 4, 3, 0, 3, 1, 1, 2, 0, 1, 2, 4, 2, 1, 2, 1, 0, 3, 0, 0, 2, 3, 0, 0, 2, 4, 2, 0, 1, 0, 1, 2, 0, 0, 4, 3, 2, 0, 4, 0, 3, 1, 2, 1, 2, 4, 2, 1, 0, 4, 2, 1, 1, 0, 1, 1, 0, 2, 1, 2, 2, 1, 1, 1, 0, 1, 2, 0, 2, 2, 2, 2, 1, 3, 1]|[0, 0, 0, 1, 1, 3, 1, 1, 0, 0, 3, 0, 1, 0, 0, 3, 0, 0, 1, 0, 0, 0, 1, 1, 1, 1, 3, 0, 0, 3, 0, 0, 0, 0, 1, 1, 2, 1, 0, 3, 0, 3, 1, 0, 0, 1, 0, 1, 0, 0, 2, 1, 0, 0, 0, 1, 1, 0, 0, 1, 1, 0, 0, 0, 0, 3, 0, 3, 0, 1, 2, 1, 0, 0, 1, 0, 0, 0, 0, 0, 0, 0, 0, 0, 0, 0, 1, 1, 1, 0, 0, 1, 1, 0, 0, 0, 0, 0, 3, 0]
event=121:G4_BALANCED:action:mode=exploit,state=1,draw=0.20879518976367695,action=2
event=122:G4_BALANCED:tournament:reason=action2,left=5,right=26,selected=[66, 68, 55, 92, 86, 48, 24, 89, 70, 13, 60, 50, 93, 15, 25, 52, 1, 59, 76, 67, 65, 17, 77, 75, 28, 26, 35, 36, 94, 95, 41, 6, 7, 0, 79, 33, 46, 58, 32, 88, 54, 71, 53, 29, 56, 8, 49, 39, 34, 14, 37, 72, 38, 23, 40, 98, 69, 27, 47, 80, 73, 63, 83, 44, 57, 11, 5, 96, 2, 16, 45, 51, 42, 3, 90, 91, 74, 99, 64, 81, 97, 87, 61, 10, 12, 9, 19, 18, 85, 84, 78, 82, 30, 21, 62, 22, 43, 20, 4, 31]|[1, 0, 1, 0, 2, 1, 2, 0, 0, 0, 0, 0, 1, 0, 2, 2, 1, 0, 0, 0, 1, 1, 2, 0, 2, 0, 1, 0, 0, 1, 2, 0, 2, 0, 1, 0, 1, 0, 0, 2, 0, 0, 1, 2, 1, 1, 1, 2, 1, 1, 2, 0, 2, 0, 2, 2, 0, 0, 0, 0, 1, 2, 2, 1, 1, 1, 2, 0, 1, 0, 1, 1, 2, 0, 1, 1, 0, 2, 1, 0, 0, 0, 0, 0, 0, 0, 1, 0, 1, 1, 2, 1, 0, 0, 2, 2, 2, 0, 1, 0]|[1, 0, 0, 2, 1, 3, 0, 1, 0, 2, 1, 2, 4, 1, 2, 0, 4, 0, 1, 2, 4, 0, 2, 1, 1, 2, 4, 0, 2, 3, 1, 1, 2, 2, 0, 2, 4, 2, 1, 0, 1, 0, 3, 0, 4, 4, 3, 0, 0, 4, 2, 2, 0, 1, 1, 2, 0, 1, 2, 2, 0, 2, 1, 0, 3, 4, 0, 1, 4, 2, 3, 4, 2, 1, 4, 1, 2, 1, 2, 2, 2, 0, 1, 0, 2, 2, 0, 0, 2, 2, 1, 4, 0, 0, 2, 0, 1, 2, 4, 1]|[0, 1, 2, 1, 1, 3, 0, 0, 1, 0, 0, 0, 1, 1, 0, 0, 0, 0, 1, 0, 2, 1, 0, 1, 1, 0, 3, 1, 0, 3, 0, 0, 1, 0, 0, 1, 2, 1, 0, 0, 0, 0, 1, 0, 0, 1, 0, 1, 3, 2, 0, 0, 0, 1, 1, 0, 0, 0, 1, 1, 0, 0, 0, 0, 3, 1, 0, 0, 2, 0, 2, 2, 0, 1, 1, 1, 0, 0, 2, 1, 0, 1, 0, 1, 0, 0, 2, 0, 1, 3, 0, 2, 0, 0, 0, 1, 0, 0, 0, 1]
event=123:G4_BALANCED:leader:action=2,fingerprint=[66, 68, 55, 92, 86, 48, 24, 89, 70, 13, 60, 50, 93, 15, 25, 52, 1, 59, 76, 67, 65, 17, 77, 75, 28, 26, 35, 36, 94, 95, 41, 6, 7, 0, 79, 33, 46, 58, 32, 88, 54, 71, 53, 29, 56, 8, 49, 39, 34, 14, 37, 72, 38, 23, 40, 98, 69, 27, 47, 80, 73, 63, 83, 44, 57, 11, 5, 96, 2, 16, 45, 51, 42, 3, 90, 91, 74, 99, 64, 81, 97, 87, 61, 10, 12, 9, 19, 18, 85, 84, 78, 82, 30, 21, 62, 22, 43, 20, 4, 31]|[1, 0, 1, 0, 2, 1, 2, 0, 0, 0, 0, 0, 1, 0, 2, 2, 1, 0, 0, 0, 1, 1, 2, 0, 2, 0, 1, 0, 0, 1, 2, 0, 2, 0, 1, 0, 1, 0, 0, 2, 0, 0, 1, 2, 1, 1, 1, 2, 1, 1, 2, 0, 2, 0, 2, 2, 0, 0, 0, 0, 1, 2, 2, 1, 1, 1, 2, 0, 1, 0, 1, 1, 2, 0, 1, 1, 0, 2, 1, 0, 0, 0, 0, 0, 0, 0, 1, 0, 1, 1, 2, 1, 0, 0, 2, 2, 2, 0, 1, 0]|[1, 0, 0, 2, 1, 3, 0, 1, 0, 2, 1, 2, 4, 1, 2, 0, 4, 0, 1, 2, 4, 0, 2, 1, 1, 2, 4, 0, 2, 3, 1, 1, 2, 2, 0, 2, 4, 2, 1, 0, 1, 0, 3, 0, 4, 4, 3, 0, 0, 4, 2, 2, 0, 1, 1, 2, 0, 1, 2, 2, 0, 2, 1, 0, 3, 4, 0, 1, 4, 2, 3, 4, 2, 1, 4, 1, 2, 1, 2, 2, 2, 0, 1, 0, 2, 2, 0, 0, 2, 2, 1, 4, 0, 0, 2, 0, 1, 2, 4, 1]|[0, 1, 2, 1, 1, 3, 0, 0, 1, 0, 0, 0, 1, 1, 0, 0, 0, 0, 1, 0, 2, 1, 0, 1, 1, 0, 3, 1, 0, 3, 0, 0, 1, 0, 0, 1, 2, 1, 0, 0, 0, 0, 1, 0, 0, 1, 0, 1, 3, 2, 0, 0, 0, 1, 1, 0, 0, 0, 1, 1, 0, 0, 0, 0, 3, 1, 0, 0, 2, 0, 2, 2, 0, 1, 1, 1, 0, 0, 2, 1, 0, 1, 0, 1, 0, 0, 2, 0, 1, 3, 0, 2, 0, 0, 0, 1, 0, 0, 0, 1]
event=124:G2_TEC:action:mode=exploit,state=1,draw=0.5976633984305532,action=2
event=125:G2_TEC:tournament:reason=action2,left=11,right=25,selected=[66, 68, 55, 92, 86, 48, 24, 89, 70, 13, 60, 50, 93, 15, 25, 52, 1, 59, 76, 67, 65, 17, 77, 75, 28, 26, 35, 36, 94, 95, 41, 6, 7, 0, 79, 33, 46, 58, 32, 88, 54, 71, 16, 98, 56, 8, 49, 39, 34, 14, 37, 72, 38, 23, 73, 29, 19, 5, 45, 22, 27, 64, 18, 11, 31, 85, 42, 82, 61, 80, 2, 9, 51, 83, 91, 21, 78, 97, 30, 81, 3, 69, 99, 40, 12, 43, 90, 10, 44, 84, 74, 4, 96, 62, 53, 20, 57, 63, 87, 47]|[0, 1, 0, 0, 1, 2, 1, 2, 0, 2, 2, 0, 0, 0, 2, 0, 0, 2, 1, 2, 1, 2, 2, 0, 2, 0, 0, 2, 0, 2, 2, 2, 0, 1, 1, 0, 1, 0, 0, 2, 0, 0, 0, 2, 1, 2, 0, 1, 1, 2, 1, 0, 0, 0, 1, 2, 0, 1, 0, 2, 1, 2, 1, 1, 0, 0, 2, 1, 0, 1, 1, 0, 2, 2, 1, 2, 0, 1, 0, 0, 0, 2, 0, 2, 0, 1, 1, 0, 0, 2, 2, 1, 2, 0, 1, 0, 1, 0, 2, 0]|[0, 0, 0, 0, 3, 2, 2, 0, 0, 0, 1, 2, 2, 0, 2, 0, 0, 2, 4, 2, 0, 0, 2, 1, 2, 2, 0, 0, 2, 2, 1, 1, 2, 3, 2, 2, 4, 2, 0, 0, 1, 0, 2, 2, 4, 1, 0, 0, 3, 1, 4, 2, 1, 1, 0, 0, 0, 4, 1, 1, 3, 2, 3, 4, 2, 2, 2, 4, 1, 4, 4, 2, 0, 1, 1, 1, 1, 4, 0, 2, 2, 2, 0, 1, 1, 3, 4, 1, 1, 2, 2, 0, 2, 0, 3, 2, 3, 2, 1, 2]|[1, 1, 0, 1, 1, 0, 0, 1, 0, 0, 1, 0, 0, 1, 0, 0, 0, 0, 0, 0, 0, 0, 0, 1, 0, 0, 0, 0, 0, 1, 0, 0, 1, 1, 2, 1, 2, 1, 0, 0, 0, 0, 0, 0, 0, 0, 0, 1, 1, 0, 2, 0, 0, 0, 0, 0, 0, 0, 0, 0, 1, 0, 2, 0, 0, 0, 0, 2, 0, 1, 2, 0, 0, 1, 0, 0, 0, 1, 0, 1, 0, 0, 0, 0, 0, 3, 1, 1, 1, 1, 0, 1, 0, 0, 1, 0, 3, 1, 0, 1]
event=126:G2_TEC:leader:action=2,fingerprint=[66, 68, 55, 92, 86, 48, 24, 89, 70, 13, 60, 50, 93, 15, 25, 52, 1, 59, 76, 67, 65, 17, 77, 75, 28, 26, 35, 36, 94, 95, 41, 6, 7, 0, 79, 33, 46, 58, 32, 88, 54, 71, 16, 98, 56, 8, 49, 39, 34, 14, 37, 72, 38, 23, 73, 29, 19, 5, 45, 22, 27, 64, 18, 11, 31, 85, 42, 82, 61, 80, 2, 9, 51, 83, 91, 21, 78, 97, 30, 81, 3, 69, 99, 40, 12, 43, 90, 10, 44, 84, 74, 4, 96, 62, 53, 20, 57, 63, 87, 47]|[0, 1, 0, 0, 1, 2, 1, 2, 0, 2, 2, 0, 0, 0, 2, 0, 0, 2, 1, 2, 1, 2, 2, 0, 2, 0, 0, 2, 0, 2, 2, 2, 0, 1, 1, 0, 1, 0, 0, 2, 0, 0, 0, 2, 1, 2, 0, 1, 1, 2, 1, 0, 0, 0, 1, 2, 0, 1, 0, 2, 1, 2, 1, 1, 0, 0, 2, 1, 0, 1, 1, 0, 2, 2, 1, 2, 0, 1, 0, 0, 0, 2, 0, 2, 0, 1, 1, 0, 0, 2, 2, 1, 2, 0, 1, 0, 1, 0, 2, 0]|[0, 0, 0, 0, 3, 2, 2, 0, 0, 0, 1, 2, 2, 0, 2, 0, 0, 2, 4, 2, 0, 0, 2, 1, 2, 2, 0, 0, 2, 2, 1, 1, 2, 3, 2, 2, 4, 2, 0, 0, 1, 0, 2, 2, 4, 1, 0, 0, 3, 1, 4, 2, 1, 1, 0, 0, 0, 4, 1, 1, 3, 2, 3, 4, 2, 2, 2, 4, 1, 4, 4, 2, 0, 1, 1, 1, 1, 4, 0, 2, 2, 2, 0, 1, 1, 3, 4, 1, 1, 2, 2, 0, 2, 0, 3, 2, 3, 2, 1, 2]|[1, 1, 0, 1, 1, 0, 0, 1, 0, 0, 1, 0, 0, 1, 0, 0, 0, 0, 0, 0, 0, 0, 0, 1, 0, 0, 0, 0, 0, 1, 0, 0, 1, 1, 2, 1, 2, 1, 0, 0, 0, 0, 0, 0, 0, 0, 0, 1, 1, 0, 2, 0, 0, 0, 0, 0, 0, 0, 0, 0, 1, 0, 2, 0, 0, 0, 0, 2, 0, 1, 2, 0, 0, 1, 0, 0, 0, 1, 0, 1, 0, 0, 0, 0, 0, 3, 1, 1, 1, 1, 0, 1, 0, 0, 1, 0, 3, 1, 0, 1]
event=127:G3_TWC:action:mode=exploit,state=1,draw=0.10478386015266439,action=2
event=128:G3_TWC:tournament:reason=action2,left=4,right=0,selected=[66, 68, 55, 92, 86, 48, 24, 89, 70, 13, 60, 50, 93, 15, 25, 52, 1, 59, 76, 67, 65, 17, 77, 75, 28, 26, 35, 36, 94, 95, 41, 6, 7, 0, 79, 33, 46, 58, 32, 88, 54, 71, 53, 29, 56, 8, 49, 39, 34, 14, 37, 72, 38, 23, 40, 98, 69, 27, 47, 80, 91, 16, 84, 44, 57, 90, 97, 63, 96, 10, 83, 2, 62, 31, 11, 73, 74, 99, 64, 81, 5, 87, 61, 78, 12, 9, 19, 45, 85, 18, 20, 82, 30, 21, 42, 22, 43, 51, 4, 3]|[1, 0, 2, 0, 1, 1, 0, 0, 0, 0, 2, 0, 1, 0, 2, 2, 1, 2, 0, 0, 1, 1, 2, 0, 2, 0, 1, 2, 1, 1, 2, 2, 2, 0, 1, 1, 1, 0, 0, 2, 0, 0, 1, 2, 1, 2, 1, 0, 1, 1, 1, 0, 2, 0, 2, 2, 0, 0, 0, 2, 1, 1, 1, 2, 2, 1, 0, 0, 1, 1, 2, 1, 0, 0, 2, 2, 2, 2, 2, 0, 0, 0, 0, 1, 0, 0, 1, 2, 1, 1, 0, 0, 0, 0, 2, 2, 2, 0, 0, 0]|[1, 0, 0, 2, 3, 3, 2, 1, 0, 0, 1, 2, 4, 1, 2, 0, 4, 1, 1, 2, 4, 0, 2, 1, 1, 2, 4, 2, 0, 3, 1, 1, 2, 2, 2, 1, 4, 0, 1, 0, 2, 0, 3, 0, 4, 1, 0, 2, 0, 4, 4, 2, 0, 1, 1, 2, 0, 1, 2, 1, 4, 4, 2, 2, 2, 1, 1, 1, 3, 2, 1, 4, 1, 1, 0, 1, 1, 2, 1, 2, 2, 0, 1, 1, 2, 1, 0, 1, 2, 3, 2, 0, 0, 0, 2, 0, 1, 1, 1, 2]|[0, 1, 0, 1, 1, 3, 0, 0, 1, 0, 1, 0, 1, 1, 0, 0, 0, 0, 1, 0, 2, 1, 0, 1, 1, 0, 3, 0, 3, 3, 0, 0, 1, 0, 2, 1, 2, 1, 0, 0, 0, 0, 1, 0, 0, 0, 0, 1, 3, 2, 3, 0, 0, 1, 1, 0, 0, 0, 1, 0, 3, 2, 3, 1, 1, 1, 1, 0, 1, 0, 0, 2, 1, 1, 0, 0, 0, 1, 0, 1, 0, 1, 0, 1, 0, 1, 2, 0, 1, 2, 0, 0, 0, 0, 0, 1, 0, 0, 1, 0]
event=129:G3_TWC:leader:action=2,fingerprint=[66, 68, 55, 92, 86, 48, 24, 89, 70, 13, 60, 50, 93, 15, 25, 52, 1, 59, 76, 67, 65, 17, 77, 75, 28, 26, 35, 36, 94, 95, 41, 6, 7, 0, 79, 33, 46, 58, 32, 88, 54, 71, 53, 29, 56, 8, 49, 39, 34, 14, 37, 72, 38, 23, 40, 98, 69, 27, 47, 80, 91, 16, 84, 44, 57, 90, 97, 63, 96, 10, 83, 2, 62, 31, 11, 73, 74, 99, 64, 81, 5, 87, 61, 78, 12, 9, 19, 45, 85, 18, 20, 82, 30, 21, 42, 22, 43, 51, 4, 3]|[1, 0, 2, 0, 1, 1, 0, 0, 0, 0, 2, 0, 1, 0, 2, 2, 1, 2, 0, 0, 1, 1, 2, 0, 2, 0, 1, 2, 1, 1, 2, 2, 2, 0, 1, 1, 1, 0, 0, 2, 0, 0, 1, 2, 1, 2, 1, 0, 1, 1, 1, 0, 2, 0, 2, 2, 0, 0, 0, 2, 1, 1, 1, 2, 2, 1, 0, 0, 1, 1, 2, 1, 0, 0, 2, 2, 2, 2, 2, 0, 0, 0, 0, 1, 0, 0, 1, 2, 1, 1, 0, 0, 0, 0, 2, 2, 2, 0, 0, 0]|[1, 0, 0, 2, 3, 3, 2, 1, 0, 0, 1, 2, 4, 1, 2, 0, 4, 1, 1, 2, 4, 0, 2, 1, 1, 2, 4, 2, 0, 3, 1, 1, 2, 2, 2, 1, 4, 0, 1, 0, 2, 0, 3, 0, 4, 1, 0, 2, 0, 4, 4, 2, 0, 1, 1, 2, 0, 1, 2, 1, 4, 4, 2, 2, 2, 1, 1, 1, 3, 2, 1, 4, 1, 1, 0, 1, 1, 2, 1, 2, 2, 0, 1, 1, 2, 1, 0, 1, 2, 3, 2, 0, 0, 0, 2, 0, 1, 1, 1, 2]|[0, 1, 0, 1, 1, 3, 0, 0, 1, 0, 1, 0, 1, 1, 0, 0, 0, 0, 1, 0, 2, 1, 0, 1, 1, 0, 3, 0, 3, 3, 0, 0, 1, 0, 2, 1, 2, 1, 0, 0, 0, 0, 1, 0, 0, 0, 0, 1, 3, 2, 3, 0, 0, 1, 1, 0, 0, 0, 1, 0, 3, 2, 3, 1, 1, 1, 1, 0, 1, 0, 0, 2, 1, 1, 0, 0, 0, 1, 0, 1, 0, 1, 0, 1, 0, 1, 2, 0, 1, 2, 0, 0, 0, 0, 0, 1, 0, 0, 1, 0]
event=130:G1_CMAX:update:state=1,action=2,reward=-87.2125137121111,nextState=1,old=-161.3230808276321,new=-216.2709783742168
event=131:G2_TEC:update:state=1,action=2,reward=-104.3345646673406,nextState=1,old=-1073.2585777413333,new=-962.9414268604073
event=132:G3_TWC:update:state=1,action=2,reward=-11717.847962410044,nextState=1,old=-11624.51616014606,new=-21017.46089052689
event=133:G4_BALANCED:update:state=1,action=2,reward=-0.08663274159565137,nextState=1,old=-0.16595140379093226,new=-0.2193938646283972
event=134:G1_CMAX:action:mode=explore,state=1,draw=0.9459915427666106,action=0
event=135:G1_CMAX:leader:action=0,fingerprint=[66, 68, 55, 92, 86, 48, 24, 89, 70, 13, 60, 50, 93, 15, 25, 52, 1, 59, 76, 67, 65, 17, 77, 75, 28, 26, 35, 36, 94, 95, 41, 6, 7, 0, 79, 33, 46, 58, 32, 88, 54, 71, 53, 29, 56, 8, 49, 39, 34, 14, 37, 72, 38, 23, 40, 98, 69, 27, 47, 80, 73, 63, 83, 44, 57, 11, 5, 96, 2, 16, 45, 51, 42, 3, 90, 81, 64, 21, 87, 19, 18, 9, 84, 30, 12, 43, 61, 78, 74, 62, 82, 31, 20, 91, 99, 10, 97, 85, 22, 4]|[1, 2, 0, 1, 0, 2, 2, 0, 0, 2, 0, 0, 1, 0, 2, 0, 0, 2, 0, 2, 1, 1, 1, 2, 2, 0, 2, 1, 0, 1, 2, 2, 2, 1, 1, 0, 1, 0, 0, 2, 1, 0, 1, 2, 1, 2, 1, 2, 1, 2, 2, 0, 2, 0, 2, 1, 0, 0, 0, 0, 0, 0, 1, 0, 0, 1, 0, 1, 1, 2, 1, 1, 0, 0, 1, 0, 2, 2, 1, 1, 2, 2, 2, 0, 2, 2, 0, 2, 0, 2, 1, 0, 0, 2, 2, 1, 0, 1, 2, 0]|[1, 2, 0, 4, 2, 2, 0, 1, 0, 0, 1, 2, 4, 1, 2, 0, 0, 1, 1, 1, 4, 0, 0, 0, 1, 2, 2, 3, 0, 3, 1, 1, 2, 0, 0, 2, 4, 2, 1, 0, 4, 0, 3, 2, 3, 1, 3, 0, 0, 1, 2, 0, 0, 1, 1, 4, 2, 1, 2, 2, 1, 1, 2, 1, 0, 3, 2, 4, 2, 1, 4, 4, 1, 2, 4, 2, 1, 2, 3, 0, 1, 2, 2, 0, 0, 1, 1, 1, 1, 2, 4, 2, 2, 0, 1, 4, 2, 2, 0, 1]|[0, 0, 0, 0, 1, 0, 0, 0, 0, 0, 0, 0, 1, 1, 0, 0, 0, 0, 1, 0, 2, 1, 1, 0, 1, 0, 0, 3, 0, 3, 0, 0, 1, 0, 0, 1, 2, 1, 0, 0, 3, 0, 1, 0, 1, 0, 0, 1, 3, 1, 0, 1, 0, 0, 1, 3, 1, 0, 1, 1, 0, 0, 0, 1, 0, 0, 1, 1, 2, 0, 1, 2, 0, 0, 1, 1, 0, 0, 0, 3, 0, 0, 1, 0, 1, 0, 0, 0, 0, 0, 2, 1, 0, 0, 0, 0, 0, 1, 1, 1]
event=136:G4_BALANCED:action:mode=exploit,state=1,draw=0.4684817437681932,action=0
event=137:G4_BALANCED:leader:action=0,fingerprint=[66, 68, 55, 92, 86, 48, 24, 89, 70, 13, 60, 50, 93, 15, 25, 52, 1, 59, 76, 67, 65, 17, 77, 75, 28, 26, 35, 36, 94, 95, 41, 6, 7, 0, 79, 33, 46, 58, 32, 88, 54, 71, 53, 29, 56, 8, 49, 39, 34, 14, 37, 72, 38, 23, 40, 98, 69, 27, 47, 80, 73, 63, 83, 44, 57, 11, 5, 96, 2, 16, 45, 51, 42, 3, 90, 81, 64, 21, 87, 19, 18, 9, 84, 30, 12, 43, 61, 78, 74, 62, 82, 31, 20, 91, 99, 10, 97, 85, 22, 4]|[1, 2, 0, 1, 0, 2, 2, 0, 0, 2, 0, 0, 1, 0, 2, 0, 0, 2, 0, 2, 1, 1, 1, 2, 2, 0, 2, 1, 0, 1, 2, 2, 2, 1, 1, 0, 1, 0, 0, 2, 1, 0, 1, 2, 1, 2, 1, 2, 1, 2, 2, 0, 2, 0, 2, 1, 0, 0, 0, 0, 0, 0, 1, 0, 0, 1, 0, 1, 1, 2, 1, 1, 0, 0, 1, 0, 2, 2, 1, 1, 2, 2, 2, 0, 2, 2, 0, 2, 0, 2, 1, 0, 0, 2, 2, 1, 0, 1, 2, 0]|[1, 2, 0, 4, 2, 2, 0, 1, 0, 0, 1, 2, 4, 1, 2, 0, 0, 1, 1, 1, 4, 0, 0, 0, 1, 2, 2, 3, 0, 3, 1, 1, 2, 0, 0, 2, 4, 2, 1, 0, 4, 0, 3, 2, 3, 1, 3, 0, 0, 1, 2, 0, 0, 1, 1, 4, 2, 1, 2, 2, 1, 1, 2, 1, 0, 3, 2, 4, 2, 1, 4, 4, 1, 2, 4, 2, 1, 2, 3, 0, 1, 2, 2, 0, 0, 1, 1, 1, 1, 2, 4, 2, 2, 0, 1, 4, 2, 2, 0, 1]|[0, 0, 0, 0, 1, 0, 0, 0, 0, 0, 0, 0, 1, 1, 0, 0, 0, 0, 1, 0, 2, 1, 1, 0, 1, 0, 0, 3, 0, 3, 0, 0, 1, 0, 0, 1, 2, 1, 0, 0, 3, 0, 1, 0, 1, 0, 0, 1, 3, 1, 0, 1, 0, 0, 1, 3, 1, 0, 1, 1, 0, 0, 0, 1, 0, 0, 1, 1, 2, 0, 1, 2, 0, 0, 1, 1, 0, 0, 0, 3, 0, 0, 1, 0, 1, 0, 0, 0, 0, 0, 2, 1, 0, 0, 0, 0, 0, 1, 1, 1]
event=138:G2_TEC:action:mode=explore,state=1,draw=0.809031103371079,action=0
event=139:G2_TEC:leader:action=0,fingerprint=[66, 68, 55, 92, 86, 48, 24, 89, 70, 13, 60, 50, 93, 15, 25, 52, 1, 59, 76, 67, 65, 17, 77, 75, 28, 26, 35, 36, 94, 95, 41, 6, 7, 0, 79, 33, 46, 58, 32, 88, 54, 71, 53, 29, 56, 8, 49, 39, 34, 14, 37, 72, 38, 23, 40, 98, 69, 27, 47, 80, 73, 63, 83, 44, 57, 11, 5, 96, 2, 22, 61, 9, 51, 84, 90, 21, 78, 42, 30, 81, 3, 19, 99, 91, 12, 43, 85, 10, 97, 18, 74, 4, 82, 62, 64, 20, 31, 16, 87, 45]|[1, 2, 2, 0, 1, 2, 1, 2, 0, 2, 1, 0, 1, 0, 2, 0, 0, 2, 1, 0, 1, 1, 2, 0, 2, 0, 1, 0, 0, 1, 2, 0, 2, 0, 1, 0, 1, 0, 0, 2, 0, 0, 1, 2, 1, 2, 0, 2, 1, 1, 1, 0, 2, 0, 2, 2, 0, 1, 0, 2, 2, 0, 2, 0, 1, 0, 1, 0, 1, 2, 1, 0, 2, 2, 1, 0, 2, 2, 0, 0, 0, 2, 2, 2, 0, 2, 0, 0, 2, 0, 0, 1, 1, 2, 1, 0, 1, 2, 0, 1]|[1, 2, 0, 0, 3, 2, 2, 0, 0, 0, 1, 2, 4, 0, 2, 0, 0, 2, 4, 2, 4, 0, 2, 1, 0, 2, 4, 0, 2, 3, 1, 1, 2, 2, 0, 2, 4, 2, 0, 0, 1, 0, 3, 0, 4, 1, 0, 0, 3, 4, 4, 2, 0, 1, 1, 2, 0, 4, 2, 1, 1, 2, 1, 1, 3, 2, 3, 1, 4, 0, 4, 2, 0, 2, 4, 0, 1, 2, 0, 2, 2, 2, 1, 1, 2, 1, 2, 1, 0, 0, 2, 0, 4, 2, 3, 2, 3, 1, 0, 3]|[0, 0, 0, 1, 1, 0, 0, 1, 0, 0, 3, 0, 1, 1, 0, 0, 0, 0, 0, 0, 2, 1, 0, 1, 1, 0, 3, 1, 0, 3, 0, 0, 1, 0, 0, 1, 2, 1, 0, 0, 0, 0, 1, 0, 0, 0, 0, 1, 1, 2, 2, 0, 0, 0, 1, 0, 0, 0, 1, 0, 0, 1, 0, 1, 3, 0, 0, 1, 2, 1, 2, 0, 0, 1, 1, 0, 0, 0, 0, 1, 0, 0, 0, 0, 0, 0, 0, 1, 0, 0, 0, 1, 2, 0, 1, 0, 3, 0, 1, 2]
event=140:G3_TWC:action:mode=exploit,state=1,draw=0.4350008175831577,action=0
event=141:G3_TWC:leader:action=0,fingerprint=[66, 68, 55, 92, 86, 48, 24, 89, 70, 13, 60, 50, 93, 15, 25, 52, 1, 59, 76, 67, 65, 17, 77, 75, 28, 26, 35, 36, 94, 95, 41, 6, 7, 0, 79, 33, 46, 58, 32, 88, 54, 71, 53, 29, 56, 8, 49, 39, 34, 14, 37, 72, 38, 23, 40, 98, 69, 27, 47, 80, 73, 63, 83, 44, 57, 11, 5, 96, 2, 16, 45, 51, 42, 3, 90, 81, 64, 21, 87, 19, 18, 9, 84, 30, 12, 43, 61, 78, 74, 62, 82, 31, 20, 91, 99, 10, 97, 85, 22, 4]|[1, 2, 0, 1, 0, 2, 2, 0, 0, 2, 0, 0, 1, 0, 2, 0, 0, 2, 0, 2, 1, 1, 1, 2, 2, 0, 2, 1, 0, 1, 2, 2, 2, 1, 1, 0, 1, 0, 0, 2, 1, 0, 1, 2, 1, 2, 1, 2, 1, 2, 2, 0, 2, 0, 2, 1, 0, 0, 0, 0, 0, 0, 1, 0, 0, 1, 0, 1, 1, 2, 1, 1, 0, 0, 1, 0, 2, 2, 1, 1, 2, 2, 2, 0, 2, 2, 0, 2, 0, 2, 1, 0, 0, 2, 2, 1, 0, 1, 2, 0]|[1, 2, 0, 4, 2, 2, 0, 1, 0, 0, 1, 2, 4, 1, 2, 0, 0, 1, 1, 1, 4, 0, 0, 0, 1, 2, 2, 3, 0, 3, 1, 1, 2, 0, 0, 2, 4, 2, 1, 0, 4, 0, 3, 2, 3, 1, 3, 0, 0, 1, 2, 0, 0, 1, 1, 4, 2, 1, 2, 2, 1, 1, 2, 1, 0, 3, 2, 4, 2, 1, 4, 4, 1, 2, 4, 2, 1, 2, 3, 0, 1, 2, 2, 0, 0, 1, 1, 1, 1, 2, 4, 2, 2, 0, 1, 4, 2, 2, 0, 1]|[0, 0, 0, 0, 1, 0, 0, 0, 0, 0, 0, 0, 1, 1, 0, 0, 0, 0, 1, 0, 2, 1, 1, 0, 1, 0, 0, 3, 0, 3, 0, 0, 1, 0, 0, 1, 2, 1, 0, 0, 3, 0, 1, 0, 1, 0, 0, 1, 3, 1, 0, 1, 0, 0, 1, 3, 1, 0, 1, 1, 0, 0, 0, 1, 0, 0, 1, 1, 2, 0, 1, 2, 0, 0, 1, 1, 0, 0, 0, 3, 0, 0, 1, 0, 1, 0, 0, 0, 0, 0, 2, 1, 0, 0, 0, 0, 0, 1, 1, 1]
event=142:G1_CMAX:update:state=1,action=0,reward=-117.38048815515356,nextState=1,old=-240.4492128323419,new=-256.71858226597203
event=143:G2_TEC:update:state=1,action=0,reward=-472.9497046454853,nextState=1,old=-1074.9459728843028,new=-1243.3028461338113
event=144:G3_TWC:update:state=1,action=0,reward=-8406.607997326937,nextState=1,old=-15739.215140766162,new=-20997.98010993987
event=145:G4_BALANCED:update:state=1,action=0,reward=-0.10157395468544744,nextState=1,old=-0.16672545197051214,new=-0.23495431626185717
event=146:G1_CMAX:action:mode=exploit,state=1,draw=0.6705669680678193,action=1
event=147:G1_CMAX:leader:action=1,fingerprint=[66, 68, 55, 92, 20, 60, 97, 79, 3, 52, 7, 87, 67, 36, 71, 13, 1, 59, 76, 93, 65, 17, 77, 75, 28, 26, 35, 15, 94, 95, 41, 80, 4, 48, 16, 62, 11, 69, 32, 88, 54, 25, 53, 29, 56, 8, 49, 39, 34, 14, 37, 72, 38, 23, 40, 98, 58, 82, 47, 6, 73, 63, 83, 24, 70, 85, 42, 27, 61, 22, 2, 9, 51, 18, 5, 21, 78, 90, 99, 33, 45, 84, 81, 31, 91, 57, 10, 44, 64, 43, 30, 50, 89, 46, 74, 19, 96, 12, 86, 0]|[1, 1, 0, 2, 1, 2, 0, 1, 0, 1, 1, 1, 0, 1, 1, 1, 1, 2, 0, 2, 1, 2, 0, 1, 2, 2, 2, 2, 1, 1, 2, 0, 2, 1, 1, 1, 1, 0, 0, 2, 0, 1, 1, 2, 2, 1, 1, 1, 2, 2, 1, 2, 0, 2, 1, 2, 0, 1, 0, 0, 1, 0, 2, 1, 2, 1, 0, 2, 0, 1, 1, 0, 0, 0, 1, 2, 0, 2, 0, 0, 0, 1, 0, 0, 2, 2, 1, 0, 2, 2, 0, 2, 2, 0, 1, 1, 0, 0, 0, 1]|[1, 0, 0, 1, 3, 2, 1, 4, 2, 4, 1, 2, 1, 3, 4, 1, 4, 2, 1, 1, 4, 0, 1, 0, 1, 1, 2, 0, 3, 3, 0, 1, 2, 0, 2, 3, 4, 0, 1, 0, 1, 0, 3, 0, 0, 3, 3, 0, 1, 2, 4, 0, 1, 2, 0, 2, 0, 2, 1, 1, 0, 2, 2, 2, 1, 3, 2, 1, 1, 4, 4, 2, 0, 2, 0, 1, 1, 0, 2, 2, 0, 2, 2, 1, 0, 2, 0, 1, 1, 0, 0, 0, 1, 1, 3, 0, 1, 1, 2, 0]|[0, 2, 0, 1, 1, 0, 1, 0, 0, 1, 3, 3, 0, 0, 0, 3, 0, 0, 1, 0, 2, 0, 0, 2, 1, 1, 0, 0, 0, 3, 0, 0, 1, 0, 2, 3, 0, 1, 0, 0, 0, 3, 1, 0, 0, 1, 0, 1, 0, 0, 2, 0, 0, 0, 0, 0, 1, 3, 0, 0, 0, 1, 0, 1, 1, 3, 0, 0, 0, 2, 2, 1, 0, 0, 0, 0, 0, 0, 0, 1, 0, 3, 1, 1, 0, 1, 2, 1, 0, 0, 0, 1, 1, 0, 3, 3, 1, 0, 0, 1]
event=148:G4_BALANCED:action:mode=exploit,state=1,draw=0.5885194773686865,action=1
event=149:G4_BALANCED:leader:action=1,fingerprint=[66, 68, 55, 92, 86, 48, 24, 89, 70, 13, 60, 50, 93, 15, 25, 52, 1, 59, 76, 67, 65, 17, 77, 75, 28, 26, 35, 36, 94, 95, 41, 6, 7, 0, 79, 33, 46, 58, 32, 88, 54, 71, 53, 29, 56, 8, 49, 39, 34, 14, 37, 72, 38, 23, 40, 98, 69, 27, 47, 80, 73, 63, 83, 44, 57, 11, 5, 96, 2, 16, 45, 51, 42, 3, 90, 81, 64, 21, 87, 19, 18, 9, 84, 30, 12, 43, 61, 78, 74, 62, 82, 31, 20, 91, 99, 10, 97, 85, 22, 4]|[1, 2, 0, 1, 0, 2, 2, 0, 0, 2, 0, 0, 1, 0, 2, 0, 0, 2, 0, 2, 1, 1, 1, 2, 2, 0, 2, 1, 0, 1, 2, 2, 2, 1, 1, 0, 1, 0, 0, 2, 1, 0, 1, 2, 1, 2, 1, 2, 1, 2, 2, 0, 2, 0, 2, 1, 0, 0, 0, 0, 0, 0, 1, 0, 0, 1, 0, 1, 1, 2, 1, 1, 0, 0, 1, 0, 2, 2, 1, 1, 2, 2, 2, 0, 2, 2, 0, 2, 0, 2, 1, 0, 0, 2, 2, 1, 0, 1, 2, 0]|[1, 2, 0, 4, 2, 2, 0, 1, 0, 0, 1, 2, 4, 1, 2, 0, 0, 1, 1, 1, 4, 0, 0, 0, 1, 2, 2, 3, 0, 3, 1, 1, 2, 0, 0, 2, 4, 2, 1, 0, 4, 0, 3, 2, 3, 1, 3, 0, 0, 1, 2, 0, 0, 1, 1, 4, 2, 1, 2, 2, 1, 1, 2, 1, 0, 3, 2, 4, 2, 1, 4, 4, 1, 2, 4, 2, 1, 2, 3, 0, 1, 2, 2, 0, 0, 1, 1, 1, 1, 2, 4, 2, 2, 0, 1, 4, 2, 2, 0, 1]|[0, 0, 0, 0, 1, 0, 0, 0, 0, 0, 0, 0, 1, 1, 0, 0, 0, 0, 1, 0, 2, 1, 1, 0, 1, 0, 0, 3, 0, 3, 0, 0, 1, 0, 0, 1, 2, 1, 0, 0, 3, 0, 1, 0, 1, 0, 0, 1, 3, 1, 0, 1, 0, 0, 1, 3, 1, 0, 1, 1, 0, 0, 0, 1, 0, 0, 1, 1, 2, 0, 1, 2, 0, 0, 1, 1, 0, 0, 0, 3, 0, 0, 1, 0, 1, 0, 0, 0, 0, 0, 2, 1, 0, 0, 0, 0, 0, 1, 1, 1]
event=150:G2_TEC:action:mode=exploit,state=1,draw=0.1943955658619908,action=2
event=151:G2_TEC:tournament:reason=action2,left=0,right=15,selected=[66, 68, 55, 92, 86, 48, 24, 89, 70, 13, 60, 50, 93, 15, 25, 52, 1, 59, 76, 67, 65, 17, 77, 75, 28, 26, 35, 36, 94, 95, 41, 6, 7, 0, 79, 33, 46, 58, 32, 88, 54, 71, 53, 29, 56, 8, 49, 39, 34, 14, 37, 72, 38, 23, 40, 98, 69, 27, 47, 80, 73, 63, 83, 44, 57, 11, 5, 96, 2, 16, 45, 51, 42, 3, 90, 81, 64, 21, 87, 19, 18, 9, 84, 30, 12, 43, 61, 78, 74, 62, 82, 31, 20, 91, 99, 10, 97, 85, 22, 4]|[1, 2, 0, 1, 0, 2, 2, 0, 0, 2, 0, 0, 1, 0, 2, 0, 0, 2, 0, 2, 1, 1, 1, 2, 2, 0, 2, 1, 0, 1, 2, 2, 2, 1, 1, 0, 1, 0, 0, 2, 1, 0, 1, 2, 1, 2, 1, 2, 1, 2, 2, 0, 2, 0, 2, 1, 0, 0, 0, 0, 0, 0, 1, 0, 0, 1, 0, 1, 1, 2, 1, 1, 0, 0, 1, 0, 2, 2, 1, 1, 2, 2, 2, 0, 2, 2, 0, 2, 0, 2, 1, 0, 0, 2, 2, 1, 0, 1, 2, 0]|[1, 2, 0, 4, 2, 2, 0, 1, 0, 0, 1, 2, 4, 1, 2, 0, 0, 1, 1, 1, 4, 0, 0, 0, 1, 2, 2, 3, 0, 3, 1, 1, 2, 0, 0, 2, 4, 2, 1, 0, 4, 0, 3, 2, 3, 1, 3, 0, 0, 1, 2, 0, 0, 1, 1, 4, 2, 1, 2, 2, 1, 1, 2, 1, 0, 3, 2, 4, 2, 1, 4, 4, 1, 2, 4, 2, 1, 2, 3, 0, 1, 2, 2, 0, 0, 1, 1, 1, 1, 2, 4, 2, 2, 0, 1, 4, 2, 2, 0, 1]|[0, 0, 0, 0, 1, 0, 0, 0, 0, 0, 0, 0, 1, 1, 0, 0, 0, 0, 1, 0, 2, 1, 1, 0, 1, 0, 0, 3, 0, 3, 0, 0, 1, 0, 0, 1, 2, 1, 0, 0, 3, 0, 1, 0, 1, 0, 0, 1, 3, 1, 0, 1, 0, 0, 1, 3, 1, 0, 1, 1, 0, 0, 0, 1, 0, 0, 1, 1, 2, 0, 1, 2, 0, 0, 1, 1, 0, 0, 0, 3, 0, 0, 1, 0, 1, 0, 0, 0, 0, 0, 2, 1, 0, 0, 0, 0, 0, 1, 1, 1]
event=152:G2_TEC:leader:action=2,fingerprint=[66, 68, 55, 92, 86, 48, 24, 89, 70, 13, 60, 50, 93, 15, 25, 52, 1, 59, 76, 67, 65, 17, 77, 75, 28, 26, 35, 36, 94, 95, 41, 6, 7, 0, 79, 33, 46, 58, 32, 88, 54, 71, 53, 29, 56, 8, 49, 39, 34, 14, 37, 72, 38, 23, 40, 98, 69, 27, 47, 80, 73, 63, 83, 44, 57, 11, 5, 96, 2, 16, 45, 51, 42, 3, 90, 81, 64, 21, 87, 19, 18, 9, 84, 30, 12, 43, 61, 78, 74, 62, 82, 31, 20, 91, 99, 10, 97, 85, 22, 4]|[1, 2, 0, 1, 0, 2, 2, 0, 0, 2, 0, 0, 1, 0, 2, 0, 0, 2, 0, 2, 1, 1, 1, 2, 2, 0, 2, 1, 0, 1, 2, 2, 2, 1, 1, 0, 1, 0, 0, 2, 1, 0, 1, 2, 1, 2, 1, 2, 1, 2, 2, 0, 2, 0, 2, 1, 0, 0, 0, 0, 0, 0, 1, 0, 0, 1, 0, 1, 1, 2, 1, 1, 0, 0, 1, 0, 2, 2, 1, 1, 2, 2, 2, 0, 2, 2, 0, 2, 0, 2, 1, 0, 0, 2, 2, 1, 0, 1, 2, 0]|[1, 2, 0, 4, 2, 2, 0, 1, 0, 0, 1, 2, 4, 1, 2, 0, 0, 1, 1, 1, 4, 0, 0, 0, 1, 2, 2, 3, 0, 3, 1, 1, 2, 0, 0, 2, 4, 2, 1, 0, 4, 0, 3, 2, 3, 1, 3, 0, 0, 1, 2, 0, 0, 1, 1, 4, 2, 1, 2, 2, 1, 1, 2, 1, 0, 3, 2, 4, 2, 1, 4, 4, 1, 2, 4, 2, 1, 2, 3, 0, 1, 2, 2, 0, 0, 1, 1, 1, 1, 2, 4, 2, 2, 0, 1, 4, 2, 2, 0, 1]|[0, 0, 0, 0, 1, 0, 0, 0, 0, 0, 0, 0, 1, 1, 0, 0, 0, 0, 1, 0, 2, 1, 1, 0, 1, 0, 0, 3, 0, 3, 0, 0, 1, 0, 0, 1, 2, 1, 0, 0, 3, 0, 1, 0, 1, 0, 0, 1, 3, 1, 0, 1, 0, 0, 1, 3, 1, 0, 1, 1, 0, 0, 0, 1, 0, 0, 1, 1, 2, 0, 1, 2, 0, 0, 1, 1, 0, 0, 0, 3, 0, 0, 1, 0, 1, 0, 0, 0, 0, 0, 2, 1, 0, 0, 0, 0, 0, 1, 1, 1]
event=153:G3_TWC:action:mode=exploit,state=1,draw=0.7263040439738128,action=1
event=154:G3_TWC:leader:action=1,fingerprint=[66, 68, 55, 92, 86, 48, 24, 89, 70, 13, 60, 50, 93, 15, 25, 52, 1, 59, 76, 67, 65, 17, 77, 75, 28, 26, 35, 36, 94, 95, 41, 6, 7, 0, 79, 33, 46, 58, 32, 88, 54, 71, 53, 29, 56, 8, 49, 39, 34, 14, 37, 72, 38, 23, 40, 98, 69, 27, 47, 80, 73, 63, 83, 44, 57, 11, 5, 96, 2, 16, 45, 51, 42, 3, 90, 81, 64, 21, 87, 19, 18, 9, 84, 30, 12, 43, 61, 78, 74, 62, 82, 31, 20, 91, 99, 10, 97, 85, 22, 4]|[1, 2, 0, 1, 0, 2, 2, 0, 0, 2, 0, 0, 1, 0, 2, 0, 0, 2, 0, 2, 1, 1, 1, 2, 2, 0, 2, 1, 0, 1, 2, 2, 2, 1, 1, 0, 1, 0, 0, 2, 1, 0, 1, 2, 1, 2, 1, 2, 1, 2, 2, 0, 2, 0, 2, 1, 0, 0, 0, 0, 0, 0, 1, 0, 0, 1, 0, 1, 1, 2, 1, 1, 0, 0, 1, 0, 2, 2, 1, 1, 2, 2, 2, 0, 2, 2, 0, 2, 0, 2, 1, 0, 0, 2, 2, 1, 0, 1, 2, 0]|[1, 2, 0, 4, 2, 2, 0, 1, 0, 0, 1, 2, 4, 1, 2, 0, 0, 1, 1, 1, 4, 0, 0, 0, 1, 2, 2, 3, 0, 3, 1, 1, 2, 0, 0, 2, 4, 2, 1, 0, 4, 0, 3, 2, 3, 1, 3, 0, 0, 1, 2, 0, 0, 1, 1, 4, 2, 1, 2, 2, 1, 1, 2, 1, 0, 3, 2, 4, 2, 1, 4, 4, 1, 2, 4, 2, 1, 2, 3, 0, 1, 2, 2, 0, 0, 1, 1, 1, 1, 2, 4, 2, 2, 0, 1, 4, 2, 2, 0, 1]|[0, 0, 0, 0, 1, 0, 0, 0, 0, 0, 0, 0, 1, 1, 0, 0, 0, 0, 1, 0, 2, 1, 1, 0, 1, 0, 0, 3, 0, 3, 0, 0, 1, 0, 0, 1, 2, 1, 0, 0, 3, 0, 1, 0, 1, 0, 0, 1, 3, 1, 0, 1, 0, 0, 1, 3, 1, 0, 1, 1, 0, 0, 0, 1, 0, 0, 1, 1, 2, 0, 1, 2, 0, 0, 1, 1, 0, 0, 0, 3, 0, 0, 1, 0, 1, 0, 0, 0, 0, 0, 2, 1, 0, 0, 0, 0, 0, 1, 1, 1]
event=155:G1_CMAX:update:state=1,action=1,reward=-135.07231530865522,nextState=1,old=-174.17261763852304,new=-274.4104094194737
event=156:G2_TEC:update:state=1,action=2,reward=-247.51459648724267,nextState=1,old=-962.9414268604073,new=-1017.8677379755686
event=157:G3_TWC:update:state=1,action=1,reward=-3688.472491114313,nextState=1,old=-19714.56444597252,new=-19460.12404789233
event=158:G4_BALANCED:update:state=1,action=1,reward=-0.07983821897026074,nextState=1,old=-0.2140178872642215,new=-0.2510525287816379
event=159:G1_CMAX:action:mode=exploit,state=1,draw=0.07888882443120282,action=2
event=160:G1_CMAX:tournament:reason=action2,left=11,right=13,selected=[66, 68, 55, 92, 86, 48, 24, 89, 70, 13, 60, 50, 93, 15, 25, 52, 1, 59, 76, 67, 65, 17, 77, 75, 28, 26, 35, 36, 94, 95, 41, 6, 7, 0, 79, 33, 46, 58, 32, 88, 54, 71, 53, 29, 56, 8, 49, 39, 34, 14, 37, 72, 38, 23, 40, 98, 19, 5, 45, 22, 27, 64, 18, 11, 31, 85, 42, 82, 2, 16, 47, 51, 73, 3, 90, 99, 69, 87, 83, 20, 80, 81, 97, 12, 43, 21, 10, 9, 74, 84, 61, 96, 62, 78, 63, 30, 57, 4, 44, 91]|[1, 0, 0, 0, 2, 0, 1, 1, 0, 1, 2, 0, 1, 1, 2, 0, 1, 2, 0, 2, 0, 1, 0, 1, 2, 2, 0, 2, 1, 1, 2, 1, 0, 1, 1, 0, 1, 2, 0, 2, 0, 0, 1, 2, 1, 1, 1, 0, 1, 1, 0, 0, 0, 0, 2, 2, 0, 1, 0, 2, 1, 2, 0, 1, 0, 0, 2, 1, 1, 2, 2, 2, 1, 0, 1, 2, 0, 0, 1, 2, 2, 0, 1, 0, 0, 0, 0, 2, 0, 1, 0, 1, 2, 2, 2, 2, 0, 0, 0, 1]|[1, 2, 0, 2, 0, 2, 2, 4, 0, 4, 1, 2, 4, 3, 2, 0, 4, 1, 1, 2, 2, 0, 1, 1, 0, 2, 0, 0, 3, 3, 1, 4, 1, 0, 2, 2, 4, 2, 1, 0, 1, 0, 4, 2, 3, 2, 3, 2, 3, 4, 1, 2, 2, 1, 1, 0, 2, 0, 0, 0, 0, 2, 0, 0, 0, 1, 2, 4, 4, 1, 2, 2, 1, 2, 4, 1, 2, 0, 2, 2, 0, 2, 4, 2, 0, 0, 1, 0, 1, 4, 1, 4, 1, 1, 2, 1, 0, 1, 0, 1]|[0, 0, 0, 1, 0, 0, 0, 0, 0, 1, 1, 0, 1, 0, 0, 0, 0, 0, 1, 0, 0, 1, 1, 2, 1, 0, 0, 0, 3, 3, 0, 2, 1, 0, 2, 1, 2, 1, 0, 0, 0, 0, 0, 0, 1, 2, 0, 1, 1, 2, 0, 0, 0, 0, 1, 0, 0, 0, 0, 1, 0, 0, 0, 0, 0, 0, 0, 2, 2, 0, 0, 0, 3, 0, 1, 0, 0, 1, 2, 0, 1, 1, 1, 0, 0, 0, 1, 0, 0, 1, 0, 2, 0, 0, 0, 0, 0, 1, 1, 0]
event=161:G1_CMAX:leader:action=2,fingerprint=[66, 68, 55, 92, 86, 48, 24, 89, 70, 13, 60, 50, 93, 15, 25, 52, 1, 59, 76, 67, 65, 17, 77, 75, 28, 26, 35, 36, 94, 95, 41, 6, 7, 0, 79, 33, 46, 58, 32, 88, 54, 71, 53, 29, 56, 8, 49, 39, 34, 14, 37, 72, 38, 23, 40, 98, 19, 5, 45, 22, 27, 64, 18, 11, 31, 85, 42, 82, 2, 16, 47, 51, 73, 3, 90, 99, 69, 87, 83, 20, 80, 81, 97, 12, 43, 21, 10, 9, 74, 84, 61, 96, 62, 78, 63, 30, 57, 4, 44, 91]|[1, 0, 0, 0, 2, 0, 1, 1, 0, 1, 2, 0, 1, 1, 2, 0, 1, 2, 0, 2, 0, 1, 0, 1, 2, 2, 0, 2, 1, 1, 2, 1, 0, 1, 1, 0, 1, 2, 0, 2, 0, 0, 1, 2, 1, 1, 1, 0, 1, 1, 0, 0, 0, 0, 2, 2, 0, 1, 0, 2, 1, 2, 0, 1, 0, 0, 2, 1, 1, 2, 2, 2, 1, 0, 1, 2, 0, 0, 1, 2, 2, 0, 1, 0, 0, 0, 0, 2, 0, 1, 0, 1, 2, 2, 2, 2, 0, 0, 0, 1]|[1, 2, 0, 2, 0, 2, 2, 4, 0, 4, 1, 2, 4, 3, 2, 0, 4, 1, 1, 2, 2, 0, 1, 1, 0, 2, 0, 0, 3, 3, 1, 4, 1, 0, 2, 2, 4, 2, 1, 0, 1, 0, 4, 2, 3, 2, 3, 2, 3, 4, 1, 2, 2, 1, 1, 0, 2, 0, 0, 0, 0, 2, 0, 0, 0, 1, 2, 4, 4, 1, 2, 2, 1, 2, 4, 1, 2, 0, 2, 2, 0, 2, 4, 2, 0, 0, 1, 0, 1, 4, 1, 4, 1, 1, 2, 1, 0, 1, 0, 1]|[0, 0, 0, 1, 0, 0, 0, 0, 0, 1, 1, 0, 1, 0, 0, 0, 0, 0, 1, 0, 0, 1, 1, 2, 1, 0, 0, 0, 3, 3, 0, 2, 1, 0, 2, 1, 2, 1, 0, 0, 0, 0, 0, 0, 1, 2, 0, 1, 1, 2, 0, 0, 0, 0, 1, 0, 0, 0, 0, 1, 0, 0, 0, 0, 0, 0, 0, 2, 2, 0, 0, 0, 3, 0, 1, 0, 0, 1, 2, 0, 1, 1, 1, 0, 0, 0, 1, 0, 0, 1, 0, 2, 0, 0, 0, 0, 0, 1, 1, 0]
event=162:G4_BALANCED:action:mode=exploit,state=1,draw=0.36673080630204447,action=2
event=163:G4_BALANCED:tournament:reason=action2,left=17,right=3,selected=[66, 68, 55, 92, 20, 60, 97, 79, 70, 13, 48, 50, 93, 15, 25, 52, 1, 59, 76, 67, 65, 17, 77, 75, 28, 26, 35, 36, 94, 95, 41, 6, 7, 0, 89, 33, 46, 58, 32, 88, 54, 71, 16, 98, 56, 8, 49, 39, 34, 14, 37, 72, 38, 23, 73, 29, 19, 5, 45, 22, 27, 64, 18, 11, 31, 85, 42, 82, 61, 80, 2, 9, 51, 83, 91, 21, 78, 86, 40, 47, 87, 53, 62, 63, 99, 57, 10, 44, 3, 43, 30, 81, 84, 24, 74, 69, 96, 12, 90, 4]|[1, 1, 2, 0, 1, 2, 1, 1, 0, 1, 2, 0, 1, 0, 1, 0, 1, 2, 1, 2, 1, 2, 2, 0, 2, 2, 0, 2, 0, 1, 2, 1, 2, 1, 2, 0, 1, 0, 0, 1, 0, 0, 2, 2, 2, 1, 1, 0, 2, 2, 1, 0, 2, 0, 1, 2, 0, 1, 0, 1, 1, 0, 2, 1, 0, 1, 2, 1, 0, 0, 1, 0, 0, 1, 1, 0, 1, 2, 1, 0, 0, 0, 2, 0, 0, 1, 0, 0, 0, 2, 2, 0, 2, 1, 0, 2, 2, 0, 1, 0]|[1, 1, 0, 0, 3, 2, 4, 2, 0, 1, 2, 2, 4, 0, 0, 0, 4, 2, 4, 2, 0, 0, 2, 1, 1, 1, 0, 0, 0, 3, 1, 4, 2, 0, 1, 2, 4, 2, 1, 2, 1, 0, 1, 0, 0, 2, 3, 2, 0, 2, 4, 2, 0, 1, 0, 1, 2, 0, 0, 4, 3, 1, 1, 4, 0, 3, 2, 4, 1, 2, 4, 2, 0, 2, 4, 2, 1, 1, 0, 1, 2, 0, 1, 1, 0, 3, 1, 1, 2, 0, 1, 2, 0, 2, 2, 2, 2, 2, 3, 1]|[0, 2, 0, 1, 3, 0, 1, 2, 0, 3, 0, 0, 1, 1, 3, 0, 0, 0, 0, 0, 0, 0, 0, 1, 1, 1, 0, 0, 0, 3, 0, 2, 0, 0, 1, 1, 2, 1, 0, 3, 0, 0, 0, 0, 0, 2, 0, 1, 0, 0, 2, 0, 0, 0, 0, 0, 1, 0, 0, 2, 1, 0, 1, 0, 0, 3, 0, 2, 0, 1, 2, 1, 0, 2, 1, 0, 1, 0, 0, 0, 0, 0, 0, 1, 0, 3, 1, 1, 0, 0, 0, 1, 1, 0, 0, 0, 0, 0, 3, 1]
event=164:G4_BALANCED:leader:action=2,fingerprint=[66, 68, 55, 92, 20, 60, 97, 79, 70, 13, 48, 50, 93, 15, 25, 52, 1, 59, 76, 67, 65, 17, 77, 75, 28, 26, 35, 36, 94, 95, 41, 6, 7, 0, 89, 33, 46, 58, 32, 88, 54, 71, 16, 98, 56, 8, 49, 39, 34, 14, 37, 72, 38, 23, 73, 29, 19, 5, 45, 22, 27, 64, 18, 11, 31, 85, 42, 82, 61, 80, 2, 9, 51, 83, 91, 21, 78, 86, 40, 47, 87, 53, 62, 63, 99, 57, 10, 44, 3, 43, 30, 81, 84, 24, 74, 69, 96, 12, 90, 4]|[1, 1, 2, 0, 1, 2, 1, 1, 0, 1, 2, 0, 1, 0, 1, 0, 1, 2, 1, 2, 1, 2, 2, 0, 2, 2, 0, 2, 0, 1, 2, 1, 2, 1, 2, 0, 1, 0, 0, 1, 0, 0, 2, 2, 2, 1, 1, 0, 2, 2, 1, 0, 2, 0, 1, 2, 0, 1, 0, 1, 1, 0, 2, 1, 0, 1, 2, 1, 0, 0, 1, 0, 0, 1, 1, 0, 1, 2, 1, 0, 0, 0, 2, 0, 0, 1, 0, 0, 0, 2, 2, 0, 2, 1, 0, 2, 2, 0, 1, 0]|[1, 1, 0, 0, 3, 2, 4, 2, 0, 1, 2, 2, 4, 0, 0, 0, 4, 2, 4, 2, 0, 0, 2, 1, 1, 1, 0, 0, 0, 3, 1, 4, 2, 0, 1, 2, 4, 2, 1, 2, 1, 0, 1, 0, 0, 2, 3, 2, 0, 2, 4, 2, 0, 1, 0, 1, 2, 0, 0, 4, 3, 1, 1, 4, 0, 3, 2, 4, 1, 2, 4, 2, 0, 2, 4, 2, 1, 1, 0, 1, 2, 0, 1, 1, 0, 3, 1, 1, 2, 0, 1, 2, 0, 2, 2, 2, 2, 2, 3, 1]|[0, 2, 0, 1, 3, 0, 1, 2, 0, 3, 0, 0, 1, 1, 3, 0, 0, 0, 0, 0, 0, 0, 0, 1, 1, 1, 0, 0, 0, 3, 0, 2, 0, 0, 1, 1, 2, 1, 0, 3, 0, 0, 0, 0, 0, 2, 0, 1, 0, 0, 2, 0, 0, 0, 0, 0, 1, 0, 0, 2, 1, 0, 1, 0, 0, 3, 0, 2, 0, 1, 2, 1, 0, 2, 1, 0, 1, 0, 0, 0, 0, 0, 0, 1, 0, 3, 1, 1, 0, 0, 0, 1, 1, 0, 0, 0, 0, 0, 3, 1]
event=165:G2_TEC:action:mode=exploit,state=1,draw=0.3815542079839016,action=2
event=166:G2_TEC:tournament:reason=action2,left=4,right=11,selected=[66, 68, 55, 92, 86, 48, 24, 89, 70, 13, 60, 50, 93, 15, 25, 52, 1, 59, 76, 67, 65, 17, 77, 75, 28, 26, 35, 36, 94, 95, 41, 6, 7, 0, 79, 33, 46, 58, 32, 88, 54, 71, 53, 98, 56, 8, 49, 39, 34, 14, 37, 72, 38, 23, 73, 29, 19, 5, 45, 22, 27, 64, 18, 11, 31, 85, 42, 82, 61, 80, 2, 9, 47, 3, 96, 81, 40, 51, 87, 62, 90, 69, 21, 4, 63, 10, 20, 16, 44, 43, 83, 91, 74, 97, 57, 78, 30, 99, 84, 12]|[0, 0, 0, 0, 1, 2, 2, 1, 0, 1, 2, 0, 1, 0, 2, 0, 0, 2, 1, 0, 1, 2, 2, 1, 2, 0, 1, 0, 0, 1, 2, 0, 0, 0, 1, 1, 1, 0, 2, 0, 1, 0, 1, 2, 1, 1, 0, 0, 1, 2, 0, 0, 0, 0, 1, 2, 0, 2, 0, 2, 1, 2, 1, 1, 0, 1, 1, 1, 0, 1, 2, 2, 1, 0, 2, 1, 1, 1, 0, 0, 1, 0, 2, 0, 0, 0, 2, 1, 1, 2, 0, 2, 0, 1, 1, 2, 0, 0, 2, 1]|[0, 2, 0, 0, 3, 2, 0, 4, 0, 0, 1, 2, 4, 0, 2, 0, 0, 2, 4, 1, 0, 0, 2, 1, 1, 2, 1, 0, 0, 3, 1, 1, 2, 0, 2, 1, 4, 2, 2, 2, 4, 0, 3, 0, 4, 4, 2, 0, 3, 1, 1, 2, 1, 1, 0, 2, 0, 1, 0, 1, 3, 1, 2, 4, 2, 4, 1, 4, 1, 4, 1, 2, 4, 2, 2, 4, 1, 4, 0, 0, 4, 0, 1, 0, 2, 1, 2, 3, 4, 1, 0, 2, 0, 2, 3, 1, 0, 0, 2, 2]|[1, 0, 0, 1, 1, 0, 0, 0, 0, 2, 1, 0, 1, 1, 0, 0, 0, 0, 0, 0, 0, 0, 0, 2, 1, 0, 0, 1, 0, 3, 0, 0, 1, 1, 2, 1, 2, 1, 0, 1, 3, 0, 1, 0, 0, 1, 0, 0, 1, 0, 0, 0, 0, 1, 0, 0, 0, 0, 0, 1, 1, 0, 0, 1, 0, 2, 1, 2, 0, 1, 0, 0, 2, 0, 0, 1, 1, 2, 0, 0, 1, 0, 0, 0, 1, 1, 0, 1, 2, 0, 0, 0, 0, 3, 3, 0, 0, 1, 1, 2]
event=167:G2_TEC:leader:action=2,fingerprint=[66, 68, 55, 92, 86, 48, 24, 89, 70, 13, 60, 50, 93, 15, 25, 52, 1, 59, 76, 67, 65, 17, 77, 75, 28, 26, 35, 36, 94, 95, 41, 6, 7, 0, 79, 33, 46, 58, 32, 88, 54, 71, 53, 98, 56, 8, 49, 39, 34, 14, 37, 72, 38, 23, 73, 29, 19, 5, 45, 22, 27, 64, 18, 11, 31, 85, 42, 82, 61, 80, 2, 9, 47, 3, 96, 81, 40, 51, 87, 62, 90, 69, 21, 4, 63, 10, 20, 16, 44, 43, 83, 91, 74, 97, 57, 78, 30, 99, 84, 12]|[0, 0, 0, 0, 1, 2, 2, 1, 0, 1, 2, 0, 1, 0, 2, 0, 0, 2, 1, 0, 1, 2, 2, 1, 2, 0, 1, 0, 0, 1, 2, 0, 0, 0, 1, 1, 1, 0, 2, 0, 1, 0, 1, 2, 1, 1, 0, 0, 1, 2, 0, 0, 0, 0, 1, 2, 0, 2, 0, 2, 1, 2, 1, 1, 0, 1, 1, 1, 0, 1, 2, 2, 1, 0, 2, 1, 1, 1, 0, 0, 1, 0, 2, 0, 0, 0, 2, 1, 1, 2, 0, 2, 0, 1, 1, 2, 0, 0, 2, 1]|[0, 2, 0, 0, 3, 2, 0, 4, 0, 0, 1, 2, 4, 0, 2, 0, 0, 2, 4, 1, 0, 0, 2, 1, 1, 2, 1, 0, 0, 3, 1, 1, 2, 0, 2, 1, 4, 2, 2, 2, 4, 0, 3, 0, 4, 4, 2, 0, 3, 1, 1, 2, 1, 1, 0, 2, 0, 1, 0, 1, 3, 1, 2, 4, 2, 4, 1, 4, 1, 4, 1, 2, 4, 2, 2, 4, 1, 4, 0, 0, 4, 0, 1, 0, 2, 1, 2, 3, 4, 1, 0, 2, 0, 2, 3, 1, 0, 0, 2, 2]|[1, 0, 0, 1, 1, 0, 0, 0, 0, 2, 1, 0, 1, 1, 0, 0, 0, 0, 0, 0, 0, 0, 0, 2, 1, 0, 0, 1, 0, 3, 0, 0, 1, 1, 2, 1, 2, 1, 0, 1, 3, 0, 1, 0, 0, 1, 0, 0, 1, 0, 0, 0, 0, 1, 0, 0, 0, 0, 0, 1, 1, 0, 0, 1, 0, 2, 1, 2, 0, 1, 0, 0, 2, 0, 0, 1, 1, 2, 0, 0, 1, 0, 0, 0, 1, 1, 0, 1, 2, 0, 0, 0, 0, 3, 3, 0, 0, 1, 1, 2]
event=168:G3_TWC:action:mode=exploit,state=1,draw=0.34950243756748944,action=1
event=169:G3_TWC:leader:action=1,fingerprint=[66, 68, 55, 92, 86, 48, 24, 89, 70, 13, 60, 50, 93, 15, 25, 52, 1, 59, 76, 67, 65, 17, 77, 75, 28, 26, 35, 36, 94, 95, 41, 6, 7, 0, 79, 33, 46, 58, 32, 88, 54, 71, 53, 29, 56, 8, 49, 39, 34, 14, 37, 72, 38, 23, 40, 98, 69, 27, 47, 80, 73, 63, 83, 44, 57, 11, 5, 96, 2, 16, 45, 51, 42, 3, 90, 81, 64, 21, 87, 19, 18, 9, 84, 30, 12, 43, 61, 78, 74, 62, 82, 31, 20, 91, 99, 10, 97, 85, 22, 4]|[1, 2, 0, 1, 0, 2, 2, 0, 0, 2, 0, 0, 1, 0, 2, 0, 0, 2, 0, 2, 1, 1, 1, 2, 2, 0, 2, 1, 0, 1, 2, 2, 2, 1, 1, 0, 1, 0, 0, 2, 1, 0, 1, 2, 1, 2, 1, 2, 1, 2, 2, 0, 2, 0, 2, 1, 0, 0, 0, 0, 0, 0, 1, 0, 0, 1, 0, 1, 1, 2, 1, 1, 0, 0, 1, 0, 2, 2, 1, 1, 2, 2, 2, 0, 2, 2, 0, 2, 0, 2, 1, 0, 0, 2, 2, 1, 0, 1, 2, 0]|[1, 2, 0, 4, 2, 2, 0, 1, 0, 0, 1, 2, 4, 1, 2, 0, 0, 1, 1, 1, 4, 0, 0, 0, 1, 2, 2, 3, 0, 3, 1, 1, 2, 0, 0, 2, 4, 2, 1, 0, 4, 0, 3, 2, 3, 1, 3, 0, 0, 1, 2, 0, 0, 1, 1, 4, 2, 1, 2, 2, 1, 1, 2, 1, 0, 3, 2, 4, 2, 1, 4, 4, 1, 2, 4, 2, 1, 2, 3, 0, 1, 2, 2, 0, 0, 1, 1, 1, 1, 2, 4, 2, 2, 0, 1, 4, 2, 2, 0, 1]|[0, 0, 0, 0, 1, 0, 0, 0, 0, 0, 0, 0, 1, 1, 0, 0, 0, 0, 1, 0, 2, 1, 1, 0, 1, 0, 0, 3, 0, 3, 0, 0, 1, 0, 0, 1, 2, 1, 0, 0, 3, 0, 1, 0, 1, 0, 0, 1, 3, 1, 0, 1, 0, 0, 1, 3, 1, 0, 1, 1, 0, 0, 0, 1, 0, 0, 1, 1, 2, 0, 1, 2, 0, 0, 1, 1, 0, 0, 0, 3, 0, 0, 1, 0, 1, 0, 0, 0, 0, 0, 2, 1, 0, 0, 0, 0, 0, 1, 1, 1]
event=170:G1_CMAX:update:state=1,action=2,reward=-56.51945414053159,nextState=1,old=-216.2709783742168,new=-229.53623683990506
event=171:G2_TEC:update:state=1,action=2,reward=-608.1859388918529,nextState=1,old=-1017.8677379755686,new=-1422.4801292723077
event=172:G3_TWC:update:state=1,action=1,reward=-4591.860067120491,nextState=1,old=-19460.12404789233,new=-20159.959305434357
event=173:G4_BALANCED:update:state=1,action=2,reward=-0.1151279892147539,nextState=1,old=-0.2193938646283972,new=-0.29064308091747165
event=174:G1_CMAX:action:mode=exploit,state=1,draw=0.2770502648410045,action=2
event=175:G1_CMAX:tournament:reason=action2,left=12,right=20,selected=[66, 68, 55, 92, 86, 48, 24, 89, 70, 13, 60, 50, 93, 15, 25, 52, 1, 59, 76, 67, 65, 17, 77, 75, 28, 26, 35, 36, 94, 95, 41, 6, 7, 0, 79, 33, 46, 58, 32, 88, 54, 71, 53, 29, 56, 8, 49, 39, 34, 14, 37, 72, 38, 23, 40, 98, 69, 27, 47, 80, 73, 63, 83, 44, 57, 11, 5, 96, 2, 16, 45, 51, 42, 3, 90, 81, 64, 21, 87, 82, 43, 9, 84, 30, 12, 18, 61, 78, 74, 62, 31, 91, 99, 22, 20, 85, 19, 4, 10, 97]|[1, 1, 0, 0, 2, 2, 0, 0, 0, 2, 0, 0, 1, 0, 2, 0, 0, 0, 0, 2, 1, 2, 1, 1, 2, 0, 2, 1, 0, 1, 2, 2, 2, 1, 1, 0, 1, 0, 0, 1, 1, 0, 1, 2, 1, 1, 1, 2, 1, 2, 2, 0, 2, 0, 2, 1, 0, 0, 0, 1, 0, 0, 1, 0, 0, 1, 0, 1, 1, 2, 0, 1, 0, 1, 1, 0, 2, 2, 1, 1, 2, 2, 2, 0, 1, 0, 0, 2, 0, 2, 0, 0, 0, 2, 0, 1, 1, 0, 1, 0]|[1, 0, 2, 0, 1, 2, 1, 1, 0, 2, 1, 2, 4, 1, 2, 0, 0, 1, 1, 1, 4, 0, 0, 0, 1, 2, 2, 3, 0, 3, 1, 1, 2, 0, 0, 1, 4, 2, 1, 2, 4, 0, 3, 2, 3, 2, 3, 1, 0, 1, 2, 0, 0, 1, 1, 4, 2, 1, 2, 4, 1, 1, 2, 1, 0, 3, 2, 4, 2, 1, 0, 4, 1, 2, 4, 2, 1, 2, 3, 4, 1, 2, 2, 0, 3, 0, 1, 1, 1, 2, 2, 1, 0, 0, 2, 2, 0, 1, 4, 2]|[0, 2, 0, 1, 1, 0, 1, 0, 0, 0, 0, 0, 1, 1, 0, 0, 0, 0, 1, 0, 2, 0, 1, 2, 1, 0, 0, 3, 0, 3, 0, 0, 1, 0, 0, 1, 2, 1, 0, 3, 3, 0, 1, 0, 1, 2, 0, 0, 3, 1, 0, 1, 0, 0, 1, 3, 1, 0, 1, 2, 0, 0, 0, 1, 0, 0, 1, 1, 2, 0, 0, 2, 0, 3, 1, 1, 0, 0, 0, 2, 0, 0, 1, 0, 0, 0, 0, 0, 0, 0, 1, 1, 0, 1, 0, 1, 3, 1, 0, 0]
event=176:G1_CMAX:leader:action=2,fingerprint=[66, 68, 55, 92, 86, 48, 24, 89, 70, 13, 60, 50, 93, 15, 25, 52, 1, 59, 76, 67, 65, 17, 77, 75, 28, 26, 35, 36, 94, 95, 41, 6, 7, 0, 79, 33, 46, 58, 32, 88, 54, 71, 53, 29, 56, 8, 49, 39, 34, 14, 37, 72, 38, 23, 40, 98, 69, 27, 47, 80, 73, 63, 83, 44, 57, 11, 5, 96, 2, 16, 45, 51, 42, 3, 90, 81, 64, 21, 87, 82, 43, 9, 84, 30, 12, 18, 61, 78, 74, 62, 31, 91, 99, 22, 20, 85, 19, 4, 10, 97]|[1, 1, 0, 0, 2, 2, 0, 0, 0, 2, 0, 0, 1, 0, 2, 0, 0, 0, 0, 2, 1, 2, 1, 1, 2, 0, 2, 1, 0, 1, 2, 2, 2, 1, 1, 0, 1, 0, 0, 1, 1, 0, 1, 2, 1, 1, 1, 2, 1, 2, 2, 0, 2, 0, 2, 1, 0, 0, 0, 1, 0, 0, 1, 0, 0, 1, 0, 1, 1, 2, 0, 1, 0, 1, 1, 0, 2, 2, 1, 1, 2, 2, 2, 0, 1, 0, 0, 2, 0, 2, 0, 0, 0, 2, 0, 1, 1, 0, 1, 0]|[1, 0, 2, 0, 1, 2, 1, 1, 0, 2, 1, 2, 4, 1, 2, 0, 0, 1, 1, 1, 4, 0, 0, 0, 1, 2, 2, 3, 0, 3, 1, 1, 2, 0, 0, 1, 4, 2, 1, 2, 4, 0, 3, 2, 3, 2, 3, 1, 0, 1, 2, 0, 0, 1, 1, 4, 2, 1, 2, 4, 1, 1, 2, 1, 0, 3, 2, 4, 2, 1, 0, 4, 1, 2, 4, 2, 1, 2, 3, 4, 1, 2, 2, 0, 3, 0, 1, 1, 1, 2, 2, 1, 0, 0, 2, 2, 0, 1, 4, 2]|[0, 2, 0, 1, 1, 0, 1, 0, 0, 0, 0, 0, 1, 1, 0, 0, 0, 0, 1, 0, 2, 0, 1, 2, 1, 0, 0, 3, 0, 3, 0, 0, 1, 0, 0, 1, 2, 1, 0, 3, 3, 0, 1, 0, 1, 2, 0, 0, 3, 1, 0, 1, 0, 0, 1, 3, 1, 0, 1, 2, 0, 0, 0, 1, 0, 0, 1, 1, 2, 0, 0, 2, 0, 3, 1, 1, 0, 0, 0, 2, 0, 0, 1, 0, 0, 0, 0, 0, 0, 0, 1, 1, 0, 1, 0, 1, 3, 1, 0, 0]
event=177:G4_BALANCED:action:mode=exploit,state=1,draw=0.5014842257822758,action=0
event=178:G4_BALANCED:leader:action=0,fingerprint=[66, 68, 55, 92, 86, 48, 24, 89, 70, 13, 60, 50, 93, 15, 25, 52, 1, 59, 76, 67, 65, 17, 77, 75, 28, 26, 35, 36, 94, 95, 41, 6, 7, 0, 79, 33, 46, 58, 32, 88, 54, 71, 53, 29, 56, 8, 49, 39, 34, 14, 37, 72, 38, 23, 40, 98, 69, 27, 47, 80, 73, 63, 83, 44, 57, 11, 5, 96, 2, 16, 45, 51, 42, 3, 90, 81, 64, 21, 87, 19, 18, 9, 84, 74, 30, 22, 78, 91, 97, 31, 85, 10, 12, 20, 82, 4, 99, 62, 43, 61]|[1, 1, 0, 1, 2, 1, 1, 0, 0, 2, 1, 0, 1, 0, 2, 0, 0, 0, 0, 2, 1, 0, 1, 2, 2, 2, 2, 2, 0, 1, 2, 0, 2, 1, 1, 0, 1, 0, 0, 2, 1, 0, 2, 2, 1, 1, 1, 2, 1, 2, 2, 0, 0, 0, 2, 1, 0, 1, 0, 1, 1, 0, 1, 0, 0, 1, 1, 1, 1, 2, 1, 1, 2, 1, 0, 0, 2, 2, 2, 2, 2, 0, 2, 0, 0, 2, 2, 2, 0, 0, 1, 1, 0, 0, 1, 0, 0, 2, 2, 0]|[1, 0, 0, 4, 1, 3, 2, 1, 0, 2, 1, 2, 4, 1, 2, 0, 0, 0, 1, 1, 4, 2, 0, 0, 1, 1, 2, 2, 0, 3, 1, 1, 2, 0, 0, 2, 4, 0, 1, 0, 4, 0, 2, 2, 3, 2, 4, 1, 0, 1, 2, 2, 1, 1, 1, 4, 0, 3, 2, 4, 4, 1, 2, 1, 0, 3, 0, 4, 2, 1, 4, 4, 2, 2, 2, 0, 1, 2, 1, 2, 1, 1, 0, 2, 0, 0, 1, 0, 2, 2, 2, 4, 1, 2, 4, 1, 0, 2, 1, 1]|[0, 2, 0, 0, 1, 3, 0, 0, 0, 0, 3, 0, 1, 1, 0, 0, 0, 0, 1, 0, 2, 0, 1, 0, 1, 1, 0, 0, 0, 3, 0, 0, 1, 0, 0, 1, 2, 1, 0, 0, 3, 0, 0, 0, 1, 2, 0, 0, 3, 1, 0, 0, 0, 1, 1, 3, 0, 1, 1, 2, 0, 0, 3, 1, 0, 0, 0, 1, 2, 0, 1, 2, 0, 3, 0, 0, 0, 0, 0, 0, 0, 1, 1, 0, 0, 1, 0, 0, 0, 0, 1, 0, 0, 0, 2, 1, 0, 0, 0, 0]
event=179:G2_TEC:action:mode=exploit,state=1,draw=0.6364674940682399,action=0
event=180:G2_TEC:leader:action=0,fingerprint=[66, 68, 55, 92, 86, 48, 24, 89, 70, 13, 60, 50, 93, 15, 25, 52, 1, 59, 76, 67, 65, 17, 77, 75, 28, 26, 35, 36, 94, 95, 41, 6, 7, 0, 79, 33, 46, 58, 32, 88, 54, 71, 53, 98, 56, 8, 49, 39, 34, 14, 37, 72, 38, 23, 73, 29, 19, 5, 45, 22, 27, 64, 18, 11, 31, 85, 42, 82, 61, 80, 2, 9, 40, 3, 90, 21, 78, 97, 30, 47, 84, 69, 99, 51, 12, 43, 81, 96, 44, 83, 87, 20, 74, 16, 57, 4, 10, 62, 91, 63]|[1, 1, 0, 0, 1, 2, 2, 2, 0, 2, 1, 0, 1, 1, 2, 0, 0, 2, 1, 1, 1, 2, 2, 1, 2, 0, 1, 0, 0, 1, 2, 0, 0, 0, 1, 0, 1, 0, 2, 0, 0, 0, 1, 2, 1, 2, 0, 0, 0, 1, 2, 0, 0, 0, 2, 1, 0, 2, 0, 2, 1, 2, 1, 1, 0, 1, 0, 1, 1, 1, 2, 1, 2, 0, 1, 2, 0, 1, 2, 1, 2, 0, 2, 2, 0, 2, 1, 2, 0, 1, 0, 2, 0, 2, 0, 1, 0, 0, 1, 0]|[1, 0, 0, 0, 3, 2, 0, 0, 0, 0, 1, 2, 4, 3, 2, 0, 0, 2, 4, 4, 3, 0, 2, 1, 1, 2, 1, 0, 0, 3, 1, 1, 2, 0, 2, 2, 4, 2, 2, 2, 1, 0, 3, 0, 3, 1, 2, 0, 2, 4, 2, 2, 1, 1, 1, 4, 0, 1, 0, 1, 3, 1, 2, 3, 2, 3, 1, 4, 4, 4, 1, 4, 0, 2, 4, 1, 1, 2, 1, 4, 2, 0, 1, 0, 1, 1, 4, 2, 2, 2, 0, 0, 2, 1, 2, 0, 0, 2, 4, 2]|[0, 1, 0, 1, 1, 0, 0, 1, 0, 0, 3, 0, 1, 0, 0, 0, 0, 0, 0, 1, 0, 0, 0, 2, 1, 0, 0, 1, 0, 3, 0, 0, 1, 1, 2, 1, 2, 1, 0, 1, 0, 0, 1, 0, 1, 0, 0, 0, 0, 2, 0, 0, 0, 1, 1, 3, 0, 0, 0, 1, 1, 0, 0, 0, 0, 0, 0, 2, 2, 1, 0, 2, 0, 0, 1, 0, 0, 3, 0, 2, 1, 0, 0, 0, 0, 0, 1, 0, 0, 0, 0, 0, 0, 0, 0, 1, 0, 1, 1, 1]
event=181:G3_TWC:action:mode=explore,state=1,draw=0.9639920014754711,action=1
event=182:G3_TWC:leader:action=1,fingerprint=[66, 68, 55, 92, 86, 48, 24, 89, 70, 13, 60, 50, 93, 15, 25, 52, 1, 59, 76, 67, 65, 17, 77, 75, 28, 26, 35, 36, 94, 95, 41, 6, 7, 0, 79, 33, 46, 58, 32, 88, 54, 71, 53, 29, 56, 8, 49, 39, 34, 14, 37, 72, 38, 23, 40, 98, 69, 27, 47, 80, 73, 63, 83, 44, 57, 11, 5, 96, 2, 16, 45, 51, 42, 3, 90, 81, 64, 21, 87, 19, 18, 9, 84, 30, 12, 43, 61, 78, 74, 62, 82, 31, 20, 91, 99, 10, 97, 85, 22, 4]|[1, 2, 0, 1, 0, 2, 2, 0, 0, 2, 0, 0, 1, 0, 2, 0, 0, 2, 0, 2, 1, 1, 1, 2, 2, 0, 2, 1, 0, 1, 2, 2, 2, 1, 1, 0, 1, 0, 0, 2, 1, 0, 1, 2, 1, 2, 1, 2, 1, 2, 2, 0, 2, 0, 2, 1, 0, 0, 0, 0, 0, 0, 1, 0, 0, 1, 0, 1, 1, 2, 1, 1, 0, 0, 1, 0, 2, 2, 1, 1, 2, 2, 2, 0, 2, 2, 0, 2, 0, 2, 1, 0, 0, 2, 2, 1, 0, 1, 2, 0]|[1, 2, 0, 4, 2, 2, 0, 1, 0, 0, 1, 2, 4, 1, 2, 0, 0, 1, 1, 1, 4, 0, 0, 0, 1, 2, 2, 3, 0, 3, 1, 1, 2, 0, 0, 2, 4, 2, 1, 0, 4, 0, 3, 2, 3, 1, 3, 0, 0, 1, 2, 0, 0, 1, 1, 4, 2, 1, 2, 2, 1, 1, 2, 1, 0, 3, 2, 4, 2, 1, 4, 4, 1, 2, 4, 2, 1, 2, 3, 0, 1, 2, 2, 0, 0, 1, 1, 1, 1, 2, 4, 2, 2, 0, 1, 4, 2, 2, 0, 1]|[0, 0, 0, 0, 1, 0, 0, 0, 0, 0, 0, 0, 1, 1, 0, 0, 0, 0, 1, 0, 2, 1, 1, 0, 1, 0, 0, 3, 0, 3, 0, 0, 1, 0, 0, 1, 2, 1, 0, 0, 3, 0, 1, 0, 1, 0, 0, 1, 3, 1, 0, 1, 0, 0, 1, 3, 1, 0, 1, 1, 0, 0, 0, 1, 0, 0, 1, 1, 2, 0, 1, 2, 0, 0, 1, 1, 0, 0, 0, 3, 0, 0, 1, 0, 1, 0, 0, 0, 0, 0, 2, 1, 0, 0, 0, 0, 0, 1, 1, 1]
event=183:G1_CMAX:update:state=1,action=2,reward=-90.69862063322148,nextState=1,old=-229.53623683990506,new=-274.32761010514554
event=184:G2_TEC:update:state=1,action=0,reward=-24.88691067782929,nextState=1,old=-1243.3028461338113,new=-1019.5291875848784
event=185:G3_TWC:update:state=1,action=1,reward=-5169.997288656305,nextState=1,old=-20159.959305434357,new=-21297.96473300379
event=186:G4_BALANCED:update:state=1,action=0,reward=-0.05664121845528357,nextState=1,old=-0.23495431626185717,new=-0.24460467146476933
event=187:G1_CMAX:action:mode=exploit,state=1,draw=0.3464596339221122,action=0
event=188:G1_CMAX:leader:action=0,fingerprint=[66, 68, 55, 92, 86, 48, 24, 89, 70, 13, 60, 50, 93, 15, 25, 52, 1, 59, 76, 67, 65, 17, 77, 75, 28, 26, 35, 36, 94, 95, 41, 6, 7, 0, 79, 33, 46, 58, 32, 88, 54, 71, 53, 29, 56, 8, 49, 39, 34, 14, 37, 72, 38, 23, 40, 98, 69, 27, 47, 80, 73, 63, 83, 44, 57, 11, 5, 96, 2, 16, 45, 51, 42, 3, 90, 81, 64, 21, 87, 19, 18, 9, 62, 22, 99, 91, 10, 61, 31, 43, 30, 85, 84, 97, 74, 78, 82, 12, 20, 4]|[1, 1, 0, 1, 1, 2, 1, 0, 0, 2, 1, 0, 1, 0, 0, 0, 0, 2, 0, 2, 1, 0, 2, 0, 2, 2, 0, 2, 0, 1, 2, 2, 2, 1, 1, 1, 1, 0, 0, 0, 1, 0, 1, 2, 1, 0, 1, 0, 1, 2, 1, 0, 0, 0, 1, 2, 0, 1, 0, 1, 2, 0, 1, 0, 0, 1, 1, 1, 2, 2, 1, 1, 0, 1, 2, 0, 0, 2, 2, 2, 2, 1, 2, 2, 2, 1, 1, 1, 0, 2, 2, 0, 2, 0, 0, 0, 1, 1, 0, 0]|[1, 0, 2, 4, 3, 2, 2, 1, 0, 2, 1, 2, 4, 1, 2, 0, 0, 1, 1, 2, 4, 2, 2, 1, 1, 1, 0, 2, 0, 3, 1, 1, 2, 0, 0, 1, 4, 0, 1, 2, 4, 0, 3, 0, 3, 2, 4, 0, 0, 1, 4, 2, 1, 1, 0, 2, 0, 3, 0, 4, 1, 1, 2, 1, 0, 3, 0, 4, 1, 1, 4, 4, 0, 2, 1, 2, 1, 1, 1, 2, 1, 4, 2, 0, 1, 4, 4, 4, 2, 1, 1, 2, 0, 2, 2, 1, 4, 2, 2, 1]|[0, 2, 0, 0, 1, 0, 0, 0, 0, 0, 3, 0, 1, 1, 0, 0, 0, 0, 1, 0, 1, 0, 0, 1, 1, 1, 0, 0, 0, 3, 0, 0, 1, 0, 0, 1, 2, 1, 0, 1, 3, 0, 1, 0, 1, 1, 0, 0, 3, 1, 3, 0, 0, 0, 0, 0, 0, 1, 0, 2, 0, 0, 3, 1, 0, 0, 0, 2, 0, 0, 1, 2, 0, 3, 0, 1, 0, 0, 0, 0, 0, 2, 0, 1, 0, 0, 0, 2, 0, 0, 0, 1, 1, 0, 0, 0, 1, 2, 0, 1]
event=189:G4_BALANCED:action:mode=exploit,state=1,draw=0.2520947801983452,action=0
event=190:G4_BALANCED:leader:action=0,fingerprint=[66, 68, 55, 92, 86, 48, 24, 89, 70, 13, 60, 50, 93, 15, 25, 52, 1, 59, 76, 67, 65, 17, 77, 75, 28, 26, 35, 36, 94, 95, 41, 6, 7, 0, 79, 33, 46, 58, 32, 88, 54, 71, 53, 29, 56, 8, 49, 39, 34, 14, 37, 72, 38, 23, 40, 98, 69, 27, 47, 80, 73, 63, 83, 44, 57, 11, 5, 96, 2, 16, 45, 51, 42, 3, 90, 81, 64, 21, 87, 19, 18, 9, 62, 22, 99, 91, 10, 61, 31, 43, 30, 85, 84, 97, 74, 78, 82, 12, 20, 4]|[1, 1, 0, 1, 1, 2, 1, 0, 0, 2, 1, 0, 1, 0, 0, 0, 0, 2, 0, 2, 1, 0, 2, 0, 2, 2, 0, 2, 0, 1, 2, 2, 2, 1, 1, 1, 1, 0, 0, 0, 1, 0, 1, 2, 1, 0, 1, 0, 1, 2, 1, 0, 0, 0, 1, 2, 0, 1, 0, 1, 2, 0, 1, 0, 0, 1, 1, 1, 2, 2, 1, 1, 0, 1, 2, 0, 0, 2, 2, 2, 2, 1, 2, 2, 2, 1, 1, 1, 0, 2, 2, 0, 2, 0, 0, 0, 1, 1, 0, 0]|[1, 0, 2, 4, 3, 2, 2, 1, 0, 2, 1, 2, 4, 1, 2, 0, 0, 1, 1, 2, 4, 2, 2, 1, 1, 1, 0, 2, 0, 3, 1, 1, 2, 0, 0, 1, 4, 0, 1, 2, 4, 0, 3, 0, 3, 2, 4, 0, 0, 1, 4, 2, 1, 1, 0, 2, 0, 3, 0, 4, 1, 1, 2, 1, 0, 3, 0, 4, 1, 1, 4, 4, 0, 2, 1, 2, 1, 1, 1, 2, 1, 4, 2, 0, 1, 4, 4, 4, 2, 1, 1, 2, 0, 2, 2, 1, 4, 2, 2, 1]|[0, 2, 0, 0, 1, 0, 0, 0, 0, 0, 3, 0, 1, 1, 0, 0, 0, 0, 1, 0, 1, 0, 0, 1, 1, 1, 0, 0, 0, 3, 0, 0, 1, 0, 0, 1, 2, 1, 0, 1, 3, 0, 1, 0, 1, 1, 0, 0, 3, 1, 3, 0, 0, 0, 0, 0, 0, 1, 0, 2, 0, 0, 3, 1, 0, 0, 0, 2, 0, 0, 1, 2, 0, 3, 0, 1, 0, 0, 0, 0, 0, 2, 0, 1, 0, 0, 0, 2, 0, 0, 0, 1, 1, 0, 0, 0, 1, 2, 0, 1]
event=191:G2_TEC:action:mode=exploit,state=1,draw=0.7245156154970718,action=0
event=192:G2_TEC:leader:action=0,fingerprint=[66, 68, 55, 92, 86, 48, 24, 89, 70, 13, 60, 50, 93, 15, 25, 52, 1, 59, 76, 67, 65, 17, 77, 75, 28, 26, 35, 36, 94, 95, 41, 6, 7, 0, 79, 33, 46, 58, 32, 88, 54, 71, 53, 29, 56, 8, 49, 39, 34, 14, 37, 72, 38, 23, 73, 98, 19, 5, 45, 22, 27, 64, 18, 11, 31, 85, 42, 82, 61, 80, 2, 51, 40, 3, 96, 81, 47, 78, 30, 21, 84, 69, 99, 91, 12, 43, 44, 10, 97, 83, 74, 4, 90, 62, 63, 20, 57, 16, 87, 9]|[1, 2, 2, 0, 1, 2, 1, 2, 0, 1, 0, 0, 1, 0, 2, 0, 1, 2, 0, 2, 1, 2, 2, 2, 2, 0, 2, 2, 0, 1, 2, 1, 2, 1, 1, 0, 1, 0, 0, 0, 0, 0, 1, 2, 1, 1, 1, 2, 1, 2, 1, 0, 2, 0, 1, 2, 0, 1, 1, 0, 1, 2, 2, 2, 1, 0, 1, 1, 0, 0, 0, 2, 1, 0, 1, 1, 0, 0, 0, 2, 0, 2, 0, 2, 1, 2, 0, 1, 1, 1, 0, 0, 1, 0, 0, 0, 0, 1, 1, 0]|[1, 2, 2, 0, 3, 2, 4, 1, 0, 0, 1, 2, 4, 0, 2, 0, 4, 1, 1, 1, 4, 0, 2, 0, 1, 2, 2, 2, 0, 3, 1, 4, 2, 0, 0, 2, 4, 2, 0, 2, 1, 0, 3, 2, 4, 4, 3, 0, 0, 1, 4, 2, 0, 1, 0, 0, 2, 3, 4, 2, 3, 1, 1, 1, 3, 2, 3, 4, 1, 2, 1, 2, 4, 2, 4, 4, 0, 2, 0, 1, 2, 2, 0, 0, 2, 1, 2, 4, 4, 2, 2, 1, 4, 0, 1, 2, 0, 3, 3, 1]|[0, 0, 0, 1, 1, 0, 1, 1, 0, 2, 0, 0, 1, 1, 0, 0, 0, 0, 1, 0, 2, 0, 0, 0, 1, 0, 0, 0, 0, 3, 0, 2, 0, 0, 0, 1, 2, 1, 0, 1, 0, 0, 1, 0, 0, 1, 0, 1, 3, 1, 2, 0, 0, 0, 0, 0, 1, 0, 1, 1, 1, 0, 0, 0, 3, 0, 0, 2, 0, 1, 0, 0, 2, 0, 1, 1, 0, 1, 0, 0, 0, 0, 0, 0, 2, 0, 0, 0, 1, 3, 0, 1, 1, 0, 0, 0, 0, 1, 0, 1]
event=193:G3_TWC:action:mode=exploit,state=1,draw=0.4264584873179832,action=0
event=194:G3_TWC:leader:action=0,fingerprint=[66, 68, 55, 92, 86, 48, 24, 89, 70, 13, 60, 50, 93, 15, 25, 52, 1, 59, 76, 67, 65, 17, 77, 75, 28, 26, 35, 36, 94, 95, 41, 6, 7, 0, 79, 33, 46, 58, 32, 88, 54, 71, 53, 29, 56, 8, 49, 39, 34, 14, 37, 72, 38, 23, 40, 98, 69, 27, 47, 80, 73, 63, 83, 44, 57, 11, 5, 96, 2, 16, 45, 51, 42, 3, 90, 81, 64, 21, 87, 19, 18, 9, 62, 22, 99, 91, 10, 61, 31, 43, 30, 85, 84, 97, 74, 78, 82, 12, 20, 4]|[1, 1, 0, 1, 1, 2, 1, 0, 0, 2, 1, 0, 1, 0, 0, 0, 0, 2, 0, 2, 1, 0, 2, 0, 2, 2, 0, 2, 0, 1, 2, 2, 2, 1, 1, 1, 1, 0, 0, 0, 1, 0, 1, 2, 1, 0, 1, 0, 1, 2, 1, 0, 0, 0, 1, 2, 0, 1, 0, 1, 2, 0, 1, 0, 0, 1, 1, 1, 2, 2, 1, 1, 0, 1, 2, 0, 0, 2, 2, 2, 2, 1, 2, 2, 2, 1, 1, 1, 0, 2, 2, 0, 2, 0, 0, 0, 1, 1, 0, 0]|[1, 0, 2, 4, 3, 2, 2, 1, 0, 2, 1, 2, 4, 1, 2, 0, 0, 1, 1, 2, 4, 2, 2, 1, 1, 1, 0, 2, 0, 3, 1, 1, 2, 0, 0, 1, 4, 0, 1, 2, 4, 0, 3, 0, 3, 2, 4, 0, 0, 1, 4, 2, 1, 1, 0, 2, 0, 3, 0, 4, 1, 1, 2, 1, 0, 3, 0, 4, 1, 1, 4, 4, 0, 2, 1, 2, 1, 1, 1, 2, 1, 4, 2, 0, 1, 4, 4, 4, 2, 1, 1, 2, 0, 2, 2, 1, 4, 2, 2, 1]|[0, 2, 0, 0, 1, 0, 0, 0, 0, 0, 3, 0, 1, 1, 0, 0, 0, 0, 1, 0, 1, 0, 0, 1, 1, 1, 0, 0, 0, 3, 0, 0, 1, 0, 0, 1, 2, 1, 0, 1, 3, 0, 1, 0, 1, 1, 0, 0, 3, 1, 3, 0, 0, 0, 0, 0, 0, 1, 0, 2, 0, 0, 3, 1, 0, 0, 0, 2, 0, 0, 1, 2, 0, 3, 0, 1, 0, 0, 0, 0, 0, 2, 0, 1, 0, 0, 0, 2, 0, 0, 0, 1, 1, 0, 0, 0, 1, 2, 0, 1]
event=195:G1_CMAX:update:state=1,action=0,reward=-50.681430764134575,nextState=1,old=-256.71858226597203,new=-256.05629657691225
event=196:G2_TEC:update:state=1,action=0,reward=-253.04368971938675,nextState=1,old=-1019.5291875848784,new=-1068.6670397872895
event=197:G3_TWC:update:state=1,action=0,reward=-466.7400682246662,nextState=1,old=-20997.98010993987,new=-17265.12415617656
event=198:G4_BALANCED:update:state=1,action=0,reward=-0.05980072528953927,nextState=1,old=-0.24460467146476933,new=-0.25548446246135476
event=199:G1_CMAX:action:mode=exploit,state=1,draw=0.434595726484056,action=0
event=200:G1_CMAX:leader:action=0,fingerprint=[66, 68, 55, 92, 86, 48, 24, 89, 70, 13, 60, 50, 93, 15, 25, 52, 1, 59, 76, 67, 65, 17, 77, 75, 28, 26, 35, 36, 94, 95, 41, 6, 7, 0, 79, 33, 46, 58, 32, 88, 54, 71, 53, 29, 56, 8, 49, 39, 34, 14, 37, 72, 38, 23, 40, 98, 69, 27, 47, 80, 73, 63, 83, 44, 57, 11, 5, 96, 2, 16, 45, 51, 42, 3, 90, 81, 64, 21, 87, 19, 18, 9, 62, 22, 99, 91, 10, 61, 31, 43, 30, 85, 84, 97, 74, 78, 82, 12, 20, 4]|[1, 1, 0, 1, 1, 2, 1, 0, 0, 2, 1, 0, 1, 0, 0, 0, 0, 2, 0, 2, 1, 0, 2, 0, 2, 2, 0, 2, 0, 1, 2, 2, 2, 1, 1, 1, 1, 0, 0, 0, 1, 0, 1, 2, 1, 0, 1, 0, 1, 2, 1, 0, 0, 0, 1, 2, 0, 1, 0, 1, 2, 0, 1, 0, 0, 1, 1, 1, 2, 2, 1, 1, 0, 1, 2, 0, 0, 2, 2, 2, 2, 1, 2, 2, 2, 1, 1, 1, 0, 2, 2, 0, 2, 0, 0, 0, 1, 1, 0, 0]|[1, 0, 2, 4, 3, 2, 2, 1, 0, 2, 1, 2, 4, 1, 2, 0, 0, 1, 1, 2, 4, 2, 2, 1, 1, 1, 0, 2, 0, 3, 1, 1, 2, 0, 0, 1, 4, 0, 1, 2, 4, 0, 3, 0, 3, 2, 4, 0, 0, 1, 4, 2, 1, 1, 0, 2, 0, 3, 0, 4, 1, 1, 2, 1, 0, 3, 0, 4, 1, 1, 4, 4, 0, 2, 1, 2, 1, 1, 1, 2, 1, 4, 2, 0, 1, 4, 4, 4, 2, 1, 1, 2, 0, 2, 2, 1, 4, 2, 2, 1]|[0, 2, 0, 0, 1, 0, 0, 0, 0, 0, 3, 0, 1, 1, 0, 0, 0, 0, 1, 0, 1, 0, 0, 1, 1, 1, 0, 0, 0, 3, 0, 0, 1, 0, 0, 1, 2, 1, 0, 1, 3, 0, 1, 0, 1, 1, 0, 0, 3, 1, 3, 0, 0, 0, 0, 0, 0, 1, 0, 2, 0, 0, 3, 1, 0, 0, 0, 2, 0, 0, 1, 2, 0, 3, 0, 1, 0, 0, 0, 0, 0, 2, 0, 1, 0, 0, 0, 2, 0, 0, 0, 1, 1, 0, 0, 0, 1, 2, 0, 1]
event=201:G4_BALANCED:action:mode=exploit,state=1,draw=0.1626705024409031,action=1
event=202:G4_BALANCED:leader:action=1,fingerprint=[66, 68, 55, 92, 86, 48, 24, 89, 70, 13, 60, 50, 93, 15, 25, 52, 1, 59, 76, 67, 65, 17, 77, 75, 28, 26, 35, 36, 94, 95, 41, 6, 7, 0, 79, 33, 46, 58, 32, 88, 54, 71, 53, 29, 56, 8, 49, 39, 34, 14, 37, 72, 38, 23, 40, 98, 69, 27, 47, 80, 73, 63, 83, 44, 57, 11, 5, 96, 2, 16, 45, 51, 42, 3, 90, 81, 64, 21, 87, 19, 18, 9, 62, 22, 99, 91, 10, 61, 31, 43, 30, 85, 84, 97, 74, 78, 82, 12, 20, 4]|[1, 1, 0, 1, 1, 2, 1, 0, 0, 2, 1, 0, 1, 0, 0, 0, 0, 2, 0, 2, 1, 0, 2, 0, 2, 2, 0, 2, 0, 1, 2, 2, 2, 1, 1, 1, 1, 0, 0, 0, 1, 0, 1, 2, 1, 0, 1, 0, 1, 2, 1, 0, 0, 0, 1, 2, 0, 1, 0, 1, 2, 0, 1, 0, 0, 1, 1, 1, 2, 2, 1, 1, 0, 1, 2, 0, 0, 2, 2, 2, 2, 1, 2, 2, 2, 1, 1, 1, 0, 2, 2, 0, 2, 0, 0, 0, 1, 1, 0, 0]|[1, 0, 2, 4, 3, 2, 2, 1, 0, 2, 1, 2, 4, 1, 2, 0, 0, 1, 1, 2, 4, 2, 2, 1, 1, 1, 0, 2, 0, 3, 1, 1, 2, 0, 0, 1, 4, 0, 1, 2, 4, 0, 3, 0, 3, 2, 4, 0, 0, 1, 4, 2, 1, 1, 0, 2, 0, 3, 0, 4, 1, 1, 2, 1, 0, 3, 0, 4, 1, 1, 4, 4, 0, 2, 1, 2, 1, 1, 1, 2, 1, 4, 2, 0, 1, 4, 4, 4, 2, 1, 1, 2, 0, 2, 2, 1, 4, 2, 2, 1]|[0, 2, 0, 0, 1, 0, 0, 0, 0, 0, 3, 0, 1, 1, 0, 0, 0, 0, 1, 0, 1, 0, 0, 1, 1, 1, 0, 0, 0, 3, 0, 0, 1, 0, 0, 1, 2, 1, 0, 1, 3, 0, 1, 0, 1, 1, 0, 0, 3, 1, 3, 0, 0, 0, 0, 0, 0, 1, 0, 2, 0, 0, 3, 1, 0, 0, 0, 2, 0, 0, 1, 2, 0, 3, 0, 1, 0, 0, 0, 0, 0, 2, 0, 1, 0, 0, 0, 2, 0, 0, 0, 1, 1, 0, 0, 0, 1, 2, 0, 1]
event=203:G2_TEC:action:mode=exploit,state=1,draw=0.5835837146005599,action=0
event=204:G2_TEC:leader:action=0,fingerprint=[66, 68, 55, 92, 86, 48, 24, 89, 70, 13, 60, 50, 93, 15, 25, 52, 1, 59, 76, 67, 65, 17, 77, 75, 28, 26, 35, 36, 94, 95, 41, 6, 7, 0, 79, 33, 46, 58, 32, 88, 54, 71, 53, 29, 56, 8, 49, 39, 34, 14, 37, 72, 38, 23, 73, 98, 19, 5, 45, 22, 27, 64, 18, 11, 31, 85, 42, 82, 61, 80, 2, 51, 40, 3, 96, 81, 47, 78, 30, 21, 84, 69, 99, 91, 12, 43, 44, 10, 97, 83, 74, 4, 90, 62, 63, 20, 57, 16, 87, 9]|[1, 2, 2, 0, 1, 2, 1, 2, 0, 1, 0, 0, 1, 0, 2, 0, 1, 2, 0, 2, 1, 2, 2, 2, 2, 0, 2, 2, 0, 1, 2, 1, 2, 1, 1, 0, 1, 0, 0, 0, 0, 0, 1, 2, 1, 1, 1, 2, 1, 2, 1, 0, 2, 0, 1, 2, 0, 1, 1, 0, 1, 2, 2, 2, 1, 0, 1, 1, 0, 0, 0, 2, 1, 0, 1, 1, 0, 0, 0, 2, 0, 2, 0, 2, 1, 2, 0, 1, 1, 1, 0, 0, 1, 0, 0, 0, 0, 1, 1, 0]|[1, 2, 2, 0, 3, 2, 4, 1, 0, 0, 1, 2, 4, 0, 2, 0, 4, 1, 1, 1, 4, 0, 2, 0, 1, 2, 2, 2, 0, 3, 1, 4, 2, 0, 0, 2, 4, 2, 0, 2, 1, 0, 3, 2, 4, 4, 3, 0, 0, 1, 4, 2, 0, 1, 0, 0, 2, 3, 4, 2, 3, 1, 1, 1, 3, 2, 3, 4, 1, 2, 1, 2, 4, 2, 4, 4, 0, 2, 0, 1, 2, 2, 0, 0, 2, 1, 2, 4, 4, 2, 2, 1, 4, 0, 1, 2, 0, 3, 3, 1]|[0, 0, 0, 1, 1, 0, 1, 1, 0, 2, 0, 0, 1, 1, 0, 0, 0, 0, 1, 0, 2, 0, 0, 0, 1, 0, 0, 0, 0, 3, 0, 2, 0, 0, 0, 1, 2, 1, 0, 1, 0, 0, 1, 0, 0, 1, 0, 1, 3, 1, 2, 0, 0, 0, 0, 0, 1, 0, 1, 1, 1, 0, 0, 0, 3, 0, 0, 2, 0, 1, 0, 0, 2, 0, 1, 1, 0, 1, 0, 0, 0, 0, 0, 0, 2, 0, 0, 0, 1, 3, 0, 1, 1, 0, 0, 0, 0, 1, 0, 1]
event=205:G3_TWC:action:mode=exploit,state=1,draw=0.37111818655204865,action=0
event=206:G3_TWC:leader:action=0,fingerprint=[66, 68, 55, 92, 86, 48, 24, 89, 70, 13, 60, 50, 93, 15, 25, 52, 1, 59, 76, 67, 65, 17, 77, 75, 28, 26, 35, 36, 94, 95, 41, 6, 7, 0, 79, 33, 46, 58, 32, 88, 54, 71, 53, 29, 56, 8, 49, 39, 34, 14, 37, 72, 38, 23, 40, 98, 69, 27, 47, 80, 73, 63, 83, 44, 57, 11, 5, 96, 2, 16, 45, 51, 42, 3, 90, 81, 64, 21, 87, 19, 18, 9, 62, 22, 99, 91, 10, 61, 31, 43, 30, 85, 84, 97, 74, 78, 82, 12, 20, 4]|[1, 1, 0, 1, 1, 2, 1, 0, 0, 2, 1, 0, 1, 0, 0, 0, 0, 2, 0, 2, 1, 0, 2, 0, 2, 2, 0, 2, 0, 1, 2, 2, 2, 1, 1, 1, 1, 0, 0, 0, 1, 0, 1, 2, 1, 0, 1, 0, 1, 2, 1, 0, 0, 0, 1, 2, 0, 1, 0, 1, 2, 0, 1, 0, 0, 1, 1, 1, 2, 2, 1, 1, 0, 1, 2, 0, 0, 2, 2, 2, 2, 1, 2, 2, 2, 1, 1, 1, 0, 2, 2, 0, 2, 0, 0, 0, 1, 1, 0, 0]|[1, 0, 2, 4, 3, 2, 2, 1, 0, 2, 1, 2, 4, 1, 2, 0, 0, 1, 1, 2, 4, 2, 2, 1, 1, 1, 0, 2, 0, 3, 1, 1, 2, 0, 0, 1, 4, 0, 1, 2, 4, 0, 3, 0, 3, 2, 4, 0, 0, 1, 4, 2, 1, 1, 0, 2, 0, 3, 0, 4, 1, 1, 2, 1, 0, 3, 0, 4, 1, 1, 4, 4, 0, 2, 1, 2, 1, 1, 1, 2, 1, 4, 2, 0, 1, 4, 4, 4, 2, 1, 1, 2, 0, 2, 2, 1, 4, 2, 2, 1]|[0, 2, 0, 0, 1, 0, 0, 0, 0, 0, 3, 0, 1, 1, 0, 0, 0, 0, 1, 0, 1, 0, 0, 1, 1, 1, 0, 0, 0, 3, 0, 0, 1, 0, 0, 1, 2, 1, 0, 1, 3, 0, 1, 0, 1, 1, 0, 0, 3, 1, 3, 0, 0, 0, 0, 0, 0, 1, 0, 2, 0, 0, 3, 1, 0, 0, 0, 2, 0, 0, 1, 2, 0, 3, 0, 1, 0, 0, 0, 0, 0, 2, 0, 1, 0, 0, 0, 2, 0, 0, 0, 1, 1, 0, 0, 0, 1, 2, 0, 1]
event=207:G1_CMAX:update:state=1,action=0,reward=-62.21845155336541,nextState=1,old=-256.05629657691225,new=-267.0634888148952
event=208:G2_TEC:update:state=1,action=0,reward=-181.2353509388413,nextState=1,old=-1068.6670397872895,new=-1036.1689827686728
event=209:G3_TWC:update:state=1,action=0,reward=-3833.833297672507,nextState=1,old=-17265.12415617656,new=-17645.932622613756
event=210:G4_BALANCED:update:state=1,action=1,reward=-0.05897060429327493,nextState=1,old=-0.2510525287816379,new=-0.2598126273185853
event=211:G1_CMAX:action:mode=exploit,state=1,draw=0.3305551292954164,action=0
event=212:G1_CMAX:leader:action=0,fingerprint=[66, 68, 55, 92, 86, 48, 24, 89, 70, 13, 60, 50, 93, 15, 25, 52, 1, 59, 76, 67, 65, 17, 77, 75, 28, 26, 35, 36, 94, 95, 41, 6, 7, 0, 79, 33, 46, 58, 32, 88, 54, 71, 53, 29, 56, 8, 49, 39, 34, 14, 37, 72, 38, 23, 40, 98, 69, 27, 47, 80, 73, 63, 83, 44, 57, 11, 5, 96, 2, 16, 45, 51, 42, 3, 90, 81, 64, 21, 87, 19, 18, 9, 62, 22, 99, 91, 10, 61, 31, 43, 30, 85, 84, 97, 74, 78, 82, 12, 20, 4]|[1, 1, 0, 1, 1, 2, 1, 0, 0, 2, 1, 0, 1, 0, 0, 0, 0, 2, 0, 2, 1, 0, 2, 0, 2, 2, 0, 2, 0, 1, 2, 2, 2, 1, 1, 1, 1, 0, 0, 0, 1, 0, 1, 2, 1, 0, 1, 0, 1, 2, 1, 0, 0, 0, 1, 2, 0, 1, 0, 1, 2, 0, 1, 0, 0, 1, 1, 1, 2, 2, 1, 1, 0, 1, 2, 0, 0, 2, 2, 2, 2, 1, 2, 2, 2, 1, 1, 1, 0, 2, 2, 0, 2, 0, 0, 0, 1, 1, 0, 0]|[1, 0, 2, 4, 3, 2, 2, 1, 0, 2, 1, 2, 4, 1, 2, 0, 0, 1, 1, 2, 4, 2, 2, 1, 1, 1, 0, 2, 0, 3, 1, 1, 2, 0, 0, 1, 4, 0, 1, 2, 4, 0, 3, 0, 3, 2, 4, 0, 0, 1, 4, 2, 1, 1, 0, 2, 0, 3, 0, 4, 1, 1, 2, 1, 0, 3, 0, 4, 1, 1, 4, 4, 0, 2, 1, 2, 1, 1, 1, 2, 1, 4, 2, 0, 1, 4, 4, 4, 2, 1, 1, 2, 0, 2, 2, 1, 4, 2, 2, 1]|[0, 2, 0, 0, 1, 0, 0, 0, 0, 0, 3, 0, 1, 1, 0, 0, 0, 0, 1, 0, 1, 0, 0, 1, 1, 1, 0, 0, 0, 3, 0, 0, 1, 0, 0, 1, 2, 1, 0, 1, 3, 0, 1, 0, 1, 1, 0, 0, 3, 1, 3, 0, 0, 0, 0, 0, 0, 1, 0, 2, 0, 0, 3, 1, 0, 0, 0, 2, 0, 0, 1, 2, 0, 3, 0, 1, 0, 0, 0, 0, 0, 2, 0, 1, 0, 0, 0, 2, 0, 0, 0, 1, 1, 0, 0, 0, 1, 2, 0, 1]
event=213:G4_BALANCED:action:mode=exploit,state=1,draw=0.7917638623516295,action=0
event=214:G4_BALANCED:leader:action=0,fingerprint=[66, 68, 55, 92, 86, 48, 24, 89, 70, 13, 60, 50, 93, 15, 25, 52, 1, 59, 76, 67, 65, 17, 77, 75, 28, 26, 35, 36, 94, 95, 41, 6, 7, 0, 79, 33, 46, 58, 32, 88, 54, 71, 53, 29, 56, 8, 49, 39, 34, 14, 37, 72, 38, 23, 40, 98, 69, 27, 47, 80, 73, 63, 83, 44, 57, 11, 5, 96, 2, 16, 45, 51, 42, 3, 90, 81, 64, 21, 87, 19, 18, 9, 62, 22, 99, 91, 10, 61, 31, 43, 30, 85, 84, 97, 74, 78, 82, 12, 20, 4]|[1, 1, 0, 1, 1, 2, 1, 0, 0, 2, 1, 0, 1, 0, 0, 0, 0, 2, 0, 2, 1, 0, 2, 0, 2, 2, 0, 2, 0, 1, 2, 2, 2, 1, 1, 1, 1, 0, 0, 0, 1, 0, 1, 2, 1, 0, 1, 0, 1, 2, 1, 0, 0, 0, 1, 2, 0, 1, 0, 1, 2, 0, 1, 0, 0, 1, 1, 1, 2, 2, 1, 1, 0, 1, 2, 0, 0, 2, 2, 2, 2, 1, 2, 2, 2, 1, 1, 1, 0, 2, 2, 0, 2, 0, 0, 0, 1, 1, 0, 0]|[1, 0, 2, 4, 3, 2, 2, 1, 0, 2, 1, 2, 4, 1, 2, 0, 0, 1, 1, 2, 4, 2, 2, 1, 1, 1, 0, 2, 0, 3, 1, 1, 2, 0, 0, 1, 4, 0, 1, 2, 4, 0, 3, 0, 3, 2, 4, 0, 0, 1, 4, 2, 1, 1, 0, 2, 0, 3, 0, 4, 1, 1, 2, 1, 0, 3, 0, 4, 1, 1, 4, 4, 0, 2, 1, 2, 1, 1, 1, 2, 1, 4, 2, 0, 1, 4, 4, 4, 2, 1, 1, 2, 0, 2, 2, 1, 4, 2, 2, 1]|[0, 2, 0, 0, 1, 0, 0, 0, 0, 0, 3, 0, 1, 1, 0, 0, 0, 0, 1, 0, 1, 0, 0, 1, 1, 1, 0, 0, 0, 3, 0, 0, 1, 0, 0, 1, 2, 1, 0, 1, 3, 0, 1, 0, 1, 1, 0, 0, 3, 1, 3, 0, 0, 0, 0, 0, 0, 1, 0, 2, 0, 0, 3, 1, 0, 0, 0, 2, 0, 0, 1, 2, 0, 3, 0, 1, 0, 0, 0, 0, 0, 2, 0, 1, 0, 0, 0, 2, 0, 0, 0, 1, 1, 0, 0, 0, 1, 2, 0, 1]
event=215:G2_TEC:action:mode=exploit,state=1,draw=0.5099217909349657,action=0
event=216:G2_TEC:leader:action=0,fingerprint=[66, 68, 55, 92, 86, 48, 24, 89, 70, 13, 60, 50, 93, 15, 25, 52, 1, 59, 76, 67, 65, 17, 77, 75, 28, 26, 35, 36, 94, 95, 41, 6, 7, 0, 79, 33, 46, 58, 32, 88, 54, 71, 53, 29, 56, 8, 49, 39, 34, 14, 37, 72, 38, 23, 73, 98, 19, 5, 45, 22, 27, 64, 18, 11, 31, 85, 42, 82, 61, 80, 2, 51, 40, 3, 96, 81, 47, 78, 30, 21, 84, 69, 99, 91, 12, 43, 44, 10, 97, 83, 74, 4, 90, 62, 63, 20, 57, 16, 87, 9]|[1, 2, 2, 0, 1, 2, 1, 2, 0, 1, 0, 0, 1, 0, 2, 0, 1, 2, 0, 2, 1, 2, 2, 2, 2, 0, 2, 2, 0, 1, 2, 1, 2, 1, 1, 0, 1, 0, 0, 0, 0, 0, 1, 2, 1, 1, 1, 2, 1, 2, 1, 0, 2, 0, 1, 2, 0, 1, 1, 0, 1, 2, 2, 2, 1, 0, 1, 1, 0, 0, 0, 2, 1, 0, 1, 1, 0, 0, 0, 2, 0, 2, 0, 2, 1, 2, 0, 1, 1, 1, 0, 0, 1, 0, 0, 0, 0, 1, 1, 0]|[1, 2, 2, 0, 3, 2, 4, 1, 0, 0, 1, 2, 4, 0, 2, 0, 4, 1, 1, 1, 4, 0, 2, 0, 1, 2, 2, 2, 0, 3, 1, 4, 2, 0, 0, 2, 4, 2, 0, 2, 1, 0, 3, 2, 4, 4, 3, 0, 0, 1, 4, 2, 0, 1, 0, 0, 2, 3, 4, 2, 3, 1, 1, 1, 3, 2, 3, 4, 1, 2, 1, 2, 4, 2, 4, 4, 0, 2, 0, 1, 2, 2, 0, 0, 2, 1, 2, 4, 4, 2, 2, 1, 4, 0, 1, 2, 0, 3, 3, 1]|[0, 0, 0, 1, 1, 0, 1, 1, 0, 2, 0, 0, 1, 1, 0, 0, 0, 0, 1, 0, 2, 0, 0, 0, 1, 0, 0, 0, 0, 3, 0, 2, 0, 0, 0, 1, 2, 1, 0, 1, 0, 0, 1, 0, 0, 1, 0, 1, 3, 1, 2, 0, 0, 0, 0, 0, 1, 0, 1, 1, 1, 0, 0, 0, 3, 0, 0, 2, 0, 1, 0, 0, 2, 0, 1, 1, 0, 1, 0, 0, 0, 0, 0, 0, 2, 0, 0, 0, 1, 3, 0, 1, 1, 0, 0, 0, 0, 1, 0, 1]
event=217:G3_TWC:action:mode=exploit,state=1,draw=0.20491932737212892,action=0
event=218:G3_TWC:leader:action=0,fingerprint=[66, 68, 55, 92, 86, 48, 24, 89, 70, 13, 60, 50, 93, 15, 25, 52, 1, 59, 76, 67, 65, 17, 77, 75, 28, 26, 35, 36, 94, 95, 41, 6, 7, 0, 79, 33, 46, 58, 32, 88, 54, 71, 53, 29, 56, 8, 49, 39, 34, 14, 37, 72, 38, 23, 40, 98, 69, 27, 47, 80, 73, 63, 83, 44, 57, 11, 5, 96, 2, 16, 45, 51, 42, 3, 90, 81, 64, 21, 87, 19, 18, 9, 62, 22, 99, 91, 10, 61, 31, 43, 30, 85, 84, 97, 74, 78, 82, 12, 20, 4]|[1, 1, 0, 1, 1, 2, 1, 0, 0, 2, 1, 0, 1, 0, 0, 0, 0, 2, 0, 2, 1, 0, 2, 0, 2, 2, 0, 2, 0, 1, 2, 2, 2, 1, 1, 1, 1, 0, 0, 0, 1, 0, 1, 2, 1, 0, 1, 0, 1, 2, 1, 0, 0, 0, 1, 2, 0, 1, 0, 1, 2, 0, 1, 0, 0, 1, 1, 1, 2, 2, 1, 1, 0, 1, 2, 0, 0, 2, 2, 2, 2, 1, 2, 2, 2, 1, 1, 1, 0, 2, 2, 0, 2, 0, 0, 0, 1, 1, 0, 0]|[1, 0, 2, 4, 3, 2, 2, 1, 0, 2, 1, 2, 4, 1, 2, 0, 0, 1, 1, 2, 4, 2, 2, 1, 1, 1, 0, 2, 0, 3, 1, 1, 2, 0, 0, 1, 4, 0, 1, 2, 4, 0, 3, 0, 3, 2, 4, 0, 0, 1, 4, 2, 1, 1, 0, 2, 0, 3, 0, 4, 1, 1, 2, 1, 0, 3, 0, 4, 1, 1, 4, 4, 0, 2, 1, 2, 1, 1, 1, 2, 1, 4, 2, 0, 1, 4, 4, 4, 2, 1, 1, 2, 0, 2, 2, 1, 4, 2, 2, 1]|[0, 2, 0, 0, 1, 0, 0, 0, 0, 0, 3, 0, 1, 1, 0, 0, 0, 0, 1, 0, 1, 0, 0, 1, 1, 1, 0, 0, 0, 3, 0, 0, 1, 0, 0, 1, 2, 1, 0, 1, 3, 0, 1, 0, 1, 1, 0, 0, 3, 1, 3, 0, 0, 0, 0, 0, 0, 1, 0, 2, 0, 0, 3, 1, 0, 0, 0, 2, 0, 0, 1, 2, 0, 3, 0, 1, 0, 0, 0, 0, 0, 2, 0, 1, 0, 0, 0, 2, 0, 0, 0, 1, 1, 0, 0, 0, 1, 2, 0, 1]
event=219:G1_CMAX:update:state=1,action=0,reward=-45.48622107052506,nextState=1,old=-267.0634888148952,new=-259.1370121224412
event=220:G2_TEC:update:state=1,action=0,reward=-237.4099897233682,nextState=1,old=-1036.1689827686728,new=-1066.3451759383065
event=221:G3_TWC:update:state=1,action=0,reward=-2060.2437095198547,nextState=1,old=-17645.932622613756,new=-16176.98980761086
event=222:G4_BALANCED:update:state=1,action=0,reward=-0.07366232544455026,nextState=1,old=-0.25548446246135476,new=-0.27804989541363406
event=223:G1_CMAX:action:mode=explore,state=1,draw=0.8249038966583541,action=2
event=224:G1_CMAX:tournament:reason=action2,left=22,right=13,selected=[66, 68, 55, 92, 86, 48, 24, 89, 70, 13, 60, 50, 93, 15, 25, 52, 1, 59, 76, 67, 65, 17, 77, 75, 28, 26, 35, 36, 94, 95, 41, 6, 7, 0, 79, 33, 46, 58, 32, 88, 54, 71, 53, 29, 56, 8, 49, 39, 34, 14, 37, 72, 38, 23, 73, 98, 19, 5, 45, 80, 40, 63, 83, 44, 57, 11, 27, 96, 2, 16, 47, 51, 42, 3, 90, 81, 64, 21, 87, 69, 18, 9, 99, 91, 12, 43, 85, 10, 97, 84, 74, 4, 82, 62, 61, 20, 31, 22, 30, 78]|[1, 2, 0, 0, 0, 2, 1, 0, 0, 2, 0, 0, 1, 0, 0, 0, 1, 2, 0, 2, 1, 0, 2, 2, 2, 0, 2, 2, 0, 1, 2, 1, 2, 1, 1, 0, 1, 0, 0, 0, 0, 0, 1, 2, 1, 0, 1, 2, 1, 2, 1, 0, 0, 0, 1, 2, 2, 1, 1, 1, 1, 0, 1, 0, 1, 0, 1, 1, 2, 2, 1, 2, 1, 0, 1, 1, 2, 2, 1, 2, 2, 0, 2, 1, 1, 2, 0, 1, 1, 1, 0, 0, 1, 0, 1, 0, 0, 1, 0, 1]|[1, 2, 2, 0, 2, 2, 4, 1, 0, 2, 1, 2, 4, 1, 2, 0, 4, 1, 1, 2, 4, 2, 2, 0, 1, 2, 2, 2, 0, 3, 1, 4, 2, 0, 0, 2, 4, 2, 1, 2, 1, 0, 3, 2, 3, 2, 4, 0, 0, 1, 4, 2, 1, 1, 0, 0, 2, 3, 4, 4, 0, 1, 2, 1, 3, 1, 3, 4, 1, 1, 4, 2, 4, 2, 4, 4, 1, 1, 3, 1, 1, 2, 1, 4, 2, 1, 2, 4, 4, 2, 2, 1, 4, 2, 4, 2, 2, 3, 0, 3]|[0, 0, 0, 1, 1, 0, 1, 0, 0, 0, 0, 0, 1, 1, 0, 0, 0, 0, 1, 0, 1, 0, 0, 0, 1, 0, 0, 0, 0, 3, 0, 2, 1, 0, 0, 1, 2, 1, 0, 1, 0, 0, 1, 0, 1, 1, 0, 1, 3, 1, 2, 0, 0, 0, 0, 0, 0, 1, 1, 2, 0, 0, 3, 1, 3, 0, 1, 1, 0, 0, 1, 0, 2, 0, 2, 1, 0, 0, 0, 0, 0, 1, 0, 1, 2, 0, 1, 0, 1, 3, 0, 1, 2, 0, 2, 0, 0, 1, 0, 1]
event=225:G1_CMAX:leader:action=2,fingerprint=[66, 68, 55, 92, 86, 48, 24, 89, 70, 13, 60, 50, 93, 15, 25, 52, 1, 59, 76, 67, 65, 17, 77, 75, 28, 26, 35, 36, 94, 95, 41, 6, 7, 0, 79, 33, 46, 58, 32, 88, 54, 71, 53, 29, 56, 8, 49, 39, 34, 14, 37, 72, 38, 23, 73, 98, 19, 5, 45, 80, 40, 63, 83, 44, 57, 11, 27, 96, 2, 16, 47, 51, 42, 3, 90, 81, 64, 21, 87, 69, 18, 9, 99, 91, 12, 43, 85, 10, 97, 84, 74, 4, 82, 62, 61, 20, 31, 22, 30, 78]|[1, 2, 0, 0, 0, 2, 1, 0, 0, 2, 0, 0, 1, 0, 0, 0, 1, 2, 0, 2, 1, 0, 2, 2, 2, 0, 2, 2, 0, 1, 2, 1, 2, 1, 1, 0, 1, 0, 0, 0, 0, 0, 1, 2, 1, 0, 1, 2, 1, 2, 1, 0, 0, 0, 1, 2, 2, 1, 1, 1, 1, 0, 1, 0, 1, 0, 1, 1, 2, 2, 1, 2, 1, 0, 1, 1, 2, 2, 1, 2, 2, 0, 2, 1, 1, 2, 0, 1, 1, 1, 0, 0, 1, 0, 1, 0, 0, 1, 0, 1]|[1, 2, 2, 0, 2, 2, 4, 1, 0, 2, 1, 2, 4, 1, 2, 0, 4, 1, 1, 2, 4, 2, 2, 0, 1, 2, 2, 2, 0, 3, 1, 4, 2, 0, 0, 2, 4, 2, 1, 2, 1, 0, 3, 2, 3, 2, 4, 0, 0, 1, 4, 2, 1, 1, 0, 0, 2, 3, 4, 4, 0, 1, 2, 1, 3, 1, 3, 4, 1, 1, 4, 2, 4, 2, 4, 4, 1, 1, 3, 1, 1, 2, 1, 4, 2, 1, 2, 4, 4, 2, 2, 1, 4, 2, 4, 2, 2, 3, 0, 3]|[0, 0, 0, 1, 1, 0, 1, 0, 0, 0, 0, 0, 1, 1, 0, 0, 0, 0, 1, 0, 1, 0, 0, 0, 1, 0, 0, 0, 0, 3, 0, 2, 1, 0, 0, 1, 2, 1, 0, 1, 0, 0, 1, 0, 1, 1, 0, 1, 3, 1, 2, 0, 0, 0, 0, 0, 0, 1, 1, 2, 0, 0, 3, 1, 3, 0, 1, 1, 0, 0, 1, 0, 2, 0, 2, 1, 0, 0, 0, 0, 0, 1, 0, 1, 2, 0, 1, 0, 1, 3, 0, 1, 2, 0, 2, 0, 0, 1, 0, 1]
event=226:G4_BALANCED:action:mode=exploit,state=1,draw=0.7999664590085312,action=1
event=227:G4_BALANCED:leader:action=1,fingerprint=[66, 68, 55, 92, 86, 48, 24, 89, 70, 13, 60, 50, 93, 15, 25, 52, 1, 59, 76, 67, 65, 17, 77, 75, 28, 26, 35, 36, 94, 95, 41, 6, 7, 0, 79, 33, 46, 58, 32, 88, 54, 71, 53, 29, 56, 8, 49, 39, 34, 14, 37, 72, 38, 23, 40, 98, 69, 27, 47, 80, 73, 63, 83, 44, 57, 11, 5, 96, 2, 16, 45, 51, 42, 3, 90, 81, 64, 21, 87, 19, 18, 9, 62, 22, 99, 91, 10, 61, 31, 43, 30, 85, 84, 97, 74, 78, 82, 12, 20, 4]|[1, 1, 0, 1, 1, 2, 1, 0, 0, 2, 1, 0, 1, 0, 0, 0, 0, 2, 0, 2, 1, 0, 2, 0, 2, 2, 0, 2, 0, 1, 2, 2, 2, 1, 1, 1, 1, 0, 0, 0, 1, 0, 1, 2, 1, 0, 1, 0, 1, 2, 1, 0, 0, 0, 1, 2, 0, 1, 0, 1, 2, 0, 1, 0, 0, 1, 1, 1, 2, 2, 1, 1, 0, 1, 2, 0, 0, 2, 2, 2, 2, 1, 2, 2, 2, 1, 1, 1, 0, 2, 2, 0, 2, 0, 0, 0, 1, 1, 0, 0]|[1, 0, 2, 4, 3, 2, 2, 1, 0, 2, 1, 2, 4, 1, 2, 0, 0, 1, 1, 2, 4, 2, 2, 1, 1, 1, 0, 2, 0, 3, 1, 1, 2, 0, 0, 1, 4, 0, 1, 2, 4, 0, 3, 0, 3, 2, 4, 0, 0, 1, 4, 2, 1, 1, 0, 2, 0, 3, 0, 4, 1, 1, 2, 1, 0, 3, 0, 4, 1, 1, 4, 4, 0, 2, 1, 2, 1, 1, 1, 2, 1, 4, 2, 0, 1, 4, 4, 4, 2, 1, 1, 2, 0, 2, 2, 1, 4, 2, 2, 1]|[0, 2, 0, 0, 1, 0, 0, 0, 0, 0, 3, 0, 1, 1, 0, 0, 0, 0, 1, 0, 1, 0, 0, 1, 1, 1, 0, 0, 0, 3, 0, 0, 1, 0, 0, 1, 2, 1, 0, 1, 3, 0, 1, 0, 1, 1, 0, 0, 3, 1, 3, 0, 0, 0, 0, 0, 0, 1, 0, 2, 0, 0, 3, 1, 0, 0, 0, 2, 0, 0, 1, 2, 0, 3, 0, 1, 0, 0, 0, 0, 0, 2, 0, 1, 0, 0, 0, 2, 0, 0, 0, 1, 1, 0, 0, 0, 1, 2, 0, 1]
event=228:G2_TEC:action:mode=exploit,state=1,draw=0.484975129438194,action=0
event=229:G2_TEC:leader:action=0,fingerprint=[66, 68, 55, 92, 86, 48, 24, 89, 70, 13, 60, 50, 93, 15, 25, 52, 1, 59, 76, 67, 65, 17, 77, 75, 28, 26, 35, 36, 94, 95, 41, 6, 7, 0, 79, 33, 46, 58, 32, 88, 54, 71, 53, 29, 56, 8, 49, 39, 34, 14, 37, 72, 38, 23, 73, 98, 19, 5, 45, 22, 27, 64, 18, 11, 31, 85, 42, 82, 61, 80, 2, 51, 40, 3, 96, 81, 47, 78, 30, 21, 84, 69, 99, 91, 12, 43, 44, 10, 97, 83, 74, 4, 90, 62, 63, 20, 57, 16, 87, 9]|[1, 2, 2, 0, 1, 2, 1, 2, 0, 1, 0, 0, 1, 0, 2, 0, 1, 2, 0, 2, 1, 2, 2, 2, 2, 0, 2, 2, 0, 1, 2, 1, 2, 1, 1, 0, 1, 0, 0, 0, 0, 0, 1, 2, 1, 1, 1, 2, 1, 2, 1, 0, 2, 0, 1, 2, 0, 1, 1, 0, 1, 2, 2, 2, 1, 0, 1, 1, 0, 0, 0, 2, 1, 0, 1, 1, 0, 0, 0, 2, 0, 2, 0, 2, 1, 2, 0, 1, 1, 1, 0, 0, 1, 0, 0, 0, 0, 1, 1, 0]|[1, 2, 2, 0, 3, 2, 4, 1, 0, 0, 1, 2, 4, 0, 2, 0, 4, 1, 1, 1, 4, 0, 2, 0, 1, 2, 2, 2, 0, 3, 1, 4, 2, 0, 0, 2, 4, 2, 0, 2, 1, 0, 3, 2, 4, 4, 3, 0, 0, 1, 4, 2, 0, 1, 0, 0, 2, 3, 4, 2, 3, 1, 1, 1, 3, 2, 3, 4, 1, 2, 1, 2, 4, 2, 4, 4, 0, 2, 0, 1, 2, 2, 0, 0, 2, 1, 2, 4, 4, 2, 2, 1, 4, 0, 1, 2, 0, 3, 3, 1]|[0, 0, 0, 1, 1, 0, 1, 1, 0, 2, 0, 0, 1, 1, 0, 0, 0, 0, 1, 0, 2, 0, 0, 0, 1, 0, 0, 0, 0, 3, 0, 2, 0, 0, 0, 1, 2, 1, 0, 1, 0, 0, 1, 0, 0, 1, 0, 1, 3, 1, 2, 0, 0, 0, 0, 0, 1, 0, 1, 1, 1, 0, 0, 0, 3, 0, 0, 2, 0, 1, 0, 0, 2, 0, 1, 1, 0, 1, 0, 0, 0, 0, 0, 0, 2, 0, 0, 0, 1, 3, 0, 1, 1, 0, 0, 0, 0, 1, 0, 1]
event=230:G3_TWC:action:mode=exploit,state=1,draw=0.6638611690277303,action=0
event=231:G3_TWC:leader:action=0,fingerprint=[66, 68, 55, 92, 86, 48, 24, 89, 70, 13, 60, 50, 93, 15, 25, 52, 1, 59, 76, 67, 65, 17, 77, 75, 28, 26, 35, 36, 94, 95, 41, 6, 7, 0, 79, 33, 46, 58, 32, 88, 54, 71, 53, 29, 56, 8, 49, 39, 34, 14, 37, 72, 38, 23, 40, 98, 69, 27, 47, 80, 73, 63, 83, 44, 57, 11, 5, 96, 2, 16, 45, 51, 42, 3, 90, 81, 64, 21, 87, 19, 18, 9, 62, 22, 99, 91, 10, 61, 31, 43, 30, 85, 84, 97, 74, 78, 82, 12, 20, 4]|[1, 1, 0, 1, 1, 2, 1, 0, 0, 2, 1, 0, 1, 0, 0, 0, 0, 2, 0, 2, 1, 0, 2, 0, 2, 2, 0, 2, 0, 1, 2, 2, 2, 1, 1, 1, 1, 0, 0, 0, 1, 0, 1, 2, 1, 0, 1, 0, 1, 2, 1, 0, 0, 0, 1, 2, 0, 1, 0, 1, 2, 0, 1, 0, 0, 1, 1, 1, 2, 2, 1, 1, 0, 1, 2, 0, 0, 2, 2, 2, 2, 1, 2, 2, 2, 1, 1, 1, 0, 2, 2, 0, 2, 0, 0, 0, 1, 1, 0, 0]|[1, 0, 2, 4, 3, 2, 2, 1, 0, 2, 1, 2, 4, 1, 2, 0, 0, 1, 1, 2, 4, 2, 2, 1, 1, 1, 0, 2, 0, 3, 1, 1, 2, 0, 0, 1, 4, 0, 1, 2, 4, 0, 3, 0, 3, 2, 4, 0, 0, 1, 4, 2, 1, 1, 0, 2, 0, 3, 0, 4, 1, 1, 2, 1, 0, 3, 0, 4, 1, 1, 4, 4, 0, 2, 1, 2, 1, 1, 1, 2, 1, 4, 2, 0, 1, 4, 4, 4, 2, 1, 1, 2, 0, 2, 2, 1, 4, 2, 2, 1]|[0, 2, 0, 0, 1, 0, 0, 0, 0, 0, 3, 0, 1, 1, 0, 0, 0, 0, 1, 0, 1, 0, 0, 1, 1, 1, 0, 0, 0, 3, 0, 0, 1, 0, 0, 1, 2, 1, 0, 1, 3, 0, 1, 0, 1, 1, 0, 0, 3, 1, 3, 0, 0, 0, 0, 0, 0, 1, 0, 2, 0, 0, 3, 1, 0, 0, 0, 2, 0, 0, 1, 2, 0, 3, 0, 1, 0, 0, 0, 0, 0, 2, 0, 1, 0, 0, 0, 2, 0, 0, 0, 1, 1, 0, 0, 0, 1, 2, 0, 1]
event=232:G1_CMAX:update:state=1,action=2,reward=-80.74376974980134,nextState=1,old=-274.32761010514554,new=-288.0533794477543
event=233:G2_TEC:update:state=1,action=0,reward=-76.94636181327223,nextState=1,old=-1066.3451759383065,new=-930.0225025639174
event=234:G3_TWC:update:state=1,action=0,reward=-333.70936244480254,nextState=1,old=-16176.98980761086,new=-13275.301208533492
event=235:G4_BALANCED:update:state=1,action=1,reward=-0.04847004578894137,nextState=1,old=-0.2598126273185853,new=-0.2563201476438096
event=236:G1_CMAX:action:mode=explore,state=1,draw=0.955866169235107,action=2
event=237:G1_CMAX:tournament:reason=action2,left=23,right=25,selected=[66, 68, 55, 92, 86, 48, 24, 89, 70, 13, 60, 50, 93, 15, 25, 52, 1, 59, 76, 67, 65, 17, 77, 75, 28, 26, 35, 36, 94, 95, 41, 6, 7, 0, 79, 33, 46, 58, 32, 88, 54, 71, 53, 29, 56, 8, 49, 39, 34, 14, 37, 72, 38, 23, 40, 98, 69, 27, 47, 80, 73, 63, 83, 44, 57, 11, 5, 96, 2, 16, 45, 51, 42, 3, 90, 81, 91, 21, 87, 19, 18, 9, 62, 22, 99, 64, 10, 61, 31, 43, 84, 97, 82, 12, 4, 30, 78, 85, 20, 74]|[1, 1, 0, 1, 2, 2, 2, 0, 0, 2, 1, 0, 1, 0, 2, 0, 0, 2, 0, 2, 1, 0, 2, 0, 2, 2, 0, 2, 0, 1, 2, 2, 2, 1, 1, 0, 1, 0, 0, 0, 1, 0, 1, 2, 1, 0, 1, 0, 1, 2, 1, 0, 0, 0, 1, 2, 0, 1, 0, 1, 1, 0, 1, 0, 0, 1, 1, 1, 2, 2, 1, 1, 0, 1, 2, 0, 0, 2, 2, 1, 0, 1, 0, 2, 2, 1, 1, 1, 0, 2, 2, 0, 1, 1, 0, 2, 0, 1, 0, 0]|[1, 0, 2, 4, 1, 2, 0, 1, 0, 2, 1, 2, 4, 1, 2, 0, 0, 1, 1, 2, 4, 2, 2, 1, 1, 1, 0, 2, 0, 3, 1, 1, 2, 0, 0, 2, 4, 0, 1, 2, 4, 0, 3, 0, 3, 2, 3, 2, 0, 1, 4, 2, 1, 1, 0, 2, 2, 3, 0, 4, 4, 1, 2, 1, 0, 3, 0, 4, 1, 1, 4, 4, 0, 2, 1, 2, 1, 1, 1, 0, 1, 4, 0, 0, 1, 3, 4, 4, 2, 1, 0, 2, 4, 2, 1, 1, 1, 2, 2, 2]|[0, 2, 0, 0, 1, 0, 1, 0, 0, 0, 3, 0, 1, 1, 0, 0, 0, 0, 1, 0, 2, 0, 0, 1, 1, 1, 0, 0, 0, 3, 0, 0, 1, 0, 0, 1, 2, 1, 0, 1, 3, 0, 1, 0, 1, 1, 0, 1, 3, 1, 2, 0, 0, 0, 0, 0, 1, 1, 0, 2, 0, 1, 3, 1, 0, 0, 0, 2, 0, 0, 1, 2, 0, 3, 0, 1, 0, 0, 0, 3, 0, 2, 0, 1, 0, 3, 0, 2, 0, 0, 1, 0, 1, 2, 1, 0, 0, 1, 0, 0]
event=238:G1_CMAX:leader:action=2,fingerprint=[66, 68, 55, 92, 86, 48, 24, 89, 70, 13, 60, 50, 93, 15, 25, 52, 1, 59, 76, 67, 65, 17, 77, 75, 28, 26, 35, 36, 94, 95, 41, 6, 7, 0, 79, 33, 46, 58, 32, 88, 54, 71, 53, 29, 56, 8, 49, 39, 34, 14, 37, 72, 38, 23, 40, 98, 69, 27, 47, 80, 73, 63, 83, 44, 57, 11, 5, 96, 2, 16, 45, 51, 42, 3, 90, 81, 91, 21, 87, 19, 18, 9, 62, 22, 99, 64, 10, 61, 31, 43, 84, 97, 82, 12, 4, 30, 78, 85, 20, 74]|[1, 1, 0, 1, 2, 2, 2, 0, 0, 2, 1, 0, 1, 0, 2, 0, 0, 2, 0, 2, 1, 0, 2, 0, 2, 2, 0, 2, 0, 1, 2, 2, 2, 1, 1, 0, 1, 0, 0, 0, 1, 0, 1, 2, 1, 0, 1, 0, 1, 2, 1, 0, 0, 0, 1, 2, 0, 1, 0, 1, 1, 0, 1, 0, 0, 1, 1, 1, 2, 2, 1, 1, 0, 1, 2, 0, 0, 2, 2, 1, 0, 1, 0, 2, 2, 1, 1, 1, 0, 2, 2, 0, 1, 1, 0, 2, 0, 1, 0, 0]|[1, 0, 2, 4, 1, 2, 0, 1, 0, 2, 1, 2, 4, 1, 2, 0, 0, 1, 1, 2, 4, 2, 2, 1, 1, 1, 0, 2, 0, 3, 1, 1, 2, 0, 0, 2, 4, 0, 1, 2, 4, 0, 3, 0, 3, 2, 3, 2, 0, 1, 4, 2, 1, 1, 0, 2, 2, 3, 0, 4, 4, 1, 2, 1, 0, 3, 0, 4, 1, 1, 4, 4, 0, 2, 1, 2, 1, 1, 1, 0, 1, 4, 0, 0, 1, 3, 4, 4, 2, 1, 0, 2, 4, 2, 1, 1, 1, 2, 2, 2]|[0, 2, 0, 0, 1, 0, 1, 0, 0, 0, 3, 0, 1, 1, 0, 0, 0, 0, 1, 0, 2, 0, 0, 1, 1, 1, 0, 0, 0, 3, 0, 0, 1, 0, 0, 1, 2, 1, 0, 1, 3, 0, 1, 0, 1, 1, 0, 1, 3, 1, 2, 0, 0, 0, 0, 0, 1, 1, 0, 2, 0, 1, 3, 1, 0, 0, 0, 2, 0, 0, 1, 2, 0, 3, 0, 1, 0, 0, 0, 3, 0, 2, 0, 1, 0, 3, 0, 2, 0, 0, 1, 0, 1, 2, 1, 0, 0, 1, 0, 0]
event=239:G4_BALANCED:action:mode=exploit,state=1,draw=0.2896260382596012,action=1
event=240:G4_BALANCED:leader:action=1,fingerprint=[66, 68, 55, 92, 86, 48, 24, 89, 70, 13, 60, 50, 93, 15, 25, 52, 1, 59, 76, 67, 65, 17, 77, 75, 28, 26, 35, 36, 94, 95, 41, 6, 7, 0, 79, 33, 46, 58, 32, 88, 54, 71, 53, 29, 56, 8, 49, 39, 34, 14, 37, 72, 38, 23, 40, 98, 69, 27, 47, 80, 73, 63, 83, 44, 57, 11, 5, 96, 2, 16, 45, 51, 42, 3, 90, 81, 64, 21, 87, 19, 18, 9, 62, 22, 99, 91, 10, 61, 31, 43, 30, 85, 84, 97, 74, 78, 82, 12, 20, 4]|[1, 1, 0, 1, 1, 2, 1, 0, 0, 2, 1, 0, 1, 0, 0, 0, 0, 2, 0, 2, 1, 0, 2, 0, 2, 2, 0, 2, 0, 1, 2, 2, 2, 1, 1, 1, 1, 0, 0, 0, 1, 0, 1, 2, 1, 0, 1, 0, 1, 2, 1, 0, 0, 0, 1, 2, 0, 1, 0, 1, 2, 0, 1, 0, 0, 1, 1, 1, 2, 2, 1, 1, 0, 1, 2, 0, 0, 2, 2, 2, 2, 1, 2, 2, 2, 1, 1, 1, 0, 2, 2, 0, 2, 0, 0, 0, 1, 1, 0, 0]|[1, 0, 2, 4, 3, 2, 2, 1, 0, 2, 1, 2, 4, 1, 2, 0, 0, 1, 1, 2, 4, 2, 2, 1, 1, 1, 0, 2, 0, 3, 1, 1, 2, 0, 0, 1, 4, 0, 1, 2, 4, 0, 3, 0, 3, 2, 4, 0, 0, 1, 4, 2, 1, 1, 0, 2, 0, 3, 0, 4, 1, 1, 2, 1, 0, 3, 0, 4, 1, 1, 4, 4, 0, 2, 1, 2, 1, 1, 1, 2, 1, 4, 2, 0, 1, 4, 4, 4, 2, 1, 1, 2, 0, 2, 2, 1, 4, 2, 2, 1]|[0, 2, 0, 0, 1, 0, 0, 0, 0, 0, 3, 0, 1, 1, 0, 0, 0, 0, 1, 0, 1, 0, 0, 1, 1, 1, 0, 0, 0, 3, 0, 0, 1, 0, 0, 1, 2, 1, 0, 1, 3, 0, 1, 0, 1, 1, 0, 0, 3, 1, 3, 0, 0, 0, 0, 0, 0, 1, 0, 2, 0, 0, 3, 1, 0, 0, 0, 2, 0, 0, 1, 2, 0, 3, 0, 1, 0, 0, 0, 0, 0, 2, 0, 1, 0, 0, 0, 2, 0, 0, 0, 1, 1, 0, 0, 0, 1, 2, 0, 1]
event=241:G2_TEC:action:mode=exploit,state=1,draw=0.10192492233521455,action=0
event=242:G2_TEC:leader:action=0,fingerprint=[66, 68, 55, 92, 86, 48, 24, 89, 70, 13, 60, 50, 93, 15, 25, 52, 1, 59, 76, 67, 65, 17, 77, 75, 28, 26, 35, 36, 94, 95, 41, 6, 7, 0, 79, 33, 46, 58, 32, 88, 54, 71, 53, 29, 56, 8, 49, 39, 34, 14, 37, 72, 38, 23, 40, 98, 69, 27, 47, 80, 73, 63, 83, 44, 57, 11, 5, 96, 2, 16, 45, 51, 42, 3, 90, 81, 64, 21, 87, 19, 18, 9, 62, 22, 99, 91, 10, 61, 31, 43, 30, 85, 82, 12, 4, 20, 97, 84, 74, 78]|[1, 1, 0, 1, 0, 2, 2, 0, 0, 2, 1, 0, 1, 0, 0, 0, 0, 2, 0, 2, 1, 0, 2, 0, 2, 0, 0, 1, 0, 1, 1, 2, 2, 1, 1, 1, 1, 0, 0, 0, 1, 0, 1, 2, 1, 0, 1, 0, 1, 2, 1, 0, 0, 0, 1, 2, 0, 1, 1, 1, 1, 0, 1, 0, 0, 0, 1, 1, 2, 2, 1, 2, 0, 1, 2, 0, 0, 2, 2, 2, 2, 1, 0, 1, 2, 1, 0, 0, 1, 2, 2, 0, 1, 0, 1, 0, 0, 2, 2, 2]|[1, 0, 0, 4, 2, 2, 0, 1, 0, 2, 1, 2, 4, 1, 2, 0, 0, 1, 1, 1, 4, 2, 2, 1, 1, 2, 0, 3, 0, 3, 1, 1, 2, 0, 0, 1, 4, 0, 1, 2, 4, 0, 3, 2, 3, 2, 4, 0, 3, 1, 4, 2, 1, 1, 0, 2, 0, 3, 4, 4, 0, 1, 2, 1, 0, 1, 0, 4, 1, 1, 4, 2, 0, 2, 1, 2, 1, 1, 1, 2, 1, 4, 0, 4, 1, 4, 2, 1, 4, 1, 1, 1, 4, 2, 4, 2, 2, 1, 1, 1]|[0, 2, 0, 0, 1, 0, 0, 0, 0, 0, 3, 0, 1, 1, 0, 0, 0, 0, 1, 0, 1, 0, 0, 1, 1, 0, 0, 3, 0, 3, 1, 0, 1, 0, 0, 1, 2, 1, 0, 1, 3, 0, 1, 0, 1, 1, 0, 0, 1, 1, 3, 0, 0, 0, 0, 0, 0, 1, 1, 2, 0, 0, 3, 1, 0, 0, 0, 1, 0, 0, 1, 0, 0, 3, 0, 1, 0, 0, 0, 0, 0, 2, 0, 0, 0, 0, 1, 0, 1, 0, 0, 1, 1, 0, 2, 0, 0, 0, 0, 0]
event=243:G3_TWC:action:mode=exploit,state=1,draw=0.2092055369912431,action=0
event=244:G3_TWC:leader:action=0,fingerprint=[66, 68, 55, 92, 86, 48, 24, 89, 70, 13, 60, 50, 93, 15, 25, 52, 1, 59, 76, 67, 65, 17, 77, 75, 28, 26, 35, 36, 94, 95, 41, 6, 7, 0, 79, 33, 46, 58, 32, 88, 54, 71, 53, 29, 56, 8, 49, 39, 34, 14, 37, 72, 38, 23, 40, 98, 69, 27, 47, 80, 73, 63, 83, 44, 57, 11, 5, 96, 2, 16, 45, 51, 42, 3, 90, 81, 64, 21, 87, 19, 18, 9, 62, 22, 99, 91, 10, 61, 31, 43, 30, 85, 84, 97, 74, 78, 82, 12, 20, 4]|[1, 1, 0, 1, 1, 2, 1, 0, 0, 2, 1, 0, 1, 0, 0, 0, 0, 2, 0, 2, 1, 0, 2, 0, 2, 2, 0, 2, 0, 1, 2, 2, 2, 1, 1, 1, 1, 0, 0, 0, 1, 0, 1, 2, 1, 0, 1, 0, 1, 2, 1, 0, 0, 0, 1, 2, 0, 1, 0, 1, 2, 0, 1, 0, 0, 1, 1, 1, 2, 2, 1, 1, 0, 1, 2, 0, 0, 2, 2, 2, 2, 1, 2, 2, 2, 1, 1, 1, 0, 2, 2, 0, 2, 0, 0, 0, 1, 1, 0, 0]|[1, 0, 2, 4, 3, 2, 2, 1, 0, 2, 1, 2, 4, 1, 2, 0, 0, 1, 1, 2, 4, 2, 2, 1, 1, 1, 0, 2, 0, 3, 1, 1, 2, 0, 0, 1, 4, 0, 1, 2, 4, 0, 3, 0, 3, 2, 4, 0, 0, 1, 4, 2, 1, 1, 0, 2, 0, 3, 0, 4, 1, 1, 2, 1, 0, 3, 0, 4, 1, 1, 4, 4, 0, 2, 1, 2, 1, 1, 1, 2, 1, 4, 2, 0, 1, 4, 4, 4, 2, 1, 1, 2, 0, 2, 2, 1, 4, 2, 2, 1]|[0, 2, 0, 0, 1, 0, 0, 0, 0, 0, 3, 0, 1, 1, 0, 0, 0, 0, 1, 0, 1, 0, 0, 1, 1, 1, 0, 0, 0, 3, 0, 0, 1, 0, 0, 1, 2, 1, 0, 1, 3, 0, 1, 0, 1, 1, 0, 0, 3, 1, 3, 0, 0, 0, 0, 0, 0, 1, 0, 2, 0, 0, 3, 1, 0, 0, 0, 2, 0, 0, 1, 2, 0, 3, 0, 1, 0, 0, 0, 0, 0, 2, 0, 1, 0, 0, 0, 2, 0, 0, 0, 1, 1, 0, 0, 0, 1, 2, 0, 1]
event=245:G1_CMAX:update:state=1,action=2,reward=-48.25234436989899,nextState=1,old=-288.0533794477543,new=-255.56195406785196
event=246:G2_TEC:update:state=1,action=0,reward=-462.12846980585164,nextState=1,old=-930.0225025639174,new=-1206.1464718569855
event=247:G3_TWC:update:state=1,action=0,reward=-1683.4486553778406,nextState=1,old=-13275.301208533492,new=-12303.689622204634
event=248:G4_BALANCED:update:state=1,action=1,reward=-0.08300552107768097,nextState=1,old=-0.2563201476438096,new=-0.28806163919272865
event=249:G1_CMAX:action:mode=exploit,state=1,draw=0.2837539464452744,action=2
event=250:G1_CMAX:tournament:reason=action2,left=7,right=18,selected=[66, 68, 55, 92, 86, 48, 24, 89, 70, 13, 60, 50, 93, 15, 25, 52, 1, 59, 76, 67, 65, 17, 77, 75, 28, 26, 35, 36, 94, 95, 41, 6, 7, 0, 79, 33, 46, 58, 32, 88, 54, 71, 53, 29, 56, 8, 49, 39, 34, 14, 37, 72, 38, 23, 40, 98, 69, 27, 47, 80, 73, 63, 83, 44, 57, 11, 5, 96, 2, 16, 45, 51, 42, 3, 90, 81, 64, 21, 87, 19, 18, 9, 62, 22, 99, 91, 10, 61, 31, 43, 30, 85, 82, 12, 4, 20, 97, 84, 74, 78]|[1, 1, 0, 1, 0, 2, 2, 0, 0, 2, 1, 0, 1, 0, 0, 0, 0, 2, 0, 2, 1, 0, 2, 0, 2, 0, 0, 1, 0, 1, 1, 2, 2, 1, 1, 1, 1, 0, 0, 0, 1, 0, 1, 2, 1, 0, 1, 0, 1, 2, 1, 0, 0, 0, 1, 2, 0, 1, 1, 1, 1, 0, 1, 0, 0, 0, 1, 1, 2, 2, 1, 2, 0, 1, 2, 0, 0, 2, 2, 2, 2, 1, 0, 1, 2, 1, 0, 0, 1, 2, 2, 0, 1, 0, 1, 0, 0, 2, 2, 2]|[1, 0, 0, 4, 2, 2, 0, 1, 0, 2, 1, 2, 4, 1, 2, 0, 0, 1, 1, 1, 4, 2, 2, 1, 1, 2, 0, 3, 0, 3, 1, 1, 2, 0, 0, 1, 4, 0, 1, 2, 4, 0, 3, 2, 3, 2, 4, 0, 3, 1, 4, 2, 1, 1, 0, 2, 0, 3, 4, 4, 0, 1, 2, 1, 0, 1, 0, 4, 1, 1, 4, 2, 0, 2, 1, 2, 1, 1, 1, 2, 1, 4, 0, 4, 1, 4, 2, 1, 4, 1, 1, 1, 4, 2, 4, 2, 2, 1, 1, 1]|[0, 2, 0, 0, 1, 0, 0, 0, 0, 0, 3, 0, 1, 1, 0, 0, 0, 0, 1, 0, 1, 0, 0, 1, 1, 0, 0, 3, 0, 3, 1, 0, 1, 0, 0, 1, 2, 1, 0, 1, 3, 0, 1, 0, 1, 1, 0, 0, 1, 1, 3, 0, 0, 0, 0, 0, 0, 1, 1, 2, 0, 0, 3, 1, 0, 0, 0, 1, 0, 0, 1, 0, 0, 3, 0, 1, 0, 0, 0, 0, 0, 2, 0, 0, 0, 0, 1, 0, 1, 0, 0, 1, 1, 0, 2, 0, 0, 0, 0, 0]
event=251:G1_CMAX:leader:action=2,fingerprint=[66, 68, 55, 92, 86, 48, 24, 89, 70, 13, 60, 50, 93, 15, 25, 52, 1, 59, 76, 67, 65, 17, 77, 75, 28, 26, 35, 36, 94, 95, 41, 6, 7, 0, 79, 33, 46, 58, 32, 88, 54, 71, 53, 29, 56, 8, 49, 39, 34, 14, 37, 72, 38, 23, 40, 98, 69, 27, 47, 80, 73, 63, 83, 44, 57, 11, 5, 96, 2, 16, 45, 51, 42, 3, 90, 81, 64, 21, 87, 19, 18, 9, 62, 22, 99, 91, 10, 61, 31, 43, 30, 85, 82, 12, 4, 20, 97, 84, 74, 78]|[1, 1, 0, 1, 0, 2, 2, 0, 0, 2, 1, 0, 1, 0, 0, 0, 0, 2, 0, 2, 1, 0, 2, 0, 2, 0, 0, 1, 0, 1, 1, 2, 2, 1, 1, 1, 1, 0, 0, 0, 1, 0, 1, 2, 1, 0, 1, 0, 1, 2, 1, 0, 0, 0, 1, 2, 0, 1, 1, 1, 1, 0, 1, 0, 0, 0, 1, 1, 2, 2, 1, 2, 0, 1, 2, 0, 0, 2, 2, 2, 2, 1, 0, 1, 2, 1, 0, 0, 1, 2, 2, 0, 1, 0, 1, 0, 0, 2, 2, 2]|[1, 0, 0, 4, 2, 2, 0, 1, 0, 2, 1, 2, 4, 1, 2, 0, 0, 1, 1, 1, 4, 2, 2, 1, 1, 2, 0, 3, 0, 3, 1, 1, 2, 0, 0, 1, 4, 0, 1, 2, 4, 0, 3, 2, 3, 2, 4, 0, 3, 1, 4, 2, 1, 1, 0, 2, 0, 3, 4, 4, 0, 1, 2, 1, 0, 1, 0, 4, 1, 1, 4, 2, 0, 2, 1, 2, 1, 1, 1, 2, 1, 4, 0, 4, 1, 4, 2, 1, 4, 1, 1, 1, 4, 2, 4, 2, 2, 1, 1, 1]|[0, 2, 0, 0, 1, 0, 0, 0, 0, 0, 3, 0, 1, 1, 0, 0, 0, 0, 1, 0, 1, 0, 0, 1, 1, 0, 0, 3, 0, 3, 1, 0, 1, 0, 0, 1, 2, 1, 0, 1, 3, 0, 1, 0, 1, 1, 0, 0, 1, 1, 3, 0, 0, 0, 0, 0, 0, 1, 1, 2, 0, 0, 3, 1, 0, 0, 0, 1, 0, 0, 1, 0, 0, 3, 0, 1, 0, 0, 0, 0, 0, 2, 0, 0, 0, 0, 1, 0, 1, 0, 0, 1, 1, 0, 2, 0, 0, 0, 0, 0]
event=252:G4_BALANCED:action:mode=exploit,state=1,draw=0.03328893493017526,action=0
event=253:G4_BALANCED:leader:action=0,fingerprint=[66, 68, 55, 92, 86, 48, 24, 89, 70, 13, 60, 50, 93, 15, 25, 52, 1, 59, 76, 67, 65, 17, 77, 75, 28, 26, 35, 36, 94, 95, 41, 6, 7, 0, 79, 33, 46, 58, 32, 88, 54, 71, 53, 29, 56, 8, 49, 39, 34, 14, 37, 72, 38, 23, 40, 98, 69, 27, 47, 80, 73, 63, 83, 44, 57, 11, 5, 96, 2, 16, 45, 51, 42, 3, 90, 81, 64, 21, 87, 19, 18, 9, 62, 22, 99, 91, 10, 61, 31, 43, 30, 85, 84, 20, 12, 4, 78, 82, 74, 97]|[1, 1, 0, 1, 2, 2, 2, 0, 0, 2, 1, 0, 1, 0, 0, 0, 0, 2, 0, 2, 1, 0, 2, 0, 2, 2, 0, 1, 0, 1, 1, 2, 2, 1, 1, 1, 1, 0, 0, 0, 1, 0, 1, 2, 1, 0, 1, 0, 1, 2, 1, 0, 0, 0, 1, 2, 0, 1, 0, 1, 2, 0, 1, 0, 0, 1, 1, 1, 2, 2, 1, 2, 0, 1, 2, 0, 0, 2, 2, 1, 2, 1, 0, 1, 2, 1, 0, 0, 1, 2, 2, 0, 2, 0, 0, 1, 0, 1, 2, 0]|[1, 0, 0, 4, 1, 2, 0, 1, 0, 2, 1, 2, 4, 1, 2, 0, 0, 1, 1, 2, 4, 2, 2, 1, 1, 1, 0, 3, 0, 3, 1, 1, 2, 0, 0, 1, 4, 0, 1, 2, 4, 0, 3, 2, 3, 2, 4, 0, 0, 1, 4, 2, 1, 1, 0, 2, 0, 3, 2, 4, 1, 1, 2, 1, 0, 3, 0, 4, 1, 1, 4, 2, 0, 2, 1, 2, 1, 1, 1, 0, 1, 4, 0, 4, 1, 4, 2, 1, 4, 1, 1, 1, 1, 2, 2, 4, 1, 4, 1, 2]|[0, 2, 0, 0, 1, 0, 0, 0, 0, 0, 3, 0, 1, 1, 0, 0, 0, 0, 1, 0, 1, 0, 0, 1, 1, 1, 0, 3, 0, 3, 1, 0, 1, 0, 0, 1, 2, 1, 0, 1, 3, 0, 1, 0, 1, 1, 0, 0, 3, 1, 3, 0, 0, 0, 0, 0, 0, 1, 1, 2, 0, 0, 3, 1, 0, 0, 0, 2, 0, 0, 1, 0, 0, 3, 0, 1, 0, 0, 0, 3, 0, 2, 0, 0, 0, 0, 1, 0, 1, 0, 0, 1, 0, 0, 0, 2, 0, 1, 0, 0]
event=254:G2_TEC:action:mode=explore,state=1,draw=0.8430448960171592,action=1
event=255:G2_TEC:leader:action=1,fingerprint=[66, 68, 55, 92, 86, 48, 24, 89, 70, 13, 60, 50, 93, 15, 25, 52, 1, 59, 76, 67, 65, 17, 77, 75, 28, 26, 35, 36, 94, 95, 41, 6, 7, 0, 79, 33, 46, 58, 32, 88, 54, 71, 53, 29, 56, 8, 49, 39, 34, 14, 37, 72, 38, 23, 40, 98, 69, 27, 47, 80, 73, 63, 83, 44, 57, 11, 5, 96, 2, 16, 45, 51, 42, 3, 90, 81, 64, 21, 87, 19, 18, 9, 62, 22, 99, 91, 10, 61, 31, 43, 30, 85, 82, 12, 4, 20, 97, 84, 74, 78]|[1, 1, 0, 1, 0, 2, 2, 0, 0, 2, 1, 0, 1, 0, 0, 0, 0, 2, 0, 2, 1, 0, 2, 0, 2, 0, 0, 1, 0, 1, 1, 2, 2, 1, 1, 1, 1, 0, 0, 0, 1, 0, 1, 2, 1, 0, 1, 0, 1, 2, 1, 0, 0, 0, 1, 2, 0, 1, 1, 1, 1, 0, 1, 0, 0, 0, 1, 1, 2, 2, 1, 2, 0, 1, 2, 0, 0, 2, 2, 2, 2, 1, 0, 1, 2, 1, 0, 0, 1, 2, 2, 0, 1, 0, 1, 0, 0, 2, 2, 2]|[1, 0, 0, 4, 2, 2, 0, 1, 0, 2, 1, 2, 4, 1, 2, 0, 0, 1, 1, 1, 4, 2, 2, 1, 1, 2, 0, 3, 0, 3, 1, 1, 2, 0, 0, 1, 4, 0, 1, 2, 4, 0, 3, 2, 3, 2, 4, 0, 3, 1, 4, 2, 1, 1, 0, 2, 0, 3, 4, 4, 0, 1, 2, 1, 0, 1, 0, 4, 1, 1, 4, 2, 0, 2, 1, 2, 1, 1, 1, 2, 1, 4, 0, 4, 1, 4, 2, 1, 4, 1, 1, 1, 4, 2, 4, 2, 2, 1, 1, 1]|[0, 2, 0, 0, 1, 0, 0, 0, 0, 0, 3, 0, 1, 1, 0, 0, 0, 0, 1, 0, 1, 0, 0, 1, 1, 0, 0, 3, 0, 3, 1, 0, 1, 0, 0, 1, 2, 1, 0, 1, 3, 0, 1, 0, 1, 1, 0, 0, 1, 1, 3, 0, 0, 0, 0, 0, 0, 1, 1, 2, 0, 0, 3, 1, 0, 0, 0, 1, 0, 0, 1, 0, 0, 3, 0, 1, 0, 0, 0, 0, 0, 2, 0, 0, 0, 0, 1, 0, 1, 0, 0, 1, 1, 0, 2, 0, 0, 0, 0, 0]
event=256:G3_TWC:action:mode=exploit,state=1,draw=0.25626367423748164,action=0
event=257:G3_TWC:leader:action=0,fingerprint=[66, 68, 55, 92, 86, 48, 24, 89, 70, 13, 60, 50, 93, 15, 25, 52, 1, 59, 76, 67, 65, 17, 77, 75, 28, 26, 35, 36, 94, 95, 41, 6, 7, 0, 79, 33, 46, 58, 32, 88, 54, 71, 53, 29, 56, 8, 49, 39, 34, 14, 37, 72, 38, 23, 40, 98, 69, 27, 47, 80, 73, 63, 83, 44, 57, 11, 5, 96, 2, 16, 45, 51, 42, 3, 90, 81, 64, 21, 87, 19, 18, 9, 62, 22, 99, 91, 10, 61, 31, 43, 30, 85, 84, 20, 12, 4, 78, 82, 74, 97]|[1, 1, 0, 1, 2, 2, 2, 0, 0, 2, 1, 0, 1, 0, 0, 0, 0, 2, 0, 2, 1, 0, 2, 0, 2, 2, 0, 1, 0, 1, 1, 2, 2, 1, 1, 1, 1, 0, 0, 0, 1, 0, 1, 2, 1, 0, 1, 0, 1, 2, 1, 0, 0, 0, 1, 2, 0, 1, 0, 1, 2, 0, 1, 0, 0, 1, 1, 1, 2, 2, 1, 2, 0, 1, 2, 0, 0, 2, 2, 1, 2, 1, 0, 1, 2, 1, 0, 0, 1, 2, 2, 0, 2, 0, 0, 1, 0, 1, 2, 0]|[1, 0, 0, 4, 1, 2, 0, 1, 0, 2, 1, 2, 4, 1, 2, 0, 0, 1, 1, 2, 4, 2, 2, 1, 1, 1, 0, 3, 0, 3, 1, 1, 2, 0, 0, 1, 4, 0, 1, 2, 4, 0, 3, 2, 3, 2, 4, 0, 0, 1, 4, 2, 1, 1, 0, 2, 0, 3, 2, 4, 1, 1, 2, 1, 0, 3, 0, 4, 1, 1, 4, 2, 0, 2, 1, 2, 1, 1, 1, 0, 1, 4, 0, 4, 1, 4, 2, 1, 4, 1, 1, 1, 1, 2, 2, 4, 1, 4, 1, 2]|[0, 2, 0, 0, 1, 0, 0, 0, 0, 0, 3, 0, 1, 1, 0, 0, 0, 0, 1, 0, 1, 0, 0, 1, 1, 1, 0, 3, 0, 3, 1, 0, 1, 0, 0, 1, 2, 1, 0, 1, 3, 0, 1, 0, 1, 1, 0, 0, 3, 1, 3, 0, 0, 0, 0, 0, 0, 1, 1, 2, 0, 0, 3, 1, 0, 0, 0, 2, 0, 0, 1, 0, 0, 3, 0, 1, 0, 0, 0, 3, 0, 2, 0, 0, 0, 0, 1, 0, 1, 0, 0, 1, 0, 0, 0, 2, 0, 1, 0, 0]
event=258:G1_CMAX:update:state=1,action=2,reward=-63.417359917040244,nextState=1,old=-255.56195406785196,new=-267.8669231713218
event=259:G2_TEC:update:state=1,action=1,reward=29.710493974591373,nextState=0,old=-1276.9398175717554,new=29.710493974591373
event=260:G3_TWC:update:state=1,action=0,reward=-2174.141223542494,nextState=1,old=-12303.689622204634,new=-12017.092921306203
event=261:G4_BALANCED:update:state=1,action=0,reward=-0.04494129104628481,nextState=1,old=-0.27804989541363406,new=-0.26738120737719206
event=262:G1_CMAX:action:mode=exploit,state=1,draw=0.5464258700912655,action=0
event=263:G1_CMAX:leader:action=0,fingerprint=[66, 68, 55, 92, 86, 48, 24, 89, 70, 13, 60, 50, 93, 15, 25, 52, 1, 59, 76, 67, 65, 17, 77, 75, 28, 26, 35, 36, 94, 95, 41, 6, 7, 0, 79, 33, 46, 58, 32, 88, 54, 71, 53, 29, 56, 8, 49, 39, 34, 14, 37, 72, 38, 23, 40, 98, 69, 27, 47, 80, 73, 63, 83, 44, 57, 11, 5, 96, 2, 16, 45, 51, 42, 3, 90, 81, 64, 21, 87, 19, 18, 9, 62, 22, 99, 91, 10, 61, 31, 43, 30, 85, 82, 12, 4, 20, 97, 84, 74, 78]|[1, 1, 0, 1, 0, 2, 2, 0, 0, 2, 1, 0, 1, 0, 0, 0, 0, 2, 0, 2, 1, 0, 2, 0, 2, 0, 0, 1, 0, 1, 1, 2, 2, 1, 1, 1, 1, 0, 0, 0, 1, 0, 1, 2, 1, 0, 1, 0, 1, 2, 1, 0, 0, 0, 1, 2, 0, 1, 1, 1, 1, 0, 1, 0, 0, 0, 1, 1, 2, 2, 1, 2, 0, 1, 2, 0, 0, 2, 2, 2, 2, 1, 0, 1, 2, 1, 0, 0, 1, 2, 2, 0, 1, 0, 1, 0, 0, 2, 2, 2]|[1, 0, 0, 4, 2, 2, 0, 1, 0, 2, 1, 2, 4, 1, 2, 0, 0, 1, 1, 1, 4, 2, 2, 1, 1, 2, 0, 3, 0, 3, 1, 1, 2, 0, 0, 1, 4, 0, 1, 2, 4, 0, 3, 2, 3, 2, 4, 0, 3, 1, 4, 2, 1, 1, 0, 2, 0, 3, 4, 4, 0, 1, 2, 1, 0, 1, 0, 4, 1, 1, 4, 2, 0, 2, 1, 2, 1, 1, 1, 2, 1, 4, 0, 4, 1, 4, 2, 1, 4, 1, 1, 1, 4, 2, 4, 2, 2, 1, 1, 1]|[0, 2, 0, 0, 1, 0, 0, 0, 0, 0, 3, 0, 1, 1, 0, 0, 0, 0, 1, 0, 1, 0, 0, 1, 1, 0, 0, 3, 0, 3, 1, 0, 1, 0, 0, 1, 2, 1, 0, 1, 3, 0, 1, 0, 1, 1, 0, 0, 1, 1, 3, 0, 0, 0, 0, 0, 0, 1, 1, 2, 0, 0, 3, 1, 0, 0, 0, 1, 0, 0, 1, 0, 0, 3, 0, 1, 0, 0, 0, 0, 0, 2, 0, 0, 0, 0, 1, 0, 1, 0, 0, 1, 1, 0, 2, 0, 0, 0, 0, 0]
event=264:G4_BALANCED:action:mode=exploit,state=1,draw=0.6232180185909905,action=0
event=265:G4_BALANCED:leader:action=0,fingerprint=[66, 68, 55, 92, 86, 48, 24, 89, 70, 13, 60, 50, 93, 15, 25, 52, 1, 59, 76, 67, 65, 17, 77, 75, 28, 26, 35, 36, 94, 95, 41, 6, 7, 0, 79, 33, 46, 58, 32, 88, 54, 71, 53, 29, 56, 8, 49, 39, 34, 14, 37, 72, 38, 23, 40, 98, 69, 27, 47, 80, 73, 63, 83, 44, 57, 11, 5, 96, 2, 16, 45, 51, 42, 3, 90, 81, 64, 21, 87, 19, 18, 9, 62, 22, 99, 91, 10, 61, 31, 43, 30, 85, 84, 20, 12, 4, 78, 82, 74, 97]|[1, 1, 0, 1, 2, 2, 2, 0, 0, 2, 1, 0, 1, 0, 0, 0, 0, 2, 0, 2, 1, 0, 2, 0, 2, 2, 0, 1, 0, 1, 1, 2, 2, 1, 1, 1, 1, 0, 0, 0, 1, 0, 1, 2, 1, 0, 1, 0, 1, 2, 1, 0, 0, 0, 1, 2, 0, 1, 0, 1, 2, 0, 1, 0, 0, 1, 1, 1, 2, 2, 1, 2, 0, 1, 2, 0, 0, 2, 2, 1, 2, 1, 0, 1, 2, 1, 0, 0, 1, 2, 2, 0, 2, 0, 0, 1, 0, 1, 2, 0]|[1, 0, 0, 4, 1, 2, 0, 1, 0, 2, 1, 2, 4, 1, 2, 0, 0, 1, 1, 2, 4, 2, 2, 1, 1, 1, 0, 3, 0, 3, 1, 1, 2, 0, 0, 1, 4, 0, 1, 2, 4, 0, 3, 2, 3, 2, 4, 0, 0, 1, 4, 2, 1, 1, 0, 2, 0, 3, 2, 4, 1, 1, 2, 1, 0, 3, 0, 4, 1, 1, 4, 2, 0, 2, 1, 2, 1, 1, 1, 0, 1, 4, 0, 4, 1, 4, 2, 1, 4, 1, 1, 1, 1, 2, 2, 4, 1, 4, 1, 2]|[0, 2, 0, 0, 1, 0, 0, 0, 0, 0, 3, 0, 1, 1, 0, 0, 0, 0, 1, 0, 1, 0, 0, 1, 1, 1, 0, 3, 0, 3, 1, 0, 1, 0, 0, 1, 2, 1, 0, 1, 3, 0, 1, 0, 1, 1, 0, 0, 3, 1, 3, 0, 0, 0, 0, 0, 0, 1, 1, 2, 0, 0, 3, 1, 0, 0, 0, 2, 0, 0, 1, 0, 0, 3, 0, 1, 0, 0, 0, 3, 0, 2, 0, 0, 0, 0, 1, 0, 1, 0, 0, 1, 0, 0, 0, 2, 0, 1, 0, 0]
event=266:G2_TEC:action:mode=exploit,state=0,draw=0.5008995268327526,action=1
event=267:G2_TEC:leader:action=1,fingerprint=[66, 68, 55, 92, 86, 48, 24, 89, 70, 13, 60, 50, 93, 15, 25, 52, 1, 59, 76, 67, 65, 17, 77, 75, 28, 26, 35, 36, 94, 95, 41, 6, 7, 0, 79, 33, 46, 58, 32, 88, 54, 71, 53, 29, 56, 8, 49, 39, 34, 14, 37, 72, 38, 23, 40, 98, 69, 27, 47, 80, 73, 63, 83, 44, 57, 11, 5, 96, 2, 16, 45, 51, 42, 3, 90, 81, 64, 21, 87, 19, 18, 9, 62, 22, 99, 91, 10, 61, 31, 43, 30, 85, 82, 12, 4, 20, 97, 84, 74, 78]|[1, 1, 0, 1, 0, 2, 2, 0, 0, 2, 1, 0, 1, 0, 0, 0, 0, 2, 0, 2, 1, 0, 2, 0, 2, 0, 0, 1, 0, 1, 1, 2, 2, 1, 1, 1, 1, 0, 0, 0, 1, 0, 1, 2, 1, 0, 1, 0, 1, 2, 1, 0, 0, 0, 1, 2, 0, 1, 1, 1, 1, 0, 1, 0, 0, 0, 1, 1, 2, 2, 1, 2, 0, 1, 2, 0, 0, 2, 2, 2, 2, 1, 0, 1, 2, 1, 0, 0, 1, 2, 2, 0, 1, 0, 1, 0, 0, 2, 2, 2]|[1, 0, 0, 4, 2, 2, 0, 1, 0, 2, 1, 2, 4, 1, 2, 0, 0, 1, 1, 1, 4, 2, 2, 1, 1, 2, 0, 3, 0, 3, 1, 1, 2, 0, 0, 1, 4, 0, 1, 2, 4, 0, 3, 2, 3, 2, 4, 0, 3, 1, 4, 2, 1, 1, 0, 2, 0, 3, 4, 4, 0, 1, 2, 1, 0, 1, 0, 4, 1, 1, 4, 2, 0, 2, 1, 2, 1, 1, 1, 2, 1, 4, 0, 4, 1, 4, 2, 1, 4, 1, 1, 1, 4, 2, 4, 2, 2, 1, 1, 1]|[0, 2, 0, 0, 1, 0, 0, 0, 0, 0, 3, 0, 1, 1, 0, 0, 0, 0, 1, 0, 1, 0, 0, 1, 1, 0, 0, 3, 0, 3, 1, 0, 1, 0, 0, 1, 2, 1, 0, 1, 3, 0, 1, 0, 1, 1, 0, 0, 1, 1, 3, 0, 0, 0, 0, 0, 0, 1, 1, 2, 0, 0, 3, 1, 0, 0, 0, 1, 0, 0, 1, 0, 0, 3, 0, 1, 0, 0, 0, 0, 0, 2, 0, 0, 0, 0, 1, 0, 1, 0, 0, 1, 1, 0, 2, 0, 0, 0, 0, 0]
event=268:G3_TWC:action:mode=exploit,state=1,draw=0.756479227049887,action=0
event=269:G3_TWC:leader:action=0,fingerprint=[66, 68, 55, 92, 86, 48, 24, 89, 70, 13, 60, 50, 93, 15, 25, 52, 1, 59, 76, 67, 65, 17, 77, 75, 28, 26, 35, 36, 94, 95, 41, 6, 7, 0, 79, 33, 46, 58, 32, 88, 54, 71, 53, 29, 56, 8, 49, 39, 34, 14, 37, 72, 38, 23, 40, 98, 69, 27, 47, 80, 73, 63, 83, 44, 57, 11, 5, 96, 2, 16, 45, 51, 42, 3, 90, 81, 64, 21, 87, 19, 18, 9, 62, 22, 99, 91, 10, 61, 31, 43, 30, 85, 84, 20, 12, 4, 78, 82, 74, 97]|[1, 1, 0, 1, 2, 2, 2, 0, 0, 2, 1, 0, 1, 0, 0, 0, 0, 2, 0, 2, 1, 0, 2, 0, 2, 2, 0, 1, 0, 1, 1, 2, 2, 1, 1, 1, 1, 0, 0, 0, 1, 0, 1, 2, 1, 0, 1, 0, 1, 2, 1, 0, 0, 0, 1, 2, 0, 1, 0, 1, 2, 0, 1, 0, 0, 1, 1, 1, 2, 2, 1, 2, 0, 1, 2, 0, 0, 2, 2, 1, 2, 1, 0, 1, 2, 1, 0, 0, 1, 2, 2, 0, 2, 0, 0, 1, 0, 1, 2, 0]|[1, 0, 0, 4, 1, 2, 0, 1, 0, 2, 1, 2, 4, 1, 2, 0, 0, 1, 1, 2, 4, 2, 2, 1, 1, 1, 0, 3, 0, 3, 1, 1, 2, 0, 0, 1, 4, 0, 1, 2, 4, 0, 3, 2, 3, 2, 4, 0, 0, 1, 4, 2, 1, 1, 0, 2, 0, 3, 2, 4, 1, 1, 2, 1, 0, 3, 0, 4, 1, 1, 4, 2, 0, 2, 1, 2, 1, 1, 1, 0, 1, 4, 0, 4, 1, 4, 2, 1, 4, 1, 1, 1, 1, 2, 2, 4, 1, 4, 1, 2]|[0, 2, 0, 0, 1, 0, 0, 0, 0, 0, 3, 0, 1, 1, 0, 0, 0, 0, 1, 0, 1, 0, 0, 1, 1, 1, 0, 3, 0, 3, 1, 0, 1, 0, 0, 1, 2, 1, 0, 1, 3, 0, 1, 0, 1, 1, 0, 0, 3, 1, 3, 0, 0, 0, 0, 0, 0, 1, 1, 2, 0, 0, 3, 1, 0, 0, 0, 2, 0, 0, 1, 0, 0, 3, 0, 1, 0, 0, 0, 3, 0, 2, 0, 0, 0, 0, 1, 0, 1, 0, 0, 1, 0, 0, 0, 2, 0, 1, 0, 0]
event=270:G1_CMAX:update:state=1,action=0,reward=-86.9037290896041,nextState=1,old=-259.1370121224412,new=-294.21333878755706
event=271:G2_TEC:update:state=0,action=1,reward=-37.45947303900175,nextState=1,old=0.0,new=-13.69107785932865
event=272:G3_TWC:update:state=1,action=0,reward=-1684.4775614079845,nextState=1,old=-12017.092921306203,new=-11298.151898452947
event=273:G4_BALANCED:update:state=1,action=0,reward=-0.051776608007718355,nextState=1,old=-0.26738120737719206,new=-0.265681573909472
event=274:G1_CMAX:action:mode=exploit,state=1,draw=0.5488408979389396,action=2
event=275:G1_CMAX:tournament:reason=action2,left=16,right=23,selected=[66, 68, 55, 92, 86, 48, 24, 89, 70, 13, 60, 50, 93, 15, 25, 52, 1, 59, 76, 67, 65, 17, 77, 75, 28, 26, 35, 36, 94, 95, 41, 6, 7, 0, 79, 33, 46, 58, 32, 88, 54, 71, 53, 29, 56, 8, 49, 39, 34, 14, 37, 72, 38, 23, 40, 98, 69, 27, 47, 80, 73, 63, 83, 44, 57, 11, 5, 96, 2, 16, 45, 51, 42, 3, 90, 81, 64, 21, 87, 19, 18, 9, 62, 22, 99, 91, 10, 61, 31, 43, 30, 85, 84, 20, 74, 78, 97, 12, 82, 4]|[1, 1, 0, 1, 1, 2, 1, 0, 0, 2, 1, 0, 1, 0, 2, 0, 0, 2, 0, 2, 1, 0, 2, 0, 2, 2, 0, 1, 0, 1, 1, 2, 2, 1, 1, 0, 1, 0, 0, 0, 1, 0, 1, 2, 1, 0, 1, 0, 2, 2, 1, 0, 0, 0, 1, 2, 0, 1, 0, 1, 1, 0, 1, 0, 0, 1, 1, 1, 2, 2, 1, 2, 0, 1, 2, 0, 0, 0, 2, 1, 2, 1, 0, 2, 2, 2, 0, 1, 1, 2, 2, 0, 2, 0, 2, 0, 0, 1, 1, 1]|[1, 0, 2, 4, 3, 2, 2, 1, 0, 2, 1, 2, 4, 1, 2, 0, 0, 1, 1, 2, 4, 2, 2, 1, 1, 1, 0, 3, 0, 3, 1, 1, 2, 0, 0, 2, 4, 0, 1, 2, 4, 0, 3, 2, 3, 2, 3, 0, 0, 1, 4, 2, 1, 1, 3, 2, 0, 3, 0, 4, 4, 1, 2, 1, 0, 3, 0, 4, 1, 1, 4, 2, 0, 2, 1, 2, 1, 1, 1, 0, 1, 4, 0, 0, 1, 0, 2, 4, 2, 1, 1, 1, 1, 2, 1, 1, 2, 2, 4, 4]|[0, 2, 0, 0, 1, 0, 0, 0, 0, 0, 3, 0, 1, 1, 0, 0, 0, 0, 1, 0, 1, 0, 0, 1, 1, 1, 0, 3, 0, 3, 1, 0, 1, 0, 0, 1, 2, 1, 0, 1, 3, 0, 1, 0, 1, 1, 0, 0, 0, 1, 3, 0, 0, 0, 1, 0, 0, 1, 0, 2, 0, 0, 3, 1, 0, 0, 0, 2, 0, 0, 1, 0, 0, 3, 0, 1, 0, 0, 0, 3, 0, 2, 0, 1, 0, 1, 1, 2, 1, 0, 0, 1, 0, 0, 0, 0, 0, 2, 1, 2]
event=276:G1_CMAX:leader:action=2,fingerprint=[66, 68, 55, 92, 86, 48, 24, 89, 70, 13, 60, 50, 93, 15, 25, 52, 1, 59, 76, 67, 65, 17, 77, 75, 28, 26, 35, 36, 94, 95, 41, 6, 7, 0, 79, 33, 46, 58, 32, 88, 54, 71, 53, 29, 56, 8, 49, 39, 34, 14, 37, 72, 38, 23, 40, 98, 69, 27, 47, 80, 73, 63, 83, 44, 57, 11, 5, 96, 2, 16, 45, 51, 42, 3, 90, 81, 64, 21, 87, 19, 18, 9, 62, 22, 99, 91, 10, 61, 31, 43, 30, 85, 84, 20, 74, 78, 97, 12, 82, 4]|[1, 1, 0, 1, 1, 2, 1, 0, 0, 2, 1, 0, 1, 0, 2, 0, 0, 2, 0, 2, 1, 0, 2, 0, 2, 2, 0, 1, 0, 1, 1, 2, 2, 1, 1, 0, 1, 0, 0, 0, 1, 0, 1, 2, 1, 0, 1, 0, 2, 2, 1, 0, 0, 0, 1, 2, 0, 1, 0, 1, 1, 0, 1, 0, 0, 1, 1, 1, 2, 2, 1, 2, 0, 1, 2, 0, 0, 0, 2, 1, 2, 1, 0, 2, 2, 2, 0, 1, 1, 2, 2, 0, 2, 0, 2, 0, 0, 1, 1, 1]|[1, 0, 2, 4, 3, 2, 2, 1, 0, 2, 1, 2, 4, 1, 2, 0, 0, 1, 1, 2, 4, 2, 2, 1, 1, 1, 0, 3, 0, 3, 1, 1, 2, 0, 0, 2, 4, 0, 1, 2, 4, 0, 3, 2, 3, 2, 3, 0, 0, 1, 4, 2, 1, 1, 3, 2, 0, 3, 0, 4, 4, 1, 2, 1, 0, 3, 0, 4, 1, 1, 4, 2, 0, 2, 1, 2, 1, 1, 1, 0, 1, 4, 0, 0, 1, 0, 2, 4, 2, 1, 1, 1, 1, 2, 1, 1, 2, 2, 4, 4]|[0, 2, 0, 0, 1, 0, 0, 0, 0, 0, 3, 0, 1, 1, 0, 0, 0, 0, 1, 0, 1, 0, 0, 1, 1, 1, 0, 3, 0, 3, 1, 0, 1, 0, 0, 1, 2, 1, 0, 1, 3, 0, 1, 0, 1, 1, 0, 0, 0, 1, 3, 0, 0, 0, 1, 0, 0, 1, 0, 2, 0, 0, 3, 1, 0, 0, 0, 2, 0, 0, 1, 0, 0, 3, 0, 1, 0, 0, 0, 3, 0, 2, 0, 1, 0, 1, 1, 2, 1, 0, 0, 1, 0, 0, 0, 0, 0, 2, 1, 2]
event=277:G4_BALANCED:action:mode=explore,state=1,draw=0.8972291604151832,action=2
event=278:G4_BALANCED:tournament:reason=action2,left=8,right=18,selected=[66, 68, 55, 92, 86, 48, 24, 89, 70, 13, 60, 50, 93, 15, 25, 52, 1, 59, 76, 67, 65, 17, 77, 75, 28, 26, 35, 36, 94, 95, 41, 6, 7, 0, 79, 33, 46, 58, 32, 88, 54, 71, 53, 29, 56, 8, 49, 39, 34, 14, 37, 72, 38, 23, 40, 98, 69, 27, 47, 80, 73, 63, 83, 44, 57, 11, 42, 82, 61, 16, 45, 51, 5, 3, 90, 81, 91, 21, 87, 19, 18, 9, 62, 22, 99, 64, 10, 2, 31, 43, 84, 4, 74, 85, 97, 20, 96, 78, 30, 12]|[1, 1, 0, 1, 2, 2, 1, 0, 0, 2, 1, 0, 1, 0, 2, 0, 0, 2, 0, 2, 1, 0, 2, 0, 2, 2, 0, 2, 0, 1, 2, 2, 2, 1, 1, 0, 1, 0, 0, 0, 1, 0, 1, 2, 1, 0, 1, 0, 1, 2, 1, 0, 2, 0, 1, 2, 0, 0, 0, 2, 2, 0, 1, 0, 0, 1, 1, 1, 2, 2, 1, 1, 0, 1, 2, 0, 0, 2, 2, 2, 0, 1, 2, 1, 2, 0, 1, 2, 1, 2, 2, 0, 0, 0, 0, 0, 1, 0, 2, 1]|[1, 0, 2, 4, 1, 2, 2, 1, 0, 2, 1, 2, 4, 1, 2, 0, 0, 1, 1, 2, 4, 2, 2, 1, 1, 1, 0, 2, 0, 3, 1, 1, 2, 0, 0, 2, 4, 0, 1, 2, 4, 0, 3, 0, 3, 2, 3, 0, 0, 1, 4, 2, 0, 1, 3, 2, 0, 1, 2, 1, 1, 1, 2, 1, 0, 3, 0, 4, 1, 1, 4, 4, 1, 2, 1, 2, 1, 1, 1, 2, 1, 4, 2, 4, 1, 1, 0, 1, 2, 1, 0, 1, 2, 2, 2, 2, 4, 1, 1, 2]|[0, 1, 0, 0, 1, 0, 0, 0, 0, 0, 3, 0, 1, 1, 0, 0, 0, 0, 1, 0, 2, 0, 0, 1, 1, 1, 0, 0, 0, 3, 0, 0, 1, 0, 0, 1, 2, 1, 0, 1, 3, 0, 1, 0, 1, 1, 0, 0, 3, 1, 2, 0, 0, 0, 1, 0, 0, 0, 1, 0, 0, 0, 3, 1, 0, 0, 0, 2, 0, 0, 1, 2, 0, 3, 0, 1, 0, 0, 0, 0, 0, 2, 0, 0, 0, 0, 0, 0, 1, 0, 1, 1, 0, 1, 0, 0, 1, 0, 0, 2]
event=279:G4_BALANCED:leader:action=2,fingerprint=[66, 68, 55, 92, 86, 48, 24, 89, 70, 13, 60, 50, 93, 15, 25, 52, 1, 59, 76, 67, 65, 17, 77, 75, 28, 26, 35, 36, 94, 95, 41, 6, 7, 0, 79, 33, 46, 58, 32, 88, 54, 71, 53, 29, 56, 8, 49, 39, 34, 14, 37, 72, 38, 23, 40, 98, 69, 27, 47, 80, 73, 63, 83, 44, 57, 11, 42, 82, 61, 16, 45, 51, 5, 3, 90, 81, 91, 21, 87, 19, 18, 9, 62, 22, 99, 64, 10, 2, 31, 43, 84, 4, 74, 85, 97, 20, 96, 78, 30, 12]|[1, 1, 0, 1, 2, 2, 1, 0, 0, 2, 1, 0, 1, 0, 2, 0, 0, 2, 0, 2, 1, 0, 2, 0, 2, 2, 0, 2, 0, 1, 2, 2, 2, 1, 1, 0, 1, 0, 0, 0, 1, 0, 1, 2, 1, 0, 1, 0, 1, 2, 1, 0, 2, 0, 1, 2, 0, 0, 0, 2, 2, 0, 1, 0, 0, 1, 1, 1, 2, 2, 1, 1, 0, 1, 2, 0, 0, 2, 2, 2, 0, 1, 2, 1, 2, 0, 1, 2, 1, 2, 2, 0, 0, 0, 0, 0, 1, 0, 2, 1]|[1, 0, 2, 4, 1, 2, 2, 1, 0, 2, 1, 2, 4, 1, 2, 0, 0, 1, 1, 2, 4, 2, 2, 1, 1, 1, 0, 2, 0, 3, 1, 1, 2, 0, 0, 2, 4, 0, 1, 2, 4, 0, 3, 0, 3, 2, 3, 0, 0, 1, 4, 2, 0, 1, 3, 2, 0, 1, 2, 1, 1, 1, 2, 1, 0, 3, 0, 4, 1, 1, 4, 4, 1, 2, 1, 2, 1, 1, 1, 2, 1, 4, 2, 4, 1, 1, 0, 1, 2, 1, 0, 1, 2, 2, 2, 2, 4, 1, 1, 2]|[0, 1, 0, 0, 1, 0, 0, 0, 0, 0, 3, 0, 1, 1, 0, 0, 0, 0, 1, 0, 2, 0, 0, 1, 1, 1, 0, 0, 0, 3, 0, 0, 1, 0, 0, 1, 2, 1, 0, 1, 3, 0, 1, 0, 1, 1, 0, 0, 3, 1, 2, 0, 0, 0, 1, 0, 0, 0, 1, 0, 0, 0, 3, 1, 0, 0, 0, 2, 0, 0, 1, 2, 0, 3, 0, 1, 0, 0, 0, 0, 0, 2, 0, 0, 0, 0, 0, 0, 1, 0, 1, 1, 0, 1, 0, 0, 1, 0, 0, 2]
event=280:G2_TEC:action:mode=explore,state=1,draw=0.9394936794081424,action=2
event=281:G2_TEC:tournament:reason=action2,left=17,right=9,selected=[66, 68, 55, 92, 86, 48, 24, 89, 70, 13, 60, 50, 93, 15, 25, 52, 1, 59, 76, 67, 65, 17, 77, 75, 28, 26, 35, 36, 94, 95, 41, 6, 7, 0, 79, 33, 46, 58, 32, 88, 54, 71, 53, 29, 56, 8, 49, 39, 34, 14, 37, 72, 38, 23, 40, 98, 69, 27, 47, 80, 73, 63, 83, 44, 57, 11, 5, 96, 2, 16, 45, 51, 42, 3, 90, 81, 64, 21, 87, 19, 18, 9, 62, 22, 99, 91, 10, 61, 31, 43, 30, 85, 84, 74, 20, 4, 97, 82, 12, 78]|[1, 1, 0, 1, 0, 2, 2, 0, 0, 2, 1, 0, 1, 0, 0, 0, 0, 2, 0, 2, 1, 0, 2, 1, 2, 0, 2, 2, 0, 1, 1, 2, 2, 1, 1, 1, 1, 0, 0, 0, 1, 0, 1, 2, 1, 0, 1, 0, 1, 2, 1, 0, 0, 0, 1, 2, 0, 1, 1, 1, 1, 2, 1, 0, 1, 0, 1, 1, 2, 2, 1, 2, 0, 1, 1, 1, 0, 2, 2, 2, 1, 0, 0, 0, 2, 2, 0, 1, 2, 2, 2, 0, 1, 0, 0, 1, 0, 1, 0, 2]|[1, 0, 0, 4, 2, 2, 0, 1, 0, 2, 1, 2, 4, 1, 2, 0, 0, 1, 1, 1, 4, 2, 2, 0, 1, 2, 2, 2, 0, 3, 1, 1, 2, 0, 0, 1, 4, 0, 1, 2, 4, 0, 3, 2, 3, 2, 4, 0, 3, 1, 4, 2, 1, 1, 0, 0, 0, 3, 4, 4, 0, 2, 2, 1, 3, 1, 0, 4, 1, 1, 4, 2, 0, 2, 4, 4, 1, 1, 1, 2, 2, 2, 0, 1, 1, 1, 2, 4, 0, 1, 1, 1, 4, 2, 2, 4, 2, 4, 2, 1]|[0, 2, 0, 0, 1, 0, 0, 0, 0, 0, 3, 0, 1, 1, 0, 0, 0, 0, 1, 0, 1, 0, 0, 2, 1, 0, 0, 0, 0, 3, 1, 0, 1, 0, 0, 1, 2, 1, 0, 1, 3, 0, 1, 0, 1, 1, 0, 0, 1, 1, 3, 0, 0, 0, 0, 0, 0, 1, 1, 2, 0, 0, 3, 1, 3, 0, 0, 1, 0, 0, 1, 0, 0, 3, 2, 1, 0, 0, 0, 0, 0, 1, 0, 0, 0, 0, 1, 2, 1, 0, 0, 1, 1, 0, 0, 2, 0, 1, 0, 0]
event=282:G2_TEC:leader:action=2,fingerprint=[66, 68, 55, 92, 86, 48, 24, 89, 70, 13, 60, 50, 93, 15, 25, 52, 1, 59, 76, 67, 65, 17, 77, 75, 28, 26, 35, 36, 94, 95, 41, 6, 7, 0, 79, 33, 46, 58, 32, 88, 54, 71, 53, 29, 56, 8, 49, 39, 34, 14, 37, 72, 38, 23, 40, 98, 69, 27, 47, 80, 73, 63, 83, 44, 57, 11, 5, 96, 2, 16, 45, 51, 42, 3, 90, 81, 64, 21, 87, 19, 18, 9, 62, 22, 99, 91, 10, 61, 31, 43, 30, 85, 84, 74, 20, 4, 97, 82, 12, 78]|[1, 1, 0, 1, 0, 2, 2, 0, 0, 2, 1, 0, 1, 0, 0, 0, 0, 2, 0, 2, 1, 0, 2, 1, 2, 0, 2, 2, 0, 1, 1, 2, 2, 1, 1, 1, 1, 0, 0, 0, 1, 0, 1, 2, 1, 0, 1, 0, 1, 2, 1, 0, 0, 0, 1, 2, 0, 1, 1, 1, 1, 2, 1, 0, 1, 0, 1, 1, 2, 2, 1, 2, 0, 1, 1, 1, 0, 2, 2, 2, 1, 0, 0, 0, 2, 2, 0, 1, 2, 2, 2, 0, 1, 0, 0, 1, 0, 1, 0, 2]|[1, 0, 0, 4, 2, 2, 0, 1, 0, 2, 1, 2, 4, 1, 2, 0, 0, 1, 1, 1, 4, 2, 2, 0, 1, 2, 2, 2, 0, 3, 1, 1, 2, 0, 0, 1, 4, 0, 1, 2, 4, 0, 3, 2, 3, 2, 4, 0, 3, 1, 4, 2, 1, 1, 0, 0, 0, 3, 4, 4, 0, 2, 2, 1, 3, 1, 0, 4, 1, 1, 4, 2, 0, 2, 4, 4, 1, 1, 1, 2, 2, 2, 0, 1, 1, 1, 2, 4, 0, 1, 1, 1, 4, 2, 2, 4, 2, 4, 2, 1]|[0, 2, 0, 0, 1, 0, 0, 0, 0, 0, 3, 0, 1, 1, 0, 0, 0, 0, 1, 0, 1, 0, 0, 2, 1, 0, 0, 0, 0, 3, 1, 0, 1, 0, 0, 1, 2, 1, 0, 1, 3, 0, 1, 0, 1, 1, 0, 0, 1, 1, 3, 0, 0, 0, 0, 0, 0, 1, 1, 2, 0, 0, 3, 1, 3, 0, 0, 1, 0, 0, 1, 0, 0, 3, 2, 1, 0, 0, 0, 0, 0, 1, 0, 0, 0, 0, 1, 2, 1, 0, 0, 1, 1, 0, 0, 2, 0, 1, 0, 0]
event=283:G3_TWC:action:mode=exploit,state=1,draw=0.4343090433082799,action=0
event=284:G3_TWC:leader:action=0,fingerprint=[66, 68, 55, 92, 86, 48, 24, 89, 70, 13, 60, 50, 93, 15, 25, 52, 1, 59, 76, 67, 65, 17, 77, 75, 28, 26, 35, 36, 94, 95, 41, 6, 7, 0, 79, 33, 46, 58, 32, 88, 54, 71, 53, 29, 56, 8, 49, 39, 34, 14, 37, 72, 38, 23, 40, 98, 69, 27, 47, 80, 73, 63, 83, 44, 57, 11, 5, 96, 2, 16, 45, 51, 42, 3, 90, 81, 64, 21, 87, 19, 18, 9, 62, 22, 99, 91, 10, 61, 31, 43, 30, 85, 84, 20, 12, 4, 78, 82, 74, 97]|[1, 1, 0, 1, 2, 2, 2, 0, 0, 2, 1, 0, 1, 0, 0, 0, 0, 2, 0, 2, 1, 0, 2, 0, 2, 2, 0, 1, 0, 1, 1, 2, 2, 1, 1, 1, 1, 0, 0, 0, 1, 0, 1, 2, 1, 0, 1, 0, 1, 2, 1, 0, 0, 0, 1, 2, 0, 1, 0, 1, 2, 0, 1, 0, 0, 1, 1, 1, 2, 2, 1, 2, 0, 1, 2, 0, 0, 2, 2, 1, 2, 1, 0, 1, 2, 1, 0, 0, 1, 2, 2, 0, 2, 0, 0, 1, 0, 1, 2, 0]|[1, 0, 0, 4, 1, 2, 0, 1, 0, 2, 1, 2, 4, 1, 2, 0, 0, 1, 1, 2, 4, 2, 2, 1, 1, 1, 0, 3, 0, 3, 1, 1, 2, 0, 0, 1, 4, 0, 1, 2, 4, 0, 3, 2, 3, 2, 4, 0, 0, 1, 4, 2, 1, 1, 0, 2, 0, 3, 2, 4, 1, 1, 2, 1, 0, 3, 0, 4, 1, 1, 4, 2, 0, 2, 1, 2, 1, 1, 1, 0, 1, 4, 0, 4, 1, 4, 2, 1, 4, 1, 1, 1, 1, 2, 2, 4, 1, 4, 1, 2]|[0, 2, 0, 0, 1, 0, 0, 0, 0, 0, 3, 0, 1, 1, 0, 0, 0, 0, 1, 0, 1, 0, 0, 1, 1, 1, 0, 3, 0, 3, 1, 0, 1, 0, 0, 1, 2, 1, 0, 1, 3, 0, 1, 0, 1, 1, 0, 0, 3, 1, 3, 0, 0, 0, 0, 0, 0, 1, 1, 2, 0, 0, 3, 1, 0, 0, 0, 2, 0, 0, 1, 0, 0, 3, 0, 1, 0, 0, 0, 3, 0, 2, 0, 0, 0, 0, 1, 0, 1, 0, 0, 1, 0, 0, 0, 2, 0, 1, 0, 0]
event=285:G1_CMAX:update:state=1,action=2,reward=-41.946295155188864,nextState=1,old=-267.8669231713218,new=-256.2398336922463
event=286:G2_TEC:update:state=1,action=2,reward=-348.0138130732521,nextState=1,old=-1422.4801292723077,new=-324.2454178935791
event=287:G3_TWC:update:state=1,action=0,reward=-1334.2095645560767,nextState=1,old=-11298.151898452947,new=-10372.731083318435
event=288:G4_BALANCED:update:state=1,action=2,reward=-0.015718200926665468,nextState=1,old=-0.29064308091747165,new=-0.22826346005424308
event=289:G1_CMAX:action:mode=exploit,state=1,draw=0.6919229986852645,action=2
event=290:G1_CMAX:tournament:reason=action2,left=20,right=9,selected=[66, 68, 55, 92, 86, 48, 24, 89, 70, 13, 60, 50, 93, 15, 25, 52, 1, 59, 76, 67, 65, 17, 77, 75, 28, 26, 35, 36, 94, 95, 41, 6, 7, 0, 79, 33, 46, 58, 32, 88, 54, 71, 53, 29, 56, 8, 49, 39, 34, 14, 37, 72, 38, 23, 40, 98, 69, 27, 47, 80, 73, 63, 83, 44, 57, 11, 5, 96, 2, 16, 45, 51, 42, 3, 90, 81, 64, 21, 87, 19, 18, 9, 62, 22, 99, 91, 10, 61, 31, 43, 30, 85, 84, 12, 4, 20, 82, 74, 97, 78]|[1, 1, 0, 1, 1, 2, 1, 0, 0, 2, 1, 0, 1, 0, 0, 0, 0, 2, 0, 2, 1, 0, 2, 0, 2, 2, 2, 2, 0, 1, 1, 2, 2, 1, 1, 1, 1, 0, 0, 0, 1, 0, 1, 2, 1, 0, 1, 0, 1, 2, 1, 0, 0, 0, 1, 2, 0, 1, 0, 1, 2, 0, 1, 0, 0, 1, 1, 1, 2, 2, 1, 0, 1, 1, 2, 0, 0, 2, 2, 2, 2, 0, 0, 2, 2, 1, 0, 0, 1, 2, 2, 0, 2, 1, 0, 0, 1, 0, 0, 0]|[1, 0, 0, 4, 3, 2, 2, 1, 0, 2, 1, 2, 4, 1, 2, 0, 0, 1, 1, 1, 4, 2, 2, 1, 1, 1, 2, 2, 0, 3, 1, 1, 2, 0, 0, 1, 4, 0, 1, 2, 4, 0, 3, 0, 3, 2, 4, 0, 0, 1, 4, 2, 1, 1, 0, 2, 0, 3, 0, 4, 1, 1, 2, 1, 0, 3, 3, 4, 1, 1, 4, 2, 3, 2, 1, 2, 1, 1, 1, 2, 1, 1, 0, 0, 1, 4, 2, 1, 4, 1, 1, 1, 0, 2, 1, 2, 4, 2, 2, 1]|[0, 2, 0, 0, 1, 0, 0, 0, 0, 0, 3, 0, 1, 1, 0, 0, 0, 0, 1, 0, 2, 0, 0, 1, 1, 1, 0, 0, 0, 3, 1, 0, 1, 0, 0, 1, 2, 1, 0, 1, 3, 0, 1, 0, 1, 1, 0, 0, 3, 1, 3, 0, 0, 0, 0, 0, 0, 1, 0, 2, 0, 1, 3, 1, 0, 0, 0, 2, 0, 0, 1, 0, 0, 3, 0, 1, 0, 0, 0, 0, 0, 1, 0, 1, 0, 0, 1, 0, 1, 0, 0, 1, 1, 2, 1, 0, 1, 0, 0, 0]
event=291:G1_CMAX:leader:action=2,fingerprint=[66, 68, 55, 92, 86, 48, 24, 89, 70, 13, 60, 50, 93, 15, 25, 52, 1, 59, 76, 67, 65, 17, 77, 75, 28, 26, 35, 36, 94, 95, 41, 6, 7, 0, 79, 33, 46, 58, 32, 88, 54, 71, 53, 29, 56, 8, 49, 39, 34, 14, 37, 72, 38, 23, 40, 98, 69, 27, 47, 80, 73, 63, 83, 44, 57, 11, 5, 96, 2, 16, 45, 51, 42, 3, 90, 81, 64, 21, 87, 19, 18, 9, 62, 22, 99, 91, 10, 61, 31, 43, 30, 85, 84, 12, 4, 20, 82, 74, 97, 78]|[1, 1, 0, 1, 1, 2, 1, 0, 0, 2, 1, 0, 1, 0, 0, 0, 0, 2, 0, 2, 1, 0, 2, 0, 2, 2, 2, 2, 0, 1, 1, 2, 2, 1, 1, 1, 1, 0, 0, 0, 1, 0, 1, 2, 1, 0, 1, 0, 1, 2, 1, 0, 0, 0, 1, 2, 0, 1, 0, 1, 2, 0, 1, 0, 0, 1, 1, 1, 2, 2, 1, 0, 1, 1, 2, 0, 0, 2, 2, 2, 2, 0, 0, 2, 2, 1, 0, 0, 1, 2, 2, 0, 2, 1, 0, 0, 1, 0, 0, 0]|[1, 0, 0, 4, 3, 2, 2, 1, 0, 2, 1, 2, 4, 1, 2, 0, 0, 1, 1, 1, 4, 2, 2, 1, 1, 1, 2, 2, 0, 3, 1, 1, 2, 0, 0, 1, 4, 0, 1, 2, 4, 0, 3, 0, 3, 2, 4, 0, 0, 1, 4, 2, 1, 1, 0, 2, 0, 3, 0, 4, 1, 1, 2, 1, 0, 3, 3, 4, 1, 1, 4, 2, 3, 2, 1, 2, 1, 1, 1, 2, 1, 1, 0, 0, 1, 4, 2, 1, 4, 1, 1, 1, 0, 2, 1, 2, 4, 2, 2, 1]|[0, 2, 0, 0, 1, 0, 0, 0, 0, 0, 3, 0, 1, 1, 0, 0, 0, 0, 1, 0, 2, 0, 0, 1, 1, 1, 0, 0, 0, 3, 1, 0, 1, 0, 0, 1, 2, 1, 0, 1, 3, 0, 1, 0, 1, 1, 0, 0, 3, 1, 3, 0, 0, 0, 0, 0, 0, 1, 0, 2, 0, 1, 3, 1, 0, 0, 0, 2, 0, 0, 1, 0, 0, 3, 0, 1, 0, 0, 0, 0, 0, 1, 0, 1, 0, 0, 1, 0, 1, 0, 0, 1, 1, 2, 1, 0, 1, 0, 0, 0]
event=292:G4_BALANCED:action:mode=exploit,state=1,draw=0.13359054356394207,action=2
event=293:G4_BALANCED:tournament:reason=action2,left=14,right=6,selected=[66, 68, 55, 92, 86, 48, 24, 89, 70, 13, 60, 50, 93, 15, 25, 52, 1, 59, 76, 67, 65, 17, 77, 75, 28, 26, 35, 36, 94, 95, 41, 6, 7, 0, 79, 33, 46, 58, 32, 88, 54, 71, 53, 29, 56, 8, 49, 39, 34, 14, 37, 72, 38, 23, 40, 98, 19, 5, 45, 22, 27, 64, 83, 44, 57, 11, 73, 96, 2, 16, 47, 51, 42, 3, 90, 81, 63, 21, 30, 78, 84, 69, 99, 85, 82, 91, 10, 61, 31, 43, 87, 80, 12, 62, 20, 74, 18, 4, 9, 97]|[1, 2, 2, 0, 0, 2, 1, 0, 0, 2, 0, 0, 1, 0, 2, 0, 1, 2, 0, 1, 1, 0, 1, 2, 2, 0, 2, 1, 0, 1, 2, 2, 2, 0, 1, 0, 1, 0, 0, 0, 1, 0, 1, 2, 2, 1, 1, 0, 1, 2, 1, 0, 2, 0, 2, 1, 2, 0, 0, 1, 1, 2, 2, 0, 0, 2, 2, 1, 2, 2, 0, 1, 1, 0, 1, 1, 0, 1, 2, 2, 2, 0, 2, 1, 2, 1, 1, 0, 0, 2, 2, 1, 0, 2, 0, 2, 2, 0, 0, 0]|[1, 2, 2, 0, 2, 2, 4, 1, 0, 2, 1, 2, 4, 0, 2, 0, 4, 1, 1, 4, 4, 2, 0, 0, 1, 2, 2, 3, 0, 3, 1, 1, 2, 0, 0, 2, 4, 0, 0, 2, 4, 0, 3, 2, 0, 4, 3, 0, 3, 1, 4, 2, 0, 1, 1, 4, 2, 2, 0, 4, 0, 1, 1, 1, 0, 1, 1, 4, 1, 1, 0, 4, 4, 2, 4, 4, 1, 3, 1, 1, 1, 0, 1, 3, 1, 4, 4, 1, 0, 1, 1, 3, 2, 2, 2, 2, 1, 1, 1, 2]|[0, 0, 0, 1, 1, 0, 1, 0, 0, 0, 0, 0, 1, 1, 0, 0, 0, 0, 1, 1, 2, 0, 1, 0, 1, 0, 0, 3, 0, 3, 0, 0, 0, 1, 0, 1, 2, 1, 0, 1, 3, 0, 1, 0, 0, 1, 0, 0, 1, 1, 3, 0, 0, 0, 0, 3, 0, 1, 0, 0, 0, 0, 0, 1, 0, 0, 0, 1, 0, 0, 0, 2, 2, 0, 1, 1, 0, 0, 0, 0, 0, 0, 0, 3, 0, 0, 0, 0, 0, 0, 0, 1, 1, 0, 0, 0, 0, 1, 1, 0]
event=294:G4_BALANCED:leader:action=2,fingerprint=[66, 68, 55, 92, 86, 48, 24, 89, 70, 13, 60, 50, 93, 15, 25, 52, 1, 59, 76, 67, 65, 17, 77, 75, 28, 26, 35, 36, 94, 95, 41, 6, 7, 0, 79, 33, 46, 58, 32, 88, 54, 71, 53, 29, 56, 8, 49, 39, 34, 14, 37, 72, 38, 23, 40, 98, 19, 5, 45, 22, 27, 64, 83, 44, 57, 11, 73, 96, 2, 16, 47, 51, 42, 3, 90, 81, 63, 21, 30, 78, 84, 69, 99, 85, 82, 91, 10, 61, 31, 43, 87, 80, 12, 62, 20, 74, 18, 4, 9, 97]|[1, 2, 2, 0, 0, 2, 1, 0, 0, 2, 0, 0, 1, 0, 2, 0, 1, 2, 0, 1, 1, 0, 1, 2, 2, 0, 2, 1, 0, 1, 2, 2, 2, 0, 1, 0, 1, 0, 0, 0, 1, 0, 1, 2, 2, 1, 1, 0, 1, 2, 1, 0, 2, 0, 2, 1, 2, 0, 0, 1, 1, 2, 2, 0, 0, 2, 2, 1, 2, 2, 0, 1, 1, 0, 1, 1, 0, 1, 2, 2, 2, 0, 2, 1, 2, 1, 1, 0, 0, 2, 2, 1, 0, 2, 0, 2, 2, 0, 0, 0]|[1, 2, 2, 0, 2, 2, 4, 1, 0, 2, 1, 2, 4, 0, 2, 0, 4, 1, 1, 4, 4, 2, 0, 0, 1, 2, 2, 3, 0, 3, 1, 1, 2, 0, 0, 2, 4, 0, 0, 2, 4, 0, 3, 2, 0, 4, 3, 0, 3, 1, 4, 2, 0, 1, 1, 4, 2, 2, 0, 4, 0, 1, 1, 1, 0, 1, 1, 4, 1, 1, 0, 4, 4, 2, 4, 4, 1, 3, 1, 1, 1, 0, 1, 3, 1, 4, 4, 1, 0, 1, 1, 3, 2, 2, 2, 2, 1, 1, 1, 2]|[0, 0, 0, 1, 1, 0, 1, 0, 0, 0, 0, 0, 1, 1, 0, 0, 0, 0, 1, 1, 2, 0, 1, 0, 1, 0, 0, 3, 0, 3, 0, 0, 0, 1, 0, 1, 2, 1, 0, 1, 3, 0, 1, 0, 0, 1, 0, 0, 1, 1, 3, 0, 0, 0, 0, 3, 0, 1, 0, 0, 0, 0, 0, 1, 0, 0, 0, 1, 0, 0, 0, 2, 2, 0, 1, 1, 0, 0, 0, 0, 0, 0, 0, 3, 0, 0, 0, 0, 0, 0, 0, 1, 1, 0, 0, 0, 0, 1, 1, 0]
event=295:G2_TEC:action:mode=exploit,state=1,draw=0.6327526498032792,action=1
event=296:G2_TEC:leader:action=1,fingerprint=[66, 68, 55, 92, 86, 48, 24, 89, 70, 13, 60, 50, 93, 15, 25, 52, 1, 59, 76, 67, 65, 17, 77, 75, 28, 26, 35, 36, 94, 95, 41, 6, 7, 0, 79, 33, 46, 58, 32, 88, 54, 71, 53, 29, 56, 8, 49, 39, 34, 14, 37, 72, 38, 23, 40, 98, 69, 27, 47, 80, 73, 63, 83, 44, 57, 11, 5, 96, 2, 16, 45, 51, 42, 3, 90, 81, 64, 21, 87, 19, 18, 9, 62, 22, 99, 91, 10, 61, 31, 43, 30, 85, 84, 74, 4, 82, 78, 97, 20, 12]|[1, 1, 0, 1, 1, 2, 2, 0, 0, 2, 1, 0, 1, 0, 0, 0, 0, 2, 0, 2, 1, 0, 2, 1, 2, 0, 2, 2, 0, 1, 1, 2, 2, 1, 1, 1, 1, 0, 0, 0, 0, 0, 1, 2, 1, 0, 1, 0, 1, 2, 1, 0, 0, 0, 1, 1, 0, 1, 0, 1, 1, 0, 1, 0, 1, 1, 1, 1, 2, 2, 1, 2, 0, 1, 1, 1, 0, 2, 2, 2, 2, 1, 0, 1, 2, 1, 0, 0, 1, 2, 2, 0, 1, 0, 1, 2, 2, 1, 0, 0]|[1, 0, 2, 4, 3, 2, 0, 1, 0, 2, 1, 2, 4, 1, 2, 0, 0, 1, 1, 1, 4, 2, 2, 0, 1, 2, 2, 2, 0, 3, 1, 1, 2, 0, 0, 1, 4, 2, 1, 2, 1, 0, 3, 2, 3, 2, 4, 0, 3, 1, 4, 2, 1, 1, 0, 4, 0, 3, 2, 4, 0, 1, 2, 1, 3, 3, 0, 4, 1, 1, 4, 2, 0, 2, 4, 4, 1, 1, 1, 2, 1, 4, 0, 4, 1, 4, 2, 1, 4, 1, 1, 1, 4, 2, 4, 1, 1, 3, 2, 2]|[0, 2, 0, 0, 1, 0, 0, 0, 0, 0, 3, 0, 1, 1, 0, 0, 0, 0, 1, 0, 1, 0, 0, 2, 1, 0, 0, 0, 0, 3, 1, 0, 1, 0, 0, 1, 2, 1, 0, 1, 0, 0, 1, 0, 1, 1, 0, 0, 1, 1, 2, 0, 0, 0, 0, 3, 0, 1, 1, 2, 0, 0, 3, 1, 3, 0, 0, 2, 0, 0, 1, 0, 0, 3, 2, 1, 0, 0, 0, 0, 0, 2, 0, 0, 0, 0, 1, 0, 1, 0, 0, 1, 1, 0, 2, 0, 0, 3, 0, 0]
event=297:G3_TWC:action:mode=exploit,state=1,draw=0.15565126886918412,action=0
event=298:G3_TWC:leader:action=0,fingerprint=[66, 68, 55, 92, 86, 48, 24, 89, 70, 13, 60, 50, 93, 15, 25, 52, 1, 59, 76, 67, 65, 17, 77, 75, 28, 26, 35, 36, 94, 95, 41, 6, 7, 0, 79, 33, 46, 58, 32, 88, 54, 71, 53, 29, 56, 8, 49, 39, 34, 14, 37, 72, 38, 23, 40, 98, 69, 27, 47, 80, 73, 63, 83, 44, 57, 11, 5, 96, 2, 16, 45, 51, 42, 3, 90, 81, 64, 21, 87, 19, 18, 9, 62, 22, 99, 91, 10, 61, 31, 43, 30, 85, 84, 20, 12, 4, 78, 82, 74, 97]|[1, 1, 0, 1, 2, 2, 2, 0, 0, 2, 1, 0, 1, 0, 0, 0, 0, 2, 0, 2, 1, 0, 2, 0, 2, 2, 0, 1, 0, 1, 1, 2, 2, 1, 1, 1, 1, 0, 0, 0, 1, 0, 1, 2, 1, 0, 1, 0, 1, 2, 1, 0, 0, 0, 1, 2, 0, 1, 0, 1, 2, 0, 1, 0, 0, 1, 1, 1, 2, 2, 1, 2, 0, 1, 2, 0, 0, 2, 2, 1, 2, 1, 0, 1, 2, 1, 0, 0, 1, 2, 2, 0, 2, 0, 0, 1, 0, 1, 2, 0]|[1, 0, 0, 4, 1, 2, 0, 1, 0, 2, 1, 2, 4, 1, 2, 0, 0, 1, 1, 2, 4, 2, 2, 1, 1, 1, 0, 3, 0, 3, 1, 1, 2, 0, 0, 1, 4, 0, 1, 2, 4, 0, 3, 2, 3, 2, 4, 0, 0, 1, 4, 2, 1, 1, 0, 2, 0, 3, 2, 4, 1, 1, 2, 1, 0, 3, 0, 4, 1, 1, 4, 2, 0, 2, 1, 2, 1, 1, 1, 0, 1, 4, 0, 4, 1, 4, 2, 1, 4, 1, 1, 1, 1, 2, 2, 4, 1, 4, 1, 2]|[0, 2, 0, 0, 1, 0, 0, 0, 0, 0, 3, 0, 1, 1, 0, 0, 0, 0, 1, 0, 1, 0, 0, 1, 1, 1, 0, 3, 0, 3, 1, 0, 1, 0, 0, 1, 2, 1, 0, 1, 3, 0, 1, 0, 1, 1, 0, 0, 3, 1, 3, 0, 0, 0, 0, 0, 0, 1, 1, 2, 0, 0, 3, 1, 0, 0, 0, 2, 0, 0, 1, 0, 0, 3, 0, 1, 0, 0, 0, 3, 0, 2, 0, 0, 0, 0, 1, 0, 1, 0, 0, 1, 0, 0, 0, 2, 0, 1, 0, 0]
event=299:G1_CMAX:update:state=1,action=2,reward=-34.046944152154424,nextState=1,old=-256.2398336922463,new=-239.03881110595148
event=300:G2_TEC:update:state=1,action=1,reward=-212.41372546600905,nextState=1,old=29.710493974591373,new=-188.64533028633596
event=301:G3_TWC:update:state=1,action=0,reward=-3360.1518724348425,nextState=1,old=-10372.731083318435,new=-11658.336739089591
event=302:G4_BALANCED:update:state=1,action=2,reward=-0.1360465311883946,nextState=1,old=-0.22826346005424308,new=-0.3186572992317891
event=303:G1_CMAX:action:mode=exploit,state=1,draw=0.4463292704873232,action=2
event=304:G1_CMAX:tournament:reason=action2,left=15,right=21,selected=[66, 68, 55, 92, 86, 48, 24, 89, 70, 13, 60, 50, 93, 15, 25, 52, 1, 59, 76, 67, 65, 17, 77, 75, 28, 26, 35, 36, 94, 95, 41, 6, 7, 0, 79, 33, 46, 58, 32, 88, 54, 71, 53, 29, 56, 8, 49, 39, 34, 14, 37, 72, 38, 23, 40, 98, 69, 27, 47, 80, 73, 63, 83, 44, 57, 11, 5, 96, 2, 16, 45, 51, 42, 3, 90, 81, 64, 21, 87, 19, 18, 9, 62, 22, 99, 91, 10, 61, 31, 43, 30, 85, 84, 74, 4, 82, 97, 20, 12, 78]|[1, 1, 0, 1, 1, 2, 2, 0, 0, 2, 0, 0, 1, 0, 0, 0, 0, 2, 0, 2, 1, 0, 2, 1, 2, 0, 0, 2, 0, 1, 1, 2, 2, 1, 1, 1, 1, 0, 0, 0, 1, 0, 1, 2, 1, 0, 1, 0, 1, 2, 1, 0, 0, 0, 1, 2, 0, 1, 0, 1, 1, 0, 1, 0, 0, 1, 1, 1, 2, 2, 1, 2, 0, 1, 1, 0, 0, 2, 2, 1, 1, 1, 0, 1, 2, 1, 0, 1, 1, 2, 2, 0, 1, 0, 1, 2, 1, 0, 0, 2]|[1, 0, 2, 4, 3, 2, 0, 1, 0, 2, 1, 2, 4, 1, 2, 0, 0, 1, 1, 1, 4, 2, 2, 0, 1, 2, 0, 2, 0, 3, 1, 1, 2, 0, 0, 1, 4, 0, 1, 2, 4, 0, 3, 2, 3, 2, 4, 0, 3, 1, 4, 2, 1, 1, 0, 2, 0, 3, 2, 4, 0, 1, 2, 1, 0, 3, 0, 4, 1, 1, 4, 2, 0, 2, 4, 2, 1, 1, 1, 0, 2, 4, 0, 4, 1, 4, 2, 4, 3, 1, 1, 1, 4, 2, 4, 1, 3, 2, 2, 1]|[0, 2, 0, 0, 1, 0, 0, 0, 0, 0, 0, 0, 1, 1, 0, 0, 0, 0, 1, 0, 1, 0, 0, 2, 1, 0, 0, 0, 0, 3, 1, 0, 1, 0, 0, 1, 2, 1, 0, 1, 3, 0, 1, 0, 1, 1, 0, 0, 1, 1, 2, 0, 0, 0, 0, 0, 0, 1, 1, 2, 0, 0, 3, 1, 0, 0, 0, 2, 0, 0, 1, 0, 0, 3, 2, 1, 0, 0, 0, 3, 0, 2, 0, 0, 0, 0, 1, 2, 3, 0, 0, 1, 1, 0, 2, 0, 3, 0, 0, 0]
event=305:G1_CMAX:leader:action=2,fingerprint=[66, 68, 55, 92, 86, 48, 24, 89, 70, 13, 60, 50, 93, 15, 25, 52, 1, 59, 76, 67, 65, 17, 77, 75, 28, 26, 35, 36, 94, 95, 41, 6, 7, 0, 79, 33, 46, 58, 32, 88, 54, 71, 53, 29, 56, 8, 49, 39, 34, 14, 37, 72, 38, 23, 40, 98, 69, 27, 47, 80, 73, 63, 83, 44, 57, 11, 5, 96, 2, 16, 45, 51, 42, 3, 90, 81, 64, 21, 87, 19, 18, 9, 62, 22, 99, 91, 10, 61, 31, 43, 30, 85, 84, 74, 4, 82, 97, 20, 12, 78]|[1, 1, 0, 1, 1, 2, 2, 0, 0, 2, 0, 0, 1, 0, 0, 0, 0, 2, 0, 2, 1, 0, 2, 1, 2, 0, 0, 2, 0, 1, 1, 2, 2, 1, 1, 1, 1, 0, 0, 0, 1, 0, 1, 2, 1, 0, 1, 0, 1, 2, 1, 0, 0, 0, 1, 2, 0, 1, 0, 1, 1, 0, 1, 0, 0, 1, 1, 1, 2, 2, 1, 2, 0, 1, 1, 0, 0, 2, 2, 1, 1, 1, 0, 1, 2, 1, 0, 1, 1, 2, 2, 0, 1, 0, 1, 2, 1, 0, 0, 2]|[1, 0, 2, 4, 3, 2, 0, 1, 0, 2, 1, 2, 4, 1, 2, 0, 0, 1, 1, 1, 4, 2, 2, 0, 1, 2, 0, 2, 0, 3, 1, 1, 2, 0, 0, 1, 4, 0, 1, 2, 4, 0, 3, 2, 3, 2, 4, 0, 3, 1, 4, 2, 1, 1, 0, 2, 0, 3, 2, 4, 0, 1, 2, 1, 0, 3, 0, 4, 1, 1, 4, 2, 0, 2, 4, 2, 1, 1, 1, 0, 2, 4, 0, 4, 1, 4, 2, 4, 3, 1, 1, 1, 4, 2, 4, 1, 3, 2, 2, 1]|[0, 2, 0, 0, 1, 0, 0, 0, 0, 0, 0, 0, 1, 1, 0, 0, 0, 0, 1, 0, 1, 0, 0, 2, 1, 0, 0, 0, 0, 3, 1, 0, 1, 0, 0, 1, 2, 1, 0, 1, 3, 0, 1, 0, 1, 1, 0, 0, 1, 1, 2, 0, 0, 0, 0, 0, 0, 1, 1, 2, 0, 0, 3, 1, 0, 0, 0, 2, 0, 0, 1, 0, 0, 3, 2, 1, 0, 0, 0, 3, 0, 2, 0, 0, 0, 0, 1, 2, 3, 0, 0, 1, 1, 0, 2, 0, 3, 0, 0, 0]
event=306:G4_BALANCED:action:mode=exploit,state=1,draw=0.5849076790629908,action=0
event=307:G4_BALANCED:leader:action=0,fingerprint=[66, 68, 55, 92, 86, 48, 24, 89, 70, 13, 60, 50, 93, 15, 25, 52, 1, 59, 76, 67, 65, 17, 77, 75, 28, 26, 35, 36, 94, 95, 41, 6, 7, 0, 79, 33, 46, 58, 32, 88, 54, 71, 53, 29, 56, 8, 49, 39, 34, 14, 37, 72, 38, 23, 40, 98, 19, 5, 45, 22, 27, 64, 83, 44, 57, 11, 73, 82, 2, 16, 47, 51, 42, 3, 90, 81, 63, 21, 87, 69, 18, 9, 62, 80, 99, 91, 10, 61, 31, 43, 30, 85, 84, 20, 97, 78, 4, 12, 96, 74]|[1, 2, 0, 0, 0, 2, 1, 0, 0, 2, 0, 0, 1, 0, 2, 0, 0, 2, 0, 2, 1, 0, 2, 0, 2, 0, 2, 1, 0, 1, 2, 2, 2, 0, 1, 1, 1, 0, 0, 0, 1, 0, 1, 2, 2, 1, 1, 0, 1, 2, 1, 0, 2, 0, 1, 1, 0, 1, 1, 1, 2, 2, 1, 0, 0, 1, 2, 1, 2, 2, 1, 1, 0, 1, 2, 1, 0, 1, 2, 1, 2, 0, 0, 1, 0, 1, 1, 2, 1, 2, 2, 1, 2, 0, 0, 2, 1, 0, 1, 0]|[1, 2, 0, 0, 2, 2, 4, 1, 0, 2, 1, 2, 4, 1, 2, 0, 0, 1, 1, 2, 4, 2, 2, 1, 1, 2, 2, 3, 0, 3, 1, 1, 2, 0, 0, 1, 4, 0, 1, 2, 4, 0, 3, 2, 0, 4, 4, 0, 3, 1, 4, 2, 0, 1, 0, 4, 0, 3, 4, 4, 1, 1, 2, 1, 0, 3, 1, 4, 1, 1, 4, 4, 0, 2, 1, 4, 1, 3, 1, 0, 1, 1, 0, 4, 0, 4, 4, 1, 4, 1, 1, 3, 1, 2, 2, 1, 4, 2, 4, 2]|[0, 0, 0, 1, 1, 0, 1, 0, 0, 0, 0, 0, 1, 1, 0, 0, 0, 0, 1, 0, 1, 0, 0, 1, 1, 0, 0, 3, 0, 3, 0, 0, 1, 1, 0, 1, 2, 1, 0, 1, 3, 0, 1, 0, 0, 1, 0, 0, 1, 1, 3, 0, 0, 0, 0, 3, 0, 1, 1, 0, 0, 0, 3, 1, 0, 0, 0, 2, 0, 0, 1, 2, 0, 3, 0, 1, 0, 0, 0, 3, 0, 1, 0, 0, 0, 0, 0, 0, 1, 0, 0, 3, 0, 0, 0, 0, 2, 0, 1, 0]
event=308:G2_TEC:action:mode=exploit,state=1,draw=0.011235191717270165,action=1
event=309:G2_TEC:leader:action=1,fingerprint=[66, 68, 55, 92, 86, 48, 24, 89, 70, 13, 60, 50, 93, 15, 25, 52, 1, 59, 76, 67, 65, 17, 77, 75, 28, 26, 35, 36, 94, 95, 41, 6, 7, 0, 79, 33, 46, 58, 32, 88, 54, 71, 53, 29, 56, 8, 49, 39, 34, 14, 37, 72, 38, 23, 40, 98, 69, 27, 47, 80, 73, 63, 83, 44, 57, 11, 5, 96, 2, 16, 45, 51, 42, 3, 90, 81, 64, 21, 87, 19, 18, 9, 62, 22, 99, 91, 10, 61, 31, 43, 30, 85, 84, 74, 4, 82, 78, 97, 20, 12]|[1, 1, 0, 1, 1, 2, 2, 0, 0, 2, 1, 0, 1, 0, 0, 0, 0, 2, 0, 2, 1, 0, 2, 1, 2, 0, 2, 2, 0, 1, 1, 2, 2, 1, 1, 1, 1, 0, 0, 0, 0, 0, 1, 2, 1, 0, 1, 0, 1, 2, 1, 0, 0, 0, 1, 1, 0, 1, 0, 1, 1, 0, 1, 0, 1, 1, 1, 1, 2, 2, 1, 2, 0, 1, 1, 1, 0, 2, 2, 2, 2, 1, 0, 1, 2, 1, 0, 0, 1, 2, 2, 0, 1, 0, 1, 2, 2, 1, 0, 0]|[1, 0, 2, 4, 3, 2, 0, 1, 0, 2, 1, 2, 4, 1, 2, 0, 0, 1, 1, 1, 4, 2, 2, 0, 1, 2, 2, 2, 0, 3, 1, 1, 2, 0, 0, 1, 4, 2, 1, 2, 1, 0, 3, 2, 3, 2, 4, 0, 3, 1, 4, 2, 1, 1, 0, 4, 0, 3, 2, 4, 0, 1, 2, 1, 3, 3, 0, 4, 1, 1, 4, 2, 0, 2, 4, 4, 1, 1, 1, 2, 1, 4, 0, 4, 1, 4, 2, 1, 4, 1, 1, 1, 4, 2, 4, 1, 1, 3, 2, 2]|[0, 2, 0, 0, 1, 0, 0, 0, 0, 0, 3, 0, 1, 1, 0, 0, 0, 0, 1, 0, 1, 0, 0, 2, 1, 0, 0, 0, 0, 3, 1, 0, 1, 0, 0, 1, 2, 1, 0, 1, 0, 0, 1, 0, 1, 1, 0, 0, 1, 1, 2, 0, 0, 0, 0, 3, 0, 1, 1, 2, 0, 0, 3, 1, 3, 0, 0, 2, 0, 0, 1, 0, 0, 3, 2, 1, 0, 0, 0, 0, 0, 2, 0, 0, 0, 0, 1, 0, 1, 0, 0, 1, 1, 0, 2, 0, 0, 3, 0, 0]
event=310:G3_TWC:action:mode=explore,state=1,draw=0.8113746373284504,action=0
event=311:G3_TWC:leader:action=0,fingerprint=[66, 68, 55, 92, 86, 48, 24, 89, 70, 13, 60, 50, 93, 15, 25, 52, 1, 59, 76, 67, 65, 17, 77, 75, 28, 26, 35, 36, 94, 95, 41, 6, 7, 0, 79, 33, 46, 58, 32, 88, 54, 71, 53, 29, 56, 8, 49, 39, 34, 14, 37, 72, 38, 23, 40, 98, 69, 27, 47, 80, 73, 63, 83, 44, 57, 11, 5, 96, 2, 16, 45, 51, 42, 3, 90, 81, 64, 21, 87, 19, 18, 9, 62, 22, 99, 91, 10, 61, 31, 43, 30, 85, 84, 20, 12, 4, 78, 82, 74, 97]|[1, 1, 0, 1, 2, 2, 2, 0, 0, 2, 1, 0, 1, 0, 0, 0, 0, 2, 0, 2, 1, 0, 2, 0, 2, 2, 0, 1, 0, 1, 1, 2, 2, 1, 1, 1, 1, 0, 0, 0, 1, 0, 1, 2, 1, 0, 1, 0, 1, 2, 1, 0, 0, 0, 1, 2, 0, 1, 0, 1, 2, 0, 1, 0, 0, 1, 1, 1, 2, 2, 1, 2, 0, 1, 2, 0, 0, 2, 2, 1, 2, 1, 0, 1, 2, 1, 0, 0, 1, 2, 2, 0, 2, 0, 0, 1, 0, 1, 2, 0]|[1, 0, 0, 4, 1, 2, 0, 1, 0, 2, 1, 2, 4, 1, 2, 0, 0, 1, 1, 2, 4, 2, 2, 1, 1, 1, 0, 3, 0, 3, 1, 1, 2, 0, 0, 1, 4, 0, 1, 2, 4, 0, 3, 2, 3, 2, 4, 0, 0, 1, 4, 2, 1, 1, 0, 2, 0, 3, 2, 4, 1, 1, 2, 1, 0, 3, 0, 4, 1, 1, 4, 2, 0, 2, 1, 2, 1, 1, 1, 0, 1, 4, 0, 4, 1, 4, 2, 1, 4, 1, 1, 1, 1, 2, 2, 4, 1, 4, 1, 2]|[0, 2, 0, 0, 1, 0, 0, 0, 0, 0, 3, 0, 1, 1, 0, 0, 0, 0, 1, 0, 1, 0, 0, 1, 1, 1, 0, 3, 0, 3, 1, 0, 1, 0, 0, 1, 2, 1, 0, 1, 3, 0, 1, 0, 1, 1, 0, 0, 3, 1, 3, 0, 0, 0, 0, 0, 0, 1, 1, 2, 0, 0, 3, 1, 0, 0, 0, 2, 0, 0, 1, 0, 0, 3, 0, 1, 0, 0, 0, 3, 0, 2, 0, 0, 0, 0, 1, 0, 1, 0, 0, 1, 0, 0, 0, 2, 0, 1, 0, 0]
event=312:G1_CMAX:update:state=1,action=2,reward=-31.639525895630868,nextState=1,old=-239.03881110595148,new=-222.87057478039208
event=313:G2_TEC:update:state=1,action=1,reward=-488.04103234725335,nextState=1,old=-188.64533028633596,new=-638.9572965763222
event=314:G3_TWC:update:state=1,action=0,reward=-1772.1054728893942,nextState=1,old=-11658.336739089591,new=-11098.774864161067
event=315:G4_BALANCED:update:state=1,action=0,reward=-0.1097774573084718,nextState=1,old=-0.265681573909472,new=-0.3223227164360494
event=316:G1_CMAX:action:mode=exploit,state=1,draw=0.740894539446838,action=2
event=317:G1_CMAX:tournament:reason=action2,left=25,right=34,selected=[66, 68, 55, 92, 86, 48, 24, 89, 70, 13, 60, 50, 93, 15, 25, 52, 1, 59, 76, 67, 65, 17, 77, 75, 28, 26, 35, 36, 94, 95, 41, 6, 7, 0, 79, 33, 46, 58, 32, 88, 54, 71, 53, 29, 56, 8, 49, 39, 34, 14, 37, 72, 38, 23, 40, 98, 69, 27, 47, 80, 73, 63, 83, 44, 57, 11, 5, 96, 2, 16, 45, 51, 42, 3, 90, 81, 64, 21, 87, 19, 18, 9, 62, 22, 99, 91, 10, 61, 31, 43, 30, 85, 84, 20, 4, 82, 78, 97, 74, 12]|[1, 1, 0, 1, 1, 2, 1, 0, 0, 2, 1, 0, 1, 0, 2, 0, 0, 2, 0, 2, 1, 0, 2, 2, 2, 0, 2, 1, 0, 1, 2, 2, 2, 1, 1, 1, 1, 0, 0, 0, 0, 0, 1, 2, 1, 0, 1, 0, 1, 2, 1, 0, 0, 0, 1, 2, 0, 1, 0, 1, 1, 0, 1, 0, 1, 1, 1, 1, 2, 2, 1, 2, 0, 1, 2, 2, 0, 2, 2, 2, 2, 1, 0, 1, 2, 1, 0, 0, 1, 2, 2, 0, 1, 0, 1, 1, 0, 0, 0, 0]|[1, 0, 2, 4, 3, 2, 4, 1, 0, 2, 1, 2, 4, 1, 2, 0, 0, 1, 1, 1, 4, 2, 2, 0, 1, 2, 2, 3, 0, 3, 1, 1, 2, 0, 0, 1, 4, 0, 1, 2, 1, 0, 3, 2, 3, 2, 4, 0, 3, 1, 4, 2, 1, 1, 0, 2, 0, 3, 2, 4, 0, 1, 2, 1, 3, 3, 0, 4, 1, 1, 4, 2, 0, 2, 1, 1, 1, 1, 1, 2, 1, 4, 0, 4, 1, 4, 2, 1, 4, 1, 1, 1, 4, 2, 4, 4, 1, 2, 2, 2]|[0, 2, 0, 0, 1, 0, 1, 0, 0, 0, 3, 0, 1, 1, 0, 0, 0, 0, 1, 0, 1, 0, 0, 0, 1, 0, 0, 3, 0, 3, 0, 0, 1, 0, 0, 1, 2, 1, 0, 1, 0, 0, 1, 0, 1, 1, 0, 0, 1, 1, 3, 0, 0, 0, 0, 0, 0, 1, 1, 2, 0, 0, 3, 1, 3, 0, 0, 2, 0, 0, 1, 0, 0, 3, 0, 0, 0, 0, 0, 0, 0, 2, 0, 0, 0, 0, 1, 0, 1, 0, 0, 1, 1, 0, 2, 1, 0, 0, 0, 0]
event=318:G1_CMAX:leader:action=2,fingerprint=[66, 68, 55, 92, 86, 48, 24, 89, 70, 13, 60, 50, 93, 15, 25, 52, 1, 59, 76, 67, 65, 17, 77, 75, 28, 26, 35, 36, 94, 95, 41, 6, 7, 0, 79, 33, 46, 58, 32, 88, 54, 71, 53, 29, 56, 8, 49, 39, 34, 14, 37, 72, 38, 23, 40, 98, 69, 27, 47, 80, 73, 63, 83, 44, 57, 11, 5, 96, 2, 16, 45, 51, 42, 3, 90, 81, 64, 21, 87, 19, 18, 9, 62, 22, 99, 91, 10, 61, 31, 43, 30, 85, 84, 20, 4, 82, 78, 97, 74, 12]|[1, 1, 0, 1, 1, 2, 1, 0, 0, 2, 1, 0, 1, 0, 2, 0, 0, 2, 0, 2, 1, 0, 2, 2, 2, 0, 2, 1, 0, 1, 2, 2, 2, 1, 1, 1, 1, 0, 0, 0, 0, 0, 1, 2, 1, 0, 1, 0, 1, 2, 1, 0, 0, 0, 1, 2, 0, 1, 0, 1, 1, 0, 1, 0, 1, 1, 1, 1, 2, 2, 1, 2, 0, 1, 2, 2, 0, 2, 2, 2, 2, 1, 0, 1, 2, 1, 0, 0, 1, 2, 2, 0, 1, 0, 1, 1, 0, 0, 0, 0]|[1, 0, 2, 4, 3, 2, 4, 1, 0, 2, 1, 2, 4, 1, 2, 0, 0, 1, 1, 1, 4, 2, 2, 0, 1, 2, 2, 3, 0, 3, 1, 1, 2, 0, 0, 1, 4, 0, 1, 2, 1, 0, 3, 2, 3, 2, 4, 0, 3, 1, 4, 2, 1, 1, 0, 2, 0, 3, 2, 4, 0, 1, 2, 1, 3, 3, 0, 4, 1, 1, 4, 2, 0, 2, 1, 1, 1, 1, 1, 2, 1, 4, 0, 4, 1, 4, 2, 1, 4, 1, 1, 1, 4, 2, 4, 4, 1, 2, 2, 2]|[0, 2, 0, 0, 1, 0, 1, 0, 0, 0, 3, 0, 1, 1, 0, 0, 0, 0, 1, 0, 1, 0, 0, 0, 1, 0, 0, 3, 0, 3, 0, 0, 1, 0, 0, 1, 2, 1, 0, 1, 0, 0, 1, 0, 1, 1, 0, 0, 1, 1, 3, 0, 0, 0, 0, 0, 0, 1, 1, 2, 0, 0, 3, 1, 3, 0, 0, 2, 0, 0, 1, 0, 0, 3, 0, 0, 0, 0, 0, 0, 0, 2, 0, 0, 0, 0, 1, 0, 1, 0, 0, 1, 1, 0, 2, 1, 0, 0, 0, 0]
event=319:G4_BALANCED:action:mode=exploit,state=1,draw=0.7642784334782926,action=1
event=320:G4_BALANCED:leader:action=1,fingerprint=[66, 68, 55, 92, 86, 48, 24, 89, 70, 13, 60, 50, 93, 15, 25, 52, 1, 59, 76, 67, 65, 17, 77, 75, 28, 26, 35, 36, 94, 95, 41, 6, 7, 0, 79, 33, 46, 58, 32, 88, 54, 71, 53, 29, 56, 8, 49, 39, 34, 14, 37, 72, 38, 23, 40, 98, 19, 5, 45, 22, 27, 64, 83, 44, 57, 11, 73, 82, 2, 16, 47, 51, 42, 3, 90, 81, 63, 21, 87, 69, 18, 9, 62, 80, 99, 91, 10, 61, 31, 43, 30, 85, 84, 20, 97, 78, 4, 12, 96, 74]|[1, 2, 0, 0, 0, 2, 1, 0, 0, 2, 0, 0, 1, 0, 2, 0, 0, 2, 0, 2, 1, 0, 2, 0, 2, 0, 2, 1, 0, 1, 2, 2, 2, 0, 1, 1, 1, 0, 0, 0, 1, 0, 1, 2, 2, 1, 1, 0, 1, 2, 1, 0, 2, 0, 1, 1, 0, 1, 1, 1, 2, 2, 1, 0, 0, 1, 2, 1, 2, 2, 1, 1, 0, 1, 2, 1, 0, 1, 2, 1, 2, 0, 0, 1, 0, 1, 1, 2, 1, 2, 2, 1, 2, 0, 0, 2, 1, 0, 1, 0]|[1, 2, 0, 0, 2, 2, 4, 1, 0, 2, 1, 2, 4, 1, 2, 0, 0, 1, 1, 2, 4, 2, 2, 1, 1, 2, 2, 3, 0, 3, 1, 1, 2, 0, 0, 1, 4, 0, 1, 2, 4, 0, 3, 2, 0, 4, 4, 0, 3, 1, 4, 2, 0, 1, 0, 4, 0, 3, 4, 4, 1, 1, 2, 1, 0, 3, 1, 4, 1, 1, 4, 4, 0, 2, 1, 4, 1, 3, 1, 0, 1, 1, 0, 4, 0, 4, 4, 1, 4, 1, 1, 3, 1, 2, 2, 1, 4, 2, 4, 2]|[0, 0, 0, 1, 1, 0, 1, 0, 0, 0, 0, 0, 1, 1, 0, 0, 0, 0, 1, 0, 1, 0, 0, 1, 1, 0, 0, 3, 0, 3, 0, 0, 1, 1, 0, 1, 2, 1, 0, 1, 3, 0, 1, 0, 0, 1, 0, 0, 1, 1, 3, 0, 0, 0, 0, 3, 0, 1, 1, 0, 0, 0, 3, 1, 0, 0, 0, 2, 0, 0, 1, 2, 0, 3, 0, 1, 0, 0, 0, 3, 0, 1, 0, 0, 0, 0, 0, 0, 1, 0, 0, 3, 0, 0, 0, 0, 2, 0, 1, 0]
event=321:G2_TEC:action:mode=exploit,state=1,draw=0.6484665843672828,action=2
event=322:G2_TEC:tournament:reason=action2,left=11,right=11,selected=[66, 68, 55, 92, 86, 48, 24, 89, 70, 13, 96, 50, 93, 15, 25, 52, 1, 59, 76, 67, 65, 17, 77, 75, 28, 26, 35, 36, 94, 95, 41, 6, 7, 0, 79, 33, 46, 58, 32, 88, 54, 71, 53, 29, 56, 8, 49, 39, 34, 14, 37, 72, 38, 23, 40, 98, 69, 27, 47, 80, 73, 64, 18, 44, 57, 11, 5, 60, 2, 16, 45, 51, 42, 3, 90, 81, 63, 21, 87, 19, 83, 9, 62, 22, 99, 91, 10, 61, 31, 43, 30, 85, 82, 20, 74, 12, 84, 4, 78, 97]|[1, 1, 0, 0, 2, 2, 2, 0, 0, 1, 1, 0, 1, 0, 0, 0, 0, 2, 0, 2, 1, 0, 2, 0, 2, 0, 0, 1, 0, 1, 2, 2, 2, 1, 1, 1, 1, 0, 0, 0, 1, 0, 1, 2, 1, 0, 1, 0, 1, 2, 1, 0, 0, 0, 1, 2, 0, 1, 1, 1, 1, 0, 2, 0, 0, 1, 1, 1, 2, 1, 1, 0, 0, 1, 2, 0, 0, 2, 2, 0, 2, 1, 0, 1, 2, 0, 1, 0, 1, 2, 2, 0, 1, 0, 0, 0, 2, 0, 2, 0]|[1, 0, 2, 0, 1, 2, 0, 1, 0, 0, 4, 2, 4, 1, 2, 0, 0, 1, 1, 1, 4, 2, 2, 1, 1, 2, 0, 3, 0, 3, 1, 1, 2, 0, 0, 1, 4, 2, 1, 2, 4, 0, 3, 2, 4, 2, 4, 0, 0, 1, 4, 2, 1, 1, 0, 2, 0, 3, 4, 4, 0, 1, 1, 1, 0, 3, 0, 4, 1, 4, 4, 2, 1, 2, 1, 2, 1, 1, 1, 2, 1, 4, 0, 4, 1, 1, 0, 1, 4, 1, 1, 1, 4, 2, 2, 2, 1, 1, 1, 2]|[0, 2, 0, 1, 1, 0, 0, 0, 0, 2, 1, 0, 1, 1, 0, 0, 0, 0, 1, 0, 1, 0, 0, 1, 1, 0, 0, 3, 0, 3, 0, 0, 1, 0, 0, 1, 2, 1, 0, 1, 3, 0, 1, 0, 0, 1, 0, 0, 3, 1, 3, 0, 0, 0, 0, 0, 0, 1, 1, 2, 0, 0, 0, 1, 0, 0, 0, 1, 0, 1, 1, 0, 0, 3, 0, 1, 0, 0, 0, 1, 0, 2, 0, 0, 0, 0, 0, 0, 1, 0, 0, 1, 2, 0, 0, 0, 0, 1, 0, 0]
event=323:G2_TEC:leader:action=2,fingerprint=[66, 68, 55, 92, 86, 48, 24, 89, 70, 13, 96, 50, 93, 15, 25, 52, 1, 59, 76, 67, 65, 17, 77, 75, 28, 26, 35, 36, 94, 95, 41, 6, 7, 0, 79, 33, 46, 58, 32, 88, 54, 71, 53, 29, 56, 8, 49, 39, 34, 14, 37, 72, 38, 23, 40, 98, 69, 27, 47, 80, 73, 64, 18, 44, 57, 11, 5, 60, 2, 16, 45, 51, 42, 3, 90, 81, 63, 21, 87, 19, 83, 9, 62, 22, 99, 91, 10, 61, 31, 43, 30, 85, 82, 20, 74, 12, 84, 4, 78, 97]|[1, 1, 0, 0, 2, 2, 2, 0, 0, 1, 1, 0, 1, 0, 0, 0, 0, 2, 0, 2, 1, 0, 2, 0, 2, 0, 0, 1, 0, 1, 2, 2, 2, 1, 1, 1, 1, 0, 0, 0, 1, 0, 1, 2, 1, 0, 1, 0, 1, 2, 1, 0, 0, 0, 1, 2, 0, 1, 1, 1, 1, 0, 2, 0, 0, 1, 1, 1, 2, 1, 1, 0, 0, 1, 2, 0, 0, 2, 2, 0, 2, 1, 0, 1, 2, 0, 1, 0, 1, 2, 2, 0, 1, 0, 0, 0, 2, 0, 2, 0]|[1, 0, 2, 0, 1, 2, 0, 1, 0, 0, 4, 2, 4, 1, 2, 0, 0, 1, 1, 1, 4, 2, 2, 1, 1, 2, 0, 3, 0, 3, 1, 1, 2, 0, 0, 1, 4, 2, 1, 2, 4, 0, 3, 2, 4, 2, 4, 0, 0, 1, 4, 2, 1, 1, 0, 2, 0, 3, 4, 4, 0, 1, 1, 1, 0, 3, 0, 4, 1, 4, 4, 2, 1, 2, 1, 2, 1, 1, 1, 2, 1, 4, 0, 4, 1, 1, 0, 1, 4, 1, 1, 1, 4, 2, 2, 2, 1, 1, 1, 2]|[0, 2, 0, 1, 1, 0, 0, 0, 0, 2, 1, 0, 1, 1, 0, 0, 0, 0, 1, 0, 1, 0, 0, 1, 1, 0, 0, 3, 0, 3, 0, 0, 1, 0, 0, 1, 2, 1, 0, 1, 3, 0, 1, 0, 0, 1, 0, 0, 3, 1, 3, 0, 0, 0, 0, 0, 0, 1, 1, 2, 0, 0, 0, 1, 0, 0, 0, 1, 0, 1, 1, 0, 0, 3, 0, 1, 0, 0, 0, 1, 0, 2, 0, 0, 0, 0, 0, 0, 1, 0, 0, 1, 2, 0, 0, 0, 0, 1, 0, 0]
event=324:G3_TWC:action:mode=exploit,state=1,draw=0.1911959251263038,action=0
event=325:G3_TWC:leader:action=0,fingerprint=[66, 68, 55, 92, 86, 48, 24, 89, 70, 13, 60, 50, 93, 15, 25, 52, 1, 59, 76, 67, 65, 17, 77, 75, 28, 26, 35, 36, 94, 95, 41, 6, 7, 0, 79, 33, 46, 58, 32, 88, 54, 71, 53, 29, 56, 8, 49, 39, 34, 14, 37, 72, 38, 23, 40, 98, 69, 27, 47, 80, 73, 63, 83, 44, 57, 11, 5, 82, 61, 16, 45, 51, 42, 3, 90, 81, 91, 21, 87, 19, 18, 9, 62, 22, 99, 64, 10, 2, 31, 43, 30, 97, 96, 12, 20, 78, 85, 74, 84, 4]|[1, 1, 0, 1, 2, 2, 2, 0, 0, 2, 1, 0, 1, 0, 0, 0, 0, 2, 0, 2, 1, 0, 2, 1, 2, 2, 0, 2, 0, 1, 2, 2, 2, 1, 1, 0, 1, 0, 0, 0, 1, 0, 1, 2, 1, 0, 1, 0, 1, 2, 1, 0, 0, 0, 1, 2, 0, 1, 0, 2, 1, 0, 1, 0, 0, 1, 1, 1, 2, 2, 1, 1, 0, 1, 2, 0, 0, 2, 2, 1, 2, 1, 0, 1, 2, 1, 0, 2, 1, 2, 2, 0, 1, 1, 0, 0, 0, 0, 1, 0]|[1, 0, 2, 4, 1, 2, 0, 1, 0, 2, 1, 2, 4, 1, 2, 0, 0, 1, 1, 2, 4, 2, 2, 0, 1, 1, 0, 2, 0, 3, 1, 1, 2, 0, 0, 2, 4, 0, 1, 2, 4, 0, 3, 0, 3, 2, 3, 0, 0, 1, 4, 2, 1, 1, 0, 2, 0, 3, 0, 1, 0, 1, 2, 1, 0, 3, 0, 4, 1, 1, 4, 4, 0, 2, 1, 2, 1, 1, 1, 0, 1, 4, 0, 4, 1, 4, 2, 1, 4, 1, 1, 2, 4, 2, 2, 1, 2, 2, 4, 1]|[0, 2, 0, 0, 1, 0, 0, 0, 0, 0, 3, 0, 1, 1, 0, 0, 0, 0, 1, 0, 1, 0, 0, 2, 1, 1, 0, 0, 0, 3, 0, 0, 1, 0, 0, 1, 2, 1, 0, 1, 3, 0, 1, 0, 1, 1, 0, 0, 3, 1, 2, 0, 0, 0, 0, 0, 0, 1, 0, 0, 0, 0, 3, 1, 0, 0, 0, 1, 0, 0, 1, 2, 0, 3, 0, 1, 0, 0, 0, 3, 0, 2, 0, 0, 0, 0, 1, 0, 1, 0, 0, 0, 1, 2, 0, 0, 1, 0, 1, 1]
event=326:G1_CMAX:update:state=1,action=2,reward=-47.55482418093982,nextState=1,old=-222.87057478039208,new=-225.8512840052535
event=327:G2_TEC:update:state=1,action=2,reward=-601.7270774998324,nextState=1,old=-324.2454178935791,new=-861.1234118146956
event=328:G3_TWC:update:state=1,action=0,reward=-2957.591353525597,nextState=1,old=-11098.774864161067,new=-11836.61124485445
event=329:G4_BALANCED:update:state=1,action=1,reward=-0.08920852052040201,nextState=1,old=-0.28806163919272865,new=-0.31965783187458496
event=330:G1_CMAX:action:mode=explore,state=1,draw=0.9728123371777209,action=2
event=331:G1_CMAX:tournament:reason=action2,left=9,right=11,selected=[66, 68, 55, 92, 86, 48, 24, 89, 70, 13, 60, 50, 93, 15, 25, 52, 1, 59, 76, 67, 65, 17, 77, 75, 28, 26, 35, 36, 94, 95, 41, 6, 7, 0, 79, 33, 46, 58, 32, 88, 54, 71, 53, 29, 56, 8, 49, 39, 34, 14, 37, 72, 38, 23, 40, 98, 69, 27, 47, 80, 73, 63, 83, 44, 57, 11, 5, 96, 2, 16, 45, 51, 42, 3, 90, 81, 64, 21, 87, 19, 18, 9, 62, 22, 99, 91, 10, 61, 31, 43, 30, 85, 84, 74, 4, 82, 97, 20, 12, 78]|[1, 1, 0, 1, 1, 2, 2, 0, 0, 2, 0, 0, 1, 0, 0, 0, 0, 2, 0, 2, 1, 0, 2, 1, 2, 0, 0, 2, 0, 1, 1, 2, 2, 1, 1, 1, 1, 0, 0, 0, 1, 0, 1, 2, 1, 0, 1, 0, 1, 2, 1, 0, 0, 0, 1, 2, 0, 1, 0, 1, 1, 0, 1, 0, 0, 1, 1, 1, 2, 2, 1, 2, 0, 1, 1, 0, 0, 2, 2, 1, 1, 1, 0, 1, 2, 1, 0, 1, 1, 2, 2, 0, 1, 0, 1, 2, 1, 0, 0, 2]|[1, 0, 2, 4, 3, 2, 0, 1, 0, 2, 1, 2, 4, 1, 2, 0, 0, 1, 1, 1, 4, 2, 2, 0, 1, 2, 0, 2, 0, 3, 1, 1, 2, 0, 0, 1, 4, 0, 1, 2, 4, 0, 3, 2, 3, 2, 4, 0, 3, 1, 4, 2, 1, 1, 0, 2, 0, 3, 2, 4, 0, 1, 2, 1, 0, 3, 0, 4, 1, 1, 4, 2, 0, 2, 4, 2, 1, 1, 1, 0, 2, 4, 0, 4, 1, 4, 2, 4, 3, 1, 1, 1, 4, 2, 4, 1, 3, 2, 2, 1]|[0, 2, 0, 0, 1, 0, 0, 0, 0, 0, 0, 0, 1, 1, 0, 0, 0, 0, 1, 0, 1, 0, 0, 2, 1, 0, 0, 0, 0, 3, 1, 0, 1, 0, 0, 1, 2, 1, 0, 1, 3, 0, 1, 0, 1, 1, 0, 0, 1, 1, 2, 0, 0, 0, 0, 0, 0, 1, 1, 2, 0, 0, 3, 1, 0, 0, 0, 2, 0, 0, 1, 0, 0, 3, 2, 1, 0, 0, 0, 3, 0, 2, 0, 0, 0, 0, 1, 2, 3, 0, 0, 1, 1, 0, 2, 0, 3, 0, 0, 0]
event=332:G1_CMAX:leader:action=2,fingerprint=[66, 68, 55, 92, 86, 48, 24, 89, 70, 13, 60, 50, 93, 15, 25, 52, 1, 59, 76, 67, 65, 17, 77, 75, 28, 26, 35, 36, 94, 95, 41, 6, 7, 0, 79, 33, 46, 58, 32, 88, 54, 71, 53, 29, 56, 8, 49, 39, 34, 14, 37, 72, 38, 23, 40, 98, 69, 27, 47, 80, 73, 63, 83, 44, 57, 11, 5, 96, 2, 16, 45, 51, 42, 3, 90, 81, 64, 21, 87, 19, 18, 9, 62, 22, 99, 91, 10, 61, 31, 43, 30, 85, 84, 74, 4, 82, 97, 20, 12, 78]|[1, 1, 0, 1, 1, 2, 2, 0, 0, 2, 0, 0, 1, 0, 0, 0, 0, 2, 0, 2, 1, 0, 2, 1, 2, 0, 0, 2, 0, 1, 1, 2, 2, 1, 1, 1, 1, 0, 0, 0, 1, 0, 1, 2, 1, 0, 1, 0, 1, 2, 1, 0, 0, 0, 1, 2, 0, 1, 0, 1, 1, 0, 1, 0, 0, 1, 1, 1, 2, 2, 1, 2, 0, 1, 1, 0, 0, 2, 2, 1, 1, 1, 0, 1, 2, 1, 0, 1, 1, 2, 2, 0, 1, 0, 1, 2, 1, 0, 0, 2]|[1, 0, 2, 4, 3, 2, 0, 1, 0, 2, 1, 2, 4, 1, 2, 0, 0, 1, 1, 1, 4, 2, 2, 0, 1, 2, 0, 2, 0, 3, 1, 1, 2, 0, 0, 1, 4, 0, 1, 2, 4, 0, 3, 2, 3, 2, 4, 0, 3, 1, 4, 2, 1, 1, 0, 2, 0, 3, 2, 4, 0, 1, 2, 1, 0, 3, 0, 4, 1, 1, 4, 2, 0, 2, 4, 2, 1, 1, 1, 0, 2, 4, 0, 4, 1, 4, 2, 4, 3, 1, 1, 1, 4, 2, 4, 1, 3, 2, 2, 1]|[0, 2, 0, 0, 1, 0, 0, 0, 0, 0, 0, 0, 1, 1, 0, 0, 0, 0, 1, 0, 1, 0, 0, 2, 1, 0, 0, 0, 0, 3, 1, 0, 1, 0, 0, 1, 2, 1, 0, 1, 3, 0, 1, 0, 1, 1, 0, 0, 1, 1, 2, 0, 0, 0, 0, 0, 0, 1, 1, 2, 0, 0, 3, 1, 0, 0, 0, 2, 0, 0, 1, 0, 0, 3, 2, 1, 0, 0, 0, 3, 0, 2, 0, 0, 0, 0, 1, 2, 3, 0, 0, 1, 1, 0, 2, 0, 3, 0, 0, 0]
event=333:G4_BALANCED:action:mode=exploit,state=1,draw=0.28448429090187366,action=2
event=334:G4_BALANCED:tournament:reason=action2,left=5,right=6,selected=[66, 68, 55, 92, 86, 48, 24, 89, 70, 13, 60, 50, 93, 15, 25, 52, 1, 59, 76, 67, 65, 17, 77, 75, 28, 26, 35, 36, 94, 95, 41, 6, 7, 0, 79, 33, 46, 58, 32, 88, 54, 71, 53, 29, 56, 8, 49, 39, 34, 14, 37, 72, 38, 23, 40, 98, 69, 27, 47, 80, 73, 63, 83, 44, 57, 11, 5, 96, 2, 16, 45, 51, 42, 3, 90, 81, 64, 21, 87, 19, 18, 9, 62, 22, 99, 91, 10, 61, 31, 43, 30, 85, 84, 12, 4, 20, 82, 74, 97, 78]|[1, 1, 0, 1, 1, 2, 1, 0, 0, 2, 1, 0, 1, 0, 2, 0, 0, 2, 0, 2, 1, 0, 2, 0, 2, 2, 0, 2, 0, 1, 1, 2, 2, 1, 1, 1, 1, 0, 0, 0, 1, 0, 1, 2, 1, 0, 1, 0, 1, 2, 1, 0, 0, 0, 2, 2, 0, 1, 0, 1, 2, 0, 1, 0, 0, 1, 1, 1, 2, 2, 1, 0, 0, 1, 2, 0, 0, 2, 2, 0, 2, 0, 0, 2, 2, 1, 0, 0, 1, 2, 2, 0, 2, 1, 0, 0, 2, 0, 0, 0]|[1, 0, 0, 4, 3, 2, 2, 1, 0, 2, 1, 2, 4, 1, 2, 0, 0, 1, 1, 1, 4, 2, 2, 1, 1, 1, 0, 2, 0, 3, 1, 1, 2, 0, 0, 1, 4, 0, 1, 2, 4, 0, 3, 2, 3, 2, 4, 0, 0, 1, 4, 2, 1, 1, 2, 2, 0, 0, 0, 4, 1, 1, 2, 1, 0, 3, 0, 4, 1, 1, 4, 2, 1, 2, 1, 2, 1, 1, 1, 0, 1, 1, 0, 0, 1, 4, 2, 1, 4, 1, 1, 1, 0, 2, 1, 2, 1, 2, 2, 1]|[0, 2, 0, 0, 1, 0, 0, 0, 0, 0, 3, 0, 1, 1, 0, 0, 0, 0, 1, 0, 2, 0, 0, 1, 1, 1, 0, 0, 0, 3, 1, 0, 1, 0, 0, 1, 2, 1, 0, 1, 3, 0, 1, 0, 1, 1, 0, 0, 3, 1, 3, 0, 0, 0, 0, 0, 0, 0, 0, 2, 0, 1, 3, 1, 0, 0, 0, 2, 0, 0, 1, 0, 0, 3, 0, 1, 0, 0, 0, 0, 0, 1, 0, 1, 0, 0, 1, 0, 1, 0, 0, 1, 1, 2, 1, 0, 0, 0, 0, 0]
event=335:G4_BALANCED:leader:action=2,fingerprint=[66, 68, 55, 92, 86, 48, 24, 89, 70, 13, 60, 50, 93, 15, 25, 52, 1, 59, 76, 67, 65, 17, 77, 75, 28, 26, 35, 36, 94, 95, 41, 6, 7, 0, 79, 33, 46, 58, 32, 88, 54, 71, 53, 29, 56, 8, 49, 39, 34, 14, 37, 72, 38, 23, 40, 98, 69, 27, 47, 80, 73, 63, 83, 44, 57, 11, 5, 96, 2, 16, 45, 51, 42, 3, 90, 81, 64, 21, 87, 19, 18, 9, 62, 22, 99, 91, 10, 61, 31, 43, 30, 85, 84, 12, 4, 20, 82, 74, 97, 78]|[1, 1, 0, 1, 1, 2, 1, 0, 0, 2, 1, 0, 1, 0, 2, 0, 0, 2, 0, 2, 1, 0, 2, 0, 2, 2, 0, 2, 0, 1, 1, 2, 2, 1, 1, 1, 1, 0, 0, 0, 1, 0, 1, 2, 1, 0, 1, 0, 1, 2, 1, 0, 0, 0, 2, 2, 0, 1, 0, 1, 2, 0, 1, 0, 0, 1, 1, 1, 2, 2, 1, 0, 0, 1, 2, 0, 0, 2, 2, 0, 2, 0, 0, 2, 2, 1, 0, 0, 1, 2, 2, 0, 2, 1, 0, 0, 2, 0, 0, 0]|[1, 0, 0, 4, 3, 2, 2, 1, 0, 2, 1, 2, 4, 1, 2, 0, 0, 1, 1, 1, 4, 2, 2, 1, 1, 1, 0, 2, 0, 3, 1, 1, 2, 0, 0, 1, 4, 0, 1, 2, 4, 0, 3, 2, 3, 2, 4, 0, 0, 1, 4, 2, 1, 1, 2, 2, 0, 0, 0, 4, 1, 1, 2, 1, 0, 3, 0, 4, 1, 1, 4, 2, 1, 2, 1, 2, 1, 1, 1, 0, 1, 1, 0, 0, 1, 4, 2, 1, 4, 1, 1, 1, 0, 2, 1, 2, 1, 2, 2, 1]|[0, 2, 0, 0, 1, 0, 0, 0, 0, 0, 3, 0, 1, 1, 0, 0, 0, 0, 1, 0, 2, 0, 0, 1, 1, 1, 0, 0, 0, 3, 1, 0, 1, 0, 0, 1, 2, 1, 0, 1, 3, 0, 1, 0, 1, 1, 0, 0, 3, 1, 3, 0, 0, 0, 0, 0, 0, 0, 0, 2, 0, 1, 3, 1, 0, 0, 0, 2, 0, 0, 1, 0, 0, 3, 0, 1, 0, 0, 0, 0, 0, 1, 0, 1, 0, 0, 1, 0, 1, 0, 0, 1, 1, 2, 1, 0, 0, 0, 0, 0]
event=336:G2_TEC:action:mode=exploit,state=1,draw=0.713186109410647,action=1
event=337:G2_TEC:leader:action=1,fingerprint=[66, 68, 55, 92, 86, 48, 24, 89, 70, 13, 60, 50, 93, 15, 25, 52, 1, 59, 76, 67, 65, 17, 77, 75, 28, 26, 35, 36, 94, 95, 41, 6, 7, 0, 79, 33, 46, 58, 32, 88, 54, 71, 53, 29, 56, 8, 49, 39, 34, 14, 37, 72, 38, 23, 40, 98, 69, 27, 47, 80, 73, 63, 83, 44, 57, 11, 5, 96, 2, 16, 45, 51, 42, 3, 90, 81, 64, 21, 87, 19, 18, 9, 62, 22, 99, 91, 10, 61, 31, 43, 30, 85, 84, 74, 4, 82, 78, 97, 20, 12]|[1, 1, 0, 1, 1, 2, 2, 0, 0, 2, 1, 0, 1, 0, 0, 0, 0, 2, 0, 2, 1, 0, 2, 1, 2, 0, 2, 2, 0, 1, 1, 2, 2, 1, 1, 1, 1, 0, 0, 0, 0, 0, 1, 2, 1, 0, 1, 0, 1, 2, 1, 0, 0, 0, 1, 1, 0, 1, 0, 1, 1, 0, 1, 0, 1, 1, 1, 1, 2, 2, 1, 2, 0, 1, 1, 1, 0, 2, 2, 2, 2, 1, 0, 1, 2, 1, 0, 0, 1, 2, 2, 0, 1, 0, 1, 2, 2, 1, 0, 0]|[1, 0, 2, 4, 3, 2, 0, 1, 0, 2, 1, 2, 4, 1, 2, 0, 0, 1, 1, 1, 4, 2, 2, 0, 1, 2, 2, 2, 0, 3, 1, 1, 2, 0, 0, 1, 4, 2, 1, 2, 1, 0, 3, 2, 3, 2, 4, 0, 3, 1, 4, 2, 1, 1, 0, 4, 0, 3, 2, 4, 0, 1, 2, 1, 3, 3, 0, 4, 1, 1, 4, 2, 0, 2, 4, 4, 1, 1, 1, 2, 1, 4, 0, 4, 1, 4, 2, 1, 4, 1, 1, 1, 4, 2, 4, 1, 1, 3, 2, 2]|[0, 2, 0, 0, 1, 0, 0, 0, 0, 0, 3, 0, 1, 1, 0, 0, 0, 0, 1, 0, 1, 0, 0, 2, 1, 0, 0, 0, 0, 3, 1, 0, 1, 0, 0, 1, 2, 1, 0, 1, 0, 0, 1, 0, 1, 1, 0, 0, 1, 1, 2, 0, 0, 0, 0, 3, 0, 1, 1, 2, 0, 0, 3, 1, 3, 0, 0, 2, 0, 0, 1, 0, 0, 3, 2, 1, 0, 0, 0, 0, 0, 2, 0, 0, 0, 0, 1, 0, 1, 0, 0, 1, 1, 0, 2, 0, 0, 3, 0, 0]
event=338:G3_TWC:action:mode=explore,state=1,draw=0.879770203967796,action=0
event=339:G3_TWC:leader:action=0,fingerprint=[66, 68, 55, 92, 86, 48, 24, 89, 70, 13, 60, 50, 93, 15, 25, 52, 1, 59, 76, 67, 65, 17, 77, 75, 28, 26, 35, 36, 94, 95, 41, 6, 7, 0, 79, 33, 46, 58, 32, 88, 54, 71, 53, 29, 56, 8, 49, 39, 34, 14, 37, 72, 38, 23, 40, 98, 69, 27, 47, 80, 73, 63, 83, 44, 57, 11, 5, 82, 61, 16, 45, 51, 42, 3, 90, 81, 91, 21, 87, 19, 18, 9, 62, 22, 99, 64, 10, 2, 31, 43, 30, 97, 96, 12, 20, 78, 85, 74, 84, 4]|[1, 1, 0, 1, 2, 2, 2, 0, 0, 2, 1, 0, 1, 0, 0, 0, 0, 2, 0, 2, 1, 0, 2, 2, 2, 2, 0, 2, 0, 1, 2, 1, 2, 1, 1, 0, 1, 0, 0, 0, 1, 0, 1, 2, 1, 0, 1, 0, 1, 2, 1, 0, 0, 0, 1, 2, 0, 1, 0, 2, 1, 2, 1, 0, 0, 1, 1, 1, 2, 2, 1, 1, 0, 1, 2, 0, 1, 2, 2, 1, 2, 1, 0, 1, 2, 1, 0, 2, 1, 2, 2, 0, 1, 1, 0, 0, 0, 0, 1, 0]|[1, 0, 2, 4, 1, 2, 0, 1, 0, 2, 1, 2, 4, 1, 2, 0, 0, 1, 1, 2, 4, 2, 2, 0, 1, 1, 0, 2, 0, 3, 1, 4, 2, 0, 0, 2, 4, 0, 1, 2, 4, 0, 3, 2, 3, 2, 3, 0, 0, 1, 4, 2, 1, 1, 0, 2, 0, 3, 0, 1, 0, 1, 2, 1, 0, 3, 0, 4, 1, 1, 4, 4, 0, 2, 1, 2, 4, 1, 1, 0, 1, 4, 0, 4, 1, 4, 2, 1, 4, 1, 1, 2, 4, 2, 2, 1, 2, 2, 4, 1]|[0, 2, 0, 0, 1, 0, 0, 0, 0, 0, 3, 0, 1, 1, 0, 0, 0, 0, 1, 0, 1, 0, 0, 0, 1, 1, 0, 0, 0, 3, 0, 2, 1, 0, 0, 1, 2, 1, 0, 1, 3, 0, 1, 0, 1, 1, 0, 0, 3, 1, 2, 0, 0, 0, 0, 0, 0, 1, 0, 0, 0, 0, 3, 1, 0, 0, 0, 1, 0, 0, 1, 2, 0, 3, 0, 1, 1, 0, 0, 3, 0, 2, 0, 0, 0, 0, 1, 0, 1, 0, 0, 0, 1, 2, 0, 0, 1, 0, 1, 1]
event=340:G1_CMAX:update:state=1,action=2,reward=-44.19795738772632,nextState=1,old=-225.8512840052535,new=-224.8789845919291
event=341:G2_TEC:update:state=1,action=1,reward=-65.09982893382403,nextState=1,old=-638.9572965763222,new=-576.2656661948818
event=342:G3_TWC:update:state=1,action=0,reward=-3549.955982489948,nextState=1,old=-11836.61124485445,new=-13019.244978373508
event=343:G4_BALANCED:update:state=1,action=2,reward=-0.06919400584180233,nextState=1,old=-0.3186572992317891,new=-0.3241198452272336
event=344:G1_CMAX:action:mode=explore,state=1,draw=0.9652631840972957,action=2
event=345:G1_CMAX:tournament:reason=action2,left=24,right=21,selected=[66, 68, 55, 92, 86, 48, 24, 89, 70, 13, 96, 50, 93, 15, 25, 52, 1, 59, 76, 67, 65, 17, 77, 75, 28, 26, 35, 36, 94, 95, 41, 6, 7, 0, 79, 33, 46, 58, 32, 88, 54, 71, 53, 29, 56, 8, 49, 39, 34, 14, 37, 72, 38, 23, 40, 98, 69, 27, 47, 80, 73, 64, 18, 44, 57, 11, 5, 60, 2, 22, 45, 51, 42, 3, 90, 81, 63, 21, 87, 19, 83, 9, 62, 16, 99, 91, 10, 61, 31, 43, 30, 85, 84, 74, 4, 82, 78, 97, 20, 12]|[1, 1, 2, 1, 0, 2, 1, 0, 0, 1, 1, 0, 1, 0, 2, 0, 1, 2, 0, 2, 1, 0, 2, 0, 2, 0, 2, 1, 0, 1, 1, 2, 2, 1, 1, 1, 1, 0, 0, 0, 1, 0, 1, 2, 1, 0, 1, 0, 1, 2, 1, 0, 0, 0, 1, 2, 0, 1, 0, 1, 1, 0, 1, 0, 1, 1, 0, 1, 2, 2, 0, 1, 0, 1, 2, 1, 0, 2, 2, 0, 1, 0, 0, 1, 2, 1, 1, 0, 1, 2, 2, 1, 2, 0, 0, 2, 2, 0, 0, 0]|[1, 0, 2, 4, 2, 2, 4, 1, 0, 0, 4, 2, 4, 1, 2, 0, 4, 1, 1, 1, 4, 2, 2, 1, 1, 2, 2, 3, 0, 3, 1, 1, 2, 0, 0, 1, 4, 2, 1, 2, 4, 0, 3, 2, 4, 2, 3, 0, 0, 1, 4, 2, 1, 1, 0, 2, 0, 3, 2, 4, 0, 1, 2, 1, 3, 3, 2, 4, 1, 1, 0, 4, 1, 2, 1, 4, 1, 1, 1, 0, 2, 1, 0, 3, 1, 4, 4, 1, 4, 1, 1, 3, 1, 2, 1, 1, 1, 2, 2, 2]|[0, 2, 0, 0, 1, 0, 1, 0, 0, 2, 1, 0, 1, 1, 0, 0, 0, 0, 1, 0, 1, 0, 0, 1, 1, 0, 0, 3, 0, 3, 1, 0, 1, 0, 0, 1, 2, 1, 0, 1, 3, 0, 1, 0, 0, 1, 0, 0, 3, 1, 3, 0, 0, 0, 0, 0, 0, 1, 1, 2, 0, 1, 3, 1, 3, 0, 1, 1, 0, 0, 0, 2, 0, 3, 0, 1, 0, 0, 0, 0, 3, 1, 0, 1, 0, 0, 0, 0, 1, 0, 0, 3, 0, 0, 1, 0, 0, 0, 0, 0]
event=346:G1_CMAX:leader:action=2,fingerprint=[66, 68, 55, 92, 86, 48, 24, 89, 70, 13, 96, 50, 93, 15, 25, 52, 1, 59, 76, 67, 65, 17, 77, 75, 28, 26, 35, 36, 94, 95, 41, 6, 7, 0, 79, 33, 46, 58, 32, 88, 54, 71, 53, 29, 56, 8, 49, 39, 34, 14, 37, 72, 38, 23, 40, 98, 69, 27, 47, 80, 73, 64, 18, 44, 57, 11, 5, 60, 2, 22, 45, 51, 42, 3, 90, 81, 63, 21, 87, 19, 83, 9, 62, 16, 99, 91, 10, 61, 31, 43, 30, 85, 84, 74, 4, 82, 78, 97, 20, 12]|[1, 1, 2, 1, 0, 2, 1, 0, 0, 1, 1, 0, 1, 0, 2, 0, 1, 2, 0, 2, 1, 0, 2, 0, 2, 0, 2, 1, 0, 1, 1, 2, 2, 1, 1, 1, 1, 0, 0, 0, 1, 0, 1, 2, 1, 0, 1, 0, 1, 2, 1, 0, 0, 0, 1, 2, 0, 1, 0, 1, 1, 0, 1, 0, 1, 1, 0, 1, 2, 2, 0, 1, 0, 1, 2, 1, 0, 2, 2, 0, 1, 0, 0, 1, 2, 1, 1, 0, 1, 2, 2, 1, 2, 0, 0, 2, 2, 0, 0, 0]|[1, 0, 2, 4, 2, 2, 4, 1, 0, 0, 4, 2, 4, 1, 2, 0, 4, 1, 1, 1, 4, 2, 2, 1, 1, 2, 2, 3, 0, 3, 1, 1, 2, 0, 0, 1, 4, 2, 1, 2, 4, 0, 3, 2, 4, 2, 3, 0, 0, 1, 4, 2, 1, 1, 0, 2, 0, 3, 2, 4, 0, 1, 2, 1, 3, 3, 2, 4, 1, 1, 0, 4, 1, 2, 1, 4, 1, 1, 1, 0, 2, 1, 0, 3, 1, 4, 4, 1, 4, 1, 1, 3, 1, 2, 1, 1, 1, 2, 2, 2]|[0, 2, 0, 0, 1, 0, 1, 0, 0, 2, 1, 0, 1, 1, 0, 0, 0, 0, 1, 0, 1, 0, 0, 1, 1, 0, 0, 3, 0, 3, 1, 0, 1, 0, 0, 1, 2, 1, 0, 1, 3, 0, 1, 0, 0, 1, 0, 0, 3, 1, 3, 0, 0, 0, 0, 0, 0, 1, 1, 2, 0, 1, 3, 1, 3, 0, 1, 1, 0, 0, 0, 2, 0, 3, 0, 1, 0, 0, 0, 0, 3, 1, 0, 1, 0, 0, 0, 0, 1, 0, 0, 3, 0, 0, 1, 0, 0, 0, 0, 0]
event=347:G4_BALANCED:action:mode=explore,state=1,draw=0.9851023318393382,action=0
event=348:G4_BALANCED:leader:action=0,fingerprint=[66, 68, 55, 92, 86, 48, 24, 89, 70, 13, 60, 50, 93, 15, 25, 52, 1, 59, 76, 67, 65, 17, 77, 75, 28, 26, 35, 36, 94, 95, 41, 6, 7, 0, 79, 33, 46, 58, 32, 88, 54, 71, 53, 29, 56, 8, 49, 39, 34, 14, 37, 72, 38, 23, 40, 98, 69, 27, 47, 80, 73, 63, 83, 44, 57, 11, 5, 96, 2, 16, 45, 51, 42, 3, 90, 81, 64, 21, 87, 19, 18, 9, 62, 22, 99, 91, 10, 61, 31, 43, 30, 85, 84, 12, 4, 20, 82, 74, 97, 78]|[1, 1, 0, 1, 1, 2, 1, 0, 0, 2, 1, 0, 1, 0, 2, 0, 0, 2, 0, 2, 1, 0, 2, 0, 2, 2, 0, 2, 0, 1, 1, 2, 2, 1, 1, 1, 1, 0, 0, 0, 1, 0, 1, 2, 1, 0, 1, 0, 1, 2, 1, 0, 0, 0, 2, 2, 0, 1, 0, 1, 2, 0, 1, 0, 0, 1, 1, 1, 2, 2, 1, 0, 0, 1, 2, 0, 0, 2, 2, 0, 2, 0, 0, 2, 2, 1, 0, 0, 1, 2, 2, 0, 2, 1, 0, 0, 2, 0, 0, 0]|[1, 0, 0, 4, 3, 2, 2, 1, 0, 2, 1, 2, 4, 1, 2, 0, 0, 1, 1, 1, 4, 2, 2, 1, 1, 1, 0, 2, 0, 3, 1, 1, 2, 0, 0, 1, 4, 0, 1, 2, 4, 0, 3, 2, 3, 2, 4, 0, 0, 1, 4, 2, 1, 1, 2, 2, 0, 0, 0, 4, 1, 1, 2, 1, 0, 3, 0, 4, 1, 1, 4, 2, 1, 2, 1, 2, 1, 1, 1, 0, 1, 1, 0, 0, 1, 4, 2, 1, 4, 1, 1, 1, 0, 2, 1, 2, 1, 2, 2, 1]|[0, 2, 0, 0, 1, 0, 0, 0, 0, 0, 3, 0, 1, 1, 0, 0, 0, 0, 1, 0, 2, 0, 0, 1, 1, 1, 0, 0, 0, 3, 1, 0, 1, 0, 0, 1, 2, 1, 0, 1, 3, 0, 1, 0, 1, 1, 0, 0, 3, 1, 3, 0, 0, 0, 0, 0, 0, 0, 0, 2, 0, 1, 3, 1, 0, 0, 0, 2, 0, 0, 1, 0, 0, 3, 0, 1, 0, 0, 0, 0, 0, 1, 0, 1, 0, 0, 1, 0, 1, 0, 0, 1, 1, 2, 1, 0, 0, 0, 0, 0]
event=349:G2_TEC:action:mode=exploit,state=1,draw=0.4968930019215084,action=1
event=350:G2_TEC:leader:action=1,fingerprint=[66, 68, 55, 92, 86, 48, 24, 89, 70, 13, 60, 50, 93, 15, 25, 52, 1, 59, 76, 67, 65, 88, 77, 75, 28, 26, 35, 36, 94, 95, 41, 6, 7, 0, 79, 33, 46, 58, 32, 17, 54, 71, 53, 29, 56, 8, 49, 39, 34, 14, 37, 72, 38, 23, 40, 98, 69, 27, 45, 22, 73, 63, 83, 44, 57, 11, 5, 96, 2, 16, 47, 51, 42, 3, 90, 81, 82, 21, 87, 19, 18, 9, 62, 80, 99, 91, 10, 61, 31, 43, 30, 85, 84, 74, 64, 4, 78, 20, 12, 97]|[1, 1, 0, 1, 1, 2, 1, 0, 0, 2, 0, 0, 1, 0, 0, 0, 1, 2, 0, 2, 1, 0, 2, 1, 2, 0, 2, 1, 0, 1, 1, 2, 2, 1, 1, 1, 1, 0, 0, 0, 1, 0, 1, 2, 1, 0, 1, 0, 1, 2, 1, 0, 0, 0, 2, 1, 2, 1, 0, 1, 1, 0, 1, 0, 1, 1, 1, 1, 2, 2, 1, 2, 0, 0, 2, 0, 2, 2, 2, 1, 2, 1, 0, 1, 2, 1, 0, 1, 1, 2, 2, 1, 1, 0, 2, 1, 2, 0, 0, 0]|[1, 0, 0, 4, 3, 2, 4, 1, 0, 2, 1, 2, 4, 1, 2, 0, 4, 1, 1, 1, 4, 2, 2, 0, 1, 2, 2, 3, 0, 3, 1, 1, 2, 0, 0, 1, 4, 2, 1, 2, 4, 0, 3, 2, 3, 2, 4, 0, 3, 1, 4, 2, 1, 1, 1, 4, 2, 3, 2, 4, 0, 1, 2, 1, 3, 3, 0, 4, 1, 1, 4, 2, 0, 2, 1, 2, 1, 1, 1, 0, 1, 4, 0, 3, 1, 4, 2, 4, 3, 1, 1, 2, 4, 2, 1, 4, 1, 2, 2, 2]|[0, 2, 0, 0, 1, 0, 1, 0, 0, 0, 0, 0, 1, 1, 0, 0, 0, 0, 1, 0, 1, 0, 0, 2, 1, 0, 0, 3, 0, 3, 1, 0, 1, 0, 0, 1, 2, 1, 0, 0, 3, 0, 1, 0, 1, 1, 0, 0, 1, 1, 2, 0, 0, 0, 0, 3, 0, 1, 1, 0, 0, 0, 3, 1, 3, 0, 0, 2, 0, 0, 1, 0, 0, 0, 0, 1, 0, 0, 0, 3, 0, 2, 0, 1, 0, 0, 1, 2, 3, 0, 0, 2, 1, 0, 0, 2, 0, 0, 0, 0]
event=351:G3_TWC:action:mode=exploit,state=1,draw=0.019869547215272565,action=0
event=352:G3_TWC:leader:action=0,fingerprint=[66, 68, 55, 92, 86, 48, 24, 89, 70, 13, 60, 50, 93, 15, 25, 52, 1, 59, 76, 67, 65, 17, 77, 75, 28, 26, 35, 36, 94, 95, 41, 6, 7, 0, 79, 33, 46, 58, 32, 88, 54, 71, 53, 29, 56, 8, 49, 39, 34, 14, 37, 72, 38, 23, 40, 98, 69, 27, 47, 80, 73, 63, 83, 44, 57, 11, 5, 82, 61, 16, 45, 51, 42, 3, 90, 81, 91, 21, 87, 19, 18, 9, 62, 22, 99, 64, 10, 2, 31, 43, 30, 97, 96, 12, 20, 78, 85, 74, 84, 4]|[1, 1, 0, 1, 2, 2, 2, 0, 0, 2, 1, 0, 1, 0, 0, 0, 0, 2, 0, 2, 1, 0, 2, 2, 2, 2, 0, 2, 0, 1, 2, 1, 2, 1, 1, 0, 1, 0, 0, 0, 1, 0, 1, 2, 1, 0, 1, 0, 1, 2, 1, 0, 0, 0, 1, 2, 0, 1, 0, 2, 1, 2, 1, 0, 0, 1, 1, 1, 2, 2, 1, 1, 0, 1, 2, 0, 1, 2, 2, 1, 2, 1, 0, 1, 2, 1, 0, 2, 1, 2, 2, 0, 1, 1, 0, 0, 0, 0, 1, 0]|[1, 0, 2, 4, 1, 2, 0, 1, 0, 2, 1, 2, 4, 1, 2, 0, 0, 1, 1, 2, 4, 2, 2, 0, 1, 1, 0, 2, 0, 3, 1, 4, 2, 0, 0, 2, 4, 0, 1, 2, 4, 0, 3, 2, 3, 2, 3, 0, 0, 1, 4, 2, 1, 1, 0, 2, 0, 3, 0, 1, 0, 1, 2, 1, 0, 3, 0, 4, 1, 1, 4, 4, 0, 2, 1, 2, 4, 1, 1, 0, 1, 4, 0, 4, 1, 4, 2, 1, 4, 1, 1, 2, 4, 2, 2, 1, 2, 2, 4, 1]|[0, 2, 0, 0, 1, 0, 0, 0, 0, 0, 3, 0, 1, 1, 0, 0, 0, 0, 1, 0, 1, 0, 0, 0, 1, 1, 0, 0, 0, 3, 0, 2, 1, 0, 0, 1, 2, 1, 0, 1, 3, 0, 1, 0, 1, 1, 0, 0, 3, 1, 2, 0, 0, 0, 0, 0, 0, 1, 0, 0, 0, 0, 3, 1, 0, 0, 0, 1, 0, 0, 1, 2, 0, 3, 0, 1, 1, 0, 0, 3, 0, 2, 0, 0, 0, 0, 1, 0, 1, 0, 0, 0, 1, 2, 0, 0, 1, 0, 1, 1]
event=353:G1_CMAX:update:state=1,action=2,reward=-45.875655694769875,nextState=1,old=-224.8789845919291,new=-225.77884336831318
event=354:G2_TEC:update:state=1,action=1,reward=-323.8323542517246,nextState=1,old=-576.2656661948818,new=-784.8448872076301
event=355:G3_TWC:update:state=1,action=0,reward=-1160.666970316408,nextState=1,old=-13019.244978373508,new=-11576.062953015215
event=356:G4_BALANCED:update:state=1,action=0,reward=-0.07152706389869191,nextState=1,old=-0.3223227164360494,new=-0.3272533293983599
event=357:G1_CMAX:action:mode=exploit,state=1,draw=0.7350406259700657,action=2
event=358:G1_CMAX:tournament:reason=action2,left=30,right=28,selected=[66, 68, 55, 92, 86, 48, 24, 89, 70, 13, 60, 50, 93, 15, 25, 52, 1, 59, 76, 67, 65, 17, 77, 75, 28, 26, 35, 36, 94, 95, 41, 6, 7, 0, 79, 33, 46, 58, 32, 88, 54, 71, 53, 29, 56, 8, 49, 39, 34, 14, 37, 72, 38, 23, 40, 98, 69, 27, 47, 80, 73, 63, 83, 44, 57, 11, 5, 82, 61, 16, 45, 51, 42, 3, 90, 81, 91, 21, 87, 19, 18, 9, 62, 22, 99, 64, 10, 2, 31, 43, 30, 97, 96, 78, 84, 4, 74, 20, 12, 85]|[1, 1, 0, 1, 2, 2, 2, 0, 0, 2, 1, 0, 1, 0, 0, 0, 0, 2, 0, 2, 1, 0, 2, 0, 2, 2, 0, 2, 0, 1, 2, 1, 2, 1, 1, 0, 1, 0, 0, 0, 1, 0, 1, 2, 1, 0, 1, 0, 1, 2, 1, 0, 0, 0, 1, 2, 0, 1, 0, 2, 1, 2, 1, 0, 0, 1, 1, 1, 1, 2, 1, 2, 0, 1, 2, 0, 1, 2, 2, 1, 0, 1, 0, 1, 2, 1, 0, 2, 1, 2, 2, 0, 2, 0, 2, 1, 0, 0, 1, 1]|[1, 0, 2, 4, 1, 2, 0, 1, 0, 2, 1, 2, 4, 1, 2, 0, 0, 1, 1, 2, 4, 2, 2, 1, 1, 1, 0, 2, 0, 3, 1, 4, 2, 0, 0, 2, 4, 0, 1, 2, 4, 0, 3, 2, 3, 2, 3, 0, 0, 1, 4, 2, 1, 1, 0, 2, 2, 3, 0, 1, 0, 1, 2, 1, 0, 3, 0, 4, 4, 1, 4, 2, 1, 2, 1, 2, 4, 1, 1, 0, 1, 4, 0, 4, 1, 4, 2, 1, 4, 1, 1, 2, 0, 1, 0, 4, 2, 2, 2, 3]|[0, 2, 0, 0, 1, 0, 0, 0, 0, 0, 3, 0, 1, 1, 0, 0, 0, 0, 1, 0, 1, 0, 0, 1, 1, 1, 0, 0, 0, 3, 0, 2, 1, 0, 0, 1, 2, 1, 0, 1, 3, 0, 1, 0, 1, 1, 0, 0, 3, 1, 2, 0, 0, 0, 0, 0, 1, 1, 0, 0, 0, 0, 3, 1, 0, 0, 0, 1, 2, 0, 1, 0, 0, 3, 0, 1, 1, 0, 0, 3, 0, 2, 0, 0, 0, 0, 1, 0, 1, 0, 0, 0, 1, 0, 1, 2, 0, 0, 2, 3]
event=359:G1_CMAX:leader:action=2,fingerprint=[66, 68, 55, 92, 86, 48, 24, 89, 70, 13, 60, 50, 93, 15, 25, 52, 1, 59, 76, 67, 65, 17, 77, 75, 28, 26, 35, 36, 94, 95, 41, 6, 7, 0, 79, 33, 46, 58, 32, 88, 54, 71, 53, 29, 56, 8, 49, 39, 34, 14, 37, 72, 38, 23, 40, 98, 69, 27, 47, 80, 73, 63, 83, 44, 57, 11, 5, 82, 61, 16, 45, 51, 42, 3, 90, 81, 91, 21, 87, 19, 18, 9, 62, 22, 99, 64, 10, 2, 31, 43, 30, 97, 96, 78, 84, 4, 74, 20, 12, 85]|[1, 1, 0, 1, 2, 2, 2, 0, 0, 2, 1, 0, 1, 0, 0, 0, 0, 2, 0, 2, 1, 0, 2, 0, 2, 2, 0, 2, 0, 1, 2, 1, 2, 1, 1, 0, 1, 0, 0, 0, 1, 0, 1, 2, 1, 0, 1, 0, 1, 2, 1, 0, 0, 0, 1, 2, 0, 1, 0, 2, 1, 2, 1, 0, 0, 1, 1, 1, 1, 2, 1, 2, 0, 1, 2, 0, 1, 2, 2, 1, 0, 1, 0, 1, 2, 1, 0, 2, 1, 2, 2, 0, 2, 0, 2, 1, 0, 0, 1, 1]|[1, 0, 2, 4, 1, 2, 0, 1, 0, 2, 1, 2, 4, 1, 2, 0, 0, 1, 1, 2, 4, 2, 2, 1, 1, 1, 0, 2, 0, 3, 1, 4, 2, 0, 0, 2, 4, 0, 1, 2, 4, 0, 3, 2, 3, 2, 3, 0, 0, 1, 4, 2, 1, 1, 0, 2, 2, 3, 0, 1, 0, 1, 2, 1, 0, 3, 0, 4, 4, 1, 4, 2, 1, 2, 1, 2, 4, 1, 1, 0, 1, 4, 0, 4, 1, 4, 2, 1, 4, 1, 1, 2, 0, 1, 0, 4, 2, 2, 2, 3]|[0, 2, 0, 0, 1, 0, 0, 0, 0, 0, 3, 0, 1, 1, 0, 0, 0, 0, 1, 0, 1, 0, 0, 1, 1, 1, 0, 0, 0, 3, 0, 2, 1, 0, 0, 1, 2, 1, 0, 1, 3, 0, 1, 0, 1, 1, 0, 0, 3, 1, 2, 0, 0, 0, 0, 0, 1, 1, 0, 0, 0, 0, 3, 1, 0, 0, 0, 1, 2, 0, 1, 0, 0, 3, 0, 1, 1, 0, 0, 3, 0, 2, 0, 0, 0, 0, 1, 0, 1, 0, 0, 0, 1, 0, 1, 2, 0, 0, 2, 3]
event=360:G4_BALANCED:action:mode=exploit,state=1,draw=0.627126602377536,action=1
event=361:G4_BALANCED:leader:action=1,fingerprint=[66, 68, 55, 92, 86, 48, 24, 89, 70, 13, 60, 50, 93, 15, 25, 52, 1, 59, 76, 67, 65, 17, 77, 75, 28, 26, 35, 36, 94, 95, 41, 6, 7, 0, 79, 33, 46, 58, 32, 88, 54, 71, 53, 29, 56, 8, 49, 39, 34, 14, 37, 72, 38, 23, 40, 98, 19, 5, 45, 22, 27, 64, 83, 44, 57, 11, 73, 82, 2, 16, 47, 51, 42, 3, 90, 81, 63, 21, 87, 69, 18, 9, 62, 80, 99, 91, 10, 61, 31, 43, 30, 85, 84, 20, 97, 78, 4, 12, 96, 74]|[1, 2, 0, 0, 0, 2, 1, 0, 0, 2, 0, 0, 1, 0, 2, 0, 0, 2, 0, 2, 1, 0, 2, 0, 2, 0, 2, 1, 0, 1, 2, 2, 2, 0, 1, 1, 1, 0, 0, 0, 1, 0, 1, 2, 2, 1, 1, 0, 1, 2, 1, 0, 2, 0, 1, 1, 0, 1, 1, 1, 2, 2, 1, 0, 0, 1, 2, 1, 2, 2, 1, 1, 0, 1, 2, 1, 0, 1, 2, 1, 2, 0, 0, 1, 0, 1, 1, 2, 1, 2, 2, 1, 2, 0, 0, 2, 1, 0, 1, 0]|[1, 2, 0, 0, 2, 2, 4, 1, 0, 2, 1, 2, 4, 1, 2, 0, 0, 1, 1, 2, 4, 2, 2, 1, 1, 2, 2, 3, 0, 3, 1, 1, 2, 0, 0, 1, 4, 0, 1, 2, 4, 0, 3, 2, 0, 4, 4, 0, 3, 1, 4, 2, 0, 1, 0, 4, 0, 3, 4, 4, 1, 1, 2, 1, 0, 3, 1, 4, 1, 1, 4, 4, 0, 2, 1, 4, 1, 3, 1, 0, 1, 1, 0, 4, 0, 4, 4, 1, 4, 1, 1, 3, 1, 2, 2, 1, 4, 2, 4, 2]|[0, 0, 0, 1, 1, 0, 1, 0, 0, 0, 0, 0, 1, 1, 0, 0, 0, 0, 1, 0, 1, 0, 0, 1, 1, 0, 0, 3, 0, 3, 0, 0, 1, 1, 0, 1, 2, 1, 0, 1, 3, 0, 1, 0, 0, 1, 0, 0, 1, 1, 3, 0, 0, 0, 0, 3, 0, 1, 1, 0, 0, 0, 3, 1, 0, 0, 0, 2, 0, 0, 1, 2, 0, 3, 0, 1, 0, 0, 0, 3, 0, 1, 0, 0, 0, 0, 0, 0, 1, 0, 0, 3, 0, 0, 0, 0, 2, 0, 1, 0]
event=362:G2_TEC:action:mode=exploit,state=1,draw=0.06860302741423097,action=1
event=363:G2_TEC:leader:action=1,fingerprint=[66, 68, 55, 92, 86, 48, 24, 89, 70, 13, 60, 50, 93, 15, 25, 52, 1, 59, 76, 67, 65, 88, 77, 75, 28, 26, 35, 36, 94, 95, 41, 6, 7, 0, 79, 33, 46, 58, 32, 17, 54, 71, 53, 29, 56, 8, 49, 39, 34, 14, 37, 72, 38, 23, 40, 98, 69, 27, 45, 22, 73, 63, 83, 44, 57, 11, 5, 96, 2, 16, 47, 51, 42, 3, 90, 81, 82, 21, 87, 19, 18, 9, 62, 80, 99, 91, 10, 61, 31, 43, 30, 85, 84, 74, 64, 4, 78, 20, 12, 97]|[1, 1, 0, 1, 1, 2, 1, 0, 0, 2, 0, 0, 1, 0, 0, 0, 1, 2, 0, 2, 1, 0, 2, 1, 2, 0, 2, 1, 0, 1, 1, 2, 2, 1, 1, 1, 1, 0, 0, 0, 1, 0, 1, 2, 1, 0, 1, 0, 1, 2, 1, 0, 0, 0, 2, 1, 2, 1, 0, 1, 1, 0, 1, 0, 1, 1, 1, 1, 2, 2, 1, 2, 0, 0, 2, 0, 2, 2, 2, 1, 2, 1, 0, 1, 2, 1, 0, 1, 1, 2, 2, 1, 1, 0, 2, 1, 2, 0, 0, 0]|[1, 0, 0, 4, 3, 2, 4, 1, 0, 2, 1, 2, 4, 1, 2, 0, 4, 1, 1, 1, 4, 2, 2, 0, 1, 2, 2, 3, 0, 3, 1, 1, 2, 0, 0, 1, 4, 2, 1, 2, 4, 0, 3, 2, 3, 2, 4, 0, 3, 1, 4, 2, 1, 1, 1, 4, 2, 3, 2, 4, 0, 1, 2, 1, 3, 3, 0, 4, 1, 1, 4, 2, 0, 2, 1, 2, 1, 1, 1, 0, 1, 4, 0, 3, 1, 4, 2, 4, 3, 1, 1, 2, 4, 2, 1, 4, 1, 2, 2, 2]|[0, 2, 0, 0, 1, 0, 1, 0, 0, 0, 0, 0, 1, 1, 0, 0, 0, 0, 1, 0, 1, 0, 0, 2, 1, 0, 0, 3, 0, 3, 1, 0, 1, 0, 0, 1, 2, 1, 0, 0, 3, 0, 1, 0, 1, 1, 0, 0, 1, 1, 2, 0, 0, 0, 0, 3, 0, 1, 1, 0, 0, 0, 3, 1, 3, 0, 0, 2, 0, 0, 1, 0, 0, 0, 0, 1, 0, 0, 0, 3, 0, 2, 0, 1, 0, 0, 1, 2, 3, 0, 0, 2, 1, 0, 0, 2, 0, 0, 0, 0]
event=364:G3_TWC:action:mode=exploit,state=1,draw=0.3659919968097508,action=0
event=365:G3_TWC:leader:action=0,fingerprint=[66, 68, 55, 92, 86, 48, 24, 89, 70, 13, 60, 50, 93, 15, 25, 52, 1, 59, 76, 67, 65, 17, 77, 75, 28, 26, 35, 36, 94, 95, 41, 6, 7, 0, 79, 33, 46, 58, 32, 88, 54, 71, 53, 29, 56, 8, 49, 39, 34, 14, 37, 72, 38, 23, 40, 98, 69, 27, 47, 80, 73, 63, 83, 44, 57, 11, 5, 82, 61, 16, 45, 51, 42, 3, 90, 81, 91, 21, 87, 19, 18, 9, 62, 22, 99, 64, 10, 2, 31, 43, 30, 97, 96, 12, 20, 78, 85, 74, 84, 4]|[1, 1, 0, 1, 2, 2, 2, 0, 0, 2, 1, 0, 1, 0, 0, 0, 0, 2, 0, 2, 1, 0, 2, 2, 2, 2, 0, 2, 0, 1, 2, 1, 2, 1, 1, 0, 1, 0, 0, 0, 1, 0, 1, 2, 1, 0, 1, 0, 1, 2, 1, 0, 0, 0, 1, 2, 0, 1, 0, 2, 1, 2, 1, 0, 0, 1, 1, 1, 2, 2, 1, 1, 0, 1, 2, 0, 1, 2, 2, 1, 2, 1, 0, 1, 2, 1, 0, 2, 1, 2, 2, 0, 1, 1, 0, 0, 0, 0, 1, 0]|[1, 0, 2, 4, 1, 2, 0, 1, 0, 2, 1, 2, 4, 1, 2, 0, 0, 1, 1, 2, 4, 2, 2, 0, 1, 1, 0, 2, 0, 3, 1, 4, 2, 0, 0, 2, 4, 0, 1, 2, 4, 0, 3, 2, 3, 2, 3, 0, 0, 1, 4, 2, 1, 1, 0, 2, 0, 3, 0, 1, 0, 1, 2, 1, 0, 3, 0, 4, 1, 1, 4, 4, 0, 2, 1, 2, 4, 1, 1, 0, 1, 4, 0, 4, 1, 4, 2, 1, 4, 1, 1, 2, 4, 2, 2, 1, 2, 2, 4, 1]|[0, 2, 0, 0, 1, 0, 0, 0, 0, 0, 3, 0, 1, 1, 0, 0, 0, 0, 1, 0, 1, 0, 0, 0, 1, 1, 0, 0, 0, 3, 0, 2, 1, 0, 0, 1, 2, 1, 0, 1, 3, 0, 1, 0, 1, 1, 0, 0, 3, 1, 2, 0, 0, 0, 0, 0, 0, 1, 0, 0, 0, 0, 3, 1, 0, 0, 0, 1, 0, 0, 1, 2, 0, 3, 0, 1, 1, 0, 0, 3, 0, 2, 0, 0, 0, 0, 1, 0, 1, 0, 0, 0, 1, 2, 0, 0, 1, 0, 1, 1]
event=366:G1_CMAX:update:state=1,action=2,reward=-34.81058753495893,nextState=1,old=-225.77884336831318,new=-215.43366222960947
event=367:G2_TEC:update:state=1,action=1,reward=-703.119380850585,nextState=1,old=-784.8448872076301,new=-1330.995290616689
event=368:G3_TWC:update:state=1,action=0,reward=-1969.000157998933,nextState=1,old=-11576.062953015215,new=-11229.850520411104
event=369:G4_BALANCED:update:state=1,action=1,reward=-0.08236117487834924,nextState=1,old=-0.31965783187458496,new=-0.3380874403780172
event=370:G1_CMAX:action:mode=exploit,state=1,draw=0.08846541003407904,action=2
event=371:G1_CMAX:tournament:reason=action2,left=11,right=9,selected=[66, 68, 55, 92, 86, 48, 24, 89, 70, 13, 60, 50, 93, 15, 25, 52, 1, 59, 76, 67, 65, 17, 77, 75, 28, 26, 35, 36, 94, 95, 41, 6, 7, 0, 79, 33, 46, 58, 32, 88, 54, 71, 53, 29, 56, 8, 49, 39, 34, 14, 37, 72, 38, 23, 40, 98, 69, 27, 47, 80, 5, 64, 83, 44, 57, 11, 73, 82, 61, 22, 2, 51, 42, 3, 96, 81, 45, 78, 87, 19, 18, 9, 62, 16, 99, 91, 10, 63, 31, 43, 30, 97, 90, 12, 20, 21, 85, 74, 84, 4]|[1, 1, 0, 1, 0, 2, 1, 0, 0, 2, 1, 0, 1, 0, 2, 0, 0, 2, 0, 2, 1, 0, 2, 0, 2, 0, 2, 2, 0, 1, 2, 2, 2, 1, 1, 1, 1, 0, 0, 1, 1, 0, 1, 2, 1, 0, 1, 0, 1, 2, 1, 0, 0, 0, 1, 2, 0, 1, 0, 2, 1, 0, 1, 0, 0, 1, 1, 2, 0, 1, 2, 1, 0, 1, 2, 0, 1, 0, 2, 0, 2, 0, 0, 2, 2, 1, 1, 0, 2, 2, 2, 0, 2, 1, 0, 2, 0, 0, 2, 1]|[1, 0, 0, 4, 2, 2, 4, 1, 0, 2, 1, 2, 4, 1, 2, 0, 0, 1, 1, 1, 4, 2, 2, 1, 1, 2, 2, 2, 0, 3, 1, 1, 2, 0, 0, 1, 4, 2, 1, 4, 4, 0, 3, 0, 3, 2, 3, 0, 0, 1, 4, 2, 1, 1, 0, 2, 2, 3, 0, 1, 0, 1, 2, 1, 0, 3, 0, 1, 1, 4, 1, 4, 0, 2, 1, 2, 4, 1, 1, 2, 1, 1, 0, 1, 1, 4, 4, 1, 1, 1, 1, 2, 1, 2, 2, 1, 2, 2, 1, 4]|[0, 2, 0, 0, 1, 0, 1, 0, 0, 0, 3, 0, 1, 1, 0, 0, 0, 0, 1, 0, 1, 0, 0, 1, 1, 0, 0, 0, 0, 3, 0, 0, 1, 0, 0, 1, 2, 1, 0, 0, 3, 0, 1, 0, 1, 1, 0, 0, 3, 1, 2, 0, 0, 0, 0, 0, 1, 1, 0, 0, 0, 0, 3, 1, 0, 0, 0, 0, 0, 2, 0, 2, 0, 3, 0, 1, 1, 0, 0, 1, 0, 1, 0, 0, 0, 0, 0, 0, 0, 0, 0, 0, 0, 2, 0, 0, 1, 0, 0, 2]
event=372:G1_CMAX:leader:action=2,fingerprint=[66, 68, 55, 92, 86, 48, 24, 89, 70, 13, 60, 50, 93, 15, 25, 52, 1, 59, 76, 67, 65, 17, 77, 75, 28, 26, 35, 36, 94, 95, 41, 6, 7, 0, 79, 33, 46, 58, 32, 88, 54, 71, 53, 29, 56, 8, 49, 39, 34, 14, 37, 72, 38, 23, 40, 98, 69, 27, 47, 80, 5, 64, 83, 44, 57, 11, 73, 82, 61, 22, 2, 51, 42, 3, 96, 81, 45, 78, 87, 19, 18, 9, 62, 16, 99, 91, 10, 63, 31, 43, 30, 97, 90, 12, 20, 21, 85, 74, 84, 4]|[1, 1, 0, 1, 0, 2, 1, 0, 0, 2, 1, 0, 1, 0, 2, 0, 0, 2, 0, 2, 1, 0, 2, 0, 2, 0, 2, 2, 0, 1, 2, 2, 2, 1, 1, 1, 1, 0, 0, 1, 1, 0, 1, 2, 1, 0, 1, 0, 1, 2, 1, 0, 0, 0, 1, 2, 0, 1, 0, 2, 1, 0, 1, 0, 0, 1, 1, 2, 0, 1, 2, 1, 0, 1, 2, 0, 1, 0, 2, 0, 2, 0, 0, 2, 2, 1, 1, 0, 2, 2, 2, 0, 2, 1, 0, 2, 0, 0, 2, 1]|[1, 0, 0, 4, 2, 2, 4, 1, 0, 2, 1, 2, 4, 1, 2, 0, 0, 1, 1, 1, 4, 2, 2, 1, 1, 2, 2, 2, 0, 3, 1, 1, 2, 0, 0, 1, 4, 2, 1, 4, 4, 0, 3, 0, 3, 2, 3, 0, 0, 1, 4, 2, 1, 1, 0, 2, 2, 3, 0, 1, 0, 1, 2, 1, 0, 3, 0, 1, 1, 4, 1, 4, 0, 2, 1, 2, 4, 1, 1, 2, 1, 1, 0, 1, 1, 4, 4, 1, 1, 1, 1, 2, 1, 2, 2, 1, 2, 2, 1, 4]|[0, 2, 0, 0, 1, 0, 1, 0, 0, 0, 3, 0, 1, 1, 0, 0, 0, 0, 1, 0, 1, 0, 0, 1, 1, 0, 0, 0, 0, 3, 0, 0, 1, 0, 0, 1, 2, 1, 0, 0, 3, 0, 1, 0, 1, 1, 0, 0, 3, 1, 2, 0, 0, 0, 0, 0, 1, 1, 0, 0, 0, 0, 3, 1, 0, 0, 0, 0, 0, 2, 0, 2, 0, 3, 0, 1, 1, 0, 0, 1, 0, 1, 0, 0, 0, 0, 0, 0, 0, 0, 0, 0, 0, 2, 0, 0, 1, 0, 0, 2]
event=373:G4_BALANCED:action:mode=exploit,state=1,draw=0.43218079518227925,action=2
event=374:G4_BALANCED:tournament:reason=action2,left=12,right=13,selected=[66, 68, 55, 92, 86, 48, 24, 89, 70, 13, 60, 50, 93, 15, 25, 52, 1, 59, 76, 67, 65, 88, 77, 75, 28, 26, 35, 36, 94, 95, 41, 6, 7, 0, 79, 33, 46, 58, 32, 17, 54, 71, 53, 29, 56, 8, 49, 39, 34, 14, 37, 72, 38, 23, 40, 98, 69, 27, 45, 22, 73, 63, 83, 44, 57, 11, 5, 96, 2, 16, 47, 51, 42, 3, 90, 81, 64, 21, 87, 19, 18, 9, 62, 80, 99, 91, 10, 61, 31, 43, 30, 85, 84, 20, 74, 78, 97, 12, 82, 4]|[1, 1, 0, 1, 1, 2, 2, 0, 0, 2, 1, 0, 1, 0, 0, 0, 1, 2, 0, 2, 1, 0, 2, 1, 2, 0, 2, 1, 0, 1, 1, 2, 2, 1, 1, 1, 1, 0, 0, 0, 1, 0, 1, 2, 1, 0, 1, 0, 1, 2, 1, 0, 0, 0, 1, 1, 0, 1, 0, 1, 1, 0, 1, 0, 0, 1, 1, 1, 2, 2, 1, 2, 0, 1, 2, 1, 0, 2, 2, 1, 2, 1, 0, 1, 2, 1, 0, 2, 1, 2, 2, 0, 1, 0, 0, 2, 0, 0, 2, 1]|[1, 0, 0, 4, 3, 2, 0, 1, 0, 2, 4, 2, 4, 1, 2, 0, 4, 1, 1, 1, 4, 2, 2, 0, 1, 2, 2, 3, 0, 3, 1, 1, 2, 0, 0, 1, 4, 0, 1, 2, 4, 0, 3, 2, 3, 2, 4, 0, 3, 1, 4, 2, 1, 1, 0, 4, 0, 3, 2, 4, 0, 1, 2, 1, 0, 3, 0, 4, 1, 1, 4, 2, 0, 2, 1, 4, 1, 1, 1, 0, 1, 4, 0, 4, 1, 4, 2, 1, 3, 1, 1, 1, 4, 2, 2, 1, 2, 2, 1, 4]|[0, 2, 0, 0, 1, 0, 0, 0, 0, 0, 1, 0, 1, 1, 0, 0, 0, 0, 1, 0, 1, 0, 0, 2, 1, 0, 0, 3, 0, 3, 1, 0, 1, 0, 0, 1, 2, 1, 0, 1, 3, 0, 1, 0, 1, 1, 0, 0, 1, 1, 2, 0, 0, 0, 0, 3, 0, 1, 1, 0, 0, 0, 3, 1, 0, 0, 0, 2, 0, 0, 1, 0, 0, 3, 0, 1, 0, 0, 0, 3, 0, 2, 0, 0, 0, 0, 1, 0, 3, 0, 0, 1, 1, 0, 0, 0, 0, 0, 0, 2]
event=375:G4_BALANCED:leader:action=2,fingerprint=[66, 68, 55, 92, 86, 48, 24, 89, 70, 13, 60, 50, 93, 15, 25, 52, 1, 59, 76, 67, 65, 88, 77, 75, 28, 26, 35, 36, 94, 95, 41, 6, 7, 0, 79, 33, 46, 58, 32, 17, 54, 71, 53, 29, 56, 8, 49, 39, 34, 14, 37, 72, 38, 23, 40, 98, 69, 27, 45, 22, 73, 63, 83, 44, 57, 11, 5, 96, 2, 16, 47, 51, 42, 3, 90, 81, 64, 21, 87, 19, 18, 9, 62, 80, 99, 91, 10, 61, 31, 43, 30, 85, 84, 20, 74, 78, 97, 12, 82, 4]|[1, 1, 0, 1, 1, 2, 2, 0, 0, 2, 1, 0, 1, 0, 0, 0, 1, 2, 0, 2, 1, 0, 2, 1, 2, 0, 2, 1, 0, 1, 1, 2, 2, 1, 1, 1, 1, 0, 0, 0, 1, 0, 1, 2, 1, 0, 1, 0, 1, 2, 1, 0, 0, 0, 1, 1, 0, 1, 0, 1, 1, 0, 1, 0, 0, 1, 1, 1, 2, 2, 1, 2, 0, 1, 2, 1, 0, 2, 2, 1, 2, 1, 0, 1, 2, 1, 0, 2, 1, 2, 2, 0, 1, 0, 0, 2, 0, 0, 2, 1]|[1, 0, 0, 4, 3, 2, 0, 1, 0, 2, 4, 2, 4, 1, 2, 0, 4, 1, 1, 1, 4, 2, 2, 0, 1, 2, 2, 3, 0, 3, 1, 1, 2, 0, 0, 1, 4, 0, 1, 2, 4, 0, 3, 2, 3, 2, 4, 0, 3, 1, 4, 2, 1, 1, 0, 4, 0, 3, 2, 4, 0, 1, 2, 1, 0, 3, 0, 4, 1, 1, 4, 2, 0, 2, 1, 4, 1, 1, 1, 0, 1, 4, 0, 4, 1, 4, 2, 1, 3, 1, 1, 1, 4, 2, 2, 1, 2, 2, 1, 4]|[0, 2, 0, 0, 1, 0, 0, 0, 0, 0, 1, 0, 1, 1, 0, 0, 0, 0, 1, 0, 1, 0, 0, 2, 1, 0, 0, 3, 0, 3, 1, 0, 1, 0, 0, 1, 2, 1, 0, 1, 3, 0, 1, 0, 1, 1, 0, 0, 1, 1, 2, 0, 0, 0, 0, 3, 0, 1, 1, 0, 0, 0, 3, 1, 0, 0, 0, 2, 0, 0, 1, 0, 0, 3, 0, 1, 0, 0, 0, 3, 0, 2, 0, 0, 0, 0, 1, 0, 3, 0, 0, 1, 1, 0, 0, 0, 0, 0, 0, 2]
event=376:G2_TEC:action:mode=exploit,state=1,draw=0.251775510147888,action=2
event=377:G2_TEC:tournament:reason=action2,left=23,right=15,selected=[66, 68, 55, 92, 86, 48, 24, 89, 70, 13, 60, 50, 93, 15, 25, 52, 1, 59, 76, 67, 65, 17, 77, 75, 28, 26, 35, 36, 94, 95, 41, 6, 7, 0, 79, 33, 46, 58, 32, 88, 54, 71, 53, 29, 56, 8, 49, 39, 34, 14, 37, 72, 38, 23, 40, 98, 69, 27, 47, 80, 73, 63, 83, 44, 57, 11, 5, 82, 61, 16, 45, 51, 42, 3, 90, 81, 91, 21, 87, 19, 18, 9, 62, 22, 99, 64, 10, 2, 31, 43, 30, 97, 84, 20, 12, 78, 96, 74, 85, 4]|[1, 1, 0, 1, 2, 2, 2, 0, 0, 2, 1, 0, 1, 0, 0, 0, 0, 2, 0, 2, 1, 0, 2, 2, 2, 2, 0, 2, 0, 1, 2, 1, 2, 1, 1, 0, 1, 0, 0, 0, 1, 0, 1, 2, 1, 0, 1, 0, 1, 2, 1, 0, 0, 0, 1, 2, 0, 1, 0, 2, 1, 2, 1, 0, 0, 1, 1, 1, 2, 2, 1, 1, 0, 1, 2, 0, 1, 2, 0, 1, 2, 1, 0, 1, 2, 0, 0, 2, 1, 2, 2, 0, 1, 0, 1, 2, 1, 0, 1, 0]|[1, 0, 2, 4, 1, 2, 0, 1, 0, 2, 1, 2, 4, 1, 2, 0, 0, 1, 1, 2, 4, 2, 2, 0, 1, 1, 0, 2, 0, 3, 1, 4, 2, 0, 0, 2, 4, 0, 1, 2, 4, 0, 3, 2, 3, 2, 3, 0, 0, 1, 4, 2, 1, 1, 0, 2, 0, 3, 0, 1, 0, 1, 2, 1, 0, 3, 0, 4, 1, 1, 4, 4, 0, 2, 1, 2, 3, 1, 1, 0, 1, 4, 0, 4, 1, 1, 2, 1, 4, 1, 1, 2, 4, 2, 2, 1, 4, 2, 3, 1]|[0, 2, 0, 0, 1, 0, 0, 0, 0, 0, 3, 0, 1, 1, 0, 0, 0, 0, 1, 0, 1, 0, 0, 0, 1, 1, 0, 0, 0, 3, 0, 2, 1, 0, 0, 1, 2, 1, 0, 1, 3, 0, 1, 0, 1, 1, 0, 0, 3, 1, 2, 0, 0, 0, 0, 0, 0, 1, 0, 0, 0, 0, 3, 1, 0, 0, 0, 1, 0, 0, 1, 2, 0, 3, 0, 1, 3, 0, 0, 3, 0, 2, 0, 0, 0, 0, 1, 0, 1, 0, 0, 0, 1, 0, 2, 0, 1, 0, 3, 1]
event=378:G2_TEC:leader:action=2,fingerprint=[66, 68, 55, 92, 86, 48, 24, 89, 70, 13, 60, 50, 93, 15, 25, 52, 1, 59, 76, 67, 65, 17, 77, 75, 28, 26, 35, 36, 94, 95, 41, 6, 7, 0, 79, 33, 46, 58, 32, 88, 54, 71, 53, 29, 56, 8, 49, 39, 34, 14, 37, 72, 38, 23, 40, 98, 69, 27, 47, 80, 73, 63, 83, 44, 57, 11, 5, 82, 61, 16, 45, 51, 42, 3, 90, 81, 91, 21, 87, 19, 18, 9, 62, 22, 99, 64, 10, 2, 31, 43, 30, 97, 84, 20, 12, 78, 96, 74, 85, 4]|[1, 1, 0, 1, 2, 2, 2, 0, 0, 2, 1, 0, 1, 0, 0, 0, 0, 2, 0, 2, 1, 0, 2, 2, 2, 2, 0, 2, 0, 1, 2, 1, 2, 1, 1, 0, 1, 0, 0, 0, 1, 0, 1, 2, 1, 0, 1, 0, 1, 2, 1, 0, 0, 0, 1, 2, 0, 1, 0, 2, 1, 2, 1, 0, 0, 1, 1, 1, 2, 2, 1, 1, 0, 1, 2, 0, 1, 2, 0, 1, 2, 1, 0, 1, 2, 0, 0, 2, 1, 2, 2, 0, 1, 0, 1, 2, 1, 0, 1, 0]|[1, 0, 2, 4, 1, 2, 0, 1, 0, 2, 1, 2, 4, 1, 2, 0, 0, 1, 1, 2, 4, 2, 2, 0, 1, 1, 0, 2, 0, 3, 1, 4, 2, 0, 0, 2, 4, 0, 1, 2, 4, 0, 3, 2, 3, 2, 3, 0, 0, 1, 4, 2, 1, 1, 0, 2, 0, 3, 0, 1, 0, 1, 2, 1, 0, 3, 0, 4, 1, 1, 4, 4, 0, 2, 1, 2, 3, 1, 1, 0, 1, 4, 0, 4, 1, 1, 2, 1, 4, 1, 1, 2, 4, 2, 2, 1, 4, 2, 3, 1]|[0, 2, 0, 0, 1, 0, 0, 0, 0, 0, 3, 0, 1, 1, 0, 0, 0, 0, 1, 0, 1, 0, 0, 0, 1, 1, 0, 0, 0, 3, 0, 2, 1, 0, 0, 1, 2, 1, 0, 1, 3, 0, 1, 0, 1, 1, 0, 0, 3, 1, 2, 0, 0, 0, 0, 0, 0, 1, 0, 0, 0, 0, 3, 1, 0, 0, 0, 1, 0, 0, 1, 2, 0, 3, 0, 1, 3, 0, 0, 3, 0, 2, 0, 0, 0, 0, 1, 0, 1, 0, 0, 0, 1, 0, 2, 0, 1, 0, 3, 1]
event=379:G3_TWC:action:mode=exploit,state=1,draw=0.285797172004683,action=0
event=380:G3_TWC:leader:action=0,fingerprint=[66, 68, 55, 92, 86, 48, 24, 89, 70, 13, 60, 50, 93, 15, 25, 52, 1, 59, 76, 67, 65, 17, 77, 75, 28, 26, 35, 36, 94, 95, 41, 6, 7, 0, 79, 33, 46, 58, 32, 88, 54, 71, 53, 29, 56, 8, 49, 39, 34, 14, 37, 72, 38, 23, 40, 98, 69, 27, 47, 80, 73, 63, 83, 44, 57, 11, 5, 82, 61, 16, 45, 51, 42, 3, 90, 81, 91, 21, 87, 19, 18, 9, 62, 22, 99, 64, 10, 2, 31, 43, 30, 97, 96, 12, 20, 78, 85, 74, 84, 4]|[1, 1, 0, 1, 2, 2, 2, 0, 0, 2, 1, 0, 1, 0, 0, 0, 0, 2, 0, 2, 1, 0, 2, 2, 2, 2, 0, 2, 0, 1, 2, 1, 2, 1, 1, 0, 1, 0, 0, 0, 1, 0, 1, 2, 1, 0, 1, 0, 1, 2, 1, 0, 0, 0, 1, 2, 0, 1, 0, 2, 1, 2, 1, 0, 0, 1, 1, 1, 2, 2, 1, 1, 0, 1, 2, 0, 1, 2, 2, 1, 2, 1, 0, 1, 2, 1, 0, 2, 1, 2, 2, 0, 1, 1, 0, 0, 0, 0, 1, 0]|[1, 0, 2, 4, 1, 2, 0, 1, 0, 2, 1, 2, 4, 1, 2, 0, 0, 1, 1, 2, 4, 2, 2, 0, 1, 1, 0, 2, 0, 3, 1, 4, 2, 0, 0, 2, 4, 0, 1, 2, 4, 0, 3, 2, 3, 2, 3, 0, 0, 1, 4, 2, 1, 1, 0, 2, 0, 3, 0, 1, 0, 1, 2, 1, 0, 3, 0, 4, 1, 1, 4, 4, 0, 2, 1, 2, 4, 1, 1, 0, 1, 4, 0, 4, 1, 4, 2, 1, 4, 1, 1, 2, 4, 2, 2, 1, 2, 2, 4, 1]|[0, 2, 0, 0, 1, 0, 0, 0, 0, 0, 3, 0, 1, 1, 0, 0, 0, 0, 1, 0, 1, 0, 0, 0, 1, 1, 0, 0, 0, 3, 0, 2, 1, 0, 0, 1, 2, 1, 0, 1, 3, 0, 1, 0, 1, 1, 0, 0, 3, 1, 2, 0, 0, 0, 0, 0, 0, 1, 0, 0, 0, 0, 3, 1, 0, 0, 0, 1, 0, 0, 1, 2, 0, 3, 0, 1, 1, 0, 0, 3, 0, 2, 0, 0, 0, 0, 1, 0, 1, 0, 0, 0, 1, 2, 0, 0, 1, 0, 1, 1]
event=381:G1_CMAX:update:state=1,action=2,reward=-80.33809127880704,nextState=1,old=-215.43366222960947,new=-252.68502106249463
event=382:G2_TEC:update:state=1,action=2,reward=-867.9497117525534,nextState=1,old=-861.1234118146956,new=-1556.84844120431
event=383:G3_TWC:update:state=1,action=0,reward=-4377.284009670766,nextState=1,old=-11229.850520411104,new=-13361.16442599965
event=384:G4_BALANCED:update:state=1,action=2,reward=-0.08690595054758662,nextState=1,old=-0.3241198452272336,new=-0.3462018267293735
event=385:G1_CMAX:action:mode=exploit,state=1,draw=0.33698960977815473,action=2
event=386:G1_CMAX:tournament:reason=action2,left=5,right=4,selected=[66, 68, 55, 92, 86, 48, 24, 89, 70, 13, 96, 50, 93, 15, 25, 52, 1, 59, 76, 67, 65, 17, 77, 75, 28, 26, 35, 36, 94, 95, 41, 6, 7, 0, 79, 33, 46, 58, 32, 88, 54, 71, 53, 29, 56, 8, 49, 39, 34, 14, 37, 72, 38, 23, 40, 98, 69, 27, 47, 80, 73, 64, 18, 44, 57, 11, 5, 60, 2, 22, 45, 51, 42, 3, 90, 81, 63, 21, 87, 19, 83, 9, 62, 16, 99, 91, 10, 61, 31, 43, 30, 85, 84, 74, 4, 82, 78, 97, 20, 12]|[1, 1, 2, 1, 0, 2, 1, 0, 0, 1, 1, 0, 1, 0, 2, 0, 1, 2, 0, 2, 1, 0, 2, 0, 2, 0, 2, 1, 0, 1, 1, 2, 2, 1, 1, 1, 1, 0, 0, 0, 1, 0, 1, 2, 1, 0, 1, 0, 1, 2, 1, 0, 0, 0, 1, 2, 0, 1, 0, 1, 1, 0, 1, 0, 1, 1, 0, 1, 2, 2, 0, 1, 0, 1, 2, 1, 0, 2, 2, 0, 1, 0, 0, 1, 2, 1, 1, 0, 1, 2, 2, 1, 2, 0, 0, 2, 2, 0, 0, 0]|[1, 0, 2, 4, 2, 2, 4, 1, 0, 0, 4, 2, 4, 1, 2, 0, 4, 1, 1, 1, 4, 2, 2, 1, 1, 2, 2, 3, 0, 3, 1, 1, 2, 0, 0, 1, 4, 2, 1, 2, 4, 0, 3, 2, 4, 2, 3, 0, 0, 1, 4, 2, 1, 1, 0, 2, 0, 3, 2, 4, 0, 1, 2, 1, 3, 3, 2, 4, 1, 1, 0, 4, 1, 2, 1, 4, 1, 1, 1, 0, 2, 1, 0, 3, 1, 4, 4, 1, 4, 1, 1, 3, 1, 2, 1, 1, 1, 2, 2, 2]|[0, 2, 0, 0, 1, 0, 1, 0, 0, 2, 1, 0, 1, 1, 0, 0, 0, 0, 1, 0, 1, 0, 0, 1, 1, 0, 0, 3, 0, 3, 1, 0, 1, 0, 0, 1, 2, 1, 0, 1, 3, 0, 1, 0, 0, 1, 0, 0, 3, 1, 3, 0, 0, 0, 0, 0, 0, 1, 1, 2, 0, 1, 3, 1, 3, 0, 1, 1, 0, 0, 0, 2, 0, 3, 0, 1, 0, 0, 0, 0, 3, 1, 0, 1, 0, 0, 0, 0, 1, 0, 0, 3, 0, 0, 1, 0, 0, 0, 0, 0]
event=387:G1_CMAX:leader:action=2,fingerprint=[66, 68, 55, 92, 86, 48, 24, 89, 70, 13, 96, 50, 93, 15, 25, 52, 1, 59, 76, 67, 65, 17, 77, 75, 28, 26, 35, 36, 94, 95, 41, 6, 7, 0, 79, 33, 46, 58, 32, 88, 54, 71, 53, 29, 56, 8, 49, 39, 34, 14, 37, 72, 38, 23, 40, 98, 69, 27, 47, 80, 73, 64, 18, 44, 57, 11, 5, 60, 2, 22, 45, 51, 42, 3, 90, 81, 63, 21, 87, 19, 83, 9, 62, 16, 99, 91, 10, 61, 31, 43, 30, 85, 84, 74, 4, 82, 78, 97, 20, 12]|[1, 1, 2, 1, 0, 2, 1, 0, 0, 1, 1, 0, 1, 0, 2, 0, 1, 2, 0, 2, 1, 0, 2, 0, 2, 0, 2, 1, 0, 1, 1, 2, 2, 1, 1, 1, 1, 0, 0, 0, 1, 0, 1, 2, 1, 0, 1, 0, 1, 2, 1, 0, 0, 0, 1, 2, 0, 1, 0, 1, 1, 0, 1, 0, 1, 1, 0, 1, 2, 2, 0, 1, 0, 1, 2, 1, 0, 2, 2, 0, 1, 0, 0, 1, 2, 1, 1, 0, 1, 2, 2, 1, 2, 0, 0, 2, 2, 0, 0, 0]|[1, 0, 2, 4, 2, 2, 4, 1, 0, 0, 4, 2, 4, 1, 2, 0, 4, 1, 1, 1, 4, 2, 2, 1, 1, 2, 2, 3, 0, 3, 1, 1, 2, 0, 0, 1, 4, 2, 1, 2, 4, 0, 3, 2, 4, 2, 3, 0, 0, 1, 4, 2, 1, 1, 0, 2, 0, 3, 2, 4, 0, 1, 2, 1, 3, 3, 2, 4, 1, 1, 0, 4, 1, 2, 1, 4, 1, 1, 1, 0, 2, 1, 0, 3, 1, 4, 4, 1, 4, 1, 1, 3, 1, 2, 1, 1, 1, 2, 2, 2]|[0, 2, 0, 0, 1, 0, 1, 0, 0, 2, 1, 0, 1, 1, 0, 0, 0, 0, 1, 0, 1, 0, 0, 1, 1, 0, 0, 3, 0, 3, 1, 0, 1, 0, 0, 1, 2, 1, 0, 1, 3, 0, 1, 0, 0, 1, 0, 0, 3, 1, 3, 0, 0, 0, 0, 0, 0, 1, 1, 2, 0, 1, 3, 1, 3, 0, 1, 1, 0, 0, 0, 2, 0, 3, 0, 1, 0, 0, 0, 0, 3, 1, 0, 1, 0, 0, 0, 0, 1, 0, 0, 3, 0, 0, 1, 0, 0, 0, 0, 0]
event=388:G4_BALANCED:action:mode=explore,state=1,draw=0.8843805911663661,action=2
event=389:G4_BALANCED:tournament:reason=action2,left=15,right=14,selected=[66, 68, 55, 92, 86, 48, 24, 89, 70, 13, 60, 50, 93, 15, 25, 52, 1, 59, 76, 67, 65, 17, 77, 75, 28, 26, 35, 36, 94, 95, 41, 6, 7, 0, 79, 33, 46, 58, 32, 88, 54, 71, 53, 29, 56, 8, 49, 39, 34, 14, 37, 72, 38, 23, 40, 98, 69, 27, 47, 80, 73, 63, 83, 44, 57, 11, 5, 82, 61, 16, 45, 51, 42, 3, 90, 81, 2, 78, 87, 19, 18, 9, 62, 22, 99, 91, 10, 64, 31, 43, 30, 97, 96, 12, 20, 21, 85, 74, 84, 4]|[1, 1, 0, 1, 1, 2, 1, 0, 0, 2, 1, 0, 1, 0, 0, 0, 0, 2, 0, 2, 1, 0, 2, 1, 2, 2, 2, 2, 0, 1, 2, 2, 2, 1, 1, 1, 1, 0, 0, 0, 1, 0, 1, 2, 1, 0, 1, 0, 1, 2, 1, 0, 0, 0, 1, 2, 0, 1, 0, 1, 1, 0, 1, 0, 0, 1, 1, 1, 2, 2, 1, 0, 1, 1, 2, 1, 2, 0, 2, 1, 2, 1, 0, 2, 2, 0, 0, 1, 1, 2, 2, 0, 2, 1, 0, 2, 0, 0, 2, 0]|[1, 0, 2, 4, 3, 2, 2, 1, 0, 2, 1, 2, 4, 1, 2, 0, 0, 1, 1, 2, 4, 2, 2, 0, 1, 1, 2, 2, 0, 3, 1, 1, 2, 0, 0, 1, 4, 0, 1, 2, 4, 0, 3, 0, 3, 2, 3, 0, 0, 1, 4, 2, 1, 1, 0, 2, 0, 3, 0, 4, 0, 1, 2, 1, 0, 3, 0, 4, 1, 1, 4, 2, 3, 2, 1, 4, 1, 1, 1, 0, 1, 4, 0, 0, 1, 1, 2, 4, 4, 1, 1, 2, 1, 2, 2, 1, 1, 2, 0, 1]|[0, 2, 0, 0, 1, 0, 0, 0, 0, 0, 3, 0, 1, 1, 0, 0, 0, 0, 1, 0, 1, 0, 0, 2, 1, 1, 0, 0, 0, 3, 0, 0, 1, 0, 0, 1, 2, 1, 0, 1, 3, 0, 1, 0, 1, 1, 0, 0, 3, 1, 2, 0, 0, 0, 0, 0, 0, 1, 0, 2, 0, 0, 3, 1, 0, 0, 0, 1, 0, 0, 1, 0, 0, 3, 0, 1, 0, 0, 0, 3, 0, 2, 0, 1, 0, 0, 1, 0, 1, 0, 0, 0, 0, 2, 0, 0, 1, 0, 1, 1]
event=390:G4_BALANCED:leader:action=2,fingerprint=[66, 68, 55, 92, 86, 48, 24, 89, 70, 13, 60, 50, 93, 15, 25, 52, 1, 59, 76, 67, 65, 17, 77, 75, 28, 26, 35, 36, 94, 95, 41, 6, 7, 0, 79, 33, 46, 58, 32, 88, 54, 71, 53, 29, 56, 8, 49, 39, 34, 14, 37, 72, 38, 23, 40, 98, 69, 27, 47, 80, 73, 63, 83, 44, 57, 11, 5, 82, 61, 16, 45, 51, 42, 3, 90, 81, 2, 78, 87, 19, 18, 9, 62, 22, 99, 91, 10, 64, 31, 43, 30, 97, 96, 12, 20, 21, 85, 74, 84, 4]|[1, 1, 0, 1, 1, 2, 1, 0, 0, 2, 1, 0, 1, 0, 0, 0, 0, 2, 0, 2, 1, 0, 2, 1, 2, 2, 2, 2, 0, 1, 2, 2, 2, 1, 1, 1, 1, 0, 0, 0, 1, 0, 1, 2, 1, 0, 1, 0, 1, 2, 1, 0, 0, 0, 1, 2, 0, 1, 0, 1, 1, 0, 1, 0, 0, 1, 1, 1, 2, 2, 1, 0, 1, 1, 2, 1, 2, 0, 2, 1, 2, 1, 0, 2, 2, 0, 0, 1, 1, 2, 2, 0, 2, 1, 0, 2, 0, 0, 2, 0]|[1, 0, 2, 4, 3, 2, 2, 1, 0, 2, 1, 2, 4, 1, 2, 0, 0, 1, 1, 2, 4, 2, 2, 0, 1, 1, 2, 2, 0, 3, 1, 1, 2, 0, 0, 1, 4, 0, 1, 2, 4, 0, 3, 0, 3, 2, 3, 0, 0, 1, 4, 2, 1, 1, 0, 2, 0, 3, 0, 4, 0, 1, 2, 1, 0, 3, 0, 4, 1, 1, 4, 2, 3, 2, 1, 4, 1, 1, 1, 0, 1, 4, 0, 0, 1, 1, 2, 4, 4, 1, 1, 2, 1, 2, 2, 1, 1, 2, 0, 1]|[0, 2, 0, 0, 1, 0, 0, 0, 0, 0, 3, 0, 1, 1, 0, 0, 0, 0, 1, 0, 1, 0, 0, 2, 1, 1, 0, 0, 0, 3, 0, 0, 1, 0, 0, 1, 2, 1, 0, 1, 3, 0, 1, 0, 1, 1, 0, 0, 3, 1, 2, 0, 0, 0, 0, 0, 0, 1, 0, 2, 0, 0, 3, 1, 0, 0, 0, 1, 0, 0, 1, 0, 0, 3, 0, 1, 0, 0, 0, 3, 0, 2, 0, 1, 0, 0, 1, 0, 1, 0, 0, 0, 0, 2, 0, 0, 1, 0, 1, 1]
event=391:G2_TEC:action:mode=exploit,state=1,draw=0.5373244292778513,action=0
event=392:G2_TEC:leader:action=0,fingerprint=[66, 68, 55, 92, 86, 48, 24, 89, 70, 13, 60, 50, 93, 15, 25, 52, 1, 59, 76, 67, 65, 17, 77, 75, 28, 26, 35, 36, 94, 95, 41, 6, 7, 0, 79, 33, 46, 58, 32, 88, 54, 71, 53, 29, 56, 8, 49, 39, 34, 14, 37, 72, 38, 23, 40, 98, 69, 27, 47, 80, 73, 63, 83, 44, 57, 11, 5, 82, 61, 16, 45, 51, 42, 3, 90, 81, 91, 21, 87, 19, 18, 9, 62, 22, 99, 64, 10, 2, 31, 43, 30, 97, 84, 20, 12, 78, 96, 74, 85, 4]|[1, 1, 0, 1, 2, 2, 2, 0, 0, 2, 1, 0, 1, 0, 0, 0, 0, 2, 0, 2, 1, 0, 2, 2, 2, 2, 0, 2, 0, 1, 2, 1, 2, 1, 1, 0, 1, 0, 0, 0, 1, 0, 1, 2, 1, 0, 1, 0, 1, 2, 1, 0, 0, 0, 1, 2, 0, 1, 0, 2, 1, 2, 1, 0, 0, 1, 1, 1, 2, 2, 1, 1, 0, 1, 2, 0, 1, 2, 0, 1, 2, 1, 0, 1, 2, 0, 0, 2, 1, 2, 2, 0, 1, 0, 1, 2, 1, 0, 1, 0]|[1, 0, 2, 4, 1, 2, 0, 1, 0, 2, 1, 2, 4, 1, 2, 0, 0, 1, 1, 2, 4, 2, 2, 0, 1, 1, 0, 2, 0, 3, 1, 4, 2, 0, 0, 2, 4, 0, 1, 2, 4, 0, 3, 2, 3, 2, 3, 0, 0, 1, 4, 2, 1, 1, 0, 2, 0, 3, 0, 1, 0, 1, 2, 1, 0, 3, 0, 4, 1, 1, 4, 4, 0, 2, 1, 2, 3, 1, 1, 0, 1, 4, 0, 4, 1, 1, 2, 1, 4, 1, 1, 2, 4, 2, 2, 1, 4, 2, 3, 1]|[0, 2, 0, 0, 1, 0, 0, 0, 0, 0, 3, 0, 1, 1, 0, 0, 0, 0, 1, 0, 1, 0, 0, 0, 1, 1, 0, 0, 0, 3, 0, 2, 1, 0, 0, 1, 2, 1, 0, 1, 3, 0, 1, 0, 1, 1, 0, 0, 3, 1, 2, 0, 0, 0, 0, 0, 0, 1, 0, 0, 0, 0, 3, 1, 0, 0, 0, 1, 0, 0, 1, 2, 0, 3, 0, 1, 3, 0, 0, 3, 0, 2, 0, 0, 0, 0, 1, 0, 1, 0, 0, 0, 1, 0, 2, 0, 1, 0, 3, 1]
event=393:G3_TWC:action:mode=exploit,state=1,draw=0.6036545255516218,action=0
event=394:G3_TWC:leader:action=0,fingerprint=[66, 68, 55, 92, 86, 48, 24, 89, 70, 13, 60, 50, 93, 15, 25, 52, 1, 59, 76, 67, 65, 17, 77, 75, 28, 26, 35, 36, 94, 95, 41, 6, 7, 0, 79, 33, 46, 58, 32, 88, 54, 71, 53, 29, 56, 8, 49, 39, 34, 14, 37, 72, 38, 23, 40, 98, 69, 27, 47, 80, 73, 63, 83, 44, 57, 11, 5, 82, 61, 16, 45, 51, 42, 3, 90, 81, 91, 21, 87, 19, 18, 9, 62, 22, 99, 64, 10, 2, 31, 43, 30, 97, 96, 12, 20, 78, 85, 74, 84, 4]|[1, 1, 0, 1, 2, 2, 2, 0, 0, 2, 1, 0, 1, 0, 0, 0, 0, 2, 0, 2, 1, 0, 2, 2, 2, 2, 0, 2, 0, 1, 2, 1, 2, 1, 1, 0, 1, 0, 0, 0, 1, 0, 1, 2, 1, 0, 1, 0, 1, 2, 1, 0, 0, 0, 1, 2, 0, 1, 0, 2, 1, 2, 1, 0, 0, 1, 1, 1, 2, 2, 1, 1, 0, 1, 2, 0, 1, 2, 2, 1, 2, 1, 0, 1, 2, 1, 0, 2, 1, 2, 2, 0, 1, 1, 0, 0, 0, 0, 1, 0]|[1, 0, 2, 4, 1, 2, 0, 1, 0, 2, 1, 2, 4, 1, 2, 0, 0, 1, 1, 2, 4, 2, 2, 0, 1, 1, 0, 2, 0, 3, 1, 4, 2, 0, 0, 2, 4, 0, 1, 2, 4, 0, 3, 2, 3, 2, 3, 0, 0, 1, 4, 2, 1, 1, 0, 2, 0, 3, 0, 1, 0, 1, 2, 1, 0, 3, 0, 4, 1, 1, 4, 4, 0, 2, 1, 2, 4, 1, 1, 0, 1, 4, 0, 4, 1, 4, 2, 1, 4, 1, 1, 2, 4, 2, 2, 1, 2, 2, 4, 1]|[0, 2, 0, 0, 1, 0, 0, 0, 0, 0, 3, 0, 1, 1, 0, 0, 0, 0, 1, 0, 1, 0, 0, 0, 1, 1, 0, 0, 0, 3, 0, 2, 1, 0, 0, 1, 2, 1, 0, 1, 3, 0, 1, 0, 1, 1, 0, 0, 3, 1, 2, 0, 0, 0, 0, 0, 0, 1, 0, 0, 0, 0, 3, 1, 0, 0, 0, 1, 0, 0, 1, 2, 0, 3, 0, 1, 1, 0, 0, 3, 0, 2, 0, 0, 0, 0, 1, 0, 1, 0, 0, 0, 1, 2, 0, 0, 1, 0, 1, 1]
event=395:G1_CMAX:update:state=1,action=2,reward=-58.25016865462476,nextState=1,old=-252.68502106249463,new=-260.39818550462047
event=396:G2_TEC:update:state=1,action=0,reward=-601.0343811571947,nextState=1,old=-1206.1464718569855,new=-1565.9515586427833
event=397:G3_TWC:update:state=1,action=0,reward=-3358.3221237288817,nextState=1,old=-13361.16442599965,new=-14047.253664528602
event=398:G4_BALANCED:update:state=1,action=2,reward=-0.030293506196701916,nextState=1,old=-0.3462018267293735,new=-0.2920961697153898
event=399:G1_CMAX:action:mode=explore,state=1,draw=0.8496382418078329,action=1
event=400:G1_CMAX:leader:action=1,fingerprint=[66, 68, 55, 92, 86, 48, 24, 89, 70, 13, 60, 50, 93, 15, 25, 52, 1, 59, 76, 67, 65, 17, 77, 75, 28, 26, 35, 36, 94, 95, 41, 6, 7, 0, 79, 33, 46, 58, 32, 88, 54, 71, 53, 29, 56, 8, 49, 39, 34, 14, 37, 72, 38, 23, 40, 98, 69, 27, 47, 80, 73, 63, 83, 44, 57, 11, 5, 82, 61, 16, 45, 51, 42, 3, 90, 81, 91, 21, 87, 19, 18, 9, 62, 22, 99, 64, 10, 2, 31, 43, 30, 97, 96, 78, 84, 4, 74, 20, 12, 85]|[1, 1, 0, 1, 2, 2, 2, 0, 0, 2, 1, 0, 1, 0, 0, 0, 0, 2, 0, 2, 1, 0, 2, 0, 2, 2, 0, 2, 0, 1, 2, 1, 2, 1, 1, 0, 1, 0, 0, 0, 1, 0, 1, 2, 1, 0, 1, 0, 1, 2, 1, 0, 0, 0, 1, 2, 0, 1, 0, 2, 1, 2, 1, 0, 0, 1, 1, 1, 1, 2, 1, 2, 0, 1, 2, 0, 1, 2, 2, 1, 0, 1, 0, 1, 2, 1, 0, 2, 1, 2, 2, 0, 2, 0, 2, 1, 0, 0, 1, 1]|[1, 0, 2, 4, 1, 2, 0, 1, 0, 2, 1, 2, 4, 1, 2, 0, 0, 1, 1, 2, 4, 2, 2, 1, 1, 1, 0, 2, 0, 3, 1, 4, 2, 0, 0, 2, 4, 0, 1, 2, 4, 0, 3, 2, 3, 2, 3, 0, 0, 1, 4, 2, 1, 1, 0, 2, 2, 3, 0, 1, 0, 1, 2, 1, 0, 3, 0, 4, 4, 1, 4, 2, 1, 2, 1, 2, 4, 1, 1, 0, 1, 4, 0, 4, 1, 4, 2, 1, 4, 1, 1, 2, 0, 1, 0, 4, 2, 2, 2, 3]|[0, 2, 0, 0, 1, 0, 0, 0, 0, 0, 3, 0, 1, 1, 0, 0, 0, 0, 1, 0, 1, 0, 0, 1, 1, 1, 0, 0, 0, 3, 0, 2, 1, 0, 0, 1, 2, 1, 0, 1, 3, 0, 1, 0, 1, 1, 0, 0, 3, 1, 2, 0, 0, 0, 0, 0, 1, 1, 0, 0, 0, 0, 3, 1, 0, 0, 0, 1, 2, 0, 1, 0, 0, 3, 0, 1, 1, 0, 0, 3, 0, 2, 0, 0, 0, 0, 1, 0, 1, 0, 0, 0, 1, 0, 1, 2, 0, 0, 2, 3]
event=401:G4_BALANCED:action:mode=exploit,state=1,draw=0.13285763150405905,action=2
event=402:G4_BALANCED:tournament:reason=action2,left=6,right=14,selected=[66, 68, 55, 92, 86, 48, 24, 89, 70, 13, 60, 50, 93, 15, 25, 52, 1, 59, 76, 67, 65, 17, 77, 75, 28, 26, 35, 36, 94, 95, 41, 6, 7, 0, 79, 33, 46, 58, 32, 88, 54, 71, 53, 29, 56, 8, 49, 39, 34, 14, 37, 72, 38, 23, 40, 98, 69, 27, 47, 80, 73, 63, 83, 44, 57, 11, 5, 82, 61, 16, 45, 51, 42, 3, 90, 81, 91, 21, 87, 19, 18, 9, 62, 22, 99, 64, 10, 2, 31, 43, 30, 97, 96, 78, 20, 84, 12, 74, 85, 4]|[1, 1, 0, 1, 2, 2, 2, 0, 0, 2, 1, 0, 1, 0, 0, 0, 0, 2, 0, 2, 1, 0, 2, 0, 2, 2, 0, 2, 0, 1, 2, 1, 2, 1, 1, 0, 1, 0, 0, 0, 1, 0, 1, 2, 1, 0, 1, 0, 1, 2, 1, 0, 0, 0, 1, 2, 0, 1, 0, 2, 1, 2, 1, 0, 0, 1, 1, 1, 1, 2, 1, 2, 0, 1, 2, 0, 1, 2, 2, 1, 0, 1, 0, 1, 2, 1, 1, 2, 1, 2, 2, 1, 1, 0, 0, 2, 1, 0, 0, 1]|[1, 0, 2, 4, 1, 2, 0, 1, 0, 2, 1, 2, 4, 1, 2, 0, 0, 1, 1, 2, 4, 2, 2, 1, 1, 1, 0, 2, 0, 3, 1, 4, 2, 0, 0, 2, 4, 0, 1, 2, 4, 0, 3, 2, 3, 2, 4, 0, 0, 1, 4, 2, 1, 1, 0, 2, 0, 3, 0, 1, 0, 1, 2, 1, 0, 3, 0, 4, 4, 1, 4, 2, 0, 2, 1, 2, 4, 1, 1, 0, 1, 4, 0, 4, 1, 4, 0, 1, 4, 1, 1, 2, 4, 1, 2, 0, 2, 2, 1, 4]|[0, 2, 0, 0, 1, 0, 0, 0, 0, 0, 3, 0, 1, 1, 0, 0, 0, 0, 1, 0, 1, 0, 0, 1, 1, 1, 0, 0, 0, 3, 0, 2, 1, 0, 0, 1, 2, 1, 0, 1, 3, 0, 1, 0, 1, 1, 0, 0, 3, 1, 2, 0, 0, 0, 0, 0, 0, 1, 0, 0, 0, 0, 3, 1, 0, 0, 0, 1, 2, 0, 1, 0, 0, 3, 0, 1, 1, 0, 0, 3, 0, 2, 0, 0, 0, 0, 0, 0, 1, 0, 0, 2, 1, 0, 0, 1, 2, 0, 1, 2]
event=403:G4_BALANCED:leader:action=2,fingerprint=[66, 68, 55, 92, 86, 48, 24, 89, 70, 13, 60, 50, 93, 15, 25, 52, 1, 59, 76, 67, 65, 17, 77, 75, 28, 26, 35, 36, 94, 95, 41, 6, 7, 0, 79, 33, 46, 58, 32, 88, 54, 71, 53, 29, 56, 8, 49, 39, 34, 14, 37, 72, 38, 23, 40, 98, 69, 27, 47, 80, 73, 63, 83, 44, 57, 11, 5, 82, 61, 16, 45, 51, 42, 3, 90, 81, 91, 21, 87, 19, 18, 9, 62, 22, 99, 64, 10, 2, 31, 43, 30, 97, 96, 78, 20, 84, 12, 74, 85, 4]|[1, 1, 0, 1, 2, 2, 2, 0, 0, 2, 1, 0, 1, 0, 0, 0, 0, 2, 0, 2, 1, 0, 2, 0, 2, 2, 0, 2, 0, 1, 2, 1, 2, 1, 1, 0, 1, 0, 0, 0, 1, 0, 1, 2, 1, 0, 1, 0, 1, 2, 1, 0, 0, 0, 1, 2, 0, 1, 0, 2, 1, 2, 1, 0, 0, 1, 1, 1, 1, 2, 1, 2, 0, 1, 2, 0, 1, 2, 2, 1, 0, 1, 0, 1, 2, 1, 1, 2, 1, 2, 2, 1, 1, 0, 0, 2, 1, 0, 0, 1]|[1, 0, 2, 4, 1, 2, 0, 1, 0, 2, 1, 2, 4, 1, 2, 0, 0, 1, 1, 2, 4, 2, 2, 1, 1, 1, 0, 2, 0, 3, 1, 4, 2, 0, 0, 2, 4, 0, 1, 2, 4, 0, 3, 2, 3, 2, 4, 0, 0, 1, 4, 2, 1, 1, 0, 2, 0, 3, 0, 1, 0, 1, 2, 1, 0, 3, 0, 4, 4, 1, 4, 2, 0, 2, 1, 2, 4, 1, 1, 0, 1, 4, 0, 4, 1, 4, 0, 1, 4, 1, 1, 2, 4, 1, 2, 0, 2, 2, 1, 4]|[0, 2, 0, 0, 1, 0, 0, 0, 0, 0, 3, 0, 1, 1, 0, 0, 0, 0, 1, 0, 1, 0, 0, 1, 1, 1, 0, 0, 0, 3, 0, 2, 1, 0, 0, 1, 2, 1, 0, 1, 3, 0, 1, 0, 1, 1, 0, 0, 3, 1, 2, 0, 0, 0, 0, 0, 0, 1, 0, 0, 0, 0, 3, 1, 0, 0, 0, 1, 2, 0, 1, 0, 0, 3, 0, 1, 1, 0, 0, 3, 0, 2, 0, 0, 0, 0, 0, 0, 1, 0, 0, 2, 1, 0, 0, 1, 2, 0, 1, 2]
event=404:G2_TEC:action:mode=exploit,state=1,draw=0.3770584209747314,action=1
event=405:G2_TEC:leader:action=1,fingerprint=[66, 68, 55, 92, 86, 48, 24, 89, 70, 13, 60, 50, 93, 15, 25, 52, 1, 59, 76, 67, 65, 88, 77, 75, 28, 26, 35, 36, 94, 95, 41, 6, 7, 0, 79, 33, 46, 58, 32, 17, 54, 71, 53, 29, 56, 8, 49, 39, 34, 14, 37, 72, 38, 23, 40, 98, 69, 27, 45, 22, 73, 63, 83, 44, 57, 11, 5, 96, 2, 16, 47, 51, 42, 3, 90, 81, 82, 21, 87, 19, 18, 9, 62, 80, 99, 91, 10, 61, 31, 43, 30, 85, 84, 74, 64, 4, 78, 20, 12, 97]|[1, 1, 0, 1, 1, 2, 1, 0, 0, 2, 0, 0, 1, 0, 0, 0, 1, 2, 0, 2, 1, 0, 2, 1, 2, 0, 2, 1, 0, 1, 1, 2, 2, 1, 1, 1, 1, 0, 0, 0, 1, 0, 1, 2, 1, 0, 1, 0, 1, 2, 1, 0, 0, 0, 2, 1, 2, 1, 0, 1, 1, 0, 1, 0, 1, 1, 1, 1, 2, 2, 1, 2, 0, 0, 2, 0, 2, 2, 2, 1, 2, 1, 0, 1, 2, 1, 0, 1, 1, 2, 2, 1, 1, 0, 2, 1, 2, 0, 0, 0]|[1, 0, 0, 4, 3, 2, 4, 1, 0, 2, 1, 2, 4, 1, 2, 0, 4, 1, 1, 1, 4, 2, 2, 0, 1, 2, 2, 3, 0, 3, 1, 1, 2, 0, 0, 1, 4, 2, 1, 2, 4, 0, 3, 2, 3, 2, 4, 0, 3, 1, 4, 2, 1, 1, 1, 4, 2, 3, 2, 4, 0, 1, 2, 1, 3, 3, 0, 4, 1, 1, 4, 2, 0, 2, 1, 2, 1, 1, 1, 0, 1, 4, 0, 3, 1, 4, 2, 4, 3, 1, 1, 2, 4, 2, 1, 4, 1, 2, 2, 2]|[0, 2, 0, 0, 1, 0, 1, 0, 0, 0, 0, 0, 1, 1, 0, 0, 0, 0, 1, 0, 1, 0, 0, 2, 1, 0, 0, 3, 0, 3, 1, 0, 1, 0, 0, 1, 2, 1, 0, 0, 3, 0, 1, 0, 1, 1, 0, 0, 1, 1, 2, 0, 0, 0, 0, 3, 0, 1, 1, 0, 0, 0, 3, 1, 3, 0, 0, 2, 0, 0, 1, 0, 0, 0, 0, 1, 0, 0, 0, 3, 0, 2, 0, 1, 0, 0, 1, 2, 3, 0, 0, 2, 1, 0, 0, 2, 0, 0, 0, 0]
event=406:G3_TWC:action:mode=exploit,state=1,draw=0.6729782476608587,action=0
event=407:G3_TWC:leader:action=0,fingerprint=[66, 68, 55, 92, 86, 48, 24, 89, 70, 13, 60, 50, 93, 15, 25, 52, 1, 59, 76, 67, 65, 17, 77, 75, 28, 26, 35, 36, 94, 95, 41, 6, 7, 0, 79, 33, 46, 58, 32, 88, 54, 71, 53, 29, 56, 8, 49, 39, 34, 14, 37, 72, 38, 23, 40, 98, 69, 27, 47, 80, 73, 63, 83, 44, 57, 11, 5, 82, 61, 16, 45, 51, 42, 3, 90, 81, 91, 21, 87, 19, 18, 9, 62, 22, 99, 64, 10, 2, 31, 43, 30, 97, 96, 12, 20, 78, 85, 74, 84, 4]|[1, 1, 0, 1, 2, 2, 2, 0, 0, 2, 1, 0, 1, 0, 0, 0, 0, 2, 0, 2, 1, 0, 2, 2, 2, 2, 0, 2, 0, 1, 2, 1, 2, 1, 1, 0, 1, 0, 0, 0, 1, 0, 1, 2, 1, 0, 1, 0, 1, 2, 1, 0, 0, 0, 1, 2, 0, 1, 0, 2, 1, 2, 1, 0, 0, 1, 1, 1, 2, 2, 1, 1, 0, 1, 2, 0, 1, 2, 2, 1, 2, 1, 0, 1, 2, 1, 0, 2, 1, 2, 2, 0, 1, 1, 0, 0, 0, 0, 1, 0]|[1, 0, 2, 4, 1, 2, 0, 1, 0, 2, 1, 2, 4, 1, 2, 0, 0, 1, 1, 2, 4, 2, 2, 0, 1, 1, 0, 2, 0, 3, 1, 4, 2, 0, 0, 2, 4, 0, 1, 2, 4, 0, 3, 2, 3, 2, 3, 0, 0, 1, 4, 2, 1, 1, 0, 2, 0, 3, 0, 1, 0, 1, 2, 1, 0, 3, 0, 4, 1, 1, 4, 4, 0, 2, 1, 2, 4, 1, 1, 0, 1, 4, 0, 4, 1, 4, 2, 1, 4, 1, 1, 2, 4, 2, 2, 1, 2, 2, 4, 1]|[0, 2, 0, 0, 1, 0, 0, 0, 0, 0, 3, 0, 1, 1, 0, 0, 0, 0, 1, 0, 1, 0, 0, 0, 1, 1, 0, 0, 0, 3, 0, 2, 1, 0, 0, 1, 2, 1, 0, 1, 3, 0, 1, 0, 1, 1, 0, 0, 3, 1, 2, 0, 0, 0, 0, 0, 0, 1, 0, 0, 0, 0, 3, 1, 0, 0, 0, 1, 0, 0, 1, 2, 0, 3, 0, 1, 1, 0, 0, 3, 0, 2, 0, 0, 0, 0, 1, 0, 1, 0, 0, 0, 1, 2, 0, 0, 1, 0, 1, 1]
event=408:G1_CMAX:update:state=1,action=1,reward=-26.885332275863107,nextState=1,old=-274.4104094194737,new=-235.2038806795595
event=409:G2_TEC:update:state=1,action=1,reward=-174.8232186297755,nextState=1,old=-1330.995290616689,new=-1239.6194511231267
event=410:G3_TWC:update:state=1,action=0,reward=-4072.3794825599325,nextState=1,old=-14047.253664528602,new=-15310.182414182815
event=411:G4_BALANCED:update:state=1,action=2,reward=-0.049943861123100786,nextState=1,old=-0.2920961697153898,new=-0.28362079689541264
event=412:G1_CMAX:action:mode=exploit,state=1,draw=0.6494972748141393,action=1
event=413:G1_CMAX:leader:action=1,fingerprint=[66, 68, 55, 92, 86, 48, 24, 89, 70, 13, 60, 50, 93, 15, 25, 52, 1, 59, 76, 67, 65, 17, 77, 75, 28, 26, 35, 36, 94, 95, 41, 6, 7, 0, 79, 33, 46, 58, 32, 88, 54, 71, 53, 29, 56, 8, 49, 39, 34, 14, 37, 72, 38, 23, 40, 98, 69, 27, 47, 80, 73, 63, 83, 44, 57, 11, 5, 82, 61, 16, 45, 51, 42, 3, 90, 81, 91, 21, 87, 19, 18, 9, 62, 22, 99, 64, 10, 2, 31, 43, 30, 97, 96, 78, 84, 4, 74, 20, 12, 85]|[1, 1, 0, 1, 2, 2, 2, 0, 0, 2, 1, 0, 1, 0, 0, 0, 0, 2, 0, 2, 1, 0, 2, 0, 2, 2, 0, 2, 0, 1, 2, 1, 2, 1, 1, 0, 1, 0, 0, 0, 1, 0, 1, 2, 1, 0, 1, 0, 1, 2, 1, 0, 0, 0, 1, 2, 0, 1, 0, 2, 1, 2, 1, 0, 0, 1, 1, 1, 1, 2, 1, 2, 0, 1, 2, 0, 1, 2, 2, 1, 0, 1, 0, 1, 2, 1, 0, 2, 1, 2, 2, 0, 2, 0, 2, 1, 0, 0, 1, 1]|[1, 0, 2, 4, 1, 2, 0, 1, 0, 2, 1, 2, 4, 1, 2, 0, 0, 1, 1, 2, 4, 2, 2, 1, 1, 1, 0, 2, 0, 3, 1, 4, 2, 0, 0, 2, 4, 0, 1, 2, 4, 0, 3, 2, 3, 2, 3, 0, 0, 1, 4, 2, 1, 1, 0, 2, 2, 3, 0, 1, 0, 1, 2, 1, 0, 3, 0, 4, 4, 1, 4, 2, 1, 2, 1, 2, 4, 1, 1, 0, 1, 4, 0, 4, 1, 4, 2, 1, 4, 1, 1, 2, 0, 1, 0, 4, 2, 2, 2, 3]|[0, 2, 0, 0, 1, 0, 0, 0, 0, 0, 3, 0, 1, 1, 0, 0, 0, 0, 1, 0, 1, 0, 0, 1, 1, 1, 0, 0, 0, 3, 0, 2, 1, 0, 0, 1, 2, 1, 0, 1, 3, 0, 1, 0, 1, 1, 0, 0, 3, 1, 2, 0, 0, 0, 0, 0, 1, 1, 0, 0, 0, 0, 3, 1, 0, 0, 0, 1, 2, 0, 1, 0, 0, 3, 0, 1, 1, 0, 0, 3, 0, 2, 0, 0, 0, 0, 1, 0, 1, 0, 0, 0, 1, 0, 1, 2, 0, 0, 2, 3]
event=414:G4_BALANCED:action:mode=exploit,state=1,draw=0.7342174346299787,action=2
event=415:G4_BALANCED:tournament:reason=action2,left=26,right=7,selected=[66, 68, 55, 92, 86, 48, 24, 89, 70, 13, 60, 50, 93, 15, 25, 52, 1, 59, 76, 67, 65, 17, 77, 75, 28, 26, 35, 36, 94, 95, 41, 6, 7, 0, 79, 33, 46, 58, 32, 88, 54, 71, 53, 29, 56, 8, 49, 39, 34, 14, 37, 72, 38, 23, 40, 98, 69, 27, 47, 80, 73, 63, 83, 44, 57, 11, 5, 82, 61, 16, 45, 51, 42, 3, 90, 81, 91, 21, 87, 19, 18, 9, 62, 22, 99, 64, 10, 2, 31, 43, 30, 97, 96, 20, 74, 12, 84, 4, 78, 85]|[1, 1, 0, 1, 2, 2, 1, 0, 0, 1, 1, 0, 1, 0, 0, 0, 0, 2, 0, 2, 1, 0, 2, 0, 2, 0, 2, 1, 0, 1, 2, 1, 2, 1, 1, 0, 1, 0, 0, 0, 1, 0, 1, 2, 1, 0, 1, 0, 1, 2, 1, 0, 0, 0, 2, 2, 0, 1, 1, 2, 2, 2, 1, 0, 0, 1, 1, 1, 2, 2, 1, 1, 0, 1, 2, 1, 1, 2, 2, 2, 2, 1, 0, 1, 0, 0, 0, 2, 1, 2, 2, 0, 2, 0, 0, 0, 1, 0, 2, 1]|[1, 0, 2, 4, 1, 2, 2, 1, 0, 0, 1, 2, 4, 1, 2, 0, 0, 1, 1, 2, 4, 2, 2, 1, 1, 2, 2, 3, 0, 3, 1, 4, 2, 0, 0, 2, 4, 0, 1, 2, 4, 0, 3, 2, 3, 2, 4, 0, 3, 1, 4, 2, 1, 1, 2, 2, 0, 3, 4, 1, 1, 1, 2, 1, 0, 3, 0, 4, 1, 1, 4, 2, 0, 2, 1, 4, 4, 1, 1, 2, 1, 4, 0, 4, 0, 1, 2, 1, 4, 1, 1, 2, 1, 2, 2, 2, 4, 1, 1, 3]|[0, 2, 0, 0, 1, 0, 0, 0, 0, 2, 3, 0, 1, 1, 0, 0, 0, 0, 1, 0, 1, 0, 0, 1, 1, 0, 0, 3, 0, 3, 0, 2, 1, 0, 0, 1, 2, 1, 0, 1, 3, 0, 1, 0, 1, 1, 0, 0, 1, 1, 3, 0, 0, 0, 0, 0, 0, 1, 1, 0, 0, 0, 3, 1, 0, 0, 0, 1, 0, 0, 1, 3, 0, 3, 0, 1, 1, 0, 0, 0, 0, 2, 0, 0, 0, 0, 1, 0, 1, 0, 0, 0, 0, 0, 0, 0, 2, 1, 0, 3]
event=416:G4_BALANCED:leader:action=2,fingerprint=[66, 68, 55, 92, 86, 48, 24, 89, 70, 13, 60, 50, 93, 15, 25, 52, 1, 59, 76, 67, 65, 17, 77, 75, 28, 26, 35, 36, 94, 95, 41, 6, 7, 0, 79, 33, 46, 58, 32, 88, 54, 71, 53, 29, 56, 8, 49, 39, 34, 14, 37, 72, 38, 23, 40, 98, 69, 27, 47, 80, 73, 63, 83, 44, 57, 11, 5, 82, 61, 16, 45, 51, 42, 3, 90, 81, 91, 21, 87, 19, 18, 9, 62, 22, 99, 64, 10, 2, 31, 43, 30, 97, 96, 20, 74, 12, 84, 4, 78, 85]|[1, 1, 0, 1, 2, 2, 1, 0, 0, 1, 1, 0, 1, 0, 0, 0, 0, 2, 0, 2, 1, 0, 2, 0, 2, 0, 2, 1, 0, 1, 2, 1, 2, 1, 1, 0, 1, 0, 0, 0, 1, 0, 1, 2, 1, 0, 1, 0, 1, 2, 1, 0, 0, 0, 2, 2, 0, 1, 1, 2, 2, 2, 1, 0, 0, 1, 1, 1, 2, 2, 1, 1, 0, 1, 2, 1, 1, 2, 2, 2, 2, 1, 0, 1, 0, 0, 0, 2, 1, 2, 2, 0, 2, 0, 0, 0, 1, 0, 2, 1]|[1, 0, 2, 4, 1, 2, 2, 1, 0, 0, 1, 2, 4, 1, 2, 0, 0, 1, 1, 2, 4, 2, 2, 1, 1, 2, 2, 3, 0, 3, 1, 4, 2, 0, 0, 2, 4, 0, 1, 2, 4, 0, 3, 2, 3, 2, 4, 0, 3, 1, 4, 2, 1, 1, 2, 2, 0, 3, 4, 1, 1, 1, 2, 1, 0, 3, 0, 4, 1, 1, 4, 2, 0, 2, 1, 4, 4, 1, 1, 2, 1, 4, 0, 4, 0, 1, 2, 1, 4, 1, 1, 2, 1, 2, 2, 2, 4, 1, 1, 3]|[0, 2, 0, 0, 1, 0, 0, 0, 0, 2, 3, 0, 1, 1, 0, 0, 0, 0, 1, 0, 1, 0, 0, 1, 1, 0, 0, 3, 0, 3, 0, 2, 1, 0, 0, 1, 2, 1, 0, 1, 3, 0, 1, 0, 1, 1, 0, 0, 1, 1, 3, 0, 0, 0, 0, 0, 0, 1, 1, 0, 0, 0, 3, 1, 0, 0, 0, 1, 0, 0, 1, 3, 0, 3, 0, 1, 1, 0, 0, 0, 0, 2, 0, 0, 0, 0, 1, 0, 1, 0, 0, 0, 0, 0, 0, 0, 2, 1, 0, 3]
event=417:G2_TEC:action:mode=exploit,state=1,draw=0.2588889614688106,action=1
event=418:G2_TEC:leader:action=1,fingerprint=[66, 68, 55, 92, 86, 48, 24, 89, 70, 13, 60, 50, 93, 15, 25, 52, 1, 59, 76, 67, 65, 88, 77, 75, 28, 26, 35, 36, 94, 95, 41, 6, 7, 0, 79, 33, 46, 58, 32, 17, 54, 71, 53, 29, 56, 8, 49, 39, 34, 14, 37, 72, 38, 23, 40, 98, 69, 27, 45, 22, 73, 63, 83, 44, 57, 11, 5, 96, 2, 16, 47, 51, 42, 3, 90, 81, 82, 21, 87, 19, 18, 9, 62, 80, 99, 91, 10, 61, 31, 43, 30, 85, 84, 74, 64, 4, 78, 20, 12, 97]|[1, 1, 0, 1, 1, 2, 1, 0, 0, 2, 0, 0, 1, 0, 0, 0, 1, 2, 0, 2, 1, 0, 2, 1, 2, 0, 2, 1, 0, 1, 1, 2, 2, 1, 1, 1, 1, 0, 0, 0, 1, 0, 1, 2, 1, 0, 1, 0, 1, 2, 1, 0, 0, 0, 2, 1, 2, 1, 0, 1, 1, 0, 1, 0, 1, 1, 1, 1, 2, 2, 1, 2, 0, 0, 2, 0, 2, 2, 2, 1, 2, 1, 0, 1, 2, 1, 0, 1, 1, 2, 2, 1, 1, 0, 2, 1, 2, 0, 0, 0]|[1, 0, 0, 4, 3, 2, 4, 1, 0, 2, 1, 2, 4, 1, 2, 0, 4, 1, 1, 1, 4, 2, 2, 0, 1, 2, 2, 3, 0, 3, 1, 1, 2, 0, 0, 1, 4, 2, 1, 2, 4, 0, 3, 2, 3, 2, 4, 0, 3, 1, 4, 2, 1, 1, 1, 4, 2, 3, 2, 4, 0, 1, 2, 1, 3, 3, 0, 4, 1, 1, 4, 2, 0, 2, 1, 2, 1, 1, 1, 0, 1, 4, 0, 3, 1, 4, 2, 4, 3, 1, 1, 2, 4, 2, 1, 4, 1, 2, 2, 2]|[0, 2, 0, 0, 1, 0, 1, 0, 0, 0, 0, 0, 1, 1, 0, 0, 0, 0, 1, 0, 1, 0, 0, 2, 1, 0, 0, 3, 0, 3, 1, 0, 1, 0, 0, 1, 2, 1, 0, 0, 3, 0, 1, 0, 1, 1, 0, 0, 1, 1, 2, 0, 0, 0, 0, 3, 0, 1, 1, 0, 0, 0, 3, 1, 3, 0, 0, 2, 0, 0, 1, 0, 0, 0, 0, 1, 0, 0, 0, 3, 0, 2, 0, 1, 0, 0, 1, 2, 3, 0, 0, 2, 1, 0, 0, 2, 0, 0, 0, 0]
event=419:G3_TWC:action:mode=exploit,state=1,draw=0.01836143410819302,action=0
event=420:G3_TWC:leader:action=0,fingerprint=[66, 68, 55, 92, 86, 48, 24, 89, 70, 13, 60, 50, 93, 15, 25, 52, 1, 59, 76, 67, 65, 17, 77, 75, 28, 26, 35, 36, 94, 95, 41, 6, 7, 0, 79, 33, 46, 58, 32, 88, 54, 71, 53, 29, 56, 8, 49, 39, 34, 14, 37, 72, 38, 23, 40, 98, 69, 27, 47, 80, 73, 63, 83, 44, 57, 11, 5, 82, 61, 16, 45, 51, 42, 3, 90, 81, 91, 21, 87, 19, 18, 9, 62, 22, 99, 64, 10, 2, 31, 43, 30, 97, 96, 12, 20, 78, 85, 74, 84, 4]|[1, 1, 0, 1, 2, 2, 2, 0, 0, 2, 1, 0, 1, 0, 0, 0, 0, 2, 0, 2, 1, 0, 2, 2, 2, 2, 0, 2, 0, 1, 2, 1, 2, 1, 1, 0, 1, 0, 0, 0, 1, 0, 1, 2, 1, 0, 1, 0, 1, 2, 1, 0, 0, 0, 1, 2, 0, 1, 0, 2, 1, 2, 1, 0, 0, 1, 1, 1, 2, 2, 1, 1, 0, 1, 2, 0, 1, 2, 2, 1, 2, 1, 0, 1, 2, 1, 0, 2, 1, 2, 2, 0, 1, 1, 0, 0, 0, 0, 1, 0]|[1, 0, 2, 4, 1, 2, 0, 1, 0, 2, 1, 2, 4, 1, 2, 0, 0, 1, 1, 2, 4, 2, 2, 0, 1, 1, 0, 2, 0, 3, 1, 4, 2, 0, 0, 2, 4, 0, 1, 2, 4, 0, 3, 2, 3, 2, 3, 0, 0, 1, 4, 2, 1, 1, 0, 2, 0, 3, 0, 1, 0, 1, 2, 1, 0, 3, 0, 4, 1, 1, 4, 4, 0, 2, 1, 2, 4, 1, 1, 0, 1, 4, 0, 4, 1, 4, 2, 1, 4, 1, 1, 2, 4, 2, 2, 1, 2, 2, 4, 1]|[0, 2, 0, 0, 1, 0, 0, 0, 0, 0, 3, 0, 1, 1, 0, 0, 0, 0, 1, 0, 1, 0, 0, 0, 1, 1, 0, 0, 0, 3, 0, 2, 1, 0, 0, 1, 2, 1, 0, 1, 3, 0, 1, 0, 1, 1, 0, 0, 3, 1, 2, 0, 0, 0, 0, 0, 0, 1, 0, 0, 0, 0, 3, 1, 0, 0, 0, 1, 0, 0, 1, 2, 0, 3, 0, 1, 1, 0, 0, 3, 0, 2, 0, 0, 0, 0, 1, 0, 1, 0, 0, 0, 1, 2, 0, 0, 1, 0, 1, 1]
event=421:G1_CMAX:update:state=1,action=1,reward=-22.997107344061078,nextState=1,old=-235.2038806795595,new=-211.16021188770867
event=422:G2_TEC:update:state=1,action=1,reward=-221.5320023627428,nextState=1,old=-1239.6194511231267,new=-1213.227563261244
event=423:G3_TWC:update:state=1,action=0,reward=-3060.2768749918614,nextState=1,old=-15310.182414182815,new=-15308.422806338114
event=424:G4_BALANCED:update:state=1,action=2,reward=-0.06122368581261866,nextState=1,old=-0.28362079689541264,new=-0.28812032332894877
event=425:G1_CMAX:action:mode=exploit,state=1,draw=0.7752740111385622,action=1
event=426:G1_CMAX:leader:action=1,fingerprint=[66, 68, 55, 92, 86, 48, 24, 89, 70, 13, 60, 50, 93, 15, 25, 52, 1, 59, 76, 67, 65, 17, 77, 75, 28, 26, 35, 36, 94, 95, 41, 6, 7, 0, 79, 33, 46, 58, 32, 88, 54, 71, 53, 29, 56, 8, 49, 39, 34, 14, 37, 72, 38, 23, 40, 98, 69, 27, 47, 80, 73, 63, 83, 44, 57, 11, 5, 82, 61, 16, 45, 51, 42, 3, 90, 81, 91, 21, 87, 19, 18, 9, 62, 22, 99, 64, 10, 2, 31, 43, 30, 97, 96, 12, 74, 78, 20, 4, 85, 84]|[1, 1, 0, 1, 2, 2, 2, 0, 0, 2, 1, 0, 1, 0, 0, 0, 0, 2, 0, 2, 1, 0, 2, 0, 2, 2, 0, 2, 0, 1, 2, 2, 2, 1, 1, 0, 1, 0, 0, 0, 1, 0, 1, 2, 1, 0, 1, 0, 1, 2, 1, 0, 0, 0, 1, 2, 0, 1, 0, 2, 1, 2, 1, 0, 0, 1, 1, 1, 2, 2, 0, 1, 1, 1, 2, 1, 0, 2, 2, 1, 0, 1, 0, 1, 2, 1, 0, 2, 1, 2, 2, 0, 2, 1, 0, 0, 0, 0, 1, 2]|[1, 0, 2, 4, 1, 2, 0, 1, 0, 2, 1, 2, 4, 1, 2, 0, 0, 1, 1, 2, 4, 2, 2, 1, 1, 1, 0, 2, 0, 3, 1, 1, 2, 0, 0, 2, 4, 0, 1, 2, 4, 0, 3, 2, 3, 2, 3, 0, 0, 1, 4, 2, 1, 1, 0, 2, 0, 3, 0, 1, 0, 1, 2, 1, 0, 4, 0, 4, 1, 1, 2, 4, 4, 2, 1, 4, 1, 1, 1, 0, 1, 4, 0, 4, 1, 4, 2, 1, 4, 1, 1, 2, 0, 2, 2, 1, 2, 1, 3, 0]|[0, 2, 0, 0, 1, 0, 0, 0, 0, 0, 3, 0, 1, 1, 0, 0, 0, 0, 1, 0, 1, 0, 0, 1, 1, 1, 0, 0, 0, 3, 0, 0, 1, 0, 0, 1, 2, 1, 0, 1, 3, 0, 1, 0, 1, 1, 0, 0, 3, 1, 2, 0, 0, 0, 0, 0, 0, 1, 0, 0, 0, 0, 3, 1, 0, 1, 0, 1, 0, 0, 1, 2, 2, 3, 0, 1, 0, 0, 0, 3, 0, 2, 0, 0, 0, 0, 1, 0, 1, 0, 0, 0, 1, 2, 0, 0, 0, 1, 3, 1]
event=427:G4_BALANCED:action:mode=exploit,state=1,draw=0.5417603566217714,action=2
event=428:G4_BALANCED:tournament:reason=action2,left=1,right=12,selected=[66, 68, 55, 92, 86, 48, 24, 89, 70, 13, 60, 50, 93, 15, 25, 52, 1, 59, 76, 67, 65, 88, 77, 75, 28, 26, 35, 36, 94, 95, 41, 6, 7, 0, 79, 33, 46, 58, 32, 17, 54, 71, 53, 29, 56, 8, 49, 39, 34, 14, 37, 72, 38, 23, 40, 98, 69, 27, 45, 22, 73, 63, 83, 44, 57, 11, 5, 96, 2, 16, 47, 51, 42, 3, 90, 81, 64, 21, 87, 20, 18, 9, 62, 80, 99, 91, 10, 61, 31, 43, 30, 85, 74, 19, 12, 4, 78, 82, 84, 97]|[1, 1, 0, 1, 0, 2, 2, 0, 0, 2, 1, 0, 1, 0, 0, 0, 1, 2, 0, 2, 1, 0, 2, 1, 2, 0, 0, 1, 0, 1, 2, 2, 2, 1, 1, 1, 1, 0, 0, 0, 1, 0, 1, 2, 1, 0, 1, 0, 1, 2, 1, 0, 0, 0, 1, 2, 2, 1, 1, 1, 0, 0, 1, 0, 0, 1, 1, 1, 2, 2, 1, 2, 0, 0, 2, 0, 0, 2, 2, 0, 2, 1, 0, 0, 2, 1, 1, 1, 1, 2, 2, 0, 0, 0, 0, 1, 2, 2, 1, 0]|[1, 0, 0, 4, 2, 2, 0, 1, 0, 2, 4, 2, 4, 1, 2, 0, 4, 1, 1, 1, 4, 2, 2, 0, 1, 2, 0, 3, 0, 3, 1, 1, 2, 0, 0, 1, 4, 2, 1, 2, 4, 0, 3, 2, 3, 2, 4, 0, 3, 1, 4, 2, 1, 1, 0, 2, 2, 3, 4, 4, 2, 1, 2, 1, 0, 3, 0, 4, 1, 1, 4, 2, 0, 2, 1, 2, 1, 1, 1, 2, 1, 4, 0, 2, 1, 4, 4, 4, 4, 1, 1, 1, 2, 2, 2, 4, 1, 1, 4, 2]|[0, 2, 0, 0, 1, 0, 0, 0, 0, 0, 1, 0, 1, 1, 0, 0, 0, 0, 1, 0, 1, 0, 0, 2, 1, 0, 0, 3, 0, 3, 0, 0, 1, 0, 0, 1, 2, 1, 0, 1, 3, 0, 1, 0, 1, 1, 0, 0, 1, 1, 2, 0, 0, 0, 0, 0, 0, 1, 1, 2, 1, 0, 3, 1, 0, 0, 0, 1, 0, 0, 1, 0, 0, 0, 0, 1, 0, 0, 0, 0, 0, 2, 0, 1, 0, 1, 0, 2, 1, 0, 0, 1, 0, 1, 0, 2, 0, 0, 1, 0]
event=429:G4_BALANCED:leader:action=2,fingerprint=[66, 68, 55, 92, 86, 48, 24, 89, 70, 13, 60, 50, 93, 15, 25, 52, 1, 59, 76, 67, 65, 88, 77, 75, 28, 26, 35, 36, 94, 95, 41, 6, 7, 0, 79, 33, 46, 58, 32, 17, 54, 71, 53, 29, 56, 8, 49, 39, 34, 14, 37, 72, 38, 23, 40, 98, 69, 27, 45, 22, 73, 63, 83, 44, 57, 11, 5, 96, 2, 16, 47, 51, 42, 3, 90, 81, 64, 21, 87, 20, 18, 9, 62, 80, 99, 91, 10, 61, 31, 43, 30, 85, 74, 19, 12, 4, 78, 82, 84, 97]|[1, 1, 0, 1, 0, 2, 2, 0, 0, 2, 1, 0, 1, 0, 0, 0, 1, 2, 0, 2, 1, 0, 2, 1, 2, 0, 0, 1, 0, 1, 2, 2, 2, 1, 1, 1, 1, 0, 0, 0, 1, 0, 1, 2, 1, 0, 1, 0, 1, 2, 1, 0, 0, 0, 1, 2, 2, 1, 1, 1, 0, 0, 1, 0, 0, 1, 1, 1, 2, 2, 1, 2, 0, 0, 2, 0, 0, 2, 2, 0, 2, 1, 0, 0, 2, 1, 1, 1, 1, 2, 2, 0, 0, 0, 0, 1, 2, 2, 1, 0]|[1, 0, 0, 4, 2, 2, 0, 1, 0, 2, 4, 2, 4, 1, 2, 0, 4, 1, 1, 1, 4, 2, 2, 0, 1, 2, 0, 3, 0, 3, 1, 1, 2, 0, 0, 1, 4, 2, 1, 2, 4, 0, 3, 2, 3, 2, 4, 0, 3, 1, 4, 2, 1, 1, 0, 2, 2, 3, 4, 4, 2, 1, 2, 1, 0, 3, 0, 4, 1, 1, 4, 2, 0, 2, 1, 2, 1, 1, 1, 2, 1, 4, 0, 2, 1, 4, 4, 4, 4, 1, 1, 1, 2, 2, 2, 4, 1, 1, 4, 2]|[0, 2, 0, 0, 1, 0, 0, 0, 0, 0, 1, 0, 1, 1, 0, 0, 0, 0, 1, 0, 1, 0, 0, 2, 1, 0, 0, 3, 0, 3, 0, 0, 1, 0, 0, 1, 2, 1, 0, 1, 3, 0, 1, 0, 1, 1, 0, 0, 1, 1, 2, 0, 0, 0, 0, 0, 0, 1, 1, 2, 1, 0, 3, 1, 0, 0, 0, 1, 0, 0, 1, 0, 0, 0, 0, 1, 0, 0, 0, 0, 0, 2, 0, 1, 0, 1, 0, 2, 1, 0, 0, 1, 0, 1, 0, 2, 0, 0, 1, 0]
event=430:G2_TEC:action:mode=exploit,state=1,draw=0.02810755747973448,action=1
event=431:G2_TEC:leader:action=1,fingerprint=[66, 68, 55, 92, 86, 48, 24, 89, 70, 13, 60, 50, 93, 15, 25, 52, 1, 59, 76, 67, 65, 88, 77, 75, 28, 26, 35, 36, 94, 95, 41, 6, 7, 0, 79, 33, 46, 58, 32, 17, 54, 71, 53, 29, 56, 8, 49, 39, 34, 14, 37, 72, 38, 23, 40, 98, 69, 27, 45, 22, 73, 63, 83, 44, 57, 11, 5, 96, 2, 16, 47, 51, 42, 3, 90, 81, 82, 21, 87, 19, 18, 9, 62, 80, 99, 91, 10, 61, 31, 43, 30, 85, 84, 74, 64, 4, 78, 20, 12, 97]|[1, 1, 0, 1, 1, 2, 1, 0, 0, 2, 0, 0, 1, 0, 0, 0, 1, 2, 0, 2, 1, 0, 2, 1, 2, 0, 2, 1, 0, 1, 1, 2, 2, 1, 1, 1, 1, 0, 0, 0, 1, 0, 1, 2, 1, 0, 1, 0, 1, 2, 1, 0, 0, 0, 2, 1, 2, 1, 0, 1, 1, 0, 1, 0, 1, 1, 1, 1, 2, 2, 1, 2, 0, 0, 2, 0, 2, 2, 2, 1, 2, 1, 0, 1, 2, 1, 0, 1, 1, 2, 2, 1, 1, 0, 2, 1, 2, 0, 0, 0]|[1, 0, 0, 4, 3, 2, 4, 1, 0, 2, 1, 2, 4, 1, 2, 0, 4, 1, 1, 1, 4, 2, 2, 0, 1, 2, 2, 3, 0, 3, 1, 1, 2, 0, 0, 1, 4, 2, 1, 2, 4, 0, 3, 2, 3, 2, 4, 0, 3, 1, 4, 2, 1, 1, 1, 4, 2, 3, 2, 4, 0, 1, 2, 1, 3, 3, 0, 4, 1, 1, 4, 2, 0, 2, 1, 2, 1, 1, 1, 0, 1, 4, 0, 3, 1, 4, 2, 4, 3, 1, 1, 2, 4, 2, 1, 4, 1, 2, 2, 2]|[0, 2, 0, 0, 1, 0, 1, 0, 0, 0, 0, 0, 1, 1, 0, 0, 0, 0, 1, 0, 1, 0, 0, 2, 1, 0, 0, 3, 0, 3, 1, 0, 1, 0, 0, 1, 2, 1, 0, 0, 3, 0, 1, 0, 1, 1, 0, 0, 1, 1, 2, 0, 0, 0, 0, 3, 0, 1, 1, 0, 0, 0, 3, 1, 3, 0, 0, 2, 0, 0, 1, 0, 0, 0, 0, 1, 0, 0, 0, 3, 0, 2, 0, 1, 0, 0, 1, 2, 3, 0, 0, 2, 1, 0, 0, 2, 0, 0, 0, 0]
event=432:G3_TWC:action:mode=exploit,state=1,draw=0.5042342095801398,action=0
event=433:G3_TWC:leader:action=0,fingerprint=[66, 68, 55, 92, 86, 48, 24, 89, 70, 13, 60, 50, 93, 15, 25, 52, 1, 59, 76, 67, 65, 17, 77, 75, 28, 26, 35, 36, 94, 95, 41, 6, 7, 0, 79, 33, 46, 58, 32, 88, 54, 71, 53, 29, 56, 8, 49, 39, 34, 14, 37, 72, 38, 23, 40, 98, 69, 27, 47, 80, 73, 63, 83, 44, 57, 11, 5, 82, 61, 16, 45, 51, 42, 3, 90, 81, 91, 21, 87, 19, 18, 9, 62, 22, 99, 64, 10, 2, 31, 43, 30, 97, 96, 12, 20, 78, 85, 74, 84, 4]|[1, 1, 0, 1, 2, 2, 2, 0, 0, 2, 1, 0, 1, 0, 0, 0, 0, 2, 0, 2, 1, 0, 2, 2, 2, 2, 0, 2, 0, 1, 2, 1, 2, 1, 1, 0, 1, 0, 0, 0, 1, 0, 1, 2, 1, 0, 1, 0, 1, 2, 1, 0, 0, 0, 1, 2, 0, 1, 0, 2, 1, 2, 1, 0, 0, 1, 1, 1, 2, 2, 1, 1, 0, 1, 2, 0, 1, 2, 2, 1, 2, 1, 0, 1, 2, 1, 0, 2, 1, 2, 2, 0, 1, 1, 0, 0, 0, 0, 1, 0]|[1, 0, 2, 4, 1, 2, 0, 1, 0, 2, 1, 2, 4, 1, 2, 0, 0, 1, 1, 2, 4, 2, 2, 0, 1, 1, 0, 2, 0, 3, 1, 4, 2, 0, 0, 2, 4, 0, 1, 2, 4, 0, 3, 2, 3, 2, 3, 0, 0, 1, 4, 2, 1, 1, 0, 2, 0, 3, 0, 1, 0, 1, 2, 1, 0, 3, 0, 4, 1, 1, 4, 4, 0, 2, 1, 2, 4, 1, 1, 0, 1, 4, 0, 4, 1, 4, 2, 1, 4, 1, 1, 2, 4, 2, 2, 1, 2, 2, 4, 1]|[0, 2, 0, 0, 1, 0, 0, 0, 0, 0, 3, 0, 1, 1, 0, 0, 0, 0, 1, 0, 1, 0, 0, 0, 1, 1, 0, 0, 0, 3, 0, 2, 1, 0, 0, 1, 2, 1, 0, 1, 3, 0, 1, 0, 1, 1, 0, 0, 3, 1, 2, 0, 0, 0, 0, 0, 0, 1, 0, 0, 0, 0, 3, 1, 0, 0, 0, 1, 0, 0, 1, 2, 0, 3, 0, 1, 1, 0, 0, 3, 0, 2, 0, 0, 0, 0, 1, 0, 1, 0, 0, 0, 1, 2, 0, 0, 1, 0, 1, 1]
event=434:G1_CMAX:update:state=1,action=1,reward=-69.96651775435544,nextState=1,old=-211.16021188770867,new=-238.8946872645224
event=435:G2_TEC:update:state=1,action=1,reward=-61.277595360181294,nextState=1,old=-1213.227563261244,new=-1031.8596459691767
event=436:G3_TWC:update:state=1,action=0,reward=-3479.8945449674356,nextState=1,old=-15308.422806338114,new=-15726.632790037927
event=437:G4_BALANCED:update:state=1,action=2,reward=-0.08372038651156116,nextState=1,old=-0.28812032332894877,new=-0.3142166451747202
event=438:G1_CMAX:action:mode=exploit,state=1,draw=0.24357914094892863,action=1
event=439:G1_CMAX:leader:action=1,fingerprint=[66, 68, 55, 92, 86, 48, 24, 89, 70, 13, 60, 50, 93, 15, 25, 52, 1, 59, 76, 67, 65, 17, 77, 75, 28, 26, 35, 36, 94, 95, 41, 6, 7, 0, 79, 33, 46, 58, 32, 88, 54, 71, 53, 29, 56, 8, 49, 39, 34, 14, 37, 72, 38, 23, 40, 98, 69, 27, 47, 80, 73, 63, 83, 44, 57, 11, 5, 82, 61, 16, 45, 51, 42, 3, 90, 81, 91, 21, 87, 19, 18, 9, 62, 22, 99, 64, 10, 2, 31, 43, 30, 97, 96, 12, 74, 78, 20, 4, 85, 84]|[1, 1, 0, 1, 2, 2, 2, 0, 0, 2, 1, 0, 1, 0, 0, 0, 0, 2, 0, 2, 1, 0, 2, 0, 2, 2, 0, 2, 0, 1, 2, 2, 2, 1, 1, 0, 1, 0, 0, 0, 1, 0, 1, 2, 1, 0, 1, 0, 1, 2, 1, 0, 0, 0, 1, 2, 0, 1, 0, 2, 1, 2, 1, 0, 0, 1, 1, 1, 2, 2, 0, 1, 1, 1, 2, 1, 0, 2, 2, 1, 0, 1, 0, 1, 2, 1, 0, 2, 1, 2, 2, 0, 2, 1, 0, 0, 0, 0, 1, 2]|[1, 0, 2, 4, 1, 2, 0, 1, 0, 2, 1, 2, 4, 1, 2, 0, 0, 1, 1, 2, 4, 2, 2, 1, 1, 1, 0, 2, 0, 3, 1, 1, 2, 0, 0, 2, 4, 0, 1, 2, 4, 0, 3, 2, 3, 2, 3, 0, 0, 1, 4, 2, 1, 1, 0, 2, 0, 3, 0, 1, 0, 1, 2, 1, 0, 4, 0, 4, 1, 1, 2, 4, 4, 2, 1, 4, 1, 1, 1, 0, 1, 4, 0, 4, 1, 4, 2, 1, 4, 1, 1, 2, 0, 2, 2, 1, 2, 1, 3, 0]|[0, 2, 0, 0, 1, 0, 0, 0, 0, 0, 3, 0, 1, 1, 0, 0, 0, 0, 1, 0, 1, 0, 0, 1, 1, 1, 0, 0, 0, 3, 0, 0, 1, 0, 0, 1, 2, 1, 0, 1, 3, 0, 1, 0, 1, 1, 0, 0, 3, 1, 2, 0, 0, 0, 0, 0, 0, 1, 0, 0, 0, 0, 3, 1, 0, 1, 0, 1, 0, 0, 1, 2, 2, 3, 0, 1, 0, 0, 0, 3, 0, 2, 0, 0, 0, 0, 1, 0, 1, 0, 0, 0, 1, 2, 0, 0, 0, 1, 3, 1]
event=440:G4_BALANCED:action:mode=exploit,state=1,draw=0.41832982691399156,action=2
event=441:G4_BALANCED:tournament:reason=action2,left=17,right=19,selected=[66, 68, 55, 92, 86, 48, 24, 89, 70, 13, 60, 50, 93, 15, 25, 52, 1, 59, 76, 67, 65, 17, 77, 75, 28, 26, 35, 36, 94, 95, 41, 6, 7, 0, 79, 33, 46, 58, 32, 88, 54, 71, 53, 29, 56, 8, 49, 39, 34, 14, 37, 72, 38, 23, 40, 98, 69, 27, 47, 80, 73, 63, 83, 44, 57, 11, 5, 96, 2, 16, 45, 51, 42, 3, 90, 81, 64, 21, 87, 19, 18, 9, 62, 22, 99, 61, 10, 91, 31, 43, 30, 97, 84, 20, 12, 78, 82, 74, 85, 4]|[1, 1, 0, 1, 1, 2, 1, 0, 0, 2, 1, 0, 1, 0, 0, 0, 0, 2, 0, 2, 1, 0, 2, 0, 2, 2, 0, 2, 0, 1, 1, 1, 2, 1, 1, 0, 1, 0, 0, 0, 1, 0, 1, 2, 1, 0, 1, 0, 1, 2, 1, 0, 0, 0, 1, 2, 0, 1, 0, 2, 1, 0, 1, 0, 0, 1, 1, 1, 2, 2, 1, 1, 0, 1, 2, 0, 2, 2, 2, 1, 2, 1, 0, 2, 2, 0, 0, 2, 1, 2, 2, 1, 1, 0, 0, 2, 1, 0, 0, 0]|[1, 0, 0, 4, 3, 2, 2, 1, 0, 2, 1, 2, 4, 1, 2, 0, 0, 1, 1, 2, 4, 2, 2, 1, 1, 1, 0, 2, 0, 3, 1, 4, 2, 0, 0, 2, 4, 0, 1, 2, 4, 0, 3, 0, 3, 2, 3, 0, 0, 1, 4, 2, 1, 1, 0, 2, 2, 3, 0, 1, 0, 1, 2, 1, 0, 3, 0, 4, 1, 1, 4, 4, 0, 2, 1, 2, 1, 1, 1, 0, 1, 4, 0, 0, 1, 1, 2, 1, 4, 1, 1, 3, 4, 2, 2, 1, 4, 2, 1, 1]|[0, 2, 0, 0, 1, 0, 0, 0, 0, 0, 3, 0, 1, 1, 0, 0, 0, 0, 1, 0, 1, 0, 0, 1, 1, 1, 0, 0, 0, 3, 1, 2, 1, 0, 0, 1, 2, 1, 0, 1, 3, 0, 1, 0, 1, 1, 0, 0, 3, 1, 3, 0, 0, 0, 0, 0, 1, 1, 0, 0, 0, 0, 3, 1, 0, 0, 0, 1, 0, 0, 1, 2, 0, 3, 0, 1, 0, 0, 0, 3, 0, 2, 0, 1, 0, 0, 1, 0, 1, 0, 0, 3, 1, 0, 0, 0, 1, 0, 1, 1]
event=442:G4_BALANCED:leader:action=2,fingerprint=[66, 68, 55, 92, 86, 48, 24, 89, 70, 13, 60, 50, 93, 15, 25, 52, 1, 59, 76, 67, 65, 17, 77, 75, 28, 26, 35, 36, 94, 95, 41, 6, 7, 0, 79, 33, 46, 58, 32, 88, 54, 71, 53, 29, 56, 8, 49, 39, 34, 14, 37, 72, 38, 23, 40, 98, 69, 27, 47, 80, 73, 63, 83, 44, 57, 11, 5, 96, 2, 16, 45, 51, 42, 3, 90, 81, 64, 21, 87, 19, 18, 9, 62, 22, 99, 61, 10, 91, 31, 43, 30, 97, 84, 20, 12, 78, 82, 74, 85, 4]|[1, 1, 0, 1, 1, 2, 1, 0, 0, 2, 1, 0, 1, 0, 0, 0, 0, 2, 0, 2, 1, 0, 2, 0, 2, 2, 0, 2, 0, 1, 1, 1, 2, 1, 1, 0, 1, 0, 0, 0, 1, 0, 1, 2, 1, 0, 1, 0, 1, 2, 1, 0, 0, 0, 1, 2, 0, 1, 0, 2, 1, 0, 1, 0, 0, 1, 1, 1, 2, 2, 1, 1, 0, 1, 2, 0, 2, 2, 2, 1, 2, 1, 0, 2, 2, 0, 0, 2, 1, 2, 2, 1, 1, 0, 0, 2, 1, 0, 0, 0]|[1, 0, 0, 4, 3, 2, 2, 1, 0, 2, 1, 2, 4, 1, 2, 0, 0, 1, 1, 2, 4, 2, 2, 1, 1, 1, 0, 2, 0, 3, 1, 4, 2, 0, 0, 2, 4, 0, 1, 2, 4, 0, 3, 0, 3, 2, 3, 0, 0, 1, 4, 2, 1, 1, 0, 2, 2, 3, 0, 1, 0, 1, 2, 1, 0, 3, 0, 4, 1, 1, 4, 4, 0, 2, 1, 2, 1, 1, 1, 0, 1, 4, 0, 0, 1, 1, 2, 1, 4, 1, 1, 3, 4, 2, 2, 1, 4, 2, 1, 1]|[0, 2, 0, 0, 1, 0, 0, 0, 0, 0, 3, 0, 1, 1, 0, 0, 0, 0, 1, 0, 1, 0, 0, 1, 1, 1, 0, 0, 0, 3, 1, 2, 1, 0, 0, 1, 2, 1, 0, 1, 3, 0, 1, 0, 1, 1, 0, 0, 3, 1, 3, 0, 0, 0, 0, 0, 1, 1, 0, 0, 0, 0, 3, 1, 0, 0, 0, 1, 0, 0, 1, 2, 0, 3, 0, 1, 0, 0, 0, 3, 0, 2, 0, 1, 0, 0, 1, 0, 1, 0, 0, 3, 1, 0, 0, 0, 1, 0, 1, 1]
event=443:G2_TEC:action:mode=explore,state=1,draw=0.9008085672692021,action=2
event=444:G2_TEC:tournament:reason=action2,left=23,right=15,selected=[66, 68, 55, 92, 86, 48, 24, 89, 70, 13, 60, 50, 93, 15, 25, 52, 1, 59, 76, 67, 65, 17, 77, 75, 28, 26, 35, 36, 94, 95, 41, 6, 7, 0, 79, 33, 46, 58, 32, 88, 54, 71, 53, 29, 56, 8, 49, 39, 34, 14, 37, 72, 38, 23, 40, 98, 69, 27, 47, 80, 73, 63, 83, 44, 57, 11, 5, 82, 61, 16, 45, 51, 42, 3, 90, 81, 91, 21, 87, 19, 18, 9, 62, 22, 99, 64, 10, 2, 31, 43, 30, 97, 84, 12, 74, 78, 20, 4, 85, 96]|[1, 1, 0, 1, 2, 2, 2, 0, 0, 2, 1, 0, 1, 0, 0, 0, 0, 2, 0, 2, 1, 0, 2, 1, 2, 2, 0, 2, 0, 1, 2, 2, 2, 1, 1, 0, 1, 0, 0, 0, 1, 0, 1, 2, 1, 0, 1, 0, 1, 2, 1, 0, 0, 0, 1, 2, 0, 1, 0, 1, 1, 2, 1, 0, 0, 1, 1, 1, 2, 2, 1, 1, 1, 1, 2, 0, 1, 2, 2, 1, 2, 1, 0, 1, 2, 1, 0, 2, 1, 2, 2, 0, 1, 1, 0, 0, 0, 0, 0, 1]|[1, 0, 2, 4, 1, 2, 0, 1, 0, 2, 1, 2, 4, 1, 2, 0, 0, 1, 1, 2, 4, 2, 2, 0, 1, 1, 0, 2, 0, 3, 1, 1, 2, 0, 0, 2, 4, 0, 1, 2, 4, 0, 3, 2, 3, 2, 3, 0, 0, 1, 4, 2, 1, 1, 0, 2, 0, 3, 0, 4, 0, 1, 2, 1, 0, 4, 3, 4, 1, 1, 4, 4, 3, 2, 1, 2, 4, 1, 1, 0, 1, 4, 0, 4, 1, 4, 2, 1, 4, 1, 1, 2, 4, 2, 2, 1, 2, 1, 1, 4]|[0, 2, 0, 0, 1, 0, 0, 0, 0, 0, 3, 0, 1, 1, 0, 0, 0, 0, 1, 0, 1, 0, 0, 2, 1, 1, 0, 0, 0, 3, 0, 0, 1, 0, 0, 1, 2, 1, 0, 1, 3, 0, 1, 0, 1, 1, 0, 0, 3, 1, 2, 0, 0, 0, 0, 0, 0, 1, 0, 2, 0, 0, 3, 1, 0, 1, 0, 1, 0, 0, 1, 2, 0, 3, 0, 1, 1, 0, 0, 3, 0, 2, 0, 0, 0, 0, 1, 0, 1, 0, 0, 0, 1, 2, 0, 0, 0, 1, 1, 1]
event=445:G2_TEC:leader:action=2,fingerprint=[66, 68, 55, 92, 86, 48, 24, 89, 70, 13, 60, 50, 93, 15, 25, 52, 1, 59, 76, 67, 65, 17, 77, 75, 28, 26, 35, 36, 94, 95, 41, 6, 7, 0, 79, 33, 46, 58, 32, 88, 54, 71, 53, 29, 56, 8, 49, 39, 34, 14, 37, 72, 38, 23, 40, 98, 69, 27, 47, 80, 73, 63, 83, 44, 57, 11, 5, 82, 61, 16, 45, 51, 42, 3, 90, 81, 91, 21, 87, 19, 18, 9, 62, 22, 99, 64, 10, 2, 31, 43, 30, 97, 84, 12, 74, 78, 20, 4, 85, 96]|[1, 1, 0, 1, 2, 2, 2, 0, 0, 2, 1, 0, 1, 0, 0, 0, 0, 2, 0, 2, 1, 0, 2, 1, 2, 2, 0, 2, 0, 1, 2, 2, 2, 1, 1, 0, 1, 0, 0, 0, 1, 0, 1, 2, 1, 0, 1, 0, 1, 2, 1, 0, 0, 0, 1, 2, 0, 1, 0, 1, 1, 2, 1, 0, 0, 1, 1, 1, 2, 2, 1, 1, 1, 1, 2, 0, 1, 2, 2, 1, 2, 1, 0, 1, 2, 1, 0, 2, 1, 2, 2, 0, 1, 1, 0, 0, 0, 0, 0, 1]|[1, 0, 2, 4, 1, 2, 0, 1, 0, 2, 1, 2, 4, 1, 2, 0, 0, 1, 1, 2, 4, 2, 2, 0, 1, 1, 0, 2, 0, 3, 1, 1, 2, 0, 0, 2, 4, 0, 1, 2, 4, 0, 3, 2, 3, 2, 3, 0, 0, 1, 4, 2, 1, 1, 0, 2, 0, 3, 0, 4, 0, 1, 2, 1, 0, 4, 3, 4, 1, 1, 4, 4, 3, 2, 1, 2, 4, 1, 1, 0, 1, 4, 0, 4, 1, 4, 2, 1, 4, 1, 1, 2, 4, 2, 2, 1, 2, 1, 1, 4]|[0, 2, 0, 0, 1, 0, 0, 0, 0, 0, 3, 0, 1, 1, 0, 0, 0, 0, 1, 0, 1, 0, 0, 2, 1, 1, 0, 0, 0, 3, 0, 0, 1, 0, 0, 1, 2, 1, 0, 1, 3, 0, 1, 0, 1, 1, 0, 0, 3, 1, 2, 0, 0, 0, 0, 0, 0, 1, 0, 2, 0, 0, 3, 1, 0, 1, 0, 1, 0, 0, 1, 2, 0, 3, 0, 1, 1, 0, 0, 3, 0, 2, 0, 0, 0, 0, 1, 0, 1, 0, 0, 0, 1, 2, 0, 0, 0, 1, 1, 1]
event=446:G3_TWC:action:mode=exploit,state=1,draw=0.5179972123763623,action=0
event=447:G3_TWC:leader:action=0,fingerprint=[66, 68, 55, 92, 86, 48, 24, 89, 70, 13, 60, 50, 93, 15, 25, 52, 1, 59, 76, 67, 65, 17, 77, 75, 28, 26, 35, 36, 94, 95, 41, 6, 7, 0, 79, 33, 46, 58, 32, 88, 54, 71, 53, 29, 56, 8, 49, 39, 34, 14, 37, 72, 38, 23, 40, 98, 69, 27, 47, 80, 73, 63, 83, 44, 57, 11, 5, 82, 61, 16, 45, 51, 42, 3, 90, 81, 91, 21, 87, 19, 18, 9, 62, 22, 99, 64, 10, 2, 31, 43, 30, 97, 96, 12, 20, 78, 85, 74, 84, 4]|[1, 1, 0, 1, 2, 2, 2, 0, 0, 2, 1, 0, 1, 0, 0, 0, 0, 2, 0, 2, 1, 0, 2, 2, 2, 2, 0, 2, 0, 1, 2, 1, 2, 1, 1, 0, 1, 0, 0, 0, 1, 0, 1, 2, 1, 0, 1, 0, 1, 2, 1, 0, 0, 0, 1, 2, 0, 1, 0, 2, 1, 2, 1, 0, 0, 1, 1, 1, 2, 2, 1, 1, 0, 1, 2, 0, 1, 2, 2, 1, 2, 1, 0, 1, 2, 1, 0, 2, 1, 2, 2, 0, 1, 1, 0, 0, 0, 0, 1, 0]|[1, 0, 2, 4, 1, 2, 0, 1, 0, 2, 1, 2, 4, 1, 2, 0, 0, 1, 1, 2, 4, 2, 2, 0, 1, 1, 0, 2, 0, 3, 1, 4, 2, 0, 0, 2, 4, 0, 1, 2, 4, 0, 3, 2, 3, 2, 3, 0, 0, 1, 4, 2, 1, 1, 0, 2, 0, 3, 0, 1, 0, 1, 2, 1, 0, 3, 0, 4, 1, 1, 4, 4, 0, 2, 1, 2, 4, 1, 1, 0, 1, 4, 0, 4, 1, 4, 2, 1, 4, 1, 1, 2, 4, 2, 2, 1, 2, 2, 4, 1]|[0, 2, 0, 0, 1, 0, 0, 0, 0, 0, 3, 0, 1, 1, 0, 0, 0, 0, 1, 0, 1, 0, 0, 0, 1, 1, 0, 0, 0, 3, 0, 2, 1, 0, 0, 1, 2, 1, 0, 1, 3, 0, 1, 0, 1, 1, 0, 0, 3, 1, 2, 0, 0, 0, 0, 0, 0, 1, 0, 0, 0, 0, 3, 1, 0, 0, 0, 1, 0, 0, 1, 2, 0, 3, 0, 1, 1, 0, 0, 3, 0, 2, 0, 0, 0, 0, 1, 0, 1, 0, 0, 0, 1, 2, 0, 0, 1, 0, 1, 1]
event=448:G1_CMAX:update:state=1,action=1,reward=-38.36919813331838,nextState=1,old=-238.8946872645224,new=-229.4849479449363
event=449:G2_TEC:update:state=1,action=2,reward=-651.4339602147447,nextState=1,old=-1556.84844120431,new=-1476.921676990086
event=450:G3_TWC:update:state=1,action=0,reward=-4944.279157011188,nextState=1,old=-15726.632790037927,new=-17525.58538904153
event=451:G4_BALANCED:update:state=1,action=2,reward=-0.024554154372865268,nextState=1,old=-0.3142166451747202,new=-0.27592747051264144
event=452:G1_CMAX:action:mode=exploit,state=1,draw=0.4230899184629623,action=1
event=453:G1_CMAX:leader:action=1,fingerprint=[66, 68, 55, 92, 86, 48, 24, 89, 70, 13, 60, 50, 93, 15, 25, 52, 1, 59, 76, 67, 65, 17, 77, 75, 28, 26, 35, 36, 94, 95, 41, 6, 7, 0, 79, 33, 46, 58, 32, 88, 54, 71, 53, 29, 56, 8, 49, 39, 34, 14, 37, 72, 38, 23, 40, 98, 69, 27, 47, 80, 73, 63, 83, 44, 57, 11, 5, 82, 61, 16, 45, 51, 42, 3, 90, 81, 91, 21, 87, 19, 18, 9, 62, 22, 99, 64, 10, 2, 31, 43, 30, 97, 96, 12, 74, 78, 20, 4, 85, 84]|[1, 1, 0, 1, 2, 2, 2, 0, 0, 2, 1, 0, 1, 0, 0, 0, 0, 2, 0, 2, 1, 0, 2, 0, 2, 2, 0, 2, 0, 1, 2, 2, 2, 1, 1, 0, 1, 0, 0, 0, 1, 0, 1, 2, 1, 0, 1, 0, 1, 2, 1, 0, 0, 0, 1, 2, 0, 1, 0, 2, 1, 2, 1, 0, 0, 1, 1, 1, 2, 2, 0, 1, 1, 1, 2, 1, 0, 2, 2, 1, 0, 1, 0, 1, 2, 1, 0, 2, 1, 2, 2, 0, 2, 1, 0, 0, 0, 0, 1, 2]|[1, 0, 2, 4, 1, 2, 0, 1, 0, 2, 1, 2, 4, 1, 2, 0, 0, 1, 1, 2, 4, 2, 2, 1, 1, 1, 0, 2, 0, 3, 1, 1, 2, 0, 0, 2, 4, 0, 1, 2, 4, 0, 3, 2, 3, 2, 3, 0, 0, 1, 4, 2, 1, 1, 0, 2, 0, 3, 0, 1, 0, 1, 2, 1, 0, 4, 0, 4, 1, 1, 2, 4, 4, 2, 1, 4, 1, 1, 1, 0, 1, 4, 0, 4, 1, 4, 2, 1, 4, 1, 1, 2, 0, 2, 2, 1, 2, 1, 3, 0]|[0, 2, 0, 0, 1, 0, 0, 0, 0, 0, 3, 0, 1, 1, 0, 0, 0, 0, 1, 0, 1, 0, 0, 1, 1, 1, 0, 0, 0, 3, 0, 0, 1, 0, 0, 1, 2, 1, 0, 1, 3, 0, 1, 0, 1, 1, 0, 0, 3, 1, 2, 0, 0, 0, 0, 0, 0, 1, 0, 0, 0, 0, 3, 1, 0, 1, 0, 1, 0, 0, 1, 2, 2, 3, 0, 1, 0, 0, 0, 3, 0, 2, 0, 0, 0, 0, 1, 0, 1, 0, 0, 0, 1, 2, 0, 0, 0, 1, 3, 1]
event=454:G4_BALANCED:action:mode=exploit,state=1,draw=0.3050778116059776,action=2
event=455:G4_BALANCED:tournament:reason=action2,left=11,right=30,selected=[66, 68, 55, 92, 86, 48, 24, 89, 70, 13, 60, 50, 93, 15, 25, 52, 1, 59, 76, 67, 65, 88, 77, 75, 28, 26, 35, 36, 94, 95, 41, 6, 7, 0, 79, 33, 46, 58, 32, 17, 54, 71, 53, 29, 56, 8, 49, 39, 34, 14, 37, 72, 38, 23, 40, 98, 69, 27, 45, 22, 73, 63, 83, 44, 57, 11, 5, 82, 61, 16, 47, 51, 42, 3, 90, 81, 91, 21, 87, 19, 18, 9, 62, 80, 99, 64, 10, 2, 31, 43, 30, 97, 96, 20, 74, 12, 84, 4, 78, 85]|[1, 1, 0, 1, 0, 2, 2, 0, 0, 2, 0, 0, 1, 0, 0, 0, 0, 2, 0, 2, 1, 0, 2, 1, 2, 2, 0, 2, 0, 1, 2, 1, 2, 1, 1, 1, 1, 0, 0, 0, 1, 0, 1, 2, 1, 0, 1, 0, 1, 2, 1, 0, 0, 0, 2, 2, 0, 1, 1, 1, 0, 2, 1, 0, 0, 1, 2, 2, 2, 2, 0, 2, 1, 1, 2, 0, 1, 2, 2, 2, 2, 1, 0, 1, 2, 2, 0, 2, 1, 2, 2, 0, 1, 0, 0, 1, 1, 0, 0, 0]|[1, 0, 2, 4, 2, 2, 0, 1, 0, 2, 1, 2, 4, 1, 2, 0, 0, 1, 1, 2, 4, 2, 2, 0, 1, 1, 0, 2, 0, 3, 1, 4, 2, 0, 0, 1, 4, 0, 1, 2, 4, 0, 3, 2, 3, 2, 3, 0, 0, 1, 4, 2, 1, 1, 1, 2, 0, 3, 4, 4, 2, 1, 2, 1, 0, 3, 1, 1, 1, 1, 0, 2, 3, 2, 1, 2, 4, 1, 1, 1, 1, 4, 0, 3, 1, 1, 2, 1, 4, 1, 1, 2, 4, 2, 2, 2, 4, 1, 1, 1]|[0, 2, 0, 0, 1, 0, 0, 0, 0, 0, 0, 0, 1, 1, 0, 0, 0, 0, 1, 0, 1, 0, 0, 2, 1, 1, 0, 0, 0, 3, 0, 2, 1, 0, 0, 1, 2, 1, 0, 1, 3, 0, 1, 0, 1, 1, 0, 0, 3, 1, 2, 0, 0, 0, 0, 0, 0, 1, 1, 2, 1, 0, 3, 1, 0, 0, 0, 0, 0, 0, 0, 0, 0, 3, 0, 1, 1, 0, 0, 0, 0, 2, 0, 1, 0, 0, 1, 0, 1, 0, 0, 0, 2, 0, 0, 2, 1, 1, 0, 1]
event=456:G4_BALANCED:leader:action=2,fingerprint=[66, 68, 55, 92, 86, 48, 24, 89, 70, 13, 60, 50, 93, 15, 25, 52, 1, 59, 76, 67, 65, 88, 77, 75, 28, 26, 35, 36, 94, 95, 41, 6, 7, 0, 79, 33, 46, 58, 32, 17, 54, 71, 53, 29, 56, 8, 49, 39, 34, 14, 37, 72, 38, 23, 40, 98, 69, 27, 45, 22, 73, 63, 83, 44, 57, 11, 5, 82, 61, 16, 47, 51, 42, 3, 90, 81, 91, 21, 87, 19, 18, 9, 62, 80, 99, 64, 10, 2, 31, 43, 30, 97, 96, 20, 74, 12, 84, 4, 78, 85]|[1, 1, 0, 1, 0, 2, 2, 0, 0, 2, 0, 0, 1, 0, 0, 0, 0, 2, 0, 2, 1, 0, 2, 1, 2, 2, 0, 2, 0, 1, 2, 1, 2, 1, 1, 1, 1, 0, 0, 0, 1, 0, 1, 2, 1, 0, 1, 0, 1, 2, 1, 0, 0, 0, 2, 2, 0, 1, 1, 1, 0, 2, 1, 0, 0, 1, 2, 2, 2, 2, 0, 2, 1, 1, 2, 0, 1, 2, 2, 2, 2, 1, 0, 1, 2, 2, 0, 2, 1, 2, 2, 0, 1, 0, 0, 1, 1, 0, 0, 0]|[1, 0, 2, 4, 2, 2, 0, 1, 0, 2, 1, 2, 4, 1, 2, 0, 0, 1, 1, 2, 4, 2, 2, 0, 1, 1, 0, 2, 0, 3, 1, 4, 2, 0, 0, 1, 4, 0, 1, 2, 4, 0, 3, 2, 3, 2, 3, 0, 0, 1, 4, 2, 1, 1, 1, 2, 0, 3, 4, 4, 2, 1, 2, 1, 0, 3, 1, 1, 1, 1, 0, 2, 3, 2, 1, 2, 4, 1, 1, 1, 1, 4, 0, 3, 1, 1, 2, 1, 4, 1, 1, 2, 4, 2, 2, 2, 4, 1, 1, 1]|[0, 2, 0, 0, 1, 0, 0, 0, 0, 0, 0, 0, 1, 1, 0, 0, 0, 0, 1, 0, 1, 0, 0, 2, 1, 1, 0, 0, 0, 3, 0, 2, 1, 0, 0, 1, 2, 1, 0, 1, 3, 0, 1, 0, 1, 1, 0, 0, 3, 1, 2, 0, 0, 0, 0, 0, 0, 1, 1, 2, 1, 0, 3, 1, 0, 0, 0, 0, 0, 0, 0, 0, 0, 3, 0, 1, 1, 0, 0, 0, 0, 2, 0, 1, 0, 0, 1, 0, 1, 0, 0, 0, 2, 0, 0, 2, 1, 1, 0, 1]
event=457:G2_TEC:action:mode=exploit,state=1,draw=0.1790796062503397,action=1
event=458:G2_TEC:leader:action=1,fingerprint=[66, 68, 55, 92, 86, 48, 24, 89, 70, 13, 60, 50, 93, 15, 25, 52, 1, 59, 76, 67, 65, 88, 77, 75, 28, 26, 35, 36, 94, 95, 41, 6, 7, 0, 79, 33, 46, 58, 32, 17, 54, 71, 53, 29, 56, 8, 49, 39, 34, 14, 37, 72, 38, 23, 40, 98, 69, 27, 45, 22, 73, 63, 83, 44, 57, 11, 5, 96, 2, 16, 47, 51, 42, 3, 90, 81, 82, 21, 87, 19, 18, 9, 62, 80, 99, 91, 10, 61, 31, 43, 30, 85, 84, 74, 64, 4, 78, 20, 12, 97]|[1, 1, 0, 1, 1, 2, 1, 0, 0, 2, 0, 0, 1, 0, 0, 0, 1, 2, 0, 2, 1, 0, 2, 1, 2, 0, 2, 1, 0, 1, 1, 2, 2, 1, 1, 1, 1, 0, 0, 0, 1, 0, 1, 2, 1, 0, 1, 0, 1, 2, 1, 0, 0, 0, 2, 1, 2, 1, 0, 1, 1, 0, 1, 0, 1, 1, 1, 1, 2, 2, 1, 2, 0, 0, 2, 0, 2, 2, 2, 1, 2, 1, 0, 1, 2, 1, 0, 1, 1, 2, 2, 1, 1, 0, 2, 1, 2, 0, 0, 0]|[1, 0, 0, 4, 3, 2, 4, 1, 0, 2, 1, 2, 4, 1, 2, 0, 4, 1, 1, 1, 4, 2, 2, 0, 1, 2, 2, 3, 0, 3, 1, 1, 2, 0, 0, 1, 4, 2, 1, 2, 4, 0, 3, 2, 3, 2, 4, 0, 3, 1, 4, 2, 1, 1, 1, 4, 2, 3, 2, 4, 0, 1, 2, 1, 3, 3, 0, 4, 1, 1, 4, 2, 0, 2, 1, 2, 1, 1, 1, 0, 1, 4, 0, 3, 1, 4, 2, 4, 3, 1, 1, 2, 4, 2, 1, 4, 1, 2, 2, 2]|[0, 2, 0, 0, 1, 0, 1, 0, 0, 0, 0, 0, 1, 1, 0, 0, 0, 0, 1, 0, 1, 0, 0, 2, 1, 0, 0, 3, 0, 3, 1, 0, 1, 0, 0, 1, 2, 1, 0, 0, 3, 0, 1, 0, 1, 1, 0, 0, 1, 1, 2, 0, 0, 0, 0, 3, 0, 1, 1, 0, 0, 0, 3, 1, 3, 0, 0, 2, 0, 0, 1, 0, 0, 0, 0, 1, 0, 0, 0, 3, 0, 2, 0, 1, 0, 0, 1, 2, 3, 0, 0, 2, 1, 0, 0, 2, 0, 0, 0, 0]
event=459:G3_TWC:action:mode=exploit,state=1,draw=0.5467167286767589,action=0
event=460:G3_TWC:leader:action=0,fingerprint=[66, 68, 55, 92, 86, 48, 24, 89, 70, 13, 60, 50, 93, 15, 25, 52, 1, 59, 76, 67, 65, 17, 77, 75, 28, 26, 35, 36, 94, 95, 41, 6, 7, 0, 79, 33, 46, 58, 32, 88, 54, 71, 53, 29, 56, 8, 49, 39, 34, 14, 37, 72, 38, 23, 40, 98, 69, 27, 47, 80, 73, 63, 83, 44, 57, 11, 5, 82, 61, 16, 45, 51, 42, 3, 90, 81, 91, 21, 87, 19, 18, 9, 62, 22, 99, 64, 10, 2, 31, 43, 30, 97, 96, 12, 20, 78, 85, 74, 84, 4]|[1, 1, 0, 1, 2, 2, 2, 0, 0, 2, 1, 0, 1, 0, 0, 0, 0, 2, 0, 2, 1, 0, 2, 2, 2, 2, 0, 2, 0, 1, 2, 1, 2, 1, 1, 0, 1, 0, 0, 0, 1, 0, 1, 2, 1, 0, 1, 0, 1, 2, 1, 0, 0, 0, 1, 2, 0, 1, 0, 2, 1, 2, 1, 0, 0, 1, 1, 1, 2, 2, 1, 1, 0, 1, 2, 0, 1, 2, 2, 1, 2, 1, 0, 1, 2, 1, 0, 2, 1, 2, 2, 0, 1, 1, 0, 0, 0, 0, 1, 0]|[1, 0, 2, 4, 1, 2, 0, 1, 0, 2, 1, 2, 4, 1, 2, 0, 0, 1, 1, 2, 4, 2, 2, 0, 1, 1, 0, 2, 0, 3, 1, 4, 2, 0, 0, 2, 4, 0, 1, 2, 4, 0, 3, 2, 3, 2, 3, 0, 0, 1, 4, 2, 1, 1, 0, 2, 0, 3, 0, 1, 0, 1, 2, 1, 0, 3, 0, 4, 1, 1, 4, 4, 0, 2, 1, 2, 4, 1, 1, 0, 1, 4, 0, 4, 1, 4, 2, 1, 4, 1, 1, 2, 4, 2, 2, 1, 2, 2, 4, 1]|[0, 2, 0, 0, 1, 0, 0, 0, 0, 0, 3, 0, 1, 1, 0, 0, 0, 0, 1, 0, 1, 0, 0, 0, 1, 1, 0, 0, 0, 3, 0, 2, 1, 0, 0, 1, 2, 1, 0, 1, 3, 0, 1, 0, 1, 1, 0, 0, 3, 1, 2, 0, 0, 0, 0, 0, 0, 1, 0, 0, 0, 0, 3, 1, 0, 0, 0, 1, 0, 0, 1, 2, 0, 3, 0, 1, 1, 0, 0, 3, 0, 2, 0, 0, 0, 0, 1, 0, 1, 0, 0, 0, 1, 2, 0, 0, 1, 0, 1, 1]
event=461:G1_CMAX:update:state=1,action=1,reward=-34.39314869865996,nextState=1,old=-229.4849479449363,new=-217.981107054609
event=462:G2_TEC:update:state=1,action=1,reward=-98.51519282160734,nextState=1,old=-1031.8596459691767,new=-924.0029095969487
event=463:G3_TWC:update:state=1,action=0,reward=-3687.8284275703772,nextState=1,old=-17525.58538904153,new=-17708.296738803605
event=464:G4_BALANCED:update:state=1,action=2,reward=-0.0586504833770152,nextState=1,old=-0.27592747051264144,new=-0.27939245978712834
event=465:G1_CMAX:action:mode=exploit,state=1,draw=0.2581189766739119,action=1
event=466:G1_CMAX:leader:action=1,fingerprint=[66, 68, 55, 92, 86, 48, 24, 89, 70, 13, 60, 50, 93, 15, 25, 52, 1, 59, 76, 67, 65, 17, 77, 75, 28, 26, 35, 36, 94, 95, 41, 6, 7, 0, 79, 33, 46, 58, 32, 88, 54, 71, 53, 29, 56, 8, 49, 39, 34, 14, 37, 72, 38, 23, 40, 98, 69, 27, 47, 80, 73, 63, 83, 44, 57, 11, 5, 82, 61, 16, 45, 51, 42, 3, 90, 81, 91, 21, 87, 19, 18, 9, 62, 22, 99, 64, 10, 2, 31, 43, 30, 97, 96, 12, 74, 78, 20, 4, 85, 84]|[1, 1, 0, 1, 2, 2, 2, 0, 0, 2, 1, 0, 1, 0, 0, 0, 0, 2, 0, 2, 1, 0, 2, 0, 2, 2, 0, 2, 0, 1, 2, 2, 2, 1, 1, 0, 1, 0, 0, 0, 1, 0, 1, 2, 1, 0, 1, 0, 1, 2, 1, 0, 0, 0, 1, 2, 0, 1, 0, 2, 1, 2, 1, 0, 0, 1, 1, 1, 2, 2, 0, 1, 1, 1, 2, 1, 0, 2, 2, 1, 0, 1, 0, 1, 2, 1, 0, 2, 1, 2, 2, 0, 2, 1, 0, 0, 0, 0, 1, 2]|[1, 0, 2, 4, 1, 2, 0, 1, 0, 2, 1, 2, 4, 1, 2, 0, 0, 1, 1, 2, 4, 2, 2, 1, 1, 1, 0, 2, 0, 3, 1, 1, 2, 0, 0, 2, 4, 0, 1, 2, 4, 0, 3, 2, 3, 2, 3, 0, 0, 1, 4, 2, 1, 1, 0, 2, 0, 3, 0, 1, 0, 1, 2, 1, 0, 4, 0, 4, 1, 1, 2, 4, 4, 2, 1, 4, 1, 1, 1, 0, 1, 4, 0, 4, 1, 4, 2, 1, 4, 1, 1, 2, 0, 2, 2, 1, 2, 1, 3, 0]|[0, 2, 0, 0, 1, 0, 0, 0, 0, 0, 3, 0, 1, 1, 0, 0, 0, 0, 1, 0, 1, 0, 0, 1, 1, 1, 0, 0, 0, 3, 0, 0, 1, 0, 0, 1, 2, 1, 0, 1, 3, 0, 1, 0, 1, 1, 0, 0, 3, 1, 2, 0, 0, 0, 0, 0, 0, 1, 0, 0, 0, 0, 3, 1, 0, 1, 0, 1, 0, 0, 1, 2, 2, 3, 0, 1, 0, 0, 0, 3, 0, 2, 0, 0, 0, 0, 1, 0, 1, 0, 0, 0, 1, 2, 0, 0, 0, 1, 3, 1]
event=467:G4_BALANCED:action:mode=exploit,state=1,draw=0.2426250353390249,action=2
event=468:G4_BALANCED:tournament:reason=action2,left=16,right=19,selected=[66, 68, 55, 92, 86, 48, 24, 89, 70, 13, 60, 50, 93, 15, 25, 52, 1, 59, 76, 67, 65, 17, 77, 75, 28, 26, 35, 36, 94, 95, 41, 6, 7, 0, 79, 33, 46, 58, 32, 88, 54, 71, 53, 29, 56, 8, 49, 39, 34, 14, 37, 72, 38, 23, 40, 98, 69, 27, 47, 80, 73, 63, 83, 44, 57, 11, 5, 82, 61, 16, 45, 51, 42, 3, 90, 81, 91, 21, 87, 19, 18, 9, 62, 22, 99, 64, 10, 2, 31, 43, 30, 97, 96, 12, 20, 74, 84, 4, 78, 85]|[1, 1, 0, 1, 1, 2, 1, 0, 0, 2, 1, 0, 1, 0, 0, 0, 0, 2, 0, 2, 1, 0, 2, 2, 2, 2, 0, 2, 0, 1, 2, 2, 2, 1, 1, 0, 1, 0, 0, 0, 1, 0, 1, 2, 1, 0, 1, 0, 1, 2, 1, 0, 0, 0, 1, 2, 0, 1, 0, 1, 1, 2, 1, 0, 0, 1, 1, 1, 2, 2, 1, 1, 0, 1, 2, 1, 1, 2, 2, 1, 2, 1, 0, 1, 2, 1, 0, 2, 1, 2, 2, 0, 1, 1, 1, 0, 2, 0, 0, 0]|[1, 0, 2, 4, 3, 2, 2, 1, 0, 2, 1, 2, 4, 1, 2, 0, 0, 1, 1, 2, 4, 2, 2, 0, 1, 1, 0, 2, 0, 3, 1, 1, 2, 0, 0, 2, 4, 2, 1, 2, 4, 0, 3, 0, 3, 2, 3, 0, 0, 1, 4, 2, 1, 1, 0, 2, 0, 3, 0, 4, 0, 1, 2, 1, 0, 3, 0, 4, 1, 1, 4, 4, 0, 2, 1, 4, 4, 1, 1, 0, 1, 4, 0, 4, 1, 4, 2, 1, 4, 1, 1, 2, 4, 2, 2, 2, 0, 1, 1, 1]|[0, 2, 0, 0, 1, 0, 0, 0, 0, 0, 3, 0, 1, 1, 0, 0, 0, 0, 1, 0, 1, 0, 0, 0, 1, 1, 0, 0, 0, 3, 0, 0, 1, 0, 0, 1, 2, 1, 0, 1, 3, 0, 1, 0, 1, 1, 0, 0, 3, 1, 2, 0, 0, 0, 0, 0, 0, 1, 0, 2, 0, 0, 3, 1, 0, 0, 0, 1, 0, 0, 1, 2, 0, 3, 0, 1, 0, 0, 0, 3, 0, 2, 0, 0, 0, 0, 1, 0, 1, 0, 0, 0, 1, 2, 2, 0, 1, 1, 0, 1]
event=469:G4_BALANCED:leader:action=2,fingerprint=[66, 68, 55, 92, 86, 48, 24, 89, 70, 13, 60, 50, 93, 15, 25, 52, 1, 59, 76, 67, 65, 17, 77, 75, 28, 26, 35, 36, 94, 95, 41, 6, 7, 0, 79, 33, 46, 58, 32, 88, 54, 71, 53, 29, 56, 8, 49, 39, 34, 14, 37, 72, 38, 23, 40, 98, 69, 27, 47, 80, 73, 63, 83, 44, 57, 11, 5, 82, 61, 16, 45, 51, 42, 3, 90, 81, 91, 21, 87, 19, 18, 9, 62, 22, 99, 64, 10, 2, 31, 43, 30, 97, 96, 12, 20, 74, 84, 4, 78, 85]|[1, 1, 0, 1, 1, 2, 1, 0, 0, 2, 1, 0, 1, 0, 0, 0, 0, 2, 0, 2, 1, 0, 2, 2, 2, 2, 0, 2, 0, 1, 2, 2, 2, 1, 1, 0, 1, 0, 0, 0, 1, 0, 1, 2, 1, 0, 1, 0, 1, 2, 1, 0, 0, 0, 1, 2, 0, 1, 0, 1, 1, 2, 1, 0, 0, 1, 1, 1, 2, 2, 1, 1, 0, 1, 2, 1, 1, 2, 2, 1, 2, 1, 0, 1, 2, 1, 0, 2, 1, 2, 2, 0, 1, 1, 1, 0, 2, 0, 0, 0]|[1, 0, 2, 4, 3, 2, 2, 1, 0, 2, 1, 2, 4, 1, 2, 0, 0, 1, 1, 2, 4, 2, 2, 0, 1, 1, 0, 2, 0, 3, 1, 1, 2, 0, 0, 2, 4, 2, 1, 2, 4, 0, 3, 0, 3, 2, 3, 0, 0, 1, 4, 2, 1, 1, 0, 2, 0, 3, 0, 4, 0, 1, 2, 1, 0, 3, 0, 4, 1, 1, 4, 4, 0, 2, 1, 4, 4, 1, 1, 0, 1, 4, 0, 4, 1, 4, 2, 1, 4, 1, 1, 2, 4, 2, 2, 2, 0, 1, 1, 1]|[0, 2, 0, 0, 1, 0, 0, 0, 0, 0, 3, 0, 1, 1, 0, 0, 0, 0, 1, 0, 1, 0, 0, 0, 1, 1, 0, 0, 0, 3, 0, 0, 1, 0, 0, 1, 2, 1, 0, 1, 3, 0, 1, 0, 1, 1, 0, 0, 3, 1, 2, 0, 0, 0, 0, 0, 0, 1, 0, 2, 0, 0, 3, 1, 0, 0, 0, 1, 0, 0, 1, 2, 0, 3, 0, 1, 0, 0, 0, 3, 0, 2, 0, 0, 0, 0, 1, 0, 1, 0, 0, 0, 1, 2, 2, 0, 1, 1, 0, 1]
event=470:G2_TEC:action:mode=exploit,state=1,draw=0.10923815234153744,action=1
event=471:G2_TEC:leader:action=1,fingerprint=[66, 68, 55, 92, 86, 48, 24, 89, 70, 13, 60, 50, 93, 15, 25, 52, 1, 59, 76, 67, 65, 88, 77, 75, 28, 26, 35, 36, 94, 95, 41, 6, 7, 0, 79, 33, 46, 58, 32, 17, 54, 71, 53, 29, 56, 8, 49, 39, 34, 14, 37, 72, 38, 23, 40, 98, 69, 27, 45, 22, 73, 63, 83, 44, 57, 11, 5, 96, 2, 16, 47, 51, 42, 3, 90, 81, 82, 21, 87, 19, 18, 9, 62, 80, 99, 91, 10, 61, 31, 43, 30, 85, 84, 74, 64, 4, 78, 20, 12, 97]|[1, 1, 0, 1, 1, 2, 1, 0, 0, 2, 0, 0, 1, 0, 0, 0, 1, 2, 0, 2, 1, 0, 2, 1, 2, 0, 2, 1, 0, 1, 1, 2, 2, 1, 1, 1, 1, 0, 0, 0, 1, 0, 1, 2, 1, 0, 1, 0, 1, 2, 1, 0, 0, 0, 2, 1, 2, 1, 0, 1, 1, 0, 1, 0, 1, 1, 1, 1, 2, 2, 1, 2, 0, 0, 2, 0, 2, 2, 2, 1, 2, 1, 0, 1, 2, 1, 0, 1, 1, 2, 2, 1, 1, 0, 2, 1, 2, 0, 0, 0]|[1, 0, 0, 4, 3, 2, 4, 1, 0, 2, 1, 2, 4, 1, 2, 0, 4, 1, 1, 1, 4, 2, 2, 0, 1, 2, 2, 3, 0, 3, 1, 1, 2, 0, 0, 1, 4, 2, 1, 2, 4, 0, 3, 2, 3, 2, 4, 0, 3, 1, 4, 2, 1, 1, 1, 4, 2, 3, 2, 4, 0, 1, 2, 1, 3, 3, 0, 4, 1, 1, 4, 2, 0, 2, 1, 2, 1, 1, 1, 0, 1, 4, 0, 3, 1, 4, 2, 4, 3, 1, 1, 2, 4, 2, 1, 4, 1, 2, 2, 2]|[0, 2, 0, 0, 1, 0, 1, 0, 0, 0, 0, 0, 1, 1, 0, 0, 0, 0, 1, 0, 1, 0, 0, 2, 1, 0, 0, 3, 0, 3, 1, 0, 1, 0, 0, 1, 2, 1, 0, 0, 3, 0, 1, 0, 1, 1, 0, 0, 1, 1, 2, 0, 0, 0, 0, 3, 0, 1, 1, 0, 0, 0, 3, 1, 3, 0, 0, 2, 0, 0, 1, 0, 0, 0, 0, 1, 0, 0, 0, 3, 0, 2, 0, 1, 0, 0, 1, 2, 3, 0, 0, 2, 1, 0, 0, 2, 0, 0, 0, 0]
event=472:G3_TWC:action:mode=exploit,state=1,draw=0.3188495478890312,action=0
event=473:G3_TWC:leader:action=0,fingerprint=[66, 68, 55, 92, 86, 48, 24, 89, 70, 13, 60, 50, 93, 15, 25, 52, 1, 59, 76, 67, 65, 17, 77, 75, 28, 26, 35, 36, 94, 95, 41, 6, 7, 0, 79, 33, 46, 58, 32, 88, 54, 71, 53, 29, 56, 8, 49, 39, 34, 14, 37, 72, 38, 23, 40, 98, 69, 27, 47, 80, 73, 63, 83, 44, 57, 11, 5, 82, 61, 16, 45, 51, 42, 3, 90, 81, 91, 21, 87, 19, 18, 9, 62, 22, 99, 64, 10, 2, 31, 43, 30, 97, 96, 12, 20, 78, 85, 74, 84, 4]|[1, 1, 0, 1, 2, 2, 2, 0, 0, 2, 1, 0, 1, 0, 0, 0, 0, 2, 0, 2, 1, 0, 2, 2, 2, 2, 0, 2, 0, 1, 2, 1, 2, 1, 1, 0, 1, 0, 0, 0, 1, 0, 1, 2, 1, 0, 1, 0, 1, 2, 1, 0, 0, 0, 1, 2, 0, 1, 0, 2, 1, 2, 1, 0, 0, 1, 1, 1, 2, 2, 1, 1, 0, 1, 2, 0, 1, 2, 2, 1, 2, 1, 0, 1, 2, 1, 0, 2, 1, 2, 2, 0, 1, 1, 0, 0, 0, 0, 1, 0]|[1, 0, 2, 4, 1, 2, 0, 1, 0, 2, 1, 2, 4, 1, 2, 0, 0, 1, 1, 2, 4, 2, 2, 0, 1, 1, 0, 2, 0, 3, 1, 4, 2, 0, 0, 2, 4, 0, 1, 2, 4, 0, 3, 2, 3, 2, 3, 0, 0, 1, 4, 2, 1, 1, 0, 2, 0, 3, 0, 1, 0, 1, 2, 1, 0, 3, 0, 4, 1, 1, 4, 4, 0, 2, 1, 2, 4, 1, 1, 0, 1, 4, 0, 4, 1, 4, 2, 1, 4, 1, 1, 2, 4, 2, 2, 1, 2, 2, 4, 1]|[0, 2, 0, 0, 1, 0, 0, 0, 0, 0, 3, 0, 1, 1, 0, 0, 0, 0, 1, 0, 1, 0, 0, 0, 1, 1, 0, 0, 0, 3, 0, 2, 1, 0, 0, 1, 2, 1, 0, 1, 3, 0, 1, 0, 1, 1, 0, 0, 3, 1, 2, 0, 0, 0, 0, 0, 0, 1, 0, 0, 0, 0, 3, 1, 0, 0, 0, 1, 0, 0, 1, 2, 0, 3, 0, 1, 1, 0, 0, 3, 0, 2, 0, 0, 0, 0, 1, 0, 1, 0, 0, 0, 1, 2, 0, 0, 1, 0, 1, 1]
event=474:G1_CMAX:update:state=1,action=1,reward=-41.18265592599505,nextState=1,old=-217.981107054609,new=-215.56754156968225
event=475:G2_TEC:update:state=1,action=1,reward=-336.8652169873676,nextState=1,old=-924.0029095969487,new=-1076.0675446649266
event=476:G3_TWC:update:state=1,action=0,reward=-3083.257817342019,nextState=1,old=-17708.296738803605,new=-17249.895208384904
event=477:G4_BALANCED:update:state=1,action=2,reward=-0.043421634030919296,nextState=1,old=-0.27939245978712834,new=-0.266935601860622
event=478:G1_CMAX:action:mode=exploit,state=1,draw=0.1763274099700587,action=1
event=479:G1_CMAX:leader:action=1,fingerprint=[66, 68, 55, 92, 86, 48, 24, 89, 70, 13, 60, 50, 93, 15, 25, 52, 1, 59, 76, 67, 65, 17, 77, 75, 28, 26, 35, 36, 94, 95, 41, 6, 7, 0, 79, 33, 46, 58, 32, 88, 54, 71, 53, 29, 56, 8, 49, 39, 34, 14, 37, 72, 38, 23, 40, 98, 69, 27, 47, 80, 73, 63, 83, 44, 57, 11, 5, 82, 61, 16, 45, 51, 42, 3, 90, 81, 91, 21, 87, 19, 18, 9, 62, 22, 99, 64, 10, 2, 31, 43, 30, 97, 96, 12, 74, 78, 20, 4, 85, 84]|[1, 1, 0, 1, 2, 2, 2, 0, 0, 2, 1, 0, 1, 0, 0, 0, 0, 2, 0, 2, 1, 0, 2, 0, 2, 2, 0, 2, 0, 1, 2, 2, 2, 1, 1, 0, 1, 0, 0, 0, 1, 0, 1, 2, 1, 0, 1, 0, 1, 2, 1, 0, 0, 0, 1, 2, 0, 1, 0, 2, 1, 2, 1, 0, 0, 1, 1, 1, 2, 2, 0, 1, 1, 1, 2, 1, 0, 2, 2, 1, 0, 1, 0, 1, 2, 1, 0, 2, 1, 2, 2, 0, 2, 1, 0, 0, 0, 0, 1, 2]|[1, 0, 2, 4, 1, 2, 0, 1, 0, 2, 1, 2, 4, 1, 2, 0, 0, 1, 1, 2, 4, 2, 2, 1, 1, 1, 0, 2, 0, 3, 1, 1, 2, 0, 0, 2, 4, 0, 1, 2, 4, 0, 3, 2, 3, 2, 3, 0, 0, 1, 4, 2, 1, 1, 0, 2, 0, 3, 0, 1, 0, 1, 2, 1, 0, 4, 0, 4, 1, 1, 2, 4, 4, 2, 1, 4, 1, 1, 1, 0, 1, 4, 0, 4, 1, 4, 2, 1, 4, 1, 1, 2, 0, 2, 2, 1, 2, 1, 3, 0]|[0, 2, 0, 0, 1, 0, 0, 0, 0, 0, 3, 0, 1, 1, 0, 0, 0, 0, 1, 0, 1, 0, 0, 1, 1, 1, 0, 0, 0, 3, 0, 0, 1, 0, 0, 1, 2, 1, 0, 1, 3, 0, 1, 0, 1, 1, 0, 0, 3, 1, 2, 0, 0, 0, 0, 0, 0, 1, 0, 0, 0, 0, 3, 1, 0, 1, 0, 1, 0, 0, 1, 2, 2, 3, 0, 1, 0, 0, 0, 3, 0, 2, 0, 0, 0, 0, 1, 0, 1, 0, 0, 0, 1, 2, 0, 0, 0, 1, 3, 1]
event=480:G4_BALANCED:action:mode=exploit,state=1,draw=0.2151034436764404,action=2
event=481:G4_BALANCED:tournament:reason=action2,left=14,right=33,selected=[66, 68, 55, 92, 86, 48, 24, 89, 70, 13, 60, 50, 93, 15, 25, 52, 1, 59, 76, 67, 65, 17, 77, 75, 28, 26, 35, 36, 94, 95, 41, 6, 7, 0, 79, 33, 46, 58, 32, 88, 54, 71, 53, 29, 56, 8, 49, 39, 34, 14, 37, 72, 38, 23, 40, 98, 69, 27, 47, 80, 73, 63, 83, 44, 57, 11, 5, 82, 61, 16, 45, 51, 42, 3, 90, 81, 91, 21, 87, 19, 18, 9, 62, 22, 99, 64, 10, 2, 31, 43, 30, 85, 84, 20, 4, 96, 12, 74, 78, 97]|[1, 1, 0, 1, 2, 2, 2, 0, 0, 2, 1, 0, 1, 0, 0, 0, 0, 2, 0, 2, 1, 0, 2, 1, 2, 2, 0, 2, 0, 1, 2, 2, 2, 1, 1, 0, 1, 0, 0, 1, 1, 0, 1, 2, 1, 0, 1, 0, 1, 2, 1, 0, 0, 0, 1, 2, 0, 0, 1, 1, 1, 2, 1, 0, 0, 1, 1, 1, 2, 2, 1, 1, 0, 1, 1, 0, 1, 2, 2, 1, 2, 1, 0, 1, 2, 0, 1, 2, 1, 2, 2, 1, 1, 0, 0, 2, 1, 0, 2, 0]|[1, 0, 2, 4, 1, 2, 0, 1, 0, 2, 1, 2, 4, 1, 2, 0, 0, 1, 1, 2, 4, 2, 2, 0, 1, 1, 0, 2, 0, 3, 1, 1, 2, 0, 0, 2, 4, 0, 1, 4, 4, 0, 3, 2, 3, 2, 3, 0, 3, 1, 4, 2, 1, 1, 0, 2, 0, 2, 4, 4, 0, 1, 2, 1, 0, 3, 0, 4, 1, 1, 4, 4, 0, 2, 4, 2, 3, 1, 1, 0, 1, 4, 0, 4, 1, 1, 4, 1, 4, 1, 1, 3, 4, 2, 1, 1, 2, 2, 1, 2]|[0, 2, 0, 0, 1, 0, 0, 0, 0, 0, 3, 0, 1, 1, 0, 0, 0, 0, 1, 0, 1, 0, 0, 2, 1, 1, 0, 0, 0, 3, 0, 0, 1, 0, 0, 1, 2, 1, 0, 0, 3, 0, 1, 0, 1, 1, 0, 0, 1, 1, 2, 0, 0, 0, 0, 0, 0, 1, 3, 0, 0, 0, 3, 1, 0, 0, 0, 1, 0, 0, 1, 2, 0, 3, 2, 1, 3, 0, 0, 3, 0, 2, 0, 0, 0, 0, 0, 0, 1, 0, 0, 3, 1, 0, 1, 0, 2, 0, 0, 0]
event=482:G4_BALANCED:leader:action=2,fingerprint=[66, 68, 55, 92, 86, 48, 24, 89, 70, 13, 60, 50, 93, 15, 25, 52, 1, 59, 76, 67, 65, 17, 77, 75, 28, 26, 35, 36, 94, 95, 41, 6, 7, 0, 79, 33, 46, 58, 32, 88, 54, 71, 53, 29, 56, 8, 49, 39, 34, 14, 37, 72, 38, 23, 40, 98, 69, 27, 47, 80, 73, 63, 83, 44, 57, 11, 5, 82, 61, 16, 45, 51, 42, 3, 90, 81, 91, 21, 87, 19, 18, 9, 62, 22, 99, 64, 10, 2, 31, 43, 30, 85, 84, 20, 4, 96, 12, 74, 78, 97]|[1, 1, 0, 1, 2, 2, 2, 0, 0, 2, 1, 0, 1, 0, 0, 0, 0, 2, 0, 2, 1, 0, 2, 1, 2, 2, 0, 2, 0, 1, 2, 2, 2, 1, 1, 0, 1, 0, 0, 1, 1, 0, 1, 2, 1, 0, 1, 0, 1, 2, 1, 0, 0, 0, 1, 2, 0, 0, 1, 1, 1, 2, 1, 0, 0, 1, 1, 1, 2, 2, 1, 1, 0, 1, 1, 0, 1, 2, 2, 1, 2, 1, 0, 1, 2, 0, 1, 2, 1, 2, 2, 1, 1, 0, 0, 2, 1, 0, 2, 0]|[1, 0, 2, 4, 1, 2, 0, 1, 0, 2, 1, 2, 4, 1, 2, 0, 0, 1, 1, 2, 4, 2, 2, 0, 1, 1, 0, 2, 0, 3, 1, 1, 2, 0, 0, 2, 4, 0, 1, 4, 4, 0, 3, 2, 3, 2, 3, 0, 3, 1, 4, 2, 1, 1, 0, 2, 0, 2, 4, 4, 0, 1, 2, 1, 0, 3, 0, 4, 1, 1, 4, 4, 0, 2, 4, 2, 3, 1, 1, 0, 1, 4, 0, 4, 1, 1, 4, 1, 4, 1, 1, 3, 4, 2, 1, 1, 2, 2, 1, 2]|[0, 2, 0, 0, 1, 0, 0, 0, 0, 0, 3, 0, 1, 1, 0, 0, 0, 0, 1, 0, 1, 0, 0, 2, 1, 1, 0, 0, 0, 3, 0, 0, 1, 0, 0, 1, 2, 1, 0, 0, 3, 0, 1, 0, 1, 1, 0, 0, 1, 1, 2, 0, 0, 0, 0, 0, 0, 1, 3, 0, 0, 0, 3, 1, 0, 0, 0, 1, 0, 0, 1, 2, 0, 3, 2, 1, 3, 0, 0, 3, 0, 2, 0, 0, 0, 0, 0, 0, 1, 0, 0, 3, 1, 0, 1, 0, 2, 0, 0, 0]
event=483:G2_TEC:action:mode=exploit,state=1,draw=0.41271847966654684,action=1
event=484:G2_TEC:leader:action=1,fingerprint=[66, 68, 55, 92, 86, 48, 24, 89, 70, 13, 60, 50, 93, 15, 25, 52, 1, 59, 76, 67, 65, 88, 77, 75, 28, 26, 35, 36, 94, 95, 41, 6, 7, 0, 79, 33, 46, 58, 32, 17, 54, 71, 53, 29, 56, 8, 49, 39, 34, 14, 37, 72, 38, 23, 40, 98, 69, 27, 45, 22, 73, 63, 83, 44, 57, 11, 5, 96, 2, 16, 47, 51, 42, 3, 90, 81, 82, 21, 87, 19, 18, 9, 62, 80, 99, 91, 10, 61, 31, 43, 30, 85, 84, 74, 64, 4, 78, 20, 12, 97]|[1, 1, 0, 1, 1, 2, 1, 0, 0, 2, 0, 0, 1, 0, 0, 0, 1, 2, 0, 2, 1, 0, 2, 1, 2, 0, 2, 1, 0, 1, 1, 2, 2, 1, 1, 1, 1, 0, 0, 0, 1, 0, 1, 2, 1, 0, 1, 0, 1, 2, 1, 0, 0, 0, 2, 1, 2, 1, 0, 1, 1, 0, 1, 0, 1, 1, 1, 1, 2, 2, 1, 2, 0, 0, 2, 0, 2, 2, 2, 1, 2, 1, 0, 1, 2, 1, 0, 1, 1, 2, 2, 1, 1, 0, 2, 1, 2, 0, 0, 0]|[1, 0, 0, 4, 3, 2, 4, 1, 0, 2, 1, 2, 4, 1, 2, 0, 4, 1, 1, 1, 4, 2, 2, 0, 1, 2, 2, 3, 0, 3, 1, 1, 2, 0, 0, 1, 4, 2, 1, 2, 4, 0, 3, 2, 3, 2, 4, 0, 3, 1, 4, 2, 1, 1, 1, 4, 2, 3, 2, 4, 0, 1, 2, 1, 3, 3, 0, 4, 1, 1, 4, 2, 0, 2, 1, 2, 1, 1, 1, 0, 1, 4, 0, 3, 1, 4, 2, 4, 3, 1, 1, 2, 4, 2, 1, 4, 1, 2, 2, 2]|[0, 2, 0, 0, 1, 0, 1, 0, 0, 0, 0, 0, 1, 1, 0, 0, 0, 0, 1, 0, 1, 0, 0, 2, 1, 0, 0, 3, 0, 3, 1, 0, 1, 0, 0, 1, 2, 1, 0, 0, 3, 0, 1, 0, 1, 1, 0, 0, 1, 1, 2, 0, 0, 0, 0, 3, 0, 1, 1, 0, 0, 0, 3, 1, 3, 0, 0, 2, 0, 0, 1, 0, 0, 0, 0, 1, 0, 0, 0, 3, 0, 2, 0, 1, 0, 0, 1, 2, 3, 0, 0, 2, 1, 0, 0, 2, 0, 0, 0, 0]
event=485:G3_TWC:action:mode=exploit,state=1,draw=0.5340767887064823,action=0
event=486:G3_TWC:leader:action=0,fingerprint=[66, 68, 55, 92, 86, 48, 24, 89, 70, 13, 60, 50, 93, 15, 25, 52, 1, 59, 76, 67, 65, 17, 77, 75, 28, 26, 35, 36, 94, 95, 41, 6, 7, 0, 79, 33, 46, 58, 32, 88, 54, 71, 53, 29, 56, 8, 49, 39, 34, 14, 37, 72, 38, 23, 40, 98, 69, 27, 47, 80, 73, 63, 83, 44, 57, 11, 5, 82, 61, 16, 45, 51, 42, 3, 90, 81, 91, 21, 87, 19, 18, 9, 62, 22, 99, 64, 10, 2, 31, 43, 30, 97, 96, 12, 20, 78, 85, 74, 84, 4]|[1, 1, 0, 1, 2, 2, 2, 0, 0, 2, 1, 0, 1, 0, 0, 0, 0, 2, 0, 2, 1, 0, 2, 2, 2, 2, 0, 2, 0, 1, 2, 1, 2, 1, 1, 0, 1, 0, 0, 0, 1, 0, 1, 2, 1, 0, 1, 0, 1, 2, 1, 0, 0, 0, 1, 2, 0, 1, 0, 2, 1, 2, 1, 0, 0, 1, 1, 1, 2, 2, 1, 1, 0, 1, 2, 0, 1, 2, 2, 1, 2, 1, 0, 1, 2, 1, 0, 2, 1, 2, 2, 0, 1, 1, 0, 0, 0, 0, 1, 0]|[1, 0, 2, 4, 1, 2, 0, 1, 0, 2, 1, 2, 4, 1, 2, 0, 0, 1, 1, 2, 4, 2, 2, 0, 1, 1, 0, 2, 0, 3, 1, 4, 2, 0, 0, 2, 4, 0, 1, 2, 4, 0, 3, 2, 3, 2, 3, 0, 0, 1, 4, 2, 1, 1, 0, 2, 0, 3, 0, 1, 0, 1, 2, 1, 0, 3, 0, 4, 1, 1, 4, 4, 0, 2, 1, 2, 4, 1, 1, 0, 1, 4, 0, 4, 1, 4, 2, 1, 4, 1, 1, 2, 4, 2, 2, 1, 2, 2, 4, 1]|[0, 2, 0, 0, 1, 0, 0, 0, 0, 0, 3, 0, 1, 1, 0, 0, 0, 0, 1, 0, 1, 0, 0, 0, 1, 1, 0, 0, 0, 3, 0, 2, 1, 0, 0, 1, 2, 1, 0, 1, 3, 0, 1, 0, 1, 1, 0, 0, 3, 1, 2, 0, 0, 0, 0, 0, 0, 1, 0, 0, 0, 0, 3, 1, 0, 0, 0, 1, 0, 0, 1, 2, 0, 3, 0, 1, 1, 0, 0, 3, 0, 2, 0, 0, 0, 0, 1, 0, 1, 0, 0, 0, 1, 2, 0, 0, 1, 0, 1, 1]
event=487:G1_CMAX:update:state=1,action=1,reward=-32.804903451942096,nextState=1,old=-215.56754156968225,new=-205.2589367076879
event=488:G2_TEC:update:state=1,action=1,reward=-564.190600613445,nextState=1,old=-1076.0675446649266,new=-1425.0446363453862
event=489:G3_TWC:update:state=1,action=0,reward=-1775.711602708805,nextState=1,old=-17249.895208384904,new=-15575.62776941673
event=490:G4_BALANCED:update:state=1,action=2,reward=-0.0398514945177347,nextState=1,old=-0.266935601860622,new=-0.25339997600623226
event=491:G1_CMAX:action:mode=exploit,state=1,draw=2.9212052845228875E-4,action=1
event=492:G1_CMAX:leader:action=1,fingerprint=[66, 68, 55, 92, 86, 48, 24, 89, 70, 13, 60, 50, 93, 15, 25, 52, 1, 59, 76, 67, 65, 17, 77, 75, 28, 26, 35, 36, 94, 95, 41, 6, 7, 0, 79, 33, 46, 58, 32, 88, 54, 71, 53, 29, 56, 8, 49, 39, 34, 14, 37, 72, 38, 23, 40, 98, 69, 27, 47, 80, 73, 63, 83, 44, 57, 11, 5, 82, 61, 16, 45, 51, 42, 3, 90, 81, 91, 21, 87, 19, 18, 9, 62, 22, 99, 64, 10, 2, 31, 43, 30, 97, 96, 20, 4, 78, 85, 12, 84, 74]|[1, 1, 0, 1, 2, 2, 1, 0, 0, 2, 1, 0, 1, 0, 0, 0, 0, 2, 0, 2, 1, 0, 2, 1, 2, 2, 0, 2, 0, 1, 2, 2, 2, 1, 1, 1, 1, 0, 0, 0, 1, 0, 1, 2, 1, 0, 1, 0, 1, 2, 1, 0, 0, 0, 1, 2, 0, 0, 0, 1, 1, 0, 1, 0, 0, 1, 1, 1, 2, 2, 0, 1, 0, 1, 2, 1, 1, 2, 2, 1, 2, 1, 0, 1, 2, 1, 1, 2, 1, 2, 2, 0, 1, 1, 0, 2, 1, 1, 2, 0]|[1, 0, 2, 4, 1, 2, 2, 1, 0, 2, 1, 2, 4, 1, 2, 0, 0, 1, 1, 2, 4, 2, 2, 0, 1, 1, 0, 2, 0, 3, 1, 1, 2, 0, 0, 1, 4, 0, 1, 2, 4, 0, 3, 2, 3, 2, 3, 0, 0, 1, 4, 2, 1, 1, 0, 2, 0, 2, 2, 3, 0, 1, 2, 1, 0, 3, 0, 4, 1, 1, 2, 4, 0, 2, 1, 4, 4, 1, 1, 0, 1, 4, 0, 4, 1, 4, 4, 1, 4, 1, 1, 2, 4, 2, 1, 1, 3, 2, 0, 2]|[0, 2, 0, 0, 1, 0, 0, 0, 0, 0, 3, 0, 1, 1, 0, 0, 0, 0, 1, 0, 1, 0, 0, 2, 1, 1, 0, 0, 0, 3, 0, 0, 1, 0, 0, 1, 2, 1, 0, 1, 3, 0, 1, 0, 1, 1, 0, 0, 3, 1, 2, 0, 0, 0, 0, 0, 0, 1, 1, 1, 0, 0, 3, 1, 0, 0, 0, 1, 0, 0, 1, 2, 0, 3, 0, 1, 1, 0, 0, 3, 0, 2, 0, 0, 0, 0, 0, 0, 1, 0, 0, 0, 1, 2, 1, 0, 3, 2, 1, 0]
event=493:G4_BALANCED:action:mode=exploit,state=1,draw=0.49736201540559,action=2
event=494:G4_BALANCED:tournament:reason=action2,left=6,right=0,selected=[66, 68, 55, 92, 86, 48, 24, 89, 70, 13, 60, 50, 93, 15, 25, 52, 1, 59, 76, 67, 65, 88, 77, 75, 28, 26, 35, 36, 94, 95, 41, 6, 7, 0, 79, 33, 46, 58, 32, 17, 54, 71, 53, 29, 56, 8, 49, 39, 34, 14, 37, 72, 38, 23, 40, 98, 69, 27, 45, 22, 73, 63, 83, 44, 57, 11, 5, 96, 2, 16, 47, 51, 42, 3, 90, 81, 64, 21, 87, 20, 18, 9, 62, 80, 99, 91, 10, 61, 31, 43, 30, 85, 74, 19, 12, 4, 78, 82, 84, 97]|[1, 1, 0, 1, 0, 2, 2, 0, 0, 2, 1, 0, 1, 0, 0, 0, 1, 2, 0, 2, 1, 0, 2, 1, 2, 0, 0, 1, 0, 1, 2, 2, 2, 1, 1, 1, 1, 0, 0, 0, 1, 0, 1, 2, 1, 0, 1, 0, 1, 2, 1, 0, 0, 0, 1, 2, 2, 1, 1, 1, 0, 0, 1, 0, 0, 1, 1, 1, 2, 2, 1, 2, 0, 0, 2, 0, 0, 2, 2, 0, 2, 1, 0, 0, 2, 1, 1, 1, 1, 2, 2, 0, 0, 0, 0, 1, 2, 2, 1, 0]|[1, 0, 0, 4, 2, 2, 0, 1, 0, 2, 4, 2, 4, 1, 2, 0, 4, 1, 1, 1, 4, 2, 2, 0, 1, 2, 0, 3, 0, 3, 1, 1, 2, 0, 0, 1, 4, 2, 1, 2, 4, 0, 3, 2, 3, 2, 4, 0, 3, 1, 4, 2, 1, 1, 0, 2, 2, 3, 4, 4, 2, 1, 2, 1, 0, 3, 0, 4, 1, 1, 4, 2, 0, 2, 1, 2, 1, 1, 1, 2, 1, 4, 0, 2, 1, 4, 4, 4, 4, 1, 1, 1, 2, 2, 2, 4, 1, 1, 4, 2]|[0, 2, 0, 0, 1, 0, 0, 0, 0, 0, 1, 0, 1, 1, 0, 0, 0, 0, 1, 0, 1, 0, 0, 2, 1, 0, 0, 3, 0, 3, 0, 0, 1, 0, 0, 1, 2, 1, 0, 1, 3, 0, 1, 0, 1, 1, 0, 0, 1, 1, 2, 0, 0, 0, 0, 0, 0, 1, 1, 2, 1, 0, 3, 1, 0, 0, 0, 1, 0, 0, 1, 0, 0, 0, 0, 1, 0, 0, 0, 0, 0, 2, 0, 1, 0, 1, 0, 2, 1, 0, 0, 1, 0, 1, 0, 2, 0, 0, 1, 0]
event=495:G4_BALANCED:leader:action=2,fingerprint=[66, 68, 55, 92, 86, 48, 24, 89, 70, 13, 60, 50, 93, 15, 25, 52, 1, 59, 76, 67, 65, 88, 77, 75, 28, 26, 35, 36, 94, 95, 41, 6, 7, 0, 79, 33, 46, 58, 32, 17, 54, 71, 53, 29, 56, 8, 49, 39, 34, 14, 37, 72, 38, 23, 40, 98, 69, 27, 45, 22, 73, 63, 83, 44, 57, 11, 5, 96, 2, 16, 47, 51, 42, 3, 90, 81, 64, 21, 87, 20, 18, 9, 62, 80, 99, 91, 10, 61, 31, 43, 30, 85, 74, 19, 12, 4, 78, 82, 84, 97]|[1, 1, 0, 1, 0, 2, 2, 0, 0, 2, 1, 0, 1, 0, 0, 0, 1, 2, 0, 2, 1, 0, 2, 1, 2, 0, 0, 1, 0, 1, 2, 2, 2, 1, 1, 1, 1, 0, 0, 0, 1, 0, 1, 2, 1, 0, 1, 0, 1, 2, 1, 0, 0, 0, 1, 2, 2, 1, 1, 1, 0, 0, 1, 0, 0, 1, 1, 1, 2, 2, 1, 2, 0, 0, 2, 0, 0, 2, 2, 0, 2, 1, 0, 0, 2, 1, 1, 1, 1, 2, 2, 0, 0, 0, 0, 1, 2, 2, 1, 0]|[1, 0, 0, 4, 2, 2, 0, 1, 0, 2, 4, 2, 4, 1, 2, 0, 4, 1, 1, 1, 4, 2, 2, 0, 1, 2, 0, 3, 0, 3, 1, 1, 2, 0, 0, 1, 4, 2, 1, 2, 4, 0, 3, 2, 3, 2, 4, 0, 3, 1, 4, 2, 1, 1, 0, 2, 2, 3, 4, 4, 2, 1, 2, 1, 0, 3, 0, 4, 1, 1, 4, 2, 0, 2, 1, 2, 1, 1, 1, 2, 1, 4, 0, 2, 1, 4, 4, 4, 4, 1, 1, 1, 2, 2, 2, 4, 1, 1, 4, 2]|[0, 2, 0, 0, 1, 0, 0, 0, 0, 0, 1, 0, 1, 1, 0, 0, 0, 0, 1, 0, 1, 0, 0, 2, 1, 0, 0, 3, 0, 3, 0, 0, 1, 0, 0, 1, 2, 1, 0, 1, 3, 0, 1, 0, 1, 1, 0, 0, 1, 1, 2, 0, 0, 0, 0, 0, 0, 1, 1, 2, 1, 0, 3, 1, 0, 0, 0, 1, 0, 0, 1, 0, 0, 0, 0, 1, 0, 0, 0, 0, 0, 2, 0, 1, 0, 1, 0, 2, 1, 0, 0, 1, 0, 1, 0, 2, 0, 0, 1, 0]
event=496:G2_TEC:action:mode=exploit,state=1,draw=0.7776212683009739,action=1
event=497:G2_TEC:leader:action=1,fingerprint=[66, 68, 55, 92, 86, 48, 24, 89, 70, 13, 60, 50, 93, 15, 25, 52, 1, 59, 76, 67, 65, 88, 77, 75, 28, 26, 35, 36, 94, 95, 41, 6, 7, 0, 79, 33, 46, 58, 32, 17, 54, 71, 53, 29, 56, 8, 49, 39, 34, 14, 37, 72, 38, 23, 40, 98, 69, 27, 45, 22, 73, 63, 83, 44, 57, 11, 5, 96, 2, 16, 47, 51, 42, 3, 90, 81, 82, 21, 87, 19, 18, 9, 62, 80, 99, 91, 10, 61, 31, 43, 30, 85, 84, 74, 64, 4, 78, 20, 12, 97]|[1, 1, 0, 1, 1, 2, 1, 0, 0, 2, 0, 0, 1, 0, 0, 0, 1, 2, 0, 2, 1, 0, 2, 1, 2, 0, 2, 1, 0, 1, 1, 2, 2, 1, 1, 1, 1, 0, 0, 0, 1, 0, 1, 2, 1, 0, 1, 0, 1, 2, 1, 0, 0, 0, 2, 1, 2, 1, 0, 1, 1, 0, 1, 0, 1, 1, 1, 1, 2, 2, 1, 2, 0, 0, 2, 0, 2, 2, 2, 1, 2, 1, 0, 1, 2, 1, 0, 1, 1, 2, 2, 1, 1, 0, 2, 1, 2, 0, 0, 0]|[1, 0, 0, 4, 3, 2, 4, 1, 0, 2, 1, 2, 4, 1, 2, 0, 4, 1, 1, 1, 4, 2, 2, 0, 1, 2, 2, 3, 0, 3, 1, 1, 2, 0, 0, 1, 4, 2, 1, 2, 4, 0, 3, 2, 3, 2, 4, 0, 3, 1, 4, 2, 1, 1, 1, 4, 2, 3, 2, 4, 0, 1, 2, 1, 3, 3, 0, 4, 1, 1, 4, 2, 0, 2, 1, 2, 1, 1, 1, 0, 1, 4, 0, 3, 1, 4, 2, 4, 3, 1, 1, 2, 4, 2, 1, 4, 1, 2, 2, 2]|[0, 2, 0, 0, 1, 0, 1, 0, 0, 0, 0, 0, 1, 1, 0, 0, 0, 0, 1, 0, 1, 0, 0, 2, 1, 0, 0, 3, 0, 3, 1, 0, 1, 0, 0, 1, 2, 1, 0, 0, 3, 0, 1, 0, 1, 1, 0, 0, 1, 1, 2, 0, 0, 0, 0, 3, 0, 1, 1, 0, 0, 0, 3, 1, 3, 0, 0, 2, 0, 0, 1, 0, 0, 0, 0, 1, 0, 0, 0, 3, 0, 2, 0, 1, 0, 0, 1, 2, 3, 0, 0, 2, 1, 0, 0, 2, 0, 0, 0, 0]
event=498:G3_TWC:action:mode=explore,state=1,draw=0.9120609274187885,action=1
event=499:G3_TWC:leader:action=1,fingerprint=[66, 68, 55, 92, 86, 48, 24, 89, 70, 13, 60, 50, 93, 15, 25, 52, 1, 59, 76, 67, 65, 17, 77, 75, 28, 26, 35, 36, 94, 95, 41, 6, 7, 0, 79, 33, 46, 58, 32, 88, 54, 71, 53, 29, 56, 8, 49, 39, 34, 14, 37, 72, 38, 23, 40, 98, 69, 27, 47, 80, 73, 63, 83, 44, 57, 11, 5, 82, 61, 16, 45, 51, 42, 3, 90, 81, 91, 21, 87, 19, 18, 9, 62, 22, 99, 64, 10, 2, 31, 43, 30, 85, 96, 12, 74, 20, 84, 4, 78, 97]|[1, 1, 0, 1, 1, 2, 2, 0, 0, 2, 1, 0, 1, 0, 0, 0, 0, 2, 0, 2, 1, 0, 2, 0, 2, 2, 2, 2, 0, 1, 2, 2, 2, 1, 1, 0, 1, 0, 0, 1, 1, 0, 1, 2, 1, 0, 1, 0, 1, 2, 1, 0, 0, 0, 1, 2, 0, 1, 0, 2, 1, 2, 1, 0, 0, 1, 1, 1, 2, 2, 1, 1, 0, 1, 2, 0, 1, 2, 2, 1, 2, 1, 0, 1, 0, 1, 0, 2, 1, 2, 2, 1, 1, 1, 0, 0, 1, 0, 0, 0]|[1, 0, 2, 4, 3, 2, 0, 1, 0, 2, 1, 2, 4, 1, 2, 0, 0, 1, 1, 2, 4, 2, 2, 1, 1, 1, 2, 2, 0, 3, 1, 1, 2, 0, 0, 2, 4, 0, 1, 4, 4, 0, 3, 2, 3, 2, 3, 0, 0, 1, 4, 2, 1, 1, 0, 2, 0, 3, 0, 1, 0, 1, 2, 1, 0, 3, 0, 4, 1, 1, 4, 4, 0, 2, 1, 2, 3, 1, 1, 0, 1, 4, 0, 4, 0, 4, 2, 1, 4, 1, 1, 3, 4, 2, 2, 2, 4, 1, 1, 2]|[0, 2, 0, 0, 1, 0, 0, 0, 0, 0, 3, 0, 1, 1, 0, 0, 0, 0, 1, 0, 1, 0, 0, 1, 1, 1, 0, 0, 0, 3, 0, 0, 1, 0, 0, 1, 2, 1, 0, 0, 3, 0, 1, 0, 1, 1, 0, 0, 3, 1, 2, 0, 0, 0, 0, 0, 0, 1, 0, 0, 0, 0, 3, 1, 0, 0, 0, 1, 0, 0, 1, 2, 0, 3, 0, 1, 3, 0, 0, 3, 0, 2, 0, 0, 0, 0, 1, 0, 1, 0, 0, 3, 1, 2, 0, 0, 1, 1, 0, 1]
event=500:G1_CMAX:update:state=1,action=1,reward=-45.99969027546422,nextState=1,old=-205.2589367076879,new=-210.20683964161455
event=501:G2_TEC:update:state=1,action=1,reward=-344.0555539138659,nextState=1,old=-1425.0446363453862,new=-1484.0912629901748
event=502:G3_TWC:update:state=1,action=1,reward=-1655.5200633878121,nextState=1,old=-21297.96473300379,new=-14116.022278921197
event=503:G4_BALANCED:update:state=1,action=2,reward=-0.08558721213874955,nextState=1,old=-0.25339997600623226,new=-0.28830719294373536
event=504:G1_CMAX:action:mode=explore,state=1,draw=0.9140388883606356,action=2
event=505:G1_CMAX:tournament:reason=action2,left=11,right=22,selected=[66, 68, 55, 92, 86, 48, 24, 89, 70, 13, 60, 50, 93, 15, 25, 52, 1, 59, 76, 67, 65, 17, 77, 75, 28, 26, 35, 36, 94, 95, 41, 6, 7, 0, 79, 33, 46, 58, 32, 88, 54, 71, 53, 29, 56, 8, 49, 39, 34, 14, 37, 72, 38, 23, 40, 98, 69, 27, 45, 80, 73, 63, 83, 44, 57, 11, 5, 82, 61, 16, 31, 51, 42, 3, 90, 81, 64, 21, 87, 19, 18, 9, 62, 22, 99, 91, 10, 2, 47, 43, 30, 85, 96, 12, 4, 84, 78, 97, 20, 74]|[1, 1, 0, 0, 1, 2, 1, 0, 0, 2, 1, 0, 1, 0, 2, 0, 0, 2, 0, 2, 1, 0, 2, 1, 2, 2, 2, 2, 0, 1, 2, 2, 2, 1, 2, 1, 1, 0, 0, 0, 0, 0, 1, 2, 1, 0, 1, 0, 1, 2, 1, 0, 0, 0, 2, 1, 0, 1, 0, 1, 1, 2, 1, 0, 0, 1, 0, 1, 1, 2, 1, 2, 1, 0, 2, 0, 2, 1, 0, 0, 2, 1, 0, 1, 0, 1, 0, 2, 1, 2, 2, 2, 1, 0, 1, 1, 2, 0, 0, 0]|[1, 0, 0, 0, 3, 2, 4, 1, 0, 2, 1, 2, 4, 1, 2, 0, 0, 1, 1, 1, 4, 2, 2, 0, 1, 1, 2, 2, 0, 3, 1, 1, 2, 0, 2, 1, 4, 2, 1, 2, 1, 0, 3, 2, 3, 2, 4, 0, 3, 1, 4, 2, 1, 1, 1, 4, 0, 3, 2, 4, 0, 1, 2, 1, 0, 3, 2, 4, 4, 1, 4, 2, 4, 2, 1, 2, 1, 3, 1, 0, 1, 4, 0, 3, 0, 4, 2, 1, 4, 1, 1, 1, 4, 2, 4, 4, 1, 2, 2, 2]|[0, 2, 0, 1, 1, 0, 1, 0, 0, 0, 3, 0, 1, 1, 0, 0, 0, 0, 1, 0, 1, 0, 0, 2, 1, 1, 0, 0, 0, 3, 0, 0, 1, 0, 0, 1, 2, 1, 0, 0, 0, 0, 1, 0, 1, 1, 0, 0, 1, 1, 2, 0, 0, 0, 0, 3, 0, 1, 1, 0, 0, 0, 3, 1, 0, 0, 1, 1, 2, 0, 1, 0, 2, 0, 0, 1, 0, 0, 0, 0, 0, 2, 0, 1, 0, 0, 1, 0, 1, 0, 0, 0, 1, 0, 2, 1, 0, 0, 0, 0]
event=506:G1_CMAX:leader:action=2,fingerprint=[66, 68, 55, 92, 86, 48, 24, 89, 70, 13, 60, 50, 93, 15, 25, 52, 1, 59, 76, 67, 65, 17, 77, 75, 28, 26, 35, 36, 94, 95, 41, 6, 7, 0, 79, 33, 46, 58, 32, 88, 54, 71, 53, 29, 56, 8, 49, 39, 34, 14, 37, 72, 38, 23, 40, 98, 69, 27, 45, 80, 73, 63, 83, 44, 57, 11, 5, 82, 61, 16, 31, 51, 42, 3, 90, 81, 64, 21, 87, 19, 18, 9, 62, 22, 99, 91, 10, 2, 47, 43, 30, 85, 96, 12, 4, 84, 78, 97, 20, 74]|[1, 1, 0, 0, 1, 2, 1, 0, 0, 2, 1, 0, 1, 0, 2, 0, 0, 2, 0, 2, 1, 0, 2, 1, 2, 2, 2, 2, 0, 1, 2, 2, 2, 1, 2, 1, 1, 0, 0, 0, 0, 0, 1, 2, 1, 0, 1, 0, 1, 2, 1, 0, 0, 0, 2, 1, 0, 1, 0, 1, 1, 2, 1, 0, 0, 1, 0, 1, 1, 2, 1, 2, 1, 0, 2, 0, 2, 1, 0, 0, 2, 1, 0, 1, 0, 1, 0, 2, 1, 2, 2, 2, 1, 0, 1, 1, 2, 0, 0, 0]|[1, 0, 0, 0, 3, 2, 4, 1, 0, 2, 1, 2, 4, 1, 2, 0, 0, 1, 1, 1, 4, 2, 2, 0, 1, 1, 2, 2, 0, 3, 1, 1, 2, 0, 2, 1, 4, 2, 1, 2, 1, 0, 3, 2, 3, 2, 4, 0, 3, 1, 4, 2, 1, 1, 1, 4, 0, 3, 2, 4, 0, 1, 2, 1, 0, 3, 2, 4, 4, 1, 4, 2, 4, 2, 1, 2, 1, 3, 1, 0, 1, 4, 0, 3, 0, 4, 2, 1, 4, 1, 1, 1, 4, 2, 4, 4, 1, 2, 2, 2]|[0, 2, 0, 1, 1, 0, 1, 0, 0, 0, 3, 0, 1, 1, 0, 0, 0, 0, 1, 0, 1, 0, 0, 2, 1, 1, 0, 0, 0, 3, 0, 0, 1, 0, 0, 1, 2, 1, 0, 0, 0, 0, 1, 0, 1, 1, 0, 0, 1, 1, 2, 0, 0, 0, 0, 3, 0, 1, 1, 0, 0, 0, 3, 1, 0, 0, 1, 1, 2, 0, 1, 0, 2, 0, 0, 1, 0, 0, 0, 0, 0, 2, 0, 1, 0, 0, 1, 0, 1, 0, 0, 0, 1, 0, 2, 1, 0, 0, 0, 0]
event=507:G4_BALANCED:action:mode=exploit,state=1,draw=0.3780241436570194,action=2
event=508:G4_BALANCED:tournament:reason=action2,left=19,right=9,selected=[66, 68, 55, 92, 86, 48, 24, 89, 70, 13, 60, 50, 93, 15, 25, 52, 1, 59, 76, 67, 65, 17, 77, 75, 28, 26, 35, 36, 94, 95, 41, 6, 7, 0, 79, 33, 46, 58, 32, 88, 54, 71, 53, 29, 56, 8, 49, 39, 34, 14, 37, 72, 38, 23, 40, 98, 69, 27, 47, 22, 5, 63, 83, 44, 57, 11, 73, 96, 2, 16, 45, 51, 42, 3, 90, 81, 82, 21, 87, 19, 18, 9, 62, 80, 99, 61, 10, 64, 31, 43, 30, 97, 84, 20, 12, 78, 91, 74, 85, 4]|[1, 2, 0, 1, 1, 2, 1, 0, 0, 2, 0, 0, 1, 0, 2, 0, 0, 2, 0, 2, 1, 0, 2, 0, 2, 0, 2, 1, 0, 1, 1, 2, 2, 1, 1, 1, 1, 0, 0, 0, 1, 0, 1, 2, 2, 0, 1, 0, 1, 2, 1, 0, 0, 0, 1, 1, 0, 0, 1, 1, 1, 0, 1, 0, 0, 1, 2, 1, 2, 1, 1, 1, 0, 1, 2, 1, 2, 2, 2, 1, 2, 1, 0, 1, 2, 2, 0, 2, 1, 2, 2, 0, 2, 0, 0, 2, 1, 0, 1, 1]|[1, 2, 0, 4, 3, 2, 2, 1, 0, 2, 1, 2, 4, 1, 2, 0, 0, 1, 1, 1, 4, 2, 2, 1, 1, 2, 2, 3, 0, 3, 1, 1, 2, 0, 0, 1, 4, 2, 1, 2, 4, 0, 3, 2, 0, 2, 4, 0, 3, 1, 4, 2, 1, 1, 0, 4, 0, 2, 4, 4, 0, 1, 2, 1, 0, 3, 1, 4, 1, 4, 4, 4, 0, 2, 1, 4, 1, 1, 1, 0, 1, 4, 0, 4, 1, 1, 2, 1, 3, 1, 1, 2, 1, 2, 2, 1, 4, 2, 3, 4]|[0, 0, 0, 0, 1, 0, 0, 0, 0, 0, 0, 0, 1, 1, 0, 0, 0, 0, 1, 0, 1, 0, 0, 1, 1, 0, 0, 3, 0, 3, 1, 0, 1, 0, 0, 1, 2, 1, 0, 0, 3, 0, 1, 0, 0, 1, 0, 0, 1, 1, 2, 0, 0, 0, 0, 3, 0, 1, 1, 0, 0, 0, 3, 1, 0, 0, 0, 1, 0, 1, 1, 2, 0, 3, 0, 1, 0, 0, 0, 3, 0, 2, 0, 0, 0, 0, 1, 0, 3, 0, 0, 0, 0, 0, 0, 0, 0, 0, 3, 2]
event=509:G4_BALANCED:leader:action=2,fingerprint=[66, 68, 55, 92, 86, 48, 24, 89, 70, 13, 60, 50, 93, 15, 25, 52, 1, 59, 76, 67, 65, 17, 77, 75, 28, 26, 35, 36, 94, 95, 41, 6, 7, 0, 79, 33, 46, 58, 32, 88, 54, 71, 53, 29, 56, 8, 49, 39, 34, 14, 37, 72, 38, 23, 40, 98, 69, 27, 47, 22, 5, 63, 83, 44, 57, 11, 73, 96, 2, 16, 45, 51, 42, 3, 90, 81, 82, 21, 87, 19, 18, 9, 62, 80, 99, 61, 10, 64, 31, 43, 30, 97, 84, 20, 12, 78, 91, 74, 85, 4]|[1, 2, 0, 1, 1, 2, 1, 0, 0, 2, 0, 0, 1, 0, 2, 0, 0, 2, 0, 2, 1, 0, 2, 0, 2, 0, 2, 1, 0, 1, 1, 2, 2, 1, 1, 1, 1, 0, 0, 0, 1, 0, 1, 2, 2, 0, 1, 0, 1, 2, 1, 0, 0, 0, 1, 1, 0, 0, 1, 1, 1, 0, 1, 0, 0, 1, 2, 1, 2, 1, 1, 1, 0, 1, 2, 1, 2, 2, 2, 1, 2, 1, 0, 1, 2, 2, 0, 2, 1, 2, 2, 0, 2, 0, 0, 2, 1, 0, 1, 1]|[1, 2, 0, 4, 3, 2, 2, 1, 0, 2, 1, 2, 4, 1, 2, 0, 0, 1, 1, 1, 4, 2, 2, 1, 1, 2, 2, 3, 0, 3, 1, 1, 2, 0, 0, 1, 4, 2, 1, 2, 4, 0, 3, 2, 0, 2, 4, 0, 3, 1, 4, 2, 1, 1, 0, 4, 0, 2, 4, 4, 0, 1, 2, 1, 0, 3, 1, 4, 1, 4, 4, 4, 0, 2, 1, 4, 1, 1, 1, 0, 1, 4, 0, 4, 1, 1, 2, 1, 3, 1, 1, 2, 1, 2, 2, 1, 4, 2, 3, 4]|[0, 0, 0, 0, 1, 0, 0, 0, 0, 0, 0, 0, 1, 1, 0, 0, 0, 0, 1, 0, 1, 0, 0, 1, 1, 0, 0, 3, 0, 3, 1, 0, 1, 0, 0, 1, 2, 1, 0, 0, 3, 0, 1, 0, 0, 1, 0, 0, 1, 1, 2, 0, 0, 0, 0, 3, 0, 1, 1, 0, 0, 0, 3, 1, 0, 0, 0, 1, 0, 1, 1, 2, 0, 3, 0, 1, 0, 0, 0, 3, 0, 2, 0, 0, 0, 0, 1, 0, 3, 0, 0, 0, 0, 0, 0, 0, 0, 0, 3, 2]
event=510:G2_TEC:action:mode=exploit,state=1,draw=0.6749362343645545,action=2
event=511:G2_TEC:tournament:reason=action2,left=2,right=25,selected=[66, 68, 55, 92, 86, 48, 24, 89, 70, 13, 60, 50, 93, 15, 25, 52, 1, 59, 76, 67, 65, 88, 77, 75, 28, 26, 35, 36, 94, 95, 41, 6, 7, 0, 79, 33, 46, 58, 32, 17, 54, 71, 53, 29, 56, 8, 49, 39, 34, 14, 37, 72, 38, 23, 40, 98, 69, 27, 45, 22, 73, 63, 83, 44, 57, 11, 5, 96, 2, 16, 47, 51, 42, 3, 90, 81, 64, 21, 87, 19, 18, 9, 62, 80, 99, 91, 10, 61, 31, 43, 30, 85, 84, 20, 74, 78, 97, 12, 82, 4]|[1, 1, 0, 1, 1, 2, 2, 0, 0, 2, 1, 0, 1, 0, 0, 0, 1, 2, 0, 2, 1, 0, 2, 1, 2, 0, 2, 1, 0, 1, 1, 2, 2, 1, 1, 1, 1, 0, 0, 0, 1, 0, 1, 2, 1, 0, 1, 0, 1, 2, 1, 0, 0, 0, 1, 1, 0, 1, 0, 1, 1, 0, 1, 0, 0, 1, 1, 1, 2, 2, 1, 2, 0, 1, 2, 1, 0, 2, 2, 1, 2, 1, 0, 1, 2, 1, 0, 2, 1, 2, 2, 0, 1, 0, 0, 2, 0, 0, 2, 1]|[1, 0, 0, 4, 3, 2, 0, 1, 0, 2, 4, 2, 4, 1, 2, 0, 4, 1, 1, 1, 4, 2, 2, 0, 1, 2, 2, 3, 0, 3, 1, 1, 2, 0, 0, 1, 4, 0, 1, 2, 4, 0, 3, 2, 3, 2, 4, 0, 3, 1, 4, 2, 1, 1, 0, 4, 0, 3, 2, 4, 0, 1, 2, 1, 0, 3, 0, 4, 1, 1, 4, 2, 0, 2, 1, 4, 1, 1, 1, 0, 1, 4, 0, 4, 1, 4, 2, 1, 3, 1, 1, 1, 4, 2, 2, 1, 2, 2, 1, 4]|[0, 2, 0, 0, 1, 0, 0, 0, 0, 0, 1, 0, 1, 1, 0, 0, 0, 0, 1, 0, 1, 0, 0, 2, 1, 0, 0, 3, 0, 3, 1, 0, 1, 0, 0, 1, 2, 1, 0, 1, 3, 0, 1, 0, 1, 1, 0, 0, 1, 1, 2, 0, 0, 0, 0, 3, 0, 1, 1, 0, 0, 0, 3, 1, 0, 0, 0, 2, 0, 0, 1, 0, 0, 3, 0, 1, 0, 0, 0, 3, 0, 2, 0, 0, 0, 0, 1, 0, 3, 0, 0, 1, 1, 0, 0, 0, 0, 0, 0, 2]
event=512:G2_TEC:leader:action=2,fingerprint=[66, 68, 55, 92, 86, 48, 24, 89, 70, 13, 60, 50, 93, 15, 25, 52, 1, 59, 76, 67, 65, 88, 77, 75, 28, 26, 35, 36, 94, 95, 41, 6, 7, 0, 79, 33, 46, 58, 32, 17, 54, 71, 53, 29, 56, 8, 49, 39, 34, 14, 37, 72, 38, 23, 40, 98, 69, 27, 45, 22, 73, 63, 83, 44, 57, 11, 5, 96, 2, 16, 47, 51, 42, 3, 90, 81, 64, 21, 87, 19, 18, 9, 62, 80, 99, 91, 10, 61, 31, 43, 30, 85, 84, 20, 74, 78, 97, 12, 82, 4]|[1, 1, 0, 1, 1, 2, 2, 0, 0, 2, 1, 0, 1, 0, 0, 0, 1, 2, 0, 2, 1, 0, 2, 1, 2, 0, 2, 1, 0, 1, 1, 2, 2, 1, 1, 1, 1, 0, 0, 0, 1, 0, 1, 2, 1, 0, 1, 0, 1, 2, 1, 0, 0, 0, 1, 1, 0, 1, 0, 1, 1, 0, 1, 0, 0, 1, 1, 1, 2, 2, 1, 2, 0, 1, 2, 1, 0, 2, 2, 1, 2, 1, 0, 1, 2, 1, 0, 2, 1, 2, 2, 0, 1, 0, 0, 2, 0, 0, 2, 1]|[1, 0, 0, 4, 3, 2, 0, 1, 0, 2, 4, 2, 4, 1, 2, 0, 4, 1, 1, 1, 4, 2, 2, 0, 1, 2, 2, 3, 0, 3, 1, 1, 2, 0, 0, 1, 4, 0, 1, 2, 4, 0, 3, 2, 3, 2, 4, 0, 3, 1, 4, 2, 1, 1, 0, 4, 0, 3, 2, 4, 0, 1, 2, 1, 0, 3, 0, 4, 1, 1, 4, 2, 0, 2, 1, 4, 1, 1, 1, 0, 1, 4, 0, 4, 1, 4, 2, 1, 3, 1, 1, 1, 4, 2, 2, 1, 2, 2, 1, 4]|[0, 2, 0, 0, 1, 0, 0, 0, 0, 0, 1, 0, 1, 1, 0, 0, 0, 0, 1, 0, 1, 0, 0, 2, 1, 0, 0, 3, 0, 3, 1, 0, 1, 0, 0, 1, 2, 1, 0, 1, 3, 0, 1, 0, 1, 1, 0, 0, 1, 1, 2, 0, 0, 0, 0, 3, 0, 1, 1, 0, 0, 0, 3, 1, 0, 0, 0, 2, 0, 0, 1, 0, 0, 3, 0, 1, 0, 0, 0, 3, 0, 2, 0, 0, 0, 0, 1, 0, 3, 0, 0, 1, 1, 0, 0, 0, 0, 0, 0, 2]
event=513:G3_TWC:action:mode=exploit,state=1,draw=0.09337673483121867,action=1
event=514:G3_TWC:leader:action=1,fingerprint=[66, 68, 55, 92, 86, 48, 24, 89, 70, 13, 60, 50, 93, 15, 25, 52, 1, 59, 76, 67, 65, 17, 77, 75, 28, 26, 35, 36, 94, 95, 41, 6, 7, 0, 79, 33, 46, 58, 32, 88, 54, 71, 53, 29, 56, 8, 49, 39, 34, 14, 37, 72, 38, 23, 40, 98, 69, 27, 47, 80, 73, 63, 83, 44, 57, 11, 5, 82, 61, 16, 45, 51, 42, 3, 90, 81, 91, 21, 87, 19, 18, 9, 62, 22, 99, 64, 10, 2, 31, 43, 30, 85, 96, 12, 74, 20, 84, 4, 78, 97]|[1, 1, 0, 1, 1, 2, 2, 0, 0, 2, 1, 0, 1, 0, 0, 0, 0, 2, 0, 2, 1, 0, 2, 0, 2, 2, 2, 2, 0, 1, 2, 2, 2, 1, 1, 0, 1, 0, 0, 1, 1, 0, 1, 2, 1, 0, 1, 0, 1, 2, 1, 0, 0, 0, 1, 2, 0, 1, 0, 2, 1, 2, 1, 0, 0, 1, 1, 1, 2, 2, 1, 1, 0, 1, 2, 0, 1, 2, 2, 1, 2, 1, 0, 1, 0, 1, 0, 2, 1, 2, 2, 1, 1, 1, 0, 0, 1, 0, 0, 0]|[1, 0, 2, 4, 3, 2, 0, 1, 0, 2, 1, 2, 4, 1, 2, 0, 0, 1, 1, 2, 4, 2, 2, 1, 1, 1, 2, 2, 0, 3, 1, 1, 2, 0, 0, 2, 4, 0, 1, 4, 4, 0, 3, 2, 3, 2, 3, 0, 0, 1, 4, 2, 1, 1, 0, 2, 0, 3, 0, 1, 0, 1, 2, 1, 0, 3, 0, 4, 1, 1, 4, 4, 0, 2, 1, 2, 3, 1, 1, 0, 1, 4, 0, 4, 0, 4, 2, 1, 4, 1, 1, 3, 4, 2, 2, 2, 4, 1, 1, 2]|[0, 2, 0, 0, 1, 0, 0, 0, 0, 0, 3, 0, 1, 1, 0, 0, 0, 0, 1, 0, 1, 0, 0, 1, 1, 1, 0, 0, 0, 3, 0, 0, 1, 0, 0, 1, 2, 1, 0, 0, 3, 0, 1, 0, 1, 1, 0, 0, 3, 1, 2, 0, 0, 0, 0, 0, 0, 1, 0, 0, 0, 0, 3, 1, 0, 0, 0, 1, 0, 0, 1, 2, 0, 3, 0, 1, 3, 0, 0, 3, 0, 2, 0, 0, 0, 0, 1, 0, 1, 0, 0, 3, 1, 2, 0, 0, 1, 1, 0, 1]
event=515:G1_CMAX:update:state=1,action=2,reward=-62.09101778432944,nextState=1,old=-260.39818550462047,new=-230.2564894976211
event=516:G2_TEC:update:state=1,action=2,reward=-395.858090502501,nextState=1,old=-1476.921676990086,new=-1577.39543209457
event=517:G3_TWC:update:state=1,action=1,reward=-2840.978585794801,nextState=1,old=-14116.022278921197,new=-14133.79640893176
event=518:G4_BALANCED:update:state=1,action=2,reward=-0.04836928837816212,nextState=1,old=-0.28830719294373536,new=-0.2790150427331504
event=519:G1_CMAX:action:mode=exploit,state=1,draw=0.2791906923176506,action=1
event=520:G1_CMAX:leader:action=1,fingerprint=[66, 68, 55, 92, 86, 48, 24, 89, 70, 13, 60, 50, 93, 15, 25, 52, 1, 59, 76, 67, 65, 17, 77, 75, 28, 26, 35, 36, 94, 95, 41, 6, 7, 0, 79, 33, 46, 58, 32, 88, 54, 71, 53, 29, 56, 8, 49, 39, 34, 14, 37, 72, 38, 23, 40, 98, 69, 27, 47, 80, 73, 63, 83, 44, 57, 11, 5, 82, 61, 16, 45, 51, 42, 3, 90, 81, 91, 21, 87, 19, 18, 9, 62, 22, 99, 64, 10, 2, 31, 43, 30, 97, 96, 20, 4, 78, 85, 12, 84, 74]|[1, 1, 0, 1, 2, 2, 1, 0, 0, 2, 1, 0, 1, 0, 0, 0, 0, 2, 0, 2, 1, 0, 2, 1, 2, 2, 0, 2, 0, 1, 2, 2, 2, 1, 1, 1, 1, 0, 0, 0, 1, 0, 1, 2, 1, 0, 1, 0, 1, 2, 1, 0, 0, 0, 1, 2, 0, 0, 0, 1, 1, 0, 1, 0, 0, 1, 1, 1, 2, 2, 0, 1, 0, 1, 2, 1, 1, 2, 2, 1, 2, 1, 0, 1, 2, 1, 1, 2, 1, 2, 2, 0, 1, 1, 0, 2, 1, 1, 2, 0]|[1, 0, 2, 4, 1, 2, 2, 1, 0, 2, 1, 2, 4, 1, 2, 0, 0, 1, 1, 2, 4, 2, 2, 0, 1, 1, 0, 2, 0, 3, 1, 1, 2, 0, 0, 1, 4, 0, 1, 2, 4, 0, 3, 2, 3, 2, 3, 0, 0, 1, 4, 2, 1, 1, 0, 2, 0, 2, 2, 3, 0, 1, 2, 1, 0, 3, 0, 4, 1, 1, 2, 4, 0, 2, 1, 4, 4, 1, 1, 0, 1, 4, 0, 4, 1, 4, 4, 1, 4, 1, 1, 2, 4, 2, 1, 1, 3, 2, 0, 2]|[0, 2, 0, 0, 1, 0, 0, 0, 0, 0, 3, 0, 1, 1, 0, 0, 0, 0, 1, 0, 1, 0, 0, 2, 1, 1, 0, 0, 0, 3, 0, 0, 1, 0, 0, 1, 2, 1, 0, 1, 3, 0, 1, 0, 1, 1, 0, 0, 3, 1, 2, 0, 0, 0, 0, 0, 0, 1, 1, 1, 0, 0, 3, 1, 0, 0, 0, 1, 0, 0, 1, 2, 0, 3, 0, 1, 1, 0, 0, 3, 0, 2, 0, 0, 0, 0, 0, 0, 1, 0, 0, 0, 1, 2, 1, 0, 3, 2, 1, 0]
event=521:G4_BALANCED:action:mode=exploit,state=1,draw=0.10444065457975815,action=2
event=522:G4_BALANCED:tournament:reason=action2,left=20,right=2,selected=[66, 68, 55, 92, 86, 48, 24, 89, 70, 13, 60, 50, 93, 15, 25, 52, 1, 59, 76, 67, 65, 17, 77, 75, 28, 26, 35, 36, 94, 95, 41, 6, 7, 0, 79, 33, 46, 58, 32, 88, 54, 71, 53, 29, 56, 8, 49, 39, 34, 14, 37, 72, 38, 23, 40, 98, 69, 27, 47, 80, 73, 63, 83, 44, 57, 11, 5, 82, 61, 16, 45, 51, 42, 3, 90, 81, 91, 21, 87, 19, 18, 9, 62, 22, 99, 64, 10, 2, 31, 43, 30, 97, 84, 20, 74, 12, 96, 4, 78, 85]|[1, 1, 0, 1, 2, 2, 2, 0, 0, 2, 1, 0, 1, 0, 0, 0, 0, 2, 0, 2, 1, 0, 2, 0, 2, 2, 0, 2, 0, 1, 2, 2, 2, 1, 1, 0, 1, 0, 0, 0, 1, 0, 1, 2, 1, 0, 1, 0, 1, 2, 1, 0, 0, 0, 1, 2, 0, 1, 1, 1, 1, 2, 1, 0, 0, 1, 1, 1, 2, 2, 0, 1, 0, 1, 2, 0, 1, 2, 2, 1, 2, 1, 0, 1, 2, 2, 0, 2, 1, 2, 2, 0, 1, 0, 0, 1, 1, 0, 0, 1]|[1, 0, 2, 4, 1, 2, 0, 1, 0, 2, 1, 2, 4, 1, 2, 0, 0, 1, 1, 2, 4, 2, 2, 1, 1, 1, 0, 2, 0, 3, 1, 1, 2, 0, 0, 2, 4, 0, 1, 2, 4, 0, 3, 2, 3, 2, 3, 0, 0, 1, 4, 2, 1, 1, 0, 2, 0, 3, 4, 4, 0, 1, 2, 1, 0, 3, 0, 4, 1, 1, 2, 4, 0, 2, 1, 2, 3, 1, 1, 0, 1, 4, 0, 4, 1, 1, 2, 1, 3, 1, 1, 2, 4, 2, 2, 2, 4, 1, 1, 3]|[0, 2, 0, 0, 1, 0, 0, 0, 0, 0, 3, 0, 1, 1, 0, 0, 0, 0, 1, 0, 1, 0, 0, 1, 1, 1, 0, 0, 0, 3, 0, 0, 1, 0, 0, 1, 2, 1, 0, 1, 3, 0, 1, 0, 1, 1, 0, 0, 3, 1, 2, 0, 0, 0, 0, 0, 0, 1, 3, 2, 0, 0, 3, 1, 0, 0, 0, 1, 0, 0, 1, 2, 0, 3, 0, 1, 3, 0, 0, 3, 0, 2, 0, 0, 0, 0, 1, 0, 3, 0, 0, 0, 1, 0, 0, 2, 1, 1, 0, 3]
event=523:G4_BALANCED:leader:action=2,fingerprint=[66, 68, 55, 92, 86, 48, 24, 89, 70, 13, 60, 50, 93, 15, 25, 52, 1, 59, 76, 67, 65, 17, 77, 75, 28, 26, 35, 36, 94, 95, 41, 6, 7, 0, 79, 33, 46, 58, 32, 88, 54, 71, 53, 29, 56, 8, 49, 39, 34, 14, 37, 72, 38, 23, 40, 98, 69, 27, 47, 80, 73, 63, 83, 44, 57, 11, 5, 82, 61, 16, 45, 51, 42, 3, 90, 81, 91, 21, 87, 19, 18, 9, 62, 22, 99, 64, 10, 2, 31, 43, 30, 97, 84, 20, 74, 12, 96, 4, 78, 85]|[1, 1, 0, 1, 2, 2, 2, 0, 0, 2, 1, 0, 1, 0, 0, 0, 0, 2, 0, 2, 1, 0, 2, 0, 2, 2, 0, 2, 0, 1, 2, 2, 2, 1, 1, 0, 1, 0, 0, 0, 1, 0, 1, 2, 1, 0, 1, 0, 1, 2, 1, 0, 0, 0, 1, 2, 0, 1, 1, 1, 1, 2, 1, 0, 0, 1, 1, 1, 2, 2, 0, 1, 0, 1, 2, 0, 1, 2, 2, 1, 2, 1, 0, 1, 2, 2, 0, 2, 1, 2, 2, 0, 1, 0, 0, 1, 1, 0, 0, 1]|[1, 0, 2, 4, 1, 2, 0, 1, 0, 2, 1, 2, 4, 1, 2, 0, 0, 1, 1, 2, 4, 2, 2, 1, 1, 1, 0, 2, 0, 3, 1, 1, 2, 0, 0, 2, 4, 0, 1, 2, 4, 0, 3, 2, 3, 2, 3, 0, 0, 1, 4, 2, 1, 1, 0, 2, 0, 3, 4, 4, 0, 1, 2, 1, 0, 3, 0, 4, 1, 1, 2, 4, 0, 2, 1, 2, 3, 1, 1, 0, 1, 4, 0, 4, 1, 1, 2, 1, 3, 1, 1, 2, 4, 2, 2, 2, 4, 1, 1, 3]|[0, 2, 0, 0, 1, 0, 0, 0, 0, 0, 3, 0, 1, 1, 0, 0, 0, 0, 1, 0, 1, 0, 0, 1, 1, 1, 0, 0, 0, 3, 0, 0, 1, 0, 0, 1, 2, 1, 0, 1, 3, 0, 1, 0, 1, 1, 0, 0, 3, 1, 2, 0, 0, 0, 0, 0, 0, 1, 3, 2, 0, 0, 3, 1, 0, 0, 0, 1, 0, 0, 1, 2, 0, 3, 0, 1, 3, 0, 0, 3, 0, 2, 0, 0, 0, 0, 1, 0, 3, 0, 0, 0, 1, 0, 0, 2, 1, 1, 0, 3]
event=524:G2_TEC:action:mode=exploit,state=1,draw=0.38348238937917223,action=1
event=525:G2_TEC:leader:action=1,fingerprint=[66, 68, 55, 92, 86, 48, 24, 89, 70, 13, 60, 50, 93, 15, 25, 52, 1, 59, 76, 67, 65, 88, 77, 75, 28, 26, 35, 36, 94, 95, 41, 6, 7, 0, 79, 33, 46, 58, 32, 17, 54, 71, 53, 29, 56, 8, 49, 39, 34, 14, 37, 72, 38, 23, 40, 98, 69, 27, 45, 22, 73, 63, 83, 44, 57, 11, 5, 96, 2, 16, 47, 51, 42, 3, 90, 81, 64, 21, 87, 19, 18, 9, 62, 80, 99, 91, 10, 61, 31, 43, 30, 85, 84, 20, 12, 78, 82, 74, 97, 4]|[1, 2, 0, 1, 1, 2, 2, 0, 0, 2, 1, 0, 1, 0, 0, 0, 1, 2, 0, 2, 1, 0, 2, 0, 2, 0, 2, 1, 0, 1, 1, 2, 2, 1, 1, 1, 1, 0, 0, 0, 1, 0, 1, 2, 1, 0, 1, 0, 1, 2, 1, 0, 0, 0, 1, 1, 0, 1, 0, 2, 1, 0, 1, 0, 0, 1, 1, 1, 2, 1, 1, 2, 0, 1, 2, 0, 2, 2, 2, 1, 2, 1, 0, 1, 2, 1, 0, 2, 1, 2, 2, 0, 1, 0, 0, 2, 2, 0, 0, 1]|[1, 2, 0, 4, 3, 2, 0, 1, 0, 2, 4, 2, 4, 1, 2, 0, 4, 1, 1, 1, 4, 2, 2, 1, 1, 2, 2, 3, 0, 3, 1, 1, 2, 0, 0, 1, 4, 0, 1, 2, 4, 0, 3, 2, 3, 2, 4, 0, 3, 1, 4, 2, 1, 1, 0, 4, 0, 3, 2, 1, 0, 1, 2, 1, 0, 3, 3, 4, 1, 4, 4, 2, 0, 2, 1, 2, 1, 1, 1, 0, 1, 4, 0, 4, 1, 4, 2, 1, 3, 1, 1, 1, 4, 2, 2, 1, 1, 2, 2, 4]|[0, 0, 0, 0, 1, 0, 0, 0, 0, 0, 1, 0, 1, 1, 0, 0, 0, 0, 1, 0, 1, 1, 0, 1, 1, 0, 0, 3, 0, 3, 1, 0, 1, 0, 0, 1, 2, 1, 0, 0, 3, 0, 1, 0, 1, 1, 0, 0, 1, 1, 2, 0, 0, 0, 0, 3, 0, 1, 1, 0, 0, 0, 3, 1, 0, 0, 0, 2, 0, 1, 1, 0, 0, 3, 0, 1, 0, 0, 0, 3, 0, 2, 0, 0, 0, 0, 1, 0, 3, 0, 0, 1, 1, 0, 0, 0, 0, 0, 0, 2]
event=526:G3_TWC:action:mode=exploit,state=1,draw=0.46450317622906123,action=1
event=527:G3_TWC:leader:action=1,fingerprint=[66, 68, 55, 92, 86, 48, 24, 89, 70, 13, 60, 50, 93, 15, 25, 52, 1, 59, 76, 67, 65, 17, 77, 75, 28, 26, 35, 36, 94, 95, 41, 6, 7, 0, 79, 33, 46, 58, 32, 88, 54, 71, 53, 29, 56, 8, 49, 39, 34, 14, 37, 72, 38, 23, 40, 98, 69, 27, 47, 80, 73, 63, 83, 44, 57, 11, 5, 82, 61, 16, 45, 51, 42, 3, 90, 81, 91, 21, 87, 19, 18, 9, 62, 22, 99, 64, 10, 2, 31, 43, 30, 85, 96, 12, 74, 20, 84, 4, 78, 97]|[1, 1, 0, 1, 1, 2, 2, 0, 0, 2, 1, 0, 1, 0, 0, 0, 0, 2, 0, 2, 1, 0, 2, 0, 2, 2, 2, 2, 0, 1, 2, 2, 2, 1, 1, 0, 1, 0, 0, 1, 1, 0, 1, 2, 1, 0, 1, 0, 1, 2, 1, 0, 0, 0, 1, 2, 0, 1, 0, 2, 1, 2, 1, 0, 0, 1, 1, 1, 2, 2, 1, 1, 0, 1, 2, 0, 1, 2, 2, 1, 2, 1, 0, 1, 0, 1, 0, 2, 1, 2, 2, 1, 1, 1, 0, 0, 1, 0, 0, 0]|[1, 0, 2, 4, 3, 2, 0, 1, 0, 2, 1, 2, 4, 1, 2, 0, 0, 1, 1, 2, 4, 2, 2, 1, 1, 1, 2, 2, 0, 3, 1, 1, 2, 0, 0, 2, 4, 0, 1, 4, 4, 0, 3, 2, 3, 2, 3, 0, 0, 1, 4, 2, 1, 1, 0, 2, 0, 3, 0, 1, 0, 1, 2, 1, 0, 3, 0, 4, 1, 1, 4, 4, 0, 2, 1, 2, 3, 1, 1, 0, 1, 4, 0, 4, 0, 4, 2, 1, 4, 1, 1, 3, 4, 2, 2, 2, 4, 1, 1, 2]|[0, 2, 0, 0, 1, 0, 0, 0, 0, 0, 3, 0, 1, 1, 0, 0, 0, 0, 1, 0, 1, 0, 0, 1, 1, 1, 0, 0, 0, 3, 0, 0, 1, 0, 0, 1, 2, 1, 0, 0, 3, 0, 1, 0, 1, 1, 0, 0, 3, 1, 2, 0, 0, 0, 0, 0, 0, 1, 0, 0, 0, 0, 3, 1, 0, 0, 0, 1, 0, 0, 1, 2, 0, 3, 0, 1, 3, 0, 0, 3, 0, 2, 0, 0, 0, 0, 1, 0, 1, 0, 0, 3, 1, 2, 0, 0, 1, 1, 0, 1]
event=528:G1_CMAX:update:state=1,action=1,reward=-42.96141772095291,nextState=1,old=-210.20683964161455,new=-211.12688943424456
event=529:G2_TEC:update:state=1,action=1,reward=-354.75803481241746,nextState=1,old=-1484.0912629901748,new=-1542.0310452045574
event=530:G3_TWC:update:state=1,action=1,reward=-2313.1269854690327,nextState=1,old=-14133.79640893176,new=-13620.16411261444
event=531:G4_BALANCED:update:state=1,action=2,reward=0.0016654626077598177,nextState=0,old=-0.2790150427331504,new=0.0016654626077597934
event=532:G1_CMAX:action:mode=explore,state=1,draw=0.9699627528286472,action=2
event=533:G1_CMAX:tournament:reason=action2,left=4,right=11,selected=[66, 68, 55, 92, 86, 48, 24, 89, 70, 13, 60, 50, 93, 15, 25, 52, 1, 59, 76, 67, 65, 17, 77, 75, 28, 26, 35, 36, 94, 95, 41, 6, 7, 0, 79, 33, 46, 58, 32, 88, 54, 71, 53, 29, 56, 8, 49, 39, 34, 14, 37, 72, 38, 23, 40, 98, 69, 27, 47, 80, 73, 63, 83, 44, 57, 11, 5, 82, 61, 16, 45, 51, 42, 3, 90, 81, 2, 78, 87, 19, 18, 9, 62, 22, 99, 91, 10, 64, 31, 43, 30, 97, 96, 12, 4, 84, 21, 85, 20, 74]|[1, 1, 0, 1, 2, 2, 2, 1, 0, 2, 1, 0, 1, 0, 0, 0, 0, 2, 0, 2, 1, 0, 2, 0, 2, 2, 2, 2, 0, 1, 2, 2, 2, 1, 1, 0, 1, 0, 0, 1, 1, 0, 1, 2, 1, 0, 1, 0, 1, 2, 1, 0, 0, 0, 0, 1, 0, 1, 0, 0, 1, 0, 1, 0, 0, 1, 1, 1, 1, 2, 1, 0, 0, 1, 2, 0, 2, 0, 2, 1, 2, 1, 0, 1, 0, 1, 0, 1, 1, 2, 2, 0, 1, 1, 0, 2, 2, 0, 0, 0]|[1, 0, 2, 4, 1, 2, 0, 0, 0, 2, 1, 2, 4, 1, 2, 0, 0, 1, 1, 2, 4, 2, 2, 1, 1, 1, 2, 2, 0, 3, 1, 1, 2, 0, 0, 2, 4, 0, 1, 0, 4, 0, 3, 2, 3, 2, 3, 0, 0, 1, 4, 2, 1, 1, 2, 4, 2, 3, 0, 2, 0, 1, 2, 1, 0, 3, 0, 4, 4, 1, 4, 2, 1, 2, 1, 2, 1, 1, 1, 0, 1, 4, 0, 4, 0, 4, 2, 4, 4, 1, 1, 2, 4, 2, 1, 1, 1, 2, 2, 2]|[0, 2, 0, 0, 1, 0, 0, 0, 0, 0, 3, 0, 1, 1, 0, 0, 0, 0, 1, 0, 1, 0, 0, 1, 1, 1, 0, 0, 0, 3, 0, 0, 1, 0, 0, 1, 2, 1, 0, 0, 3, 0, 1, 0, 1, 1, 0, 0, 3, 1, 2, 0, 0, 0, 1, 3, 1, 1, 0, 1, 0, 0, 3, 1, 0, 0, 0, 1, 2, 0, 1, 0, 0, 3, 0, 1, 0, 0, 0, 3, 0, 2, 0, 0, 0, 1, 1, 0, 1, 0, 0, 0, 1, 2, 1, 0, 0, 1, 0, 0]
event=534:G1_CMAX:leader:action=2,fingerprint=[66, 68, 55, 92, 86, 48, 24, 89, 70, 13, 60, 50, 93, 15, 25, 52, 1, 59, 76, 67, 65, 17, 77, 75, 28, 26, 35, 36, 94, 95, 41, 6, 7, 0, 79, 33, 46, 58, 32, 88, 54, 71, 53, 29, 56, 8, 49, 39, 34, 14, 37, 72, 38, 23, 40, 98, 69, 27, 47, 80, 73, 63, 83, 44, 57, 11, 5, 82, 61, 16, 45, 51, 42, 3, 90, 81, 2, 78, 87, 19, 18, 9, 62, 22, 99, 91, 10, 64, 31, 43, 30, 97, 96, 12, 4, 84, 21, 85, 20, 74]|[1, 1, 0, 1, 2, 2, 2, 1, 0, 2, 1, 0, 1, 0, 0, 0, 0, 2, 0, 2, 1, 0, 2, 0, 2, 2, 2, 2, 0, 1, 2, 2, 2, 1, 1, 0, 1, 0, 0, 1, 1, 0, 1, 2, 1, 0, 1, 0, 1, 2, 1, 0, 0, 0, 0, 1, 0, 1, 0, 0, 1, 0, 1, 0, 0, 1, 1, 1, 1, 2, 1, 0, 0, 1, 2, 0, 2, 0, 2, 1, 2, 1, 0, 1, 0, 1, 0, 1, 1, 2, 2, 0, 1, 1, 0, 2, 2, 0, 0, 0]|[1, 0, 2, 4, 1, 2, 0, 0, 0, 2, 1, 2, 4, 1, 2, 0, 0, 1, 1, 2, 4, 2, 2, 1, 1, 1, 2, 2, 0, 3, 1, 1, 2, 0, 0, 2, 4, 0, 1, 0, 4, 0, 3, 2, 3, 2, 3, 0, 0, 1, 4, 2, 1, 1, 2, 4, 2, 3, 0, 2, 0, 1, 2, 1, 0, 3, 0, 4, 4, 1, 4, 2, 1, 2, 1, 2, 1, 1, 1, 0, 1, 4, 0, 4, 0, 4, 2, 4, 4, 1, 1, 2, 4, 2, 1, 1, 1, 2, 2, 2]|[0, 2, 0, 0, 1, 0, 0, 0, 0, 0, 3, 0, 1, 1, 0, 0, 0, 0, 1, 0, 1, 0, 0, 1, 1, 1, 0, 0, 0, 3, 0, 0, 1, 0, 0, 1, 2, 1, 0, 0, 3, 0, 1, 0, 1, 1, 0, 0, 3, 1, 2, 0, 0, 0, 1, 3, 1, 1, 0, 1, 0, 0, 3, 1, 0, 0, 0, 1, 2, 0, 1, 0, 0, 3, 0, 1, 0, 0, 0, 3, 0, 2, 0, 0, 0, 1, 1, 0, 1, 0, 0, 0, 1, 2, 1, 0, 0, 1, 0, 0]
event=535:G4_BALANCED:action:mode=explore,state=0,draw=0.9976186455234618,action=0
event=536:G4_BALANCED:leader:action=0,fingerprint=[66, 68, 55, 92, 86, 48, 24, 89, 70, 13, 60, 50, 93, 15, 25, 52, 1, 59, 76, 67, 65, 17, 77, 75, 28, 26, 35, 36, 94, 95, 41, 6, 7, 0, 79, 33, 46, 58, 32, 88, 54, 71, 53, 29, 56, 8, 49, 39, 34, 14, 37, 72, 38, 23, 40, 98, 69, 27, 47, 80, 73, 63, 83, 44, 57, 11, 5, 82, 61, 16, 45, 51, 42, 3, 90, 81, 91, 21, 87, 19, 18, 9, 62, 22, 99, 64, 10, 2, 31, 43, 30, 97, 84, 20, 74, 12, 96, 4, 78, 85]|[1, 1, 0, 1, 2, 2, 2, 0, 0, 2, 1, 0, 1, 0, 0, 0, 0, 2, 0, 2, 1, 0, 2, 0, 2, 2, 0, 2, 0, 1, 2, 2, 2, 1, 1, 0, 1, 0, 0, 0, 1, 0, 1, 2, 1, 0, 1, 0, 1, 2, 1, 0, 0, 0, 1, 2, 0, 1, 1, 1, 1, 2, 1, 0, 0, 1, 1, 1, 2, 2, 0, 1, 0, 1, 2, 0, 1, 2, 2, 1, 2, 1, 0, 1, 2, 2, 0, 2, 1, 2, 2, 0, 1, 0, 0, 1, 1, 0, 0, 1]|[1, 0, 2, 4, 1, 2, 0, 1, 0, 2, 1, 2, 4, 1, 2, 0, 0, 1, 1, 2, 4, 2, 2, 1, 1, 1, 0, 2, 0, 3, 1, 1, 2, 0, 0, 2, 4, 0, 1, 2, 4, 0, 3, 2, 3, 2, 3, 0, 0, 1, 4, 2, 1, 1, 0, 2, 0, 3, 4, 4, 0, 1, 2, 1, 0, 3, 0, 4, 1, 1, 2, 4, 0, 2, 1, 2, 3, 1, 1, 0, 1, 4, 0, 4, 1, 1, 2, 1, 3, 1, 1, 2, 4, 2, 2, 2, 4, 1, 1, 3]|[0, 2, 0, 0, 1, 0, 0, 0, 0, 0, 3, 0, 1, 1, 0, 0, 0, 0, 1, 0, 1, 0, 0, 1, 1, 1, 0, 0, 0, 3, 0, 0, 1, 0, 0, 1, 2, 1, 0, 1, 3, 0, 1, 0, 1, 1, 0, 0, 3, 1, 2, 0, 0, 0, 0, 0, 0, 1, 3, 2, 0, 0, 3, 1, 0, 0, 0, 1, 0, 0, 1, 2, 0, 3, 0, 1, 3, 0, 0, 3, 0, 2, 0, 0, 0, 0, 1, 0, 3, 0, 0, 0, 1, 0, 0, 2, 1, 1, 0, 3]
event=537:G2_TEC:action:mode=explore,state=1,draw=0.9725844818245956,action=0
event=538:G2_TEC:leader:action=0,fingerprint=[66, 68, 55, 92, 86, 48, 24, 89, 70, 13, 60, 50, 93, 15, 25, 52, 1, 59, 76, 67, 65, 88, 77, 75, 28, 26, 35, 36, 94, 95, 41, 6, 7, 0, 79, 33, 46, 58, 32, 17, 54, 71, 53, 29, 56, 8, 49, 39, 34, 14, 37, 72, 38, 23, 40, 98, 69, 27, 45, 22, 73, 63, 83, 44, 57, 11, 5, 96, 2, 16, 47, 51, 42, 3, 90, 81, 64, 21, 87, 19, 18, 9, 62, 80, 99, 91, 10, 61, 31, 43, 30, 85, 84, 20, 12, 78, 82, 74, 97, 4]|[1, 2, 0, 1, 1, 2, 2, 0, 0, 2, 1, 0, 1, 0, 0, 0, 1, 2, 0, 2, 1, 0, 2, 0, 2, 0, 2, 1, 0, 1, 1, 2, 2, 1, 1, 1, 1, 0, 0, 0, 1, 0, 1, 2, 1, 0, 1, 0, 1, 2, 1, 0, 0, 0, 1, 1, 0, 1, 0, 2, 1, 0, 1, 0, 0, 1, 1, 1, 2, 1, 1, 2, 0, 1, 2, 0, 2, 2, 2, 1, 2, 1, 0, 1, 2, 1, 0, 2, 1, 2, 2, 0, 1, 0, 0, 2, 2, 0, 0, 1]|[1, 2, 0, 4, 3, 2, 0, 1, 0, 2, 4, 2, 4, 1, 2, 0, 4, 1, 1, 1, 4, 2, 2, 1, 1, 2, 2, 3, 0, 3, 1, 1, 2, 0, 0, 1, 4, 0, 1, 2, 4, 0, 3, 2, 3, 2, 4, 0, 3, 1, 4, 2, 1, 1, 0, 4, 0, 3, 2, 1, 0, 1, 2, 1, 0, 3, 3, 4, 1, 4, 4, 2, 0, 2, 1, 2, 1, 1, 1, 0, 1, 4, 0, 4, 1, 4, 2, 1, 3, 1, 1, 1, 4, 2, 2, 1, 1, 2, 2, 4]|[0, 0, 0, 0, 1, 0, 0, 0, 0, 0, 1, 0, 1, 1, 0, 0, 0, 0, 1, 0, 1, 1, 0, 1, 1, 0, 0, 3, 0, 3, 1, 0, 1, 0, 0, 1, 2, 1, 0, 0, 3, 0, 1, 0, 1, 1, 0, 0, 1, 1, 2, 0, 0, 0, 0, 3, 0, 1, 1, 0, 0, 0, 3, 1, 0, 0, 0, 2, 0, 1, 1, 0, 0, 3, 0, 1, 0, 0, 0, 3, 0, 2, 0, 0, 0, 0, 1, 0, 3, 0, 0, 1, 1, 0, 0, 0, 0, 0, 0, 2]
event=539:G3_TWC:action:mode=exploit,state=1,draw=0.35367903177688675,action=1
event=540:G3_TWC:leader:action=1,fingerprint=[66, 68, 55, 92, 86, 48, 24, 89, 70, 13, 60, 50, 93, 15, 25, 52, 1, 59, 76, 67, 65, 17, 77, 75, 28, 26, 35, 36, 94, 95, 41, 6, 7, 0, 79, 33, 46, 58, 32, 88, 54, 71, 53, 29, 56, 8, 49, 39, 34, 14, 37, 72, 38, 23, 40, 98, 69, 27, 47, 80, 73, 63, 83, 44, 57, 11, 5, 82, 61, 16, 45, 51, 42, 3, 90, 81, 91, 21, 87, 19, 18, 9, 62, 22, 99, 64, 10, 2, 31, 43, 30, 85, 96, 12, 74, 20, 84, 4, 78, 97]|[1, 1, 0, 1, 1, 2, 2, 0, 0, 2, 1, 0, 1, 0, 0, 0, 0, 2, 0, 2, 1, 0, 2, 0, 2, 2, 2, 2, 0, 1, 2, 2, 2, 1, 1, 0, 1, 0, 0, 1, 1, 0, 1, 2, 1, 0, 1, 0, 1, 2, 1, 0, 0, 0, 1, 2, 0, 1, 0, 2, 1, 2, 1, 0, 0, 1, 1, 1, 2, 2, 1, 1, 0, 1, 2, 0, 1, 2, 2, 1, 2, 1, 0, 1, 0, 1, 0, 2, 1, 2, 2, 1, 1, 1, 0, 0, 1, 0, 0, 0]|[1, 0, 2, 4, 3, 2, 0, 1, 0, 2, 1, 2, 4, 1, 2, 0, 0, 1, 1, 2, 4, 2, 2, 1, 1, 1, 2, 2, 0, 3, 1, 1, 2, 0, 0, 2, 4, 0, 1, 4, 4, 0, 3, 2, 3, 2, 3, 0, 0, 1, 4, 2, 1, 1, 0, 2, 0, 3, 0, 1, 0, 1, 2, 1, 0, 3, 0, 4, 1, 1, 4, 4, 0, 2, 1, 2, 3, 1, 1, 0, 1, 4, 0, 4, 0, 4, 2, 1, 4, 1, 1, 3, 4, 2, 2, 2, 4, 1, 1, 2]|[0, 2, 0, 0, 1, 0, 0, 0, 0, 0, 3, 0, 1, 1, 0, 0, 0, 0, 1, 0, 1, 0, 0, 1, 1, 1, 0, 0, 0, 3, 0, 0, 1, 0, 0, 1, 2, 1, 0, 0, 3, 0, 1, 0, 1, 1, 0, 0, 3, 1, 2, 0, 0, 0, 0, 0, 0, 1, 0, 0, 0, 0, 3, 1, 0, 0, 0, 1, 0, 0, 1, 2, 0, 3, 0, 1, 3, 0, 0, 3, 0, 2, 0, 0, 0, 0, 1, 0, 1, 0, 0, 3, 1, 2, 0, 0, 1, 1, 0, 1]
event=541:G1_CMAX:update:state=1,action=2,reward=-27.170890441312054,nextState=1,old=-230.2564894976211,new=-196.07240198870772
event=542:G2_TEC:update:state=1,action=0,reward=-212.5806299949254,nextState=1,old=-1565.9515586427833,new=-1446.2054661585714
event=543:G3_TWC:update:state=1,action=1,reward=-1702.984247362212,nextState=1,old=-13620.16411261444,new=-12599.115537453765
event=544:G4_BALANCED:update:state=0,action=0,reward=-0.011238149955972807,nextState=1,old=-0.060617024168222434,new=-0.009905779869764972
event=545:G1_CMAX:action:mode=exploit,state=1,draw=0.7623404857033577,action=2
event=546:G1_CMAX:tournament:reason=action2,left=15,right=3,selected=[66, 68, 55, 92, 86, 48, 24, 89, 70, 13, 60, 50, 93, 15, 25, 52, 1, 59, 76, 67, 65, 17, 77, 75, 28, 26, 35, 36, 94, 95, 41, 6, 7, 0, 79, 33, 46, 58, 32, 88, 54, 71, 53, 29, 56, 8, 49, 39, 34, 14, 37, 72, 38, 23, 40, 98, 69, 27, 45, 80, 73, 63, 83, 44, 57, 11, 5, 82, 61, 16, 31, 51, 42, 3, 90, 81, 64, 21, 87, 19, 18, 9, 62, 22, 99, 91, 10, 2, 47, 43, 30, 85, 96, 12, 4, 84, 78, 97, 20, 74]|[1, 1, 0, 0, 1, 2, 1, 0, 0, 2, 1, 0, 1, 0, 2, 0, 0, 2, 0, 2, 1, 0, 2, 1, 2, 2, 2, 2, 0, 1, 2, 2, 2, 1, 2, 1, 1, 0, 0, 0, 0, 0, 1, 2, 1, 0, 1, 0, 1, 2, 1, 0, 0, 0, 2, 1, 0, 1, 0, 1, 1, 2, 1, 0, 0, 1, 0, 1, 1, 2, 1, 2, 1, 0, 2, 0, 2, 1, 0, 0, 2, 1, 0, 1, 0, 1, 0, 2, 1, 2, 2, 2, 1, 0, 1, 1, 2, 0, 0, 0]|[1, 0, 0, 0, 3, 2, 4, 1, 0, 2, 1, 2, 4, 1, 2, 0, 0, 1, 1, 1, 4, 2, 2, 0, 1, 1, 2, 2, 0, 3, 1, 1, 2, 0, 2, 1, 4, 2, 1, 2, 1, 0, 3, 2, 3, 2, 4, 0, 3, 1, 4, 2, 1, 1, 1, 4, 0, 3, 2, 4, 0, 1, 2, 1, 0, 3, 2, 4, 4, 1, 4, 2, 4, 2, 1, 2, 1, 3, 1, 0, 1, 4, 0, 3, 0, 4, 2, 1, 4, 1, 1, 1, 4, 2, 4, 4, 1, 2, 2, 2]|[0, 2, 0, 1, 1, 0, 1, 0, 0, 0, 3, 0, 1, 1, 0, 0, 0, 0, 1, 0, 1, 0, 0, 2, 1, 1, 0, 0, 0, 3, 0, 0, 1, 0, 0, 1, 2, 1, 0, 0, 0, 0, 1, 0, 1, 1, 0, 0, 1, 1, 2, 0, 0, 0, 0, 3, 0, 1, 1, 0, 0, 0, 3, 1, 0, 0, 1, 1, 2, 0, 1, 0, 2, 0, 0, 1, 0, 0, 0, 0, 0, 2, 0, 1, 0, 0, 1, 0, 1, 0, 0, 0, 1, 0, 2, 1, 0, 0, 0, 0]
event=547:G1_CMAX:leader:action=2,fingerprint=[66, 68, 55, 92, 86, 48, 24, 89, 70, 13, 60, 50, 93, 15, 25, 52, 1, 59, 76, 67, 65, 17, 77, 75, 28, 26, 35, 36, 94, 95, 41, 6, 7, 0, 79, 33, 46, 58, 32, 88, 54, 71, 53, 29, 56, 8, 49, 39, 34, 14, 37, 72, 38, 23, 40, 98, 69, 27, 45, 80, 73, 63, 83, 44, 57, 11, 5, 82, 61, 16, 31, 51, 42, 3, 90, 81, 64, 21, 87, 19, 18, 9, 62, 22, 99, 91, 10, 2, 47, 43, 30, 85, 96, 12, 4, 84, 78, 97, 20, 74]|[1, 1, 0, 0, 1, 2, 1, 0, 0, 2, 1, 0, 1, 0, 2, 0, 0, 2, 0, 2, 1, 0, 2, 1, 2, 2, 2, 2, 0, 1, 2, 2, 2, 1, 2, 1, 1, 0, 0, 0, 0, 0, 1, 2, 1, 0, 1, 0, 1, 2, 1, 0, 0, 0, 2, 1, 0, 1, 0, 1, 1, 2, 1, 0, 0, 1, 0, 1, 1, 2, 1, 2, 1, 0, 2, 0, 2, 1, 0, 0, 2, 1, 0, 1, 0, 1, 0, 2, 1, 2, 2, 2, 1, 0, 1, 1, 2, 0, 0, 0]|[1, 0, 0, 0, 3, 2, 4, 1, 0, 2, 1, 2, 4, 1, 2, 0, 0, 1, 1, 1, 4, 2, 2, 0, 1, 1, 2, 2, 0, 3, 1, 1, 2, 0, 2, 1, 4, 2, 1, 2, 1, 0, 3, 2, 3, 2, 4, 0, 3, 1, 4, 2, 1, 1, 1, 4, 0, 3, 2, 4, 0, 1, 2, 1, 0, 3, 2, 4, 4, 1, 4, 2, 4, 2, 1, 2, 1, 3, 1, 0, 1, 4, 0, 3, 0, 4, 2, 1, 4, 1, 1, 1, 4, 2, 4, 4, 1, 2, 2, 2]|[0, 2, 0, 1, 1, 0, 1, 0, 0, 0, 3, 0, 1, 1, 0, 0, 0, 0, 1, 0, 1, 0, 0, 2, 1, 1, 0, 0, 0, 3, 0, 0, 1, 0, 0, 1, 2, 1, 0, 0, 0, 0, 1, 0, 1, 1, 0, 0, 1, 1, 2, 0, 0, 0, 0, 3, 0, 1, 1, 0, 0, 0, 3, 1, 0, 0, 1, 1, 2, 0, 1, 0, 2, 0, 0, 1, 0, 0, 0, 0, 0, 2, 0, 1, 0, 0, 1, 0, 1, 0, 0, 0, 1, 0, 2, 1, 0, 0, 0, 0]
event=548:G4_BALANCED:action:mode=exploit,state=1,draw=0.6425992328803324,action=2
event=549:G4_BALANCED:tournament:reason=action2,left=23,right=3,selected=[66, 68, 55, 92, 86, 48, 24, 89, 70, 13, 60, 50, 93, 15, 25, 52, 1, 59, 76, 67, 65, 17, 77, 75, 28, 26, 35, 36, 94, 95, 41, 6, 7, 0, 79, 33, 46, 58, 32, 88, 54, 71, 53, 29, 56, 8, 49, 39, 34, 14, 37, 72, 38, 23, 40, 98, 69, 27, 45, 80, 73, 63, 83, 44, 57, 11, 5, 82, 61, 16, 31, 51, 42, 3, 90, 81, 64, 21, 87, 19, 18, 9, 62, 22, 99, 91, 10, 2, 47, 43, 30, 85, 96, 12, 4, 84, 78, 97, 20, 74]|[1, 1, 0, 0, 1, 2, 1, 0, 0, 2, 1, 0, 1, 0, 2, 0, 0, 2, 0, 2, 1, 0, 2, 1, 2, 2, 2, 2, 0, 1, 2, 2, 2, 1, 2, 1, 1, 0, 0, 0, 0, 0, 1, 2, 1, 0, 1, 0, 1, 2, 1, 0, 0, 0, 2, 1, 0, 1, 0, 1, 1, 2, 1, 0, 0, 1, 0, 1, 1, 2, 1, 2, 1, 0, 2, 0, 2, 1, 0, 0, 2, 1, 0, 1, 0, 1, 0, 2, 1, 2, 2, 2, 1, 0, 1, 1, 2, 0, 0, 0]|[1, 0, 0, 0, 3, 2, 4, 1, 0, 2, 1, 2, 4, 1, 2, 0, 0, 1, 1, 1, 4, 2, 2, 0, 1, 1, 2, 2, 0, 3, 1, 1, 2, 0, 2, 1, 4, 2, 1, 2, 1, 0, 3, 2, 3, 2, 4, 0, 3, 1, 4, 2, 1, 1, 1, 4, 0, 3, 2, 4, 0, 1, 2, 1, 0, 3, 2, 4, 4, 1, 4, 2, 4, 2, 1, 2, 1, 3, 1, 0, 1, 4, 0, 3, 0, 4, 2, 1, 4, 1, 1, 1, 4, 2, 4, 4, 1, 2, 2, 2]|[0, 2, 0, 1, 1, 0, 1, 0, 0, 0, 3, 0, 1, 1, 0, 0, 0, 0, 1, 0, 1, 0, 0, 2, 1, 1, 0, 0, 0, 3, 0, 0, 1, 0, 0, 1, 2, 1, 0, 0, 0, 0, 1, 0, 1, 1, 0, 0, 1, 1, 2, 0, 0, 0, 0, 3, 0, 1, 1, 0, 0, 0, 3, 1, 0, 0, 1, 1, 2, 0, 1, 0, 2, 0, 0, 1, 0, 0, 0, 0, 0, 2, 0, 1, 0, 0, 1, 0, 1, 0, 0, 0, 1, 0, 2, 1, 0, 0, 0, 0]
event=550:G4_BALANCED:leader:action=2,fingerprint=[66, 68, 55, 92, 86, 48, 24, 89, 70, 13, 60, 50, 93, 15, 25, 52, 1, 59, 76, 67, 65, 17, 77, 75, 28, 26, 35, 36, 94, 95, 41, 6, 7, 0, 79, 33, 46, 58, 32, 88, 54, 71, 53, 29, 56, 8, 49, 39, 34, 14, 37, 72, 38, 23, 40, 98, 69, 27, 45, 80, 73, 63, 83, 44, 57, 11, 5, 82, 61, 16, 31, 51, 42, 3, 90, 81, 64, 21, 87, 19, 18, 9, 62, 22, 99, 91, 10, 2, 47, 43, 30, 85, 96, 12, 4, 84, 78, 97, 20, 74]|[1, 1, 0, 0, 1, 2, 1, 0, 0, 2, 1, 0, 1, 0, 2, 0, 0, 2, 0, 2, 1, 0, 2, 1, 2, 2, 2, 2, 0, 1, 2, 2, 2, 1, 2, 1, 1, 0, 0, 0, 0, 0, 1, 2, 1, 0, 1, 0, 1, 2, 1, 0, 0, 0, 2, 1, 0, 1, 0, 1, 1, 2, 1, 0, 0, 1, 0, 1, 1, 2, 1, 2, 1, 0, 2, 0, 2, 1, 0, 0, 2, 1, 0, 1, 0, 1, 0, 2, 1, 2, 2, 2, 1, 0, 1, 1, 2, 0, 0, 0]|[1, 0, 0, 0, 3, 2, 4, 1, 0, 2, 1, 2, 4, 1, 2, 0, 0, 1, 1, 1, 4, 2, 2, 0, 1, 1, 2, 2, 0, 3, 1, 1, 2, 0, 2, 1, 4, 2, 1, 2, 1, 0, 3, 2, 3, 2, 4, 0, 3, 1, 4, 2, 1, 1, 1, 4, 0, 3, 2, 4, 0, 1, 2, 1, 0, 3, 2, 4, 4, 1, 4, 2, 4, 2, 1, 2, 1, 3, 1, 0, 1, 4, 0, 3, 0, 4, 2, 1, 4, 1, 1, 1, 4, 2, 4, 4, 1, 2, 2, 2]|[0, 2, 0, 1, 1, 0, 1, 0, 0, 0, 3, 0, 1, 1, 0, 0, 0, 0, 1, 0, 1, 0, 0, 2, 1, 1, 0, 0, 0, 3, 0, 0, 1, 0, 0, 1, 2, 1, 0, 0, 0, 0, 1, 0, 1, 1, 0, 0, 1, 1, 2, 0, 0, 0, 0, 3, 0, 1, 1, 0, 0, 0, 3, 1, 0, 0, 1, 1, 2, 0, 1, 0, 2, 0, 0, 1, 0, 0, 0, 0, 0, 2, 0, 1, 0, 0, 1, 0, 1, 0, 0, 0, 1, 0, 2, 1, 0, 0, 0, 0]
event=551:G2_TEC:action:mode=exploit,state=1,draw=0.35253440625157073,action=0
event=552:G2_TEC:leader:action=0,fingerprint=[66, 68, 55, 92, 86, 48, 24, 89, 70, 13, 60, 50, 93, 15, 25, 52, 1, 59, 76, 67, 65, 88, 77, 75, 28, 26, 35, 36, 94, 95, 41, 6, 7, 0, 79, 33, 46, 58, 32, 17, 54, 71, 53, 29, 56, 8, 49, 39, 34, 14, 37, 72, 38, 23, 40, 98, 69, 27, 45, 22, 73, 63, 83, 44, 57, 11, 5, 96, 2, 16, 47, 51, 42, 3, 90, 81, 64, 21, 87, 19, 18, 9, 62, 80, 99, 91, 10, 61, 31, 43, 30, 85, 84, 20, 12, 78, 82, 74, 97, 4]|[1, 2, 0, 1, 1, 2, 2, 0, 0, 2, 1, 0, 1, 0, 0, 0, 1, 2, 0, 2, 1, 0, 2, 0, 2, 0, 2, 1, 0, 1, 1, 2, 2, 1, 1, 1, 1, 0, 0, 0, 1, 0, 1, 2, 1, 0, 1, 0, 1, 2, 1, 0, 0, 0, 1, 1, 0, 1, 0, 2, 1, 0, 1, 0, 0, 1, 1, 1, 2, 1, 1, 2, 0, 1, 2, 0, 2, 2, 2, 1, 2, 1, 0, 1, 2, 1, 0, 2, 1, 2, 2, 0, 1, 0, 0, 2, 2, 0, 0, 1]|[1, 2, 0, 4, 3, 2, 0, 1, 0, 2, 4, 2, 4, 1, 2, 0, 4, 1, 1, 1, 4, 2, 2, 1, 1, 2, 2, 3, 0, 3, 1, 1, 2, 0, 0, 1, 4, 0, 1, 2, 4, 0, 3, 2, 3, 2, 4, 0, 3, 1, 4, 2, 1, 1, 0, 4, 0, 3, 2, 1, 0, 1, 2, 1, 0, 3, 3, 4, 1, 4, 4, 2, 0, 2, 1, 2, 1, 1, 1, 0, 1, 4, 0, 4, 1, 4, 2, 1, 3, 1, 1, 1, 4, 2, 2, 1, 1, 2, 2, 4]|[0, 0, 0, 0, 1, 0, 0, 0, 0, 0, 1, 0, 1, 1, 0, 0, 0, 0, 1, 0, 1, 1, 0, 1, 1, 0, 0, 3, 0, 3, 1, 0, 1, 0, 0, 1, 2, 1, 0, 0, 3, 0, 1, 0, 1, 1, 0, 0, 1, 1, 2, 0, 0, 0, 0, 3, 0, 1, 1, 0, 0, 0, 3, 1, 0, 0, 0, 2, 0, 1, 1, 0, 0, 3, 0, 1, 0, 0, 0, 3, 0, 2, 0, 0, 0, 0, 1, 0, 3, 0, 0, 1, 1, 0, 0, 0, 0, 0, 0, 2]
event=553:G3_TWC:action:mode=explore,state=1,draw=0.8910493746703242,action=0
event=554:G3_TWC:leader:action=0,fingerprint=[66, 68, 55, 92, 86, 48, 24, 89, 70, 13, 60, 50, 93, 15, 25, 52, 1, 59, 76, 67, 65, 17, 77, 75, 28, 26, 35, 36, 94, 95, 41, 6, 7, 0, 79, 33, 46, 58, 32, 88, 54, 71, 53, 29, 56, 8, 49, 39, 34, 14, 37, 72, 38, 23, 40, 98, 69, 27, 47, 80, 73, 63, 83, 44, 57, 11, 5, 82, 61, 16, 45, 51, 42, 3, 90, 81, 91, 21, 87, 19, 18, 9, 62, 22, 99, 64, 10, 2, 31, 43, 30, 85, 96, 12, 74, 20, 84, 4, 78, 97]|[1, 1, 0, 1, 1, 2, 2, 0, 0, 2, 1, 0, 1, 0, 0, 0, 0, 2, 0, 2, 1, 0, 2, 0, 2, 2, 2, 2, 0, 1, 2, 2, 2, 1, 1, 0, 1, 0, 0, 1, 1, 0, 1, 2, 1, 0, 1, 0, 1, 2, 1, 0, 0, 0, 1, 2, 0, 1, 0, 2, 1, 2, 1, 0, 0, 1, 1, 1, 2, 2, 1, 1, 0, 1, 2, 0, 1, 2, 2, 1, 2, 1, 0, 1, 0, 1, 0, 2, 1, 2, 2, 1, 1, 1, 0, 0, 1, 0, 0, 0]|[1, 0, 2, 4, 3, 2, 0, 1, 0, 2, 1, 2, 4, 1, 2, 0, 0, 1, 1, 2, 4, 2, 2, 1, 1, 1, 2, 2, 0, 3, 1, 1, 2, 0, 0, 2, 4, 0, 1, 4, 4, 0, 3, 2, 3, 2, 3, 0, 0, 1, 4, 2, 1, 1, 0, 2, 0, 3, 0, 1, 0, 1, 2, 1, 0, 3, 0, 4, 1, 1, 4, 4, 0, 2, 1, 2, 3, 1, 1, 0, 1, 4, 0, 4, 0, 4, 2, 1, 4, 1, 1, 3, 4, 2, 2, 2, 4, 1, 1, 2]|[0, 2, 0, 0, 1, 0, 0, 0, 0, 0, 3, 0, 1, 1, 0, 0, 0, 0, 1, 0, 1, 0, 0, 1, 1, 1, 0, 0, 0, 3, 0, 0, 1, 0, 0, 1, 2, 1, 0, 0, 3, 0, 1, 0, 1, 1, 0, 0, 3, 1, 2, 0, 0, 0, 0, 0, 0, 1, 0, 0, 0, 0, 3, 1, 0, 0, 0, 1, 0, 0, 1, 2, 0, 3, 0, 1, 3, 0, 0, 3, 0, 2, 0, 0, 0, 0, 1, 0, 1, 0, 0, 3, 1, 2, 0, 0, 1, 1, 0, 1]
event=555:G1_CMAX:update:state=1,action=2,reward=-66.13805876365086,nextState=1,old=-196.07240198870772,new=-222.99598035461705
event=556:G2_TEC:update:state=1,action=0,reward=-106.18888349691406,nextState=1,old=-1446.2054661585714,new=-1263.1532564237712
event=557:G3_TWC:update:state=1,action=0,reward=-2526.423181856284,nextState=1,old=-15575.62776941673,new=-12605.715611819296
event=558:G4_BALANCED:update:state=1,action=2,reward=-0.10672626700742846,nextState=1,old=0.0016654626077597934,new=-0.10539389692122063
event=559:G1_CMAX:action:mode=exploit,state=1,draw=0.3823472698062549,action=1
event=560:G1_CMAX:leader:action=1,fingerprint=[66, 68, 55, 92, 86, 48, 24, 89, 70, 13, 60, 50, 93, 15, 25, 52, 1, 59, 76, 67, 65, 17, 77, 75, 28, 26, 35, 36, 94, 95, 41, 6, 7, 0, 79, 33, 46, 58, 32, 88, 54, 71, 53, 29, 56, 8, 49, 39, 34, 14, 37, 72, 38, 23, 40, 98, 69, 27, 47, 80, 73, 63, 83, 44, 57, 11, 5, 82, 61, 16, 45, 51, 42, 3, 90, 81, 91, 21, 87, 19, 18, 9, 62, 22, 99, 64, 10, 2, 31, 43, 30, 97, 96, 20, 4, 78, 85, 12, 84, 74]|[1, 1, 0, 1, 2, 2, 1, 0, 0, 2, 1, 0, 1, 0, 0, 0, 0, 2, 0, 2, 1, 0, 2, 1, 2, 2, 0, 2, 0, 1, 2, 2, 2, 1, 1, 1, 1, 0, 0, 0, 1, 0, 1, 2, 1, 0, 1, 0, 1, 2, 1, 0, 0, 0, 1, 2, 0, 0, 0, 1, 1, 0, 1, 0, 0, 1, 1, 1, 2, 2, 0, 1, 0, 1, 2, 1, 1, 2, 2, 1, 2, 1, 0, 1, 2, 1, 1, 2, 1, 2, 2, 0, 1, 1, 0, 2, 1, 1, 2, 0]|[1, 0, 2, 4, 1, 2, 2, 1, 0, 2, 1, 2, 4, 1, 2, 0, 0, 1, 1, 2, 4, 2, 2, 0, 1, 1, 0, 2, 0, 3, 1, 1, 2, 0, 0, 1, 4, 0, 1, 2, 4, 0, 3, 2, 3, 2, 3, 0, 0, 1, 4, 2, 1, 1, 0, 2, 0, 2, 2, 3, 0, 1, 2, 1, 0, 3, 0, 4, 1, 1, 2, 4, 0, 2, 1, 4, 4, 1, 1, 0, 1, 4, 0, 4, 1, 4, 4, 1, 4, 1, 1, 2, 4, 2, 1, 1, 3, 2, 0, 2]|[0, 2, 0, 0, 1, 0, 0, 0, 0, 0, 3, 0, 1, 1, 0, 0, 0, 0, 1, 0, 1, 0, 0, 2, 1, 1, 0, 0, 0, 3, 0, 0, 1, 0, 0, 1, 2, 1, 0, 1, 3, 0, 1, 0, 1, 1, 0, 0, 3, 1, 2, 0, 0, 0, 0, 0, 0, 1, 1, 1, 0, 0, 3, 1, 0, 0, 0, 1, 0, 0, 1, 2, 0, 3, 0, 1, 1, 0, 0, 3, 0, 2, 0, 0, 0, 0, 0, 0, 1, 0, 0, 0, 1, 2, 1, 0, 3, 2, 1, 0]
event=561:G4_BALANCED:action:mode=exploit,state=1,draw=0.5355028153202368,action=2
event=562:G4_BALANCED:tournament:reason=action2,left=25,right=17,selected=[66, 68, 55, 92, 86, 48, 24, 89, 70, 13, 60, 50, 93, 15, 25, 52, 1, 59, 76, 67, 65, 17, 77, 75, 28, 26, 35, 36, 94, 95, 41, 6, 7, 0, 79, 33, 46, 58, 32, 88, 54, 71, 53, 29, 56, 8, 49, 39, 34, 14, 37, 72, 38, 23, 40, 98, 69, 27, 47, 80, 73, 63, 83, 44, 57, 11, 5, 82, 61, 16, 45, 51, 42, 3, 90, 81, 91, 21, 87, 19, 18, 9, 62, 22, 99, 64, 10, 2, 31, 43, 30, 85, 96, 12, 20, 78, 84, 74, 97, 4]|[1, 1, 0, 1, 1, 2, 2, 0, 0, 1, 1, 0, 1, 0, 2, 0, 0, 2, 0, 2, 1, 0, 2, 0, 2, 2, 0, 2, 0, 1, 2, 1, 2, 1, 1, 0, 1, 0, 0, 0, 1, 0, 1, 2, 1, 0, 1, 0, 1, 2, 1, 0, 0, 0, 1, 2, 0, 1, 0, 0, 1, 2, 1, 0, 0, 1, 1, 1, 0, 2, 0, 1, 0, 1, 2, 0, 1, 2, 0, 1, 2, 1, 0, 1, 2, 2, 0, 2, 1, 1, 2, 0, 1, 1, 1, 2, 1, 0, 0, 0]|[1, 0, 2, 4, 3, 2, 0, 1, 0, 0, 1, 2, 4, 1, 2, 0, 0, 1, 1, 2, 4, 2, 2, 1, 1, 1, 0, 2, 0, 3, 1, 4, 2, 0, 0, 2, 4, 0, 1, 2, 4, 0, 3, 2, 3, 2, 3, 0, 0, 1, 4, 2, 1, 1, 0, 2, 0, 3, 0, 2, 0, 1, 2, 1, 0, 3, 0, 4, 1, 1, 2, 4, 0, 2, 1, 2, 3, 1, 0, 0, 1, 4, 0, 4, 1, 1, 2, 1, 4, 3, 1, 2, 4, 2, 2, 1, 4, 2, 2, 1]|[0, 2, 0, 0, 1, 0, 0, 0, 0, 2, 3, 0, 1, 1, 0, 0, 0, 0, 1, 0, 1, 0, 0, 1, 1, 1, 0, 0, 0, 3, 0, 2, 1, 0, 0, 1, 2, 1, 0, 1, 3, 0, 1, 0, 1, 1, 0, 0, 3, 1, 2, 0, 0, 0, 0, 0, 0, 1, 0, 1, 0, 0, 3, 1, 0, 0, 0, 1, 0, 0, 1, 2, 0, 3, 0, 1, 3, 0, 0, 3, 0, 2, 0, 0, 0, 0, 1, 0, 1, 3, 0, 0, 1, 2, 2, 0, 1, 0, 0, 1]
event=563:G4_BALANCED:leader:action=2,fingerprint=[66, 68, 55, 92, 86, 48, 24, 89, 70, 13, 60, 50, 93, 15, 25, 52, 1, 59, 76, 67, 65, 17, 77, 75, 28, 26, 35, 36, 94, 95, 41, 6, 7, 0, 79, 33, 46, 58, 32, 88, 54, 71, 53, 29, 56, 8, 49, 39, 34, 14, 37, 72, 38, 23, 40, 98, 69, 27, 47, 80, 73, 63, 83, 44, 57, 11, 5, 82, 61, 16, 45, 51, 42, 3, 90, 81, 91, 21, 87, 19, 18, 9, 62, 22, 99, 64, 10, 2, 31, 43, 30, 85, 96, 12, 20, 78, 84, 74, 97, 4]|[1, 1, 0, 1, 1, 2, 2, 0, 0, 1, 1, 0, 1, 0, 2, 0, 0, 2, 0, 2, 1, 0, 2, 0, 2, 2, 0, 2, 0, 1, 2, 1, 2, 1, 1, 0, 1, 0, 0, 0, 1, 0, 1, 2, 1, 0, 1, 0, 1, 2, 1, 0, 0, 0, 1, 2, 0, 1, 0, 0, 1, 2, 1, 0, 0, 1, 1, 1, 0, 2, 0, 1, 0, 1, 2, 0, 1, 2, 0, 1, 2, 1, 0, 1, 2, 2, 0, 2, 1, 1, 2, 0, 1, 1, 1, 2, 1, 0, 0, 0]|[1, 0, 2, 4, 3, 2, 0, 1, 0, 0, 1, 2, 4, 1, 2, 0, 0, 1, 1, 2, 4, 2, 2, 1, 1, 1, 0, 2, 0, 3, 1, 4, 2, 0, 0, 2, 4, 0, 1, 2, 4, 0, 3, 2, 3, 2, 3, 0, 0, 1, 4, 2, 1, 1, 0, 2, 0, 3, 0, 2, 0, 1, 2, 1, 0, 3, 0, 4, 1, 1, 2, 4, 0, 2, 1, 2, 3, 1, 0, 0, 1, 4, 0, 4, 1, 1, 2, 1, 4, 3, 1, 2, 4, 2, 2, 1, 4, 2, 2, 1]|[0, 2, 0, 0, 1, 0, 0, 0, 0, 2, 3, 0, 1, 1, 0, 0, 0, 0, 1, 0, 1, 0, 0, 1, 1, 1, 0, 0, 0, 3, 0, 2, 1, 0, 0, 1, 2, 1, 0, 1, 3, 0, 1, 0, 1, 1, 0, 0, 3, 1, 2, 0, 0, 0, 0, 0, 0, 1, 0, 1, 0, 0, 3, 1, 0, 0, 0, 1, 0, 0, 1, 2, 0, 3, 0, 1, 3, 0, 0, 3, 0, 2, 0, 0, 0, 0, 1, 0, 1, 3, 0, 0, 1, 2, 2, 0, 1, 0, 0, 1]
event=564:G2_TEC:action:mode=explore,state=1,draw=0.8955387517456366,action=0
event=565:G2_TEC:leader:action=0,fingerprint=[66, 68, 55, 92, 86, 48, 24, 89, 70, 13, 60, 50, 93, 15, 25, 52, 1, 59, 76, 67, 65, 88, 77, 75, 28, 26, 35, 36, 94, 95, 41, 6, 7, 0, 79, 33, 46, 58, 32, 17, 54, 71, 53, 29, 56, 8, 49, 39, 34, 14, 37, 72, 38, 23, 40, 98, 69, 27, 45, 22, 73, 63, 83, 44, 57, 11, 5, 96, 2, 16, 47, 51, 42, 3, 90, 81, 64, 21, 87, 19, 18, 9, 62, 80, 99, 91, 10, 61, 31, 43, 30, 85, 84, 20, 12, 78, 82, 74, 97, 4]|[1, 2, 0, 1, 1, 2, 2, 0, 0, 2, 1, 0, 1, 0, 0, 0, 1, 2, 0, 2, 1, 0, 2, 0, 2, 0, 2, 1, 0, 1, 1, 2, 2, 1, 1, 1, 1, 0, 0, 0, 1, 0, 1, 2, 1, 0, 1, 0, 1, 2, 1, 0, 0, 0, 1, 1, 0, 1, 0, 2, 1, 0, 1, 0, 0, 1, 1, 1, 2, 1, 1, 2, 0, 1, 2, 0, 2, 2, 2, 1, 2, 1, 0, 1, 2, 1, 0, 2, 1, 2, 2, 0, 1, 0, 0, 2, 2, 0, 0, 1]|[1, 2, 0, 4, 3, 2, 0, 1, 0, 2, 4, 2, 4, 1, 2, 0, 4, 1, 1, 1, 4, 2, 2, 1, 1, 2, 2, 3, 0, 3, 1, 1, 2, 0, 0, 1, 4, 0, 1, 2, 4, 0, 3, 2, 3, 2, 4, 0, 3, 1, 4, 2, 1, 1, 0, 4, 0, 3, 2, 1, 0, 1, 2, 1, 0, 3, 3, 4, 1, 4, 4, 2, 0, 2, 1, 2, 1, 1, 1, 0, 1, 4, 0, 4, 1, 4, 2, 1, 3, 1, 1, 1, 4, 2, 2, 1, 1, 2, 2, 4]|[0, 0, 0, 0, 1, 0, 0, 0, 0, 0, 1, 0, 1, 1, 0, 0, 0, 0, 1, 0, 1, 1, 0, 1, 1, 0, 0, 3, 0, 3, 1, 0, 1, 0, 0, 1, 2, 1, 0, 0, 3, 0, 1, 0, 1, 1, 0, 0, 1, 1, 2, 0, 0, 0, 0, 3, 0, 1, 1, 0, 0, 0, 3, 1, 0, 0, 0, 2, 0, 1, 1, 0, 0, 3, 0, 1, 0, 0, 0, 3, 0, 2, 0, 0, 0, 0, 1, 0, 3, 0, 0, 1, 1, 0, 0, 0, 0, 0, 0, 2]
event=566:G3_TWC:action:mode=exploit,state=1,draw=0.4031826958229976,action=1
event=567:G3_TWC:leader:action=1,fingerprint=[66, 68, 55, 92, 86, 48, 24, 89, 70, 13, 60, 50, 93, 15, 25, 52, 1, 59, 76, 67, 65, 17, 77, 75, 28, 26, 35, 36, 94, 95, 41, 6, 7, 0, 79, 33, 46, 58, 32, 88, 54, 71, 53, 29, 56, 8, 49, 39, 34, 14, 37, 72, 38, 23, 40, 98, 69, 27, 47, 80, 73, 63, 83, 44, 57, 11, 5, 82, 61, 16, 45, 51, 42, 3, 90, 81, 91, 21, 87, 19, 18, 9, 62, 22, 99, 64, 10, 2, 31, 43, 30, 85, 96, 12, 74, 20, 84, 4, 78, 97]|[1, 1, 0, 1, 1, 2, 2, 0, 0, 2, 1, 0, 1, 0, 0, 0, 0, 2, 0, 2, 1, 0, 2, 0, 2, 2, 2, 2, 0, 1, 2, 2, 2, 1, 1, 0, 1, 0, 0, 1, 1, 0, 1, 2, 1, 0, 1, 0, 1, 2, 1, 0, 0, 0, 1, 2, 0, 1, 0, 2, 1, 2, 1, 0, 0, 1, 1, 1, 2, 2, 1, 1, 0, 1, 2, 0, 1, 2, 2, 1, 2, 1, 0, 1, 0, 1, 0, 2, 1, 2, 2, 1, 1, 1, 0, 0, 1, 0, 0, 0]|[1, 0, 2, 4, 3, 2, 0, 1, 0, 2, 1, 2, 4, 1, 2, 0, 0, 1, 1, 2, 4, 2, 2, 1, 1, 1, 2, 2, 0, 3, 1, 1, 2, 0, 0, 2, 4, 0, 1, 4, 4, 0, 3, 2, 3, 2, 3, 0, 0, 1, 4, 2, 1, 1, 0, 2, 0, 3, 0, 1, 0, 1, 2, 1, 0, 3, 0, 4, 1, 1, 4, 4, 0, 2, 1, 2, 3, 1, 1, 0, 1, 4, 0, 4, 0, 4, 2, 1, 4, 1, 1, 3, 4, 2, 2, 2, 4, 1, 1, 2]|[0, 2, 0, 0, 1, 0, 0, 0, 0, 0, 3, 0, 1, 1, 0, 0, 0, 0, 1, 0, 1, 0, 0, 1, 1, 1, 0, 0, 0, 3, 0, 0, 1, 0, 0, 1, 2, 1, 0, 0, 3, 0, 1, 0, 1, 1, 0, 0, 3, 1, 2, 0, 0, 0, 0, 0, 0, 1, 0, 0, 0, 0, 3, 1, 0, 0, 0, 1, 0, 0, 1, 2, 0, 3, 0, 1, 3, 0, 0, 3, 0, 2, 0, 0, 0, 0, 1, 0, 1, 0, 0, 3, 1, 2, 0, 0, 1, 1, 0, 1]
event=568:G1_CMAX:update:state=1,action=1,reward=-29.794565179193,nextState=1,old=-211.12688943424456,new=-198.69607672658867
event=569:G2_TEC:update:state=1,action=0,reward=-371.68914750108524,nextState=1,old=-1263.1532564237712,new=-1382.211752640102
event=570:G3_TWC:update:state=1,action=1,reward=-1222.8993873221334,nextState=1,old=-12599.115537453765,new=-11302.191817285146
event=571:G4_BALANCED:update:state=1,action=2,reward=-0.032963476607753665,nextState=1,old=-0.10539389692122063,new=-0.11727859414473019
event=572:G1_CMAX:action:mode=exploit,state=1,draw=0.4704653115756162,action=1
event=573:G1_CMAX:leader:action=1,fingerprint=[66, 68, 55, 92, 86, 48, 24, 89, 70, 13, 60, 50, 93, 15, 25, 52, 1, 59, 76, 67, 65, 17, 77, 75, 28, 26, 35, 36, 94, 95, 41, 6, 7, 0, 79, 33, 46, 58, 32, 88, 54, 71, 53, 29, 56, 8, 49, 39, 34, 14, 37, 72, 38, 23, 40, 98, 69, 27, 47, 80, 73, 63, 83, 44, 57, 11, 5, 82, 61, 16, 45, 51, 42, 3, 90, 81, 91, 21, 87, 19, 18, 9, 62, 22, 99, 64, 10, 2, 31, 43, 30, 85, 84, 20, 74, 78, 96, 12, 97, 4]|[1, 1, 0, 1, 1, 2, 2, 0, 2, 1, 1, 0, 1, 0, 0, 0, 0, 2, 0, 2, 1, 0, 2, 0, 2, 2, 0, 2, 0, 1, 2, 1, 2, 1, 1, 0, 1, 0, 0, 0, 1, 0, 1, 2, 1, 0, 1, 0, 1, 2, 1, 0, 0, 0, 1, 2, 0, 1, 0, 2, 1, 2, 1, 0, 0, 1, 1, 1, 0, 2, 0, 1, 0, 1, 2, 0, 1, 2, 2, 1, 2, 1, 0, 1, 2, 2, 0, 2, 1, 1, 0, 0, 1, 1, 0, 2, 1, 1, 1, 0]|[1, 0, 2, 4, 3, 2, 0, 1, 1, 0, 1, 2, 4, 1, 2, 0, 0, 1, 1, 2, 4, 2, 2, 1, 1, 1, 0, 2, 0, 3, 1, 4, 2, 0, 0, 2, 4, 0, 1, 2, 4, 0, 3, 2, 3, 2, 3, 0, 0, 1, 4, 2, 1, 1, 0, 2, 0, 3, 2, 1, 0, 1, 2, 1, 0, 3, 0, 4, 1, 1, 2, 4, 0, 2, 1, 2, 3, 1, 1, 0, 1, 4, 0, 4, 1, 1, 2, 1, 3, 3, 0, 2, 4, 2, 2, 1, 4, 2, 4, 1]|[0, 2, 0, 0, 1, 0, 0, 0, 0, 2, 3, 0, 1, 1, 0, 0, 0, 0, 1, 0, 1, 0, 0, 1, 1, 1, 0, 0, 0, 3, 0, 2, 1, 0, 0, 1, 2, 1, 0, 1, 3, 0, 1, 0, 1, 1, 0, 0, 3, 1, 2, 0, 0, 0, 0, 0, 0, 1, 1, 0, 0, 0, 3, 1, 0, 0, 0, 1, 0, 0, 1, 2, 0, 3, 0, 1, 3, 0, 0, 3, 0, 2, 0, 0, 0, 0, 1, 0, 3, 3, 0, 0, 1, 2, 0, 0, 1, 2, 0, 1]
event=574:G4_BALANCED:action:mode=explore,state=1,draw=0.9616490823639139,action=1
event=575:G4_BALANCED:leader:action=1,fingerprint=[66, 68, 55, 92, 86, 48, 24, 89, 70, 13, 60, 50, 93, 15, 25, 52, 1, 59, 76, 67, 65, 17, 77, 75, 28, 26, 35, 36, 94, 95, 41, 6, 7, 0, 79, 33, 46, 58, 32, 88, 54, 71, 53, 29, 56, 8, 49, 39, 34, 14, 37, 72, 38, 23, 40, 98, 69, 27, 45, 80, 73, 63, 83, 44, 57, 11, 5, 82, 61, 16, 31, 51, 42, 3, 90, 81, 64, 21, 87, 19, 18, 9, 62, 22, 99, 91, 10, 2, 47, 43, 30, 85, 96, 12, 4, 84, 78, 97, 20, 74]|[1, 1, 0, 0, 1, 2, 1, 0, 0, 2, 1, 0, 1, 0, 2, 0, 0, 2, 0, 2, 1, 0, 2, 1, 2, 2, 2, 2, 0, 1, 2, 2, 2, 1, 2, 1, 1, 0, 0, 0, 0, 0, 1, 2, 1, 0, 1, 0, 1, 2, 1, 0, 0, 0, 2, 1, 0, 1, 0, 1, 1, 2, 1, 0, 0, 1, 0, 1, 1, 2, 1, 2, 1, 0, 2, 0, 2, 1, 0, 0, 2, 1, 0, 1, 0, 1, 0, 2, 1, 2, 2, 2, 1, 0, 1, 1, 2, 0, 0, 0]|[1, 0, 0, 0, 3, 2, 4, 1, 0, 2, 1, 2, 4, 1, 2, 0, 0, 1, 1, 1, 4, 2, 2, 0, 1, 1, 2, 2, 0, 3, 1, 1, 2, 0, 2, 1, 4, 2, 1, 2, 1, 0, 3, 2, 3, 2, 4, 0, 3, 1, 4, 2, 1, 1, 1, 4, 0, 3, 2, 4, 0, 1, 2, 1, 0, 3, 2, 4, 4, 1, 4, 2, 4, 2, 1, 2, 1, 3, 1, 0, 1, 4, 0, 3, 0, 4, 2, 1, 4, 1, 1, 1, 4, 2, 4, 4, 1, 2, 2, 2]|[0, 2, 0, 1, 1, 0, 1, 0, 0, 0, 3, 0, 1, 1, 0, 0, 0, 0, 1, 0, 1, 0, 0, 2, 1, 1, 0, 0, 0, 3, 0, 0, 1, 0, 0, 1, 2, 1, 0, 0, 0, 0, 1, 0, 1, 1, 0, 0, 1, 1, 2, 0, 0, 0, 0, 3, 0, 1, 1, 0, 0, 0, 3, 1, 0, 0, 1, 1, 2, 0, 1, 0, 2, 0, 0, 1, 0, 0, 0, 0, 0, 2, 0, 1, 0, 0, 1, 0, 1, 0, 0, 0, 1, 0, 2, 1, 0, 0, 0, 0]
event=576:G2_TEC:action:mode=exploit,state=1,draw=0.22087855273508494,action=0
event=577:G2_TEC:leader:action=0,fingerprint=[66, 68, 55, 92, 86, 48, 24, 89, 70, 13, 60, 50, 93, 15, 25, 52, 1, 59, 76, 67, 65, 88, 77, 75, 28, 26, 35, 36, 94, 95, 41, 6, 7, 0, 79, 33, 46, 58, 32, 17, 54, 71, 53, 29, 56, 8, 49, 39, 34, 14, 37, 72, 38, 23, 40, 98, 69, 27, 45, 22, 73, 63, 83, 44, 57, 11, 5, 96, 2, 16, 47, 51, 42, 3, 90, 81, 64, 21, 87, 19, 18, 9, 62, 80, 99, 91, 10, 61, 31, 43, 30, 85, 84, 20, 12, 78, 82, 74, 97, 4]|[1, 2, 0, 1, 1, 2, 2, 0, 0, 2, 1, 0, 1, 0, 0, 0, 1, 2, 0, 2, 1, 0, 2, 0, 2, 0, 2, 1, 0, 1, 1, 2, 2, 1, 1, 1, 1, 0, 0, 0, 1, 0, 1, 2, 1, 0, 1, 0, 1, 2, 1, 0, 0, 0, 1, 1, 0, 1, 0, 2, 1, 0, 1, 0, 0, 1, 1, 1, 2, 1, 1, 2, 0, 1, 2, 0, 2, 2, 2, 1, 2, 1, 0, 1, 2, 1, 0, 2, 1, 2, 2, 0, 1, 0, 0, 2, 2, 0, 0, 1]|[1, 2, 0, 4, 3, 2, 0, 1, 0, 2, 4, 2, 4, 1, 2, 0, 4, 1, 1, 1, 4, 2, 2, 1, 1, 2, 2, 3, 0, 3, 1, 1, 2, 0, 0, 1, 4, 0, 1, 2, 4, 0, 3, 2, 3, 2, 4, 0, 3, 1, 4, 2, 1, 1, 0, 4, 0, 3, 2, 1, 0, 1, 2, 1, 0, 3, 3, 4, 1, 4, 4, 2, 0, 2, 1, 2, 1, 1, 1, 0, 1, 4, 0, 4, 1, 4, 2, 1, 3, 1, 1, 1, 4, 2, 2, 1, 1, 2, 2, 4]|[0, 0, 0, 0, 1, 0, 0, 0, 0, 0, 1, 0, 1, 1, 0, 0, 0, 0, 1, 0, 1, 1, 0, 1, 1, 0, 0, 3, 0, 3, 1, 0, 1, 0, 0, 1, 2, 1, 0, 0, 3, 0, 1, 0, 1, 1, 0, 0, 1, 1, 2, 0, 0, 0, 0, 3, 0, 1, 1, 0, 0, 0, 3, 1, 0, 0, 0, 2, 0, 1, 1, 0, 0, 3, 0, 1, 0, 0, 0, 3, 0, 2, 0, 0, 0, 0, 1, 0, 3, 0, 0, 1, 1, 0, 0, 0, 0, 0, 0, 2]
event=578:G3_TWC:action:mode=exploit,state=1,draw=0.3488348018470777,action=1
event=579:G3_TWC:leader:action=1,fingerprint=[66, 68, 55, 92, 86, 48, 24, 89, 70, 13, 60, 50, 93, 15, 25, 52, 1, 59, 76, 67, 65, 17, 77, 75, 28, 26, 35, 36, 94, 95, 41, 6, 7, 0, 79, 33, 46, 58, 32, 88, 54, 71, 53, 29, 56, 8, 49, 39, 34, 14, 37, 72, 38, 23, 40, 98, 69, 27, 47, 80, 73, 63, 83, 44, 57, 11, 5, 82, 61, 16, 45, 51, 42, 3, 90, 81, 91, 21, 87, 19, 18, 9, 62, 22, 99, 64, 10, 2, 31, 43, 30, 85, 96, 12, 74, 20, 84, 4, 78, 97]|[1, 1, 0, 1, 1, 2, 2, 0, 0, 2, 1, 0, 1, 0, 0, 0, 0, 2, 0, 2, 1, 0, 2, 0, 2, 2, 2, 2, 0, 1, 2, 2, 2, 1, 1, 0, 1, 0, 0, 1, 1, 0, 1, 2, 1, 0, 1, 0, 1, 2, 1, 0, 0, 0, 1, 2, 0, 1, 0, 2, 1, 2, 1, 0, 0, 1, 1, 1, 2, 2, 1, 1, 0, 1, 2, 0, 1, 2, 2, 1, 2, 1, 0, 1, 0, 1, 0, 2, 1, 2, 2, 1, 1, 1, 0, 0, 1, 0, 0, 0]|[1, 0, 2, 4, 3, 2, 0, 1, 0, 2, 1, 2, 4, 1, 2, 0, 0, 1, 1, 2, 4, 2, 2, 1, 1, 1, 2, 2, 0, 3, 1, 1, 2, 0, 0, 2, 4, 0, 1, 4, 4, 0, 3, 2, 3, 2, 3, 0, 0, 1, 4, 2, 1, 1, 0, 2, 0, 3, 0, 1, 0, 1, 2, 1, 0, 3, 0, 4, 1, 1, 4, 4, 0, 2, 1, 2, 3, 1, 1, 0, 1, 4, 0, 4, 0, 4, 2, 1, 4, 1, 1, 3, 4, 2, 2, 2, 4, 1, 1, 2]|[0, 2, 0, 0, 1, 0, 0, 0, 0, 0, 3, 0, 1, 1, 0, 0, 0, 0, 1, 0, 1, 0, 0, 1, 1, 1, 0, 0, 0, 3, 0, 0, 1, 0, 0, 1, 2, 1, 0, 0, 3, 0, 1, 0, 1, 1, 0, 0, 3, 1, 2, 0, 0, 0, 0, 0, 0, 1, 0, 0, 0, 0, 3, 1, 0, 0, 0, 1, 0, 0, 1, 2, 0, 3, 0, 1, 3, 0, 0, 3, 0, 2, 0, 0, 0, 0, 1, 0, 1, 0, 0, 3, 1, 2, 0, 0, 1, 1, 0, 1]
event=580:G1_CMAX:update:state=1,action=1,reward=-31.538532684212782,nextState=1,old=-198.69607672658867,new=-190.49539406548374
event=581:G2_TEC:update:state=1,action=0,reward=-460.9838215072523,nextState=1,old=-1382.211752640102,new=-1566.753223619334
event=582:G3_TWC:update:state=1,action=1,reward=-2072.9948091232945,nextState=1,old=-11302.191817285146,new=-11114.74826295141
event=583:G4_BALANCED:update:state=1,action=1,reward=-0.08622101164498107,nextState=1,old=-0.3380874403780172,new=-0.18004388696076523
event=584:G1_CMAX:action:mode=explore,state=1,draw=0.8468892991539972,action=1
event=585:G1_CMAX:leader:action=1,fingerprint=[66, 68, 55, 92, 86, 48, 24, 89, 70, 13, 60, 50, 93, 15, 25, 52, 1, 59, 76, 67, 65, 17, 77, 75, 28, 26, 35, 36, 94, 95, 41, 6, 7, 0, 79, 33, 46, 58, 32, 88, 54, 71, 53, 29, 56, 8, 49, 39, 34, 14, 37, 72, 38, 23, 40, 98, 69, 27, 47, 80, 73, 63, 83, 44, 57, 11, 5, 82, 61, 16, 45, 51, 42, 3, 90, 81, 91, 21, 87, 19, 18, 9, 62, 22, 99, 64, 10, 2, 31, 43, 30, 85, 84, 20, 74, 78, 96, 12, 97, 4]|[1, 1, 0, 1, 1, 2, 2, 0, 2, 1, 1, 0, 1, 0, 0, 0, 0, 2, 0, 2, 1, 0, 2, 0, 2, 2, 0, 2, 0, 1, 2, 1, 2, 1, 1, 0, 1, 0, 0, 0, 1, 0, 1, 2, 1, 0, 1, 0, 1, 2, 1, 0, 0, 0, 1, 2, 0, 1, 0, 2, 1, 2, 1, 0, 0, 1, 1, 1, 0, 2, 0, 1, 0, 1, 2, 0, 1, 2, 2, 1, 2, 1, 0, 1, 2, 2, 0, 2, 1, 1, 0, 0, 1, 1, 0, 2, 1, 1, 1, 0]|[1, 0, 2, 4, 3, 2, 0, 1, 1, 0, 1, 2, 4, 1, 2, 0, 0, 1, 1, 2, 4, 2, 2, 1, 1, 1, 0, 2, 0, 3, 1, 4, 2, 0, 0, 2, 4, 0, 1, 2, 4, 0, 3, 2, 3, 2, 3, 0, 0, 1, 4, 2, 1, 1, 0, 2, 0, 3, 2, 1, 0, 1, 2, 1, 0, 3, 0, 4, 1, 1, 2, 4, 0, 2, 1, 2, 3, 1, 1, 0, 1, 4, 0, 4, 1, 1, 2, 1, 3, 3, 0, 2, 4, 2, 2, 1, 4, 2, 4, 1]|[0, 2, 0, 0, 1, 0, 0, 0, 0, 2, 3, 0, 1, 1, 0, 0, 0, 0, 1, 0, 1, 0, 0, 1, 1, 1, 0, 0, 0, 3, 0, 2, 1, 0, 0, 1, 2, 1, 0, 1, 3, 0, 1, 0, 1, 1, 0, 0, 3, 1, 2, 0, 0, 0, 0, 0, 0, 1, 1, 0, 0, 0, 3, 1, 0, 0, 0, 1, 0, 0, 1, 2, 0, 3, 0, 1, 3, 0, 0, 3, 0, 2, 0, 0, 0, 0, 1, 0, 3, 3, 0, 0, 1, 2, 0, 0, 1, 2, 0, 1]
event=586:G4_BALANCED:action:mode=exploit,state=1,draw=0.6452923675240897,action=2
event=587:G4_BALANCED:tournament:reason=action2,left=18,right=24,selected=[66, 68, 55, 92, 86, 48, 24, 89, 70, 13, 60, 50, 93, 15, 25, 52, 1, 59, 76, 67, 65, 17, 77, 75, 28, 26, 35, 36, 94, 95, 41, 6, 7, 0, 79, 33, 46, 58, 32, 88, 54, 71, 53, 29, 56, 8, 49, 39, 34, 14, 37, 72, 38, 23, 40, 98, 69, 27, 45, 80, 73, 63, 83, 44, 57, 11, 5, 82, 61, 16, 31, 51, 42, 3, 90, 81, 91, 21, 87, 19, 18, 9, 62, 22, 99, 64, 10, 2, 47, 43, 30, 85, 96, 12, 74, 20, 84, 4, 78, 97]|[1, 1, 0, 0, 1, 2, 1, 0, 0, 2, 1, 0, 1, 0, 2, 0, 1, 2, 0, 2, 1, 0, 2, 0, 2, 0, 2, 2, 0, 1, 2, 1, 2, 1, 2, 1, 1, 0, 0, 0, 1, 0, 1, 2, 1, 0, 1, 0, 1, 2, 1, 0, 0, 0, 2, 1, 0, 1, 1, 1, 0, 2, 1, 0, 0, 1, 1, 2, 1, 2, 1, 2, 1, 0, 2, 0, 1, 1, 2, 0, 2, 1, 0, 1, 0, 2, 0, 2, 1, 2, 2, 0, 2, 0, 0, 0, 1, 1, 2, 0]|[1, 0, 0, 0, 3, 2, 4, 1, 0, 2, 1, 2, 4, 1, 2, 0, 4, 1, 1, 1, 4, 2, 2, 1, 1, 2, 2, 2, 0, 3, 1, 4, 2, 0, 2, 1, 4, 2, 1, 2, 4, 0, 3, 2, 3, 2, 3, 0, 3, 1, 4, 2, 1, 1, 1, 4, 0, 3, 4, 4, 2, 1, 2, 1, 0, 3, 0, 1, 4, 1, 4, 2, 4, 2, 1, 2, 3, 3, 1, 0, 1, 4, 0, 4, 0, 1, 2, 1, 3, 1, 1, 2, 1, 2, 2, 2, 4, 4, 1, 2]|[0, 2, 0, 1, 1, 0, 1, 0, 0, 0, 3, 0, 1, 1, 0, 0, 0, 0, 1, 0, 1, 1, 0, 1, 1, 0, 0, 0, 0, 3, 0, 2, 1, 0, 0, 1, 2, 1, 0, 0, 3, 0, 1, 0, 1, 1, 0, 0, 1, 1, 2, 0, 0, 0, 0, 3, 0, 1, 1, 0, 1, 0, 3, 1, 0, 0, 0, 0, 2, 0, 1, 0, 2, 0, 0, 1, 3, 0, 0, 0, 0, 2, 0, 0, 0, 0, 1, 0, 3, 0, 0, 0, 0, 0, 0, 0, 1, 2, 0, 0]
event=588:G4_BALANCED:leader:action=2,fingerprint=[66, 68, 55, 92, 86, 48, 24, 89, 70, 13, 60, 50, 93, 15, 25, 52, 1, 59, 76, 67, 65, 17, 77, 75, 28, 26, 35, 36, 94, 95, 41, 6, 7, 0, 79, 33, 46, 58, 32, 88, 54, 71, 53, 29, 56, 8, 49, 39, 34, 14, 37, 72, 38, 23, 40, 98, 69, 27, 45, 80, 73, 63, 83, 44, 57, 11, 5, 82, 61, 16, 31, 51, 42, 3, 90, 81, 91, 21, 87, 19, 18, 9, 62, 22, 99, 64, 10, 2, 47, 43, 30, 85, 96, 12, 74, 20, 84, 4, 78, 97]|[1, 1, 0, 0, 1, 2, 1, 0, 0, 2, 1, 0, 1, 0, 2, 0, 1, 2, 0, 2, 1, 0, 2, 0, 2, 0, 2, 2, 0, 1, 2, 1, 2, 1, 2, 1, 1, 0, 0, 0, 1, 0, 1, 2, 1, 0, 1, 0, 1, 2, 1, 0, 0, 0, 2, 1, 0, 1, 1, 1, 0, 2, 1, 0, 0, 1, 1, 2, 1, 2, 1, 2, 1, 0, 2, 0, 1, 1, 2, 0, 2, 1, 0, 1, 0, 2, 0, 2, 1, 2, 2, 0, 2, 0, 0, 0, 1, 1, 2, 0]|[1, 0, 0, 0, 3, 2, 4, 1, 0, 2, 1, 2, 4, 1, 2, 0, 4, 1, 1, 1, 4, 2, 2, 1, 1, 2, 2, 2, 0, 3, 1, 4, 2, 0, 2, 1, 4, 2, 1, 2, 4, 0, 3, 2, 3, 2, 3, 0, 3, 1, 4, 2, 1, 1, 1, 4, 0, 3, 4, 4, 2, 1, 2, 1, 0, 3, 0, 1, 4, 1, 4, 2, 4, 2, 1, 2, 3, 3, 1, 0, 1, 4, 0, 4, 0, 1, 2, 1, 3, 1, 1, 2, 1, 2, 2, 2, 4, 4, 1, 2]|[0, 2, 0, 1, 1, 0, 1, 0, 0, 0, 3, 0, 1, 1, 0, 0, 0, 0, 1, 0, 1, 1, 0, 1, 1, 0, 0, 0, 0, 3, 0, 2, 1, 0, 0, 1, 2, 1, 0, 0, 3, 0, 1, 0, 1, 1, 0, 0, 1, 1, 2, 0, 0, 0, 0, 3, 0, 1, 1, 0, 1, 0, 3, 1, 0, 0, 0, 0, 2, 0, 1, 0, 2, 0, 0, 1, 3, 0, 0, 0, 0, 2, 0, 0, 0, 0, 1, 0, 3, 0, 0, 0, 0, 0, 0, 0, 1, 2, 0, 0]
event=589:G2_TEC:action:mode=explore,state=1,draw=0.8074676398858801,action=1
event=590:G2_TEC:leader:action=1,fingerprint=[66, 68, 55, 92, 86, 48, 24, 89, 70, 13, 60, 50, 93, 15, 25, 52, 1, 59, 76, 67, 65, 88, 77, 75, 28, 26, 35, 36, 94, 95, 41, 6, 7, 0, 79, 33, 46, 58, 32, 17, 54, 71, 53, 29, 56, 8, 49, 39, 34, 14, 37, 72, 38, 23, 40, 98, 69, 27, 45, 22, 73, 63, 83, 44, 57, 11, 5, 96, 2, 16, 47, 51, 42, 3, 90, 81, 64, 21, 87, 19, 18, 9, 62, 80, 99, 91, 10, 61, 31, 43, 30, 85, 84, 20, 12, 78, 82, 74, 97, 4]|[1, 2, 0, 1, 1, 2, 2, 0, 0, 2, 1, 0, 1, 0, 0, 0, 1, 2, 0, 2, 1, 0, 2, 0, 2, 0, 2, 1, 0, 1, 1, 2, 2, 1, 1, 1, 1, 0, 0, 0, 1, 0, 1, 2, 1, 0, 1, 0, 1, 2, 1, 0, 0, 0, 1, 1, 0, 1, 0, 2, 1, 0, 1, 0, 0, 1, 1, 1, 2, 1, 1, 2, 0, 1, 2, 0, 2, 2, 2, 1, 2, 1, 0, 1, 2, 1, 0, 2, 1, 2, 2, 0, 1, 0, 0, 2, 2, 0, 0, 1]|[1, 2, 0, 4, 3, 2, 0, 1, 0, 2, 4, 2, 4, 1, 2, 0, 4, 1, 1, 1, 4, 2, 2, 1, 1, 2, 2, 3, 0, 3, 1, 1, 2, 0, 0, 1, 4, 0, 1, 2, 4, 0, 3, 2, 3, 2, 4, 0, 3, 1, 4, 2, 1, 1, 0, 4, 0, 3, 2, 1, 0, 1, 2, 1, 0, 3, 3, 4, 1, 4, 4, 2, 0, 2, 1, 2, 1, 1, 1, 0, 1, 4, 0, 4, 1, 4, 2, 1, 3, 1, 1, 1, 4, 2, 2, 1, 1, 2, 2, 4]|[0, 0, 0, 0, 1, 0, 0, 0, 0, 0, 1, 0, 1, 1, 0, 0, 0, 0, 1, 0, 1, 1, 0, 1, 1, 0, 0, 3, 0, 3, 1, 0, 1, 0, 0, 1, 2, 1, 0, 0, 3, 0, 1, 0, 1, 1, 0, 0, 1, 1, 2, 0, 0, 0, 0, 3, 0, 1, 1, 0, 0, 0, 3, 1, 0, 0, 0, 2, 0, 1, 1, 0, 0, 3, 0, 1, 0, 0, 0, 3, 0, 2, 0, 0, 0, 0, 1, 0, 3, 0, 0, 1, 1, 0, 0, 0, 0, 0, 0, 2]
event=591:G3_TWC:action:mode=explore,state=1,draw=0.9871137034395238,action=0
event=592:G3_TWC:leader:action=0,fingerprint=[66, 68, 55, 92, 86, 48, 24, 89, 70, 13, 60, 50, 93, 15, 25, 52, 1, 59, 76, 67, 65, 17, 77, 75, 28, 26, 35, 36, 94, 95, 41, 6, 7, 0, 79, 33, 46, 58, 32, 88, 54, 71, 53, 29, 56, 8, 49, 39, 34, 14, 37, 72, 38, 23, 40, 98, 69, 27, 47, 80, 73, 63, 83, 44, 57, 11, 5, 82, 61, 16, 45, 51, 42, 3, 90, 81, 91, 21, 87, 19, 18, 9, 62, 22, 99, 64, 10, 2, 31, 43, 30, 85, 96, 12, 74, 20, 84, 4, 78, 97]|[1, 1, 0, 1, 1, 2, 2, 0, 0, 2, 1, 0, 1, 0, 0, 0, 0, 2, 0, 2, 1, 0, 2, 0, 2, 2, 2, 2, 0, 1, 2, 2, 2, 1, 1, 0, 1, 0, 0, 1, 1, 0, 1, 2, 1, 0, 1, 0, 1, 2, 1, 0, 0, 0, 1, 2, 0, 1, 0, 2, 1, 2, 1, 0, 0, 1, 1, 1, 2, 2, 1, 1, 0, 1, 2, 0, 1, 2, 2, 1, 2, 1, 0, 1, 0, 1, 0, 2, 1, 2, 2, 1, 1, 1, 0, 0, 1, 0, 0, 0]|[1, 0, 2, 4, 3, 2, 0, 1, 0, 2, 1, 2, 4, 1, 2, 0, 0, 1, 1, 2, 4, 2, 2, 1, 1, 1, 2, 2, 0, 3, 1, 1, 2, 0, 0, 2, 4, 0, 1, 4, 4, 0, 3, 2, 3, 2, 3, 0, 0, 1, 4, 2, 1, 1, 0, 2, 0, 3, 0, 1, 0, 1, 2, 1, 0, 3, 0, 4, 1, 1, 4, 4, 0, 2, 1, 2, 3, 1, 1, 0, 1, 4, 0, 4, 0, 4, 2, 1, 4, 1, 1, 3, 4, 2, 2, 2, 4, 1, 1, 2]|[0, 2, 0, 0, 1, 0, 0, 0, 0, 0, 3, 0, 1, 1, 0, 0, 0, 0, 1, 0, 1, 0, 0, 1, 1, 1, 0, 0, 0, 3, 0, 0, 1, 0, 0, 1, 2, 1, 0, 0, 3, 0, 1, 0, 1, 1, 0, 0, 3, 1, 2, 0, 0, 0, 0, 0, 0, 1, 0, 0, 0, 0, 3, 1, 0, 0, 0, 1, 0, 0, 1, 2, 0, 3, 0, 1, 3, 0, 0, 3, 0, 2, 0, 0, 0, 0, 1, 0, 1, 0, 0, 3, 1, 2, 0, 0, 1, 1, 0, 1]
event=593:G1_CMAX:update:state=1,action=1,reward=-14.89980579017265,nextState=1,old=-190.49539406548374,new=-167.29612104255963
event=594:G2_TEC:update:state=1,action=1,reward=-15.401099794718903,nextState=1,old=-1542.0310452045574,new=-1249.025935958365
event=595:G3_TWC:update:state=1,action=0,reward=-2785.239813637105,nextState=1,old=-12605.715611819296,new=-11677.038423998234
event=596:G4_BALANCED:update:state=1,action=2,reward=-0.09103489825969997,nextState=1,old=-0.11727859414473019,new=-0.1848577735754841
event=597:G1_CMAX:action:mode=exploit,state=1,draw=0.16576678076897866,action=1
event=598:G1_CMAX:leader:action=1,fingerprint=[66, 68, 55, 92, 86, 48, 24, 89, 70, 13, 60, 50, 93, 15, 25, 52, 1, 59, 76, 67, 65, 17, 77, 75, 28, 26, 35, 36, 94, 95, 41, 6, 7, 0, 79, 33, 46, 58, 32, 88, 54, 71, 53, 29, 56, 8, 49, 39, 34, 14, 37, 72, 38, 23, 40, 98, 69, 27, 47, 80, 73, 63, 83, 44, 57, 11, 5, 82, 61, 16, 45, 51, 42, 3, 90, 81, 91, 21, 87, 19, 18, 9, 62, 22, 99, 64, 10, 2, 31, 43, 30, 85, 84, 20, 74, 78, 96, 12, 97, 4]|[1, 1, 0, 1, 1, 2, 2, 0, 2, 1, 1, 0, 1, 0, 0, 0, 0, 2, 0, 2, 1, 0, 2, 0, 2, 2, 0, 2, 0, 1, 2, 1, 2, 1, 1, 0, 1, 0, 0, 0, 1, 0, 1, 2, 1, 0, 1, 0, 1, 2, 1, 0, 0, 0, 1, 2, 0, 1, 0, 2, 1, 2, 1, 0, 0, 1, 1, 1, 0, 2, 0, 1, 0, 1, 2, 0, 1, 2, 2, 1, 2, 1, 0, 1, 2, 2, 0, 2, 1, 1, 0, 0, 1, 1, 0, 2, 1, 1, 1, 0]|[1, 0, 2, 4, 3, 2, 0, 1, 1, 0, 1, 2, 4, 1, 2, 0, 0, 1, 1, 2, 4, 2, 2, 1, 1, 1, 0, 2, 0, 3, 1, 4, 2, 0, 0, 2, 4, 0, 1, 2, 4, 0, 3, 2, 3, 2, 3, 0, 0, 1, 4, 2, 1, 1, 0, 2, 0, 3, 2, 1, 0, 1, 2, 1, 0, 3, 0, 4, 1, 1, 2, 4, 0, 2, 1, 2, 3, 1, 1, 0, 1, 4, 0, 4, 1, 1, 2, 1, 3, 3, 0, 2, 4, 2, 2, 1, 4, 2, 4, 1]|[0, 2, 0, 0, 1, 0, 0, 0, 0, 2, 3, 0, 1, 1, 0, 0, 0, 0, 1, 0, 1, 0, 0, 1, 1, 1, 0, 0, 0, 3, 0, 2, 1, 0, 0, 1, 2, 1, 0, 1, 3, 0, 1, 0, 1, 1, 0, 0, 3, 1, 2, 0, 0, 0, 0, 0, 0, 1, 1, 0, 0, 0, 3, 1, 0, 0, 0, 1, 0, 0, 1, 2, 0, 3, 0, 1, 3, 0, 0, 3, 0, 2, 0, 0, 0, 0, 1, 0, 3, 3, 0, 0, 1, 2, 0, 0, 1, 2, 0, 1]
event=599:G4_BALANCED:action:mode=exploit,state=1,draw=0.2810719098374045,action=1
event=600:G4_BALANCED:leader:action=1,fingerprint=[66, 68, 55, 92, 86, 48, 24, 89, 70, 13, 60, 50, 93, 15, 25, 52, 1, 59, 76, 67, 65, 88, 77, 75, 28, 26, 35, 36, 94, 95, 41, 6, 7, 0, 79, 33, 46, 58, 32, 17, 54, 71, 53, 29, 56, 8, 49, 39, 34, 14, 37, 72, 38, 23, 40, 98, 69, 27, 45, 22, 73, 63, 83, 44, 57, 11, 5, 96, 2, 16, 47, 51, 42, 3, 90, 81, 64, 21, 87, 19, 18, 9, 62, 80, 99, 91, 10, 61, 31, 43, 30, 85, 84, 20, 82, 12, 74, 4, 78, 97]|[1, 1, 0, 1, 1, 2, 2, 0, 0, 2, 1, 0, 1, 0, 2, 0, 1, 2, 0, 2, 1, 0, 2, 0, 2, 0, 2, 1, 0, 1, 2, 2, 2, 1, 1, 1, 1, 0, 0, 0, 1, 0, 1, 2, 1, 0, 1, 0, 1, 2, 1, 0, 0, 0, 1, 1, 0, 1, 0, 0, 1, 2, 2, 0, 0, 1, 1, 1, 2, 1, 1, 2, 0, 1, 1, 0, 1, 2, 2, 1, 2, 1, 0, 1, 2, 1, 0, 0, 1, 2, 2, 1, 2, 0, 0, 0, 0, 1, 2, 0]|[1, 0, 0, 4, 3, 2, 0, 1, 0, 2, 4, 2, 4, 1, 2, 0, 4, 1, 1, 1, 4, 2, 2, 1, 1, 2, 2, 3, 0, 3, 1, 1, 2, 0, 0, 1, 4, 0, 1, 2, 4, 0, 3, 2, 3, 2, 4, 0, 3, 1, 4, 2, 1, 1, 0, 4, 0, 3, 2, 1, 0, 1, 1, 1, 0, 3, 3, 4, 1, 4, 4, 2, 0, 2, 4, 2, 4, 1, 1, 0, 1, 4, 0, 3, 1, 4, 2, 1, 3, 1, 1, 3, 1, 2, 2, 2, 2, 4, 1, 2]|[0, 2, 0, 0, 1, 0, 0, 0, 0, 0, 1, 0, 1, 1, 0, 0, 0, 0, 1, 0, 1, 1, 0, 1, 1, 0, 0, 3, 0, 3, 0, 0, 1, 0, 0, 1, 2, 1, 0, 0, 3, 0, 1, 0, 1, 1, 0, 0, 1, 1, 2, 0, 0, 0, 0, 3, 0, 1, 1, 0, 0, 0, 0, 1, 0, 0, 0, 1, 0, 1, 1, 0, 0, 3, 2, 1, 1, 0, 0, 3, 0, 2, 0, 1, 0, 0, 1, 0, 3, 0, 0, 3, 0, 0, 0, 0, 0, 2, 0, 0]
event=601:G2_TEC:action:mode=exploit,state=1,draw=0.13360353189823937,action=1
event=602:G2_TEC:leader:action=1,fingerprint=[66, 68, 55, 92, 86, 48, 24, 89, 70, 13, 60, 50, 93, 15, 25, 52, 1, 59, 76, 67, 65, 88, 77, 75, 28, 26, 35, 36, 94, 95, 41, 6, 7, 0, 79, 33, 46, 58, 32, 17, 54, 71, 53, 29, 56, 8, 49, 39, 34, 14, 37, 72, 38, 23, 40, 98, 69, 27, 45, 22, 73, 63, 83, 44, 57, 11, 5, 96, 2, 16, 47, 51, 42, 3, 90, 81, 64, 21, 87, 19, 18, 9, 62, 80, 99, 91, 10, 61, 31, 43, 30, 85, 84, 20, 12, 78, 82, 74, 97, 4]|[1, 2, 0, 1, 1, 2, 2, 0, 0, 2, 1, 0, 1, 0, 0, 0, 1, 2, 0, 2, 1, 0, 2, 0, 2, 0, 2, 1, 0, 1, 1, 2, 2, 1, 1, 1, 1, 0, 0, 0, 1, 0, 1, 2, 1, 0, 1, 0, 1, 2, 1, 0, 0, 0, 1, 1, 0, 1, 0, 2, 1, 0, 1, 0, 0, 1, 1, 1, 2, 1, 1, 2, 0, 1, 2, 0, 2, 2, 2, 1, 2, 1, 0, 1, 2, 1, 0, 2, 1, 2, 2, 0, 1, 0, 0, 2, 2, 0, 0, 1]|[1, 2, 0, 4, 3, 2, 0, 1, 0, 2, 4, 2, 4, 1, 2, 0, 4, 1, 1, 1, 4, 2, 2, 1, 1, 2, 2, 3, 0, 3, 1, 1, 2, 0, 0, 1, 4, 0, 1, 2, 4, 0, 3, 2, 3, 2, 4, 0, 3, 1, 4, 2, 1, 1, 0, 4, 0, 3, 2, 1, 0, 1, 2, 1, 0, 3, 3, 4, 1, 4, 4, 2, 0, 2, 1, 2, 1, 1, 1, 0, 1, 4, 0, 4, 1, 4, 2, 1, 3, 1, 1, 1, 4, 2, 2, 1, 1, 2, 2, 4]|[0, 0, 0, 0, 1, 0, 0, 0, 0, 0, 1, 0, 1, 1, 0, 0, 0, 0, 1, 0, 1, 1, 0, 1, 1, 0, 0, 3, 0, 3, 1, 0, 1, 0, 0, 1, 2, 1, 0, 0, 3, 0, 1, 0, 1, 1, 0, 0, 1, 1, 2, 0, 0, 0, 0, 3, 0, 1, 1, 0, 0, 0, 3, 1, 0, 0, 0, 2, 0, 1, 1, 0, 0, 3, 0, 1, 0, 0, 0, 3, 0, 2, 0, 0, 0, 0, 1, 0, 3, 0, 0, 1, 1, 0, 0, 0, 0, 0, 0, 2]
event=603:G3_TWC:action:mode=exploit,state=1,draw=0.13354075881950978,action=1
event=604:G3_TWC:leader:action=1,fingerprint=[66, 68, 55, 92, 86, 48, 24, 89, 70, 13, 60, 50, 93, 15, 25, 52, 1, 59, 76, 67, 65, 17, 77, 75, 28, 26, 35, 36, 94, 95, 41, 6, 7, 0, 79, 33, 46, 58, 32, 88, 54, 71, 53, 29, 56, 8, 49, 39, 34, 14, 37, 72, 38, 23, 40, 98, 69, 27, 47, 80, 73, 63, 83, 44, 57, 11, 5, 82, 61, 16, 45, 51, 42, 3, 90, 81, 91, 21, 87, 19, 18, 9, 62, 22, 99, 64, 10, 2, 31, 43, 30, 85, 96, 12, 74, 20, 84, 4, 78, 97]|[1, 1, 0, 1, 1, 2, 2, 0, 0, 2, 1, 0, 1, 0, 0, 0, 0, 2, 0, 2, 1, 0, 2, 0, 2, 2, 2, 2, 0, 1, 2, 2, 2, 1, 1, 0, 1, 0, 0, 1, 1, 0, 1, 2, 1, 0, 1, 0, 1, 2, 1, 0, 0, 0, 1, 2, 0, 1, 0, 2, 1, 2, 1, 0, 0, 1, 1, 1, 2, 2, 1, 1, 0, 1, 2, 0, 1, 2, 2, 1, 2, 1, 0, 1, 0, 1, 0, 2, 1, 2, 2, 1, 1, 1, 0, 0, 1, 0, 0, 0]|[1, 0, 2, 4, 3, 2, 0, 1, 0, 2, 1, 2, 4, 1, 2, 0, 0, 1, 1, 2, 4, 2, 2, 1, 1, 1, 2, 2, 0, 3, 1, 1, 2, 0, 0, 2, 4, 0, 1, 4, 4, 0, 3, 2, 3, 2, 3, 0, 0, 1, 4, 2, 1, 1, 0, 2, 0, 3, 0, 1, 0, 1, 2, 1, 0, 3, 0, 4, 1, 1, 4, 4, 0, 2, 1, 2, 3, 1, 1, 0, 1, 4, 0, 4, 0, 4, 2, 1, 4, 1, 1, 3, 4, 2, 2, 2, 4, 1, 1, 2]|[0, 2, 0, 0, 1, 0, 0, 0, 0, 0, 3, 0, 1, 1, 0, 0, 0, 0, 1, 0, 1, 0, 0, 1, 1, 1, 0, 0, 0, 3, 0, 0, 1, 0, 0, 1, 2, 1, 0, 0, 3, 0, 1, 0, 1, 1, 0, 0, 3, 1, 2, 0, 0, 0, 0, 0, 0, 1, 0, 0, 0, 0, 3, 1, 0, 0, 0, 1, 0, 0, 1, 2, 0, 3, 0, 1, 3, 0, 0, 3, 0, 2, 0, 0, 0, 0, 1, 0, 1, 0, 0, 3, 1, 2, 0, 0, 1, 1, 0, 1]
event=605:G1_CMAX:update:state=1,action=1,reward=-20.213837800257124,nextState=1,old=-167.29612104255963,new=-154.05073463430483
event=606:G2_TEC:update:state=1,action=1,reward=-223.2505423802504,nextState=1,old=-1249.025935958365,new=-1222.4712911469423
event=607:G3_TWC:update:state=1,action=1,reward=-3106.2369085319224,nextState=1,old=-11114.74826295141,new=-11998.035518893052
event=608:G4_BALANCED:update:state=1,action=1,reward=-0.10082327326586574,nextState=1,old=-0.18004388696076523,new=-0.24485838283447792
event=609:G1_CMAX:action:mode=exploit,state=1,draw=0.1446687180320938,action=1
event=610:G1_CMAX:leader:action=1,fingerprint=[66, 68, 55, 92, 86, 48, 24, 89, 70, 13, 60, 50, 93, 15, 25, 52, 1, 59, 76, 67, 65, 17, 77, 75, 28, 26, 35, 36, 94, 95, 41, 6, 7, 0, 79, 33, 46, 58, 32, 88, 54, 71, 53, 29, 56, 8, 49, 39, 34, 14, 37, 72, 38, 23, 40, 98, 69, 27, 47, 80, 73, 63, 83, 44, 57, 11, 5, 82, 61, 16, 45, 51, 42, 3, 90, 81, 91, 21, 87, 19, 18, 9, 62, 22, 99, 64, 10, 2, 31, 43, 30, 85, 84, 20, 74, 78, 96, 12, 97, 4]|[1, 1, 0, 1, 1, 2, 2, 0, 2, 1, 1, 0, 1, 0, 0, 0, 0, 2, 0, 2, 1, 0, 2, 0, 2, 2, 0, 2, 0, 1, 2, 1, 2, 1, 1, 0, 1, 0, 0, 0, 1, 0, 1, 2, 1, 0, 1, 0, 1, 2, 1, 0, 0, 0, 1, 2, 0, 1, 0, 2, 1, 2, 1, 0, 0, 1, 1, 1, 0, 2, 0, 1, 0, 1, 2, 0, 1, 2, 2, 1, 2, 1, 0, 1, 2, 2, 0, 2, 1, 1, 0, 0, 1, 1, 0, 2, 1, 1, 1, 0]|[1, 0, 2, 4, 3, 2, 0, 1, 1, 0, 1, 2, 4, 1, 2, 0, 0, 1, 1, 2, 4, 2, 2, 1, 1, 1, 0, 2, 0, 3, 1, 4, 2, 0, 0, 2, 4, 0, 1, 2, 4, 0, 3, 2, 3, 2, 3, 0, 0, 1, 4, 2, 1, 1, 0, 2, 0, 3, 2, 1, 0, 1, 2, 1, 0, 3, 0, 4, 1, 1, 2, 4, 0, 2, 1, 2, 3, 1, 1, 0, 1, 4, 0, 4, 1, 1, 2, 1, 3, 3, 0, 2, 4, 2, 2, 1, 4, 2, 4, 1]|[0, 2, 0, 0, 1, 0, 0, 0, 0, 2, 3, 0, 1, 1, 0, 0, 0, 0, 1, 0, 1, 0, 0, 1, 1, 1, 0, 0, 0, 3, 0, 2, 1, 0, 0, 1, 2, 1, 0, 1, 3, 0, 1, 0, 1, 1, 0, 0, 3, 1, 2, 0, 0, 0, 0, 0, 0, 1, 1, 0, 0, 0, 3, 1, 0, 0, 0, 1, 0, 0, 1, 2, 0, 3, 0, 1, 3, 0, 0, 3, 0, 2, 0, 0, 0, 0, 1, 0, 3, 3, 0, 0, 1, 2, 0, 0, 1, 2, 0, 1]
event=611:G4_BALANCED:action:mode=exploit,state=1,draw=0.08631305414020007,action=2
event=612:G4_BALANCED:tournament:reason=action2,left=33,right=7,selected=[66, 68, 55, 92, 86, 48, 24, 89, 70, 13, 60, 50, 93, 15, 25, 52, 1, 59, 76, 67, 65, 17, 77, 75, 28, 26, 35, 36, 94, 95, 41, 6, 7, 0, 79, 33, 46, 58, 32, 88, 54, 71, 53, 29, 56, 8, 49, 39, 34, 14, 37, 72, 38, 23, 40, 98, 69, 27, 47, 80, 73, 63, 83, 44, 57, 11, 5, 82, 61, 16, 45, 51, 42, 3, 90, 81, 91, 21, 87, 19, 18, 9, 62, 22, 99, 64, 10, 2, 31, 43, 30, 97, 84, 20, 74, 12, 96, 78, 85, 4]|[1, 1, 0, 1, 1, 2, 2, 0, 0, 2, 1, 0, 1, 0, 0, 0, 0, 2, 0, 2, 1, 0, 2, 0, 2, 2, 0, 2, 0, 1, 2, 2, 2, 1, 1, 0, 1, 0, 0, 0, 1, 0, 1, 2, 1, 0, 1, 0, 1, 2, 1, 0, 0, 0, 1, 1, 2, 1, 0, 1, 0, 2, 1, 0, 0, 1, 1, 1, 2, 2, 1, 1, 0, 1, 2, 0, 1, 2, 2, 1, 2, 1, 0, 1, 2, 2, 0, 2, 1, 1, 2, 0, 1, 0, 0, 1, 1, 0, 1, 0]|[1, 0, 2, 4, 3, 2, 0, 1, 0, 2, 1, 2, 4, 1, 2, 0, 0, 1, 1, 2, 4, 2, 2, 1, 1, 1, 0, 2, 0, 3, 1, 1, 2, 0, 0, 2, 4, 0, 1, 2, 4, 0, 3, 2, 3, 2, 3, 0, 3, 1, 4, 2, 1, 1, 0, 4, 2, 3, 0, 3, 2, 1, 2, 1, 0, 3, 0, 4, 1, 1, 4, 4, 0, 2, 1, 2, 3, 1, 1, 0, 1, 4, 0, 4, 1, 1, 2, 1, 3, 3, 1, 2, 4, 2, 2, 2, 4, 1, 3, 1]|[0, 2, 0, 0, 1, 0, 0, 0, 0, 0, 3, 0, 1, 1, 0, 0, 0, 0, 1, 0, 1, 0, 0, 1, 1, 1, 0, 0, 0, 3, 0, 0, 1, 0, 0, 1, 2, 1, 0, 1, 3, 0, 1, 0, 1, 1, 0, 0, 1, 1, 2, 0, 0, 0, 0, 3, 0, 1, 0, 1, 1, 0, 3, 1, 0, 0, 0, 1, 0, 0, 1, 2, 0, 3, 0, 1, 3, 0, 0, 3, 0, 2, 0, 0, 0, 0, 1, 0, 3, 3, 0, 0, 1, 0, 0, 2, 1, 0, 3, 1]
event=613:G4_BALANCED:leader:action=2,fingerprint=[66, 68, 55, 92, 86, 48, 24, 89, 70, 13, 60, 50, 93, 15, 25, 52, 1, 59, 76, 67, 65, 17, 77, 75, 28, 26, 35, 36, 94, 95, 41, 6, 7, 0, 79, 33, 46, 58, 32, 88, 54, 71, 53, 29, 56, 8, 49, 39, 34, 14, 37, 72, 38, 23, 40, 98, 69, 27, 47, 80, 73, 63, 83, 44, 57, 11, 5, 82, 61, 16, 45, 51, 42, 3, 90, 81, 91, 21, 87, 19, 18, 9, 62, 22, 99, 64, 10, 2, 31, 43, 30, 97, 84, 20, 74, 12, 96, 78, 85, 4]|[1, 1, 0, 1, 1, 2, 2, 0, 0, 2, 1, 0, 1, 0, 0, 0, 0, 2, 0, 2, 1, 0, 2, 0, 2, 2, 0, 2, 0, 1, 2, 2, 2, 1, 1, 0, 1, 0, 0, 0, 1, 0, 1, 2, 1, 0, 1, 0, 1, 2, 1, 0, 0, 0, 1, 1, 2, 1, 0, 1, 0, 2, 1, 0, 0, 1, 1, 1, 2, 2, 1, 1, 0, 1, 2, 0, 1, 2, 2, 1, 2, 1, 0, 1, 2, 2, 0, 2, 1, 1, 2, 0, 1, 0, 0, 1, 1, 0, 1, 0]|[1, 0, 2, 4, 3, 2, 0, 1, 0, 2, 1, 2, 4, 1, 2, 0, 0, 1, 1, 2, 4, 2, 2, 1, 1, 1, 0, 2, 0, 3, 1, 1, 2, 0, 0, 2, 4, 0, 1, 2, 4, 0, 3, 2, 3, 2, 3, 0, 3, 1, 4, 2, 1, 1, 0, 4, 2, 3, 0, 3, 2, 1, 2, 1, 0, 3, 0, 4, 1, 1, 4, 4, 0, 2, 1, 2, 3, 1, 1, 0, 1, 4, 0, 4, 1, 1, 2, 1, 3, 3, 1, 2, 4, 2, 2, 2, 4, 1, 3, 1]|[0, 2, 0, 0, 1, 0, 0, 0, 0, 0, 3, 0, 1, 1, 0, 0, 0, 0, 1, 0, 1, 0, 0, 1, 1, 1, 0, 0, 0, 3, 0, 0, 1, 0, 0, 1, 2, 1, 0, 1, 3, 0, 1, 0, 1, 1, 0, 0, 1, 1, 2, 0, 0, 0, 0, 3, 0, 1, 0, 1, 1, 0, 3, 1, 0, 0, 0, 1, 0, 0, 1, 2, 0, 3, 0, 1, 3, 0, 0, 3, 0, 2, 0, 0, 0, 0, 1, 0, 3, 3, 0, 0, 1, 0, 0, 2, 1, 0, 3, 1]
event=614:G2_TEC:action:mode=exploit,state=1,draw=0.6975579116747204,action=1
event=615:G2_TEC:leader:action=1,fingerprint=[66, 68, 55, 92, 86, 48, 24, 89, 70, 13, 60, 50, 93, 15, 25, 52, 1, 59, 76, 67, 65, 88, 77, 75, 28, 26, 35, 36, 94, 95, 41, 6, 7, 0, 79, 33, 46, 58, 32, 17, 54, 71, 53, 29, 56, 8, 49, 39, 34, 14, 37, 72, 38, 23, 40, 98, 69, 27, 45, 22, 73, 63, 83, 44, 57, 11, 5, 96, 2, 16, 47, 51, 42, 3, 90, 81, 64, 21, 87, 19, 18, 9, 62, 80, 99, 91, 10, 61, 31, 43, 30, 85, 84, 20, 12, 78, 82, 74, 97, 4]|[1, 2, 0, 1, 1, 2, 2, 0, 0, 2, 1, 0, 1, 0, 0, 0, 1, 2, 0, 2, 1, 0, 2, 0, 2, 0, 2, 1, 0, 1, 1, 2, 2, 1, 1, 1, 1, 0, 0, 0, 1, 0, 1, 2, 1, 0, 1, 0, 1, 2, 1, 0, 0, 0, 1, 1, 0, 1, 0, 2, 1, 0, 1, 0, 0, 1, 1, 1, 2, 1, 1, 2, 0, 1, 2, 0, 2, 2, 2, 1, 2, 1, 0, 1, 2, 1, 0, 2, 1, 2, 2, 0, 1, 0, 0, 2, 2, 0, 0, 1]|[1, 2, 0, 4, 3, 2, 0, 1, 0, 2, 4, 2, 4, 1, 2, 0, 4, 1, 1, 1, 4, 2, 2, 1, 1, 2, 2, 3, 0, 3, 1, 1, 2, 0, 0, 1, 4, 0, 1, 2, 4, 0, 3, 2, 3, 2, 4, 0, 3, 1, 4, 2, 1, 1, 0, 4, 0, 3, 2, 1, 0, 1, 2, 1, 0, 3, 3, 4, 1, 4, 4, 2, 0, 2, 1, 2, 1, 1, 1, 0, 1, 4, 0, 4, 1, 4, 2, 1, 3, 1, 1, 1, 4, 2, 2, 1, 1, 2, 2, 4]|[0, 0, 0, 0, 1, 0, 0, 0, 0, 0, 1, 0, 1, 1, 0, 0, 0, 0, 1, 0, 1, 1, 0, 1, 1, 0, 0, 3, 0, 3, 1, 0, 1, 0, 0, 1, 2, 1, 0, 0, 3, 0, 1, 0, 1, 1, 0, 0, 1, 1, 2, 0, 0, 0, 0, 3, 0, 1, 1, 0, 0, 0, 3, 1, 0, 0, 0, 2, 0, 1, 1, 0, 0, 3, 0, 1, 0, 0, 0, 3, 0, 2, 0, 0, 0, 0, 1, 0, 3, 0, 0, 1, 1, 0, 0, 0, 0, 0, 0, 2]
event=616:G3_TWC:action:mode=exploit,state=1,draw=0.21556556570384866,action=0
event=617:G3_TWC:leader:action=0,fingerprint=[66, 68, 55, 92, 86, 48, 24, 89, 70, 13, 60, 50, 93, 15, 25, 52, 1, 59, 76, 67, 65, 17, 77, 75, 28, 26, 35, 36, 94, 95, 41, 6, 7, 0, 79, 33, 46, 58, 32, 88, 54, 71, 53, 29, 56, 8, 49, 39, 34, 14, 37, 72, 38, 23, 40, 98, 69, 27, 47, 80, 73, 63, 83, 44, 57, 11, 5, 82, 61, 16, 45, 51, 42, 3, 90, 81, 91, 21, 87, 19, 18, 9, 62, 22, 99, 64, 10, 2, 31, 43, 30, 85, 96, 12, 74, 20, 84, 4, 78, 97]|[1, 1, 0, 1, 1, 2, 2, 0, 0, 2, 1, 0, 1, 0, 0, 0, 0, 2, 0, 2, 1, 0, 2, 0, 2, 2, 2, 2, 0, 1, 2, 2, 2, 1, 1, 0, 1, 0, 0, 1, 1, 0, 1, 2, 1, 0, 1, 0, 1, 2, 1, 0, 0, 0, 1, 2, 0, 1, 0, 2, 1, 2, 1, 0, 0, 1, 1, 1, 2, 2, 1, 1, 0, 1, 2, 0, 1, 2, 2, 1, 2, 1, 0, 1, 0, 1, 0, 2, 1, 2, 2, 1, 1, 1, 0, 0, 1, 0, 0, 0]|[1, 0, 2, 4, 3, 2, 0, 1, 0, 2, 1, 2, 4, 1, 2, 0, 0, 1, 1, 2, 4, 2, 2, 1, 1, 1, 2, 2, 0, 3, 1, 1, 2, 0, 0, 2, 4, 0, 1, 4, 4, 0, 3, 2, 3, 2, 3, 0, 0, 1, 4, 2, 1, 1, 0, 2, 0, 3, 0, 1, 0, 1, 2, 1, 0, 3, 0, 4, 1, 1, 4, 4, 0, 2, 1, 2, 3, 1, 1, 0, 1, 4, 0, 4, 0, 4, 2, 1, 4, 1, 1, 3, 4, 2, 2, 2, 4, 1, 1, 2]|[0, 2, 0, 0, 1, 0, 0, 0, 0, 0, 3, 0, 1, 1, 0, 0, 0, 0, 1, 0, 1, 0, 0, 1, 1, 1, 0, 0, 0, 3, 0, 0, 1, 0, 0, 1, 2, 1, 0, 0, 3, 0, 1, 0, 1, 1, 0, 0, 3, 1, 2, 0, 0, 0, 0, 0, 0, 1, 0, 0, 0, 0, 3, 1, 0, 0, 0, 1, 0, 0, 1, 2, 0, 3, 0, 1, 3, 0, 0, 3, 0, 2, 0, 0, 0, 0, 1, 0, 1, 0, 0, 3, 1, 2, 0, 0, 1, 1, 0, 1]
event=618:G1_CMAX:update:state=1,action=1,reward=-16.806069840318173,nextState=1,old=-154.05073463430483,new=-140.04665754776204
event=619:G2_TEC:update:state=1,action=1,reward=-381.7519571395678,nextState=1,old=-1222.4712911469423,new=-1359.7289900571218
event=620:G3_TWC:update:state=1,action=0,reward=-2722.149169176424,nextState=1,old=-11677.038423998234,new=-12063.779908375012
event=621:G4_BALANCED:update:state=1,action=2,reward=-0.06298327839252976,nextState=1,old=-0.1848577735754841,new=-0.21086949725291707
event=622:G1_CMAX:action:mode=exploit,state=1,draw=0.5653372888970555,action=1
event=623:G1_CMAX:leader:action=1,fingerprint=[66, 68, 55, 92, 86, 48, 24, 89, 70, 13, 60, 50, 93, 15, 25, 52, 1, 59, 76, 67, 65, 17, 77, 75, 28, 26, 35, 36, 94, 95, 41, 6, 7, 0, 79, 33, 46, 58, 32, 88, 54, 71, 53, 29, 56, 8, 49, 39, 34, 14, 37, 72, 38, 23, 40, 98, 69, 27, 47, 80, 73, 63, 83, 44, 57, 11, 5, 82, 61, 16, 45, 51, 42, 3, 90, 81, 91, 21, 87, 19, 18, 9, 62, 22, 99, 64, 10, 2, 31, 43, 30, 85, 84, 20, 74, 78, 96, 12, 97, 4]|[1, 1, 0, 1, 1, 2, 2, 0, 2, 1, 1, 0, 1, 0, 0, 0, 0, 2, 0, 2, 1, 0, 2, 0, 2, 2, 0, 2, 0, 1, 2, 1, 2, 1, 1, 0, 1, 0, 0, 0, 1, 0, 1, 2, 1, 0, 1, 0, 1, 2, 1, 0, 0, 0, 1, 2, 0, 1, 0, 2, 1, 2, 1, 0, 0, 1, 1, 1, 0, 2, 0, 1, 0, 1, 2, 0, 1, 2, 2, 1, 2, 1, 0, 1, 2, 2, 0, 2, 1, 1, 0, 0, 1, 1, 0, 2, 1, 1, 1, 0]|[1, 0, 2, 4, 3, 2, 0, 1, 1, 0, 1, 2, 4, 1, 2, 0, 0, 1, 1, 2, 4, 2, 2, 1, 1, 1, 0, 2, 0, 3, 1, 4, 2, 0, 0, 2, 4, 0, 1, 2, 4, 0, 3, 2, 3, 2, 3, 0, 0, 1, 4, 2, 1, 1, 0, 2, 0, 3, 2, 1, 0, 1, 2, 1, 0, 3, 0, 4, 1, 1, 2, 4, 0, 2, 1, 2, 3, 1, 1, 0, 1, 4, 0, 4, 1, 1, 2, 1, 3, 3, 0, 2, 4, 2, 2, 1, 4, 2, 4, 1]|[0, 2, 0, 0, 1, 0, 0, 0, 0, 2, 3, 0, 1, 1, 0, 0, 0, 0, 1, 0, 1, 0, 0, 1, 1, 1, 0, 0, 0, 3, 0, 2, 1, 0, 0, 1, 2, 1, 0, 1, 3, 0, 1, 0, 1, 1, 0, 0, 3, 1, 2, 0, 0, 0, 0, 0, 0, 1, 1, 0, 0, 0, 3, 1, 0, 0, 0, 1, 0, 0, 1, 2, 0, 3, 0, 1, 3, 0, 0, 3, 0, 2, 0, 0, 0, 0, 1, 0, 3, 3, 0, 0, 1, 2, 0, 0, 1, 2, 0, 1]
event=624:G4_BALANCED:action:mode=exploit,state=1,draw=0.389177867616468,action=2
event=625:G4_BALANCED:tournament:reason=action2,left=11,right=7,selected=[66, 68, 55, 92, 86, 48, 24, 89, 70, 13, 60, 50, 93, 15, 25, 52, 1, 59, 76, 67, 65, 17, 77, 75, 28, 26, 35, 36, 94, 95, 41, 6, 7, 0, 79, 33, 46, 58, 32, 88, 54, 71, 53, 29, 56, 8, 49, 39, 34, 14, 37, 72, 38, 23, 40, 98, 69, 27, 45, 22, 73, 63, 83, 44, 57, 11, 5, 96, 2, 16, 47, 51, 42, 3, 90, 81, 82, 21, 87, 19, 18, 9, 62, 80, 99, 91, 10, 61, 31, 43, 30, 85, 84, 74, 4, 64, 78, 97, 20, 12]|[1, 1, 0, 1, 1, 2, 2, 0, 0, 2, 1, 0, 1, 0, 2, 0, 1, 2, 0, 1, 1, 0, 2, 0, 2, 0, 2, 1, 0, 1, 2, 2, 2, 1, 1, 1, 1, 0, 0, 0, 1, 0, 1, 2, 1, 0, 1, 0, 1, 2, 1, 0, 0, 0, 1, 1, 0, 1, 0, 2, 1, 0, 1, 0, 0, 1, 0, 1, 2, 2, 0, 2, 0, 1, 2, 1, 2, 2, 2, 1, 2, 1, 0, 1, 2, 1, 0, 1, 1, 2, 2, 0, 1, 0, 1, 2, 2, 0, 0, 0]|[1, 0, 0, 4, 3, 2, 0, 1, 0, 2, 1, 2, 4, 1, 2, 0, 4, 1, 1, 1, 4, 2, 2, 1, 1, 2, 2, 3, 0, 3, 1, 1, 2, 0, 0, 1, 4, 0, 1, 2, 4, 0, 3, 2, 3, 2, 3, 0, 3, 1, 4, 2, 1, 1, 0, 4, 0, 3, 2, 1, 0, 1, 2, 1, 0, 3, 2, 4, 1, 1, 0, 2, 0, 2, 1, 4, 1, 1, 1, 0, 1, 4, 0, 4, 1, 4, 2, 4, 3, 1, 1, 1, 4, 2, 4, 1, 1, 2, 2, 2]|[0, 2, 0, 0, 1, 0, 0, 0, 0, 0, 3, 0, 1, 1, 0, 0, 0, 0, 1, 1, 1, 0, 0, 1, 1, 0, 0, 3, 0, 3, 0, 0, 1, 0, 0, 1, 2, 1, 0, 1, 3, 0, 1, 0, 1, 1, 0, 0, 1, 1, 2, 0, 0, 0, 0, 3, 0, 1, 1, 0, 0, 0, 3, 1, 0, 0, 1, 2, 0, 0, 0, 0, 0, 3, 0, 1, 0, 0, 0, 3, 0, 2, 0, 0, 0, 0, 1, 2, 3, 0, 0, 1, 1, 0, 2, 0, 0, 0, 0, 0]
event=626:G4_BALANCED:leader:action=2,fingerprint=[66, 68, 55, 92, 86, 48, 24, 89, 70, 13, 60, 50, 93, 15, 25, 52, 1, 59, 76, 67, 65, 17, 77, 75, 28, 26, 35, 36, 94, 95, 41, 6, 7, 0, 79, 33, 46, 58, 32, 88, 54, 71, 53, 29, 56, 8, 49, 39, 34, 14, 37, 72, 38, 23, 40, 98, 69, 27, 45, 22, 73, 63, 83, 44, 57, 11, 5, 96, 2, 16, 47, 51, 42, 3, 90, 81, 82, 21, 87, 19, 18, 9, 62, 80, 99, 91, 10, 61, 31, 43, 30, 85, 84, 74, 4, 64, 78, 97, 20, 12]|[1, 1, 0, 1, 1, 2, 2, 0, 0, 2, 1, 0, 1, 0, 2, 0, 1, 2, 0, 1, 1, 0, 2, 0, 2, 0, 2, 1, 0, 1, 2, 2, 2, 1, 1, 1, 1, 0, 0, 0, 1, 0, 1, 2, 1, 0, 1, 0, 1, 2, 1, 0, 0, 0, 1, 1, 0, 1, 0, 2, 1, 0, 1, 0, 0, 1, 0, 1, 2, 2, 0, 2, 0, 1, 2, 1, 2, 2, 2, 1, 2, 1, 0, 1, 2, 1, 0, 1, 1, 2, 2, 0, 1, 0, 1, 2, 2, 0, 0, 0]|[1, 0, 0, 4, 3, 2, 0, 1, 0, 2, 1, 2, 4, 1, 2, 0, 4, 1, 1, 1, 4, 2, 2, 1, 1, 2, 2, 3, 0, 3, 1, 1, 2, 0, 0, 1, 4, 0, 1, 2, 4, 0, 3, 2, 3, 2, 3, 0, 3, 1, 4, 2, 1, 1, 0, 4, 0, 3, 2, 1, 0, 1, 2, 1, 0, 3, 2, 4, 1, 1, 0, 2, 0, 2, 1, 4, 1, 1, 1, 0, 1, 4, 0, 4, 1, 4, 2, 4, 3, 1, 1, 1, 4, 2, 4, 1, 1, 2, 2, 2]|[0, 2, 0, 0, 1, 0, 0, 0, 0, 0, 3, 0, 1, 1, 0, 0, 0, 0, 1, 1, 1, 0, 0, 1, 1, 0, 0, 3, 0, 3, 0, 0, 1, 0, 0, 1, 2, 1, 0, 1, 3, 0, 1, 0, 1, 1, 0, 0, 1, 1, 2, 0, 0, 0, 0, 3, 0, 1, 1, 0, 0, 0, 3, 1, 0, 0, 1, 2, 0, 0, 0, 0, 0, 3, 0, 1, 0, 0, 0, 3, 0, 2, 0, 0, 0, 0, 1, 2, 3, 0, 0, 1, 1, 0, 2, 0, 0, 0, 0, 0]
event=627:G2_TEC:action:mode=exploit,state=1,draw=0.693234059180839,action=1
event=628:G2_TEC:leader:action=1,fingerprint=[66, 68, 55, 92, 86, 48, 24, 89, 70, 13, 60, 50, 93, 15, 25, 52, 1, 59, 76, 67, 65, 88, 77, 75, 28, 26, 35, 36, 94, 95, 41, 6, 7, 0, 79, 33, 46, 58, 32, 17, 54, 71, 53, 29, 56, 8, 49, 39, 34, 14, 37, 72, 38, 23, 40, 98, 69, 27, 45, 22, 73, 63, 83, 44, 57, 11, 5, 96, 2, 16, 47, 51, 42, 3, 90, 81, 64, 21, 87, 19, 18, 9, 62, 80, 99, 91, 10, 61, 31, 43, 30, 85, 84, 20, 12, 78, 82, 74, 97, 4]|[1, 2, 0, 1, 1, 2, 2, 0, 0, 2, 1, 0, 1, 0, 0, 0, 1, 2, 0, 2, 1, 0, 2, 0, 2, 0, 2, 1, 0, 1, 1, 2, 2, 1, 1, 1, 1, 0, 0, 0, 1, 0, 1, 2, 1, 0, 1, 0, 1, 2, 1, 0, 0, 0, 1, 1, 0, 1, 0, 2, 1, 0, 1, 0, 0, 1, 1, 1, 2, 1, 1, 2, 0, 1, 2, 0, 2, 2, 2, 1, 2, 1, 0, 1, 2, 1, 0, 2, 1, 2, 2, 0, 1, 0, 0, 2, 2, 0, 0, 1]|[1, 2, 0, 4, 3, 2, 0, 1, 0, 2, 4, 2, 4, 1, 2, 0, 4, 1, 1, 1, 4, 2, 2, 1, 1, 2, 2, 3, 0, 3, 1, 1, 2, 0, 0, 1, 4, 0, 1, 2, 4, 0, 3, 2, 3, 2, 4, 0, 3, 1, 4, 2, 1, 1, 0, 4, 0, 3, 2, 1, 0, 1, 2, 1, 0, 3, 3, 4, 1, 4, 4, 2, 0, 2, 1, 2, 1, 1, 1, 0, 1, 4, 0, 4, 1, 4, 2, 1, 3, 1, 1, 1, 4, 2, 2, 1, 1, 2, 2, 4]|[0, 0, 0, 0, 1, 0, 0, 0, 0, 0, 1, 0, 1, 1, 0, 0, 0, 0, 1, 0, 1, 1, 0, 1, 1, 0, 0, 3, 0, 3, 1, 0, 1, 0, 0, 1, 2, 1, 0, 0, 3, 0, 1, 0, 1, 1, 0, 0, 1, 1, 2, 0, 0, 0, 0, 3, 0, 1, 1, 0, 0, 0, 3, 1, 0, 0, 0, 2, 0, 1, 1, 0, 0, 3, 0, 1, 0, 0, 0, 3, 0, 2, 0, 0, 0, 0, 1, 0, 3, 0, 0, 1, 1, 0, 0, 0, 0, 0, 0, 2]
event=629:G3_TWC:action:mode=exploit,state=1,draw=0.4130082763241172,action=1
event=630:G3_TWC:leader:action=1,fingerprint=[66, 68, 55, 92, 86, 48, 24, 89, 70, 13, 60, 50, 93, 15, 25, 52, 1, 59, 76, 67, 65, 17, 77, 75, 28, 26, 35, 36, 94, 95, 41, 6, 7, 0, 79, 33, 46, 58, 32, 88, 54, 71, 53, 29, 56, 8, 49, 39, 34, 14, 37, 72, 38, 23, 40, 98, 69, 27, 47, 80, 73, 63, 83, 44, 57, 11, 5, 82, 61, 16, 45, 51, 42, 3, 90, 81, 91, 21, 87, 19, 18, 9, 62, 22, 99, 64, 10, 2, 31, 43, 30, 85, 96, 12, 74, 20, 84, 4, 78, 97]|[1, 1, 0, 1, 1, 2, 2, 0, 0, 2, 1, 0, 1, 0, 0, 0, 0, 2, 0, 2, 1, 0, 2, 0, 2, 2, 2, 2, 0, 1, 2, 2, 2, 1, 1, 0, 1, 0, 0, 1, 1, 0, 1, 2, 1, 0, 1, 0, 1, 2, 1, 0, 0, 0, 1, 2, 0, 1, 0, 2, 1, 2, 1, 0, 0, 1, 1, 1, 2, 2, 1, 1, 0, 1, 2, 0, 1, 2, 2, 1, 2, 1, 0, 1, 0, 1, 0, 2, 1, 2, 2, 1, 1, 1, 0, 0, 1, 0, 0, 0]|[1, 0, 2, 4, 3, 2, 0, 1, 0, 2, 1, 2, 4, 1, 2, 0, 0, 1, 1, 2, 4, 2, 2, 1, 1, 1, 2, 2, 0, 3, 1, 1, 2, 0, 0, 2, 4, 0, 1, 4, 4, 0, 3, 2, 3, 2, 3, 0, 0, 1, 4, 2, 1, 1, 0, 2, 0, 3, 0, 1, 0, 1, 2, 1, 0, 3, 0, 4, 1, 1, 4, 4, 0, 2, 1, 2, 3, 1, 1, 0, 1, 4, 0, 4, 0, 4, 2, 1, 4, 1, 1, 3, 4, 2, 2, 2, 4, 1, 1, 2]|[0, 2, 0, 0, 1, 0, 0, 0, 0, 0, 3, 0, 1, 1, 0, 0, 0, 0, 1, 0, 1, 0, 0, 1, 1, 1, 0, 0, 0, 3, 0, 0, 1, 0, 0, 1, 2, 1, 0, 0, 3, 0, 1, 0, 1, 1, 0, 0, 3, 1, 2, 0, 0, 0, 0, 0, 0, 1, 0, 0, 0, 0, 3, 1, 0, 0, 0, 1, 0, 0, 1, 2, 0, 3, 0, 1, 3, 0, 0, 3, 0, 2, 0, 0, 0, 0, 1, 0, 1, 0, 0, 3, 1, 2, 0, 0, 1, 1, 0, 1]
event=631:G1_CMAX:update:state=1,action=1,reward=-33.19424218940742,nextState=1,old=-140.04665754776204,new=-145.23156822761706
event=632:G2_TEC:update:state=1,action=1,reward=-271.33781667424046,nextState=1,old=-1359.7289900571218,new=-1359.121008719938
event=633:G3_TWC:update:state=1,action=1,reward=-3411.9057704227016,nextState=1,old=-11998.035518893052,new=-13010.334185537144
event=634:G4_BALANCED:update:state=1,action=2,reward=-0.0958855827374894,nextState=1,old=-0.21086949725291707,new=-0.26458118053982305
event=635:G1_CMAX:action:mode=exploit,state=1,draw=0.6670720458940563,action=1
event=636:G1_CMAX:leader:action=1,fingerprint=[66, 68, 55, 92, 86, 48, 24, 89, 70, 13, 60, 50, 93, 15, 25, 52, 1, 59, 76, 67, 65, 17, 77, 75, 28, 26, 35, 36, 94, 95, 41, 6, 7, 0, 79, 33, 46, 58, 32, 88, 54, 71, 53, 29, 56, 8, 49, 39, 34, 14, 37, 72, 38, 23, 40, 98, 69, 27, 47, 80, 73, 63, 83, 44, 57, 11, 5, 82, 61, 16, 45, 51, 42, 3, 90, 81, 91, 21, 87, 19, 18, 9, 62, 22, 99, 64, 10, 2, 31, 43, 30, 85, 84, 20, 74, 78, 96, 12, 97, 4]|[1, 1, 0, 1, 1, 2, 2, 0, 2, 1, 1, 0, 1, 0, 0, 0, 0, 2, 0, 2, 1, 0, 2, 0, 2, 2, 0, 2, 0, 1, 2, 1, 2, 1, 1, 0, 1, 0, 0, 0, 1, 0, 1, 2, 1, 0, 1, 0, 1, 2, 1, 0, 0, 0, 1, 2, 0, 1, 0, 2, 1, 2, 1, 0, 0, 1, 1, 1, 0, 2, 0, 1, 0, 1, 2, 0, 1, 2, 2, 1, 2, 1, 0, 1, 2, 2, 0, 2, 1, 1, 0, 0, 1, 1, 0, 2, 1, 1, 1, 0]|[1, 0, 2, 4, 3, 2, 0, 1, 1, 0, 1, 2, 4, 1, 2, 0, 0, 1, 1, 2, 4, 2, 2, 1, 1, 1, 0, 2, 0, 3, 1, 4, 2, 0, 0, 2, 4, 0, 1, 2, 4, 0, 3, 2, 3, 2, 3, 0, 0, 1, 4, 2, 1, 1, 0, 2, 0, 3, 2, 1, 0, 1, 2, 1, 0, 3, 0, 4, 1, 1, 2, 4, 0, 2, 1, 2, 3, 1, 1, 0, 1, 4, 0, 4, 1, 1, 2, 1, 3, 3, 0, 2, 4, 2, 2, 1, 4, 2, 4, 1]|[0, 2, 0, 0, 1, 0, 0, 0, 0, 2, 3, 0, 1, 1, 0, 0, 0, 0, 1, 0, 1, 0, 0, 1, 1, 1, 0, 0, 0, 3, 0, 2, 1, 0, 0, 1, 2, 1, 0, 1, 3, 0, 1, 0, 1, 1, 0, 0, 3, 1, 2, 0, 0, 0, 0, 0, 0, 1, 1, 0, 0, 0, 3, 1, 0, 0, 0, 1, 0, 0, 1, 2, 0, 3, 0, 1, 3, 0, 0, 3, 0, 2, 0, 0, 0, 0, 1, 0, 3, 3, 0, 0, 1, 2, 0, 0, 1, 2, 0, 1]
event=637:G4_BALANCED:action:mode=exploit,state=1,draw=0.7647761524961086,action=1
event=638:G4_BALANCED:leader:action=1,fingerprint=[66, 68, 55, 92, 86, 48, 24, 89, 70, 13, 60, 50, 93, 15, 25, 52, 1, 59, 76, 67, 65, 17, 77, 75, 28, 26, 35, 36, 94, 95, 41, 6, 7, 0, 79, 33, 46, 58, 32, 88, 54, 71, 53, 29, 56, 8, 49, 39, 34, 14, 37, 72, 38, 23, 40, 98, 69, 27, 45, 22, 73, 63, 83, 44, 57, 11, 5, 96, 2, 16, 47, 51, 42, 3, 90, 81, 82, 21, 87, 19, 18, 9, 62, 80, 99, 91, 10, 61, 31, 43, 30, 85, 84, 74, 4, 64, 78, 97, 20, 12]|[1, 1, 0, 1, 1, 2, 2, 0, 0, 2, 1, 0, 1, 0, 2, 0, 1, 2, 0, 1, 1, 0, 2, 0, 2, 0, 2, 1, 0, 1, 2, 2, 2, 1, 1, 1, 1, 0, 0, 0, 1, 0, 1, 2, 1, 0, 1, 0, 1, 2, 1, 0, 0, 0, 1, 1, 0, 1, 0, 2, 1, 0, 1, 0, 0, 1, 0, 1, 2, 2, 0, 2, 0, 1, 2, 1, 2, 2, 2, 1, 2, 1, 0, 1, 2, 1, 0, 1, 1, 2, 2, 0, 1, 0, 1, 2, 2, 0, 0, 0]|[1, 0, 0, 4, 3, 2, 0, 1, 0, 2, 1, 2, 4, 1, 2, 0, 4, 1, 1, 1, 4, 2, 2, 1, 1, 2, 2, 3, 0, 3, 1, 1, 2, 0, 0, 1, 4, 0, 1, 2, 4, 0, 3, 2, 3, 2, 3, 0, 3, 1, 4, 2, 1, 1, 0, 4, 0, 3, 2, 1, 0, 1, 2, 1, 0, 3, 2, 4, 1, 1, 0, 2, 0, 2, 1, 4, 1, 1, 1, 0, 1, 4, 0, 4, 1, 4, 2, 4, 3, 1, 1, 1, 4, 2, 4, 1, 1, 2, 2, 2]|[0, 2, 0, 0, 1, 0, 0, 0, 0, 0, 3, 0, 1, 1, 0, 0, 0, 0, 1, 1, 1, 0, 0, 1, 1, 0, 0, 3, 0, 3, 0, 0, 1, 0, 0, 1, 2, 1, 0, 1, 3, 0, 1, 0, 1, 1, 0, 0, 1, 1, 2, 0, 0, 0, 0, 3, 0, 1, 1, 0, 0, 0, 3, 1, 0, 0, 1, 2, 0, 0, 0, 0, 0, 3, 0, 1, 0, 0, 0, 3, 0, 2, 0, 0, 0, 0, 1, 2, 3, 0, 0, 1, 1, 0, 2, 0, 0, 0, 0, 0]
event=639:G2_TEC:action:mode=exploit,state=1,draw=0.07225153286063246,action=1
event=640:G2_TEC:leader:action=1,fingerprint=[66, 68, 55, 92, 86, 48, 24, 89, 70, 13, 60, 50, 93, 15, 25, 52, 1, 59, 76, 67, 65, 88, 77, 75, 28, 26, 35, 36, 94, 95, 41, 6, 7, 0, 79, 33, 46, 58, 32, 17, 54, 71, 53, 29, 56, 8, 49, 39, 34, 14, 37, 72, 38, 23, 40, 98, 69, 27, 45, 22, 73, 63, 83, 44, 57, 11, 5, 96, 2, 16, 47, 51, 42, 3, 90, 81, 64, 21, 87, 19, 18, 9, 62, 80, 99, 91, 10, 61, 31, 43, 30, 85, 84, 20, 12, 78, 82, 74, 97, 4]|[1, 2, 0, 1, 1, 2, 2, 0, 0, 2, 1, 0, 1, 0, 0, 0, 1, 2, 0, 2, 1, 0, 2, 0, 2, 0, 2, 1, 0, 1, 1, 2, 2, 1, 1, 1, 1, 0, 0, 0, 1, 0, 1, 2, 1, 0, 1, 0, 1, 2, 1, 0, 0, 0, 1, 1, 0, 1, 0, 2, 1, 0, 1, 0, 0, 1, 1, 1, 2, 1, 1, 2, 0, 1, 2, 0, 2, 2, 2, 1, 2, 1, 0, 1, 2, 1, 0, 2, 1, 2, 2, 0, 1, 0, 0, 2, 2, 0, 0, 1]|[1, 2, 0, 4, 3, 2, 0, 1, 0, 2, 4, 2, 4, 1, 2, 0, 4, 1, 1, 1, 4, 2, 2, 1, 1, 2, 2, 3, 0, 3, 1, 1, 2, 0, 0, 1, 4, 0, 1, 2, 4, 0, 3, 2, 3, 2, 4, 0, 3, 1, 4, 2, 1, 1, 0, 4, 0, 3, 2, 1, 0, 1, 2, 1, 0, 3, 3, 4, 1, 4, 4, 2, 0, 2, 1, 2, 1, 1, 1, 0, 1, 4, 0, 4, 1, 4, 2, 1, 3, 1, 1, 1, 4, 2, 2, 1, 1, 2, 2, 4]|[0, 0, 0, 0, 1, 0, 0, 0, 0, 0, 1, 0, 1, 1, 0, 0, 0, 0, 1, 0, 1, 1, 0, 1, 1, 0, 0, 3, 0, 3, 1, 0, 1, 0, 0, 1, 2, 1, 0, 0, 3, 0, 1, 0, 1, 1, 0, 0, 1, 1, 2, 0, 0, 0, 0, 3, 0, 1, 1, 0, 0, 0, 3, 1, 0, 0, 0, 2, 0, 1, 1, 0, 0, 3, 0, 1, 0, 0, 0, 3, 0, 2, 0, 0, 0, 0, 1, 0, 3, 0, 0, 1, 1, 0, 0, 0, 0, 0, 0, 2]
event=641:G3_TWC:action:mode=exploit,state=1,draw=0.7628398498119446,action=0
event=642:G3_TWC:leader:action=0,fingerprint=[66, 68, 55, 92, 86, 48, 24, 89, 70, 13, 60, 50, 93, 15, 25, 52, 1, 59, 76, 67, 65, 17, 77, 75, 28, 26, 35, 36, 94, 95, 41, 6, 7, 0, 79, 33, 46, 58, 32, 88, 54, 71, 53, 29, 56, 8, 49, 39, 34, 14, 37, 72, 38, 23, 40, 98, 69, 27, 47, 80, 73, 63, 83, 44, 57, 11, 5, 82, 61, 16, 45, 51, 42, 3, 90, 81, 91, 21, 87, 19, 18, 9, 62, 22, 99, 64, 10, 2, 31, 43, 30, 85, 96, 12, 74, 20, 84, 4, 78, 97]|[1, 1, 0, 1, 1, 2, 2, 0, 0, 2, 1, 0, 1, 0, 0, 0, 0, 2, 0, 2, 1, 0, 2, 0, 2, 2, 2, 2, 0, 1, 2, 2, 2, 1, 1, 0, 1, 0, 0, 1, 1, 0, 1, 2, 1, 0, 1, 0, 1, 2, 1, 0, 0, 0, 1, 2, 0, 1, 0, 2, 1, 2, 1, 0, 0, 1, 1, 1, 2, 2, 1, 1, 0, 1, 2, 0, 1, 2, 2, 1, 2, 1, 0, 1, 0, 1, 0, 2, 1, 2, 2, 1, 1, 1, 0, 0, 1, 0, 0, 0]|[1, 0, 2, 4, 3, 2, 0, 1, 0, 2, 1, 2, 4, 1, 2, 0, 0, 1, 1, 2, 4, 2, 2, 1, 1, 1, 2, 2, 0, 3, 1, 1, 2, 0, 0, 2, 4, 0, 1, 4, 4, 0, 3, 2, 3, 2, 3, 0, 0, 1, 4, 2, 1, 1, 0, 2, 0, 3, 0, 1, 0, 1, 2, 1, 0, 3, 0, 4, 1, 1, 4, 4, 0, 2, 1, 2, 3, 1, 1, 0, 1, 4, 0, 4, 0, 4, 2, 1, 4, 1, 1, 3, 4, 2, 2, 2, 4, 1, 1, 2]|[0, 2, 0, 0, 1, 0, 0, 0, 0, 0, 3, 0, 1, 1, 0, 0, 0, 0, 1, 0, 1, 0, 0, 1, 1, 1, 0, 0, 0, 3, 0, 0, 1, 0, 0, 1, 2, 1, 0, 0, 3, 0, 1, 0, 1, 1, 0, 0, 3, 1, 2, 0, 0, 0, 0, 0, 0, 1, 0, 0, 0, 0, 3, 1, 0, 0, 0, 1, 0, 0, 1, 2, 0, 3, 0, 1, 3, 0, 0, 3, 0, 2, 0, 0, 0, 0, 1, 0, 1, 0, 0, 3, 1, 2, 0, 0, 1, 1, 0, 1]
event=643:G1_CMAX:update:state=1,action=1,reward=-17.115694563355646,nextState=1,old=-145.23156822761706,new=-133.3009491454493
event=644:G2_TEC:update:state=1,action=1,reward=-180.39357849099906,nextState=1,old=-1359.121008719938,new=-1267.6903854669495
event=645:G3_TWC:update:state=1,action=0,reward=-2678.2601565516525,nextState=1,old=-12063.779908375012,new=-12329.284083251663
event=646:G4_BALANCED:update:state=1,action=1,reward=-0.08391734325041628,nextState=1,old=-0.24485838283447792,new=-0.27980404951799864
event=647:G1_CMAX:action:mode=exploit,state=1,draw=0.12650388758297848,action=1
event=648:G1_CMAX:leader:action=1,fingerprint=[66, 68, 55, 92, 86, 48, 24, 89, 70, 13, 60, 50, 93, 15, 25, 52, 1, 59, 76, 67, 65, 17, 77, 75, 28, 26, 35, 36, 94, 95, 41, 6, 7, 0, 79, 33, 46, 58, 32, 88, 54, 71, 53, 29, 56, 8, 49, 39, 34, 14, 37, 72, 38, 23, 40, 98, 69, 27, 47, 80, 73, 63, 83, 44, 57, 11, 5, 82, 61, 16, 45, 51, 42, 3, 90, 81, 91, 21, 87, 19, 18, 9, 62, 22, 99, 64, 10, 2, 31, 43, 30, 85, 84, 20, 74, 78, 96, 12, 97, 4]|[1, 1, 0, 1, 1, 2, 2, 0, 2, 1, 1, 0, 1, 0, 0, 0, 0, 2, 0, 2, 1, 0, 2, 0, 2, 2, 0, 2, 0, 1, 2, 1, 2, 1, 1, 0, 1, 0, 0, 0, 1, 0, 1, 2, 1, 0, 1, 0, 1, 2, 1, 0, 0, 0, 1, 2, 0, 1, 0, 2, 1, 2, 1, 0, 0, 1, 1, 1, 0, 2, 0, 1, 0, 1, 2, 0, 1, 2, 2, 1, 2, 1, 0, 1, 2, 2, 0, 2, 1, 1, 0, 0, 1, 1, 0, 2, 1, 1, 1, 0]|[1, 0, 2, 4, 3, 2, 0, 1, 1, 0, 1, 2, 4, 1, 2, 0, 0, 1, 1, 2, 4, 2, 2, 1, 1, 1, 0, 2, 0, 3, 1, 4, 2, 0, 0, 2, 4, 0, 1, 2, 4, 0, 3, 2, 3, 2, 3, 0, 0, 1, 4, 2, 1, 1, 0, 2, 0, 3, 2, 1, 0, 1, 2, 1, 0, 3, 0, 4, 1, 1, 2, 4, 0, 2, 1, 2, 3, 1, 1, 0, 1, 4, 0, 4, 1, 1, 2, 1, 3, 3, 0, 2, 4, 2, 2, 1, 4, 2, 4, 1]|[0, 2, 0, 0, 1, 0, 0, 0, 0, 2, 3, 0, 1, 1, 0, 0, 0, 0, 1, 0, 1, 0, 0, 1, 1, 1, 0, 0, 0, 3, 0, 2, 1, 0, 0, 1, 2, 1, 0, 1, 3, 0, 1, 0, 1, 1, 0, 0, 3, 1, 2, 0, 0, 0, 0, 0, 0, 1, 1, 0, 0, 0, 3, 1, 0, 0, 0, 1, 0, 0, 1, 2, 0, 3, 0, 1, 3, 0, 0, 3, 0, 2, 0, 0, 0, 0, 1, 0, 3, 3, 0, 0, 1, 2, 0, 0, 1, 2, 0, 1]
event=649:G4_BALANCED:action:mode=exploit,state=1,draw=0.7778170711524575,action=2
event=650:G4_BALANCED:tournament:reason=action2,left=44,right=14,selected=[66, 68, 55, 92, 86, 48, 24, 89, 70, 13, 60, 50, 93, 15, 25, 52, 1, 59, 76, 67, 65, 17, 77, 75, 28, 26, 35, 36, 94, 95, 41, 6, 7, 0, 79, 33, 46, 58, 32, 88, 54, 71, 53, 29, 56, 8, 49, 39, 34, 14, 37, 72, 38, 23, 40, 98, 69, 27, 47, 80, 73, 63, 83, 44, 57, 11, 5, 82, 61, 16, 45, 51, 42, 3, 90, 81, 91, 21, 87, 19, 18, 9, 62, 22, 99, 64, 10, 2, 31, 43, 30, 85, 96, 12, 20, 78, 84, 74, 97, 4]|[1, 1, 0, 1, 1, 2, 2, 0, 0, 2, 1, 0, 1, 0, 0, 0, 0, 2, 0, 2, 1, 0, 2, 0, 2, 2, 0, 2, 0, 1, 2, 2, 2, 1, 1, 0, 1, 0, 0, 0, 1, 0, 1, 2, 1, 0, 1, 0, 1, 2, 1, 0, 0, 0, 1, 2, 0, 1, 0, 2, 1, 2, 1, 0, 0, 1, 1, 1, 2, 2, 1, 1, 0, 1, 2, 0, 1, 2, 2, 1, 2, 1, 0, 1, 0, 0, 0, 2, 1, 1, 2, 1, 1, 0, 0, 2, 1, 0, 0, 0]|[1, 0, 2, 4, 3, 2, 0, 1, 0, 2, 1, 2, 4, 1, 2, 0, 0, 1, 1, 2, 4, 2, 2, 1, 1, 1, 0, 2, 0, 3, 1, 1, 2, 0, 0, 2, 4, 0, 1, 2, 4, 0, 3, 2, 3, 2, 3, 0, 0, 1, 4, 2, 1, 1, 0, 2, 0, 3, 2, 1, 0, 1, 2, 1, 0, 3, 0, 4, 1, 1, 4, 4, 0, 2, 1, 2, 3, 1, 1, 0, 1, 4, 0, 4, 0, 1, 2, 1, 3, 3, 1, 3, 4, 2, 2, 1, 4, 2, 2, 1]|[0, 2, 0, 0, 1, 0, 0, 0, 0, 0, 3, 0, 1, 1, 0, 0, 0, 0, 1, 0, 1, 0, 0, 1, 1, 1, 0, 0, 0, 3, 0, 0, 1, 0, 0, 1, 2, 1, 0, 1, 3, 0, 1, 0, 1, 1, 0, 0, 3, 1, 2, 0, 0, 0, 0, 0, 0, 1, 1, 0, 0, 0, 3, 1, 0, 0, 0, 1, 0, 0, 1, 2, 0, 3, 0, 1, 3, 0, 0, 3, 0, 2, 0, 0, 0, 0, 1, 0, 3, 3, 0, 3, 1, 0, 0, 0, 1, 0, 0, 1]
event=651:G4_BALANCED:leader:action=2,fingerprint=[66, 68, 55, 92, 86, 48, 24, 89, 70, 13, 60, 50, 93, 15, 25, 52, 1, 59, 76, 67, 65, 17, 77, 75, 28, 26, 35, 36, 94, 95, 41, 6, 7, 0, 79, 33, 46, 58, 32, 88, 54, 71, 53, 29, 56, 8, 49, 39, 34, 14, 37, 72, 38, 23, 40, 98, 69, 27, 47, 80, 73, 63, 83, 44, 57, 11, 5, 82, 61, 16, 45, 51, 42, 3, 90, 81, 91, 21, 87, 19, 18, 9, 62, 22, 99, 64, 10, 2, 31, 43, 30, 85, 96, 12, 20, 78, 84, 74, 97, 4]|[1, 1, 0, 1, 1, 2, 2, 0, 0, 2, 1, 0, 1, 0, 0, 0, 0, 2, 0, 2, 1, 0, 2, 0, 2, 2, 0, 2, 0, 1, 2, 2, 2, 1, 1, 0, 1, 0, 0, 0, 1, 0, 1, 2, 1, 0, 1, 0, 1, 2, 1, 0, 0, 0, 1, 2, 0, 1, 0, 2, 1, 2, 1, 0, 0, 1, 1, 1, 2, 2, 1, 1, 0, 1, 2, 0, 1, 2, 2, 1, 2, 1, 0, 1, 0, 0, 0, 2, 1, 1, 2, 1, 1, 0, 0, 2, 1, 0, 0, 0]|[1, 0, 2, 4, 3, 2, 0, 1, 0, 2, 1, 2, 4, 1, 2, 0, 0, 1, 1, 2, 4, 2, 2, 1, 1, 1, 0, 2, 0, 3, 1, 1, 2, 0, 0, 2, 4, 0, 1, 2, 4, 0, 3, 2, 3, 2, 3, 0, 0, 1, 4, 2, 1, 1, 0, 2, 0, 3, 2, 1, 0, 1, 2, 1, 0, 3, 0, 4, 1, 1, 4, 4, 0, 2, 1, 2, 3, 1, 1, 0, 1, 4, 0, 4, 0, 1, 2, 1, 3, 3, 1, 3, 4, 2, 2, 1, 4, 2, 2, 1]|[0, 2, 0, 0, 1, 0, 0, 0, 0, 0, 3, 0, 1, 1, 0, 0, 0, 0, 1, 0, 1, 0, 0, 1, 1, 1, 0, 0, 0, 3, 0, 0, 1, 0, 0, 1, 2, 1, 0, 1, 3, 0, 1, 0, 1, 1, 0, 0, 3, 1, 2, 0, 0, 0, 0, 0, 0, 1, 1, 0, 0, 0, 3, 1, 0, 0, 0, 1, 0, 0, 1, 2, 0, 3, 0, 1, 3, 0, 0, 3, 0, 2, 0, 0, 0, 0, 1, 0, 3, 3, 0, 3, 1, 0, 0, 0, 1, 0, 0, 1]
event=652:G2_TEC:action:mode=exploit,state=1,draw=0.00969023723648732,action=1
event=653:G2_TEC:leader:action=1,fingerprint=[66, 68, 55, 92, 86, 48, 24, 89, 70, 13, 60, 50, 93, 15, 25, 52, 1, 59, 76, 67, 65, 88, 77, 75, 28, 26, 35, 36, 94, 95, 41, 6, 7, 0, 79, 33, 46, 58, 32, 17, 54, 71, 53, 29, 56, 8, 49, 39, 34, 14, 37, 72, 38, 23, 40, 98, 69, 27, 45, 22, 73, 63, 83, 44, 57, 11, 5, 96, 2, 16, 47, 51, 42, 3, 90, 81, 64, 21, 87, 19, 18, 9, 62, 80, 99, 91, 10, 61, 31, 43, 30, 85, 84, 20, 12, 78, 82, 74, 97, 4]|[1, 2, 0, 1, 1, 2, 2, 0, 0, 2, 1, 0, 1, 0, 0, 0, 1, 2, 0, 2, 1, 0, 2, 0, 2, 0, 2, 1, 0, 1, 1, 2, 2, 1, 1, 1, 1, 0, 0, 0, 1, 0, 1, 2, 1, 0, 1, 0, 1, 2, 1, 0, 0, 0, 1, 1, 0, 1, 0, 2, 1, 0, 1, 0, 0, 1, 1, 1, 2, 1, 1, 2, 0, 1, 2, 0, 2, 2, 2, 1, 2, 1, 0, 1, 2, 1, 0, 2, 1, 2, 2, 0, 1, 0, 0, 2, 2, 0, 0, 1]|[1, 2, 0, 4, 3, 2, 0, 1, 0, 2, 4, 2, 4, 1, 2, 0, 4, 1, 1, 1, 4, 2, 2, 1, 1, 2, 2, 3, 0, 3, 1, 1, 2, 0, 0, 1, 4, 0, 1, 2, 4, 0, 3, 2, 3, 2, 4, 0, 3, 1, 4, 2, 1, 1, 0, 4, 0, 3, 2, 1, 0, 1, 2, 1, 0, 3, 3, 4, 1, 4, 4, 2, 0, 2, 1, 2, 1, 1, 1, 0, 1, 4, 0, 4, 1, 4, 2, 1, 3, 1, 1, 1, 4, 2, 2, 1, 1, 2, 2, 4]|[0, 0, 0, 0, 1, 0, 0, 0, 0, 0, 1, 0, 1, 1, 0, 0, 0, 0, 1, 0, 1, 1, 0, 1, 1, 0, 0, 3, 0, 3, 1, 0, 1, 0, 0, 1, 2, 1, 0, 0, 3, 0, 1, 0, 1, 1, 0, 0, 1, 1, 2, 0, 0, 0, 0, 3, 0, 1, 1, 0, 0, 0, 3, 1, 0, 0, 0, 2, 0, 1, 1, 0, 0, 3, 0, 1, 0, 0, 0, 3, 0, 2, 0, 0, 0, 0, 1, 0, 3, 0, 0, 1, 1, 0, 0, 0, 0, 0, 0, 2]
event=654:G3_TWC:action:mode=explore,state=1,draw=0.9169350824737573,action=0
event=655:G3_TWC:leader:action=0,fingerprint=[66, 68, 55, 92, 86, 48, 24, 89, 70, 13, 60, 50, 93, 15, 25, 52, 1, 59, 76, 67, 65, 17, 77, 75, 28, 26, 35, 36, 94, 95, 41, 6, 7, 0, 79, 33, 46, 58, 32, 88, 54, 71, 53, 29, 56, 8, 49, 39, 34, 14, 37, 72, 38, 23, 40, 98, 69, 27, 47, 80, 73, 63, 83, 44, 57, 11, 5, 82, 61, 16, 45, 51, 42, 3, 90, 81, 91, 21, 87, 19, 18, 9, 62, 22, 99, 64, 10, 2, 31, 43, 30, 85, 96, 12, 74, 20, 84, 4, 78, 97]|[1, 1, 0, 1, 1, 2, 2, 0, 0, 2, 1, 0, 1, 0, 0, 0, 0, 2, 0, 2, 1, 0, 2, 0, 2, 2, 2, 2, 0, 1, 2, 2, 2, 1, 1, 0, 1, 0, 0, 1, 1, 0, 1, 2, 1, 0, 1, 0, 1, 2, 1, 0, 0, 0, 1, 2, 0, 1, 0, 2, 1, 2, 1, 0, 0, 1, 1, 1, 2, 2, 1, 1, 0, 1, 2, 0, 1, 2, 2, 1, 2, 1, 0, 1, 0, 1, 0, 2, 1, 2, 2, 1, 1, 1, 0, 0, 1, 0, 0, 0]|[1, 0, 2, 4, 3, 2, 0, 1, 0, 2, 1, 2, 4, 1, 2, 0, 0, 1, 1, 2, 4, 2, 2, 1, 1, 1, 2, 2, 0, 3, 1, 1, 2, 0, 0, 2, 4, 0, 1, 4, 4, 0, 3, 2, 3, 2, 3, 0, 0, 1, 4, 2, 1, 1, 0, 2, 0, 3, 0, 1, 0, 1, 2, 1, 0, 3, 0, 4, 1, 1, 4, 4, 0, 2, 1, 2, 3, 1, 1, 0, 1, 4, 0, 4, 0, 4, 2, 1, 4, 1, 1, 3, 4, 2, 2, 2, 4, 1, 1, 2]|[0, 2, 0, 0, 1, 0, 0, 0, 0, 0, 3, 0, 1, 1, 0, 0, 0, 0, 1, 0, 1, 0, 0, 1, 1, 1, 0, 0, 0, 3, 0, 0, 1, 0, 0, 1, 2, 1, 0, 0, 3, 0, 1, 0, 1, 1, 0, 0, 3, 1, 2, 0, 0, 0, 0, 0, 0, 1, 0, 0, 0, 0, 3, 1, 0, 0, 0, 1, 0, 0, 1, 2, 0, 3, 0, 1, 3, 0, 0, 3, 0, 2, 0, 0, 0, 0, 1, 0, 1, 0, 0, 3, 1, 2, 0, 0, 1, 1, 0, 1]
event=656:G1_CMAX:update:state=1,action=1,reward=-28.003584144494653,nextState=1,old=-133.3009491454493,new=-134.6443434608541
event=657:G2_TEC:update:state=1,action=1,reward=-388.3350249346695,nextState=1,old=-1267.6903854669495,new=-1402.4873333082292
event=658:G3_TWC:update:state=1,action=0,reward=-2479.836703337147,nextState=1,old=-12329.284083251663,new=-12343.263969938478
event=659:G4_BALANCED:update:state=1,action=2,reward=-0.051211959967064416,nextState=1,old=-0.26458118053982305,new=-0.26287690439892286
event=660:G1_CMAX:action:mode=exploit,state=1,draw=0.7773286803937042,action=1
event=661:G1_CMAX:leader:action=1,fingerprint=[66, 68, 55, 92, 48, 89, 70, 24, 13, 60, 50, 93, 15, 25, 52, 1, 59, 76, 65, 17, 36, 35, 26, 28, 67, 75, 77, 94, 95, 41, 6, 7, 0, 79, 33, 46, 10, 32, 88, 54, 71, 53, 29, 56, 8, 39, 34, 14, 37, 72, 38, 23, 40, 98, 69, 27, 47, 80, 73, 63, 83, 44, 57, 11, 5, 82, 61, 90, 3, 42, 51, 45, 16, 81, 91, 21, 19, 18, 86, 9, 62, 22, 99, 64, 97, 49, 2, 31, 43, 30, 85, 84, 20, 74, 78, 87, 96, 4, 12, 58]|[1, 1, 0, 1, 2, 0, 2, 2, 1, 1, 0, 1, 0, 0, 0, 1, 2, 0, 1, 0, 2, 0, 2, 2, 2, 0, 2, 0, 1, 2, 2, 2, 1, 1, 0, 1, 0, 0, 0, 1, 0, 1, 2, 1, 0, 0, 1, 2, 1, 0, 0, 0, 1, 2, 0, 1, 0, 2, 1, 2, 1, 0, 0, 1, 1, 1, 2, 2, 1, 0, 1, 1, 2, 0, 1, 2, 1, 2, 2, 1, 0, 1, 0, 2, 1, 1, 2, 1, 1, 0, 0, 1, 1, 0, 2, 2, 1, 0, 0, 0]|[1, 0, 1, 4, 1, 2, 1, 1, 0, 1, 2, 4, 1, 2, 0, 4, 1, 1, 4, 2, 2, 0, 1, 1, 2, 1, 2, 0, 3, 1, 1, 2, 0, 0, 2, 4, 2, 1, 2, 4, 0, 3, 2, 3, 2, 0, 0, 1, 4, 2, 1, 1, 0, 2, 0, 3, 2, 1, 0, 1, 2, 1, 0, 3, 0, 4, 1, 1, 2, 1, 4, 4, 1, 2, 3, 1, 0, 1, 2, 4, 0, 4, 0, 1, 4, 3, 1, 3, 3, 0, 2, 4, 2, 2, 1, 1, 4, 1, 2, 0]|[0, 2, 0, 0, 0, 0, 0, 0, 2, 3, 0, 1, 1, 0, 0, 0, 0, 1, 1, 0, 0, 0, 1, 1, 0, 1, 0, 0, 3, 0, 0, 1, 0, 0, 1, 2, 1, 0, 1, 3, 0, 1, 0, 1, 1, 0, 3, 1, 2, 0, 0, 0, 0, 0, 0, 1, 1, 0, 0, 0, 3, 1, 0, 0, 0, 1, 0, 0, 3, 1, 2, 1, 0, 1, 3, 0, 3, 0, 1, 2, 0, 0, 0, 0, 0, 0, 0, 3, 3, 0, 0, 1, 2, 0, 0, 0, 1, 1, 0, 1]
event=662:G4_BALANCED:action:mode=exploit,state=1,draw=0.3497547097608852,action=2
event=663:G4_BALANCED:tournament:reason=action2,left=29,right=53,selected=[66, 68, 55, 92, 86, 48, 24, 89, 70, 13, 60, 50, 93, 15, 25, 52, 1, 59, 76, 67, 65, 88, 77, 75, 28, 26, 35, 36, 94, 95, 41, 6, 7, 0, 79, 33, 46, 58, 32, 17, 54, 71, 53, 29, 56, 8, 49, 39, 34, 14, 37, 72, 38, 23, 40, 98, 69, 27, 45, 22, 73, 63, 83, 44, 57, 11, 5, 96, 2, 16, 47, 51, 42, 3, 90, 81, 64, 21, 87, 19, 18, 9, 62, 80, 99, 91, 10, 61, 31, 43, 30, 85, 84, 20, 12, 4, 74, 78, 82, 97]|[1, 2, 0, 1, 1, 2, 2, 0, 0, 2, 1, 0, 1, 0, 0, 0, 1, 2, 0, 2, 1, 0, 2, 0, 2, 0, 2, 1, 0, 1, 2, 2, 2, 1, 1, 1, 1, 0, 0, 0, 1, 0, 1, 2, 1, 0, 1, 0, 1, 2, 1, 0, 0, 0, 1, 1, 0, 1, 0, 2, 1, 0, 1, 0, 0, 1, 1, 1, 2, 2, 1, 1, 0, 1, 2, 0, 2, 2, 2, 0, 2, 1, 0, 1, 2, 1, 0, 1, 1, 2, 2, 0, 1, 0, 2, 1, 0, 0, 2, 0]|[1, 2, 0, 4, 3, 2, 0, 1, 0, 2, 4, 2, 4, 1, 2, 0, 4, 1, 1, 2, 4, 2, 2, 1, 1, 2, 2, 3, 0, 3, 1, 1, 2, 0, 0, 1, 4, 0, 1, 2, 4, 0, 3, 2, 3, 2, 3, 0, 3, 1, 4, 2, 1, 1, 0, 4, 0, 3, 2, 1, 0, 1, 2, 1, 0, 3, 0, 4, 1, 1, 4, 4, 0, 2, 1, 2, 1, 1, 1, 2, 1, 4, 0, 4, 1, 3, 2, 4, 3, 1, 1, 1, 4, 2, 1, 4, 2, 1, 1, 2]|[0, 0, 0, 0, 1, 0, 0, 0, 0, 0, 1, 0, 1, 1, 0, 0, 0, 0, 1, 0, 1, 1, 0, 1, 1, 0, 0, 3, 0, 3, 0, 0, 1, 0, 0, 1, 2, 1, 0, 0, 3, 0, 1, 0, 1, 1, 0, 0, 1, 1, 2, 0, 0, 0, 0, 3, 0, 1, 1, 0, 0, 0, 3, 1, 0, 0, 0, 2, 0, 0, 1, 2, 0, 3, 0, 1, 0, 0, 0, 1, 0, 2, 0, 0, 0, 3, 1, 2, 3, 0, 0, 1, 1, 0, 0, 2, 0, 0, 0, 0]
event=664:G4_BALANCED:leader:action=2,fingerprint=[66, 68, 55, 92, 86, 48, 24, 89, 70, 13, 60, 50, 93, 15, 25, 52, 1, 59, 76, 67, 65, 88, 77, 75, 28, 26, 35, 36, 94, 95, 41, 6, 7, 0, 79, 33, 46, 58, 32, 17, 54, 71, 53, 29, 56, 8, 49, 39, 34, 14, 37, 72, 38, 23, 40, 98, 69, 27, 45, 22, 73, 63, 83, 44, 57, 11, 5, 96, 2, 16, 47, 51, 42, 3, 90, 81, 64, 21, 87, 19, 18, 9, 62, 80, 99, 91, 10, 61, 31, 43, 30, 85, 84, 20, 12, 4, 74, 78, 82, 97]|[1, 2, 0, 1, 1, 2, 2, 0, 0, 2, 1, 0, 1, 0, 0, 0, 1, 2, 0, 2, 1, 0, 2, 0, 2, 0, 2, 1, 0, 1, 2, 2, 2, 1, 1, 1, 1, 0, 0, 0, 1, 0, 1, 2, 1, 0, 1, 0, 1, 2, 1, 0, 0, 0, 1, 1, 0, 1, 0, 2, 1, 0, 1, 0, 0, 1, 1, 1, 2, 2, 1, 1, 0, 1, 2, 0, 2, 2, 2, 0, 2, 1, 0, 1, 2, 1, 0, 1, 1, 2, 2, 0, 1, 0, 2, 1, 0, 0, 2, 0]|[1, 2, 0, 4, 3, 2, 0, 1, 0, 2, 4, 2, 4, 1, 2, 0, 4, 1, 1, 2, 4, 2, 2, 1, 1, 2, 2, 3, 0, 3, 1, 1, 2, 0, 0, 1, 4, 0, 1, 2, 4, 0, 3, 2, 3, 2, 3, 0, 3, 1, 4, 2, 1, 1, 0, 4, 0, 3, 2, 1, 0, 1, 2, 1, 0, 3, 0, 4, 1, 1, 4, 4, 0, 2, 1, 2, 1, 1, 1, 2, 1, 4, 0, 4, 1, 3, 2, 4, 3, 1, 1, 1, 4, 2, 1, 4, 2, 1, 1, 2]|[0, 0, 0, 0, 1, 0, 0, 0, 0, 0, 1, 0, 1, 1, 0, 0, 0, 0, 1, 0, 1, 1, 0, 1, 1, 0, 0, 3, 0, 3, 0, 0, 1, 0, 0, 1, 2, 1, 0, 0, 3, 0, 1, 0, 1, 1, 0, 0, 1, 1, 2, 0, 0, 0, 0, 3, 0, 1, 1, 0, 0, 0, 3, 1, 0, 0, 0, 2, 0, 0, 1, 2, 0, 3, 0, 1, 0, 0, 0, 1, 0, 2, 0, 0, 0, 3, 1, 2, 3, 0, 0, 1, 1, 0, 0, 2, 0, 0, 0, 0]
event=665:G2_TEC:action:mode=exploit,state=1,draw=0.10907340285986022,action=1
event=666:G2_TEC:leader:action=1,fingerprint=[66, 68, 55, 92, 86, 48, 24, 89, 70, 13, 60, 50, 93, 15, 25, 52, 1, 59, 76, 67, 65, 88, 77, 75, 28, 26, 35, 36, 94, 95, 41, 6, 7, 0, 79, 33, 46, 58, 32, 17, 54, 71, 53, 29, 56, 8, 49, 39, 34, 14, 37, 72, 38, 23, 40, 98, 69, 27, 45, 22, 73, 63, 83, 44, 57, 11, 5, 96, 2, 16, 47, 51, 42, 3, 90, 81, 64, 21, 87, 19, 18, 9, 62, 80, 99, 91, 10, 61, 31, 43, 30, 85, 84, 20, 12, 78, 82, 74, 97, 4]|[1, 2, 0, 1, 1, 2, 2, 0, 0, 2, 1, 0, 1, 0, 0, 0, 1, 2, 0, 2, 1, 0, 2, 0, 2, 0, 2, 1, 0, 1, 1, 2, 2, 1, 1, 1, 1, 0, 0, 0, 1, 0, 1, 2, 1, 0, 1, 0, 1, 2, 1, 0, 0, 0, 1, 1, 0, 1, 0, 2, 1, 0, 1, 0, 0, 1, 1, 1, 2, 1, 1, 2, 0, 1, 2, 0, 2, 2, 2, 1, 2, 1, 0, 1, 2, 1, 0, 2, 1, 2, 2, 0, 1, 0, 0, 2, 2, 0, 0, 1]|[1, 2, 0, 4, 3, 2, 0, 1, 0, 2, 4, 2, 4, 1, 2, 0, 4, 1, 1, 1, 4, 2, 2, 1, 1, 2, 2, 3, 0, 3, 1, 1, 2, 0, 0, 1, 4, 0, 1, 2, 4, 0, 3, 2, 3, 2, 4, 0, 3, 1, 4, 2, 1, 1, 0, 4, 0, 3, 2, 1, 0, 1, 2, 1, 0, 3, 3, 4, 1, 4, 4, 2, 0, 2, 1, 2, 1, 1, 1, 0, 1, 4, 0, 4, 1, 4, 2, 1, 3, 1, 1, 1, 4, 2, 2, 1, 1, 2, 2, 4]|[0, 0, 0, 0, 1, 0, 0, 0, 0, 0, 1, 0, 1, 1, 0, 0, 0, 0, 1, 0, 1, 1, 0, 1, 1, 0, 0, 3, 0, 3, 1, 0, 1, 0, 0, 1, 2, 1, 0, 0, 3, 0, 1, 0, 1, 1, 0, 0, 1, 1, 2, 0, 0, 0, 0, 3, 0, 1, 1, 0, 0, 0, 3, 1, 0, 0, 0, 2, 0, 1, 1, 0, 0, 3, 0, 1, 0, 0, 0, 3, 0, 2, 0, 0, 0, 0, 1, 0, 3, 0, 0, 1, 1, 0, 0, 0, 0, 0, 0, 2]
event=667:G3_TWC:action:mode=exploit,state=1,draw=0.67027077091782,action=0
event=668:G3_TWC:leader:action=0,fingerprint=[66, 68, 55, 92, 86, 48, 24, 89, 70, 13, 60, 50, 93, 15, 25, 52, 1, 59, 76, 67, 65, 17, 77, 75, 28, 26, 35, 36, 94, 95, 41, 6, 7, 0, 79, 33, 46, 58, 32, 88, 54, 71, 53, 29, 56, 8, 49, 39, 34, 14, 37, 72, 38, 23, 40, 98, 69, 27, 47, 80, 73, 63, 83, 44, 57, 11, 5, 82, 61, 16, 45, 51, 42, 3, 90, 81, 91, 21, 87, 19, 18, 9, 62, 22, 99, 64, 10, 2, 31, 43, 30, 85, 96, 12, 74, 20, 84, 4, 78, 97]|[1, 1, 0, 1, 1, 2, 2, 0, 0, 2, 1, 0, 1, 0, 0, 0, 0, 2, 0, 2, 1, 0, 2, 0, 2, 2, 2, 2, 0, 1, 2, 2, 2, 1, 1, 0, 1, 0, 0, 1, 1, 0, 1, 2, 1, 0, 1, 0, 1, 2, 1, 0, 0, 0, 1, 2, 0, 1, 0, 2, 1, 2, 1, 0, 0, 1, 1, 1, 2, 2, 1, 1, 0, 1, 2, 0, 1, 2, 2, 1, 2, 1, 0, 1, 0, 1, 0, 2, 1, 2, 2, 1, 1, 1, 0, 0, 1, 0, 0, 0]|[1, 0, 2, 4, 3, 2, 0, 1, 0, 2, 1, 2, 4, 1, 2, 0, 0, 1, 1, 2, 4, 2, 2, 1, 1, 1, 2, 2, 0, 3, 1, 1, 2, 0, 0, 2, 4, 0, 1, 4, 4, 0, 3, 2, 3, 2, 3, 0, 0, 1, 4, 2, 1, 1, 0, 2, 0, 3, 0, 1, 0, 1, 2, 1, 0, 3, 0, 4, 1, 1, 4, 4, 0, 2, 1, 2, 3, 1, 1, 0, 1, 4, 0, 4, 0, 4, 2, 1, 4, 1, 1, 3, 4, 2, 2, 2, 4, 1, 1, 2]|[0, 2, 0, 0, 1, 0, 0, 0, 0, 0, 3, 0, 1, 1, 0, 0, 0, 0, 1, 0, 1, 0, 0, 1, 1, 1, 0, 0, 0, 3, 0, 0, 1, 0, 0, 1, 2, 1, 0, 0, 3, 0, 1, 0, 1, 1, 0, 0, 3, 1, 2, 0, 0, 0, 0, 0, 0, 1, 0, 0, 0, 0, 3, 1, 0, 0, 0, 1, 0, 0, 1, 2, 0, 3, 0, 1, 3, 0, 0, 3, 0, 2, 0, 0, 0, 0, 1, 0, 1, 0, 0, 3, 1, 2, 0, 0, 1, 1, 0, 1]
event=669:G1_CMAX:update:state=1,action=1,reward=-124.57074926295218,nextState=1,old=-134.6443434608541,new=-232.28622403163547
event=670:G2_TEC:update:state=1,action=1,reward=-1872.9262595729379,nextState=1,old=-1402.4873333082292,new=-2994.916126219521
event=671:G3_TWC:update:state=1,action=0,reward=-7980.037785506851,nextState=1,old=-12343.263969938478,new=-17854.648961457635
event=672:G4_BALANCED:update:state=1,action=2,reward=-0.18798754440974202,nextState=1,old=-0.26287690439892286,new=-0.3982890679288803
event=673:G1_CMAX:action:mode=exploit,state=1,draw=0.30522011002252314,action=2
event=674:G1_CMAX:tournament:reason=action2,left=49,right=26,selected=[68, 55, 22, 86, 48, 24, 89, 70, 13, 84, 50, 93, 15, 25, 52, 1, 59, 76, 67, 60, 17, 77, 75, 28, 26, 35, 36, 94, 95, 66, 41, 6, 7, 54, 88, 32, 58, 33, 79, 0, 71, 53, 29, 8, 5, 56, 39, 34, 14, 72, 38, 23, 40, 98, 69, 27, 47, 80, 73, 46, 63, 83, 37, 44, 57, 11, 49, 82, 65, 16, 19, 51, 42, 3, 90, 81, 91, 21, 87, 31, 18, 9, 62, 96, 99, 64, 10, 78, 12, 43, 30, 85, 92, 20, 74, 2, 45, 4, 61, 97]|[1, 0, 1, 2, 2, 2, 0, 0, 2, 1, 0, 1, 0, 0, 0, 0, 2, 0, 2, 1, 0, 2, 0, 2, 2, 2, 2, 0, 1, 1, 2, 2, 2, 1, 0, 0, 0, 0, 1, 1, 0, 1, 2, 0, 1, 1, 0, 1, 2, 0, 0, 0, 1, 2, 0, 1, 0, 2, 1, 1, 2, 1, 1, 0, 0, 1, 1, 1, 1, 2, 1, 1, 0, 1, 2, 0, 1, 0, 2, 1, 2, 1, 0, 1, 2, 1, 0, 0, 1, 2, 2, 0, 1, 0, 0, 2, 1, 0, 1, 0]|[4, 2, 0, 1, 2, 0, 1, 0, 2, 4, 2, 4, 1, 2, 0, 0, 1, 1, 2, 1, 2, 2, 1, 1, 1, 2, 2, 0, 3, 1, 1, 1, 2, 4, 2, 1, 0, 2, 0, 0, 0, 3, 2, 2, 0, 3, 0, 0, 1, 2, 1, 1, 0, 2, 0, 3, 2, 1, 0, 4, 1, 2, 4, 1, 0, 3, 3, 4, 4, 1, 0, 4, 0, 2, 1, 2, 3, 1, 1, 4, 1, 4, 0, 4, 1, 4, 2, 1, 2, 1, 1, 2, 4, 2, 2, 1, 4, 1, 4, 2]|[2, 0, 2, 1, 0, 0, 0, 0, 0, 1, 0, 1, 1, 0, 0, 0, 0, 1, 0, 3, 0, 0, 1, 1, 1, 0, 0, 0, 3, 2, 0, 0, 1, 3, 1, 0, 1, 1, 0, 0, 0, 1, 0, 1, 0, 1, 0, 3, 1, 0, 0, 0, 0, 0, 0, 1, 1, 0, 0, 2, 0, 3, 2, 1, 0, 0, 0, 1, 1, 0, 3, 2, 0, 3, 0, 1, 3, 0, 0, 1, 0, 2, 0, 1, 0, 0, 1, 0, 2, 0, 0, 1, 0, 0, 0, 0, 1, 1, 2, 1]
event=675:G1_CMAX:leader:action=2,fingerprint=[68, 55, 22, 86, 48, 24, 89, 70, 13, 84, 50, 93, 15, 25, 52, 1, 59, 76, 67, 60, 17, 77, 75, 28, 26, 35, 36, 94, 95, 66, 41, 6, 7, 54, 88, 32, 58, 33, 79, 0, 71, 53, 29, 8, 5, 56, 39, 34, 14, 72, 38, 23, 40, 98, 69, 27, 47, 80, 73, 46, 63, 83, 37, 44, 57, 11, 49, 82, 65, 16, 19, 51, 42, 3, 90, 81, 91, 21, 87, 31, 18, 9, 62, 96, 99, 64, 10, 78, 12, 43, 30, 85, 92, 20, 74, 2, 45, 4, 61, 97]|[1, 0, 1, 2, 2, 2, 0, 0, 2, 1, 0, 1, 0, 0, 0, 0, 2, 0, 2, 1, 0, 2, 0, 2, 2, 2, 2, 0, 1, 1, 2, 2, 2, 1, 0, 0, 0, 0, 1, 1, 0, 1, 2, 0, 1, 1, 0, 1, 2, 0, 0, 0, 1, 2, 0, 1, 0, 2, 1, 1, 2, 1, 1, 0, 0, 1, 1, 1, 1, 2, 1, 1, 0, 1, 2, 0, 1, 0, 2, 1, 2, 1, 0, 1, 2, 1, 0, 0, 1, 2, 2, 0, 1, 0, 0, 2, 1, 0, 1, 0]|[4, 2, 0, 1, 2, 0, 1, 0, 2, 4, 2, 4, 1, 2, 0, 0, 1, 1, 2, 1, 2, 2, 1, 1, 1, 2, 2, 0, 3, 1, 1, 1, 2, 4, 2, 1, 0, 2, 0, 0, 0, 3, 2, 2, 0, 3, 0, 0, 1, 2, 1, 1, 0, 2, 0, 3, 2, 1, 0, 4, 1, 2, 4, 1, 0, 3, 3, 4, 4, 1, 0, 4, 0, 2, 1, 2, 3, 1, 1, 4, 1, 4, 0, 4, 1, 4, 2, 1, 2, 1, 1, 2, 4, 2, 2, 1, 4, 1, 4, 2]|[2, 0, 2, 1, 0, 0, 0, 0, 0, 1, 0, 1, 1, 0, 0, 0, 0, 1, 0, 3, 0, 0, 1, 1, 1, 0, 0, 0, 3, 2, 0, 0, 1, 3, 1, 0, 1, 1, 0, 0, 0, 1, 0, 1, 0, 1, 0, 3, 1, 0, 0, 0, 0, 0, 0, 1, 1, 0, 0, 2, 0, 3, 2, 1, 0, 0, 0, 1, 1, 0, 3, 2, 0, 3, 0, 1, 3, 0, 0, 1, 0, 2, 0, 1, 0, 0, 1, 0, 2, 0, 0, 1, 0, 0, 0, 0, 1, 1, 2, 1]
event=676:G4_BALANCED:action:mode=exploit,state=1,draw=0.6949737584106325,action=1
event=677:G4_BALANCED:leader:action=1,fingerprint=[66, 68, 55, 92, 86, 48, 24, 89, 70, 13, 60, 50, 93, 15, 25, 52, 1, 59, 76, 67, 65, 17, 77, 75, 28, 26, 35, 36, 94, 95, 41, 6, 7, 0, 79, 33, 46, 58, 32, 88, 54, 71, 53, 29, 56, 8, 49, 39, 34, 14, 37, 72, 38, 23, 40, 98, 69, 27, 47, 80, 30, 63, 83, 44, 57, 11, 5, 82, 61, 16, 45, 51, 42, 3, 90, 81, 91, 21, 87, 19, 18, 9, 62, 22, 99, 64, 10, 2, 31, 43, 73, 85, 84, 20, 74, 78, 96, 4, 12, 97]|[1, 1, 0, 1, 1, 2, 2, 0, 0, 2, 1, 0, 1, 0, 0, 0, 0, 2, 0, 2, 1, 0, 2, 1, 2, 0, 0, 2, 0, 1, 2, 1, 2, 1, 1, 0, 1, 0, 0, 0, 1, 0, 1, 2, 1, 0, 1, 0, 2, 2, 1, 0, 0, 0, 1, 2, 2, 1, 0, 1, 2, 2, 1, 0, 0, 1, 1, 1, 0, 2, 1, 1, 0, 1, 2, 0, 1, 1, 2, 1, 2, 1, 0, 1, 2, 2, 0, 2, 1, 1, 1, 1, 1, 0, 0, 2, 1, 0, 0, 0]|[1, 0, 2, 4, 3, 2, 0, 1, 0, 2, 1, 2, 4, 1, 2, 0, 0, 1, 1, 2, 4, 2, 2, 0, 1, 2, 0, 2, 0, 3, 1, 4, 2, 0, 0, 2, 4, 0, 1, 2, 4, 0, 3, 2, 3, 2, 3, 0, 1, 1, 4, 2, 1, 1, 0, 2, 2, 3, 2, 4, 1, 1, 2, 1, 0, 3, 0, 4, 1, 1, 4, 4, 0, 2, 1, 2, 3, 3, 1, 0, 1, 4, 0, 4, 1, 1, 2, 1, 3, 3, 0, 3, 4, 2, 2, 1, 4, 1, 2, 2]|[0, 2, 0, 0, 1, 0, 0, 0, 0, 0, 3, 0, 1, 1, 0, 0, 0, 0, 1, 0, 1, 0, 0, 2, 1, 0, 0, 0, 0, 3, 0, 2, 1, 0, 0, 1, 2, 1, 0, 1, 3, 0, 1, 0, 1, 1, 0, 0, 0, 1, 2, 0, 0, 0, 0, 0, 0, 1, 1, 2, 0, 0, 3, 1, 0, 0, 0, 1, 0, 0, 1, 2, 0, 3, 0, 1, 3, 1, 0, 3, 0, 2, 0, 0, 0, 0, 1, 0, 3, 3, 0, 3, 1, 0, 0, 0, 1, 1, 0, 0]
event=678:G2_TEC:action:mode=explore,state=1,draw=0.8062821586646849,action=2
event=679:G2_TEC:tournament:reason=action2,left=25,right=40,selected=[66, 68, 55, 92, 22, 48, 24, 89, 70, 13, 60, 50, 93, 15, 25, 52, 1, 59, 76, 67, 65, 17, 77, 75, 28, 26, 35, 36, 94, 95, 41, 6, 7, 0, 79, 33, 56, 29, 53, 71, 88, 32, 58, 51, 8, 49, 39, 34, 14, 37, 72, 38, 23, 40, 98, 69, 27, 47, 80, 63, 83, 44, 57, 11, 5, 82, 61, 16, 45, 46, 42, 3, 90, 81, 91, 21, 87, 19, 18, 9, 62, 86, 99, 64, 10, 2, 31, 43, 30, 85, 84, 20, 74, 78, 12, 4, 96, 73, 54, 97]|[1, 1, 0, 1, 1, 2, 2, 0, 2, 1, 1, 0, 1, 0, 0, 0, 0, 2, 0, 2, 1, 0, 2, 0, 2, 2, 0, 2, 0, 1, 2, 1, 2, 1, 1, 0, 1, 2, 1, 0, 1, 0, 0, 1, 0, 1, 0, 1, 2, 1, 0, 0, 0, 1, 2, 0, 1, 0, 2, 2, 1, 0, 0, 1, 1, 1, 2, 2, 1, 1, 0, 1, 2, 0, 1, 2, 2, 1, 2, 1, 0, 1, 0, 2, 0, 2, 1, 2, 2, 1, 1, 0, 0, 2, 0, 0, 1, 1, 1, 0]|[1, 0, 2, 1, 4, 2, 0, 1, 1, 0, 1, 2, 4, 1, 2, 0, 0, 1, 1, 2, 4, 2, 2, 1, 1, 1, 0, 2, 0, 3, 1, 4, 2, 0, 0, 2, 3, 2, 3, 0, 4, 1, 0, 4, 2, 3, 0, 0, 1, 4, 2, 1, 1, 0, 2, 0, 3, 0, 1, 1, 4, 1, 0, 3, 0, 4, 1, 1, 4, 4, 0, 2, 1, 2, 3, 1, 1, 0, 1, 4, 0, 3, 0, 1, 2, 1, 3, 1, 1, 3, 4, 2, 2, 1, 2, 1, 4, 0, 4, 2]|[1, 1, 0, 0, 0, 0, 0, 0, 0, 2, 3, 0, 1, 1, 0, 0, 0, 0, 1, 0, 1, 0, 0, 1, 1, 1, 0, 0, 0, 3, 0, 2, 1, 0, 0, 1, 1, 0, 1, 0, 0, 0, 1, 2, 1, 0, 0, 3, 1, 3, 0, 0, 0, 0, 0, 0, 1, 0, 0, 0, 3, 1, 0, 0, 0, 1, 0, 0, 1, 2, 0, 3, 0, 1, 3, 0, 0, 3, 0, 2, 0, 1, 0, 0, 1, 0, 3, 0, 0, 3, 1, 0, 0, 0, 0, 1, 1, 0, 3, 1]
event=680:G2_TEC:leader:action=2,fingerprint=[66, 68, 55, 92, 22, 48, 24, 89, 70, 13, 60, 50, 93, 15, 25, 52, 1, 59, 76, 67, 65, 17, 77, 75, 28, 26, 35, 36, 94, 95, 41, 6, 7, 0, 79, 33, 56, 29, 53, 71, 88, 32, 58, 51, 8, 49, 39, 34, 14, 37, 72, 38, 23, 40, 98, 69, 27, 47, 80, 63, 83, 44, 57, 11, 5, 82, 61, 16, 45, 46, 42, 3, 90, 81, 91, 21, 87, 19, 18, 9, 62, 86, 99, 64, 10, 2, 31, 43, 30, 85, 84, 20, 74, 78, 12, 4, 96, 73, 54, 97]|[1, 1, 0, 1, 1, 2, 2, 0, 2, 1, 1, 0, 1, 0, 0, 0, 0, 2, 0, 2, 1, 0, 2, 0, 2, 2, 0, 2, 0, 1, 2, 1, 2, 1, 1, 0, 1, 2, 1, 0, 1, 0, 0, 1, 0, 1, 0, 1, 2, 1, 0, 0, 0, 1, 2, 0, 1, 0, 2, 2, 1, 0, 0, 1, 1, 1, 2, 2, 1, 1, 0, 1, 2, 0, 1, 2, 2, 1, 2, 1, 0, 1, 0, 2, 0, 2, 1, 2, 2, 1, 1, 0, 0, 2, 0, 0, 1, 1, 1, 0]|[1, 0, 2, 1, 4, 2, 0, 1, 1, 0, 1, 2, 4, 1, 2, 0, 0, 1, 1, 2, 4, 2, 2, 1, 1, 1, 0, 2, 0, 3, 1, 4, 2, 0, 0, 2, 3, 2, 3, 0, 4, 1, 0, 4, 2, 3, 0, 0, 1, 4, 2, 1, 1, 0, 2, 0, 3, 0, 1, 1, 4, 1, 0, 3, 0, 4, 1, 1, 4, 4, 0, 2, 1, 2, 3, 1, 1, 0, 1, 4, 0, 3, 0, 1, 2, 1, 3, 1, 1, 3, 4, 2, 2, 1, 2, 1, 4, 0, 4, 2]|[1, 1, 0, 0, 0, 0, 0, 0, 0, 2, 3, 0, 1, 1, 0, 0, 0, 0, 1, 0, 1, 0, 0, 1, 1, 1, 0, 0, 0, 3, 0, 2, 1, 0, 0, 1, 1, 0, 1, 0, 0, 0, 1, 2, 1, 0, 0, 3, 1, 3, 0, 0, 0, 0, 0, 0, 1, 0, 0, 0, 3, 1, 0, 0, 0, 1, 0, 0, 1, 2, 0, 3, 0, 1, 3, 0, 0, 3, 0, 2, 0, 1, 0, 0, 1, 0, 3, 0, 0, 3, 1, 0, 0, 0, 0, 1, 1, 0, 3, 1]
event=681:G3_TWC:action:mode=exploit,state=1,draw=0.3642715472713105,action=1
event=682:G3_TWC:leader:action=1,fingerprint=[66, 68, 55, 92, 86, 48, 24, 89, 70, 13, 60, 50, 93, 15, 25, 52, 1, 59, 76, 67, 65, 17, 77, 75, 28, 26, 35, 36, 94, 95, 41, 6, 7, 0, 79, 33, 46, 58, 32, 88, 54, 71, 53, 29, 56, 8, 49, 39, 34, 14, 37, 72, 38, 23, 40, 98, 69, 27, 47, 80, 73, 63, 83, 44, 57, 11, 5, 82, 61, 16, 45, 51, 42, 3, 90, 81, 91, 21, 87, 19, 18, 9, 62, 22, 99, 64, 10, 2, 31, 43, 30, 85, 96, 12, 74, 20, 84, 4, 78, 97]|[1, 1, 0, 1, 1, 2, 2, 0, 0, 2, 1, 0, 1, 0, 0, 0, 0, 2, 0, 2, 1, 0, 2, 0, 2, 2, 2, 2, 0, 1, 2, 2, 2, 1, 1, 0, 1, 0, 0, 1, 1, 0, 1, 2, 1, 0, 1, 0, 1, 2, 1, 0, 0, 0, 1, 2, 0, 1, 0, 2, 1, 2, 1, 0, 0, 1, 1, 1, 2, 2, 1, 1, 0, 1, 2, 0, 1, 2, 2, 1, 2, 1, 0, 1, 0, 1, 0, 2, 1, 2, 2, 1, 1, 1, 0, 0, 1, 0, 0, 0]|[1, 0, 2, 4, 3, 2, 0, 1, 0, 2, 1, 2, 4, 1, 2, 0, 0, 1, 1, 2, 4, 2, 2, 1, 1, 1, 2, 2, 0, 3, 1, 1, 2, 0, 0, 2, 4, 0, 1, 4, 4, 0, 3, 2, 3, 2, 3, 0, 0, 1, 4, 2, 1, 1, 0, 2, 0, 3, 0, 1, 0, 1, 2, 1, 0, 3, 0, 4, 1, 1, 4, 4, 0, 2, 1, 2, 3, 1, 1, 0, 1, 4, 0, 4, 0, 4, 2, 1, 4, 1, 1, 3, 4, 2, 2, 2, 4, 1, 1, 2]|[0, 2, 0, 0, 1, 0, 0, 0, 0, 0, 3, 0, 1, 1, 0, 0, 0, 0, 1, 0, 1, 0, 0, 1, 1, 1, 0, 0, 0, 3, 0, 0, 1, 0, 0, 1, 2, 1, 0, 0, 3, 0, 1, 0, 1, 1, 0, 0, 3, 1, 2, 0, 0, 0, 0, 0, 0, 1, 0, 0, 0, 0, 3, 1, 0, 0, 0, 1, 0, 0, 1, 2, 0, 3, 0, 1, 3, 0, 0, 3, 0, 2, 0, 0, 0, 0, 1, 0, 1, 0, 0, 3, 1, 2, 0, 0, 1, 1, 0, 1]
event=683:G1_CMAX:update:state=1,action=2,reward=-87.92437548044654,nextState=1,old=-222.99598035461705,new=-266.3211597641402
event=684:G2_TEC:update:state=1,action=2,reward=-896.7956101583914,nextState=1,old=-1577.39543209457,new=-2150.1981890538586
event=685:G3_TWC:update:state=1,action=1,reward=-6846.710894118878,nextState=1,old=-13010.334185537144,new=-17254.978242548594
event=686:G4_BALANCED:update:state=1,action=1,reward=-0.08633703355481429,nextState=1,old=-0.27980404951799864,new=-0.3101802731692132
event=687:G1_CMAX:action:mode=exploit,state=1,draw=0.7493619786851422,action=1
event=688:G1_CMAX:leader:action=1,fingerprint=[66, 68, 55, 92, 48, 89, 70, 24, 13, 60, 50, 93, 15, 25, 52, 1, 59, 76, 65, 17, 36, 35, 26, 28, 67, 75, 77, 94, 95, 41, 6, 7, 0, 79, 33, 46, 10, 32, 88, 54, 71, 53, 29, 56, 8, 39, 34, 14, 37, 72, 38, 23, 40, 98, 69, 27, 47, 80, 73, 63, 83, 44, 57, 11, 5, 82, 61, 90, 3, 42, 51, 45, 16, 81, 91, 21, 19, 18, 86, 9, 62, 22, 99, 64, 97, 49, 2, 31, 43, 30, 85, 84, 20, 74, 78, 87, 96, 4, 12, 58]|[1, 1, 0, 1, 2, 0, 2, 2, 1, 1, 0, 1, 0, 0, 0, 1, 2, 0, 1, 0, 2, 0, 2, 2, 2, 0, 2, 0, 1, 2, 2, 2, 1, 1, 0, 1, 0, 0, 0, 1, 0, 1, 2, 1, 0, 0, 1, 2, 1, 0, 0, 0, 1, 2, 0, 1, 0, 2, 1, 2, 1, 0, 0, 1, 1, 1, 2, 2, 1, 0, 1, 1, 2, 0, 1, 2, 1, 2, 2, 1, 0, 1, 0, 2, 1, 1, 2, 1, 1, 0, 0, 1, 1, 0, 2, 2, 1, 0, 0, 0]|[1, 0, 1, 4, 1, 2, 1, 1, 0, 1, 2, 4, 1, 2, 0, 4, 1, 1, 4, 2, 2, 0, 1, 1, 2, 1, 2, 0, 3, 1, 1, 2, 0, 0, 2, 4, 2, 1, 2, 4, 0, 3, 2, 3, 2, 0, 0, 1, 4, 2, 1, 1, 0, 2, 0, 3, 2, 1, 0, 1, 2, 1, 0, 3, 0, 4, 1, 1, 2, 1, 4, 4, 1, 2, 3, 1, 0, 1, 2, 4, 0, 4, 0, 1, 4, 3, 1, 3, 3, 0, 2, 4, 2, 2, 1, 1, 4, 1, 2, 0]|[0, 2, 0, 0, 0, 0, 0, 0, 2, 3, 0, 1, 1, 0, 0, 0, 0, 1, 1, 0, 0, 0, 1, 1, 0, 1, 0, 0, 3, 0, 0, 1, 0, 0, 1, 2, 1, 0, 1, 3, 0, 1, 0, 1, 1, 0, 3, 1, 2, 0, 0, 0, 0, 0, 0, 1, 1, 0, 0, 0, 3, 1, 0, 0, 0, 1, 0, 0, 3, 1, 2, 1, 0, 1, 3, 0, 3, 0, 1, 2, 0, 0, 0, 0, 0, 0, 0, 3, 3, 0, 0, 1, 2, 0, 0, 0, 1, 1, 0, 1]
event=689:G4_BALANCED:action:mode=exploit,state=1,draw=0.2775032920796269,action=1
event=690:G4_BALANCED:leader:action=1,fingerprint=[66, 68, 55, 92, 86, 48, 24, 89, 70, 13, 60, 50, 93, 15, 25, 52, 1, 59, 76, 67, 65, 17, 77, 75, 28, 26, 35, 36, 94, 95, 41, 6, 7, 0, 79, 33, 46, 58, 32, 88, 54, 71, 53, 29, 56, 8, 49, 39, 34, 14, 37, 72, 38, 23, 40, 98, 69, 27, 47, 80, 30, 63, 83, 44, 57, 11, 5, 82, 61, 16, 45, 51, 42, 3, 90, 81, 91, 21, 87, 19, 18, 9, 62, 22, 99, 64, 10, 2, 31, 43, 73, 85, 84, 20, 74, 78, 96, 4, 12, 97]|[1, 1, 0, 1, 1, 2, 2, 0, 0, 2, 1, 0, 1, 0, 0, 0, 0, 2, 0, 2, 1, 0, 2, 1, 2, 0, 0, 2, 0, 1, 2, 1, 2, 1, 1, 0, 1, 0, 0, 0, 1, 0, 1, 2, 1, 0, 1, 0, 2, 2, 1, 0, 0, 0, 1, 2, 2, 1, 0, 1, 2, 2, 1, 0, 0, 1, 1, 1, 0, 2, 1, 1, 0, 1, 2, 0, 1, 1, 2, 1, 2, 1, 0, 1, 2, 2, 0, 2, 1, 1, 1, 1, 1, 0, 0, 2, 1, 0, 0, 0]|[1, 0, 2, 4, 3, 2, 0, 1, 0, 2, 1, 2, 4, 1, 2, 0, 0, 1, 1, 2, 4, 2, 2, 0, 1, 2, 0, 2, 0, 3, 1, 4, 2, 0, 0, 2, 4, 0, 1, 2, 4, 0, 3, 2, 3, 2, 3, 0, 1, 1, 4, 2, 1, 1, 0, 2, 2, 3, 2, 4, 1, 1, 2, 1, 0, 3, 0, 4, 1, 1, 4, 4, 0, 2, 1, 2, 3, 3, 1, 0, 1, 4, 0, 4, 1, 1, 2, 1, 3, 3, 0, 3, 4, 2, 2, 1, 4, 1, 2, 2]|[0, 2, 0, 0, 1, 0, 0, 0, 0, 0, 3, 0, 1, 1, 0, 0, 0, 0, 1, 0, 1, 0, 0, 2, 1, 0, 0, 0, 0, 3, 0, 2, 1, 0, 0, 1, 2, 1, 0, 1, 3, 0, 1, 0, 1, 1, 0, 0, 0, 1, 2, 0, 0, 0, 0, 0, 0, 1, 1, 2, 0, 0, 3, 1, 0, 0, 0, 1, 0, 0, 1, 2, 0, 3, 0, 1, 3, 1, 0, 3, 0, 2, 0, 0, 0, 0, 1, 0, 3, 3, 0, 3, 1, 0, 0, 0, 1, 1, 0, 0]
event=691:G2_TEC:action:mode=exploit,state=1,draw=0.1856975846030242,action=0
event=692:G2_TEC:leader:action=0,fingerprint=[66, 68, 55, 92, 22, 48, 24, 89, 70, 13, 60, 50, 93, 15, 25, 52, 1, 59, 76, 67, 65, 17, 77, 75, 28, 26, 35, 36, 94, 95, 41, 6, 7, 0, 79, 33, 56, 29, 53, 71, 88, 32, 58, 51, 8, 49, 39, 34, 14, 37, 72, 38, 23, 40, 98, 69, 27, 47, 80, 63, 83, 44, 57, 11, 5, 82, 61, 16, 45, 46, 42, 3, 90, 81, 91, 21, 87, 19, 18, 9, 62, 86, 99, 64, 10, 2, 31, 43, 30, 85, 84, 20, 74, 78, 12, 4, 96, 73, 54, 97]|[1, 1, 0, 1, 1, 2, 2, 0, 2, 1, 1, 0, 1, 0, 0, 0, 0, 2, 0, 2, 1, 0, 2, 0, 2, 2, 0, 2, 0, 1, 2, 1, 2, 1, 1, 0, 1, 2, 1, 0, 1, 0, 0, 1, 0, 1, 0, 1, 2, 1, 0, 0, 0, 1, 2, 0, 1, 0, 2, 2, 1, 0, 0, 1, 1, 1, 2, 2, 1, 1, 0, 1, 2, 0, 1, 2, 2, 1, 2, 1, 0, 1, 0, 2, 0, 2, 1, 2, 2, 1, 1, 0, 0, 2, 0, 0, 1, 1, 1, 0]|[1, 0, 2, 1, 4, 2, 0, 1, 1, 0, 1, 2, 4, 1, 2, 0, 0, 1, 1, 2, 4, 2, 2, 1, 1, 1, 0, 2, 0, 3, 1, 4, 2, 0, 0, 2, 3, 2, 3, 0, 4, 1, 0, 4, 2, 3, 0, 0, 1, 4, 2, 1, 1, 0, 2, 0, 3, 0, 1, 1, 4, 1, 0, 3, 0, 4, 1, 1, 4, 4, 0, 2, 1, 2, 3, 1, 1, 0, 1, 4, 0, 3, 0, 1, 2, 1, 3, 1, 1, 3, 4, 2, 2, 1, 2, 1, 4, 0, 4, 2]|[1, 1, 0, 0, 0, 0, 0, 0, 0, 2, 3, 0, 1, 1, 0, 0, 0, 0, 1, 0, 1, 0, 0, 1, 1, 1, 0, 0, 0, 3, 0, 2, 1, 0, 0, 1, 1, 0, 1, 0, 0, 0, 1, 2, 1, 0, 0, 3, 1, 3, 0, 0, 0, 0, 0, 0, 1, 0, 0, 0, 3, 1, 0, 0, 0, 1, 0, 0, 1, 2, 0, 3, 0, 1, 3, 0, 0, 3, 0, 2, 0, 1, 0, 0, 1, 0, 3, 0, 0, 3, 1, 0, 0, 0, 0, 1, 1, 0, 3, 1]
event=693:G3_TWC:action:mode=exploit,state=1,draw=0.06505463824376034,action=1
event=694:G3_TWC:leader:action=1,fingerprint=[66, 68, 55, 92, 86, 48, 24, 89, 70, 13, 60, 50, 93, 15, 25, 52, 1, 59, 76, 67, 65, 17, 77, 75, 28, 26, 35, 36, 94, 95, 41, 6, 7, 0, 79, 33, 46, 58, 32, 88, 54, 71, 53, 29, 56, 8, 49, 39, 34, 14, 37, 72, 38, 23, 40, 98, 69, 27, 47, 80, 73, 63, 83, 44, 57, 11, 5, 82, 61, 16, 45, 51, 42, 3, 90, 81, 91, 21, 87, 19, 18, 9, 62, 22, 99, 64, 10, 2, 31, 43, 30, 85, 96, 12, 74, 20, 84, 4, 78, 97]|[1, 1, 0, 1, 1, 2, 2, 0, 0, 2, 1, 0, 1, 0, 0, 0, 0, 2, 0, 2, 1, 0, 2, 0, 2, 2, 2, 2, 0, 1, 2, 2, 2, 1, 1, 0, 1, 0, 0, 1, 1, 0, 1, 2, 1, 0, 1, 0, 1, 2, 1, 0, 0, 0, 1, 2, 0, 1, 0, 2, 1, 2, 1, 0, 0, 1, 1, 1, 2, 2, 1, 1, 0, 1, 2, 0, 1, 2, 2, 1, 2, 1, 0, 1, 0, 1, 0, 2, 1, 2, 2, 1, 1, 1, 0, 0, 1, 0, 0, 0]|[1, 0, 2, 4, 3, 2, 0, 1, 0, 2, 1, 2, 4, 1, 2, 0, 0, 1, 1, 2, 4, 2, 2, 1, 1, 1, 2, 2, 0, 3, 1, 1, 2, 0, 0, 2, 4, 0, 1, 4, 4, 0, 3, 2, 3, 2, 3, 0, 0, 1, 4, 2, 1, 1, 0, 2, 0, 3, 0, 1, 0, 1, 2, 1, 0, 3, 0, 4, 1, 1, 4, 4, 0, 2, 1, 2, 3, 1, 1, 0, 1, 4, 0, 4, 0, 4, 2, 1, 4, 1, 1, 3, 4, 2, 2, 2, 4, 1, 1, 2]|[0, 2, 0, 0, 1, 0, 0, 0, 0, 0, 3, 0, 1, 1, 0, 0, 0, 0, 1, 0, 1, 0, 0, 1, 1, 1, 0, 0, 0, 3, 0, 0, 1, 0, 0, 1, 2, 1, 0, 0, 3, 0, 1, 0, 1, 1, 0, 0, 3, 1, 2, 0, 0, 0, 0, 0, 0, 1, 0, 0, 0, 0, 3, 1, 0, 0, 0, 1, 0, 0, 1, 2, 0, 3, 0, 1, 3, 0, 0, 3, 0, 2, 0, 0, 0, 0, 1, 0, 1, 0, 0, 3, 1, 2, 0, 0, 1, 1, 0, 1]
event=695:G1_CMAX:update:state=1,action=1,reward=-84.27998367899181,nextState=1,old=-232.28622403163547,new=-270.1089629043002
event=696:G2_TEC:update:state=1,action=0,reward=-1070.44066468026,nextState=1,old=-1566.753223619334,new=-2323.8432435757272
event=697:G3_TWC:update:state=1,action=1,reward=-756.8081560010905,nextState=1,old=-17254.978242548594,new=-14560.790750039967
event=698:G4_BALANCED:update:state=1,action=1,reward=-0.006313686355443824,nextState=1,old=-0.3101802731692132,new=-0.2544579048908144
event=699:G1_CMAX:action:mode=explore,state=1,draw=0.9510321849121369,action=2
event=700:G1_CMAX:tournament:reason=action2,left=23,right=45,selected=[68, 55, 86, 48, 24, 89, 70, 13, 66, 95, 92, 50, 93, 15, 25, 33, 1, 59, 76, 67, 65, 45, 77, 75, 28, 26, 35, 36, 94, 60, 41, 6, 7, 0, 79, 52, 46, 39, 32, 88, 71, 53, 29, 56, 8, 49, 58, 34, 54, 14, 37, 72, 38, 23, 40, 98, 69, 27, 47, 80, 73, 63, 83, 44, 57, 11, 5, 82, 61, 16, 17, 51, 42, 3, 90, 81, 91, 21, 87, 19, 18, 9, 62, 22, 99, 64, 10, 2, 97, 43, 30, 31, 84, 20, 74, 78, 12, 4, 96, 85]|[1, 0, 1, 2, 2, 0, 0, 1, 1, 1, 1, 0, 1, 0, 0, 0, 0, 2, 0, 2, 1, 0, 2, 0, 2, 2, 0, 2, 0, 1, 2, 1, 2, 1, 1, 0, 1, 0, 0, 0, 0, 1, 2, 1, 0, 1, 0, 1, 1, 2, 1, 0, 0, 0, 1, 2, 0, 1, 0, 2, 1, 2, 1, 0, 0, 1, 1, 1, 0, 2, 0, 1, 0, 1, 2, 0, 1, 2, 2, 1, 2, 1, 0, 1, 2, 2, 0, 2, 1, 1, 0, 1, 1, 0, 0, 2, 1, 0, 1, 1]|[0, 2, 3, 2, 0, 1, 1, 0, 1, 3, 1, 2, 4, 1, 2, 2, 1, 1, 1, 2, 4, 2, 2, 1, 1, 1, 0, 2, 0, 1, 1, 4, 2, 0, 0, 0, 4, 0, 1, 2, 0, 3, 2, 3, 2, 3, 0, 0, 4, 1, 4, 2, 1, 1, 0, 2, 0, 3, 2, 1, 0, 1, 2, 1, 0, 3, 0, 4, 1, 1, 2, 4, 0, 2, 1, 2, 3, 1, 1, 0, 1, 4, 0, 4, 1, 1, 2, 1, 4, 3, 0, 3, 4, 2, 2, 1, 0, 1, 4, 3]|[2, 0, 1, 0, 0, 1, 0, 2, 0, 3, 0, 0, 1, 1, 0, 1, 0, 0, 1, 0, 1, 1, 0, 1, 1, 1, 0, 0, 0, 3, 0, 2, 1, 0, 0, 0, 2, 0, 0, 1, 0, 1, 0, 1, 1, 0, 1, 3, 3, 1, 2, 0, 0, 0, 0, 0, 0, 1, 1, 0, 0, 0, 3, 1, 0, 0, 0, 1, 0, 0, 0, 2, 0, 3, 0, 1, 3, 0, 0, 3, 0, 2, 0, 0, 0, 0, 1, 0, 0, 3, 0, 3, 1, 0, 0, 0, 0, 1, 1, 3]
event=701:G1_CMAX:leader:action=2,fingerprint=[68, 55, 86, 48, 24, 89, 70, 13, 66, 95, 92, 50, 93, 15, 25, 33, 1, 59, 76, 67, 65, 45, 77, 75, 28, 26, 35, 36, 94, 60, 41, 6, 7, 0, 79, 52, 46, 39, 32, 88, 71, 53, 29, 56, 8, 49, 58, 34, 54, 14, 37, 72, 38, 23, 40, 98, 69, 27, 47, 80, 73, 63, 83, 44, 57, 11, 5, 82, 61, 16, 17, 51, 42, 3, 90, 81, 91, 21, 87, 19, 18, 9, 62, 22, 99, 64, 10, 2, 97, 43, 30, 31, 84, 20, 74, 78, 12, 4, 96, 85]|[1, 0, 1, 2, 2, 0, 0, 1, 1, 1, 1, 0, 1, 0, 0, 0, 0, 2, 0, 2, 1, 0, 2, 0, 2, 2, 0, 2, 0, 1, 2, 1, 2, 1, 1, 0, 1, 0, 0, 0, 0, 1, 2, 1, 0, 1, 0, 1, 1, 2, 1, 0, 0, 0, 1, 2, 0, 1, 0, 2, 1, 2, 1, 0, 0, 1, 1, 1, 0, 2, 0, 1, 0, 1, 2, 0, 1, 2, 2, 1, 2, 1, 0, 1, 2, 2, 0, 2, 1, 1, 0, 1, 1, 0, 0, 2, 1, 0, 1, 1]|[0, 2, 3, 2, 0, 1, 1, 0, 1, 3, 1, 2, 4, 1, 2, 2, 1, 1, 1, 2, 4, 2, 2, 1, 1, 1, 0, 2, 0, 1, 1, 4, 2, 0, 0, 0, 4, 0, 1, 2, 0, 3, 2, 3, 2, 3, 0, 0, 4, 1, 4, 2, 1, 1, 0, 2, 0, 3, 2, 1, 0, 1, 2, 1, 0, 3, 0, 4, 1, 1, 2, 4, 0, 2, 1, 2, 3, 1, 1, 0, 1, 4, 0, 4, 1, 1, 2, 1, 4, 3, 0, 3, 4, 2, 2, 1, 0, 1, 4, 3]|[2, 0, 1, 0, 0, 1, 0, 2, 0, 3, 0, 0, 1, 1, 0, 1, 0, 0, 1, 0, 1, 1, 0, 1, 1, 1, 0, 0, 0, 3, 0, 2, 1, 0, 0, 0, 2, 0, 0, 1, 0, 1, 0, 1, 1, 0, 1, 3, 3, 1, 2, 0, 0, 0, 0, 0, 0, 1, 1, 0, 0, 0, 3, 1, 0, 0, 0, 1, 0, 0, 0, 2, 0, 3, 0, 1, 3, 0, 0, 3, 0, 2, 0, 0, 0, 0, 1, 0, 0, 3, 0, 3, 1, 0, 0, 0, 0, 1, 1, 3]
event=702:G4_BALANCED:action:mode=exploit,state=1,draw=0.28434867816458664,action=1
event=703:G4_BALANCED:leader:action=1,fingerprint=[66, 68, 55, 92, 86, 48, 24, 89, 70, 13, 60, 50, 93, 15, 25, 52, 1, 59, 76, 67, 65, 17, 77, 75, 28, 26, 35, 36, 94, 95, 41, 6, 7, 0, 79, 33, 46, 58, 32, 88, 54, 71, 53, 29, 56, 8, 49, 39, 34, 14, 37, 72, 38, 23, 40, 98, 69, 27, 47, 80, 30, 63, 83, 44, 57, 11, 5, 82, 61, 16, 45, 51, 42, 3, 90, 81, 91, 21, 87, 19, 18, 9, 62, 22, 99, 64, 10, 2, 31, 43, 73, 85, 84, 20, 74, 78, 96, 4, 12, 97]|[1, 1, 0, 1, 1, 2, 2, 0, 0, 2, 1, 0, 1, 0, 0, 0, 0, 2, 0, 2, 1, 0, 2, 1, 2, 0, 0, 2, 0, 1, 2, 1, 2, 1, 1, 0, 1, 0, 0, 0, 1, 0, 1, 2, 1, 0, 1, 0, 2, 2, 1, 0, 0, 0, 1, 2, 2, 1, 0, 1, 2, 2, 1, 0, 0, 1, 1, 1, 0, 2, 1, 1, 0, 1, 2, 0, 1, 1, 2, 1, 2, 1, 0, 1, 2, 2, 0, 2, 1, 1, 1, 1, 1, 0, 0, 2, 1, 0, 0, 0]|[1, 0, 2, 4, 3, 2, 0, 1, 0, 2, 1, 2, 4, 1, 2, 0, 0, 1, 1, 2, 4, 2, 2, 0, 1, 2, 0, 2, 0, 3, 1, 4, 2, 0, 0, 2, 4, 0, 1, 2, 4, 0, 3, 2, 3, 2, 3, 0, 1, 1, 4, 2, 1, 1, 0, 2, 2, 3, 2, 4, 1, 1, 2, 1, 0, 3, 0, 4, 1, 1, 4, 4, 0, 2, 1, 2, 3, 3, 1, 0, 1, 4, 0, 4, 1, 1, 2, 1, 3, 3, 0, 3, 4, 2, 2, 1, 4, 1, 2, 2]|[0, 2, 0, 0, 1, 0, 0, 0, 0, 0, 3, 0, 1, 1, 0, 0, 0, 0, 1, 0, 1, 0, 0, 2, 1, 0, 0, 0, 0, 3, 0, 2, 1, 0, 0, 1, 2, 1, 0, 1, 3, 0, 1, 0, 1, 1, 0, 0, 0, 1, 2, 0, 0, 0, 0, 0, 0, 1, 1, 2, 0, 0, 3, 1, 0, 0, 0, 1, 0, 0, 1, 2, 0, 3, 0, 1, 3, 1, 0, 3, 0, 2, 0, 0, 0, 0, 1, 0, 3, 3, 0, 3, 1, 0, 0, 0, 1, 1, 0, 0]
event=704:G2_TEC:action:mode=exploit,state=1,draw=0.7014844741145826,action=2
event=705:G2_TEC:tournament:reason=action2,left=43,right=50,selected=[66, 68, 32, 92, 86, 48, 3, 69, 70, 13, 60, 50, 93, 15, 52, 23, 1, 59, 76, 67, 58, 46, 79, 0, 7, 41, 95, 44, 36, 35, 26, 28, 75, 77, 88, 94, 17, 54, 71, 53, 29, 56, 65, 39, 34, 14, 37, 72, 38, 40, 98, 89, 27, 45, 22, 6, 73, 83, 55, 25, 57, 11, 5, 96, 2, 16, 47, 49, 51, 42, 24, 90, 81, 8, 64, 21, 87, 19, 18, 9, 62, 80, 99, 91, 10, 61, 31, 43, 30, 85, 84, 12, 20, 63, 4, 74, 33, 78, 82, 97]|[1, 1, 0, 1, 2, 2, 1, 0, 0, 2, 1, 0, 1, 0, 0, 0, 1, 2, 0, 2, 0, 1, 1, 1, 2, 2, 1, 0, 2, 2, 2, 2, 0, 2, 0, 0, 0, 1, 0, 1, 2, 1, 1, 0, 1, 2, 1, 0, 0, 1, 1, 0, 1, 1, 1, 1, 0, 1, 0, 0, 0, 1, 2, 1, 2, 2, 1, 1, 2, 0, 1, 2, 0, 0, 2, 2, 2, 1, 2, 1, 0, 2, 2, 1, 0, 2, 1, 2, 2, 0, 1, 0, 0, 0, 1, 0, 0, 2, 2, 0]|[4, 4, 0, 4, 1, 2, 4, 0, 1, 2, 4, 0, 4, 1, 0, 1, 4, 1, 1, 1, 0, 4, 4, 4, 2, 1, 3, 1, 1, 2, 1, 1, 1, 2, 2, 0, 2, 4, 0, 3, 2, 3, 4, 0, 0, 1, 4, 2, 1, 0, 4, 1, 3, 4, 3, 4, 2, 4, 0, 2, 0, 3, 1, 4, 1, 1, 4, 4, 2, 0, 4, 1, 2, 2, 1, 1, 1, 0, 1, 4, 0, 1, 1, 4, 2, 1, 3, 1, 1, 1, 4, 1, 2, 1, 4, 2, 2, 1, 1, 2]|[0, 1, 0, 0, 1, 0, 1, 0, 0, 0, 3, 0, 1, 0, 0, 0, 0, 0, 0, 0, 0, 2, 0, 0, 1, 0, 3, 0, 0, 0, 1, 1, 0, 0, 0, 0, 0, 3, 0, 1, 0, 1, 1, 0, 3, 1, 2, 0, 0, 0, 3, 0, 1, 1, 1, 2, 0, 3, 0, 0, 0, 0, 0, 1, 0, 0, 1, 0, 0, 0, 1, 0, 0, 0, 0, 0, 0, 3, 0, 2, 0, 0, 0, 0, 0, 0, 3, 0, 0, 0, 1, 0, 0, 0, 2, 0, 0, 0, 0, 0]
event=706:G2_TEC:leader:action=2,fingerprint=[66, 68, 32, 92, 86, 48, 3, 69, 70, 13, 60, 50, 93, 15, 52, 23, 1, 59, 76, 67, 58, 46, 79, 0, 7, 41, 95, 44, 36, 35, 26, 28, 75, 77, 88, 94, 17, 54, 71, 53, 29, 56, 65, 39, 34, 14, 37, 72, 38, 40, 98, 89, 27, 45, 22, 6, 73, 83, 55, 25, 57, 11, 5, 96, 2, 16, 47, 49, 51, 42, 24, 90, 81, 8, 64, 21, 87, 19, 18, 9, 62, 80, 99, 91, 10, 61, 31, 43, 30, 85, 84, 12, 20, 63, 4, 74, 33, 78, 82, 97]|[1, 1, 0, 1, 2, 2, 1, 0, 0, 2, 1, 0, 1, 0, 0, 0, 1, 2, 0, 2, 0, 1, 1, 1, 2, 2, 1, 0, 2, 2, 2, 2, 0, 2, 0, 0, 0, 1, 0, 1, 2, 1, 1, 0, 1, 2, 1, 0, 0, 1, 1, 0, 1, 1, 1, 1, 0, 1, 0, 0, 0, 1, 2, 1, 2, 2, 1, 1, 2, 0, 1, 2, 0, 0, 2, 2, 2, 1, 2, 1, 0, 2, 2, 1, 0, 2, 1, 2, 2, 0, 1, 0, 0, 0, 1, 0, 0, 2, 2, 0]|[4, 4, 0, 4, 1, 2, 4, 0, 1, 2, 4, 0, 4, 1, 0, 1, 4, 1, 1, 1, 0, 4, 4, 4, 2, 1, 3, 1, 1, 2, 1, 1, 1, 2, 2, 0, 2, 4, 0, 3, 2, 3, 4, 0, 0, 1, 4, 2, 1, 0, 4, 1, 3, 4, 3, 4, 2, 4, 0, 2, 0, 3, 1, 4, 1, 1, 4, 4, 2, 0, 4, 1, 2, 2, 1, 1, 1, 0, 1, 4, 0, 1, 1, 4, 2, 1, 3, 1, 1, 1, 4, 1, 2, 1, 4, 2, 2, 1, 1, 2]|[0, 1, 0, 0, 1, 0, 1, 0, 0, 0, 3, 0, 1, 0, 0, 0, 0, 0, 0, 0, 0, 2, 0, 0, 1, 0, 3, 0, 0, 0, 1, 1, 0, 0, 0, 0, 0, 3, 0, 1, 0, 1, 1, 0, 3, 1, 2, 0, 0, 0, 3, 0, 1, 1, 1, 2, 0, 3, 0, 0, 0, 0, 0, 1, 0, 0, 1, 0, 0, 0, 1, 0, 0, 0, 0, 0, 0, 3, 0, 2, 0, 0, 0, 0, 0, 0, 3, 0, 0, 0, 1, 0, 0, 0, 2, 0, 0, 0, 0, 0]
event=707:G3_TWC:action:mode=explore,state=1,draw=0.9372959925567673,action=1
event=708:G3_TWC:leader:action=1,fingerprint=[66, 68, 55, 92, 86, 48, 24, 89, 70, 13, 60, 50, 93, 15, 25, 52, 1, 59, 76, 67, 65, 17, 77, 75, 28, 26, 35, 36, 94, 95, 41, 6, 7, 0, 79, 33, 46, 58, 32, 88, 54, 71, 53, 29, 56, 8, 49, 39, 34, 14, 37, 72, 38, 23, 40, 98, 69, 27, 47, 80, 73, 63, 83, 44, 57, 11, 5, 82, 61, 16, 45, 51, 42, 3, 90, 81, 91, 21, 87, 19, 18, 9, 62, 22, 99, 64, 10, 2, 31, 43, 30, 85, 84, 20, 74, 78, 12, 4, 96, 97]|[1, 1, 0, 1, 1, 2, 2, 0, 0, 2, 1, 0, 1, 0, 0, 0, 0, 2, 0, 2, 1, 0, 2, 0, 2, 2, 0, 2, 0, 1, 2, 2, 2, 1, 1, 0, 1, 0, 0, 1, 1, 0, 1, 2, 1, 0, 1, 0, 1, 2, 1, 0, 0, 1, 1, 2, 0, 1, 0, 2, 0, 2, 1, 0, 0, 1, 1, 1, 2, 2, 0, 1, 0, 1, 2, 1, 1, 1, 2, 1, 2, 1, 0, 1, 0, 2, 0, 2, 1, 2, 2, 1, 1, 0, 0, 2, 0, 0, 1, 0]|[1, 0, 2, 4, 3, 2, 0, 1, 0, 2, 1, 2, 4, 1, 2, 0, 0, 1, 1, 2, 4, 2, 2, 1, 1, 1, 0, 2, 0, 3, 1, 1, 2, 0, 0, 2, 4, 0, 1, 4, 4, 0, 3, 2, 3, 2, 4, 0, 0, 1, 4, 2, 1, 3, 0, 2, 0, 3, 0, 1, 2, 1, 2, 1, 0, 3, 0, 4, 1, 1, 2, 4, 0, 2, 1, 4, 3, 3, 1, 0, 1, 4, 0, 4, 0, 1, 2, 1, 4, 1, 1, 3, 4, 2, 2, 1, 2, 1, 4, 2]|[0, 2, 0, 0, 1, 0, 0, 0, 0, 0, 3, 0, 1, 1, 0, 0, 0, 0, 1, 0, 1, 0, 0, 1, 1, 1, 0, 0, 0, 3, 0, 0, 1, 0, 0, 1, 2, 1, 0, 0, 3, 0, 1, 0, 1, 1, 0, 0, 3, 1, 2, 0, 0, 1, 0, 0, 0, 1, 0, 0, 1, 0, 3, 1, 0, 0, 0, 1, 0, 0, 1, 2, 0, 3, 0, 1, 3, 1, 0, 3, 0, 2, 0, 2, 0, 0, 1, 0, 1, 0, 0, 3, 1, 0, 0, 0, 0, 1, 1, 1]
event=709:G1_CMAX:update:state=1,action=2,reward=-54.34855591584085,nextState=1,old=-266.3211597641402,new=-267.405483727153
event=710:G2_TEC:update:state=1,action=2,reward=-27.962872111333127,nextState=1,old=-2150.1981890538586,new=-1748.1214233544201
event=711:G3_TWC:update:state=1,action=1,reward=-1917.3721974766668,nextState=1,old=-14560.790750039967,new=-13566.004797508642
event=712:G4_BALANCED:update:state=1,action=1,reward=-0.0500511570056582,nextState=1,old=-0.2544579048908144,new=-0.2536174809183097
event=713:G1_CMAX:action:mode=exploit,state=1,draw=0.6502326210810888,action=2
event=714:G1_CMAX:tournament:reason=action2,left=31,right=28,selected=[92, 55, 68, 66, 86, 48, 24, 89, 70, 13, 60, 50, 93, 15, 25, 52, 1, 59, 76, 67, 65, 88, 77, 75, 28, 26, 35, 36, 94, 95, 41, 6, 7, 0, 79, 33, 46, 58, 32, 17, 54, 71, 53, 29, 56, 8, 49, 39, 83, 14, 37, 72, 38, 23, 40, 98, 69, 27, 45, 22, 73, 63, 34, 44, 57, 5, 96, 2, 16, 47, 80, 51, 42, 91, 90, 81, 64, 21, 87, 19, 18, 31, 62, 82, 4, 74, 78, 12, 20, 84, 85, 30, 43, 9, 61, 10, 3, 99, 11, 97]|[1, 0, 2, 1, 1, 2, 2, 0, 0, 2, 1, 0, 1, 0, 0, 0, 1, 2, 0, 2, 1, 0, 2, 0, 2, 0, 0, 1, 0, 1, 1, 2, 2, 1, 1, 1, 1, 0, 0, 0, 1, 0, 1, 2, 1, 0, 1, 0, 1, 2, 1, 0, 0, 0, 1, 1, 0, 1, 0, 1, 1, 0, 1, 0, 0, 1, 2, 2, 2, 1, 1, 2, 0, 1, 2, 0, 2, 2, 2, 1, 2, 1, 0, 1, 1, 0, 2, 0, 0, 1, 0, 2, 2, 1, 2, 0, 1, 2, 1, 0]|[4, 1, 2, 4, 3, 2, 0, 0, 0, 2, 4, 2, 4, 1, 2, 0, 4, 1, 1, 1, 4, 2, 2, 1, 1, 2, 0, 3, 0, 3, 1, 1, 2, 0, 0, 1, 4, 0, 1, 2, 4, 0, 3, 2, 3, 2, 4, 0, 4, 1, 4, 2, 1, 1, 0, 4, 0, 3, 2, 4, 3, 1, 3, 1, 0, 3, 1, 1, 1, 4, 4, 2, 0, 4, 1, 2, 1, 1, 1, 0, 1, 3, 0, 4, 4, 2, 1, 2, 2, 4, 1, 1, 1, 4, 1, 2, 4, 1, 3, 2]|[0, 1, 0, 0, 2, 0, 0, 0, 0, 0, 1, 0, 1, 0, 0, 0, 0, 0, 1, 0, 1, 1, 0, 1, 1, 0, 0, 3, 0, 3, 1, 0, 1, 0, 0, 1, 2, 1, 0, 0, 3, 0, 1, 0, 1, 1, 0, 0, 3, 1, 2, 0, 0, 0, 0, 3, 0, 1, 1, 2, 0, 0, 1, 1, 0, 0, 0, 0, 0, 1, 0, 0, 0, 0, 0, 1, 0, 0, 0, 3, 0, 3, 0, 1, 2, 0, 0, 0, 0, 1, 1, 0, 0, 2, 0, 1, 3, 0, 0, 0]
event=715:G1_CMAX:leader:action=2,fingerprint=[92, 55, 68, 66, 86, 48, 24, 89, 70, 13, 60, 50, 93, 15, 25, 52, 1, 59, 76, 67, 65, 88, 77, 75, 28, 26, 35, 36, 94, 95, 41, 6, 7, 0, 79, 33, 46, 58, 32, 17, 54, 71, 53, 29, 56, 8, 49, 39, 83, 14, 37, 72, 38, 23, 40, 98, 69, 27, 45, 22, 73, 63, 34, 44, 57, 5, 96, 2, 16, 47, 80, 51, 42, 91, 90, 81, 64, 21, 87, 19, 18, 31, 62, 82, 4, 74, 78, 12, 20, 84, 85, 30, 43, 9, 61, 10, 3, 99, 11, 97]|[1, 0, 2, 1, 1, 2, 2, 0, 0, 2, 1, 0, 1, 0, 0, 0, 1, 2, 0, 2, 1, 0, 2, 0, 2, 0, 0, 1, 0, 1, 1, 2, 2, 1, 1, 1, 1, 0, 0, 0, 1, 0, 1, 2, 1, 0, 1, 0, 1, 2, 1, 0, 0, 0, 1, 1, 0, 1, 0, 1, 1, 0, 1, 0, 0, 1, 2, 2, 2, 1, 1, 2, 0, 1, 2, 0, 2, 2, 2, 1, 2, 1, 0, 1, 1, 0, 2, 0, 0, 1, 0, 2, 2, 1, 2, 0, 1, 2, 1, 0]|[4, 1, 2, 4, 3, 2, 0, 0, 0, 2, 4, 2, 4, 1, 2, 0, 4, 1, 1, 1, 4, 2, 2, 1, 1, 2, 0, 3, 0, 3, 1, 1, 2, 0, 0, 1, 4, 0, 1, 2, 4, 0, 3, 2, 3, 2, 4, 0, 4, 1, 4, 2, 1, 1, 0, 4, 0, 3, 2, 4, 3, 1, 3, 1, 0, 3, 1, 1, 1, 4, 4, 2, 0, 4, 1, 2, 1, 1, 1, 0, 1, 3, 0, 4, 4, 2, 1, 2, 2, 4, 1, 1, 1, 4, 1, 2, 4, 1, 3, 2]|[0, 1, 0, 0, 2, 0, 0, 0, 0, 0, 1, 0, 1, 0, 0, 0, 0, 0, 1, 0, 1, 1, 0, 1, 1, 0, 0, 3, 0, 3, 1, 0, 1, 0, 0, 1, 2, 1, 0, 0, 3, 0, 1, 0, 1, 1, 0, 0, 3, 1, 2, 0, 0, 0, 0, 3, 0, 1, 1, 2, 0, 0, 1, 1, 0, 0, 0, 0, 0, 1, 0, 0, 0, 0, 0, 1, 0, 0, 0, 3, 0, 3, 0, 1, 2, 0, 0, 0, 0, 1, 1, 0, 0, 2, 0, 1, 3, 0, 0, 0]
event=716:G4_BALANCED:action:mode=explore,state=1,draw=0.8088325985510676,action=1
event=717:G4_BALANCED:leader:action=1,fingerprint=[66, 68, 55, 92, 86, 48, 24, 89, 70, 13, 60, 50, 93, 15, 25, 52, 1, 59, 76, 67, 65, 17, 77, 75, 28, 26, 35, 36, 94, 95, 41, 6, 7, 0, 79, 33, 46, 58, 32, 88, 54, 71, 53, 29, 56, 8, 49, 39, 34, 14, 37, 72, 38, 23, 40, 98, 69, 27, 47, 80, 30, 63, 83, 44, 57, 11, 5, 82, 61, 16, 45, 51, 42, 3, 90, 81, 91, 21, 87, 19, 18, 9, 62, 22, 99, 64, 10, 2, 31, 43, 73, 85, 84, 20, 74, 78, 96, 4, 12, 97]|[1, 1, 0, 1, 1, 2, 2, 0, 0, 2, 1, 0, 1, 0, 0, 0, 0, 2, 0, 2, 1, 0, 2, 1, 2, 0, 0, 2, 0, 1, 2, 1, 2, 1, 1, 0, 1, 0, 0, 0, 1, 0, 1, 2, 1, 0, 1, 0, 2, 2, 1, 0, 0, 0, 1, 2, 2, 1, 0, 1, 2, 2, 1, 0, 0, 1, 1, 1, 0, 2, 1, 1, 0, 1, 2, 0, 1, 1, 2, 1, 2, 1, 0, 1, 2, 2, 0, 2, 1, 1, 1, 1, 1, 0, 0, 2, 1, 0, 0, 0]|[1, 0, 2, 4, 3, 2, 0, 1, 0, 2, 1, 2, 4, 1, 2, 0, 0, 1, 1, 2, 4, 2, 2, 0, 1, 2, 0, 2, 0, 3, 1, 4, 2, 0, 0, 2, 4, 0, 1, 2, 4, 0, 3, 2, 3, 2, 3, 0, 1, 1, 4, 2, 1, 1, 0, 2, 2, 3, 2, 4, 1, 1, 2, 1, 0, 3, 0, 4, 1, 1, 4, 4, 0, 2, 1, 2, 3, 3, 1, 0, 1, 4, 0, 4, 1, 1, 2, 1, 3, 3, 0, 3, 4, 2, 2, 1, 4, 1, 2, 2]|[0, 2, 0, 0, 1, 0, 0, 0, 0, 0, 3, 0, 1, 1, 0, 0, 0, 0, 1, 0, 1, 0, 0, 2, 1, 0, 0, 0, 0, 3, 0, 2, 1, 0, 0, 1, 2, 1, 0, 1, 3, 0, 1, 0, 1, 1, 0, 0, 0, 1, 2, 0, 0, 0, 0, 0, 0, 1, 1, 2, 0, 0, 3, 1, 0, 0, 0, 1, 0, 0, 1, 2, 0, 3, 0, 1, 3, 1, 0, 3, 0, 2, 0, 0, 0, 0, 1, 0, 3, 3, 0, 3, 1, 0, 0, 0, 1, 1, 0, 0]
event=718:G2_TEC:action:mode=exploit,state=1,draw=0.6097044172717433,action=2
event=719:G2_TEC:tournament:reason=action2,left=57,right=34,selected=[66, 68, 55, 92, 86, 48, 24, 89, 70, 13, 60, 50, 93, 15, 25, 52, 1, 59, 65, 67, 63, 17, 77, 75, 28, 26, 35, 36, 94, 95, 41, 6, 7, 0, 79, 33, 46, 58, 32, 19, 54, 71, 53, 29, 56, 8, 49, 39, 16, 14, 37, 72, 38, 23, 40, 98, 69, 27, 47, 80, 99, 76, 83, 44, 57, 11, 5, 82, 61, 34, 45, 51, 42, 3, 90, 81, 91, 21, 87, 88, 18, 9, 62, 22, 73, 64, 10, 2, 31, 43, 30, 85, 96, 20, 12, 78, 84, 74, 97, 4]|[1, 2, 0, 1, 1, 2, 2, 2, 0, 1, 1, 0, 1, 0, 0, 0, 1, 2, 1, 2, 2, 0, 2, 0, 2, 0, 0, 2, 0, 1, 2, 1, 2, 1, 1, 0, 1, 0, 0, 1, 1, 0, 1, 2, 1, 0, 1, 0, 2, 2, 1, 0, 0, 0, 1, 2, 2, 1, 0, 1, 0, 1, 1, 0, 0, 1, 1, 1, 0, 2, 0, 1, 0, 1, 2, 1, 1, 2, 2, 0, 2, 1, 0, 1, 2, 2, 0, 2, 1, 1, 0, 1, 1, 0, 0, 2, 1, 0, 0, 0]|[1, 2, 2, 4, 3, 2, 1, 1, 0, 0, 1, 2, 4, 1, 2, 0, 4, 1, 4, 2, 1, 2, 2, 1, 1, 2, 0, 2, 0, 3, 1, 4, 2, 0, 0, 2, 4, 0, 1, 0, 4, 0, 3, 2, 3, 2, 3, 0, 1, 1, 4, 2, 1, 1, 0, 2, 2, 3, 2, 4, 0, 3, 2, 1, 0, 3, 0, 4, 1, 1, 2, 4, 0, 2, 1, 4, 3, 1, 1, 2, 1, 4, 0, 3, 1, 1, 2, 1, 3, 3, 0, 3, 4, 2, 2, 1, 4, 2, 2, 1]|[0, 0, 0, 0, 1, 0, 0, 0, 0, 2, 3, 0, 1, 1, 0, 0, 0, 0, 1, 0, 0, 0, 0, 1, 1, 0, 0, 0, 0, 3, 0, 2, 1, 0, 0, 1, 2, 1, 0, 3, 3, 0, 1, 0, 1, 1, 0, 0, 0, 1, 2, 0, 0, 0, 0, 0, 0, 1, 1, 2, 0, 1, 3, 1, 0, 0, 0, 1, 0, 0, 1, 2, 0, 3, 0, 1, 3, 0, 0, 1, 0, 2, 0, 1, 0, 0, 1, 0, 3, 3, 0, 3, 1, 0, 0, 0, 1, 0, 0, 1]
event=720:G2_TEC:leader:action=2,fingerprint=[66, 68, 55, 92, 86, 48, 24, 89, 70, 13, 60, 50, 93, 15, 25, 52, 1, 59, 65, 67, 63, 17, 77, 75, 28, 26, 35, 36, 94, 95, 41, 6, 7, 0, 79, 33, 46, 58, 32, 19, 54, 71, 53, 29, 56, 8, 49, 39, 16, 14, 37, 72, 38, 23, 40, 98, 69, 27, 47, 80, 99, 76, 83, 44, 57, 11, 5, 82, 61, 34, 45, 51, 42, 3, 90, 81, 91, 21, 87, 88, 18, 9, 62, 22, 73, 64, 10, 2, 31, 43, 30, 85, 96, 20, 12, 78, 84, 74, 97, 4]|[1, 2, 0, 1, 1, 2, 2, 2, 0, 1, 1, 0, 1, 0, 0, 0, 1, 2, 1, 2, 2, 0, 2, 0, 2, 0, 0, 2, 0, 1, 2, 1, 2, 1, 1, 0, 1, 0, 0, 1, 1, 0, 1, 2, 1, 0, 1, 0, 2, 2, 1, 0, 0, 0, 1, 2, 2, 1, 0, 1, 0, 1, 1, 0, 0, 1, 1, 1, 0, 2, 0, 1, 0, 1, 2, 1, 1, 2, 2, 0, 2, 1, 0, 1, 2, 2, 0, 2, 1, 1, 0, 1, 1, 0, 0, 2, 1, 0, 0, 0]|[1, 2, 2, 4, 3, 2, 1, 1, 0, 0, 1, 2, 4, 1, 2, 0, 4, 1, 4, 2, 1, 2, 2, 1, 1, 2, 0, 2, 0, 3, 1, 4, 2, 0, 0, 2, 4, 0, 1, 0, 4, 0, 3, 2, 3, 2, 3, 0, 1, 1, 4, 2, 1, 1, 0, 2, 2, 3, 2, 4, 0, 3, 2, 1, 0, 3, 0, 4, 1, 1, 2, 4, 0, 2, 1, 4, 3, 1, 1, 2, 1, 4, 0, 3, 1, 1, 2, 1, 3, 3, 0, 3, 4, 2, 2, 1, 4, 2, 2, 1]|[0, 0, 0, 0, 1, 0, 0, 0, 0, 2, 3, 0, 1, 1, 0, 0, 0, 0, 1, 0, 0, 0, 0, 1, 1, 0, 0, 0, 0, 3, 0, 2, 1, 0, 0, 1, 2, 1, 0, 3, 3, 0, 1, 0, 1, 1, 0, 0, 0, 1, 2, 0, 0, 0, 0, 0, 0, 1, 1, 2, 0, 1, 3, 1, 0, 0, 0, 1, 0, 0, 1, 2, 0, 3, 0, 1, 3, 0, 0, 1, 0, 2, 0, 1, 0, 0, 1, 0, 3, 3, 0, 3, 1, 0, 0, 0, 1, 0, 0, 1]
event=721:G3_TWC:action:mode=explore,state=1,draw=0.9864840367793777,action=1
event=722:G3_TWC:leader:action=1,fingerprint=[66, 68, 55, 92, 86, 48, 24, 89, 70, 13, 60, 50, 93, 15, 25, 52, 1, 59, 76, 67, 65, 17, 77, 75, 28, 26, 35, 36, 94, 95, 41, 6, 7, 0, 79, 33, 46, 58, 32, 88, 54, 71, 53, 29, 56, 8, 49, 39, 34, 14, 37, 72, 38, 23, 40, 98, 69, 27, 47, 80, 73, 63, 83, 44, 57, 11, 5, 82, 61, 16, 45, 51, 42, 3, 90, 81, 91, 21, 87, 19, 18, 9, 62, 22, 99, 64, 10, 2, 31, 43, 30, 85, 84, 20, 74, 78, 12, 4, 96, 97]|[1, 1, 0, 1, 1, 2, 2, 0, 0, 2, 1, 0, 1, 0, 0, 0, 0, 2, 0, 2, 1, 0, 2, 0, 2, 2, 0, 2, 0, 1, 2, 2, 2, 1, 1, 0, 1, 0, 0, 1, 1, 0, 1, 2, 1, 0, 1, 0, 1, 2, 1, 0, 0, 1, 1, 2, 0, 1, 0, 2, 0, 2, 1, 0, 0, 1, 1, 1, 2, 2, 0, 1, 0, 1, 2, 1, 1, 1, 2, 1, 2, 1, 0, 1, 0, 2, 0, 2, 1, 2, 2, 1, 1, 0, 0, 2, 0, 0, 1, 0]|[1, 0, 2, 4, 3, 2, 0, 1, 0, 2, 1, 2, 4, 1, 2, 0, 0, 1, 1, 2, 4, 2, 2, 1, 1, 1, 0, 2, 0, 3, 1, 1, 2, 0, 0, 2, 4, 0, 1, 4, 4, 0, 3, 2, 3, 2, 4, 0, 0, 1, 4, 2, 1, 3, 0, 2, 0, 3, 0, 1, 2, 1, 2, 1, 0, 3, 0, 4, 1, 1, 2, 4, 0, 2, 1, 4, 3, 3, 1, 0, 1, 4, 0, 4, 0, 1, 2, 1, 4, 1, 1, 3, 4, 2, 2, 1, 2, 1, 4, 2]|[0, 2, 0, 0, 1, 0, 0, 0, 0, 0, 3, 0, 1, 1, 0, 0, 0, 0, 1, 0, 1, 0, 0, 1, 1, 1, 0, 0, 0, 3, 0, 0, 1, 0, 0, 1, 2, 1, 0, 0, 3, 0, 1, 0, 1, 1, 0, 0, 3, 1, 2, 0, 0, 1, 0, 0, 0, 1, 0, 0, 1, 0, 3, 1, 0, 0, 0, 1, 0, 0, 1, 2, 0, 3, 0, 1, 3, 1, 0, 3, 0, 2, 0, 2, 0, 0, 1, 0, 1, 0, 0, 3, 1, 0, 0, 0, 0, 1, 1, 1]
event=723:G1_CMAX:update:state=1,action=2,reward=-80.3950859194158,nextState=1,old=-267.405483727153,new=-294.3194729011382
event=724:G2_TEC:update:state=1,action=2,reward=-141.66200210638635,nextState=1,old=-1748.1214233544201,new=-1540.1591407899225
event=725:G3_TWC:update:state=1,action=1,reward=-1104.270239592559,nextState=1,old=-13566.004797508642,new=-11957.074077599473
event=726:G4_BALANCED:update:state=1,action=1,reward=-0.02679319073786662,nextState=1,old=-0.2536174809183097,new=-0.2296871754725144
event=727:G1_CMAX:action:mode=exploit,state=1,draw=0.7931155414218055,action=1
event=728:G1_CMAX:leader:action=1,fingerprint=[66, 68, 55, 92, 48, 89, 70, 24, 13, 60, 50, 93, 15, 25, 52, 1, 59, 76, 65, 17, 36, 35, 26, 28, 67, 75, 77, 94, 95, 41, 6, 7, 0, 79, 33, 46, 10, 32, 88, 54, 71, 53, 29, 56, 8, 39, 34, 14, 37, 72, 38, 23, 40, 98, 69, 27, 47, 80, 73, 63, 83, 44, 57, 11, 5, 82, 61, 90, 3, 42, 51, 45, 16, 81, 91, 21, 19, 18, 86, 9, 62, 22, 99, 64, 97, 49, 2, 31, 43, 30, 85, 84, 20, 74, 78, 87, 96, 4, 12, 58]|[1, 1, 0, 1, 2, 0, 2, 2, 1, 1, 0, 1, 0, 0, 0, 1, 2, 0, 1, 0, 2, 0, 2, 2, 2, 0, 2, 0, 1, 2, 2, 2, 1, 1, 0, 1, 0, 0, 0, 1, 0, 1, 2, 1, 0, 0, 1, 2, 1, 0, 0, 0, 1, 2, 0, 1, 0, 2, 1, 2, 1, 0, 0, 1, 1, 1, 2, 2, 1, 0, 1, 1, 2, 0, 1, 2, 1, 2, 2, 1, 0, 1, 0, 2, 1, 1, 2, 1, 1, 0, 0, 1, 1, 0, 2, 2, 1, 0, 0, 0]|[1, 0, 1, 4, 1, 2, 1, 1, 0, 1, 2, 4, 1, 2, 0, 4, 1, 1, 4, 2, 2, 0, 1, 1, 2, 1, 2, 0, 3, 1, 1, 2, 0, 0, 2, 4, 2, 1, 2, 4, 0, 3, 2, 3, 2, 0, 0, 1, 4, 2, 1, 1, 0, 2, 0, 3, 2, 1, 0, 1, 2, 1, 0, 3, 0, 4, 1, 1, 2, 1, 4, 4, 1, 2, 3, 1, 0, 1, 2, 4, 0, 4, 0, 1, 4, 3, 1, 3, 3, 0, 2, 4, 2, 2, 1, 1, 4, 1, 2, 0]|[0, 2, 0, 0, 0, 0, 0, 0, 2, 3, 0, 1, 1, 0, 0, 0, 0, 1, 1, 0, 0, 0, 1, 1, 0, 1, 0, 0, 3, 0, 0, 1, 0, 0, 1, 2, 1, 0, 1, 3, 0, 1, 0, 1, 1, 0, 3, 1, 2, 0, 0, 0, 0, 0, 0, 1, 1, 0, 0, 0, 3, 1, 0, 0, 0, 1, 0, 0, 3, 1, 2, 1, 0, 1, 3, 0, 3, 0, 1, 2, 0, 0, 0, 0, 0, 0, 0, 3, 3, 0, 0, 1, 2, 0, 0, 0, 1, 1, 0, 1]
event=729:G4_BALANCED:action:mode=exploit,state=1,draw=0.7060266966985771,action=1
event=730:G4_BALANCED:leader:action=1,fingerprint=[66, 68, 55, 92, 86, 48, 24, 89, 70, 13, 60, 50, 93, 15, 25, 52, 1, 59, 76, 67, 65, 17, 77, 75, 28, 26, 35, 36, 94, 95, 41, 6, 7, 0, 79, 33, 46, 58, 32, 88, 54, 71, 53, 29, 56, 8, 49, 39, 34, 14, 37, 72, 38, 23, 40, 98, 69, 27, 47, 80, 30, 63, 83, 44, 57, 11, 5, 82, 61, 16, 45, 51, 42, 3, 90, 81, 91, 21, 87, 19, 18, 9, 62, 22, 99, 64, 10, 2, 31, 43, 73, 85, 84, 20, 74, 78, 96, 4, 12, 97]|[1, 1, 0, 1, 1, 2, 2, 0, 0, 2, 1, 0, 1, 0, 0, 0, 0, 2, 0, 2, 1, 0, 2, 1, 2, 0, 0, 2, 0, 1, 2, 1, 2, 1, 1, 0, 1, 0, 0, 0, 1, 0, 1, 2, 1, 0, 1, 0, 2, 2, 1, 0, 0, 0, 1, 2, 2, 1, 0, 1, 2, 2, 1, 0, 0, 1, 1, 1, 0, 2, 1, 1, 0, 1, 2, 0, 1, 1, 2, 1, 2, 1, 0, 1, 2, 2, 0, 2, 1, 1, 1, 1, 1, 0, 0, 2, 1, 0, 0, 0]|[1, 0, 2, 4, 3, 2, 0, 1, 0, 2, 1, 2, 4, 1, 2, 0, 0, 1, 1, 2, 4, 2, 2, 0, 1, 2, 0, 2, 0, 3, 1, 4, 2, 0, 0, 2, 4, 0, 1, 2, 4, 0, 3, 2, 3, 2, 3, 0, 1, 1, 4, 2, 1, 1, 0, 2, 2, 3, 2, 4, 1, 1, 2, 1, 0, 3, 0, 4, 1, 1, 4, 4, 0, 2, 1, 2, 3, 3, 1, 0, 1, 4, 0, 4, 1, 1, 2, 1, 3, 3, 0, 3, 4, 2, 2, 1, 4, 1, 2, 2]|[0, 2, 0, 0, 1, 0, 0, 0, 0, 0, 3, 0, 1, 1, 0, 0, 0, 0, 1, 0, 1, 0, 0, 2, 1, 0, 0, 0, 0, 3, 0, 2, 1, 0, 0, 1, 2, 1, 0, 1, 3, 0, 1, 0, 1, 1, 0, 0, 0, 1, 2, 0, 0, 0, 0, 0, 0, 1, 1, 2, 0, 0, 3, 1, 0, 0, 0, 1, 0, 0, 1, 2, 0, 3, 0, 1, 3, 1, 0, 3, 0, 2, 0, 0, 0, 0, 1, 0, 3, 3, 0, 3, 1, 0, 0, 0, 1, 1, 0, 0]
event=731:G2_TEC:action:mode=exploit,state=1,draw=0.13415506692849222,action=2
event=732:G2_TEC:tournament:reason=action2,left=1,right=55,selected=[66, 68, 55, 92, 86, 48, 24, 89, 70, 13, 60, 50, 93, 15, 25, 52, 1, 59, 76, 67, 65, 88, 77, 75, 28, 26, 35, 36, 94, 95, 41, 6, 7, 0, 79, 33, 46, 58, 32, 17, 54, 71, 53, 29, 56, 8, 49, 39, 34, 14, 37, 72, 38, 23, 40, 98, 69, 27, 45, 22, 73, 63, 83, 44, 57, 11, 5, 96, 2, 16, 47, 51, 42, 3, 90, 81, 64, 21, 87, 19, 18, 9, 62, 80, 99, 91, 10, 61, 31, 43, 30, 85, 84, 20, 12, 78, 82, 74, 97, 4]|[1, 2, 0, 1, 1, 2, 2, 0, 0, 2, 1, 0, 1, 0, 0, 0, 1, 2, 0, 2, 1, 0, 2, 0, 2, 0, 2, 1, 0, 1, 1, 2, 2, 1, 1, 1, 1, 0, 0, 0, 1, 0, 1, 2, 1, 0, 1, 0, 1, 2, 1, 0, 0, 0, 1, 1, 0, 1, 0, 2, 1, 0, 1, 0, 0, 1, 1, 1, 2, 1, 1, 2, 0, 1, 2, 0, 2, 2, 2, 1, 2, 1, 0, 1, 2, 1, 0, 2, 1, 2, 2, 0, 1, 0, 0, 2, 2, 0, 0, 1]|[1, 2, 0, 4, 3, 2, 0, 1, 0, 2, 4, 2, 4, 1, 2, 0, 4, 1, 1, 1, 4, 2, 2, 1, 1, 2, 2, 3, 0, 3, 1, 1, 2, 0, 0, 1, 4, 0, 1, 2, 4, 0, 3, 2, 3, 2, 4, 0, 3, 1, 4, 2, 1, 1, 0, 4, 0, 3, 2, 1, 0, 1, 2, 1, 0, 3, 3, 4, 1, 4, 4, 2, 0, 2, 1, 2, 1, 1, 1, 0, 1, 4, 0, 4, 1, 4, 2, 1, 3, 1, 1, 1, 4, 2, 2, 1, 1, 2, 2, 4]|[0, 0, 0, 0, 1, 0, 0, 0, 0, 0, 1, 0, 1, 1, 0, 0, 0, 0, 1, 0, 1, 1, 0, 1, 1, 0, 0, 3, 0, 3, 1, 0, 1, 0, 0, 1, 2, 1, 0, 0, 3, 0, 1, 0, 1, 1, 0, 0, 1, 1, 2, 0, 0, 0, 0, 3, 0, 1, 1, 0, 0, 0, 3, 1, 0, 0, 0, 2, 0, 1, 1, 0, 0, 3, 0, 1, 0, 0, 0, 3, 0, 2, 0, 0, 0, 0, 1, 0, 3, 0, 0, 1, 1, 0, 0, 0, 0, 0, 0, 2]
event=733:G2_TEC:leader:action=2,fingerprint=[66, 68, 55, 92, 86, 48, 24, 89, 70, 13, 60, 50, 93, 15, 25, 52, 1, 59, 76, 67, 65, 88, 77, 75, 28, 26, 35, 36, 94, 95, 41, 6, 7, 0, 79, 33, 46, 58, 32, 17, 54, 71, 53, 29, 56, 8, 49, 39, 34, 14, 37, 72, 38, 23, 40, 98, 69, 27, 45, 22, 73, 63, 83, 44, 57, 11, 5, 96, 2, 16, 47, 51, 42, 3, 90, 81, 64, 21, 87, 19, 18, 9, 62, 80, 99, 91, 10, 61, 31, 43, 30, 85, 84, 20, 12, 78, 82, 74, 97, 4]|[1, 2, 0, 1, 1, 2, 2, 0, 0, 2, 1, 0, 1, 0, 0, 0, 1, 2, 0, 2, 1, 0, 2, 0, 2, 0, 2, 1, 0, 1, 1, 2, 2, 1, 1, 1, 1, 0, 0, 0, 1, 0, 1, 2, 1, 0, 1, 0, 1, 2, 1, 0, 0, 0, 1, 1, 0, 1, 0, 2, 1, 0, 1, 0, 0, 1, 1, 1, 2, 1, 1, 2, 0, 1, 2, 0, 2, 2, 2, 1, 2, 1, 0, 1, 2, 1, 0, 2, 1, 2, 2, 0, 1, 0, 0, 2, 2, 0, 0, 1]|[1, 2, 0, 4, 3, 2, 0, 1, 0, 2, 4, 2, 4, 1, 2, 0, 4, 1, 1, 1, 4, 2, 2, 1, 1, 2, 2, 3, 0, 3, 1, 1, 2, 0, 0, 1, 4, 0, 1, 2, 4, 0, 3, 2, 3, 2, 4, 0, 3, 1, 4, 2, 1, 1, 0, 4, 0, 3, 2, 1, 0, 1, 2, 1, 0, 3, 3, 4, 1, 4, 4, 2, 0, 2, 1, 2, 1, 1, 1, 0, 1, 4, 0, 4, 1, 4, 2, 1, 3, 1, 1, 1, 4, 2, 2, 1, 1, 2, 2, 4]|[0, 0, 0, 0, 1, 0, 0, 0, 0, 0, 1, 0, 1, 1, 0, 0, 0, 0, 1, 0, 1, 1, 0, 1, 1, 0, 0, 3, 0, 3, 1, 0, 1, 0, 0, 1, 2, 1, 0, 0, 3, 0, 1, 0, 1, 1, 0, 0, 1, 1, 2, 0, 0, 0, 0, 3, 0, 1, 1, 0, 0, 0, 3, 1, 0, 0, 0, 2, 0, 1, 1, 0, 0, 3, 0, 1, 0, 0, 0, 3, 0, 2, 0, 0, 0, 0, 1, 0, 3, 0, 0, 1, 1, 0, 0, 0, 0, 0, 0, 2]
event=734:G3_TWC:action:mode=exploit,state=1,draw=0.43796572527176647,action=1
event=735:G3_TWC:leader:action=1,fingerprint=[66, 68, 55, 92, 86, 48, 24, 89, 70, 13, 60, 50, 93, 15, 25, 52, 1, 59, 76, 67, 65, 17, 77, 75, 28, 26, 35, 36, 94, 95, 41, 6, 7, 0, 79, 33, 46, 58, 32, 88, 54, 71, 53, 29, 56, 8, 49, 39, 34, 14, 37, 72, 38, 23, 40, 98, 69, 27, 47, 80, 73, 63, 83, 44, 57, 11, 5, 82, 61, 16, 45, 51, 42, 3, 90, 81, 91, 21, 87, 19, 18, 9, 62, 22, 99, 64, 10, 2, 31, 43, 30, 85, 84, 20, 74, 78, 12, 4, 96, 97]|[1, 1, 0, 1, 1, 2, 2, 0, 0, 2, 1, 0, 1, 0, 0, 0, 0, 2, 0, 2, 1, 0, 2, 0, 2, 2, 0, 2, 0, 1, 2, 2, 2, 1, 1, 0, 1, 0, 0, 1, 1, 0, 1, 2, 1, 0, 1, 0, 1, 2, 1, 0, 0, 1, 1, 2, 0, 1, 0, 2, 0, 2, 1, 0, 0, 1, 1, 1, 2, 2, 0, 1, 0, 1, 2, 1, 1, 1, 2, 1, 2, 1, 0, 1, 0, 2, 0, 2, 1, 2, 2, 1, 1, 0, 0, 2, 0, 0, 1, 0]|[1, 0, 2, 4, 3, 2, 0, 1, 0, 2, 1, 2, 4, 1, 2, 0, 0, 1, 1, 2, 4, 2, 2, 1, 1, 1, 0, 2, 0, 3, 1, 1, 2, 0, 0, 2, 4, 0, 1, 4, 4, 0, 3, 2, 3, 2, 4, 0, 0, 1, 4, 2, 1, 3, 0, 2, 0, 3, 0, 1, 2, 1, 2, 1, 0, 3, 0, 4, 1, 1, 2, 4, 0, 2, 1, 4, 3, 3, 1, 0, 1, 4, 0, 4, 0, 1, 2, 1, 4, 1, 1, 3, 4, 2, 2, 1, 2, 1, 4, 2]|[0, 2, 0, 0, 1, 0, 0, 0, 0, 0, 3, 0, 1, 1, 0, 0, 0, 0, 1, 0, 1, 0, 0, 1, 1, 1, 0, 0, 0, 3, 0, 0, 1, 0, 0, 1, 2, 1, 0, 0, 3, 0, 1, 0, 1, 1, 0, 0, 3, 1, 2, 0, 0, 1, 0, 0, 0, 1, 0, 0, 1, 0, 3, 1, 0, 0, 0, 1, 0, 0, 1, 2, 0, 3, 0, 1, 3, 1, 0, 3, 0, 2, 0, 2, 0, 0, 1, 0, 1, 0, 0, 3, 1, 0, 0, 0, 0, 1, 1, 1]
event=736:G1_CMAX:update:state=1,action=1,reward=-75.2941928701573,nextState=1,old=-270.1089629043002,new=-291.3813631935975
event=737:G2_TEC:update:state=1,action=2,reward=-524.275569015459,nextState=1,old=-1540.1591407899225,new=-1756.4028816473972
event=738:G3_TWC:update:state=1,action=1,reward=-2231.4661413059803,nextState=1,old=-11957.074077599473,new=-11797.125403385558
event=739:G4_BALANCED:update:state=1,action=1,reward=-0.004794659308911696,nextState=1,old=-0.2296871754725144,new=-0.18854439968692324
event=740:G1_CMAX:action:mode=explore,state=1,draw=0.9901600461485005,action=0
event=741:G1_CMAX:leader:action=0,fingerprint=[66, 68, 55, 92, 48, 89, 70, 24, 13, 60, 50, 93, 15, 25, 52, 1, 59, 76, 65, 17, 36, 35, 26, 28, 67, 75, 77, 94, 95, 41, 6, 7, 0, 79, 33, 46, 10, 32, 88, 54, 71, 53, 29, 56, 8, 39, 34, 14, 37, 72, 38, 23, 40, 98, 69, 27, 47, 80, 73, 63, 83, 44, 57, 11, 5, 82, 61, 90, 3, 42, 51, 45, 16, 81, 91, 21, 19, 18, 86, 9, 62, 22, 99, 64, 97, 49, 2, 31, 43, 30, 85, 84, 20, 74, 78, 87, 96, 4, 12, 58]|[1, 1, 0, 1, 2, 0, 2, 2, 1, 1, 0, 1, 0, 0, 0, 1, 2, 0, 1, 0, 2, 0, 2, 2, 2, 0, 2, 0, 1, 2, 2, 2, 1, 1, 0, 1, 0, 0, 0, 1, 0, 1, 2, 1, 0, 0, 1, 2, 1, 0, 0, 0, 1, 2, 0, 1, 0, 2, 1, 2, 1, 0, 0, 1, 1, 1, 2, 2, 1, 0, 1, 1, 2, 0, 1, 2, 1, 2, 2, 1, 0, 1, 0, 2, 1, 1, 2, 1, 1, 0, 0, 1, 1, 0, 2, 2, 1, 0, 0, 0]|[1, 0, 1, 4, 1, 2, 1, 1, 0, 1, 2, 4, 1, 2, 0, 4, 1, 1, 4, 2, 2, 0, 1, 1, 2, 1, 2, 0, 3, 1, 1, 2, 0, 0, 2, 4, 2, 1, 2, 4, 0, 3, 2, 3, 2, 0, 0, 1, 4, 2, 1, 1, 0, 2, 0, 3, 2, 1, 0, 1, 2, 1, 0, 3, 0, 4, 1, 1, 2, 1, 4, 4, 1, 2, 3, 1, 0, 1, 2, 4, 0, 4, 0, 1, 4, 3, 1, 3, 3, 0, 2, 4, 2, 2, 1, 1, 4, 1, 2, 0]|[0, 2, 0, 0, 0, 0, 0, 0, 2, 3, 0, 1, 1, 0, 0, 0, 0, 1, 1, 0, 0, 0, 1, 1, 0, 1, 0, 0, 3, 0, 0, 1, 0, 0, 1, 2, 1, 0, 1, 3, 0, 1, 0, 1, 1, 0, 3, 1, 2, 0, 0, 0, 0, 0, 0, 1, 1, 0, 0, 0, 3, 1, 0, 0, 0, 1, 0, 0, 3, 1, 2, 1, 0, 1, 3, 0, 3, 0, 1, 2, 0, 0, 0, 0, 0, 0, 0, 3, 3, 0, 0, 1, 2, 0, 0, 0, 1, 1, 0, 1]
event=742:G4_BALANCED:action:mode=exploit,state=1,draw=0.1366182223003568,action=1
event=743:G4_BALANCED:leader:action=1,fingerprint=[66, 68, 55, 92, 86, 48, 24, 89, 70, 13, 60, 50, 93, 15, 25, 52, 1, 59, 76, 67, 65, 17, 77, 75, 28, 26, 35, 36, 94, 95, 41, 6, 7, 0, 79, 33, 46, 58, 32, 88, 54, 71, 53, 29, 56, 8, 49, 39, 34, 14, 37, 72, 38, 23, 40, 98, 69, 27, 47, 80, 30, 63, 83, 44, 57, 11, 5, 82, 61, 16, 45, 51, 42, 3, 90, 81, 91, 21, 87, 19, 18, 9, 62, 22, 99, 64, 10, 2, 31, 43, 73, 85, 84, 20, 74, 78, 96, 4, 12, 97]|[1, 1, 0, 1, 1, 2, 2, 0, 0, 2, 1, 0, 1, 0, 0, 0, 0, 2, 0, 2, 1, 0, 2, 1, 2, 0, 0, 2, 0, 1, 2, 1, 2, 1, 1, 0, 1, 0, 0, 0, 1, 0, 1, 2, 1, 0, 1, 0, 2, 2, 1, 0, 0, 0, 1, 2, 2, 1, 0, 1, 2, 2, 1, 0, 0, 1, 1, 1, 0, 2, 1, 1, 0, 1, 2, 0, 1, 1, 2, 1, 2, 1, 0, 1, 2, 2, 0, 2, 1, 1, 1, 1, 1, 0, 0, 2, 1, 0, 0, 0]|[1, 0, 2, 4, 3, 2, 0, 1, 0, 2, 1, 2, 4, 1, 2, 0, 0, 1, 1, 2, 4, 2, 2, 0, 1, 2, 0, 2, 0, 3, 1, 4, 2, 0, 0, 2, 4, 0, 1, 2, 4, 0, 3, 2, 3, 2, 3, 0, 1, 1, 4, 2, 1, 1, 0, 2, 2, 3, 2, 4, 1, 1, 2, 1, 0, 3, 0, 4, 1, 1, 4, 4, 0, 2, 1, 2, 3, 3, 1, 0, 1, 4, 0, 4, 1, 1, 2, 1, 3, 3, 0, 3, 4, 2, 2, 1, 4, 1, 2, 2]|[0, 2, 0, 0, 1, 0, 0, 0, 0, 0, 3, 0, 1, 1, 0, 0, 0, 0, 1, 0, 1, 0, 0, 2, 1, 0, 0, 0, 0, 3, 0, 2, 1, 0, 0, 1, 2, 1, 0, 1, 3, 0, 1, 0, 1, 1, 0, 0, 0, 1, 2, 0, 0, 0, 0, 0, 0, 1, 1, 2, 0, 0, 3, 1, 0, 0, 0, 1, 0, 0, 1, 2, 0, 3, 0, 1, 3, 1, 0, 3, 0, 2, 0, 0, 0, 0, 1, 0, 3, 3, 0, 3, 1, 0, 0, 0, 1, 1, 0, 0]
event=744:G2_TEC:action:mode=explore,state=1,draw=0.8652730225115156,action=1
event=745:G2_TEC:leader:action=1,fingerprint=[66, 68, 32, 92, 86, 48, 3, 69, 70, 13, 60, 50, 93, 15, 52, 23, 1, 59, 76, 67, 58, 46, 79, 0, 7, 41, 95, 44, 36, 35, 26, 28, 75, 77, 88, 94, 17, 54, 71, 53, 29, 56, 65, 39, 34, 14, 37, 72, 38, 40, 98, 89, 27, 45, 22, 6, 73, 83, 55, 25, 57, 11, 5, 96, 2, 16, 47, 49, 51, 42, 24, 90, 81, 8, 64, 21, 87, 19, 18, 9, 62, 80, 99, 91, 10, 61, 31, 43, 30, 85, 84, 12, 20, 63, 4, 74, 33, 78, 82, 97]|[1, 1, 0, 1, 2, 2, 1, 0, 0, 2, 1, 0, 1, 0, 0, 0, 1, 2, 0, 2, 0, 1, 1, 1, 2, 2, 1, 0, 2, 2, 2, 2, 0, 2, 0, 0, 0, 1, 0, 1, 2, 1, 1, 0, 1, 2, 1, 0, 0, 1, 1, 0, 1, 1, 1, 1, 0, 1, 0, 0, 0, 1, 2, 1, 2, 2, 1, 1, 2, 0, 1, 2, 0, 0, 2, 2, 2, 1, 2, 1, 0, 2, 2, 1, 0, 2, 1, 2, 2, 0, 1, 0, 0, 0, 1, 0, 0, 2, 2, 0]|[4, 4, 0, 4, 1, 2, 4, 0, 1, 2, 4, 0, 4, 1, 0, 1, 4, 1, 1, 1, 0, 4, 4, 4, 2, 1, 3, 1, 1, 2, 1, 1, 1, 2, 2, 0, 2, 4, 0, 3, 2, 3, 4, 0, 0, 1, 4, 2, 1, 0, 4, 1, 3, 4, 3, 4, 2, 4, 0, 2, 0, 3, 1, 4, 1, 1, 4, 4, 2, 0, 4, 1, 2, 2, 1, 1, 1, 0, 1, 4, 0, 1, 1, 4, 2, 1, 3, 1, 1, 1, 4, 1, 2, 1, 4, 2, 2, 1, 1, 2]|[0, 1, 0, 0, 1, 0, 1, 0, 0, 0, 3, 0, 1, 0, 0, 0, 0, 0, 0, 0, 0, 2, 0, 0, 1, 0, 3, 0, 0, 0, 1, 1, 0, 0, 0, 0, 0, 3, 0, 1, 0, 1, 1, 0, 3, 1, 2, 0, 0, 0, 3, 0, 1, 1, 1, 2, 0, 3, 0, 0, 0, 0, 0, 1, 0, 0, 1, 0, 0, 0, 1, 0, 0, 0, 0, 0, 0, 3, 0, 2, 0, 0, 0, 0, 0, 0, 3, 0, 0, 0, 1, 0, 0, 0, 2, 0, 0, 0, 0, 0]
event=746:G3_TWC:action:mode=exploit,state=1,draw=0.34217753865145195,action=1
event=747:G3_TWC:leader:action=1,fingerprint=[66, 68, 55, 92, 86, 48, 24, 89, 70, 13, 60, 50, 93, 15, 25, 52, 1, 59, 76, 67, 65, 17, 77, 75, 28, 26, 35, 36, 94, 95, 41, 6, 7, 0, 79, 33, 46, 58, 32, 88, 54, 71, 53, 29, 56, 8, 49, 39, 34, 14, 37, 72, 38, 23, 40, 98, 69, 27, 47, 80, 73, 63, 83, 44, 57, 11, 5, 82, 61, 16, 45, 51, 42, 3, 90, 81, 91, 21, 87, 19, 18, 9, 62, 22, 99, 64, 10, 2, 31, 43, 30, 85, 84, 20, 74, 78, 12, 4, 96, 97]|[1, 1, 0, 1, 1, 2, 2, 0, 0, 2, 1, 0, 1, 0, 0, 0, 0, 2, 0, 2, 1, 0, 2, 0, 2, 2, 0, 2, 0, 1, 2, 2, 2, 1, 1, 0, 1, 0, 0, 1, 1, 0, 1, 2, 1, 0, 1, 0, 1, 2, 1, 0, 0, 1, 1, 2, 0, 1, 0, 2, 0, 2, 1, 0, 0, 1, 1, 1, 2, 2, 0, 1, 0, 1, 2, 1, 1, 1, 2, 1, 2, 1, 0, 1, 0, 2, 0, 2, 1, 2, 2, 1, 1, 0, 0, 2, 0, 0, 1, 0]|[1, 0, 2, 4, 3, 2, 0, 1, 0, 2, 1, 2, 4, 1, 2, 0, 0, 1, 1, 2, 4, 2, 2, 1, 1, 1, 0, 2, 0, 3, 1, 1, 2, 0, 0, 2, 4, 0, 1, 4, 4, 0, 3, 2, 3, 2, 4, 0, 0, 1, 4, 2, 1, 3, 0, 2, 0, 3, 0, 1, 2, 1, 2, 1, 0, 3, 0, 4, 1, 1, 2, 4, 0, 2, 1, 4, 3, 3, 1, 0, 1, 4, 0, 4, 0, 1, 2, 1, 4, 1, 1, 3, 4, 2, 2, 1, 2, 1, 4, 2]|[0, 2, 0, 0, 1, 0, 0, 0, 0, 0, 3, 0, 1, 1, 0, 0, 0, 0, 1, 0, 1, 0, 0, 1, 1, 1, 0, 0, 0, 3, 0, 0, 1, 0, 0, 1, 2, 1, 0, 0, 3, 0, 1, 0, 1, 1, 0, 0, 3, 1, 2, 0, 0, 1, 0, 0, 0, 1, 0, 0, 1, 0, 3, 1, 0, 0, 0, 1, 0, 0, 1, 2, 0, 3, 0, 1, 3, 1, 0, 3, 0, 2, 0, 2, 0, 0, 1, 0, 1, 0, 0, 3, 1, 0, 0, 0, 0, 1, 1, 1]
event=748:G1_CMAX:update:state=1,action=0,reward=-112.0825478783745,nextState=1,old=-294.21333878755706,new=-345.1876384332525
event=749:G2_TEC:update:state=1,action=1,reward=-138.2638327886234,nextState=1,old=-2994.916126219521,new=-1543.3861381065412
event=750:G3_TWC:update:state=1,action=1,reward=-2098.1704201250395,nextState=1,old=-11797.125403385558,new=-11535.870742833487
event=751:G4_BALANCED:update:state=1,action=1,reward=-0.01696562363120762,nextState=1,old=-0.18854439968692324,new=-0.16780114338074623
event=752:G1_CMAX:action:mode=explore,state=1,draw=0.9638862614372353,action=2
event=753:G1_CMAX:tournament:reason=action2,left=62,right=5,selected=[66, 68, 55, 92, 86, 48, 24, 89, 70, 13, 60, 50, 93, 15, 25, 52, 1, 59, 76, 67, 65, 17, 77, 75, 28, 26, 35, 36, 94, 95, 41, 6, 7, 0, 79, 33, 46, 58, 32, 88, 54, 71, 53, 29, 56, 8, 49, 39, 34, 14, 37, 72, 38, 23, 40, 98, 69, 27, 47, 80, 73, 63, 83, 44, 57, 11, 12, 82, 61, 16, 45, 51, 42, 3, 90, 81, 91, 21, 87, 19, 18, 9, 62, 22, 99, 64, 10, 2, 31, 43, 30, 97, 96, 20, 5, 78, 84, 74, 85, 4]|[1, 1, 0, 1, 1, 2, 2, 0, 2, 1, 1, 0, 1, 0, 0, 0, 0, 2, 0, 2, 1, 0, 2, 0, 2, 2, 2, 2, 0, 1, 2, 1, 2, 1, 1, 0, 1, 0, 0, 0, 1, 0, 1, 2, 1, 0, 1, 0, 1, 2, 1, 0, 0, 0, 1, 2, 0, 1, 0, 2, 1, 2, 1, 0, 0, 1, 1, 1, 2, 2, 0, 1, 0, 1, 2, 0, 1, 2, 2, 1, 2, 1, 0, 1, 2, 1, 0, 2, 1, 1, 0, 0, 1, 1, 1, 2, 1, 0, 0, 0]|[1, 0, 2, 4, 3, 2, 0, 1, 1, 0, 1, 2, 4, 1, 2, 0, 0, 1, 1, 2, 4, 2, 2, 1, 1, 1, 2, 2, 0, 3, 1, 4, 2, 0, 0, 2, 4, 0, 1, 2, 4, 0, 3, 2, 3, 2, 3, 0, 0, 1, 4, 2, 1, 1, 0, 2, 0, 3, 2, 1, 0, 1, 2, 1, 0, 3, 0, 4, 1, 1, 0, 4, 0, 2, 1, 2, 3, 1, 1, 0, 1, 4, 0, 4, 1, 4, 2, 1, 3, 3, 0, 2, 4, 2, 2, 1, 4, 2, 2, 1]|[0, 2, 0, 0, 1, 0, 0, 0, 0, 2, 3, 0, 1, 1, 0, 0, 0, 0, 1, 0, 1, 0, 0, 1, 1, 1, 0, 0, 0, 3, 0, 2, 1, 0, 0, 1, 2, 1, 0, 1, 3, 0, 1, 0, 1, 1, 0, 0, 3, 1, 2, 0, 0, 0, 0, 0, 0, 1, 1, 0, 0, 0, 3, 1, 0, 0, 0, 1, 0, 0, 0, 2, 0, 3, 0, 1, 3, 0, 0, 3, 0, 2, 0, 0, 0, 0, 1, 0, 3, 3, 0, 0, 1, 2, 2, 0, 1, 0, 0, 1]
event=754:G1_CMAX:leader:action=2,fingerprint=[66, 68, 55, 92, 86, 48, 24, 89, 70, 13, 60, 50, 93, 15, 25, 52, 1, 59, 76, 67, 65, 17, 77, 75, 28, 26, 35, 36, 94, 95, 41, 6, 7, 0, 79, 33, 46, 58, 32, 88, 54, 71, 53, 29, 56, 8, 49, 39, 34, 14, 37, 72, 38, 23, 40, 98, 69, 27, 47, 80, 73, 63, 83, 44, 57, 11, 12, 82, 61, 16, 45, 51, 42, 3, 90, 81, 91, 21, 87, 19, 18, 9, 62, 22, 99, 64, 10, 2, 31, 43, 30, 97, 96, 20, 5, 78, 84, 74, 85, 4]|[1, 1, 0, 1, 1, 2, 2, 0, 2, 1, 1, 0, 1, 0, 0, 0, 0, 2, 0, 2, 1, 0, 2, 0, 2, 2, 2, 2, 0, 1, 2, 1, 2, 1, 1, 0, 1, 0, 0, 0, 1, 0, 1, 2, 1, 0, 1, 0, 1, 2, 1, 0, 0, 0, 1, 2, 0, 1, 0, 2, 1, 2, 1, 0, 0, 1, 1, 1, 2, 2, 0, 1, 0, 1, 2, 0, 1, 2, 2, 1, 2, 1, 0, 1, 2, 1, 0, 2, 1, 1, 0, 0, 1, 1, 1, 2, 1, 0, 0, 0]|[1, 0, 2, 4, 3, 2, 0, 1, 1, 0, 1, 2, 4, 1, 2, 0, 0, 1, 1, 2, 4, 2, 2, 1, 1, 1, 2, 2, 0, 3, 1, 4, 2, 0, 0, 2, 4, 0, 1, 2, 4, 0, 3, 2, 3, 2, 3, 0, 0, 1, 4, 2, 1, 1, 0, 2, 0, 3, 2, 1, 0, 1, 2, 1, 0, 3, 0, 4, 1, 1, 0, 4, 0, 2, 1, 2, 3, 1, 1, 0, 1, 4, 0, 4, 1, 4, 2, 1, 3, 3, 0, 2, 4, 2, 2, 1, 4, 2, 2, 1]|[0, 2, 0, 0, 1, 0, 0, 0, 0, 2, 3, 0, 1, 1, 0, 0, 0, 0, 1, 0, 1, 0, 0, 1, 1, 1, 0, 0, 0, 3, 0, 2, 1, 0, 0, 1, 2, 1, 0, 1, 3, 0, 1, 0, 1, 1, 0, 0, 3, 1, 2, 0, 0, 0, 0, 0, 0, 1, 1, 0, 0, 0, 3, 1, 0, 0, 0, 1, 0, 0, 0, 2, 0, 3, 0, 1, 3, 0, 0, 3, 0, 2, 0, 0, 0, 0, 1, 0, 3, 3, 0, 0, 1, 2, 2, 0, 1, 0, 0, 1]
event=755:G4_BALANCED:action:mode=exploit,state=1,draw=0.7846558789491674,action=1
event=756:G4_BALANCED:leader:action=1,fingerprint=[66, 68, 55, 92, 86, 48, 24, 89, 70, 13, 60, 50, 93, 15, 25, 52, 1, 59, 76, 67, 65, 17, 77, 75, 28, 26, 35, 36, 94, 95, 41, 6, 7, 0, 79, 33, 46, 58, 32, 88, 54, 71, 53, 29, 56, 8, 49, 39, 34, 14, 37, 72, 38, 23, 40, 98, 69, 27, 47, 80, 30, 63, 83, 44, 57, 11, 5, 82, 61, 16, 45, 51, 42, 3, 90, 81, 91, 21, 87, 19, 18, 9, 62, 22, 99, 64, 10, 2, 31, 43, 73, 85, 84, 20, 74, 78, 4, 12, 96, 97]|[1, 1, 0, 1, 1, 2, 2, 0, 0, 2, 1, 0, 1, 0, 0, 0, 0, 2, 0, 2, 1, 0, 2, 1, 2, 0, 0, 2, 0, 1, 2, 1, 2, 1, 1, 0, 1, 0, 0, 0, 1, 0, 1, 2, 1, 0, 1, 0, 1, 2, 1, 0, 0, 0, 1, 2, 0, 1, 0, 1, 2, 2, 1, 0, 0, 1, 1, 1, 0, 2, 1, 1, 0, 1, 2, 0, 1, 1, 2, 1, 2, 1, 0, 2, 2, 2, 0, 2, 1, 1, 1, 1, 1, 0, 0, 2, 0, 1, 1, 0]|[1, 0, 2, 4, 3, 2, 0, 1, 0, 2, 1, 2, 4, 1, 2, 0, 0, 1, 1, 2, 4, 2, 2, 0, 1, 2, 0, 2, 0, 3, 1, 4, 2, 0, 0, 2, 4, 0, 1, 2, 4, 0, 3, 2, 3, 2, 3, 0, 3, 1, 4, 2, 1, 1, 0, 2, 0, 3, 2, 4, 1, 1, 2, 1, 0, 3, 0, 4, 1, 1, 4, 4, 0, 2, 1, 2, 3, 3, 1, 0, 1, 4, 0, 1, 1, 1, 2, 1, 3, 3, 0, 3, 4, 2, 2, 1, 1, 2, 4, 2]|[0, 2, 0, 0, 1, 0, 0, 0, 0, 0, 3, 0, 1, 1, 0, 0, 0, 0, 1, 0, 1, 0, 0, 2, 1, 0, 0, 0, 0, 3, 0, 2, 1, 0, 0, 1, 2, 1, 0, 1, 3, 0, 1, 0, 1, 1, 0, 0, 1, 1, 2, 0, 0, 0, 0, 0, 0, 1, 1, 2, 0, 0, 3, 1, 0, 0, 0, 1, 0, 0, 1, 2, 0, 3, 0, 1, 3, 1, 0, 3, 0, 2, 0, 0, 0, 0, 1, 0, 3, 3, 0, 3, 1, 0, 0, 0, 1, 2, 1, 0]
event=757:G2_TEC:action:mode=exploit,state=1,draw=0.6429736356840846,action=1
event=758:G2_TEC:leader:action=1,fingerprint=[66, 68, 32, 92, 86, 48, 3, 69, 70, 13, 60, 50, 93, 15, 52, 23, 1, 59, 76, 67, 58, 46, 79, 0, 7, 41, 95, 44, 36, 35, 26, 28, 75, 77, 88, 94, 17, 54, 71, 53, 29, 56, 65, 39, 34, 14, 37, 72, 38, 40, 98, 89, 27, 45, 22, 6, 73, 83, 55, 25, 57, 11, 5, 96, 2, 16, 47, 49, 51, 42, 24, 90, 81, 8, 64, 21, 87, 19, 18, 9, 62, 80, 99, 91, 10, 61, 31, 43, 30, 85, 84, 12, 20, 63, 4, 74, 33, 78, 82, 97]|[1, 1, 0, 1, 2, 2, 1, 0, 0, 2, 1, 0, 1, 0, 0, 0, 1, 2, 0, 2, 0, 1, 1, 1, 2, 2, 1, 0, 2, 2, 2, 2, 0, 2, 0, 0, 0, 1, 0, 1, 2, 1, 1, 0, 1, 2, 1, 0, 0, 1, 1, 0, 1, 1, 1, 1, 0, 1, 0, 0, 0, 1, 2, 1, 2, 2, 1, 1, 2, 0, 1, 2, 0, 0, 2, 2, 2, 1, 2, 1, 0, 2, 2, 1, 0, 2, 1, 2, 2, 0, 1, 0, 0, 0, 1, 0, 0, 2, 2, 0]|[4, 4, 0, 4, 1, 2, 4, 0, 1, 2, 4, 0, 4, 1, 0, 1, 4, 1, 1, 1, 0, 4, 4, 4, 2, 1, 3, 1, 1, 2, 1, 1, 1, 2, 2, 0, 2, 4, 0, 3, 2, 3, 4, 0, 0, 1, 4, 2, 1, 0, 4, 1, 3, 4, 3, 4, 2, 4, 0, 2, 0, 3, 1, 4, 1, 1, 4, 4, 2, 0, 4, 1, 2, 2, 1, 1, 1, 0, 1, 4, 0, 1, 1, 4, 2, 1, 3, 1, 1, 1, 4, 1, 2, 1, 4, 2, 2, 1, 1, 2]|[0, 1, 0, 0, 1, 0, 1, 0, 0, 0, 3, 0, 1, 0, 0, 0, 0, 0, 0, 0, 0, 2, 0, 0, 1, 0, 3, 0, 0, 0, 1, 1, 0, 0, 0, 0, 0, 3, 0, 1, 0, 1, 1, 0, 3, 1, 2, 0, 0, 0, 3, 0, 1, 1, 1, 2, 0, 3, 0, 0, 0, 0, 0, 1, 0, 0, 1, 0, 0, 0, 1, 0, 0, 0, 0, 0, 0, 3, 0, 2, 0, 0, 0, 0, 0, 0, 3, 0, 0, 0, 1, 0, 0, 0, 2, 0, 0, 0, 0, 0]
event=759:G3_TWC:action:mode=exploit,state=1,draw=0.4543328919213401,action=1
event=760:G3_TWC:leader:action=1,fingerprint=[66, 68, 55, 92, 86, 48, 24, 89, 70, 13, 60, 50, 93, 15, 25, 52, 1, 59, 76, 67, 65, 17, 77, 75, 28, 26, 35, 36, 94, 95, 41, 6, 7, 0, 79, 33, 46, 58, 32, 88, 54, 71, 53, 29, 56, 8, 49, 39, 34, 14, 37, 72, 38, 23, 40, 98, 69, 27, 47, 80, 73, 63, 83, 44, 57, 11, 5, 82, 61, 16, 45, 51, 42, 3, 90, 81, 91, 21, 87, 19, 18, 9, 62, 22, 99, 64, 10, 2, 31, 43, 30, 85, 84, 20, 74, 78, 12, 4, 96, 97]|[1, 1, 0, 1, 1, 2, 2, 0, 0, 2, 1, 0, 1, 0, 0, 0, 0, 2, 0, 2, 1, 0, 2, 0, 2, 2, 0, 2, 0, 1, 2, 2, 2, 1, 1, 0, 1, 0, 0, 1, 1, 0, 1, 2, 1, 0, 1, 0, 1, 2, 1, 0, 0, 1, 1, 2, 0, 1, 0, 2, 0, 2, 1, 0, 0, 1, 1, 1, 2, 2, 0, 1, 0, 1, 2, 1, 1, 1, 2, 1, 2, 1, 0, 1, 0, 2, 0, 2, 1, 2, 2, 1, 1, 0, 0, 2, 0, 0, 1, 0]|[1, 0, 2, 4, 3, 2, 0, 1, 0, 2, 1, 2, 4, 1, 2, 0, 0, 1, 1, 2, 4, 2, 2, 1, 1, 1, 0, 2, 0, 3, 1, 1, 2, 0, 0, 2, 4, 0, 1, 4, 4, 0, 3, 2, 3, 2, 4, 0, 0, 1, 4, 2, 1, 3, 0, 2, 0, 3, 0, 1, 2, 1, 2, 1, 0, 3, 0, 4, 1, 1, 2, 4, 0, 2, 1, 4, 3, 3, 1, 0, 1, 4, 0, 4, 0, 1, 2, 1, 4, 1, 1, 3, 4, 2, 2, 1, 2, 1, 4, 2]|[0, 2, 0, 0, 1, 0, 0, 0, 0, 0, 3, 0, 1, 1, 0, 0, 0, 0, 1, 0, 1, 0, 0, 1, 1, 1, 0, 0, 0, 3, 0, 0, 1, 0, 0, 1, 2, 1, 0, 0, 3, 0, 1, 0, 1, 1, 0, 0, 3, 1, 2, 0, 0, 1, 0, 0, 0, 1, 0, 0, 1, 0, 3, 1, 0, 0, 0, 1, 0, 0, 1, 2, 0, 3, 0, 1, 3, 1, 0, 3, 0, 2, 0, 2, 0, 0, 1, 0, 1, 0, 0, 3, 1, 0, 0, 0, 0, 1, 1, 1]
event=761:G1_CMAX:update:state=1,action=2,reward=-56.51758114333791,nextState=1,old=-294.3194729011382,new=-289.6226716982159
event=762:G2_TEC:update:state=1,action=1,reward=-206.86380346208898,nextState=1,old=-1543.3861381065412,new=-1441.572713947322
event=763:G3_TWC:update:state=1,action=1,reward=-1662.3424194662657,nextState=1,old=-11535.870742833487,new=-10891.039013733056
event=764:G4_BALANCED:update:state=1,action=1,reward=-0.039341964412410634,nextState=1,old=-0.16780114338074623,new=-0.17358287911700762
event=765:G1_CMAX:action:mode=exploit,state=1,draw=0.6066407948976804,action=2
event=766:G1_CMAX:tournament:reason=action2,left=12,right=59,selected=[66, 68, 55, 92, 86, 48, 24, 89, 70, 13, 60, 50, 93, 15, 25, 52, 1, 59, 76, 67, 65, 17, 77, 75, 28, 26, 35, 36, 94, 95, 41, 6, 7, 0, 79, 33, 46, 58, 32, 88, 54, 71, 53, 29, 56, 8, 49, 39, 34, 14, 37, 72, 38, 23, 40, 98, 69, 27, 47, 80, 5, 63, 83, 44, 57, 11, 73, 82, 61, 16, 45, 51, 42, 3, 90, 81, 91, 21, 87, 19, 18, 9, 62, 22, 99, 64, 10, 2, 31, 43, 30, 85, 84, 20, 96, 4, 74, 78, 12, 97]|[1, 1, 1, 1, 1, 2, 2, 0, 0, 2, 1, 0, 1, 0, 0, 0, 0, 2, 0, 2, 1, 0, 2, 1, 2, 0, 0, 2, 0, 1, 2, 1, 2, 1, 1, 0, 1, 0, 0, 0, 1, 0, 1, 2, 1, 0, 1, 0, 1, 2, 1, 0, 0, 1, 1, 2, 0, 1, 0, 1, 1, 2, 1, 0, 0, 1, 1, 2, 0, 2, 0, 1, 0, 1, 2, 1, 1, 2, 2, 1, 2, 1, 0, 1, 0, 2, 0, 2, 1, 2, 2, 1, 1, 0, 1, 0, 0, 2, 0, 2]|[1, 0, 3, 4, 3, 2, 0, 1, 0, 2, 1, 2, 4, 1, 2, 0, 0, 1, 1, 2, 4, 2, 2, 0, 1, 2, 0, 2, 0, 3, 1, 4, 2, 0, 0, 2, 4, 0, 1, 2, 4, 0, 3, 2, 3, 2, 4, 0, 3, 1, 4, 2, 1, 3, 0, 2, 0, 3, 2, 4, 0, 1, 2, 1, 0, 3, 4, 1, 1, 1, 2, 4, 0, 2, 1, 4, 3, 1, 1, 0, 1, 4, 0, 4, 0, 1, 2, 1, 3, 1, 1, 3, 4, 2, 4, 1, 2, 1, 2, 1]|[0, 2, 1, 0, 1, 0, 0, 0, 0, 0, 3, 0, 1, 0, 0, 0, 0, 0, 1, 0, 1, 0, 0, 2, 1, 0, 0, 0, 0, 3, 0, 2, 1, 0, 0, 1, 2, 1, 0, 1, 3, 0, 1, 0, 1, 1, 0, 0, 1, 1, 2, 0, 0, 1, 0, 0, 0, 1, 1, 0, 0, 0, 3, 1, 0, 0, 1, 0, 0, 0, 1, 2, 0, 3, 0, 1, 3, 0, 0, 3, 0, 2, 0, 0, 0, 0, 1, 0, 3, 0, 0, 3, 1, 0, 1, 1, 0, 0, 0, 0]
event=767:G1_CMAX:leader:action=2,fingerprint=[66, 68, 55, 92, 86, 48, 24, 89, 70, 13, 60, 50, 93, 15, 25, 52, 1, 59, 76, 67, 65, 17, 77, 75, 28, 26, 35, 36, 94, 95, 41, 6, 7, 0, 79, 33, 46, 58, 32, 88, 54, 71, 53, 29, 56, 8, 49, 39, 34, 14, 37, 72, 38, 23, 40, 98, 69, 27, 47, 80, 5, 63, 83, 44, 57, 11, 73, 82, 61, 16, 45, 51, 42, 3, 90, 81, 91, 21, 87, 19, 18, 9, 62, 22, 99, 64, 10, 2, 31, 43, 30, 85, 84, 20, 96, 4, 74, 78, 12, 97]|[1, 1, 1, 1, 1, 2, 2, 0, 0, 2, 1, 0, 1, 0, 0, 0, 0, 2, 0, 2, 1, 0, 2, 1, 2, 0, 0, 2, 0, 1, 2, 1, 2, 1, 1, 0, 1, 0, 0, 0, 1, 0, 1, 2, 1, 0, 1, 0, 1, 2, 1, 0, 0, 1, 1, 2, 0, 1, 0, 1, 1, 2, 1, 0, 0, 1, 1, 2, 0, 2, 0, 1, 0, 1, 2, 1, 1, 2, 2, 1, 2, 1, 0, 1, 0, 2, 0, 2, 1, 2, 2, 1, 1, 0, 1, 0, 0, 2, 0, 2]|[1, 0, 3, 4, 3, 2, 0, 1, 0, 2, 1, 2, 4, 1, 2, 0, 0, 1, 1, 2, 4, 2, 2, 0, 1, 2, 0, 2, 0, 3, 1, 4, 2, 0, 0, 2, 4, 0, 1, 2, 4, 0, 3, 2, 3, 2, 4, 0, 3, 1, 4, 2, 1, 3, 0, 2, 0, 3, 2, 4, 0, 1, 2, 1, 0, 3, 4, 1, 1, 1, 2, 4, 0, 2, 1, 4, 3, 1, 1, 0, 1, 4, 0, 4, 0, 1, 2, 1, 3, 1, 1, 3, 4, 2, 4, 1, 2, 1, 2, 1]|[0, 2, 1, 0, 1, 0, 0, 0, 0, 0, 3, 0, 1, 0, 0, 0, 0, 0, 1, 0, 1, 0, 0, 2, 1, 0, 0, 0, 0, 3, 0, 2, 1, 0, 0, 1, 2, 1, 0, 1, 3, 0, 1, 0, 1, 1, 0, 0, 1, 1, 2, 0, 0, 1, 0, 0, 0, 1, 1, 0, 0, 0, 3, 1, 0, 0, 1, 0, 0, 0, 1, 2, 0, 3, 0, 1, 3, 0, 0, 3, 0, 2, 0, 0, 0, 0, 1, 0, 3, 0, 0, 3, 1, 0, 1, 1, 0, 0, 0, 0]
event=768:G4_BALANCED:action:mode=exploit,state=1,draw=0.1822167796412979,action=1
event=769:G4_BALANCED:leader:action=1,fingerprint=[66, 68, 55, 92, 86, 48, 24, 89, 70, 13, 60, 50, 93, 15, 25, 52, 1, 59, 76, 67, 65, 17, 77, 75, 28, 26, 35, 36, 94, 95, 41, 6, 7, 0, 79, 33, 46, 58, 32, 88, 54, 71, 53, 29, 56, 8, 49, 39, 34, 14, 37, 72, 38, 23, 40, 98, 69, 27, 47, 80, 30, 63, 83, 44, 57, 11, 5, 82, 61, 16, 45, 51, 42, 3, 90, 81, 91, 21, 87, 19, 18, 9, 62, 22, 99, 64, 10, 2, 31, 43, 73, 85, 84, 20, 74, 78, 4, 12, 96, 97]|[1, 1, 0, 1, 1, 2, 2, 0, 0, 2, 1, 0, 1, 0, 0, 0, 0, 2, 0, 2, 1, 0, 2, 1, 2, 0, 0, 2, 0, 1, 2, 1, 2, 1, 1, 0, 1, 0, 0, 0, 1, 0, 1, 2, 1, 0, 1, 0, 1, 2, 1, 0, 0, 0, 1, 2, 0, 1, 0, 1, 2, 2, 1, 0, 0, 1, 1, 1, 0, 2, 1, 1, 0, 1, 2, 0, 1, 1, 2, 1, 2, 1, 0, 2, 2, 2, 0, 2, 1, 1, 1, 1, 1, 0, 0, 2, 0, 1, 1, 0]|[1, 0, 2, 4, 3, 2, 0, 1, 0, 2, 1, 2, 4, 1, 2, 0, 0, 1, 1, 2, 4, 2, 2, 0, 1, 2, 0, 2, 0, 3, 1, 4, 2, 0, 0, 2, 4, 0, 1, 2, 4, 0, 3, 2, 3, 2, 3, 0, 3, 1, 4, 2, 1, 1, 0, 2, 0, 3, 2, 4, 1, 1, 2, 1, 0, 3, 0, 4, 1, 1, 4, 4, 0, 2, 1, 2, 3, 3, 1, 0, 1, 4, 0, 1, 1, 1, 2, 1, 3, 3, 0, 3, 4, 2, 2, 1, 1, 2, 4, 2]|[0, 2, 0, 0, 1, 0, 0, 0, 0, 0, 3, 0, 1, 1, 0, 0, 0, 0, 1, 0, 1, 0, 0, 2, 1, 0, 0, 0, 0, 3, 0, 2, 1, 0, 0, 1, 2, 1, 0, 1, 3, 0, 1, 0, 1, 1, 0, 0, 1, 1, 2, 0, 0, 0, 0, 0, 0, 1, 1, 2, 0, 0, 3, 1, 0, 0, 0, 1, 0, 0, 1, 2, 0, 3, 0, 1, 3, 1, 0, 3, 0, 2, 0, 0, 0, 0, 1, 0, 3, 3, 0, 3, 1, 0, 0, 0, 1, 2, 1, 0]
event=770:G2_TEC:action:mode=exploit,state=1,draw=0.7012969594609737,action=1
event=771:G2_TEC:leader:action=1,fingerprint=[66, 68, 32, 92, 86, 48, 3, 69, 70, 13, 60, 50, 93, 15, 52, 23, 1, 59, 76, 67, 58, 46, 79, 0, 7, 41, 95, 44, 36, 35, 26, 28, 75, 77, 88, 94, 17, 54, 71, 53, 29, 56, 65, 39, 34, 14, 37, 72, 38, 40, 98, 89, 27, 45, 22, 6, 73, 83, 55, 25, 57, 11, 5, 96, 2, 16, 47, 49, 51, 42, 24, 90, 81, 8, 64, 21, 87, 19, 18, 9, 62, 80, 99, 91, 10, 61, 31, 43, 30, 85, 84, 12, 20, 63, 4, 74, 33, 78, 82, 97]|[1, 1, 0, 1, 2, 2, 1, 0, 0, 2, 1, 0, 1, 0, 0, 0, 1, 2, 0, 2, 0, 1, 1, 1, 2, 2, 1, 0, 2, 2, 2, 2, 0, 2, 0, 0, 0, 1, 0, 1, 2, 1, 1, 0, 1, 2, 1, 0, 0, 1, 1, 0, 1, 1, 1, 1, 0, 1, 0, 0, 0, 1, 2, 1, 2, 2, 1, 1, 2, 0, 1, 2, 0, 0, 2, 2, 2, 1, 2, 1, 0, 2, 2, 1, 0, 2, 1, 2, 2, 0, 1, 0, 0, 0, 1, 0, 0, 2, 2, 0]|[4, 4, 0, 4, 1, 2, 4, 0, 1, 2, 4, 0, 4, 1, 0, 1, 4, 1, 1, 1, 0, 4, 4, 4, 2, 1, 3, 1, 1, 2, 1, 1, 1, 2, 2, 0, 2, 4, 0, 3, 2, 3, 4, 0, 0, 1, 4, 2, 1, 0, 4, 1, 3, 4, 3, 4, 2, 4, 0, 2, 0, 3, 1, 4, 1, 1, 4, 4, 2, 0, 4, 1, 2, 2, 1, 1, 1, 0, 1, 4, 0, 1, 1, 4, 2, 1, 3, 1, 1, 1, 4, 1, 2, 1, 4, 2, 2, 1, 1, 2]|[0, 1, 0, 0, 1, 0, 1, 0, 0, 0, 3, 0, 1, 0, 0, 0, 0, 0, 0, 0, 0, 2, 0, 0, 1, 0, 3, 0, 0, 0, 1, 1, 0, 0, 0, 0, 0, 3, 0, 1, 0, 1, 1, 0, 3, 1, 2, 0, 0, 0, 3, 0, 1, 1, 1, 2, 0, 3, 0, 0, 0, 0, 0, 1, 0, 0, 1, 0, 0, 0, 1, 0, 0, 0, 0, 0, 0, 3, 0, 2, 0, 0, 0, 0, 0, 0, 3, 0, 0, 0, 1, 0, 0, 0, 2, 0, 0, 0, 0, 0]
event=772:G3_TWC:action:mode=exploit,state=1,draw=0.1671096373175096,action=1
event=773:G3_TWC:leader:action=1,fingerprint=[66, 68, 55, 92, 86, 48, 24, 89, 70, 13, 60, 50, 93, 15, 25, 52, 1, 59, 76, 67, 65, 17, 77, 75, 28, 26, 35, 36, 94, 95, 41, 6, 7, 0, 79, 33, 46, 58, 32, 88, 54, 71, 53, 29, 56, 8, 49, 39, 34, 14, 37, 72, 38, 23, 40, 98, 69, 27, 47, 80, 73, 63, 83, 44, 57, 11, 5, 82, 61, 16, 45, 51, 42, 3, 90, 81, 91, 21, 87, 19, 18, 9, 62, 22, 99, 64, 10, 2, 31, 43, 30, 85, 84, 20, 74, 78, 12, 4, 96, 97]|[1, 1, 0, 1, 1, 2, 2, 0, 0, 2, 1, 0, 1, 0, 0, 0, 0, 2, 0, 2, 1, 0, 2, 0, 2, 2, 0, 2, 0, 1, 2, 2, 2, 1, 1, 0, 1, 0, 0, 1, 1, 0, 1, 2, 1, 0, 1, 0, 1, 2, 1, 0, 0, 1, 1, 2, 0, 1, 0, 2, 0, 2, 1, 0, 0, 1, 1, 1, 2, 2, 0, 1, 0, 1, 2, 1, 1, 1, 2, 1, 2, 1, 0, 1, 0, 2, 0, 2, 1, 2, 2, 1, 1, 0, 0, 2, 0, 0, 1, 0]|[1, 0, 2, 4, 3, 2, 0, 1, 0, 2, 1, 2, 4, 1, 2, 0, 0, 1, 1, 2, 4, 2, 2, 1, 1, 1, 0, 2, 0, 3, 1, 1, 2, 0, 0, 2, 4, 0, 1, 4, 4, 0, 3, 2, 3, 2, 4, 0, 0, 1, 4, 2, 1, 3, 0, 2, 0, 3, 0, 1, 2, 1, 2, 1, 0, 3, 0, 4, 1, 1, 2, 4, 0, 2, 1, 4, 3, 3, 1, 0, 1, 4, 0, 4, 0, 1, 2, 1, 4, 1, 1, 3, 4, 2, 2, 1, 2, 1, 4, 2]|[0, 2, 0, 0, 1, 0, 0, 0, 0, 0, 3, 0, 1, 1, 0, 0, 0, 0, 1, 0, 1, 0, 0, 1, 1, 1, 0, 0, 0, 3, 0, 0, 1, 0, 0, 1, 2, 1, 0, 0, 3, 0, 1, 0, 1, 1, 0, 0, 3, 1, 2, 0, 0, 1, 0, 0, 0, 1, 0, 0, 1, 0, 3, 1, 0, 0, 0, 1, 0, 0, 1, 2, 0, 3, 0, 1, 3, 1, 0, 3, 0, 2, 0, 2, 0, 0, 1, 0, 1, 0, 0, 3, 1, 0, 0, 0, 0, 1, 1, 1]
event=774:G1_CMAX:update:state=1,action=2,reward=-30.99531166734505,nextState=1,old=-289.6226716982159,new=-262.6934490259178
event=775:G2_TEC:update:state=1,action=1,reward=-232.9894065051194,nextState=1,old=-1441.572713947322,new=-1386.247577662977
event=776:G3_TWC:update:state=1,action=1,reward=-2534.755449725155,nextState=1,old=-10891.039013733056,new=-11247.5866607116
event=777:G4_BALANCED:update:state=1,action=1,reward=-0.02213221219430459,nextState=1,old=-0.17358287911700762,new=-0.1609985154879107
event=778:G1_CMAX:action:mode=exploit,state=1,draw=0.3133179900840717,action=2
event=779:G1_CMAX:tournament:reason=action2,left=34,right=2,selected=[66, 68, 55, 92, 86, 48, 24, 89, 70, 13, 60, 50, 93, 15, 25, 52, 1, 59, 76, 67, 65, 17, 77, 75, 28, 26, 35, 36, 94, 95, 41, 6, 7, 0, 79, 33, 46, 58, 32, 88, 54, 71, 53, 29, 56, 8, 49, 39, 34, 14, 37, 72, 38, 23, 40, 98, 69, 27, 47, 80, 73, 63, 83, 44, 57, 11, 5, 82, 61, 16, 45, 51, 42, 3, 90, 81, 91, 21, 87, 19, 18, 9, 62, 22, 99, 64, 10, 2, 31, 43, 30, 85, 84, 20, 96, 78, 12, 74, 97, 4]|[1, 1, 0, 1, 1, 2, 2, 0, 2, 1, 1, 0, 1, 0, 0, 0, 0, 2, 0, 2, 1, 0, 2, 0, 2, 2, 0, 2, 0, 1, 2, 1, 2, 1, 1, 0, 1, 0, 0, 0, 1, 0, 1, 2, 1, 0, 1, 0, 1, 2, 1, 0, 0, 0, 1, 2, 0, 1, 0, 2, 1, 2, 1, 0, 0, 1, 1, 1, 0, 2, 1, 1, 0, 1, 2, 1, 1, 2, 2, 1, 2, 1, 0, 1, 2, 2, 0, 2, 1, 1, 0, 0, 1, 1, 1, 2, 1, 0, 1, 0]|[1, 0, 2, 4, 3, 2, 0, 1, 1, 0, 1, 2, 4, 1, 2, 0, 0, 1, 1, 2, 4, 2, 2, 1, 1, 1, 0, 2, 0, 3, 1, 4, 2, 0, 0, 2, 4, 0, 1, 2, 4, 0, 3, 2, 3, 2, 3, 0, 0, 1, 4, 2, 1, 1, 0, 2, 0, 3, 2, 1, 0, 1, 2, 1, 0, 3, 0, 4, 1, 1, 4, 4, 0, 2, 1, 4, 3, 1, 1, 0, 1, 4, 0, 4, 1, 1, 2, 1, 3, 3, 0, 2, 4, 2, 4, 1, 2, 2, 4, 1]|[0, 2, 0, 0, 1, 0, 0, 0, 0, 2, 3, 0, 1, 1, 0, 0, 0, 0, 1, 0, 1, 0, 0, 1, 1, 1, 0, 0, 0, 3, 0, 2, 1, 0, 0, 1, 2, 1, 0, 1, 3, 0, 1, 0, 1, 1, 0, 0, 3, 1, 2, 0, 0, 0, 0, 0, 0, 1, 1, 0, 0, 0, 3, 1, 0, 0, 0, 1, 0, 0, 1, 2, 0, 3, 0, 1, 3, 0, 0, 3, 0, 2, 0, 0, 0, 0, 1, 0, 3, 3, 0, 0, 1, 2, 1, 0, 2, 0, 0, 1]
event=780:G1_CMAX:leader:action=2,fingerprint=[66, 68, 55, 92, 86, 48, 24, 89, 70, 13, 60, 50, 93, 15, 25, 52, 1, 59, 76, 67, 65, 17, 77, 75, 28, 26, 35, 36, 94, 95, 41, 6, 7, 0, 79, 33, 46, 58, 32, 88, 54, 71, 53, 29, 56, 8, 49, 39, 34, 14, 37, 72, 38, 23, 40, 98, 69, 27, 47, 80, 73, 63, 83, 44, 57, 11, 5, 82, 61, 16, 45, 51, 42, 3, 90, 81, 91, 21, 87, 19, 18, 9, 62, 22, 99, 64, 10, 2, 31, 43, 30, 85, 84, 20, 96, 78, 12, 74, 97, 4]|[1, 1, 0, 1, 1, 2, 2, 0, 2, 1, 1, 0, 1, 0, 0, 0, 0, 2, 0, 2, 1, 0, 2, 0, 2, 2, 0, 2, 0, 1, 2, 1, 2, 1, 1, 0, 1, 0, 0, 0, 1, 0, 1, 2, 1, 0, 1, 0, 1, 2, 1, 0, 0, 0, 1, 2, 0, 1, 0, 2, 1, 2, 1, 0, 0, 1, 1, 1, 0, 2, 1, 1, 0, 1, 2, 1, 1, 2, 2, 1, 2, 1, 0, 1, 2, 2, 0, 2, 1, 1, 0, 0, 1, 1, 1, 2, 1, 0, 1, 0]|[1, 0, 2, 4, 3, 2, 0, 1, 1, 0, 1, 2, 4, 1, 2, 0, 0, 1, 1, 2, 4, 2, 2, 1, 1, 1, 0, 2, 0, 3, 1, 4, 2, 0, 0, 2, 4, 0, 1, 2, 4, 0, 3, 2, 3, 2, 3, 0, 0, 1, 4, 2, 1, 1, 0, 2, 0, 3, 2, 1, 0, 1, 2, 1, 0, 3, 0, 4, 1, 1, 4, 4, 0, 2, 1, 4, 3, 1, 1, 0, 1, 4, 0, 4, 1, 1, 2, 1, 3, 3, 0, 2, 4, 2, 4, 1, 2, 2, 4, 1]|[0, 2, 0, 0, 1, 0, 0, 0, 0, 2, 3, 0, 1, 1, 0, 0, 0, 0, 1, 0, 1, 0, 0, 1, 1, 1, 0, 0, 0, 3, 0, 2, 1, 0, 0, 1, 2, 1, 0, 1, 3, 0, 1, 0, 1, 1, 0, 0, 3, 1, 2, 0, 0, 0, 0, 0, 0, 1, 1, 0, 0, 0, 3, 1, 0, 0, 0, 1, 0, 0, 1, 2, 0, 3, 0, 1, 3, 0, 0, 3, 0, 2, 0, 0, 0, 0, 1, 0, 3, 3, 0, 0, 1, 2, 1, 0, 2, 0, 0, 1]
event=781:G4_BALANCED:action:mode=exploit,state=1,draw=0.697666752294367,action=1
event=782:G4_BALANCED:leader:action=1,fingerprint=[66, 68, 55, 92, 86, 48, 24, 89, 70, 13, 60, 50, 93, 15, 25, 52, 1, 59, 76, 67, 65, 17, 77, 75, 28, 26, 35, 36, 94, 95, 41, 6, 7, 0, 79, 33, 46, 58, 32, 88, 54, 71, 53, 29, 56, 8, 49, 39, 34, 14, 37, 72, 38, 23, 40, 98, 69, 27, 47, 80, 30, 63, 83, 44, 57, 11, 5, 82, 61, 16, 45, 51, 42, 3, 90, 81, 91, 21, 87, 19, 18, 9, 62, 22, 99, 64, 10, 2, 31, 43, 73, 85, 84, 20, 74, 78, 4, 12, 96, 97]|[1, 1, 0, 1, 1, 2, 2, 0, 0, 2, 1, 0, 1, 0, 0, 0, 0, 2, 0, 2, 1, 0, 2, 1, 2, 0, 0, 2, 0, 1, 2, 1, 2, 1, 1, 0, 1, 0, 0, 0, 1, 0, 1, 2, 1, 0, 1, 0, 1, 2, 1, 0, 0, 0, 1, 2, 0, 1, 0, 1, 2, 2, 1, 0, 0, 1, 1, 1, 0, 2, 1, 1, 0, 1, 2, 0, 1, 1, 2, 1, 2, 1, 0, 2, 2, 2, 0, 2, 1, 1, 1, 1, 1, 0, 0, 2, 0, 1, 1, 0]|[1, 0, 2, 4, 3, 2, 0, 1, 0, 2, 1, 2, 4, 1, 2, 0, 0, 1, 1, 2, 4, 2, 2, 0, 1, 2, 0, 2, 0, 3, 1, 4, 2, 0, 0, 2, 4, 0, 1, 2, 4, 0, 3, 2, 3, 2, 3, 0, 3, 1, 4, 2, 1, 1, 0, 2, 0, 3, 2, 4, 1, 1, 2, 1, 0, 3, 0, 4, 1, 1, 4, 4, 0, 2, 1, 2, 3, 3, 1, 0, 1, 4, 0, 1, 1, 1, 2, 1, 3, 3, 0, 3, 4, 2, 2, 1, 1, 2, 4, 2]|[0, 2, 0, 0, 1, 0, 0, 0, 0, 0, 3, 0, 1, 1, 0, 0, 0, 0, 1, 0, 1, 0, 0, 2, 1, 0, 0, 0, 0, 3, 0, 2, 1, 0, 0, 1, 2, 1, 0, 1, 3, 0, 1, 0, 1, 1, 0, 0, 1, 1, 2, 0, 0, 0, 0, 0, 0, 1, 1, 2, 0, 0, 3, 1, 0, 0, 0, 1, 0, 0, 1, 2, 0, 3, 0, 1, 3, 1, 0, 3, 0, 2, 0, 0, 0, 0, 1, 0, 3, 3, 0, 3, 1, 0, 0, 0, 1, 2, 1, 0]
event=783:G2_TEC:action:mode=exploit,state=1,draw=0.4970867350709962,action=1
event=784:G2_TEC:leader:action=1,fingerprint=[66, 68, 32, 92, 86, 48, 3, 69, 70, 13, 60, 50, 93, 15, 52, 23, 1, 59, 76, 67, 58, 46, 79, 0, 7, 41, 95, 44, 36, 35, 26, 28, 75, 77, 88, 94, 17, 54, 71, 53, 29, 56, 65, 39, 34, 14, 37, 72, 38, 40, 98, 89, 27, 45, 22, 6, 73, 83, 55, 25, 57, 11, 5, 96, 2, 16, 47, 49, 51, 42, 24, 90, 81, 8, 64, 21, 87, 19, 18, 9, 62, 80, 99, 91, 10, 61, 31, 43, 30, 85, 84, 12, 20, 63, 4, 74, 33, 78, 82, 97]|[1, 1, 0, 1, 2, 2, 1, 0, 0, 2, 1, 0, 1, 0, 0, 0, 1, 2, 0, 2, 0, 1, 1, 1, 2, 2, 1, 0, 2, 2, 2, 2, 0, 2, 0, 0, 0, 1, 0, 1, 2, 1, 1, 0, 1, 2, 1, 0, 0, 1, 1, 0, 1, 1, 1, 1, 0, 1, 0, 0, 0, 1, 2, 1, 2, 2, 1, 1, 2, 0, 1, 2, 0, 0, 2, 2, 2, 1, 2, 1, 0, 2, 2, 1, 0, 2, 1, 2, 2, 0, 1, 0, 0, 0, 1, 0, 0, 2, 2, 0]|[4, 4, 0, 4, 1, 2, 4, 0, 1, 2, 4, 0, 4, 1, 0, 1, 4, 1, 1, 1, 0, 4, 4, 4, 2, 1, 3, 1, 1, 2, 1, 1, 1, 2, 2, 0, 2, 4, 0, 3, 2, 3, 4, 0, 0, 1, 4, 2, 1, 0, 4, 1, 3, 4, 3, 4, 2, 4, 0, 2, 0, 3, 1, 4, 1, 1, 4, 4, 2, 0, 4, 1, 2, 2, 1, 1, 1, 0, 1, 4, 0, 1, 1, 4, 2, 1, 3, 1, 1, 1, 4, 1, 2, 1, 4, 2, 2, 1, 1, 2]|[0, 1, 0, 0, 1, 0, 1, 0, 0, 0, 3, 0, 1, 0, 0, 0, 0, 0, 0, 0, 0, 2, 0, 0, 1, 0, 3, 0, 0, 0, 1, 1, 0, 0, 0, 0, 0, 3, 0, 1, 0, 1, 1, 0, 3, 1, 2, 0, 0, 0, 3, 0, 1, 1, 1, 2, 0, 3, 0, 0, 0, 0, 0, 1, 0, 0, 1, 0, 0, 0, 1, 0, 0, 0, 0, 0, 0, 3, 0, 2, 0, 0, 0, 0, 0, 0, 3, 0, 0, 0, 1, 0, 0, 0, 2, 0, 0, 0, 0, 0]
event=785:G3_TWC:action:mode=exploit,state=1,draw=0.3419450886721739,action=1
event=786:G3_TWC:leader:action=1,fingerprint=[66, 68, 55, 92, 86, 48, 24, 89, 70, 13, 60, 50, 93, 15, 25, 52, 1, 59, 76, 67, 65, 17, 77, 75, 28, 26, 35, 36, 94, 95, 41, 6, 7, 0, 79, 33, 46, 58, 32, 88, 54, 71, 53, 29, 56, 8, 49, 39, 34, 14, 37, 72, 38, 23, 40, 98, 69, 27, 47, 80, 73, 63, 83, 44, 57, 11, 5, 82, 61, 16, 45, 51, 42, 3, 90, 81, 91, 21, 87, 19, 18, 9, 62, 22, 99, 64, 10, 2, 31, 43, 30, 85, 84, 20, 74, 78, 12, 4, 96, 97]|[1, 1, 0, 1, 1, 2, 2, 0, 0, 2, 1, 0, 1, 0, 0, 0, 0, 2, 0, 2, 1, 0, 2, 0, 2, 2, 0, 2, 0, 1, 2, 2, 2, 1, 1, 0, 1, 0, 0, 1, 1, 0, 1, 2, 1, 0, 1, 0, 1, 2, 1, 0, 0, 1, 1, 2, 0, 1, 0, 2, 0, 2, 1, 0, 0, 1, 1, 1, 2, 2, 0, 1, 0, 1, 2, 1, 1, 1, 2, 1, 2, 1, 0, 1, 0, 2, 0, 2, 1, 2, 2, 1, 1, 0, 0, 2, 0, 0, 1, 0]|[1, 0, 2, 4, 3, 2, 0, 1, 0, 2, 1, 2, 4, 1, 2, 0, 0, 1, 1, 2, 4, 2, 2, 1, 1, 1, 0, 2, 0, 3, 1, 1, 2, 0, 0, 2, 4, 0, 1, 4, 4, 0, 3, 2, 3, 2, 4, 0, 0, 1, 4, 2, 1, 3, 0, 2, 0, 3, 0, 1, 2, 1, 2, 1, 0, 3, 0, 4, 1, 1, 2, 4, 0, 2, 1, 4, 3, 3, 1, 0, 1, 4, 0, 4, 0, 1, 2, 1, 4, 1, 1, 3, 4, 2, 2, 1, 2, 1, 4, 2]|[0, 2, 0, 0, 1, 0, 0, 0, 0, 0, 3, 0, 1, 1, 0, 0, 0, 0, 1, 0, 1, 0, 0, 1, 1, 1, 0, 0, 0, 3, 0, 0, 1, 0, 0, 1, 2, 1, 0, 0, 3, 0, 1, 0, 1, 1, 0, 0, 3, 1, 2, 0, 0, 1, 0, 0, 0, 1, 0, 0, 1, 0, 3, 1, 0, 0, 0, 1, 0, 0, 1, 2, 0, 3, 0, 1, 3, 1, 0, 3, 0, 2, 0, 2, 0, 0, 1, 0, 1, 0, 0, 3, 1, 0, 0, 0, 0, 1, 1, 1]
event=787:G1_CMAX:update:state=1,action=2,reward=-22.481194618016957,nextState=1,old=-262.6934490259178,new=-232.63595383875122
event=788:G2_TEC:update:state=1,action=1,reward=-296.2519907398382,nextState=1,old=-1386.247577662977,new=-1405.2500528702199
event=789:G3_TWC:update:state=1,action=1,reward=-1750.7308703681047,nextState=1,old=-11247.5866607116,new=-10748.800198937386
event=790:G4_BALANCED:update:state=1,action=1,reward=-0.05506848523744985,nextState=1,old=-0.1609985154879107,new=-0.18386729762777843
event=791:G1_CMAX:action:mode=exploit,state=1,draw=0.4462614215300752,action=2
event=792:G1_CMAX:tournament:reason=action2,left=36,right=32,selected=[66, 68, 55, 92, 86, 48, 24, 89, 70, 13, 60, 50, 93, 15, 25, 52, 1, 59, 65, 67, 63, 17, 77, 75, 28, 26, 35, 36, 94, 95, 41, 6, 7, 0, 79, 33, 46, 58, 32, 19, 54, 71, 53, 29, 56, 8, 49, 39, 16, 14, 37, 72, 38, 23, 40, 98, 69, 27, 47, 80, 99, 76, 83, 44, 57, 11, 5, 82, 61, 34, 45, 51, 42, 3, 90, 81, 91, 21, 87, 88, 18, 9, 62, 22, 73, 64, 10, 2, 31, 43, 30, 85, 96, 20, 12, 78, 84, 74, 97, 4]|[1, 2, 0, 1, 1, 2, 2, 2, 0, 1, 1, 0, 1, 0, 0, 0, 1, 2, 1, 2, 2, 0, 2, 0, 2, 0, 0, 2, 0, 1, 2, 1, 2, 1, 1, 0, 1, 0, 0, 1, 1, 0, 1, 2, 1, 0, 1, 0, 2, 2, 1, 0, 0, 0, 1, 2, 2, 1, 0, 1, 0, 1, 1, 0, 0, 1, 1, 1, 0, 2, 0, 1, 0, 1, 2, 1, 1, 2, 2, 0, 2, 1, 0, 1, 2, 2, 0, 2, 1, 1, 0, 1, 1, 0, 0, 2, 1, 0, 0, 0]|[1, 2, 2, 4, 3, 2, 1, 1, 0, 0, 1, 2, 4, 1, 2, 0, 4, 1, 4, 2, 1, 2, 2, 1, 1, 2, 0, 2, 0, 3, 1, 4, 2, 0, 0, 2, 4, 0, 1, 0, 4, 0, 3, 2, 3, 2, 3, 0, 1, 1, 4, 2, 1, 1, 0, 2, 2, 3, 2, 4, 0, 3, 2, 1, 0, 3, 0, 4, 1, 1, 2, 4, 0, 2, 1, 4, 3, 1, 1, 2, 1, 4, 0, 3, 1, 1, 2, 1, 3, 3, 0, 3, 4, 2, 2, 1, 4, 2, 2, 1]|[0, 0, 0, 0, 1, 0, 0, 0, 0, 2, 3, 0, 1, 1, 0, 0, 0, 0, 1, 0, 0, 0, 0, 1, 1, 0, 0, 0, 0, 3, 0, 2, 1, 0, 0, 1, 2, 1, 0, 3, 3, 0, 1, 0, 1, 1, 0, 0, 0, 1, 2, 0, 0, 0, 0, 0, 0, 1, 1, 2, 0, 1, 3, 1, 0, 0, 0, 1, 0, 0, 1, 2, 0, 3, 0, 1, 3, 0, 0, 1, 0, 2, 0, 1, 0, 0, 1, 0, 3, 3, 0, 3, 1, 0, 0, 0, 1, 0, 0, 1]
event=793:G1_CMAX:leader:action=2,fingerprint=[66, 68, 55, 92, 86, 48, 24, 89, 70, 13, 60, 50, 93, 15, 25, 52, 1, 59, 65, 67, 63, 17, 77, 75, 28, 26, 35, 36, 94, 95, 41, 6, 7, 0, 79, 33, 46, 58, 32, 19, 54, 71, 53, 29, 56, 8, 49, 39, 16, 14, 37, 72, 38, 23, 40, 98, 69, 27, 47, 80, 99, 76, 83, 44, 57, 11, 5, 82, 61, 34, 45, 51, 42, 3, 90, 81, 91, 21, 87, 88, 18, 9, 62, 22, 73, 64, 10, 2, 31, 43, 30, 85, 96, 20, 12, 78, 84, 74, 97, 4]|[1, 2, 0, 1, 1, 2, 2, 2, 0, 1, 1, 0, 1, 0, 0, 0, 1, 2, 1, 2, 2, 0, 2, 0, 2, 0, 0, 2, 0, 1, 2, 1, 2, 1, 1, 0, 1, 0, 0, 1, 1, 0, 1, 2, 1, 0, 1, 0, 2, 2, 1, 0, 0, 0, 1, 2, 2, 1, 0, 1, 0, 1, 1, 0, 0, 1, 1, 1, 0, 2, 0, 1, 0, 1, 2, 1, 1, 2, 2, 0, 2, 1, 0, 1, 2, 2, 0, 2, 1, 1, 0, 1, 1, 0, 0, 2, 1, 0, 0, 0]|[1, 2, 2, 4, 3, 2, 1, 1, 0, 0, 1, 2, 4, 1, 2, 0, 4, 1, 4, 2, 1, 2, 2, 1, 1, 2, 0, 2, 0, 3, 1, 4, 2, 0, 0, 2, 4, 0, 1, 0, 4, 0, 3, 2, 3, 2, 3, 0, 1, 1, 4, 2, 1, 1, 0, 2, 2, 3, 2, 4, 0, 3, 2, 1, 0, 3, 0, 4, 1, 1, 2, 4, 0, 2, 1, 4, 3, 1, 1, 2, 1, 4, 0, 3, 1, 1, 2, 1, 3, 3, 0, 3, 4, 2, 2, 1, 4, 2, 2, 1]|[0, 0, 0, 0, 1, 0, 0, 0, 0, 2, 3, 0, 1, 1, 0, 0, 0, 0, 1, 0, 0, 0, 0, 1, 1, 0, 0, 0, 0, 3, 0, 2, 1, 0, 0, 1, 2, 1, 0, 3, 3, 0, 1, 0, 1, 1, 0, 0, 0, 1, 2, 0, 0, 0, 0, 0, 0, 1, 1, 2, 0, 1, 3, 1, 0, 0, 0, 1, 0, 0, 1, 2, 0, 3, 0, 1, 3, 0, 0, 1, 0, 2, 0, 1, 0, 0, 1, 0, 3, 3, 0, 3, 1, 0, 0, 0, 1, 0, 0, 1]
event=794:G4_BALANCED:action:mode=exploit,state=1,draw=0.5200138245920609,action=1
event=795:G4_BALANCED:leader:action=1,fingerprint=[66, 68, 55, 92, 86, 48, 24, 89, 70, 13, 60, 50, 93, 15, 25, 52, 1, 59, 76, 67, 65, 17, 77, 75, 28, 26, 35, 36, 94, 95, 41, 6, 7, 0, 79, 33, 46, 58, 32, 88, 54, 71, 53, 29, 56, 8, 49, 39, 34, 14, 37, 72, 38, 23, 40, 98, 69, 27, 47, 80, 30, 63, 83, 44, 57, 11, 5, 82, 61, 16, 45, 51, 42, 3, 90, 81, 91, 21, 87, 19, 18, 9, 62, 22, 99, 64, 10, 2, 31, 43, 73, 85, 84, 20, 74, 78, 4, 12, 96, 97]|[1, 1, 0, 1, 1, 2, 2, 0, 0, 2, 1, 0, 1, 0, 0, 0, 0, 2, 0, 2, 1, 0, 2, 1, 2, 0, 0, 2, 0, 1, 2, 1, 2, 1, 1, 0, 1, 0, 0, 0, 1, 0, 1, 2, 1, 0, 1, 0, 1, 2, 1, 0, 0, 0, 1, 2, 0, 1, 0, 1, 2, 2, 1, 0, 0, 1, 1, 1, 0, 2, 1, 1, 0, 1, 2, 0, 1, 1, 2, 1, 2, 1, 0, 2, 2, 2, 0, 2, 1, 1, 1, 1, 1, 0, 0, 2, 0, 1, 1, 0]|[1, 0, 2, 4, 3, 2, 0, 1, 0, 2, 1, 2, 4, 1, 2, 0, 0, 1, 1, 2, 4, 2, 2, 0, 1, 2, 0, 2, 0, 3, 1, 4, 2, 0, 0, 2, 4, 0, 1, 2, 4, 0, 3, 2, 3, 2, 3, 0, 3, 1, 4, 2, 1, 1, 0, 2, 0, 3, 2, 4, 1, 1, 2, 1, 0, 3, 0, 4, 1, 1, 4, 4, 0, 2, 1, 2, 3, 3, 1, 0, 1, 4, 0, 1, 1, 1, 2, 1, 3, 3, 0, 3, 4, 2, 2, 1, 1, 2, 4, 2]|[0, 2, 0, 0, 1, 0, 0, 0, 0, 0, 3, 0, 1, 1, 0, 0, 0, 0, 1, 0, 1, 0, 0, 2, 1, 0, 0, 0, 0, 3, 0, 2, 1, 0, 0, 1, 2, 1, 0, 1, 3, 0, 1, 0, 1, 1, 0, 0, 1, 1, 2, 0, 0, 0, 0, 0, 0, 1, 1, 2, 0, 0, 3, 1, 0, 0, 0, 1, 0, 0, 1, 2, 0, 3, 0, 1, 3, 1, 0, 3, 0, 2, 0, 0, 0, 0, 1, 0, 3, 3, 0, 3, 1, 0, 0, 0, 1, 2, 1, 0]
event=796:G2_TEC:action:mode=exploit,state=1,draw=0.3478861184276172,action=1
event=797:G2_TEC:leader:action=1,fingerprint=[66, 68, 32, 92, 86, 48, 3, 69, 70, 13, 60, 50, 93, 15, 52, 23, 1, 59, 76, 67, 58, 46, 79, 0, 7, 41, 95, 44, 36, 35, 26, 28, 75, 77, 88, 94, 17, 54, 71, 53, 29, 56, 65, 39, 34, 14, 37, 72, 38, 40, 98, 89, 27, 45, 22, 6, 73, 83, 55, 25, 57, 11, 5, 96, 2, 16, 47, 49, 51, 42, 24, 90, 81, 8, 64, 21, 87, 19, 18, 9, 62, 80, 99, 91, 10, 61, 31, 43, 30, 85, 84, 12, 20, 63, 4, 74, 33, 78, 82, 97]|[1, 1, 0, 1, 2, 2, 1, 0, 0, 2, 1, 0, 1, 0, 0, 0, 1, 2, 0, 2, 0, 1, 1, 1, 2, 2, 1, 0, 2, 2, 2, 2, 0, 2, 0, 0, 0, 1, 0, 1, 2, 1, 1, 0, 1, 2, 1, 0, 0, 1, 1, 0, 1, 1, 1, 1, 0, 1, 0, 0, 0, 1, 2, 1, 2, 2, 1, 1, 2, 0, 1, 2, 0, 0, 2, 2, 2, 1, 2, 1, 0, 2, 2, 1, 0, 2, 1, 2, 2, 0, 1, 0, 0, 0, 1, 0, 0, 2, 2, 0]|[4, 4, 0, 4, 1, 2, 4, 0, 1, 2, 4, 0, 4, 1, 0, 1, 4, 1, 1, 1, 0, 4, 4, 4, 2, 1, 3, 1, 1, 2, 1, 1, 1, 2, 2, 0, 2, 4, 0, 3, 2, 3, 4, 0, 0, 1, 4, 2, 1, 0, 4, 1, 3, 4, 3, 4, 2, 4, 0, 2, 0, 3, 1, 4, 1, 1, 4, 4, 2, 0, 4, 1, 2, 2, 1, 1, 1, 0, 1, 4, 0, 1, 1, 4, 2, 1, 3, 1, 1, 1, 4, 1, 2, 1, 4, 2, 2, 1, 1, 2]|[0, 1, 0, 0, 1, 0, 1, 0, 0, 0, 3, 0, 1, 0, 0, 0, 0, 0, 0, 0, 0, 2, 0, 0, 1, 0, 3, 0, 0, 0, 1, 1, 0, 0, 0, 0, 0, 3, 0, 1, 0, 1, 1, 0, 3, 1, 2, 0, 0, 0, 3, 0, 1, 1, 1, 2, 0, 3, 0, 0, 0, 0, 0, 1, 0, 0, 1, 0, 0, 0, 1, 0, 0, 0, 0, 0, 0, 3, 0, 2, 0, 0, 0, 0, 0, 0, 3, 0, 0, 0, 1, 0, 0, 0, 2, 0, 0, 0, 0, 0]
event=798:G3_TWC:action:mode=exploit,state=1,draw=0.04854580564723798,action=1
event=799:G3_TWC:leader:action=1,fingerprint=[66, 68, 55, 92, 86, 48, 24, 89, 70, 13, 60, 50, 93, 15, 25, 52, 1, 59, 76, 67, 65, 17, 77, 75, 28, 26, 35, 36, 94, 95, 41, 6, 7, 0, 79, 33, 46, 58, 32, 88, 54, 71, 53, 29, 56, 8, 49, 39, 34, 14, 37, 72, 38, 23, 40, 98, 69, 27, 47, 80, 73, 63, 83, 44, 57, 11, 5, 82, 61, 16, 45, 51, 42, 3, 90, 81, 91, 21, 87, 19, 18, 9, 62, 22, 99, 64, 10, 2, 31, 43, 30, 85, 84, 20, 74, 78, 12, 4, 96, 97]|[1, 1, 0, 1, 1, 2, 2, 0, 0, 2, 1, 0, 1, 0, 0, 0, 0, 2, 0, 2, 1, 0, 2, 0, 2, 2, 0, 2, 0, 1, 2, 2, 2, 1, 1, 0, 1, 0, 0, 1, 1, 0, 1, 2, 1, 0, 1, 0, 1, 2, 1, 0, 0, 1, 1, 2, 0, 1, 0, 2, 0, 2, 1, 0, 0, 1, 1, 1, 2, 2, 0, 1, 0, 1, 2, 1, 1, 1, 2, 1, 2, 1, 0, 1, 0, 2, 0, 2, 1, 2, 2, 1, 1, 0, 0, 2, 0, 0, 1, 0]|[1, 0, 2, 4, 3, 2, 0, 1, 0, 2, 1, 2, 4, 1, 2, 0, 0, 1, 1, 2, 4, 2, 2, 1, 1, 1, 0, 2, 0, 3, 1, 1, 2, 0, 0, 2, 4, 0, 1, 4, 4, 0, 3, 2, 3, 2, 4, 0, 0, 1, 4, 2, 1, 3, 0, 2, 0, 3, 0, 1, 2, 1, 2, 1, 0, 3, 0, 4, 1, 1, 2, 4, 0, 2, 1, 4, 3, 3, 1, 0, 1, 4, 0, 4, 0, 1, 2, 1, 4, 1, 1, 3, 4, 2, 2, 1, 2, 1, 4, 2]|[0, 2, 0, 0, 1, 0, 0, 0, 0, 0, 3, 0, 1, 1, 0, 0, 0, 0, 1, 0, 1, 0, 0, 1, 1, 1, 0, 0, 0, 3, 0, 0, 1, 0, 0, 1, 2, 1, 0, 0, 3, 0, 1, 0, 1, 1, 0, 0, 3, 1, 2, 0, 0, 1, 0, 0, 0, 1, 0, 0, 1, 0, 3, 1, 0, 0, 0, 1, 0, 0, 1, 2, 0, 3, 0, 1, 3, 1, 0, 3, 0, 2, 0, 2, 0, 0, 1, 0, 1, 0, 0, 3, 1, 0, 0, 0, 0, 1, 1, 1]
event=800:G1_CMAX:update:state=1,action=2,reward=-58.08204634166361,nextState=1,old=-232.63595383875122,new=-244.1908094126646
event=801:G2_TEC:update:state=1,action=1,reward=-9.903923750767717,nextState=1,old=-1405.2500528702199,new=-1134.1039660469437
event=802:G3_TWC:update:state=1,action=1,reward=-2026.8588192945608,nextState=1,old=-10748.800198937386,new=-10625.89897844447
event=803:G4_BALANCED:update:state=1,action=1,reward=-0.06554565677096946,nextState=1,old=-0.18386729762777843,new=-0.2126394948731922
event=804:G1_CMAX:action:mode=exploit,state=1,draw=0.1807696740729311,action=2
event=805:G1_CMAX:tournament:reason=action2,left=64,right=7,selected=[66, 68, 55, 92, 86, 48, 24, 89, 70, 13, 60, 50, 93, 15, 25, 52, 1, 59, 76, 85, 65, 17, 77, 75, 28, 26, 35, 36, 94, 95, 41, 6, 7, 0, 79, 33, 46, 58, 32, 88, 54, 71, 53, 29, 56, 8, 49, 39, 34, 14, 37, 72, 38, 23, 40, 98, 69, 27, 47, 80, 73, 63, 83, 44, 57, 11, 12, 82, 61, 16, 45, 51, 42, 3, 90, 81, 91, 21, 87, 19, 18, 9, 62, 22, 99, 64, 10, 2, 31, 43, 30, 97, 96, 20, 5, 78, 84, 74, 67, 4]|[1, 1, 0, 1, 1, 2, 2, 0, 2, 1, 1, 0, 1, 0, 0, 0, 0, 2, 0, 2, 1, 0, 2, 0, 2, 2, 2, 2, 0, 1, 2, 1, 2, 1, 1, 0, 1, 0, 0, 0, 1, 0, 1, 2, 1, 0, 1, 0, 1, 2, 1, 0, 0, 0, 1, 2, 0, 1, 0, 2, 1, 2, 1, 0, 0, 1, 1, 1, 2, 2, 0, 1, 0, 1, 2, 0, 1, 2, 2, 1, 2, 1, 0, 1, 2, 1, 0, 2, 1, 1, 0, 0, 1, 1, 1, 2, 1, 0, 0, 0]|[1, 0, 2, 4, 3, 2, 0, 1, 1, 0, 1, 2, 4, 1, 2, 0, 0, 1, 1, 2, 4, 2, 2, 1, 1, 1, 2, 2, 0, 3, 1, 4, 2, 0, 0, 2, 4, 0, 1, 2, 4, 0, 3, 2, 3, 2, 3, 0, 0, 1, 4, 2, 1, 1, 0, 2, 0, 3, 2, 1, 0, 1, 2, 1, 0, 3, 0, 4, 1, 1, 0, 4, 0, 2, 1, 2, 3, 1, 1, 0, 1, 4, 0, 4, 1, 4, 2, 1, 3, 3, 0, 2, 4, 2, 2, 1, 4, 2, 2, 1]|[0, 2, 0, 0, 1, 0, 0, 0, 0, 2, 3, 0, 1, 1, 0, 0, 0, 0, 1, 0, 1, 0, 0, 1, 1, 1, 0, 0, 0, 3, 0, 2, 1, 0, 0, 1, 2, 1, 0, 1, 3, 0, 1, 0, 1, 1, 0, 0, 3, 1, 2, 0, 0, 0, 0, 0, 0, 1, 1, 0, 0, 0, 3, 1, 0, 0, 0, 1, 0, 0, 0, 2, 0, 3, 0, 1, 3, 0, 0, 3, 0, 2, 0, 0, 0, 0, 1, 0, 3, 3, 0, 0, 1, 2, 2, 0, 1, 0, 0, 1]
event=806:G1_CMAX:leader:action=2,fingerprint=[66, 68, 55, 92, 86, 48, 24, 89, 70, 13, 60, 50, 93, 15, 25, 52, 1, 59, 76, 85, 65, 17, 77, 75, 28, 26, 35, 36, 94, 95, 41, 6, 7, 0, 79, 33, 46, 58, 32, 88, 54, 71, 53, 29, 56, 8, 49, 39, 34, 14, 37, 72, 38, 23, 40, 98, 69, 27, 47, 80, 73, 63, 83, 44, 57, 11, 12, 82, 61, 16, 45, 51, 42, 3, 90, 81, 91, 21, 87, 19, 18, 9, 62, 22, 99, 64, 10, 2, 31, 43, 30, 97, 96, 20, 5, 78, 84, 74, 67, 4]|[1, 1, 0, 1, 1, 2, 2, 0, 2, 1, 1, 0, 1, 0, 0, 0, 0, 2, 0, 2, 1, 0, 2, 0, 2, 2, 2, 2, 0, 1, 2, 1, 2, 1, 1, 0, 1, 0, 0, 0, 1, 0, 1, 2, 1, 0, 1, 0, 1, 2, 1, 0, 0, 0, 1, 2, 0, 1, 0, 2, 1, 2, 1, 0, 0, 1, 1, 1, 2, 2, 0, 1, 0, 1, 2, 0, 1, 2, 2, 1, 2, 1, 0, 1, 2, 1, 0, 2, 1, 1, 0, 0, 1, 1, 1, 2, 1, 0, 0, 0]|[1, 0, 2, 4, 3, 2, 0, 1, 1, 0, 1, 2, 4, 1, 2, 0, 0, 1, 1, 2, 4, 2, 2, 1, 1, 1, 2, 2, 0, 3, 1, 4, 2, 0, 0, 2, 4, 0, 1, 2, 4, 0, 3, 2, 3, 2, 3, 0, 0, 1, 4, 2, 1, 1, 0, 2, 0, 3, 2, 1, 0, 1, 2, 1, 0, 3, 0, 4, 1, 1, 0, 4, 0, 2, 1, 2, 3, 1, 1, 0, 1, 4, 0, 4, 1, 4, 2, 1, 3, 3, 0, 2, 4, 2, 2, 1, 4, 2, 2, 1]|[0, 2, 0, 0, 1, 0, 0, 0, 0, 2, 3, 0, 1, 1, 0, 0, 0, 0, 1, 0, 1, 0, 0, 1, 1, 1, 0, 0, 0, 3, 0, 2, 1, 0, 0, 1, 2, 1, 0, 1, 3, 0, 1, 0, 1, 1, 0, 0, 3, 1, 2, 0, 0, 0, 0, 0, 0, 1, 1, 0, 0, 0, 3, 1, 0, 0, 0, 1, 0, 0, 0, 2, 0, 3, 0, 1, 3, 0, 0, 3, 0, 2, 0, 0, 0, 0, 1, 0, 3, 3, 0, 0, 1, 2, 2, 0, 1, 0, 0, 1]
event=807:G4_BALANCED:action:mode=explore,state=1,draw=0.9697324666050126,action=2
event=808:G4_BALANCED:tournament:reason=action2,left=42,right=60,selected=[66, 68, 55, 92, 86, 48, 24, 89, 70, 13, 60, 50, 93, 15, 25, 52, 1, 59, 76, 67, 65, 17, 77, 75, 28, 26, 35, 36, 94, 95, 41, 6, 7, 0, 79, 33, 46, 58, 32, 88, 54, 71, 53, 29, 56, 8, 49, 39, 34, 14, 37, 72, 38, 23, 40, 98, 69, 27, 47, 80, 30, 63, 83, 44, 57, 11, 5, 82, 61, 16, 45, 51, 42, 3, 90, 81, 91, 21, 87, 19, 18, 9, 62, 22, 99, 64, 10, 2, 31, 43, 73, 85, 84, 20, 12, 78, 96, 74, 97, 4]|[1, 1, 0, 1, 1, 2, 2, 0, 2, 2, 1, 0, 1, 0, 0, 0, 0, 2, 0, 2, 1, 0, 2, 0, 2, 2, 2, 2, 0, 1, 2, 1, 2, 1, 1, 0, 1, 0, 0, 1, 1, 0, 1, 2, 1, 0, 1, 0, 1, 2, 1, 0, 0, 0, 1, 2, 0, 1, 0, 2, 1, 2, 1, 0, 0, 1, 1, 1, 2, 2, 0, 1, 0, 1, 2, 0, 1, 1, 2, 1, 2, 1, 0, 1, 0, 2, 0, 2, 1, 1, 1, 0, 1, 1, 1, 2, 1, 0, 1, 0]|[1, 0, 2, 4, 3, 2, 0, 1, 1, 2, 1, 2, 4, 1, 2, 0, 0, 1, 1, 2, 4, 2, 2, 1, 1, 1, 2, 2, 0, 3, 1, 4, 2, 0, 0, 2, 4, 0, 1, 0, 4, 0, 3, 2, 3, 2, 3, 0, 0, 1, 4, 2, 1, 1, 0, 2, 0, 3, 2, 1, 0, 1, 2, 1, 0, 3, 0, 4, 1, 1, 2, 4, 0, 2, 1, 2, 3, 3, 1, 0, 1, 4, 0, 4, 0, 1, 2, 1, 3, 3, 0, 2, 4, 2, 2, 1, 4, 2, 4, 1]|[0, 2, 0, 0, 1, 0, 0, 0, 0, 0, 3, 0, 1, 1, 0, 0, 0, 0, 1, 0, 1, 0, 0, 1, 1, 1, 0, 0, 0, 3, 0, 2, 1, 0, 0, 1, 2, 1, 0, 3, 3, 0, 1, 0, 1, 1, 0, 0, 3, 1, 2, 0, 0, 0, 0, 0, 0, 1, 1, 0, 0, 0, 3, 1, 0, 0, 0, 1, 0, 0, 1, 2, 0, 3, 0, 1, 3, 1, 0, 3, 0, 2, 0, 0, 0, 0, 1, 0, 3, 3, 0, 0, 1, 2, 2, 0, 1, 0, 0, 1]
event=809:G4_BALANCED:leader:action=2,fingerprint=[66, 68, 55, 92, 86, 48, 24, 89, 70, 13, 60, 50, 93, 15, 25, 52, 1, 59, 76, 67, 65, 17, 77, 75, 28, 26, 35, 36, 94, 95, 41, 6, 7, 0, 79, 33, 46, 58, 32, 88, 54, 71, 53, 29, 56, 8, 49, 39, 34, 14, 37, 72, 38, 23, 40, 98, 69, 27, 47, 80, 30, 63, 83, 44, 57, 11, 5, 82, 61, 16, 45, 51, 42, 3, 90, 81, 91, 21, 87, 19, 18, 9, 62, 22, 99, 64, 10, 2, 31, 43, 73, 85, 84, 20, 12, 78, 96, 74, 97, 4]|[1, 1, 0, 1, 1, 2, 2, 0, 2, 2, 1, 0, 1, 0, 0, 0, 0, 2, 0, 2, 1, 0, 2, 0, 2, 2, 2, 2, 0, 1, 2, 1, 2, 1, 1, 0, 1, 0, 0, 1, 1, 0, 1, 2, 1, 0, 1, 0, 1, 2, 1, 0, 0, 0, 1, 2, 0, 1, 0, 2, 1, 2, 1, 0, 0, 1, 1, 1, 2, 2, 0, 1, 0, 1, 2, 0, 1, 1, 2, 1, 2, 1, 0, 1, 0, 2, 0, 2, 1, 1, 1, 0, 1, 1, 1, 2, 1, 0, 1, 0]|[1, 0, 2, 4, 3, 2, 0, 1, 1, 2, 1, 2, 4, 1, 2, 0, 0, 1, 1, 2, 4, 2, 2, 1, 1, 1, 2, 2, 0, 3, 1, 4, 2, 0, 0, 2, 4, 0, 1, 0, 4, 0, 3, 2, 3, 2, 3, 0, 0, 1, 4, 2, 1, 1, 0, 2, 0, 3, 2, 1, 0, 1, 2, 1, 0, 3, 0, 4, 1, 1, 2, 4, 0, 2, 1, 2, 3, 3, 1, 0, 1, 4, 0, 4, 0, 1, 2, 1, 3, 3, 0, 2, 4, 2, 2, 1, 4, 2, 4, 1]|[0, 2, 0, 0, 1, 0, 0, 0, 0, 0, 3, 0, 1, 1, 0, 0, 0, 0, 1, 0, 1, 0, 0, 1, 1, 1, 0, 0, 0, 3, 0, 2, 1, 0, 0, 1, 2, 1, 0, 3, 3, 0, 1, 0, 1, 1, 0, 0, 3, 1, 2, 0, 0, 0, 0, 0, 0, 1, 1, 0, 0, 0, 3, 1, 0, 0, 0, 1, 0, 0, 1, 2, 0, 3, 0, 1, 3, 1, 0, 3, 0, 2, 0, 0, 0, 0, 1, 0, 3, 3, 0, 0, 1, 2, 2, 0, 1, 0, 0, 1]
event=810:G2_TEC:action:mode=exploit,state=1,draw=0.7926086167513711,action=1
event=811:G2_TEC:leader:action=1,fingerprint=[66, 68, 32, 92, 86, 48, 3, 69, 70, 13, 60, 50, 93, 15, 52, 23, 1, 59, 76, 67, 58, 46, 79, 0, 7, 41, 95, 44, 36, 35, 26, 28, 75, 77, 88, 94, 17, 54, 71, 53, 29, 56, 65, 39, 34, 14, 37, 72, 38, 40, 98, 89, 27, 45, 22, 6, 73, 83, 55, 25, 57, 11, 5, 96, 2, 16, 47, 49, 51, 42, 24, 90, 81, 8, 64, 21, 87, 19, 18, 9, 62, 80, 99, 91, 10, 61, 31, 43, 30, 85, 84, 12, 20, 63, 4, 74, 33, 78, 82, 97]|[1, 1, 0, 1, 2, 2, 1, 0, 0, 2, 1, 0, 1, 0, 0, 0, 1, 2, 0, 2, 0, 1, 1, 1, 2, 2, 1, 0, 2, 2, 2, 2, 0, 2, 0, 0, 0, 1, 0, 1, 2, 1, 1, 0, 1, 2, 1, 0, 0, 1, 1, 0, 1, 1, 1, 1, 0, 1, 0, 0, 0, 1, 2, 1, 2, 2, 1, 1, 2, 0, 1, 2, 0, 0, 2, 2, 2, 1, 2, 1, 0, 2, 2, 1, 0, 2, 1, 2, 2, 0, 1, 0, 0, 0, 1, 0, 0, 2, 2, 0]|[4, 4, 0, 4, 1, 2, 4, 0, 1, 2, 4, 0, 4, 1, 0, 1, 4, 1, 1, 1, 0, 4, 4, 4, 2, 1, 3, 1, 1, 2, 1, 1, 1, 2, 2, 0, 2, 4, 0, 3, 2, 3, 4, 0, 0, 1, 4, 2, 1, 0, 4, 1, 3, 4, 3, 4, 2, 4, 0, 2, 0, 3, 1, 4, 1, 1, 4, 4, 2, 0, 4, 1, 2, 2, 1, 1, 1, 0, 1, 4, 0, 1, 1, 4, 2, 1, 3, 1, 1, 1, 4, 1, 2, 1, 4, 2, 2, 1, 1, 2]|[0, 1, 0, 0, 1, 0, 1, 0, 0, 0, 3, 0, 1, 0, 0, 0, 0, 0, 0, 0, 0, 2, 0, 0, 1, 0, 3, 0, 0, 0, 1, 1, 0, 0, 0, 0, 0, 3, 0, 1, 0, 1, 1, 0, 3, 1, 2, 0, 0, 0, 3, 0, 1, 1, 1, 2, 0, 3, 0, 0, 0, 0, 0, 1, 0, 0, 1, 0, 0, 0, 1, 0, 0, 0, 0, 0, 0, 3, 0, 2, 0, 0, 0, 0, 0, 0, 3, 0, 0, 0, 1, 0, 0, 0, 2, 0, 0, 0, 0, 0]
event=812:G3_TWC:action:mode=exploit,state=1,draw=0.481195851962513,action=1
event=813:G3_TWC:leader:action=1,fingerprint=[66, 68, 55, 92, 86, 48, 24, 89, 70, 13, 60, 50, 93, 15, 25, 52, 1, 59, 76, 67, 65, 17, 77, 75, 28, 26, 35, 36, 94, 95, 41, 6, 7, 0, 79, 33, 46, 58, 32, 88, 54, 71, 53, 29, 56, 8, 49, 39, 34, 14, 37, 72, 38, 23, 40, 98, 69, 27, 47, 80, 73, 63, 83, 44, 57, 11, 5, 82, 61, 16, 45, 51, 42, 3, 90, 81, 91, 21, 87, 19, 18, 9, 62, 22, 99, 64, 10, 2, 31, 43, 30, 85, 84, 20, 74, 78, 12, 4, 96, 97]|[1, 1, 0, 1, 1, 2, 2, 0, 0, 2, 1, 0, 1, 0, 0, 0, 0, 2, 0, 2, 1, 0, 2, 0, 2, 2, 0, 2, 0, 1, 2, 2, 2, 1, 1, 0, 1, 0, 0, 1, 1, 0, 1, 2, 1, 0, 1, 0, 1, 2, 1, 0, 0, 1, 1, 2, 0, 1, 0, 2, 0, 2, 1, 0, 0, 1, 1, 1, 2, 2, 0, 1, 0, 1, 2, 1, 1, 1, 2, 1, 2, 1, 0, 1, 0, 2, 0, 2, 1, 2, 2, 1, 1, 0, 0, 2, 0, 0, 1, 0]|[1, 0, 2, 4, 3, 2, 0, 1, 0, 2, 1, 2, 4, 1, 2, 0, 0, 1, 1, 2, 4, 2, 2, 1, 1, 1, 0, 2, 0, 3, 1, 1, 2, 0, 0, 2, 4, 0, 1, 4, 4, 0, 3, 2, 3, 2, 4, 0, 0, 1, 4, 2, 1, 3, 0, 2, 0, 3, 0, 1, 2, 1, 2, 1, 0, 3, 0, 4, 1, 1, 2, 4, 0, 2, 1, 4, 3, 3, 1, 0, 1, 4, 0, 4, 0, 1, 2, 1, 4, 1, 1, 3, 4, 2, 2, 1, 2, 1, 4, 2]|[0, 2, 0, 0, 1, 0, 0, 0, 0, 0, 3, 0, 1, 1, 0, 0, 0, 0, 1, 0, 1, 0, 0, 1, 1, 1, 0, 0, 0, 3, 0, 0, 1, 0, 0, 1, 2, 1, 0, 0, 3, 0, 1, 0, 1, 1, 0, 0, 3, 1, 2, 0, 0, 1, 0, 0, 0, 1, 0, 0, 1, 0, 3, 1, 0, 0, 0, 1, 0, 0, 1, 2, 0, 3, 0, 1, 3, 1, 0, 3, 0, 2, 0, 2, 0, 0, 1, 0, 1, 0, 0, 3, 1, 0, 0, 0, 0, 1, 1, 1]
event=814:G1_CMAX:update:state=1,action=2,reward=-35.755064097414675,nextState=1,old=-244.1908094126646,new=-231.10771162754637
event=815:G2_TEC:update:state=1,action=1,reward=326.0042327252522,nextState=0,old=-1134.1039660469437,new=326.0042327252522
event=816:G3_TWC:update:state=1,action=1,reward=-1386.851916115018,nextState=1,old=-10625.89897844447,new=-9887.571098870594
event=817:G4_BALANCED:update:state=1,action=2,reward=-0.03692630422907434,nextState=1,old=-0.3982890679288803,new=-0.2070379001276281
event=818:G1_CMAX:action:mode=exploit,state=1,draw=0.13642546197462624,action=2
event=819:G1_CMAX:tournament:reason=action2,left=0,right=53,selected=[66, 68, 55, 92, 86, 48, 24, 89, 70, 13, 60, 50, 93, 15, 25, 52, 1, 59, 76, 67, 65, 17, 77, 75, 28, 26, 35, 36, 94, 95, 41, 6, 7, 0, 79, 33, 46, 58, 32, 88, 54, 71, 53, 29, 56, 8, 49, 39, 34, 14, 37, 72, 38, 23, 40, 98, 69, 27, 47, 80, 73, 63, 83, 44, 57, 11, 5, 82, 61, 16, 45, 51, 42, 3, 90, 81, 91, 21, 87, 19, 18, 9, 62, 22, 99, 2, 10, 64, 31, 43, 20, 97, 96, 12, 30, 74, 84, 4, 78, 85]|[1, 1, 0, 1, 2, 2, 2, 0, 0, 2, 1, 0, 1, 0, 2, 0, 0, 2, 0, 2, 1, 0, 2, 0, 2, 0, 0, 2, 0, 1, 2, 1, 2, 1, 1, 0, 1, 0, 0, 0, 1, 0, 1, 2, 1, 0, 1, 0, 1, 2, 1, 0, 0, 0, 1, 2, 0, 1, 0, 0, 1, 2, 1, 0, 0, 1, 1, 1, 2, 2, 1, 1, 0, 1, 2, 0, 1, 2, 2, 1, 2, 1, 0, 1, 2, 1, 0, 2, 1, 1, 1, 0, 1, 1, 2, 0, 0, 0, 2, 1]|[1, 0, 2, 4, 1, 2, 0, 1, 0, 2, 1, 2, 4, 1, 2, 0, 0, 1, 1, 2, 4, 2, 2, 1, 1, 2, 0, 2, 0, 3, 1, 4, 2, 0, 0, 2, 4, 0, 1, 2, 4, 0, 3, 2, 3, 2, 3, 0, 0, 1, 4, 2, 1, 1, 0, 2, 0, 3, 0, 2, 0, 1, 2, 1, 0, 3, 0, 4, 1, 1, 4, 4, 0, 2, 1, 2, 4, 1, 1, 0, 1, 4, 0, 4, 1, 4, 2, 1, 4, 3, 2, 2, 4, 2, 1, 2, 2, 1, 1, 3]|[0, 2, 0, 0, 1, 0, 0, 0, 0, 0, 3, 0, 1, 1, 0, 0, 0, 0, 1, 0, 1, 0, 0, 1, 1, 0, 0, 0, 0, 3, 0, 2, 1, 0, 0, 1, 2, 1, 0, 1, 3, 0, 1, 0, 1, 1, 0, 0, 3, 1, 2, 0, 0, 0, 0, 0, 0, 1, 0, 1, 0, 0, 3, 1, 0, 0, 0, 1, 0, 0, 1, 2, 0, 3, 0, 1, 1, 0, 0, 3, 0, 2, 0, 1, 0, 0, 1, 0, 1, 3, 2, 0, 1, 2, 0, 0, 0, 1, 0, 3]
event=820:G1_CMAX:leader:action=2,fingerprint=[66, 68, 55, 92, 86, 48, 24, 89, 70, 13, 60, 50, 93, 15, 25, 52, 1, 59, 76, 67, 65, 17, 77, 75, 28, 26, 35, 36, 94, 95, 41, 6, 7, 0, 79, 33, 46, 58, 32, 88, 54, 71, 53, 29, 56, 8, 49, 39, 34, 14, 37, 72, 38, 23, 40, 98, 69, 27, 47, 80, 73, 63, 83, 44, 57, 11, 5, 82, 61, 16, 45, 51, 42, 3, 90, 81, 91, 21, 87, 19, 18, 9, 62, 22, 99, 2, 10, 64, 31, 43, 20, 97, 96, 12, 30, 74, 84, 4, 78, 85]|[1, 1, 0, 1, 2, 2, 2, 0, 0, 2, 1, 0, 1, 0, 2, 0, 0, 2, 0, 2, 1, 0, 2, 0, 2, 0, 0, 2, 0, 1, 2, 1, 2, 1, 1, 0, 1, 0, 0, 0, 1, 0, 1, 2, 1, 0, 1, 0, 1, 2, 1, 0, 0, 0, 1, 2, 0, 1, 0, 0, 1, 2, 1, 0, 0, 1, 1, 1, 2, 2, 1, 1, 0, 1, 2, 0, 1, 2, 2, 1, 2, 1, 0, 1, 2, 1, 0, 2, 1, 1, 1, 0, 1, 1, 2, 0, 0, 0, 2, 1]|[1, 0, 2, 4, 1, 2, 0, 1, 0, 2, 1, 2, 4, 1, 2, 0, 0, 1, 1, 2, 4, 2, 2, 1, 1, 2, 0, 2, 0, 3, 1, 4, 2, 0, 0, 2, 4, 0, 1, 2, 4, 0, 3, 2, 3, 2, 3, 0, 0, 1, 4, 2, 1, 1, 0, 2, 0, 3, 0, 2, 0, 1, 2, 1, 0, 3, 0, 4, 1, 1, 4, 4, 0, 2, 1, 2, 4, 1, 1, 0, 1, 4, 0, 4, 1, 4, 2, 1, 4, 3, 2, 2, 4, 2, 1, 2, 2, 1, 1, 3]|[0, 2, 0, 0, 1, 0, 0, 0, 0, 0, 3, 0, 1, 1, 0, 0, 0, 0, 1, 0, 1, 0, 0, 1, 1, 0, 0, 0, 0, 3, 0, 2, 1, 0, 0, 1, 2, 1, 0, 1, 3, 0, 1, 0, 1, 1, 0, 0, 3, 1, 2, 0, 0, 0, 0, 0, 0, 1, 0, 1, 0, 0, 3, 1, 0, 0, 0, 1, 0, 0, 1, 2, 0, 3, 0, 1, 1, 0, 0, 3, 0, 2, 0, 1, 0, 0, 1, 0, 1, 3, 2, 0, 1, 2, 0, 0, 0, 1, 0, 3]
event=821:G4_BALANCED:action:mode=exploit,state=1,draw=0.4643083609833931,action=2
event=822:G4_BALANCED:tournament:reason=action2,left=32,right=6,selected=[66, 68, 32, 92, 86, 48, 3, 69, 70, 13, 60, 50, 93, 15, 52, 23, 1, 59, 76, 67, 58, 46, 79, 0, 7, 41, 95, 44, 36, 35, 26, 28, 75, 77, 88, 94, 17, 54, 71, 53, 29, 56, 65, 39, 34, 14, 37, 72, 38, 40, 98, 89, 27, 45, 22, 6, 73, 83, 55, 25, 57, 11, 5, 96, 2, 16, 47, 49, 51, 42, 24, 90, 81, 8, 64, 21, 87, 19, 18, 9, 62, 80, 99, 91, 10, 61, 31, 43, 30, 85, 84, 12, 20, 63, 4, 74, 33, 78, 82, 97]|[1, 1, 0, 1, 2, 2, 1, 0, 0, 2, 1, 0, 1, 0, 0, 0, 1, 2, 0, 2, 0, 1, 1, 1, 2, 2, 1, 0, 2, 2, 2, 2, 0, 2, 0, 0, 0, 1, 0, 1, 2, 1, 1, 0, 1, 2, 1, 0, 0, 1, 1, 0, 1, 1, 1, 1, 0, 1, 0, 0, 0, 1, 2, 1, 2, 2, 1, 1, 2, 0, 1, 2, 0, 0, 2, 2, 2, 1, 2, 1, 0, 2, 2, 1, 0, 2, 1, 2, 2, 0, 1, 0, 0, 0, 1, 0, 0, 2, 2, 0]|[4, 4, 0, 4, 1, 2, 4, 0, 1, 2, 4, 0, 4, 1, 0, 1, 4, 1, 1, 1, 0, 4, 4, 4, 2, 1, 3, 1, 1, 2, 1, 1, 1, 2, 2, 0, 2, 4, 0, 3, 2, 3, 4, 0, 0, 1, 4, 2, 1, 0, 4, 1, 3, 4, 3, 4, 2, 4, 0, 2, 0, 3, 1, 4, 1, 1, 4, 4, 2, 0, 4, 1, 2, 2, 1, 1, 1, 0, 1, 4, 0, 1, 1, 4, 2, 1, 3, 1, 1, 1, 4, 1, 2, 1, 4, 2, 2, 1, 1, 2]|[0, 1, 0, 0, 1, 0, 1, 0, 0, 0, 3, 0, 1, 0, 0, 0, 0, 0, 0, 0, 0, 2, 0, 0, 1, 0, 3, 0, 0, 0, 1, 1, 0, 0, 0, 0, 0, 3, 0, 1, 0, 1, 1, 0, 3, 1, 2, 0, 0, 0, 3, 0, 1, 1, 1, 2, 0, 3, 0, 0, 0, 0, 0, 1, 0, 0, 1, 0, 0, 0, 1, 0, 0, 0, 0, 0, 0, 3, 0, 2, 0, 0, 0, 0, 0, 0, 3, 0, 0, 0, 1, 0, 0, 0, 2, 0, 0, 0, 0, 0]
event=823:G4_BALANCED:leader:action=2,fingerprint=[66, 68, 32, 92, 86, 48, 3, 69, 70, 13, 60, 50, 93, 15, 52, 23, 1, 59, 76, 67, 58, 46, 79, 0, 7, 41, 95, 44, 36, 35, 26, 28, 75, 77, 88, 94, 17, 54, 71, 53, 29, 56, 65, 39, 34, 14, 37, 72, 38, 40, 98, 89, 27, 45, 22, 6, 73, 83, 55, 25, 57, 11, 5, 96, 2, 16, 47, 49, 51, 42, 24, 90, 81, 8, 64, 21, 87, 19, 18, 9, 62, 80, 99, 91, 10, 61, 31, 43, 30, 85, 84, 12, 20, 63, 4, 74, 33, 78, 82, 97]|[1, 1, 0, 1, 2, 2, 1, 0, 0, 2, 1, 0, 1, 0, 0, 0, 1, 2, 0, 2, 0, 1, 1, 1, 2, 2, 1, 0, 2, 2, 2, 2, 0, 2, 0, 0, 0, 1, 0, 1, 2, 1, 1, 0, 1, 2, 1, 0, 0, 1, 1, 0, 1, 1, 1, 1, 0, 1, 0, 0, 0, 1, 2, 1, 2, 2, 1, 1, 2, 0, 1, 2, 0, 0, 2, 2, 2, 1, 2, 1, 0, 2, 2, 1, 0, 2, 1, 2, 2, 0, 1, 0, 0, 0, 1, 0, 0, 2, 2, 0]|[4, 4, 0, 4, 1, 2, 4, 0, 1, 2, 4, 0, 4, 1, 0, 1, 4, 1, 1, 1, 0, 4, 4, 4, 2, 1, 3, 1, 1, 2, 1, 1, 1, 2, 2, 0, 2, 4, 0, 3, 2, 3, 4, 0, 0, 1, 4, 2, 1, 0, 4, 1, 3, 4, 3, 4, 2, 4, 0, 2, 0, 3, 1, 4, 1, 1, 4, 4, 2, 0, 4, 1, 2, 2, 1, 1, 1, 0, 1, 4, 0, 1, 1, 4, 2, 1, 3, 1, 1, 1, 4, 1, 2, 1, 4, 2, 2, 1, 1, 2]|[0, 1, 0, 0, 1, 0, 1, 0, 0, 0, 3, 0, 1, 0, 0, 0, 0, 0, 0, 0, 0, 2, 0, 0, 1, 0, 3, 0, 0, 0, 1, 1, 0, 0, 0, 0, 0, 3, 0, 1, 0, 1, 1, 0, 3, 1, 2, 0, 0, 0, 3, 0, 1, 1, 1, 2, 0, 3, 0, 0, 0, 0, 0, 1, 0, 0, 1, 0, 0, 0, 1, 0, 0, 0, 0, 0, 0, 3, 0, 2, 0, 0, 0, 0, 0, 0, 3, 0, 0, 0, 1, 0, 0, 0, 2, 0, 0, 0, 0, 0]
event=824:G2_TEC:action:mode=exploit,state=0,draw=0.4318050747225999,action=2
event=825:G2_TEC:tournament:reason=action2,left=43,right=25,selected=[66, 68, 55, 92, 86, 48, 24, 89, 70, 13, 60, 50, 93, 15, 25, 52, 1, 59, 76, 67, 65, 88, 77, 75, 28, 26, 35, 36, 94, 95, 41, 6, 7, 0, 17, 33, 46, 58, 32, 79, 54, 71, 53, 29, 56, 8, 49, 39, 34, 14, 37, 72, 38, 23, 40, 98, 44, 27, 47, 80, 30, 63, 83, 69, 57, 11, 5, 82, 61, 16, 45, 51, 42, 3, 90, 81, 91, 21, 87, 19, 18, 9, 62, 22, 99, 64, 10, 2, 31, 43, 73, 85, 84, 12, 74, 20, 78, 96, 97, 4]|[1, 1, 0, 1, 1, 2, 2, 0, 0, 1, 1, 0, 1, 0, 2, 0, 1, 2, 0, 2, 2, 0, 2, 1, 2, 0, 0, 1, 0, 2, 2, 1, 2, 1, 0, 0, 1, 0, 0, 1, 1, 0, 1, 2, 1, 0, 1, 0, 1, 2, 1, 0, 0, 0, 2, 1, 0, 1, 0, 2, 2, 2, 1, 0, 0, 1, 1, 1, 1, 1, 1, 0, 0, 1, 2, 1, 1, 2, 2, 0, 2, 1, 0, 1, 0, 2, 0, 2, 1, 2, 2, 1, 2, 0, 0, 0, 2, 1, 0, 1]|[1, 0, 0, 4, 3, 2, 0, 1, 0, 0, 1, 2, 4, 1, 2, 0, 4, 1, 1, 2, 1, 2, 2, 0, 1, 2, 0, 3, 0, 2, 1, 4, 2, 0, 2, 2, 4, 0, 1, 4, 4, 0, 3, 2, 3, 2, 4, 0, 3, 1, 4, 2, 1, 1, 2, 4, 1, 3, 2, 1, 1, 1, 2, 0, 0, 3, 3, 4, 4, 4, 4, 2, 0, 2, 1, 4, 3, 1, 1, 2, 1, 4, 0, 3, 0, 1, 2, 1, 3, 1, 1, 3, 1, 2, 2, 2, 1, 4, 2, 4]|[0, 2, 0, 0, 1, 0, 0, 0, 0, 2, 3, 0, 1, 1, 0, 0, 0, 0, 1, 0, 0, 0, 0, 2, 1, 0, 0, 3, 0, 0, 0, 2, 1, 0, 1, 1, 2, 1, 0, 2, 3, 0, 1, 0, 1, 1, 0, 0, 1, 1, 2, 0, 0, 0, 0, 3, 1, 1, 1, 0, 0, 0, 3, 0, 0, 0, 0, 1, 2, 1, 1, 0, 0, 3, 0, 1, 3, 0, 0, 1, 0, 2, 0, 1, 0, 0, 0, 0, 3, 0, 0, 3, 0, 0, 0, 0, 0, 1, 0, 2]
event=826:G2_TEC:leader:action=2,fingerprint=[66, 68, 55, 92, 86, 48, 24, 89, 70, 13, 60, 50, 93, 15, 25, 52, 1, 59, 76, 67, 65, 88, 77, 75, 28, 26, 35, 36, 94, 95, 41, 6, 7, 0, 17, 33, 46, 58, 32, 79, 54, 71, 53, 29, 56, 8, 49, 39, 34, 14, 37, 72, 38, 23, 40, 98, 44, 27, 47, 80, 30, 63, 83, 69, 57, 11, 5, 82, 61, 16, 45, 51, 42, 3, 90, 81, 91, 21, 87, 19, 18, 9, 62, 22, 99, 64, 10, 2, 31, 43, 73, 85, 84, 12, 74, 20, 78, 96, 97, 4]|[1, 1, 0, 1, 1, 2, 2, 0, 0, 1, 1, 0, 1, 0, 2, 0, 1, 2, 0, 2, 2, 0, 2, 1, 2, 0, 0, 1, 0, 2, 2, 1, 2, 1, 0, 0, 1, 0, 0, 1, 1, 0, 1, 2, 1, 0, 1, 0, 1, 2, 1, 0, 0, 0, 2, 1, 0, 1, 0, 2, 2, 2, 1, 0, 0, 1, 1, 1, 1, 1, 1, 0, 0, 1, 2, 1, 1, 2, 2, 0, 2, 1, 0, 1, 0, 2, 0, 2, 1, 2, 2, 1, 2, 0, 0, 0, 2, 1, 0, 1]|[1, 0, 0, 4, 3, 2, 0, 1, 0, 0, 1, 2, 4, 1, 2, 0, 4, 1, 1, 2, 1, 2, 2, 0, 1, 2, 0, 3, 0, 2, 1, 4, 2, 0, 2, 2, 4, 0, 1, 4, 4, 0, 3, 2, 3, 2, 4, 0, 3, 1, 4, 2, 1, 1, 2, 4, 1, 3, 2, 1, 1, 1, 2, 0, 0, 3, 3, 4, 4, 4, 4, 2, 0, 2, 1, 4, 3, 1, 1, 2, 1, 4, 0, 3, 0, 1, 2, 1, 3, 1, 1, 3, 1, 2, 2, 2, 1, 4, 2, 4]|[0, 2, 0, 0, 1, 0, 0, 0, 0, 2, 3, 0, 1, 1, 0, 0, 0, 0, 1, 0, 0, 0, 0, 2, 1, 0, 0, 3, 0, 0, 0, 2, 1, 0, 1, 1, 2, 1, 0, 2, 3, 0, 1, 0, 1, 1, 0, 0, 1, 1, 2, 0, 0, 0, 0, 3, 1, 1, 1, 0, 0, 0, 3, 0, 0, 0, 0, 1, 2, 1, 1, 0, 0, 3, 0, 1, 3, 0, 0, 1, 0, 2, 0, 1, 0, 0, 0, 0, 3, 0, 0, 3, 0, 0, 0, 0, 0, 1, 0, 2]
event=827:G3_TWC:action:mode=exploit,state=1,draw=0.10809070463816883,action=1
event=828:G3_TWC:leader:action=1,fingerprint=[66, 68, 55, 92, 86, 48, 24, 89, 70, 13, 60, 50, 93, 15, 25, 52, 1, 59, 76, 67, 65, 17, 77, 75, 28, 26, 35, 36, 94, 95, 41, 6, 7, 0, 79, 33, 46, 58, 32, 88, 54, 71, 53, 29, 56, 8, 49, 39, 34, 14, 37, 72, 38, 23, 40, 98, 69, 27, 47, 80, 73, 63, 83, 44, 57, 11, 5, 82, 61, 16, 45, 51, 42, 3, 90, 81, 91, 21, 87, 19, 18, 9, 62, 22, 99, 64, 10, 2, 31, 43, 30, 85, 84, 20, 74, 78, 12, 4, 96, 97]|[1, 1, 0, 1, 1, 2, 2, 0, 0, 2, 1, 0, 1, 0, 0, 0, 0, 2, 0, 2, 1, 0, 2, 0, 2, 2, 0, 2, 0, 1, 2, 2, 2, 1, 1, 0, 1, 0, 0, 1, 1, 0, 1, 2, 1, 0, 1, 0, 1, 2, 1, 0, 0, 1, 1, 2, 0, 1, 0, 2, 0, 2, 1, 0, 0, 1, 1, 1, 2, 2, 0, 1, 0, 1, 2, 1, 1, 1, 2, 1, 2, 1, 0, 1, 0, 2, 0, 2, 1, 2, 2, 1, 1, 0, 0, 2, 0, 0, 1, 0]|[1, 0, 2, 4, 3, 2, 0, 1, 0, 2, 1, 2, 4, 1, 2, 0, 0, 1, 1, 2, 4, 2, 2, 1, 1, 1, 0, 2, 0, 3, 1, 1, 2, 0, 0, 2, 4, 0, 1, 4, 4, 0, 3, 2, 3, 2, 4, 0, 0, 1, 4, 2, 1, 3, 0, 2, 0, 3, 0, 1, 2, 1, 2, 1, 0, 3, 0, 4, 1, 1, 2, 4, 0, 2, 1, 4, 3, 3, 1, 0, 1, 4, 0, 4, 0, 1, 2, 1, 4, 1, 1, 3, 4, 2, 2, 1, 2, 1, 4, 2]|[0, 2, 0, 0, 1, 0, 0, 0, 0, 0, 3, 0, 1, 1, 0, 0, 0, 0, 1, 0, 1, 0, 0, 1, 1, 1, 0, 0, 0, 3, 0, 0, 1, 0, 0, 1, 2, 1, 0, 0, 3, 0, 1, 0, 1, 1, 0, 0, 3, 1, 2, 0, 0, 1, 0, 0, 0, 1, 0, 0, 1, 0, 3, 1, 0, 0, 0, 1, 0, 0, 1, 2, 0, 3, 0, 1, 3, 1, 0, 3, 0, 2, 0, 2, 0, 0, 1, 0, 1, 0, 0, 3, 1, 0, 0, 0, 0, 1, 1, 1]
event=829:G1_CMAX:update:state=1,action=2,reward=-45.11418418501455,nextState=1,old=-231.10771162754637,new=-230.00035348705165
event=830:G2_TEC:update:state=0,action=2,reward=-817.8012991656869,nextState=1,old=0.0,new=-556.9979129854851
event=831:G3_TWC:update:state=1,action=1,reward=-1680.8148733991693,nextState=1,old=-9887.571098870594,new=-9590.871752495645
event=832:G4_BALANCED:update:state=1,action=2,reward=-0.2337203790424068,nextState=1,old=-0.2070379001276281,new=-0.39935069914450927
event=833:G1_CMAX:action:mode=exploit,state=1,draw=0.5084049104079678,action=2
event=834:G1_CMAX:tournament:reason=action2,left=50,right=17,selected=[66, 68, 55, 92, 86, 48, 24, 89, 70, 13, 60, 50, 93, 15, 25, 52, 1, 59, 76, 67, 65, 17, 77, 75, 28, 26, 35, 36, 94, 95, 41, 6, 7, 0, 79, 33, 46, 58, 32, 88, 54, 71, 53, 29, 56, 8, 49, 39, 34, 14, 37, 72, 38, 23, 40, 98, 69, 27, 47, 80, 73, 63, 83, 44, 57, 11, 5, 82, 61, 16, 45, 51, 42, 3, 90, 81, 91, 21, 87, 19, 18, 9, 62, 22, 99, 64, 10, 2, 31, 43, 30, 85, 84, 20, 74, 78, 12, 4, 96, 97]|[1, 1, 0, 1, 1, 2, 2, 0, 2, 1, 1, 0, 1, 0, 0, 0, 0, 2, 0, 2, 1, 0, 2, 0, 2, 2, 0, 2, 0, 1, 2, 2, 2, 1, 1, 0, 1, 0, 0, 1, 1, 0, 1, 2, 1, 0, 1, 0, 1, 2, 1, 0, 0, 0, 1, 2, 0, 1, 0, 1, 0, 2, 1, 0, 1, 1, 1, 1, 2, 2, 0, 1, 0, 1, 2, 0, 2, 1, 2, 1, 2, 1, 0, 1, 0, 2, 0, 2, 1, 2, 2, 1, 1, 0, 0, 2, 0, 0, 1, 0]|[1, 0, 2, 4, 3, 2, 0, 1, 2, 0, 1, 2, 4, 1, 2, 0, 0, 1, 1, 2, 4, 2, 2, 1, 1, 1, 0, 2, 0, 3, 1, 1, 2, 0, 0, 2, 4, 0, 1, 4, 4, 0, 3, 2, 3, 2, 3, 0, 0, 1, 4, 2, 1, 1, 0, 2, 0, 3, 0, 4, 2, 1, 2, 1, 3, 3, 0, 4, 1, 1, 2, 4, 0, 2, 1, 2, 1, 3, 1, 0, 1, 4, 0, 4, 0, 1, 2, 1, 4, 1, 1, 3, 4, 2, 2, 1, 2, 1, 4, 2]|[0, 2, 0, 0, 1, 0, 0, 0, 0, 2, 3, 0, 1, 1, 0, 0, 0, 0, 1, 0, 1, 0, 0, 1, 1, 1, 0, 0, 0, 3, 0, 0, 1, 0, 0, 1, 2, 1, 0, 0, 3, 0, 1, 0, 1, 1, 0, 0, 3, 1, 2, 0, 0, 0, 0, 0, 0, 1, 0, 2, 1, 0, 3, 1, 0, 0, 0, 1, 0, 0, 1, 2, 0, 3, 0, 1, 0, 1, 0, 3, 0, 2, 0, 0, 0, 0, 1, 0, 1, 0, 0, 3, 1, 0, 0, 0, 0, 1, 1, 1]
event=835:G1_CMAX:leader:action=2,fingerprint=[66, 68, 55, 92, 86, 48, 24, 89, 70, 13, 60, 50, 93, 15, 25, 52, 1, 59, 76, 67, 65, 17, 77, 75, 28, 26, 35, 36, 94, 95, 41, 6, 7, 0, 79, 33, 46, 58, 32, 88, 54, 71, 53, 29, 56, 8, 49, 39, 34, 14, 37, 72, 38, 23, 40, 98, 69, 27, 47, 80, 73, 63, 83, 44, 57, 11, 5, 82, 61, 16, 45, 51, 42, 3, 90, 81, 91, 21, 87, 19, 18, 9, 62, 22, 99, 64, 10, 2, 31, 43, 30, 85, 84, 20, 74, 78, 12, 4, 96, 97]|[1, 1, 0, 1, 1, 2, 2, 0, 2, 1, 1, 0, 1, 0, 0, 0, 0, 2, 0, 2, 1, 0, 2, 0, 2, 2, 0, 2, 0, 1, 2, 2, 2, 1, 1, 0, 1, 0, 0, 1, 1, 0, 1, 2, 1, 0, 1, 0, 1, 2, 1, 0, 0, 0, 1, 2, 0, 1, 0, 1, 0, 2, 1, 0, 1, 1, 1, 1, 2, 2, 0, 1, 0, 1, 2, 0, 2, 1, 2, 1, 2, 1, 0, 1, 0, 2, 0, 2, 1, 2, 2, 1, 1, 0, 0, 2, 0, 0, 1, 0]|[1, 0, 2, 4, 3, 2, 0, 1, 2, 0, 1, 2, 4, 1, 2, 0, 0, 1, 1, 2, 4, 2, 2, 1, 1, 1, 0, 2, 0, 3, 1, 1, 2, 0, 0, 2, 4, 0, 1, 4, 4, 0, 3, 2, 3, 2, 3, 0, 0, 1, 4, 2, 1, 1, 0, 2, 0, 3, 0, 4, 2, 1, 2, 1, 3, 3, 0, 4, 1, 1, 2, 4, 0, 2, 1, 2, 1, 3, 1, 0, 1, 4, 0, 4, 0, 1, 2, 1, 4, 1, 1, 3, 4, 2, 2, 1, 2, 1, 4, 2]|[0, 2, 0, 0, 1, 0, 0, 0, 0, 2, 3, 0, 1, 1, 0, 0, 0, 0, 1, 0, 1, 0, 0, 1, 1, 1, 0, 0, 0, 3, 0, 0, 1, 0, 0, 1, 2, 1, 0, 0, 3, 0, 1, 0, 1, 1, 0, 0, 3, 1, 2, 0, 0, 0, 0, 0, 0, 1, 0, 2, 1, 0, 3, 1, 0, 0, 0, 1, 0, 0, 1, 2, 0, 3, 0, 1, 0, 1, 0, 3, 0, 2, 0, 0, 0, 0, 1, 0, 1, 0, 0, 3, 1, 0, 0, 0, 0, 1, 1, 1]
event=836:G4_BALANCED:action:mode=exploit,state=1,draw=0.10747077856636678,action=1
event=837:G4_BALANCED:leader:action=1,fingerprint=[66, 68, 32, 92, 86, 48, 3, 69, 70, 13, 60, 50, 93, 15, 52, 23, 1, 59, 76, 67, 58, 46, 79, 0, 7, 41, 95, 44, 36, 35, 26, 28, 75, 77, 88, 94, 17, 54, 71, 53, 29, 56, 65, 39, 34, 14, 37, 72, 38, 40, 98, 89, 27, 45, 22, 6, 73, 83, 55, 25, 57, 11, 5, 96, 2, 16, 47, 49, 51, 42, 24, 90, 81, 8, 64, 21, 87, 19, 18, 9, 62, 80, 99, 91, 10, 61, 31, 43, 30, 85, 84, 12, 20, 63, 4, 74, 33, 78, 82, 97]|[1, 1, 0, 1, 2, 2, 1, 0, 0, 2, 1, 0, 1, 0, 0, 0, 1, 2, 0, 2, 0, 1, 1, 1, 2, 2, 1, 0, 2, 2, 2, 2, 0, 2, 0, 0, 0, 1, 0, 1, 2, 1, 1, 0, 1, 2, 1, 0, 0, 1, 1, 0, 1, 1, 1, 1, 0, 1, 0, 0, 0, 1, 2, 1, 2, 2, 1, 1, 2, 0, 1, 2, 0, 0, 2, 2, 2, 1, 2, 1, 0, 2, 2, 1, 0, 2, 1, 2, 2, 0, 1, 0, 0, 0, 1, 0, 0, 2, 2, 0]|[4, 4, 0, 4, 1, 2, 4, 0, 1, 2, 4, 0, 4, 1, 0, 1, 4, 1, 1, 1, 0, 4, 4, 4, 2, 1, 3, 1, 1, 2, 1, 1, 1, 2, 2, 0, 2, 4, 0, 3, 2, 3, 4, 0, 0, 1, 4, 2, 1, 0, 4, 1, 3, 4, 3, 4, 2, 4, 0, 2, 0, 3, 1, 4, 1, 1, 4, 4, 2, 0, 4, 1, 2, 2, 1, 1, 1, 0, 1, 4, 0, 1, 1, 4, 2, 1, 3, 1, 1, 1, 4, 1, 2, 1, 4, 2, 2, 1, 1, 2]|[0, 1, 0, 0, 1, 0, 1, 0, 0, 0, 3, 0, 1, 0, 0, 0, 0, 0, 0, 0, 0, 2, 0, 0, 1, 0, 3, 0, 0, 0, 1, 1, 0, 0, 0, 0, 0, 3, 0, 1, 0, 1, 1, 0, 3, 1, 2, 0, 0, 0, 3, 0, 1, 1, 1, 2, 0, 3, 0, 0, 0, 0, 0, 1, 0, 0, 1, 0, 0, 0, 1, 0, 0, 0, 0, 0, 0, 3, 0, 2, 0, 0, 0, 0, 0, 0, 3, 0, 0, 0, 1, 0, 0, 0, 2, 0, 0, 0, 0, 0]
event=838:G2_TEC:action:mode=exploit,state=1,draw=0.013157354047655168,action=1
event=839:G2_TEC:leader:action=1,fingerprint=[66, 68, 32, 92, 86, 48, 3, 69, 70, 13, 60, 50, 93, 15, 52, 23, 1, 59, 76, 67, 58, 46, 79, 0, 7, 41, 95, 44, 36, 35, 26, 28, 75, 77, 88, 94, 17, 54, 71, 53, 29, 56, 65, 39, 34, 14, 37, 72, 38, 40, 98, 89, 27, 45, 22, 6, 73, 83, 55, 25, 57, 11, 5, 96, 2, 16, 47, 49, 51, 42, 24, 90, 81, 8, 64, 21, 87, 19, 18, 9, 62, 80, 99, 91, 10, 61, 31, 43, 30, 85, 84, 12, 20, 63, 4, 74, 33, 78, 82, 97]|[1, 1, 0, 1, 2, 2, 1, 0, 0, 2, 1, 0, 1, 0, 0, 0, 1, 2, 0, 2, 0, 1, 1, 1, 2, 2, 1, 0, 2, 2, 2, 2, 0, 2, 0, 0, 0, 1, 0, 1, 2, 1, 1, 0, 1, 2, 1, 0, 0, 1, 1, 0, 1, 1, 1, 1, 0, 1, 0, 0, 0, 1, 2, 1, 2, 2, 1, 1, 2, 0, 1, 2, 0, 0, 2, 2, 2, 1, 2, 1, 0, 2, 2, 1, 0, 2, 1, 2, 2, 0, 1, 0, 0, 0, 1, 0, 0, 2, 2, 0]|[4, 4, 0, 4, 1, 2, 4, 0, 1, 2, 4, 0, 4, 1, 0, 1, 4, 1, 1, 1, 0, 4, 4, 4, 2, 1, 3, 1, 1, 2, 1, 1, 1, 2, 2, 0, 2, 4, 0, 3, 2, 3, 4, 0, 0, 1, 4, 2, 1, 0, 4, 1, 3, 4, 3, 4, 2, 4, 0, 2, 0, 3, 1, 4, 1, 1, 4, 4, 2, 0, 4, 1, 2, 2, 1, 1, 1, 0, 1, 4, 0, 1, 1, 4, 2, 1, 3, 1, 1, 1, 4, 1, 2, 1, 4, 2, 2, 1, 1, 2]|[0, 1, 0, 0, 1, 0, 1, 0, 0, 0, 3, 0, 1, 0, 0, 0, 0, 0, 0, 0, 0, 2, 0, 0, 1, 0, 3, 0, 0, 0, 1, 1, 0, 0, 0, 0, 0, 3, 0, 1, 0, 1, 1, 0, 3, 1, 2, 0, 0, 0, 3, 0, 1, 1, 1, 2, 0, 3, 0, 0, 0, 0, 0, 1, 0, 0, 1, 0, 0, 0, 1, 0, 0, 0, 0, 0, 0, 3, 0, 2, 0, 0, 0, 0, 0, 0, 3, 0, 0, 0, 1, 0, 0, 0, 2, 0, 0, 0, 0, 0]
event=840:G3_TWC:action:mode=exploit,state=1,draw=0.007791267103854915,action=1
event=841:G3_TWC:leader:action=1,fingerprint=[66, 68, 55, 92, 86, 48, 24, 89, 70, 13, 60, 50, 93, 15, 25, 52, 1, 59, 76, 67, 65, 17, 77, 75, 28, 26, 35, 36, 94, 95, 41, 6, 7, 0, 79, 33, 46, 58, 32, 88, 54, 71, 53, 29, 56, 8, 49, 39, 34, 14, 37, 72, 38, 23, 40, 98, 69, 27, 47, 80, 73, 63, 83, 44, 57, 11, 5, 82, 61, 16, 45, 51, 42, 3, 90, 81, 91, 21, 87, 19, 18, 9, 62, 22, 99, 64, 10, 2, 31, 43, 30, 85, 84, 20, 74, 78, 12, 4, 96, 97]|[1, 1, 0, 1, 1, 2, 2, 0, 0, 2, 1, 0, 1, 0, 0, 0, 0, 2, 0, 2, 1, 0, 2, 0, 2, 2, 0, 2, 0, 1, 2, 2, 2, 1, 1, 0, 1, 0, 0, 1, 1, 0, 1, 2, 1, 0, 1, 0, 1, 2, 1, 0, 0, 1, 1, 2, 0, 1, 0, 2, 0, 2, 1, 0, 0, 1, 1, 1, 2, 2, 0, 1, 0, 1, 2, 1, 1, 1, 2, 1, 2, 1, 0, 1, 0, 2, 0, 2, 1, 2, 2, 1, 1, 0, 0, 2, 0, 0, 1, 0]|[1, 0, 2, 4, 3, 2, 0, 1, 0, 2, 1, 2, 4, 1, 2, 0, 0, 1, 1, 2, 4, 2, 2, 1, 1, 1, 0, 2, 0, 3, 1, 1, 2, 0, 0, 2, 4, 0, 1, 4, 4, 0, 3, 2, 3, 2, 4, 0, 0, 1, 4, 2, 1, 3, 0, 2, 0, 3, 0, 1, 2, 1, 2, 1, 0, 3, 0, 4, 1, 1, 2, 4, 0, 2, 1, 4, 3, 3, 1, 0, 1, 4, 0, 4, 0, 1, 2, 1, 4, 1, 1, 3, 4, 2, 2, 1, 2, 1, 4, 2]|[0, 2, 0, 0, 1, 0, 0, 0, 0, 0, 3, 0, 1, 1, 0, 0, 0, 0, 1, 0, 1, 0, 0, 1, 1, 1, 0, 0, 0, 3, 0, 0, 1, 0, 0, 1, 2, 1, 0, 0, 3, 0, 1, 0, 1, 1, 0, 0, 3, 1, 2, 0, 0, 1, 0, 0, 0, 1, 0, 0, 1, 0, 3, 1, 0, 0, 0, 1, 0, 0, 1, 2, 0, 3, 0, 1, 3, 1, 0, 3, 0, 2, 0, 2, 0, 0, 1, 0, 1, 0, 0, 3, 1, 0, 0, 0, 0, 1, 1, 1]
event=842:G1_CMAX:update:state=1,action=2,reward=-27.022643666183853,nextState=1,old=-230.00035348705165,new=-211.0229264558252
event=843:G2_TEC:update:state=1,action=1,reward=-83.53300514688453,nextState=1,old=326.0042327252522,new=177.27038103331728
event=844:G3_TWC:update:state=1,action=1,reward=-2438.1180822717142,nextState=1,old=-9590.871752495645,new=-10110.81548426823
event=845:G4_BALANCED:update:state=1,action=1,reward=-0.22376370200758516,nextState=1,old=-0.2126394948731922,new=-0.39387529790613895
event=846:G1_CMAX:action:mode=exploit,state=1,draw=0.08029493015358102,action=2
event=847:G1_CMAX:tournament:reason=action2,left=33,right=29,selected=[66, 68, 55, 92, 86, 67, 24, 89, 70, 13, 60, 50, 93, 15, 25, 52, 1, 59, 76, 63, 65, 17, 77, 75, 96, 26, 35, 36, 95, 6, 46, 79, 33, 0, 58, 32, 88, 54, 71, 53, 29, 56, 8, 49, 39, 14, 37, 72, 38, 23, 40, 98, 69, 27, 47, 81, 80, 73, 48, 83, 44, 57, 11, 5, 82, 61, 16, 45, 51, 42, 3, 90, 94, 91, 21, 30, 19, 18, 9, 62, 22, 99, 64, 78, 10, 2, 31, 43, 7, 41, 85, 84, 20, 34, 74, 87, 28, 4, 12, 97]|[1, 1, 0, 1, 1, 2, 2, 0, 2, 1, 1, 0, 1, 0, 0, 0, 0, 2, 0, 2, 1, 0, 2, 0, 2, 2, 0, 2, 1, 1, 1, 1, 0, 1, 0, 0, 1, 1, 0, 1, 2, 1, 0, 1, 0, 2, 1, 0, 0, 0, 1, 2, 0, 1, 0, 0, 0, 1, 2, 1, 0, 0, 1, 1, 1, 0, 2, 0, 1, 0, 1, 2, 0, 1, 2, 2, 1, 2, 1, 1, 1, 2, 2, 2, 0, 2, 1, 1, 2, 2, 0, 1, 1, 1, 0, 2, 1, 0, 1, 1]|[0, 1, 1, 4, 3, 1, 1, 2, 1, 0, 1, 2, 4, 1, 2, 0, 0, 1, 1, 1, 4, 2, 2, 1, 1, 1, 0, 2, 3, 4, 0, 0, 2, 0, 0, 1, 4, 4, 0, 3, 2, 3, 2, 3, 0, 1, 4, 2, 1, 1, 0, 2, 0, 3, 2, 2, 1, 0, 2, 2, 1, 0, 3, 0, 4, 1, 1, 2, 4, 0, 2, 1, 0, 3, 1, 1, 0, 1, 4, 4, 4, 1, 1, 1, 2, 1, 3, 3, 2, 1, 2, 4, 2, 0, 2, 1, 4, 1, 2, 4]|[0, 1, 1, 0, 1, 0, 0, 0, 0, 2, 3, 0, 1, 0, 0, 0, 0, 0, 1, 0, 1, 0, 0, 1, 1, 1, 0, 0, 3, 2, 0, 0, 1, 0, 1, 0, 0, 3, 0, 1, 0, 1, 1, 0, 0, 1, 2, 0, 0, 0, 0, 0, 0, 1, 1, 1, 1, 0, 0, 3, 1, 0, 0, 0, 1, 0, 0, 1, 2, 0, 3, 0, 0, 3, 0, 0, 3, 0, 2, 0, 0, 0, 0, 0, 1, 0, 3, 3, 1, 0, 0, 1, 2, 3, 0, 0, 1, 1, 2, 0]
event=848:G1_CMAX:leader:action=2,fingerprint=[66, 68, 55, 92, 86, 67, 24, 89, 70, 13, 60, 50, 93, 15, 25, 52, 1, 59, 76, 63, 65, 17, 77, 75, 96, 26, 35, 36, 95, 6, 46, 79, 33, 0, 58, 32, 88, 54, 71, 53, 29, 56, 8, 49, 39, 14, 37, 72, 38, 23, 40, 98, 69, 27, 47, 81, 80, 73, 48, 83, 44, 57, 11, 5, 82, 61, 16, 45, 51, 42, 3, 90, 94, 91, 21, 30, 19, 18, 9, 62, 22, 99, 64, 78, 10, 2, 31, 43, 7, 41, 85, 84, 20, 34, 74, 87, 28, 4, 12, 97]|[1, 1, 0, 1, 1, 2, 2, 0, 2, 1, 1, 0, 1, 0, 0, 0, 0, 2, 0, 2, 1, 0, 2, 0, 2, 2, 0, 2, 1, 1, 1, 1, 0, 1, 0, 0, 1, 1, 0, 1, 2, 1, 0, 1, 0, 2, 1, 0, 0, 0, 1, 2, 0, 1, 0, 0, 0, 1, 2, 1, 0, 0, 1, 1, 1, 0, 2, 0, 1, 0, 1, 2, 0, 1, 2, 2, 1, 2, 1, 1, 1, 2, 2, 2, 0, 2, 1, 1, 2, 2, 0, 1, 1, 1, 0, 2, 1, 0, 1, 1]|[0, 1, 1, 4, 3, 1, 1, 2, 1, 0, 1, 2, 4, 1, 2, 0, 0, 1, 1, 1, 4, 2, 2, 1, 1, 1, 0, 2, 3, 4, 0, 0, 2, 0, 0, 1, 4, 4, 0, 3, 2, 3, 2, 3, 0, 1, 4, 2, 1, 1, 0, 2, 0, 3, 2, 2, 1, 0, 2, 2, 1, 0, 3, 0, 4, 1, 1, 2, 4, 0, 2, 1, 0, 3, 1, 1, 0, 1, 4, 4, 4, 1, 1, 1, 2, 1, 3, 3, 2, 1, 2, 4, 2, 0, 2, 1, 4, 1, 2, 4]|[0, 1, 1, 0, 1, 0, 0, 0, 0, 2, 3, 0, 1, 0, 0, 0, 0, 0, 1, 0, 1, 0, 0, 1, 1, 1, 0, 0, 3, 2, 0, 0, 1, 0, 1, 0, 0, 3, 0, 1, 0, 1, 1, 0, 0, 1, 2, 0, 0, 0, 0, 0, 0, 1, 1, 1, 1, 0, 0, 3, 1, 0, 0, 0, 1, 0, 0, 1, 2, 0, 3, 0, 0, 3, 0, 0, 3, 0, 2, 0, 0, 0, 0, 0, 1, 0, 3, 3, 1, 0, 0, 1, 2, 3, 0, 0, 1, 1, 2, 0]
event=849:G4_BALANCED:action:mode=exploit,state=1,draw=0.12823974793647175,action=0
event=850:G4_BALANCED:leader:action=0,fingerprint=[66, 68, 32, 92, 86, 48, 3, 69, 70, 13, 60, 50, 93, 15, 52, 23, 1, 59, 76, 67, 58, 46, 79, 0, 7, 41, 95, 44, 36, 35, 26, 28, 75, 77, 88, 94, 17, 54, 71, 53, 29, 56, 65, 39, 34, 14, 37, 72, 38, 40, 98, 89, 27, 45, 22, 6, 73, 83, 55, 25, 57, 11, 5, 96, 2, 16, 47, 49, 51, 42, 24, 90, 81, 8, 64, 21, 87, 19, 18, 9, 62, 80, 99, 91, 10, 61, 31, 43, 30, 85, 84, 12, 20, 63, 4, 74, 33, 78, 82, 97]|[1, 1, 0, 1, 2, 2, 1, 0, 0, 2, 1, 0, 1, 0, 0, 0, 1, 2, 0, 2, 0, 1, 1, 1, 2, 2, 1, 0, 2, 2, 2, 2, 0, 2, 0, 0, 0, 1, 0, 1, 2, 1, 1, 0, 1, 2, 1, 0, 0, 1, 1, 0, 1, 1, 1, 1, 0, 1, 0, 0, 0, 1, 2, 1, 2, 2, 1, 1, 2, 0, 1, 2, 0, 0, 2, 2, 2, 1, 2, 1, 0, 2, 2, 1, 0, 2, 1, 2, 2, 0, 1, 0, 0, 0, 1, 0, 0, 2, 2, 0]|[4, 4, 0, 4, 1, 2, 4, 0, 1, 2, 4, 0, 4, 1, 0, 1, 4, 1, 1, 1, 0, 4, 4, 4, 2, 1, 3, 1, 1, 2, 1, 1, 1, 2, 2, 0, 2, 4, 0, 3, 2, 3, 4, 0, 0, 1, 4, 2, 1, 0, 4, 1, 3, 4, 3, 4, 2, 4, 0, 2, 0, 3, 1, 4, 1, 1, 4, 4, 2, 0, 4, 1, 2, 2, 1, 1, 1, 0, 1, 4, 0, 1, 1, 4, 2, 1, 3, 1, 1, 1, 4, 1, 2, 1, 4, 2, 2, 1, 1, 2]|[0, 1, 0, 0, 1, 0, 1, 0, 0, 0, 3, 0, 1, 0, 0, 0, 0, 0, 0, 0, 0, 2, 0, 0, 1, 0, 3, 0, 0, 0, 1, 1, 0, 0, 0, 0, 0, 3, 0, 1, 0, 1, 1, 0, 3, 1, 2, 0, 0, 0, 3, 0, 1, 1, 1, 2, 0, 3, 0, 0, 0, 0, 0, 1, 0, 0, 1, 0, 0, 0, 1, 0, 0, 0, 0, 0, 0, 3, 0, 2, 0, 0, 0, 0, 0, 0, 3, 0, 0, 0, 1, 0, 0, 0, 2, 0, 0, 0, 0, 0]
event=851:G2_TEC:action:mode=explore,state=1,draw=0.9622680576557465,action=1
event=852:G2_TEC:leader:action=1,fingerprint=[66, 68, 32, 92, 86, 48, 3, 69, 70, 13, 60, 50, 93, 15, 52, 23, 1, 59, 76, 67, 58, 46, 79, 0, 7, 41, 95, 44, 36, 35, 26, 28, 75, 77, 88, 94, 17, 54, 71, 53, 29, 56, 65, 39, 34, 14, 37, 72, 38, 40, 98, 89, 27, 45, 22, 6, 73, 83, 55, 25, 57, 11, 5, 96, 2, 16, 47, 49, 51, 42, 24, 90, 81, 8, 64, 21, 87, 19, 18, 9, 62, 80, 99, 91, 10, 61, 31, 43, 30, 85, 84, 12, 20, 63, 4, 74, 33, 78, 82, 97]|[1, 1, 0, 1, 2, 2, 1, 0, 0, 2, 1, 0, 1, 0, 0, 0, 1, 2, 0, 2, 0, 1, 1, 1, 2, 2, 1, 0, 2, 2, 2, 2, 0, 2, 0, 0, 0, 1, 0, 1, 2, 1, 1, 0, 1, 2, 1, 0, 0, 1, 1, 0, 1, 1, 1, 1, 0, 1, 0, 0, 0, 1, 2, 1, 2, 2, 1, 1, 2, 0, 1, 2, 0, 0, 2, 2, 2, 1, 2, 1, 0, 2, 2, 1, 0, 2, 1, 2, 2, 0, 1, 0, 0, 0, 1, 0, 0, 2, 2, 0]|[4, 4, 0, 4, 1, 2, 4, 0, 1, 2, 4, 0, 4, 1, 0, 1, 4, 1, 1, 1, 0, 4, 4, 4, 2, 1, 3, 1, 1, 2, 1, 1, 1, 2, 2, 0, 2, 4, 0, 3, 2, 3, 4, 0, 0, 1, 4, 2, 1, 0, 4, 1, 3, 4, 3, 4, 2, 4, 0, 2, 0, 3, 1, 4, 1, 1, 4, 4, 2, 0, 4, 1, 2, 2, 1, 1, 1, 0, 1, 4, 0, 1, 1, 4, 2, 1, 3, 1, 1, 1, 4, 1, 2, 1, 4, 2, 2, 1, 1, 2]|[0, 1, 0, 0, 1, 0, 1, 0, 0, 0, 3, 0, 1, 0, 0, 0, 0, 0, 0, 0, 0, 2, 0, 0, 1, 0, 3, 0, 0, 0, 1, 1, 0, 0, 0, 0, 0, 3, 0, 1, 0, 1, 1, 0, 3, 1, 2, 0, 0, 0, 3, 0, 1, 1, 1, 2, 0, 3, 0, 0, 0, 0, 0, 1, 0, 0, 1, 0, 0, 0, 1, 0, 0, 0, 0, 0, 0, 3, 0, 2, 0, 0, 0, 0, 0, 0, 3, 0, 0, 0, 1, 0, 0, 0, 2, 0, 0, 0, 0, 0]
event=853:G3_TWC:action:mode=exploit,state=1,draw=0.24662774947053412,action=1
event=854:G3_TWC:leader:action=1,fingerprint=[66, 68, 55, 92, 86, 48, 24, 89, 70, 13, 60, 50, 93, 15, 25, 52, 1, 59, 76, 67, 65, 17, 77, 75, 28, 26, 35, 36, 94, 95, 41, 6, 7, 0, 79, 33, 46, 58, 32, 88, 54, 71, 53, 29, 56, 8, 49, 39, 34, 14, 37, 72, 38, 23, 40, 98, 69, 27, 47, 80, 73, 63, 83, 44, 57, 11, 5, 82, 61, 16, 45, 51, 42, 3, 90, 81, 91, 21, 87, 19, 18, 9, 62, 22, 99, 64, 10, 2, 31, 43, 30, 85, 84, 20, 74, 78, 12, 4, 96, 97]|[1, 1, 0, 1, 1, 2, 2, 0, 0, 2, 1, 0, 1, 0, 0, 0, 0, 2, 0, 2, 1, 0, 2, 0, 2, 2, 0, 2, 0, 1, 2, 2, 2, 1, 1, 0, 1, 0, 0, 1, 1, 0, 1, 2, 1, 0, 1, 0, 1, 2, 1, 0, 0, 1, 1, 2, 0, 1, 0, 2, 0, 2, 1, 0, 0, 1, 1, 1, 2, 2, 0, 1, 0, 1, 2, 1, 1, 1, 2, 1, 2, 1, 0, 1, 0, 2, 0, 2, 1, 2, 2, 1, 1, 0, 0, 2, 0, 0, 1, 0]|[1, 0, 2, 4, 3, 2, 0, 1, 0, 2, 1, 2, 4, 1, 2, 0, 0, 1, 1, 2, 4, 2, 2, 1, 1, 1, 0, 2, 0, 3, 1, 1, 2, 0, 0, 2, 4, 0, 1, 4, 4, 0, 3, 2, 3, 2, 4, 0, 0, 1, 4, 2, 1, 3, 0, 2, 0, 3, 0, 1, 2, 1, 2, 1, 0, 3, 0, 4, 1, 1, 2, 4, 0, 2, 1, 4, 3, 3, 1, 0, 1, 4, 0, 4, 0, 1, 2, 1, 4, 1, 1, 3, 4, 2, 2, 1, 2, 1, 4, 2]|[0, 2, 0, 0, 1, 0, 0, 0, 0, 0, 3, 0, 1, 1, 0, 0, 0, 0, 1, 0, 1, 0, 0, 1, 1, 1, 0, 0, 0, 3, 0, 0, 1, 0, 0, 1, 2, 1, 0, 0, 3, 0, 1, 0, 1, 1, 0, 0, 3, 1, 2, 0, 0, 1, 0, 0, 0, 1, 0, 0, 1, 0, 3, 1, 0, 0, 0, 1, 0, 0, 1, 2, 0, 3, 0, 1, 3, 1, 0, 3, 0, 2, 0, 2, 0, 0, 1, 0, 1, 0, 0, 3, 1, 0, 0, 0, 0, 1, 1, 1]
event=855:G1_CMAX:update:state=1,action=2,reward=-100.39515402684594,nextState=1,old=-211.0229264558252,new=-269.2134951915061
event=856:G2_TEC:update:state=1,action=1,reward=-185.5472450813977,nextState=1,old=177.27038103331728,new=-43.73094025474387
event=857:G3_TWC:update:state=1,action=1,reward=-1938.5019762032898,nextState=1,old=-10110.81548426823,new=-10027.154363617876
event=858:G4_BALANCED:update:state=1,action=0,reward=-0.15728666421151064,nextState=1,old=-0.3272533293983599,new=-0.4190893277301986
event=859:G1_CMAX:action:mode=exploit,state=1,draw=0.21518827017100617,action=2
event=860:G1_CMAX:tournament:reason=action2,left=30,right=16,selected=[49, 8, 56, 29, 54, 32, 38, 58, 46, 33, 71, 79, 0, 7, 6, 41, 95, 36, 35, 26, 28, 75, 77, 65, 67, 42, 59, 1, 52, 74, 55, 15, 94, 93, 50, 60, 13, 70, 89, 24, 48, 86, 25, 68, 66, 53, 76, 34, 14, 37, 72, 88, 23, 40, 98, 69, 27, 47, 80, 73, 63, 83, 44, 57, 11, 5, 82, 61, 16, 45, 51, 3, 90, 81, 91, 21, 87, 19, 18, 9, 62, 22, 99, 64, 10, 39, 2, 31, 43, 92, 30, 85, 84, 20, 17, 78, 96, 4, 12, 97]|[1, 0, 1, 2, 1, 0, 0, 0, 1, 0, 0, 1, 1, 2, 1, 2, 1, 2, 0, 2, 2, 0, 2, 1, 2, 0, 2, 0, 0, 0, 0, 0, 0, 1, 0, 1, 1, 2, 0, 2, 2, 1, 0, 1, 1, 1, 0, 1, 2, 1, 0, 0, 0, 1, 2, 0, 1, 0, 1, 1, 2, 1, 0, 0, 1, 1, 1, 2, 2, 0, 1, 1, 2, 2, 1, 2, 2, 1, 2, 1, 0, 1, 0, 2, 0, 0, 2, 1, 1, 1, 0, 0, 1, 1, 0, 2, 1, 0, 1, 1]|[3, 2, 3, 2, 1, 1, 1, 0, 4, 2, 1, 0, 0, 2, 4, 1, 3, 2, 0, 1, 1, 1, 2, 4, 2, 1, 1, 0, 0, 2, 2, 1, 0, 4, 2, 1, 0, 1, 1, 0, 2, 3, 2, 1, 0, 3, 0, 0, 1, 4, 2, 2, 1, 0, 2, 0, 3, 2, 4, 0, 1, 2, 1, 0, 3, 0, 4, 1, 1, 2, 4, 2, 1, 2, 3, 1, 1, 0, 1, 4, 0, 4, 0, 1, 2, 0, 1, 3, 3, 1, 0, 2, 4, 2, 2, 1, 4, 1, 2, 4]|[0, 1, 1, 0, 3, 0, 0, 1, 2, 1, 0, 0, 0, 1, 2, 0, 3, 0, 0, 1, 1, 1, 0, 1, 0, 1, 0, 0, 0, 0, 0, 1, 0, 1, 0, 3, 2, 0, 0, 0, 0, 1, 0, 0, 2, 1, 0, 3, 1, 2, 0, 1, 0, 0, 0, 0, 1, 1, 2, 0, 0, 3, 1, 0, 0, 0, 1, 0, 0, 1, 2, 3, 0, 1, 3, 0, 0, 3, 0, 2, 0, 0, 0, 0, 1, 0, 0, 3, 3, 0, 0, 0, 1, 2, 0, 0, 1, 1, 2, 0]
event=861:G1_CMAX:leader:action=2,fingerprint=[49, 8, 56, 29, 54, 32, 38, 58, 46, 33, 71, 79, 0, 7, 6, 41, 95, 36, 35, 26, 28, 75, 77, 65, 67, 42, 59, 1, 52, 74, 55, 15, 94, 93, 50, 60, 13, 70, 89, 24, 48, 86, 25, 68, 66, 53, 76, 34, 14, 37, 72, 88, 23, 40, 98, 69, 27, 47, 80, 73, 63, 83, 44, 57, 11, 5, 82, 61, 16, 45, 51, 3, 90, 81, 91, 21, 87, 19, 18, 9, 62, 22, 99, 64, 10, 39, 2, 31, 43, 92, 30, 85, 84, 20, 17, 78, 96, 4, 12, 97]|[1, 0, 1, 2, 1, 0, 0, 0, 1, 0, 0, 1, 1, 2, 1, 2, 1, 2, 0, 2, 2, 0, 2, 1, 2, 0, 2, 0, 0, 0, 0, 0, 0, 1, 0, 1, 1, 2, 0, 2, 2, 1, 0, 1, 1, 1, 0, 1, 2, 1, 0, 0, 0, 1, 2, 0, 1, 0, 1, 1, 2, 1, 0, 0, 1, 1, 1, 2, 2, 0, 1, 1, 2, 2, 1, 2, 2, 1, 2, 1, 0, 1, 0, 2, 0, 0, 2, 1, 1, 1, 0, 0, 1, 1, 0, 2, 1, 0, 1, 1]|[3, 2, 3, 2, 1, 1, 1, 0, 4, 2, 1, 0, 0, 2, 4, 1, 3, 2, 0, 1, 1, 1, 2, 4, 2, 1, 1, 0, 0, 2, 2, 1, 0, 4, 2, 1, 0, 1, 1, 0, 2, 3, 2, 1, 0, 3, 0, 0, 1, 4, 2, 2, 1, 0, 2, 0, 3, 2, 4, 0, 1, 2, 1, 0, 3, 0, 4, 1, 1, 2, 4, 2, 1, 2, 3, 1, 1, 0, 1, 4, 0, 4, 0, 1, 2, 0, 1, 3, 3, 1, 0, 2, 4, 2, 2, 1, 4, 1, 2, 4]|[0, 1, 1, 0, 3, 0, 0, 1, 2, 1, 0, 0, 0, 1, 2, 0, 3, 0, 0, 1, 1, 1, 0, 1, 0, 1, 0, 0, 0, 0, 0, 1, 0, 1, 0, 3, 2, 0, 0, 0, 0, 1, 0, 0, 2, 1, 0, 3, 1, 2, 0, 1, 0, 0, 0, 0, 1, 1, 2, 0, 0, 3, 1, 0, 0, 0, 1, 0, 0, 1, 2, 3, 0, 1, 3, 0, 0, 3, 0, 2, 0, 0, 0, 0, 1, 0, 0, 3, 3, 0, 0, 0, 1, 2, 0, 0, 1, 1, 2, 0]
event=862:G4_BALANCED:action:mode=exploit,state=1,draw=0.6089638737267566,action=1
event=863:G4_BALANCED:leader:action=1,fingerprint=[66, 68, 32, 92, 86, 48, 3, 69, 70, 13, 60, 50, 93, 15, 52, 23, 1, 59, 76, 67, 58, 17, 77, 75, 28, 41, 95, 44, 36, 35, 26, 7, 0, 79, 88, 94, 46, 54, 71, 53, 29, 56, 65, 39, 34, 8, 49, 33, 55, 14, 37, 72, 38, 78, 40, 98, 89, 27, 47, 80, 30, 11, 5, 96, 2, 16, 83, 6, 51, 42, 24, 90, 81, 22, 64, 21, 87, 19, 18, 84, 62, 63, 91, 73, 99, 61, 10, 57, 31, 43, 45, 85, 9, 20, 4, 25, 82, 74, 12, 97]|[1, 1, 0, 1, 2, 2, 1, 2, 0, 1, 1, 0, 1, 0, 0, 0, 1, 2, 0, 2, 0, 0, 2, 0, 2, 2, 0, 1, 2, 0, 2, 1, 1, 1, 1, 0, 0, 1, 0, 1, 2, 1, 0, 0, 1, 0, 1, 1, 0, 1, 1, 0, 0, 1, 1, 1, 2, 1, 0, 0, 2, 1, 1, 1, 2, 2, 1, 0, 0, 0, 1, 2, 0, 1, 2, 2, 2, 2, 2, 1, 0, 2, 2, 0, 2, 2, 1, 0, 1, 1, 1, 0, 1, 0, 1, 2, 2, 0, 0, 0]|[4, 4, 1, 4, 1, 2, 4, 2, 1, 0, 4, 0, 4, 1, 0, 0, 4, 1, 1, 1, 0, 2, 2, 1, 2, 1, 0, 3, 1, 0, 1, 4, 4, 0, 0, 0, 2, 4, 1, 3, 2, 3, 0, 0, 3, 2, 4, 1, 2, 0, 4, 2, 1, 4, 3, 4, 2, 3, 0, 2, 1, 3, 3, 4, 1, 1, 4, 1, 2, 0, 4, 1, 2, 3, 1, 1, 1, 1, 1, 4, 0, 1, 1, 2, 1, 1, 4, 0, 3, 3, 4, 1, 4, 2, 4, 1, 1, 2, 2, 2]|[0, 1, 0, 0, 1, 0, 1, 0, 0, 2, 3, 0, 1, 1, 0, 0, 0, 0, 0, 0, 1, 0, 0, 1, 1, 0, 0, 3, 0, 0, 0, 2, 0, 0, 0, 0, 0, 3, 0, 1, 0, 1, 1, 0, 1, 0, 2, 1, 0, 0, 2, 0, 0, 1, 1, 3, 0, 1, 0, 0, 0, 0, 0, 2, 0, 0, 3, 1, 0, 0, 1, 0, 0, 1, 0, 0, 0, 0, 0, 1, 0, 0, 0, 0, 0, 0, 0, 0, 3, 3, 1, 0, 2, 0, 2, 0, 0, 0, 0, 0]
event=864:G2_TEC:action:mode=explore,state=1,draw=0.891790889195377,action=2
event=865:G2_TEC:tournament:reason=action2,left=70,right=40,selected=[66, 68, 55, 92, 86, 48, 24, 89, 70, 13, 60, 50, 93, 15, 25, 52, 1, 59, 76, 67, 65, 88, 77, 75, 28, 26, 35, 36, 94, 95, 41, 6, 7, 0, 17, 33, 46, 58, 32, 79, 54, 71, 53, 29, 56, 8, 49, 39, 34, 14, 37, 72, 38, 23, 40, 98, 44, 27, 47, 80, 30, 63, 83, 69, 57, 11, 5, 82, 61, 16, 45, 51, 42, 3, 90, 81, 91, 21, 87, 19, 18, 9, 62, 22, 99, 64, 10, 2, 31, 43, 73, 85, 84, 12, 74, 20, 78, 96, 97, 4]|[1, 1, 0, 1, 1, 2, 2, 0, 0, 1, 1, 0, 1, 0, 2, 0, 1, 2, 0, 2, 2, 0, 2, 1, 2, 0, 0, 1, 0, 2, 2, 1, 2, 1, 0, 0, 1, 0, 0, 1, 1, 0, 1, 2, 1, 0, 1, 0, 1, 2, 1, 0, 0, 0, 2, 1, 0, 1, 0, 2, 2, 2, 1, 0, 0, 1, 1, 1, 1, 1, 1, 0, 0, 1, 2, 1, 1, 2, 2, 0, 2, 1, 0, 1, 0, 2, 0, 2, 1, 2, 2, 1, 2, 0, 0, 0, 2, 1, 0, 1]|[1, 0, 0, 4, 3, 2, 0, 1, 0, 0, 1, 2, 4, 1, 2, 0, 4, 1, 1, 2, 1, 2, 2, 0, 1, 2, 0, 3, 0, 2, 1, 4, 2, 0, 2, 2, 4, 0, 1, 4, 4, 0, 3, 2, 3, 2, 4, 0, 3, 1, 4, 2, 1, 1, 2, 4, 1, 3, 2, 1, 1, 1, 2, 0, 0, 3, 3, 4, 4, 4, 4, 2, 0, 2, 1, 4, 3, 1, 1, 2, 1, 4, 0, 3, 0, 1, 2, 1, 3, 1, 1, 3, 1, 2, 2, 2, 1, 4, 2, 4]|[0, 2, 0, 0, 1, 0, 0, 0, 0, 2, 3, 0, 1, 1, 0, 0, 0, 0, 1, 0, 0, 0, 0, 2, 1, 0, 0, 3, 0, 0, 0, 2, 1, 0, 1, 1, 2, 1, 0, 2, 3, 0, 1, 0, 1, 1, 0, 0, 1, 1, 2, 0, 0, 0, 0, 3, 1, 1, 1, 0, 0, 0, 3, 0, 0, 0, 0, 1, 2, 1, 1, 0, 0, 3, 0, 1, 3, 0, 0, 1, 0, 2, 0, 1, 0, 0, 0, 0, 3, 0, 0, 3, 0, 0, 0, 0, 0, 1, 0, 2]
event=866:G2_TEC:leader:action=2,fingerprint=[66, 68, 55, 92, 86, 48, 24, 89, 70, 13, 60, 50, 93, 15, 25, 52, 1, 59, 76, 67, 65, 88, 77, 75, 28, 26, 35, 36, 94, 95, 41, 6, 7, 0, 17, 33, 46, 58, 32, 79, 54, 71, 53, 29, 56, 8, 49, 39, 34, 14, 37, 72, 38, 23, 40, 98, 44, 27, 47, 80, 30, 63, 83, 69, 57, 11, 5, 82, 61, 16, 45, 51, 42, 3, 90, 81, 91, 21, 87, 19, 18, 9, 62, 22, 99, 64, 10, 2, 31, 43, 73, 85, 84, 12, 74, 20, 78, 96, 97, 4]|[1, 1, 0, 1, 1, 2, 2, 0, 0, 1, 1, 0, 1, 0, 2, 0, 1, 2, 0, 2, 2, 0, 2, 1, 2, 0, 0, 1, 0, 2, 2, 1, 2, 1, 0, 0, 1, 0, 0, 1, 1, 0, 1, 2, 1, 0, 1, 0, 1, 2, 1, 0, 0, 0, 2, 1, 0, 1, 0, 2, 2, 2, 1, 0, 0, 1, 1, 1, 1, 1, 1, 0, 0, 1, 2, 1, 1, 2, 2, 0, 2, 1, 0, 1, 0, 2, 0, 2, 1, 2, 2, 1, 2, 0, 0, 0, 2, 1, 0, 1]|[1, 0, 0, 4, 3, 2, 0, 1, 0, 0, 1, 2, 4, 1, 2, 0, 4, 1, 1, 2, 1, 2, 2, 0, 1, 2, 0, 3, 0, 2, 1, 4, 2, 0, 2, 2, 4, 0, 1, 4, 4, 0, 3, 2, 3, 2, 4, 0, 3, 1, 4, 2, 1, 1, 2, 4, 1, 3, 2, 1, 1, 1, 2, 0, 0, 3, 3, 4, 4, 4, 4, 2, 0, 2, 1, 4, 3, 1, 1, 2, 1, 4, 0, 3, 0, 1, 2, 1, 3, 1, 1, 3, 1, 2, 2, 2, 1, 4, 2, 4]|[0, 2, 0, 0, 1, 0, 0, 0, 0, 2, 3, 0, 1, 1, 0, 0, 0, 0, 1, 0, 0, 0, 0, 2, 1, 0, 0, 3, 0, 0, 0, 2, 1, 0, 1, 1, 2, 1, 0, 2, 3, 0, 1, 0, 1, 1, 0, 0, 1, 1, 2, 0, 0, 0, 0, 3, 1, 1, 1, 0, 0, 0, 3, 0, 0, 0, 0, 1, 2, 1, 1, 0, 0, 3, 0, 1, 3, 0, 0, 1, 0, 2, 0, 1, 0, 0, 0, 0, 3, 0, 0, 3, 0, 0, 0, 0, 0, 1, 0, 2]
event=867:G3_TWC:action:mode=exploit,state=1,draw=0.04840992440993108,action=1
event=868:G3_TWC:leader:action=1,fingerprint=[66, 68, 55, 92, 86, 48, 24, 89, 70, 13, 60, 50, 93, 15, 25, 52, 1, 59, 76, 67, 65, 17, 77, 75, 28, 26, 35, 36, 94, 95, 41, 6, 7, 0, 79, 33, 46, 58, 32, 88, 54, 71, 53, 29, 56, 8, 49, 39, 34, 14, 37, 72, 38, 23, 40, 98, 69, 27, 47, 80, 73, 63, 83, 44, 57, 11, 5, 82, 61, 16, 45, 51, 42, 3, 90, 81, 91, 21, 87, 19, 18, 9, 62, 22, 99, 64, 10, 2, 31, 43, 30, 85, 84, 20, 74, 78, 12, 4, 96, 97]|[1, 1, 0, 1, 1, 2, 2, 0, 0, 2, 1, 0, 1, 0, 0, 0, 0, 2, 0, 2, 1, 0, 2, 0, 2, 2, 0, 2, 0, 1, 2, 2, 2, 1, 1, 0, 1, 0, 0, 1, 1, 0, 1, 2, 1, 0, 1, 0, 1, 2, 1, 0, 0, 1, 1, 2, 0, 1, 0, 2, 0, 2, 1, 0, 0, 1, 1, 1, 2, 2, 0, 1, 0, 1, 2, 1, 1, 1, 2, 1, 2, 1, 0, 1, 0, 2, 0, 2, 1, 2, 2, 1, 1, 0, 0, 2, 0, 0, 1, 0]|[1, 0, 2, 4, 3, 2, 0, 1, 0, 2, 1, 2, 4, 1, 2, 0, 0, 1, 1, 2, 4, 2, 2, 1, 1, 1, 0, 2, 0, 3, 1, 1, 2, 0, 0, 2, 4, 0, 1, 4, 4, 0, 3, 2, 3, 2, 4, 0, 0, 1, 4, 2, 1, 3, 0, 2, 0, 3, 0, 1, 2, 1, 2, 1, 0, 3, 0, 4, 1, 1, 2, 4, 0, 2, 1, 4, 3, 3, 1, 0, 1, 4, 0, 4, 0, 1, 2, 1, 4, 1, 1, 3, 4, 2, 2, 1, 2, 1, 4, 2]|[0, 2, 0, 0, 1, 0, 0, 0, 0, 0, 3, 0, 1, 1, 0, 0, 0, 0, 1, 0, 1, 0, 0, 1, 1, 1, 0, 0, 0, 3, 0, 0, 1, 0, 0, 1, 2, 1, 0, 0, 3, 0, 1, 0, 1, 1, 0, 0, 3, 1, 2, 0, 0, 1, 0, 0, 0, 1, 0, 0, 1, 0, 3, 1, 0, 0, 0, 1, 0, 0, 1, 2, 0, 3, 0, 1, 3, 1, 0, 3, 0, 2, 0, 2, 0, 0, 1, 0, 1, 0, 0, 3, 1, 0, 0, 0, 0, 1, 1, 1]
event=869:G1_CMAX:update:state=1,action=2,reward=-87.6704335019059,nextState=1,old=-269.2134951915061,new=-303.0412296551108
event=870:G2_TEC:update:state=1,action=2,reward=-1260.6367435605644,nextState=1,old=-1756.4028816473972,new=-1295.6214957643595
event=871:G3_TWC:update:state=1,action=1,reward=-1307.9746378303826,nextState=1,old=-10027.154363617876,new=-9329.698128724684
event=872:G4_BALANCED:update:state=1,action=1,reward=-0.10645469723687834,nextState=1,old=-0.39387529790613895,new=-0.4215549355617895
event=873:G1_CMAX:action:mode=exploit,state=1,draw=0.46062205034503045,action=1
event=874:G1_CMAX:leader:action=1,fingerprint=[49, 8, 56, 29, 54, 32, 38, 58, 46, 33, 71, 79, 0, 7, 6, 41, 95, 36, 35, 26, 28, 75, 77, 65, 67, 42, 59, 1, 52, 74, 55, 15, 94, 93, 50, 60, 13, 70, 89, 24, 48, 86, 25, 68, 66, 53, 76, 34, 14, 37, 72, 88, 23, 40, 98, 69, 27, 47, 80, 73, 63, 83, 44, 57, 11, 5, 82, 61, 16, 45, 51, 3, 90, 81, 91, 21, 87, 19, 18, 9, 62, 22, 99, 64, 10, 39, 2, 31, 43, 92, 30, 85, 84, 20, 17, 78, 96, 4, 12, 97]|[1, 0, 1, 2, 1, 0, 0, 0, 1, 0, 0, 1, 1, 2, 1, 2, 1, 2, 0, 2, 2, 0, 2, 1, 2, 0, 2, 0, 0, 0, 0, 0, 0, 1, 0, 1, 1, 2, 0, 2, 2, 1, 0, 1, 1, 1, 0, 1, 2, 1, 0, 0, 0, 1, 2, 0, 1, 0, 1, 1, 2, 1, 0, 0, 1, 1, 1, 2, 2, 0, 1, 1, 2, 2, 1, 2, 2, 1, 2, 1, 0, 1, 0, 2, 0, 0, 2, 1, 1, 1, 0, 0, 1, 1, 0, 2, 1, 0, 1, 1]|[3, 2, 3, 2, 1, 1, 1, 0, 4, 2, 1, 0, 0, 2, 4, 1, 3, 2, 0, 1, 1, 1, 2, 4, 2, 1, 1, 0, 0, 2, 2, 1, 0, 4, 2, 1, 0, 1, 1, 0, 2, 3, 2, 1, 0, 3, 0, 0, 1, 4, 2, 2, 1, 0, 2, 0, 3, 2, 4, 0, 1, 2, 1, 0, 3, 0, 4, 1, 1, 2, 4, 2, 1, 2, 3, 1, 1, 0, 1, 4, 0, 4, 0, 1, 2, 0, 1, 3, 3, 1, 0, 2, 4, 2, 2, 1, 4, 1, 2, 4]|[0, 1, 1, 0, 3, 0, 0, 1, 2, 1, 0, 0, 0, 1, 2, 0, 3, 0, 0, 1, 1, 1, 0, 1, 0, 1, 0, 0, 0, 0, 0, 1, 0, 1, 0, 3, 2, 0, 0, 0, 0, 1, 0, 0, 2, 1, 0, 3, 1, 2, 0, 1, 0, 0, 0, 0, 1, 1, 2, 0, 0, 3, 1, 0, 0, 0, 1, 0, 0, 1, 2, 3, 0, 1, 3, 0, 0, 3, 0, 2, 0, 0, 0, 0, 1, 0, 0, 3, 3, 0, 0, 0, 1, 2, 0, 0, 1, 1, 2, 0]
event=875:G4_BALANCED:action:mode=exploit,state=1,draw=0.7340474576314917,action=2
event=876:G4_BALANCED:tournament:reason=action2,left=6,right=0,selected=[66, 68, 55, 92, 86, 48, 24, 89, 70, 13, 60, 50, 93, 15, 25, 52, 1, 59, 76, 67, 65, 17, 77, 75, 28, 26, 35, 36, 94, 95, 41, 6, 7, 0, 79, 33, 46, 58, 32, 88, 54, 71, 53, 29, 56, 8, 49, 39, 34, 14, 37, 72, 38, 23, 40, 98, 69, 27, 47, 80, 73, 63, 83, 44, 57, 11, 5, 82, 61, 16, 45, 51, 42, 3, 90, 81, 91, 21, 87, 19, 18, 9, 62, 22, 99, 2, 10, 64, 31, 43, 20, 97, 96, 12, 30, 74, 84, 4, 78, 85]|[1, 1, 0, 1, 2, 2, 2, 0, 0, 2, 1, 0, 1, 0, 2, 0, 0, 2, 0, 2, 1, 0, 2, 0, 2, 0, 0, 2, 0, 1, 2, 1, 2, 1, 1, 0, 1, 0, 0, 0, 1, 0, 1, 2, 1, 0, 1, 0, 1, 2, 1, 0, 0, 0, 1, 2, 0, 1, 0, 0, 1, 2, 1, 0, 0, 1, 1, 1, 2, 2, 1, 1, 0, 1, 2, 0, 1, 2, 2, 1, 2, 1, 0, 1, 2, 1, 0, 2, 1, 1, 1, 0, 1, 1, 2, 0, 0, 0, 2, 1]|[1, 0, 2, 4, 1, 2, 0, 1, 0, 2, 1, 2, 4, 1, 2, 0, 0, 1, 1, 2, 4, 2, 2, 1, 1, 2, 0, 2, 0, 3, 1, 4, 2, 0, 0, 2, 4, 0, 1, 2, 4, 0, 3, 2, 3, 2, 3, 0, 0, 1, 4, 2, 1, 1, 0, 2, 0, 3, 0, 2, 0, 1, 2, 1, 0, 3, 0, 4, 1, 1, 4, 4, 0, 2, 1, 2, 4, 1, 1, 0, 1, 4, 0, 4, 1, 4, 2, 1, 4, 3, 2, 2, 4, 2, 1, 2, 2, 1, 1, 3]|[0, 2, 0, 0, 1, 0, 0, 0, 0, 0, 3, 0, 1, 1, 0, 0, 0, 0, 1, 0, 1, 0, 0, 1, 1, 0, 0, 0, 0, 3, 0, 2, 1, 0, 0, 1, 2, 1, 0, 1, 3, 0, 1, 0, 1, 1, 0, 0, 3, 1, 2, 0, 0, 0, 0, 0, 0, 1, 0, 1, 0, 0, 3, 1, 0, 0, 0, 1, 0, 0, 1, 2, 0, 3, 0, 1, 1, 0, 0, 3, 0, 2, 0, 1, 0, 0, 1, 0, 1, 3, 2, 0, 1, 2, 0, 0, 0, 1, 0, 3]
event=877:G4_BALANCED:leader:action=2,fingerprint=[66, 68, 55, 92, 86, 48, 24, 89, 70, 13, 60, 50, 93, 15, 25, 52, 1, 59, 76, 67, 65, 17, 77, 75, 28, 26, 35, 36, 94, 95, 41, 6, 7, 0, 79, 33, 46, 58, 32, 88, 54, 71, 53, 29, 56, 8, 49, 39, 34, 14, 37, 72, 38, 23, 40, 98, 69, 27, 47, 80, 73, 63, 83, 44, 57, 11, 5, 82, 61, 16, 45, 51, 42, 3, 90, 81, 91, 21, 87, 19, 18, 9, 62, 22, 99, 2, 10, 64, 31, 43, 20, 97, 96, 12, 30, 74, 84, 4, 78, 85]|[1, 1, 0, 1, 2, 2, 2, 0, 0, 2, 1, 0, 1, 0, 2, 0, 0, 2, 0, 2, 1, 0, 2, 0, 2, 0, 0, 2, 0, 1, 2, 1, 2, 1, 1, 0, 1, 0, 0, 0, 1, 0, 1, 2, 1, 0, 1, 0, 1, 2, 1, 0, 0, 0, 1, 2, 0, 1, 0, 0, 1, 2, 1, 0, 0, 1, 1, 1, 2, 2, 1, 1, 0, 1, 2, 0, 1, 2, 2, 1, 2, 1, 0, 1, 2, 1, 0, 2, 1, 1, 1, 0, 1, 1, 2, 0, 0, 0, 2, 1]|[1, 0, 2, 4, 1, 2, 0, 1, 0, 2, 1, 2, 4, 1, 2, 0, 0, 1, 1, 2, 4, 2, 2, 1, 1, 2, 0, 2, 0, 3, 1, 4, 2, 0, 0, 2, 4, 0, 1, 2, 4, 0, 3, 2, 3, 2, 3, 0, 0, 1, 4, 2, 1, 1, 0, 2, 0, 3, 0, 2, 0, 1, 2, 1, 0, 3, 0, 4, 1, 1, 4, 4, 0, 2, 1, 2, 4, 1, 1, 0, 1, 4, 0, 4, 1, 4, 2, 1, 4, 3, 2, 2, 4, 2, 1, 2, 2, 1, 1, 3]|[0, 2, 0, 0, 1, 0, 0, 0, 0, 0, 3, 0, 1, 1, 0, 0, 0, 0, 1, 0, 1, 0, 0, 1, 1, 0, 0, 0, 0, 3, 0, 2, 1, 0, 0, 1, 2, 1, 0, 1, 3, 0, 1, 0, 1, 1, 0, 0, 3, 1, 2, 0, 0, 0, 0, 0, 0, 1, 0, 1, 0, 0, 3, 1, 0, 0, 0, 1, 0, 0, 1, 2, 0, 3, 0, 1, 1, 0, 0, 3, 0, 2, 0, 1, 0, 0, 1, 0, 1, 3, 2, 0, 1, 2, 0, 0, 0, 1, 0, 3]
event=878:G2_TEC:action:mode=exploit,state=1,draw=0.039229613078679226,action=1
event=879:G2_TEC:leader:action=1,fingerprint=[66, 68, 32, 92, 86, 48, 3, 69, 70, 13, 60, 50, 93, 15, 52, 23, 1, 59, 76, 67, 58, 17, 77, 75, 28, 41, 95, 44, 36, 35, 26, 7, 0, 79, 88, 94, 46, 54, 71, 53, 29, 56, 65, 39, 34, 8, 49, 33, 55, 14, 37, 72, 38, 78, 40, 98, 89, 27, 47, 80, 30, 11, 5, 96, 2, 16, 83, 6, 51, 42, 24, 90, 81, 22, 64, 21, 87, 19, 18, 84, 62, 63, 91, 73, 99, 61, 10, 57, 31, 43, 45, 85, 9, 20, 4, 25, 82, 74, 12, 97]|[1, 1, 0, 1, 2, 2, 1, 2, 0, 1, 1, 0, 1, 0, 0, 0, 1, 2, 0, 2, 0, 0, 2, 0, 2, 2, 0, 1, 2, 0, 2, 1, 1, 1, 1, 0, 0, 1, 0, 1, 2, 1, 0, 0, 1, 0, 1, 1, 0, 1, 1, 0, 0, 1, 1, 1, 2, 1, 0, 0, 2, 1, 1, 1, 2, 2, 1, 0, 0, 0, 1, 2, 0, 1, 2, 2, 2, 2, 2, 1, 0, 2, 2, 0, 2, 2, 1, 0, 1, 1, 1, 0, 1, 0, 1, 2, 2, 0, 0, 0]|[4, 4, 1, 4, 1, 2, 4, 2, 1, 0, 4, 0, 4, 1, 0, 0, 4, 1, 1, 1, 0, 2, 2, 1, 2, 1, 0, 3, 1, 0, 1, 4, 4, 0, 0, 0, 2, 4, 1, 3, 2, 3, 0, 0, 3, 2, 4, 1, 2, 0, 4, 2, 1, 4, 3, 4, 2, 3, 0, 2, 1, 3, 3, 4, 1, 1, 4, 1, 2, 0, 4, 1, 2, 3, 1, 1, 1, 1, 1, 4, 0, 1, 1, 2, 1, 1, 4, 0, 3, 3, 4, 1, 4, 2, 4, 1, 1, 2, 2, 2]|[0, 1, 0, 0, 1, 0, 1, 0, 0, 2, 3, 0, 1, 1, 0, 0, 0, 0, 0, 0, 1, 0, 0, 1, 1, 0, 0, 3, 0, 0, 0, 2, 0, 0, 0, 0, 0, 3, 0, 1, 0, 1, 1, 0, 1, 0, 2, 1, 0, 0, 2, 0, 0, 1, 1, 3, 0, 1, 0, 0, 0, 0, 0, 2, 0, 0, 3, 1, 0, 0, 1, 0, 0, 1, 0, 0, 0, 0, 0, 1, 0, 0, 0, 0, 0, 0, 0, 0, 3, 3, 1, 0, 2, 0, 2, 0, 0, 0, 0, 0]
event=880:G3_TWC:action:mode=explore,state=1,draw=0.8114525551847311,action=1
event=881:G3_TWC:leader:action=1,fingerprint=[66, 68, 55, 92, 86, 48, 24, 89, 70, 13, 60, 50, 93, 15, 25, 52, 1, 59, 76, 67, 65, 17, 77, 75, 28, 26, 35, 36, 94, 95, 41, 6, 7, 0, 79, 33, 46, 58, 32, 88, 54, 71, 53, 29, 56, 8, 49, 39, 34, 14, 37, 72, 38, 23, 40, 98, 69, 27, 47, 80, 73, 63, 83, 44, 57, 11, 5, 82, 61, 16, 45, 51, 42, 3, 90, 81, 91, 21, 87, 19, 18, 9, 62, 22, 99, 64, 10, 2, 31, 43, 30, 85, 84, 20, 74, 78, 12, 4, 96, 97]|[1, 1, 0, 1, 1, 2, 2, 0, 0, 2, 1, 0, 1, 0, 0, 0, 0, 2, 0, 2, 1, 0, 2, 0, 2, 2, 0, 2, 0, 1, 2, 2, 2, 1, 1, 0, 1, 0, 0, 1, 1, 0, 1, 2, 1, 0, 1, 0, 1, 2, 1, 0, 0, 1, 1, 2, 0, 1, 0, 2, 0, 2, 1, 0, 0, 1, 1, 1, 2, 2, 0, 1, 0, 1, 2, 1, 1, 1, 2, 1, 2, 1, 0, 1, 0, 2, 0, 2, 1, 2, 2, 1, 1, 0, 0, 2, 0, 0, 1, 0]|[1, 0, 2, 4, 3, 2, 0, 1, 0, 2, 1, 2, 4, 1, 2, 0, 0, 1, 1, 2, 4, 2, 2, 1, 1, 1, 0, 2, 0, 3, 1, 1, 2, 0, 0, 2, 4, 0, 1, 4, 4, 0, 3, 2, 3, 2, 4, 0, 0, 1, 4, 2, 1, 3, 0, 2, 0, 3, 0, 1, 2, 1, 2, 1, 0, 3, 0, 4, 1, 1, 2, 4, 0, 2, 1, 4, 3, 3, 1, 0, 1, 4, 0, 4, 0, 1, 2, 1, 4, 1, 1, 3, 4, 2, 2, 1, 2, 1, 4, 2]|[0, 2, 0, 0, 1, 0, 0, 0, 0, 0, 3, 0, 1, 1, 0, 0, 0, 0, 1, 0, 1, 0, 0, 1, 1, 1, 0, 0, 0, 3, 0, 0, 1, 0, 0, 1, 2, 1, 0, 0, 3, 0, 1, 0, 1, 1, 0, 0, 3, 1, 2, 0, 0, 1, 0, 0, 0, 1, 0, 0, 1, 0, 3, 1, 0, 0, 0, 1, 0, 0, 1, 2, 0, 3, 0, 1, 3, 1, 0, 3, 0, 2, 0, 2, 0, 0, 1, 0, 1, 0, 0, 3, 1, 0, 0, 0, 0, 1, 1, 1]
event=882:G1_CMAX:update:state=1,action=1,reward=-91.77318188515846,nextState=1,old=-291.3813631935975,new=-324.8782724400365
event=883:G2_TEC:update:state=1,action=1,reward=123.73660510338959,nextState=0,old=-43.73094025474387,new=112.78374281592667
event=884:G3_TWC:update:state=1,action=1,reward=-2528.4608888035,nextState=1,old=-9329.698128724684,new=-9992.219391783248
event=885:G4_BALANCED:update:state=1,action=2,reward=-0.08434393145110324,nextState=1,old=-0.39935069914450927,new=-0.4038244907667107
event=886:G1_CMAX:action:mode=explore,state=1,draw=0.9443079084412951,action=0
event=887:G1_CMAX:leader:action=0,fingerprint=[49, 8, 56, 29, 54, 32, 38, 58, 46, 33, 71, 79, 0, 7, 6, 41, 95, 36, 35, 26, 28, 75, 77, 65, 67, 42, 59, 1, 52, 74, 55, 15, 94, 93, 50, 60, 13, 70, 89, 24, 48, 86, 25, 68, 66, 53, 76, 34, 14, 37, 72, 88, 23, 40, 98, 69, 27, 47, 80, 73, 63, 83, 44, 57, 11, 5, 82, 61, 16, 45, 51, 3, 90, 81, 91, 21, 87, 19, 18, 9, 62, 22, 99, 64, 10, 39, 2, 31, 43, 92, 30, 85, 84, 20, 17, 78, 96, 4, 12, 97]|[1, 0, 1, 2, 1, 0, 0, 0, 1, 0, 0, 1, 1, 2, 1, 2, 1, 2, 0, 2, 2, 0, 2, 1, 2, 0, 2, 0, 0, 0, 0, 0, 0, 1, 0, 1, 1, 2, 0, 2, 2, 1, 0, 1, 1, 1, 0, 1, 2, 1, 0, 0, 0, 1, 2, 0, 1, 0, 1, 1, 2, 1, 0, 0, 1, 1, 1, 2, 2, 0, 1, 1, 2, 2, 1, 2, 2, 1, 2, 1, 0, 1, 0, 2, 0, 0, 2, 1, 1, 1, 0, 0, 1, 1, 0, 2, 1, 0, 1, 1]|[3, 2, 3, 2, 1, 1, 1, 0, 4, 2, 1, 0, 0, 2, 4, 1, 3, 2, 0, 1, 1, 1, 2, 4, 2, 1, 1, 0, 0, 2, 2, 1, 0, 4, 2, 1, 0, 1, 1, 0, 2, 3, 2, 1, 0, 3, 0, 0, 1, 4, 2, 2, 1, 0, 2, 0, 3, 2, 4, 0, 1, 2, 1, 0, 3, 0, 4, 1, 1, 2, 4, 2, 1, 2, 3, 1, 1, 0, 1, 4, 0, 4, 0, 1, 2, 0, 1, 3, 3, 1, 0, 2, 4, 2, 2, 1, 4, 1, 2, 4]|[0, 1, 1, 0, 3, 0, 0, 1, 2, 1, 0, 0, 0, 1, 2, 0, 3, 0, 0, 1, 1, 1, 0, 1, 0, 1, 0, 0, 0, 0, 0, 1, 0, 1, 0, 3, 2, 0, 0, 0, 0, 1, 0, 0, 2, 1, 0, 3, 1, 2, 0, 1, 0, 0, 0, 0, 1, 1, 2, 0, 0, 3, 1, 0, 0, 0, 1, 0, 0, 1, 2, 3, 0, 1, 3, 0, 0, 3, 0, 2, 0, 0, 0, 0, 1, 0, 0, 3, 3, 0, 0, 0, 1, 2, 0, 0, 1, 1, 2, 0]
event=888:G4_BALANCED:action:mode=exploit,state=1,draw=0.44895987657212366,action=2
event=889:G4_BALANCED:tournament:reason=action2,left=59,right=31,selected=[66, 68, 55, 92, 86, 48, 24, 89, 70, 13, 60, 50, 93, 15, 25, 52, 1, 59, 65, 67, 63, 17, 77, 75, 28, 26, 35, 36, 94, 95, 41, 6, 7, 0, 79, 33, 46, 58, 32, 19, 54, 71, 53, 29, 56, 8, 49, 39, 16, 14, 37, 72, 38, 23, 40, 98, 69, 27, 47, 80, 99, 76, 83, 44, 57, 11, 5, 82, 61, 34, 45, 51, 42, 3, 90, 81, 91, 21, 87, 88, 18, 9, 62, 22, 73, 64, 10, 2, 31, 43, 30, 85, 96, 20, 12, 78, 84, 74, 97, 4]|[1, 2, 0, 1, 1, 2, 2, 2, 0, 1, 1, 0, 1, 0, 0, 0, 1, 2, 1, 2, 2, 0, 2, 0, 2, 0, 0, 2, 0, 1, 2, 1, 2, 1, 1, 0, 1, 0, 0, 1, 1, 0, 1, 2, 1, 0, 1, 0, 2, 2, 1, 0, 0, 0, 1, 2, 2, 1, 0, 1, 0, 1, 1, 0, 0, 1, 1, 1, 0, 2, 0, 1, 0, 1, 2, 1, 1, 2, 2, 0, 2, 1, 0, 1, 2, 2, 0, 2, 1, 1, 0, 1, 1, 0, 0, 2, 1, 0, 0, 0]|[1, 2, 2, 4, 3, 2, 1, 1, 0, 0, 1, 2, 4, 1, 2, 0, 4, 1, 4, 2, 1, 2, 2, 1, 1, 2, 0, 2, 0, 3, 1, 4, 2, 0, 0, 2, 4, 0, 1, 0, 4, 0, 3, 2, 3, 2, 3, 0, 1, 1, 4, 2, 1, 1, 0, 2, 2, 3, 2, 4, 0, 3, 2, 1, 0, 3, 0, 4, 1, 1, 2, 4, 0, 2, 1, 4, 3, 1, 1, 2, 1, 4, 0, 3, 1, 1, 2, 1, 3, 3, 0, 3, 4, 2, 2, 1, 4, 2, 2, 1]|[0, 0, 0, 0, 1, 0, 0, 0, 0, 2, 3, 0, 1, 1, 0, 0, 0, 0, 1, 0, 0, 0, 0, 1, 1, 0, 0, 0, 0, 3, 0, 2, 1, 0, 0, 1, 2, 1, 0, 3, 3, 0, 1, 0, 1, 1, 0, 0, 0, 1, 2, 0, 0, 0, 0, 0, 0, 1, 1, 2, 0, 1, 3, 1, 0, 0, 0, 1, 0, 0, 1, 2, 0, 3, 0, 1, 3, 0, 0, 1, 0, 2, 0, 1, 0, 0, 1, 0, 3, 3, 0, 3, 1, 0, 0, 0, 1, 0, 0, 1]
event=890:G4_BALANCED:leader:action=2,fingerprint=[66, 68, 55, 92, 86, 48, 24, 89, 70, 13, 60, 50, 93, 15, 25, 52, 1, 59, 65, 67, 63, 17, 77, 75, 28, 26, 35, 36, 94, 95, 41, 6, 7, 0, 79, 33, 46, 58, 32, 19, 54, 71, 53, 29, 56, 8, 49, 39, 16, 14, 37, 72, 38, 23, 40, 98, 69, 27, 47, 80, 99, 76, 83, 44, 57, 11, 5, 82, 61, 34, 45, 51, 42, 3, 90, 81, 91, 21, 87, 88, 18, 9, 62, 22, 73, 64, 10, 2, 31, 43, 30, 85, 96, 20, 12, 78, 84, 74, 97, 4]|[1, 2, 0, 1, 1, 2, 2, 2, 0, 1, 1, 0, 1, 0, 0, 0, 1, 2, 1, 2, 2, 0, 2, 0, 2, 0, 0, 2, 0, 1, 2, 1, 2, 1, 1, 0, 1, 0, 0, 1, 1, 0, 1, 2, 1, 0, 1, 0, 2, 2, 1, 0, 0, 0, 1, 2, 2, 1, 0, 1, 0, 1, 1, 0, 0, 1, 1, 1, 0, 2, 0, 1, 0, 1, 2, 1, 1, 2, 2, 0, 2, 1, 0, 1, 2, 2, 0, 2, 1, 1, 0, 1, 1, 0, 0, 2, 1, 0, 0, 0]|[1, 2, 2, 4, 3, 2, 1, 1, 0, 0, 1, 2, 4, 1, 2, 0, 4, 1, 4, 2, 1, 2, 2, 1, 1, 2, 0, 2, 0, 3, 1, 4, 2, 0, 0, 2, 4, 0, 1, 0, 4, 0, 3, 2, 3, 2, 3, 0, 1, 1, 4, 2, 1, 1, 0, 2, 2, 3, 2, 4, 0, 3, 2, 1, 0, 3, 0, 4, 1, 1, 2, 4, 0, 2, 1, 4, 3, 1, 1, 2, 1, 4, 0, 3, 1, 1, 2, 1, 3, 3, 0, 3, 4, 2, 2, 1, 4, 2, 2, 1]|[0, 0, 0, 0, 1, 0, 0, 0, 0, 2, 3, 0, 1, 1, 0, 0, 0, 0, 1, 0, 0, 0, 0, 1, 1, 0, 0, 0, 0, 3, 0, 2, 1, 0, 0, 1, 2, 1, 0, 3, 3, 0, 1, 0, 1, 1, 0, 0, 0, 1, 2, 0, 0, 0, 0, 0, 0, 1, 1, 2, 0, 1, 3, 1, 0, 0, 0, 1, 0, 0, 1, 2, 0, 3, 0, 1, 3, 0, 0, 1, 0, 2, 0, 1, 0, 0, 1, 0, 3, 3, 0, 3, 1, 0, 0, 0, 1, 0, 0, 1]
event=891:G2_TEC:action:mode=exploit,state=0,draw=0.2050919207060372,action=1
event=892:G2_TEC:leader:action=1,fingerprint=[66, 68, 32, 92, 86, 48, 3, 69, 70, 13, 60, 50, 93, 15, 52, 23, 1, 59, 76, 67, 58, 17, 77, 75, 28, 41, 95, 44, 36, 35, 26, 7, 0, 79, 88, 94, 46, 54, 71, 53, 29, 56, 65, 39, 34, 8, 49, 33, 55, 14, 37, 72, 38, 78, 40, 98, 89, 27, 47, 80, 30, 11, 5, 96, 2, 16, 83, 6, 51, 42, 24, 90, 81, 22, 64, 21, 87, 19, 18, 84, 62, 63, 91, 73, 99, 61, 10, 57, 31, 43, 45, 85, 9, 20, 4, 25, 82, 74, 12, 97]|[1, 1, 0, 1, 2, 2, 1, 2, 0, 1, 1, 0, 1, 0, 0, 0, 1, 2, 0, 2, 0, 0, 2, 0, 2, 2, 0, 1, 2, 0, 2, 1, 1, 1, 1, 0, 0, 1, 0, 1, 2, 1, 0, 0, 1, 0, 1, 1, 0, 1, 1, 0, 0, 1, 1, 1, 2, 1, 0, 0, 2, 1, 1, 1, 2, 2, 1, 0, 0, 0, 1, 2, 0, 1, 2, 2, 2, 2, 2, 1, 0, 2, 2, 0, 2, 2, 1, 0, 1, 1, 1, 0, 1, 0, 1, 2, 2, 0, 0, 0]|[4, 4, 1, 4, 1, 2, 4, 2, 1, 0, 4, 0, 4, 1, 0, 0, 4, 1, 1, 1, 0, 2, 2, 1, 2, 1, 0, 3, 1, 0, 1, 4, 4, 0, 0, 0, 2, 4, 1, 3, 2, 3, 0, 0, 3, 2, 4, 1, 2, 0, 4, 2, 1, 4, 3, 4, 2, 3, 0, 2, 1, 3, 3, 4, 1, 1, 4, 1, 2, 0, 4, 1, 2, 3, 1, 1, 1, 1, 1, 4, 0, 1, 1, 2, 1, 1, 4, 0, 3, 3, 4, 1, 4, 2, 4, 1, 1, 2, 2, 2]|[0, 1, 0, 0, 1, 0, 1, 0, 0, 2, 3, 0, 1, 1, 0, 0, 0, 0, 0, 0, 1, 0, 0, 1, 1, 0, 0, 3, 0, 0, 0, 2, 0, 0, 0, 0, 0, 3, 0, 1, 0, 1, 1, 0, 1, 0, 2, 1, 0, 0, 2, 0, 0, 1, 1, 3, 0, 1, 0, 0, 0, 0, 0, 2, 0, 0, 3, 1, 0, 0, 1, 0, 0, 1, 0, 0, 0, 0, 0, 1, 0, 0, 0, 0, 0, 0, 0, 0, 3, 3, 1, 0, 2, 0, 2, 0, 0, 0, 0, 0]
event=893:G3_TWC:action:mode=exploit,state=1,draw=0.10196326462383132,action=1
event=894:G3_TWC:leader:action=1,fingerprint=[66, 68, 55, 92, 86, 48, 24, 89, 70, 13, 60, 50, 93, 15, 25, 52, 1, 59, 76, 67, 65, 17, 77, 75, 28, 26, 35, 36, 94, 95, 41, 6, 7, 0, 79, 33, 46, 58, 32, 88, 54, 71, 53, 29, 56, 8, 49, 39, 34, 14, 37, 72, 38, 23, 40, 98, 69, 27, 47, 80, 73, 63, 83, 44, 57, 11, 5, 82, 61, 16, 45, 51, 42, 3, 90, 81, 91, 21, 87, 19, 18, 9, 62, 22, 99, 64, 10, 2, 31, 43, 30, 85, 84, 20, 74, 78, 12, 4, 96, 97]|[1, 1, 0, 1, 1, 2, 2, 0, 0, 2, 1, 0, 1, 0, 0, 0, 0, 2, 0, 2, 1, 0, 2, 0, 2, 2, 0, 2, 0, 1, 2, 2, 2, 1, 1, 0, 1, 0, 0, 1, 1, 0, 1, 2, 1, 0, 1, 0, 1, 2, 1, 0, 0, 1, 1, 2, 0, 1, 0, 2, 0, 2, 1, 0, 0, 1, 1, 1, 2, 2, 0, 1, 0, 1, 2, 1, 1, 1, 2, 1, 2, 1, 0, 1, 0, 2, 0, 2, 1, 2, 2, 1, 1, 0, 0, 2, 0, 0, 1, 0]|[1, 0, 2, 4, 3, 2, 0, 1, 0, 2, 1, 2, 4, 1, 2, 0, 0, 1, 1, 2, 4, 2, 2, 1, 1, 1, 0, 2, 0, 3, 1, 1, 2, 0, 0, 2, 4, 0, 1, 4, 4, 0, 3, 2, 3, 2, 4, 0, 0, 1, 4, 2, 1, 3, 0, 2, 0, 3, 0, 1, 2, 1, 2, 1, 0, 3, 0, 4, 1, 1, 2, 4, 0, 2, 1, 4, 3, 3, 1, 0, 1, 4, 0, 4, 0, 1, 2, 1, 4, 1, 1, 3, 4, 2, 2, 1, 2, 1, 4, 2]|[0, 2, 0, 0, 1, 0, 0, 0, 0, 0, 3, 0, 1, 1, 0, 0, 0, 0, 1, 0, 1, 0, 0, 1, 1, 1, 0, 0, 0, 3, 0, 0, 1, 0, 0, 1, 2, 1, 0, 0, 3, 0, 1, 0, 1, 1, 0, 0, 3, 1, 2, 0, 0, 1, 0, 0, 0, 1, 0, 0, 1, 0, 3, 1, 0, 0, 0, 1, 0, 0, 1, 2, 0, 3, 0, 1, 3, 1, 0, 3, 0, 2, 0, 2, 0, 0, 1, 0, 1, 0, 0, 3, 1, 0, 0, 0, 0, 1, 1, 1]
event=895:G1_CMAX:update:state=1,action=0,reward=-102.7495546909164,nextState=1,old=-345.1876384332525,new=-345.18253841500507
event=896:G2_TEC:update:state=0,action=1,reward=72.43036510411912,nextState=0,old=-13.69107785932865,new=61.477502816656205
event=897:G3_TWC:update:state=1,action=1,reward=-489.0667268658435,nextState=1,old=-9992.219391783248,new=-8482.842240292443
event=898:G4_BALANCED:update:state=1,action=2,reward=-0.05547007124790109,nextState=1,old=-0.4038244907667107,new=-0.3785296638612697
event=899:G1_CMAX:action:mode=exploit,state=1,draw=0.5499737871132377,action=2
event=900:G1_CMAX:tournament:reason=action2,left=61,right=21,selected=[66, 68, 92, 86, 48, 89, 13, 50, 93, 15, 25, 17, 28, 75, 77, 65, 67, 24, 76, 59, 26, 35, 36, 94, 95, 41, 6, 90, 0, 79, 33, 46, 60, 58, 32, 88, 54, 57, 53, 29, 56, 4, 49, 39, 34, 14, 37, 72, 23, 40, 98, 69, 27, 47, 80, 12, 63, 83, 44, 71, 11, 5, 82, 61, 16, 45, 42, 3, 7, 81, 91, 21, 87, 19, 18, 9, 62, 22, 99, 64, 10, 2, 70, 31, 43, 30, 85, 1, 96, 78, 74, 20, 84, 51, 8, 73, 38, 52, 55, 97]|[1, 1, 1, 1, 2, 0, 1, 0, 1, 0, 0, 0, 2, 0, 2, 1, 2, 2, 2, 2, 2, 0, 2, 0, 1, 2, 1, 2, 1, 1, 0, 1, 1, 0, 0, 1, 1, 0, 1, 2, 1, 0, 1, 0, 1, 2, 1, 0, 0, 1, 2, 0, 1, 0, 2, 1, 2, 1, 0, 0, 1, 1, 1, 0, 2, 1, 0, 1, 2, 0, 1, 2, 2, 1, 2, 1, 0, 1, 2, 2, 0, 2, 2, 1, 1, 0, 0, 0, 1, 0, 0, 1, 1, 1, 0, 1, 0, 0, 0, 0]|[1, 0, 1, 3, 2, 1, 0, 2, 4, 1, 2, 2, 1, 1, 2, 4, 2, 0, 1, 1, 1, 0, 2, 0, 3, 1, 4, 1, 0, 0, 2, 4, 1, 0, 1, 4, 4, 0, 3, 2, 3, 1, 3, 0, 0, 1, 4, 2, 1, 0, 2, 0, 3, 2, 1, 2, 1, 2, 1, 0, 3, 0, 4, 1, 1, 4, 0, 2, 2, 2, 3, 1, 1, 0, 1, 4, 0, 4, 1, 1, 2, 1, 1, 3, 3, 0, 2, 1, 4, 1, 2, 2, 4, 4, 2, 0, 1, 1, 1, 2]|[2, 0, 0, 1, 0, 0, 2, 0, 1, 1, 0, 0, 1, 1, 0, 1, 0, 0, 1, 0, 1, 0, 0, 0, 3, 0, 2, 0, 0, 0, 1, 2, 3, 1, 0, 0, 3, 0, 1, 0, 1, 1, 0, 0, 3, 1, 2, 0, 0, 0, 0, 0, 1, 1, 0, 2, 0, 3, 1, 0, 0, 0, 1, 0, 0, 1, 0, 3, 1, 1, 3, 0, 0, 3, 0, 2, 0, 0, 0, 0, 1, 0, 0, 3, 3, 0, 0, 0, 1, 0, 0, 2, 1, 2, 1, 0, 0, 0, 0, 1]
event=901:G1_CMAX:leader:action=2,fingerprint=[66, 68, 92, 86, 48, 89, 13, 50, 93, 15, 25, 17, 28, 75, 77, 65, 67, 24, 76, 59, 26, 35, 36, 94, 95, 41, 6, 90, 0, 79, 33, 46, 60, 58, 32, 88, 54, 57, 53, 29, 56, 4, 49, 39, 34, 14, 37, 72, 23, 40, 98, 69, 27, 47, 80, 12, 63, 83, 44, 71, 11, 5, 82, 61, 16, 45, 42, 3, 7, 81, 91, 21, 87, 19, 18, 9, 62, 22, 99, 64, 10, 2, 70, 31, 43, 30, 85, 1, 96, 78, 74, 20, 84, 51, 8, 73, 38, 52, 55, 97]|[1, 1, 1, 1, 2, 0, 1, 0, 1, 0, 0, 0, 2, 0, 2, 1, 2, 2, 2, 2, 2, 0, 2, 0, 1, 2, 1, 2, 1, 1, 0, 1, 1, 0, 0, 1, 1, 0, 1, 2, 1, 0, 1, 0, 1, 2, 1, 0, 0, 1, 2, 0, 1, 0, 2, 1, 2, 1, 0, 0, 1, 1, 1, 0, 2, 1, 0, 1, 2, 0, 1, 2, 2, 1, 2, 1, 0, 1, 2, 2, 0, 2, 2, 1, 1, 0, 0, 0, 1, 0, 0, 1, 1, 1, 0, 1, 0, 0, 0, 0]|[1, 0, 1, 3, 2, 1, 0, 2, 4, 1, 2, 2, 1, 1, 2, 4, 2, 0, 1, 1, 1, 0, 2, 0, 3, 1, 4, 1, 0, 0, 2, 4, 1, 0, 1, 4, 4, 0, 3, 2, 3, 1, 3, 0, 0, 1, 4, 2, 1, 0, 2, 0, 3, 2, 1, 2, 1, 2, 1, 0, 3, 0, 4, 1, 1, 4, 0, 2, 2, 2, 3, 1, 1, 0, 1, 4, 0, 4, 1, 1, 2, 1, 1, 3, 3, 0, 2, 1, 4, 1, 2, 2, 4, 4, 2, 0, 1, 1, 1, 2]|[2, 0, 0, 1, 0, 0, 2, 0, 1, 1, 0, 0, 1, 1, 0, 1, 0, 0, 1, 0, 1, 0, 0, 0, 3, 0, 2, 0, 0, 0, 1, 2, 3, 1, 0, 0, 3, 0, 1, 0, 1, 1, 0, 0, 3, 1, 2, 0, 0, 0, 0, 0, 1, 1, 0, 2, 0, 3, 1, 0, 0, 0, 1, 0, 0, 1, 0, 3, 1, 1, 3, 0, 0, 3, 0, 2, 0, 0, 0, 0, 1, 0, 0, 3, 3, 0, 0, 0, 1, 0, 0, 2, 1, 2, 1, 0, 0, 0, 0, 1]
event=902:G4_BALANCED:action:mode=explore,state=1,draw=0.9594259091096792,action=2
event=903:G4_BALANCED:tournament:reason=action2,left=63,right=26,selected=[49, 8, 56, 29, 54, 32, 38, 58, 46, 33, 71, 79, 0, 7, 6, 41, 95, 36, 35, 26, 28, 75, 77, 65, 67, 42, 59, 1, 52, 74, 55, 15, 94, 93, 50, 60, 13, 70, 89, 24, 48, 86, 25, 68, 66, 53, 76, 34, 14, 37, 72, 88, 23, 40, 98, 69, 27, 47, 80, 73, 63, 83, 44, 57, 11, 5, 82, 61, 16, 45, 51, 3, 90, 81, 91, 21, 87, 19, 18, 9, 62, 22, 99, 64, 10, 39, 2, 31, 43, 92, 30, 85, 84, 20, 17, 78, 96, 4, 12, 97]|[1, 0, 1, 2, 1, 0, 0, 0, 1, 0, 0, 1, 1, 2, 1, 2, 1, 2, 0, 2, 2, 0, 2, 1, 2, 0, 2, 0, 0, 0, 0, 0, 0, 1, 0, 1, 1, 2, 0, 2, 2, 1, 0, 1, 1, 1, 0, 1, 2, 1, 0, 0, 0, 1, 2, 0, 1, 0, 1, 1, 2, 1, 0, 0, 1, 1, 1, 2, 2, 0, 1, 1, 2, 2, 1, 2, 2, 1, 2, 1, 0, 1, 0, 2, 0, 0, 2, 1, 1, 1, 0, 0, 1, 1, 0, 2, 1, 0, 1, 1]|[3, 2, 3, 2, 1, 1, 1, 0, 4, 2, 1, 0, 0, 2, 4, 1, 3, 2, 0, 1, 1, 1, 2, 4, 2, 1, 1, 0, 0, 2, 2, 1, 0, 4, 2, 1, 0, 1, 1, 0, 2, 3, 2, 1, 0, 3, 0, 0, 1, 4, 2, 2, 1, 0, 2, 0, 3, 2, 4, 0, 1, 2, 1, 0, 3, 0, 4, 1, 1, 2, 4, 2, 1, 2, 3, 1, 1, 0, 1, 4, 0, 4, 0, 1, 2, 0, 1, 3, 3, 1, 0, 2, 4, 2, 2, 1, 4, 1, 2, 4]|[0, 1, 1, 0, 3, 0, 0, 1, 2, 1, 0, 0, 0, 1, 2, 0, 3, 0, 0, 1, 1, 1, 0, 1, 0, 1, 0, 0, 0, 0, 0, 1, 0, 1, 0, 3, 2, 0, 0, 0, 0, 1, 0, 0, 2, 1, 0, 3, 1, 2, 0, 1, 0, 0, 0, 0, 1, 1, 2, 0, 0, 3, 1, 0, 0, 0, 1, 0, 0, 1, 2, 3, 0, 1, 3, 0, 0, 3, 0, 2, 0, 0, 0, 0, 1, 0, 0, 3, 3, 0, 0, 0, 1, 2, 0, 0, 1, 1, 2, 0]
event=904:G4_BALANCED:leader:action=2,fingerprint=[49, 8, 56, 29, 54, 32, 38, 58, 46, 33, 71, 79, 0, 7, 6, 41, 95, 36, 35, 26, 28, 75, 77, 65, 67, 42, 59, 1, 52, 74, 55, 15, 94, 93, 50, 60, 13, 70, 89, 24, 48, 86, 25, 68, 66, 53, 76, 34, 14, 37, 72, 88, 23, 40, 98, 69, 27, 47, 80, 73, 63, 83, 44, 57, 11, 5, 82, 61, 16, 45, 51, 3, 90, 81, 91, 21, 87, 19, 18, 9, 62, 22, 99, 64, 10, 39, 2, 31, 43, 92, 30, 85, 84, 20, 17, 78, 96, 4, 12, 97]|[1, 0, 1, 2, 1, 0, 0, 0, 1, 0, 0, 1, 1, 2, 1, 2, 1, 2, 0, 2, 2, 0, 2, 1, 2, 0, 2, 0, 0, 0, 0, 0, 0, 1, 0, 1, 1, 2, 0, 2, 2, 1, 0, 1, 1, 1, 0, 1, 2, 1, 0, 0, 0, 1, 2, 0, 1, 0, 1, 1, 2, 1, 0, 0, 1, 1, 1, 2, 2, 0, 1, 1, 2, 2, 1, 2, 2, 1, 2, 1, 0, 1, 0, 2, 0, 0, 2, 1, 1, 1, 0, 0, 1, 1, 0, 2, 1, 0, 1, 1]|[3, 2, 3, 2, 1, 1, 1, 0, 4, 2, 1, 0, 0, 2, 4, 1, 3, 2, 0, 1, 1, 1, 2, 4, 2, 1, 1, 0, 0, 2, 2, 1, 0, 4, 2, 1, 0, 1, 1, 0, 2, 3, 2, 1, 0, 3, 0, 0, 1, 4, 2, 2, 1, 0, 2, 0, 3, 2, 4, 0, 1, 2, 1, 0, 3, 0, 4, 1, 1, 2, 4, 2, 1, 2, 3, 1, 1, 0, 1, 4, 0, 4, 0, 1, 2, 0, 1, 3, 3, 1, 0, 2, 4, 2, 2, 1, 4, 1, 2, 4]|[0, 1, 1, 0, 3, 0, 0, 1, 2, 1, 0, 0, 0, 1, 2, 0, 3, 0, 0, 1, 1, 1, 0, 1, 0, 1, 0, 0, 0, 0, 0, 1, 0, 1, 0, 3, 2, 0, 0, 0, 0, 1, 0, 0, 2, 1, 0, 3, 1, 2, 0, 1, 0, 0, 0, 0, 1, 1, 2, 0, 0, 3, 1, 0, 0, 0, 1, 0, 0, 1, 2, 3, 0, 1, 3, 0, 0, 3, 0, 2, 0, 0, 0, 0, 1, 0, 0, 3, 3, 0, 0, 0, 1, 2, 0, 0, 1, 1, 2, 0]
event=905:G2_TEC:action:mode=exploit,state=0,draw=0.061633368295125224,action=1
event=906:G2_TEC:leader:action=1,fingerprint=[66, 68, 32, 92, 86, 48, 3, 69, 70, 13, 60, 50, 93, 15, 52, 23, 1, 59, 76, 67, 58, 17, 77, 75, 28, 41, 95, 44, 36, 35, 26, 7, 0, 79, 88, 94, 46, 54, 71, 53, 29, 56, 65, 39, 34, 8, 49, 33, 55, 14, 37, 72, 38, 78, 40, 98, 89, 27, 47, 80, 30, 11, 5, 96, 2, 16, 83, 6, 51, 42, 24, 90, 81, 22, 64, 21, 87, 19, 18, 84, 62, 63, 91, 73, 99, 61, 10, 57, 31, 43, 45, 85, 9, 20, 4, 25, 82, 74, 12, 97]|[1, 1, 0, 1, 2, 2, 1, 2, 0, 1, 1, 0, 1, 0, 0, 0, 1, 2, 0, 2, 0, 0, 2, 0, 2, 2, 0, 1, 2, 0, 2, 1, 1, 1, 1, 0, 0, 1, 0, 1, 2, 1, 0, 0, 1, 0, 1, 1, 0, 1, 1, 0, 0, 1, 1, 1, 2, 1, 0, 0, 2, 1, 1, 1, 2, 2, 1, 0, 0, 0, 1, 2, 0, 1, 2, 2, 2, 2, 2, 1, 0, 2, 2, 0, 2, 2, 1, 0, 1, 1, 1, 0, 1, 0, 1, 2, 2, 0, 0, 0]|[4, 4, 1, 4, 1, 2, 4, 2, 1, 0, 4, 0, 4, 1, 0, 0, 4, 1, 1, 1, 0, 2, 2, 1, 2, 1, 0, 3, 1, 0, 1, 4, 4, 0, 0, 0, 2, 4, 1, 3, 2, 3, 0, 0, 3, 2, 4, 1, 2, 0, 4, 2, 1, 4, 3, 4, 2, 3, 0, 2, 1, 3, 3, 4, 1, 1, 4, 1, 2, 0, 4, 1, 2, 3, 1, 1, 1, 1, 1, 4, 0, 1, 1, 2, 1, 1, 4, 0, 3, 3, 4, 1, 4, 2, 4, 1, 1, 2, 2, 2]|[0, 1, 0, 0, 1, 0, 1, 0, 0, 2, 3, 0, 1, 1, 0, 0, 0, 0, 0, 0, 1, 0, 0, 1, 1, 0, 0, 3, 0, 0, 0, 2, 0, 0, 0, 0, 0, 3, 0, 1, 0, 1, 1, 0, 1, 0, 2, 1, 0, 0, 2, 0, 0, 1, 1, 3, 0, 1, 0, 0, 0, 0, 0, 2, 0, 0, 3, 1, 0, 0, 1, 0, 0, 1, 0, 0, 0, 0, 0, 1, 0, 0, 0, 0, 0, 0, 0, 0, 3, 3, 1, 0, 2, 0, 2, 0, 0, 0, 0, 0]
event=907:G3_TWC:action:mode=explore,state=1,draw=0.8360979654482712,action=1
event=908:G3_TWC:leader:action=1,fingerprint=[66, 68, 55, 92, 86, 48, 24, 89, 70, 13, 60, 50, 93, 15, 25, 52, 1, 59, 76, 67, 65, 17, 77, 75, 28, 26, 35, 36, 94, 95, 41, 6, 7, 0, 79, 33, 46, 58, 32, 88, 54, 71, 53, 29, 56, 8, 49, 39, 34, 14, 37, 72, 38, 23, 40, 98, 69, 27, 47, 80, 73, 63, 83, 44, 57, 11, 5, 82, 61, 16, 45, 51, 42, 3, 90, 81, 91, 21, 87, 19, 18, 9, 62, 22, 99, 64, 10, 2, 31, 43, 30, 85, 84, 20, 74, 78, 12, 4, 96, 97]|[1, 1, 0, 1, 1, 2, 2, 0, 0, 2, 1, 0, 1, 0, 0, 0, 0, 2, 0, 2, 1, 0, 2, 0, 2, 2, 0, 2, 0, 1, 2, 2, 2, 1, 1, 0, 1, 0, 0, 1, 1, 0, 1, 2, 1, 0, 1, 0, 1, 2, 1, 0, 0, 1, 1, 2, 0, 1, 0, 2, 0, 2, 1, 0, 0, 1, 1, 1, 2, 2, 0, 1, 0, 1, 2, 1, 1, 1, 2, 1, 2, 1, 0, 1, 0, 2, 0, 2, 1, 2, 2, 1, 1, 0, 0, 2, 0, 0, 1, 0]|[1, 0, 2, 4, 3, 2, 0, 1, 0, 2, 1, 2, 4, 1, 2, 0, 0, 1, 1, 2, 4, 2, 2, 1, 1, 1, 0, 2, 0, 3, 1, 1, 2, 0, 0, 2, 4, 0, 1, 4, 4, 0, 3, 2, 3, 2, 4, 0, 0, 1, 4, 2, 1, 3, 0, 2, 0, 3, 0, 1, 2, 1, 2, 1, 0, 3, 0, 4, 1, 1, 2, 4, 0, 2, 1, 4, 3, 3, 1, 0, 1, 4, 0, 4, 0, 1, 2, 1, 4, 1, 1, 3, 4, 2, 2, 1, 2, 1, 4, 2]|[0, 2, 0, 0, 1, 0, 0, 0, 0, 0, 3, 0, 1, 1, 0, 0, 0, 0, 1, 0, 1, 0, 0, 1, 1, 1, 0, 0, 0, 3, 0, 0, 1, 0, 0, 1, 2, 1, 0, 0, 3, 0, 1, 0, 1, 1, 0, 0, 3, 1, 2, 0, 0, 1, 0, 0, 0, 1, 0, 0, 1, 0, 3, 1, 0, 0, 0, 1, 0, 0, 1, 2, 0, 3, 0, 1, 3, 1, 0, 3, 0, 2, 0, 2, 0, 0, 1, 0, 1, 0, 0, 3, 1, 0, 0, 0, 0, 1, 1, 1]
event=909:G1_CMAX:update:state=1,action=2,reward=-101.61634513715273,nextState=1,old=-303.0412296551108,new=-344.0493288612414
event=910:G2_TEC:update:state=0,action=1,reward=-743.5555585545953,nextState=1,old=61.477502816656205,new=-653.3285643018539
event=911:G3_TWC:update:state=1,action=1,reward=-2754.9725545555557,nextState=1,old=-8482.842240292443,new=-9541.24634678951
event=912:G4_BALANCED:update:state=1,action=2,reward=-0.16536131164369014,nextState=1,old=-0.3785296638612697,new=-0.4681850427327059
event=913:G1_CMAX:action:mode=exploit,state=1,draw=0.10333507873750969,action=1
event=914:G1_CMAX:leader:action=1,fingerprint=[49, 8, 56, 29, 54, 32, 38, 58, 46, 33, 71, 79, 0, 7, 6, 41, 95, 36, 35, 26, 28, 75, 77, 65, 67, 42, 59, 1, 52, 74, 55, 15, 94, 93, 50, 60, 13, 70, 89, 24, 48, 86, 25, 68, 66, 53, 76, 34, 14, 37, 72, 88, 23, 40, 98, 69, 27, 47, 80, 73, 63, 83, 44, 57, 11, 5, 82, 61, 16, 45, 51, 3, 90, 81, 91, 21, 87, 19, 18, 9, 62, 22, 99, 64, 10, 39, 2, 31, 43, 92, 30, 85, 84, 20, 17, 78, 96, 4, 12, 97]|[1, 0, 1, 2, 1, 0, 0, 0, 1, 0, 0, 1, 1, 2, 1, 2, 1, 2, 0, 2, 2, 0, 2, 1, 2, 0, 2, 0, 0, 0, 0, 0, 0, 1, 0, 1, 1, 2, 0, 2, 2, 1, 0, 1, 1, 1, 0, 1, 2, 1, 0, 0, 0, 1, 2, 0, 1, 0, 1, 1, 2, 1, 0, 0, 1, 1, 1, 2, 2, 0, 1, 1, 2, 2, 1, 2, 2, 1, 2, 1, 0, 1, 0, 2, 0, 0, 2, 1, 1, 1, 0, 0, 1, 1, 0, 2, 1, 0, 1, 1]|[3, 2, 3, 2, 1, 1, 1, 0, 4, 2, 1, 0, 0, 2, 4, 1, 3, 2, 0, 1, 1, 1, 2, 4, 2, 1, 1, 0, 0, 2, 2, 1, 0, 4, 2, 1, 0, 1, 1, 0, 2, 3, 2, 1, 0, 3, 0, 0, 1, 4, 2, 2, 1, 0, 2, 0, 3, 2, 4, 0, 1, 2, 1, 0, 3, 0, 4, 1, 1, 2, 4, 2, 1, 2, 3, 1, 1, 0, 1, 4, 0, 4, 0, 1, 2, 0, 1, 3, 3, 1, 0, 2, 4, 2, 2, 1, 4, 1, 2, 4]|[0, 1, 1, 0, 3, 0, 0, 1, 2, 1, 0, 0, 0, 1, 2, 0, 3, 0, 0, 1, 1, 1, 0, 1, 0, 1, 0, 0, 0, 0, 0, 1, 0, 1, 0, 3, 2, 0, 0, 0, 0, 1, 0, 0, 2, 1, 0, 3, 1, 2, 0, 1, 0, 0, 0, 0, 1, 1, 2, 0, 0, 3, 1, 0, 0, 0, 1, 0, 0, 1, 2, 3, 0, 1, 3, 0, 0, 3, 0, 2, 0, 0, 0, 0, 1, 0, 0, 3, 3, 0, 0, 0, 1, 2, 0, 0, 1, 1, 2, 0]
event=915:G4_BALANCED:action:mode=exploit,state=1,draw=0.2764900813390164,action=0
event=916:G4_BALANCED:leader:action=0,fingerprint=[49, 8, 56, 29, 54, 32, 38, 58, 46, 33, 71, 79, 0, 7, 6, 41, 95, 36, 35, 26, 28, 75, 77, 65, 67, 42, 59, 1, 52, 74, 55, 15, 94, 93, 50, 60, 13, 70, 89, 24, 48, 86, 25, 68, 66, 53, 76, 34, 14, 37, 72, 88, 23, 40, 98, 69, 27, 47, 80, 73, 63, 83, 44, 57, 11, 5, 82, 61, 16, 45, 51, 3, 90, 81, 91, 21, 87, 19, 18, 9, 62, 22, 99, 64, 10, 39, 2, 31, 43, 92, 30, 85, 84, 20, 17, 78, 96, 4, 12, 97]|[1, 0, 1, 2, 1, 0, 0, 0, 1, 0, 0, 1, 1, 2, 1, 2, 1, 2, 0, 2, 2, 0, 2, 1, 2, 0, 2, 0, 0, 0, 0, 0, 0, 1, 0, 1, 1, 2, 0, 2, 2, 1, 0, 1, 1, 1, 0, 1, 2, 1, 0, 0, 0, 1, 2, 0, 1, 0, 1, 1, 2, 1, 0, 0, 1, 1, 1, 2, 2, 0, 1, 1, 2, 2, 1, 2, 2, 1, 2, 1, 0, 1, 0, 2, 0, 0, 2, 1, 1, 1, 0, 0, 1, 1, 0, 2, 1, 0, 1, 1]|[3, 2, 3, 2, 1, 1, 1, 0, 4, 2, 1, 0, 0, 2, 4, 1, 3, 2, 0, 1, 1, 1, 2, 4, 2, 1, 1, 0, 0, 2, 2, 1, 0, 4, 2, 1, 0, 1, 1, 0, 2, 3, 2, 1, 0, 3, 0, 0, 1, 4, 2, 2, 1, 0, 2, 0, 3, 2, 4, 0, 1, 2, 1, 0, 3, 0, 4, 1, 1, 2, 4, 2, 1, 2, 3, 1, 1, 0, 1, 4, 0, 4, 0, 1, 2, 0, 1, 3, 3, 1, 0, 2, 4, 2, 2, 1, 4, 1, 2, 4]|[0, 1, 1, 0, 3, 0, 0, 1, 2, 1, 0, 0, 0, 1, 2, 0, 3, 0, 0, 1, 1, 1, 0, 1, 0, 1, 0, 0, 0, 0, 0, 1, 0, 1, 0, 3, 2, 0, 0, 0, 0, 1, 0, 0, 2, 1, 0, 3, 1, 2, 0, 1, 0, 0, 0, 0, 1, 1, 2, 0, 0, 3, 1, 0, 0, 0, 1, 0, 0, 1, 2, 3, 0, 1, 3, 0, 0, 3, 0, 2, 0, 0, 0, 0, 1, 0, 0, 3, 3, 0, 0, 0, 1, 2, 0, 0, 1, 1, 2, 0]
event=917:G2_TEC:action:mode=exploit,state=1,draw=0.2624477715459389,action=1
event=918:G2_TEC:leader:action=1,fingerprint=[66, 68, 32, 92, 86, 48, 3, 69, 70, 13, 60, 50, 93, 15, 52, 23, 1, 59, 76, 67, 58, 17, 77, 75, 28, 41, 95, 44, 36, 35, 26, 7, 0, 79, 88, 94, 46, 54, 71, 53, 29, 56, 65, 39, 34, 8, 49, 33, 55, 14, 37, 72, 38, 78, 40, 98, 89, 27, 47, 80, 30, 11, 5, 96, 2, 16, 83, 6, 51, 42, 24, 90, 81, 22, 64, 21, 87, 19, 18, 84, 62, 63, 91, 73, 99, 61, 10, 57, 31, 43, 45, 85, 9, 20, 4, 25, 82, 74, 12, 97]|[1, 1, 0, 1, 2, 2, 1, 2, 0, 1, 1, 0, 1, 0, 0, 0, 1, 2, 0, 2, 0, 0, 2, 0, 2, 2, 0, 1, 2, 0, 2, 1, 1, 1, 1, 0, 0, 1, 0, 1, 2, 1, 0, 0, 1, 0, 1, 1, 0, 1, 1, 0, 0, 1, 1, 1, 2, 1, 0, 0, 2, 1, 1, 1, 2, 2, 1, 0, 0, 0, 1, 2, 0, 1, 2, 2, 2, 2, 2, 1, 0, 2, 2, 0, 2, 2, 1, 0, 1, 1, 1, 0, 1, 0, 1, 2, 2, 0, 0, 0]|[4, 4, 1, 4, 1, 2, 4, 2, 1, 0, 4, 0, 4, 1, 0, 0, 4, 1, 1, 1, 0, 2, 2, 1, 2, 1, 0, 3, 1, 0, 1, 4, 4, 0, 0, 0, 2, 4, 1, 3, 2, 3, 0, 0, 3, 2, 4, 1, 2, 0, 4, 2, 1, 4, 3, 4, 2, 3, 0, 2, 1, 3, 3, 4, 1, 1, 4, 1, 2, 0, 4, 1, 2, 3, 1, 1, 1, 1, 1, 4, 0, 1, 1, 2, 1, 1, 4, 0, 3, 3, 4, 1, 4, 2, 4, 1, 1, 2, 2, 2]|[0, 1, 0, 0, 1, 0, 1, 0, 0, 2, 3, 0, 1, 1, 0, 0, 0, 0, 0, 0, 1, 0, 0, 1, 1, 0, 0, 3, 0, 0, 0, 2, 0, 0, 0, 0, 0, 3, 0, 1, 0, 1, 1, 0, 1, 0, 2, 1, 0, 0, 2, 0, 0, 1, 1, 3, 0, 1, 0, 0, 0, 0, 0, 2, 0, 0, 3, 1, 0, 0, 1, 0, 0, 1, 0, 0, 0, 0, 0, 1, 0, 0, 0, 0, 0, 0, 0, 0, 3, 3, 1, 0, 2, 0, 2, 0, 0, 0, 0, 0]
event=919:G3_TWC:action:mode=exploit,state=1,draw=0.383000707366998,action=1
event=920:G3_TWC:leader:action=1,fingerprint=[66, 68, 55, 92, 86, 48, 24, 89, 70, 13, 60, 50, 93, 15, 25, 52, 1, 59, 76, 67, 65, 17, 77, 75, 28, 26, 35, 36, 94, 95, 41, 6, 7, 0, 79, 33, 46, 58, 32, 88, 54, 71, 53, 29, 56, 8, 49, 39, 34, 14, 37, 72, 38, 23, 40, 98, 69, 27, 47, 80, 73, 63, 83, 44, 57, 11, 5, 82, 61, 16, 45, 51, 42, 3, 90, 81, 91, 21, 87, 19, 18, 9, 62, 22, 99, 64, 10, 2, 31, 43, 30, 85, 84, 20, 74, 78, 12, 4, 96, 97]|[1, 1, 0, 1, 1, 2, 2, 0, 0, 2, 1, 0, 1, 0, 0, 0, 0, 2, 0, 2, 1, 0, 2, 0, 2, 2, 0, 2, 0, 1, 2, 2, 2, 1, 1, 0, 1, 0, 0, 1, 1, 0, 1, 2, 1, 0, 1, 0, 1, 2, 1, 0, 0, 1, 1, 2, 0, 1, 0, 2, 0, 2, 1, 0, 0, 1, 1, 1, 2, 2, 0, 1, 0, 1, 2, 1, 1, 1, 2, 1, 2, 1, 0, 1, 0, 2, 0, 2, 1, 2, 2, 1, 1, 0, 0, 2, 0, 0, 1, 0]|[1, 0, 2, 4, 3, 2, 0, 1, 0, 2, 1, 2, 4, 1, 2, 0, 0, 1, 1, 2, 4, 2, 2, 1, 1, 1, 0, 2, 0, 3, 1, 1, 2, 0, 0, 2, 4, 0, 1, 4, 4, 0, 3, 2, 3, 2, 4, 0, 0, 1, 4, 2, 1, 3, 0, 2, 0, 3, 0, 1, 2, 1, 2, 1, 0, 3, 0, 4, 1, 1, 2, 4, 0, 2, 1, 4, 3, 3, 1, 0, 1, 4, 0, 4, 0, 1, 2, 1, 4, 1, 1, 3, 4, 2, 2, 1, 2, 1, 4, 2]|[0, 2, 0, 0, 1, 0, 0, 0, 0, 0, 3, 0, 1, 1, 0, 0, 0, 0, 1, 0, 1, 0, 0, 1, 1, 1, 0, 0, 0, 3, 0, 0, 1, 0, 0, 1, 2, 1, 0, 0, 3, 0, 1, 0, 1, 1, 0, 0, 3, 1, 2, 0, 0, 1, 0, 0, 0, 1, 0, 0, 1, 0, 3, 1, 0, 0, 0, 1, 0, 0, 1, 2, 0, 3, 0, 1, 3, 1, 0, 3, 0, 2, 0, 2, 0, 0, 1, 0, 1, 0, 0, 3, 1, 0, 0, 0, 0, 1, 1, 1]
event=921:G1_CMAX:update:state=1,action=1,reward=-55.433901669216766,nextState=1,old=-324.8782724400365,new=-315.33651962124594
event=922:G2_TEC:update:state=1,action=1,reward=-534.3023522110088,nextState=1,old=112.78374281592667,new=-444.07535795826755
event=923:G3_TWC:update:state=1,action=1,reward=-2737.7815056125837,nextState=1,old=-9541.24634678951,new=-10370.778583044194
event=924:G4_BALANCED:update:state=1,action=0,reward=-0.1333804704857661,nextState=1,old=-0.4190893277301986,new=-0.468651932669925
event=925:G1_CMAX:action:mode=exploit,state=1,draw=0.13036850035244363,action=1
event=926:G1_CMAX:leader:action=1,fingerprint=[49, 8, 56, 29, 54, 32, 38, 58, 46, 33, 71, 79, 0, 7, 6, 41, 95, 36, 35, 26, 28, 75, 77, 65, 67, 42, 59, 1, 52, 74, 55, 15, 94, 93, 50, 60, 13, 70, 89, 24, 48, 86, 25, 68, 66, 53, 76, 34, 14, 37, 72, 88, 23, 40, 98, 69, 27, 47, 80, 73, 63, 83, 44, 57, 11, 5, 82, 61, 16, 45, 51, 3, 90, 81, 91, 21, 87, 19, 18, 9, 62, 22, 99, 64, 10, 39, 2, 31, 43, 92, 30, 85, 84, 20, 17, 78, 96, 4, 12, 97]|[1, 0, 1, 2, 1, 0, 0, 0, 1, 0, 0, 1, 1, 2, 1, 2, 1, 2, 0, 2, 2, 0, 2, 1, 2, 0, 2, 0, 0, 0, 0, 0, 0, 1, 0, 1, 1, 2, 0, 2, 2, 1, 0, 1, 1, 1, 0, 1, 2, 1, 0, 0, 0, 1, 2, 0, 1, 0, 1, 1, 2, 1, 0, 0, 1, 1, 1, 2, 2, 0, 1, 1, 2, 2, 1, 2, 2, 1, 2, 1, 0, 1, 0, 2, 0, 0, 2, 1, 1, 1, 0, 0, 1, 1, 0, 2, 1, 0, 1, 1]|[3, 2, 3, 2, 1, 1, 1, 0, 4, 2, 1, 0, 0, 2, 4, 1, 3, 2, 0, 1, 1, 1, 2, 4, 2, 1, 1, 0, 0, 2, 2, 1, 0, 4, 2, 1, 0, 1, 1, 0, 2, 3, 2, 1, 0, 3, 0, 0, 1, 4, 2, 2, 1, 0, 2, 0, 3, 2, 4, 0, 1, 2, 1, 0, 3, 0, 4, 1, 1, 2, 4, 2, 1, 2, 3, 1, 1, 0, 1, 4, 0, 4, 0, 1, 2, 0, 1, 3, 3, 1, 0, 2, 4, 2, 2, 1, 4, 1, 2, 4]|[0, 1, 1, 0, 3, 0, 0, 1, 2, 1, 0, 0, 0, 1, 2, 0, 3, 0, 0, 1, 1, 1, 0, 1, 0, 1, 0, 0, 0, 0, 0, 1, 0, 1, 0, 3, 2, 0, 0, 0, 0, 1, 0, 0, 2, 1, 0, 3, 1, 2, 0, 1, 0, 0, 0, 0, 1, 1, 2, 0, 0, 3, 1, 0, 0, 0, 1, 0, 0, 1, 2, 3, 0, 1, 3, 0, 0, 3, 0, 2, 0, 0, 0, 0, 1, 0, 0, 3, 3, 0, 0, 0, 1, 2, 0, 0, 1, 1, 2, 0]
event=927:G4_BALANCED:action:mode=exploit,state=1,draw=0.09514356231490406,action=1
event=928:G4_BALANCED:leader:action=1,fingerprint=[49, 8, 56, 29, 54, 32, 38, 58, 46, 33, 71, 79, 0, 7, 6, 41, 95, 36, 35, 26, 28, 75, 77, 65, 67, 42, 59, 1, 52, 74, 55, 15, 94, 93, 50, 60, 13, 70, 89, 24, 48, 86, 25, 68, 66, 53, 76, 34, 14, 37, 72, 88, 23, 40, 98, 69, 27, 47, 80, 73, 63, 83, 44, 57, 11, 5, 82, 61, 16, 45, 51, 3, 90, 81, 91, 21, 87, 19, 18, 9, 62, 22, 99, 64, 10, 39, 2, 31, 43, 92, 30, 85, 84, 20, 17, 78, 96, 4, 12, 97]|[1, 0, 1, 2, 1, 0, 0, 0, 1, 0, 0, 1, 1, 2, 1, 2, 1, 2, 0, 2, 2, 0, 2, 1, 2, 0, 2, 0, 0, 0, 0, 0, 0, 1, 0, 1, 1, 2, 0, 2, 2, 1, 0, 1, 1, 1, 0, 1, 2, 1, 0, 0, 0, 1, 2, 0, 1, 0, 1, 1, 2, 1, 0, 0, 1, 1, 1, 2, 2, 0, 1, 1, 2, 2, 1, 2, 2, 1, 2, 1, 0, 1, 0, 2, 0, 0, 2, 1, 1, 1, 0, 0, 1, 1, 0, 2, 1, 0, 1, 1]|[3, 2, 3, 2, 1, 1, 1, 0, 4, 2, 1, 0, 0, 2, 4, 1, 3, 2, 0, 1, 1, 1, 2, 4, 2, 1, 1, 0, 0, 2, 2, 1, 0, 4, 2, 1, 0, 1, 1, 0, 2, 3, 2, 1, 0, 3, 0, 0, 1, 4, 2, 2, 1, 0, 2, 0, 3, 2, 4, 0, 1, 2, 1, 0, 3, 0, 4, 1, 1, 2, 4, 2, 1, 2, 3, 1, 1, 0, 1, 4, 0, 4, 0, 1, 2, 0, 1, 3, 3, 1, 0, 2, 4, 2, 2, 1, 4, 1, 2, 4]|[0, 1, 1, 0, 3, 0, 0, 1, 2, 1, 0, 0, 0, 1, 2, 0, 3, 0, 0, 1, 1, 1, 0, 1, 0, 1, 0, 0, 0, 0, 0, 1, 0, 1, 0, 3, 2, 0, 0, 0, 0, 1, 0, 0, 2, 1, 0, 3, 1, 2, 0, 1, 0, 0, 0, 0, 1, 1, 2, 0, 0, 3, 1, 0, 0, 0, 1, 0, 0, 1, 2, 3, 0, 1, 3, 0, 0, 3, 0, 2, 0, 0, 0, 0, 1, 0, 0, 3, 3, 0, 0, 0, 1, 2, 0, 0, 1, 1, 2, 0]
event=929:G2_TEC:action:mode=exploit,state=1,draw=0.15385040538146733,action=1
event=930:G2_TEC:leader:action=1,fingerprint=[66, 68, 32, 92, 86, 48, 3, 69, 70, 13, 60, 50, 93, 15, 52, 23, 1, 59, 76, 67, 58, 17, 77, 75, 28, 41, 95, 44, 36, 35, 26, 7, 0, 79, 88, 94, 46, 54, 71, 53, 29, 56, 65, 39, 34, 8, 49, 33, 55, 14, 37, 72, 38, 78, 40, 98, 89, 27, 47, 80, 30, 11, 5, 96, 2, 16, 83, 6, 51, 42, 24, 90, 81, 22, 64, 21, 87, 19, 18, 84, 62, 63, 91, 73, 99, 61, 10, 57, 31, 43, 45, 85, 9, 20, 4, 25, 82, 74, 12, 97]|[1, 1, 0, 1, 2, 2, 1, 2, 0, 1, 1, 0, 1, 0, 0, 0, 1, 2, 0, 2, 0, 0, 2, 0, 2, 2, 0, 1, 2, 0, 2, 1, 1, 1, 1, 0, 0, 1, 0, 1, 2, 1, 0, 0, 1, 0, 1, 1, 0, 1, 1, 0, 0, 1, 1, 1, 2, 1, 0, 0, 2, 1, 1, 1, 2, 2, 1, 0, 0, 0, 1, 2, 0, 1, 2, 2, 2, 2, 2, 1, 0, 2, 2, 0, 2, 2, 1, 0, 1, 1, 1, 0, 1, 0, 1, 2, 2, 0, 0, 0]|[4, 4, 1, 4, 1, 2, 4, 2, 1, 0, 4, 0, 4, 1, 0, 0, 4, 1, 1, 1, 0, 2, 2, 1, 2, 1, 0, 3, 1, 0, 1, 4, 4, 0, 0, 0, 2, 4, 1, 3, 2, 3, 0, 0, 3, 2, 4, 1, 2, 0, 4, 2, 1, 4, 3, 4, 2, 3, 0, 2, 1, 3, 3, 4, 1, 1, 4, 1, 2, 0, 4, 1, 2, 3, 1, 1, 1, 1, 1, 4, 0, 1, 1, 2, 1, 1, 4, 0, 3, 3, 4, 1, 4, 2, 4, 1, 1, 2, 2, 2]|[0, 1, 0, 0, 1, 0, 1, 0, 0, 2, 3, 0, 1, 1, 0, 0, 0, 0, 0, 0, 1, 0, 0, 1, 1, 0, 0, 3, 0, 0, 0, 2, 0, 0, 0, 0, 0, 3, 0, 1, 0, 1, 1, 0, 1, 0, 2, 1, 0, 0, 2, 0, 0, 1, 1, 3, 0, 1, 0, 0, 0, 0, 0, 2, 0, 0, 3, 1, 0, 0, 1, 0, 0, 1, 0, 0, 0, 0, 0, 1, 0, 0, 0, 0, 0, 0, 0, 0, 3, 3, 1, 0, 2, 0, 2, 0, 0, 0, 0, 0]
event=931:G3_TWC:action:mode=explore,state=1,draw=0.9205885257920173,action=1
event=932:G3_TWC:leader:action=1,fingerprint=[66, 68, 55, 92, 86, 48, 24, 89, 70, 13, 60, 50, 93, 15, 25, 52, 1, 59, 76, 67, 65, 17, 77, 75, 28, 26, 35, 36, 94, 95, 41, 6, 7, 0, 79, 33, 46, 58, 32, 88, 54, 71, 53, 29, 56, 8, 49, 39, 34, 14, 37, 72, 38, 23, 40, 98, 69, 27, 47, 80, 73, 63, 83, 44, 57, 11, 5, 82, 61, 16, 45, 51, 42, 3, 90, 81, 91, 21, 87, 19, 18, 9, 62, 22, 99, 64, 10, 2, 31, 43, 30, 85, 84, 20, 74, 78, 12, 4, 96, 97]|[1, 1, 0, 1, 1, 2, 2, 0, 0, 2, 1, 0, 1, 0, 0, 0, 0, 2, 0, 2, 1, 0, 2, 0, 2, 2, 0, 2, 0, 1, 2, 2, 2, 1, 1, 0, 1, 0, 0, 1, 1, 0, 1, 2, 1, 0, 1, 0, 1, 2, 1, 0, 0, 1, 1, 2, 0, 1, 0, 2, 0, 2, 1, 0, 0, 1, 1, 1, 2, 2, 0, 1, 0, 1, 2, 1, 1, 1, 2, 1, 2, 1, 0, 1, 0, 2, 0, 2, 1, 2, 2, 1, 1, 0, 0, 2, 0, 0, 1, 0]|[1, 0, 2, 4, 3, 2, 0, 1, 0, 2, 1, 2, 4, 1, 2, 0, 0, 1, 1, 2, 4, 2, 2, 1, 1, 1, 0, 2, 0, 3, 1, 1, 2, 0, 0, 2, 4, 0, 1, 4, 4, 0, 3, 2, 3, 2, 4, 0, 0, 1, 4, 2, 1, 3, 0, 2, 0, 3, 0, 1, 2, 1, 2, 1, 0, 3, 0, 4, 1, 1, 2, 4, 0, 2, 1, 4, 3, 3, 1, 0, 1, 4, 0, 4, 0, 1, 2, 1, 4, 1, 1, 3, 4, 2, 2, 1, 2, 1, 4, 2]|[0, 2, 0, 0, 1, 0, 0, 0, 0, 0, 3, 0, 1, 1, 0, 0, 0, 0, 1, 0, 1, 0, 0, 1, 1, 1, 0, 0, 0, 3, 0, 0, 1, 0, 0, 1, 2, 1, 0, 0, 3, 0, 1, 0, 1, 1, 0, 0, 3, 1, 2, 0, 0, 1, 0, 0, 0, 1, 0, 0, 1, 0, 3, 1, 0, 0, 0, 1, 0, 0, 1, 2, 0, 3, 0, 1, 3, 1, 0, 3, 0, 2, 0, 2, 0, 0, 1, 0, 1, 0, 0, 3, 1, 0, 0, 0, 0, 1, 1, 1]
event=933:G1_CMAX:update:state=1,action=1,reward=-84.7733416189435,nextState=1,old=-315.33651962124594,new=-337.04255731594026
event=934:G2_TEC:update:state=1,action=1,reward=-90.37902212206973,nextState=1,old=-444.07535795826755,new=-445.6393084886838
event=935:G3_TWC:update:state=1,action=1,reward=-3815.1531781833182,nextState=1,old=-10370.778583044194,new=-12111.776044618673
event=936:G4_BALANCED:update:state=1,action=1,reward=-0.1445084845837893,nextState=1,old=-0.4215549355617895,new=-0.4817524330332209
event=937:G1_CMAX:action:mode=exploit,state=1,draw=0.7310463917224599,action=1
event=938:G1_CMAX:leader:action=1,fingerprint=[49, 8, 56, 29, 54, 32, 38, 58, 46, 33, 71, 79, 0, 7, 6, 41, 95, 36, 35, 26, 28, 75, 77, 65, 67, 42, 59, 1, 52, 74, 55, 15, 94, 93, 50, 60, 13, 70, 89, 24, 48, 86, 25, 68, 66, 53, 76, 34, 14, 37, 72, 88, 23, 40, 98, 69, 27, 47, 80, 73, 63, 83, 44, 57, 11, 5, 82, 61, 16, 45, 51, 3, 90, 81, 91, 21, 87, 19, 18, 9, 62, 22, 99, 64, 10, 39, 2, 31, 43, 92, 30, 85, 84, 20, 17, 78, 96, 4, 12, 97]|[1, 0, 1, 2, 1, 0, 0, 0, 1, 0, 0, 1, 1, 2, 1, 2, 1, 2, 0, 2, 2, 0, 2, 1, 2, 0, 2, 0, 0, 0, 0, 0, 0, 1, 0, 1, 1, 2, 0, 2, 2, 1, 0, 1, 1, 1, 0, 1, 2, 1, 0, 0, 0, 1, 2, 0, 1, 0, 1, 1, 2, 1, 0, 0, 1, 1, 1, 2, 2, 0, 1, 1, 2, 2, 1, 2, 2, 1, 2, 1, 0, 1, 0, 2, 0, 0, 2, 1, 1, 1, 0, 0, 1, 1, 0, 2, 1, 0, 1, 1]|[3, 2, 3, 2, 1, 1, 1, 0, 4, 2, 1, 0, 0, 2, 4, 1, 3, 2, 0, 1, 1, 1, 2, 4, 2, 1, 1, 0, 0, 2, 2, 1, 0, 4, 2, 1, 0, 1, 1, 0, 2, 3, 2, 1, 0, 3, 0, 0, 1, 4, 2, 2, 1, 0, 2, 0, 3, 2, 4, 0, 1, 2, 1, 0, 3, 0, 4, 1, 1, 2, 4, 2, 1, 2, 3, 1, 1, 0, 1, 4, 0, 4, 0, 1, 2, 0, 1, 3, 3, 1, 0, 2, 4, 2, 2, 1, 4, 1, 2, 4]|[0, 1, 1, 0, 3, 0, 0, 1, 2, 1, 0, 0, 0, 1, 2, 0, 3, 0, 0, 1, 1, 1, 0, 1, 0, 1, 0, 0, 0, 0, 0, 1, 0, 1, 0, 3, 2, 0, 0, 0, 0, 1, 0, 0, 2, 1, 0, 3, 1, 2, 0, 1, 0, 0, 0, 0, 1, 1, 2, 0, 0, 3, 1, 0, 0, 0, 1, 0, 0, 1, 2, 3, 0, 1, 3, 0, 0, 3, 0, 2, 0, 0, 0, 0, 1, 0, 0, 3, 3, 0, 0, 0, 1, 2, 0, 0, 1, 1, 2, 0]
event=939:G4_BALANCED:action:mode=exploit,state=1,draw=0.4498122411955704,action=2
event=940:G4_BALANCED:tournament:reason=action2,left=17,right=54,selected=[66, 68, 55, 92, 86, 48, 24, 53, 70, 13, 60, 50, 93, 15, 25, 52, 1, 59, 76, 67, 65, 88, 77, 75, 28, 26, 35, 36, 94, 56, 41, 6, 7, 0, 79, 33, 46, 58, 32, 17, 54, 71, 29, 95, 8, 49, 89, 39, 34, 14, 37, 72, 38, 23, 40, 98, 69, 11, 45, 22, 73, 63, 83, 44, 57, 27, 5, 96, 2, 16, 47, 51, 42, 3, 90, 81, 64, 21, 87, 19, 18, 62, 80, 9, 99, 91, 10, 61, 31, 43, 30, 85, 84, 20, 4, 78, 82, 74, 97, 12]|[1, 2, 0, 1, 2, 2, 2, 1, 0, 2, 1, 0, 1, 0, 0, 0, 1, 2, 0, 2, 1, 0, 2, 2, 2, 0, 2, 1, 0, 1, 1, 2, 2, 1, 1, 1, 1, 0, 0, 0, 1, 0, 2, 1, 0, 1, 1, 0, 1, 2, 1, 0, 0, 0, 1, 1, 0, 1, 0, 2, 1, 0, 1, 0, 0, 1, 1, 1, 2, 2, 1, 2, 0, 1, 2, 0, 2, 2, 2, 1, 1, 0, 1, 1, 2, 1, 0, 2, 1, 2, 2, 0, 1, 0, 1, 2, 2, 0, 0, 0]|[4, 2, 0, 4, 1, 2, 0, 3, 0, 2, 4, 2, 4, 1, 2, 0, 4, 1, 1, 1, 4, 2, 2, 1, 1, 2, 2, 3, 0, 3, 1, 1, 2, 0, 0, 1, 4, 0, 1, 2, 4, 0, 2, 3, 2, 4, 3, 0, 3, 1, 4, 2, 1, 1, 0, 4, 0, 3, 2, 1, 0, 1, 4, 1, 0, 3, 3, 4, 1, 1, 4, 2, 0, 4, 1, 2, 1, 1, 1, 0, 0, 0, 4, 4, 1, 4, 2, 1, 3, 1, 1, 1, 4, 2, 4, 1, 1, 2, 2, 2]|[0, 0, 0, 0, 1, 0, 0, 1, 0, 0, 1, 0, 1, 1, 0, 0, 0, 0, 1, 0, 1, 1, 0, 0, 1, 0, 0, 3, 0, 1, 1, 0, 1, 0, 0, 1, 2, 1, 0, 0, 3, 0, 0, 3, 1, 0, 1, 0, 1, 1, 2, 0, 0, 0, 0, 3, 0, 0, 1, 0, 0, 0, 3, 1, 0, 1, 0, 2, 0, 0, 1, 0, 0, 3, 0, 1, 0, 0, 0, 3, 1, 0, 0, 2, 0, 0, 1, 0, 3, 0, 0, 1, 1, 0, 2, 0, 0, 0, 0, 0]
event=941:G4_BALANCED:leader:action=2,fingerprint=[66, 68, 55, 92, 86, 48, 24, 53, 70, 13, 60, 50, 93, 15, 25, 52, 1, 59, 76, 67, 65, 88, 77, 75, 28, 26, 35, 36, 94, 56, 41, 6, 7, 0, 79, 33, 46, 58, 32, 17, 54, 71, 29, 95, 8, 49, 89, 39, 34, 14, 37, 72, 38, 23, 40, 98, 69, 11, 45, 22, 73, 63, 83, 44, 57, 27, 5, 96, 2, 16, 47, 51, 42, 3, 90, 81, 64, 21, 87, 19, 18, 62, 80, 9, 99, 91, 10, 61, 31, 43, 30, 85, 84, 20, 4, 78, 82, 74, 97, 12]|[1, 2, 0, 1, 2, 2, 2, 1, 0, 2, 1, 0, 1, 0, 0, 0, 1, 2, 0, 2, 1, 0, 2, 2, 2, 0, 2, 1, 0, 1, 1, 2, 2, 1, 1, 1, 1, 0, 0, 0, 1, 0, 2, 1, 0, 1, 1, 0, 1, 2, 1, 0, 0, 0, 1, 1, 0, 1, 0, 2, 1, 0, 1, 0, 0, 1, 1, 1, 2, 2, 1, 2, 0, 1, 2, 0, 2, 2, 2, 1, 1, 0, 1, 1, 2, 1, 0, 2, 1, 2, 2, 0, 1, 0, 1, 2, 2, 0, 0, 0]|[4, 2, 0, 4, 1, 2, 0, 3, 0, 2, 4, 2, 4, 1, 2, 0, 4, 1, 1, 1, 4, 2, 2, 1, 1, 2, 2, 3, 0, 3, 1, 1, 2, 0, 0, 1, 4, 0, 1, 2, 4, 0, 2, 3, 2, 4, 3, 0, 3, 1, 4, 2, 1, 1, 0, 4, 0, 3, 2, 1, 0, 1, 4, 1, 0, 3, 3, 4, 1, 1, 4, 2, 0, 4, 1, 2, 1, 1, 1, 0, 0, 0, 4, 4, 1, 4, 2, 1, 3, 1, 1, 1, 4, 2, 4, 1, 1, 2, 2, 2]|[0, 0, 0, 0, 1, 0, 0, 1, 0, 0, 1, 0, 1, 1, 0, 0, 0, 0, 1, 0, 1, 1, 0, 0, 1, 0, 0, 3, 0, 1, 1, 0, 1, 0, 0, 1, 2, 1, 0, 0, 3, 0, 0, 3, 1, 0, 1, 0, 1, 1, 2, 0, 0, 0, 0, 3, 0, 0, 1, 0, 0, 0, 3, 1, 0, 1, 0, 2, 0, 0, 1, 0, 0, 3, 0, 1, 0, 0, 0, 3, 1, 0, 0, 2, 0, 0, 1, 0, 3, 0, 0, 1, 1, 0, 2, 0, 0, 0, 0, 0]
event=942:G2_TEC:action:mode=exploit,state=1,draw=0.2708674043913629,action=1
event=943:G2_TEC:leader:action=1,fingerprint=[66, 68, 32, 92, 86, 48, 3, 69, 70, 13, 60, 50, 93, 15, 52, 23, 1, 59, 76, 67, 58, 17, 77, 75, 28, 41, 95, 44, 36, 35, 26, 7, 0, 79, 88, 94, 46, 54, 71, 53, 29, 56, 65, 39, 34, 8, 49, 33, 55, 14, 37, 72, 38, 78, 40, 98, 89, 27, 47, 80, 30, 11, 5, 96, 2, 16, 83, 6, 51, 42, 24, 90, 81, 22, 64, 21, 87, 19, 18, 84, 62, 63, 91, 73, 99, 61, 10, 57, 31, 43, 45, 85, 9, 20, 4, 25, 82, 74, 12, 97]|[1, 1, 0, 1, 2, 2, 1, 2, 0, 1, 1, 0, 1, 0, 0, 0, 1, 2, 0, 2, 0, 0, 2, 0, 2, 2, 0, 1, 2, 0, 2, 1, 1, 1, 1, 0, 0, 1, 0, 1, 2, 1, 0, 0, 1, 0, 1, 1, 0, 1, 1, 0, 0, 1, 1, 1, 2, 1, 0, 0, 2, 1, 1, 1, 2, 2, 1, 0, 0, 0, 1, 2, 0, 1, 2, 2, 2, 2, 2, 1, 0, 2, 2, 0, 2, 2, 1, 0, 1, 1, 1, 0, 1, 0, 1, 2, 2, 0, 0, 0]|[4, 4, 1, 4, 1, 2, 4, 2, 1, 0, 4, 0, 4, 1, 0, 0, 4, 1, 1, 1, 0, 2, 2, 1, 2, 1, 0, 3, 1, 0, 1, 4, 4, 0, 0, 0, 2, 4, 1, 3, 2, 3, 0, 0, 3, 2, 4, 1, 2, 0, 4, 2, 1, 4, 3, 4, 2, 3, 0, 2, 1, 3, 3, 4, 1, 1, 4, 1, 2, 0, 4, 1, 2, 3, 1, 1, 1, 1, 1, 4, 0, 1, 1, 2, 1, 1, 4, 0, 3, 3, 4, 1, 4, 2, 4, 1, 1, 2, 2, 2]|[0, 1, 0, 0, 1, 0, 1, 0, 0, 2, 3, 0, 1, 1, 0, 0, 0, 0, 0, 0, 1, 0, 0, 1, 1, 0, 0, 3, 0, 0, 0, 2, 0, 0, 0, 0, 0, 3, 0, 1, 0, 1, 1, 0, 1, 0, 2, 1, 0, 0, 2, 0, 0, 1, 1, 3, 0, 1, 0, 0, 0, 0, 0, 2, 0, 0, 3, 1, 0, 0, 1, 0, 0, 1, 0, 0, 0, 0, 0, 1, 0, 0, 0, 0, 0, 0, 0, 0, 3, 3, 1, 0, 2, 0, 2, 0, 0, 0, 0, 0]
event=944:G3_TWC:action:mode=exploit,state=1,draw=0.32958237274874225,action=1
event=945:G3_TWC:leader:action=1,fingerprint=[66, 68, 55, 92, 86, 48, 24, 89, 70, 13, 60, 50, 93, 15, 25, 52, 1, 59, 76, 67, 65, 17, 77, 75, 28, 26, 35, 36, 94, 95, 41, 6, 7, 0, 79, 33, 46, 58, 32, 88, 54, 71, 53, 29, 56, 8, 49, 39, 34, 14, 37, 72, 38, 23, 40, 98, 69, 27, 47, 80, 73, 63, 83, 44, 57, 11, 5, 82, 61, 16, 45, 51, 42, 3, 90, 81, 91, 21, 87, 19, 18, 9, 62, 22, 99, 64, 10, 2, 31, 43, 30, 85, 84, 20, 74, 78, 12, 4, 96, 97]|[1, 1, 0, 1, 1, 2, 2, 0, 0, 2, 1, 0, 1, 0, 0, 0, 0, 2, 0, 2, 1, 0, 2, 0, 2, 2, 0, 2, 0, 1, 2, 2, 2, 1, 1, 0, 1, 0, 0, 1, 1, 0, 1, 2, 1, 0, 1, 0, 1, 2, 1, 0, 0, 1, 1, 2, 0, 1, 0, 2, 0, 2, 1, 0, 0, 1, 1, 1, 2, 2, 0, 1, 0, 1, 2, 1, 1, 1, 2, 1, 2, 1, 0, 1, 0, 2, 0, 2, 1, 2, 2, 1, 1, 0, 0, 2, 0, 0, 1, 0]|[1, 0, 2, 4, 3, 2, 0, 1, 0, 2, 1, 2, 4, 1, 2, 0, 0, 1, 1, 2, 4, 2, 2, 1, 1, 1, 0, 2, 0, 3, 1, 1, 2, 0, 0, 2, 4, 0, 1, 4, 4, 0, 3, 2, 3, 2, 4, 0, 0, 1, 4, 2, 1, 3, 0, 2, 0, 3, 0, 1, 2, 1, 2, 1, 0, 3, 0, 4, 1, 1, 2, 4, 0, 2, 1, 4, 3, 3, 1, 0, 1, 4, 0, 4, 0, 1, 2, 1, 4, 1, 1, 3, 4, 2, 2, 1, 2, 1, 4, 2]|[0, 2, 0, 0, 1, 0, 0, 0, 0, 0, 3, 0, 1, 1, 0, 0, 0, 0, 1, 0, 1, 0, 0, 1, 1, 1, 0, 0, 0, 3, 0, 0, 1, 0, 0, 1, 2, 1, 0, 0, 3, 0, 1, 0, 1, 1, 0, 0, 3, 1, 2, 0, 0, 1, 0, 0, 0, 1, 0, 0, 1, 0, 3, 1, 0, 0, 0, 1, 0, 0, 1, 2, 0, 3, 0, 1, 3, 1, 0, 3, 0, 2, 0, 2, 0, 0, 1, 0, 1, 0, 0, 3, 1, 0, 0, 0, 0, 1, 1, 1]
event=946:G1_CMAX:update:state=1,action=1,reward=-58.53048522695906,nextState=1,old=-337.04255731594026,new=-328.16453107971125
event=947:G2_TEC:update:state=1,action=1,reward=352.08315236841736,nextState=0,old=-445.6393084886838,new=-93.51517801997073
event=948:G3_TWC:update:state=1,action=1,reward=-868.9893010248634,nextState=1,old=-12111.776044618673,new=-10558.410136719802
event=949:G4_BALANCED:update:state=1,action=2,reward=-0.1345498016704721,nextState=1,old=-0.4681850427327059,new=-0.5090978358566368
event=950:G1_CMAX:action:mode=explore,state=1,draw=0.848875354893046,action=2
event=951:G1_CMAX:tournament:reason=action2,left=39,right=45,selected=[66, 68, 55, 92, 86, 48, 24, 89, 70, 13, 60, 50, 93, 15, 25, 52, 1, 59, 65, 67, 63, 17, 77, 75, 28, 26, 35, 36, 94, 95, 41, 6, 7, 0, 79, 33, 46, 58, 32, 88, 54, 71, 53, 29, 56, 8, 49, 39, 34, 14, 37, 72, 38, 23, 40, 98, 69, 27, 47, 80, 73, 76, 83, 44, 57, 11, 5, 82, 61, 16, 45, 51, 42, 3, 90, 81, 91, 21, 87, 18, 19, 9, 62, 22, 99, 64, 10, 2, 31, 43, 30, 85, 84, 20, 96, 4, 74, 78, 12, 97]|[1, 1, 0, 1, 1, 2, 2, 0, 0, 1, 1, 0, 1, 0, 0, 0, 1, 2, 0, 2, 1, 0, 2, 0, 2, 0, 0, 2, 0, 1, 2, 1, 2, 1, 1, 0, 1, 0, 0, 0, 1, 0, 1, 2, 1, 0, 1, 0, 1, 2, 1, 0, 0, 0, 1, 2, 2, 1, 0, 2, 1, 2, 1, 0, 0, 1, 1, 1, 2, 2, 1, 1, 0, 1, 2, 0, 1, 1, 2, 2, 2, 1, 0, 2, 2, 2, 0, 2, 1, 1, 0, 1, 1, 0, 1, 0, 0, 2, 0, 0]|[1, 0, 2, 4, 3, 2, 0, 1, 0, 0, 1, 2, 4, 1, 2, 0, 4, 1, 1, 2, 4, 2, 2, 1, 1, 2, 0, 2, 0, 3, 1, 4, 2, 0, 0, 2, 4, 0, 1, 2, 4, 0, 3, 2, 3, 2, 3, 0, 3, 1, 4, 2, 1, 1, 0, 2, 2, 3, 2, 1, 0, 1, 2, 1, 0, 3, 0, 4, 1, 1, 4, 4, 0, 2, 1, 2, 3, 3, 1, 1, 1, 4, 0, 1, 1, 1, 2, 1, 3, 3, 0, 3, 4, 2, 4, 1, 2, 1, 2, 2]|[0, 2, 0, 0, 1, 0, 0, 0, 0, 2, 3, 0, 1, 1, 0, 0, 0, 0, 1, 0, 1, 0, 0, 1, 1, 0, 0, 0, 0, 3, 0, 2, 1, 0, 0, 1, 2, 1, 0, 1, 3, 0, 1, 0, 1, 1, 0, 0, 1, 1, 2, 0, 0, 0, 0, 0, 0, 1, 1, 0, 0, 0, 3, 1, 0, 0, 0, 1, 0, 0, 1, 2, 0, 3, 0, 1, 3, 1, 0, 0, 0, 2, 0, 0, 0, 0, 1, 0, 3, 3, 0, 3, 1, 0, 1, 1, 0, 0, 0, 0]
event=952:G1_CMAX:leader:action=2,fingerprint=[66, 68, 55, 92, 86, 48, 24, 89, 70, 13, 60, 50, 93, 15, 25, 52, 1, 59, 65, 67, 63, 17, 77, 75, 28, 26, 35, 36, 94, 95, 41, 6, 7, 0, 79, 33, 46, 58, 32, 88, 54, 71, 53, 29, 56, 8, 49, 39, 34, 14, 37, 72, 38, 23, 40, 98, 69, 27, 47, 80, 73, 76, 83, 44, 57, 11, 5, 82, 61, 16, 45, 51, 42, 3, 90, 81, 91, 21, 87, 18, 19, 9, 62, 22, 99, 64, 10, 2, 31, 43, 30, 85, 84, 20, 96, 4, 74, 78, 12, 97]|[1, 1, 0, 1, 1, 2, 2, 0, 0, 1, 1, 0, 1, 0, 0, 0, 1, 2, 0, 2, 1, 0, 2, 0, 2, 0, 0, 2, 0, 1, 2, 1, 2, 1, 1, 0, 1, 0, 0, 0, 1, 0, 1, 2, 1, 0, 1, 0, 1, 2, 1, 0, 0, 0, 1, 2, 2, 1, 0, 2, 1, 2, 1, 0, 0, 1, 1, 1, 2, 2, 1, 1, 0, 1, 2, 0, 1, 1, 2, 2, 2, 1, 0, 2, 2, 2, 0, 2, 1, 1, 0, 1, 1, 0, 1, 0, 0, 2, 0, 0]|[1, 0, 2, 4, 3, 2, 0, 1, 0, 0, 1, 2, 4, 1, 2, 0, 4, 1, 1, 2, 4, 2, 2, 1, 1, 2, 0, 2, 0, 3, 1, 4, 2, 0, 0, 2, 4, 0, 1, 2, 4, 0, 3, 2, 3, 2, 3, 0, 3, 1, 4, 2, 1, 1, 0, 2, 2, 3, 2, 1, 0, 1, 2, 1, 0, 3, 0, 4, 1, 1, 4, 4, 0, 2, 1, 2, 3, 3, 1, 1, 1, 4, 0, 1, 1, 1, 2, 1, 3, 3, 0, 3, 4, 2, 4, 1, 2, 1, 2, 2]|[0, 2, 0, 0, 1, 0, 0, 0, 0, 2, 3, 0, 1, 1, 0, 0, 0, 0, 1, 0, 1, 0, 0, 1, 1, 0, 0, 0, 0, 3, 0, 2, 1, 0, 0, 1, 2, 1, 0, 1, 3, 0, 1, 0, 1, 1, 0, 0, 1, 1, 2, 0, 0, 0, 0, 0, 0, 1, 1, 0, 0, 0, 3, 1, 0, 0, 0, 1, 0, 0, 1, 2, 0, 3, 0, 1, 3, 1, 0, 0, 0, 2, 0, 0, 0, 0, 1, 0, 3, 3, 0, 3, 1, 0, 1, 1, 0, 0, 0, 0]
event=953:G4_BALANCED:action:mode=exploit,state=1,draw=0.5490915678809586,action=0
event=954:G4_BALANCED:leader:action=0,fingerprint=[66, 68, 55, 92, 86, 48, 24, 53, 70, 13, 60, 50, 93, 15, 25, 52, 1, 59, 76, 67, 65, 88, 77, 75, 28, 26, 35, 36, 94, 56, 41, 6, 7, 0, 79, 33, 46, 58, 32, 17, 54, 71, 29, 95, 8, 49, 89, 39, 34, 14, 37, 72, 38, 23, 40, 98, 69, 11, 45, 22, 73, 63, 83, 44, 57, 27, 5, 96, 2, 16, 47, 51, 42, 3, 90, 81, 64, 21, 87, 19, 18, 62, 80, 9, 99, 91, 10, 61, 31, 43, 30, 85, 84, 20, 4, 78, 82, 74, 97, 12]|[1, 2, 0, 1, 2, 2, 2, 1, 0, 2, 1, 0, 1, 0, 0, 0, 1, 2, 0, 2, 1, 0, 2, 2, 2, 0, 2, 1, 0, 1, 1, 2, 2, 1, 1, 1, 1, 0, 0, 0, 1, 0, 2, 1, 0, 1, 1, 0, 1, 2, 1, 0, 0, 0, 1, 1, 0, 1, 0, 2, 1, 0, 1, 0, 0, 1, 1, 1, 2, 2, 1, 2, 0, 1, 2, 0, 2, 2, 2, 1, 1, 0, 1, 1, 2, 1, 0, 2, 1, 2, 2, 0, 1, 0, 1, 2, 2, 0, 0, 0]|[4, 2, 0, 4, 1, 2, 0, 3, 0, 2, 4, 2, 4, 1, 2, 0, 4, 1, 1, 1, 4, 2, 2, 1, 1, 2, 2, 3, 0, 3, 1, 1, 2, 0, 0, 1, 4, 0, 1, 2, 4, 0, 2, 3, 2, 4, 3, 0, 3, 1, 4, 2, 1, 1, 0, 4, 0, 3, 2, 1, 0, 1, 4, 1, 0, 3, 3, 4, 1, 1, 4, 2, 0, 4, 1, 2, 1, 1, 1, 0, 0, 0, 4, 4, 1, 4, 2, 1, 3, 1, 1, 1, 4, 2, 4, 1, 1, 2, 2, 2]|[0, 0, 0, 0, 1, 0, 0, 1, 0, 0, 1, 0, 1, 1, 0, 0, 0, 0, 1, 0, 1, 1, 0, 0, 1, 0, 0, 3, 0, 1, 1, 0, 1, 0, 0, 1, 2, 1, 0, 0, 3, 0, 0, 3, 1, 0, 1, 0, 1, 1, 2, 0, 0, 0, 0, 3, 0, 0, 1, 0, 0, 0, 3, 1, 0, 1, 0, 2, 0, 0, 1, 0, 0, 3, 0, 1, 0, 0, 0, 3, 1, 0, 0, 2, 0, 0, 1, 0, 3, 0, 0, 1, 1, 0, 2, 0, 0, 0, 0, 0]
event=955:G2_TEC:action:mode=exploit,state=0,draw=0.5761465248118137,action=2
event=956:G2_TEC:tournament:reason=action2,left=27,right=50,selected=[66, 68, 50, 92, 86, 48, 24, 89, 70, 13, 60, 55, 93, 15, 25, 52, 1, 59, 76, 67, 65, 17, 77, 75, 28, 26, 35, 36, 94, 95, 41, 6, 7, 0, 79, 33, 46, 58, 32, 88, 54, 71, 53, 29, 56, 8, 49, 39, 34, 14, 37, 72, 38, 23, 40, 98, 69, 27, 47, 80, 73, 63, 83, 44, 57, 11, 5, 82, 61, 16, 45, 51, 42, 3, 90, 81, 91, 21, 87, 19, 18, 9, 62, 22, 99, 64, 10, 2, 31, 43, 30, 85, 84, 20, 74, 78, 12, 4, 96, 97]|[1, 1, 0, 1, 1, 2, 2, 0, 0, 2, 1, 0, 1, 0, 0, 0, 0, 2, 0, 2, 1, 0, 2, 0, 2, 2, 0, 2, 0, 1, 2, 2, 2, 1, 1, 0, 1, 0, 0, 1, 1, 0, 1, 2, 1, 0, 1, 0, 1, 2, 1, 0, 0, 1, 1, 2, 0, 1, 0, 2, 0, 2, 1, 0, 0, 1, 1, 1, 0, 2, 0, 1, 0, 1, 2, 1, 1, 1, 2, 1, 2, 1, 0, 1, 0, 2, 0, 2, 1, 2, 2, 1, 1, 0, 0, 2, 0, 0, 1, 2]|[1, 0, 2, 4, 3, 2, 0, 1, 0, 2, 1, 2, 4, 1, 2, 0, 0, 1, 1, 2, 4, 2, 2, 1, 1, 1, 0, 2, 0, 3, 1, 1, 2, 0, 0, 2, 4, 0, 1, 4, 4, 0, 3, 2, 3, 2, 4, 0, 0, 1, 4, 2, 1, 3, 0, 2, 0, 3, 0, 1, 2, 1, 2, 1, 0, 3, 0, 4, 1, 1, 2, 4, 0, 2, 1, 4, 3, 3, 1, 0, 1, 4, 0, 4, 0, 1, 2, 1, 4, 1, 1, 3, 4, 2, 2, 1, 2, 1, 4, 1]|[0, 2, 0, 0, 1, 0, 0, 0, 0, 0, 3, 0, 1, 1, 0, 0, 0, 0, 1, 0, 1, 0, 0, 1, 1, 1, 0, 0, 0, 3, 0, 0, 1, 0, 0, 1, 2, 1, 0, 0, 3, 0, 1, 0, 1, 1, 0, 0, 3, 1, 2, 0, 0, 1, 0, 0, 0, 1, 0, 0, 1, 0, 3, 1, 0, 0, 0, 1, 0, 0, 1, 2, 0, 3, 0, 1, 3, 1, 0, 3, 0, 2, 0, 2, 0, 0, 1, 0, 1, 0, 0, 3, 1, 0, 0, 0, 0, 1, 1, 0]
event=957:G2_TEC:leader:action=2,fingerprint=[66, 68, 50, 92, 86, 48, 24, 89, 70, 13, 60, 55, 93, 15, 25, 52, 1, 59, 76, 67, 65, 17, 77, 75, 28, 26, 35, 36, 94, 95, 41, 6, 7, 0, 79, 33, 46, 58, 32, 88, 54, 71, 53, 29, 56, 8, 49, 39, 34, 14, 37, 72, 38, 23, 40, 98, 69, 27, 47, 80, 73, 63, 83, 44, 57, 11, 5, 82, 61, 16, 45, 51, 42, 3, 90, 81, 91, 21, 87, 19, 18, 9, 62, 22, 99, 64, 10, 2, 31, 43, 30, 85, 84, 20, 74, 78, 12, 4, 96, 97]|[1, 1, 0, 1, 1, 2, 2, 0, 0, 2, 1, 0, 1, 0, 0, 0, 0, 2, 0, 2, 1, 0, 2, 0, 2, 2, 0, 2, 0, 1, 2, 2, 2, 1, 1, 0, 1, 0, 0, 1, 1, 0, 1, 2, 1, 0, 1, 0, 1, 2, 1, 0, 0, 1, 1, 2, 0, 1, 0, 2, 0, 2, 1, 0, 0, 1, 1, 1, 0, 2, 0, 1, 0, 1, 2, 1, 1, 1, 2, 1, 2, 1, 0, 1, 0, 2, 0, 2, 1, 2, 2, 1, 1, 0, 0, 2, 0, 0, 1, 2]|[1, 0, 2, 4, 3, 2, 0, 1, 0, 2, 1, 2, 4, 1, 2, 0, 0, 1, 1, 2, 4, 2, 2, 1, 1, 1, 0, 2, 0, 3, 1, 1, 2, 0, 0, 2, 4, 0, 1, 4, 4, 0, 3, 2, 3, 2, 4, 0, 0, 1, 4, 2, 1, 3, 0, 2, 0, 3, 0, 1, 2, 1, 2, 1, 0, 3, 0, 4, 1, 1, 2, 4, 0, 2, 1, 4, 3, 3, 1, 0, 1, 4, 0, 4, 0, 1, 2, 1, 4, 1, 1, 3, 4, 2, 2, 1, 2, 1, 4, 1]|[0, 2, 0, 0, 1, 0, 0, 0, 0, 0, 3, 0, 1, 1, 0, 0, 0, 0, 1, 0, 1, 0, 0, 1, 1, 1, 0, 0, 0, 3, 0, 0, 1, 0, 0, 1, 2, 1, 0, 0, 3, 0, 1, 0, 1, 1, 0, 0, 3, 1, 2, 0, 0, 1, 0, 0, 0, 1, 0, 0, 1, 0, 3, 1, 0, 0, 0, 1, 0, 0, 1, 2, 0, 3, 0, 1, 3, 1, 0, 3, 0, 2, 0, 2, 0, 0, 1, 0, 1, 0, 0, 3, 1, 0, 0, 0, 0, 1, 1, 0]
event=958:G3_TWC:action:mode=exploit,state=1,draw=0.4706614854204808,action=1
event=959:G3_TWC:leader:action=1,fingerprint=[66, 68, 55, 92, 86, 48, 24, 89, 70, 13, 60, 50, 93, 15, 25, 52, 1, 59, 76, 67, 65, 17, 77, 75, 28, 26, 35, 36, 94, 95, 41, 6, 7, 0, 79, 33, 46, 58, 32, 88, 54, 71, 53, 29, 56, 8, 49, 39, 34, 14, 37, 72, 38, 23, 40, 98, 69, 27, 47, 80, 73, 63, 83, 44, 57, 11, 5, 82, 61, 16, 45, 51, 42, 3, 90, 81, 91, 21, 87, 19, 18, 9, 62, 22, 99, 64, 10, 2, 31, 43, 30, 85, 84, 20, 74, 78, 12, 4, 96, 97]|[1, 1, 0, 1, 1, 2, 2, 0, 0, 2, 1, 0, 1, 0, 0, 0, 0, 2, 0, 2, 1, 0, 2, 0, 2, 2, 0, 2, 0, 1, 2, 2, 2, 1, 1, 0, 1, 0, 0, 1, 1, 0, 1, 2, 1, 0, 1, 0, 1, 2, 1, 0, 0, 1, 1, 2, 0, 1, 0, 2, 0, 2, 1, 0, 0, 1, 1, 1, 2, 2, 0, 1, 0, 1, 2, 1, 1, 1, 2, 1, 2, 1, 0, 1, 0, 2, 0, 2, 1, 2, 2, 1, 1, 0, 0, 2, 0, 0, 1, 0]|[1, 0, 2, 4, 3, 2, 0, 1, 0, 2, 1, 2, 4, 1, 2, 0, 0, 1, 1, 2, 4, 2, 2, 1, 1, 1, 0, 2, 0, 3, 1, 1, 2, 0, 0, 2, 4, 0, 1, 4, 4, 0, 3, 2, 3, 2, 4, 0, 0, 1, 4, 2, 1, 3, 0, 2, 0, 3, 0, 1, 2, 1, 2, 1, 0, 3, 0, 4, 1, 1, 2, 4, 0, 2, 1, 4, 3, 3, 1, 0, 1, 4, 0, 4, 0, 1, 2, 1, 4, 1, 1, 3, 4, 2, 2, 1, 2, 1, 4, 2]|[0, 2, 0, 0, 1, 0, 0, 0, 0, 0, 3, 0, 1, 1, 0, 0, 0, 0, 1, 0, 1, 0, 0, 1, 1, 1, 0, 0, 0, 3, 0, 0, 1, 0, 0, 1, 2, 1, 0, 0, 3, 0, 1, 0, 1, 1, 0, 0, 3, 1, 2, 0, 0, 1, 0, 0, 0, 1, 0, 0, 1, 0, 3, 1, 0, 0, 0, 1, 0, 0, 1, 2, 0, 3, 0, 1, 3, 1, 0, 3, 0, 2, 0, 2, 0, 0, 1, 0, 1, 0, 0, 3, 1, 0, 0, 0, 0, 1, 1, 1]
event=960:G1_CMAX:update:state=1,action=2,reward=-76.69407143860997,nextState=1,old=-344.0493288612414,new=-339.225696302379
event=961:G2_TEC:update:state=0,action=2,reward=-1315.6120660256056,nextState=1,old=-556.9979129854851,new=-1390.424208441582
event=962:G3_TWC:update:state=1,action=1,reward=-2767.442791101028,nextState=1,old=-10558.410136719802,new=-11214.170900476869
event=963:G4_BALANCED:update:state=1,action=0,reward=-0.09409802410132487,nextState=1,old=-0.468651932669925,new=-0.4690195702372649
event=964:G1_CMAX:action:mode=exploit,state=1,draw=0.5571515592209412,action=1
event=965:G1_CMAX:leader:action=1,fingerprint=[49, 8, 56, 29, 54, 32, 38, 58, 46, 33, 71, 79, 0, 7, 6, 41, 95, 36, 35, 26, 28, 75, 77, 65, 67, 42, 59, 1, 52, 74, 55, 15, 94, 93, 50, 60, 13, 70, 89, 24, 48, 86, 25, 68, 66, 53, 76, 34, 14, 37, 72, 88, 23, 40, 98, 69, 27, 47, 80, 73, 63, 83, 44, 57, 11, 5, 82, 61, 16, 45, 51, 3, 90, 81, 91, 21, 87, 19, 18, 9, 62, 22, 99, 64, 10, 39, 2, 31, 43, 92, 30, 85, 84, 20, 17, 78, 96, 4, 12, 97]|[1, 0, 1, 2, 1, 0, 0, 0, 1, 0, 0, 1, 1, 2, 1, 2, 1, 2, 0, 2, 2, 0, 2, 1, 2, 0, 2, 0, 0, 0, 0, 0, 0, 1, 0, 1, 1, 2, 0, 2, 2, 1, 0, 1, 1, 1, 0, 1, 2, 1, 0, 0, 0, 1, 2, 0, 1, 0, 1, 1, 2, 1, 0, 0, 1, 1, 1, 2, 2, 0, 1, 1, 2, 2, 1, 2, 2, 1, 2, 1, 0, 1, 0, 2, 0, 0, 2, 1, 1, 1, 0, 0, 1, 1, 0, 2, 1, 0, 1, 1]|[3, 2, 3, 2, 1, 1, 1, 0, 4, 2, 1, 0, 0, 2, 4, 1, 3, 2, 0, 1, 1, 1, 2, 4, 2, 1, 1, 0, 0, 2, 2, 1, 0, 4, 2, 1, 0, 1, 1, 0, 2, 3, 2, 1, 0, 3, 0, 0, 1, 4, 2, 2, 1, 0, 2, 0, 3, 2, 4, 0, 1, 2, 1, 0, 3, 0, 4, 1, 1, 2, 4, 2, 1, 2, 3, 1, 1, 0, 1, 4, 0, 4, 0, 1, 2, 0, 1, 3, 3, 1, 0, 2, 4, 2, 2, 1, 4, 1, 2, 4]|[0, 1, 1, 0, 3, 0, 0, 1, 2, 1, 0, 0, 0, 1, 2, 0, 3, 0, 0, 1, 1, 1, 0, 1, 0, 1, 0, 0, 0, 0, 0, 1, 0, 1, 0, 3, 2, 0, 0, 0, 0, 1, 0, 0, 2, 1, 0, 3, 1, 2, 0, 1, 0, 0, 0, 0, 1, 1, 2, 0, 0, 3, 1, 0, 0, 0, 1, 0, 0, 1, 2, 3, 0, 1, 3, 0, 0, 3, 0, 2, 0, 0, 0, 0, 1, 0, 0, 3, 3, 0, 0, 0, 1, 2, 0, 0, 1, 1, 2, 0]
event=966:G4_BALANCED:action:mode=exploit,state=1,draw=0.7624005355865483,action=0
event=967:G4_BALANCED:leader:action=0,fingerprint=[66, 68, 55, 92, 86, 48, 24, 53, 70, 13, 60, 50, 93, 15, 25, 52, 1, 59, 76, 67, 65, 88, 77, 75, 28, 26, 35, 36, 94, 56, 41, 6, 7, 0, 79, 33, 46, 58, 32, 17, 54, 71, 29, 95, 8, 49, 89, 39, 34, 14, 37, 72, 38, 23, 40, 98, 69, 11, 45, 22, 73, 63, 83, 44, 57, 27, 5, 96, 2, 16, 47, 51, 42, 3, 90, 81, 64, 21, 87, 19, 18, 62, 80, 9, 99, 91, 10, 61, 31, 43, 30, 85, 84, 20, 4, 78, 82, 74, 97, 12]|[1, 2, 0, 1, 2, 2, 2, 1, 0, 2, 1, 0, 1, 0, 0, 0, 1, 2, 0, 2, 1, 0, 2, 2, 2, 0, 2, 1, 0, 1, 1, 2, 2, 1, 1, 1, 1, 0, 0, 0, 1, 0, 2, 1, 0, 1, 1, 0, 1, 2, 1, 0, 0, 0, 1, 1, 0, 1, 0, 2, 1, 0, 1, 0, 0, 1, 1, 1, 2, 2, 1, 2, 0, 1, 2, 0, 2, 2, 2, 1, 1, 0, 1, 1, 2, 1, 0, 2, 1, 2, 2, 0, 1, 0, 1, 2, 2, 0, 0, 0]|[4, 2, 0, 4, 1, 2, 0, 3, 0, 2, 4, 2, 4, 1, 2, 0, 4, 1, 1, 1, 4, 2, 2, 1, 1, 2, 2, 3, 0, 3, 1, 1, 2, 0, 0, 1, 4, 0, 1, 2, 4, 0, 2, 3, 2, 4, 3, 0, 3, 1, 4, 2, 1, 1, 0, 4, 0, 3, 2, 1, 0, 1, 4, 1, 0, 3, 3, 4, 1, 1, 4, 2, 0, 4, 1, 2, 1, 1, 1, 0, 0, 0, 4, 4, 1, 4, 2, 1, 3, 1, 1, 1, 4, 2, 4, 1, 1, 2, 2, 2]|[0, 0, 0, 0, 1, 0, 0, 1, 0, 0, 1, 0, 1, 1, 0, 0, 0, 0, 1, 0, 1, 1, 0, 0, 1, 0, 0, 3, 0, 1, 1, 0, 1, 0, 0, 1, 2, 1, 0, 0, 3, 0, 0, 3, 1, 0, 1, 0, 1, 1, 2, 0, 0, 0, 0, 3, 0, 0, 1, 0, 0, 0, 3, 1, 0, 1, 0, 2, 0, 0, 1, 0, 0, 3, 0, 1, 0, 0, 0, 3, 1, 0, 0, 2, 0, 0, 1, 0, 3, 0, 0, 1, 1, 0, 2, 0, 0, 0, 0, 0]
event=968:G2_TEC:action:mode=exploit,state=1,draw=0.440115486497608,action=1
event=969:G2_TEC:leader:action=1,fingerprint=[66, 68, 32, 92, 86, 48, 3, 69, 70, 13, 60, 50, 93, 15, 52, 23, 1, 59, 76, 67, 58, 17, 77, 75, 28, 41, 95, 44, 36, 35, 26, 7, 0, 79, 88, 94, 46, 54, 71, 53, 29, 56, 65, 39, 34, 8, 49, 33, 55, 14, 37, 72, 38, 78, 40, 98, 89, 27, 47, 80, 30, 11, 5, 96, 2, 16, 83, 6, 51, 42, 24, 90, 81, 22, 64, 21, 87, 19, 18, 84, 62, 63, 91, 73, 99, 61, 10, 57, 31, 43, 45, 85, 9, 20, 4, 25, 82, 74, 12, 97]|[1, 1, 0, 1, 2, 2, 1, 2, 0, 1, 1, 0, 1, 0, 0, 0, 1, 2, 0, 2, 0, 0, 2, 0, 2, 2, 0, 1, 2, 0, 2, 1, 1, 1, 1, 0, 0, 1, 0, 1, 2, 1, 0, 0, 1, 0, 1, 1, 0, 1, 1, 0, 0, 1, 1, 1, 2, 1, 0, 0, 2, 1, 1, 1, 2, 2, 1, 0, 0, 0, 1, 2, 0, 1, 2, 2, 2, 2, 2, 1, 0, 2, 2, 0, 2, 2, 1, 0, 1, 1, 1, 0, 1, 0, 1, 2, 2, 0, 0, 0]|[4, 4, 1, 4, 1, 2, 4, 2, 1, 0, 4, 0, 4, 1, 0, 0, 4, 1, 1, 1, 0, 2, 2, 1, 2, 1, 0, 3, 1, 0, 1, 4, 4, 0, 0, 0, 2, 4, 1, 3, 2, 3, 0, 0, 3, 2, 4, 1, 2, 0, 4, 2, 1, 4, 3, 4, 2, 3, 0, 2, 1, 3, 3, 4, 1, 1, 4, 1, 2, 0, 4, 1, 2, 3, 1, 1, 1, 1, 1, 4, 0, 1, 1, 2, 1, 1, 4, 0, 3, 3, 4, 1, 4, 2, 4, 1, 1, 2, 2, 2]|[0, 1, 0, 0, 1, 0, 1, 0, 0, 2, 3, 0, 1, 1, 0, 0, 0, 0, 0, 0, 1, 0, 0, 1, 1, 0, 0, 3, 0, 0, 0, 2, 0, 0, 0, 0, 0, 3, 0, 1, 0, 1, 1, 0, 1, 0, 2, 1, 0, 0, 2, 0, 0, 1, 1, 3, 0, 1, 0, 0, 0, 0, 0, 2, 0, 0, 3, 1, 0, 0, 1, 0, 0, 1, 0, 0, 0, 0, 0, 1, 0, 0, 0, 0, 0, 0, 0, 0, 3, 3, 1, 0, 2, 0, 2, 0, 0, 0, 0, 0]
event=970:G3_TWC:action:mode=exploit,state=1,draw=0.3469962951577339,action=1
event=971:G3_TWC:leader:action=1,fingerprint=[66, 68, 55, 92, 86, 48, 24, 89, 70, 13, 60, 50, 93, 15, 25, 52, 1, 59, 76, 67, 65, 17, 77, 75, 28, 26, 35, 36, 94, 95, 41, 6, 7, 0, 79, 33, 46, 58, 32, 88, 54, 71, 53, 29, 56, 8, 49, 39, 34, 14, 37, 72, 38, 23, 40, 98, 69, 27, 47, 80, 73, 63, 83, 44, 57, 11, 5, 82, 61, 16, 45, 51, 42, 3, 90, 81, 91, 21, 87, 19, 18, 9, 62, 22, 99, 64, 10, 2, 31, 43, 30, 85, 84, 20, 74, 78, 12, 4, 96, 97]|[1, 1, 0, 1, 1, 2, 2, 0, 0, 2, 1, 0, 1, 0, 0, 0, 0, 2, 0, 2, 1, 0, 2, 0, 2, 2, 0, 2, 0, 1, 2, 2, 2, 1, 1, 0, 1, 0, 0, 1, 1, 0, 1, 2, 1, 0, 1, 0, 1, 2, 1, 0, 0, 1, 1, 2, 0, 1, 0, 2, 0, 2, 1, 0, 0, 1, 1, 1, 2, 2, 0, 1, 0, 1, 2, 1, 1, 1, 2, 1, 2, 1, 0, 1, 0, 2, 0, 2, 1, 2, 2, 1, 1, 0, 0, 2, 0, 0, 1, 0]|[1, 0, 2, 4, 3, 2, 0, 1, 0, 2, 1, 2, 4, 1, 2, 0, 0, 1, 1, 2, 4, 2, 2, 1, 1, 1, 0, 2, 0, 3, 1, 1, 2, 0, 0, 2, 4, 0, 1, 4, 4, 0, 3, 2, 3, 2, 4, 0, 0, 1, 4, 2, 1, 3, 0, 2, 0, 3, 0, 1, 2, 1, 2, 1, 0, 3, 0, 4, 1, 1, 2, 4, 0, 2, 1, 4, 3, 3, 1, 0, 1, 4, 0, 4, 0, 1, 2, 1, 4, 1, 1, 3, 4, 2, 2, 1, 2, 1, 4, 2]|[0, 2, 0, 0, 1, 0, 0, 0, 0, 0, 3, 0, 1, 1, 0, 0, 0, 0, 1, 0, 1, 0, 0, 1, 1, 1, 0, 0, 0, 3, 0, 0, 1, 0, 0, 1, 2, 1, 0, 0, 3, 0, 1, 0, 1, 1, 0, 0, 3, 1, 2, 0, 0, 1, 0, 0, 0, 1, 0, 0, 1, 0, 3, 1, 0, 0, 0, 1, 0, 0, 1, 2, 0, 3, 0, 1, 3, 1, 0, 3, 0, 2, 0, 2, 0, 0, 1, 0, 1, 0, 0, 3, 1, 0, 0, 0, 0, 1, 1, 1]
event=972:G1_CMAX:update:state=1,action=1,reward=-97.74395849648931,nextState=1,old=-328.16453107971125,new=-360.27558336025834
event=973:G2_TEC:update:state=1,action=1,reward=519.4695907251298,nextState=0,old=-93.51517801997073,new=-3.193260716353393
event=974:G3_TWC:update:state=1,action=1,reward=-1345.5761419428018,nextState=1,old=-11214.170900476869,new=-10316.912862324298
event=975:G4_BALANCED:update:state=1,action=0,reward=-0.11245017137454587,nextState=1,old=-0.4690195702372649,new=-0.48766582756435783
event=976:G1_CMAX:action:mode=exploit,state=1,draw=0.27831520012239497,action=2
event=977:G1_CMAX:tournament:reason=action2,left=50,right=50,selected=[66, 68, 55, 92, 86, 48, 24, 89, 70, 13, 60, 50, 93, 15, 25, 52, 1, 59, 76, 67, 65, 17, 77, 75, 28, 26, 35, 36, 94, 95, 41, 6, 7, 0, 79, 33, 46, 58, 32, 88, 54, 71, 53, 29, 56, 8, 49, 39, 34, 14, 37, 72, 38, 23, 40, 98, 69, 27, 47, 80, 73, 63, 83, 44, 57, 11, 12, 82, 61, 16, 45, 51, 42, 4, 90, 81, 91, 21, 87, 19, 18, 9, 62, 22, 99, 64, 10, 2, 31, 43, 30, 85, 84, 20, 74, 78, 96, 3, 5, 97]|[1, 1, 0, 1, 1, 2, 2, 0, 2, 2, 1, 0, 1, 0, 0, 0, 0, 2, 0, 2, 1, 0, 2, 0, 2, 2, 0, 2, 0, 1, 2, 2, 2, 1, 1, 0, 1, 0, 0, 1, 1, 0, 1, 2, 1, 0, 1, 0, 1, 2, 1, 0, 0, 1, 1, 2, 0, 1, 0, 2, 0, 2, 1, 0, 0, 1, 1, 1, 2, 2, 0, 1, 0, 0, 2, 1, 1, 1, 2, 1, 2, 1, 0, 1, 0, 2, 0, 2, 1, 2, 2, 1, 1, 0, 0, 2, 1, 1, 1, 0]|[1, 0, 2, 4, 3, 2, 0, 1, 2, 2, 1, 2, 4, 1, 2, 0, 0, 1, 1, 2, 4, 2, 2, 1, 1, 1, 0, 2, 0, 3, 1, 1, 2, 0, 0, 2, 4, 0, 1, 4, 4, 0, 3, 2, 3, 2, 4, 0, 0, 1, 4, 2, 1, 3, 0, 2, 0, 3, 0, 1, 2, 1, 3, 1, 0, 2, 0, 4, 1, 1, 2, 4, 0, 1, 1, 4, 3, 3, 1, 0, 1, 4, 0, 4, 0, 1, 2, 1, 4, 1, 1, 3, 4, 2, 2, 1, 4, 2, 0, 2]|[0, 2, 0, 0, 1, 0, 0, 0, 0, 0, 3, 0, 1, 1, 0, 0, 0, 0, 1, 0, 1, 0, 0, 1, 1, 1, 0, 0, 0, 3, 0, 0, 1, 0, 0, 1, 2, 1, 0, 0, 3, 0, 1, 0, 1, 1, 0, 0, 3, 1, 2, 0, 0, 1, 0, 0, 0, 1, 0, 0, 1, 0, 0, 1, 0, 3, 0, 1, 0, 0, 1, 2, 0, 1, 0, 1, 3, 1, 0, 3, 0, 2, 0, 2, 0, 0, 1, 0, 1, 0, 0, 3, 1, 0, 0, 0, 1, 3, 0, 1]
event=978:G1_CMAX:leader:action=2,fingerprint=[66, 68, 55, 92, 86, 48, 24, 89, 70, 13, 60, 50, 93, 15, 25, 52, 1, 59, 76, 67, 65, 17, 77, 75, 28, 26, 35, 36, 94, 95, 41, 6, 7, 0, 79, 33, 46, 58, 32, 88, 54, 71, 53, 29, 56, 8, 49, 39, 34, 14, 37, 72, 38, 23, 40, 98, 69, 27, 47, 80, 73, 63, 83, 44, 57, 11, 12, 82, 61, 16, 45, 51, 42, 4, 90, 81, 91, 21, 87, 19, 18, 9, 62, 22, 99, 64, 10, 2, 31, 43, 30, 85, 84, 20, 74, 78, 96, 3, 5, 97]|[1, 1, 0, 1, 1, 2, 2, 0, 2, 2, 1, 0, 1, 0, 0, 0, 0, 2, 0, 2, 1, 0, 2, 0, 2, 2, 0, 2, 0, 1, 2, 2, 2, 1, 1, 0, 1, 0, 0, 1, 1, 0, 1, 2, 1, 0, 1, 0, 1, 2, 1, 0, 0, 1, 1, 2, 0, 1, 0, 2, 0, 2, 1, 0, 0, 1, 1, 1, 2, 2, 0, 1, 0, 0, 2, 1, 1, 1, 2, 1, 2, 1, 0, 1, 0, 2, 0, 2, 1, 2, 2, 1, 1, 0, 0, 2, 1, 1, 1, 0]|[1, 0, 2, 4, 3, 2, 0, 1, 2, 2, 1, 2, 4, 1, 2, 0, 0, 1, 1, 2, 4, 2, 2, 1, 1, 1, 0, 2, 0, 3, 1, 1, 2, 0, 0, 2, 4, 0, 1, 4, 4, 0, 3, 2, 3, 2, 4, 0, 0, 1, 4, 2, 1, 3, 0, 2, 0, 3, 0, 1, 2, 1, 3, 1, 0, 2, 0, 4, 1, 1, 2, 4, 0, 1, 1, 4, 3, 3, 1, 0, 1, 4, 0, 4, 0, 1, 2, 1, 4, 1, 1, 3, 4, 2, 2, 1, 4, 2, 0, 2]|[0, 2, 0, 0, 1, 0, 0, 0, 0, 0, 3, 0, 1, 1, 0, 0, 0, 0, 1, 0, 1, 0, 0, 1, 1, 1, 0, 0, 0, 3, 0, 0, 1, 0, 0, 1, 2, 1, 0, 0, 3, 0, 1, 0, 1, 1, 0, 0, 3, 1, 2, 0, 0, 1, 0, 0, 0, 1, 0, 0, 1, 0, 0, 1, 0, 3, 0, 1, 0, 0, 1, 2, 0, 1, 0, 1, 3, 1, 0, 3, 0, 2, 0, 2, 0, 0, 1, 0, 1, 0, 0, 3, 1, 0, 0, 0, 1, 3, 0, 1]
event=979:G4_BALANCED:action:mode=exploit,state=1,draw=0.6286806145540746,action=1
event=980:G4_BALANCED:leader:action=1,fingerprint=[49, 8, 56, 29, 54, 32, 38, 58, 46, 33, 71, 79, 0, 7, 6, 41, 95, 36, 35, 26, 28, 75, 77, 65, 67, 42, 59, 1, 52, 74, 55, 15, 94, 93, 50, 60, 13, 70, 89, 24, 48, 86, 25, 68, 66, 53, 76, 34, 14, 37, 72, 88, 23, 40, 98, 69, 27, 47, 80, 73, 63, 83, 44, 57, 11, 5, 82, 61, 16, 45, 51, 3, 90, 81, 91, 21, 87, 19, 18, 9, 62, 22, 99, 64, 10, 39, 2, 31, 43, 92, 30, 85, 84, 20, 17, 78, 96, 4, 12, 97]|[1, 0, 1, 2, 1, 0, 0, 0, 1, 0, 0, 1, 1, 2, 1, 2, 1, 2, 0, 2, 2, 0, 2, 1, 2, 0, 2, 0, 0, 0, 0, 0, 0, 1, 0, 1, 1, 2, 0, 2, 2, 1, 0, 1, 1, 1, 0, 1, 2, 1, 0, 0, 0, 1, 2, 0, 1, 0, 1, 1, 2, 1, 0, 0, 1, 1, 1, 2, 2, 0, 1, 1, 2, 2, 1, 2, 2, 1, 2, 1, 0, 1, 0, 2, 0, 0, 2, 1, 1, 1, 0, 0, 1, 1, 0, 2, 1, 0, 1, 1]|[3, 2, 3, 2, 1, 1, 1, 0, 4, 2, 1, 0, 0, 2, 4, 1, 3, 2, 0, 1, 1, 1, 2, 4, 2, 1, 1, 0, 0, 2, 2, 1, 0, 4, 2, 1, 0, 1, 1, 0, 2, 3, 2, 1, 0, 3, 0, 0, 1, 4, 2, 2, 1, 0, 2, 0, 3, 2, 4, 0, 1, 2, 1, 0, 3, 0, 4, 1, 1, 2, 4, 2, 1, 2, 3, 1, 1, 0, 1, 4, 0, 4, 0, 1, 2, 0, 1, 3, 3, 1, 0, 2, 4, 2, 2, 1, 4, 1, 2, 4]|[0, 1, 1, 0, 3, 0, 0, 1, 2, 1, 0, 0, 0, 1, 2, 0, 3, 0, 0, 1, 1, 1, 0, 1, 0, 1, 0, 0, 0, 0, 0, 1, 0, 1, 0, 3, 2, 0, 0, 0, 0, 1, 0, 0, 2, 1, 0, 3, 1, 2, 0, 1, 0, 0, 0, 0, 1, 1, 2, 0, 0, 3, 1, 0, 0, 0, 1, 0, 0, 1, 2, 3, 0, 1, 3, 0, 0, 3, 0, 2, 0, 0, 0, 0, 1, 0, 0, 3, 3, 0, 0, 0, 1, 2, 0, 0, 1, 1, 2, 0]
event=981:G2_TEC:action:mode=exploit,state=0,draw=0.11846207860141722,action=1
event=982:G2_TEC:leader:action=1,fingerprint=[66, 68, 32, 92, 86, 48, 3, 69, 70, 13, 60, 50, 93, 15, 52, 23, 1, 59, 76, 67, 58, 17, 77, 75, 28, 41, 95, 44, 36, 35, 26, 7, 0, 79, 88, 94, 46, 54, 71, 53, 29, 56, 65, 39, 34, 8, 49, 33, 55, 14, 37, 72, 38, 78, 40, 98, 89, 27, 47, 80, 30, 11, 5, 96, 2, 16, 83, 6, 51, 42, 24, 90, 81, 22, 64, 21, 87, 19, 18, 84, 62, 63, 91, 73, 99, 61, 10, 57, 31, 43, 45, 85, 9, 20, 4, 25, 82, 74, 12, 97]|[1, 1, 0, 1, 2, 2, 1, 2, 0, 1, 1, 0, 1, 0, 0, 0, 1, 2, 0, 2, 0, 0, 2, 0, 2, 2, 0, 1, 2, 0, 2, 1, 1, 1, 1, 0, 0, 1, 0, 1, 2, 1, 0, 0, 1, 0, 1, 1, 0, 1, 1, 0, 0, 1, 1, 1, 2, 1, 0, 0, 2, 1, 1, 1, 2, 2, 1, 0, 0, 0, 1, 2, 0, 1, 2, 2, 2, 2, 2, 1, 0, 2, 2, 0, 2, 2, 1, 0, 1, 1, 1, 0, 1, 0, 1, 2, 2, 0, 0, 0]|[4, 4, 1, 4, 1, 2, 4, 2, 1, 0, 4, 0, 4, 1, 0, 0, 4, 1, 1, 1, 0, 2, 2, 1, 2, 1, 0, 3, 1, 0, 1, 4, 4, 0, 0, 0, 2, 4, 1, 3, 2, 3, 0, 0, 3, 2, 4, 1, 2, 0, 4, 2, 1, 4, 3, 4, 2, 3, 0, 2, 1, 3, 3, 4, 1, 1, 4, 1, 2, 0, 4, 1, 2, 3, 1, 1, 1, 1, 1, 4, 0, 1, 1, 2, 1, 1, 4, 0, 3, 3, 4, 1, 4, 2, 4, 1, 1, 2, 2, 2]|[0, 1, 0, 0, 1, 0, 1, 0, 0, 2, 3, 0, 1, 1, 0, 0, 0, 0, 0, 0, 1, 0, 0, 1, 1, 0, 0, 3, 0, 0, 0, 2, 0, 0, 0, 0, 0, 3, 0, 1, 0, 1, 1, 0, 1, 0, 2, 1, 0, 0, 2, 0, 0, 1, 1, 3, 0, 1, 0, 0, 0, 0, 0, 2, 0, 0, 3, 1, 0, 0, 1, 0, 0, 1, 0, 0, 0, 0, 0, 1, 0, 0, 0, 0, 0, 0, 0, 0, 3, 3, 1, 0, 2, 0, 2, 0, 0, 0, 0, 0]
event=983:G3_TWC:action:mode=explore,state=1,draw=0.8334650886737318,action=1
event=984:G3_TWC:leader:action=1,fingerprint=[66, 68, 55, 92, 86, 48, 24, 89, 70, 13, 60, 50, 93, 15, 25, 52, 1, 59, 76, 67, 65, 17, 77, 75, 28, 26, 35, 36, 94, 95, 41, 6, 7, 0, 79, 33, 46, 58, 32, 88, 54, 71, 53, 29, 56, 8, 49, 39, 34, 14, 37, 72, 38, 23, 40, 98, 69, 27, 47, 80, 73, 63, 83, 44, 57, 11, 5, 82, 61, 16, 45, 51, 42, 3, 90, 81, 91, 21, 87, 19, 18, 9, 62, 22, 99, 64, 10, 2, 31, 43, 30, 85, 84, 20, 74, 78, 12, 4, 96, 97]|[1, 1, 0, 1, 1, 2, 2, 0, 0, 2, 1, 0, 1, 0, 0, 0, 0, 2, 0, 2, 1, 0, 2, 0, 2, 2, 0, 2, 0, 1, 2, 2, 2, 1, 1, 0, 1, 0, 0, 1, 1, 0, 1, 2, 1, 0, 1, 0, 1, 2, 1, 0, 0, 1, 1, 2, 0, 1, 0, 2, 0, 2, 1, 0, 0, 1, 1, 1, 2, 2, 0, 1, 0, 1, 2, 1, 1, 1, 2, 1, 2, 1, 0, 1, 0, 2, 0, 2, 1, 2, 2, 1, 1, 0, 0, 2, 0, 0, 1, 0]|[1, 0, 2, 4, 3, 2, 0, 1, 0, 2, 1, 2, 4, 1, 2, 0, 0, 1, 1, 2, 4, 2, 2, 1, 1, 1, 0, 2, 0, 3, 1, 1, 2, 0, 0, 2, 4, 0, 1, 4, 4, 0, 3, 2, 3, 2, 4, 0, 0, 1, 4, 2, 1, 3, 0, 2, 0, 3, 0, 1, 2, 1, 2, 1, 0, 3, 0, 4, 1, 1, 2, 4, 0, 2, 1, 4, 3, 3, 1, 0, 1, 4, 0, 4, 0, 1, 2, 1, 4, 1, 1, 3, 4, 2, 2, 1, 2, 1, 4, 2]|[0, 2, 0, 0, 1, 0, 0, 0, 0, 0, 3, 0, 1, 1, 0, 0, 0, 0, 1, 0, 1, 0, 0, 1, 1, 1, 0, 0, 0, 3, 0, 0, 1, 0, 0, 1, 2, 1, 0, 0, 3, 0, 1, 0, 1, 1, 0, 0, 3, 1, 2, 0, 0, 1, 0, 0, 0, 1, 0, 0, 1, 0, 3, 1, 0, 0, 0, 1, 0, 0, 1, 2, 0, 3, 0, 1, 3, 1, 0, 3, 0, 2, 0, 2, 0, 0, 1, 0, 1, 0, 0, 3, 1, 0, 0, 0, 0, 1, 1, 1]
event=985:G1_CMAX:update:state=1,action=2,reward=-29.698642663923806,nextState=1,old=-339.225696302379,new=-301.079199705827
event=986:G2_TEC:update:state=0,action=1,reward=-373.67568091026624,nextState=1,old=-653.3285643018539,new=-376.23028948334894
event=987:G3_TWC:update:state=1,action=1,reward=-1628.6943022908818,nextState=1,old=-10316.912862324298,new=-9882.22459215032
event=988:G4_BALANCED:update:state=1,action=1,reward=-0.17905964152146742,nextState=1,old=-0.4817524330332209,new=-0.5644615879480441
event=989:G1_CMAX:action:mode=exploit,state=1,draw=0.04049069703114161,action=2
event=990:G1_CMAX:tournament:reason=action2,left=1,right=19,selected=[66, 68, 55, 92, 86, 48, 24, 89, 70, 84, 60, 50, 93, 15, 25, 52, 1, 59, 76, 67, 65, 17, 77, 75, 28, 26, 35, 36, 94, 95, 41, 6, 7, 0, 79, 85, 46, 58, 32, 88, 54, 71, 53, 29, 56, 8, 49, 23, 38, 72, 37, 14, 34, 39, 40, 98, 69, 27, 18, 80, 73, 63, 83, 57, 11, 5, 82, 61, 16, 44, 51, 42, 3, 90, 81, 45, 91, 21, 87, 19, 47, 9, 30, 43, 31, 2, 10, 64, 99, 22, 62, 33, 13, 20, 74, 12, 96, 4, 78, 97]|[1, 1, 0, 1, 1, 2, 2, 2, 2, 1, 1, 0, 1, 0, 0, 0, 0, 2, 0, 2, 1, 0, 2, 0, 2, 2, 2, 2, 0, 1, 2, 2, 0, 1, 1, 0, 1, 0, 0, 0, 1, 0, 1, 2, 1, 0, 1, 0, 0, 0, 1, 2, 1, 0, 1, 2, 0, 1, 2, 2, 1, 2, 1, 0, 1, 1, 1, 2, 2, 0, 1, 0, 1, 2, 0, 0, 1, 0, 2, 1, 2, 1, 0, 2, 1, 2, 0, 1, 2, 1, 0, 0, 1, 0, 0, 1, 1, 0, 0, 1]|[1, 0, 1, 4, 3, 1, 0, 0, 1, 4, 1, 2, 4, 1, 2, 0, 0, 1, 1, 2, 4, 2, 2, 1, 1, 1, 2, 2, 0, 3, 1, 1, 2, 0, 0, 2, 4, 0, 1, 2, 4, 0, 3, 2, 3, 2, 3, 1, 1, 2, 4, 1, 0, 0, 0, 2, 0, 3, 1, 1, 0, 1, 2, 0, 3, 0, 4, 1, 1, 1, 4, 0, 2, 1, 2, 2, 3, 1, 1, 0, 1, 4, 0, 1, 4, 1, 2, 4, 1, 4, 0, 2, 0, 2, 2, 2, 4, 1, 1, 4]|[0, 2, 0, 0, 1, 0, 0, 1, 0, 1, 3, 0, 1, 1, 0, 0, 0, 0, 1, 0, 1, 0, 0, 1, 1, 1, 0, 0, 0, 3, 0, 0, 1, 0, 0, 0, 2, 1, 0, 1, 3, 0, 1, 0, 1, 1, 0, 0, 0, 0, 2, 1, 3, 0, 0, 0, 0, 1, 0, 0, 0, 0, 3, 0, 0, 0, 1, 0, 0, 1, 2, 0, 3, 0, 1, 1, 3, 0, 0, 3, 0, 2, 0, 0, 1, 0, 1, 0, 0, 0, 0, 1, 2, 0, 0, 2, 1, 1, 0, 0]
event=991:G1_CMAX:leader:action=2,fingerprint=[66, 68, 55, 92, 86, 48, 24, 89, 70, 84, 60, 50, 93, 15, 25, 52, 1, 59, 76, 67, 65, 17, 77, 75, 28, 26, 35, 36, 94, 95, 41, 6, 7, 0, 79, 85, 46, 58, 32, 88, 54, 71, 53, 29, 56, 8, 49, 23, 38, 72, 37, 14, 34, 39, 40, 98, 69, 27, 18, 80, 73, 63, 83, 57, 11, 5, 82, 61, 16, 44, 51, 42, 3, 90, 81, 45, 91, 21, 87, 19, 47, 9, 30, 43, 31, 2, 10, 64, 99, 22, 62, 33, 13, 20, 74, 12, 96, 4, 78, 97]|[1, 1, 0, 1, 1, 2, 2, 2, 2, 1, 1, 0, 1, 0, 0, 0, 0, 2, 0, 2, 1, 0, 2, 0, 2, 2, 2, 2, 0, 1, 2, 2, 0, 1, 1, 0, 1, 0, 0, 0, 1, 0, 1, 2, 1, 0, 1, 0, 0, 0, 1, 2, 1, 0, 1, 2, 0, 1, 2, 2, 1, 2, 1, 0, 1, 1, 1, 2, 2, 0, 1, 0, 1, 2, 0, 0, 1, 0, 2, 1, 2, 1, 0, 2, 1, 2, 0, 1, 2, 1, 0, 0, 1, 0, 0, 1, 1, 0, 0, 1]|[1, 0, 1, 4, 3, 1, 0, 0, 1, 4, 1, 2, 4, 1, 2, 0, 0, 1, 1, 2, 4, 2, 2, 1, 1, 1, 2, 2, 0, 3, 1, 1, 2, 0, 0, 2, 4, 0, 1, 2, 4, 0, 3, 2, 3, 2, 3, 1, 1, 2, 4, 1, 0, 0, 0, 2, 0, 3, 1, 1, 0, 1, 2, 0, 3, 0, 4, 1, 1, 1, 4, 0, 2, 1, 2, 2, 3, 1, 1, 0, 1, 4, 0, 1, 4, 1, 2, 4, 1, 4, 0, 2, 0, 2, 2, 2, 4, 1, 1, 4]|[0, 2, 0, 0, 1, 0, 0, 1, 0, 1, 3, 0, 1, 1, 0, 0, 0, 0, 1, 0, 1, 0, 0, 1, 1, 1, 0, 0, 0, 3, 0, 0, 1, 0, 0, 0, 2, 1, 0, 1, 3, 0, 1, 0, 1, 1, 0, 0, 0, 0, 2, 1, 3, 0, 0, 0, 0, 1, 0, 0, 0, 0, 3, 0, 0, 0, 1, 0, 0, 1, 2, 0, 3, 0, 1, 1, 3, 0, 0, 3, 0, 2, 0, 0, 1, 0, 1, 0, 0, 0, 0, 1, 2, 0, 0, 2, 1, 1, 0, 0]
event=992:G4_BALANCED:action:mode=exploit,state=1,draw=0.5498056286481737,action=0
event=993:G4_BALANCED:leader:action=0,fingerprint=[49, 8, 56, 29, 54, 32, 38, 58, 46, 33, 71, 79, 0, 7, 6, 41, 95, 36, 35, 26, 28, 75, 77, 65, 67, 42, 59, 1, 52, 74, 55, 15, 94, 93, 50, 60, 13, 70, 89, 24, 48, 86, 25, 68, 66, 53, 76, 34, 14, 37, 72, 88, 23, 40, 98, 69, 27, 47, 80, 73, 63, 83, 44, 57, 11, 5, 82, 61, 16, 45, 51, 3, 90, 81, 91, 21, 87, 19, 18, 9, 62, 22, 99, 64, 10, 39, 2, 31, 43, 92, 30, 85, 84, 20, 17, 78, 96, 4, 12, 97]|[1, 0, 1, 2, 1, 0, 0, 0, 1, 0, 0, 1, 1, 2, 1, 2, 1, 2, 0, 2, 2, 0, 2, 1, 2, 0, 2, 0, 0, 0, 0, 0, 0, 1, 0, 1, 1, 2, 0, 2, 2, 1, 0, 1, 1, 1, 0, 1, 2, 1, 0, 0, 0, 1, 2, 0, 1, 0, 1, 1, 2, 1, 0, 0, 1, 1, 1, 2, 2, 0, 1, 1, 2, 2, 1, 2, 2, 1, 2, 1, 0, 1, 0, 2, 0, 0, 2, 1, 1, 1, 0, 0, 1, 1, 0, 2, 1, 0, 1, 1]|[3, 2, 3, 2, 1, 1, 1, 0, 4, 2, 1, 0, 0, 2, 4, 1, 3, 2, 0, 1, 1, 1, 2, 4, 2, 1, 1, 0, 0, 2, 2, 1, 0, 4, 2, 1, 0, 1, 1, 0, 2, 3, 2, 1, 0, 3, 0, 0, 1, 4, 2, 2, 1, 0, 2, 0, 3, 2, 4, 0, 1, 2, 1, 0, 3, 0, 4, 1, 1, 2, 4, 2, 1, 2, 3, 1, 1, 0, 1, 4, 0, 4, 0, 1, 2, 0, 1, 3, 3, 1, 0, 2, 4, 2, 2, 1, 4, 1, 2, 4]|[0, 1, 1, 0, 3, 0, 0, 1, 2, 1, 0, 0, 0, 1, 2, 0, 3, 0, 0, 1, 1, 1, 0, 1, 0, 1, 0, 0, 0, 0, 0, 1, 0, 1, 0, 3, 2, 0, 0, 0, 0, 1, 0, 0, 2, 1, 0, 3, 1, 2, 0, 1, 0, 0, 0, 0, 1, 1, 2, 0, 0, 3, 1, 0, 0, 0, 1, 0, 0, 1, 2, 3, 0, 1, 3, 0, 0, 3, 0, 2, 0, 0, 0, 0, 1, 0, 0, 3, 3, 0, 0, 0, 1, 2, 0, 0, 1, 1, 2, 0]
event=994:G2_TEC:action:mode=exploit,state=1,draw=0.613014016111413,action=1
event=995:G2_TEC:leader:action=1,fingerprint=[66, 68, 32, 92, 86, 48, 3, 69, 70, 13, 60, 50, 93, 15, 52, 23, 1, 59, 76, 67, 58, 17, 77, 75, 28, 41, 95, 44, 36, 35, 26, 7, 0, 79, 88, 94, 46, 54, 71, 53, 29, 56, 65, 39, 34, 8, 49, 33, 55, 14, 37, 72, 38, 78, 40, 98, 89, 27, 47, 80, 30, 11, 5, 96, 2, 16, 83, 6, 51, 42, 24, 90, 81, 22, 64, 21, 87, 19, 18, 84, 62, 63, 91, 73, 99, 61, 10, 57, 31, 43, 45, 85, 9, 20, 4, 25, 82, 74, 12, 97]|[1, 1, 0, 1, 2, 2, 1, 2, 0, 1, 1, 0, 1, 0, 0, 0, 1, 2, 0, 2, 0, 0, 2, 0, 2, 2, 0, 1, 2, 0, 2, 1, 1, 1, 1, 0, 0, 1, 0, 1, 2, 1, 0, 0, 1, 0, 1, 1, 0, 1, 1, 0, 0, 1, 1, 1, 2, 1, 0, 0, 2, 1, 1, 1, 2, 2, 1, 0, 0, 0, 1, 2, 0, 1, 2, 2, 2, 2, 2, 1, 0, 2, 2, 0, 2, 2, 1, 0, 1, 1, 1, 0, 1, 0, 1, 2, 2, 0, 0, 0]|[4, 4, 1, 4, 1, 2, 4, 2, 1, 0, 4, 0, 4, 1, 0, 0, 4, 1, 1, 1, 0, 2, 2, 1, 2, 1, 0, 3, 1, 0, 1, 4, 4, 0, 0, 0, 2, 4, 1, 3, 2, 3, 0, 0, 3, 2, 4, 1, 2, 0, 4, 2, 1, 4, 3, 4, 2, 3, 0, 2, 1, 3, 3, 4, 1, 1, 4, 1, 2, 0, 4, 1, 2, 3, 1, 1, 1, 1, 1, 4, 0, 1, 1, 2, 1, 1, 4, 0, 3, 3, 4, 1, 4, 2, 4, 1, 1, 2, 2, 2]|[0, 1, 0, 0, 1, 0, 1, 0, 0, 2, 3, 0, 1, 1, 0, 0, 0, 0, 0, 0, 1, 0, 0, 1, 1, 0, 0, 3, 0, 0, 0, 2, 0, 0, 0, 0, 0, 3, 0, 1, 0, 1, 1, 0, 1, 0, 2, 1, 0, 0, 2, 0, 0, 1, 1, 3, 0, 1, 0, 0, 0, 0, 0, 2, 0, 0, 3, 1, 0, 0, 1, 0, 0, 1, 0, 0, 0, 0, 0, 1, 0, 0, 0, 0, 0, 0, 0, 0, 3, 3, 1, 0, 2, 0, 2, 0, 0, 0, 0, 0]
event=996:G3_TWC:action:mode=exploit,state=1,draw=0.5447690799884611,action=1
event=997:G3_TWC:leader:action=1,fingerprint=[66, 68, 55, 92, 86, 48, 24, 89, 70, 13, 60, 50, 93, 15, 25, 52, 1, 59, 76, 67, 65, 17, 77, 75, 28, 26, 35, 36, 94, 95, 41, 6, 7, 0, 79, 33, 46, 58, 32, 88, 54, 71, 53, 29, 56, 8, 49, 39, 34, 14, 37, 72, 38, 23, 40, 98, 69, 27, 47, 80, 73, 63, 83, 44, 57, 11, 5, 82, 61, 16, 45, 51, 42, 3, 90, 81, 91, 21, 87, 19, 18, 9, 62, 22, 99, 64, 10, 2, 31, 43, 30, 85, 84, 20, 74, 78, 12, 4, 96, 97]|[1, 1, 0, 1, 1, 2, 2, 0, 0, 2, 1, 0, 1, 0, 0, 0, 0, 2, 0, 2, 1, 0, 2, 0, 2, 2, 0, 2, 0, 1, 2, 2, 2, 1, 1, 0, 1, 0, 0, 1, 1, 0, 1, 2, 1, 0, 1, 0, 1, 2, 1, 0, 0, 1, 1, 2, 0, 1, 0, 2, 0, 2, 1, 0, 0, 1, 1, 1, 2, 2, 0, 1, 0, 1, 2, 1, 1, 1, 2, 1, 2, 1, 0, 1, 0, 2, 0, 2, 1, 2, 2, 1, 1, 0, 0, 2, 0, 0, 1, 0]|[1, 0, 2, 4, 3, 2, 0, 1, 0, 2, 1, 2, 4, 1, 2, 0, 0, 1, 1, 2, 4, 2, 2, 1, 1, 1, 0, 2, 0, 3, 1, 1, 2, 0, 0, 2, 4, 0, 1, 4, 4, 0, 3, 2, 3, 2, 4, 0, 0, 1, 4, 2, 1, 3, 0, 2, 0, 3, 0, 1, 2, 1, 2, 1, 0, 3, 0, 4, 1, 1, 2, 4, 0, 2, 1, 4, 3, 3, 1, 0, 1, 4, 0, 4, 0, 1, 2, 1, 4, 1, 1, 3, 4, 2, 2, 1, 2, 1, 4, 2]|[0, 2, 0, 0, 1, 0, 0, 0, 0, 0, 3, 0, 1, 1, 0, 0, 0, 0, 1, 0, 1, 0, 0, 1, 1, 1, 0, 0, 0, 3, 0, 0, 1, 0, 0, 1, 2, 1, 0, 0, 3, 0, 1, 0, 1, 1, 0, 0, 3, 1, 2, 0, 0, 1, 0, 0, 0, 1, 0, 0, 1, 0, 3, 1, 0, 0, 0, 1, 0, 0, 1, 2, 0, 3, 0, 1, 3, 1, 0, 3, 0, 2, 0, 2, 0, 0, 1, 0, 1, 0, 0, 3, 1, 0, 0, 0, 0, 1, 1, 1]
event=998:G1_CMAX:update:state=1,action=2,reward=-45.025256079491555,nextState=1,old=-301.079199705827,new=-285.88861584415315
event=999:G2_TEC:update:state=1,action=1,reward=101.28554683603579,nextState=0,old=-3.193260716353393,new=-199.6986847506434
event=1000:G3_TWC:update:state=1,action=1,reward=-1210.8564473495353,nextState=1,old=-9882.22459215032,new=-9116.63612106979
event=1001:G4_BALANCED:update:state=1,action=0,reward=-0.14951347098791698,nextState=1,old=-0.48766582756435783,new=-0.5396461330394032
event=1002:G1_CMAX:action:mode=exploit,state=1,draw=0.6368915658657789,action=2
event=1003:G1_CMAX:tournament:reason=action2,left=22,right=24,selected=[66, 68, 55, 92, 86, 48, 24, 89, 70, 13, 60, 50, 93, 15, 25, 33, 1, 59, 76, 67, 65, 17, 77, 75, 28, 26, 35, 36, 11, 95, 41, 6, 7, 0, 79, 52, 46, 58, 32, 38, 54, 71, 53, 29, 56, 8, 49, 39, 34, 14, 37, 72, 88, 23, 40, 98, 69, 27, 47, 80, 73, 63, 83, 44, 57, 94, 5, 82, 61, 16, 45, 51, 42, 3, 90, 81, 91, 21, 87, 19, 18, 9, 62, 22, 99, 64, 10, 2, 31, 43, 30, 85, 84, 20, 96, 4, 78, 12, 74, 97]|[1, 1, 0, 1, 1, 2, 2, 0, 0, 1, 1, 0, 1, 0, 0, 0, 0, 2, 0, 2, 1, 0, 2, 1, 2, 2, 0, 2, 1, 1, 2, 1, 2, 1, 1, 0, 1, 0, 0, 0, 1, 0, 1, 2, 1, 0, 1, 0, 1, 2, 1, 0, 0, 0, 1, 2, 0, 1, 0, 1, 1, 2, 1, 0, 0, 1, 1, 1, 0, 2, 0, 1, 0, 1, 2, 0, 2, 1, 2, 1, 2, 1, 0, 1, 2, 2, 0, 2, 1, 1, 2, 0, 1, 1, 1, 0, 2, 1, 0, 1]|[1, 0, 2, 4, 3, 2, 0, 1, 0, 3, 1, 2, 4, 1, 2, 0, 0, 1, 1, 2, 4, 2, 2, 0, 1, 1, 0, 2, 3, 3, 1, 4, 2, 0, 0, 0, 4, 2, 1, 1, 4, 0, 3, 2, 3, 2, 3, 0, 0, 1, 4, 2, 2, 1, 0, 2, 0, 3, 0, 4, 0, 1, 2, 1, 0, 3, 0, 4, 1, 1, 2, 4, 0, 2, 1, 2, 1, 3, 1, 0, 1, 4, 0, 4, 1, 1, 2, 1, 3, 3, 1, 2, 4, 2, 4, 1, 1, 2, 2, 3]|[0, 2, 0, 0, 1, 0, 0, 1, 0, 3, 3, 0, 1, 1, 0, 0, 0, 0, 1, 0, 1, 0, 0, 2, 1, 1, 0, 0, 0, 3, 0, 2, 1, 0, 0, 0, 2, 1, 0, 0, 3, 0, 1, 0, 1, 1, 0, 0, 3, 1, 2, 0, 1, 0, 0, 0, 0, 1, 0, 2, 0, 0, 3, 1, 0, 0, 0, 1, 0, 0, 1, 2, 0, 3, 0, 1, 0, 1, 0, 3, 0, 2, 0, 0, 0, 0, 1, 0, 3, 3, 0, 0, 1, 2, 1, 1, 0, 2, 0, 3]
event=1004:G1_CMAX:leader:action=2,fingerprint=[66, 68, 55, 92, 86, 48, 24, 89, 70, 13, 60, 50, 93, 15, 25, 33, 1, 59, 76, 67, 65, 17, 77, 75, 28, 26, 35, 36, 11, 95, 41, 6, 7, 0, 79, 52, 46, 58, 32, 38, 54, 71, 53, 29, 56, 8, 49, 39, 34, 14, 37, 72, 88, 23, 40, 98, 69, 27, 47, 80, 73, 63, 83, 44, 57, 94, 5, 82, 61, 16, 45, 51, 42, 3, 90, 81, 91, 21, 87, 19, 18, 9, 62, 22, 99, 64, 10, 2, 31, 43, 30, 85, 84, 20, 96, 4, 78, 12, 74, 97]|[1, 1, 0, 1, 1, 2, 2, 0, 0, 1, 1, 0, 1, 0, 0, 0, 0, 2, 0, 2, 1, 0, 2, 1, 2, 2, 0, 2, 1, 1, 2, 1, 2, 1, 1, 0, 1, 0, 0, 0, 1, 0, 1, 2, 1, 0, 1, 0, 1, 2, 1, 0, 0, 0, 1, 2, 0, 1, 0, 1, 1, 2, 1, 0, 0, 1, 1, 1, 0, 2, 0, 1, 0, 1, 2, 0, 2, 1, 2, 1, 2, 1, 0, 1, 2, 2, 0, 2, 1, 1, 2, 0, 1, 1, 1, 0, 2, 1, 0, 1]|[1, 0, 2, 4, 3, 2, 0, 1, 0, 3, 1, 2, 4, 1, 2, 0, 0, 1, 1, 2, 4, 2, 2, 0, 1, 1, 0, 2, 3, 3, 1, 4, 2, 0, 0, 0, 4, 2, 1, 1, 4, 0, 3, 2, 3, 2, 3, 0, 0, 1, 4, 2, 2, 1, 0, 2, 0, 3, 0, 4, 0, 1, 2, 1, 0, 3, 0, 4, 1, 1, 2, 4, 0, 2, 1, 2, 1, 3, 1, 0, 1, 4, 0, 4, 1, 1, 2, 1, 3, 3, 1, 2, 4, 2, 4, 1, 1, 2, 2, 3]|[0, 2, 0, 0, 1, 0, 0, 1, 0, 3, 3, 0, 1, 1, 0, 0, 0, 0, 1, 0, 1, 0, 0, 2, 1, 1, 0, 0, 0, 3, 0, 2, 1, 0, 0, 0, 2, 1, 0, 0, 3, 0, 1, 0, 1, 1, 0, 0, 3, 1, 2, 0, 1, 0, 0, 0, 0, 1, 0, 2, 0, 0, 3, 1, 0, 0, 0, 1, 0, 0, 1, 2, 0, 3, 0, 1, 0, 1, 0, 3, 0, 2, 0, 0, 0, 0, 1, 0, 3, 3, 0, 0, 1, 2, 1, 1, 0, 2, 0, 3]
event=1005:G4_BALANCED:action:mode=exploit,state=1,draw=0.7392756668692526,action=2
event=1006:G4_BALANCED:tournament:reason=action2,left=47,right=19,selected=[66, 68, 32, 92, 86, 48, 3, 69, 70, 13, 60, 50, 93, 15, 52, 23, 1, 59, 76, 67, 58, 17, 77, 75, 28, 41, 95, 44, 36, 35, 26, 7, 0, 79, 88, 94, 46, 54, 71, 53, 29, 56, 65, 39, 34, 8, 49, 33, 55, 14, 37, 72, 38, 78, 40, 98, 89, 27, 47, 80, 30, 11, 5, 96, 2, 16, 83, 6, 51, 42, 24, 90, 81, 22, 64, 21, 87, 19, 18, 84, 62, 63, 91, 73, 99, 61, 10, 57, 31, 43, 45, 85, 9, 20, 4, 25, 82, 74, 12, 97]|[1, 1, 0, 1, 2, 2, 1, 2, 0, 1, 1, 0, 1, 0, 0, 0, 1, 2, 0, 2, 0, 0, 2, 0, 2, 2, 0, 1, 2, 0, 2, 1, 1, 1, 1, 0, 0, 1, 0, 1, 2, 1, 0, 0, 1, 0, 1, 1, 0, 1, 1, 0, 0, 1, 1, 1, 2, 1, 0, 0, 2, 1, 1, 1, 2, 2, 1, 0, 0, 0, 1, 2, 0, 1, 2, 2, 2, 2, 2, 1, 0, 2, 2, 0, 2, 2, 1, 0, 1, 1, 1, 0, 1, 0, 1, 2, 2, 0, 0, 0]|[4, 4, 1, 4, 1, 2, 4, 2, 1, 0, 4, 0, 4, 1, 0, 0, 4, 1, 1, 1, 0, 2, 2, 1, 2, 1, 0, 3, 1, 0, 1, 4, 4, 0, 0, 0, 2, 4, 1, 3, 2, 3, 0, 0, 3, 2, 4, 1, 2, 0, 4, 2, 1, 4, 3, 4, 2, 3, 0, 2, 1, 3, 3, 4, 1, 1, 4, 1, 2, 0, 4, 1, 2, 3, 1, 1, 1, 1, 1, 4, 0, 1, 1, 2, 1, 1, 4, 0, 3, 3, 4, 1, 4, 2, 4, 1, 1, 2, 2, 2]|[0, 1, 0, 0, 1, 0, 1, 0, 0, 2, 3, 0, 1, 1, 0, 0, 0, 0, 0, 0, 1, 0, 0, 1, 1, 0, 0, 3, 0, 0, 0, 2, 0, 0, 0, 0, 0, 3, 0, 1, 0, 1, 1, 0, 1, 0, 2, 1, 0, 0, 2, 0, 0, 1, 1, 3, 0, 1, 0, 0, 0, 0, 0, 2, 0, 0, 3, 1, 0, 0, 1, 0, 0, 1, 0, 0, 0, 0, 0, 1, 0, 0, 0, 0, 0, 0, 0, 0, 3, 3, 1, 0, 2, 0, 2, 0, 0, 0, 0, 0]
event=1007:G4_BALANCED:leader:action=2,fingerprint=[66, 68, 32, 92, 86, 48, 3, 69, 70, 13, 60, 50, 93, 15, 52, 23, 1, 59, 76, 67, 58, 17, 77, 75, 28, 41, 95, 44, 36, 35, 26, 7, 0, 79, 88, 94, 46, 54, 71, 53, 29, 56, 65, 39, 34, 8, 49, 33, 55, 14, 37, 72, 38, 78, 40, 98, 89, 27, 47, 80, 30, 11, 5, 96, 2, 16, 83, 6, 51, 42, 24, 90, 81, 22, 64, 21, 87, 19, 18, 84, 62, 63, 91, 73, 99, 61, 10, 57, 31, 43, 45, 85, 9, 20, 4, 25, 82, 74, 12, 97]|[1, 1, 0, 1, 2, 2, 1, 2, 0, 1, 1, 0, 1, 0, 0, 0, 1, 2, 0, 2, 0, 0, 2, 0, 2, 2, 0, 1, 2, 0, 2, 1, 1, 1, 1, 0, 0, 1, 0, 1, 2, 1, 0, 0, 1, 0, 1, 1, 0, 1, 1, 0, 0, 1, 1, 1, 2, 1, 0, 0, 2, 1, 1, 1, 2, 2, 1, 0, 0, 0, 1, 2, 0, 1, 2, 2, 2, 2, 2, 1, 0, 2, 2, 0, 2, 2, 1, 0, 1, 1, 1, 0, 1, 0, 1, 2, 2, 0, 0, 0]|[4, 4, 1, 4, 1, 2, 4, 2, 1, 0, 4, 0, 4, 1, 0, 0, 4, 1, 1, 1, 0, 2, 2, 1, 2, 1, 0, 3, 1, 0, 1, 4, 4, 0, 0, 0, 2, 4, 1, 3, 2, 3, 0, 0, 3, 2, 4, 1, 2, 0, 4, 2, 1, 4, 3, 4, 2, 3, 0, 2, 1, 3, 3, 4, 1, 1, 4, 1, 2, 0, 4, 1, 2, 3, 1, 1, 1, 1, 1, 4, 0, 1, 1, 2, 1, 1, 4, 0, 3, 3, 4, 1, 4, 2, 4, 1, 1, 2, 2, 2]|[0, 1, 0, 0, 1, 0, 1, 0, 0, 2, 3, 0, 1, 1, 0, 0, 0, 0, 0, 0, 1, 0, 0, 1, 1, 0, 0, 3, 0, 0, 0, 2, 0, 0, 0, 0, 0, 3, 0, 1, 0, 1, 1, 0, 1, 0, 2, 1, 0, 0, 2, 0, 0, 1, 1, 3, 0, 1, 0, 0, 0, 0, 0, 2, 0, 0, 3, 1, 0, 0, 1, 0, 0, 1, 0, 0, 0, 0, 0, 1, 0, 0, 0, 0, 0, 0, 0, 0, 3, 3, 1, 0, 2, 0, 2, 0, 0, 0, 0, 0]
event=1008:G2_TEC:action:mode=explore,state=0,draw=0.9432902195015479,action=0
event=1009:G2_TEC:leader:action=0,fingerprint=[66, 68, 32, 92, 86, 48, 3, 69, 70, 13, 60, 50, 93, 15, 52, 23, 1, 59, 76, 67, 58, 17, 77, 75, 28, 41, 95, 44, 36, 35, 26, 7, 0, 79, 88, 94, 46, 54, 71, 53, 29, 56, 65, 39, 34, 8, 49, 33, 55, 14, 37, 72, 38, 78, 40, 98, 89, 27, 47, 80, 30, 11, 5, 96, 2, 16, 83, 6, 51, 42, 24, 90, 81, 22, 64, 21, 87, 19, 18, 84, 62, 63, 91, 73, 99, 61, 10, 57, 31, 43, 45, 85, 9, 20, 4, 25, 82, 74, 12, 97]|[1, 1, 0, 1, 2, 2, 1, 2, 0, 1, 1, 0, 1, 0, 0, 0, 1, 2, 0, 2, 0, 0, 2, 0, 2, 2, 0, 1, 2, 0, 2, 1, 1, 1, 1, 0, 0, 1, 0, 1, 2, 1, 0, 0, 1, 0, 1, 1, 0, 1, 1, 0, 0, 1, 1, 1, 2, 1, 0, 0, 2, 1, 1, 1, 2, 2, 1, 0, 0, 0, 1, 2, 0, 1, 2, 2, 2, 2, 2, 1, 0, 2, 2, 0, 2, 2, 1, 0, 1, 1, 1, 0, 1, 0, 1, 2, 2, 0, 0, 0]|[4, 4, 1, 4, 1, 2, 4, 2, 1, 0, 4, 0, 4, 1, 0, 0, 4, 1, 1, 1, 0, 2, 2, 1, 2, 1, 0, 3, 1, 0, 1, 4, 4, 0, 0, 0, 2, 4, 1, 3, 2, 3, 0, 0, 3, 2, 4, 1, 2, 0, 4, 2, 1, 4, 3, 4, 2, 3, 0, 2, 1, 3, 3, 4, 1, 1, 4, 1, 2, 0, 4, 1, 2, 3, 1, 1, 1, 1, 1, 4, 0, 1, 1, 2, 1, 1, 4, 0, 3, 3, 4, 1, 4, 2, 4, 1, 1, 2, 2, 2]|[0, 1, 0, 0, 1, 0, 1, 0, 0, 2, 3, 0, 1, 1, 0, 0, 0, 0, 0, 0, 1, 0, 0, 1, 1, 0, 0, 3, 0, 0, 0, 2, 0, 0, 0, 0, 0, 3, 0, 1, 0, 1, 1, 0, 1, 0, 2, 1, 0, 0, 2, 0, 0, 1, 1, 3, 0, 1, 0, 0, 0, 0, 0, 2, 0, 0, 3, 1, 0, 0, 1, 0, 0, 1, 0, 0, 0, 0, 0, 1, 0, 0, 0, 0, 0, 0, 0, 0, 3, 3, 1, 0, 2, 0, 2, 0, 0, 0, 0, 0]
event=1010:G3_TWC:action:mode=exploit,state=1,draw=0.09621988957404848,action=1
event=1011:G3_TWC:leader:action=1,fingerprint=[66, 68, 55, 92, 86, 48, 24, 89, 70, 13, 60, 50, 93, 15, 25, 52, 1, 59, 76, 67, 65, 17, 77, 75, 28, 26, 35, 36, 94, 95, 41, 6, 7, 0, 79, 33, 46, 58, 32, 88, 54, 71, 53, 29, 56, 8, 49, 39, 34, 14, 37, 72, 38, 23, 40, 98, 69, 27, 47, 80, 73, 63, 83, 44, 57, 11, 5, 82, 61, 16, 45, 51, 42, 3, 90, 81, 91, 21, 87, 19, 18, 9, 62, 22, 99, 64, 10, 2, 31, 43, 30, 85, 84, 20, 74, 78, 12, 4, 96, 97]|[1, 1, 0, 1, 1, 2, 2, 0, 0, 2, 1, 0, 1, 0, 0, 0, 0, 2, 0, 2, 1, 0, 2, 0, 2, 2, 0, 2, 0, 1, 2, 2, 2, 1, 1, 0, 1, 0, 0, 1, 1, 0, 1, 2, 1, 0, 1, 0, 1, 2, 1, 0, 0, 1, 1, 2, 0, 1, 0, 2, 0, 2, 1, 0, 0, 1, 1, 1, 2, 2, 0, 1, 0, 1, 2, 1, 1, 1, 2, 1, 2, 1, 0, 1, 0, 2, 0, 2, 1, 2, 2, 1, 1, 0, 0, 2, 0, 0, 1, 0]|[1, 0, 2, 4, 3, 2, 0, 1, 0, 2, 1, 2, 4, 1, 2, 0, 0, 1, 1, 2, 4, 2, 2, 1, 1, 1, 0, 2, 0, 3, 1, 1, 2, 0, 0, 2, 4, 0, 1, 4, 4, 0, 3, 2, 3, 2, 4, 0, 0, 1, 4, 2, 1, 3, 0, 2, 0, 3, 0, 1, 2, 1, 2, 1, 0, 3, 0, 4, 1, 1, 2, 4, 0, 2, 1, 4, 3, 3, 1, 0, 1, 4, 0, 4, 0, 1, 2, 1, 4, 1, 1, 3, 4, 2, 2, 1, 2, 1, 4, 2]|[0, 2, 0, 0, 1, 0, 0, 0, 0, 0, 3, 0, 1, 1, 0, 0, 0, 0, 1, 0, 1, 0, 0, 1, 1, 1, 0, 0, 0, 3, 0, 0, 1, 0, 0, 1, 2, 1, 0, 0, 3, 0, 1, 0, 1, 1, 0, 0, 3, 1, 2, 0, 0, 1, 0, 0, 0, 1, 0, 0, 1, 0, 3, 1, 0, 0, 0, 1, 0, 0, 1, 2, 0, 3, 0, 1, 3, 1, 0, 3, 0, 2, 0, 2, 0, 0, 1, 0, 1, 0, 0, 3, 1, 0, 0, 0, 0, 1, 1, 1]
event=1012:G1_CMAX:update:state=1,action=2,reward=-46.23026947122537,nextState=1,old=-285.88861584415315,new=-274.94116214654787
event=1013:G2_TEC:update:state=0,action=0,reward=-572.5809628609422,nextState=1,old=-780.7646786610421,new=-732.339910661457
event=1014:G3_TWC:update:state=1,action=1,reward=-2494.9773074402183,nextState=1,old=-9116.63612106979,new=-9788.286204296051
event=1015:G4_BALANCED:update:state=1,action=2,reward=-0.16292051933247254,nextState=1,old=-0.5090978358566368,new=-0.570198788017782
event=1016:G1_CMAX:action:mode=exploit,state=1,draw=0.6531850680778477,action=2
event=1017:G1_CMAX:tournament:reason=action2,left=65,right=37,selected=[66, 68, 55, 92, 86, 48, 24, 89, 70, 13, 60, 50, 93, 15, 25, 52, 1, 59, 65, 67, 63, 17, 77, 75, 28, 26, 35, 36, 94, 95, 41, 6, 7, 0, 79, 33, 46, 58, 32, 88, 54, 71, 53, 29, 56, 8, 49, 39, 34, 14, 37, 72, 38, 23, 40, 98, 69, 27, 47, 80, 73, 76, 83, 44, 57, 11, 5, 82, 61, 16, 45, 51, 42, 3, 90, 81, 91, 21, 87, 18, 19, 9, 62, 22, 99, 64, 10, 2, 31, 43, 30, 85, 84, 20, 96, 4, 74, 78, 12, 97]|[1, 1, 0, 1, 1, 2, 2, 0, 0, 1, 1, 0, 1, 0, 0, 0, 1, 2, 0, 2, 1, 0, 2, 0, 2, 0, 0, 2, 0, 1, 2, 1, 2, 1, 1, 0, 1, 0, 0, 0, 1, 0, 1, 2, 1, 0, 1, 0, 1, 2, 1, 0, 0, 0, 1, 2, 2, 1, 0, 2, 1, 2, 1, 0, 0, 1, 1, 1, 2, 2, 1, 1, 0, 1, 2, 0, 1, 1, 2, 2, 2, 1, 0, 2, 2, 2, 0, 2, 1, 1, 0, 1, 1, 0, 1, 0, 0, 2, 0, 0]|[1, 0, 2, 4, 3, 2, 0, 1, 0, 0, 1, 2, 4, 1, 2, 0, 4, 1, 1, 2, 4, 2, 2, 1, 1, 2, 0, 2, 0, 3, 1, 4, 2, 0, 0, 2, 4, 0, 1, 2, 4, 0, 3, 2, 3, 2, 3, 0, 3, 1, 4, 2, 1, 1, 0, 2, 2, 3, 2, 1, 0, 1, 2, 1, 0, 3, 0, 4, 1, 1, 4, 4, 0, 2, 1, 2, 3, 3, 1, 1, 1, 4, 0, 1, 1, 1, 2, 1, 3, 3, 0, 3, 4, 2, 4, 1, 2, 1, 2, 2]|[0, 2, 0, 0, 1, 0, 0, 0, 0, 2, 3, 0, 1, 1, 0, 0, 0, 0, 1, 0, 1, 0, 0, 1, 1, 0, 0, 0, 0, 3, 0, 2, 1, 0, 0, 1, 2, 1, 0, 1, 3, 0, 1, 0, 1, 1, 0, 0, 1, 1, 2, 0, 0, 0, 0, 0, 0, 1, 1, 0, 0, 0, 3, 1, 0, 0, 0, 1, 0, 0, 1, 2, 0, 3, 0, 1, 3, 1, 0, 0, 0, 2, 0, 0, 0, 0, 1, 0, 3, 3, 0, 3, 1, 0, 1, 1, 0, 0, 0, 0]
event=1018:G1_CMAX:leader:action=2,fingerprint=[66, 68, 55, 92, 86, 48, 24, 89, 70, 13, 60, 50, 93, 15, 25, 52, 1, 59, 65, 67, 63, 17, 77, 75, 28, 26, 35, 36, 94, 95, 41, 6, 7, 0, 79, 33, 46, 58, 32, 88, 54, 71, 53, 29, 56, 8, 49, 39, 34, 14, 37, 72, 38, 23, 40, 98, 69, 27, 47, 80, 73, 76, 83, 44, 57, 11, 5, 82, 61, 16, 45, 51, 42, 3, 90, 81, 91, 21, 87, 18, 19, 9, 62, 22, 99, 64, 10, 2, 31, 43, 30, 85, 84, 20, 96, 4, 74, 78, 12, 97]|[1, 1, 0, 1, 1, 2, 2, 0, 0, 1, 1, 0, 1, 0, 0, 0, 1, 2, 0, 2, 1, 0, 2, 0, 2, 0, 0, 2, 0, 1, 2, 1, 2, 1, 1, 0, 1, 0, 0, 0, 1, 0, 1, 2, 1, 0, 1, 0, 1, 2, 1, 0, 0, 0, 1, 2, 2, 1, 0, 2, 1, 2, 1, 0, 0, 1, 1, 1, 2, 2, 1, 1, 0, 1, 2, 0, 1, 1, 2, 2, 2, 1, 0, 2, 2, 2, 0, 2, 1, 1, 0, 1, 1, 0, 1, 0, 0, 2, 0, 0]|[1, 0, 2, 4, 3, 2, 0, 1, 0, 0, 1, 2, 4, 1, 2, 0, 4, 1, 1, 2, 4, 2, 2, 1, 1, 2, 0, 2, 0, 3, 1, 4, 2, 0, 0, 2, 4, 0, 1, 2, 4, 0, 3, 2, 3, 2, 3, 0, 3, 1, 4, 2, 1, 1, 0, 2, 2, 3, 2, 1, 0, 1, 2, 1, 0, 3, 0, 4, 1, 1, 4, 4, 0, 2, 1, 2, 3, 3, 1, 1, 1, 4, 0, 1, 1, 1, 2, 1, 3, 3, 0, 3, 4, 2, 4, 1, 2, 1, 2, 2]|[0, 2, 0, 0, 1, 0, 0, 0, 0, 2, 3, 0, 1, 1, 0, 0, 0, 0, 1, 0, 1, 0, 0, 1, 1, 0, 0, 0, 0, 3, 0, 2, 1, 0, 0, 1, 2, 1, 0, 1, 3, 0, 1, 0, 1, 1, 0, 0, 1, 1, 2, 0, 0, 0, 0, 0, 0, 1, 1, 0, 0, 0, 3, 1, 0, 0, 0, 1, 0, 0, 1, 2, 0, 3, 0, 1, 3, 1, 0, 0, 0, 2, 0, 0, 0, 0, 1, 0, 3, 3, 0, 3, 1, 0, 1, 1, 0, 0, 0, 0]
event=1019:G4_BALANCED:action:mode=exploit,state=1,draw=0.5676025227333243,action=0
event=1020:G4_BALANCED:leader:action=0,fingerprint=[66, 68, 32, 92, 86, 48, 3, 69, 70, 13, 60, 50, 93, 15, 52, 23, 1, 59, 76, 67, 58, 17, 77, 75, 28, 41, 95, 44, 36, 35, 26, 7, 0, 79, 88, 94, 46, 54, 71, 53, 29, 56, 65, 39, 34, 8, 49, 33, 55, 14, 37, 72, 38, 78, 40, 98, 89, 27, 47, 80, 30, 11, 5, 96, 2, 16, 83, 6, 51, 42, 24, 90, 81, 22, 64, 21, 87, 19, 18, 84, 62, 63, 91, 73, 99, 61, 10, 57, 31, 43, 45, 85, 9, 20, 4, 25, 82, 74, 12, 97]|[1, 1, 0, 1, 2, 2, 1, 2, 0, 1, 1, 0, 1, 0, 0, 0, 1, 2, 0, 2, 0, 0, 2, 0, 2, 2, 0, 1, 2, 0, 2, 1, 1, 1, 1, 0, 0, 1, 0, 1, 2, 1, 0, 0, 1, 0, 1, 1, 0, 1, 1, 0, 0, 1, 1, 1, 2, 1, 0, 0, 2, 1, 1, 1, 2, 2, 1, 0, 0, 0, 1, 2, 0, 1, 2, 2, 2, 2, 2, 1, 0, 2, 2, 0, 2, 2, 1, 0, 1, 1, 1, 0, 1, 0, 1, 2, 2, 0, 0, 0]|[4, 4, 1, 4, 1, 2, 4, 2, 1, 0, 4, 0, 4, 1, 0, 0, 4, 1, 1, 1, 0, 2, 2, 1, 2, 1, 0, 3, 1, 0, 1, 4, 4, 0, 0, 0, 2, 4, 1, 3, 2, 3, 0, 0, 3, 2, 4, 1, 2, 0, 4, 2, 1, 4, 3, 4, 2, 3, 0, 2, 1, 3, 3, 4, 1, 1, 4, 1, 2, 0, 4, 1, 2, 3, 1, 1, 1, 1, 1, 4, 0, 1, 1, 2, 1, 1, 4, 0, 3, 3, 4, 1, 4, 2, 4, 1, 1, 2, 2, 2]|[0, 1, 0, 0, 1, 0, 1, 0, 0, 2, 3, 0, 1, 1, 0, 0, 0, 0, 0, 0, 1, 0, 0, 1, 1, 0, 0, 3, 0, 0, 0, 2, 0, 0, 0, 0, 0, 3, 0, 1, 0, 1, 1, 0, 1, 0, 2, 1, 0, 0, 2, 0, 0, 1, 1, 3, 0, 1, 0, 0, 0, 0, 0, 2, 0, 0, 3, 1, 0, 0, 1, 0, 0, 1, 0, 0, 0, 0, 0, 1, 0, 0, 0, 0, 0, 0, 0, 0, 3, 3, 1, 0, 2, 0, 2, 0, 0, 0, 0, 0]
event=1021:G2_TEC:action:mode=exploit,state=1,draw=0.45705013536734873,action=1
event=1022:G2_TEC:leader:action=1,fingerprint=[66, 68, 32, 92, 86, 48, 3, 69, 70, 13, 60, 50, 93, 15, 52, 23, 1, 59, 76, 67, 58, 17, 77, 75, 28, 41, 95, 44, 36, 35, 26, 7, 0, 79, 88, 94, 46, 54, 71, 53, 29, 56, 65, 39, 34, 8, 49, 33, 55, 14, 37, 72, 38, 78, 40, 98, 89, 27, 47, 80, 30, 11, 5, 96, 2, 16, 83, 6, 51, 42, 24, 90, 81, 22, 64, 21, 87, 19, 18, 84, 62, 63, 91, 73, 99, 61, 10, 57, 31, 43, 45, 85, 9, 20, 4, 25, 82, 74, 12, 97]|[1, 1, 0, 1, 2, 2, 1, 2, 0, 1, 1, 0, 1, 0, 0, 0, 1, 2, 0, 2, 0, 0, 2, 0, 2, 2, 0, 1, 2, 0, 2, 1, 1, 1, 1, 0, 0, 1, 0, 1, 2, 1, 0, 0, 1, 0, 1, 1, 0, 1, 1, 0, 0, 1, 1, 1, 2, 1, 0, 0, 2, 1, 1, 1, 2, 2, 1, 0, 0, 0, 1, 2, 0, 1, 2, 2, 2, 2, 2, 1, 0, 2, 2, 0, 2, 2, 1, 0, 1, 1, 1, 0, 1, 0, 1, 2, 2, 0, 0, 0]|[4, 4, 1, 4, 1, 2, 4, 2, 1, 0, 4, 0, 4, 1, 0, 0, 4, 1, 1, 1, 0, 2, 2, 1, 2, 1, 0, 3, 1, 0, 1, 4, 4, 0, 0, 0, 2, 4, 1, 3, 2, 3, 0, 0, 3, 2, 4, 1, 2, 0, 4, 2, 1, 4, 3, 4, 2, 3, 0, 2, 1, 3, 3, 4, 1, 1, 4, 1, 2, 0, 4, 1, 2, 3, 1, 1, 1, 1, 1, 4, 0, 1, 1, 2, 1, 1, 4, 0, 3, 3, 4, 1, 4, 2, 4, 1, 1, 2, 2, 2]|[0, 1, 0, 0, 1, 0, 1, 0, 0, 2, 3, 0, 1, 1, 0, 0, 0, 0, 0, 0, 1, 0, 0, 1, 1, 0, 0, 3, 0, 0, 0, 2, 0, 0, 0, 0, 0, 3, 0, 1, 0, 1, 1, 0, 1, 0, 2, 1, 0, 0, 2, 0, 0, 1, 1, 3, 0, 1, 0, 0, 0, 0, 0, 2, 0, 0, 3, 1, 0, 0, 1, 0, 0, 1, 0, 0, 0, 0, 0, 1, 0, 0, 0, 0, 0, 0, 0, 0, 3, 3, 1, 0, 2, 0, 2, 0, 0, 0, 0, 0]
event=1023:G3_TWC:action:mode=exploit,state=1,draw=0.6248394394559548,action=1
event=1024:G3_TWC:leader:action=1,fingerprint=[66, 68, 55, 92, 86, 48, 24, 89, 70, 13, 60, 50, 93, 15, 25, 52, 1, 59, 76, 67, 65, 17, 77, 75, 28, 26, 35, 36, 94, 95, 41, 6, 7, 0, 79, 33, 46, 58, 32, 88, 54, 71, 53, 29, 56, 8, 49, 39, 34, 14, 37, 72, 38, 23, 40, 98, 69, 27, 47, 80, 73, 63, 83, 44, 57, 11, 5, 82, 61, 16, 45, 51, 42, 3, 90, 81, 91, 21, 87, 19, 18, 9, 62, 22, 99, 64, 10, 2, 31, 43, 30, 85, 84, 20, 74, 78, 12, 4, 96, 97]|[1, 1, 0, 1, 1, 2, 2, 0, 0, 2, 1, 0, 1, 0, 0, 0, 0, 2, 0, 2, 1, 0, 2, 0, 2, 2, 0, 2, 0, 1, 2, 2, 2, 1, 1, 0, 1, 0, 0, 1, 1, 0, 1, 2, 1, 0, 1, 0, 1, 2, 1, 0, 0, 1, 1, 2, 0, 1, 0, 2, 0, 2, 1, 0, 0, 1, 1, 1, 2, 2, 0, 1, 0, 1, 2, 1, 1, 1, 2, 1, 2, 1, 0, 1, 0, 2, 0, 2, 1, 2, 2, 1, 1, 0, 0, 2, 0, 0, 1, 0]|[1, 0, 2, 4, 3, 2, 0, 1, 0, 2, 1, 2, 4, 1, 2, 0, 0, 1, 1, 2, 4, 2, 2, 1, 1, 1, 0, 2, 0, 3, 1, 1, 2, 0, 0, 2, 4, 0, 1, 4, 4, 0, 3, 2, 3, 2, 4, 0, 0, 1, 4, 2, 1, 3, 0, 2, 0, 3, 0, 1, 2, 1, 2, 1, 0, 3, 0, 4, 1, 1, 2, 4, 0, 2, 1, 4, 3, 3, 1, 0, 1, 4, 0, 4, 0, 1, 2, 1, 4, 1, 1, 3, 4, 2, 2, 1, 2, 1, 4, 2]|[0, 2, 0, 0, 1, 0, 0, 0, 0, 0, 3, 0, 1, 1, 0, 0, 0, 0, 1, 0, 1, 0, 0, 1, 1, 1, 0, 0, 0, 3, 0, 0, 1, 0, 0, 1, 2, 1, 0, 0, 3, 0, 1, 0, 1, 1, 0, 0, 3, 1, 2, 0, 0, 1, 0, 0, 0, 1, 0, 0, 1, 0, 3, 1, 0, 0, 0, 1, 0, 0, 1, 2, 0, 3, 0, 1, 3, 1, 0, 3, 0, 2, 0, 2, 0, 0, 1, 0, 1, 0, 0, 3, 1, 0, 0, 0, 0, 1, 1, 1]
event=1025:G1_CMAX:update:state=1,action=2,reward=-29.866186849110477,nextState=1,old=-274.94116214654787,new=-249.81911656634878
event=1026:G2_TEC:update:state=1,action=1,reward=194.45634914415132,nextState=0,old=-199.6986847506434,new=-106.52788244252787
event=1027:G3_TWC:update:state=1,action=1,reward=-2359.54325662044,nextState=1,old=-9788.286204296051,new=-10190.17222005728
event=1028:G4_BALANCED:update:state=1,action=0,reward=-0.15075252741471212,nextState=1,old=-0.5396461330394032,new=-0.5824694338462347
event=1029:G1_CMAX:action:mode=exploit,state=1,draw=0.5437540210234173,action=2
event=1030:G1_CMAX:tournament:reason=action2,left=14,right=19,selected=[68, 55, 86, 48, 24, 89, 70, 13, 66, 95, 92, 50, 93, 15, 25, 33, 1, 59, 76, 67, 65, 45, 77, 75, 28, 26, 35, 36, 94, 60, 41, 6, 7, 0, 79, 52, 46, 39, 32, 88, 71, 53, 29, 56, 8, 49, 58, 34, 54, 14, 37, 72, 38, 23, 40, 98, 69, 27, 47, 80, 73, 63, 83, 44, 57, 11, 5, 82, 61, 16, 17, 51, 42, 3, 90, 81, 91, 21, 87, 19, 18, 9, 62, 22, 99, 64, 10, 2, 97, 43, 30, 31, 84, 20, 74, 78, 12, 4, 96, 85]|[1, 0, 1, 2, 2, 0, 0, 1, 1, 1, 1, 0, 1, 0, 0, 0, 0, 2, 0, 2, 1, 0, 2, 0, 2, 2, 0, 2, 0, 1, 2, 1, 2, 1, 1, 0, 1, 0, 0, 0, 0, 1, 2, 1, 0, 1, 0, 1, 1, 2, 1, 0, 0, 0, 1, 2, 0, 1, 0, 2, 1, 2, 1, 0, 0, 1, 1, 1, 0, 2, 0, 1, 0, 1, 2, 0, 1, 2, 2, 1, 2, 1, 0, 1, 2, 2, 0, 2, 1, 1, 0, 1, 1, 0, 0, 2, 1, 0, 1, 1]|[0, 2, 3, 2, 0, 1, 1, 0, 1, 3, 1, 2, 4, 1, 2, 2, 1, 1, 1, 2, 4, 2, 2, 1, 1, 1, 0, 2, 0, 1, 1, 4, 2, 0, 0, 0, 4, 0, 1, 2, 0, 3, 2, 3, 2, 3, 0, 0, 4, 1, 4, 2, 1, 1, 0, 2, 0, 3, 2, 1, 0, 1, 2, 1, 0, 3, 0, 4, 1, 1, 2, 4, 0, 2, 1, 2, 3, 1, 1, 0, 1, 4, 0, 4, 1, 1, 2, 1, 4, 3, 0, 3, 4, 2, 2, 1, 0, 1, 4, 3]|[2, 0, 1, 0, 0, 1, 0, 2, 0, 3, 0, 0, 1, 1, 0, 1, 0, 0, 1, 0, 1, 1, 0, 1, 1, 1, 0, 0, 0, 3, 0, 2, 1, 0, 0, 0, 2, 0, 0, 1, 0, 1, 0, 1, 1, 0, 1, 3, 3, 1, 2, 0, 0, 0, 0, 0, 0, 1, 1, 0, 0, 0, 3, 1, 0, 0, 0, 1, 0, 0, 0, 2, 0, 3, 0, 1, 3, 0, 0, 3, 0, 2, 0, 0, 0, 0, 1, 0, 0, 3, 0, 3, 1, 0, 0, 0, 0, 1, 1, 3]
event=1031:G1_CMAX:leader:action=2,fingerprint=[68, 55, 86, 48, 24, 89, 70, 13, 66, 95, 92, 50, 93, 15, 25, 33, 1, 59, 76, 67, 65, 45, 77, 75, 28, 26, 35, 36, 94, 60, 41, 6, 7, 0, 79, 52, 46, 39, 32, 88, 71, 53, 29, 56, 8, 49, 58, 34, 54, 14, 37, 72, 38, 23, 40, 98, 69, 27, 47, 80, 73, 63, 83, 44, 57, 11, 5, 82, 61, 16, 17, 51, 42, 3, 90, 81, 91, 21, 87, 19, 18, 9, 62, 22, 99, 64, 10, 2, 97, 43, 30, 31, 84, 20, 74, 78, 12, 4, 96, 85]|[1, 0, 1, 2, 2, 0, 0, 1, 1, 1, 1, 0, 1, 0, 0, 0, 0, 2, 0, 2, 1, 0, 2, 0, 2, 2, 0, 2, 0, 1, 2, 1, 2, 1, 1, 0, 1, 0, 0, 0, 0, 1, 2, 1, 0, 1, 0, 1, 1, 2, 1, 0, 0, 0, 1, 2, 0, 1, 0, 2, 1, 2, 1, 0, 0, 1, 1, 1, 0, 2, 0, 1, 0, 1, 2, 0, 1, 2, 2, 1, 2, 1, 0, 1, 2, 2, 0, 2, 1, 1, 0, 1, 1, 0, 0, 2, 1, 0, 1, 1]|[0, 2, 3, 2, 0, 1, 1, 0, 1, 3, 1, 2, 4, 1, 2, 2, 1, 1, 1, 2, 4, 2, 2, 1, 1, 1, 0, 2, 0, 1, 1, 4, 2, 0, 0, 0, 4, 0, 1, 2, 0, 3, 2, 3, 2, 3, 0, 0, 4, 1, 4, 2, 1, 1, 0, 2, 0, 3, 2, 1, 0, 1, 2, 1, 0, 3, 0, 4, 1, 1, 2, 4, 0, 2, 1, 2, 3, 1, 1, 0, 1, 4, 0, 4, 1, 1, 2, 1, 4, 3, 0, 3, 4, 2, 2, 1, 0, 1, 4, 3]|[2, 0, 1, 0, 0, 1, 0, 2, 0, 3, 0, 0, 1, 1, 0, 1, 0, 0, 1, 0, 1, 1, 0, 1, 1, 1, 0, 0, 0, 3, 0, 2, 1, 0, 0, 0, 2, 0, 0, 1, 0, 1, 0, 1, 1, 0, 1, 3, 3, 1, 2, 0, 0, 0, 0, 0, 0, 1, 1, 0, 0, 0, 3, 1, 0, 0, 0, 1, 0, 0, 0, 2, 0, 3, 0, 1, 3, 0, 0, 3, 0, 2, 0, 0, 0, 0, 1, 0, 0, 3, 0, 3, 1, 0, 0, 0, 0, 1, 1, 3]
event=1032:G4_BALANCED:action:mode=exploit,state=1,draw=0.29040593230433687,action=1
event=1033:G4_BALANCED:leader:action=1,fingerprint=[49, 8, 56, 29, 54, 32, 38, 58, 46, 33, 71, 79, 0, 7, 6, 41, 95, 36, 35, 26, 28, 75, 77, 65, 67, 42, 59, 1, 52, 74, 55, 15, 94, 93, 50, 60, 13, 70, 89, 24, 48, 86, 25, 68, 66, 53, 76, 34, 14, 37, 72, 88, 23, 40, 98, 69, 27, 47, 80, 73, 63, 83, 44, 57, 11, 5, 82, 61, 16, 45, 51, 3, 90, 81, 91, 21, 87, 19, 18, 9, 62, 22, 99, 64, 10, 39, 2, 31, 43, 92, 30, 85, 84, 20, 17, 78, 96, 4, 12, 97]|[1, 0, 1, 2, 1, 0, 0, 0, 1, 0, 0, 1, 1, 2, 1, 2, 1, 2, 0, 2, 2, 0, 2, 1, 2, 0, 2, 0, 0, 0, 0, 0, 0, 1, 0, 1, 1, 2, 0, 2, 2, 1, 0, 1, 1, 1, 0, 1, 2, 1, 0, 0, 0, 1, 2, 0, 1, 0, 1, 1, 2, 1, 0, 0, 1, 1, 1, 2, 2, 0, 1, 1, 2, 2, 1, 2, 2, 1, 2, 1, 0, 1, 0, 2, 0, 0, 2, 1, 1, 1, 0, 0, 1, 1, 0, 2, 1, 0, 1, 1]|[3, 2, 3, 2, 1, 1, 1, 0, 4, 2, 1, 0, 0, 2, 4, 1, 3, 2, 0, 1, 1, 1, 2, 4, 2, 1, 1, 0, 0, 2, 2, 1, 0, 4, 2, 1, 0, 1, 1, 0, 2, 3, 2, 1, 0, 3, 0, 0, 1, 4, 2, 2, 1, 0, 2, 0, 3, 2, 4, 0, 1, 2, 1, 0, 3, 0, 4, 1, 1, 2, 4, 2, 1, 2, 3, 1, 1, 0, 1, 4, 0, 4, 0, 1, 2, 0, 1, 3, 3, 1, 0, 2, 4, 2, 2, 1, 4, 1, 2, 4]|[0, 1, 1, 0, 3, 0, 0, 1, 2, 1, 0, 0, 0, 1, 2, 0, 3, 0, 0, 1, 1, 1, 0, 1, 0, 1, 0, 0, 0, 0, 0, 1, 0, 1, 0, 3, 2, 0, 0, 0, 0, 1, 0, 0, 2, 1, 0, 3, 1, 2, 0, 1, 0, 0, 0, 0, 1, 1, 2, 0, 0, 3, 1, 0, 0, 0, 1, 0, 0, 1, 2, 3, 0, 1, 3, 0, 0, 3, 0, 2, 0, 0, 0, 0, 1, 0, 0, 3, 3, 0, 0, 0, 1, 2, 0, 0, 1, 1, 2, 0]
event=1034:G2_TEC:action:mode=exploit,state=0,draw=0.11880626843333753,action=1
event=1035:G2_TEC:leader:action=1,fingerprint=[66, 68, 32, 92, 86, 48, 3, 69, 70, 13, 60, 50, 93, 15, 52, 23, 1, 59, 76, 67, 58, 17, 77, 75, 28, 41, 95, 44, 36, 35, 26, 7, 0, 79, 88, 94, 46, 54, 71, 53, 29, 56, 65, 39, 34, 8, 49, 33, 55, 14, 37, 72, 38, 78, 40, 98, 89, 27, 47, 80, 30, 11, 5, 96, 2, 16, 83, 6, 51, 42, 24, 90, 81, 22, 64, 21, 87, 19, 18, 84, 62, 63, 91, 73, 99, 61, 10, 57, 31, 43, 45, 85, 9, 20, 4, 25, 82, 74, 12, 97]|[1, 1, 0, 1, 2, 2, 1, 2, 0, 1, 1, 0, 1, 0, 0, 0, 1, 2, 0, 2, 0, 0, 2, 0, 2, 2, 0, 1, 2, 0, 2, 1, 1, 1, 1, 0, 0, 1, 0, 1, 2, 1, 0, 0, 1, 0, 1, 1, 0, 1, 1, 0, 0, 1, 1, 1, 2, 1, 0, 0, 2, 1, 1, 1, 2, 2, 1, 0, 0, 0, 1, 2, 0, 1, 2, 2, 2, 2, 2, 1, 0, 2, 2, 0, 2, 2, 1, 0, 1, 1, 1, 0, 1, 0, 1, 2, 2, 0, 0, 0]|[4, 4, 1, 4, 1, 2, 4, 2, 1, 0, 4, 0, 4, 1, 0, 0, 4, 1, 1, 1, 0, 2, 2, 1, 2, 1, 0, 3, 1, 0, 1, 4, 4, 0, 0, 0, 2, 4, 1, 3, 2, 3, 0, 0, 3, 2, 4, 1, 2, 0, 4, 2, 1, 4, 3, 4, 2, 3, 0, 2, 1, 3, 3, 4, 1, 1, 4, 1, 2, 0, 4, 1, 2, 3, 1, 1, 1, 1, 1, 4, 0, 1, 1, 2, 1, 1, 4, 0, 3, 3, 4, 1, 4, 2, 4, 1, 1, 2, 2, 2]|[0, 1, 0, 0, 1, 0, 1, 0, 0, 2, 3, 0, 1, 1, 0, 0, 0, 0, 0, 0, 1, 0, 0, 1, 1, 0, 0, 3, 0, 0, 0, 2, 0, 0, 0, 0, 0, 3, 0, 1, 0, 1, 1, 0, 1, 0, 2, 1, 0, 0, 2, 0, 0, 1, 1, 3, 0, 1, 0, 0, 0, 0, 0, 2, 0, 0, 3, 1, 0, 0, 1, 0, 0, 1, 0, 0, 0, 0, 0, 1, 0, 0, 0, 0, 0, 0, 0, 0, 3, 3, 1, 0, 2, 0, 2, 0, 0, 0, 0, 0]
event=1036:G3_TWC:action:mode=exploit,state=1,draw=0.7922562085336566,action=1
event=1037:G3_TWC:leader:action=1,fingerprint=[66, 68, 55, 92, 86, 48, 24, 89, 70, 13, 60, 50, 93, 15, 25, 52, 1, 59, 76, 67, 65, 17, 77, 75, 28, 26, 35, 36, 94, 95, 41, 6, 7, 0, 79, 33, 46, 58, 32, 88, 54, 71, 53, 29, 56, 8, 49, 39, 34, 14, 37, 72, 38, 23, 40, 98, 69, 27, 47, 80, 73, 63, 83, 44, 57, 11, 5, 82, 61, 16, 45, 51, 42, 3, 90, 81, 91, 21, 87, 19, 18, 9, 62, 22, 99, 64, 10, 2, 31, 43, 30, 85, 84, 20, 74, 78, 12, 4, 96, 97]|[1, 1, 0, 1, 1, 2, 2, 0, 0, 2, 1, 0, 1, 0, 0, 0, 0, 2, 0, 2, 1, 0, 2, 0, 2, 2, 0, 2, 0, 1, 2, 2, 2, 1, 1, 0, 1, 0, 0, 1, 1, 0, 1, 2, 1, 0, 1, 0, 1, 2, 1, 0, 0, 1, 1, 2, 0, 1, 0, 2, 0, 2, 1, 0, 0, 1, 1, 1, 2, 2, 0, 1, 0, 1, 2, 1, 1, 1, 2, 1, 2, 1, 0, 1, 0, 2, 0, 2, 1, 2, 2, 1, 1, 0, 0, 2, 0, 0, 1, 0]|[1, 0, 2, 4, 3, 2, 0, 1, 0, 2, 1, 2, 4, 1, 2, 0, 0, 1, 1, 2, 4, 2, 2, 1, 1, 1, 0, 2, 0, 3, 1, 1, 2, 0, 0, 2, 4, 0, 1, 4, 4, 0, 3, 2, 3, 2, 4, 0, 0, 1, 4, 2, 1, 3, 0, 2, 0, 3, 0, 1, 2, 1, 2, 1, 0, 3, 0, 4, 1, 1, 2, 4, 0, 2, 1, 4, 3, 3, 1, 0, 1, 4, 0, 4, 0, 1, 2, 1, 4, 1, 1, 3, 4, 2, 2, 1, 2, 1, 4, 2]|[0, 2, 0, 0, 1, 0, 0, 0, 0, 0, 3, 0, 1, 1, 0, 0, 0, 0, 1, 0, 1, 0, 0, 1, 1, 1, 0, 0, 0, 3, 0, 0, 1, 0, 0, 1, 2, 1, 0, 0, 3, 0, 1, 0, 1, 1, 0, 0, 3, 1, 2, 0, 0, 1, 0, 0, 0, 1, 0, 0, 1, 0, 3, 1, 0, 0, 0, 1, 0, 0, 1, 2, 0, 3, 0, 1, 3, 1, 0, 3, 0, 2, 0, 2, 0, 0, 1, 0, 1, 0, 0, 3, 1, 0, 0, 0, 0, 1, 1, 1]
event=1038:G1_CMAX:update:state=1,action=2,reward=-56.364276002611405,nextState=1,old=-249.81911656634878,new=-256.21956925569043
event=1039:G2_TEC:update:state=0,action=1,reward=-524.5054102988652,nextState=1,old=-376.23028948334894,new=-609.7277162528875
event=1040:G3_TWC:update:state=1,action=1,reward=-1033.115573887786,nextState=1,old=-10190.17222005728,new=-9185.25334993361
event=1041:G4_BALANCED:update:state=1,action=1,reward=-0.2190891650078335,nextState=1,old=-0.5644615879480441,new=-0.6706584353662688
event=1042:G1_CMAX:action:mode=exploit,state=1,draw=0.503494160356211,action=2
event=1043:G1_CMAX:tournament:reason=action2,left=61,right=13,selected=[68, 55, 86, 48, 24, 89, 70, 13, 66, 95, 92, 50, 93, 15, 25, 33, 1, 59, 76, 67, 65, 45, 77, 75, 28, 26, 35, 36, 94, 60, 41, 6, 7, 0, 79, 52, 46, 39, 32, 88, 71, 53, 29, 56, 8, 49, 58, 34, 54, 14, 37, 72, 38, 23, 40, 98, 69, 27, 47, 80, 73, 63, 83, 44, 57, 11, 5, 82, 61, 16, 17, 51, 42, 3, 90, 81, 91, 21, 87, 19, 18, 9, 62, 22, 99, 64, 10, 2, 97, 43, 30, 31, 84, 20, 74, 78, 12, 4, 96, 85]|[1, 0, 1, 2, 2, 0, 0, 1, 1, 1, 1, 0, 1, 0, 0, 0, 0, 2, 0, 2, 1, 0, 2, 0, 2, 2, 0, 2, 0, 1, 2, 1, 2, 1, 1, 0, 1, 0, 0, 0, 0, 1, 2, 1, 0, 1, 0, 1, 1, 2, 1, 0, 0, 0, 1, 2, 0, 1, 0, 2, 1, 2, 1, 0, 0, 1, 1, 1, 0, 2, 0, 1, 0, 1, 2, 0, 1, 2, 2, 1, 2, 1, 0, 1, 2, 2, 0, 2, 1, 1, 0, 1, 1, 0, 0, 2, 1, 0, 1, 1]|[0, 2, 3, 2, 0, 1, 1, 0, 1, 3, 1, 2, 4, 1, 2, 2, 1, 1, 1, 2, 4, 2, 2, 1, 1, 1, 0, 2, 0, 1, 1, 4, 2, 0, 0, 0, 4, 0, 1, 2, 0, 3, 2, 3, 2, 3, 0, 0, 4, 1, 4, 2, 1, 1, 0, 2, 0, 3, 2, 1, 0, 1, 2, 1, 0, 3, 0, 4, 1, 1, 2, 4, 0, 2, 1, 2, 3, 1, 1, 0, 1, 4, 0, 4, 1, 1, 2, 1, 4, 3, 0, 3, 4, 2, 2, 1, 0, 1, 4, 3]|[2, 0, 1, 0, 0, 1, 0, 2, 0, 3, 0, 0, 1, 1, 0, 1, 0, 0, 1, 0, 1, 1, 0, 1, 1, 1, 0, 0, 0, 3, 0, 2, 1, 0, 0, 0, 2, 0, 0, 1, 0, 1, 0, 1, 1, 0, 1, 3, 3, 1, 2, 0, 0, 0, 0, 0, 0, 1, 1, 0, 0, 0, 3, 1, 0, 0, 0, 1, 0, 0, 0, 2, 0, 3, 0, 1, 3, 0, 0, 3, 0, 2, 0, 0, 0, 0, 1, 0, 0, 3, 0, 3, 1, 0, 0, 0, 0, 1, 1, 3]
event=1044:G1_CMAX:leader:action=2,fingerprint=[68, 55, 86, 48, 24, 89, 70, 13, 66, 95, 92, 50, 93, 15, 25, 33, 1, 59, 76, 67, 65, 45, 77, 75, 28, 26, 35, 36, 94, 60, 41, 6, 7, 0, 79, 52, 46, 39, 32, 88, 71, 53, 29, 56, 8, 49, 58, 34, 54, 14, 37, 72, 38, 23, 40, 98, 69, 27, 47, 80, 73, 63, 83, 44, 57, 11, 5, 82, 61, 16, 17, 51, 42, 3, 90, 81, 91, 21, 87, 19, 18, 9, 62, 22, 99, 64, 10, 2, 97, 43, 30, 31, 84, 20, 74, 78, 12, 4, 96, 85]|[1, 0, 1, 2, 2, 0, 0, 1, 1, 1, 1, 0, 1, 0, 0, 0, 0, 2, 0, 2, 1, 0, 2, 0, 2, 2, 0, 2, 0, 1, 2, 1, 2, 1, 1, 0, 1, 0, 0, 0, 0, 1, 2, 1, 0, 1, 0, 1, 1, 2, 1, 0, 0, 0, 1, 2, 0, 1, 0, 2, 1, 2, 1, 0, 0, 1, 1, 1, 0, 2, 0, 1, 0, 1, 2, 0, 1, 2, 2, 1, 2, 1, 0, 1, 2, 2, 0, 2, 1, 1, 0, 1, 1, 0, 0, 2, 1, 0, 1, 1]|[0, 2, 3, 2, 0, 1, 1, 0, 1, 3, 1, 2, 4, 1, 2, 2, 1, 1, 1, 2, 4, 2, 2, 1, 1, 1, 0, 2, 0, 1, 1, 4, 2, 0, 0, 0, 4, 0, 1, 2, 0, 3, 2, 3, 2, 3, 0, 0, 4, 1, 4, 2, 1, 1, 0, 2, 0, 3, 2, 1, 0, 1, 2, 1, 0, 3, 0, 4, 1, 1, 2, 4, 0, 2, 1, 2, 3, 1, 1, 0, 1, 4, 0, 4, 1, 1, 2, 1, 4, 3, 0, 3, 4, 2, 2, 1, 0, 1, 4, 3]|[2, 0, 1, 0, 0, 1, 0, 2, 0, 3, 0, 0, 1, 1, 0, 1, 0, 0, 1, 0, 1, 1, 0, 1, 1, 1, 0, 0, 0, 3, 0, 2, 1, 0, 0, 0, 2, 0, 0, 1, 0, 1, 0, 1, 1, 0, 1, 3, 3, 1, 2, 0, 0, 0, 0, 0, 0, 1, 1, 0, 0, 0, 3, 1, 0, 0, 0, 1, 0, 0, 0, 2, 0, 3, 0, 1, 3, 0, 0, 3, 0, 2, 0, 0, 0, 0, 1, 0, 0, 3, 0, 3, 1, 0, 0, 0, 0, 1, 1, 3]
event=1045:G4_BALANCED:action:mode=explore,state=1,draw=0.8357650202692409,action=1
event=1046:G4_BALANCED:leader:action=1,fingerprint=[49, 8, 56, 29, 54, 32, 38, 58, 46, 33, 71, 79, 0, 7, 6, 41, 95, 36, 35, 26, 28, 75, 77, 65, 67, 42, 59, 1, 52, 74, 55, 15, 94, 93, 50, 60, 13, 70, 89, 24, 48, 86, 25, 68, 66, 53, 76, 34, 14, 37, 72, 88, 23, 40, 98, 69, 27, 47, 80, 73, 63, 83, 44, 57, 11, 5, 82, 61, 16, 45, 51, 3, 90, 81, 91, 21, 87, 19, 18, 9, 62, 22, 99, 64, 10, 39, 2, 31, 43, 92, 30, 85, 84, 20, 17, 78, 96, 4, 12, 97]|[1, 0, 1, 2, 1, 0, 0, 0, 1, 0, 0, 1, 1, 2, 1, 2, 1, 2, 0, 2, 2, 0, 2, 1, 2, 0, 2, 0, 0, 0, 0, 0, 0, 1, 0, 1, 1, 2, 0, 2, 2, 1, 0, 1, 1, 1, 0, 1, 2, 1, 0, 0, 0, 1, 2, 0, 1, 0, 1, 1, 2, 1, 0, 0, 1, 1, 1, 2, 2, 0, 1, 1, 2, 2, 1, 2, 2, 1, 2, 1, 0, 1, 0, 2, 0, 0, 2, 1, 1, 1, 0, 0, 1, 1, 0, 2, 1, 0, 1, 1]|[3, 2, 3, 2, 1, 1, 1, 0, 4, 2, 1, 0, 0, 2, 4, 1, 3, 2, 0, 1, 1, 1, 2, 4, 2, 1, 1, 0, 0, 2, 2, 1, 0, 4, 2, 1, 0, 1, 1, 0, 2, 3, 2, 1, 0, 3, 0, 0, 1, 4, 2, 2, 1, 0, 2, 0, 3, 2, 4, 0, 1, 2, 1, 0, 3, 0, 4, 1, 1, 2, 4, 2, 1, 2, 3, 1, 1, 0, 1, 4, 0, 4, 0, 1, 2, 0, 1, 3, 3, 1, 0, 2, 4, 2, 2, 1, 4, 1, 2, 4]|[0, 1, 1, 0, 3, 0, 0, 1, 2, 1, 0, 0, 0, 1, 2, 0, 3, 0, 0, 1, 1, 1, 0, 1, 0, 1, 0, 0, 0, 0, 0, 1, 0, 1, 0, 3, 2, 0, 0, 0, 0, 1, 0, 0, 2, 1, 0, 3, 1, 2, 0, 1, 0, 0, 0, 0, 1, 1, 2, 0, 0, 3, 1, 0, 0, 0, 1, 0, 0, 1, 2, 3, 0, 1, 3, 0, 0, 3, 0, 2, 0, 0, 0, 0, 1, 0, 0, 3, 3, 0, 0, 0, 1, 2, 0, 0, 1, 1, 2, 0]
event=1047:G2_TEC:action:mode=explore,state=1,draw=0.821256362228569,action=1
event=1048:G2_TEC:leader:action=1,fingerprint=[66, 68, 32, 92, 86, 48, 3, 69, 70, 13, 60, 50, 93, 15, 52, 23, 1, 59, 76, 67, 58, 17, 77, 75, 28, 41, 95, 44, 36, 35, 26, 7, 0, 79, 88, 94, 46, 54, 71, 53, 29, 56, 65, 39, 34, 8, 49, 33, 55, 14, 37, 72, 38, 78, 40, 98, 89, 27, 47, 80, 30, 11, 5, 96, 2, 16, 83, 6, 51, 42, 24, 90, 81, 22, 64, 21, 87, 19, 18, 84, 62, 63, 91, 73, 99, 61, 10, 57, 31, 43, 45, 85, 9, 20, 4, 25, 82, 74, 12, 97]|[1, 1, 0, 1, 2, 2, 1, 2, 0, 1, 1, 0, 1, 0, 0, 0, 1, 2, 0, 2, 0, 0, 2, 0, 2, 2, 0, 1, 2, 0, 2, 1, 1, 1, 1, 0, 0, 1, 0, 1, 2, 1, 0, 0, 1, 0, 1, 1, 0, 1, 1, 0, 0, 1, 1, 1, 2, 1, 0, 0, 2, 1, 1, 1, 2, 2, 1, 0, 0, 0, 1, 2, 0, 1, 2, 2, 2, 2, 2, 1, 0, 2, 2, 0, 2, 2, 1, 0, 1, 1, 1, 0, 1, 0, 1, 2, 2, 0, 0, 0]|[4, 4, 1, 4, 1, 2, 4, 2, 1, 0, 4, 0, 4, 1, 0, 0, 4, 1, 1, 1, 0, 2, 2, 1, 2, 1, 0, 3, 1, 0, 1, 4, 4, 0, 0, 0, 2, 4, 1, 3, 2, 3, 0, 0, 3, 2, 4, 1, 2, 0, 4, 2, 1, 4, 3, 4, 2, 3, 0, 2, 1, 3, 3, 4, 1, 1, 4, 1, 2, 0, 4, 1, 2, 3, 1, 1, 1, 1, 1, 4, 0, 1, 1, 2, 1, 1, 4, 0, 3, 3, 4, 1, 4, 2, 4, 1, 1, 2, 2, 2]|[0, 1, 0, 0, 1, 0, 1, 0, 0, 2, 3, 0, 1, 1, 0, 0, 0, 0, 0, 0, 1, 0, 0, 1, 1, 0, 0, 3, 0, 0, 0, 2, 0, 0, 0, 0, 0, 3, 0, 1, 0, 1, 1, 0, 1, 0, 2, 1, 0, 0, 2, 0, 0, 1, 1, 3, 0, 1, 0, 0, 0, 0, 0, 2, 0, 0, 3, 1, 0, 0, 1, 0, 0, 1, 0, 0, 0, 0, 0, 1, 0, 0, 0, 0, 0, 0, 0, 0, 3, 3, 1, 0, 2, 0, 2, 0, 0, 0, 0, 0]
event=1049:G3_TWC:action:mode=exploit,state=1,draw=0.03981258136508137,action=1
event=1050:G3_TWC:leader:action=1,fingerprint=[66, 68, 55, 92, 86, 48, 24, 89, 70, 13, 60, 50, 93, 15, 25, 52, 1, 59, 76, 67, 65, 17, 77, 75, 28, 26, 35, 36, 94, 95, 41, 6, 7, 0, 79, 33, 46, 58, 32, 88, 54, 71, 53, 29, 56, 8, 49, 39, 34, 14, 37, 72, 38, 23, 40, 98, 69, 27, 47, 80, 73, 63, 83, 44, 57, 11, 5, 82, 61, 16, 45, 51, 42, 3, 90, 81, 91, 21, 87, 19, 18, 9, 62, 22, 99, 64, 10, 2, 31, 43, 30, 85, 84, 20, 74, 78, 12, 4, 96, 97]|[1, 1, 0, 1, 1, 2, 2, 0, 0, 2, 1, 0, 1, 0, 0, 0, 0, 2, 0, 2, 1, 0, 2, 0, 2, 2, 0, 2, 0, 1, 2, 2, 2, 1, 1, 0, 1, 0, 0, 1, 1, 0, 1, 2, 1, 0, 1, 0, 1, 2, 1, 0, 0, 1, 1, 2, 0, 1, 0, 2, 0, 2, 1, 0, 0, 1, 1, 1, 2, 2, 0, 1, 0, 1, 2, 1, 1, 1, 2, 1, 2, 1, 0, 1, 0, 2, 0, 2, 1, 2, 2, 1, 1, 0, 0, 2, 0, 0, 1, 0]|[1, 0, 2, 4, 3, 2, 0, 1, 0, 2, 1, 2, 4, 1, 2, 0, 0, 1, 1, 2, 4, 2, 2, 1, 1, 1, 0, 2, 0, 3, 1, 1, 2, 0, 0, 2, 4, 0, 1, 4, 4, 0, 3, 2, 3, 2, 4, 0, 0, 1, 4, 2, 1, 3, 0, 2, 0, 3, 0, 1, 2, 1, 2, 1, 0, 3, 0, 4, 1, 1, 2, 4, 0, 2, 1, 4, 3, 3, 1, 0, 1, 4, 0, 4, 0, 1, 2, 1, 4, 1, 1, 3, 4, 2, 2, 1, 2, 1, 4, 2]|[0, 2, 0, 0, 1, 0, 0, 0, 0, 0, 3, 0, 1, 1, 0, 0, 0, 0, 1, 0, 1, 0, 0, 1, 1, 1, 0, 0, 0, 3, 0, 0, 1, 0, 0, 1, 2, 1, 0, 0, 3, 0, 1, 0, 1, 1, 0, 0, 3, 1, 2, 0, 0, 1, 0, 0, 0, 1, 0, 0, 1, 0, 3, 1, 0, 0, 0, 1, 0, 0, 1, 2, 0, 3, 0, 1, 3, 1, 0, 3, 0, 2, 0, 2, 0, 0, 1, 0, 1, 0, 0, 3, 1, 0, 0, 0, 0, 1, 1, 1]
event=1051:G1_CMAX:update:state=1,action=2,reward=-40.71294653737891,nextState=1,old=-256.21956925569043,new=-245.68860194193127
event=1052:G2_TEC:update:state=1,action=1,reward=-175.91391041814495,nextState=1,old=-106.52788244252787,new=-261.13621637216727
event=1053:G3_TWC:update:state=1,action=1,reward=-1315.7726887826575,nextState=1,old=-9185.25334993361,new=-8663.975368729545
event=1054:G4_BALANCED:update:state=1,action=1,reward=-0.15109831043058652,nextState=1,old=-0.6706584353662688,new=-0.6072573408448121
event=1055:G1_CMAX:action:mode=exploit,state=1,draw=0.2674820980597734,action=2
event=1056:G1_CMAX:tournament:reason=action2,left=2,right=26,selected=[66, 68, 55, 92, 86, 48, 24, 89, 70, 13, 60, 50, 93, 15, 25, 52, 1, 59, 76, 67, 65, 17, 77, 75, 28, 26, 35, 36, 94, 95, 41, 6, 7, 0, 79, 33, 46, 58, 32, 88, 54, 71, 53, 29, 56, 8, 49, 39, 34, 14, 37, 72, 38, 23, 40, 98, 69, 27, 47, 80, 73, 63, 83, 44, 57, 11, 5, 82, 61, 16, 45, 51, 42, 3, 90, 81, 91, 21, 87, 19, 18, 9, 62, 22, 99, 64, 10, 2, 31, 43, 30, 85, 84, 20, 96, 4, 74, 78, 12, 97]|[1, 1, 0, 1, 1, 2, 2, 0, 0, 2, 1, 0, 1, 0, 0, 0, 0, 2, 0, 2, 1, 0, 2, 0, 2, 0, 0, 2, 0, 1, 2, 2, 2, 1, 1, 0, 1, 0, 0, 1, 1, 0, 1, 2, 1, 0, 1, 0, 1, 2, 1, 0, 0, 1, 1, 2, 0, 1, 0, 1, 1, 2, 1, 0, 0, 1, 1, 1, 2, 2, 0, 1, 0, 1, 2, 1, 1, 1, 2, 1, 2, 1, 0, 1, 0, 2, 0, 2, 1, 2, 2, 0, 2, 0, 1, 0, 0, 2, 0, 0]|[1, 0, 2, 4, 3, 2, 0, 1, 0, 2, 1, 2, 4, 1, 2, 0, 0, 1, 1, 2, 4, 2, 2, 1, 1, 2, 0, 2, 0, 3, 1, 1, 2, 0, 0, 2, 4, 0, 1, 4, 4, 0, 3, 2, 3, 2, 3, 0, 0, 1, 4, 2, 1, 3, 0, 2, 0, 3, 0, 4, 0, 1, 2, 1, 0, 3, 0, 4, 1, 1, 2, 4, 0, 2, 1, 4, 3, 3, 1, 0, 1, 4, 0, 4, 0, 1, 2, 1, 4, 1, 1, 2, 1, 2, 4, 1, 2, 1, 2, 2]|[0, 2, 0, 0, 1, 0, 0, 0, 0, 0, 3, 0, 1, 1, 0, 0, 0, 0, 1, 0, 1, 0, 0, 1, 1, 0, 0, 0, 0, 3, 0, 0, 1, 0, 0, 1, 2, 1, 0, 0, 3, 0, 1, 0, 1, 1, 0, 0, 3, 1, 2, 0, 0, 1, 0, 0, 0, 1, 0, 2, 0, 0, 3, 1, 0, 0, 0, 1, 0, 0, 1, 2, 0, 3, 0, 1, 3, 1, 0, 3, 0, 2, 0, 0, 0, 0, 1, 0, 1, 0, 0, 1, 0, 0, 1, 1, 0, 0, 0, 0]
event=1057:G1_CMAX:leader:action=2,fingerprint=[66, 68, 55, 92, 86, 48, 24, 89, 70, 13, 60, 50, 93, 15, 25, 52, 1, 59, 76, 67, 65, 17, 77, 75, 28, 26, 35, 36, 94, 95, 41, 6, 7, 0, 79, 33, 46, 58, 32, 88, 54, 71, 53, 29, 56, 8, 49, 39, 34, 14, 37, 72, 38, 23, 40, 98, 69, 27, 47, 80, 73, 63, 83, 44, 57, 11, 5, 82, 61, 16, 45, 51, 42, 3, 90, 81, 91, 21, 87, 19, 18, 9, 62, 22, 99, 64, 10, 2, 31, 43, 30, 85, 84, 20, 96, 4, 74, 78, 12, 97]|[1, 1, 0, 1, 1, 2, 2, 0, 0, 2, 1, 0, 1, 0, 0, 0, 0, 2, 0, 2, 1, 0, 2, 0, 2, 0, 0, 2, 0, 1, 2, 2, 2, 1, 1, 0, 1, 0, 0, 1, 1, 0, 1, 2, 1, 0, 1, 0, 1, 2, 1, 0, 0, 1, 1, 2, 0, 1, 0, 1, 1, 2, 1, 0, 0, 1, 1, 1, 2, 2, 0, 1, 0, 1, 2, 1, 1, 1, 2, 1, 2, 1, 0, 1, 0, 2, 0, 2, 1, 2, 2, 0, 2, 0, 1, 0, 0, 2, 0, 0]|[1, 0, 2, 4, 3, 2, 0, 1, 0, 2, 1, 2, 4, 1, 2, 0, 0, 1, 1, 2, 4, 2, 2, 1, 1, 2, 0, 2, 0, 3, 1, 1, 2, 0, 0, 2, 4, 0, 1, 4, 4, 0, 3, 2, 3, 2, 3, 0, 0, 1, 4, 2, 1, 3, 0, 2, 0, 3, 0, 4, 0, 1, 2, 1, 0, 3, 0, 4, 1, 1, 2, 4, 0, 2, 1, 4, 3, 3, 1, 0, 1, 4, 0, 4, 0, 1, 2, 1, 4, 1, 1, 2, 1, 2, 4, 1, 2, 1, 2, 2]|[0, 2, 0, 0, 1, 0, 0, 0, 0, 0, 3, 0, 1, 1, 0, 0, 0, 0, 1, 0, 1, 0, 0, 1, 1, 0, 0, 0, 0, 3, 0, 0, 1, 0, 0, 1, 2, 1, 0, 0, 3, 0, 1, 0, 1, 1, 0, 0, 3, 1, 2, 0, 0, 1, 0, 0, 0, 1, 0, 2, 0, 0, 3, 1, 0, 0, 0, 1, 0, 0, 1, 2, 0, 3, 0, 1, 3, 1, 0, 3, 0, 2, 0, 0, 0, 0, 1, 0, 1, 0, 0, 1, 0, 0, 1, 1, 0, 0, 0, 0]
event=1058:G4_BALANCED:action:mode=explore,state=1,draw=0.8941203326547754,action=0
event=1059:G4_BALANCED:leader:action=0,fingerprint=[49, 8, 56, 29, 54, 32, 38, 58, 46, 33, 71, 79, 0, 7, 6, 41, 95, 36, 35, 26, 28, 75, 77, 65, 67, 42, 59, 1, 52, 74, 55, 15, 94, 93, 50, 60, 13, 70, 89, 24, 48, 86, 25, 68, 66, 53, 76, 34, 14, 37, 72, 88, 23, 40, 98, 69, 27, 47, 80, 73, 63, 83, 44, 57, 11, 5, 82, 61, 16, 45, 51, 3, 90, 81, 91, 21, 87, 19, 18, 9, 62, 22, 99, 64, 10, 39, 2, 31, 43, 92, 30, 85, 84, 20, 17, 78, 96, 4, 12, 97]|[1, 0, 1, 2, 1, 0, 0, 0, 1, 0, 0, 1, 1, 2, 1, 2, 1, 2, 0, 2, 2, 0, 2, 1, 2, 0, 2, 0, 0, 0, 0, 0, 0, 1, 0, 1, 1, 2, 0, 2, 2, 1, 0, 1, 1, 1, 0, 1, 2, 1, 0, 0, 0, 1, 2, 0, 1, 0, 1, 1, 2, 1, 0, 0, 1, 1, 1, 2, 2, 0, 1, 1, 2, 2, 1, 2, 2, 1, 2, 1, 0, 1, 0, 2, 0, 0, 2, 1, 1, 1, 0, 0, 1, 1, 0, 2, 1, 0, 1, 1]|[3, 2, 3, 2, 1, 1, 1, 0, 4, 2, 1, 0, 0, 2, 4, 1, 3, 2, 0, 1, 1, 1, 2, 4, 2, 1, 1, 0, 0, 2, 2, 1, 0, 4, 2, 1, 0, 1, 1, 0, 2, 3, 2, 1, 0, 3, 0, 0, 1, 4, 2, 2, 1, 0, 2, 0, 3, 2, 4, 0, 1, 2, 1, 0, 3, 0, 4, 1, 1, 2, 4, 2, 1, 2, 3, 1, 1, 0, 1, 4, 0, 4, 0, 1, 2, 0, 1, 3, 3, 1, 0, 2, 4, 2, 2, 1, 4, 1, 2, 4]|[0, 1, 1, 0, 3, 0, 0, 1, 2, 1, 0, 0, 0, 1, 2, 0, 3, 0, 0, 1, 1, 1, 0, 1, 0, 1, 0, 0, 0, 0, 0, 1, 0, 1, 0, 3, 2, 0, 0, 0, 0, 1, 0, 0, 2, 1, 0, 3, 1, 2, 0, 1, 0, 0, 0, 0, 1, 1, 2, 0, 0, 3, 1, 0, 0, 0, 1, 0, 0, 1, 2, 3, 0, 1, 3, 0, 0, 3, 0, 2, 0, 0, 0, 0, 1, 0, 0, 3, 3, 0, 0, 0, 1, 2, 0, 0, 1, 1, 2, 0]
event=1060:G2_TEC:action:mode=exploit,state=1,draw=0.46916313396489473,action=1
event=1061:G2_TEC:leader:action=1,fingerprint=[66, 68, 32, 92, 86, 48, 3, 69, 70, 13, 60, 50, 93, 15, 52, 23, 1, 59, 76, 67, 58, 17, 77, 75, 28, 41, 95, 44, 36, 35, 26, 7, 0, 79, 88, 94, 46, 54, 71, 53, 29, 56, 65, 39, 34, 8, 49, 33, 55, 14, 37, 72, 38, 78, 40, 98, 89, 27, 47, 80, 30, 11, 5, 96, 2, 16, 83, 6, 51, 42, 24, 90, 81, 22, 64, 21, 87, 19, 18, 84, 62, 63, 91, 73, 99, 61, 10, 57, 31, 43, 45, 85, 9, 20, 4, 25, 82, 74, 12, 97]|[1, 1, 0, 1, 2, 2, 1, 2, 0, 1, 1, 0, 1, 0, 0, 0, 1, 2, 0, 2, 0, 0, 2, 0, 2, 2, 0, 1, 2, 0, 2, 1, 1, 1, 1, 0, 0, 1, 0, 1, 2, 1, 0, 0, 1, 0, 1, 1, 0, 1, 1, 0, 0, 1, 1, 1, 2, 1, 0, 0, 2, 1, 1, 1, 2, 2, 1, 0, 0, 0, 1, 2, 0, 1, 2, 2, 2, 2, 2, 1, 0, 2, 2, 0, 2, 2, 1, 0, 1, 1, 1, 0, 1, 0, 1, 2, 2, 0, 0, 0]|[4, 4, 1, 4, 1, 2, 4, 2, 1, 0, 4, 0, 4, 1, 0, 0, 4, 1, 1, 1, 0, 2, 2, 1, 2, 1, 0, 3, 1, 0, 1, 4, 4, 0, 0, 0, 2, 4, 1, 3, 2, 3, 0, 0, 3, 2, 4, 1, 2, 0, 4, 2, 1, 4, 3, 4, 2, 3, 0, 2, 1, 3, 3, 4, 1, 1, 4, 1, 2, 0, 4, 1, 2, 3, 1, 1, 1, 1, 1, 4, 0, 1, 1, 2, 1, 1, 4, 0, 3, 3, 4, 1, 4, 2, 4, 1, 1, 2, 2, 2]|[0, 1, 0, 0, 1, 0, 1, 0, 0, 2, 3, 0, 1, 1, 0, 0, 0, 0, 0, 0, 1, 0, 0, 1, 1, 0, 0, 3, 0, 0, 0, 2, 0, 0, 0, 0, 0, 3, 0, 1, 0, 1, 1, 0, 1, 0, 2, 1, 0, 0, 2, 0, 0, 1, 1, 3, 0, 1, 0, 0, 0, 0, 0, 2, 0, 0, 3, 1, 0, 0, 1, 0, 0, 1, 0, 0, 0, 0, 0, 1, 0, 0, 0, 0, 0, 0, 0, 0, 3, 3, 1, 0, 2, 0, 2, 0, 0, 0, 0, 0]
event=1062:G3_TWC:action:mode=exploit,state=1,draw=0.0031290826882098832,action=1
event=1063:G3_TWC:leader:action=1,fingerprint=[66, 68, 55, 92, 86, 48, 24, 89, 70, 13, 60, 50, 93, 15, 25, 52, 1, 59, 76, 67, 65, 17, 77, 75, 28, 26, 35, 36, 94, 95, 41, 6, 7, 0, 79, 33, 46, 58, 32, 88, 54, 71, 53, 29, 56, 8, 49, 39, 34, 14, 37, 72, 38, 23, 40, 98, 69, 27, 47, 80, 73, 63, 83, 44, 57, 11, 5, 82, 61, 16, 45, 51, 42, 3, 90, 81, 91, 21, 87, 19, 18, 9, 62, 22, 99, 64, 10, 2, 31, 43, 30, 85, 84, 20, 74, 78, 12, 4, 96, 97]|[1, 1, 0, 1, 1, 2, 2, 0, 0, 2, 1, 0, 1, 0, 0, 0, 0, 2, 0, 2, 1, 0, 2, 0, 2, 2, 0, 2, 0, 1, 2, 2, 2, 1, 1, 0, 1, 0, 0, 1, 1, 0, 1, 2, 1, 0, 1, 0, 1, 2, 1, 0, 0, 1, 1, 2, 0, 1, 0, 2, 0, 2, 1, 0, 0, 1, 1, 1, 2, 2, 0, 1, 0, 1, 2, 1, 1, 1, 2, 1, 2, 1, 0, 1, 0, 2, 0, 2, 1, 2, 2, 1, 1, 0, 0, 2, 0, 0, 1, 0]|[1, 0, 2, 4, 3, 2, 0, 1, 0, 2, 1, 2, 4, 1, 2, 0, 0, 1, 1, 2, 4, 2, 2, 1, 1, 1, 0, 2, 0, 3, 1, 1, 2, 0, 0, 2, 4, 0, 1, 4, 4, 0, 3, 2, 3, 2, 4, 0, 0, 1, 4, 2, 1, 3, 0, 2, 0, 3, 0, 1, 2, 1, 2, 1, 0, 3, 0, 4, 1, 1, 2, 4, 0, 2, 1, 4, 3, 3, 1, 0, 1, 4, 0, 4, 0, 1, 2, 1, 4, 1, 1, 3, 4, 2, 2, 1, 2, 1, 4, 2]|[0, 2, 0, 0, 1, 0, 0, 0, 0, 0, 3, 0, 1, 1, 0, 0, 0, 0, 1, 0, 1, 0, 0, 1, 1, 1, 0, 0, 0, 3, 0, 0, 1, 0, 0, 1, 2, 1, 0, 0, 3, 0, 1, 0, 1, 1, 0, 0, 3, 1, 2, 0, 0, 1, 0, 0, 0, 1, 0, 0, 1, 0, 3, 1, 0, 0, 0, 1, 0, 0, 1, 2, 0, 3, 0, 1, 3, 1, 0, 3, 0, 2, 0, 2, 0, 0, 1, 0, 1, 0, 0, 3, 1, 0, 0, 0, 0, 1, 1, 1]
event=1064:G1_CMAX:update:state=1,action=2,reward=-44.91345582742554,nextState=1,old=-245.68860194193127,new=-241.46433738097056
event=1065:G2_TEC:update:state=1,action=1,reward=-505.1916575308933,nextState=1,old=-261.13621637216727,new=-714.1006306286271
event=1066:G3_TWC:update:state=1,action=1,reward=-2172.0235911056807,nextState=1,old=-8663.975368729545,new=-9103.203886089317
event=1067:G4_BALANCED:update:state=1,action=0,reward=-0.16158971336572073,nextState=1,old=-0.5824694338462347,new=-0.6177487437799464
event=1068:G1_CMAX:action:mode=exploit,state=1,draw=0.43986799180496694,action=2
event=1069:G1_CMAX:tournament:reason=action2,left=4,right=40,selected=[66, 68, 55, 92, 86, 48, 24, 89, 70, 13, 60, 50, 93, 15, 25, 52, 1, 59, 76, 67, 65, 17, 77, 75, 28, 26, 35, 36, 94, 95, 41, 6, 7, 0, 79, 33, 46, 58, 32, 88, 54, 71, 53, 29, 56, 8, 49, 39, 34, 14, 37, 72, 38, 23, 40, 98, 69, 27, 47, 80, 73, 63, 83, 44, 57, 11, 5, 82, 61, 16, 45, 51, 42, 3, 90, 81, 91, 21, 87, 19, 18, 9, 62, 22, 99, 64, 10, 2, 31, 43, 30, 85, 84, 20, 74, 78, 12, 96, 97, 4]|[1, 1, 0, 1, 2, 2, 2, 0, 2, 1, 1, 0, 1, 0, 0, 0, 0, 2, 0, 2, 1, 0, 2, 0, 2, 2, 0, 2, 0, 1, 2, 2, 2, 1, 1, 0, 1, 0, 0, 1, 1, 0, 1, 2, 1, 0, 1, 0, 1, 2, 1, 0, 0, 1, 1, 2, 0, 1, 0, 2, 1, 2, 1, 0, 0, 1, 1, 1, 2, 2, 0, 1, 0, 1, 2, 1, 1, 1, 2, 1, 2, 1, 0, 1, 2, 2, 0, 2, 1, 2, 2, 1, 1, 0, 0, 2, 0, 1, 2, 0]|[1, 0, 2, 4, 1, 2, 0, 1, 1, 0, 1, 2, 4, 1, 2, 0, 0, 1, 1, 2, 4, 2, 2, 1, 1, 1, 0, 2, 0, 3, 1, 1, 2, 0, 0, 2, 4, 0, 1, 4, 4, 0, 3, 2, 3, 2, 4, 0, 0, 1, 4, 2, 1, 3, 0, 2, 0, 3, 0, 1, 0, 1, 2, 1, 0, 3, 0, 4, 1, 1, 2, 4, 0, 2, 1, 4, 3, 3, 1, 0, 1, 4, 0, 4, 1, 1, 2, 1, 4, 1, 1, 3, 4, 2, 2, 1, 2, 4, 1, 1]|[0, 2, 0, 0, 1, 0, 0, 0, 0, 2, 3, 0, 1, 1, 0, 0, 0, 0, 1, 0, 1, 0, 0, 1, 1, 1, 0, 0, 0, 3, 0, 0, 1, 0, 0, 1, 2, 1, 0, 0, 3, 0, 1, 0, 1, 1, 0, 0, 3, 1, 2, 0, 0, 1, 0, 0, 0, 1, 0, 0, 0, 0, 3, 1, 0, 0, 0, 1, 0, 0, 1, 2, 0, 3, 0, 1, 3, 1, 0, 3, 0, 2, 0, 0, 0, 0, 1, 0, 1, 0, 0, 3, 1, 0, 0, 0, 0, 1, 0, 1]
event=1070:G1_CMAX:leader:action=2,fingerprint=[66, 68, 55, 92, 86, 48, 24, 89, 70, 13, 60, 50, 93, 15, 25, 52, 1, 59, 76, 67, 65, 17, 77, 75, 28, 26, 35, 36, 94, 95, 41, 6, 7, 0, 79, 33, 46, 58, 32, 88, 54, 71, 53, 29, 56, 8, 49, 39, 34, 14, 37, 72, 38, 23, 40, 98, 69, 27, 47, 80, 73, 63, 83, 44, 57, 11, 5, 82, 61, 16, 45, 51, 42, 3, 90, 81, 91, 21, 87, 19, 18, 9, 62, 22, 99, 64, 10, 2, 31, 43, 30, 85, 84, 20, 74, 78, 12, 96, 97, 4]|[1, 1, 0, 1, 2, 2, 2, 0, 2, 1, 1, 0, 1, 0, 0, 0, 0, 2, 0, 2, 1, 0, 2, 0, 2, 2, 0, 2, 0, 1, 2, 2, 2, 1, 1, 0, 1, 0, 0, 1, 1, 0, 1, 2, 1, 0, 1, 0, 1, 2, 1, 0, 0, 1, 1, 2, 0, 1, 0, 2, 1, 2, 1, 0, 0, 1, 1, 1, 2, 2, 0, 1, 0, 1, 2, 1, 1, 1, 2, 1, 2, 1, 0, 1, 2, 2, 0, 2, 1, 2, 2, 1, 1, 0, 0, 2, 0, 1, 2, 0]|[1, 0, 2, 4, 1, 2, 0, 1, 1, 0, 1, 2, 4, 1, 2, 0, 0, 1, 1, 2, 4, 2, 2, 1, 1, 1, 0, 2, 0, 3, 1, 1, 2, 0, 0, 2, 4, 0, 1, 4, 4, 0, 3, 2, 3, 2, 4, 0, 0, 1, 4, 2, 1, 3, 0, 2, 0, 3, 0, 1, 0, 1, 2, 1, 0, 3, 0, 4, 1, 1, 2, 4, 0, 2, 1, 4, 3, 3, 1, 0, 1, 4, 0, 4, 1, 1, 2, 1, 4, 1, 1, 3, 4, 2, 2, 1, 2, 4, 1, 1]|[0, 2, 0, 0, 1, 0, 0, 0, 0, 2, 3, 0, 1, 1, 0, 0, 0, 0, 1, 0, 1, 0, 0, 1, 1, 1, 0, 0, 0, 3, 0, 0, 1, 0, 0, 1, 2, 1, 0, 0, 3, 0, 1, 0, 1, 1, 0, 0, 3, 1, 2, 0, 0, 1, 0, 0, 0, 1, 0, 0, 0, 0, 3, 1, 0, 0, 0, 1, 0, 0, 1, 2, 0, 3, 0, 1, 3, 1, 0, 3, 0, 2, 0, 0, 0, 0, 1, 0, 1, 0, 0, 3, 1, 0, 0, 0, 0, 1, 0, 1]
event=1071:G4_BALANCED:action:mode=exploit,state=1,draw=0.6477314138280421,action=2
event=1072:G4_BALANCED:tournament:reason=action2,left=62,right=22,selected=[66, 68, 32, 92, 86, 48, 3, 69, 70, 13, 60, 50, 93, 15, 52, 23, 1, 59, 76, 67, 58, 17, 77, 75, 28, 41, 95, 44, 36, 35, 26, 7, 0, 79, 88, 94, 46, 54, 71, 53, 29, 56, 65, 39, 34, 8, 49, 33, 55, 14, 37, 72, 38, 78, 40, 98, 89, 27, 47, 80, 30, 11, 5, 96, 2, 16, 83, 6, 51, 42, 24, 90, 81, 22, 64, 21, 87, 99, 63, 19, 18, 9, 85, 61, 57, 97, 10, 91, 31, 43, 73, 12, 84, 20, 62, 25, 74, 4, 45, 82]|[1, 1, 0, 1, 2, 2, 1, 2, 0, 2, 1, 0, 1, 0, 0, 0, 1, 2, 0, 2, 0, 0, 2, 0, 2, 2, 1, 0, 2, 0, 2, 2, 1, 1, 1, 0, 0, 1, 0, 1, 2, 1, 0, 0, 1, 0, 1, 1, 0, 1, 1, 0, 0, 1, 1, 1, 2, 1, 0, 1, 2, 1, 1, 1, 2, 2, 1, 0, 0, 0, 1, 2, 0, 1, 2, 2, 2, 2, 0, 1, 2, 1, 1, 2, 2, 0, 1, 2, 1, 1, 0, 1, 1, 0, 0, 2, 0, 1, 1, 2]|[4, 4, 1, 4, 1, 2, 4, 2, 1, 2, 4, 0, 4, 1, 0, 0, 4, 1, 1, 1, 0, 2, 2, 1, 2, 1, 3, 1, 1, 0, 1, 1, 4, 0, 0, 0, 2, 4, 1, 3, 2, 3, 0, 0, 3, 2, 4, 1, 2, 0, 4, 2, 1, 4, 3, 4, 2, 3, 0, 4, 1, 3, 3, 4, 1, 1, 4, 1, 2, 0, 4, 1, 2, 3, 1, 1, 1, 1, 1, 3, 1, 4, 3, 1, 1, 2, 4, 1, 3, 3, 2, 2, 4, 2, 0, 1, 2, 4, 4, 1]|[0, 1, 0, 0, 1, 0, 1, 0, 0, 0, 3, 0, 1, 1, 0, 0, 0, 0, 0, 0, 1, 0, 0, 1, 1, 0, 3, 1, 0, 0, 0, 0, 0, 0, 0, 0, 0, 3, 0, 1, 0, 1, 1, 0, 1, 0, 2, 1, 0, 0, 2, 0, 0, 1, 1, 3, 0, 1, 0, 1, 0, 0, 0, 2, 0, 0, 3, 1, 0, 0, 1, 0, 0, 1, 0, 0, 0, 0, 0, 1, 0, 2, 3, 0, 0, 0, 0, 0, 3, 3, 0, 2, 1, 0, 0, 0, 0, 2, 1, 0]
event=1073:G4_BALANCED:leader:action=2,fingerprint=[66, 68, 32, 92, 86, 48, 3, 69, 70, 13, 60, 50, 93, 15, 52, 23, 1, 59, 76, 67, 58, 17, 77, 75, 28, 41, 95, 44, 36, 35, 26, 7, 0, 79, 88, 94, 46, 54, 71, 53, 29, 56, 65, 39, 34, 8, 49, 33, 55, 14, 37, 72, 38, 78, 40, 98, 89, 27, 47, 80, 30, 11, 5, 96, 2, 16, 83, 6, 51, 42, 24, 90, 81, 22, 64, 21, 87, 99, 63, 19, 18, 9, 85, 61, 57, 97, 10, 91, 31, 43, 73, 12, 84, 20, 62, 25, 74, 4, 45, 82]|[1, 1, 0, 1, 2, 2, 1, 2, 0, 2, 1, 0, 1, 0, 0, 0, 1, 2, 0, 2, 0, 0, 2, 0, 2, 2, 1, 0, 2, 0, 2, 2, 1, 1, 1, 0, 0, 1, 0, 1, 2, 1, 0, 0, 1, 0, 1, 1, 0, 1, 1, 0, 0, 1, 1, 1, 2, 1, 0, 1, 2, 1, 1, 1, 2, 2, 1, 0, 0, 0, 1, 2, 0, 1, 2, 2, 2, 2, 0, 1, 2, 1, 1, 2, 2, 0, 1, 2, 1, 1, 0, 1, 1, 0, 0, 2, 0, 1, 1, 2]|[4, 4, 1, 4, 1, 2, 4, 2, 1, 2, 4, 0, 4, 1, 0, 0, 4, 1, 1, 1, 0, 2, 2, 1, 2, 1, 3, 1, 1, 0, 1, 1, 4, 0, 0, 0, 2, 4, 1, 3, 2, 3, 0, 0, 3, 2, 4, 1, 2, 0, 4, 2, 1, 4, 3, 4, 2, 3, 0, 4, 1, 3, 3, 4, 1, 1, 4, 1, 2, 0, 4, 1, 2, 3, 1, 1, 1, 1, 1, 3, 1, 4, 3, 1, 1, 2, 4, 1, 3, 3, 2, 2, 4, 2, 0, 1, 2, 4, 4, 1]|[0, 1, 0, 0, 1, 0, 1, 0, 0, 0, 3, 0, 1, 1, 0, 0, 0, 0, 0, 0, 1, 0, 0, 1, 1, 0, 3, 1, 0, 0, 0, 0, 0, 0, 0, 0, 0, 3, 0, 1, 0, 1, 1, 0, 1, 0, 2, 1, 0, 0, 2, 0, 0, 1, 1, 3, 0, 1, 0, 1, 0, 0, 0, 2, 0, 0, 3, 1, 0, 0, 1, 0, 0, 1, 0, 0, 0, 0, 0, 1, 0, 2, 3, 0, 0, 0, 0, 0, 3, 3, 0, 2, 1, 0, 0, 0, 0, 2, 1, 0]
event=1074:G2_TEC:action:mode=exploit,state=1,draw=0.17155499772207605,action=1
event=1075:G2_TEC:leader:action=1,fingerprint=[66, 68, 32, 92, 86, 48, 3, 69, 70, 13, 60, 50, 93, 15, 52, 23, 1, 59, 76, 67, 58, 17, 77, 75, 28, 41, 95, 44, 36, 35, 26, 7, 0, 79, 88, 94, 46, 54, 71, 53, 29, 56, 65, 39, 34, 8, 49, 33, 55, 14, 37, 72, 38, 78, 40, 98, 89, 27, 47, 80, 30, 11, 5, 96, 2, 16, 83, 6, 51, 42, 24, 90, 81, 22, 64, 21, 87, 19, 18, 84, 62, 63, 91, 73, 99, 61, 10, 57, 31, 43, 45, 85, 9, 20, 4, 25, 82, 74, 12, 97]|[1, 1, 0, 1, 2, 2, 1, 2, 0, 1, 1, 0, 1, 0, 0, 0, 1, 2, 0, 2, 0, 0, 2, 0, 2, 2, 0, 1, 2, 0, 2, 1, 1, 1, 1, 0, 0, 1, 0, 1, 2, 1, 0, 0, 1, 0, 1, 1, 0, 1, 1, 0, 0, 1, 1, 1, 2, 1, 0, 0, 2, 1, 1, 1, 2, 2, 1, 0, 0, 0, 1, 2, 0, 1, 2, 2, 2, 2, 2, 1, 0, 2, 2, 0, 2, 2, 1, 0, 1, 1, 1, 0, 1, 0, 1, 2, 2, 0, 0, 0]|[4, 4, 1, 4, 1, 2, 4, 2, 1, 0, 4, 0, 4, 1, 0, 0, 4, 1, 1, 1, 0, 2, 2, 1, 2, 1, 0, 3, 1, 0, 1, 4, 4, 0, 0, 0, 2, 4, 1, 3, 2, 3, 0, 0, 3, 2, 4, 1, 2, 0, 4, 2, 1, 4, 3, 4, 2, 3, 0, 2, 1, 3, 3, 4, 1, 1, 4, 1, 2, 0, 4, 1, 2, 3, 1, 1, 1, 1, 1, 4, 0, 1, 1, 2, 1, 1, 4, 0, 3, 3, 4, 1, 4, 2, 4, 1, 1, 2, 2, 2]|[0, 1, 0, 0, 1, 0, 1, 0, 0, 2, 3, 0, 1, 1, 0, 0, 0, 0, 0, 0, 1, 0, 0, 1, 1, 0, 0, 3, 0, 0, 0, 2, 0, 0, 0, 0, 0, 3, 0, 1, 0, 1, 1, 0, 1, 0, 2, 1, 0, 0, 2, 0, 0, 1, 1, 3, 0, 1, 0, 0, 0, 0, 0, 2, 0, 0, 3, 1, 0, 0, 1, 0, 0, 1, 0, 0, 0, 0, 0, 1, 0, 0, 0, 0, 0, 0, 0, 0, 3, 3, 1, 0, 2, 0, 2, 0, 0, 0, 0, 0]
event=1076:G3_TWC:action:mode=exploit,state=1,draw=0.6165096397474353,action=1
event=1077:G3_TWC:leader:action=1,fingerprint=[66, 68, 55, 92, 86, 48, 24, 89, 70, 13, 60, 50, 93, 15, 25, 52, 1, 59, 76, 67, 65, 17, 77, 75, 28, 26, 35, 36, 94, 95, 41, 6, 7, 0, 79, 33, 46, 58, 32, 88, 54, 71, 53, 29, 56, 8, 49, 39, 34, 14, 37, 72, 38, 23, 40, 98, 69, 27, 47, 80, 73, 63, 83, 44, 57, 11, 5, 82, 61, 16, 45, 51, 42, 3, 90, 81, 91, 21, 87, 19, 18, 9, 62, 22, 99, 64, 10, 2, 31, 43, 30, 85, 84, 20, 74, 78, 12, 4, 96, 97]|[1, 1, 0, 1, 1, 2, 2, 0, 0, 2, 1, 0, 1, 0, 0, 0, 0, 2, 0, 2, 1, 0, 2, 0, 2, 2, 0, 2, 0, 1, 2, 2, 2, 1, 1, 0, 1, 0, 0, 1, 1, 0, 1, 2, 1, 0, 1, 0, 1, 2, 1, 0, 0, 1, 1, 2, 0, 1, 0, 2, 0, 2, 1, 0, 0, 1, 1, 1, 2, 2, 0, 1, 0, 1, 2, 1, 1, 1, 2, 1, 2, 1, 0, 1, 0, 2, 0, 2, 1, 2, 2, 1, 1, 0, 0, 2, 0, 0, 1, 0]|[1, 0, 2, 4, 3, 2, 0, 1, 0, 2, 1, 2, 4, 1, 2, 0, 0, 1, 1, 2, 4, 2, 2, 1, 1, 1, 0, 2, 0, 3, 1, 1, 2, 0, 0, 2, 4, 0, 1, 4, 4, 0, 3, 2, 3, 2, 4, 0, 0, 1, 4, 2, 1, 3, 0, 2, 0, 3, 0, 1, 2, 1, 2, 1, 0, 3, 0, 4, 1, 1, 2, 4, 0, 2, 1, 4, 3, 3, 1, 0, 1, 4, 0, 4, 0, 1, 2, 1, 4, 1, 1, 3, 4, 2, 2, 1, 2, 1, 4, 2]|[0, 2, 0, 0, 1, 0, 0, 0, 0, 0, 3, 0, 1, 1, 0, 0, 0, 0, 1, 0, 1, 0, 0, 1, 1, 1, 0, 0, 0, 3, 0, 0, 1, 0, 0, 1, 2, 1, 0, 0, 3, 0, 1, 0, 1, 1, 0, 0, 3, 1, 2, 0, 0, 1, 0, 0, 0, 1, 0, 0, 1, 0, 3, 1, 0, 0, 0, 1, 0, 0, 1, 2, 0, 3, 0, 1, 3, 1, 0, 3, 0, 2, 0, 2, 0, 0, 1, 0, 1, 0, 0, 3, 1, 0, 0, 0, 0, 1, 1, 1]
event=1078:G1_CMAX:update:state=1,action=2,reward=-13.60327809165733,nextState=1,old=-241.46433738097056,new=-206.7747479964338
event=1079:G2_TEC:update:state=1,action=1,reward=234.83746746015822,nextState=0,old=-714.1006306286271,new=-252.94470554215178
event=1080:G3_TWC:update:state=1,action=1,reward=-2303.9078379054554,nextState=1,old=-9103.203886089317,new=-9586.47094677691
event=1081:G4_BALANCED:update:state=1,action=2,reward=-0.18789750117585804,nextState=1,old=-0.570198788017782,new=-0.6440565315900837
event=1082:G1_CMAX:action:mode=exploit,state=1,draw=0.028881861175956813,action=2
event=1083:G1_CMAX:tournament:reason=action2,left=33,right=59,selected=[66, 68, 55, 92, 86, 48, 24, 89, 70, 13, 60, 50, 93, 15, 25, 52, 1, 59, 76, 67, 65, 17, 77, 75, 28, 26, 35, 36, 94, 95, 41, 6, 7, 0, 79, 33, 46, 58, 32, 88, 54, 71, 53, 29, 56, 8, 49, 39, 34, 14, 37, 72, 38, 23, 40, 98, 69, 27, 47, 80, 73, 63, 11, 44, 57, 83, 5, 82, 61, 16, 45, 51, 42, 3, 90, 81, 91, 21, 87, 19, 18, 9, 62, 22, 99, 64, 10, 2, 31, 43, 30, 85, 84, 20, 74, 4, 96, 78, 12, 97]|[1, 1, 0, 1, 1, 2, 2, 0, 2, 2, 1, 0, 1, 0, 0, 0, 0, 2, 0, 2, 1, 0, 2, 0, 2, 2, 0, 2, 0, 1, 2, 2, 2, 1, 1, 0, 1, 0, 0, 1, 1, 0, 1, 2, 1, 0, 1, 0, 1, 2, 1, 0, 0, 1, 1, 2, 0, 1, 0, 1, 0, 2, 1, 0, 1, 1, 1, 1, 2, 2, 0, 1, 0, 1, 2, 1, 2, 1, 2, 1, 2, 1, 0, 1, 0, 2, 0, 2, 1, 1, 2, 1, 1, 0, 0, 0, 1, 2, 0, 0]|[1, 0, 2, 4, 3, 2, 0, 1, 2, 2, 1, 2, 4, 1, 2, 0, 0, 1, 1, 2, 4, 2, 2, 1, 1, 1, 0, 2, 0, 3, 1, 1, 2, 0, 0, 2, 4, 0, 1, 4, 4, 0, 3, 2, 3, 2, 4, 0, 0, 1, 4, 2, 1, 3, 0, 2, 0, 3, 0, 4, 2, 1, 2, 1, 3, 3, 0, 4, 1, 1, 2, 4, 0, 2, 1, 4, 1, 3, 1, 0, 1, 4, 0, 4, 0, 1, 2, 1, 3, 3, 1, 3, 4, 2, 2, 1, 4, 1, 2, 2]|[0, 2, 0, 0, 1, 0, 0, 0, 0, 0, 3, 0, 1, 1, 0, 0, 0, 0, 1, 0, 1, 0, 0, 1, 1, 1, 0, 0, 0, 3, 0, 0, 1, 0, 0, 1, 2, 1, 0, 0, 3, 0, 1, 0, 1, 1, 0, 0, 3, 1, 2, 0, 0, 1, 0, 0, 0, 1, 0, 2, 1, 0, 3, 1, 0, 0, 0, 1, 0, 0, 1, 2, 0, 3, 0, 1, 0, 1, 0, 3, 0, 2, 0, 0, 0, 0, 1, 0, 3, 3, 0, 3, 1, 0, 0, 1, 1, 0, 0, 1]
event=1084:G1_CMAX:leader:action=2,fingerprint=[66, 68, 55, 92, 86, 48, 24, 89, 70, 13, 60, 50, 93, 15, 25, 52, 1, 59, 76, 67, 65, 17, 77, 75, 28, 26, 35, 36, 94, 95, 41, 6, 7, 0, 79, 33, 46, 58, 32, 88, 54, 71, 53, 29, 56, 8, 49, 39, 34, 14, 37, 72, 38, 23, 40, 98, 69, 27, 47, 80, 73, 63, 11, 44, 57, 83, 5, 82, 61, 16, 45, 51, 42, 3, 90, 81, 91, 21, 87, 19, 18, 9, 62, 22, 99, 64, 10, 2, 31, 43, 30, 85, 84, 20, 74, 4, 96, 78, 12, 97]|[1, 1, 0, 1, 1, 2, 2, 0, 2, 2, 1, 0, 1, 0, 0, 0, 0, 2, 0, 2, 1, 0, 2, 0, 2, 2, 0, 2, 0, 1, 2, 2, 2, 1, 1, 0, 1, 0, 0, 1, 1, 0, 1, 2, 1, 0, 1, 0, 1, 2, 1, 0, 0, 1, 1, 2, 0, 1, 0, 1, 0, 2, 1, 0, 1, 1, 1, 1, 2, 2, 0, 1, 0, 1, 2, 1, 2, 1, 2, 1, 2, 1, 0, 1, 0, 2, 0, 2, 1, 1, 2, 1, 1, 0, 0, 0, 1, 2, 0, 0]|[1, 0, 2, 4, 3, 2, 0, 1, 2, 2, 1, 2, 4, 1, 2, 0, 0, 1, 1, 2, 4, 2, 2, 1, 1, 1, 0, 2, 0, 3, 1, 1, 2, 0, 0, 2, 4, 0, 1, 4, 4, 0, 3, 2, 3, 2, 4, 0, 0, 1, 4, 2, 1, 3, 0, 2, 0, 3, 0, 4, 2, 1, 2, 1, 3, 3, 0, 4, 1, 1, 2, 4, 0, 2, 1, 4, 1, 3, 1, 0, 1, 4, 0, 4, 0, 1, 2, 1, 3, 3, 1, 3, 4, 2, 2, 1, 4, 1, 2, 2]|[0, 2, 0, 0, 1, 0, 0, 0, 0, 0, 3, 0, 1, 1, 0, 0, 0, 0, 1, 0, 1, 0, 0, 1, 1, 1, 0, 0, 0, 3, 0, 0, 1, 0, 0, 1, 2, 1, 0, 0, 3, 0, 1, 0, 1, 1, 0, 0, 3, 1, 2, 0, 0, 1, 0, 0, 0, 1, 0, 2, 1, 0, 3, 1, 0, 0, 0, 1, 0, 0, 1, 2, 0, 3, 0, 1, 0, 1, 0, 3, 0, 2, 0, 0, 0, 0, 1, 0, 3, 3, 0, 3, 1, 0, 0, 1, 1, 0, 0, 1]
event=1085:G4_BALANCED:action:mode=exploit,state=1,draw=0.7387755515611718,action=1
event=1086:G4_BALANCED:leader:action=1,fingerprint=[49, 8, 56, 29, 54, 32, 38, 58, 46, 33, 71, 79, 0, 7, 6, 41, 95, 36, 35, 26, 28, 75, 77, 65, 67, 42, 59, 1, 52, 74, 55, 15, 94, 93, 50, 60, 13, 70, 89, 24, 48, 86, 25, 68, 66, 53, 76, 34, 14, 37, 72, 88, 23, 40, 98, 69, 27, 47, 80, 73, 63, 83, 44, 57, 11, 5, 82, 61, 16, 45, 51, 3, 90, 81, 91, 21, 87, 19, 18, 9, 62, 22, 99, 64, 10, 39, 2, 31, 43, 92, 30, 85, 84, 20, 17, 78, 96, 4, 12, 97]|[1, 0, 1, 2, 1, 0, 0, 0, 1, 0, 0, 1, 1, 2, 1, 2, 1, 2, 0, 2, 2, 0, 2, 1, 2, 0, 2, 0, 0, 0, 0, 0, 0, 1, 0, 1, 1, 2, 0, 2, 2, 1, 0, 1, 1, 1, 0, 1, 2, 1, 0, 0, 0, 1, 2, 0, 1, 0, 1, 1, 2, 1, 0, 0, 1, 1, 1, 2, 2, 0, 1, 1, 2, 2, 1, 2, 2, 1, 2, 1, 0, 1, 0, 2, 0, 0, 2, 1, 1, 1, 0, 0, 1, 1, 0, 2, 1, 0, 1, 1]|[3, 2, 3, 2, 1, 1, 1, 0, 4, 2, 1, 0, 0, 2, 4, 1, 3, 2, 0, 1, 1, 1, 2, 4, 2, 1, 1, 0, 0, 2, 2, 1, 0, 4, 2, 1, 0, 1, 1, 0, 2, 3, 2, 1, 0, 3, 0, 0, 1, 4, 2, 2, 1, 0, 2, 0, 3, 2, 4, 0, 1, 2, 1, 0, 3, 0, 4, 1, 1, 2, 4, 2, 1, 2, 3, 1, 1, 0, 1, 4, 0, 4, 0, 1, 2, 0, 1, 3, 3, 1, 0, 2, 4, 2, 2, 1, 4, 1, 2, 4]|[0, 1, 1, 0, 3, 0, 0, 1, 2, 1, 0, 0, 0, 1, 2, 0, 3, 0, 0, 1, 1, 1, 0, 1, 0, 1, 0, 0, 0, 0, 0, 1, 0, 1, 0, 3, 2, 0, 0, 0, 0, 1, 0, 0, 2, 1, 0, 3, 1, 2, 0, 1, 0, 0, 0, 0, 1, 1, 2, 0, 0, 3, 1, 0, 0, 0, 1, 0, 0, 1, 2, 3, 0, 1, 3, 0, 0, 3, 0, 2, 0, 0, 0, 0, 1, 0, 0, 3, 3, 0, 0, 0, 1, 2, 0, 0, 1, 1, 2, 0]
event=1087:G2_TEC:action:mode=explore,state=0,draw=0.8272618998617275,action=1
event=1088:G2_TEC:leader:action=1,fingerprint=[66, 68, 32, 92, 86, 48, 3, 69, 70, 13, 60, 50, 93, 15, 52, 23, 1, 59, 76, 67, 58, 17, 77, 75, 28, 41, 95, 44, 36, 35, 26, 7, 0, 79, 88, 94, 46, 54, 71, 53, 29, 56, 65, 39, 34, 8, 49, 33, 55, 14, 37, 72, 38, 78, 40, 98, 89, 27, 47, 80, 30, 11, 5, 96, 2, 16, 83, 6, 51, 42, 24, 90, 81, 22, 64, 21, 87, 19, 18, 84, 62, 63, 91, 45, 99, 61, 10, 57, 31, 43, 97, 12, 85, 20, 9, 25, 74, 4, 73, 82]|[1, 1, 0, 1, 2, 2, 1, 2, 0, 2, 1, 0, 1, 0, 0, 0, 1, 2, 0, 2, 0, 0, 2, 0, 2, 2, 0, 1, 2, 0, 2, 2, 1, 1, 1, 0, 0, 1, 0, 1, 2, 1, 0, 0, 1, 0, 1, 1, 0, 2, 1, 0, 0, 0, 1, 1, 2, 1, 0, 1, 2, 1, 1, 1, 2, 2, 1, 2, 0, 0, 1, 1, 0, 1, 2, 2, 2, 2, 2, 1, 0, 2, 2, 0, 2, 2, 0, 2, 1, 1, 0, 0, 2, 0, 1, 2, 0, 1, 1, 2]|[4, 4, 1, 4, 1, 2, 4, 2, 1, 2, 4, 0, 4, 1, 0, 1, 4, 1, 1, 1, 0, 2, 2, 1, 2, 1, 0, 3, 1, 0, 1, 1, 4, 0, 0, 0, 2, 4, 1, 3, 2, 3, 0, 0, 3, 2, 4, 1, 2, 1, 4, 2, 1, 1, 3, 3, 2, 3, 0, 4, 1, 3, 3, 4, 1, 1, 3, 1, 2, 0, 4, 4, 2, 4, 1, 1, 1, 1, 1, 4, 0, 1, 1, 2, 1, 1, 2, 1, 3, 3, 2, 2, 1, 0, 4, 1, 2, 4, 3, 1]|[0, 1, 0, 0, 1, 0, 1, 0, 0, 0, 3, 0, 1, 1, 0, 0, 0, 0, 0, 0, 1, 0, 0, 1, 1, 0, 0, 3, 0, 0, 0, 0, 0, 0, 0, 0, 0, 3, 0, 1, 0, 1, 1, 0, 1, 1, 2, 1, 0, 1, 2, 0, 0, 0, 1, 1, 0, 1, 0, 1, 0, 0, 0, 1, 0, 0, 1, 0, 0, 0, 1, 2, 0, 2, 0, 0, 0, 0, 0, 1, 0, 0, 0, 0, 0, 0, 1, 0, 3, 3, 0, 0, 0, 0, 2, 0, 0, 2, 0, 0]
event=1089:G3_TWC:action:mode=exploit,state=1,draw=0.13147464927608377,action=1
event=1090:G3_TWC:leader:action=1,fingerprint=[66, 68, 55, 92, 86, 48, 24, 89, 70, 13, 60, 50, 93, 15, 25, 52, 1, 59, 76, 67, 65, 17, 77, 75, 28, 26, 35, 36, 94, 95, 41, 6, 7, 0, 79, 33, 46, 58, 32, 88, 54, 71, 53, 29, 56, 8, 49, 39, 34, 14, 37, 72, 38, 23, 40, 98, 69, 27, 47, 80, 73, 63, 83, 44, 57, 11, 5, 82, 61, 16, 45, 51, 42, 3, 90, 81, 91, 21, 87, 19, 18, 9, 62, 22, 99, 64, 10, 2, 31, 43, 30, 85, 84, 20, 74, 78, 12, 4, 96, 97]|[1, 1, 0, 1, 1, 2, 2, 0, 0, 2, 1, 0, 1, 0, 0, 0, 0, 2, 0, 2, 1, 0, 2, 0, 2, 2, 0, 2, 0, 1, 2, 2, 2, 1, 1, 0, 1, 0, 0, 1, 1, 0, 1, 2, 1, 0, 1, 0, 1, 2, 1, 0, 0, 1, 1, 2, 0, 1, 0, 2, 0, 2, 1, 0, 0, 1, 1, 1, 2, 2, 0, 1, 0, 1, 2, 1, 1, 1, 2, 1, 2, 1, 0, 1, 0, 2, 0, 2, 1, 2, 2, 1, 1, 0, 0, 2, 0, 0, 1, 0]|[1, 0, 2, 4, 3, 2, 0, 1, 0, 2, 1, 2, 4, 1, 2, 0, 0, 1, 1, 2, 4, 2, 2, 1, 1, 1, 0, 2, 0, 3, 1, 1, 2, 0, 0, 2, 4, 0, 1, 4, 4, 0, 3, 2, 3, 2, 4, 0, 0, 1, 4, 2, 1, 3, 0, 2, 0, 3, 0, 1, 2, 1, 2, 1, 0, 3, 0, 4, 1, 1, 2, 4, 0, 2, 1, 4, 3, 3, 1, 0, 1, 4, 0, 4, 0, 1, 2, 1, 4, 1, 1, 3, 4, 2, 2, 1, 2, 1, 4, 2]|[0, 2, 0, 0, 1, 0, 0, 0, 0, 0, 3, 0, 1, 1, 0, 0, 0, 0, 1, 0, 1, 0, 0, 1, 1, 1, 0, 0, 0, 3, 0, 0, 1, 0, 0, 1, 2, 1, 0, 0, 3, 0, 1, 0, 1, 1, 0, 0, 3, 1, 2, 0, 0, 1, 0, 0, 0, 1, 0, 0, 1, 0, 3, 1, 0, 0, 0, 1, 0, 0, 1, 2, 0, 3, 0, 1, 3, 1, 0, 3, 0, 2, 0, 2, 0, 0, 1, 0, 1, 0, 0, 3, 1, 0, 0, 0, 0, 1, 1, 1]
event=1091:G1_CMAX:update:state=1,action=2,reward=-3.890719429803198,nextState=1,old=-206.7747479964338,new=-169.31051782695025
event=1092:G2_TEC:update:state=0,action=1,reward=-262.9682909448966,nextState=1,old=-609.7277162528875,new=-465.324055378618
event=1093:G3_TWC:update:state=1,action=1,reward=-909.0119550661184,nextState=1,old=-9586.47094677691,new=-8578.188712487647
event=1094:G4_BALANCED:update:state=1,action=1,reward=-0.17868957814557127,nextState=1,old=-0.6072573408448121,new=-0.6644954508214209
event=1095:G1_CMAX:action:mode=explore,state=1,draw=0.8134024552018685,action=1
event=1096:G1_CMAX:leader:action=1,fingerprint=[49, 8, 56, 29, 54, 32, 38, 58, 46, 33, 71, 79, 0, 7, 6, 41, 95, 36, 35, 26, 28, 75, 77, 65, 67, 42, 59, 1, 52, 74, 55, 15, 94, 93, 50, 60, 13, 70, 89, 24, 48, 86, 25, 68, 66, 53, 76, 34, 14, 37, 72, 88, 23, 40, 98, 69, 27, 47, 80, 73, 63, 83, 44, 57, 11, 5, 82, 61, 16, 45, 51, 3, 90, 81, 91, 21, 87, 19, 18, 9, 62, 22, 99, 64, 10, 39, 2, 31, 43, 92, 30, 85, 84, 20, 17, 78, 96, 4, 12, 97]|[1, 0, 1, 2, 1, 0, 0, 0, 1, 0, 0, 1, 1, 2, 1, 2, 1, 2, 0, 2, 2, 0, 2, 1, 2, 0, 2, 0, 0, 0, 0, 0, 0, 1, 0, 1, 1, 2, 0, 2, 2, 1, 0, 1, 1, 1, 0, 1, 2, 1, 0, 0, 0, 1, 2, 0, 1, 0, 1, 1, 2, 1, 0, 0, 1, 1, 1, 2, 2, 0, 1, 1, 2, 2, 1, 2, 2, 1, 2, 1, 0, 1, 0, 2, 0, 0, 2, 1, 1, 1, 0, 0, 1, 1, 0, 2, 1, 0, 1, 1]|[3, 2, 3, 2, 1, 1, 1, 0, 4, 2, 1, 0, 0, 2, 4, 1, 3, 2, 0, 1, 1, 1, 2, 4, 2, 1, 1, 0, 0, 2, 2, 1, 0, 4, 2, 1, 0, 1, 1, 0, 2, 3, 2, 1, 0, 3, 0, 0, 1, 4, 2, 2, 1, 0, 2, 0, 3, 2, 4, 0, 1, 2, 1, 0, 3, 0, 4, 1, 1, 2, 4, 2, 1, 2, 3, 1, 1, 0, 1, 4, 0, 4, 0, 1, 2, 0, 1, 3, 3, 1, 0, 2, 4, 2, 2, 1, 4, 1, 2, 4]|[0, 1, 1, 0, 3, 0, 0, 1, 2, 1, 0, 0, 0, 1, 2, 0, 3, 0, 0, 1, 1, 1, 0, 1, 0, 1, 0, 0, 0, 0, 0, 1, 0, 1, 0, 3, 2, 0, 0, 0, 0, 1, 0, 0, 2, 1, 0, 3, 1, 2, 0, 1, 0, 0, 0, 0, 1, 1, 2, 0, 0, 3, 1, 0, 0, 0, 1, 0, 0, 1, 2, 3, 0, 1, 3, 0, 0, 3, 0, 2, 0, 0, 0, 0, 1, 0, 0, 3, 3, 0, 0, 0, 1, 2, 0, 0, 1, 1, 2, 0]
event=1097:G4_BALANCED:action:mode=exploit,state=1,draw=0.5168421324921894,action=0
event=1098:G4_BALANCED:leader:action=0,fingerprint=[49, 8, 56, 29, 54, 32, 38, 58, 46, 33, 71, 79, 0, 7, 6, 41, 95, 36, 35, 26, 28, 75, 77, 65, 67, 42, 59, 1, 52, 74, 55, 15, 94, 93, 50, 60, 13, 70, 89, 24, 48, 86, 25, 68, 66, 53, 76, 34, 14, 37, 72, 88, 23, 40, 98, 69, 27, 47, 80, 73, 63, 83, 44, 57, 11, 5, 82, 61, 16, 45, 51, 3, 90, 81, 91, 21, 87, 19, 18, 9, 62, 22, 99, 64, 10, 39, 2, 31, 43, 92, 30, 85, 84, 20, 17, 78, 96, 4, 12, 97]|[1, 0, 1, 2, 1, 0, 0, 0, 1, 0, 0, 1, 1, 2, 1, 2, 1, 2, 0, 2, 2, 0, 2, 1, 2, 0, 2, 0, 0, 0, 0, 0, 0, 1, 0, 1, 1, 2, 0, 2, 2, 1, 0, 1, 1, 1, 0, 1, 2, 1, 0, 0, 0, 1, 2, 0, 1, 0, 1, 1, 2, 1, 0, 0, 1, 1, 1, 2, 2, 0, 1, 1, 2, 2, 1, 2, 2, 1, 2, 1, 0, 1, 0, 2, 0, 0, 2, 1, 1, 1, 0, 0, 1, 1, 0, 2, 1, 0, 1, 1]|[3, 2, 3, 2, 1, 1, 1, 0, 4, 2, 1, 0, 0, 2, 4, 1, 3, 2, 0, 1, 1, 1, 2, 4, 2, 1, 1, 0, 0, 2, 2, 1, 0, 4, 2, 1, 0, 1, 1, 0, 2, 3, 2, 1, 0, 3, 0, 0, 1, 4, 2, 2, 1, 0, 2, 0, 3, 2, 4, 0, 1, 2, 1, 0, 3, 0, 4, 1, 1, 2, 4, 2, 1, 2, 3, 1, 1, 0, 1, 4, 0, 4, 0, 1, 2, 0, 1, 3, 3, 1, 0, 2, 4, 2, 2, 1, 4, 1, 2, 4]|[0, 1, 1, 0, 3, 0, 0, 1, 2, 1, 0, 0, 0, 1, 2, 0, 3, 0, 0, 1, 1, 1, 0, 1, 0, 1, 0, 0, 0, 0, 0, 1, 0, 1, 0, 3, 2, 0, 0, 0, 0, 1, 0, 0, 2, 1, 0, 3, 1, 2, 0, 1, 0, 0, 0, 0, 1, 1, 2, 0, 0, 3, 1, 0, 0, 0, 1, 0, 0, 1, 2, 3, 0, 1, 3, 0, 0, 3, 0, 2, 0, 0, 0, 0, 1, 0, 0, 3, 3, 0, 0, 0, 1, 2, 0, 0, 1, 1, 2, 0]
event=1099:G2_TEC:action:mode=exploit,state=1,draw=0.12453482651459136,action=1
event=1100:G2_TEC:leader:action=1,fingerprint=[66, 68, 32, 92, 86, 48, 3, 69, 70, 13, 60, 50, 93, 15, 52, 23, 1, 59, 76, 67, 58, 17, 77, 75, 28, 41, 95, 44, 36, 35, 26, 7, 0, 79, 88, 94, 46, 54, 71, 53, 29, 56, 65, 39, 34, 8, 49, 33, 55, 14, 37, 72, 38, 78, 40, 98, 89, 27, 47, 80, 30, 11, 5, 96, 2, 16, 83, 6, 51, 42, 24, 90, 81, 22, 64, 21, 87, 19, 18, 84, 62, 63, 91, 45, 99, 61, 10, 57, 31, 43, 97, 12, 85, 20, 9, 25, 74, 4, 73, 82]|[1, 1, 0, 1, 2, 2, 1, 2, 0, 2, 1, 0, 1, 0, 0, 0, 1, 2, 0, 2, 0, 0, 2, 0, 2, 2, 0, 1, 2, 0, 2, 2, 1, 1, 1, 0, 0, 1, 0, 1, 2, 1, 0, 0, 1, 0, 1, 1, 0, 2, 1, 0, 0, 0, 1, 1, 2, 1, 0, 1, 2, 1, 1, 1, 2, 2, 1, 2, 0, 0, 1, 1, 0, 1, 2, 2, 2, 2, 2, 1, 0, 2, 2, 0, 2, 2, 0, 2, 1, 1, 0, 0, 2, 0, 1, 2, 0, 1, 1, 2]|[4, 4, 1, 4, 1, 2, 4, 2, 1, 2, 4, 0, 4, 1, 0, 1, 4, 1, 1, 1, 0, 2, 2, 1, 2, 1, 0, 3, 1, 0, 1, 1, 4, 0, 0, 0, 2, 4, 1, 3, 2, 3, 0, 0, 3, 2, 4, 1, 2, 1, 4, 2, 1, 1, 3, 3, 2, 3, 0, 4, 1, 3, 3, 4, 1, 1, 3, 1, 2, 0, 4, 4, 2, 4, 1, 1, 1, 1, 1, 4, 0, 1, 1, 2, 1, 1, 2, 1, 3, 3, 2, 2, 1, 0, 4, 1, 2, 4, 3, 1]|[0, 1, 0, 0, 1, 0, 1, 0, 0, 0, 3, 0, 1, 1, 0, 0, 0, 0, 0, 0, 1, 0, 0, 1, 1, 0, 0, 3, 0, 0, 0, 0, 0, 0, 0, 0, 0, 3, 0, 1, 0, 1, 1, 0, 1, 1, 2, 1, 0, 1, 2, 0, 0, 0, 1, 1, 0, 1, 0, 1, 0, 0, 0, 1, 0, 0, 1, 0, 0, 0, 1, 2, 0, 2, 0, 0, 0, 0, 0, 1, 0, 0, 0, 0, 0, 0, 1, 0, 3, 3, 0, 0, 0, 0, 2, 0, 0, 2, 0, 0]
event=1101:G3_TWC:action:mode=exploit,state=1,draw=0.70424717772068,action=1
event=1102:G3_TWC:leader:action=1,fingerprint=[66, 68, 55, 92, 86, 48, 24, 89, 70, 13, 60, 50, 93, 15, 25, 52, 1, 59, 76, 67, 65, 17, 77, 75, 28, 26, 35, 36, 94, 95, 41, 6, 7, 0, 79, 33, 46, 58, 32, 88, 54, 71, 53, 29, 56, 8, 49, 39, 34, 14, 37, 72, 38, 23, 40, 98, 69, 27, 47, 80, 73, 63, 11, 44, 57, 83, 5, 82, 61, 16, 45, 51, 42, 3, 90, 81, 91, 21, 87, 19, 18, 9, 62, 22, 99, 64, 10, 2, 31, 43, 30, 85, 84, 20, 12, 74, 78, 4, 96, 97]|[1, 1, 0, 1, 1, 2, 2, 0, 2, 2, 1, 0, 1, 0, 0, 0, 0, 2, 0, 2, 1, 0, 2, 1, 2, 2, 0, 2, 0, 1, 2, 2, 2, 1, 1, 0, 1, 0, 0, 1, 1, 0, 1, 2, 1, 0, 1, 0, 1, 2, 1, 0, 0, 1, 1, 2, 0, 1, 0, 1, 1, 2, 1, 0, 0, 1, 1, 1, 2, 2, 0, 1, 0, 1, 2, 1, 1, 1, 2, 1, 2, 1, 0, 1, 0, 2, 0, 2, 1, 1, 2, 1, 1, 0, 0, 0, 2, 0, 1, 0]|[1, 0, 2, 4, 3, 2, 0, 1, 1, 2, 1, 2, 4, 1, 2, 0, 0, 1, 1, 2, 4, 2, 2, 0, 1, 1, 0, 2, 0, 3, 1, 1, 2, 0, 0, 2, 4, 0, 1, 4, 4, 0, 3, 2, 3, 2, 4, 0, 0, 1, 4, 2, 1, 3, 0, 2, 0, 3, 0, 4, 0, 1, 3, 1, 0, 2, 0, 4, 1, 1, 2, 4, 0, 2, 1, 4, 3, 3, 1, 0, 1, 4, 0, 4, 0, 1, 2, 1, 4, 3, 1, 3, 4, 2, 2, 2, 1, 1, 4, 2]|[0, 2, 0, 0, 1, 0, 0, 0, 0, 0, 3, 0, 1, 1, 0, 0, 0, 0, 1, 0, 1, 0, 0, 2, 1, 1, 0, 0, 0, 3, 0, 0, 1, 0, 0, 1, 2, 1, 0, 0, 3, 0, 1, 0, 1, 1, 0, 0, 3, 1, 2, 0, 0, 1, 0, 0, 0, 1, 0, 2, 0, 0, 0, 1, 0, 3, 0, 1, 0, 0, 1, 2, 0, 3, 0, 1, 3, 1, 0, 3, 0, 2, 0, 0, 0, 0, 1, 0, 1, 3, 0, 3, 1, 0, 0, 0, 0, 1, 1, 1]
event=1103:G1_CMAX:update:state=1,action=1,reward=-94.54970917961145,nextState=1,old=-360.27558336025834,new=-229.99812344117166
event=1104:G2_TEC:update:state=1,action=1,reward=-187.76938027680444,nextState=1,old=-252.94470554215178,new=-390.1251447105259
event=1105:G3_TWC:update:state=1,action=1,reward=-3265.53217335706,nextState=1,old=-8578.188712487647,new=-10128.083143347178
event=1106:G4_BALANCED:update:state=1,action=0,reward=-0.21198493378660133,nextState=1,old=-0.6177487437799464,new=-0.7061839288105585
event=1107:G1_CMAX:action:mode=explore,state=1,draw=0.9569658660382826,action=2
event=1108:G1_CMAX:tournament:reason=action2,left=50,right=43,selected=[49, 8, 56, 92, 86, 48, 24, 89, 70, 13, 60, 50, 93, 15, 25, 52, 1, 59, 76, 67, 65, 17, 77, 75, 28, 26, 35, 36, 94, 95, 41, 6, 7, 0, 79, 33, 46, 58, 32, 88, 54, 71, 53, 29, 55, 68, 66, 39, 34, 14, 37, 72, 38, 23, 40, 98, 57, 27, 47, 80, 73, 63, 83, 44, 69, 11, 5, 82, 61, 16, 45, 51, 42, 3, 90, 81, 91, 21, 87, 19, 18, 9, 62, 22, 99, 64, 10, 2, 31, 43, 20, 85, 84, 30, 74, 12, 78, 4, 96, 97]|[1, 1, 0, 1, 2, 2, 2, 0, 2, 1, 1, 0, 1, 0, 0, 0, 0, 2, 0, 2, 1, 0, 2, 0, 2, 2, 0, 2, 0, 1, 2, 2, 2, 1, 1, 0, 1, 0, 0, 1, 1, 0, 1, 2, 1, 0, 1, 0, 1, 2, 1, 0, 0, 1, 1, 2, 0, 1, 0, 1, 0, 2, 1, 0, 0, 1, 1, 1, 2, 2, 0, 1, 0, 1, 2, 1, 1, 1, 2, 1, 2, 1, 0, 1, 0, 2, 0, 2, 1, 2, 1, 0, 0, 2, 0, 1, 2, 0, 1, 0]|[4, 0, 2, 4, 1, 2, 0, 1, 1, 0, 1, 2, 4, 1, 2, 0, 0, 1, 1, 2, 4, 2, 2, 1, 1, 1, 0, 2, 0, 3, 1, 1, 2, 0, 0, 2, 4, 0, 1, 4, 4, 0, 3, 2, 3, 2, 4, 0, 0, 1, 4, 2, 1, 3, 0, 2, 0, 3, 0, 4, 2, 1, 2, 1, 0, 3, 0, 4, 1, 1, 2, 4, 0, 2, 1, 4, 3, 3, 1, 0, 1, 4, 0, 4, 0, 1, 2, 1, 4, 1, 2, 2, 2, 1, 2, 2, 1, 1, 4, 2]|[0, 2, 0, 0, 1, 0, 0, 0, 0, 2, 3, 0, 1, 1, 0, 0, 0, 0, 1, 0, 1, 0, 0, 1, 1, 1, 0, 0, 0, 3, 0, 0, 1, 0, 0, 1, 2, 1, 0, 0, 3, 0, 1, 0, 1, 1, 0, 0, 3, 1, 2, 0, 0, 1, 0, 0, 0, 1, 0, 2, 1, 0, 3, 1, 0, 0, 0, 1, 0, 0, 1, 2, 0, 3, 0, 1, 3, 1, 0, 3, 0, 2, 0, 0, 0, 0, 1, 0, 1, 0, 2, 0, 0, 0, 0, 2, 0, 1, 1, 1]
event=1109:G1_CMAX:leader:action=2,fingerprint=[49, 8, 56, 92, 86, 48, 24, 89, 70, 13, 60, 50, 93, 15, 25, 52, 1, 59, 76, 67, 65, 17, 77, 75, 28, 26, 35, 36, 94, 95, 41, 6, 7, 0, 79, 33, 46, 58, 32, 88, 54, 71, 53, 29, 55, 68, 66, 39, 34, 14, 37, 72, 38, 23, 40, 98, 57, 27, 47, 80, 73, 63, 83, 44, 69, 11, 5, 82, 61, 16, 45, 51, 42, 3, 90, 81, 91, 21, 87, 19, 18, 9, 62, 22, 99, 64, 10, 2, 31, 43, 20, 85, 84, 30, 74, 12, 78, 4, 96, 97]|[1, 1, 0, 1, 2, 2, 2, 0, 2, 1, 1, 0, 1, 0, 0, 0, 0, 2, 0, 2, 1, 0, 2, 0, 2, 2, 0, 2, 0, 1, 2, 2, 2, 1, 1, 0, 1, 0, 0, 1, 1, 0, 1, 2, 1, 0, 1, 0, 1, 2, 1, 0, 0, 1, 1, 2, 0, 1, 0, 1, 0, 2, 1, 0, 0, 1, 1, 1, 2, 2, 0, 1, 0, 1, 2, 1, 1, 1, 2, 1, 2, 1, 0, 1, 0, 2, 0, 2, 1, 2, 1, 0, 0, 2, 0, 1, 2, 0, 1, 0]|[4, 0, 2, 4, 1, 2, 0, 1, 1, 0, 1, 2, 4, 1, 2, 0, 0, 1, 1, 2, 4, 2, 2, 1, 1, 1, 0, 2, 0, 3, 1, 1, 2, 0, 0, 2, 4, 0, 1, 4, 4, 0, 3, 2, 3, 2, 4, 0, 0, 1, 4, 2, 1, 3, 0, 2, 0, 3, 0, 4, 2, 1, 2, 1, 0, 3, 0, 4, 1, 1, 2, 4, 0, 2, 1, 4, 3, 3, 1, 0, 1, 4, 0, 4, 0, 1, 2, 1, 4, 1, 2, 2, 2, 1, 2, 2, 1, 1, 4, 2]|[0, 2, 0, 0, 1, 0, 0, 0, 0, 2, 3, 0, 1, 1, 0, 0, 0, 0, 1, 0, 1, 0, 0, 1, 1, 1, 0, 0, 0, 3, 0, 0, 1, 0, 0, 1, 2, 1, 0, 0, 3, 0, 1, 0, 1, 1, 0, 0, 3, 1, 2, 0, 0, 1, 0, 0, 0, 1, 0, 2, 1, 0, 3, 1, 0, 0, 0, 1, 0, 0, 1, 2, 0, 3, 0, 1, 3, 1, 0, 3, 0, 2, 0, 0, 0, 0, 1, 0, 1, 0, 2, 0, 0, 0, 0, 2, 0, 1, 1, 1]
event=1110:G4_BALANCED:action:mode=exploit,state=1,draw=0.550444341689215,action=2
event=1111:G4_BALANCED:tournament:reason=action2,left=7,right=10,selected=[66, 68, 55, 86, 48, 24, 89, 70, 13, 60, 50, 93, 15, 25, 52, 1, 59, 76, 67, 65, 88, 77, 75, 28, 26, 35, 36, 94, 95, 92, 41, 6, 7, 79, 33, 9, 42, 51, 47, 16, 2, 96, 5, 11, 57, 44, 83, 63, 73, 22, 45, 27, 69, 98, 40, 23, 38, 72, 37, 14, 58, 32, 18, 54, 46, 71, 53, 29, 56, 8, 0, 49, 39, 34, 90, 81, 91, 21, 87, 19, 17, 3, 62, 80, 99, 64, 10, 61, 31, 43, 30, 85, 84, 20, 74, 12, 82, 4, 78, 97]|[1, 1, 0, 1, 2, 2, 0, 0, 2, 1, 0, 1, 0, 0, 0, 1, 2, 0, 1, 1, 0, 2, 0, 1, 0, 2, 1, 0, 1, 1, 1, 2, 2, 2, 1, 1, 0, 2, 1, 2, 2, 1, 1, 1, 0, 0, 2, 2, 1, 2, 1, 1, 0, 1, 1, 0, 0, 0, 1, 2, 0, 0, 2, 1, 1, 0, 1, 2, 1, 0, 1, 1, 0, 1, 2, 0, 1, 2, 2, 0, 0, 1, 0, 1, 2, 1, 0, 2, 1, 2, 2, 1, 2, 0, 0, 0, 2, 1, 2, 0]|[4, 4, 0, 3, 2, 0, 1, 0, 2, 4, 2, 4, 1, 2, 0, 4, 1, 1, 1, 4, 2, 2, 1, 1, 2, 2, 3, 0, 3, 4, 1, 1, 2, 1, 1, 4, 0, 2, 4, 1, 1, 4, 3, 3, 0, 1, 1, 1, 0, 1, 4, 3, 0, 4, 0, 1, 1, 2, 4, 1, 0, 1, 1, 4, 4, 0, 3, 2, 3, 2, 0, 3, 0, 3, 1, 2, 4, 1, 1, 2, 2, 4, 0, 4, 1, 4, 2, 1, 3, 1, 1, 3, 1, 2, 2, 2, 1, 4, 1, 2]|[2, 0, 0, 2, 0, 0, 0, 0, 0, 1, 0, 1, 1, 0, 0, 0, 0, 1, 1, 1, 0, 0, 1, 0, 0, 0, 3, 0, 3, 0, 1, 0, 1, 0, 1, 2, 0, 0, 3, 0, 0, 1, 0, 0, 0, 1, 0, 0, 0, 0, 3, 1, 0, 3, 0, 0, 0, 0, 2, 1, 1, 0, 0, 3, 2, 0, 1, 0, 1, 1, 0, 0, 0, 1, 0, 1, 0, 0, 0, 1, 0, 3, 0, 0, 0, 1, 1, 0, 3, 0, 0, 3, 0, 0, 0, 0, 0, 2, 0, 0]
event=1112:G4_BALANCED:leader:action=2,fingerprint=[66, 68, 55, 86, 48, 24, 89, 70, 13, 60, 50, 93, 15, 25, 52, 1, 59, 76, 67, 65, 88, 77, 75, 28, 26, 35, 36, 94, 95, 92, 41, 6, 7, 79, 33, 9, 42, 51, 47, 16, 2, 96, 5, 11, 57, 44, 83, 63, 73, 22, 45, 27, 69, 98, 40, 23, 38, 72, 37, 14, 58, 32, 18, 54, 46, 71, 53, 29, 56, 8, 0, 49, 39, 34, 90, 81, 91, 21, 87, 19, 17, 3, 62, 80, 99, 64, 10, 61, 31, 43, 30, 85, 84, 20, 74, 12, 82, 4, 78, 97]|[1, 1, 0, 1, 2, 2, 0, 0, 2, 1, 0, 1, 0, 0, 0, 1, 2, 0, 1, 1, 0, 2, 0, 1, 0, 2, 1, 0, 1, 1, 1, 2, 2, 2, 1, 1, 0, 2, 1, 2, 2, 1, 1, 1, 0, 0, 2, 2, 1, 2, 1, 1, 0, 1, 1, 0, 0, 0, 1, 2, 0, 0, 2, 1, 1, 0, 1, 2, 1, 0, 1, 1, 0, 1, 2, 0, 1, 2, 2, 0, 0, 1, 0, 1, 2, 1, 0, 2, 1, 2, 2, 1, 2, 0, 0, 0, 2, 1, 2, 0]|[4, 4, 0, 3, 2, 0, 1, 0, 2, 4, 2, 4, 1, 2, 0, 4, 1, 1, 1, 4, 2, 2, 1, 1, 2, 2, 3, 0, 3, 4, 1, 1, 2, 1, 1, 4, 0, 2, 4, 1, 1, 4, 3, 3, 0, 1, 1, 1, 0, 1, 4, 3, 0, 4, 0, 1, 1, 2, 4, 1, 0, 1, 1, 4, 4, 0, 3, 2, 3, 2, 0, 3, 0, 3, 1, 2, 4, 1, 1, 2, 2, 4, 0, 4, 1, 4, 2, 1, 3, 1, 1, 3, 1, 2, 2, 2, 1, 4, 1, 2]|[2, 0, 0, 2, 0, 0, 0, 0, 0, 1, 0, 1, 1, 0, 0, 0, 0, 1, 1, 1, 0, 0, 1, 0, 0, 0, 3, 0, 3, 0, 1, 0, 1, 0, 1, 2, 0, 0, 3, 0, 0, 1, 0, 0, 0, 1, 0, 0, 0, 0, 3, 1, 0, 3, 0, 0, 0, 0, 2, 1, 1, 0, 0, 3, 2, 0, 1, 0, 1, 1, 0, 0, 0, 1, 0, 1, 0, 0, 0, 1, 0, 3, 0, 0, 0, 1, 1, 0, 3, 0, 0, 3, 0, 0, 0, 0, 0, 2, 0, 0]
event=1113:G2_TEC:action:mode=exploit,state=1,draw=2.4943460137283324E-4,action=1
event=1114:G2_TEC:leader:action=1,fingerprint=[66, 68, 32, 92, 86, 48, 3, 69, 70, 13, 60, 50, 93, 15, 52, 23, 1, 59, 76, 67, 58, 17, 77, 75, 28, 41, 95, 44, 36, 35, 26, 7, 0, 79, 88, 94, 46, 54, 71, 53, 29, 56, 65, 39, 34, 8, 49, 33, 55, 14, 37, 72, 38, 78, 40, 98, 89, 27, 47, 80, 30, 11, 5, 96, 2, 16, 83, 6, 51, 42, 24, 90, 81, 22, 64, 21, 87, 19, 18, 84, 62, 63, 91, 45, 99, 61, 10, 57, 31, 43, 97, 12, 85, 20, 9, 25, 74, 4, 73, 82]|[1, 1, 0, 1, 2, 2, 1, 2, 0, 2, 1, 0, 1, 0, 0, 0, 1, 2, 0, 2, 0, 0, 2, 0, 2, 2, 0, 1, 2, 0, 2, 2, 1, 1, 1, 0, 0, 1, 0, 1, 2, 1, 0, 0, 1, 0, 1, 1, 0, 2, 1, 0, 0, 0, 1, 1, 2, 1, 0, 1, 2, 1, 1, 1, 2, 2, 1, 2, 0, 0, 1, 1, 0, 1, 2, 2, 2, 2, 2, 1, 0, 2, 2, 0, 2, 2, 0, 2, 1, 1, 0, 0, 2, 0, 1, 2, 0, 1, 1, 2]|[4, 4, 1, 4, 1, 2, 4, 2, 1, 2, 4, 0, 4, 1, 0, 1, 4, 1, 1, 1, 0, 2, 2, 1, 2, 1, 0, 3, 1, 0, 1, 1, 4, 0, 0, 0, 2, 4, 1, 3, 2, 3, 0, 0, 3, 2, 4, 1, 2, 1, 4, 2, 1, 1, 3, 3, 2, 3, 0, 4, 1, 3, 3, 4, 1, 1, 3, 1, 2, 0, 4, 4, 2, 4, 1, 1, 1, 1, 1, 4, 0, 1, 1, 2, 1, 1, 2, 1, 3, 3, 2, 2, 1, 0, 4, 1, 2, 4, 3, 1]|[0, 1, 0, 0, 1, 0, 1, 0, 0, 0, 3, 0, 1, 1, 0, 0, 0, 0, 0, 0, 1, 0, 0, 1, 1, 0, 0, 3, 0, 0, 0, 0, 0, 0, 0, 0, 0, 3, 0, 1, 0, 1, 1, 0, 1, 1, 2, 1, 0, 1, 2, 0, 0, 0, 1, 1, 0, 1, 0, 1, 0, 0, 0, 1, 0, 0, 1, 0, 0, 0, 1, 2, 0, 2, 0, 0, 0, 0, 0, 1, 0, 0, 0, 0, 0, 0, 1, 0, 3, 3, 0, 0, 0, 0, 2, 0, 0, 2, 0, 0]
event=1115:G3_TWC:action:mode=exploit,state=1,draw=0.7035446874990523,action=1
event=1116:G3_TWC:leader:action=1,fingerprint=[66, 68, 55, 92, 86, 48, 24, 89, 70, 13, 60, 50, 93, 15, 25, 52, 1, 59, 76, 67, 65, 17, 77, 75, 28, 26, 35, 36, 94, 95, 41, 6, 7, 0, 79, 33, 46, 58, 32, 88, 54, 71, 53, 29, 56, 8, 49, 39, 34, 14, 37, 72, 38, 23, 40, 98, 69, 27, 47, 80, 73, 63, 11, 44, 57, 83, 5, 82, 61, 16, 45, 51, 42, 3, 90, 81, 91, 21, 87, 19, 18, 9, 62, 22, 99, 64, 10, 2, 31, 43, 30, 85, 84, 20, 12, 74, 78, 4, 96, 97]|[1, 1, 0, 1, 1, 2, 2, 0, 2, 2, 1, 0, 1, 0, 0, 0, 0, 2, 0, 2, 1, 0, 2, 1, 2, 2, 0, 2, 0, 1, 2, 2, 2, 1, 1, 0, 1, 0, 0, 1, 1, 0, 1, 2, 1, 0, 1, 0, 1, 2, 1, 0, 0, 1, 1, 2, 0, 1, 0, 1, 1, 2, 1, 0, 0, 1, 1, 1, 2, 2, 0, 1, 0, 1, 2, 1, 1, 1, 2, 1, 2, 1, 0, 1, 0, 2, 0, 2, 1, 1, 2, 1, 1, 0, 0, 0, 2, 0, 1, 0]|[1, 0, 2, 4, 3, 2, 0, 1, 1, 2, 1, 2, 4, 1, 2, 0, 0, 1, 1, 2, 4, 2, 2, 0, 1, 1, 0, 2, 0, 3, 1, 1, 2, 0, 0, 2, 4, 0, 1, 4, 4, 0, 3, 2, 3, 2, 4, 0, 0, 1, 4, 2, 1, 3, 0, 2, 0, 3, 0, 4, 0, 1, 3, 1, 0, 2, 0, 4, 1, 1, 2, 4, 0, 2, 1, 4, 3, 3, 1, 0, 1, 4, 0, 4, 0, 1, 2, 1, 4, 3, 1, 3, 4, 2, 2, 2, 1, 1, 4, 2]|[0, 2, 0, 0, 1, 0, 0, 0, 0, 0, 3, 0, 1, 1, 0, 0, 0, 0, 1, 0, 1, 0, 0, 2, 1, 1, 0, 0, 0, 3, 0, 0, 1, 0, 0, 1, 2, 1, 0, 0, 3, 0, 1, 0, 1, 1, 0, 0, 3, 1, 2, 0, 0, 1, 0, 0, 0, 1, 0, 2, 0, 0, 0, 1, 0, 3, 0, 1, 0, 0, 1, 2, 0, 3, 0, 1, 3, 1, 0, 3, 0, 2, 0, 0, 0, 0, 1, 0, 1, 3, 0, 3, 1, 0, 0, 0, 0, 1, 1, 1]
event=1117:G1_CMAX:update:state=1,action=2,reward=-22.329930896438896,nextState=1,old=-169.31051782695025,new=-157.7783451579991
event=1118:G2_TEC:update:state=1,action=1,reward=13.843119424236647,nextState=0,old=-390.1251447105259,new=-358.4161248786578
event=1119:G3_TWC:update:state=1,action=1,reward=-1291.5969306674524,nextState=1,old=-10128.083143347178,new=-9394.063445345195
event=1120:G4_BALANCED:update:state=1,action=2,reward=-0.14431637761916327,nextState=1,old=-0.6440565315900837,new=-0.6595616028912302
event=1121:G1_CMAX:action:mode=exploit,state=1,draw=0.7606965934657415,action=2
event=1122:G1_CMAX:tournament:reason=action2,left=52,right=26,selected=[66, 68, 55, 92, 86, 48, 24, 89, 70, 13, 60, 50, 93, 15, 25, 52, 1, 59, 76, 67, 65, 17, 77, 75, 28, 26, 35, 36, 94, 95, 41, 6, 7, 0, 79, 33, 46, 58, 32, 88, 54, 71, 53, 29, 56, 8, 49, 39, 34, 14, 37, 72, 38, 23, 40, 98, 69, 27, 47, 80, 30, 63, 83, 44, 57, 11, 5, 82, 61, 16, 45, 51, 42, 3, 90, 81, 91, 21, 87, 19, 18, 9, 62, 22, 99, 64, 10, 2, 31, 43, 73, 85, 84, 20, 96, 4, 74, 78, 12, 97]|[1, 1, 0, 1, 1, 2, 2, 0, 0, 2, 1, 0, 1, 0, 0, 0, 0, 2, 0, 2, 1, 0, 2, 1, 2, 0, 2, 2, 0, 1, 2, 1, 2, 1, 1, 0, 1, 0, 0, 0, 1, 0, 1, 2, 1, 0, 1, 0, 1, 2, 1, 0, 0, 0, 1, 2, 0, 1, 0, 2, 0, 2, 1, 0, 0, 1, 1, 1, 2, 2, 1, 1, 0, 1, 2, 0, 1, 1, 2, 1, 2, 1, 0, 2, 2, 2, 0, 2, 1, 1, 1, 0, 1, 0, 1, 0, 0, 2, 0, 1]|[1, 0, 2, 4, 3, 2, 0, 1, 0, 2, 1, 2, 4, 1, 2, 0, 0, 1, 1, 2, 4, 2, 2, 0, 1, 2, 2, 2, 0, 3, 1, 4, 2, 0, 0, 2, 4, 0, 1, 2, 4, 0, 3, 2, 3, 2, 3, 0, 3, 1, 4, 2, 1, 1, 0, 2, 0, 3, 2, 1, 0, 1, 2, 1, 0, 3, 0, 4, 1, 1, 4, 4, 0, 2, 1, 2, 3, 3, 1, 0, 1, 4, 0, 1, 1, 1, 2, 1, 3, 3, 0, 2, 4, 2, 4, 1, 2, 1, 2, 4]|[0, 2, 0, 0, 1, 0, 0, 0, 0, 0, 3, 0, 1, 1, 0, 0, 0, 0, 1, 0, 1, 0, 0, 2, 1, 0, 0, 0, 0, 3, 0, 2, 1, 0, 0, 1, 2, 1, 0, 1, 3, 0, 1, 0, 1, 1, 0, 0, 1, 1, 2, 0, 0, 0, 0, 0, 0, 1, 1, 0, 0, 0, 3, 1, 0, 0, 0, 1, 0, 0, 1, 2, 0, 3, 0, 1, 3, 1, 0, 3, 0, 2, 0, 0, 0, 0, 1, 0, 3, 3, 0, 0, 1, 0, 1, 1, 0, 0, 0, 0]
event=1123:G1_CMAX:leader:action=2,fingerprint=[66, 68, 55, 92, 86, 48, 24, 89, 70, 13, 60, 50, 93, 15, 25, 52, 1, 59, 76, 67, 65, 17, 77, 75, 28, 26, 35, 36, 94, 95, 41, 6, 7, 0, 79, 33, 46, 58, 32, 88, 54, 71, 53, 29, 56, 8, 49, 39, 34, 14, 37, 72, 38, 23, 40, 98, 69, 27, 47, 80, 30, 63, 83, 44, 57, 11, 5, 82, 61, 16, 45, 51, 42, 3, 90, 81, 91, 21, 87, 19, 18, 9, 62, 22, 99, 64, 10, 2, 31, 43, 73, 85, 84, 20, 96, 4, 74, 78, 12, 97]|[1, 1, 0, 1, 1, 2, 2, 0, 0, 2, 1, 0, 1, 0, 0, 0, 0, 2, 0, 2, 1, 0, 2, 1, 2, 0, 2, 2, 0, 1, 2, 1, 2, 1, 1, 0, 1, 0, 0, 0, 1, 0, 1, 2, 1, 0, 1, 0, 1, 2, 1, 0, 0, 0, 1, 2, 0, 1, 0, 2, 0, 2, 1, 0, 0, 1, 1, 1, 2, 2, 1, 1, 0, 1, 2, 0, 1, 1, 2, 1, 2, 1, 0, 2, 2, 2, 0, 2, 1, 1, 1, 0, 1, 0, 1, 0, 0, 2, 0, 1]|[1, 0, 2, 4, 3, 2, 0, 1, 0, 2, 1, 2, 4, 1, 2, 0, 0, 1, 1, 2, 4, 2, 2, 0, 1, 2, 2, 2, 0, 3, 1, 4, 2, 0, 0, 2, 4, 0, 1, 2, 4, 0, 3, 2, 3, 2, 3, 0, 3, 1, 4, 2, 1, 1, 0, 2, 0, 3, 2, 1, 0, 1, 2, 1, 0, 3, 0, 4, 1, 1, 4, 4, 0, 2, 1, 2, 3, 3, 1, 0, 1, 4, 0, 1, 1, 1, 2, 1, 3, 3, 0, 2, 4, 2, 4, 1, 2, 1, 2, 4]|[0, 2, 0, 0, 1, 0, 0, 0, 0, 0, 3, 0, 1, 1, 0, 0, 0, 0, 1, 0, 1, 0, 0, 2, 1, 0, 0, 0, 0, 3, 0, 2, 1, 0, 0, 1, 2, 1, 0, 1, 3, 0, 1, 0, 1, 1, 0, 0, 1, 1, 2, 0, 0, 0, 0, 0, 0, 1, 1, 0, 0, 0, 3, 1, 0, 0, 0, 1, 0, 0, 1, 2, 0, 3, 0, 1, 3, 1, 0, 3, 0, 2, 0, 0, 0, 0, 1, 0, 3, 3, 0, 0, 1, 0, 1, 1, 0, 0, 0, 0]
event=1124:G4_BALANCED:action:mode=exploit,state=1,draw=0.3753336507002575,action=2
event=1125:G4_BALANCED:tournament:reason=action2,left=18,right=54,selected=[66, 68, 55, 92, 86, 48, 24, 89, 70, 13, 60, 50, 93, 15, 25, 52, 1, 59, 65, 67, 63, 17, 77, 75, 28, 26, 35, 36, 94, 95, 41, 6, 7, 0, 79, 33, 46, 58, 32, 19, 54, 71, 53, 29, 56, 8, 49, 39, 16, 14, 37, 72, 38, 23, 40, 98, 69, 27, 47, 80, 99, 76, 83, 44, 57, 11, 5, 82, 61, 34, 45, 51, 42, 3, 21, 87, 2, 73, 96, 18, 22, 62, 9, 90, 30, 91, 10, 81, 31, 43, 64, 85, 84, 12, 20, 78, 88, 74, 97, 4]|[1, 2, 0, 1, 1, 2, 2, 2, 0, 1, 1, 0, 1, 0, 0, 0, 1, 2, 1, 2, 1, 0, 2, 0, 2, 0, 2, 1, 0, 1, 2, 1, 2, 1, 1, 0, 1, 0, 0, 1, 1, 0, 1, 2, 1, 0, 1, 0, 2, 2, 1, 0, 1, 0, 1, 2, 0, 1, 0, 1, 0, 1, 1, 0, 0, 1, 1, 1, 2, 2, 0, 2, 0, 2, 1, 2, 2, 2, 1, 2, 2, 0, 1, 1, 2, 1, 0, 1, 1, 1, 2, 1, 1, 0, 0, 2, 0, 0, 0, 1]|[1, 2, 2, 4, 3, 2, 1, 1, 0, 0, 4, 2, 4, 1, 2, 0, 4, 1, 4, 2, 4, 2, 2, 1, 1, 2, 2, 3, 0, 3, 1, 4, 2, 0, 4, 2, 4, 0, 1, 0, 4, 0, 3, 2, 3, 2, 3, 0, 1, 1, 4, 2, 4, 1, 0, 2, 2, 3, 2, 4, 0, 3, 2, 1, 0, 3, 3, 4, 1, 1, 2, 1, 2, 1, 3, 1, 1, 1, 4, 1, 1, 0, 4, 4, 1, 4, 2, 4, 3, 3, 1, 3, 4, 2, 2, 1, 2, 2, 2, 4]|[0, 0, 0, 1, 1, 0, 0, 0, 0, 2, 0, 0, 1, 1, 0, 0, 0, 0, 1, 0, 1, 0, 0, 1, 1, 0, 0, 3, 0, 3, 0, 2, 1, 0, 0, 1, 2, 1, 0, 3, 3, 0, 1, 0, 1, 1, 0, 0, 0, 1, 2, 0, 3, 0, 0, 0, 1, 1, 1, 2, 0, 1, 3, 1, 0, 0, 0, 1, 0, 0, 1, 0, 1, 0, 1, 0, 0, 0, 2, 0, 0, 0, 2, 2, 0, 0, 1, 2, 3, 3, 0, 3, 1, 0, 0, 0, 1, 0, 0, 2]
event=1126:G4_BALANCED:leader:action=2,fingerprint=[66, 68, 55, 92, 86, 48, 24, 89, 70, 13, 60, 50, 93, 15, 25, 52, 1, 59, 65, 67, 63, 17, 77, 75, 28, 26, 35, 36, 94, 95, 41, 6, 7, 0, 79, 33, 46, 58, 32, 19, 54, 71, 53, 29, 56, 8, 49, 39, 16, 14, 37, 72, 38, 23, 40, 98, 69, 27, 47, 80, 99, 76, 83, 44, 57, 11, 5, 82, 61, 34, 45, 51, 42, 3, 21, 87, 2, 73, 96, 18, 22, 62, 9, 90, 30, 91, 10, 81, 31, 43, 64, 85, 84, 12, 20, 78, 88, 74, 97, 4]|[1, 2, 0, 1, 1, 2, 2, 2, 0, 1, 1, 0, 1, 0, 0, 0, 1, 2, 1, 2, 1, 0, 2, 0, 2, 0, 2, 1, 0, 1, 2, 1, 2, 1, 1, 0, 1, 0, 0, 1, 1, 0, 1, 2, 1, 0, 1, 0, 2, 2, 1, 0, 1, 0, 1, 2, 0, 1, 0, 1, 0, 1, 1, 0, 0, 1, 1, 1, 2, 2, 0, 2, 0, 2, 1, 2, 2, 2, 1, 2, 2, 0, 1, 1, 2, 1, 0, 1, 1, 1, 2, 1, 1, 0, 0, 2, 0, 0, 0, 1]|[1, 2, 2, 4, 3, 2, 1, 1, 0, 0, 4, 2, 4, 1, 2, 0, 4, 1, 4, 2, 4, 2, 2, 1, 1, 2, 2, 3, 0, 3, 1, 4, 2, 0, 4, 2, 4, 0, 1, 0, 4, 0, 3, 2, 3, 2, 3, 0, 1, 1, 4, 2, 4, 1, 0, 2, 2, 3, 2, 4, 0, 3, 2, 1, 0, 3, 3, 4, 1, 1, 2, 1, 2, 1, 3, 1, 1, 1, 4, 1, 1, 0, 4, 4, 1, 4, 2, 4, 3, 3, 1, 3, 4, 2, 2, 1, 2, 2, 2, 4]|[0, 0, 0, 1, 1, 0, 0, 0, 0, 2, 0, 0, 1, 1, 0, 0, 0, 0, 1, 0, 1, 0, 0, 1, 1, 0, 0, 3, 0, 3, 0, 2, 1, 0, 0, 1, 2, 1, 0, 3, 3, 0, 1, 0, 1, 1, 0, 0, 0, 1, 2, 0, 3, 0, 0, 0, 1, 1, 1, 2, 0, 1, 3, 1, 0, 0, 0, 1, 0, 0, 1, 0, 1, 0, 1, 0, 0, 0, 2, 0, 0, 0, 2, 2, 0, 0, 1, 2, 3, 3, 0, 3, 1, 0, 0, 0, 1, 0, 0, 2]
event=1127:G2_TEC:action:mode=exploit,state=0,draw=0.4809426799046972,action=1
event=1128:G2_TEC:leader:action=1,fingerprint=[66, 68, 32, 92, 86, 48, 3, 69, 70, 13, 60, 50, 93, 15, 52, 23, 1, 59, 76, 67, 58, 17, 77, 75, 28, 41, 95, 44, 36, 35, 26, 7, 0, 79, 88, 94, 46, 54, 71, 53, 29, 56, 65, 39, 34, 8, 49, 33, 55, 14, 37, 72, 38, 78, 40, 98, 89, 27, 47, 80, 30, 11, 5, 96, 2, 16, 83, 6, 51, 42, 24, 90, 81, 22, 64, 21, 87, 19, 18, 84, 62, 63, 91, 45, 99, 61, 10, 57, 31, 43, 97, 12, 85, 20, 9, 25, 74, 4, 73, 82]|[1, 1, 0, 1, 2, 2, 1, 2, 0, 2, 1, 0, 1, 0, 0, 0, 1, 2, 0, 2, 0, 0, 2, 0, 2, 2, 0, 1, 2, 0, 2, 2, 1, 1, 1, 0, 0, 1, 0, 1, 2, 1, 0, 0, 1, 0, 1, 1, 0, 2, 1, 0, 0, 0, 1, 1, 2, 1, 0, 1, 2, 1, 1, 1, 2, 2, 1, 2, 0, 0, 1, 1, 0, 1, 2, 2, 2, 2, 2, 1, 0, 2, 2, 0, 2, 2, 0, 2, 1, 1, 0, 0, 2, 0, 1, 2, 0, 1, 1, 2]|[4, 4, 1, 4, 1, 2, 4, 2, 1, 2, 4, 0, 4, 1, 0, 1, 4, 1, 1, 1, 0, 2, 2, 1, 2, 1, 0, 3, 1, 0, 1, 1, 4, 0, 0, 0, 2, 4, 1, 3, 2, 3, 0, 0, 3, 2, 4, 1, 2, 1, 4, 2, 1, 1, 3, 3, 2, 3, 0, 4, 1, 3, 3, 4, 1, 1, 3, 1, 2, 0, 4, 4, 2, 4, 1, 1, 1, 1, 1, 4, 0, 1, 1, 2, 1, 1, 2, 1, 3, 3, 2, 2, 1, 0, 4, 1, 2, 4, 3, 1]|[0, 1, 0, 0, 1, 0, 1, 0, 0, 0, 3, 0, 1, 1, 0, 0, 0, 0, 0, 0, 1, 0, 0, 1, 1, 0, 0, 3, 0, 0, 0, 0, 0, 0, 0, 0, 0, 3, 0, 1, 0, 1, 1, 0, 1, 1, 2, 1, 0, 1, 2, 0, 0, 0, 1, 1, 0, 1, 0, 1, 0, 0, 0, 1, 0, 0, 1, 0, 0, 0, 1, 2, 0, 2, 0, 0, 0, 0, 0, 1, 0, 0, 0, 0, 0, 0, 1, 0, 3, 3, 0, 0, 0, 0, 2, 0, 0, 2, 0, 0]
event=1129:G3_TWC:action:mode=exploit,state=1,draw=0.29142848553663336,action=1
event=1130:G3_TWC:leader:action=1,fingerprint=[66, 68, 55, 92, 86, 48, 24, 89, 70, 13, 60, 50, 93, 15, 25, 52, 1, 59, 76, 67, 65, 17, 77, 75, 28, 26, 35, 36, 94, 95, 41, 6, 7, 0, 79, 33, 46, 58, 32, 88, 54, 71, 53, 29, 56, 8, 49, 39, 34, 14, 37, 72, 38, 23, 40, 98, 69, 27, 47, 80, 73, 63, 11, 44, 57, 83, 5, 82, 61, 16, 45, 51, 42, 3, 90, 81, 91, 21, 87, 19, 18, 9, 62, 22, 99, 64, 10, 2, 31, 43, 30, 85, 84, 20, 12, 74, 78, 4, 96, 97]|[1, 1, 0, 1, 1, 2, 2, 0, 2, 2, 1, 0, 1, 0, 0, 0, 0, 2, 0, 2, 1, 0, 2, 1, 2, 2, 0, 2, 0, 1, 2, 2, 2, 1, 1, 0, 1, 0, 0, 1, 1, 0, 1, 2, 1, 0, 1, 0, 1, 2, 1, 0, 0, 1, 1, 2, 0, 1, 0, 1, 1, 2, 1, 0, 0, 1, 1, 1, 2, 2, 0, 1, 0, 1, 2, 1, 1, 1, 2, 1, 2, 1, 0, 1, 0, 2, 0, 2, 1, 1, 2, 1, 1, 0, 0, 0, 2, 0, 1, 0]|[1, 0, 2, 4, 3, 2, 0, 1, 1, 2, 1, 2, 4, 1, 2, 0, 0, 1, 1, 2, 4, 2, 2, 0, 1, 1, 0, 2, 0, 3, 1, 1, 2, 0, 0, 2, 4, 0, 1, 4, 4, 0, 3, 2, 3, 2, 4, 0, 0, 1, 4, 2, 1, 3, 0, 2, 0, 3, 0, 4, 0, 1, 3, 1, 0, 2, 0, 4, 1, 1, 2, 4, 0, 2, 1, 4, 3, 3, 1, 0, 1, 4, 0, 4, 0, 1, 2, 1, 4, 3, 1, 3, 4, 2, 2, 2, 1, 1, 4, 2]|[0, 2, 0, 0, 1, 0, 0, 0, 0, 0, 3, 0, 1, 1, 0, 0, 0, 0, 1, 0, 1, 0, 0, 2, 1, 1, 0, 0, 0, 3, 0, 0, 1, 0, 0, 1, 2, 1, 0, 0, 3, 0, 1, 0, 1, 1, 0, 0, 3, 1, 2, 0, 0, 1, 0, 0, 0, 1, 0, 2, 0, 0, 0, 1, 0, 3, 0, 1, 0, 0, 1, 2, 0, 3, 0, 1, 3, 1, 0, 3, 0, 2, 0, 0, 0, 0, 1, 0, 1, 3, 0, 3, 1, 0, 0, 0, 0, 1, 1, 1]
event=1131:G1_CMAX:update:state=1,action=2,reward=-31.300386388418815,nextState=1,old=-157.7783451579991,new=-157.5230625148181
event=1132:G2_TEC:update:state=0,action=1,reward=-604.0139139100356,nextState=1,old=-465.324055378618,new=-890.7468138129618
event=1133:G3_TWC:update:state=1,action=1,reward=-979.7484749286668,nextState=1,old=-9394.063445345195,new=-8494.999231204823
event=1134:G4_BALANCED:update:state=1,action=2,reward=-0.14230200968775358,nextState=1,old=-0.6595616028912302,new=-0.6699512920007378
event=1135:G1_CMAX:action:mode=exploit,state=1,draw=0.29326185988361253,action=2
event=1136:G1_CMAX:tournament:reason=action2,left=66,right=63,selected=[66, 68, 55, 92, 86, 48, 24, 89, 70, 13, 60, 50, 93, 15, 25, 52, 1, 59, 76, 67, 65, 17, 77, 75, 28, 26, 35, 36, 94, 95, 41, 6, 7, 0, 79, 33, 46, 58, 32, 88, 54, 71, 53, 29, 56, 8, 49, 39, 34, 14, 37, 72, 87, 23, 40, 98, 69, 27, 47, 80, 73, 63, 83, 44, 57, 11, 5, 82, 61, 16, 45, 51, 42, 3, 90, 81, 91, 21, 38, 19, 18, 9, 62, 22, 99, 64, 10, 2, 31, 43, 30, 85, 84, 20, 74, 12, 78, 4, 96, 97]|[1, 1, 0, 1, 2, 2, 2, 0, 2, 2, 1, 0, 1, 0, 0, 0, 0, 2, 0, 2, 1, 0, 2, 0, 2, 2, 0, 2, 0, 1, 2, 2, 2, 1, 1, 0, 1, 0, 0, 1, 1, 0, 1, 2, 1, 0, 1, 0, 1, 2, 1, 0, 0, 1, 1, 2, 0, 1, 0, 2, 0, 2, 1, 0, 0, 1, 1, 1, 2, 2, 0, 1, 0, 1, 2, 1, 1, 1, 0, 1, 2, 1, 0, 1, 2, 2, 0, 2, 1, 1, 2, 1, 1, 0, 0, 0, 2, 0, 1, 0]|[1, 0, 2, 4, 1, 2, 0, 1, 1, 2, 1, 2, 4, 1, 2, 0, 0, 1, 1, 2, 4, 2, 2, 1, 1, 1, 0, 2, 0, 3, 1, 1, 2, 0, 0, 2, 4, 0, 1, 4, 4, 0, 3, 2, 3, 2, 4, 0, 0, 1, 4, 2, 1, 3, 0, 2, 0, 3, 0, 1, 2, 1, 2, 2, 0, 3, 0, 4, 1, 1, 2, 4, 0, 2, 1, 4, 3, 3, 1, 0, 1, 4, 0, 4, 1, 1, 2, 1, 4, 3, 1, 3, 4, 2, 2, 2, 1, 1, 4, 2]|[0, 2, 0, 0, 1, 0, 0, 0, 0, 0, 3, 0, 1, 1, 0, 0, 0, 0, 1, 0, 1, 0, 0, 1, 1, 1, 0, 0, 0, 3, 0, 0, 1, 0, 0, 1, 2, 1, 0, 0, 3, 0, 1, 0, 1, 1, 0, 0, 3, 1, 2, 0, 0, 1, 0, 0, 0, 1, 0, 0, 1, 0, 3, 1, 0, 0, 0, 1, 0, 0, 1, 2, 0, 3, 0, 1, 3, 1, 0, 3, 0, 2, 0, 2, 0, 0, 1, 0, 1, 3, 0, 3, 1, 0, 0, 0, 0, 1, 1, 1]
event=1137:G1_CMAX:leader:action=2,fingerprint=[66, 68, 55, 92, 86, 48, 24, 89, 70, 13, 60, 50, 93, 15, 25, 52, 1, 59, 76, 67, 65, 17, 77, 75, 28, 26, 35, 36, 94, 95, 41, 6, 7, 0, 79, 33, 46, 58, 32, 88, 54, 71, 53, 29, 56, 8, 49, 39, 34, 14, 37, 72, 87, 23, 40, 98, 69, 27, 47, 80, 73, 63, 83, 44, 57, 11, 5, 82, 61, 16, 45, 51, 42, 3, 90, 81, 91, 21, 38, 19, 18, 9, 62, 22, 99, 64, 10, 2, 31, 43, 30, 85, 84, 20, 74, 12, 78, 4, 96, 97]|[1, 1, 0, 1, 2, 2, 2, 0, 2, 2, 1, 0, 1, 0, 0, 0, 0, 2, 0, 2, 1, 0, 2, 0, 2, 2, 0, 2, 0, 1, 2, 2, 2, 1, 1, 0, 1, 0, 0, 1, 1, 0, 1, 2, 1, 0, 1, 0, 1, 2, 1, 0, 0, 1, 1, 2, 0, 1, 0, 2, 0, 2, 1, 0, 0, 1, 1, 1, 2, 2, 0, 1, 0, 1, 2, 1, 1, 1, 0, 1, 2, 1, 0, 1, 2, 2, 0, 2, 1, 1, 2, 1, 1, 0, 0, 0, 2, 0, 1, 0]|[1, 0, 2, 4, 1, 2, 0, 1, 1, 2, 1, 2, 4, 1, 2, 0, 0, 1, 1, 2, 4, 2, 2, 1, 1, 1, 0, 2, 0, 3, 1, 1, 2, 0, 0, 2, 4, 0, 1, 4, 4, 0, 3, 2, 3, 2, 4, 0, 0, 1, 4, 2, 1, 3, 0, 2, 0, 3, 0, 1, 2, 1, 2, 2, 0, 3, 0, 4, 1, 1, 2, 4, 0, 2, 1, 4, 3, 3, 1, 0, 1, 4, 0, 4, 1, 1, 2, 1, 4, 3, 1, 3, 4, 2, 2, 2, 1, 1, 4, 2]|[0, 2, 0, 0, 1, 0, 0, 0, 0, 0, 3, 0, 1, 1, 0, 0, 0, 0, 1, 0, 1, 0, 0, 1, 1, 1, 0, 0, 0, 3, 0, 0, 1, 0, 0, 1, 2, 1, 0, 0, 3, 0, 1, 0, 1, 1, 0, 0, 3, 1, 2, 0, 0, 1, 0, 0, 0, 1, 0, 0, 1, 0, 3, 1, 0, 0, 0, 1, 0, 0, 1, 2, 0, 3, 0, 1, 3, 1, 0, 3, 0, 2, 0, 2, 0, 0, 1, 0, 1, 3, 0, 3, 1, 0, 0, 0, 0, 1, 1, 1]
event=1138:G4_BALANCED:action:mode=exploit,state=1,draw=0.24130797672290727,action=1
event=1139:G4_BALANCED:leader:action=1,fingerprint=[49, 8, 56, 29, 54, 32, 38, 58, 46, 33, 71, 79, 0, 7, 6, 41, 95, 36, 35, 26, 28, 75, 77, 65, 67, 42, 59, 1, 52, 74, 55, 15, 94, 93, 50, 60, 13, 70, 89, 24, 48, 86, 25, 68, 66, 53, 76, 34, 14, 37, 72, 88, 23, 40, 98, 69, 27, 47, 80, 73, 63, 83, 44, 57, 11, 5, 82, 61, 16, 45, 51, 3, 90, 81, 91, 21, 87, 19, 18, 9, 62, 22, 99, 64, 10, 39, 2, 31, 43, 92, 30, 85, 84, 20, 17, 78, 96, 4, 12, 97]|[1, 0, 1, 2, 1, 0, 0, 0, 1, 0, 0, 1, 1, 2, 1, 2, 1, 2, 0, 2, 2, 0, 2, 1, 2, 0, 2, 0, 0, 0, 0, 0, 0, 1, 0, 1, 1, 2, 0, 2, 2, 1, 0, 1, 1, 1, 0, 1, 2, 1, 0, 0, 0, 1, 2, 0, 1, 0, 1, 1, 2, 1, 0, 0, 1, 1, 1, 2, 2, 0, 1, 1, 2, 2, 1, 2, 2, 1, 2, 1, 0, 1, 0, 2, 0, 0, 2, 1, 1, 1, 0, 0, 1, 1, 0, 2, 1, 0, 1, 1]|[3, 2, 3, 2, 1, 1, 1, 0, 4, 2, 1, 0, 0, 2, 4, 1, 3, 2, 0, 1, 1, 1, 2, 4, 2, 1, 1, 0, 0, 2, 2, 1, 0, 4, 2, 1, 0, 1, 1, 0, 2, 3, 2, 1, 0, 3, 0, 0, 1, 4, 2, 2, 1, 0, 2, 0, 3, 2, 4, 0, 1, 2, 1, 0, 3, 0, 4, 1, 1, 2, 4, 2, 1, 2, 3, 1, 1, 0, 1, 4, 0, 4, 0, 1, 2, 0, 1, 3, 3, 1, 0, 2, 4, 2, 2, 1, 4, 1, 2, 4]|[0, 1, 1, 0, 3, 0, 0, 1, 2, 1, 0, 0, 0, 1, 2, 0, 3, 0, 0, 1, 1, 1, 0, 1, 0, 1, 0, 0, 0, 0, 0, 1, 0, 1, 0, 3, 2, 0, 0, 0, 0, 1, 0, 0, 2, 1, 0, 3, 1, 2, 0, 1, 0, 0, 0, 0, 1, 1, 2, 0, 0, 3, 1, 0, 0, 0, 1, 0, 0, 1, 2, 3, 0, 1, 3, 0, 0, 3, 0, 2, 0, 0, 0, 0, 1, 0, 0, 3, 3, 0, 0, 0, 1, 2, 0, 0, 1, 1, 2, 0]
event=1140:G2_TEC:action:mode=explore,state=1,draw=0.9672878828983514,action=1
event=1141:G2_TEC:leader:action=1,fingerprint=[66, 68, 32, 92, 86, 48, 3, 69, 70, 13, 60, 50, 93, 15, 52, 23, 1, 59, 76, 67, 58, 17, 77, 75, 28, 41, 95, 44, 36, 35, 26, 7, 0, 79, 88, 94, 46, 54, 71, 53, 29, 56, 65, 39, 34, 8, 49, 33, 55, 14, 37, 72, 38, 78, 40, 98, 89, 27, 47, 80, 30, 11, 5, 96, 2, 16, 83, 6, 51, 42, 24, 90, 81, 22, 64, 21, 87, 19, 18, 84, 62, 63, 91, 45, 99, 61, 10, 57, 31, 43, 97, 12, 85, 20, 9, 25, 74, 4, 73, 82]|[1, 1, 0, 1, 2, 2, 1, 2, 0, 2, 1, 0, 1, 0, 0, 0, 1, 2, 0, 2, 0, 0, 2, 0, 2, 2, 0, 1, 2, 0, 2, 2, 1, 1, 1, 0, 0, 1, 0, 1, 2, 1, 0, 0, 1, 0, 1, 1, 0, 2, 1, 0, 0, 0, 1, 1, 2, 1, 0, 1, 2, 1, 1, 1, 2, 2, 1, 2, 0, 0, 1, 1, 0, 1, 2, 2, 2, 2, 2, 1, 0, 2, 2, 0, 2, 2, 0, 2, 1, 1, 0, 0, 2, 0, 1, 2, 0, 1, 1, 2]|[4, 4, 1, 4, 1, 2, 4, 2, 1, 2, 4, 0, 4, 1, 0, 1, 4, 1, 1, 1, 0, 2, 2, 1, 2, 1, 0, 3, 1, 0, 1, 1, 4, 0, 0, 0, 2, 4, 1, 3, 2, 3, 0, 0, 3, 2, 4, 1, 2, 1, 4, 2, 1, 1, 3, 3, 2, 3, 0, 4, 1, 3, 3, 4, 1, 1, 3, 1, 2, 0, 4, 4, 2, 4, 1, 1, 1, 1, 1, 4, 0, 1, 1, 2, 1, 1, 2, 1, 3, 3, 2, 2, 1, 0, 4, 1, 2, 4, 3, 1]|[0, 1, 0, 0, 1, 0, 1, 0, 0, 0, 3, 0, 1, 1, 0, 0, 0, 0, 0, 0, 1, 0, 0, 1, 1, 0, 0, 3, 0, 0, 0, 0, 0, 0, 0, 0, 0, 3, 0, 1, 0, 1, 1, 0, 1, 1, 2, 1, 0, 1, 2, 0, 0, 0, 1, 1, 0, 1, 0, 1, 0, 0, 0, 1, 0, 0, 1, 0, 0, 0, 1, 2, 0, 2, 0, 0, 0, 0, 0, 1, 0, 0, 0, 0, 0, 0, 1, 0, 3, 3, 0, 0, 0, 0, 2, 0, 0, 2, 0, 0]
event=1142:G3_TWC:action:mode=exploit,state=1,draw=0.7083203724087065,action=1
event=1143:G3_TWC:leader:action=1,fingerprint=[66, 68, 55, 92, 86, 48, 24, 89, 70, 13, 60, 50, 93, 15, 25, 52, 1, 59, 76, 67, 65, 17, 77, 75, 28, 26, 35, 36, 94, 95, 41, 6, 7, 0, 79, 33, 46, 58, 32, 88, 54, 71, 53, 29, 56, 8, 49, 39, 34, 14, 37, 72, 38, 23, 40, 98, 69, 27, 47, 80, 73, 63, 11, 44, 57, 83, 5, 82, 61, 16, 45, 51, 42, 3, 90, 81, 91, 21, 87, 19, 18, 9, 62, 22, 99, 64, 10, 2, 31, 43, 30, 85, 84, 20, 12, 74, 78, 4, 96, 97]|[1, 1, 0, 1, 1, 2, 2, 0, 2, 2, 1, 0, 1, 0, 0, 0, 0, 2, 0, 2, 1, 0, 2, 1, 2, 2, 0, 2, 0, 1, 2, 2, 2, 1, 1, 0, 1, 0, 0, 1, 1, 0, 1, 2, 1, 0, 1, 0, 1, 2, 1, 0, 0, 1, 1, 2, 0, 1, 0, 1, 1, 2, 1, 0, 0, 1, 1, 1, 2, 2, 0, 1, 0, 1, 2, 1, 1, 1, 2, 1, 2, 1, 0, 1, 0, 2, 0, 2, 1, 1, 2, 1, 1, 0, 0, 0, 2, 0, 1, 0]|[1, 0, 2, 4, 3, 2, 0, 1, 1, 2, 1, 2, 4, 1, 2, 0, 0, 1, 1, 2, 4, 2, 2, 0, 1, 1, 0, 2, 0, 3, 1, 1, 2, 0, 0, 2, 4, 0, 1, 4, 4, 0, 3, 2, 3, 2, 4, 0, 0, 1, 4, 2, 1, 3, 0, 2, 0, 3, 0, 4, 0, 1, 3, 1, 0, 2, 0, 4, 1, 1, 2, 4, 0, 2, 1, 4, 3, 3, 1, 0, 1, 4, 0, 4, 0, 1, 2, 1, 4, 3, 1, 3, 4, 2, 2, 2, 1, 1, 4, 2]|[0, 2, 0, 0, 1, 0, 0, 0, 0, 0, 3, 0, 1, 1, 0, 0, 0, 0, 1, 0, 1, 0, 0, 2, 1, 1, 0, 0, 0, 3, 0, 0, 1, 0, 0, 1, 2, 1, 0, 0, 3, 0, 1, 0, 1, 1, 0, 0, 3, 1, 2, 0, 0, 1, 0, 0, 0, 1, 0, 2, 0, 0, 0, 1, 0, 3, 0, 1, 0, 0, 1, 2, 0, 3, 0, 1, 3, 1, 0, 3, 0, 2, 0, 0, 0, 0, 1, 0, 1, 3, 0, 3, 1, 0, 0, 0, 0, 1, 1, 1]
event=1144:G1_CMAX:update:state=1,action=2,reward=-17.236898080786432,nextState=1,old=-157.5230625148181,new=-143.25534809264093
event=1145:G2_TEC:update:state=1,action=1,reward=-383.879770605643,nextState=1,old=-358.4161248786578,new=-670.6126705085692
event=1146:G3_TWC:update:state=1,action=1,reward=-1805.1274120135204,nextState=1,old=-8494.999231204823,new=-8601.12679697738
event=1147:G4_BALANCED:update:state=1,action=1,reward=-0.205075009557843,nextState=1,old=-0.6644954508214209,new=-0.7366713702149797
event=1148:G1_CMAX:action:mode=exploit,state=1,draw=0.34804665339173335,action=2
event=1149:G1_CMAX:tournament:reason=action2,left=60,right=44,selected=[66, 68, 32, 92, 86, 48, 3, 69, 70, 13, 60, 50, 93, 15, 52, 23, 1, 59, 76, 67, 58, 17, 77, 75, 28, 41, 35, 36, 94, 95, 26, 6, 7, 0, 79, 25, 46, 65, 55, 88, 54, 71, 53, 29, 56, 8, 49, 39, 34, 14, 37, 72, 38, 33, 40, 98, 89, 27, 47, 80, 73, 63, 83, 44, 57, 11, 5, 82, 61, 16, 45, 51, 42, 24, 90, 81, 91, 21, 87, 19, 18, 9, 62, 22, 99, 64, 10, 2, 31, 43, 30, 85, 84, 20, 12, 78, 74, 4, 96, 97]|[1, 1, 0, 1, 1, 2, 1, 2, 0, 2, 1, 0, 1, 0, 1, 0, 0, 2, 0, 2, 0, 0, 2, 0, 2, 2, 0, 2, 0, 1, 2, 2, 1, 1, 1, 2, 1, 0, 0, 1, 1, 0, 0, 2, 1, 0, 1, 0, 1, 2, 1, 0, 0, 1, 1, 2, 0, 1, 0, 0, 0, 2, 1, 0, 0, 1, 1, 1, 2, 2, 0, 1, 0, 1, 2, 1, 1, 1, 2, 1, 2, 1, 0, 1, 0, 2, 1, 2, 1, 2, 2, 1, 1, 0, 0, 2, 0, 0, 1, 0]|[1, 4, 2, 4, 3, 2, 4, 1, 0, 2, 1, 2, 4, 1, 0, 0, 0, 1, 1, 2, 0, 2, 2, 1, 1, 1, 0, 2, 0, 3, 1, 1, 4, 0, 0, 1, 4, 0, 1, 4, 4, 0, 1, 2, 3, 2, 4, 0, 3, 1, 4, 2, 1, 3, 0, 2, 0, 3, 0, 2, 2, 1, 2, 1, 0, 3, 3, 4, 1, 1, 2, 4, 0, 4, 1, 4, 3, 3, 1, 0, 1, 4, 0, 4, 0, 1, 4, 1, 3, 1, 1, 3, 4, 2, 2, 1, 2, 1, 4, 2]|[0, 1, 0, 0, 1, 0, 1, 0, 0, 0, 3, 0, 1, 1, 0, 0, 0, 0, 1, 0, 1, 0, 0, 1, 1, 1, 0, 0, 0, 3, 0, 0, 2, 0, 0, 0, 2, 1, 0, 0, 3, 0, 0, 0, 1, 1, 0, 0, 1, 1, 2, 0, 0, 1, 0, 0, 0, 1, 0, 0, 0, 0, 3, 1, 0, 0, 0, 1, 0, 0, 1, 2, 0, 1, 0, 1, 3, 1, 0, 3, 0, 2, 0, 2, 0, 0, 0, 0, 3, 0, 0, 3, 1, 0, 0, 0, 0, 1, 1, 1]
event=1150:G1_CMAX:leader:action=2,fingerprint=[66, 68, 32, 92, 86, 48, 3, 69, 70, 13, 60, 50, 93, 15, 52, 23, 1, 59, 76, 67, 58, 17, 77, 75, 28, 41, 35, 36, 94, 95, 26, 6, 7, 0, 79, 25, 46, 65, 55, 88, 54, 71, 53, 29, 56, 8, 49, 39, 34, 14, 37, 72, 38, 33, 40, 98, 89, 27, 47, 80, 73, 63, 83, 44, 57, 11, 5, 82, 61, 16, 45, 51, 42, 24, 90, 81, 91, 21, 87, 19, 18, 9, 62, 22, 99, 64, 10, 2, 31, 43, 30, 85, 84, 20, 12, 78, 74, 4, 96, 97]|[1, 1, 0, 1, 1, 2, 1, 2, 0, 2, 1, 0, 1, 0, 1, 0, 0, 2, 0, 2, 0, 0, 2, 0, 2, 2, 0, 2, 0, 1, 2, 2, 1, 1, 1, 2, 1, 0, 0, 1, 1, 0, 0, 2, 1, 0, 1, 0, 1, 2, 1, 0, 0, 1, 1, 2, 0, 1, 0, 0, 0, 2, 1, 0, 0, 1, 1, 1, 2, 2, 0, 1, 0, 1, 2, 1, 1, 1, 2, 1, 2, 1, 0, 1, 0, 2, 1, 2, 1, 2, 2, 1, 1, 0, 0, 2, 0, 0, 1, 0]|[1, 4, 2, 4, 3, 2, 4, 1, 0, 2, 1, 2, 4, 1, 0, 0, 0, 1, 1, 2, 0, 2, 2, 1, 1, 1, 0, 2, 0, 3, 1, 1, 4, 0, 0, 1, 4, 0, 1, 4, 4, 0, 1, 2, 3, 2, 4, 0, 3, 1, 4, 2, 1, 3, 0, 2, 0, 3, 0, 2, 2, 1, 2, 1, 0, 3, 3, 4, 1, 1, 2, 4, 0, 4, 1, 4, 3, 3, 1, 0, 1, 4, 0, 4, 0, 1, 4, 1, 3, 1, 1, 3, 4, 2, 2, 1, 2, 1, 4, 2]|[0, 1, 0, 0, 1, 0, 1, 0, 0, 0, 3, 0, 1, 1, 0, 0, 0, 0, 1, 0, 1, 0, 0, 1, 1, 1, 0, 0, 0, 3, 0, 0, 2, 0, 0, 0, 2, 1, 0, 0, 3, 0, 0, 0, 1, 1, 0, 0, 1, 1, 2, 0, 0, 1, 0, 0, 0, 1, 0, 0, 0, 0, 3, 1, 0, 0, 0, 1, 0, 0, 1, 2, 0, 1, 0, 1, 3, 1, 0, 3, 0, 2, 0, 2, 0, 0, 0, 0, 3, 0, 0, 3, 1, 0, 0, 0, 0, 1, 1, 1]
event=1151:G4_BALANCED:action:mode=exploit,state=1,draw=0.7420745654161552,action=2
event=1152:G4_BALANCED:tournament:reason=action2,left=27,right=73,selected=[66, 68, 55, 92, 86, 48, 24, 89, 70, 13, 60, 50, 93, 15, 25, 52, 1, 59, 65, 67, 63, 17, 77, 75, 28, 26, 35, 36, 94, 95, 41, 6, 7, 0, 79, 33, 46, 58, 32, 88, 54, 71, 53, 29, 56, 8, 49, 39, 34, 14, 37, 72, 38, 23, 40, 98, 69, 27, 47, 80, 73, 76, 83, 44, 57, 11, 5, 82, 61, 16, 45, 51, 42, 3, 90, 81, 91, 21, 87, 18, 19, 9, 62, 22, 99, 64, 10, 2, 31, 43, 30, 85, 84, 20, 96, 4, 74, 78, 12, 97]|[1, 1, 0, 1, 1, 2, 2, 0, 0, 1, 1, 0, 1, 0, 0, 0, 1, 2, 0, 2, 1, 0, 2, 0, 2, 0, 0, 2, 0, 1, 2, 1, 2, 1, 1, 0, 1, 0, 0, 0, 1, 0, 1, 2, 1, 0, 1, 0, 1, 2, 1, 0, 0, 0, 1, 2, 2, 1, 0, 2, 1, 2, 1, 0, 0, 1, 1, 1, 2, 2, 1, 1, 0, 1, 2, 0, 1, 1, 2, 2, 2, 1, 0, 2, 2, 2, 0, 2, 1, 1, 0, 1, 1, 0, 1, 0, 0, 2, 0, 0]|[1, 0, 2, 4, 3, 2, 0, 1, 0, 0, 1, 2, 4, 1, 2, 0, 4, 1, 1, 2, 4, 2, 2, 1, 1, 2, 0, 2, 0, 3, 1, 4, 2, 0, 0, 2, 4, 0, 1, 2, 4, 0, 3, 2, 3, 2, 3, 0, 3, 1, 4, 2, 1, 1, 0, 2, 2, 3, 2, 1, 0, 1, 2, 1, 0, 3, 0, 4, 1, 1, 4, 4, 0, 2, 1, 2, 3, 3, 1, 1, 1, 4, 0, 1, 1, 1, 2, 1, 3, 3, 0, 3, 4, 2, 4, 1, 2, 1, 2, 2]|[0, 2, 0, 0, 1, 0, 0, 0, 0, 2, 3, 0, 1, 1, 0, 0, 0, 0, 1, 0, 1, 0, 0, 1, 1, 0, 0, 0, 0, 3, 0, 2, 1, 0, 0, 1, 2, 1, 0, 1, 3, 0, 1, 0, 1, 1, 0, 0, 1, 1, 2, 0, 0, 0, 0, 0, 0, 1, 1, 0, 0, 0, 3, 1, 0, 0, 0, 1, 0, 0, 1, 2, 0, 3, 0, 1, 3, 1, 0, 0, 0, 2, 0, 0, 0, 0, 1, 0, 3, 3, 0, 3, 1, 0, 1, 1, 0, 0, 0, 0]
event=1153:G4_BALANCED:leader:action=2,fingerprint=[66, 68, 55, 92, 86, 48, 24, 89, 70, 13, 60, 50, 93, 15, 25, 52, 1, 59, 65, 67, 63, 17, 77, 75, 28, 26, 35, 36, 94, 95, 41, 6, 7, 0, 79, 33, 46, 58, 32, 88, 54, 71, 53, 29, 56, 8, 49, 39, 34, 14, 37, 72, 38, 23, 40, 98, 69, 27, 47, 80, 73, 76, 83, 44, 57, 11, 5, 82, 61, 16, 45, 51, 42, 3, 90, 81, 91, 21, 87, 18, 19, 9, 62, 22, 99, 64, 10, 2, 31, 43, 30, 85, 84, 20, 96, 4, 74, 78, 12, 97]|[1, 1, 0, 1, 1, 2, 2, 0, 0, 1, 1, 0, 1, 0, 0, 0, 1, 2, 0, 2, 1, 0, 2, 0, 2, 0, 0, 2, 0, 1, 2, 1, 2, 1, 1, 0, 1, 0, 0, 0, 1, 0, 1, 2, 1, 0, 1, 0, 1, 2, 1, 0, 0, 0, 1, 2, 2, 1, 0, 2, 1, 2, 1, 0, 0, 1, 1, 1, 2, 2, 1, 1, 0, 1, 2, 0, 1, 1, 2, 2, 2, 1, 0, 2, 2, 2, 0, 2, 1, 1, 0, 1, 1, 0, 1, 0, 0, 2, 0, 0]|[1, 0, 2, 4, 3, 2, 0, 1, 0, 0, 1, 2, 4, 1, 2, 0, 4, 1, 1, 2, 4, 2, 2, 1, 1, 2, 0, 2, 0, 3, 1, 4, 2, 0, 0, 2, 4, 0, 1, 2, 4, 0, 3, 2, 3, 2, 3, 0, 3, 1, 4, 2, 1, 1, 0, 2, 2, 3, 2, 1, 0, 1, 2, 1, 0, 3, 0, 4, 1, 1, 4, 4, 0, 2, 1, 2, 3, 3, 1, 1, 1, 4, 0, 1, 1, 1, 2, 1, 3, 3, 0, 3, 4, 2, 4, 1, 2, 1, 2, 2]|[0, 2, 0, 0, 1, 0, 0, 0, 0, 2, 3, 0, 1, 1, 0, 0, 0, 0, 1, 0, 1, 0, 0, 1, 1, 0, 0, 0, 0, 3, 0, 2, 1, 0, 0, 1, 2, 1, 0, 1, 3, 0, 1, 0, 1, 1, 0, 0, 1, 1, 2, 0, 0, 0, 0, 0, 0, 1, 1, 0, 0, 0, 3, 1, 0, 0, 0, 1, 0, 0, 1, 2, 0, 3, 0, 1, 3, 1, 0, 0, 0, 2, 0, 0, 0, 0, 1, 0, 3, 3, 0, 3, 1, 0, 1, 1, 0, 0, 0, 0]
event=1154:G2_TEC:action:mode=exploit,state=1,draw=0.2941894450918787,action=1
event=1155:G2_TEC:leader:action=1,fingerprint=[66, 68, 32, 92, 86, 48, 3, 69, 70, 13, 60, 50, 93, 15, 52, 23, 1, 59, 76, 67, 58, 17, 77, 75, 28, 41, 95, 44, 36, 35, 26, 7, 0, 79, 88, 94, 46, 54, 71, 53, 29, 56, 65, 39, 34, 8, 49, 33, 55, 14, 37, 72, 38, 78, 40, 98, 89, 27, 47, 80, 30, 11, 5, 96, 2, 16, 83, 6, 51, 42, 24, 90, 81, 22, 64, 21, 87, 19, 18, 84, 62, 63, 91, 45, 99, 61, 10, 57, 31, 43, 97, 12, 85, 20, 9, 25, 74, 4, 73, 82]|[1, 1, 0, 1, 2, 2, 1, 2, 0, 2, 1, 0, 1, 0, 0, 0, 1, 2, 0, 2, 0, 0, 2, 0, 2, 2, 0, 1, 2, 0, 2, 2, 1, 1, 1, 0, 0, 1, 0, 1, 2, 1, 0, 0, 1, 0, 1, 1, 0, 2, 1, 0, 0, 0, 1, 1, 2, 1, 0, 1, 2, 1, 1, 1, 2, 2, 1, 2, 0, 0, 1, 1, 0, 1, 2, 2, 2, 2, 2, 1, 0, 2, 2, 0, 2, 2, 0, 2, 1, 1, 0, 0, 2, 0, 1, 2, 0, 1, 1, 2]|[4, 4, 1, 4, 1, 2, 4, 2, 1, 2, 4, 0, 4, 1, 0, 1, 4, 1, 1, 1, 0, 2, 2, 1, 2, 1, 0, 3, 1, 0, 1, 1, 4, 0, 0, 0, 2, 4, 1, 3, 2, 3, 0, 0, 3, 2, 4, 1, 2, 1, 4, 2, 1, 1, 3, 3, 2, 3, 0, 4, 1, 3, 3, 4, 1, 1, 3, 1, 2, 0, 4, 4, 2, 4, 1, 1, 1, 1, 1, 4, 0, 1, 1, 2, 1, 1, 2, 1, 3, 3, 2, 2, 1, 0, 4, 1, 2, 4, 3, 1]|[0, 1, 0, 0, 1, 0, 1, 0, 0, 0, 3, 0, 1, 1, 0, 0, 0, 0, 0, 0, 1, 0, 0, 1, 1, 0, 0, 3, 0, 0, 0, 0, 0, 0, 0, 0, 0, 3, 0, 1, 0, 1, 1, 0, 1, 1, 2, 1, 0, 1, 2, 0, 0, 0, 1, 1, 0, 1, 0, 1, 0, 0, 0, 1, 0, 0, 1, 0, 0, 0, 1, 2, 0, 2, 0, 0, 0, 0, 0, 1, 0, 0, 0, 0, 0, 0, 1, 0, 3, 3, 0, 0, 0, 0, 2, 0, 0, 2, 0, 0]
event=1156:G3_TWC:action:mode=exploit,state=1,draw=0.7429815336048569,action=1
event=1157:G3_TWC:leader:action=1,fingerprint=[66, 68, 55, 92, 86, 48, 24, 89, 70, 13, 60, 50, 93, 15, 25, 52, 1, 59, 76, 67, 65, 17, 77, 75, 28, 26, 35, 36, 94, 95, 41, 6, 7, 0, 79, 33, 46, 58, 32, 88, 54, 71, 53, 29, 56, 8, 49, 39, 34, 14, 37, 72, 38, 23, 40, 98, 69, 27, 47, 80, 73, 63, 11, 44, 57, 83, 5, 82, 61, 16, 45, 51, 42, 3, 90, 81, 91, 21, 87, 19, 18, 9, 62, 22, 99, 64, 10, 2, 31, 43, 30, 85, 84, 20, 12, 74, 78, 4, 96, 97]|[1, 1, 0, 1, 1, 2, 2, 0, 2, 2, 1, 0, 1, 0, 0, 0, 0, 2, 0, 2, 1, 0, 2, 1, 2, 2, 0, 2, 0, 1, 2, 2, 2, 1, 1, 0, 1, 0, 0, 1, 1, 0, 1, 2, 1, 0, 1, 0, 1, 2, 1, 0, 0, 1, 1, 2, 0, 1, 0, 1, 1, 2, 1, 0, 0, 1, 1, 1, 2, 2, 0, 1, 0, 1, 2, 1, 1, 1, 2, 1, 2, 1, 0, 1, 0, 2, 0, 2, 1, 1, 2, 1, 1, 0, 0, 0, 2, 0, 1, 0]|[1, 0, 2, 4, 3, 2, 0, 1, 1, 2, 1, 2, 4, 1, 2, 0, 0, 1, 1, 2, 4, 2, 2, 0, 1, 1, 0, 2, 0, 3, 1, 1, 2, 0, 0, 2, 4, 0, 1, 4, 4, 0, 3, 2, 3, 2, 4, 0, 0, 1, 4, 2, 1, 3, 0, 2, 0, 3, 0, 4, 0, 1, 3, 1, 0, 2, 0, 4, 1, 1, 2, 4, 0, 2, 1, 4, 3, 3, 1, 0, 1, 4, 0, 4, 0, 1, 2, 1, 4, 3, 1, 3, 4, 2, 2, 2, 1, 1, 4, 2]|[0, 2, 0, 0, 1, 0, 0, 0, 0, 0, 3, 0, 1, 1, 0, 0, 0, 0, 1, 0, 1, 0, 0, 2, 1, 1, 0, 0, 0, 3, 0, 0, 1, 0, 0, 1, 2, 1, 0, 0, 3, 0, 1, 0, 1, 1, 0, 0, 3, 1, 2, 0, 0, 1, 0, 0, 0, 1, 0, 2, 0, 0, 0, 1, 0, 3, 0, 1, 0, 0, 1, 2, 0, 3, 0, 1, 3, 1, 0, 3, 0, 2, 0, 0, 0, 0, 1, 0, 1, 3, 0, 3, 1, 0, 0, 0, 0, 1, 1, 1]
event=1158:G1_CMAX:update:state=1,action=2,reward=-55.4387882756223,nextState=1,old=-143.25534809264093,new=-170.04306674973503
event=1159:G2_TEC:update:state=1,action=1,reward=7.683358323934954,nextState=0,old=-670.6126705085692,new=-578.1885702052307
event=1160:G3_TWC:update:state=1,action=1,reward=-1559.3973784240661,nextState=1,old=-8601.12679697738,new=-8440.29881600597
event=1161:G4_BALANCED:update:state=1,action=2,reward=-0.0653071723505032,nextState=1,old=-0.6699512920007378,new=-0.6012682059510934
event=1162:G1_CMAX:action:mode=exploit,state=1,draw=0.1619850049583862,action=2
event=1163:G1_CMAX:tournament:reason=action2,left=18,right=59,selected=[66, 68, 55, 92, 48, 89, 70, 24, 86, 13, 60, 50, 93, 15, 25, 52, 1, 59, 76, 67, 65, 17, 77, 75, 28, 26, 35, 36, 94, 95, 41, 6, 7, 0, 79, 33, 46, 58, 32, 88, 54, 71, 53, 29, 56, 8, 49, 39, 34, 14, 37, 9, 38, 23, 40, 98, 69, 27, 47, 80, 73, 63, 83, 44, 57, 11, 5, 82, 61, 16, 45, 51, 42, 3, 90, 81, 91, 21, 87, 19, 18, 72, 62, 22, 99, 64, 10, 2, 31, 43, 30, 85, 96, 20, 84, 4, 74, 78, 12, 97]|[1, 1, 1, 1, 2, 2, 2, 2, 0, 1, 1, 0, 1, 0, 0, 0, 0, 2, 0, 2, 1, 0, 2, 0, 2, 0, 0, 1, 0, 1, 2, 1, 2, 1, 1, 0, 1, 0, 0, 1, 1, 0, 1, 2, 1, 0, 1, 0, 1, 2, 1, 0, 0, 0, 1, 1, 0, 1, 0, 1, 1, 2, 1, 0, 0, 1, 1, 1, 2, 2, 1, 1, 0, 1, 2, 0, 1, 1, 2, 1, 2, 1, 0, 1, 2, 2, 0, 2, 1, 1, 2, 0, 1, 0, 1, 0, 0, 2, 0, 2]|[1, 0, 3, 4, 2, 2, 0, 0, 0, 0, 1, 2, 4, 1, 2, 0, 0, 1, 1, 2, 4, 2, 2, 1, 1, 2, 0, 3, 0, 3, 1, 4, 2, 0, 0, 2, 4, 0, 1, 4, 4, 0, 3, 2, 3, 2, 3, 0, 3, 1, 4, 2, 1, 1, 0, 4, 0, 3, 2, 4, 0, 1, 2, 1, 0, 3, 0, 4, 1, 1, 4, 4, 0, 2, 1, 2, 3, 3, 1, 0, 1, 4, 0, 4, 1, 1, 2, 1, 3, 3, 1, 2, 4, 2, 4, 1, 2, 1, 2, 1]|[0, 2, 1, 0, 0, 0, 0, 0, 0, 2, 3, 0, 1, 1, 0, 0, 0, 0, 1, 0, 1, 0, 0, 1, 1, 0, 0, 3, 0, 3, 0, 2, 1, 0, 0, 1, 2, 1, 0, 0, 3, 0, 1, 0, 1, 1, 0, 0, 1, 1, 2, 0, 0, 0, 0, 3, 0, 1, 1, 2, 0, 0, 3, 1, 0, 0, 0, 1, 0, 0, 1, 2, 0, 3, 0, 1, 3, 1, 0, 3, 0, 2, 0, 0, 0, 0, 1, 0, 3, 3, 0, 0, 1, 0, 1, 1, 0, 0, 0, 0]
event=1164:G1_CMAX:leader:action=2,fingerprint=[66, 68, 55, 92, 48, 89, 70, 24, 86, 13, 60, 50, 93, 15, 25, 52, 1, 59, 76, 67, 65, 17, 77, 75, 28, 26, 35, 36, 94, 95, 41, 6, 7, 0, 79, 33, 46, 58, 32, 88, 54, 71, 53, 29, 56, 8, 49, 39, 34, 14, 37, 9, 38, 23, 40, 98, 69, 27, 47, 80, 73, 63, 83, 44, 57, 11, 5, 82, 61, 16, 45, 51, 42, 3, 90, 81, 91, 21, 87, 19, 18, 72, 62, 22, 99, 64, 10, 2, 31, 43, 30, 85, 96, 20, 84, 4, 74, 78, 12, 97]|[1, 1, 1, 1, 2, 2, 2, 2, 0, 1, 1, 0, 1, 0, 0, 0, 0, 2, 0, 2, 1, 0, 2, 0, 2, 0, 0, 1, 0, 1, 2, 1, 2, 1, 1, 0, 1, 0, 0, 1, 1, 0, 1, 2, 1, 0, 1, 0, 1, 2, 1, 0, 0, 0, 1, 1, 0, 1, 0, 1, 1, 2, 1, 0, 0, 1, 1, 1, 2, 2, 1, 1, 0, 1, 2, 0, 1, 1, 2, 1, 2, 1, 0, 1, 2, 2, 0, 2, 1, 1, 2, 0, 1, 0, 1, 0, 0, 2, 0, 2]|[1, 0, 3, 4, 2, 2, 0, 0, 0, 0, 1, 2, 4, 1, 2, 0, 0, 1, 1, 2, 4, 2, 2, 1, 1, 2, 0, 3, 0, 3, 1, 4, 2, 0, 0, 2, 4, 0, 1, 4, 4, 0, 3, 2, 3, 2, 3, 0, 3, 1, 4, 2, 1, 1, 0, 4, 0, 3, 2, 4, 0, 1, 2, 1, 0, 3, 0, 4, 1, 1, 4, 4, 0, 2, 1, 2, 3, 3, 1, 0, 1, 4, 0, 4, 1, 1, 2, 1, 3, 3, 1, 2, 4, 2, 4, 1, 2, 1, 2, 1]|[0, 2, 1, 0, 0, 0, 0, 0, 0, 2, 3, 0, 1, 1, 0, 0, 0, 0, 1, 0, 1, 0, 0, 1, 1, 0, 0, 3, 0, 3, 0, 2, 1, 0, 0, 1, 2, 1, 0, 0, 3, 0, 1, 0, 1, 1, 0, 0, 1, 1, 2, 0, 0, 0, 0, 3, 0, 1, 1, 2, 0, 0, 3, 1, 0, 0, 0, 1, 0, 0, 1, 2, 0, 3, 0, 1, 3, 1, 0, 3, 0, 2, 0, 0, 0, 0, 1, 0, 3, 3, 0, 0, 1, 0, 1, 1, 0, 0, 0, 0]
event=1165:G4_BALANCED:action:mode=exploit,state=1,draw=0.7775506308138926,action=2
event=1166:G4_BALANCED:tournament:reason=action2,left=31,right=30,selected=[66, 68, 55, 92, 86, 48, 24, 89, 70, 13, 60, 50, 93, 15, 25, 52, 1, 59, 76, 67, 65, 17, 77, 75, 28, 26, 35, 36, 94, 95, 41, 6, 7, 0, 79, 33, 46, 58, 32, 88, 54, 71, 53, 29, 56, 8, 49, 39, 34, 14, 37, 72, 38, 23, 40, 98, 69, 27, 47, 80, 73, 63, 83, 44, 57, 11, 5, 82, 61, 16, 45, 51, 42, 3, 90, 81, 91, 21, 87, 19, 18, 9, 62, 22, 99, 64, 10, 2, 31, 43, 30, 85, 84, 20, 74, 78, 12, 96, 97, 4]|[1, 1, 0, 1, 1, 2, 2, 0, 2, 1, 1, 0, 1, 0, 0, 0, 0, 2, 0, 2, 1, 0, 2, 0, 2, 2, 0, 2, 0, 1, 2, 2, 2, 1, 1, 0, 1, 0, 0, 1, 1, 0, 1, 2, 1, 0, 1, 0, 1, 2, 1, 0, 0, 1, 1, 2, 0, 1, 0, 2, 1, 2, 1, 0, 0, 1, 1, 1, 2, 2, 0, 1, 0, 1, 2, 1, 1, 1, 2, 1, 2, 1, 0, 1, 2, 2, 0, 2, 1, 2, 2, 1, 1, 0, 0, 2, 0, 1, 2, 0]|[1, 0, 2, 4, 3, 2, 0, 1, 1, 0, 1, 2, 4, 1, 2, 0, 0, 1, 1, 2, 4, 2, 2, 1, 1, 1, 0, 2, 0, 3, 1, 1, 2, 0, 0, 2, 4, 0, 1, 4, 4, 0, 3, 2, 3, 2, 4, 0, 0, 1, 4, 2, 1, 3, 0, 2, 0, 3, 0, 1, 0, 1, 2, 1, 0, 3, 0, 4, 1, 1, 2, 4, 0, 2, 1, 4, 3, 3, 1, 0, 1, 4, 0, 4, 1, 1, 2, 1, 4, 1, 1, 3, 4, 2, 2, 1, 2, 4, 1, 1]|[0, 2, 0, 0, 1, 0, 0, 0, 0, 2, 3, 0, 1, 1, 0, 0, 0, 0, 1, 0, 1, 0, 0, 1, 1, 1, 0, 0, 0, 3, 0, 0, 1, 0, 0, 1, 2, 1, 0, 0, 3, 0, 1, 0, 1, 1, 0, 0, 3, 1, 2, 0, 0, 1, 0, 0, 0, 1, 0, 0, 0, 0, 3, 1, 0, 0, 0, 1, 0, 0, 1, 2, 0, 3, 0, 1, 3, 1, 0, 3, 0, 2, 0, 0, 0, 0, 1, 0, 1, 0, 0, 3, 1, 0, 0, 0, 0, 1, 0, 1]
event=1167:G4_BALANCED:leader:action=2,fingerprint=[66, 68, 55, 92, 86, 48, 24, 89, 70, 13, 60, 50, 93, 15, 25, 52, 1, 59, 76, 67, 65, 17, 77, 75, 28, 26, 35, 36, 94, 95, 41, 6, 7, 0, 79, 33, 46, 58, 32, 88, 54, 71, 53, 29, 56, 8, 49, 39, 34, 14, 37, 72, 38, 23, 40, 98, 69, 27, 47, 80, 73, 63, 83, 44, 57, 11, 5, 82, 61, 16, 45, 51, 42, 3, 90, 81, 91, 21, 87, 19, 18, 9, 62, 22, 99, 64, 10, 2, 31, 43, 30, 85, 84, 20, 74, 78, 12, 96, 97, 4]|[1, 1, 0, 1, 1, 2, 2, 0, 2, 1, 1, 0, 1, 0, 0, 0, 0, 2, 0, 2, 1, 0, 2, 0, 2, 2, 0, 2, 0, 1, 2, 2, 2, 1, 1, 0, 1, 0, 0, 1, 1, 0, 1, 2, 1, 0, 1, 0, 1, 2, 1, 0, 0, 1, 1, 2, 0, 1, 0, 2, 1, 2, 1, 0, 0, 1, 1, 1, 2, 2, 0, 1, 0, 1, 2, 1, 1, 1, 2, 1, 2, 1, 0, 1, 2, 2, 0, 2, 1, 2, 2, 1, 1, 0, 0, 2, 0, 1, 2, 0]|[1, 0, 2, 4, 3, 2, 0, 1, 1, 0, 1, 2, 4, 1, 2, 0, 0, 1, 1, 2, 4, 2, 2, 1, 1, 1, 0, 2, 0, 3, 1, 1, 2, 0, 0, 2, 4, 0, 1, 4, 4, 0, 3, 2, 3, 2, 4, 0, 0, 1, 4, 2, 1, 3, 0, 2, 0, 3, 0, 1, 0, 1, 2, 1, 0, 3, 0, 4, 1, 1, 2, 4, 0, 2, 1, 4, 3, 3, 1, 0, 1, 4, 0, 4, 1, 1, 2, 1, 4, 1, 1, 3, 4, 2, 2, 1, 2, 4, 1, 1]|[0, 2, 0, 0, 1, 0, 0, 0, 0, 2, 3, 0, 1, 1, 0, 0, 0, 0, 1, 0, 1, 0, 0, 1, 1, 1, 0, 0, 0, 3, 0, 0, 1, 0, 0, 1, 2, 1, 0, 0, 3, 0, 1, 0, 1, 1, 0, 0, 3, 1, 2, 0, 0, 1, 0, 0, 0, 1, 0, 0, 0, 0, 3, 1, 0, 0, 0, 1, 0, 0, 1, 2, 0, 3, 0, 1, 3, 1, 0, 3, 0, 2, 0, 0, 0, 0, 1, 0, 1, 0, 0, 3, 1, 0, 0, 0, 0, 1, 0, 1]
event=1168:G2_TEC:action:mode=exploit,state=0,draw=0.6644106302726266,action=0
event=1169:G2_TEC:leader:action=0,fingerprint=[66, 68, 32, 92, 86, 48, 3, 69, 70, 13, 60, 50, 93, 15, 52, 23, 1, 59, 76, 67, 58, 17, 77, 75, 28, 41, 95, 44, 36, 35, 26, 7, 0, 79, 88, 94, 46, 54, 71, 53, 29, 56, 65, 39, 34, 8, 49, 33, 55, 14, 37, 72, 38, 78, 40, 98, 89, 27, 47, 80, 30, 11, 5, 96, 2, 16, 83, 6, 51, 42, 24, 90, 81, 22, 64, 21, 87, 19, 18, 84, 62, 63, 91, 45, 99, 61, 10, 57, 31, 43, 97, 12, 85, 20, 9, 25, 74, 4, 73, 82]|[1, 1, 0, 1, 2, 2, 1, 2, 0, 2, 1, 0, 1, 0, 0, 0, 1, 2, 0, 2, 0, 0, 2, 0, 2, 2, 0, 1, 2, 0, 2, 2, 1, 1, 1, 0, 0, 1, 0, 1, 2, 1, 0, 0, 1, 0, 1, 1, 0, 2, 1, 0, 0, 0, 1, 1, 2, 1, 0, 1, 2, 1, 1, 1, 2, 2, 1, 2, 0, 0, 1, 1, 0, 1, 2, 2, 2, 2, 2, 1, 0, 2, 2, 0, 2, 2, 0, 2, 1, 1, 0, 0, 2, 0, 1, 2, 0, 1, 1, 2]|[4, 4, 1, 4, 1, 2, 4, 2, 1, 2, 4, 0, 4, 1, 0, 1, 4, 1, 1, 1, 0, 2, 2, 1, 2, 1, 0, 3, 1, 0, 1, 1, 4, 0, 0, 0, 2, 4, 1, 3, 2, 3, 0, 0, 3, 2, 4, 1, 2, 1, 4, 2, 1, 1, 3, 3, 2, 3, 0, 4, 1, 3, 3, 4, 1, 1, 3, 1, 2, 0, 4, 4, 2, 4, 1, 1, 1, 1, 1, 4, 0, 1, 1, 2, 1, 1, 2, 1, 3, 3, 2, 2, 1, 0, 4, 1, 2, 4, 3, 1]|[0, 1, 0, 0, 1, 0, 1, 0, 0, 0, 3, 0, 1, 1, 0, 0, 0, 0, 0, 0, 1, 0, 0, 1, 1, 0, 0, 3, 0, 0, 0, 0, 0, 0, 0, 0, 0, 3, 0, 1, 0, 1, 1, 0, 1, 1, 2, 1, 0, 1, 2, 0, 0, 0, 1, 1, 0, 1, 0, 1, 0, 0, 0, 1, 0, 0, 1, 0, 0, 0, 1, 2, 0, 2, 0, 0, 0, 0, 0, 1, 0, 0, 0, 0, 0, 0, 1, 0, 3, 3, 0, 0, 0, 0, 2, 0, 0, 2, 0, 0]
event=1170:G3_TWC:action:mode=explore,state=1,draw=0.9225609853444385,action=2
event=1171:G3_TWC:tournament:reason=action2,left=71,right=58,selected=[66, 68, 55, 92, 86, 48, 24, 89, 70, 13, 60, 50, 93, 15, 25, 52, 1, 59, 76, 67, 65, 73, 77, 75, 28, 26, 35, 36, 94, 95, 41, 6, 7, 0, 79, 33, 46, 58, 32, 88, 54, 71, 53, 29, 56, 8, 49, 39, 34, 14, 37, 72, 38, 23, 40, 98, 69, 27, 47, 80, 17, 63, 83, 44, 57, 11, 5, 82, 61, 16, 45, 51, 42, 3, 90, 81, 91, 21, 87, 19, 18, 9, 62, 22, 99, 64, 10, 2, 31, 43, 30, 85, 84, 20, 74, 12, 78, 4, 96, 97]|[1, 1, 0, 1, 1, 2, 2, 0, 2, 1, 1, 0, 1, 0, 0, 0, 0, 2, 0, 2, 1, 0, 2, 1, 2, 2, 0, 2, 0, 1, 2, 2, 2, 1, 1, 0, 1, 0, 0, 0, 1, 0, 1, 2, 1, 0, 1, 0, 1, 2, 1, 0, 0, 1, 1, 2, 0, 1, 0, 2, 0, 2, 1, 0, 0, 1, 1, 1, 2, 2, 0, 1, 0, 1, 2, 1, 1, 1, 2, 1, 2, 1, 0, 1, 0, 2, 0, 2, 1, 1, 2, 1, 1, 0, 0, 0, 2, 0, 1, 0]|[1, 0, 2, 4, 3, 2, 0, 1, 1, 0, 1, 2, 4, 1, 2, 0, 0, 1, 1, 2, 4, 2, 2, 0, 1, 1, 0, 2, 0, 3, 1, 1, 2, 0, 0, 2, 4, 0, 1, 2, 4, 0, 3, 2, 3, 2, 4, 0, 0, 1, 4, 2, 1, 3, 0, 2, 0, 3, 0, 1, 2, 1, 2, 2, 0, 3, 0, 4, 1, 1, 2, 4, 0, 2, 1, 4, 3, 3, 1, 0, 1, 4, 0, 4, 0, 1, 2, 1, 4, 3, 1, 3, 4, 2, 2, 2, 1, 1, 4, 2]|[0, 2, 0, 0, 1, 0, 0, 0, 0, 2, 3, 0, 1, 1, 0, 0, 0, 0, 1, 0, 1, 1, 0, 2, 1, 1, 0, 0, 0, 3, 0, 0, 1, 0, 0, 1, 2, 1, 0, 1, 3, 0, 1, 0, 1, 1, 0, 0, 3, 1, 2, 0, 0, 1, 0, 0, 0, 1, 0, 0, 1, 0, 3, 1, 0, 0, 0, 1, 0, 0, 1, 2, 0, 3, 0, 1, 3, 1, 0, 3, 0, 2, 0, 0, 0, 0, 1, 0, 1, 3, 0, 3, 1, 0, 0, 0, 0, 1, 1, 1]
event=1172:G3_TWC:leader:action=2,fingerprint=[66, 68, 55, 92, 86, 48, 24, 89, 70, 13, 60, 50, 93, 15, 25, 52, 1, 59, 76, 67, 65, 73, 77, 75, 28, 26, 35, 36, 94, 95, 41, 6, 7, 0, 79, 33, 46, 58, 32, 88, 54, 71, 53, 29, 56, 8, 49, 39, 34, 14, 37, 72, 38, 23, 40, 98, 69, 27, 47, 80, 17, 63, 83, 44, 57, 11, 5, 82, 61, 16, 45, 51, 42, 3, 90, 81, 91, 21, 87, 19, 18, 9, 62, 22, 99, 64, 10, 2, 31, 43, 30, 85, 84, 20, 74, 12, 78, 4, 96, 97]|[1, 1, 0, 1, 1, 2, 2, 0, 2, 1, 1, 0, 1, 0, 0, 0, 0, 2, 0, 2, 1, 0, 2, 1, 2, 2, 0, 2, 0, 1, 2, 2, 2, 1, 1, 0, 1, 0, 0, 0, 1, 0, 1, 2, 1, 0, 1, 0, 1, 2, 1, 0, 0, 1, 1, 2, 0, 1, 0, 2, 0, 2, 1, 0, 0, 1, 1, 1, 2, 2, 0, 1, 0, 1, 2, 1, 1, 1, 2, 1, 2, 1, 0, 1, 0, 2, 0, 2, 1, 1, 2, 1, 1, 0, 0, 0, 2, 0, 1, 0]|[1, 0, 2, 4, 3, 2, 0, 1, 1, 0, 1, 2, 4, 1, 2, 0, 0, 1, 1, 2, 4, 2, 2, 0, 1, 1, 0, 2, 0, 3, 1, 1, 2, 0, 0, 2, 4, 0, 1, 2, 4, 0, 3, 2, 3, 2, 4, 0, 0, 1, 4, 2, 1, 3, 0, 2, 0, 3, 0, 1, 2, 1, 2, 2, 0, 3, 0, 4, 1, 1, 2, 4, 0, 2, 1, 4, 3, 3, 1, 0, 1, 4, 0, 4, 0, 1, 2, 1, 4, 3, 1, 3, 4, 2, 2, 2, 1, 1, 4, 2]|[0, 2, 0, 0, 1, 0, 0, 0, 0, 2, 3, 0, 1, 1, 0, 0, 0, 0, 1, 0, 1, 1, 0, 2, 1, 1, 0, 0, 0, 3, 0, 0, 1, 0, 0, 1, 2, 1, 0, 1, 3, 0, 1, 0, 1, 1, 0, 0, 3, 1, 2, 0, 0, 1, 0, 0, 0, 1, 0, 0, 1, 0, 3, 1, 0, 0, 0, 1, 0, 0, 1, 2, 0, 3, 0, 1, 3, 1, 0, 3, 0, 2, 0, 0, 0, 0, 1, 0, 1, 3, 0, 3, 1, 0, 0, 0, 0, 1, 1, 1]
event=1173:G1_CMAX:update:state=1,action=2,reward=-73.22376535878868,nextState=1,old=-170.04306674973503,new=-209.2582187585767
event=1174:G2_TEC:update:state=0,action=0,reward=53.40912163014582,nextState=0,old=-732.339910661457,new=-532.4628068990198
event=1175:G3_TWC:update:state=1,action=2,reward=-499.77781013374624,nextState=1,old=-21017.46089052689,new=-7252.0168629385225
event=1176:G4_BALANCED:update:state=1,action=2,reward=-0.06448467546557285,nextState=1,old=-0.6012682059510934,new=-0.5454992402264476
event=1177:G1_CMAX:action:mode=exploit,state=1,draw=0.10402796106117174,action=2
event=1178:G1_CMAX:tournament:reason=action2,left=21,right=31,selected=[66, 68, 55, 92, 86, 48, 24, 89, 70, 13, 60, 50, 93, 15, 25, 52, 1, 59, 76, 67, 65, 17, 77, 75, 28, 26, 35, 36, 94, 95, 41, 6, 7, 0, 79, 33, 46, 58, 32, 88, 54, 71, 53, 29, 56, 8, 49, 39, 34, 14, 37, 72, 38, 23, 40, 98, 69, 27, 47, 80, 73, 63, 83, 44, 57, 11, 5, 82, 62, 16, 45, 51, 42, 3, 90, 81, 91, 21, 87, 19, 18, 9, 61, 22, 99, 64, 97, 2, 31, 43, 30, 85, 84, 20, 12, 74, 78, 4, 96, 10]|[1, 1, 0, 1, 1, 2, 2, 0, 2, 1, 1, 0, 1, 0, 0, 0, 0, 2, 0, 2, 1, 0, 2, 0, 2, 2, 0, 2, 0, 1, 2, 2, 2, 1, 1, 0, 1, 0, 0, 1, 1, 0, 1, 2, 1, 0, 1, 0, 1, 2, 1, 0, 0, 1, 1, 2, 0, 1, 0, 2, 0, 2, 1, 0, 0, 1, 1, 1, 0, 2, 0, 1, 0, 1, 2, 1, 1, 1, 2, 1, 2, 1, 2, 1, 0, 2, 0, 2, 1, 2, 0, 1, 0, 0, 1, 0, 2, 0, 1, 0]|[1, 0, 2, 4, 3, 1, 0, 1, 1, 0, 1, 2, 4, 1, 2, 0, 0, 1, 1, 2, 4, 2, 2, 1, 1, 1, 0, 2, 0, 3, 1, 1, 2, 0, 0, 2, 4, 0, 1, 4, 4, 0, 3, 2, 3, 2, 4, 0, 0, 1, 4, 2, 1, 3, 0, 2, 0, 3, 0, 1, 2, 1, 2, 1, 0, 3, 0, 4, 0, 1, 2, 4, 0, 2, 1, 4, 3, 3, 1, 0, 1, 4, 1, 4, 0, 1, 2, 1, 4, 1, 2, 3, 2, 2, 2, 2, 1, 1, 4, 2]|[0, 2, 0, 0, 1, 0, 0, 0, 0, 2, 3, 0, 1, 1, 0, 0, 0, 0, 1, 0, 1, 0, 0, 1, 1, 1, 0, 0, 0, 3, 0, 0, 1, 0, 0, 1, 2, 1, 0, 0, 3, 0, 1, 0, 1, 1, 0, 0, 3, 1, 2, 0, 0, 1, 0, 0, 0, 1, 0, 0, 1, 0, 3, 1, 0, 0, 0, 1, 0, 0, 1, 2, 0, 3, 0, 1, 3, 1, 0, 3, 0, 2, 0, 1, 0, 0, 1, 0, 1, 0, 1, 3, 0, 0, 2, 0, 0, 1, 1, 1]
event=1179:G1_CMAX:leader:action=2,fingerprint=[66, 68, 55, 92, 86, 48, 24, 89, 70, 13, 60, 50, 93, 15, 25, 52, 1, 59, 76, 67, 65, 17, 77, 75, 28, 26, 35, 36, 94, 95, 41, 6, 7, 0, 79, 33, 46, 58, 32, 88, 54, 71, 53, 29, 56, 8, 49, 39, 34, 14, 37, 72, 38, 23, 40, 98, 69, 27, 47, 80, 73, 63, 83, 44, 57, 11, 5, 82, 62, 16, 45, 51, 42, 3, 90, 81, 91, 21, 87, 19, 18, 9, 61, 22, 99, 64, 97, 2, 31, 43, 30, 85, 84, 20, 12, 74, 78, 4, 96, 10]|[1, 1, 0, 1, 1, 2, 2, 0, 2, 1, 1, 0, 1, 0, 0, 0, 0, 2, 0, 2, 1, 0, 2, 0, 2, 2, 0, 2, 0, 1, 2, 2, 2, 1, 1, 0, 1, 0, 0, 1, 1, 0, 1, 2, 1, 0, 1, 0, 1, 2, 1, 0, 0, 1, 1, 2, 0, 1, 0, 2, 0, 2, 1, 0, 0, 1, 1, 1, 0, 2, 0, 1, 0, 1, 2, 1, 1, 1, 2, 1, 2, 1, 2, 1, 0, 2, 0, 2, 1, 2, 0, 1, 0, 0, 1, 0, 2, 0, 1, 0]|[1, 0, 2, 4, 3, 1, 0, 1, 1, 0, 1, 2, 4, 1, 2, 0, 0, 1, 1, 2, 4, 2, 2, 1, 1, 1, 0, 2, 0, 3, 1, 1, 2, 0, 0, 2, 4, 0, 1, 4, 4, 0, 3, 2, 3, 2, 4, 0, 0, 1, 4, 2, 1, 3, 0, 2, 0, 3, 0, 1, 2, 1, 2, 1, 0, 3, 0, 4, 0, 1, 2, 4, 0, 2, 1, 4, 3, 3, 1, 0, 1, 4, 1, 4, 0, 1, 2, 1, 4, 1, 2, 3, 2, 2, 2, 2, 1, 1, 4, 2]|[0, 2, 0, 0, 1, 0, 0, 0, 0, 2, 3, 0, 1, 1, 0, 0, 0, 0, 1, 0, 1, 0, 0, 1, 1, 1, 0, 0, 0, 3, 0, 0, 1, 0, 0, 1, 2, 1, 0, 0, 3, 0, 1, 0, 1, 1, 0, 0, 3, 1, 2, 0, 0, 1, 0, 0, 0, 1, 0, 0, 1, 0, 3, 1, 0, 0, 0, 1, 0, 0, 1, 2, 0, 3, 0, 1, 3, 1, 0, 3, 0, 2, 0, 1, 0, 0, 1, 0, 1, 0, 1, 3, 0, 0, 2, 0, 0, 1, 1, 1]
event=1180:G4_BALANCED:action:mode=exploit,state=1,draw=0.44050927623160696,action=2
event=1181:G4_BALANCED:tournament:reason=action2,left=63,right=62,selected=[66, 68, 32, 92, 86, 48, 3, 69, 70, 13, 60, 50, 93, 15, 52, 23, 1, 59, 76, 67, 58, 17, 77, 75, 28, 41, 95, 44, 36, 35, 26, 7, 0, 6, 79, 33, 46, 65, 55, 88, 54, 56, 29, 39, 34, 8, 49, 94, 71, 14, 37, 72, 38, 78, 40, 98, 89, 27, 47, 80, 30, 11, 5, 96, 61, 16, 83, 53, 51, 42, 24, 90, 81, 22, 64, 21, 87, 19, 18, 84, 62, 63, 91, 45, 99, 2, 10, 73, 31, 43, 82, 85, 57, 12, 20, 25, 9, 74, 97, 4]|[1, 2, 0, 1, 2, 2, 1, 2, 0, 2, 1, 0, 1, 0, 2, 0, 1, 2, 0, 2, 0, 0, 2, 0, 2, 2, 0, 1, 1, 0, 2, 1, 1, 2, 1, 0, 0, 0, 0, 1, 1, 1, 2, 0, 1, 0, 1, 0, 0, 2, 1, 0, 0, 0, 1, 1, 2, 1, 0, 1, 2, 1, 2, 1, 2, 2, 1, 0, 0, 0, 1, 2, 0, 1, 2, 2, 2, 2, 2, 1, 0, 0, 2, 1, 0, 2, 0, 1, 1, 2, 2, 2, 2, 0, 0, 2, 1, 0, 0, 1]|[4, 2, 1, 4, 1, 2, 4, 2, 0, 2, 4, 2, 4, 1, 1, 1, 4, 1, 1, 1, 0, 2, 2, 1, 2, 1, 0, 3, 3, 0, 1, 4, 4, 1, 0, 0, 2, 0, 2, 3, 4, 3, 2, 2, 3, 2, 4, 0, 0, 1, 4, 2, 1, 1, 3, 3, 2, 3, 2, 3, 1, 3, 1, 4, 1, 1, 3, 2, 2, 0, 4, 1, 2, 4, 1, 1, 1, 1, 1, 4, 0, 0, 1, 4, 0, 1, 2, 3, 3, 1, 1, 1, 1, 2, 2, 1, 4, 2, 2, 4]|[0, 0, 0, 0, 1, 0, 1, 0, 0, 0, 1, 0, 1, 1, 0, 0, 0, 0, 0, 0, 0, 0, 0, 1, 1, 0, 0, 3, 3, 0, 0, 2, 0, 0, 0, 0, 0, 1, 0, 1, 3, 1, 0, 0, 1, 1, 0, 0, 0, 1, 2, 0, 0, 0, 1, 1, 0, 1, 1, 1, 0, 0, 0, 1, 0, 0, 1, 1, 0, 0, 1, 0, 0, 2, 0, 0, 0, 0, 0, 1, 0, 0, 0, 1, 0, 0, 1, 0, 3, 0, 0, 0, 0, 0, 0, 0, 1, 0, 0, 2]
event=1182:G4_BALANCED:leader:action=2,fingerprint=[66, 68, 32, 92, 86, 48, 3, 69, 70, 13, 60, 50, 93, 15, 52, 23, 1, 59, 76, 67, 58, 17, 77, 75, 28, 41, 95, 44, 36, 35, 26, 7, 0, 6, 79, 33, 46, 65, 55, 88, 54, 56, 29, 39, 34, 8, 49, 94, 71, 14, 37, 72, 38, 78, 40, 98, 89, 27, 47, 80, 30, 11, 5, 96, 61, 16, 83, 53, 51, 42, 24, 90, 81, 22, 64, 21, 87, 19, 18, 84, 62, 63, 91, 45, 99, 2, 10, 73, 31, 43, 82, 85, 57, 12, 20, 25, 9, 74, 97, 4]|[1, 2, 0, 1, 2, 2, 1, 2, 0, 2, 1, 0, 1, 0, 2, 0, 1, 2, 0, 2, 0, 0, 2, 0, 2, 2, 0, 1, 1, 0, 2, 1, 1, 2, 1, 0, 0, 0, 0, 1, 1, 1, 2, 0, 1, 0, 1, 0, 0, 2, 1, 0, 0, 0, 1, 1, 2, 1, 0, 1, 2, 1, 2, 1, 2, 2, 1, 0, 0, 0, 1, 2, 0, 1, 2, 2, 2, 2, 2, 1, 0, 0, 2, 1, 0, 2, 0, 1, 1, 2, 2, 2, 2, 0, 0, 2, 1, 0, 0, 1]|[4, 2, 1, 4, 1, 2, 4, 2, 0, 2, 4, 2, 4, 1, 1, 1, 4, 1, 1, 1, 0, 2, 2, 1, 2, 1, 0, 3, 3, 0, 1, 4, 4, 1, 0, 0, 2, 0, 2, 3, 4, 3, 2, 2, 3, 2, 4, 0, 0, 1, 4, 2, 1, 1, 3, 3, 2, 3, 2, 3, 1, 3, 1, 4, 1, 1, 3, 2, 2, 0, 4, 1, 2, 4, 1, 1, 1, 1, 1, 4, 0, 0, 1, 4, 0, 1, 2, 3, 3, 1, 1, 1, 1, 2, 2, 1, 4, 2, 2, 4]|[0, 0, 0, 0, 1, 0, 1, 0, 0, 0, 1, 0, 1, 1, 0, 0, 0, 0, 0, 0, 0, 0, 0, 1, 1, 0, 0, 3, 3, 0, 0, 2, 0, 0, 0, 0, 0, 1, 0, 1, 3, 1, 0, 0, 1, 1, 0, 0, 0, 1, 2, 0, 0, 0, 1, 1, 0, 1, 1, 1, 0, 0, 0, 1, 0, 0, 1, 1, 0, 0, 1, 0, 0, 2, 0, 0, 0, 0, 0, 1, 0, 0, 0, 1, 0, 0, 1, 0, 3, 0, 0, 0, 0, 0, 0, 0, 1, 0, 0, 2]
event=1183:G2_TEC:action:mode=exploit,state=0,draw=0.6649059204911287,action=0
event=1184:G2_TEC:leader:action=0,fingerprint=[66, 68, 32, 92, 86, 48, 3, 69, 70, 13, 60, 50, 93, 15, 52, 23, 1, 59, 76, 67, 58, 17, 77, 75, 28, 41, 95, 44, 36, 35, 26, 7, 0, 79, 88, 94, 46, 54, 71, 53, 29, 56, 65, 39, 34, 8, 49, 33, 55, 14, 37, 72, 38, 78, 40, 98, 89, 27, 47, 80, 30, 11, 5, 96, 2, 16, 83, 6, 51, 42, 24, 90, 81, 22, 64, 21, 87, 19, 18, 84, 62, 63, 91, 45, 99, 61, 10, 57, 31, 43, 97, 12, 85, 20, 9, 25, 74, 4, 73, 82]|[1, 1, 0, 1, 2, 2, 1, 2, 0, 2, 1, 0, 1, 0, 0, 0, 1, 2, 0, 2, 0, 0, 2, 0, 2, 2, 0, 1, 2, 0, 2, 2, 1, 1, 1, 0, 0, 1, 0, 1, 2, 1, 0, 0, 1, 0, 1, 1, 0, 2, 1, 0, 0, 0, 1, 1, 2, 1, 0, 1, 2, 1, 1, 1, 2, 2, 1, 2, 0, 0, 1, 1, 0, 1, 2, 2, 2, 2, 2, 1, 0, 2, 2, 0, 2, 2, 0, 2, 1, 1, 0, 0, 2, 0, 1, 2, 0, 1, 1, 2]|[4, 4, 1, 4, 1, 2, 4, 2, 1, 2, 4, 0, 4, 1, 0, 1, 4, 1, 1, 1, 0, 2, 2, 1, 2, 1, 0, 3, 1, 0, 1, 1, 4, 0, 0, 0, 2, 4, 1, 3, 2, 3, 0, 0, 3, 2, 4, 1, 2, 1, 4, 2, 1, 1, 3, 3, 2, 3, 0, 4, 1, 3, 3, 4, 1, 1, 3, 1, 2, 0, 4, 4, 2, 4, 1, 1, 1, 1, 1, 4, 0, 1, 1, 2, 1, 1, 2, 1, 3, 3, 2, 2, 1, 0, 4, 1, 2, 4, 3, 1]|[0, 1, 0, 0, 1, 0, 1, 0, 0, 0, 3, 0, 1, 1, 0, 0, 0, 0, 0, 0, 1, 0, 0, 1, 1, 0, 0, 3, 0, 0, 0, 0, 0, 0, 0, 0, 0, 3, 0, 1, 0, 1, 1, 0, 1, 1, 2, 1, 0, 1, 2, 0, 0, 0, 1, 1, 0, 1, 0, 1, 0, 0, 0, 1, 0, 0, 1, 0, 0, 0, 1, 2, 0, 2, 0, 0, 0, 0, 0, 1, 0, 0, 0, 0, 0, 0, 1, 0, 3, 3, 0, 0, 0, 0, 2, 0, 0, 2, 0, 0]
event=1185:G3_TWC:action:mode=explore,state=1,draw=0.9085014386314347,action=1
event=1186:G3_TWC:leader:action=1,fingerprint=[66, 68, 55, 92, 86, 48, 24, 89, 70, 13, 60, 50, 93, 15, 25, 52, 1, 59, 76, 67, 65, 73, 77, 75, 28, 26, 35, 36, 94, 95, 41, 6, 7, 0, 79, 33, 46, 58, 32, 88, 54, 71, 53, 29, 56, 8, 49, 39, 34, 14, 37, 72, 38, 23, 40, 98, 69, 27, 47, 80, 17, 63, 83, 44, 57, 11, 5, 82, 61, 16, 45, 51, 42, 3, 90, 81, 91, 21, 87, 19, 18, 9, 62, 22, 99, 64, 10, 2, 31, 43, 30, 85, 84, 20, 74, 12, 78, 4, 96, 97]|[1, 1, 0, 1, 1, 2, 2, 0, 2, 1, 1, 0, 1, 0, 0, 0, 0, 2, 0, 2, 1, 0, 2, 1, 2, 2, 0, 2, 0, 1, 2, 2, 2, 1, 1, 0, 1, 0, 0, 0, 1, 0, 1, 2, 1, 0, 1, 0, 1, 2, 1, 0, 0, 1, 1, 2, 0, 1, 0, 2, 0, 2, 1, 0, 0, 1, 1, 1, 2, 2, 0, 1, 0, 1, 2, 1, 1, 1, 2, 1, 2, 1, 0, 1, 0, 2, 0, 2, 1, 1, 2, 1, 1, 0, 0, 0, 2, 0, 1, 0]|[1, 0, 2, 4, 3, 2, 0, 1, 1, 0, 1, 2, 4, 1, 2, 0, 0, 1, 1, 2, 4, 2, 2, 0, 1, 1, 0, 2, 0, 3, 1, 1, 2, 0, 0, 2, 4, 0, 1, 2, 4, 0, 3, 2, 3, 2, 4, 0, 0, 1, 4, 2, 1, 3, 0, 2, 0, 3, 0, 1, 2, 1, 2, 2, 0, 3, 0, 4, 1, 1, 2, 4, 0, 2, 1, 4, 3, 3, 1, 0, 1, 4, 0, 4, 0, 1, 2, 1, 4, 3, 1, 3, 4, 2, 2, 2, 1, 1, 4, 2]|[0, 2, 0, 0, 1, 0, 0, 0, 0, 2, 3, 0, 1, 1, 0, 0, 0, 0, 1, 0, 1, 1, 0, 2, 1, 1, 0, 0, 0, 3, 0, 0, 1, 0, 0, 1, 2, 1, 0, 1, 3, 0, 1, 0, 1, 1, 0, 0, 3, 1, 2, 0, 0, 1, 0, 0, 0, 1, 0, 0, 1, 0, 3, 1, 0, 0, 0, 1, 0, 0, 1, 2, 0, 3, 0, 1, 3, 1, 0, 3, 0, 2, 0, 0, 0, 0, 1, 0, 1, 3, 0, 3, 1, 0, 0, 0, 0, 1, 1, 1]
event=1187:G1_CMAX:update:state=1,action=2,reward=-23.015571588624653,nextState=1,old=-209.2582187585767,new=-190.42214659548603
event=1188:G2_TEC:update:state=0,action=0,reward=-37.549083189420344,nextState=1,old=-532.4628068990198,new=-500.0999393536049
event=1189:G3_TWC:update:state=1,action=1,reward=-1483.1521357905876,nextState=1,old=-8440.29881600597,new=-7284.765626141406
event=1190:G4_BALANCED:update:state=1,action=2,reward=-0.22641045791039616,nextState=1,old=-0.5454992402264476,new=-0.6628098500915542
event=1191:G1_CMAX:action:mode=explore,state=1,draw=0.8948955132370041,action=2
event=1192:G1_CMAX:tournament:reason=action2,left=17,right=44,selected=[66, 68, 55, 92, 86, 48, 24, 89, 70, 13, 60, 50, 93, 15, 25, 52, 1, 59, 65, 67, 63, 17, 77, 75, 28, 26, 35, 36, 94, 95, 41, 6, 7, 0, 79, 33, 46, 58, 32, 19, 54, 71, 53, 29, 56, 8, 49, 39, 16, 14, 37, 72, 38, 23, 40, 98, 69, 27, 47, 80, 99, 76, 83, 44, 57, 11, 5, 82, 61, 34, 45, 51, 42, 3, 21, 87, 2, 73, 96, 18, 22, 62, 9, 90, 30, 91, 10, 81, 31, 43, 64, 85, 84, 12, 20, 78, 88, 74, 97, 4]|[1, 2, 0, 1, 1, 2, 2, 2, 0, 1, 1, 0, 1, 0, 0, 0, 1, 2, 1, 2, 1, 0, 2, 0, 2, 0, 2, 1, 0, 1, 2, 1, 2, 1, 1, 0, 1, 0, 0, 1, 1, 0, 1, 2, 1, 0, 1, 0, 2, 2, 1, 0, 1, 0, 1, 2, 0, 1, 0, 1, 0, 1, 1, 0, 0, 1, 1, 1, 2, 2, 0, 2, 0, 2, 1, 2, 2, 2, 1, 2, 2, 0, 1, 1, 2, 1, 0, 1, 1, 1, 2, 1, 1, 0, 0, 2, 0, 0, 0, 1]|[1, 2, 2, 4, 3, 2, 1, 1, 0, 0, 4, 2, 4, 1, 2, 0, 4, 1, 4, 2, 4, 2, 2, 1, 1, 2, 2, 3, 0, 3, 1, 4, 2, 0, 4, 2, 4, 0, 1, 0, 4, 0, 3, 2, 3, 2, 3, 0, 1, 1, 4, 2, 4, 1, 0, 2, 2, 3, 2, 4, 0, 3, 2, 1, 0, 3, 3, 4, 1, 1, 2, 1, 2, 1, 3, 1, 1, 1, 4, 1, 1, 0, 4, 4, 1, 4, 2, 4, 3, 3, 1, 3, 4, 2, 2, 1, 2, 2, 2, 4]|[0, 0, 0, 1, 1, 0, 0, 0, 0, 2, 0, 0, 1, 1, 0, 0, 0, 0, 1, 0, 1, 0, 0, 1, 1, 0, 0, 3, 0, 3, 0, 2, 1, 0, 0, 1, 2, 1, 0, 3, 3, 0, 1, 0, 1, 1, 0, 0, 0, 1, 2, 0, 3, 0, 0, 0, 1, 1, 1, 2, 0, 1, 3, 1, 0, 0, 0, 1, 0, 0, 1, 0, 1, 0, 1, 0, 0, 0, 2, 0, 0, 0, 2, 2, 0, 0, 1, 2, 3, 3, 0, 3, 1, 0, 0, 0, 1, 0, 0, 2]
event=1193:G1_CMAX:leader:action=2,fingerprint=[66, 68, 55, 92, 86, 48, 24, 89, 70, 13, 60, 50, 93, 15, 25, 52, 1, 59, 65, 67, 63, 17, 77, 75, 28, 26, 35, 36, 94, 95, 41, 6, 7, 0, 79, 33, 46, 58, 32, 19, 54, 71, 53, 29, 56, 8, 49, 39, 16, 14, 37, 72, 38, 23, 40, 98, 69, 27, 47, 80, 99, 76, 83, 44, 57, 11, 5, 82, 61, 34, 45, 51, 42, 3, 21, 87, 2, 73, 96, 18, 22, 62, 9, 90, 30, 91, 10, 81, 31, 43, 64, 85, 84, 12, 20, 78, 88, 74, 97, 4]|[1, 2, 0, 1, 1, 2, 2, 2, 0, 1, 1, 0, 1, 0, 0, 0, 1, 2, 1, 2, 1, 0, 2, 0, 2, 0, 2, 1, 0, 1, 2, 1, 2, 1, 1, 0, 1, 0, 0, 1, 1, 0, 1, 2, 1, 0, 1, 0, 2, 2, 1, 0, 1, 0, 1, 2, 0, 1, 0, 1, 0, 1, 1, 0, 0, 1, 1, 1, 2, 2, 0, 2, 0, 2, 1, 2, 2, 2, 1, 2, 2, 0, 1, 1, 2, 1, 0, 1, 1, 1, 2, 1, 1, 0, 0, 2, 0, 0, 0, 1]|[1, 2, 2, 4, 3, 2, 1, 1, 0, 0, 4, 2, 4, 1, 2, 0, 4, 1, 4, 2, 4, 2, 2, 1, 1, 2, 2, 3, 0, 3, 1, 4, 2, 0, 4, 2, 4, 0, 1, 0, 4, 0, 3, 2, 3, 2, 3, 0, 1, 1, 4, 2, 4, 1, 0, 2, 2, 3, 2, 4, 0, 3, 2, 1, 0, 3, 3, 4, 1, 1, 2, 1, 2, 1, 3, 1, 1, 1, 4, 1, 1, 0, 4, 4, 1, 4, 2, 4, 3, 3, 1, 3, 4, 2, 2, 1, 2, 2, 2, 4]|[0, 0, 0, 1, 1, 0, 0, 0, 0, 2, 0, 0, 1, 1, 0, 0, 0, 0, 1, 0, 1, 0, 0, 1, 1, 0, 0, 3, 0, 3, 0, 2, 1, 0, 0, 1, 2, 1, 0, 3, 3, 0, 1, 0, 1, 1, 0, 0, 0, 1, 2, 0, 3, 0, 0, 0, 1, 1, 1, 2, 0, 1, 3, 1, 0, 0, 0, 1, 0, 0, 1, 0, 1, 0, 1, 0, 0, 0, 2, 0, 0, 0, 2, 2, 0, 0, 1, 2, 3, 3, 0, 3, 1, 0, 0, 0, 1, 0, 0, 2]
event=1194:G4_BALANCED:action:mode=explore,state=1,draw=0.8688443727530514,action=1
event=1195:G4_BALANCED:leader:action=1,fingerprint=[49, 8, 56, 29, 54, 32, 38, 58, 46, 33, 71, 79, 0, 7, 6, 41, 95, 36, 35, 26, 28, 75, 77, 65, 67, 42, 59, 1, 52, 74, 55, 15, 94, 93, 50, 60, 13, 70, 89, 24, 48, 86, 25, 68, 66, 53, 76, 34, 14, 37, 72, 88, 23, 40, 98, 69, 27, 47, 80, 73, 63, 83, 44, 57, 11, 5, 82, 61, 16, 45, 51, 3, 90, 81, 91, 21, 87, 19, 18, 9, 62, 22, 99, 64, 10, 39, 2, 31, 43, 92, 30, 85, 84, 20, 17, 78, 96, 4, 12, 97]|[1, 0, 1, 2, 1, 0, 0, 0, 1, 0, 0, 1, 1, 2, 1, 2, 1, 2, 0, 2, 2, 0, 2, 1, 2, 0, 2, 0, 0, 0, 0, 0, 0, 1, 0, 1, 1, 2, 0, 2, 2, 1, 0, 1, 1, 1, 0, 1, 2, 1, 0, 0, 0, 1, 2, 0, 1, 0, 1, 1, 2, 1, 0, 0, 1, 1, 1, 2, 2, 0, 1, 1, 2, 2, 1, 2, 2, 1, 2, 1, 0, 1, 0, 2, 0, 0, 2, 1, 1, 1, 0, 0, 1, 1, 0, 2, 1, 0, 1, 1]|[3, 2, 3, 2, 1, 1, 1, 0, 4, 2, 1, 0, 0, 2, 4, 1, 3, 2, 0, 1, 1, 1, 2, 4, 2, 1, 1, 0, 0, 2, 2, 1, 0, 4, 2, 1, 0, 1, 1, 0, 2, 3, 2, 1, 0, 3, 0, 0, 1, 4, 2, 2, 1, 0, 2, 0, 3, 2, 4, 0, 1, 2, 1, 0, 3, 0, 4, 1, 1, 2, 4, 2, 1, 2, 3, 1, 1, 0, 1, 4, 0, 4, 0, 1, 2, 0, 1, 3, 3, 1, 0, 2, 4, 2, 2, 1, 4, 1, 2, 4]|[0, 1, 1, 0, 3, 0, 0, 1, 2, 1, 0, 0, 0, 1, 2, 0, 3, 0, 0, 1, 1, 1, 0, 1, 0, 1, 0, 0, 0, 0, 0, 1, 0, 1, 0, 3, 2, 0, 0, 0, 0, 1, 0, 0, 2, 1, 0, 3, 1, 2, 0, 1, 0, 0, 0, 0, 1, 1, 2, 0, 0, 3, 1, 0, 0, 0, 1, 0, 0, 1, 2, 3, 0, 1, 3, 0, 0, 3, 0, 2, 0, 0, 0, 0, 1, 0, 0, 3, 3, 0, 0, 0, 1, 2, 0, 0, 1, 1, 2, 0]
event=1196:G2_TEC:action:mode=explore,state=1,draw=0.9894546551690597,action=0
event=1197:G2_TEC:leader:action=0,fingerprint=[66, 68, 32, 92, 86, 48, 3, 69, 70, 13, 60, 50, 93, 15, 52, 23, 1, 59, 76, 67, 58, 17, 77, 75, 28, 41, 95, 44, 36, 35, 26, 7, 0, 79, 88, 94, 46, 54, 71, 53, 29, 56, 65, 39, 34, 8, 49, 33, 55, 14, 37, 72, 38, 78, 40, 98, 89, 27, 47, 80, 30, 11, 5, 96, 2, 16, 83, 6, 51, 42, 24, 90, 81, 22, 64, 21, 87, 19, 18, 84, 62, 63, 91, 45, 99, 61, 10, 57, 31, 43, 97, 12, 85, 20, 9, 25, 74, 4, 73, 82]|[1, 1, 0, 1, 2, 2, 1, 2, 0, 2, 1, 0, 1, 0, 0, 0, 1, 2, 0, 2, 0, 0, 2, 0, 2, 2, 0, 1, 2, 0, 2, 2, 1, 1, 1, 0, 0, 1, 0, 1, 2, 1, 0, 0, 1, 0, 1, 1, 0, 2, 1, 0, 0, 0, 1, 1, 2, 1, 0, 1, 2, 1, 1, 1, 2, 2, 1, 2, 0, 0, 1, 1, 0, 1, 2, 2, 2, 2, 2, 1, 0, 2, 2, 0, 2, 2, 0, 2, 1, 1, 0, 0, 2, 0, 1, 2, 0, 1, 1, 2]|[4, 4, 1, 4, 1, 2, 4, 2, 1, 2, 4, 0, 4, 1, 0, 1, 4, 1, 1, 1, 0, 2, 2, 1, 2, 1, 0, 3, 1, 0, 1, 1, 4, 0, 0, 0, 2, 4, 1, 3, 2, 3, 0, 0, 3, 2, 4, 1, 2, 1, 4, 2, 1, 1, 3, 3, 2, 3, 0, 4, 1, 3, 3, 4, 1, 1, 3, 1, 2, 0, 4, 4, 2, 4, 1, 1, 1, 1, 1, 4, 0, 1, 1, 2, 1, 1, 2, 1, 3, 3, 2, 2, 1, 0, 4, 1, 2, 4, 3, 1]|[0, 1, 0, 0, 1, 0, 1, 0, 0, 0, 3, 0, 1, 1, 0, 0, 0, 0, 0, 0, 1, 0, 0, 1, 1, 0, 0, 3, 0, 0, 0, 0, 0, 0, 0, 0, 0, 3, 0, 1, 0, 1, 1, 0, 1, 1, 2, 1, 0, 1, 2, 0, 0, 0, 1, 1, 0, 1, 0, 1, 0, 0, 0, 1, 0, 0, 1, 0, 0, 0, 1, 2, 0, 2, 0, 0, 0, 0, 0, 1, 0, 0, 0, 0, 0, 0, 1, 0, 3, 3, 0, 0, 0, 0, 2, 0, 0, 2, 0, 0]
event=1198:G3_TWC:action:mode=exploit,state=1,draw=0.33251335971269647,action=2
event=1199:G3_TWC:tournament:reason=action2,left=8,right=66,selected=[66, 68, 32, 92, 86, 48, 3, 89, 70, 13, 60, 50, 93, 15, 25, 52, 1, 59, 65, 67, 63, 17, 77, 75, 28, 26, 35, 44, 36, 23, 41, 7, 0, 79, 88, 94, 46, 54, 71, 53, 29, 56, 76, 39, 34, 8, 49, 33, 55, 14, 37, 72, 38, 78, 40, 98, 69, 27, 47, 80, 30, 11, 5, 96, 2, 16, 83, 6, 51, 42, 24, 90, 81, 22, 64, 21, 87, 19, 18, 84, 62, 58, 91, 45, 99, 61, 10, 57, 31, 43, 73, 82, 9, 20, 12, 85, 95, 74, 97, 4]|[1, 1, 0, 1, 2, 2, 0, 2, 0, 2, 1, 0, 1, 0, 2, 0, 1, 2, 0, 2, 0, 0, 2, 0, 2, 2, 0, 1, 2, 2, 2, 2, 1, 2, 1, 0, 1, 1, 0, 1, 2, 1, 0, 0, 1, 0, 1, 1, 0, 2, 1, 0, 0, 0, 1, 1, 2, 1, 0, 1, 2, 1, 1, 1, 2, 2, 1, 0, 0, 0, 1, 2, 0, 1, 2, 2, 2, 2, 2, 1, 0, 2, 2, 1, 0, 0, 0, 1, 1, 1, 1, 2, 1, 0, 0, 2, 1, 0, 0, 1]|[4, 4, 1, 4, 1, 2, 1, 2, 1, 2, 4, 2, 4, 1, 1, 1, 4, 1, 1, 2, 0, 2, 2, 1, 1, 1, 0, 3, 1, 2, 1, 1, 4, 2, 0, 0, 4, 4, 1, 3, 2, 3, 1, 0, 3, 2, 4, 1, 2, 1, 4, 2, 1, 1, 0, 4, 2, 3, 0, 4, 1, 3, 3, 4, 1, 1, 3, 1, 2, 0, 4, 1, 2, 4, 1, 1, 1, 1, 1, 4, 0, 1, 1, 4, 0, 1, 2, 3, 3, 3, 3, 1, 4, 2, 2, 1, 3, 2, 2, 4]|[0, 1, 0, 0, 1, 0, 0, 0, 0, 0, 3, 0, 1, 1, 0, 0, 0, 0, 0, 0, 1, 0, 0, 1, 1, 0, 0, 3, 0, 0, 0, 0, 0, 0, 0, 0, 2, 3, 0, 1, 0, 1, 0, 0, 1, 1, 2, 1, 0, 1, 2, 0, 0, 0, 0, 3, 0, 1, 0, 1, 0, 0, 0, 2, 0, 0, 1, 1, 0, 0, 1, 0, 1, 2, 0, 0, 0, 0, 0, 1, 0, 0, 0, 1, 0, 0, 1, 3, 3, 3, 0, 0, 2, 0, 0, 0, 3, 0, 0, 2]
event=1200:G3_TWC:leader:action=2,fingerprint=[66, 68, 32, 92, 86, 48, 3, 89, 70, 13, 60, 50, 93, 15, 25, 52, 1, 59, 65, 67, 63, 17, 77, 75, 28, 26, 35, 44, 36, 23, 41, 7, 0, 79, 88, 94, 46, 54, 71, 53, 29, 56, 76, 39, 34, 8, 49, 33, 55, 14, 37, 72, 38, 78, 40, 98, 69, 27, 47, 80, 30, 11, 5, 96, 2, 16, 83, 6, 51, 42, 24, 90, 81, 22, 64, 21, 87, 19, 18, 84, 62, 58, 91, 45, 99, 61, 10, 57, 31, 43, 73, 82, 9, 20, 12, 85, 95, 74, 97, 4]|[1, 1, 0, 1, 2, 2, 0, 2, 0, 2, 1, 0, 1, 0, 2, 0, 1, 2, 0, 2, 0, 0, 2, 0, 2, 2, 0, 1, 2, 2, 2, 2, 1, 2, 1, 0, 1, 1, 0, 1, 2, 1, 0, 0, 1, 0, 1, 1, 0, 2, 1, 0, 0, 0, 1, 1, 2, 1, 0, 1, 2, 1, 1, 1, 2, 2, 1, 0, 0, 0, 1, 2, 0, 1, 2, 2, 2, 2, 2, 1, 0, 2, 2, 1, 0, 0, 0, 1, 1, 1, 1, 2, 1, 0, 0, 2, 1, 0, 0, 1]|[4, 4, 1, 4, 1, 2, 1, 2, 1, 2, 4, 2, 4, 1, 1, 1, 4, 1, 1, 2, 0, 2, 2, 1, 1, 1, 0, 3, 1, 2, 1, 1, 4, 2, 0, 0, 4, 4, 1, 3, 2, 3, 1, 0, 3, 2, 4, 1, 2, 1, 4, 2, 1, 1, 0, 4, 2, 3, 0, 4, 1, 3, 3, 4, 1, 1, 3, 1, 2, 0, 4, 1, 2, 4, 1, 1, 1, 1, 1, 4, 0, 1, 1, 4, 0, 1, 2, 3, 3, 3, 3, 1, 4, 2, 2, 1, 3, 2, 2, 4]|[0, 1, 0, 0, 1, 0, 0, 0, 0, 0, 3, 0, 1, 1, 0, 0, 0, 0, 0, 0, 1, 0, 0, 1, 1, 0, 0, 3, 0, 0, 0, 0, 0, 0, 0, 0, 2, 3, 0, 1, 0, 1, 0, 0, 1, 1, 2, 1, 0, 1, 2, 0, 0, 0, 0, 3, 0, 1, 0, 1, 0, 0, 0, 2, 0, 0, 1, 1, 0, 0, 1, 0, 1, 2, 0, 0, 0, 0, 0, 1, 0, 0, 0, 1, 0, 0, 1, 3, 3, 3, 0, 0, 2, 0, 0, 0, 3, 0, 0, 2]
event=1201:G1_CMAX:update:state=1,action=2,reward=-108.01332481732766,nextState=1,old=-190.42214659548603,new=-260.3510420937165
event=1202:G2_TEC:update:state=1,action=0,reward=-378.4230953043807,nextState=1,old=-2323.8432435757272,new=-840.9739514685652
event=1203:G3_TWC:update:state=1,action=2,reward=-16050.658455554818,nextState=1,old=-7252.0168629385225,new=-21852.271945905635
event=1204:G4_BALANCED:update:state=1,action=1,reward=-0.26850014438267134,nextState=1,old=-0.7366713702149797,new=-0.7987480244559148
event=1205:G1_CMAX:action:mode=exploit,state=1,draw=0.48500548746404093,action=1
event=1206:G1_CMAX:leader:action=1,fingerprint=[49, 8, 56, 29, 54, 32, 38, 58, 46, 33, 71, 79, 0, 7, 6, 41, 95, 36, 35, 26, 28, 75, 77, 65, 67, 42, 59, 1, 52, 74, 55, 15, 94, 93, 50, 60, 13, 70, 89, 24, 48, 86, 25, 68, 66, 53, 76, 34, 14, 37, 72, 88, 23, 40, 98, 69, 27, 47, 80, 73, 63, 83, 44, 57, 11, 5, 82, 61, 16, 45, 51, 3, 90, 81, 91, 21, 87, 19, 18, 9, 62, 22, 99, 64, 10, 39, 2, 31, 43, 92, 30, 85, 84, 20, 17, 78, 96, 4, 12, 97]|[1, 0, 1, 2, 1, 0, 0, 0, 1, 0, 0, 1, 1, 2, 1, 2, 1, 2, 0, 2, 2, 0, 2, 1, 2, 0, 2, 0, 0, 0, 0, 0, 0, 1, 0, 1, 1, 2, 0, 2, 2, 1, 0, 1, 1, 1, 0, 1, 2, 1, 0, 0, 0, 1, 2, 0, 1, 0, 1, 1, 2, 1, 0, 0, 1, 1, 1, 2, 2, 0, 1, 1, 2, 2, 1, 2, 2, 1, 2, 1, 0, 1, 0, 2, 0, 0, 2, 1, 1, 1, 0, 0, 1, 1, 0, 2, 1, 0, 1, 1]|[3, 2, 3, 2, 1, 1, 1, 0, 4, 2, 1, 0, 0, 2, 4, 1, 3, 2, 0, 1, 1, 1, 2, 4, 2, 1, 1, 0, 0, 2, 2, 1, 0, 4, 2, 1, 0, 1, 1, 0, 2, 3, 2, 1, 0, 3, 0, 0, 1, 4, 2, 2, 1, 0, 2, 0, 3, 2, 4, 0, 1, 2, 1, 0, 3, 0, 4, 1, 1, 2, 4, 2, 1, 2, 3, 1, 1, 0, 1, 4, 0, 4, 0, 1, 2, 0, 1, 3, 3, 1, 0, 2, 4, 2, 2, 1, 4, 1, 2, 4]|[0, 1, 1, 0, 3, 0, 0, 1, 2, 1, 0, 0, 0, 1, 2, 0, 3, 0, 0, 1, 1, 1, 0, 1, 0, 1, 0, 0, 0, 0, 0, 1, 0, 1, 0, 3, 2, 0, 0, 0, 0, 1, 0, 0, 2, 1, 0, 3, 1, 2, 0, 1, 0, 0, 0, 0, 1, 1, 2, 0, 0, 3, 1, 0, 0, 0, 1, 0, 0, 1, 2, 3, 0, 1, 3, 0, 0, 3, 0, 2, 0, 0, 0, 0, 1, 0, 0, 3, 3, 0, 0, 0, 1, 2, 0, 0, 1, 1, 2, 0]
event=1207:G4_BALANCED:action:mode=exploit,state=1,draw=0.7519501546836111,action=2
event=1208:G4_BALANCED:tournament:reason=action2,left=61,right=4,selected=[66, 68, 32, 92, 86, 48, 3, 69, 70, 13, 60, 50, 93, 15, 52, 23, 1, 59, 76, 67, 58, 17, 77, 75, 28, 41, 95, 44, 36, 35, 26, 7, 0, 79, 88, 94, 46, 54, 71, 6, 65, 55, 4, 39, 34, 8, 49, 33, 56, 14, 37, 72, 38, 78, 40, 98, 89, 27, 47, 80, 30, 11, 5, 96, 2, 16, 83, 53, 51, 42, 24, 90, 81, 22, 64, 21, 87, 19, 18, 84, 62, 63, 91, 45, 10, 61, 31, 43, 57, 85, 73, 20, 9, 99, 12, 97, 25, 74, 82, 29]|[1, 1, 0, 1, 2, 2, 1, 2, 0, 2, 1, 0, 1, 0, 0, 0, 1, 2, 0, 2, 0, 0, 2, 0, 2, 2, 1, 1, 2, 0, 2, 1, 1, 1, 1, 0, 1, 1, 0, 2, 2, 0, 1, 0, 1, 0, 1, 1, 1, 1, 1, 0, 0, 0, 1, 1, 2, 1, 0, 2, 2, 1, 1, 1, 2, 2, 1, 0, 0, 0, 1, 1, 0, 2, 2, 2, 2, 1, 2, 1, 0, 2, 1, 0, 1, 2, 1, 1, 0, 1, 1, 0, 1, 2, 0, 0, 0, 0, 2, 2]|[4, 4, 1, 4, 1, 2, 4, 2, 1, 2, 4, 0, 4, 1, 0, 1, 4, 1, 1, 1, 0, 2, 2, 2, 2, 1, 3, 3, 1, 0, 1, 4, 0, 0, 0, 0, 4, 4, 0, 1, 2, 0, 4, 0, 3, 2, 4, 1, 3, 0, 4, 2, 1, 1, 0, 3, 2, 3, 0, 2, 1, 3, 3, 4, 1, 1, 3, 2, 2, 0, 4, 4, 2, 1, 1, 1, 1, 0, 1, 4, 0, 1, 3, 2, 4, 1, 3, 3, 0, 3, 3, 2, 4, 1, 2, 2, 1, 2, 1, 2]|[0, 1, 0, 0, 1, 0, 1, 0, 0, 0, 3, 0, 1, 1, 0, 0, 0, 0, 0, 0, 1, 0, 0, 1, 1, 0, 3, 3, 0, 0, 0, 2, 0, 0, 0, 0, 2, 3, 0, 0, 0, 0, 2, 0, 1, 0, 2, 1, 1, 0, 2, 0, 0, 0, 0, 1, 0, 1, 0, 0, 0, 0, 0, 1, 0, 0, 1, 1, 0, 0, 1, 2, 0, 0, 0, 0, 0, 3, 0, 1, 0, 0, 3, 0, 0, 0, 3, 3, 0, 3, 0, 0, 2, 0, 0, 0, 0, 0, 0, 0]
event=1209:G4_BALANCED:leader:action=2,fingerprint=[66, 68, 32, 92, 86, 48, 3, 69, 70, 13, 60, 50, 93, 15, 52, 23, 1, 59, 76, 67, 58, 17, 77, 75, 28, 41, 95, 44, 36, 35, 26, 7, 0, 79, 88, 94, 46, 54, 71, 6, 65, 55, 4, 39, 34, 8, 49, 33, 56, 14, 37, 72, 38, 78, 40, 98, 89, 27, 47, 80, 30, 11, 5, 96, 2, 16, 83, 53, 51, 42, 24, 90, 81, 22, 64, 21, 87, 19, 18, 84, 62, 63, 91, 45, 10, 61, 31, 43, 57, 85, 73, 20, 9, 99, 12, 97, 25, 74, 82, 29]|[1, 1, 0, 1, 2, 2, 1, 2, 0, 2, 1, 0, 1, 0, 0, 0, 1, 2, 0, 2, 0, 0, 2, 0, 2, 2, 1, 1, 2, 0, 2, 1, 1, 1, 1, 0, 1, 1, 0, 2, 2, 0, 1, 0, 1, 0, 1, 1, 1, 1, 1, 0, 0, 0, 1, 1, 2, 1, 0, 2, 2, 1, 1, 1, 2, 2, 1, 0, 0, 0, 1, 1, 0, 2, 2, 2, 2, 1, 2, 1, 0, 2, 1, 0, 1, 2, 1, 1, 0, 1, 1, 0, 1, 2, 0, 0, 0, 0, 2, 2]|[4, 4, 1, 4, 1, 2, 4, 2, 1, 2, 4, 0, 4, 1, 0, 1, 4, 1, 1, 1, 0, 2, 2, 2, 2, 1, 3, 3, 1, 0, 1, 4, 0, 0, 0, 0, 4, 4, 0, 1, 2, 0, 4, 0, 3, 2, 4, 1, 3, 0, 4, 2, 1, 1, 0, 3, 2, 3, 0, 2, 1, 3, 3, 4, 1, 1, 3, 2, 2, 0, 4, 4, 2, 1, 1, 1, 1, 0, 1, 4, 0, 1, 3, 2, 4, 1, 3, 3, 0, 3, 3, 2, 4, 1, 2, 2, 1, 2, 1, 2]|[0, 1, 0, 0, 1, 0, 1, 0, 0, 0, 3, 0, 1, 1, 0, 0, 0, 0, 0, 0, 1, 0, 0, 1, 1, 0, 3, 3, 0, 0, 0, 2, 0, 0, 0, 0, 2, 3, 0, 0, 0, 0, 2, 0, 1, 0, 2, 1, 1, 0, 2, 0, 0, 0, 0, 1, 0, 1, 0, 0, 0, 0, 0, 1, 0, 0, 1, 1, 0, 0, 1, 2, 0, 0, 0, 0, 0, 3, 0, 1, 0, 0, 3, 0, 0, 0, 3, 3, 0, 3, 0, 0, 2, 0, 0, 0, 0, 0, 0, 0]
event=1210:G2_TEC:action:mode=exploit,state=1,draw=0.5843264555795891,action=1
event=1211:G2_TEC:leader:action=1,fingerprint=[66, 68, 32, 92, 86, 48, 3, 69, 70, 13, 60, 50, 93, 15, 52, 23, 1, 59, 76, 67, 58, 17, 77, 75, 28, 41, 95, 44, 36, 35, 26, 7, 0, 79, 88, 94, 46, 54, 71, 53, 29, 56, 65, 39, 34, 8, 49, 33, 55, 14, 37, 72, 38, 78, 40, 98, 89, 27, 47, 80, 30, 11, 5, 96, 2, 16, 83, 6, 51, 42, 24, 90, 81, 22, 64, 21, 87, 19, 18, 84, 62, 63, 91, 45, 99, 61, 10, 57, 31, 43, 97, 12, 85, 20, 9, 25, 74, 4, 73, 82]|[1, 1, 0, 1, 2, 2, 1, 2, 0, 2, 1, 0, 1, 0, 0, 0, 1, 2, 0, 2, 0, 0, 2, 0, 2, 2, 0, 1, 2, 0, 2, 2, 1, 1, 1, 0, 0, 1, 0, 1, 2, 1, 0, 0, 1, 0, 1, 1, 0, 2, 1, 0, 0, 0, 1, 1, 2, 1, 0, 1, 2, 1, 1, 1, 2, 2, 1, 2, 0, 0, 1, 1, 0, 1, 2, 2, 2, 2, 2, 1, 0, 2, 2, 0, 2, 2, 0, 2, 1, 1, 0, 0, 2, 0, 1, 2, 0, 1, 1, 2]|[4, 4, 1, 4, 1, 2, 4, 2, 1, 2, 4, 0, 4, 1, 0, 1, 4, 1, 1, 1, 0, 2, 2, 1, 2, 1, 0, 3, 1, 0, 1, 1, 4, 0, 0, 0, 2, 4, 1, 3, 2, 3, 0, 0, 3, 2, 4, 1, 2, 1, 4, 2, 1, 1, 3, 3, 2, 3, 0, 4, 1, 3, 3, 4, 1, 1, 3, 1, 2, 0, 4, 4, 2, 4, 1, 1, 1, 1, 1, 4, 0, 1, 1, 2, 1, 1, 2, 1, 3, 3, 2, 2, 1, 0, 4, 1, 2, 4, 3, 1]|[0, 1, 0, 0, 1, 0, 1, 0, 0, 0, 3, 0, 1, 1, 0, 0, 0, 0, 0, 0, 1, 0, 0, 1, 1, 0, 0, 3, 0, 0, 0, 0, 0, 0, 0, 0, 0, 3, 0, 1, 0, 1, 1, 0, 1, 1, 2, 1, 0, 1, 2, 0, 0, 0, 1, 1, 0, 1, 0, 1, 0, 0, 0, 1, 0, 0, 1, 0, 0, 0, 1, 2, 0, 2, 0, 0, 0, 0, 0, 1, 0, 0, 0, 0, 0, 0, 1, 0, 3, 3, 0, 0, 0, 0, 2, 0, 0, 2, 0, 0]
event=1212:G3_TWC:action:mode=exploit,state=1,draw=0.7323568448375157,action=1
event=1213:G3_TWC:leader:action=1,fingerprint=[66, 68, 55, 92, 86, 48, 24, 89, 70, 13, 60, 50, 93, 15, 25, 52, 1, 59, 76, 67, 65, 73, 77, 75, 28, 26, 35, 36, 94, 95, 41, 6, 7, 0, 79, 33, 46, 58, 32, 88, 54, 71, 53, 29, 56, 8, 49, 39, 34, 14, 37, 72, 38, 23, 40, 98, 69, 27, 47, 80, 17, 63, 83, 44, 57, 11, 5, 82, 61, 16, 45, 51, 42, 3, 90, 81, 91, 21, 87, 19, 18, 9, 62, 22, 99, 64, 10, 2, 31, 43, 30, 85, 84, 20, 74, 12, 78, 4, 96, 97]|[1, 1, 0, 1, 1, 2, 2, 0, 2, 1, 1, 0, 1, 0, 0, 0, 0, 2, 0, 2, 1, 0, 2, 1, 2, 2, 0, 2, 0, 1, 2, 2, 2, 1, 1, 0, 1, 0, 0, 0, 1, 0, 1, 2, 1, 0, 1, 0, 1, 2, 1, 0, 0, 1, 1, 2, 0, 1, 0, 2, 0, 2, 1, 0, 0, 1, 1, 1, 2, 2, 0, 1, 0, 1, 2, 1, 1, 1, 2, 1, 2, 1, 0, 1, 0, 2, 0, 2, 1, 1, 2, 1, 1, 0, 0, 0, 2, 0, 1, 0]|[1, 0, 2, 4, 3, 2, 0, 1, 1, 0, 1, 2, 4, 1, 2, 0, 0, 1, 1, 2, 4, 2, 2, 0, 1, 1, 0, 2, 0, 3, 1, 1, 2, 0, 0, 2, 4, 0, 1, 2, 4, 0, 3, 2, 3, 2, 4, 0, 0, 1, 4, 2, 1, 3, 0, 2, 0, 3, 0, 1, 2, 1, 2, 2, 0, 3, 0, 4, 1, 1, 2, 4, 0, 2, 1, 4, 3, 3, 1, 0, 1, 4, 0, 4, 0, 1, 2, 1, 4, 3, 1, 3, 4, 2, 2, 2, 1, 1, 4, 2]|[0, 2, 0, 0, 1, 0, 0, 0, 0, 2, 3, 0, 1, 1, 0, 0, 0, 0, 1, 0, 1, 1, 0, 2, 1, 1, 0, 0, 0, 3, 0, 0, 1, 0, 0, 1, 2, 1, 0, 1, 3, 0, 1, 0, 1, 1, 0, 0, 3, 1, 2, 0, 0, 1, 0, 0, 0, 1, 0, 0, 1, 0, 3, 1, 0, 0, 0, 1, 0, 0, 1, 2, 0, 3, 0, 1, 3, 1, 0, 3, 0, 2, 0, 0, 0, 0, 1, 0, 1, 3, 0, 3, 1, 0, 0, 0, 0, 1, 1, 1]
event=1214:G1_CMAX:update:state=1,action=1,reward=-64.12811469922133,nextState=1,old=-229.99812344117166,new=-248.12661345215867
event=1215:G2_TEC:update:state=1,action=1,reward=-123.61872288980521,nextState=1,old=-578.1885702052307,new=-586.1695790539898
event=1216:G3_TWC:update:state=1,action=1,reward=-729.8202971809369,nextState=1,old=-7284.765626141406,new=-6557.632798094062
event=1217:G4_BALANCED:update:state=1,action=2,reward=-0.1572601688521328,nextState=1,old=-0.6628098500915542,new=-0.6875080489253762
event=1218:G1_CMAX:action:mode=exploit,state=1,draw=0.0786312595647245,action=1
event=1219:G1_CMAX:leader:action=1,fingerprint=[49, 8, 56, 29, 54, 32, 38, 58, 46, 33, 71, 79, 0, 7, 6, 41, 95, 36, 35, 26, 28, 75, 77, 65, 67, 42, 59, 1, 52, 74, 55, 15, 94, 93, 50, 60, 13, 70, 89, 24, 48, 86, 25, 68, 66, 53, 76, 34, 14, 37, 72, 88, 23, 40, 98, 69, 27, 47, 80, 73, 63, 83, 44, 57, 11, 5, 82, 61, 16, 45, 51, 3, 90, 81, 91, 21, 87, 19, 18, 9, 62, 22, 99, 64, 10, 39, 2, 31, 43, 92, 30, 85, 84, 20, 17, 78, 96, 4, 12, 97]|[1, 0, 1, 2, 1, 0, 0, 0, 1, 0, 0, 1, 1, 2, 1, 2, 1, 2, 0, 2, 2, 0, 2, 1, 2, 0, 2, 0, 0, 0, 0, 0, 0, 1, 0, 1, 1, 2, 0, 2, 2, 1, 0, 1, 1, 1, 0, 1, 2, 1, 0, 0, 0, 1, 2, 0, 1, 0, 1, 1, 2, 1, 0, 0, 1, 1, 1, 2, 2, 0, 1, 1, 2, 2, 1, 2, 2, 1, 2, 1, 0, 1, 0, 2, 0, 0, 2, 1, 1, 1, 0, 0, 1, 1, 0, 2, 1, 0, 1, 1]|[3, 2, 3, 2, 1, 1, 1, 0, 4, 2, 1, 0, 0, 2, 4, 1, 3, 2, 0, 1, 1, 1, 2, 4, 2, 1, 1, 0, 0, 2, 2, 1, 0, 4, 2, 1, 0, 1, 1, 0, 2, 3, 2, 1, 0, 3, 0, 0, 1, 4, 2, 2, 1, 0, 2, 0, 3, 2, 4, 0, 1, 2, 1, 0, 3, 0, 4, 1, 1, 2, 4, 2, 1, 2, 3, 1, 1, 0, 1, 4, 0, 4, 0, 1, 2, 0, 1, 3, 3, 1, 0, 2, 4, 2, 2, 1, 4, 1, 2, 4]|[0, 1, 1, 0, 3, 0, 0, 1, 2, 1, 0, 0, 0, 1, 2, 0, 3, 0, 0, 1, 1, 1, 0, 1, 0, 1, 0, 0, 0, 0, 0, 1, 0, 1, 0, 3, 2, 0, 0, 0, 0, 1, 0, 0, 2, 1, 0, 3, 1, 2, 0, 1, 0, 0, 0, 0, 1, 1, 2, 0, 0, 3, 1, 0, 0, 0, 1, 0, 0, 1, 2, 3, 0, 1, 3, 0, 0, 3, 0, 2, 0, 0, 0, 0, 1, 0, 0, 3, 3, 0, 0, 0, 1, 2, 0, 0, 1, 1, 2, 0]
event=1220:G4_BALANCED:action:mode=exploit,state=1,draw=0.19275408293011764,action=2
event=1221:G4_BALANCED:tournament:reason=action2,left=10,right=63,selected=[49, 8, 56, 29, 54, 32, 38, 58, 46, 33, 71, 79, 0, 7, 6, 41, 95, 36, 35, 26, 28, 75, 77, 65, 67, 42, 59, 1, 52, 74, 55, 15, 94, 93, 50, 60, 13, 70, 89, 24, 48, 86, 25, 68, 66, 53, 76, 34, 14, 37, 72, 88, 23, 40, 98, 69, 27, 47, 80, 73, 63, 83, 44, 57, 11, 5, 82, 61, 16, 45, 51, 3, 90, 81, 91, 21, 87, 19, 18, 9, 62, 22, 99, 64, 10, 39, 2, 31, 43, 92, 30, 85, 84, 20, 17, 78, 96, 4, 12, 97]|[1, 0, 1, 2, 1, 0, 0, 0, 1, 0, 0, 1, 1, 2, 1, 2, 1, 2, 0, 2, 2, 0, 2, 1, 2, 0, 2, 0, 0, 0, 0, 0, 0, 1, 0, 1, 1, 2, 0, 2, 2, 1, 0, 1, 1, 1, 0, 1, 2, 1, 0, 0, 0, 1, 2, 0, 1, 0, 1, 1, 2, 1, 0, 0, 1, 1, 1, 2, 2, 0, 1, 1, 2, 2, 1, 2, 2, 1, 2, 1, 0, 1, 0, 2, 0, 0, 2, 1, 1, 1, 0, 0, 1, 1, 0, 2, 1, 0, 1, 1]|[3, 2, 3, 2, 1, 1, 1, 0, 4, 2, 1, 0, 0, 2, 4, 1, 3, 2, 0, 1, 1, 1, 2, 4, 2, 1, 1, 0, 0, 2, 2, 1, 0, 4, 2, 1, 0, 1, 1, 0, 2, 3, 2, 1, 0, 3, 0, 0, 1, 4, 2, 2, 1, 0, 2, 0, 3, 2, 4, 0, 1, 2, 1, 0, 3, 0, 4, 1, 1, 2, 4, 2, 1, 2, 3, 1, 1, 0, 1, 4, 0, 4, 0, 1, 2, 0, 1, 3, 3, 1, 0, 2, 4, 2, 2, 1, 4, 1, 2, 4]|[0, 1, 1, 0, 3, 0, 0, 1, 2, 1, 0, 0, 0, 1, 2, 0, 3, 0, 0, 1, 1, 1, 0, 1, 0, 1, 0, 0, 0, 0, 0, 1, 0, 1, 0, 3, 2, 0, 0, 0, 0, 1, 0, 0, 2, 1, 0, 3, 1, 2, 0, 1, 0, 0, 0, 0, 1, 1, 2, 0, 0, 3, 1, 0, 0, 0, 1, 0, 0, 1, 2, 3, 0, 1, 3, 0, 0, 3, 0, 2, 0, 0, 0, 0, 1, 0, 0, 3, 3, 0, 0, 0, 1, 2, 0, 0, 1, 1, 2, 0]
event=1222:G4_BALANCED:leader:action=2,fingerprint=[49, 8, 56, 29, 54, 32, 38, 58, 46, 33, 71, 79, 0, 7, 6, 41, 95, 36, 35, 26, 28, 75, 77, 65, 67, 42, 59, 1, 52, 74, 55, 15, 94, 93, 50, 60, 13, 70, 89, 24, 48, 86, 25, 68, 66, 53, 76, 34, 14, 37, 72, 88, 23, 40, 98, 69, 27, 47, 80, 73, 63, 83, 44, 57, 11, 5, 82, 61, 16, 45, 51, 3, 90, 81, 91, 21, 87, 19, 18, 9, 62, 22, 99, 64, 10, 39, 2, 31, 43, 92, 30, 85, 84, 20, 17, 78, 96, 4, 12, 97]|[1, 0, 1, 2, 1, 0, 0, 0, 1, 0, 0, 1, 1, 2, 1, 2, 1, 2, 0, 2, 2, 0, 2, 1, 2, 0, 2, 0, 0, 0, 0, 0, 0, 1, 0, 1, 1, 2, 0, 2, 2, 1, 0, 1, 1, 1, 0, 1, 2, 1, 0, 0, 0, 1, 2, 0, 1, 0, 1, 1, 2, 1, 0, 0, 1, 1, 1, 2, 2, 0, 1, 1, 2, 2, 1, 2, 2, 1, 2, 1, 0, 1, 0, 2, 0, 0, 2, 1, 1, 1, 0, 0, 1, 1, 0, 2, 1, 0, 1, 1]|[3, 2, 3, 2, 1, 1, 1, 0, 4, 2, 1, 0, 0, 2, 4, 1, 3, 2, 0, 1, 1, 1, 2, 4, 2, 1, 1, 0, 0, 2, 2, 1, 0, 4, 2, 1, 0, 1, 1, 0, 2, 3, 2, 1, 0, 3, 0, 0, 1, 4, 2, 2, 1, 0, 2, 0, 3, 2, 4, 0, 1, 2, 1, 0, 3, 0, 4, 1, 1, 2, 4, 2, 1, 2, 3, 1, 1, 0, 1, 4, 0, 4, 0, 1, 2, 0, 1, 3, 3, 1, 0, 2, 4, 2, 2, 1, 4, 1, 2, 4]|[0, 1, 1, 0, 3, 0, 0, 1, 2, 1, 0, 0, 0, 1, 2, 0, 3, 0, 0, 1, 1, 1, 0, 1, 0, 1, 0, 0, 0, 0, 0, 1, 0, 1, 0, 3, 2, 0, 0, 0, 0, 1, 0, 0, 2, 1, 0, 3, 1, 2, 0, 1, 0, 0, 0, 0, 1, 1, 2, 0, 0, 3, 1, 0, 0, 0, 1, 0, 0, 1, 2, 3, 0, 1, 3, 0, 0, 3, 0, 2, 0, 0, 0, 0, 1, 0, 0, 3, 3, 0, 0, 0, 1, 2, 0, 0, 1, 1, 2, 0]
event=1223:G2_TEC:action:mode=exploit,state=1,draw=0.24531386673996136,action=1
event=1224:G2_TEC:leader:action=1,fingerprint=[66, 68, 32, 92, 86, 48, 3, 69, 70, 13, 60, 50, 93, 15, 52, 23, 1, 59, 76, 67, 58, 17, 77, 75, 28, 41, 95, 44, 36, 35, 26, 7, 0, 79, 88, 94, 46, 54, 71, 53, 29, 56, 65, 39, 34, 8, 49, 33, 55, 14, 37, 72, 38, 78, 40, 98, 89, 27, 47, 80, 30, 11, 5, 96, 2, 16, 83, 6, 51, 42, 24, 90, 81, 22, 64, 21, 87, 19, 18, 84, 62, 63, 91, 45, 99, 61, 10, 9, 31, 20, 85, 12, 97, 43, 82, 57, 25, 74, 73, 4]|[1, 1, 0, 1, 2, 2, 1, 2, 0, 2, 1, 0, 1, 0, 0, 0, 1, 2, 0, 2, 0, 0, 2, 0, 2, 2, 0, 1, 2, 0, 2, 2, 1, 1, 1, 0, 0, 1, 0, 1, 2, 1, 0, 0, 1, 0, 1, 1, 0, 2, 1, 0, 0, 0, 1, 1, 2, 1, 0, 1, 2, 1, 1, 1, 2, 2, 1, 2, 0, 0, 1, 2, 0, 1, 2, 2, 2, 1, 2, 1, 0, 2, 2, 0, 2, 2, 0, 2, 1, 1, 0, 0, 0, 1, 2, 2, 2, 0, 1, 1]|[4, 4, 1, 4, 1, 2, 4, 2, 1, 2, 4, 0, 4, 1, 0, 1, 4, 1, 1, 1, 0, 2, 2, 1, 2, 1, 0, 3, 1, 0, 1, 1, 4, 0, 0, 0, 2, 4, 1, 3, 2, 3, 0, 0, 3, 2, 4, 1, 2, 1, 4, 2, 1, 1, 3, 4, 2, 3, 0, 4, 1, 3, 3, 4, 1, 1, 3, 1, 2, 0, 4, 1, 2, 4, 1, 1, 1, 3, 1, 4, 0, 1, 1, 2, 1, 1, 2, 1, 3, 3, 2, 2, 2, 3, 1, 1, 1, 2, 3, 4]|[0, 1, 0, 0, 1, 0, 1, 0, 0, 0, 3, 0, 1, 1, 0, 0, 0, 0, 0, 0, 1, 0, 0, 1, 1, 0, 0, 3, 0, 0, 0, 0, 0, 0, 0, 0, 0, 3, 0, 1, 0, 1, 1, 0, 1, 1, 2, 1, 0, 1, 2, 0, 0, 0, 1, 3, 0, 1, 0, 1, 0, 0, 0, 2, 0, 0, 1, 0, 0, 0, 1, 0, 0, 2, 0, 0, 0, 1, 0, 1, 0, 0, 0, 0, 0, 0, 1, 0, 3, 3, 0, 0, 0, 3, 0, 0, 0, 0, 0, 2]
event=1225:G3_TWC:action:mode=exploit,state=1,draw=0.5227923517183473,action=1
event=1226:G3_TWC:leader:action=1,fingerprint=[66, 68, 55, 92, 86, 48, 24, 89, 70, 13, 60, 50, 93, 15, 25, 52, 1, 59, 76, 67, 65, 73, 77, 75, 28, 26, 35, 36, 94, 95, 41, 6, 7, 0, 79, 33, 46, 58, 32, 88, 54, 71, 53, 29, 56, 8, 49, 39, 34, 14, 37, 72, 38, 23, 40, 98, 69, 27, 47, 80, 17, 63, 83, 44, 57, 11, 5, 82, 61, 16, 45, 51, 42, 3, 90, 81, 91, 21, 87, 19, 18, 9, 62, 22, 99, 64, 10, 2, 31, 43, 30, 85, 84, 20, 74, 12, 78, 4, 96, 97]|[1, 1, 0, 1, 1, 2, 2, 0, 2, 1, 1, 0, 1, 0, 0, 0, 0, 2, 0, 2, 1, 0, 2, 1, 2, 2, 0, 2, 0, 1, 2, 2, 2, 1, 1, 0, 1, 0, 0, 0, 1, 0, 1, 2, 1, 0, 1, 0, 1, 2, 1, 0, 0, 1, 1, 2, 0, 1, 0, 2, 0, 2, 1, 0, 0, 1, 1, 1, 2, 2, 0, 1, 0, 1, 2, 1, 1, 1, 2, 1, 2, 1, 0, 1, 0, 2, 0, 2, 1, 1, 2, 1, 1, 0, 0, 0, 2, 0, 1, 0]|[1, 0, 2, 4, 3, 2, 0, 1, 1, 0, 1, 2, 4, 1, 2, 0, 0, 1, 1, 2, 4, 2, 2, 0, 1, 1, 0, 2, 0, 3, 1, 1, 2, 0, 0, 2, 4, 0, 1, 2, 4, 0, 3, 2, 3, 2, 4, 0, 0, 1, 4, 2, 1, 3, 0, 2, 0, 3, 0, 1, 2, 1, 2, 2, 0, 3, 0, 4, 1, 1, 2, 4, 0, 2, 1, 4, 3, 3, 1, 0, 1, 4, 0, 4, 0, 1, 2, 1, 4, 3, 1, 3, 4, 2, 2, 2, 1, 1, 4, 2]|[0, 2, 0, 0, 1, 0, 0, 0, 0, 2, 3, 0, 1, 1, 0, 0, 0, 0, 1, 0, 1, 1, 0, 2, 1, 1, 0, 0, 0, 3, 0, 0, 1, 0, 0, 1, 2, 1, 0, 1, 3, 0, 1, 0, 1, 1, 0, 0, 3, 1, 2, 0, 0, 1, 0, 0, 0, 1, 0, 0, 1, 0, 3, 1, 0, 0, 0, 1, 0, 0, 1, 2, 0, 3, 0, 1, 3, 1, 0, 3, 0, 2, 0, 0, 0, 0, 1, 0, 1, 3, 0, 3, 1, 0, 0, 0, 0, 1, 1, 1]
event=1227:G1_CMAX:update:state=1,action=1,reward=-74.13238809059021,nextState=1,old=-248.12661345215867,new=-272.6336788523172
event=1228:G2_TEC:update:state=1,action=1,reward=-727.675169113536,nextState=1,old=-586.1695790539898,new=-1196.6108323567278
event=1229:G3_TWC:update:state=1,action=1,reward=-1690.8367743409908,nextState=1,old=-6557.632798094062,new=-6936.943012816241
event=1230:G4_BALANCED:update:state=1,action=2,reward=-0.1696488112370701,nextState=1,old=-0.6875080489253762,new=-0.7196552503773711
event=1231:G1_CMAX:action:mode=explore,state=1,draw=0.9744314701727494,action=1
event=1232:G1_CMAX:leader:action=1,fingerprint=[49, 8, 56, 29, 54, 32, 38, 58, 46, 33, 71, 79, 0, 7, 6, 41, 95, 36, 35, 26, 28, 75, 77, 65, 67, 42, 59, 1, 52, 74, 55, 15, 94, 93, 50, 60, 13, 70, 89, 24, 48, 86, 25, 68, 66, 53, 76, 34, 14, 37, 72, 88, 23, 40, 98, 69, 27, 47, 80, 73, 63, 83, 44, 57, 11, 5, 82, 61, 16, 45, 51, 3, 90, 81, 91, 21, 87, 19, 18, 9, 62, 22, 99, 64, 10, 39, 2, 31, 43, 92, 30, 85, 84, 20, 17, 78, 96, 4, 12, 97]|[1, 0, 1, 2, 1, 0, 0, 0, 1, 0, 0, 1, 1, 2, 1, 2, 1, 2, 0, 2, 2, 0, 2, 1, 2, 0, 2, 0, 0, 0, 0, 0, 0, 1, 0, 1, 1, 2, 0, 2, 2, 1, 0, 1, 1, 1, 0, 1, 2, 1, 0, 0, 0, 1, 2, 0, 1, 0, 1, 1, 2, 1, 0, 0, 1, 1, 1, 2, 2, 0, 1, 1, 2, 2, 1, 2, 2, 1, 2, 1, 0, 1, 0, 2, 0, 0, 2, 1, 1, 1, 0, 0, 1, 1, 0, 2, 1, 0, 1, 1]|[3, 2, 3, 2, 1, 1, 1, 0, 4, 2, 1, 0, 0, 2, 4, 1, 3, 2, 0, 1, 1, 1, 2, 4, 2, 1, 1, 0, 0, 2, 2, 1, 0, 4, 2, 1, 0, 1, 1, 0, 2, 3, 2, 1, 0, 3, 0, 0, 1, 4, 2, 2, 1, 0, 2, 0, 3, 2, 4, 0, 1, 2, 1, 0, 3, 0, 4, 1, 1, 2, 4, 2, 1, 2, 3, 1, 1, 0, 1, 4, 0, 4, 0, 1, 2, 0, 1, 3, 3, 1, 0, 2, 4, 2, 2, 1, 4, 1, 2, 4]|[0, 1, 1, 0, 3, 0, 0, 1, 2, 1, 0, 0, 0, 1, 2, 0, 3, 0, 0, 1, 1, 1, 0, 1, 0, 1, 0, 0, 0, 0, 0, 1, 0, 1, 0, 3, 2, 0, 0, 0, 0, 1, 0, 0, 2, 1, 0, 3, 1, 2, 0, 1, 0, 0, 0, 0, 1, 1, 2, 0, 0, 3, 1, 0, 0, 0, 1, 0, 0, 1, 2, 3, 0, 1, 3, 0, 0, 3, 0, 2, 0, 0, 0, 0, 1, 0, 0, 3, 3, 0, 0, 0, 1, 2, 0, 0, 1, 1, 2, 0]
event=1233:G4_BALANCED:action:mode=exploit,state=1,draw=0.24707964152332895,action=0
event=1234:G4_BALANCED:leader:action=0,fingerprint=[49, 8, 56, 29, 54, 32, 38, 58, 46, 33, 71, 79, 0, 7, 6, 41, 95, 36, 35, 26, 28, 75, 77, 65, 67, 42, 59, 1, 52, 74, 55, 15, 94, 93, 50, 60, 13, 70, 89, 24, 48, 86, 25, 68, 66, 53, 76, 34, 14, 37, 72, 88, 23, 40, 98, 69, 27, 47, 80, 73, 63, 83, 44, 57, 11, 5, 82, 61, 16, 45, 51, 3, 90, 81, 91, 21, 87, 19, 18, 9, 62, 22, 99, 64, 10, 39, 2, 31, 43, 92, 30, 85, 84, 20, 17, 78, 96, 4, 12, 97]|[1, 0, 1, 2, 1, 0, 0, 0, 1, 0, 0, 1, 1, 2, 1, 2, 1, 2, 0, 2, 2, 0, 2, 1, 2, 0, 2, 0, 0, 0, 0, 0, 0, 1, 0, 1, 1, 2, 0, 2, 2, 1, 0, 1, 1, 1, 0, 1, 2, 1, 0, 0, 0, 1, 2, 0, 1, 0, 1, 1, 2, 1, 0, 0, 1, 1, 1, 2, 2, 0, 1, 1, 2, 2, 1, 2, 2, 1, 2, 1, 0, 1, 0, 2, 0, 0, 2, 1, 1, 1, 0, 0, 1, 1, 0, 2, 1, 0, 1, 1]|[3, 2, 3, 2, 1, 1, 1, 0, 4, 2, 1, 0, 0, 2, 4, 1, 3, 2, 0, 1, 1, 1, 2, 4, 2, 1, 1, 0, 0, 2, 2, 1, 0, 4, 2, 1, 0, 1, 1, 0, 2, 3, 2, 1, 0, 3, 0, 0, 1, 4, 2, 2, 1, 0, 2, 0, 3, 2, 4, 0, 1, 2, 1, 0, 3, 0, 4, 1, 1, 2, 4, 2, 1, 2, 3, 1, 1, 0, 1, 4, 0, 4, 0, 1, 2, 0, 1, 3, 3, 1, 0, 2, 4, 2, 2, 1, 4, 1, 2, 4]|[0, 1, 1, 0, 3, 0, 0, 1, 2, 1, 0, 0, 0, 1, 2, 0, 3, 0, 0, 1, 1, 1, 0, 1, 0, 1, 0, 0, 0, 0, 0, 1, 0, 1, 0, 3, 2, 0, 0, 0, 0, 1, 0, 0, 2, 1, 0, 3, 1, 2, 0, 1, 0, 0, 0, 0, 1, 1, 2, 0, 0, 3, 1, 0, 0, 0, 1, 0, 0, 1, 2, 3, 0, 1, 3, 0, 0, 3, 0, 2, 0, 0, 0, 0, 1, 0, 0, 3, 3, 0, 0, 0, 1, 2, 0, 0, 1, 1, 2, 0]
event=1235:G2_TEC:action:mode=exploit,state=1,draw=0.609115457558505,action=0
event=1236:G2_TEC:leader:action=0,fingerprint=[66, 68, 32, 92, 86, 48, 3, 69, 70, 13, 60, 50, 93, 15, 52, 23, 1, 59, 76, 67, 58, 17, 77, 75, 28, 41, 95, 44, 36, 35, 26, 7, 0, 79, 88, 94, 46, 54, 71, 53, 29, 56, 65, 39, 34, 8, 49, 33, 55, 14, 37, 72, 38, 78, 40, 98, 89, 27, 47, 80, 30, 11, 5, 96, 2, 16, 83, 6, 51, 42, 24, 90, 81, 22, 64, 21, 87, 19, 18, 84, 62, 63, 91, 45, 99, 61, 10, 9, 31, 20, 85, 12, 97, 43, 82, 57, 25, 74, 73, 4]|[1, 1, 0, 1, 2, 2, 1, 2, 0, 2, 1, 0, 1, 0, 0, 0, 1, 2, 0, 2, 0, 0, 2, 0, 2, 2, 0, 1, 2, 0, 2, 2, 1, 1, 1, 0, 0, 1, 0, 1, 2, 1, 0, 0, 1, 0, 1, 1, 0, 2, 1, 0, 0, 0, 1, 1, 2, 1, 0, 1, 2, 1, 1, 1, 2, 2, 1, 2, 0, 0, 1, 2, 0, 1, 2, 2, 2, 1, 2, 1, 0, 2, 2, 0, 2, 2, 0, 2, 1, 1, 0, 0, 0, 1, 2, 2, 2, 0, 1, 1]|[4, 4, 1, 4, 1, 2, 4, 2, 1, 2, 4, 0, 4, 1, 0, 1, 4, 1, 1, 1, 0, 2, 2, 1, 2, 1, 0, 3, 1, 0, 1, 1, 4, 0, 0, 0, 2, 4, 1, 3, 2, 3, 0, 0, 3, 2, 4, 1, 2, 1, 4, 2, 1, 1, 3, 4, 2, 3, 0, 4, 1, 3, 3, 4, 1, 1, 3, 1, 2, 0, 4, 1, 2, 4, 1, 1, 1, 3, 1, 4, 0, 1, 1, 2, 1, 1, 2, 1, 3, 3, 2, 2, 2, 3, 1, 1, 1, 2, 3, 4]|[0, 1, 0, 0, 1, 0, 1, 0, 0, 0, 3, 0, 1, 1, 0, 0, 0, 0, 0, 0, 1, 0, 0, 1, 1, 0, 0, 3, 0, 0, 0, 0, 0, 0, 0, 0, 0, 3, 0, 1, 0, 1, 1, 0, 1, 1, 2, 1, 0, 1, 2, 0, 0, 0, 1, 3, 0, 1, 0, 1, 0, 0, 0, 2, 0, 0, 1, 0, 0, 0, 1, 0, 0, 2, 0, 0, 0, 1, 0, 1, 0, 0, 0, 0, 0, 0, 1, 0, 3, 3, 0, 0, 0, 3, 0, 0, 0, 0, 0, 2]
event=1237:G3_TWC:action:mode=exploit,state=1,draw=0.5065625325193756,action=1
event=1238:G3_TWC:leader:action=1,fingerprint=[66, 68, 55, 92, 86, 48, 24, 89, 70, 13, 60, 50, 93, 15, 25, 52, 1, 59, 76, 67, 65, 73, 77, 75, 28, 26, 35, 36, 94, 95, 41, 6, 7, 0, 79, 33, 46, 58, 32, 88, 54, 71, 53, 29, 56, 8, 49, 39, 34, 14, 37, 72, 38, 23, 40, 98, 69, 27, 47, 80, 17, 63, 83, 44, 57, 11, 5, 82, 61, 16, 45, 51, 42, 3, 90, 81, 91, 21, 87, 19, 18, 9, 62, 22, 99, 64, 10, 2, 31, 43, 30, 85, 84, 20, 74, 12, 78, 4, 96, 97]|[1, 1, 0, 1, 1, 2, 2, 0, 2, 1, 1, 0, 1, 0, 0, 0, 0, 2, 0, 2, 1, 0, 2, 1, 2, 2, 0, 2, 0, 1, 2, 2, 2, 1, 1, 0, 1, 0, 0, 0, 1, 0, 1, 2, 1, 0, 1, 0, 1, 2, 1, 0, 0, 1, 1, 2, 0, 1, 0, 2, 0, 2, 1, 0, 0, 1, 1, 1, 2, 2, 0, 1, 0, 1, 2, 1, 1, 1, 2, 1, 2, 1, 0, 1, 0, 2, 0, 2, 1, 1, 2, 1, 1, 0, 0, 0, 2, 0, 1, 0]|[1, 0, 2, 4, 3, 2, 0, 1, 1, 0, 1, 2, 4, 1, 2, 0, 0, 1, 1, 2, 4, 2, 2, 0, 1, 1, 0, 2, 0, 3, 1, 1, 2, 0, 0, 2, 4, 0, 1, 2, 4, 0, 3, 2, 3, 2, 4, 0, 0, 1, 4, 2, 1, 3, 0, 2, 0, 3, 0, 1, 2, 1, 2, 2, 0, 3, 0, 4, 1, 1, 2, 4, 0, 2, 1, 4, 3, 3, 1, 0, 1, 4, 0, 4, 0, 1, 2, 1, 4, 3, 1, 3, 4, 2, 2, 2, 1, 1, 4, 2]|[0, 2, 0, 0, 1, 0, 0, 0, 0, 2, 3, 0, 1, 1, 0, 0, 0, 0, 1, 0, 1, 1, 0, 2, 1, 1, 0, 0, 0, 3, 0, 0, 1, 0, 0, 1, 2, 1, 0, 1, 3, 0, 1, 0, 1, 1, 0, 0, 3, 1, 2, 0, 0, 1, 0, 0, 0, 1, 0, 0, 1, 0, 3, 1, 0, 0, 0, 1, 0, 0, 1, 2, 0, 3, 0, 1, 3, 1, 0, 3, 0, 2, 0, 0, 0, 0, 1, 0, 1, 3, 0, 3, 1, 0, 0, 0, 0, 1, 1, 1]
event=1239:G1_CMAX:update:state=1,action=1,reward=-77.80486527641301,nextState=1,old=-272.6336788523172,new=-286.08569895138623
event=1240:G2_TEC:update:state=1,action=0,reward=74.05655361388199,nextState=0,old=-840.9739514685652,new=-326.0233978690019
event=1241:G3_TWC:update:state=1,action=1,reward=-1335.5985907024588,nextState=1,old=-6936.943012816241,new=-6885.153000955452
event=1242:G4_BALANCED:update:state=1,action=0,reward=-0.19815364950436043,nextState=1,old=-0.7061839288105585,new=-0.7631007925528073
event=1243:G1_CMAX:action:mode=exploit,state=1,draw=0.12118230042558409,action=2
event=1244:G1_CMAX:tournament:reason=action2,left=53,right=48,selected=[66, 68, 55, 92, 86, 48, 24, 89, 70, 13, 60, 50, 93, 15, 25, 52, 1, 59, 76, 67, 65, 73, 77, 75, 28, 26, 35, 36, 94, 95, 54, 6, 7, 0, 79, 33, 46, 58, 32, 88, 41, 71, 53, 29, 56, 8, 49, 39, 34, 14, 37, 72, 38, 23, 40, 98, 99, 27, 47, 80, 17, 63, 83, 44, 57, 11, 5, 82, 61, 16, 45, 51, 42, 3, 90, 81, 91, 21, 87, 19, 18, 9, 62, 22, 69, 64, 10, 2, 31, 43, 30, 85, 84, 20, 74, 12, 78, 4, 96, 97]|[1, 1, 0, 1, 1, 2, 2, 0, 2, 1, 1, 0, 1, 0, 0, 0, 0, 2, 0, 2, 1, 0, 2, 1, 2, 2, 0, 2, 0, 1, 1, 2, 2, 1, 1, 0, 1, 0, 0, 0, 2, 0, 1, 2, 1, 0, 1, 0, 1, 2, 1, 0, 0, 1, 1, 2, 0, 1, 0, 2, 0, 2, 1, 0, 0, 1, 1, 1, 2, 2, 0, 1, 0, 1, 2, 0, 1, 1, 2, 1, 2, 1, 0, 1, 0, 2, 0, 2, 1, 2, 2, 0, 1, 0, 0, 0, 2, 0, 1, 0]|[1, 0, 2, 4, 3, 2, 0, 1, 1, 0, 1, 2, 4, 1, 2, 0, 0, 1, 1, 2, 4, 2, 2, 0, 1, 1, 0, 2, 0, 3, 4, 1, 2, 0, 0, 2, 4, 0, 1, 2, 1, 0, 3, 2, 3, 2, 4, 0, 0, 1, 4, 2, 1, 3, 0, 2, 0, 3, 0, 1, 2, 1, 2, 1, 0, 3, 0, 4, 1, 1, 2, 4, 0, 2, 1, 2, 3, 3, 1, 0, 1, 4, 0, 4, 0, 1, 2, 1, 4, 1, 1, 2, 4, 2, 2, 2, 1, 1, 4, 2]|[0, 2, 0, 0, 1, 0, 0, 0, 0, 2, 3, 0, 1, 1, 0, 0, 0, 0, 1, 0, 1, 1, 0, 2, 1, 1, 0, 0, 0, 3, 3, 0, 1, 0, 0, 1, 2, 1, 0, 1, 0, 0, 1, 0, 1, 1, 0, 0, 3, 1, 2, 0, 0, 1, 0, 0, 0, 1, 0, 0, 1, 0, 3, 1, 0, 0, 0, 1, 0, 0, 1, 2, 0, 3, 0, 1, 3, 1, 0, 3, 0, 2, 0, 0, 0, 0, 1, 0, 1, 0, 0, 0, 1, 0, 0, 0, 0, 1, 1, 1]
event=1245:G1_CMAX:leader:action=2,fingerprint=[66, 68, 55, 92, 86, 48, 24, 89, 70, 13, 60, 50, 93, 15, 25, 52, 1, 59, 76, 67, 65, 73, 77, 75, 28, 26, 35, 36, 94, 95, 54, 6, 7, 0, 79, 33, 46, 58, 32, 88, 41, 71, 53, 29, 56, 8, 49, 39, 34, 14, 37, 72, 38, 23, 40, 98, 99, 27, 47, 80, 17, 63, 83, 44, 57, 11, 5, 82, 61, 16, 45, 51, 42, 3, 90, 81, 91, 21, 87, 19, 18, 9, 62, 22, 69, 64, 10, 2, 31, 43, 30, 85, 84, 20, 74, 12, 78, 4, 96, 97]|[1, 1, 0, 1, 1, 2, 2, 0, 2, 1, 1, 0, 1, 0, 0, 0, 0, 2, 0, 2, 1, 0, 2, 1, 2, 2, 0, 2, 0, 1, 1, 2, 2, 1, 1, 0, 1, 0, 0, 0, 2, 0, 1, 2, 1, 0, 1, 0, 1, 2, 1, 0, 0, 1, 1, 2, 0, 1, 0, 2, 0, 2, 1, 0, 0, 1, 1, 1, 2, 2, 0, 1, 0, 1, 2, 0, 1, 1, 2, 1, 2, 1, 0, 1, 0, 2, 0, 2, 1, 2, 2, 0, 1, 0, 0, 0, 2, 0, 1, 0]|[1, 0, 2, 4, 3, 2, 0, 1, 1, 0, 1, 2, 4, 1, 2, 0, 0, 1, 1, 2, 4, 2, 2, 0, 1, 1, 0, 2, 0, 3, 4, 1, 2, 0, 0, 2, 4, 0, 1, 2, 1, 0, 3, 2, 3, 2, 4, 0, 0, 1, 4, 2, 1, 3, 0, 2, 0, 3, 0, 1, 2, 1, 2, 1, 0, 3, 0, 4, 1, 1, 2, 4, 0, 2, 1, 2, 3, 3, 1, 0, 1, 4, 0, 4, 0, 1, 2, 1, 4, 1, 1, 2, 4, 2, 2, 2, 1, 1, 4, 2]|[0, 2, 0, 0, 1, 0, 0, 0, 0, 2, 3, 0, 1, 1, 0, 0, 0, 0, 1, 0, 1, 1, 0, 2, 1, 1, 0, 0, 0, 3, 3, 0, 1, 0, 0, 1, 2, 1, 0, 1, 0, 0, 1, 0, 1, 1, 0, 0, 3, 1, 2, 0, 0, 1, 0, 0, 0, 1, 0, 0, 1, 0, 3, 1, 0, 0, 0, 1, 0, 0, 1, 2, 0, 3, 0, 1, 3, 1, 0, 3, 0, 2, 0, 0, 0, 0, 1, 0, 1, 0, 0, 0, 1, 0, 0, 0, 0, 1, 1, 1]
event=1246:G4_BALANCED:action:mode=explore,state=1,draw=0.887080926988285,action=2
event=1247:G4_BALANCED:tournament:reason=action2,left=27,right=35,selected=[66, 68, 32, 92, 86, 48, 3, 69, 70, 13, 60, 50, 93, 15, 52, 23, 1, 59, 76, 67, 58, 17, 77, 75, 28, 41, 95, 44, 36, 35, 26, 7, 0, 79, 88, 94, 46, 54, 71, 53, 29, 56, 65, 39, 34, 8, 49, 33, 55, 14, 37, 72, 38, 78, 40, 98, 89, 27, 47, 80, 30, 11, 5, 96, 2, 16, 83, 6, 51, 42, 24, 90, 81, 22, 64, 21, 87, 19, 18, 84, 62, 63, 91, 45, 10, 61, 31, 57, 99, 43, 82, 85, 9, 20, 74, 73, 12, 4, 25, 97]|[1, 1, 0, 1, 2, 2, 1, 2, 0, 2, 1, 0, 1, 0, 0, 0, 1, 2, 0, 2, 0, 0, 2, 0, 2, 2, 1, 1, 2, 0, 2, 1, 1, 1, 1, 0, 0, 1, 0, 1, 2, 1, 0, 0, 1, 0, 1, 0, 0, 1, 0, 0, 0, 0, 1, 2, 2, 1, 0, 2, 2, 1, 1, 1, 2, 2, 1, 0, 0, 0, 2, 1, 0, 1, 2, 2, 2, 2, 2, 1, 0, 1, 2, 0, 0, 2, 1, 0, 2, 1, 2, 0, 1, 0, 0, 1, 0, 1, 2, 0]|[4, 4, 1, 4, 1, 2, 4, 2, 0, 2, 4, 0, 4, 1, 2, 1, 4, 1, 1, 1, 0, 2, 2, 1, 2, 1, 3, 3, 1, 0, 1, 4, 4, 0, 0, 0, 2, 4, 1, 3, 2, 3, 0, 0, 3, 2, 4, 2, 2, 0, 2, 1, 1, 1, 3, 2, 2, 3, 0, 1, 1, 3, 3, 4, 1, 1, 3, 2, 2, 0, 0, 4, 2, 4, 1, 1, 1, 1, 1, 4, 0, 3, 1, 2, 2, 1, 4, 0, 1, 3, 1, 1, 4, 0, 2, 3, 2, 4, 1, 2]|[0, 1, 0, 0, 1, 0, 1, 0, 0, 0, 3, 0, 1, 1, 0, 0, 0, 0, 0, 0, 1, 0, 0, 1, 1, 0, 3, 3, 0, 0, 0, 2, 0, 0, 0, 0, 0, 3, 0, 1, 0, 1, 1, 0, 1, 0, 0, 1, 0, 0, 1, 0, 0, 0, 1, 0, 0, 1, 0, 0, 0, 0, 0, 1, 0, 0, 1, 1, 0, 0, 0, 2, 0, 2, 0, 0, 0, 0, 0, 1, 0, 0, 0, 1, 1, 0, 0, 0, 0, 3, 0, 1, 1, 0, 0, 0, 0, 2, 0, 0]
event=1248:G4_BALANCED:leader:action=2,fingerprint=[66, 68, 32, 92, 86, 48, 3, 69, 70, 13, 60, 50, 93, 15, 52, 23, 1, 59, 76, 67, 58, 17, 77, 75, 28, 41, 95, 44, 36, 35, 26, 7, 0, 79, 88, 94, 46, 54, 71, 53, 29, 56, 65, 39, 34, 8, 49, 33, 55, 14, 37, 72, 38, 78, 40, 98, 89, 27, 47, 80, 30, 11, 5, 96, 2, 16, 83, 6, 51, 42, 24, 90, 81, 22, 64, 21, 87, 19, 18, 84, 62, 63, 91, 45, 10, 61, 31, 57, 99, 43, 82, 85, 9, 20, 74, 73, 12, 4, 25, 97]|[1, 1, 0, 1, 2, 2, 1, 2, 0, 2, 1, 0, 1, 0, 0, 0, 1, 2, 0, 2, 0, 0, 2, 0, 2, 2, 1, 1, 2, 0, 2, 1, 1, 1, 1, 0, 0, 1, 0, 1, 2, 1, 0, 0, 1, 0, 1, 0, 0, 1, 0, 0, 0, 0, 1, 2, 2, 1, 0, 2, 2, 1, 1, 1, 2, 2, 1, 0, 0, 0, 2, 1, 0, 1, 2, 2, 2, 2, 2, 1, 0, 1, 2, 0, 0, 2, 1, 0, 2, 1, 2, 0, 1, 0, 0, 1, 0, 1, 2, 0]|[4, 4, 1, 4, 1, 2, 4, 2, 0, 2, 4, 0, 4, 1, 2, 1, 4, 1, 1, 1, 0, 2, 2, 1, 2, 1, 3, 3, 1, 0, 1, 4, 4, 0, 0, 0, 2, 4, 1, 3, 2, 3, 0, 0, 3, 2, 4, 2, 2, 0, 2, 1, 1, 1, 3, 2, 2, 3, 0, 1, 1, 3, 3, 4, 1, 1, 3, 2, 2, 0, 0, 4, 2, 4, 1, 1, 1, 1, 1, 4, 0, 3, 1, 2, 2, 1, 4, 0, 1, 3, 1, 1, 4, 0, 2, 3, 2, 4, 1, 2]|[0, 1, 0, 0, 1, 0, 1, 0, 0, 0, 3, 0, 1, 1, 0, 0, 0, 0, 0, 0, 1, 0, 0, 1, 1, 0, 3, 3, 0, 0, 0, 2, 0, 0, 0, 0, 0, 3, 0, 1, 0, 1, 1, 0, 1, 0, 0, 1, 0, 0, 1, 0, 0, 0, 1, 0, 0, 1, 0, 0, 0, 0, 0, 1, 0, 0, 1, 1, 0, 0, 0, 2, 0, 2, 0, 0, 0, 0, 0, 1, 0, 0, 0, 1, 1, 0, 0, 0, 0, 3, 0, 1, 1, 0, 0, 0, 0, 2, 0, 0]
event=1249:G2_TEC:action:mode=explore,state=0,draw=0.9882267847022095,action=0
event=1250:G2_TEC:leader:action=0,fingerprint=[66, 68, 32, 92, 86, 48, 3, 69, 70, 13, 60, 50, 93, 15, 52, 23, 1, 59, 76, 67, 58, 17, 77, 75, 28, 41, 95, 44, 36, 35, 26, 7, 0, 79, 88, 94, 46, 54, 71, 53, 29, 56, 65, 39, 34, 8, 49, 33, 55, 14, 37, 72, 38, 78, 40, 98, 89, 27, 47, 80, 30, 11, 5, 96, 2, 16, 83, 6, 51, 42, 24, 90, 81, 22, 64, 21, 87, 19, 18, 84, 62, 63, 91, 45, 99, 61, 10, 9, 31, 20, 85, 12, 97, 43, 82, 57, 25, 74, 73, 4]|[1, 1, 0, 1, 2, 2, 1, 2, 0, 2, 1, 0, 1, 0, 0, 0, 1, 2, 0, 2, 0, 0, 2, 0, 2, 2, 0, 1, 2, 0, 2, 2, 1, 1, 1, 0, 0, 1, 0, 1, 2, 1, 0, 0, 1, 0, 1, 1, 0, 2, 1, 0, 0, 0, 1, 1, 2, 1, 0, 1, 2, 1, 1, 1, 2, 2, 1, 2, 0, 0, 1, 2, 0, 1, 2, 2, 2, 1, 2, 1, 0, 2, 2, 0, 2, 2, 0, 2, 1, 1, 0, 0, 0, 1, 2, 2, 2, 0, 1, 1]|[4, 4, 1, 4, 1, 2, 4, 2, 1, 2, 4, 0, 4, 1, 0, 1, 4, 1, 1, 1, 0, 2, 2, 1, 2, 1, 0, 3, 1, 0, 1, 1, 4, 0, 0, 0, 2, 4, 1, 3, 2, 3, 0, 0, 3, 2, 4, 1, 2, 1, 4, 2, 1, 1, 3, 4, 2, 3, 0, 4, 1, 3, 3, 4, 1, 1, 3, 1, 2, 0, 4, 1, 2, 4, 1, 1, 1, 3, 1, 4, 0, 1, 1, 2, 1, 1, 2, 1, 3, 3, 2, 2, 2, 3, 1, 1, 1, 2, 3, 4]|[0, 1, 0, 0, 1, 0, 1, 0, 0, 0, 3, 0, 1, 1, 0, 0, 0, 0, 0, 0, 1, 0, 0, 1, 1, 0, 0, 3, 0, 0, 0, 0, 0, 0, 0, 0, 0, 3, 0, 1, 0, 1, 1, 0, 1, 1, 2, 1, 0, 1, 2, 0, 0, 0, 1, 3, 0, 1, 0, 1, 0, 0, 0, 2, 0, 0, 1, 0, 0, 0, 1, 0, 0, 2, 0, 0, 0, 1, 0, 1, 0, 0, 0, 0, 0, 0, 1, 0, 3, 3, 0, 0, 0, 3, 0, 0, 0, 0, 0, 2]
event=1251:G3_TWC:action:mode=exploit,state=1,draw=0.11890294227517284,action=1
event=1252:G3_TWC:leader:action=1,fingerprint=[66, 68, 55, 92, 86, 48, 24, 89, 70, 13, 60, 50, 93, 15, 25, 52, 1, 59, 76, 67, 65, 73, 77, 75, 28, 26, 35, 36, 94, 95, 41, 6, 7, 0, 79, 33, 46, 58, 32, 88, 54, 71, 53, 29, 56, 8, 49, 39, 34, 14, 37, 72, 38, 23, 40, 98, 69, 27, 47, 80, 17, 63, 83, 44, 57, 11, 5, 82, 61, 16, 45, 51, 42, 3, 90, 81, 91, 21, 87, 19, 18, 9, 62, 22, 99, 64, 10, 2, 31, 43, 30, 85, 84, 20, 74, 12, 78, 4, 96, 97]|[1, 1, 0, 1, 1, 2, 2, 0, 2, 1, 1, 0, 1, 0, 0, 0, 0, 2, 0, 2, 1, 0, 2, 1, 2, 2, 0, 2, 0, 1, 2, 2, 2, 1, 1, 0, 1, 0, 0, 0, 1, 0, 1, 2, 1, 0, 1, 0, 1, 2, 1, 0, 0, 1, 1, 2, 0, 1, 0, 2, 0, 2, 1, 0, 0, 1, 1, 1, 2, 2, 0, 1, 0, 1, 2, 1, 1, 1, 2, 1, 2, 1, 0, 1, 0, 2, 0, 2, 1, 1, 2, 1, 1, 0, 0, 0, 2, 0, 1, 0]|[1, 0, 2, 4, 3, 2, 0, 1, 1, 0, 1, 2, 4, 1, 2, 0, 0, 1, 1, 2, 4, 2, 2, 0, 1, 1, 0, 2, 0, 3, 1, 1, 2, 0, 0, 2, 4, 0, 1, 2, 4, 0, 3, 2, 3, 2, 4, 0, 0, 1, 4, 2, 1, 3, 0, 2, 0, 3, 0, 1, 2, 1, 2, 2, 0, 3, 0, 4, 1, 1, 2, 4, 0, 2, 1, 4, 3, 3, 1, 0, 1, 4, 0, 4, 0, 1, 2, 1, 4, 3, 1, 3, 4, 2, 2, 2, 1, 1, 4, 2]|[0, 2, 0, 0, 1, 0, 0, 0, 0, 2, 3, 0, 1, 1, 0, 0, 0, 0, 1, 0, 1, 1, 0, 2, 1, 1, 0, 0, 0, 3, 0, 0, 1, 0, 0, 1, 2, 1, 0, 1, 3, 0, 1, 0, 1, 1, 0, 0, 3, 1, 2, 0, 0, 1, 0, 0, 0, 1, 0, 0, 1, 0, 3, 1, 0, 0, 0, 1, 0, 0, 1, 2, 0, 3, 0, 1, 3, 1, 0, 3, 0, 2, 0, 0, 0, 0, 1, 0, 1, 3, 0, 3, 1, 0, 0, 0, 0, 1, 1, 1]
event=1253:G1_CMAX:update:state=1,action=2,reward=-38.58445485437494,nextState=1,old=-260.3510420937165,new=-246.86528852934816
event=1254:G2_TEC:update:state=0,action=0,reward=-62.78734520065336,nextState=1,old=-500.0999393536049,new=-323.60606349585487
event=1255:G3_TWC:update:state=1,action=1,reward=-2652.940893109233,nextState=1,old=-6885.153000955452,new=-8161.063293873594
event=1256:G4_BALANCED:update:state=1,action=2,reward=-0.19818997202209465,nextState=1,old=-0.7196552503773711,new=-0.7739141723239915
event=1257:G1_CMAX:action:mode=exploit,state=1,draw=0.46730380633347723,action=2
event=1258:G1_CMAX:tournament:reason=action2,left=13,right=19,selected=[66, 68, 55, 92, 86, 48, 24, 89, 70, 13, 60, 50, 93, 15, 25, 52, 1, 59, 76, 67, 65, 17, 77, 75, 28, 26, 35, 36, 94, 95, 41, 6, 7, 0, 79, 33, 46, 58, 32, 88, 54, 71, 53, 29, 56, 8, 49, 39, 34, 14, 37, 72, 38, 23, 40, 98, 69, 27, 47, 80, 73, 63, 83, 44, 57, 11, 5, 82, 62, 16, 45, 51, 42, 3, 90, 81, 91, 21, 87, 19, 18, 9, 61, 22, 99, 64, 97, 2, 31, 43, 30, 85, 84, 20, 12, 74, 78, 4, 96, 10]|[1, 1, 0, 1, 1, 2, 2, 0, 2, 1, 1, 0, 1, 0, 0, 0, 0, 2, 0, 2, 1, 0, 2, 0, 2, 2, 0, 2, 0, 1, 2, 2, 2, 1, 1, 0, 1, 0, 0, 1, 1, 0, 1, 2, 1, 0, 1, 0, 1, 2, 1, 0, 0, 1, 1, 2, 0, 1, 0, 2, 0, 2, 1, 0, 0, 1, 1, 1, 0, 2, 0, 1, 0, 1, 2, 1, 1, 1, 2, 1, 2, 1, 2, 1, 0, 2, 0, 2, 1, 2, 0, 1, 0, 0, 1, 0, 2, 0, 1, 0]|[1, 0, 2, 4, 3, 1, 0, 1, 1, 0, 1, 2, 4, 1, 2, 0, 0, 1, 1, 2, 4, 2, 2, 1, 1, 1, 0, 2, 0, 3, 1, 1, 2, 0, 0, 2, 4, 0, 1, 4, 4, 0, 3, 2, 3, 2, 4, 0, 0, 1, 4, 2, 1, 3, 0, 2, 0, 3, 0, 1, 2, 1, 2, 1, 0, 3, 0, 4, 0, 1, 2, 4, 0, 2, 1, 4, 3, 3, 1, 0, 1, 4, 1, 4, 0, 1, 2, 1, 4, 1, 2, 3, 2, 2, 2, 2, 1, 1, 4, 2]|[0, 2, 0, 0, 1, 0, 0, 0, 0, 2, 3, 0, 1, 1, 0, 0, 0, 0, 1, 0, 1, 0, 0, 1, 1, 1, 0, 0, 0, 3, 0, 0, 1, 0, 0, 1, 2, 1, 0, 0, 3, 0, 1, 0, 1, 1, 0, 0, 3, 1, 2, 0, 0, 1, 0, 0, 0, 1, 0, 0, 1, 0, 3, 1, 0, 0, 0, 1, 0, 0, 1, 2, 0, 3, 0, 1, 3, 1, 0, 3, 0, 2, 0, 1, 0, 0, 1, 0, 1, 0, 1, 3, 0, 0, 2, 0, 0, 1, 1, 1]
event=1259:G1_CMAX:leader:action=2,fingerprint=[66, 68, 55, 92, 86, 48, 24, 89, 70, 13, 60, 50, 93, 15, 25, 52, 1, 59, 76, 67, 65, 17, 77, 75, 28, 26, 35, 36, 94, 95, 41, 6, 7, 0, 79, 33, 46, 58, 32, 88, 54, 71, 53, 29, 56, 8, 49, 39, 34, 14, 37, 72, 38, 23, 40, 98, 69, 27, 47, 80, 73, 63, 83, 44, 57, 11, 5, 82, 62, 16, 45, 51, 42, 3, 90, 81, 91, 21, 87, 19, 18, 9, 61, 22, 99, 64, 97, 2, 31, 43, 30, 85, 84, 20, 12, 74, 78, 4, 96, 10]|[1, 1, 0, 1, 1, 2, 2, 0, 2, 1, 1, 0, 1, 0, 0, 0, 0, 2, 0, 2, 1, 0, 2, 0, 2, 2, 0, 2, 0, 1, 2, 2, 2, 1, 1, 0, 1, 0, 0, 1, 1, 0, 1, 2, 1, 0, 1, 0, 1, 2, 1, 0, 0, 1, 1, 2, 0, 1, 0, 2, 0, 2, 1, 0, 0, 1, 1, 1, 0, 2, 0, 1, 0, 1, 2, 1, 1, 1, 2, 1, 2, 1, 2, 1, 0, 2, 0, 2, 1, 2, 0, 1, 0, 0, 1, 0, 2, 0, 1, 0]|[1, 0, 2, 4, 3, 1, 0, 1, 1, 0, 1, 2, 4, 1, 2, 0, 0, 1, 1, 2, 4, 2, 2, 1, 1, 1, 0, 2, 0, 3, 1, 1, 2, 0, 0, 2, 4, 0, 1, 4, 4, 0, 3, 2, 3, 2, 4, 0, 0, 1, 4, 2, 1, 3, 0, 2, 0, 3, 0, 1, 2, 1, 2, 1, 0, 3, 0, 4, 0, 1, 2, 4, 0, 2, 1, 4, 3, 3, 1, 0, 1, 4, 1, 4, 0, 1, 2, 1, 4, 1, 2, 3, 2, 2, 2, 2, 1, 1, 4, 2]|[0, 2, 0, 0, 1, 0, 0, 0, 0, 2, 3, 0, 1, 1, 0, 0, 0, 0, 1, 0, 1, 0, 0, 1, 1, 1, 0, 0, 0, 3, 0, 0, 1, 0, 0, 1, 2, 1, 0, 0, 3, 0, 1, 0, 1, 1, 0, 0, 3, 1, 2, 0, 0, 1, 0, 0, 0, 1, 0, 0, 1, 0, 3, 1, 0, 0, 0, 1, 0, 0, 1, 2, 0, 3, 0, 1, 3, 1, 0, 3, 0, 2, 0, 1, 0, 0, 1, 0, 1, 0, 1, 3, 0, 0, 2, 0, 0, 1, 1, 1]
event=1260:G4_BALANCED:action:mode=exploit,state=1,draw=0.2438514626009577,action=0
event=1261:G4_BALANCED:leader:action=0,fingerprint=[66, 68, 32, 92, 86, 48, 3, 69, 70, 13, 60, 50, 93, 15, 52, 23, 1, 59, 76, 67, 58, 17, 77, 75, 28, 41, 95, 44, 36, 35, 26, 7, 0, 79, 88, 94, 46, 54, 71, 53, 29, 56, 65, 39, 34, 8, 49, 33, 55, 14, 37, 72, 38, 78, 40, 98, 89, 27, 47, 80, 30, 11, 5, 96, 2, 16, 83, 6, 51, 42, 24, 90, 81, 22, 64, 21, 87, 19, 18, 84, 62, 63, 91, 45, 10, 61, 31, 57, 99, 43, 82, 85, 9, 20, 74, 73, 12, 4, 25, 97]|[1, 1, 0, 1, 2, 2, 1, 2, 0, 2, 1, 0, 1, 0, 0, 0, 1, 2, 0, 2, 0, 0, 2, 0, 2, 2, 1, 1, 2, 0, 2, 1, 1, 1, 1, 0, 0, 1, 0, 1, 2, 1, 0, 0, 1, 0, 1, 0, 0, 1, 0, 0, 0, 0, 1, 2, 2, 1, 0, 2, 2, 1, 1, 1, 2, 2, 1, 0, 0, 0, 2, 1, 0, 1, 2, 2, 2, 2, 2, 1, 0, 1, 2, 0, 0, 2, 1, 0, 2, 1, 2, 0, 1, 0, 0, 1, 0, 1, 2, 0]|[4, 4, 1, 4, 1, 2, 4, 2, 0, 2, 4, 0, 4, 1, 2, 1, 4, 1, 1, 1, 0, 2, 2, 1, 2, 1, 3, 3, 1, 0, 1, 4, 4, 0, 0, 0, 2, 4, 1, 3, 2, 3, 0, 0, 3, 2, 4, 2, 2, 0, 2, 1, 1, 1, 3, 2, 2, 3, 0, 1, 1, 3, 3, 4, 1, 1, 3, 2, 2, 0, 0, 4, 2, 4, 1, 1, 1, 1, 1, 4, 0, 3, 1, 2, 2, 1, 4, 0, 1, 3, 1, 1, 4, 0, 2, 3, 2, 4, 1, 2]|[0, 1, 0, 0, 1, 0, 1, 0, 0, 0, 3, 0, 1, 1, 0, 0, 0, 0, 0, 0, 1, 0, 0, 1, 1, 0, 3, 3, 0, 0, 0, 2, 0, 0, 0, 0, 0, 3, 0, 1, 0, 1, 1, 0, 1, 0, 0, 1, 0, 0, 1, 0, 0, 0, 1, 0, 0, 1, 0, 0, 0, 0, 0, 1, 0, 0, 1, 1, 0, 0, 0, 2, 0, 2, 0, 0, 0, 0, 0, 1, 0, 0, 0, 1, 1, 0, 0, 0, 0, 3, 0, 1, 1, 0, 0, 0, 0, 2, 0, 0]
event=1262:G2_TEC:action:mode=exploit,state=1,draw=0.4884105228976252,action=0
event=1263:G2_TEC:leader:action=0,fingerprint=[66, 68, 32, 92, 86, 48, 3, 69, 70, 13, 60, 50, 93, 15, 52, 23, 1, 59, 76, 67, 58, 17, 77, 75, 28, 41, 95, 44, 36, 35, 26, 7, 0, 79, 88, 94, 46, 54, 71, 53, 29, 56, 65, 39, 34, 8, 49, 33, 55, 14, 37, 72, 38, 78, 40, 98, 89, 27, 47, 80, 30, 11, 5, 96, 2, 16, 83, 6, 51, 42, 24, 90, 81, 22, 64, 21, 87, 19, 18, 84, 62, 63, 91, 45, 99, 61, 10, 9, 31, 20, 85, 12, 97, 43, 82, 57, 25, 74, 73, 4]|[1, 1, 0, 1, 2, 2, 1, 2, 0, 2, 1, 0, 1, 0, 0, 0, 1, 2, 0, 2, 0, 0, 2, 0, 2, 2, 0, 1, 2, 0, 2, 2, 1, 1, 1, 0, 0, 1, 0, 1, 2, 1, 0, 0, 1, 0, 1, 1, 0, 2, 1, 0, 0, 0, 1, 1, 2, 1, 0, 1, 2, 1, 1, 1, 2, 2, 1, 2, 0, 0, 1, 2, 0, 1, 2, 2, 2, 1, 2, 1, 0, 2, 2, 0, 2, 2, 0, 2, 1, 1, 0, 0, 0, 1, 2, 2, 2, 0, 1, 1]|[4, 4, 1, 4, 1, 2, 4, 2, 1, 2, 4, 0, 4, 1, 0, 1, 4, 1, 1, 1, 0, 2, 2, 1, 2, 1, 0, 3, 1, 0, 1, 1, 4, 0, 0, 0, 2, 4, 1, 3, 2, 3, 0, 0, 3, 2, 4, 1, 2, 1, 4, 2, 1, 1, 3, 4, 2, 3, 0, 4, 1, 3, 3, 4, 1, 1, 3, 1, 2, 0, 4, 1, 2, 4, 1, 1, 1, 3, 1, 4, 0, 1, 1, 2, 1, 1, 2, 1, 3, 3, 2, 2, 2, 3, 1, 1, 1, 2, 3, 4]|[0, 1, 0, 0, 1, 0, 1, 0, 0, 0, 3, 0, 1, 1, 0, 0, 0, 0, 0, 0, 1, 0, 0, 1, 1, 0, 0, 3, 0, 0, 0, 0, 0, 0, 0, 0, 0, 3, 0, 1, 0, 1, 1, 0, 1, 1, 2, 1, 0, 1, 2, 0, 0, 0, 1, 3, 0, 1, 0, 1, 0, 0, 0, 2, 0, 0, 1, 0, 0, 0, 1, 0, 0, 2, 0, 0, 0, 1, 0, 1, 0, 0, 0, 0, 0, 0, 1, 0, 3, 3, 0, 0, 0, 3, 0, 0, 0, 0, 0, 2]
event=1264:G3_TWC:action:mode=exploit,state=1,draw=0.2547420575974366,action=1
event=1265:G3_TWC:leader:action=1,fingerprint=[66, 68, 55, 92, 86, 48, 24, 89, 70, 13, 60, 50, 93, 15, 25, 52, 1, 59, 76, 67, 65, 73, 77, 75, 28, 26, 35, 36, 94, 95, 41, 6, 7, 0, 79, 33, 46, 58, 32, 88, 54, 71, 53, 29, 56, 8, 49, 39, 34, 14, 37, 72, 38, 23, 40, 98, 69, 27, 47, 80, 17, 63, 83, 44, 57, 11, 5, 82, 61, 16, 45, 51, 42, 3, 90, 81, 91, 21, 87, 19, 18, 9, 62, 22, 99, 64, 10, 2, 31, 43, 30, 85, 84, 20, 74, 12, 78, 4, 96, 97]|[1, 1, 0, 1, 1, 2, 2, 0, 2, 1, 1, 0, 1, 0, 0, 0, 0, 2, 0, 2, 1, 0, 2, 1, 2, 2, 0, 2, 0, 1, 2, 2, 2, 1, 1, 0, 1, 0, 0, 0, 1, 0, 1, 2, 1, 0, 1, 0, 1, 2, 1, 0, 0, 1, 1, 2, 0, 1, 0, 2, 0, 2, 1, 0, 0, 1, 1, 1, 2, 2, 0, 1, 0, 1, 2, 1, 1, 1, 2, 1, 2, 1, 0, 1, 0, 2, 0, 2, 1, 1, 2, 1, 1, 0, 0, 0, 2, 0, 1, 0]|[1, 0, 2, 4, 3, 2, 0, 1, 1, 0, 1, 2, 4, 1, 2, 0, 0, 1, 1, 2, 4, 2, 2, 0, 1, 1, 0, 2, 0, 3, 1, 1, 2, 0, 0, 2, 4, 0, 1, 2, 4, 0, 3, 2, 3, 2, 4, 0, 0, 1, 4, 2, 1, 3, 0, 2, 0, 3, 0, 1, 2, 1, 2, 2, 0, 3, 0, 4, 1, 1, 2, 4, 0, 2, 1, 4, 3, 3, 1, 0, 1, 4, 0, 4, 0, 1, 2, 1, 4, 3, 1, 3, 4, 2, 2, 2, 1, 1, 4, 2]|[0, 2, 0, 0, 1, 0, 0, 0, 0, 2, 3, 0, 1, 1, 0, 0, 0, 0, 1, 0, 1, 1, 0, 2, 1, 1, 0, 0, 0, 3, 0, 0, 1, 0, 0, 1, 2, 1, 0, 1, 3, 0, 1, 0, 1, 1, 0, 0, 3, 1, 2, 0, 0, 1, 0, 0, 0, 1, 0, 0, 1, 0, 3, 1, 0, 0, 0, 1, 0, 0, 1, 2, 0, 3, 0, 1, 3, 1, 0, 3, 0, 2, 0, 0, 0, 0, 1, 0, 1, 3, 0, 3, 1, 0, 0, 0, 0, 1, 1, 1]
event=1266:G1_CMAX:update:state=1,action=2,reward=-29.07858502234592,nextState=1,old=-246.86528852934816,new=-226.57081584582446
event=1267:G2_TEC:update:state=1,action=0,reward=-527.9364534350461,nextState=1,old=-326.0233978690019,new=-788.7551717302476
event=1268:G3_TWC:update:state=1,action=1,reward=-1668.3816853444296,nextState=1,old=-8161.063293873594,new=-8197.232320443305
event=1269:G4_BALANCED:update:state=1,action=0,reward=-0.16318026498157268,nextState=1,old=-0.7631007925528073,new=-0.7736608990238185
event=1270:G1_CMAX:action:mode=exploit,state=1,draw=0.6876352632725243,action=2
event=1271:G1_CMAX:tournament:reason=action2,left=56,right=13,selected=[66, 68, 32, 92, 86, 48, 3, 69, 70, 13, 60, 50, 93, 15, 52, 23, 1, 59, 76, 67, 58, 46, 79, 0, 7, 41, 95, 44, 36, 35, 26, 28, 75, 77, 88, 94, 17, 54, 71, 53, 29, 56, 65, 39, 34, 14, 37, 72, 55, 8, 49, 22, 38, 25, 40, 98, 33, 27, 47, 80, 30, 73, 83, 89, 57, 11, 5, 82, 61, 16, 45, 51, 42, 24, 90, 81, 91, 21, 87, 19, 18, 9, 62, 6, 99, 64, 10, 2, 31, 43, 63, 85, 84, 12, 74, 20, 78, 96, 97, 4]|[1, 1, 0, 1, 2, 2, 1, 0, 0, 2, 1, 0, 1, 0, 0, 0, 1, 2, 0, 2, 0, 1, 1, 0, 2, 2, 2, 0, 0, 2, 0, 2, 1, 1, 0, 0, 0, 1, 0, 1, 2, 0, 2, 0, 1, 2, 1, 0, 0, 0, 1, 1, 0, 2, 2, 2, 0, 1, 0, 1, 2, 2, 2, 0, 0, 1, 1, 1, 2, 2, 1, 0, 0, 2, 2, 0, 1, 2, 2, 0, 2, 1, 0, 1, 2, 2, 0, 2, 1, 2, 2, 1, 2, 0, 0, 0, 2, 1, 0, 0]|[1, 0, 1, 4, 1, 2, 2, 0, 0, 2, 1, 0, 4, 1, 0, 1, 4, 1, 1, 1, 0, 4, 4, 1, 2, 1, 2, 1, 0, 2, 2, 1, 0, 0, 2, 0, 2, 4, 0, 3, 2, 0, 1, 0, 3, 1, 4, 2, 0, 2, 4, 3, 1, 2, 2, 2, 2, 3, 2, 4, 1, 1, 1, 1, 0, 3, 3, 4, 1, 1, 4, 2, 0, 0, 1, 2, 3, 1, 1, 2, 1, 4, 0, 4, 1, 1, 2, 1, 3, 1, 1, 3, 1, 1, 2, 2, 1, 4, 2, 1]|[0, 2, 0, 0, 1, 0, 3, 0, 0, 0, 3, 0, 1, 1, 0, 0, 0, 0, 0, 0, 1, 2, 0, 1, 1, 0, 0, 1, 0, 0, 0, 1, 2, 0, 1, 0, 1, 3, 0, 1, 0, 0, 0, 0, 1, 1, 2, 0, 0, 1, 0, 1, 0, 0, 0, 0, 0, 1, 1, 2, 0, 0, 0, 0, 0, 0, 0, 1, 0, 0, 1, 0, 0, 0, 0, 0, 3, 0, 0, 1, 0, 2, 0, 2, 0, 0, 0, 0, 3, 0, 0, 3, 0, 0, 0, 0, 0, 1, 0, 1]
event=1272:G1_CMAX:leader:action=2,fingerprint=[66, 68, 32, 92, 86, 48, 3, 69, 70, 13, 60, 50, 93, 15, 52, 23, 1, 59, 76, 67, 58, 46, 79, 0, 7, 41, 95, 44, 36, 35, 26, 28, 75, 77, 88, 94, 17, 54, 71, 53, 29, 56, 65, 39, 34, 14, 37, 72, 55, 8, 49, 22, 38, 25, 40, 98, 33, 27, 47, 80, 30, 73, 83, 89, 57, 11, 5, 82, 61, 16, 45, 51, 42, 24, 90, 81, 91, 21, 87, 19, 18, 9, 62, 6, 99, 64, 10, 2, 31, 43, 63, 85, 84, 12, 74, 20, 78, 96, 97, 4]|[1, 1, 0, 1, 2, 2, 1, 0, 0, 2, 1, 0, 1, 0, 0, 0, 1, 2, 0, 2, 0, 1, 1, 0, 2, 2, 2, 0, 0, 2, 0, 2, 1, 1, 0, 0, 0, 1, 0, 1, 2, 0, 2, 0, 1, 2, 1, 0, 0, 0, 1, 1, 0, 2, 2, 2, 0, 1, 0, 1, 2, 2, 2, 0, 0, 1, 1, 1, 2, 2, 1, 0, 0, 2, 2, 0, 1, 2, 2, 0, 2, 1, 0, 1, 2, 2, 0, 2, 1, 2, 2, 1, 2, 0, 0, 0, 2, 1, 0, 0]|[1, 0, 1, 4, 1, 2, 2, 0, 0, 2, 1, 0, 4, 1, 0, 1, 4, 1, 1, 1, 0, 4, 4, 1, 2, 1, 2, 1, 0, 2, 2, 1, 0, 0, 2, 0, 2, 4, 0, 3, 2, 0, 1, 0, 3, 1, 4, 2, 0, 2, 4, 3, 1, 2, 2, 2, 2, 3, 2, 4, 1, 1, 1, 1, 0, 3, 3, 4, 1, 1, 4, 2, 0, 0, 1, 2, 3, 1, 1, 2, 1, 4, 0, 4, 1, 1, 2, 1, 3, 1, 1, 3, 1, 1, 2, 2, 1, 4, 2, 1]|[0, 2, 0, 0, 1, 0, 3, 0, 0, 0, 3, 0, 1, 1, 0, 0, 0, 0, 0, 0, 1, 2, 0, 1, 1, 0, 0, 1, 0, 0, 0, 1, 2, 0, 1, 0, 1, 3, 0, 1, 0, 0, 0, 0, 1, 1, 2, 0, 0, 1, 0, 1, 0, 0, 0, 0, 0, 1, 1, 2, 0, 0, 0, 0, 0, 0, 0, 1, 0, 0, 1, 0, 0, 0, 0, 0, 3, 0, 0, 1, 0, 2, 0, 2, 0, 0, 0, 0, 3, 0, 0, 3, 0, 0, 0, 0, 0, 1, 0, 1]
event=1273:G4_BALANCED:action:mode=exploit,state=1,draw=0.2132351348841799,action=0
event=1274:G4_BALANCED:leader:action=0,fingerprint=[66, 68, 32, 92, 86, 48, 3, 69, 70, 13, 60, 50, 93, 15, 52, 23, 1, 59, 76, 67, 58, 17, 77, 75, 28, 41, 95, 44, 36, 35, 26, 7, 0, 79, 88, 94, 46, 54, 71, 53, 29, 56, 65, 39, 34, 8, 49, 33, 55, 14, 37, 72, 38, 78, 40, 98, 89, 27, 47, 80, 30, 11, 5, 96, 2, 16, 83, 6, 51, 42, 24, 90, 81, 22, 64, 21, 87, 19, 18, 84, 62, 63, 91, 45, 10, 61, 31, 57, 99, 43, 82, 85, 9, 20, 74, 73, 12, 4, 25, 97]|[1, 1, 0, 1, 2, 2, 1, 2, 0, 2, 1, 0, 1, 0, 0, 0, 1, 2, 0, 2, 0, 0, 2, 0, 2, 2, 1, 1, 2, 0, 2, 1, 1, 1, 1, 0, 0, 1, 0, 1, 2, 1, 0, 0, 1, 0, 1, 0, 0, 1, 0, 0, 0, 0, 1, 2, 2, 1, 0, 2, 2, 1, 1, 1, 2, 2, 1, 0, 0, 0, 2, 1, 0, 1, 2, 2, 2, 2, 2, 1, 0, 1, 2, 0, 0, 2, 1, 0, 2, 1, 2, 0, 1, 0, 0, 1, 0, 1, 2, 0]|[4, 4, 1, 4, 1, 2, 4, 2, 0, 2, 4, 0, 4, 1, 2, 1, 4, 1, 1, 1, 0, 2, 2, 1, 2, 1, 3, 3, 1, 0, 1, 4, 4, 0, 0, 0, 2, 4, 1, 3, 2, 3, 0, 0, 3, 2, 4, 2, 2, 0, 2, 1, 1, 1, 3, 2, 2, 3, 0, 1, 1, 3, 3, 4, 1, 1, 3, 2, 2, 0, 0, 4, 2, 4, 1, 1, 1, 1, 1, 4, 0, 3, 1, 2, 2, 1, 4, 0, 1, 3, 1, 1, 4, 0, 2, 3, 2, 4, 1, 2]|[0, 1, 0, 0, 1, 0, 1, 0, 0, 0, 3, 0, 1, 1, 0, 0, 0, 0, 0, 0, 1, 0, 0, 1, 1, 0, 3, 3, 0, 0, 0, 2, 0, 0, 0, 0, 0, 3, 0, 1, 0, 1, 1, 0, 1, 0, 0, 1, 0, 0, 1, 0, 0, 0, 1, 0, 0, 1, 0, 0, 0, 0, 0, 1, 0, 0, 1, 1, 0, 0, 0, 2, 0, 2, 0, 0, 0, 0, 0, 1, 0, 0, 0, 1, 1, 0, 0, 0, 0, 3, 0, 1, 1, 0, 0, 0, 0, 2, 0, 0]
event=1275:G2_TEC:action:mode=exploit,state=1,draw=0.5898367479185654,action=0
event=1276:G2_TEC:leader:action=0,fingerprint=[66, 68, 32, 92, 86, 48, 3, 69, 70, 13, 60, 50, 93, 15, 52, 23, 1, 59, 76, 67, 58, 17, 77, 75, 28, 41, 95, 44, 36, 35, 26, 7, 0, 79, 88, 94, 46, 54, 71, 53, 29, 56, 65, 39, 34, 8, 49, 33, 55, 14, 37, 72, 38, 78, 40, 98, 89, 27, 47, 80, 30, 11, 5, 96, 2, 16, 83, 6, 51, 42, 24, 90, 81, 22, 64, 21, 87, 19, 18, 84, 62, 63, 91, 45, 99, 61, 10, 9, 31, 20, 85, 12, 97, 43, 82, 57, 25, 74, 73, 4]|[1, 1, 0, 1, 2, 2, 1, 2, 0, 2, 1, 0, 1, 0, 0, 0, 1, 2, 0, 2, 0, 0, 2, 0, 2, 2, 0, 1, 2, 0, 2, 2, 1, 1, 1, 0, 0, 1, 0, 1, 2, 1, 0, 0, 1, 0, 1, 1, 0, 2, 1, 0, 0, 0, 1, 1, 2, 1, 0, 1, 2, 1, 1, 1, 2, 2, 1, 2, 0, 0, 1, 2, 0, 1, 2, 2, 2, 1, 2, 1, 0, 2, 2, 0, 2, 2, 0, 2, 1, 1, 0, 0, 0, 1, 2, 2, 2, 0, 1, 1]|[4, 4, 1, 4, 1, 2, 4, 2, 1, 2, 4, 0, 4, 1, 0, 1, 4, 1, 1, 1, 0, 2, 2, 1, 2, 1, 0, 3, 1, 0, 1, 1, 4, 0, 0, 0, 2, 4, 1, 3, 2, 3, 0, 0, 3, 2, 4, 1, 2, 1, 4, 2, 1, 1, 3, 4, 2, 3, 0, 4, 1, 3, 3, 4, 1, 1, 3, 1, 2, 0, 4, 1, 2, 4, 1, 1, 1, 3, 1, 4, 0, 1, 1, 2, 1, 1, 2, 1, 3, 3, 2, 2, 2, 3, 1, 1, 1, 2, 3, 4]|[0, 1, 0, 0, 1, 0, 1, 0, 0, 0, 3, 0, 1, 1, 0, 0, 0, 0, 0, 0, 1, 0, 0, 1, 1, 0, 0, 3, 0, 0, 0, 0, 0, 0, 0, 0, 0, 3, 0, 1, 0, 1, 1, 0, 1, 1, 2, 1, 0, 1, 2, 0, 0, 0, 1, 3, 0, 1, 0, 1, 0, 0, 0, 2, 0, 0, 1, 0, 0, 0, 1, 0, 0, 2, 0, 0, 0, 1, 0, 1, 0, 0, 0, 0, 0, 0, 1, 0, 3, 3, 0, 0, 0, 3, 0, 0, 0, 0, 0, 2]
event=1277:G3_TWC:action:mode=exploit,state=1,draw=0.41249237277127915,action=1
event=1278:G3_TWC:leader:action=1,fingerprint=[66, 68, 55, 92, 86, 48, 24, 89, 70, 13, 60, 50, 93, 15, 25, 52, 1, 59, 76, 67, 65, 73, 77, 75, 28, 26, 35, 36, 94, 95, 41, 6, 7, 0, 79, 33, 46, 58, 32, 88, 54, 71, 53, 29, 56, 8, 49, 39, 34, 14, 37, 72, 38, 23, 40, 98, 69, 27, 47, 80, 17, 63, 83, 44, 57, 11, 5, 82, 61, 16, 45, 51, 42, 3, 90, 81, 91, 21, 87, 19, 18, 9, 62, 22, 99, 64, 10, 2, 31, 43, 30, 85, 84, 20, 74, 12, 78, 4, 96, 97]|[1, 1, 0, 1, 1, 2, 2, 0, 2, 1, 1, 0, 1, 0, 0, 0, 0, 2, 0, 2, 1, 0, 2, 1, 2, 2, 0, 2, 0, 1, 2, 2, 2, 1, 1, 0, 1, 0, 0, 0, 1, 0, 1, 2, 1, 0, 1, 0, 1, 2, 1, 0, 0, 1, 1, 2, 0, 1, 0, 2, 0, 2, 1, 0, 0, 1, 1, 1, 2, 2, 0, 1, 0, 1, 2, 1, 1, 1, 2, 1, 2, 1, 0, 1, 0, 2, 0, 2, 1, 1, 2, 1, 1, 0, 0, 0, 2, 0, 1, 0]|[1, 0, 2, 4, 3, 2, 0, 1, 1, 0, 1, 2, 4, 1, 2, 0, 0, 1, 1, 2, 4, 2, 2, 0, 1, 1, 0, 2, 0, 3, 1, 1, 2, 0, 0, 2, 4, 0, 1, 2, 4, 0, 3, 2, 3, 2, 4, 0, 0, 1, 4, 2, 1, 3, 0, 2, 0, 3, 0, 1, 2, 1, 2, 2, 0, 3, 0, 4, 1, 1, 2, 4, 0, 2, 1, 4, 3, 3, 1, 0, 1, 4, 0, 4, 0, 1, 2, 1, 4, 3, 1, 3, 4, 2, 2, 2, 1, 1, 4, 2]|[0, 2, 0, 0, 1, 0, 0, 0, 0, 2, 3, 0, 1, 1, 0, 0, 0, 0, 1, 0, 1, 1, 0, 2, 1, 1, 0, 0, 0, 3, 0, 0, 1, 0, 0, 1, 2, 1, 0, 1, 3, 0, 1, 0, 1, 1, 0, 0, 3, 1, 2, 0, 0, 1, 0, 0, 0, 1, 0, 0, 1, 0, 3, 1, 0, 0, 0, 1, 0, 0, 1, 2, 0, 3, 0, 1, 3, 1, 0, 3, 0, 2, 0, 0, 0, 0, 1, 0, 1, 3, 0, 3, 1, 0, 0, 0, 0, 1, 1, 1]
event=1279:G1_CMAX:update:state=1,action=2,reward=-129.3129267758502,nextState=1,old=-226.57081584582446,new=-310.56957945250974
event=1280:G2_TEC:update:state=1,action=0,reward=103.35089210694423,nextState=0,old=-788.7551717302476,new=-155.53395868973962
event=1281:G3_TWC:update:state=1,action=1,reward=-2046.9195082533406,nextState=1,old=-8197.232320443305,new=-8604.705364607984
event=1282:G4_BALANCED:update:state=1,action=0,reward=-0.20014643982838304,nextState=1,old=-0.7736608990238185,new=-0.8190751590474379
event=1283:G1_CMAX:action:mode=exploit,state=1,draw=0.039178987328547965,action=1
event=1284:G1_CMAX:leader:action=1,fingerprint=[49, 8, 56, 29, 54, 32, 38, 58, 46, 33, 71, 79, 0, 7, 6, 41, 95, 36, 35, 26, 28, 75, 77, 65, 67, 42, 59, 1, 52, 74, 55, 15, 94, 93, 50, 60, 13, 70, 89, 24, 48, 86, 25, 68, 66, 53, 76, 34, 14, 37, 72, 88, 23, 40, 98, 69, 27, 47, 80, 73, 63, 83, 44, 57, 11, 5, 82, 61, 16, 45, 51, 3, 90, 81, 91, 21, 87, 19, 18, 9, 62, 22, 99, 64, 10, 39, 2, 31, 43, 92, 30, 85, 84, 20, 17, 78, 96, 4, 12, 97]|[1, 0, 1, 2, 1, 0, 0, 0, 1, 0, 0, 1, 1, 2, 1, 2, 1, 2, 0, 2, 2, 0, 2, 1, 2, 0, 2, 0, 0, 0, 0, 0, 0, 1, 0, 1, 1, 2, 0, 2, 2, 1, 0, 1, 1, 1, 0, 1, 2, 1, 0, 0, 0, 1, 2, 0, 1, 0, 1, 1, 2, 1, 0, 0, 1, 1, 1, 2, 2, 0, 1, 1, 2, 2, 1, 2, 2, 1, 2, 1, 0, 1, 0, 2, 0, 0, 2, 1, 1, 1, 0, 0, 1, 1, 0, 2, 1, 0, 1, 1]|[3, 2, 3, 2, 1, 1, 1, 0, 4, 2, 1, 0, 0, 2, 4, 1, 3, 2, 0, 1, 1, 1, 2, 4, 2, 1, 1, 0, 0, 2, 2, 1, 0, 4, 2, 1, 0, 1, 1, 0, 2, 3, 2, 1, 0, 3, 0, 0, 1, 4, 2, 2, 1, 0, 2, 0, 3, 2, 4, 0, 1, 2, 1, 0, 3, 0, 4, 1, 1, 2, 4, 2, 1, 2, 3, 1, 1, 0, 1, 4, 0, 4, 0, 1, 2, 0, 1, 3, 3, 1, 0, 2, 4, 2, 2, 1, 4, 1, 2, 4]|[0, 1, 1, 0, 3, 0, 0, 1, 2, 1, 0, 0, 0, 1, 2, 0, 3, 0, 0, 1, 1, 1, 0, 1, 0, 1, 0, 0, 0, 0, 0, 1, 0, 1, 0, 3, 2, 0, 0, 0, 0, 1, 0, 0, 2, 1, 0, 3, 1, 2, 0, 1, 0, 0, 0, 0, 1, 1, 2, 0, 0, 3, 1, 0, 0, 0, 1, 0, 0, 1, 2, 3, 0, 1, 3, 0, 0, 3, 0, 2, 0, 0, 0, 0, 1, 0, 0, 3, 3, 0, 0, 0, 1, 2, 0, 0, 1, 1, 2, 0]
event=1285:G4_BALANCED:action:mode=exploit,state=1,draw=0.48019834167198927,action=2
event=1286:G4_BALANCED:tournament:reason=action2,left=40,right=61,selected=[66, 68, 32, 92, 86, 48, 3, 69, 70, 13, 60, 50, 93, 15, 52, 23, 1, 59, 76, 67, 58, 17, 77, 75, 28, 41, 95, 44, 36, 35, 26, 7, 0, 79, 88, 94, 46, 54, 71, 53, 29, 56, 65, 39, 34, 8, 49, 33, 55, 14, 37, 72, 38, 78, 40, 98, 89, 27, 47, 80, 30, 11, 5, 96, 2, 16, 83, 6, 51, 42, 24, 90, 81, 22, 64, 21, 87, 19, 18, 84, 62, 63, 91, 45, 99, 61, 10, 57, 31, 43, 97, 12, 9, 85, 20, 73, 25, 74, 82, 4]|[1, 1, 0, 1, 2, 2, 1, 2, 0, 2, 1, 0, 1, 0, 0, 0, 1, 2, 0, 2, 0, 0, 2, 0, 2, 2, 0, 0, 2, 0, 2, 1, 1, 1, 2, 0, 0, 1, 0, 1, 2, 1, 0, 0, 1, 0, 1, 1, 0, 2, 1, 0, 0, 2, 2, 1, 2, 1, 0, 1, 2, 1, 1, 1, 2, 2, 1, 2, 0, 0, 1, 2, 0, 1, 2, 2, 2, 2, 2, 1, 0, 2, 2, 1, 0, 2, 2, 2, 1, 1, 0, 0, 2, 0, 1, 1, 2, 0, 2, 1]|[4, 4, 1, 4, 1, 2, 4, 2, 0, 2, 4, 0, 4, 1, 0, 1, 4, 1, 1, 1, 0, 2, 2, 1, 2, 1, 0, 1, 1, 0, 1, 4, 4, 0, 2, 0, 2, 4, 1, 3, 2, 3, 0, 0, 3, 2, 4, 1, 2, 1, 4, 2, 1, 1, 2, 4, 2, 3, 0, 4, 1, 3, 3, 4, 1, 1, 3, 1, 2, 0, 4, 1, 2, 4, 1, 1, 1, 1, 1, 4, 0, 1, 1, 4, 2, 1, 1, 1, 3, 3, 2, 2, 1, 1, 3, 3, 1, 2, 1, 4]|[0, 1, 0, 0, 1, 0, 1, 0, 0, 0, 3, 0, 1, 1, 0, 0, 0, 0, 0, 0, 1, 0, 0, 1, 1, 0, 0, 0, 0, 0, 0, 2, 0, 0, 0, 0, 0, 3, 0, 1, 0, 1, 1, 0, 1, 1, 2, 1, 0, 1, 2, 0, 0, 0, 0, 3, 0, 1, 0, 1, 0, 0, 0, 2, 0, 0, 1, 0, 0, 0, 1, 0, 0, 2, 0, 0, 0, 0, 0, 1, 0, 0, 0, 1, 1, 0, 0, 0, 3, 3, 0, 0, 0, 1, 3, 0, 0, 0, 0, 2]
event=1287:G4_BALANCED:leader:action=2,fingerprint=[66, 68, 32, 92, 86, 48, 3, 69, 70, 13, 60, 50, 93, 15, 52, 23, 1, 59, 76, 67, 58, 17, 77, 75, 28, 41, 95, 44, 36, 35, 26, 7, 0, 79, 88, 94, 46, 54, 71, 53, 29, 56, 65, 39, 34, 8, 49, 33, 55, 14, 37, 72, 38, 78, 40, 98, 89, 27, 47, 80, 30, 11, 5, 96, 2, 16, 83, 6, 51, 42, 24, 90, 81, 22, 64, 21, 87, 19, 18, 84, 62, 63, 91, 45, 99, 61, 10, 57, 31, 43, 97, 12, 9, 85, 20, 73, 25, 74, 82, 4]|[1, 1, 0, 1, 2, 2, 1, 2, 0, 2, 1, 0, 1, 0, 0, 0, 1, 2, 0, 2, 0, 0, 2, 0, 2, 2, 0, 0, 2, 0, 2, 1, 1, 1, 2, 0, 0, 1, 0, 1, 2, 1, 0, 0, 1, 0, 1, 1, 0, 2, 1, 0, 0, 2, 2, 1, 2, 1, 0, 1, 2, 1, 1, 1, 2, 2, 1, 2, 0, 0, 1, 2, 0, 1, 2, 2, 2, 2, 2, 1, 0, 2, 2, 1, 0, 2, 2, 2, 1, 1, 0, 0, 2, 0, 1, 1, 2, 0, 2, 1]|[4, 4, 1, 4, 1, 2, 4, 2, 0, 2, 4, 0, 4, 1, 0, 1, 4, 1, 1, 1, 0, 2, 2, 1, 2, 1, 0, 1, 1, 0, 1, 4, 4, 0, 2, 0, 2, 4, 1, 3, 2, 3, 0, 0, 3, 2, 4, 1, 2, 1, 4, 2, 1, 1, 2, 4, 2, 3, 0, 4, 1, 3, 3, 4, 1, 1, 3, 1, 2, 0, 4, 1, 2, 4, 1, 1, 1, 1, 1, 4, 0, 1, 1, 4, 2, 1, 1, 1, 3, 3, 2, 2, 1, 1, 3, 3, 1, 2, 1, 4]|[0, 1, 0, 0, 1, 0, 1, 0, 0, 0, 3, 0, 1, 1, 0, 0, 0, 0, 0, 0, 1, 0, 0, 1, 1, 0, 0, 0, 0, 0, 0, 2, 0, 0, 0, 0, 0, 3, 0, 1, 0, 1, 1, 0, 1, 1, 2, 1, 0, 1, 2, 0, 0, 0, 0, 3, 0, 1, 0, 1, 0, 0, 0, 2, 0, 0, 1, 0, 0, 0, 1, 0, 0, 2, 0, 0, 0, 0, 0, 1, 0, 0, 0, 1, 1, 0, 0, 0, 3, 3, 0, 0, 0, 1, 3, 0, 0, 0, 0, 2]
event=1288:G2_TEC:action:mode=exploit,state=0,draw=0.6424387831874695,action=0
event=1289:G2_TEC:leader:action=0,fingerprint=[66, 68, 32, 92, 86, 48, 3, 69, 70, 13, 60, 50, 93, 15, 52, 23, 1, 59, 76, 67, 58, 17, 77, 75, 28, 41, 95, 44, 36, 35, 26, 7, 0, 79, 88, 94, 46, 54, 71, 53, 29, 56, 65, 39, 34, 8, 49, 33, 55, 14, 37, 72, 38, 78, 40, 98, 89, 27, 47, 80, 30, 11, 5, 96, 2, 16, 83, 6, 51, 42, 24, 90, 81, 22, 64, 21, 87, 19, 18, 84, 62, 63, 91, 45, 99, 61, 10, 9, 31, 20, 85, 12, 97, 43, 82, 57, 25, 74, 73, 4]|[1, 1, 0, 1, 2, 2, 1, 2, 0, 2, 1, 0, 1, 0, 0, 0, 1, 2, 0, 2, 0, 0, 2, 0, 2, 2, 0, 1, 2, 0, 2, 2, 1, 1, 1, 0, 0, 1, 0, 1, 2, 1, 0, 0, 1, 0, 1, 1, 0, 2, 1, 0, 0, 0, 1, 1, 2, 1, 0, 1, 2, 1, 1, 1, 2, 2, 1, 2, 0, 0, 1, 2, 0, 1, 2, 2, 2, 1, 2, 1, 0, 2, 2, 0, 2, 2, 0, 2, 1, 1, 0, 0, 0, 1, 2, 2, 2, 0, 1, 1]|[4, 4, 1, 4, 1, 2, 4, 2, 1, 2, 4, 0, 4, 1, 0, 1, 4, 1, 1, 1, 0, 2, 2, 1, 2, 1, 0, 3, 1, 0, 1, 1, 4, 0, 0, 0, 2, 4, 1, 3, 2, 3, 0, 0, 3, 2, 4, 1, 2, 1, 4, 2, 1, 1, 3, 4, 2, 3, 0, 4, 1, 3, 3, 4, 1, 1, 3, 1, 2, 0, 4, 1, 2, 4, 1, 1, 1, 3, 1, 4, 0, 1, 1, 2, 1, 1, 2, 1, 3, 3, 2, 2, 2, 3, 1, 1, 1, 2, 3, 4]|[0, 1, 0, 0, 1, 0, 1, 0, 0, 0, 3, 0, 1, 1, 0, 0, 0, 0, 0, 0, 1, 0, 0, 1, 1, 0, 0, 3, 0, 0, 0, 0, 0, 0, 0, 0, 0, 3, 0, 1, 0, 1, 1, 0, 1, 1, 2, 1, 0, 1, 2, 0, 0, 0, 1, 3, 0, 1, 0, 1, 0, 0, 0, 2, 0, 0, 1, 0, 0, 0, 1, 0, 0, 2, 0, 0, 0, 1, 0, 1, 0, 0, 0, 0, 0, 0, 1, 0, 3, 3, 0, 0, 0, 3, 0, 0, 0, 0, 0, 2]
event=1290:G3_TWC:action:mode=exploit,state=1,draw=0.1494646573851608,action=1
event=1291:G3_TWC:leader:action=1,fingerprint=[66, 68, 55, 92, 86, 48, 24, 89, 70, 13, 60, 50, 93, 15, 25, 52, 1, 59, 76, 67, 65, 73, 77, 75, 28, 26, 35, 36, 94, 95, 41, 6, 7, 0, 79, 33, 46, 58, 32, 88, 54, 71, 53, 29, 56, 8, 49, 39, 34, 14, 37, 72, 38, 23, 40, 98, 69, 27, 47, 80, 17, 63, 83, 44, 57, 11, 5, 82, 61, 16, 45, 51, 42, 3, 90, 81, 91, 21, 87, 19, 18, 9, 62, 22, 99, 64, 10, 2, 31, 43, 30, 85, 84, 20, 74, 12, 78, 4, 96, 97]|[1, 1, 0, 1, 1, 2, 2, 0, 2, 1, 1, 0, 1, 0, 0, 0, 0, 2, 0, 2, 1, 0, 2, 1, 2, 2, 0, 2, 0, 1, 2, 2, 2, 1, 1, 0, 1, 0, 0, 0, 1, 0, 1, 2, 1, 0, 1, 0, 1, 2, 1, 0, 0, 1, 1, 2, 0, 1, 0, 2, 0, 2, 1, 0, 0, 1, 1, 1, 2, 2, 0, 1, 0, 1, 2, 1, 1, 1, 2, 1, 2, 1, 0, 1, 0, 2, 0, 2, 1, 1, 2, 1, 1, 0, 0, 0, 2, 0, 1, 0]|[1, 0, 2, 4, 3, 2, 0, 1, 1, 0, 1, 2, 4, 1, 2, 0, 0, 1, 1, 2, 4, 2, 2, 0, 1, 1, 0, 2, 0, 3, 1, 1, 2, 0, 0, 2, 4, 0, 1, 2, 4, 0, 3, 2, 3, 2, 4, 0, 0, 1, 4, 2, 1, 3, 0, 2, 0, 3, 0, 1, 2, 1, 2, 2, 0, 3, 0, 4, 1, 1, 2, 4, 0, 2, 1, 4, 3, 3, 1, 0, 1, 4, 0, 4, 0, 1, 2, 1, 4, 3, 1, 3, 4, 2, 2, 2, 1, 1, 4, 2]|[0, 2, 0, 0, 1, 0, 0, 0, 0, 2, 3, 0, 1, 1, 0, 0, 0, 0, 1, 0, 1, 1, 0, 2, 1, 1, 0, 0, 0, 3, 0, 0, 1, 0, 0, 1, 2, 1, 0, 1, 3, 0, 1, 0, 1, 1, 0, 0, 3, 1, 2, 0, 0, 1, 0, 0, 0, 1, 0, 0, 1, 0, 3, 1, 0, 0, 0, 1, 0, 0, 1, 2, 0, 3, 0, 1, 3, 1, 0, 3, 0, 2, 0, 0, 0, 0, 1, 0, 1, 3, 0, 3, 1, 0, 0, 0, 0, 1, 1, 1]
event=1292:G1_CMAX:update:state=1,action=1,reward=-88.81360650278896,nextState=1,old=-286.08569895138623,new=-317.682165663898
event=1293:G2_TEC:update:state=0,action=0,reward=-1341.9416887560728,nextState=1,old=-323.60606349585487,new=-1466.3688557078644
event=1294:G3_TWC:update:state=1,action=1,reward=-839.8156339644047,nextState=1,old=-8604.705364607984,new=-7723.579925650793
event=1295:G4_BALANCED:update:state=1,action=2,reward=-0.10939476329736669,nextState=1,old=-0.7739141723239915,new=-0.72852610115656
event=1296:G1_CMAX:action:mode=exploit,state=1,draw=0.014778067402048678,action=2
event=1297:G1_CMAX:tournament:reason=action2,left=36,right=22,selected=[66, 68, 55, 92, 86, 48, 24, 89, 70, 13, 60, 50, 93, 15, 25, 52, 1, 59, 76, 67, 65, 17, 77, 75, 28, 26, 35, 36, 94, 95, 41, 6, 7, 0, 79, 33, 46, 58, 32, 88, 54, 71, 53, 29, 56, 8, 49, 39, 34, 14, 37, 72, 38, 23, 40, 98, 69, 27, 47, 80, 73, 63, 83, 44, 57, 11, 5, 82, 61, 16, 45, 51, 42, 3, 90, 81, 91, 21, 87, 19, 18, 9, 62, 22, 99, 64, 10, 2, 31, 43, 30, 85, 84, 20, 74, 12, 78, 4, 96, 97]|[1, 1, 0, 1, 1, 2, 2, 0, 2, 1, 1, 0, 1, 0, 0, 0, 0, 2, 0, 2, 1, 0, 2, 0, 2, 2, 0, 2, 0, 1, 2, 2, 2, 1, 1, 0, 1, 0, 0, 0, 1, 0, 1, 2, 1, 0, 1, 0, 1, 2, 1, 0, 0, 1, 1, 2, 0, 1, 0, 2, 0, 2, 1, 0, 0, 1, 1, 1, 2, 2, 0, 1, 0, 1, 2, 1, 1, 1, 2, 1, 2, 1, 0, 1, 0, 2, 0, 2, 1, 1, 2, 1, 1, 0, 0, 0, 2, 0, 1, 0]|[1, 0, 2, 4, 3, 2, 0, 1, 1, 0, 1, 2, 4, 1, 2, 0, 0, 1, 1, 2, 4, 2, 2, 1, 1, 1, 0, 2, 0, 3, 1, 1, 2, 0, 0, 2, 4, 0, 1, 2, 4, 0, 3, 2, 3, 2, 4, 0, 0, 1, 4, 2, 1, 3, 0, 2, 0, 3, 0, 1, 2, 1, 2, 1, 0, 3, 0, 4, 1, 1, 2, 4, 0, 2, 1, 4, 3, 3, 1, 0, 1, 4, 0, 4, 0, 1, 2, 1, 4, 3, 1, 3, 4, 2, 2, 2, 1, 1, 4, 2]|[0, 2, 0, 0, 1, 0, 0, 0, 0, 2, 3, 0, 1, 1, 0, 0, 0, 0, 1, 0, 1, 0, 0, 1, 1, 1, 0, 0, 0, 3, 0, 0, 1, 0, 0, 1, 2, 1, 0, 1, 3, 0, 1, 0, 1, 1, 0, 0, 3, 1, 2, 0, 0, 1, 0, 0, 0, 1, 0, 0, 1, 0, 3, 1, 0, 0, 0, 1, 0, 0, 1, 2, 0, 3, 0, 1, 3, 1, 0, 3, 0, 2, 0, 0, 0, 0, 1, 0, 1, 3, 0, 3, 1, 0, 0, 0, 0, 1, 1, 1]
event=1298:G1_CMAX:leader:action=2,fingerprint=[66, 68, 55, 92, 86, 48, 24, 89, 70, 13, 60, 50, 93, 15, 25, 52, 1, 59, 76, 67, 65, 17, 77, 75, 28, 26, 35, 36, 94, 95, 41, 6, 7, 0, 79, 33, 46, 58, 32, 88, 54, 71, 53, 29, 56, 8, 49, 39, 34, 14, 37, 72, 38, 23, 40, 98, 69, 27, 47, 80, 73, 63, 83, 44, 57, 11, 5, 82, 61, 16, 45, 51, 42, 3, 90, 81, 91, 21, 87, 19, 18, 9, 62, 22, 99, 64, 10, 2, 31, 43, 30, 85, 84, 20, 74, 12, 78, 4, 96, 97]|[1, 1, 0, 1, 1, 2, 2, 0, 2, 1, 1, 0, 1, 0, 0, 0, 0, 2, 0, 2, 1, 0, 2, 0, 2, 2, 0, 2, 0, 1, 2, 2, 2, 1, 1, 0, 1, 0, 0, 0, 1, 0, 1, 2, 1, 0, 1, 0, 1, 2, 1, 0, 0, 1, 1, 2, 0, 1, 0, 2, 0, 2, 1, 0, 0, 1, 1, 1, 2, 2, 0, 1, 0, 1, 2, 1, 1, 1, 2, 1, 2, 1, 0, 1, 0, 2, 0, 2, 1, 1, 2, 1, 1, 0, 0, 0, 2, 0, 1, 0]|[1, 0, 2, 4, 3, 2, 0, 1, 1, 0, 1, 2, 4, 1, 2, 0, 0, 1, 1, 2, 4, 2, 2, 1, 1, 1, 0, 2, 0, 3, 1, 1, 2, 0, 0, 2, 4, 0, 1, 2, 4, 0, 3, 2, 3, 2, 4, 0, 0, 1, 4, 2, 1, 3, 0, 2, 0, 3, 0, 1, 2, 1, 2, 1, 0, 3, 0, 4, 1, 1, 2, 4, 0, 2, 1, 4, 3, 3, 1, 0, 1, 4, 0, 4, 0, 1, 2, 1, 4, 3, 1, 3, 4, 2, 2, 2, 1, 1, 4, 2]|[0, 2, 0, 0, 1, 0, 0, 0, 0, 2, 3, 0, 1, 1, 0, 0, 0, 0, 1, 0, 1, 0, 0, 1, 1, 1, 0, 0, 0, 3, 0, 0, 1, 0, 0, 1, 2, 1, 0, 1, 3, 0, 1, 0, 1, 1, 0, 0, 3, 1, 2, 0, 0, 1, 0, 0, 0, 1, 0, 0, 1, 0, 3, 1, 0, 0, 0, 1, 0, 0, 1, 2, 0, 3, 0, 1, 3, 1, 0, 3, 0, 2, 0, 0, 0, 0, 1, 0, 1, 3, 0, 3, 1, 0, 0, 0, 0, 1, 1, 1]
event=1299:G4_BALANCED:action:mode=exploit,state=1,draw=0.7203009816355791,action=2
event=1300:G4_BALANCED:tournament:reason=action2,left=45,right=44,selected=[66, 68, 55, 92, 86, 48, 24, 89, 70, 13, 60, 50, 93, 15, 25, 52, 1, 59, 76, 67, 65, 17, 77, 75, 28, 26, 35, 36, 94, 95, 41, 6, 7, 0, 79, 33, 46, 58, 32, 88, 54, 71, 53, 29, 56, 8, 49, 39, 34, 14, 37, 72, 38, 23, 40, 98, 69, 27, 47, 80, 73, 63, 83, 44, 57, 11, 5, 82, 62, 16, 45, 51, 42, 3, 90, 4, 91, 21, 87, 19, 18, 9, 61, 22, 99, 64, 10, 2, 31, 43, 30, 97, 84, 20, 74, 12, 78, 81, 96, 85]|[1, 1, 0, 1, 1, 2, 2, 0, 2, 2, 1, 0, 1, 0, 0, 0, 0, 2, 0, 2, 1, 0, 2, 0, 2, 2, 0, 2, 0, 1, 2, 2, 2, 1, 1, 0, 1, 0, 0, 0, 1, 0, 1, 2, 1, 0, 1, 0, 1, 2, 1, 0, 0, 1, 1, 2, 0, 1, 0, 2, 0, 2, 1, 0, 0, 1, 1, 1, 0, 2, 0, 1, 0, 1, 2, 1, 1, 1, 2, 1, 2, 1, 2, 1, 0, 2, 0, 2, 1, 1, 2, 0, 0, 0, 0, 0, 2, 1, 1, 1]|[1, 0, 2, 4, 3, 1, 0, 1, 1, 2, 1, 2, 4, 1, 2, 0, 0, 1, 1, 1, 4, 2, 2, 1, 1, 1, 0, 2, 0, 3, 1, 1, 2, 0, 0, 2, 4, 0, 1, 2, 4, 0, 3, 2, 3, 2, 4, 0, 0, 1, 4, 2, 1, 3, 0, 2, 0, 3, 0, 1, 2, 1, 3, 1, 0, 3, 0, 4, 0, 1, 2, 4, 0, 2, 1, 4, 3, 3, 1, 0, 1, 4, 1, 4, 0, 1, 2, 1, 4, 3, 1, 2, 2, 2, 2, 2, 1, 4, 4, 3]|[0, 2, 0, 0, 1, 0, 0, 0, 0, 0, 3, 0, 1, 1, 0, 0, 0, 0, 1, 0, 1, 0, 0, 1, 1, 1, 0, 0, 0, 3, 0, 0, 1, 0, 0, 1, 2, 1, 0, 1, 3, 0, 1, 0, 1, 1, 0, 0, 3, 1, 2, 0, 0, 1, 0, 0, 0, 1, 0, 0, 1, 0, 0, 1, 0, 0, 0, 1, 0, 0, 1, 2, 0, 3, 0, 1, 3, 1, 0, 3, 0, 2, 0, 0, 0, 0, 1, 0, 1, 3, 0, 1, 0, 0, 0, 0, 0, 1, 1, 3]
event=1301:G4_BALANCED:leader:action=2,fingerprint=[66, 68, 55, 92, 86, 48, 24, 89, 70, 13, 60, 50, 93, 15, 25, 52, 1, 59, 76, 67, 65, 17, 77, 75, 28, 26, 35, 36, 94, 95, 41, 6, 7, 0, 79, 33, 46, 58, 32, 88, 54, 71, 53, 29, 56, 8, 49, 39, 34, 14, 37, 72, 38, 23, 40, 98, 69, 27, 47, 80, 73, 63, 83, 44, 57, 11, 5, 82, 62, 16, 45, 51, 42, 3, 90, 4, 91, 21, 87, 19, 18, 9, 61, 22, 99, 64, 10, 2, 31, 43, 30, 97, 84, 20, 74, 12, 78, 81, 96, 85]|[1, 1, 0, 1, 1, 2, 2, 0, 2, 2, 1, 0, 1, 0, 0, 0, 0, 2, 0, 2, 1, 0, 2, 0, 2, 2, 0, 2, 0, 1, 2, 2, 2, 1, 1, 0, 1, 0, 0, 0, 1, 0, 1, 2, 1, 0, 1, 0, 1, 2, 1, 0, 0, 1, 1, 2, 0, 1, 0, 2, 0, 2, 1, 0, 0, 1, 1, 1, 0, 2, 0, 1, 0, 1, 2, 1, 1, 1, 2, 1, 2, 1, 2, 1, 0, 2, 0, 2, 1, 1, 2, 0, 0, 0, 0, 0, 2, 1, 1, 1]|[1, 0, 2, 4, 3, 1, 0, 1, 1, 2, 1, 2, 4, 1, 2, 0, 0, 1, 1, 1, 4, 2, 2, 1, 1, 1, 0, 2, 0, 3, 1, 1, 2, 0, 0, 2, 4, 0, 1, 2, 4, 0, 3, 2, 3, 2, 4, 0, 0, 1, 4, 2, 1, 3, 0, 2, 0, 3, 0, 1, 2, 1, 3, 1, 0, 3, 0, 4, 0, 1, 2, 4, 0, 2, 1, 4, 3, 3, 1, 0, 1, 4, 1, 4, 0, 1, 2, 1, 4, 3, 1, 2, 2, 2, 2, 2, 1, 4, 4, 3]|[0, 2, 0, 0, 1, 0, 0, 0, 0, 0, 3, 0, 1, 1, 0, 0, 0, 0, 1, 0, 1, 0, 0, 1, 1, 1, 0, 0, 0, 3, 0, 0, 1, 0, 0, 1, 2, 1, 0, 1, 3, 0, 1, 0, 1, 1, 0, 0, 3, 1, 2, 0, 0, 1, 0, 0, 0, 1, 0, 0, 1, 0, 0, 1, 0, 0, 0, 1, 0, 0, 1, 2, 0, 3, 0, 1, 3, 1, 0, 3, 0, 2, 0, 0, 0, 0, 1, 0, 1, 3, 0, 1, 0, 0, 0, 0, 0, 1, 1, 3]
event=1302:G2_TEC:action:mode=exploit,state=1,draw=0.08403014228890426,action=0
event=1303:G2_TEC:leader:action=0,fingerprint=[66, 68, 32, 92, 86, 48, 3, 69, 70, 13, 60, 50, 93, 15, 52, 23, 1, 59, 76, 67, 58, 17, 77, 75, 28, 41, 95, 44, 36, 35, 26, 7, 0, 79, 88, 94, 46, 54, 71, 53, 29, 56, 65, 39, 34, 8, 49, 33, 55, 14, 37, 72, 38, 78, 40, 98, 89, 27, 47, 80, 30, 11, 5, 96, 2, 16, 83, 6, 51, 42, 24, 90, 81, 22, 64, 21, 87, 19, 18, 84, 62, 63, 91, 45, 99, 61, 10, 9, 31, 20, 85, 12, 97, 43, 82, 57, 25, 74, 73, 4]|[1, 1, 0, 1, 2, 2, 1, 2, 0, 2, 1, 0, 1, 0, 0, 0, 1, 2, 0, 2, 0, 0, 2, 0, 2, 2, 0, 1, 2, 0, 2, 2, 1, 1, 1, 0, 0, 1, 0, 1, 2, 1, 0, 0, 1, 0, 1, 1, 0, 2, 1, 0, 0, 0, 1, 1, 2, 1, 0, 1, 2, 1, 1, 1, 2, 2, 1, 2, 0, 0, 1, 2, 0, 1, 2, 2, 2, 1, 2, 1, 0, 2, 2, 0, 2, 2, 0, 2, 1, 1, 0, 0, 0, 1, 2, 2, 2, 0, 1, 1]|[4, 4, 1, 4, 1, 2, 4, 2, 1, 2, 4, 0, 4, 1, 0, 1, 4, 1, 1, 1, 0, 2, 2, 1, 2, 1, 0, 3, 1, 0, 1, 1, 4, 0, 0, 0, 2, 4, 1, 3, 2, 3, 0, 0, 3, 2, 4, 1, 2, 1, 4, 2, 1, 1, 3, 4, 2, 3, 0, 4, 1, 3, 3, 4, 1, 1, 3, 1, 2, 0, 4, 1, 2, 4, 1, 1, 1, 3, 1, 4, 0, 1, 1, 2, 1, 1, 2, 1, 3, 3, 2, 2, 2, 3, 1, 1, 1, 2, 3, 4]|[0, 1, 0, 0, 1, 0, 1, 0, 0, 0, 3, 0, 1, 1, 0, 0, 0, 0, 0, 0, 1, 0, 0, 1, 1, 0, 0, 3, 0, 0, 0, 0, 0, 0, 0, 0, 0, 3, 0, 1, 0, 1, 1, 0, 1, 1, 2, 1, 0, 1, 2, 0, 0, 0, 1, 3, 0, 1, 0, 1, 0, 0, 0, 2, 0, 0, 1, 0, 0, 0, 1, 0, 0, 2, 0, 0, 0, 1, 0, 1, 0, 0, 0, 0, 0, 0, 1, 0, 3, 3, 0, 0, 0, 3, 0, 0, 0, 0, 0, 2]
event=1304:G3_TWC:action:mode=explore,state=1,draw=0.9706115019494782,action=2
event=1305:G3_TWC:tournament:reason=action2,left=44,right=2,selected=[66, 68, 55, 92, 86, 48, 24, 89, 70, 13, 60, 50, 93, 15, 25, 52, 1, 59, 76, 67, 65, 17, 77, 75, 28, 26, 35, 36, 94, 95, 41, 6, 7, 0, 79, 33, 46, 58, 32, 88, 54, 71, 53, 29, 56, 8, 49, 39, 34, 14, 37, 72, 38, 23, 40, 98, 69, 27, 47, 80, 73, 63, 83, 44, 57, 11, 5, 82, 62, 16, 45, 51, 42, 3, 90, 4, 91, 21, 87, 19, 18, 9, 61, 22, 99, 64, 10, 2, 31, 43, 30, 97, 84, 20, 74, 12, 78, 81, 96, 85]|[1, 1, 0, 1, 1, 2, 2, 0, 2, 2, 1, 0, 1, 0, 0, 0, 0, 2, 0, 2, 1, 0, 2, 0, 2, 2, 0, 2, 0, 1, 2, 2, 2, 1, 1, 0, 1, 0, 0, 0, 1, 0, 1, 2, 1, 0, 1, 0, 1, 2, 1, 0, 0, 1, 1, 2, 0, 1, 0, 2, 0, 2, 1, 0, 0, 1, 1, 1, 0, 2, 0, 1, 0, 1, 2, 1, 1, 1, 2, 1, 2, 1, 2, 1, 0, 2, 0, 2, 1, 1, 2, 0, 0, 0, 0, 0, 2, 1, 1, 1]|[1, 0, 2, 4, 3, 1, 0, 1, 1, 2, 1, 2, 4, 1, 2, 0, 0, 1, 1, 1, 4, 2, 2, 1, 1, 1, 0, 2, 0, 3, 1, 1, 2, 0, 0, 2, 4, 0, 1, 2, 4, 0, 3, 2, 3, 2, 4, 0, 0, 1, 4, 2, 1, 3, 0, 2, 0, 3, 0, 1, 2, 1, 3, 1, 0, 3, 0, 4, 0, 1, 2, 4, 0, 2, 1, 4, 3, 3, 1, 0, 1, 4, 1, 4, 0, 1, 2, 1, 4, 3, 1, 2, 2, 2, 2, 2, 1, 4, 4, 3]|[0, 2, 0, 0, 1, 0, 0, 0, 0, 0, 3, 0, 1, 1, 0, 0, 0, 0, 1, 0, 1, 0, 0, 1, 1, 1, 0, 0, 0, 3, 0, 0, 1, 0, 0, 1, 2, 1, 0, 1, 3, 0, 1, 0, 1, 1, 0, 0, 3, 1, 2, 0, 0, 1, 0, 0, 0, 1, 0, 0, 1, 0, 0, 1, 0, 0, 0, 1, 0, 0, 1, 2, 0, 3, 0, 1, 3, 1, 0, 3, 0, 2, 0, 0, 0, 0, 1, 0, 1, 3, 0, 1, 0, 0, 0, 0, 0, 1, 1, 3]
event=1306:G3_TWC:leader:action=2,fingerprint=[66, 68, 55, 92, 86, 48, 24, 89, 70, 13, 60, 50, 93, 15, 25, 52, 1, 59, 76, 67, 65, 17, 77, 75, 28, 26, 35, 36, 94, 95, 41, 6, 7, 0, 79, 33, 46, 58, 32, 88, 54, 71, 53, 29, 56, 8, 49, 39, 34, 14, 37, 72, 38, 23, 40, 98, 69, 27, 47, 80, 73, 63, 83, 44, 57, 11, 5, 82, 62, 16, 45, 51, 42, 3, 90, 4, 91, 21, 87, 19, 18, 9, 61, 22, 99, 64, 10, 2, 31, 43, 30, 97, 84, 20, 74, 12, 78, 81, 96, 85]|[1, 1, 0, 1, 1, 2, 2, 0, 2, 2, 1, 0, 1, 0, 0, 0, 0, 2, 0, 2, 1, 0, 2, 0, 2, 2, 0, 2, 0, 1, 2, 2, 2, 1, 1, 0, 1, 0, 0, 0, 1, 0, 1, 2, 1, 0, 1, 0, 1, 2, 1, 0, 0, 1, 1, 2, 0, 1, 0, 2, 0, 2, 1, 0, 0, 1, 1, 1, 0, 2, 0, 1, 0, 1, 2, 1, 1, 1, 2, 1, 2, 1, 2, 1, 0, 2, 0, 2, 1, 1, 2, 0, 0, 0, 0, 0, 2, 1, 1, 1]|[1, 0, 2, 4, 3, 1, 0, 1, 1, 2, 1, 2, 4, 1, 2, 0, 0, 1, 1, 1, 4, 2, 2, 1, 1, 1, 0, 2, 0, 3, 1, 1, 2, 0, 0, 2, 4, 0, 1, 2, 4, 0, 3, 2, 3, 2, 4, 0, 0, 1, 4, 2, 1, 3, 0, 2, 0, 3, 0, 1, 2, 1, 3, 1, 0, 3, 0, 4, 0, 1, 2, 4, 0, 2, 1, 4, 3, 3, 1, 0, 1, 4, 1, 4, 0, 1, 2, 1, 4, 3, 1, 2, 2, 2, 2, 2, 1, 4, 4, 3]|[0, 2, 0, 0, 1, 0, 0, 0, 0, 0, 3, 0, 1, 1, 0, 0, 0, 0, 1, 0, 1, 0, 0, 1, 1, 1, 0, 0, 0, 3, 0, 0, 1, 0, 0, 1, 2, 1, 0, 1, 3, 0, 1, 0, 1, 1, 0, 0, 3, 1, 2, 0, 0, 1, 0, 0, 0, 1, 0, 0, 1, 0, 0, 1, 0, 0, 0, 1, 0, 0, 1, 2, 0, 3, 0, 1, 3, 1, 0, 3, 0, 2, 0, 0, 0, 0, 1, 0, 1, 3, 0, 1, 0, 0, 0, 0, 0, 1, 1, 3]
event=1307:G1_CMAX:update:state=1,action=2,reward=-28.222579915778624,nextState=1,old=-310.56957945250974,new=-276.6782434777864
event=1308:G2_TEC:update:state=1,action=0,reward=-25.268786558044667,nextState=1,old=-155.53395868973962,new=-149.6959535098364
event=1309:G3_TWC:update:state=1,action=2,reward=-493.1314778938686,nextState=1,old=-21852.271945905635,new=-6671.995418414503
event=1310:G4_BALANCED:update:state=1,action=2,reward=-0.13308143028982944,nextState=1,old=-0.72852610115656,new=-0.7159023112150775
event=1311:G1_CMAX:action:mode=explore,state=1,draw=0.9452102632461866,action=0
event=1312:G1_CMAX:leader:action=0,fingerprint=[66, 68, 55, 92, 86, 48, 24, 89, 70, 13, 60, 50, 93, 15, 25, 52, 1, 59, 76, 67, 65, 17, 77, 75, 28, 26, 35, 36, 94, 95, 41, 6, 7, 0, 79, 33, 46, 58, 32, 88, 54, 71, 53, 29, 56, 8, 49, 39, 34, 14, 37, 72, 38, 23, 40, 98, 69, 27, 47, 80, 73, 63, 83, 44, 57, 11, 5, 82, 61, 16, 45, 51, 42, 3, 90, 81, 91, 21, 87, 19, 18, 9, 62, 22, 99, 64, 10, 2, 31, 43, 30, 85, 84, 20, 74, 12, 78, 4, 96, 97]|[1, 1, 0, 1, 1, 2, 2, 0, 2, 1, 1, 0, 1, 0, 0, 0, 0, 2, 0, 2, 1, 0, 2, 0, 2, 2, 0, 2, 0, 1, 2, 2, 2, 1, 1, 0, 1, 0, 0, 0, 1, 0, 1, 2, 1, 0, 1, 0, 1, 2, 1, 0, 0, 1, 1, 2, 0, 1, 0, 2, 0, 2, 1, 0, 0, 1, 1, 1, 2, 2, 0, 1, 0, 1, 2, 1, 1, 1, 2, 1, 2, 1, 0, 1, 0, 2, 0, 2, 1, 1, 2, 1, 1, 0, 0, 0, 2, 0, 1, 0]|[1, 0, 2, 4, 3, 2, 0, 1, 1, 0, 1, 2, 4, 1, 2, 0, 0, 1, 1, 2, 4, 2, 2, 1, 1, 1, 0, 2, 0, 3, 1, 1, 2, 0, 0, 2, 4, 0, 1, 2, 4, 0, 3, 2, 3, 2, 4, 0, 0, 1, 4, 2, 1, 3, 0, 2, 0, 3, 0, 1, 2, 1, 2, 1, 0, 3, 0, 4, 1, 1, 2, 4, 0, 2, 1, 4, 3, 3, 1, 0, 1, 4, 0, 4, 0, 1, 2, 1, 4, 3, 1, 3, 4, 2, 2, 2, 1, 1, 4, 2]|[0, 2, 0, 0, 1, 0, 0, 0, 0, 2, 3, 0, 1, 1, 0, 0, 0, 0, 1, 0, 1, 0, 0, 1, 1, 1, 0, 0, 0, 3, 0, 0, 1, 0, 0, 1, 2, 1, 0, 1, 3, 0, 1, 0, 1, 1, 0, 0, 3, 1, 2, 0, 0, 1, 0, 0, 0, 1, 0, 0, 1, 0, 3, 1, 0, 0, 0, 1, 0, 0, 1, 2, 0, 3, 0, 1, 3, 1, 0, 3, 0, 2, 0, 0, 0, 0, 1, 0, 1, 3, 0, 3, 1, 0, 0, 0, 0, 1, 1, 1]
event=1313:G4_BALANCED:action:mode=exploit,state=1,draw=0.47834346766973723,action=2
event=1314:G4_BALANCED:tournament:reason=action2,left=46,right=53,selected=[66, 68, 32, 92, 86, 48, 3, 69, 70, 13, 60, 50, 93, 15, 52, 23, 1, 59, 76, 67, 58, 17, 77, 75, 28, 41, 95, 44, 36, 35, 26, 7, 0, 79, 88, 94, 46, 54, 71, 53, 29, 56, 65, 39, 34, 8, 49, 33, 55, 14, 37, 72, 38, 78, 40, 98, 89, 27, 47, 80, 30, 11, 5, 96, 2, 16, 83, 6, 51, 57, 45, 12, 42, 24, 64, 21, 87, 19, 18, 84, 62, 22, 91, 63, 99, 61, 10, 9, 31, 20, 85, 90, 81, 43, 4, 82, 97, 74, 25, 73]|[1, 1, 0, 1, 2, 2, 1, 0, 0, 2, 1, 0, 1, 0, 0, 0, 1, 2, 0, 2, 0, 0, 2, 0, 2, 2, 0, 1, 2, 1, 2, 1, 1, 2, 1, 0, 1, 1, 0, 1, 2, 1, 0, 0, 1, 0, 1, 1, 1, 2, 1, 0, 1, 0, 1, 1, 2, 1, 0, 1, 2, 1, 1, 1, 2, 2, 1, 2, 0, 0, 0, 0, 0, 1, 2, 2, 2, 1, 2, 1, 0, 2, 2, 2, 0, 2, 1, 2, 1, 0, 0, 2, 0, 1, 1, 2, 0, 0, 2, 1]|[4, 4, 1, 4, 1, 2, 4, 0, 1, 2, 4, 0, 4, 1, 0, 1, 4, 1, 1, 1, 0, 2, 2, 1, 1, 1, 0, 3, 1, 3, 1, 4, 4, 2, 0, 0, 4, 4, 1, 3, 2, 3, 0, 0, 3, 2, 3, 1, 3, 1, 4, 2, 3, 2, 0, 4, 2, 3, 0, 4, 1, 3, 3, 4, 1, 1, 4, 1, 2, 0, 2, 2, 0, 4, 1, 1, 1, 3, 1, 4, 0, 1, 1, 1, 0, 1, 4, 1, 3, 2, 2, 1, 2, 3, 4, 1, 2, 2, 1, 3]|[0, 1, 0, 0, 1, 0, 1, 0, 0, 0, 3, 0, 1, 1, 0, 0, 0, 0, 0, 0, 1, 0, 0, 1, 1, 0, 0, 3, 0, 3, 0, 2, 0, 0, 0, 0, 2, 3, 0, 1, 0, 1, 1, 0, 1, 1, 0, 1, 1, 1, 2, 0, 1, 0, 0, 3, 0, 1, 0, 2, 0, 0, 0, 2, 0, 0, 3, 0, 0, 0, 0, 0, 0, 1, 0, 0, 0, 1, 0, 1, 0, 0, 0, 0, 0, 0, 0, 0, 3, 0, 0, 0, 0, 3, 2, 0, 0, 0, 0, 0]
event=1315:G4_BALANCED:leader:action=2,fingerprint=[66, 68, 32, 92, 86, 48, 3, 69, 70, 13, 60, 50, 93, 15, 52, 23, 1, 59, 76, 67, 58, 17, 77, 75, 28, 41, 95, 44, 36, 35, 26, 7, 0, 79, 88, 94, 46, 54, 71, 53, 29, 56, 65, 39, 34, 8, 49, 33, 55, 14, 37, 72, 38, 78, 40, 98, 89, 27, 47, 80, 30, 11, 5, 96, 2, 16, 83, 6, 51, 57, 45, 12, 42, 24, 64, 21, 87, 19, 18, 84, 62, 22, 91, 63, 99, 61, 10, 9, 31, 20, 85, 90, 81, 43, 4, 82, 97, 74, 25, 73]|[1, 1, 0, 1, 2, 2, 1, 0, 0, 2, 1, 0, 1, 0, 0, 0, 1, 2, 0, 2, 0, 0, 2, 0, 2, 2, 0, 1, 2, 1, 2, 1, 1, 2, 1, 0, 1, 1, 0, 1, 2, 1, 0, 0, 1, 0, 1, 1, 1, 2, 1, 0, 1, 0, 1, 1, 2, 1, 0, 1, 2, 1, 1, 1, 2, 2, 1, 2, 0, 0, 0, 0, 0, 1, 2, 2, 2, 1, 2, 1, 0, 2, 2, 2, 0, 2, 1, 2, 1, 0, 0, 2, 0, 1, 1, 2, 0, 0, 2, 1]|[4, 4, 1, 4, 1, 2, 4, 0, 1, 2, 4, 0, 4, 1, 0, 1, 4, 1, 1, 1, 0, 2, 2, 1, 1, 1, 0, 3, 1, 3, 1, 4, 4, 2, 0, 0, 4, 4, 1, 3, 2, 3, 0, 0, 3, 2, 3, 1, 3, 1, 4, 2, 3, 2, 0, 4, 2, 3, 0, 4, 1, 3, 3, 4, 1, 1, 4, 1, 2, 0, 2, 2, 0, 4, 1, 1, 1, 3, 1, 4, 0, 1, 1, 1, 0, 1, 4, 1, 3, 2, 2, 1, 2, 3, 4, 1, 2, 2, 1, 3]|[0, 1, 0, 0, 1, 0, 1, 0, 0, 0, 3, 0, 1, 1, 0, 0, 0, 0, 0, 0, 1, 0, 0, 1, 1, 0, 0, 3, 0, 3, 0, 2, 0, 0, 0, 0, 2, 3, 0, 1, 0, 1, 1, 0, 1, 1, 0, 1, 1, 1, 2, 0, 1, 0, 0, 3, 0, 1, 0, 2, 0, 0, 0, 2, 0, 0, 3, 0, 0, 0, 0, 0, 0, 1, 0, 0, 0, 1, 0, 1, 0, 0, 0, 0, 0, 0, 0, 0, 3, 0, 0, 0, 0, 3, 2, 0, 0, 0, 0, 0]
event=1316:G2_TEC:action:mode=exploit,state=1,draw=0.19789955447430818,action=0
event=1317:G2_TEC:leader:action=0,fingerprint=[66, 68, 32, 92, 86, 48, 3, 69, 70, 13, 60, 50, 93, 15, 52, 23, 1, 59, 76, 67, 58, 17, 77, 75, 28, 41, 95, 44, 36, 35, 26, 7, 0, 79, 88, 94, 46, 54, 71, 53, 29, 56, 65, 39, 34, 8, 49, 33, 55, 14, 37, 72, 38, 78, 40, 98, 89, 27, 47, 80, 30, 11, 5, 96, 2, 16, 83, 6, 51, 42, 24, 90, 81, 22, 64, 21, 87, 19, 18, 84, 62, 63, 91, 45, 99, 61, 10, 9, 31, 20, 85, 12, 97, 43, 82, 57, 25, 74, 73, 4]|[1, 1, 0, 1, 2, 2, 1, 2, 0, 2, 1, 0, 1, 0, 0, 0, 1, 2, 0, 2, 0, 0, 2, 0, 2, 2, 0, 1, 2, 0, 2, 2, 1, 1, 1, 0, 0, 1, 0, 1, 2, 1, 0, 0, 1, 0, 1, 1, 0, 2, 1, 0, 0, 0, 1, 1, 2, 1, 0, 1, 2, 1, 1, 1, 2, 2, 1, 2, 0, 0, 1, 2, 0, 1, 2, 2, 2, 1, 2, 1, 0, 2, 2, 0, 2, 2, 0, 2, 1, 1, 0, 0, 0, 1, 2, 2, 2, 0, 1, 1]|[4, 4, 1, 4, 1, 2, 4, 2, 1, 2, 4, 0, 4, 1, 0, 1, 4, 1, 1, 1, 0, 2, 2, 1, 2, 1, 0, 3, 1, 0, 1, 1, 4, 0, 0, 0, 2, 4, 1, 3, 2, 3, 0, 0, 3, 2, 4, 1, 2, 1, 4, 2, 1, 1, 3, 4, 2, 3, 0, 4, 1, 3, 3, 4, 1, 1, 3, 1, 2, 0, 4, 1, 2, 4, 1, 1, 1, 3, 1, 4, 0, 1, 1, 2, 1, 1, 2, 1, 3, 3, 2, 2, 2, 3, 1, 1, 1, 2, 3, 4]|[0, 1, 0, 0, 1, 0, 1, 0, 0, 0, 3, 0, 1, 1, 0, 0, 0, 0, 0, 0, 1, 0, 0, 1, 1, 0, 0, 3, 0, 0, 0, 0, 0, 0, 0, 0, 0, 3, 0, 1, 0, 1, 1, 0, 1, 1, 2, 1, 0, 1, 2, 0, 0, 0, 1, 3, 0, 1, 0, 1, 0, 0, 0, 2, 0, 0, 1, 0, 0, 0, 1, 0, 0, 2, 0, 0, 0, 1, 0, 1, 0, 0, 0, 0, 0, 0, 1, 0, 3, 3, 0, 0, 0, 3, 0, 0, 0, 0, 0, 2]
event=1318:G3_TWC:action:mode=exploit,state=1,draw=0.6781596958627418,action=2
event=1319:G3_TWC:tournament:reason=action2,left=62,right=55,selected=[66, 68, 55, 92, 86, 48, 24, 89, 70, 13, 60, 50, 93, 15, 25, 52, 1, 59, 76, 67, 65, 73, 77, 75, 28, 26, 35, 36, 94, 95, 41, 6, 7, 0, 79, 33, 46, 58, 32, 88, 54, 71, 53, 29, 56, 8, 49, 39, 34, 14, 37, 72, 38, 23, 40, 98, 69, 27, 47, 80, 17, 63, 83, 97, 57, 11, 5, 82, 61, 16, 45, 51, 42, 3, 90, 81, 91, 21, 87, 19, 18, 9, 62, 22, 99, 64, 10, 4, 31, 43, 30, 85, 84, 20, 12, 74, 78, 2, 96, 44]|[1, 1, 0, 1, 1, 2, 2, 0, 2, 1, 1, 0, 1, 0, 0, 0, 0, 2, 0, 2, 1, 0, 2, 0, 2, 2, 0, 2, 0, 1, 2, 2, 2, 1, 1, 0, 1, 0, 0, 0, 1, 0, 1, 2, 1, 0, 1, 0, 1, 2, 1, 0, 0, 1, 1, 2, 0, 1, 0, 2, 0, 2, 1, 0, 0, 1, 1, 1, 2, 2, 0, 1, 0, 1, 2, 1, 1, 1, 2, 1, 2, 1, 0, 1, 0, 2, 0, 0, 1, 1, 2, 1, 1, 0, 0, 0, 2, 2, 1, 0]|[1, 0, 2, 4, 3, 2, 0, 1, 1, 0, 1, 2, 4, 1, 2, 0, 0, 1, 1, 2, 4, 2, 2, 1, 1, 1, 0, 2, 0, 3, 1, 1, 2, 0, 0, 2, 4, 0, 1, 2, 4, 0, 3, 2, 3, 2, 4, 0, 0, 1, 4, 2, 1, 3, 0, 2, 0, 3, 0, 1, 2, 1, 2, 2, 0, 3, 0, 4, 1, 1, 2, 4, 0, 2, 1, 4, 3, 3, 1, 0, 1, 4, 0, 4, 0, 1, 2, 1, 4, 3, 1, 3, 4, 2, 2, 2, 1, 1, 4, 2]|[0, 2, 0, 0, 1, 0, 0, 0, 0, 2, 3, 0, 1, 1, 0, 0, 0, 0, 1, 0, 1, 1, 0, 1, 1, 1, 0, 0, 0, 3, 0, 0, 1, 0, 0, 1, 2, 1, 0, 1, 3, 0, 1, 0, 1, 1, 0, 0, 3, 1, 2, 0, 0, 1, 0, 0, 0, 1, 0, 0, 1, 0, 3, 1, 0, 0, 0, 1, 0, 0, 1, 2, 0, 3, 0, 1, 3, 1, 0, 3, 0, 2, 0, 0, 0, 0, 1, 1, 1, 3, 0, 3, 1, 0, 0, 0, 0, 0, 1, 1]
event=1320:G3_TWC:leader:action=2,fingerprint=[66, 68, 55, 92, 86, 48, 24, 89, 70, 13, 60, 50, 93, 15, 25, 52, 1, 59, 76, 67, 65, 73, 77, 75, 28, 26, 35, 36, 94, 95, 41, 6, 7, 0, 79, 33, 46, 58, 32, 88, 54, 71, 53, 29, 56, 8, 49, 39, 34, 14, 37, 72, 38, 23, 40, 98, 69, 27, 47, 80, 17, 63, 83, 97, 57, 11, 5, 82, 61, 16, 45, 51, 42, 3, 90, 81, 91, 21, 87, 19, 18, 9, 62, 22, 99, 64, 10, 4, 31, 43, 30, 85, 84, 20, 12, 74, 78, 2, 96, 44]|[1, 1, 0, 1, 1, 2, 2, 0, 2, 1, 1, 0, 1, 0, 0, 0, 0, 2, 0, 2, 1, 0, 2, 0, 2, 2, 0, 2, 0, 1, 2, 2, 2, 1, 1, 0, 1, 0, 0, 0, 1, 0, 1, 2, 1, 0, 1, 0, 1, 2, 1, 0, 0, 1, 1, 2, 0, 1, 0, 2, 0, 2, 1, 0, 0, 1, 1, 1, 2, 2, 0, 1, 0, 1, 2, 1, 1, 1, 2, 1, 2, 1, 0, 1, 0, 2, 0, 0, 1, 1, 2, 1, 1, 0, 0, 0, 2, 2, 1, 0]|[1, 0, 2, 4, 3, 2, 0, 1, 1, 0, 1, 2, 4, 1, 2, 0, 0, 1, 1, 2, 4, 2, 2, 1, 1, 1, 0, 2, 0, 3, 1, 1, 2, 0, 0, 2, 4, 0, 1, 2, 4, 0, 3, 2, 3, 2, 4, 0, 0, 1, 4, 2, 1, 3, 0, 2, 0, 3, 0, 1, 2, 1, 2, 2, 0, 3, 0, 4, 1, 1, 2, 4, 0, 2, 1, 4, 3, 3, 1, 0, 1, 4, 0, 4, 0, 1, 2, 1, 4, 3, 1, 3, 4, 2, 2, 2, 1, 1, 4, 2]|[0, 2, 0, 0, 1, 0, 0, 0, 0, 2, 3, 0, 1, 1, 0, 0, 0, 0, 1, 0, 1, 1, 0, 1, 1, 1, 0, 0, 0, 3, 0, 0, 1, 0, 0, 1, 2, 1, 0, 1, 3, 0, 1, 0, 1, 1, 0, 0, 3, 1, 2, 0, 0, 1, 0, 0, 0, 1, 0, 0, 1, 0, 3, 1, 0, 0, 0, 1, 0, 0, 1, 2, 0, 3, 0, 1, 3, 1, 0, 3, 0, 2, 0, 0, 0, 0, 1, 1, 1, 3, 0, 3, 1, 0, 0, 0, 0, 0, 1, 1]
event=1321:G1_CMAX:update:state=1,action=0,reward=-17.777305998729616,nextState=1,old=-345.18253841500507,new=-239.11990078095874
event=1322:G2_TEC:update:state=1,action=0,reward=-832.9545793470534,nextState=1,old=-149.6959535098364,new=-952.7113421549225
event=1323:G3_TWC:update:state=1,action=2,reward=347.792342956629,nextState=0,old=-6671.995418414503,new=347.792342956629
event=1324:G4_BALANCED:update:state=1,action=2,reward=-0.1646168252881453,nextState=1,old=-0.7159023112150775,new=-0.7373386742602073
