formalLocal:outer=0,slot=3,pass=16,op=O9_MA_SWAP,accepted=false,recoveryGain=true,qGain=-0.3174537886675401,fe=6288
formalLocal:outer=0,slot=3,pass=17,op=O1_JS_INSERT,accepted=false,recoveryGain=true,qGain=-0.42890748891396097,fe=6289
formalLocal:outer=0,slot=3,pass=17,op=O2_JS_REVERSE,accepted=false,recoveryGain=true,qGain=-1.0,fe=6290
formalLocal:outer=0,slot=3,pass=17,op=O3_JS_SWAP,accepted=false,recoveryGain=true,qGain=-0.11359391668035534,fe=6291
formalLocal:outer=0,slot=3,pass=17,op=O4_WA_LOAD_TRANSFER,accepted=false,recoveryGain=true,qGain=-0.4553933628525697,fe=6292
formalLocal:outer=0,slot=3,pass=17,op=O5_WA_WEAK_TO_STRONG,accepted=false,recoveryGain=true,qGain=-0.8577715416198282,fe=6293
formalLocal:outer=0,slot=3,pass=17,op=O6_WA_SWAP,accepted=false,recoveryGain=true,qGain=-0.07179172510069196,fe=6294
formalLocal:outer=0,slot=3,pass=17,op=O7_MA_LOAD_TRANSFER,accepted=false,recoveryGain=true,qGain=-0.382290334855189,fe=6295
formalLocal:outer=0,slot=3,pass=17,op=O8_MA_WEAK_TO_STRONG,accepted=false,recoveryGain=true,qGain=-0.9724151985142252,fe=6296
formalLocal:outer=0,slot=3,pass=17,op=O9_MA_SWAP,accepted=false,recoveryGain=true,qGain=-0.3174537886675401,fe=6297
formalLocal:outer=0,slot=3,pass=18,op=O1_JS_INSERT,accepted=false,recoveryGain=true,qGain=0.0,fe=6298
formalLocal:outer=0,slot=3,pass=18,op=O2_JS_REVERSE,accepted=false,recoveryGain=true,qGain=-0.19812343963785278,fe=6299
formalLocal:outer=0,slot=3,pass=18,op=O3_JS_SWAP,accepted=false,recoveryGain=true,qGain=-0.26126885931114663,fe=6300
formalLocal:outer=0,slot=3,pass=18,op=O4_WA_LOAD_TRANSFER,accepted=false,recoveryGain=true,qGain=-0.4553933628525697,fe=6301
formalLocal:outer=0,slot=3,pass=18,op=O5_WA_WEAK_TO_STRONG,accepted=false,recoveryGain=true,qGain=-0.8577715416198282,fe=6302
formalLocal:outer=0,slot=3,pass=18,op=O6_WA_SWAP,accepted=false,recoveryGain=true,qGain=-0.07179172510069196,fe=6303
formalLocal:outer=0,slot=3,pass=18,op=O7_MA_LOAD_TRANSFER,accepted=false,recoveryGain=true,qGain=-0.382290334855189,fe=6304
formalLocal:outer=0,slot=3,pass=18,op=O8_MA_WEAK_TO_STRONG,accepted=false,recoveryGain=true,qGain=-0.9724151985142252,fe=6305
formalLocal:outer=0,slot=3,pass=18,op=O9_MA_SWAP,accepted=false,recoveryGain=true,qGain=-0.3174537886675401,fe=6306
formalLocal:outer=0,slot=3,pass=19,op=O1_JS_INSERT,accepted=false,recoveryGain=true,qGain=0.0,fe=6307
formalLocal:outer=0,slot=3,pass=19,op=O2_JS_REVERSE,accepted=false,recoveryGain=true,qGain=-0.6072045680697485,fe=6308
formalLocal:outer=0,slot=3,pass=19,op=O3_JS_SWAP,accepted=false,recoveryGain=true,qGain=-0.24720662028440601,fe=6309
formalLocal:outer=0,slot=3,pass=19,op=O4_WA_LOAD_TRANSFER,accepted=false,recoveryGain=true,qGain=-0.4553933628525697,fe=6310
formalLocal:outer=0,slot=3,pass=19,op=O5_WA_WEAK_TO_STRONG,accepted=false,recoveryGain=true,qGain=-0.8577715416198282,fe=6311
formalLocal:outer=0,slot=3,pass=19,op=O6_WA_SWAP,accepted=false,recoveryGain=true,qGain=-0.07179172510069196,fe=6312
formalLocal:outer=0,slot=3,pass=19,op=O7_MA_LOAD_TRANSFER,accepted=false,recoveryGain=true,qGain=-0.382290334855189,fe=6313
formalLocal:outer=0,slot=3,pass=19,op=O8_MA_WEAK_TO_STRONG,accepted=false,recoveryGain=true,qGain=-0.9724151985142252,fe=6314
formalLocal:outer=0,slot=3,pass=19,op=O9_MA_SWAP,accepted=false,recoveryGain=true,qGain=-0.3174537886675401,fe=6315
formalLocal:outer=0,slot=3,pass=20,op=O1_JS_INSERT,accepted=false,recoveryGain=true,qGain=-0.4317273435990625,fe=6316
formalLocal:outer=0,slot=3,pass=20,op=O2_JS_REVERSE,accepted=false,recoveryGain=true,qGain=-1.0,fe=6317
formalLocal:outer=0,slot=3,pass=20,op=O3_JS_SWAP,accepted=false,recoveryGain=true,qGain=-0.10651252050624099,fe=6318
formalLocal:outer=0,slot=3,pass=20,op=O4_WA_LOAD_TRANSFER,accepted=false,recoveryGain=true,qGain=-0.4553933628525697,fe=6319
formalLocal:outer=0,slot=3,pass=20,op=O5_WA_WEAK_TO_STRONG,accepted=false,recoveryGain=true,qGain=-0.8577715416198282,fe=6320
formalLocal:outer=0,slot=3,pass=20,op=O6_WA_SWAP,accepted=false,recoveryGain=true,qGain=-0.07179172510069196,fe=6321
formalLocal:outer=0,slot=3,pass=20,op=O7_MA_LOAD_TRANSFER,accepted=false,recoveryGain=true,qGain=-0.382290334855189,fe=6322
formalLocal:outer=0,slot=3,pass=20,op=O8_MA_WEAK_TO_STRONG,accepted=false,recoveryGain=true,qGain=-0.9724151985142252,fe=6323
formalLocal:outer=0,slot=3,pass=20,op=O9_MA_SWAP,accepted=false,recoveryGain=true,qGain=-0.3174537886675401,fe=6324
formalLocal:outer=0,slot=3,pass=21,op=O1_JS_INSERT,accepted=false,recoveryGain=true,qGain=-0.6815518708217325,fe=6325
formalLocal:outer=0,slot=3,pass=21,op=O2_JS_REVERSE,accepted=false,recoveryGain=true,qGain=-0.6483466615466887,fe=6326
formalLocal:outer=0,slot=3,pass=21,op=O3_JS_SWAP,accepted=false,recoveryGain=true,qGain=-0.23323756960921008,fe=6327
formalLocal:outer=0,slot=3,pass=21,op=O4_WA_LOAD_TRANSFER,accepted=false,recoveryGain=true,qGain=-0.4553933628525697,fe=6328
formalLocal:outer=0,slot=3,pass=21,op=O5_WA_WEAK_TO_STRONG,accepted=false,recoveryGain=true,qGain=-0.8577715416198282,fe=6329
formalLocal:outer=0,slot=3,pass=21,op=O6_WA_SWAP,accepted=false,recoveryGain=true,qGain=-0.07179172510069196,fe=6330
formalLocal:outer=0,slot=3,pass=21,op=O7_MA_LOAD_TRANSFER,accepted=false,recoveryGain=true,qGain=-0.382290334855189,fe=6331
formalLocal:outer=0,slot=3,pass=21,op=O8_MA_WEAK_TO_STRONG,accepted=false,recoveryGain=true,qGain=-0.9724151985142252,fe=6332
formalLocal:outer=0,slot=3,pass=21,op=O9_MA_SWAP,accepted=false,recoveryGain=true,qGain=-0.3174537886675401,fe=6333
formalLocal:outer=0,slot=3,pass=22,op=O1_JS_INSERT,accepted=false,recoveryGain=true,qGain=-0.41505789981536534,fe=6334
formalLocal:outer=0,slot=3,pass=22,op=O2_JS_REVERSE,accepted=false,recoveryGain=true,qGain=-1.0,fe=6335
formalLocal:outer=0,slot=3,pass=22,op=O3_JS_SWAP,accepted=false,recoveryGain=true,qGain=-0.44194948129250916,fe=6336
formalLocal:outer=0,slot=3,pass=22,op=O4_WA_LOAD_TRANSFER,accepted=false,recoveryGain=true,qGain=-0.4553933628525697,fe=6337
formalLocal:outer=0,slot=3,pass=22,op=O5_WA_WEAK_TO_STRONG,accepted=false,recoveryGain=true,qGain=-0.8577715416198282,fe=6338
formalLocal:outer=0,slot=3,pass=22,op=O6_WA_SWAP,accepted=false,recoveryGain=true,qGain=-0.07179172510069196,fe=6339
formalLocal:outer=0,slot=3,pass=22,op=O7_MA_LOAD_TRANSFER,accepted=false,recoveryGain=true,qGain=-0.382290334855189,fe=6340
formalLocal:outer=0,slot=3,pass=22,op=O8_MA_WEAK_TO_STRONG,accepted=false,recoveryGain=true,qGain=-0.9724151985142252,fe=6341
formalLocal:outer=0,slot=3,pass=22,op=O9_MA_SWAP,accepted=false,recoveryGain=true,qGain=-0.3174537886675401,fe=6342
formalLocal:outer=0,slot=3,pass=23,op=O1_JS_INSERT,accepted=false,recoveryGain=true,qGain=-0.9510108039296179,fe=6343
formalLocal:outer=0,slot=3,pass=23,op=O2_JS_REVERSE,accepted=false,recoveryGain=true,qGain=-0.9434424543629422,fe=6344
formalLocal:outer=0,slot=3,pass=23,op=O3_JS_SWAP,accepted=false,recoveryGain=true,qGain=-0.770729449392398,fe=6345
formalLocal:outer=0,slot=3,pass=23,op=O4_WA_LOAD_TRANSFER,accepted=false,recoveryGain=true,qGain=-0.4553933628525697,fe=6346
formalLocal:outer=0,slot=3,pass=23,op=O5_WA_WEAK_TO_STRONG,accepted=false,recoveryGain=true,qGain=-0.8577715416198282,fe=6347
formalLocal:outer=0,slot=3,pass=23,op=O6_WA_SWAP,accepted=false,recoveryGain=true,qGain=-0.07179172510069196,fe=6348
formalLocal:outer=0,slot=3,pass=23,op=O7_MA_LOAD_TRANSFER,accepted=false,recoveryGain=true,qGain=-0.382290334855189,fe=6349
formalLocal:outer=0,slot=3,pass=23,op=O8_MA_WEAK_TO_STRONG,accepted=false,recoveryGain=true,qGain=-0.9724151985142252,fe=6350
formalLocal:outer=0,slot=3,pass=23,op=O9_MA_SWAP,accepted=false,recoveryGain=true,qGain=-0.3174537886675401,fe=6351
formalLocal:outer=0,slot=3,pass=24,op=O1_JS_INSERT,accepted=false,recoveryGain=true,qGain=-0.6336929715934905,fe=6352
formalLocal:outer=0,slot=3,pass=24,op=O2_JS_REVERSE,accepted=false,recoveryGain=true,qGain=-0.17613521695224932,fe=6353
formalLocal:outer=0,slot=3,pass=24,op=O3_JS_SWAP,accepted=false,recoveryGain=true,qGain=-1.0,fe=6354
formalLocal:outer=0,slot=3,pass=24,op=O4_WA_LOAD_TRANSFER,accepted=false,recoveryGain=true,qGain=-0.4553933628525697,fe=6355
formalLocal:outer=0,slot=3,pass=24,op=O5_WA_WEAK_TO_STRONG,accepted=false,recoveryGain=true,qGain=-0.8577715416198282,fe=6356
formalLocal:outer=0,slot=3,pass=24,op=O6_WA_SWAP,accepted=false,recoveryGain=true,qGain=-0.07179172510069196,fe=6357
formalLocal:outer=0,slot=3,pass=24,op=O7_MA_LOAD_TRANSFER,accepted=false,recoveryGain=true,qGain=-0.382290334855189,fe=6358
formalLocal:outer=0,slot=3,pass=24,op=O8_MA_WEAK_TO_STRONG,accepted=false,recoveryGain=true,qGain=-0.9724151985142252,fe=6359
formalLocal:outer=0,slot=3,pass=24,op=O9_MA_SWAP,accepted=false,recoveryGain=true,qGain=-0.3174537886675401,fe=6360
formalLocal:outer=0,slot=3,pass=25,op=O1_JS_INSERT,accepted=false,recoveryGain=true,qGain=-9.722135232634648E-4,fe=6361
formalLocal:outer=0,slot=3,pass=25,op=O2_JS_REVERSE,accepted=false,recoveryGain=true,qGain=-0.4815317655097035,fe=6362
formalLocal:outer=0,slot=3,pass=25,op=O3_JS_SWAP,accepted=false,recoveryGain=true,qGain=-1.0,fe=6363
formalLocal:outer=0,slot=3,pass=25,op=O4_WA_LOAD_TRANSFER,accepted=false,recoveryGain=true,qGain=-0.4553933628525697,fe=6364
formalLocal:outer=0,slot=3,pass=25,op=O5_WA_WEAK_TO_STRONG,accepted=false,recoveryGain=true,qGain=-0.8577715416198282,fe=6365
formalLocal:outer=0,slot=3,pass=25,op=O6_WA_SWAP,accepted=false,recoveryGain=true,qGain=-0.07179172510069196,fe=6366
formalLocal:outer=0,slot=3,pass=25,op=O7_MA_LOAD_TRANSFER,accepted=false,recoveryGain=true,qGain=-0.382290334855189,fe=6367
formalLocal:outer=0,slot=3,pass=25,op=O8_MA_WEAK_TO_STRONG,accepted=false,recoveryGain=true,qGain=-0.9724151985142252,fe=6368
formalLocal:outer=0,slot=3,pass=25,op=O9_MA_SWAP,accepted=false,recoveryGain=true,qGain=-0.3174537886675401,fe=6369
formalLocal:outer=0,slot=3,pass=26,op=O1_JS_INSERT,accepted=false,recoveryGain=true,qGain=-0.42890748891396097,fe=6370
formalLocal:outer=0,slot=3,pass=26,op=O2_JS_REVERSE,accepted=false,recoveryGain=true,qGain=-0.14572726217824725,fe=6371
formalLocal:outer=0,slot=3,pass=26,op=O3_JS_SWAP,accepted=false,recoveryGain=true,qGain=-0.32593038537561847,fe=6372
formalLocal:outer=0,slot=3,pass=26,op=O4_WA_LOAD_TRANSFER,accepted=false,recoveryGain=true,qGain=-0.4553933628525697,fe=6373
formalLocal:outer=0,slot=3,pass=26,op=O5_WA_WEAK_TO_STRONG,accepted=false,recoveryGain=true,qGain=-0.8577715416198282,fe=6374
formalLocal:outer=0,slot=3,pass=26,op=O6_WA_SWAP,accepted=false,recoveryGain=true,qGain=-0.07179172510069196,fe=6375
formalLocal:outer=0,slot=3,pass=26,op=O7_MA_LOAD_TRANSFER,accepted=false,recoveryGain=true,qGain=-0.382290334855189,fe=6376
formalLocal:outer=0,slot=3,pass=26,op=O8_MA_WEAK_TO_STRONG,accepted=false,recoveryGain=true,qGain=-0.9724151985142252,fe=6377
formalLocal:outer=0,slot=3,pass=26,op=O9_MA_SWAP,accepted=false,recoveryGain=true,qGain=-0.3174537886675401,fe=6378
formalLocal:outer=0,slot=3,pass=27,op=O1_JS_INSERT,accepted=false,recoveryGain=true,qGain=-0.4588834127747497,fe=6379
formalLocal:outer=0,slot=3,pass=27,op=O2_JS_REVERSE,accepted=false,recoveryGain=true,qGain=-0.11533551008121862,fe=6380
formalLocal:outer=0,slot=3,pass=27,op=O3_JS_SWAP,accepted=false,recoveryGain=true,qGain=-0.3056466155898469,fe=6381
formalLocal:outer=0,slot=3,pass=27,op=O4_WA_LOAD_TRANSFER,accepted=false,recoveryGain=true,qGain=-0.4553933628525697,fe=6382
formalLocal:outer=0,slot=3,pass=27,op=O5_WA_WEAK_TO_STRONG,accepted=false,recoveryGain=true,qGain=-0.8577715416198282,fe=6383
formalLocal:outer=0,slot=3,pass=27,op=O6_WA_SWAP,accepted=false,recoveryGain=true,qGain=-0.07179172510069196,fe=6384
formalLocal:outer=0,slot=3,pass=27,op=O7_MA_LOAD_TRANSFER,accepted=false,recoveryGain=true,qGain=-0.382290334855189,fe=6385
formalLocal:outer=0,slot=3,pass=27,op=O8_MA_WEAK_TO_STRONG,accepted=false,recoveryGain=true,qGain=-0.9724151985142252,fe=6386
formalLocal:outer=0,slot=3,pass=27,op=O9_MA_SWAP,accepted=false,recoveryGain=true,qGain=-0.3174537886675401,fe=6387
formalLocal:outer=0,slot=3,pass=28,op=O1_JS_INSERT,accepted=false,recoveryGain=true,qGain=-0.7242934473321669,fe=6388
formalLocal:outer=0,slot=3,pass=28,op=O2_JS_REVERSE,accepted=false,recoveryGain=true,qGain=-1.0,fe=6389
formalLocal:outer=0,slot=3,pass=28,op=O3_JS_SWAP,accepted=false,recoveryGain=true,qGain=-0.32593038537561847,fe=6390
formalLocal:outer=0,slot=3,pass=28,op=O4_WA_LOAD_TRANSFER,accepted=false,recoveryGain=true,qGain=-0.4553933628525697,fe=6391
formalLocal:outer=0,slot=3,pass=28,op=O5_WA_WEAK_TO_STRONG,accepted=false,recoveryGain=true,qGain=-0.8577715416198282,fe=6392
formalLocal:outer=0,slot=3,pass=28,op=O6_WA_SWAP,accepted=false,recoveryGain=true,qGain=-0.07179172510069196,fe=6393
formalLocal:outer=0,slot=3,pass=28,op=O7_MA_LOAD_TRANSFER,accepted=false,recoveryGain=true,qGain=-0.382290334855189,fe=6394
formalLocal:outer=0,slot=3,pass=28,op=O8_MA_WEAK_TO_STRONG,accepted=false,recoveryGain=true,qGain=-0.9724151985142252,fe=6395
formalLocal:outer=0,slot=3,pass=28,op=O9_MA_SWAP,accepted=false,recoveryGain=true,qGain=-0.3174537886675401,fe=6396
formalLocal:outer=0,slot=3,pass=29,op=O1_JS_INSERT,accepted=false,recoveryGain=true,qGain=-0.4317273435990625,fe=6397
formalLocal:outer=0,slot=3,pass=29,op=O2_JS_REVERSE,accepted=false,recoveryGain=true,qGain=-1.0,fe=6398
formalLocal:outer=0,slot=3,pass=29,op=O3_JS_SWAP,accepted=false,recoveryGain=true,qGain=-1.0,fe=6399
formalLocal:outer=0,slot=3,pass=29,op=O4_WA_LOAD_TRANSFER,accepted=false,recoveryGain=true,qGain=-0.4553933628525697,fe=6400
formalLocal:outer=0,slot=3,pass=29,op=O5_WA_WEAK_TO_STRONG,accepted=false,recoveryGain=true,qGain=-0.8577715416198282,fe=6401
formalLocal:outer=0,slot=3,pass=29,op=O6_WA_SWAP,accepted=false,recoveryGain=true,qGain=-0.07179172510069196,fe=6402
formalLocal:outer=0,slot=3,pass=29,op=O7_MA_LOAD_TRANSFER,accepted=false,recoveryGain=true,qGain=-0.382290334855189,fe=6403
formalLocal:outer=0,slot=3,pass=29,op=O8_MA_WEAK_TO_STRONG,accepted=false,recoveryGain=true,qGain=-0.9724151985142252,fe=6404
formalLocal:outer=0,slot=3,pass=29,op=O9_MA_SWAP,accepted=false,recoveryGain=true,qGain=-0.3174537886675401,fe=6405
formalLocal:outer=0,slot=4,op=CRITICAL_FACTORY_SWAP,accepted=false,fe=6406
formalLocal:outer=0,slot=4,op=CRITICAL_FACTORY_INSERT,accepted=true,fe=6407
formalLocal:outer=0,slot=4,pass=0,op=O1_JS_INSERT,accepted=false,recoveryGain=true,qGain=0.0,fe=6408
formalLocal:outer=0,slot=4,pass=0,op=O2_JS_REVERSE,accepted=false,recoveryGain=true,qGain=-0.041745785954708035,fe=6409
formalLocal:outer=0,slot=4,pass=0,op=O3_JS_SWAP,accepted=true,recoveryGain=true,qGain=0.06291132287506515,fe=6410
formalLocal:outer=0,slot=4,pass=0,op=O4_WA_LOAD_TRANSFER,accepted=true,recoveryGain=true,qGain=0.17963400990478473,fe=6411
formalLocal:outer=0,slot=4,pass=0,op=O5_WA_WEAK_TO_STRONG,accepted=true,recoveryGain=true,qGain=0.013367019086538152,fe=6412
formalLocal:outer=0,slot=4,pass=0,op=O6_WA_SWAP,accepted=true,recoveryGain=true,qGain=0.0078770005602693,fe=6413
formalLocal:outer=0,slot=4,pass=0,op=O7_MA_LOAD_TRANSFER,accepted=false,recoveryGain=true,qGain=-0.18699765732631013,fe=6414
formalLocal:outer=0,slot=4,pass=0,op=O8_MA_WEAK_TO_STRONG,accepted=false,recoveryGain=true,qGain=-0.2697673543775903,fe=6415
formalLocal:outer=0,slot=4,pass=0,op=O9_MA_SWAP,accepted=false,recoveryGain=true,qGain=-0.1557183157066358,fe=6416
formalLocal:outer=0,slot=4,pass=1,op=O1_JS_INSERT,accepted=false,recoveryGain=true,qGain=-0.2341152859425119,fe=6417
formalLocal:outer=0,slot=4,pass=1,op=O2_JS_REVERSE,accepted=false,recoveryGain=true,qGain=-0.8223194206189272,fe=6418
formalLocal:outer=0,slot=4,pass=1,op=O3_JS_SWAP,accepted=false,recoveryGain=true,qGain=-0.20621126514141358,fe=6419
formalLocal:outer=0,slot=4,pass=1,op=O4_WA_LOAD_TRANSFER,accepted=false,recoveryGain=true,qGain=-0.33726910227695595,fe=6420
formalLocal:outer=0,slot=4,pass=1,op=O5_WA_WEAK_TO_STRONG,accepted=false,recoveryGain=true,qGain=-0.169676672432878,fe=6421
formalLocal:outer=0,slot=4,pass=1,op=O6_WA_SWAP,accepted=false,recoveryGain=true,qGain=-0.34085558190603354,fe=6422
formalLocal:outer=0,slot=4,pass=1,op=O7_MA_LOAD_TRANSFER,accepted=false,recoveryGain=true,qGain=-0.18699765732631013,fe=6423
formalLocal:outer=0,slot=4,pass=1,op=O8_MA_WEAK_TO_STRONG,accepted=false,recoveryGain=true,qGain=-0.2697673543775903,fe=6424
formalLocal:outer=0,slot=4,pass=1,op=O9_MA_SWAP,accepted=false,recoveryGain=true,qGain=-0.1557183157066358,fe=6425
formalLocal:outer=0,slot=4,pass=2,op=O1_JS_INSERT,accepted=false,recoveryGain=true,qGain=-0.27223511196025524,fe=6426
formalLocal:outer=0,slot=4,pass=2,op=O2_JS_REVERSE,accepted=false,recoveryGain=true,qGain=-0.12324143635291097,fe=6427
formalLocal:outer=0,slot=4,pass=2,op=O3_JS_SWAP,accepted=true,recoveryGain=true,qGain=0.017776017879607937,fe=6428
formalLocal:outer=0,slot=4,pass=2,op=O4_WA_LOAD_TRANSFER,accepted=false,recoveryGain=true,qGain=-0.17260222658465854,fe=6429
formalLocal:outer=0,slot=4,pass=2,op=O5_WA_WEAK_TO_STRONG,accepted=false,recoveryGain=true,qGain=-0.11055749272742257,fe=6430
formalLocal:outer=0,slot=4,pass=2,op=O6_WA_SWAP,accepted=false,recoveryGain=true,qGain=-0.02618095126118036,fe=6431
formalLocal:outer=0,slot=4,pass=2,op=O7_MA_LOAD_TRANSFER,accepted=true,recoveryGain=true,qGain=0.04233362685220598,fe=6432
formalLocal:outer=0,slot=4,pass=2,op=O8_MA_WEAK_TO_STRONG,accepted=false,recoveryGain=true,qGain=-0.0011201492979258172,fe=6433
formalLocal:outer=0,slot=4,pass=2,op=O9_MA_SWAP,accepted=true,recoveryGain=true,qGain=0.004696923277764626,fe=6434
formalLocal:outer=0,slot=4,pass=3,op=O1_JS_INSERT,accepted=false,recoveryGain=true,qGain=-0.14674684949652655,fe=6435
formalLocal:outer=0,slot=4,pass=3,op=O2_JS_REVERSE,accepted=false,recoveryGain=true,qGain=-0.421496822151871,fe=6436
formalLocal:outer=0,slot=4,pass=3,op=O3_JS_SWAP,accepted=false,recoveryGain=true,qGain=-0.176479539347287,fe=6437
formalLocal:outer=0,slot=4,pass=3,op=O4_WA_LOAD_TRANSFER,accepted=false,recoveryGain=true,qGain=-0.027207573226124694,fe=6438
formalLocal:outer=0,slot=4,pass=3,op=O5_WA_WEAK_TO_STRONG,accepted=false,recoveryGain=true,qGain=-0.1881875116018571,fe=6439
formalLocal:outer=0,slot=4,pass=3,op=O6_WA_SWAP,accepted=false,recoveryGain=true,qGain=-0.05835654394270135,fe=6440
formalLocal:outer=0,slot=4,pass=3,op=O7_MA_LOAD_TRANSFER,accepted=false,recoveryGain=true,qGain=-0.12131129673890316,fe=6441
formalLocal:outer=0,slot=4,pass=3,op=O8_MA_WEAK_TO_STRONG,accepted=false,recoveryGain=true,qGain=-0.12131129673890316,fe=6442
formalLocal:outer=0,slot=4,pass=3,op=O9_MA_SWAP,accepted=false,recoveryGain=true,qGain=-0.10071671410931562,fe=6443
formalLocal:outer=0,slot=4,pass=4,op=O1_JS_INSERT,accepted=true,recoveryGain=true,qGain=0.02787940372752149,fe=6444
formalLocal:outer=0,slot=4,pass=4,op=O2_JS_REVERSE,accepted=false,recoveryGain=true,qGain=-0.5378146890711129,fe=6445
formalLocal:outer=0,slot=4,pass=4,op=O3_JS_SWAP,accepted=false,recoveryGain=true,qGain=-0.3941967722039143,fe=6446
formalLocal:outer=0,slot=4,pass=4,op=O4_WA_LOAD_TRANSFER,accepted=false,recoveryGain=true,qGain=-0.19493526322538698,fe=6447
formalLocal:outer=0,slot=4,pass=4,op=O5_WA_WEAK_TO_STRONG,accepted=false,recoveryGain=true,qGain=-0.25325168581024204,fe=6448
formalLocal:outer=0,slot=4,pass=4,op=O6_WA_SWAP,accepted=false,recoveryGain=true,qGain=-0.01081012690549777,fe=6449
formalLocal:outer=0,slot=4,pass=4,op=O7_MA_LOAD_TRANSFER,accepted=false,recoveryGain=true,qGain=-0.12416480912210584,fe=6450
formalLocal:outer=0,slot=4,pass=4,op=O8_MA_WEAK_TO_STRONG,accepted=false,recoveryGain=true,qGain=-0.034691094615904305,fe=6451
formalLocal:outer=0,slot=4,pass=4,op=O9_MA_SWAP,accepted=false,recoveryGain=true,qGain=-0.03353338292264062,fe=6452
formalLocal:outer=0,slot=4,pass=5,op=O1_JS_INSERT,accepted=false,recoveryGain=true,qGain=-0.8662850535754177,fe=6453
formalLocal:outer=0,slot=4,pass=5,op=O2_JS_REVERSE,accepted=false,recoveryGain=true,qGain=-0.9491030746878167,fe=6454
formalLocal:outer=0,slot=4,pass=5,op=O3_JS_SWAP,accepted=false,recoveryGain=true,qGain=-0.5813600508335118,fe=6455
formalLocal:outer=0,slot=4,pass=5,op=O4_WA_LOAD_TRANSFER,accepted=false,recoveryGain=true,qGain=-0.19493526322538698,fe=6456
formalLocal:outer=0,slot=4,pass=5,op=O5_WA_WEAK_TO_STRONG,accepted=false,recoveryGain=true,qGain=-0.25325168581024204,fe=6457
formalLocal:outer=0,slot=4,pass=5,op=O6_WA_SWAP,accepted=false,recoveryGain=true,qGain=-0.01081012690549777,fe=6458
formalLocal:outer=0,slot=4,pass=5,op=O7_MA_LOAD_TRANSFER,accepted=false,recoveryGain=true,qGain=-0.12416480912210584,fe=6459
formalLocal:outer=0,slot=4,pass=5,op=O8_MA_WEAK_TO_STRONG,accepted=false,recoveryGain=true,qGain=-0.034691094615904305,fe=6460
formalLocal:outer=0,slot=4,pass=5,op=O9_MA_SWAP,accepted=false,recoveryGain=true,qGain=-0.03353338292264062,fe=6461
formalLocal:outer=0,slot=4,pass=6,op=O1_JS_INSERT,accepted=false,recoveryGain=true,qGain=-0.12278974285434216,fe=6462
formalLocal:outer=0,slot=4,pass=6,op=O2_JS_REVERSE,accepted=false,recoveryGain=true,qGain=-0.21187012530291052,fe=6463
formalLocal:outer=0,slot=4,pass=6,op=O3_JS_SWAP,accepted=false,recoveryGain=true,qGain=-0.010450090949523793,fe=6464
formalLocal:outer=0,slot=4,pass=6,op=O4_WA_LOAD_TRANSFER,accepted=false,recoveryGain=true,qGain=-0.19493526322538698,fe=6465
formalLocal:outer=0,slot=4,pass=6,op=O5_WA_WEAK_TO_STRONG,accepted=false,recoveryGain=true,qGain=-0.25325168581024204,fe=6466
formalLocal:outer=0,slot=4,pass=6,op=O6_WA_SWAP,accepted=false,recoveryGain=true,qGain=-0.01081012690549777,fe=6467
formalLocal:outer=0,slot=4,pass=6,op=O7_MA_LOAD_TRANSFER,accepted=false,recoveryGain=true,qGain=-0.12416480912210584,fe=6468
formalLocal:outer=0,slot=4,pass=6,op=O8_MA_WEAK_TO_STRONG,accepted=false,recoveryGain=true,qGain=-0.034691094615904305,fe=6469
formalLocal:outer=0,slot=4,pass=6,op=O9_MA_SWAP,accepted=false,recoveryGain=true,qGain=-0.03353338292264062,fe=6470
formalLocal:outer=0,slot=4,pass=7,op=O1_JS_INSERT,accepted=false,recoveryGain=true,qGain=-0.014882761512400512,fe=6471
formalLocal:outer=0,slot=4,pass=7,op=O2_JS_REVERSE,accepted=false,recoveryGain=true,qGain=-0.9690234303159417,fe=6472
formalLocal:outer=0,slot=4,pass=7,op=O3_JS_SWAP,accepted=false,recoveryGain=true,qGain=-0.2809576009515163,fe=6473
formalLocal:outer=0,slot=4,pass=7,op=O4_WA_LOAD_TRANSFER,accepted=false,recoveryGain=true,qGain=-0.19493526322538698,fe=6474
formalLocal:outer=0,slot=4,pass=7,op=O5_WA_WEAK_TO_STRONG,accepted=false,recoveryGain=true,qGain=-0.25325168581024204,fe=6475
formalLocal:outer=0,slot=4,pass=7,op=O6_WA_SWAP,accepted=false,recoveryGain=true,qGain=-0.01081012690549777,fe=6476
formalLocal:outer=0,slot=4,pass=7,op=O7_MA_LOAD_TRANSFER,accepted=false,recoveryGain=true,qGain=-0.12416480912210584,fe=6477
formalLocal:outer=0,slot=4,pass=7,op=O8_MA_WEAK_TO_STRONG,accepted=false,recoveryGain=true,qGain=-0.034691094615904305,fe=6478
formalLocal:outer=0,slot=4,pass=7,op=O9_MA_SWAP,accepted=false,recoveryGain=true,qGain=-0.03353338292264062,fe=6479
formalLocal:outer=0,slot=4,pass=8,op=O1_JS_INSERT,accepted=false,recoveryGain=true,qGain=-0.8111736731654772,fe=6480
formalLocal:outer=0,slot=4,pass=8,op=O2_JS_REVERSE,accepted=false,recoveryGain=true,qGain=-0.12199317467183168,fe=6481
formalLocal:outer=0,slot=4,pass=8,op=O3_JS_SWAP,accepted=false,recoveryGain=true,qGain=-1.0,fe=6482
formalLocal:outer=0,slot=4,pass=8,op=O4_WA_LOAD_TRANSFER,accepted=false,recoveryGain=true,qGain=-0.19493526322538698,fe=6483
formalLocal:outer=0,slot=4,pass=8,op=O5_WA_WEAK_TO_STRONG,accepted=false,recoveryGain=true,qGain=-0.25325168581024204,fe=6484
formalLocal:outer=0,slot=4,pass=8,op=O6_WA_SWAP,accepted=false,recoveryGain=true,qGain=-0.01081012690549777,fe=6485
formalLocal:outer=0,slot=4,pass=8,op=O7_MA_LOAD_TRANSFER,accepted=false,recoveryGain=true,qGain=-0.12416480912210584,fe=6486
formalLocal:outer=0,slot=4,pass=8,op=O8_MA_WEAK_TO_STRONG,accepted=false,recoveryGain=true,qGain=-0.034691094615904305,fe=6487
formalLocal:outer=0,slot=4,pass=8,op=O9_MA_SWAP,accepted=false,recoveryGain=true,qGain=-0.03353338292264062,fe=6488
formalLocal:outer=0,slot=4,pass=9,op=O1_JS_INSERT,accepted=false,recoveryGain=true,qGain=-0.1397808710396214,fe=6489
formalLocal:outer=0,slot=4,pass=9,op=O2_JS_REVERSE,accepted=false,recoveryGain=true,qGain=-0.7486715076412263,fe=6490
formalLocal:outer=0,slot=4,pass=9,op=O3_JS_SWAP,accepted=true,recoveryGain=true,qGain=0.1005243109653913,fe=6491
formalLocal:outer=0,slot=4,pass=9,op=O4_WA_LOAD_TRANSFER,accepted=false,recoveryGain=true,qGain=-0.3563741629116423,fe=6492
formalLocal:outer=0,slot=4,pass=9,op=O5_WA_WEAK_TO_STRONG,accepted=false,recoveryGain=true,qGain=-0.23713543040701615,fe=6493
formalLocal:outer=0,slot=4,pass=9,op=O6_WA_SWAP,accepted=false,recoveryGain=true,qGain=-0.3359211729219747,fe=6494
formalLocal:outer=0,slot=4,pass=9,op=O7_MA_LOAD_TRANSFER,accepted=false,recoveryGain=true,qGain=-0.1289827766717944,fe=6495
formalLocal:outer=0,slot=4,pass=9,op=O8_MA_WEAK_TO_STRONG,accepted=false,recoveryGain=true,qGain=-0.1289827766717944,fe=6496
formalLocal:outer=0,slot=4,pass=9,op=O9_MA_SWAP,accepted=false,recoveryGain=true,qGain=-0.1747223060494659,fe=6497
formalLocal:outer=0,slot=4,pass=10,op=O1_JS_INSERT,accepted=false,recoveryGain=true,qGain=-0.27229837322173944,fe=6498
formalLocal:outer=0,slot=4,pass=10,op=O2_JS_REVERSE,accepted=false,recoveryGain=true,qGain=-0.9324447740372614,fe=6499
formalLocal:outer=0,slot=4,pass=10,op=O3_JS_SWAP,accepted=false,recoveryGain=true,qGain=-0.5339110999541229,fe=6500
formalLocal:outer=0,slot=4,pass=10,op=O4_WA_LOAD_TRANSFER,accepted=false,recoveryGain=true,qGain=-0.3563741629116423,fe=6501
formalLocal:outer=0,slot=4,pass=10,op=O5_WA_WEAK_TO_STRONG,accepted=false,recoveryGain=true,qGain=-0.23713543040701615,fe=6502
formalLocal:outer=0,slot=4,pass=10,op=O6_WA_SWAP,accepted=false,recoveryGain=true,qGain=-0.3359211729219747,fe=6503
formalLocal:outer=0,slot=4,pass=10,op=O7_MA_LOAD_TRANSFER,accepted=false,recoveryGain=true,qGain=-0.1289827766717944,fe=6504
formalLocal:outer=0,slot=4,pass=10,op=O8_MA_WEAK_TO_STRONG,accepted=false,recoveryGain=true,qGain=-0.1289827766717944,fe=6505
formalLocal:outer=0,slot=4,pass=10,op=O9_MA_SWAP,accepted=false,recoveryGain=true,qGain=-0.1747223060494659,fe=6506
formalLocal:outer=0,slot=4,pass=11,op=O1_JS_INSERT,accepted=false,recoveryGain=true,qGain=-0.2096086860549898,fe=6507
formalLocal:outer=0,slot=4,pass=11,op=O2_JS_REVERSE,accepted=false,recoveryGain=true,qGain=-1.0,fe=6508
formalLocal:outer=0,slot=4,pass=11,op=O3_JS_SWAP,accepted=true,recoveryGain=true,qGain=0.008579593689539965,fe=6509
formalLocal:outer=0,slot=4,pass=11,op=O4_WA_LOAD_TRANSFER,accepted=false,recoveryGain=true,qGain=-0.07479481870393877,fe=6510
formalLocal:outer=0,slot=4,pass=11,op=O5_WA_WEAK_TO_STRONG,accepted=true,recoveryGain=true,qGain=0.0017980818809128186,fe=6511
formalLocal:outer=0,slot=4,pass=11,op=O6_WA_SWAP,accepted=false,recoveryGain=true,qGain=-0.08296865750061322,fe=6512
formalLocal:outer=0,slot=4,pass=11,op=O7_MA_LOAD_TRANSFER,accepted=false,recoveryGain=true,qGain=-0.16239778810875835,fe=6513
formalLocal:outer=0,slot=4,pass=11,op=O8_MA_WEAK_TO_STRONG,accepted=false,recoveryGain=true,qGain=-0.05530830596812081,fe=6514
formalLocal:outer=0,slot=4,pass=11,op=O9_MA_SWAP,accepted=false,recoveryGain=true,qGain=-0.05034583349235275,fe=6515
formalLocal:outer=0,slot=4,pass=12,op=O1_JS_INSERT,accepted=false,recoveryGain=true,qGain=-0.5413948192125153,fe=6516
formalLocal:outer=0,slot=4,pass=12,op=O2_JS_REVERSE,accepted=false,recoveryGain=true,qGain=-0.3925060909998316,fe=6517
formalLocal:outer=0,slot=4,pass=12,op=O3_JS_SWAP,accepted=false,recoveryGain=true,qGain=-0.25456129169027664,fe=6518
formalLocal:outer=0,slot=4,pass=12,op=O4_WA_LOAD_TRANSFER,accepted=false,recoveryGain=true,qGain=-0.4461848734742376,fe=6519
formalLocal:outer=0,slot=4,pass=12,op=O5_WA_WEAK_TO_STRONG,accepted=false,recoveryGain=true,qGain=-0.5714393117975963,fe=6520
formalLocal:outer=0,slot=4,pass=12,op=O6_WA_SWAP,accepted=false,recoveryGain=true,qGain=-0.08296865750061322,fe=6521
formalLocal:outer=0,slot=4,pass=12,op=O7_MA_LOAD_TRANSFER,accepted=false,recoveryGain=true,qGain=-0.16239778810875835,fe=6522
formalLocal:outer=0,slot=4,pass=12,op=O8_MA_WEAK_TO_STRONG,accepted=false,recoveryGain=true,qGain=-0.05530830596812081,fe=6523
formalLocal:outer=0,slot=4,pass=12,op=O9_MA_SWAP,accepted=false,recoveryGain=true,qGain=-0.05034583349235275,fe=6524
formalLocal:outer=0,slot=4,pass=13,op=O1_JS_INSERT,accepted=false,recoveryGain=true,qGain=-0.1111567841748384,fe=6525
formalLocal:outer=0,slot=4,pass=13,op=O2_JS_REVERSE,accepted=false,recoveryGain=true,qGain=-0.09963565640127817,fe=6526
formalLocal:outer=0,slot=4,pass=13,op=O3_JS_SWAP,accepted=false,recoveryGain=true,qGain=-0.06111645760306737,fe=6527
formalLocal:outer=0,slot=4,pass=13,op=O4_WA_LOAD_TRANSFER,accepted=false,recoveryGain=true,qGain=-0.4461848734742376,fe=6528
formalLocal:outer=0,slot=4,pass=13,op=O5_WA_WEAK_TO_STRONG,accepted=false,recoveryGain=true,qGain=-0.5714393117975963,fe=6529
formalLocal:outer=0,slot=4,pass=13,op=O6_WA_SWAP,accepted=false,recoveryGain=true,qGain=-0.08296865750061322,fe=6530
formalLocal:outer=0,slot=4,pass=13,op=O7_MA_LOAD_TRANSFER,accepted=false,recoveryGain=true,qGain=-0.16239778810875835,fe=6531
formalLocal:outer=0,slot=4,pass=13,op=O8_MA_WEAK_TO_STRONG,accepted=false,recoveryGain=true,qGain=-0.05530830596812081,fe=6532
formalLocal:outer=0,slot=4,pass=13,op=O9_MA_SWAP,accepted=false,recoveryGain=true,qGain=-0.05034583349235275,fe=6533
formalLocal:outer=0,slot=4,pass=14,op=O1_JS_INSERT,accepted=false,recoveryGain=true,qGain=-0.09362573548311764,fe=6534
formalLocal:outer=0,slot=4,pass=14,op=O2_JS_REVERSE,accepted=false,recoveryGain=true,qGain=-0.12453265368577647,fe=6535
formalLocal:outer=0,slot=4,pass=14,op=O3_JS_SWAP,accepted=false,recoveryGain=true,qGain=-0.16970446432091724,fe=6536
formalLocal:outer=0,slot=4,pass=14,op=O4_WA_LOAD_TRANSFER,accepted=false,recoveryGain=true,qGain=-0.4461848734742376,fe=6537
formalLocal:outer=0,slot=4,pass=14,op=O5_WA_WEAK_TO_STRONG,accepted=false,recoveryGain=true,qGain=-0.5714393117975963,fe=6538
formalLocal:outer=0,slot=4,pass=14,op=O6_WA_SWAP,accepted=false,recoveryGain=true,qGain=-0.08296865750061322,fe=6539
formalLocal:outer=0,slot=4,pass=14,op=O7_MA_LOAD_TRANSFER,accepted=false,recoveryGain=true,qGain=-0.16239778810875835,fe=6540
formalLocal:outer=0,slot=4,pass=14,op=O8_MA_WEAK_TO_STRONG,accepted=false,recoveryGain=true,qGain=-0.05530830596812081,fe=6541
formalLocal:outer=0,slot=4,pass=14,op=O9_MA_SWAP,accepted=false,recoveryGain=true,qGain=-0.05034583349235275,fe=6542
formalLocal:outer=0,slot=4,pass=15,op=O1_JS_INSERT,accepted=false,recoveryGain=true,qGain=-0.10899700366861541,fe=6543
formalLocal:outer=0,slot=4,pass=15,op=O2_JS_REVERSE,accepted=false,recoveryGain=true,qGain=-0.05900126315779039,fe=6544
formalLocal:outer=0,slot=4,pass=15,op=O3_JS_SWAP,accepted=false,recoveryGain=true,qGain=-0.8560043259239782,fe=6545
formalLocal:outer=0,slot=4,pass=15,op=O4_WA_LOAD_TRANSFER,accepted=false,recoveryGain=true,qGain=-0.4461848734742376,fe=6546
formalLocal:outer=0,slot=4,pass=15,op=O5_WA_WEAK_TO_STRONG,accepted=false,recoveryGain=true,qGain=-0.5714393117975963,fe=6547
formalLocal:outer=0,slot=4,pass=15,op=O6_WA_SWAP,accepted=false,recoveryGain=true,qGain=-0.08296865750061322,fe=6548
formalLocal:outer=0,slot=4,pass=15,op=O7_MA_LOAD_TRANSFER,accepted=false,recoveryGain=true,qGain=-0.16239778810875835,fe=6549
formalLocal:outer=0,slot=4,pass=15,op=O8_MA_WEAK_TO_STRONG,accepted=false,recoveryGain=true,qGain=-0.05530830596812081,fe=6550
formalLocal:outer=0,slot=4,pass=15,op=O9_MA_SWAP,accepted=false,recoveryGain=true,qGain=-0.05034583349235275,fe=6551
formalLocal:outer=0,slot=4,pass=16,op=O1_JS_INSERT,accepted=false,recoveryGain=true,qGain=-0.5057130587282462,fe=6552
formalLocal:outer=0,slot=4,pass=16,op=O2_JS_REVERSE,accepted=false,recoveryGain=true,qGain=-0.7348673136050926,fe=6553
formalLocal:outer=0,slot=4,pass=16,op=O3_JS_SWAP,accepted=false,recoveryGain=true,qGain=-0.08698889588962522,fe=6554
formalLocal:outer=0,slot=4,pass=16,op=O4_WA_LOAD_TRANSFER,accepted=false,recoveryGain=true,qGain=-0.4461848734742376,fe=6555
formalLocal:outer=0,slot=4,pass=16,op=O5_WA_WEAK_TO_STRONG,accepted=false,recoveryGain=true,qGain=-0.5714393117975963,fe=6556
formalLocal:outer=0,slot=4,pass=16,op=O6_WA_SWAP,accepted=false,recoveryGain=true,qGain=-0.08296865750061322,fe=6557
formalLocal:outer=0,slot=4,pass=16,op=O7_MA_LOAD_TRANSFER,accepted=false,recoveryGain=true,qGain=-0.16239778810875835,fe=6558
formalLocal:outer=0,slot=4,pass=16,op=O8_MA_WEAK_TO_STRONG,accepted=false,recoveryGain=true,qGain=-0.05530830596812081,fe=6559
formalLocal:outer=0,slot=4,pass=16,op=O9_MA_SWAP,accepted=false,recoveryGain=true,qGain=-0.05034583349235275,fe=6560
formalLocal:outer=0,slot=4,pass=17,op=O1_JS_INSERT,accepted=true,recoveryGain=true,qGain=0.08543270511381268,fe=6561
formalLocal:outer=0,slot=4,pass=17,op=O2_JS_REVERSE,accepted=false,recoveryGain=true,qGain=-0.7525468532633908,fe=6562
formalLocal:outer=0,slot=4,pass=17,op=O3_JS_SWAP,accepted=true,recoveryGain=true,qGain=0.12315896157382279,fe=6563
formalLocal:outer=0,slot=4,pass=17,op=O4_WA_LOAD_TRANSFER,accepted=false,recoveryGain=true,qGain=-0.14098246840871878,fe=6564
formalLocal:outer=0,slot=4,pass=17,op=O5_WA_WEAK_TO_STRONG,accepted=false,recoveryGain=true,qGain=-0.031200703614805782,fe=6565
formalLocal:outer=0,slot=4,pass=17,op=O6_WA_SWAP,accepted=false,recoveryGain=true,qGain=-0.15776062016372383,fe=6566
formalLocal:outer=0,slot=4,pass=17,op=O7_MA_LOAD_TRANSFER,accepted=true,recoveryGain=true,qGain=0.0065541948918530855,fe=6567
formalLocal:outer=0,slot=4,pass=17,op=O8_MA_WEAK_TO_STRONG,accepted=false,recoveryGain=true,qGain=-0.034964496731873185,fe=6568
formalLocal:outer=0,slot=4,pass=17,op=O9_MA_SWAP,accepted=true,recoveryGain=true,qGain=0.047135950916860056,fe=6569
formalLocal:outer=0,slot=4,pass=18,op=O1_JS_INSERT,accepted=false,recoveryGain=true,qGain=-1.0,fe=6570
formalLocal:outer=0,slot=4,pass=18,op=O2_JS_REVERSE,accepted=false,recoveryGain=true,qGain=-0.33947474535051414,fe=6571
formalLocal:outer=0,slot=4,pass=18,op=O3_JS_SWAP,accepted=false,recoveryGain=true,qGain=-1.0,fe=6572
formalLocal:outer=0,slot=4,pass=18,op=O4_WA_LOAD_TRANSFER,accepted=false,recoveryGain=true,qGain=-0.759143212266258,fe=6573
formalLocal:outer=0,slot=4,pass=18,op=O5_WA_WEAK_TO_STRONG,accepted=false,recoveryGain=true,qGain=-0.49225706246123035,fe=6574
formalLocal:outer=0,slot=4,pass=18,op=O6_WA_SWAP,accepted=false,recoveryGain=true,qGain=-0.11685582872440431,fe=6575
formalLocal:outer=0,slot=4,pass=18,op=O7_MA_LOAD_TRANSFER,accepted=false,recoveryGain=true,qGain=-0.25767724682567184,fe=6576
formalLocal:outer=0,slot=4,pass=18,op=O8_MA_WEAK_TO_STRONG,accepted=false,recoveryGain=true,qGain=-0.08616176434375032,fe=6577
formalLocal:outer=0,slot=4,pass=18,op=O9_MA_SWAP,accepted=false,recoveryGain=true,qGain=-0.049467655918192084,fe=6578
formalLocal:outer=0,slot=4,pass=19,op=O1_JS_INSERT,accepted=false,recoveryGain=true,qGain=-0.49640121019857963,fe=6579
formalLocal:outer=0,slot=4,pass=19,op=O2_JS_REVERSE,accepted=false,recoveryGain=true,qGain=-0.6361011273137462,fe=6580
formalLocal:outer=0,slot=4,pass=19,op=O3_JS_SWAP,accepted=true,recoveryGain=true,qGain=0.01357456827868789,fe=6581
formalLocal:outer=0,slot=4,pass=19,op=O4_WA_LOAD_TRANSFER,accepted=false,recoveryGain=true,qGain=-0.8841731861514252,fe=6582
formalLocal:outer=0,slot=4,pass=19,op=O5_WA_WEAK_TO_STRONG,accepted=false,recoveryGain=true,qGain=-0.5738921993858657,fe=6583
formalLocal:outer=0,slot=4,pass=19,op=O6_WA_SWAP,accepted=false,recoveryGain=true,qGain=-0.18431862619015432,fe=6584
formalLocal:outer=0,slot=4,pass=19,op=O7_MA_LOAD_TRANSFER,accepted=false,recoveryGain=true,qGain=-0.1913224623069531,fe=6585
formalLocal:outer=0,slot=4,pass=19,op=O8_MA_WEAK_TO_STRONG,accepted=false,recoveryGain=true,qGain=-0.20228420212853207,fe=6586
formalLocal:outer=0,slot=4,pass=19,op=O9_MA_SWAP,accepted=false,recoveryGain=true,qGain=-0.07246473927717631,fe=6587
formalLocal:outer=0,slot=4,pass=20,op=O1_JS_INSERT,accepted=false,recoveryGain=true,qGain=-0.9055399944963686,fe=6588
formalLocal:outer=0,slot=4,pass=20,op=O2_JS_REVERSE,accepted=false,recoveryGain=true,qGain=-0.2814511690325071,fe=6589
formalLocal:outer=0,slot=4,pass=20,op=O3_JS_SWAP,accepted=true,recoveryGain=true,qGain=0.0028550349203244206,fe=6590
formalLocal:outer=0,slot=4,pass=20,op=O4_WA_LOAD_TRANSFER,accepted=true,recoveryGain=true,qGain=0.07770343459809977,fe=6591
formalLocal:outer=0,slot=4,pass=20,op=O5_WA_WEAK_TO_STRONG,accepted=false,recoveryGain=true,qGain=-0.25302499944828366,fe=6592
formalLocal:outer=0,slot=4,pass=20,op=O6_WA_SWAP,accepted=false,recoveryGain=true,qGain=-0.07217224631803855,fe=6593
formalLocal:outer=0,slot=4,pass=20,op=O7_MA_LOAD_TRANSFER,accepted=false,recoveryGain=true,qGain=-0.03188280979618474,fe=6594
formalLocal:outer=0,slot=4,pass=20,op=O8_MA_WEAK_TO_STRONG,accepted=false,recoveryGain=true,qGain=-0.399330892581751,fe=6595
formalLocal:outer=0,slot=4,pass=20,op=O9_MA_SWAP,accepted=false,recoveryGain=true,qGain=-0.22938463796014322,fe=6596
formalLocal:outer=0,slot=4,pass=21,op=O1_JS_INSERT,accepted=false,recoveryGain=true,qGain=-0.008505956945402552,fe=6597
formalLocal:outer=0,slot=4,pass=21,op=O2_JS_REVERSE,accepted=false,recoveryGain=true,qGain=-0.35852046665709414,fe=6598
formalLocal:outer=0,slot=4,pass=21,op=O3_JS_SWAP,accepted=false,recoveryGain=true,qGain=-0.3750562960018618,fe=6599
formalLocal:outer=0,slot=4,pass=21,op=O4_WA_LOAD_TRANSFER,accepted=false,recoveryGain=true,qGain=-0.5980026349201342,fe=6600
formalLocal:outer=0,slot=4,pass=21,op=O5_WA_WEAK_TO_STRONG,accepted=false,recoveryGain=true,qGain=-0.25302499944828366,fe=6601
formalLocal:outer=0,slot=4,pass=21,op=O6_WA_SWAP,accepted=false,recoveryGain=true,qGain=-0.07217224631803855,fe=6602
formalLocal:outer=0,slot=4,pass=21,op=O7_MA_LOAD_TRANSFER,accepted=false,recoveryGain=true,qGain=-0.03188280979618474,fe=6603
formalLocal:outer=0,slot=4,pass=21,op=O8_MA_WEAK_TO_STRONG,accepted=false,recoveryGain=true,qGain=-0.399330892581751,fe=6604
formalLocal:outer=0,slot=4,pass=21,op=O9_MA_SWAP,accepted=false,recoveryGain=true,qGain=-0.22938463796014322,fe=6605
formalLocal:outer=0,slot=4,pass=22,op=O1_JS_INSERT,accepted=false,recoveryGain=true,qGain=-0.6656663608472144,fe=6606
formalLocal:outer=0,slot=4,pass=22,op=O2_JS_REVERSE,accepted=false,recoveryGain=true,qGain=-1.0,fe=6607
formalLocal:outer=0,slot=4,pass=22,op=O3_JS_SWAP,accepted=false,recoveryGain=true,qGain=-0.36321909041810885,fe=6608
formalLocal:outer=0,slot=4,pass=22,op=O4_WA_LOAD_TRANSFER,accepted=false,recoveryGain=true,qGain=-0.5980026349201342,fe=6609
formalLocal:outer=0,slot=4,pass=22,op=O5_WA_WEAK_TO_STRONG,accepted=false,recoveryGain=true,qGain=-0.25302499944828366,fe=6610
formalLocal:outer=0,slot=4,pass=22,op=O6_WA_SWAP,accepted=false,recoveryGain=true,qGain=-0.07217224631803855,fe=6611
formalLocal:outer=0,slot=4,pass=22,op=O7_MA_LOAD_TRANSFER,accepted=false,recoveryGain=true,qGain=-0.03188280979618474,fe=6612
formalLocal:outer=0,slot=4,pass=22,op=O8_MA_WEAK_TO_STRONG,accepted=false,recoveryGain=true,qGain=-0.399330892581751,fe=6613
formalLocal:outer=0,slot=4,pass=22,op=O9_MA_SWAP,accepted=false,recoveryGain=true,qGain=-0.22938463796014322,fe=6614
formalLocal:outer=0,slot=4,pass=23,op=O1_JS_INSERT,accepted=false,recoveryGain=true,qGain=-0.3272897971533312,fe=6615
formalLocal:outer=0,slot=4,pass=23,op=O2_JS_REVERSE,accepted=false,recoveryGain=true,qGain=-1.0,fe=6616
formalLocal:outer=0,slot=4,pass=23,op=O3_JS_SWAP,accepted=false,recoveryGain=true,qGain=-0.26037470506752614,fe=6617
formalLocal:outer=0,slot=4,pass=23,op=O4_WA_LOAD_TRANSFER,accepted=false,recoveryGain=true,qGain=-0.5980026349201342,fe=6618
formalLocal:outer=0,slot=4,pass=23,op=O5_WA_WEAK_TO_STRONG,accepted=false,recoveryGain=true,qGain=-0.25302499944828366,fe=6619
formalLocal:outer=0,slot=4,pass=23,op=O6_WA_SWAP,accepted=false,recoveryGain=true,qGain=-0.07217224631803855,fe=6620
formalLocal:outer=0,slot=4,pass=23,op=O7_MA_LOAD_TRANSFER,accepted=false,recoveryGain=true,qGain=-0.03188280979618474,fe=6621
formalLocal:outer=0,slot=4,pass=23,op=O8_MA_WEAK_TO_STRONG,accepted=false,recoveryGain=true,qGain=-0.399330892581751,fe=6622
formalLocal:outer=0,slot=4,pass=23,op=O9_MA_SWAP,accepted=false,recoveryGain=true,qGain=-0.22938463796014322,fe=6623
formalLocal:outer=0,slot=4,pass=24,op=O1_JS_INSERT,accepted=false,recoveryGain=true,qGain=-0.2666827304781582,fe=6624
formalLocal:outer=0,slot=4,pass=24,op=O2_JS_REVERSE,accepted=false,recoveryGain=true,qGain=-1.0,fe=6625
formalLocal:outer=0,slot=4,pass=24,op=O3_JS_SWAP,accepted=false,recoveryGain=true,qGain=-0.7437432748677284,fe=6626
formalLocal:outer=0,slot=4,pass=24,op=O4_WA_LOAD_TRANSFER,accepted=false,recoveryGain=true,qGain=-0.5980026349201342,fe=6627
formalLocal:outer=0,slot=4,pass=24,op=O5_WA_WEAK_TO_STRONG,accepted=false,recoveryGain=true,qGain=-0.25302499944828366,fe=6628
formalLocal:outer=0,slot=4,pass=24,op=O6_WA_SWAP,accepted=false,recoveryGain=true,qGain=-0.07217224631803855,fe=6629
formalLocal:outer=0,slot=4,pass=24,op=O7_MA_LOAD_TRANSFER,accepted=false,recoveryGain=true,qGain=-0.03188280979618474,fe=6630
formalLocal:outer=0,slot=4,pass=24,op=O8_MA_WEAK_TO_STRONG,accepted=false,recoveryGain=true,qGain=-0.399330892581751,fe=6631
formalLocal:outer=0,slot=4,pass=24,op=O9_MA_SWAP,accepted=false,recoveryGain=true,qGain=-0.22938463796014322,fe=6632
formalLocal:outer=0,slot=4,pass=25,op=O1_JS_INSERT,accepted=true,recoveryGain=true,qGain=0.01580448355711988,fe=6633
formalLocal:outer=0,slot=4,pass=25,op=O2_JS_REVERSE,accepted=false,recoveryGain=true,qGain=-1.0,fe=6634
formalLocal:outer=0,slot=4,pass=25,op=O3_JS_SWAP,accepted=true,recoveryGain=true,qGain=0.020770897409678614,fe=6635
formalLocal:outer=0,slot=4,pass=25,op=O4_WA_LOAD_TRANSFER,accepted=false,recoveryGain=true,qGain=-0.07626696234177137,fe=6636
formalLocal:outer=0,slot=4,pass=25,op=O5_WA_WEAK_TO_STRONG,accepted=false,recoveryGain=true,qGain=-0.2901308431949609,fe=6637
formalLocal:outer=0,slot=4,pass=25,op=O6_WA_SWAP,accepted=false,recoveryGain=true,qGain=-0.07127118419586656,fe=6638
formalLocal:outer=0,slot=4,pass=25,op=O7_MA_LOAD_TRANSFER,accepted=true,recoveryGain=true,qGain=0.058283991538029635,fe=6639
formalLocal:outer=0,slot=4,pass=25,op=O8_MA_WEAK_TO_STRONG,accepted=false,recoveryGain=true,qGain=-0.07341993307473235,fe=6640
formalLocal:outer=0,slot=4,pass=25,op=O9_MA_SWAP,accepted=false,recoveryGain=true,qGain=-0.4475985468442175,fe=6641
formalLocal:outer=0,slot=4,pass=26,op=O1_JS_INSERT,accepted=false,recoveryGain=true,qGain=-0.4014693485872657,fe=6642
formalLocal:outer=0,slot=4,pass=26,op=O2_JS_REVERSE,accepted=false,recoveryGain=true,qGain=-1.0,fe=6643
formalLocal:outer=0,slot=4,pass=26,op=O3_JS_SWAP,accepted=false,recoveryGain=true,qGain=-0.1187186347163246,fe=6644
formalLocal:outer=0,slot=4,pass=26,op=O4_WA_LOAD_TRANSFER,accepted=true,recoveryGain=true,qGain=0.02369396738856238,fe=6645
formalLocal:outer=0,slot=4,pass=26,op=O5_WA_WEAK_TO_STRONG,accepted=false,recoveryGain=true,qGain=-0.9554379378400183,fe=6646
formalLocal:outer=0,slot=4,pass=26,op=O6_WA_SWAP,accepted=false,recoveryGain=true,qGain=-0.33052657304295374,fe=6647
formalLocal:outer=0,slot=4,pass=26,op=O7_MA_LOAD_TRANSFER,accepted=false,recoveryGain=true,qGain=-0.4985218351883854,fe=6648
formalLocal:outer=0,slot=4,pass=26,op=O8_MA_WEAK_TO_STRONG,accepted=false,recoveryGain=true,qGain=-0.010115756182628602,fe=6649
formalLocal:outer=0,slot=4,pass=26,op=O9_MA_SWAP,accepted=false,recoveryGain=true,qGain=-0.11870303486372301,fe=6650
formalLocal:outer=0,slot=4,pass=27,op=O1_JS_INSERT,accepted=true,recoveryGain=true,qGain=0.014780901816207235,fe=6651
formalLocal:outer=0,slot=4,pass=27,op=O2_JS_REVERSE,accepted=false,recoveryGain=true,qGain=-0.3443644392448271,fe=6652
formalLocal:outer=0,slot=4,pass=27,op=O3_JS_SWAP,accepted=false,recoveryGain=true,qGain=-0.8212178782889878,fe=6653
formalLocal:outer=0,slot=4,pass=27,op=O4_WA_LOAD_TRANSFER,accepted=false,recoveryGain=true,qGain=-0.6888295120160347,fe=6654
formalLocal:outer=0,slot=4,pass=27,op=O5_WA_WEAK_TO_STRONG,accepted=false,recoveryGain=true,qGain=-0.5348195542672265,fe=6655
formalLocal:outer=0,slot=4,pass=27,op=O6_WA_SWAP,accepted=false,recoveryGain=true,qGain=-0.5480501871335428,fe=6656
formalLocal:outer=0,slot=4,pass=27,op=O7_MA_LOAD_TRANSFER,accepted=false,recoveryGain=true,qGain=-0.16167422471217444,fe=6657
formalLocal:outer=0,slot=4,pass=27,op=O8_MA_WEAK_TO_STRONG,accepted=false,recoveryGain=true,qGain=-0.014869060595446397,fe=6658
formalLocal:outer=0,slot=4,pass=27,op=O9_MA_SWAP,accepted=false,recoveryGain=true,qGain=-0.1439633546898605,fe=6659
formalLocal:outer=0,slot=4,pass=28,op=O1_JS_INSERT,accepted=false,recoveryGain=true,qGain=-0.1594102283737913,fe=6660
formalLocal:outer=0,slot=4,pass=28,op=O2_JS_REVERSE,accepted=false,recoveryGain=true,qGain=-1.0,fe=6661
formalLocal:outer=0,slot=4,pass=28,op=O3_JS_SWAP,accepted=false,recoveryGain=true,qGain=-1.0,fe=6662
formalLocal:outer=0,slot=4,pass=28,op=O4_WA_LOAD_TRANSFER,accepted=false,recoveryGain=true,qGain=-0.6888295120160347,fe=6663
formalLocal:outer=0,slot=4,pass=28,op=O5_WA_WEAK_TO_STRONG,accepted=false,recoveryGain=true,qGain=-0.5348195542672265,fe=6664
formalLocal:outer=0,slot=4,pass=28,op=O6_WA_SWAP,accepted=false,recoveryGain=true,qGain=-0.5480501871335428,fe=6665
formalLocal:outer=0,slot=4,pass=28,op=O7_MA_LOAD_TRANSFER,accepted=false,recoveryGain=true,qGain=-0.16167422471217444,fe=6666
formalLocal:outer=0,slot=4,pass=28,op=O8_MA_WEAK_TO_STRONG,accepted=false,recoveryGain=true,qGain=-0.014869060595446397,fe=6667
formalLocal:outer=0,slot=4,pass=28,op=O9_MA_SWAP,accepted=false,recoveryGain=true,qGain=-0.1439633546898605,fe=6668
formalLocal:outer=0,slot=4,pass=29,op=O1_JS_INSERT,accepted=false,recoveryGain=true,qGain=0.0,fe=6669
formalLocal:outer=0,slot=4,pass=29,op=O2_JS_REVERSE,accepted=false,recoveryGain=true,qGain=-1.0,fe=6670
formalLocal:outer=0,slot=4,pass=29,op=O3_JS_SWAP,accepted=false,recoveryGain=true,qGain=-1.0,fe=6671
formalLocal:outer=0,slot=4,pass=29,op=O4_WA_LOAD_TRANSFER,accepted=false,recoveryGain=true,qGain=-0.6888295120160347,fe=6672
formalLocal:outer=0,slot=4,pass=29,op=O5_WA_WEAK_TO_STRONG,accepted=false,recoveryGain=true,qGain=-0.5348195542672265,fe=6673
formalLocal:outer=0,slot=4,pass=29,op=O6_WA_SWAP,accepted=false,recoveryGain=true,qGain=-0.5480501871335428,fe=6674
formalLocal:outer=0,slot=4,pass=29,op=O7_MA_LOAD_TRANSFER,accepted=false,recoveryGain=true,qGain=-0.16167422471217444,fe=6675
formalLocal:outer=0,slot=4,pass=29,op=O8_MA_WEAK_TO_STRONG,accepted=false,recoveryGain=true,qGain=-0.014869060595446397,fe=6676
formalLocal:outer=0,slot=4,pass=29,op=O9_MA_SWAP,accepted=false,recoveryGain=true,qGain=-0.1439633546898605,fe=6677
formalLocal:outer=0,slot=5,op=CRITICAL_FACTORY_SWAP,accepted=true,fe=6678
formalLocal:outer=0,slot=5,op=CRITICAL_FACTORY_INSERT,accepted=true,fe=6679
formalLocal:outer=0,slot=5,pass=0,op=O1_JS_INSERT,accepted=false,recoveryGain=true,qGain=-0.3384319720847858,fe=6680
formalLocal:outer=0,slot=5,pass=0,op=O2_JS_REVERSE,accepted=false,recoveryGain=true,qGain=-0.6532775158942885,fe=6681
formalLocal:outer=0,slot=5,pass=0,op=O3_JS_SWAP,accepted=false,recoveryGain=true,qGain=-0.8825225273706478,fe=6682
formalLocal:outer=0,slot=5,pass=0,op=O4_WA_LOAD_TRANSFER,accepted=false,recoveryGain=true,qGain=-0.024453256770654082,fe=6683
formalLocal:outer=0,slot=5,pass=0,op=O5_WA_WEAK_TO_STRONG,accepted=true,recoveryGain=true,qGain=0.08112365642362655,fe=6684
formalLocal:outer=0,slot=5,pass=0,op=O6_WA_SWAP,accepted=true,recoveryGain=true,qGain=0.14720832410240497,fe=6685
formalLocal:outer=0,slot=5,pass=0,op=O7_MA_LOAD_TRANSFER,accepted=true,recoveryGain=true,qGain=1.0523814914648932E-4,fe=6686
formalLocal:outer=0,slot=5,pass=0,op=O8_MA_WEAK_TO_STRONG,accepted=true,recoveryGain=true,qGain=0.0066634100585573,fe=6687
formalLocal:outer=0,slot=5,pass=0,op=O9_MA_SWAP,accepted=true,recoveryGain=true,qGain=0.1809883067722057,fe=6688
formalLocal:outer=0,slot=5,pass=1,op=O1_JS_INSERT,accepted=false,recoveryGain=true,qGain=-0.57951320190318,fe=6689
formalLocal:outer=0,slot=5,pass=1,op=O2_JS_REVERSE,accepted=true,recoveryGain=true,qGain=0.18260412373008872,fe=6690
formalLocal:outer=0,slot=5,pass=1,op=O3_JS_SWAP,accepted=false,recoveryGain=true,qGain=-1.0,fe=6691
formalLocal:outer=0,slot=5,pass=1,op=O4_WA_LOAD_TRANSFER,accepted=false,recoveryGain=true,qGain=-0.11403036696384065,fe=6692
formalLocal:outer=0,slot=5,pass=1,op=O5_WA_WEAK_TO_STRONG,accepted=false,recoveryGain=true,qGain=-0.9336106990244915,fe=6693
formalLocal:outer=0,slot=5,pass=1,op=O6_WA_SWAP,accepted=false,recoveryGain=true,qGain=-0.36435400515175975,fe=6694
formalLocal:outer=0,slot=5,pass=1,op=O7_MA_LOAD_TRANSFER,accepted=false,recoveryGain=true,qGain=-0.2874027867976376,fe=6695
formalLocal:outer=0,slot=5,pass=1,op=O8_MA_WEAK_TO_STRONG,accepted=false,recoveryGain=true,qGain=-0.43161894331142886,fe=6696
formalLocal:outer=0,slot=5,pass=1,op=O9_MA_SWAP,accepted=false,recoveryGain=true,qGain=-0.4210560298046915,fe=6697
formalLocal:outer=0,slot=5,pass=2,op=O1_JS_INSERT,accepted=false,recoveryGain=true,qGain=-1.0,fe=6698
formalLocal:outer=0,slot=5,pass=2,op=O2_JS_REVERSE,accepted=false,recoveryGain=true,qGain=-1.0,fe=6699
formalLocal:outer=0,slot=5,pass=2,op=O3_JS_SWAP,accepted=false,recoveryGain=true,qGain=-0.7658871580227713,fe=6700
formalLocal:outer=0,slot=5,pass=2,op=O4_WA_LOAD_TRANSFER,accepted=false,recoveryGain=true,qGain=-0.11403036696384065,fe=6701
formalLocal:outer=0,slot=5,pass=2,op=O5_WA_WEAK_TO_STRONG,accepted=false,recoveryGain=true,qGain=-0.9336106990244915,fe=6702
formalLocal:outer=0,slot=5,pass=2,op=O6_WA_SWAP,accepted=false,recoveryGain=true,qGain=-0.36435400515175975,fe=6703
formalLocal:outer=0,slot=5,pass=2,op=O7_MA_LOAD_TRANSFER,accepted=false,recoveryGain=true,qGain=-0.2874027867976376,fe=6704
formalLocal:outer=0,slot=5,pass=2,op=O8_MA_WEAK_TO_STRONG,accepted=false,recoveryGain=true,qGain=-0.43161894331142886,fe=6705
formalLocal:outer=0,slot=5,pass=2,op=O9_MA_SWAP,accepted=false,recoveryGain=true,qGain=-0.4210560298046915,fe=6706
formalLocal:outer=0,slot=5,pass=3,op=O1_JS_INSERT,accepted=false,recoveryGain=true,qGain=-0.6292245730042089,fe=6707
formalLocal:outer=0,slot=5,pass=3,op=O2_JS_REVERSE,accepted=false,recoveryGain=true,qGain=-0.722090359956645,fe=6708
formalLocal:outer=0,slot=5,pass=3,op=O3_JS_SWAP,accepted=false,recoveryGain=true,qGain=-1.0,fe=6709
formalLocal:outer=0,slot=5,pass=3,op=O4_WA_LOAD_TRANSFER,accepted=false,recoveryGain=true,qGain=-0.11403036696384065,fe=6710
formalLocal:outer=0,slot=5,pass=3,op=O5_WA_WEAK_TO_STRONG,accepted=false,recoveryGain=true,qGain=-0.9336106990244915,fe=6711
formalLocal:outer=0,slot=5,pass=3,op=O6_WA_SWAP,accepted=false,recoveryGain=true,qGain=-0.36435400515175975,fe=6712
formalLocal:outer=0,slot=5,pass=3,op=O7_MA_LOAD_TRANSFER,accepted=false,recoveryGain=true,qGain=-0.2874027867976376,fe=6713
formalLocal:outer=0,slot=5,pass=3,op=O8_MA_WEAK_TO_STRONG,accepted=false,recoveryGain=true,qGain=-0.43161894331142886,fe=6714
formalLocal:outer=0,slot=5,pass=3,op=O9_MA_SWAP,accepted=false,recoveryGain=true,qGain=-0.4210560298046915,fe=6715
formalLocal:outer=0,slot=5,pass=4,op=O1_JS_INSERT,accepted=false,recoveryGain=true,qGain=-0.5853223917666225,fe=6716
formalLocal:outer=0,slot=5,pass=4,op=O2_JS_REVERSE,accepted=false,recoveryGain=true,qGain=-1.0,fe=6717
formalLocal:outer=0,slot=5,pass=4,op=O3_JS_SWAP,accepted=false,recoveryGain=true,qGain=-0.5218055004498305,fe=6718
formalLocal:outer=0,slot=5,pass=4,op=O4_WA_LOAD_TRANSFER,accepted=false,recoveryGain=true,qGain=-0.11403036696384065,fe=6719
formalLocal:outer=0,slot=5,pass=4,op=O5_WA_WEAK_TO_STRONG,accepted=false,recoveryGain=true,qGain=-0.9336106990244915,fe=6720
formalLocal:outer=0,slot=5,pass=4,op=O6_WA_SWAP,accepted=false,recoveryGain=true,qGain=-0.36435400515175975,fe=6721
formalLocal:outer=0,slot=5,pass=4,op=O7_MA_LOAD_TRANSFER,accepted=false,recoveryGain=true,qGain=-0.2874027867976376,fe=6722
formalLocal:outer=0,slot=5,pass=4,op=O8_MA_WEAK_TO_STRONG,accepted=false,recoveryGain=true,qGain=-0.43161894331142886,fe=6723
formalLocal:outer=0,slot=5,pass=4,op=O9_MA_SWAP,accepted=false,recoveryGain=true,qGain=-0.4210560298046915,fe=6724
formalLocal:outer=0,slot=5,pass=5,op=O1_JS_INSERT,accepted=false,recoveryGain=true,qGain=-0.6605301417709899,fe=6725
formalLocal:outer=0,slot=5,pass=5,op=O2_JS_REVERSE,accepted=false,recoveryGain=true,qGain=-1.0,fe=6726
formalLocal:outer=0,slot=5,pass=5,op=O3_JS_SWAP,accepted=false,recoveryGain=true,qGain=-0.861769103072201,fe=6727
formalLocal:outer=0,slot=5,pass=5,op=O4_WA_LOAD_TRANSFER,accepted=false,recoveryGain=true,qGain=-0.11403036696384065,fe=6728
formalLocal:outer=0,slot=5,pass=5,op=O5_WA_WEAK_TO_STRONG,accepted=false,recoveryGain=true,qGain=-0.9336106990244915,fe=6729
formalLocal:outer=0,slot=5,pass=5,op=O6_WA_SWAP,accepted=false,recoveryGain=true,qGain=-0.36435400515175975,fe=6730
formalLocal:outer=0,slot=5,pass=5,op=O7_MA_LOAD_TRANSFER,accepted=false,recoveryGain=true,qGain=-0.2874027867976376,fe=6731
formalLocal:outer=0,slot=5,pass=5,op=O8_MA_WEAK_TO_STRONG,accepted=false,recoveryGain=true,qGain=-0.43161894331142886,fe=6732
formalLocal:outer=0,slot=5,pass=5,op=O9_MA_SWAP,accepted=false,recoveryGain=true,qGain=-0.4210560298046915,fe=6733
formalLocal:outer=0,slot=5,pass=6,op=O1_JS_INSERT,accepted=false,recoveryGain=true,qGain=-1.0,fe=6734
formalLocal:outer=0,slot=5,pass=6,op=O2_JS_REVERSE,accepted=false,recoveryGain=true,qGain=-0.7780601931704615,fe=6735
formalLocal:outer=0,slot=5,pass=6,op=O3_JS_SWAP,accepted=false,recoveryGain=true,qGain=-1.0,fe=6736
formalLocal:outer=0,slot=5,pass=6,op=O4_WA_LOAD_TRANSFER,accepted=false,recoveryGain=true,qGain=-0.11403036696384065,fe=6737
formalLocal:outer=0,slot=5,pass=6,op=O5_WA_WEAK_TO_STRONG,accepted=false,recoveryGain=true,qGain=-0.9336106990244915,fe=6738
formalLocal:outer=0,slot=5,pass=6,op=O6_WA_SWAP,accepted=false,recoveryGain=true,qGain=-0.36435400515175975,fe=6739
formalLocal:outer=0,slot=5,pass=6,op=O7_MA_LOAD_TRANSFER,accepted=false,recoveryGain=true,qGain=-0.2874027867976376,fe=6740
formalLocal:outer=0,slot=5,pass=6,op=O8_MA_WEAK_TO_STRONG,accepted=false,recoveryGain=true,qGain=-0.43161894331142886,fe=6741
formalLocal:outer=0,slot=5,pass=6,op=O9_MA_SWAP,accepted=false,recoveryGain=true,qGain=-0.4210560298046915,fe=6742
formalLocal:outer=0,slot=5,pass=7,op=O1_JS_INSERT,accepted=false,recoveryGain=true,qGain=-0.3194283448816004,fe=6743
formalLocal:outer=0,slot=5,pass=7,op=O2_JS_REVERSE,accepted=false,recoveryGain=true,qGain=-0.4319769727995431,fe=6744
formalLocal:outer=0,slot=5,pass=7,op=O3_JS_SWAP,accepted=false,recoveryGain=true,qGain=-1.0,fe=6745
formalLocal:outer=0,slot=5,pass=7,op=O4_WA_LOAD_TRANSFER,accepted=false,recoveryGain=true,qGain=-0.11403036696384065,fe=6746
formalLocal:outer=0,slot=5,pass=7,op=O5_WA_WEAK_TO_STRONG,accepted=false,recoveryGain=true,qGain=-0.9336106990244915,fe=6747
formalLocal:outer=0,slot=5,pass=7,op=O6_WA_SWAP,accepted=false,recoveryGain=true,qGain=-0.36435400515175975,fe=6748
formalLocal:outer=0,slot=5,pass=7,op=O7_MA_LOAD_TRANSFER,accepted=false,recoveryGain=true,qGain=-0.2874027867976376,fe=6749
formalLocal:outer=0,slot=5,pass=7,op=O8_MA_WEAK_TO_STRONG,accepted=false,recoveryGain=true,qGain=-0.43161894331142886,fe=6750
formalLocal:outer=0,slot=5,pass=7,op=O9_MA_SWAP,accepted=false,recoveryGain=true,qGain=-0.4210560298046915,fe=6751
formalLocal:outer=0,slot=5,pass=8,op=O1_JS_INSERT,accepted=false,recoveryGain=true,qGain=-0.7965097740394493,fe=6752
formalLocal:outer=0,slot=5,pass=8,op=O2_JS_REVERSE,accepted=false,recoveryGain=true,qGain=-0.15224581093740025,fe=6753
formalLocal:outer=0,slot=5,pass=8,op=O3_JS_SWAP,accepted=false,recoveryGain=true,qGain=-1.0,fe=6754
formalLocal:outer=0,slot=5,pass=8,op=O4_WA_LOAD_TRANSFER,accepted=false,recoveryGain=true,qGain=-0.11403036696384065,fe=6755
formalLocal:outer=0,slot=5,pass=8,op=O5_WA_WEAK_TO_STRONG,accepted=false,recoveryGain=true,qGain=-0.9336106990244915,fe=6756
formalLocal:outer=0,slot=5,pass=8,op=O6_WA_SWAP,accepted=false,recoveryGain=true,qGain=-0.36435400515175975,fe=6757
formalLocal:outer=0,slot=5,pass=8,op=O7_MA_LOAD_TRANSFER,accepted=false,recoveryGain=true,qGain=-0.2874027867976376,fe=6758
formalLocal:outer=0,slot=5,pass=8,op=O8_MA_WEAK_TO_STRONG,accepted=false,recoveryGain=true,qGain=-0.43161894331142886,fe=6759
formalLocal:outer=0,slot=5,pass=8,op=O9_MA_SWAP,accepted=false,recoveryGain=true,qGain=-0.4210560298046915,fe=6760
formalLocal:outer=0,slot=5,pass=9,op=O1_JS_INSERT,accepted=false,recoveryGain=true,qGain=-0.3617482822849226,fe=6761
formalLocal:outer=0,slot=5,pass=9,op=O2_JS_REVERSE,accepted=false,recoveryGain=true,qGain=-1.0,fe=6762
formalLocal:outer=0,slot=5,pass=9,op=O3_JS_SWAP,accepted=false,recoveryGain=true,qGain=-0.47840426181282925,fe=6763
formalLocal:outer=0,slot=5,pass=9,op=O4_WA_LOAD_TRANSFER,accepted=false,recoveryGain=true,qGain=-0.11403036696384065,fe=6764
formalLocal:outer=0,slot=5,pass=9,op=O5_WA_WEAK_TO_STRONG,accepted=false,recoveryGain=true,qGain=-0.9336106990244915,fe=6765
formalLocal:outer=0,slot=5,pass=9,op=O6_WA_SWAP,accepted=false,recoveryGain=true,qGain=-0.36435400515175975,fe=6766
formalLocal:outer=0,slot=5,pass=9,op=O7_MA_LOAD_TRANSFER,accepted=false,recoveryGain=true,qGain=-0.2874027867976376,fe=6767
formalLocal:outer=0,slot=5,pass=9,op=O8_MA_WEAK_TO_STRONG,accepted=false,recoveryGain=true,qGain=-0.43161894331142886,fe=6768
formalLocal:outer=0,slot=5,pass=9,op=O9_MA_SWAP,accepted=false,recoveryGain=true,qGain=-0.4210560298046915,fe=6769
formalLocal:outer=0,slot=5,pass=10,op=O1_JS_INSERT,accepted=false,recoveryGain=true,qGain=-0.5383979711833085,fe=6770
formalLocal:outer=0,slot=5,pass=10,op=O2_JS_REVERSE,accepted=false,recoveryGain=true,qGain=-1.0,fe=6771
formalLocal:outer=0,slot=5,pass=10,op=O3_JS_SWAP,accepted=false,recoveryGain=true,qGain=-0.323629617449098,fe=6772
formalLocal:outer=0,slot=5,pass=10,op=O4_WA_LOAD_TRANSFER,accepted=false,recoveryGain=true,qGain=-0.11403036696384065,fe=6773
formalLocal:outer=0,slot=5,pass=10,op=O5_WA_WEAK_TO_STRONG,accepted=false,recoveryGain=true,qGain=-0.9336106990244915,fe=6774
formalLocal:outer=0,slot=5,pass=10,op=O6_WA_SWAP,accepted=false,recoveryGain=true,qGain=-0.36435400515175975,fe=6775
formalLocal:outer=0,slot=5,pass=10,op=O7_MA_LOAD_TRANSFER,accepted=false,recoveryGain=true,qGain=-0.2874027867976376,fe=6776
formalLocal:outer=0,slot=5,pass=10,op=O8_MA_WEAK_TO_STRONG,accepted=false,recoveryGain=true,qGain=-0.43161894331142886,fe=6777
formalLocal:outer=0,slot=5,pass=10,op=O9_MA_SWAP,accepted=false,recoveryGain=true,qGain=-0.4210560298046915,fe=6778
formalLocal:outer=0,slot=5,pass=11,op=O1_JS_INSERT,accepted=false,recoveryGain=true,qGain=-0.8219121799440874,fe=6779
formalLocal:outer=0,slot=5,pass=11,op=O2_JS_REVERSE,accepted=false,recoveryGain=true,qGain=-0.8165737346917923,fe=6780
formalLocal:outer=0,slot=5,pass=11,op=O3_JS_SWAP,accepted=false,recoveryGain=true,qGain=-1.0,fe=6781
formalLocal:outer=0,slot=5,pass=11,op=O4_WA_LOAD_TRANSFER,accepted=false,recoveryGain=true,qGain=-0.11403036696384065,fe=6782
formalLocal:outer=0,slot=5,pass=11,op=O5_WA_WEAK_TO_STRONG,accepted=false,recoveryGain=true,qGain=-0.9336106990244915,fe=6783
formalLocal:outer=0,slot=5,pass=11,op=O6_WA_SWAP,accepted=false,recoveryGain=true,qGain=-0.36435400515175975,fe=6784
formalLocal:outer=0,slot=5,pass=11,op=O7_MA_LOAD_TRANSFER,accepted=false,recoveryGain=true,qGain=-0.2874027867976376,fe=6785
formalLocal:outer=0,slot=5,pass=11,op=O8_MA_WEAK_TO_STRONG,accepted=false,recoveryGain=true,qGain=-0.43161894331142886,fe=6786
formalLocal:outer=0,slot=5,pass=11,op=O9_MA_SWAP,accepted=false,recoveryGain=true,qGain=-0.4210560298046915,fe=6787
formalLocal:outer=0,slot=5,pass=12,op=O1_JS_INSERT,accepted=false,recoveryGain=true,qGain=-0.41752147409103313,fe=6788
formalLocal:outer=0,slot=5,pass=12,op=O2_JS_REVERSE,accepted=false,recoveryGain=true,qGain=-1.0,fe=6789
formalLocal:outer=0,slot=5,pass=12,op=O3_JS_SWAP,accepted=true,recoveryGain=true,qGain=0.03667289663015148,fe=6790
formalLocal:outer=0,slot=5,pass=12,op=O4_WA_LOAD_TRANSFER,accepted=true,recoveryGain=true,qGain=0.028797021950920994,fe=6791
formalLocal:outer=0,slot=5,pass=12,op=O5_WA_WEAK_TO_STRONG,accepted=false,recoveryGain=true,qGain=-0.6046029424285853,fe=6792
formalLocal:outer=0,slot=5,pass=12,op=O6_WA_SWAP,accepted=false,recoveryGain=true,qGain=-0.08630106180586099,fe=6793
formalLocal:outer=0,slot=5,pass=12,op=O7_MA_LOAD_TRANSFER,accepted=false,recoveryGain=true,qGain=-0.014476730370180867,fe=6794
formalLocal:outer=0,slot=5,pass=12,op=O8_MA_WEAK_TO_STRONG,accepted=false,recoveryGain=true,qGain=-0.8844300863480934,fe=6795
formalLocal:outer=0,slot=5,pass=12,op=O9_MA_SWAP,accepted=false,recoveryGain=true,qGain=-0.17612495064903624,fe=6796
formalLocal:outer=0,slot=5,pass=13,op=O1_JS_INSERT,accepted=false,recoveryGain=true,qGain=-0.3948228619754145,fe=6797
formalLocal:outer=0,slot=5,pass=13,op=O2_JS_REVERSE,accepted=false,recoveryGain=true,qGain=-0.3655614762921798,fe=6798
formalLocal:outer=0,slot=5,pass=13,op=O3_JS_SWAP,accepted=false,recoveryGain=true,qGain=-1.0,fe=6799
formalLocal:outer=0,slot=5,pass=13,op=O4_WA_LOAD_TRANSFER,accepted=true,recoveryGain=true,qGain=0.07693190552669957,fe=6800
formalLocal:outer=0,slot=5,pass=13,op=O5_WA_WEAK_TO_STRONG,accepted=true,recoveryGain=true,qGain=0.1194771282617823,fe=6801
formalLocal:outer=0,slot=5,pass=13,op=O6_WA_SWAP,accepted=false,recoveryGain=true,qGain=-0.2869524003479529,fe=6802
formalLocal:outer=0,slot=5,pass=13,op=O7_MA_LOAD_TRANSFER,accepted=false,recoveryGain=true,qGain=-0.17677260951494314,fe=6803
formalLocal:outer=0,slot=5,pass=13,op=O8_MA_WEAK_TO_STRONG,accepted=false,recoveryGain=true,qGain=-1.0,fe=6804
formalLocal:outer=0,slot=5,pass=13,op=O9_MA_SWAP,accepted=false,recoveryGain=true,qGain=-0.0838432396503658,fe=6805
formalLocal:outer=0,slot=5,pass=14,op=O1_JS_INSERT,accepted=true,recoveryGain=true,qGain=0.30127086324107183,fe=6806
formalLocal:outer=0,slot=5,pass=14,op=O2_JS_REVERSE,accepted=false,recoveryGain=true,qGain=-1.0,fe=6807
formalLocal:outer=0,slot=5,pass=14,op=O3_JS_SWAP,accepted=false,recoveryGain=true,qGain=-0.6426286864401035,fe=6808
formalLocal:outer=0,slot=5,pass=14,op=O4_WA_LOAD_TRANSFER,accepted=false,recoveryGain=true,qGain=-0.41060254366322085,fe=6809
formalLocal:outer=0,slot=5,pass=14,op=O5_WA_WEAK_TO_STRONG,accepted=false,recoveryGain=true,qGain=-1.0,fe=6810
formalLocal:outer=0,slot=5,pass=14,op=O6_WA_SWAP,accepted=false,recoveryGain=true,qGain=-0.5312472071186517,fe=6811
formalLocal:outer=0,slot=5,pass=14,op=O7_MA_LOAD_TRANSFER,accepted=false,recoveryGain=true,qGain=-0.443535474256272,fe=6812
formalLocal:outer=0,slot=5,pass=14,op=O8_MA_WEAK_TO_STRONG,accepted=false,recoveryGain=true,qGain=-1.0,fe=6813
formalLocal:outer=0,slot=5,pass=14,op=O9_MA_SWAP,accepted=false,recoveryGain=true,qGain=-0.24919924128805981,fe=6814
formalLocal:outer=0,slot=5,pass=15,op=O1_JS_INSERT,accepted=false,recoveryGain=true,qGain=-1.0,fe=6815
formalLocal:outer=0,slot=5,pass=15,op=O2_JS_REVERSE,accepted=false,recoveryGain=true,qGain=-0.3531422238585688,fe=6816
formalLocal:outer=0,slot=5,pass=15,op=O3_JS_SWAP,accepted=false,recoveryGain=true,qGain=-1.0,fe=6817
formalLocal:outer=0,slot=5,pass=15,op=O4_WA_LOAD_TRANSFER,accepted=false,recoveryGain=true,qGain=-0.41060254366322085,fe=6818
formalLocal:outer=0,slot=5,pass=15,op=O5_WA_WEAK_TO_STRONG,accepted=false,recoveryGain=true,qGain=-1.0,fe=6819
formalLocal:outer=0,slot=5,pass=15,op=O6_WA_SWAP,accepted=false,recoveryGain=true,qGain=-0.5312472071186517,fe=6820
formalLocal:outer=0,slot=5,pass=15,op=O7_MA_LOAD_TRANSFER,accepted=false,recoveryGain=true,qGain=-0.443535474256272,fe=6821
formalLocal:outer=0,slot=5,pass=15,op=O8_MA_WEAK_TO_STRONG,accepted=false,recoveryGain=true,qGain=-1.0,fe=6822
formalLocal:outer=0,slot=5,pass=15,op=O9_MA_SWAP,accepted=false,recoveryGain=true,qGain=-0.24919924128805981,fe=6823
formalLocal:outer=0,slot=5,pass=16,op=O1_JS_INSERT,accepted=false,recoveryGain=true,qGain=-1.0,fe=6824
formalLocal:outer=0,slot=5,pass=16,op=O2_JS_REVERSE,accepted=false,recoveryGain=true,qGain=-1.0,fe=6825
formalLocal:outer=0,slot=5,pass=16,op=O3_JS_SWAP,accepted=false,recoveryGain=true,qGain=0.0,fe=6826
formalLocal:outer=0,slot=5,pass=16,op=O4_WA_LOAD_TRANSFER,accepted=false,recoveryGain=true,qGain=-0.41060254366322085,fe=6827
formalLocal:outer=0,slot=5,pass=16,op=O5_WA_WEAK_TO_STRONG,accepted=false,recoveryGain=true,qGain=-1.0,fe=6828
formalLocal:outer=0,slot=5,pass=16,op=O6_WA_SWAP,accepted=false,recoveryGain=true,qGain=-0.5312472071186517,fe=6829
formalLocal:outer=0,slot=5,pass=16,op=O7_MA_LOAD_TRANSFER,accepted=false,recoveryGain=true,qGain=-0.443535474256272,fe=6830
formalLocal:outer=0,slot=5,pass=16,op=O8_MA_WEAK_TO_STRONG,accepted=false,recoveryGain=true,qGain=-1.0,fe=6831
formalLocal:outer=0,slot=5,pass=16,op=O9_MA_SWAP,accepted=false,recoveryGain=true,qGain=-0.24919924128805981,fe=6832
formalLocal:outer=0,slot=5,pass=17,op=O1_JS_INSERT,accepted=false,recoveryGain=true,qGain=-0.35047886000082584,fe=6833
formalLocal:outer=0,slot=5,pass=17,op=O2_JS_REVERSE,accepted=true,recoveryGain=true,qGain=0.026952724738735626,fe=6834
formalLocal:outer=0,slot=5,pass=17,op=O3_JS_SWAP,accepted=false,recoveryGain=true,qGain=-1.0,fe=6835
formalLocal:outer=0,slot=5,pass=17,op=O4_WA_LOAD_TRANSFER,accepted=false,recoveryGain=true,qGain=-0.8448968934730904,fe=6836
formalLocal:outer=0,slot=5,pass=17,op=O5_WA_WEAK_TO_STRONG,accepted=false,recoveryGain=true,qGain=-1.0,fe=6837
formalLocal:outer=0,slot=5,pass=17,op=O6_WA_SWAP,accepted=false,recoveryGain=true,qGain=-1.0,fe=6838
formalLocal:outer=0,slot=5,pass=17,op=O7_MA_LOAD_TRANSFER,accepted=false,recoveryGain=true,qGain=-1.0,fe=6839
formalLocal:outer=0,slot=5,pass=17,op=O8_MA_WEAK_TO_STRONG,accepted=false,recoveryGain=true,qGain=-1.0,fe=6840
formalLocal:outer=0,slot=5,pass=17,op=O9_MA_SWAP,accepted=false,recoveryGain=true,qGain=-0.09029077199742044,fe=6841
formalLocal:outer=0,slot=5,pass=18,op=O1_JS_INSERT,accepted=false,recoveryGain=true,qGain=-1.0,fe=6842
formalLocal:outer=0,slot=5,pass=18,op=O2_JS_REVERSE,accepted=false,recoveryGain=true,qGain=-0.2976036931166759,fe=6843
formalLocal:outer=0,slot=5,pass=18,op=O3_JS_SWAP,accepted=false,recoveryGain=true,qGain=-1.0,fe=6844
formalLocal:outer=0,slot=5,pass=18,op=O4_WA_LOAD_TRANSFER,accepted=false,recoveryGain=true,qGain=-0.8448968934730904,fe=6845
formalLocal:outer=0,slot=5,pass=18,op=O5_WA_WEAK_TO_STRONG,accepted=false,recoveryGain=true,qGain=-1.0,fe=6846
formalLocal:outer=0,slot=5,pass=18,op=O6_WA_SWAP,accepted=false,recoveryGain=true,qGain=-1.0,fe=6847
formalLocal:outer=0,slot=5,pass=18,op=O7_MA_LOAD_TRANSFER,accepted=false,recoveryGain=true,qGain=-1.0,fe=6848
formalLocal:outer=0,slot=5,pass=18,op=O8_MA_WEAK_TO_STRONG,accepted=false,recoveryGain=true,qGain=-1.0,fe=6849
formalLocal:outer=0,slot=5,pass=18,op=O9_MA_SWAP,accepted=false,recoveryGain=true,qGain=-0.09029077199742044,fe=6850
formalLocal:outer=0,slot=5,pass=19,op=O1_JS_INSERT,accepted=false,recoveryGain=true,qGain=-0.9020814807397095,fe=6851
formalLocal:outer=0,slot=5,pass=19,op=O2_JS_REVERSE,accepted=true,recoveryGain=true,qGain=0.03817175916228141,fe=6852
formalLocal:outer=0,slot=5,pass=19,op=O3_JS_SWAP,accepted=false,recoveryGain=true,qGain=-1.0,fe=6853
formalLocal:outer=0,slot=5,pass=19,op=O4_WA_LOAD_TRANSFER,accepted=false,recoveryGain=true,qGain=-0.33366508624156177,fe=6854
formalLocal:outer=0,slot=5,pass=19,op=O5_WA_WEAK_TO_STRONG,accepted=false,recoveryGain=true,qGain=-1.0,fe=6855
formalLocal:outer=0,slot=5,pass=19,op=O6_WA_SWAP,accepted=false,recoveryGain=true,qGain=-0.21419697654183614,fe=6856
formalLocal:outer=0,slot=5,pass=19,op=O7_MA_LOAD_TRANSFER,accepted=false,recoveryGain=true,qGain=-1.0,fe=6857
formalLocal:outer=0,slot=5,pass=19,op=O8_MA_WEAK_TO_STRONG,accepted=false,recoveryGain=true,qGain=-1.0,fe=6858
formalLocal:outer=0,slot=5,pass=19,op=O9_MA_SWAP,accepted=true,recoveryGain=true,qGain=0.10830513582473957,fe=6859
formalLocal:outer=0,slot=5,pass=20,op=O1_JS_INSERT,accepted=false,recoveryGain=true,qGain=-0.688323638295653,fe=6860
formalLocal:outer=0,slot=5,pass=20,op=O2_JS_REVERSE,accepted=false,recoveryGain=true,qGain=-0.8862872659915239,fe=6861
formalLocal:outer=0,slot=5,pass=20,op=O3_JS_SWAP,accepted=true,recoveryGain=true,qGain=0.14551438291885233,fe=6862
formalLocal:outer=0,slot=5,pass=20,op=O4_WA_LOAD_TRANSFER,accepted=true,recoveryGain=true,qGain=0.040199134436847035,fe=6863
formalLocal:outer=0,slot=5,pass=20,op=O5_WA_WEAK_TO_STRONG,accepted=false,recoveryGain=true,qGain=-1.0,fe=6864
formalLocal:outer=0,slot=5,pass=20,op=O6_WA_SWAP,accepted=false,recoveryGain=true,qGain=-1.0,fe=6865
formalLocal:outer=0,slot=5,pass=20,op=O7_MA_LOAD_TRANSFER,accepted=false,recoveryGain=true,qGain=-0.9369299906715777,fe=6866
formalLocal:outer=0,slot=5,pass=20,op=O8_MA_WEAK_TO_STRONG,accepted=false,recoveryGain=true,qGain=-1.0,fe=6867
formalLocal:outer=0,slot=5,pass=20,op=O9_MA_SWAP,accepted=false,recoveryGain=true,qGain=-1.0,fe=6868
formalLocal:outer=0,slot=5,pass=21,op=O1_JS_INSERT,accepted=false,recoveryGain=true,qGain=-1.0,fe=6869
formalLocal:outer=0,slot=5,pass=21,op=O2_JS_REVERSE,accepted=false,recoveryGain=true,qGain=-1.0,fe=6870
formalLocal:outer=0,slot=5,pass=21,op=O3_JS_SWAP,accepted=false,recoveryGain=true,qGain=0.0,fe=6871
formalLocal:outer=0,slot=5,pass=21,op=O4_WA_LOAD_TRANSFER,accepted=false,recoveryGain=true,qGain=-1.0,fe=6872
formalLocal:outer=0,slot=5,pass=21,op=O5_WA_WEAK_TO_STRONG,accepted=false,recoveryGain=true,qGain=-1.0,fe=6873
formalLocal:outer=0,slot=5,pass=21,op=O6_WA_SWAP,accepted=false,recoveryGain=true,qGain=-1.0,fe=6874
formalLocal:outer=0,slot=5,pass=21,op=O7_MA_LOAD_TRANSFER,accepted=false,recoveryGain=true,qGain=-0.9369299906715777,fe=6875
formalLocal:outer=0,slot=5,pass=21,op=O8_MA_WEAK_TO_STRONG,accepted=false,recoveryGain=true,qGain=-1.0,fe=6876
formalLocal:outer=0,slot=5,pass=21,op=O9_MA_SWAP,accepted=false,recoveryGain=true,qGain=-1.0,fe=6877
formalLocal:outer=0,slot=5,pass=22,op=O1_JS_INSERT,accepted=false,recoveryGain=true,qGain=-1.0,fe=6878
formalLocal:outer=0,slot=5,pass=22,op=O2_JS_REVERSE,accepted=false,recoveryGain=true,qGain=-1.0,fe=6879
formalLocal:outer=0,slot=5,pass=22,op=O3_JS_SWAP,accepted=false,recoveryGain=true,qGain=-1.0,fe=6880
formalLocal:outer=0,slot=5,pass=22,op=O4_WA_LOAD_TRANSFER,accepted=false,recoveryGain=true,qGain=-1.0,fe=6881
formalLocal:outer=0,slot=5,pass=22,op=O5_WA_WEAK_TO_STRONG,accepted=false,recoveryGain=true,qGain=-1.0,fe=6882
formalLocal:outer=0,slot=5,pass=22,op=O6_WA_SWAP,accepted=false,recoveryGain=true,qGain=-1.0,fe=6883
formalLocal:outer=0,slot=5,pass=22,op=O7_MA_LOAD_TRANSFER,accepted=false,recoveryGain=true,qGain=-0.9369299906715777,fe=6884
formalLocal:outer=0,slot=5,pass=22,op=O8_MA_WEAK_TO_STRONG,accepted=false,recoveryGain=true,qGain=-1.0,fe=6885
formalLocal:outer=0,slot=5,pass=22,op=O9_MA_SWAP,accepted=false,recoveryGain=true,qGain=-1.0,fe=6886
formalLocal:outer=0,slot=5,pass=23,op=O1_JS_INSERT,accepted=false,recoveryGain=true,qGain=0.0,fe=6887
formalLocal:outer=0,slot=5,pass=23,op=O2_JS_REVERSE,accepted=false,recoveryGain=true,qGain=-1.0,fe=6888
formalLocal:outer=0,slot=5,pass=23,op=O3_JS_SWAP,accepted=false,recoveryGain=true,qGain=-1.0,fe=6889
formalLocal:outer=0,slot=5,pass=23,op=O4_WA_LOAD_TRANSFER,accepted=false,recoveryGain=true,qGain=-1.0,fe=6890
formalLocal:outer=0,slot=5,pass=23,op=O5_WA_WEAK_TO_STRONG,accepted=false,recoveryGain=true,qGain=-1.0,fe=6891
formalLocal:outer=0,slot=5,pass=23,op=O6_WA_SWAP,accepted=false,recoveryGain=true,qGain=-1.0,fe=6892
formalLocal:outer=0,slot=5,pass=23,op=O7_MA_LOAD_TRANSFER,accepted=false,recoveryGain=true,qGain=-0.9369299906715777,fe=6893
formalLocal:outer=0,slot=5,pass=23,op=O8_MA_WEAK_TO_STRONG,accepted=false,recoveryGain=true,qGain=-1.0,fe=6894
formalLocal:outer=0,slot=5,pass=23,op=O9_MA_SWAP,accepted=false,recoveryGain=true,qGain=-1.0,fe=6895
formalLocal:outer=0,slot=5,pass=24,op=O1_JS_INSERT,accepted=false,recoveryGain=true,qGain=-1.0,fe=6896
formalLocal:outer=0,slot=5,pass=24,op=O2_JS_REVERSE,accepted=false,recoveryGain=true,qGain=-1.0,fe=6897
formalLocal:outer=0,slot=5,pass=24,op=O3_JS_SWAP,accepted=false,recoveryGain=true,qGain=-0.039318243273091594,fe=6898
formalLocal:outer=0,slot=5,pass=24,op=O4_WA_LOAD_TRANSFER,accepted=false,recoveryGain=true,qGain=-1.0,fe=6899
formalLocal:outer=0,slot=5,pass=24,op=O5_WA_WEAK_TO_STRONG,accepted=false,recoveryGain=true,qGain=-1.0,fe=6900
formalLocal:outer=0,slot=5,pass=24,op=O6_WA_SWAP,accepted=false,recoveryGain=true,qGain=-1.0,fe=6901
formalLocal:outer=0,slot=5,pass=24,op=O7_MA_LOAD_TRANSFER,accepted=false,recoveryGain=true,qGain=-0.9369299906715777,fe=6902
formalLocal:outer=0,slot=5,pass=24,op=O8_MA_WEAK_TO_STRONG,accepted=false,recoveryGain=true,qGain=-1.0,fe=6903
formalLocal:outer=0,slot=5,pass=24,op=O9_MA_SWAP,accepted=false,recoveryGain=true,qGain=-1.0,fe=6904
formalLocal:outer=0,slot=5,pass=25,op=O1_JS_INSERT,accepted=false,recoveryGain=true,qGain=-0.18055704742001774,fe=6905
formalLocal:outer=0,slot=5,pass=25,op=O2_JS_REVERSE,accepted=false,recoveryGain=true,qGain=-1.0,fe=6906
formalLocal:outer=0,slot=5,pass=25,op=O3_JS_SWAP,accepted=false,recoveryGain=true,qGain=-0.4097207145400407,fe=6907
formalLocal:outer=0,slot=5,pass=25,op=O4_WA_LOAD_TRANSFER,accepted=false,recoveryGain=true,qGain=-1.0,fe=6908
formalLocal:outer=0,slot=5,pass=25,op=O5_WA_WEAK_TO_STRONG,accepted=false,recoveryGain=true,qGain=-1.0,fe=6909
formalLocal:outer=0,slot=5,pass=25,op=O6_WA_SWAP,accepted=false,recoveryGain=true,qGain=-1.0,fe=6910
formalLocal:outer=0,slot=5,pass=25,op=O7_MA_LOAD_TRANSFER,accepted=false,recoveryGain=true,qGain=-0.9369299906715777,fe=6911
formalLocal:outer=0,slot=5,pass=25,op=O8_MA_WEAK_TO_STRONG,accepted=false,recoveryGain=true,qGain=-1.0,fe=6912
formalLocal:outer=0,slot=5,pass=25,op=O9_MA_SWAP,accepted=false,recoveryGain=true,qGain=-1.0,fe=6913
formalLocal:outer=0,slot=5,pass=26,op=O1_JS_INSERT,accepted=false,recoveryGain=true,qGain=-1.0,fe=6914
formalLocal:outer=0,slot=5,pass=26,op=O2_JS_REVERSE,accepted=false,recoveryGain=true,qGain=-0.6352979468287824,fe=6915
formalLocal:outer=0,slot=5,pass=26,op=O3_JS_SWAP,accepted=false,recoveryGain=true,qGain=-1.0,fe=6916
formalLocal:outer=0,slot=5,pass=26,op=O4_WA_LOAD_TRANSFER,accepted=false,recoveryGain=true,qGain=-1.0,fe=6917
formalLocal:outer=0,slot=5,pass=26,op=O5_WA_WEAK_TO_STRONG,accepted=false,recoveryGain=true,qGain=-1.0,fe=6918
formalLocal:outer=0,slot=5,pass=26,op=O6_WA_SWAP,accepted=false,recoveryGain=true,qGain=-1.0,fe=6919
formalLocal:outer=0,slot=5,pass=26,op=O7_MA_LOAD_TRANSFER,accepted=false,recoveryGain=true,qGain=-0.9369299906715777,fe=6920
formalLocal:outer=0,slot=5,pass=26,op=O8_MA_WEAK_TO_STRONG,accepted=false,recoveryGain=true,qGain=-1.0,fe=6921
formalLocal:outer=0,slot=5,pass=26,op=O9_MA_SWAP,accepted=false,recoveryGain=true,qGain=-1.0,fe=6922
formalLocal:outer=0,slot=5,pass=27,op=O1_JS_INSERT,accepted=false,recoveryGain=true,qGain=-0.6410800029597588,fe=6923
formalLocal:outer=0,slot=5,pass=27,op=O2_JS_REVERSE,accepted=false,recoveryGain=true,qGain=-1.0,fe=6924
formalLocal:outer=0,slot=5,pass=27,op=O3_JS_SWAP,accepted=false,recoveryGain=true,qGain=-1.0,fe=6925
formalLocal:outer=0,slot=5,pass=27,op=O4_WA_LOAD_TRANSFER,accepted=false,recoveryGain=true,qGain=-1.0,fe=6926
formalLocal:outer=0,slot=5,pass=27,op=O5_WA_WEAK_TO_STRONG,accepted=false,recoveryGain=true,qGain=-1.0,fe=6927
formalLocal:outer=0,slot=5,pass=27,op=O6_WA_SWAP,accepted=false,recoveryGain=true,qGain=-1.0,fe=6928
formalLocal:outer=0,slot=5,pass=27,op=O7_MA_LOAD_TRANSFER,accepted=false,recoveryGain=true,qGain=-0.9369299906715777,fe=6929
formalLocal:outer=0,slot=5,pass=27,op=O8_MA_WEAK_TO_STRONG,accepted=false,recoveryGain=true,qGain=-1.0,fe=6930
formalLocal:outer=0,slot=5,pass=27,op=O9_MA_SWAP,accepted=false,recoveryGain=true,qGain=-1.0,fe=6931
formalLocal:outer=0,slot=5,pass=28,op=O1_JS_INSERT,accepted=true,recoveryGain=true,qGain=0.25206394954658096,fe=6932
formalLocal:outer=0,slot=5,pass=28,op=O2_JS_REVERSE,accepted=false,recoveryGain=true,qGain=-0.27709442859094424,fe=6933
formalLocal:outer=0,slot=5,pass=28,op=O3_JS_SWAP,accepted=false,recoveryGain=true,qGain=-1.0,fe=6934
formalLocal:outer=0,slot=5,pass=28,op=O4_WA_LOAD_TRANSFER,accepted=false,recoveryGain=true,qGain=-1.0,fe=6935
formalLocal:outer=0,slot=5,pass=28,op=O5_WA_WEAK_TO_STRONG,accepted=false,recoveryGain=true,qGain=-1.0,fe=6936
formalLocal:outer=0,slot=5,pass=28,op=O6_WA_SWAP,accepted=false,recoveryGain=true,qGain=-1.0,fe=6937
formalLocal:outer=0,slot=5,pass=28,op=O7_MA_LOAD_TRANSFER,accepted=false,recoveryGain=true,qGain=-1.0,fe=6938
formalLocal:outer=0,slot=5,pass=28,op=O8_MA_WEAK_TO_STRONG,accepted=false,recoveryGain=true,qGain=-1.0,fe=6939
formalLocal:outer=0,slot=5,pass=28,op=O9_MA_SWAP,accepted=false,recoveryGain=true,qGain=-0.8054808682858986,fe=6940
formalLocal:outer=0,slot=5,pass=29,op=O1_JS_INSERT,accepted=false,recoveryGain=true,qGain=-1.0,fe=6941
formalLocal:outer=0,slot=5,pass=29,op=O2_JS_REVERSE,accepted=false,recoveryGain=true,qGain=-0.4899425474020209,fe=6942
formalLocal:outer=0,slot=5,pass=29,op=O3_JS_SWAP,accepted=false,recoveryGain=true,qGain=0.0,fe=6943
formalLocal:outer=0,slot=5,pass=29,op=O4_WA_LOAD_TRANSFER,accepted=false,recoveryGain=true,qGain=-1.0,fe=6944
formalLocal:outer=0,slot=5,pass=29,op=O5_WA_WEAK_TO_STRONG,accepted=false,recoveryGain=true,qGain=-1.0,fe=6945
formalLocal:outer=0,slot=5,pass=29,op=O6_WA_SWAP,accepted=false,recoveryGain=true,qGain=-1.0,fe=6946
formalLocal:outer=0,slot=5,pass=29,op=O7_MA_LOAD_TRANSFER,accepted=false,recoveryGain=true,qGain=-1.0,fe=6947
formalLocal:outer=0,slot=5,pass=29,op=O8_MA_WEAK_TO_STRONG,accepted=false,recoveryGain=true,qGain=-1.0,fe=6948
formalLocal:outer=0,slot=5,pass=29,op=O9_MA_SWAP,accepted=false,recoveryGain=true,qGain=-0.8054808682858986,fe=6949
formalLocal:outer=0,slot=6,op=CRITICAL_FACTORY_SWAP,accepted=true,fe=6950
formalLocal:outer=0,slot=6,op=CRITICAL_FACTORY_INSERT,accepted=true,fe=6951
formalLocal:outer=0,slot=6,pass=0,op=O1_JS_INSERT,accepted=false,recoveryGain=true,qGain=-0.08620327892513831,fe=6952
formalLocal:outer=0,slot=6,pass=0,op=O2_JS_REVERSE,accepted=false,recoveryGain=true,qGain=-0.06040324023056592,fe=6953
formalLocal:outer=0,slot=6,pass=0,op=O3_JS_SWAP,accepted=true,recoveryGain=true,qGain=0.03322389419383733,fe=6954
formalLocal:outer=0,slot=6,pass=0,op=O4_WA_LOAD_TRANSFER,accepted=false,recoveryGain=true,qGain=-0.14620138644963993,fe=6955
formalLocal:outer=0,slot=6,pass=0,op=O5_WA_WEAK_TO_STRONG,accepted=true,recoveryGain=true,qGain=0.009668286342152683,fe=6956
formalLocal:outer=0,slot=6,pass=0,op=O6_WA_SWAP,accepted=true,recoveryGain=true,qGain=0.03396958474833767,fe=6957
formalLocal:outer=0,slot=6,pass=0,op=O7_MA_LOAD_TRANSFER,accepted=false,recoveryGain=true,qGain=-0.4258679355852503,fe=6958
formalLocal:outer=0,slot=6,pass=0,op=O8_MA_WEAK_TO_STRONG,accepted=false,recoveryGain=true,qGain=-0.010033102828027636,fe=6959
formalLocal:outer=0,slot=6,pass=0,op=O9_MA_SWAP,accepted=true,recoveryGain=true,qGain=0.04173114963296405,fe=6960
formalLocal:outer=0,slot=6,pass=1,op=O1_JS_INSERT,accepted=false,recoveryGain=true,qGain=-0.1719123702567788,fe=6961
formalLocal:outer=0,slot=6,pass=1,op=O2_JS_REVERSE,accepted=false,recoveryGain=true,qGain=-0.0663753561188163,fe=6962
formalLocal:outer=0,slot=6,pass=1,op=O3_JS_SWAP,accepted=false,recoveryGain=true,qGain=-0.17253747117709833,fe=6963
formalLocal:outer=0,slot=6,pass=1,op=O4_WA_LOAD_TRANSFER,accepted=true,recoveryGain=true,qGain=0.07272265376658162,fe=6964
formalLocal:outer=0,slot=6,pass=1,op=O5_WA_WEAK_TO_STRONG,accepted=false,recoveryGain=true,qGain=-0.07502903401153485,fe=6965
formalLocal:outer=0,slot=6,pass=1,op=O6_WA_SWAP,accepted=false,recoveryGain=true,qGain=-0.026126260424721923,fe=6966
formalLocal:outer=0,slot=6,pass=1,op=O7_MA_LOAD_TRANSFER,accepted=false,recoveryGain=true,qGain=-0.4982282896153318,fe=6967
formalLocal:outer=0,slot=6,pass=1,op=O8_MA_WEAK_TO_STRONG,accepted=false,recoveryGain=true,qGain=-0.2205258916077858,fe=6968
formalLocal:outer=0,slot=6,pass=1,op=O9_MA_SWAP,accepted=false,recoveryGain=true,qGain=-0.14298559736809144,fe=6969
formalLocal:outer=0,slot=6,pass=2,op=O1_JS_INSERT,accepted=false,recoveryGain=true,qGain=-0.34529237360824155,fe=6970
formalLocal:outer=0,slot=6,pass=2,op=O2_JS_REVERSE,accepted=false,recoveryGain=true,qGain=-0.07823726106338254,fe=6971
formalLocal:outer=0,slot=6,pass=2,op=O3_JS_SWAP,accepted=false,recoveryGain=true,qGain=-0.4258985718018426,fe=6972
formalLocal:outer=0,slot=6,pass=2,op=O4_WA_LOAD_TRANSFER,accepted=false,recoveryGain=true,qGain=-0.1731543241529813,fe=6973
formalLocal:outer=0,slot=6,pass=2,op=O5_WA_WEAK_TO_STRONG,accepted=false,recoveryGain=true,qGain=-0.07502903401153485,fe=6974
formalLocal:outer=0,slot=6,pass=2,op=O6_WA_SWAP,accepted=false,recoveryGain=true,qGain=-0.026126260424721923,fe=6975
formalLocal:outer=0,slot=6,pass=2,op=O7_MA_LOAD_TRANSFER,accepted=false,recoveryGain=true,qGain=-0.4982282896153318,fe=6976
formalLocal:outer=0,slot=6,pass=2,op=O8_MA_WEAK_TO_STRONG,accepted=false,recoveryGain=true,qGain=-0.2205258916077858,fe=6977
formalLocal:outer=0,slot=6,pass=2,op=O9_MA_SWAP,accepted=false,recoveryGain=true,qGain=-0.14298559736809144,fe=6978
formalLocal:outer=0,slot=6,pass=3,op=O1_JS_INSERT,accepted=false,recoveryGain=true,qGain=-0.07115137690678731,fe=6979
formalLocal:outer=0,slot=6,pass=3,op=O2_JS_REVERSE,accepted=true,recoveryGain=true,qGain=0.013407805776612342,fe=6980
formalLocal:outer=0,slot=6,pass=3,op=O3_JS_SWAP,accepted=false,recoveryGain=true,qGain=-0.24531650682657952,fe=6981
formalLocal:outer=0,slot=6,pass=3,op=O4_WA_LOAD_TRANSFER,accepted=false,recoveryGain=true,qGain=-0.23131180559972717,fe=6982
formalLocal:outer=0,slot=6,pass=3,op=O5_WA_WEAK_TO_STRONG,accepted=false,recoveryGain=true,qGain=-0.8232079850256745,fe=6983
formalLocal:outer=0,slot=6,pass=3,op=O6_WA_SWAP,accepted=false,recoveryGain=true,qGain=-0.3837109885861921,fe=6984
formalLocal:outer=0,slot=6,pass=3,op=O7_MA_LOAD_TRANSFER,accepted=false,recoveryGain=true,qGain=-0.7412715753775617,fe=6985
formalLocal:outer=0,slot=6,pass=3,op=O8_MA_WEAK_TO_STRONG,accepted=false,recoveryGain=true,qGain=-0.3937327655074946,fe=6986
formalLocal:outer=0,slot=6,pass=3,op=O9_MA_SWAP,accepted=false,recoveryGain=true,qGain=-0.5047569896375669,fe=6987
formalLocal:outer=0,slot=6,pass=4,op=O1_JS_INSERT,accepted=false,recoveryGain=true,qGain=-1.0,fe=6988
formalLocal:outer=0,slot=6,pass=4,op=O2_JS_REVERSE,accepted=false,recoveryGain=true,qGain=-1.0,fe=6989
formalLocal:outer=0,slot=6,pass=4,op=O3_JS_SWAP,accepted=false,recoveryGain=true,qGain=-0.2972618005326261,fe=6990
formalLocal:outer=0,slot=6,pass=4,op=O4_WA_LOAD_TRANSFER,accepted=false,recoveryGain=true,qGain=-0.23131180559972717,fe=6991
formalLocal:outer=0,slot=6,pass=4,op=O5_WA_WEAK_TO_STRONG,accepted=false,recoveryGain=true,qGain=-0.8232079850256745,fe=6992
formalLocal:outer=0,slot=6,pass=4,op=O6_WA_SWAP,accepted=false,recoveryGain=true,qGain=-0.3837109885861921,fe=6993
formalLocal:outer=0,slot=6,pass=4,op=O7_MA_LOAD_TRANSFER,accepted=false,recoveryGain=true,qGain=-0.7412715753775617,fe=6994
formalLocal:outer=0,slot=6,pass=4,op=O8_MA_WEAK_TO_STRONG,accepted=false,recoveryGain=true,qGain=-0.3937327655074946,fe=6995
formalLocal:outer=0,slot=6,pass=4,op=O9_MA_SWAP,accepted=false,recoveryGain=true,qGain=-0.5047569896375669,fe=6996
formalLocal:outer=0,slot=6,pass=5,op=O1_JS_INSERT,accepted=false,recoveryGain=true,qGain=-0.4098988393514318,fe=6997
formalLocal:outer=0,slot=6,pass=5,op=O2_JS_REVERSE,accepted=false,recoveryGain=true,qGain=-0.18135551728748822,fe=6998
formalLocal:outer=0,slot=6,pass=5,op=O3_JS_SWAP,accepted=false,recoveryGain=true,qGain=-0.0815036415717345,fe=6999
formalLocal:outer=0,slot=6,pass=5,op=O4_WA_LOAD_TRANSFER,accepted=false,recoveryGain=true,qGain=-0.23131180559972717,fe=7000
formalLocal:outer=0,slot=6,pass=5,op=O5_WA_WEAK_TO_STRONG,accepted=false,recoveryGain=true,qGain=-0.8232079850256745,fe=7001
formalLocal:outer=0,slot=6,pass=5,op=O6_WA_SWAP,accepted=false,recoveryGain=true,qGain=-0.3837109885861921,fe=7002
formalLocal:outer=0,slot=6,pass=5,op=O7_MA_LOAD_TRANSFER,accepted=false,recoveryGain=true,qGain=-0.7412715753775617,fe=7003
formalLocal:outer=0,slot=6,pass=5,op=O8_MA_WEAK_TO_STRONG,accepted=false,recoveryGain=true,qGain=-0.3937327655074946,fe=7004
formalLocal:outer=0,slot=6,pass=5,op=O9_MA_SWAP,accepted=false,recoveryGain=true,qGain=-0.5047569896375669,fe=7005
formalLocal:outer=0,slot=6,pass=6,op=O1_JS_INSERT,accepted=false,recoveryGain=true,qGain=-0.42257369500364705,fe=7006
v35Lite:generation=2,slot=0,context=G1_CMAX|BAL,phase=MIDDLE,factory=1,pressures=SEQ:0.2259260913339178|MAC:0.3582388341130091|WOR:0.6226988771917605|SET:0.17593723891477436|FAT:0.34537356361235433,pressureMax=WOR:0.6226988771917605,pressureSecond=MAC:0.3582388341130091,pressureGap=0.26446004307875143,diagnosisReason=FULL_MASK_AUDIT,test=false,reason=APPLY_BEST,actions=[N2],remaining=0,routes=N1:N1|N2:N2|N3:CRITICAL_SOURCE|N4:BAL_RESOURCE_ROUTE|N5:STRUCTURAL_RECOVERY_MIX
v35Lite:action=N2,accepted=false,fe=12007,qGain=-0.2920022598817512,attemptSeed=1839405336740880628
v35Lite:generation=2,slot=1,context=G1_CMAX|BAL,phase=MIDDLE,factory=2,pressures=SEQ:0.4758343262009286|MAC:0.4497118603704995|WOR:0.7169568441127497|SET:0.1674824838183161|FAT:0.4457721081612761,pressureMax=WOR:0.7169568441127497,pressureSecond=SEQ:0.4758343262009286,pressureGap=0.24112251791182115,diagnosisReason=FULL_MASK_AUDIT,test=true,reason=TEST,actions=[N1, N2, N4, N5],remaining=4,routes=N1:N1|N2:N2|N4:BAL_RESOURCE_ROUTE|N5:STRUCTURAL_RECOVERY_MIX
v35Lite:action=N1,accepted=false,fe=12008,qGain=0.0,attemptSeed=-6848165727245954591
v35Lite:action=N2,accepted=false,fe=12009,qGain=-0.34688409735700954,attemptSeed=6757104048825597862
v35Lite:action=N4,accepted=false,fe=12010,qGain=0.0,attemptSeed=-2280651359481408988
v35Lite:action=N5,accepted=false,fe=12011,qGain=0.0,attemptSeed=4390936160240781093
v35Lite:generation=2,slot=2,context=G1_CMAX|BAL,phase=MIDDLE,factory=2,pressures=SEQ:0.5425956151217386|MAC:0.49980960345933134|WOR:0.7337966090072032|SET:0.16259943647873848|FAT:0.5136028689269605,pressureMax=WOR:0.7337966090072032,pressureSecond=SEQ:0.5425956151217386,pressureGap=0.19120099388546463,diagnosisReason=FULL_MASK_AUDIT,test=true,reason=TEST,actions=[N1, N2, N3, N4, N5],remaining=5,routes=N1:N1|N2:N2|N3:CRITICAL_SOURCE|N4:BAL_RESOURCE_ROUTE|N5:STRUCTURAL_RECOVERY_MIX
v35Lite:action=N1,accepted=true,fe=12012,qGain=0.03272637082715317,attemptSeed=-6848165727245954591
v35Lite:action=N2,accepted=false,fe=12013,qGain=-0.5111164300852109,attemptSeed=6757104048825597862
v35Lite:action=N3,accepted=false,fe=12014,qGain=0.0,attemptSeed=4205098188985182591
v35Lite:action=N4,accepted=false,fe=12015,qGain=0.05208890370191701,attemptSeed=-2280651359481408988
v35Lite:action=N5,accepted=false,fe=12016,qGain=-0.12963549526429455,attemptSeed=4390936160240781093
v35Lite:generation=2,slot=3,context=G1_CMAX|BAL,phase=MIDDLE,factory=2,pressures=SEQ:0.4902994638369233|MAC:0.43168903151263893|WOR:0.6920199466193626|SET:0.1718510787846818|FAT:0.5109888739013702,pressureMax=WOR:0.6920199466193626,pressureSecond=FAT:0.5109888739013702,pressureGap=0.18103107271799246,diagnosisReason=FULL_MASK_AUDIT,test=false,reason=APPLY_BEST,actions=[N2],remaining=4,routes=N1:N1|N2:N2|N3:CRITICAL_SOURCE|N4:BAL_RESOURCE_ROUTE|N5:STRUCTURAL_RECOVERY_MIX
v35Lite:action=N2,accepted=false,fe=12017,qGain=0.0,attemptSeed=-6848165727245954591
v35Lite:generation=2,slot=4,context=G1_CMAX|BAL,phase=MIDDLE,factory=1,pressures=SEQ:0.27381633733184674|MAC:0.32947825493096805|WOR:0.6349212982357763|SET:0.16782496171269307|FAT:0.3915621603474784,pressureMax=WOR:0.6349212982357763,pressureSecond=FAT:0.3915621603474784,pressureGap=0.24335913788829783,diagnosisReason=FULL_MASK_AUDIT,test=false,reason=APPLY_BEST,actions=[N2],remaining=3,routes=N1:N1|N2:N2|N3:CRITICAL_SOURCE|N4:BAL_RESOURCE_ROUTE|N5:STRUCTURAL_RECOVERY_MIX
v35Lite:action=N2,accepted=false,fe=12018,qGain=-0.02214348641646173,attemptSeed=-8253639770784100620
v35Lite:generation=2,slot=5,context=G1_CMAX|BAL,phase=MIDDLE,factory=1,pressures=SEQ:0.2516239450024508|MAC:0.3911442292995355|WOR:0.6784217650122137|SET:0.17792299482906915|FAT:0.3596329763670983,pressureMax=WOR:0.6784217650122137,pressureSecond=MAC:0.3911442292995355,pressureGap=0.2872775357126782,diagnosisReason=FULL_MASK_AUDIT,test=false,reason=APPLY_BEST,actions=[N2],remaining=2,routes=N1:N1|N2:N2|N3:CRITICAL_SOURCE|N4:BAL_RESOURCE_ROUTE|N5:STRUCTURAL_RECOVERY_MIX
v35Lite:action=N2,accepted=false,fe=12019,qGain=-0.3240016631910678,attemptSeed=4390936160240781093
v35Lite:generation=2,slot=6,context=G1_CMAX|BAL,phase=MIDDLE,factory=2,pressures=SEQ:0.5059135587869896|MAC:0.5373982880292736|WOR:0.7028153673793287|SET:0.159427846629112|FAT:0.5207956043349435,pressureMax=WOR:0.7028153673793287,pressureSecond=MAC:0.5373982880292736,pressureGap=0.16541707935005512,diagnosisReason=FULL_MASK_AUDIT,test=true,reason=TEST,actions=[N1, N2, N4, N5],remaining=4,routes=N1:N1|N2:N2|N4:BAL_RESOURCE_ROUTE|N5:STRUCTURAL_RECOVERY_MIX
v35Lite:action=N1,accepted=false,fe=12020,qGain=0.0,attemptSeed=1839405336740880628
v35Lite:action=N2,accepted=false,fe=12021,qGain=-0.05271990250874678,attemptSeed=4390936160240781093
v35Lite:action=N4,accepted=false,fe=12022,qGain=0.0,attemptSeed=-8253639770784100620
v35Lite:action=N5,accepted=false,fe=12023,qGain=0.0,attemptSeed=6757104048825597862
v35Lite:generation=2,slot=7,context=G1_CMAX|BAL,phase=MIDDLE,factory=1,pressures=SEQ:0.3257809943798586|MAC:0.3927290841854074|WOR:0.6287320457207255|SET:0.15493579545005703|FAT:0.37102707471614627,pressureMax=WOR:0.6287320457207255,pressureSecond=MAC:0.3927290841854074,pressureGap=0.23600296153531808,diagnosisReason=FULL_MASK_AUDIT,test=true,reason=TEST,actions=[N1, N2, N3, N4, N5],remaining=5,routes=N1:N1|N2:N2|N3:CRITICAL_SOURCE|N4:BAL_RESOURCE_ROUTE|N5:STRUCTURAL_RECOVERY_MIX
v35Lite:action=N1,accepted=false,fe=12024,qGain=0.0,attemptSeed=-2280651359481408988
v35Lite:action=N2,accepted=false,fe=12025,qGain=-0.08835740657888824,attemptSeed=4205098188985182591
v35Lite:action=N3,accepted=true,fe=12026,qGain=0.3174787578815323,attemptSeed=6757104048825597862
v35Lite:action=N4,accepted=false,fe=12027,qGain=0.3793792117086109,attemptSeed=-6848165727245954591
v35Lite:action=N5,accepted=false,fe=12028,qGain=0.0,attemptSeed=5652910132370954958
v35Lite:generation=2,slot=8,context=G1_CMAX|BAL,phase=MIDDLE,factory=2,pressures=SEQ:0.4865629985267499|MAC:0.5850240617962004|WOR:0.6798042444606043|SET:0.15815925825514238|FAT:0.5007268653912842,pressureMax=WOR:0.6798042444606043,pressureSecond=MAC:0.5850240617962004,pressureGap=0.09478018266440391,diagnosisReason=FULL_MASK_AUDIT,test=false,reason=APPLY_BEST,actions=[N2],remaining=4,routes=N1:N1|N2:N2|N3:CRITICAL_SOURCE|N4:BAL_RESOURCE_ROUTE|N5:STRUCTURAL_RECOVERY_MIX
v35Lite:action=N2,accepted=false,fe=12029,qGain=-1.0,attemptSeed=5902011982072475512
v35Lite:generation=2,slot=9,context=G1_CMAX|BAL,phase=MIDDLE,factory=0,pressures=SEQ:0.23355996094875048|MAC:0.4170709644092261|WOR:0.6778736147181386|SET:0.16666353330200273|FAT:0.3591029236656138,pressureMax=WOR:0.6778736147181386,pressureSecond=MAC:0.4170709644092261,pressureGap=0.2608026503089125,diagnosisReason=FULL_MASK_AUDIT,test=false,reason=APPLY_BEST,actions=[N2],remaining=3,routes=N1:N1|N2:N2|N3:CRITICAL_SOURCE|N4:BAL_RESOURCE_ROUTE|N5:STRUCTURAL_RECOVERY_MIX
v35Lite:action=N2,accepted=true,fe=12030,qGain=0.4535614760271698,attemptSeed=5902011982072475512
v35Lite:generation=2,slot=10,context=G1_CMAX|BAL,phase=MIDDLE,factory=1,pressures=SEQ:0.28661378506337837|MAC:0.34830114030991666|WOR:0.6542400380304504|SET:0.16118661084777225|FAT:0.3684442682053291,pressureMax=WOR:0.6542400380304504,pressureSecond=FAT:0.3684442682053291,pressureGap=0.2857957698251213,diagnosisReason=FULL_MASK_AUDIT,test=false,reason=APPLY_BEST,actions=[N2],remaining=2,routes=N1:N1|N2:N2|N3:CRITICAL_SOURCE|N4:BAL_RESOURCE_ROUTE|N5:STRUCTURAL_RECOVERY_MIX
v35Lite:action=N2,accepted=false,fe=12031,qGain=-0.21842576434950964,attemptSeed=5902011982072475512
v35Lite:generation=2,slot=11,context=G1_CMAX|BAL,phase=MIDDLE,factory=2,pressures=SEQ:0.5331406818336349|MAC:0.4497223144966663|WOR:0.7213455811105646|SET:0.15612241010655167|FAT:0.5494729380388124,pressureMax=WOR:0.7213455811105646,pressureSecond=FAT:0.5494729380388124,pressureGap=0.1718726430717522,diagnosisReason=FULL_MASK_AUDIT,test=false,reason=APPLY_BEST,actions=[N2],remaining=1,routes=N1:N1|N2:N2|N3:CRITICAL_SOURCE|N4:BAL_RESOURCE_ROUTE|N5:STRUCTURAL_RECOVERY_MIX
v35Lite:action=N2,accepted=true,fe=12032,qGain=0.16047052134094686,attemptSeed=5902011982072475512
v35Lite:generation=2,slot=12,context=G1_CMAX|BAL,phase=MIDDLE,factory=1,pressures=SEQ:0.1967519335139411|MAC:0.4190672395092913|WOR:0.6498325178702463|SET:0.16585610029968734|FAT:0.33877920802556727,pressureMax=WOR:0.6498325178702463,pressureSecond=MAC:0.4190672395092913,pressureGap=0.230765278360955,diagnosisReason=FULL_MASK_AUDIT,test=false,reason=APPLY_BEST,actions=[N2],remaining=0,routes=N1:N1|N2:N2|N3:CRITICAL_SOURCE|N4:BAL_RESOURCE_ROUTE|N5:STRUCTURAL_RECOVERY_MIX
v35Lite:action=N2,accepted=false,fe=12033,qGain=-0.49526391436850387,attemptSeed=5902011982072475512
v35Lite:generation=2,slot=13,context=G1_CMAX|BAL,phase=MIDDLE,factory=1,pressures=SEQ:0.278515997573766|MAC:0.3850562025168925|WOR:0.6403503430954129|SET:0.1682933240558033|FAT:0.35644578484549017,pressureMax=WOR:0.6403503430954129,pressureSecond=MAC:0.3850562025168925,pressureGap=0.25529414057852046,diagnosisReason=FULL_MASK_AUDIT,test=true,reason=APPLY_HORIZON_COMPLETE_TEST,actions=[N1, N2, N3, N4, N5],remaining=5,routes=N1:N1|N2:N2|N3:CRITICAL_SOURCE|N4:BAL_RESOURCE_ROUTE|N5:STRUCTURAL_RECOVERY_MIX
v35Lite:action=N1,accepted=false,fe=12034,qGain=0.0,attemptSeed=-1244354769989793399
v35Lite:action=N2,accepted=false,fe=12035,qGain=-0.04469437856373079,attemptSeed=1576138939473529685
v35Lite:action=N3,accepted=false,fe=12036,qGain=-0.04149163099165762,attemptSeed=-8827708008677070770
v35Lite:action=N4,accepted=false,fe=12037,qGain=0.2396766853392649,attemptSeed=-6057254834043395357
v35Lite:action=N5,accepted=false,fe=12038,qGain=0.0,attemptSeed=-4956229753352766675
v35Lite:generation=2,slot=14,context=G1_CMAX|BAL,phase=MIDDLE,factory=2,pressures=SEQ:0.4706525581100959|MAC:0.465447959858085|WOR:0.7040390074346119|SET:0.16007353558897153|FAT:0.49673078343572585,pressureMax=WOR:0.7040390074346119,pressureSecond=FAT:0.49673078343572585,pressureGap=0.20730822399888604,diagnosisReason=FULL_MASK_AUDIT,test=true,reason=TEST,actions=[N1, N2, N4, N5],remaining=4,routes=N1:N1|N2:N2|N4:BAL_RESOURCE_ROUTE|N5:STRUCTURAL_RECOVERY_MIX
v35Lite:action=N1,accepted=true,fe=12039,qGain=0.07072658203775159,attemptSeed=-1244354769989793399
v35Lite:action=N2,accepted=false,fe=12040,qGain=-0.17693529143598713,attemptSeed=1576138939473529685
v35Lite:action=N4,accepted=false,fe=12041,qGain=0.16836047921527064,attemptSeed=-6057254834043395357
v35Lite:action=N5,accepted=false,fe=12042,qGain=0.05133643613349926,attemptSeed=-4956229753352766675
v35Lite:generation=2,slot=15,context=G1_CMAX|BAL,phase=MIDDLE,factory=1,pressures=SEQ:0.19599587506385985|MAC:0.3369341322675865|WOR:0.6378224748128557|SET:0.17130871636161052|FAT:0.3794190698625429,pressureMax=WOR:0.6378224748128557,pressureSecond=FAT:0.3794190698625429,pressureGap=0.2584034049503128,diagnosisReason=FULL_MASK_AUDIT,test=true,reason=TEST,actions=[N1, N2, N3, N4, N5],remaining=5,routes=N1:N1|N2:N2|N3:CRITICAL_SOURCE|N4:BAL_RESOURCE_ROUTE|N5:STRUCTURAL_RECOVERY_MIX
v35Lite:action=N1,accepted=false,fe=12043,qGain=0.0,attemptSeed=-1244354769989793399
v35Lite:action=N2,accepted=false,fe=12044,qGain=-0.3150794904341209,attemptSeed=1576138939473529685
v35Lite:action=N3,accepted=false,fe=12045,qGain=-0.5492614964225256,attemptSeed=-8827708008677070770
v35Lite:action=N4,accepted=false,fe=12046,qGain=-0.48294347500944024,attemptSeed=-6057254834043395357
v35Lite:action=N5,accepted=false,fe=12047,qGain=0.0,attemptSeed=-4956229753352766675
v35Lite:generation=2,slot=16,context=G1_CMAX|BAL,phase=MIDDLE,factory=2,pressures=SEQ:0.5217017723707591|MAC:0.4404995763545255|WOR:0.7050907760628113|SET:0.164711733878234|FAT:0.4923719193915144,pressureMax=WOR:0.7050907760628113,pressureSecond=SEQ:0.5217017723707591,pressureGap=0.18338900369205224,diagnosisReason=FULL_MASK_AUDIT,test=false,reason=APPLY_BEST,actions=[N2],remaining=4,routes=N1:N1|N2:N2|N3:CRITICAL_SOURCE|N4:BAL_RESOURCE_ROUTE|N5:STRUCTURAL_RECOVERY_MIX
v35Lite:action=N2,accepted=false,fe=12048,qGain=0.0,attemptSeed=8470160340737578576
v35Lite:generation=2,slot=17,context=G1_CMAX|BAL,phase=MIDDLE,factory=0,pressures=SEQ:0.25110369292488155|MAC:0.3356554661059768|WOR:0.6760803334119203|SET:0.16320443290876296|FAT:0.3915316063248973,pressureMax=WOR:0.6760803334119203,pressureSecond=FAT:0.3915316063248973,pressureGap=0.284548727087023,diagnosisReason=FULL_MASK_AUDIT,test=false,reason=APPLY_BEST,actions=[N2],remaining=3,routes=N1:N1|N2:N2|N3:CRITICAL_SOURCE|N4:BAL_RESOURCE_ROUTE|N5:STRUCTURAL_RECOVERY_MIX
v35Lite:action=N2,accepted=true,fe=12049,qGain=0.3795362654340844,attemptSeed=8470160340737578576
v35Lite:generation=2,slot=18,context=G1_CMAX|BAL,phase=MIDDLE,factory=2,pressures=SEQ:0.5339495612253979|MAC:0.4572264353765779|WOR:0.7250319575697635|SET:0.17036709954407786|FAT:0.4973042454904394,pressureMax=WOR:0.7250319575697635,pressureSecond=SEQ:0.5339495612253979,pressureGap=0.19108239634436552,diagnosisReason=FULL_MASK_AUDIT,test=false,reason=APPLY_BEST,actions=[N2],remaining=2,routes=N1:N1|N2:N2|N3:CRITICAL_SOURCE|N4:BAL_RESOURCE_ROUTE|N5:STRUCTURAL_RECOVERY_MIX
v35Lite:action=N2,accepted=false,fe=12050,qGain=-0.3225037090961224,attemptSeed=8470160340737578576
v35Lite:generation=2,slot=19,context=G1_CMAX|BAL,phase=MIDDLE,factory=2,pressures=SEQ:0.5355055729135162|MAC:0.4658188660567304|WOR:0.7235715483836765|SET:0.17021330029013512|FAT:0.5229137261656203,pressureMax=WOR:0.7235715483836765,pressureSecond=SEQ:0.5355055729135162,pressureGap=0.18806597547016035,diagnosisReason=FULL_MASK_AUDIT,test=false,reason=APPLY_BEST,actions=[N2],remaining=1,routes=N1:N1|N2:N2|N3:CRITICAL_SOURCE|N4:BAL_RESOURCE_ROUTE|N5:STRUCTURAL_RECOVERY_MIX
v35Lite:action=N2,accepted=false,fe=12051,qGain=-0.7235799028538485,attemptSeed=8470160340737578576
v35Lite:generation=2,slot=20,context=G4_BALANCED|BAL,phase=MIDDLE,factory=2,pressures=SEQ:0.5189895052695092|MAC:0.46419450056336437|WOR:0.7013962273762977|SET:0.15862250618892568|FAT:0.4857662307467333,pressureMax=WOR:0.7013962273762977,pressureSecond=SEQ:0.5189895052695092,pressureGap=0.18240672210678854,diagnosisReason=FULL_MASK_AUDIT,test=false,reason=APPLY_BEST,actions=[N3],remaining=4,routes=N1:N1|N2:N2|N3:CRITICAL_SOURCE|N4:BAL_RESOURCE_ROUTE|N5:STRUCTURAL_RECOVERY_MIX
v35Lite:action=N3,accepted=false,fe=12052,qGain=0.0,attemptSeed=3260680263454142534
v35Lite:generation=2,slot=21,context=G4_BALANCED|BAL,phase=MIDDLE,factory=0,pressures=SEQ:0.20606570894109577|MAC:0.3769039485842651|WOR:0.643632362782414|SET:0.1559130910580413|FAT:0.3682848579750996,pressureMax=WOR:0.643632362782414,pressureSecond=MAC:0.3769039485842651,pressureGap=0.26672841419814886,diagnosisReason=FULL_MASK_AUDIT,test=false,reason=APPLY_BEST,actions=[N3],remaining=3,routes=N1:N1|N2:N2|N3:CRITICAL_SOURCE|N4:BAL_RESOURCE_ROUTE|N5:STRUCTURAL_RECOVERY_MIX
v35Lite:action=N3,accepted=true,fe=12053,qGain=-0.060345310530503744,attemptSeed=3260680263454142534
v35Lite:generation=2,slot=22,context=G4_BALANCED|BAL,phase=MIDDLE,factory=1,pressures=SEQ:0.34686131946242243|MAC:0.3359303625224956|WOR:0.681546261800622|SET:0.16981192129171935|FAT:0.40533637677181233,pressureMax=WOR:0.681546261800622,pressureSecond=FAT:0.40533637677181233,pressureGap=0.2762098850288097,diagnosisReason=FULL_MASK_AUDIT,test=false,reason=APPLY_BEST,actions=[N3],remaining=2,routes=N1:N1|N2:N2|N3:CRITICAL_SOURCE|N4:BAL_RESOURCE_ROUTE|N5:STRUCTURAL_RECOVERY_MIX
v35Lite:action=N3,accepted=true,fe=12054,qGain=-0.02235118138526234,attemptSeed=3260680263454142534
v35Lite:generation=2,slot=23,context=G4_BALANCED|BAL,phase=MIDDLE,factory=2,pressures=SEQ:0.48490777093397797|MAC:0.40597592280743294|WOR:0.6867711553396986|SET:0.14151089135545217|FAT:0.5376269118843446,pressureMax=WOR:0.6867711553396986,pressureSecond=FAT:0.5376269118843446,pressureGap=0.14914424345535393,diagnosisReason=FULL_MASK_AUDIT,test=true,reason=TEST,actions=[N1, N2, N4, N5],remaining=4,routes=N1:N1|N2:N2|N4:BAL_RESOURCE_ROUTE|N5:STRUCTURAL_RECOVERY_MIX
v35Lite:action=N1,accepted=true,fe=12055,qGain=0.08269500034654537,attemptSeed=-6249050722980624685
v35Lite:action=N2,accepted=true,fe=12056,qGain=0.06709916461175375,attemptSeed=-8479877718313908122
v35Lite:action=N4,accepted=false,fe=12057,qGain=0.04270485112029687,attemptSeed=-3058298998030004885
v35Lite:action=N5,accepted=true,fe=12058,qGain=0.07278870134803779,attemptSeed=-2442140215746785694
v35Lite:generation=2,slot=24,context=G4_BALANCED|BAL,phase=MIDDLE,factory=1,pressures=SEQ:0.22450385860074656|MAC:0.3734325000801857|WOR:0.6624125233818077|SET:0.15848401356449238|FAT:0.35397317927358546,pressureMax=WOR:0.6624125233818077,pressureSecond=MAC:0.3734325000801857,pressureGap=0.288980023301622,diagnosisReason=FULL_MASK_AUDIT,test=true,reason=TEST,actions=[N1, N2, N3, N4, N5],remaining=5,routes=N1:N1|N2:N2|N3:CRITICAL_SOURCE|N4:BAL_RESOURCE_ROUTE|N5:STRUCTURAL_RECOVERY_MIX
v35Lite:action=N1,accepted=true,fe=12059,qGain=0.03471320824198509,attemptSeed=5898327611733008899
v35Lite:action=N2,accepted=true,fe=12060,qGain=-0.21025008849069768,attemptSeed=-8038824093242532047
v35Lite:action=N3,accepted=false,fe=12061,qGain=-0.22163707123210488,attemptSeed=-8646074543513834129
v35Lite:action=N4,accepted=false,fe=12062,qGain=-0.667287423884302,attemptSeed=2272412018937438825
v35Lite:action=N5,accepted=true,fe=12063,qGain=0.0345502114542966,attemptSeed=1121257836867866275
v35Lite:generation=2,slot=25,context=G4_BALANCED|BAL,phase=MIDDLE,factory=1,pressures=SEQ:0.255173244404199|MAC:0.36222459664694967|WOR:0.6669523679810435|SET:0.18833110943569908|FAT:0.4113984783238761,pressureMax=WOR:0.6669523679810435,pressureSecond=FAT:0.4113984783238761,pressureGap=0.2555538896571674,diagnosisReason=FULL_MASK_AUDIT,test=false,reason=APPLY_BEST,actions=[N3],remaining=4,routes=N1:N1|N2:N2|N3:CRITICAL_SOURCE|N4:BAL_RESOURCE_ROUTE|N5:STRUCTURAL_RECOVERY_MIX
v35Lite:action=N3,accepted=false,fe=12064,qGain=-0.026806689939240538,attemptSeed=2272412018937438825
v35Lite:generation=2,slot=26,context=G4_BALANCED|BAL,phase=MIDDLE,factory=1,pressures=SEQ:0.267171751643407|MAC:0.39146617663108707|WOR:0.7300915532652636|SET:0.16309151419856632|FAT:0.37690458003546,pressureMax=WOR:0.7300915532652636,pressureSecond=MAC:0.39146617663108707,pressureGap=0.3386253766341766,diagnosisReason=FULL_MASK_AUDIT,test=false,reason=APPLY_BEST,actions=[N3],remaining=3,routes=N1:N1|N2:N2|N3:CRITICAL_SOURCE|N4:BAL_RESOURCE_ROUTE|N5:STRUCTURAL_RECOVERY_MIX
v35Lite:action=N3,accepted=true,fe=12065,qGain=0.255593757755191,attemptSeed=-8038824093242532047
v35Lite:generation=2,slot=27,context=G4_BALANCED|BAL,phase=MIDDLE,factory=1,pressures=SEQ:0.47950322121180056|MAC:0.4488330157772827|WOR:0.6913498234201835|SET:0.16478339968370642|FAT:0.4224341557867676,pressureMax=WOR:0.6913498234201835,pressureSecond=SEQ:0.47950322121180056,pressureGap=0.21184660220838292,diagnosisReason=FULL_MASK_AUDIT,test=false,reason=APPLY_BEST,actions=[N3],remaining=2,routes=N1:N1|N2:N2|N3:CRITICAL_SOURCE|N4:BAL_RESOURCE_ROUTE|N5:STRUCTURAL_RECOVERY_MIX
v35Lite:action=N3,accepted=false,fe=12066,qGain=0.0,attemptSeed=2272412018937438825
v35Lite:generation=2,slot=28,context=G4_BALANCED|BAL,phase=MIDDLE,factory=1,pressures=SEQ:0.4555302818649212|MAC:0.39830673584557924|WOR:0.6616974815819519|SET:0.17832324204582328|FAT:0.41978870910059596,pressureMax=WOR:0.6616974815819519,pressureSecond=SEQ:0.4555302818649212,pressureGap=0.20616719971703062,diagnosisReason=FULL_MASK_AUDIT,test=false,reason=APPLY_BEST,actions=[N3],remaining=1,routes=N1:N1|N2:N2|N3:CRITICAL_SOURCE|N4:BAL_RESOURCE_ROUTE|N5:STRUCTURAL_RECOVERY_MIX
v35Lite:action=N3,accepted=false,fe=12067,qGain=0.0,attemptSeed=-1275221015518267120
v35Lite:generation=2,slot=29,context=G4_BALANCED|BAL,phase=MIDDLE,factory=1,pressures=SEQ:0.26297669828429693|MAC:0.3240706082433108|WOR:0.672977817420958|SET:0.18638793031775117|FAT:0.40729554989198946,pressureMax=WOR:0.672977817420958,pressureSecond=FAT:0.40729554989198946,pressureGap=0.2656822675289685,diagnosisReason=FULL_MASK_AUDIT,test=false,reason=APPLY_BEST,actions=[N3],remaining=0,routes=N1:N1|N2:N2|N3:CRITICAL_SOURCE|N4:BAL_RESOURCE_ROUTE|N5:STRUCTURAL_RECOVERY_MIX
v35Lite:action=N3,accepted=false,fe=12068,qGain=-0.0054131691659671,attemptSeed=2272412018937438825
v35Lite:generation=2,slot=30,context=G4_BALANCED|BAL,phase=MIDDLE,factory=1,pressures=SEQ:0.29274338821404705|MAC:0.37211126495866853|WOR:0.6788888760392952|SET:0.17276356749886562|FAT:0.4096256874531739,pressureMax=WOR:0.6788888760392952,pressureSecond=FAT:0.4096256874531739,pressureGap=0.26926318858612125,diagnosisReason=FULL_MASK_AUDIT,test=true,reason=CONSECUTIVE_APPLY_FAILURE_RETEST,actions=[N1, N2, N3, N4, N5],remaining=5,routes=N1:N1|N2:N2|N3:CRITICAL_SOURCE|N4:BAL_RESOURCE_ROUTE|N5:STRUCTURAL_RECOVERY_MIX
v35Lite:action=N1,accepted=false,fe=12069,qGain=-0.044001798822750016,attemptSeed=-1275221015518267120
v35Lite:action=N2,accepted=false,fe=12070,qGain=-0.040042712315576635,attemptSeed=1121257836867866275
v35Lite:action=N3,accepted=true,fe=12071,qGain=0.03450426352601985,attemptSeed=8451551432262409354
v35Lite:action=N4,accepted=false,fe=12072,qGain=-0.322437561212661,attemptSeed=6632962172651991267
v35Lite:action=N5,accepted=false,fe=12073,qGain=-0.023454591676413415,attemptSeed=-8038824093242532047
v35Lite:generation=2,slot=31,context=G4_BALANCED|BAL,phase=MIDDLE,factory=2,pressures=SEQ:0.49415579138468924|MAC:0.4645712195952836|WOR:0.6874342786328693|SET:0.17263671137950884|FAT:0.5730046228872312,pressureMax=WOR:0.6874342786328693,pressureSecond=FAT:0.5730046228872312,pressureGap=0.11442965574563813,diagnosisReason=FULL_MASK_AUDIT,test=false,reason=APPLY_BEST,actions=[N3],remaining=4,routes=N1:N1|N2:N2|N3:CRITICAL_SOURCE|N4:BAL_RESOURCE_ROUTE|N5:STRUCTURAL_RECOVERY_MIX
v35Lite:action=N3,accepted=true,fe=12074,qGain=0.01773457605711068,attemptSeed=6632962172651991267
v35Lite:generation=2,slot=32,context=G4_BALANCED|BAL,phase=MIDDLE,factory=1,pressures=SEQ:0.21096675247325386|MAC:0.31903012339080467|WOR:0.6748188798202472|SET:0.15693789120078863|FAT:0.3758882826801897,pressureMax=WOR:0.6748188798202472,pressureSecond=FAT:0.3758882826801897,pressureGap=0.29893059714005754,diagnosisReason=FULL_MASK_AUDIT,test=false,reason=APPLY_BEST,actions=[N3],remaining=3,routes=N1:N1|N2:N2|N3:CRITICAL_SOURCE|N4:BAL_RESOURCE_ROUTE|N5:STRUCTURAL_RECOVERY_MIX
v35Lite:action=N3,accepted=false,fe=12075,qGain=-0.02119743122945016,attemptSeed=-4397369328550792191
v35Lite:generation=2,slot=33,context=G4_BALANCED|BAL,phase=MIDDLE,factory=1,pressures=SEQ:0.452977678849973|MAC:0.41140870191831613|WOR:0.6740092683960204|SET:0.17744009671438796|FAT:0.4128428002333569,pressureMax=WOR:0.6740092683960204,pressureSecond=SEQ:0.452977678849973,pressureGap=0.2210315895460474,diagnosisReason=FULL_MASK_AUDIT,test=false,reason=APPLY_BEST,actions=[N3],remaining=2,routes=N1:N1|N2:N2|N3:CRITICAL_SOURCE|N4:BAL_RESOURCE_ROUTE|N5:STRUCTURAL_RECOVERY_MIX
v35Lite:action=N3,accepted=true,fe=12076,qGain=0.020619645375472482,attemptSeed=6629424381405067573
v35Lite:generation=2,slot=34,context=G4_BALANCED|BAL,phase=MIDDLE,factory=1,pressures=SEQ:0.4134533363046633|MAC:0.403169927050804|WOR:0.6887183675734841|SET:0.1778835027214547|FAT:0.41660384759913877,pressureMax=WOR:0.6887183675734841,pressureSecond=FAT:0.41660384759913877,pressureGap=0.2721145199743454,diagnosisReason=FULL_MASK_AUDIT,test=false,reason=APPLY_BEST,actions=[N3],remaining=1,routes=N1:N1|N2:N2|N3:CRITICAL_SOURCE|N4:BAL_RESOURCE_ROUTE|N5:STRUCTURAL_RECOVERY_MIX
v35Lite:action=N3,accepted=false,fe=12077,qGain=-0.3002991876276006,attemptSeed=-4397369328550792191
v35Lite:generation=2,slot=35,context=G4_BALANCED|BAL,phase=MIDDLE,factory=1,pressures=SEQ:0.19792319696452632|MAC:0.34992990254157164|WOR:0.6715922100406018|SET:0.1566459605847249|FAT:0.33497300390667745,pressureMax=WOR:0.6715922100406018,pressureSecond=MAC:0.34992990254157164,pressureGap=0.32166230749903013,diagnosisReason=FULL_MASK_AUDIT,test=false,reason=APPLY_BEST,actions=[N3],remaining=0,routes=N1:N1|N2:N2|N3:CRITICAL_SOURCE|N4:BAL_RESOURCE_ROUTE|N5:STRUCTURAL_RECOVERY_MIX
v35Lite:action=N3,accepted=false,fe=12078,qGain=-0.13375286618409166,attemptSeed=6560615402808751836
v35Lite:generation=2,slot=36,context=G4_BALANCED|BAL,phase=MIDDLE,factory=1,pressures=SEQ:0.22184767906821717|MAC:0.3060480944644699|WOR:0.6700214118242198|SET:0.17234550569799878|FAT:0.39585286067733494,pressureMax=WOR:0.6700214118242198,pressureSecond=FAT:0.39585286067733494,pressureGap=0.2741685511468849,diagnosisReason=FULL_MASK_AUDIT,test=true,reason=APPLY_HORIZON_COMPLETE_TEST,actions=[N1, N2, N3, N4, N5],remaining=5,routes=N1:N1|N2:N2|N3:CRITICAL_SOURCE|N4:BAL_RESOURCE_ROUTE|N5:STRUCTURAL_RECOVERY_MIX
v35Lite:action=N1,accepted=false,fe=12079,qGain=0.0,attemptSeed=6560615402808751836
v35Lite:action=N2,accepted=true,fe=12080,qGain=-0.016766095499913574,attemptSeed=3367278633692195523
v35Lite:action=N3,accepted=false,fe=12081,qGain=-0.053520302602514315,attemptSeed=3870596450538350596
v35Lite:action=N4,accepted=false,fe=12082,qGain=0.06964508362474704,attemptSeed=-4531946660236704137
v35Lite:action=N5,accepted=false,fe=12083,qGain=0.0,attemptSeed=6629424381405067573
v35Lite:generation=2,slot=37,context=G4_BALANCED|BAL,phase=MIDDLE,factory=1,pressures=SEQ:0.5080070315479077|MAC:0.4464241932485701|WOR:0.6758030635090451|SET:0.16792426198468674|FAT:0.430270835555703,pressureMax=WOR:0.6758030635090451,pressureSecond=SEQ:0.5080070315479077,pressureGap=0.16779603196113735,diagnosisReason=FULL_MASK_AUDIT,test=false,reason=APPLY_BEST,actions=[N3],remaining=4,routes=N1:N1|N2:N2|N3:CRITICAL_SOURCE|N4:BAL_RESOURCE_ROUTE|N5:STRUCTURAL_RECOVERY_MIX
v35Lite:action=N3,accepted=false,fe=12084,qGain=0.0,attemptSeed=-4531946660236704137
v35Lite:generation=2,slot=38,context=G4_BALANCED|BAL,phase=MIDDLE,factory=1,pressures=SEQ:0.20174204884728983|MAC:0.3278304451073226|WOR:0.6415984208106209|SET:0.15410714318127627|FAT:0.3145217205231966,pressureMax=WOR:0.6415984208106209,pressureSecond=MAC:0.3278304451073226,pressureGap=0.3137679757032983,diagnosisReason=FULL_MASK_AUDIT,test=false,reason=APPLY_EXPLORE,actions=[N4],remaining=3,routes=N1:N1|N2:N2|N3:CRITICAL_SOURCE|N4:BAL_RESOURCE_ROUTE|N5:STRUCTURAL_RECOVERY_MIX
v35Lite:action=N4,accepted=false,fe=12085,qGain=0.1525250927860323,attemptSeed=6560615402808751836
v35Lite:generation=2,slot=39,context=G4_BALANCED|BAL,phase=MIDDLE,factory=2,pressures=SEQ:0.44471178131302613|MAC:0.39388019885428877|WOR:0.7229776153154626|SET:0.1668771574962097|FAT:0.5404324901751171,pressureMax=WOR:0.7229776153154626,pressureSecond=FAT:0.5404324901751171,pressureGap=0.1825451251403455,diagnosisReason=FULL_MASK_AUDIT,test=false,reason=APPLY_BEST,actions=[N3],remaining=2,routes=N1:N1|N2:N2|N3:CRITICAL_SOURCE|N4:BAL_RESOURCE_ROUTE|N5:STRUCTURAL_RECOVERY_MIX
v35Lite:action=N3,accepted=false,fe=12086,qGain=-0.02099633440408204,attemptSeed=-4531946660236704137
v35Lite:generation=2,slot=40,context=G4_BALANCED|BAL,phase=MIDDLE,factory=2,pressures=SEQ:0.5185453472983175|MAC:0.4531109310342736|WOR:0.7335308220530583|SET:0.16139610788318826|FAT:0.5401861692160604,pressureMax=WOR:0.7335308220530583,pressureSecond=FAT:0.5401861692160604,pressureGap=0.19334465283699787,diagnosisReason=FULL_MASK_AUDIT,test=false,reason=APPLY_BEST,actions=[N3],remaining=1,routes=N1:N1|N2:N2|N3:CRITICAL_SOURCE|N4:BAL_RESOURCE_ROUTE|N5:STRUCTURAL_RECOVERY_MIX
v35Lite:action=N3,accepted=false,fe=12087,qGain=0.0,attemptSeed=1802687217212604083
v35Lite:generation=2,slot=41,context=G4_BALANCED|BAL,phase=MIDDLE,factory=1,pressures=SEQ:0.35874401999990446|MAC:0.38632206027443494|WOR:0.6721030933919581|SET:0.1665602279446608|FAT:0.478944805079472,pressureMax=WOR:0.6721030933919581,pressureSecond=FAT:0.478944805079472,pressureGap=0.19315828831248605,diagnosisReason=FULL_MASK_AUDIT,test=true,reason=CONSECUTIVE_APPLY_FAILURE_RETEST,actions=[N1, N2, N3, N4, N5],remaining=5,routes=N1:N1|N2:N2|N3:CRITICAL_SOURCE|N4:BAL_RESOURCE_ROUTE|N5:STRUCTURAL_RECOVERY_MIX
v35Lite:action=N1,accepted=true,fe=12088,qGain=-0.09672501253994203,attemptSeed=1585022746754418538
v35Lite:action=N2,accepted=true,fe=12089,qGain=0.0912230244698773,attemptSeed=5938745976731061636
v35Lite:action=N3,accepted=true,fe=12090,qGain=0.08605320623809627,attemptSeed=-3219866052854856956
v35Lite:action=N4,accepted=false,fe=12091,qGain=-0.042535307327805943,attemptSeed=-1249478308837618570
v35Lite:action=N5,accepted=true,fe=12092,qGain=0.013644743690927308,attemptSeed=-3330077130004480868
v35Lite:generation=2,slot=42,context=G4_BALANCED|BAL,phase=MIDDLE,factory=2,pressures=SEQ:0.4836028395148913|MAC:0.41078525858035697|WOR:0.6751652790648441|SET:0.16442445976843506|FAT:0.5203741477686462,pressureMax=WOR:0.6751652790648441,pressureSecond=FAT:0.5203741477686462,pressureGap=0.15479113129619793,diagnosisReason=FULL_MASK_AUDIT,test=false,reason=APPLY_EXPLORE,actions=[N4],remaining=4,routes=N1:N1|N2:N2|N3:CRITICAL_SOURCE|N4:BAL_RESOURCE_ROUTE|N5:STRUCTURAL_RECOVERY_MIX
v35Lite:action=N4,accepted=false,fe=12093,qGain=-0.02566306884215782,attemptSeed=1585022746754418538
v35Lite:generation=2,slot=43,context=G4_BALANCED|BAL,phase=MIDDLE,factory=1,pressures=SEQ:0.24590564159649517|MAC:0.3804482323519956|WOR:0.6222942311824319|SET:0.1773171113459051|FAT:0.3392489615296863,pressureMax=WOR:0.6222942311824319,pressureSecond=MAC:0.3804482323519956,pressureGap=0.24184599883043628,diagnosisReason=FULL_MASK_AUDIT,test=false,reason=APPLY_BEST,actions=[N3],remaining=3,routes=N1:N1|N2:N2|N3:CRITICAL_SOURCE|N4:BAL_RESOURCE_ROUTE|N5:STRUCTURAL_RECOVERY_MIX
v35Lite:action=N3,accepted=true,fe=12094,qGain=0.09760283143615112,attemptSeed=5938745976731061636
v35Lite:generation=2,slot=44,context=G4_BALANCED|BAL,phase=MIDDLE,factory=1,pressures=SEQ:0.2567865902287134|MAC:0.3590118517105063|WOR:0.6730409422927621|SET:0.16541403199131072|FAT:0.3378971244489941,pressureMax=WOR:0.6730409422927621,pressureSecond=MAC:0.3590118517105063,pressureGap=0.3140290905822558,diagnosisReason=FULL_MASK_AUDIT,test=false,reason=APPLY_BEST,actions=[N3],remaining=2,routes=N1:N1|N2:N2|N3:CRITICAL_SOURCE|N4:BAL_RESOURCE_ROUTE|N5:STRUCTURAL_RECOVERY_MIX
v35Lite:action=N3,accepted=true,fe=12095,qGain=0.17976139337183922,attemptSeed=8954437439673392772
v35Lite:generation=2,slot=45,context=G4_BALANCED|BAL,phase=MIDDLE,factory=1,pressures=SEQ:0.5052774445460629|MAC:0.4555075319523164|WOR:0.6776077363311676|SET:0.17938660019257507|FAT:0.43196608037218365,pressureMax=WOR:0.6776077363311676,pressureSecond=SEQ:0.5052774445460629,pressureGap=0.17233029178510462,diagnosisReason=FULL_MASK_AUDIT,test=false,reason=APPLY_BEST,actions=[N3],remaining=1,routes=N1:N1|N2:N2|N3:CRITICAL_SOURCE|N4:BAL_RESOURCE_ROUTE|N5:STRUCTURAL_RECOVERY_MIX
v35Lite:action=N3,accepted=false,fe=12096,qGain=-0.03395651540179586,attemptSeed=8954437439673392772
v35Lite:generation=2,slot=46,context=G4_BALANCED|BAL,phase=MIDDLE,factory=1,pressures=SEQ:0.5118998200896888|MAC:0.5103908448469535|WOR:0.6670962328860848|SET:0.17649911884702468|FAT:0.41855013539820757,pressureMax=WOR:0.6670962328860848,pressureSecond=SEQ:0.5118998200896888,pressureGap=0.15519641279639595,diagnosisReason=FULL_MASK_AUDIT,test=false,reason=APPLY_EXPLORE,actions=[N1],remaining=0,routes=N1:N1|N2:N2|N3:CRITICAL_SOURCE|N4:BAL_RESOURCE_ROUTE|N5:STRUCTURAL_RECOVERY_MIX
v35Lite:action=N1,accepted=true,fe=12097,qGain=0.04928104840869094,attemptSeed=-1249478308837618570
v35Lite:generation=2,slot=47,context=G4_BALANCED|BAL,phase=MIDDLE,factory=2,pressures=SEQ:0.5276509920126121|MAC:0.410694695009139|WOR:0.7139797933842644|SET:0.17277629384510504|FAT:0.49318934962333205,pressureMax=WOR:0.7139797933842644,pressureSecond=SEQ:0.5276509920126121,pressureGap=0.1863288013716523,diagnosisReason=FULL_MASK_AUDIT,test=true,reason=APPLY_HORIZON_COMPLETE_TEST,actions=[N1, N2, N3, N4, N5],remaining=5,routes=N1:N1|N2:N2|N3:CRITICAL_SOURCE|N4:BAL_RESOURCE_ROUTE|N5:STRUCTURAL_RECOVERY_MIX
v35Lite:action=N1,accepted=true,fe=12098,qGain=0.04179474982542288,attemptSeed=-1792971185479798100
v35Lite:action=N2,accepted=true,fe=12099,qGain=-0.17122335503692643,attemptSeed=-5108355704789641457
v35Lite:action=N3,accepted=false,fe=12100,qGain=0.0,attemptSeed=8954437439673392772
v35Lite:action=N4,accepted=true,fe=12101,qGain=0.016239436966844965,attemptSeed=-3330077130004480868
v35Lite:action=N5,accepted=true,fe=12102,qGain=0.10370375363654707,attemptSeed=-1249478308837618570
v35Lite:generation=2,slot=48,context=G4_BALANCED|BAL,phase=MIDDLE,factory=1,pressures=SEQ:0.24254150798283924|MAC:0.40892136828034864|WOR:0.6068467620451591|SET:0.14481248294853086|FAT:0.3463750055027627,pressureMax=WOR:0.6068467620451591,pressureSecond=MAC:0.40892136828034864,pressureGap=0.19792539376481044,diagnosisReason=FULL_MASK_AUDIT,test=false,reason=APPLY_BEST,actions=[N3],remaining=4,routes=N1:N1|N2:N2|N3:CRITICAL_SOURCE|N4:BAL_RESOURCE_ROUTE|N5:STRUCTURAL_RECOVERY_MIX
v35Lite:action=N3,accepted=true,fe=12103,qGain=0.14805794968955757,attemptSeed=8643203329903492457
v35Lite:generation=2,slot=49,context=G4_BALANCED|BAL,phase=MIDDLE,factory=1,pressures=SEQ:0.33681385200034464|MAC:0.3671316563512078|WOR:0.6668539055205858|SET:0.16216782213737752|FAT:0.4223795860126929,pressureMax=WOR:0.6668539055205858,pressureSecond=FAT:0.4223795860126929,pressureGap=0.2444743195078929,diagnosisReason=FULL_MASK_AUDIT,test=false,reason=APPLY_BEST,actions=[N3],remaining=3,routes=N1:N1|N2:N2|N3:CRITICAL_SOURCE|N4:BAL_RESOURCE_ROUTE|N5:STRUCTURAL_RECOVERY_MIX
v35Lite:action=N3,accepted=true,fe=12104,qGain=0.016914306147557477,attemptSeed=8643203329903492457
v35Lite:generation=2,slot=50,context=G4_BALANCED|BAL,phase=MIDDLE,factory=1,pressures=SEQ:0.20574396459608563|MAC:0.3515237678162536|WOR:0.6431364039181291|SET:0.17624254023629282|FAT:0.32980226595491613,pressureMax=WOR:0.6431364039181291,pressureSecond=MAC:0.3515237678162536,pressureGap=0.2916126361018755,diagnosisReason=FULL_MASK_AUDIT,test=false,reason=APPLY_BEST,actions=[N3],remaining=2,routes=N1:N1|N2:N2|N3:CRITICAL_SOURCE|N4:BAL_RESOURCE_ROUTE|N5:STRUCTURAL_RECOVERY_MIX
v35Lite:action=N3,accepted=false,fe=12105,qGain=-0.09602380427375586,attemptSeed=8643203329903492457
v35Lite:generation=2,slot=51,context=G4_BALANCED|BAL,phase=MIDDLE,factory=2,pressures=SEQ:0.4993995336315923|MAC:0.45478877958477515|WOR:0.7222152826087467|SET:0.17270779572853934|FAT:0.5471217098749221,pressureMax=WOR:0.7222152826087467,pressureSecond=FAT:0.5471217098749221,pressureGap=0.17509357273382453,diagnosisReason=FULL_MASK_AUDIT,test=false,reason=APPLY_BEST,actions=[N3],remaining=1,routes=N1:N1|N2:N2|N3:CRITICAL_SOURCE|N4:BAL_RESOURCE_ROUTE|N5:STRUCTURAL_RECOVERY_MIX
v35Lite:action=N3,accepted=false,fe=12106,qGain=0.0,attemptSeed=8643203329903492457
v35Lite:generation=2,slot=52,context=G4_BALANCED|BAL,phase=MIDDLE,factory=1,pressures=SEQ:0.2059793353941181|MAC:0.3707206593163466|WOR:0.6798845628684917|SET:0.1472418816556763|FAT:0.3612541716720818,pressureMax=WOR:0.6798845628684917,pressureSecond=MAC:0.3707206593163466,pressureGap=0.3091639035521451,diagnosisReason=FULL_MASK_AUDIT,test=false,reason=APPLY_BEST,actions=[N3],remaining=0,routes=N1:N1|N2:N2|N3:CRITICAL_SOURCE|N4:BAL_RESOURCE_ROUTE|N5:STRUCTURAL_RECOVERY_MIX
v35Lite:action=N3,accepted=true,fe=12107,qGain=-0.06894266088210278,attemptSeed=8643203329903492457
v35Lite:generation=2,slot=53,context=G4_BALANCED|BAL,phase=MIDDLE,factory=1,pressures=SEQ:0.2005385820617539|MAC:0.3379522368622698|WOR:0.6133480188755729|SET:0.15449528587557|FAT:0.33734947088326817,pressureMax=WOR:0.6133480188755729,pressureSecond=MAC:0.3379522368622698,pressureGap=0.2753957820133031,diagnosisReason=FULL_MASK_AUDIT,test=true,reason=APPLY_HORIZON_COMPLETE_TEST,actions=[N1, N2, N3, N4, N5],remaining=5,routes=N1:N1|N2:N2|N3:CRITICAL_SOURCE|N4:BAL_RESOURCE_ROUTE|N5:STRUCTURAL_RECOVERY_MIX
v35Lite:action=N1,accepted=false,fe=12108,qGain=0.0,attemptSeed=6709029809839389772
v35Lite:action=N2,accepted=false,fe=12109,qGain=-0.08243965635340929,attemptSeed=1802687217212604083
v35Lite:action=N3,accepted=true,fe=12110,qGain=0.30873126831993086,attemptSeed=5794420877265573681
v35Lite:action=N4,accepted=false,fe=12111,qGain=0.2756615580250331,attemptSeed=6137668849401999315
v35Lite:action=N5,accepted=false,fe=12112,qGain=-0.07074207688907826,attemptSeed=8643203329903492457
v35Lite:generation=2,slot=54,context=G4_BALANCED|BAL,phase=MIDDLE,factory=1,pressures=SEQ:0.2895812957401779|MAC:0.38400498380712433|WOR:0.6718115562421179|SET:0.17607553002082565|FAT:0.39438724424290533,pressureMax=WOR:0.6718115562421179,pressureSecond=FAT:0.39438724424290533,pressureGap=0.2774243119992125,diagnosisReason=FULL_MASK_AUDIT,test=false,reason=APPLY_BEST,actions=[N3],remaining=4,routes=N1:N1|N2:N2|N3:CRITICAL_SOURCE|N4:BAL_RESOURCE_ROUTE|N5:STRUCTURAL_RECOVERY_MIX
v35Lite:action=N3,accepted=true,fe=12113,qGain=0.014980725560035062,attemptSeed=1802687217212604083
v35Lite:generation=2,slot=55,context=G4_BALANCED|BAL,phase=MIDDLE,factory=1,pressures=SEQ:0.2188787662041342|MAC:0.40151620836721136|WOR:0.6609605647126057|SET:0.14986560506543944|FAT:0.4004807409302283,pressureMax=WOR:0.6609605647126057,pressureSecond=MAC:0.40151620836721136,pressureGap=0.2594443563453943,diagnosisReason=FULL_MASK_AUDIT,test=false,reason=APPLY_BEST,actions=[N3],remaining=3,routes=N1:N1|N2:N2|N3:CRITICAL_SOURCE|N4:BAL_RESOURCE_ROUTE|N5:STRUCTURAL_RECOVERY_MIX
v35Lite:action=N3,accepted=true,fe=12114,qGain=-0.06660419691438985,attemptSeed=1802687217212604083
v35Lite:generation=2,slot=56,context=G4_BALANCED|BAL,phase=MIDDLE,factory=0,pressures=SEQ:0.30295475759903034|MAC:0.3570673506322678|WOR:0.6773186600064085|SET:0.15629014306313757|FAT:0.4315502357475597,pressureMax=WOR:0.6773186600064085,pressureSecond=FAT:0.4315502357475597,pressureGap=0.24576842425884882,diagnosisReason=FULL_MASK_AUDIT,test=false,reason=APPLY_BEST,actions=[N3],remaining=2,routes=N1:N1|N2:N2|N3:CRITICAL_SOURCE|N4:BAL_RESOURCE_ROUTE|N5:STRUCTURAL_RECOVERY_MIX
v35Lite:action=N3,accepted=true,fe=12115,qGain=0.03313646305448558,attemptSeed=3367278633692195523
v35Lite:generation=2,slot=57,context=G4_BALANCED|BAL,phase=MIDDLE,factory=1,pressures=SEQ:0.4525945203262276|MAC:0.4478287006159602|WOR:0.6782698597208829|SET:0.1810924892958926|FAT:0.41759647183055437,pressureMax=WOR:0.6782698597208829,pressureSecond=SEQ:0.4525945203262276,pressureGap=0.22567533939465534,diagnosisReason=FULL_MASK_AUDIT,test=false,reason=APPLY_BEST,actions=[N3],remaining=1,routes=N1:N1|N2:N2|N3:CRITICAL_SOURCE|N4:BAL_RESOURCE_ROUTE|N5:STRUCTURAL_RECOVERY_MIX
v35Lite:action=N3,accepted=false,fe=12116,qGain=0.0,attemptSeed=3367278633692195523
v35Lite:generation=2,slot=58,context=G4_BALANCED|BAL,phase=MIDDLE,factory=1,pressures=SEQ:0.21868121152955924|MAC:0.3790989148140268|WOR:0.6668381451727453|SET:0.14964472800871706|FAT:0.37046813910509013,pressureMax=WOR:0.6668381451727453,pressureSecond=MAC:0.3790989148140268,pressureGap=0.2877392303587185,diagnosisReason=FULL_MASK_AUDIT,test=false,reason=APPLY_BEST,actions=[N3],remaining=0,routes=N1:N1|N2:N2|N3:CRITICAL_SOURCE|N4:BAL_RESOURCE_ROUTE|N5:STRUCTURAL_RECOVERY_MIX
v35Lite:action=N3,accepted=true,fe=12117,qGain=0.015577818516604362,attemptSeed=-7201478673812943296
v35Lite:generation=2,slot=59,context=G4_BALANCED|BAL,phase=MIDDLE,factory=1,pressures=SEQ:0.23305838513247173|MAC:0.3736585743006854|WOR:0.6428950830305227|SET:0.14749040208439268|FAT:0.32074558177233714,pressureMax=WOR:0.6428950830305227,pressureSecond=MAC:0.3736585743006854,pressureGap=0.2692365087298373,diagnosisReason=FULL_MASK_AUDIT,test=true,reason=APPLY_HORIZON_COMPLETE_TEST,actions=[N1, N2, N3, N4, N5],remaining=5,routes=N1:N1|N2:N2|N3:CRITICAL_SOURCE|N4:BAL_RESOURCE_ROUTE|N5:STRUCTURAL_RECOVERY_MIX
v35Lite:action=N1,accepted=false,fe=12118,qGain=0.0,attemptSeed=-4531946660236704137
v35Lite:action=N2,accepted=true,fe=12119,qGain=0.06594976391872126,attemptSeed=3870596450538350596
v35Lite:action=N3,accepted=true,fe=12120,qGain=0.04591061044379394,attemptSeed=3367278633692195523
v35Lite:action=N4,accepted=false,fe=12121,qGain=-0.15571684798973068,attemptSeed=6560615402808751836
v35Lite:action=N5,accepted=false,fe=12122,qGain=0.04079374170829617,attemptSeed=-1559934752092876595
v35Lite:generation=2,slot=60,context=G2_TEC|BAL,phase=MIDDLE,factory=1,pressures=SEQ:0.4945243524669612|MAC:0.523145861622927|WOR:0.6758553791032816|SET:0.1615429847144574|FAT:0.45571959397273587,pressureMax=WOR:0.6758553791032816,pressureSecond=MAC:0.523145861622927,pressureGap=0.15270951748035466,diagnosisReason=FULL_MASK_AUDIT,test=true,reason=CONSECUTIVE_APPLY_FAILURE_RETEST,actions=[N1, N2, N3, N4, N5],remaining=5,routes=N1:N1|N2:N2|N3:CRITICAL_SOURCE|N4:BAL_RESOURCE_ROUTE|N5:STRUCTURAL_RECOVERY_MIX
v35Lite:action=N1,accepted=false,fe=12123,qGain=0.0,attemptSeed=-1249478308837618570
v35Lite:action=N2,accepted=false,fe=12124,qGain=-0.2492723234335075,attemptSeed=-3219866052854856956
v35Lite:action=N3,accepted=false,fe=12125,qGain=0.0,attemptSeed=5938745976731061636
v35Lite:action=N4,accepted=false,fe=12126,qGain=-0.3830559290097557,attemptSeed=1585022746754418538
v35Lite:action=N5,accepted=false,fe=12127,qGain=-0.24008350487612037,attemptSeed=-1792971185479798100
v35Lite:generation=2,slot=61,context=G2_TEC|BAL,phase=MIDDLE,factory=1,pressures=SEQ:0.5209728937723324|MAC:0.46815673334266616|WOR:0.6810232223837098|SET:0.15937473277489173|FAT:0.44869244331040337,pressureMax=WOR:0.6810232223837098,pressureSecond=SEQ:0.5209728937723324,pressureGap=0.16005032861137747,diagnosisReason=FULL_MASK_AUDIT,test=false,reason=APPLY_BEST,actions=[N4],remaining=4,routes=N1:N1|N2:N2|N3:CRITICAL_SOURCE|N4:BAL_RESOURCE_ROUTE|N5:STRUCTURAL_RECOVERY_MIX
v35Lite:action=N4,accepted=false,fe=12128,qGain=-0.3393156229069667,attemptSeed=5938745976731061636
v35Lite:generation=2,slot=62,context=G2_TEC|BAL,phase=MIDDLE,factory=1,pressures=SEQ:0.5308612203325055|MAC:0.48353736297274125|WOR:0.6797842194459446|SET:0.16147872926067097|FAT:0.4068882592452981,pressureMax=WOR:0.6797842194459446,pressureSecond=SEQ:0.5308612203325055,pressureGap=0.1489229991134391,diagnosisReason=FULL_MASK_AUDIT,test=false,reason=APPLY_BEST,actions=[N4],remaining=3,routes=N1:N1|N2:N2|N3:CRITICAL_SOURCE|N4:BAL_RESOURCE_ROUTE|N5:STRUCTURAL_RECOVERY_MIX
v35Lite:action=N4,accepted=false,fe=12129,qGain=-0.6333569362822564,attemptSeed=-1249478308837618570
v35Lite:generation=2,slot=63,context=G2_TEC|BAL,phase=MIDDLE,factory=1,pressures=SEQ:0.5236956196583932|MAC:0.4707627968402537|WOR:0.6743556878316848|SET:0.15847873623086367|FAT:0.4241635308544685,pressureMax=WOR:0.6743556878316848,pressureSecond=SEQ:0.5236956196583932,pressureGap=0.15066006817329158,diagnosisReason=FULL_MASK_AUDIT,test=false,reason=APPLY_BEST,actions=[N4],remaining=2,routes=N1:N1|N2:N2|N3:CRITICAL_SOURCE|N4:BAL_RESOURCE_ROUTE|N5:STRUCTURAL_RECOVERY_MIX
v35Lite:action=N4,accepted=false,fe=12130,qGain=-0.22176405094479948,attemptSeed=5938745976731061636
v35Lite:generation=2,slot=64,context=G2_TEC|BAL,phase=MIDDLE,factory=0,pressures=SEQ:0.47832612466395075|MAC:0.3543305199858769|WOR:0.6274398608144116|SET:0.15306889014702296|FAT:0.4564378530616602,pressureMax=WOR:0.6274398608144116,pressureSecond=SEQ:0.47832612466395075,pressureGap=0.14911373615046086,diagnosisReason=FULL_MASK_AUDIT,test=true,reason=TEST,actions=[N1, N2, N4, N5],remaining=4,routes=N1:N1|N2:N2|N4:BAL_RESOURCE_ROUTE|N5:STRUCTURAL_RECOVERY_MIX
v35Lite:action=N1,accepted=false,fe=12131,qGain=0.0,attemptSeed=2970387810553483812
v35Lite:action=N2,accepted=false,fe=12132,qGain=-0.37865636009436965,attemptSeed=2612446073804269333
v35Lite:action=N4,accepted=false,fe=12133,qGain=-0.07911452881141323,attemptSeed=-4664466474152267701
v35Lite:action=N5,accepted=false,fe=12134,qGain=-0.15524349284984906,attemptSeed=8349166381589559663
v35Lite:generation=2,slot=65,context=G2_TEC|BAL,phase=MIDDLE,factory=1,pressures=SEQ:0.49235553971897966|MAC:0.46774554873127233|WOR:0.6671440367716016|SET:0.16018358932593557|FAT:0.4133118208458377,pressureMax=WOR:0.6671440367716016,pressureSecond=SEQ:0.49235553971897966,pressureGap=0.17478849705262195,diagnosisReason=FULL_MASK_AUDIT,test=true,reason=TEST,actions=[N1, N2, N3, N4, N5],remaining=5,routes=N1:N1|N2:N2|N3:CRITICAL_SOURCE|N4:BAL_RESOURCE_ROUTE|N5:STRUCTURAL_RECOVERY_MIX
v35Lite:action=N1,accepted=false,fe=12135,qGain=0.0,attemptSeed=-4558112540081697385
v35Lite:action=N2,accepted=true,fe=12136,qGain=0.034526457982538825,attemptSeed=1778175305263257999
v35Lite:action=N3,accepted=false,fe=12137,qGain=0.0,attemptSeed=-2748670631673889981
v35Lite:action=N4,accepted=false,fe=12138,qGain=-0.24975626997211187,attemptSeed=2361904984435053663
v35Lite:action=N5,accepted=false,fe=12139,qGain=-0.07221055622692577,attemptSeed=7244085660553310437
v35Lite:generation=2,slot=66,context=G2_TEC|BAL,phase=MIDDLE,factory=1,pressures=SEQ:0.37410817876627145|MAC:0.3673746424927816|WOR:0.6675884412043047|SET:0.16746653191992358|FAT:0.4580238297854042,pressureMax=WOR:0.6675884412043047,pressureSecond=FAT:0.4580238297854042,pressureGap=0.20956461141890054,diagnosisReason=FULL_MASK_AUDIT,test=false,reason=APPLY_BEST,actions=[N4],remaining=4,routes=N1:N1|N2:N2|N3:CRITICAL_SOURCE|N4:BAL_RESOURCE_ROUTE|N5:STRUCTURAL_RECOVERY_MIX
v35Lite:action=N4,accepted=false,fe=12140,qGain=-0.21423935389255197,attemptSeed=-4558112540081697385
v35Lite:generation=2,slot=67,context=G2_TEC|BAL,phase=MIDDLE,factory=1,pressures=SEQ:0.5188137580736529|MAC:0.4922001301723333|WOR:0.6866242452852553|SET:0.15454087940916583|FAT:0.41818492688907455,pressureMax=WOR:0.6866242452852553,pressureSecond=SEQ:0.5188137580736529,pressureGap=0.1678104872116024,diagnosisReason=FULL_MASK_AUDIT,test=false,reason=APPLY_BEST,actions=[N4],remaining=3,routes=N1:N1|N2:N2|N3:CRITICAL_SOURCE|N4:BAL_RESOURCE_ROUTE|N5:STRUCTURAL_RECOVERY_MIX
v35Lite:action=N4,accepted=false,fe=12141,qGain=-0.3325216614321844,attemptSeed=-4558112540081697385
v35Lite:generation=2,slot=68,context=G2_TEC|BAL,phase=MIDDLE,factory=1,pressures=SEQ:0.5273283899061209|MAC:0.42633713579249355|WOR:0.6745213217045551|SET:0.16558998131168556|FAT:0.4466008528689122,pressureMax=WOR:0.6745213217045551,pressureSecond=SEQ:0.5273283899061209,pressureGap=0.1471929317984343,diagnosisReason=FULL_MASK_AUDIT,test=false,reason=APPLY_BEST,actions=[N4],remaining=2,routes=N1:N1|N2:N2|N3:CRITICAL_SOURCE|N4:BAL_RESOURCE_ROUTE|N5:STRUCTURAL_RECOVERY_MIX
v35Lite:action=N4,accepted=false,fe=12142,qGain=-0.4823841076131113,attemptSeed=7244085660553310437
v35Lite:generation=2,slot=69,context=G2_TEC|BAL,phase=MIDDLE,factory=1,pressures=SEQ:0.5095515915806099|MAC:0.47917820485659046|WOR:0.6676025368183709|SET:0.15858503289905276|FAT:0.4432480515356917,pressureMax=WOR:0.6676025368183709,pressureSecond=SEQ:0.5095515915806099,pressureGap=0.15805094523776098,diagnosisReason=FULL_MASK_AUDIT,test=true,reason=CONSECUTIVE_APPLY_FAILURE_RETEST,actions=[N1, N2, N3, N4, N5],remaining=5,routes=N1:N1|N2:N2|N3:CRITICAL_SOURCE|N4:BAL_RESOURCE_ROUTE|N5:STRUCTURAL_RECOVERY_MIX
v35Lite:action=N1,accepted=false,fe=12143,qGain=0.0,attemptSeed=-7030584579744759088
v35Lite:action=N2,accepted=false,fe=12144,qGain=-0.04220342789876076,attemptSeed=7244085660553310437
v35Lite:action=N3,accepted=false,fe=12145,qGain=0.0,attemptSeed=-1458768970316618273
v35Lite:action=N4,accepted=false,fe=12146,qGain=-0.11244243279700034,attemptSeed=-6034374564824971929
v35Lite:action=N5,accepted=false,fe=12147,qGain=-0.15555063558398308,attemptSeed=1778175305263257999
v35Lite:generation=2,slot=70,context=G2_TEC|BAL,phase=MIDDLE,factory=1,pressures=SEQ:0.22078186775498304|MAC:0.3617860315950203|WOR:0.6842336553834047|SET:0.1489865775299637|FAT:0.38267054563638014,pressureMax=WOR:0.6842336553834047,pressureSecond=FAT:0.38267054563638014,pressureGap=0.3015631097470246,diagnosisReason=FULL_MASK_AUDIT,test=false,reason=APPLY_EXPLORE,actions=[N5],remaining=4,routes=N1:N1|N2:N2|N3:CRITICAL_SOURCE|N4:BAL_RESOURCE_ROUTE|N5:STRUCTURAL_RECOVERY_MIX
v35Lite:action=N5,accepted=false,fe=12148,qGain=-0.29115691281143546,attemptSeed=-2748670631673889981
v35Lite:generation=2,slot=71,context=G2_TEC|BAL,phase=MIDDLE,factory=1,pressures=SEQ:0.49507896283786235|MAC:0.4871390204257685|WOR:0.668626419385162|SET:0.1559572297315811|FAT:0.44040344283418187,pressureMax=WOR:0.668626419385162,pressureSecond=SEQ:0.49507896283786235,pressureGap=0.17354745654729964,diagnosisReason=FULL_MASK_AUDIT,test=true,reason=TEST,actions=[N1, N2, N4, N5],remaining=4,routes=N1:N1|N2:N2|N4:BAL_RESOURCE_ROUTE|N5:STRUCTURAL_RECOVERY_MIX
v35Lite:action=N1,accepted=false,fe=12149,qGain=0.0,attemptSeed=7244085660553310437
v35Lite:action=N2,accepted=true,fe=12150,qGain=0.04169699915608117,attemptSeed=-7030584579744759088
v35Lite:action=N4,accepted=false,fe=12151,qGain=-0.20767842618901916,attemptSeed=-1458768970316618273
v35Lite:action=N5,accepted=false,fe=12152,qGain=-0.04390122425798695,attemptSeed=-4558112540081697385
v35Lite:generation=2,slot=72,context=G2_TEC|BAL,phase=MIDDLE,factory=2,pressures=SEQ:0.45230391940657366|MAC:0.5339175304898157|WOR:0.7013608932514726|SET:0.16860738897937244|FAT:0.5087943092569618,pressureMax=WOR:0.7013608932514726,pressureSecond=MAC:0.5339175304898157,pressureGap=0.16744336276165683,diagnosisReason=FULL_MASK_AUDIT,test=false,reason=APPLY_BEST,actions=[N4],remaining=3,routes=N1:N1|N2:N2|N4:BAL_RESOURCE_ROUTE|N5:STRUCTURAL_RECOVERY_MIX
v35Lite:action=N4,accepted=true,fe=12153,qGain=0.14503786891939044,attemptSeed=-963364886576065820
v35Lite:generation=2,slot=73,context=G2_TEC|BAL,phase=MIDDLE,factory=1,pressures=SEQ:0.21923826973007038|MAC:0.41073526637217733|WOR:0.6585756149037096|SET:0.15836812389866955|FAT:0.4252112029210205,pressureMax=WOR:0.6585756149037096,pressureSecond=FAT:0.4252112029210205,pressureGap=0.23336441198268915,diagnosisReason=FULL_MASK_AUDIT,test=true,reason=TEST,actions=[N1, N2, N3, N4, N5],remaining=5,routes=N1:N1|N2:N2|N3:CRITICAL_SOURCE|N4:BAL_RESOURCE_ROUTE|N5:STRUCTURAL_RECOVERY_MIX
v35Lite:action=N1,accepted=false,fe=12154,qGain=0.0,attemptSeed=-3534961175481940934
v35Lite:action=N2,accepted=true,fe=12155,qGain=0.021455146217630748,attemptSeed=8349166381589559663
v35Lite:action=N3,accepted=true,fe=12156,qGain=0.03276349258753375,attemptSeed=-3230404696170996512
v35Lite:action=N4,accepted=false,fe=12157,qGain=-0.12206635754253559,attemptSeed=-963364886576065820
v35Lite:action=N5,accepted=false,fe=12158,qGain=-0.04854128171395357,attemptSeed=2612446073804269333
v35Lite:generation=2,slot=74,context=G2_TEC|BAL,phase=MIDDLE,factory=1,pressures=SEQ:0.23025999759994198|MAC:0.3657577352854804|WOR:0.6548809797540927|SET:0.15566865083456183|FAT:0.38416631554149716,pressureMax=WOR:0.6548809797540927,pressureSecond=FAT:0.38416631554149716,pressureGap=0.2707146642125955,diagnosisReason=FULL_MASK_AUDIT,test=false,reason=APPLY_BEST,actions=[N4],remaining=4,routes=N1:N1|N2:N2|N3:CRITICAL_SOURCE|N4:BAL_RESOURCE_ROUTE|N5:STRUCTURAL_RECOVERY_MIX
v35Lite:action=N4,accepted=false,fe=12159,qGain=-0.1084527111054504,attemptSeed=-3534961175481940934
v35Lite:generation=2,slot=75,context=G2_TEC|BAL,phase=MIDDLE,factory=1,pressures=SEQ:0.3861865787972144|MAC:0.36682495184669744|WOR:0.6758692830830363|SET:0.1606515370071494|FAT:0.418019242267074,pressureMax=WOR:0.6758692830830363,pressureSecond=FAT:0.418019242267074,pressureGap=0.2578500408159623,diagnosisReason=FULL_MASK_AUDIT,test=false,reason=APPLY_BEST,actions=[N4],remaining=3,routes=N1:N1|N2:N2|N3:CRITICAL_SOURCE|N4:BAL_RESOURCE_ROUTE|N5:STRUCTURAL_RECOVERY_MIX
v35Lite:action=N4,accepted=false,fe=12160,qGain=-0.19463491016696832,attemptSeed=-3534961175481940934
v35Lite:generation=2,slot=76,context=G2_TEC|BAL,phase=MIDDLE,factory=1,pressures=SEQ:0.4825608485220638|MAC:0.43272714301440907|WOR:0.6679831799482103|SET:0.16596860170698524|FAT:0.4366665074625089,pressureMax=WOR:0.6679831799482103,pressureSecond=SEQ:0.4825608485220638,pressureGap=0.1854223314261465,diagnosisReason=FULL_MASK_AUDIT,test=false,reason=APPLY_EXPLORE,actions=[N2],remaining=2,routes=N1:N1|N2:N2|N3:CRITICAL_SOURCE|N4:BAL_RESOURCE_ROUTE|N5:STRUCTURAL_RECOVERY_MIX
v35Lite:action=N2,accepted=false,fe=12161,qGain=-0.3199067795180973,attemptSeed=-4664466474152267701
v35Lite:generation=2,slot=77,context=G2_TEC|BAL,phase=MIDDLE,factory=1,pressures=SEQ:0.2080031120379474|MAC:0.39119554688440994|WOR:0.6376533034047719|SET:0.15510527043737926|FAT:0.41132701405556055,pressureMax=WOR:0.6376533034047719,pressureSecond=FAT:0.41132701405556055,pressureGap=0.22632628934921134,diagnosisReason=FULL_MASK_AUDIT,test=false,reason=APPLY_BEST,actions=[N4],remaining=1,routes=N1:N1|N2:N2|N3:CRITICAL_SOURCE|N4:BAL_RESOURCE_ROUTE|N5:STRUCTURAL_RECOVERY_MIX
v35Lite:action=N4,accepted=false,fe=12162,qGain=-0.10140335396968601,attemptSeed=2612446073804269333
v35Lite:generation=2,slot=78,context=G2_TEC|BAL,phase=MIDDLE,factory=1,pressures=SEQ:0.5159246666587077|MAC:0.5053726376460519|WOR:0.6714935780552808|SET:0.16215411686441666|FAT:0.4478408136354147,pressureMax=WOR:0.6714935780552808,pressureSecond=SEQ:0.5159246666587077,pressureGap=0.15556891139657303,diagnosisReason=FULL_MASK_AUDIT,test=true,reason=CONSECUTIVE_APPLY_FAILURE_RETEST,actions=[N1, N2, N3, N4, N5],remaining=5,routes=N1:N1|N2:N2|N3:CRITICAL_SOURCE|N4:BAL_RESOURCE_ROUTE|N5:STRUCTURAL_RECOVERY_MIX
v35Lite:action=N1,accepted=false,fe=12163,qGain=0.0,attemptSeed=-3534961175481940934
v35Lite:action=N2,accepted=true,fe=12164,qGain=0.07574572239000119,attemptSeed=8349166381589559663
v35Lite:action=N3,accepted=false,fe=12165,qGain=0.0,attemptSeed=-3230404696170996512
v35Lite:action=N4,accepted=false,fe=12166,qGain=-0.14394317082166805,attemptSeed=-963364886576065820
v35Lite:action=N5,accepted=false,fe=12167,qGain=-0.07382180163544448,attemptSeed=2612446073804269333
v35Lite:generation=2,slot=79,context=G2_TEC|BAL,phase=MIDDLE,factory=1,pressures=SEQ:0.5167996218519626|MAC:0.4753354168856121|WOR:0.6753359729194028|SET:0.15718750935698783|FAT:0.45487164328884305,pressureMax=WOR:0.6753359729194028,pressureSecond=SEQ:0.5167996218519626,pressureGap=0.15853635106744024,diagnosisReason=FULL_MASK_AUDIT,test=false,reason=APPLY_EXPLORE,actions=[N4],remaining=4,routes=N1:N1|N2:N2|N3:CRITICAL_SOURCE|N4:BAL_RESOURCE_ROUTE|N5:STRUCTURAL_RECOVERY_MIX
v35Lite:action=N4,accepted=false,fe=12168,qGain=-0.06871715656764425,attemptSeed=-3230404696170996512
v35Lite:generation=2,slot=80,context=G3_TWC|BAL,phase=MIDDLE,factory=1,pressures=SEQ:0.27016774035654395|MAC:0.2982058288461936|WOR:0.6238401076116258|SET:0.17354786982936968|FAT:0.3580509376050081,pressureMax=WOR:0.6238401076116258,pressureSecond=FAT:0.3580509376050081,pressureGap=0.26578917000661767,diagnosisReason=FULL_MASK_AUDIT,test=false,reason=APPLY_BEST,actions=[N2],remaining=3,routes=N1:N1|N2:N2|N3:CRITICAL_SOURCE|N4:BAL_RESOURCE_ROUTE|N5:STRUCTURAL_RECOVERY_MIX
v35Lite:action=N2,accepted=true,fe=12169,qGain=0.1793805350695903,attemptSeed=-3696887313790255151
v35Lite:generation=2,slot=81,context=G3_TWC|BAL,phase=MIDDLE,factory=0,pressures=SEQ:0.34024642476497713|MAC:0.33904402910117204|WOR:0.6261816750922962|SET:0.16621946248190628|FAT:0.3781072429244241,pressureMax=WOR:0.6261816750922962,pressureSecond=FAT:0.3781072429244241,pressureGap=0.24807443216787206,diagnosisReason=FULL_MASK_AUDIT,test=false,reason=APPLY_BEST,actions=[N2],remaining=2,routes=N1:N1|N2:N2|N3:CRITICAL_SOURCE|N4:BAL_RESOURCE_ROUTE|N5:STRUCTURAL_RECOVERY_MIX
v35Lite:action=N2,accepted=false,fe=12170,qGain=-0.35135308021660394,attemptSeed=-6903871796225094760
v35Lite:generation=2,slot=82,context=G3_TWC|BAL,phase=MIDDLE,factory=1,pressures=SEQ:0.24434146204276352|MAC:0.3239542756909992|WOR:0.6510112764050893|SET:0.16318393674244625|FAT:0.34754692249142854,pressureMax=WOR:0.6510112764050893,pressureSecond=FAT:0.34754692249142854,pressureGap=0.3034643539136607,diagnosisReason=FULL_MASK_AUDIT,test=false,reason=APPLY_BEST,actions=[N2],remaining=1,routes=N1:N1|N2:N2|N3:CRITICAL_SOURCE|N4:BAL_RESOURCE_ROUTE|N5:STRUCTURAL_RECOVERY_MIX
v35Lite:action=N2,accepted=false,fe=12171,qGain=-0.0015059618126228983,attemptSeed=-3696887313790255151
v35Lite:generation=2,slot=83,context=G3_TWC|BAL,phase=MIDDLE,factory=2,pressures=SEQ:0.5165568831428359|MAC:0.44094400643827014|WOR:0.7014819897584784|SET:0.16081500994539136|FAT:0.4376677714049853,pressureMax=WOR:0.7014819897584784,pressureSecond=SEQ:0.5165568831428359,pressureGap=0.18492510661564254,diagnosisReason=FULL_MASK_AUDIT,test=false,reason=APPLY_BEST,actions=[N2],remaining=0,routes=N1:N1|N2:N2|N3:CRITICAL_SOURCE|N4:BAL_RESOURCE_ROUTE|N5:STRUCTURAL_RECOVERY_MIX
v35Lite:action=N2,accepted=false,fe=12172,qGain=-0.3455959278606145,attemptSeed=-1398381937387655706
v35Lite:generation=2,slot=84,context=G3_TWC|BAL,phase=MIDDLE,factory=0,pressures=SEQ:0.2653738513072901|MAC:0.35345576586666844|WOR:0.5966784560322428|SET:0.16774191495587135|FAT:0.3971374616164792,pressureMax=WOR:0.5966784560322428,pressureSecond=FAT:0.3971374616164792,pressureGap=0.19954099441576356,diagnosisReason=FULL_MASK_AUDIT,test=true,reason=CONSECUTIVE_APPLY_FAILURE_RETEST,actions=[N1, N2, N3, N4, N5],remaining=5,routes=N1:N1|N2:N2|N3:CRITICAL_SOURCE|N4:BAL_RESOURCE_ROUTE|N5:STRUCTURAL_RECOVERY_MIX
v35Lite:action=N1,accepted=false,fe=12173,qGain=-0.032588466617648866,attemptSeed=1634720772624567527
v35Lite:action=N2,accepted=false,fe=12174,qGain=-0.056811694861456416,attemptSeed=8562370925900397026
v35Lite:action=N3,accepted=true,fe=12175,qGain=0.02396067925791254,attemptSeed=6980861460426558860
v35Lite:action=N4,accepted=false,fe=12176,qGain=0.06301505246507537,attemptSeed=-1398381937387655706
v35Lite:action=N5,accepted=false,fe=12177,qGain=-0.0904753639494111,attemptSeed=-5703100572381251756
v35Lite:generation=2,slot=85,context=G3_TWC|BAL,phase=MIDDLE,factory=2,pressures=SEQ:0.4537270616064941|MAC:0.3852287233435806|WOR:0.6957899185929043|SET:0.16020720844395578|FAT:0.5303409580202674,pressureMax=WOR:0.6957899185929043,pressureSecond=FAT:0.5303409580202674,pressureGap=0.16544896057263692,diagnosisReason=FULL_MASK_AUDIT,test=true,reason=TEST,actions=[N1, N2, N4, N5],remaining=4,routes=N1:N1|N2:N2|N4:BAL_RESOURCE_ROUTE|N5:STRUCTURAL_RECOVERY_MIX
v35Lite:action=N1,accepted=false,fe=12178,qGain=-0.16879102764742798,attemptSeed=6980861460426558860
v35Lite:action=N2,accepted=false,fe=12179,qGain=-0.20825216135121505,attemptSeed=-1398381937387655706
v35Lite:action=N4,accepted=false,fe=12180,qGain=0.02484403973825257,attemptSeed=8562370925900397026
v35Lite:action=N5,accepted=false,fe=12181,qGain=-0.07308983714502124,attemptSeed=3224215231031896820
v35Lite:generation=2,slot=86,context=G3_TWC|BAL,phase=MIDDLE,factory=2,pressures=SEQ:0.4534237264389327|MAC:0.4400669130048428|WOR:0.7005970065765064|SET:0.16611340017645684|FAT:0.5947305035354962,pressureMax=WOR:0.7005970065765064,pressureSecond=FAT:0.5947305035354962,pressureGap=0.1058665030410102,diagnosisReason=FULL_MASK_AUDIT,test=true,reason=TEST,actions=[N1, N2, N3, N4, N5],remaining=5,routes=N1:N1|N2:N2|N3:CRITICAL_SOURCE|N4:BAL_RESOURCE_ROUTE|N5:STRUCTURAL_RECOVERY_MIX
v35Lite:action=N1,accepted=false,fe=12182,qGain=-0.007724294692118782,attemptSeed=1634720772624567527
v35Lite:action=N2,accepted=true,fe=12183,qGain=0.11903445674136472,attemptSeed=8562370925900397026
v35Lite:action=N3,accepted=true,fe=12184,qGain=0.111473017155792,attemptSeed=6980861460426558860
v35Lite:action=N4,accepted=false,fe=12185,qGain=-0.06779638352112993,attemptSeed=-1398381937387655706
v35Lite:action=N5,accepted=false,fe=12186,qGain=0.19903477673684009,attemptSeed=-5703100572381251756
v35Lite:generation=2,slot=87,context=G3_TWC|BAL,phase=MIDDLE,factory=1,pressures=SEQ:0.4975637780319143|MAC:0.446457233315689|WOR:0.6864316807300708|SET:0.17401164289767385|FAT:0.44543603760157646,pressureMax=WOR:0.6864316807300708,pressureSecond=SEQ:0.4975637780319143,pressureGap=0.18886790269815645,diagnosisReason=FULL_MASK_AUDIT,test=false,reason=APPLY_BEST,actions=[N2],remaining=4,routes=N1:N1|N2:N2|N3:CRITICAL_SOURCE|N4:BAL_RESOURCE_ROUTE|N5:STRUCTURAL_RECOVERY_MIX
v35Lite:action=N2,accepted=true,fe=12187,qGain=0.1801075669521585,attemptSeed=1634720772624567527
v35Lite:generation=2,slot=88,context=G3_TWC|BAL,phase=MIDDLE,factory=2,pressures=SEQ:0.5074646459258685|MAC:0.5536058205152601|WOR:0.7078184368289719|SET:0.16367423946635037|FAT:0.537539202514223,pressureMax=WOR:0.7078184368289719,pressureSecond=MAC:0.5536058205152601,pressureGap=0.15421261631371186,diagnosisReason=FULL_MASK_AUDIT,test=true,reason=TEST,actions=[N1, N2, N4, N5],remaining=4,routes=N1:N1|N2:N2|N4:BAL_RESOURCE_ROUTE|N5:STRUCTURAL_RECOVERY_MIX
v35Lite:action=N1,accepted=false,fe=12188,qGain=-0.2017563107003307,attemptSeed=-5980999753780177984
v35Lite:action=N2,accepted=true,fe=12189,qGain=0.2758604633529581,attemptSeed=-4835744137177396073
v35Lite:action=N4,accepted=false,fe=12190,qGain=0.005223052989594641,attemptSeed=8122193034883605836
v35Lite:action=N5,accepted=false,fe=12191,qGain=0.29808355831631544,attemptSeed=-3571740843458708640
v35Lite:generation=2,slot=89,context=G3_TWC|BAL,phase=MIDDLE,factory=1,pressures=SEQ:0.5114605416109363|MAC:0.4431093806710624|WOR:0.6902276267043366|SET:0.17630989445984677|FAT:0.43198681825072016,pressureMax=WOR:0.6902276267043366,pressureSecond=SEQ:0.5114605416109363,pressureGap=0.17876708509340022,diagnosisReason=FULL_MASK_AUDIT,test=true,reason=TEST,actions=[N1, N2, N3, N4, N5],remaining=5,routes=N1:N1|N2:N2|N3:CRITICAL_SOURCE|N4:BAL_RESOURCE_ROUTE|N5:STRUCTURAL_RECOVERY_MIX
v35Lite:action=N1,accepted=false,fe=12192,qGain=-0.32720851499889914,attemptSeed=-5980999753780177984
v35Lite:action=N2,accepted=false,fe=12193,qGain=-0.5178191351117231,attemptSeed=-4835744137177396073
v35Lite:action=N3,accepted=false,fe=12194,qGain=-0.6562843392940011,attemptSeed=-1299724445861626357
v35Lite:action=N4,accepted=false,fe=12195,qGain=0.6102274461377717,attemptSeed=8122193034883605836
v35Lite:action=N5,accepted=false,fe=12196,qGain=-0.3401015550026042,attemptSeed=-3571740843458708640
v35Lite:generation=2,slot=90,context=G3_TWC|BAL,phase=MIDDLE,factory=0,pressures=SEQ:0.40903531465523063|MAC:0.37174711832012763|WOR:0.6276871408389825|SET:0.15051578424288653|FAT:0.37142162131015105,pressureMax=WOR:0.6276871408389825,pressureSecond=SEQ:0.40903531465523063,pressureGap=0.21865182618375184,diagnosisReason=FULL_MASK_AUDIT,test=false,reason=APPLY_BEST,actions=[N2],remaining=4,routes=N1:N1|N2:N2|N3:CRITICAL_SOURCE|N4:BAL_RESOURCE_ROUTE|N5:STRUCTURAL_RECOVERY_MIX
v35Lite:action=N2,accepted=false,fe=12197,qGain=-1.0,attemptSeed=-1299724445861626357
v35Lite:generation=2,slot=91,context=G3_TWC|BAL,phase=MIDDLE,factory=1,pressures=SEQ:0.22384184900106002|MAC:0.3929501121408474|WOR:0.6774689154759628|SET:0.15573594747042044|FAT:0.42232177917489244,pressureMax=WOR:0.6774689154759628,pressureSecond=FAT:0.42232177917489244,pressureGap=0.25514713630107033,diagnosisReason=FULL_MASK_AUDIT,test=false,reason=APPLY_BEST,actions=[N2],remaining=3,routes=N1:N1|N2:N2|N3:CRITICAL_SOURCE|N4:BAL_RESOURCE_ROUTE|N5:STRUCTURAL_RECOVERY_MIX
v35Lite:action=N2,accepted=false,fe=12198,qGain=-0.4320144280555274,attemptSeed=-1299724445861626357
v35Lite:generation=2,slot=92,context=G3_TWC|BAL,phase=MIDDLE,factory=2,pressures=SEQ:0.4824761739755049|MAC:0.49981758516445474|WOR:0.7121891014269665|SET:0.16766881589611965|FAT:0.5781462541175261,pressureMax=WOR:0.7121891014269665,pressureSecond=FAT:0.5781462541175261,pressureGap=0.13404284730944038,diagnosisReason=FULL_MASK_AUDIT,test=false,reason=APPLY_BEST,actions=[N2],remaining=2,routes=N1:N1|N2:N2|N3:CRITICAL_SOURCE|N4:BAL_RESOURCE_ROUTE|N5:STRUCTURAL_RECOVERY_MIX
v35Lite:action=N2,accepted=false,fe=12199,qGain=-0.021233954558350546,attemptSeed=984505056388707622
v35Lite:generation=2,slot=93,context=G3_TWC|BAL,phase=MIDDLE,factory=2,pressures=SEQ:0.4652507078927452|MAC:0.46996483305140974|WOR:0.6955490187583293|SET:0.17443432487550475|FAT:0.5734880835598348,pressureMax=WOR:0.6955490187583293,pressureSecond=FAT:0.5734880835598348,pressureGap=0.12206093519849448,diagnosisReason=FULL_MASK_AUDIT,test=true,reason=TEST,actions=[N1, N2, N4, N5],remaining=4,routes=N1:N1|N2:N2|N4:BAL_RESOURCE_ROUTE|N5:STRUCTURAL_RECOVERY_MIX
v35Lite:action=N1,accepted=false,fe=12200,qGain=0.0,attemptSeed=3679026432242936783
v35Lite:action=N2,accepted=false,fe=12201,qGain=-0.09605397686449987,attemptSeed=984505056388707622
v35Lite:action=N4,accepted=true,fe=12202,qGain=0.023635307182825856,attemptSeed=-3571740843458708640
v35Lite:action=N5,accepted=false,fe=12203,qGain=0.09436334287698817,attemptSeed=8122193034883605836
v35Lite:generation=2,slot=94,context=G3_TWC|BAL,phase=MIDDLE,factory=2,pressures=SEQ:0.3699059105700907|MAC:0.4865833778200379|WOR:0.7192548897193367|SET:0.15558654216301038|FAT:0.5373501495403589,pressureMax=WOR:0.7192548897193367,pressureSecond=FAT:0.5373501495403589,pressureGap=0.18190474017897784,diagnosisReason=FULL_MASK_AUDIT,test=true,reason=TEST,actions=[N1, N2, N3, N4, N5],remaining=5,routes=N1:N1|N2:N2|N3:CRITICAL_SOURCE|N4:BAL_RESOURCE_ROUTE|N5:STRUCTURAL_RECOVERY_MIX
v35Lite:action=N1,accepted=false,fe=12204,qGain=-0.01935591143793039,attemptSeed=-1299910104833905711
v35Lite:action=N2,accepted=true,fe=12205,qGain=0.008717638784176083,attemptSeed=-3571740843458708640
v35Lite:action=N3,accepted=false,fe=12206,qGain=0.0,attemptSeed=3679026432242936783
v35Lite:action=N4,accepted=false,fe=12207,qGain=0.03796329024931344,attemptSeed=984505056388707622
v35Lite:action=N5,accepted=false,fe=12208,qGain=0.045441917270984095,attemptSeed=-4835744137177396073
v35Lite:generation=2,slot=95,context=G3_TWC|BAL,phase=MIDDLE,factory=1,pressures=SEQ:0.28971022087354814|MAC:0.36510680644926424|WOR:0.6763309914806879|SET:0.18935155126074238|FAT:0.38895165040072244,pressureMax=WOR:0.6763309914806879,pressureSecond=FAT:0.38895165040072244,pressureGap=0.28737934107996543,diagnosisReason=FULL_MASK_AUDIT,test=false,reason=APPLY_BEST,actions=[N2],remaining=4,routes=N1:N1|N2:N2|N3:CRITICAL_SOURCE|N4:BAL_RESOURCE_ROUTE|N5:STRUCTURAL_RECOVERY_MIX
v35Lite:action=N2,accepted=true,fe=12209,qGain=0.09433842966783319,attemptSeed=-1299910104833905711
v35Lite:generation=2,slot=96,context=G3_TWC|BAL,phase=MIDDLE,factory=1,pressures=SEQ:0.21436170266114135|MAC:0.3711886787590966|WOR:0.6783016034458308|SET:0.17588411760703654|FAT:0.3807555863904307,pressureMax=WOR:0.6783016034458308,pressureSecond=FAT:0.3807555863904307,pressureGap=0.29754601705540007,diagnosisReason=FULL_MASK_AUDIT,test=false,reason=APPLY_EXPLORE,actions=[N4],remaining=3,routes=N1:N1|N2:N2|N3:CRITICAL_SOURCE|N4:BAL_RESOURCE_ROUTE|N5:STRUCTURAL_RECOVERY_MIX
v35Lite:action=N4,accepted=false,fe=12210,qGain=-0.027672081231144462,attemptSeed=2424175295574464146
v35Lite:generation=2,slot=97,context=G3_TWC|BAL,phase=MIDDLE,factory=2,pressures=SEQ:0.46914394692130995|MAC:0.4594680132437658|WOR:0.6692225528330898|SET:0.16647963935969173|FAT:0.532194394989475,pressureMax=WOR:0.6692225528330898,pressureSecond=FAT:0.532194394989475,pressureGap=0.13702815784361488,diagnosisReason=FULL_MASK_AUDIT,test=true,reason=TEST,actions=[N1, N2, N4, N5],remaining=4,routes=N1:N1|N2:N2|N4:BAL_RESOURCE_ROUTE|N5:STRUCTURAL_RECOVERY_MIX
v35Lite:action=N1,accepted=false,fe=12211,qGain=-0.005963459372637344,attemptSeed=-6299382857988901784
v35Lite:action=N2,accepted=false,fe=12212,qGain=-0.09167262422343722,attemptSeed=8256501069158430056
v35Lite:action=N4,accepted=false,fe=12213,qGain=0.07132870122657951,attemptSeed=8469311008240092866
v35Lite:action=N5,accepted=true,fe=12214,qGain=0.0051791361948196266,attemptSeed=-471903754088770507
v35Lite:generation=2,slot=98,context=G3_TWC|BAL,phase=MIDDLE,factory=1,pressures=SEQ:0.19478326038864813|MAC:0.3260535339896883|WOR:0.6660618371371141|SET:0.15791777012390149|FAT:0.38052731804785933,pressureMax=WOR:0.6660618371371141,pressureSecond=FAT:0.38052731804785933,pressureGap=0.28553451908925476,diagnosisReason=FULL_MASK_AUDIT,test=true,reason=TEST,actions=[N1, N2, N3, N4, N5],remaining=5,routes=N1:N1|N2:N2|N3:CRITICAL_SOURCE|N4:BAL_RESOURCE_ROUTE|N5:STRUCTURAL_RECOVERY_MIX
v35Lite:action=N1,accepted=false,fe=12215,qGain=0.0,attemptSeed=69567669968495761
v35Lite:action=N2,accepted=true,fe=12216,qGain=0.028477986082887225,attemptSeed=8469311008240092866
v35Lite:action=N3,accepted=false,fe=12217,qGain=-0.08346856088686518,attemptSeed=-6299382857988901784
v35Lite:action=N4,accepted=false,fe=12218,qGain=-0.2312641879318484,attemptSeed=8256501069158430056
v35Lite:action=N5,accepted=true,fe=12219,qGain=0.040708564231341664,attemptSeed=-1791593765546706368
v35Lite:generation=2,slot=99,context=G3_TWC|BAL,phase=MIDDLE,factory=1,pressures=SEQ:0.3280807515040466|MAC:0.3517197013526203|WOR:0.6756322792481888|SET:0.1810495414479256|FAT:0.42771225730185675,pressureMax=WOR:0.6756322792481888,pressureSecond=FAT:0.42771225730185675,pressureGap=0.24792002194633206,diagnosisReason=FULL_MASK_AUDIT,test=false,reason=APPLY_BEST,actions=[N2],remaining=4,routes=N1:N1|N2:N2|N3:CRITICAL_SOURCE|N4:BAL_RESOURCE_ROUTE|N5:STRUCTURAL_RECOVERY_MIX
v35Lite:action=N2,accepted=false,fe=12220,qGain=-0.11654170325791444,attemptSeed=69567669968495761
formalLocal:outer=1,slot=0,op=CRITICAL_FACTORY_SWAP,accepted=true,fe=12221
formalLocal:outer=1,slot=0,op=CRITICAL_FACTORY_INSERT,accepted=true,fe=12222
formalLocal:outer=1,slot=0,pass=0,op=O1_JS_INSERT,accepted=true,recoveryGain=true,qGain=0.6933683761231925,fe=12223
formalLocal:outer=1,slot=0,pass=0,op=O2_JS_REVERSE,accepted=false,recoveryGain=true,qGain=-0.4718029563473066,fe=12224
formalLocal:outer=1,slot=0,pass=0,op=O3_JS_SWAP,accepted=false,recoveryGain=true,qGain=-1.0,fe=12225
formalLocal:outer=1,slot=0,pass=0,op=O4_WA_LOAD_TRANSFER,accepted=true,recoveryGain=true,qGain=0.3207643037657151,fe=12226
formalLocal:outer=1,slot=0,pass=0,op=O5_WA_WEAK_TO_STRONG,accepted=true,recoveryGain=true,qGain=0.5189789907555744,fe=12227
formalLocal:outer=1,slot=0,pass=0,op=O6_WA_SWAP,accepted=false,recoveryGain=true,qGain=-0.37427449394480244,fe=12228
formalLocal:outer=1,slot=0,pass=0,op=O7_MA_LOAD_TRANSFER,accepted=true,recoveryGain=true,qGain=0.09593541004621103,fe=12229
formalLocal:outer=1,slot=0,pass=0,op=O8_MA_WEAK_TO_STRONG,accepted=false,recoveryGain=true,qGain=-1.0,fe=12230
formalLocal:outer=1,slot=0,pass=0,op=O9_MA_SWAP,accepted=true,recoveryGain=true,qGain=0.031235403090854926,fe=12231
formalLocal:outer=1,slot=0,pass=1,op=O1_JS_INSERT,accepted=false,recoveryGain=true,qGain=-1.0,fe=12232
formalLocal:outer=1,slot=0,pass=1,op=O2_JS_REVERSE,accepted=false,recoveryGain=true,qGain=-1.0,fe=12233
formalLocal:outer=1,slot=0,pass=1,op=O3_JS_SWAP,accepted=false,recoveryGain=true,qGain=-1.0,fe=12234
formalLocal:outer=1,slot=0,pass=1,op=O4_WA_LOAD_TRANSFER,accepted=false,recoveryGain=true,qGain=-1.0,fe=12235
formalLocal:outer=1,slot=0,pass=1,op=O5_WA_WEAK_TO_STRONG,accepted=false,recoveryGain=true,qGain=-0.40977071312642427,fe=12236
formalLocal:outer=1,slot=0,pass=1,op=O6_WA_SWAP,accepted=false,recoveryGain=true,qGain=-1.0,fe=12237
formalLocal:outer=1,slot=0,pass=1,op=O7_MA_LOAD_TRANSFER,accepted=false,recoveryGain=true,qGain=-0.19426445125571815,fe=12238
formalLocal:outer=1,slot=0,pass=1,op=O8_MA_WEAK_TO_STRONG,accepted=false,recoveryGain=true,qGain=-1.0,fe=12239
formalLocal:outer=1,slot=0,pass=1,op=O9_MA_SWAP,accepted=true,recoveryGain=true,qGain=0.26369254593038133,fe=12240
formalLocal:outer=1,slot=0,pass=2,op=O1_JS_INSERT,accepted=true,recoveryGain=true,qGain=0.057991120546764176,fe=12241
formalLocal:outer=1,slot=0,pass=2,op=O2_JS_REVERSE,accepted=false,recoveryGain=true,qGain=-1.0,fe=12242
formalLocal:outer=1,slot=0,pass=2,op=O3_JS_SWAP,accepted=false,recoveryGain=true,qGain=-1.0,fe=12243
formalLocal:outer=1,slot=0,pass=2,op=O4_WA_LOAD_TRANSFER,accepted=false,recoveryGain=true,qGain=-1.0,fe=12244
formalLocal:outer=1,slot=0,pass=2,op=O5_WA_WEAK_TO_STRONG,accepted=false,recoveryGain=true,qGain=-1.0,fe=12245
formalLocal:outer=1,slot=0,pass=2,op=O6_WA_SWAP,accepted=false,recoveryGain=true,qGain=-1.0,fe=12246
formalLocal:outer=1,slot=0,pass=2,op=O7_MA_LOAD_TRANSFER,accepted=false,recoveryGain=true,qGain=-1.0,fe=12247
formalLocal:outer=1,slot=0,pass=2,op=O8_MA_WEAK_TO_STRONG,accepted=false,recoveryGain=true,qGain=-1.0,fe=12248
formalLocal:outer=1,slot=0,pass=2,op=O9_MA_SWAP,accepted=false,recoveryGain=true,qGain=-0.37661005961434585,fe=12249
formalLocal:outer=1,slot=0,pass=3,op=O1_JS_INSERT,accepted=false,recoveryGain=true,qGain=-0.8048529577139806,fe=12250
formalLocal:outer=1,slot=0,pass=3,op=O2_JS_REVERSE,accepted=false,recoveryGain=true,qGain=-1.0,fe=12251
formalLocal:outer=1,slot=0,pass=3,op=O3_JS_SWAP,accepted=false,recoveryGain=true,qGain=0.0,fe=12252
formalLocal:outer=1,slot=0,pass=3,op=O4_WA_LOAD_TRANSFER,accepted=false,recoveryGain=true,qGain=-1.0,fe=12253
formalLocal:outer=1,slot=0,pass=3,op=O5_WA_WEAK_TO_STRONG,accepted=false,recoveryGain=true,qGain=-1.0,fe=12254
formalLocal:outer=1,slot=0,pass=3,op=O6_WA_SWAP,accepted=false,recoveryGain=true,qGain=-1.0,fe=12255
formalLocal:outer=1,slot=0,pass=3,op=O7_MA_LOAD_TRANSFER,accepted=false,recoveryGain=true,qGain=-1.0,fe=12256
formalLocal:outer=1,slot=0,pass=3,op=O8_MA_WEAK_TO_STRONG,accepted=false,recoveryGain=true,qGain=-1.0,fe=12257
formalLocal:outer=1,slot=0,pass=3,op=O9_MA_SWAP,accepted=false,recoveryGain=true,qGain=-0.37661005961434585,fe=12258
formalLocal:outer=1,slot=0,pass=4,op=O1_JS_INSERT,accepted=false,recoveryGain=true,qGain=-0.9705955087757067,fe=12259
formalLocal:outer=1,slot=0,pass=4,op=O2_JS_REVERSE,accepted=false,recoveryGain=true,qGain=0.0,fe=12260
formalLocal:outer=1,slot=0,pass=4,op=O3_JS_SWAP,accepted=false,recoveryGain=true,qGain=-1.0,fe=12261
formalLocal:outer=1,slot=0,pass=4,op=O4_WA_LOAD_TRANSFER,accepted=false,recoveryGain=true,qGain=-1.0,fe=12262
formalLocal:outer=1,slot=0,pass=4,op=O5_WA_WEAK_TO_STRONG,accepted=false,recoveryGain=true,qGain=-1.0,fe=12263
formalLocal:outer=1,slot=0,pass=4,op=O6_WA_SWAP,accepted=false,recoveryGain=true,qGain=-1.0,fe=12264
formalLocal:outer=1,slot=0,pass=4,op=O7_MA_LOAD_TRANSFER,accepted=false,recoveryGain=true,qGain=-1.0,fe=12265
formalLocal:outer=1,slot=0,pass=4,op=O8_MA_WEAK_TO_STRONG,accepted=false,recoveryGain=true,qGain=-1.0,fe=12266
formalLocal:outer=1,slot=0,pass=4,op=O9_MA_SWAP,accepted=false,recoveryGain=true,qGain=-0.37661005961434585,fe=12267
formalLocal:outer=1,slot=0,pass=5,op=O1_JS_INSERT,accepted=false,recoveryGain=true,qGain=-0.458909458901576,fe=12268
formalLocal:outer=1,slot=0,pass=5,op=O2_JS_REVERSE,accepted=false,recoveryGain=true,qGain=-1.0,fe=12269
formalLocal:outer=1,slot=0,pass=5,op=O3_JS_SWAP,accepted=false,recoveryGain=true,qGain=-1.0,fe=12270
formalLocal:outer=1,slot=0,pass=5,op=O4_WA_LOAD_TRANSFER,accepted=false,recoveryGain=true,qGain=-1.0,fe=12271
formalLocal:outer=1,slot=0,pass=5,op=O5_WA_WEAK_TO_STRONG,accepted=false,recoveryGain=true,qGain=-1.0,fe=12272
formalLocal:outer=1,slot=0,pass=5,op=O6_WA_SWAP,accepted=false,recoveryGain=true,qGain=-1.0,fe=12273
formalLocal:outer=1,slot=0,pass=5,op=O7_MA_LOAD_TRANSFER,accepted=false,recoveryGain=true,qGain=-1.0,fe=12274
formalLocal:outer=1,slot=0,pass=5,op=O8_MA_WEAK_TO_STRONG,accepted=false,recoveryGain=true,qGain=-1.0,fe=12275
formalLocal:outer=1,slot=0,pass=5,op=O9_MA_SWAP,accepted=false,recoveryGain=true,qGain=-0.37661005961434585,fe=12276
formalLocal:outer=1,slot=0,pass=6,op=O1_JS_INSERT,accepted=false,recoveryGain=true,qGain=-1.0,fe=12277
formalLocal:outer=1,slot=0,pass=6,op=O2_JS_REVERSE,accepted=false,recoveryGain=true,qGain=-1.0,fe=12278
formalLocal:outer=1,slot=0,pass=6,op=O3_JS_SWAP,accepted=false,recoveryGain=true,qGain=-0.9425521384253469,fe=12279
formalLocal:outer=1,slot=0,pass=6,op=O4_WA_LOAD_TRANSFER,accepted=false,recoveryGain=true,qGain=-1.0,fe=12280
formalLocal:outer=1,slot=0,pass=6,op=O5_WA_WEAK_TO_STRONG,accepted=false,recoveryGain=true,qGain=-1.0,fe=12281
formalLocal:outer=1,slot=0,pass=6,op=O6_WA_SWAP,accepted=false,recoveryGain=true,qGain=-1.0,fe=12282
formalLocal:outer=1,slot=0,pass=6,op=O7_MA_LOAD_TRANSFER,accepted=false,recoveryGain=true,qGain=-1.0,fe=12283
formalLocal:outer=1,slot=0,pass=6,op=O8_MA_WEAK_TO_STRONG,accepted=false,recoveryGain=true,qGain=-1.0,fe=12284
formalLocal:outer=1,slot=0,pass=6,op=O9_MA_SWAP,accepted=false,recoveryGain=true,qGain=-0.37661005961434585,fe=12285
formalLocal:outer=1,slot=0,pass=7,op=O1_JS_INSERT,accepted=false,recoveryGain=true,qGain=-1.0,fe=12286
formalLocal:outer=1,slot=0,pass=7,op=O2_JS_REVERSE,accepted=false,recoveryGain=true,qGain=0.0,fe=12287
formalLocal:outer=1,slot=0,pass=7,op=O3_JS_SWAP,accepted=false,recoveryGain=true,qGain=-1.0,fe=12288
formalLocal:outer=1,slot=0,pass=7,op=O4_WA_LOAD_TRANSFER,accepted=false,recoveryGain=true,qGain=-1.0,fe=12289
formalLocal:outer=1,slot=0,pass=7,op=O5_WA_WEAK_TO_STRONG,accepted=false,recoveryGain=true,qGain=-1.0,fe=12290
formalLocal:outer=1,slot=0,pass=7,op=O6_WA_SWAP,accepted=false,recoveryGain=true,qGain=-1.0,fe=12291
formalLocal:outer=1,slot=0,pass=7,op=O7_MA_LOAD_TRANSFER,accepted=false,recoveryGain=true,qGain=-1.0,fe=12292
formalLocal:outer=1,slot=0,pass=7,op=O8_MA_WEAK_TO_STRONG,accepted=false,recoveryGain=true,qGain=-1.0,fe=12293
formalLocal:outer=1,slot=0,pass=7,op=O9_MA_SWAP,accepted=false,recoveryGain=true,qGain=-0.37661005961434585,fe=12294
formalLocal:outer=1,slot=0,pass=8,op=O1_JS_INSERT,accepted=true,recoveryGain=true,qGain=0.6077457378615838,fe=12295
formalLocal:outer=1,slot=0,pass=8,op=O2_JS_REVERSE,accepted=false,recoveryGain=true,qGain=-1.0,fe=12296
formalLocal:outer=1,slot=0,pass=8,op=O3_JS_SWAP,accepted=false,recoveryGain=true,qGain=-1.0,fe=12297
formalLocal:outer=1,slot=0,pass=8,op=O4_WA_LOAD_TRANSFER,accepted=false,recoveryGain=true,qGain=-1.0,fe=12298
formalLocal:outer=1,slot=0,pass=8,op=O5_WA_WEAK_TO_STRONG,accepted=false,recoveryGain=true,qGain=-1.0,fe=12299
formalLocal:outer=1,slot=0,pass=8,op=O6_WA_SWAP,accepted=false,recoveryGain=true,qGain=-1.0,fe=12300
formalLocal:outer=1,slot=0,pass=8,op=O7_MA_LOAD_TRANSFER,accepted=false,recoveryGain=true,qGain=-1.0,fe=12301
formalLocal:outer=1,slot=0,pass=8,op=O8_MA_WEAK_TO_STRONG,accepted=false,recoveryGain=true,qGain=-1.0,fe=12302
formalLocal:outer=1,slot=0,pass=8,op=O9_MA_SWAP,accepted=false,recoveryGain=true,qGain=-1.0,fe=12303
formalLocal:outer=1,slot=0,pass=9,op=O1_JS_INSERT,accepted=false,recoveryGain=true,qGain=-1.0,fe=12304
formalLocal:outer=1,slot=0,pass=9,op=O2_JS_REVERSE,accepted=false,recoveryGain=true,qGain=-1.0,fe=12305
formalLocal:outer=1,slot=0,pass=9,op=O3_JS_SWAP,accepted=false,recoveryGain=true,qGain=-1.0,fe=12306
formalLocal:outer=1,slot=0,pass=9,op=O4_WA_LOAD_TRANSFER,accepted=false,recoveryGain=true,qGain=-1.0,fe=12307
formalLocal:outer=1,slot=0,pass=9,op=O5_WA_WEAK_TO_STRONG,accepted=false,recoveryGain=true,qGain=-1.0,fe=12308
formalLocal:outer=1,slot=0,pass=9,op=O6_WA_SWAP,accepted=false,recoveryGain=true,qGain=-1.0,fe=12309
formalLocal:outer=1,slot=0,pass=9,op=O7_MA_LOAD_TRANSFER,accepted=false,recoveryGain=true,qGain=-1.0,fe=12310
formalLocal:outer=1,slot=0,pass=9,op=O8_MA_WEAK_TO_STRONG,accepted=false,recoveryGain=true,qGain=-1.0,fe=12311
formalLocal:outer=1,slot=0,pass=9,op=O9_MA_SWAP,accepted=false,recoveryGain=true,qGain=-1.0,fe=12312
formalLocal:outer=1,slot=0,pass=10,op=O1_JS_INSERT,accepted=false,recoveryGain=true,qGain=-1.0,fe=12313
formalLocal:outer=1,slot=0,pass=10,op=O2_JS_REVERSE,accepted=false,recoveryGain=true,qGain=-1.0,fe=12314
formalLocal:outer=1,slot=0,pass=10,op=O3_JS_SWAP,accepted=false,recoveryGain=true,qGain=-1.0,fe=12315
formalLocal:outer=1,slot=0,pass=10,op=O4_WA_LOAD_TRANSFER,accepted=false,recoveryGain=true,qGain=-1.0,fe=12316
formalLocal:outer=1,slot=0,pass=10,op=O5_WA_WEAK_TO_STRONG,accepted=false,recoveryGain=true,qGain=-1.0,fe=12317
formalLocal:outer=1,slot=0,pass=10,op=O6_WA_SWAP,accepted=false,recoveryGain=true,qGain=-1.0,fe=12318
formalLocal:outer=1,slot=0,pass=10,op=O7_MA_LOAD_TRANSFER,accepted=false,recoveryGain=true,qGain=-1.0,fe=12319
formalLocal:outer=1,slot=0,pass=10,op=O8_MA_WEAK_TO_STRONG,accepted=false,recoveryGain=true,qGain=-1.0,fe=12320
formalLocal:outer=1,slot=0,pass=10,op=O9_MA_SWAP,accepted=false,recoveryGain=true,qGain=-1.0,fe=12321
formalLocal:outer=1,slot=0,pass=11,op=O1_JS_INSERT,accepted=false,recoveryGain=true,qGain=0.0,fe=12322
formalLocal:outer=1,slot=0,pass=11,op=O2_JS_REVERSE,accepted=false,recoveryGain=true,qGain=-1.0,fe=12323
formalLocal:outer=1,slot=0,pass=11,op=O3_JS_SWAP,accepted=false,recoveryGain=true,qGain=-1.0,fe=12324
formalLocal:outer=1,slot=0,pass=11,op=O4_WA_LOAD_TRANSFER,accepted=false,recoveryGain=true,qGain=-1.0,fe=12325
formalLocal:outer=1,slot=0,pass=11,op=O5_WA_WEAK_TO_STRONG,accepted=false,recoveryGain=true,qGain=-1.0,fe=12326
formalLocal:outer=1,slot=0,pass=11,op=O6_WA_SWAP,accepted=false,recoveryGain=true,qGain=-1.0,fe=12327
formalLocal:outer=1,slot=0,pass=11,op=O7_MA_LOAD_TRANSFER,accepted=false,recoveryGain=true,qGain=-1.0,fe=12328
formalLocal:outer=1,slot=0,pass=11,op=O8_MA_WEAK_TO_STRONG,accepted=false,recoveryGain=true,qGain=-1.0,fe=12329
formalLocal:outer=1,slot=0,pass=11,op=O9_MA_SWAP,accepted=false,recoveryGain=true,qGain=-1.0,fe=12330
formalLocal:outer=1,slot=0,pass=12,op=O1_JS_INSERT,accepted=false,recoveryGain=true,qGain=-1.0,fe=12331
formalLocal:outer=1,slot=0,pass=12,op=O2_JS_REVERSE,accepted=false,recoveryGain=true,qGain=-1.0,fe=12332
formalLocal:outer=1,slot=0,pass=12,op=O3_JS_SWAP,accepted=false,recoveryGain=true,qGain=-1.0,fe=12333
formalLocal:outer=1,slot=0,pass=12,op=O4_WA_LOAD_TRANSFER,accepted=false,recoveryGain=true,qGain=-1.0,fe=12334
formalLocal:outer=1,slot=0,pass=12,op=O5_WA_WEAK_TO_STRONG,accepted=false,recoveryGain=true,qGain=-1.0,fe=12335
formalLocal:outer=1,slot=0,pass=12,op=O6_WA_SWAP,accepted=false,recoveryGain=true,qGain=-1.0,fe=12336
formalLocal:outer=1,slot=0,pass=12,op=O7_MA_LOAD_TRANSFER,accepted=false,recoveryGain=true,qGain=-1.0,fe=12337
formalLocal:outer=1,slot=0,pass=12,op=O8_MA_WEAK_TO_STRONG,accepted=false,recoveryGain=true,qGain=-1.0,fe=12338
formalLocal:outer=1,slot=0,pass=12,op=O9_MA_SWAP,accepted=false,recoveryGain=true,qGain=-1.0,fe=12339
formalLocal:outer=1,slot=0,pass=13,op=O1_JS_INSERT,accepted=false,recoveryGain=true,qGain=-1.0,fe=12340
formalLocal:outer=1,slot=0,pass=13,op=O2_JS_REVERSE,accepted=false,recoveryGain=true,qGain=-1.0,fe=12341
formalLocal:outer=1,slot=0,pass=13,op=O3_JS_SWAP,accepted=false,recoveryGain=true,qGain=-1.0,fe=12342
formalLocal:outer=1,slot=0,pass=13,op=O4_WA_LOAD_TRANSFER,accepted=false,recoveryGain=true,qGain=-1.0,fe=12343
formalLocal:outer=1,slot=0,pass=13,op=O5_WA_WEAK_TO_STRONG,accepted=false,recoveryGain=true,qGain=-1.0,fe=12344
formalLocal:outer=1,slot=0,pass=13,op=O6_WA_SWAP,accepted=false,recoveryGain=true,qGain=-1.0,fe=12345
formalLocal:outer=1,slot=0,pass=13,op=O7_MA_LOAD_TRANSFER,accepted=false,recoveryGain=true,qGain=-1.0,fe=12346
formalLocal:outer=1,slot=0,pass=13,op=O8_MA_WEAK_TO_STRONG,accepted=false,recoveryGain=true,qGain=-1.0,fe=12347
formalLocal:outer=1,slot=0,pass=13,op=O9_MA_SWAP,accepted=false,recoveryGain=true,qGain=-1.0,fe=12348
formalLocal:outer=1,slot=0,pass=14,op=O1_JS_INSERT,accepted=false,recoveryGain=true,qGain=-1.0,fe=12349
formalLocal:outer=1,slot=0,pass=14,op=O2_JS_REVERSE,accepted=false,recoveryGain=true,qGain=-1.0,fe=12350
formalLocal:outer=1,slot=0,pass=14,op=O3_JS_SWAP,accepted=false,recoveryGain=true,qGain=-1.0,fe=12351
formalLocal:outer=1,slot=0,pass=14,op=O4_WA_LOAD_TRANSFER,accepted=false,recoveryGain=true,qGain=-1.0,fe=12352
formalLocal:outer=1,slot=0,pass=14,op=O5_WA_WEAK_TO_STRONG,accepted=false,recoveryGain=true,qGain=-1.0,fe=12353
formalLocal:outer=1,slot=0,pass=14,op=O6_WA_SWAP,accepted=false,recoveryGain=true,qGain=-1.0,fe=12354
formalLocal:outer=1,slot=0,pass=14,op=O7_MA_LOAD_TRANSFER,accepted=false,recoveryGain=true,qGain=-1.0,fe=12355
formalLocal:outer=1,slot=0,pass=14,op=O8_MA_WEAK_TO_STRONG,accepted=false,recoveryGain=true,qGain=-1.0,fe=12356
formalLocal:outer=1,slot=0,pass=14,op=O9_MA_SWAP,accepted=false,recoveryGain=true,qGain=-1.0,fe=12357
formalLocal:outer=1,slot=0,pass=15,op=O1_JS_INSERT,accepted=false,recoveryGain=true,qGain=-1.0,fe=12358
formalLocal:outer=1,slot=0,pass=15,op=O2_JS_REVERSE,accepted=false,recoveryGain=true,qGain=-1.0,fe=12359
formalLocal:outer=1,slot=0,pass=15,op=O3_JS_SWAP,accepted=false,recoveryGain=true,qGain=-1.0,fe=12360
formalLocal:outer=1,slot=0,pass=15,op=O4_WA_LOAD_TRANSFER,accepted=false,recoveryGain=true,qGain=-1.0,fe=12361
formalLocal:outer=1,slot=0,pass=15,op=O5_WA_WEAK_TO_STRONG,accepted=false,recoveryGain=true,qGain=-1.0,fe=12362
formalLocal:outer=1,slot=0,pass=15,op=O6_WA_SWAP,accepted=false,recoveryGain=true,qGain=-1.0,fe=12363
formalLocal:outer=1,slot=0,pass=15,op=O7_MA_LOAD_TRANSFER,accepted=false,recoveryGain=true,qGain=-1.0,fe=12364
formalLocal:outer=1,slot=0,pass=15,op=O8_MA_WEAK_TO_STRONG,accepted=false,recoveryGain=true,qGain=-1.0,fe=12365
formalLocal:outer=1,slot=0,pass=15,op=O9_MA_SWAP,accepted=false,recoveryGain=true,qGain=-1.0,fe=12366
formalLocal:outer=1,slot=0,pass=16,op=O1_JS_INSERT,accepted=false,recoveryGain=true,qGain=-1.0,fe=12367
formalLocal:outer=1,slot=0,pass=16,op=O2_JS_REVERSE,accepted=false,recoveryGain=true,qGain=-1.0,fe=12368
formalLocal:outer=1,slot=0,pass=16,op=O3_JS_SWAP,accepted=false,recoveryGain=true,qGain=-1.0,fe=12369
formalLocal:outer=1,slot=0,pass=16,op=O4_WA_LOAD_TRANSFER,accepted=false,recoveryGain=true,qGain=-1.0,fe=12370
formalLocal:outer=1,slot=0,pass=16,op=O5_WA_WEAK_TO_STRONG,accepted=false,recoveryGain=true,qGain=-1.0,fe=12371
formalLocal:outer=1,slot=0,pass=16,op=O6_WA_SWAP,accepted=false,recoveryGain=true,qGain=-1.0,fe=12372
formalLocal:outer=1,slot=0,pass=16,op=O7_MA_LOAD_TRANSFER,accepted=false,recoveryGain=true,qGain=-1.0,fe=12373
formalLocal:outer=1,slot=0,pass=16,op=O8_MA_WEAK_TO_STRONG,accepted=false,recoveryGain=true,qGain=-1.0,fe=12374
formalLocal:outer=1,slot=0,pass=16,op=O9_MA_SWAP,accepted=false,recoveryGain=true,qGain=-1.0,fe=12375
formalLocal:outer=1,slot=0,pass=17,op=O1_JS_INSERT,accepted=false,recoveryGain=true,qGain=-1.0,fe=12376
formalLocal:outer=1,slot=0,pass=17,op=O2_JS_REVERSE,accepted=false,recoveryGain=true,qGain=-1.0,fe=12377
formalLocal:outer=1,slot=0,pass=17,op=O3_JS_SWAP,accepted=false,recoveryGain=true,qGain=-1.0,fe=12378
formalLocal:outer=1,slot=0,pass=17,op=O4_WA_LOAD_TRANSFER,accepted=false,recoveryGain=true,qGain=-1.0,fe=12379
formalLocal:outer=1,slot=0,pass=17,op=O5_WA_WEAK_TO_STRONG,accepted=false,recoveryGain=true,qGain=-1.0,fe=12380
formalLocal:outer=1,slot=0,pass=17,op=O6_WA_SWAP,accepted=false,recoveryGain=true,qGain=-1.0,fe=12381
formalLocal:outer=1,slot=0,pass=17,op=O7_MA_LOAD_TRANSFER,accepted=false,recoveryGain=true,qGain=-1.0,fe=12382
formalLocal:outer=1,slot=0,pass=17,op=O8_MA_WEAK_TO_STRONG,accepted=false,recoveryGain=true,qGain=-1.0,fe=12383
formalLocal:outer=1,slot=0,pass=17,op=O9_MA_SWAP,accepted=false,recoveryGain=true,qGain=-1.0,fe=12384
formalLocal:outer=1,slot=0,pass=18,op=O1_JS_INSERT,accepted=false,recoveryGain=true,qGain=-1.0,fe=12385
formalLocal:outer=1,slot=0,pass=18,op=O2_JS_REVERSE,accepted=false,recoveryGain=true,qGain=-1.0,fe=12386
formalLocal:outer=1,slot=0,pass=18,op=O3_JS_SWAP,accepted=false,recoveryGain=true,qGain=-1.0,fe=12387
formalLocal:outer=1,slot=0,pass=18,op=O4_WA_LOAD_TRANSFER,accepted=false,recoveryGain=true,qGain=-1.0,fe=12388
formalLocal:outer=1,slot=0,pass=18,op=O5_WA_WEAK_TO_STRONG,accepted=false,recoveryGain=true,qGain=-1.0,fe=12389
formalLocal:outer=1,slot=0,pass=18,op=O6_WA_SWAP,accepted=false,recoveryGain=true,qGain=-1.0,fe=12390
formalLocal:outer=1,slot=0,pass=18,op=O7_MA_LOAD_TRANSFER,accepted=false,recoveryGain=true,qGain=-1.0,fe=12391
formalLocal:outer=1,slot=0,pass=18,op=O8_MA_WEAK_TO_STRONG,accepted=false,recoveryGain=true,qGain=-1.0,fe=12392
formalLocal:outer=1,slot=0,pass=18,op=O9_MA_SWAP,accepted=false,recoveryGain=true,qGain=-1.0,fe=12393
formalLocal:outer=1,slot=0,pass=19,op=O1_JS_INSERT,accepted=false,recoveryGain=true,qGain=-1.0,fe=12394
formalLocal:outer=1,slot=0,pass=19,op=O2_JS_REVERSE,accepted=false,recoveryGain=true,qGain=-1.0,fe=12395
formalLocal:outer=1,slot=0,pass=19,op=O3_JS_SWAP,accepted=false,recoveryGain=true,qGain=-1.0,fe=12396
formalLocal:outer=1,slot=0,pass=19,op=O4_WA_LOAD_TRANSFER,accepted=false,recoveryGain=true,qGain=-1.0,fe=12397
formalLocal:outer=1,slot=0,pass=19,op=O5_WA_WEAK_TO_STRONG,accepted=false,recoveryGain=true,qGain=-1.0,fe=12398
formalLocal:outer=1,slot=0,pass=19,op=O6_WA_SWAP,accepted=false,recoveryGain=true,qGain=-1.0,fe=12399
formalLocal:outer=1,slot=0,pass=19,op=O7_MA_LOAD_TRANSFER,accepted=false,recoveryGain=true,qGain=-1.0,fe=12400
formalLocal:outer=1,slot=0,pass=19,op=O8_MA_WEAK_TO_STRONG,accepted=false,recoveryGain=true,qGain=-1.0,fe=12401
formalLocal:outer=1,slot=0,pass=19,op=O9_MA_SWAP,accepted=false,recoveryGain=true,qGain=-1.0,fe=12402
formalLocal:outer=1,slot=0,pass=20,op=O1_JS_INSERT,accepted=false,recoveryGain=true,qGain=-1.0,fe=12403
formalLocal:outer=1,slot=0,pass=20,op=O2_JS_REVERSE,accepted=false,recoveryGain=true,qGain=-1.0,fe=12404
formalLocal:outer=1,slot=0,pass=20,op=O3_JS_SWAP,accepted=false,recoveryGain=true,qGain=-1.0,fe=12405
formalLocal:outer=1,slot=0,pass=20,op=O4_WA_LOAD_TRANSFER,accepted=false,recoveryGain=true,qGain=-1.0,fe=12406
formalLocal:outer=1,slot=0,pass=20,op=O5_WA_WEAK_TO_STRONG,accepted=false,recoveryGain=true,qGain=-1.0,fe=12407
formalLocal:outer=1,slot=0,pass=20,op=O6_WA_SWAP,accepted=false,recoveryGain=true,qGain=-1.0,fe=12408
formalLocal:outer=1,slot=0,pass=20,op=O7_MA_LOAD_TRANSFER,accepted=false,recoveryGain=true,qGain=-1.0,fe=12409
formalLocal:outer=1,slot=0,pass=20,op=O8_MA_WEAK_TO_STRONG,accepted=false,recoveryGain=true,qGain=-1.0,fe=12410
formalLocal:outer=1,slot=0,pass=20,op=O9_MA_SWAP,accepted=false,recoveryGain=true,qGain=-1.0,fe=12411
formalLocal:outer=1,slot=0,pass=21,op=O1_JS_INSERT,accepted=true,recoveryGain=true,qGain=0.12823459428801,fe=12412
formalLocal:outer=1,slot=0,pass=21,op=O2_JS_REVERSE,accepted=false,recoveryGain=true,qGain=-1.0,fe=12413
formalLocal:outer=1,slot=0,pass=21,op=O3_JS_SWAP,accepted=false,recoveryGain=true,qGain=-1.0,fe=12414
formalLocal:outer=1,slot=0,pass=21,op=O4_WA_LOAD_TRANSFER,accepted=false,recoveryGain=true,qGain=-1.0,fe=12415
formalLocal:outer=1,slot=0,pass=21,op=O5_WA_WEAK_TO_STRONG,accepted=false,recoveryGain=true,qGain=-1.0,fe=12416
formalLocal:outer=1,slot=0,pass=21,op=O6_WA_SWAP,accepted=false,recoveryGain=true,qGain=-0.2835475786908633,fe=12417
formalLocal:outer=1,slot=0,pass=21,op=O7_MA_LOAD_TRANSFER,accepted=false,recoveryGain=true,qGain=-1.0,fe=12418
formalLocal:outer=1,slot=0,pass=21,op=O8_MA_WEAK_TO_STRONG,accepted=false,recoveryGain=true,qGain=-1.0,fe=12419
formalLocal:outer=1,slot=0,pass=21,op=O9_MA_SWAP,accepted=true,recoveryGain=true,qGain=0.3156134042840891,fe=12420
formalLocal:outer=1,slot=0,pass=22,op=O1_JS_INSERT,accepted=false,recoveryGain=true,qGain=-1.0,fe=12421
formalLocal:outer=1,slot=0,pass=22,op=O2_JS_REVERSE,accepted=false,recoveryGain=true,qGain=-1.0,fe=12422
formalLocal:outer=1,slot=0,pass=22,op=O3_JS_SWAP,accepted=false,recoveryGain=true,qGain=-1.0,fe=12423
formalLocal:outer=1,slot=0,pass=22,op=O4_WA_LOAD_TRANSFER,accepted=false,recoveryGain=true,qGain=-1.0,fe=12424
formalLocal:outer=1,slot=0,pass=22,op=O5_WA_WEAK_TO_STRONG,accepted=false,recoveryGain=true,qGain=-1.0,fe=12425
formalLocal:outer=1,slot=0,pass=22,op=O6_WA_SWAP,accepted=false,recoveryGain=true,qGain=-1.0,fe=12426
formalLocal:outer=1,slot=0,pass=22,op=O7_MA_LOAD_TRANSFER,accepted=false,recoveryGain=true,qGain=-1.0,fe=12427
formalLocal:outer=1,slot=0,pass=22,op=O8_MA_WEAK_TO_STRONG,accepted=false,recoveryGain=true,qGain=-1.0,fe=12428
formalLocal:outer=1,slot=0,pass=22,op=O9_MA_SWAP,accepted=false,recoveryGain=true,qGain=-1.0,fe=12429
formalLocal:outer=1,slot=0,pass=23,op=O1_JS_INSERT,accepted=false,recoveryGain=true,qGain=-1.0,fe=12430
formalLocal:outer=1,slot=0,pass=23,op=O2_JS_REVERSE,accepted=false,recoveryGain=true,qGain=-1.0,fe=12431
formalLocal:outer=1,slot=0,pass=23,op=O3_JS_SWAP,accepted=false,recoveryGain=true,qGain=-1.0,fe=12432
formalLocal:outer=1,slot=0,pass=23,op=O4_WA_LOAD_TRANSFER,accepted=false,recoveryGain=true,qGain=-1.0,fe=12433
formalLocal:outer=1,slot=0,pass=23,op=O5_WA_WEAK_TO_STRONG,accepted=false,recoveryGain=true,qGain=-1.0,fe=12434
formalLocal:outer=1,slot=0,pass=23,op=O6_WA_SWAP,accepted=false,recoveryGain=true,qGain=-1.0,fe=12435
formalLocal:outer=1,slot=0,pass=23,op=O7_MA_LOAD_TRANSFER,accepted=false,recoveryGain=true,qGain=-1.0,fe=12436
formalLocal:outer=1,slot=0,pass=23,op=O8_MA_WEAK_TO_STRONG,accepted=false,recoveryGain=true,qGain=-1.0,fe=12437
formalLocal:outer=1,slot=0,pass=23,op=O9_MA_SWAP,accepted=false,recoveryGain=true,qGain=-1.0,fe=12438
formalLocal:outer=1,slot=0,pass=24,op=O1_JS_INSERT,accepted=false,recoveryGain=true,qGain=-1.0,fe=12439
formalLocal:outer=1,slot=0,pass=24,op=O2_JS_REVERSE,accepted=false,recoveryGain=true,qGain=-1.0,fe=12440
formalLocal:outer=1,slot=0,pass=24,op=O3_JS_SWAP,accepted=false,recoveryGain=true,qGain=0.0,fe=12441
formalLocal:outer=1,slot=0,pass=24,op=O4_WA_LOAD_TRANSFER,accepted=false,recoveryGain=true,qGain=-1.0,fe=12442
formalLocal:outer=1,slot=0,pass=24,op=O5_WA_WEAK_TO_STRONG,accepted=false,recoveryGain=true,qGain=-1.0,fe=12443
formalLocal:outer=1,slot=0,pass=24,op=O6_WA_SWAP,accepted=false,recoveryGain=true,qGain=-1.0,fe=12444
formalLocal:outer=1,slot=0,pass=24,op=O7_MA_LOAD_TRANSFER,accepted=false,recoveryGain=true,qGain=-1.0,fe=12445
formalLocal:outer=1,slot=0,pass=24,op=O8_MA_WEAK_TO_STRONG,accepted=false,recoveryGain=true,qGain=-1.0,fe=12446
formalLocal:outer=1,slot=0,pass=24,op=O9_MA_SWAP,accepted=false,recoveryGain=true,qGain=-1.0,fe=12447
formalLocal:outer=1,slot=0,pass=25,op=O1_JS_INSERT,accepted=false,recoveryGain=true,qGain=0.0,fe=12448
formalLocal:outer=1,slot=0,pass=25,op=O2_JS_REVERSE,accepted=false,recoveryGain=true,qGain=-1.0,fe=12449
formalLocal:outer=1,slot=0,pass=25,op=O3_JS_SWAP,accepted=false,recoveryGain=true,qGain=-1.0,fe=12450
formalLocal:outer=1,slot=0,pass=25,op=O4_WA_LOAD_TRANSFER,accepted=false,recoveryGain=true,qGain=-1.0,fe=12451
formalLocal:outer=1,slot=0,pass=25,op=O5_WA_WEAK_TO_STRONG,accepted=false,recoveryGain=true,qGain=-1.0,fe=12452
formalLocal:outer=1,slot=0,pass=25,op=O6_WA_SWAP,accepted=false,recoveryGain=true,qGain=-1.0,fe=12453
formalLocal:outer=1,slot=0,pass=25,op=O7_MA_LOAD_TRANSFER,accepted=false,recoveryGain=true,qGain=-1.0,fe=12454
formalLocal:outer=1,slot=0,pass=25,op=O8_MA_WEAK_TO_STRONG,accepted=false,recoveryGain=true,qGain=-1.0,fe=12455
formalLocal:outer=1,slot=0,pass=25,op=O9_MA_SWAP,accepted=false,recoveryGain=true,qGain=-1.0,fe=12456
formalLocal:outer=1,slot=0,pass=26,op=O1_JS_INSERT,accepted=false,recoveryGain=true,qGain=-1.0,fe=12457
formalLocal:outer=1,slot=0,pass=26,op=O2_JS_REVERSE,accepted=false,recoveryGain=true,qGain=-1.0,fe=12458
formalLocal:outer=1,slot=0,pass=26,op=O3_JS_SWAP,accepted=false,recoveryGain=true,qGain=-0.29301414753326555,fe=12459
formalLocal:outer=1,slot=0,pass=26,op=O4_WA_LOAD_TRANSFER,accepted=false,recoveryGain=true,qGain=-1.0,fe=12460
formalLocal:outer=1,slot=0,pass=26,op=O5_WA_WEAK_TO_STRONG,accepted=false,recoveryGain=true,qGain=-1.0,fe=12461
formalLocal:outer=1,slot=0,pass=26,op=O6_WA_SWAP,accepted=false,recoveryGain=true,qGain=-1.0,fe=12462
formalLocal:outer=1,slot=0,pass=26,op=O7_MA_LOAD_TRANSFER,accepted=false,recoveryGain=true,qGain=-1.0,fe=12463
formalLocal:outer=1,slot=0,pass=26,op=O8_MA_WEAK_TO_STRONG,accepted=false,recoveryGain=true,qGain=-1.0,fe=12464
formalLocal:outer=1,slot=0,pass=26,op=O9_MA_SWAP,accepted=false,recoveryGain=true,qGain=-1.0,fe=12465
formalLocal:outer=1,slot=0,pass=27,op=O1_JS_INSERT,accepted=false,recoveryGain=true,qGain=-1.0,fe=12466
formalLocal:outer=1,slot=0,pass=27,op=O2_JS_REVERSE,accepted=false,recoveryGain=true,qGain=-1.0,fe=12467
formalLocal:outer=1,slot=0,pass=27,op=O3_JS_SWAP,accepted=true,recoveryGain=true,qGain=0.6142717577838139,fe=12468
formalLocal:outer=1,slot=0,pass=27,op=O4_WA_LOAD_TRANSFER,accepted=false,recoveryGain=true,qGain=-1.0,fe=12469
formalLocal:outer=1,slot=0,pass=27,op=O5_WA_WEAK_TO_STRONG,accepted=false,recoveryGain=true,qGain=-1.0,fe=12470
formalLocal:outer=1,slot=0,pass=27,op=O6_WA_SWAP,accepted=false,recoveryGain=true,qGain=-1.0,fe=12471
formalLocal:outer=1,slot=0,pass=27,op=O7_MA_LOAD_TRANSFER,accepted=false,recoveryGain=true,qGain=-1.0,fe=12472
formalLocal:outer=1,slot=0,pass=27,op=O8_MA_WEAK_TO_STRONG,accepted=false,recoveryGain=true,qGain=-1.0,fe=12473
formalLocal:outer=1,slot=0,pass=27,op=O9_MA_SWAP,accepted=false,recoveryGain=true,qGain=-1.0,fe=12474
formalLocal:outer=1,slot=0,pass=28,op=O1_JS_INSERT,accepted=false,recoveryGain=true,qGain=-1.0,fe=12475
formalLocal:outer=1,slot=0,pass=28,op=O2_JS_REVERSE,accepted=false,recoveryGain=true,qGain=-1.0,fe=12476
formalLocal:outer=1,slot=0,pass=28,op=O3_JS_SWAP,accepted=false,recoveryGain=true,qGain=-1.0,fe=12477
formalLocal:outer=1,slot=0,pass=28,op=O4_WA_LOAD_TRANSFER,accepted=false,recoveryGain=true,qGain=-1.0,fe=12478
formalLocal:outer=1,slot=0,pass=28,op=O5_WA_WEAK_TO_STRONG,accepted=false,recoveryGain=true,qGain=-1.0,fe=12479
formalLocal:outer=1,slot=0,pass=28,op=O6_WA_SWAP,accepted=false,recoveryGain=true,qGain=-1.0,fe=12480
formalLocal:outer=1,slot=0,pass=28,op=O7_MA_LOAD_TRANSFER,accepted=false,recoveryGain=true,qGain=-1.0,fe=12481
formalLocal:outer=1,slot=0,pass=28,op=O8_MA_WEAK_TO_STRONG,accepted=false,recoveryGain=true,qGain=-1.0,fe=12482
formalLocal:outer=1,slot=0,pass=28,op=O9_MA_SWAP,accepted=false,recoveryGain=true,qGain=-1.0,fe=12483
formalLocal:outer=1,slot=0,pass=29,op=O1_JS_INSERT,accepted=false,recoveryGain=true,qGain=-1.0,fe=12484
formalLocal:outer=1,slot=0,pass=29,op=O2_JS_REVERSE,accepted=false,recoveryGain=true,qGain=-1.0,fe=12485
formalLocal:outer=1,slot=0,pass=29,op=O3_JS_SWAP,accepted=false,recoveryGain=true,qGain=-1.0,fe=12486
formalLocal:outer=1,slot=0,pass=29,op=O4_WA_LOAD_TRANSFER,accepted=false,recoveryGain=true,qGain=-1.0,fe=12487
formalLocal:outer=1,slot=0,pass=29,op=O5_WA_WEAK_TO_STRONG,accepted=false,recoveryGain=true,qGain=-1.0,fe=12488
formalLocal:outer=1,slot=0,pass=29,op=O6_WA_SWAP,accepted=false,recoveryGain=true,qGain=-1.0,fe=12489
formalLocal:outer=1,slot=0,pass=29,op=O7_MA_LOAD_TRANSFER,accepted=false,recoveryGain=true,qGain=-1.0,fe=12490
formalLocal:outer=1,slot=0,pass=29,op=O8_MA_WEAK_TO_STRONG,accepted=false,recoveryGain=true,qGain=-1.0,fe=12491
formalLocal:outer=1,slot=0,pass=29,op=O9_MA_SWAP,accepted=false,recoveryGain=true,qGain=-1.0,fe=12492
formalLocal:outer=1,slot=1,op=CRITICAL_FACTORY_SWAP,accepted=false,fe=12493
formalLocal:outer=1,slot=1,op=CRITICAL_FACTORY_INSERT,accepted=true,fe=12494
formalLocal:outer=1,slot=1,pass=0,op=O1_JS_INSERT,accepted=true,recoveryGain=true,qGain=0.16172496364606348,fe=12495
formalLocal:outer=1,slot=1,pass=0,op=O2_JS_REVERSE,accepted=false,recoveryGain=true,qGain=-0.6904289324171703,fe=12496
formalLocal:outer=1,slot=1,pass=0,op=O3_JS_SWAP,accepted=true,recoveryGain=true,qGain=0.1752534223599319,fe=12497
formalLocal:outer=1,slot=1,pass=0,op=O4_WA_LOAD_TRANSFER,accepted=true,recoveryGain=true,qGain=0.013189467499489951,fe=12498
formalLocal:outer=1,slot=1,pass=0,op=O5_WA_WEAK_TO_STRONG,accepted=false,recoveryGain=true,qGain=-1.0,fe=12499
formalLocal:outer=1,slot=1,pass=0,op=O6_WA_SWAP,accepted=false,recoveryGain=true,qGain=-0.30420497521936757,fe=12500
formalLocal:outer=1,slot=1,pass=0,op=O7_MA_LOAD_TRANSFER,accepted=false,recoveryGain=true,qGain=-0.7737755131567298,fe=12501
formalLocal:outer=1,slot=1,pass=0,op=O8_MA_WEAK_TO_STRONG,accepted=false,recoveryGain=true,qGain=-1.0,fe=12502
formalLocal:outer=1,slot=1,pass=0,op=O9_MA_SWAP,accepted=false,recoveryGain=true,qGain=-0.669967412705138,fe=12503
formalLocal:outer=1,slot=1,pass=1,op=O1_JS_INSERT,accepted=true,recoveryGain=true,qGain=0.004792299297708531,fe=12504
formalLocal:outer=1,slot=1,pass=1,op=O2_JS_REVERSE,accepted=false,recoveryGain=true,qGain=-1.0,fe=12505
formalLocal:outer=1,slot=1,pass=1,op=O3_JS_SWAP,accepted=true,recoveryGain=true,qGain=0.22493249566924897,fe=12506
formalLocal:outer=1,slot=1,pass=1,op=O4_WA_LOAD_TRANSFER,accepted=false,recoveryGain=true,qGain=-1.0,fe=12507
formalLocal:outer=1,slot=1,pass=1,op=O5_WA_WEAK_TO_STRONG,accepted=false,recoveryGain=true,qGain=-1.0,fe=12508
formalLocal:outer=1,slot=1,pass=1,op=O6_WA_SWAP,accepted=true,recoveryGain=true,qGain=0.16777873853167097,fe=12509
formalLocal:outer=1,slot=1,pass=1,op=O7_MA_LOAD_TRANSFER,accepted=true,recoveryGain=true,qGain=0.32297773106090855,fe=12510
formalLocal:outer=1,slot=1,pass=1,op=O8_MA_WEAK_TO_STRONG,accepted=true,recoveryGain=true,qGain=0.5767993840133109,fe=12511
formalLocal:outer=1,slot=1,pass=1,op=O9_MA_SWAP,accepted=false,recoveryGain=true,qGain=-1.0,fe=12512
formalLocal:outer=1,slot=1,pass=2,op=O1_JS_INSERT,accepted=false,recoveryGain=true,qGain=0.0,fe=12513
formalLocal:outer=1,slot=1,pass=2,op=O2_JS_REVERSE,accepted=false,recoveryGain=true,qGain=-1.0,fe=12514
formalLocal:outer=1,slot=1,pass=2,op=O3_JS_SWAP,accepted=false,recoveryGain=true,qGain=-1.0,fe=12515
formalLocal:outer=1,slot=1,pass=2,op=O4_WA_LOAD_TRANSFER,accepted=false,recoveryGain=true,qGain=-1.0,fe=12516
formalLocal:outer=1,slot=1,pass=2,op=O5_WA_WEAK_TO_STRONG,accepted=false,recoveryGain=true,qGain=-1.0,fe=12517
formalLocal:outer=1,slot=1,pass=2,op=O6_WA_SWAP,accepted=false,recoveryGain=true,qGain=-1.0,fe=12518
formalLocal:outer=1,slot=1,pass=2,op=O7_MA_LOAD_TRANSFER,accepted=true,recoveryGain=true,qGain=1.0,fe=12519
formalLocal:outer=1,slot=1,pass=2,op=O8_MA_WEAK_TO_STRONG,accepted=false,recoveryGain=true,qGain=-1.0,fe=12520
formalLocal:outer=1,slot=1,pass=2,op=O9_MA_SWAP,accepted=false,recoveryGain=true,qGain=-0.9273618689647839,fe=12521
formalLocal:outer=1,slot=1,pass=3,op=O1_JS_INSERT,accepted=false,recoveryGain=true,qGain=-0.5885728760469303,fe=12522
formalLocal:outer=1,slot=1,pass=3,op=O2_JS_REVERSE,accepted=false,recoveryGain=true,qGain=-1.0,fe=12523
formalLocal:outer=1,slot=1,pass=3,op=O3_JS_SWAP,accepted=false,recoveryGain=true,qGain=-1.0,fe=12524
formalLocal:outer=1,slot=1,pass=3,op=O4_WA_LOAD_TRANSFER,accepted=false,recoveryGain=true,qGain=-1.0,fe=12525
formalLocal:outer=1,slot=1,pass=3,op=O5_WA_WEAK_TO_STRONG,accepted=false,recoveryGain=true,qGain=-1.0,fe=12526
formalLocal:outer=1,slot=1,pass=3,op=O6_WA_SWAP,accepted=false,recoveryGain=true,qGain=-1.0,fe=12527
formalLocal:outer=1,slot=1,pass=3,op=O7_MA_LOAD_TRANSFER,accepted=false,recoveryGain=true,qGain=-1.0,fe=12528
formalLocal:outer=1,slot=1,pass=3,op=O8_MA_WEAK_TO_STRONG,accepted=false,recoveryGain=true,qGain=-1.0,fe=12529
formalLocal:outer=1,slot=1,pass=3,op=O9_MA_SWAP,accepted=false,recoveryGain=true,qGain=-0.9273618689647839,fe=12530
formalLocal:outer=1,slot=1,pass=4,op=O1_JS_INSERT,accepted=false,recoveryGain=true,qGain=-1.0,fe=12531
formalLocal:outer=1,slot=1,pass=4,op=O2_JS_REVERSE,accepted=false,recoveryGain=true,qGain=-0.16803755687233268,fe=12532
formalLocal:outer=1,slot=1,pass=4,op=O3_JS_SWAP,accepted=true,recoveryGain=true,qGain=0.6971890357510604,fe=12533
formalLocal:outer=1,slot=1,pass=4,op=O4_WA_LOAD_TRANSFER,accepted=false,recoveryGain=true,qGain=-1.0,fe=12534
formalLocal:outer=1,slot=1,pass=4,op=O5_WA_WEAK_TO_STRONG,accepted=false,recoveryGain=true,qGain=-1.0,fe=12535
formalLocal:outer=1,slot=1,pass=4,op=O6_WA_SWAP,accepted=false,recoveryGain=true,qGain=-0.70109471388039,fe=12536
formalLocal:outer=1,slot=1,pass=4,op=O7_MA_LOAD_TRANSFER,notApplicable=NO_MACHINE_LOAD_IMPROVEMENT
formalLocal:outer=1,slot=1,pass=4,op=O8_MA_WEAK_TO_STRONG,accepted=false,recoveryGain=true,qGain=-1.0,fe=12537
formalLocal:outer=1,slot=1,pass=4,op=O9_MA_SWAP,accepted=true,recoveryGain=true,qGain=0.853695112099057,fe=12538
formalLocal:outer=1,slot=1,pass=5,op=O1_JS_INSERT,accepted=true,recoveryGain=true,qGain=0.18167275253286574,fe=12539
formalLocal:outer=1,slot=1,pass=5,op=O2_JS_REVERSE,accepted=false,recoveryGain=true,qGain=-1.0,fe=12540
formalLocal:outer=1,slot=1,pass=5,op=O3_JS_SWAP,accepted=false,recoveryGain=true,qGain=-1.0,fe=12541
formalLocal:outer=1,slot=1,pass=5,op=O4_WA_LOAD_TRANSFER,accepted=false,recoveryGain=true,qGain=-1.0,fe=12542
formalLocal:outer=1,slot=1,pass=5,op=O5_WA_WEAK_TO_STRONG,accepted=false,recoveryGain=true,qGain=-1.0,fe=12543
formalLocal:outer=1,slot=1,pass=5,op=O6_WA_SWAP,accepted=false,recoveryGain=true,qGain=-0.581335158154546,fe=12544
formalLocal:outer=1,slot=1,pass=5,op=O7_MA_LOAD_TRANSFER,notApplicable=NO_MACHINE_LOAD_IMPROVEMENT
formalLocal:outer=1,slot=1,pass=5,op=O8_MA_WEAK_TO_STRONG,accepted=false,recoveryGain=true,qGain=-1.0,fe=12545
formalLocal:outer=1,slot=1,pass=5,op=O9_MA_SWAP,accepted=false,recoveryGain=true,qGain=-0.5434750961087926,fe=12546
formalLocal:outer=1,slot=1,pass=6,op=O1_JS_INSERT,accepted=true,recoveryGain=true,qGain=0.012129681819334801,fe=12547
formalLocal:outer=1,slot=1,pass=6,op=O2_JS_REVERSE,accepted=false,recoveryGain=true,qGain=-1.0,fe=12548
formalLocal:outer=1,slot=1,pass=6,op=O3_JS_SWAP,accepted=false,recoveryGain=true,qGain=-1.0,fe=12549
formalLocal:outer=1,slot=1,pass=6,op=O4_WA_LOAD_TRANSFER,accepted=false,recoveryGain=true,qGain=-1.0,fe=12550
formalLocal:outer=1,slot=1,pass=6,op=O5_WA_WEAK_TO_STRONG,accepted=false,recoveryGain=true,qGain=-1.0,fe=12551
formalLocal:outer=1,slot=1,pass=6,op=O6_WA_SWAP,accepted=false,recoveryGain=true,qGain=-0.3326004956067776,fe=12552
formalLocal:outer=1,slot=1,pass=6,op=O7_MA_LOAD_TRANSFER,notApplicable=NO_MACHINE_LOAD_IMPROVEMENT
formalLocal:outer=1,slot=1,pass=6,op=O8_MA_WEAK_TO_STRONG,accepted=false,recoveryGain=true,qGain=-0.8728874421923615,fe=12553
formalLocal:outer=1,slot=1,pass=6,op=O9_MA_SWAP,accepted=false,recoveryGain=true,qGain=-0.09050044188675002,fe=12554
formalLocal:outer=1,slot=1,pass=7,op=O1_JS_INSERT,accepted=false,recoveryGain=true,qGain=-0.2232638377082327,fe=12555
formalLocal:outer=1,slot=1,pass=7,op=O2_JS_REVERSE,accepted=false,recoveryGain=true,qGain=-1.0,fe=12556
formalLocal:outer=1,slot=1,pass=7,op=O3_JS_SWAP,accepted=false,recoveryGain=true,qGain=-1.0,fe=12557
formalLocal:outer=1,slot=1,pass=7,op=O4_WA_LOAD_TRANSFER,accepted=false,recoveryGain=true,qGain=-1.0,fe=12558
formalLocal:outer=1,slot=1,pass=7,op=O5_WA_WEAK_TO_STRONG,accepted=false,recoveryGain=true,qGain=-1.0,fe=12559
formalLocal:outer=1,slot=1,pass=7,op=O6_WA_SWAP,accepted=false,recoveryGain=true,qGain=-0.3326004956067776,fe=12560
formalLocal:outer=1,slot=1,pass=7,op=O7_MA_LOAD_TRANSFER,notApplicable=NO_MACHINE_LOAD_IMPROVEMENT
formalLocal:outer=1,slot=1,pass=7,op=O8_MA_WEAK_TO_STRONG,accepted=false,recoveryGain=true,qGain=-0.8728874421923615,fe=12561
formalLocal:outer=1,slot=1,pass=7,op=O9_MA_SWAP,accepted=false,recoveryGain=true,qGain=-0.09050044188675002,fe=12562
formalLocal:outer=1,slot=1,pass=8,op=O1_JS_INSERT,accepted=false,recoveryGain=true,qGain=-1.0,fe=12563
formalLocal:outer=1,slot=1,pass=8,op=O2_JS_REVERSE,accepted=false,recoveryGain=true,qGain=-1.0,fe=12564
formalLocal:outer=1,slot=1,pass=8,op=O3_JS_SWAP,accepted=false,recoveryGain=true,qGain=-0.3166716146310148,fe=12565
formalLocal:outer=1,slot=1,pass=8,op=O4_WA_LOAD_TRANSFER,accepted=false,recoveryGain=true,qGain=-1.0,fe=12566
formalLocal:outer=1,slot=1,pass=8,op=O5_WA_WEAK_TO_STRONG,accepted=false,recoveryGain=true,qGain=-1.0,fe=12567
formalLocal:outer=1,slot=1,pass=8,op=O6_WA_SWAP,accepted=false,recoveryGain=true,qGain=-0.3326004956067776,fe=12568
formalLocal:outer=1,slot=1,pass=8,op=O7_MA_LOAD_TRANSFER,notApplicable=NO_MACHINE_LOAD_IMPROVEMENT
formalLocal:outer=1,slot=1,pass=8,op=O8_MA_WEAK_TO_STRONG,accepted=false,recoveryGain=true,qGain=-0.8728874421923615,fe=12569
formalLocal:outer=1,slot=1,pass=8,op=O9_MA_SWAP,accepted=false,recoveryGain=true,qGain=-0.09050044188675002,fe=12570
formalLocal:outer=1,slot=1,pass=9,op=O1_JS_INSERT,accepted=false,recoveryGain=true,qGain=-1.0,fe=12571
formalLocal:outer=1,slot=1,pass=9,op=O2_JS_REVERSE,accepted=false,recoveryGain=true,qGain=-1.0,fe=12572
formalLocal:outer=1,slot=1,pass=9,op=O3_JS_SWAP,accepted=false,recoveryGain=true,qGain=-0.5401857919766183,fe=12573
formalLocal:outer=1,slot=1,pass=9,op=O4_WA_LOAD_TRANSFER,accepted=false,recoveryGain=true,qGain=-1.0,fe=12574
formalLocal:outer=1,slot=1,pass=9,op=O5_WA_WEAK_TO_STRONG,accepted=false,recoveryGain=true,qGain=-1.0,fe=12575
formalLocal:outer=1,slot=1,pass=9,op=O6_WA_SWAP,accepted=false,recoveryGain=true,qGain=-0.3326004956067776,fe=12576
formalLocal:outer=1,slot=1,pass=9,op=O7_MA_LOAD_TRANSFER,notApplicable=NO_MACHINE_LOAD_IMPROVEMENT
formalLocal:outer=1,slot=1,pass=9,op=O8_MA_WEAK_TO_STRONG,accepted=false,recoveryGain=true,qGain=-0.8728874421923615,fe=12577
formalLocal:outer=1,slot=1,pass=9,op=O9_MA_SWAP,accepted=false,recoveryGain=true,qGain=-0.09050044188675002,fe=12578
formalLocal:outer=1,slot=1,pass=10,op=O1_JS_INSERT,accepted=false,recoveryGain=true,qGain=-0.6859756887140251,fe=12579
formalLocal:outer=1,slot=1,pass=10,op=O2_JS_REVERSE,accepted=false,recoveryGain=true,qGain=-1.0,fe=12580
formalLocal:outer=1,slot=1,pass=10,op=O3_JS_SWAP,accepted=false,recoveryGain=true,qGain=-1.0,fe=12581
formalLocal:outer=1,slot=1,pass=10,op=O4_WA_LOAD_TRANSFER,accepted=false,recoveryGain=true,qGain=-1.0,fe=12582
formalLocal:outer=1,slot=1,pass=10,op=O5_WA_WEAK_TO_STRONG,accepted=false,recoveryGain=true,qGain=-1.0,fe=12583
formalLocal:outer=1,slot=1,pass=10,op=O6_WA_SWAP,accepted=false,recoveryGain=true,qGain=-0.3326004956067776,fe=12584
formalLocal:outer=1,slot=1,pass=10,op=O7_MA_LOAD_TRANSFER,notApplicable=NO_MACHINE_LOAD_IMPROVEMENT
formalLocal:outer=1,slot=1,pass=10,op=O8_MA_WEAK_TO_STRONG,accepted=false,recoveryGain=true,qGain=-0.8728874421923615,fe=12585
formalLocal:outer=1,slot=1,pass=10,op=O9_MA_SWAP,accepted=false,recoveryGain=true,qGain=-0.09050044188675002,fe=12586
formalLocal:outer=1,slot=1,pass=11,op=O1_JS_INSERT,accepted=false,recoveryGain=true,qGain=-0.6852056801060724,fe=12587
formalLocal:outer=1,slot=1,pass=11,op=O2_JS_REVERSE,accepted=false,recoveryGain=true,qGain=-1.0,fe=12588
formalLocal:outer=1,slot=1,pass=11,op=O3_JS_SWAP,accepted=false,recoveryGain=true,qGain=-0.00518641130022152,fe=12589
formalLocal:outer=1,slot=1,pass=11,op=O4_WA_LOAD_TRANSFER,accepted=false,recoveryGain=true,qGain=-1.0,fe=12590
formalLocal:outer=1,slot=1,pass=11,op=O5_WA_WEAK_TO_STRONG,accepted=false,recoveryGain=true,qGain=-1.0,fe=12591
formalLocal:outer=1,slot=1,pass=11,op=O6_WA_SWAP,accepted=false,recoveryGain=true,qGain=-0.3326004956067776,fe=12592
formalLocal:outer=1,slot=1,pass=11,op=O7_MA_LOAD_TRANSFER,notApplicable=NO_MACHINE_LOAD_IMPROVEMENT
formalLocal:outer=1,slot=1,pass=11,op=O8_MA_WEAK_TO_STRONG,accepted=false,recoveryGain=true,qGain=-0.8728874421923615,fe=12593
formalLocal:outer=1,slot=1,pass=11,op=O9_MA_SWAP,accepted=false,recoveryGain=true,qGain=-0.09050044188675002,fe=12594
formalLocal:outer=1,slot=1,pass=12,op=O1_JS_INSERT,accepted=false,recoveryGain=true,qGain=-0.3857765017532413,fe=12595
formalLocal:outer=1,slot=1,pass=12,op=O2_JS_REVERSE,accepted=false,recoveryGain=true,qGain=-1.0,fe=12596
formalLocal:outer=1,slot=1,pass=12,op=O3_JS_SWAP,accepted=false,recoveryGain=true,qGain=-0.27441445734328035,fe=12597
formalLocal:outer=1,slot=1,pass=12,op=O4_WA_LOAD_TRANSFER,accepted=false,recoveryGain=true,qGain=-1.0,fe=12598
formalLocal:outer=1,slot=1,pass=12,op=O5_WA_WEAK_TO_STRONG,accepted=false,recoveryGain=true,qGain=-1.0,fe=12599
formalLocal:outer=1,slot=1,pass=12,op=O6_WA_SWAP,accepted=false,recoveryGain=true,qGain=-0.3326004956067776,fe=12600
formalLocal:outer=1,slot=1,pass=12,op=O7_MA_LOAD_TRANSFER,notApplicable=NO_MACHINE_LOAD_IMPROVEMENT
formalLocal:outer=1,slot=1,pass=12,op=O8_MA_WEAK_TO_STRONG,accepted=false,recoveryGain=true,qGain=-0.8728874421923615,fe=12601
formalLocal:outer=1,slot=1,pass=12,op=O9_MA_SWAP,accepted=false,recoveryGain=true,qGain=-0.09050044188675002,fe=12602
formalLocal:outer=1,slot=1,pass=13,op=O1_JS_INSERT,accepted=false,recoveryGain=true,qGain=-1.0,fe=12603
formalLocal:outer=1,slot=1,pass=13,op=O2_JS_REVERSE,accepted=true,recoveryGain=true,qGain=0.2384945214721108,fe=12604
formalLocal:outer=1,slot=1,pass=13,op=O3_JS_SWAP,accepted=false,recoveryGain=true,qGain=-0.6119664084899192,fe=12605
formalLocal:outer=1,slot=1,pass=13,op=O4_WA_LOAD_TRANSFER,accepted=false,recoveryGain=true,qGain=-1.0,fe=12606
formalLocal:outer=1,slot=1,pass=13,op=O5_WA_WEAK_TO_STRONG,accepted=false,recoveryGain=true,qGain=-0.16366335317297181,fe=12607
formalLocal:outer=1,slot=1,pass=13,op=O6_WA_SWAP,accepted=false,recoveryGain=true,qGain=-0.0024546682857201152,fe=12608
formalLocal:outer=1,slot=1,pass=13,op=O7_MA_LOAD_TRANSFER,accepted=true,recoveryGain=true,qGain=0.15551489106392194,fe=12609
formalLocal:outer=1,slot=1,pass=13,op=O8_MA_WEAK_TO_STRONG,accepted=false,recoveryGain=true,qGain=-0.1910654300276136,fe=12610
formalLocal:outer=1,slot=1,pass=13,op=O9_MA_SWAP,accepted=false,recoveryGain=true,qGain=-0.48661985910307637,fe=12611
formalLocal:outer=1,slot=1,pass=14,op=O1_JS_INSERT,accepted=false,recoveryGain=true,qGain=-0.5600632355313748,fe=12612
formalLocal:outer=1,slot=1,pass=14,op=O2_JS_REVERSE,accepted=false,recoveryGain=true,qGain=-1.0,fe=12613
formalLocal:outer=1,slot=1,pass=14,op=O3_JS_SWAP,accepted=false,recoveryGain=true,qGain=-1.0,fe=12614
formalLocal:outer=1,slot=1,pass=14,op=O4_WA_LOAD_TRANSFER,accepted=false,recoveryGain=true,qGain=-1.0,fe=12615
formalLocal:outer=1,slot=1,pass=14,op=O5_WA_WEAK_TO_STRONG,accepted=false,recoveryGain=true,qGain=-0.42845067415136956,fe=12616
formalLocal:outer=1,slot=1,pass=14,op=O6_WA_SWAP,accepted=false,recoveryGain=true,qGain=-0.0943151162315405,fe=12617
formalLocal:outer=1,slot=1,pass=14,op=O7_MA_LOAD_TRANSFER,accepted=false,recoveryGain=true,qGain=-0.13458493029088883,fe=12618
formalLocal:outer=1,slot=1,pass=14,op=O8_MA_WEAK_TO_STRONG,accepted=false,recoveryGain=true,qGain=-0.1910654300276136,fe=12619
formalLocal:outer=1,slot=1,pass=14,op=O9_MA_SWAP,accepted=false,recoveryGain=true,qGain=-0.48661985910307637,fe=12620
formalLocal:outer=1,slot=1,pass=15,op=O1_JS_INSERT,accepted=true,recoveryGain=true,qGain=0.006934865347285237,fe=12621
formalLocal:outer=1,slot=1,pass=15,op=O2_JS_REVERSE,accepted=false,recoveryGain=true,qGain=-0.40584131469034024,fe=12622
formalLocal:outer=1,slot=1,pass=15,op=O3_JS_SWAP,accepted=false,recoveryGain=true,qGain=-1.0,fe=12623
formalLocal:outer=1,slot=1,pass=15,op=O4_WA_LOAD_TRANSFER,accepted=false,recoveryGain=true,qGain=-1.0,fe=12624
formalLocal:outer=1,slot=1,pass=15,op=O5_WA_WEAK_TO_STRONG,accepted=false,recoveryGain=true,qGain=-0.8347701543447718,fe=12625
formalLocal:outer=1,slot=1,pass=15,op=O6_WA_SWAP,accepted=true,recoveryGain=true,qGain=0.01580362387413944,fe=12626
formalLocal:outer=1,slot=1,pass=15,op=O7_MA_LOAD_TRANSFER,notApplicable=NO_MACHINE_LOAD_IMPROVEMENT
formalLocal:outer=1,slot=1,pass=15,op=O8_MA_WEAK_TO_STRONG,accepted=false,recoveryGain=true,qGain=-0.8531531893047593,fe=12627
formalLocal:outer=1,slot=1,pass=15,op=O9_MA_SWAP,accepted=false,recoveryGain=true,qGain=-0.30386621376131584,fe=12628
formalLocal:outer=1,slot=1,pass=16,op=O1_JS_INSERT,accepted=false,recoveryGain=true,qGain=-1.0,fe=12629
formalLocal:outer=1,slot=1,pass=16,op=O2_JS_REVERSE,accepted=false,recoveryGain=true,qGain=-1.0,fe=12630
formalLocal:outer=1,slot=1,pass=16,op=O3_JS_SWAP,accepted=false,recoveryGain=true,qGain=-0.7070446719990858,fe=12631
formalLocal:outer=1,slot=1,pass=16,op=O4_WA_LOAD_TRANSFER,accepted=false,recoveryGain=true,qGain=-1.0,fe=12632
formalLocal:outer=1,slot=1,pass=16,op=O5_WA_WEAK_TO_STRONG,accepted=false,recoveryGain=true,qGain=-0.8373407597965996,fe=12633
formalLocal:outer=1,slot=1,pass=16,op=O6_WA_SWAP,accepted=false,recoveryGain=true,qGain=-0.015557754966325606,fe=12634
formalLocal:outer=1,slot=1,pass=16,op=O7_MA_LOAD_TRANSFER,notApplicable=NO_MACHINE_LOAD_IMPROVEMENT
formalLocal:outer=1,slot=1,pass=16,op=O8_MA_WEAK_TO_STRONG,accepted=false,recoveryGain=true,qGain=-0.8531531893047593,fe=12635
formalLocal:outer=1,slot=1,pass=16,op=O9_MA_SWAP,accepted=false,recoveryGain=true,qGain=-0.30386621376131584,fe=12636
formalLocal:outer=1,slot=1,pass=17,op=O1_JS_INSERT,accepted=false,recoveryGain=true,qGain=-0.7140507934249857,fe=12637
formalLocal:outer=1,slot=1,pass=17,op=O2_JS_REVERSE,accepted=false,recoveryGain=true,qGain=-0.4488289477313581,fe=12638
formalLocal:outer=1,slot=1,pass=17,op=O3_JS_SWAP,accepted=false,recoveryGain=true,qGain=-0.7070446719990858,fe=12639
formalLocal:outer=1,slot=1,pass=17,op=O4_WA_LOAD_TRANSFER,accepted=false,recoveryGain=true,qGain=-1.0,fe=12640
formalLocal:outer=1,slot=1,pass=17,op=O5_WA_WEAK_TO_STRONG,accepted=false,recoveryGain=true,qGain=-0.8373407597965996,fe=12641
formalLocal:outer=1,slot=1,pass=17,op=O6_WA_SWAP,accepted=false,recoveryGain=true,qGain=-0.015557754966325606,fe=12642
formalLocal:outer=1,slot=1,pass=17,op=O7_MA_LOAD_TRANSFER,notApplicable=NO_MACHINE_LOAD_IMPROVEMENT
formalLocal:outer=1,slot=1,pass=17,op=O8_MA_WEAK_TO_STRONG,accepted=false,recoveryGain=true,qGain=-0.8531531893047593,fe=12643
formalLocal:outer=1,slot=1,pass=17,op=O9_MA_SWAP,accepted=false,recoveryGain=true,qGain=-0.30386621376131584,fe=12644
formalLocal:outer=1,slot=1,pass=18,op=O1_JS_INSERT,accepted=false,recoveryGain=true,qGain=-0.4666927899621945,fe=12645
formalLocal:outer=1,slot=1,pass=18,op=O2_JS_REVERSE,accepted=false,recoveryGain=true,qGain=-1.0,fe=12646
formalLocal:outer=1,slot=1,pass=18,op=O3_JS_SWAP,accepted=false,recoveryGain=true,qGain=-0.5431567441588028,fe=12647
formalLocal:outer=1,slot=1,pass=18,op=O4_WA_LOAD_TRANSFER,accepted=false,recoveryGain=true,qGain=-1.0,fe=12648
formalLocal:outer=1,slot=1,pass=18,op=O5_WA_WEAK_TO_STRONG,accepted=false,recoveryGain=true,qGain=-0.8373407597965996,fe=12649
formalLocal:outer=1,slot=1,pass=18,op=O6_WA_SWAP,accepted=false,recoveryGain=true,qGain=-0.015557754966325606,fe=12650
formalLocal:outer=1,slot=1,pass=18,op=O7_MA_LOAD_TRANSFER,notApplicable=NO_MACHINE_LOAD_IMPROVEMENT
formalLocal:outer=1,slot=1,pass=18,op=O8_MA_WEAK_TO_STRONG,accepted=false,recoveryGain=true,qGain=-0.8531531893047593,fe=12651
formalLocal:outer=1,slot=1,pass=18,op=O9_MA_SWAP,accepted=false,recoveryGain=true,qGain=-0.30386621376131584,fe=12652
formalLocal:outer=1,slot=1,pass=19,op=O1_JS_INSERT,accepted=false,recoveryGain=true,qGain=-0.5647587339116543,fe=12653
formalLocal:outer=1,slot=1,pass=19,op=O2_JS_REVERSE,accepted=false,recoveryGain=true,qGain=-1.0,fe=12654
formalLocal:outer=1,slot=1,pass=19,op=O3_JS_SWAP,accepted=false,recoveryGain=true,qGain=-0.39833853463342783,fe=12655
formalLocal:outer=1,slot=1,pass=19,op=O4_WA_LOAD_TRANSFER,accepted=false,recoveryGain=true,qGain=-1.0,fe=12656
formalLocal:outer=1,slot=1,pass=19,op=O5_WA_WEAK_TO_STRONG,accepted=false,recoveryGain=true,qGain=-0.8373407597965996,fe=12657
formalLocal:outer=1,slot=1,pass=19,op=O6_WA_SWAP,accepted=false,recoveryGain=true,qGain=-0.015557754966325606,fe=12658
formalLocal:outer=1,slot=1,pass=19,op=O7_MA_LOAD_TRANSFER,notApplicable=NO_MACHINE_LOAD_IMPROVEMENT
formalLocal:outer=1,slot=1,pass=19,op=O8_MA_WEAK_TO_STRONG,accepted=false,recoveryGain=true,qGain=-0.8531531893047593,fe=12659
formalLocal:outer=1,slot=1,pass=19,op=O9_MA_SWAP,accepted=false,recoveryGain=true,qGain=-0.30386621376131584,fe=12660
formalLocal:outer=1,slot=1,pass=20,op=O1_JS_INSERT,accepted=false,recoveryGain=true,qGain=-1.0,fe=12661
formalLocal:outer=1,slot=1,pass=20,op=O2_JS_REVERSE,accepted=false,recoveryGain=true,qGain=-0.7187936008618309,fe=12662
formalLocal:outer=1,slot=1,pass=20,op=O3_JS_SWAP,accepted=false,recoveryGain=true,qGain=-0.40987766267292497,fe=12663
formalLocal:outer=1,slot=1,pass=20,op=O4_WA_LOAD_TRANSFER,accepted=false,recoveryGain=true,qGain=-1.0,fe=12664
formalLocal:outer=1,slot=1,pass=20,op=O5_WA_WEAK_TO_STRONG,accepted=false,recoveryGain=true,qGain=-0.8373407597965996,fe=12665
formalLocal:outer=1,slot=1,pass=20,op=O6_WA_SWAP,accepted=false,recoveryGain=true,qGain=-0.015557754966325606,fe=12666
formalLocal:outer=1,slot=1,pass=20,op=O7_MA_LOAD_TRANSFER,notApplicable=NO_MACHINE_LOAD_IMPROVEMENT
formalLocal:outer=1,slot=1,pass=20,op=O8_MA_WEAK_TO_STRONG,accepted=false,recoveryGain=true,qGain=-0.8531531893047593,fe=12667
formalLocal:outer=1,slot=1,pass=20,op=O9_MA_SWAP,accepted=false,recoveryGain=true,qGain=-0.30386621376131584,fe=12668
formalLocal:outer=1,slot=1,pass=21,op=O1_JS_INSERT,accepted=false,recoveryGain=true,qGain=-1.0,fe=12669
formalLocal:outer=1,slot=1,pass=21,op=O2_JS_REVERSE,accepted=false,recoveryGain=true,qGain=-1.0,fe=12670
formalLocal:outer=1,slot=1,pass=21,op=O3_JS_SWAP,accepted=false,recoveryGain=true,qGain=-0.3751243118062909,fe=12671
formalLocal:outer=1,slot=1,pass=21,op=O4_WA_LOAD_TRANSFER,accepted=false,recoveryGain=true,qGain=-1.0,fe=12672
formalLocal:outer=1,slot=1,pass=21,op=O5_WA_WEAK_TO_STRONG,accepted=false,recoveryGain=true,qGain=-0.8373407597965996,fe=12673
formalLocal:outer=1,slot=1,pass=21,op=O6_WA_SWAP,accepted=false,recoveryGain=true,qGain=-0.015557754966325606,fe=12674
formalLocal:outer=1,slot=1,pass=21,op=O7_MA_LOAD_TRANSFER,notApplicable=NO_MACHINE_LOAD_IMPROVEMENT
formalLocal:outer=1,slot=1,pass=21,op=O8_MA_WEAK_TO_STRONG,accepted=false,recoveryGain=true,qGain=-0.8531531893047593,fe=12675
formalLocal:outer=1,slot=1,pass=21,op=O9_MA_SWAP,accepted=false,recoveryGain=true,qGain=-0.30386621376131584,fe=12676
formalLocal:outer=1,slot=1,pass=22,op=O1_JS_INSERT,accepted=false,recoveryGain=true,qGain=-1.0,fe=12677
formalLocal:outer=1,slot=1,pass=22,op=O2_JS_REVERSE,accepted=false,recoveryGain=true,qGain=-1.0,fe=12678
formalLocal:outer=1,slot=1,pass=22,op=O3_JS_SWAP,accepted=false,recoveryGain=true,qGain=-0.8788630575400033,fe=12679
formalLocal:outer=1,slot=1,pass=22,op=O4_WA_LOAD_TRANSFER,accepted=false,recoveryGain=true,qGain=-1.0,fe=12680
formalLocal:outer=1,slot=1,pass=22,op=O5_WA_WEAK_TO_STRONG,accepted=false,recoveryGain=true,qGain=-0.8373407597965996,fe=12681
formalLocal:outer=1,slot=1,pass=22,op=O6_WA_SWAP,accepted=false,recoveryGain=true,qGain=-0.015557754966325606,fe=12682
formalLocal:outer=1,slot=1,pass=22,op=O7_MA_LOAD_TRANSFER,notApplicable=NO_MACHINE_LOAD_IMPROVEMENT
formalLocal:outer=1,slot=1,pass=22,op=O8_MA_WEAK_TO_STRONG,accepted=false,recoveryGain=true,qGain=-0.8531531893047593,fe=12683
formalLocal:outer=1,slot=1,pass=22,op=O9_MA_SWAP,accepted=false,recoveryGain=true,qGain=-0.30386621376131584,fe=12684
formalLocal:outer=1,slot=1,pass=23,op=O1_JS_INSERT,accepted=false,recoveryGain=true,qGain=-0.7122354268910239,fe=12685
formalLocal:outer=1,slot=1,pass=23,op=O2_JS_REVERSE,accepted=false,recoveryGain=true,qGain=-1.0,fe=12686
formalLocal:outer=1,slot=1,pass=23,op=O3_JS_SWAP,accepted=false,recoveryGain=true,qGain=-1.0,fe=12687
formalLocal:outer=1,slot=1,pass=23,op=O4_WA_LOAD_TRANSFER,accepted=false,recoveryGain=true,qGain=-1.0,fe=12688
formalLocal:outer=1,slot=1,pass=23,op=O5_WA_WEAK_TO_STRONG,accepted=false,recoveryGain=true,qGain=-0.8373407597965996,fe=12689
formalLocal:outer=1,slot=1,pass=23,op=O6_WA_SWAP,accepted=false,recoveryGain=true,qGain=-0.015557754966325606,fe=12690
formalLocal:outer=1,slot=1,pass=23,op=O7_MA_LOAD_TRANSFER,notApplicable=NO_MACHINE_LOAD_IMPROVEMENT
formalLocal:outer=1,slot=1,pass=23,op=O8_MA_WEAK_TO_STRONG,accepted=false,recoveryGain=true,qGain=-0.8531531893047593,fe=12691
formalLocal:outer=1,slot=1,pass=23,op=O9_MA_SWAP,accepted=false,recoveryGain=true,qGain=-0.30386621376131584,fe=12692
formalLocal:outer=1,slot=1,pass=24,op=O1_JS_INSERT,accepted=false,recoveryGain=true,qGain=-0.24939812968557795,fe=12693
formalLocal:outer=1,slot=1,pass=24,op=O2_JS_REVERSE,accepted=false,recoveryGain=true,qGain=-0.6842423131115896,fe=12694
formalLocal:outer=1,slot=1,pass=24,op=O3_JS_SWAP,accepted=false,recoveryGain=true,qGain=-0.6605769382865082,fe=12695
formalLocal:outer=1,slot=1,pass=24,op=O4_WA_LOAD_TRANSFER,accepted=false,recoveryGain=true,qGain=-1.0,fe=12696
formalLocal:outer=1,slot=1,pass=24,op=O5_WA_WEAK_TO_STRONG,accepted=false,recoveryGain=true,qGain=-0.8373407597965996,fe=12697
formalLocal:outer=1,slot=1,pass=24,op=O6_WA_SWAP,accepted=false,recoveryGain=true,qGain=-0.015557754966325606,fe=12698
formalLocal:outer=1,slot=1,pass=24,op=O7_MA_LOAD_TRANSFER,notApplicable=NO_MACHINE_LOAD_IMPROVEMENT
formalLocal:outer=1,slot=1,pass=24,op=O8_MA_WEAK_TO_STRONG,accepted=false,recoveryGain=true,qGain=-0.8531531893047593,fe=12699
formalLocal:outer=1,slot=1,pass=24,op=O9_MA_SWAP,accepted=false,recoveryGain=true,qGain=-0.30386621376131584,fe=12700
formalLocal:outer=1,slot=1,pass=25,op=O1_JS_INSERT,accepted=false,recoveryGain=true,qGain=-1.0,fe=12701
formalLocal:outer=1,slot=1,pass=25,op=O2_JS_REVERSE,accepted=false,recoveryGain=true,qGain=-0.7598418646429455,fe=12702
formalLocal:outer=1,slot=1,pass=25,op=O3_JS_SWAP,accepted=false,recoveryGain=true,qGain=-1.0,fe=12703
formalLocal:outer=1,slot=1,pass=25,op=O4_WA_LOAD_TRANSFER,accepted=false,recoveryGain=true,qGain=-1.0,fe=12704
formalLocal:outer=1,slot=1,pass=25,op=O5_WA_WEAK_TO_STRONG,accepted=false,recoveryGain=true,qGain=-0.8373407597965996,fe=12705
formalLocal:outer=1,slot=1,pass=25,op=O6_WA_SWAP,accepted=false,recoveryGain=true,qGain=-0.015557754966325606,fe=12706
formalLocal:outer=1,slot=1,pass=25,op=O7_MA_LOAD_TRANSFER,notApplicable=NO_MACHINE_LOAD_IMPROVEMENT
formalLocal:outer=1,slot=1,pass=25,op=O8_MA_WEAK_TO_STRONG,accepted=false,recoveryGain=true,qGain=-0.8531531893047593,fe=12707
formalLocal:outer=1,slot=1,pass=25,op=O9_MA_SWAP,accepted=false,recoveryGain=true,qGain=-0.30386621376131584,fe=12708
formalLocal:outer=1,slot=1,pass=26,op=O1_JS_INSERT,accepted=false,recoveryGain=true,qGain=-0.7488868113163296,fe=12709
formalLocal:outer=1,slot=1,pass=26,op=O2_JS_REVERSE,accepted=false,recoveryGain=true,qGain=-1.0,fe=12710
formalLocal:outer=1,slot=1,pass=26,op=O3_JS_SWAP,accepted=false,recoveryGain=true,qGain=-0.6719008641103609,fe=12711
formalLocal:outer=1,slot=1,pass=26,op=O4_WA_LOAD_TRANSFER,accepted=false,recoveryGain=true,qGain=-1.0,fe=12712
formalLocal:outer=1,slot=1,pass=26,op=O5_WA_WEAK_TO_STRONG,accepted=false,recoveryGain=true,qGain=-0.8373407597965996,fe=12713
formalLocal:outer=1,slot=1,pass=26,op=O6_WA_SWAP,accepted=false,recoveryGain=true,qGain=-0.015557754966325606,fe=12714
formalLocal:outer=1,slot=1,pass=26,op=O7_MA_LOAD_TRANSFER,notApplicable=NO_MACHINE_LOAD_IMPROVEMENT
formalLocal:outer=1,slot=1,pass=26,op=O8_MA_WEAK_TO_STRONG,accepted=false,recoveryGain=true,qGain=-0.8531531893047593,fe=12715
formalLocal:outer=1,slot=1,pass=26,op=O9_MA_SWAP,accepted=false,recoveryGain=true,qGain=-0.30386621376131584,fe=12716
formalLocal:outer=1,slot=1,pass=27,op=O1_JS_INSERT,accepted=false,recoveryGain=true,qGain=-0.3685376482039463,fe=12717
formalLocal:outer=1,slot=1,pass=27,op=O2_JS_REVERSE,accepted=false,recoveryGain=true,qGain=-1.0,fe=12718
formalLocal:outer=1,slot=1,pass=27,op=O3_JS_SWAP,accepted=false,recoveryGain=true,qGain=-0.42497273730135804,fe=12719
formalLocal:outer=1,slot=1,pass=27,op=O4_WA_LOAD_TRANSFER,accepted=false,recoveryGain=true,qGain=-1.0,fe=12720
formalLocal:outer=1,slot=1,pass=27,op=O5_WA_WEAK_TO_STRONG,accepted=false,recoveryGain=true,qGain=-0.8373407597965996,fe=12721
formalLocal:outer=1,slot=1,pass=27,op=O6_WA_SWAP,accepted=false,recoveryGain=true,qGain=-0.015557754966325606,fe=12722
formalLocal:outer=1,slot=1,pass=27,op=O7_MA_LOAD_TRANSFER,notApplicable=NO_MACHINE_LOAD_IMPROVEMENT
formalLocal:outer=1,slot=1,pass=27,op=O8_MA_WEAK_TO_STRONG,accepted=false,recoveryGain=true,qGain=-0.8531531893047593,fe=12723
formalLocal:outer=1,slot=1,pass=27,op=O9_MA_SWAP,accepted=false,recoveryGain=true,qGain=-0.30386621376131584,fe=12724
formalLocal:outer=1,slot=1,pass=28,op=O1_JS_INSERT,accepted=false,recoveryGain=true,qGain=-0.9239109123959584,fe=12725
formalLocal:outer=1,slot=1,pass=28,op=O2_JS_REVERSE,accepted=false,recoveryGain=true,qGain=-1.0,fe=12726
formalLocal:outer=1,slot=1,pass=28,op=O3_JS_SWAP,accepted=false,recoveryGain=true,qGain=-1.0,fe=12727
formalLocal:outer=1,slot=1,pass=28,op=O4_WA_LOAD_TRANSFER,accepted=false,recoveryGain=true,qGain=-1.0,fe=12728
formalLocal:outer=1,slot=1,pass=28,op=O5_WA_WEAK_TO_STRONG,accepted=false,recoveryGain=true,qGain=-0.8373407597965996,fe=12729
formalLocal:outer=1,slot=1,pass=28,op=O6_WA_SWAP,accepted=false,recoveryGain=true,qGain=-0.015557754966325606,fe=12730
formalLocal:outer=1,slot=1,pass=28,op=O7_MA_LOAD_TRANSFER,notApplicable=NO_MACHINE_LOAD_IMPROVEMENT
formalLocal:outer=1,slot=1,pass=28,op=O8_MA_WEAK_TO_STRONG,accepted=false,recoveryGain=true,qGain=-0.8531531893047593,fe=12731
formalLocal:outer=1,slot=1,pass=28,op=O9_MA_SWAP,accepted=false,recoveryGain=true,qGain=-0.30386621376131584,fe=12732
formalLocal:outer=1,slot=1,pass=29,op=O1_JS_INSERT,accepted=false,recoveryGain=true,qGain=-1.0,fe=12733
formalLocal:outer=1,slot=1,pass=29,op=O2_JS_REVERSE,accepted=false,recoveryGain=true,qGain=-0.32195369142189123,fe=12734
formalLocal:outer=1,slot=1,pass=29,op=O3_JS_SWAP,accepted=false,recoveryGain=true,qGain=-0.44337921663369056,fe=12735
formalLocal:outer=1,slot=1,pass=29,op=O4_WA_LOAD_TRANSFER,accepted=false,recoveryGain=true,qGain=-1.0,fe=12736
formalLocal:outer=1,slot=1,pass=29,op=O5_WA_WEAK_TO_STRONG,accepted=false,recoveryGain=true,qGain=-0.8373407597965996,fe=12737
formalLocal:outer=1,slot=1,pass=29,op=O6_WA_SWAP,accepted=false,recoveryGain=true,qGain=-0.015557754966325606,fe=12738
formalLocal:outer=1,slot=1,pass=29,op=O7_MA_LOAD_TRANSFER,notApplicable=NO_MACHINE_LOAD_IMPROVEMENT
formalLocal:outer=1,slot=1,pass=29,op=O8_MA_WEAK_TO_STRONG,accepted=false,recoveryGain=true,qGain=-0.8531531893047593,fe=12739
formalLocal:outer=1,slot=1,pass=29,op=O9_MA_SWAP,accepted=false,recoveryGain=true,qGain=-0.30386621376131584,fe=12740
formalLocal:outer=1,slot=2,op=CRITICAL_FACTORY_SWAP,accepted=true,fe=12741
formalLocal:outer=1,slot=2,op=CRITICAL_FACTORY_INSERT,accepted=true,fe=12742
formalLocal:outer=1,slot=2,pass=0,op=O1_JS_INSERT,accepted=false,recoveryGain=true,qGain=-0.16009865954284785,fe=12743
formalLocal:outer=1,slot=2,pass=0,op=O2_JS_REVERSE,accepted=false,recoveryGain=true,qGain=0.0,fe=12744
formalLocal:outer=1,slot=2,pass=0,op=O3_JS_SWAP,accepted=false,recoveryGain=true,qGain=-0.4950837243842788,fe=12745
formalLocal:outer=1,slot=2,pass=0,op=O4_WA_LOAD_TRANSFER,accepted=true,recoveryGain=true,qGain=0.04521121704127523,fe=12746
formalLocal:outer=1,slot=2,pass=0,op=O5_WA_WEAK_TO_STRONG,accepted=false,recoveryGain=true,qGain=-0.030846104458890248,fe=12747
formalLocal:outer=1,slot=2,pass=0,op=O6_WA_SWAP,accepted=false,recoveryGain=true,qGain=-0.2248916721447185,fe=12748
formalLocal:outer=1,slot=2,pass=0,op=O7_MA_LOAD_TRANSFER,accepted=false,recoveryGain=true,qGain=-0.41060177781547624,fe=12749
formalLocal:outer=1,slot=2,pass=0,op=O8_MA_WEAK_TO_STRONG,accepted=false,recoveryGain=true,qGain=-0.1916295839804643,fe=12750
formalLocal:outer=1,slot=2,pass=0,op=O9_MA_SWAP,accepted=true,recoveryGain=true,qGain=0.14913921186800183,fe=12751
formalLocal:outer=1,slot=2,pass=1,op=O1_JS_INSERT,accepted=false,recoveryGain=true,qGain=-0.7871467958765446,fe=12752
formalLocal:outer=1,slot=2,pass=1,op=O2_JS_REVERSE,accepted=false,recoveryGain=true,qGain=-1.0,fe=12753
formalLocal:outer=1,slot=2,pass=1,op=O3_JS_SWAP,accepted=false,recoveryGain=true,qGain=-0.3957548119228712,fe=12754
formalLocal:outer=1,slot=2,pass=1,op=O4_WA_LOAD_TRANSFER,accepted=false,recoveryGain=true,qGain=-0.4856124574428411,fe=12755
formalLocal:outer=1,slot=2,pass=1,op=O5_WA_WEAK_TO_STRONG,accepted=false,recoveryGain=true,qGain=-0.5561985907020616,fe=12756
formalLocal:outer=1,slot=2,pass=1,op=O6_WA_SWAP,accepted=false,recoveryGain=true,qGain=-0.6858222844581379,fe=12757
formalLocal:outer=1,slot=2,pass=1,op=O7_MA_LOAD_TRANSFER,accepted=false,recoveryGain=true,qGain=-0.6578526093702685,fe=12758
formalLocal:outer=1,slot=2,pass=1,op=O8_MA_WEAK_TO_STRONG,accepted=false,recoveryGain=true,qGain=-0.35306077655402307,fe=12759
formalLocal:outer=1,slot=2,pass=1,op=O9_MA_SWAP,accepted=false,recoveryGain=true,qGain=-0.1752803912793137,fe=12760
formalLocal:outer=1,slot=2,pass=2,op=O1_JS_INSERT,accepted=false,recoveryGain=true,qGain=-1.0,fe=12761
formalLocal:outer=1,slot=2,pass=2,op=O2_JS_REVERSE,accepted=false,recoveryGain=true,qGain=-1.0,fe=12762
formalLocal:outer=1,slot=2,pass=2,op=O3_JS_SWAP,accepted=false,recoveryGain=true,qGain=-0.019971298169968107,fe=12763
formalLocal:outer=1,slot=2,pass=2,op=O4_WA_LOAD_TRANSFER,accepted=false,recoveryGain=true,qGain=-0.4856124574428411,fe=12764
formalLocal:outer=1,slot=2,pass=2,op=O5_WA_WEAK_TO_STRONG,accepted=false,recoveryGain=true,qGain=-0.5561985907020616,fe=12765
formalLocal:outer=1,slot=2,pass=2,op=O6_WA_SWAP,accepted=false,recoveryGain=true,qGain=-0.6858222844581379,fe=12766
formalLocal:outer=1,slot=2,pass=2,op=O7_MA_LOAD_TRANSFER,accepted=false,recoveryGain=true,qGain=-0.6578526093702685,fe=12767
formalLocal:outer=1,slot=2,pass=2,op=O8_MA_WEAK_TO_STRONG,accepted=false,recoveryGain=true,qGain=-0.35306077655402307,fe=12768
formalLocal:outer=1,slot=2,pass=2,op=O9_MA_SWAP,accepted=false,recoveryGain=true,qGain=-0.1752803912793137,fe=12769
formalLocal:outer=1,slot=2,pass=3,op=O1_JS_INSERT,accepted=false,recoveryGain=true,qGain=-0.4215144727573719,fe=12770
formalLocal:outer=1,slot=2,pass=3,op=O2_JS_REVERSE,accepted=false,recoveryGain=true,qGain=-0.5909347288353956,fe=12771
formalLocal:outer=1,slot=2,pass=3,op=O3_JS_SWAP,accepted=false,recoveryGain=true,qGain=-1.0,fe=12772
formalLocal:outer=1,slot=2,pass=3,op=O4_WA_LOAD_TRANSFER,accepted=false,recoveryGain=true,qGain=-0.4856124574428411,fe=12773
formalLocal:outer=1,slot=2,pass=3,op=O5_WA_WEAK_TO_STRONG,accepted=false,recoveryGain=true,qGain=-0.5561985907020616,fe=12774
formalLocal:outer=1,slot=2,pass=3,op=O6_WA_SWAP,accepted=false,recoveryGain=true,qGain=-0.6858222844581379,fe=12775
formalLocal:outer=1,slot=2,pass=3,op=O7_MA_LOAD_TRANSFER,accepted=false,recoveryGain=true,qGain=-0.6578526093702685,fe=12776
formalLocal:outer=1,slot=2,pass=3,op=O8_MA_WEAK_TO_STRONG,accepted=false,recoveryGain=true,qGain=-0.35306077655402307,fe=12777
formalLocal:outer=1,slot=2,pass=3,op=O9_MA_SWAP,accepted=false,recoveryGain=true,qGain=-0.1752803912793137,fe=12778
formalLocal:outer=1,slot=2,pass=4,op=O1_JS_INSERT,accepted=false,recoveryGain=true,qGain=-0.35298533137442395,fe=12779
formalLocal:outer=1,slot=2,pass=4,op=O2_JS_REVERSE,accepted=false,recoveryGain=true,qGain=-0.9243250414883849,fe=12780
formalLocal:outer=1,slot=2,pass=4,op=O3_JS_SWAP,accepted=false,recoveryGain=true,qGain=-0.5185269947533603,fe=12781
formalLocal:outer=1,slot=2,pass=4,op=O4_WA_LOAD_TRANSFER,accepted=false,recoveryGain=true,qGain=-0.4856124574428411,fe=12782
formalLocal:outer=1,slot=2,pass=4,op=O5_WA_WEAK_TO_STRONG,accepted=false,recoveryGain=true,qGain=-0.5561985907020616,fe=12783
formalLocal:outer=1,slot=2,pass=4,op=O6_WA_SWAP,accepted=false,recoveryGain=true,qGain=-0.6858222844581379,fe=12784
formalLocal:outer=1,slot=2,pass=4,op=O7_MA_LOAD_TRANSFER,accepted=false,recoveryGain=true,qGain=-0.6578526093702685,fe=12785
formalLocal:outer=1,slot=2,pass=4,op=O8_MA_WEAK_TO_STRONG,accepted=false,recoveryGain=true,qGain=-0.35306077655402307,fe=12786
formalLocal:outer=1,slot=2,pass=4,op=O9_MA_SWAP,accepted=false,recoveryGain=true,qGain=-0.1752803912793137,fe=12787
formalLocal:outer=1,slot=2,pass=5,op=O1_JS_INSERT,accepted=false,recoveryGain=true,qGain=-0.23153699694159546,fe=12788
formalLocal:outer=1,slot=2,pass=5,op=O2_JS_REVERSE,accepted=false,recoveryGain=true,qGain=-0.903904584345262,fe=12789
formalLocal:outer=1,slot=2,pass=5,op=O3_JS_SWAP,accepted=true,recoveryGain=true,qGain=0.04304596163959577,fe=12790
formalLocal:outer=1,slot=2,pass=5,op=O4_WA_LOAD_TRANSFER,accepted=false,recoveryGain=true,qGain=-0.4755239060957716,fe=12791
formalLocal:outer=1,slot=2,pass=5,op=O5_WA_WEAK_TO_STRONG,accepted=false,recoveryGain=true,qGain=-0.1680061915043557,fe=12792
formalLocal:outer=1,slot=2,pass=5,op=O6_WA_SWAP,accepted=false,recoveryGain=true,qGain=-0.18203492594535606,fe=12793
formalLocal:outer=1,slot=2,pass=5,op=O7_MA_LOAD_TRANSFER,accepted=false,recoveryGain=true,qGain=-0.504554215126681,fe=12794
formalLocal:outer=1,slot=2,pass=5,op=O8_MA_WEAK_TO_STRONG,accepted=false,recoveryGain=true,qGain=-0.27033838200422067,fe=12795
formalLocal:outer=1,slot=2,pass=5,op=O9_MA_SWAP,accepted=false,recoveryGain=true,qGain=-0.09464145245688962,fe=12796
formalLocal:outer=1,slot=2,pass=6,op=O1_JS_INSERT,accepted=true,recoveryGain=true,qGain=0.010705239902730323,fe=12797
formalLocal:outer=1,slot=2,pass=6,op=O2_JS_REVERSE,accepted=false,recoveryGain=true,qGain=-0.3040838010128795,fe=12798
formalLocal:outer=1,slot=2,pass=6,op=O3_JS_SWAP,accepted=false,recoveryGain=true,qGain=-0.656978472924474,fe=12799
formalLocal:outer=1,slot=2,pass=6,op=O4_WA_LOAD_TRANSFER,accepted=false,recoveryGain=true,qGain=-0.5734299354737111,fe=12800
formalLocal:outer=1,slot=2,pass=6,op=O5_WA_WEAK_TO_STRONG,accepted=false,recoveryGain=true,qGain=-0.10908529431366412,fe=12801
formalLocal:outer=1,slot=2,pass=6,op=O6_WA_SWAP,accepted=false,recoveryGain=true,qGain=-0.2774897092771699,fe=12802
formalLocal:outer=1,slot=2,pass=6,op=O7_MA_LOAD_TRANSFER,accepted=false,recoveryGain=true,qGain=-0.5522539577685501,fe=12803
formalLocal:outer=1,slot=2,pass=6,op=O8_MA_WEAK_TO_STRONG,accepted=false,recoveryGain=true,qGain=-0.28408481803675795,fe=12804
formalLocal:outer=1,slot=2,pass=6,op=O9_MA_SWAP,accepted=false,recoveryGain=true,qGain=-0.043259799842635914,fe=12805
formalLocal:outer=1,slot=2,pass=7,op=O1_JS_INSERT,accepted=false,recoveryGain=true,qGain=-0.01082108218351198,fe=12806
formalLocal:outer=1,slot=2,pass=7,op=O2_JS_REVERSE,accepted=false,recoveryGain=true,qGain=-1.0,fe=12807
formalLocal:outer=1,slot=2,pass=7,op=O3_JS_SWAP,accepted=false,recoveryGain=true,qGain=-0.13688737764428238,fe=12808
formalLocal:outer=1,slot=2,pass=7,op=O4_WA_LOAD_TRANSFER,accepted=false,recoveryGain=true,qGain=-0.5734299354737111,fe=12809
formalLocal:outer=1,slot=2,pass=7,op=O5_WA_WEAK_TO_STRONG,accepted=false,recoveryGain=true,qGain=-0.10908529431366412,fe=12810
formalLocal:outer=1,slot=2,pass=7,op=O6_WA_SWAP,accepted=false,recoveryGain=true,qGain=-0.2774897092771699,fe=12811
formalLocal:outer=1,slot=2,pass=7,op=O7_MA_LOAD_TRANSFER,accepted=false,recoveryGain=true,qGain=-0.5522539577685501,fe=12812
formalLocal:outer=1,slot=2,pass=7,op=O8_MA_WEAK_TO_STRONG,accepted=false,recoveryGain=true,qGain=-0.28408481803675795,fe=12813
formalLocal:outer=1,slot=2,pass=7,op=O9_MA_SWAP,accepted=false,recoveryGain=true,qGain=-0.043259799842635914,fe=12814
formalLocal:outer=1,slot=2,pass=8,op=O1_JS_INSERT,accepted=false,recoveryGain=true,qGain=-0.057133555508852886,fe=12815
formalLocal:outer=1,slot=2,pass=8,op=O2_JS_REVERSE,accepted=false,recoveryGain=true,qGain=-1.0,fe=12816
formalLocal:outer=1,slot=2,pass=8,op=O3_JS_SWAP,accepted=true,recoveryGain=true,qGain=0.11802406184165987,fe=12817
formalLocal:outer=1,slot=2,pass=8,op=O4_WA_LOAD_TRANSFER,accepted=false,recoveryGain=true,qGain=-0.9439686403894607,fe=12818
formalLocal:outer=1,slot=2,pass=8,op=O5_WA_WEAK_TO_STRONG,accepted=false,recoveryGain=true,qGain=-0.1669763579389325,fe=12819
formalLocal:outer=1,slot=2,pass=8,op=O6_WA_SWAP,accepted=false,recoveryGain=true,qGain=-0.450143590507608,fe=12820
formalLocal:outer=1,slot=2,pass=8,op=O7_MA_LOAD_TRANSFER,accepted=false,recoveryGain=true,qGain=-0.3565638898129456,fe=12821
formalLocal:outer=1,slot=2,pass=8,op=O8_MA_WEAK_TO_STRONG,accepted=false,recoveryGain=true,qGain=-0.2570180247022571,fe=12822
formalLocal:outer=1,slot=2,pass=8,op=O9_MA_SWAP,accepted=false,recoveryGain=true,qGain=-0.30968673272125263,fe=12823
formalLocal:outer=1,slot=2,pass=9,op=O1_JS_INSERT,accepted=false,recoveryGain=true,qGain=-0.09686805862952234,fe=12824
formalLocal:outer=1,slot=2,pass=9,op=O2_JS_REVERSE,accepted=false,recoveryGain=true,qGain=-1.0,fe=12825
formalLocal:outer=1,slot=2,pass=9,op=O3_JS_SWAP,accepted=false,recoveryGain=true,qGain=0.0,fe=12826
formalLocal:outer=1,slot=2,pass=9,op=O4_WA_LOAD_TRANSFER,accepted=false,recoveryGain=true,qGain=-0.9439686403894607,fe=12827
formalLocal:outer=1,slot=2,pass=9,op=O5_WA_WEAK_TO_STRONG,accepted=false,recoveryGain=true,qGain=-0.1669763579389325,fe=12828
formalLocal:outer=1,slot=2,pass=9,op=O6_WA_SWAP,accepted=false,recoveryGain=true,qGain=-0.450143590507608,fe=12829
formalLocal:outer=1,slot=2,pass=9,op=O7_MA_LOAD_TRANSFER,accepted=false,recoveryGain=true,qGain=-0.3565638898129456,fe=12830
formalLocal:outer=1,slot=2,pass=9,op=O8_MA_WEAK_TO_STRONG,accepted=false,recoveryGain=true,qGain=-0.2570180247022571,fe=12831
formalLocal:outer=1,slot=2,pass=9,op=O9_MA_SWAP,accepted=false,recoveryGain=true,qGain=-0.30968673272125263,fe=12832
formalLocal:outer=1,slot=2,pass=10,op=O1_JS_INSERT,accepted=false,recoveryGain=true,qGain=-0.09686805862952234,fe=12833
formalLocal:outer=1,slot=2,pass=10,op=O2_JS_REVERSE,accepted=false,recoveryGain=true,qGain=-0.3776405129912252,fe=12834
formalLocal:outer=1,slot=2,pass=10,op=O3_JS_SWAP,accepted=false,recoveryGain=true,qGain=-0.3070725172269774,fe=12835
formalLocal:outer=1,slot=2,pass=10,op=O4_WA_LOAD_TRANSFER,accepted=false,recoveryGain=true,qGain=-0.9439686403894607,fe=12836
formalLocal:outer=1,slot=2,pass=10,op=O5_WA_WEAK_TO_STRONG,accepted=false,recoveryGain=true,qGain=-0.1669763579389325,fe=12837
formalLocal:outer=1,slot=2,pass=10,op=O6_WA_SWAP,accepted=false,recoveryGain=true,qGain=-0.450143590507608,fe=12838
formalLocal:outer=1,slot=2,pass=10,op=O7_MA_LOAD_TRANSFER,accepted=false,recoveryGain=true,qGain=-0.3565638898129456,fe=12839
formalLocal:outer=1,slot=2,pass=10,op=O8_MA_WEAK_TO_STRONG,accepted=false,recoveryGain=true,qGain=-0.2570180247022571,fe=12840
formalLocal:outer=1,slot=2,pass=10,op=O9_MA_SWAP,accepted=false,recoveryGain=true,qGain=-0.30968673272125263,fe=12841
formalLocal:outer=1,slot=2,pass=11,op=O1_JS_INSERT,accepted=false,recoveryGain=true,qGain=-0.3157005278928312,fe=12842
formalLocal:outer=1,slot=2,pass=11,op=O2_JS_REVERSE,accepted=false,recoveryGain=true,qGain=-0.9270567282792394,fe=12843
formalLocal:outer=1,slot=2,pass=11,op=O3_JS_SWAP,accepted=false,recoveryGain=true,qGain=-0.23540623774534788,fe=12844
formalLocal:outer=1,slot=2,pass=11,op=O4_WA_LOAD_TRANSFER,accepted=false,recoveryGain=true,qGain=-0.9439686403894607,fe=12845
formalLocal:outer=1,slot=2,pass=11,op=O5_WA_WEAK_TO_STRONG,accepted=false,recoveryGain=true,qGain=-0.1669763579389325,fe=12846
formalLocal:outer=1,slot=2,pass=11,op=O6_WA_SWAP,accepted=false,recoveryGain=true,qGain=-0.450143590507608,fe=12847
formalLocal:outer=1,slot=2,pass=11,op=O7_MA_LOAD_TRANSFER,accepted=false,recoveryGain=true,qGain=-0.3565638898129456,fe=12848
formalLocal:outer=1,slot=2,pass=11,op=O8_MA_WEAK_TO_STRONG,accepted=false,recoveryGain=true,qGain=-0.2570180247022571,fe=12849
formalLocal:outer=1,slot=2,pass=11,op=O9_MA_SWAP,accepted=false,recoveryGain=true,qGain=-0.30968673272125263,fe=12850
formalLocal:outer=1,slot=2,pass=12,op=O1_JS_INSERT,accepted=false,recoveryGain=true,qGain=-0.17597118305401255,fe=12851
formalLocal:outer=1,slot=2,pass=12,op=O2_JS_REVERSE,accepted=false,recoveryGain=true,qGain=-1.0,fe=12852
formalLocal:outer=1,slot=2,pass=12,op=O3_JS_SWAP,accepted=false,recoveryGain=true,qGain=-0.5622067749799669,fe=12853
formalLocal:outer=1,slot=2,pass=12,op=O4_WA_LOAD_TRANSFER,accepted=false,recoveryGain=true,qGain=-0.9439686403894607,fe=12854
formalLocal:outer=1,slot=2,pass=12,op=O5_WA_WEAK_TO_STRONG,accepted=false,recoveryGain=true,qGain=-0.1669763579389325,fe=12855
formalLocal:outer=1,slot=2,pass=12,op=O6_WA_SWAP,accepted=false,recoveryGain=true,qGain=-0.450143590507608,fe=12856
formalLocal:outer=1,slot=2,pass=12,op=O7_MA_LOAD_TRANSFER,accepted=false,recoveryGain=true,qGain=-0.3565638898129456,fe=12857
formalLocal:outer=1,slot=2,pass=12,op=O8_MA_WEAK_TO_STRONG,accepted=false,recoveryGain=true,qGain=-0.2570180247022571,fe=12858
formalLocal:outer=1,slot=2,pass=12,op=O9_MA_SWAP,accepted=false,recoveryGain=true,qGain=-0.30968673272125263,fe=12859
formalLocal:outer=1,slot=2,pass=13,op=O1_JS_INSERT,accepted=false,recoveryGain=true,qGain=-0.2644780445268132,fe=12860
formalLocal:outer=1,slot=2,pass=13,op=O2_JS_REVERSE,accepted=false,recoveryGain=true,qGain=-0.19461698243460973,fe=12861
formalLocal:outer=1,slot=2,pass=13,op=O3_JS_SWAP,accepted=false,recoveryGain=true,qGain=-0.9783562102797141,fe=12862
formalLocal:outer=1,slot=2,pass=13,op=O4_WA_LOAD_TRANSFER,accepted=false,recoveryGain=true,qGain=-0.9439686403894607,fe=12863
formalLocal:outer=1,slot=2,pass=13,op=O5_WA_WEAK_TO_STRONG,accepted=false,recoveryGain=true,qGain=-0.1669763579389325,fe=12864
formalLocal:outer=1,slot=2,pass=13,op=O6_WA_SWAP,accepted=false,recoveryGain=true,qGain=-0.450143590507608,fe=12865
formalLocal:outer=1,slot=2,pass=13,op=O7_MA_LOAD_TRANSFER,accepted=false,recoveryGain=true,qGain=-0.3565638898129456,fe=12866
formalLocal:outer=1,slot=2,pass=13,op=O8_MA_WEAK_TO_STRONG,accepted=false,recoveryGain=true,qGain=-0.2570180247022571,fe=12867
formalLocal:outer=1,slot=2,pass=13,op=O9_MA_SWAP,accepted=false,recoveryGain=true,qGain=-0.30968673272125263,fe=12868
formalLocal:outer=1,slot=2,pass=14,op=O1_JS_INSERT,accepted=false,recoveryGain=true,qGain=-0.20039586376240767,fe=12869
formalLocal:outer=1,slot=2,pass=14,op=O2_JS_REVERSE,accepted=false,recoveryGain=true,qGain=-0.48279580919864623,fe=12870
formalLocal:outer=1,slot=2,pass=14,op=O3_JS_SWAP,accepted=false,recoveryGain=true,qGain=-0.2360878102787037,fe=12871
formalLocal:outer=1,slot=2,pass=14,op=O4_WA_LOAD_TRANSFER,accepted=false,recoveryGain=true,qGain=-0.9439686403894607,fe=12872
formalLocal:outer=1,slot=2,pass=14,op=O5_WA_WEAK_TO_STRONG,accepted=false,recoveryGain=true,qGain=-0.1669763579389325,fe=12873
formalLocal:outer=1,slot=2,pass=14,op=O6_WA_SWAP,accepted=false,recoveryGain=true,qGain=-0.450143590507608,fe=12874
formalLocal:outer=1,slot=2,pass=14,op=O7_MA_LOAD_TRANSFER,accepted=false,recoveryGain=true,qGain=-0.3565638898129456,fe=12875
formalLocal:outer=1,slot=2,pass=14,op=O8_MA_WEAK_TO_STRONG,accepted=false,recoveryGain=true,qGain=-0.2570180247022571,fe=12876
formalLocal:outer=1,slot=2,pass=14,op=O9_MA_SWAP,accepted=false,recoveryGain=true,qGain=-0.30968673272125263,fe=12877
formalLocal:outer=1,slot=2,pass=15,op=O1_JS_INSERT,accepted=false,recoveryGain=true,qGain=-0.2442010959391162,fe=12878
formalLocal:outer=1,slot=2,pass=15,op=O2_JS_REVERSE,accepted=false,recoveryGain=true,qGain=-0.4146394395386166,fe=12879
formalLocal:outer=1,slot=2,pass=15,op=O3_JS_SWAP,accepted=false,recoveryGain=true,qGain=-0.4279734455672443,fe=12880
formalLocal:outer=1,slot=2,pass=15,op=O4_WA_LOAD_TRANSFER,accepted=false,recoveryGain=true,qGain=-0.9439686403894607,fe=12881
formalLocal:outer=1,slot=2,pass=15,op=O5_WA_WEAK_TO_STRONG,accepted=false,recoveryGain=true,qGain=-0.1669763579389325,fe=12882
formalLocal:outer=1,slot=2,pass=15,op=O6_WA_SWAP,accepted=false,recoveryGain=true,qGain=-0.450143590507608,fe=12883
formalLocal:outer=1,slot=2,pass=15,op=O7_MA_LOAD_TRANSFER,accepted=false,recoveryGain=true,qGain=-0.3565638898129456,fe=12884
formalLocal:outer=1,slot=2,pass=15,op=O8_MA_WEAK_TO_STRONG,accepted=false,recoveryGain=true,qGain=-0.2570180247022571,fe=12885
formalLocal:outer=1,slot=2,pass=15,op=O9_MA_SWAP,accepted=false,recoveryGain=true,qGain=-0.30968673272125263,fe=12886
formalLocal:outer=1,slot=2,pass=16,op=O1_JS_INSERT,accepted=false,recoveryGain=true,qGain=-0.23114199261977578,fe=12887
formalLocal:outer=1,slot=2,pass=16,op=O2_JS_REVERSE,accepted=false,recoveryGain=true,qGain=-0.31481182528536256,fe=12888
formalLocal:outer=1,slot=2,pass=16,op=O3_JS_SWAP,accepted=false,recoveryGain=true,qGain=-0.12208860672779544,fe=12889
formalLocal:outer=1,slot=2,pass=16,op=O4_WA_LOAD_TRANSFER,accepted=false,recoveryGain=true,qGain=-0.9439686403894607,fe=12890
formalLocal:outer=1,slot=2,pass=16,op=O5_WA_WEAK_TO_STRONG,accepted=false,recoveryGain=true,qGain=-0.1669763579389325,fe=12891
formalLocal:outer=1,slot=2,pass=16,op=O6_WA_SWAP,accepted=false,recoveryGain=true,qGain=-0.450143590507608,fe=12892
formalLocal:outer=1,slot=2,pass=16,op=O7_MA_LOAD_TRANSFER,accepted=false,recoveryGain=true,qGain=-0.3565638898129456,fe=12893
formalLocal:outer=1,slot=2,pass=16,op=O8_MA_WEAK_TO_STRONG,accepted=false,recoveryGain=true,qGain=-0.2570180247022571,fe=12894
formalLocal:outer=1,slot=2,pass=16,op=O9_MA_SWAP,accepted=false,recoveryGain=true,qGain=-0.30968673272125263,fe=12895
formalLocal:outer=1,slot=2,pass=17,op=O1_JS_INSERT,accepted=true,recoveryGain=true,qGain=0.03353022623898939,fe=12896
formalLocal:outer=1,slot=2,pass=17,op=O2_JS_REVERSE,accepted=false,recoveryGain=true,qGain=-0.641321419446593,fe=12897
formalLocal:outer=1,slot=2,pass=17,op=O3_JS_SWAP,accepted=false,recoveryGain=true,qGain=-0.032136473075183275,fe=12898
formalLocal:outer=1,slot=2,pass=17,op=O4_WA_LOAD_TRANSFER,accepted=false,recoveryGain=true,qGain=-0.7811468631550004,fe=12899
formalLocal:outer=1,slot=2,pass=17,op=O5_WA_WEAK_TO_STRONG,accepted=false,recoveryGain=true,qGain=-0.3706413030763458,fe=12900
formalLocal:outer=1,slot=2,pass=17,op=O6_WA_SWAP,accepted=false,recoveryGain=true,qGain=-0.5343008718704769,fe=12901
formalLocal:outer=1,slot=2,pass=17,op=O7_MA_LOAD_TRANSFER,accepted=false,recoveryGain=true,qGain=-0.5455982769073132,fe=12902
formalLocal:outer=1,slot=2,pass=17,op=O8_MA_WEAK_TO_STRONG,accepted=false,recoveryGain=true,qGain=-0.33244558296945115,fe=12903
formalLocal:outer=1,slot=2,pass=17,op=O9_MA_SWAP,accepted=true,recoveryGain=true,qGain=0.0011648441252054694,fe=12904
formalLocal:outer=1,slot=2,pass=18,op=O1_JS_INSERT,accepted=false,recoveryGain=true,qGain=-0.2313537735285882,fe=12905
formalLocal:outer=1,slot=2,pass=18,op=O2_JS_REVERSE,accepted=false,recoveryGain=true,qGain=-1.0,fe=12906
formalLocal:outer=1,slot=2,pass=18,op=O3_JS_SWAP,accepted=true,recoveryGain=true,qGain=5.31217785571233E-4,fe=12907
formalLocal:outer=1,slot=2,pass=18,op=O4_WA_LOAD_TRANSFER,accepted=false,recoveryGain=true,qGain=-0.8850860375508882,fe=12908
formalLocal:outer=1,slot=2,pass=18,op=O5_WA_WEAK_TO_STRONG,accepted=false,recoveryGain=true,qGain=-0.29640824678318894,fe=12909
formalLocal:outer=1,slot=2,pass=18,op=O6_WA_SWAP,accepted=false,recoveryGain=true,qGain=-0.20278485015501013,fe=12910
formalLocal:outer=1,slot=2,pass=18,op=O7_MA_LOAD_TRANSFER,accepted=false,recoveryGain=true,qGain=-0.5340103873412109,fe=12911
formalLocal:outer=1,slot=2,pass=18,op=O8_MA_WEAK_TO_STRONG,accepted=false,recoveryGain=true,qGain=-0.27995088965069825,fe=12912
formalLocal:outer=1,slot=2,pass=18,op=O9_MA_SWAP,accepted=false,recoveryGain=true,qGain=-0.22889267328690668,fe=12913
formalLocal:outer=1,slot=2,pass=19,op=O1_JS_INSERT,accepted=false,recoveryGain=true,qGain=-0.4288720354127373,fe=12914
formalLocal:outer=1,slot=2,pass=19,op=O2_JS_REVERSE,accepted=false,recoveryGain=true,qGain=-1.0,fe=12915
formalLocal:outer=1,slot=2,pass=19,op=O3_JS_SWAP,accepted=false,recoveryGain=true,qGain=-0.14126174904094285,fe=12916
formalLocal:outer=1,slot=2,pass=19,op=O4_WA_LOAD_TRANSFER,accepted=false,recoveryGain=true,qGain=-0.8850860375508882,fe=12917
formalLocal:outer=1,slot=2,pass=19,op=O5_WA_WEAK_TO_STRONG,accepted=false,recoveryGain=true,qGain=-0.29640824678318894,fe=12918
formalLocal:outer=1,slot=2,pass=19,op=O6_WA_SWAP,accepted=false,recoveryGain=true,qGain=-0.20278485015501013,fe=12919
formalLocal:outer=1,slot=2,pass=19,op=O7_MA_LOAD_TRANSFER,accepted=false,recoveryGain=true,qGain=-0.5340103873412109,fe=12920
formalLocal:outer=1,slot=2,pass=19,op=O8_MA_WEAK_TO_STRONG,accepted=false,recoveryGain=true,qGain=-0.27995088965069825,fe=12921
formalLocal:outer=1,slot=2,pass=19,op=O9_MA_SWAP,accepted=false,recoveryGain=true,qGain=-0.22889267328690668,fe=12922
formalLocal:outer=1,slot=2,pass=20,op=O1_JS_INSERT,accepted=false,recoveryGain=true,qGain=0.0,fe=12923
formalLocal:outer=1,slot=2,pass=20,op=O2_JS_REVERSE,accepted=true,recoveryGain=true,qGain=0.017961541823804262,fe=12924
formalLocal:outer=1,slot=2,pass=20,op=O3_JS_SWAP,accepted=false,recoveryGain=true,qGain=-0.07249618462871232,fe=12925
formalLocal:outer=1,slot=2,pass=20,op=O4_WA_LOAD_TRANSFER,accepted=false,recoveryGain=true,qGain=-0.8006651435004245,fe=12926
formalLocal:outer=1,slot=2,pass=20,op=O5_WA_WEAK_TO_STRONG,accepted=false,recoveryGain=true,qGain=-0.25530098200450035,fe=12927
formalLocal:outer=1,slot=2,pass=20,op=O6_WA_SWAP,accepted=false,recoveryGain=true,qGain=-0.11839273266710926,fe=12928
formalLocal:outer=1,slot=2,pass=20,op=O7_MA_LOAD_TRANSFER,accepted=false,recoveryGain=true,qGain=-0.6000226908156268,fe=12929
formalLocal:outer=1,slot=2,pass=20,op=O8_MA_WEAK_TO_STRONG,accepted=false,recoveryGain=true,qGain=-0.306704896592399,fe=12930
formalLocal:outer=1,slot=2,pass=20,op=O9_MA_SWAP,accepted=false,recoveryGain=true,qGain=-0.30705895466354705,fe=12931
formalLocal:outer=1,slot=2,pass=21,op=O1_JS_INSERT,accepted=false,recoveryGain=true,qGain=-0.22815727907125458,fe=12932
formalLocal:outer=1,slot=2,pass=21,op=O2_JS_REVERSE,accepted=false,recoveryGain=true,qGain=-0.201567779626381,fe=12933
formalLocal:outer=1,slot=2,pass=21,op=O3_JS_SWAP,accepted=false,recoveryGain=true,qGain=-0.28135568139360256,fe=12934
formalLocal:outer=1,slot=2,pass=21,op=O4_WA_LOAD_TRANSFER,accepted=false,recoveryGain=true,qGain=-0.8006651435004245,fe=12935
formalLocal:outer=1,slot=2,pass=21,op=O5_WA_WEAK_TO_STRONG,accepted=false,recoveryGain=true,qGain=-0.25530098200450035,fe=12936
formalLocal:outer=1,slot=2,pass=21,op=O6_WA_SWAP,accepted=false,recoveryGain=true,qGain=-0.11839273266710926,fe=12937
formalLocal:outer=1,slot=2,pass=21,op=O7_MA_LOAD_TRANSFER,accepted=false,recoveryGain=true,qGain=-0.6000226908156268,fe=12938
formalLocal:outer=1,slot=2,pass=21,op=O8_MA_WEAK_TO_STRONG,accepted=false,recoveryGain=true,qGain=-0.306704896592399,fe=12939
formalLocal:outer=1,slot=2,pass=21,op=O9_MA_SWAP,accepted=false,recoveryGain=true,qGain=-0.30705895466354705,fe=12940
formalLocal:outer=1,slot=2,pass=22,op=O1_JS_INSERT,accepted=false,recoveryGain=true,qGain=-0.28882556012380955,fe=12941
formalLocal:outer=1,slot=2,pass=22,op=O2_JS_REVERSE,accepted=false,recoveryGain=true,qGain=-0.9970629416347699,fe=12942
formalLocal:outer=1,slot=2,pass=22,op=O3_JS_SWAP,accepted=false,recoveryGain=true,qGain=-1.0,fe=12943
formalLocal:outer=1,slot=2,pass=22,op=O4_WA_LOAD_TRANSFER,accepted=false,recoveryGain=true,qGain=-0.8006651435004245,fe=12944
formalLocal:outer=1,slot=2,pass=22,op=O5_WA_WEAK_TO_STRONG,accepted=false,recoveryGain=true,qGain=-0.25530098200450035,fe=12945
formalLocal:outer=1,slot=2,pass=22,op=O6_WA_SWAP,accepted=false,recoveryGain=true,qGain=-0.11839273266710926,fe=12946
formalLocal:outer=1,slot=2,pass=22,op=O7_MA_LOAD_TRANSFER,accepted=false,recoveryGain=true,qGain=-0.6000226908156268,fe=12947
formalLocal:outer=1,slot=2,pass=22,op=O8_MA_WEAK_TO_STRONG,accepted=false,recoveryGain=true,qGain=-0.306704896592399,fe=12948
formalLocal:outer=1,slot=2,pass=22,op=O9_MA_SWAP,accepted=false,recoveryGain=true,qGain=-0.30705895466354705,fe=12949
formalLocal:outer=1,slot=2,pass=23,op=O1_JS_INSERT,accepted=false,recoveryGain=true,qGain=-0.29791595987364666,fe=12950
formalLocal:outer=1,slot=2,pass=23,op=O2_JS_REVERSE,accepted=false,recoveryGain=true,qGain=-1.0,fe=12951
formalLocal:outer=1,slot=2,pass=23,op=O3_JS_SWAP,accepted=false,recoveryGain=true,qGain=-0.11841256369003343,fe=12952
formalLocal:outer=1,slot=2,pass=23,op=O4_WA_LOAD_TRANSFER,accepted=false,recoveryGain=true,qGain=-0.8006651435004245,fe=12953
formalLocal:outer=1,slot=2,pass=23,op=O5_WA_WEAK_TO_STRONG,accepted=false,recoveryGain=true,qGain=-0.25530098200450035,fe=12954
formalLocal:outer=1,slot=2,pass=23,op=O6_WA_SWAP,accepted=false,recoveryGain=true,qGain=-0.11839273266710926,fe=12955
formalLocal:outer=1,slot=2,pass=23,op=O7_MA_LOAD_TRANSFER,accepted=false,recoveryGain=true,qGain=-0.6000226908156268,fe=12956
formalLocal:outer=1,slot=2,pass=23,op=O8_MA_WEAK_TO_STRONG,accepted=false,recoveryGain=true,qGain=-0.306704896592399,fe=12957
formalLocal:outer=1,slot=2,pass=23,op=O9_MA_SWAP,accepted=false,recoveryGain=true,qGain=-0.30705895466354705,fe=12958
formalLocal:outer=1,slot=2,pass=24,op=O1_JS_INSERT,accepted=false,recoveryGain=true,qGain=-0.1584074218409383,fe=12959
formalLocal:outer=1,slot=2,pass=24,op=O2_JS_REVERSE,accepted=false,recoveryGain=true,qGain=-1.0,fe=12960
formalLocal:outer=1,slot=2,pass=24,op=O3_JS_SWAP,accepted=false,recoveryGain=true,qGain=-0.25331468178442884,fe=12961
formalLocal:outer=1,slot=2,pass=24,op=O4_WA_LOAD_TRANSFER,accepted=false,recoveryGain=true,qGain=-0.8006651435004245,fe=12962
formalLocal:outer=1,slot=2,pass=24,op=O5_WA_WEAK_TO_STRONG,accepted=false,recoveryGain=true,qGain=-0.25530098200450035,fe=12963
formalLocal:outer=1,slot=2,pass=24,op=O6_WA_SWAP,accepted=false,recoveryGain=true,qGain=-0.11839273266710926,fe=12964
formalLocal:outer=1,slot=2,pass=24,op=O7_MA_LOAD_TRANSFER,accepted=false,recoveryGain=true,qGain=-0.6000226908156268,fe=12965
formalLocal:outer=1,slot=2,pass=24,op=O8_MA_WEAK_TO_STRONG,accepted=false,recoveryGain=true,qGain=-0.306704896592399,fe=12966
formalLocal:outer=1,slot=2,pass=24,op=O9_MA_SWAP,accepted=false,recoveryGain=true,qGain=-0.30705895466354705,fe=12967
formalLocal:outer=1,slot=2,pass=25,op=O1_JS_INSERT,accepted=false,recoveryGain=true,qGain=-0.07715819458106096,fe=12968
formalLocal:outer=1,slot=2,pass=25,op=O2_JS_REVERSE,accepted=false,recoveryGain=true,qGain=-1.0,fe=12969
formalLocal:outer=1,slot=2,pass=25,op=O3_JS_SWAP,accepted=false,recoveryGain=true,qGain=-0.3316136301583462,fe=12970
formalLocal:outer=1,slot=2,pass=25,op=O4_WA_LOAD_TRANSFER,accepted=false,recoveryGain=true,qGain=-0.8006651435004245,fe=12971
formalLocal:outer=1,slot=2,pass=25,op=O5_WA_WEAK_TO_STRONG,accepted=false,recoveryGain=true,qGain=-0.25530098200450035,fe=12972
formalLocal:outer=1,slot=2,pass=25,op=O6_WA_SWAP,accepted=false,recoveryGain=true,qGain=-0.11839273266710926,fe=12973
formalLocal:outer=1,slot=2,pass=25,op=O7_MA_LOAD_TRANSFER,accepted=false,recoveryGain=true,qGain=-0.6000226908156268,fe=12974
formalLocal:outer=1,slot=2,pass=25,op=O8_MA_WEAK_TO_STRONG,accepted=false,recoveryGain=true,qGain=-0.306704896592399,fe=12975
formalLocal:outer=1,slot=2,pass=25,op=O9_MA_SWAP,accepted=false,recoveryGain=true,qGain=-0.30705895466354705,fe=12976
formalLocal:outer=1,slot=2,pass=26,op=O1_JS_INSERT,accepted=false,recoveryGain=true,qGain=-0.6977897124766071,fe=12977
formalLocal:outer=1,slot=2,pass=26,op=O2_JS_REVERSE,accepted=false,recoveryGain=true,qGain=0.0,fe=12978
formalLocal:outer=1,slot=2,pass=26,op=O3_JS_SWAP,accepted=false,recoveryGain=true,qGain=-0.878803755023382,fe=12979
formalLocal:outer=1,slot=2,pass=26,op=O4_WA_LOAD_TRANSFER,accepted=false,recoveryGain=true,qGain=-0.8006651435004245,fe=12980
formalLocal:outer=1,slot=2,pass=26,op=O5_WA_WEAK_TO_STRONG,accepted=false,recoveryGain=true,qGain=-0.25530098200450035,fe=12981
formalLocal:outer=1,slot=2,pass=26,op=O6_WA_SWAP,accepted=false,recoveryGain=true,qGain=-0.11839273266710926,fe=12982
formalLocal:outer=1,slot=2,pass=26,op=O7_MA_LOAD_TRANSFER,accepted=false,recoveryGain=true,qGain=-0.6000226908156268,fe=12983
formalLocal:outer=1,slot=2,pass=26,op=O8_MA_WEAK_TO_STRONG,accepted=false,recoveryGain=true,qGain=-0.306704896592399,fe=12984
formalLocal:outer=1,slot=2,pass=26,op=O9_MA_SWAP,accepted=false,recoveryGain=true,qGain=-0.30705895466354705,fe=12985
formalLocal:outer=1,slot=2,pass=27,op=O1_JS_INSERT,accepted=false,recoveryGain=true,qGain=-0.14474811900716292,fe=12986
formalLocal:outer=1,slot=2,pass=27,op=O2_JS_REVERSE,accepted=false,recoveryGain=true,qGain=-0.39742314276913787,fe=12987
formalLocal:outer=1,slot=2,pass=27,op=O3_JS_SWAP,accepted=false,recoveryGain=true,qGain=-0.06945988854341381,fe=12988
formalLocal:outer=1,slot=2,pass=27,op=O4_WA_LOAD_TRANSFER,accepted=false,recoveryGain=true,qGain=-0.8006651435004245,fe=12989
formalLocal:outer=1,slot=2,pass=27,op=O5_WA_WEAK_TO_STRONG,accepted=false,recoveryGain=true,qGain=-0.25530098200450035,fe=12990
formalLocal:outer=1,slot=2,pass=27,op=O6_WA_SWAP,accepted=false,recoveryGain=true,qGain=-0.11839273266710926,fe=12991
formalLocal:outer=1,slot=2,pass=27,op=O7_MA_LOAD_TRANSFER,accepted=false,recoveryGain=true,qGain=-0.6000226908156268,fe=12992
formalLocal:outer=1,slot=2,pass=27,op=O8_MA_WEAK_TO_STRONG,accepted=false,recoveryGain=true,qGain=-0.306704896592399,fe=12993
formalLocal:outer=1,slot=2,pass=27,op=O9_MA_SWAP,accepted=false,recoveryGain=true,qGain=-0.30705895466354705,fe=12994
formalLocal:outer=1,slot=2,pass=28,op=O1_JS_INSERT,accepted=false,recoveryGain=true,qGain=-1.0,fe=12995
formalLocal:outer=1,slot=2,pass=28,op=O2_JS_REVERSE,accepted=false,recoveryGain=true,qGain=-1.0,fe=12996
formalLocal:outer=1,slot=2,pass=28,op=O3_JS_SWAP,accepted=false,recoveryGain=true,qGain=-0.3757432705033945,fe=12997
formalLocal:outer=1,slot=2,pass=28,op=O4_WA_LOAD_TRANSFER,accepted=false,recoveryGain=true,qGain=-0.8006651435004245,fe=12998
formalLocal:outer=1,slot=2,pass=28,op=O5_WA_WEAK_TO_STRONG,accepted=false,recoveryGain=true,qGain=-0.25530098200450035,fe=12999
formalLocal:outer=1,slot=2,pass=28,op=O6_WA_SWAP,accepted=false,recoveryGain=true,qGain=-0.11839273266710926,fe=13000
formalLocal:outer=1,slot=2,pass=28,op=O7_MA_LOAD_TRANSFER,accepted=false,recoveryGain=true,qGain=-0.6000226908156268,fe=13001
formalLocal:outer=1,slot=2,pass=28,op=O8_MA_WEAK_TO_STRONG,accepted=false,recoveryGain=true,qGain=-0.306704896592399,fe=13002
formalLocal:outer=1,slot=2,pass=28,op=O9_MA_SWAP,accepted=false,recoveryGain=true,qGain=-0.30705895466354705,fe=13003
formalLocal:outer=1,slot=2,pass=29,op=O1_JS_INSERT,accepted=false,recoveryGain=true,qGain=-0.720852377760039,fe=13004
formalLocal:outer=1,slot=2,pass=29,op=O2_JS_REVERSE,accepted=false,recoveryGain=true,qGain=-0.4182429551603098,fe=13005
formalLocal:outer=1,slot=2,pass=29,op=O3_JS_SWAP,accepted=false,recoveryGain=true,qGain=-1.0,fe=13006
formalLocal:outer=1,slot=2,pass=29,op=O4_WA_LOAD_TRANSFER,accepted=false,recoveryGain=true,qGain=-0.8006651435004245,fe=13007
formalLocal:outer=1,slot=2,pass=29,op=O5_WA_WEAK_TO_STRONG,accepted=false,recoveryGain=true,qGain=-0.25530098200450035,fe=13008
formalLocal:outer=1,slot=2,pass=29,op=O6_WA_SWAP,accepted=false,recoveryGain=true,qGain=-0.11839273266710926,fe=13009
formalLocal:outer=1,slot=2,pass=29,op=O7_MA_LOAD_TRANSFER,accepted=false,recoveryGain=true,qGain=-0.6000226908156268,fe=13010
formalLocal:outer=1,slot=2,pass=29,op=O8_MA_WEAK_TO_STRONG,accepted=false,recoveryGain=true,qGain=-0.306704896592399,fe=13011
formalLocal:outer=1,slot=2,pass=29,op=O9_MA_SWAP,accepted=false,recoveryGain=true,qGain=-0.30705895466354705,fe=13012
formalLocal:outer=1,slot=3,op=CRITICAL_FACTORY_SWAP,accepted=false,fe=13013
formalLocal:outer=1,slot=3,op=CRITICAL_FACTORY_INSERT,accepted=true,fe=13014
formalLocal:outer=1,slot=3,pass=0,op=O1_JS_INSERT,accepted=false,recoveryGain=true,qGain=-0.3791870750242239,fe=13015
formalLocal:outer=1,slot=3,pass=0,op=O2_JS_REVERSE,accepted=false,recoveryGain=true,qGain=-0.11627332842251967,fe=13016
formalLocal:outer=1,slot=3,pass=0,op=O3_JS_SWAP,accepted=true,recoveryGain=true,qGain=0.01135432798394847,fe=13017
formalLocal:outer=1,slot=3,pass=0,op=O4_WA_LOAD_TRANSFER,accepted=false,recoveryGain=true,qGain=-0.29865007236467334,fe=13018
formalLocal:outer=1,slot=3,pass=0,op=O5_WA_WEAK_TO_STRONG,accepted=true,recoveryGain=true,qGain=0.08940511197621041,fe=13019
formalLocal:outer=1,slot=3,pass=0,op=O6_WA_SWAP,accepted=false,recoveryGain=true,qGain=-0.1434902220861546,fe=13020
formalLocal:outer=1,slot=3,pass=0,op=O7_MA_LOAD_TRANSFER,accepted=false,recoveryGain=true,qGain=-0.1381986641364351,fe=13021
formalLocal:outer=1,slot=3,pass=0,op=O8_MA_WEAK_TO_STRONG,accepted=false,recoveryGain=true,qGain=-0.36206764140145586,fe=13022
formalLocal:outer=1,slot=3,pass=0,op=O9_MA_SWAP,accepted=true,recoveryGain=true,qGain=0.055253472112284756,fe=13023
formalLocal:outer=1,slot=3,pass=1,op=O1_JS_INSERT,accepted=false,recoveryGain=true,qGain=-0.26678741971105946,fe=13024
formalLocal:outer=1,slot=3,pass=1,op=O2_JS_REVERSE,accepted=false,recoveryGain=true,qGain=-0.2503714688450112,fe=13025
formalLocal:outer=1,slot=3,pass=1,op=O3_JS_SWAP,accepted=false,recoveryGain=true,qGain=-0.28524721059942343,fe=13026
formalLocal:outer=1,slot=3,pass=1,op=O4_WA_LOAD_TRANSFER,accepted=false,recoveryGain=true,qGain=-0.4061688297477766,fe=13027
formalLocal:outer=1,slot=3,pass=1,op=O5_WA_WEAK_TO_STRONG,accepted=false,recoveryGain=true,qGain=-0.14711450137886997,fe=13028
formalLocal:outer=1,slot=3,pass=1,op=O6_WA_SWAP,accepted=false,recoveryGain=true,qGain=-0.1955372093451196,fe=13029
formalLocal:outer=1,slot=3,pass=1,op=O7_MA_LOAD_TRANSFER,accepted=false,recoveryGain=true,qGain=-0.20476617858680501,fe=13030
formalLocal:outer=1,slot=3,pass=1,op=O8_MA_WEAK_TO_STRONG,accepted=false,recoveryGain=true,qGain=-0.3966041933614407,fe=13031
formalLocal:outer=1,slot=3,pass=1,op=O9_MA_SWAP,accepted=false,recoveryGain=true,qGain=-0.058484969757784305,fe=13032
formalLocal:outer=1,slot=3,pass=2,op=O1_JS_INSERT,accepted=false,recoveryGain=true,qGain=-0.29372598751322415,fe=13033
formalLocal:outer=1,slot=3,pass=2,op=O2_JS_REVERSE,accepted=false,recoveryGain=true,qGain=-0.3979879157791451,fe=13034
formalLocal:outer=1,slot=3,pass=2,op=O3_JS_SWAP,accepted=false,recoveryGain=true,qGain=-0.3780798605491439,fe=13035
formalLocal:outer=1,slot=3,pass=2,op=O4_WA_LOAD_TRANSFER,accepted=false,recoveryGain=true,qGain=-0.4061688297477766,fe=13036
formalLocal:outer=1,slot=3,pass=2,op=O5_WA_WEAK_TO_STRONG,accepted=false,recoveryGain=true,qGain=-0.14711450137886997,fe=13037
formalLocal:outer=1,slot=3,pass=2,op=O6_WA_SWAP,accepted=false,recoveryGain=true,qGain=-0.1955372093451196,fe=13038
formalLocal:outer=1,slot=3,pass=2,op=O7_MA_LOAD_TRANSFER,accepted=false,recoveryGain=true,qGain=-0.20476617858680501,fe=13039
formalLocal:outer=1,slot=3,pass=2,op=O8_MA_WEAK_TO_STRONG,accepted=false,recoveryGain=true,qGain=-0.3966041933614407,fe=13040
formalLocal:outer=1,slot=3,pass=2,op=O9_MA_SWAP,accepted=false,recoveryGain=true,qGain=-0.058484969757784305,fe=13041
formalLocal:outer=1,slot=3,pass=3,op=O1_JS_INSERT,accepted=false,recoveryGain=true,qGain=-0.31459350676428977,fe=13042
formalLocal:outer=1,slot=3,pass=3,op=O2_JS_REVERSE,accepted=false,recoveryGain=true,qGain=-0.4002257626808242,fe=13043
formalLocal:outer=1,slot=3,pass=3,op=O3_JS_SWAP,accepted=false,recoveryGain=true,qGain=-0.1380024020646737,fe=13044
formalLocal:outer=1,slot=3,pass=3,op=O4_WA_LOAD_TRANSFER,accepted=false,recoveryGain=true,qGain=-0.4061688297477766,fe=13045
formalLocal:outer=1,slot=3,pass=3,op=O5_WA_WEAK_TO_STRONG,accepted=false,recoveryGain=true,qGain=-0.14711450137886997,fe=13046
formalLocal:outer=1,slot=3,pass=3,op=O6_WA_SWAP,accepted=false,recoveryGain=true,qGain=-0.1955372093451196,fe=13047
formalLocal:outer=1,slot=3,pass=3,op=O7_MA_LOAD_TRANSFER,accepted=false,recoveryGain=true,qGain=-0.20476617858680501,fe=13048
formalLocal:outer=1,slot=3,pass=3,op=O8_MA_WEAK_TO_STRONG,accepted=false,recoveryGain=true,qGain=-0.3966041933614407,fe=13049
formalLocal:outer=1,slot=3,pass=3,op=O9_MA_SWAP,accepted=false,recoveryGain=true,qGain=-0.058484969757784305,fe=13050
formalLocal:outer=1,slot=3,pass=4,op=O1_JS_INSERT,accepted=false,recoveryGain=true,qGain=-0.5481690694593009,fe=13051
formalLocal:outer=1,slot=3,pass=4,op=O2_JS_REVERSE,accepted=false,recoveryGain=true,qGain=-0.4569015970341904,fe=13052
formalLocal:outer=1,slot=3,pass=4,op=O3_JS_SWAP,accepted=false,recoveryGain=true,qGain=-0.26005826031051477,fe=13053
formalLocal:outer=1,slot=3,pass=4,op=O4_WA_LOAD_TRANSFER,accepted=false,recoveryGain=true,qGain=-0.4061688297477766,fe=13054
formalLocal:outer=1,slot=3,pass=4,op=O5_WA_WEAK_TO_STRONG,accepted=false,recoveryGain=true,qGain=-0.14711450137886997,fe=13055
formalLocal:outer=1,slot=3,pass=4,op=O6_WA_SWAP,accepted=false,recoveryGain=true,qGain=-0.1955372093451196,fe=13056
formalLocal:outer=1,slot=3,pass=4,op=O7_MA_LOAD_TRANSFER,accepted=false,recoveryGain=true,qGain=-0.20476617858680501,fe=13057
formalLocal:outer=1,slot=3,pass=4,op=O8_MA_WEAK_TO_STRONG,accepted=false,recoveryGain=true,qGain=-0.3966041933614407,fe=13058
formalLocal:outer=1,slot=3,pass=4,op=O9_MA_SWAP,accepted=false,recoveryGain=true,qGain=-0.058484969757784305,fe=13059
formalLocal:outer=1,slot=3,pass=5,op=O1_JS_INSERT,accepted=false,recoveryGain=true,qGain=-0.26190761768933035,fe=13060
formalLocal:outer=1,slot=3,pass=5,op=O2_JS_REVERSE,accepted=false,recoveryGain=true,qGain=-0.7884402311933465,fe=13061
formalLocal:outer=1,slot=3,pass=5,op=O3_JS_SWAP,accepted=false,recoveryGain=true,qGain=-0.20585564686928337,fe=13062
formalLocal:outer=1,slot=3,pass=5,op=O4_WA_LOAD_TRANSFER,accepted=false,recoveryGain=true,qGain=-0.4061688297477766,fe=13063
formalLocal:outer=1,slot=3,pass=5,op=O5_WA_WEAK_TO_STRONG,accepted=false,recoveryGain=true,qGain=-0.14711450137886997,fe=13064
formalLocal:outer=1,slot=3,pass=5,op=O6_WA_SWAP,accepted=false,recoveryGain=true,qGain=-0.1955372093451196,fe=13065
formalLocal:outer=1,slot=3,pass=5,op=O7_MA_LOAD_TRANSFER,accepted=false,recoveryGain=true,qGain=-0.20476617858680501,fe=13066
formalLocal:outer=1,slot=3,pass=5,op=O8_MA_WEAK_TO_STRONG,accepted=false,recoveryGain=true,qGain=-0.3966041933614407,fe=13067
formalLocal:outer=1,slot=3,pass=5,op=O9_MA_SWAP,accepted=false,recoveryGain=true,qGain=-0.058484969757784305,fe=13068
formalLocal:outer=1,slot=3,pass=6,op=O1_JS_INSERT,accepted=false,recoveryGain=true,qGain=-0.07752089640764975,fe=13069
formalLocal:outer=1,slot=3,pass=6,op=O2_JS_REVERSE,accepted=false,recoveryGain=true,qGain=-0.5174155164888544,fe=13070
formalLocal:outer=1,slot=3,pass=6,op=O3_JS_SWAP,accepted=false,recoveryGain=true,qGain=-0.23037757008535567,fe=13071
formalLocal:outer=1,slot=3,pass=6,op=O4_WA_LOAD_TRANSFER,accepted=false,recoveryGain=true,qGain=-0.4061688297477766,fe=13072
formalLocal:outer=1,slot=3,pass=6,op=O5_WA_WEAK_TO_STRONG,accepted=false,recoveryGain=true,qGain=-0.14711450137886997,fe=13073
formalLocal:outer=1,slot=3,pass=6,op=O6_WA_SWAP,accepted=false,recoveryGain=true,qGain=-0.1955372093451196,fe=13074
formalLocal:outer=1,slot=3,pass=6,op=O7_MA_LOAD_TRANSFER,accepted=false,recoveryGain=true,qGain=-0.20476617858680501,fe=13075
formalLocal:outer=1,slot=3,pass=6,op=O8_MA_WEAK_TO_STRONG,accepted=false,recoveryGain=true,qGain=-0.3966041933614407,fe=13076
formalLocal:outer=1,slot=3,pass=6,op=O9_MA_SWAP,accepted=false,recoveryGain=true,qGain=-0.058484969757784305,fe=13077
formalLocal:outer=1,slot=3,pass=7,op=O1_JS_INSERT,accepted=false,recoveryGain=true,qGain=-0.14724822469614776,fe=13078
formalLocal:outer=1,slot=3,pass=7,op=O2_JS_REVERSE,accepted=false,recoveryGain=true,qGain=-1.0,fe=13079
formalLocal:outer=1,slot=3,pass=7,op=O3_JS_SWAP,accepted=false,recoveryGain=true,qGain=-0.38880071348795797,fe=13080
formalLocal:outer=1,slot=3,pass=7,op=O4_WA_LOAD_TRANSFER,accepted=false,recoveryGain=true,qGain=-0.4061688297477766,fe=13081
formalLocal:outer=1,slot=3,pass=7,op=O5_WA_WEAK_TO_STRONG,accepted=false,recoveryGain=true,qGain=-0.14711450137886997,fe=13082
formalLocal:outer=1,slot=3,pass=7,op=O6_WA_SWAP,accepted=false,recoveryGain=true,qGain=-0.1955372093451196,fe=13083
formalLocal:outer=1,slot=3,pass=7,op=O7_MA_LOAD_TRANSFER,accepted=false,recoveryGain=true,qGain=-0.20476617858680501,fe=13084
formalLocal:outer=1,slot=3,pass=7,op=O8_MA_WEAK_TO_STRONG,accepted=false,recoveryGain=true,qGain=-0.3966041933614407,fe=13085
formalLocal:outer=1,slot=3,pass=7,op=O9_MA_SWAP,accepted=false,recoveryGain=true,qGain=-0.058484969757784305,fe=13086
formalLocal:outer=1,slot=3,pass=8,op=O1_JS_INSERT,accepted=true,recoveryGain=true,qGain=0.04758944882187915,fe=13087
formalLocal:outer=1,slot=3,pass=8,op=O2_JS_REVERSE,accepted=false,recoveryGain=true,qGain=-0.15537941167191507,fe=13088
formalLocal:outer=1,slot=3,pass=8,op=O3_JS_SWAP,accepted=false,recoveryGain=true,qGain=-0.15148845273913703,fe=13089
formalLocal:outer=1,slot=3,pass=8,op=O4_WA_LOAD_TRANSFER,accepted=false,recoveryGain=true,qGain=-0.6127450778481474,fe=13090
formalLocal:outer=1,slot=3,pass=8,op=O5_WA_WEAK_TO_STRONG,accepted=false,recoveryGain=true,qGain=-0.6438895564689459,fe=13091
formalLocal:outer=1,slot=3,pass=8,op=O6_WA_SWAP,accepted=false,recoveryGain=true,qGain=-0.3438245220114786,fe=13092
formalLocal:outer=1,slot=3,pass=8,op=O7_MA_LOAD_TRANSFER,accepted=false,recoveryGain=true,qGain=-0.1879305538283944,fe=13093
formalLocal:outer=1,slot=3,pass=8,op=O8_MA_WEAK_TO_STRONG,accepted=false,recoveryGain=true,qGain=-0.3142361372165102,fe=13094
formalLocal:outer=1,slot=3,pass=8,op=O9_MA_SWAP,accepted=false,recoveryGain=true,qGain=-0.208622300349302,fe=13095
formalLocal:outer=1,slot=3,pass=9,op=O1_JS_INSERT,accepted=false,recoveryGain=true,qGain=-0.2727939046405035,fe=13096
formalLocal:outer=1,slot=3,pass=9,op=O2_JS_REVERSE,accepted=false,recoveryGain=true,qGain=-0.4477030297331888,fe=13097
formalLocal:outer=1,slot=3,pass=9,op=O3_JS_SWAP,accepted=false,recoveryGain=true,qGain=-0.24690399908146884,fe=13098
formalLocal:outer=1,slot=3,pass=9,op=O4_WA_LOAD_TRANSFER,accepted=false,recoveryGain=true,qGain=-0.6127450778481474,fe=13099
formalLocal:outer=1,slot=3,pass=9,op=O5_WA_WEAK_TO_STRONG,accepted=false,recoveryGain=true,qGain=-0.6438895564689459,fe=13100
formalLocal:outer=1,slot=3,pass=9,op=O6_WA_SWAP,accepted=false,recoveryGain=true,qGain=-0.3438245220114786,fe=13101
formalLocal:outer=1,slot=3,pass=9,op=O7_MA_LOAD_TRANSFER,accepted=false,recoveryGain=true,qGain=-0.1879305538283944,fe=13102
formalLocal:outer=1,slot=3,pass=9,op=O8_MA_WEAK_TO_STRONG,accepted=false,recoveryGain=true,qGain=-0.3142361372165102,fe=13103
formalLocal:outer=1,slot=3,pass=9,op=O9_MA_SWAP,accepted=false,recoveryGain=true,qGain=-0.208622300349302,fe=13104
formalLocal:outer=1,slot=3,pass=10,op=O1_JS_INSERT,accepted=false,recoveryGain=true,qGain=-0.6013895390150777,fe=13105
formalLocal:outer=1,slot=3,pass=10,op=O2_JS_REVERSE,accepted=false,recoveryGain=true,qGain=-1.0,fe=13106
formalLocal:outer=1,slot=3,pass=10,op=O3_JS_SWAP,accepted=false,recoveryGain=true,qGain=-0.30451520348919703,fe=13107
formalLocal:outer=1,slot=3,pass=10,op=O4_WA_LOAD_TRANSFER,accepted=false,recoveryGain=true,qGain=-0.6127450778481474,fe=13108
formalLocal:outer=1,slot=3,pass=10,op=O5_WA_WEAK_TO_STRONG,accepted=false,recoveryGain=true,qGain=-0.6438895564689459,fe=13109
formalLocal:outer=1,slot=3,pass=10,op=O6_WA_SWAP,accepted=false,recoveryGain=true,qGain=-0.3438245220114786,fe=13110
formalLocal:outer=1,slot=3,pass=10,op=O7_MA_LOAD_TRANSFER,accepted=false,recoveryGain=true,qGain=-0.1879305538283944,fe=13111
formalLocal:outer=1,slot=3,pass=10,op=O8_MA_WEAK_TO_STRONG,accepted=false,recoveryGain=true,qGain=-0.3142361372165102,fe=13112
formalLocal:outer=1,slot=3,pass=10,op=O9_MA_SWAP,accepted=false,recoveryGain=true,qGain=-0.208622300349302,fe=13113
formalLocal:outer=1,slot=3,pass=11,op=O1_JS_INSERT,accepted=false,recoveryGain=true,qGain=-0.6269462324927345,fe=13114
formalLocal:outer=1,slot=3,pass=11,op=O2_JS_REVERSE,accepted=false,recoveryGain=true,qGain=-0.4317938805543043,fe=13115
formalLocal:outer=1,slot=3,pass=11,op=O3_JS_SWAP,accepted=false,recoveryGain=true,qGain=-0.4385769042988168,fe=13116
formalLocal:outer=1,slot=3,pass=11,op=O4_WA_LOAD_TRANSFER,accepted=false,recoveryGain=true,qGain=-0.6127450778481474,fe=13117
formalLocal:outer=1,slot=3,pass=11,op=O5_WA_WEAK_TO_STRONG,accepted=false,recoveryGain=true,qGain=-0.6438895564689459,fe=13118
formalLocal:outer=1,slot=3,pass=11,op=O6_WA_SWAP,accepted=false,recoveryGain=true,qGain=-0.3438245220114786,fe=13119
formalLocal:outer=1,slot=3,pass=11,op=O7_MA_LOAD_TRANSFER,accepted=false,recoveryGain=true,qGain=-0.1879305538283944,fe=13120
formalLocal:outer=1,slot=3,pass=11,op=O8_MA_WEAK_TO_STRONG,accepted=false,recoveryGain=true,qGain=-0.3142361372165102,fe=13121
formalLocal:outer=1,slot=3,pass=11,op=O9_MA_SWAP,accepted=false,recoveryGain=true,qGain=-0.208622300349302,fe=13122
formalLocal:outer=1,slot=3,pass=12,op=O1_JS_INSERT,accepted=false,recoveryGain=true,qGain=-0.23828466070294016,fe=13123
formalLocal:outer=1,slot=3,pass=12,op=O2_JS_REVERSE,accepted=false,recoveryGain=true,qGain=-1.0,fe=13124
formalLocal:outer=1,slot=3,pass=12,op=O3_JS_SWAP,accepted=false,recoveryGain=true,qGain=-1.0,fe=13125
formalLocal:outer=1,slot=3,pass=12,op=O4_WA_LOAD_TRANSFER,accepted=false,recoveryGain=true,qGain=-0.6127450778481474,fe=13126
formalLocal:outer=1,slot=3,pass=12,op=O5_WA_WEAK_TO_STRONG,accepted=false,recoveryGain=true,qGain=-0.6438895564689459,fe=13127
formalLocal:outer=1,slot=3,pass=12,op=O6_WA_SWAP,accepted=false,recoveryGain=true,qGain=-0.3438245220114786,fe=13128
formalLocal:outer=1,slot=3,pass=12,op=O7_MA_LOAD_TRANSFER,accepted=false,recoveryGain=true,qGain=-0.1879305538283944,fe=13129
formalLocal:outer=1,slot=3,pass=12,op=O8_MA_WEAK_TO_STRONG,accepted=false,recoveryGain=true,qGain=-0.3142361372165102,fe=13130
formalLocal:outer=1,slot=3,pass=12,op=O9_MA_SWAP,accepted=false,recoveryGain=true,qGain=-0.208622300349302,fe=13131
formalLocal:outer=1,slot=3,pass=13,op=O1_JS_INSERT,accepted=false,recoveryGain=true,qGain=-0.3047952239891517,fe=13132
formalLocal:outer=1,slot=3,pass=13,op=O2_JS_REVERSE,accepted=false,recoveryGain=true,qGain=-0.7959030396424431,fe=13133
formalLocal:outer=1,slot=3,pass=13,op=O3_JS_SWAP,accepted=false,recoveryGain=true,qGain=-0.37845719118048043,fe=13134
formalLocal:outer=1,slot=3,pass=13,op=O4_WA_LOAD_TRANSFER,accepted=false,recoveryGain=true,qGain=-0.6127450778481474,fe=13135
formalLocal:outer=1,slot=3,pass=13,op=O5_WA_WEAK_TO_STRONG,accepted=false,recoveryGain=true,qGain=-0.6438895564689459,fe=13136
formalLocal:outer=1,slot=3,pass=13,op=O6_WA_SWAP,accepted=false,recoveryGain=true,qGain=-0.3438245220114786,fe=13137
formalLocal:outer=1,slot=3,pass=13,op=O7_MA_LOAD_TRANSFER,accepted=false,recoveryGain=true,qGain=-0.1879305538283944,fe=13138
formalLocal:outer=1,slot=3,pass=13,op=O8_MA_WEAK_TO_STRONG,accepted=false,recoveryGain=true,qGain=-0.3142361372165102,fe=13139
formalLocal:outer=1,slot=3,pass=13,op=O9_MA_SWAP,accepted=false,recoveryGain=true,qGain=-0.208622300349302,fe=13140
formalLocal:outer=1,slot=3,pass=14,op=O1_JS_INSERT,accepted=false,recoveryGain=true,qGain=-0.3642911817097869,fe=13141
formalLocal:outer=1,slot=3,pass=14,op=O2_JS_REVERSE,accepted=false,recoveryGain=true,qGain=-0.9509350684234652,fe=13142
formalLocal:outer=1,slot=3,pass=14,op=O3_JS_SWAP,accepted=false,recoveryGain=true,qGain=-0.28842892293263844,fe=13143
formalLocal:outer=1,slot=3,pass=14,op=O4_WA_LOAD_TRANSFER,accepted=false,recoveryGain=true,qGain=-0.6127450778481474,fe=13144
formalLocal:outer=1,slot=3,pass=14,op=O5_WA_WEAK_TO_STRONG,accepted=false,recoveryGain=true,qGain=-0.6438895564689459,fe=13145
formalLocal:outer=1,slot=3,pass=14,op=O6_WA_SWAP,accepted=false,recoveryGain=true,qGain=-0.3438245220114786,fe=13146
formalLocal:outer=1,slot=3,pass=14,op=O7_MA_LOAD_TRANSFER,accepted=false,recoveryGain=true,qGain=-0.1879305538283944,fe=13147
formalLocal:outer=1,slot=3,pass=14,op=O8_MA_WEAK_TO_STRONG,accepted=false,recoveryGain=true,qGain=-0.3142361372165102,fe=13148
formalLocal:outer=1,slot=3,pass=14,op=O9_MA_SWAP,accepted=false,recoveryGain=true,qGain=-0.208622300349302,fe=13149
formalLocal:outer=1,slot=3,pass=15,op=O1_JS_INSERT,accepted=false,recoveryGain=true,qGain=-0.3021073958592391,fe=13150
formalLocal:outer=1,slot=3,pass=15,op=O2_JS_REVERSE,accepted=false,recoveryGain=true,qGain=-1.0,fe=13151
formalLocal:outer=1,slot=3,pass=15,op=O3_JS_SWAP,accepted=false,recoveryGain=true,qGain=-1.0,fe=13152
formalLocal:outer=1,slot=3,pass=15,op=O4_WA_LOAD_TRANSFER,accepted=false,recoveryGain=true,qGain=-0.6127450778481474,fe=13153
formalLocal:outer=1,slot=3,pass=15,op=O5_WA_WEAK_TO_STRONG,accepted=false,recoveryGain=true,qGain=-0.6438895564689459,fe=13154
formalLocal:outer=1,slot=3,pass=15,op=O6_WA_SWAP,accepted=false,recoveryGain=true,qGain=-0.3438245220114786,fe=13155
formalLocal:outer=1,slot=3,pass=15,op=O7_MA_LOAD_TRANSFER,accepted=false,recoveryGain=true,qGain=-0.1879305538283944,fe=13156
formalLocal:outer=1,slot=3,pass=15,op=O8_MA_WEAK_TO_STRONG,accepted=false,recoveryGain=true,qGain=-0.3142361372165102,fe=13157
formalLocal:outer=1,slot=3,pass=15,op=O9_MA_SWAP,accepted=false,recoveryGain=true,qGain=-0.208622300349302,fe=13158
formalLocal:outer=1,slot=3,pass=16,op=O1_JS_INSERT,accepted=false,recoveryGain=true,qGain=-0.435497543386964,fe=13159
formalLocal:outer=1,slot=3,pass=16,op=O2_JS_REVERSE,accepted=false,recoveryGain=true,qGain=-1.0,fe=13160
formalLocal:outer=1,slot=3,pass=16,op=O3_JS_SWAP,accepted=false,recoveryGain=true,qGain=-0.13132902851323802,fe=13161
formalLocal:outer=1,slot=3,pass=16,op=O4_WA_LOAD_TRANSFER,accepted=false,recoveryGain=true,qGain=-0.6127450778481474,fe=13162
formalLocal:outer=1,slot=3,pass=16,op=O5_WA_WEAK_TO_STRONG,accepted=false,recoveryGain=true,qGain=-0.6438895564689459,fe=13163
formalLocal:outer=1,slot=3,pass=16,op=O6_WA_SWAP,accepted=false,recoveryGain=true,qGain=-0.3438245220114786,fe=13164
formalLocal:outer=1,slot=3,pass=16,op=O7_MA_LOAD_TRANSFER,accepted=false,recoveryGain=true,qGain=-0.1879305538283944,fe=13165
formalLocal:outer=1,slot=3,pass=16,op=O8_MA_WEAK_TO_STRONG,accepted=false,recoveryGain=true,qGain=-0.3142361372165102,fe=13166
formalLocal:outer=1,slot=3,pass=16,op=O9_MA_SWAP,accepted=false,recoveryGain=true,qGain=-0.208622300349302,fe=13167
formalLocal:outer=1,slot=3,pass=17,op=O1_JS_INSERT,accepted=true,recoveryGain=true,qGain=0.4001921458859746,fe=13168
formalLocal:outer=1,slot=3,pass=17,op=O2_JS_REVERSE,accepted=false,recoveryGain=true,qGain=-0.43887317606681553,fe=13169
formalLocal:outer=1,slot=3,pass=17,op=O3_JS_SWAP,accepted=false,recoveryGain=true,qGain=-1.0,fe=13170
formalLocal:outer=1,slot=3,pass=17,op=O4_WA_LOAD_TRANSFER,accepted=false,recoveryGain=true,qGain=-1.0,fe=13171
formalLocal:outer=1,slot=3,pass=17,op=O5_WA_WEAK_TO_STRONG,accepted=false,recoveryGain=true,qGain=-1.0,fe=13172
formalLocal:outer=1,slot=3,pass=17,op=O6_WA_SWAP,accepted=false,recoveryGain=true,qGain=-0.6361342793567094,fe=13173
formalLocal:outer=1,slot=3,pass=17,op=O7_MA_LOAD_TRANSFER,accepted=false,recoveryGain=true,qGain=-1.0,fe=13174
formalLocal:outer=1,slot=3,pass=17,op=O8_MA_WEAK_TO_STRONG,accepted=false,recoveryGain=true,qGain=-1.0,fe=13175
formalLocal:outer=1,slot=3,pass=17,op=O9_MA_SWAP,accepted=false,recoveryGain=true,qGain=-0.5444293247739829,fe=13176
formalLocal:outer=1,slot=3,pass=18,op=O1_JS_INSERT,accepted=false,recoveryGain=true,qGain=-1.0,fe=13177
formalLocal:outer=1,slot=3,pass=18,op=O2_JS_REVERSE,accepted=false,recoveryGain=true,qGain=-1.0,fe=13178
formalLocal:outer=1,slot=3,pass=18,op=O3_JS_SWAP,accepted=false,recoveryGain=true,qGain=-1.0,fe=13179
formalLocal:outer=1,slot=3,pass=18,op=O4_WA_LOAD_TRANSFER,accepted=false,recoveryGain=true,qGain=-1.0,fe=13180
formalLocal:outer=1,slot=3,pass=18,op=O5_WA_WEAK_TO_STRONG,accepted=false,recoveryGain=true,qGain=-1.0,fe=13181
formalLocal:outer=1,slot=3,pass=18,op=O6_WA_SWAP,accepted=false,recoveryGain=true,qGain=-0.6361342793567094,fe=13182
formalLocal:outer=1,slot=3,pass=18,op=O7_MA_LOAD_TRANSFER,accepted=false,recoveryGain=true,qGain=-1.0,fe=13183
formalLocal:outer=1,slot=3,pass=18,op=O8_MA_WEAK_TO_STRONG,accepted=false,recoveryGain=true,qGain=-1.0,fe=13184
formalLocal:outer=1,slot=3,pass=18,op=O9_MA_SWAP,accepted=false,recoveryGain=true,qGain=-0.5444293247739829,fe=13185
formalLocal:outer=1,slot=3,pass=19,op=O1_JS_INSERT,accepted=false,recoveryGain=true,qGain=-1.0,fe=13186
formalLocal:outer=1,slot=3,pass=19,op=O2_JS_REVERSE,accepted=false,recoveryGain=true,qGain=-1.0,fe=13187
formalLocal:outer=1,slot=3,pass=19,op=O3_JS_SWAP,accepted=false,recoveryGain=true,qGain=-1.0,fe=13188
formalLocal:outer=1,slot=3,pass=19,op=O4_WA_LOAD_TRANSFER,accepted=false,recoveryGain=true,qGain=-1.0,fe=13189
formalLocal:outer=1,slot=3,pass=19,op=O5_WA_WEAK_TO_STRONG,accepted=false,recoveryGain=true,qGain=-1.0,fe=13190
formalLocal:outer=1,slot=3,pass=19,op=O6_WA_SWAP,accepted=false,recoveryGain=true,qGain=-0.6361342793567094,fe=13191
formalLocal:outer=1,slot=3,pass=19,op=O7_MA_LOAD_TRANSFER,accepted=false,recoveryGain=true,qGain=-1.0,fe=13192
formalLocal:outer=1,slot=3,pass=19,op=O8_MA_WEAK_TO_STRONG,accepted=false,recoveryGain=true,qGain=-1.0,fe=13193
formalLocal:outer=1,slot=3,pass=19,op=O9_MA_SWAP,accepted=false,recoveryGain=true,qGain=-0.5444293247739829,fe=13194
formalLocal:outer=1,slot=3,pass=20,op=O1_JS_INSERT,accepted=false,recoveryGain=true,qGain=-1.0,fe=13195
formalLocal:outer=1,slot=3,pass=20,op=O2_JS_REVERSE,accepted=false,recoveryGain=true,qGain=-1.0,fe=13196
formalLocal:outer=1,slot=3,pass=20,op=O3_JS_SWAP,accepted=false,recoveryGain=true,qGain=-1.0,fe=13197
formalLocal:outer=1,slot=3,pass=20,op=O4_WA_LOAD_TRANSFER,accepted=false,recoveryGain=true,qGain=-1.0,fe=13198
formalLocal:outer=1,slot=3,pass=20,op=O5_WA_WEAK_TO_STRONG,accepted=false,recoveryGain=true,qGain=-1.0,fe=13199
formalLocal:outer=1,slot=3,pass=20,op=O6_WA_SWAP,accepted=false,recoveryGain=true,qGain=-0.6361342793567094,fe=13200
formalLocal:outer=1,slot=3,pass=20,op=O7_MA_LOAD_TRANSFER,accepted=false,recoveryGain=true,qGain=-1.0,fe=13201
formalLocal:outer=1,slot=3,pass=20,op=O8_MA_WEAK_TO_STRONG,accepted=false,recoveryGain=true,qGain=-1.0,fe=13202
formalLocal:outer=1,slot=3,pass=20,op=O9_MA_SWAP,accepted=false,recoveryGain=true,qGain=-0.5444293247739829,fe=13203
formalLocal:outer=1,slot=3,pass=21,op=O1_JS_INSERT,accepted=false,recoveryGain=true,qGain=-1.0,fe=13204
formalLocal:outer=1,slot=3,pass=21,op=O2_JS_REVERSE,accepted=false,recoveryGain=true,qGain=-1.0,fe=13205
formalLocal:outer=1,slot=3,pass=21,op=O3_JS_SWAP,accepted=false,recoveryGain=true,qGain=-1.0,fe=13206
formalLocal:outer=1,slot=3,pass=21,op=O4_WA_LOAD_TRANSFER,accepted=false,recoveryGain=true,qGain=-1.0,fe=13207
formalLocal:outer=1,slot=3,pass=21,op=O5_WA_WEAK_TO_STRONG,accepted=false,recoveryGain=true,qGain=-1.0,fe=13208
formalLocal:outer=1,slot=3,pass=21,op=O6_WA_SWAP,accepted=false,recoveryGain=true,qGain=-0.6361342793567094,fe=13209
formalLocal:outer=1,slot=3,pass=21,op=O7_MA_LOAD_TRANSFER,accepted=false,recoveryGain=true,qGain=-1.0,fe=13210
formalLocal:outer=1,slot=3,pass=21,op=O8_MA_WEAK_TO_STRONG,accepted=false,recoveryGain=true,qGain=-1.0,fe=13211
formalLocal:outer=1,slot=3,pass=21,op=O9_MA_SWAP,accepted=false,recoveryGain=true,qGain=-0.5444293247739829,fe=13212
formalLocal:outer=1,slot=3,pass=22,op=O1_JS_INSERT,accepted=false,recoveryGain=true,qGain=-1.0,fe=13213
formalLocal:outer=1,slot=3,pass=22,op=O2_JS_REVERSE,accepted=false,recoveryGain=true,qGain=-1.0,fe=13214
formalLocal:outer=1,slot=3,pass=22,op=O3_JS_SWAP,accepted=false,recoveryGain=true,qGain=-1.0,fe=13215
formalLocal:outer=1,slot=3,pass=22,op=O4_WA_LOAD_TRANSFER,accepted=false,recoveryGain=true,qGain=-1.0,fe=13216
formalLocal:outer=1,slot=3,pass=22,op=O5_WA_WEAK_TO_STRONG,accepted=false,recoveryGain=true,qGain=-1.0,fe=13217
formalLocal:outer=1,slot=3,pass=22,op=O6_WA_SWAP,accepted=false,recoveryGain=true,qGain=-0.6361342793567094,fe=13218
formalLocal:outer=1,slot=3,pass=22,op=O7_MA_LOAD_TRANSFER,accepted=false,recoveryGain=true,qGain=-1.0,fe=13219
formalLocal:outer=1,slot=3,pass=22,op=O8_MA_WEAK_TO_STRONG,accepted=false,recoveryGain=true,qGain=-1.0,fe=13220
formalLocal:outer=1,slot=3,pass=22,op=O9_MA_SWAP,accepted=false,recoveryGain=true,qGain=-0.5444293247739829,fe=13221
formalLocal:outer=1,slot=3,pass=23,op=O1_JS_INSERT,accepted=false,recoveryGain=true,qGain=0.0,fe=13222
formalLocal:outer=1,slot=3,pass=23,op=O2_JS_REVERSE,accepted=false,recoveryGain=true,qGain=0.0,fe=13223
formalLocal:outer=1,slot=3,pass=23,op=O3_JS_SWAP,accepted=false,recoveryGain=true,qGain=-1.0,fe=13224
formalLocal:outer=1,slot=3,pass=23,op=O4_WA_LOAD_TRANSFER,accepted=false,recoveryGain=true,qGain=-1.0,fe=13225
formalLocal:outer=1,slot=3,pass=23,op=O5_WA_WEAK_TO_STRONG,accepted=false,recoveryGain=true,qGain=-1.0,fe=13226
formalLocal:outer=1,slot=3,pass=23,op=O6_WA_SWAP,accepted=false,recoveryGain=true,qGain=-0.6361342793567094,fe=13227
formalLocal:outer=1,slot=3,pass=23,op=O7_MA_LOAD_TRANSFER,accepted=false,recoveryGain=true,qGain=-1.0,fe=13228
formalLocal:outer=1,slot=3,pass=23,op=O8_MA_WEAK_TO_STRONG,accepted=false,recoveryGain=true,qGain=-1.0,fe=13229
formalLocal:outer=1,slot=3,pass=23,op=O9_MA_SWAP,accepted=false,recoveryGain=true,qGain=-0.5444293247739829,fe=13230
formalLocal:outer=1,slot=3,pass=24,op=O1_JS_INSERT,accepted=false,recoveryGain=true,qGain=-1.0,fe=13231
formalLocal:outer=1,slot=3,pass=24,op=O2_JS_REVERSE,accepted=false,recoveryGain=true,qGain=-1.0,fe=13232
formalLocal:outer=1,slot=3,pass=24,op=O3_JS_SWAP,accepted=false,recoveryGain=true,qGain=-1.0,fe=13233
formalLocal:outer=1,slot=3,pass=24,op=O4_WA_LOAD_TRANSFER,accepted=false,recoveryGain=true,qGain=-1.0,fe=13234
formalLocal:outer=1,slot=3,pass=24,op=O5_WA_WEAK_TO_STRONG,accepted=false,recoveryGain=true,qGain=-1.0,fe=13235
formalLocal:outer=1,slot=3,pass=24,op=O6_WA_SWAP,accepted=false,recoveryGain=true,qGain=-0.6361342793567094,fe=13236
formalLocal:outer=1,slot=3,pass=24,op=O7_MA_LOAD_TRANSFER,accepted=false,recoveryGain=true,qGain=-1.0,fe=13237
formalLocal:outer=1,slot=3,pass=24,op=O8_MA_WEAK_TO_STRONG,accepted=false,recoveryGain=true,qGain=-1.0,fe=13238
formalLocal:outer=1,slot=3,pass=24,op=O9_MA_SWAP,accepted=false,recoveryGain=true,qGain=-0.5444293247739829,fe=13239
formalLocal:outer=1,slot=3,pass=25,op=O1_JS_INSERT,accepted=false,recoveryGain=true,qGain=-1.0,fe=13240
formalLocal:outer=1,slot=3,pass=25,op=O2_JS_REVERSE,accepted=false,recoveryGain=true,qGain=-1.0,fe=13241
formalLocal:outer=1,slot=3,pass=25,op=O3_JS_SWAP,accepted=false,recoveryGain=true,qGain=-1.0,fe=13242
formalLocal:outer=1,slot=3,pass=25,op=O4_WA_LOAD_TRANSFER,accepted=false,recoveryGain=true,qGain=-1.0,fe=13243
formalLocal:outer=1,slot=3,pass=25,op=O5_WA_WEAK_TO_STRONG,accepted=false,recoveryGain=true,qGain=-1.0,fe=13244
formalLocal:outer=1,slot=3,pass=25,op=O6_WA_SWAP,accepted=false,recoveryGain=true,qGain=-0.6361342793567094,fe=13245
formalLocal:outer=1,slot=3,pass=25,op=O7_MA_LOAD_TRANSFER,accepted=false,recoveryGain=true,qGain=-1.0,fe=13246
formalLocal:outer=1,slot=3,pass=25,op=O8_MA_WEAK_TO_STRONG,accepted=false,recoveryGain=true,qGain=-1.0,fe=13247
formalLocal:outer=1,slot=3,pass=25,op=O9_MA_SWAP,accepted=false,recoveryGain=true,qGain=-0.5444293247739829,fe=13248
formalLocal:outer=1,slot=3,pass=26,op=O1_JS_INSERT,accepted=false,recoveryGain=true,qGain=-0.6332600495049104,fe=13249
formalLocal:outer=1,slot=3,pass=26,op=O2_JS_REVERSE,accepted=false,recoveryGain=true,qGain=-1.0,fe=13250
formalLocal:outer=1,slot=3,pass=26,op=O3_JS_SWAP,accepted=false,recoveryGain=true,qGain=-1.0,fe=13251
formalLocal:outer=1,slot=3,pass=26,op=O4_WA_LOAD_TRANSFER,accepted=false,recoveryGain=true,qGain=-1.0,fe=13252
formalLocal:outer=1,slot=3,pass=26,op=O5_WA_WEAK_TO_STRONG,accepted=false,recoveryGain=true,qGain=-1.0,fe=13253
formalLocal:outer=1,slot=3,pass=26,op=O6_WA_SWAP,accepted=false,recoveryGain=true,qGain=-0.6361342793567094,fe=13254
formalLocal:outer=1,slot=3,pass=26,op=O7_MA_LOAD_TRANSFER,accepted=false,recoveryGain=true,qGain=-1.0,fe=13255
formalLocal:outer=1,slot=3,pass=26,op=O8_MA_WEAK_TO_STRONG,accepted=false,recoveryGain=true,qGain=-1.0,fe=13256
formalLocal:outer=1,slot=3,pass=26,op=O9_MA_SWAP,accepted=false,recoveryGain=true,qGain=-0.5444293247739829,fe=13257
formalLocal:outer=1,slot=3,pass=27,op=O1_JS_INSERT,accepted=false,recoveryGain=true,qGain=-0.8057309796442192,fe=13258
formalLocal:outer=1,slot=3,pass=27,op=O2_JS_REVERSE,accepted=false,recoveryGain=true,qGain=-1.0,fe=13259
formalLocal:outer=1,slot=3,pass=27,op=O3_JS_SWAP,accepted=false,recoveryGain=true,qGain=-1.0,fe=13260
formalLocal:outer=1,slot=3,pass=27,op=O4_WA_LOAD_TRANSFER,accepted=false,recoveryGain=true,qGain=-1.0,fe=13261
formalLocal:outer=1,slot=3,pass=27,op=O5_WA_WEAK_TO_STRONG,accepted=false,recoveryGain=true,qGain=-1.0,fe=13262
formalLocal:outer=1,slot=3,pass=27,op=O6_WA_SWAP,accepted=false,recoveryGain=true,qGain=-0.6361342793567094,fe=13263
formalLocal:outer=1,slot=3,pass=27,op=O7_MA_LOAD_TRANSFER,accepted=false,recoveryGain=true,qGain=-1.0,fe=13264
formalLocal:outer=1,slot=3,pass=27,op=O8_MA_WEAK_TO_STRONG,accepted=false,recoveryGain=true,qGain=-1.0,fe=13265
formalLocal:outer=1,slot=3,pass=27,op=O9_MA_SWAP,accepted=false,recoveryGain=true,qGain=-0.5444293247739829,fe=13266
formalLocal:outer=1,slot=3,pass=28,op=O1_JS_INSERT,accepted=false,recoveryGain=true,qGain=-1.0,fe=13267
formalLocal:outer=1,slot=3,pass=28,op=O2_JS_REVERSE,accepted=false,recoveryGain=true,qGain=-1.0,fe=13268
formalLocal:outer=1,slot=3,pass=28,op=O3_JS_SWAP,accepted=false,recoveryGain=true,qGain=-1.0,fe=13269
formalLocal:outer=1,slot=3,pass=28,op=O4_WA_LOAD_TRANSFER,accepted=false,recoveryGain=true,qGain=-1.0,fe=13270
formalLocal:outer=1,slot=3,pass=28,op=O5_WA_WEAK_TO_STRONG,accepted=false,recoveryGain=true,qGain=-1.0,fe=13271
formalLocal:outer=1,slot=3,pass=28,op=O6_WA_SWAP,accepted=false,recoveryGain=true,qGain=-0.6361342793567094,fe=13272
formalLocal:outer=1,slot=3,pass=28,op=O7_MA_LOAD_TRANSFER,accepted=false,recoveryGain=true,qGain=-1.0,fe=13273
formalLocal:outer=1,slot=3,pass=28,op=O8_MA_WEAK_TO_STRONG,accepted=false,recoveryGain=true,qGain=-1.0,fe=13274
formalLocal:outer=1,slot=3,pass=28,op=O9_MA_SWAP,accepted=false,recoveryGain=true,qGain=-0.5444293247739829,fe=13275
formalLocal:outer=1,slot=3,pass=29,op=O1_JS_INSERT,accepted=false,recoveryGain=true,qGain=-0.6150550447507994,fe=13276
formalLocal:outer=1,slot=3,pass=29,op=O2_JS_REVERSE,accepted=false,recoveryGain=true,qGain=-1.0,fe=13277
formalLocal:outer=1,slot=3,pass=29,op=O3_JS_SWAP,accepted=false,recoveryGain=true,qGain=0.0,fe=13278
formalLocal:outer=1,slot=3,pass=29,op=O4_WA_LOAD_TRANSFER,accepted=false,recoveryGain=true,qGain=-1.0,fe=13279
formalLocal:outer=1,slot=3,pass=29,op=O5_WA_WEAK_TO_STRONG,accepted=false,recoveryGain=true,qGain=-1.0,fe=13280
formalLocal:outer=1,slot=3,pass=29,op=O6_WA_SWAP,accepted=false,recoveryGain=true,qGain=-0.6361342793567094,fe=13281
formalLocal:outer=1,slot=3,pass=29,op=O7_MA_LOAD_TRANSFER,accepted=false,recoveryGain=true,qGain=-1.0,fe=13282
formalLocal:outer=1,slot=3,pass=29,op=O8_MA_WEAK_TO_STRONG,accepted=false,recoveryGain=true,qGain=-1.0,fe=13283
formalLocal:outer=1,slot=3,pass=29,op=O9_MA_SWAP,accepted=false,recoveryGain=true,qGain=-0.5444293247739829,fe=13284
formalLocal:outer=1,slot=4,op=CRITICAL_FACTORY_SWAP,accepted=true,fe=13285
formalLocal:outer=1,slot=4,op=CRITICAL_FACTORY_INSERT,accepted=true,fe=13286
formalLocal:outer=1,slot=4,pass=0,op=O1_JS_INSERT,accepted=false,recoveryGain=true,qGain=-0.05495299497966039,fe=13287
formalLocal:outer=1,slot=4,pass=0,op=O2_JS_REVERSE,accepted=true,recoveryGain=true,qGain=0.22648900272720326,fe=13288
formalLocal:outer=1,slot=4,pass=0,op=O3_JS_SWAP,accepted=true,recoveryGain=true,qGain=0.2301894601321033,fe=13289
formalLocal:outer=1,slot=4,pass=0,op=O4_WA_LOAD_TRANSFER,accepted=false,recoveryGain=true,qGain=-0.060046141102128206,fe=13290
formalLocal:outer=1,slot=4,pass=0,op=O5_WA_WEAK_TO_STRONG,accepted=true,recoveryGain=true,qGain=0.019550721352124815,fe=13291
formalLocal:outer=1,slot=4,pass=0,op=O6_WA_SWAP,accepted=false,recoveryGain=true,qGain=-0.3817116791726912,fe=13292
formalLocal:outer=1,slot=4,pass=0,op=O7_MA_LOAD_TRANSFER,accepted=true,recoveryGain=true,qGain=0.009579175935241416,fe=13293
formalLocal:outer=1,slot=4,pass=0,op=O8_MA_WEAK_TO_STRONG,accepted=true,recoveryGain=true,qGain=0.025615581258761875,fe=13294
formalLocal:outer=1,slot=4,pass=0,op=O9_MA_SWAP,accepted=false,recoveryGain=true,qGain=-0.034113039439718565,fe=13295
formalLocal:outer=1,slot=4,pass=1,op=O1_JS_INSERT,accepted=false,recoveryGain=true,qGain=-0.03243400500939225,fe=13296
formalLocal:outer=1,slot=4,pass=1,op=O2_JS_REVERSE,accepted=false,recoveryGain=true,qGain=-0.2665051329209442,fe=13297
formalLocal:outer=1,slot=4,pass=1,op=O3_JS_SWAP,accepted=false,recoveryGain=true,qGain=-0.26401259294307555,fe=13298
formalLocal:outer=1,slot=4,pass=1,op=O4_WA_LOAD_TRANSFER,accepted=true,recoveryGain=true,qGain=0.011789402268195536,fe=13299
formalLocal:outer=1,slot=4,pass=1,op=O5_WA_WEAK_TO_STRONG,accepted=false,recoveryGain=true,qGain=-0.0785663368431889,fe=13300
formalLocal:outer=1,slot=4,pass=1,op=O6_WA_SWAP,accepted=true,recoveryGain=true,qGain=0.023135462022711793,fe=13301
formalLocal:outer=1,slot=4,pass=1,op=O7_MA_LOAD_TRANSFER,accepted=false,recoveryGain=true,qGain=-0.015322541819305698,fe=13302
formalLocal:outer=1,slot=4,pass=1,op=O8_MA_WEAK_TO_STRONG,accepted=false,recoveryGain=true,qGain=-0.02875656745197971,fe=13303
formalLocal:outer=1,slot=4,pass=1,op=O9_MA_SWAP,accepted=false,recoveryGain=true,qGain=-0.09687543167350877,fe=13304
formalLocal:outer=1,slot=4,pass=2,op=O1_JS_INSERT,accepted=false,recoveryGain=true,qGain=-0.015507462732457424,fe=13305
formalLocal:outer=1,slot=4,pass=2,op=O2_JS_REVERSE,accepted=false,recoveryGain=true,qGain=-0.8737510028872498,fe=13306
formalLocal:outer=1,slot=4,pass=2,op=O3_JS_SWAP,accepted=true,recoveryGain=true,qGain=0.020373240494166448,fe=13307
formalLocal:outer=1,slot=4,pass=2,op=O4_WA_LOAD_TRANSFER,accepted=true,recoveryGain=true,qGain=0.0032264744052200507,fe=13308
formalLocal:outer=1,slot=4,pass=2,op=O5_WA_WEAK_TO_STRONG,accepted=false,recoveryGain=true,qGain=-0.003236918239070201,fe=13309
formalLocal:outer=1,slot=4,pass=2,op=O6_WA_SWAP,accepted=false,recoveryGain=true,qGain=-0.02769264548563057,fe=13310
formalLocal:outer=1,slot=4,pass=2,op=O7_MA_LOAD_TRANSFER,accepted=false,recoveryGain=true,qGain=-0.05438648553005643,fe=13311
formalLocal:outer=1,slot=4,pass=2,op=O8_MA_WEAK_TO_STRONG,accepted=true,recoveryGain=true,qGain=4.5639187381388106E-4,fe=13312
formalLocal:outer=1,slot=4,pass=2,op=O9_MA_SWAP,accepted=true,recoveryGain=true,qGain=0.10917947104479185,fe=13313
formalLocal:outer=1,slot=4,pass=3,op=O1_JS_INSERT,accepted=true,recoveryGain=true,qGain=0.04884853037971545,fe=13314
formalLocal:outer=1,slot=4,pass=3,op=O2_JS_REVERSE,accepted=false,recoveryGain=true,qGain=-1.0,fe=13315
formalLocal:outer=1,slot=4,pass=3,op=O3_JS_SWAP,accepted=false,recoveryGain=true,qGain=-0.5063125354936786,fe=13316
formalLocal:outer=1,slot=4,pass=3,op=O4_WA_LOAD_TRANSFER,accepted=false,recoveryGain=true,qGain=-0.07393531524264688,fe=13317
formalLocal:outer=1,slot=4,pass=3,op=O5_WA_WEAK_TO_STRONG,accepted=true,recoveryGain=true,qGain=0.001740002329073117,fe=13318
formalLocal:outer=1,slot=4,pass=3,op=O6_WA_SWAP,accepted=true,recoveryGain=true,qGain=0.15159048174551998,fe=13319
formalLocal:outer=1,slot=4,pass=3,op=O7_MA_LOAD_TRANSFER,accepted=false,recoveryGain=true,qGain=-0.5273576846562059,fe=13320
formalLocal:outer=1,slot=4,pass=3,op=O8_MA_WEAK_TO_STRONG,accepted=false,recoveryGain=true,qGain=-0.5886591798468339,fe=13321
formalLocal:outer=1,slot=4,pass=3,op=O9_MA_SWAP,accepted=false,recoveryGain=true,qGain=-0.32129047496040364,fe=13322
formalLocal:outer=1,slot=4,pass=4,op=O1_JS_INSERT,accepted=false,recoveryGain=true,qGain=-0.35133073893439376,fe=13323
formalLocal:outer=1,slot=4,pass=4,op=O2_JS_REVERSE,accepted=false,recoveryGain=true,qGain=-0.2563727963363042,fe=13324
formalLocal:outer=1,slot=4,pass=4,op=O3_JS_SWAP,accepted=false,recoveryGain=true,qGain=-0.33984972569448774,fe=13325
formalLocal:outer=1,slot=4,pass=4,op=O4_WA_LOAD_TRANSFER,accepted=false,recoveryGain=true,qGain=-0.18323524028778213,fe=13326
formalLocal:outer=1,slot=4,pass=4,op=O5_WA_WEAK_TO_STRONG,accepted=false,recoveryGain=true,qGain=-0.6655774386833488,fe=13327
formalLocal:outer=1,slot=4,pass=4,op=O6_WA_SWAP,accepted=false,recoveryGain=true,qGain=-0.17867607385806164,fe=13328
formalLocal:outer=1,slot=4,pass=4,op=O7_MA_LOAD_TRANSFER,accepted=false,recoveryGain=true,qGain=-0.5273576846562059,fe=13329
formalLocal:outer=1,slot=4,pass=4,op=O8_MA_WEAK_TO_STRONG,accepted=false,recoveryGain=true,qGain=-0.5886591798468339,fe=13330
formalLocal:outer=1,slot=4,pass=4,op=O9_MA_SWAP,accepted=false,recoveryGain=true,qGain=-0.32129047496040364,fe=13331
formalLocal:outer=1,slot=4,pass=5,op=O1_JS_INSERT,accepted=false,recoveryGain=true,qGain=-0.13359904242772946,fe=13332
formalLocal:outer=1,slot=4,pass=5,op=O2_JS_REVERSE,accepted=false,recoveryGain=true,qGain=-1.0,fe=13333
formalLocal:outer=1,slot=4,pass=5,op=O3_JS_SWAP,accepted=false,recoveryGain=true,qGain=-0.22975427703314416,fe=13334
formalLocal:outer=1,slot=4,pass=5,op=O4_WA_LOAD_TRANSFER,accepted=false,recoveryGain=true,qGain=-0.18323524028778213,fe=13335
formalLocal:outer=1,slot=4,pass=5,op=O5_WA_WEAK_TO_STRONG,accepted=false,recoveryGain=true,qGain=-0.6655774386833488,fe=13336
formalLocal:outer=1,slot=4,pass=5,op=O6_WA_SWAP,accepted=false,recoveryGain=true,qGain=-0.17867607385806164,fe=13337
formalLocal:outer=1,slot=4,pass=5,op=O7_MA_LOAD_TRANSFER,accepted=false,recoveryGain=true,qGain=-0.5273576846562059,fe=13338
formalLocal:outer=1,slot=4,pass=5,op=O8_MA_WEAK_TO_STRONG,accepted=false,recoveryGain=true,qGain=-0.5886591798468339,fe=13339
formalLocal:outer=1,slot=4,pass=5,op=O9_MA_SWAP,accepted=false,recoveryGain=true,qGain=-0.32129047496040364,fe=13340
formalLocal:outer=1,slot=4,pass=6,op=O1_JS_INSERT,accepted=false,recoveryGain=true,qGain=-0.18845934326827402,fe=13341
formalLocal:outer=1,slot=4,pass=6,op=O2_JS_REVERSE,accepted=false,recoveryGain=true,qGain=0.0,fe=13342
formalLocal:outer=1,slot=4,pass=6,op=O3_JS_SWAP,accepted=false,recoveryGain=true,qGain=-0.3397879985840954,fe=13343
formalLocal:outer=1,slot=4,pass=6,op=O4_WA_LOAD_TRANSFER,accepted=false,recoveryGain=true,qGain=-0.18323524028778213,fe=13344
formalLocal:outer=1,slot=4,pass=6,op=O5_WA_WEAK_TO_STRONG,accepted=false,recoveryGain=true,qGain=-0.6655774386833488,fe=13345
formalLocal:outer=1,slot=4,pass=6,op=O6_WA_SWAP,accepted=false,recoveryGain=true,qGain=-0.17867607385806164,fe=13346
formalLocal:outer=1,slot=4,pass=6,op=O7_MA_LOAD_TRANSFER,accepted=false,recoveryGain=true,qGain=-0.5273576846562059,fe=13347
formalLocal:outer=1,slot=4,pass=6,op=O8_MA_WEAK_TO_STRONG,accepted=false,recoveryGain=true,qGain=-0.5886591798468339,fe=13348
formalLocal:outer=1,slot=4,pass=6,op=O9_MA_SWAP,accepted=false,recoveryGain=true,qGain=-0.32129047496040364,fe=13349
formalLocal:outer=1,slot=4,pass=7,op=O1_JS_INSERT,accepted=false,recoveryGain=true,qGain=0.0,fe=13350
formalLocal:outer=1,slot=4,pass=7,op=O2_JS_REVERSE,accepted=false,recoveryGain=true,qGain=-0.2182650634225933,fe=13351
formalLocal:outer=1,slot=4,pass=7,op=O3_JS_SWAP,accepted=false,recoveryGain=true,qGain=-0.4055020725978257,fe=13352
formalLocal:outer=1,slot=4,pass=7,op=O4_WA_LOAD_TRANSFER,accepted=false,recoveryGain=true,qGain=-0.18323524028778213,fe=13353
formalLocal:outer=1,slot=4,pass=7,op=O5_WA_WEAK_TO_STRONG,accepted=false,recoveryGain=true,qGain=-0.6655774386833488,fe=13354
formalLocal:outer=1,slot=4,pass=7,op=O6_WA_SWAP,accepted=false,recoveryGain=true,qGain=-0.17867607385806164,fe=13355
formalLocal:outer=1,slot=4,pass=7,op=O7_MA_LOAD_TRANSFER,accepted=false,recoveryGain=true,qGain=-0.5273576846562059,fe=13356
formalLocal:outer=1,slot=4,pass=7,op=O8_MA_WEAK_TO_STRONG,accepted=false,recoveryGain=true,qGain=-0.5886591798468339,fe=13357
formalLocal:outer=1,slot=4,pass=7,op=O9_MA_SWAP,accepted=false,recoveryGain=true,qGain=-0.32129047496040364,fe=13358
formalLocal:outer=1,slot=4,pass=8,op=O1_JS_INSERT,accepted=false,recoveryGain=true,qGain=-0.4524163250045694,fe=13359
formalLocal:outer=1,slot=4,pass=8,op=O2_JS_REVERSE,accepted=false,recoveryGain=true,qGain=-0.45949218742676345,fe=13360
formalLocal:outer=1,slot=4,pass=8,op=O3_JS_SWAP,accepted=false,recoveryGain=true,qGain=-0.09774602843453375,fe=13361
formalLocal:outer=1,slot=4,pass=8,op=O4_WA_LOAD_TRANSFER,accepted=false,recoveryGain=true,qGain=-0.18323524028778213,fe=13362
formalLocal:outer=1,slot=4,pass=8,op=O5_WA_WEAK_TO_STRONG,accepted=false,recoveryGain=true,qGain=-0.6655774386833488,fe=13363
formalLocal:outer=1,slot=4,pass=8,op=O6_WA_SWAP,accepted=false,recoveryGain=true,qGain=-0.17867607385806164,fe=13364
formalLocal:outer=1,slot=4,pass=8,op=O7_MA_LOAD_TRANSFER,accepted=false,recoveryGain=true,qGain=-0.5273576846562059,fe=13365
formalLocal:outer=1,slot=4,pass=8,op=O8_MA_WEAK_TO_STRONG,accepted=false,recoveryGain=true,qGain=-0.5886591798468339,fe=13366
formalLocal:outer=1,slot=4,pass=8,op=O9_MA_SWAP,accepted=false,recoveryGain=true,qGain=-0.32129047496040364,fe=13367
formalLocal:outer=1,slot=4,pass=9,op=O1_JS_INSERT,accepted=true,recoveryGain=true,qGain=0.1713998281012672,fe=13368
formalLocal:outer=1,slot=4,pass=9,op=O2_JS_REVERSE,accepted=false,recoveryGain=true,qGain=0.0,fe=13369
formalLocal:outer=1,slot=4,pass=9,op=O3_JS_SWAP,accepted=false,recoveryGain=true,qGain=0.0,fe=13370
formalLocal:outer=1,slot=4,pass=9,op=O4_WA_LOAD_TRANSFER,accepted=true,recoveryGain=true,qGain=0.012117705359493332,fe=13371
formalLocal:outer=1,slot=4,pass=9,op=O5_WA_WEAK_TO_STRONG,accepted=false,recoveryGain=true,qGain=-0.2858314011534494,fe=13372
formalLocal:outer=1,slot=4,pass=9,op=O6_WA_SWAP,accepted=false,recoveryGain=true,qGain=-0.5373468662179699,fe=13373
formalLocal:outer=1,slot=4,pass=9,op=O7_MA_LOAD_TRANSFER,accepted=false,recoveryGain=true,qGain=-0.5455580455403035,fe=13374
formalLocal:outer=1,slot=4,pass=9,op=O8_MA_WEAK_TO_STRONG,accepted=false,recoveryGain=true,qGain=-1.0,fe=13375
formalLocal:outer=1,slot=4,pass=9,op=O9_MA_SWAP,accepted=false,recoveryGain=true,qGain=-0.11019104965195882,fe=13376
formalLocal:outer=1,slot=4,pass=10,op=O1_JS_INSERT,accepted=false,recoveryGain=true,qGain=-0.02343756834783184,fe=13377
formalLocal:outer=1,slot=4,pass=10,op=O2_JS_REVERSE,accepted=false,recoveryGain=true,qGain=-1.0,fe=13378
formalLocal:outer=1,slot=4,pass=10,op=O3_JS_SWAP,accepted=false,recoveryGain=true,qGain=-0.3694060648654303,fe=13379
formalLocal:outer=1,slot=4,pass=10,op=O4_WA_LOAD_TRANSFER,accepted=false,recoveryGain=true,qGain=-0.5083551767476846,fe=13380
formalLocal:outer=1,slot=4,pass=10,op=O5_WA_WEAK_TO_STRONG,accepted=false,recoveryGain=true,qGain=-0.2858314011534494,fe=13381
formalLocal:outer=1,slot=4,pass=10,op=O6_WA_SWAP,accepted=false,recoveryGain=true,qGain=-0.5373468662179699,fe=13382
formalLocal:outer=1,slot=4,pass=10,op=O7_MA_LOAD_TRANSFER,accepted=false,recoveryGain=true,qGain=-0.5455580455403035,fe=13383
formalLocal:outer=1,slot=4,pass=10,op=O8_MA_WEAK_TO_STRONG,accepted=false,recoveryGain=true,qGain=-1.0,fe=13384
formalLocal:outer=1,slot=4,pass=10,op=O9_MA_SWAP,accepted=false,recoveryGain=true,qGain=-0.11019104965195882,fe=13385
formalLocal:outer=1,slot=4,pass=11,op=O1_JS_INSERT,accepted=false,recoveryGain=true,qGain=-0.32893785221894434,fe=13386
formalLocal:outer=1,slot=4,pass=11,op=O2_JS_REVERSE,accepted=false,recoveryGain=true,qGain=-0.04320736720679868,fe=13387
formalLocal:outer=1,slot=4,pass=11,op=O3_JS_SWAP,accepted=false,recoveryGain=true,qGain=-0.7679084754642389,fe=13388
formalLocal:outer=1,slot=4,pass=11,op=O4_WA_LOAD_TRANSFER,accepted=false,recoveryGain=true,qGain=-0.5083551767476846,fe=13389
formalLocal:outer=1,slot=4,pass=11,op=O5_WA_WEAK_TO_STRONG,accepted=false,recoveryGain=true,qGain=-0.2858314011534494,fe=13390
formalLocal:outer=1,slot=4,pass=11,op=O6_WA_SWAP,accepted=false,recoveryGain=true,qGain=-0.5373468662179699,fe=13391
formalLocal:outer=1,slot=4,pass=11,op=O7_MA_LOAD_TRANSFER,accepted=false,recoveryGain=true,qGain=-0.5455580455403035,fe=13392
formalLocal:outer=1,slot=4,pass=11,op=O8_MA_WEAK_TO_STRONG,accepted=false,recoveryGain=true,qGain=-1.0,fe=13393
formalLocal:outer=1,slot=4,pass=11,op=O9_MA_SWAP,accepted=false,recoveryGain=true,qGain=-0.11019104965195882,fe=13394
formalLocal:outer=1,slot=4,pass=12,op=O1_JS_INSERT,accepted=false,recoveryGain=true,qGain=-0.05960345267985466,fe=13395
formalLocal:outer=1,slot=4,pass=12,op=O2_JS_REVERSE,accepted=false,recoveryGain=true,qGain=-0.39656438123415566,fe=13396
formalLocal:outer=1,slot=4,pass=12,op=O3_JS_SWAP,accepted=false,recoveryGain=true,qGain=-0.5446769543649914,fe=13397
formalLocal:outer=1,slot=4,pass=12,op=O4_WA_LOAD_TRANSFER,accepted=false,recoveryGain=true,qGain=-0.5083551767476846,fe=13398
formalLocal:outer=1,slot=4,pass=12,op=O5_WA_WEAK_TO_STRONG,accepted=false,recoveryGain=true,qGain=-0.2858314011534494,fe=13399
formalLocal:outer=1,slot=4,pass=12,op=O6_WA_SWAP,accepted=false,recoveryGain=true,qGain=-0.5373468662179699,fe=13400
formalLocal:outer=1,slot=4,pass=12,op=O7_MA_LOAD_TRANSFER,accepted=false,recoveryGain=true,qGain=-0.5455580455403035,fe=13401
formalLocal:outer=1,slot=4,pass=12,op=O8_MA_WEAK_TO_STRONG,accepted=false,recoveryGain=true,qGain=-1.0,fe=13402
formalLocal:outer=1,slot=4,pass=12,op=O9_MA_SWAP,accepted=false,recoveryGain=true,qGain=-0.11019104965195882,fe=13403
formalLocal:outer=1,slot=4,pass=13,op=O1_JS_INSERT,accepted=false,recoveryGain=true,qGain=-0.24400022639801044,fe=13404
formalLocal:outer=1,slot=4,pass=13,op=O2_JS_REVERSE,accepted=false,recoveryGain=true,qGain=-1.0,fe=13405
formalLocal:outer=1,slot=4,pass=13,op=O3_JS_SWAP,accepted=false,recoveryGain=true,qGain=-0.9587558803178836,fe=13406
formalLocal:outer=1,slot=4,pass=13,op=O4_WA_LOAD_TRANSFER,accepted=false,recoveryGain=true,qGain=-0.5083551767476846,fe=13407
formalLocal:outer=1,slot=4,pass=13,op=O5_WA_WEAK_TO_STRONG,accepted=false,recoveryGain=true,qGain=-0.2858314011534494,fe=13408
formalLocal:outer=1,slot=4,pass=13,op=O6_WA_SWAP,accepted=false,recoveryGain=true,qGain=-0.5373468662179699,fe=13409
formalLocal:outer=1,slot=4,pass=13,op=O7_MA_LOAD_TRANSFER,accepted=false,recoveryGain=true,qGain=-0.5455580455403035,fe=13410
formalLocal:outer=1,slot=4,pass=13,op=O8_MA_WEAK_TO_STRONG,accepted=false,recoveryGain=true,qGain=-1.0,fe=13411
formalLocal:outer=1,slot=4,pass=13,op=O9_MA_SWAP,accepted=false,recoveryGain=true,qGain=-0.11019104965195882,fe=13412
formalLocal:outer=1,slot=4,pass=14,op=O1_JS_INSERT,accepted=false,recoveryGain=true,qGain=0.0,fe=13413
formalLocal:outer=1,slot=4,pass=14,op=O2_JS_REVERSE,accepted=true,recoveryGain=true,qGain=0.0304923702862944,fe=13414
formalLocal:outer=1,slot=4,pass=14,op=O3_JS_SWAP,accepted=false,recoveryGain=true,qGain=-0.5143543364917922,fe=13415
formalLocal:outer=1,slot=4,pass=14,op=O4_WA_LOAD_TRANSFER,accepted=false,recoveryGain=true,qGain=-0.44431220565959056,fe=13416
formalLocal:outer=1,slot=4,pass=14,op=O5_WA_WEAK_TO_STRONG,accepted=false,recoveryGain=true,qGain=-0.6134299404162924,fe=13417
formalLocal:outer=1,slot=4,pass=14,op=O6_WA_SWAP,accepted=false,recoveryGain=true,qGain=-0.20133622186438446,fe=13418
formalLocal:outer=1,slot=4,pass=14,op=O7_MA_LOAD_TRANSFER,accepted=false,recoveryGain=true,qGain=-0.8120966737665408,fe=13419
formalLocal:outer=1,slot=4,pass=14,op=O8_MA_WEAK_TO_STRONG,accepted=false,recoveryGain=true,qGain=-0.5771083960379338,fe=13420
formalLocal:outer=1,slot=4,pass=14,op=O9_MA_SWAP,accepted=false,recoveryGain=true,qGain=-0.044617535952050355,fe=13421
formalLocal:outer=1,slot=4,pass=15,op=O1_JS_INSERT,accepted=false,recoveryGain=true,qGain=-0.45742647292675626,fe=13422
formalLocal:outer=1,slot=4,pass=15,op=O2_JS_REVERSE,accepted=false,recoveryGain=true,qGain=-0.7709296852803709,fe=13423
formalLocal:outer=1,slot=4,pass=15,op=O3_JS_SWAP,accepted=false,recoveryGain=true,qGain=-0.13979958619991661,fe=13424
formalLocal:outer=1,slot=4,pass=15,op=O4_WA_LOAD_TRANSFER,accepted=false,recoveryGain=true,qGain=-0.44431220565959056,fe=13425
formalLocal:outer=1,slot=4,pass=15,op=O5_WA_WEAK_TO_STRONG,accepted=false,recoveryGain=true,qGain=-0.6134299404162924,fe=13426
formalLocal:outer=1,slot=4,pass=15,op=O6_WA_SWAP,accepted=false,recoveryGain=true,qGain=-0.20133622186438446,fe=13427
formalLocal:outer=1,slot=4,pass=15,op=O7_MA_LOAD_TRANSFER,accepted=false,recoveryGain=true,qGain=-0.8120966737665408,fe=13428
formalLocal:outer=1,slot=4,pass=15,op=O8_MA_WEAK_TO_STRONG,accepted=false,recoveryGain=true,qGain=-0.5771083960379338,fe=13429
formalLocal:outer=1,slot=4,pass=15,op=O9_MA_SWAP,accepted=false,recoveryGain=true,qGain=-0.044617535952050355,fe=13430
formalLocal:outer=1,slot=4,pass=16,op=O1_JS_INSERT,accepted=false,recoveryGain=true,qGain=0.0,fe=13431
formalLocal:outer=1,slot=4,pass=16,op=O2_JS_REVERSE,accepted=false,recoveryGain=true,qGain=0.0,fe=13432
formalLocal:outer=1,slot=4,pass=16,op=O3_JS_SWAP,accepted=false,recoveryGain=true,qGain=0.0,fe=13433
formalLocal:outer=1,slot=4,pass=16,op=O4_WA_LOAD_TRANSFER,accepted=false,recoveryGain=true,qGain=-0.44431220565959056,fe=13434
formalLocal:outer=1,slot=4,pass=16,op=O5_WA_WEAK_TO_STRONG,accepted=false,recoveryGain=true,qGain=-0.6134299404162924,fe=13435
formalLocal:outer=1,slot=4,pass=16,op=O6_WA_SWAP,accepted=false,recoveryGain=true,qGain=-0.20133622186438446,fe=13436
formalLocal:outer=1,slot=4,pass=16,op=O7_MA_LOAD_TRANSFER,accepted=false,recoveryGain=true,qGain=-0.8120966737665408,fe=13437
formalLocal:outer=1,slot=4,pass=16,op=O8_MA_WEAK_TO_STRONG,accepted=false,recoveryGain=true,qGain=-0.5771083960379338,fe=13438
formalLocal:outer=1,slot=4,pass=16,op=O9_MA_SWAP,accepted=false,recoveryGain=true,qGain=-0.044617535952050355,fe=13439
formalLocal:outer=1,slot=4,pass=17,op=O1_JS_INSERT,accepted=false,recoveryGain=true,qGain=0.0,fe=13440
formalLocal:outer=1,slot=4,pass=17,op=O2_JS_REVERSE,accepted=true,recoveryGain=true,qGain=0.028307091662453387,fe=13441
formalLocal:outer=1,slot=4,pass=17,op=O3_JS_SWAP,accepted=false,recoveryGain=true,qGain=0.0,fe=13442
formalLocal:outer=1,slot=4,pass=17,op=O4_WA_LOAD_TRANSFER,accepted=false,recoveryGain=true,qGain=-0.6891943534428455,fe=13443
formalLocal:outer=1,slot=4,pass=17,op=O5_WA_WEAK_TO_STRONG,accepted=false,recoveryGain=true,qGain=-0.2779745013652222,fe=13444
formalLocal:outer=1,slot=4,pass=17,op=O6_WA_SWAP,accepted=true,recoveryGain=true,qGain=0.02799603469904249,fe=13445
formalLocal:outer=1,slot=4,pass=17,op=O7_MA_LOAD_TRANSFER,accepted=false,recoveryGain=true,qGain=-0.8299293306406924,fe=13446
formalLocal:outer=1,slot=4,pass=17,op=O8_MA_WEAK_TO_STRONG,accepted=false,recoveryGain=true,qGain=-0.33658348741705674,fe=13447
formalLocal:outer=1,slot=4,pass=17,op=O9_MA_SWAP,accepted=false,recoveryGain=true,qGain=-0.4408192688545795,fe=13448
formalLocal:outer=1,slot=4,pass=18,op=O1_JS_INSERT,accepted=false,recoveryGain=true,qGain=-0.43943605185790563,fe=13449
formalLocal:outer=1,slot=4,pass=18,op=O2_JS_REVERSE,accepted=false,recoveryGain=true,qGain=-0.41462948595834775,fe=13450
formalLocal:outer=1,slot=4,pass=18,op=O3_JS_SWAP,accepted=false,recoveryGain=true,qGain=-0.46492143690605464,fe=13451
formalLocal:outer=1,slot=4,pass=18,op=O4_WA_LOAD_TRANSFER,accepted=false,recoveryGain=true,qGain=-0.7378471834935646,fe=13452
formalLocal:outer=1,slot=4,pass=18,op=O5_WA_WEAK_TO_STRONG,accepted=false,recoveryGain=true,qGain=-0.3365175076268476,fe=13453
formalLocal:outer=1,slot=4,pass=18,op=O6_WA_SWAP,accepted=false,recoveryGain=true,qGain=-0.028802387334267914,fe=13454
formalLocal:outer=1,slot=4,pass=18,op=O7_MA_LOAD_TRANSFER,accepted=false,recoveryGain=true,qGain=-0.8299293306406924,fe=13455
formalLocal:outer=1,slot=4,pass=18,op=O8_MA_WEAK_TO_STRONG,accepted=false,recoveryGain=true,qGain=-0.33658348741705674,fe=13456
formalLocal:outer=1,slot=4,pass=18,op=O9_MA_SWAP,accepted=false,recoveryGain=true,qGain=-0.4408192688545795,fe=13457
formalLocal:outer=1,slot=4,pass=19,op=O1_JS_INSERT,accepted=true,recoveryGain=true,qGain=0.05750735553113168,fe=13458
formalLocal:outer=1,slot=4,pass=19,op=O2_JS_REVERSE,accepted=false,recoveryGain=true,qGain=-1.0,fe=13459
formalLocal:outer=1,slot=4,pass=19,op=O3_JS_SWAP,accepted=false,recoveryGain=true,qGain=-0.6967296413410434,fe=13460
formalLocal:outer=1,slot=4,pass=19,op=O4_WA_LOAD_TRANSFER,accepted=false,recoveryGain=true,qGain=-0.39490889543159563,fe=13461
formalLocal:outer=1,slot=4,pass=19,op=O5_WA_WEAK_TO_STRONG,accepted=false,recoveryGain=true,qGain=-0.7602292780056056,fe=13462
formalLocal:outer=1,slot=4,pass=19,op=O6_WA_SWAP,accepted=false,recoveryGain=true,qGain=-0.1378506920366947,fe=13463
formalLocal:outer=1,slot=4,pass=19,op=O7_MA_LOAD_TRANSFER,accepted=false,recoveryGain=true,qGain=-0.9896771852584197,fe=13464
formalLocal:outer=1,slot=4,pass=19,op=O8_MA_WEAK_TO_STRONG,accepted=false,recoveryGain=true,qGain=-0.31344991222666496,fe=13465
formalLocal:outer=1,slot=4,pass=19,op=O9_MA_SWAP,accepted=false,recoveryGain=true,qGain=-0.19730644137352407,fe=13466
formalLocal:outer=1,slot=4,pass=20,op=O1_JS_INSERT,accepted=false,recoveryGain=true,qGain=-0.033664369984817276,fe=13467
formalLocal:outer=1,slot=4,pass=20,op=O2_JS_REVERSE,accepted=false,recoveryGain=true,qGain=-0.5931269305351411,fe=13468
formalLocal:outer=1,slot=4,pass=20,op=O3_JS_SWAP,accepted=false,recoveryGain=true,qGain=-0.399558321358341,fe=13469
formalLocal:outer=1,slot=4,pass=20,op=O4_WA_LOAD_TRANSFER,accepted=false,recoveryGain=true,qGain=-0.39490889543159563,fe=13470
formalLocal:outer=1,slot=4,pass=20,op=O5_WA_WEAK_TO_STRONG,accepted=false,recoveryGain=true,qGain=-0.7602292780056056,fe=13471
formalLocal:outer=1,slot=4,pass=20,op=O6_WA_SWAP,accepted=false,recoveryGain=true,qGain=-0.1378506920366947,fe=13472
formalLocal:outer=1,slot=4,pass=20,op=O7_MA_LOAD_TRANSFER,accepted=false,recoveryGain=true,qGain=-0.9896771852584197,fe=13473
formalLocal:outer=1,slot=4,pass=20,op=O8_MA_WEAK_TO_STRONG,accepted=false,recoveryGain=true,qGain=-0.31344991222666496,fe=13474
formalLocal:outer=1,slot=4,pass=20,op=O9_MA_SWAP,accepted=false,recoveryGain=true,qGain=-0.19730644137352407,fe=13475
formalLocal:outer=1,slot=4,pass=21,op=O1_JS_INSERT,accepted=true,recoveryGain=true,qGain=0.10681028148912916,fe=13476
formalLocal:outer=1,slot=4,pass=21,op=O2_JS_REVERSE,accepted=false,recoveryGain=true,qGain=-0.4288406689466475,fe=13477
formalLocal:outer=1,slot=4,pass=21,op=O3_JS_SWAP,accepted=false,recoveryGain=true,qGain=-1.0,fe=13478
formalLocal:outer=1,slot=4,pass=21,op=O4_WA_LOAD_TRANSFER,accepted=false,recoveryGain=true,qGain=-0.3370101053290073,fe=13479
formalLocal:outer=1,slot=4,pass=21,op=O5_WA_WEAK_TO_STRONG,accepted=false,recoveryGain=true,qGain=-1.0,fe=13480
formalLocal:outer=1,slot=4,pass=21,op=O6_WA_SWAP,accepted=false,recoveryGain=true,qGain=-0.5720340109135286,fe=13481
formalLocal:outer=1,slot=4,pass=21,op=O7_MA_LOAD_TRANSFER,accepted=false,recoveryGain=true,qGain=-0.3959760042775014,fe=13482
formalLocal:outer=1,slot=4,pass=21,op=O8_MA_WEAK_TO_STRONG,accepted=false,recoveryGain=true,qGain=-0.6247584911866247,fe=13483
formalLocal:outer=1,slot=4,pass=21,op=O9_MA_SWAP,accepted=true,recoveryGain=true,qGain=0.021706491868965193,fe=13484
formalLocal:outer=1,slot=4,pass=22,op=O1_JS_INSERT,accepted=false,recoveryGain=true,qGain=-0.3219906709930539,fe=13485
formalLocal:outer=1,slot=4,pass=22,op=O2_JS_REVERSE,accepted=false,recoveryGain=true,qGain=-1.0,fe=13486
formalLocal:outer=1,slot=4,pass=22,op=O3_JS_SWAP,accepted=false,recoveryGain=true,qGain=-1.0,fe=13487
formalLocal:outer=1,slot=4,pass=22,op=O4_WA_LOAD_TRANSFER,accepted=false,recoveryGain=true,qGain=-0.5223955713740545,fe=13488
formalLocal:outer=1,slot=4,pass=22,op=O5_WA_WEAK_TO_STRONG,accepted=false,recoveryGain=true,qGain=-0.5158659562031834,fe=13489
formalLocal:outer=1,slot=4,pass=22,op=O6_WA_SWAP,accepted=false,recoveryGain=true,qGain=-0.9015926408571914,fe=13490
formalLocal:outer=1,slot=4,pass=22,op=O7_MA_LOAD_TRANSFER,accepted=false,recoveryGain=true,qGain=-0.0011393144092700451,fe=13491
formalLocal:outer=1,slot=4,pass=22,op=O8_MA_WEAK_TO_STRONG,accepted=false,recoveryGain=true,qGain=-0.7279129702242638,fe=13492
formalLocal:outer=1,slot=4,pass=22,op=O9_MA_SWAP,accepted=false,recoveryGain=true,qGain=-0.0221881180735156,fe=13493
formalLocal:outer=1,slot=4,pass=23,op=O1_JS_INSERT,accepted=false,recoveryGain=true,qGain=-0.8651066048845698,fe=13494
formalLocal:outer=1,slot=4,pass=23,op=O2_JS_REVERSE,accepted=false,recoveryGain=true,qGain=-1.0,fe=13495
formalLocal:outer=1,slot=4,pass=23,op=O3_JS_SWAP,accepted=false,recoveryGain=true,qGain=-1.0,fe=13496
formalLocal:outer=1,slot=4,pass=23,op=O4_WA_LOAD_TRANSFER,accepted=false,recoveryGain=true,qGain=-0.5223955713740545,fe=13497
formalLocal:outer=1,slot=4,pass=23,op=O5_WA_WEAK_TO_STRONG,accepted=false,recoveryGain=true,qGain=-0.5158659562031834,fe=13498
formalLocal:outer=1,slot=4,pass=23,op=O6_WA_SWAP,accepted=false,recoveryGain=true,qGain=-0.9015926408571914,fe=13499
formalLocal:outer=1,slot=4,pass=23,op=O7_MA_LOAD_TRANSFER,accepted=false,recoveryGain=true,qGain=-0.0011393144092700451,fe=13500
formalLocal:outer=1,slot=4,pass=23,op=O8_MA_WEAK_TO_STRONG,accepted=false,recoveryGain=true,qGain=-0.7279129702242638,fe=13501
formalLocal:outer=1,slot=4,pass=23,op=O9_MA_SWAP,accepted=false,recoveryGain=true,qGain=-0.0221881180735156,fe=13502
formalLocal:outer=1,slot=4,pass=24,op=O1_JS_INSERT,accepted=false,recoveryGain=true,qGain=-0.775758625918668,fe=13503
formalLocal:outer=1,slot=4,pass=24,op=O2_JS_REVERSE,accepted=false,recoveryGain=true,qGain=-1.0,fe=13504
formalLocal:outer=1,slot=4,pass=24,op=O3_JS_SWAP,accepted=false,recoveryGain=true,qGain=-1.0,fe=13505
formalLocal:outer=1,slot=4,pass=24,op=O4_WA_LOAD_TRANSFER,accepted=false,recoveryGain=true,qGain=-0.5223955713740545,fe=13506
formalLocal:outer=1,slot=4,pass=24,op=O5_WA_WEAK_TO_STRONG,accepted=false,recoveryGain=true,qGain=-0.5158659562031834,fe=13507
formalLocal:outer=1,slot=4,pass=24,op=O6_WA_SWAP,accepted=false,recoveryGain=true,qGain=-0.9015926408571914,fe=13508
formalLocal:outer=1,slot=4,pass=24,op=O7_MA_LOAD_TRANSFER,accepted=false,recoveryGain=true,qGain=-0.0011393144092700451,fe=13509
formalLocal:outer=1,slot=4,pass=24,op=O8_MA_WEAK_TO_STRONG,accepted=false,recoveryGain=true,qGain=-0.7279129702242638,fe=13510
formalLocal:outer=1,slot=4,pass=24,op=O9_MA_SWAP,accepted=false,recoveryGain=true,qGain=-0.0221881180735156,fe=13511
formalLocal:outer=1,slot=4,pass=25,op=O1_JS_INSERT,accepted=false,recoveryGain=true,qGain=-1.0,fe=13512
formalLocal:outer=1,slot=4,pass=25,op=O2_JS_REVERSE,accepted=false,recoveryGain=true,qGain=0.0,fe=13513
formalLocal:outer=1,slot=4,pass=25,op=O3_JS_SWAP,accepted=false,recoveryGain=true,qGain=-1.0,fe=13514
formalLocal:outer=1,slot=4,pass=25,op=O4_WA_LOAD_TRANSFER,accepted=false,recoveryGain=true,qGain=-0.5223955713740545,fe=13515
formalLocal:outer=1,slot=4,pass=25,op=O5_WA_WEAK_TO_STRONG,accepted=false,recoveryGain=true,qGain=-0.5158659562031834,fe=13516
formalLocal:outer=1,slot=4,pass=25,op=O6_WA_SWAP,accepted=false,recoveryGain=true,qGain=-0.9015926408571914,fe=13517
formalLocal:outer=1,slot=4,pass=25,op=O7_MA_LOAD_TRANSFER,accepted=false,recoveryGain=true,qGain=-0.0011393144092700451,fe=13518
formalLocal:outer=1,slot=4,pass=25,op=O8_MA_WEAK_TO_STRONG,accepted=false,recoveryGain=true,qGain=-0.7279129702242638,fe=13519
formalLocal:outer=1,slot=4,pass=25,op=O9_MA_SWAP,accepted=false,recoveryGain=true,qGain=-0.0221881180735156,fe=13520
formalLocal:outer=1,slot=4,pass=26,op=O1_JS_INSERT,accepted=false,recoveryGain=true,qGain=-0.299864269325558,fe=13521
formalLocal:outer=1,slot=4,pass=26,op=O2_JS_REVERSE,accepted=false,recoveryGain=true,qGain=-0.9398713395306477,fe=13522
formalLocal:outer=1,slot=4,pass=26,op=O3_JS_SWAP,accepted=true,recoveryGain=true,qGain=0.10297434082637998,fe=13523
formalLocal:outer=1,slot=4,pass=26,op=O4_WA_LOAD_TRANSFER,accepted=false,recoveryGain=true,qGain=-0.6511066129497411,fe=13524
formalLocal:outer=1,slot=4,pass=26,op=O5_WA_WEAK_TO_STRONG,accepted=false,recoveryGain=true,qGain=-0.6916100467403147,fe=13525
formalLocal:outer=1,slot=4,pass=26,op=O6_WA_SWAP,accepted=false,recoveryGain=true,qGain=-0.6208203574432961,fe=13526
formalLocal:outer=1,slot=4,pass=26,op=O7_MA_LOAD_TRANSFER,accepted=false,recoveryGain=true,qGain=-1.0,fe=13527
formalLocal:outer=1,slot=4,pass=26,op=O8_MA_WEAK_TO_STRONG,accepted=false,recoveryGain=true,qGain=-0.5326737691030963,fe=13528
formalLocal:outer=1,slot=4,pass=26,op=O9_MA_SWAP,accepted=false,recoveryGain=true,qGain=-0.4814118429033757,fe=13529
formalLocal:outer=1,slot=4,pass=27,op=O1_JS_INSERT,accepted=false,recoveryGain=true,qGain=-0.4657636089911053,fe=13530
formalLocal:outer=1,slot=4,pass=27,op=O2_JS_REVERSE,accepted=false,recoveryGain=true,qGain=-0.2098856692043966,fe=13531
formalLocal:outer=1,slot=4,pass=27,op=O3_JS_SWAP,accepted=false,recoveryGain=true,qGain=-0.9309726310211985,fe=13532
formalLocal:outer=1,slot=4,pass=27,op=O4_WA_LOAD_TRANSFER,accepted=false,recoveryGain=true,qGain=-0.6511066129497411,fe=13533
formalLocal:outer=1,slot=4,pass=27,op=O5_WA_WEAK_TO_STRONG,accepted=false,recoveryGain=true,qGain=-0.6916100467403147,fe=13534
formalLocal:outer=1,slot=4,pass=27,op=O6_WA_SWAP,accepted=false,recoveryGain=true,qGain=-0.6208203574432961,fe=13535
formalLocal:outer=1,slot=4,pass=27,op=O7_MA_LOAD_TRANSFER,accepted=false,recoveryGain=true,qGain=-1.0,fe=13536
formalLocal:outer=1,slot=4,pass=27,op=O8_MA_WEAK_TO_STRONG,accepted=false,recoveryGain=true,qGain=-0.5326737691030963,fe=13537
formalLocal:outer=1,slot=4,pass=27,op=O9_MA_SWAP,accepted=false,recoveryGain=true,qGain=-0.4814118429033757,fe=13538
formalLocal:outer=1,slot=4,pass=28,op=O1_JS_INSERT,accepted=false,recoveryGain=true,qGain=-1.0,fe=13539
formalLocal:outer=1,slot=4,pass=28,op=O2_JS_REVERSE,accepted=false,recoveryGain=true,qGain=-0.24896413070287857,fe=13540
formalLocal:outer=1,slot=4,pass=28,op=O3_JS_SWAP,accepted=false,recoveryGain=true,qGain=-0.310185877189693,fe=13541
formalLocal:outer=1,slot=4,pass=28,op=O4_WA_LOAD_TRANSFER,accepted=false,recoveryGain=true,qGain=-0.6511066129497411,fe=13542
formalLocal:outer=1,slot=4,pass=28,op=O5_WA_WEAK_TO_STRONG,accepted=false,recoveryGain=true,qGain=-0.6916100467403147,fe=13543
formalLocal:outer=1,slot=4,pass=28,op=O6_WA_SWAP,accepted=false,recoveryGain=true,qGain=-0.6208203574432961,fe=13544
formalLocal:outer=1,slot=4,pass=28,op=O7_MA_LOAD_TRANSFER,accepted=false,recoveryGain=true,qGain=-1.0,fe=13545
formalLocal:outer=1,slot=4,pass=28,op=O8_MA_WEAK_TO_STRONG,accepted=false,recoveryGain=true,qGain=-0.5326737691030963,fe=13546
formalLocal:outer=1,slot=4,pass=28,op=O9_MA_SWAP,accepted=false,recoveryGain=true,qGain=-0.4814118429033757,fe=13547
formalLocal:outer=1,slot=4,pass=29,op=O1_JS_INSERT,accepted=false,recoveryGain=true,qGain=-0.876916808090177,fe=13548
formalLocal:outer=1,slot=4,pass=29,op=O2_JS_REVERSE,accepted=false,recoveryGain=true,qGain=-0.9891996765708376,fe=13549
formalLocal:outer=1,slot=4,pass=29,op=O3_JS_SWAP,accepted=false,recoveryGain=true,qGain=-0.3128540730954798,fe=13550
formalLocal:outer=1,slot=4,pass=29,op=O4_WA_LOAD_TRANSFER,accepted=false,recoveryGain=true,qGain=-0.6511066129497411,fe=13551
formalLocal:outer=1,slot=4,pass=29,op=O5_WA_WEAK_TO_STRONG,accepted=false,recoveryGain=true,qGain=-0.6916100467403147,fe=13552
formalLocal:outer=1,slot=4,pass=29,op=O6_WA_SWAP,accepted=false,recoveryGain=true,qGain=-0.6208203574432961,fe=13553
formalLocal:outer=1,slot=4,pass=29,op=O7_MA_LOAD_TRANSFER,accepted=false,recoveryGain=true,qGain=-1.0,fe=13554
formalLocal:outer=1,slot=4,pass=29,op=O8_MA_WEAK_TO_STRONG,accepted=false,recoveryGain=true,qGain=-0.5326737691030963,fe=13555
formalLocal:outer=1,slot=4,pass=29,op=O9_MA_SWAP,accepted=false,recoveryGain=true,qGain=-0.4814118429033757,fe=13556
formalLocal:outer=1,slot=5,op=CRITICAL_FACTORY_SWAP,accepted=true,fe=13557
formalLocal:outer=1,slot=5,op=CRITICAL_FACTORY_INSERT,accepted=true,fe=13558
formalLocal:outer=1,slot=5,pass=0,op=O1_JS_INSERT,accepted=false,recoveryGain=true,qGain=-0.6790402924615709,fe=13559
formalLocal:outer=1,slot=5,pass=0,op=O2_JS_REVERSE,accepted=false,recoveryGain=true,qGain=-0.19955437997884518,fe=13560
formalLocal:outer=1,slot=5,pass=0,op=O3_JS_SWAP,accepted=true,recoveryGain=true,qGain=0.4436442177257595,fe=13561
formalLocal:outer=1,slot=5,pass=0,op=O4_WA_LOAD_TRANSFER,accepted=false,recoveryGain=true,qGain=-0.5492271210955838,fe=13562
formalLocal:outer=1,slot=5,pass=0,op=O5_WA_WEAK_TO_STRONG,accepted=false,recoveryGain=true,qGain=-0.09306343894355427,fe=13563
formalLocal:outer=1,slot=5,pass=0,op=O6_WA_SWAP,accepted=false,recoveryGain=true,qGain=-0.06195515597054524,fe=13564
formalLocal:outer=1,slot=5,pass=0,op=O7_MA_LOAD_TRANSFER,accepted=true,recoveryGain=true,qGain=0.09303647059808413,fe=13565
formalLocal:outer=1,slot=5,pass=0,op=O8_MA_WEAK_TO_STRONG,accepted=false,recoveryGain=true,qGain=-0.09588375876037838,fe=13566
formalLocal:outer=1,slot=5,pass=0,op=O9_MA_SWAP,accepted=false,recoveryGain=true,qGain=-1.0,fe=13567
formalLocal:outer=1,slot=5,pass=1,op=O1_JS_INSERT,accepted=false,recoveryGain=true,qGain=-0.7245813155611915,fe=13568
formalLocal:outer=1,slot=5,pass=1,op=O2_JS_REVERSE,accepted=false,recoveryGain=true,qGain=-1.0,fe=13569
formalLocal:outer=1,slot=5,pass=1,op=O3_JS_SWAP,accepted=false,recoveryGain=true,qGain=-0.6836905776154238,fe=13570
formalLocal:outer=1,slot=5,pass=1,op=O4_WA_LOAD_TRANSFER,accepted=false,recoveryGain=true,qGain=-1.0,fe=13571
formalLocal:outer=1,slot=5,pass=1,op=O5_WA_WEAK_TO_STRONG,accepted=false,recoveryGain=true,qGain=-0.14639694768090755,fe=13572
formalLocal:outer=1,slot=5,pass=1,op=O6_WA_SWAP,accepted=false,recoveryGain=true,qGain=-1.0,fe=13573
formalLocal:outer=1,slot=5,pass=1,op=O7_MA_LOAD_TRANSFER,accepted=false,recoveryGain=true,qGain=-0.16544316567971906,fe=13574
formalLocal:outer=1,slot=5,pass=1,op=O8_MA_WEAK_TO_STRONG,accepted=false,recoveryGain=true,qGain=-0.09588375876037838,fe=13575
formalLocal:outer=1,slot=5,pass=1,op=O9_MA_SWAP,accepted=false,recoveryGain=true,qGain=-1.0,fe=13576
formalLocal:outer=1,slot=5,pass=2,op=O1_JS_INSERT,accepted=false,recoveryGain=true,qGain=-1.0,fe=13577
formalLocal:outer=1,slot=5,pass=2,op=O2_JS_REVERSE,accepted=false,recoveryGain=true,qGain=-1.0,fe=13578
formalLocal:outer=1,slot=5,pass=2,op=O3_JS_SWAP,accepted=true,recoveryGain=true,qGain=0.06302558271888062,fe=13579
formalLocal:outer=1,slot=5,pass=2,op=O4_WA_LOAD_TRANSFER,accepted=false,recoveryGain=true,qGain=-0.7658778110977471,fe=13580
formalLocal:outer=1,slot=5,pass=2,op=O5_WA_WEAK_TO_STRONG,accepted=true,recoveryGain=true,qGain=0.026948330800131887,fe=13581
formalLocal:outer=1,slot=5,pass=2,op=O6_WA_SWAP,accepted=false,recoveryGain=true,qGain=-1.0,fe=13582
formalLocal:outer=1,slot=5,pass=2,op=O7_MA_LOAD_TRANSFER,accepted=false,recoveryGain=true,qGain=-0.3056407657343483,fe=13583
formalLocal:outer=1,slot=5,pass=2,op=O8_MA_WEAK_TO_STRONG,accepted=true,recoveryGain=true,qGain=0.42758516079631587,fe=13584
formalLocal:outer=1,slot=5,pass=2,op=O9_MA_SWAP,accepted=false,recoveryGain=true,qGain=-1.0,fe=13585
formalLocal:outer=1,slot=5,pass=3,op=O1_JS_INSERT,accepted=false,recoveryGain=true,qGain=-1.0,fe=13586
formalLocal:outer=1,slot=5,pass=3,op=O2_JS_REVERSE,accepted=false,recoveryGain=true,qGain=-1.0,fe=13587
formalLocal:outer=1,slot=5,pass=3,op=O3_JS_SWAP,accepted=false,recoveryGain=true,qGain=-0.8101907937800343,fe=13588
formalLocal:outer=1,slot=5,pass=3,op=O4_WA_LOAD_TRANSFER,accepted=false,recoveryGain=true,qGain=-1.0,fe=13589
formalLocal:outer=1,slot=5,pass=3,op=O5_WA_WEAK_TO_STRONG,accepted=false,recoveryGain=true,qGain=-1.0,fe=13590
formalLocal:outer=1,slot=5,pass=3,op=O6_WA_SWAP,accepted=false,recoveryGain=true,qGain=-1.0,fe=13591
formalLocal:outer=1,slot=5,pass=3,op=O7_MA_LOAD_TRANSFER,accepted=false,recoveryGain=true,qGain=-1.0,fe=13592
formalLocal:outer=1,slot=5,pass=3,op=O8_MA_WEAK_TO_STRONG,accepted=false,recoveryGain=true,qGain=-1.0,fe=13593
formalLocal:outer=1,slot=5,pass=3,op=O9_MA_SWAP,accepted=false,recoveryGain=true,qGain=-1.0,fe=13594
formalLocal:outer=1,slot=5,pass=4,op=O1_JS_INSERT,accepted=false,recoveryGain=true,qGain=-0.9489428368803681,fe=13595
formalLocal:outer=1,slot=5,pass=4,op=O2_JS_REVERSE,accepted=false,recoveryGain=true,qGain=-1.0,fe=13596
formalLocal:outer=1,slot=5,pass=4,op=O3_JS_SWAP,accepted=false,recoveryGain=true,qGain=-1.0,fe=13597
formalLocal:outer=1,slot=5,pass=4,op=O4_WA_LOAD_TRANSFER,accepted=false,recoveryGain=true,qGain=-1.0,fe=13598
formalLocal:outer=1,slot=5,pass=4,op=O5_WA_WEAK_TO_STRONG,accepted=false,recoveryGain=true,qGain=-1.0,fe=13599
formalLocal:outer=1,slot=5,pass=4,op=O6_WA_SWAP,accepted=false,recoveryGain=true,qGain=-1.0,fe=13600
formalLocal:outer=1,slot=5,pass=4,op=O7_MA_LOAD_TRANSFER,accepted=false,recoveryGain=true,qGain=-1.0,fe=13601
formalLocal:outer=1,slot=5,pass=4,op=O8_MA_WEAK_TO_STRONG,accepted=false,recoveryGain=true,qGain=-1.0,fe=13602
formalLocal:outer=1,slot=5,pass=4,op=O9_MA_SWAP,accepted=false,recoveryGain=true,qGain=-1.0,fe=13603
formalLocal:outer=1,slot=5,pass=5,op=O1_JS_INSERT,accepted=false,recoveryGain=true,qGain=-0.8234725648014497,fe=13604
formalLocal:outer=1,slot=5,pass=5,op=O2_JS_REVERSE,accepted=false,recoveryGain=true,qGain=-1.0,fe=13605
formalLocal:outer=1,slot=5,pass=5,op=O3_JS_SWAP,accepted=false,recoveryGain=true,qGain=-0.20372191697671363,fe=13606
formalLocal:outer=1,slot=5,pass=5,op=O4_WA_LOAD_TRANSFER,accepted=false,recoveryGain=true,qGain=-1.0,fe=13607
formalLocal:outer=1,slot=5,pass=5,op=O5_WA_WEAK_TO_STRONG,accepted=false,recoveryGain=true,qGain=-1.0,fe=13608
formalLocal:outer=1,slot=5,pass=5,op=O6_WA_SWAP,accepted=false,recoveryGain=true,qGain=-1.0,fe=13609
formalLocal:outer=1,slot=5,pass=5,op=O7_MA_LOAD_TRANSFER,accepted=false,recoveryGain=true,qGain=-1.0,fe=13610
formalLocal:outer=1,slot=5,pass=5,op=O8_MA_WEAK_TO_STRONG,accepted=false,recoveryGain=true,qGain=-1.0,fe=13611
formalLocal:outer=1,slot=5,pass=5,op=O9_MA_SWAP,accepted=false,recoveryGain=true,qGain=-1.0,fe=13612
formalLocal:outer=1,slot=5,pass=6,op=O1_JS_INSERT,accepted=false,recoveryGain=true,qGain=-1.0,fe=13613
formalLocal:outer=1,slot=5,pass=6,op=O2_JS_REVERSE,accepted=false,recoveryGain=true,qGain=-1.0,fe=13614
formalLocal:outer=1,slot=5,pass=6,op=O3_JS_SWAP,accepted=false,recoveryGain=true,qGain=-1.0,fe=13615
formalLocal:outer=1,slot=5,pass=6,op=O4_WA_LOAD_TRANSFER,accepted=false,recoveryGain=true,qGain=-1.0,fe=13616
formalLocal:outer=1,slot=5,pass=6,op=O5_WA_WEAK_TO_STRONG,accepted=false,recoveryGain=true,qGain=-1.0,fe=13617
formalLocal:outer=1,slot=5,pass=6,op=O6_WA_SWAP,accepted=false,recoveryGain=true,qGain=-1.0,fe=13618
formalLocal:outer=1,slot=5,pass=6,op=O7_MA_LOAD_TRANSFER,accepted=false,recoveryGain=true,qGain=-1.0,fe=13619
formalLocal:outer=1,slot=5,pass=6,op=O8_MA_WEAK_TO_STRONG,accepted=false,recoveryGain=true,qGain=-1.0,fe=13620
formalLocal:outer=1,slot=5,pass=6,op=O9_MA_SWAP,accepted=false,recoveryGain=true,qGain=-1.0,fe=13621
formalLocal:outer=1,slot=5,pass=7,op=O1_JS_INSERT,accepted=false,recoveryGain=true,qGain=-1.0,fe=13622
formalLocal:outer=1,slot=5,pass=7,op=O2_JS_REVERSE,accepted=false,recoveryGain=true,qGain=-1.0,fe=13623
formalLocal:outer=1,slot=5,pass=7,op=O3_JS_SWAP,accepted=false,recoveryGain=true,qGain=-0.2571152838489518,fe=13624
formalLocal:outer=1,slot=5,pass=7,op=O4_WA_LOAD_TRANSFER,accepted=false,recoveryGain=true,qGain=-1.0,fe=13625
formalLocal:outer=1,slot=5,pass=7,op=O5_WA_WEAK_TO_STRONG,accepted=false,recoveryGain=true,qGain=-1.0,fe=13626
formalLocal:outer=1,slot=5,pass=7,op=O6_WA_SWAP,accepted=false,recoveryGain=true,qGain=-1.0,fe=13627
formalLocal:outer=1,slot=5,pass=7,op=O7_MA_LOAD_TRANSFER,accepted=false,recoveryGain=true,qGain=-1.0,fe=13628
formalLocal:outer=1,slot=5,pass=7,op=O8_MA_WEAK_TO_STRONG,accepted=false,recoveryGain=true,qGain=-1.0,fe=13629
formalLocal:outer=1,slot=5,pass=7,op=O9_MA_SWAP,accepted=false,recoveryGain=true,qGain=-1.0,fe=13630
formalLocal:outer=1,slot=5,pass=8,op=O1_JS_INSERT,accepted=false,recoveryGain=true,qGain=-1.0,fe=13631
formalLocal:outer=1,slot=5,pass=8,op=O2_JS_REVERSE,accepted=false,recoveryGain=true,qGain=-1.0,fe=13632
formalLocal:outer=1,slot=5,pass=8,op=O3_JS_SWAP,accepted=false,recoveryGain=true,qGain=-0.5080395085506544,fe=13633
formalLocal:outer=1,slot=5,pass=8,op=O4_WA_LOAD_TRANSFER,accepted=false,recoveryGain=true,qGain=-1.0,fe=13634
formalLocal:outer=1,slot=5,pass=8,op=O5_WA_WEAK_TO_STRONG,accepted=false,recoveryGain=true,qGain=-1.0,fe=13635
formalLocal:outer=1,slot=5,pass=8,op=O6_WA_SWAP,accepted=false,recoveryGain=true,qGain=-1.0,fe=13636
formalLocal:outer=1,slot=5,pass=8,op=O7_MA_LOAD_TRANSFER,accepted=false,recoveryGain=true,qGain=-1.0,fe=13637
formalLocal:outer=1,slot=5,pass=8,op=O8_MA_WEAK_TO_STRONG,accepted=false,recoveryGain=true,qGain=-1.0,fe=13638
formalLocal:outer=1,slot=5,pass=8,op=O9_MA_SWAP,accepted=false,recoveryGain=true,qGain=-1.0,fe=13639
formalLocal:outer=1,slot=5,pass=9,op=O1_JS_INSERT,accepted=false,recoveryGain=true,qGain=-1.0,fe=13640
formalLocal:outer=1,slot=5,pass=9,op=O2_JS_REVERSE,accepted=false,recoveryGain=true,qGain=-1.0,fe=13641
formalLocal:outer=1,slot=5,pass=9,op=O3_JS_SWAP,accepted=false,recoveryGain=true,qGain=-0.8132579149322827,fe=13642
formalLocal:outer=1,slot=5,pass=9,op=O4_WA_LOAD_TRANSFER,accepted=false,recoveryGain=true,qGain=-1.0,fe=13643
formalLocal:outer=1,slot=5,pass=9,op=O5_WA_WEAK_TO_STRONG,accepted=false,recoveryGain=true,qGain=-1.0,fe=13644
formalLocal:outer=1,slot=5,pass=9,op=O6_WA_SWAP,accepted=false,recoveryGain=true,qGain=-1.0,fe=13645
formalLocal:outer=1,slot=5,pass=9,op=O7_MA_LOAD_TRANSFER,accepted=false,recoveryGain=true,qGain=-1.0,fe=13646
formalLocal:outer=1,slot=5,pass=9,op=O8_MA_WEAK_TO_STRONG,accepted=false,recoveryGain=true,qGain=-1.0,fe=13647
formalLocal:outer=1,slot=5,pass=9,op=O9_MA_SWAP,accepted=false,recoveryGain=true,qGain=-1.0,fe=13648
formalLocal:outer=1,slot=5,pass=10,op=O1_JS_INSERT,accepted=false,recoveryGain=true,qGain=-1.0,fe=13649
formalLocal:outer=1,slot=5,pass=10,op=O2_JS_REVERSE,accepted=false,recoveryGain=true,qGain=-1.0,fe=13650
formalLocal:outer=1,slot=5,pass=10,op=O3_JS_SWAP,accepted=false,recoveryGain=true,qGain=0.0,fe=13651
formalLocal:outer=1,slot=5,pass=10,op=O4_WA_LOAD_TRANSFER,accepted=false,recoveryGain=true,qGain=-1.0,fe=13652
formalLocal:outer=1,slot=5,pass=10,op=O5_WA_WEAK_TO_STRONG,accepted=false,recoveryGain=true,qGain=-1.0,fe=13653
formalLocal:outer=1,slot=5,pass=10,op=O6_WA_SWAP,accepted=false,recoveryGain=true,qGain=-1.0,fe=13654
formalLocal:outer=1,slot=5,pass=10,op=O7_MA_LOAD_TRANSFER,accepted=false,recoveryGain=true,qGain=-1.0,fe=13655
formalLocal:outer=1,slot=5,pass=10,op=O8_MA_WEAK_TO_STRONG,accepted=false,recoveryGain=true,qGain=-1.0,fe=13656
formalLocal:outer=1,slot=5,pass=10,op=O9_MA_SWAP,accepted=false,recoveryGain=true,qGain=-1.0,fe=13657
formalLocal:outer=1,slot=5,pass=11,op=O1_JS_INSERT,accepted=false,recoveryGain=true,qGain=-0.8289905275739584,fe=13658
formalLocal:outer=1,slot=5,pass=11,op=O2_JS_REVERSE,accepted=false,recoveryGain=true,qGain=-1.0,fe=13659
formalLocal:outer=1,slot=5,pass=11,op=O3_JS_SWAP,accepted=true,recoveryGain=true,qGain=0.6570235003534113,fe=13660
formalLocal:outer=1,slot=5,pass=11,op=O4_WA_LOAD_TRANSFER,accepted=false,recoveryGain=true,qGain=-1.0,fe=13661
formalLocal:outer=1,slot=5,pass=11,op=O5_WA_WEAK_TO_STRONG,accepted=false,recoveryGain=true,qGain=-1.0,fe=13662
formalLocal:outer=1,slot=5,pass=11,op=O6_WA_SWAP,accepted=false,recoveryGain=true,qGain=-1.0,fe=13663
formalLocal:outer=1,slot=5,pass=11,op=O7_MA_LOAD_TRANSFER,accepted=false,recoveryGain=true,qGain=-1.0,fe=13664
formalLocal:outer=1,slot=5,pass=11,op=O8_MA_WEAK_TO_STRONG,accepted=false,recoveryGain=true,qGain=-1.0,fe=13665
formalLocal:outer=1,slot=5,pass=11,op=O9_MA_SWAP,accepted=false,recoveryGain=true,qGain=-1.0,fe=13666
formalLocal:outer=1,slot=5,pass=12,op=O1_JS_INSERT,accepted=false,recoveryGain=true,qGain=-1.0,fe=13667
formalLocal:outer=1,slot=5,pass=12,op=O2_JS_REVERSE,accepted=false,recoveryGain=true,qGain=-1.0,fe=13668
formalLocal:outer=1,slot=5,pass=12,op=O3_JS_SWAP,accepted=false,recoveryGain=true,qGain=-1.0,fe=13669
formalLocal:outer=1,slot=5,pass=12,op=O4_WA_LOAD_TRANSFER,accepted=false,recoveryGain=true,qGain=-1.0,fe=13670
formalLocal:outer=1,slot=5,pass=12,op=O5_WA_WEAK_TO_STRONG,accepted=false,recoveryGain=true,qGain=-1.0,fe=13671
formalLocal:outer=1,slot=5,pass=12,op=O6_WA_SWAP,accepted=false,recoveryGain=true,qGain=-1.0,fe=13672
formalLocal:outer=1,slot=5,pass=12,op=O7_MA_LOAD_TRANSFER,accepted=false,recoveryGain=true,qGain=-1.0,fe=13673
formalLocal:outer=1,slot=5,pass=12,op=O8_MA_WEAK_TO_STRONG,accepted=false,recoveryGain=true,qGain=-1.0,fe=13674
formalLocal:outer=1,slot=5,pass=12,op=O9_MA_SWAP,accepted=false,recoveryGain=true,qGain=-1.0,fe=13675
formalLocal:outer=1,slot=5,pass=13,op=O1_JS_INSERT,accepted=false,recoveryGain=true,qGain=-0.4416433866316422,fe=13676
formalLocal:outer=1,slot=5,pass=13,op=O2_JS_REVERSE,accepted=false,recoveryGain=true,qGain=-1.0,fe=13677
formalLocal:outer=1,slot=5,pass=13,op=O3_JS_SWAP,accepted=false,recoveryGain=true,qGain=-1.0,fe=13678
formalLocal:outer=1,slot=5,pass=13,op=O4_WA_LOAD_TRANSFER,accepted=false,recoveryGain=true,qGain=-1.0,fe=13679
formalLocal:outer=1,slot=5,pass=13,op=O5_WA_WEAK_TO_STRONG,accepted=false,recoveryGain=true,qGain=-1.0,fe=13680
formalLocal:outer=1,slot=5,pass=13,op=O6_WA_SWAP,accepted=false,recoveryGain=true,qGain=-1.0,fe=13681
formalLocal:outer=1,slot=5,pass=13,op=O7_MA_LOAD_TRANSFER,accepted=false,recoveryGain=true,qGain=-1.0,fe=13682
formalLocal:outer=1,slot=5,pass=13,op=O8_MA_WEAK_TO_STRONG,accepted=false,recoveryGain=true,qGain=-1.0,fe=13683
formalLocal:outer=1,slot=5,pass=13,op=O9_MA_SWAP,accepted=false,recoveryGain=true,qGain=-1.0,fe=13684
formalLocal:outer=1,slot=5,pass=14,op=O1_JS_INSERT,accepted=false,recoveryGain=true,qGain=-1.0,fe=13685
formalLocal:outer=1,slot=5,pass=14,op=O2_JS_REVERSE,accepted=false,recoveryGain=true,qGain=-0.036116201268289364,fe=13686
formalLocal:outer=1,slot=5,pass=14,op=O3_JS_SWAP,accepted=false,recoveryGain=true,qGain=-1.0,fe=13687
formalLocal:outer=1,slot=5,pass=14,op=O4_WA_LOAD_TRANSFER,accepted=false,recoveryGain=true,qGain=-1.0,fe=13688
formalLocal:outer=1,slot=5,pass=14,op=O5_WA_WEAK_TO_STRONG,accepted=false,recoveryGain=true,qGain=-1.0,fe=13689
formalLocal:outer=1,slot=5,pass=14,op=O6_WA_SWAP,accepted=false,recoveryGain=true,qGain=-1.0,fe=13690
formalLocal:outer=1,slot=5,pass=14,op=O7_MA_LOAD_TRANSFER,accepted=false,recoveryGain=true,qGain=-1.0,fe=13691
formalLocal:outer=1,slot=5,pass=14,op=O8_MA_WEAK_TO_STRONG,accepted=false,recoveryGain=true,qGain=-1.0,fe=13692
formalLocal:outer=1,slot=5,pass=14,op=O9_MA_SWAP,accepted=false,recoveryGain=true,qGain=-1.0,fe=13693
formalLocal:outer=1,slot=5,pass=15,op=O1_JS_INSERT,accepted=false,recoveryGain=true,qGain=-1.0,fe=13694
formalLocal:outer=1,slot=5,pass=15,op=O2_JS_REVERSE,accepted=false,recoveryGain=true,qGain=-1.0,fe=13695
formalLocal:outer=1,slot=5,pass=15,op=O3_JS_SWAP,accepted=false,recoveryGain=true,qGain=-1.0,fe=13696
formalLocal:outer=1,slot=5,pass=15,op=O4_WA_LOAD_TRANSFER,accepted=false,recoveryGain=true,qGain=-1.0,fe=13697
formalLocal:outer=1,slot=5,pass=15,op=O5_WA_WEAK_TO_STRONG,accepted=false,recoveryGain=true,qGain=-1.0,fe=13698
formalLocal:outer=1,slot=5,pass=15,op=O6_WA_SWAP,accepted=false,recoveryGain=true,qGain=-1.0,fe=13699
formalLocal:outer=1,slot=5,pass=15,op=O7_MA_LOAD_TRANSFER,accepted=false,recoveryGain=true,qGain=-1.0,fe=13700
formalLocal:outer=1,slot=5,pass=15,op=O8_MA_WEAK_TO_STRONG,accepted=false,recoveryGain=true,qGain=-1.0,fe=13701
formalLocal:outer=1,slot=5,pass=15,op=O9_MA_SWAP,accepted=false,recoveryGain=true,qGain=-1.0,fe=13702
formalLocal:outer=1,slot=5,pass=16,op=O1_JS_INSERT,accepted=false,recoveryGain=true,qGain=-1.0,fe=13703
formalLocal:outer=1,slot=5,pass=16,op=O2_JS_REVERSE,accepted=false,recoveryGain=true,qGain=-1.0,fe=13704
formalLocal:outer=1,slot=5,pass=16,op=O3_JS_SWAP,accepted=false,recoveryGain=true,qGain=-1.0,fe=13705
formalLocal:outer=1,slot=5,pass=16,op=O4_WA_LOAD_TRANSFER,accepted=false,recoveryGain=true,qGain=-1.0,fe=13706
formalLocal:outer=1,slot=5,pass=16,op=O5_WA_WEAK_TO_STRONG,accepted=false,recoveryGain=true,qGain=-1.0,fe=13707
formalLocal:outer=1,slot=5,pass=16,op=O6_WA_SWAP,accepted=false,recoveryGain=true,qGain=-1.0,fe=13708
formalLocal:outer=1,slot=5,pass=16,op=O7_MA_LOAD_TRANSFER,accepted=false,recoveryGain=true,qGain=-1.0,fe=13709
formalLocal:outer=1,slot=5,pass=16,op=O8_MA_WEAK_TO_STRONG,accepted=false,recoveryGain=true,qGain=-1.0,fe=13710
formalLocal:outer=1,slot=5,pass=16,op=O9_MA_SWAP,accepted=false,recoveryGain=true,qGain=-1.0,fe=13711
formalLocal:outer=1,slot=5,pass=17,op=O1_JS_INSERT,accepted=false,recoveryGain=true,qGain=-1.0,fe=13712
formalLocal:outer=1,slot=5,pass=17,op=O2_JS_REVERSE,accepted=false,recoveryGain=true,qGain=-1.0,fe=13713
formalLocal:outer=1,slot=5,pass=17,op=O3_JS_SWAP,accepted=false,recoveryGain=true,qGain=-1.0,fe=13714
formalLocal:outer=1,slot=5,pass=17,op=O4_WA_LOAD_TRANSFER,accepted=false,recoveryGain=true,qGain=-1.0,fe=13715
formalLocal:outer=1,slot=5,pass=17,op=O5_WA_WEAK_TO_STRONG,accepted=false,recoveryGain=true,qGain=-1.0,fe=13716
formalLocal:outer=1,slot=5,pass=17,op=O6_WA_SWAP,accepted=false,recoveryGain=true,qGain=-1.0,fe=13717
formalLocal:outer=1,slot=5,pass=17,op=O7_MA_LOAD_TRANSFER,accepted=false,recoveryGain=true,qGain=-1.0,fe=13718
formalLocal:outer=1,slot=5,pass=17,op=O8_MA_WEAK_TO_STRONG,accepted=false,recoveryGain=true,qGain=-1.0,fe=13719
formalLocal:outer=1,slot=5,pass=17,op=O9_MA_SWAP,accepted=false,recoveryGain=true,qGain=-1.0,fe=13720
formalLocal:outer=1,slot=5,pass=18,op=O1_JS_INSERT,accepted=false,recoveryGain=true,qGain=-1.0,fe=13721
formalLocal:outer=1,slot=5,pass=18,op=O2_JS_REVERSE,accepted=false,recoveryGain=true,qGain=-1.0,fe=13722
formalLocal:outer=1,slot=5,pass=18,op=O3_JS_SWAP,accepted=false,recoveryGain=true,qGain=-1.0,fe=13723
formalLocal:outer=1,slot=5,pass=18,op=O4_WA_LOAD_TRANSFER,accepted=false,recoveryGain=true,qGain=-1.0,fe=13724
formalLocal:outer=1,slot=5,pass=18,op=O5_WA_WEAK_TO_STRONG,accepted=false,recoveryGain=true,qGain=-1.0,fe=13725
formalLocal:outer=1,slot=5,pass=18,op=O6_WA_SWAP,accepted=false,recoveryGain=true,qGain=-1.0,fe=13726
formalLocal:outer=1,slot=5,pass=18,op=O7_MA_LOAD_TRANSFER,accepted=false,recoveryGain=true,qGain=-1.0,fe=13727
formalLocal:outer=1,slot=5,pass=18,op=O8_MA_WEAK_TO_STRONG,accepted=false,recoveryGain=true,qGain=-1.0,fe=13728
formalLocal:outer=1,slot=5,pass=18,op=O9_MA_SWAP,accepted=false,recoveryGain=true,qGain=-1.0,fe=13729
formalLocal:outer=1,slot=5,pass=19,op=O1_JS_INSERT,accepted=false,recoveryGain=true,qGain=-1.0,fe=13730
formalLocal:outer=1,slot=5,pass=19,op=O2_JS_REVERSE,accepted=false,recoveryGain=true,qGain=-1.0,fe=13731
formalLocal:outer=1,slot=5,pass=19,op=O3_JS_SWAP,accepted=false,recoveryGain=true,qGain=0.0,fe=13732
formalLocal:outer=1,slot=5,pass=19,op=O4_WA_LOAD_TRANSFER,accepted=false,recoveryGain=true,qGain=-1.0,fe=13733
formalLocal:outer=1,slot=5,pass=19,op=O5_WA_WEAK_TO_STRONG,accepted=false,recoveryGain=true,qGain=-1.0,fe=13734
formalLocal:outer=1,slot=5,pass=19,op=O6_WA_SWAP,accepted=false,recoveryGain=true,qGain=-1.0,fe=13735
formalLocal:outer=1,slot=5,pass=19,op=O7_MA_LOAD_TRANSFER,accepted=false,recoveryGain=true,qGain=-1.0,fe=13736
formalLocal:outer=1,slot=5,pass=19,op=O8_MA_WEAK_TO_STRONG,accepted=false,recoveryGain=true,qGain=-1.0,fe=13737
formalLocal:outer=1,slot=5,pass=19,op=O9_MA_SWAP,accepted=false,recoveryGain=true,qGain=-1.0,fe=13738
formalLocal:outer=1,slot=5,pass=20,op=O1_JS_INSERT,accepted=true,recoveryGain=true,qGain=0.32165953469820835,fe=13739
formalLocal:outer=1,slot=5,pass=20,op=O2_JS_REVERSE,accepted=false,recoveryGain=true,qGain=-1.0,fe=13740
formalLocal:outer=1,slot=5,pass=20,op=O3_JS_SWAP,accepted=false,recoveryGain=true,qGain=-1.0,fe=13741
formalLocal:outer=1,slot=5,pass=20,op=O4_WA_LOAD_TRANSFER,accepted=false,recoveryGain=true,qGain=-1.0,fe=13742
formalLocal:outer=1,slot=5,pass=20,op=O5_WA_WEAK_TO_STRONG,accepted=true,recoveryGain=true,qGain=0.3813342737675182,fe=13743
formalLocal:outer=1,slot=5,pass=20,op=O6_WA_SWAP,accepted=false,recoveryGain=true,qGain=-1.0,fe=13744
formalLocal:outer=1,slot=5,pass=20,op=O7_MA_LOAD_TRANSFER,accepted=false,recoveryGain=true,qGain=-1.0,fe=13745
formalLocal:outer=1,slot=5,pass=20,op=O8_MA_WEAK_TO_STRONG,accepted=false,recoveryGain=true,qGain=-1.0,fe=13746
formalLocal:outer=1,slot=5,pass=20,op=O9_MA_SWAP,accepted=false,recoveryGain=true,qGain=-1.0,fe=13747
formalLocal:outer=1,slot=5,pass=21,op=O1_JS_INSERT,accepted=false,recoveryGain=true,qGain=-1.0,fe=13748
formalLocal:outer=1,slot=5,pass=21,op=O2_JS_REVERSE,accepted=false,recoveryGain=true,qGain=-1.0,fe=13749
formalLocal:outer=1,slot=5,pass=21,op=O3_JS_SWAP,accepted=false,recoveryGain=true,qGain=-1.0,fe=13750
formalLocal:outer=1,slot=5,pass=21,op=O4_WA_LOAD_TRANSFER,accepted=false,recoveryGain=true,qGain=-1.0,fe=13751
formalLocal:outer=1,slot=5,pass=21,op=O5_WA_WEAK_TO_STRONG,accepted=false,recoveryGain=true,qGain=-1.0,fe=13752
formalLocal:outer=1,slot=5,pass=21,op=O6_WA_SWAP,accepted=false,recoveryGain=true,qGain=-1.0,fe=13753
formalLocal:outer=1,slot=5,pass=21,op=O7_MA_LOAD_TRANSFER,accepted=false,recoveryGain=true,qGain=-1.0,fe=13754
formalLocal:outer=1,slot=5,pass=21,op=O8_MA_WEAK_TO_STRONG,accepted=false,recoveryGain=true,qGain=-1.0,fe=13755
formalLocal:outer=1,slot=5,pass=21,op=O9_MA_SWAP,accepted=false,recoveryGain=true,qGain=-1.0,fe=13756
formalLocal:outer=1,slot=5,pass=22,op=O1_JS_INSERT,accepted=false,recoveryGain=true,qGain=-1.0,fe=13757
formalLocal:outer=1,slot=5,pass=22,op=O2_JS_REVERSE,accepted=false,recoveryGain=true,qGain=0.0,fe=13758
formalLocal:outer=1,slot=5,pass=22,op=O3_JS_SWAP,accepted=false,recoveryGain=true,qGain=-1.0,fe=13759
formalLocal:outer=1,slot=5,pass=22,op=O4_WA_LOAD_TRANSFER,accepted=false,recoveryGain=true,qGain=-1.0,fe=13760
formalLocal:outer=1,slot=5,pass=22,op=O5_WA_WEAK_TO_STRONG,accepted=false,recoveryGain=true,qGain=-1.0,fe=13761
formalLocal:outer=1,slot=5,pass=22,op=O6_WA_SWAP,accepted=false,recoveryGain=true,qGain=-1.0,fe=13762
formalLocal:outer=1,slot=5,pass=22,op=O7_MA_LOAD_TRANSFER,accepted=false,recoveryGain=true,qGain=-1.0,fe=13763
formalLocal:outer=1,slot=5,pass=22,op=O8_MA_WEAK_TO_STRONG,accepted=false,recoveryGain=true,qGain=-1.0,fe=13764
formalLocal:outer=1,slot=5,pass=22,op=O9_MA_SWAP,accepted=false,recoveryGain=true,qGain=-1.0,fe=13765
formalLocal:outer=1,slot=5,pass=23,op=O1_JS_INSERT,accepted=false,recoveryGain=true,qGain=-1.0,fe=13766
formalLocal:outer=1,slot=5,pass=23,op=O2_JS_REVERSE,accepted=false,recoveryGain=true,qGain=-1.0,fe=13767
formalLocal:outer=1,slot=5,pass=23,op=O3_JS_SWAP,accepted=false,recoveryGain=true,qGain=-1.0,fe=13768
formalLocal:outer=1,slot=5,pass=23,op=O4_WA_LOAD_TRANSFER,accepted=false,recoveryGain=true,qGain=-1.0,fe=13769
formalLocal:outer=1,slot=5,pass=23,op=O5_WA_WEAK_TO_STRONG,accepted=false,recoveryGain=true,qGain=-1.0,fe=13770
formalLocal:outer=1,slot=5,pass=23,op=O6_WA_SWAP,accepted=false,recoveryGain=true,qGain=-1.0,fe=13771
formalLocal:outer=1,slot=5,pass=23,op=O7_MA_LOAD_TRANSFER,accepted=false,recoveryGain=true,qGain=-1.0,fe=13772
formalLocal:outer=1,slot=5,pass=23,op=O8_MA_WEAK_TO_STRONG,accepted=false,recoveryGain=true,qGain=-1.0,fe=13773
formalLocal:outer=1,slot=5,pass=23,op=O9_MA_SWAP,accepted=false,recoveryGain=true,qGain=-1.0,fe=13774
formalLocal:outer=1,slot=5,pass=24,op=O1_JS_INSERT,accepted=false,recoveryGain=true,qGain=-1.0,fe=13775
formalLocal:outer=1,slot=5,pass=24,op=O2_JS_REVERSE,accepted=false,recoveryGain=true,qGain=-1.0,fe=13776
formalLocal:outer=1,slot=5,pass=24,op=O3_JS_SWAP,accepted=false,recoveryGain=true,qGain=-1.0,fe=13777
formalLocal:outer=1,slot=5,pass=24,op=O4_WA_LOAD_TRANSFER,accepted=false,recoveryGain=true,qGain=-1.0,fe=13778
formalLocal:outer=1,slot=5,pass=24,op=O5_WA_WEAK_TO_STRONG,accepted=false,recoveryGain=true,qGain=-1.0,fe=13779
formalLocal:outer=1,slot=5,pass=24,op=O6_WA_SWAP,accepted=false,recoveryGain=true,qGain=-1.0,fe=13780
formalLocal:outer=1,slot=5,pass=24,op=O7_MA_LOAD_TRANSFER,accepted=false,recoveryGain=true,qGain=-1.0,fe=13781
formalLocal:outer=1,slot=5,pass=24,op=O8_MA_WEAK_TO_STRONG,accepted=false,recoveryGain=true,qGain=-1.0,fe=13782
formalLocal:outer=1,slot=5,pass=24,op=O9_MA_SWAP,accepted=false,recoveryGain=true,qGain=-1.0,fe=13783
formalLocal:outer=1,slot=5,pass=25,op=O1_JS_INSERT,accepted=false,recoveryGain=true,qGain=-0.6258201520370592,fe=13784
formalLocal:outer=1,slot=5,pass=25,op=O2_JS_REVERSE,accepted=false,recoveryGain=true,qGain=-1.0,fe=13785
formalLocal:outer=1,slot=5,pass=25,op=O3_JS_SWAP,accepted=false,recoveryGain=true,qGain=0.0,fe=13786
formalLocal:outer=1,slot=5,pass=25,op=O4_WA_LOAD_TRANSFER,accepted=false,recoveryGain=true,qGain=-1.0,fe=13787
formalLocal:outer=1,slot=5,pass=25,op=O5_WA_WEAK_TO_STRONG,accepted=false,recoveryGain=true,qGain=-1.0,fe=13788
formalLocal:outer=1,slot=5,pass=25,op=O6_WA_SWAP,accepted=false,recoveryGain=true,qGain=-1.0,fe=13789
formalLocal:outer=1,slot=5,pass=25,op=O7_MA_LOAD_TRANSFER,accepted=false,recoveryGain=true,qGain=-1.0,fe=13790
formalLocal:outer=1,slot=5,pass=25,op=O8_MA_WEAK_TO_STRONG,accepted=false,recoveryGain=true,qGain=-1.0,fe=13791
formalLocal:outer=1,slot=5,pass=25,op=O9_MA_SWAP,accepted=false,recoveryGain=true,qGain=-1.0,fe=13792
formalLocal:outer=1,slot=5,pass=26,op=O1_JS_INSERT,accepted=false,recoveryGain=true,qGain=-1.0,fe=13793
formalLocal:outer=1,slot=5,pass=26,op=O2_JS_REVERSE,accepted=false,recoveryGain=true,qGain=-1.0,fe=13794
formalLocal:outer=1,slot=5,pass=26,op=O3_JS_SWAP,accepted=false,recoveryGain=true,qGain=-1.0,fe=13795
formalLocal:outer=1,slot=5,pass=26,op=O4_WA_LOAD_TRANSFER,accepted=false,recoveryGain=true,qGain=-1.0,fe=13796
formalLocal:outer=1,slot=5,pass=26,op=O5_WA_WEAK_TO_STRONG,accepted=false,recoveryGain=true,qGain=-1.0,fe=13797
formalLocal:outer=1,slot=5,pass=26,op=O6_WA_SWAP,accepted=false,recoveryGain=true,qGain=-1.0,fe=13798
formalLocal:outer=1,slot=5,pass=26,op=O7_MA_LOAD_TRANSFER,accepted=false,recoveryGain=true,qGain=-1.0,fe=13799
formalLocal:outer=1,slot=5,pass=26,op=O8_MA_WEAK_TO_STRONG,accepted=false,recoveryGain=true,qGain=-1.0,fe=13800
formalLocal:outer=1,slot=5,pass=26,op=O9_MA_SWAP,accepted=false,recoveryGain=true,qGain=-1.0,fe=13801
formalLocal:outer=1,slot=5,pass=27,op=O1_JS_INSERT,accepted=false,recoveryGain=true,qGain=-1.0,fe=13802
formalLocal:outer=1,slot=5,pass=27,op=O2_JS_REVERSE,accepted=false,recoveryGain=true,qGain=-1.0,fe=13803
formalLocal:outer=1,slot=5,pass=27,op=O3_JS_SWAP,accepted=false,recoveryGain=true,qGain=-1.0,fe=13804
formalLocal:outer=1,slot=5,pass=27,op=O4_WA_LOAD_TRANSFER,accepted=false,recoveryGain=true,qGain=-1.0,fe=13805
formalLocal:outer=1,slot=5,pass=27,op=O5_WA_WEAK_TO_STRONG,accepted=false,recoveryGain=true,qGain=-1.0,fe=13806
formalLocal:outer=1,slot=5,pass=27,op=O6_WA_SWAP,accepted=false,recoveryGain=true,qGain=-1.0,fe=13807
formalLocal:outer=1,slot=5,pass=27,op=O7_MA_LOAD_TRANSFER,accepted=false,recoveryGain=true,qGain=-1.0,fe=13808
formalLocal:outer=1,slot=5,pass=27,op=O8_MA_WEAK_TO_STRONG,accepted=false,recoveryGain=true,qGain=-1.0,fe=13809
formalLocal:outer=1,slot=5,pass=27,op=O9_MA_SWAP,accepted=false,recoveryGain=true,qGain=-1.0,fe=13810
formalLocal:outer=1,slot=5,pass=28,op=O1_JS_INSERT,accepted=false,recoveryGain=true,qGain=-1.0,fe=13811
formalLocal:outer=1,slot=5,pass=28,op=O2_JS_REVERSE,accepted=false,recoveryGain=true,qGain=-1.0,fe=13812
formalLocal:outer=1,slot=5,pass=28,op=O3_JS_SWAP,accepted=false,recoveryGain=true,qGain=-1.0,fe=13813
formalLocal:outer=1,slot=5,pass=28,op=O4_WA_LOAD_TRANSFER,accepted=false,recoveryGain=true,qGain=-1.0,fe=13814
formalLocal:outer=1,slot=5,pass=28,op=O5_WA_WEAK_TO_STRONG,accepted=false,recoveryGain=true,qGain=-1.0,fe=13815
formalLocal:outer=1,slot=5,pass=28,op=O6_WA_SWAP,accepted=false,recoveryGain=true,qGain=-1.0,fe=13816
formalLocal:outer=1,slot=5,pass=28,op=O7_MA_LOAD_TRANSFER,accepted=false,recoveryGain=true,qGain=-1.0,fe=13817
formalLocal:outer=1,slot=5,pass=28,op=O8_MA_WEAK_TO_STRONG,accepted=false,recoveryGain=true,qGain=-1.0,fe=13818
formalLocal:outer=1,slot=5,pass=28,op=O9_MA_SWAP,accepted=false,recoveryGain=true,qGain=-1.0,fe=13819
formalLocal:outer=1,slot=5,pass=29,op=O1_JS_INSERT,accepted=true,recoveryGain=true,qGain=0.7420792732904767,fe=13820
formalLocal:outer=1,slot=5,pass=29,op=O2_JS_REVERSE,accepted=false,recoveryGain=true,qGain=-1.0,fe=13821
formalLocal:outer=1,slot=5,pass=29,op=O3_JS_SWAP,accepted=false,recoveryGain=true,qGain=-1.0,fe=13822
formalLocal:outer=1,slot=5,pass=29,op=O4_WA_LOAD_TRANSFER,accepted=false,recoveryGain=true,qGain=-1.0,fe=13823
formalLocal:outer=1,slot=5,pass=29,op=O5_WA_WEAK_TO_STRONG,accepted=false,recoveryGain=true,qGain=-1.0,fe=13824
formalLocal:outer=1,slot=5,pass=29,op=O6_WA_SWAP,accepted=false,recoveryGain=true,qGain=-1.0,fe=13825
formalLocal:outer=1,slot=5,pass=29,op=O7_MA_LOAD_TRANSFER,accepted=false,recoveryGain=true,qGain=-1.0,fe=13826
formalLocal:outer=1,slot=5,pass=29,op=O8_MA_WEAK_TO_STRONG,accepted=false,recoveryGain=true,qGain=-1.0,fe=13827
formalLocal:outer=1,slot=5,pass=29,op=O9_MA_SWAP,accepted=false,recoveryGain=true,qGain=-1.0,fe=13828
formalLocal:outer=1,slot=6,op=CRITICAL_FACTORY_SWAP,accepted=false,fe=13829
formalLocal:outer=1,slot=6,op=CRITICAL_FACTORY_INSERT,accepted=true,fe=13830
formalLocal:outer=1,slot=6,pass=0,op=O1_JS_INSERT,accepted=false,recoveryGain=true,qGain=-0.06944365519725294,fe=13831
formalLocal:outer=1,slot=6,pass=0,op=O2_JS_REVERSE,accepted=false,recoveryGain=true,qGain=-1.0,fe=13832
formalLocal:outer=1,slot=6,pass=0,op=O3_JS_SWAP,accepted=true,recoveryGain=true,qGain=0.013546977159486566,fe=13833
formalLocal:outer=1,slot=6,pass=0,op=O4_WA_LOAD_TRANSFER,accepted=false,recoveryGain=true,qGain=-0.7739803223868508,fe=13834
formalLocal:outer=1,slot=6,pass=0,op=O5_WA_WEAK_TO_STRONG,accepted=true,recoveryGain=true,qGain=0.3159482581875993,fe=13835
formalLocal:outer=1,slot=6,pass=0,op=O6_WA_SWAP,accepted=false,recoveryGain=true,qGain=-0.01829652347094486,fe=13836
formalLocal:outer=1,slot=6,pass=0,op=O7_MA_LOAD_TRANSFER,accepted=false,recoveryGain=true,qGain=-0.143336770920366,fe=13837
formalLocal:outer=1,slot=6,pass=0,op=O8_MA_WEAK_TO_STRONG,accepted=false,recoveryGain=true,qGain=-0.2312261123579124,fe=13838
formalLocal:outer=1,slot=6,pass=0,op=O9_MA_SWAP,accepted=false,recoveryGain=true,qGain=-0.14900611763681781,fe=13839
formalLocal:outer=1,slot=6,pass=1,op=O1_JS_INSERT,accepted=false,recoveryGain=true,qGain=-0.05180426014485345,fe=13840
formalLocal:outer=1,slot=6,pass=1,op=O2_JS_REVERSE,accepted=false,recoveryGain=true,qGain=-0.03561336905319272,fe=13841
formalLocal:outer=1,slot=6,pass=1,op=O3_JS_SWAP,accepted=false,recoveryGain=true,qGain=0.0,fe=13842
formalLocal:outer=1,slot=6,pass=1,op=O4_WA_LOAD_TRANSFER,accepted=false,recoveryGain=true,qGain=-0.12173655925794503,fe=13843
formalLocal:outer=1,slot=6,pass=1,op=O5_WA_WEAK_TO_STRONG,accepted=true,recoveryGain=true,qGain=0.04353389596238458,fe=13844
formalLocal:outer=1,slot=6,pass=1,op=O6_WA_SWAP,accepted=false,recoveryGain=true,qGain=-0.3184603098374748,fe=13845
formalLocal:outer=1,slot=6,pass=1,op=O7_MA_LOAD_TRANSFER,accepted=false,recoveryGain=true,qGain=-0.2244709182443357,fe=13846
formalLocal:outer=1,slot=6,pass=1,op=O8_MA_WEAK_TO_STRONG,accepted=false,recoveryGain=true,qGain=-0.6595549864246364,fe=13847
formalLocal:outer=1,slot=6,pass=1,op=O9_MA_SWAP,accepted=false,recoveryGain=true,qGain=-0.2990755639686379,fe=13848
formalLocal:outer=1,slot=6,pass=2,op=O1_JS_INSERT,accepted=false,recoveryGain=true,qGain=-0.3009664692413096,fe=13849
formalLocal:outer=1,slot=6,pass=2,op=O2_JS_REVERSE,accepted=false,recoveryGain=true,qGain=-1.0,fe=13850
formalLocal:outer=1,slot=6,pass=2,op=O3_JS_SWAP,accepted=false,recoveryGain=true,qGain=-0.26583113293042354,fe=13851
formalLocal:outer=1,slot=6,pass=2,op=O4_WA_LOAD_TRANSFER,accepted=true,recoveryGain=true,qGain=0.038765058270624486,fe=13852
formalLocal:outer=1,slot=6,pass=2,op=O5_WA_WEAK_TO_STRONG,accepted=false,recoveryGain=true,qGain=-0.12532270453171485,fe=13853
formalLocal:outer=1,slot=6,pass=2,op=O6_WA_SWAP,accepted=true,recoveryGain=true,qGain=0.020635610100610356,fe=13854
formalLocal:outer=1,slot=6,pass=2,op=O7_MA_LOAD_TRANSFER,accepted=false,recoveryGain=true,qGain=-0.23832664012873575,fe=13855
formalLocal:outer=1,slot=6,pass=2,op=O8_MA_WEAK_TO_STRONG,accepted=false,recoveryGain=true,qGain=-0.617964037557182,fe=13856
formalLocal:outer=1,slot=6,pass=2,op=O9_MA_SWAP,accepted=false,recoveryGain=true,qGain=-0.2128981726410066,fe=13857
formalLocal:outer=1,slot=6,pass=3,op=O1_JS_INSERT,accepted=false,recoveryGain=true,qGain=-0.5011987732326532,fe=13858
formalLocal:outer=1,slot=6,pass=3,op=O2_JS_REVERSE,accepted=false,recoveryGain=true,qGain=-0.11161161353082288,fe=13859
formalLocal:outer=1,slot=6,pass=3,op=O3_JS_SWAP,accepted=false,recoveryGain=true,qGain=-0.875270348190216,fe=13860
formalLocal:outer=1,slot=6,pass=3,op=O4_WA_LOAD_TRANSFER,accepted=false,recoveryGain=true,qGain=-0.6235572407767308,fe=13861
formalLocal:outer=1,slot=6,pass=3,op=O5_WA_WEAK_TO_STRONG,accepted=false,recoveryGain=true,qGain=-0.1809930178043955,fe=13862
formalLocal:outer=1,slot=6,pass=3,op=O6_WA_SWAP,accepted=true,recoveryGain=true,qGain=0.013878010757556009,fe=13863
formalLocal:outer=1,slot=6,pass=3,op=O7_MA_LOAD_TRANSFER,accepted=false,recoveryGain=true,qGain=-0.36531735440446905,fe=13864
formalLocal:outer=1,slot=6,pass=3,op=O8_MA_WEAK_TO_STRONG,accepted=true,recoveryGain=true,qGain=0.022147579416911308,fe=13865
formalLocal:outer=1,slot=6,pass=3,op=O9_MA_SWAP,accepted=false,recoveryGain=true,qGain=-0.2676375678227561,fe=13866
formalLocal:outer=1,slot=6,pass=4,op=O1_JS_INSERT,accepted=true,recoveryGain=true,qGain=0.0022218589287610726,fe=13867
formalLocal:outer=1,slot=6,pass=4,op=O2_JS_REVERSE,accepted=false,recoveryGain=true,qGain=-0.33257325831806217,fe=13868
formalLocal:outer=1,slot=6,pass=4,op=O3_JS_SWAP,accepted=false,recoveryGain=true,qGain=-0.3551968794480441,fe=13869
formalLocal:outer=1,slot=6,pass=4,op=O4_WA_LOAD_TRANSFER,accepted=false,recoveryGain=true,qGain=-0.1394336785422942,fe=13870
formalLocal:outer=1,slot=6,pass=4,op=O5_WA_WEAK_TO_STRONG,accepted=false,recoveryGain=true,qGain=-0.38253429606100053,fe=13871
formalLocal:outer=1,slot=6,pass=4,op=O6_WA_SWAP,accepted=false,recoveryGain=true,qGain=-0.23529321981114865,fe=13872
formalLocal:outer=1,slot=6,pass=4,op=O7_MA_LOAD_TRANSFER,accepted=false,recoveryGain=true,qGain=-0.11215943795344054,fe=13873
formalLocal:outer=1,slot=6,pass=4,op=O8_MA_WEAK_TO_STRONG,accepted=false,recoveryGain=true,qGain=-0.11255791017657138,fe=13874
formalLocal:outer=1,slot=6,pass=4,op=O9_MA_SWAP,accepted=false,recoveryGain=true,qGain=-0.3654375299216948,fe=13875
formalLocal:outer=1,slot=6,pass=5,op=O1_JS_INSERT,accepted=false,recoveryGain=true,qGain=-0.035427608978111834,fe=13876
formalLocal:outer=1,slot=6,pass=5,op=O2_JS_REVERSE,accepted=false,recoveryGain=true,qGain=-1.0,fe=13877
formalLocal:outer=1,slot=6,pass=5,op=O3_JS_SWAP,accepted=false,recoveryGain=true,qGain=-0.08697332490639055,fe=13878
formalLocal:outer=1,slot=6,pass=5,op=O4_WA_LOAD_TRANSFER,accepted=false,recoveryGain=true,qGain=-0.1394336785422942,fe=13879
formalLocal:outer=1,slot=6,pass=5,op=O5_WA_WEAK_TO_STRONG,accepted=false,recoveryGain=true,qGain=-0.38253429606100053,fe=13880
formalLocal:outer=1,slot=6,pass=5,op=O6_WA_SWAP,accepted=false,recoveryGain=true,qGain=-0.23529321981114865,fe=13881
formalLocal:outer=1,slot=6,pass=5,op=O7_MA_LOAD_TRANSFER,accepted=false,recoveryGain=true,qGain=-0.11215943795344054,fe=13882
formalLocal:outer=1,slot=6,pass=5,op=O8_MA_WEAK_TO_STRONG,accepted=false,recoveryGain=true,qGain=-0.11255791017657138,fe=13883
formalLocal:outer=1,slot=6,pass=5,op=O9_MA_SWAP,accepted=false,recoveryGain=true,qGain=-0.3654375299216948,fe=13884
formalLocal:outer=1,slot=6,pass=6,op=O1_JS_INSERT,accepted=true,recoveryGain=true,qGain=0.0564770524951829,fe=13885
formalLocal:outer=1,slot=6,pass=6,op=O2_JS_REVERSE,accepted=false,recoveryGain=true,qGain=-1.0,fe=13886
formalLocal:outer=1,slot=6,pass=6,op=O3_JS_SWAP,accepted=true,recoveryGain=true,qGain=0.03348804908314038,fe=13887
formalLocal:outer=1,slot=6,pass=6,op=O4_WA_LOAD_TRANSFER,accepted=false,recoveryGain=true,qGain=-0.4744019457580512,fe=13888
formalLocal:outer=1,slot=6,pass=6,op=O5_WA_WEAK_TO_STRONG,accepted=false,recoveryGain=true,qGain=-0.054476262369638324,fe=13889
formalLocal:outer=1,slot=6,pass=6,op=O6_WA_SWAP,accepted=false,recoveryGain=true,qGain=-0.0272017856588727,fe=13890
formalLocal:outer=1,slot=6,pass=6,op=O7_MA_LOAD_TRANSFER,accepted=true,recoveryGain=true,qGain=0.003229210628300324,fe=13891
formalLocal:outer=1,slot=6,pass=6,op=O8_MA_WEAK_TO_STRONG,accepted=false,recoveryGain=true,qGain=-1.0,fe=13892
formalLocal:outer=1,slot=6,pass=6,op=O9_MA_SWAP,accepted=false,recoveryGain=true,qGain=-0.21156905077109792,fe=13893
formalLocal:outer=1,slot=6,pass=7,op=O1_JS_INSERT,accepted=false,recoveryGain=true,qGain=-0.06494808543158848,fe=13894
formalLocal:outer=1,slot=6,pass=7,op=O2_JS_REVERSE,accepted=false,recoveryGain=true,qGain=-0.7761384486064563,fe=13895
formalLocal:outer=1,slot=6,pass=7,op=O3_JS_SWAP,accepted=false,recoveryGain=true,qGain=-0.27276146063504275,fe=13896
formalLocal:outer=1,slot=6,pass=7,op=O4_WA_LOAD_TRANSFER,accepted=false,recoveryGain=true,qGain=-0.856413266193939,fe=13897
formalLocal:outer=1,slot=6,pass=7,op=O5_WA_WEAK_TO_STRONG,accepted=false,recoveryGain=true,qGain=-0.3503749978569383,fe=13898
formalLocal:outer=1,slot=6,pass=7,op=O6_WA_SWAP,accepted=false,recoveryGain=true,qGain=-0.1434233543289221,fe=13899
formalLocal:outer=1,slot=6,pass=7,op=O7_MA_LOAD_TRANSFER,accepted=true,recoveryGain=true,qGain=0.1060025390505634,fe=13900
formalLocal:outer=1,slot=6,pass=7,op=O8_MA_WEAK_TO_STRONG,accepted=false,recoveryGain=true,qGain=-0.37581175514369997,fe=13901
formalLocal:outer=1,slot=6,pass=7,op=O9_MA_SWAP,accepted=false,recoveryGain=true,qGain=-0.31147098414575514,fe=13902
formalLocal:outer=1,slot=6,pass=8,op=O1_JS_INSERT,accepted=false,recoveryGain=true,qGain=0.0,fe=13903
formalLocal:outer=1,slot=6,pass=8,op=O2_JS_REVERSE,accepted=false,recoveryGain=true,qGain=-1.0,fe=13904
formalLocal:outer=1,slot=6,pass=8,op=O3_JS_SWAP,accepted=false,recoveryGain=true,qGain=-0.7937085946841487,fe=13905
formalLocal:outer=1,slot=6,pass=8,op=O4_WA_LOAD_TRANSFER,accepted=false,recoveryGain=true,qGain=-0.8122444771193371,fe=13906
formalLocal:outer=1,slot=6,pass=8,op=O5_WA_WEAK_TO_STRONG,accepted=false,recoveryGain=true,qGain=-0.28319102460245765,fe=13907
formalLocal:outer=1,slot=6,pass=8,op=O6_WA_SWAP,accepted=false,recoveryGain=true,qGain=-0.3143630910101824,fe=13908
formalLocal:outer=1,slot=6,pass=8,op=O7_MA_LOAD_TRANSFER,accepted=false,recoveryGain=true,qGain=0.0,fe=13909
formalLocal:outer=1,slot=6,pass=8,op=O8_MA_WEAK_TO_STRONG,accepted=false,recoveryGain=true,qGain=-0.37581175514369997,fe=13910
formalLocal:outer=1,slot=6,pass=8,op=O9_MA_SWAP,accepted=false,recoveryGain=true,qGain=-0.31147098414575514,fe=13911
formalLocal:outer=1,slot=6,pass=9,op=O1_JS_INSERT,accepted=false,recoveryGain=true,qGain=-0.4457446028143571,fe=13912
formalLocal:outer=1,slot=6,pass=9,op=O2_JS_REVERSE,accepted=false,recoveryGain=true,qGain=-1.0,fe=13913
formalLocal:outer=1,slot=6,pass=9,op=O3_JS_SWAP,accepted=false,recoveryGain=true,qGain=-0.20069708049741103,fe=13914
formalLocal:outer=1,slot=6,pass=9,op=O4_WA_LOAD_TRANSFER,accepted=false,recoveryGain=true,qGain=-0.8122444771193371,fe=13915
formalLocal:outer=1,slot=6,pass=9,op=O5_WA_WEAK_TO_STRONG,accepted=false,recoveryGain=true,qGain=-0.28319102460245765,fe=13916
formalLocal:outer=1,slot=6,pass=9,op=O6_WA_SWAP,accepted=false,recoveryGain=true,qGain=-0.3143630910101824,fe=13917
formalLocal:outer=1,slot=6,pass=9,op=O7_MA_LOAD_TRANSFER,accepted=false,recoveryGain=true,qGain=0.0,fe=13918
formalLocal:outer=1,slot=6,pass=9,op=O8_MA_WEAK_TO_STRONG,accepted=false,recoveryGain=true,qGain=-0.37581175514369997,fe=13919
formalLocal:outer=1,slot=6,pass=9,op=O9_MA_SWAP,accepted=false,recoveryGain=true,qGain=-0.31147098414575514,fe=13920
formalLocal:outer=1,slot=6,pass=10,op=O1_JS_INSERT,accepted=false,recoveryGain=true,qGain=-0.6318790666477536,fe=13921
formalLocal:outer=1,slot=6,pass=10,op=O2_JS_REVERSE,accepted=false,recoveryGain=true,qGain=-0.8463943238194461,fe=13922
formalLocal:outer=1,slot=6,pass=10,op=O3_JS_SWAP,accepted=false,recoveryGain=true,qGain=-0.7935944442986506,fe=13923
formalLocal:outer=1,slot=6,pass=10,op=O4_WA_LOAD_TRANSFER,accepted=false,recoveryGain=true,qGain=-0.8122444771193371,fe=13924
formalLocal:outer=1,slot=6,pass=10,op=O5_WA_WEAK_TO_STRONG,accepted=false,recoveryGain=true,qGain=-0.28319102460245765,fe=13925
formalLocal:outer=1,slot=6,pass=10,op=O6_WA_SWAP,accepted=false,recoveryGain=true,qGain=-0.3143630910101824,fe=13926
formalLocal:outer=1,slot=6,pass=10,op=O7_MA_LOAD_TRANSFER,accepted=false,recoveryGain=true,qGain=0.0,fe=13927
formalLocal:outer=1,slot=6,pass=10,op=O8_MA_WEAK_TO_STRONG,accepted=false,recoveryGain=true,qGain=-0.37581175514369997,fe=13928
formalLocal:outer=1,slot=6,pass=10,op=O9_MA_SWAP,accepted=false,recoveryGain=true,qGain=-0.31147098414575514,fe=13929
formalLocal:outer=1,slot=6,pass=11,op=O1_JS_INSERT,accepted=false,recoveryGain=true,qGain=-0.5941059993125783,fe=13930
formalLocal:outer=1,slot=6,pass=11,op=O2_JS_REVERSE,accepted=false,recoveryGain=true,qGain=-0.8189164994921516,fe=13931
formalLocal:outer=1,slot=6,pass=11,op=O3_JS_SWAP,accepted=true,recoveryGain=true,qGain=0.031027275487769644,fe=13932
formalLocal:outer=1,slot=6,pass=11,op=O4_WA_LOAD_TRANSFER,accepted=false,recoveryGain=true,qGain=-1.0,fe=13933
formalLocal:outer=1,slot=6,pass=11,op=O5_WA_WEAK_TO_STRONG,accepted=false,recoveryGain=true,qGain=-1.0,fe=13934
formalLocal:outer=1,slot=6,pass=11,op=O6_WA_SWAP,accepted=false,recoveryGain=true,qGain=-0.634535798800822,fe=13935
formalLocal:outer=1,slot=6,pass=11,op=O7_MA_LOAD_TRANSFER,accepted=false,recoveryGain=true,qGain=-0.4740011793157444,fe=13936
formalLocal:outer=1,slot=6,pass=11,op=O8_MA_WEAK_TO_STRONG,accepted=false,recoveryGain=true,qGain=-0.15438895360174776,fe=13937
formalLocal:outer=1,slot=6,pass=11,op=O9_MA_SWAP,accepted=false,recoveryGain=true,qGain=-0.6761903489529677,fe=13938
formalLocal:outer=1,slot=6,pass=12,op=O1_JS_INSERT,accepted=false,recoveryGain=true,qGain=-1.0,fe=13939
formalLocal:outer=1,slot=6,pass=12,op=O2_JS_REVERSE,accepted=false,recoveryGain=true,qGain=-0.4639365591319835,fe=13940
formalLocal:outer=1,slot=6,pass=12,op=O3_JS_SWAP,accepted=false,recoveryGain=true,qGain=-0.3405329131970259,fe=13941
formalLocal:outer=1,slot=6,pass=12,op=O4_WA_LOAD_TRANSFER,accepted=false,recoveryGain=true,qGain=-1.0,fe=13942
formalLocal:outer=1,slot=6,pass=12,op=O5_WA_WEAK_TO_STRONG,accepted=false,recoveryGain=true,qGain=-1.0,fe=13943
formalLocal:outer=1,slot=6,pass=12,op=O6_WA_SWAP,accepted=false,recoveryGain=true,qGain=-0.634535798800822,fe=13944
formalLocal:outer=1,slot=6,pass=12,op=O7_MA_LOAD_TRANSFER,accepted=false,recoveryGain=true,qGain=-0.4740011793157444,fe=13945
formalLocal:outer=1,slot=6,pass=12,op=O8_MA_WEAK_TO_STRONG,accepted=false,recoveryGain=true,qGain=-0.15438895360174776,fe=13946
formalLocal:outer=1,slot=6,pass=12,op=O9_MA_SWAP,accepted=false,recoveryGain=true,qGain=-0.6761903489529677,fe=13947
formalLocal:outer=1,slot=6,pass=13,op=O1_JS_INSERT,accepted=false,recoveryGain=true,qGain=-1.0,fe=13948
formalLocal:outer=1,slot=6,pass=13,op=O2_JS_REVERSE,accepted=false,recoveryGain=true,qGain=-1.0,fe=13949
formalLocal:outer=1,slot=6,pass=13,op=O3_JS_SWAP,accepted=false,recoveryGain=true,qGain=-0.9425865579576527,fe=13950
formalLocal:outer=1,slot=6,pass=13,op=O4_WA_LOAD_TRANSFER,accepted=false,recoveryGain=true,qGain=-1.0,fe=13951
formalLocal:outer=1,slot=6,pass=13,op=O5_WA_WEAK_TO_STRONG,accepted=false,recoveryGain=true,qGain=-1.0,fe=13952
formalLocal:outer=1,slot=6,pass=13,op=O6_WA_SWAP,accepted=false,recoveryGain=true,qGain=-0.634535798800822,fe=13953
formalLocal:outer=1,slot=6,pass=13,op=O7_MA_LOAD_TRANSFER,accepted=false,recoveryGain=true,qGain=-0.4740011793157444,fe=13954
formalLocal:outer=1,slot=6,pass=13,op=O8_MA_WEAK_TO_STRONG,accepted=false,recoveryGain=true,qGain=-0.15438895360174776,fe=13955
formalLocal:outer=1,slot=6,pass=13,op=O9_MA_SWAP,accepted=false,recoveryGain=true,qGain=-0.6761903489529677,fe=13956
formalLocal:outer=1,slot=6,pass=14,op=O1_JS_INSERT,accepted=false,recoveryGain=true,qGain=-1.0,fe=13957
formalLocal:outer=1,slot=6,pass=14,op=O2_JS_REVERSE,accepted=false,recoveryGain=true,qGain=-1.0,fe=13958
formalLocal:outer=1,slot=6,pass=14,op=O3_JS_SWAP,accepted=false,recoveryGain=true,qGain=-0.26744201635140713,fe=13959
formalLocal:outer=1,slot=6,pass=14,op=O4_WA_LOAD_TRANSFER,accepted=false,recoveryGain=true,qGain=-1.0,fe=13960
formalLocal:outer=1,slot=6,pass=14,op=O5_WA_WEAK_TO_STRONG,accepted=false,recoveryGain=true,qGain=-1.0,fe=13961
formalLocal:outer=1,slot=6,pass=14,op=O6_WA_SWAP,accepted=false,recoveryGain=true,qGain=-0.634535798800822,fe=13962
formalLocal:outer=1,slot=6,pass=14,op=O7_MA_LOAD_TRANSFER,accepted=false,recoveryGain=true,qGain=-0.4740011793157444,fe=13963
formalLocal:outer=1,slot=6,pass=14,op=O8_MA_WEAK_TO_STRONG,accepted=false,recoveryGain=true,qGain=-0.15438895360174776,fe=13964
formalLocal:outer=1,slot=6,pass=14,op=O9_MA_SWAP,accepted=false,recoveryGain=true,qGain=-0.6761903489529677,fe=13965
formalLocal:outer=1,slot=6,pass=15,op=O1_JS_INSERT,accepted=false,recoveryGain=true,qGain=-0.9951747406797713,fe=13966
formalLocal:outer=1,slot=6,pass=15,op=O2_JS_REVERSE,accepted=false,recoveryGain=true,qGain=-1.0,fe=13967
formalLocal:outer=1,slot=6,pass=15,op=O3_JS_SWAP,accepted=false,recoveryGain=true,qGain=-1.0,fe=13968
formalLocal:outer=1,slot=6,pass=15,op=O4_WA_LOAD_TRANSFER,accepted=false,recoveryGain=true,qGain=-1.0,fe=13969
formalLocal:outer=1,slot=6,pass=15,op=O5_WA_WEAK_TO_STRONG,accepted=false,recoveryGain=true,qGain=-1.0,fe=13970
formalLocal:outer=1,slot=6,pass=15,op=O6_WA_SWAP,accepted=false,recoveryGain=true,qGain=-0.634535798800822,fe=13971
formalLocal:outer=1,slot=6,pass=15,op=O7_MA_LOAD_TRANSFER,accepted=false,recoveryGain=true,qGain=-0.4740011793157444,fe=13972
formalLocal:outer=1,slot=6,pass=15,op=O8_MA_WEAK_TO_STRONG,accepted=false,recoveryGain=true,qGain=-0.15438895360174776,fe=13973
formalLocal:outer=1,slot=6,pass=15,op=O9_MA_SWAP,accepted=false,recoveryGain=true,qGain=-0.6761903489529677,fe=13974
formalLocal:outer=1,slot=6,pass=16,op=O1_JS_INSERT,accepted=false,recoveryGain=true,qGain=-0.9852908787828305,fe=13975
formalLocal:outer=1,slot=6,pass=16,op=O2_JS_REVERSE,accepted=false,recoveryGain=true,qGain=-1.0,fe=13976
formalLocal:outer=1,slot=6,pass=16,op=O3_JS_SWAP,accepted=false,recoveryGain=true,qGain=-0.2961108400305557,fe=13977
formalLocal:outer=1,slot=6,pass=16,op=O4_WA_LOAD_TRANSFER,accepted=false,recoveryGain=true,qGain=-1.0,fe=13978
formalLocal:outer=1,slot=6,pass=16,op=O5_WA_WEAK_TO_STRONG,accepted=false,recoveryGain=true,qGain=-1.0,fe=13979
formalLocal:outer=1,slot=6,pass=16,op=O6_WA_SWAP,accepted=false,recoveryGain=true,qGain=-0.634535798800822,fe=13980
formalLocal:outer=1,slot=6,pass=16,op=O7_MA_LOAD_TRANSFER,accepted=false,recoveryGain=true,qGain=-0.4740011793157444,fe=13981
formalLocal:outer=1,slot=6,pass=16,op=O8_MA_WEAK_TO_STRONG,accepted=false,recoveryGain=true,qGain=-0.15438895360174776,fe=13982
formalLocal:outer=1,slot=6,pass=16,op=O9_MA_SWAP,accepted=false,recoveryGain=true,qGain=-0.6761903489529677,fe=13983
formalLocal:outer=1,slot=6,pass=17,op=O1_JS_INSERT,accepted=false,recoveryGain=true,qGain=-1.0,fe=13984
formalLocal:outer=1,slot=6,pass=17,op=O2_JS_REVERSE,accepted=false,recoveryGain=true,qGain=-1.0,fe=13985
formalLocal:outer=1,slot=6,pass=17,op=O3_JS_SWAP,accepted=false,recoveryGain=true,qGain=-0.16451877362530556,fe=13986
formalLocal:outer=1,slot=6,pass=17,op=O4_WA_LOAD_TRANSFER,accepted=false,recoveryGain=true,qGain=-1.0,fe=13987
formalLocal:outer=1,slot=6,pass=17,op=O5_WA_WEAK_TO_STRONG,accepted=false,recoveryGain=true,qGain=-1.0,fe=13988
formalLocal:outer=1,slot=6,pass=17,op=O6_WA_SWAP,accepted=false,recoveryGain=true,qGain=-0.634535798800822,fe=13989
formalLocal:outer=1,slot=6,pass=17,op=O7_MA_LOAD_TRANSFER,accepted=false,recoveryGain=true,qGain=-0.4740011793157444,fe=13990
formalLocal:outer=1,slot=6,pass=17,op=O8_MA_WEAK_TO_STRONG,accepted=false,recoveryGain=true,qGain=-0.15438895360174776,fe=13991
formalLocal:outer=1,slot=6,pass=17,op=O9_MA_SWAP,accepted=false,recoveryGain=true,qGain=-0.6761903489529677,fe=13992
formalLocal:outer=1,slot=6,pass=18,op=O1_JS_INSERT,accepted=false,recoveryGain=true,qGain=-1.0,fe=13993
formalLocal:outer=1,slot=6,pass=18,op=O2_JS_REVERSE,accepted=false,recoveryGain=true,qGain=-0.5826906116420698,fe=13994
formalLocal:outer=1,slot=6,pass=18,op=O3_JS_SWAP,accepted=false,recoveryGain=true,qGain=-0.9148269661500155,fe=13995
formalLocal:outer=1,slot=6,pass=18,op=O4_WA_LOAD_TRANSFER,accepted=false,recoveryGain=true,qGain=-1.0,fe=13996
formalLocal:outer=1,slot=6,pass=18,op=O5_WA_WEAK_TO_STRONG,accepted=false,recoveryGain=true,qGain=-1.0,fe=13997
formalLocal:outer=1,slot=6,pass=18,op=O6_WA_SWAP,accepted=false,recoveryGain=true,qGain=-0.634535798800822,fe=13998
formalLocal:outer=1,slot=6,pass=18,op=O7_MA_LOAD_TRANSFER,accepted=false,recoveryGain=true,qGain=-0.4740011793157444,fe=13999
formalLocal:outer=1,slot=6,pass=18,op=O8_MA_WEAK_TO_STRONG,accepted=false,recoveryGain=true,qGain=-0.15438895360174776,fe=14000
formalLocal:outer=1,slot=6,pass=18,op=O9_MA_SWAP,accepted=false,recoveryGain=true,qGain=-0.6761903489529677,fe=14001
formalLocal:outer=1,slot=6,pass=19,op=O1_JS_INSERT,accepted=false,recoveryGain=true,qGain=-0.9101769118232264,fe=14002
formalLocal:outer=1,slot=6,pass=19,op=O2_JS_REVERSE,accepted=false,recoveryGain=true,qGain=-0.9867965644330221,fe=14003
formalLocal:outer=1,slot=6,pass=19,op=O3_JS_SWAP,accepted=false,recoveryGain=true,qGain=-1.0,fe=14004
formalLocal:outer=1,slot=6,pass=19,op=O4_WA_LOAD_TRANSFER,accepted=false,recoveryGain=true,qGain=-1.0,fe=14005
formalLocal:outer=1,slot=6,pass=19,op=O5_WA_WEAK_TO_STRONG,accepted=false,recoveryGain=true,qGain=-1.0,fe=14006
formalLocal:outer=1,slot=6,pass=19,op=O6_WA_SWAP,accepted=false,recoveryGain=true,qGain=-0.634535798800822,fe=14007
formalLocal:outer=1,slot=6,pass=19,op=O7_MA_LOAD_TRANSFER,accepted=false,recoveryGain=true,qGain=-0.4740011793157444,fe=14008
formalLocal:outer=1,slot=6,pass=19,op=O8_MA_WEAK_TO_STRONG,accepted=false,recoveryGain=true,qGain=-0.15438895360174776,fe=14009
formalLocal:outer=1,slot=6,pass=19,op=O9_MA_SWAP,accepted=false,recoveryGain=true,qGain=-0.6761903489529677,fe=14010
formalLocal:outer=1,slot=6,pass=20,op=O1_JS_INSERT,accepted=false,recoveryGain=true,qGain=-1.0,fe=14011
formalLocal:outer=1,slot=6,pass=20,op=O2_JS_REVERSE,accepted=false,recoveryGain=true,qGain=-1.0,fe=14012
formalLocal:outer=1,slot=6,pass=20,op=O3_JS_SWAP,accepted=false,recoveryGain=true,qGain=-1.0,fe=14013
formalLocal:outer=1,slot=6,pass=20,op=O4_WA_LOAD_TRANSFER,accepted=false,recoveryGain=true,qGain=-1.0,fe=14014
formalLocal:outer=1,slot=6,pass=20,op=O5_WA_WEAK_TO_STRONG,accepted=false,recoveryGain=true,qGain=-1.0,fe=14015
formalLocal:outer=1,slot=6,pass=20,op=O6_WA_SWAP,accepted=false,recoveryGain=true,qGain=-0.634535798800822,fe=14016
formalLocal:outer=1,slot=6,pass=20,op=O7_MA_LOAD_TRANSFER,accepted=false,recoveryGain=true,qGain=-0.4740011793157444,fe=14017
formalLocal:outer=1,slot=6,pass=20,op=O8_MA_WEAK_TO_STRONG,accepted=false,recoveryGain=true,qGain=-0.15438895360174776,fe=14018
formalLocal:outer=1,slot=6,pass=20,op=O9_MA_SWAP,accepted=false,recoveryGain=true,qGain=-0.6761903489529677,fe=14019
formalLocal:outer=1,slot=6,pass=21,op=O1_JS_INSERT,accepted=false,recoveryGain=true,qGain=-1.0,fe=14020
formalLocal:outer=1,slot=6,pass=21,op=O2_JS_REVERSE,accepted=false,recoveryGain=true,qGain=-0.5271253363613927,fe=14021
formalLocal:outer=1,slot=6,pass=21,op=O3_JS_SWAP,accepted=false,recoveryGain=true,qGain=-0.05979742177198059,fe=14022
formalLocal:outer=1,slot=6,pass=21,op=O4_WA_LOAD_TRANSFER,accepted=false,recoveryGain=true,qGain=-1.0,fe=14023
formalLocal:outer=1,slot=6,pass=21,op=O5_WA_WEAK_TO_STRONG,accepted=false,recoveryGain=true,qGain=-1.0,fe=14024
formalLocal:outer=1,slot=6,pass=21,op=O6_WA_SWAP,accepted=false,recoveryGain=true,qGain=-0.634535798800822,fe=14025
formalLocal:outer=1,slot=6,pass=21,op=O7_MA_LOAD_TRANSFER,accepted=false,recoveryGain=true,qGain=-0.4740011793157444,fe=14026
formalLocal:outer=1,slot=6,pass=21,op=O8_MA_WEAK_TO_STRONG,accepted=false,recoveryGain=true,qGain=-0.15438895360174776,fe=14027
formalLocal:outer=1,slot=6,pass=21,op=O9_MA_SWAP,accepted=false,recoveryGain=true,qGain=-0.6761903489529677,fe=14028
formalLocal:outer=1,slot=6,pass=22,op=O1_JS_INSERT,accepted=false,recoveryGain=true,qGain=-1.0,fe=14029
formalLocal:outer=1,slot=6,pass=22,op=O2_JS_REVERSE,accepted=false,recoveryGain=true,qGain=-1.0,fe=14030
formalLocal:outer=1,slot=6,pass=22,op=O3_JS_SWAP,accepted=false,recoveryGain=true,qGain=-0.5278268516450331,fe=14031
formalLocal:outer=1,slot=6,pass=22,op=O4_WA_LOAD_TRANSFER,accepted=false,recoveryGain=true,qGain=-1.0,fe=14032
formalLocal:outer=1,slot=6,pass=22,op=O5_WA_WEAK_TO_STRONG,accepted=false,recoveryGain=true,qGain=-1.0,fe=14033
formalLocal:outer=1,slot=6,pass=22,op=O6_WA_SWAP,accepted=false,recoveryGain=true,qGain=-0.634535798800822,fe=14034
formalLocal:outer=1,slot=6,pass=22,op=O7_MA_LOAD_TRANSFER,accepted=false,recoveryGain=true,qGain=-0.4740011793157444,fe=14035
formalLocal:outer=1,slot=6,pass=22,op=O8_MA_WEAK_TO_STRONG,accepted=false,recoveryGain=true,qGain=-0.15438895360174776,fe=14036
formalLocal:outer=1,slot=6,pass=22,op=O9_MA_SWAP,accepted=false,recoveryGain=true,qGain=-0.6761903489529677,fe=14037
formalLocal:outer=1,slot=6,pass=23,op=O1_JS_INSERT,accepted=false,recoveryGain=true,qGain=-1.0,fe=14038
formalLocal:outer=1,slot=6,pass=23,op=O2_JS_REVERSE,accepted=false,recoveryGain=true,qGain=-0.5779727394465892,fe=14039
formalLocal:outer=1,slot=6,pass=23,op=O3_JS_SWAP,accepted=false,recoveryGain=true,qGain=-1.0,fe=14040
formalLocal:outer=1,slot=6,pass=23,op=O4_WA_LOAD_TRANSFER,accepted=false,recoveryGain=true,qGain=-1.0,fe=14041
formalLocal:outer=1,slot=6,pass=23,op=O5_WA_WEAK_TO_STRONG,accepted=false,recoveryGain=true,qGain=-1.0,fe=14042
formalLocal:outer=1,slot=6,pass=23,op=O6_WA_SWAP,accepted=false,recoveryGain=true,qGain=-0.634535798800822,fe=14043
formalLocal:outer=1,slot=6,pass=23,op=O7_MA_LOAD_TRANSFER,accepted=false,recoveryGain=true,qGain=-0.4740011793157444,fe=14044
formalLocal:outer=1,slot=6,pass=23,op=O8_MA_WEAK_TO_STRONG,accepted=false,recoveryGain=true,qGain=-0.15438895360174776,fe=14045
formalLocal:outer=1,slot=6,pass=23,op=O9_MA_SWAP,accepted=false,recoveryGain=true,qGain=-0.6761903489529677,fe=14046
formalLocal:outer=1,slot=6,pass=24,op=O1_JS_INSERT,accepted=false,recoveryGain=true,qGain=-0.7539705144523626,fe=14047
formalLocal:outer=1,slot=6,pass=24,op=O2_JS_REVERSE,accepted=false,recoveryGain=true,qGain=-1.0,fe=14048
formalLocal:outer=1,slot=6,pass=24,op=O3_JS_SWAP,accepted=false,recoveryGain=true,qGain=-0.8331949830875396,fe=14049
formalLocal:outer=1,slot=6,pass=24,op=O4_WA_LOAD_TRANSFER,accepted=false,recoveryGain=true,qGain=-1.0,fe=14050
formalLocal:outer=1,slot=6,pass=24,op=O5_WA_WEAK_TO_STRONG,accepted=false,recoveryGain=true,qGain=-1.0,fe=14051
formalLocal:outer=1,slot=6,pass=24,op=O6_WA_SWAP,accepted=false,recoveryGain=true,qGain=-0.634535798800822,fe=14052
formalLocal:outer=1,slot=6,pass=24,op=O7_MA_LOAD_TRANSFER,accepted=false,recoveryGain=true,qGain=-0.4740011793157444,fe=14053
formalLocal:outer=1,slot=6,pass=24,op=O8_MA_WEAK_TO_STRONG,accepted=false,recoveryGain=true,qGain=-0.15438895360174776,fe=14054
formalLocal:outer=1,slot=6,pass=24,op=O9_MA_SWAP,accepted=false,recoveryGain=true,qGain=-0.6761903489529677,fe=14055
formalLocal:outer=1,slot=6,pass=25,op=O1_JS_INSERT,accepted=false,recoveryGain=true,qGain=0.0,fe=14056
formalLocal:outer=1,slot=6,pass=25,op=O2_JS_REVERSE,accepted=false,recoveryGain=true,qGain=-0.7084185169990033,fe=14057
formalLocal:outer=1,slot=6,pass=25,op=O3_JS_SWAP,accepted=false,recoveryGain=true,qGain=-1.0,fe=14058
formalLocal:outer=1,slot=6,pass=25,op=O4_WA_LOAD_TRANSFER,accepted=false,recoveryGain=true,qGain=-1.0,fe=14059
formalLocal:outer=1,slot=6,pass=25,op=O5_WA_WEAK_TO_STRONG,accepted=false,recoveryGain=true,qGain=-1.0,fe=14060
formalLocal:outer=1,slot=6,pass=25,op=O6_WA_SWAP,accepted=false,recoveryGain=true,qGain=-0.634535798800822,fe=14061
formalLocal:outer=1,slot=6,pass=25,op=O7_MA_LOAD_TRANSFER,accepted=false,recoveryGain=true,qGain=-0.4740011793157444,fe=14062
formalLocal:outer=1,slot=6,pass=25,op=O8_MA_WEAK_TO_STRONG,accepted=false,recoveryGain=true,qGain=-0.15438895360174776,fe=14063
formalLocal:outer=1,slot=6,pass=25,op=O9_MA_SWAP,accepted=false,recoveryGain=true,qGain=-0.6761903489529677,fe=14064
formalLocal:outer=1,slot=6,pass=26,op=O1_JS_INSERT,accepted=false,recoveryGain=true,qGain=-0.6333972500725653,fe=14065
formalLocal:outer=1,slot=6,pass=26,op=O2_JS_REVERSE,accepted=false,recoveryGain=true,qGain=-1.0,fe=14066
formalLocal:outer=1,slot=6,pass=26,op=O3_JS_SWAP,accepted=false,recoveryGain=true,qGain=-0.1128463015523632,fe=14067
formalLocal:outer=1,slot=6,pass=26,op=O4_WA_LOAD_TRANSFER,accepted=false,recoveryGain=true,qGain=-1.0,fe=14068
formalLocal:outer=1,slot=6,pass=26,op=O5_WA_WEAK_TO_STRONG,accepted=false,recoveryGain=true,qGain=-1.0,fe=14069
formalLocal:outer=1,slot=6,pass=26,op=O6_WA_SWAP,accepted=false,recoveryGain=true,qGain=-0.634535798800822,fe=14070
formalLocal:outer=1,slot=6,pass=26,op=O7_MA_LOAD_TRANSFER,accepted=false,recoveryGain=true,qGain=-0.4740011793157444,fe=14071
formalLocal:outer=1,slot=6,pass=26,op=O8_MA_WEAK_TO_STRONG,accepted=false,recoveryGain=true,qGain=-0.15438895360174776,fe=14072
formalLocal:outer=1,slot=6,pass=26,op=O9_MA_SWAP,accepted=false,recoveryGain=true,qGain=-0.6761903489529677,fe=14073
formalLocal:outer=1,slot=6,pass=27,op=O1_JS_INSERT,accepted=false,recoveryGain=true,qGain=-0.13867364474417754,fe=14074
formalLocal:outer=1,slot=6,pass=27,op=O2_JS_REVERSE,accepted=false,recoveryGain=true,qGain=-1.0,fe=14075
formalLocal:outer=1,slot=6,pass=27,op=O3_JS_SWAP,accepted=false,recoveryGain=true,qGain=-0.4146137971678416,fe=14076
formalLocal:outer=1,slot=6,pass=27,op=O4_WA_LOAD_TRANSFER,accepted=false,recoveryGain=true,qGain=-1.0,fe=14077
formalLocal:outer=1,slot=6,pass=27,op=O5_WA_WEAK_TO_STRONG,accepted=false,recoveryGain=true,qGain=-1.0,fe=14078
formalLocal:outer=1,slot=6,pass=27,op=O6_WA_SWAP,accepted=false,recoveryGain=true,qGain=-0.634535798800822,fe=14079
formalLocal:outer=1,slot=6,pass=27,op=O7_MA_LOAD_TRANSFER,accepted=false,recoveryGain=true,qGain=-0.4740011793157444,fe=14080
formalLocal:outer=1,slot=6,pass=27,op=O8_MA_WEAK_TO_STRONG,accepted=false,recoveryGain=true,qGain=-0.15438895360174776,fe=14081
formalLocal:outer=1,slot=6,pass=27,op=O9_MA_SWAP,accepted=false,recoveryGain=true,qGain=-0.6761903489529677,fe=14082
formalLocal:outer=1,slot=6,pass=28,op=O1_JS_INSERT,accepted=false,recoveryGain=true,qGain=-0.0789074892144745,fe=14083
formalLocal:outer=1,slot=6,pass=28,op=O2_JS_REVERSE,accepted=false,recoveryGain=true,qGain=-1.0,fe=14084
formalLocal:outer=1,slot=6,pass=28,op=O3_JS_SWAP,accepted=false,recoveryGain=true,qGain=-0.8132560459185885,fe=14085
formalLocal:outer=1,slot=6,pass=28,op=O4_WA_LOAD_TRANSFER,accepted=false,recoveryGain=true,qGain=-1.0,fe=14086
formalLocal:outer=1,slot=6,pass=28,op=O5_WA_WEAK_TO_STRONG,accepted=false,recoveryGain=true,qGain=-1.0,fe=14087
formalLocal:outer=1,slot=6,pass=28,op=O6_WA_SWAP,accepted=false,recoveryGain=true,qGain=-0.634535798800822,fe=14088
formalLocal:outer=1,slot=6,pass=28,op=O7_MA_LOAD_TRANSFER,accepted=false,recoveryGain=true,qGain=-0.4740011793157444,fe=14089
formalLocal:outer=1,slot=6,pass=28,op=O8_MA_WEAK_TO_STRONG,accepted=false,recoveryGain=true,qGain=-0.15438895360174776,fe=14090
formalLocal:outer=1,slot=6,pass=28,op=O9_MA_SWAP,accepted=false,recoveryGain=true,qGain=-0.6761903489529677,fe=14091
formalLocal:outer=1,slot=6,pass=29,op=O1_JS_INSERT,accepted=false,recoveryGain=true,qGain=-1.0,fe=14092
formalLocal:outer=1,slot=6,pass=29,op=O2_JS_REVERSE,accepted=false,recoveryGain=true,qGain=-1.0,fe=14093
formalLocal:outer=1,slot=6,pass=29,op=O3_JS_SWAP,accepted=false,recoveryGain=true,qGain=-0.6512941539058279,fe=14094
formalLocal:outer=1,slot=6,pass=29,op=O4_WA_LOAD_TRANSFER,accepted=false,recoveryGain=true,qGain=-1.0,fe=14095
formalLocal:outer=1,slot=6,pass=29,op=O5_WA_WEAK_TO_STRONG,accepted=false,recoveryGain=true,qGain=-1.0,fe=14096
formalLocal:outer=1,slot=6,pass=29,op=O6_WA_SWAP,accepted=false,recoveryGain=true,qGain=-0.634535798800822,fe=14097
formalLocal:outer=1,slot=6,pass=29,op=O7_MA_LOAD_TRANSFER,accepted=false,recoveryGain=true,qGain=-0.4740011793157444,fe=14098
formalLocal:outer=1,slot=6,pass=29,op=O8_MA_WEAK_TO_STRONG,accepted=false,recoveryGain=true,qGain=-0.15438895360174776,fe=14099
formalLocal:outer=1,slot=6,pass=29,op=O9_MA_SWAP,accepted=false,recoveryGain=true,qGain=-0.6761903489529677,fe=14100
formalLocal:outer=1,slot=7,op=CRITICAL_FACTORY_SWAP,accepted=false,fe=14101
formalLocal:outer=1,slot=7,op=CRITICAL_FACTORY_INSERT,accepted=true,fe=14102
formalLocal:outer=1,slot=7,pass=0,op=O1_JS_INSERT,accepted=true,recoveryGain=true,qGain=0.09098995060065068,fe=14103
formalLocal:outer=1,slot=7,pass=0,op=O2_JS_REVERSE,accepted=false,recoveryGain=true,qGain=-0.5524241610054578,fe=14104
formalLocal:outer=1,slot=7,pass=0,op=O3_JS_SWAP,accepted=true,recoveryGain=true,qGain=0.0026614581985585865,fe=14105
formalLocal:outer=1,slot=7,pass=0,op=O4_WA_LOAD_TRANSFER,accepted=true,recoveryGain=true,qGain=0.312439011295224,fe=14106
formalLocal:outer=1,slot=7,pass=0,op=O5_WA_WEAK_TO_STRONG,accepted=false,recoveryGain=true,qGain=-0.20097103154690316,fe=14107
formalLocal:outer=1,slot=7,pass=0,op=O6_WA_SWAP,accepted=true,recoveryGain=true,qGain=0.19945913333898968,fe=14108
formalLocal:outer=1,slot=7,pass=0,op=O7_MA_LOAD_TRANSFER,accepted=false,recoveryGain=true,qGain=-0.35221553888646406,fe=14109
formalLocal:outer=1,slot=7,pass=0,op=O8_MA_WEAK_TO_STRONG,accepted=false,recoveryGain=true,qGain=-0.524199923502057,fe=14110
formalLocal:outer=1,slot=7,pass=0,op=O9_MA_SWAP,accepted=true,recoveryGain=true,qGain=0.008293711706060454,fe=14111
formalLocal:outer=1,slot=7,pass=1,op=O1_JS_INSERT,accepted=false,recoveryGain=true,qGain=-0.1819481164374872,fe=14112
formalLocal:outer=1,slot=7,pass=1,op=O2_JS_REVERSE,accepted=false,recoveryGain=true,qGain=-0.4107133930222676,fe=14113
formalLocal:outer=1,slot=7,pass=1,op=O3_JS_SWAP,accepted=false,recoveryGain=true,qGain=-0.9592512145904578,fe=14114
formalLocal:outer=1,slot=7,pass=1,op=O4_WA_LOAD_TRANSFER,accepted=false,recoveryGain=true,qGain=-0.20442877950785418,fe=14115
formalLocal:outer=1,slot=7,pass=1,op=O5_WA_WEAK_TO_STRONG,accepted=false,recoveryGain=true,qGain=-0.2714867517963029,fe=14116
formalLocal:outer=1,slot=7,pass=1,op=O6_WA_SWAP,accepted=false,recoveryGain=true,qGain=-0.3558823456371733,fe=14117
formalLocal:outer=1,slot=7,pass=1,op=O7_MA_LOAD_TRANSFER,accepted=false,recoveryGain=true,qGain=-0.0352395293794599,fe=14118
formalLocal:outer=1,slot=7,pass=1,op=O8_MA_WEAK_TO_STRONG,accepted=false,recoveryGain=true,qGain=-0.2575533194909586,fe=14119
formalLocal:outer=1,slot=7,pass=1,op=O9_MA_SWAP,accepted=false,recoveryGain=true,qGain=-0.008363072619342125,fe=14120
formalLocal:outer=1,slot=7,pass=2,op=O1_JS_INSERT,accepted=false,recoveryGain=true,qGain=-0.27718406349389335,fe=14121
formalLocal:outer=1,slot=7,pass=2,op=O2_JS_REVERSE,accepted=false,recoveryGain=true,qGain=-0.20892221854464213,fe=14122
formalLocal:outer=1,slot=7,pass=2,op=O3_JS_SWAP,accepted=false,recoveryGain=true,qGain=-0.172640558293545,fe=14123
formalLocal:outer=1,slot=7,pass=2,op=O4_WA_LOAD_TRANSFER,accepted=false,recoveryGain=true,qGain=-0.20442877950785418,fe=14124
formalLocal:outer=1,slot=7,pass=2,op=O5_WA_WEAK_TO_STRONG,accepted=false,recoveryGain=true,qGain=-0.2714867517963029,fe=14125
formalLocal:outer=1,slot=7,pass=2,op=O6_WA_SWAP,accepted=false,recoveryGain=true,qGain=-0.3558823456371733,fe=14126
formalLocal:outer=1,slot=7,pass=2,op=O7_MA_LOAD_TRANSFER,accepted=false,recoveryGain=true,qGain=-0.0352395293794599,fe=14127
formalLocal:outer=1,slot=7,pass=2,op=O8_MA_WEAK_TO_STRONG,accepted=false,recoveryGain=true,qGain=-0.2575533194909586,fe=14128
formalLocal:outer=1,slot=7,pass=2,op=O9_MA_SWAP,accepted=false,recoveryGain=true,qGain=-0.008363072619342125,fe=14129
formalLocal:outer=1,slot=7,pass=3,op=O1_JS_INSERT,accepted=false,recoveryGain=true,qGain=-0.1841810357657585,fe=14130
formalLocal:outer=1,slot=7,pass=3,op=O2_JS_REVERSE,accepted=false,recoveryGain=true,qGain=-0.16665691578856842,fe=14131
formalLocal:outer=1,slot=7,pass=3,op=O3_JS_SWAP,accepted=true,recoveryGain=true,qGain=0.21019412837609616,fe=14132
formalLocal:outer=1,slot=7,pass=3,op=O4_WA_LOAD_TRANSFER,accepted=false,recoveryGain=true,qGain=-0.05901492913803699,fe=14133
formalLocal:outer=1,slot=7,pass=3,op=O5_WA_WEAK_TO_STRONG,accepted=false,recoveryGain=true,qGain=-0.20136534246700227,fe=14134
formalLocal:outer=1,slot=7,pass=3,op=O6_WA_SWAP,accepted=false,recoveryGain=true,qGain=-0.026836129637158677,fe=14135
formalLocal:outer=1,slot=7,pass=3,op=O7_MA_LOAD_TRANSFER,accepted=false,recoveryGain=true,qGain=-0.016335216657983785,fe=14136
formalLocal:outer=1,slot=7,pass=3,op=O8_MA_WEAK_TO_STRONG,accepted=false,recoveryGain=true,qGain=-0.13663812908431677,fe=14137
formalLocal:outer=1,slot=7,pass=3,op=O9_MA_SWAP,accepted=true,recoveryGain=true,qGain=0.21351041386015907,fe=14138
formalLocal:outer=1,slot=7,pass=4,op=O1_JS_INSERT,accepted=false,recoveryGain=true,qGain=-0.1851137063046106,fe=14139
formalLocal:outer=1,slot=7,pass=4,op=O2_JS_REVERSE,accepted=false,recoveryGain=true,qGain=-0.5630002751014679,fe=14140
formalLocal:outer=1,slot=7,pass=4,op=O3_JS_SWAP,accepted=false,recoveryGain=true,qGain=-0.1345255314674645,fe=14141
formalLocal:outer=1,slot=7,pass=4,op=O4_WA_LOAD_TRANSFER,accepted=false,recoveryGain=true,qGain=-0.5774115771259158,fe=14142
formalLocal:outer=1,slot=7,pass=4,op=O5_WA_WEAK_TO_STRONG,accepted=false,recoveryGain=true,qGain=-0.872987089938554,fe=14143
formalLocal:outer=1,slot=7,pass=4,op=O6_WA_SWAP,accepted=false,recoveryGain=true,qGain=-0.40774132218366965,fe=14144
formalLocal:outer=1,slot=7,pass=4,op=O7_MA_LOAD_TRANSFER,accepted=false,recoveryGain=true,qGain=-0.5619580574110898,fe=14145
formalLocal:outer=1,slot=7,pass=4,op=O8_MA_WEAK_TO_STRONG,accepted=false,recoveryGain=true,qGain=-1.0,fe=14146
formalLocal:outer=1,slot=7,pass=4,op=O9_MA_SWAP,accepted=false,recoveryGain=true,qGain=-0.27147265217850713,fe=14147
formalLocal:outer=1,slot=7,pass=5,op=O1_JS_INSERT,accepted=false,recoveryGain=true,qGain=-0.4713270776658526,fe=14148
formalLocal:outer=1,slot=7,pass=5,op=O2_JS_REVERSE,accepted=true,recoveryGain=true,qGain=0.25946153743454703,fe=14149
formalLocal:outer=1,slot=7,pass=5,op=O3_JS_SWAP,accepted=true,recoveryGain=true,qGain=0.10536280647242867,fe=14150
formalLocal:outer=1,slot=7,pass=5,op=O4_WA_LOAD_TRANSFER,notApplicable=NO_WORKER_LOAD_IMPROVEMENT
formalLocal:outer=1,slot=7,pass=5,op=O5_WA_WEAK_TO_STRONG,accepted=false,recoveryGain=true,qGain=-0.4204394491239544,fe=14151
formalLocal:outer=1,slot=7,pass=5,op=O6_WA_SWAP,accepted=false,recoveryGain=true,qGain=-0.15254358169225626,fe=14152
formalLocal:outer=1,slot=7,pass=5,op=O7_MA_LOAD_TRANSFER,accepted=true,recoveryGain=true,qGain=0.004136274658890353,fe=14153
formalLocal:outer=1,slot=7,pass=5,op=O8_MA_WEAK_TO_STRONG,accepted=true,recoveryGain=true,qGain=0.10975062803733004,fe=14154
formalLocal:outer=1,slot=7,pass=5,op=O9_MA_SWAP,accepted=false,recoveryGain=true,qGain=-0.29741642121167083,fe=14155
formalLocal:outer=1,slot=7,pass=6,op=O1_JS_INSERT,accepted=true,recoveryGain=true,qGain=0.07139100204474233,fe=14156
formalLocal:outer=1,slot=7,pass=6,op=O2_JS_REVERSE,accepted=false,recoveryGain=true,qGain=-1.0,fe=14157
formalLocal:outer=1,slot=7,pass=6,op=O3_JS_SWAP,accepted=true,recoveryGain=true,qGain=0.11822619515621849,fe=14158
formalLocal:outer=1,slot=7,pass=6,op=O4_WA_LOAD_TRANSFER,accepted=true,recoveryGain=true,qGain=0.26722951764016506,fe=14159
formalLocal:outer=1,slot=7,pass=6,op=O5_WA_WEAK_TO_STRONG,accepted=false,recoveryGain=true,qGain=-1.0,fe=14160
formalLocal:outer=1,slot=7,pass=6,op=O6_WA_SWAP,accepted=false,recoveryGain=true,qGain=-0.31516762476650495,fe=14161
formalLocal:outer=1,slot=7,pass=6,op=O7_MA_LOAD_TRANSFER,accepted=false,recoveryGain=true,qGain=-1.0,fe=14162
formalLocal:outer=1,slot=7,pass=6,op=O8_MA_WEAK_TO_STRONG,accepted=false,recoveryGain=true,qGain=-1.0,fe=14163
formalLocal:outer=1,slot=7,pass=6,op=O9_MA_SWAP,accepted=false,recoveryGain=true,qGain=-1.0,fe=14164
formalLocal:outer=1,slot=7,pass=7,op=O1_JS_INSERT,accepted=false,recoveryGain=true,qGain=-0.14065224124444436,fe=14165
formalLocal:outer=1,slot=7,pass=7,op=O2_JS_REVERSE,accepted=false,recoveryGain=true,qGain=-1.0,fe=14166
formalLocal:outer=1,slot=7,pass=7,op=O3_JS_SWAP,accepted=false,recoveryGain=true,qGain=-1.0,fe=14167
formalLocal:outer=1,slot=7,pass=7,op=O4_WA_LOAD_TRANSFER,accepted=false,recoveryGain=true,qGain=-1.0,fe=14168
formalLocal:outer=1,slot=7,pass=7,op=O5_WA_WEAK_TO_STRONG,accepted=false,recoveryGain=true,qGain=-1.0,fe=14169
formalLocal:outer=1,slot=7,pass=7,op=O6_WA_SWAP,accepted=false,recoveryGain=true,qGain=-0.31516762476650495,fe=14170
formalLocal:outer=1,slot=7,pass=7,op=O7_MA_LOAD_TRANSFER,accepted=false,recoveryGain=true,qGain=-1.0,fe=14171
formalLocal:outer=1,slot=7,pass=7,op=O8_MA_WEAK_TO_STRONG,accepted=false,recoveryGain=true,qGain=-1.0,fe=14172
formalLocal:outer=1,slot=7,pass=7,op=O9_MA_SWAP,accepted=false,recoveryGain=true,qGain=-1.0,fe=14173
formalLocal:outer=1,slot=7,pass=8,op=O1_JS_INSERT,accepted=false,recoveryGain=true,qGain=0.0,fe=14174
formalLocal:outer=1,slot=7,pass=8,op=O2_JS_REVERSE,accepted=false,recoveryGain=true,qGain=-1.0,fe=14175
formalLocal:outer=1,slot=7,pass=8,op=O3_JS_SWAP,accepted=false,recoveryGain=true,qGain=-1.0,fe=14176
formalLocal:outer=1,slot=7,pass=8,op=O4_WA_LOAD_TRANSFER,accepted=false,recoveryGain=true,qGain=-1.0,fe=14177
formalLocal:outer=1,slot=7,pass=8,op=O5_WA_WEAK_TO_STRONG,accepted=false,recoveryGain=true,qGain=-1.0,fe=14178
formalLocal:outer=1,slot=7,pass=8,op=O6_WA_SWAP,accepted=false,recoveryGain=true,qGain=-0.31516762476650495,fe=14179
formalLocal:outer=1,slot=7,pass=8,op=O7_MA_LOAD_TRANSFER,accepted=false,recoveryGain=true,qGain=-1.0,fe=14180
formalLocal:outer=1,slot=7,pass=8,op=O8_MA_WEAK_TO_STRONG,accepted=false,recoveryGain=true,qGain=-1.0,fe=14181
formalLocal:outer=1,slot=7,pass=8,op=O9_MA_SWAP,accepted=false,recoveryGain=true,qGain=-1.0,fe=14182
formalLocal:outer=1,slot=7,pass=9,op=O1_JS_INSERT,accepted=false,recoveryGain=true,qGain=-0.5741624766896393,fe=14183
formalLocal:outer=1,slot=7,pass=9,op=O2_JS_REVERSE,accepted=false,recoveryGain=true,qGain=-1.0,fe=14184
formalLocal:outer=1,slot=7,pass=9,op=O3_JS_SWAP,accepted=false,recoveryGain=true,qGain=-1.0,fe=14185
formalLocal:outer=1,slot=7,pass=9,op=O4_WA_LOAD_TRANSFER,accepted=false,recoveryGain=true,qGain=-1.0,fe=14186
formalLocal:outer=1,slot=7,pass=9,op=O5_WA_WEAK_TO_STRONG,accepted=false,recoveryGain=true,qGain=-1.0,fe=14187
formalLocal:outer=1,slot=7,pass=9,op=O6_WA_SWAP,accepted=false,recoveryGain=true,qGain=-0.31516762476650495,fe=14188
formalLocal:outer=1,slot=7,pass=9,op=O7_MA_LOAD_TRANSFER,accepted=false,recoveryGain=true,qGain=-1.0,fe=14189
formalLocal:outer=1,slot=7,pass=9,op=O8_MA_WEAK_TO_STRONG,accepted=false,recoveryGain=true,qGain=-1.0,fe=14190
formalLocal:outer=1,slot=7,pass=9,op=O9_MA_SWAP,accepted=false,recoveryGain=true,qGain=-1.0,fe=14191
formalLocal:outer=1,slot=7,pass=10,op=O1_JS_INSERT,accepted=false,recoveryGain=true,qGain=0.0,fe=14192
formalLocal:outer=1,slot=7,pass=10,op=O2_JS_REVERSE,accepted=false,recoveryGain=true,qGain=-1.0,fe=14193
formalLocal:outer=1,slot=7,pass=10,op=O3_JS_SWAP,accepted=false,recoveryGain=true,qGain=-0.011241404899623329,fe=14194
formalLocal:outer=1,slot=7,pass=10,op=O4_WA_LOAD_TRANSFER,accepted=false,recoveryGain=true,qGain=-1.0,fe=14195
formalLocal:outer=1,slot=7,pass=10,op=O5_WA_WEAK_TO_STRONG,accepted=false,recoveryGain=true,qGain=-1.0,fe=14196
formalLocal:outer=1,slot=7,pass=10,op=O6_WA_SWAP,accepted=false,recoveryGain=true,qGain=-0.31516762476650495,fe=14197
formalLocal:outer=1,slot=7,pass=10,op=O7_MA_LOAD_TRANSFER,accepted=false,recoveryGain=true,qGain=-1.0,fe=14198
formalLocal:outer=1,slot=7,pass=10,op=O8_MA_WEAK_TO_STRONG,accepted=false,recoveryGain=true,qGain=-1.0,fe=14199
formalLocal:outer=1,slot=7,pass=10,op=O9_MA_SWAP,accepted=false,recoveryGain=true,qGain=-1.0,fe=14200
formalLocal:outer=1,slot=7,pass=11,op=O1_JS_INSERT,accepted=true,recoveryGain=true,qGain=0.1008163401780664,fe=14201
formalLocal:outer=1,slot=7,pass=11,op=O2_JS_REVERSE,accepted=false,recoveryGain=true,qGain=-1.0,fe=14202
formalLocal:outer=1,slot=7,pass=11,op=O3_JS_SWAP,accepted=false,recoveryGain=true,qGain=-1.0,fe=14203
formalLocal:outer=1,slot=7,pass=11,op=O4_WA_LOAD_TRANSFER,accepted=false,recoveryGain=true,qGain=-1.0,fe=14204
formalLocal:outer=1,slot=7,pass=11,op=O5_WA_WEAK_TO_STRONG,accepted=false,recoveryGain=true,qGain=-0.017246714453359638,fe=14205
formalLocal:outer=1,slot=7,pass=11,op=O6_WA_SWAP,accepted=false,recoveryGain=true,qGain=-1.0,fe=14206
formalLocal:outer=1,slot=7,pass=11,op=O7_MA_LOAD_TRANSFER,accepted=false,recoveryGain=true,qGain=-1.0,fe=14207
formalLocal:outer=1,slot=7,pass=11,op=O8_MA_WEAK_TO_STRONG,accepted=false,recoveryGain=true,qGain=-1.0,fe=14208
formalLocal:outer=1,slot=7,pass=11,op=O9_MA_SWAP,accepted=false,recoveryGain=true,qGain=-1.0,fe=14209
formalLocal:outer=1,slot=7,pass=12,op=O1_JS_INSERT,accepted=false,recoveryGain=true,qGain=0.0,fe=14210
formalLocal:outer=1,slot=7,pass=12,op=O2_JS_REVERSE,accepted=false,recoveryGain=true,qGain=-1.0,fe=14211
formalLocal:outer=1,slot=7,pass=12,op=O3_JS_SWAP,accepted=false,recoveryGain=true,qGain=-1.0,fe=14212
formalLocal:outer=1,slot=7,pass=12,op=O4_WA_LOAD_TRANSFER,accepted=false,recoveryGain=true,qGain=-1.0,fe=14213
formalLocal:outer=1,slot=7,pass=12,op=O5_WA_WEAK_TO_STRONG,accepted=false,recoveryGain=true,qGain=-0.017246714453359638,fe=14214
formalLocal:outer=1,slot=7,pass=12,op=O6_WA_SWAP,accepted=false,recoveryGain=true,qGain=-1.0,fe=14215
formalLocal:outer=1,slot=7,pass=12,op=O7_MA_LOAD_TRANSFER,accepted=false,recoveryGain=true,qGain=-1.0,fe=14216
formalLocal:outer=1,slot=7,pass=12,op=O8_MA_WEAK_TO_STRONG,accepted=false,recoveryGain=true,qGain=-1.0,fe=14217
formalLocal:outer=1,slot=7,pass=12,op=O9_MA_SWAP,accepted=false,recoveryGain=true,qGain=-1.0,fe=14218
formalLocal:outer=1,slot=7,pass=13,op=O1_JS_INSERT,accepted=false,recoveryGain=true,qGain=-0.36162487897068724,fe=14219
formalLocal:outer=1,slot=7,pass=13,op=O2_JS_REVERSE,accepted=false,recoveryGain=true,qGain=-1.0,fe=14220
formalLocal:outer=1,slot=7,pass=13,op=O3_JS_SWAP,accepted=false,recoveryGain=true,qGain=-0.4295346119972049,fe=14221
formalLocal:outer=1,slot=7,pass=13,op=O4_WA_LOAD_TRANSFER,accepted=false,recoveryGain=true,qGain=-1.0,fe=14222
formalLocal:outer=1,slot=7,pass=13,op=O5_WA_WEAK_TO_STRONG,accepted=false,recoveryGain=true,qGain=-0.017246714453359638,fe=14223
formalLocal:outer=1,slot=7,pass=13,op=O6_WA_SWAP,accepted=false,recoveryGain=true,qGain=-1.0,fe=14224
formalLocal:outer=1,slot=7,pass=13,op=O7_MA_LOAD_TRANSFER,accepted=false,recoveryGain=true,qGain=-1.0,fe=14225
formalLocal:outer=1,slot=7,pass=13,op=O8_MA_WEAK_TO_STRONG,accepted=false,recoveryGain=true,qGain=-1.0,fe=14226
formalLocal:outer=1,slot=7,pass=13,op=O9_MA_SWAP,accepted=false,recoveryGain=true,qGain=-1.0,fe=14227
formalLocal:outer=1,slot=7,pass=14,op=O1_JS_INSERT,accepted=false,recoveryGain=true,qGain=-1.0,fe=14228
formalLocal:outer=1,slot=7,pass=14,op=O2_JS_REVERSE,accepted=true,recoveryGain=true,qGain=0.17212752305818416,fe=14229
formalLocal:outer=1,slot=7,pass=14,op=O3_JS_SWAP,accepted=false,recoveryGain=true,qGain=-1.0,fe=14230
formalLocal:outer=1,slot=7,pass=14,op=O4_WA_LOAD_TRANSFER,accepted=false,recoveryGain=true,qGain=-1.0,fe=14231
formalLocal:outer=1,slot=7,pass=14,op=O5_WA_WEAK_TO_STRONG,accepted=true,recoveryGain=true,qGain=0.6013120371526192,fe=14232
formalLocal:outer=1,slot=7,pass=14,op=O6_WA_SWAP,accepted=false,recoveryGain=true,qGain=-0.3020684972838725,fe=14233
formalLocal:outer=1,slot=7,pass=14,op=O7_MA_LOAD_TRANSFER,accepted=false,recoveryGain=true,qGain=-0.9359802319075503,fe=14234
formalLocal:outer=1,slot=7,pass=14,op=O8_MA_WEAK_TO_STRONG,accepted=false,recoveryGain=true,qGain=-1.0,fe=14235
formalLocal:outer=1,slot=7,pass=14,op=O9_MA_SWAP,accepted=false,recoveryGain=true,qGain=-0.767266466005078,fe=14236
formalLocal:outer=1,slot=7,pass=15,op=O1_JS_INSERT,accepted=false,recoveryGain=true,qGain=-1.0,fe=14237
formalLocal:outer=1,slot=7,pass=15,op=O2_JS_REVERSE,accepted=false,recoveryGain=true,qGain=-1.0,fe=14238
formalLocal:outer=1,slot=7,pass=15,op=O3_JS_SWAP,accepted=false,recoveryGain=true,qGain=-0.7315439023314179,fe=14239
formalLocal:outer=1,slot=7,pass=15,op=O4_WA_LOAD_TRANSFER,accepted=false,recoveryGain=true,qGain=-1.0,fe=14240
formalLocal:outer=1,slot=7,pass=15,op=O5_WA_WEAK_TO_STRONG,accepted=false,recoveryGain=true,qGain=-1.0,fe=14241
formalLocal:outer=1,slot=7,pass=15,op=O6_WA_SWAP,accepted=false,recoveryGain=true,qGain=-0.3020684972838725,fe=14242
formalLocal:outer=1,slot=7,pass=15,op=O7_MA_LOAD_TRANSFER,accepted=false,recoveryGain=true,qGain=-0.9359802319075503,fe=14243
formalLocal:outer=1,slot=7,pass=15,op=O8_MA_WEAK_TO_STRONG,accepted=false,recoveryGain=true,qGain=-1.0,fe=14244
formalLocal:outer=1,slot=7,pass=15,op=O9_MA_SWAP,accepted=false,recoveryGain=true,qGain=-0.767266466005078,fe=14245
formalLocal:outer=1,slot=7,pass=16,op=O1_JS_INSERT,accepted=false,recoveryGain=true,qGain=-1.0,fe=14246
formalLocal:outer=1,slot=7,pass=16,op=O2_JS_REVERSE,accepted=false,recoveryGain=true,qGain=-1.0,fe=14247
formalLocal:outer=1,slot=7,pass=16,op=O3_JS_SWAP,accepted=false,recoveryGain=true,qGain=-1.0,fe=14248
formalLocal:outer=1,slot=7,pass=16,op=O4_WA_LOAD_TRANSFER,accepted=false,recoveryGain=true,qGain=-1.0,fe=14249
formalLocal:outer=1,slot=7,pass=16,op=O5_WA_WEAK_TO_STRONG,accepted=false,recoveryGain=true,qGain=-1.0,fe=14250
formalLocal:outer=1,slot=7,pass=16,op=O6_WA_SWAP,accepted=false,recoveryGain=true,qGain=-0.3020684972838725,fe=14251
formalLocal:outer=1,slot=7,pass=16,op=O7_MA_LOAD_TRANSFER,accepted=false,recoveryGain=true,qGain=-0.9359802319075503,fe=14252
formalLocal:outer=1,slot=7,pass=16,op=O8_MA_WEAK_TO_STRONG,accepted=false,recoveryGain=true,qGain=-1.0,fe=14253
formalLocal:outer=1,slot=7,pass=16,op=O9_MA_SWAP,accepted=false,recoveryGain=true,qGain=-0.767266466005078,fe=14254
formalLocal:outer=1,slot=7,pass=17,op=O1_JS_INSERT,accepted=false,recoveryGain=true,qGain=-1.0,fe=14255
formalLocal:outer=1,slot=7,pass=17,op=O2_JS_REVERSE,accepted=false,recoveryGain=true,qGain=-1.0,fe=14256
formalLocal:outer=1,slot=7,pass=17,op=O3_JS_SWAP,accepted=false,recoveryGain=true,qGain=-1.0,fe=14257
formalLocal:outer=1,slot=7,pass=17,op=O4_WA_LOAD_TRANSFER,accepted=false,recoveryGain=true,qGain=-1.0,fe=14258
formalLocal:outer=1,slot=7,pass=17,op=O5_WA_WEAK_TO_STRONG,accepted=false,recoveryGain=true,qGain=-1.0,fe=14259
formalLocal:outer=1,slot=7,pass=17,op=O6_WA_SWAP,accepted=false,recoveryGain=true,qGain=-0.3020684972838725,fe=14260
formalLocal:outer=1,slot=7,pass=17,op=O7_MA_LOAD_TRANSFER,accepted=false,recoveryGain=true,qGain=-0.9359802319075503,fe=14261
formalLocal:outer=1,slot=7,pass=17,op=O8_MA_WEAK_TO_STRONG,accepted=false,recoveryGain=true,qGain=-1.0,fe=14262
formalLocal:outer=1,slot=7,pass=17,op=O9_MA_SWAP,accepted=false,recoveryGain=true,qGain=-0.767266466005078,fe=14263
formalLocal:outer=1,slot=7,pass=18,op=O1_JS_INSERT,accepted=false,recoveryGain=true,qGain=-1.0,fe=14264
formalLocal:outer=1,slot=7,pass=18,op=O2_JS_REVERSE,accepted=false,recoveryGain=true,qGain=-1.0,fe=14265
formalLocal:outer=1,slot=7,pass=18,op=O3_JS_SWAP,accepted=false,recoveryGain=true,qGain=-1.0,fe=14266
formalLocal:outer=1,slot=7,pass=18,op=O4_WA_LOAD_TRANSFER,accepted=false,recoveryGain=true,qGain=-1.0,fe=14267
formalLocal:outer=1,slot=7,pass=18,op=O5_WA_WEAK_TO_STRONG,accepted=false,recoveryGain=true,qGain=-1.0,fe=14268
formalLocal:outer=1,slot=7,pass=18,op=O6_WA_SWAP,accepted=false,recoveryGain=true,qGain=-0.3020684972838725,fe=14269
formalLocal:outer=1,slot=7,pass=18,op=O7_MA_LOAD_TRANSFER,accepted=false,recoveryGain=true,qGain=-0.9359802319075503,fe=14270
formalLocal:outer=1,slot=7,pass=18,op=O8_MA_WEAK_TO_STRONG,accepted=false,recoveryGain=true,qGain=-1.0,fe=14271
formalLocal:outer=1,slot=7,pass=18,op=O9_MA_SWAP,accepted=false,recoveryGain=true,qGain=-0.767266466005078,fe=14272
formalLocal:outer=1,slot=7,pass=19,op=O1_JS_INSERT,accepted=false,recoveryGain=true,qGain=-1.0,fe=14273
formalLocal:outer=1,slot=7,pass=19,op=O2_JS_REVERSE,accepted=false,recoveryGain=true,qGain=-1.0,fe=14274
formalLocal:outer=1,slot=7,pass=19,op=O3_JS_SWAP,accepted=false,recoveryGain=true,qGain=-1.0,fe=14275
formalLocal:outer=1,slot=7,pass=19,op=O4_WA_LOAD_TRANSFER,accepted=false,recoveryGain=true,qGain=-1.0,fe=14276
formalLocal:outer=1,slot=7,pass=19,op=O5_WA_WEAK_TO_STRONG,accepted=false,recoveryGain=true,qGain=-1.0,fe=14277
formalLocal:outer=1,slot=7,pass=19,op=O6_WA_SWAP,accepted=false,recoveryGain=true,qGain=-0.3020684972838725,fe=14278
formalLocal:outer=1,slot=7,pass=19,op=O7_MA_LOAD_TRANSFER,accepted=false,recoveryGain=true,qGain=-0.9359802319075503,fe=14279
formalLocal:outer=1,slot=7,pass=19,op=O8_MA_WEAK_TO_STRONG,accepted=false,recoveryGain=true,qGain=-1.0,fe=14280
formalLocal:outer=1,slot=7,pass=19,op=O9_MA_SWAP,accepted=false,recoveryGain=true,qGain=-0.767266466005078,fe=14281
formalLocal:outer=1,slot=7,pass=20,op=O1_JS_INSERT,accepted=false,recoveryGain=true,qGain=0.0,fe=14282
formalLocal:outer=1,slot=7,pass=20,op=O2_JS_REVERSE,accepted=false,recoveryGain=true,qGain=-0.9407486208960077,fe=14283
formalLocal:outer=1,slot=7,pass=20,op=O3_JS_SWAP,accepted=true,recoveryGain=true,qGain=0.18722221776182343,fe=14284
formalLocal:outer=1,slot=7,pass=20,op=O4_WA_LOAD_TRANSFER,accepted=false,recoveryGain=true,qGain=-1.0,fe=14285
formalLocal:outer=1,slot=7,pass=20,op=O5_WA_WEAK_TO_STRONG,accepted=false,recoveryGain=true,qGain=-0.4991488264903073,fe=14286
formalLocal:outer=1,slot=7,pass=20,op=O6_WA_SWAP,accepted=false,recoveryGain=true,qGain=-1.0,fe=14287
formalLocal:outer=1,slot=7,pass=20,op=O7_MA_LOAD_TRANSFER,accepted=false,recoveryGain=true,qGain=-1.0,fe=14288
formalLocal:outer=1,slot=7,pass=20,op=O8_MA_WEAK_TO_STRONG,accepted=false,recoveryGain=true,qGain=-1.0,fe=14289
formalLocal:outer=1,slot=7,pass=20,op=O9_MA_SWAP,accepted=false,recoveryGain=true,qGain=-0.466861941949566,fe=14290
formalLocal:outer=1,slot=7,pass=21,op=O1_JS_INSERT,accepted=false,recoveryGain=true,qGain=-1.0,fe=14291
formalLocal:outer=1,slot=7,pass=21,op=O2_JS_REVERSE,accepted=false,recoveryGain=true,qGain=-1.0,fe=14292
formalLocal:outer=1,slot=7,pass=21,op=O3_JS_SWAP,accepted=true,recoveryGain=true,qGain=0.3182101334612247,fe=14293
formalLocal:outer=1,slot=7,pass=21,op=O4_WA_LOAD_TRANSFER,accepted=false,recoveryGain=true,qGain=-1.0,fe=14294
formalLocal:outer=1,slot=7,pass=21,op=O5_WA_WEAK_TO_STRONG,accepted=false,recoveryGain=true,qGain=-1.0,fe=14295
formalLocal:outer=1,slot=7,pass=21,op=O6_WA_SWAP,accepted=false,recoveryGain=true,qGain=-1.0,fe=14296
formalLocal:outer=1,slot=7,pass=21,op=O7_MA_LOAD_TRANSFER,accepted=false,recoveryGain=true,qGain=-1.0,fe=14297
formalLocal:outer=1,slot=7,pass=21,op=O8_MA_WEAK_TO_STRONG,accepted=false,recoveryGain=true,qGain=-1.0,fe=14298
formalLocal:outer=1,slot=7,pass=21,op=O9_MA_SWAP,accepted=false,recoveryGain=true,qGain=-0.6072691623095313,fe=14299
formalLocal:outer=1,slot=7,pass=22,op=O1_JS_INSERT,accepted=false,recoveryGain=true,qGain=-1.0,fe=14300
formalLocal:outer=1,slot=7,pass=22,op=O2_JS_REVERSE,accepted=false,recoveryGain=true,qGain=-1.0,fe=14301
formalLocal:outer=1,slot=7,pass=22,op=O3_JS_SWAP,accepted=false,recoveryGain=true,qGain=-1.0,fe=14302
formalLocal:outer=1,slot=7,pass=22,op=O4_WA_LOAD_TRANSFER,accepted=false,recoveryGain=true,qGain=-1.0,fe=14303
formalLocal:outer=1,slot=7,pass=22,op=O5_WA_WEAK_TO_STRONG,accepted=false,recoveryGain=true,qGain=-1.0,fe=14304
formalLocal:outer=1,slot=7,pass=22,op=O6_WA_SWAP,accepted=false,recoveryGain=true,qGain=-1.0,fe=14305
formalLocal:outer=1,slot=7,pass=22,op=O7_MA_LOAD_TRANSFER,accepted=false,recoveryGain=true,qGain=-1.0,fe=14306
formalLocal:outer=1,slot=7,pass=22,op=O8_MA_WEAK_TO_STRONG,accepted=false,recoveryGain=true,qGain=-1.0,fe=14307
formalLocal:outer=1,slot=7,pass=22,op=O9_MA_SWAP,accepted=false,recoveryGain=true,qGain=-0.6072691623095313,fe=14308
formalLocal:outer=1,slot=7,pass=23,op=O1_JS_INSERT,accepted=false,recoveryGain=true,qGain=-1.0,fe=14309
formalLocal:outer=1,slot=7,pass=23,op=O2_JS_REVERSE,accepted=false,recoveryGain=true,qGain=-1.0,fe=14310
formalLocal:outer=1,slot=7,pass=23,op=O3_JS_SWAP,accepted=false,recoveryGain=true,qGain=-1.0,fe=14311
formalLocal:outer=1,slot=7,pass=23,op=O4_WA_LOAD_TRANSFER,accepted=false,recoveryGain=true,qGain=-1.0,fe=14312
formalLocal:outer=1,slot=7,pass=23,op=O5_WA_WEAK_TO_STRONG,accepted=false,recoveryGain=true,qGain=-1.0,fe=14313
formalLocal:outer=1,slot=7,pass=23,op=O6_WA_SWAP,accepted=false,recoveryGain=true,qGain=-1.0,fe=14314
formalLocal:outer=1,slot=7,pass=23,op=O7_MA_LOAD_TRANSFER,accepted=false,recoveryGain=true,qGain=-1.0,fe=14315
formalLocal:outer=1,slot=7,pass=23,op=O8_MA_WEAK_TO_STRONG,accepted=false,recoveryGain=true,qGain=-1.0,fe=14316
formalLocal:outer=1,slot=7,pass=23,op=O9_MA_SWAP,accepted=false,recoveryGain=true,qGain=-0.6072691623095313,fe=14317
formalLocal:outer=1,slot=7,pass=24,op=O1_JS_INSERT,accepted=false,recoveryGain=true,qGain=-1.0,fe=14318
formalLocal:outer=1,slot=7,pass=24,op=O2_JS_REVERSE,accepted=false,recoveryGain=true,qGain=-1.0,fe=14319
formalLocal:outer=1,slot=7,pass=24,op=O3_JS_SWAP,accepted=false,recoveryGain=true,qGain=-0.17150132663587822,fe=14320
formalLocal:outer=1,slot=7,pass=24,op=O4_WA_LOAD_TRANSFER,accepted=false,recoveryGain=true,qGain=-1.0,fe=14321
formalLocal:outer=1,slot=7,pass=24,op=O5_WA_WEAK_TO_STRONG,accepted=false,recoveryGain=true,qGain=-1.0,fe=14322
formalLocal:outer=1,slot=7,pass=24,op=O6_WA_SWAP,accepted=false,recoveryGain=true,qGain=-1.0,fe=14323
formalLocal:outer=1,slot=7,pass=24,op=O7_MA_LOAD_TRANSFER,accepted=false,recoveryGain=true,qGain=-1.0,fe=14324
formalLocal:outer=1,slot=7,pass=24,op=O8_MA_WEAK_TO_STRONG,accepted=false,recoveryGain=true,qGain=-1.0,fe=14325
formalLocal:outer=1,slot=7,pass=24,op=O9_MA_SWAP,accepted=false,recoveryGain=true,qGain=-0.6072691623095313,fe=14326
formalLocal:outer=1,slot=7,pass=25,op=O1_JS_INSERT,accepted=false,recoveryGain=true,qGain=-1.0,fe=14327
formalLocal:outer=1,slot=7,pass=25,op=O2_JS_REVERSE,accepted=false,recoveryGain=true,qGain=-1.0,fe=14328
formalLocal:outer=1,slot=7,pass=25,op=O3_JS_SWAP,accepted=false,recoveryGain=true,qGain=-1.0,fe=14329
formalLocal:outer=1,slot=7,pass=25,op=O4_WA_LOAD_TRANSFER,accepted=false,recoveryGain=true,qGain=-1.0,fe=14330
formalLocal:outer=1,slot=7,pass=25,op=O5_WA_WEAK_TO_STRONG,accepted=false,recoveryGain=true,qGain=-1.0,fe=14331
formalLocal:outer=1,slot=7,pass=25,op=O6_WA_SWAP,accepted=false,recoveryGain=true,qGain=-1.0,fe=14332
formalLocal:outer=1,slot=7,pass=25,op=O7_MA_LOAD_TRANSFER,accepted=false,recoveryGain=true,qGain=-1.0,fe=14333
formalLocal:outer=1,slot=7,pass=25,op=O8_MA_WEAK_TO_STRONG,accepted=false,recoveryGain=true,qGain=-1.0,fe=14334
formalLocal:outer=1,slot=7,pass=25,op=O9_MA_SWAP,accepted=false,recoveryGain=true,qGain=-0.6072691623095313,fe=14335
formalLocal:outer=1,slot=7,pass=26,op=O1_JS_INSERT,accepted=false,recoveryGain=true,qGain=-1.0,fe=14336
formalLocal:outer=1,slot=7,pass=26,op=O2_JS_REVERSE,accepted=false,recoveryGain=true,qGain=-1.0,fe=14337
formalLocal:outer=1,slot=7,pass=26,op=O3_JS_SWAP,accepted=false,recoveryGain=true,qGain=-1.0,fe=14338
formalLocal:outer=1,slot=7,pass=26,op=O4_WA_LOAD_TRANSFER,accepted=false,recoveryGain=true,qGain=-1.0,fe=14339
formalLocal:outer=1,slot=7,pass=26,op=O5_WA_WEAK_TO_STRONG,accepted=false,recoveryGain=true,qGain=-1.0,fe=14340
formalLocal:outer=1,slot=7,pass=26,op=O6_WA_SWAP,accepted=false,recoveryGain=true,qGain=-1.0,fe=14341
formalLocal:outer=1,slot=7,pass=26,op=O7_MA_LOAD_TRANSFER,accepted=false,recoveryGain=true,qGain=-1.0,fe=14342
formalLocal:outer=1,slot=7,pass=26,op=O8_MA_WEAK_TO_STRONG,accepted=false,recoveryGain=true,qGain=-1.0,fe=14343
formalLocal:outer=1,slot=7,pass=26,op=O9_MA_SWAP,accepted=false,recoveryGain=true,qGain=-0.6072691623095313,fe=14344
formalLocal:outer=1,slot=7,pass=27,op=O1_JS_INSERT,accepted=false,recoveryGain=true,qGain=-1.0,fe=14345
formalLocal:outer=1,slot=7,pass=27,op=O2_JS_REVERSE,accepted=false,recoveryGain=true,qGain=-1.0,fe=14346
formalLocal:outer=1,slot=7,pass=27,op=O3_JS_SWAP,accepted=false,recoveryGain=true,qGain=-1.0,fe=14347
formalLocal:outer=1,slot=7,pass=27,op=O4_WA_LOAD_TRANSFER,accepted=false,recoveryGain=true,qGain=-1.0,fe=14348
formalLocal:outer=1,slot=7,pass=27,op=O5_WA_WEAK_TO_STRONG,accepted=false,recoveryGain=true,qGain=-1.0,fe=14349
formalLocal:outer=1,slot=7,pass=27,op=O6_WA_SWAP,accepted=false,recoveryGain=true,qGain=-1.0,fe=14350
formalLocal:outer=1,slot=7,pass=27,op=O7_MA_LOAD_TRANSFER,accepted=false,recoveryGain=true,qGain=-1.0,fe=14351
formalLocal:outer=1,slot=7,pass=27,op=O8_MA_WEAK_TO_STRONG,accepted=false,recoveryGain=true,qGain=-1.0,fe=14352
formalLocal:outer=1,slot=7,pass=27,op=O9_MA_SWAP,accepted=false,recoveryGain=true,qGain=-0.6072691623095313,fe=14353
formalLocal:outer=1,slot=7,pass=28,op=O1_JS_INSERT,accepted=false,recoveryGain=true,qGain=-1.0,fe=14354
formalLocal:outer=1,slot=7,pass=28,op=O2_JS_REVERSE,accepted=false,recoveryGain=true,qGain=-0.8273728222536658,fe=14355
formalLocal:outer=1,slot=7,pass=28,op=O3_JS_SWAP,accepted=false,recoveryGain=true,qGain=-0.6588209410083838,fe=14356
formalLocal:outer=1,slot=7,pass=28,op=O4_WA_LOAD_TRANSFER,accepted=false,recoveryGain=true,qGain=-1.0,fe=14357
formalLocal:outer=1,slot=7,pass=28,op=O5_WA_WEAK_TO_STRONG,accepted=false,recoveryGain=true,qGain=-1.0,fe=14358
formalLocal:outer=1,slot=7,pass=28,op=O6_WA_SWAP,accepted=false,recoveryGain=true,qGain=-1.0,fe=14359
formalLocal:outer=1,slot=7,pass=28,op=O7_MA_LOAD_TRANSFER,accepted=false,recoveryGain=true,qGain=-1.0,fe=14360
formalLocal:outer=1,slot=7,pass=28,op=O8_MA_WEAK_TO_STRONG,accepted=false,recoveryGain=true,qGain=-1.0,fe=14361
formalLocal:outer=1,slot=7,pass=28,op=O9_MA_SWAP,accepted=false,recoveryGain=true,qGain=-0.6072691623095313,fe=14362
formalLocal:outer=1,slot=7,pass=29,op=O1_JS_INSERT,accepted=false,recoveryGain=true,qGain=-1.0,fe=14363
formalLocal:outer=1,slot=7,pass=29,op=O2_JS_REVERSE,accepted=false,recoveryGain=true,qGain=-1.0,fe=14364
formalLocal:outer=1,slot=7,pass=29,op=O3_JS_SWAP,accepted=false,recoveryGain=true,qGain=-1.0,fe=14365
formalLocal:outer=1,slot=7,pass=29,op=O4_WA_LOAD_TRANSFER,accepted=false,recoveryGain=true,qGain=-1.0,fe=14366
formalLocal:outer=1,slot=7,pass=29,op=O5_WA_WEAK_TO_STRONG,accepted=false,recoveryGain=true,qGain=-1.0,fe=14367
formalLocal:outer=1,slot=7,pass=29,op=O6_WA_SWAP,accepted=false,recoveryGain=true,qGain=-1.0,fe=14368
formalLocal:outer=1,slot=7,pass=29,op=O7_MA_LOAD_TRANSFER,accepted=false,recoveryGain=true,qGain=-1.0,fe=14369
formalLocal:outer=1,slot=7,pass=29,op=O8_MA_WEAK_TO_STRONG,accepted=false,recoveryGain=true,qGain=-1.0,fe=14370
formalLocal:outer=1,slot=7,pass=29,op=O9_MA_SWAP,accepted=false,recoveryGain=true,qGain=-0.6072691623095313,fe=14371
formalLocal:outer=1,slot=8,op=CRITICAL_FACTORY_SWAP,accepted=true,fe=14372
formalLocal:outer=1,slot=8,op=CRITICAL_FACTORY_INSERT,accepted=true,fe=14373
formalLocal:outer=1,slot=8,pass=0,op=O1_JS_INSERT,accepted=true,recoveryGain=true,qGain=0.11546956542475176,fe=14374
formalLocal:outer=1,slot=8,pass=0,op=O2_JS_REVERSE,accepted=false,recoveryGain=true,qGain=-1.0,fe=14375
formalLocal:outer=1,slot=8,pass=0,op=O3_JS_SWAP,accepted=false,recoveryGain=true,qGain=-0.7060754478614005,fe=14376
formalLocal:outer=1,slot=8,pass=0,op=O4_WA_LOAD_TRANSFER,accepted=false,recoveryGain=true,qGain=-0.5903109909878721,fe=14377
formalLocal:outer=1,slot=8,pass=0,op=O5_WA_WEAK_TO_STRONG,accepted=false,recoveryGain=true,qGain=-0.36370418168380675,fe=14378
formalLocal:outer=1,slot=8,pass=0,op=O6_WA_SWAP,accepted=false,recoveryGain=true,qGain=-0.09470122796152305,fe=14379
formalLocal:outer=1,slot=8,pass=0,op=O7_MA_LOAD_TRANSFER,accepted=false,recoveryGain=true,qGain=-0.13251522988320416,fe=14380
formalLocal:outer=1,slot=8,pass=0,op=O8_MA_WEAK_TO_STRONG,accepted=false,recoveryGain=true,qGain=-0.8718433235309506,fe=14381
formalLocal:outer=1,slot=8,pass=0,op=O9_MA_SWAP,accepted=false,recoveryGain=true,qGain=-0.22215878456740368,fe=14382
formalLocal:outer=1,slot=8,pass=1,op=O1_JS_INSERT,accepted=false,recoveryGain=true,qGain=-0.3027760067600177,fe=14383
formalLocal:outer=1,slot=8,pass=1,op=O2_JS_REVERSE,accepted=true,recoveryGain=true,qGain=0.09382956707828125,fe=14384
formalLocal:outer=1,slot=8,pass=1,op=O3_JS_SWAP,accepted=false,recoveryGain=true,qGain=-0.23303291527984032,fe=14385
formalLocal:outer=1,slot=8,pass=1,op=O4_WA_LOAD_TRANSFER,accepted=true,recoveryGain=true,qGain=0.15177436349459894,fe=14386
formalLocal:outer=1,slot=8,pass=1,op=O5_WA_WEAK_TO_STRONG,accepted=false,recoveryGain=true,qGain=-0.4302376173022972,fe=14387
formalLocal:outer=1,slot=8,pass=1,op=O6_WA_SWAP,accepted=false,recoveryGain=true,qGain=-0.12333335209488189,fe=14388
formalLocal:outer=1,slot=8,pass=1,op=O7_MA_LOAD_TRANSFER,accepted=true,recoveryGain=true,qGain=0.1630155789032518,fe=14389
formalLocal:outer=1,slot=8,pass=1,op=O8_MA_WEAK_TO_STRONG,accepted=false,recoveryGain=true,qGain=-1.0,fe=14390
formalLocal:outer=1,slot=8,pass=1,op=O9_MA_SWAP,accepted=false,recoveryGain=true,qGain=-0.27275199649408716,fe=14391
formalLocal:outer=1,slot=8,pass=2,op=O1_JS_INSERT,accepted=false,recoveryGain=true,qGain=-0.36747970959466164,fe=14392
formalLocal:outer=1,slot=8,pass=2,op=O2_JS_REVERSE,accepted=true,recoveryGain=true,qGain=0.07339686926904217,fe=14393
formalLocal:outer=1,slot=8,pass=2,op=O3_JS_SWAP,accepted=false,recoveryGain=true,qGain=-1.0,fe=14394
formalLocal:outer=1,slot=8,pass=2,op=O4_WA_LOAD_TRANSFER,accepted=false,recoveryGain=true,qGain=-1.0,fe=14395
formalLocal:outer=1,slot=8,pass=2,op=O5_WA_WEAK_TO_STRONG,accepted=false,recoveryGain=true,qGain=-0.9829545228419082,fe=14396
formalLocal:outer=1,slot=8,pass=2,op=O6_WA_SWAP,accepted=false,recoveryGain=true,qGain=-0.15179363813408336,fe=14397
formalLocal:outer=1,slot=8,pass=2,op=O7_MA_LOAD_TRANSFER,accepted=false,recoveryGain=true,qGain=-0.7643573768709141,fe=14398
formalLocal:outer=1,slot=8,pass=2,op=O8_MA_WEAK_TO_STRONG,accepted=false,recoveryGain=true,qGain=-0.6711602810273544,fe=14399
formalLocal:outer=1,slot=8,pass=2,op=O9_MA_SWAP,accepted=false,recoveryGain=true,qGain=-1.0,fe=14400
formalLocal:outer=1,slot=8,pass=3,op=O1_JS_INSERT,accepted=false,recoveryGain=true,qGain=-1.0,fe=14401
formalLocal:outer=1,slot=8,pass=3,op=O2_JS_REVERSE,accepted=false,recoveryGain=true,qGain=-1.0,fe=14402
formalLocal:outer=1,slot=8,pass=3,op=O3_JS_SWAP,accepted=false,recoveryGain=true,qGain=-0.2616703355729295,fe=14403
formalLocal:outer=1,slot=8,pass=3,op=O4_WA_LOAD_TRANSFER,accepted=false,recoveryGain=true,qGain=-1.0,fe=14404
formalLocal:outer=1,slot=8,pass=3,op=O5_WA_WEAK_TO_STRONG,accepted=false,recoveryGain=true,qGain=-0.9829545228419082,fe=14405
formalLocal:outer=1,slot=8,pass=3,op=O6_WA_SWAP,accepted=false,recoveryGain=true,qGain=-0.15179363813408336,fe=14406
formalLocal:outer=1,slot=8,pass=3,op=O7_MA_LOAD_TRANSFER,accepted=false,recoveryGain=true,qGain=-0.7643573768709141,fe=14407
formalLocal:outer=1,slot=8,pass=3,op=O8_MA_WEAK_TO_STRONG,accepted=false,recoveryGain=true,qGain=-0.6711602810273544,fe=14408
formalLocal:outer=1,slot=8,pass=3,op=O9_MA_SWAP,accepted=false,recoveryGain=true,qGain=-1.0,fe=14409
formalLocal:outer=1,slot=8,pass=4,op=O1_JS_INSERT,accepted=true,recoveryGain=true,qGain=0.06194532217683983,fe=14410
formalLocal:outer=1,slot=8,pass=4,op=O2_JS_REVERSE,accepted=false,recoveryGain=true,qGain=-1.0,fe=14411
formalLocal:outer=1,slot=8,pass=4,op=O3_JS_SWAP,accepted=true,recoveryGain=true,qGain=0.046779992451792464,fe=14412
formalLocal:outer=1,slot=8,pass=4,op=O4_WA_LOAD_TRANSFER,accepted=false,recoveryGain=true,qGain=-0.6831053417584158,fe=14413
formalLocal:outer=1,slot=8,pass=4,op=O5_WA_WEAK_TO_STRONG,accepted=false,recoveryGain=true,qGain=-1.0,fe=14414
formalLocal:outer=1,slot=8,pass=4,op=O6_WA_SWAP,accepted=false,recoveryGain=true,qGain=-1.0,fe=14415
formalLocal:outer=1,slot=8,pass=4,op=O7_MA_LOAD_TRANSFER,accepted=true,recoveryGain=true,qGain=0.13018923788883843,fe=14416
formalLocal:outer=1,slot=8,pass=4,op=O8_MA_WEAK_TO_STRONG,accepted=false,recoveryGain=true,qGain=-0.24019392084231758,fe=14417
formalLocal:outer=1,slot=8,pass=4,op=O9_MA_SWAP,accepted=false,recoveryGain=true,qGain=-1.0,fe=14418
formalLocal:outer=1,slot=8,pass=5,op=O1_JS_INSERT,accepted=false,recoveryGain=true,qGain=-0.8275215660966149,fe=14419
formalLocal:outer=1,slot=8,pass=5,op=O2_JS_REVERSE,accepted=false,recoveryGain=true,qGain=-1.0,fe=14420
formalLocal:outer=1,slot=8,pass=5,op=O3_JS_SWAP,accepted=false,recoveryGain=true,qGain=-0.7638116780347202,fe=14421
formalLocal:outer=1,slot=8,pass=5,op=O4_WA_LOAD_TRANSFER,accepted=false,recoveryGain=true,qGain=-1.0,fe=14422
formalLocal:outer=1,slot=8,pass=5,op=O5_WA_WEAK_TO_STRONG,accepted=false,recoveryGain=true,qGain=-1.0,fe=14423
formalLocal:outer=1,slot=8,pass=5,op=O6_WA_SWAP,accepted=false,recoveryGain=true,qGain=-1.0,fe=14424
formalLocal:outer=1,slot=8,pass=5,op=O7_MA_LOAD_TRANSFER,accepted=false,recoveryGain=true,qGain=-0.6700827416801866,fe=14425
formalLocal:outer=1,slot=8,pass=5,op=O8_MA_WEAK_TO_STRONG,accepted=false,recoveryGain=true,qGain=-0.24019392084231758,fe=14426
formalLocal:outer=1,slot=8,pass=5,op=O9_MA_SWAP,accepted=false,recoveryGain=true,qGain=-1.0,fe=14427
formalLocal:outer=1,slot=8,pass=6,op=O1_JS_INSERT,accepted=false,recoveryGain=true,qGain=-1.0,fe=14428
formalLocal:outer=1,slot=8,pass=6,op=O2_JS_REVERSE,accepted=false,recoveryGain=true,qGain=-0.43897555343537703,fe=14429
formalLocal:outer=1,slot=8,pass=6,op=O3_JS_SWAP,accepted=false,recoveryGain=true,qGain=-0.8450395199438575,fe=14430
formalLocal:outer=1,slot=8,pass=6,op=O4_WA_LOAD_TRANSFER,accepted=false,recoveryGain=true,qGain=-1.0,fe=14431
formalLocal:outer=1,slot=8,pass=6,op=O5_WA_WEAK_TO_STRONG,accepted=false,recoveryGain=true,qGain=-1.0,fe=14432
formalLocal:outer=1,slot=8,pass=6,op=O6_WA_SWAP,accepted=false,recoveryGain=true,qGain=-1.0,fe=14433
formalLocal:outer=1,slot=8,pass=6,op=O7_MA_LOAD_TRANSFER,accepted=false,recoveryGain=true,qGain=-0.6700827416801866,fe=14434
formalLocal:outer=1,slot=8,pass=6,op=O8_MA_WEAK_TO_STRONG,accepted=false,recoveryGain=true,qGain=-0.24019392084231758,fe=14435
formalLocal:outer=1,slot=8,pass=6,op=O9_MA_SWAP,accepted=false,recoveryGain=true,qGain=-1.0,fe=14436
formalLocal:outer=1,slot=8,pass=7,op=O1_JS_INSERT,accepted=true,recoveryGain=true,qGain=0.18023290553070542,fe=14437
formalLocal:outer=1,slot=8,pass=7,op=O2_JS_REVERSE,accepted=false,recoveryGain=true,qGain=-1.0,fe=14438
formalLocal:outer=1,slot=8,pass=7,op=O3_JS_SWAP,accepted=false,recoveryGain=true,qGain=-1.0,fe=14439
formalLocal:outer=1,slot=8,pass=7,op=O4_WA_LOAD_TRANSFER,accepted=false,recoveryGain=true,qGain=-1.0,fe=14440
formalLocal:outer=1,slot=8,pass=7,op=O5_WA_WEAK_TO_STRONG,accepted=false,recoveryGain=true,qGain=-1.0,fe=14441
formalLocal:outer=1,slot=8,pass=7,op=O6_WA_SWAP,accepted=false,recoveryGain=true,qGain=-1.0,fe=14442
formalLocal:outer=1,slot=8,pass=7,op=O7_MA_LOAD_TRANSFER,accepted=false,recoveryGain=true,qGain=-1.0,fe=14443
formalLocal:outer=1,slot=8,pass=7,op=O8_MA_WEAK_TO_STRONG,accepted=true,recoveryGain=true,qGain=0.16196382529821837,fe=14444
formalLocal:outer=1,slot=8,pass=7,op=O9_MA_SWAP,accepted=false,recoveryGain=true,qGain=-1.0,fe=14445
formalLocal:outer=1,slot=8,pass=8,op=O1_JS_INSERT,accepted=false,recoveryGain=true,qGain=-1.0,fe=14446
formalLocal:outer=1,slot=8,pass=8,op=O2_JS_REVERSE,accepted=false,recoveryGain=true,qGain=0.0,fe=14447
formalLocal:outer=1,slot=8,pass=8,op=O3_JS_SWAP,accepted=false,recoveryGain=true,qGain=-1.0,fe=14448
formalLocal:outer=1,slot=8,pass=8,op=O4_WA_LOAD_TRANSFER,accepted=false,recoveryGain=true,qGain=-0.45746044990465284,fe=14449
formalLocal:outer=1,slot=8,pass=8,op=O5_WA_WEAK_TO_STRONG,accepted=false,recoveryGain=true,qGain=-1.0,fe=14450
formalLocal:outer=1,slot=8,pass=8,op=O6_WA_SWAP,accepted=false,recoveryGain=true,qGain=-1.0,fe=14451
formalLocal:outer=1,slot=8,pass=8,op=O7_MA_LOAD_TRANSFER,accepted=false,recoveryGain=true,qGain=-1.0,fe=14452
formalLocal:outer=1,slot=8,pass=8,op=O8_MA_WEAK_TO_STRONG,accepted=false,recoveryGain=true,qGain=-1.0,fe=14453
formalLocal:outer=1,slot=8,pass=8,op=O9_MA_SWAP,accepted=false,recoveryGain=true,qGain=-1.0,fe=14454
formalLocal:outer=1,slot=8,pass=9,op=O1_JS_INSERT,accepted=false,recoveryGain=true,qGain=-1.0,fe=14455
formalLocal:outer=1,slot=8,pass=9,op=O2_JS_REVERSE,accepted=false,recoveryGain=true,qGain=-1.0,fe=14456
formalLocal:outer=1,slot=8,pass=9,op=O3_JS_SWAP,accepted=false,recoveryGain=true,qGain=-1.0,fe=14457
formalLocal:outer=1,slot=8,pass=9,op=O4_WA_LOAD_TRANSFER,accepted=false,recoveryGain=true,qGain=-0.45746044990465284,fe=14458
formalLocal:outer=1,slot=8,pass=9,op=O5_WA_WEAK_TO_STRONG,accepted=false,recoveryGain=true,qGain=-1.0,fe=14459
formalLocal:outer=1,slot=8,pass=9,op=O6_WA_SWAP,accepted=false,recoveryGain=true,qGain=-1.0,fe=14460
formalLocal:outer=1,slot=8,pass=9,op=O7_MA_LOAD_TRANSFER,accepted=false,recoveryGain=true,qGain=-1.0,fe=14461
formalLocal:outer=1,slot=8,pass=9,op=O8_MA_WEAK_TO_STRONG,accepted=false,recoveryGain=true,qGain=-1.0,fe=14462
formalLocal:outer=1,slot=8,pass=9,op=O9_MA_SWAP,accepted=false,recoveryGain=true,qGain=-1.0,fe=14463
formalLocal:outer=1,slot=8,pass=10,op=O1_JS_INSERT,accepted=false,recoveryGain=true,qGain=-1.0,fe=14464
formalLocal:outer=1,slot=8,pass=10,op=O2_JS_REVERSE,accepted=false,recoveryGain=true,qGain=-1.0,fe=14465
formalLocal:outer=1,slot=8,pass=10,op=O3_JS_SWAP,accepted=false,recoveryGain=true,qGain=-1.0,fe=14466
formalLocal:outer=1,slot=8,pass=10,op=O4_WA_LOAD_TRANSFER,accepted=false,recoveryGain=true,qGain=-0.45746044990465284,fe=14467
formalLocal:outer=1,slot=8,pass=10,op=O5_WA_WEAK_TO_STRONG,accepted=false,recoveryGain=true,qGain=-1.0,fe=14468
formalLocal:outer=1,slot=8,pass=10,op=O6_WA_SWAP,accepted=false,recoveryGain=true,qGain=-1.0,fe=14469
formalLocal:outer=1,slot=8,pass=10,op=O7_MA_LOAD_TRANSFER,accepted=false,recoveryGain=true,qGain=-1.0,fe=14470
formalLocal:outer=1,slot=8,pass=10,op=O8_MA_WEAK_TO_STRONG,accepted=false,recoveryGain=true,qGain=-1.0,fe=14471
formalLocal:outer=1,slot=8,pass=10,op=O9_MA_SWAP,accepted=false,recoveryGain=true,qGain=-1.0,fe=14472
formalLocal:outer=1,slot=8,pass=11,op=O1_JS_INSERT,accepted=false,recoveryGain=true,qGain=-1.0,fe=14473
formalLocal:outer=1,slot=8,pass=11,op=O2_JS_REVERSE,accepted=false,recoveryGain=true,qGain=-1.0,fe=14474
formalLocal:outer=1,slot=8,pass=11,op=O3_JS_SWAP,accepted=false,recoveryGain=true,qGain=-1.0,fe=14475
formalLocal:outer=1,slot=8,pass=11,op=O4_WA_LOAD_TRANSFER,accepted=false,recoveryGain=true,qGain=-0.45746044990465284,fe=14476
formalLocal:outer=1,slot=8,pass=11,op=O5_WA_WEAK_TO_STRONG,accepted=false,recoveryGain=true,qGain=-1.0,fe=14477
formalLocal:outer=1,slot=8,pass=11,op=O6_WA_SWAP,accepted=false,recoveryGain=true,qGain=-1.0,fe=14478
formalLocal:outer=1,slot=8,pass=11,op=O7_MA_LOAD_TRANSFER,accepted=false,recoveryGain=true,qGain=-1.0,fe=14479
formalLocal:outer=1,slot=8,pass=11,op=O8_MA_WEAK_TO_STRONG,accepted=false,recoveryGain=true,qGain=-1.0,fe=14480
formalLocal:outer=1,slot=8,pass=11,op=O9_MA_SWAP,accepted=false,recoveryGain=true,qGain=-1.0,fe=14481
formalLocal:outer=1,slot=8,pass=12,op=O1_JS_INSERT,accepted=false,recoveryGain=true,qGain=-1.0,fe=14482
formalLocal:outer=1,slot=8,pass=12,op=O2_JS_REVERSE,accepted=false,recoveryGain=true,qGain=-1.0,fe=14483
formalLocal:outer=1,slot=8,pass=12,op=O3_JS_SWAP,accepted=false,recoveryGain=true,qGain=0.0,fe=14484
formalLocal:outer=1,slot=8,pass=12,op=O4_WA_LOAD_TRANSFER,accepted=false,recoveryGain=true,qGain=-0.45746044990465284,fe=14485
formalLocal:outer=1,slot=8,pass=12,op=O5_WA_WEAK_TO_STRONG,accepted=false,recoveryGain=true,qGain=-1.0,fe=14486
formalLocal:outer=1,slot=8,pass=12,op=O6_WA_SWAP,accepted=false,recoveryGain=true,qGain=-1.0,fe=14487
formalLocal:outer=1,slot=8,pass=12,op=O7_MA_LOAD_TRANSFER,accepted=false,recoveryGain=true,qGain=-1.0,fe=14488
formalLocal:outer=1,slot=8,pass=12,op=O8_MA_WEAK_TO_STRONG,accepted=false,recoveryGain=true,qGain=-1.0,fe=14489
formalLocal:outer=1,slot=8,pass=12,op=O9_MA_SWAP,accepted=false,recoveryGain=true,qGain=-1.0,fe=14490
formalLocal:outer=1,slot=8,pass=13,op=O1_JS_INSERT,accepted=false,recoveryGain=true,qGain=-1.0,fe=14491
formalLocal:outer=1,slot=8,pass=13,op=O2_JS_REVERSE,accepted=false,recoveryGain=true,qGain=-1.0,fe=14492
formalLocal:outer=1,slot=8,pass=13,op=O3_JS_SWAP,accepted=false,recoveryGain=true,qGain=-1.0,fe=14493
formalLocal:outer=1,slot=8,pass=13,op=O4_WA_LOAD_TRANSFER,accepted=false,recoveryGain=true,qGain=-0.45746044990465284,fe=14494
formalLocal:outer=1,slot=8,pass=13,op=O5_WA_WEAK_TO_STRONG,accepted=false,recoveryGain=true,qGain=-1.0,fe=14495
formalLocal:outer=1,slot=8,pass=13,op=O6_WA_SWAP,accepted=false,recoveryGain=true,qGain=-1.0,fe=14496
formalLocal:outer=1,slot=8,pass=13,op=O7_MA_LOAD_TRANSFER,accepted=false,recoveryGain=true,qGain=-1.0,fe=14497
formalLocal:outer=1,slot=8,pass=13,op=O8_MA_WEAK_TO_STRONG,accepted=false,recoveryGain=true,qGain=-1.0,fe=14498
formalLocal:outer=1,slot=8,pass=13,op=O9_MA_SWAP,accepted=false,recoveryGain=true,qGain=-1.0,fe=14499
formalLocal:outer=1,slot=8,pass=14,op=O1_JS_INSERT,accepted=false,recoveryGain=true,qGain=-1.0,fe=14500
formalLocal:outer=1,slot=8,pass=14,op=O2_JS_REVERSE,accepted=false,recoveryGain=true,qGain=-1.0,fe=14501
formalLocal:outer=1,slot=8,pass=14,op=O3_JS_SWAP,accepted=false,recoveryGain=true,qGain=-1.0,fe=14502
formalLocal:outer=1,slot=8,pass=14,op=O4_WA_LOAD_TRANSFER,accepted=false,recoveryGain=true,qGain=-0.45746044990465284,fe=14503
formalLocal:outer=1,slot=8,pass=14,op=O5_WA_WEAK_TO_STRONG,accepted=false,recoveryGain=true,qGain=-1.0,fe=14504
formalLocal:outer=1,slot=8,pass=14,op=O6_WA_SWAP,accepted=false,recoveryGain=true,qGain=-1.0,fe=14505
formalLocal:outer=1,slot=8,pass=14,op=O7_MA_LOAD_TRANSFER,accepted=false,recoveryGain=true,qGain=-1.0,fe=14506
formalLocal:outer=1,slot=8,pass=14,op=O8_MA_WEAK_TO_STRONG,accepted=false,recoveryGain=true,qGain=-1.0,fe=14507
formalLocal:outer=1,slot=8,pass=14,op=O9_MA_SWAP,accepted=false,recoveryGain=true,qGain=-1.0,fe=14508
formalLocal:outer=1,slot=8,pass=15,op=O1_JS_INSERT,accepted=false,recoveryGain=true,qGain=-0.11028563437470935,fe=14509
formalLocal:outer=1,slot=8,pass=15,op=O2_JS_REVERSE,accepted=false,recoveryGain=true,qGain=-1.0,fe=14510
formalLocal:outer=1,slot=8,pass=15,op=O3_JS_SWAP,accepted=false,recoveryGain=true,qGain=-1.0,fe=14511
formalLocal:outer=1,slot=8,pass=15,op=O4_WA_LOAD_TRANSFER,accepted=false,recoveryGain=true,qGain=-0.45746044990465284,fe=14512
formalLocal:outer=1,slot=8,pass=15,op=O5_WA_WEAK_TO_STRONG,accepted=false,recoveryGain=true,qGain=-1.0,fe=14513
formalLocal:outer=1,slot=8,pass=15,op=O6_WA_SWAP,accepted=false,recoveryGain=true,qGain=-1.0,fe=14514
formalLocal:outer=1,slot=8,pass=15,op=O7_MA_LOAD_TRANSFER,accepted=false,recoveryGain=true,qGain=-1.0,fe=14515
formalLocal:outer=1,slot=8,pass=15,op=O8_MA_WEAK_TO_STRONG,accepted=false,recoveryGain=true,qGain=-1.0,fe=14516
formalLocal:outer=1,slot=8,pass=15,op=O9_MA_SWAP,accepted=false,recoveryGain=true,qGain=-1.0,fe=14517
formalLocal:outer=1,slot=8,pass=16,op=O1_JS_INSERT,accepted=false,recoveryGain=true,qGain=-1.0,fe=14518
formalLocal:outer=1,slot=8,pass=16,op=O2_JS_REVERSE,accepted=false,recoveryGain=true,qGain=-1.0,fe=14519
formalLocal:outer=1,slot=8,pass=16,op=O3_JS_SWAP,accepted=false,recoveryGain=true,qGain=-0.5749209545481753,fe=14520
formalLocal:outer=1,slot=8,pass=16,op=O4_WA_LOAD_TRANSFER,accepted=false,recoveryGain=true,qGain=-0.45746044990465284,fe=14521
formalLocal:outer=1,slot=8,pass=16,op=O5_WA_WEAK_TO_STRONG,accepted=false,recoveryGain=true,qGain=-1.0,fe=14522
formalLocal:outer=1,slot=8,pass=16,op=O6_WA_SWAP,accepted=false,recoveryGain=true,qGain=-1.0,fe=14523
formalLocal:outer=1,slot=8,pass=16,op=O7_MA_LOAD_TRANSFER,accepted=false,recoveryGain=true,qGain=-1.0,fe=14524
formalLocal:outer=1,slot=8,pass=16,op=O8_MA_WEAK_TO_STRONG,accepted=false,recoveryGain=true,qGain=-1.0,fe=14525
formalLocal:outer=1,slot=8,pass=16,op=O9_MA_SWAP,accepted=false,recoveryGain=true,qGain=-1.0,fe=14526
formalLocal:outer=1,slot=8,pass=17,op=O1_JS_INSERT,accepted=false,recoveryGain=true,qGain=-1.0,fe=14527
formalLocal:outer=1,slot=8,pass=17,op=O2_JS_REVERSE,accepted=false,recoveryGain=true,qGain=-1.0,fe=14528
formalLocal:outer=1,slot=8,pass=17,op=O3_JS_SWAP,accepted=true,recoveryGain=true,qGain=0.06358742038896417,fe=14529
formalLocal:outer=1,slot=8,pass=17,op=O4_WA_LOAD_TRANSFER,accepted=false,recoveryGain=true,qGain=-1.0,fe=14530
formalLocal:outer=1,slot=8,pass=17,op=O5_WA_WEAK_TO_STRONG,accepted=false,recoveryGain=true,qGain=-1.0,fe=14531
formalLocal:outer=1,slot=8,pass=17,op=O6_WA_SWAP,accepted=false,recoveryGain=true,qGain=-0.31734639013382787,fe=14532
formalLocal:outer=1,slot=8,pass=17,op=O7_MA_LOAD_TRANSFER,accepted=false,recoveryGain=true,qGain=-0.2742950464678967,fe=14533
formalLocal:outer=1,slot=8,pass=17,op=O8_MA_WEAK_TO_STRONG,accepted=false,recoveryGain=true,qGain=-1.0,fe=14534
formalLocal:outer=1,slot=8,pass=17,op=O9_MA_SWAP,accepted=false,recoveryGain=true,qGain=-0.9446329659337391,fe=14535
formalLocal:outer=1,slot=8,pass=18,op=O1_JS_INSERT,accepted=false,recoveryGain=true,qGain=-1.0,fe=14536
formalLocal:outer=1,slot=8,pass=18,op=O2_JS_REVERSE,accepted=false,recoveryGain=true,qGain=-1.0,fe=14537
formalLocal:outer=1,slot=8,pass=18,op=O3_JS_SWAP,accepted=false,recoveryGain=true,qGain=-1.0,fe=14538
formalLocal:outer=1,slot=8,pass=18,op=O4_WA_LOAD_TRANSFER,accepted=false,recoveryGain=true,qGain=-1.0,fe=14539
formalLocal:outer=1,slot=8,pass=18,op=O5_WA_WEAK_TO_STRONG,accepted=false,recoveryGain=true,qGain=-1.0,fe=14540
formalLocal:outer=1,slot=8,pass=18,op=O6_WA_SWAP,accepted=false,recoveryGain=true,qGain=-0.31734639013382787,fe=14541
formalLocal:outer=1,slot=8,pass=18,op=O7_MA_LOAD_TRANSFER,accepted=false,recoveryGain=true,qGain=-0.2742950464678967,fe=14542
formalLocal:outer=1,slot=8,pass=18,op=O8_MA_WEAK_TO_STRONG,accepted=false,recoveryGain=true,qGain=-1.0,fe=14543
formalLocal:outer=1,slot=8,pass=18,op=O9_MA_SWAP,accepted=false,recoveryGain=true,qGain=-0.9446329659337391,fe=14544
formalLocal:outer=1,slot=8,pass=19,op=O1_JS_INSERT,accepted=false,recoveryGain=true,qGain=-1.0,fe=14545
formalLocal:outer=1,slot=8,pass=19,op=O2_JS_REVERSE,accepted=false,recoveryGain=true,qGain=-1.0,fe=14546
formalLocal:outer=1,slot=8,pass=19,op=O3_JS_SWAP,accepted=true,recoveryGain=true,qGain=0.16423843857588538,fe=14547
formalLocal:outer=1,slot=8,pass=19,op=O4_WA_LOAD_TRANSFER,accepted=false,recoveryGain=true,qGain=-1.0,fe=14548
formalLocal:outer=1,slot=8,pass=19,op=O5_WA_WEAK_TO_STRONG,accepted=false,recoveryGain=true,qGain=-1.0,fe=14549
formalLocal:outer=1,slot=8,pass=19,op=O6_WA_SWAP,accepted=false,recoveryGain=true,qGain=-0.3561410855613549,fe=14550
formalLocal:outer=1,slot=8,pass=19,op=O7_MA_LOAD_TRANSFER,accepted=false,recoveryGain=true,qGain=-1.0,fe=14551
formalLocal:outer=1,slot=8,pass=19,op=O8_MA_WEAK_TO_STRONG,accepted=false,recoveryGain=true,qGain=-1.0,fe=14552
formalLocal:outer=1,slot=8,pass=19,op=O9_MA_SWAP,accepted=false,recoveryGain=true,qGain=-1.0,fe=14553
formalLocal:outer=1,slot=8,pass=20,op=O1_JS_INSERT,accepted=false,recoveryGain=true,qGain=-0.8396955932536827,fe=14554
formalLocal:outer=1,slot=8,pass=20,op=O2_JS_REVERSE,accepted=false,recoveryGain=true,qGain=-1.0,fe=14555
formalLocal:outer=1,slot=8,pass=20,op=O3_JS_SWAP,accepted=false,recoveryGain=true,qGain=-0.9487626967380494,fe=14556
formalLocal:outer=1,slot=8,pass=20,op=O4_WA_LOAD_TRANSFER,accepted=false,recoveryGain=true,qGain=-1.0,fe=14557
formalLocal:outer=1,slot=8,pass=20,op=O5_WA_WEAK_TO_STRONG,accepted=false,recoveryGain=true,qGain=-1.0,fe=14558
formalLocal:outer=1,slot=8,pass=20,op=O6_WA_SWAP,accepted=false,recoveryGain=true,qGain=-0.3561410855613549,fe=14559
formalLocal:outer=1,slot=8,pass=20,op=O7_MA_LOAD_TRANSFER,accepted=false,recoveryGain=true,qGain=-1.0,fe=14560
formalLocal:outer=1,slot=8,pass=20,op=O8_MA_WEAK_TO_STRONG,accepted=false,recoveryGain=true,qGain=-1.0,fe=14561
formalLocal:outer=1,slot=8,pass=20,op=O9_MA_SWAP,accepted=false,recoveryGain=true,qGain=-1.0,fe=14562
formalLocal:outer=1,slot=8,pass=21,op=O1_JS_INSERT,accepted=false,recoveryGain=true,qGain=-1.0,fe=14563
formalLocal:outer=1,slot=8,pass=21,op=O2_JS_REVERSE,accepted=false,recoveryGain=true,qGain=-1.0,fe=14564
formalLocal:outer=1,slot=8,pass=21,op=O3_JS_SWAP,accepted=false,recoveryGain=true,qGain=-1.0,fe=14565
formalLocal:outer=1,slot=8,pass=21,op=O4_WA_LOAD_TRANSFER,accepted=false,recoveryGain=true,qGain=-1.0,fe=14566
formalLocal:outer=1,slot=8,pass=21,op=O5_WA_WEAK_TO_STRONG,accepted=false,recoveryGain=true,qGain=-1.0,fe=14567
formalLocal:outer=1,slot=8,pass=21,op=O6_WA_SWAP,accepted=false,recoveryGain=true,qGain=-0.3561410855613549,fe=14568
formalLocal:outer=1,slot=8,pass=21,op=O7_MA_LOAD_TRANSFER,accepted=false,recoveryGain=true,qGain=-1.0,fe=14569
formalLocal:outer=1,slot=8,pass=21,op=O8_MA_WEAK_TO_STRONG,accepted=false,recoveryGain=true,qGain=-1.0,fe=14570
formalLocal:outer=1,slot=8,pass=21,op=O9_MA_SWAP,accepted=false,recoveryGain=true,qGain=-1.0,fe=14571
formalLocal:outer=1,slot=8,pass=22,op=O1_JS_INSERT,accepted=false,recoveryGain=true,qGain=-1.0,fe=14572
formalLocal:outer=1,slot=8,pass=22,op=O2_JS_REVERSE,accepted=false,recoveryGain=true,qGain=-1.0,fe=14573
formalLocal:outer=1,slot=8,pass=22,op=O3_JS_SWAP,accepted=false,recoveryGain=true,qGain=-1.0,fe=14574
formalLocal:outer=1,slot=8,pass=22,op=O4_WA_LOAD_TRANSFER,accepted=false,recoveryGain=true,qGain=-1.0,fe=14575
formalLocal:outer=1,slot=8,pass=22,op=O5_WA_WEAK_TO_STRONG,accepted=false,recoveryGain=true,qGain=-1.0,fe=14576
formalLocal:outer=1,slot=8,pass=22,op=O6_WA_SWAP,accepted=false,recoveryGain=true,qGain=-0.3561410855613549,fe=14577
formalLocal:outer=1,slot=8,pass=22,op=O7_MA_LOAD_TRANSFER,accepted=false,recoveryGain=true,qGain=-1.0,fe=14578
formalLocal:outer=1,slot=8,pass=22,op=O8_MA_WEAK_TO_STRONG,accepted=false,recoveryGain=true,qGain=-1.0,fe=14579
formalLocal:outer=1,slot=8,pass=22,op=O9_MA_SWAP,accepted=false,recoveryGain=true,qGain=-1.0,fe=14580
formalLocal:outer=1,slot=8,pass=23,op=O1_JS_INSERT,accepted=false,recoveryGain=true,qGain=-1.0,fe=14581
formalLocal:outer=1,slot=8,pass=23,op=O2_JS_REVERSE,accepted=false,recoveryGain=true,qGain=0.0,fe=14582
formalLocal:outer=1,slot=8,pass=23,op=O3_JS_SWAP,accepted=false,recoveryGain=true,qGain=-0.7440189530913792,fe=14583
formalLocal:outer=1,slot=8,pass=23,op=O4_WA_LOAD_TRANSFER,accepted=false,recoveryGain=true,qGain=-1.0,fe=14584
formalLocal:outer=1,slot=8,pass=23,op=O5_WA_WEAK_TO_STRONG,accepted=false,recoveryGain=true,qGain=-1.0,fe=14585
formalLocal:outer=1,slot=8,pass=23,op=O6_WA_SWAP,accepted=false,recoveryGain=true,qGain=-0.3561410855613549,fe=14586
formalLocal:outer=1,slot=8,pass=23,op=O7_MA_LOAD_TRANSFER,accepted=false,recoveryGain=true,qGain=-1.0,fe=14587
formalLocal:outer=1,slot=8,pass=23,op=O8_MA_WEAK_TO_STRONG,accepted=false,recoveryGain=true,qGain=-1.0,fe=14588
formalLocal:outer=1,slot=8,pass=23,op=O9_MA_SWAP,accepted=false,recoveryGain=true,qGain=-1.0,fe=14589
formalLocal:outer=1,slot=8,pass=24,op=O1_JS_INSERT,accepted=false,recoveryGain=true,qGain=0.0,fe=14590
formalLocal:outer=1,slot=8,pass=24,op=O2_JS_REVERSE,accepted=false,recoveryGain=true,qGain=-1.0,fe=14591
formalLocal:outer=1,slot=8,pass=24,op=O3_JS_SWAP,accepted=false,recoveryGain=true,qGain=-1.0,fe=14592
formalLocal:outer=1,slot=8,pass=24,op=O4_WA_LOAD_TRANSFER,accepted=false,recoveryGain=true,qGain=-1.0,fe=14593
formalLocal:outer=1,slot=8,pass=24,op=O5_WA_WEAK_TO_STRONG,accepted=false,recoveryGain=true,qGain=-1.0,fe=14594
formalLocal:outer=1,slot=8,pass=24,op=O6_WA_SWAP,accepted=false,recoveryGain=true,qGain=-0.3561410855613549,fe=14595
formalLocal:outer=1,slot=8,pass=24,op=O7_MA_LOAD_TRANSFER,accepted=false,recoveryGain=true,qGain=-1.0,fe=14596
formalLocal:outer=1,slot=8,pass=24,op=O8_MA_WEAK_TO_STRONG,accepted=false,recoveryGain=true,qGain=-1.0,fe=14597
formalLocal:outer=1,slot=8,pass=24,op=O9_MA_SWAP,accepted=false,recoveryGain=true,qGain=-1.0,fe=14598
formalLocal:outer=1,slot=8,pass=25,op=O1_JS_INSERT,accepted=false,recoveryGain=true,qGain=-1.0,fe=14599
formalLocal:outer=1,slot=8,pass=25,op=O2_JS_REVERSE,accepted=false,recoveryGain=true,qGain=-1.0,fe=14600
formalLocal:outer=1,slot=8,pass=25,op=O3_JS_SWAP,accepted=false,recoveryGain=true,qGain=-1.0,fe=14601
formalLocal:outer=1,slot=8,pass=25,op=O4_WA_LOAD_TRANSFER,accepted=false,recoveryGain=true,qGain=-1.0,fe=14602
formalLocal:outer=1,slot=8,pass=25,op=O5_WA_WEAK_TO_STRONG,accepted=false,recoveryGain=true,qGain=-1.0,fe=14603
formalLocal:outer=1,slot=8,pass=25,op=O6_WA_SWAP,accepted=false,recoveryGain=true,qGain=-0.3561410855613549,fe=14604
formalLocal:outer=1,slot=8,pass=25,op=O7_MA_LOAD_TRANSFER,accepted=false,recoveryGain=true,qGain=-1.0,fe=14605
formalLocal:outer=1,slot=8,pass=25,op=O8_MA_WEAK_TO_STRONG,accepted=false,recoveryGain=true,qGain=-1.0,fe=14606
formalLocal:outer=1,slot=8,pass=25,op=O9_MA_SWAP,accepted=false,recoveryGain=true,qGain=-1.0,fe=14607
formalLocal:outer=1,slot=8,pass=26,op=O1_JS_INSERT,accepted=false,recoveryGain=true,qGain=-0.6537227639844199,fe=14608
formalLocal:outer=1,slot=8,pass=26,op=O2_JS_REVERSE,accepted=false,recoveryGain=true,qGain=-1.0,fe=14609
formalLocal:outer=1,slot=8,pass=26,op=O3_JS_SWAP,accepted=false,recoveryGain=true,qGain=-0.7052227037500901,fe=14610
formalLocal:outer=1,slot=8,pass=26,op=O4_WA_LOAD_TRANSFER,accepted=false,recoveryGain=true,qGain=-1.0,fe=14611
formalLocal:outer=1,slot=8,pass=26,op=O5_WA_WEAK_TO_STRONG,accepted=false,recoveryGain=true,qGain=-1.0,fe=14612
formalLocal:outer=1,slot=8,pass=26,op=O6_WA_SWAP,accepted=false,recoveryGain=true,qGain=-0.3561410855613549,fe=14613
formalLocal:outer=1,slot=8,pass=26,op=O7_MA_LOAD_TRANSFER,accepted=false,recoveryGain=true,qGain=-1.0,fe=14614
formalLocal:outer=1,slot=8,pass=26,op=O8_MA_WEAK_TO_STRONG,accepted=false,recoveryGain=true,qGain=-1.0,fe=14615
formalLocal:outer=1,slot=8,pass=26,op=O9_MA_SWAP,accepted=false,recoveryGain=true,qGain=-1.0,fe=14616
formalLocal:outer=1,slot=8,pass=27,op=O1_JS_INSERT,accepted=false,recoveryGain=true,qGain=-1.0,fe=14617
formalLocal:outer=1,slot=8,pass=27,op=O2_JS_REVERSE,accepted=false,recoveryGain=true,qGain=-1.0,fe=14618
formalLocal:outer=1,slot=8,pass=27,op=O3_JS_SWAP,accepted=false,recoveryGain=true,qGain=-1.0,fe=14619
formalLocal:outer=1,slot=8,pass=27,op=O4_WA_LOAD_TRANSFER,accepted=false,recoveryGain=true,qGain=-1.0,fe=14620
formalLocal:outer=1,slot=8,pass=27,op=O5_WA_WEAK_TO_STRONG,accepted=false,recoveryGain=true,qGain=-1.0,fe=14621
formalLocal:outer=1,slot=8,pass=27,op=O6_WA_SWAP,accepted=false,recoveryGain=true,qGain=-0.3561410855613549,fe=14622
formalLocal:outer=1,slot=8,pass=27,op=O7_MA_LOAD_TRANSFER,accepted=false,recoveryGain=true,qGain=-1.0,fe=14623
formalLocal:outer=1,slot=8,pass=27,op=O8_MA_WEAK_TO_STRONG,accepted=false,recoveryGain=true,qGain=-1.0,fe=14624
formalLocal:outer=1,slot=8,pass=27,op=O9_MA_SWAP,accepted=false,recoveryGain=true,qGain=-1.0,fe=14625
formalLocal:outer=1,slot=8,pass=28,op=O1_JS_INSERT,accepted=false,recoveryGain=true,qGain=-1.0,fe=14626
formalLocal:outer=1,slot=8,pass=28,op=O2_JS_REVERSE,accepted=false,recoveryGain=true,qGain=0.0,fe=14627
formalLocal:outer=1,slot=8,pass=28,op=O3_JS_SWAP,accepted=false,recoveryGain=true,qGain=-1.0,fe=14628
formalLocal:outer=1,slot=8,pass=28,op=O4_WA_LOAD_TRANSFER,accepted=false,recoveryGain=true,qGain=-1.0,fe=14629
formalLocal:outer=1,slot=8,pass=28,op=O5_WA_WEAK_TO_STRONG,accepted=false,recoveryGain=true,qGain=-1.0,fe=14630
formalLocal:outer=1,slot=8,pass=28,op=O6_WA_SWAP,accepted=false,recoveryGain=true,qGain=-0.3561410855613549,fe=14631
formalLocal:outer=1,slot=8,pass=28,op=O7_MA_LOAD_TRANSFER,accepted=false,recoveryGain=true,qGain=-1.0,fe=14632
formalLocal:outer=1,slot=8,pass=28,op=O8_MA_WEAK_TO_STRONG,accepted=false,recoveryGain=true,qGain=-1.0,fe=14633
formalLocal:outer=1,slot=8,pass=28,op=O9_MA_SWAP,accepted=false,recoveryGain=true,qGain=-1.0,fe=14634
formalLocal:outer=1,slot=8,pass=29,op=O1_JS_INSERT,accepted=false,recoveryGain=true,qGain=-1.0,fe=14635
formalLocal:outer=1,slot=8,pass=29,op=O2_JS_REVERSE,accepted=false,recoveryGain=true,qGain=-1.0,fe=14636
formalLocal:outer=1,slot=8,pass=29,op=O3_JS_SWAP,accepted=false,recoveryGain=true,qGain=-1.0,fe=14637
formalLocal:outer=1,slot=8,pass=29,op=O4_WA_LOAD_TRANSFER,accepted=false,recoveryGain=true,qGain=-1.0,fe=14638
formalLocal:outer=1,slot=8,pass=29,op=O5_WA_WEAK_TO_STRONG,accepted=false,recoveryGain=true,qGain=-1.0,fe=14639
formalLocal:outer=1,slot=8,pass=29,op=O6_WA_SWAP,accepted=false,recoveryGain=true,qGain=-0.3561410855613549,fe=14640
formalLocal:outer=1,slot=8,pass=29,op=O7_MA_LOAD_TRANSFER,accepted=false,recoveryGain=true,qGain=-1.0,fe=14641
formalLocal:outer=1,slot=8,pass=29,op=O8_MA_WEAK_TO_STRONG,accepted=false,recoveryGain=true,qGain=-1.0,fe=14642
formalLocal:outer=1,slot=8,pass=29,op=O9_MA_SWAP,accepted=false,recoveryGain=true,qGain=-1.0,fe=14643
formalLocal:outer=1,slot=9,op=CRITICAL_FACTORY_SWAP,accepted=true,fe=14644
formalLocal:outer=1,slot=9,op=CRITICAL_FACTORY_INSERT,accepted=true,fe=14645
formalLocal:outer=1,slot=9,pass=0,op=O1_JS_INSERT,accepted=false,recoveryGain=true,qGain=-0.026476160895758983,fe=14646
formalLocal:outer=1,slot=9,pass=0,op=O2_JS_REVERSE,accepted=true,recoveryGain=true,qGain=0.1283234344784361,fe=14647
formalLocal:outer=1,slot=9,pass=0,op=O3_JS_SWAP,accepted=false,recoveryGain=true,qGain=-0.14452449868623754,fe=14648
formalLocal:outer=1,slot=9,pass=0,op=O4_WA_LOAD_TRANSFER,accepted=true,recoveryGain=true,qGain=0.04382049604194078,fe=14649
formalLocal:outer=1,slot=9,pass=0,op=O5_WA_WEAK_TO_STRONG,accepted=true,recoveryGain=true,qGain=0.026545862279990087,fe=14650
formalLocal:outer=1,slot=9,pass=0,op=O6_WA_SWAP,accepted=true,recoveryGain=true,qGain=0.16725741832995433,fe=14651
formalLocal:outer=1,slot=9,pass=0,op=O7_MA_LOAD_TRANSFER,accepted=true,recoveryGain=true,qGain=0.11502095862606812,fe=14652
formalLocal:outer=1,slot=9,pass=0,op=O8_MA_WEAK_TO_STRONG,accepted=true,recoveryGain=true,qGain=0.5291479113226957,fe=14653
formalLocal:outer=1,slot=9,pass=0,op=O9_MA_SWAP,accepted=false,recoveryGain=true,qGain=-1.0,fe=14654
formalLocal:outer=1,slot=9,pass=1,op=O1_JS_INSERT,accepted=false,recoveryGain=true,qGain=-1.0,fe=14655
formalLocal:outer=1,slot=9,pass=1,op=O2_JS_REVERSE,accepted=false,recoveryGain=true,qGain=-1.0,fe=14656
formalLocal:outer=1,slot=9,pass=1,op=O3_JS_SWAP,accepted=false,recoveryGain=true,qGain=-1.0,fe=14657
formalLocal:outer=1,slot=9,pass=1,op=O4_WA_LOAD_TRANSFER,accepted=false,recoveryGain=true,qGain=-0.9107952532096089,fe=14658
formalLocal:outer=1,slot=9,pass=1,op=O5_WA_WEAK_TO_STRONG,accepted=false,recoveryGain=true,qGain=-1.0,fe=14659
formalLocal:outer=1,slot=9,pass=1,op=O6_WA_SWAP,accepted=false,recoveryGain=true,qGain=-1.0,fe=14660
formalLocal:outer=1,slot=9,pass=1,op=O7_MA_LOAD_TRANSFER,accepted=false,recoveryGain=true,qGain=-1.0,fe=14661
formalLocal:outer=1,slot=9,pass=1,op=O8_MA_WEAK_TO_STRONG,accepted=false,recoveryGain=true,qGain=-0.9524133093016317,fe=14662
formalLocal:outer=1,slot=9,pass=1,op=O9_MA_SWAP,accepted=false,recoveryGain=true,qGain=-1.0,fe=14663
formalLocal:outer=1,slot=9,pass=2,op=O1_JS_INSERT,accepted=false,recoveryGain=true,qGain=-1.0,fe=14664
formalLocal:outer=1,slot=9,pass=2,op=O2_JS_REVERSE,accepted=false,recoveryGain=true,qGain=-1.0,fe=14665
formalLocal:outer=1,slot=9,pass=2,op=O3_JS_SWAP,accepted=false,recoveryGain=true,qGain=-0.622981195333826,fe=14666
formalLocal:outer=1,slot=9,pass=2,op=O4_WA_LOAD_TRANSFER,accepted=false,recoveryGain=true,qGain=-0.9107952532096089,fe=14667
formalLocal:outer=1,slot=9,pass=2,op=O5_WA_WEAK_TO_STRONG,accepted=false,recoveryGain=true,qGain=-1.0,fe=14668
formalLocal:outer=1,slot=9,pass=2,op=O6_WA_SWAP,accepted=false,recoveryGain=true,qGain=-1.0,fe=14669
formalLocal:outer=1,slot=9,pass=2,op=O7_MA_LOAD_TRANSFER,accepted=false,recoveryGain=true,qGain=-1.0,fe=14670
formalLocal:outer=1,slot=9,pass=2,op=O8_MA_WEAK_TO_STRONG,accepted=false,recoveryGain=true,qGain=-0.9524133093016317,fe=14671
formalLocal:outer=1,slot=9,pass=2,op=O9_MA_SWAP,accepted=false,recoveryGain=true,qGain=-1.0,fe=14672
formalLocal:outer=1,slot=9,pass=3,op=O1_JS_INSERT,accepted=false,recoveryGain=true,qGain=0.0,fe=14673
formalLocal:outer=1,slot=9,pass=3,op=O2_JS_REVERSE,accepted=false,recoveryGain=true,qGain=-1.0,fe=14674
formalLocal:outer=1,slot=9,pass=3,op=O3_JS_SWAP,accepted=false,recoveryGain=true,qGain=-1.0,fe=14675
formalLocal:outer=1,slot=9,pass=3,op=O4_WA_LOAD_TRANSFER,accepted=false,recoveryGain=true,qGain=-0.9107952532096089,fe=14676
formalLocal:outer=1,slot=9,pass=3,op=O5_WA_WEAK_TO_STRONG,accepted=false,recoveryGain=true,qGain=-1.0,fe=14677
formalLocal:outer=1,slot=9,pass=3,op=O6_WA_SWAP,accepted=false,recoveryGain=true,qGain=-1.0,fe=14678
formalLocal:outer=1,slot=9,pass=3,op=O7_MA_LOAD_TRANSFER,accepted=false,recoveryGain=true,qGain=-1.0,fe=14679
formalLocal:outer=1,slot=9,pass=3,op=O8_MA_WEAK_TO_STRONG,accepted=false,recoveryGain=true,qGain=-0.9524133093016317,fe=14680
formalLocal:outer=1,slot=9,pass=3,op=O9_MA_SWAP,accepted=false,recoveryGain=true,qGain=-1.0,fe=14681
formalLocal:outer=1,slot=9,pass=4,op=O1_JS_INSERT,accepted=true,recoveryGain=true,qGain=0.00389742418532161,fe=14682
formalLocal:outer=1,slot=9,pass=4,op=O2_JS_REVERSE,accepted=false,recoveryGain=true,qGain=-1.0,fe=14683
formalLocal:outer=1,slot=9,pass=4,op=O3_JS_SWAP,accepted=false,recoveryGain=true,qGain=-0.9701201044321415,fe=14684
formalLocal:outer=1,slot=9,pass=4,op=O4_WA_LOAD_TRANSFER,accepted=false,recoveryGain=true,qGain=-0.7586770042102396,fe=14685
formalLocal:outer=1,slot=9,pass=4,op=O5_WA_WEAK_TO_STRONG,accepted=false,recoveryGain=true,qGain=-0.818924877121213,fe=14686
formalLocal:outer=1,slot=9,pass=4,op=O6_WA_SWAP,accepted=false,recoveryGain=true,qGain=-1.0,fe=14687
formalLocal:outer=1,slot=9,pass=4,op=O7_MA_LOAD_TRANSFER,accepted=false,recoveryGain=true,qGain=-1.0,fe=14688
formalLocal:outer=1,slot=9,pass=4,op=O8_MA_WEAK_TO_STRONG,accepted=false,recoveryGain=true,qGain=-1.0,fe=14689
formalLocal:outer=1,slot=9,pass=4,op=O9_MA_SWAP,accepted=false,recoveryGain=true,qGain=-1.0,fe=14690
formalLocal:outer=1,slot=9,pass=5,op=O1_JS_INSERT,accepted=false,recoveryGain=true,qGain=-0.9830724473467078,fe=14691
formalLocal:outer=1,slot=9,pass=5,op=O2_JS_REVERSE,accepted=false,recoveryGain=true,qGain=-1.0,fe=14692
formalLocal:outer=1,slot=9,pass=5,op=O3_JS_SWAP,accepted=false,recoveryGain=true,qGain=-1.0,fe=14693
formalLocal:outer=1,slot=9,pass=5,op=O4_WA_LOAD_TRANSFER,accepted=false,recoveryGain=true,qGain=-0.7586770042102396,fe=14694
formalLocal:outer=1,slot=9,pass=5,op=O5_WA_WEAK_TO_STRONG,accepted=false,recoveryGain=true,qGain=-0.818924877121213,fe=14695
formalLocal:outer=1,slot=9,pass=5,op=O6_WA_SWAP,accepted=false,recoveryGain=true,qGain=-1.0,fe=14696
formalLocal:outer=1,slot=9,pass=5,op=O7_MA_LOAD_TRANSFER,accepted=false,recoveryGain=true,qGain=-1.0,fe=14697
formalLocal:outer=1,slot=9,pass=5,op=O8_MA_WEAK_TO_STRONG,accepted=false,recoveryGain=true,qGain=-1.0,fe=14698
formalLocal:outer=1,slot=9,pass=5,op=O9_MA_SWAP,accepted=false,recoveryGain=true,qGain=-1.0,fe=14699
formalLocal:outer=1,slot=9,pass=6,op=O1_JS_INSERT,accepted=false,recoveryGain=true,qGain=0.0,fe=14700
formalLocal:outer=1,slot=9,pass=6,op=O2_JS_REVERSE,accepted=false,recoveryGain=true,qGain=-1.0,fe=14701
formalLocal:outer=1,slot=9,pass=6,op=O3_JS_SWAP,accepted=false,recoveryGain=true,qGain=-0.9827827376439267,fe=14702
formalLocal:outer=1,slot=9,pass=6,op=O4_WA_LOAD_TRANSFER,accepted=false,recoveryGain=true,qGain=-0.7586770042102396,fe=14703
formalLocal:outer=1,slot=9,pass=6,op=O5_WA_WEAK_TO_STRONG,accepted=false,recoveryGain=true,qGain=-0.818924877121213,fe=14704
formalLocal:outer=1,slot=9,pass=6,op=O6_WA_SWAP,accepted=false,recoveryGain=true,qGain=-1.0,fe=14705
formalLocal:outer=1,slot=9,pass=6,op=O7_MA_LOAD_TRANSFER,accepted=false,recoveryGain=true,qGain=-1.0,fe=14706
formalLocal:outer=1,slot=9,pass=6,op=O8_MA_WEAK_TO_STRONG,accepted=false,recoveryGain=true,qGain=-1.0,fe=14707
formalLocal:outer=1,slot=9,pass=6,op=O9_MA_SWAP,accepted=false,recoveryGain=true,qGain=-1.0,fe=14708
formalLocal:outer=1,slot=9,pass=7,op=O1_JS_INSERT,accepted=false,recoveryGain=true,qGain=-1.0,fe=14709
formalLocal:outer=1,slot=9,pass=7,op=O2_JS_REVERSE,accepted=false,recoveryGain=true,qGain=-1.0,fe=14710
formalLocal:outer=1,slot=9,pass=7,op=O3_JS_SWAP,accepted=false,recoveryGain=true,qGain=-1.0,fe=14711
formalLocal:outer=1,slot=9,pass=7,op=O4_WA_LOAD_TRANSFER,accepted=false,recoveryGain=true,qGain=-0.7586770042102396,fe=14712
formalLocal:outer=1,slot=9,pass=7,op=O5_WA_WEAK_TO_STRONG,accepted=false,recoveryGain=true,qGain=-0.818924877121213,fe=14713
formalLocal:outer=1,slot=9,pass=7,op=O6_WA_SWAP,accepted=false,recoveryGain=true,qGain=-1.0,fe=14714
formalLocal:outer=1,slot=9,pass=7,op=O7_MA_LOAD_TRANSFER,accepted=false,recoveryGain=true,qGain=-1.0,fe=14715
formalLocal:outer=1,slot=9,pass=7,op=O8_MA_WEAK_TO_STRONG,accepted=false,recoveryGain=true,qGain=-1.0,fe=14716
formalLocal:outer=1,slot=9,pass=7,op=O9_MA_SWAP,accepted=false,recoveryGain=true,qGain=-1.0,fe=14717
formalLocal:outer=1,slot=9,pass=8,op=O1_JS_INSERT,accepted=false,recoveryGain=true,qGain=-1.0,fe=14718
formalLocal:outer=1,slot=9,pass=8,op=O2_JS_REVERSE,accepted=false,recoveryGain=true,qGain=-0.5583954997471112,fe=14719
formalLocal:outer=1,slot=9,pass=8,op=O3_JS_SWAP,accepted=false,recoveryGain=true,qGain=-1.0,fe=14720
formalLocal:outer=1,slot=9,pass=8,op=O4_WA_LOAD_TRANSFER,accepted=false,recoveryGain=true,qGain=-0.7586770042102396,fe=14721
formalLocal:outer=1,slot=9,pass=8,op=O5_WA_WEAK_TO_STRONG,accepted=false,recoveryGain=true,qGain=-0.818924877121213,fe=14722
formalLocal:outer=1,slot=9,pass=8,op=O6_WA_SWAP,accepted=false,recoveryGain=true,qGain=-1.0,fe=14723
formalLocal:outer=1,slot=9,pass=8,op=O7_MA_LOAD_TRANSFER,accepted=false,recoveryGain=true,qGain=-1.0,fe=14724
formalLocal:outer=1,slot=9,pass=8,op=O8_MA_WEAK_TO_STRONG,accepted=false,recoveryGain=true,qGain=-1.0,fe=14725
formalLocal:outer=1,slot=9,pass=8,op=O9_MA_SWAP,accepted=false,recoveryGain=true,qGain=-1.0,fe=14726
formalLocal:outer=1,slot=9,pass=9,op=O1_JS_INSERT,accepted=false,recoveryGain=true,qGain=0.0,fe=14727
formalLocal:outer=1,slot=9,pass=9,op=O2_JS_REVERSE,accepted=false,recoveryGain=true,qGain=-1.0,fe=14728
formalLocal:outer=1,slot=9,pass=9,op=O3_JS_SWAP,accepted=false,recoveryGain=true,qGain=-0.561863228984542,fe=14729
formalLocal:outer=1,slot=9,pass=9,op=O4_WA_LOAD_TRANSFER,accepted=false,recoveryGain=true,qGain=-0.7586770042102396,fe=14730
formalLocal:outer=1,slot=9,pass=9,op=O5_WA_WEAK_TO_STRONG,accepted=false,recoveryGain=true,qGain=-0.818924877121213,fe=14731
formalLocal:outer=1,slot=9,pass=9,op=O6_WA_SWAP,accepted=false,recoveryGain=true,qGain=-1.0,fe=14732
formalLocal:outer=1,slot=9,pass=9,op=O7_MA_LOAD_TRANSFER,accepted=false,recoveryGain=true,qGain=-1.0,fe=14733
formalLocal:outer=1,slot=9,pass=9,op=O8_MA_WEAK_TO_STRONG,accepted=false,recoveryGain=true,qGain=-1.0,fe=14734
formalLocal:outer=1,slot=9,pass=9,op=O9_MA_SWAP,accepted=false,recoveryGain=true,qGain=-1.0,fe=14735
formalLocal:outer=1,slot=9,pass=10,op=O1_JS_INSERT,accepted=false,recoveryGain=true,qGain=-1.0,fe=14736
formalLocal:outer=1,slot=9,pass=10,op=O2_JS_REVERSE,accepted=false,recoveryGain=true,qGain=-0.5193648438557363,fe=14737
formalLocal:outer=1,slot=9,pass=10,op=O3_JS_SWAP,accepted=false,recoveryGain=true,qGain=-0.6389764256487606,fe=14738
formalLocal:outer=1,slot=9,pass=10,op=O4_WA_LOAD_TRANSFER,accepted=false,recoveryGain=true,qGain=-0.7586770042102396,fe=14739
formalLocal:outer=1,slot=9,pass=10,op=O5_WA_WEAK_TO_STRONG,accepted=false,recoveryGain=true,qGain=-0.818924877121213,fe=14740
formalLocal:outer=1,slot=9,pass=10,op=O6_WA_SWAP,accepted=false,recoveryGain=true,qGain=-1.0,fe=14741
formalLocal:outer=1,slot=9,pass=10,op=O7_MA_LOAD_TRANSFER,accepted=false,recoveryGain=true,qGain=-1.0,fe=14742
formalLocal:outer=1,slot=9,pass=10,op=O8_MA_WEAK_TO_STRONG,accepted=false,recoveryGain=true,qGain=-1.0,fe=14743
formalLocal:outer=1,slot=9,pass=10,op=O9_MA_SWAP,accepted=false,recoveryGain=true,qGain=-1.0,fe=14744
formalLocal:outer=1,slot=9,pass=11,op=O1_JS_INSERT,accepted=false,recoveryGain=true,qGain=-0.14415961023764473,fe=14745
formalLocal:outer=1,slot=9,pass=11,op=O2_JS_REVERSE,accepted=false,recoveryGain=true,qGain=-1.0,fe=14746
formalLocal:outer=1,slot=9,pass=11,op=O3_JS_SWAP,accepted=false,recoveryGain=true,qGain=-1.0,fe=14747
formalLocal:outer=1,slot=9,pass=11,op=O4_WA_LOAD_TRANSFER,accepted=false,recoveryGain=true,qGain=-0.7586770042102396,fe=14748
formalLocal:outer=1,slot=9,pass=11,op=O5_WA_WEAK_TO_STRONG,accepted=false,recoveryGain=true,qGain=-0.818924877121213,fe=14749
formalLocal:outer=1,slot=9,pass=11,op=O6_WA_SWAP,accepted=false,recoveryGain=true,qGain=-1.0,fe=14750
formalLocal:outer=1,slot=9,pass=11,op=O7_MA_LOAD_TRANSFER,accepted=false,recoveryGain=true,qGain=-1.0,fe=14751
formalLocal:outer=1,slot=9,pass=11,op=O8_MA_WEAK_TO_STRONG,accepted=false,recoveryGain=true,qGain=-1.0,fe=14752
formalLocal:outer=1,slot=9,pass=11,op=O9_MA_SWAP,accepted=false,recoveryGain=true,qGain=-1.0,fe=14753
formalLocal:outer=1,slot=9,pass=12,op=O1_JS_INSERT,accepted=false,recoveryGain=true,qGain=-1.0,fe=14754
formalLocal:outer=1,slot=9,pass=12,op=O2_JS_REVERSE,accepted=false,recoveryGain=true,qGain=-1.0,fe=14755
formalLocal:outer=1,slot=9,pass=12,op=O3_JS_SWAP,accepted=false,recoveryGain=true,qGain=-1.0,fe=14756
formalLocal:outer=1,slot=9,pass=12,op=O4_WA_LOAD_TRANSFER,accepted=false,recoveryGain=true,qGain=-0.7586770042102396,fe=14757
formalLocal:outer=1,slot=9,pass=12,op=O5_WA_WEAK_TO_STRONG,accepted=false,recoveryGain=true,qGain=-0.818924877121213,fe=14758
formalLocal:outer=1,slot=9,pass=12,op=O6_WA_SWAP,accepted=false,recoveryGain=true,qGain=-1.0,fe=14759
formalLocal:outer=1,slot=9,pass=12,op=O7_MA_LOAD_TRANSFER,accepted=false,recoveryGain=true,qGain=-1.0,fe=14760
formalLocal:outer=1,slot=9,pass=12,op=O8_MA_WEAK_TO_STRONG,accepted=false,recoveryGain=true,qGain=-1.0,fe=14761
formalLocal:outer=1,slot=9,pass=12,op=O9_MA_SWAP,accepted=false,recoveryGain=true,qGain=-1.0,fe=14762
formalLocal:outer=1,slot=9,pass=13,op=O1_JS_INSERT,accepted=false,recoveryGain=true,qGain=-1.0,fe=14763
formalLocal:outer=1,slot=9,pass=13,op=O2_JS_REVERSE,accepted=false,recoveryGain=true,qGain=-1.0,fe=14764
formalLocal:outer=1,slot=9,pass=13,op=O3_JS_SWAP,accepted=false,recoveryGain=true,qGain=-1.0,fe=14765
formalLocal:outer=1,slot=9,pass=13,op=O4_WA_LOAD_TRANSFER,accepted=false,recoveryGain=true,qGain=-0.7586770042102396,fe=14766
formalLocal:outer=1,slot=9,pass=13,op=O5_WA_WEAK_TO_STRONG,accepted=false,recoveryGain=true,qGain=-0.818924877121213,fe=14767
formalLocal:outer=1,slot=9,pass=13,op=O6_WA_SWAP,accepted=false,recoveryGain=true,qGain=-1.0,fe=14768
formalLocal:outer=1,slot=9,pass=13,op=O7_MA_LOAD_TRANSFER,accepted=false,recoveryGain=true,qGain=-1.0,fe=14769
formalLocal:outer=1,slot=9,pass=13,op=O8_MA_WEAK_TO_STRONG,accepted=false,recoveryGain=true,qGain=-1.0,fe=14770
formalLocal:outer=1,slot=9,pass=13,op=O9_MA_SWAP,accepted=false,recoveryGain=true,qGain=-1.0,fe=14771
formalLocal:outer=1,slot=9,pass=14,op=O1_JS_INSERT,accepted=false,recoveryGain=true,qGain=-0.8868794321280844,fe=14772
formalLocal:outer=1,slot=9,pass=14,op=O2_JS_REVERSE,accepted=false,recoveryGain=true,qGain=-1.0,fe=14773
formalLocal:outer=1,slot=9,pass=14,op=O3_JS_SWAP,accepted=false,recoveryGain=true,qGain=-1.0,fe=14774
formalLocal:outer=1,slot=9,pass=14,op=O4_WA_LOAD_TRANSFER,accepted=false,recoveryGain=true,qGain=-0.7586770042102396,fe=14775
formalLocal:outer=1,slot=9,pass=14,op=O5_WA_WEAK_TO_STRONG,accepted=false,recoveryGain=true,qGain=-0.818924877121213,fe=14776
formalLocal:outer=1,slot=9,pass=14,op=O6_WA_SWAP,accepted=false,recoveryGain=true,qGain=-1.0,fe=14777
formalLocal:outer=1,slot=9,pass=14,op=O7_MA_LOAD_TRANSFER,accepted=false,recoveryGain=true,qGain=-1.0,fe=14778
formalLocal:outer=1,slot=9,pass=14,op=O8_MA_WEAK_TO_STRONG,accepted=false,recoveryGain=true,qGain=-1.0,fe=14779
formalLocal:outer=1,slot=9,pass=14,op=O9_MA_SWAP,accepted=false,recoveryGain=true,qGain=-1.0,fe=14780
formalLocal:outer=1,slot=9,pass=15,op=O1_JS_INSERT,accepted=false,recoveryGain=true,qGain=-0.8118397851402774,fe=14781
formalLocal:outer=1,slot=9,pass=15,op=O2_JS_REVERSE,accepted=false,recoveryGain=true,qGain=-1.0,fe=14782
formalLocal:outer=1,slot=9,pass=15,op=O3_JS_SWAP,accepted=false,recoveryGain=true,qGain=-1.0,fe=14783
formalLocal:outer=1,slot=9,pass=15,op=O4_WA_LOAD_TRANSFER,accepted=false,recoveryGain=true,qGain=-0.7586770042102396,fe=14784
formalLocal:outer=1,slot=9,pass=15,op=O5_WA_WEAK_TO_STRONG,accepted=false,recoveryGain=true,qGain=-0.818924877121213,fe=14785
formalLocal:outer=1,slot=9,pass=15,op=O6_WA_SWAP,accepted=false,recoveryGain=true,qGain=-1.0,fe=14786
formalLocal:outer=1,slot=9,pass=15,op=O7_MA_LOAD_TRANSFER,accepted=false,recoveryGain=true,qGain=-1.0,fe=14787
formalLocal:outer=1,slot=9,pass=15,op=O8_MA_WEAK_TO_STRONG,accepted=false,recoveryGain=true,qGain=-1.0,fe=14788
formalLocal:outer=1,slot=9,pass=15,op=O9_MA_SWAP,accepted=false,recoveryGain=true,qGain=-1.0,fe=14789
formalLocal:outer=1,slot=9,pass=16,op=O1_JS_INSERT,accepted=false,recoveryGain=true,qGain=-0.4262450822180968,fe=14790
formalLocal:outer=1,slot=9,pass=16,op=O2_JS_REVERSE,accepted=false,recoveryGain=true,qGain=-0.5583954997471112,fe=14791
formalLocal:outer=1,slot=9,pass=16,op=O3_JS_SWAP,accepted=false,recoveryGain=true,qGain=-0.9897868293366486,fe=14792
formalLocal:outer=1,slot=9,pass=16,op=O4_WA_LOAD_TRANSFER,accepted=false,recoveryGain=true,qGain=-0.7586770042102396,fe=14793
formalLocal:outer=1,slot=9,pass=16,op=O5_WA_WEAK_TO_STRONG,accepted=false,recoveryGain=true,qGain=-0.818924877121213,fe=14794
formalLocal:outer=1,slot=9,pass=16,op=O6_WA_SWAP,accepted=false,recoveryGain=true,qGain=-1.0,fe=14795
formalLocal:outer=1,slot=9,pass=16,op=O7_MA_LOAD_TRANSFER,accepted=false,recoveryGain=true,qGain=-1.0,fe=14796
formalLocal:outer=1,slot=9,pass=16,op=O8_MA_WEAK_TO_STRONG,accepted=false,recoveryGain=true,qGain=-1.0,fe=14797
formalLocal:outer=1,slot=9,pass=16,op=O9_MA_SWAP,accepted=false,recoveryGain=true,qGain=-1.0,fe=14798
formalLocal:outer=1,slot=9,pass=17,op=O1_JS_INSERT,accepted=false,recoveryGain=true,qGain=-0.7727321942182683,fe=14799
formalLocal:outer=1,slot=9,pass=17,op=O2_JS_REVERSE,accepted=false,recoveryGain=true,qGain=0.0,fe=14800
formalLocal:outer=1,slot=9,pass=17,op=O3_JS_SWAP,accepted=false,recoveryGain=true,qGain=-0.7348681620149994,fe=14801
formalLocal:outer=1,slot=9,pass=17,op=O4_WA_LOAD_TRANSFER,accepted=false,recoveryGain=true,qGain=-0.7586770042102396,fe=14802
formalLocal:outer=1,slot=9,pass=17,op=O5_WA_WEAK_TO_STRONG,accepted=false,recoveryGain=true,qGain=-0.818924877121213,fe=14803
formalLocal:outer=1,slot=9,pass=17,op=O6_WA_SWAP,accepted=false,recoveryGain=true,qGain=-1.0,fe=14804
formalLocal:outer=1,slot=9,pass=17,op=O7_MA_LOAD_TRANSFER,accepted=false,recoveryGain=true,qGain=-1.0,fe=14805
formalLocal:outer=1,slot=9,pass=17,op=O8_MA_WEAK_TO_STRONG,accepted=false,recoveryGain=true,qGain=-1.0,fe=14806
formalLocal:outer=1,slot=9,pass=17,op=O9_MA_SWAP,accepted=false,recoveryGain=true,qGain=-1.0,fe=14807
formalLocal:outer=1,slot=9,pass=18,op=O1_JS_INSERT,accepted=false,recoveryGain=true,qGain=-1.0,fe=14808
formalLocal:outer=1,slot=9,pass=18,op=O2_JS_REVERSE,accepted=false,recoveryGain=true,qGain=-1.0,fe=14809
formalLocal:outer=1,slot=9,pass=18,op=O3_JS_SWAP,accepted=false,recoveryGain=true,qGain=-0.8217050445133818,fe=14810
formalLocal:outer=1,slot=9,pass=18,op=O4_WA_LOAD_TRANSFER,accepted=false,recoveryGain=true,qGain=-0.7586770042102396,fe=14811
formalLocal:outer=1,slot=9,pass=18,op=O5_WA_WEAK_TO_STRONG,accepted=false,recoveryGain=true,qGain=-0.818924877121213,fe=14812
formalLocal:outer=1,slot=9,pass=18,op=O6_WA_SWAP,accepted=false,recoveryGain=true,qGain=-1.0,fe=14813
formalLocal:outer=1,slot=9,pass=18,op=O7_MA_LOAD_TRANSFER,accepted=false,recoveryGain=true,qGain=-1.0,fe=14814
formalLocal:outer=1,slot=9,pass=18,op=O8_MA_WEAK_TO_STRONG,accepted=false,recoveryGain=true,qGain=-1.0,fe=14815
formalLocal:outer=1,slot=9,pass=18,op=O9_MA_SWAP,accepted=false,recoveryGain=true,qGain=-1.0,fe=14816
formalLocal:outer=1,slot=9,pass=19,op=O1_JS_INSERT,accepted=false,recoveryGain=true,qGain=-1.0,fe=14817
formalLocal:outer=1,slot=9,pass=19,op=O2_JS_REVERSE,accepted=true,recoveryGain=true,qGain=0.030768600571474663,fe=14818
formalLocal:outer=1,slot=9,pass=19,op=O3_JS_SWAP,accepted=false,recoveryGain=true,qGain=-0.3545294730430149,fe=14819
formalLocal:outer=1,slot=9,pass=19,op=O4_WA_LOAD_TRANSFER,accepted=false,recoveryGain=true,qGain=-0.393282878257617,fe=14820
formalLocal:outer=1,slot=9,pass=19,op=O5_WA_WEAK_TO_STRONG,accepted=false,recoveryGain=true,qGain=-0.3059747998511712,fe=14821
formalLocal:outer=1,slot=9,pass=19,op=O6_WA_SWAP,accepted=false,recoveryGain=true,qGain=-0.9323183341253423,fe=14822
formalLocal:outer=1,slot=9,pass=19,op=O7_MA_LOAD_TRANSFER,accepted=false,recoveryGain=true,qGain=-0.3120480402435898,fe=14823
formalLocal:outer=1,slot=9,pass=19,op=O8_MA_WEAK_TO_STRONG,accepted=false,recoveryGain=true,qGain=-0.8635994235480804,fe=14824
formalLocal:outer=1,slot=9,pass=19,op=O9_MA_SWAP,accepted=false,recoveryGain=true,qGain=-0.5543838473579601,fe=14825
formalLocal:outer=1,slot=9,pass=20,op=O1_JS_INSERT,accepted=true,recoveryGain=true,qGain=0.19553319878105221,fe=14826
formalLocal:outer=1,slot=9,pass=20,op=O2_JS_REVERSE,accepted=false,recoveryGain=true,qGain=-0.7819464368284893,fe=14827
formalLocal:outer=1,slot=9,pass=20,op=O3_JS_SWAP,accepted=false,recoveryGain=true,qGain=-1.0,fe=14828
formalLocal:outer=1,slot=9,pass=20,op=O4_WA_LOAD_TRANSFER,accepted=false,recoveryGain=true,qGain=-0.04669613797406638,fe=14829
formalLocal:outer=1,slot=9,pass=20,op=O5_WA_WEAK_TO_STRONG,accepted=false,recoveryGain=true,qGain=-0.0496914052001564,fe=14830
formalLocal:outer=1,slot=9,pass=20,op=O6_WA_SWAP,accepted=false,recoveryGain=true,qGain=-1.0,fe=14831
formalLocal:outer=1,slot=9,pass=20,op=O7_MA_LOAD_TRANSFER,accepted=false,recoveryGain=true,qGain=-1.0,fe=14832
formalLocal:outer=1,slot=9,pass=20,op=O8_MA_WEAK_TO_STRONG,accepted=false,recoveryGain=true,qGain=-1.0,fe=14833
formalLocal:outer=1,slot=9,pass=20,op=O9_MA_SWAP,accepted=false,recoveryGain=true,qGain=-1.0,fe=14834
formalLocal:outer=1,slot=9,pass=21,op=O1_JS_INSERT,accepted=false,recoveryGain=true,qGain=-1.0,fe=14835
formalLocal:outer=1,slot=9,pass=21,op=O2_JS_REVERSE,accepted=false,recoveryGain=true,qGain=-1.0,fe=14836
formalLocal:outer=1,slot=9,pass=21,op=O3_JS_SWAP,accepted=false,recoveryGain=true,qGain=-0.11985427564651249,fe=14837
formalLocal:outer=1,slot=9,pass=21,op=O4_WA_LOAD_TRANSFER,accepted=false,recoveryGain=true,qGain=-0.04669613797406638,fe=14838
formalLocal:outer=1,slot=9,pass=21,op=O5_WA_WEAK_TO_STRONG,accepted=false,recoveryGain=true,qGain=-0.0496914052001564,fe=14839
formalLocal:outer=1,slot=9,pass=21,op=O6_WA_SWAP,accepted=false,recoveryGain=true,qGain=-1.0,fe=14840
formalLocal:outer=1,slot=9,pass=21,op=O7_MA_LOAD_TRANSFER,accepted=false,recoveryGain=true,qGain=-1.0,fe=14841
formalLocal:outer=1,slot=9,pass=21,op=O8_MA_WEAK_TO_STRONG,accepted=false,recoveryGain=true,qGain=-1.0,fe=14842
formalLocal:outer=1,slot=9,pass=21,op=O9_MA_SWAP,accepted=false,recoveryGain=true,qGain=-1.0,fe=14843
formalLocal:outer=1,slot=9,pass=22,op=O1_JS_INSERT,accepted=false,recoveryGain=true,qGain=-0.36523141224089956,fe=14844
formalLocal:outer=1,slot=9,pass=22,op=O2_JS_REVERSE,accepted=false,recoveryGain=true,qGain=-1.0,fe=14845
formalLocal:outer=1,slot=9,pass=22,op=O3_JS_SWAP,accepted=false,recoveryGain=true,qGain=-0.9461541201024699,fe=14846
formalLocal:outer=1,slot=9,pass=22,op=O4_WA_LOAD_TRANSFER,accepted=false,recoveryGain=true,qGain=-0.04669613797406638,fe=14847
formalLocal:outer=1,slot=9,pass=22,op=O5_WA_WEAK_TO_STRONG,accepted=false,recoveryGain=true,qGain=-0.0496914052001564,fe=14848
formalLocal:outer=1,slot=9,pass=22,op=O6_WA_SWAP,accepted=false,recoveryGain=true,qGain=-1.0,fe=14849
formalLocal:outer=1,slot=9,pass=22,op=O7_MA_LOAD_TRANSFER,accepted=false,recoveryGain=true,qGain=-1.0,fe=14850
formalLocal:outer=1,slot=9,pass=22,op=O8_MA_WEAK_TO_STRONG,accepted=false,recoveryGain=true,qGain=-1.0,fe=14851
formalLocal:outer=1,slot=9,pass=22,op=O9_MA_SWAP,accepted=false,recoveryGain=true,qGain=-1.0,fe=14852
formalLocal:outer=1,slot=9,pass=23,op=O1_JS_INSERT,accepted=false,recoveryGain=true,qGain=-1.0,fe=14853
formalLocal:outer=1,slot=9,pass=23,op=O2_JS_REVERSE,accepted=false,recoveryGain=true,qGain=-1.0,fe=14854
formalLocal:outer=1,slot=9,pass=23,op=O3_JS_SWAP,accepted=false,recoveryGain=true,qGain=-0.419419104407146,fe=14855
formalLocal:outer=1,slot=9,pass=23,op=O4_WA_LOAD_TRANSFER,accepted=false,recoveryGain=true,qGain=-0.04669613797406638,fe=14856
formalLocal:outer=1,slot=9,pass=23,op=O5_WA_WEAK_TO_STRONG,accepted=false,recoveryGain=true,qGain=-0.0496914052001564,fe=14857
formalLocal:outer=1,slot=9,pass=23,op=O6_WA_SWAP,accepted=false,recoveryGain=true,qGain=-1.0,fe=14858
formalLocal:outer=1,slot=9,pass=23,op=O7_MA_LOAD_TRANSFER,accepted=false,recoveryGain=true,qGain=-1.0,fe=14859
formalLocal:outer=1,slot=9,pass=23,op=O8_MA_WEAK_TO_STRONG,accepted=false,recoveryGain=true,qGain=-1.0,fe=14860
formalLocal:outer=1,slot=9,pass=23,op=O9_MA_SWAP,accepted=false,recoveryGain=true,qGain=-1.0,fe=14861
formalLocal:outer=1,slot=9,pass=24,op=O1_JS_INSERT,accepted=false,recoveryGain=true,qGain=-1.0,fe=14862
formalLocal:outer=1,slot=9,pass=24,op=O2_JS_REVERSE,accepted=false,recoveryGain=true,qGain=-1.0,fe=14863
formalLocal:outer=1,slot=9,pass=24,op=O3_JS_SWAP,accepted=false,recoveryGain=true,qGain=-1.0,fe=14864
formalLocal:outer=1,slot=9,pass=24,op=O4_WA_LOAD_TRANSFER,accepted=false,recoveryGain=true,qGain=-0.04669613797406638,fe=14865
formalLocal:outer=1,slot=9,pass=24,op=O5_WA_WEAK_TO_STRONG,accepted=false,recoveryGain=true,qGain=-0.0496914052001564,fe=14866
formalLocal:outer=1,slot=9,pass=24,op=O6_WA_SWAP,accepted=false,recoveryGain=true,qGain=-1.0,fe=14867
formalLocal:outer=1,slot=9,pass=24,op=O7_MA_LOAD_TRANSFER,accepted=false,recoveryGain=true,qGain=-1.0,fe=14868
formalLocal:outer=1,slot=9,pass=24,op=O8_MA_WEAK_TO_STRONG,accepted=false,recoveryGain=true,qGain=-1.0,fe=14869
formalLocal:outer=1,slot=9,pass=24,op=O9_MA_SWAP,accepted=false,recoveryGain=true,qGain=-1.0,fe=14870
formalLocal:outer=1,slot=9,pass=25,op=O1_JS_INSERT,accepted=false,recoveryGain=true,qGain=-1.0,fe=14871
formalLocal:outer=1,slot=9,pass=25,op=O2_JS_REVERSE,accepted=false,recoveryGain=true,qGain=-1.0,fe=14872
formalLocal:outer=1,slot=9,pass=25,op=O3_JS_SWAP,accepted=false,recoveryGain=true,qGain=-1.0,fe=14873
formalLocal:outer=1,slot=9,pass=25,op=O4_WA_LOAD_TRANSFER,accepted=false,recoveryGain=true,qGain=-0.04669613797406638,fe=14874
formalLocal:outer=1,slot=9,pass=25,op=O5_WA_WEAK_TO_STRONG,accepted=false,recoveryGain=true,qGain=-0.0496914052001564,fe=14875
formalLocal:outer=1,slot=9,pass=25,op=O6_WA_SWAP,accepted=false,recoveryGain=true,qGain=-1.0,fe=14876
formalLocal:outer=1,slot=9,pass=25,op=O7_MA_LOAD_TRANSFER,accepted=false,recoveryGain=true,qGain=-1.0,fe=14877
formalLocal:outer=1,slot=9,pass=25,op=O8_MA_WEAK_TO_STRONG,accepted=false,recoveryGain=true,qGain=-1.0,fe=14878
formalLocal:outer=1,slot=9,pass=25,op=O9_MA_SWAP,accepted=false,recoveryGain=true,qGain=-1.0,fe=14879
formalLocal:outer=1,slot=9,pass=26,op=O1_JS_INSERT,accepted=false,recoveryGain=true,qGain=-1.0,fe=14880
formalLocal:outer=1,slot=9,pass=26,op=O2_JS_REVERSE,accepted=false,recoveryGain=true,qGain=-1.0,fe=14881
formalLocal:outer=1,slot=9,pass=26,op=O3_JS_SWAP,accepted=true,recoveryGain=true,qGain=0.11429984012745485,fe=14882
formalLocal:outer=1,slot=9,pass=26,op=O4_WA_LOAD_TRANSFER,accepted=false,recoveryGain=true,qGain=-0.9021404356277728,fe=14883
formalLocal:outer=1,slot=9,pass=26,op=O5_WA_WEAK_TO_STRONG,accepted=false,recoveryGain=true,qGain=-0.7074016410007556,fe=14884
formalLocal:outer=1,slot=9,pass=26,op=O6_WA_SWAP,accepted=false,recoveryGain=true,qGain=-1.0,fe=14885
formalLocal:outer=1,slot=9,pass=26,op=O7_MA_LOAD_TRANSFER,accepted=false,recoveryGain=true,qGain=-0.7212807608349876,fe=14886
formalLocal:outer=1,slot=9,pass=26,op=O8_MA_WEAK_TO_STRONG,accepted=false,recoveryGain=true,qGain=-1.0,fe=14887
formalLocal:outer=1,slot=9,pass=26,op=O9_MA_SWAP,accepted=false,recoveryGain=true,qGain=-1.0,fe=14888
formalLocal:outer=1,slot=9,pass=27,op=O1_JS_INSERT,accepted=false,recoveryGain=true,qGain=-1.0,fe=14889
formalLocal:outer=1,slot=9,pass=27,op=O2_JS_REVERSE,accepted=false,recoveryGain=true,qGain=0.0,fe=14890
formalLocal:outer=1,slot=9,pass=27,op=O3_JS_SWAP,accepted=false,recoveryGain=true,qGain=-1.0,fe=14891
formalLocal:outer=1,slot=9,pass=27,op=O4_WA_LOAD_TRANSFER,accepted=false,recoveryGain=true,qGain=-0.9021404356277728,fe=14892
formalLocal:outer=1,slot=9,pass=27,op=O5_WA_WEAK_TO_STRONG,accepted=false,recoveryGain=true,qGain=-0.7074016410007556,fe=14893
formalLocal:outer=1,slot=9,pass=27,op=O6_WA_SWAP,accepted=false,recoveryGain=true,qGain=-1.0,fe=14894
formalLocal:outer=1,slot=9,pass=27,op=O7_MA_LOAD_TRANSFER,accepted=false,recoveryGain=true,qGain=-0.7212807608349876,fe=14895
formalLocal:outer=1,slot=9,pass=27,op=O8_MA_WEAK_TO_STRONG,accepted=false,recoveryGain=true,qGain=-1.0,fe=14896
formalLocal:outer=1,slot=9,pass=27,op=O9_MA_SWAP,accepted=false,recoveryGain=true,qGain=-1.0,fe=14897
formalLocal:outer=1,slot=9,pass=28,op=O1_JS_INSERT,accepted=false,recoveryGain=true,qGain=-1.0,fe=14898
formalLocal:outer=1,slot=9,pass=28,op=O2_JS_REVERSE,accepted=false,recoveryGain=true,qGain=-1.0,fe=14899
formalLocal:outer=1,slot=9,pass=28,op=O3_JS_SWAP,accepted=false,recoveryGain=true,qGain=-1.0,fe=14900
formalLocal:outer=1,slot=9,pass=28,op=O4_WA_LOAD_TRANSFER,accepted=false,recoveryGain=true,qGain=-0.9021404356277728,fe=14901
formalLocal:outer=1,slot=9,pass=28,op=O5_WA_WEAK_TO_STRONG,accepted=false,recoveryGain=true,qGain=-0.7074016410007556,fe=14902
formalLocal:outer=1,slot=9,pass=28,op=O6_WA_SWAP,accepted=false,recoveryGain=true,qGain=-1.0,fe=14903
formalLocal:outer=1,slot=9,pass=28,op=O7_MA_LOAD_TRANSFER,accepted=false,recoveryGain=true,qGain=-0.7212807608349876,fe=14904
formalLocal:outer=1,slot=9,pass=28,op=O8_MA_WEAK_TO_STRONG,accepted=false,recoveryGain=true,qGain=-1.0,fe=14905
formalLocal:outer=1,slot=9,pass=28,op=O9_MA_SWAP,accepted=false,recoveryGain=true,qGain=-1.0,fe=14906
formalLocal:outer=1,slot=9,pass=29,op=O1_JS_INSERT,accepted=true,recoveryGain=true,qGain=0.05979656590549,fe=14907
formalLocal:outer=1,slot=9,pass=29,op=O2_JS_REVERSE,accepted=false,recoveryGain=true,qGain=-1.0,fe=14908
formalLocal:outer=1,slot=9,pass=29,op=O3_JS_SWAP,accepted=false,recoveryGain=true,qGain=-1.0,fe=14909
formalLocal:outer=1,slot=9,pass=29,op=O4_WA_LOAD_TRANSFER,accepted=false,recoveryGain=true,qGain=-1.0,fe=14910
formalLocal:outer=1,slot=9,pass=29,op=O5_WA_WEAK_TO_STRONG,accepted=false,recoveryGain=true,qGain=-1.0,fe=14911
formalLocal:outer=1,slot=9,pass=29,op=O6_WA_SWAP,accepted=false,recoveryGain=true,qGain=-1.0,fe=14912
formalLocal:outer=1,slot=9,pass=29,op=O7_MA_LOAD_TRANSFER,accepted=false,recoveryGain=true,qGain=-1.0,fe=14913
formalLocal:outer=1,slot=9,pass=29,op=O8_MA_WEAK_TO_STRONG,accepted=false,recoveryGain=true,qGain=-0.8102179723451226,fe=14914
formalLocal:outer=1,slot=9,pass=29,op=O9_MA_SWAP,accepted=false,recoveryGain=true,qGain=-1.0,fe=14915
formalLocal:outer=1,slot=10,op=CRITICAL_FACTORY_SWAP,accepted=false,fe=14916
formalLocal:outer=1,slot=10,op=CRITICAL_FACTORY_INSERT,accepted=true,fe=14917
formalLocal:outer=1,slot=10,pass=0,op=O1_JS_INSERT,accepted=false,recoveryGain=true,qGain=0.0,fe=14918
formalLocal:outer=1,slot=10,pass=0,op=O2_JS_REVERSE,accepted=true,recoveryGain=true,qGain=0.1385625682213186,fe=14919
formalLocal:outer=1,slot=10,pass=0,op=O3_JS_SWAP,accepted=false,recoveryGain=true,qGain=-0.12214911961758342,fe=14920
formalLocal:outer=1,slot=10,pass=0,op=O4_WA_LOAD_TRANSFER,accepted=false,recoveryGain=true,qGain=-0.22994560366904468,fe=14921
formalLocal:outer=1,slot=10,pass=0,op=O5_WA_WEAK_TO_STRONG,accepted=true,recoveryGain=true,qGain=0.06802958517970453,fe=14922
formalLocal:outer=1,slot=10,pass=0,op=O6_WA_SWAP,accepted=false,recoveryGain=true,qGain=-0.011956649498236672,fe=14923
formalLocal:outer=1,slot=10,pass=0,op=O7_MA_LOAD_TRANSFER,accepted=false,recoveryGain=true,qGain=-0.04600360168318999,fe=14924
formalLocal:outer=1,slot=10,pass=0,op=O8_MA_WEAK_TO_STRONG,accepted=false,recoveryGain=true,qGain=-0.1067598330262502,fe=14925
formalLocal:outer=1,slot=10,pass=0,op=O9_MA_SWAP,accepted=false,recoveryGain=true,qGain=-0.11020777432558403,fe=14926
formalLocal:outer=1,slot=10,pass=1,op=O1_JS_INSERT,accepted=false,recoveryGain=true,qGain=-0.05605104556887424,fe=14927
formalLocal:outer=1,slot=10,pass=1,op=O2_JS_REVERSE,accepted=false,recoveryGain=true,qGain=-0.1888680060186142,fe=14928
formalLocal:outer=1,slot=10,pass=1,op=O3_JS_SWAP,accepted=false,recoveryGain=true,qGain=-5.930846599690828E-4,fe=14929
formalLocal:outer=1,slot=10,pass=1,op=O4_WA_LOAD_TRANSFER,accepted=false,recoveryGain=true,qGain=-0.07299543429479158,fe=14930
formalLocal:outer=1,slot=10,pass=1,op=O5_WA_WEAK_TO_STRONG,accepted=false,recoveryGain=true,qGain=-0.017362444672307895,fe=14931
formalLocal:outer=1,slot=10,pass=1,op=O6_WA_SWAP,accepted=false,recoveryGain=true,qGain=-0.011956649498236672,fe=14932
formalLocal:outer=1,slot=10,pass=1,op=O7_MA_LOAD_TRANSFER,accepted=false,recoveryGain=true,qGain=-0.04600360168318999,fe=14933
formalLocal:outer=1,slot=10,pass=1,op=O8_MA_WEAK_TO_STRONG,accepted=false,recoveryGain=true,qGain=-0.1067598330262502,fe=14934
formalLocal:outer=1,slot=10,pass=1,op=O9_MA_SWAP,accepted=false,recoveryGain=true,qGain=-0.11020777432558403,fe=14935
formalLocal:outer=1,slot=10,pass=2,op=O1_JS_INSERT,accepted=false,recoveryGain=true,qGain=-0.13779894077700006,fe=14936
formalLocal:outer=1,slot=10,pass=2,op=O2_JS_REVERSE,accepted=false,recoveryGain=true,qGain=-0.14267388792278998,fe=14937
formalLocal:outer=1,slot=10,pass=2,op=O3_JS_SWAP,accepted=true,recoveryGain=true,qGain=0.01233755148678126,fe=14938
formalLocal:outer=1,slot=10,pass=2,op=O4_WA_LOAD_TRANSFER,accepted=false,recoveryGain=true,qGain=-0.03349291995136484,fe=14939
formalLocal:outer=1,slot=10,pass=2,op=O5_WA_WEAK_TO_STRONG,accepted=false,recoveryGain=true,qGain=-0.010117948635606411,fe=14940
formalLocal:outer=1,slot=10,pass=2,op=O6_WA_SWAP,accepted=false,recoveryGain=true,qGain=-0.0038857938261173982,fe=14941
formalLocal:outer=1,slot=10,pass=2,op=O7_MA_LOAD_TRANSFER,accepted=false,recoveryGain=true,qGain=-0.04728854368003863,fe=14942
formalLocal:outer=1,slot=10,pass=2,op=O8_MA_WEAK_TO_STRONG,accepted=false,recoveryGain=true,qGain=-0.1082114641352935,fe=14943
formalLocal:outer=1,slot=10,pass=2,op=O9_MA_SWAP,accepted=false,recoveryGain=true,qGain=-0.11190996631960655,fe=14944
formalLocal:outer=1,slot=10,pass=3,op=O1_JS_INSERT,accepted=true,recoveryGain=true,qGain=0.07765260859557746,fe=14945
formalLocal:outer=1,slot=10,pass=3,op=O2_JS_REVERSE,accepted=false,recoveryGain=true,qGain=-0.2972810650504224,fe=14946
formalLocal:outer=1,slot=10,pass=3,op=O3_JS_SWAP,accepted=false,recoveryGain=true,qGain=-0.29955663210437844,fe=14947
formalLocal:outer=1,slot=10,pass=3,op=O4_WA_LOAD_TRANSFER,accepted=false,recoveryGain=true,qGain=-0.0032422367298599922,fe=14948
formalLocal:outer=1,slot=10,pass=3,op=O5_WA_WEAK_TO_STRONG,accepted=true,recoveryGain=true,qGain=0.002180547526392955,fe=14949
formalLocal:outer=1,slot=10,pass=3,op=O6_WA_SWAP,accepted=false,recoveryGain=true,qGain=-0.29038277492979575,fe=14950
formalLocal:outer=1,slot=10,pass=3,op=O7_MA_LOAD_TRANSFER,accepted=true,recoveryGain=true,qGain=0.01801711522755536,fe=14951
formalLocal:outer=1,slot=10,pass=3,op=O8_MA_WEAK_TO_STRONG,accepted=false,recoveryGain=true,qGain=-0.018347687629739567,fe=14952
formalLocal:outer=1,slot=10,pass=3,op=O9_MA_SWAP,accepted=false,recoveryGain=true,qGain=-0.16491374531482034,fe=14953
formalLocal:outer=1,slot=10,pass=4,op=O1_JS_INSERT,accepted=true,recoveryGain=true,qGain=0.013438223231807492,fe=14954
formalLocal:outer=1,slot=10,pass=4,op=O2_JS_REVERSE,accepted=false,recoveryGain=true,qGain=0.0,fe=14955
formalLocal:outer=1,slot=10,pass=4,op=O3_JS_SWAP,accepted=false,recoveryGain=true,qGain=-0.07424677356251329,fe=14956
formalLocal:outer=1,slot=10,pass=4,op=O4_WA_LOAD_TRANSFER,accepted=true,recoveryGain=true,qGain=0.21669592018342282,fe=14957
formalLocal:outer=1,slot=10,pass=4,op=O5_WA_WEAK_TO_STRONG,accepted=false,recoveryGain=true,qGain=-0.27664342082089693,fe=14958
formalLocal:outer=1,slot=10,pass=4,op=O6_WA_SWAP,accepted=true,recoveryGain=true,qGain=0.08434455706928955,fe=14959
formalLocal:outer=1,slot=10,pass=4,op=O7_MA_LOAD_TRANSFER,accepted=false,recoveryGain=true,qGain=-0.47703125162919763,fe=14960
formalLocal:outer=1,slot=10,pass=4,op=O8_MA_WEAK_TO_STRONG,accepted=false,recoveryGain=true,qGain=-0.3850242558227303,fe=14961
formalLocal:outer=1,slot=10,pass=4,op=O9_MA_SWAP,accepted=false,recoveryGain=true,qGain=-0.16683770644459767,fe=14962
formalLocal:outer=1,slot=10,pass=5,op=O1_JS_INSERT,accepted=true,recoveryGain=true,qGain=0.1369000546757151,fe=14963
formalLocal:outer=1,slot=10,pass=5,op=O2_JS_REVERSE,accepted=false,recoveryGain=true,qGain=-0.016561312147875193,fe=14964
formalLocal:outer=1,slot=10,pass=5,op=O3_JS_SWAP,accepted=true,recoveryGain=true,qGain=0.11485081026441331,fe=14965
formalLocal:outer=1,slot=10,pass=5,op=O4_WA_LOAD_TRANSFER,accepted=false,recoveryGain=true,qGain=-0.15127308380269003,fe=14966
formalLocal:outer=1,slot=10,pass=5,op=O5_WA_WEAK_TO_STRONG,accepted=false,recoveryGain=true,qGain=-0.6700902569171967,fe=14967
formalLocal:outer=1,slot=10,pass=5,op=O6_WA_SWAP,accepted=false,recoveryGain=true,qGain=-0.3488718509044518,fe=14968
formalLocal:outer=1,slot=10,pass=5,op=O7_MA_LOAD_TRANSFER,accepted=false,recoveryGain=true,qGain=-0.5259259149013453,fe=14969
formalLocal:outer=1,slot=10,pass=5,op=O8_MA_WEAK_TO_STRONG,accepted=false,recoveryGain=true,qGain=-0.358615001223186,fe=14970
formalLocal:outer=1,slot=10,pass=5,op=O9_MA_SWAP,accepted=false,recoveryGain=true,qGain=-0.16802495291991423,fe=14971
formalLocal:outer=1,slot=10,pass=6,op=O1_JS_INSERT,accepted=false,recoveryGain=true,qGain=-0.0955242872749963,fe=14972
formalLocal:outer=1,slot=10,pass=6,op=O2_JS_REVERSE,accepted=false,recoveryGain=true,qGain=-0.4711202478861063,fe=14973
formalLocal:outer=1,slot=10,pass=6,op=O3_JS_SWAP,accepted=false,recoveryGain=true,qGain=-0.16221129529492592,fe=14974
formalLocal:outer=1,slot=10,pass=6,op=O4_WA_LOAD_TRANSFER,accepted=false,recoveryGain=true,qGain=-0.15127308380269003,fe=14975
formalLocal:outer=1,slot=10,pass=6,op=O5_WA_WEAK_TO_STRONG,accepted=false,recoveryGain=true,qGain=-0.6700902569171967,fe=14976
formalLocal:outer=1,slot=10,pass=6,op=O6_WA_SWAP,accepted=false,recoveryGain=true,qGain=-0.3488718509044518,fe=14977
formalLocal:outer=1,slot=10,pass=6,op=O7_MA_LOAD_TRANSFER,accepted=false,recoveryGain=true,qGain=-0.5259259149013453,fe=14978
formalLocal:outer=1,slot=10,pass=6,op=O8_MA_WEAK_TO_STRONG,accepted=false,recoveryGain=true,qGain=-0.358615001223186,fe=14979
formalLocal:outer=1,slot=10,pass=6,op=O9_MA_SWAP,accepted=false,recoveryGain=true,qGain=-0.16802495291991423,fe=14980
formalLocal:outer=1,slot=10,pass=7,op=O1_JS_INSERT,accepted=false,recoveryGain=true,qGain=-0.10875940174173675,fe=14981
formalLocal:outer=1,slot=10,pass=7,op=O2_JS_REVERSE,accepted=false,recoveryGain=true,qGain=-0.5291601218799178,fe=14982
formalLocal:outer=1,slot=10,pass=7,op=O3_JS_SWAP,accepted=false,recoveryGain=true,qGain=-0.9804338910129345,fe=14983
formalLocal:outer=1,slot=10,pass=7,op=O4_WA_LOAD_TRANSFER,accepted=false,recoveryGain=true,qGain=-0.15127308380269003,fe=14984
formalLocal:outer=1,slot=10,pass=7,op=O5_WA_WEAK_TO_STRONG,accepted=false,recoveryGain=true,qGain=-0.6700902569171967,fe=14985
formalLocal:outer=1,slot=10,pass=7,op=O6_WA_SWAP,accepted=false,recoveryGain=true,qGain=-0.3488718509044518,fe=14986
formalLocal:outer=1,slot=10,pass=7,op=O7_MA_LOAD_TRANSFER,accepted=false,recoveryGain=true,qGain=-0.5259259149013453,fe=14987
formalLocal:outer=1,slot=10,pass=7,op=O8_MA_WEAK_TO_STRONG,accepted=false,recoveryGain=true,qGain=-0.358615001223186,fe=14988
formalLocal:outer=1,slot=10,pass=7,op=O9_MA_SWAP,accepted=false,recoveryGain=true,qGain=-0.16802495291991423,fe=14989
formalLocal:outer=1,slot=10,pass=8,op=O1_JS_INSERT,accepted=false,recoveryGain=true,qGain=-0.15067838803099534,fe=14990
formalLocal:outer=1,slot=10,pass=8,op=O2_JS_REVERSE,accepted=false,recoveryGain=true,qGain=-0.26916328565988573,fe=14991
formalLocal:outer=1,slot=10,pass=8,op=O3_JS_SWAP,accepted=false,recoveryGain=true,qGain=-0.46361010613285025,fe=14992
formalLocal:outer=1,slot=10,pass=8,op=O4_WA_LOAD_TRANSFER,accepted=false,recoveryGain=true,qGain=-0.15127308380269003,fe=14993
formalLocal:outer=1,slot=10,pass=8,op=O5_WA_WEAK_TO_STRONG,accepted=false,recoveryGain=true,qGain=-0.6700902569171967,fe=14994
formalLocal:outer=1,slot=10,pass=8,op=O6_WA_SWAP,accepted=false,recoveryGain=true,qGain=-0.3488718509044518,fe=14995
formalLocal:outer=1,slot=10,pass=8,op=O7_MA_LOAD_TRANSFER,accepted=false,recoveryGain=true,qGain=-0.5259259149013453,fe=14996
formalLocal:outer=1,slot=10,pass=8,op=O8_MA_WEAK_TO_STRONG,accepted=false,recoveryGain=true,qGain=-0.358615001223186,fe=14997
formalLocal:outer=1,slot=10,pass=8,op=O9_MA_SWAP,accepted=false,recoveryGain=true,qGain=-0.16802495291991423,fe=14998
formalLocal:outer=1,slot=10,pass=9,op=O1_JS_INSERT,accepted=false,recoveryGain=true,qGain=-0.38870839380898226,fe=14999
formalLocal:outer=1,slot=10,pass=9,op=O2_JS_REVERSE,accepted=false,recoveryGain=true,qGain=-0.2775133197557485,fe=15000
formalLocal:outer=1,slot=10,pass=9,op=O3_JS_SWAP,accepted=false,recoveryGain=true,qGain=-0.48041529135263544,fe=15001
formalLocal:outer=1,slot=10,pass=9,op=O4_WA_LOAD_TRANSFER,accepted=false,recoveryGain=true,qGain=-0.15127308380269003,fe=15002
formalLocal:outer=1,slot=10,pass=9,op=O5_WA_WEAK_TO_STRONG,accepted=false,recoveryGain=true,qGain=-0.6700902569171967,fe=15003
formalLocal:outer=1,slot=10,pass=9,op=O6_WA_SWAP,accepted=false,recoveryGain=true,qGain=-0.3488718509044518,fe=15004
formalLocal:outer=1,slot=10,pass=9,op=O7_MA_LOAD_TRANSFER,accepted=false,recoveryGain=true,qGain=-0.5259259149013453,fe=15005
formalLocal:outer=1,slot=10,pass=9,op=O8_MA_WEAK_TO_STRONG,accepted=false,recoveryGain=true,qGain=-0.358615001223186,fe=15006
formalLocal:outer=1,slot=10,pass=9,op=O9_MA_SWAP,accepted=false,recoveryGain=true,qGain=-0.16802495291991423,fe=15007
formalLocal:outer=1,slot=10,pass=10,op=O1_JS_INSERT,accepted=false,recoveryGain=true,qGain=-0.29254055008695123,fe=15008
formalLocal:outer=1,slot=10,pass=10,op=O2_JS_REVERSE,accepted=false,recoveryGain=true,qGain=-0.5128732349016324,fe=15009
formalLocal:outer=1,slot=10,pass=10,op=O3_JS_SWAP,accepted=true,recoveryGain=true,qGain=0.1282165634716915,fe=15010
formalLocal:outer=1,slot=10,pass=10,op=O4_WA_LOAD_TRANSFER,accepted=false,recoveryGain=true,qGain=-0.0873083687576033,fe=15011
formalLocal:outer=1,slot=10,pass=10,op=O5_WA_WEAK_TO_STRONG,accepted=false,recoveryGain=true,qGain=-0.6022803941252879,fe=15012
formalLocal:outer=1,slot=10,pass=10,op=O6_WA_SWAP,accepted=false,recoveryGain=true,qGain=-0.2322852210151497,fe=15013
formalLocal:outer=1,slot=10,pass=10,op=O7_MA_LOAD_TRANSFER,accepted=false,recoveryGain=true,qGain=-0.6808577612530012,fe=15014
formalLocal:outer=1,slot=10,pass=10,op=O8_MA_WEAK_TO_STRONG,accepted=false,recoveryGain=true,qGain=-0.3498984448502691,fe=15015
formalLocal:outer=1,slot=10,pass=10,op=O9_MA_SWAP,accepted=false,recoveryGain=true,qGain=-0.15641546953190186,fe=15016
formalLocal:outer=1,slot=10,pass=11,op=O1_JS_INSERT,accepted=false,recoveryGain=true,qGain=-0.07542232802031423,fe=15017
formalLocal:outer=1,slot=10,pass=11,op=O2_JS_REVERSE,accepted=false,recoveryGain=true,qGain=-0.3445278017225715,fe=15018
formalLocal:outer=1,slot=10,pass=11,op=O3_JS_SWAP,accepted=false,recoveryGain=true,qGain=-0.07014445572275028,fe=15019
formalLocal:outer=1,slot=10,pass=11,op=O4_WA_LOAD_TRANSFER,accepted=false,recoveryGain=true,qGain=-0.0873083687576033,fe=15020
formalLocal:outer=1,slot=10,pass=11,op=O5_WA_WEAK_TO_STRONG,accepted=false,recoveryGain=true,qGain=-0.6022803941252879,fe=15021
formalLocal:outer=1,slot=10,pass=11,op=O6_WA_SWAP,accepted=false,recoveryGain=true,qGain=-0.2322852210151497,fe=15022
formalLocal:outer=1,slot=10,pass=11,op=O7_MA_LOAD_TRANSFER,accepted=false,recoveryGain=true,qGain=-0.6808577612530012,fe=15023
formalLocal:outer=1,slot=10,pass=11,op=O8_MA_WEAK_TO_STRONG,accepted=false,recoveryGain=true,qGain=-0.3498984448502691,fe=15024
formalLocal:outer=1,slot=10,pass=11,op=O9_MA_SWAP,accepted=false,recoveryGain=true,qGain=-0.15641546953190186,fe=15025
formalLocal:outer=1,slot=10,pass=12,op=O1_JS_INSERT,accepted=false,recoveryGain=true,qGain=-0.5503180814551965,fe=15026
formalLocal:outer=1,slot=10,pass=12,op=O2_JS_REVERSE,accepted=false,recoveryGain=true,qGain=-1.0,fe=15027
formalLocal:outer=1,slot=10,pass=12,op=O3_JS_SWAP,accepted=false,recoveryGain=true,qGain=-0.315000670420001,fe=15028
formalLocal:outer=1,slot=10,pass=12,op=O4_WA_LOAD_TRANSFER,accepted=false,recoveryGain=true,qGain=-0.0873083687576033,fe=15029
formalLocal:outer=1,slot=10,pass=12,op=O5_WA_WEAK_TO_STRONG,accepted=false,recoveryGain=true,qGain=-0.6022803941252879,fe=15030
formalLocal:outer=1,slot=10,pass=12,op=O6_WA_SWAP,accepted=false,recoveryGain=true,qGain=-0.2322852210151497,fe=15031
formalLocal:outer=1,slot=10,pass=12,op=O7_MA_LOAD_TRANSFER,accepted=false,recoveryGain=true,qGain=-0.6808577612530012,fe=15032
formalLocal:outer=1,slot=10,pass=12,op=O8_MA_WEAK_TO_STRONG,accepted=false,recoveryGain=true,qGain=-0.3498984448502691,fe=15033
formalLocal:outer=1,slot=10,pass=12,op=O9_MA_SWAP,accepted=false,recoveryGain=true,qGain=-0.15641546953190186,fe=15034
formalLocal:outer=1,slot=10,pass=13,op=O1_JS_INSERT,accepted=false,recoveryGain=true,qGain=-0.9346971402235705,fe=15035
formalLocal:outer=1,slot=10,pass=13,op=O2_JS_REVERSE,accepted=false,recoveryGain=true,qGain=-0.9417320786309806,fe=15036
formalLocal:outer=1,slot=10,pass=13,op=O3_JS_SWAP,accepted=false,recoveryGain=true,qGain=-0.1733935317760538,fe=15037
formalLocal:outer=1,slot=10,pass=13,op=O4_WA_LOAD_TRANSFER,accepted=false,recoveryGain=true,qGain=-0.0873083687576033,fe=15038
formalLocal:outer=1,slot=10,pass=13,op=O5_WA_WEAK_TO_STRONG,accepted=false,recoveryGain=true,qGain=-0.6022803941252879,fe=15039
formalLocal:outer=1,slot=10,pass=13,op=O6_WA_SWAP,accepted=false,recoveryGain=true,qGain=-0.2322852210151497,fe=15040
formalLocal:outer=1,slot=10,pass=13,op=O7_MA_LOAD_TRANSFER,accepted=false,recoveryGain=true,qGain=-0.6808577612530012,fe=15041
formalLocal:outer=1,slot=10,pass=13,op=O8_MA_WEAK_TO_STRONG,accepted=false,recoveryGain=true,qGain=-0.3498984448502691,fe=15042
formalLocal:outer=1,slot=10,pass=13,op=O9_MA_SWAP,accepted=false,recoveryGain=true,qGain=-0.15641546953190186,fe=15043
formalLocal:outer=1,slot=10,pass=14,op=O1_JS_INSERT,accepted=false,recoveryGain=true,qGain=-0.037679013479543125,fe=15044
formalLocal:outer=1,slot=10,pass=14,op=O2_JS_REVERSE,accepted=false,recoveryGain=true,qGain=-0.3811228160753628,fe=15045
formalLocal:outer=1,slot=10,pass=14,op=O3_JS_SWAP,accepted=false,recoveryGain=true,qGain=-0.8683475078329015,fe=15046
formalLocal:outer=1,slot=10,pass=14,op=O4_WA_LOAD_TRANSFER,accepted=false,recoveryGain=true,qGain=-0.0873083687576033,fe=15047
formalLocal:outer=1,slot=10,pass=14,op=O5_WA_WEAK_TO_STRONG,accepted=false,recoveryGain=true,qGain=-0.6022803941252879,fe=15048
formalLocal:outer=1,slot=10,pass=14,op=O6_WA_SWAP,accepted=false,recoveryGain=true,qGain=-0.2322852210151497,fe=15049
formalLocal:outer=1,slot=10,pass=14,op=O7_MA_LOAD_TRANSFER,accepted=false,recoveryGain=true,qGain=-0.6808577612530012,fe=15050
formalLocal:outer=1,slot=10,pass=14,op=O8_MA_WEAK_TO_STRONG,accepted=false,recoveryGain=true,qGain=-0.3498984448502691,fe=15051
formalLocal:outer=1,slot=10,pass=14,op=O9_MA_SWAP,accepted=false,recoveryGain=true,qGain=-0.15641546953190186,fe=15052
formalLocal:outer=1,slot=10,pass=15,op=O1_JS_INSERT,accepted=false,recoveryGain=true,qGain=-0.5368204123809175,fe=15053
formalLocal:outer=1,slot=10,pass=15,op=O2_JS_REVERSE,accepted=false,recoveryGain=true,qGain=-0.08689756844089852,fe=15054
formalLocal:outer=1,slot=10,pass=15,op=O3_JS_SWAP,accepted=false,recoveryGain=true,qGain=0.0,fe=15055
formalLocal:outer=1,slot=10,pass=15,op=O4_WA_LOAD_TRANSFER,accepted=false,recoveryGain=true,qGain=-0.0873083687576033,fe=15056
formalLocal:outer=1,slot=10,pass=15,op=O5_WA_WEAK_TO_STRONG,accepted=false,recoveryGain=true,qGain=-0.6022803941252879,fe=15057
formalLocal:outer=1,slot=10,pass=15,op=O6_WA_SWAP,accepted=false,recoveryGain=true,qGain=-0.2322852210151497,fe=15058
formalLocal:outer=1,slot=10,pass=15,op=O7_MA_LOAD_TRANSFER,accepted=false,recoveryGain=true,qGain=-0.6808577612530012,fe=15059
formalLocal:outer=1,slot=10,pass=15,op=O8_MA_WEAK_TO_STRONG,accepted=false,recoveryGain=true,qGain=-0.3498984448502691,fe=15060
formalLocal:outer=1,slot=10,pass=15,op=O9_MA_SWAP,accepted=false,recoveryGain=true,qGain=-0.15641546953190186,fe=15061
formalLocal:outer=1,slot=10,pass=16,op=O1_JS_INSERT,accepted=true,recoveryGain=true,qGain=0.05561137070024774,fe=15062
formalLocal:outer=1,slot=10,pass=16,op=O2_JS_REVERSE,accepted=false,recoveryGain=true,qGain=-1.0,fe=15063
formalLocal:outer=1,slot=10,pass=16,op=O3_JS_SWAP,accepted=false,recoveryGain=true,qGain=0.0,fe=15064
formalLocal:outer=1,slot=10,pass=16,op=O4_WA_LOAD_TRANSFER,accepted=false,recoveryGain=true,qGain=-0.2267408519556486,fe=15065
formalLocal:outer=1,slot=10,pass=16,op=O5_WA_WEAK_TO_STRONG,accepted=false,recoveryGain=true,qGain=-0.2465652232238798,fe=15066
formalLocal:outer=1,slot=10,pass=16,op=O6_WA_SWAP,accepted=false,recoveryGain=true,qGain=-0.0808784939994622,fe=15067
formalLocal:outer=1,slot=10,pass=16,op=O7_MA_LOAD_TRANSFER,accepted=false,recoveryGain=true,qGain=-0.7258306162669781,fe=15068
formalLocal:outer=1,slot=10,pass=16,op=O8_MA_WEAK_TO_STRONG,accepted=false,recoveryGain=true,qGain=-0.4928164587000436,fe=15069
formalLocal:outer=1,slot=10,pass=16,op=O9_MA_SWAP,accepted=false,recoveryGain=true,qGain=-0.39093125631364967,fe=15070
formalLocal:outer=1,slot=10,pass=17,op=O1_JS_INSERT,accepted=false,recoveryGain=true,qGain=-0.49878111414409926,fe=15071
formalLocal:outer=1,slot=10,pass=17,op=O2_JS_REVERSE,accepted=false,recoveryGain=true,qGain=-0.8958091389282659,fe=15072
formalLocal:outer=1,slot=10,pass=17,op=O3_JS_SWAP,accepted=false,recoveryGain=true,qGain=-0.4569560484743026,fe=15073
formalLocal:outer=1,slot=10,pass=17,op=O4_WA_LOAD_TRANSFER,accepted=false,recoveryGain=true,qGain=-0.2267408519556486,fe=15074
formalLocal:outer=1,slot=10,pass=17,op=O5_WA_WEAK_TO_STRONG,accepted=false,recoveryGain=true,qGain=-0.2465652232238798,fe=15075
formalLocal:outer=1,slot=10,pass=17,op=O6_WA_SWAP,accepted=false,recoveryGain=true,qGain=-0.0808784939994622,fe=15076
formalLocal:outer=1,slot=10,pass=17,op=O7_MA_LOAD_TRANSFER,accepted=false,recoveryGain=true,qGain=-0.7258306162669781,fe=15077
formalLocal:outer=1,slot=10,pass=17,op=O8_MA_WEAK_TO_STRONG,accepted=false,recoveryGain=true,qGain=-0.4928164587000436,fe=15078
formalLocal:outer=1,slot=10,pass=17,op=O9_MA_SWAP,accepted=false,recoveryGain=true,qGain=-0.39093125631364967,fe=15079
formalLocal:outer=1,slot=10,pass=18,op=O1_JS_INSERT,accepted=false,recoveryGain=true,qGain=-1.0,fe=15080
formalLocal:outer=1,slot=10,pass=18,op=O2_JS_REVERSE,accepted=false,recoveryGain=true,qGain=0.0,fe=15081
formalLocal:outer=1,slot=10,pass=18,op=O3_JS_SWAP,accepted=false,recoveryGain=true,qGain=-0.37622057683953913,fe=15082
formalLocal:outer=1,slot=10,pass=18,op=O4_WA_LOAD_TRANSFER,accepted=false,recoveryGain=true,qGain=-0.2267408519556486,fe=15083
formalLocal:outer=1,slot=10,pass=18,op=O5_WA_WEAK_TO_STRONG,accepted=false,recoveryGain=true,qGain=-0.2465652232238798,fe=15084
formalLocal:outer=1,slot=10,pass=18,op=O6_WA_SWAP,accepted=false,recoveryGain=true,qGain=-0.0808784939994622,fe=15085
formalLocal:outer=1,slot=10,pass=18,op=O7_MA_LOAD_TRANSFER,accepted=false,recoveryGain=true,qGain=-0.7258306162669781,fe=15086
formalLocal:outer=1,slot=10,pass=18,op=O8_MA_WEAK_TO_STRONG,accepted=false,recoveryGain=true,qGain=-0.4928164587000436,fe=15087
formalLocal:outer=1,slot=10,pass=18,op=O9_MA_SWAP,accepted=false,recoveryGain=true,qGain=-0.39093125631364967,fe=15088
formalLocal:outer=1,slot=10,pass=19,op=O1_JS_INSERT,accepted=false,recoveryGain=true,qGain=-0.5628402918451264,fe=15089
formalLocal:outer=1,slot=10,pass=19,op=O2_JS_REVERSE,accepted=false,recoveryGain=true,qGain=-0.16186017849717674,fe=15090
formalLocal:outer=1,slot=10,pass=19,op=O3_JS_SWAP,accepted=false,recoveryGain=true,qGain=-0.009542641279894045,fe=15091
formalLocal:outer=1,slot=10,pass=19,op=O4_WA_LOAD_TRANSFER,accepted=false,recoveryGain=true,qGain=-0.2267408519556486,fe=15092
formalLocal:outer=1,slot=10,pass=19,op=O5_WA_WEAK_TO_STRONG,accepted=false,recoveryGain=true,qGain=-0.2465652232238798,fe=15093
formalLocal:outer=1,slot=10,pass=19,op=O6_WA_SWAP,accepted=false,recoveryGain=true,qGain=-0.0808784939994622,fe=15094
formalLocal:outer=1,slot=10,pass=19,op=O7_MA_LOAD_TRANSFER,accepted=false,recoveryGain=true,qGain=-0.7258306162669781,fe=15095
formalLocal:outer=1,slot=10,pass=19,op=O8_MA_WEAK_TO_STRONG,accepted=false,recoveryGain=true,qGain=-0.4928164587000436,fe=15096
formalLocal:outer=1,slot=10,pass=19,op=O9_MA_SWAP,accepted=false,recoveryGain=true,qGain=-0.39093125631364967,fe=15097
formalLocal:outer=1,slot=10,pass=20,op=O1_JS_INSERT,accepted=false,recoveryGain=true,qGain=-0.23498143148754652,fe=15098
formalLocal:outer=1,slot=10,pass=20,op=O2_JS_REVERSE,accepted=false,recoveryGain=true,qGain=-1.0,fe=15099
formalLocal:outer=1,slot=10,pass=20,op=O3_JS_SWAP,accepted=false,recoveryGain=true,qGain=-0.8955794721263226,fe=15100
formalLocal:outer=1,slot=10,pass=20,op=O4_WA_LOAD_TRANSFER,accepted=false,recoveryGain=true,qGain=-0.2267408519556486,fe=15101
formalLocal:outer=1,slot=10,pass=20,op=O5_WA_WEAK_TO_STRONG,accepted=false,recoveryGain=true,qGain=-0.2465652232238798,fe=15102
formalLocal:outer=1,slot=10,pass=20,op=O6_WA_SWAP,accepted=false,recoveryGain=true,qGain=-0.0808784939994622,fe=15103
formalLocal:outer=1,slot=10,pass=20,op=O7_MA_LOAD_TRANSFER,accepted=false,recoveryGain=true,qGain=-0.7258306162669781,fe=15104
formalLocal:outer=1,slot=10,pass=20,op=O8_MA_WEAK_TO_STRONG,accepted=false,recoveryGain=true,qGain=-0.4928164587000436,fe=15105
formalLocal:outer=1,slot=10,pass=20,op=O9_MA_SWAP,accepted=false,recoveryGain=true,qGain=-0.39093125631364967,fe=15106
formalLocal:outer=1,slot=10,pass=21,op=O1_JS_INSERT,accepted=false,recoveryGain=true,qGain=-0.19306177231691127,fe=15107
formalLocal:outer=1,slot=10,pass=21,op=O2_JS_REVERSE,accepted=false,recoveryGain=true,qGain=-1.0,fe=15108
formalLocal:outer=1,slot=10,pass=21,op=O3_JS_SWAP,accepted=false,recoveryGain=true,qGain=-0.4248465428810425,fe=15109
formalLocal:outer=1,slot=10,pass=21,op=O4_WA_LOAD_TRANSFER,accepted=false,recoveryGain=true,qGain=-0.2267408519556486,fe=15110
formalLocal:outer=1,slot=10,pass=21,op=O5_WA_WEAK_TO_STRONG,accepted=false,recoveryGain=true,qGain=-0.2465652232238798,fe=15111
formalLocal:outer=1,slot=10,pass=21,op=O6_WA_SWAP,accepted=false,recoveryGain=true,qGain=-0.0808784939994622,fe=15112
formalLocal:outer=1,slot=10,pass=21,op=O7_MA_LOAD_TRANSFER,accepted=false,recoveryGain=true,qGain=-0.7258306162669781,fe=15113
formalLocal:outer=1,slot=10,pass=21,op=O8_MA_WEAK_TO_STRONG,accepted=false,recoveryGain=true,qGain=-0.4928164587000436,fe=15114
formalLocal:outer=1,slot=10,pass=21,op=O9_MA_SWAP,accepted=false,recoveryGain=true,qGain=-0.39093125631364967,fe=15115
formalLocal:outer=1,slot=10,pass=22,op=O1_JS_INSERT,accepted=false,recoveryGain=true,qGain=-0.07659436419988344,fe=15116
formalLocal:outer=1,slot=10,pass=22,op=O2_JS_REVERSE,accepted=false,recoveryGain=true,qGain=-0.9104649368171274,fe=15117
formalLocal:outer=1,slot=10,pass=22,op=O3_JS_SWAP,accepted=true,recoveryGain=true,qGain=0.021539865836162103,fe=15118
formalLocal:outer=1,slot=10,pass=22,op=O4_WA_LOAD_TRANSFER,accepted=false,recoveryGain=true,qGain=-0.4371022892848124,fe=15119
formalLocal:outer=1,slot=10,pass=22,op=O5_WA_WEAK_TO_STRONG,accepted=false,recoveryGain=true,qGain=-0.15530807834581536,fe=15120
formalLocal:outer=1,slot=10,pass=22,op=O6_WA_SWAP,accepted=false,recoveryGain=true,qGain=-0.33510735041287243,fe=15121
formalLocal:outer=1,slot=10,pass=22,op=O7_MA_LOAD_TRANSFER,accepted=false,recoveryGain=true,qGain=-0.8477375941103621,fe=15122
formalLocal:outer=1,slot=10,pass=22,op=O8_MA_WEAK_TO_STRONG,accepted=false,recoveryGain=true,qGain=-0.6773000012761263,fe=15123
formalLocal:outer=1,slot=10,pass=22,op=O9_MA_SWAP,accepted=false,recoveryGain=true,qGain=-0.5168256063828404,fe=15124
formalLocal:outer=1,slot=10,pass=23,op=O1_JS_INSERT,accepted=false,recoveryGain=true,qGain=-0.1853099585803607,fe=15125
formalLocal:outer=1,slot=10,pass=23,op=O2_JS_REVERSE,accepted=false,recoveryGain=true,qGain=-0.29154067001984685,fe=15126
formalLocal:outer=1,slot=10,pass=23,op=O3_JS_SWAP,accepted=true,recoveryGain=true,qGain=0.031002781230012304,fe=15127
formalLocal:outer=1,slot=10,pass=23,op=O4_WA_LOAD_TRANSFER,accepted=false,recoveryGain=true,qGain=-0.3230107385324574,fe=15128
formalLocal:outer=1,slot=10,pass=23,op=O5_WA_WEAK_TO_STRONG,accepted=false,recoveryGain=true,qGain=-0.15337064593852168,fe=15129
formalLocal:outer=1,slot=10,pass=23,op=O6_WA_SWAP,accepted=false,recoveryGain=true,qGain=-0.21582878837488778,fe=15130
formalLocal:outer=1,slot=10,pass=23,op=O7_MA_LOAD_TRANSFER,accepted=false,recoveryGain=true,qGain=-0.7796090980979605,fe=15131
formalLocal:outer=1,slot=10,pass=23,op=O8_MA_WEAK_TO_STRONG,accepted=false,recoveryGain=true,qGain=-0.5958659174603926,fe=15132
formalLocal:outer=1,slot=10,pass=23,op=O9_MA_SWAP,accepted=false,recoveryGain=true,qGain=-0.4555748430206675,fe=15133
formalLocal:outer=1,slot=10,pass=24,op=O1_JS_INSERT,accepted=true,recoveryGain=true,qGain=0.08516690713219806,fe=15134
formalLocal:outer=1,slot=10,pass=24,op=O2_JS_REVERSE,accepted=false,recoveryGain=true,qGain=-0.02667626817122893,fe=15135
formalLocal:outer=1,slot=10,pass=24,op=O3_JS_SWAP,accepted=false,recoveryGain=true,qGain=-0.32335507237313654,fe=15136
formalLocal:outer=1,slot=10,pass=24,op=O4_WA_LOAD_TRANSFER,accepted=false,recoveryGain=true,qGain=-0.41047826065048765,fe=15137
formalLocal:outer=1,slot=10,pass=24,op=O5_WA_WEAK_TO_STRONG,accepted=false,recoveryGain=true,qGain=-0.26052183059079825,fe=15138
formalLocal:outer=1,slot=10,pass=24,op=O6_WA_SWAP,accepted=false,recoveryGain=true,qGain=-0.252884207197363,fe=15139
formalLocal:outer=1,slot=10,pass=24,op=O7_MA_LOAD_TRANSFER,accepted=false,recoveryGain=true,qGain=-0.947359906361066,fe=15140
formalLocal:outer=1,slot=10,pass=24,op=O8_MA_WEAK_TO_STRONG,accepted=false,recoveryGain=true,qGain=-0.6588486545657932,fe=15141
formalLocal:outer=1,slot=10,pass=24,op=O9_MA_SWAP,accepted=false,recoveryGain=true,qGain=-0.2951134312590467,fe=15142
formalLocal:outer=1,slot=10,pass=25,op=O1_JS_INSERT,accepted=false,recoveryGain=true,qGain=-0.013008082490255302,fe=15143
formalLocal:outer=1,slot=10,pass=25,op=O2_JS_REVERSE,accepted=false,recoveryGain=true,qGain=-0.6827763601295455,fe=15144
formalLocal:outer=1,slot=10,pass=25,op=O3_JS_SWAP,accepted=false,recoveryGain=true,qGain=-0.21128955522079737,fe=15145
formalLocal:outer=1,slot=10,pass=25,op=O4_WA_LOAD_TRANSFER,accepted=false,recoveryGain=true,qGain=-0.41047826065048765,fe=15146
formalLocal:outer=1,slot=10,pass=25,op=O5_WA_WEAK_TO_STRONG,accepted=false,recoveryGain=true,qGain=-0.26052183059079825,fe=15147
formalLocal:outer=1,slot=10,pass=25,op=O6_WA_SWAP,accepted=false,recoveryGain=true,qGain=-0.252884207197363,fe=15148
formalLocal:outer=1,slot=10,pass=25,op=O7_MA_LOAD_TRANSFER,accepted=false,recoveryGain=true,qGain=-0.947359906361066,fe=15149
formalLocal:outer=1,slot=10,pass=25,op=O8_MA_WEAK_TO_STRONG,accepted=false,recoveryGain=true,qGain=-0.6588486545657932,fe=15150
formalLocal:outer=1,slot=10,pass=25,op=O9_MA_SWAP,accepted=false,recoveryGain=true,qGain=-0.2951134312590467,fe=15151
formalLocal:outer=1,slot=10,pass=26,op=O1_JS_INSERT,accepted=false,recoveryGain=true,qGain=-0.668615637777291,fe=15152
formalLocal:outer=1,slot=10,pass=26,op=O2_JS_REVERSE,accepted=false,recoveryGain=true,qGain=-0.5691109418754254,fe=15153
formalLocal:outer=1,slot=10,pass=26,op=O3_JS_SWAP,accepted=false,recoveryGain=true,qGain=-1.0,fe=15154
formalLocal:outer=1,slot=10,pass=26,op=O4_WA_LOAD_TRANSFER,accepted=false,recoveryGain=true,qGain=-0.41047826065048765,fe=15155
formalLocal:outer=1,slot=10,pass=26,op=O5_WA_WEAK_TO_STRONG,accepted=false,recoveryGain=true,qGain=-0.26052183059079825,fe=15156
formalLocal:outer=1,slot=10,pass=26,op=O6_WA_SWAP,accepted=false,recoveryGain=true,qGain=-0.252884207197363,fe=15157
formalLocal:outer=1,slot=10,pass=26,op=O7_MA_LOAD_TRANSFER,accepted=false,recoveryGain=true,qGain=-0.947359906361066,fe=15158
formalLocal:outer=1,slot=10,pass=26,op=O8_MA_WEAK_TO_STRONG,accepted=false,recoveryGain=true,qGain=-0.6588486545657932,fe=15159
formalLocal:outer=1,slot=10,pass=26,op=O9_MA_SWAP,accepted=false,recoveryGain=true,qGain=-0.2951134312590467,fe=15160
formalLocal:outer=1,slot=10,pass=27,op=O1_JS_INSERT,accepted=false,recoveryGain=true,qGain=-0.06719079236440613,fe=15161
formalLocal:outer=1,slot=10,pass=27,op=O2_JS_REVERSE,accepted=false,recoveryGain=true,qGain=-1.0,fe=15162
formalLocal:outer=1,slot=10,pass=27,op=O3_JS_SWAP,accepted=false,recoveryGain=true,qGain=-1.0,fe=15163
formalLocal:outer=1,slot=10,pass=27,op=O4_WA_LOAD_TRANSFER,accepted=false,recoveryGain=true,qGain=-0.41047826065048765,fe=15164
formalLocal:outer=1,slot=10,pass=27,op=O5_WA_WEAK_TO_STRONG,accepted=false,recoveryGain=true,qGain=-0.26052183059079825,fe=15165
formalLocal:outer=1,slot=10,pass=27,op=O6_WA_SWAP,accepted=false,recoveryGain=true,qGain=-0.252884207197363,fe=15166
formalLocal:outer=1,slot=10,pass=27,op=O7_MA_LOAD_TRANSFER,accepted=false,recoveryGain=true,qGain=-0.947359906361066,fe=15167
formalLocal:outer=1,slot=10,pass=27,op=O8_MA_WEAK_TO_STRONG,accepted=false,recoveryGain=true,qGain=-0.6588486545657932,fe=15168
formalLocal:outer=1,slot=10,pass=27,op=O9_MA_SWAP,accepted=false,recoveryGain=true,qGain=-0.2951134312590467,fe=15169
formalLocal:outer=1,slot=10,pass=28,op=O1_JS_INSERT,accepted=false,recoveryGain=true,qGain=-0.32367596262302983,fe=15170
formalLocal:outer=1,slot=10,pass=28,op=O2_JS_REVERSE,accepted=false,recoveryGain=true,qGain=-0.7198422676045576,fe=15171
formalLocal:outer=1,slot=10,pass=28,op=O3_JS_SWAP,accepted=false,recoveryGain=true,qGain=-1.0,fe=15172
formalLocal:outer=1,slot=10,pass=28,op=O4_WA_LOAD_TRANSFER,accepted=false,recoveryGain=true,qGain=-0.41047826065048765,fe=15173
formalLocal:outer=1,slot=10,pass=28,op=O5_WA_WEAK_TO_STRONG,accepted=false,recoveryGain=true,qGain=-0.26052183059079825,fe=15174
formalLocal:outer=1,slot=10,pass=28,op=O6_WA_SWAP,accepted=false,recoveryGain=true,qGain=-0.252884207197363,fe=15175
formalLocal:outer=1,slot=10,pass=28,op=O7_MA_LOAD_TRANSFER,accepted=false,recoveryGain=true,qGain=-0.947359906361066,fe=15176
formalLocal:outer=1,slot=10,pass=28,op=O8_MA_WEAK_TO_STRONG,accepted=false,recoveryGain=true,qGain=-0.6588486545657932,fe=15177
formalLocal:outer=1,slot=10,pass=28,op=O9_MA_SWAP,accepted=false,recoveryGain=true,qGain=-0.2951134312590467,fe=15178
formalLocal:outer=1,slot=10,pass=29,op=O1_JS_INSERT,accepted=false,recoveryGain=true,qGain=-0.32621887732793575,fe=15179
formalLocal:outer=1,slot=10,pass=29,op=O2_JS_REVERSE,accepted=false,recoveryGain=true,qGain=-3.4069309374571948E-6,fe=15180
formalLocal:outer=1,slot=10,pass=29,op=O3_JS_SWAP,accepted=false,recoveryGain=true,qGain=-0.10741242625816781,fe=15181
formalLocal:outer=1,slot=10,pass=29,op=O4_WA_LOAD_TRANSFER,accepted=false,recoveryGain=true,qGain=-0.41047826065048765,fe=15182
formalLocal:outer=1,slot=10,pass=29,op=O5_WA_WEAK_TO_STRONG,accepted=false,recoveryGain=true,qGain=-0.26052183059079825,fe=15183
formalLocal:outer=1,slot=10,pass=29,op=O6_WA_SWAP,accepted=false,recoveryGain=true,qGain=-0.252884207197363,fe=15184
formalLocal:outer=1,slot=10,pass=29,op=O7_MA_LOAD_TRANSFER,accepted=false,recoveryGain=true,qGain=-0.947359906361066,fe=15185
formalLocal:outer=1,slot=10,pass=29,op=O8_MA_WEAK_TO_STRONG,accepted=false,recoveryGain=true,qGain=-0.6588486545657932,fe=15186
formalLocal:outer=1,slot=10,pass=29,op=O9_MA_SWAP,accepted=false,recoveryGain=true,qGain=-0.2951134312590467,fe=15187
formalLocal:outer=1,slot=11,op=CRITICAL_FACTORY_SWAP,accepted=false,fe=15188
formalLocal:outer=1,slot=11,op=CRITICAL_FACTORY_INSERT,accepted=true,fe=15189
formalLocal:outer=1,slot=11,pass=0,op=O1_JS_INSERT,accepted=false,recoveryGain=true,qGain=-0.4934080241910491,fe=15190
formalLocal:outer=1,slot=11,pass=0,op=O2_JS_REVERSE,accepted=false,recoveryGain=true,qGain=-0.4727642318269215,fe=15191
formalLocal:outer=1,slot=11,pass=0,op=O3_JS_SWAP,accepted=false,recoveryGain=true,qGain=-0.22037608919565066,fe=15192
formalLocal:outer=1,slot=11,pass=0,op=O4_WA_LOAD_TRANSFER,accepted=false,recoveryGain=true,qGain=-0.2809112244718553,fe=15193
formalLocal:outer=1,slot=11,pass=0,op=O5_WA_WEAK_TO_STRONG,accepted=false,recoveryGain=true,qGain=-0.506122209359337,fe=15194
formalLocal:outer=1,slot=11,pass=0,op=O6_WA_SWAP,accepted=false,recoveryGain=true,qGain=-0.28309877652398496,fe=15195
formalLocal:outer=1,slot=11,pass=0,op=O7_MA_LOAD_TRANSFER,accepted=false,recoveryGain=true,qGain=-0.087613721800356,fe=15196
formalLocal:outer=1,slot=11,pass=0,op=O8_MA_WEAK_TO_STRONG,accepted=false,recoveryGain=true,qGain=-0.9821315193675354,fe=15197
formalLocal:outer=1,slot=11,pass=0,op=O9_MA_SWAP,accepted=false,recoveryGain=true,qGain=-0.07001277585057109,fe=15198
formalLocal:outer=1,slot=11,pass=1,op=O1_JS_INSERT,accepted=false,recoveryGain=true,qGain=-0.1891085792470515,fe=15199
formalLocal:outer=1,slot=11,pass=1,op=O2_JS_REVERSE,accepted=false,recoveryGain=true,qGain=-1.0,fe=15200
formalLocal:outer=1,slot=11,pass=1,op=O3_JS_SWAP,accepted=false,recoveryGain=true,qGain=-1.0,fe=15201
formalLocal:outer=1,slot=11,pass=1,op=O4_WA_LOAD_TRANSFER,accepted=false,recoveryGain=true,qGain=-0.2809112244718553,fe=15202
formalLocal:outer=1,slot=11,pass=1,op=O5_WA_WEAK_TO_STRONG,accepted=false,recoveryGain=true,qGain=-0.506122209359337,fe=15203
formalLocal:outer=1,slot=11,pass=1,op=O6_WA_SWAP,accepted=false,recoveryGain=true,qGain=-0.28309877652398496,fe=15204
formalLocal:outer=1,slot=11,pass=1,op=O7_MA_LOAD_TRANSFER,accepted=false,recoveryGain=true,qGain=-0.087613721800356,fe=15205
formalLocal:outer=1,slot=11,pass=1,op=O8_MA_WEAK_TO_STRONG,accepted=false,recoveryGain=true,qGain=-0.9821315193675354,fe=15206
formalLocal:outer=1,slot=11,pass=1,op=O9_MA_SWAP,accepted=false,recoveryGain=true,qGain=-0.07001277585057109,fe=15207
formalLocal:outer=1,slot=11,pass=2,op=O1_JS_INSERT,accepted=false,recoveryGain=true,qGain=-0.1933967683941056,fe=15208
formalLocal:outer=1,slot=11,pass=2,op=O2_JS_REVERSE,accepted=true,recoveryGain=true,qGain=0.2636744849226243,fe=15209
formalLocal:outer=1,slot=11,pass=2,op=O3_JS_SWAP,accepted=false,recoveryGain=true,qGain=-0.49927506661297133,fe=15210
formalLocal:outer=1,slot=11,pass=2,op=O4_WA_LOAD_TRANSFER,accepted=true,recoveryGain=true,qGain=0.006523774324387027,fe=15211
formalLocal:outer=1,slot=11,pass=2,op=O5_WA_WEAK_TO_STRONG,accepted=false,recoveryGain=true,qGain=-0.006566613428469854,fe=15212
formalLocal:outer=1,slot=11,pass=2,op=O6_WA_SWAP,accepted=true,recoveryGain=true,qGain=0.10540894257097093,fe=15213
formalLocal:outer=1,slot=11,pass=2,op=O7_MA_LOAD_TRANSFER,accepted=false,recoveryGain=true,qGain=-0.3834166943729496,fe=15214
formalLocal:outer=1,slot=11,pass=2,op=O8_MA_WEAK_TO_STRONG,accepted=false,recoveryGain=true,qGain=-1.0,fe=15215
formalLocal:outer=1,slot=11,pass=2,op=O9_MA_SWAP,accepted=true,recoveryGain=true,qGain=0.17733483597875568,fe=15216
formalLocal:outer=1,slot=11,pass=3,op=O1_JS_INSERT,accepted=false,recoveryGain=true,qGain=-0.5265061098140061,fe=15217
formalLocal:outer=1,slot=11,pass=3,op=O2_JS_REVERSE,accepted=false,recoveryGain=true,qGain=-0.719318612658499,fe=15218
formalLocal:outer=1,slot=11,pass=3,op=O3_JS_SWAP,accepted=false,recoveryGain=true,qGain=-1.0,fe=15219
formalLocal:outer=1,slot=11,pass=3,op=O4_WA_LOAD_TRANSFER,accepted=false,recoveryGain=true,qGain=-1.0,fe=15220
formalLocal:outer=1,slot=11,pass=3,op=O5_WA_WEAK_TO_STRONG,accepted=false,recoveryGain=true,qGain=-1.0,fe=15221
formalLocal:outer=1,slot=11,pass=3,op=O6_WA_SWAP,accepted=false,recoveryGain=true,qGain=-2.4919338276757568E-5,fe=15222
formalLocal:outer=1,slot=11,pass=3,op=O7_MA_LOAD_TRANSFER,accepted=false,recoveryGain=true,qGain=-0.6816279026702832,fe=15223
formalLocal:outer=1,slot=11,pass=3,op=O8_MA_WEAK_TO_STRONG,accepted=false,recoveryGain=true,qGain=-1.0,fe=15224
formalLocal:outer=1,slot=11,pass=3,op=O9_MA_SWAP,accepted=false,recoveryGain=true,qGain=-0.21556137750130408,fe=15225
formalLocal:outer=1,slot=11,pass=4,op=O1_JS_INSERT,accepted=false,recoveryGain=true,qGain=-0.4324045430506336,fe=15226
formalLocal:outer=1,slot=11,pass=4,op=O2_JS_REVERSE,accepted=false,recoveryGain=true,qGain=-0.46327092195726355,fe=15227
formalLocal:outer=1,slot=11,pass=4,op=O3_JS_SWAP,accepted=false,recoveryGain=true,qGain=-0.637336697585403,fe=15228
formalLocal:outer=1,slot=11,pass=4,op=O4_WA_LOAD_TRANSFER,accepted=false,recoveryGain=true,qGain=-1.0,fe=15229
formalLocal:outer=1,slot=11,pass=4,op=O5_WA_WEAK_TO_STRONG,accepted=false,recoveryGain=true,qGain=-1.0,fe=15230
formalLocal:outer=1,slot=11,pass=4,op=O6_WA_SWAP,accepted=false,recoveryGain=true,qGain=-2.4919338276757568E-5,fe=15231
formalLocal:outer=1,slot=11,pass=4,op=O7_MA_LOAD_TRANSFER,accepted=false,recoveryGain=true,qGain=-0.6816279026702832,fe=15232
formalLocal:outer=1,slot=11,pass=4,op=O8_MA_WEAK_TO_STRONG,accepted=false,recoveryGain=true,qGain=-1.0,fe=15233
formalLocal:outer=1,slot=11,pass=4,op=O9_MA_SWAP,accepted=false,recoveryGain=true,qGain=-0.21556137750130408,fe=15234
formalLocal:outer=1,slot=11,pass=5,op=O1_JS_INSERT,accepted=false,recoveryGain=true,qGain=-0.616025586627196,fe=15235
formalLocal:outer=1,slot=11,pass=5,op=O2_JS_REVERSE,accepted=false,recoveryGain=true,qGain=-0.7219066226243401,fe=15236
formalLocal:outer=1,slot=11,pass=5,op=O3_JS_SWAP,accepted=false,recoveryGain=true,qGain=-0.5228286980987844,fe=15237
formalLocal:outer=1,slot=11,pass=5,op=O4_WA_LOAD_TRANSFER,accepted=false,recoveryGain=true,qGain=-1.0,fe=15238
formalLocal:outer=1,slot=11,pass=5,op=O5_WA_WEAK_TO_STRONG,accepted=false,recoveryGain=true,qGain=-1.0,fe=15239
formalLocal:outer=1,slot=11,pass=5,op=O6_WA_SWAP,accepted=false,recoveryGain=true,qGain=-2.4919338276757568E-5,fe=15240
formalLocal:outer=1,slot=11,pass=5,op=O7_MA_LOAD_TRANSFER,accepted=false,recoveryGain=true,qGain=-0.6816279026702832,fe=15241
formalLocal:outer=1,slot=11,pass=5,op=O8_MA_WEAK_TO_STRONG,accepted=false,recoveryGain=true,qGain=-1.0,fe=15242
formalLocal:outer=1,slot=11,pass=5,op=O9_MA_SWAP,accepted=false,recoveryGain=true,qGain=-0.21556137750130408,fe=15243
formalLocal:outer=1,slot=11,pass=6,op=O1_JS_INSERT,accepted=false,recoveryGain=true,qGain=-0.08830972949095137,fe=15244
formalLocal:outer=1,slot=11,pass=6,op=O2_JS_REVERSE,accepted=false,recoveryGain=true,qGain=-0.6837943894677376,fe=15245
formalLocal:outer=1,slot=11,pass=6,op=O3_JS_SWAP,accepted=false,recoveryGain=true,qGain=-0.6270650662454077,fe=15246
formalLocal:outer=1,slot=11,pass=6,op=O4_WA_LOAD_TRANSFER,accepted=false,recoveryGain=true,qGain=-1.0,fe=15247
formalLocal:outer=1,slot=11,pass=6,op=O5_WA_WEAK_TO_STRONG,accepted=false,recoveryGain=true,qGain=-1.0,fe=15248
formalLocal:outer=1,slot=11,pass=6,op=O6_WA_SWAP,accepted=false,recoveryGain=true,qGain=-2.4919338276757568E-5,fe=15249
formalLocal:outer=1,slot=11,pass=6,op=O7_MA_LOAD_TRANSFER,accepted=false,recoveryGain=true,qGain=-0.6816279026702832,fe=15250
formalLocal:outer=1,slot=11,pass=6,op=O8_MA_WEAK_TO_STRONG,accepted=false,recoveryGain=true,qGain=-1.0,fe=15251
formalLocal:outer=1,slot=11,pass=6,op=O9_MA_SWAP,accepted=false,recoveryGain=true,qGain=-0.21556137750130408,fe=15252
formalLocal:outer=1,slot=11,pass=7,op=O1_JS_INSERT,accepted=false,recoveryGain=true,qGain=-0.4324045430506336,fe=15253
formalLocal:outer=1,slot=11,pass=7,op=O2_JS_REVERSE,accepted=false,recoveryGain=true,qGain=-0.15068051637007326,fe=15254
formalLocal:outer=1,slot=11,pass=7,op=O3_JS_SWAP,accepted=false,recoveryGain=true,qGain=-0.8337762945836349,fe=15255
formalLocal:outer=1,slot=11,pass=7,op=O4_WA_LOAD_TRANSFER,accepted=false,recoveryGain=true,qGain=-1.0,fe=15256
formalLocal:outer=1,slot=11,pass=7,op=O5_WA_WEAK_TO_STRONG,accepted=false,recoveryGain=true,qGain=-1.0,fe=15257
formalLocal:outer=1,slot=11,pass=7,op=O6_WA_SWAP,accepted=false,recoveryGain=true,qGain=-2.4919338276757568E-5,fe=15258