fe,bestCmaxGlobal,bestCmaxG1,currentBestCmaxG1,bestCmaxGenerated,bestCmaxGeneratedG1,bestCmaxSurvived,windowBestGenerated,windowBestSurvived,bestTECGlobal,bestTWCGlobal,bestTECGenerated,bestTWCGenerated
1000,228.950553910351,228.950553910351,256.449278504491,228.950553910351,244.971110135276,,228.950553910351,,9812.820387577132,14424.251287756671,9812.820387577132,14424.251287756671
2000,228.950553910351,228.950553910351,245.596915898094,228.950553910351,244.971110135276,,245.596915898094,,9345.507151159889,13560.512779519715,9345.507151159889,13560.512779519715
3000,226.881478221842,226.881478221842,263.886689164419,226.881478221842,227.114878304525,,226.881478221842,,9345.507151159889,13346.987590633410,9345.507151159889,13346.987590633410
4000,226.881478221842,226.881478221842,253.401681369060,226.881478221842,227.114878304525,,250.879582195584,,9163.525928846639,12919.141865803678,9163.525928846639,12919.141865803678
5000,226.384148441038,226.384148441038,237.026353643765,226.384148441038,227.114878304525,,226.384148441038,,9079.331790241431,12919.141865803678,9079.331790241431,12919.141865803678
6000,226.384148441038,226.384148441038,270.935110675183,213.616463574239,213.616463574239,,213.616463574239,,9079.331790241431,12919.141865803678,9079.331790241431,12919.141865803678
7000,226.384148441038,226.384148441038,270.935110675183,213.616463574239,213.616463574239,,241.214627620963,,9079.331790241431,12919.141865803678,9079.331790241431,12919.141865803678
8000,226.384148441038,226.384148441038,270.935110675183,213.616463574239,213.616463574239,,213.863758338956,,9079.331790241431,12919.141865803678,9079.331790241431,12919.141865803678
9000,226.384148441038,226.384148441038,270.935110675183,211.466300327243,211.466300327243,,211.466300327243,,9079.331790241431,12919.141865803678,9079.331790241431,12919.141865803678
10000,226.384148441038,226.384148441038,270.935110675183,211.466300327243,211.466300327243,,219.977816568913,,9079.331790241431,12919.141865803678,9079.331790241431,12919.141865803678
11000,226.384148441038,226.384148441038,270.935110675183,211.466300327243,211.466300327243,,219.977816568913,,9079.331790241431,12919.141865803678,9079.331790241431,12919.141865803678
12000,226.384148441038,226.384148441038,270.935110675183,211.466300327243,211.466300327243,,243.560957145603,,9079.331790241431,12919.141865803678,9079.331790241431,12919.141865803678
13000,226.384148441038,226.384148441038,270.935110675183,211.466300327243,211.466300327243,,245.815070519876,,9079.331790241431,12919.141865803678,9030.646040278565,12919.141865803678
14000,226.384148441038,226.384148441038,270.935110675183,211.466300327243,211.466300327243,,231.355812742674,,9079.331790241431,12919.141865803678,9030.646040278565,12919.141865803678
15000,226.384148441038,226.384148441038,270.935110675183,211.466300327243,211.466300327243,,218.480714942473,,9079.331790241431,12919.141865803678,9030.646040278565,12919.141865803678
16000,226.384148441038,226.384148441038,270.935110675183,211.466300327243,211.466300327243,,221.595401434095,,9079.331790241431,12919.141865803678,9030.646040278565,12919.141865803678
17000,226.384148441038,226.384148441038,270.935110675183,211.466300327243,211.466300327243,,239.621756393878,,9079.331790241431,12919.141865803678,9030.646040278565,12919.141865803678
18000,226.384148441038,226.384148441038,270.935110675183,211.466300327243,211.466300327243,,266.052316637256,,9079.331790241431,12919.141865803678,9030.646040278565,12919.141865803678
19000,226.384148441038,226.384148441038,270.935110675183,211.466300327243,211.466300327243,,250.228433394660,,9079.331790241431,12919.141865803678,9030.646040278565,12919.141865803678
20000,226.384148441038,226.384148441038,270.935110675183,211.466300327243,211.466300327243,,266.630109228106,,9079.331790241431,12919.141865803678,9030.646040278565,12919.141865803678
21000,226.384148441038,226.384148441038,270.935110675183,211.466300327243,211.466300327243,,260.205814517752,,9079.331790241431,12919.141865803678,9030.646040278565,12919.141865803678
22000,226.384148441038,226.384148441038,270.935110675183,211.466300327243,211.466300327243,,237.732308532855,,9079.331790241431,12919.141865803678,8936.578847944318,12919.141865803678
23000,226.384148441038,226.384148441038,270.935110675183,211.466300327243,211.466300327243,,239.719913855039,,9079.331790241431,12919.141865803678,8927.828361854160,12919.141865803678
24000,226.384148441038,226.384148441038,270.935110675183,211.466300327243,211.466300327243,,272.667810745763,,9079.331790241431,12919.141865803678,8927.828361854160,12919.141865803678
25000,226.384148441038,226.384148441038,270.935110675183,211.466300327243,211.466300327243,,273.136955467926,,9079.331790241431,12919.141865803678,8927.828361854160,12919.141865803678
26000,226.384148441038,226.384148441038,270.935110675183,211.466300327243,211.466300327243,,288.881098831226,,9079.331790241431,12919.141865803678,8927.828361854160,12919.141865803678
27000,226.384148441038,226.384148441038,270.935110675183,211.466300327243,211.466300327243,,287.604863431464,,9079.331790241431,12919.141865803678,8927.828361854160,12919.141865803678
28000,226.384148441038,226.384148441038,270.935110675183,211.466300327243,211.466300327243,,289.154588499410,,9079.331790241431,12919.141865803678,8927.828361854160,12919.141865803678
29000,211.466300327243,211.466300327243,242.756935318266,211.466300327243,211.466300327243,211.466300327243,227.413895589406,211.466300327243,8882.703506504235,12919.141865803678,8882.703506504235,12919.141865803678
30000,209.926644275933,209.926644275933,211.466300327243,209.926644275933,209.926644275933,211.466300327243,209.926644275933,,8749.822123402362,12919.141865803678,8749.822123402362,12919.141865803678
31000,209.926644275933,209.926644275933,211.466300327243,209.926644275933,209.926644275933,211.466300327243,209.926644275933,,8749.822123402362,12884.636561895177,8748.445806818780,12884.636561895177
32000,203.138303000280,203.138303000280,203.138303000280,203.138303000280,203.138303000280,211.466300327243,203.138303000280,,8724.796318424791,12884.636561895177,8724.796318424791,12884.636561895177
33000,203.138303000280,203.138303000280,211.466300327243,203.138303000280,203.138303000280,211.466300327243,204.024183510609,,8691.269663639372,12884.636561895177,8691.269663639372,12884.636561895177
34000,195.629455098074,195.629455098074,204.485311158569,195.629455098074,195.629455098074,211.466300327243,195.629455098074,,8667.386970882260,12884.636561895177,8667.386970882260,12884.636561895177
35000,195.629455098074,195.629455098074,204.485311158569,195.629455098074,195.629455098074,211.466300327243,207.030266124470,,8667.386970882260,12884.636561895177,8667.386970882260,12884.636561895177
36000,195.629455098074,195.629455098074,204.485311158569,195.629455098074,195.629455098074,211.466300327243,206.813378359879,,8667.386970882260,12884.636561895177,8667.386970882260,12884.636561895177
37000,195.629455098074,195.629455098074,204.485311158569,195.629455098074,195.629455098074,211.466300327243,206.813378359879,,8667.386970882260,12884.636561895177,8667.386970882260,12884.636561895177
38000,195.629455098074,195.629455098074,204.485311158569,195.331541926554,195.331541926554,211.466300327243,195.331541926554,,8667.386970882260,12884.636561895177,8667.386970882260,12884.636561895177
39000,195.629455098074,195.629455098074,204.485311158569,195.331541926554,195.331541926554,211.466300327243,209.101915337792,,8667.386970882260,12884.636561895177,8667.386970882260,12884.636561895177
40000,195.629455098074,195.629455098074,204.485311158569,195.331541926554,195.331541926554,211.466300327243,256.015036397450,,8667.386970882260,12884.636561895177,8667.386970882260,12884.636561895177
41000,195.629455098074,195.629455098074,204.485311158569,195.331541926554,195.331541926554,211.466300327243,225.176640776200,,8667.386970882260,12884.636561895177,8667.386970882260,12884.636561895177
42000,195.629455098074,195.629455098074,204.485311158569,195.331541926554,195.331541926554,211.466300327243,246.190931716793,,8667.386970882260,12884.636561895177,8667.386970882260,12884.636561895177
43000,195.629455098074,195.629455098074,204.485311158569,195.331541926554,195.331541926554,211.466300327243,231.800794735673,,8667.386970882260,12884.636561895177,8667.386970882260,12884.636561895177
44000,195.629455098074,195.629455098074,204.485311158569,195.331541926554,195.331541926554,211.466300327243,237.676529884527,,8667.386970882260,12884.636561895177,8667.386970882260,12884.636561895177
45000,195.629455098074,195.629455098074,204.485311158569,195.331541926554,195.331541926554,211.466300327243,249.364453297578,,8667.386970882260,12884.636561895177,8667.386970882260,12884.636561895177
46000,195.629455098074,195.629455098074,204.485311158569,195.331541926554,195.331541926554,211.466300327243,251.857609663185,,8667.386970882260,12884.636561895177,8667.386970882260,12884.636561895177
47000,195.629455098074,195.629455098074,204.485311158569,195.331541926554,195.331541926554,211.466300327243,253.655593542144,,8667.386970882260,12884.636561895177,8667.386970882260,12884.636561895177
48000,195.629455098074,195.629455098074,204.485311158569,195.331541926554,195.331541926554,211.466300327243,236.986168803997,,8667.386970882260,12884.636561895177,8595.366343555139,12884.636561895177
49000,195.629455098074,195.629455098074,204.485311158569,195.331541926554,195.331541926554,211.466300327243,349.553638466954,,8667.386970882260,12884.636561895177,8595.366343555139,12884.636561895177
50000,195.629455098074,195.629455098074,204.485311158569,195.331541926554,195.331541926554,211.466300327243,297.938088303677,,8667.386970882260,12884.636561895177,8595.366343555139,12884.636561895177
51000,195.629455098074,195.629455098074,204.485311158569,195.331541926554,195.331541926554,211.466300327243,309.755998050114,,8667.386970882260,12884.636561895177,8595.366343555139,12884.636561895177
52000,195.629455098074,195.629455098074,204.485311158569,195.331541926554,195.331541926554,211.466300327243,319.498158500970,,8667.386970882260,12884.636561895177,8595.366343555139,12862.253129494977
53000,195.629455098074,195.629455098074,204.485311158569,195.331541926554,195.331541926554,211.466300327243,320.236758655166,,8667.386970882260,12884.636561895177,8595.366343555139,12710.767155644113
54000,195.629455098074,195.629455098074,204.485311158569,195.331541926554,195.331541926554,211.466300327243,284.738274182397,,8667.386970882260,12884.636561895177,8595.366343555139,12710.767155644113
55000,195.629455098074,195.629455098074,204.485311158569,195.331541926554,195.331541926554,211.466300327243,384.575458027622,,8667.386970882260,12884.636561895177,8595.366343555139,12710.767155644113
56000,195.629455098074,195.629455098074,204.485311158569,195.331541926554,195.331541926554,211.466300327243,295.809129531099,,8667.386970882260,12884.636561895177,8595.366343555139,12710.767155644113
57000,195.331541926554,195.331541926554,205.247166221667,195.331541926554,195.331541926554,195.331541926554,204.485311158569,195.331541926554,8595.366343555139,12710.767155644113,8595.366343555139,12710.767155644113
58000,195.331541926554,195.331541926554,209.884600493271,195.331541926554,195.331541926554,195.331541926554,195.331541926554,,8584.969927696537,12710.767155644113,8584.969927696537,12710.767155644113
59000,195.331541926554,195.331541926554,195.331541926554,195.331541926554,195.331541926554,195.331541926554,195.331541926554,,8584.969927696537,12710.767155644113,8584.969927696537,12710.767155644113
60000,190.879516052116,190.879516052116,209.541281908945,190.879516052116,190.879516052116,195.331541926554,190.879516052116,,8584.969927696537,12710.767155644113,8584.969927696537,12710.767155644113
61000,190.879516052116,190.879516052116,195.887186759055,190.879516052116,190.879516052116,195.331541926554,195.331541926554,,8584.969927696537,12710.767155644113,8584.969927696537,12710.767155644113
62000,190.879516052116,190.879516052116,202.350645169047,190.879516052116,190.879516052116,195.331541926554,194.443117236321,,8584.969927696537,12710.767155644113,8584.969927696537,12710.767155644113
63000,190.879516052116,190.879516052116,202.350645169047,190.879516052116,190.879516052116,195.331541926554,195.331541926554,,8584.969927696537,12710.767155644113,8584.969927696537,12710.767155644113
64000,190.879516052116,190.879516052116,202.350645169047,190.879516052116,190.879516052116,195.331541926554,204.873787053281,,8584.969927696537,12710.767155644113,8584.969927696537,12710.767155644113
65000,190.879516052116,190.879516052116,202.350645169047,190.879516052116,190.879516052116,195.331541926554,206.813378359879,,8584.969927696537,12710.767155644113,8584.969927696537,12710.767155644113
66000,190.879516052116,190.879516052116,202.350645169047,190.879516052116,190.879516052116,195.331541926554,202.083561448788,,8584.969927696537,12710.767155644113,8584.969927696537,12710.767155644113
67000,190.879516052116,190.879516052116,202.350645169047,190.879516052116,190.879516052116,195.331541926554,210.849021366253,,8584.969927696537,12710.767155644113,8584.969927696537,12710.767155644113
68000,190.879516052116,190.879516052116,202.350645169047,190.879516052116,190.879516052116,195.331541926554,224.868160702260,,8584.969927696537,12710.767155644113,8584.969927696537,12710.767155644113
69000,190.879516052116,190.879516052116,202.350645169047,190.879516052116,190.879516052116,195.331541926554,213.343855455368,,8584.969927696537,12710.767155644113,8584.969927696537,12710.767155644113
70000,190.879516052116,190.879516052116,202.350645169047,190.879516052116,190.879516052116,195.331541926554,227.374457236682,,8584.969927696537,12710.767155644113,8584.969927696537,12710.767155644113
71000,190.879516052116,190.879516052116,202.350645169047,190.879516052116,190.879516052116,195.331541926554,217.241620152523,,8584.969927696537,12710.767155644113,8584.969927696537,12710.767155644113
72000,190.879516052116,190.879516052116,202.350645169047,190.879516052116,190.879516052116,195.331541926554,269.742339408330,,8584.969927696537,12710.767155644113,8584.969927696537,12710.767155644113
73000,190.879516052116,190.879516052116,202.350645169047,190.879516052116,190.879516052116,195.331541926554,244.245557044370,,8584.969927696537,12710.767155644113,8584.969927696537,12710.767155644113
74000,190.879516052116,190.879516052116,202.350645169047,190.879516052116,190.879516052116,195.331541926554,247.118304028435,,8584.969927696537,12710.767155644113,8584.969927696537,12710.767155644113
75000,190.879516052116,190.879516052116,202.350645169047,190.879516052116,190.879516052116,195.331541926554,257.237517937135,,8584.969927696537,12710.767155644113,8584.969927696537,12710.767155644113
76000,190.879516052116,190.879516052116,202.350645169047,190.879516052116,190.879516052116,195.331541926554,227.588916844589,,8584.969927696537,12710.767155644113,8584.969927696537,12710.767155644113
77000,190.879516052116,190.879516052116,202.350645169047,190.879516052116,190.879516052116,195.331541926554,305.800212529436,,8584.969927696537,12710.767155644113,8584.969927696537,12710.767155644113
78000,190.879516052116,190.879516052116,202.350645169047,190.879516052116,190.879516052116,195.331541926554,310.358131223644,,8584.969927696537,12710.767155644113,8584.969927696537,12710.767155644113
79000,190.879516052116,190.879516052116,202.350645169047,190.879516052116,190.879516052116,195.331541926554,283.551405209011,,8584.969927696537,12710.767155644113,8584.969927696537,12710.767155644113
80000,190.879516052116,190.879516052116,202.350645169047,190.879516052116,190.879516052116,195.331541926554,299.424787502262,,8584.969927696537,12710.767155644113,8584.969927696537,12710.767155644113
81000,190.879516052116,190.879516052116,202.350645169047,190.879516052116,190.879516052116,195.331541926554,310.516211657789,,8584.969927696537,12710.767155644113,8584.969927696537,12710.767155644113
82000,190.879516052116,190.879516052116,202.350645169047,190.879516052116,190.879516052116,195.331541926554,314.534266442482,,8584.969927696537,12710.767155644113,8584.969927696537,12710.767155644113
83000,190.879516052116,190.879516052116,202.350645169047,190.879516052116,190.879516052116,195.331541926554,276.624641400745,,8584.969927696537,12710.767155644113,8584.969927696537,12710.767155644113
84000,190.879516052116,190.879516052116,202.350645169047,190.879516052116,190.879516052116,195.331541926554,276.624641400745,,8584.969927696537,12710.767155644113,8584.969927696537,12710.767155644113
85000,190.879516052116,190.879516052116,195.331541926554,190.879516052116,190.879516052116,195.331541926554,195.331541926554,,8584.969927696537,12710.767155644113,8584.969927696537,12710.767155644113
86000,190.879516052116,190.879516052116,195.331541926554,190.879516052116,190.879516052116,195.331541926554,191.594344092048,,8560.557605791800,12710.767155644113,8560.557605791800,12710.767155644113
87000,188.397696443810,188.397696443810,194.758875134986,188.397696443810,188.397696443810,195.331541926554,188.397696443810,,8560.557605791800,12710.767155644113,8560.557605791800,12710.767155644113
88000,188.397696443810,188.397696443810,205.070686180879,188.397696443810,188.397696443810,195.331541926554,195.747841305618,,8549.826281603087,12710.767155644113,8549.826281603087,12710.767155644113
89000,188.397696443810,188.397696443810,198.743990693506,188.397696443810,188.397696443810,195.331541926554,190.526427434306,,8549.826281603087,12710.767155644113,8549.826281603087,12710.767155644113
90000,188.397696443810,188.397696443810,195.517648515417,188.397696443810,188.397696443810,195.331541926554,188.397696443810,,8549.826281603087,12710.767155644113,8549.826281603087,12710.767155644113
91000,188.397696443810,188.397696443810,195.517648515417,188.397696443810,188.397696443810,195.331541926554,195.331541926554,,8549.826281603087,12710.767155644113,8549.826281603087,12710.767155644113
92000,188.397696443810,188.397696443810,195.517648515417,188.397696443810,188.397696443810,195.331541926554,195.443006402658,,8549.826281603087,12710.767155644113,8549.826281603087,12710.767155644113
93000,188.397696443810,188.397696443810,195.517648515417,188.397696443810,188.397696443810,195.331541926554,192.030065159520,,8549.826281603087,12710.767155644113,8549.826281603087,12710.767155644113
94000,188.397696443810,188.397696443810,195.517648515417,188.397696443810,188.397696443810,195.331541926554,192.030065159520,,8549.826281603087,12710.767155644113,8549.826281603087,12710.767155644113
95000,188.397696443810,188.397696443810,195.517648515417,188.397696443810,188.397696443810,195.331541926554,188.397696443810,,8549.826281603087,12710.767155644113,8549.826281603087,12710.767155644113
96000,188.397696443810,188.397696443810,195.517648515417,188.397696443810,188.397696443810,195.331541926554,210.874519786734,,8549.826281603087,12710.767155644113,8549.826281603087,12710.767155644113
97000,188.397696443810,188.397696443810,195.517648515417,188.397696443810,188.397696443810,195.331541926554,192.909430302351,,8549.826281603087,12710.767155644113,8549.826281603087,12710.767155644113
98000,188.397696443810,188.397696443810,195.517648515417,188.397696443810,188.397696443810,195.331541926554,226.288474485777,,8549.826281603087,12710.767155644113,8549.826281603087,12710.767155644113
99000,188.397696443810,188.397696443810,195.517648515417,188.397696443810,188.397696443810,195.331541926554,214.496051305425,,8549.826281603087,12710.767155644113,8549.826281603087,12710.767155644113
100000,188.397696443810,188.397696443810,195.517648515417,188.397696443810,188.397696443810,195.331541926554,223.013234045739,,8549.826281603087,12710.767155644113,8549.826281603087,12710.767155644113
101000,188.397696443810,188.397696443810,195.517648515417,188.397696443810,188.397696443810,195.331541926554,227.518175198132,,8549.826281603087,12710.767155644113,8549.826281603087,12710.767155644113
102000,188.397696443810,188.397696443810,195.517648515417,188.397696443810,188.397696443810,195.331541926554,216.914590195344,,8549.826281603087,12710.767155644113,8549.826281603087,12710.767155644113
103000,188.397696443810,188.397696443810,195.517648515417,188.397696443810,188.397696443810,195.331541926554,239.659968254073,,8549.826281603087,12710.767155644113,8549.826281603087,12710.767155644113
104000,188.397696443810,188.397696443810,195.517648515417,188.397696443810,188.397696443810,195.331541926554,298.307139534384,,8549.826281603087,12710.767155644113,8549.826281603087,12710.767155644113
105000,188.397696443810,188.397696443810,195.517648515417,188.397696443810,188.397696443810,195.331541926554,391.099551913717,,8549.826281603087,12710.767155644113,8549.826281603087,12710.767155644113
106000,188.397696443810,188.397696443810,195.517648515417,188.397696443810,188.397696443810,195.331541926554,310.668669573265,,8549.826281603087,12710.767155644113,8549.826281603087,12710.767155644113
107000,188.397696443810,188.397696443810,195.517648515417,188.397696443810,188.397696443810,195.331541926554,339.160055645262,,8549.826281603087,12710.767155644113,8469.587518118531,12710.767155644113
108000,188.397696443810,188.397696443810,195.517648515417,188.397696443810,188.397696443810,195.331541926554,309.076220064033,,8549.826281603087,12710.767155644113,8469.587518118531,12710.767155644113
109000,188.397696443810,188.397696443810,195.517648515417,188.397696443810,188.397696443810,195.331541926554,306.588468430851,,8549.826281603087,12710.767155644113,8469.587518118531,12710.767155644113
110000,188.397696443810,188.397696443810,195.517648515417,188.397696443810,188.397696443810,195.331541926554,289.653750227912,,8549.826281603087,12710.767155644113,8469.587518118531,12694.153845589746
111000,188.397696443810,188.397696443810,195.517648515417,188.397696443810,188.397696443810,195.331541926554,328.123844334032,,8549.826281603087,12710.767155644113,8469.587518118531,12641.165897487510
112000,188.397696443810,188.397696443810,195.517648515417,188.397696443810,188.397696443810,195.331541926554,318.163016648112,,8549.826281603087,12710.767155644113,8469.587518118531,12641.165897487510
113000,188.397696443810,188.397696443810,199.061051793490,188.397696443810,188.397696443810,195.331541926554,190.526427434306,,8469.587518118531,12641.165897487510,8469.587518118531,12641.165897487510
114000,188.397696443810,188.397696443810,188.397696443810,187.586474848913,187.586474848913,195.331541926554,187.586474848913,,8469.587518118531,12641.165897487510,8469.587518118531,12641.165897487510
115000,187.586474848913,187.586474848913,190.659850457111,187.586474848913,187.586474848913,195.331541926554,187.586474848913,,8469.587518118531,12641.165897487510,8469.587518118531,12641.165897487510
116000,187.586474848913,187.586474848913,190.659850457111,187.586474848913,187.586474848913,195.331541926554,188.397696443810,,8469.587518118531,12641.165897487510,8469.587518118531,12641.165897487510
117000,187.586474848913,187.586474848913,195.928117873249,187.586474848913,187.586474848913,195.331541926554,188.397696443810,,8469.587518118531,12641.165897487510,8469.587518118531,12641.165897487510
118000,187.586474848913,187.586474848913,190.526427434306,187.586474848913,187.586474848913,195.331541926554,190.081026850332,,8469.587518118531,12641.165897487510,8469.587518118531,12641.165897487510
119000,187.586474848913,187.586474848913,190.526427434306,181.957168946661,181.957168946661,195.331541926554,181.957168946661,,8469.587518118531,12641.165897487510,8469.587518118531,12641.165897487510
120000,187.586474848913,187.586474848913,190.526427434306,181.957168946661,181.957168946661,195.331541926554,203.282630033180,,8469.587518118531,12641.165897487510,8469.587518118531,12641.165897487510
121000,187.586474848913,187.586474848913,190.526427434306,181.957168946661,181.957168946661,195.331541926554,207.711481512727,,8469.587518118531,12641.165897487510,8469.587518118531,12641.165897487510
122000,187.586474848913,187.586474848913,190.526427434306,181.957168946661,181.957168946661,195.331541926554,196.873789669048,,8469.587518118531,12641.165897487510,8469.587518118531,12641.165897487510
123000,187.586474848913,187.586474848913,190.526427434306,181.957168946661,181.957168946661,195.331541926554,187.904212597681,,8469.587518118531,12641.165897487510,8469.587518118531,12641.165897487510
124000,187.586474848913,187.586474848913,190.526427434306,181.957168946661,181.957168946661,195.331541926554,228.930561092127,,8469.587518118531,12641.165897487510,8469.587518118531,12641.165897487510
125000,187.586474848913,187.586474848913,190.526427434306,181.957168946661,181.957168946661,195.331541926554,204.485311158569,,8469.587518118531,12641.165897487510,8469.587518118531,12641.165897487510
126000,187.586474848913,187.586474848913,190.526427434306,181.957168946661,181.957168946661,195.331541926554,224.515791158968,,8469.587518118531,12641.165897487510,8469.587518118531,12641.165897487510
127000,187.586474848913,187.586474848913,190.526427434306,181.957168946661,181.957168946661,195.331541926554,230.332457843071,,8469.587518118531,12641.165897487510,8469.587518118531,12641.165897487510
128000,187.586474848913,187.586474848913,190.526427434306,181.957168946661,181.957168946661,195.331541926554,205.056586828514,,8469.587518118531,12641.165897487510,8469.587518118531,12641.165897487510
129000,187.586474848913,187.586474848913,190.526427434306,181.957168946661,181.957168946661,195.331541926554,220.018628951728,,8469.587518118531,12641.165897487510,8469.587518118531,12641.165897487510
130000,187.586474848913,187.586474848913,190.526427434306,181.957168946661,181.957168946661,195.331541926554,224.839090197058,,8469.587518118531,12641.165897487510,8469.587518118531,12641.165897487510
131000,187.586474848913,187.586474848913,190.526427434306,181.957168946661,181.957168946661,195.331541926554,248.440412309625,,8469.587518118531,12641.165897487510,8469.587518118531,12641.165897487510
132000,187.586474848913,187.586474848913,190.526427434306,181.957168946661,181.957168946661,195.331541926554,240.210372824365,,8469.587518118531,12641.165897487510,8469.587518118531,12641.165897487510
133000,187.586474848913,187.586474848913,190.526427434306,181.957168946661,181.957168946661,195.331541926554,318.627651339068,,8469.587518118531,12641.165897487510,8469.587518118531,12641.165897487510
134000,187.586474848913,187.586474848913,190.526427434306,181.957168946661,181.957168946661,195.331541926554,299.175315641217,,8469.587518118531,12641.165897487510,8469.587518118531,12641.165897487510
135000,187.586474848913,187.586474848913,190.526427434306,181.957168946661,181.957168946661,195.331541926554,328.637771985273,,8469.587518118531,12641.165897487510,8469.587518118531,12641.165897487510
136000,187.586474848913,187.586474848913,190.526427434306,181.957168946661,181.957168946661,195.331541926554,316.460616827052,,8469.587518118531,12641.165897487510,8469.587518118531,12641.165897487510
137000,187.586474848913,187.586474848913,190.526427434306,181.957168946661,181.957168946661,195.331541926554,345.201277104593,,8469.587518118531,12641.165897487510,8469.587518118531,12641.165897487510
138000,187.586474848913,187.586474848913,190.526427434306,181.957168946661,181.957168946661,195.331541926554,349.620054669305,,8469.587518118531,12641.165897487510,8469.587518118531,12641.165897487510
139000,187.586474848913,187.586474848913,190.526427434306,181.957168946661,181.957168946661,195.331541926554,324.392109036747,,8469.587518118531,12641.165897487510,8469.587518118531,12641.165897487510
140000,187.586474848913,187.586474848913,190.526427434306,181.957168946661,181.957168946661,195.331541926554,319.789954778627,,8469.587518118531,12641.165897487510,8469.587518118531,12641.165897487510
141000,181.957168946661,181.957168946661,190.081026850332,181.957168946661,181.957168946661,181.957168946661,190.081026850332,181.957168946661,8469.587518118531,12641.165897487510,8469.587518118531,12641.165897487510
142000,181.957168946661,181.957168946661,190.026061261573,181.957168946661,181.957168946661,181.957168946661,181.957168946661,,8469.587518118531,12641.165897487510,8469.587518118531,12641.165897487510
143000,181.957168946661,181.957168946661,190.026061261573,181.957168946661,181.957168946661,181.957168946661,181.957168946661,,8469.587518118531,12641.165897487510,8469.587518118531,12641.165897487510
144000,181.957168946661,181.957168946661,190.659850457111,181.957168946661,181.957168946661,181.957168946661,181.957168946661,,8469.587518118531,12641.165897487510,8469.587518118531,12641.165897487510
145000,181.957168946661,181.957168946661,189.911397873966,181.957168946661,181.957168946661,181.957168946661,187.586474848913,,8469.587518118531,12641.165897487510,8469.587518118531,12641.165897487510
146000,181.957168946661,181.957168946661,202.869530809158,181.957168946661,181.957168946661,181.957168946661,187.273628483341,,8469.587518118531,12641.165897487510,8469.587518118531,12641.165897487510
147000,181.957168946661,181.957168946661,202.869530809158,181.957168946661,181.957168946661,181.957168946661,187.273628483341,,8469.587518118531,12641.165897487510,8469.587518118531,12641.165897487510
148000,181.957168946661,181.957168946661,202.869530809158,181.957168946661,181.957168946661,181.957168946661,197.188281980962,,8469.587518118531,12641.165897487510,8469.587518118531,12641.165897487510
149000,181.957168946661,181.957168946661,202.869530809158,181.957168946661,181.957168946661,181.957168946661,202.274986753430,,8469.587518118531,12641.165897487510,8469.587518118531,12641.165897487510
150000,181.957168946661,181.957168946661,202.869530809158,181.855336074390,181.855336074390,181.957168946661,181.855336074390,,8469.587518118531,12641.165897487510,8469.587518118531,12641.165897487510
151000,181.957168946661,181.957168946661,202.869530809158,181.855336074390,181.855336074390,181.957168946661,182.006679052064,,8469.587518118531,12641.165897487510,8469.587518118531,12641.165897487510
152000,181.957168946661,181.957168946661,202.869530809158,181.855336074390,181.855336074390,181.957168946661,209.392446444766,,8469.587518118531,12641.165897487510,8469.587518118531,12641.165897487510
153000,181.957168946661,181.957168946661,202.869530809158,181.855336074390,181.855336074390,181.957168946661,210.095630859795,,8469.587518118531,12641.165897487510,8469.587518118531,12641.165897487510
154000,181.957168946661,181.957168946661,202.869530809158,181.855336074390,181.855336074390,181.957168946661,218.941664202564,,8469.587518118531,12641.165897487510,8469.587518118531,12641.165897487510
155000,181.957168946661,181.957168946661,202.869530809158,181.855336074390,181.855336074390,181.957168946661,199.078215469014,,8469.587518118531,12641.165897487510,8469.587518118531,12641.165897487510
156000,181.957168946661,181.957168946661,202.869530809158,181.855336074390,181.855336074390,181.957168946661,213.397361368165,,8469.587518118531,12641.165897487510,8469.587518118531,12641.165897487510
157000,181.957168946661,181.957168946661,202.869530809158,181.855336074390,181.855336074390,181.957168946661,240.191594404156,,8469.587518118531,12641.165897487510,8469.587518118531,12641.165897487510
158000,181.957168946661,181.957168946661,202.869530809158,181.855336074390,181.855336074390,181.957168946661,220.627973006156,,8469.587518118531,12641.165897487510,8469.587518118531,12641.165897487510
159000,181.957168946661,181.957168946661,202.869530809158,181.855336074390,181.855336074390,181.957168946661,207.150667643867,,8469.587518118531,12641.165897487510,8469.587518118531,12641.165897487510
160000,181.957168946661,181.957168946661,202.869530809158,181.855336074390,181.855336074390,181.957168946661,225.472176935616,,8469.587518118531,12641.165897487510,8469.587518118531,12641.165897487510
161000,181.957168946661,181.957168946661,202.869530809158,181.855336074390,181.855336074390,181.957168946661,339.183196535878,,8469.587518118531,12641.165897487510,8469.587518118531,12641.165897487510
162000,181.957168946661,181.957168946661,202.869530809158,181.855336074390,181.855336074390,181.957168946661,320.890343605318,,8469.587518118531,12641.165897487510,8469.587518118531,12641.165897487510
163000,181.957168946661,181.957168946661,202.869530809158,181.855336074390,181.855336074390,181.957168946661,280.923645996831,,8469.587518118531,12641.165897487510,8469.587518118531,12641.165897487510
164000,181.957168946661,181.957168946661,202.869530809158,181.855336074390,181.855336074390,181.957168946661,272.083258575508,,8469.587518118531,12641.165897487510,8469.587518118531,12641.165897487510
165000,181.957168946661,181.957168946661,202.869530809158,181.855336074390,181.855336074390,181.957168946661,268.850472786311,,8469.587518118531,12641.165897487510,8469.587518118531,12641.165897487510
166000,181.957168946661,181.957168946661,202.869530809158,181.855336074390,181.855336074390,181.957168946661,299.674020763101,,8469.587518118531,12641.165897487510,8469.587518118531,12641.165897487510
167000,181.957168946661,181.957168946661,202.869530809158,181.855336074390,181.855336074390,181.957168946661,382.228570644306,,8469.587518118531,12641.165897487510,8469.587518118531,12641.165897487510
168000,181.957168946661,181.957168946661,202.869530809158,181.855336074390,181.855336074390,181.957168946661,321.041714381758,,8469.587518118531,12641.165897487510,8469.587518118531,12641.165897487510
169000,181.957168946661,181.957168946661,194.924879101543,181.855336074390,181.855336074390,181.957168946661,187.586474848913,,8469.587518118531,12641.165897487510,8469.587518118531,12641.165897487510
170000,181.957168946661,181.957168946661,190.659850457111,181.855336074390,181.855336074390,181.957168946661,187.586474848913,,8469.587518118531,12641.165897487510,8469.587518118531,12641.165897487510
171000,181.957168946661,181.957168946661,190.659850457111,181.855336074390,181.855336074390,181.957168946661,181.957168946661,,8469.587518118531,12641.165897487510,8469.587518118531,12641.165897487510
172000,181.957168946661,181.957168946661,187.586474848913,181.855336074390,181.855336074390,181.957168946661,181.957168946661,,8469.587518118531,12641.165897487510,8469.587518118531,12641.165897487510
173000,181.957168946661,181.957168946661,187.586474848913,181.855336074390,181.855336074390,181.957168946661,181.957168946661,,8469.587518118531,12641.165897487510,8469.587518118531,12641.165897487510
174000,181.957168946661,181.957168946661,189.145666355940,181.855336074390,181.855336074390,181.957168946661,181.957168946661,,8469.587518118531,12641.165897487510,8469.587518118531,12641.165897487510
175000,181.957168946661,181.957168946661,189.145666355940,181.855336074390,181.855336074390,181.957168946661,181.957168946661,,8469.587518118531,12641.165897487510,8469.587518118531,12641.165897487510
176000,181.957168946661,181.957168946661,189.145666355940,181.855336074390,181.855336074390,181.957168946661,187.778172202724,,8469.587518118531,12641.165897487510,8469.587518118531,12641.165897487510
177000,181.957168946661,181.957168946661,189.145666355940,181.855336074390,181.855336074390,181.957168946661,181.957168946661,,8469.587518118531,12641.165897487510,8469.587518118531,12641.165897487510
178000,181.957168946661,181.957168946661,189.145666355940,181.855336074390,181.855336074390,181.957168946661,181.957168946661,,8469.587518118531,12641.165897487510,8469.587518118531,12641.165897487510
179000,181.957168946661,181.957168946661,189.145666355940,181.855336074390,181.855336074390,181.957168946661,187.268980152952,,8469.587518118531,12641.165897487510,8469.587518118531,12641.165897487510
180000,181.957168946661,181.957168946661,189.145666355940,181.855336074390,181.855336074390,181.957168946661,195.304623050385,,8469.587518118531,12641.165897487510,8469.587518118531,12641.165897487510
181000,181.957168946661,181.957168946661,189.145666355940,181.855336074390,181.855336074390,181.957168946661,208.504497067090,,8469.587518118531,12641.165897487510,8469.587518118531,12641.165897487510
182000,181.957168946661,181.957168946661,189.145666355940,181.855336074390,181.855336074390,181.957168946661,242.930493072085,,8469.587518118531,12641.165897487510,8469.587518118531,12641.165897487510
183000,181.957168946661,181.957168946661,189.145666355940,181.855336074390,181.855336074390,181.957168946661,210.993399197752,,8469.587518118531,12641.165897487510,8469.587518118531,12641.165897487510
184000,181.957168946661,181.957168946661,189.145666355940,181.855336074390,181.855336074390,181.957168946661,235.873400851125,,8469.587518118531,12641.165897487510,8469.587518118531,12641.165897487510
185000,181.957168946661,181.957168946661,189.145666355940,181.855336074390,181.855336074390,181.957168946661,218.904554468081,,8469.587518118531,12641.165897487510,8469.587518118531,12641.165897487510
186000,181.957168946661,181.957168946661,189.145666355940,181.855336074390,181.855336074390,181.957168946661,203.907461309204,,8469.587518118531,12641.165897487510,8469.587518118531,12641.165897487510
187000,181.957168946661,181.957168946661,189.145666355940,181.855336074390,181.855336074390,181.957168946661,263.401694305785,,8469.587518118531,12641.165897487510,8469.587518118531,12641.165897487510
188000,181.957168946661,181.957168946661,189.145666355940,181.855336074390,181.855336074390,181.957168946661,274.986840866071,,8469.587518118531,12641.165897487510,8469.587518118531,12641.165897487510
189000,181.957168946661,181.957168946661,189.145666355940,181.855336074390,181.855336074390,181.957168946661,342.032523717856,,8469.587518118531,12641.165897487510,8469.587518118531,12641.165897487510
190000,181.957168946661,181.957168946661,189.145666355940,181.855336074390,181.855336074390,181.957168946661,357.232688855072,,8469.587518118531,12641.165897487510,8469.587518118531,12641.165897487510
191000,181.957168946661,181.957168946661,189.145666355940,181.855336074390,181.855336074390,181.957168946661,338.444387519924,,8469.587518118531,12641.165897487510,8469.587518118531,12641.165897487510
192000,181.957168946661,181.957168946661,189.145666355940,181.855336074390,181.855336074390,181.957168946661,323.281583855480,,8469.587518118531,12641.165897487510,8469.587518118531,12641.165897487510
193000,181.957168946661,181.957168946661,189.145666355940,181.855336074390,181.855336074390,181.957168946661,323.894946356220,,8469.587518118531,12641.165897487510,8469.587518118531,12641.165897487510
194000,181.957168946661,181.957168946661,189.145666355940,181.855336074390,181.855336074390,181.957168946661,275.034518200263,,8469.587518118531,12641.165897487510,8469.587518118531,12641.165897487510
195000,181.957168946661,181.957168946661,189.145666355940,181.855336074390,181.855336074390,181.957168946661,325.836275972121,,8469.587518118531,12641.165897487510,8469.587518118531,12641.165897487510
196000,181.957168946661,181.957168946661,189.145666355940,181.855336074390,181.855336074390,181.957168946661,301.546226474022,,8469.587518118531,12641.165897487510,8469.587518118531,12641.165897487510
197000,181.957168946661,181.957168946661,189.145666355940,181.855336074390,181.855336074390,181.957168946661,244.196676423197,,8469.587518118531,12641.165897487510,8469.587518118531,12641.165897487510
198000,181.957168946661,181.957168946661,190.669543297992,181.855336074390,181.855336074390,181.957168946661,188.768712279810,,8469.587518118531,12641.165897487510,8469.587518118531,12641.165897487510
199000,181.957168946661,181.957168946661,190.026061261573,181.855336074390,181.855336074390,181.957168946661,183.535403351205,,8469.587518118531,12641.165897487510,8469.587518118531,12641.165897487510
200000,181.957168946661,181.957168946661,194.924879101543,181.855336074390,181.855336074390,181.957168946661,181.957168946661,,8469.587518118531,12641.165897487510,8469.587518118531,12641.165897487510
201000,181.957168946661,181.957168946661,195.310994743661,181.855336074390,181.855336074390,181.957168946661,181.957168946661,,8469.587518118531,12641.165897487510,8469.587518118531,12641.165897487510
202000,181.957168946661,181.957168946661,198.904880789382,181.855336074390,181.855336074390,181.957168946661,181.957168946661,,8469.587518118531,12641.165897487510,8469.587518118531,12641.165897487510
203000,181.957168946661,181.957168946661,191.669472404275,181.855336074390,181.855336074390,181.957168946661,181.957168946661,,8469.587518118531,12641.165897487510,8469.587518118531,12641.165897487510
204000,181.957168946661,181.957168946661,191.669472404275,181.855336074390,181.855336074390,181.957168946661,182.115400025247,,8469.587518118531,12641.165897487510,8469.587518118531,12641.165897487510
205000,181.957168946661,181.957168946661,191.669472404275,181.855336074390,181.855336074390,181.957168946661,181.957168946661,,8469.587518118531,12641.165897487510,8469.587518118531,12641.165897487510
206000,181.957168946661,181.957168946661,191.669472404275,174.769645980239,174.769645980239,181.957168946661,174.769645980239,,8469.587518118531,12641.165897487510,8469.587518118531,12641.165897487510
207000,181.957168946661,181.957168946661,191.669472404275,174.769645980239,174.769645980239,181.957168946661,208.436362853843,,8469.587518118531,12641.165897487510,8469.587518118531,12641.165897487510
208000,181.957168946661,181.957168946661,191.669472404275,174.769645980239,174.769645980239,181.957168946661,223.849373881158,,8469.587518118531,12641.165897487510,8469.587518118531,12641.165897487510
209000,181.957168946661,181.957168946661,191.669472404275,174.769645980239,174.769645980239,181.957168946661,304.926124063490,,8469.587518118531,12641.165897487510,8469.587518118531,12641.165897487510
210000,181.957168946661,181.957168946661,191.669472404275,174.769645980239,174.769645980239,181.957168946661,208.432293167109,,8469.587518118531,12641.165897487510,8469.587518118531,12641.165897487510
211000,181.957168946661,181.957168946661,191.669472404275,174.769645980239,174.769645980239,181.957168946661,208.432293167109,,8469.587518118531,12641.165897487510,8469.587518118531,12641.165897487510
212000,181.957168946661,181.957168946661,191.669472404275,174.769645980239,174.769645980239,181.957168946661,253.869641238779,,8469.587518118531,12641.165897487510,8469.587518118531,12641.165897487510
213000,181.957168946661,181.957168946661,191.669472404275,174.769645980239,174.769645980239,181.957168946661,258.570782782794,,8469.587518118531,12641.165897487510,8469.587518118531,12641.165897487510
214000,181.957168946661,181.957168946661,191.669472404275,174.769645980239,174.769645980239,181.957168946661,234.209236599906,,8469.587518118531,12641.165897487510,8469.587518118531,12641.165897487510
215000,181.957168946661,181.957168946661,191.669472404275,174.769645980239,174.769645980239,181.957168946661,215.416825922286,,8469.587518118531,12641.165897487510,8469.587518118531,12641.165897487510
216000,181.957168946661,181.957168946661,191.669472404275,174.769645980239,174.769645980239,181.957168946661,225.158757981454,,8469.587518118531,12641.165897487510,8469.587518118531,12641.165897487510
217000,181.957168946661,181.957168946661,191.669472404275,174.769645980239,174.769645980239,181.957168946661,309.267001771524,,8469.587518118531,12641.165897487510,8469.587518118531,12641.165897487510
218000,181.957168946661,181.957168946661,191.669472404275,174.769645980239,174.769645980239,181.957168946661,339.240317350619,,8469.587518118531,12641.165897487510,8469.587518118531,12641.165897487510
219000,181.957168946661,181.957168946661,191.669472404275,174.769645980239,174.769645980239,181.957168946661,327.833941273567,,8469.587518118531,12641.165897487510,8469.587518118531,12641.165897487510
220000,181.957168946661,181.957168946661,191.669472404275,174.769645980239,174.769645980239,181.957168946661,367.106233291245,,8469.587518118531,12641.165897487510,8469.587518118531,12641.165897487510
221000,181.957168946661,181.957168946661,191.669472404275,174.769645980239,174.769645980239,181.957168946661,354.516386217645,,8469.587518118531,12641.165897487510,8469.587518118531,12641.165897487510
222000,181.957168946661,181.957168946661,191.669472404275,174.769645980239,174.769645980239,181.957168946661,304.610639725621,,8469.587518118531,12641.165897487510,8469.587518118531,12641.165897487510
223000,181.957168946661,181.957168946661,191.669472404275,174.769645980239,174.769645980239,181.957168946661,361.475576309340,,8469.587518118531,12641.165897487510,8469.587518118531,12641.165897487510
224000,181.957168946661,181.957168946661,191.669472404275,174.769645980239,174.769645980239,181.957168946661,376.365706249059,,8469.587518118531,12641.165897487510,8469.587518118531,12641.165897487510
225000,181.957168946661,181.957168946661,191.669472404275,174.769645980239,174.769645980239,181.957168946661,375.019116664444,,8469.587518118531,12641.165897487510,8469.587518118531,12641.165897487510
226000,181.957168946661,181.957168946661,198.135982796971,174.769645980239,174.769645980239,181.957168946661,181.957168946661,,8445.373061629720,12641.165897487510,8445.373061629720,12641.165897487510
227000,181.957168946661,181.957168946661,181.957168946661,174.769645980239,174.769645980239,181.957168946661,181.957168946661,,8445.373061629720,12641.165897487510,8445.373061629720,12641.165897487510
228000,181.957168946661,181.957168946661,198.889661738697,174.769645980239,174.769645980239,181.957168946661,181.957168946661,,8445.373061629720,12641.165897487510,8445.373061629720,12641.165897487510
229000,181.957168946661,181.957168946661,203.704606588661,174.769645980239,174.769645980239,181.957168946661,181.957168946661,,8445.373061629720,12641.165897487510,8445.373061629720,12641.165897487510
230000,181.957168946661,181.957168946661,181.957168946661,174.769645980239,174.769645980239,181.957168946661,181.957168946661,,8445.373061629720,12641.165897487510,8445.373061629720,12641.165897487510
231000,181.957168946661,181.957168946661,181.957168946661,174.769645980239,174.769645980239,181.957168946661,181.957168946661,,8445.373061629720,12641.165897487510,8445.373061629720,12641.165897487510
232000,181.957168946661,181.957168946661,181.957168946661,174.769645980239,174.769645980239,181.957168946661,189.511781555585,,8445.373061629720,12641.165897487510,8445.373061629720,12641.165897487510
233000,181.957168946661,181.957168946661,181.957168946661,174.769645980239,174.769645980239,181.957168946661,189.846686451645,,8445.373061629720,12641.165897487510,8445.373061629720,12641.165897487510
234000,181.957168946661,181.957168946661,181.957168946661,174.769645980239,174.769645980239,181.957168946661,182.217745256273,,8445.373061629720,12641.165897487510,8445.373061629720,12641.165897487510
235000,181.957168946661,181.957168946661,181.957168946661,174.769645980239,174.769645980239,181.957168946661,193.115384604881,,8445.373061629720,12641.165897487510,8445.373061629720,12641.165897487510
236000,181.957168946661,181.957168946661,181.957168946661,174.769645980239,174.769645980239,181.957168946661,199.506801832506,,8445.373061629720,12641.165897487510,8445.373061629720,12641.165897487510
237000,181.957168946661,181.957168946661,181.957168946661,174.769645980239,174.769645980239,181.957168946661,219.742522894113,,8445.373061629720,12641.165897487510,8445.373061629720,12641.165897487510
238000,181.957168946661,181.957168946661,181.957168946661,174.769645980239,174.769645980239,181.957168946661,273.599216440610,,8445.373061629720,12641.165897487510,8445.373061629720,12641.165897487510
239000,181.957168946661,181.957168946661,181.957168946661,174.769645980239,174.769645980239,181.957168946661,222.709592269558,,8445.373061629720,12641.165897487510,8445.373061629720,12641.165897487510
240000,181.957168946661,181.957168946661,181.957168946661,174.769645980239,174.769645980239,181.957168946661,222.709592269558,,8445.373061629720,12641.165897487510,8445.373061629720,12641.165897487510
241000,181.957168946661,181.957168946661,181.957168946661,174.769645980239,174.769645980239,181.957168946661,256.260433501588,,8445.373061629720,12641.165897487510,8445.373061629720,12641.165897487510
242000,181.957168946661,181.957168946661,181.957168946661,174.769645980239,174.769645980239,181.957168946661,292.259601454995,,8445.373061629720,12641.165897487510,8445.373061629720,12641.165897487510
243000,181.957168946661,181.957168946661,181.957168946661,174.769645980239,174.769645980239,181.957168946661,195.969135254143,,8445.373061629720,12641.165897487510,8445.373061629720,12641.165897487510
244000,181.957168946661,181.957168946661,181.957168946661,174.769645980239,174.769645980239,181.957168946661,237.572012709246,,8445.373061629720,12641.165897487510,8445.373061629720,12641.165897487510
245000,181.957168946661,181.957168946661,181.957168946661,174.769645980239,174.769645980239,181.957168946661,244.757750464320,,8445.373061629720,12641.165897487510,8445.373061629720,12641.165897487510
246000,181.957168946661,181.957168946661,181.957168946661,174.769645980239,174.769645980239,181.957168946661,309.920409569653,,8445.373061629720,12641.165897487510,8445.373061629720,12641.165897487510
247000,181.957168946661,181.957168946661,181.957168946661,174.769645980239,174.769645980239,181.957168946661,335.094178852999,,8445.373061629720,12641.165897487510,8445.373061629720,12641.165897487510
248000,181.957168946661,181.957168946661,181.957168946661,174.769645980239,174.769645980239,181.957168946661,359.587207819055,,8445.373061629720,12641.165897487510,8445.373061629720,12641.165897487510
249000,181.957168946661,181.957168946661,181.957168946661,174.769645980239,174.769645980239,181.957168946661,277.180035910019,,8445.373061629720,12641.165897487510,8445.373061629720,12641.165897487510
250000,181.957168946661,181.957168946661,181.957168946661,174.769645980239,174.769645980239,181.957168946661,341.152278687044,,8445.373061629720,12641.165897487510,8445.373061629720,12641.165897487510
251000,181.957168946661,181.957168946661,181.957168946661,174.769645980239,174.769645980239,181.957168946661,341.399843876072,,8445.373061629720,12641.165897487510,8445.373061629720,12641.165897487510
252000,181.957168946661,181.957168946661,181.957168946661,174.769645980239,174.769645980239,181.957168946661,322.215859589164,,8445.373061629720,12641.165897487510,8445.373061629720,12641.165897487510
253000,181.957168946661,181.957168946661,181.957168946661,174.769645980239,174.769645980239,181.957168946661,343.667787783814,,8445.373061629720,12641.165897487510,8445.373061629720,12641.165897487510
254000,181.957168946661,181.957168946661,181.957168946661,174.769645980239,174.769645980239,181.957168946661,181.957168946661,,8445.373061629720,12641.165897487510,8445.373061629720,12641.165897487510
255000,181.957168946661,181.957168946661,181.957168946661,174.769645980239,174.769645980239,181.957168946661,181.957168946661,,8445.373061629720,12641.165897487510,8445.373061629720,12641.165897487510
256000,181.957168946661,181.957168946661,181.957168946661,174.769645980239,174.769645980239,181.957168946661,181.957168946661,,8445.373061629720,12641.165897487510,8445.373061629720,12641.165897487510
257000,181.957168946661,181.957168946661,181.957168946661,174.769645980239,174.769645980239,181.957168946661,181.957168946661,,8445.373061629720,12641.165897487510,8445.373061629720,12641.165897487510
258000,179.807273719780,179.807273719780,181.957168946661,174.769645980239,174.769645980239,181.957168946661,179.807273719780,,8445.373061629720,12641.165897487510,8445.373061629720,12641.165897487510
259000,179.807273719780,179.807273719780,190.659850457111,174.769645980239,174.769645980239,181.957168946661,181.957168946661,,8445.373061629720,12641.165897487510,8445.373061629720,12641.165897487510
260000,179.807273719780,179.807273719780,190.659850457111,174.769645980239,174.769645980239,181.957168946661,181.957168946661,,8445.373061629720,12641.165897487510,8445.373061629720,12641.165897487510
261000,179.807273719780,179.807273719780,190.659850457111,174.769645980239,174.769645980239,181.957168946661,186.516489707523,,8445.373061629720,12641.165897487510,8445.373061629720,12641.165897487510
262000,179.807273719780,179.807273719780,190.659850457111,174.769645980239,174.769645980239,181.957168946661,183.074311498759,,8445.373061629720,12641.165897487510,8445.373061629720,12641.165897487510
263000,179.807273719780,179.807273719780,190.659850457111,174.769645980239,174.769645980239,181.957168946661,177.424820909663,,8445.373061629720,12641.165897487510,8445.373061629720,12641.165897487510
264000,179.807273719780,179.807273719780,190.659850457111,174.769645980239,174.769645980239,181.957168946661,183.074311498759,,8445.373061629720,12641.165897487510,8445.373061629720,12641.165897487510
265000,179.807273719780,179.807273719780,190.659850457111,174.769645980239,174.769645980239,181.957168946661,218.323296392236,,8445.373061629720,12641.165897487510,8445.373061629720,12641.165897487510
266000,179.807273719780,179.807273719780,190.659850457111,174.769645980239,174.769645980239,181.957168946661,198.529775606214,,8445.373061629720,12641.165897487510,8445.373061629720,12641.165897487510
267000,179.807273719780,179.807273719780,190.659850457111,174.769645980239,174.769645980239,181.957168946661,225.474038303533,,8445.373061629720,12641.165897487510,8445.373061629720,12641.165897487510
268000,179.807273719780,179.807273719780,190.659850457111,174.769645980239,174.769645980239,181.957168946661,275.727553699812,,8445.373061629720,12641.165897487510,8445.373061629720,12641.165897487510
269000,179.807273719780,179.807273719780,190.659850457111,174.769645980239,174.769645980239,181.957168946661,258.575736083135,,8445.373061629720,12641.165897487510,8445.373061629720,12641.165897487510
270000,179.807273719780,179.807273719780,190.659850457111,174.769645980239,174.769645980239,181.957168946661,249.231325571709,,8445.373061629720,12641.165897487510,8445.373061629720,12641.165897487510
271000,179.807273719780,179.807273719780,190.659850457111,174.769645980239,174.769645980239,181.957168946661,237.635823725795,,8445.373061629720,12641.165897487510,8445.373061629720,12641.165897487510
272000,179.807273719780,179.807273719780,190.659850457111,174.769645980239,174.769645980239,181.957168946661,256.066459511081,,8445.373061629720,12641.165897487510,8445.373061629720,12641.165897487510
273000,179.807273719780,179.807273719780,190.659850457111,174.769645980239,174.769645980239,181.957168946661,302.293080288114,,8445.373061629720,12641.165897487510,8445.373061629720,12641.165897487510
274000,179.807273719780,179.807273719780,190.659850457111,174.769645980239,174.769645980239,181.957168946661,325.658140670437,,8445.373061629720,12641.165897487510,8445.373061629720,12641.165897487510
275000,179.807273719780,179.807273719780,190.659850457111,174.769645980239,174.769645980239,181.957168946661,334.123631529980,,8445.373061629720,12641.165897487510,8445.373061629720,12641.165897487510
276000,179.807273719780,179.807273719780,190.659850457111,174.769645980239,174.769645980239,181.957168946661,281.522976257513,,8445.373061629720,12641.165897487510,8445.373061629720,12641.165897487510
277000,179.807273719780,179.807273719780,190.659850457111,174.769645980239,174.769645980239,181.957168946661,316.074511387660,,8445.373061629720,12641.165897487510,8445.373061629720,12641.165897487510
278000,179.807273719780,179.807273719780,190.659850457111,174.769645980239,174.769645980239,181.957168946661,273.706929112810,,8445.373061629720,12641.165897487510,8445.373061629720,12641.165897487510
279000,179.807273719780,179.807273719780,190.659850457111,174.769645980239,174.769645980239,181.957168946661,273.706929112810,,8445.373061629720,12641.165897487510,8445.373061629720,12641.165897487510
280000,179.807273719780,179.807273719780,190.659850457111,174.769645980239,174.769645980239,181.957168946661,316.749628960822,,8445.373061629720,12641.165897487510,8445.373061629720,12641.165897487510
281000,179.807273719780,179.807273719780,190.659850457111,174.769645980239,174.769645980239,181.957168946661,357.461027930703,,8445.373061629720,12641.165897487510,8445.373061629720,12641.165897487510
282000,179.807273719780,179.807273719780,190.659850457111,174.769645980239,174.769645980239,181.957168946661,181.957168946661,,8445.373061629720,12641.165897487510,8445.373061629720,12641.165897487510
283000,179.807273719780,179.807273719780,179.807273719780,174.769645980239,174.769645980239,181.957168946661,179.807273719780,,8445.373061629720,12641.165897487510,8445.373061629720,12641.165897487510
284000,179.807273719780,179.807273719780,179.807273719780,174.769645980239,174.769645980239,181.957168946661,179.807273719780,,8445.373061629720,12641.165897487510,8445.373061629720,12641.165897487510
285000,179.807273719780,179.807273719780,181.957168946661,174.769645980239,174.769645980239,181.957168946661,179.807273719780,,8445.373061629720,12641.165897487510,8445.373061629720,12641.165897487510
286000,179.807273719780,179.807273719780,179.807273719780,174.769645980239,174.769645980239,181.957168946661,179.807273719780,,8445.373061629720,12641.165897487510,8445.373061629720,12641.165897487510
287000,179.807273719780,179.807273719780,179.807273719780,174.769645980239,174.769645980239,181.957168946661,179.807273719780,,8441.999331226009,12641.165897487510,8441.999331226009,12641.165897487510
288000,179.807273719780,179.807273719780,179.807273719780,174.769645980239,174.769645980239,181.957168946661,181.957168946661,,8441.999331226009,12641.165897487510,8441.999331226009,12641.165897487510
289000,179.807273719780,179.807273719780,179.807273719780,174.769645980239,174.769645980239,181.957168946661,179.807273719780,,8441.999331226009,12641.165897487510,8441.999331226009,12641.165897487510
290000,179.807273719780,179.807273719780,179.807273719780,174.769645980239,174.769645980239,181.957168946661,179.807273719780,,8441.999331226009,12641.165897487510,8441.999331226009,12641.165897487510
291000,179.807273719780,179.807273719780,179.807273719780,174.769645980239,174.769645980239,181.957168946661,203.142171985044,,8441.999331226009,12641.165897487510,8441.999331226009,12641.165897487510
292000,179.807273719780,179.807273719780,179.807273719780,174.769645980239,174.769645980239,181.957168946661,192.046651168244,,8441.999331226009,12641.165897487510,8441.999331226009,12641.165897487510
293000,179.807273719780,179.807273719780,179.807273719780,174.769645980239,174.769645980239,181.957168946661,253.872217951783,,8441.999331226009,12641.165897487510,8441.999331226009,12641.165897487510
294000,179.807273719780,179.807273719780,179.807273719780,174.769645980239,174.769645980239,181.957168946661,252.591274187875,,8441.999331226009,12641.165897487510,8441.999331226009,12641.165897487510
295000,179.807273719780,179.807273719780,179.807273719780,174.769645980239,174.769645980239,181.957168946661,219.217163527121,,8441.999331226009,12641.165897487510,8441.999331226009,12641.165897487510
296000,179.807273719780,179.807273719780,179.807273719780,174.769645980239,174.769645980239,181.957168946661,202.922392752686,,8441.999331226009,12641.165897487510,8441.999331226009,12641.165897487510
297000,179.807273719780,179.807273719780,179.807273719780,174.769645980239,174.769645980239,181.957168946661,244.969880571622,,8441.999331226009,12641.165897487510,8441.999331226009,12641.165897487510
298000,179.807273719780,179.807273719780,179.807273719780,174.769645980239,174.769645980239,181.957168946661,203.148012678496,,8441.999331226009,12641.165897487510,8441.999331226009,12641.165897487510
299000,179.807273719780,179.807273719780,179.807273719780,174.769645980239,174.769645980239,181.957168946661,214.545423126378,,8441.999331226009,12641.165897487510,8441.999331226009,12641.165897487510
300000,179.807273719780,179.807273719780,179.807273719780,174.769645980239,174.769645980239,181.957168946661,212.060331210303,,8441.999331226009,12641.165897487510,8441.999331226009,12641.165897487510
301000,179.807273719780,179.807273719780,179.807273719780,174.769645980239,174.769645980239,181.957168946661,211.060634077665,,8441.999331226009,12641.165897487510,8441.999331226009,12641.165897487510
302000,179.807273719780,179.807273719780,179.807273719780,174.769645980239,174.769645980239,181.957168946661,304.242752396479,,8441.999331226009,12641.165897487510,8441.999331226009,12641.165897487510
303000,179.807273719780,179.807273719780,179.807273719780,174.769645980239,174.769645980239,181.957168946661,327.462445627126,,8441.999331226009,12641.165897487510,8441.999331226009,12641.165897487510
304000,179.807273719780,179.807273719780,179.807273719780,174.769645980239,174.769645980239,181.957168946661,305.107695290627,,8441.999331226009,12641.165897487510,8441.999331226009,12641.165897487510
305000,179.807273719780,179.807273719780,179.807273719780,174.769645980239,174.769645980239,181.957168946661,272.383762411580,,8441.999331226009,12641.165897487510,8441.999331226009,12641.165897487510
306000,179.807273719780,179.807273719780,179.807273719780,174.769645980239,174.769645980239,181.957168946661,277.636430858822,,8441.999331226009,12641.165897487510,8441.999331226009,12641.165897487510
307000,179.807273719780,179.807273719780,179.807273719780,174.769645980239,174.769645980239,181.957168946661,338.983655422787,,8441.999331226009,12641.165897487510,8441.999331226009,12641.165897487510
308000,179.807273719780,179.807273719780,179.807273719780,174.769645980239,174.769645980239,181.957168946661,247.259435476485,,8441.999331226009,12641.165897487510,8441.999331226009,12641.165897487510
309000,179.807273719780,179.807273719780,179.807273719780,174.769645980239,174.769645980239,181.957168946661,292.953621221772,,8441.999331226009,12641.165897487510,8441.999331226009,12641.165897487510
310000,179.807273719780,179.807273719780,184.544810905465,174.769645980239,174.769645980239,181.957168946661,179.807273719780,,8438.804195443472,12641.165897487510,8438.804195443472,12641.165897487510
311000,179.807273719780,179.807273719780,190.659850457111,174.769645980239,174.769645980239,181.957168946661,179.807273719780,,8438.804195443472,12641.165897487510,8438.804195443472,12641.165897487510
312000,179.807273719780,179.807273719780,187.280547551153,174.769645980239,174.769645980239,181.957168946661,179.807273719780,,8438.804195443472,12641.165897487510,8438.804195443472,12641.165897487510
313000,179.807273719780,179.807273719780,181.957168946661,174.769645980239,174.769645980239,181.957168946661,179.807273719780,,8436.525045647170,12641.165897487510,8436.525045647170,12641.165897487510
314000,179.807273719780,179.807273719780,181.051362813569,174.769645980239,174.769645980239,181.957168946661,179.807273719780,,8436.525045647170,12641.165897487510,8436.525045647170,12641.165897487510
315000,179.807273719780,179.807273719780,179.807273719780,174.769645980239,174.769645980239,181.957168946661,179.807273719780,,8436.525045647170,12641.165897487510,8436.525045647170,12641.165897487510
316000,179.807273719780,179.807273719780,179.807273719780,174.769645980239,174.769645980239,181.957168946661,182.716041584447,,8436.525045647170,12641.165897487510,8436.525045647170,12641.165897487510
317000,179.807273719780,179.807273719780,179.807273719780,174.769645980239,174.769645980239,181.957168946661,181.957168946661,,8436.525045647170,12641.165897487510,8436.525045647170,12641.165897487510
318000,179.807273719780,179.807273719780,179.807273719780,174.769645980239,174.769645980239,181.957168946661,179.807273719780,,8436.525045647170,12641.165897487510,8436.525045647170,12641.165897487510
319000,179.807273719780,179.807273719780,179.807273719780,174.769645980239,174.769645980239,181.957168946661,179.807273719780,,8436.525045647170,12641.165897487510,8436.525045647170,12641.165897487510
320000,179.807273719780,179.807273719780,179.807273719780,174.769645980239,174.769645980239,181.957168946661,208.189721680901,,8436.525045647170,12641.165897487510,8436.525045647170,12641.165897487510
321000,179.807273719780,179.807273719780,179.807273719780,174.769645980239,174.769645980239,181.957168946661,209.039038366838,,8436.525045647170,12641.165897487510,8436.525045647170,12641.165897487510
322000,179.807273719780,179.807273719780,179.807273719780,174.769645980239,174.769645980239,181.957168946661,188.067572328301,,8436.525045647170,12641.165897487510,8436.525045647170,12641.165897487510
323000,179.807273719780,179.807273719780,179.807273719780,174.769645980239,174.769645980239,181.957168946661,215.469289497354,,8436.525045647170,12641.165897487510,8436.525045647170,12641.165897487510
324000,179.807273719780,179.807273719780,179.807273719780,174.769645980239,174.769645980239,181.957168946661,216.958902581668,,8436.525045647170,12641.165897487510,8436.525045647170,12641.165897487510
325000,179.807273719780,179.807273719780,179.807273719780,174.769645980239,174.769645980239,181.957168946661,237.276848998336,,8436.525045647170,12641.165897487510,8436.525045647170,12641.165897487510
326000,179.807273719780,179.807273719780,179.807273719780,174.769645980239,174.769645980239,181.957168946661,225.473388490109,,8436.525045647170,12641.165897487510,8436.525045647170,12641.165897487510
327000,179.807273719780,179.807273719780,179.807273719780,174.769645980239,174.769645980239,181.957168946661,247.888603399674,,8436.525045647170,12641.165897487510,8436.525045647170,12641.165897487510
328000,179.807273719780,179.807273719780,179.807273719780,174.769645980239,174.769645980239,181.957168946661,247.876845143019,,8436.525045647170,12641.165897487510,8436.525045647170,12641.165897487510
329000,179.807273719780,179.807273719780,179.807273719780,174.769645980239,174.769645980239,181.957168946661,216.852834902289,,8436.525045647170,12641.165897487510,8436.525045647170,12641.165897487510
330000,179.807273719780,179.807273719780,179.807273719780,174.769645980239,174.769645980239,181.957168946661,285.591815430228,,8436.525045647170,12641.165897487510,8436.525045647170,12641.165897487510
331000,179.807273719780,179.807273719780,179.807273719780,174.769645980239,174.769645980239,181.957168946661,297.198043319285,,8436.525045647170,12641.165897487510,8436.525045647170,12641.165897487510
332000,179.807273719780,179.807273719780,179.807273719780,174.769645980239,174.769645980239,181.957168946661,322.140095114255,,8436.525045647170,12641.165897487510,8436.525045647170,12641.165897487510
333000,179.807273719780,179.807273719780,179.807273719780,174.769645980239,174.769645980239,181.957168946661,275.241846035326,,8436.525045647170,12641.165897487510,8436.525045647170,12641.165897487510
334000,179.807273719780,179.807273719780,179.807273719780,174.769645980239,174.769645980239,181.957168946661,284.051130580087,,8436.525045647170,12641.165897487510,8436.525045647170,12641.165897487510
335000,179.807273719780,179.807273719780,179.807273719780,174.769645980239,174.769645980239,181.957168946661,267.253429066416,,8436.525045647170,12641.165897487510,8436.525045647170,12641.165897487510
336000,179.807273719780,179.807273719780,179.807273719780,174.769645980239,174.769645980239,181.957168946661,233.122364218595,,8436.525045647170,12641.165897487510,8436.525045647170,12641.165897487510
337000,179.807273719780,179.807273719780,179.807273719780,174.769645980239,174.769645980239,181.957168946661,233.122364218595,,8436.525045647170,12641.165897487510,8436.525045647170,12641.165897487510
338000,179.807273719780,179.807273719780,179.807273719780,174.769645980239,174.769645980239,181.957168946661,179.807273719780,,8436.525045647170,12641.165897487510,8436.525045647170,12641.165897487510
339000,179.807273719780,179.807273719780,179.807273719780,174.769645980239,174.769645980239,181.957168946661,179.807273719780,,8436.525045647170,12641.165897487510,8436.525045647170,12641.165897487510
340000,179.807273719780,179.807273719780,179.807273719780,174.769645980239,174.769645980239,181.957168946661,179.807273719780,,8428.152303470177,12641.165897487510,8428.152303470177,12641.165897487510
341000,179.807273719780,179.807273719780,181.957168946661,174.769645980239,174.769645980239,181.957168946661,179.807273719780,,8428.152303470177,12641.165897487510,8428.152303470177,12641.165897487510
342000,179.807273719780,179.807273719780,179.807273719780,174.769645980239,174.769645980239,181.957168946661,179.807273719780,,8428.152303470177,12641.165897487510,8428.152303470177,12641.165897487510
343000,179.807273719780,179.807273719780,179.807273719780,174.769645980239,174.769645980239,181.957168946661,179.807273719780,,8428.152303470177,12641.165897487510,8428.152303470177,12641.165897487510
344000,179.807273719780,179.807273719780,179.807273719780,174.769645980239,174.769645980239,181.957168946661,181.957168946661,,8428.152303470177,12641.165897487510,8428.152303470177,12641.165897487510
345000,179.807273719780,179.807273719780,179.807273719780,174.769645980239,174.769645980239,181.957168946661,175.605714499885,,8428.152303470177,12641.165897487510,8428.152303470177,12641.165897487510
346000,179.807273719780,179.807273719780,179.807273719780,174.769645980239,174.769645980239,181.957168946661,175.605714499885,,8428.152303470177,12641.165897487510,8428.152303470177,12641.165897487510
347000,179.807273719780,179.807273719780,179.807273719780,174.769645980239,174.769645980239,181.957168946661,185.863497997182,,8428.152303470177,12641.165897487510,8428.152303470177,12641.165897487510
348000,179.807273719780,179.807273719780,179.807273719780,174.769645980239,174.769645980239,181.957168946661,181.957168946661,,8428.152303470177,12641.165897487510,8428.152303470177,12641.165897487510
349000,179.807273719780,179.807273719780,179.807273719780,174.769645980239,174.769645980239,181.957168946661,213.629645439291,,8428.152303470177,12641.165897487510,8428.152303470177,12641.165897487510
350000,179.807273719780,179.807273719780,179.807273719780,174.769645980239,174.769645980239,181.957168946661,225.661759523779,,8428.152303470177,12641.165897487510,8428.152303470177,12641.165897487510
351000,179.807273719780,179.807273719780,179.807273719780,174.769645980239,174.769645980239,181.957168946661,182.440017360556,,8428.152303470177,12641.165897487510,8428.152303470177,12641.165897487510
352000,179.807273719780,179.807273719780,179.807273719780,174.769645980239,174.769645980239,181.957168946661,232.140367490298,,8428.152303470177,12641.165897487510,8428.152303470177,12641.165897487510
353000,179.807273719780,179.807273719780,179.807273719780,174.769645980239,174.769645980239,181.957168946661,261.441575375041,,8428.152303470177,12641.165897487510,8428.152303470177,12641.165897487510
354000,179.807273719780,179.807273719780,179.807273719780,174.769645980239,174.769645980239,181.957168946661,226.772218620219,,8428.152303470177,12641.165897487510,8428.152303470177,12641.165897487510
355000,179.807273719780,179.807273719780,179.807273719780,174.769645980239,174.769645980239,181.957168946661,199.045655768895,,8428.152303470177,12641.165897487510,8428.152303470177,12641.165897487510
356000,179.807273719780,179.807273719780,179.807273719780,174.769645980239,174.769645980239,181.957168946661,249.528733644178,,8428.152303470177,12641.165897487510,8428.152303470177,12641.165897487510
357000,179.807273719780,179.807273719780,179.807273719780,174.769645980239,174.769645980239,181.957168946661,261.264635773848,,8428.152303470177,12641.165897487510,8428.152303470177,12641.165897487510
358000,179.807273719780,179.807273719780,179.807273719780,174.769645980239,174.769645980239,181.957168946661,319.972817576764,,8428.152303470177,12641.165897487510,8405.952895179926,12641.165897487510
359000,179.807273719780,179.807273719780,179.807273719780,174.769645980239,174.769645980239,181.957168946661,327.796454954234,,8428.152303470177,12641.165897487510,8405.952895179926,12641.165897487510
360000,179.807273719780,179.807273719780,179.807273719780,174.769645980239,174.769645980239,181.957168946661,306.728219234374,,8428.152303470177,12641.165897487510,8405.952895179926,12641.165897487510
361000,179.807273719780,179.807273719780,179.807273719780,174.769645980239,174.769645980239,181.957168946661,317.790871800607,,8428.152303470177,12641.165897487510,8405.952895179926,12641.165897487510
362000,179.807273719780,179.807273719780,179.807273719780,174.769645980239,174.769645980239,181.957168946661,320.137975468247,,8428.152303470177,12641.165897487510,8405.952895179926,12641.165897487510
363000,179.807273719780,179.807273719780,179.807273719780,174.769645980239,174.769645980239,181.957168946661,287.784212583851,,8428.152303470177,12641.165897487510,8405.952895179926,12641.165897487510
364000,179.807273719780,179.807273719780,179.807273719780,174.769645980239,174.769645980239,181.957168946661,277.318582762406,,8428.152303470177,12641.165897487510,8405.952895179926,12641.165897487510
365000,179.807273719780,179.807273719780,179.807273719780,174.769645980239,174.769645980239,181.957168946661,298.176778976305,,8428.152303470177,12641.165897487510,8405.952895179926,12641.165897487510
366000,179.807273719780,179.807273719780,180.148387932611,174.769645980239,174.769645980239,181.957168946661,179.807273719780,,8405.952895179926,12641.165897487510,8405.952895179926,12641.165897487510
367000,179.807273719780,179.807273719780,179.807273719780,174.769645980239,174.769645980239,181.957168946661,179.807273719780,,8405.952895179926,12641.165897487510,8405.952895179926,12641.165897487510
368000,179.807273719780,179.807273719780,179.807273719780,174.769645980239,174.769645980239,181.957168946661,179.807273719780,,8405.952895179926,12641.165897487510,8405.952895179926,12641.165897487510
369000,179.807273719780,179.807273719780,179.807273719780,174.769645980239,174.769645980239,181.957168946661,179.807273719780,,8402.942542457227,12641.165897487510,8402.942542457227,12641.165897487510
370000,179.807273719780,179.807273719780,179.807273719780,174.769645980239,174.769645980239,181.957168946661,179.807273719780,,8402.942542457227,12641.165897487510,8402.942542457227,12641.165897487510
371000,179.807273719780,179.807273719780,179.807273719780,174.769645980239,174.769645980239,181.957168946661,179.807273719780,,8402.942542457227,12641.165897487510,8402.942542457227,12641.165897487510
372000,179.807273719780,179.807273719780,179.807273719780,174.769645980239,174.769645980239,181.957168946661,179.807273719780,,8402.942542457227,12641.165897487510,8402.942542457227,12641.165897487510
373000,179.807273719780,179.807273719780,179.807273719780,174.769645980239,174.769645980239,181.957168946661,179.807273719780,,8402.942542457227,12641.165897487510,8402.942542457227,12641.165897487510
374000,179.807273719780,179.807273719780,179.807273719780,174.769645980239,174.769645980239,181.957168946661,179.807273719780,,8402.942542457227,12641.165897487510,8402.942542457227,12641.165897487510
375000,179.807273719780,179.807273719780,179.807273719780,174.769645980239,174.769645980239,181.957168946661,179.807273719780,,8402.942542457227,12641.165897487510,8402.942542457227,12641.165897487510
376000,179.807273719780,179.807273719780,179.807273719780,174.769645980239,174.769645980239,181.957168946661,179.807273719780,,8402.942542457227,12641.165897487510,8402.942542457227,12641.165897487510
377000,179.807273719780,179.807273719780,179.807273719780,174.769645980239,174.769645980239,181.957168946661,236.685907271723,,8402.942542457227,12641.165897487510,8402.942542457227,12641.165897487510
378000,179.807273719780,179.807273719780,179.807273719780,174.769645980239,174.769645980239,181.957168946661,212.257339560240,,8402.942542457227,12641.165897487510,8402.942542457227,12641.165897487510
379000,179.807273719780,179.807273719780,179.807273719780,174.769645980239,174.769645980239,181.957168946661,213.259682778735,,8402.942542457227,12641.165897487510,8402.942542457227,12641.165897487510
380000,179.807273719780,179.807273719780,179.807273719780,174.769645980239,174.769645980239,181.957168946661,217.278824871648,,8402.942542457227,12641.165897487510,8402.942542457227,12641.165897487510
381000,179.807273719780,179.807273719780,179.807273719780,174.769645980239,174.769645980239,181.957168946661,220.602341907288,,8402.942542457227,12641.165897487510,8402.942542457227,12641.165897487510
382000,179.807273719780,179.807273719780,179.807273719780,174.769645980239,174.769645980239,181.957168946661,232.383589608485,,8402.942542457227,12641.165897487510,8402.942542457227,12641.165897487510
383000,179.807273719780,179.807273719780,179.807273719780,174.769645980239,174.769645980239,181.957168946661,201.205028808389,,8402.942542457227,12641.165897487510,8402.942542457227,12641.165897487510
384000,179.807273719780,179.807273719780,179.807273719780,174.769645980239,174.769645980239,181.957168946661,222.812151884654,,8402.942542457227,12641.165897487510,8402.942542457227,12641.165897487510
385000,179.807273719780,179.807273719780,179.807273719780,174.769645980239,174.769645980239,181.957168946661,228.236872617002,,8402.942542457227,12641.165897487510,8402.942542457227,12641.165897487510
386000,179.807273719780,179.807273719780,179.807273719780,174.769645980239,174.769645980239,181.957168946661,354.748017080833,,8402.942542457227,12641.165897487510,8402.942542457227,12641.165897487510
387000,179.807273719780,179.807273719780,179.807273719780,174.769645980239,174.769645980239,181.957168946661,309.316445572670,,8402.942542457227,12641.165897487510,8402.942542457227,12641.165897487510
388000,179.807273719780,179.807273719780,179.807273719780,174.769645980239,174.769645980239,181.957168946661,276.586538824384,,8402.942542457227,12641.165897487510,8402.942542457227,12641.165897487510
389000,179.807273719780,179.807273719780,179.807273719780,174.769645980239,174.769645980239,181.957168946661,273.420800553693,,8402.942542457227,12641.165897487510,8402.942542457227,12641.165897487510
390000,179.807273719780,179.807273719780,179.807273719780,174.769645980239,174.769645980239,181.957168946661,254.240615270541,,8402.942542457227,12641.165897487510,8402.942542457227,12641.165897487510
391000,179.807273719780,179.807273719780,179.807273719780,174.769645980239,174.769645980239,181.957168946661,304.153702886660,,8402.942542457227,12641.165897487510,8402.942542457227,12641.165897487510
392000,179.807273719780,179.807273719780,179.807273719780,174.769645980239,174.769645980239,181.957168946661,309.050213087305,,8402.942542457227,12641.165897487510,8402.942542457227,12641.165897487510
393000,179.807273719780,179.807273719780,179.807273719780,174.769645980239,174.769645980239,181.957168946661,217.019631694914,,8402.942542457227,12641.165897487510,8402.942542457227,12641.165897487510
394000,179.807273719780,179.807273719780,179.807273719780,174.769645980239,174.769645980239,181.957168946661,179.807273719780,,8402.942542457227,12641.165897487510,8402.942542457227,12641.165897487510
395000,179.807273719780,179.807273719780,179.807273719780,174.769645980239,174.769645980239,181.957168946661,179.807273719780,,8402.942542457227,12641.165897487510,8402.942542457227,12641.165897487510
396000,179.807273719780,179.807273719780,179.807273719780,174.769645980239,174.769645980239,181.957168946661,179.807273719780,,8402.942542457227,12641.165897487510,8402.942542457227,12641.165897487510
397000,179.807273719780,179.807273719780,179.807273719780,174.769645980239,174.769645980239,181.957168946661,179.807273719780,,8402.942542457227,12641.165897487510,8402.942542457227,12641.165897487510
398000,179.807273719780,179.807273719780,179.807273719780,174.769645980239,174.769645980239,181.957168946661,179.807273719780,,8402.942542457227,12641.165897487510,8402.942542457227,12641.165897487510
399000,179.807273719780,179.807273719780,190.659850457111,174.769645980239,174.769645980239,181.957168946661,179.807273719780,,8402.942542457227,12641.165897487510,8402.942542457227,12641.165897487510
400000,179.807273719780,179.807273719780,190.659850457111,174.769645980239,174.769645980239,181.957168946661,180.242338447949,,8402.942542457227,12641.165897487510,8402.942542457227,12641.165897487510
401000,179.807273719780,179.807273719780,190.659850457111,174.769645980239,174.769645980239,181.957168946661,177.745719646732,,8402.942542457227,12641.165897487510,8402.942542457227,12641.165897487510
402000,179.807273719780,179.807273719780,190.659850457111,174.769645980239,174.769645980239,181.957168946661,179.120050914787,,8402.942542457227,12641.165897487510,8402.942542457227,12641.165897487510
403000,179.807273719780,179.807273719780,190.659850457111,174.769645980239,174.769645980239,181.957168946661,184.919640050444,,8402.942542457227,12641.165897487510,8402.942542457227,12641.165897487510
404000,179.807273719780,179.807273719780,190.659850457111,174.769645980239,174.769645980239,181.957168946661,190.090580640144,,8402.942542457227,12641.165897487510,8402.942542457227,12641.165897487510
405000,179.807273719780,179.807273719780,190.659850457111,174.769645980239,174.769645980239,181.957168946661,208.056032570042,,8402.942542457227,12641.165897487510,8402.942542457227,12641.165897487510
406000,179.807273719780,179.807273719780,190.659850457111,174.769645980239,174.769645980239,181.957168946661,181.957168946661,,8402.942542457227,12641.165897487510,8402.942542457227,12641.165897487510
407000,179.807273719780,179.807273719780,190.659850457111,174.769645980239,174.769645980239,181.957168946661,208.957428416866,,8402.942542457227,12641.165897487510,8402.942542457227,12641.165897487510
408000,179.807273719780,179.807273719780,190.659850457111,174.769645980239,174.769645980239,181.957168946661,196.020793649195,,8402.942542457227,12641.165897487510,8402.942542457227,12641.165897487510
409000,179.807273719780,179.807273719780,190.659850457111,174.769645980239,174.769645980239,181.957168946661,237.647239918037,,8402.942542457227,12641.165897487510,8402.942542457227,12641.165897487510
410000,179.807273719780,179.807273719780,190.659850457111,174.769645980239,174.769645980239,181.957168946661,203.322600370189,,8402.942542457227,12641.165897487510,8402.942542457227,12641.165897487510
411000,179.807273719780,179.807273719780,190.659850457111,174.769645980239,174.769645980239,181.957168946661,203.801671898517,,8402.942542457227,12641.165897487510,8402.942542457227,12641.165897487510
412000,179.807273719780,179.807273719780,190.659850457111,174.769645980239,174.769645980239,181.957168946661,212.655898792621,,8402.942542457227,12641.165897487510,8402.942542457227,12641.165897487510
413000,179.807273719780,179.807273719780,190.659850457111,174.769645980239,174.769645980239,181.957168946661,232.880137609594,,8402.942542457227,12641.165897487510,8402.942542457227,12641.165897487510
414000,179.807273719780,179.807273719780,190.659850457111,174.769645980239,174.769645980239,181.957168946661,319.288745460792,,8402.942542457227,12641.165897487510,8401.710843876983,12641.165897487510
415000,179.807273719780,179.807273719780,190.659850457111,174.769645980239,174.769645980239,181.957168946661,359.693557134406,,8402.942542457227,12641.165897487510,8401.710843876983,12641.165897487510
416000,179.807273719780,179.807273719780,190.659850457111,174.769645980239,174.769645980239,181.957168946661,310.516892579295,,8402.942542457227,12641.165897487510,8395.436499820793,12641.165897487510
417000,179.807273719780,179.807273719780,190.659850457111,174.769645980239,174.769645980239,181.957168946661,290.574740228707,,8402.942542457227,12641.165897487510,8395.436499820793,12641.165897487510
418000,179.807273719780,179.807273719780,190.659850457111,174.769645980239,174.769645980239,181.957168946661,294.356595084957,,8402.942542457227,12641.165897487510,8395.436499820793,12641.165897487510
419000,179.807273719780,179.807273719780,190.659850457111,174.769645980239,174.769645980239,181.957168946661,258.022484592506,,8402.942542457227,12641.165897487510,8395.436499820793,12641.165897487510
420000,179.807273719780,179.807273719780,190.659850457111,174.769645980239,174.769645980239,181.957168946661,223.931406025312,,8402.942542457227,12641.165897487510,8395.436499820793,12641.165897487510
421000,179.807273719780,179.807273719780,190.659850457111,174.769645980239,174.769645980239,181.957168946661,265.298146256415,,8402.942542457227,12641.165897487510,8395.436499820793,12641.165897487510
422000,179.807273719780,179.807273719780,179.807273719780,174.769645980239,174.769645980239,181.957168946661,179.807273719780,,8395.436499820793,12641.165897487510,8395.436499820793,12641.165897487510
423000,179.807273719780,179.807273719780,179.807273719780,174.769645980239,174.769645980239,181.957168946661,179.807273719780,,8395.436499820793,12641.165897487510,8395.436499820793,12641.165897487510
424000,179.807273719780,179.807273719780,179.807273719780,174.769645980239,174.769645980239,181.957168946661,179.807273719780,,8395.436499820793,12641.165897487510,8395.436499820793,12641.165897487510
425000,179.807273719780,179.807273719780,179.807273719780,174.769645980239,174.769645980239,181.957168946661,179.807273719780,,8395.436499820793,12641.165897487510,8395.436499820793,12641.165897487510
426000,179.807273719780,179.807273719780,179.807273719780,174.769645980239,174.769645980239,181.957168946661,179.807273719780,,8395.436499820793,12641.165897487510,8395.436499820793,12641.165897487510
427000,179.807273719780,179.807273719780,179.807273719780,174.769645980239,174.769645980239,181.957168946661,175.605714499885,,8395.436499820793,12641.165897487510,8395.436499820793,12641.165897487510
428000,179.807273719780,179.807273719780,179.807273719780,174.769645980239,174.769645980239,181.957168946661,175.605714499885,,8395.436499820793,12641.165897487510,8395.436499820793,12641.165897487510
429000,179.807273719780,179.807273719780,179.807273719780,174.769645980239,174.769645980239,181.957168946661,180.008674880379,,8395.436499820793,12641.165897487510,8395.436499820793,12641.165897487510
430000,179.807273719780,179.807273719780,179.807273719780,174.769645980239,174.769645980239,181.957168946661,179.807273719780,,8395.436499820793,12641.165897487510,8395.436499820793,12641.165897487510
431000,179.807273719780,179.807273719780,179.807273719780,174.769645980239,174.769645980239,181.957168946661,179.807273719780,,8395.436499820793,12641.165897487510,8395.436499820793,12641.165897487510
432000,179.807273719780,179.807273719780,179.807273719780,174.769645980239,174.769645980239,181.957168946661,197.607059911026,,8395.436499820793,12641.165897487510,8395.436499820793,12641.165897487510
433000,179.807273719780,179.807273719780,179.807273719780,174.769645980239,174.769645980239,181.957168946661,210.981730621995,,8395.436499820793,12641.165897487510,8395.436499820793,12641.165897487510
434000,179.807273719780,179.807273719780,179.807273719780,174.769645980239,174.769645980239,181.957168946661,191.971301001414,,8395.436499820793,12641.165897487510,8395.436499820793,12641.165897487510
435000,179.807273719780,179.807273719780,179.807273719780,174.769645980239,174.769645980239,181.957168946661,197.951432415588,,8395.436499820793,12641.165897487510,8395.436499820793,12641.165897487510
436000,179.807273719780,179.807273719780,179.807273719780,174.769645980239,174.769645980239,181.957168946661,203.322600370189,,8395.436499820793,12641.165897487510,8395.436499820793,12641.165897487510
437000,179.807273719780,179.807273719780,179.807273719780,174.769645980239,174.769645980239,181.957168946661,218.321480079167,,8395.436499820793,12641.165897487510,8395.436499820793,12641.165897487510
438000,179.807273719780,179.807273719780,179.807273719780,174.769645980239,174.769645980239,181.957168946661,246.882897316385,,8395.436499820793,12641.165897487510,8395.436499820793,12641.165897487510
439000,179.807273719780,179.807273719780,179.807273719780,174.769645980239,174.769645980239,181.957168946661,217.615342274315,,8395.436499820793,12641.165897487510,8395.436499820793,12641.165897487510
440000,179.807273719780,179.807273719780,179.807273719780,174.769645980239,174.769645980239,181.957168946661,234.979172207221,,8395.436499820793,12641.165897487510,8395.436499820793,12641.165897487510
441000,179.807273719780,179.807273719780,179.807273719780,174.769645980239,174.769645980239,181.957168946661,215.456147192968,,8395.436499820793,12641.165897487510,8395.436499820793,12641.165897487510
442000,179.807273719780,179.807273719780,179.807273719780,174.769645980239,174.769645980239,181.957168946661,366.087459535622,,8395.436499820793,12641.165897487510,8395.436499820793,12641.165897487510
443000,179.807273719780,179.807273719780,179.807273719780,174.769645980239,174.769645980239,181.957168946661,379.915148187657,,8395.436499820793,12641.165897487510,8395.436499820793,12641.165897487510
444000,179.807273719780,179.807273719780,179.807273719780,174.769645980239,174.769645980239,181.957168946661,305.103315677507,,8395.436499820793,12641.165897487510,8395.436499820793,12641.165897487510
445000,179.807273719780,179.807273719780,179.807273719780,174.769645980239,174.769645980239,181.957168946661,329.458822798442,,8395.436499820793,12641.165897487510,8395.436499820793,12641.165897487510
446000,179.807273719780,179.807273719780,179.807273719780,174.769645980239,174.769645980239,181.957168946661,337.479957265968,,8395.436499820793,12641.165897487510,8395.436499820793,12641.165897487510
447000,179.807273719780,179.807273719780,179.807273719780,174.769645980239,174.769645980239,181.957168946661,226.563786015323,,8395.436499820793,12641.165897487510,8395.436499820793,12641.165897487510
448000,179.807273719780,179.807273719780,179.807273719780,174.769645980239,174.769645980239,181.957168946661,206.997323908720,,8395.436499820793,12641.165897487510,8395.436499820793,12641.165897487510
449000,179.807273719780,179.807273719780,179.807273719780,174.769645980239,174.769645980239,181.957168946661,330.870357493070,,8395.436499820793,12641.165897487510,8395.436499820793,12641.165897487510
450000,179.807273719780,179.807273719780,183.907633074752,174.769645980239,174.769645980239,181.957168946661,179.807273719780,,8395.436499820793,12641.165897487510,8395.436499820793,12641.165897487510
451000,173.108382896729,173.108382896729,179.807273719780,172.929468259401,172.929468259401,181.957168946661,172.929468259401,,8395.436499820793,12641.165897487510,8395.436499820793,12641.165897487510
452000,172.929468259401,172.929468259401,176.692331498617,172.929468259401,172.929468259401,181.957168946661,172.929468259401,,8395.436499820793,12641.165897487510,8395.436499820793,12641.165897487510
453000,172.929468259401,172.929468259401,193.136130153532,172.929468259401,172.929468259401,181.957168946661,172.929468259401,,8395.436499820793,12641.165897487510,8395.436499820793,12641.165897487510
454000,172.929468259401,172.929468259401,186.014771243348,172.929468259401,172.929468259401,181.957168946661,175.066979733605,,8395.436499820793,12641.165897487510,8395.436499820793,12641.165897487510
455000,172.929468259401,172.929468259401,179.807273719780,172.929468259401,172.929468259401,181.957168946661,176.253258286527,,8395.436499820793,12641.165897487510,8395.436499820793,12641.165897487510
456000,172.929468259401,172.929468259401,179.807273719780,172.929468259401,172.929468259401,181.957168946661,190.291141427146,,8395.436499820793,12641.165897487510,8395.436499820793,12641.165897487510
457000,172.929468259401,172.929468259401,179.807273719780,172.796200007117,172.796200007117,181.957168946661,172.796200007117,,8395.436499820793,12641.165897487510,8395.436499820793,12641.165897487510
458000,172.929468259401,172.929468259401,179.807273719780,172.796200007117,172.796200007117,181.957168946661,181.719147586567,,8395.436499820793,12641.165897487510,8395.436499820793,12641.165897487510
459000,172.929468259401,172.929468259401,179.807273719780,172.796200007117,172.796200007117,181.957168946661,179.807273719780,,8395.436499820793,12641.165897487510,8395.436499820793,12641.165897487510
460000,172.929468259401,172.929468259401,179.807273719780,172.796200007117,172.796200007117,181.957168946661,179.807273719780,,8395.436499820793,12641.165897487510,8395.436499820793,12641.165897487510
461000,172.929468259401,172.929468259401,179.807273719780,172.796200007117,172.796200007117,181.957168946661,202.647992498057,,8395.436499820793,12641.165897487510,8395.436499820793,12641.165897487510
462000,172.929468259401,172.929468259401,179.807273719780,172.796200007117,172.796200007117,181.957168946661,222.850596737297,,8395.436499820793,12641.165897487510,8395.436499820793,12641.165897487510
463000,172.929468259401,172.929468259401,179.807273719780,172.796200007117,172.796200007117,181.957168946661,229.958890580033,,8395.436499820793,12641.165897487510,8395.436499820793,12641.165897487510
464000,172.929468259401,172.929468259401,179.807273719780,172.796200007117,172.796200007117,181.957168946661,207.647345318021,,8395.436499820793,12641.165897487510,8395.436499820793,12641.165897487510
465000,172.929468259401,172.929468259401,179.807273719780,172.796200007117,172.796200007117,181.957168946661,270.978682733256,,8395.436499820793,12641.165897487510,8395.436499820793,12641.165897487510
466000,172.929468259401,172.929468259401,179.807273719780,172.796200007117,172.796200007117,181.957168946661,234.029535939224,,8395.436499820793,12641.165897487510,8395.436499820793,12641.165897487510
467000,172.929468259401,172.929468259401,179.807273719780,172.796200007117,172.796200007117,181.957168946661,186.414807263893,,8395.436499820793,12641.165897487510,8395.436499820793,12641.165897487510
468000,172.929468259401,172.929468259401,179.807273719780,172.796200007117,172.796200007117,181.957168946661,208.784518940977,,8395.436499820793,12641.165897487510,8395.436499820793,12641.165897487510
469000,172.929468259401,172.929468259401,179.807273719780,172.796200007117,172.796200007117,181.957168946661,212.920941209823,,8395.436499820793,12641.165897487510,8395.436499820793,12641.165897487510
470000,172.929468259401,172.929468259401,179.807273719780,172.796200007117,172.796200007117,181.957168946661,365.758416338685,,8395.436499820793,12641.165897487510,8395.436499820793,12641.165897487510
471000,172.929468259401,172.929468259401,179.807273719780,172.796200007117,172.796200007117,181.957168946661,334.761139322611,,8395.436499820793,12641.165897487510,8395.436499820793,12641.165897487510
472000,172.929468259401,172.929468259401,179.807273719780,172.796200007117,172.796200007117,181.957168946661,303.783615290875,,8395.436499820793,12641.165897487510,8395.436499820793,12641.165897487510
473000,172.929468259401,172.929468259401,179.807273719780,172.796200007117,172.796200007117,181.957168946661,350.640518254172,,8395.436499820793,12641.165897487510,8395.436499820793,12641.165897487510
474000,172.929468259401,172.929468259401,179.807273719780,172.796200007117,172.796200007117,181.957168946661,273.656396730806,,8395.436499820793,12641.165897487510,8395.436499820793,12641.165897487510
475000,172.929468259401,172.929468259401,179.807273719780,172.796200007117,172.796200007117,181.957168946661,270.356124476935,,8395.436499820793,12641.165897487510,8395.436499820793,12641.165897487510
476000,172.929468259401,172.929468259401,179.807273719780,172.796200007117,172.796200007117,181.957168946661,330.568879091204,,8395.436499820793,12641.165897487510,8395.436499820793,12641.165897487510
477000,172.929468259401,172.929468259401,179.807273719780,172.796200007117,172.796200007117,181.957168946661,239.535667250893,,8395.436499820793,12641.165897487510,8395.436499820793,12641.165897487510
478000,172.929468259401,172.929468259401,172.929468259401,172.796200007117,172.796200007117,181.957168946661,172.929468259401,,8395.436499820793,12641.165897487510,8395.436499820793,12641.165897487510
479000,172.929468259401,172.929468259401,179.807273719780,172.796200007117,172.796200007117,181.957168946661,172.929468259401,,8395.436499820793,12641.165897487510,8395.436499820793,12641.165897487510
480000,172.547009804823,172.547009804823,188.745842376143,172.547009804823,172.547009804823,181.957168946661,172.547009804823,,8395.436499820793,12641.165897487510,8395.436499820793,12641.165897487510
481000,172.547009804823,172.547009804823,172.929468259401,172.547009804823,172.547009804823,181.957168946661,172.547009804823,,8395.436499820793,12641.165897487510,8395.436499820793,12641.165897487510
482000,172.547009804823,172.547009804823,178.401822418551,172.547009804823,172.547009804823,181.957168946661,172.929468259401,,8395.436499820793,12641.165897487510,8395.436499820793,12641.165897487510
483000,172.547009804823,172.547009804823,189.475058058805,172.547009804823,172.547009804823,181.957168946661,188.464091943700,,8395.436499820793,12641.165897487510,8395.436499820793,12641.165897487510
484000,172.547009804823,172.547009804823,189.475058058805,172.547009804823,172.547009804823,181.957168946661,196.802756797033,,8395.436499820793,12641.165897487510,8395.436499820793,12641.165897487510
485000,172.547009804823,172.547009804823,189.475058058805,172.547009804823,172.547009804823,181.957168946661,189.472248907379,,8395.436499820793,12641.165897487510,8395.436499820793,12641.165897487510
486000,172.547009804823,172.547009804823,189.475058058805,172.547009804823,172.547009804823,181.957168946661,195.350862237397,,8395.436499820793,12641.165897487510,8395.436499820793,12641.165897487510
487000,172.547009804823,172.547009804823,189.475058058805,172.547009804823,172.547009804823,181.957168946661,182.552430409357,,8395.436499820793,12641.165897487510,8395.436499820793,12641.165897487510
488000,172.547009804823,172.547009804823,189.475058058805,172.547009804823,172.547009804823,181.957168946661,182.552430409357,,8395.436499820793,12641.165897487510,8395.436499820793,12641.165897487510
489000,172.547009804823,172.547009804823,189.475058058805,172.547009804823,172.547009804823,181.957168946661,225.168647960281,,8395.436499820793,12641.165897487510,8395.436499820793,12641.165897487510
490000,172.547009804823,172.547009804823,189.475058058805,172.547009804823,172.547009804823,181.957168946661,216.588268107890,,8395.436499820793,12641.165897487510,8395.436499820793,12641.165897487510
491000,172.547009804823,172.547009804823,189.475058058805,172.547009804823,172.547009804823,181.957168946661,206.859494723834,,8395.436499820793,12641.165897487510,8395.436499820793,12641.165897487510
492000,172.547009804823,172.547009804823,189.475058058805,172.547009804823,172.547009804823,181.957168946661,239.309202432551,,8395.436499820793,12641.165897487510,8395.436499820793,12641.165897487510
493000,172.547009804823,172.547009804823,189.475058058805,172.547009804823,172.547009804823,181.957168946661,215.927829526254,,8395.436499820793,12641.165897487510,8395.436499820793,12641.165897487510
494000,172.547009804823,172.547009804823,189.475058058805,172.547009804823,172.547009804823,181.957168946661,206.710573954729,,8395.436499820793,12641.165897487510,8395.436499820793,12641.165897487510
495000,172.547009804823,172.547009804823,189.475058058805,172.547009804823,172.547009804823,181.957168946661,225.766628073731,,8395.436499820793,12641.165897487510,8395.436499820793,12641.165897487510
496000,172.547009804823,172.547009804823,189.475058058805,172.547009804823,172.547009804823,181.957168946661,203.322600370189,,8395.436499820793,12641.165897487510,8395.436499820793,12641.165897487510
497000,172.547009804823,172.547009804823,189.475058058805,172.547009804823,172.547009804823,181.957168946661,233.305346385301,,8395.436499820793,12641.165897487510,8395.436499820793,12641.165897487510
498000,172.547009804823,172.547009804823,189.475058058805,172.547009804823,172.547009804823,181.957168946661,276.210096915558,,8395.436499820793,12641.165897487510,8395.436499820793,12641.165897487510
499000,172.547009804823,172.547009804823,189.475058058805,172.547009804823,172.547009804823,181.957168946661,306.536939799386,,8395.436499820793,12641.165897487510,8395.436499820793,12641.165897487510
500000,172.547009804823,172.547009804823,189.475058058805,172.547009804823,172.547009804823,181.957168946661,297.109629182404,,8395.436499820793,12641.165897487510,8395.436499820793,12641.165897487510
