decisionCycle,generation,FE,group,cacheType,oldLeaderId,oldLeaderObjectives,dominatorCount,stale,replacementId,replacementObjectives,directionScore,firstKnownDominatedFE,refreshFE,dominanceAge,teacherExposure
2,1,200,G1_CMAX,PREVIOUS,[0, 3, 18, 9, 12, 16, 13, 10, 14, 2, 5, 15, 6, 11, 4, 19, 7, 8, 17, 1]|[2, 2, 1, 0, 1, 2, 0, 0, 1, 1, 2, 1, 1, 2, 1, 2, 2, 2, 0, 1]|[0, 1, 1, 3, 1, 0, 1, 2, 0, 0, 1, 1, 1, 1, 1, 0, 1, 1, 0, 1]|[0, 0, 0, 0, 1, 1, 0, 1, 0, 1, 1, 1, 0, 0, 0, 0, 1, 0, 2, 1],377.183620328362;12286.225280351602;28486.345630495394,5,true,[0, 3, 18, 9, 17, 16, 10, 2, 5, 19, 12, 11, 1, 13, 15, 4, 7, 8, 6, 14]|[0, 2, 1, 2, 2, 2, 2, 0, 2, 1, 1, 2, 1, 1, 1, 0, 2, 0, 2, 0]|[2, 0, 1, 0, 1, 1, 0, 3, 1, 0, 0, 0, 1, 1, 1, 0, 0, 2, 0, 3]|[0, 1, 0, 1, 0, 0, 1, 1, 0, 1, 1, 1, 1, 1, 1, 1, 1, 0, 1, 0],228.449661736182;11068.867479369335;19297.191032387185,228.449661736182,200,200,0,0
2,1,200,G1_CMAX,HISTORICAL,[0, 3, 18, 9, 12, 16, 13, 10, 14, 2, 5, 15, 6, 11, 4, 19, 7, 8, 17, 1]|[2, 2, 1, 0, 1, 2, 0, 0, 1, 1, 2, 1, 1, 2, 1, 2, 2, 2, 0, 1]|[0, 1, 1, 3, 1, 0, 1, 2, 0, 0, 1, 1, 1, 1, 1, 0, 1, 1, 0, 1]|[0, 0, 0, 0, 1, 1, 0, 1, 0, 1, 1, 1, 0, 0, 0, 0, 1, 0, 2, 1],377.183620328362;12286.225280351602;28486.345630495394,5,true,[0, 3, 18, 9, 17, 16, 10, 2, 5, 19, 12, 11, 1, 13, 15, 4, 7, 8, 6, 14]|[0, 2, 1, 2, 2, 2, 2, 0, 2, 1, 1, 2, 1, 1, 1, 0, 2, 0, 2, 0]|[2, 0, 1, 0, 1, 1, 0, 3, 1, 0, 0, 0, 1, 1, 1, 0, 0, 2, 0, 3]|[0, 1, 0, 1, 0, 0, 1, 1, 0, 1, 1, 1, 1, 1, 1, 1, 1, 0, 1, 0],228.449661736182;11068.867479369335;19297.191032387185,228.449661736182,200,200,0,1
2,1,200,G2_TEC,PREVIOUS,[17, 19, 1, 7, 12, 15, 10, 18, 14, 11, 4, 0, 2, 3, 13, 5, 9, 16, 6, 8]|[2, 1, 1, 2, 2, 2, 1, 0, 0, 2, 1, 0, 0, 1, 1, 2, 1, 1, 2, 2]|[0, 1, 0, 1, 1, 0, 1, 3, 3, 1, 0, 2, 3, 1, 0, 0, 0, 1, 0, 1]|[1, 0, 0, 1, 1, 0, 1, 1, 1, 0, 0, 1, 2, 0, 1, 1, 1, 0, 0, 1],449.877796347092;12218.483402070324;24195.790420328005,5,true,[0, 5, 2, 10, 13, 16, 1, 19, 9, 4, 14, 6, 15, 17, 7, 3, 8, 18, 11, 12]|[2, 2, 2, 2, 1, 1, 1, 2, 1, 1, 0, 0, 1, 1, 1, 2, 0, 0, 2, 1]|[0, 0, 0, 0, 1, 1, 1, 0, 1, 1, 2, 2, 1, 0, 1, 0, 3, 1, 0, 1]|[0, 0, 0, 1, 1, 1, 1, 0, 1, 0, 0, 2, 0, 1, 1, 1, 2, 1, 1, 1],341.593186842948;10577.005748716985;24135.576206569443,10577.005748716985,200,200,0,1
2,1,200,G2_TEC,HISTORICAL,[17, 19, 1, 7, 12, 15, 10, 18, 14, 11, 4, 0, 2, 3, 13, 5, 9, 16, 6, 8]|[2, 1, 1, 2, 2, 2, 1, 0, 0, 2, 1, 0, 0, 1, 1, 2, 1, 1, 2, 2]|[0, 1, 0, 1, 1, 0, 1, 3, 3, 1, 0, 2, 3, 1, 0, 0, 0, 1, 0, 1]|[1, 0, 0, 1, 1, 0, 1, 1, 1, 0, 0, 1, 2, 0, 1, 1, 1, 0, 0, 1],449.877796347092;12218.483402070324;24195.790420328005,5,true,[0, 5, 2, 10, 13, 16, 1, 19, 9, 4, 14, 6, 15, 17, 7, 3, 8, 18, 11, 12]|[2, 2, 2, 2, 1, 1, 1, 2, 1, 1, 0, 0, 1, 1, 1, 2, 0, 0, 2, 1]|[0, 0, 0, 0, 1, 1, 1, 0, 1, 1, 2, 2, 1, 0, 1, 0, 3, 1, 0, 1]|[0, 0, 0, 1, 1, 1, 1, 0, 1, 0, 0, 2, 0, 1, 1, 1, 2, 1, 1, 1],341.593186842948;10577.005748716985;24135.576206569443,10577.005748716985,200,200,0,0
2,1,200,G3_TWC,PREVIOUS,[18, 0, 4, 3, 11, 5, 9, 1, 16, 6, 8, 12, 19, 14, 10, 15, 7, 2, 13, 17]|[1, 0, 2, 0, 2, 2, 1, 1, 1, 0, 0, 2, 2, 0, 1, 0, 1, 2, 0, 1]|[0, 0, 0, 3, 1, 1, 1, 1, 0, 0, 2, 1, 1, 1, 1, 0, 1, 1, 0, 1]|[0, 0, 1, 2, 1, 1, 0, 0, 0, 1, 2, 1, 1, 2, 1, 1, 0, 0, 2, 1],348.418133065417;12895.826134212097;23608.668648855390,4,true,[18, 0, 4, 6, 7, 12, 15, 19, 3, 11, 9, 14, 5, 16, 10, 1, 13, 17, 8, 2]|[1, 0, 2, 0, 1, 1, 0, 2, 0, 0, 0, 1, 1, 0, 1, 2, 0, 1, 2, 2]|[1, 2, 0, 2, 1, 0, 3, 1, 3, 1, 3, 0, 1, 0, 1, 0, 0, 1, 1, 1]|[0, 0, 1, 2, 1, 1, 0, 1, 1, 0, 0, 1, 0, 0, 1, 0, 2, 1, 1, 1],336.726827742090;11089.621282817232;17102.485792663807,17102.485792663807,200,200,0,1
2,1,200,G3_TWC,HISTORICAL,[18, 0, 4, 3, 11, 5, 9, 1, 16, 6, 8, 12, 19, 14, 10, 15, 7, 2, 13, 17]|[1, 0, 2, 0, 2, 2, 1, 1, 1, 0, 0, 2, 2, 0, 1, 0, 1, 2, 0, 1]|[0, 0, 0, 3, 1, 1, 1, 1, 0, 0, 2, 1, 1, 1, 1, 0, 1, 1, 0, 1]|[0, 0, 1, 2, 1, 1, 0, 0, 0, 1, 2, 1, 1, 2, 1, 1, 0, 0, 2, 1],348.418133065417;12895.826134212097;23608.668648855390,4,true,[18, 0, 4, 6, 7, 12, 15, 19, 3, 11, 9, 14, 5, 16, 10, 1, 13, 17, 8, 2]|[1, 0, 2, 0, 1, 1, 0, 2, 0, 0, 0, 1, 1, 0, 1, 2, 0, 1, 2, 2]|[1, 2, 0, 2, 1, 0, 3, 1, 3, 1, 3, 0, 1, 0, 1, 0, 0, 1, 1, 1]|[0, 0, 1, 2, 1, 1, 0, 1, 1, 0, 0, 1, 0, 0, 1, 0, 2, 1, 1, 1],336.726827742090;11089.621282817232;17102.485792663807,17102.485792663807,200,200,0,0
2,1,200,G4_BALANCED,PREVIOUS,[0, 3, 18, 9, 12, 16, 13, 10, 14, 2, 5, 15, 6, 11, 4, 19, 7, 8, 17, 1]|[2, 2, 1, 0, 1, 2, 0, 0, 1, 1, 2, 1, 1, 2, 1, 2, 2, 2, 0, 1]|[0, 1, 1, 3, 1, 0, 1, 2, 0, 0, 1, 1, 1, 1, 1, 0, 1, 1, 0, 1]|[0, 0, 0, 0, 1, 1, 0, 1, 0, 1, 1, 1, 0, 0, 0, 0, 1, 0, 2, 1],377.183620328362;12286.225280351602;28486.345630495394,5,true,[8, 6, 18, 3, 17, 16, 10, 2, 5, 19, 12, 11, 1, 13, 15, 4, 7, 9, 0, 14]|[0, 2, 0, 2, 2, 2, 2, 0, 2, 1, 1, 2, 0, 1, 1, 0, 2, 0, 2, 0]|[2, 0, 0, 0, 1, 1, 0, 3, 1, 0, 0, 0, 1, 1, 1, 0, 0, 0, 0, 3]|[0, 1, 0, 1, 0, 0, 1, 1, 0, 1, 1, 1, 0, 1, 0, 1, 1, 0, 1, 0],274.382565755718;11285.616814637120;18005.681273850074,0.336224009004,200,200,0,1
2,1,200,G4_BALANCED,HISTORICAL,[0, 3, 18, 9, 12, 16, 13, 10, 14, 2, 5, 15, 6, 11, 4, 19, 7, 8, 17, 1]|[2, 2, 1, 0, 1, 2, 0, 0, 1, 1, 2, 1, 1, 2, 1, 2, 2, 2, 0, 1]|[0, 1, 1, 3, 1, 0, 1, 2, 0, 0, 1, 1, 1, 1, 1, 0, 1, 1, 0, 1]|[0, 0, 0, 0, 1, 1, 0, 1, 0, 1, 1, 1, 0, 0, 0, 0, 1, 0, 2, 1],377.183620328362;12286.225280351602;28486.345630495394,5,true,[8, 6, 18, 3, 17, 16, 10, 2, 5, 19, 12, 11, 1, 13, 15, 4, 7, 9, 0, 14]|[0, 2, 0, 2, 2, 2, 2, 0, 2, 1, 1, 2, 0, 1, 1, 0, 2, 0, 2, 0]|[2, 0, 0, 0, 1, 1, 0, 3, 1, 0, 0, 0, 1, 1, 1, 0, 0, 0, 0, 3]|[0, 1, 0, 1, 0, 0, 1, 1, 0, 1, 1, 1, 0, 1, 0, 1, 1, 0, 1, 0],274.382565755718;11285.616814637120;18005.681273850074,0.336224009004,200,200,0,0
3,1,300,G1_CMAX,PREVIOUS,[0, 3, 18, 9, 17, 16, 10, 2, 5, 19, 12, 11, 1, 13, 15, 4, 7, 8, 6, 14]|[0, 2, 1, 2, 2, 2, 2, 0, 2, 1, 1, 2, 1, 1, 1, 0, 2, 0, 2, 0]|[2, 0, 1, 0, 1, 1, 0, 3, 1, 0, 0, 0, 1, 1, 1, 0, 0, 2, 0, 3]|[0, 1, 0, 1, 0, 0, 1, 1, 0, 1, 1, 1, 1, 1, 1, 1, 1, 0, 1, 0],228.449661736182;11068.867479369335;19297.191032387185,0,false,[0, 3, 18, 9, 17, 16, 10, 2, 5, 19, 12, 11, 1, 13, 15, 4, 7, 8, 6, 14]|[0, 2, 1, 2, 2, 2, 2, 0, 2, 1, 1, 2, 1, 1, 1, 0, 2, 0, 2, 0]|[2, 0, 1, 0, 1, 1, 0, 3, 1, 0, 0, 0, 1, 1, 1, 0, 0, 2, 0, 3]|[0, 1, 0, 1, 0, 0, 1, 1, 0, 1, 1, 1, 1, 1, 1, 1, 1, 0, 1, 0],228.449661736182;11068.867479369335;19297.191032387185,228.449661736182,NOT_APPLICABLE,NOT_APPLICABLE,NOT_APPLICABLE,1
3,1,300,G1_CMAX,HISTORICAL,[0, 3, 18, 9, 17, 16, 10, 2, 5, 19, 12, 11, 1, 13, 15, 4, 7, 8, 6, 14]|[0, 2, 1, 2, 2, 2, 2, 0, 2, 1, 1, 2, 1, 1, 1, 0, 2, 0, 2, 0]|[2, 0, 1, 0, 1, 1, 0, 3, 1, 0, 0, 0, 1, 1, 1, 0, 0, 2, 0, 3]|[0, 1, 0, 1, 0, 0, 1, 1, 0, 1, 1, 1, 1, 1, 1, 1, 1, 0, 1, 0],228.449661736182;11068.867479369335;19297.191032387185,0,false,[0, 3, 18, 9, 17, 16, 10, 2, 5, 19, 12, 11, 1, 13, 15, 4, 7, 8, 6, 14]|[0, 2, 1, 2, 2, 2, 2, 0, 2, 1, 1, 2, 1, 1, 1, 0, 2, 0, 2, 0]|[2, 0, 1, 0, 1, 1, 0, 3, 1, 0, 0, 0, 1, 1, 1, 0, 0, 2, 0, 3]|[0, 1, 0, 1, 0, 0, 1, 1, 0, 1, 1, 1, 1, 1, 1, 1, 1, 0, 1, 0],228.449661736182;11068.867479369335;19297.191032387185,228.449661736182,NOT_APPLICABLE,NOT_APPLICABLE,NOT_APPLICABLE,1
3,1,300,G2_TEC,PREVIOUS,[0, 5, 2, 10, 13, 16, 1, 19, 9, 4, 14, 6, 15, 17, 7, 3, 8, 18, 11, 12]|[2, 2, 2, 2, 1, 1, 1, 2, 1, 1, 0, 0, 1, 1, 1, 2, 0, 0, 2, 1]|[0, 0, 0, 0, 1, 1, 1, 0, 1, 1, 2, 2, 1, 0, 1, 0, 3, 1, 0, 1]|[0, 0, 0, 1, 1, 1, 1, 0, 1, 0, 0, 2, 0, 1, 1, 1, 2, 1, 1, 1],341.593186842948;10577.005748716985;24135.576206569443,1,true,[0, 5, 2, 10, 13, 16, 1, 19, 9, 18, 12, 11, 6, 17, 15, 4, 7, 8, 3, 14]|[2, 2, 2, 2, 1, 1, 1, 2, 0, 1, 1, 2, 0, 1, 1, 0, 1, 0, 2, 0]|[0, 0, 0, 0, 1, 1, 1, 0, 0, 1, 1, 0, 2, 1, 1, 0, 1, 3, 0, 2]|[1, 0, 0, 1, 1, 1, 1, 0, 0, 0, 1, 1, 2, 1, 1, 1, 1, 2, 1, 0],321.309639517316;10210.767715383301;21811.486109707424,10210.767715383301,300,300,0,2
3,1,300,G2_TEC,HISTORICAL,[0, 5, 2, 10, 13, 16, 1, 19, 9, 4, 14, 6, 15, 17, 7, 3, 8, 18, 11, 12]|[2, 2, 2, 2, 1, 1, 1, 2, 1, 1, 0, 0, 1, 1, 1, 2, 0, 0, 2, 1]|[0, 0, 0, 0, 1, 1, 1, 0, 1, 1, 2, 2, 1, 0, 1, 0, 3, 1, 0, 1]|[0, 0, 0, 1, 1, 1, 1, 0, 1, 0, 0, 2, 0, 1, 1, 1, 2, 1, 1, 1],341.593186842948;10577.005748716985;24135.576206569443,1,true,[0, 5, 2, 10, 13, 16, 1, 19, 9, 18, 12, 11, 6, 17, 15, 4, 7, 8, 3, 14]|[2, 2, 2, 2, 1, 1, 1, 2, 0, 1, 1, 2, 0, 1, 1, 0, 1, 0, 2, 0]|[0, 0, 0, 0, 1, 1, 1, 0, 0, 1, 1, 0, 2, 1, 1, 0, 1, 3, 0, 2]|[1, 0, 0, 1, 1, 1, 1, 0, 0, 0, 1, 1, 2, 1, 1, 1, 1, 2, 1, 0],321.309639517316;10210.767715383301;21811.486109707424,10210.767715383301,300,300,0,0
3,1,300,G3_TWC,PREVIOUS,[18, 0, 4, 6, 7, 12, 15, 19, 3, 11, 9, 14, 5, 16, 10, 1, 13, 17, 8, 2]|[1, 0, 2, 0, 1, 1, 0, 2, 0, 0, 0, 1, 1, 0, 1, 2, 0, 1, 2, 2]|[1, 2, 0, 2, 1, 0, 3, 1, 3, 1, 3, 0, 1, 0, 1, 0, 0, 1, 1, 1]|[0, 0, 1, 2, 1, 1, 0, 1, 1, 0, 0, 1, 0, 0, 1, 0, 2, 1, 1, 1],336.726827742090;11089.621282817232;17102.485792663807,0,false,[18, 0, 4, 6, 7, 12, 15, 19, 3, 11, 9, 14, 5, 16, 10, 1, 13, 17, 8, 2]|[1, 0, 2, 0, 1, 1, 0, 2, 0, 0, 0, 1, 1, 0, 1, 2, 0, 1, 2, 2]|[1, 2, 0, 2, 1, 0, 3, 1, 3, 1, 3, 0, 1, 0, 1, 0, 0, 1, 1, 1]|[0, 0, 1, 2, 1, 1, 0, 1, 1, 0, 0, 1, 0, 0, 1, 0, 2, 1, 1, 1],336.726827742090;11089.621282817232;17102.485792663807,17102.485792663807,NOT_APPLICABLE,NOT_APPLICABLE,NOT_APPLICABLE,2
3,1,300,G3_TWC,HISTORICAL,[18, 0, 4, 6, 7, 12, 15, 19, 3, 11, 9, 14, 5, 16, 10, 1, 13, 17, 8, 2]|[1, 0, 2, 0, 1, 1, 0, 2, 0, 0, 0, 1, 1, 0, 1, 2, 0, 1, 2, 2]|[1, 2, 0, 2, 1, 0, 3, 1, 3, 1, 3, 0, 1, 0, 1, 0, 0, 1, 1, 1]|[0, 0, 1, 2, 1, 1, 0, 1, 1, 0, 0, 1, 0, 0, 1, 0, 2, 1, 1, 1],336.726827742090;11089.621282817232;17102.485792663807,0,false,[18, 0, 4, 6, 7, 12, 15, 19, 3, 11, 9, 14, 5, 16, 10, 1, 13, 17, 8, 2]|[1, 0, 2, 0, 1, 1, 0, 2, 0, 0, 0, 1, 1, 0, 1, 2, 0, 1, 2, 2]|[1, 2, 0, 2, 1, 0, 3, 1, 3, 1, 3, 0, 1, 0, 1, 0, 0, 1, 1, 1]|[0, 0, 1, 2, 1, 1, 0, 1, 1, 0, 0, 1, 0, 0, 1, 0, 2, 1, 1, 1],336.726827742090;11089.621282817232;17102.485792663807,17102.485792663807,NOT_APPLICABLE,NOT_APPLICABLE,NOT_APPLICABLE,0
3,1,300,G4_BALANCED,PREVIOUS,[8, 6, 18, 3, 17, 16, 10, 2, 5, 19, 12, 11, 1, 13, 15, 4, 7, 9, 0, 14]|[0, 2, 0, 2, 2, 2, 2, 0, 2, 1, 1, 2, 0, 1, 1, 0, 2, 0, 2, 0]|[2, 0, 0, 0, 1, 1, 0, 3, 1, 0, 0, 0, 1, 1, 1, 0, 0, 0, 0, 3]|[0, 1, 0, 1, 0, 0, 1, 1, 0, 1, 1, 1, 0, 1, 0, 1, 1, 0, 1, 0],274.382565755718;11285.616814637120;18005.681273850074,0,false,[8, 6, 18, 3, 17, 16, 10, 2, 5, 19, 12, 11, 1, 13, 15, 4, 7, 9, 0, 14]|[0, 2, 0, 2, 2, 2, 2, 0, 2, 1, 1, 2, 0, 1, 1, 0, 2, 0, 2, 0]|[2, 0, 0, 0, 1, 1, 0, 3, 1, 0, 0, 0, 1, 1, 1, 0, 0, 0, 0, 3]|[0, 1, 0, 1, 0, 0, 1, 1, 0, 1, 1, 1, 0, 1, 0, 1, 1, 0, 1, 0],274.382565755718;11285.616814637120;18005.681273850074,0.533886103411,NOT_APPLICABLE,NOT_APPLICABLE,NOT_APPLICABLE,2
3,1,300,G4_BALANCED,HISTORICAL,[8, 6, 18, 3, 17, 16, 10, 2, 5, 19, 12, 11, 1, 13, 15, 4, 7, 9, 0, 14]|[0, 2, 0, 2, 2, 2, 2, 0, 2, 1, 1, 2, 0, 1, 1, 0, 2, 0, 2, 0]|[2, 0, 0, 0, 1, 1, 0, 3, 1, 0, 0, 0, 1, 1, 1, 0, 0, 0, 0, 3]|[0, 1, 0, 1, 0, 0, 1, 1, 0, 1, 1, 1, 0, 1, 0, 1, 1, 0, 1, 0],274.382565755718;11285.616814637120;18005.681273850074,0,false,[8, 6, 18, 3, 17, 16, 10, 2, 5, 19, 12, 11, 1, 13, 15, 4, 7, 9, 0, 14]|[0, 2, 0, 2, 2, 2, 2, 0, 2, 1, 1, 2, 0, 1, 1, 0, 2, 0, 2, 0]|[2, 0, 0, 0, 1, 1, 0, 3, 1, 0, 0, 0, 1, 1, 1, 0, 0, 0, 0, 3]|[0, 1, 0, 1, 0, 0, 1, 1, 0, 1, 1, 1, 0, 1, 0, 1, 1, 0, 1, 0],274.382565755718;11285.616814637120;18005.681273850074,0.533886103411,NOT_APPLICABLE,NOT_APPLICABLE,NOT_APPLICABLE,0
4,1,400,G1_CMAX,PREVIOUS,[0, 3, 18, 9, 17, 16, 10, 2, 5, 19, 12, 11, 1, 13, 15, 4, 7, 8, 6, 14]|[0, 2, 1, 2, 2, 2, 2, 0, 2, 1, 1, 2, 1, 1, 1, 0, 2, 0, 2, 0]|[2, 0, 1, 0, 1, 1, 0, 3, 1, 0, 0, 0, 1, 1, 1, 0, 0, 2, 0, 3]|[0, 1, 0, 1, 0, 0, 1, 1, 0, 1, 1, 1, 1, 1, 1, 1, 1, 0, 1, 0],228.449661736182;11068.867479369335;19297.191032387185,0,false,[0, 3, 18, 9, 17, 16, 10, 2, 5, 19, 12, 11, 1, 13, 15, 4, 7, 8, 6, 14]|[0, 2, 1, 2, 2, 2, 2, 0, 2, 1, 1, 2, 1, 1, 1, 0, 2, 0, 2, 0]|[2, 0, 1, 0, 1, 1, 0, 3, 1, 0, 0, 0, 1, 1, 1, 0, 0, 2, 0, 3]|[0, 1, 0, 1, 0, 0, 1, 1, 0, 1, 1, 1, 1, 1, 1, 1, 1, 0, 1, 0],228.449661736182;11068.867479369335;19297.191032387185,228.449661736182,NOT_APPLICABLE,NOT_APPLICABLE,NOT_APPLICABLE,1
4,1,400,G1_CMAX,HISTORICAL,[0, 3, 18, 9, 17, 16, 10, 2, 5, 19, 12, 11, 1, 13, 15, 4, 7, 8, 6, 14]|[0, 2, 1, 2, 2, 2, 2, 0, 2, 1, 1, 2, 1, 1, 1, 0, 2, 0, 2, 0]|[2, 0, 1, 0, 1, 1, 0, 3, 1, 0, 0, 0, 1, 1, 1, 0, 0, 2, 0, 3]|[0, 1, 0, 1, 0, 0, 1, 1, 0, 1, 1, 1, 1, 1, 1, 1, 1, 0, 1, 0],228.449661736182;11068.867479369335;19297.191032387185,0,false,[0, 3, 18, 9, 17, 16, 10, 2, 5, 19, 12, 11, 1, 13, 15, 4, 7, 8, 6, 14]|[0, 2, 1, 2, 2, 2, 2, 0, 2, 1, 1, 2, 1, 1, 1, 0, 2, 0, 2, 0]|[2, 0, 1, 0, 1, 1, 0, 3, 1, 0, 0, 0, 1, 1, 1, 0, 0, 2, 0, 3]|[0, 1, 0, 1, 0, 0, 1, 1, 0, 1, 1, 1, 1, 1, 1, 1, 1, 0, 1, 0],228.449661736182;11068.867479369335;19297.191032387185,228.449661736182,NOT_APPLICABLE,NOT_APPLICABLE,NOT_APPLICABLE,2
4,1,400,G2_TEC,PREVIOUS,[0, 5, 2, 10, 13, 16, 1, 19, 9, 18, 12, 11, 6, 17, 15, 4, 7, 8, 3, 14]|[2, 2, 2, 2, 1, 1, 1, 2, 0, 1, 1, 2, 0, 1, 1, 0, 1, 0, 2, 0]|[0, 0, 0, 0, 1, 1, 1, 0, 0, 1, 1, 0, 2, 1, 1, 0, 1, 3, 0, 2]|[1, 0, 0, 1, 1, 1, 1, 0, 0, 0, 1, 1, 2, 1, 1, 1, 1, 2, 1, 0],321.309639517316;10210.767715383301;21811.486109707424,1,true,[2, 5, 0, 10, 13, 16, 1, 19, 9, 18, 12, 11, 6, 17, 15, 4, 7, 8, 3, 14]|[2, 2, 2, 2, 1, 1, 1, 2, 0, 1, 1, 2, 0, 1, 1, 0, 1, 0, 2, 0]|[0, 0, 0, 0, 1, 1, 1, 0, 0, 1, 1, 0, 2, 1, 1, 0, 1, 3, 0, 2]|[1, 0, 1, 1, 1, 1, 1, 0, 0, 0, 1, 1, 2, 1, 1, 1, 1, 2, 1, 0],302.427054249623;10017.946341262154;21034.368418422110,10017.946341262154,400,400,0,2
4,1,400,G2_TEC,HISTORICAL,[0, 5, 2, 10, 13, 16, 1, 19, 9, 18, 12, 11, 6, 17, 15, 4, 7, 8, 3, 14]|[2, 2, 2, 2, 1, 1, 1, 2, 0, 1, 1, 2, 0, 1, 1, 0, 1, 0, 2, 0]|[0, 0, 0, 0, 1, 1, 1, 0, 0, 1, 1, 0, 2, 1, 1, 0, 1, 3, 0, 2]|[1, 0, 0, 1, 1, 1, 1, 0, 0, 0, 1, 1, 2, 1, 1, 1, 1, 2, 1, 0],321.309639517316;10210.767715383301;21811.486109707424,1,true,[2, 5, 0, 10, 13, 16, 1, 19, 9, 18, 12, 11, 6, 17, 15, 4, 7, 8, 3, 14]|[2, 2, 2, 2, 1, 1, 1, 2, 0, 1, 1, 2, 0, 1, 1, 0, 1, 0, 2, 0]|[0, 0, 0, 0, 1, 1, 1, 0, 0, 1, 1, 0, 2, 1, 1, 0, 1, 3, 0, 2]|[1, 0, 1, 1, 1, 1, 1, 0, 0, 0, 1, 1, 2, 1, 1, 1, 1, 2, 1, 0],302.427054249623;10017.946341262154;21034.368418422110,10017.946341262154,400,400,0,1
4,1,400,G3_TWC,PREVIOUS,[18, 0, 4, 6, 7, 12, 15, 19, 3, 11, 9, 14, 5, 16, 10, 1, 13, 17, 8, 2]|[1, 0, 2, 0, 1, 1, 0, 2, 0, 0, 0, 1, 1, 0, 1, 2, 0, 1, 2, 2]|[1, 2, 0, 2, 1, 0, 3, 1, 3, 1, 3, 0, 1, 0, 1, 0, 0, 1, 1, 1]|[0, 0, 1, 2, 1, 1, 0, 1, 1, 0, 0, 1, 0, 0, 1, 0, 2, 1, 1, 1],336.726827742090;11089.621282817232;17102.485792663807,2,true,[0, 5, 2, 10, 13, 16, 1, 14, 19, 18, 17, 7, 12, 8, 3, 11, 4, 15, 6, 9]|[0, 2, 2, 1, 1, 0, 1, 0, 2, 0, 1, 0, 1, 2, 1, 0, 2, 0, 0, 1]|[3, 0, 0, 0, 1, 2, 1, 2, 0, 2, 1, 2, 1, 1, 1, 3, 1, 3, 2, 1]|[2, 1, 0, 0, 1, 2, 1, 0, 0, 0, 1, 0, 1, 1, 1, 2, 0, 1, 2, 1],333.849707831819;10805.794828563612;16853.767643051247,16853.767643051247,400,400,0,2
4,1,400,G3_TWC,HISTORICAL,[18, 0, 4, 6, 7, 12, 15, 19, 3, 11, 9, 14, 5, 16, 10, 1, 13, 17, 8, 2]|[1, 0, 2, 0, 1, 1, 0, 2, 0, 0, 0, 1, 1, 0, 1, 2, 0, 1, 2, 2]|[1, 2, 0, 2, 1, 0, 3, 1, 3, 1, 3, 0, 1, 0, 1, 0, 0, 1, 1, 1]|[0, 0, 1, 2, 1, 1, 0, 1, 1, 0, 0, 1, 0, 0, 1, 0, 2, 1, 1, 1],336.726827742090;11089.621282817232;17102.485792663807,2,true,[0, 5, 2, 10, 13, 16, 1, 14, 19, 18, 17, 7, 12, 8, 3, 11, 4, 15, 6, 9]|[0, 2, 2, 1, 1, 0, 1, 0, 2, 0, 1, 0, 1, 2, 1, 0, 2, 0, 0, 1]|[3, 0, 0, 0, 1, 2, 1, 2, 0, 2, 1, 2, 1, 1, 1, 3, 1, 3, 2, 1]|[2, 1, 0, 0, 1, 2, 1, 0, 0, 0, 1, 0, 1, 1, 1, 2, 0, 1, 2, 1],333.849707831819;10805.794828563612;16853.767643051247,16853.767643051247,400,400,0,1
4,1,400,G4_BALANCED,PREVIOUS,[8, 6, 18, 3, 17, 16, 10, 2, 5, 19, 12, 11, 1, 13, 15, 4, 7, 9, 0, 14]|[0, 2, 0, 2, 2, 2, 2, 0, 2, 1, 1, 2, 0, 1, 1, 0, 2, 0, 2, 0]|[2, 0, 0, 0, 1, 1, 0, 3, 1, 0, 0, 0, 1, 1, 1, 0, 0, 0, 0, 3]|[0, 1, 0, 1, 0, 0, 1, 1, 0, 1, 1, 1, 0, 1, 0, 1, 1, 0, 1, 0],274.382565755718;11285.616814637120;18005.681273850074,0,false,[8, 6, 18, 3, 17, 16, 10, 2, 5, 19, 12, 11, 1, 13, 15, 4, 7, 9, 0, 14]|[0, 2, 0, 2, 2, 2, 2, 0, 2, 1, 1, 2, 0, 1, 1, 0, 2, 0, 2, 0]|[2, 0, 0, 0, 1, 1, 0, 3, 1, 0, 0, 0, 1, 1, 1, 0, 0, 0, 0, 3]|[0, 1, 0, 1, 0, 0, 1, 1, 0, 1, 1, 1, 0, 1, 0, 1, 1, 0, 1, 0],274.382565755718;11285.616814637120;18005.681273850074,0.593525382927,NOT_APPLICABLE,NOT_APPLICABLE,NOT_APPLICABLE,2
4,1,400,G4_BALANCED,HISTORICAL,[8, 6, 18, 3, 17, 16, 10, 2, 5, 19, 12, 11, 1, 13, 15, 4, 7, 9, 0, 14]|[0, 2, 0, 2, 2, 2, 2, 0, 2, 1, 1, 2, 0, 1, 1, 0, 2, 0, 2, 0]|[2, 0, 0, 0, 1, 1, 0, 3, 1, 0, 0, 0, 1, 1, 1, 0, 0, 0, 0, 3]|[0, 1, 0, 1, 0, 0, 1, 1, 0, 1, 1, 1, 0, 1, 0, 1, 1, 0, 1, 0],274.382565755718;11285.616814637120;18005.681273850074,0,false,[8, 6, 18, 3, 17, 16, 10, 2, 5, 19, 12, 11, 1, 13, 15, 4, 7, 9, 0, 14]|[0, 2, 0, 2, 2, 2, 2, 0, 2, 1, 1, 2, 0, 1, 1, 0, 2, 0, 2, 0]|[2, 0, 0, 0, 1, 1, 0, 3, 1, 0, 0, 0, 1, 1, 1, 0, 0, 0, 0, 3]|[0, 1, 0, 1, 0, 0, 1, 1, 0, 1, 1, 1, 0, 1, 0, 1, 1, 0, 1, 0],274.382565755718;11285.616814637120;18005.681273850074,0.593525382927,NOT_APPLICABLE,NOT_APPLICABLE,NOT_APPLICABLE,1
5,1,500,G1_CMAX,PREVIOUS,[8, 6, 18, 3, 17, 16, 10, 2, 5, 0, 9, 1, 13, 15, 19, 11, 12, 7, 14, 4]|[2, 0, 0, 2, 2, 2, 1, 0, 1, 0, 0, 0, 1, 0, 0, 2, 1, 1, 0, 1]|[0, 0, 0, 1, 1, 1, 1, 3, 1, 2, 0, 1, 1, 0, 2, 0, 0, 1, 1, 0]|[0, 1, 0, 0, 1, 0, 0, 1, 1, 1, 0, 0, 1, 1, 0, 1, 1, 0, 2, 0],359.214116136742;12153.778286855419;16742.099348174692,2,true,[11, 5, 12, 19, 9, 2, 10, 16, 17, 18, 15, 13, 0, 8, 1, 4, 7, 3, 14, 6]|[0, 0, 0, 2, 0, 2, 1, 1, 2, 1, 1, 2, 2, 0, 1, 0, 2, 0, 1, 2]|[2, 1, 3, 0, 0, 0, 0, 1, 1, 1, 1, 1, 0, 2, 1, 1, 0, 1, 0, 0]|[0, 2, 0, 1, 2, 0, 0, 1, 1, 1, 1, 0, 1, 0, 1, 1, 1, 2, 0, 1],294.072086345528;11850.396182148408;16329.875592889039,294.072086345528,500,500,0,1
5,1,500,G1_CMAX,HISTORICAL,[0, 3, 18, 9, 17, 16, 10, 2, 5, 19, 12, 11, 1, 13, 15, 4, 7, 8, 6, 14]|[0, 2, 1, 2, 2, 2, 2, 0, 2, 1, 1, 2, 1, 1, 1, 0, 2, 0, 2, 0]|[2, 0, 1, 0, 1, 1, 0, 3, 1, 0, 0, 0, 1, 1, 1, 0, 0, 2, 0, 3]|[0, 1, 0, 1, 0, 0, 1, 1, 0, 1, 1, 1, 1, 1, 1, 1, 1, 0, 1, 0],228.449661736182;11068.867479369335;19297.191032387185,0,false,[0, 3, 18, 9, 17, 16, 10, 2, 5, 19, 12, 11, 1, 13, 15, 4, 7, 8, 6, 14]|[0, 2, 1, 2, 2, 2, 2, 0, 2, 1, 1, 2, 1, 1, 1, 0, 2, 0, 2, 0]|[2, 0, 1, 0, 1, 1, 0, 3, 1, 0, 0, 0, 1, 1, 1, 0, 0, 2, 0, 3]|[0, 1, 0, 1, 0, 0, 1, 1, 0, 1, 1, 1, 1, 1, 1, 1, 1, 0, 1, 0],228.449661736182;11068.867479369335;19297.191032387185,228.449661736182,NOT_APPLICABLE,NOT_APPLICABLE,NOT_APPLICABLE,2
5,1,500,G2_TEC,PREVIOUS,[2, 5, 0, 10, 13, 16, 1, 19, 9, 18, 12, 11, 6, 17, 15, 4, 7, 8, 3, 14]|[2, 2, 2, 2, 1, 1, 1, 2, 0, 1, 1, 2, 0, 1, 1, 0, 1, 0, 2, 0]|[0, 0, 0, 0, 1, 1, 1, 0, 0, 1, 1, 0, 2, 1, 1, 0, 1, 3, 0, 2]|[1, 0, 1, 1, 1, 1, 1, 0, 0, 0, 1, 1, 2, 1, 1, 1, 1, 2, 1, 0],302.427054249623;10017.946341262154;21034.368418422110,0,false,[2, 5, 0, 10, 13, 16, 1, 19, 9, 18, 12, 11, 6, 17, 15, 4, 7, 8, 3, 14]|[2, 2, 2, 2, 1, 1, 1, 2, 0, 1, 1, 2, 0, 1, 1, 0, 1, 0, 2, 0]|[0, 0, 0, 0, 1, 1, 1, 0, 0, 1, 1, 0, 2, 1, 1, 0, 1, 3, 0, 2]|[1, 0, 1, 1, 1, 1, 1, 0, 0, 0, 1, 1, 2, 1, 1, 1, 1, 2, 1, 0],302.427054249623;10017.946341262154;21034.368418422110,10017.946341262154,NOT_APPLICABLE,NOT_APPLICABLE,NOT_APPLICABLE,3
5,1,500,G2_TEC,HISTORICAL,[2, 5, 0, 10, 13, 16, 1, 19, 9, 18, 12, 11, 6, 17, 15, 4, 7, 8, 3, 14]|[2, 2, 2, 2, 1, 1, 1, 2, 0, 1, 1, 2, 0, 1, 1, 0, 1, 0, 2, 0]|[0, 0, 0, 0, 1, 1, 1, 0, 0, 1, 1, 0, 2, 1, 1, 0, 1, 3, 0, 2]|[1, 0, 1, 1, 1, 1, 1, 0, 0, 0, 1, 1, 2, 1, 1, 1, 1, 2, 1, 0],302.427054249623;10017.946341262154;21034.368418422110,0,false,[2, 5, 0, 10, 13, 16, 1, 19, 9, 18, 12, 11, 6, 17, 15, 4, 7, 8, 3, 14]|[2, 2, 2, 2, 1, 1, 1, 2, 0, 1, 1, 2, 0, 1, 1, 0, 1, 0, 2, 0]|[0, 0, 0, 0, 1, 1, 1, 0, 0, 1, 1, 0, 2, 1, 1, 0, 1, 3, 0, 2]|[1, 0, 1, 1, 1, 1, 1, 0, 0, 0, 1, 1, 2, 1, 1, 1, 1, 2, 1, 0],302.427054249623;10017.946341262154;21034.368418422110,10017.946341262154,NOT_APPLICABLE,NOT_APPLICABLE,NOT_APPLICABLE,1
5,1,500,G3_TWC,PREVIOUS,[18, 0, 4, 6, 7, 12, 15, 19, 3, 2, 16, 14, 8, 10, 5, 1, 9, 13, 11, 17]|[0, 2, 2, 0, 1, 2, 0, 2, 0, 1, 0, 1, 0, 1, 1, 1, 2, 0, 0, 1]|[3, 0, 1, 2, 1, 1, 3, 1, 3, 1, 0, 0, 3, 1, 1, 0, 1, 0, 1, 1]|[2, 1, 0, 2, 1, 1, 0, 1, 1, 1, 0, 1, 1, 0, 0, 1, 0, 2, 0, 1],293.883689886899;11058.525112757860;16956.038859179433,0,false,[18, 0, 4, 6, 7, 12, 15, 19, 3, 2, 16, 14, 8, 10, 5, 1, 9, 13, 11, 17]|[0, 2, 2, 0, 1, 2, 0, 2, 0, 1, 0, 1, 0, 1, 1, 1, 2, 0, 0, 1]|[3, 0, 1, 2, 1, 1, 3, 1, 3, 1, 0, 0, 3, 1, 1, 0, 1, 0, 1, 1]|[2, 1, 0, 2, 1, 1, 0, 1, 1, 1, 0, 1, 1, 0, 0, 1, 0, 2, 0, 1],293.883689886899;11058.525112757860;16956.038859179433,16956.038859179433,NOT_APPLICABLE,NOT_APPLICABLE,NOT_APPLICABLE,2
5,1,500,G3_TWC,HISTORICAL,[0, 5, 2, 10, 13, 16, 1, 14, 19, 18, 17, 7, 12, 8, 3, 11, 4, 15, 6, 9]|[0, 2, 2, 1, 1, 0, 1, 0, 2, 0, 1, 0, 1, 2, 1, 0, 2, 0, 0, 1]|[3, 0, 0, 0, 1, 2, 1, 2, 0, 2, 1, 2, 1, 1, 1, 3, 1, 3, 2, 1]|[2, 1, 0, 0, 1, 2, 1, 0, 0, 0, 1, 0, 1, 1, 1, 2, 0, 1, 2, 1],333.849707831819;10805.794828563612;16853.767643051247,1,true,[2, 5, 0, 10, 13, 3, 4, 7, 8, 17, 9, 19, 12, 15, 6, 1, 18, 16, 14, 11]|[1, 2, 2, 1, 2, 0, 0, 0, 2, 2, 2, 0, 1, 0, 0, 1, 1, 1, 0, 2]|[1, 1, 1, 1, 1, 3, 0, 3, 0, 1, 0, 3, 1, 1, 3, 0, 1, 1, 3, 0]|[1, 1, 0, 1, 0, 1, 2, 1, 1, 0, 1, 2, 1, 2, 1, 1, 0, 1, 0, 1],308.730444643416;10380.285348901994;16594.851615400800,16594.851615400800,500,500,0,1
5,1,500,G4_BALANCED,PREVIOUS,[18, 0, 4, 6, 17, 16, 10, 2, 5, 19, 12, 11, 1, 13, 15, 3, 7, 8, 9, 14]|[0, 2, 1, 0, 2, 2, 2, 0, 1, 1, 1, 2, 2, 0, 1, 0, 2, 0, 0, 1]|[0, 0, 1, 2, 1, 1, 0, 3, 1, 0, 0, 0, 0, 0, 1, 0, 0, 2, 0, 0]|[0, 1, 0, 2, 0, 0, 1, 1, 0, 1, 1, 1, 0, 2, 0, 1, 1, 0, 0, 1],253.616469020965;11373.716657706464;17829.295047911008,0,false,[18, 0, 4, 6, 17, 16, 10, 2, 5, 19, 12, 11, 1, 13, 15, 3, 7, 8, 9, 14]|[0, 2, 1, 0, 2, 2, 2, 0, 1, 1, 1, 2, 2, 0, 1, 0, 2, 0, 0, 1]|[0, 0, 1, 2, 1, 1, 0, 3, 1, 0, 0, 0, 0, 0, 1, 0, 0, 2, 0, 0]|[0, 1, 0, 2, 0, 0, 1, 1, 0, 1, 1, 1, 0, 2, 0, 1, 1, 0, 0, 1],253.616469020965;11373.716657706464;17829.295047911008,0.667566471679,NOT_APPLICABLE,NOT_APPLICABLE,NOT_APPLICABLE,2
5,1,500,G4_BALANCED,HISTORICAL,[18, 0, 4, 6, 17, 16, 10, 2, 5, 19, 12, 11, 1, 13, 15, 3, 7, 8, 9, 14]|[0, 2, 1, 0, 2, 2, 2, 0, 1, 1, 1, 2, 2, 0, 1, 0, 2, 0, 0, 1]|[0, 0, 1, 2, 1, 1, 0, 3, 1, 0, 0, 0, 0, 0, 1, 0, 0, 2, 0, 0]|[0, 1, 0, 2, 0, 0, 1, 1, 0, 1, 1, 1, 0, 2, 0, 1, 1, 0, 0, 1],253.616469020965;11373.716657706464;17829.295047911008,0,false,[18, 0, 4, 6, 17, 16, 10, 2, 5, 19, 12, 11, 1, 13, 15, 3, 7, 8, 9, 14]|[0, 2, 1, 0, 2, 2, 2, 0, 1, 1, 1, 2, 2, 0, 1, 0, 2, 0, 0, 1]|[0, 0, 1, 2, 1, 1, 0, 3, 1, 0, 0, 0, 0, 0, 1, 0, 0, 2, 0, 0]|[0, 1, 0, 2, 0, 0, 1, 1, 0, 1, 1, 1, 0, 2, 0, 1, 1, 0, 0, 1],253.616469020965;11373.716657706464;17829.295047911008,0.667566471679,NOT_APPLICABLE,NOT_APPLICABLE,NOT_APPLICABLE,1
6,1,600,G1_CMAX,PREVIOUS,[11, 5, 12, 19, 9, 2, 10, 16, 17, 18, 15, 13, 0, 8, 1, 4, 7, 3, 14, 6]|[0, 0, 0, 2, 0, 2, 1, 1, 2, 1, 1, 2, 2, 0, 1, 0, 2, 0, 1, 2]|[2, 1, 3, 0, 0, 0, 0, 1, 1, 1, 1, 1, 0, 2, 1, 1, 0, 1, 0, 0]|[0, 2, 0, 1, 2, 0, 0, 1, 1, 1, 1, 0, 1, 0, 1, 1, 1, 2, 0, 1],294.072086345528;11850.396182148408;16329.875592889039,0,false,[11, 5, 12, 19, 9, 2, 10, 16, 17, 18, 15, 13, 0, 8, 1, 4, 7, 3, 14, 6]|[0, 0, 0, 2, 0, 2, 1, 1, 2, 1, 1, 2, 2, 0, 1, 0, 2, 0, 1, 2]|[2, 1, 3, 0, 0, 0, 0, 1, 1, 1, 1, 1, 0, 2, 1, 1, 0, 1, 0, 0]|[0, 2, 0, 1, 2, 0, 0, 1, 1, 1, 1, 0, 1, 0, 1, 1, 1, 2, 0, 1],294.072086345528;11850.396182148408;16329.875592889039,294.072086345528,NOT_APPLICABLE,NOT_APPLICABLE,NOT_APPLICABLE,2
6,1,600,G1_CMAX,HISTORICAL,[0, 3, 18, 9, 17, 16, 10, 2, 5, 19, 12, 11, 1, 13, 15, 4, 7, 8, 6, 14]|[0, 2, 1, 2, 2, 2, 2, 0, 2, 1, 1, 2, 1, 1, 1, 0, 2, 0, 2, 0]|[2, 0, 1, 0, 1, 1, 0, 3, 1, 0, 0, 0, 1, 1, 1, 0, 0, 2, 0, 3]|[0, 1, 0, 1, 0, 0, 1, 1, 0, 1, 1, 1, 1, 1, 1, 1, 1, 0, 1, 0],228.449661736182;11068.867479369335;19297.191032387185,1,true,[2, 5, 18, 3, 17, 16, 10, 19, 9, 0, 12, 11, 6, 13, 8, 4, 7, 15, 1, 14]|[2, 2, 1, 2, 2, 2, 2, 1, 0, 0, 1, 2, 0, 1, 0, 0, 1, 1, 1, 0]|[0, 1, 1, 0, 1, 1, 0, 0, 0, 0, 1, 0, 2, 1, 3, 0, 1, 1, 1, 2]|[1, 0, 0, 1, 0, 0, 1, 1, 0, 0, 1, 1, 2, 1, 2, 1, 1, 0, 1, 0],212.486886486229;10990.204461582969;17464.177975151080,212.486886486229,600,600,0,2
6,1,600,G2_TEC,PREVIOUS,[2, 5, 0, 10, 13, 16, 1, 19, 9, 18, 12, 11, 6, 17, 15, 4, 7, 8, 3, 14]|[2, 2, 2, 2, 1, 1, 1, 2, 0, 1, 1, 2, 0, 1, 1, 0, 1, 0, 2, 0]|[0, 0, 0, 0, 1, 1, 1, 0, 0, 1, 1, 0, 2, 1, 1, 0, 1, 3, 0, 2]|[1, 0, 1, 1, 1, 1, 1, 0, 0, 0, 1, 1, 2, 1, 1, 1, 1, 2, 1, 0],302.427054249623;10017.946341262154;21034.368418422110,0,false,[2, 5, 0, 10, 13, 16, 1, 19, 9, 18, 12, 11, 6, 17, 15, 4, 7, 8, 3, 14]|[2, 2, 2, 2, 1, 1, 1, 2, 0, 1, 1, 2, 0, 1, 1, 0, 1, 0, 2, 0]|[0, 0, 0, 0, 1, 1, 1, 0, 0, 1, 1, 0, 2, 1, 1, 0, 1, 3, 0, 2]|[1, 0, 1, 1, 1, 1, 1, 0, 0, 0, 1, 1, 2, 1, 1, 1, 1, 2, 1, 0],302.427054249623;10017.946341262154;21034.368418422110,10017.946341262154,NOT_APPLICABLE,NOT_APPLICABLE,NOT_APPLICABLE,3
6,1,600,G2_TEC,HISTORICAL,[2, 5, 0, 10, 13, 16, 1, 19, 9, 18, 12, 11, 6, 17, 15, 4, 7, 8, 3, 14]|[2, 2, 2, 2, 1, 1, 1, 2, 0, 1, 1, 2, 0, 1, 1, 0, 1, 0, 2, 0]|[0, 0, 0, 0, 1, 1, 1, 0, 0, 1, 1, 0, 2, 1, 1, 0, 1, 3, 0, 2]|[1, 0, 1, 1, 1, 1, 1, 0, 0, 0, 1, 1, 2, 1, 1, 1, 1, 2, 1, 0],302.427054249623;10017.946341262154;21034.368418422110,0,false,[2, 5, 0, 10, 13, 16, 1, 19, 9, 18, 12, 11, 6, 17, 15, 4, 7, 8, 3, 14]|[2, 2, 2, 2, 1, 1, 1, 2, 0, 1, 1, 2, 0, 1, 1, 0, 1, 0, 2, 0]|[0, 0, 0, 0, 1, 1, 1, 0, 0, 1, 1, 0, 2, 1, 1, 0, 1, 3, 0, 2]|[1, 0, 1, 1, 1, 1, 1, 0, 0, 0, 1, 1, 2, 1, 1, 1, 1, 2, 1, 0],302.427054249623;10017.946341262154;21034.368418422110,10017.946341262154,NOT_APPLICABLE,NOT_APPLICABLE,NOT_APPLICABLE,2
6,1,600,G3_TWC,PREVIOUS,[18, 0, 4, 12, 5, 19, 17, 1, 3, 8, 16, 11, 9, 14, 10, 13, 2, 15, 7, 6]|[1, 0, 2, 2, 2, 0, 0, 0, 1, 2, 0, 0, 1, 0, 1, 0, 0, 0, 2, 0]|[1, 3, 0, 0, 0, 0, 1, 1, 1, 1, 2, 3, 1, 3, 1, 1, 3, 3, 0, 2]|[0, 2, 1, 1, 1, 1, 0, 0, 1, 1, 2, 2, 1, 0, 0, 1, 1, 1, 1, 2],423.185371754852;11626.761551387923;15024.877506786574,0,false,[18, 0, 4, 12, 5, 19, 17, 1, 3, 8, 16, 11, 9, 14, 10, 13, 2, 15, 7, 6]|[1, 0, 2, 2, 2, 0, 0, 0, 1, 2, 0, 0, 1, 0, 1, 0, 0, 0, 2, 0]|[1, 3, 0, 0, 0, 0, 1, 1, 1, 1, 2, 3, 1, 3, 1, 1, 3, 3, 0, 2]|[0, 2, 1, 1, 1, 1, 0, 0, 1, 1, 2, 2, 1, 0, 0, 1, 1, 1, 1, 2],423.185371754852;11626.761551387923;15024.877506786574,15024.877506786574,NOT_APPLICABLE,NOT_APPLICABLE,NOT_APPLICABLE,2
6,1,600,G3_TWC,HISTORICAL,[18, 0, 4, 12, 5, 19, 17, 1, 3, 8, 16, 11, 9, 14, 10, 13, 2, 15, 7, 6]|[1, 0, 2, 2, 2, 0, 0, 0, 1, 2, 0, 0, 1, 0, 1, 0, 0, 0, 2, 0]|[1, 3, 0, 0, 0, 0, 1, 1, 1, 1, 2, 3, 1, 3, 1, 1, 3, 3, 0, 2]|[0, 2, 1, 1, 1, 1, 0, 0, 1, 1, 2, 2, 1, 0, 0, 1, 1, 1, 1, 2],423.185371754852;11626.761551387923;15024.877506786574,0,false,[18, 0, 4, 12, 5, 19, 17, 1, 3, 8, 16, 11, 9, 14, 10, 13, 2, 15, 7, 6]|[1, 0, 2, 2, 2, 0, 0, 0, 1, 2, 0, 0, 1, 0, 1, 0, 0, 0, 2, 0]|[1, 3, 0, 0, 0, 0, 1, 1, 1, 1, 2, 3, 1, 3, 1, 1, 3, 3, 0, 2]|[0, 2, 1, 1, 1, 1, 0, 0, 1, 1, 2, 2, 1, 0, 0, 1, 1, 1, 1, 2],423.185371754852;11626.761551387923;15024.877506786574,15024.877506786574,NOT_APPLICABLE,NOT_APPLICABLE,NOT_APPLICABLE,1
6,1,600,G4_BALANCED,PREVIOUS,[18, 0, 4, 6, 17, 16, 10, 2, 5, 19, 12, 11, 1, 13, 15, 3, 7, 8, 9, 14]|[0, 2, 1, 0, 2, 2, 2, 0, 1, 1, 1, 2, 2, 0, 1, 0, 2, 0, 0, 1]|[0, 0, 1, 2, 1, 1, 0, 3, 1, 0, 0, 0, 0, 0, 1, 0, 0, 2, 0, 0]|[0, 1, 0, 2, 0, 0, 1, 1, 0, 1, 1, 1, 0, 2, 0, 1, 1, 0, 0, 1],253.616469020965;11373.716657706464;17829.295047911008,2,true,[2, 5, 18, 3, 17, 16, 10, 19, 9, 0, 12, 11, 6, 13, 8, 4, 7, 15, 1, 14]|[2, 2, 1, 2, 2, 2, 2, 1, 0, 0, 1, 2, 0, 1, 0, 0, 1, 1, 1, 0]|[0, 1, 1, 0, 1, 1, 0, 0, 0, 0, 1, 0, 2, 1, 3, 0, 1, 1, 1, 2]|[1, 0, 0, 1, 0, 0, 1, 1, 0, 0, 1, 1, 2, 1, 2, 1, 1, 0, 1, 0],212.486886486229;10990.204461582969;17464.177975151080,0.545189985869,600,600,0,3
6,1,600,G4_BALANCED,HISTORICAL,[18, 0, 4, 6, 17, 16, 10, 2, 5, 19, 12, 11, 1, 13, 15, 3, 7, 8, 9, 14]|[0, 2, 1, 0, 2, 2, 2, 0, 1, 1, 1, 2, 2, 0, 1, 0, 2, 0, 0, 1]|[0, 0, 1, 2, 1, 1, 0, 3, 1, 0, 0, 0, 0, 0, 1, 0, 0, 2, 0, 0]|[0, 1, 0, 2, 0, 0, 1, 1, 0, 1, 1, 1, 0, 2, 0, 1, 1, 0, 0, 1],253.616469020965;11373.716657706464;17829.295047911008,2,true,[2, 5, 18, 3, 17, 16, 10, 19, 9, 0, 12, 11, 6, 13, 8, 4, 7, 15, 1, 14]|[2, 2, 1, 2, 2, 2, 2, 1, 0, 0, 1, 2, 0, 1, 0, 0, 1, 1, 1, 0]|[0, 1, 1, 0, 1, 1, 0, 0, 0, 0, 1, 0, 2, 1, 3, 0, 1, 1, 1, 2]|[1, 0, 0, 1, 0, 0, 1, 1, 0, 0, 1, 1, 2, 1, 2, 1, 1, 0, 1, 0],212.486886486229;10990.204461582969;17464.177975151080,0.545189985869,600,600,0,1
7,1,700,G1_CMAX,PREVIOUS,[2, 5, 18, 3, 17, 16, 10, 19, 9, 0, 12, 11, 6, 13, 8, 4, 7, 15, 1, 14]|[2, 2, 1, 2, 2, 2, 2, 1, 0, 0, 1, 2, 0, 1, 0, 0, 1, 1, 1, 0]|[0, 1, 1, 0, 1, 1, 0, 0, 0, 0, 1, 0, 2, 1, 3, 0, 1, 1, 1, 2]|[1, 0, 0, 1, 0, 0, 1, 1, 0, 0, 1, 1, 2, 1, 2, 1, 1, 0, 1, 0],212.486886486229;10990.204461582969;17464.177975151080,0,false,[2, 5, 18, 3, 17, 16, 10, 19, 9, 0, 12, 11, 6, 13, 8, 4, 7, 15, 1, 14]|[2, 2, 1, 2, 2, 2, 2, 1, 0, 0, 1, 2, 0, 1, 0, 0, 1, 1, 1, 0]|[0, 1, 1, 0, 1, 1, 0, 0, 0, 0, 1, 0, 2, 1, 3, 0, 1, 1, 1, 2]|[1, 0, 0, 1, 0, 0, 1, 1, 0, 0, 1, 1, 2, 1, 2, 1, 1, 0, 1, 0],212.486886486229;10990.204461582969;17464.177975151080,212.486886486229,NOT_APPLICABLE,NOT_APPLICABLE,NOT_APPLICABLE,2
7,1,700,G1_CMAX,HISTORICAL,[2, 5, 18, 3, 17, 16, 10, 19, 9, 0, 12, 11, 6, 13, 8, 4, 7, 15, 1, 14]|[2, 2, 1, 2, 2, 2, 2, 1, 0, 0, 1, 2, 0, 1, 0, 0, 1, 1, 1, 0]|[0, 1, 1, 0, 1, 1, 0, 0, 0, 0, 1, 0, 2, 1, 3, 0, 1, 1, 1, 2]|[1, 0, 0, 1, 0, 0, 1, 1, 0, 0, 1, 1, 2, 1, 2, 1, 1, 0, 1, 0],212.486886486229;10990.204461582969;17464.177975151080,0,false,[2, 5, 18, 3, 17, 16, 10, 19, 9, 0, 12, 11, 6, 13, 8, 4, 7, 15, 1, 14]|[2, 2, 1, 2, 2, 2, 2, 1, 0, 0, 1, 2, 0, 1, 0, 0, 1, 1, 1, 0]|[0, 1, 1, 0, 1, 1, 0, 0, 0, 0, 1, 0, 2, 1, 3, 0, 1, 1, 1, 2]|[1, 0, 0, 1, 0, 0, 1, 1, 0, 0, 1, 1, 2, 1, 2, 1, 1, 0, 1, 0],212.486886486229;10990.204461582969;17464.177975151080,212.486886486229,NOT_APPLICABLE,NOT_APPLICABLE,NOT_APPLICABLE,3
7,1,700,G2_TEC,PREVIOUS,[2, 5, 0, 10, 13, 16, 1, 19, 9, 18, 12, 11, 6, 17, 15, 4, 7, 8, 3, 14]|[2, 2, 2, 2, 1, 1, 1, 2, 0, 1, 1, 2, 0, 1, 1, 0, 1, 0, 2, 0]|[0, 0, 0, 0, 1, 1, 1, 0, 0, 1, 1, 0, 2, 1, 1, 0, 1, 3, 0, 2]|[1, 0, 1, 1, 1, 1, 1, 0, 0, 0, 1, 1, 2, 1, 1, 1, 1, 2, 1, 0],302.427054249623;10017.946341262154;21034.368418422110,0,false,[2, 5, 0, 10, 13, 16, 1, 19, 9, 18, 12, 11, 6, 17, 15, 4, 7, 8, 3, 14]|[2, 2, 2, 2, 1, 1, 1, 2, 0, 1, 1, 2, 0, 1, 1, 0, 1, 0, 2, 0]|[0, 0, 0, 0, 1, 1, 1, 0, 0, 1, 1, 0, 2, 1, 1, 0, 1, 3, 0, 2]|[1, 0, 1, 1, 1, 1, 1, 0, 0, 0, 1, 1, 2, 1, 1, 1, 1, 2, 1, 0],302.427054249623;10017.946341262154;21034.368418422110,10017.946341262154,NOT_APPLICABLE,NOT_APPLICABLE,NOT_APPLICABLE,3
7,1,700,G2_TEC,HISTORICAL,[2, 5, 0, 10, 13, 16, 1, 19, 9, 18, 12, 11, 6, 17, 15, 4, 7, 8, 3, 14]|[2, 2, 2, 2, 1, 1, 1, 2, 0, 1, 1, 2, 0, 1, 1, 0, 1, 0, 2, 0]|[0, 0, 0, 0, 1, 1, 1, 0, 0, 1, 1, 0, 2, 1, 1, 0, 1, 3, 0, 2]|[1, 0, 1, 1, 1, 1, 1, 0, 0, 0, 1, 1, 2, 1, 1, 1, 1, 2, 1, 0],302.427054249623;10017.946341262154;21034.368418422110,0,false,[2, 5, 0, 10, 13, 16, 1, 19, 9, 18, 12, 11, 6, 17, 15, 4, 7, 8, 3, 14]|[2, 2, 2, 2, 1, 1, 1, 2, 0, 1, 1, 2, 0, 1, 1, 0, 1, 0, 2, 0]|[0, 0, 0, 0, 1, 1, 1, 0, 0, 1, 1, 0, 2, 1, 1, 0, 1, 3, 0, 2]|[1, 0, 1, 1, 1, 1, 1, 0, 0, 0, 1, 1, 2, 1, 1, 1, 1, 2, 1, 0],302.427054249623;10017.946341262154;21034.368418422110,10017.946341262154,NOT_APPLICABLE,NOT_APPLICABLE,NOT_APPLICABLE,3
7,1,700,G3_TWC,PREVIOUS,[18, 0, 4, 12, 5, 19, 17, 1, 3, 8, 16, 11, 9, 14, 10, 13, 2, 15, 7, 6]|[1, 0, 2, 2, 2, 0, 0, 0, 1, 2, 0, 0, 1, 0, 1, 0, 0, 0, 2, 0]|[1, 3, 0, 0, 0, 0, 1, 1, 1, 1, 2, 3, 1, 3, 1, 1, 3, 3, 0, 2]|[0, 2, 1, 1, 1, 1, 0, 0, 1, 1, 2, 2, 1, 0, 0, 1, 1, 1, 1, 2],423.185371754852;11626.761551387923;15024.877506786574,0,false,[18, 0, 4, 12, 5, 19, 17, 1, 3, 8, 16, 11, 9, 14, 10, 13, 2, 15, 7, 6]|[1, 0, 2, 2, 2, 0, 0, 0, 1, 2, 0, 0, 1, 0, 1, 0, 0, 0, 2, 0]|[1, 3, 0, 0, 0, 0, 1, 1, 1, 1, 2, 3, 1, 3, 1, 1, 3, 3, 0, 2]|[0, 2, 1, 1, 1, 1, 0, 0, 1, 1, 2, 2, 1, 0, 0, 1, 1, 1, 1, 2],423.185371754852;11626.761551387923;15024.877506786574,15024.877506786574,NOT_APPLICABLE,NOT_APPLICABLE,NOT_APPLICABLE,2
7,1,700,G3_TWC,HISTORICAL,[18, 0, 4, 12, 5, 19, 17, 1, 3, 8, 16, 11, 9, 14, 10, 13, 2, 15, 7, 6]|[1, 0, 2, 2, 2, 0, 0, 0, 1, 2, 0, 0, 1, 0, 1, 0, 0, 0, 2, 0]|[1, 3, 0, 0, 0, 0, 1, 1, 1, 1, 2, 3, 1, 3, 1, 1, 3, 3, 0, 2]|[0, 2, 1, 1, 1, 1, 0, 0, 1, 1, 2, 2, 1, 0, 0, 1, 1, 1, 1, 2],423.185371754852;11626.761551387923;15024.877506786574,0,false,[18, 0, 4, 12, 5, 19, 17, 1, 3, 8, 16, 11, 9, 14, 10, 13, 2, 15, 7, 6]|[1, 0, 2, 2, 2, 0, 0, 0, 1, 2, 0, 0, 1, 0, 1, 0, 0, 0, 2, 0]|[1, 3, 0, 0, 0, 0, 1, 1, 1, 1, 2, 3, 1, 3, 1, 1, 3, 3, 0, 2]|[0, 2, 1, 1, 1, 1, 0, 0, 1, 1, 2, 2, 1, 0, 0, 1, 1, 1, 1, 2],423.185371754852;11626.761551387923;15024.877506786574,15024.877506786574,NOT_APPLICABLE,NOT_APPLICABLE,NOT_APPLICABLE,2
7,1,700,G4_BALANCED,PREVIOUS,[2, 5, 18, 3, 17, 16, 10, 19, 9, 0, 12, 11, 6, 13, 8, 4, 7, 15, 1, 14]|[2, 2, 1, 2, 2, 2, 2, 1, 0, 0, 1, 2, 0, 1, 0, 0, 1, 1, 1, 0]|[0, 1, 1, 0, 1, 1, 0, 0, 0, 0, 1, 0, 2, 1, 3, 0, 1, 1, 1, 2]|[1, 0, 0, 1, 0, 0, 1, 1, 0, 0, 1, 1, 2, 1, 2, 1, 1, 0, 1, 0],212.486886486229;10990.204461582969;17464.177975151080,0,false,[2, 5, 18, 3, 17, 16, 10, 19, 9, 0, 12, 11, 6, 13, 8, 4, 7, 15, 1, 14]|[2, 2, 1, 2, 2, 2, 2, 1, 0, 0, 1, 2, 0, 1, 0, 0, 1, 1, 1, 0]|[0, 1, 1, 0, 1, 1, 0, 0, 0, 0, 1, 0, 2, 1, 3, 0, 1, 1, 1, 2]|[1, 0, 0, 1, 0, 0, 1, 1, 0, 0, 1, 1, 2, 1, 2, 1, 1, 0, 1, 0],212.486886486229;10990.204461582969;17464.177975151080,0.545189985869,NOT_APPLICABLE,NOT_APPLICABLE,NOT_APPLICABLE,4
7,1,700,G4_BALANCED,HISTORICAL,[2, 5, 18, 3, 17, 16, 10, 19, 9, 0, 12, 11, 6, 13, 8, 4, 7, 15, 1, 14]|[2, 2, 1, 2, 2, 2, 2, 1, 0, 0, 1, 2, 0, 1, 0, 0, 1, 1, 1, 0]|[0, 1, 1, 0, 1, 1, 0, 0, 0, 0, 1, 0, 2, 1, 3, 0, 1, 1, 1, 2]|[1, 0, 0, 1, 0, 0, 1, 1, 0, 0, 1, 1, 2, 1, 2, 1, 1, 0, 1, 0],212.486886486229;10990.204461582969;17464.177975151080,0,false,[2, 5, 18, 3, 17, 16, 10, 19, 9, 0, 12, 11, 6, 13, 8, 4, 7, 15, 1, 14]|[2, 2, 1, 2, 2, 2, 2, 1, 0, 0, 1, 2, 0, 1, 0, 0, 1, 1, 1, 0]|[0, 1, 1, 0, 1, 1, 0, 0, 0, 0, 1, 0, 2, 1, 3, 0, 1, 1, 1, 2]|[1, 0, 0, 1, 0, 0, 1, 1, 0, 0, 1, 1, 2, 1, 2, 1, 1, 0, 1, 0],212.486886486229;10990.204461582969;17464.177975151080,0.545189985869,NOT_APPLICABLE,NOT_APPLICABLE,NOT_APPLICABLE,1
8,1,800,G1_CMAX,PREVIOUS,[2, 5, 18, 3, 17, 16, 10, 19, 9, 0, 12, 11, 6, 13, 8, 4, 7, 15, 1, 14]|[2, 2, 1, 2, 2, 2, 2, 1, 0, 0, 1, 2, 0, 1, 0, 0, 1, 1, 1, 0]|[0, 1, 1, 0, 1, 1, 0, 0, 0, 0, 1, 0, 2, 1, 3, 0, 1, 1, 1, 2]|[1, 0, 0, 1, 0, 0, 1, 1, 0, 0, 1, 1, 2, 1, 2, 1, 1, 0, 1, 0],212.486886486229;10990.204461582969;17464.177975151080,0,false,[2, 5, 18, 3, 17, 16, 10, 19, 9, 0, 12, 11, 6, 13, 8, 4, 7, 15, 1, 14]|[2, 2, 1, 2, 2, 2, 2, 1, 0, 0, 1, 2, 0, 1, 0, 0, 1, 1, 1, 0]|[0, 1, 1, 0, 1, 1, 0, 0, 0, 0, 1, 0, 2, 1, 3, 0, 1, 1, 1, 2]|[1, 0, 0, 1, 0, 0, 1, 1, 0, 0, 1, 1, 2, 1, 2, 1, 1, 0, 1, 0],212.486886486229;10990.204461582969;17464.177975151080,212.486886486229,NOT_APPLICABLE,NOT_APPLICABLE,NOT_APPLICABLE,3
8,1,800,G1_CMAX,HISTORICAL,[2, 5, 18, 3, 17, 16, 10, 19, 9, 0, 12, 11, 6, 13, 8, 4, 7, 15, 1, 14]|[2, 2, 1, 2, 2, 2, 2, 1, 0, 0, 1, 2, 0, 1, 0, 0, 1, 1, 1, 0]|[0, 1, 1, 0, 1, 1, 0, 0, 0, 0, 1, 0, 2, 1, 3, 0, 1, 1, 1, 2]|[1, 0, 0, 1, 0, 0, 1, 1, 0, 0, 1, 1, 2, 1, 2, 1, 1, 0, 1, 0],212.486886486229;10990.204461582969;17464.177975151080,0,false,[2, 5, 18, 3, 17, 16, 10, 19, 9, 0, 12, 11, 6, 13, 8, 4, 7, 15, 1, 14]|[2, 2, 1, 2, 2, 2, 2, 1, 0, 0, 1, 2, 0, 1, 0, 0, 1, 1, 1, 0]|[0, 1, 1, 0, 1, 1, 0, 0, 0, 0, 1, 0, 2, 1, 3, 0, 1, 1, 1, 2]|[1, 0, 0, 1, 0, 0, 1, 1, 0, 0, 1, 1, 2, 1, 2, 1, 1, 0, 1, 0],212.486886486229;10990.204461582969;17464.177975151080,212.486886486229,NOT_APPLICABLE,NOT_APPLICABLE,NOT_APPLICABLE,3
8,1,800,G2_TEC,PREVIOUS,[2, 5, 0, 10, 13, 16, 1, 19, 9, 18, 12, 11, 6, 17, 15, 4, 7, 8, 3, 14]|[2, 2, 2, 2, 1, 1, 1, 2, 0, 1, 1, 2, 0, 1, 1, 0, 1, 0, 2, 0]|[0, 0, 0, 0, 1, 1, 1, 0, 0, 1, 1, 0, 2, 1, 1, 0, 1, 3, 0, 2]|[1, 0, 1, 1, 1, 1, 1, 0, 0, 0, 1, 1, 2, 1, 1, 1, 1, 2, 1, 0],302.427054249623;10017.946341262154;21034.368418422110,0,false,[2, 5, 0, 10, 13, 16, 1, 19, 9, 18, 12, 11, 6, 17, 15, 4, 7, 8, 3, 14]|[2, 2, 2, 2, 1, 1, 1, 2, 0, 1, 1, 2, 0, 1, 1, 0, 1, 0, 2, 0]|[0, 0, 0, 0, 1, 1, 1, 0, 0, 1, 1, 0, 2, 1, 1, 0, 1, 3, 0, 2]|[1, 0, 1, 1, 1, 1, 1, 0, 0, 0, 1, 1, 2, 1, 1, 1, 1, 2, 1, 0],302.427054249623;10017.946341262154;21034.368418422110,10017.946341262154,NOT_APPLICABLE,NOT_APPLICABLE,NOT_APPLICABLE,3
8,1,800,G2_TEC,HISTORICAL,[2, 5, 0, 10, 13, 16, 1, 19, 9, 18, 12, 11, 6, 17, 15, 4, 7, 8, 3, 14]|[2, 2, 2, 2, 1, 1, 1, 2, 0, 1, 1, 2, 0, 1, 1, 0, 1, 0, 2, 0]|[0, 0, 0, 0, 1, 1, 1, 0, 0, 1, 1, 0, 2, 1, 1, 0, 1, 3, 0, 2]|[1, 0, 1, 1, 1, 1, 1, 0, 0, 0, 1, 1, 2, 1, 1, 1, 1, 2, 1, 0],302.427054249623;10017.946341262154;21034.368418422110,0,false,[2, 5, 0, 10, 13, 16, 1, 19, 9, 18, 12, 11, 6, 17, 15, 4, 7, 8, 3, 14]|[2, 2, 2, 2, 1, 1, 1, 2, 0, 1, 1, 2, 0, 1, 1, 0, 1, 0, 2, 0]|[0, 0, 0, 0, 1, 1, 1, 0, 0, 1, 1, 0, 2, 1, 1, 0, 1, 3, 0, 2]|[1, 0, 1, 1, 1, 1, 1, 0, 0, 0, 1, 1, 2, 1, 1, 1, 1, 2, 1, 0],302.427054249623;10017.946341262154;21034.368418422110,10017.946341262154,NOT_APPLICABLE,NOT_APPLICABLE,NOT_APPLICABLE,4
8,1,800,G3_TWC,PREVIOUS,[18, 0, 4, 12, 5, 19, 17, 1, 3, 8, 16, 11, 9, 14, 10, 13, 2, 15, 7, 6]|[1, 0, 2, 2, 2, 0, 0, 0, 1, 2, 0, 0, 1, 0, 1, 0, 0, 0, 2, 0]|[1, 3, 0, 0, 0, 0, 1, 1, 1, 1, 2, 3, 1, 3, 1, 1, 3, 3, 0, 2]|[0, 2, 1, 1, 1, 1, 0, 0, 1, 1, 2, 2, 1, 0, 0, 1, 1, 1, 1, 2],423.185371754852;11626.761551387923;15024.877506786574,0,false,[18, 0, 4, 12, 5, 19, 17, 1, 3, 8, 16, 11, 9, 14, 10, 13, 2, 15, 7, 6]|[1, 0, 2, 2, 2, 0, 0, 0, 1, 2, 0, 0, 1, 0, 1, 0, 0, 0, 2, 0]|[1, 3, 0, 0, 0, 0, 1, 1, 1, 1, 2, 3, 1, 3, 1, 1, 3, 3, 0, 2]|[0, 2, 1, 1, 1, 1, 0, 0, 1, 1, 2, 2, 1, 0, 0, 1, 1, 1, 1, 2],423.185371754852;11626.761551387923;15024.877506786574,15024.877506786574,NOT_APPLICABLE,NOT_APPLICABLE,NOT_APPLICABLE,3
8,1,800,G3_TWC,HISTORICAL,[18, 0, 4, 12, 5, 19, 17, 1, 3, 8, 16, 11, 9, 14, 10, 13, 2, 15, 7, 6]|[1, 0, 2, 2, 2, 0, 0, 0, 1, 2, 0, 0, 1, 0, 1, 0, 0, 0, 2, 0]|[1, 3, 0, 0, 0, 0, 1, 1, 1, 1, 2, 3, 1, 3, 1, 1, 3, 3, 0, 2]|[0, 2, 1, 1, 1, 1, 0, 0, 1, 1, 2, 2, 1, 0, 0, 1, 1, 1, 1, 2],423.185371754852;11626.761551387923;15024.877506786574,0,false,[18, 0, 4, 12, 5, 19, 17, 1, 3, 8, 16, 11, 9, 14, 10, 13, 2, 15, 7, 6]|[1, 0, 2, 2, 2, 0, 0, 0, 1, 2, 0, 0, 1, 0, 1, 0, 0, 0, 2, 0]|[1, 3, 0, 0, 0, 0, 1, 1, 1, 1, 2, 3, 1, 3, 1, 1, 3, 3, 0, 2]|[0, 2, 1, 1, 1, 1, 0, 0, 1, 1, 2, 2, 1, 0, 0, 1, 1, 1, 1, 2],423.185371754852;11626.761551387923;15024.877506786574,15024.877506786574,NOT_APPLICABLE,NOT_APPLICABLE,NOT_APPLICABLE,2
8,1,800,G4_BALANCED,PREVIOUS,[2, 5, 18, 3, 17, 16, 10, 19, 9, 0, 12, 11, 6, 13, 8, 4, 7, 15, 1, 14]|[2, 2, 1, 2, 2, 2, 2, 1, 0, 0, 1, 2, 0, 1, 0, 0, 1, 1, 1, 0]|[0, 1, 1, 0, 1, 1, 0, 0, 0, 0, 1, 0, 2, 1, 3, 0, 1, 1, 1, 2]|[1, 0, 0, 1, 0, 0, 1, 1, 0, 0, 1, 1, 2, 1, 2, 1, 1, 0, 1, 0],212.486886486229;10990.204461582969;17464.177975151080,0,false,[2, 5, 18, 3, 17, 16, 10, 19, 9, 0, 12, 11, 6, 13, 8, 4, 7, 15, 1, 14]|[2, 2, 1, 2, 2, 2, 2, 1, 0, 0, 1, 2, 0, 1, 0, 0, 1, 1, 1, 0]|[0, 1, 1, 0, 1, 1, 0, 0, 0, 0, 1, 0, 2, 1, 3, 0, 1, 1, 1, 2]|[1, 0, 0, 1, 0, 0, 1, 1, 0, 0, 1, 1, 2, 1, 2, 1, 1, 0, 1, 0],212.486886486229;10990.204461582969;17464.177975151080,0.545189985869,NOT_APPLICABLE,NOT_APPLICABLE,NOT_APPLICABLE,4
8,1,800,G4_BALANCED,HISTORICAL,[2, 5, 18, 3, 17, 16, 10, 19, 9, 0, 12, 11, 6, 13, 8, 4, 7, 15, 1, 14]|[2, 2, 1, 2, 2, 2, 2, 1, 0, 0, 1, 2, 0, 1, 0, 0, 1, 1, 1, 0]|[0, 1, 1, 0, 1, 1, 0, 0, 0, 0, 1, 0, 2, 1, 3, 0, 1, 1, 1, 2]|[1, 0, 0, 1, 0, 0, 1, 1, 0, 0, 1, 1, 2, 1, 2, 1, 1, 0, 1, 0],212.486886486229;10990.204461582969;17464.177975151080,0,false,[2, 5, 18, 3, 17, 16, 10, 19, 9, 0, 12, 11, 6, 13, 8, 4, 7, 15, 1, 14]|[2, 2, 1, 2, 2, 2, 2, 1, 0, 0, 1, 2, 0, 1, 0, 0, 1, 1, 1, 0]|[0, 1, 1, 0, 1, 1, 0, 0, 0, 0, 1, 0, 2, 1, 3, 0, 1, 1, 1, 2]|[1, 0, 0, 1, 0, 0, 1, 1, 0, 0, 1, 1, 2, 1, 2, 1, 1, 0, 1, 0],212.486886486229;10990.204461582969;17464.177975151080,0.545189985869,NOT_APPLICABLE,NOT_APPLICABLE,NOT_APPLICABLE,2
9,1,900,G1_CMAX,PREVIOUS,[2, 5, 18, 3, 17, 16, 10, 19, 9, 0, 12, 11, 6, 13, 8, 4, 7, 15, 1, 14]|[2, 2, 1, 2, 2, 2, 2, 1, 0, 0, 1, 2, 0, 1, 0, 0, 1, 1, 1, 0]|[0, 1, 1, 0, 1, 1, 0, 0, 0, 0, 1, 0, 2, 1, 3, 0, 1, 1, 1, 2]|[1, 0, 0, 1, 0, 0, 1, 1, 0, 0, 1, 1, 2, 1, 2, 1, 1, 0, 1, 0],212.486886486229;10990.204461582969;17464.177975151080,0,false,[2, 5, 18, 3, 17, 16, 10, 19, 9, 0, 12, 11, 6, 13, 8, 4, 7, 15, 1, 14]|[2, 2, 1, 2, 2, 2, 2, 1, 0, 0, 1, 2, 0, 1, 0, 0, 1, 1, 1, 0]|[0, 1, 1, 0, 1, 1, 0, 0, 0, 0, 1, 0, 2, 1, 3, 0, 1, 1, 1, 2]|[1, 0, 0, 1, 0, 0, 1, 1, 0, 0, 1, 1, 2, 1, 2, 1, 1, 0, 1, 0],212.486886486229;10990.204461582969;17464.177975151080,212.486886486229,NOT_APPLICABLE,NOT_APPLICABLE,NOT_APPLICABLE,3
9,1,900,G1_CMAX,HISTORICAL,[2, 5, 18, 3, 17, 16, 10, 19, 9, 0, 12, 11, 6, 13, 8, 4, 7, 15, 1, 14]|[2, 2, 1, 2, 2, 2, 2, 1, 0, 0, 1, 2, 0, 1, 0, 0, 1, 1, 1, 0]|[0, 1, 1, 0, 1, 1, 0, 0, 0, 0, 1, 0, 2, 1, 3, 0, 1, 1, 1, 2]|[1, 0, 0, 1, 0, 0, 1, 1, 0, 0, 1, 1, 2, 1, 2, 1, 1, 0, 1, 0],212.486886486229;10990.204461582969;17464.177975151080,0,false,[2, 5, 18, 3, 17, 16, 10, 19, 9, 0, 12, 11, 6, 13, 8, 4, 7, 15, 1, 14]|[2, 2, 1, 2, 2, 2, 2, 1, 0, 0, 1, 2, 0, 1, 0, 0, 1, 1, 1, 0]|[0, 1, 1, 0, 1, 1, 0, 0, 0, 0, 1, 0, 2, 1, 3, 0, 1, 1, 1, 2]|[1, 0, 0, 1, 0, 0, 1, 1, 0, 0, 1, 1, 2, 1, 2, 1, 1, 0, 1, 0],212.486886486229;10990.204461582969;17464.177975151080,212.486886486229,NOT_APPLICABLE,NOT_APPLICABLE,NOT_APPLICABLE,4
9,1,900,G2_TEC,PREVIOUS,[2, 5, 0, 10, 13, 16, 1, 19, 9, 18, 12, 11, 6, 3, 17, 7, 14, 15, 8, 4]|[2, 2, 2, 2, 1, 1, 1, 0, 0, 1, 1, 2, 0, 2, 1, 1, 0, 1, 0, 0]|[0, 0, 0, 0, 0, 1, 1, 3, 0, 1, 1, 0, 2, 0, 1, 1, 2, 1, 3, 2]|[1, 0, 1, 1, 1, 1, 1, 2, 0, 0, 1, 1, 2, 1, 1, 1, 0, 1, 2, 0],281.382690076476;10060.890649069210;20249.158670527588,0,false,[2, 5, 0, 10, 13, 16, 1, 19, 9, 18, 12, 11, 6, 3, 17, 7, 14, 15, 8, 4]|[2, 2, 2, 2, 1, 1, 1, 0, 0, 1, 1, 2, 0, 2, 1, 1, 0, 1, 0, 0]|[0, 0, 0, 0, 0, 1, 1, 3, 0, 1, 1, 0, 2, 0, 1, 1, 2, 1, 3, 2]|[1, 0, 1, 1, 1, 1, 1, 2, 0, 0, 1, 1, 2, 1, 1, 1, 0, 1, 2, 0],281.382690076476;10060.890649069210;20249.158670527588,10060.890649069210,NOT_APPLICABLE,NOT_APPLICABLE,NOT_APPLICABLE,3
9,1,900,G2_TEC,HISTORICAL,[2, 5, 0, 10, 13, 16, 1, 19, 9, 18, 12, 11, 6, 17, 15, 4, 7, 8, 3, 14]|[2, 2, 2, 2, 1, 1, 1, 2, 0, 1, 1, 2, 0, 1, 1, 0, 1, 0, 2, 0]|[0, 0, 0, 0, 1, 1, 1, 0, 0, 1, 1, 0, 2, 1, 1, 0, 1, 3, 0, 2]|[1, 0, 1, 1, 1, 1, 1, 0, 0, 0, 1, 1, 2, 1, 1, 1, 1, 2, 1, 0],302.427054249623;10017.946341262154;21034.368418422110,0,false,[2, 5, 0, 10, 13, 16, 1, 19, 9, 18, 12, 11, 6, 17, 15, 4, 7, 8, 3, 14]|[2, 2, 2, 2, 1, 1, 1, 2, 0, 1, 1, 2, 0, 1, 1, 0, 1, 0, 2, 0]|[0, 0, 0, 0, 1, 1, 1, 0, 0, 1, 1, 0, 2, 1, 1, 0, 1, 3, 0, 2]|[1, 0, 1, 1, 1, 1, 1, 0, 0, 0, 1, 1, 2, 1, 1, 1, 1, 2, 1, 0],302.427054249623;10017.946341262154;21034.368418422110,10017.946341262154,NOT_APPLICABLE,NOT_APPLICABLE,NOT_APPLICABLE,4
9,1,900,G3_TWC,PREVIOUS,[18, 0, 4, 12, 13, 16, 1, 10, 19, 2, 17, 5, 14, 8, 3, 11, 9, 15, 6, 7]|[0, 2, 1, 2, 1, 0, 0, 1, 2, 0, 0, 0, 2, 2, 1, 0, 2, 0, 0, 0]|[3, 0, 0, 0, 1, 2, 1, 1, 1, 3, 1, 2, 0, 1, 1, 3, 0, 3, 2, 2]|[2, 1, 0, 1, 1, 2, 0, 0, 1, 1, 0, 0, 0, 1, 1, 2, 0, 1, 2, 0],392.870644126483;11490.992126722000;15232.093247518927,0,false,[18, 0, 4, 12, 13, 16, 1, 10, 19, 2, 17, 5, 14, 8, 3, 11, 9, 15, 6, 7]|[0, 2, 1, 2, 1, 0, 0, 1, 2, 0, 0, 0, 2, 2, 1, 0, 2, 0, 0, 0]|[3, 0, 0, 0, 1, 2, 1, 1, 1, 3, 1, 2, 0, 1, 1, 3, 0, 3, 2, 2]|[2, 1, 0, 1, 1, 2, 0, 0, 1, 1, 0, 0, 0, 1, 1, 2, 0, 1, 2, 0],392.870644126483;11490.992126722000;15232.093247518927,15232.093247518927,NOT_APPLICABLE,NOT_APPLICABLE,NOT_APPLICABLE,3
9,1,900,G3_TWC,HISTORICAL,[18, 0, 4, 12, 5, 19, 17, 1, 3, 8, 16, 11, 9, 14, 10, 13, 2, 15, 7, 6]|[1, 0, 2, 2, 2, 0, 0, 0, 1, 2, 0, 0, 1, 0, 1, 0, 0, 0, 2, 0]|[1, 3, 0, 0, 0, 0, 1, 1, 1, 1, 2, 3, 1, 3, 1, 1, 3, 3, 0, 2]|[0, 2, 1, 1, 1, 1, 0, 0, 1, 1, 2, 2, 1, 0, 0, 1, 1, 1, 1, 2],423.185371754852;11626.761551387923;15024.877506786574,0,false,[18, 0, 4, 12, 5, 19, 17, 1, 3, 8, 16, 11, 9, 14, 10, 13, 2, 15, 7, 6]|[1, 0, 2, 2, 2, 0, 0, 0, 1, 2, 0, 0, 1, 0, 1, 0, 0, 0, 2, 0]|[1, 3, 0, 0, 0, 0, 1, 1, 1, 1, 2, 3, 1, 3, 1, 1, 3, 3, 0, 2]|[0, 2, 1, 1, 1, 1, 0, 0, 1, 1, 2, 2, 1, 0, 0, 1, 1, 1, 1, 2],423.185371754852;11626.761551387923;15024.877506786574,15024.877506786574,NOT_APPLICABLE,NOT_APPLICABLE,NOT_APPLICABLE,2
9,1,900,G4_BALANCED,PREVIOUS,[18, 0, 4, 6, 7, 12, 15, 5, 13, 11, 8, 9, 3, 19, 17, 2, 16, 10, 1, 14]|[0, 0, 2, 1, 1, 1, 1, 0, 2, 2, 0, 0, 0, 0, 0, 2, 0, 0, 2, 1]|[3, 2, 0, 1, 1, 0, 1, 3, 1, 1, 2, 3, 3, 1, 3, 1, 0, 0, 0, 1]|[1, 0, 1, 1, 1, 1, 0, 2, 1, 1, 1, 0, 1, 0, 1, 1, 1, 0, 0, 1],445.637663720281;11370.543430252500;15193.750368199833,0,false,[18, 0, 4, 6, 7, 12, 15, 5, 13, 11, 8, 9, 3, 19, 17, 2, 16, 10, 1, 14]|[0, 0, 2, 1, 1, 1, 1, 0, 2, 2, 0, 0, 0, 0, 0, 2, 0, 0, 2, 1]|[3, 2, 0, 1, 1, 0, 1, 3, 1, 1, 2, 3, 3, 1, 3, 1, 0, 0, 0, 1]|[1, 0, 1, 1, 1, 1, 0, 2, 1, 1, 1, 0, 1, 0, 1, 1, 1, 0, 0, 1],445.637663720281;11370.543430252500;15193.750368199833,0.815228378706,NOT_APPLICABLE,NOT_APPLICABLE,NOT_APPLICABLE,4
9,1,900,G4_BALANCED,HISTORICAL,[18, 0, 4, 6, 7, 12, 15, 5, 13, 11, 8, 9, 3, 19, 17, 2, 16, 10, 1, 14]|[0, 0, 2, 1, 1, 1, 1, 0, 2, 2, 0, 0, 0, 0, 0, 2, 0, 0, 2, 1]|[3, 2, 0, 1, 1, 0, 1, 3, 1, 1, 2, 3, 3, 1, 3, 1, 0, 0, 0, 1]|[1, 0, 1, 1, 1, 1, 0, 2, 1, 1, 1, 0, 1, 0, 1, 1, 1, 0, 0, 1],445.637663720281;11370.543430252500;15193.750368199833,0,false,[18, 0, 4, 6, 7, 12, 15, 5, 13, 11, 8, 9, 3, 19, 17, 2, 16, 10, 1, 14]|[0, 0, 2, 1, 1, 1, 1, 0, 2, 2, 0, 0, 0, 0, 0, 2, 0, 0, 2, 1]|[3, 2, 0, 1, 1, 0, 1, 3, 1, 1, 2, 3, 3, 1, 3, 1, 0, 0, 0, 1]|[1, 0, 1, 1, 1, 1, 0, 2, 1, 1, 1, 0, 1, 0, 1, 1, 1, 0, 0, 1],445.637663720281;11370.543430252500;15193.750368199833,0.815228378706,NOT_APPLICABLE,NOT_APPLICABLE,NOT_APPLICABLE,2
10,1,1000,G1_CMAX,PREVIOUS,[2, 5, 18, 3, 17, 16, 10, 19, 9, 0, 12, 11, 6, 13, 8, 4, 7, 15, 1, 14]|[2, 2, 1, 2, 2, 2, 2, 1, 0, 0, 1, 2, 0, 1, 0, 0, 1, 1, 1, 0]|[0, 1, 1, 0, 1, 1, 0, 0, 0, 0, 1, 0, 2, 1, 3, 0, 1, 1, 1, 2]|[1, 0, 0, 1, 0, 0, 1, 1, 0, 0, 1, 1, 2, 1, 2, 1, 1, 0, 1, 0],212.486886486229;10990.204461582969;17464.177975151080,0,false,[2, 5, 18, 3, 17, 16, 10, 19, 9, 0, 12, 11, 6, 13, 8, 4, 7, 15, 1, 14]|[2, 2, 1, 2, 2, 2, 2, 1, 0, 0, 1, 2, 0, 1, 0, 0, 1, 1, 1, 0]|[0, 1, 1, 0, 1, 1, 0, 0, 0, 0, 1, 0, 2, 1, 3, 0, 1, 1, 1, 2]|[1, 0, 0, 1, 0, 0, 1, 1, 0, 0, 1, 1, 2, 1, 2, 1, 1, 0, 1, 0],212.486886486229;10990.204461582969;17464.177975151080,212.486886486229,NOT_APPLICABLE,NOT_APPLICABLE,NOT_APPLICABLE,3
10,1,1000,G1_CMAX,HISTORICAL,[2, 5, 18, 3, 17, 16, 10, 19, 9, 0, 12, 11, 6, 13, 8, 4, 7, 15, 1, 14]|[2, 2, 1, 2, 2, 2, 2, 1, 0, 0, 1, 2, 0, 1, 0, 0, 1, 1, 1, 0]|[0, 1, 1, 0, 1, 1, 0, 0, 0, 0, 1, 0, 2, 1, 3, 0, 1, 1, 1, 2]|[1, 0, 0, 1, 0, 0, 1, 1, 0, 0, 1, 1, 2, 1, 2, 1, 1, 0, 1, 0],212.486886486229;10990.204461582969;17464.177975151080,0,false,[2, 5, 18, 3, 17, 16, 10, 19, 9, 0, 12, 11, 6, 13, 8, 4, 7, 15, 1, 14]|[2, 2, 1, 2, 2, 2, 2, 1, 0, 0, 1, 2, 0, 1, 0, 0, 1, 1, 1, 0]|[0, 1, 1, 0, 1, 1, 0, 0, 0, 0, 1, 0, 2, 1, 3, 0, 1, 1, 1, 2]|[1, 0, 0, 1, 0, 0, 1, 1, 0, 0, 1, 1, 2, 1, 2, 1, 1, 0, 1, 0],212.486886486229;10990.204461582969;17464.177975151080,212.486886486229,NOT_APPLICABLE,NOT_APPLICABLE,NOT_APPLICABLE,5
10,1,1000,G2_TEC,PREVIOUS,[2, 5, 0, 10, 13, 16, 1, 19, 9, 18, 12, 11, 6, 17, 15, 4, 7, 8, 3, 14]|[2, 2, 2, 2, 1, 1, 1, 2, 0, 1, 1, 2, 0, 1, 1, 0, 1, 0, 2, 0]|[0, 0, 0, 0, 1, 1, 1, 0, 0, 1, 1, 0, 2, 1, 1, 0, 1, 3, 0, 2]|[1, 0, 1, 1, 1, 1, 1, 0, 0, 0, 1, 1, 2, 1, 1, 1, 1, 2, 1, 0],302.427054249623;10017.946341262154;21034.368418422110,0,false,[2, 5, 0, 10, 13, 16, 1, 19, 9, 18, 12, 11, 6, 17, 15, 4, 7, 8, 3, 14]|[2, 2, 2, 2, 1, 1, 1, 2, 0, 1, 1, 2, 0, 1, 1, 0, 1, 0, 2, 0]|[0, 0, 0, 0, 1, 1, 1, 0, 0, 1, 1, 0, 2, 1, 1, 0, 1, 3, 0, 2]|[1, 0, 1, 1, 1, 1, 1, 0, 0, 0, 1, 1, 2, 1, 1, 1, 1, 2, 1, 0],302.427054249623;10017.946341262154;21034.368418422110,10017.946341262154,NOT_APPLICABLE,NOT_APPLICABLE,NOT_APPLICABLE,3
10,1,1000,G2_TEC,HISTORICAL,[2, 5, 0, 10, 13, 16, 1, 19, 9, 18, 12, 11, 6, 17, 15, 4, 7, 8, 3, 14]|[2, 2, 2, 2, 1, 1, 1, 2, 0, 1, 1, 2, 0, 1, 1, 0, 1, 0, 2, 0]|[0, 0, 0, 0, 1, 1, 1, 0, 0, 1, 1, 0, 2, 1, 1, 0, 1, 3, 0, 2]|[1, 0, 1, 1, 1, 1, 1, 0, 0, 0, 1, 1, 2, 1, 1, 1, 1, 2, 1, 0],302.427054249623;10017.946341262154;21034.368418422110,0,false,[2, 5, 0, 10, 13, 16, 1, 19, 9, 18, 12, 11, 6, 17, 15, 4, 7, 8, 3, 14]|[2, 2, 2, 2, 1, 1, 1, 2, 0, 1, 1, 2, 0, 1, 1, 0, 1, 0, 2, 0]|[0, 0, 0, 0, 1, 1, 1, 0, 0, 1, 1, 0, 2, 1, 1, 0, 1, 3, 0, 2]|[1, 0, 1, 1, 1, 1, 1, 0, 0, 0, 1, 1, 2, 1, 1, 1, 1, 2, 1, 0],302.427054249623;10017.946341262154;21034.368418422110,10017.946341262154,NOT_APPLICABLE,NOT_APPLICABLE,NOT_APPLICABLE,5
10,1,1000,G3_TWC,PREVIOUS,[18, 0, 4, 12, 13, 16, 1, 10, 19, 2, 17, 5, 14, 8, 3, 11, 9, 15, 6, 7]|[0, 2, 1, 2, 1, 0, 0, 1, 2, 0, 0, 0, 2, 2, 1, 0, 2, 0, 0, 0]|[3, 0, 0, 0, 1, 2, 1, 1, 1, 3, 1, 2, 0, 1, 1, 3, 0, 3, 2, 2]|[2, 1, 0, 1, 1, 2, 0, 0, 1, 1, 0, 0, 0, 1, 1, 2, 0, 1, 2, 0],392.870644126483;11490.992126722000;15232.093247518927,0,false,[18, 0, 4, 12, 13, 16, 1, 10, 19, 2, 17, 5, 14, 8, 3, 11, 9, 15, 6, 7]|[0, 2, 1, 2, 1, 0, 0, 1, 2, 0, 0, 0, 2, 2, 1, 0, 2, 0, 0, 0]|[3, 0, 0, 0, 1, 2, 1, 1, 1, 3, 1, 2, 0, 1, 1, 3, 0, 3, 2, 2]|[2, 1, 0, 1, 1, 2, 0, 0, 1, 1, 0, 0, 0, 1, 1, 2, 0, 1, 2, 0],392.870644126483;11490.992126722000;15232.093247518927,15232.093247518927,NOT_APPLICABLE,NOT_APPLICABLE,NOT_APPLICABLE,4
10,1,1000,G3_TWC,HISTORICAL,[18, 0, 4, 12, 5, 19, 17, 1, 3, 8, 16, 11, 9, 14, 10, 13, 2, 15, 7, 6]|[1, 0, 2, 2, 2, 0, 0, 0, 1, 2, 0, 0, 1, 0, 1, 0, 0, 0, 2, 0]|[1, 3, 0, 0, 0, 0, 1, 1, 1, 1, 2, 3, 1, 3, 1, 1, 3, 3, 0, 2]|[0, 2, 1, 1, 1, 1, 0, 0, 1, 1, 2, 2, 1, 0, 0, 1, 1, 1, 1, 2],423.185371754852;11626.761551387923;15024.877506786574,0,false,[18, 0, 4, 12, 5, 19, 17, 1, 3, 8, 16, 11, 9, 14, 10, 13, 2, 15, 7, 6]|[1, 0, 2, 2, 2, 0, 0, 0, 1, 2, 0, 0, 1, 0, 1, 0, 0, 0, 2, 0]|[1, 3, 0, 0, 0, 0, 1, 1, 1, 1, 2, 3, 1, 3, 1, 1, 3, 3, 0, 2]|[0, 2, 1, 1, 1, 1, 0, 0, 1, 1, 2, 2, 1, 0, 0, 1, 1, 1, 1, 2],423.185371754852;11626.761551387923;15024.877506786574,15024.877506786574,NOT_APPLICABLE,NOT_APPLICABLE,NOT_APPLICABLE,2
10,1,1000,G4_BALANCED,PREVIOUS,[18, 0, 4, 6, 7, 12, 15, 5, 13, 11, 8, 9, 3, 19, 17, 2, 16, 10, 1, 14]|[0, 0, 2, 1, 1, 1, 1, 0, 2, 2, 0, 0, 0, 0, 0, 2, 0, 0, 2, 1]|[3, 2, 0, 1, 1, 0, 1, 3, 1, 1, 2, 3, 3, 1, 3, 1, 0, 0, 0, 1]|[1, 0, 1, 1, 1, 1, 0, 2, 1, 1, 1, 0, 1, 0, 1, 1, 1, 0, 0, 1],445.637663720281;11370.543430252500;15193.750368199833,0,false,[18, 0, 4, 6, 7, 12, 15, 5, 13, 11, 8, 9, 3, 19, 17, 2, 16, 10, 1, 14]|[0, 0, 2, 1, 1, 1, 1, 0, 2, 2, 0, 0, 0, 0, 0, 2, 0, 0, 2, 1]|[3, 2, 0, 1, 1, 0, 1, 3, 1, 1, 2, 3, 3, 1, 3, 1, 0, 0, 0, 1]|[1, 0, 1, 1, 1, 1, 0, 2, 1, 1, 1, 0, 1, 0, 1, 1, 1, 0, 0, 1],445.637663720281;11370.543430252500;15193.750368199833,0.815228378706,NOT_APPLICABLE,NOT_APPLICABLE,NOT_APPLICABLE,4
10,1,1000,G4_BALANCED,HISTORICAL,[18, 0, 4, 6, 7, 12, 15, 5, 13, 11, 8, 9, 3, 19, 17, 2, 16, 10, 1, 14]|[0, 0, 2, 1, 1, 1, 1, 0, 2, 2, 0, 0, 0, 0, 0, 2, 0, 0, 2, 1]|[3, 2, 0, 1, 1, 0, 1, 3, 1, 1, 2, 3, 3, 1, 3, 1, 0, 0, 0, 1]|[1, 0, 1, 1, 1, 1, 0, 2, 1, 1, 1, 0, 1, 0, 1, 1, 1, 0, 0, 1],445.637663720281;11370.543430252500;15193.750368199833,0,false,[18, 0, 4, 6, 7, 12, 15, 5, 13, 11, 8, 9, 3, 19, 17, 2, 16, 10, 1, 14]|[0, 0, 2, 1, 1, 1, 1, 0, 2, 2, 0, 0, 0, 0, 0, 2, 0, 0, 2, 1]|[3, 2, 0, 1, 1, 0, 1, 3, 1, 1, 2, 3, 3, 1, 3, 1, 0, 0, 0, 1]|[1, 0, 1, 1, 1, 1, 0, 2, 1, 1, 1, 0, 1, 0, 1, 1, 1, 0, 0, 1],445.637663720281;11370.543430252500;15193.750368199833,0.815228378706,NOT_APPLICABLE,NOT_APPLICABLE,NOT_APPLICABLE,3
11,1,1100,G1_CMAX,PREVIOUS,[2, 5, 18, 3, 17, 16, 10, 19, 9, 0, 12, 11, 6, 13, 8, 4, 7, 15, 1, 14]|[2, 2, 1, 2, 2, 2, 2, 1, 0, 0, 1, 2, 0, 1, 0, 0, 1, 1, 1, 0]|[0, 1, 1, 0, 1, 1, 0, 0, 0, 0, 1, 0, 2, 1, 3, 0, 1, 1, 1, 2]|[1, 0, 0, 1, 0, 0, 1, 1, 0, 0, 1, 1, 2, 1, 2, 1, 1, 0, 1, 0],212.486886486229;10990.204461582969;17464.177975151080,0,false,[2, 5, 18, 3, 17, 16, 10, 19, 9, 0, 12, 11, 6, 13, 8, 4, 7, 15, 1, 14]|[2, 2, 1, 2, 2, 2, 2, 1, 0, 0, 1, 2, 0, 1, 0, 0, 1, 1, 1, 0]|[0, 1, 1, 0, 1, 1, 0, 0, 0, 0, 1, 0, 2, 1, 3, 0, 1, 1, 1, 2]|[1, 0, 0, 1, 0, 0, 1, 1, 0, 0, 1, 1, 2, 1, 2, 1, 1, 0, 1, 0],212.486886486229;10990.204461582969;17464.177975151080,212.486886486229,NOT_APPLICABLE,NOT_APPLICABLE,NOT_APPLICABLE,3
11,1,1100,G1_CMAX,HISTORICAL,[2, 5, 18, 3, 17, 16, 10, 19, 9, 0, 12, 11, 6, 13, 8, 4, 7, 15, 1, 14]|[2, 2, 1, 2, 2, 2, 2, 1, 0, 0, 1, 2, 0, 1, 0, 0, 1, 1, 1, 0]|[0, 1, 1, 0, 1, 1, 0, 0, 0, 0, 1, 0, 2, 1, 3, 0, 1, 1, 1, 2]|[1, 0, 0, 1, 0, 0, 1, 1, 0, 0, 1, 1, 2, 1, 2, 1, 1, 0, 1, 0],212.486886486229;10990.204461582969;17464.177975151080,0,false,[2, 5, 18, 3, 17, 16, 10, 19, 9, 0, 12, 11, 6, 13, 8, 4, 7, 15, 1, 14]|[2, 2, 1, 2, 2, 2, 2, 1, 0, 0, 1, 2, 0, 1, 0, 0, 1, 1, 1, 0]|[0, 1, 1, 0, 1, 1, 0, 0, 0, 0, 1, 0, 2, 1, 3, 0, 1, 1, 1, 2]|[1, 0, 0, 1, 0, 0, 1, 1, 0, 0, 1, 1, 2, 1, 2, 1, 1, 0, 1, 0],212.486886486229;10990.204461582969;17464.177975151080,212.486886486229,NOT_APPLICABLE,NOT_APPLICABLE,NOT_APPLICABLE,6
11,1,1100,G2_TEC,PREVIOUS,[2, 5, 0, 10, 13, 16, 1, 19, 9, 18, 12, 11, 6, 17, 15, 4, 7, 8, 3, 14]|[2, 2, 2, 2, 1, 1, 1, 2, 0, 1, 1, 2, 0, 1, 1, 0, 1, 0, 2, 0]|[0, 0, 0, 0, 1, 1, 1, 0, 0, 1, 1, 0, 2, 1, 1, 0, 1, 3, 0, 2]|[1, 0, 1, 1, 1, 1, 1, 0, 0, 0, 1, 1, 2, 1, 1, 1, 1, 2, 1, 0],302.427054249623;10017.946341262154;21034.368418422110,1,true,[2, 5, 11, 10, 13, 16, 1, 0, 6, 4, 12, 19, 15, 17, 18, 3, 8, 7, 9, 14]|[2, 2, 0, 2, 1, 1, 0, 2, 0, 1, 1, 2, 1, 1, 1, 2, 0, 1, 1, 0]|[0, 0, 0, 0, 1, 1, 2, 0, 2, 1, 1, 0, 1, 0, 1, 0, 3, 1, 1, 2]|[0, 0, 0, 1, 1, 1, 0, 0, 2, 0, 1, 1, 1, 1, 0, 1, 2, 1, 1, 0],297.794666148892;9946.173639934120;20167.125411134493,9946.173639934120,1100,1100,0,4
11,1,1100,G2_TEC,HISTORICAL,[2, 5, 0, 10, 13, 16, 1, 19, 9, 18, 12, 11, 6, 17, 15, 4, 7, 8, 3, 14]|[2, 2, 2, 2, 1, 1, 1, 2, 0, 1, 1, 2, 0, 1, 1, 0, 1, 0, 2, 0]|[0, 0, 0, 0, 1, 1, 1, 0, 0, 1, 1, 0, 2, 1, 1, 0, 1, 3, 0, 2]|[1, 0, 1, 1, 1, 1, 1, 0, 0, 0, 1, 1, 2, 1, 1, 1, 1, 2, 1, 0],302.427054249623;10017.946341262154;21034.368418422110,1,true,[2, 5, 11, 10, 13, 16, 1, 0, 6, 4, 12, 19, 15, 17, 18, 3, 8, 7, 9, 14]|[2, 2, 0, 2, 1, 1, 0, 2, 0, 1, 1, 2, 1, 1, 1, 2, 0, 1, 1, 0]|[0, 0, 0, 0, 1, 1, 2, 0, 2, 1, 1, 0, 1, 0, 1, 0, 3, 1, 1, 2]|[0, 0, 0, 1, 1, 1, 0, 0, 2, 0, 1, 1, 1, 1, 0, 1, 2, 1, 1, 0],297.794666148892;9946.173639934120;20167.125411134493,9946.173639934120,1100,1100,0,5
11,1,1100,G3_TWC,PREVIOUS,[18, 0, 4, 12, 13, 16, 1, 10, 19, 2, 17, 5, 14, 8, 3, 11, 9, 15, 6, 7]|[0, 2, 1, 2, 1, 0, 0, 1, 2, 0, 0, 0, 2, 2, 1, 0, 2, 0, 0, 0]|[3, 0, 0, 0, 1, 2, 1, 1, 1, 3, 1, 2, 0, 1, 1, 3, 0, 3, 2, 2]|[2, 1, 0, 1, 1, 2, 0, 0, 1, 1, 0, 0, 0, 1, 1, 2, 0, 1, 2, 0],392.870644126483;11490.992126722000;15232.093247518927,0,false,[18, 0, 4, 12, 13, 16, 1, 10, 19, 2, 17, 5, 14, 8, 3, 11, 9, 15, 6, 7]|[0, 2, 1, 2, 1, 0, 0, 1, 2, 0, 0, 0, 2, 2, 1, 0, 2, 0, 0, 0]|[3, 0, 0, 0, 1, 2, 1, 1, 1, 3, 1, 2, 0, 1, 1, 3, 0, 3, 2, 2]|[2, 1, 0, 1, 1, 2, 0, 0, 1, 1, 0, 0, 0, 1, 1, 2, 0, 1, 2, 0],392.870644126483;11490.992126722000;15232.093247518927,15232.093247518927,NOT_APPLICABLE,NOT_APPLICABLE,NOT_APPLICABLE,5
11,1,1100,G3_TWC,HISTORICAL,[18, 0, 4, 12, 5, 19, 17, 1, 3, 8, 16, 11, 9, 14, 10, 13, 2, 15, 7, 6]|[1, 0, 2, 2, 2, 0, 0, 0, 1, 2, 0, 0, 1, 0, 1, 0, 0, 0, 2, 0]|[1, 3, 0, 0, 0, 0, 1, 1, 1, 1, 2, 3, 1, 3, 1, 1, 3, 3, 0, 2]|[0, 2, 1, 1, 1, 1, 0, 0, 1, 1, 2, 2, 1, 0, 0, 1, 1, 1, 1, 2],423.185371754852;11626.761551387923;15024.877506786574,0,false,[18, 0, 4, 12, 5, 19, 17, 1, 3, 8, 16, 11, 9, 14, 10, 13, 2, 15, 7, 6]|[1, 0, 2, 2, 2, 0, 0, 0, 1, 2, 0, 0, 1, 0, 1, 0, 0, 0, 2, 0]|[1, 3, 0, 0, 0, 0, 1, 1, 1, 1, 2, 3, 1, 3, 1, 1, 3, 3, 0, 2]|[0, 2, 1, 1, 1, 1, 0, 0, 1, 1, 2, 2, 1, 0, 0, 1, 1, 1, 1, 2],423.185371754852;11626.761551387923;15024.877506786574,15024.877506786574,NOT_APPLICABLE,NOT_APPLICABLE,NOT_APPLICABLE,2
11,1,1100,G4_BALANCED,PREVIOUS,[18, 0, 4, 6, 7, 12, 15, 5, 13, 11, 8, 9, 3, 19, 17, 2, 16, 10, 1, 14]|[0, 0, 2, 1, 1, 1, 1, 0, 2, 2, 0, 0, 0, 0, 0, 2, 0, 0, 2, 1]|[3, 2, 0, 1, 1, 0, 1, 3, 1, 1, 2, 3, 3, 1, 3, 1, 0, 0, 0, 1]|[1, 0, 1, 1, 1, 1, 0, 2, 1, 1, 1, 0, 1, 0, 1, 1, 1, 0, 0, 1],445.637663720281;11370.543430252500;15193.750368199833,0,false,[18, 0, 4, 6, 7, 12, 15, 5, 13, 11, 8, 9, 3, 19, 17, 2, 16, 10, 1, 14]|[0, 0, 2, 1, 1, 1, 1, 0, 2, 2, 0, 0, 0, 0, 0, 2, 0, 0, 2, 1]|[3, 2, 0, 1, 1, 0, 1, 3, 1, 1, 2, 3, 3, 1, 3, 1, 0, 0, 0, 1]|[1, 0, 1, 1, 1, 1, 0, 2, 1, 1, 1, 0, 1, 0, 1, 1, 1, 0, 0, 1],445.637663720281;11370.543430252500;15193.750368199833,0.815228378706,NOT_APPLICABLE,NOT_APPLICABLE,NOT_APPLICABLE,4
11,1,1100,G4_BALANCED,HISTORICAL,[18, 0, 4, 6, 7, 12, 15, 5, 13, 11, 8, 9, 3, 19, 17, 2, 16, 10, 1, 14]|[0, 0, 2, 1, 1, 1, 1, 0, 2, 2, 0, 0, 0, 0, 0, 2, 0, 0, 2, 1]|[3, 2, 0, 1, 1, 0, 1, 3, 1, 1, 2, 3, 3, 1, 3, 1, 0, 0, 0, 1]|[1, 0, 1, 1, 1, 1, 0, 2, 1, 1, 1, 0, 1, 0, 1, 1, 1, 0, 0, 1],445.637663720281;11370.543430252500;15193.750368199833,0,false,[18, 0, 4, 6, 7, 12, 15, 5, 13, 11, 8, 9, 3, 19, 17, 2, 16, 10, 1, 14]|[0, 0, 2, 1, 1, 1, 1, 0, 2, 2, 0, 0, 0, 0, 0, 2, 0, 0, 2, 1]|[3, 2, 0, 1, 1, 0, 1, 3, 1, 1, 2, 3, 3, 1, 3, 1, 0, 0, 0, 1]|[1, 0, 1, 1, 1, 1, 0, 2, 1, 1, 1, 0, 1, 0, 1, 1, 1, 0, 0, 1],445.637663720281;11370.543430252500;15193.750368199833,0.815228378706,NOT_APPLICABLE,NOT_APPLICABLE,NOT_APPLICABLE,4
12,1,1200,G1_CMAX,PREVIOUS,[2, 5, 18, 3, 17, 16, 10, 19, 9, 6, 12, 11, 1, 13, 15, 0, 7, 4, 8, 14]|[2, 2, 1, 2, 2, 2, 2, 1, 0, 0, 1, 2, 1, 1, 1, 2, 1, 0, 0, 0]|[0, 1, 1, 0, 1, 1, 0, 0, 0, 2, 1, 0, 1, 1, 1, 0, 1, 0, 3, 2]|[1, 0, 0, 1, 0, 0, 1, 1, 0, 2, 1, 1, 1, 1, 0, 1, 1, 1, 2, 0],207.085182960822;10869.148153848379;18368.048524150385,0,false,[2, 5, 18, 3, 17, 16, 10, 19, 9, 6, 12, 11, 1, 13, 15, 0, 7, 4, 8, 14]|[2, 2, 1, 2, 2, 2, 2, 1, 0, 0, 1, 2, 1, 1, 1, 2, 1, 0, 0, 0]|[0, 1, 1, 0, 1, 1, 0, 0, 0, 2, 1, 0, 1, 1, 1, 0, 1, 0, 3, 2]|[1, 0, 0, 1, 0, 0, 1, 1, 0, 2, 1, 1, 1, 1, 0, 1, 1, 1, 2, 0],207.085182960822;10869.148153848379;18368.048524150385,207.085182960822,NOT_APPLICABLE,NOT_APPLICABLE,NOT_APPLICABLE,3
12,1,1200,G1_CMAX,HISTORICAL,[2, 5, 18, 3, 17, 16, 10, 19, 9, 6, 12, 11, 1, 13, 15, 0, 7, 4, 8, 14]|[2, 2, 1, 2, 2, 2, 2, 1, 0, 0, 1, 2, 1, 1, 1, 2, 1, 0, 0, 0]|[0, 1, 1, 0, 1, 1, 0, 0, 0, 2, 1, 0, 1, 1, 1, 0, 1, 0, 3, 2]|[1, 0, 0, 1, 0, 0, 1, 1, 0, 2, 1, 1, 1, 1, 0, 1, 1, 1, 2, 0],207.085182960822;10869.148153848379;18368.048524150385,0,false,[2, 5, 18, 3, 17, 16, 10, 19, 9, 6, 12, 11, 1, 13, 15, 0, 7, 4, 8, 14]|[2, 2, 1, 2, 2, 2, 2, 1, 0, 0, 1, 2, 1, 1, 1, 2, 1, 0, 0, 0]|[0, 1, 1, 0, 1, 1, 0, 0, 0, 2, 1, 0, 1, 1, 1, 0, 1, 0, 3, 2]|[1, 0, 0, 1, 0, 0, 1, 1, 0, 2, 1, 1, 1, 1, 0, 1, 1, 1, 2, 0],207.085182960822;10869.148153848379;18368.048524150385,207.085182960822,NOT_APPLICABLE,NOT_APPLICABLE,NOT_APPLICABLE,6
12,1,1200,G2_TEC,PREVIOUS,[2, 5, 11, 10, 13, 16, 1, 0, 6, 4, 12, 19, 15, 17, 18, 3, 8, 7, 9, 14]|[2, 2, 0, 2, 1, 1, 0, 2, 0, 1, 1, 2, 1, 1, 1, 2, 0, 1, 1, 0]|[0, 0, 0, 0, 1, 1, 2, 0, 2, 1, 1, 0, 1, 0, 1, 0, 3, 1, 1, 2]|[0, 0, 0, 1, 1, 1, 0, 0, 2, 0, 1, 1, 1, 1, 0, 1, 2, 1, 1, 0],297.794666148892;9946.173639934120;20167.125411134493,0,false,[2, 5, 11, 10, 13, 16, 1, 0, 6, 4, 12, 19, 15, 17, 18, 3, 8, 7, 9, 14]|[2, 2, 0, 2, 1, 1, 0, 2, 0, 1, 1, 2, 1, 1, 1, 2, 0, 1, 1, 0]|[0, 0, 0, 0, 1, 1, 2, 0, 2, 1, 1, 0, 1, 0, 1, 0, 3, 1, 1, 2]|[0, 0, 0, 1, 1, 1, 0, 0, 2, 0, 1, 1, 1, 1, 0, 1, 2, 1, 1, 0],297.794666148892;9946.173639934120;20167.125411134493,9946.173639934120,NOT_APPLICABLE,NOT_APPLICABLE,NOT_APPLICABLE,5
12,1,1200,G2_TEC,HISTORICAL,[2, 5, 11, 10, 13, 16, 1, 0, 6, 4, 12, 19, 15, 17, 18, 3, 8, 7, 9, 14]|[2, 2, 0, 2, 1, 1, 0, 2, 0, 1, 1, 2, 1, 1, 1, 2, 0, 1, 1, 0]|[0, 0, 0, 0, 1, 1, 2, 0, 2, 1, 1, 0, 1, 0, 1, 0, 3, 1, 1, 2]|[0, 0, 0, 1, 1, 1, 0, 0, 2, 0, 1, 1, 1, 1, 0, 1, 2, 1, 1, 0],297.794666148892;9946.173639934120;20167.125411134493,0,false,[2, 5, 11, 10, 13, 16, 1, 0, 6, 4, 12, 19, 15, 17, 18, 3, 8, 7, 9, 14]|[2, 2, 0, 2, 1, 1, 0, 2, 0, 1, 1, 2, 1, 1, 1, 2, 0, 1, 1, 0]|[0, 0, 0, 0, 1, 1, 2, 0, 2, 1, 1, 0, 1, 0, 1, 0, 3, 1, 1, 2]|[0, 0, 0, 1, 1, 1, 0, 0, 2, 0, 1, 1, 1, 1, 0, 1, 2, 1, 1, 0],297.794666148892;9946.173639934120;20167.125411134493,9946.173639934120,NOT_APPLICABLE,NOT_APPLICABLE,NOT_APPLICABLE,5
12,1,1200,G3_TWC,PREVIOUS,[18, 0, 4, 12, 13, 16, 1, 10, 19, 2, 17, 5, 14, 8, 3, 11, 9, 15, 6, 7]|[0, 2, 1, 2, 1, 0, 0, 1, 2, 0, 0, 0, 2, 2, 1, 0, 2, 0, 0, 0]|[3, 0, 0, 0, 1, 2, 1, 1, 1, 3, 1, 2, 0, 1, 1, 3, 0, 3, 2, 2]|[2, 1, 0, 1, 1, 2, 0, 0, 1, 1, 0, 0, 0, 1, 1, 2, 0, 1, 2, 0],392.870644126483;11490.992126722000;15232.093247518927,0,false,[18, 0, 4, 12, 13, 16, 1, 10, 19, 2, 17, 5, 14, 8, 3, 11, 9, 15, 6, 7]|[0, 2, 1, 2, 1, 0, 0, 1, 2, 0, 0, 0, 2, 2, 1, 0, 2, 0, 0, 0]|[3, 0, 0, 0, 1, 2, 1, 1, 1, 3, 1, 2, 0, 1, 1, 3, 0, 3, 2, 2]|[2, 1, 0, 1, 1, 2, 0, 0, 1, 1, 0, 0, 0, 1, 1, 2, 0, 1, 2, 0],392.870644126483;11490.992126722000;15232.093247518927,15232.093247518927,NOT_APPLICABLE,NOT_APPLICABLE,NOT_APPLICABLE,5
12,1,1200,G3_TWC,HISTORICAL,[18, 0, 4, 12, 5, 19, 17, 1, 3, 8, 16, 11, 9, 14, 10, 13, 2, 15, 7, 6]|[1, 0, 2, 2, 2, 0, 0, 0, 1, 2, 0, 0, 1, 0, 1, 0, 0, 0, 2, 0]|[1, 3, 0, 0, 0, 0, 1, 1, 1, 1, 2, 3, 1, 3, 1, 1, 3, 3, 0, 2]|[0, 2, 1, 1, 1, 1, 0, 0, 1, 1, 2, 2, 1, 0, 0, 1, 1, 1, 1, 2],423.185371754852;11626.761551387923;15024.877506786574,0,false,[18, 0, 4, 12, 5, 19, 17, 1, 3, 8, 16, 11, 9, 14, 10, 13, 2, 15, 7, 6]|[1, 0, 2, 2, 2, 0, 0, 0, 1, 2, 0, 0, 1, 0, 1, 0, 0, 0, 2, 0]|[1, 3, 0, 0, 0, 0, 1, 1, 1, 1, 2, 3, 1, 3, 1, 1, 3, 3, 0, 2]|[0, 2, 1, 1, 1, 1, 0, 0, 1, 1, 2, 2, 1, 0, 0, 1, 1, 1, 1, 2],423.185371754852;11626.761551387923;15024.877506786574,15024.877506786574,NOT_APPLICABLE,NOT_APPLICABLE,NOT_APPLICABLE,2
12,1,1200,G4_BALANCED,PREVIOUS,[18, 0, 4, 6, 7, 12, 15, 5, 13, 11, 8, 9, 3, 19, 17, 2, 16, 10, 1, 14]|[0, 0, 2, 1, 1, 1, 1, 0, 2, 2, 0, 0, 0, 0, 0, 2, 0, 0, 2, 1]|[3, 2, 0, 1, 1, 0, 1, 3, 1, 1, 2, 3, 3, 1, 3, 1, 0, 0, 0, 1]|[1, 0, 1, 1, 1, 1, 0, 2, 1, 1, 1, 0, 1, 0, 1, 1, 1, 0, 0, 1],445.637663720281;11370.543430252500;15193.750368199833,0,false,[18, 0, 4, 6, 7, 12, 15, 5, 13, 11, 8, 9, 3, 19, 17, 2, 16, 10, 1, 14]|[0, 0, 2, 1, 1, 1, 1, 0, 2, 2, 0, 0, 0, 0, 0, 2, 0, 0, 2, 1]|[3, 2, 0, 1, 1, 0, 1, 3, 1, 1, 2, 3, 3, 1, 3, 1, 0, 0, 0, 1]|[1, 0, 1, 1, 1, 1, 0, 2, 1, 1, 1, 0, 1, 0, 1, 1, 1, 0, 0, 1],445.637663720281;11370.543430252500;15193.750368199833,0.815228378706,NOT_APPLICABLE,NOT_APPLICABLE,NOT_APPLICABLE,5
12,1,1200,G4_BALANCED,HISTORICAL,[18, 0, 4, 6, 7, 12, 15, 5, 13, 11, 8, 9, 3, 19, 17, 2, 16, 10, 1, 14]|[0, 0, 2, 1, 1, 1, 1, 0, 2, 2, 0, 0, 0, 0, 0, 2, 0, 0, 2, 1]|[3, 2, 0, 1, 1, 0, 1, 3, 1, 1, 2, 3, 3, 1, 3, 1, 0, 0, 0, 1]|[1, 0, 1, 1, 1, 1, 0, 2, 1, 1, 1, 0, 1, 0, 1, 1, 1, 0, 0, 1],445.637663720281;11370.543430252500;15193.750368199833,0,false,[18, 0, 4, 6, 7, 12, 15, 5, 13, 11, 8, 9, 3, 19, 17, 2, 16, 10, 1, 14]|[0, 0, 2, 1, 1, 1, 1, 0, 2, 2, 0, 0, 0, 0, 0, 2, 0, 0, 2, 1]|[3, 2, 0, 1, 1, 0, 1, 3, 1, 1, 2, 3, 3, 1, 3, 1, 0, 0, 0, 1]|[1, 0, 1, 1, 1, 1, 0, 2, 1, 1, 1, 0, 1, 0, 1, 1, 1, 0, 0, 1],445.637663720281;11370.543430252500;15193.750368199833,0.815228378706,NOT_APPLICABLE,NOT_APPLICABLE,NOT_APPLICABLE,4
13,1,1300,G1_CMAX,PREVIOUS,[2, 5, 0, 10, 13, 16, 1, 19, 9, 18, 12, 17, 15, 4, 7, 3, 8, 6, 11, 14]|[2, 2, 2, 2, 1, 1, 0, 2, 0, 1, 1, 1, 1, 0, 1, 2, 0, 0, 2, 0]|[0, 0, 0, 0, 1, 1, 2, 0, 0, 1, 1, 1, 1, 0, 1, 0, 3, 2, 0, 2]|[1, 0, 1, 1, 1, 1, 0, 0, 0, 0, 1, 1, 1, 1, 1, 1, 2, 2, 1, 0],303.082073683787;10114.453600650962;19975.007652898646,1,true,[2, 5, 6, 7, 14, 18, 15, 17, 16, 1, 0, 9, 12, 8, 10, 3, 4, 11, 19, 13]|[0, 2, 2, 2, 0, 0, 1, 2, 1, 2, 0, 1, 0, 0, 2, 1, 1, 0, 2, 1]|[3, 0, 0, 0, 3, 1, 1, 0, 1, 1, 3, 1, 2, 3, 0, 1, 1, 0, 0, 1]|[2, 1, 0, 1, 2, 1, 1, 0, 1, 0, 1, 1, 2, 2, 1, 1, 0, 0, 1, 1],255.481747896723;9888.819117206100;17546.418946500205,255.481747896723,1300,1300,0,3
13,1,1300,G1_CMAX,HISTORICAL,[2, 5, 18, 3, 17, 16, 10, 19, 9, 6, 12, 11, 1, 13, 15, 0, 7, 4, 8, 14]|[2, 2, 1, 2, 2, 2, 2, 1, 0, 0, 1, 2, 1, 1, 1, 2, 1, 0, 0, 0]|[0, 1, 1, 0, 1, 1, 0, 0, 0, 2, 1, 0, 1, 1, 1, 0, 1, 0, 3, 2]|[1, 0, 0, 1, 0, 0, 1, 1, 0, 2, 1, 1, 1, 1, 0, 1, 1, 1, 2, 0],207.085182960822;10869.148153848379;18368.048524150385,0,false,[2, 5, 18, 3, 17, 16, 10, 19, 9, 6, 12, 11, 1, 13, 15, 0, 7, 4, 8, 14]|[2, 2, 1, 2, 2, 2, 2, 1, 0, 0, 1, 2, 1, 1, 1, 2, 1, 0, 0, 0]|[0, 1, 1, 0, 1, 1, 0, 0, 0, 2, 1, 0, 1, 1, 1, 0, 1, 0, 3, 2]|[1, 0, 0, 1, 0, 0, 1, 1, 0, 2, 1, 1, 1, 1, 0, 1, 1, 1, 2, 0],207.085182960822;10869.148153848379;18368.048524150385,207.085182960822,NOT_APPLICABLE,NOT_APPLICABLE,NOT_APPLICABLE,6
13,1,1300,G2_TEC,PREVIOUS,[2, 5, 6, 7, 14, 18, 15, 17, 16, 1, 4, 19, 13, 3, 12, 9, 11, 8, 0, 10]|[2, 0, 2, 1, 0, 0, 1, 1, 1, 2, 0, 0, 1, 0, 1, 1, 1, 0, 0, 2]|[0, 3, 0, 1, 3, 2, 1, 1, 1, 1, 3, 3, 1, 3, 1, 1, 1, 3, 3, 0]|[1, 1, 1, 1, 2, 0, 1, 1, 1, 0, 0, 2, 1, 1, 0, 0, 0, 2, 1, 1],401.437963504696;9721.171792076300;20979.943900013503,0,false,[2, 5, 6, 7, 14, 18, 15, 17, 16, 1, 4, 19, 13, 3, 12, 9, 11, 8, 0, 10]|[2, 0, 2, 1, 0, 0, 1, 1, 1, 2, 0, 0, 1, 0, 1, 1, 1, 0, 0, 2]|[0, 3, 0, 1, 3, 2, 1, 1, 1, 1, 3, 3, 1, 3, 1, 1, 1, 3, 3, 0]|[1, 1, 1, 1, 2, 0, 1, 1, 1, 0, 0, 2, 1, 1, 0, 0, 0, 2, 1, 1],401.437963504696;9721.171792076300;20979.943900013503,9721.171792076300,NOT_APPLICABLE,NOT_APPLICABLE,NOT_APPLICABLE,5
13,1,1300,G2_TEC,HISTORICAL,[2, 5, 6, 7, 14, 18, 15, 17, 16, 1, 4, 19, 13, 3, 12, 9, 11, 8, 0, 10]|[2, 0, 2, 1, 0, 0, 1, 1, 1, 2, 0, 0, 1, 0, 1, 1, 1, 0, 0, 2]|[0, 3, 0, 1, 3, 2, 1, 1, 1, 1, 3, 3, 1, 3, 1, 1, 1, 3, 3, 0]|[1, 1, 1, 1, 2, 0, 1, 1, 1, 0, 0, 2, 1, 1, 0, 0, 0, 2, 1, 1],401.437963504696;9721.171792076300;20979.943900013503,0,false,[2, 5, 6, 7, 14, 18, 15, 17, 16, 1, 4, 19, 13, 3, 12, 9, 11, 8, 0, 10]|[2, 0, 2, 1, 0, 0, 1, 1, 1, 2, 0, 0, 1, 0, 1, 1, 1, 0, 0, 2]|[0, 3, 0, 1, 3, 2, 1, 1, 1, 1, 3, 3, 1, 3, 1, 1, 1, 3, 3, 0]|[1, 1, 1, 1, 2, 0, 1, 1, 1, 0, 0, 2, 1, 1, 0, 0, 0, 2, 1, 1],401.437963504696;9721.171792076300;20979.943900013503,9721.171792076300,NOT_APPLICABLE,NOT_APPLICABLE,NOT_APPLICABLE,5
13,1,1300,G3_TWC,PREVIOUS,[18, 0, 4, 12, 5, 19, 17, 1, 3, 8, 16, 11, 9, 14, 10, 13, 2, 15, 7, 6]|[1, 0, 2, 2, 2, 0, 0, 0, 1, 2, 0, 0, 1, 0, 1, 0, 0, 0, 2, 0]|[1, 3, 0, 0, 0, 0, 1, 1, 1, 1, 2, 3, 1, 3, 1, 1, 3, 3, 0, 2]|[0, 2, 1, 1, 1, 1, 0, 0, 1, 1, 2, 2, 1, 0, 0, 1, 1, 1, 1, 2],423.185371754852;11626.761551387923;15024.877506786574,1,true,[18, 0, 4, 6, 7, 12, 15, 5, 13, 2, 14, 17, 3, 11, 9, 10, 8, 1, 19, 16]|[0, 0, 2, 0, 1, 1, 0, 0, 1, 2, 0, 0, 0, 2, 0, 0, 0, 2, 2, 1]|[1, 2, 0, 2, 1, 0, 2, 3, 1, 0, 2, 3, 3, 1, 3, 2, 2, 0, 0, 1]|[1, 0, 0, 2, 1, 1, 0, 2, 1, 0, 0, 1, 1, 1, 0, 2, 1, 0, 1, 1],398.640070571616;10803.038099850290;13727.971689172065,13727.971689172065,1300,1300,0,5
13,1,1300,G3_TWC,HISTORICAL,[18, 0, 4, 12, 5, 19, 17, 1, 3, 8, 16, 11, 9, 14, 10, 13, 2, 15, 7, 6]|[1, 0, 2, 2, 2, 0, 0, 0, 1, 2, 0, 0, 1, 0, 1, 0, 0, 0, 2, 0]|[1, 3, 0, 0, 0, 0, 1, 1, 1, 1, 2, 3, 1, 3, 1, 1, 3, 3, 0, 2]|[0, 2, 1, 1, 1, 1, 0, 0, 1, 1, 2, 2, 1, 0, 0, 1, 1, 1, 1, 2],423.185371754852;11626.761551387923;15024.877506786574,1,true,[18, 0, 4, 6, 7, 12, 15, 5, 13, 2, 14, 17, 3, 11, 9, 10, 8, 1, 19, 16]|[0, 0, 2, 0, 1, 1, 0, 0, 1, 2, 0, 0, 0, 2, 0, 0, 0, 2, 2, 1]|[1, 2, 0, 2, 1, 0, 2, 3, 1, 0, 2, 3, 3, 1, 3, 2, 2, 0, 0, 1]|[1, 0, 0, 2, 1, 1, 0, 2, 1, 0, 0, 1, 1, 1, 0, 2, 1, 0, 1, 1],398.640070571616;10803.038099850290;13727.971689172065,13727.971689172065,1300,1300,0,3
13,1,1300,G4_BALANCED,PREVIOUS,[18, 0, 4, 6, 7, 12, 15, 5, 13, 11, 8, 9, 3, 19, 17, 2, 16, 10, 1, 14]|[0, 0, 2, 1, 1, 1, 1, 0, 2, 2, 0, 0, 0, 0, 0, 2, 0, 0, 2, 1]|[3, 2, 0, 1, 1, 0, 1, 3, 1, 1, 2, 3, 3, 1, 3, 1, 0, 0, 0, 1]|[1, 0, 1, 1, 1, 1, 0, 2, 1, 1, 1, 0, 1, 0, 1, 1, 1, 0, 0, 1],445.637663720281;11370.543430252500;15193.750368199833,1,true,[18, 0, 4, 6, 7, 12, 15, 5, 13, 2, 14, 17, 3, 11, 9, 10, 8, 1, 19, 16]|[0, 0, 2, 0, 1, 1, 0, 0, 1, 2, 0, 0, 0, 2, 0, 0, 0, 2, 2, 1]|[1, 2, 0, 2, 1, 0, 2, 3, 1, 0, 2, 3, 3, 1, 3, 2, 2, 0, 0, 1]|[1, 0, 0, 2, 1, 1, 0, 2, 1, 0, 0, 1, 1, 1, 0, 2, 1, 0, 1, 1],398.640070571616;10803.038099850290;13727.971689172065,0.985604049887,1300,1300,0,5
13,1,1300,G4_BALANCED,HISTORICAL,[18, 0, 4, 6, 7, 12, 15, 5, 13, 11, 8, 9, 3, 19, 17, 2, 16, 10, 1, 14]|[0, 0, 2, 1, 1, 1, 1, 0, 2, 2, 0, 0, 0, 0, 0, 2, 0, 0, 2, 1]|[3, 2, 0, 1, 1, 0, 1, 3, 1, 1, 2, 3, 3, 1, 3, 1, 0, 0, 0, 1]|[1, 0, 1, 1, 1, 1, 0, 2, 1, 1, 1, 0, 1, 0, 1, 1, 1, 0, 0, 1],445.637663720281;11370.543430252500;15193.750368199833,1,true,[18, 0, 4, 6, 7, 12, 15, 5, 13, 2, 14, 17, 3, 11, 9, 10, 8, 1, 19, 16]|[0, 0, 2, 0, 1, 1, 0, 0, 1, 2, 0, 0, 0, 2, 0, 0, 0, 2, 2, 1]|[1, 2, 0, 2, 1, 0, 2, 3, 1, 0, 2, 3, 3, 1, 3, 2, 2, 0, 0, 1]|[1, 0, 0, 2, 1, 1, 0, 2, 1, 0, 0, 1, 1, 1, 0, 2, 1, 0, 1, 1],398.640070571616;10803.038099850290;13727.971689172065,0.985604049887,1300,1300,0,5
14,1,1400,G1_CMAX,PREVIOUS,[2, 5, 18, 3, 17, 16, 10, 19, 9, 6, 12, 11, 1, 13, 15, 0, 7, 4, 8, 14]|[2, 2, 1, 2, 2, 2, 2, 1, 0, 0, 1, 2, 1, 1, 1, 2, 1, 0, 0, 0]|[0, 1, 1, 0, 1, 1, 0, 0, 0, 2, 1, 0, 1, 1, 1, 0, 1, 0, 3, 2]|[1, 0, 0, 1, 0, 0, 1, 1, 0, 2, 1, 1, 1, 1, 0, 1, 1, 1, 2, 0],207.085182960822;10869.148153848379;18368.048524150385,0,false,[2, 5, 18, 3, 17, 16, 10, 19, 9, 6, 12, 11, 1, 13, 15, 0, 7, 4, 8, 14]|[2, 2, 1, 2, 2, 2, 2, 1, 0, 0, 1, 2, 1, 1, 1, 2, 1, 0, 0, 0]|[0, 1, 1, 0, 1, 1, 0, 0, 0, 2, 1, 0, 1, 1, 1, 0, 1, 0, 3, 2]|[1, 0, 0, 1, 0, 0, 1, 1, 0, 2, 1, 1, 1, 1, 0, 1, 1, 1, 2, 0],207.085182960822;10869.148153848379;18368.048524150385,207.085182960822,NOT_APPLICABLE,NOT_APPLICABLE,NOT_APPLICABLE,3
14,1,1400,G1_CMAX,HISTORICAL,[2, 5, 18, 3, 17, 16, 10, 19, 9, 6, 12, 11, 1, 13, 15, 0, 7, 4, 8, 14]|[2, 2, 1, 2, 2, 2, 2, 1, 0, 0, 1, 2, 1, 1, 1, 2, 1, 0, 0, 0]|[0, 1, 1, 0, 1, 1, 0, 0, 0, 2, 1, 0, 1, 1, 1, 0, 1, 0, 3, 2]|[1, 0, 0, 1, 0, 0, 1, 1, 0, 2, 1, 1, 1, 1, 0, 1, 1, 1, 2, 0],207.085182960822;10869.148153848379;18368.048524150385,0,false,[2, 5, 18, 3, 17, 16, 10, 19, 9, 6, 12, 11, 1, 13, 15, 0, 7, 4, 8, 14]|[2, 2, 1, 2, 2, 2, 2, 1, 0, 0, 1, 2, 1, 1, 1, 2, 1, 0, 0, 0]|[0, 1, 1, 0, 1, 1, 0, 0, 0, 2, 1, 0, 1, 1, 1, 0, 1, 0, 3, 2]|[1, 0, 0, 1, 0, 0, 1, 1, 0, 2, 1, 1, 1, 1, 0, 1, 1, 1, 2, 0],207.085182960822;10869.148153848379;18368.048524150385,207.085182960822,NOT_APPLICABLE,NOT_APPLICABLE,NOT_APPLICABLE,6
14,1,1400,G2_TEC,PREVIOUS,[2, 5, 6, 7, 14, 18, 15, 17, 16, 1, 4, 19, 13, 3, 12, 9, 11, 8, 0, 10]|[2, 0, 2, 1, 0, 0, 1, 1, 1, 2, 0, 0, 1, 0, 1, 1, 1, 0, 0, 2]|[0, 3, 0, 1, 3, 2, 1, 1, 1, 1, 3, 3, 1, 3, 1, 1, 1, 3, 3, 0]|[1, 1, 1, 1, 2, 0, 1, 1, 1, 0, 0, 2, 1, 1, 0, 0, 0, 2, 1, 1],401.437963504696;9721.171792076300;20979.943900013503,1,true,[2, 5, 6, 7, 14, 18, 15, 17, 16, 19, 12, 11, 0, 13, 1, 9, 10, 4, 3, 8]|[0, 0, 2, 2, 0, 0, 2, 1, 1, 0, 1, 1, 1, 1, 2, 0, 2, 0, 2, 0]|[3, 3, 0, 0, 3, 2, 0, 1, 1, 3, 1, 1, 1, 1, 1, 0, 0, 3, 0, 3]|[1, 1, 1, 1, 2, 0, 1, 1, 1, 2, 0, 0, 1, 1, 0, 0, 1, 0, 1, 2],400.056966647520;9672.761083560516;18955.006424960528,9672.761083560516,1400,1400,0,5
14,1,1400,G2_TEC,HISTORICAL,[2, 5, 6, 7, 14, 18, 15, 17, 16, 1, 4, 19, 13, 3, 12, 9, 11, 8, 0, 10]|[2, 0, 2, 1, 0, 0, 1, 1, 1, 2, 0, 0, 1, 0, 1, 1, 1, 0, 0, 2]|[0, 3, 0, 1, 3, 2, 1, 1, 1, 1, 3, 3, 1, 3, 1, 1, 1, 3, 3, 0]|[1, 1, 1, 1, 2, 0, 1, 1, 1, 0, 0, 2, 1, 1, 0, 0, 0, 2, 1, 1],401.437963504696;9721.171792076300;20979.943900013503,1,true,[2, 5, 6, 7, 14, 18, 15, 17, 16, 19, 12, 11, 0, 13, 1, 9, 10, 4, 3, 8]|[0, 0, 2, 2, 0, 0, 2, 1, 1, 0, 1, 1, 1, 1, 2, 0, 2, 0, 2, 0]|[3, 3, 0, 0, 3, 2, 0, 1, 1, 3, 1, 1, 1, 1, 1, 0, 0, 3, 0, 3]|[1, 1, 1, 1, 2, 0, 1, 1, 1, 2, 0, 0, 1, 1, 0, 0, 1, 0, 1, 2],400.056966647520;9672.761083560516;18955.006424960528,9672.761083560516,1400,1400,0,6
14,1,1400,G3_TWC,PREVIOUS,[18, 0, 4, 6, 7, 12, 15, 5, 13, 2, 14, 17, 3, 11, 9, 10, 8, 1, 19, 16]|[0, 0, 2, 0, 1, 1, 0, 0, 1, 2, 0, 0, 0, 2, 0, 0, 0, 2, 2, 1]|[1, 2, 0, 2, 1, 0, 2, 3, 1, 0, 2, 3, 3, 1, 3, 2, 2, 0, 0, 1]|[1, 0, 0, 2, 1, 1, 0, 2, 1, 0, 0, 1, 1, 1, 0, 2, 1, 0, 1, 1],398.640070571616;10803.038099850290;13727.971689172065,0,false,[18, 0, 4, 6, 7, 12, 15, 5, 13, 2, 14, 17, 3, 11, 9, 10, 8, 1, 19, 16]|[0, 0, 2, 0, 1, 1, 0, 0, 1, 2, 0, 0, 0, 2, 0, 0, 0, 2, 2, 1]|[1, 2, 0, 2, 1, 0, 2, 3, 1, 0, 2, 3, 3, 1, 3, 2, 2, 0, 0, 1]|[1, 0, 0, 2, 1, 1, 0, 2, 1, 0, 0, 1, 1, 1, 0, 2, 1, 0, 1, 1],398.640070571616;10803.038099850290;13727.971689172065,13727.971689172065,NOT_APPLICABLE,NOT_APPLICABLE,NOT_APPLICABLE,6
14,1,1400,G3_TWC,HISTORICAL,[18, 0, 4, 6, 7, 12, 15, 5, 13, 2, 14, 17, 3, 11, 9, 10, 8, 1, 19, 16]|[0, 0, 2, 0, 1, 1, 0, 0, 1, 2, 0, 0, 0, 2, 0, 0, 0, 2, 2, 1]|[1, 2, 0, 2, 1, 0, 2, 3, 1, 0, 2, 3, 3, 1, 3, 2, 2, 0, 0, 1]|[1, 0, 0, 2, 1, 1, 0, 2, 1, 0, 0, 1, 1, 1, 0, 2, 1, 0, 1, 1],398.640070571616;10803.038099850290;13727.971689172065,0,false,[18, 0, 4, 6, 7, 12, 15, 5, 13, 2, 14, 17, 3, 11, 9, 10, 8, 1, 19, 16]|[0, 0, 2, 0, 1, 1, 0, 0, 1, 2, 0, 0, 0, 2, 0, 0, 0, 2, 2, 1]|[1, 2, 0, 2, 1, 0, 2, 3, 1, 0, 2, 3, 3, 1, 3, 2, 2, 0, 0, 1]|[1, 0, 0, 2, 1, 1, 0, 2, 1, 0, 0, 1, 1, 1, 0, 2, 1, 0, 1, 1],398.640070571616;10803.038099850290;13727.971689172065,13727.971689172065,NOT_APPLICABLE,NOT_APPLICABLE,NOT_APPLICABLE,3
14,1,1400,G4_BALANCED,PREVIOUS,[18, 0, 4, 6, 7, 12, 15, 5, 13, 2, 14, 17, 3, 11, 9, 10, 8, 1, 19, 16]|[0, 0, 2, 0, 1, 1, 0, 0, 1, 2, 0, 0, 0, 2, 0, 0, 0, 2, 2, 1]|[1, 2, 0, 2, 1, 0, 2, 3, 1, 0, 2, 3, 3, 1, 3, 2, 2, 0, 0, 1]|[1, 0, 0, 2, 1, 1, 0, 2, 1, 0, 0, 1, 1, 1, 0, 2, 1, 0, 1, 1],398.640070571616;10803.038099850290;13727.971689172065,0,false,[18, 0, 4, 6, 7, 12, 15, 5, 13, 2, 14, 17, 3, 11, 9, 10, 8, 1, 19, 16]|[0, 0, 2, 0, 1, 1, 0, 0, 1, 2, 0, 0, 0, 2, 0, 0, 0, 2, 2, 1]|[1, 2, 0, 2, 1, 0, 2, 3, 1, 0, 2, 3, 3, 1, 3, 2, 2, 0, 0, 1]|[1, 0, 0, 2, 1, 1, 0, 2, 1, 0, 0, 1, 1, 1, 0, 2, 1, 0, 1, 1],398.640070571616;10803.038099850290;13727.971689172065,0.653675490838,NOT_APPLICABLE,NOT_APPLICABLE,NOT_APPLICABLE,6
14,1,1400,G4_BALANCED,HISTORICAL,[18, 0, 4, 6, 7, 12, 15, 5, 13, 2, 14, 17, 3, 11, 9, 10, 8, 1, 19, 16]|[0, 0, 2, 0, 1, 1, 0, 0, 1, 2, 0, 0, 0, 2, 0, 0, 0, 2, 2, 1]|[1, 2, 0, 2, 1, 0, 2, 3, 1, 0, 2, 3, 3, 1, 3, 2, 2, 0, 0, 1]|[1, 0, 0, 2, 1, 1, 0, 2, 1, 0, 0, 1, 1, 1, 0, 2, 1, 0, 1, 1],398.640070571616;10803.038099850290;13727.971689172065,0,false,[18, 0, 4, 6, 7, 12, 15, 5, 13, 2, 14, 17, 3, 11, 9, 10, 8, 1, 19, 16]|[0, 0, 2, 0, 1, 1, 0, 0, 1, 2, 0, 0, 0, 2, 0, 0, 0, 2, 2, 1]|[1, 2, 0, 2, 1, 0, 2, 3, 1, 0, 2, 3, 3, 1, 3, 2, 2, 0, 0, 1]|[1, 0, 0, 2, 1, 1, 0, 2, 1, 0, 0, 1, 1, 1, 0, 2, 1, 0, 1, 1],398.640070571616;10803.038099850290;13727.971689172065,0.653675490838,NOT_APPLICABLE,NOT_APPLICABLE,NOT_APPLICABLE,5
15,1,1500,G1_CMAX,PREVIOUS,[2, 5, 18, 3, 17, 16, 10, 19, 9, 6, 12, 11, 1, 13, 15, 0, 7, 4, 8, 14]|[2, 2, 1, 2, 2, 2, 2, 1, 0, 0, 1, 2, 1, 1, 1, 2, 1, 0, 0, 0]|[0, 1, 1, 0, 1, 1, 0, 0, 0, 2, 1, 0, 1, 1, 1, 0, 1, 0, 3, 2]|[1, 0, 0, 1, 0, 0, 1, 1, 0, 2, 1, 1, 1, 1, 0, 1, 1, 1, 2, 0],207.085182960822;10869.148153848379;18368.048524150385,0,false,[2, 5, 18, 3, 17, 16, 10, 19, 9, 6, 12, 11, 1, 13, 15, 0, 7, 4, 8, 14]|[2, 2, 1, 2, 2, 2, 2, 1, 0, 0, 1, 2, 1, 1, 1, 2, 1, 0, 0, 0]|[0, 1, 1, 0, 1, 1, 0, 0, 0, 2, 1, 0, 1, 1, 1, 0, 1, 0, 3, 2]|[1, 0, 0, 1, 0, 0, 1, 1, 0, 2, 1, 1, 1, 1, 0, 1, 1, 1, 2, 0],207.085182960822;10869.148153848379;18368.048524150385,207.085182960822,NOT_APPLICABLE,NOT_APPLICABLE,NOT_APPLICABLE,3
15,1,1500,G1_CMAX,HISTORICAL,[2, 5, 18, 3, 17, 16, 10, 19, 9, 6, 12, 11, 1, 13, 15, 0, 7, 4, 8, 14]|[2, 2, 1, 2, 2, 2, 2, 1, 0, 0, 1, 2, 1, 1, 1, 2, 1, 0, 0, 0]|[0, 1, 1, 0, 1, 1, 0, 0, 0, 2, 1, 0, 1, 1, 1, 0, 1, 0, 3, 2]|[1, 0, 0, 1, 0, 0, 1, 1, 0, 2, 1, 1, 1, 1, 0, 1, 1, 1, 2, 0],207.085182960822;10869.148153848379;18368.048524150385,0,false,[2, 5, 18, 3, 17, 16, 10, 19, 9, 6, 12, 11, 1, 13, 15, 0, 7, 4, 8, 14]|[2, 2, 1, 2, 2, 2, 2, 1, 0, 0, 1, 2, 1, 1, 1, 2, 1, 0, 0, 0]|[0, 1, 1, 0, 1, 1, 0, 0, 0, 2, 1, 0, 1, 1, 1, 0, 1, 0, 3, 2]|[1, 0, 0, 1, 0, 0, 1, 1, 0, 2, 1, 1, 1, 1, 0, 1, 1, 1, 2, 0],207.085182960822;10869.148153848379;18368.048524150385,207.085182960822,NOT_APPLICABLE,NOT_APPLICABLE,NOT_APPLICABLE,6
15,1,1500,G2_TEC,PREVIOUS,[2, 5, 6, 7, 14, 18, 15, 17, 16, 1, 0, 9, 12, 8, 10, 3, 4, 11, 19, 13]|[0, 2, 2, 2, 0, 0, 1, 2, 1, 2, 0, 1, 0, 0, 2, 1, 1, 0, 2, 1]|[3, 0, 0, 0, 3, 1, 1, 0, 1, 1, 3, 1, 2, 3, 0, 1, 1, 0, 0, 1]|[2, 1, 0, 1, 2, 1, 1, 0, 1, 0, 1, 1, 2, 2, 1, 1, 0, 0, 1, 1],255.481747896723;9888.819117206100;17546.418946500205,0,false,[2, 5, 6, 7, 14, 18, 15, 17, 16, 1, 0, 9, 12, 8, 10, 3, 4, 11, 19, 13]|[0, 2, 2, 2, 0, 0, 1, 2, 1, 2, 0, 1, 0, 0, 2, 1, 1, 0, 2, 1]|[3, 0, 0, 0, 3, 1, 1, 0, 1, 1, 3, 1, 2, 3, 0, 1, 1, 0, 0, 1]|[2, 1, 0, 1, 2, 1, 1, 0, 1, 0, 1, 1, 2, 2, 1, 1, 0, 0, 1, 1],255.481747896723;9888.819117206100;17546.418946500205,9888.819117206100,NOT_APPLICABLE,NOT_APPLICABLE,NOT_APPLICABLE,5
15,1,1500,G2_TEC,HISTORICAL,[2, 5, 6, 7, 14, 18, 15, 17, 16, 19, 12, 11, 0, 13, 1, 9, 10, 4, 3, 8]|[0, 0, 2, 2, 0, 0, 2, 1, 1, 0, 1, 1, 1, 1, 2, 0, 2, 0, 2, 0]|[3, 3, 0, 0, 3, 2, 0, 1, 1, 3, 1, 1, 1, 1, 1, 0, 0, 3, 0, 3]|[1, 1, 1, 1, 2, 0, 1, 1, 1, 2, 0, 0, 1, 1, 0, 0, 1, 0, 1, 2],400.056966647520;9672.761083560516;18955.006424960528,0,false,[2, 5, 6, 7, 14, 18, 15, 17, 16, 19, 12, 11, 0, 13, 1, 9, 10, 4, 3, 8]|[0, 0, 2, 2, 0, 0, 2, 1, 1, 0, 1, 1, 1, 1, 2, 0, 2, 0, 2, 0]|[3, 3, 0, 0, 3, 2, 0, 1, 1, 3, 1, 1, 1, 1, 1, 0, 0, 3, 0, 3]|[1, 1, 1, 1, 2, 0, 1, 1, 1, 2, 0, 0, 1, 1, 0, 0, 1, 0, 1, 2],400.056966647520;9672.761083560516;18955.006424960528,9672.761083560516,NOT_APPLICABLE,NOT_APPLICABLE,NOT_APPLICABLE,6
15,1,1500,G3_TWC,PREVIOUS,[18, 0, 4, 6, 7, 12, 15, 5, 13, 2, 14, 17, 3, 11, 9, 10, 8, 1, 19, 16]|[0, 0, 2, 0, 1, 1, 0, 0, 1, 2, 0, 0, 0, 2, 0, 0, 0, 2, 2, 1]|[1, 2, 0, 2, 1, 0, 2, 3, 1, 0, 2, 3, 3, 1, 3, 2, 2, 0, 0, 1]|[1, 0, 0, 2, 1, 1, 0, 2, 1, 0, 0, 1, 1, 1, 0, 2, 1, 0, 1, 1],398.640070571616;10803.038099850290;13727.971689172065,0,false,[18, 0, 4, 6, 7, 12, 15, 5, 13, 2, 14, 17, 3, 11, 9, 10, 8, 1, 19, 16]|[0, 0, 2, 0, 1, 1, 0, 0, 1, 2, 0, 0, 0, 2, 0, 0, 0, 2, 2, 1]|[1, 2, 0, 2, 1, 0, 2, 3, 1, 0, 2, 3, 3, 1, 3, 2, 2, 0, 0, 1]|[1, 0, 0, 2, 1, 1, 0, 2, 1, 0, 0, 1, 1, 1, 0, 2, 1, 0, 1, 1],398.640070571616;10803.038099850290;13727.971689172065,13727.971689172065,NOT_APPLICABLE,NOT_APPLICABLE,NOT_APPLICABLE,7
15,1,1500,G3_TWC,HISTORICAL,[18, 0, 4, 6, 7, 12, 15, 5, 13, 2, 14, 17, 3, 11, 9, 10, 8, 1, 19, 16]|[0, 0, 2, 0, 1, 1, 0, 0, 1, 2, 0, 0, 0, 2, 0, 0, 0, 2, 2, 1]|[1, 2, 0, 2, 1, 0, 2, 3, 1, 0, 2, 3, 3, 1, 3, 2, 2, 0, 0, 1]|[1, 0, 0, 2, 1, 1, 0, 2, 1, 0, 0, 1, 1, 1, 0, 2, 1, 0, 1, 1],398.640070571616;10803.038099850290;13727.971689172065,0,false,[18, 0, 4, 6, 7, 12, 15, 5, 13, 2, 14, 17, 3, 11, 9, 10, 8, 1, 19, 16]|[0, 0, 2, 0, 1, 1, 0, 0, 1, 2, 0, 0, 0, 2, 0, 0, 0, 2, 2, 1]|[1, 2, 0, 2, 1, 0, 2, 3, 1, 0, 2, 3, 3, 1, 3, 2, 2, 0, 0, 1]|[1, 0, 0, 2, 1, 1, 0, 2, 1, 0, 0, 1, 1, 1, 0, 2, 1, 0, 1, 1],398.640070571616;10803.038099850290;13727.971689172065,13727.971689172065,NOT_APPLICABLE,NOT_APPLICABLE,NOT_APPLICABLE,3
15,1,1500,G4_BALANCED,PREVIOUS,[2, 5, 18, 3, 17, 16, 10, 12, 13, 11, 0, 6, 15, 4, 7, 1, 14, 9, 8, 19]|[2, 2, 0, 2, 2, 1, 2, 0, 1, 2, 0, 2, 1, 0, 1, 2, 0, 0, 0, 1]|[0, 1, 3, 0, 1, 1, 0, 2, 1, 0, 3, 0, 1, 0, 1, 0, 2, 0, 3, 1]|[0, 0, 0, 1, 0, 1, 1, 2, 1, 1, 0, 1, 0, 1, 1, 1, 0, 0, 2, 1],226.367625144799;10431.026576298020;17603.996305274544,0,false,[2, 5, 18, 3, 17, 16, 10, 12, 13, 11, 0, 6, 15, 4, 7, 1, 14, 9, 8, 19]|[2, 2, 0, 2, 2, 1, 2, 0, 1, 2, 0, 2, 1, 0, 1, 2, 0, 0, 0, 1]|[0, 1, 3, 0, 1, 1, 0, 2, 1, 0, 3, 0, 1, 0, 1, 0, 2, 0, 3, 1]|[0, 0, 0, 1, 0, 1, 1, 2, 1, 1, 0, 1, 0, 1, 1, 1, 0, 0, 2, 1],226.367625144799;10431.026576298020;17603.996305274544,0.515946835403,NOT_APPLICABLE,NOT_APPLICABLE,NOT_APPLICABLE,6
15,1,1500,G4_BALANCED,HISTORICAL,[18, 0, 4, 6, 7, 12, 15, 5, 13, 2, 14, 17, 3, 11, 9, 10, 8, 1, 19, 16]|[0, 0, 2, 0, 1, 1, 0, 0, 1, 2, 0, 0, 0, 2, 0, 0, 0, 2, 2, 1]|[1, 2, 0, 2, 1, 0, 2, 3, 1, 0, 2, 3, 3, 1, 3, 2, 2, 0, 0, 1]|[1, 0, 0, 2, 1, 1, 0, 2, 1, 0, 0, 1, 1, 1, 0, 2, 1, 0, 1, 1],398.640070571616;10803.038099850290;13727.971689172065,0,false,[18, 0, 4, 6, 7, 12, 15, 5, 13, 2, 14, 17, 3, 11, 9, 10, 8, 1, 19, 16]|[0, 0, 2, 0, 1, 1, 0, 0, 1, 2, 0, 0, 0, 2, 0, 0, 0, 2, 2, 1]|[1, 2, 0, 2, 1, 0, 2, 3, 1, 0, 2, 3, 3, 1, 3, 2, 2, 0, 0, 1]|[1, 0, 0, 2, 1, 1, 0, 2, 1, 0, 0, 1, 1, 1, 0, 2, 1, 0, 1, 1],398.640070571616;10803.038099850290;13727.971689172065,0.653675490838,NOT_APPLICABLE,NOT_APPLICABLE,NOT_APPLICABLE,5
16,1,1600,G1_CMAX,PREVIOUS,[2, 5, 18, 3, 17, 16, 10, 19, 9, 6, 12, 11, 1, 13, 15, 0, 7, 4, 8, 14]|[2, 2, 1, 2, 2, 2, 2, 1, 0, 0, 1, 2, 1, 1, 1, 2, 1, 0, 0, 0]|[0, 1, 1, 0, 1, 1, 0, 0, 0, 2, 1, 0, 1, 1, 1, 0, 1, 0, 3, 2]|[1, 0, 0, 1, 0, 0, 1, 1, 0, 2, 1, 1, 1, 1, 0, 1, 1, 1, 2, 0],207.085182960822;10869.148153848379;18368.048524150385,0,false,[2, 5, 18, 3, 17, 16, 10, 19, 9, 6, 12, 11, 1, 13, 15, 0, 7, 4, 8, 14]|[2, 2, 1, 2, 2, 2, 2, 1, 0, 0, 1, 2, 1, 1, 1, 2, 1, 0, 0, 0]|[0, 1, 1, 0, 1, 1, 0, 0, 0, 2, 1, 0, 1, 1, 1, 0, 1, 0, 3, 2]|[1, 0, 0, 1, 0, 0, 1, 1, 0, 2, 1, 1, 1, 1, 0, 1, 1, 1, 2, 0],207.085182960822;10869.148153848379;18368.048524150385,207.085182960822,NOT_APPLICABLE,NOT_APPLICABLE,NOT_APPLICABLE,3
16,1,1600,G1_CMAX,HISTORICAL,[2, 5, 18, 3, 17, 16, 10, 19, 9, 6, 12, 11, 1, 13, 15, 0, 7, 4, 8, 14]|[2, 2, 1, 2, 2, 2, 2, 1, 0, 0, 1, 2, 1, 1, 1, 2, 1, 0, 0, 0]|[0, 1, 1, 0, 1, 1, 0, 0, 0, 2, 1, 0, 1, 1, 1, 0, 1, 0, 3, 2]|[1, 0, 0, 1, 0, 0, 1, 1, 0, 2, 1, 1, 1, 1, 0, 1, 1, 1, 2, 0],207.085182960822;10869.148153848379;18368.048524150385,0,false,[2, 5, 18, 3, 17, 16, 10, 19, 9, 6, 12, 11, 1, 13, 15, 0, 7, 4, 8, 14]|[2, 2, 1, 2, 2, 2, 2, 1, 0, 0, 1, 2, 1, 1, 1, 2, 1, 0, 0, 0]|[0, 1, 1, 0, 1, 1, 0, 0, 0, 2, 1, 0, 1, 1, 1, 0, 1, 0, 3, 2]|[1, 0, 0, 1, 0, 0, 1, 1, 0, 2, 1, 1, 1, 1, 0, 1, 1, 1, 2, 0],207.085182960822;10869.148153848379;18368.048524150385,207.085182960822,NOT_APPLICABLE,NOT_APPLICABLE,NOT_APPLICABLE,7
16,1,1600,G2_TEC,PREVIOUS,[18, 0, 4, 10, 13, 16, 1, 5, 17, 11, 12, 6, 15, 7, 2, 3, 14, 9, 8, 19]|[0, 0, 2, 2, 1, 1, 0, 2, 1, 2, 0, 0, 1, 0, 1, 0, 0, 1, 0, 2]|[0, 2, 0, 0, 1, 1, 2, 0, 0, 1, 2, 2, 1, 0, 1, 3, 2, 1, 3, 0]|[0, 0, 1, 1, 1, 1, 0, 0, 1, 1, 2, 2, 0, 1, 1, 1, 0, 1, 2, 1],288.104888720277;10320.797305262204;15917.134861676412,0,false,[18, 0, 4, 10, 13, 16, 1, 5, 17, 11, 12, 6, 15, 7, 2, 3, 14, 9, 8, 19]|[0, 0, 2, 2, 1, 1, 0, 2, 1, 2, 0, 0, 1, 0, 1, 0, 0, 1, 0, 2]|[0, 2, 0, 0, 1, 1, 2, 0, 0, 1, 2, 2, 1, 0, 1, 3, 2, 1, 3, 0]|[0, 0, 1, 1, 1, 1, 0, 0, 1, 1, 2, 2, 0, 1, 1, 1, 0, 1, 2, 1],288.104888720277;10320.797305262204;15917.134861676412,10320.797305262204,NOT_APPLICABLE,NOT_APPLICABLE,NOT_APPLICABLE,5
16,1,1600,G2_TEC,HISTORICAL,[2, 5, 6, 7, 14, 18, 15, 17, 16, 19, 12, 11, 0, 13, 1, 9, 10, 4, 3, 8]|[0, 0, 2, 2, 0, 0, 2, 1, 1, 0, 1, 1, 1, 1, 2, 0, 2, 0, 2, 0]|[3, 3, 0, 0, 3, 2, 0, 1, 1, 3, 1, 1, 1, 1, 1, 0, 0, 3, 0, 3]|[1, 1, 1, 1, 2, 0, 1, 1, 1, 2, 0, 0, 1, 1, 0, 0, 1, 0, 1, 2],400.056966647520;9672.761083560516;18955.006424960528,0,false,[2, 5, 6, 7, 14, 18, 15, 17, 16, 19, 12, 11, 0, 13, 1, 9, 10, 4, 3, 8]|[0, 0, 2, 2, 0, 0, 2, 1, 1, 0, 1, 1, 1, 1, 2, 0, 2, 0, 2, 0]|[3, 3, 0, 0, 3, 2, 0, 1, 1, 3, 1, 1, 1, 1, 1, 0, 0, 3, 0, 3]|[1, 1, 1, 1, 2, 0, 1, 1, 1, 2, 0, 0, 1, 1, 0, 0, 1, 0, 1, 2],400.056966647520;9672.761083560516;18955.006424960528,9672.761083560516,NOT_APPLICABLE,NOT_APPLICABLE,NOT_APPLICABLE,6
16,1,1600,G3_TWC,PREVIOUS,[18, 0, 4, 6, 7, 12, 15, 5, 13, 2, 14, 17, 3, 11, 9, 10, 8, 1, 19, 16]|[0, 0, 2, 0, 1, 1, 0, 0, 1, 2, 0, 0, 0, 2, 0, 0, 0, 2, 2, 1]|[1, 2, 0, 2, 1, 0, 2, 3, 1, 0, 2, 3, 3, 1, 3, 2, 2, 0, 0, 1]|[1, 0, 0, 2, 1, 1, 0, 2, 1, 0, 0, 1, 1, 1, 0, 2, 1, 0, 1, 1],398.640070571616;10803.038099850290;13727.971689172065,0,false,[18, 0, 4, 6, 7, 12, 15, 5, 13, 2, 14, 17, 3, 11, 9, 10, 8, 1, 19, 16]|[0, 0, 2, 0, 1, 1, 0, 0, 1, 2, 0, 0, 0, 2, 0, 0, 0, 2, 2, 1]|[1, 2, 0, 2, 1, 0, 2, 3, 1, 0, 2, 3, 3, 1, 3, 2, 2, 0, 0, 1]|[1, 0, 0, 2, 1, 1, 0, 2, 1, 0, 0, 1, 1, 1, 0, 2, 1, 0, 1, 1],398.640070571616;10803.038099850290;13727.971689172065,13727.971689172065,NOT_APPLICABLE,NOT_APPLICABLE,NOT_APPLICABLE,7
16,1,1600,G3_TWC,HISTORICAL,[18, 0, 4, 6, 7, 12, 15, 5, 13, 2, 14, 17, 3, 11, 9, 10, 8, 1, 19, 16]|[0, 0, 2, 0, 1, 1, 0, 0, 1, 2, 0, 0, 0, 2, 0, 0, 0, 2, 2, 1]|[1, 2, 0, 2, 1, 0, 2, 3, 1, 0, 2, 3, 3, 1, 3, 2, 2, 0, 0, 1]|[1, 0, 0, 2, 1, 1, 0, 2, 1, 0, 0, 1, 1, 1, 0, 2, 1, 0, 1, 1],398.640070571616;10803.038099850290;13727.971689172065,0,false,[18, 0, 4, 6, 7, 12, 15, 5, 13, 2, 14, 17, 3, 11, 9, 10, 8, 1, 19, 16]|[0, 0, 2, 0, 1, 1, 0, 0, 1, 2, 0, 0, 0, 2, 0, 0, 0, 2, 2, 1]|[1, 2, 0, 2, 1, 0, 2, 3, 1, 0, 2, 3, 3, 1, 3, 2, 2, 0, 0, 1]|[1, 0, 0, 2, 1, 1, 0, 2, 1, 0, 0, 1, 1, 1, 0, 2, 1, 0, 1, 1],398.640070571616;10803.038099850290;13727.971689172065,13727.971689172065,NOT_APPLICABLE,NOT_APPLICABLE,NOT_APPLICABLE,4
16,1,1600,G4_BALANCED,PREVIOUS,[2, 5, 18, 3, 17, 16, 10, 12, 13, 11, 0, 6, 15, 4, 7, 1, 14, 9, 8, 19]|[2, 2, 0, 2, 2, 1, 2, 0, 1, 2, 0, 2, 1, 0, 1, 2, 0, 0, 0, 1]|[0, 1, 3, 0, 1, 1, 0, 2, 1, 0, 3, 0, 1, 0, 1, 0, 2, 0, 3, 1]|[0, 0, 0, 1, 0, 1, 1, 2, 1, 1, 0, 1, 0, 1, 1, 1, 0, 0, 2, 1],226.367625144799;10431.026576298020;17603.996305274544,0,false,[2, 5, 18, 3, 17, 16, 10, 12, 13, 11, 0, 6, 15, 4, 7, 1, 14, 9, 8, 19]|[2, 2, 0, 2, 2, 1, 2, 0, 1, 2, 0, 2, 1, 0, 1, 2, 0, 0, 0, 1]|[0, 1, 3, 0, 1, 1, 0, 2, 1, 0, 3, 0, 1, 0, 1, 0, 2, 0, 3, 1]|[0, 0, 0, 1, 0, 1, 1, 2, 1, 1, 0, 1, 0, 1, 1, 1, 0, 0, 2, 1],226.367625144799;10431.026576298020;17603.996305274544,0.515946835403,NOT_APPLICABLE,NOT_APPLICABLE,NOT_APPLICABLE,7
16,1,1600,G4_BALANCED,HISTORICAL,[18, 0, 4, 6, 7, 12, 15, 5, 13, 2, 14, 17, 3, 11, 9, 10, 8, 1, 19, 16]|[0, 0, 2, 0, 1, 1, 0, 0, 1, 2, 0, 0, 0, 2, 0, 0, 0, 2, 2, 1]|[1, 2, 0, 2, 1, 0, 2, 3, 1, 0, 2, 3, 3, 1, 3, 2, 2, 0, 0, 1]|[1, 0, 0, 2, 1, 1, 0, 2, 1, 0, 0, 1, 1, 1, 0, 2, 1, 0, 1, 1],398.640070571616;10803.038099850290;13727.971689172065,0,false,[18, 0, 4, 6, 7, 12, 15, 5, 13, 2, 14, 17, 3, 11, 9, 10, 8, 1, 19, 16]|[0, 0, 2, 0, 1, 1, 0, 0, 1, 2, 0, 0, 0, 2, 0, 0, 0, 2, 2, 1]|[1, 2, 0, 2, 1, 0, 2, 3, 1, 0, 2, 3, 3, 1, 3, 2, 2, 0, 0, 1]|[1, 0, 0, 2, 1, 1, 0, 2, 1, 0, 0, 1, 1, 1, 0, 2, 1, 0, 1, 1],398.640070571616;10803.038099850290;13727.971689172065,0.657652444854,NOT_APPLICABLE,NOT_APPLICABLE,NOT_APPLICABLE,5
17,1,1700,G1_CMAX,PREVIOUS,[2, 5, 18, 3, 17, 16, 10, 19, 9, 6, 12, 11, 1, 13, 15, 0, 7, 4, 8, 14]|[2, 2, 1, 2, 2, 2, 2, 1, 0, 0, 1, 2, 1, 1, 1, 2, 1, 0, 0, 0]|[0, 1, 1, 0, 1, 1, 0, 0, 0, 2, 1, 0, 1, 1, 1, 0, 1, 0, 3, 2]|[1, 0, 0, 1, 0, 0, 1, 1, 0, 2, 1, 1, 1, 1, 0, 1, 1, 1, 2, 0],207.085182960822;10869.148153848379;18368.048524150385,0,false,[2, 5, 18, 3, 17, 16, 10, 19, 9, 6, 12, 11, 1, 13, 15, 0, 7, 4, 8, 14]|[2, 2, 1, 2, 2, 2, 2, 1, 0, 0, 1, 2, 1, 1, 1, 2, 1, 0, 0, 0]|[0, 1, 1, 0, 1, 1, 0, 0, 0, 2, 1, 0, 1, 1, 1, 0, 1, 0, 3, 2]|[1, 0, 0, 1, 0, 0, 1, 1, 0, 2, 1, 1, 1, 1, 0, 1, 1, 1, 2, 0],207.085182960822;10869.148153848379;18368.048524150385,207.085182960822,NOT_APPLICABLE,NOT_APPLICABLE,NOT_APPLICABLE,3
17,1,1700,G1_CMAX,HISTORICAL,[2, 5, 18, 3, 17, 16, 10, 19, 9, 6, 12, 11, 1, 13, 15, 0, 7, 4, 8, 14]|[2, 2, 1, 2, 2, 2, 2, 1, 0, 0, 1, 2, 1, 1, 1, 2, 1, 0, 0, 0]|[0, 1, 1, 0, 1, 1, 0, 0, 0, 2, 1, 0, 1, 1, 1, 0, 1, 0, 3, 2]|[1, 0, 0, 1, 0, 0, 1, 1, 0, 2, 1, 1, 1, 1, 0, 1, 1, 1, 2, 0],207.085182960822;10869.148153848379;18368.048524150385,0,false,[2, 5, 18, 3, 17, 16, 10, 19, 9, 6, 12, 11, 1, 13, 15, 0, 7, 4, 8, 14]|[2, 2, 1, 2, 2, 2, 2, 1, 0, 0, 1, 2, 1, 1, 1, 2, 1, 0, 0, 0]|[0, 1, 1, 0, 1, 1, 0, 0, 0, 2, 1, 0, 1, 1, 1, 0, 1, 0, 3, 2]|[1, 0, 0, 1, 0, 0, 1, 1, 0, 2, 1, 1, 1, 1, 0, 1, 1, 1, 2, 0],207.085182960822;10869.148153848379;18368.048524150385,207.085182960822,NOT_APPLICABLE,NOT_APPLICABLE,NOT_APPLICABLE,8
17,1,1700,G2_TEC,PREVIOUS,[2, 5, 6, 7, 14, 18, 15, 17, 16, 19, 12, 11, 0, 13, 1, 9, 10, 4, 3, 8]|[0, 0, 2, 2, 0, 0, 2, 1, 1, 0, 1, 1, 1, 1, 2, 0, 2, 0, 2, 0]|[3, 3, 0, 0, 3, 2, 0, 1, 1, 3, 1, 1, 1, 1, 1, 0, 0, 3, 0, 3]|[1, 1, 1, 1, 2, 0, 1, 1, 1, 2, 0, 0, 1, 1, 0, 0, 1, 0, 1, 2],400.056966647520;9672.761083560516;18955.006424960528,0,false,[2, 5, 6, 7, 14, 18, 15, 17, 16, 19, 12, 11, 0, 13, 1, 9, 10, 4, 3, 8]|[0, 0, 2, 2, 0, 0, 2, 1, 1, 0, 1, 1, 1, 1, 2, 0, 2, 0, 2, 0]|[3, 3, 0, 0, 3, 2, 0, 1, 1, 3, 1, 1, 1, 1, 1, 0, 0, 3, 0, 3]|[1, 1, 1, 1, 2, 0, 1, 1, 1, 2, 0, 0, 1, 1, 0, 0, 1, 0, 1, 2],400.056966647520;9672.761083560516;18955.006424960528,9672.761083560516,NOT_APPLICABLE,NOT_APPLICABLE,NOT_APPLICABLE,5
17,1,1700,G2_TEC,HISTORICAL,[2, 5, 6, 7, 14, 18, 15, 17, 16, 19, 12, 11, 0, 13, 1, 9, 10, 4, 3, 8]|[0, 0, 2, 2, 0, 0, 2, 1, 1, 0, 1, 1, 1, 1, 2, 0, 2, 0, 2, 0]|[3, 3, 0, 0, 3, 2, 0, 1, 1, 3, 1, 1, 1, 1, 1, 0, 0, 3, 0, 3]|[1, 1, 1, 1, 2, 0, 1, 1, 1, 2, 0, 0, 1, 1, 0, 0, 1, 0, 1, 2],400.056966647520;9672.761083560516;18955.006424960528,0,false,[2, 5, 6, 7, 14, 18, 15, 17, 16, 19, 12, 11, 0, 13, 1, 9, 10, 4, 3, 8]|[0, 0, 2, 2, 0, 0, 2, 1, 1, 0, 1, 1, 1, 1, 2, 0, 2, 0, 2, 0]|[3, 3, 0, 0, 3, 2, 0, 1, 1, 3, 1, 1, 1, 1, 1, 0, 0, 3, 0, 3]|[1, 1, 1, 1, 2, 0, 1, 1, 1, 2, 0, 0, 1, 1, 0, 0, 1, 0, 1, 2],400.056966647520;9672.761083560516;18955.006424960528,9672.761083560516,NOT_APPLICABLE,NOT_APPLICABLE,NOT_APPLICABLE,7
17,1,1700,G3_TWC,PREVIOUS,[18, 0, 4, 6, 7, 12, 15, 5, 13, 2, 14, 17, 3, 11, 9, 10, 8, 1, 19, 16]|[0, 0, 2, 0, 1, 1, 0, 0, 1, 2, 0, 0, 0, 2, 0, 0, 0, 2, 2, 1]|[1, 2, 0, 2, 1, 0, 2, 3, 1, 0, 2, 3, 3, 1, 3, 2, 2, 0, 0, 1]|[1, 0, 0, 2, 1, 1, 0, 2, 1, 0, 0, 1, 1, 1, 0, 2, 1, 0, 1, 1],398.640070571616;10803.038099850290;13727.971689172065,0,false,[18, 0, 4, 6, 7, 12, 15, 5, 13, 2, 14, 17, 3, 11, 9, 10, 8, 1, 19, 16]|[0, 0, 2, 0, 1, 1, 0, 0, 1, 2, 0, 0, 0, 2, 0, 0, 0, 2, 2, 1]|[1, 2, 0, 2, 1, 0, 2, 3, 1, 0, 2, 3, 3, 1, 3, 2, 2, 0, 0, 1]|[1, 0, 0, 2, 1, 1, 0, 2, 1, 0, 0, 1, 1, 1, 0, 2, 1, 0, 1, 1],398.640070571616;10803.038099850290;13727.971689172065,13727.971689172065,NOT_APPLICABLE,NOT_APPLICABLE,NOT_APPLICABLE,7
17,1,1700,G3_TWC,HISTORICAL,[18, 0, 4, 6, 7, 12, 15, 5, 13, 2, 14, 17, 3, 11, 9, 10, 8, 1, 19, 16]|[0, 0, 2, 0, 1, 1, 0, 0, 1, 2, 0, 0, 0, 2, 0, 0, 0, 2, 2, 1]|[1, 2, 0, 2, 1, 0, 2, 3, 1, 0, 2, 3, 3, 1, 3, 2, 2, 0, 0, 1]|[1, 0, 0, 2, 1, 1, 0, 2, 1, 0, 0, 1, 1, 1, 0, 2, 1, 0, 1, 1],398.640070571616;10803.038099850290;13727.971689172065,0,false,[18, 0, 4, 6, 7, 12, 15, 5, 13, 2, 14, 17, 3, 11, 9, 10, 8, 1, 19, 16]|[0, 0, 2, 0, 1, 1, 0, 0, 1, 2, 0, 0, 0, 2, 0, 0, 0, 2, 2, 1]|[1, 2, 0, 2, 1, 0, 2, 3, 1, 0, 2, 3, 3, 1, 3, 2, 2, 0, 0, 1]|[1, 0, 0, 2, 1, 1, 0, 2, 1, 0, 0, 1, 1, 1, 0, 2, 1, 0, 1, 1],398.640070571616;10803.038099850290;13727.971689172065,13727.971689172065,NOT_APPLICABLE,NOT_APPLICABLE,NOT_APPLICABLE,5
17,1,1700,G4_BALANCED,PREVIOUS,[2, 5, 18, 3, 17, 16, 10, 12, 13, 11, 0, 6, 15, 4, 7, 1, 14, 9, 8, 19]|[2, 2, 0, 2, 2, 1, 2, 0, 1, 2, 0, 2, 1, 0, 1, 2, 0, 0, 0, 1]|[0, 1, 3, 0, 1, 1, 0, 2, 1, 0, 3, 0, 1, 0, 1, 0, 2, 0, 3, 1]|[0, 0, 0, 1, 0, 1, 1, 2, 1, 1, 0, 1, 0, 1, 1, 1, 0, 0, 2, 1],226.367625144799;10431.026576298020;17603.996305274544,1,true,[2, 5, 6, 10, 13, 16, 1, 12, 17, 11, 4, 0, 3, 8, 19, 9, 15, 18, 7, 14]|[0, 2, 2, 2, 1, 2, 0, 0, 2, 1, 2, 1, 2, 0, 1, 0, 2, 0, 2, 0]|[3, 1, 0, 0, 1, 1, 2, 2, 1, 1, 0, 1, 0, 3, 1, 0, 0, 2, 0, 3]|[1, 0, 1, 1, 1, 0, 0, 2, 0, 0, 1, 1, 1, 2, 1, 0, 1, 0, 1, 0],217.235496979772;10197.932589108019;15643.809824881617,0.370230753914,1700,1700,0,8
17,1,1700,G4_BALANCED,HISTORICAL,[18, 0, 4, 6, 7, 12, 15, 5, 13, 2, 14, 17, 3, 11, 9, 10, 8, 1, 19, 16]|[0, 0, 2, 0, 1, 1, 0, 0, 1, 2, 0, 0, 0, 2, 0, 0, 0, 2, 2, 1]|[1, 2, 0, 2, 1, 0, 2, 3, 1, 0, 2, 3, 3, 1, 3, 2, 2, 0, 0, 1]|[1, 0, 0, 2, 1, 1, 0, 2, 1, 0, 0, 1, 1, 1, 0, 2, 1, 0, 1, 1],398.640070571616;10803.038099850290;13727.971689172065,0,false,[18, 0, 4, 6, 7, 12, 15, 5, 13, 2, 14, 17, 3, 11, 9, 10, 8, 1, 19, 16]|[0, 0, 2, 0, 1, 1, 0, 0, 1, 2, 0, 0, 0, 2, 0, 0, 0, 2, 2, 1]|[1, 2, 0, 2, 1, 0, 2, 3, 1, 0, 2, 3, 3, 1, 3, 2, 2, 0, 0, 1]|[1, 0, 0, 2, 1, 1, 0, 2, 1, 0, 0, 1, 1, 1, 0, 2, 1, 0, 1, 1],398.640070571616;10803.038099850290;13727.971689172065,0.657652444854,NOT_APPLICABLE,NOT_APPLICABLE,NOT_APPLICABLE,5
18,1,1800,G1_CMAX,PREVIOUS,[2, 5, 18, 3, 17, 16, 10, 19, 9, 6, 12, 11, 1, 13, 15, 0, 7, 4, 8, 14]|[2, 2, 1, 2, 2, 2, 2, 1, 0, 0, 1, 2, 1, 1, 1, 2, 1, 0, 0, 0]|[0, 1, 1, 0, 1, 1, 0, 0, 0, 2, 1, 0, 1, 1, 1, 0, 1, 0, 3, 2]|[1, 0, 0, 1, 0, 0, 1, 1, 0, 2, 1, 1, 1, 1, 0, 1, 1, 1, 2, 0],207.085182960822;10869.148153848379;18368.048524150385,0,false,[2, 5, 18, 3, 17, 16, 10, 19, 9, 6, 12, 11, 1, 13, 15, 0, 7, 4, 8, 14]|[2, 2, 1, 2, 2, 2, 2, 1, 0, 0, 1, 2, 1, 1, 1, 2, 1, 0, 0, 0]|[0, 1, 1, 0, 1, 1, 0, 0, 0, 2, 1, 0, 1, 1, 1, 0, 1, 0, 3, 2]|[1, 0, 0, 1, 0, 0, 1, 1, 0, 2, 1, 1, 1, 1, 0, 1, 1, 1, 2, 0],207.085182960822;10869.148153848379;18368.048524150385,207.085182960822,NOT_APPLICABLE,NOT_APPLICABLE,NOT_APPLICABLE,3
18,1,1800,G1_CMAX,HISTORICAL,[2, 5, 18, 3, 17, 16, 10, 19, 9, 6, 12, 11, 1, 13, 15, 0, 7, 4, 8, 14]|[2, 2, 1, 2, 2, 2, 2, 1, 0, 0, 1, 2, 1, 1, 1, 2, 1, 0, 0, 0]|[0, 1, 1, 0, 1, 1, 0, 0, 0, 2, 1, 0, 1, 1, 1, 0, 1, 0, 3, 2]|[1, 0, 0, 1, 0, 0, 1, 1, 0, 2, 1, 1, 1, 1, 0, 1, 1, 1, 2, 0],207.085182960822;10869.148153848379;18368.048524150385,0,false,[2, 5, 18, 3, 17, 16, 10, 19, 9, 6, 12, 11, 1, 13, 15, 0, 7, 4, 8, 14]|[2, 2, 1, 2, 2, 2, 2, 1, 0, 0, 1, 2, 1, 1, 1, 2, 1, 0, 0, 0]|[0, 1, 1, 0, 1, 1, 0, 0, 0, 2, 1, 0, 1, 1, 1, 0, 1, 0, 3, 2]|[1, 0, 0, 1, 0, 0, 1, 1, 0, 2, 1, 1, 1, 1, 0, 1, 1, 1, 2, 0],207.085182960822;10869.148153848379;18368.048524150385,207.085182960822,NOT_APPLICABLE,NOT_APPLICABLE,NOT_APPLICABLE,9
18,1,1800,G2_TEC,PREVIOUS,[2, 5, 6, 7, 14, 18, 15, 17, 16, 19, 12, 11, 0, 13, 1, 9, 10, 4, 3, 8]|[0, 0, 2, 2, 0, 0, 2, 1, 1, 0, 1, 1, 1, 1, 2, 0, 2, 0, 2, 0]|[3, 3, 0, 0, 3, 2, 0, 1, 1, 3, 1, 1, 1, 1, 1, 0, 0, 3, 0, 3]|[1, 1, 1, 1, 2, 0, 1, 1, 1, 2, 0, 0, 1, 1, 0, 0, 1, 0, 1, 2],400.056966647520;9672.761083560516;18955.006424960528,0,false,[2, 5, 6, 7, 14, 18, 15, 17, 16, 19, 12, 11, 0, 13, 1, 9, 10, 4, 3, 8]|[0, 0, 2, 2, 0, 0, 2, 1, 1, 0, 1, 1, 1, 1, 2, 0, 2, 0, 2, 0]|[3, 3, 0, 0, 3, 2, 0, 1, 1, 3, 1, 1, 1, 1, 1, 0, 0, 3, 0, 3]|[1, 1, 1, 1, 2, 0, 1, 1, 1, 2, 0, 0, 1, 1, 0, 0, 1, 0, 1, 2],400.056966647520;9672.761083560516;18955.006424960528,9672.761083560516,NOT_APPLICABLE,NOT_APPLICABLE,NOT_APPLICABLE,5
18,1,1800,G2_TEC,HISTORICAL,[2, 5, 6, 7, 14, 18, 15, 17, 16, 19, 12, 11, 0, 13, 1, 9, 10, 4, 3, 8]|[0, 0, 2, 2, 0, 0, 2, 1, 1, 0, 1, 1, 1, 1, 2, 0, 2, 0, 2, 0]|[3, 3, 0, 0, 3, 2, 0, 1, 1, 3, 1, 1, 1, 1, 1, 0, 0, 3, 0, 3]|[1, 1, 1, 1, 2, 0, 1, 1, 1, 2, 0, 0, 1, 1, 0, 0, 1, 0, 1, 2],400.056966647520;9672.761083560516;18955.006424960528,0,false,[2, 5, 6, 7, 14, 18, 15, 17, 16, 19, 12, 11, 0, 13, 1, 9, 10, 4, 3, 8]|[0, 0, 2, 2, 0, 0, 2, 1, 1, 0, 1, 1, 1, 1, 2, 0, 2, 0, 2, 0]|[3, 3, 0, 0, 3, 2, 0, 1, 1, 3, 1, 1, 1, 1, 1, 0, 0, 3, 0, 3]|[1, 1, 1, 1, 2, 0, 1, 1, 1, 2, 0, 0, 1, 1, 0, 0, 1, 0, 1, 2],400.056966647520;9672.761083560516;18955.006424960528,9672.761083560516,NOT_APPLICABLE,NOT_APPLICABLE,NOT_APPLICABLE,8
18,1,1800,G3_TWC,PREVIOUS,[18, 0, 4, 6, 7, 12, 15, 5, 13, 2, 14, 17, 3, 11, 9, 10, 8, 1, 19, 16]|[0, 0, 2, 0, 1, 1, 0, 0, 1, 2, 0, 0, 0, 2, 0, 0, 0, 2, 2, 1]|[1, 2, 0, 2, 1, 0, 2, 3, 1, 0, 2, 3, 3, 1, 3, 2, 2, 0, 0, 1]|[1, 0, 0, 2, 1, 1, 0, 2, 1, 0, 0, 1, 1, 1, 0, 2, 1, 0, 1, 1],398.640070571616;10803.038099850290;13727.971689172065,0,false,[18, 0, 4, 6, 7, 12, 15, 5, 13, 2, 14, 17, 3, 11, 9, 10, 8, 1, 19, 16]|[0, 0, 2, 0, 1, 1, 0, 0, 1, 2, 0, 0, 0, 2, 0, 0, 0, 2, 2, 1]|[1, 2, 0, 2, 1, 0, 2, 3, 1, 0, 2, 3, 3, 1, 3, 2, 2, 0, 0, 1]|[1, 0, 0, 2, 1, 1, 0, 2, 1, 0, 0, 1, 1, 1, 0, 2, 1, 0, 1, 1],398.640070571616;10803.038099850290;13727.971689172065,13727.971689172065,NOT_APPLICABLE,NOT_APPLICABLE,NOT_APPLICABLE,7
18,1,1800,G3_TWC,HISTORICAL,[18, 0, 4, 6, 7, 12, 15, 5, 13, 2, 14, 17, 3, 11, 9, 10, 8, 1, 19, 16]|[0, 0, 2, 0, 1, 1, 0, 0, 1, 2, 0, 0, 0, 2, 0, 0, 0, 2, 2, 1]|[1, 2, 0, 2, 1, 0, 2, 3, 1, 0, 2, 3, 3, 1, 3, 2, 2, 0, 0, 1]|[1, 0, 0, 2, 1, 1, 0, 2, 1, 0, 0, 1, 1, 1, 0, 2, 1, 0, 1, 1],398.640070571616;10803.038099850290;13727.971689172065,0,false,[18, 0, 4, 6, 7, 12, 15, 5, 13, 2, 14, 17, 3, 11, 9, 10, 8, 1, 19, 16]|[0, 0, 2, 0, 1, 1, 0, 0, 1, 2, 0, 0, 0, 2, 0, 0, 0, 2, 2, 1]|[1, 2, 0, 2, 1, 0, 2, 3, 1, 0, 2, 3, 3, 1, 3, 2, 2, 0, 0, 1]|[1, 0, 0, 2, 1, 1, 0, 2, 1, 0, 0, 1, 1, 1, 0, 2, 1, 0, 1, 1],398.640070571616;10803.038099850290;13727.971689172065,13727.971689172065,NOT_APPLICABLE,NOT_APPLICABLE,NOT_APPLICABLE,6
18,1,1800,G4_BALANCED,PREVIOUS,[2, 5, 6, 10, 13, 16, 1, 12, 17, 11, 4, 0, 3, 8, 19, 9, 15, 18, 7, 14]|[0, 2, 2, 2, 1, 2, 0, 0, 2, 1, 2, 1, 2, 0, 1, 0, 2, 0, 2, 0]|[3, 1, 0, 0, 1, 1, 2, 2, 1, 1, 0, 1, 0, 3, 1, 0, 0, 2, 0, 3]|[1, 0, 1, 1, 1, 0, 0, 2, 0, 0, 1, 1, 1, 2, 1, 0, 1, 0, 1, 0],217.235496979772;10197.932589108019;15643.809824881617,0,false,[2, 5, 6, 10, 13, 16, 1, 12, 17, 11, 4, 0, 3, 8, 19, 9, 15, 18, 7, 14]|[0, 2, 2, 2, 1, 2, 0, 0, 2, 1, 2, 1, 2, 0, 1, 0, 2, 0, 2, 0]|[3, 1, 0, 0, 1, 1, 2, 2, 1, 1, 0, 1, 0, 3, 1, 0, 0, 2, 0, 3]|[1, 0, 1, 1, 1, 0, 0, 2, 0, 0, 1, 1, 1, 2, 1, 0, 1, 0, 1, 0],217.235496979772;10197.932589108019;15643.809824881617,0.370230753914,NOT_APPLICABLE,NOT_APPLICABLE,NOT_APPLICABLE,9
18,1,1800,G4_BALANCED,HISTORICAL,[18, 0, 4, 6, 7, 12, 15, 5, 13, 2, 14, 17, 3, 11, 9, 10, 8, 1, 19, 16]|[0, 0, 2, 0, 1, 1, 0, 0, 1, 2, 0, 0, 0, 2, 0, 0, 0, 2, 2, 1]|[1, 2, 0, 2, 1, 0, 2, 3, 1, 0, 2, 3, 3, 1, 3, 2, 2, 0, 0, 1]|[1, 0, 0, 2, 1, 1, 0, 2, 1, 0, 0, 1, 1, 1, 0, 2, 1, 0, 1, 1],398.640070571616;10803.038099850290;13727.971689172065,0,false,[18, 0, 4, 6, 7, 12, 15, 5, 13, 2, 14, 17, 3, 11, 9, 10, 8, 1, 19, 16]|[0, 0, 2, 0, 1, 1, 0, 0, 1, 2, 0, 0, 0, 2, 0, 0, 0, 2, 2, 1]|[1, 2, 0, 2, 1, 0, 2, 3, 1, 0, 2, 3, 3, 1, 3, 2, 2, 0, 0, 1]|[1, 0, 0, 2, 1, 1, 0, 2, 1, 0, 0, 1, 1, 1, 0, 2, 1, 0, 1, 1],398.640070571616;10803.038099850290;13727.971689172065,0.657652444854,NOT_APPLICABLE,NOT_APPLICABLE,NOT_APPLICABLE,5
19,1,1900,G1_CMAX,PREVIOUS,[2, 5, 18, 3, 17, 16, 10, 19, 9, 6, 12, 11, 1, 13, 15, 0, 7, 4, 8, 14]|[2, 2, 1, 2, 2, 2, 2, 1, 0, 0, 1, 2, 1, 1, 1, 2, 1, 0, 0, 0]|[0, 1, 1, 0, 1, 1, 0, 0, 0, 2, 1, 0, 1, 1, 1, 0, 1, 0, 3, 2]|[1, 0, 0, 1, 0, 0, 1, 1, 0, 2, 1, 1, 1, 1, 0, 1, 1, 1, 2, 0],207.085182960822;10869.148153848379;18368.048524150385,0,false,[2, 5, 18, 3, 17, 16, 10, 19, 9, 6, 12, 11, 1, 13, 15, 0, 7, 4, 8, 14]|[2, 2, 1, 2, 2, 2, 2, 1, 0, 0, 1, 2, 1, 1, 1, 2, 1, 0, 0, 0]|[0, 1, 1, 0, 1, 1, 0, 0, 0, 2, 1, 0, 1, 1, 1, 0, 1, 0, 3, 2]|[1, 0, 0, 1, 0, 0, 1, 1, 0, 2, 1, 1, 1, 1, 0, 1, 1, 1, 2, 0],207.085182960822;10869.148153848379;18368.048524150385,207.085182960822,NOT_APPLICABLE,NOT_APPLICABLE,NOT_APPLICABLE,4
19,1,1900,G1_CMAX,HISTORICAL,[2, 5, 18, 3, 17, 16, 10, 19, 9, 6, 12, 11, 1, 13, 15, 0, 7, 4, 8, 14]|[2, 2, 1, 2, 2, 2, 2, 1, 0, 0, 1, 2, 1, 1, 1, 2, 1, 0, 0, 0]|[0, 1, 1, 0, 1, 1, 0, 0, 0, 2, 1, 0, 1, 1, 1, 0, 1, 0, 3, 2]|[1, 0, 0, 1, 0, 0, 1, 1, 0, 2, 1, 1, 1, 1, 0, 1, 1, 1, 2, 0],207.085182960822;10869.148153848379;18368.048524150385,0,false,[2, 5, 18, 3, 17, 16, 10, 19, 9, 6, 12, 11, 1, 13, 15, 0, 7, 4, 8, 14]|[2, 2, 1, 2, 2, 2, 2, 1, 0, 0, 1, 2, 1, 1, 1, 2, 1, 0, 0, 0]|[0, 1, 1, 0, 1, 1, 0, 0, 0, 2, 1, 0, 1, 1, 1, 0, 1, 0, 3, 2]|[1, 0, 0, 1, 0, 0, 1, 1, 0, 2, 1, 1, 1, 1, 0, 1, 1, 1, 2, 0],207.085182960822;10869.148153848379;18368.048524150385,207.085182960822,NOT_APPLICABLE,NOT_APPLICABLE,NOT_APPLICABLE,9
19,1,1900,G2_TEC,PREVIOUS,[2, 5, 6, 7, 14, 18, 15, 17, 16, 19, 8, 0, 11, 3, 9, 10, 4, 13, 12, 1]|[0, 0, 2, 2, 0, 0, 1, 1, 1, 0, 0, 1, 0, 2, 0, 2, 0, 0, 1, 2]|[3, 3, 0, 0, 2, 2, 1, 1, 1, 3, 3, 1, 0, 0, 0, 0, 3, 3, 1, 1]|[1, 1, 1, 1, 0, 0, 0, 1, 1, 2, 2, 1, 0, 1, 0, 1, 0, 2, 0, 0],414.140434851314;9985.556833915089;15173.103096019116,0,false,[2, 5, 6, 7, 14, 18, 15, 17, 16, 19, 8, 0, 11, 3, 9, 10, 4, 13, 12, 1]|[0, 0, 2, 2, 0, 0, 1, 1, 1, 0, 0, 1, 0, 2, 0, 2, 0, 0, 1, 2]|[3, 3, 0, 0, 2, 2, 1, 1, 1, 3, 3, 1, 0, 0, 0, 0, 3, 3, 1, 1]|[1, 1, 1, 1, 0, 0, 0, 1, 1, 2, 2, 1, 0, 1, 0, 1, 0, 2, 0, 0],414.140434851314;9985.556833915089;15173.103096019116,9985.556833915089,NOT_APPLICABLE,NOT_APPLICABLE,NOT_APPLICABLE,5
19,1,1900,G2_TEC,HISTORICAL,[2, 5, 6, 7, 14, 18, 15, 17, 16, 19, 12, 11, 0, 13, 1, 9, 10, 4, 3, 8]|[0, 0, 2, 2, 0, 0, 2, 1, 1, 0, 1, 1, 1, 1, 2, 0, 2, 0, 2, 0]|[3, 3, 0, 0, 3, 2, 0, 1, 1, 3, 1, 1, 1, 1, 1, 0, 0, 3, 0, 3]|[1, 1, 1, 1, 2, 0, 1, 1, 1, 2, 0, 0, 1, 1, 0, 0, 1, 0, 1, 2],400.056966647520;9672.761083560516;18955.006424960528,0,false,[2, 5, 6, 7, 14, 18, 15, 17, 16, 19, 12, 11, 0, 13, 1, 9, 10, 4, 3, 8]|[0, 0, 2, 2, 0, 0, 2, 1, 1, 0, 1, 1, 1, 1, 2, 0, 2, 0, 2, 0]|[3, 3, 0, 0, 3, 2, 0, 1, 1, 3, 1, 1, 1, 1, 1, 0, 0, 3, 0, 3]|[1, 1, 1, 1, 2, 0, 1, 1, 1, 2, 0, 0, 1, 1, 0, 0, 1, 0, 1, 2],400.056966647520;9672.761083560516;18955.006424960528,9672.761083560516,NOT_APPLICABLE,NOT_APPLICABLE,NOT_APPLICABLE,8
19,1,1900,G3_TWC,PREVIOUS,[18, 0, 4, 6, 7, 12, 15, 5, 13, 2, 14, 17, 3, 11, 9, 10, 8, 1, 19, 16]|[0, 0, 2, 0, 1, 1, 0, 0, 1, 2, 0, 0, 0, 2, 0, 0, 0, 2, 2, 1]|[1, 2, 0, 2, 1, 0, 2, 3, 1, 0, 2, 3, 3, 1, 3, 2, 2, 0, 0, 1]|[1, 0, 0, 2, 1, 1, 0, 2, 1, 0, 0, 1, 1, 1, 0, 2, 1, 0, 1, 1],398.640070571616;10803.038099850290;13727.971689172065,0,false,[18, 0, 4, 6, 7, 12, 15, 5, 13, 2, 14, 17, 3, 11, 9, 10, 8, 1, 19, 16]|[0, 0, 2, 0, 1, 1, 0, 0, 1, 2, 0, 0, 0, 2, 0, 0, 0, 2, 2, 1]|[1, 2, 0, 2, 1, 0, 2, 3, 1, 0, 2, 3, 3, 1, 3, 2, 2, 0, 0, 1]|[1, 0, 0, 2, 1, 1, 0, 2, 1, 0, 0, 1, 1, 1, 0, 2, 1, 0, 1, 1],398.640070571616;10803.038099850290;13727.971689172065,13727.971689172065,NOT_APPLICABLE,NOT_APPLICABLE,NOT_APPLICABLE,8
19,1,1900,G3_TWC,HISTORICAL,[18, 0, 4, 6, 7, 12, 15, 5, 13, 2, 14, 17, 3, 11, 9, 10, 8, 1, 19, 16]|[0, 0, 2, 0, 1, 1, 0, 0, 1, 2, 0, 0, 0, 2, 0, 0, 0, 2, 2, 1]|[1, 2, 0, 2, 1, 0, 2, 3, 1, 0, 2, 3, 3, 1, 3, 2, 2, 0, 0, 1]|[1, 0, 0, 2, 1, 1, 0, 2, 1, 0, 0, 1, 1, 1, 0, 2, 1, 0, 1, 1],398.640070571616;10803.038099850290;13727.971689172065,0,false,[18, 0, 4, 6, 7, 12, 15, 5, 13, 2, 14, 17, 3, 11, 9, 10, 8, 1, 19, 16]|[0, 0, 2, 0, 1, 1, 0, 0, 1, 2, 0, 0, 0, 2, 0, 0, 0, 2, 2, 1]|[1, 2, 0, 2, 1, 0, 2, 3, 1, 0, 2, 3, 3, 1, 3, 2, 2, 0, 0, 1]|[1, 0, 0, 2, 1, 1, 0, 2, 1, 0, 0, 1, 1, 1, 0, 2, 1, 0, 1, 1],398.640070571616;10803.038099850290;13727.971689172065,13727.971689172065,NOT_APPLICABLE,NOT_APPLICABLE,NOT_APPLICABLE,6
19,1,1900,G4_BALANCED,PREVIOUS,[2, 5, 18, 3, 17, 16, 10, 19, 9, 0, 12, 11, 6, 13, 8, 4, 7, 15, 1, 14]|[2, 2, 1, 2, 2, 2, 2, 1, 0, 0, 1, 2, 0, 1, 0, 0, 1, 1, 1, 0]|[0, 1, 1, 0, 1, 1, 0, 0, 0, 0, 1, 0, 2, 1, 3, 0, 1, 1, 1, 2]|[1, 0, 0, 1, 0, 0, 1, 1, 0, 0, 1, 1, 2, 1, 2, 1, 1, 0, 1, 0],212.486886486229;10990.204461582969;17464.177975151080,0,false,[2, 5, 18, 3, 17, 16, 10, 19, 9, 0, 12, 11, 6, 13, 8, 4, 7, 15, 1, 14]|[2, 2, 1, 2, 2, 2, 2, 1, 0, 0, 1, 2, 0, 1, 0, 0, 1, 1, 1, 0]|[0, 1, 1, 0, 1, 1, 0, 0, 0, 0, 1, 0, 2, 1, 3, 0, 1, 1, 1, 2]|[1, 0, 0, 1, 0, 0, 1, 1, 0, 0, 1, 1, 2, 1, 2, 1, 1, 0, 1, 0],212.486886486229;10990.204461582969;17464.177975151080,0.709838860001,NOT_APPLICABLE,NOT_APPLICABLE,NOT_APPLICABLE,9
19,1,1900,G4_BALANCED,HISTORICAL,[18, 0, 4, 6, 7, 12, 15, 5, 13, 2, 14, 17, 3, 11, 9, 10, 8, 1, 19, 16]|[0, 0, 2, 0, 1, 1, 0, 0, 1, 2, 0, 0, 0, 2, 0, 0, 0, 2, 2, 1]|[1, 2, 0, 2, 1, 0, 2, 3, 1, 0, 2, 3, 3, 1, 3, 2, 2, 0, 0, 1]|[1, 0, 0, 2, 1, 1, 0, 2, 1, 0, 0, 1, 1, 1, 0, 2, 1, 0, 1, 1],398.640070571616;10803.038099850290;13727.971689172065,0,false,[18, 0, 4, 6, 7, 12, 15, 5, 13, 2, 14, 17, 3, 11, 9, 10, 8, 1, 19, 16]|[0, 0, 2, 0, 1, 1, 0, 0, 1, 2, 0, 0, 0, 2, 0, 0, 0, 2, 2, 1]|[1, 2, 0, 2, 1, 0, 2, 3, 1, 0, 2, 3, 3, 1, 3, 2, 2, 0, 0, 1]|[1, 0, 0, 2, 1, 1, 0, 2, 1, 0, 0, 1, 1, 1, 0, 2, 1, 0, 1, 1],398.640070571616;10803.038099850290;13727.971689172065,0.657652444854,NOT_APPLICABLE,NOT_APPLICABLE,NOT_APPLICABLE,5
20,1,2000,G1_CMAX,PREVIOUS,[2, 5, 18, 3, 17, 16, 10, 19, 9, 6, 12, 11, 1, 13, 15, 0, 7, 4, 8, 14]|[2, 2, 1, 2, 2, 2, 2, 1, 0, 0, 1, 2, 1, 1, 1, 2, 1, 0, 0, 0]|[0, 1, 1, 0, 1, 1, 0, 0, 0, 2, 1, 0, 1, 1, 1, 0, 1, 0, 3, 2]|[1, 0, 0, 1, 0, 0, 1, 1, 0, 2, 1, 1, 1, 1, 0, 1, 1, 1, 2, 0],207.085182960822;10869.148153848379;18368.048524150385,1,true,[2, 5, 18, 3, 17, 16, 10, 19, 9, 6, 12, 11, 13, 1, 15, 4, 0, 7, 8, 14]|[2, 2, 1, 2, 2, 2, 2, 1, 0, 0, 1, 2, 1, 1, 1, 0, 2, 1, 0, 0]|[0, 1, 1, 0, 1, 1, 0, 0, 0, 2, 1, 0, 1, 1, 1, 0, 0, 1, 3, 3]|[1, 0, 0, 1, 0, 0, 1, 1, 0, 2, 1, 1, 1, 1, 0, 1, 1, 1, 2, 0],207.038652060896;10678.994280927946;18312.249608546757,207.038652060896,2000,2000,0,5
20,1,2000,G1_CMAX,HISTORICAL,[2, 5, 18, 3, 17, 16, 10, 19, 9, 6, 12, 11, 1, 13, 15, 0, 7, 4, 8, 14]|[2, 2, 1, 2, 2, 2, 2, 1, 0, 0, 1, 2, 1, 1, 1, 2, 1, 0, 0, 0]|[0, 1, 1, 0, 1, 1, 0, 0, 0, 2, 1, 0, 1, 1, 1, 0, 1, 0, 3, 2]|[1, 0, 0, 1, 0, 0, 1, 1, 0, 2, 1, 1, 1, 1, 0, 1, 1, 1, 2, 0],207.085182960822;10869.148153848379;18368.048524150385,1,true,[2, 5, 18, 3, 17, 16, 10, 19, 9, 6, 12, 11, 13, 1, 15, 4, 0, 7, 8, 14]|[2, 2, 1, 2, 2, 2, 2, 1, 0, 0, 1, 2, 1, 1, 1, 0, 2, 1, 0, 0]|[0, 1, 1, 0, 1, 1, 0, 0, 0, 2, 1, 0, 1, 1, 1, 0, 0, 1, 3, 3]|[1, 0, 0, 1, 0, 0, 1, 1, 0, 2, 1, 1, 1, 1, 0, 1, 1, 1, 2, 0],207.038652060896;10678.994280927946;18312.249608546757,207.038652060896,2000,2000,0,9
20,1,2000,G2_TEC,PREVIOUS,[2, 5, 6, 7, 14, 18, 15, 17, 16, 19, 8, 0, 11, 3, 9, 10, 4, 13, 12, 1]|[0, 0, 2, 2, 0, 0, 1, 1, 1, 0, 0, 1, 0, 2, 0, 2, 0, 0, 1, 2]|[3, 3, 0, 0, 2, 2, 1, 1, 1, 3, 3, 1, 0, 0, 0, 0, 3, 3, 1, 1]|[1, 1, 1, 1, 0, 0, 0, 1, 1, 2, 2, 1, 0, 1, 0, 1, 0, 2, 0, 0],414.140434851314;9985.556833915089;15173.103096019116,0,false,[2, 5, 6, 7, 14, 18, 15, 17, 16, 19, 8, 0, 11, 3, 9, 10, 4, 13, 12, 1]|[0, 0, 2, 2, 0, 0, 1, 1, 1, 0, 0, 1, 0, 2, 0, 2, 0, 0, 1, 2]|[3, 3, 0, 0, 2, 2, 1, 1, 1, 3, 3, 1, 0, 0, 0, 0, 3, 3, 1, 1]|[1, 1, 1, 1, 0, 0, 0, 1, 1, 2, 2, 1, 0, 1, 0, 1, 0, 2, 0, 0],414.140434851314;9985.556833915089;15173.103096019116,9985.556833915089,NOT_APPLICABLE,NOT_APPLICABLE,NOT_APPLICABLE,6
20,1,2000,G2_TEC,HISTORICAL,[2, 5, 6, 7, 14, 18, 15, 17, 16, 19, 12, 11, 0, 13, 1, 9, 10, 4, 3, 8]|[0, 0, 2, 2, 0, 0, 2, 1, 1, 0, 1, 1, 1, 1, 2, 0, 2, 0, 2, 0]|[3, 3, 0, 0, 3, 2, 0, 1, 1, 3, 1, 1, 1, 1, 1, 0, 0, 3, 0, 3]|[1, 1, 1, 1, 2, 0, 1, 1, 1, 2, 0, 0, 1, 1, 0, 0, 1, 0, 1, 2],400.056966647520;9672.761083560516;18955.006424960528,0,false,[2, 5, 6, 7, 14, 18, 15, 17, 16, 19, 12, 11, 0, 13, 1, 9, 10, 4, 3, 8]|[0, 0, 2, 2, 0, 0, 2, 1, 1, 0, 1, 1, 1, 1, 2, 0, 2, 0, 2, 0]|[3, 3, 0, 0, 3, 2, 0, 1, 1, 3, 1, 1, 1, 1, 1, 0, 0, 3, 0, 3]|[1, 1, 1, 1, 2, 0, 1, 1, 1, 2, 0, 0, 1, 1, 0, 0, 1, 0, 1, 2],400.056966647520;9672.761083560516;18955.006424960528,9672.761083560516,NOT_APPLICABLE,NOT_APPLICABLE,NOT_APPLICABLE,8
20,1,2000,G3_TWC,PREVIOUS,[18, 0, 4, 10, 9, 16, 2, 5, 7, 13, 12, 11, 1, 15, 6, 3, 14, 17, 19, 8]|[2, 2, 2, 0, 0, 0, 2, 1, 1, 0, 1, 0, 0, 1, 0, 0, 0, 1, 2, 0]|[0, 0, 0, 2, 3, 2, 0, 1, 1, 3, 1, 0, 2, 1, 2, 3, 2, 0, 0, 3]|[0, 0, 0, 2, 0, 2, 0, 1, 1, 0, 1, 0, 0, 0, 2, 1, 0, 1, 1, 2],332.770035568622;10645.066900722555;14437.209487937966,0,false,[18, 0, 4, 10, 9, 16, 2, 5, 7, 13, 12, 11, 1, 15, 6, 3, 14, 17, 19, 8]|[2, 2, 2, 0, 0, 0, 2, 1, 1, 0, 1, 0, 0, 1, 0, 0, 0, 1, 2, 0]|[0, 0, 0, 2, 3, 2, 0, 1, 1, 3, 1, 0, 2, 1, 2, 3, 2, 0, 0, 3]|[0, 0, 0, 2, 0, 2, 0, 1, 1, 0, 1, 0, 0, 0, 2, 1, 0, 1, 1, 2],332.770035568622;10645.066900722555;14437.209487937966,14437.209487937966,NOT_APPLICABLE,NOT_APPLICABLE,NOT_APPLICABLE,8
20,1,2000,G3_TWC,HISTORICAL,[18, 0, 4, 6, 7, 12, 15, 5, 13, 2, 14, 17, 3, 11, 9, 10, 8, 1, 19, 16]|[0, 0, 2, 0, 1, 1, 0, 0, 1, 2, 0, 0, 0, 2, 0, 0, 0, 2, 2, 1]|[1, 2, 0, 2, 1, 0, 2, 3, 1, 0, 2, 3, 3, 1, 3, 2, 2, 0, 0, 1]|[1, 0, 0, 2, 1, 1, 0, 2, 1, 0, 0, 1, 1, 1, 0, 2, 1, 0, 1, 1],398.640070571616;10803.038099850290;13727.971689172065,0,false,[18, 0, 4, 6, 7, 12, 15, 5, 13, 2, 14, 17, 3, 11, 9, 10, 8, 1, 19, 16]|[0, 0, 2, 0, 1, 1, 0, 0, 1, 2, 0, 0, 0, 2, 0, 0, 0, 2, 2, 1]|[1, 2, 0, 2, 1, 0, 2, 3, 1, 0, 2, 3, 3, 1, 3, 2, 2, 0, 0, 1]|[1, 0, 0, 2, 1, 1, 0, 2, 1, 0, 0, 1, 1, 1, 0, 2, 1, 0, 1, 1],398.640070571616;10803.038099850290;13727.971689172065,13727.971689172065,NOT_APPLICABLE,NOT_APPLICABLE,NOT_APPLICABLE,6
20,1,2000,G4_BALANCED,PREVIOUS,[2, 5, 18, 3, 17, 16, 10, 19, 9, 0, 12, 11, 6, 13, 8, 4, 7, 15, 1, 14]|[2, 2, 1, 2, 2, 2, 2, 1, 0, 0, 1, 2, 0, 1, 0, 0, 1, 1, 1, 0]|[0, 1, 1, 0, 1, 1, 0, 0, 0, 0, 1, 0, 2, 1, 3, 0, 1, 1, 1, 2]|[1, 0, 0, 1, 0, 0, 1, 1, 0, 0, 1, 1, 2, 1, 2, 1, 1, 0, 1, 0],212.486886486229;10990.204461582969;17464.177975151080,0,false,[2, 5, 18, 3, 17, 16, 10, 19, 9, 0, 12, 11, 6, 13, 8, 4, 7, 15, 1, 14]|[2, 2, 1, 2, 2, 2, 2, 1, 0, 0, 1, 2, 0, 1, 0, 0, 1, 1, 1, 0]|[0, 1, 1, 0, 1, 1, 0, 0, 0, 0, 1, 0, 2, 1, 3, 0, 1, 1, 1, 2]|[1, 0, 0, 1, 0, 0, 1, 1, 0, 0, 1, 1, 2, 1, 2, 1, 1, 0, 1, 0],212.486886486229;10990.204461582969;17464.177975151080,0.709838860001,NOT_APPLICABLE,NOT_APPLICABLE,NOT_APPLICABLE,10
20,1,2000,G4_BALANCED,HISTORICAL,[18, 0, 4, 6, 7, 12, 15, 5, 13, 2, 14, 17, 3, 11, 9, 10, 8, 1, 19, 16]|[0, 0, 2, 0, 1, 1, 0, 0, 1, 2, 0, 0, 0, 2, 0, 0, 0, 2, 2, 1]|[1, 2, 0, 2, 1, 0, 2, 3, 1, 0, 2, 3, 3, 1, 3, 2, 2, 0, 0, 1]|[1, 0, 0, 2, 1, 1, 0, 2, 1, 0, 0, 1, 1, 1, 0, 2, 1, 0, 1, 1],398.640070571616;10803.038099850290;13727.971689172065,0,false,[18, 0, 4, 6, 7, 12, 15, 5, 13, 2, 14, 17, 3, 11, 9, 10, 8, 1, 19, 16]|[0, 0, 2, 0, 1, 1, 0, 0, 1, 2, 0, 0, 0, 2, 0, 0, 0, 2, 2, 1]|[1, 2, 0, 2, 1, 0, 2, 3, 1, 0, 2, 3, 3, 1, 3, 2, 2, 0, 0, 1]|[1, 0, 0, 2, 1, 1, 0, 2, 1, 0, 0, 1, 1, 1, 0, 2, 1, 0, 1, 1],398.640070571616;10803.038099850290;13727.971689172065,0.657652444854,NOT_APPLICABLE,NOT_APPLICABLE,NOT_APPLICABLE,5
21,1,2100,G1_CMAX,PREVIOUS,[2, 5, 18, 3, 17, 16, 10, 19, 9, 6, 12, 11, 13, 1, 15, 4, 0, 7, 8, 14]|[2, 2, 1, 2, 2, 2, 2, 1, 0, 0, 1, 2, 1, 1, 1, 0, 2, 1, 0, 0]|[0, 1, 1, 0, 1, 1, 0, 0, 0, 2, 1, 0, 1, 1, 1, 0, 0, 1, 3, 3]|[1, 0, 0, 1, 0, 0, 1, 1, 0, 2, 1, 1, 1, 1, 0, 1, 1, 1, 2, 0],207.038652060896;10678.994280927946;18312.249608546757,0,false,[2, 5, 18, 3, 17, 16, 10, 19, 9, 6, 12, 11, 13, 1, 15, 4, 0, 7, 8, 14]|[2, 2, 1, 2, 2, 2, 2, 1, 0, 0, 1, 2, 1, 1, 1, 0, 2, 1, 0, 0]|[0, 1, 1, 0, 1, 1, 0, 0, 0, 2, 1, 0, 1, 1, 1, 0, 0, 1, 3, 3]|[1, 0, 0, 1, 0, 0, 1, 1, 0, 2, 1, 1, 1, 1, 0, 1, 1, 1, 2, 0],207.038652060896;10678.994280927946;18312.249608546757,207.038652060896,NOT_APPLICABLE,NOT_APPLICABLE,NOT_APPLICABLE,6
21,1,2100,G1_CMAX,HISTORICAL,[2, 5, 18, 3, 17, 16, 10, 19, 9, 6, 12, 11, 13, 1, 15, 4, 0, 7, 8, 14]|[2, 2, 1, 2, 2, 2, 2, 1, 0, 0, 1, 2, 1, 1, 1, 0, 2, 1, 0, 0]|[0, 1, 1, 0, 1, 1, 0, 0, 0, 2, 1, 0, 1, 1, 1, 0, 0, 1, 3, 3]|[1, 0, 0, 1, 0, 0, 1, 1, 0, 2, 1, 1, 1, 1, 0, 1, 1, 1, 2, 0],207.038652060896;10678.994280927946;18312.249608546757,0,false,[2, 5, 18, 3, 17, 16, 10, 19, 9, 6, 12, 11, 13, 1, 15, 4, 0, 7, 8, 14]|[2, 2, 1, 2, 2, 2, 2, 1, 0, 0, 1, 2, 1, 1, 1, 0, 2, 1, 0, 0]|[0, 1, 1, 0, 1, 1, 0, 0, 0, 2, 1, 0, 1, 1, 1, 0, 0, 1, 3, 3]|[1, 0, 0, 1, 0, 0, 1, 1, 0, 2, 1, 1, 1, 1, 0, 1, 1, 1, 2, 0],207.038652060896;10678.994280927946;18312.249608546757,207.038652060896,NOT_APPLICABLE,NOT_APPLICABLE,NOT_APPLICABLE,9
21,1,2100,G2_TEC,PREVIOUS,[2, 5, 6, 7, 14, 18, 15, 17, 16, 19, 12, 11, 0, 13, 1, 9, 10, 4, 3, 8]|[0, 0, 2, 2, 0, 0, 2, 1, 1, 0, 1, 1, 1, 1, 2, 0, 2, 0, 2, 0]|[3, 3, 0, 0, 3, 2, 0, 1, 1, 3, 1, 1, 1, 1, 1, 0, 0, 3, 0, 3]|[1, 1, 1, 1, 2, 0, 1, 1, 1, 2, 0, 0, 1, 1, 0, 0, 1, 0, 1, 2],400.056966647520;9672.761083560516;18955.006424960528,0,false,[2, 5, 6, 7, 14, 18, 15, 17, 16, 19, 12, 11, 0, 13, 1, 9, 10, 4, 3, 8]|[0, 0, 2, 2, 0, 0, 2, 1, 1, 0, 1, 1, 1, 1, 2, 0, 2, 0, 2, 0]|[3, 3, 0, 0, 3, 2, 0, 1, 1, 3, 1, 1, 1, 1, 1, 0, 0, 3, 0, 3]|[1, 1, 1, 1, 2, 0, 1, 1, 1, 2, 0, 0, 1, 1, 0, 0, 1, 0, 1, 2],400.056966647520;9672.761083560516;18955.006424960528,9672.761083560516,NOT_APPLICABLE,NOT_APPLICABLE,NOT_APPLICABLE,6
21,1,2100,G2_TEC,HISTORICAL,[2, 5, 6, 7, 14, 18, 15, 17, 16, 19, 12, 11, 0, 13, 1, 9, 10, 4, 3, 8]|[0, 0, 2, 2, 0, 0, 2, 1, 1, 0, 1, 1, 1, 1, 2, 0, 2, 0, 2, 0]|[3, 3, 0, 0, 3, 2, 0, 1, 1, 3, 1, 1, 1, 1, 1, 0, 0, 3, 0, 3]|[1, 1, 1, 1, 2, 0, 1, 1, 1, 2, 0, 0, 1, 1, 0, 0, 1, 0, 1, 2],400.056966647520;9672.761083560516;18955.006424960528,0,false,[2, 5, 6, 7, 14, 18, 15, 17, 16, 19, 12, 11, 0, 13, 1, 9, 10, 4, 3, 8]|[0, 0, 2, 2, 0, 0, 2, 1, 1, 0, 1, 1, 1, 1, 2, 0, 2, 0, 2, 0]|[3, 3, 0, 0, 3, 2, 0, 1, 1, 3, 1, 1, 1, 1, 1, 0, 0, 3, 0, 3]|[1, 1, 1, 1, 2, 0, 1, 1, 1, 2, 0, 0, 1, 1, 0, 0, 1, 0, 1, 2],400.056966647520;9672.761083560516;18955.006424960528,9672.761083560516,NOT_APPLICABLE,NOT_APPLICABLE,NOT_APPLICABLE,9
21,1,2100,G3_TWC,PREVIOUS,[18, 0, 4, 6, 7, 12, 15, 5, 13, 2, 14, 17, 3, 11, 9, 10, 8, 1, 19, 16]|[0, 0, 2, 0, 1, 1, 0, 0, 1, 2, 0, 0, 0, 2, 0, 0, 0, 2, 2, 1]|[1, 2, 0, 2, 1, 0, 2, 3, 1, 0, 2, 3, 3, 1, 3, 2, 2, 0, 0, 1]|[1, 0, 0, 2, 1, 1, 0, 2, 1, 0, 0, 1, 1, 1, 0, 2, 1, 0, 1, 1],398.640070571616;10803.038099850290;13727.971689172065,0,false,[18, 0, 4, 6, 7, 12, 15, 5, 13, 2, 14, 17, 3, 11, 9, 10, 8, 1, 19, 16]|[0, 0, 2, 0, 1, 1, 0, 0, 1, 2, 0, 0, 0, 2, 0, 0, 0, 2, 2, 1]|[1, 2, 0, 2, 1, 0, 2, 3, 1, 0, 2, 3, 3, 1, 3, 2, 2, 0, 0, 1]|[1, 0, 0, 2, 1, 1, 0, 2, 1, 0, 0, 1, 1, 1, 0, 2, 1, 0, 1, 1],398.640070571616;10803.038099850290;13727.971689172065,13727.971689172065,NOT_APPLICABLE,NOT_APPLICABLE,NOT_APPLICABLE,8
21,1,2100,G3_TWC,HISTORICAL,[18, 0, 4, 6, 7, 12, 15, 5, 13, 2, 14, 17, 3, 11, 9, 10, 8, 1, 19, 16]|[0, 0, 2, 0, 1, 1, 0, 0, 1, 2, 0, 0, 0, 2, 0, 0, 0, 2, 2, 1]|[1, 2, 0, 2, 1, 0, 2, 3, 1, 0, 2, 3, 3, 1, 3, 2, 2, 0, 0, 1]|[1, 0, 0, 2, 1, 1, 0, 2, 1, 0, 0, 1, 1, 1, 0, 2, 1, 0, 1, 1],398.640070571616;10803.038099850290;13727.971689172065,0,false,[18, 0, 4, 6, 7, 12, 15, 5, 13, 2, 14, 17, 3, 11, 9, 10, 8, 1, 19, 16]|[0, 0, 2, 0, 1, 1, 0, 0, 1, 2, 0, 0, 0, 2, 0, 0, 0, 2, 2, 1]|[1, 2, 0, 2, 1, 0, 2, 3, 1, 0, 2, 3, 3, 1, 3, 2, 2, 0, 0, 1]|[1, 0, 0, 2, 1, 1, 0, 2, 1, 0, 0, 1, 1, 1, 0, 2, 1, 0, 1, 1],398.640070571616;10803.038099850290;13727.971689172065,13727.971689172065,NOT_APPLICABLE,NOT_APPLICABLE,NOT_APPLICABLE,7
21,1,2100,G4_BALANCED,PREVIOUS,[2, 5, 18, 3, 17, 16, 10, 19, 9, 0, 12, 11, 6, 13, 8, 4, 7, 15, 1, 14]|[2, 2, 1, 2, 2, 2, 2, 1, 0, 0, 1, 2, 0, 1, 0, 0, 1, 1, 1, 0]|[0, 1, 1, 0, 1, 1, 0, 0, 0, 0, 1, 0, 2, 1, 3, 0, 1, 1, 1, 2]|[1, 0, 0, 1, 0, 0, 1, 1, 0, 0, 1, 1, 2, 1, 2, 1, 1, 0, 1, 0],212.486886486229;10990.204461582969;17464.177975151080,0,false,[2, 5, 18, 3, 17, 16, 10, 19, 9, 0, 12, 11, 6, 13, 8, 4, 7, 15, 1, 14]|[2, 2, 1, 2, 2, 2, 2, 1, 0, 0, 1, 2, 0, 1, 0, 0, 1, 1, 1, 0]|[0, 1, 1, 0, 1, 1, 0, 0, 0, 0, 1, 0, 2, 1, 3, 0, 1, 1, 1, 2]|[1, 0, 0, 1, 0, 0, 1, 1, 0, 0, 1, 1, 2, 1, 2, 1, 1, 0, 1, 0],212.486886486229;10990.204461582969;17464.177975151080,0.709838860001,NOT_APPLICABLE,NOT_APPLICABLE,NOT_APPLICABLE,11
21,1,2100,G4_BALANCED,HISTORICAL,[18, 0, 4, 6, 7, 12, 15, 5, 13, 2, 14, 17, 3, 11, 9, 10, 8, 1, 19, 16]|[0, 0, 2, 0, 1, 1, 0, 0, 1, 2, 0, 0, 0, 2, 0, 0, 0, 2, 2, 1]|[1, 2, 0, 2, 1, 0, 2, 3, 1, 0, 2, 3, 3, 1, 3, 2, 2, 0, 0, 1]|[1, 0, 0, 2, 1, 1, 0, 2, 1, 0, 0, 1, 1, 1, 0, 2, 1, 0, 1, 1],398.640070571616;10803.038099850290;13727.971689172065,0,false,[18, 0, 4, 6, 7, 12, 15, 5, 13, 2, 14, 17, 3, 11, 9, 10, 8, 1, 19, 16]|[0, 0, 2, 0, 1, 1, 0, 0, 1, 2, 0, 0, 0, 2, 0, 0, 0, 2, 2, 1]|[1, 2, 0, 2, 1, 0, 2, 3, 1, 0, 2, 3, 3, 1, 3, 2, 2, 0, 0, 1]|[1, 0, 0, 2, 1, 1, 0, 2, 1, 0, 0, 1, 1, 1, 0, 2, 1, 0, 1, 1],398.640070571616;10803.038099850290;13727.971689172065,0.657652444854,NOT_APPLICABLE,NOT_APPLICABLE,NOT_APPLICABLE,5
22,1,2200,G1_CMAX,PREVIOUS,[2, 5, 18, 3, 17, 16, 10, 19, 9, 6, 12, 11, 13, 1, 15, 4, 0, 7, 8, 14]|[2, 2, 1, 2, 2, 2, 2, 1, 0, 0, 1, 2, 1, 1, 1, 0, 2, 1, 0, 0]|[0, 1, 1, 0, 1, 1, 0, 0, 0, 2, 1, 0, 1, 1, 1, 0, 0, 1, 3, 3]|[1, 0, 0, 1, 0, 0, 1, 1, 0, 2, 1, 1, 1, 1, 0, 1, 1, 1, 2, 0],207.038652060896;10678.994280927946;18312.249608546757,0,false,[2, 5, 18, 3, 17, 16, 10, 19, 9, 6, 12, 11, 13, 1, 15, 4, 0, 7, 8, 14]|[2, 2, 1, 2, 2, 2, 2, 1, 0, 0, 1, 2, 1, 1, 1, 0, 2, 1, 0, 0]|[0, 1, 1, 0, 1, 1, 0, 0, 0, 2, 1, 0, 1, 1, 1, 0, 0, 1, 3, 3]|[1, 0, 0, 1, 0, 0, 1, 1, 0, 2, 1, 1, 1, 1, 0, 1, 1, 1, 2, 0],207.038652060896;10678.994280927946;18312.249608546757,207.038652060896,NOT_APPLICABLE,NOT_APPLICABLE,NOT_APPLICABLE,7
22,1,2200,G1_CMAX,HISTORICAL,[2, 5, 18, 3, 17, 16, 10, 19, 9, 6, 12, 11, 13, 1, 15, 4, 0, 7, 8, 14]|[2, 2, 1, 2, 2, 2, 2, 1, 0, 0, 1, 2, 1, 1, 1, 0, 2, 1, 0, 0]|[0, 1, 1, 0, 1, 1, 0, 0, 0, 2, 1, 0, 1, 1, 1, 0, 0, 1, 3, 3]|[1, 0, 0, 1, 0, 0, 1, 1, 0, 2, 1, 1, 1, 1, 0, 1, 1, 1, 2, 0],207.038652060896;10678.994280927946;18312.249608546757,0,false,[2, 5, 18, 3, 17, 16, 10, 19, 9, 6, 12, 11, 13, 1, 15, 4, 0, 7, 8, 14]|[2, 2, 1, 2, 2, 2, 2, 1, 0, 0, 1, 2, 1, 1, 1, 0, 2, 1, 0, 0]|[0, 1, 1, 0, 1, 1, 0, 0, 0, 2, 1, 0, 1, 1, 1, 0, 0, 1, 3, 3]|[1, 0, 0, 1, 0, 0, 1, 1, 0, 2, 1, 1, 1, 1, 0, 1, 1, 1, 2, 0],207.038652060896;10678.994280927946;18312.249608546757,207.038652060896,NOT_APPLICABLE,NOT_APPLICABLE,NOT_APPLICABLE,9
22,1,2200,G2_TEC,PREVIOUS,[2, 5, 6, 7, 14, 18, 15, 17, 16, 19, 12, 11, 0, 13, 1, 9, 10, 4, 3, 8]|[0, 0, 2, 2, 0, 0, 2, 1, 1, 0, 1, 1, 1, 1, 2, 0, 2, 0, 2, 0]|[3, 3, 0, 0, 3, 2, 0, 1, 1, 3, 1, 1, 1, 1, 1, 0, 0, 3, 0, 3]|[1, 1, 1, 1, 2, 0, 1, 1, 1, 2, 0, 0, 1, 1, 0, 0, 1, 0, 1, 2],400.056966647520;9672.761083560516;18955.006424960528,1,true,[2, 5, 6, 7, 14, 18, 15, 17, 16, 19, 12, 8, 1, 9, 10, 13, 4, 0, 11, 3]|[2, 0, 0, 1, 0, 2, 2, 1, 1, 0, 1, 0, 2, 1, 2, 1, 0, 1, 1, 0]|[0, 3, 2, 1, 2, 0, 0, 1, 1, 3, 1, 3, 1, 1, 0, 1, 3, 1, 1, 3]|[1, 1, 0, 1, 0, 1, 1, 1, 1, 2, 0, 2, 0, 1, 1, 1, 0, 1, 0, 1],330.617289267987;9659.804092232936;18095.287699249973,9659.804092232936,2200,2200,0,7
22,1,2200,G2_TEC,HISTORICAL,[2, 5, 6, 7, 14, 18, 15, 17, 16, 19, 12, 11, 0, 13, 1, 9, 10, 4, 3, 8]|[0, 0, 2, 2, 0, 0, 2, 1, 1, 0, 1, 1, 1, 1, 2, 0, 2, 0, 2, 0]|[3, 3, 0, 0, 3, 2, 0, 1, 1, 3, 1, 1, 1, 1, 1, 0, 0, 3, 0, 3]|[1, 1, 1, 1, 2, 0, 1, 1, 1, 2, 0, 0, 1, 1, 0, 0, 1, 0, 1, 2],400.056966647520;9672.761083560516;18955.006424960528,1,true,[2, 5, 6, 7, 14, 18, 15, 17, 16, 19, 12, 8, 1, 9, 10, 13, 4, 0, 11, 3]|[2, 0, 0, 1, 0, 2, 2, 1, 1, 0, 1, 0, 2, 1, 2, 1, 0, 1, 1, 0]|[0, 3, 2, 1, 2, 0, 0, 1, 1, 3, 1, 3, 1, 1, 0, 1, 3, 1, 1, 3]|[1, 1, 0, 1, 0, 1, 1, 1, 1, 2, 0, 2, 0, 1, 1, 1, 0, 1, 0, 1],330.617289267987;9659.804092232936;18095.287699249973,9659.804092232936,2200,2200,0,9
22,1,2200,G3_TWC,PREVIOUS,[18, 0, 4, 6, 7, 12, 15, 5, 13, 2, 14, 17, 3, 11, 9, 10, 8, 1, 19, 16]|[0, 0, 2, 0, 1, 1, 0, 0, 1, 2, 0, 0, 0, 2, 0, 0, 0, 2, 2, 1]|[1, 2, 0, 2, 1, 0, 2, 3, 1, 0, 2, 3, 3, 1, 3, 2, 2, 0, 0, 1]|[1, 0, 0, 2, 1, 1, 0, 2, 1, 0, 0, 1, 1, 1, 0, 2, 1, 0, 1, 1],398.640070571616;10803.038099850290;13727.971689172065,0,false,[18, 0, 4, 6, 7, 12, 15, 5, 13, 2, 14, 17, 3, 11, 9, 10, 8, 1, 19, 16]|[0, 0, 2, 0, 1, 1, 0, 0, 1, 2, 0, 0, 0, 2, 0, 0, 0, 2, 2, 1]|[1, 2, 0, 2, 1, 0, 2, 3, 1, 0, 2, 3, 3, 1, 3, 2, 2, 0, 0, 1]|[1, 0, 0, 2, 1, 1, 0, 2, 1, 0, 0, 1, 1, 1, 0, 2, 1, 0, 1, 1],398.640070571616;10803.038099850290;13727.971689172065,13727.971689172065,NOT_APPLICABLE,NOT_APPLICABLE,NOT_APPLICABLE,9
22,1,2200,G3_TWC,HISTORICAL,[18, 0, 4, 6, 7, 12, 15, 5, 13, 2, 14, 17, 3, 11, 9, 10, 8, 1, 19, 16]|[0, 0, 2, 0, 1, 1, 0, 0, 1, 2, 0, 0, 0, 2, 0, 0, 0, 2, 2, 1]|[1, 2, 0, 2, 1, 0, 2, 3, 1, 0, 2, 3, 3, 1, 3, 2, 2, 0, 0, 1]|[1, 0, 0, 2, 1, 1, 0, 2, 1, 0, 0, 1, 1, 1, 0, 2, 1, 0, 1, 1],398.640070571616;10803.038099850290;13727.971689172065,0,false,[18, 0, 4, 6, 7, 12, 15, 5, 13, 2, 14, 17, 3, 11, 9, 10, 8, 1, 19, 16]|[0, 0, 2, 0, 1, 1, 0, 0, 1, 2, 0, 0, 0, 2, 0, 0, 0, 2, 2, 1]|[1, 2, 0, 2, 1, 0, 2, 3, 1, 0, 2, 3, 3, 1, 3, 2, 2, 0, 0, 1]|[1, 0, 0, 2, 1, 1, 0, 2, 1, 0, 0, 1, 1, 1, 0, 2, 1, 0, 1, 1],398.640070571616;10803.038099850290;13727.971689172065,13727.971689172065,NOT_APPLICABLE,NOT_APPLICABLE,NOT_APPLICABLE,7
22,1,2200,G4_BALANCED,PREVIOUS,[2, 5, 18, 3, 17, 16, 10, 19, 9, 0, 12, 11, 6, 13, 8, 4, 7, 15, 1, 14]|[2, 2, 1, 2, 2, 2, 2, 1, 0, 0, 1, 2, 0, 1, 0, 0, 1, 1, 1, 0]|[0, 1, 1, 0, 1, 1, 0, 0, 0, 0, 1, 0, 2, 1, 3, 0, 1, 1, 1, 2]|[1, 0, 0, 1, 0, 0, 1, 1, 0, 0, 1, 1, 2, 1, 2, 1, 1, 0, 1, 0],212.486886486229;10990.204461582969;17464.177975151080,0,false,[2, 5, 18, 3, 17, 16, 10, 19, 9, 0, 12, 11, 6, 13, 8, 4, 7, 15, 1, 14]|[2, 2, 1, 2, 2, 2, 2, 1, 0, 0, 1, 2, 0, 1, 0, 0, 1, 1, 1, 0]|[0, 1, 1, 0, 1, 1, 0, 0, 0, 0, 1, 0, 2, 1, 3, 0, 1, 1, 1, 2]|[1, 0, 0, 1, 0, 0, 1, 1, 0, 0, 1, 1, 2, 1, 2, 1, 1, 0, 1, 0],212.486886486229;10990.204461582969;17464.177975151080,0.709838860001,NOT_APPLICABLE,NOT_APPLICABLE,NOT_APPLICABLE,12
22,1,2200,G4_BALANCED,HISTORICAL,[18, 0, 4, 6, 7, 12, 15, 5, 13, 2, 14, 17, 3, 11, 9, 10, 8, 1, 19, 16]|[0, 0, 2, 0, 1, 1, 0, 0, 1, 2, 0, 0, 0, 2, 0, 0, 0, 2, 2, 1]|[1, 2, 0, 2, 1, 0, 2, 3, 1, 0, 2, 3, 3, 1, 3, 2, 2, 0, 0, 1]|[1, 0, 0, 2, 1, 1, 0, 2, 1, 0, 0, 1, 1, 1, 0, 2, 1, 0, 1, 1],398.640070571616;10803.038099850290;13727.971689172065,0,false,[18, 0, 4, 6, 7, 12, 15, 5, 13, 2, 14, 17, 3, 11, 9, 10, 8, 1, 19, 16]|[0, 0, 2, 0, 1, 1, 0, 0, 1, 2, 0, 0, 0, 2, 0, 0, 0, 2, 2, 1]|[1, 2, 0, 2, 1, 0, 2, 3, 1, 0, 2, 3, 3, 1, 3, 2, 2, 0, 0, 1]|[1, 0, 0, 2, 1, 1, 0, 2, 1, 0, 0, 1, 1, 1, 0, 2, 1, 0, 1, 1],398.640070571616;10803.038099850290;13727.971689172065,0.657652444854,NOT_APPLICABLE,NOT_APPLICABLE,NOT_APPLICABLE,5
23,1,2300,G1_CMAX,PREVIOUS,[2, 5, 18, 3, 17, 16, 10, 19, 9, 6, 12, 11, 13, 1, 15, 4, 0, 7, 8, 14]|[2, 2, 1, 2, 2, 2, 2, 1, 0, 0, 1, 2, 1, 1, 1, 0, 2, 1, 0, 0]|[0, 1, 1, 0, 1, 1, 0, 0, 0, 2, 1, 0, 1, 1, 1, 0, 0, 1, 3, 3]|[1, 0, 0, 1, 0, 0, 1, 1, 0, 2, 1, 1, 1, 1, 0, 1, 1, 1, 2, 0],207.038652060896;10678.994280927946;18312.249608546757,0,false,[2, 5, 18, 3, 17, 16, 10, 19, 9, 6, 12, 11, 13, 1, 15, 4, 0, 7, 8, 14]|[2, 2, 1, 2, 2, 2, 2, 1, 0, 0, 1, 2, 1, 1, 1, 0, 2, 1, 0, 0]|[0, 1, 1, 0, 1, 1, 0, 0, 0, 2, 1, 0, 1, 1, 1, 0, 0, 1, 3, 3]|[1, 0, 0, 1, 0, 0, 1, 1, 0, 2, 1, 1, 1, 1, 0, 1, 1, 1, 2, 0],207.038652060896;10678.994280927946;18312.249608546757,207.038652060896,NOT_APPLICABLE,NOT_APPLICABLE,NOT_APPLICABLE,7
23,1,2300,G1_CMAX,HISTORICAL,[2, 5, 18, 3, 17, 16, 10, 19, 9, 6, 12, 11, 13, 1, 15, 4, 0, 7, 8, 14]|[2, 2, 1, 2, 2, 2, 2, 1, 0, 0, 1, 2, 1, 1, 1, 0, 2, 1, 0, 0]|[0, 1, 1, 0, 1, 1, 0, 0, 0, 2, 1, 0, 1, 1, 1, 0, 0, 1, 3, 3]|[1, 0, 0, 1, 0, 0, 1, 1, 0, 2, 1, 1, 1, 1, 0, 1, 1, 1, 2, 0],207.038652060896;10678.994280927946;18312.249608546757,0,false,[2, 5, 18, 3, 17, 16, 10, 19, 9, 6, 12, 11, 13, 1, 15, 4, 0, 7, 8, 14]|[2, 2, 1, 2, 2, 2, 2, 1, 0, 0, 1, 2, 1, 1, 1, 0, 2, 1, 0, 0]|[0, 1, 1, 0, 1, 1, 0, 0, 0, 2, 1, 0, 1, 1, 1, 0, 0, 1, 3, 3]|[1, 0, 0, 1, 0, 0, 1, 1, 0, 2, 1, 1, 1, 1, 0, 1, 1, 1, 2, 0],207.038652060896;10678.994280927946;18312.249608546757,207.038652060896,NOT_APPLICABLE,NOT_APPLICABLE,NOT_APPLICABLE,10
23,1,2300,G2_TEC,PREVIOUS,[2, 5, 6, 7, 14, 18, 15, 17, 16, 19, 12, 8, 1, 9, 10, 13, 4, 0, 11, 3]|[2, 0, 0, 1, 0, 2, 2, 1, 1, 0, 1, 0, 2, 1, 2, 1, 0, 1, 1, 0]|[0, 3, 2, 1, 2, 0, 0, 1, 1, 3, 1, 3, 1, 1, 0, 1, 3, 1, 1, 3]|[1, 1, 0, 1, 0, 1, 1, 1, 1, 2, 0, 2, 0, 1, 1, 1, 0, 1, 0, 1],330.617289267987;9659.804092232936;18095.287699249973,0,false,[2, 5, 6, 7, 14, 18, 15, 17, 16, 19, 12, 8, 1, 9, 10, 13, 4, 0, 11, 3]|[2, 0, 0, 1, 0, 2, 2, 1, 1, 0, 1, 0, 2, 1, 2, 1, 0, 1, 1, 0]|[0, 3, 2, 1, 2, 0, 0, 1, 1, 3, 1, 3, 1, 1, 0, 1, 3, 1, 1, 3]|[1, 1, 0, 1, 0, 1, 1, 1, 1, 2, 0, 2, 0, 1, 1, 1, 0, 1, 0, 1],330.617289267987;9659.804092232936;18095.287699249973,9659.804092232936,NOT_APPLICABLE,NOT_APPLICABLE,NOT_APPLICABLE,8
23,1,2300,G2_TEC,HISTORICAL,[2, 5, 6, 7, 14, 18, 15, 17, 16, 19, 12, 8, 1, 9, 10, 13, 4, 0, 11, 3]|[2, 0, 0, 1, 0, 2, 2, 1, 1, 0, 1, 0, 2, 1, 2, 1, 0, 1, 1, 0]|[0, 3, 2, 1, 2, 0, 0, 1, 1, 3, 1, 3, 1, 1, 0, 1, 3, 1, 1, 3]|[1, 1, 0, 1, 0, 1, 1, 1, 1, 2, 0, 2, 0, 1, 1, 1, 0, 1, 0, 1],330.617289267987;9659.804092232936;18095.287699249973,0,false,[2, 5, 6, 7, 14, 18, 15, 17, 16, 19, 12, 8, 1, 9, 10, 13, 4, 0, 11, 3]|[2, 0, 0, 1, 0, 2, 2, 1, 1, 0, 1, 0, 2, 1, 2, 1, 0, 1, 1, 0]|[0, 3, 2, 1, 2, 0, 0, 1, 1, 3, 1, 3, 1, 1, 0, 1, 3, 1, 1, 3]|[1, 1, 0, 1, 0, 1, 1, 1, 1, 2, 0, 2, 0, 1, 1, 1, 0, 1, 0, 1],330.617289267987;9659.804092232936;18095.287699249973,9659.804092232936,NOT_APPLICABLE,NOT_APPLICABLE,NOT_APPLICABLE,9
23,1,2300,G3_TWC,PREVIOUS,[11, 5, 2, 10, 13, 16, 1, 0, 9, 8, 12, 6, 15, 7, 18, 3, 14, 4, 17, 19]|[0, 2, 0, 2, 1, 1, 0, 2, 1, 0, 0, 0, 2, 1, 1, 0, 0, 1, 0, 2]|[0, 0, 3, 0, 1, 1, 2, 0, 0, 3, 2, 2, 0, 1, 1, 3, 2, 1, 3, 0]|[0, 0, 1, 1, 1, 1, 0, 0, 1, 2, 2, 2, 1, 1, 1, 1, 0, 1, 2, 1],328.900390797006;9982.293945038016;16205.729924483934,0,false,[11, 5, 2, 10, 13, 16, 1, 0, 9, 8, 12, 6, 15, 7, 18, 3, 14, 4, 17, 19]|[0, 2, 0, 2, 1, 1, 0, 2, 1, 0, 0, 0, 2, 1, 1, 0, 0, 1, 0, 2]|[0, 0, 3, 0, 1, 1, 2, 0, 0, 3, 2, 2, 0, 1, 1, 3, 2, 1, 3, 0]|[0, 0, 1, 1, 1, 1, 0, 0, 1, 2, 2, 2, 1, 1, 1, 1, 0, 1, 2, 1],328.900390797006;9982.293945038016;16205.729924483934,16205.729924483934,NOT_APPLICABLE,NOT_APPLICABLE,NOT_APPLICABLE,9
23,1,2300,G3_TWC,HISTORICAL,[18, 0, 4, 6, 7, 12, 15, 5, 13, 2, 14, 17, 3, 11, 9, 10, 8, 1, 19, 16]|[0, 0, 2, 0, 1, 1, 0, 0, 1, 2, 0, 0, 0, 2, 0, 0, 0, 2, 2, 1]|[1, 2, 0, 2, 1, 0, 2, 3, 1, 0, 2, 3, 3, 1, 3, 2, 2, 0, 0, 1]|[1, 0, 0, 2, 1, 1, 0, 2, 1, 0, 0, 1, 1, 1, 0, 2, 1, 0, 1, 1],398.640070571616;10803.038099850290;13727.971689172065,0,false,[18, 0, 4, 6, 7, 12, 15, 5, 13, 2, 14, 17, 3, 11, 9, 10, 8, 1, 19, 16]|[0, 0, 2, 0, 1, 1, 0, 0, 1, 2, 0, 0, 0, 2, 0, 0, 0, 2, 2, 1]|[1, 2, 0, 2, 1, 0, 2, 3, 1, 0, 2, 3, 3, 1, 3, 2, 2, 0, 0, 1]|[1, 0, 0, 2, 1, 1, 0, 2, 1, 0, 0, 1, 1, 1, 0, 2, 1, 0, 1, 1],398.640070571616;10803.038099850290;13727.971689172065,13727.971689172065,NOT_APPLICABLE,NOT_APPLICABLE,NOT_APPLICABLE,7
23,1,2300,G4_BALANCED,PREVIOUS,[2, 5, 18, 3, 17, 16, 10, 19, 9, 0, 12, 11, 6, 13, 8, 4, 7, 15, 1, 14]|[2, 2, 1, 2, 2, 2, 2, 1, 0, 0, 1, 2, 0, 1, 0, 0, 1, 1, 1, 0]|[0, 1, 1, 0, 1, 1, 0, 0, 0, 0, 1, 0, 2, 1, 3, 0, 1, 1, 1, 2]|[1, 0, 0, 1, 0, 0, 1, 1, 0, 0, 1, 1, 2, 1, 2, 1, 1, 0, 1, 0],212.486886486229;10990.204461582969;17464.177975151080,0,false,[2, 5, 18, 3, 17, 16, 10, 19, 9, 0, 12, 11, 6, 13, 8, 4, 7, 15, 1, 14]|[2, 2, 1, 2, 2, 2, 2, 1, 0, 0, 1, 2, 0, 1, 0, 0, 1, 1, 1, 0]|[0, 1, 1, 0, 1, 1, 0, 0, 0, 0, 1, 0, 2, 1, 3, 0, 1, 1, 1, 2]|[1, 0, 0, 1, 0, 0, 1, 1, 0, 0, 1, 1, 2, 1, 2, 1, 1, 0, 1, 0],212.486886486229;10990.204461582969;17464.177975151080,0.709838860001,NOT_APPLICABLE,NOT_APPLICABLE,NOT_APPLICABLE,13
23,1,2300,G4_BALANCED,HISTORICAL,[18, 0, 4, 6, 7, 12, 15, 5, 13, 2, 14, 17, 3, 11, 9, 10, 8, 1, 19, 16]|[0, 0, 2, 0, 1, 1, 0, 0, 1, 2, 0, 0, 0, 2, 0, 0, 0, 2, 2, 1]|[1, 2, 0, 2, 1, 0, 2, 3, 1, 0, 2, 3, 3, 1, 3, 2, 2, 0, 0, 1]|[1, 0, 0, 2, 1, 1, 0, 2, 1, 0, 0, 1, 1, 1, 0, 2, 1, 0, 1, 1],398.640070571616;10803.038099850290;13727.971689172065,0,false,[18, 0, 4, 6, 7, 12, 15, 5, 13, 2, 14, 17, 3, 11, 9, 10, 8, 1, 19, 16]|[0, 0, 2, 0, 1, 1, 0, 0, 1, 2, 0, 0, 0, 2, 0, 0, 0, 2, 2, 1]|[1, 2, 0, 2, 1, 0, 2, 3, 1, 0, 2, 3, 3, 1, 3, 2, 2, 0, 0, 1]|[1, 0, 0, 2, 1, 1, 0, 2, 1, 0, 0, 1, 1, 1, 0, 2, 1, 0, 1, 1],398.640070571616;10803.038099850290;13727.971689172065,0.657652444854,NOT_APPLICABLE,NOT_APPLICABLE,NOT_APPLICABLE,5
24,1,2400,G1_CMAX,PREVIOUS,[2, 5, 18, 3, 17, 16, 10, 19, 9, 6, 12, 11, 13, 1, 15, 4, 0, 7, 8, 14]|[2, 2, 1, 2, 2, 2, 2, 1, 0, 0, 1, 2, 1, 1, 1, 0, 2, 1, 0, 0]|[0, 1, 1, 0, 1, 1, 0, 0, 0, 2, 1, 0, 1, 1, 1, 0, 0, 1, 3, 3]|[1, 0, 0, 1, 0, 0, 1, 1, 0, 2, 1, 1, 1, 1, 0, 1, 1, 1, 2, 0],207.038652060896;10678.994280927946;18312.249608546757,0,false,[2, 5, 18, 3, 17, 16, 10, 19, 9, 6, 12, 11, 13, 1, 15, 4, 0, 7, 8, 14]|[2, 2, 1, 2, 2, 2, 2, 1, 0, 0, 1, 2, 1, 1, 1, 0, 2, 1, 0, 0]|[0, 1, 1, 0, 1, 1, 0, 0, 0, 2, 1, 0, 1, 1, 1, 0, 0, 1, 3, 3]|[1, 0, 0, 1, 0, 0, 1, 1, 0, 2, 1, 1, 1, 1, 0, 1, 1, 1, 2, 0],207.038652060896;10678.994280927946;18312.249608546757,207.038652060896,NOT_APPLICABLE,NOT_APPLICABLE,NOT_APPLICABLE,8
24,1,2400,G1_CMAX,HISTORICAL,[2, 5, 18, 3, 17, 16, 10, 19, 9, 6, 12, 11, 13, 1, 15, 4, 0, 7, 8, 14]|[2, 2, 1, 2, 2, 2, 2, 1, 0, 0, 1, 2, 1, 1, 1, 0, 2, 1, 0, 0]|[0, 1, 1, 0, 1, 1, 0, 0, 0, 2, 1, 0, 1, 1, 1, 0, 0, 1, 3, 3]|[1, 0, 0, 1, 0, 0, 1, 1, 0, 2, 1, 1, 1, 1, 0, 1, 1, 1, 2, 0],207.038652060896;10678.994280927946;18312.249608546757,0,false,[2, 5, 18, 3, 17, 16, 10, 19, 9, 6, 12, 11, 13, 1, 15, 4, 0, 7, 8, 14]|[2, 2, 1, 2, 2, 2, 2, 1, 0, 0, 1, 2, 1, 1, 1, 0, 2, 1, 0, 0]|[0, 1, 1, 0, 1, 1, 0, 0, 0, 2, 1, 0, 1, 1, 1, 0, 0, 1, 3, 3]|[1, 0, 0, 1, 0, 0, 1, 1, 0, 2, 1, 1, 1, 1, 0, 1, 1, 1, 2, 0],207.038652060896;10678.994280927946;18312.249608546757,207.038652060896,NOT_APPLICABLE,NOT_APPLICABLE,NOT_APPLICABLE,10
24,1,2400,G2_TEC,PREVIOUS,[18, 0, 4, 6, 17, 16, 10, 2, 5, 12, 3, 13, 15, 19, 11, 9, 1, 8, 7, 14]|[0, 2, 2, 0, 0, 1, 2, 0, 0, 1, 2, 1, 1, 1, 2, 0, 0, 0, 1, 0]|[3, 0, 0, 2, 3, 1, 0, 3, 3, 1, 0, 1, 1, 0, 1, 0, 1, 0, 1, 3]|[1, 1, 0, 2, 1, 1, 1, 2, 2, 1, 1, 1, 0, 1, 1, 0, 0, 1, 1, 0],290.319433195202;10327.466128403232;15438.734696674508,0,false,[18, 0, 4, 6, 17, 16, 10, 2, 5, 12, 3, 13, 15, 19, 11, 9, 1, 8, 7, 14]|[0, 2, 2, 0, 0, 1, 2, 0, 0, 1, 2, 1, 1, 1, 2, 0, 0, 0, 1, 0]|[3, 0, 0, 2, 3, 1, 0, 3, 3, 1, 0, 1, 1, 0, 1, 0, 1, 0, 1, 3]|[1, 1, 0, 2, 1, 1, 1, 2, 2, 1, 1, 1, 0, 1, 1, 0, 0, 1, 1, 0],290.319433195202;10327.466128403232;15438.734696674508,10327.466128403232,NOT_APPLICABLE,NOT_APPLICABLE,NOT_APPLICABLE,8
24,1,2400,G2_TEC,HISTORICAL,[2, 5, 6, 7, 14, 18, 15, 17, 16, 19, 12, 8, 1, 9, 10, 13, 4, 0, 11, 3]|[2, 0, 0, 1, 0, 2, 2, 1, 1, 0, 1, 0, 2, 1, 2, 1, 0, 1, 1, 0]|[0, 3, 2, 1, 2, 0, 0, 1, 1, 3, 1, 3, 1, 1, 0, 1, 3, 1, 1, 3]|[1, 1, 0, 1, 0, 1, 1, 1, 1, 2, 0, 2, 0, 1, 1, 1, 0, 1, 0, 1],330.617289267987;9659.804092232936;18095.287699249973,0,false,[2, 5, 6, 7, 14, 18, 15, 17, 16, 19, 12, 8, 1, 9, 10, 13, 4, 0, 11, 3]|[2, 0, 0, 1, 0, 2, 2, 1, 1, 0, 1, 0, 2, 1, 2, 1, 0, 1, 1, 0]|[0, 3, 2, 1, 2, 0, 0, 1, 1, 3, 1, 3, 1, 1, 0, 1, 3, 1, 1, 3]|[1, 1, 0, 1, 0, 1, 1, 1, 1, 2, 0, 2, 0, 1, 1, 1, 0, 1, 0, 1],330.617289267987;9659.804092232936;18095.287699249973,9659.804092232936,NOT_APPLICABLE,NOT_APPLICABLE,NOT_APPLICABLE,9
24,1,2400,G3_TWC,PREVIOUS,[2, 5, 18, 3, 17, 16, 10, 19, 9, 14, 12, 4, 15, 0, 7, 6, 1, 11, 8, 13]|[0, 2, 2, 2, 2, 2, 2, 1, 0, 0, 1, 1, 2, 1, 1, 0, 2, 0, 0, 1]|[3, 1, 0, 0, 1, 1, 0, 0, 0, 2, 1, 1, 0, 0, 1, 2, 0, 0, 3, 1]|[1, 0, 1, 1, 0, 0, 1, 1, 0, 0, 1, 0, 1, 1, 1, 2, 1, 0, 2, 1],209.798381193345;10958.460606972563;18006.854991041473,0,false,[2, 5, 18, 3, 17, 16, 10, 19, 9, 14, 12, 4, 15, 0, 7, 6, 1, 11, 8, 13]|[0, 2, 2, 2, 2, 2, 2, 1, 0, 0, 1, 1, 2, 1, 1, 0, 2, 0, 0, 1]|[3, 1, 0, 0, 1, 1, 0, 0, 0, 2, 1, 1, 0, 0, 1, 2, 0, 0, 3, 1]|[1, 0, 1, 1, 0, 0, 1, 1, 0, 0, 1, 0, 1, 1, 1, 2, 1, 0, 2, 1],209.798381193345;10958.460606972563;18006.854991041473,18006.854991041473,NOT_APPLICABLE,NOT_APPLICABLE,NOT_APPLICABLE,9
24,1,2400,G3_TWC,HISTORICAL,[18, 0, 4, 6, 7, 12, 15, 5, 13, 2, 14, 17, 3, 11, 9, 10, 8, 1, 19, 16]|[0, 0, 2, 0, 1, 1, 0, 0, 1, 2, 0, 0, 0, 2, 0, 0, 0, 2, 2, 1]|[1, 2, 0, 2, 1, 0, 2, 3, 1, 0, 2, 3, 3, 1, 3, 2, 2, 0, 0, 1]|[1, 0, 0, 2, 1, 1, 0, 2, 1, 0, 0, 1, 1, 1, 0, 2, 1, 0, 1, 1],398.640070571616;10803.038099850290;13727.971689172065,0,false,[18, 0, 4, 6, 7, 12, 15, 5, 13, 2, 14, 17, 3, 11, 9, 10, 8, 1, 19, 16]|[0, 0, 2, 0, 1, 1, 0, 0, 1, 2, 0, 0, 0, 2, 0, 0, 0, 2, 2, 1]|[1, 2, 0, 2, 1, 0, 2, 3, 1, 0, 2, 3, 3, 1, 3, 2, 2, 0, 0, 1]|[1, 0, 0, 2, 1, 1, 0, 2, 1, 0, 0, 1, 1, 1, 0, 2, 1, 0, 1, 1],398.640070571616;10803.038099850290;13727.971689172065,13727.971689172065,NOT_APPLICABLE,NOT_APPLICABLE,NOT_APPLICABLE,7
24,1,2400,G4_BALANCED,PREVIOUS,[2, 5, 18, 3, 17, 16, 10, 19, 9, 0, 12, 11, 6, 13, 8, 4, 7, 15, 1, 14]|[2, 2, 1, 2, 2, 2, 2, 1, 0, 0, 1, 2, 0, 1, 0, 0, 1, 1, 1, 0]|[0, 1, 1, 0, 1, 1, 0, 0, 0, 0, 1, 0, 2, 1, 3, 0, 1, 1, 1, 2]|[1, 0, 0, 1, 0, 0, 1, 1, 0, 0, 1, 1, 2, 1, 2, 1, 1, 0, 1, 0],212.486886486229;10990.204461582969;17464.177975151080,0,false,[2, 5, 18, 3, 17, 16, 10, 19, 9, 0, 12, 11, 6, 13, 8, 4, 7, 15, 1, 14]|[2, 2, 1, 2, 2, 2, 2, 1, 0, 0, 1, 2, 0, 1, 0, 0, 1, 1, 1, 0]|[0, 1, 1, 0, 1, 1, 0, 0, 0, 0, 1, 0, 2, 1, 3, 0, 1, 1, 1, 2]|[1, 0, 0, 1, 0, 0, 1, 1, 0, 0, 1, 1, 2, 1, 2, 1, 1, 0, 1, 0],212.486886486229;10990.204461582969;17464.177975151080,0.709838860001,NOT_APPLICABLE,NOT_APPLICABLE,NOT_APPLICABLE,14
24,1,2400,G4_BALANCED,HISTORICAL,[18, 0, 4, 6, 7, 12, 15, 5, 13, 2, 14, 17, 3, 11, 9, 10, 8, 1, 19, 16]|[0, 0, 2, 0, 1, 1, 0, 0, 1, 2, 0, 0, 0, 2, 0, 0, 0, 2, 2, 1]|[1, 2, 0, 2, 1, 0, 2, 3, 1, 0, 2, 3, 3, 1, 3, 2, 2, 0, 0, 1]|[1, 0, 0, 2, 1, 1, 0, 2, 1, 0, 0, 1, 1, 1, 0, 2, 1, 0, 1, 1],398.640070571616;10803.038099850290;13727.971689172065,0,false,[18, 0, 4, 6, 7, 12, 15, 5, 13, 2, 14, 17, 3, 11, 9, 10, 8, 1, 19, 16]|[0, 0, 2, 0, 1, 1, 0, 0, 1, 2, 0, 0, 0, 2, 0, 0, 0, 2, 2, 1]|[1, 2, 0, 2, 1, 0, 2, 3, 1, 0, 2, 3, 3, 1, 3, 2, 2, 0, 0, 1]|[1, 0, 0, 2, 1, 1, 0, 2, 1, 0, 0, 1, 1, 1, 0, 2, 1, 0, 1, 1],398.640070571616;10803.038099850290;13727.971689172065,0.657652444854,NOT_APPLICABLE,NOT_APPLICABLE,NOT_APPLICABLE,5
25,1,2500,G1_CMAX,PREVIOUS,[2, 5, 18, 3, 17, 16, 10, 19, 9, 6, 12, 11, 13, 1, 15, 4, 0, 7, 8, 14]|[2, 2, 1, 2, 2, 2, 2, 1, 0, 0, 1, 2, 1, 1, 1, 0, 2, 1, 0, 0]|[0, 1, 1, 0, 1, 1, 0, 0, 0, 2, 1, 0, 1, 1, 1, 0, 0, 1, 3, 3]|[1, 0, 0, 1, 0, 0, 1, 1, 0, 2, 1, 1, 1, 1, 0, 1, 1, 1, 2, 0],207.038652060896;10678.994280927946;18312.249608546757,0,false,[2, 5, 18, 3, 17, 16, 10, 19, 9, 6, 12, 11, 13, 1, 15, 4, 0, 7, 8, 14]|[2, 2, 1, 2, 2, 2, 2, 1, 0, 0, 1, 2, 1, 1, 1, 0, 2, 1, 0, 0]|[0, 1, 1, 0, 1, 1, 0, 0, 0, 2, 1, 0, 1, 1, 1, 0, 0, 1, 3, 3]|[1, 0, 0, 1, 0, 0, 1, 1, 0, 2, 1, 1, 1, 1, 0, 1, 1, 1, 2, 0],207.038652060896;10678.994280927946;18312.249608546757,207.038652060896,NOT_APPLICABLE,NOT_APPLICABLE,NOT_APPLICABLE,9
25,1,2500,G1_CMAX,HISTORICAL,[2, 5, 18, 3, 17, 16, 10, 19, 9, 6, 12, 11, 13, 1, 15, 4, 0, 7, 8, 14]|[2, 2, 1, 2, 2, 2, 2, 1, 0, 0, 1, 2, 1, 1, 1, 0, 2, 1, 0, 0]|[0, 1, 1, 0, 1, 1, 0, 0, 0, 2, 1, 0, 1, 1, 1, 0, 0, 1, 3, 3]|[1, 0, 0, 1, 0, 0, 1, 1, 0, 2, 1, 1, 1, 1, 0, 1, 1, 1, 2, 0],207.038652060896;10678.994280927946;18312.249608546757,0,false,[2, 5, 18, 3, 17, 16, 10, 19, 9, 6, 12, 11, 13, 1, 15, 4, 0, 7, 8, 14]|[2, 2, 1, 2, 2, 2, 2, 1, 0, 0, 1, 2, 1, 1, 1, 0, 2, 1, 0, 0]|[0, 1, 1, 0, 1, 1, 0, 0, 0, 2, 1, 0, 1, 1, 1, 0, 0, 1, 3, 3]|[1, 0, 0, 1, 0, 0, 1, 1, 0, 2, 1, 1, 1, 1, 0, 1, 1, 1, 2, 0],207.038652060896;10678.994280927946;18312.249608546757,207.038652060896,NOT_APPLICABLE,NOT_APPLICABLE,NOT_APPLICABLE,10
25,1,2500,G2_TEC,PREVIOUS,[18, 0, 4, 6, 17, 16, 10, 2, 5, 12, 3, 13, 15, 19, 11, 9, 1, 8, 7, 14]|[0, 2, 2, 0, 0, 1, 2, 0, 0, 1, 2, 1, 1, 1, 2, 0, 0, 0, 1, 0]|[3, 0, 0, 2, 3, 1, 0, 3, 3, 1, 0, 1, 1, 0, 1, 0, 1, 0, 1, 3]|[1, 1, 0, 2, 1, 1, 1, 2, 2, 1, 1, 1, 0, 1, 1, 0, 0, 1, 1, 0],290.319433195202;10327.466128403232;15438.734696674508,0,false,[18, 0, 4, 6, 17, 16, 10, 2, 5, 12, 3, 13, 15, 19, 11, 9, 1, 8, 7, 14]|[0, 2, 2, 0, 0, 1, 2, 0, 0, 1, 2, 1, 1, 1, 2, 0, 0, 0, 1, 0]|[3, 0, 0, 2, 3, 1, 0, 3, 3, 1, 0, 1, 1, 0, 1, 0, 1, 0, 1, 3]|[1, 1, 0, 2, 1, 1, 1, 2, 2, 1, 1, 1, 0, 1, 1, 0, 0, 1, 1, 0],290.319433195202;10327.466128403232;15438.734696674508,10327.466128403232,NOT_APPLICABLE,NOT_APPLICABLE,NOT_APPLICABLE,9
25,1,2500,G2_TEC,HISTORICAL,[2, 5, 6, 7, 14, 18, 15, 17, 16, 19, 12, 8, 1, 9, 10, 13, 4, 0, 11, 3]|[2, 0, 0, 1, 0, 2, 2, 1, 1, 0, 1, 0, 2, 1, 2, 1, 0, 1, 1, 0]|[0, 3, 2, 1, 2, 0, 0, 1, 1, 3, 1, 3, 1, 1, 0, 1, 3, 1, 1, 3]|[1, 1, 0, 1, 0, 1, 1, 1, 1, 2, 0, 2, 0, 1, 1, 1, 0, 1, 0, 1],330.617289267987;9659.804092232936;18095.287699249973,0,false,[2, 5, 6, 7, 14, 18, 15, 17, 16, 19, 12, 8, 1, 9, 10, 13, 4, 0, 11, 3]|[2, 0, 0, 1, 0, 2, 2, 1, 1, 0, 1, 0, 2, 1, 2, 1, 0, 1, 1, 0]|[0, 3, 2, 1, 2, 0, 0, 1, 1, 3, 1, 3, 1, 1, 0, 1, 3, 1, 1, 3]|[1, 1, 0, 1, 0, 1, 1, 1, 1, 2, 0, 2, 0, 1, 1, 1, 0, 1, 0, 1],330.617289267987;9659.804092232936;18095.287699249973,9659.804092232936,NOT_APPLICABLE,NOT_APPLICABLE,NOT_APPLICABLE,9
25,1,2500,G3_TWC,PREVIOUS,[18, 0, 4, 6, 7, 12, 15, 5, 13, 2, 14, 17, 3, 11, 9, 10, 8, 1, 19, 16]|[0, 0, 2, 0, 1, 1, 0, 0, 1, 2, 0, 0, 0, 2, 0, 0, 0, 2, 2, 1]|[1, 2, 0, 2, 1, 0, 2, 3, 1, 0, 2, 3, 3, 1, 3, 2, 2, 0, 0, 1]|[1, 0, 0, 2, 1, 1, 0, 2, 1, 0, 0, 1, 1, 1, 0, 2, 1, 0, 1, 1],398.640070571616;10803.038099850290;13727.971689172065,0,false,[18, 0, 4, 6, 7, 12, 15, 5, 13, 2, 14, 17, 3, 11, 9, 10, 8, 1, 19, 16]|[0, 0, 2, 0, 1, 1, 0, 0, 1, 2, 0, 0, 0, 2, 0, 0, 0, 2, 2, 1]|[1, 2, 0, 2, 1, 0, 2, 3, 1, 0, 2, 3, 3, 1, 3, 2, 2, 0, 0, 1]|[1, 0, 0, 2, 1, 1, 0, 2, 1, 0, 0, 1, 1, 1, 0, 2, 1, 0, 1, 1],398.640070571616;10803.038099850290;13727.971689172065,13727.971689172065,NOT_APPLICABLE,NOT_APPLICABLE,NOT_APPLICABLE,9
25,1,2500,G3_TWC,HISTORICAL,[18, 0, 4, 6, 7, 12, 15, 5, 13, 2, 14, 17, 3, 11, 9, 10, 8, 1, 19, 16]|[0, 0, 2, 0, 1, 1, 0, 0, 1, 2, 0, 0, 0, 2, 0, 0, 0, 2, 2, 1]|[1, 2, 0, 2, 1, 0, 2, 3, 1, 0, 2, 3, 3, 1, 3, 2, 2, 0, 0, 1]|[1, 0, 0, 2, 1, 1, 0, 2, 1, 0, 0, 1, 1, 1, 0, 2, 1, 0, 1, 1],398.640070571616;10803.038099850290;13727.971689172065,0,false,[18, 0, 4, 6, 7, 12, 15, 5, 13, 2, 14, 17, 3, 11, 9, 10, 8, 1, 19, 16]|[0, 0, 2, 0, 1, 1, 0, 0, 1, 2, 0, 0, 0, 2, 0, 0, 0, 2, 2, 1]|[1, 2, 0, 2, 1, 0, 2, 3, 1, 0, 2, 3, 3, 1, 3, 2, 2, 0, 0, 1]|[1, 0, 0, 2, 1, 1, 0, 2, 1, 0, 0, 1, 1, 1, 0, 2, 1, 0, 1, 1],398.640070571616;10803.038099850290;13727.971689172065,13727.971689172065,NOT_APPLICABLE,NOT_APPLICABLE,NOT_APPLICABLE,8
25,1,2500,G4_BALANCED,PREVIOUS,[2, 5, 18, 3, 17, 16, 10, 19, 9, 0, 12, 11, 6, 13, 8, 4, 7, 15, 1, 14]|[2, 2, 1, 2, 2, 2, 2, 1, 0, 0, 1, 2, 0, 1, 0, 0, 1, 1, 1, 0]|[0, 1, 1, 0, 1, 1, 0, 0, 0, 0, 1, 0, 2, 1, 3, 0, 1, 1, 1, 2]|[1, 0, 0, 1, 0, 0, 1, 1, 0, 0, 1, 1, 2, 1, 2, 1, 1, 0, 1, 0],212.486886486229;10990.204461582969;17464.177975151080,0,false,[2, 5, 18, 3, 17, 16, 10, 19, 9, 0, 12, 11, 6, 13, 8, 4, 7, 15, 1, 14]|[2, 2, 1, 2, 2, 2, 2, 1, 0, 0, 1, 2, 0, 1, 0, 0, 1, 1, 1, 0]|[0, 1, 1, 0, 1, 1, 0, 0, 0, 0, 1, 0, 2, 1, 3, 0, 1, 1, 1, 2]|[1, 0, 0, 1, 0, 0, 1, 1, 0, 0, 1, 1, 2, 1, 2, 1, 1, 0, 1, 0],212.486886486229;10990.204461582969;17464.177975151080,0.709838860001,NOT_APPLICABLE,NOT_APPLICABLE,NOT_APPLICABLE,15
25,1,2500,G4_BALANCED,HISTORICAL,[18, 0, 4, 6, 7, 12, 15, 5, 13, 2, 14, 17, 3, 11, 9, 10, 8, 1, 19, 16]|[0, 0, 2, 0, 1, 1, 0, 0, 1, 2, 0, 0, 0, 2, 0, 0, 0, 2, 2, 1]|[1, 2, 0, 2, 1, 0, 2, 3, 1, 0, 2, 3, 3, 1, 3, 2, 2, 0, 0, 1]|[1, 0, 0, 2, 1, 1, 0, 2, 1, 0, 0, 1, 1, 1, 0, 2, 1, 0, 1, 1],398.640070571616;10803.038099850290;13727.971689172065,0,false,[18, 0, 4, 6, 7, 12, 15, 5, 13, 2, 14, 17, 3, 11, 9, 10, 8, 1, 19, 16]|[0, 0, 2, 0, 1, 1, 0, 0, 1, 2, 0, 0, 0, 2, 0, 0, 0, 2, 2, 1]|[1, 2, 0, 2, 1, 0, 2, 3, 1, 0, 2, 3, 3, 1, 3, 2, 2, 0, 0, 1]|[1, 0, 0, 2, 1, 1, 0, 2, 1, 0, 0, 1, 1, 1, 0, 2, 1, 0, 1, 1],398.640070571616;10803.038099850290;13727.971689172065,0.657652444854,NOT_APPLICABLE,NOT_APPLICABLE,NOT_APPLICABLE,5
26,1,2600,G1_CMAX,PREVIOUS,[2, 5, 18, 3, 17, 16, 10, 19, 9, 6, 12, 11, 13, 1, 15, 4, 0, 7, 8, 14]|[2, 2, 1, 2, 2, 2, 2, 1, 0, 0, 1, 2, 1, 1, 1, 0, 2, 1, 0, 0]|[0, 1, 1, 0, 1, 1, 0, 0, 0, 2, 1, 0, 1, 1, 1, 0, 0, 1, 3, 3]|[1, 0, 0, 1, 0, 0, 1, 1, 0, 2, 1, 1, 1, 1, 0, 1, 1, 1, 2, 0],207.038652060896;10678.994280927946;18312.249608546757,0,false,[2, 5, 18, 3, 17, 16, 10, 19, 9, 6, 12, 11, 13, 1, 15, 4, 0, 7, 8, 14]|[2, 2, 1, 2, 2, 2, 2, 1, 0, 0, 1, 2, 1, 1, 1, 0, 2, 1, 0, 0]|[0, 1, 1, 0, 1, 1, 0, 0, 0, 2, 1, 0, 1, 1, 1, 0, 0, 1, 3, 3]|[1, 0, 0, 1, 0, 0, 1, 1, 0, 2, 1, 1, 1, 1, 0, 1, 1, 1, 2, 0],207.038652060896;10678.994280927946;18312.249608546757,207.038652060896,NOT_APPLICABLE,NOT_APPLICABLE,NOT_APPLICABLE,10
26,1,2600,G1_CMAX,HISTORICAL,[2, 5, 18, 3, 17, 16, 10, 19, 9, 6, 12, 11, 13, 1, 15, 4, 0, 7, 8, 14]|[2, 2, 1, 2, 2, 2, 2, 1, 0, 0, 1, 2, 1, 1, 1, 0, 2, 1, 0, 0]|[0, 1, 1, 0, 1, 1, 0, 0, 0, 2, 1, 0, 1, 1, 1, 0, 0, 1, 3, 3]|[1, 0, 0, 1, 0, 0, 1, 1, 0, 2, 1, 1, 1, 1, 0, 1, 1, 1, 2, 0],207.038652060896;10678.994280927946;18312.249608546757,0,false,[2, 5, 18, 3, 17, 16, 10, 19, 9, 6, 12, 11, 13, 1, 15, 4, 0, 7, 8, 14]|[2, 2, 1, 2, 2, 2, 2, 1, 0, 0, 1, 2, 1, 1, 1, 0, 2, 1, 0, 0]|[0, 1, 1, 0, 1, 1, 0, 0, 0, 2, 1, 0, 1, 1, 1, 0, 0, 1, 3, 3]|[1, 0, 0, 1, 0, 0, 1, 1, 0, 2, 1, 1, 1, 1, 0, 1, 1, 1, 2, 0],207.038652060896;10678.994280927946;18312.249608546757,207.038652060896,NOT_APPLICABLE,NOT_APPLICABLE,NOT_APPLICABLE,10
26,1,2600,G2_TEC,PREVIOUS,[11, 5, 2, 10, 19, 16, 1, 0, 9, 8, 12, 6, 15, 17, 3, 18, 13, 14, 7, 4]|[0, 2, 0, 2, 1, 1, 0, 2, 1, 0, 0, 0, 2, 1, 2, 1, 0, 0, 1, 1]|[0, 0, 3, 0, 1, 1, 2, 0, 1, 3, 2, 2, 0, 0, 0, 1, 3, 3, 1, 1]|[0, 0, 1, 1, 1, 1, 0, 0, 1, 2, 2, 2, 1, 1, 1, 1, 2, 0, 1, 1],314.874740317527;9793.109460617874;18027.537018156443,0,false,[11, 5, 2, 10, 19, 16, 1, 0, 9, 8, 12, 6, 15, 17, 3, 18, 13, 14, 7, 4]|[0, 2, 0, 2, 1, 1, 0, 2, 1, 0, 0, 0, 2, 1, 2, 1, 0, 0, 1, 1]|[0, 0, 3, 0, 1, 1, 2, 0, 1, 3, 2, 2, 0, 0, 0, 1, 3, 3, 1, 1]|[0, 0, 1, 1, 1, 1, 0, 0, 1, 2, 2, 2, 1, 1, 1, 1, 2, 0, 1, 1],314.874740317527;9793.109460617874;18027.537018156443,9793.109460617874,NOT_APPLICABLE,NOT_APPLICABLE,NOT_APPLICABLE,9
26,1,2600,G2_TEC,HISTORICAL,[2, 5, 6, 7, 14, 18, 15, 17, 16, 19, 12, 8, 1, 9, 10, 13, 4, 0, 11, 3]|[2, 0, 0, 1, 0, 2, 2, 1, 1, 0, 1, 0, 2, 1, 2, 1, 0, 1, 1, 0]|[0, 3, 2, 1, 2, 0, 0, 1, 1, 3, 1, 3, 1, 1, 0, 1, 3, 1, 1, 3]|[1, 1, 0, 1, 0, 1, 1, 1, 1, 2, 0, 2, 0, 1, 1, 1, 0, 1, 0, 1],330.617289267987;9659.804092232936;18095.287699249973,0,false,[2, 5, 6, 7, 14, 18, 15, 17, 16, 19, 12, 8, 1, 9, 10, 13, 4, 0, 11, 3]|[2, 0, 0, 1, 0, 2, 2, 1, 1, 0, 1, 0, 2, 1, 2, 1, 0, 1, 1, 0]|[0, 3, 2, 1, 2, 0, 0, 1, 1, 3, 1, 3, 1, 1, 0, 1, 3, 1, 1, 3]|[1, 1, 0, 1, 0, 1, 1, 1, 1, 2, 0, 2, 0, 1, 1, 1, 0, 1, 0, 1],330.617289267987;9659.804092232936;18095.287699249973,9659.804092232936,NOT_APPLICABLE,NOT_APPLICABLE,NOT_APPLICABLE,9
26,1,2600,G3_TWC,PREVIOUS,[18, 0, 4, 6, 7, 12, 15, 5, 13, 2, 14, 17, 3, 11, 9, 10, 8, 1, 19, 16]|[0, 0, 2, 0, 1, 1, 0, 0, 1, 2, 0, 0, 0, 2, 0, 0, 0, 2, 2, 1]|[1, 2, 0, 2, 1, 0, 2, 3, 1, 0, 2, 3, 3, 1, 3, 2, 2, 0, 0, 1]|[1, 0, 0, 2, 1, 1, 0, 2, 1, 0, 0, 1, 1, 1, 0, 2, 1, 0, 1, 1],398.640070571616;10803.038099850290;13727.971689172065,0,false,[18, 0, 4, 6, 7, 12, 15, 5, 13, 2, 14, 17, 3, 11, 9, 10, 8, 1, 19, 16]|[0, 0, 2, 0, 1, 1, 0, 0, 1, 2, 0, 0, 0, 2, 0, 0, 0, 2, 2, 1]|[1, 2, 0, 2, 1, 0, 2, 3, 1, 0, 2, 3, 3, 1, 3, 2, 2, 0, 0, 1]|[1, 0, 0, 2, 1, 1, 0, 2, 1, 0, 0, 1, 1, 1, 0, 2, 1, 0, 1, 1],398.640070571616;10803.038099850290;13727.971689172065,13727.971689172065,NOT_APPLICABLE,NOT_APPLICABLE,NOT_APPLICABLE,10
26,1,2600,G3_TWC,HISTORICAL,[18, 0, 4, 6, 7, 12, 15, 5, 13, 2, 14, 17, 3, 11, 9, 10, 8, 1, 19, 16]|[0, 0, 2, 0, 1, 1, 0, 0, 1, 2, 0, 0, 0, 2, 0, 0, 0, 2, 2, 1]|[1, 2, 0, 2, 1, 0, 2, 3, 1, 0, 2, 3, 3, 1, 3, 2, 2, 0, 0, 1]|[1, 0, 0, 2, 1, 1, 0, 2, 1, 0, 0, 1, 1, 1, 0, 2, 1, 0, 1, 1],398.640070571616;10803.038099850290;13727.971689172065,0,false,[18, 0, 4, 6, 7, 12, 15, 5, 13, 2, 14, 17, 3, 11, 9, 10, 8, 1, 19, 16]|[0, 0, 2, 0, 1, 1, 0, 0, 1, 2, 0, 0, 0, 2, 0, 0, 0, 2, 2, 1]|[1, 2, 0, 2, 1, 0, 2, 3, 1, 0, 2, 3, 3, 1, 3, 2, 2, 0, 0, 1]|[1, 0, 0, 2, 1, 1, 0, 2, 1, 0, 0, 1, 1, 1, 0, 2, 1, 0, 1, 1],398.640070571616;10803.038099850290;13727.971689172065,13727.971689172065,NOT_APPLICABLE,NOT_APPLICABLE,NOT_APPLICABLE,8
26,1,2600,G4_BALANCED,PREVIOUS,[2, 5, 18, 3, 17, 16, 10, 19, 9, 0, 12, 11, 6, 13, 8, 4, 7, 15, 1, 14]|[2, 2, 1, 2, 2, 2, 2, 1, 0, 0, 1, 2, 0, 1, 0, 0, 1, 1, 1, 0]|[0, 1, 1, 0, 1, 1, 0, 0, 0, 0, 1, 0, 2, 1, 3, 0, 1, 1, 1, 2]|[1, 0, 0, 1, 0, 0, 1, 1, 0, 0, 1, 1, 2, 1, 2, 1, 1, 0, 1, 0],212.486886486229;10990.204461582969;17464.177975151080,0,false,[2, 5, 18, 3, 17, 16, 10, 19, 9, 0, 12, 11, 6, 13, 8, 4, 7, 15, 1, 14]|[2, 2, 1, 2, 2, 2, 2, 1, 0, 0, 1, 2, 0, 1, 0, 0, 1, 1, 1, 0]|[0, 1, 1, 0, 1, 1, 0, 0, 0, 0, 1, 0, 2, 1, 3, 0, 1, 1, 1, 2]|[1, 0, 0, 1, 0, 0, 1, 1, 0, 0, 1, 1, 2, 1, 2, 1, 1, 0, 1, 0],212.486886486229;10990.204461582969;17464.177975151080,0.709838860001,NOT_APPLICABLE,NOT_APPLICABLE,NOT_APPLICABLE,16
26,1,2600,G4_BALANCED,HISTORICAL,[18, 0, 4, 6, 7, 12, 15, 5, 13, 2, 14, 17, 3, 11, 9, 10, 8, 1, 19, 16]|[0, 0, 2, 0, 1, 1, 0, 0, 1, 2, 0, 0, 0, 2, 0, 0, 0, 2, 2, 1]|[1, 2, 0, 2, 1, 0, 2, 3, 1, 0, 2, 3, 3, 1, 3, 2, 2, 0, 0, 1]|[1, 0, 0, 2, 1, 1, 0, 2, 1, 0, 0, 1, 1, 1, 0, 2, 1, 0, 1, 1],398.640070571616;10803.038099850290;13727.971689172065,0,false,[18, 0, 4, 6, 7, 12, 15, 5, 13, 2, 14, 17, 3, 11, 9, 10, 8, 1, 19, 16]|[0, 0, 2, 0, 1, 1, 0, 0, 1, 2, 0, 0, 0, 2, 0, 0, 0, 2, 2, 1]|[1, 2, 0, 2, 1, 0, 2, 3, 1, 0, 2, 3, 3, 1, 3, 2, 2, 0, 0, 1]|[1, 0, 0, 2, 1, 1, 0, 2, 1, 0, 0, 1, 1, 1, 0, 2, 1, 0, 1, 1],398.640070571616;10803.038099850290;13727.971689172065,0.657652444854,NOT_APPLICABLE,NOT_APPLICABLE,NOT_APPLICABLE,5
27,1,2700,G1_CMAX,PREVIOUS,[2, 5, 18, 3, 17, 16, 10, 19, 9, 6, 12, 11, 13, 1, 15, 4, 0, 7, 8, 14]|[2, 2, 1, 2, 2, 2, 2, 1, 0, 0, 1, 2, 1, 1, 1, 0, 2, 1, 0, 0]|[0, 1, 1, 0, 1, 1, 0, 0, 0, 2, 1, 0, 1, 1, 1, 0, 0, 1, 3, 3]|[1, 0, 0, 1, 0, 0, 1, 1, 0, 2, 1, 1, 1, 1, 0, 1, 1, 1, 2, 0],207.038652060896;10678.994280927946;18312.249608546757,0,false,[2, 5, 18, 3, 17, 16, 10, 19, 9, 6, 12, 11, 13, 1, 15, 4, 0, 7, 8, 14]|[2, 2, 1, 2, 2, 2, 2, 1, 0, 0, 1, 2, 1, 1, 1, 0, 2, 1, 0, 0]|[0, 1, 1, 0, 1, 1, 0, 0, 0, 2, 1, 0, 1, 1, 1, 0, 0, 1, 3, 3]|[1, 0, 0, 1, 0, 0, 1, 1, 0, 2, 1, 1, 1, 1, 0, 1, 1, 1, 2, 0],207.038652060896;10678.994280927946;18312.249608546757,207.038652060896,NOT_APPLICABLE,NOT_APPLICABLE,NOT_APPLICABLE,10
27,1,2700,G1_CMAX,HISTORICAL,[2, 5, 18, 3, 17, 16, 10, 19, 9, 6, 12, 11, 13, 1, 15, 4, 0, 7, 8, 14]|[2, 2, 1, 2, 2, 2, 2, 1, 0, 0, 1, 2, 1, 1, 1, 0, 2, 1, 0, 0]|[0, 1, 1, 0, 1, 1, 0, 0, 0, 2, 1, 0, 1, 1, 1, 0, 0, 1, 3, 3]|[1, 0, 0, 1, 0, 0, 1, 1, 0, 2, 1, 1, 1, 1, 0, 1, 1, 1, 2, 0],207.038652060896;10678.994280927946;18312.249608546757,0,false,[2, 5, 18, 3, 17, 16, 10, 19, 9, 6, 12, 11, 13, 1, 15, 4, 0, 7, 8, 14]|[2, 2, 1, 2, 2, 2, 2, 1, 0, 0, 1, 2, 1, 1, 1, 0, 2, 1, 0, 0]|[0, 1, 1, 0, 1, 1, 0, 0, 0, 2, 1, 0, 1, 1, 1, 0, 0, 1, 3, 3]|[1, 0, 0, 1, 0, 0, 1, 1, 0, 2, 1, 1, 1, 1, 0, 1, 1, 1, 2, 0],207.038652060896;10678.994280927946;18312.249608546757,207.038652060896,NOT_APPLICABLE,NOT_APPLICABLE,NOT_APPLICABLE,11
27,1,2700,G2_TEC,PREVIOUS,[2, 5, 6, 7, 14, 16, 10, 19, 9, 4, 12, 3, 17, 15, 13, 18, 1, 0, 8, 11]|[2, 2, 1, 2, 0, 1, 2, 0, 1, 1, 0, 0, 1, 1, 1, 2, 2, 2, 0, 0]|[0, 0, 1, 0, 3, 1, 0, 3, 1, 1, 2, 3, 1, 1, 1, 0, 1, 0, 3, 0]|[1, 0, 0, 1, 2, 1, 1, 2, 1, 0, 2, 1, 1, 1, 1, 1, 0, 0, 2, 0],296.988421206979;9817.365571067168;19155.574403716150,0,false,[2, 5, 6, 7, 14, 16, 10, 19, 9, 4, 12, 3, 17, 15, 13, 18, 1, 0, 8, 11]|[2, 2, 1, 2, 0, 1, 2, 0, 1, 1, 0, 0, 1, 1, 1, 2, 2, 2, 0, 0]|[0, 0, 1, 0, 3, 1, 0, 3, 1, 1, 2, 3, 1, 1, 1, 0, 1, 0, 3, 0]|[1, 0, 0, 1, 2, 1, 1, 2, 1, 0, 2, 1, 1, 1, 1, 1, 0, 0, 2, 0],296.988421206979;9817.365571067168;19155.574403716150,9817.365571067168,NOT_APPLICABLE,NOT_APPLICABLE,NOT_APPLICABLE,9
27,1,2700,G2_TEC,HISTORICAL,[2, 5, 6, 7, 14, 18, 15, 17, 16, 19, 12, 8, 1, 9, 10, 13, 4, 0, 11, 3]|[2, 0, 0, 1, 0, 2, 2, 1, 1, 0, 1, 0, 2, 1, 2, 1, 0, 1, 1, 0]|[0, 3, 2, 1, 2, 0, 0, 1, 1, 3, 1, 3, 1, 1, 0, 1, 3, 1, 1, 3]|[1, 1, 0, 1, 0, 1, 1, 1, 1, 2, 0, 2, 0, 1, 1, 1, 0, 1, 0, 1],330.617289267987;9659.804092232936;18095.287699249973,0,false,[2, 5, 6, 7, 14, 18, 15, 17, 16, 19, 12, 8, 1, 9, 10, 13, 4, 0, 11, 3]|[2, 0, 0, 1, 0, 2, 2, 1, 1, 0, 1, 0, 2, 1, 2, 1, 0, 1, 1, 0]|[0, 3, 2, 1, 2, 0, 0, 1, 1, 3, 1, 3, 1, 1, 0, 1, 3, 1, 1, 3]|[1, 1, 0, 1, 0, 1, 1, 1, 1, 2, 0, 2, 0, 1, 1, 1, 0, 1, 0, 1],330.617289267987;9659.804092232936;18095.287699249973,9659.804092232936,NOT_APPLICABLE,NOT_APPLICABLE,NOT_APPLICABLE,9
27,1,2700,G3_TWC,PREVIOUS,[2, 5, 18, 3, 17, 16, 1, 0, 9, 6, 14, 4, 15, 13, 10, 7, 8, 19, 12, 11]|[2, 2, 0, 2, 1, 2, 0, 0, 0, 0, 0, 0, 1, 1, 1, 1, 0, 2, 1, 0]|[0, 0, 1, 0, 0, 1, 2, 0, 0, 2, 2, 2, 1, 1, 1, 1, 2, 0, 1, 0]|[0, 0, 1, 1, 1, 0, 0, 0, 0, 2, 2, 2, 0, 1, 0, 1, 2, 1, 1, 0],288.505846586881;11396.687154186331;15071.058179863665,0,false,[2, 5, 18, 3, 17, 16, 1, 0, 9, 6, 14, 4, 15, 13, 10, 7, 8, 19, 12, 11]|[2, 2, 0, 2, 1, 2, 0, 0, 0, 0, 0, 0, 1, 1, 1, 1, 0, 2, 1, 0]|[0, 0, 1, 0, 0, 1, 2, 0, 0, 2, 2, 2, 1, 1, 1, 1, 2, 0, 1, 0]|[0, 0, 1, 1, 1, 0, 0, 0, 0, 2, 2, 2, 0, 1, 0, 1, 2, 1, 1, 0],288.505846586881;11396.687154186331;15071.058179863665,15071.058179863665,NOT_APPLICABLE,NOT_APPLICABLE,NOT_APPLICABLE,10
27,1,2700,G3_TWC,HISTORICAL,[18, 0, 4, 6, 7, 12, 15, 5, 13, 2, 14, 17, 3, 11, 9, 10, 8, 1, 19, 16]|[0, 0, 2, 0, 1, 1, 0, 0, 1, 2, 0, 0, 0, 2, 0, 0, 0, 2, 2, 1]|[1, 2, 0, 2, 1, 0, 2, 3, 1, 0, 2, 3, 3, 1, 3, 2, 2, 0, 0, 1]|[1, 0, 0, 2, 1, 1, 0, 2, 1, 0, 0, 1, 1, 1, 0, 2, 1, 0, 1, 1],398.640070571616;10803.038099850290;13727.971689172065,0,false,[18, 0, 4, 6, 7, 12, 15, 5, 13, 2, 14, 17, 3, 11, 9, 10, 8, 1, 19, 16]|[0, 0, 2, 0, 1, 1, 0, 0, 1, 2, 0, 0, 0, 2, 0, 0, 0, 2, 2, 1]|[1, 2, 0, 2, 1, 0, 2, 3, 1, 0, 2, 3, 3, 1, 3, 2, 2, 0, 0, 1]|[1, 0, 0, 2, 1, 1, 0, 2, 1, 0, 0, 1, 1, 1, 0, 2, 1, 0, 1, 1],398.640070571616;10803.038099850290;13727.971689172065,13727.971689172065,NOT_APPLICABLE,NOT_APPLICABLE,NOT_APPLICABLE,8
27,1,2700,G4_BALANCED,PREVIOUS,[2, 0, 4, 15, 17, 16, 1, 3, 5, 19, 12, 11, 10, 13, 9, 18, 7, 6, 8, 14]|[0, 2, 1, 1, 2, 2, 0, 0, 2, 1, 1, 2, 2, 1, 0, 0, 2, 2, 0, 0]|[0, 0, 1, 1, 1, 1, 1, 3, 1, 0, 0, 0, 0, 1, 0, 0, 0, 0, 3, 3]|[0, 1, 0, 0, 0, 0, 0, 1, 0, 1, 1, 1, 1, 1, 0, 1, 1, 1, 2, 0],213.443788033419;10994.032372480102;16987.725421575862,0,false,[2, 0, 4, 15, 17, 16, 1, 3, 5, 19, 12, 11, 10, 13, 9, 18, 7, 6, 8, 14]|[0, 2, 1, 1, 2, 2, 0, 0, 2, 1, 1, 2, 2, 1, 0, 0, 2, 2, 0, 0]|[0, 0, 1, 1, 1, 1, 1, 3, 1, 0, 0, 0, 0, 1, 0, 0, 0, 0, 3, 3]|[0, 1, 0, 0, 0, 0, 0, 1, 0, 1, 1, 1, 1, 1, 0, 1, 1, 1, 2, 0],213.443788033419;10994.032372480102;16987.725421575862,0.711479697717,NOT_APPLICABLE,NOT_APPLICABLE,NOT_APPLICABLE,16
27,1,2700,G4_BALANCED,HISTORICAL,[18, 0, 4, 6, 7, 12, 15, 5, 13, 2, 14, 17, 3, 11, 9, 10, 8, 1, 19, 16]|[0, 0, 2, 0, 1, 1, 0, 0, 1, 2, 0, 0, 0, 2, 0, 0, 0, 2, 2, 1]|[1, 2, 0, 2, 1, 0, 2, 3, 1, 0, 2, 3, 3, 1, 3, 2, 2, 0, 0, 1]|[1, 0, 0, 2, 1, 1, 0, 2, 1, 0, 0, 1, 1, 1, 0, 2, 1, 0, 1, 1],398.640070571616;10803.038099850290;13727.971689172065,0,false,[18, 0, 4, 6, 7, 12, 15, 5, 13, 2, 14, 17, 3, 11, 9, 10, 8, 1, 19, 16]|[0, 0, 2, 0, 1, 1, 0, 0, 1, 2, 0, 0, 0, 2, 0, 0, 0, 2, 2, 1]|[1, 2, 0, 2, 1, 0, 2, 3, 1, 0, 2, 3, 3, 1, 3, 2, 2, 0, 0, 1]|[1, 0, 0, 2, 1, 1, 0, 2, 1, 0, 0, 1, 1, 1, 0, 2, 1, 0, 1, 1],398.640070571616;10803.038099850290;13727.971689172065,0.661862103268,NOT_APPLICABLE,NOT_APPLICABLE,NOT_APPLICABLE,5
28,1,2800,G1_CMAX,PREVIOUS,[11, 5, 2, 10, 13, 16, 1, 0, 9, 8, 12, 6, 15, 7, 18, 3, 14, 4, 17, 19]|[0, 2, 1, 2, 1, 1, 0, 2, 1, 0, 0, 0, 1, 1, 1, 0, 0, 1, 0, 2]|[0, 0, 1, 0, 1, 1, 2, 0, 0, 3, 2, 2, 1, 1, 1, 3, 2, 1, 3, 0]|[0, 0, 1, 1, 1, 1, 0, 0, 1, 2, 2, 2, 0, 1, 1, 1, 0, 1, 2, 1],289.021876122554;9921.957432734163;17383.352466040815,0,false,[11, 5, 2, 10, 13, 16, 1, 0, 9, 8, 12, 6, 15, 7, 18, 3, 14, 4, 17, 19]|[0, 2, 1, 2, 1, 1, 0, 2, 1, 0, 0, 0, 1, 1, 1, 0, 0, 1, 0, 2]|[0, 0, 1, 0, 1, 1, 2, 0, 0, 3, 2, 2, 1, 1, 1, 3, 2, 1, 3, 0]|[0, 0, 1, 1, 1, 1, 0, 0, 1, 2, 2, 2, 0, 1, 1, 1, 0, 1, 2, 1],289.021876122554;9921.957432734163;17383.352466040815,289.021876122554,NOT_APPLICABLE,NOT_APPLICABLE,NOT_APPLICABLE,10
28,1,2800,G1_CMAX,HISTORICAL,[2, 5, 18, 3, 17, 16, 10, 19, 9, 6, 12, 11, 13, 1, 15, 4, 0, 7, 8, 14]|[2, 2, 1, 2, 2, 2, 2, 1, 0, 0, 1, 2, 1, 1, 1, 0, 2, 1, 0, 0]|[0, 1, 1, 0, 1, 1, 0, 0, 0, 2, 1, 0, 1, 1, 1, 0, 0, 1, 3, 3]|[1, 0, 0, 1, 0, 0, 1, 1, 0, 2, 1, 1, 1, 1, 0, 1, 1, 1, 2, 0],207.038652060896;10678.994280927946;18312.249608546757,0,false,[2, 5, 18, 3, 17, 16, 10, 19, 9, 6, 12, 11, 13, 1, 15, 4, 0, 7, 8, 14]|[2, 2, 1, 2, 2, 2, 2, 1, 0, 0, 1, 2, 1, 1, 1, 0, 2, 1, 0, 0]|[0, 1, 1, 0, 1, 1, 0, 0, 0, 2, 1, 0, 1, 1, 1, 0, 0, 1, 3, 3]|[1, 0, 0, 1, 0, 0, 1, 1, 0, 2, 1, 1, 1, 1, 0, 1, 1, 1, 2, 0],207.038652060896;10678.994280927946;18312.249608546757,207.038652060896,NOT_APPLICABLE,NOT_APPLICABLE,NOT_APPLICABLE,11
28,1,2800,G2_TEC,PREVIOUS,[2, 5, 6, 7, 14, 16, 10, 19, 9, 4, 12, 3, 17, 15, 13, 18, 1, 0, 8, 11]|[2, 2, 1, 2, 0, 1, 2, 0, 1, 1, 0, 0, 1, 1, 1, 2, 2, 2, 0, 0]|[0, 0, 1, 0, 3, 1, 0, 3, 1, 1, 2, 3, 1, 1, 1, 0, 1, 0, 3, 0]|[1, 0, 0, 1, 2, 1, 1, 2, 1, 0, 2, 1, 1, 1, 1, 1, 0, 0, 2, 0],296.988421206979;9817.365571067168;19155.574403716150,0,false,[2, 5, 6, 7, 14, 16, 10, 19, 9, 4, 12, 3, 17, 15, 13, 18, 1, 0, 8, 11]|[2, 2, 1, 2, 0, 1, 2, 0, 1, 1, 0, 0, 1, 1, 1, 2, 2, 2, 0, 0]|[0, 0, 1, 0, 3, 1, 0, 3, 1, 1, 2, 3, 1, 1, 1, 0, 1, 0, 3, 0]|[1, 0, 0, 1, 2, 1, 1, 2, 1, 0, 2, 1, 1, 1, 1, 1, 0, 0, 2, 0],296.988421206979;9817.365571067168;19155.574403716150,9817.365571067168,NOT_APPLICABLE,NOT_APPLICABLE,NOT_APPLICABLE,10
28,1,2800,G2_TEC,HISTORICAL,[2, 5, 6, 7, 14, 18, 15, 17, 16, 19, 12, 8, 1, 9, 10, 13, 4, 0, 11, 3]|[2, 0, 0, 1, 0, 2, 2, 1, 1, 0, 1, 0, 2, 1, 2, 1, 0, 1, 1, 0]|[0, 3, 2, 1, 2, 0, 0, 1, 1, 3, 1, 3, 1, 1, 0, 1, 3, 1, 1, 3]|[1, 1, 0, 1, 0, 1, 1, 1, 1, 2, 0, 2, 0, 1, 1, 1, 0, 1, 0, 1],330.617289267987;9659.804092232936;18095.287699249973,0,false,[2, 5, 6, 7, 14, 18, 15, 17, 16, 19, 12, 8, 1, 9, 10, 13, 4, 0, 11, 3]|[2, 0, 0, 1, 0, 2, 2, 1, 1, 0, 1, 0, 2, 1, 2, 1, 0, 1, 1, 0]|[0, 3, 2, 1, 2, 0, 0, 1, 1, 3, 1, 3, 1, 1, 0, 1, 3, 1, 1, 3]|[1, 1, 0, 1, 0, 1, 1, 1, 1, 2, 0, 2, 0, 1, 1, 1, 0, 1, 0, 1],330.617289267987;9659.804092232936;18095.287699249973,9659.804092232936,NOT_APPLICABLE,NOT_APPLICABLE,NOT_APPLICABLE,9
28,1,2800,G3_TWC,PREVIOUS,[2, 5, 18, 3, 17, 16, 1, 0, 9, 6, 14, 4, 15, 13, 10, 7, 8, 19, 12, 11]|[2, 2, 0, 2, 1, 2, 0, 0, 0, 0, 0, 0, 1, 1, 1, 1, 0, 2, 1, 0]|[0, 0, 1, 0, 0, 1, 2, 0, 0, 2, 2, 2, 1, 1, 1, 1, 2, 0, 1, 0]|[0, 0, 1, 1, 1, 0, 0, 0, 0, 2, 2, 2, 0, 1, 0, 1, 2, 1, 1, 0],288.505846586881;11396.687154186331;15071.058179863665,0,false,[2, 5, 18, 3, 17, 16, 1, 0, 9, 6, 14, 4, 15, 13, 10, 7, 8, 19, 12, 11]|[2, 2, 0, 2, 1, 2, 0, 0, 0, 0, 0, 0, 1, 1, 1, 1, 0, 2, 1, 0]|[0, 0, 1, 0, 0, 1, 2, 0, 0, 2, 2, 2, 1, 1, 1, 1, 2, 0, 1, 0]|[0, 0, 1, 1, 1, 0, 0, 0, 0, 2, 2, 2, 0, 1, 0, 1, 2, 1, 1, 0],288.505846586881;11396.687154186331;15071.058179863665,15071.058179863665,NOT_APPLICABLE,NOT_APPLICABLE,NOT_APPLICABLE,11
28,1,2800,G3_TWC,HISTORICAL,[18, 0, 4, 6, 7, 12, 15, 5, 13, 2, 14, 17, 3, 11, 9, 10, 8, 1, 19, 16]|[0, 0, 2, 0, 1, 1, 0, 0, 1, 2, 0, 0, 0, 2, 0, 0, 0, 2, 2, 1]|[1, 2, 0, 2, 1, 0, 2, 3, 1, 0, 2, 3, 3, 1, 3, 2, 2, 0, 0, 1]|[1, 0, 0, 2, 1, 1, 0, 2, 1, 0, 0, 1, 1, 1, 0, 2, 1, 0, 1, 1],398.640070571616;10803.038099850290;13727.971689172065,1,true,[18, 0, 4, 6, 7, 12, 13, 19, 9, 2, 16, 10, 1, 11, 3, 15, 17, 8, 5, 14]|[0, 0, 2, 0, 0, 1, 1, 2, 1, 0, 1, 2, 2, 0, 0, 0, 0, 0, 2, 0]|[1, 2, 0, 2, 3, 1, 1, 0, 1, 3, 1, 0, 0, 0, 3, 2, 3, 3, 0, 2]|[1, 0, 0, 2, 2, 1, 1, 1, 1, 1, 1, 1, 0, 0, 1, 0, 1, 2, 0, 0],366.413571281660;10378.261609339585;13349.144367350133,13349.144367350133,2800,2800,0,8
28,1,2800,G4_BALANCED,PREVIOUS,[18, 0, 4, 6, 7, 12, 15, 5, 13, 2, 14, 17, 3, 11, 9, 10, 8, 1, 19, 16]|[0, 0, 2, 0, 1, 1, 0, 0, 1, 2, 0, 0, 0, 2, 0, 0, 0, 2, 2, 1]|[1, 2, 0, 2, 1, 0, 2, 3, 1, 0, 2, 3, 3, 1, 3, 2, 2, 0, 0, 1]|[1, 0, 0, 2, 1, 1, 0, 2, 1, 0, 0, 1, 1, 1, 0, 2, 1, 0, 1, 1],398.640070571616;10803.038099850290;13727.971689172065,1,true,[18, 0, 4, 6, 7, 12, 13, 19, 9, 2, 16, 10, 1, 11, 3, 15, 17, 8, 5, 14]|[0, 0, 2, 0, 0, 1, 1, 2, 1, 0, 1, 2, 2, 0, 0, 0, 0, 0, 2, 0]|[1, 2, 0, 2, 3, 1, 1, 0, 1, 3, 1, 0, 0, 0, 3, 2, 3, 3, 0, 2]|[1, 0, 0, 2, 2, 1, 1, 1, 1, 1, 1, 1, 0, 0, 1, 0, 1, 2, 0, 0],366.413571281660;10378.261609339585;13349.144367350133,0.554489689833,2800,2800,0,16
28,1,2800,G4_BALANCED,HISTORICAL,[18, 0, 4, 6, 7, 12, 15, 5, 13, 2, 14, 17, 3, 11, 9, 10, 8, 1, 19, 16]|[0, 0, 2, 0, 1, 1, 0, 0, 1, 2, 0, 0, 0, 2, 0, 0, 0, 2, 2, 1]|[1, 2, 0, 2, 1, 0, 2, 3, 1, 0, 2, 3, 3, 1, 3, 2, 2, 0, 0, 1]|[1, 0, 0, 2, 1, 1, 0, 2, 1, 0, 0, 1, 1, 1, 0, 2, 1, 0, 1, 1],398.640070571616;10803.038099850290;13727.971689172065,1,true,[18, 0, 4, 6, 7, 12, 13, 19, 9, 2, 16, 10, 1, 11, 3, 15, 17, 8, 5, 14]|[0, 0, 2, 0, 0, 1, 1, 2, 1, 0, 1, 2, 2, 0, 0, 0, 0, 0, 2, 0]|[1, 2, 0, 2, 3, 1, 1, 0, 1, 3, 1, 0, 0, 0, 3, 2, 3, 3, 0, 2]|[1, 0, 0, 2, 2, 1, 1, 1, 1, 1, 1, 1, 0, 0, 1, 0, 1, 2, 0, 0],366.413571281660;10378.261609339585;13349.144367350133,0.554489689833,2800,2800,0,6
29,1,2900,G1_CMAX,PREVIOUS,[11, 5, 2, 10, 13, 16, 1, 0, 9, 8, 12, 6, 15, 7, 18, 3, 14, 4, 17, 19]|[0, 2, 1, 2, 1, 1, 0, 2, 1, 0, 0, 0, 1, 1, 1, 0, 0, 1, 0, 2]|[0, 0, 1, 0, 1, 1, 2, 0, 0, 3, 2, 2, 1, 1, 1, 3, 2, 1, 3, 0]|[0, 0, 1, 1, 1, 1, 0, 0, 1, 2, 2, 2, 0, 1, 1, 1, 0, 1, 2, 1],289.021876122554;9921.957432734163;17383.352466040815,0,false,[11, 5, 2, 10, 13, 16, 1, 0, 9, 8, 12, 6, 15, 7, 18, 3, 14, 4, 17, 19]|[0, 2, 1, 2, 1, 1, 0, 2, 1, 0, 0, 0, 1, 1, 1, 0, 0, 1, 0, 2]|[0, 0, 1, 0, 1, 1, 2, 0, 0, 3, 2, 2, 1, 1, 1, 3, 2, 1, 3, 0]|[0, 0, 1, 1, 1, 1, 0, 0, 1, 2, 2, 2, 0, 1, 1, 1, 0, 1, 2, 1],289.021876122554;9921.957432734163;17383.352466040815,289.021876122554,NOT_APPLICABLE,NOT_APPLICABLE,NOT_APPLICABLE,11
29,1,2900,G1_CMAX,HISTORICAL,[2, 5, 18, 3, 17, 16, 10, 19, 9, 6, 12, 11, 13, 1, 15, 4, 0, 7, 8, 14]|[2, 2, 1, 2, 2, 2, 2, 1, 0, 0, 1, 2, 1, 1, 1, 0, 2, 1, 0, 0]|[0, 1, 1, 0, 1, 1, 0, 0, 0, 2, 1, 0, 1, 1, 1, 0, 0, 1, 3, 3]|[1, 0, 0, 1, 0, 0, 1, 1, 0, 2, 1, 1, 1, 1, 0, 1, 1, 1, 2, 0],207.038652060896;10678.994280927946;18312.249608546757,0,false,[2, 5, 18, 3, 17, 16, 10, 19, 9, 6, 12, 11, 13, 1, 15, 4, 0, 7, 8, 14]|[2, 2, 1, 2, 2, 2, 2, 1, 0, 0, 1, 2, 1, 1, 1, 0, 2, 1, 0, 0]|[0, 1, 1, 0, 1, 1, 0, 0, 0, 2, 1, 0, 1, 1, 1, 0, 0, 1, 3, 3]|[1, 0, 0, 1, 0, 0, 1, 1, 0, 2, 1, 1, 1, 1, 0, 1, 1, 1, 2, 0],207.038652060896;10678.994280927946;18312.249608546757,207.038652060896,NOT_APPLICABLE,NOT_APPLICABLE,NOT_APPLICABLE,11
29,1,2900,G2_TEC,PREVIOUS,[11, 5, 2, 10, 19, 16, 1, 0, 9, 8, 12, 6, 15, 17, 3, 18, 13, 14, 7, 4]|[0, 2, 0, 2, 1, 1, 0, 2, 1, 0, 0, 0, 2, 1, 2, 1, 0, 0, 1, 1]|[0, 0, 3, 0, 1, 1, 2, 0, 1, 3, 2, 2, 0, 0, 0, 1, 3, 3, 1, 1]|[0, 0, 1, 1, 1, 1, 0, 0, 1, 2, 2, 2, 1, 1, 1, 1, 2, 0, 1, 1],314.874740317527;9793.109460617874;18027.537018156443,0,false,[11, 5, 2, 10, 19, 16, 1, 0, 9, 8, 12, 6, 15, 17, 3, 18, 13, 14, 7, 4]|[0, 2, 0, 2, 1, 1, 0, 2, 1, 0, 0, 0, 2, 1, 2, 1, 0, 0, 1, 1]|[0, 0, 3, 0, 1, 1, 2, 0, 1, 3, 2, 2, 0, 0, 0, 1, 3, 3, 1, 1]|[0, 0, 1, 1, 1, 1, 0, 0, 1, 2, 2, 2, 1, 1, 1, 1, 2, 0, 1, 1],314.874740317527;9793.109460617874;18027.537018156443,9793.109460617874,NOT_APPLICABLE,NOT_APPLICABLE,NOT_APPLICABLE,10
29,1,2900,G2_TEC,HISTORICAL,[2, 5, 6, 7, 14, 18, 15, 17, 16, 19, 12, 8, 1, 9, 10, 13, 4, 0, 11, 3]|[2, 0, 0, 1, 0, 2, 2, 1, 1, 0, 1, 0, 2, 1, 2, 1, 0, 1, 1, 0]|[0, 3, 2, 1, 2, 0, 0, 1, 1, 3, 1, 3, 1, 1, 0, 1, 3, 1, 1, 3]|[1, 1, 0, 1, 0, 1, 1, 1, 1, 2, 0, 2, 0, 1, 1, 1, 0, 1, 0, 1],330.617289267987;9659.804092232936;18095.287699249973,1,true,[11, 5, 2, 10, 13, 16, 1, 0, 9, 8, 12, 6, 15, 17, 7, 3, 4, 19, 18, 14]|[0, 2, 0, 2, 0, 1, 0, 2, 1, 0, 1, 0, 1, 0, 1, 2, 1, 2, 1, 0]|[0, 0, 3, 0, 3, 1, 2, 0, 1, 3, 1, 2, 1, 3, 1, 0, 1, 0, 1, 3]|[0, 0, 1, 1, 2, 1, 0, 0, 1, 2, 1, 2, 1, 2, 1, 1, 1, 1, 1, 0],324.504537656845;9603.207679671674;16878.932030353728,9603.207679671674,2900,2900,0,9
29,1,2900,G3_TWC,PREVIOUS,[2, 5, 6, 7, 14, 18, 15, 17, 16, 19, 8, 0, 11, 3, 9, 10, 4, 13, 12, 1]|[0, 0, 2, 2, 0, 0, 1, 1, 1, 0, 0, 1, 0, 2, 0, 2, 0, 0, 1, 2]|[3, 3, 0, 0, 2, 2, 1, 1, 1, 3, 3, 1, 0, 0, 0, 0, 3, 3, 1, 1]|[1, 1, 1, 1, 0, 0, 0, 1, 1, 2, 2, 1, 0, 1, 0, 1, 0, 2, 0, 0],414.140434851314;9985.556833915089;15173.103096019116,0,false,[2, 5, 6, 7, 14, 18, 15, 17, 16, 19, 8, 0, 11, 3, 9, 10, 4, 13, 12, 1]|[0, 0, 2, 2, 0, 0, 1, 1, 1, 0, 0, 1, 0, 2, 0, 2, 0, 0, 1, 2]|[3, 3, 0, 0, 2, 2, 1, 1, 1, 3, 3, 1, 0, 0, 0, 0, 3, 3, 1, 1]|[1, 1, 1, 1, 0, 0, 0, 1, 1, 2, 2, 1, 0, 1, 0, 1, 0, 2, 0, 0],414.140434851314;9985.556833915089;15173.103096019116,15173.103096019116,NOT_APPLICABLE,NOT_APPLICABLE,NOT_APPLICABLE,11
29,1,2900,G3_TWC,HISTORICAL,[18, 0, 4, 6, 7, 12, 13, 19, 9, 2, 16, 10, 1, 11, 3, 15, 17, 8, 5, 14]|[0, 0, 2, 0, 0, 1, 1, 2, 1, 0, 1, 2, 2, 0, 0, 0, 0, 0, 2, 0]|[1, 2, 0, 2, 3, 1, 1, 0, 1, 3, 1, 0, 0, 0, 3, 2, 3, 3, 0, 2]|[1, 0, 0, 2, 2, 1, 1, 1, 1, 1, 1, 1, 0, 0, 1, 0, 1, 2, 0, 0],366.413571281660;10378.261609339585;13349.144367350133,0,false,[18, 0, 4, 6, 7, 12, 13, 19, 9, 2, 16, 10, 1, 11, 3, 15, 17, 8, 5, 14]|[0, 0, 2, 0, 0, 1, 1, 2, 1, 0, 1, 2, 2, 0, 0, 0, 0, 0, 2, 0]|[1, 2, 0, 2, 3, 1, 1, 0, 1, 3, 1, 0, 0, 0, 3, 2, 3, 3, 0, 2]|[1, 0, 0, 2, 2, 1, 1, 1, 1, 1, 1, 1, 0, 0, 1, 0, 1, 2, 0, 0],366.413571281660;10378.261609339585;13349.144367350133,13349.144367350133,NOT_APPLICABLE,NOT_APPLICABLE,NOT_APPLICABLE,8
29,1,2900,G4_BALANCED,PREVIOUS,[18, 0, 4, 6, 7, 12, 13, 19, 9, 2, 16, 10, 1, 11, 3, 15, 17, 8, 5, 14]|[0, 0, 2, 0, 0, 1, 1, 2, 1, 0, 1, 2, 2, 0, 0, 0, 0, 0, 2, 0]|[1, 2, 0, 2, 3, 1, 1, 0, 1, 3, 1, 0, 0, 0, 3, 2, 3, 3, 0, 2]|[1, 0, 0, 2, 2, 1, 1, 1, 1, 1, 1, 1, 0, 0, 1, 0, 1, 2, 0, 0],366.413571281660;10378.261609339585;13349.144367350133,0,false,[18, 0, 4, 6, 7, 12, 13, 19, 9, 2, 16, 10, 1, 11, 3, 15, 17, 8, 5, 14]|[0, 0, 2, 0, 0, 1, 1, 2, 1, 0, 1, 2, 2, 0, 0, 0, 0, 0, 2, 0]|[1, 2, 0, 2, 3, 1, 1, 0, 1, 3, 1, 0, 0, 0, 3, 2, 3, 3, 0, 2]|[1, 0, 0, 2, 2, 1, 1, 1, 1, 1, 1, 1, 0, 0, 1, 0, 1, 2, 0, 0],366.413571281660;10378.261609339585;13349.144367350133,0.554489689833,NOT_APPLICABLE,NOT_APPLICABLE,NOT_APPLICABLE,17
29,1,2900,G4_BALANCED,HISTORICAL,[18, 0, 4, 6, 7, 12, 13, 19, 9, 2, 16, 10, 1, 11, 3, 15, 17, 8, 5, 14]|[0, 0, 2, 0, 0, 1, 1, 2, 1, 0, 1, 2, 2, 0, 0, 0, 0, 0, 2, 0]|[1, 2, 0, 2, 3, 1, 1, 0, 1, 3, 1, 0, 0, 0, 3, 2, 3, 3, 0, 2]|[1, 0, 0, 2, 2, 1, 1, 1, 1, 1, 1, 1, 0, 0, 1, 0, 1, 2, 0, 0],366.413571281660;10378.261609339585;13349.144367350133,0,false,[18, 0, 4, 6, 7, 12, 13, 19, 9, 2, 16, 10, 1, 11, 3, 15, 17, 8, 5, 14]|[0, 0, 2, 0, 0, 1, 1, 2, 1, 0, 1, 2, 2, 0, 0, 0, 0, 0, 2, 0]|[1, 2, 0, 2, 3, 1, 1, 0, 1, 3, 1, 0, 0, 0, 3, 2, 3, 3, 0, 2]|[1, 0, 0, 2, 2, 1, 1, 1, 1, 1, 1, 1, 0, 0, 1, 0, 1, 2, 0, 0],366.413571281660;10378.261609339585;13349.144367350133,0.554489689833,NOT_APPLICABLE,NOT_APPLICABLE,NOT_APPLICABLE,6
30,1,3000,G1_CMAX,PREVIOUS,[11, 5, 2, 10, 13, 16, 1, 0, 9, 8, 12, 6, 15, 7, 18, 3, 14, 4, 17, 19]|[0, 2, 1, 2, 1, 1, 0, 2, 1, 0, 0, 0, 1, 1, 1, 0, 0, 1, 0, 2]|[0, 0, 1, 0, 1, 1, 2, 0, 0, 3, 2, 2, 1, 1, 1, 3, 2, 1, 3, 0]|[0, 0, 1, 1, 1, 1, 0, 0, 1, 2, 2, 2, 0, 1, 1, 1, 0, 1, 2, 1],289.021876122554;9921.957432734163;17383.352466040815,0,false,[11, 5, 2, 10, 13, 16, 1, 0, 9, 8, 12, 6, 15, 7, 18, 3, 14, 4, 17, 19]|[0, 2, 1, 2, 1, 1, 0, 2, 1, 0, 0, 0, 1, 1, 1, 0, 0, 1, 0, 2]|[0, 0, 1, 0, 1, 1, 2, 0, 0, 3, 2, 2, 1, 1, 1, 3, 2, 1, 3, 0]|[0, 0, 1, 1, 1, 1, 0, 0, 1, 2, 2, 2, 0, 1, 1, 1, 0, 1, 2, 1],289.021876122554;9921.957432734163;17383.352466040815,289.021876122554,NOT_APPLICABLE,NOT_APPLICABLE,NOT_APPLICABLE,12
30,1,3000,G1_CMAX,HISTORICAL,[2, 5, 18, 3, 17, 16, 10, 19, 9, 6, 12, 11, 13, 1, 15, 4, 0, 7, 8, 14]|[2, 2, 1, 2, 2, 2, 2, 1, 0, 0, 1, 2, 1, 1, 1, 0, 2, 1, 0, 0]|[0, 1, 1, 0, 1, 1, 0, 0, 0, 2, 1, 0, 1, 1, 1, 0, 0, 1, 3, 3]|[1, 0, 0, 1, 0, 0, 1, 1, 0, 2, 1, 1, 1, 1, 0, 1, 1, 1, 2, 0],207.038652060896;10678.994280927946;18312.249608546757,0,false,[2, 5, 18, 3, 17, 16, 10, 19, 9, 6, 12, 11, 13, 1, 15, 4, 0, 7, 8, 14]|[2, 2, 1, 2, 2, 2, 2, 1, 0, 0, 1, 2, 1, 1, 1, 0, 2, 1, 0, 0]|[0, 1, 1, 0, 1, 1, 0, 0, 0, 2, 1, 0, 1, 1, 1, 0, 0, 1, 3, 3]|[1, 0, 0, 1, 0, 0, 1, 1, 0, 2, 1, 1, 1, 1, 0, 1, 1, 1, 2, 0],207.038652060896;10678.994280927946;18312.249608546757,207.038652060896,NOT_APPLICABLE,NOT_APPLICABLE,NOT_APPLICABLE,11
30,1,3000,G2_TEC,PREVIOUS,[2, 5, 18, 10, 13, 16, 1, 0, 11, 17, 12, 7, 15, 8, 3, 19, 14, 6, 9, 4]|[2, 2, 0, 1, 1, 1, 0, 0, 1, 0, 0, 2, 1, 0, 0, 2, 0, 2, 1, 0]|[0, 1, 3, 1, 1, 1, 2, 3, 1, 3, 2, 0, 1, 3, 3, 0, 2, 1, 1, 3]|[0, 0, 0, 1, 1, 1, 0, 1, 1, 1, 2, 1, 1, 2, 1, 1, 0, 1, 0, 0],332.811032309481;9865.029850892875;16780.804714827176,0,false,[2, 5, 18, 10, 13, 16, 1, 0, 11, 17, 12, 7, 15, 8, 3, 19, 14, 6, 9, 4]|[2, 2, 0, 1, 1, 1, 0, 0, 1, 0, 0, 2, 1, 0, 0, 2, 0, 2, 1, 0]|[0, 1, 3, 1, 1, 1, 2, 3, 1, 3, 2, 0, 1, 3, 3, 0, 2, 1, 1, 3]|[0, 0, 0, 1, 1, 1, 0, 1, 1, 1, 2, 1, 1, 2, 1, 1, 0, 1, 0, 0],332.811032309481;9865.029850892875;16780.804714827176,9865.029850892875,NOT_APPLICABLE,NOT_APPLICABLE,NOT_APPLICABLE,10
30,1,3000,G2_TEC,HISTORICAL,[11, 5, 2, 10, 13, 16, 1, 0, 9, 8, 12, 6, 15, 17, 7, 3, 4, 19, 18, 14]|[0, 2, 0, 2, 0, 1, 0, 2, 1, 0, 1, 0, 1, 0, 1, 2, 1, 2, 1, 0]|[0, 0, 3, 0, 3, 1, 2, 0, 1, 3, 1, 2, 1, 3, 1, 0, 1, 0, 1, 3]|[0, 0, 1, 1, 2, 1, 0, 0, 1, 2, 1, 2, 1, 2, 1, 1, 1, 1, 1, 0],324.504537656845;9603.207679671674;16878.932030353728,0,false,[11, 5, 2, 10, 13, 16, 1, 0, 9, 8, 12, 6, 15, 17, 7, 3, 4, 19, 18, 14]|[0, 2, 0, 2, 0, 1, 0, 2, 1, 0, 1, 0, 1, 0, 1, 2, 1, 2, 1, 0]|[0, 0, 3, 0, 3, 1, 2, 0, 1, 3, 1, 2, 1, 3, 1, 0, 1, 0, 1, 3]|[0, 0, 1, 1, 2, 1, 0, 0, 1, 2, 1, 2, 1, 2, 1, 1, 1, 1, 1, 0],324.504537656845;9603.207679671674;16878.932030353728,9603.207679671674,NOT_APPLICABLE,NOT_APPLICABLE,NOT_APPLICABLE,9
30,1,3000,G3_TWC,PREVIOUS,[18, 0, 4, 6, 7, 12, 13, 19, 9, 2, 16, 10, 1, 11, 3, 15, 17, 8, 5, 14]|[0, 0, 2, 0, 0, 1, 1, 2, 1, 0, 1, 2, 2, 0, 0, 0, 0, 0, 2, 0]|[1, 2, 0, 2, 3, 1, 1, 0, 1, 3, 1, 0, 0, 0, 3, 2, 3, 3, 0, 2]|[1, 0, 0, 2, 2, 1, 1, 1, 1, 1, 1, 1, 0, 0, 1, 0, 1, 2, 0, 0],366.413571281660;10378.261609339585;13349.144367350133,1,true,[18, 0, 4, 6, 7, 12, 1, 5, 9, 2, 14, 10, 15, 17, 8, 11, 19, 16, 13, 3]|[0, 0, 2, 0, 0, 1, 0, 2, 1, 2, 0, 2, 0, 0, 0, 0, 2, 1, 1, 0]|[1, 2, 0, 2, 3, 1, 2, 0, 1, 0, 2, 0, 2, 3, 3, 0, 0, 1, 1, 3]|[1, 0, 0, 2, 2, 1, 0, 0, 1, 1, 0, 1, 0, 1, 2, 0, 1, 1, 1, 1],343.780283759491;10336.508449413604;13207.012461859873,13207.012461859873,3000,3000,0,11
30,1,3000,G3_TWC,HISTORICAL,[18, 0, 4, 6, 7, 12, 13, 19, 9, 2, 16, 10, 1, 11, 3, 15, 17, 8, 5, 14]|[0, 0, 2, 0, 0, 1, 1, 2, 1, 0, 1, 2, 2, 0, 0, 0, 0, 0, 2, 0]|[1, 2, 0, 2, 3, 1, 1, 0, 1, 3, 1, 0, 0, 0, 3, 2, 3, 3, 0, 2]|[1, 0, 0, 2, 2, 1, 1, 1, 1, 1, 1, 1, 0, 0, 1, 0, 1, 2, 0, 0],366.413571281660;10378.261609339585;13349.144367350133,1,true,[18, 0, 4, 6, 7, 12, 1, 5, 9, 2, 14, 10, 15, 17, 8, 11, 19, 16, 13, 3]|[0, 0, 2, 0, 0, 1, 0, 2, 1, 2, 0, 2, 0, 0, 0, 0, 2, 1, 1, 0]|[1, 2, 0, 2, 3, 1, 2, 0, 1, 0, 2, 0, 2, 3, 3, 0, 0, 1, 1, 3]|[1, 0, 0, 2, 2, 1, 0, 0, 1, 1, 0, 1, 0, 1, 2, 0, 1, 1, 1, 1],343.780283759491;10336.508449413604;13207.012461859873,13207.012461859873,3000,3000,0,8
30,1,3000,G4_BALANCED,PREVIOUS,[18, 0, 4, 6, 7, 12, 13, 19, 9, 2, 16, 10, 1, 11, 3, 15, 17, 8, 5, 14]|[0, 0, 2, 0, 0, 1, 1, 2, 1, 0, 1, 2, 2, 0, 0, 0, 0, 0, 2, 0]|[1, 2, 0, 2, 3, 1, 1, 0, 1, 3, 1, 0, 0, 0, 3, 2, 3, 3, 0, 2]|[1, 0, 0, 2, 2, 1, 1, 1, 1, 1, 1, 1, 0, 0, 1, 0, 1, 2, 0, 0],366.413571281660;10378.261609339585;13349.144367350133,1,true,[18, 0, 4, 6, 7, 12, 1, 5, 9, 2, 14, 10, 15, 17, 8, 11, 19, 16, 13, 3]|[0, 0, 2, 0, 0, 1, 0, 2, 1, 2, 0, 2, 0, 0, 0, 0, 2, 1, 1, 0]|[1, 2, 0, 2, 3, 1, 2, 0, 1, 0, 2, 0, 2, 3, 3, 0, 0, 1, 1, 3]|[1, 0, 0, 2, 2, 1, 0, 0, 1, 1, 0, 1, 0, 1, 2, 0, 1, 1, 1, 1],343.780283759491;10336.508449413604;13207.012461859873,0.479079987917,3000,3000,0,18
30,1,3000,G4_BALANCED,HISTORICAL,[18, 0, 4, 6, 7, 12, 13, 19, 9, 2, 16, 10, 1, 11, 3, 15, 17, 8, 5, 14]|[0, 0, 2, 0, 0, 1, 1, 2, 1, 0, 1, 2, 2, 0, 0, 0, 0, 0, 2, 0]|[1, 2, 0, 2, 3, 1, 1, 0, 1, 3, 1, 0, 0, 0, 3, 2, 3, 3, 0, 2]|[1, 0, 0, 2, 2, 1, 1, 1, 1, 1, 1, 1, 0, 0, 1, 0, 1, 2, 0, 0],366.413571281660;10378.261609339585;13349.144367350133,1,true,[18, 0, 4, 6, 7, 12, 1, 5, 9, 2, 14, 10, 15, 17, 8, 11, 19, 16, 13, 3]|[0, 0, 2, 0, 0, 1, 0, 2, 1, 2, 0, 2, 0, 0, 0, 0, 2, 1, 1, 0]|[1, 2, 0, 2, 3, 1, 2, 0, 1, 0, 2, 0, 2, 3, 3, 0, 0, 1, 1, 3]|[1, 0, 0, 2, 2, 1, 0, 0, 1, 1, 0, 1, 0, 1, 2, 0, 1, 1, 1, 1],343.780283759491;10336.508449413604;13207.012461859873,0.479079987917,3000,3000,0,6
31,1,3100,G1_CMAX,PREVIOUS,[2, 5, 18, 3, 17, 16, 10, 19, 9, 6, 12, 11, 13, 1, 15, 4, 0, 7, 8, 14]|[2, 2, 1, 2, 2, 2, 2, 1, 0, 0, 1, 2, 1, 1, 1, 0, 2, 1, 0, 0]|[0, 1, 1, 0, 1, 1, 0, 0, 0, 2, 1, 0, 1, 1, 1, 0, 0, 1, 3, 3]|[1, 0, 0, 1, 0, 0, 1, 1, 0, 2, 1, 1, 1, 1, 0, 1, 1, 1, 2, 0],207.038652060896;10678.994280927946;18312.249608546757,0,false,[2, 5, 18, 3, 17, 16, 10, 19, 9, 6, 12, 11, 13, 1, 15, 4, 0, 7, 8, 14]|[2, 2, 1, 2, 2, 2, 2, 1, 0, 0, 1, 2, 1, 1, 1, 0, 2, 1, 0, 0]|[0, 1, 1, 0, 1, 1, 0, 0, 0, 2, 1, 0, 1, 1, 1, 0, 0, 1, 3, 3]|[1, 0, 0, 1, 0, 0, 1, 1, 0, 2, 1, 1, 1, 1, 0, 1, 1, 1, 2, 0],207.038652060896;10678.994280927946;18312.249608546757,207.038652060896,NOT_APPLICABLE,NOT_APPLICABLE,NOT_APPLICABLE,12
31,1,3100,G1_CMAX,HISTORICAL,[2, 5, 18, 3, 17, 16, 10, 19, 9, 6, 12, 11, 13, 1, 15, 4, 0, 7, 8, 14]|[2, 2, 1, 2, 2, 2, 2, 1, 0, 0, 1, 2, 1, 1, 1, 0, 2, 1, 0, 0]|[0, 1, 1, 0, 1, 1, 0, 0, 0, 2, 1, 0, 1, 1, 1, 0, 0, 1, 3, 3]|[1, 0, 0, 1, 0, 0, 1, 1, 0, 2, 1, 1, 1, 1, 0, 1, 1, 1, 2, 0],207.038652060896;10678.994280927946;18312.249608546757,0,false,[2, 5, 18, 3, 17, 16, 10, 19, 9, 6, 12, 11, 13, 1, 15, 4, 0, 7, 8, 14]|[2, 2, 1, 2, 2, 2, 2, 1, 0, 0, 1, 2, 1, 1, 1, 0, 2, 1, 0, 0]|[0, 1, 1, 0, 1, 1, 0, 0, 0, 2, 1, 0, 1, 1, 1, 0, 0, 1, 3, 3]|[1, 0, 0, 1, 0, 0, 1, 1, 0, 2, 1, 1, 1, 1, 0, 1, 1, 1, 2, 0],207.038652060896;10678.994280927946;18312.249608546757,207.038652060896,NOT_APPLICABLE,NOT_APPLICABLE,NOT_APPLICABLE,12
31,1,3100,G2_TEC,PREVIOUS,[2, 5, 18, 10, 13, 16, 1, 0, 11, 17, 12, 7, 15, 8, 3, 19, 14, 6, 9, 4]|[2, 2, 0, 1, 1, 1, 0, 0, 1, 0, 0, 2, 1, 0, 0, 2, 0, 2, 1, 0]|[0, 1, 3, 1, 1, 1, 2, 3, 1, 3, 2, 0, 1, 3, 3, 0, 2, 1, 1, 3]|[0, 0, 0, 1, 1, 1, 0, 1, 1, 1, 2, 1, 1, 2, 1, 1, 0, 1, 0, 0],332.811032309481;9865.029850892875;16780.804714827176,0,false,[2, 5, 18, 10, 13, 16, 1, 0, 11, 17, 12, 7, 15, 8, 3, 19, 14, 6, 9, 4]|[2, 2, 0, 1, 1, 1, 0, 0, 1, 0, 0, 2, 1, 0, 0, 2, 0, 2, 1, 0]|[0, 1, 3, 1, 1, 1, 2, 3, 1, 3, 2, 0, 1, 3, 3, 0, 2, 1, 1, 3]|[0, 0, 0, 1, 1, 1, 0, 1, 1, 1, 2, 1, 1, 2, 1, 1, 0, 1, 0, 0],332.811032309481;9865.029850892875;16780.804714827176,9865.029850892875,NOT_APPLICABLE,NOT_APPLICABLE,NOT_APPLICABLE,11
31,1,3100,G2_TEC,HISTORICAL,[11, 5, 2, 10, 13, 16, 1, 0, 9, 8, 12, 6, 15, 17, 7, 3, 4, 19, 18, 14]|[0, 2, 0, 2, 0, 1, 0, 2, 1, 0, 1, 0, 1, 0, 1, 2, 1, 2, 1, 0]|[0, 0, 3, 0, 3, 1, 2, 0, 1, 3, 1, 2, 1, 3, 1, 0, 1, 0, 1, 3]|[0, 0, 1, 1, 2, 1, 0, 0, 1, 2, 1, 2, 1, 2, 1, 1, 1, 1, 1, 0],324.504537656845;9603.207679671674;16878.932030353728,0,false,[11, 5, 2, 10, 13, 16, 1, 0, 9, 8, 12, 6, 15, 17, 7, 3, 4, 19, 18, 14]|[0, 2, 0, 2, 0, 1, 0, 2, 1, 0, 1, 0, 1, 0, 1, 2, 1, 2, 1, 0]|[0, 0, 3, 0, 3, 1, 2, 0, 1, 3, 1, 2, 1, 3, 1, 0, 1, 0, 1, 3]|[0, 0, 1, 1, 2, 1, 0, 0, 1, 2, 1, 2, 1, 2, 1, 1, 1, 1, 1, 0],324.504537656845;9603.207679671674;16878.932030353728,9603.207679671674,NOT_APPLICABLE,NOT_APPLICABLE,NOT_APPLICABLE,9
31,1,3100,G3_TWC,PREVIOUS,[18, 0, 4, 6, 7, 12, 1, 5, 9, 2, 14, 10, 15, 17, 8, 11, 19, 16, 13, 3]|[0, 0, 2, 0, 0, 1, 0, 2, 1, 2, 0, 2, 0, 0, 0, 0, 2, 1, 1, 0]|[1, 2, 0, 2, 3, 1, 2, 0, 1, 0, 2, 0, 2, 3, 3, 0, 0, 1, 1, 3]|[1, 0, 0, 2, 2, 1, 0, 0, 1, 1, 0, 1, 0, 1, 2, 0, 1, 1, 1, 1],343.780283759491;10336.508449413604;13207.012461859873,0,false,[18, 0, 4, 6, 7, 12, 1, 5, 9, 2, 14, 10, 15, 17, 8, 11, 19, 16, 13, 3]|[0, 0, 2, 0, 0, 1, 0, 2, 1, 2, 0, 2, 0, 0, 0, 0, 2, 1, 1, 0]|[1, 2, 0, 2, 3, 1, 2, 0, 1, 0, 2, 0, 2, 3, 3, 0, 0, 1, 1, 3]|[1, 0, 0, 2, 2, 1, 0, 0, 1, 1, 0, 1, 0, 1, 2, 0, 1, 1, 1, 1],343.780283759491;10336.508449413604;13207.012461859873,13207.012461859873,NOT_APPLICABLE,NOT_APPLICABLE,NOT_APPLICABLE,11
31,1,3100,G3_TWC,HISTORICAL,[18, 0, 4, 6, 7, 12, 1, 5, 9, 2, 14, 10, 15, 17, 8, 11, 19, 16, 13, 3]|[0, 0, 2, 0, 0, 1, 0, 2, 1, 2, 0, 2, 0, 0, 0, 0, 2, 1, 1, 0]|[1, 2, 0, 2, 3, 1, 2, 0, 1, 0, 2, 0, 2, 3, 3, 0, 0, 1, 1, 3]|[1, 0, 0, 2, 2, 1, 0, 0, 1, 1, 0, 1, 0, 1, 2, 0, 1, 1, 1, 1],343.780283759491;10336.508449413604;13207.012461859873,0,false,[18, 0, 4, 6, 7, 12, 1, 5, 9, 2, 14, 10, 15, 17, 8, 11, 19, 16, 13, 3]|[0, 0, 2, 0, 0, 1, 0, 2, 1, 2, 0, 2, 0, 0, 0, 0, 2, 1, 1, 0]|[1, 2, 0, 2, 3, 1, 2, 0, 1, 0, 2, 0, 2, 3, 3, 0, 0, 1, 1, 3]|[1, 0, 0, 2, 2, 1, 0, 0, 1, 1, 0, 1, 0, 1, 2, 0, 1, 1, 1, 1],343.780283759491;10336.508449413604;13207.012461859873,13207.012461859873,NOT_APPLICABLE,NOT_APPLICABLE,NOT_APPLICABLE,9
31,1,3100,G4_BALANCED,PREVIOUS,[18, 0, 4, 6, 7, 12, 1, 5, 9, 2, 14, 10, 15, 17, 8, 11, 19, 16, 13, 3]|[0, 0, 2, 0, 0, 1, 0, 2, 1, 2, 0, 2, 0, 0, 0, 0, 2, 1, 1, 0]|[1, 2, 0, 2, 3, 1, 2, 0, 1, 0, 2, 0, 2, 3, 3, 0, 0, 1, 1, 3]|[1, 0, 0, 2, 2, 1, 0, 0, 1, 1, 0, 1, 0, 1, 2, 0, 1, 1, 1, 1],343.780283759491;10336.508449413604;13207.012461859873,0,false,[18, 0, 4, 6, 7, 12, 1, 5, 9, 2, 14, 10, 15, 17, 8, 11, 19, 16, 13, 3]|[0, 0, 2, 0, 0, 1, 0, 2, 1, 2, 0, 2, 0, 0, 0, 0, 2, 1, 1, 0]|[1, 2, 0, 2, 3, 1, 2, 0, 1, 0, 2, 0, 2, 3, 3, 0, 0, 1, 1, 3]|[1, 0, 0, 2, 2, 1, 0, 0, 1, 1, 0, 1, 0, 1, 2, 0, 1, 1, 1, 1],343.780283759491;10336.508449413604;13207.012461859873,0.479079987917,NOT_APPLICABLE,NOT_APPLICABLE,NOT_APPLICABLE,19
31,1,3100,G4_BALANCED,HISTORICAL,[18, 0, 4, 6, 7, 12, 1, 5, 9, 2, 14, 10, 15, 17, 8, 11, 19, 16, 13, 3]|[0, 0, 2, 0, 0, 1, 0, 2, 1, 2, 0, 2, 0, 0, 0, 0, 2, 1, 1, 0]|[1, 2, 0, 2, 3, 1, 2, 0, 1, 0, 2, 0, 2, 3, 3, 0, 0, 1, 1, 3]|[1, 0, 0, 2, 2, 1, 0, 0, 1, 1, 0, 1, 0, 1, 2, 0, 1, 1, 1, 1],343.780283759491;10336.508449413604;13207.012461859873,0,false,[18, 0, 4, 6, 7, 12, 1, 5, 9, 2, 14, 10, 15, 17, 8, 11, 19, 16, 13, 3]|[0, 0, 2, 0, 0, 1, 0, 2, 1, 2, 0, 2, 0, 0, 0, 0, 2, 1, 1, 0]|[1, 2, 0, 2, 3, 1, 2, 0, 1, 0, 2, 0, 2, 3, 3, 0, 0, 1, 1, 3]|[1, 0, 0, 2, 2, 1, 0, 0, 1, 1, 0, 1, 0, 1, 2, 0, 1, 1, 1, 1],343.780283759491;10336.508449413604;13207.012461859873,0.479079987917,NOT_APPLICABLE,NOT_APPLICABLE,NOT_APPLICABLE,6
32,1,3200,G1_CMAX,PREVIOUS,[2, 5, 18, 3, 17, 16, 10, 19, 9, 6, 12, 11, 13, 1, 15, 4, 0, 7, 8, 14]|[2, 2, 1, 2, 2, 2, 2, 1, 0, 0, 1, 2, 1, 1, 1, 0, 2, 1, 0, 0]|[0, 1, 1, 0, 1, 1, 0, 0, 0, 2, 1, 0, 1, 1, 1, 0, 0, 1, 3, 3]|[1, 0, 0, 1, 0, 0, 1, 1, 0, 2, 1, 1, 1, 1, 0, 1, 1, 1, 2, 0],207.038652060896;10678.994280927946;18312.249608546757,0,false,[2, 5, 18, 3, 17, 16, 10, 19, 9, 6, 12, 11, 13, 1, 15, 4, 0, 7, 8, 14]|[2, 2, 1, 2, 2, 2, 2, 1, 0, 0, 1, 2, 1, 1, 1, 0, 2, 1, 0, 0]|[0, 1, 1, 0, 1, 1, 0, 0, 0, 2, 1, 0, 1, 1, 1, 0, 0, 1, 3, 3]|[1, 0, 0, 1, 0, 0, 1, 1, 0, 2, 1, 1, 1, 1, 0, 1, 1, 1, 2, 0],207.038652060896;10678.994280927946;18312.249608546757,207.038652060896,NOT_APPLICABLE,NOT_APPLICABLE,NOT_APPLICABLE,12
32,1,3200,G1_CMAX,HISTORICAL,[2, 5, 18, 3, 17, 16, 10, 19, 9, 6, 12, 11, 13, 1, 15, 4, 0, 7, 8, 14]|[2, 2, 1, 2, 2, 2, 2, 1, 0, 0, 1, 2, 1, 1, 1, 0, 2, 1, 0, 0]|[0, 1, 1, 0, 1, 1, 0, 0, 0, 2, 1, 0, 1, 1, 1, 0, 0, 1, 3, 3]|[1, 0, 0, 1, 0, 0, 1, 1, 0, 2, 1, 1, 1, 1, 0, 1, 1, 1, 2, 0],207.038652060896;10678.994280927946;18312.249608546757,0,false,[2, 5, 18, 3, 17, 16, 10, 19, 9, 6, 12, 11, 13, 1, 15, 4, 0, 7, 8, 14]|[2, 2, 1, 2, 2, 2, 2, 1, 0, 0, 1, 2, 1, 1, 1, 0, 2, 1, 0, 0]|[0, 1, 1, 0, 1, 1, 0, 0, 0, 2, 1, 0, 1, 1, 1, 0, 0, 1, 3, 3]|[1, 0, 0, 1, 0, 0, 1, 1, 0, 2, 1, 1, 1, 1, 0, 1, 1, 1, 2, 0],207.038652060896;10678.994280927946;18312.249608546757,207.038652060896,NOT_APPLICABLE,NOT_APPLICABLE,NOT_APPLICABLE,13
32,1,3200,G2_TEC,PREVIOUS,[11, 5, 2, 10, 13, 16, 1, 0, 9, 8, 12, 6, 15, 17, 7, 3, 4, 19, 18, 14]|[0, 2, 0, 2, 0, 1, 0, 2, 1, 0, 1, 0, 1, 0, 1, 2, 1, 2, 1, 0]|[0, 0, 3, 0, 3, 1, 2, 0, 1, 3, 1, 2, 1, 3, 1, 0, 1, 0, 1, 3]|[0, 0, 1, 1, 2, 1, 0, 0, 1, 2, 1, 2, 1, 2, 1, 1, 1, 1, 1, 0],324.504537656845;9603.207679671674;16878.932030353728,0,false,[11, 5, 2, 10, 13, 16, 1, 0, 9, 8, 12, 6, 15, 17, 7, 3, 4, 19, 18, 14]|[0, 2, 0, 2, 0, 1, 0, 2, 1, 0, 1, 0, 1, 0, 1, 2, 1, 2, 1, 0]|[0, 0, 3, 0, 3, 1, 2, 0, 1, 3, 1, 2, 1, 3, 1, 0, 1, 0, 1, 3]|[0, 0, 1, 1, 2, 1, 0, 0, 1, 2, 1, 2, 1, 2, 1, 1, 1, 1, 1, 0],324.504537656845;9603.207679671674;16878.932030353728,9603.207679671674,NOT_APPLICABLE,NOT_APPLICABLE,NOT_APPLICABLE,11
32,1,3200,G2_TEC,HISTORICAL,[11, 5, 2, 10, 13, 16, 1, 0, 9, 8, 12, 6, 15, 17, 7, 3, 4, 19, 18, 14]|[0, 2, 0, 2, 0, 1, 0, 2, 1, 0, 1, 0, 1, 0, 1, 2, 1, 2, 1, 0]|[0, 0, 3, 0, 3, 1, 2, 0, 1, 3, 1, 2, 1, 3, 1, 0, 1, 0, 1, 3]|[0, 0, 1, 1, 2, 1, 0, 0, 1, 2, 1, 2, 1, 2, 1, 1, 1, 1, 1, 0],324.504537656845;9603.207679671674;16878.932030353728,0,false,[11, 5, 2, 10, 13, 16, 1, 0, 9, 8, 12, 6, 15, 17, 7, 3, 4, 19, 18, 14]|[0, 2, 0, 2, 0, 1, 0, 2, 1, 0, 1, 0, 1, 0, 1, 2, 1, 2, 1, 0]|[0, 0, 3, 0, 3, 1, 2, 0, 1, 3, 1, 2, 1, 3, 1, 0, 1, 0, 1, 3]|[0, 0, 1, 1, 2, 1, 0, 0, 1, 2, 1, 2, 1, 2, 1, 1, 1, 1, 1, 0],324.504537656845;9603.207679671674;16878.932030353728,9603.207679671674,NOT_APPLICABLE,NOT_APPLICABLE,NOT_APPLICABLE,10
32,1,3200,G3_TWC,PREVIOUS,[18, 0, 4, 6, 7, 12, 1, 5, 9, 2, 14, 10, 15, 17, 8, 11, 19, 16, 13, 3]|[0, 0, 2, 0, 0, 1, 0, 2, 1, 2, 0, 2, 0, 0, 0, 0, 2, 1, 1, 0]|[1, 2, 0, 2, 3, 1, 2, 0, 1, 0, 2, 0, 2, 3, 3, 0, 0, 1, 1, 3]|[1, 0, 0, 2, 2, 1, 0, 0, 1, 1, 0, 1, 0, 1, 2, 0, 1, 1, 1, 1],343.780283759491;10336.508449413604;13207.012461859873,0,false,[18, 0, 4, 6, 7, 12, 1, 5, 9, 2, 14, 10, 15, 17, 8, 11, 19, 16, 13, 3]|[0, 0, 2, 0, 0, 1, 0, 2, 1, 2, 0, 2, 0, 0, 0, 0, 2, 1, 1, 0]|[1, 2, 0, 2, 3, 1, 2, 0, 1, 0, 2, 0, 2, 3, 3, 0, 0, 1, 1, 3]|[1, 0, 0, 2, 2, 1, 0, 0, 1, 1, 0, 1, 0, 1, 2, 0, 1, 1, 1, 1],343.780283759491;10336.508449413604;13207.012461859873,13207.012461859873,NOT_APPLICABLE,NOT_APPLICABLE,NOT_APPLICABLE,12
32,1,3200,G3_TWC,HISTORICAL,[18, 0, 4, 6, 7, 12, 1, 5, 9, 2, 14, 10, 15, 17, 8, 11, 19, 16, 13, 3]|[0, 0, 2, 0, 0, 1, 0, 2, 1, 2, 0, 2, 0, 0, 0, 0, 2, 1, 1, 0]|[1, 2, 0, 2, 3, 1, 2, 0, 1, 0, 2, 0, 2, 3, 3, 0, 0, 1, 1, 3]|[1, 0, 0, 2, 2, 1, 0, 0, 1, 1, 0, 1, 0, 1, 2, 0, 1, 1, 1, 1],343.780283759491;10336.508449413604;13207.012461859873,0,false,[18, 0, 4, 6, 7, 12, 1, 5, 9, 2, 14, 10, 15, 17, 8, 11, 19, 16, 13, 3]|[0, 0, 2, 0, 0, 1, 0, 2, 1, 2, 0, 2, 0, 0, 0, 0, 2, 1, 1, 0]|[1, 2, 0, 2, 3, 1, 2, 0, 1, 0, 2, 0, 2, 3, 3, 0, 0, 1, 1, 3]|[1, 0, 0, 2, 2, 1, 0, 0, 1, 1, 0, 1, 0, 1, 2, 0, 1, 1, 1, 1],343.780283759491;10336.508449413604;13207.012461859873,13207.012461859873,NOT_APPLICABLE,NOT_APPLICABLE,NOT_APPLICABLE,9
32,1,3200,G4_BALANCED,PREVIOUS,[18, 0, 4, 6, 7, 12, 1, 5, 9, 2, 14, 10, 15, 17, 8, 11, 19, 16, 13, 3]|[0, 0, 2, 0, 0, 1, 0, 2, 1, 2, 0, 2, 0, 0, 0, 0, 2, 1, 1, 0]|[1, 2, 0, 2, 3, 1, 2, 0, 1, 0, 2, 0, 2, 3, 3, 0, 0, 1, 1, 3]|[1, 0, 0, 2, 2, 1, 0, 0, 1, 1, 0, 1, 0, 1, 2, 0, 1, 1, 1, 1],343.780283759491;10336.508449413604;13207.012461859873,0,false,[18, 0, 4, 6, 7, 12, 1, 5, 9, 2, 14, 10, 15, 17, 8, 11, 19, 16, 13, 3]|[0, 0, 2, 0, 0, 1, 0, 2, 1, 2, 0, 2, 0, 0, 0, 0, 2, 1, 1, 0]|[1, 2, 0, 2, 3, 1, 2, 0, 1, 0, 2, 0, 2, 3, 3, 0, 0, 1, 1, 3]|[1, 0, 0, 2, 2, 1, 0, 0, 1, 1, 0, 1, 0, 1, 2, 0, 1, 1, 1, 1],343.780283759491;10336.508449413604;13207.012461859873,0.479079987917,NOT_APPLICABLE,NOT_APPLICABLE,NOT_APPLICABLE,20
32,1,3200,G4_BALANCED,HISTORICAL,[18, 0, 4, 6, 7, 12, 1, 5, 9, 2, 14, 10, 15, 17, 8, 11, 19, 16, 13, 3]|[0, 0, 2, 0, 0, 1, 0, 2, 1, 2, 0, 2, 0, 0, 0, 0, 2, 1, 1, 0]|[1, 2, 0, 2, 3, 1, 2, 0, 1, 0, 2, 0, 2, 3, 3, 0, 0, 1, 1, 3]|[1, 0, 0, 2, 2, 1, 0, 0, 1, 1, 0, 1, 0, 1, 2, 0, 1, 1, 1, 1],343.780283759491;10336.508449413604;13207.012461859873,0,false,[18, 0, 4, 6, 7, 12, 1, 5, 9, 2, 14, 10, 15, 17, 8, 11, 19, 16, 13, 3]|[0, 0, 2, 0, 0, 1, 0, 2, 1, 2, 0, 2, 0, 0, 0, 0, 2, 1, 1, 0]|[1, 2, 0, 2, 3, 1, 2, 0, 1, 0, 2, 0, 2, 3, 3, 0, 0, 1, 1, 3]|[1, 0, 0, 2, 2, 1, 0, 0, 1, 1, 0, 1, 0, 1, 2, 0, 1, 1, 1, 1],343.780283759491;10336.508449413604;13207.012461859873,0.479079987917,NOT_APPLICABLE,NOT_APPLICABLE,NOT_APPLICABLE,6
33,1,3300,G1_CMAX,PREVIOUS,[2, 5, 18, 3, 17, 16, 10, 19, 9, 6, 12, 11, 13, 1, 15, 4, 0, 7, 8, 14]|[2, 2, 1, 2, 2, 2, 2, 1, 0, 0, 1, 2, 1, 1, 1, 0, 2, 1, 0, 0]|[0, 1, 1, 0, 1, 1, 0, 0, 0, 2, 1, 0, 1, 1, 1, 0, 0, 1, 3, 3]|[1, 0, 0, 1, 0, 0, 1, 1, 0, 2, 1, 1, 1, 1, 0, 1, 1, 1, 2, 0],207.038652060896;10678.994280927946;18312.249608546757,0,false,[2, 5, 18, 3, 17, 16, 10, 19, 9, 6, 12, 11, 13, 1, 15, 4, 0, 7, 8, 14]|[2, 2, 1, 2, 2, 2, 2, 1, 0, 0, 1, 2, 1, 1, 1, 0, 2, 1, 0, 0]|[0, 1, 1, 0, 1, 1, 0, 0, 0, 2, 1, 0, 1, 1, 1, 0, 0, 1, 3, 3]|[1, 0, 0, 1, 0, 0, 1, 1, 0, 2, 1, 1, 1, 1, 0, 1, 1, 1, 2, 0],207.038652060896;10678.994280927946;18312.249608546757,207.038652060896,NOT_APPLICABLE,NOT_APPLICABLE,NOT_APPLICABLE,12
33,1,3300,G1_CMAX,HISTORICAL,[2, 5, 18, 3, 17, 16, 10, 19, 9, 6, 12, 11, 13, 1, 15, 4, 0, 7, 8, 14]|[2, 2, 1, 2, 2, 2, 2, 1, 0, 0, 1, 2, 1, 1, 1, 0, 2, 1, 0, 0]|[0, 1, 1, 0, 1, 1, 0, 0, 0, 2, 1, 0, 1, 1, 1, 0, 0, 1, 3, 3]|[1, 0, 0, 1, 0, 0, 1, 1, 0, 2, 1, 1, 1, 1, 0, 1, 1, 1, 2, 0],207.038652060896;10678.994280927946;18312.249608546757,0,false,[2, 5, 18, 3, 17, 16, 10, 19, 9, 6, 12, 11, 13, 1, 15, 4, 0, 7, 8, 14]|[2, 2, 1, 2, 2, 2, 2, 1, 0, 0, 1, 2, 1, 1, 1, 0, 2, 1, 0, 0]|[0, 1, 1, 0, 1, 1, 0, 0, 0, 2, 1, 0, 1, 1, 1, 0, 0, 1, 3, 3]|[1, 0, 0, 1, 0, 0, 1, 1, 0, 2, 1, 1, 1, 1, 0, 1, 1, 1, 2, 0],207.038652060896;10678.994280927946;18312.249608546757,207.038652060896,NOT_APPLICABLE,NOT_APPLICABLE,NOT_APPLICABLE,14
33,1,3300,G2_TEC,PREVIOUS,[11, 5, 2, 10, 13, 16, 1, 0, 9, 8, 12, 6, 15, 17, 7, 3, 4, 19, 18, 14]|[0, 2, 0, 2, 0, 1, 0, 2, 1, 0, 1, 0, 1, 0, 1, 2, 1, 2, 1, 0]|[0, 0, 3, 0, 3, 1, 2, 0, 1, 3, 1, 2, 1, 3, 1, 0, 1, 0, 1, 3]|[0, 0, 1, 1, 2, 1, 0, 0, 1, 2, 1, 2, 1, 2, 1, 1, 1, 1, 1, 0],324.504537656845;9603.207679671674;16878.932030353728,0,false,[11, 5, 2, 10, 13, 16, 1, 0, 9, 8, 12, 6, 15, 17, 7, 3, 4, 19, 18, 14]|[0, 2, 0, 2, 0, 1, 0, 2, 1, 0, 1, 0, 1, 0, 1, 2, 1, 2, 1, 0]|[0, 0, 3, 0, 3, 1, 2, 0, 1, 3, 1, 2, 1, 3, 1, 0, 1, 0, 1, 3]|[0, 0, 1, 1, 2, 1, 0, 0, 1, 2, 1, 2, 1, 2, 1, 1, 1, 1, 1, 0],324.504537656845;9603.207679671674;16878.932030353728,9603.207679671674,NOT_APPLICABLE,NOT_APPLICABLE,NOT_APPLICABLE,11
33,1,3300,G2_TEC,HISTORICAL,[11, 5, 2, 10, 13, 16, 1, 0, 9, 8, 12, 6, 15, 17, 7, 3, 4, 19, 18, 14]|[0, 2, 0, 2, 0, 1, 0, 2, 1, 0, 1, 0, 1, 0, 1, 2, 1, 2, 1, 0]|[0, 0, 3, 0, 3, 1, 2, 0, 1, 3, 1, 2, 1, 3, 1, 0, 1, 0, 1, 3]|[0, 0, 1, 1, 2, 1, 0, 0, 1, 2, 1, 2, 1, 2, 1, 1, 1, 1, 1, 0],324.504537656845;9603.207679671674;16878.932030353728,0,false,[11, 5, 2, 10, 13, 16, 1, 0, 9, 8, 12, 6, 15, 17, 7, 3, 4, 19, 18, 14]|[0, 2, 0, 2, 0, 1, 0, 2, 1, 0, 1, 0, 1, 0, 1, 2, 1, 2, 1, 0]|[0, 0, 3, 0, 3, 1, 2, 0, 1, 3, 1, 2, 1, 3, 1, 0, 1, 0, 1, 3]|[0, 0, 1, 1, 2, 1, 0, 0, 1, 2, 1, 2, 1, 2, 1, 1, 1, 1, 1, 0],324.504537656845;9603.207679671674;16878.932030353728,9603.207679671674,NOT_APPLICABLE,NOT_APPLICABLE,NOT_APPLICABLE,11
33,1,3300,G3_TWC,PREVIOUS,[18, 0, 4, 6, 7, 12, 1, 5, 9, 2, 14, 10, 15, 17, 8, 11, 19, 16, 13, 3]|[0, 0, 2, 0, 0, 1, 0, 2, 1, 2, 0, 2, 0, 0, 0, 0, 2, 1, 1, 0]|[1, 2, 0, 2, 3, 1, 2, 0, 1, 0, 2, 0, 2, 3, 3, 0, 0, 1, 1, 3]|[1, 0, 0, 2, 2, 1, 0, 0, 1, 1, 0, 1, 0, 1, 2, 0, 1, 1, 1, 1],343.780283759491;10336.508449413604;13207.012461859873,0,false,[18, 0, 4, 6, 7, 12, 1, 5, 9, 2, 14, 10, 15, 17, 8, 11, 19, 16, 13, 3]|[0, 0, 2, 0, 0, 1, 0, 2, 1, 2, 0, 2, 0, 0, 0, 0, 2, 1, 1, 0]|[1, 2, 0, 2, 3, 1, 2, 0, 1, 0, 2, 0, 2, 3, 3, 0, 0, 1, 1, 3]|[1, 0, 0, 2, 2, 1, 0, 0, 1, 1, 0, 1, 0, 1, 2, 0, 1, 1, 1, 1],343.780283759491;10336.508449413604;13207.012461859873,13207.012461859873,NOT_APPLICABLE,NOT_APPLICABLE,NOT_APPLICABLE,12
33,1,3300,G3_TWC,HISTORICAL,[18, 0, 4, 6, 7, 12, 1, 5, 9, 2, 14, 10, 15, 17, 8, 11, 19, 16, 13, 3]|[0, 0, 2, 0, 0, 1, 0, 2, 1, 2, 0, 2, 0, 0, 0, 0, 2, 1, 1, 0]|[1, 2, 0, 2, 3, 1, 2, 0, 1, 0, 2, 0, 2, 3, 3, 0, 0, 1, 1, 3]|[1, 0, 0, 2, 2, 1, 0, 0, 1, 1, 0, 1, 0, 1, 2, 0, 1, 1, 1, 1],343.780283759491;10336.508449413604;13207.012461859873,0,false,[18, 0, 4, 6, 7, 12, 1, 5, 9, 2, 14, 10, 15, 17, 8, 11, 19, 16, 13, 3]|[0, 0, 2, 0, 0, 1, 0, 2, 1, 2, 0, 2, 0, 0, 0, 0, 2, 1, 1, 0]|[1, 2, 0, 2, 3, 1, 2, 0, 1, 0, 2, 0, 2, 3, 3, 0, 0, 1, 1, 3]|[1, 0, 0, 2, 2, 1, 0, 0, 1, 1, 0, 1, 0, 1, 2, 0, 1, 1, 1, 1],343.780283759491;10336.508449413604;13207.012461859873,13207.012461859873,NOT_APPLICABLE,NOT_APPLICABLE,NOT_APPLICABLE,10
33,1,3300,G4_BALANCED,PREVIOUS,[18, 0, 4, 6, 7, 12, 1, 5, 9, 2, 14, 10, 15, 17, 8, 11, 19, 16, 13, 3]|[0, 0, 2, 0, 0, 1, 0, 2, 1, 2, 0, 2, 0, 0, 0, 0, 2, 1, 1, 0]|[1, 2, 0, 2, 3, 1, 2, 0, 1, 0, 2, 0, 2, 3, 3, 0, 0, 1, 1, 3]|[1, 0, 0, 2, 2, 1, 0, 0, 1, 1, 0, 1, 0, 1, 2, 0, 1, 1, 1, 1],343.780283759491;10336.508449413604;13207.012461859873,0,false,[18, 0, 4, 6, 7, 12, 1, 5, 9, 2, 14, 10, 15, 17, 8, 11, 19, 16, 13, 3]|[0, 0, 2, 0, 0, 1, 0, 2, 1, 2, 0, 2, 0, 0, 0, 0, 2, 1, 1, 0]|[1, 2, 0, 2, 3, 1, 2, 0, 1, 0, 2, 0, 2, 3, 3, 0, 0, 1, 1, 3]|[1, 0, 0, 2, 2, 1, 0, 0, 1, 1, 0, 1, 0, 1, 2, 0, 1, 1, 1, 1],343.780283759491;10336.508449413604;13207.012461859873,0.479079987917,NOT_APPLICABLE,NOT_APPLICABLE,NOT_APPLICABLE,21
33,1,3300,G4_BALANCED,HISTORICAL,[18, 0, 4, 6, 7, 12, 1, 5, 9, 2, 14, 10, 15, 17, 8, 11, 19, 16, 13, 3]|[0, 0, 2, 0, 0, 1, 0, 2, 1, 2, 0, 2, 0, 0, 0, 0, 2, 1, 1, 0]|[1, 2, 0, 2, 3, 1, 2, 0, 1, 0, 2, 0, 2, 3, 3, 0, 0, 1, 1, 3]|[1, 0, 0, 2, 2, 1, 0, 0, 1, 1, 0, 1, 0, 1, 2, 0, 1, 1, 1, 1],343.780283759491;10336.508449413604;13207.012461859873,0,false,[18, 0, 4, 6, 7, 12, 1, 5, 9, 2, 14, 10, 15, 17, 8, 11, 19, 16, 13, 3]|[0, 0, 2, 0, 0, 1, 0, 2, 1, 2, 0, 2, 0, 0, 0, 0, 2, 1, 1, 0]|[1, 2, 0, 2, 3, 1, 2, 0, 1, 0, 2, 0, 2, 3, 3, 0, 0, 1, 1, 3]|[1, 0, 0, 2, 2, 1, 0, 0, 1, 1, 0, 1, 0, 1, 2, 0, 1, 1, 1, 1],343.780283759491;10336.508449413604;13207.012461859873,0.479079987917,NOT_APPLICABLE,NOT_APPLICABLE,NOT_APPLICABLE,6
34,1,3400,G1_CMAX,PREVIOUS,[11, 5, 2, 10, 13, 16, 1, 0, 4, 9, 12, 6, 15, 17, 7, 3, 18, 19, 8, 14]|[0, 2, 2, 2, 1, 1, 0, 2, 1, 1, 1, 0, 1, 1, 0, 0, 1, 2, 0, 0]|[0, 0, 0, 0, 1, 1, 2, 0, 1, 1, 1, 2, 1, 0, 3, 3, 1, 0, 3, 3]|[0, 0, 0, 1, 1, 1, 0, 0, 1, 1, 1, 2, 1, 1, 2, 1, 1, 1, 2, 0],316.602406038414;9524.469313746560;18365.514405899627,0,false,[11, 5, 2, 10, 13, 16, 1, 0, 4, 9, 12, 6, 15, 17, 7, 3, 18, 19, 8, 14]|[0, 2, 2, 2, 1, 1, 0, 2, 1, 1, 1, 0, 1, 1, 0, 0, 1, 2, 0, 0]|[0, 0, 0, 0, 1, 1, 2, 0, 1, 1, 1, 2, 1, 0, 3, 3, 1, 0, 3, 3]|[0, 0, 0, 1, 1, 1, 0, 0, 1, 1, 1, 2, 1, 1, 2, 1, 1, 1, 2, 0],316.602406038414;9524.469313746560;18365.514405899627,316.602406038414,NOT_APPLICABLE,NOT_APPLICABLE,NOT_APPLICABLE,12
34,1,3400,G1_CMAX,HISTORICAL,[2, 5, 18, 3, 17, 16, 10, 19, 9, 6, 12, 11, 13, 1, 15, 4, 0, 7, 8, 14]|[2, 2, 1, 2, 2, 2, 2, 1, 0, 0, 1, 2, 1, 1, 1, 0, 2, 1, 0, 0]|[0, 1, 1, 0, 1, 1, 0, 0, 0, 2, 1, 0, 1, 1, 1, 0, 0, 1, 3, 3]|[1, 0, 0, 1, 0, 0, 1, 1, 0, 2, 1, 1, 1, 1, 0, 1, 1, 1, 2, 0],207.038652060896;10678.994280927946;18312.249608546757,0,false,[2, 5, 18, 3, 17, 16, 10, 19, 9, 6, 12, 11, 13, 1, 15, 4, 0, 7, 8, 14]|[2, 2, 1, 2, 2, 2, 2, 1, 0, 0, 1, 2, 1, 1, 1, 0, 2, 1, 0, 0]|[0, 1, 1, 0, 1, 1, 0, 0, 0, 2, 1, 0, 1, 1, 1, 0, 0, 1, 3, 3]|[1, 0, 0, 1, 0, 0, 1, 1, 0, 2, 1, 1, 1, 1, 0, 1, 1, 1, 2, 0],207.038652060896;10678.994280927946;18312.249608546757,207.038652060896,NOT_APPLICABLE,NOT_APPLICABLE,NOT_APPLICABLE,14
34,1,3400,G2_TEC,PREVIOUS,[11, 5, 2, 10, 13, 16, 1, 0, 9, 8, 12, 6, 15, 17, 7, 3, 4, 19, 18, 14]|[0, 2, 0, 2, 0, 1, 0, 2, 1, 0, 1, 0, 1, 0, 1, 2, 1, 2, 1, 0]|[0, 0, 3, 0, 3, 1, 2, 0, 1, 3, 1, 2, 1, 3, 1, 0, 1, 0, 1, 3]|[0, 0, 1, 1, 2, 1, 0, 0, 1, 2, 1, 2, 1, 2, 1, 1, 1, 1, 1, 0],324.504537656845;9603.207679671674;16878.932030353728,0,false,[11, 5, 2, 10, 13, 16, 1, 0, 9, 8, 12, 6, 15, 17, 7, 3, 4, 19, 18, 14]|[0, 2, 0, 2, 0, 1, 0, 2, 1, 0, 1, 0, 1, 0, 1, 2, 1, 2, 1, 0]|[0, 0, 3, 0, 3, 1, 2, 0, 1, 3, 1, 2, 1, 3, 1, 0, 1, 0, 1, 3]|[0, 0, 1, 1, 2, 1, 0, 0, 1, 2, 1, 2, 1, 2, 1, 1, 1, 1, 1, 0],324.504537656845;9603.207679671674;16878.932030353728,9603.207679671674,NOT_APPLICABLE,NOT_APPLICABLE,NOT_APPLICABLE,11
34,1,3400,G2_TEC,HISTORICAL,[11, 5, 2, 10, 13, 16, 1, 0, 9, 8, 12, 6, 15, 17, 7, 3, 4, 19, 18, 14]|[0, 2, 0, 2, 0, 1, 0, 2, 1, 0, 1, 0, 1, 0, 1, 2, 1, 2, 1, 0]|[0, 0, 3, 0, 3, 1, 2, 0, 1, 3, 1, 2, 1, 3, 1, 0, 1, 0, 1, 3]|[0, 0, 1, 1, 2, 1, 0, 0, 1, 2, 1, 2, 1, 2, 1, 1, 1, 1, 1, 0],324.504537656845;9603.207679671674;16878.932030353728,0,false,[11, 5, 2, 10, 13, 16, 1, 0, 9, 8, 12, 6, 15, 17, 7, 3, 4, 19, 18, 14]|[0, 2, 0, 2, 0, 1, 0, 2, 1, 0, 1, 0, 1, 0, 1, 2, 1, 2, 1, 0]|[0, 0, 3, 0, 3, 1, 2, 0, 1, 3, 1, 2, 1, 3, 1, 0, 1, 0, 1, 3]|[0, 0, 1, 1, 2, 1, 0, 0, 1, 2, 1, 2, 1, 2, 1, 1, 1, 1, 1, 0],324.504537656845;9603.207679671674;16878.932030353728,9603.207679671674,NOT_APPLICABLE,NOT_APPLICABLE,NOT_APPLICABLE,12
34,1,3400,G3_TWC,PREVIOUS,[18, 0, 4, 6, 7, 12, 1, 5, 9, 2, 16, 8, 15, 17, 13, 3, 10, 19, 11, 14]|[0, 2, 2, 0, 0, 1, 0, 2, 1, 0, 1, 0, 0, 0, 1, 0, 2, 2, 0, 0]|[0, 0, 0, 2, 3, 1, 2, 0, 1, 3, 1, 3, 2, 3, 1, 3, 0, 0, 0, 3]|[0, 0, 0, 2, 2, 1, 0, 0, 1, 1, 1, 2, 0, 1, 1, 1, 1, 1, 0, 0],352.963941158430;10052.962550576472;13730.570430860127,0,false,[18, 0, 4, 6, 7, 12, 1, 5, 9, 2, 16, 8, 15, 17, 13, 3, 10, 19, 11, 14]|[0, 2, 2, 0, 0, 1, 0, 2, 1, 0, 1, 0, 0, 0, 1, 0, 2, 2, 0, 0]|[0, 0, 0, 2, 3, 1, 2, 0, 1, 3, 1, 3, 2, 3, 1, 3, 0, 0, 0, 3]|[0, 0, 0, 2, 2, 1, 0, 0, 1, 1, 1, 2, 0, 1, 1, 1, 1, 1, 0, 0],352.963941158430;10052.962550576472;13730.570430860127,13730.570430860127,NOT_APPLICABLE,NOT_APPLICABLE,NOT_APPLICABLE,12
34,1,3400,G3_TWC,HISTORICAL,[18, 0, 4, 6, 7, 12, 1, 5, 9, 2, 14, 10, 15, 17, 8, 11, 19, 16, 13, 3]|[0, 0, 2, 0, 0, 1, 0, 2, 1, 2, 0, 2, 0, 0, 0, 0, 2, 1, 1, 0]|[1, 2, 0, 2, 3, 1, 2, 0, 1, 0, 2, 0, 2, 3, 3, 0, 0, 1, 1, 3]|[1, 0, 0, 2, 2, 1, 0, 0, 1, 1, 0, 1, 0, 1, 2, 0, 1, 1, 1, 1],343.780283759491;10336.508449413604;13207.012461859873,0,false,[18, 0, 4, 6, 7, 12, 1, 5, 9, 2, 14, 10, 15, 17, 8, 11, 19, 16, 13, 3]|[0, 0, 2, 0, 0, 1, 0, 2, 1, 2, 0, 2, 0, 0, 0, 0, 2, 1, 1, 0]|[1, 2, 0, 2, 3, 1, 2, 0, 1, 0, 2, 0, 2, 3, 3, 0, 0, 1, 1, 3]|[1, 0, 0, 2, 2, 1, 0, 0, 1, 1, 0, 1, 0, 1, 2, 0, 1, 1, 1, 1],343.780283759491;10336.508449413604;13207.012461859873,13207.012461859873,NOT_APPLICABLE,NOT_APPLICABLE,NOT_APPLICABLE,10
34,1,3400,G4_BALANCED,PREVIOUS,[18, 0, 4, 6, 7, 12, 1, 5, 9, 2, 14, 10, 15, 17, 8, 11, 19, 16, 13, 3]|[0, 0, 2, 0, 0, 1, 0, 2, 1, 2, 0, 2, 0, 0, 0, 0, 2, 1, 1, 0]|[1, 2, 0, 2, 3, 1, 2, 0, 1, 0, 2, 0, 2, 3, 3, 0, 0, 1, 1, 3]|[1, 0, 0, 2, 2, 1, 0, 0, 1, 1, 0, 1, 0, 1, 2, 0, 1, 1, 1, 1],343.780283759491;10336.508449413604;13207.012461859873,0,false,[18, 0, 4, 6, 7, 12, 1, 5, 9, 2, 14, 10, 15, 17, 8, 11, 19, 16, 13, 3]|[0, 0, 2, 0, 0, 1, 0, 2, 1, 2, 0, 2, 0, 0, 0, 0, 2, 1, 1, 0]|[1, 2, 0, 2, 3, 1, 2, 0, 1, 0, 2, 0, 2, 3, 3, 0, 0, 1, 1, 3]|[1, 0, 0, 2, 2, 1, 0, 0, 1, 1, 0, 1, 0, 1, 2, 0, 1, 1, 1, 1],343.780283759491;10336.508449413604;13207.012461859873,0.479079987917,NOT_APPLICABLE,NOT_APPLICABLE,NOT_APPLICABLE,22
34,1,3400,G4_BALANCED,HISTORICAL,[18, 0, 4, 6, 7, 12, 1, 5, 9, 2, 14, 10, 15, 17, 8, 11, 19, 16, 13, 3]|[0, 0, 2, 0, 0, 1, 0, 2, 1, 2, 0, 2, 0, 0, 0, 0, 2, 1, 1, 0]|[1, 2, 0, 2, 3, 1, 2, 0, 1, 0, 2, 0, 2, 3, 3, 0, 0, 1, 1, 3]|[1, 0, 0, 2, 2, 1, 0, 0, 1, 1, 0, 1, 0, 1, 2, 0, 1, 1, 1, 1],343.780283759491;10336.508449413604;13207.012461859873,0,false,[18, 0, 4, 6, 7, 12, 1, 5, 9, 2, 14, 10, 15, 17, 8, 11, 19, 16, 13, 3]|[0, 0, 2, 0, 0, 1, 0, 2, 1, 2, 0, 2, 0, 0, 0, 0, 2, 1, 1, 0]|[1, 2, 0, 2, 3, 1, 2, 0, 1, 0, 2, 0, 2, 3, 3, 0, 0, 1, 1, 3]|[1, 0, 0, 2, 2, 1, 0, 0, 1, 1, 0, 1, 0, 1, 2, 0, 1, 1, 1, 1],343.780283759491;10336.508449413604;13207.012461859873,0.479079987917,NOT_APPLICABLE,NOT_APPLICABLE,NOT_APPLICABLE,6
35,1,3500,G1_CMAX,PREVIOUS,[2, 5, 18, 3, 17, 16, 10, 19, 9, 6, 12, 11, 13, 1, 15, 4, 0, 7, 8, 14]|[2, 2, 1, 2, 2, 2, 2, 1, 0, 0, 1, 2, 1, 1, 1, 0, 2, 1, 0, 0]|[0, 1, 1, 0, 1, 1, 0, 0, 0, 2, 1, 0, 1, 1, 1, 0, 0, 1, 3, 3]|[1, 0, 0, 1, 0, 0, 1, 1, 0, 2, 1, 1, 1, 1, 0, 1, 1, 1, 2, 0],207.038652060896;10678.994280927946;18312.249608546757,0,false,[2, 5, 18, 3, 17, 16, 10, 19, 9, 6, 12, 11, 13, 1, 15, 4, 0, 7, 8, 14]|[2, 2, 1, 2, 2, 2, 2, 1, 0, 0, 1, 2, 1, 1, 1, 0, 2, 1, 0, 0]|[0, 1, 1, 0, 1, 1, 0, 0, 0, 2, 1, 0, 1, 1, 1, 0, 0, 1, 3, 3]|[1, 0, 0, 1, 0, 0, 1, 1, 0, 2, 1, 1, 1, 1, 0, 1, 1, 1, 2, 0],207.038652060896;10678.994280927946;18312.249608546757,207.038652060896,NOT_APPLICABLE,NOT_APPLICABLE,NOT_APPLICABLE,12
35,1,3500,G1_CMAX,HISTORICAL,[2, 5, 18, 3, 17, 16, 10, 19, 9, 6, 12, 11, 13, 1, 15, 4, 0, 7, 8, 14]|[2, 2, 1, 2, 2, 2, 2, 1, 0, 0, 1, 2, 1, 1, 1, 0, 2, 1, 0, 0]|[0, 1, 1, 0, 1, 1, 0, 0, 0, 2, 1, 0, 1, 1, 1, 0, 0, 1, 3, 3]|[1, 0, 0, 1, 0, 0, 1, 1, 0, 2, 1, 1, 1, 1, 0, 1, 1, 1, 2, 0],207.038652060896;10678.994280927946;18312.249608546757,0,false,[2, 5, 18, 3, 17, 16, 10, 19, 9, 6, 12, 11, 13, 1, 15, 4, 0, 7, 8, 14]|[2, 2, 1, 2, 2, 2, 2, 1, 0, 0, 1, 2, 1, 1, 1, 0, 2, 1, 0, 0]|[0, 1, 1, 0, 1, 1, 0, 0, 0, 2, 1, 0, 1, 1, 1, 0, 0, 1, 3, 3]|[1, 0, 0, 1, 0, 0, 1, 1, 0, 2, 1, 1, 1, 1, 0, 1, 1, 1, 2, 0],207.038652060896;10678.994280927946;18312.249608546757,207.038652060896,NOT_APPLICABLE,NOT_APPLICABLE,NOT_APPLICABLE,15
35,1,3500,G2_TEC,PREVIOUS,[11, 5, 2, 12, 7, 6, 1, 0, 9, 4, 16, 8, 15, 17, 13, 3, 10, 19, 18, 14]|[0, 2, 2, 0, 0, 1, 0, 2, 1, 0, 1, 0, 1, 1, 1, 0, 2, 2, 0, 0]|[0, 0, 0, 2, 3, 1, 2, 0, 1, 3, 1, 3, 1, 0, 1, 3, 0, 0, 0, 3]|[0, 0, 0, 2, 2, 1, 0, 0, 1, 1, 1, 2, 0, 1, 1, 1, 1, 1, 0, 0],284.147395052135;9979.860637059252;15483.534183304400,0,false,[11, 5, 2, 12, 7, 6, 1, 0, 9, 4, 16, 8, 15, 17, 13, 3, 10, 19, 18, 14]|[0, 2, 2, 0, 0, 1, 0, 2, 1, 0, 1, 0, 1, 1, 1, 0, 2, 2, 0, 0]|[0, 0, 0, 2, 3, 1, 2, 0, 1, 3, 1, 3, 1, 0, 1, 3, 0, 0, 0, 3]|[0, 0, 0, 2, 2, 1, 0, 0, 1, 1, 1, 2, 0, 1, 1, 1, 1, 1, 0, 0],284.147395052135;9979.860637059252;15483.534183304400,9979.860637059252,NOT_APPLICABLE,NOT_APPLICABLE,NOT_APPLICABLE,11
35,1,3500,G2_TEC,HISTORICAL,[11, 5, 2, 10, 13, 16, 1, 0, 9, 8, 12, 6, 15, 17, 7, 3, 4, 19, 18, 14]|[0, 2, 0, 2, 0, 1, 0, 2, 1, 0, 1, 0, 1, 0, 1, 2, 1, 2, 1, 0]|[0, 0, 3, 0, 3, 1, 2, 0, 1, 3, 1, 2, 1, 3, 1, 0, 1, 0, 1, 3]|[0, 0, 1, 1, 2, 1, 0, 0, 1, 2, 1, 2, 1, 2, 1, 1, 1, 1, 1, 0],324.504537656845;9603.207679671674;16878.932030353728,0,false,[11, 5, 2, 10, 13, 16, 1, 0, 9, 8, 12, 6, 15, 17, 7, 3, 4, 19, 18, 14]|[0, 2, 0, 2, 0, 1, 0, 2, 1, 0, 1, 0, 1, 0, 1, 2, 1, 2, 1, 0]|[0, 0, 3, 0, 3, 1, 2, 0, 1, 3, 1, 2, 1, 3, 1, 0, 1, 0, 1, 3]|[0, 0, 1, 1, 2, 1, 0, 0, 1, 2, 1, 2, 1, 2, 1, 1, 1, 1, 1, 0],324.504537656845;9603.207679671674;16878.932030353728,9603.207679671674,NOT_APPLICABLE,NOT_APPLICABLE,NOT_APPLICABLE,12
35,1,3500,G3_TWC,PREVIOUS,[18, 0, 4, 6, 7, 12, 1, 5, 9, 2, 14, 10, 15, 17, 8, 11, 19, 16, 13, 3]|[0, 0, 2, 0, 0, 1, 0, 2, 1, 2, 0, 2, 0, 0, 0, 0, 2, 1, 1, 0]|[1, 2, 0, 2, 3, 1, 2, 0, 1, 0, 2, 0, 2, 3, 3, 0, 0, 1, 1, 3]|[1, 0, 0, 2, 2, 1, 0, 0, 1, 1, 0, 1, 0, 1, 2, 0, 1, 1, 1, 1],343.780283759491;10336.508449413604;13207.012461859873,0,false,[18, 0, 4, 6, 7, 12, 1, 5, 9, 2, 14, 10, 15, 17, 8, 11, 19, 16, 13, 3]|[0, 0, 2, 0, 0, 1, 0, 2, 1, 2, 0, 2, 0, 0, 0, 0, 2, 1, 1, 0]|[1, 2, 0, 2, 3, 1, 2, 0, 1, 0, 2, 0, 2, 3, 3, 0, 0, 1, 1, 3]|[1, 0, 0, 2, 2, 1, 0, 0, 1, 1, 0, 1, 0, 1, 2, 0, 1, 1, 1, 1],343.780283759491;10336.508449413604;13207.012461859873,13207.012461859873,NOT_APPLICABLE,NOT_APPLICABLE,NOT_APPLICABLE,12
35,1,3500,G3_TWC,HISTORICAL,[18, 0, 4, 6, 7, 12, 1, 5, 9, 2, 14, 10, 15, 17, 8, 11, 19, 16, 13, 3]|[0, 0, 2, 0, 0, 1, 0, 2, 1, 2, 0, 2, 0, 0, 0, 0, 2, 1, 1, 0]|[1, 2, 0, 2, 3, 1, 2, 0, 1, 0, 2, 0, 2, 3, 3, 0, 0, 1, 1, 3]|[1, 0, 0, 2, 2, 1, 0, 0, 1, 1, 0, 1, 0, 1, 2, 0, 1, 1, 1, 1],343.780283759491;10336.508449413604;13207.012461859873,0,false,[18, 0, 4, 6, 7, 12, 1, 5, 9, 2, 14, 10, 15, 17, 8, 11, 19, 16, 13, 3]|[0, 0, 2, 0, 0, 1, 0, 2, 1, 2, 0, 2, 0, 0, 0, 0, 2, 1, 1, 0]|[1, 2, 0, 2, 3, 1, 2, 0, 1, 0, 2, 0, 2, 3, 3, 0, 0, 1, 1, 3]|[1, 0, 0, 2, 2, 1, 0, 0, 1, 1, 0, 1, 0, 1, 2, 0, 1, 1, 1, 1],343.780283759491;10336.508449413604;13207.012461859873,13207.012461859873,NOT_APPLICABLE,NOT_APPLICABLE,NOT_APPLICABLE,11
35,1,3500,G4_BALANCED,PREVIOUS,[18, 0, 4, 6, 7, 12, 1, 5, 9, 2, 14, 10, 15, 17, 8, 11, 19, 16, 13, 3]|[0, 0, 2, 0, 0, 1, 0, 2, 1, 2, 0, 2, 0, 0, 0, 0, 2, 1, 1, 0]|[1, 2, 0, 2, 3, 1, 2, 0, 1, 0, 2, 0, 2, 3, 3, 0, 0, 1, 1, 3]|[1, 0, 0, 2, 2, 1, 0, 0, 1, 1, 0, 1, 0, 1, 2, 0, 1, 1, 1, 1],343.780283759491;10336.508449413604;13207.012461859873,0,false,[18, 0, 4, 6, 7, 12, 1, 5, 9, 2, 14, 10, 15, 17, 8, 11, 19, 16, 13, 3]|[0, 0, 2, 0, 0, 1, 0, 2, 1, 2, 0, 2, 0, 0, 0, 0, 2, 1, 1, 0]|[1, 2, 0, 2, 3, 1, 2, 0, 1, 0, 2, 0, 2, 3, 3, 0, 0, 1, 1, 3]|[1, 0, 0, 2, 2, 1, 0, 0, 1, 1, 0, 1, 0, 1, 2, 0, 1, 1, 1, 1],343.780283759491;10336.508449413604;13207.012461859873,0.479079987917,NOT_APPLICABLE,NOT_APPLICABLE,NOT_APPLICABLE,23
35,1,3500,G4_BALANCED,HISTORICAL,[18, 0, 4, 6, 7, 12, 1, 5, 9, 2, 14, 10, 15, 17, 8, 11, 19, 16, 13, 3]|[0, 0, 2, 0, 0, 1, 0, 2, 1, 2, 0, 2, 0, 0, 0, 0, 2, 1, 1, 0]|[1, 2, 0, 2, 3, 1, 2, 0, 1, 0, 2, 0, 2, 3, 3, 0, 0, 1, 1, 3]|[1, 0, 0, 2, 2, 1, 0, 0, 1, 1, 0, 1, 0, 1, 2, 0, 1, 1, 1, 1],343.780283759491;10336.508449413604;13207.012461859873,0,false,[18, 0, 4, 6, 7, 12, 1, 5, 9, 2, 14, 10, 15, 17, 8, 11, 19, 16, 13, 3]|[0, 0, 2, 0, 0, 1, 0, 2, 1, 2, 0, 2, 0, 0, 0, 0, 2, 1, 1, 0]|[1, 2, 0, 2, 3, 1, 2, 0, 1, 0, 2, 0, 2, 3, 3, 0, 0, 1, 1, 3]|[1, 0, 0, 2, 2, 1, 0, 0, 1, 1, 0, 1, 0, 1, 2, 0, 1, 1, 1, 1],343.780283759491;10336.508449413604;13207.012461859873,0.479079987917,NOT_APPLICABLE,NOT_APPLICABLE,NOT_APPLICABLE,6
36,1,3600,G1_CMAX,PREVIOUS,[8, 6, 18, 3, 17, 16, 10, 2, 5, 19, 12, 0, 1, 11, 4, 9, 15, 13, 7, 14]|[0, 2, 0, 2, 2, 2, 2, 0, 2, 1, 1, 2, 1, 0, 1, 0, 1, 1, 1, 0]|[2, 1, 0, 0, 1, 1, 0, 3, 0, 0, 0, 0, 1, 3, 0, 0, 1, 1, 1, 3]|[0, 0, 0, 1, 0, 0, 1, 2, 1, 1, 1, 1, 1, 2, 1, 0, 0, 1, 1, 0],213.598063230395;10694.381029262797;18100.405744020223,0,false,[8, 6, 18, 3, 17, 16, 10, 2, 5, 19, 12, 0, 1, 11, 4, 9, 15, 13, 7, 14]|[0, 2, 0, 2, 2, 2, 2, 0, 2, 1, 1, 2, 1, 0, 1, 0, 1, 1, 1, 0]|[2, 1, 0, 0, 1, 1, 0, 3, 0, 0, 0, 0, 1, 3, 0, 0, 1, 1, 1, 3]|[0, 0, 0, 1, 0, 0, 1, 2, 1, 1, 1, 1, 1, 2, 1, 0, 0, 1, 1, 0],213.598063230395;10694.381029262797;18100.405744020223,213.598063230395,NOT_APPLICABLE,NOT_APPLICABLE,NOT_APPLICABLE,12
36,1,3600,G1_CMAX,HISTORICAL,[2, 5, 18, 3, 17, 16, 10, 19, 9, 6, 12, 11, 13, 1, 15, 4, 0, 7, 8, 14]|[2, 2, 1, 2, 2, 2, 2, 1, 0, 0, 1, 2, 1, 1, 1, 0, 2, 1, 0, 0]|[0, 1, 1, 0, 1, 1, 0, 0, 0, 2, 1, 0, 1, 1, 1, 0, 0, 1, 3, 3]|[1, 0, 0, 1, 0, 0, 1, 1, 0, 2, 1, 1, 1, 1, 0, 1, 1, 1, 2, 0],207.038652060896;10678.994280927946;18312.249608546757,0,false,[2, 5, 18, 3, 17, 16, 10, 19, 9, 6, 12, 11, 13, 1, 15, 4, 0, 7, 8, 14]|[2, 2, 1, 2, 2, 2, 2, 1, 0, 0, 1, 2, 1, 1, 1, 0, 2, 1, 0, 0]|[0, 1, 1, 0, 1, 1, 0, 0, 0, 2, 1, 0, 1, 1, 1, 0, 0, 1, 3, 3]|[1, 0, 0, 1, 0, 0, 1, 1, 0, 2, 1, 1, 1, 1, 0, 1, 1, 1, 2, 0],207.038652060896;10678.994280927946;18312.249608546757,207.038652060896,NOT_APPLICABLE,NOT_APPLICABLE,NOT_APPLICABLE,15
36,1,3600,G2_TEC,PREVIOUS,[11, 5, 2, 10, 13, 16, 1, 0, 9, 8, 12, 6, 15, 14, 7, 4, 17, 19, 3, 18]|[0, 2, 2, 2, 0, 1, 0, 2, 1, 1, 1, 0, 1, 0, 1, 1, 1, 2, 2, 1]|[0, 0, 0, 0, 3, 1, 2, 0, 1, 1, 1, 2, 1, 3, 1, 1, 1, 0, 0, 1]|[0, 0, 0, 1, 2, 1, 0, 0, 1, 1, 1, 2, 1, 0, 1, 1, 1, 1, 1, 1],294.408165058232;9610.817113641204;20304.431353671105,0,false,[11, 5, 2, 10, 13, 16, 1, 0, 9, 8, 12, 6, 15, 14, 7, 4, 17, 19, 3, 18]|[0, 2, 2, 2, 0, 1, 0, 2, 1, 1, 1, 0, 1, 0, 1, 1, 1, 2, 2, 1]|[0, 0, 0, 0, 3, 1, 2, 0, 1, 1, 1, 2, 1, 3, 1, 1, 1, 0, 0, 1]|[0, 0, 0, 1, 2, 1, 0, 0, 1, 1, 1, 2, 1, 0, 1, 1, 1, 1, 1, 1],294.408165058232;9610.817113641204;20304.431353671105,9610.817113641204,NOT_APPLICABLE,NOT_APPLICABLE,NOT_APPLICABLE,11
36,1,3600,G2_TEC,HISTORICAL,[11, 5, 2, 10, 13, 16, 1, 0, 9, 8, 12, 6, 15, 17, 7, 3, 4, 19, 18, 14]|[0, 2, 0, 2, 0, 1, 0, 2, 1, 0, 1, 0, 1, 0, 1, 2, 1, 2, 1, 0]|[0, 0, 3, 0, 3, 1, 2, 0, 1, 3, 1, 2, 1, 3, 1, 0, 1, 0, 1, 3]|[0, 0, 1, 1, 2, 1, 0, 0, 1, 2, 1, 2, 1, 2, 1, 1, 1, 1, 1, 0],324.504537656845;9603.207679671674;16878.932030353728,0,false,[11, 5, 2, 10, 13, 16, 1, 0, 9, 8, 12, 6, 15, 17, 7, 3, 4, 19, 18, 14]|[0, 2, 0, 2, 0, 1, 0, 2, 1, 0, 1, 0, 1, 0, 1, 2, 1, 2, 1, 0]|[0, 0, 3, 0, 3, 1, 2, 0, 1, 3, 1, 2, 1, 3, 1, 0, 1, 0, 1, 3]|[0, 0, 1, 1, 2, 1, 0, 0, 1, 2, 1, 2, 1, 2, 1, 1, 1, 1, 1, 0],324.504537656845;9603.207679671674;16878.932030353728,9603.207679671674,NOT_APPLICABLE,NOT_APPLICABLE,NOT_APPLICABLE,12
36,1,3600,G3_TWC,PREVIOUS,[18, 0, 4, 6, 7, 12, 1, 5, 9, 2, 14, 10, 15, 17, 8, 11, 19, 16, 13, 3]|[0, 0, 2, 0, 0, 1, 0, 2, 1, 2, 0, 2, 0, 0, 0, 0, 2, 1, 1, 0]|[1, 2, 0, 2, 3, 1, 2, 0, 1, 0, 2, 0, 2, 3, 3, 0, 0, 1, 1, 3]|[1, 0, 0, 2, 2, 1, 0, 0, 1, 1, 0, 1, 0, 1, 2, 0, 1, 1, 1, 1],343.780283759491;10336.508449413604;13207.012461859873,0,false,[18, 0, 4, 6, 7, 12, 1, 5, 9, 2, 14, 10, 15, 17, 8, 11, 19, 16, 13, 3]|[0, 0, 2, 0, 0, 1, 0, 2, 1, 2, 0, 2, 0, 0, 0, 0, 2, 1, 1, 0]|[1, 2, 0, 2, 3, 1, 2, 0, 1, 0, 2, 0, 2, 3, 3, 0, 0, 1, 1, 3]|[1, 0, 0, 2, 2, 1, 0, 0, 1, 1, 0, 1, 0, 1, 2, 0, 1, 1, 1, 1],343.780283759491;10336.508449413604;13207.012461859873,13207.012461859873,NOT_APPLICABLE,NOT_APPLICABLE,NOT_APPLICABLE,13
36,1,3600,G3_TWC,HISTORICAL,[18, 0, 4, 6, 7, 12, 1, 5, 9, 2, 14, 10, 15, 17, 8, 11, 19, 16, 13, 3]|[0, 0, 2, 0, 0, 1, 0, 2, 1, 2, 0, 2, 0, 0, 0, 0, 2, 1, 1, 0]|[1, 2, 0, 2, 3, 1, 2, 0, 1, 0, 2, 0, 2, 3, 3, 0, 0, 1, 1, 3]|[1, 0, 0, 2, 2, 1, 0, 0, 1, 1, 0, 1, 0, 1, 2, 0, 1, 1, 1, 1],343.780283759491;10336.508449413604;13207.012461859873,0,false,[18, 0, 4, 6, 7, 12, 1, 5, 9, 2, 14, 10, 15, 17, 8, 11, 19, 16, 13, 3]|[0, 0, 2, 0, 0, 1, 0, 2, 1, 2, 0, 2, 0, 0, 0, 0, 2, 1, 1, 0]|[1, 2, 0, 2, 3, 1, 2, 0, 1, 0, 2, 0, 2, 3, 3, 0, 0, 1, 1, 3]|[1, 0, 0, 2, 2, 1, 0, 0, 1, 1, 0, 1, 0, 1, 2, 0, 1, 1, 1, 1],343.780283759491;10336.508449413604;13207.012461859873,13207.012461859873,NOT_APPLICABLE,NOT_APPLICABLE,NOT_APPLICABLE,11
36,1,3600,G4_BALANCED,PREVIOUS,[18, 0, 4, 6, 7, 12, 1, 5, 9, 2, 14, 10, 15, 17, 8, 11, 19, 16, 13, 3]|[0, 0, 2, 0, 0, 1, 0, 2, 1, 2, 0, 2, 0, 0, 0, 0, 2, 1, 1, 0]|[1, 2, 0, 2, 3, 1, 2, 0, 1, 0, 2, 0, 2, 3, 3, 0, 0, 1, 1, 3]|[1, 0, 0, 2, 2, 1, 0, 0, 1, 1, 0, 1, 0, 1, 2, 0, 1, 1, 1, 1],343.780283759491;10336.508449413604;13207.012461859873,0,false,[18, 0, 4, 6, 7, 12, 1, 5, 9, 2, 14, 10, 15, 17, 8, 11, 19, 16, 13, 3]|[0, 0, 2, 0, 0, 1, 0, 2, 1, 2, 0, 2, 0, 0, 0, 0, 2, 1, 1, 0]|[1, 2, 0, 2, 3, 1, 2, 0, 1, 0, 2, 0, 2, 3, 3, 0, 0, 1, 1, 3]|[1, 0, 0, 2, 2, 1, 0, 0, 1, 1, 0, 1, 0, 1, 2, 0, 1, 1, 1, 1],343.780283759491;10336.508449413604;13207.012461859873,0.479079987917,NOT_APPLICABLE,NOT_APPLICABLE,NOT_APPLICABLE,24
36,1,3600,G4_BALANCED,HISTORICAL,[18, 0, 4, 6, 7, 12, 1, 5, 9, 2, 14, 10, 15, 17, 8, 11, 19, 16, 13, 3]|[0, 0, 2, 0, 0, 1, 0, 2, 1, 2, 0, 2, 0, 0, 0, 0, 2, 1, 1, 0]|[1, 2, 0, 2, 3, 1, 2, 0, 1, 0, 2, 0, 2, 3, 3, 0, 0, 1, 1, 3]|[1, 0, 0, 2, 2, 1, 0, 0, 1, 1, 0, 1, 0, 1, 2, 0, 1, 1, 1, 1],343.780283759491;10336.508449413604;13207.012461859873,0,false,[18, 0, 4, 6, 7, 12, 1, 5, 9, 2, 14, 10, 15, 17, 8, 11, 19, 16, 13, 3]|[0, 0, 2, 0, 0, 1, 0, 2, 1, 2, 0, 2, 0, 0, 0, 0, 2, 1, 1, 0]|[1, 2, 0, 2, 3, 1, 2, 0, 1, 0, 2, 0, 2, 3, 3, 0, 0, 1, 1, 3]|[1, 0, 0, 2, 2, 1, 0, 0, 1, 1, 0, 1, 0, 1, 2, 0, 1, 1, 1, 1],343.780283759491;10336.508449413604;13207.012461859873,0.479079987917,NOT_APPLICABLE,NOT_APPLICABLE,NOT_APPLICABLE,6
37,1,3700,G1_CMAX,PREVIOUS,[11, 5, 2, 10, 13, 16, 8, 4, 9, 6, 12, 0, 7, 15, 18, 1, 17, 14, 3, 19]|[2, 2, 2, 0, 1, 1, 0, 2, 0, 2, 1, 2, 0, 0, 0, 0, 2, 0, 0, 1]|[0, 1, 0, 2, 1, 1, 3, 0, 0, 0, 1, 0, 3, 2, 3, 1, 1, 3, 3, 0]|[1, 0, 1, 1, 1, 1, 2, 1, 0, 1, 1, 1, 2, 0, 2, 0, 0, 0, 1, 1],257.899279868628;10330.909782309423;15530.979142880034,0,false,[11, 5, 2, 10, 13, 16, 8, 4, 9, 6, 12, 0, 7, 15, 18, 1, 17, 14, 3, 19]|[2, 2, 2, 0, 1, 1, 0, 2, 0, 2, 1, 2, 0, 0, 0, 0, 2, 0, 0, 1]|[0, 1, 0, 2, 1, 1, 3, 0, 0, 0, 1, 0, 3, 2, 3, 1, 1, 3, 3, 0]|[1, 0, 1, 1, 1, 1, 2, 1, 0, 1, 1, 1, 2, 0, 2, 0, 0, 0, 1, 1],257.899279868628;10330.909782309423;15530.979142880034,257.899279868628,NOT_APPLICABLE,NOT_APPLICABLE,NOT_APPLICABLE,12
37,1,3700,G1_CMAX,HISTORICAL,[2, 5, 18, 3, 17, 16, 10, 19, 9, 6, 12, 11, 13, 1, 15, 4, 0, 7, 8, 14]|[2, 2, 1, 2, 2, 2, 2, 1, 0, 0, 1, 2, 1, 1, 1, 0, 2, 1, 0, 0]|[0, 1, 1, 0, 1, 1, 0, 0, 0, 2, 1, 0, 1, 1, 1, 0, 0, 1, 3, 3]|[1, 0, 0, 1, 0, 0, 1, 1, 0, 2, 1, 1, 1, 1, 0, 1, 1, 1, 2, 0],207.038652060896;10678.994280927946;18312.249608546757,0,false,[2, 5, 18, 3, 17, 16, 10, 19, 9, 6, 12, 11, 13, 1, 15, 4, 0, 7, 8, 14]|[2, 2, 1, 2, 2, 2, 2, 1, 0, 0, 1, 2, 1, 1, 1, 0, 2, 1, 0, 0]|[0, 1, 1, 0, 1, 1, 0, 0, 0, 2, 1, 0, 1, 1, 1, 0, 0, 1, 3, 3]|[1, 0, 0, 1, 0, 0, 1, 1, 0, 2, 1, 1, 1, 1, 0, 1, 1, 1, 2, 0],207.038652060896;10678.994280927946;18312.249608546757,207.038652060896,NOT_APPLICABLE,NOT_APPLICABLE,NOT_APPLICABLE,15
37,1,3700,G2_TEC,PREVIOUS,[11, 5, 2, 10, 13, 16, 1, 0, 9, 8, 12, 6, 15, 17, 4, 14, 3, 7, 19, 18]|[0, 2, 0, 2, 1, 1, 0, 2, 1, 0, 0, 0, 1, 0, 1, 0, 2, 1, 2, 0]|[0, 0, 3, 0, 1, 1, 2, 0, 1, 3, 2, 2, 1, 3, 1, 3, 0, 1, 0, 2]|[0, 0, 1, 1, 1, 1, 0, 0, 1, 2, 2, 2, 0, 2, 1, 0, 1, 1, 1, 2],324.385376792300;9936.817334177027;16600.242725049735,1,true,[18, 0, 4, 6, 7, 12, 1, 5, 9, 2, 14, 10, 15, 8, 13, 16, 17, 19, 3, 11]|[0, 2, 1, 2, 0, 1, 0, 2, 1, 0, 0, 2, 1, 0, 1, 1, 0, 2, 0, 0]|[0, 0, 1, 0, 3, 1, 2, 0, 1, 3, 2, 0, 1, 3, 1, 1, 3, 0, 3, 0]|[0, 0, 0, 1, 2, 1, 0, 0, 1, 2, 0, 1, 0, 2, 1, 1, 1, 1, 1, 0],280.034645680926;9928.689894955445;16075.096406514713,9928.689894955445,3700,3700,0,11
37,1,3700,G2_TEC,HISTORICAL,[11, 5, 2, 10, 13, 16, 1, 0, 9, 8, 12, 6, 15, 17, 7, 3, 4, 19, 18, 14]|[0, 2, 0, 2, 0, 1, 0, 2, 1, 0, 1, 0, 1, 0, 1, 2, 1, 2, 1, 0]|[0, 0, 3, 0, 3, 1, 2, 0, 1, 3, 1, 2, 1, 3, 1, 0, 1, 0, 1, 3]|[0, 0, 1, 1, 2, 1, 0, 0, 1, 2, 1, 2, 1, 2, 1, 1, 1, 1, 1, 0],324.504537656845;9603.207679671674;16878.932030353728,0,false,[11, 5, 2, 10, 13, 16, 1, 0, 9, 8, 12, 6, 15, 17, 7, 3, 4, 19, 18, 14]|[0, 2, 0, 2, 0, 1, 0, 2, 1, 0, 1, 0, 1, 0, 1, 2, 1, 2, 1, 0]|[0, 0, 3, 0, 3, 1, 2, 0, 1, 3, 1, 2, 1, 3, 1, 0, 1, 0, 1, 3]|[0, 0, 1, 1, 2, 1, 0, 0, 1, 2, 1, 2, 1, 2, 1, 1, 1, 1, 1, 0],324.504537656845;9603.207679671674;16878.932030353728,9603.207679671674,NOT_APPLICABLE,NOT_APPLICABLE,NOT_APPLICABLE,12
37,1,3700,G3_TWC,PREVIOUS,[18, 0, 4, 6, 7, 12, 1, 5, 9, 2, 14, 10, 15, 17, 8, 11, 19, 16, 13, 3]|[0, 0, 2, 0, 0, 1, 0, 2, 1, 2, 0, 2, 0, 0, 0, 0, 2, 1, 1, 0]|[1, 2, 0, 2, 3, 1, 2, 0, 1, 0, 2, 0, 2, 3, 3, 0, 0, 1, 1, 3]|[1, 0, 0, 2, 2, 1, 0, 0, 1, 1, 0, 1, 0, 1, 2, 0, 1, 1, 1, 1],343.780283759491;10336.508449413604;13207.012461859873,0,false,[18, 0, 4, 6, 7, 12, 1, 5, 9, 2, 14, 10, 15, 17, 8, 11, 19, 16, 13, 3]|[0, 0, 2, 0, 0, 1, 0, 2, 1, 2, 0, 2, 0, 0, 0, 0, 2, 1, 1, 0]|[1, 2, 0, 2, 3, 1, 2, 0, 1, 0, 2, 0, 2, 3, 3, 0, 0, 1, 1, 3]|[1, 0, 0, 2, 2, 1, 0, 0, 1, 1, 0, 1, 0, 1, 2, 0, 1, 1, 1, 1],343.780283759491;10336.508449413604;13207.012461859873,13207.012461859873,NOT_APPLICABLE,NOT_APPLICABLE,NOT_APPLICABLE,13
37,1,3700,G3_TWC,HISTORICAL,[18, 0, 4, 6, 7, 12, 1, 5, 9, 2, 14, 10, 15, 17, 8, 11, 19, 16, 13, 3]|[0, 0, 2, 0, 0, 1, 0, 2, 1, 2, 0, 2, 0, 0, 0, 0, 2, 1, 1, 0]|[1, 2, 0, 2, 3, 1, 2, 0, 1, 0, 2, 0, 2, 3, 3, 0, 0, 1, 1, 3]|[1, 0, 0, 2, 2, 1, 0, 0, 1, 1, 0, 1, 0, 1, 2, 0, 1, 1, 1, 1],343.780283759491;10336.508449413604;13207.012461859873,0,false,[18, 0, 4, 6, 7, 12, 1, 5, 9, 2, 14, 10, 15, 17, 8, 11, 19, 16, 13, 3]|[0, 0, 2, 0, 0, 1, 0, 2, 1, 2, 0, 2, 0, 0, 0, 0, 2, 1, 1, 0]|[1, 2, 0, 2, 3, 1, 2, 0, 1, 0, 2, 0, 2, 3, 3, 0, 0, 1, 1, 3]|[1, 0, 0, 2, 2, 1, 0, 0, 1, 1, 0, 1, 0, 1, 2, 0, 1, 1, 1, 1],343.780283759491;10336.508449413604;13207.012461859873,13207.012461859873,NOT_APPLICABLE,NOT_APPLICABLE,NOT_APPLICABLE,12
37,1,3700,G4_BALANCED,PREVIOUS,[18, 0, 4, 6, 7, 12, 1, 5, 9, 2, 14, 10, 15, 17, 8, 11, 19, 16, 13, 3]|[0, 0, 2, 0, 0, 1, 0, 2, 1, 2, 0, 2, 0, 0, 0, 0, 2, 1, 1, 0]|[1, 2, 0, 2, 3, 1, 2, 0, 1, 0, 2, 0, 2, 3, 3, 0, 0, 1, 1, 3]|[1, 0, 0, 2, 2, 1, 0, 0, 1, 1, 0, 1, 0, 1, 2, 0, 1, 1, 1, 1],343.780283759491;10336.508449413604;13207.012461859873,0,false,[18, 0, 4, 6, 7, 12, 1, 5, 9, 2, 14, 10, 15, 17, 8, 11, 19, 16, 13, 3]|[0, 0, 2, 0, 0, 1, 0, 2, 1, 2, 0, 2, 0, 0, 0, 0, 2, 1, 1, 0]|[1, 2, 0, 2, 3, 1, 2, 0, 1, 0, 2, 0, 2, 3, 3, 0, 0, 1, 1, 3]|[1, 0, 0, 2, 2, 1, 0, 0, 1, 1, 0, 1, 0, 1, 2, 0, 1, 1, 1, 1],343.780283759491;10336.508449413604;13207.012461859873,0.479079987917,NOT_APPLICABLE,NOT_APPLICABLE,NOT_APPLICABLE,25
37,1,3700,G4_BALANCED,HISTORICAL,[18, 0, 4, 6, 7, 12, 1, 5, 9, 2, 14, 10, 15, 17, 8, 11, 19, 16, 13, 3]|[0, 0, 2, 0, 0, 1, 0, 2, 1, 2, 0, 2, 0, 0, 0, 0, 2, 1, 1, 0]|[1, 2, 0, 2, 3, 1, 2, 0, 1, 0, 2, 0, 2, 3, 3, 0, 0, 1, 1, 3]|[1, 0, 0, 2, 2, 1, 0, 0, 1, 1, 0, 1, 0, 1, 2, 0, 1, 1, 1, 1],343.780283759491;10336.508449413604;13207.012461859873,0,false,[18, 0, 4, 6, 7, 12, 1, 5, 9, 2, 14, 10, 15, 17, 8, 11, 19, 16, 13, 3]|[0, 0, 2, 0, 0, 1, 0, 2, 1, 2, 0, 2, 0, 0, 0, 0, 2, 1, 1, 0]|[1, 2, 0, 2, 3, 1, 2, 0, 1, 0, 2, 0, 2, 3, 3, 0, 0, 1, 1, 3]|[1, 0, 0, 2, 2, 1, 0, 0, 1, 1, 0, 1, 0, 1, 2, 0, 1, 1, 1, 1],343.780283759491;10336.508449413604;13207.012461859873,0.479079987917,NOT_APPLICABLE,NOT_APPLICABLE,NOT_APPLICABLE,6
38,1,3800,G1_CMAX,PREVIOUS,[11, 5, 2, 10, 13, 16, 8, 4, 9, 6, 12, 0, 7, 15, 18, 1, 17, 14, 3, 19]|[2, 2, 2, 0, 1, 1, 0, 2, 0, 2, 1, 2, 0, 0, 0, 0, 2, 0, 0, 1]|[0, 1, 0, 2, 1, 1, 3, 0, 0, 0, 1, 0, 3, 2, 3, 1, 1, 3, 3, 0]|[1, 0, 1, 1, 1, 1, 2, 1, 0, 1, 1, 1, 2, 0, 2, 0, 0, 0, 1, 1],257.899279868628;10330.909782309423;15530.979142880034,0,false,[11, 5, 2, 10, 13, 16, 8, 4, 9, 6, 12, 0, 7, 15, 18, 1, 17, 14, 3, 19]|[2, 2, 2, 0, 1, 1, 0, 2, 0, 2, 1, 2, 0, 0, 0, 0, 2, 0, 0, 1]|[0, 1, 0, 2, 1, 1, 3, 0, 0, 0, 1, 0, 3, 2, 3, 1, 1, 3, 3, 0]|[1, 0, 1, 1, 1, 1, 2, 1, 0, 1, 1, 1, 2, 0, 2, 0, 0, 0, 1, 1],257.899279868628;10330.909782309423;15530.979142880034,257.899279868628,NOT_APPLICABLE,NOT_APPLICABLE,NOT_APPLICABLE,13
38,1,3800,G1_CMAX,HISTORICAL,[2, 5, 18, 3, 17, 16, 10, 19, 9, 6, 12, 11, 13, 1, 15, 4, 0, 7, 8, 14]|[2, 2, 1, 2, 2, 2, 2, 1, 0, 0, 1, 2, 1, 1, 1, 0, 2, 1, 0, 0]|[0, 1, 1, 0, 1, 1, 0, 0, 0, 2, 1, 0, 1, 1, 1, 0, 0, 1, 3, 3]|[1, 0, 0, 1, 0, 0, 1, 1, 0, 2, 1, 1, 1, 1, 0, 1, 1, 1, 2, 0],207.038652060896;10678.994280927946;18312.249608546757,0,false,[2, 5, 18, 3, 17, 16, 10, 19, 9, 6, 12, 11, 13, 1, 15, 4, 0, 7, 8, 14]|[2, 2, 1, 2, 2, 2, 2, 1, 0, 0, 1, 2, 1, 1, 1, 0, 2, 1, 0, 0]|[0, 1, 1, 0, 1, 1, 0, 0, 0, 2, 1, 0, 1, 1, 1, 0, 0, 1, 3, 3]|[1, 0, 0, 1, 0, 0, 1, 1, 0, 2, 1, 1, 1, 1, 0, 1, 1, 1, 2, 0],207.038652060896;10678.994280927946;18312.249608546757,207.038652060896,NOT_APPLICABLE,NOT_APPLICABLE,NOT_APPLICABLE,15
38,1,3800,G2_TEC,PREVIOUS,[11, 5, 2, 10, 13, 16, 1, 0, 9, 8, 12, 6, 15, 17, 7, 3, 4, 19, 18, 14]|[0, 2, 0, 2, 0, 1, 0, 2, 1, 0, 1, 0, 1, 0, 1, 2, 1, 2, 1, 0]|[0, 0, 3, 0, 3, 1, 2, 0, 1, 3, 1, 2, 1, 3, 1, 0, 1, 0, 1, 3]|[0, 0, 1, 1, 2, 1, 0, 0, 1, 2, 1, 2, 1, 2, 1, 1, 1, 1, 1, 0],324.504537656845;9603.207679671674;16878.932030353728,0,false,[11, 5, 2, 10, 13, 16, 1, 0, 9, 8, 12, 6, 15, 17, 7, 3, 4, 19, 18, 14]|[0, 2, 0, 2, 0, 1, 0, 2, 1, 0, 1, 0, 1, 0, 1, 2, 1, 2, 1, 0]|[0, 0, 3, 0, 3, 1, 2, 0, 1, 3, 1, 2, 1, 3, 1, 0, 1, 0, 1, 3]|[0, 0, 1, 1, 2, 1, 0, 0, 1, 2, 1, 2, 1, 2, 1, 1, 1, 1, 1, 0],324.504537656845;9603.207679671674;16878.932030353728,9603.207679671674,NOT_APPLICABLE,NOT_APPLICABLE,NOT_APPLICABLE,11
38,1,3800,G2_TEC,HISTORICAL,[11, 5, 2, 10, 13, 16, 1, 0, 9, 8, 12, 6, 15, 17, 7, 3, 4, 19, 18, 14]|[0, 2, 0, 2, 0, 1, 0, 2, 1, 0, 1, 0, 1, 0, 1, 2, 1, 2, 1, 0]|[0, 0, 3, 0, 3, 1, 2, 0, 1, 3, 1, 2, 1, 3, 1, 0, 1, 0, 1, 3]|[0, 0, 1, 1, 2, 1, 0, 0, 1, 2, 1, 2, 1, 2, 1, 1, 1, 1, 1, 0],324.504537656845;9603.207679671674;16878.932030353728,0,false,[11, 5, 2, 10, 13, 16, 1, 0, 9, 8, 12, 6, 15, 17, 7, 3, 4, 19, 18, 14]|[0, 2, 0, 2, 0, 1, 0, 2, 1, 0, 1, 0, 1, 0, 1, 2, 1, 2, 1, 0]|[0, 0, 3, 0, 3, 1, 2, 0, 1, 3, 1, 2, 1, 3, 1, 0, 1, 0, 1, 3]|[0, 0, 1, 1, 2, 1, 0, 0, 1, 2, 1, 2, 1, 2, 1, 1, 1, 1, 1, 0],324.504537656845;9603.207679671674;16878.932030353728,9603.207679671674,NOT_APPLICABLE,NOT_APPLICABLE,NOT_APPLICABLE,12
38,1,3800,G3_TWC,PREVIOUS,[18, 0, 4, 6, 7, 12, 1, 5, 9, 2, 14, 10, 15, 17, 8, 11, 19, 16, 13, 3]|[0, 0, 2, 0, 0, 1, 0, 2, 1, 2, 0, 2, 0, 0, 0, 0, 2, 1, 1, 0]|[1, 2, 0, 2, 3, 1, 2, 0, 1, 0, 2, 0, 2, 3, 3, 0, 0, 1, 1, 3]|[1, 0, 0, 2, 2, 1, 0, 0, 1, 1, 0, 1, 0, 1, 2, 0, 1, 1, 1, 1],343.780283759491;10336.508449413604;13207.012461859873,0,false,[18, 0, 4, 6, 7, 12, 1, 5, 9, 2, 14, 10, 15, 17, 8, 11, 19, 16, 13, 3]|[0, 0, 2, 0, 0, 1, 0, 2, 1, 2, 0, 2, 0, 0, 0, 0, 2, 1, 1, 0]|[1, 2, 0, 2, 3, 1, 2, 0, 1, 0, 2, 0, 2, 3, 3, 0, 0, 1, 1, 3]|[1, 0, 0, 2, 2, 1, 0, 0, 1, 1, 0, 1, 0, 1, 2, 0, 1, 1, 1, 1],343.780283759491;10336.508449413604;13207.012461859873,13207.012461859873,NOT_APPLICABLE,NOT_APPLICABLE,NOT_APPLICABLE,14
38,1,3800,G3_TWC,HISTORICAL,[18, 0, 4, 6, 7, 12, 1, 5, 9, 2, 14, 10, 15, 17, 8, 11, 19, 16, 13, 3]|[0, 0, 2, 0, 0, 1, 0, 2, 1, 2, 0, 2, 0, 0, 0, 0, 2, 1, 1, 0]|[1, 2, 0, 2, 3, 1, 2, 0, 1, 0, 2, 0, 2, 3, 3, 0, 0, 1, 1, 3]|[1, 0, 0, 2, 2, 1, 0, 0, 1, 1, 0, 1, 0, 1, 2, 0, 1, 1, 1, 1],343.780283759491;10336.508449413604;13207.012461859873,0,false,[18, 0, 4, 6, 7, 12, 1, 5, 9, 2, 14, 10, 15, 17, 8, 11, 19, 16, 13, 3]|[0, 0, 2, 0, 0, 1, 0, 2, 1, 2, 0, 2, 0, 0, 0, 0, 2, 1, 1, 0]|[1, 2, 0, 2, 3, 1, 2, 0, 1, 0, 2, 0, 2, 3, 3, 0, 0, 1, 1, 3]|[1, 0, 0, 2, 2, 1, 0, 0, 1, 1, 0, 1, 0, 1, 2, 0, 1, 1, 1, 1],343.780283759491;10336.508449413604;13207.012461859873,13207.012461859873,NOT_APPLICABLE,NOT_APPLICABLE,NOT_APPLICABLE,12
38,1,3800,G4_BALANCED,PREVIOUS,[18, 5, 2, 10, 7, 9, 1, 0, 16, 4, 14, 6, 15, 17, 13, 8, 12, 19, 3, 11]|[0, 2, 2, 0, 1, 1, 0, 0, 1, 2, 0, 2, 1, 1, 1, 0, 0, 2, 0, 0]|[1, 0, 0, 2, 1, 1, 2, 2, 1, 0, 2, 0, 1, 0, 1, 3, 2, 0, 3, 0]|[1, 0, 1, 2, 1, 1, 0, 0, 1, 1, 0, 1, 0, 1, 1, 2, 2, 1, 1, 0],274.701487222409;10434.155713744465;15331.513278414295,0,false,[18, 5, 2, 10, 7, 9, 1, 0, 16, 4, 14, 6, 15, 17, 13, 8, 12, 19, 3, 11]|[0, 2, 2, 0, 1, 1, 0, 0, 1, 2, 0, 2, 1, 1, 1, 0, 0, 2, 0, 0]|[1, 0, 0, 2, 1, 1, 2, 2, 1, 0, 2, 0, 1, 0, 1, 3, 2, 0, 3, 0]|[1, 0, 1, 2, 1, 1, 0, 0, 1, 1, 0, 1, 0, 1, 1, 2, 2, 1, 1, 0],274.701487222409;10434.155713744465;15331.513278414295,0.471488025261,NOT_APPLICABLE,NOT_APPLICABLE,NOT_APPLICABLE,25
38,1,3800,G4_BALANCED,HISTORICAL,[18, 0, 4, 6, 7, 12, 1, 5, 9, 2, 14, 10, 15, 17, 8, 11, 19, 16, 13, 3]|[0, 0, 2, 0, 0, 1, 0, 2, 1, 2, 0, 2, 0, 0, 0, 0, 2, 1, 1, 0]|[1, 2, 0, 2, 3, 1, 2, 0, 1, 0, 2, 0, 2, 3, 3, 0, 0, 1, 1, 3]|[1, 0, 0, 2, 2, 1, 0, 0, 1, 1, 0, 1, 0, 1, 2, 0, 1, 1, 1, 1],343.780283759491;10336.508449413604;13207.012461859873,0,false,[18, 0, 4, 6, 7, 12, 1, 5, 9, 2, 14, 10, 15, 17, 8, 11, 19, 16, 13, 3]|[0, 0, 2, 0, 0, 1, 0, 2, 1, 2, 0, 2, 0, 0, 0, 0, 2, 1, 1, 0]|[1, 2, 0, 2, 3, 1, 2, 0, 1, 0, 2, 0, 2, 3, 3, 0, 0, 1, 1, 3]|[1, 0, 0, 2, 2, 1, 0, 0, 1, 1, 0, 1, 0, 1, 2, 0, 1, 1, 1, 1],343.780283759491;10336.508449413604;13207.012461859873,0.479079987917,NOT_APPLICABLE,NOT_APPLICABLE,NOT_APPLICABLE,6
39,1,3900,G1_CMAX,PREVIOUS,[11, 5, 2, 10, 13, 16, 8, 4, 9, 6, 12, 0, 7, 15, 18, 1, 17, 14, 3, 19]|[2, 2, 2, 0, 1, 1, 0, 2, 0, 2, 1, 2, 0, 0, 0, 0, 2, 0, 0, 1]|[0, 1, 0, 2, 1, 1, 3, 0, 0, 0, 1, 0, 3, 2, 3, 1, 1, 3, 3, 0]|[1, 0, 1, 1, 1, 1, 2, 1, 0, 1, 1, 1, 2, 0, 2, 0, 0, 0, 1, 1],257.899279868628;10330.909782309423;15530.979142880034,0,false,[11, 5, 2, 10, 13, 16, 8, 4, 9, 6, 12, 0, 7, 15, 18, 1, 17, 14, 3, 19]|[2, 2, 2, 0, 1, 1, 0, 2, 0, 2, 1, 2, 0, 0, 0, 0, 2, 0, 0, 1]|[0, 1, 0, 2, 1, 1, 3, 0, 0, 0, 1, 0, 3, 2, 3, 1, 1, 3, 3, 0]|[1, 0, 1, 1, 1, 1, 2, 1, 0, 1, 1, 1, 2, 0, 2, 0, 0, 0, 1, 1],257.899279868628;10330.909782309423;15530.979142880034,257.899279868628,NOT_APPLICABLE,NOT_APPLICABLE,NOT_APPLICABLE,14
39,1,3900,G1_CMAX,HISTORICAL,[2, 5, 18, 3, 17, 16, 10, 19, 9, 6, 12, 11, 13, 1, 15, 4, 0, 7, 8, 14]|[2, 2, 1, 2, 2, 2, 2, 1, 0, 0, 1, 2, 1, 1, 1, 0, 2, 1, 0, 0]|[0, 1, 1, 0, 1, 1, 0, 0, 0, 2, 1, 0, 1, 1, 1, 0, 0, 1, 3, 3]|[1, 0, 0, 1, 0, 0, 1, 1, 0, 2, 1, 1, 1, 1, 0, 1, 1, 1, 2, 0],207.038652060896;10678.994280927946;18312.249608546757,0,false,[2, 5, 18, 3, 17, 16, 10, 19, 9, 6, 12, 11, 13, 1, 15, 4, 0, 7, 8, 14]|[2, 2, 1, 2, 2, 2, 2, 1, 0, 0, 1, 2, 1, 1, 1, 0, 2, 1, 0, 0]|[0, 1, 1, 0, 1, 1, 0, 0, 0, 2, 1, 0, 1, 1, 1, 0, 0, 1, 3, 3]|[1, 0, 0, 1, 0, 0, 1, 1, 0, 2, 1, 1, 1, 1, 0, 1, 1, 1, 2, 0],207.038652060896;10678.994280927946;18312.249608546757,207.038652060896,NOT_APPLICABLE,NOT_APPLICABLE,NOT_APPLICABLE,15
39,1,3900,G2_TEC,PREVIOUS,[18, 0, 4, 6, 7, 16, 1, 5, 9, 2, 14, 10, 15, 17, 13, 8, 12, 19, 3, 11]|[0, 0, 2, 0, 0, 1, 0, 2, 1, 2, 0, 2, 1, 0, 1, 0, 1, 2, 0, 0]|[1, 2, 0, 2, 3, 1, 2, 0, 1, 0, 2, 0, 1, 3, 1, 3, 1, 0, 3, 0]|[1, 0, 0, 2, 2, 1, 0, 0, 1, 1, 0, 1, 1, 1, 1, 2, 1, 1, 1, 0],304.791547116651;10106.045345071900;14002.536897837512,0,false,[18, 0, 4, 6, 7, 16, 1, 5, 9, 2, 14, 10, 15, 17, 13, 8, 12, 19, 3, 11]|[0, 0, 2, 0, 0, 1, 0, 2, 1, 2, 0, 2, 1, 0, 1, 0, 1, 2, 0, 0]|[1, 2, 0, 2, 3, 1, 2, 0, 1, 0, 2, 0, 1, 3, 1, 3, 1, 0, 3, 0]|[1, 0, 0, 2, 2, 1, 0, 0, 1, 1, 0, 1, 1, 1, 1, 2, 1, 1, 1, 0],304.791547116651;10106.045345071900;14002.536897837512,10106.045345071900,NOT_APPLICABLE,NOT_APPLICABLE,NOT_APPLICABLE,11
39,1,3900,G2_TEC,HISTORICAL,[11, 5, 2, 10, 13, 16, 1, 0, 9, 8, 12, 6, 15, 17, 7, 3, 4, 19, 18, 14]|[0, 2, 0, 2, 0, 1, 0, 2, 1, 0, 1, 0, 1, 0, 1, 2, 1, 2, 1, 0]|[0, 0, 3, 0, 3, 1, 2, 0, 1, 3, 1, 2, 1, 3, 1, 0, 1, 0, 1, 3]|[0, 0, 1, 1, 2, 1, 0, 0, 1, 2, 1, 2, 1, 2, 1, 1, 1, 1, 1, 0],324.504537656845;9603.207679671674;16878.932030353728,0,false,[11, 5, 2, 10, 13, 16, 1, 0, 9, 8, 12, 6, 15, 17, 7, 3, 4, 19, 18, 14]|[0, 2, 0, 2, 0, 1, 0, 2, 1, 0, 1, 0, 1, 0, 1, 2, 1, 2, 1, 0]|[0, 0, 3, 0, 3, 1, 2, 0, 1, 3, 1, 2, 1, 3, 1, 0, 1, 0, 1, 3]|[0, 0, 1, 1, 2, 1, 0, 0, 1, 2, 1, 2, 1, 2, 1, 1, 1, 1, 1, 0],324.504537656845;9603.207679671674;16878.932030353728,9603.207679671674,NOT_APPLICABLE,NOT_APPLICABLE,NOT_APPLICABLE,12
39,1,3900,G3_TWC,PREVIOUS,[18, 0, 4, 6, 7, 12, 1, 5, 9, 2, 14, 10, 15, 17, 8, 11, 19, 16, 13, 3]|[0, 0, 2, 0, 0, 1, 0, 2, 1, 2, 0, 2, 0, 0, 0, 0, 2, 1, 1, 0]|[1, 2, 0, 2, 3, 1, 2, 0, 1, 0, 2, 0, 2, 3, 3, 0, 0, 1, 1, 3]|[1, 0, 0, 2, 2, 1, 0, 0, 1, 1, 0, 1, 0, 1, 2, 0, 1, 1, 1, 1],343.780283759491;10336.508449413604;13207.012461859873,0,false,[18, 0, 4, 6, 7, 12, 1, 5, 9, 2, 14, 10, 15, 17, 8, 11, 19, 16, 13, 3]|[0, 0, 2, 0, 0, 1, 0, 2, 1, 2, 0, 2, 0, 0, 0, 0, 2, 1, 1, 0]|[1, 2, 0, 2, 3, 1, 2, 0, 1, 0, 2, 0, 2, 3, 3, 0, 0, 1, 1, 3]|[1, 0, 0, 2, 2, 1, 0, 0, 1, 1, 0, 1, 0, 1, 2, 0, 1, 1, 1, 1],343.780283759491;10336.508449413604;13207.012461859873,13207.012461859873,NOT_APPLICABLE,NOT_APPLICABLE,NOT_APPLICABLE,15
39,1,3900,G3_TWC,HISTORICAL,[18, 0, 4, 6, 7, 12, 1, 5, 9, 2, 14, 10, 15, 17, 8, 11, 19, 16, 13, 3]|[0, 0, 2, 0, 0, 1, 0, 2, 1, 2, 0, 2, 0, 0, 0, 0, 2, 1, 1, 0]|[1, 2, 0, 2, 3, 1, 2, 0, 1, 0, 2, 0, 2, 3, 3, 0, 0, 1, 1, 3]|[1, 0, 0, 2, 2, 1, 0, 0, 1, 1, 0, 1, 0, 1, 2, 0, 1, 1, 1, 1],343.780283759491;10336.508449413604;13207.012461859873,0,false,[18, 0, 4, 6, 7, 12, 1, 5, 9, 2, 14, 10, 15, 17, 8, 11, 19, 16, 13, 3]|[0, 0, 2, 0, 0, 1, 0, 2, 1, 2, 0, 2, 0, 0, 0, 0, 2, 1, 1, 0]|[1, 2, 0, 2, 3, 1, 2, 0, 1, 0, 2, 0, 2, 3, 3, 0, 0, 1, 1, 3]|[1, 0, 0, 2, 2, 1, 0, 0, 1, 1, 0, 1, 0, 1, 2, 0, 1, 1, 1, 1],343.780283759491;10336.508449413604;13207.012461859873,13207.012461859873,NOT_APPLICABLE,NOT_APPLICABLE,NOT_APPLICABLE,12
39,1,3900,G4_BALANCED,PREVIOUS,[18, 5, 2, 10, 7, 9, 1, 0, 16, 4, 14, 6, 15, 17, 13, 8, 12, 19, 3, 11]|[0, 2, 2, 0, 1, 1, 0, 0, 1, 2, 0, 2, 1, 1, 1, 0, 0, 2, 0, 0]|[1, 0, 0, 2, 1, 1, 2, 2, 1, 0, 2, 0, 1, 0, 1, 3, 2, 0, 3, 0]|[1, 0, 1, 2, 1, 1, 0, 0, 1, 1, 0, 1, 0, 1, 1, 2, 2, 1, 1, 0],274.701487222409;10434.155713744465;15331.513278414295,0,false,[18, 5, 2, 10, 7, 9, 1, 0, 16, 4, 14, 6, 15, 17, 13, 8, 12, 19, 3, 11]|[0, 2, 2, 0, 1, 1, 0, 0, 1, 2, 0, 2, 1, 1, 1, 0, 0, 2, 0, 0]|[1, 0, 0, 2, 1, 1, 2, 2, 1, 0, 2, 0, 1, 0, 1, 3, 2, 0, 3, 0]|[1, 0, 1, 2, 1, 1, 0, 0, 1, 1, 0, 1, 0, 1, 1, 2, 2, 1, 1, 0],274.701487222409;10434.155713744465;15331.513278414295,0.471488025261,NOT_APPLICABLE,NOT_APPLICABLE,NOT_APPLICABLE,26
39,1,3900,G4_BALANCED,HISTORICAL,[18, 0, 4, 6, 7, 12, 1, 5, 9, 2, 14, 10, 15, 17, 8, 11, 19, 16, 13, 3]|[0, 0, 2, 0, 0, 1, 0, 2, 1, 2, 0, 2, 0, 0, 0, 0, 2, 1, 1, 0]|[1, 2, 0, 2, 3, 1, 2, 0, 1, 0, 2, 0, 2, 3, 3, 0, 0, 1, 1, 3]|[1, 0, 0, 2, 2, 1, 0, 0, 1, 1, 0, 1, 0, 1, 2, 0, 1, 1, 1, 1],343.780283759491;10336.508449413604;13207.012461859873,0,false,[18, 0, 4, 6, 7, 12, 1, 5, 9, 2, 14, 10, 15, 17, 8, 11, 19, 16, 13, 3]|[0, 0, 2, 0, 0, 1, 0, 2, 1, 2, 0, 2, 0, 0, 0, 0, 2, 1, 1, 0]|[1, 2, 0, 2, 3, 1, 2, 0, 1, 0, 2, 0, 2, 3, 3, 0, 0, 1, 1, 3]|[1, 0, 0, 2, 2, 1, 0, 0, 1, 1, 0, 1, 0, 1, 2, 0, 1, 1, 1, 1],343.780283759491;10336.508449413604;13207.012461859873,0.479079987917,NOT_APPLICABLE,NOT_APPLICABLE,NOT_APPLICABLE,6
40,1,4000,G1_CMAX,PREVIOUS,[2, 5, 18, 3, 17, 16, 10, 19, 9, 6, 12, 11, 13, 1, 15, 4, 0, 7, 8, 14]|[2, 2, 1, 2, 2, 2, 2, 1, 0, 0, 1, 2, 1, 1, 1, 0, 2, 1, 0, 0]|[0, 1, 1, 0, 1, 1, 0, 0, 0, 2, 1, 0, 1, 1, 1, 0, 0, 1, 3, 3]|[1, 0, 0, 1, 0, 0, 1, 1, 0, 2, 1, 1, 1, 1, 0, 1, 1, 1, 2, 0],207.038652060896;10678.994280927946;18312.249608546757,0,false,[2, 5, 18, 3, 17, 16, 10, 19, 9, 6, 12, 11, 13, 1, 15, 4, 0, 7, 8, 14]|[2, 2, 1, 2, 2, 2, 2, 1, 0, 0, 1, 2, 1, 1, 1, 0, 2, 1, 0, 0]|[0, 1, 1, 0, 1, 1, 0, 0, 0, 2, 1, 0, 1, 1, 1, 0, 0, 1, 3, 3]|[1, 0, 0, 1, 0, 0, 1, 1, 0, 2, 1, 1, 1, 1, 0, 1, 1, 1, 2, 0],207.038652060896;10678.994280927946;18312.249608546757,207.038652060896,NOT_APPLICABLE,NOT_APPLICABLE,NOT_APPLICABLE,14
40,1,4000,G1_CMAX,HISTORICAL,[2, 5, 18, 3, 17, 16, 10, 19, 9, 6, 12, 11, 13, 1, 15, 4, 0, 7, 8, 14]|[2, 2, 1, 2, 2, 2, 2, 1, 0, 0, 1, 2, 1, 1, 1, 0, 2, 1, 0, 0]|[0, 1, 1, 0, 1, 1, 0, 0, 0, 2, 1, 0, 1, 1, 1, 0, 0, 1, 3, 3]|[1, 0, 0, 1, 0, 0, 1, 1, 0, 2, 1, 1, 1, 1, 0, 1, 1, 1, 2, 0],207.038652060896;10678.994280927946;18312.249608546757,0,false,[2, 5, 18, 3, 17, 16, 10, 19, 9, 6, 12, 11, 13, 1, 15, 4, 0, 7, 8, 14]|[2, 2, 1, 2, 2, 2, 2, 1, 0, 0, 1, 2, 1, 1, 1, 0, 2, 1, 0, 0]|[0, 1, 1, 0, 1, 1, 0, 0, 0, 2, 1, 0, 1, 1, 1, 0, 0, 1, 3, 3]|[1, 0, 0, 1, 0, 0, 1, 1, 0, 2, 1, 1, 1, 1, 0, 1, 1, 1, 2, 0],207.038652060896;10678.994280927946;18312.249608546757,207.038652060896,NOT_APPLICABLE,NOT_APPLICABLE,NOT_APPLICABLE,16
40,1,4000,G2_TEC,PREVIOUS,[18, 0, 4, 6, 7, 12, 1, 5, 9, 2, 16, 8, 15, 17, 13, 3, 10, 19, 11, 14]|[0, 2, 2, 0, 0, 1, 0, 2, 1, 0, 1, 0, 0, 0, 1, 0, 2, 2, 0, 0]|[0, 0, 0, 2, 3, 1, 2, 0, 1, 3, 1, 3, 2, 3, 1, 3, 0, 0, 0, 3]|[0, 0, 0, 2, 2, 1, 0, 0, 1, 1, 1, 2, 0, 1, 1, 1, 1, 1, 0, 0],352.963941158430;10052.962550576472;13730.570430860127,0,false,[18, 0, 4, 6, 7, 12, 1, 5, 9, 2, 16, 8, 15, 17, 13, 3, 10, 19, 11, 14]|[0, 2, 2, 0, 0, 1, 0, 2, 1, 0, 1, 0, 0, 0, 1, 0, 2, 2, 0, 0]|[0, 0, 0, 2, 3, 1, 2, 0, 1, 3, 1, 3, 2, 3, 1, 3, 0, 0, 0, 3]|[0, 0, 0, 2, 2, 1, 0, 0, 1, 1, 1, 2, 0, 1, 1, 1, 1, 1, 0, 0],352.963941158430;10052.962550576472;13730.570430860127,10052.962550576472,NOT_APPLICABLE,NOT_APPLICABLE,NOT_APPLICABLE,11
40,1,4000,G2_TEC,HISTORICAL,[11, 5, 2, 10, 13, 16, 1, 0, 9, 8, 12, 6, 15, 17, 7, 3, 4, 19, 18, 14]|[0, 2, 0, 2, 0, 1, 0, 2, 1, 0, 1, 0, 1, 0, 1, 2, 1, 2, 1, 0]|[0, 0, 3, 0, 3, 1, 2, 0, 1, 3, 1, 2, 1, 3, 1, 0, 1, 0, 1, 3]|[0, 0, 1, 1, 2, 1, 0, 0, 1, 2, 1, 2, 1, 2, 1, 1, 1, 1, 1, 0],324.504537656845;9603.207679671674;16878.932030353728,0,false,[11, 5, 2, 10, 13, 16, 1, 0, 9, 8, 12, 6, 15, 17, 7, 3, 4, 19, 18, 14]|[0, 2, 0, 2, 0, 1, 0, 2, 1, 0, 1, 0, 1, 0, 1, 2, 1, 2, 1, 0]|[0, 0, 3, 0, 3, 1, 2, 0, 1, 3, 1, 2, 1, 3, 1, 0, 1, 0, 1, 3]|[0, 0, 1, 1, 2, 1, 0, 0, 1, 2, 1, 2, 1, 2, 1, 1, 1, 1, 1, 0],324.504537656845;9603.207679671674;16878.932030353728,9603.207679671674,NOT_APPLICABLE,NOT_APPLICABLE,NOT_APPLICABLE,12
40,1,4000,G3_TWC,PREVIOUS,[18, 0, 4, 6, 7, 12, 1, 5, 9, 2, 14, 10, 15, 17, 8, 11, 19, 16, 13, 3]|[0, 0, 2, 0, 0, 1, 0, 2, 1, 2, 0, 2, 0, 0, 0, 0, 2, 1, 1, 0]|[1, 2, 0, 2, 3, 1, 2, 0, 1, 0, 2, 0, 2, 3, 3, 0, 0, 1, 1, 3]|[1, 0, 0, 2, 2, 1, 0, 0, 1, 1, 0, 1, 0, 1, 2, 0, 1, 1, 1, 1],343.780283759491;10336.508449413604;13207.012461859873,0,false,[18, 0, 4, 6, 7, 12, 1, 5, 9, 2, 14, 10, 15, 17, 8, 11, 19, 16, 13, 3]|[0, 0, 2, 0, 0, 1, 0, 2, 1, 2, 0, 2, 0, 0, 0, 0, 2, 1, 1, 0]|[1, 2, 0, 2, 3, 1, 2, 0, 1, 0, 2, 0, 2, 3, 3, 0, 0, 1, 1, 3]|[1, 0, 0, 2, 2, 1, 0, 0, 1, 1, 0, 1, 0, 1, 2, 0, 1, 1, 1, 1],343.780283759491;10336.508449413604;13207.012461859873,13207.012461859873,NOT_APPLICABLE,NOT_APPLICABLE,NOT_APPLICABLE,16
40,1,4000,G3_TWC,HISTORICAL,[18, 0, 4, 6, 7, 12, 1, 5, 9, 2, 14, 10, 15, 17, 8, 11, 19, 16, 13, 3]|[0, 0, 2, 0, 0, 1, 0, 2, 1, 2, 0, 2, 0, 0, 0, 0, 2, 1, 1, 0]|[1, 2, 0, 2, 3, 1, 2, 0, 1, 0, 2, 0, 2, 3, 3, 0, 0, 1, 1, 3]|[1, 0, 0, 2, 2, 1, 0, 0, 1, 1, 0, 1, 0, 1, 2, 0, 1, 1, 1, 1],343.780283759491;10336.508449413604;13207.012461859873,0,false,[18, 0, 4, 6, 7, 12, 1, 5, 9, 2, 14, 10, 15, 17, 8, 11, 19, 16, 13, 3]|[0, 0, 2, 0, 0, 1, 0, 2, 1, 2, 0, 2, 0, 0, 0, 0, 2, 1, 1, 0]|[1, 2, 0, 2, 3, 1, 2, 0, 1, 0, 2, 0, 2, 3, 3, 0, 0, 1, 1, 3]|[1, 0, 0, 2, 2, 1, 0, 0, 1, 1, 0, 1, 0, 1, 2, 0, 1, 1, 1, 1],343.780283759491;10336.508449413604;13207.012461859873,13207.012461859873,NOT_APPLICABLE,NOT_APPLICABLE,NOT_APPLICABLE,12
40,1,4000,G4_BALANCED,PREVIOUS,[11, 4, 2, 12, 13, 16, 1, 0, 9, 5, 14, 6, 15, 17, 19, 7, 18, 10, 3, 8]|[0, 2, 2, 0, 1, 1, 0, 2, 1, 1, 0, 0, 1, 1, 2, 0, 0, 2, 0, 0]|[0, 0, 0, 2, 1, 1, 2, 0, 1, 1, 3, 2, 1, 0, 0, 3, 0, 0, 3, 3]|[0, 0, 1, 2, 0, 1, 0, 0, 1, 1, 0, 2, 0, 1, 1, 2, 0, 1, 1, 2],273.184151698887;9968.052061648760;16031.080694213760,0,false,[11, 4, 2, 12, 13, 16, 1, 0, 9, 5, 14, 6, 15, 17, 19, 7, 18, 10, 3, 8]|[0, 2, 2, 0, 1, 1, 0, 2, 1, 1, 0, 0, 1, 1, 2, 0, 0, 2, 0, 0]|[0, 0, 0, 2, 1, 1, 2, 0, 1, 1, 3, 2, 1, 0, 0, 3, 0, 0, 3, 3]|[0, 0, 1, 2, 0, 1, 0, 0, 1, 1, 0, 2, 0, 1, 1, 2, 0, 1, 1, 2],273.184151698887;9968.052061648760;16031.080694213760,0.370551110161,NOT_APPLICABLE,NOT_APPLICABLE,NOT_APPLICABLE,26
40,1,4000,G4_BALANCED,HISTORICAL,[11, 4, 2, 12, 13, 16, 1, 0, 9, 5, 14, 6, 15, 17, 19, 7, 18, 10, 3, 8]|[0, 2, 2, 0, 1, 1, 0, 2, 1, 1, 0, 0, 1, 1, 2, 0, 0, 2, 0, 0]|[0, 0, 0, 2, 1, 1, 2, 0, 1, 1, 3, 2, 1, 0, 0, 3, 0, 0, 3, 3]|[0, 0, 1, 2, 0, 1, 0, 0, 1, 1, 0, 2, 0, 1, 1, 2, 0, 1, 1, 2],273.184151698887;9968.052061648760;16031.080694213760,0,false,[11, 4, 2, 12, 13, 16, 1, 0, 9, 5, 14, 6, 15, 17, 19, 7, 18, 10, 3, 8]|[0, 2, 2, 0, 1, 1, 0, 2, 1, 1, 0, 0, 1, 1, 2, 0, 0, 2, 0, 0]|[0, 0, 0, 2, 1, 1, 2, 0, 1, 1, 3, 2, 1, 0, 0, 3, 0, 0, 3, 3]|[0, 0, 1, 2, 0, 1, 0, 0, 1, 1, 0, 2, 0, 1, 1, 2, 0, 1, 1, 2],273.184151698887;9968.052061648760;16031.080694213760,0.370551110161,NOT_APPLICABLE,NOT_APPLICABLE,NOT_APPLICABLE,6
41,1,4100,G1_CMAX,PREVIOUS,[2, 5, 18, 3, 17, 16, 10, 19, 9, 6, 12, 11, 13, 1, 15, 4, 0, 7, 8, 14]|[2, 2, 1, 2, 2, 2, 2, 1, 0, 0, 1, 2, 1, 1, 1, 0, 2, 1, 0, 0]|[0, 1, 1, 0, 1, 1, 0, 0, 0, 2, 1, 0, 1, 1, 1, 0, 0, 1, 3, 3]|[1, 0, 0, 1, 0, 0, 1, 1, 0, 2, 1, 1, 1, 1, 0, 1, 1, 1, 2, 0],207.038652060896;10678.994280927946;18312.249608546757,0,false,[2, 5, 18, 3, 17, 16, 10, 19, 9, 6, 12, 11, 13, 1, 15, 4, 0, 7, 8, 14]|[2, 2, 1, 2, 2, 2, 2, 1, 0, 0, 1, 2, 1, 1, 1, 0, 2, 1, 0, 0]|[0, 1, 1, 0, 1, 1, 0, 0, 0, 2, 1, 0, 1, 1, 1, 0, 0, 1, 3, 3]|[1, 0, 0, 1, 0, 0, 1, 1, 0, 2, 1, 1, 1, 1, 0, 1, 1, 1, 2, 0],207.038652060896;10678.994280927946;18312.249608546757,207.038652060896,NOT_APPLICABLE,NOT_APPLICABLE,NOT_APPLICABLE,14
41,1,4100,G1_CMAX,HISTORICAL,[2, 5, 18, 3, 17, 16, 10, 19, 9, 6, 12, 11, 13, 1, 15, 4, 0, 7, 8, 14]|[2, 2, 1, 2, 2, 2, 2, 1, 0, 0, 1, 2, 1, 1, 1, 0, 2, 1, 0, 0]|[0, 1, 1, 0, 1, 1, 0, 0, 0, 2, 1, 0, 1, 1, 1, 0, 0, 1, 3, 3]|[1, 0, 0, 1, 0, 0, 1, 1, 0, 2, 1, 1, 1, 1, 0, 1, 1, 1, 2, 0],207.038652060896;10678.994280927946;18312.249608546757,0,false,[2, 5, 18, 3, 17, 16, 10, 19, 9, 6, 12, 11, 13, 1, 15, 4, 0, 7, 8, 14]|[2, 2, 1, 2, 2, 2, 2, 1, 0, 0, 1, 2, 1, 1, 1, 0, 2, 1, 0, 0]|[0, 1, 1, 0, 1, 1, 0, 0, 0, 2, 1, 0, 1, 1, 1, 0, 0, 1, 3, 3]|[1, 0, 0, 1, 0, 0, 1, 1, 0, 2, 1, 1, 1, 1, 0, 1, 1, 1, 2, 0],207.038652060896;10678.994280927946;18312.249608546757,207.038652060896,NOT_APPLICABLE,NOT_APPLICABLE,NOT_APPLICABLE,17
41,1,4100,G2_TEC,PREVIOUS,[11, 5, 2, 10, 13, 16, 1, 0, 9, 8, 12, 6, 15, 17, 7, 3, 4, 19, 18, 14]|[0, 2, 0, 2, 0, 1, 0, 2, 1, 0, 1, 0, 1, 0, 1, 2, 1, 2, 1, 0]|[0, 0, 3, 0, 3, 1, 2, 0, 1, 3, 1, 2, 1, 3, 1, 0, 1, 0, 1, 3]|[0, 0, 1, 1, 2, 1, 0, 0, 1, 2, 1, 2, 1, 2, 1, 1, 1, 1, 1, 0],324.504537656845;9603.207679671674;16878.932030353728,0,false,[11, 5, 2, 10, 13, 16, 1, 0, 9, 8, 12, 6, 15, 17, 7, 3, 4, 19, 18, 14]|[0, 2, 0, 2, 0, 1, 0, 2, 1, 0, 1, 0, 1, 0, 1, 2, 1, 2, 1, 0]|[0, 0, 3, 0, 3, 1, 2, 0, 1, 3, 1, 2, 1, 3, 1, 0, 1, 0, 1, 3]|[0, 0, 1, 1, 2, 1, 0, 0, 1, 2, 1, 2, 1, 2, 1, 1, 1, 1, 1, 0],324.504537656845;9603.207679671674;16878.932030353728,9603.207679671674,NOT_APPLICABLE,NOT_APPLICABLE,NOT_APPLICABLE,11
41,1,4100,G2_TEC,HISTORICAL,[11, 5, 2, 10, 13, 16, 1, 0, 9, 8, 12, 6, 15, 17, 7, 3, 4, 19, 18, 14]|[0, 2, 0, 2, 0, 1, 0, 2, 1, 0, 1, 0, 1, 0, 1, 2, 1, 2, 1, 0]|[0, 0, 3, 0, 3, 1, 2, 0, 1, 3, 1, 2, 1, 3, 1, 0, 1, 0, 1, 3]|[0, 0, 1, 1, 2, 1, 0, 0, 1, 2, 1, 2, 1, 2, 1, 1, 1, 1, 1, 0],324.504537656845;9603.207679671674;16878.932030353728,0,false,[11, 5, 2, 10, 13, 16, 1, 0, 9, 8, 12, 6, 15, 17, 7, 3, 4, 19, 18, 14]|[0, 2, 0, 2, 0, 1, 0, 2, 1, 0, 1, 0, 1, 0, 1, 2, 1, 2, 1, 0]|[0, 0, 3, 0, 3, 1, 2, 0, 1, 3, 1, 2, 1, 3, 1, 0, 1, 0, 1, 3]|[0, 0, 1, 1, 2, 1, 0, 0, 1, 2, 1, 2, 1, 2, 1, 1, 1, 1, 1, 0],324.504537656845;9603.207679671674;16878.932030353728,9603.207679671674,NOT_APPLICABLE,NOT_APPLICABLE,NOT_APPLICABLE,13
41,1,4100,G3_TWC,PREVIOUS,[18, 0, 4, 6, 7, 12, 1, 5, 9, 2, 14, 10, 15, 17, 8, 11, 19, 16, 13, 3]|[0, 0, 2, 0, 0, 1, 0, 2, 1, 2, 0, 2, 0, 0, 0, 0, 2, 1, 1, 0]|[1, 2, 0, 2, 3, 1, 2, 0, 1, 0, 2, 0, 2, 3, 3, 0, 0, 1, 1, 3]|[1, 0, 0, 2, 2, 1, 0, 0, 1, 1, 0, 1, 0, 1, 2, 0, 1, 1, 1, 1],343.780283759491;10336.508449413604;13207.012461859873,0,false,[18, 0, 4, 6, 7, 12, 1, 5, 9, 2, 14, 10, 15, 17, 8, 11, 19, 16, 13, 3]|[0, 0, 2, 0, 0, 1, 0, 2, 1, 2, 0, 2, 0, 0, 0, 0, 2, 1, 1, 0]|[1, 2, 0, 2, 3, 1, 2, 0, 1, 0, 2, 0, 2, 3, 3, 0, 0, 1, 1, 3]|[1, 0, 0, 2, 2, 1, 0, 0, 1, 1, 0, 1, 0, 1, 2, 0, 1, 1, 1, 1],343.780283759491;10336.508449413604;13207.012461859873,13207.012461859873,NOT_APPLICABLE,NOT_APPLICABLE,NOT_APPLICABLE,17
41,1,4100,G3_TWC,HISTORICAL,[18, 0, 4, 6, 7, 12, 1, 5, 9, 2, 14, 10, 15, 17, 8, 11, 19, 16, 13, 3]|[0, 0, 2, 0, 0, 1, 0, 2, 1, 2, 0, 2, 0, 0, 0, 0, 2, 1, 1, 0]|[1, 2, 0, 2, 3, 1, 2, 0, 1, 0, 2, 0, 2, 3, 3, 0, 0, 1, 1, 3]|[1, 0, 0, 2, 2, 1, 0, 0, 1, 1, 0, 1, 0, 1, 2, 0, 1, 1, 1, 1],343.780283759491;10336.508449413604;13207.012461859873,0,false,[18, 0, 4, 6, 7, 12, 1, 5, 9, 2, 14, 10, 15, 17, 8, 11, 19, 16, 13, 3]|[0, 0, 2, 0, 0, 1, 0, 2, 1, 2, 0, 2, 0, 0, 0, 0, 2, 1, 1, 0]|[1, 2, 0, 2, 3, 1, 2, 0, 1, 0, 2, 0, 2, 3, 3, 0, 0, 1, 1, 3]|[1, 0, 0, 2, 2, 1, 0, 0, 1, 1, 0, 1, 0, 1, 2, 0, 1, 1, 1, 1],343.780283759491;10336.508449413604;13207.012461859873,13207.012461859873,NOT_APPLICABLE,NOT_APPLICABLE,NOT_APPLICABLE,12
41,1,4100,G4_BALANCED,PREVIOUS,[11, 4, 2, 12, 13, 16, 1, 0, 9, 5, 14, 6, 15, 17, 19, 7, 18, 10, 3, 8]|[0, 2, 2, 0, 1, 1, 0, 2, 1, 1, 0, 0, 1, 1, 2, 0, 0, 2, 0, 0]|[0, 0, 0, 2, 1, 1, 2, 0, 1, 1, 3, 2, 1, 0, 0, 3, 0, 0, 3, 3]|[0, 0, 1, 2, 0, 1, 0, 0, 1, 1, 0, 2, 0, 1, 1, 2, 0, 1, 1, 2],273.184151698887;9968.052061648760;16031.080694213760,0,false,[11, 4, 2, 12, 13, 16, 1, 0, 9, 5, 14, 6, 15, 17, 19, 7, 18, 10, 3, 8]|[0, 2, 2, 0, 1, 1, 0, 2, 1, 1, 0, 0, 1, 1, 2, 0, 0, 2, 0, 0]|[0, 0, 0, 2, 1, 1, 2, 0, 1, 1, 3, 2, 1, 0, 0, 3, 0, 0, 3, 3]|[0, 0, 1, 2, 0, 1, 0, 0, 1, 1, 0, 2, 0, 1, 1, 2, 0, 1, 1, 2],273.184151698887;9968.052061648760;16031.080694213760,0.370551110161,NOT_APPLICABLE,NOT_APPLICABLE,NOT_APPLICABLE,27
41,1,4100,G4_BALANCED,HISTORICAL,[11, 4, 2, 12, 13, 16, 1, 0, 9, 5, 14, 6, 15, 17, 19, 7, 18, 10, 3, 8]|[0, 2, 2, 0, 1, 1, 0, 2, 1, 1, 0, 0, 1, 1, 2, 0, 0, 2, 0, 0]|[0, 0, 0, 2, 1, 1, 2, 0, 1, 1, 3, 2, 1, 0, 0, 3, 0, 0, 3, 3]|[0, 0, 1, 2, 0, 1, 0, 0, 1, 1, 0, 2, 0, 1, 1, 2, 0, 1, 1, 2],273.184151698887;9968.052061648760;16031.080694213760,0,false,[11, 4, 2, 12, 13, 16, 1, 0, 9, 5, 14, 6, 15, 17, 19, 7, 18, 10, 3, 8]|[0, 2, 2, 0, 1, 1, 0, 2, 1, 1, 0, 0, 1, 1, 2, 0, 0, 2, 0, 0]|[0, 0, 0, 2, 1, 1, 2, 0, 1, 1, 3, 2, 1, 0, 0, 3, 0, 0, 3, 3]|[0, 0, 1, 2, 0, 1, 0, 0, 1, 1, 0, 2, 0, 1, 1, 2, 0, 1, 1, 2],273.184151698887;9968.052061648760;16031.080694213760,0.370551110161,NOT_APPLICABLE,NOT_APPLICABLE,NOT_APPLICABLE,6
42,1,4200,G1_CMAX,PREVIOUS,[2, 5, 18, 3, 17, 16, 10, 19, 9, 6, 12, 11, 0, 8, 4, 15, 7, 14, 1, 13]|[2, 2, 1, 2, 2, 2, 2, 1, 0, 0, 1, 2, 2, 0, 0, 1, 1, 0, 1, 1]|[0, 1, 1, 0, 1, 1, 0, 0, 0, 2, 0, 0, 0, 3, 0, 1, 1, 3, 1, 1]|[1, 0, 0, 1, 0, 0, 1, 1, 0, 2, 1, 1, 1, 2, 1, 0, 1, 0, 1, 1],203.680988390281;10730.053037185788;17590.401652550340,0,false,[2, 5, 18, 3, 17, 16, 10, 19, 9, 6, 12, 11, 0, 8, 4, 15, 7, 14, 1, 13]|[2, 2, 1, 2, 2, 2, 2, 1, 0, 0, 1, 2, 2, 0, 0, 1, 1, 0, 1, 1]|[0, 1, 1, 0, 1, 1, 0, 0, 0, 2, 0, 0, 0, 3, 0, 1, 1, 3, 1, 1]|[1, 0, 0, 1, 0, 0, 1, 1, 0, 2, 1, 1, 1, 2, 1, 0, 1, 0, 1, 1],203.680988390281;10730.053037185788;17590.401652550340,203.680988390281,NOT_APPLICABLE,NOT_APPLICABLE,NOT_APPLICABLE,14
42,1,4200,G1_CMAX,HISTORICAL,[2, 5, 18, 3, 17, 16, 10, 19, 9, 6, 12, 11, 0, 8, 4, 15, 7, 14, 1, 13]|[2, 2, 1, 2, 2, 2, 2, 1, 0, 0, 1, 2, 2, 0, 0, 1, 1, 0, 1, 1]|[0, 1, 1, 0, 1, 1, 0, 0, 0, 2, 0, 0, 0, 3, 0, 1, 1, 3, 1, 1]|[1, 0, 0, 1, 0, 0, 1, 1, 0, 2, 1, 1, 1, 2, 1, 0, 1, 0, 1, 1],203.680988390281;10730.053037185788;17590.401652550340,0,false,[2, 5, 18, 3, 17, 16, 10, 19, 9, 6, 12, 11, 0, 8, 4, 15, 7, 14, 1, 13]|[2, 2, 1, 2, 2, 2, 2, 1, 0, 0, 1, 2, 2, 0, 0, 1, 1, 0, 1, 1]|[0, 1, 1, 0, 1, 1, 0, 0, 0, 2, 0, 0, 0, 3, 0, 1, 1, 3, 1, 1]|[1, 0, 0, 1, 0, 0, 1, 1, 0, 2, 1, 1, 1, 2, 1, 0, 1, 0, 1, 1],203.680988390281;10730.053037185788;17590.401652550340,203.680988390281,NOT_APPLICABLE,NOT_APPLICABLE,NOT_APPLICABLE,17
42,1,4200,G2_TEC,PREVIOUS,[11, 5, 2, 10, 13, 16, 1, 0, 9, 8, 12, 6, 15, 17, 7, 3, 4, 19, 18, 14]|[0, 2, 0, 2, 0, 1, 0, 2, 1, 0, 1, 0, 1, 0, 1, 2, 1, 2, 1, 0]|[0, 0, 3, 0, 3, 1, 2, 0, 1, 3, 1, 2, 1, 3, 1, 0, 1, 0, 1, 3]|[0, 0, 1, 1, 2, 1, 0, 0, 1, 2, 1, 2, 1, 2, 1, 1, 1, 1, 1, 0],324.504537656845;9603.207679671674;16878.932030353728,0,false,[11, 5, 2, 10, 13, 16, 1, 0, 9, 8, 12, 6, 15, 17, 7, 3, 4, 19, 18, 14]|[0, 2, 0, 2, 0, 1, 0, 2, 1, 0, 1, 0, 1, 0, 1, 2, 1, 2, 1, 0]|[0, 0, 3, 0, 3, 1, 2, 0, 1, 3, 1, 2, 1, 3, 1, 0, 1, 0, 1, 3]|[0, 0, 1, 1, 2, 1, 0, 0, 1, 2, 1, 2, 1, 2, 1, 1, 1, 1, 1, 0],324.504537656845;9603.207679671674;16878.932030353728,9603.207679671674,NOT_APPLICABLE,NOT_APPLICABLE,NOT_APPLICABLE,11
42,1,4200,G2_TEC,HISTORICAL,[11, 5, 2, 10, 13, 16, 1, 0, 9, 8, 12, 6, 15, 17, 7, 3, 4, 19, 18, 14]|[0, 2, 0, 2, 0, 1, 0, 2, 1, 0, 1, 0, 1, 0, 1, 2, 1, 2, 1, 0]|[0, 0, 3, 0, 3, 1, 2, 0, 1, 3, 1, 2, 1, 3, 1, 0, 1, 0, 1, 3]|[0, 0, 1, 1, 2, 1, 0, 0, 1, 2, 1, 2, 1, 2, 1, 1, 1, 1, 1, 0],324.504537656845;9603.207679671674;16878.932030353728,0,false,[11, 5, 2, 10, 13, 16, 1, 0, 9, 8, 12, 6, 15, 17, 7, 3, 4, 19, 18, 14]|[0, 2, 0, 2, 0, 1, 0, 2, 1, 0, 1, 0, 1, 0, 1, 2, 1, 2, 1, 0]|[0, 0, 3, 0, 3, 1, 2, 0, 1, 3, 1, 2, 1, 3, 1, 0, 1, 0, 1, 3]|[0, 0, 1, 1, 2, 1, 0, 0, 1, 2, 1, 2, 1, 2, 1, 1, 1, 1, 1, 0],324.504537656845;9603.207679671674;16878.932030353728,9603.207679671674,NOT_APPLICABLE,NOT_APPLICABLE,NOT_APPLICABLE,14
42,1,4200,G3_TWC,PREVIOUS,[18, 0, 4, 6, 7, 12, 1, 5, 9, 2, 14, 10, 15, 17, 8, 11, 19, 16, 13, 3]|[0, 0, 2, 0, 0, 1, 0, 2, 1, 2, 0, 2, 0, 0, 0, 0, 2, 1, 1, 0]|[1, 2, 0, 2, 3, 1, 2, 0, 1, 0, 2, 0, 2, 3, 3, 0, 0, 1, 1, 3]|[1, 0, 0, 2, 2, 1, 0, 0, 1, 1, 0, 1, 0, 1, 2, 0, 1, 1, 1, 1],343.780283759491;10336.508449413604;13207.012461859873,0,false,[18, 0, 4, 6, 7, 12, 1, 5, 9, 2, 14, 10, 15, 17, 8, 11, 19, 16, 13, 3]|[0, 0, 2, 0, 0, 1, 0, 2, 1, 2, 0, 2, 0, 0, 0, 0, 2, 1, 1, 0]|[1, 2, 0, 2, 3, 1, 2, 0, 1, 0, 2, 0, 2, 3, 3, 0, 0, 1, 1, 3]|[1, 0, 0, 2, 2, 1, 0, 0, 1, 1, 0, 1, 0, 1, 2, 0, 1, 1, 1, 1],343.780283759491;10336.508449413604;13207.012461859873,13207.012461859873,NOT_APPLICABLE,NOT_APPLICABLE,NOT_APPLICABLE,18
42,1,4200,G3_TWC,HISTORICAL,[18, 0, 4, 6, 7, 12, 1, 5, 9, 2, 14, 10, 15, 17, 8, 11, 19, 16, 13, 3]|[0, 0, 2, 0, 0, 1, 0, 2, 1, 2, 0, 2, 0, 0, 0, 0, 2, 1, 1, 0]|[1, 2, 0, 2, 3, 1, 2, 0, 1, 0, 2, 0, 2, 3, 3, 0, 0, 1, 1, 3]|[1, 0, 0, 2, 2, 1, 0, 0, 1, 1, 0, 1, 0, 1, 2, 0, 1, 1, 1, 1],343.780283759491;10336.508449413604;13207.012461859873,0,false,[18, 0, 4, 6, 7, 12, 1, 5, 9, 2, 14, 10, 15, 17, 8, 11, 19, 16, 13, 3]|[0, 0, 2, 0, 0, 1, 0, 2, 1, 2, 0, 2, 0, 0, 0, 0, 2, 1, 1, 0]|[1, 2, 0, 2, 3, 1, 2, 0, 1, 0, 2, 0, 2, 3, 3, 0, 0, 1, 1, 3]|[1, 0, 0, 2, 2, 1, 0, 0, 1, 1, 0, 1, 0, 1, 2, 0, 1, 1, 1, 1],343.780283759491;10336.508449413604;13207.012461859873,13207.012461859873,NOT_APPLICABLE,NOT_APPLICABLE,NOT_APPLICABLE,12
42,1,4200,G4_BALANCED,PREVIOUS,[11, 4, 2, 12, 13, 16, 1, 0, 9, 5, 14, 6, 15, 17, 19, 7, 18, 10, 3, 8]|[0, 2, 2, 0, 1, 1, 0, 2, 1, 1, 0, 0, 1, 1, 2, 0, 0, 2, 0, 0]|[0, 0, 0, 2, 1, 1, 2, 0, 1, 1, 3, 2, 1, 0, 0, 3, 0, 0, 3, 3]|[0, 0, 1, 2, 0, 1, 0, 0, 1, 1, 0, 2, 0, 1, 1, 2, 0, 1, 1, 2],273.184151698887;9968.052061648760;16031.080694213760,0,false,[11, 4, 2, 12, 13, 16, 1, 0, 9, 5, 14, 6, 15, 17, 19, 7, 18, 10, 3, 8]|[0, 2, 2, 0, 1, 1, 0, 2, 1, 1, 0, 0, 1, 1, 2, 0, 0, 2, 0, 0]|[0, 0, 0, 2, 1, 1, 2, 0, 1, 1, 3, 2, 1, 0, 0, 3, 0, 0, 3, 3]|[0, 0, 1, 2, 0, 1, 0, 0, 1, 1, 0, 2, 0, 1, 1, 2, 0, 1, 1, 2],273.184151698887;9968.052061648760;16031.080694213760,0.370551110161,NOT_APPLICABLE,NOT_APPLICABLE,NOT_APPLICABLE,28
42,1,4200,G4_BALANCED,HISTORICAL,[11, 4, 2, 12, 13, 16, 1, 0, 9, 5, 14, 6, 15, 17, 19, 7, 18, 10, 3, 8]|[0, 2, 2, 0, 1, 1, 0, 2, 1, 1, 0, 0, 1, 1, 2, 0, 0, 2, 0, 0]|[0, 0, 0, 2, 1, 1, 2, 0, 1, 1, 3, 2, 1, 0, 0, 3, 0, 0, 3, 3]|[0, 0, 1, 2, 0, 1, 0, 0, 1, 1, 0, 2, 0, 1, 1, 2, 0, 1, 1, 2],273.184151698887;9968.052061648760;16031.080694213760,0,false,[11, 4, 2, 12, 13, 16, 1, 0, 9, 5, 14, 6, 15, 17, 19, 7, 18, 10, 3, 8]|[0, 2, 2, 0, 1, 1, 0, 2, 1, 1, 0, 0, 1, 1, 2, 0, 0, 2, 0, 0]|[0, 0, 0, 2, 1, 1, 2, 0, 1, 1, 3, 2, 1, 0, 0, 3, 0, 0, 3, 3]|[0, 0, 1, 2, 0, 1, 0, 0, 1, 1, 0, 2, 0, 1, 1, 2, 0, 1, 1, 2],273.184151698887;9968.052061648760;16031.080694213760,0.370551110161,NOT_APPLICABLE,NOT_APPLICABLE,NOT_APPLICABLE,6
43,1,4300,G1_CMAX,PREVIOUS,[2, 5, 18, 3, 17, 16, 10, 19, 9, 6, 12, 11, 0, 8, 4, 15, 7, 14, 1, 13]|[2, 2, 1, 2, 2, 2, 2, 1, 0, 0, 1, 2, 2, 0, 0, 1, 1, 0, 1, 1]|[0, 1, 1, 0, 1, 1, 0, 0, 0, 2, 0, 0, 0, 3, 0, 1, 1, 3, 1, 1]|[1, 0, 0, 1, 0, 0, 1, 1, 0, 2, 1, 1, 1, 2, 1, 0, 1, 0, 1, 1],203.680988390281;10730.053037185788;17590.401652550340,0,false,[2, 5, 18, 3, 17, 16, 10, 19, 9, 6, 12, 11, 0, 8, 4, 15, 7, 14, 1, 13]|[2, 2, 1, 2, 2, 2, 2, 1, 0, 0, 1, 2, 2, 0, 0, 1, 1, 0, 1, 1]|[0, 1, 1, 0, 1, 1, 0, 0, 0, 2, 0, 0, 0, 3, 0, 1, 1, 3, 1, 1]|[1, 0, 0, 1, 0, 0, 1, 1, 0, 2, 1, 1, 1, 2, 1, 0, 1, 0, 1, 1],203.680988390281;10730.053037185788;17590.401652550340,203.680988390281,NOT_APPLICABLE,NOT_APPLICABLE,NOT_APPLICABLE,15
43,1,4300,G1_CMAX,HISTORICAL,[2, 5, 18, 3, 17, 16, 10, 19, 9, 6, 12, 11, 0, 8, 4, 15, 7, 14, 1, 13]|[2, 2, 1, 2, 2, 2, 2, 1, 0, 0, 1, 2, 2, 0, 0, 1, 1, 0, 1, 1]|[0, 1, 1, 0, 1, 1, 0, 0, 0, 2, 0, 0, 0, 3, 0, 1, 1, 3, 1, 1]|[1, 0, 0, 1, 0, 0, 1, 1, 0, 2, 1, 1, 1, 2, 1, 0, 1, 0, 1, 1],203.680988390281;10730.053037185788;17590.401652550340,0,false,[2, 5, 18, 3, 17, 16, 10, 19, 9, 6, 12, 11, 0, 8, 4, 15, 7, 14, 1, 13]|[2, 2, 1, 2, 2, 2, 2, 1, 0, 0, 1, 2, 2, 0, 0, 1, 1, 0, 1, 1]|[0, 1, 1, 0, 1, 1, 0, 0, 0, 2, 0, 0, 0, 3, 0, 1, 1, 3, 1, 1]|[1, 0, 0, 1, 0, 0, 1, 1, 0, 2, 1, 1, 1, 2, 1, 0, 1, 0, 1, 1],203.680988390281;10730.053037185788;17590.401652550340,203.680988390281,NOT_APPLICABLE,NOT_APPLICABLE,NOT_APPLICABLE,17
43,1,4300,G2_TEC,PREVIOUS,[11, 5, 2, 10, 13, 16, 1, 0, 9, 8, 12, 6, 15, 17, 7, 3, 4, 19, 18, 14]|[0, 2, 0, 2, 0, 1, 0, 2, 1, 0, 1, 0, 1, 0, 1, 2, 1, 2, 1, 0]|[0, 0, 3, 0, 3, 1, 2, 0, 1, 3, 1, 2, 1, 3, 1, 0, 1, 0, 1, 3]|[0, 0, 1, 1, 2, 1, 0, 0, 1, 2, 1, 2, 1, 2, 1, 1, 1, 1, 1, 0],324.504537656845;9603.207679671674;16878.932030353728,0,false,[11, 5, 2, 10, 13, 16, 1, 0, 9, 8, 12, 6, 15, 17, 7, 3, 4, 19, 18, 14]|[0, 2, 0, 2, 0, 1, 0, 2, 1, 0, 1, 0, 1, 0, 1, 2, 1, 2, 1, 0]|[0, 0, 3, 0, 3, 1, 2, 0, 1, 3, 1, 2, 1, 3, 1, 0, 1, 0, 1, 3]|[0, 0, 1, 1, 2, 1, 0, 0, 1, 2, 1, 2, 1, 2, 1, 1, 1, 1, 1, 0],324.504537656845;9603.207679671674;16878.932030353728,9603.207679671674,NOT_APPLICABLE,NOT_APPLICABLE,NOT_APPLICABLE,11
43,1,4300,G2_TEC,HISTORICAL,[11, 5, 2, 10, 13, 16, 1, 0, 9, 8, 12, 6, 15, 17, 7, 3, 4, 19, 18, 14]|[0, 2, 0, 2, 0, 1, 0, 2, 1, 0, 1, 0, 1, 0, 1, 2, 1, 2, 1, 0]|[0, 0, 3, 0, 3, 1, 2, 0, 1, 3, 1, 2, 1, 3, 1, 0, 1, 0, 1, 3]|[0, 0, 1, 1, 2, 1, 0, 0, 1, 2, 1, 2, 1, 2, 1, 1, 1, 1, 1, 0],324.504537656845;9603.207679671674;16878.932030353728,0,false,[11, 5, 2, 10, 13, 16, 1, 0, 9, 8, 12, 6, 15, 17, 7, 3, 4, 19, 18, 14]|[0, 2, 0, 2, 0, 1, 0, 2, 1, 0, 1, 0, 1, 0, 1, 2, 1, 2, 1, 0]|[0, 0, 3, 0, 3, 1, 2, 0, 1, 3, 1, 2, 1, 3, 1, 0, 1, 0, 1, 3]|[0, 0, 1, 1, 2, 1, 0, 0, 1, 2, 1, 2, 1, 2, 1, 1, 1, 1, 1, 0],324.504537656845;9603.207679671674;16878.932030353728,9603.207679671674,NOT_APPLICABLE,NOT_APPLICABLE,NOT_APPLICABLE,15
43,1,4300,G3_TWC,PREVIOUS,[18, 0, 4, 6, 7, 12, 1, 5, 9, 2, 14, 10, 15, 17, 8, 11, 19, 16, 13, 3]|[0, 0, 2, 0, 0, 1, 0, 2, 1, 2, 0, 2, 0, 0, 0, 0, 2, 1, 1, 0]|[1, 2, 0, 2, 3, 1, 2, 0, 1, 0, 2, 0, 2, 3, 3, 0, 0, 1, 1, 3]|[1, 0, 0, 2, 2, 1, 0, 0, 1, 1, 0, 1, 0, 1, 2, 0, 1, 1, 1, 1],343.780283759491;10336.508449413604;13207.012461859873,0,false,[18, 0, 4, 6, 7, 12, 1, 5, 9, 2, 14, 10, 15, 17, 8, 11, 19, 16, 13, 3]|[0, 0, 2, 0, 0, 1, 0, 2, 1, 2, 0, 2, 0, 0, 0, 0, 2, 1, 1, 0]|[1, 2, 0, 2, 3, 1, 2, 0, 1, 0, 2, 0, 2, 3, 3, 0, 0, 1, 1, 3]|[1, 0, 0, 2, 2, 1, 0, 0, 1, 1, 0, 1, 0, 1, 2, 0, 1, 1, 1, 1],343.780283759491;10336.508449413604;13207.012461859873,13207.012461859873,NOT_APPLICABLE,NOT_APPLICABLE,NOT_APPLICABLE,19
43,1,4300,G3_TWC,HISTORICAL,[18, 0, 4, 6, 7, 12, 1, 5, 9, 2, 14, 10, 15, 17, 8, 11, 19, 16, 13, 3]|[0, 0, 2, 0, 0, 1, 0, 2, 1, 2, 0, 2, 0, 0, 0, 0, 2, 1, 1, 0]|[1, 2, 0, 2, 3, 1, 2, 0, 1, 0, 2, 0, 2, 3, 3, 0, 0, 1, 1, 3]|[1, 0, 0, 2, 2, 1, 0, 0, 1, 1, 0, 1, 0, 1, 2, 0, 1, 1, 1, 1],343.780283759491;10336.508449413604;13207.012461859873,0,false,[18, 0, 4, 6, 7, 12, 1, 5, 9, 2, 14, 10, 15, 17, 8, 11, 19, 16, 13, 3]|[0, 0, 2, 0, 0, 1, 0, 2, 1, 2, 0, 2, 0, 0, 0, 0, 2, 1, 1, 0]|[1, 2, 0, 2, 3, 1, 2, 0, 1, 0, 2, 0, 2, 3, 3, 0, 0, 1, 1, 3]|[1, 0, 0, 2, 2, 1, 0, 0, 1, 1, 0, 1, 0, 1, 2, 0, 1, 1, 1, 1],343.780283759491;10336.508449413604;13207.012461859873,13207.012461859873,NOT_APPLICABLE,NOT_APPLICABLE,NOT_APPLICABLE,12
43,1,4300,G4_BALANCED,PREVIOUS,[11, 4, 2, 12, 13, 16, 1, 0, 9, 5, 14, 6, 15, 17, 19, 7, 18, 10, 3, 8]|[0, 2, 2, 0, 1, 1, 0, 2, 1, 1, 0, 0, 1, 1, 2, 0, 0, 2, 0, 0]|[0, 0, 0, 2, 1, 1, 2, 0, 1, 1, 3, 2, 1, 0, 0, 3, 0, 0, 3, 3]|[0, 0, 1, 2, 0, 1, 0, 0, 1, 1, 0, 2, 0, 1, 1, 2, 0, 1, 1, 2],273.184151698887;9968.052061648760;16031.080694213760,0,false,[11, 4, 2, 12, 13, 16, 1, 0, 9, 5, 14, 6, 15, 17, 19, 7, 18, 10, 3, 8]|[0, 2, 2, 0, 1, 1, 0, 2, 1, 1, 0, 0, 1, 1, 2, 0, 0, 2, 0, 0]|[0, 0, 0, 2, 1, 1, 2, 0, 1, 1, 3, 2, 1, 0, 0, 3, 0, 0, 3, 3]|[0, 0, 1, 2, 0, 1, 0, 0, 1, 1, 0, 2, 0, 1, 1, 2, 0, 1, 1, 2],273.184151698887;9968.052061648760;16031.080694213760,0.370551110161,NOT_APPLICABLE,NOT_APPLICABLE,NOT_APPLICABLE,29
43,1,4300,G4_BALANCED,HISTORICAL,[11, 4, 2, 12, 13, 16, 1, 0, 9, 5, 14, 6, 15, 17, 19, 7, 18, 10, 3, 8]|[0, 2, 2, 0, 1, 1, 0, 2, 1, 1, 0, 0, 1, 1, 2, 0, 0, 2, 0, 0]|[0, 0, 0, 2, 1, 1, 2, 0, 1, 1, 3, 2, 1, 0, 0, 3, 0, 0, 3, 3]|[0, 0, 1, 2, 0, 1, 0, 0, 1, 1, 0, 2, 0, 1, 1, 2, 0, 1, 1, 2],273.184151698887;9968.052061648760;16031.080694213760,0,false,[11, 4, 2, 12, 13, 16, 1, 0, 9, 5, 14, 6, 15, 17, 19, 7, 18, 10, 3, 8]|[0, 2, 2, 0, 1, 1, 0, 2, 1, 1, 0, 0, 1, 1, 2, 0, 0, 2, 0, 0]|[0, 0, 0, 2, 1, 1, 2, 0, 1, 1, 3, 2, 1, 0, 0, 3, 0, 0, 3, 3]|[0, 0, 1, 2, 0, 1, 0, 0, 1, 1, 0, 2, 0, 1, 1, 2, 0, 1, 1, 2],273.184151698887;9968.052061648760;16031.080694213760,0.370551110161,NOT_APPLICABLE,NOT_APPLICABLE,NOT_APPLICABLE,6
44,1,4400,G1_CMAX,PREVIOUS,[2, 5, 18, 3, 17, 16, 10, 19, 9, 6, 12, 11, 0, 8, 4, 15, 7, 14, 1, 13]|[2, 2, 1, 2, 2, 2, 2, 1, 0, 0, 1, 2, 2, 0, 0, 1, 1, 0, 1, 1]|[0, 1, 1, 0, 1, 1, 0, 0, 0, 2, 0, 0, 0, 3, 0, 1, 1, 3, 1, 1]|[1, 0, 0, 1, 0, 0, 1, 1, 0, 2, 1, 1, 1, 2, 1, 0, 1, 0, 1, 1],203.680988390281;10730.053037185788;17590.401652550340,0,false,[2, 5, 18, 3, 17, 16, 10, 19, 9, 6, 12, 11, 0, 8, 4, 15, 7, 14, 1, 13]|[2, 2, 1, 2, 2, 2, 2, 1, 0, 0, 1, 2, 2, 0, 0, 1, 1, 0, 1, 1]|[0, 1, 1, 0, 1, 1, 0, 0, 0, 2, 0, 0, 0, 3, 0, 1, 1, 3, 1, 1]|[1, 0, 0, 1, 0, 0, 1, 1, 0, 2, 1, 1, 1, 2, 1, 0, 1, 0, 1, 1],203.680988390281;10730.053037185788;17590.401652550340,203.680988390281,NOT_APPLICABLE,NOT_APPLICABLE,NOT_APPLICABLE,16
44,1,4400,G1_CMAX,HISTORICAL,[2, 5, 18, 3, 17, 16, 10, 19, 9, 6, 12, 11, 0, 8, 4, 15, 7, 14, 1, 13]|[2, 2, 1, 2, 2, 2, 2, 1, 0, 0, 1, 2, 2, 0, 0, 1, 1, 0, 1, 1]|[0, 1, 1, 0, 1, 1, 0, 0, 0, 2, 0, 0, 0, 3, 0, 1, 1, 3, 1, 1]|[1, 0, 0, 1, 0, 0, 1, 1, 0, 2, 1, 1, 1, 2, 1, 0, 1, 0, 1, 1],203.680988390281;10730.053037185788;17590.401652550340,0,false,[2, 5, 18, 3, 17, 16, 10, 19, 9, 6, 12, 11, 0, 8, 4, 15, 7, 14, 1, 13]|[2, 2, 1, 2, 2, 2, 2, 1, 0, 0, 1, 2, 2, 0, 0, 1, 1, 0, 1, 1]|[0, 1, 1, 0, 1, 1, 0, 0, 0, 2, 0, 0, 0, 3, 0, 1, 1, 3, 1, 1]|[1, 0, 0, 1, 0, 0, 1, 1, 0, 2, 1, 1, 1, 2, 1, 0, 1, 0, 1, 1],203.680988390281;10730.053037185788;17590.401652550340,203.680988390281,NOT_APPLICABLE,NOT_APPLICABLE,NOT_APPLICABLE,17
44,1,4400,G2_TEC,PREVIOUS,[11, 5, 2, 10, 13, 16, 1, 0, 9, 8, 12, 6, 15, 17, 7, 3, 4, 19, 18, 14]|[0, 2, 0, 2, 0, 1, 0, 2, 1, 0, 1, 0, 1, 0, 1, 2, 1, 2, 1, 0]|[0, 0, 3, 0, 3, 1, 2, 0, 1, 3, 1, 2, 1, 3, 1, 0, 1, 0, 1, 3]|[0, 0, 1, 1, 2, 1, 0, 0, 1, 2, 1, 2, 1, 2, 1, 1, 1, 1, 1, 0],324.504537656845;9603.207679671674;16878.932030353728,1,true,[11, 5, 2, 10, 13, 16, 1, 0, 9, 8, 12, 6, 18, 17, 7, 14, 4, 19, 3, 15]|[0, 2, 0, 2, 1, 1, 0, 2, 1, 0, 0, 0, 1, 0, 1, 0, 1, 2, 2, 1]|[0, 0, 3, 0, 1, 1, 3, 0, 1, 3, 3, 2, 1, 3, 1, 3, 1, 0, 0, 1]|[0, 0, 1, 1, 1, 1, 2, 0, 0, 2, 0, 2, 1, 2, 1, 0, 1, 1, 1, 1],323.111698304693;9473.819900388427;16740.022648635728,9473.819900388427,4400,4400,0,11
44,1,4400,G2_TEC,HISTORICAL,[11, 5, 2, 10, 13, 16, 1, 0, 9, 8, 12, 6, 15, 17, 7, 3, 4, 19, 18, 14]|[0, 2, 0, 2, 0, 1, 0, 2, 1, 0, 1, 0, 1, 0, 1, 2, 1, 2, 1, 0]|[0, 0, 3, 0, 3, 1, 2, 0, 1, 3, 1, 2, 1, 3, 1, 0, 1, 0, 1, 3]|[0, 0, 1, 1, 2, 1, 0, 0, 1, 2, 1, 2, 1, 2, 1, 1, 1, 1, 1, 0],324.504537656845;9603.207679671674;16878.932030353728,1,true,[11, 5, 2, 10, 13, 16, 1, 0, 9, 8, 12, 6, 18, 17, 7, 14, 4, 19, 3, 15]|[0, 2, 0, 2, 1, 1, 0, 2, 1, 0, 0, 0, 1, 0, 1, 0, 1, 2, 2, 1]|[0, 0, 3, 0, 1, 1, 3, 0, 1, 3, 3, 2, 1, 3, 1, 3, 1, 0, 0, 1]|[0, 0, 1, 1, 1, 1, 2, 0, 0, 2, 0, 2, 1, 2, 1, 0, 1, 1, 1, 1],323.111698304693;9473.819900388427;16740.022648635728,9473.819900388427,4400,4400,0,16
44,1,4400,G3_TWC,PREVIOUS,[18, 0, 4, 6, 7, 12, 1, 5, 9, 2, 14, 10, 15, 17, 8, 11, 19, 16, 13, 3]|[0, 0, 2, 0, 0, 1, 0, 2, 1, 2, 0, 2, 0, 0, 0, 0, 2, 1, 1, 0]|[1, 2, 0, 2, 3, 1, 2, 0, 1, 0, 2, 0, 2, 3, 3, 0, 0, 1, 1, 3]|[1, 0, 0, 2, 2, 1, 0, 0, 1, 1, 0, 1, 0, 1, 2, 0, 1, 1, 1, 1],343.780283759491;10336.508449413604;13207.012461859873,0,false,[18, 0, 4, 6, 7, 12, 1, 5, 9, 2, 14, 10, 15, 17, 8, 11, 19, 16, 13, 3]|[0, 0, 2, 0, 0, 1, 0, 2, 1, 2, 0, 2, 0, 0, 0, 0, 2, 1, 1, 0]|[1, 2, 0, 2, 3, 1, 2, 0, 1, 0, 2, 0, 2, 3, 3, 0, 0, 1, 1, 3]|[1, 0, 0, 2, 2, 1, 0, 0, 1, 1, 0, 1, 0, 1, 2, 0, 1, 1, 1, 1],343.780283759491;10336.508449413604;13207.012461859873,13207.012461859873,NOT_APPLICABLE,NOT_APPLICABLE,NOT_APPLICABLE,19
44,1,4400,G3_TWC,HISTORICAL,[18, 0, 4, 6, 7, 12, 1, 5, 9, 2, 14, 10, 15, 17, 8, 11, 19, 16, 13, 3]|[0, 0, 2, 0, 0, 1, 0, 2, 1, 2, 0, 2, 0, 0, 0, 0, 2, 1, 1, 0]|[1, 2, 0, 2, 3, 1, 2, 0, 1, 0, 2, 0, 2, 3, 3, 0, 0, 1, 1, 3]|[1, 0, 0, 2, 2, 1, 0, 0, 1, 1, 0, 1, 0, 1, 2, 0, 1, 1, 1, 1],343.780283759491;10336.508449413604;13207.012461859873,0,false,[18, 0, 4, 6, 7, 12, 1, 5, 9, 2, 14, 10, 15, 17, 8, 11, 19, 16, 13, 3]|[0, 0, 2, 0, 0, 1, 0, 2, 1, 2, 0, 2, 0, 0, 0, 0, 2, 1, 1, 0]|[1, 2, 0, 2, 3, 1, 2, 0, 1, 0, 2, 0, 2, 3, 3, 0, 0, 1, 1, 3]|[1, 0, 0, 2, 2, 1, 0, 0, 1, 1, 0, 1, 0, 1, 2, 0, 1, 1, 1, 1],343.780283759491;10336.508449413604;13207.012461859873,13207.012461859873,NOT_APPLICABLE,NOT_APPLICABLE,NOT_APPLICABLE,13
44,1,4400,G4_BALANCED,PREVIOUS,[11, 4, 2, 12, 13, 16, 1, 0, 9, 5, 14, 6, 15, 17, 19, 7, 18, 10, 3, 8]|[0, 2, 2, 0, 1, 1, 0, 2, 1, 1, 0, 0, 1, 1, 2, 0, 0, 2, 0, 0]|[0, 0, 0, 2, 1, 1, 2, 0, 1, 1, 3, 2, 1, 0, 0, 3, 0, 0, 3, 3]|[0, 0, 1, 2, 0, 1, 0, 0, 1, 1, 0, 2, 0, 1, 1, 2, 0, 1, 1, 2],273.184151698887;9968.052061648760;16031.080694213760,0,false,[11, 4, 2, 12, 13, 16, 1, 0, 9, 5, 14, 6, 15, 17, 19, 7, 18, 10, 3, 8]|[0, 2, 2, 0, 1, 1, 0, 2, 1, 1, 0, 0, 1, 1, 2, 0, 0, 2, 0, 0]|[0, 0, 0, 2, 1, 1, 2, 0, 1, 1, 3, 2, 1, 0, 0, 3, 0, 0, 3, 3]|[0, 0, 1, 2, 0, 1, 0, 0, 1, 1, 0, 2, 0, 1, 1, 2, 0, 1, 1, 2],273.184151698887;9968.052061648760;16031.080694213760,0.442330116408,NOT_APPLICABLE,NOT_APPLICABLE,NOT_APPLICABLE,30
44,1,4400,G4_BALANCED,HISTORICAL,[11, 4, 2, 12, 13, 16, 1, 0, 9, 5, 14, 6, 15, 17, 19, 7, 18, 10, 3, 8]|[0, 2, 2, 0, 1, 1, 0, 2, 1, 1, 0, 0, 1, 1, 2, 0, 0, 2, 0, 0]|[0, 0, 0, 2, 1, 1, 2, 0, 1, 1, 3, 2, 1, 0, 0, 3, 0, 0, 3, 3]|[0, 0, 1, 2, 0, 1, 0, 0, 1, 1, 0, 2, 0, 1, 1, 2, 0, 1, 1, 2],273.184151698887;9968.052061648760;16031.080694213760,0,false,[11, 4, 2, 12, 13, 16, 1, 0, 9, 5, 14, 6, 15, 17, 19, 7, 18, 10, 3, 8]|[0, 2, 2, 0, 1, 1, 0, 2, 1, 1, 0, 0, 1, 1, 2, 0, 0, 2, 0, 0]|[0, 0, 0, 2, 1, 1, 2, 0, 1, 1, 3, 2, 1, 0, 0, 3, 0, 0, 3, 3]|[0, 0, 1, 2, 0, 1, 0, 0, 1, 1, 0, 2, 0, 1, 1, 2, 0, 1, 1, 2],273.184151698887;9968.052061648760;16031.080694213760,0.442330116408,NOT_APPLICABLE,NOT_APPLICABLE,NOT_APPLICABLE,6
45,1,4500,G1_CMAX,PREVIOUS,[2, 5, 18, 3, 17, 16, 10, 19, 9, 6, 12, 11, 0, 8, 4, 15, 7, 14, 1, 13]|[2, 2, 1, 2, 2, 2, 2, 1, 0, 0, 1, 2, 2, 0, 0, 1, 1, 0, 1, 1]|[0, 1, 1, 0, 1, 1, 0, 0, 0, 2, 0, 0, 0, 3, 0, 1, 1, 3, 1, 1]|[1, 0, 0, 1, 0, 0, 1, 1, 0, 2, 1, 1, 1, 2, 1, 0, 1, 0, 1, 1],203.680988390281;10730.053037185788;17590.401652550340,0,false,[2, 5, 18, 3, 17, 16, 10, 19, 9, 6, 12, 11, 0, 8, 4, 15, 7, 14, 1, 13]|[2, 2, 1, 2, 2, 2, 2, 1, 0, 0, 1, 2, 2, 0, 0, 1, 1, 0, 1, 1]|[0, 1, 1, 0, 1, 1, 0, 0, 0, 2, 0, 0, 0, 3, 0, 1, 1, 3, 1, 1]|[1, 0, 0, 1, 0, 0, 1, 1, 0, 2, 1, 1, 1, 2, 1, 0, 1, 0, 1, 1],203.680988390281;10730.053037185788;17590.401652550340,203.680988390281,NOT_APPLICABLE,NOT_APPLICABLE,NOT_APPLICABLE,17
45,1,4500,G1_CMAX,HISTORICAL,[2, 5, 18, 3, 17, 16, 10, 19, 9, 6, 12, 11, 0, 8, 4, 15, 7, 14, 1, 13]|[2, 2, 1, 2, 2, 2, 2, 1, 0, 0, 1, 2, 2, 0, 0, 1, 1, 0, 1, 1]|[0, 1, 1, 0, 1, 1, 0, 0, 0, 2, 0, 0, 0, 3, 0, 1, 1, 3, 1, 1]|[1, 0, 0, 1, 0, 0, 1, 1, 0, 2, 1, 1, 1, 2, 1, 0, 1, 0, 1, 1],203.680988390281;10730.053037185788;17590.401652550340,0,false,[2, 5, 18, 3, 17, 16, 10, 19, 9, 6, 12, 11, 0, 8, 4, 15, 7, 14, 1, 13]|[2, 2, 1, 2, 2, 2, 2, 1, 0, 0, 1, 2, 2, 0, 0, 1, 1, 0, 1, 1]|[0, 1, 1, 0, 1, 1, 0, 0, 0, 2, 0, 0, 0, 3, 0, 1, 1, 3, 1, 1]|[1, 0, 0, 1, 0, 0, 1, 1, 0, 2, 1, 1, 1, 2, 1, 0, 1, 0, 1, 1],203.680988390281;10730.053037185788;17590.401652550340,203.680988390281,NOT_APPLICABLE,NOT_APPLICABLE,NOT_APPLICABLE,17
45,1,4500,G2_TEC,PREVIOUS,[11, 5, 2, 10, 13, 16, 1, 0, 9, 8, 12, 6, 18, 17, 7, 14, 4, 19, 3, 15]|[0, 2, 0, 2, 1, 1, 0, 2, 1, 0, 0, 0, 1, 0, 1, 0, 1, 2, 2, 1]|[0, 0, 3, 0, 1, 1, 3, 0, 1, 3, 3, 2, 1, 3, 1, 3, 1, 0, 0, 1]|[0, 0, 1, 1, 1, 1, 2, 0, 0, 2, 0, 2, 1, 2, 1, 0, 1, 1, 1, 1],323.111698304693;9473.819900388427;16740.022648635728,0,false,[11, 5, 2, 10, 13, 16, 1, 0, 9, 8, 12, 6, 18, 17, 7, 14, 4, 19, 3, 15]|[0, 2, 0, 2, 1, 1, 0, 2, 1, 0, 0, 0, 1, 0, 1, 0, 1, 2, 2, 1]|[0, 0, 3, 0, 1, 1, 3, 0, 1, 3, 3, 2, 1, 3, 1, 3, 1, 0, 0, 1]|[0, 0, 1, 1, 1, 1, 2, 0, 0, 2, 0, 2, 1, 2, 1, 0, 1, 1, 1, 1],323.111698304693;9473.819900388427;16740.022648635728,9473.819900388427,NOT_APPLICABLE,NOT_APPLICABLE,NOT_APPLICABLE,11
45,1,4500,G2_TEC,HISTORICAL,[11, 5, 2, 10, 13, 16, 1, 0, 9, 8, 12, 6, 18, 17, 7, 14, 4, 19, 3, 15]|[0, 2, 0, 2, 1, 1, 0, 2, 1, 0, 0, 0, 1, 0, 1, 0, 1, 2, 2, 1]|[0, 0, 3, 0, 1, 1, 3, 0, 1, 3, 3, 2, 1, 3, 1, 3, 1, 0, 0, 1]|[0, 0, 1, 1, 1, 1, 2, 0, 0, 2, 0, 2, 1, 2, 1, 0, 1, 1, 1, 1],323.111698304693;9473.819900388427;16740.022648635728,0,false,[11, 5, 2, 10, 13, 16, 1, 0, 9, 8, 12, 6, 18, 17, 7, 14, 4, 19, 3, 15]|[0, 2, 0, 2, 1, 1, 0, 2, 1, 0, 0, 0, 1, 0, 1, 0, 1, 2, 2, 1]|[0, 0, 3, 0, 1, 1, 3, 0, 1, 3, 3, 2, 1, 3, 1, 3, 1, 0, 0, 1]|[0, 0, 1, 1, 1, 1, 2, 0, 0, 2, 0, 2, 1, 2, 1, 0, 1, 1, 1, 1],323.111698304693;9473.819900388427;16740.022648635728,9473.819900388427,NOT_APPLICABLE,NOT_APPLICABLE,NOT_APPLICABLE,17
45,1,4500,G3_TWC,PREVIOUS,[18, 0, 4, 6, 7, 12, 1, 5, 9, 2, 14, 10, 15, 17, 8, 11, 19, 16, 13, 3]|[0, 0, 2, 0, 0, 1, 0, 2, 1, 2, 0, 2, 0, 0, 0, 0, 2, 1, 1, 0]|[1, 2, 0, 2, 3, 1, 2, 0, 1, 0, 2, 0, 2, 3, 3, 0, 0, 1, 1, 3]|[1, 0, 0, 2, 2, 1, 0, 0, 1, 1, 0, 1, 0, 1, 2, 0, 1, 1, 1, 1],343.780283759491;10336.508449413604;13207.012461859873,1,true,[18, 0, 4, 6, 7, 12, 1, 5, 9, 2, 14, 3, 10, 17, 19, 13, 11, 16, 15, 8]|[0, 0, 2, 0, 0, 1, 0, 2, 1, 2, 0, 0, 2, 0, 2, 0, 0, 1, 1, 0]|[1, 2, 0, 2, 3, 1, 2, 0, 1, 0, 2, 3, 0, 3, 0, 3, 0, 1, 1, 3]|[1, 0, 0, 2, 2, 1, 0, 0, 1, 1, 0, 1, 1, 1, 1, 2, 0, 1, 0, 2],335.580410576488;10278.657859762629;13119.081694114530,13119.081694114530,4500,4500,0,19
45,1,4500,G3_TWC,HISTORICAL,[18, 0, 4, 6, 7, 12, 1, 5, 9, 2, 14, 10, 15, 17, 8, 11, 19, 16, 13, 3]|[0, 0, 2, 0, 0, 1, 0, 2, 1, 2, 0, 2, 0, 0, 0, 0, 2, 1, 1, 0]|[1, 2, 0, 2, 3, 1, 2, 0, 1, 0, 2, 0, 2, 3, 3, 0, 0, 1, 1, 3]|[1, 0, 0, 2, 2, 1, 0, 0, 1, 1, 0, 1, 0, 1, 2, 0, 1, 1, 1, 1],343.780283759491;10336.508449413604;13207.012461859873,1,true,[18, 0, 4, 6, 7, 12, 1, 5, 9, 2, 14, 3, 10, 17, 19, 13, 11, 16, 15, 8]|[0, 0, 2, 0, 0, 1, 0, 2, 1, 2, 0, 0, 2, 0, 2, 0, 0, 1, 1, 0]|[1, 2, 0, 2, 3, 1, 2, 0, 1, 0, 2, 3, 0, 3, 0, 3, 0, 1, 1, 3]|[1, 0, 0, 2, 2, 1, 0, 0, 1, 1, 0, 1, 1, 1, 1, 2, 0, 1, 0, 2],335.580410576488;10278.657859762629;13119.081694114530,13119.081694114530,4500,4500,0,14
45,1,4500,G4_BALANCED,PREVIOUS,[11, 4, 2, 12, 13, 16, 1, 0, 9, 5, 14, 6, 15, 17, 19, 7, 18, 10, 3, 8]|[0, 2, 2, 0, 1, 1, 0, 2, 1, 1, 0, 0, 1, 1, 2, 0, 0, 2, 0, 0]|[0, 0, 0, 2, 1, 1, 2, 0, 1, 1, 3, 2, 1, 0, 0, 3, 0, 0, 3, 3]|[0, 0, 1, 2, 0, 1, 0, 0, 1, 1, 0, 2, 0, 1, 1, 2, 0, 1, 1, 2],273.184151698887;9968.052061648760;16031.080694213760,0,false,[11, 4, 2, 12, 13, 16, 1, 0, 9, 5, 14, 6, 15, 17, 19, 7, 18, 10, 3, 8]|[0, 2, 2, 0, 1, 1, 0, 2, 1, 1, 0, 0, 1, 1, 2, 0, 0, 2, 0, 0]|[0, 0, 0, 2, 1, 1, 2, 0, 1, 1, 3, 2, 1, 0, 0, 3, 0, 0, 3, 3]|[0, 0, 1, 2, 0, 1, 0, 0, 1, 1, 0, 2, 0, 1, 1, 2, 0, 1, 1, 2],273.184151698887;9968.052061648760;16031.080694213760,0.442330116408,NOT_APPLICABLE,NOT_APPLICABLE,NOT_APPLICABLE,31
45,1,4500,G4_BALANCED,HISTORICAL,[11, 4, 2, 12, 13, 16, 1, 0, 9, 5, 14, 6, 15, 17, 19, 7, 18, 10, 3, 8]|[0, 2, 2, 0, 1, 1, 0, 2, 1, 1, 0, 0, 1, 1, 2, 0, 0, 2, 0, 0]|[0, 0, 0, 2, 1, 1, 2, 0, 1, 1, 3, 2, 1, 0, 0, 3, 0, 0, 3, 3]|[0, 0, 1, 2, 0, 1, 0, 0, 1, 1, 0, 2, 0, 1, 1, 2, 0, 1, 1, 2],273.184151698887;9968.052061648760;16031.080694213760,0,false,[11, 4, 2, 12, 13, 16, 1, 0, 9, 5, 14, 6, 15, 17, 19, 7, 18, 10, 3, 8]|[0, 2, 2, 0, 1, 1, 0, 2, 1, 1, 0, 0, 1, 1, 2, 0, 0, 2, 0, 0]|[0, 0, 0, 2, 1, 1, 2, 0, 1, 1, 3, 2, 1, 0, 0, 3, 0, 0, 3, 3]|[0, 0, 1, 2, 0, 1, 0, 0, 1, 1, 0, 2, 0, 1, 1, 2, 0, 1, 1, 2],273.184151698887;9968.052061648760;16031.080694213760,0.442330116408,NOT_APPLICABLE,NOT_APPLICABLE,NOT_APPLICABLE,6
46,1,4600,G1_CMAX,PREVIOUS,[2, 5, 18, 3, 17, 16, 10, 19, 9, 6, 12, 11, 0, 8, 4, 15, 7, 14, 1, 13]|[2, 2, 1, 2, 2, 2, 2, 1, 0, 0, 1, 2, 2, 0, 0, 1, 1, 0, 1, 1]|[0, 1, 1, 0, 1, 1, 0, 0, 0, 2, 0, 0, 0, 3, 0, 1, 1, 3, 1, 1]|[1, 0, 0, 1, 0, 0, 1, 1, 0, 2, 1, 1, 1, 2, 1, 0, 1, 0, 1, 1],203.680988390281;10730.053037185788;17590.401652550340,0,false,[2, 5, 18, 3, 17, 16, 10, 19, 9, 6, 12, 11, 0, 8, 4, 15, 7, 14, 1, 13]|[2, 2, 1, 2, 2, 2, 2, 1, 0, 0, 1, 2, 2, 0, 0, 1, 1, 0, 1, 1]|[0, 1, 1, 0, 1, 1, 0, 0, 0, 2, 0, 0, 0, 3, 0, 1, 1, 3, 1, 1]|[1, 0, 0, 1, 0, 0, 1, 1, 0, 2, 1, 1, 1, 2, 1, 0, 1, 0, 1, 1],203.680988390281;10730.053037185788;17590.401652550340,203.680988390281,NOT_APPLICABLE,NOT_APPLICABLE,NOT_APPLICABLE,17
46,1,4600,G1_CMAX,HISTORICAL,[2, 5, 18, 3, 17, 16, 10, 19, 9, 6, 12, 11, 0, 8, 4, 15, 7, 14, 1, 13]|[2, 2, 1, 2, 2, 2, 2, 1, 0, 0, 1, 2, 2, 0, 0, 1, 1, 0, 1, 1]|[0, 1, 1, 0, 1, 1, 0, 0, 0, 2, 0, 0, 0, 3, 0, 1, 1, 3, 1, 1]|[1, 0, 0, 1, 0, 0, 1, 1, 0, 2, 1, 1, 1, 2, 1, 0, 1, 0, 1, 1],203.680988390281;10730.053037185788;17590.401652550340,0,false,[2, 5, 18, 3, 17, 16, 10, 19, 9, 6, 12, 11, 0, 8, 4, 15, 7, 14, 1, 13]|[2, 2, 1, 2, 2, 2, 2, 1, 0, 0, 1, 2, 2, 0, 0, 1, 1, 0, 1, 1]|[0, 1, 1, 0, 1, 1, 0, 0, 0, 2, 0, 0, 0, 3, 0, 1, 1, 3, 1, 1]|[1, 0, 0, 1, 0, 0, 1, 1, 0, 2, 1, 1, 1, 2, 1, 0, 1, 0, 1, 1],203.680988390281;10730.053037185788;17590.401652550340,203.680988390281,NOT_APPLICABLE,NOT_APPLICABLE,NOT_APPLICABLE,18
46,1,4600,G2_TEC,PREVIOUS,[11, 5, 2, 10, 13, 16, 1, 0, 9, 8, 12, 6, 18, 17, 7, 14, 4, 19, 3, 15]|[0, 2, 0, 2, 1, 1, 0, 2, 1, 0, 0, 0, 1, 0, 1, 0, 1, 2, 2, 1]|[0, 0, 3, 0, 1, 1, 3, 0, 1, 3, 3, 2, 1, 3, 1, 3, 1, 0, 0, 1]|[0, 0, 1, 1, 1, 1, 2, 0, 0, 2, 0, 2, 1, 2, 1, 0, 1, 1, 1, 1],323.111698304693;9473.819900388427;16740.022648635728,0,false,[11, 5, 2, 10, 13, 16, 1, 0, 9, 8, 12, 6, 18, 17, 7, 14, 4, 19, 3, 15]|[0, 2, 0, 2, 1, 1, 0, 2, 1, 0, 0, 0, 1, 0, 1, 0, 1, 2, 2, 1]|[0, 0, 3, 0, 1, 1, 3, 0, 1, 3, 3, 2, 1, 3, 1, 3, 1, 0, 0, 1]|[0, 0, 1, 1, 1, 1, 2, 0, 0, 2, 0, 2, 1, 2, 1, 0, 1, 1, 1, 1],323.111698304693;9473.819900388427;16740.022648635728,9473.819900388427,NOT_APPLICABLE,NOT_APPLICABLE,NOT_APPLICABLE,11
46,1,4600,G2_TEC,HISTORICAL,[11, 5, 2, 10, 13, 16, 1, 0, 9, 8, 12, 6, 18, 17, 7, 14, 4, 19, 3, 15]|[0, 2, 0, 2, 1, 1, 0, 2, 1, 0, 0, 0, 1, 0, 1, 0, 1, 2, 2, 1]|[0, 0, 3, 0, 1, 1, 3, 0, 1, 3, 3, 2, 1, 3, 1, 3, 1, 0, 0, 1]|[0, 0, 1, 1, 1, 1, 2, 0, 0, 2, 0, 2, 1, 2, 1, 0, 1, 1, 1, 1],323.111698304693;9473.819900388427;16740.022648635728,0,false,[11, 5, 2, 10, 13, 16, 1, 0, 9, 8, 12, 6, 18, 17, 7, 14, 4, 19, 3, 15]|[0, 2, 0, 2, 1, 1, 0, 2, 1, 0, 0, 0, 1, 0, 1, 0, 1, 2, 2, 1]|[0, 0, 3, 0, 1, 1, 3, 0, 1, 3, 3, 2, 1, 3, 1, 3, 1, 0, 0, 1]|[0, 0, 1, 1, 1, 1, 2, 0, 0, 2, 0, 2, 1, 2, 1, 0, 1, 1, 1, 1],323.111698304693;9473.819900388427;16740.022648635728,9473.819900388427,NOT_APPLICABLE,NOT_APPLICABLE,NOT_APPLICABLE,18
46,1,4600,G3_TWC,PREVIOUS,[18, 0, 4, 6, 7, 12, 1, 5, 9, 2, 14, 3, 10, 17, 19, 13, 11, 16, 15, 8]|[0, 0, 2, 0, 0, 1, 0, 2, 1, 2, 0, 0, 2, 0, 2, 0, 0, 1, 1, 0]|[1, 2, 0, 2, 3, 1, 2, 0, 1, 0, 2, 3, 0, 3, 0, 3, 0, 1, 1, 3]|[1, 0, 0, 2, 2, 1, 0, 0, 1, 1, 0, 1, 1, 1, 1, 2, 0, 1, 0, 2],335.580410576488;10278.657859762629;13119.081694114530,0,false,[18, 0, 4, 6, 7, 12, 1, 5, 9, 2, 14, 3, 10, 17, 19, 13, 11, 16, 15, 8]|[0, 0, 2, 0, 0, 1, 0, 2, 1, 2, 0, 0, 2, 0, 2, 0, 0, 1, 1, 0]|[1, 2, 0, 2, 3, 1, 2, 0, 1, 0, 2, 3, 0, 3, 0, 3, 0, 1, 1, 3]|[1, 0, 0, 2, 2, 1, 0, 0, 1, 1, 0, 1, 1, 1, 1, 2, 0, 1, 0, 2],335.580410576488;10278.657859762629;13119.081694114530,13119.081694114530,NOT_APPLICABLE,NOT_APPLICABLE,NOT_APPLICABLE,20
46,1,4600,G3_TWC,HISTORICAL,[18, 0, 4, 6, 7, 12, 1, 5, 9, 2, 14, 3, 10, 17, 19, 13, 11, 16, 15, 8]|[0, 0, 2, 0, 0, 1, 0, 2, 1, 2, 0, 0, 2, 0, 2, 0, 0, 1, 1, 0]|[1, 2, 0, 2, 3, 1, 2, 0, 1, 0, 2, 3, 0, 3, 0, 3, 0, 1, 1, 3]|[1, 0, 0, 2, 2, 1, 0, 0, 1, 1, 0, 1, 1, 1, 1, 2, 0, 1, 0, 2],335.580410576488;10278.657859762629;13119.081694114530,0,false,[18, 0, 4, 6, 7, 12, 1, 5, 9, 2, 14, 3, 10, 17, 19, 13, 11, 16, 15, 8]|[0, 0, 2, 0, 0, 1, 0, 2, 1, 2, 0, 0, 2, 0, 2, 0, 0, 1, 1, 0]|[1, 2, 0, 2, 3, 1, 2, 0, 1, 0, 2, 3, 0, 3, 0, 3, 0, 1, 1, 3]|[1, 0, 0, 2, 2, 1, 0, 0, 1, 1, 0, 1, 1, 1, 1, 2, 0, 1, 0, 2],335.580410576488;10278.657859762629;13119.081694114530,13119.081694114530,NOT_APPLICABLE,NOT_APPLICABLE,NOT_APPLICABLE,14
46,1,4600,G4_BALANCED,PREVIOUS,[11, 4, 2, 12, 13, 16, 1, 0, 9, 5, 14, 6, 15, 17, 19, 7, 18, 10, 3, 8]|[0, 2, 2, 0, 1, 1, 0, 2, 1, 1, 0, 0, 1, 1, 2, 0, 0, 2, 0, 0]|[0, 0, 0, 2, 1, 1, 2, 0, 1, 1, 3, 2, 1, 0, 0, 3, 0, 0, 3, 3]|[0, 0, 1, 2, 0, 1, 0, 0, 1, 1, 0, 2, 0, 1, 1, 2, 0, 1, 1, 2],273.184151698887;9968.052061648760;16031.080694213760,0,false,[11, 4, 2, 12, 13, 16, 1, 0, 9, 5, 14, 6, 15, 17, 19, 7, 18, 10, 3, 8]|[0, 2, 2, 0, 1, 1, 0, 2, 1, 1, 0, 0, 1, 1, 2, 0, 0, 2, 0, 0]|[0, 0, 0, 2, 1, 1, 2, 0, 1, 1, 3, 2, 1, 0, 0, 3, 0, 0, 3, 3]|[0, 0, 1, 2, 0, 1, 0, 0, 1, 1, 0, 2, 0, 1, 1, 2, 0, 1, 1, 2],273.184151698887;9968.052061648760;16031.080694213760,0.442330116408,NOT_APPLICABLE,NOT_APPLICABLE,NOT_APPLICABLE,32
46,1,4600,G4_BALANCED,HISTORICAL,[11, 4, 2, 12, 13, 16, 1, 0, 9, 5, 14, 6, 15, 17, 19, 7, 18, 10, 3, 8]|[0, 2, 2, 0, 1, 1, 0, 2, 1, 1, 0, 0, 1, 1, 2, 0, 0, 2, 0, 0]|[0, 0, 0, 2, 1, 1, 2, 0, 1, 1, 3, 2, 1, 0, 0, 3, 0, 0, 3, 3]|[0, 0, 1, 2, 0, 1, 0, 0, 1, 1, 0, 2, 0, 1, 1, 2, 0, 1, 1, 2],273.184151698887;9968.052061648760;16031.080694213760,0,false,[11, 4, 2, 12, 13, 16, 1, 0, 9, 5, 14, 6, 15, 17, 19, 7, 18, 10, 3, 8]|[0, 2, 2, 0, 1, 1, 0, 2, 1, 1, 0, 0, 1, 1, 2, 0, 0, 2, 0, 0]|[0, 0, 0, 2, 1, 1, 2, 0, 1, 1, 3, 2, 1, 0, 0, 3, 0, 0, 3, 3]|[0, 0, 1, 2, 0, 1, 0, 0, 1, 1, 0, 2, 0, 1, 1, 2, 0, 1, 1, 2],273.184151698887;9968.052061648760;16031.080694213760,0.442330116408,NOT_APPLICABLE,NOT_APPLICABLE,NOT_APPLICABLE,6
47,1,4700,G1_CMAX,PREVIOUS,[2, 5, 18, 3, 17, 16, 10, 19, 9, 6, 12, 11, 0, 8, 4, 15, 7, 14, 1, 13]|[2, 2, 1, 2, 2, 2, 2, 1, 0, 0, 1, 2, 2, 0, 0, 1, 1, 0, 1, 1]|[0, 1, 1, 0, 1, 1, 0, 0, 0, 2, 0, 0, 0, 3, 0, 1, 1, 3, 1, 1]|[1, 0, 0, 1, 0, 0, 1, 1, 0, 2, 1, 1, 1, 2, 1, 0, 1, 0, 1, 1],203.680988390281;10730.053037185788;17590.401652550340,0,false,[2, 5, 18, 3, 17, 16, 10, 19, 9, 6, 12, 11, 0, 8, 4, 15, 7, 14, 1, 13]|[2, 2, 1, 2, 2, 2, 2, 1, 0, 0, 1, 2, 2, 0, 0, 1, 1, 0, 1, 1]|[0, 1, 1, 0, 1, 1, 0, 0, 0, 2, 0, 0, 0, 3, 0, 1, 1, 3, 1, 1]|[1, 0, 0, 1, 0, 0, 1, 1, 0, 2, 1, 1, 1, 2, 1, 0, 1, 0, 1, 1],203.680988390281;10730.053037185788;17590.401652550340,203.680988390281,NOT_APPLICABLE,NOT_APPLICABLE,NOT_APPLICABLE,17
47,1,4700,G1_CMAX,HISTORICAL,[2, 5, 18, 3, 17, 16, 10, 19, 9, 6, 12, 11, 0, 8, 4, 15, 7, 14, 1, 13]|[2, 2, 1, 2, 2, 2, 2, 1, 0, 0, 1, 2, 2, 0, 0, 1, 1, 0, 1, 1]|[0, 1, 1, 0, 1, 1, 0, 0, 0, 2, 0, 0, 0, 3, 0, 1, 1, 3, 1, 1]|[1, 0, 0, 1, 0, 0, 1, 1, 0, 2, 1, 1, 1, 2, 1, 0, 1, 0, 1, 1],203.680988390281;10730.053037185788;17590.401652550340,0,false,[2, 5, 18, 3, 17, 16, 10, 19, 9, 6, 12, 11, 0, 8, 4, 15, 7, 14, 1, 13]|[2, 2, 1, 2, 2, 2, 2, 1, 0, 0, 1, 2, 2, 0, 0, 1, 1, 0, 1, 1]|[0, 1, 1, 0, 1, 1, 0, 0, 0, 2, 0, 0, 0, 3, 0, 1, 1, 3, 1, 1]|[1, 0, 0, 1, 0, 0, 1, 1, 0, 2, 1, 1, 1, 2, 1, 0, 1, 0, 1, 1],203.680988390281;10730.053037185788;17590.401652550340,203.680988390281,NOT_APPLICABLE,NOT_APPLICABLE,NOT_APPLICABLE,19
47,1,4700,G2_TEC,PREVIOUS,[11, 5, 2, 10, 13, 16, 1, 0, 9, 8, 12, 6, 18, 17, 7, 14, 4, 19, 3, 15]|[0, 2, 0, 2, 1, 1, 0, 2, 1, 0, 0, 0, 1, 0, 1, 0, 1, 2, 2, 1]|[0, 0, 3, 0, 1, 1, 3, 0, 1, 3, 3, 2, 1, 3, 1, 3, 1, 0, 0, 1]|[0, 0, 1, 1, 1, 1, 2, 0, 0, 2, 0, 2, 1, 2, 1, 0, 1, 1, 1, 1],323.111698304693;9473.819900388427;16740.022648635728,0,false,[11, 5, 2, 10, 13, 16, 1, 0, 9, 8, 12, 6, 18, 17, 7, 14, 4, 19, 3, 15]|[0, 2, 0, 2, 1, 1, 0, 2, 1, 0, 0, 0, 1, 0, 1, 0, 1, 2, 2, 1]|[0, 0, 3, 0, 1, 1, 3, 0, 1, 3, 3, 2, 1, 3, 1, 3, 1, 0, 0, 1]|[0, 0, 1, 1, 1, 1, 2, 0, 0, 2, 0, 2, 1, 2, 1, 0, 1, 1, 1, 1],323.111698304693;9473.819900388427;16740.022648635728,9473.819900388427,NOT_APPLICABLE,NOT_APPLICABLE,NOT_APPLICABLE,11
47,1,4700,G2_TEC,HISTORICAL,[11, 5, 2, 10, 13, 16, 1, 0, 9, 8, 12, 6, 18, 17, 7, 14, 4, 19, 3, 15]|[0, 2, 0, 2, 1, 1, 0, 2, 1, 0, 0, 0, 1, 0, 1, 0, 1, 2, 2, 1]|[0, 0, 3, 0, 1, 1, 3, 0, 1, 3, 3, 2, 1, 3, 1, 3, 1, 0, 0, 1]|[0, 0, 1, 1, 1, 1, 2, 0, 0, 2, 0, 2, 1, 2, 1, 0, 1, 1, 1, 1],323.111698304693;9473.819900388427;16740.022648635728,0,false,[11, 5, 2, 10, 13, 16, 1, 0, 9, 8, 12, 6, 18, 17, 7, 14, 4, 19, 3, 15]|[0, 2, 0, 2, 1, 1, 0, 2, 1, 0, 0, 0, 1, 0, 1, 0, 1, 2, 2, 1]|[0, 0, 3, 0, 1, 1, 3, 0, 1, 3, 3, 2, 1, 3, 1, 3, 1, 0, 0, 1]|[0, 0, 1, 1, 1, 1, 2, 0, 0, 2, 0, 2, 1, 2, 1, 0, 1, 1, 1, 1],323.111698304693;9473.819900388427;16740.022648635728,9473.819900388427,NOT_APPLICABLE,NOT_APPLICABLE,NOT_APPLICABLE,19
47,1,4700,G3_TWC,PREVIOUS,[18, 0, 4, 6, 7, 12, 1, 5, 9, 2, 14, 3, 10, 17, 19, 13, 11, 16, 15, 8]|[0, 0, 2, 0, 0, 1, 0, 2, 1, 2, 0, 0, 2, 0, 2, 0, 0, 1, 1, 0]|[1, 2, 0, 2, 3, 1, 2, 0, 1, 0, 2, 3, 0, 3, 0, 3, 0, 1, 1, 3]|[1, 0, 0, 2, 2, 1, 0, 0, 1, 1, 0, 1, 1, 1, 1, 2, 0, 1, 0, 2],335.580410576488;10278.657859762629;13119.081694114530,0,false,[18, 0, 4, 6, 7, 12, 1, 5, 9, 2, 14, 3, 10, 17, 19, 13, 11, 16, 15, 8]|[0, 0, 2, 0, 0, 1, 0, 2, 1, 2, 0, 0, 2, 0, 2, 0, 0, 1, 1, 0]|[1, 2, 0, 2, 3, 1, 2, 0, 1, 0, 2, 3, 0, 3, 0, 3, 0, 1, 1, 3]|[1, 0, 0, 2, 2, 1, 0, 0, 1, 1, 0, 1, 1, 1, 1, 2, 0, 1, 0, 2],335.580410576488;10278.657859762629;13119.081694114530,13119.081694114530,NOT_APPLICABLE,NOT_APPLICABLE,NOT_APPLICABLE,21
47,1,4700,G3_TWC,HISTORICAL,[18, 0, 4, 6, 7, 12, 1, 5, 9, 2, 14, 3, 10, 17, 19, 13, 11, 16, 15, 8]|[0, 0, 2, 0, 0, 1, 0, 2, 1, 2, 0, 0, 2, 0, 2, 0, 0, 1, 1, 0]|[1, 2, 0, 2, 3, 1, 2, 0, 1, 0, 2, 3, 0, 3, 0, 3, 0, 1, 1, 3]|[1, 0, 0, 2, 2, 1, 0, 0, 1, 1, 0, 1, 1, 1, 1, 2, 0, 1, 0, 2],335.580410576488;10278.657859762629;13119.081694114530,0,false,[18, 0, 4, 6, 7, 12, 1, 5, 9, 2, 14, 3, 10, 17, 19, 13, 11, 16, 15, 8]|[0, 0, 2, 0, 0, 1, 0, 2, 1, 2, 0, 0, 2, 0, 2, 0, 0, 1, 1, 0]|[1, 2, 0, 2, 3, 1, 2, 0, 1, 0, 2, 3, 0, 3, 0, 3, 0, 1, 1, 3]|[1, 0, 0, 2, 2, 1, 0, 0, 1, 1, 0, 1, 1, 1, 1, 2, 0, 1, 0, 2],335.580410576488;10278.657859762629;13119.081694114530,13119.081694114530,NOT_APPLICABLE,NOT_APPLICABLE,NOT_APPLICABLE,14
47,1,4700,G4_BALANCED,PREVIOUS,[11, 4, 2, 12, 13, 16, 1, 0, 9, 5, 14, 6, 15, 17, 19, 7, 18, 10, 3, 8]|[0, 2, 2, 0, 1, 1, 0, 2, 1, 1, 0, 0, 1, 1, 2, 0, 0, 2, 0, 0]|[0, 0, 0, 2, 1, 1, 2, 0, 1, 1, 3, 2, 1, 0, 0, 3, 0, 0, 3, 3]|[0, 0, 1, 2, 0, 1, 0, 0, 1, 1, 0, 2, 0, 1, 1, 2, 0, 1, 1, 2],273.184151698887;9968.052061648760;16031.080694213760,0,false,[11, 4, 2, 12, 13, 16, 1, 0, 9, 5, 14, 6, 15, 17, 19, 7, 18, 10, 3, 8]|[0, 2, 2, 0, 1, 1, 0, 2, 1, 1, 0, 0, 1, 1, 2, 0, 0, 2, 0, 0]|[0, 0, 0, 2, 1, 1, 2, 0, 1, 1, 3, 2, 1, 0, 0, 3, 0, 0, 3, 3]|[0, 0, 1, 2, 0, 1, 0, 0, 1, 1, 0, 2, 0, 1, 1, 2, 0, 1, 1, 2],273.184151698887;9968.052061648760;16031.080694213760,0.442330116408,NOT_APPLICABLE,NOT_APPLICABLE,NOT_APPLICABLE,33
47,1,4700,G4_BALANCED,HISTORICAL,[11, 4, 2, 12, 13, 16, 1, 0, 9, 5, 14, 6, 15, 17, 19, 7, 18, 10, 3, 8]|[0, 2, 2, 0, 1, 1, 0, 2, 1, 1, 0, 0, 1, 1, 2, 0, 0, 2, 0, 0]|[0, 0, 0, 2, 1, 1, 2, 0, 1, 1, 3, 2, 1, 0, 0, 3, 0, 0, 3, 3]|[0, 0, 1, 2, 0, 1, 0, 0, 1, 1, 0, 2, 0, 1, 1, 2, 0, 1, 1, 2],273.184151698887;9968.052061648760;16031.080694213760,0,false,[11, 4, 2, 12, 13, 16, 1, 0, 9, 5, 14, 6, 15, 17, 19, 7, 18, 10, 3, 8]|[0, 2, 2, 0, 1, 1, 0, 2, 1, 1, 0, 0, 1, 1, 2, 0, 0, 2, 0, 0]|[0, 0, 0, 2, 1, 1, 2, 0, 1, 1, 3, 2, 1, 0, 0, 3, 0, 0, 3, 3]|[0, 0, 1, 2, 0, 1, 0, 0, 1, 1, 0, 2, 0, 1, 1, 2, 0, 1, 1, 2],273.184151698887;9968.052061648760;16031.080694213760,0.442330116408,NOT_APPLICABLE,NOT_APPLICABLE,NOT_APPLICABLE,6
48,1,4800,G1_CMAX,PREVIOUS,[2, 5, 18, 3, 17, 16, 10, 19, 9, 6, 12, 11, 0, 8, 4, 15, 7, 14, 1, 13]|[2, 2, 1, 2, 2, 2, 2, 1, 0, 0, 1, 2, 2, 0, 0, 1, 1, 0, 1, 1]|[0, 1, 1, 0, 1, 1, 0, 0, 0, 2, 0, 0, 0, 3, 0, 1, 1, 3, 1, 1]|[1, 0, 0, 1, 0, 0, 1, 1, 0, 2, 1, 1, 1, 2, 1, 0, 1, 0, 1, 1],203.680988390281;10730.053037185788;17590.401652550340,0,false,[2, 5, 18, 3, 17, 16, 10, 19, 9, 6, 12, 11, 0, 8, 4, 15, 7, 14, 1, 13]|[2, 2, 1, 2, 2, 2, 2, 1, 0, 0, 1, 2, 2, 0, 0, 1, 1, 0, 1, 1]|[0, 1, 1, 0, 1, 1, 0, 0, 0, 2, 0, 0, 0, 3, 0, 1, 1, 3, 1, 1]|[1, 0, 0, 1, 0, 0, 1, 1, 0, 2, 1, 1, 1, 2, 1, 0, 1, 0, 1, 1],203.680988390281;10730.053037185788;17590.401652550340,203.680988390281,NOT_APPLICABLE,NOT_APPLICABLE,NOT_APPLICABLE,17
48,1,4800,G1_CMAX,HISTORICAL,[2, 5, 18, 3, 17, 16, 10, 19, 9, 6, 12, 11, 0, 8, 4, 15, 7, 14, 1, 13]|[2, 2, 1, 2, 2, 2, 2, 1, 0, 0, 1, 2, 2, 0, 0, 1, 1, 0, 1, 1]|[0, 1, 1, 0, 1, 1, 0, 0, 0, 2, 0, 0, 0, 3, 0, 1, 1, 3, 1, 1]|[1, 0, 0, 1, 0, 0, 1, 1, 0, 2, 1, 1, 1, 2, 1, 0, 1, 0, 1, 1],203.680988390281;10730.053037185788;17590.401652550340,0,false,[2, 5, 18, 3, 17, 16, 10, 19, 9, 6, 12, 11, 0, 8, 4, 15, 7, 14, 1, 13]|[2, 2, 1, 2, 2, 2, 2, 1, 0, 0, 1, 2, 2, 0, 0, 1, 1, 0, 1, 1]|[0, 1, 1, 0, 1, 1, 0, 0, 0, 2, 0, 0, 0, 3, 0, 1, 1, 3, 1, 1]|[1, 0, 0, 1, 0, 0, 1, 1, 0, 2, 1, 1, 1, 2, 1, 0, 1, 0, 1, 1],203.680988390281;10730.053037185788;17590.401652550340,203.680988390281,NOT_APPLICABLE,NOT_APPLICABLE,NOT_APPLICABLE,20
48,1,4800,G2_TEC,PREVIOUS,[11, 5, 2, 10, 13, 16, 15, 18, 17, 19, 12, 8, 3, 9, 1, 7, 6, 4, 14, 0]|[0, 2, 2, 2, 1, 1, 1, 1, 1, 0, 1, 0, 2, 1, 1, 2, 0, 0, 0, 1]|[0, 0, 0, 0, 1, 1, 1, 1, 1, 3, 1, 3, 0, 1, 1, 0, 3, 3, 2, 1]|[0, 0, 0, 1, 1, 1, 0, 1, 1, 2, 0, 2, 1, 1, 1, 1, 2, 0, 0, 1],307.505297510932;9491.258865691023;18996.987293728354,0,false,[11, 5, 2, 10, 13, 16, 15, 18, 17, 19, 12, 8, 3, 9, 1, 7, 6, 4, 14, 0]|[0, 2, 2, 2, 1, 1, 1, 1, 1, 0, 1, 0, 2, 1, 1, 2, 0, 0, 0, 1]|[0, 0, 0, 0, 1, 1, 1, 1, 1, 3, 1, 3, 0, 1, 1, 0, 3, 3, 2, 1]|[0, 0, 0, 1, 1, 1, 0, 1, 1, 2, 0, 2, 1, 1, 1, 1, 2, 0, 0, 1],307.505297510932;9491.258865691023;18996.987293728354,9491.258865691023,NOT_APPLICABLE,NOT_APPLICABLE,NOT_APPLICABLE,11
48,1,4800,G2_TEC,HISTORICAL,[11, 5, 2, 10, 13, 16, 1, 0, 9, 8, 12, 6, 18, 17, 7, 14, 4, 19, 3, 15]|[0, 2, 0, 2, 1, 1, 0, 2, 1, 0, 0, 0, 1, 0, 1, 0, 1, 2, 2, 1]|[0, 0, 3, 0, 1, 1, 3, 0, 1, 3, 3, 2, 1, 3, 1, 3, 1, 0, 0, 1]|[0, 0, 1, 1, 1, 1, 2, 0, 0, 2, 0, 2, 1, 2, 1, 0, 1, 1, 1, 1],323.111698304693;9473.819900388427;16740.022648635728,0,false,[11, 5, 2, 10, 13, 16, 1, 0, 9, 8, 12, 6, 18, 17, 7, 14, 4, 19, 3, 15]|[0, 2, 0, 2, 1, 1, 0, 2, 1, 0, 0, 0, 1, 0, 1, 0, 1, 2, 2, 1]|[0, 0, 3, 0, 1, 1, 3, 0, 1, 3, 3, 2, 1, 3, 1, 3, 1, 0, 0, 1]|[0, 0, 1, 1, 1, 1, 2, 0, 0, 2, 0, 2, 1, 2, 1, 0, 1, 1, 1, 1],323.111698304693;9473.819900388427;16740.022648635728,9473.819900388427,NOT_APPLICABLE,NOT_APPLICABLE,NOT_APPLICABLE,19
48,1,4800,G3_TWC,PREVIOUS,[18, 0, 4, 6, 7, 12, 1, 5, 9, 2, 14, 3, 10, 17, 19, 13, 11, 16, 15, 8]|[0, 0, 2, 0, 0, 1, 0, 2, 1, 2, 0, 0, 2, 0, 2, 0, 0, 1, 1, 0]|[1, 2, 0, 2, 3, 1, 2, 0, 1, 0, 2, 3, 0, 3, 0, 3, 0, 1, 1, 3]|[1, 0, 0, 2, 2, 1, 0, 0, 1, 1, 0, 1, 1, 1, 1, 2, 0, 1, 0, 2],335.580410576488;10278.657859762629;13119.081694114530,0,false,[18, 0, 4, 6, 7, 12, 1, 5, 9, 2, 14, 3, 10, 17, 19, 13, 11, 16, 15, 8]|[0, 0, 2, 0, 0, 1, 0, 2, 1, 2, 0, 0, 2, 0, 2, 0, 0, 1, 1, 0]|[1, 2, 0, 2, 3, 1, 2, 0, 1, 0, 2, 3, 0, 3, 0, 3, 0, 1, 1, 3]|[1, 0, 0, 2, 2, 1, 0, 0, 1, 1, 0, 1, 1, 1, 1, 2, 0, 1, 0, 2],335.580410576488;10278.657859762629;13119.081694114530,13119.081694114530,NOT_APPLICABLE,NOT_APPLICABLE,NOT_APPLICABLE,22
48,1,4800,G3_TWC,HISTORICAL,[18, 0, 4, 6, 7, 12, 1, 5, 9, 2, 14, 3, 10, 17, 19, 13, 11, 16, 15, 8]|[0, 0, 2, 0, 0, 1, 0, 2, 1, 2, 0, 0, 2, 0, 2, 0, 0, 1, 1, 0]|[1, 2, 0, 2, 3, 1, 2, 0, 1, 0, 2, 3, 0, 3, 0, 3, 0, 1, 1, 3]|[1, 0, 0, 2, 2, 1, 0, 0, 1, 1, 0, 1, 1, 1, 1, 2, 0, 1, 0, 2],335.580410576488;10278.657859762629;13119.081694114530,0,false,[18, 0, 4, 6, 7, 12, 1, 5, 9, 2, 14, 3, 10, 17, 19, 13, 11, 16, 15, 8]|[0, 0, 2, 0, 0, 1, 0, 2, 1, 2, 0, 0, 2, 0, 2, 0, 0, 1, 1, 0]|[1, 2, 0, 2, 3, 1, 2, 0, 1, 0, 2, 3, 0, 3, 0, 3, 0, 1, 1, 3]|[1, 0, 0, 2, 2, 1, 0, 0, 1, 1, 0, 1, 1, 1, 1, 2, 0, 1, 0, 2],335.580410576488;10278.657859762629;13119.081694114530,13119.081694114530,NOT_APPLICABLE,NOT_APPLICABLE,NOT_APPLICABLE,14
48,1,4800,G4_BALANCED,PREVIOUS,[11, 4, 2, 12, 13, 16, 1, 0, 9, 5, 14, 6, 15, 17, 19, 7, 18, 10, 3, 8]|[0, 2, 2, 0, 1, 1, 0, 2, 1, 1, 0, 0, 1, 1, 2, 0, 0, 2, 0, 0]|[0, 0, 0, 2, 1, 1, 2, 0, 1, 1, 3, 2, 1, 0, 0, 3, 0, 0, 3, 3]|[0, 0, 1, 2, 0, 1, 0, 0, 1, 1, 0, 2, 0, 1, 1, 2, 0, 1, 1, 2],273.184151698887;9968.052061648760;16031.080694213760,0,false,[11, 4, 2, 12, 13, 16, 1, 0, 9, 5, 14, 6, 15, 17, 19, 7, 18, 10, 3, 8]|[0, 2, 2, 0, 1, 1, 0, 2, 1, 1, 0, 0, 1, 1, 2, 0, 0, 2, 0, 0]|[0, 0, 0, 2, 1, 1, 2, 0, 1, 1, 3, 2, 1, 0, 0, 3, 0, 0, 3, 3]|[0, 0, 1, 2, 0, 1, 0, 0, 1, 1, 0, 2, 0, 1, 1, 2, 0, 1, 1, 2],273.184151698887;9968.052061648760;16031.080694213760,0.442330116408,NOT_APPLICABLE,NOT_APPLICABLE,NOT_APPLICABLE,34
48,1,4800,G4_BALANCED,HISTORICAL,[11, 4, 2, 12, 13, 16, 1, 0, 9, 5, 14, 6, 15, 17, 19, 7, 18, 10, 3, 8]|[0, 2, 2, 0, 1, 1, 0, 2, 1, 1, 0, 0, 1, 1, 2, 0, 0, 2, 0, 0]|[0, 0, 0, 2, 1, 1, 2, 0, 1, 1, 3, 2, 1, 0, 0, 3, 0, 0, 3, 3]|[0, 0, 1, 2, 0, 1, 0, 0, 1, 1, 0, 2, 0, 1, 1, 2, 0, 1, 1, 2],273.184151698887;9968.052061648760;16031.080694213760,0,false,[11, 4, 2, 12, 13, 16, 1, 0, 9, 5, 14, 6, 15, 17, 19, 7, 18, 10, 3, 8]|[0, 2, 2, 0, 1, 1, 0, 2, 1, 1, 0, 0, 1, 1, 2, 0, 0, 2, 0, 0]|[0, 0, 0, 2, 1, 1, 2, 0, 1, 1, 3, 2, 1, 0, 0, 3, 0, 0, 3, 3]|[0, 0, 1, 2, 0, 1, 0, 0, 1, 1, 0, 2, 0, 1, 1, 2, 0, 1, 1, 2],273.184151698887;9968.052061648760;16031.080694213760,0.442330116408,NOT_APPLICABLE,NOT_APPLICABLE,NOT_APPLICABLE,6
49,1,4900,G1_CMAX,PREVIOUS,[2, 5, 18, 3, 17, 16, 10, 19, 9, 6, 12, 11, 0, 8, 4, 15, 7, 14, 1, 13]|[2, 2, 1, 2, 2, 2, 2, 1, 0, 0, 1, 2, 2, 0, 0, 1, 1, 0, 1, 1]|[0, 1, 1, 0, 1, 1, 0, 0, 0, 2, 0, 0, 0, 3, 0, 1, 1, 3, 1, 1]|[1, 0, 0, 1, 0, 0, 1, 1, 0, 2, 1, 1, 1, 2, 1, 0, 1, 0, 1, 1],203.680988390281;10730.053037185788;17590.401652550340,0,false,[2, 5, 18, 3, 17, 16, 10, 19, 9, 6, 12, 11, 0, 8, 4, 15, 7, 14, 1, 13]|[2, 2, 1, 2, 2, 2, 2, 1, 0, 0, 1, 2, 2, 0, 0, 1, 1, 0, 1, 1]|[0, 1, 1, 0, 1, 1, 0, 0, 0, 2, 0, 0, 0, 3, 0, 1, 1, 3, 1, 1]|[1, 0, 0, 1, 0, 0, 1, 1, 0, 2, 1, 1, 1, 2, 1, 0, 1, 0, 1, 1],203.680988390281;10730.053037185788;17590.401652550340,203.680988390281,NOT_APPLICABLE,NOT_APPLICABLE,NOT_APPLICABLE,18
49,1,4900,G1_CMAX,HISTORICAL,[2, 5, 18, 3, 17, 16, 10, 19, 9, 6, 12, 11, 0, 8, 4, 15, 7, 14, 1, 13]|[2, 2, 1, 2, 2, 2, 2, 1, 0, 0, 1, 2, 2, 0, 0, 1, 1, 0, 1, 1]|[0, 1, 1, 0, 1, 1, 0, 0, 0, 2, 0, 0, 0, 3, 0, 1, 1, 3, 1, 1]|[1, 0, 0, 1, 0, 0, 1, 1, 0, 2, 1, 1, 1, 2, 1, 0, 1, 0, 1, 1],203.680988390281;10730.053037185788;17590.401652550340,0,false,[2, 5, 18, 3, 17, 16, 10, 19, 9, 6, 12, 11, 0, 8, 4, 15, 7, 14, 1, 13]|[2, 2, 1, 2, 2, 2, 2, 1, 0, 0, 1, 2, 2, 0, 0, 1, 1, 0, 1, 1]|[0, 1, 1, 0, 1, 1, 0, 0, 0, 2, 0, 0, 0, 3, 0, 1, 1, 3, 1, 1]|[1, 0, 0, 1, 0, 0, 1, 1, 0, 2, 1, 1, 1, 2, 1, 0, 1, 0, 1, 1],203.680988390281;10730.053037185788;17590.401652550340,203.680988390281,NOT_APPLICABLE,NOT_APPLICABLE,NOT_APPLICABLE,20
49,1,4900,G2_TEC,PREVIOUS,[11, 4, 2, 12, 13, 16, 1, 0, 9, 8, 10, 6, 15, 17, 3, 18, 7, 5, 19, 14]|[0, 2, 2, 0, 0, 1, 0, 2, 1, 0, 2, 0, 1, 1, 0, 1, 0, 1, 2, 0]|[0, 0, 0, 2, 3, 1, 2, 0, 1, 3, 0, 2, 1, 0, 3, 1, 3, 1, 0, 3]|[0, 0, 1, 2, 2, 1, 0, 0, 1, 2, 1, 2, 0, 1, 1, 1, 2, 0, 1, 0],287.257935234727;9966.558578430897;15986.350535164338,0,false,[11, 4, 2, 12, 13, 16, 1, 0, 9, 8, 10, 6, 15, 17, 3, 18, 7, 5, 19, 14]|[0, 2, 2, 0, 0, 1, 0, 2, 1, 0, 2, 0, 1, 1, 0, 1, 0, 1, 2, 0]|[0, 0, 0, 2, 3, 1, 2, 0, 1, 3, 0, 2, 1, 0, 3, 1, 3, 1, 0, 3]|[0, 0, 1, 2, 2, 1, 0, 0, 1, 2, 1, 2, 0, 1, 1, 1, 2, 0, 1, 0],287.257935234727;9966.558578430897;15986.350535164338,9966.558578430897,NOT_APPLICABLE,NOT_APPLICABLE,NOT_APPLICABLE,11
49,1,4900,G2_TEC,HISTORICAL,[11, 5, 2, 10, 13, 16, 1, 0, 9, 8, 12, 6, 18, 17, 7, 14, 4, 19, 3, 15]|[0, 2, 0, 2, 1, 1, 0, 2, 1, 0, 0, 0, 1, 0, 1, 0, 1, 2, 2, 1]|[0, 0, 3, 0, 1, 1, 3, 0, 1, 3, 3, 2, 1, 3, 1, 3, 1, 0, 0, 1]|[0, 0, 1, 1, 1, 1, 2, 0, 0, 2, 0, 2, 1, 2, 1, 0, 1, 1, 1, 1],323.111698304693;9473.819900388427;16740.022648635728,0,false,[11, 5, 2, 10, 13, 16, 1, 0, 9, 8, 12, 6, 18, 17, 7, 14, 4, 19, 3, 15]|[0, 2, 0, 2, 1, 1, 0, 2, 1, 0, 0, 0, 1, 0, 1, 0, 1, 2, 2, 1]|[0, 0, 3, 0, 1, 1, 3, 0, 1, 3, 3, 2, 1, 3, 1, 3, 1, 0, 0, 1]|[0, 0, 1, 1, 1, 1, 2, 0, 0, 2, 0, 2, 1, 2, 1, 0, 1, 1, 1, 1],323.111698304693;9473.819900388427;16740.022648635728,9473.819900388427,NOT_APPLICABLE,NOT_APPLICABLE,NOT_APPLICABLE,19
49,1,4900,G3_TWC,PREVIOUS,[18, 0, 4, 6, 7, 12, 1, 5, 9, 2, 14, 3, 10, 17, 19, 13, 11, 16, 15, 8]|[0, 0, 2, 0, 0, 1, 0, 2, 1, 2, 0, 0, 2, 0, 2, 0, 0, 1, 1, 0]|[1, 2, 0, 2, 3, 1, 2, 0, 1, 0, 2, 3, 0, 3, 0, 3, 0, 1, 1, 3]|[1, 0, 0, 2, 2, 1, 0, 0, 1, 1, 0, 1, 1, 1, 1, 2, 0, 1, 0, 2],335.580410576488;10278.657859762629;13119.081694114530,0,false,[18, 0, 4, 6, 7, 12, 1, 5, 9, 2, 14, 3, 10, 17, 19, 13, 11, 16, 15, 8]|[0, 0, 2, 0, 0, 1, 0, 2, 1, 2, 0, 0, 2, 0, 2, 0, 0, 1, 1, 0]|[1, 2, 0, 2, 3, 1, 2, 0, 1, 0, 2, 3, 0, 3, 0, 3, 0, 1, 1, 3]|[1, 0, 0, 2, 2, 1, 0, 0, 1, 1, 0, 1, 1, 1, 1, 2, 0, 1, 0, 2],335.580410576488;10278.657859762629;13119.081694114530,13119.081694114530,NOT_APPLICABLE,NOT_APPLICABLE,NOT_APPLICABLE,23
49,1,4900,G3_TWC,HISTORICAL,[18, 0, 4, 6, 7, 12, 1, 5, 9, 2, 14, 3, 10, 17, 19, 13, 11, 16, 15, 8]|[0, 0, 2, 0, 0, 1, 0, 2, 1, 2, 0, 0, 2, 0, 2, 0, 0, 1, 1, 0]|[1, 2, 0, 2, 3, 1, 2, 0, 1, 0, 2, 3, 0, 3, 0, 3, 0, 1, 1, 3]|[1, 0, 0, 2, 2, 1, 0, 0, 1, 1, 0, 1, 1, 1, 1, 2, 0, 1, 0, 2],335.580410576488;10278.657859762629;13119.081694114530,0,false,[18, 0, 4, 6, 7, 12, 1, 5, 9, 2, 14, 3, 10, 17, 19, 13, 11, 16, 15, 8]|[0, 0, 2, 0, 0, 1, 0, 2, 1, 2, 0, 0, 2, 0, 2, 0, 0, 1, 1, 0]|[1, 2, 0, 2, 3, 1, 2, 0, 1, 0, 2, 3, 0, 3, 0, 3, 0, 1, 1, 3]|[1, 0, 0, 2, 2, 1, 0, 0, 1, 1, 0, 1, 1, 1, 1, 2, 0, 1, 0, 2],335.580410576488;10278.657859762629;13119.081694114530,13119.081694114530,NOT_APPLICABLE,NOT_APPLICABLE,NOT_APPLICABLE,14
49,1,4900,G4_BALANCED,PREVIOUS,[11, 4, 2, 12, 13, 16, 1, 0, 9, 8, 10, 6, 15, 17, 3, 18, 7, 5, 19, 14]|[0, 2, 2, 0, 0, 1, 0, 2, 1, 0, 2, 0, 1, 1, 0, 1, 0, 1, 2, 0]|[0, 0, 0, 2, 3, 1, 2, 0, 1, 3, 0, 2, 1, 0, 3, 1, 3, 1, 0, 3]|[0, 0, 1, 2, 2, 1, 0, 0, 1, 2, 1, 2, 0, 1, 1, 1, 2, 0, 1, 0],287.257935234727;9966.558578430897;15986.350535164338,0,false,[11, 4, 2, 12, 13, 16, 1, 0, 9, 8, 10, 6, 15, 17, 3, 18, 7, 5, 19, 14]|[0, 2, 2, 0, 0, 1, 0, 2, 1, 0, 2, 0, 1, 1, 0, 1, 0, 1, 2, 0]|[0, 0, 0, 2, 3, 1, 2, 0, 1, 3, 0, 2, 1, 0, 3, 1, 3, 1, 0, 3]|[0, 0, 1, 2, 2, 1, 0, 0, 1, 2, 1, 2, 0, 1, 1, 1, 2, 0, 1, 0],287.257935234727;9966.558578430897;15986.350535164338,0.435618984179,NOT_APPLICABLE,NOT_APPLICABLE,NOT_APPLICABLE,34
49,1,4900,G4_BALANCED,HISTORICAL,[11, 4, 2, 12, 13, 16, 1, 0, 9, 5, 14, 6, 15, 17, 19, 7, 18, 10, 3, 8]|[0, 2, 2, 0, 1, 1, 0, 2, 1, 1, 0, 0, 1, 1, 2, 0, 0, 2, 0, 0]|[0, 0, 0, 2, 1, 1, 2, 0, 1, 1, 3, 2, 1, 0, 0, 3, 0, 0, 3, 3]|[0, 0, 1, 2, 0, 1, 0, 0, 1, 1, 0, 2, 0, 1, 1, 2, 0, 1, 1, 2],273.184151698887;9968.052061648760;16031.080694213760,0,false,[11, 4, 2, 12, 13, 16, 1, 0, 9, 5, 14, 6, 15, 17, 19, 7, 18, 10, 3, 8]|[0, 2, 2, 0, 1, 1, 0, 2, 1, 1, 0, 0, 1, 1, 2, 0, 0, 2, 0, 0]|[0, 0, 0, 2, 1, 1, 2, 0, 1, 1, 3, 2, 1, 0, 0, 3, 0, 0, 3, 3]|[0, 0, 1, 2, 0, 1, 0, 0, 1, 1, 0, 2, 0, 1, 1, 2, 0, 1, 1, 2],273.184151698887;9968.052061648760;16031.080694213760,0.442330116408,NOT_APPLICABLE,NOT_APPLICABLE,NOT_APPLICABLE,6
50,1,5000,G1_CMAX,PREVIOUS,[2, 5, 18, 3, 17, 16, 10, 19, 9, 0, 12, 11, 6, 13, 8, 4, 7, 15, 1, 14]|[2, 2, 1, 2, 2, 2, 2, 1, 0, 0, 1, 2, 0, 1, 0, 0, 1, 1, 1, 0]|[0, 1, 1, 0, 1, 1, 0, 0, 0, 0, 1, 0, 2, 1, 3, 0, 1, 1, 1, 2]|[1, 0, 0, 1, 0, 0, 1, 1, 0, 0, 1, 1, 2, 1, 2, 1, 1, 0, 1, 0],212.486886486229;10990.204461582969;17464.177975151080,0,false,[2, 5, 18, 3, 17, 16, 10, 19, 9, 0, 12, 11, 6, 13, 8, 4, 7, 15, 1, 14]|[2, 2, 1, 2, 2, 2, 2, 1, 0, 0, 1, 2, 0, 1, 0, 0, 1, 1, 1, 0]|[0, 1, 1, 0, 1, 1, 0, 0, 0, 0, 1, 0, 2, 1, 3, 0, 1, 1, 1, 2]|[1, 0, 0, 1, 0, 0, 1, 1, 0, 0, 1, 1, 2, 1, 2, 1, 1, 0, 1, 0],212.486886486229;10990.204461582969;17464.177975151080,212.486886486229,NOT_APPLICABLE,NOT_APPLICABLE,NOT_APPLICABLE,18
50,1,5000,G1_CMAX,HISTORICAL,[2, 5, 18, 3, 17, 16, 10, 19, 9, 6, 12, 11, 0, 8, 4, 15, 7, 14, 1, 13]|[2, 2, 1, 2, 2, 2, 2, 1, 0, 0, 1, 2, 2, 0, 0, 1, 1, 0, 1, 1]|[0, 1, 1, 0, 1, 1, 0, 0, 0, 2, 0, 0, 0, 3, 0, 1, 1, 3, 1, 1]|[1, 0, 0, 1, 0, 0, 1, 1, 0, 2, 1, 1, 1, 2, 1, 0, 1, 0, 1, 1],203.680988390281;10730.053037185788;17590.401652550340,0,false,[2, 5, 18, 3, 17, 16, 10, 19, 9, 6, 12, 11, 0, 8, 4, 15, 7, 14, 1, 13]|[2, 2, 1, 2, 2, 2, 2, 1, 0, 0, 1, 2, 2, 0, 0, 1, 1, 0, 1, 1]|[0, 1, 1, 0, 1, 1, 0, 0, 0, 2, 0, 0, 0, 3, 0, 1, 1, 3, 1, 1]|[1, 0, 0, 1, 0, 0, 1, 1, 0, 2, 1, 1, 1, 2, 1, 0, 1, 0, 1, 1],203.680988390281;10730.053037185788;17590.401652550340,203.680988390281,NOT_APPLICABLE,NOT_APPLICABLE,NOT_APPLICABLE,20
50,1,5000,G2_TEC,PREVIOUS,[11, 5, 2, 10, 13, 16, 1, 0, 9, 8, 12, 6, 18, 17, 7, 14, 4, 19, 3, 15]|[0, 2, 0, 2, 1, 1, 0, 2, 1, 0, 0, 0, 1, 0, 1, 0, 1, 2, 2, 1]|[0, 0, 3, 0, 1, 1, 3, 0, 1, 3, 3, 2, 1, 3, 1, 3, 1, 0, 0, 1]|[0, 0, 1, 1, 1, 1, 2, 0, 0, 2, 0, 2, 1, 2, 1, 0, 1, 1, 1, 1],323.111698304693;9473.819900388427;16740.022648635728,0,false,[11, 5, 2, 10, 13, 16, 1, 0, 9, 8, 12, 6, 18, 17, 7, 14, 4, 19, 3, 15]|[0, 2, 0, 2, 1, 1, 0, 2, 1, 0, 0, 0, 1, 0, 1, 0, 1, 2, 2, 1]|[0, 0, 3, 0, 1, 1, 3, 0, 1, 3, 3, 2, 1, 3, 1, 3, 1, 0, 0, 1]|[0, 0, 1, 1, 1, 1, 2, 0, 0, 2, 0, 2, 1, 2, 1, 0, 1, 1, 1, 1],323.111698304693;9473.819900388427;16740.022648635728,9473.819900388427,NOT_APPLICABLE,NOT_APPLICABLE,NOT_APPLICABLE,11
50,1,5000,G2_TEC,HISTORICAL,[11, 5, 2, 10, 13, 16, 1, 0, 9, 8, 12, 6, 18, 17, 7, 14, 4, 19, 3, 15]|[0, 2, 0, 2, 1, 1, 0, 2, 1, 0, 0, 0, 1, 0, 1, 0, 1, 2, 2, 1]|[0, 0, 3, 0, 1, 1, 3, 0, 1, 3, 3, 2, 1, 3, 1, 3, 1, 0, 0, 1]|[0, 0, 1, 1, 1, 1, 2, 0, 0, 2, 0, 2, 1, 2, 1, 0, 1, 1, 1, 1],323.111698304693;9473.819900388427;16740.022648635728,0,false,[11, 5, 2, 10, 13, 16, 1, 0, 9, 8, 12, 6, 18, 17, 7, 14, 4, 19, 3, 15]|[0, 2, 0, 2, 1, 1, 0, 2, 1, 0, 0, 0, 1, 0, 1, 0, 1, 2, 2, 1]|[0, 0, 3, 0, 1, 1, 3, 0, 1, 3, 3, 2, 1, 3, 1, 3, 1, 0, 0, 1]|[0, 0, 1, 1, 1, 1, 2, 0, 0, 2, 0, 2, 1, 2, 1, 0, 1, 1, 1, 1],323.111698304693;9473.819900388427;16740.022648635728,9473.819900388427,NOT_APPLICABLE,NOT_APPLICABLE,NOT_APPLICABLE,20
50,1,5000,G3_TWC,PREVIOUS,[18, 0, 4, 6, 7, 12, 1, 5, 9, 2, 14, 3, 10, 17, 19, 13, 11, 16, 15, 8]|[0, 0, 2, 0, 0, 1, 0, 2, 1, 2, 0, 0, 2, 0, 2, 0, 0, 1, 1, 0]|[1, 2, 0, 2, 3, 1, 2, 0, 1, 0, 2, 3, 0, 3, 0, 3, 0, 1, 1, 3]|[1, 0, 0, 2, 2, 1, 0, 0, 1, 1, 0, 1, 1, 1, 1, 2, 0, 1, 0, 2],335.580410576488;10278.657859762629;13119.081694114530,0,false,[18, 0, 4, 6, 7, 12, 1, 5, 9, 2, 14, 3, 10, 17, 19, 13, 11, 16, 15, 8]|[0, 0, 2, 0, 0, 1, 0, 2, 1, 2, 0, 0, 2, 0, 2, 0, 0, 1, 1, 0]|[1, 2, 0, 2, 3, 1, 2, 0, 1, 0, 2, 3, 0, 3, 0, 3, 0, 1, 1, 3]|[1, 0, 0, 2, 2, 1, 0, 0, 1, 1, 0, 1, 1, 1, 1, 2, 0, 1, 0, 2],335.580410576488;10278.657859762629;13119.081694114530,13119.081694114530,NOT_APPLICABLE,NOT_APPLICABLE,NOT_APPLICABLE,24
50,1,5000,G3_TWC,HISTORICAL,[18, 0, 4, 6, 7, 12, 1, 5, 9, 2, 14, 3, 10, 17, 19, 13, 11, 16, 15, 8]|[0, 0, 2, 0, 0, 1, 0, 2, 1, 2, 0, 0, 2, 0, 2, 0, 0, 1, 1, 0]|[1, 2, 0, 2, 3, 1, 2, 0, 1, 0, 2, 3, 0, 3, 0, 3, 0, 1, 1, 3]|[1, 0, 0, 2, 2, 1, 0, 0, 1, 1, 0, 1, 1, 1, 1, 2, 0, 1, 0, 2],335.580410576488;10278.657859762629;13119.081694114530,0,false,[18, 0, 4, 6, 7, 12, 1, 5, 9, 2, 14, 3, 10, 17, 19, 13, 11, 16, 15, 8]|[0, 0, 2, 0, 0, 1, 0, 2, 1, 2, 0, 0, 2, 0, 2, 0, 0, 1, 1, 0]|[1, 2, 0, 2, 3, 1, 2, 0, 1, 0, 2, 3, 0, 3, 0, 3, 0, 1, 1, 3]|[1, 0, 0, 2, 2, 1, 0, 0, 1, 1, 0, 1, 1, 1, 1, 2, 0, 1, 0, 2],335.580410576488;10278.657859762629;13119.081694114530,13119.081694114530,NOT_APPLICABLE,NOT_APPLICABLE,NOT_APPLICABLE,14
50,1,5000,G4_BALANCED,PREVIOUS,[11, 5, 2, 10, 13, 16, 1, 0, 9, 8, 12, 6, 18, 15, 7, 19, 17, 14, 3, 4]|[0, 2, 0, 2, 1, 1, 0, 2, 1, 0, 0, 0, 1, 1, 1, 2, 0, 0, 2, 1]|[0, 0, 3, 0, 1, 1, 3, 0, 1, 3, 2, 3, 1, 1, 1, 0, 3, 3, 0, 1]|[0, 0, 1, 1, 1, 1, 2, 0, 0, 2, 2, 0, 1, 0, 1, 1, 2, 0, 1, 1],329.261724746884;9367.282948908754;16965.733114070677,1,true,[11, 5, 2, 10, 13, 16, 1, 0, 9, 8, 12, 6, 15, 17, 7, 18, 3, 4, 19, 14]|[0, 2, 0, 2, 1, 1, 0, 2, 1, 0, 0, 0, 1, 0, 1, 1, 2, 1, 2, 0]|[0, 0, 3, 0, 1, 1, 3, 0, 1, 3, 2, 3, 1, 3, 1, 1, 0, 1, 0, 3]|[0, 0, 1, 1, 1, 1, 2, 0, 0, 2, 2, 0, 0, 2, 1, 1, 1, 1, 1, 0],329.261724746884;9359.614041138513;16893.581087449424,0.571736188494,5000,5000,0,34
50,1,5000,G4_BALANCED,HISTORICAL,[11, 4, 2, 12, 13, 16, 1, 0, 9, 5, 14, 6, 15, 17, 19, 7, 18, 10, 3, 8]|[0, 2, 2, 0, 1, 1, 0, 2, 1, 1, 0, 0, 1, 1, 2, 0, 0, 2, 0, 0]|[0, 0, 0, 2, 1, 1, 2, 0, 1, 1, 3, 2, 1, 0, 0, 3, 0, 0, 3, 3]|[0, 0, 1, 2, 0, 1, 0, 0, 1, 1, 0, 2, 0, 1, 1, 2, 0, 1, 1, 2],273.184151698887;9968.052061648760;16031.080694213760,0,false,[11, 4, 2, 12, 13, 16, 1, 0, 9, 5, 14, 6, 15, 17, 19, 7, 18, 10, 3, 8]|[0, 2, 2, 0, 1, 1, 0, 2, 1, 1, 0, 0, 1, 1, 2, 0, 0, 2, 0, 0]|[0, 0, 0, 2, 1, 1, 2, 0, 1, 1, 3, 2, 1, 0, 0, 3, 0, 0, 3, 3]|[0, 0, 1, 2, 0, 1, 0, 0, 1, 1, 0, 2, 0, 1, 1, 2, 0, 1, 1, 2],273.184151698887;9968.052061648760;16031.080694213760,0.442330116408,NOT_APPLICABLE,NOT_APPLICABLE,NOT_APPLICABLE,6
51,2,28504,G1_CMAX,PREVIOUS,[11, 5, 2, 10, 15, 16, 1, 13, 9, 4, 18, 6, 0, 17, 19, 7, 14, 12, 3, 8]|[0, 2, 2, 0, 1, 1, 0, 1, 1, 2, 0, 2, 0, 1, 2, 1, 0, 1, 0, 0]|[0, 0, 0, 2, 1, 1, 2, 1, 1, 0, 1, 0, 2, 0, 0, 1, 2, 1, 3, 3]|[0, 0, 1, 2, 0, 1, 0, 1, 1, 1, 1, 1, 0, 1, 1, 0, 0, 1, 1, 2],272.873189411305;10312.643585865040;15412.877401058751,0,false,[11, 5, 2, 10, 15, 16, 1, 13, 9, 4, 18, 6, 0, 17, 19, 7, 14, 12, 3, 8]|[0, 2, 2, 0, 1, 1, 0, 1, 1, 2, 0, 2, 0, 1, 2, 1, 0, 1, 0, 0]|[0, 0, 0, 2, 1, 1, 2, 1, 1, 0, 1, 0, 2, 0, 0, 1, 2, 1, 3, 3]|[0, 0, 1, 2, 0, 1, 0, 1, 1, 1, 1, 1, 0, 1, 1, 0, 0, 1, 1, 2],272.873189411305;10312.643585865040;15412.877401058751,272.873189411305,NOT_APPLICABLE,NOT_APPLICABLE,NOT_APPLICABLE,18
51,2,28504,G1_CMAX,HISTORICAL,[2, 5, 18, 3, 17, 16, 10, 19, 9, 6, 12, 11, 0, 8, 4, 15, 7, 14, 1, 13]|[2, 2, 1, 2, 2, 2, 2, 1, 0, 0, 1, 2, 2, 0, 0, 1, 1, 0, 1, 1]|[0, 1, 1, 0, 1, 1, 0, 0, 0, 2, 0, 0, 0, 3, 0, 1, 1, 3, 1, 1]|[1, 0, 0, 1, 0, 0, 1, 1, 0, 2, 1, 1, 1, 2, 1, 0, 1, 0, 1, 1],203.680988390281;10730.053037185788;17590.401652550340,0,false,[2, 5, 18, 3, 17, 16, 10, 19, 9, 6, 12, 11, 0, 8, 4, 15, 7, 14, 1, 13]|[2, 2, 1, 2, 2, 2, 2, 1, 0, 0, 1, 2, 2, 0, 0, 1, 1, 0, 1, 1]|[0, 1, 1, 0, 1, 1, 0, 0, 0, 2, 0, 0, 0, 3, 0, 1, 1, 3, 1, 1]|[1, 0, 0, 1, 0, 0, 1, 1, 0, 2, 1, 1, 1, 2, 1, 0, 1, 0, 1, 1],203.680988390281;10730.053037185788;17590.401652550340,203.680988390281,NOT_APPLICABLE,NOT_APPLICABLE,NOT_APPLICABLE,20
51,2,28504,G2_TEC,PREVIOUS,[11, 5, 2, 10, 13, 16, 1, 0, 9, 8, 12, 6, 18, 17, 7, 14, 4, 19, 3, 15]|[0, 2, 0, 2, 1, 1, 0, 2, 1, 0, 0, 0, 1, 0, 1, 0, 1, 2, 2, 1]|[0, 0, 3, 0, 1, 1, 3, 0, 1, 3, 3, 2, 1, 3, 1, 3, 1, 0, 0, 1]|[0, 0, 1, 1, 1, 1, 2, 0, 0, 2, 0, 2, 1, 2, 1, 0, 1, 1, 1, 1],323.111698304693;9473.819900388427;16740.022648635728,0,false,[11, 5, 2, 10, 13, 16, 1, 0, 9, 8, 12, 6, 18, 17, 7, 14, 4, 19, 3, 15]|[0, 2, 0, 2, 1, 1, 0, 2, 1, 0, 0, 0, 1, 0, 1, 0, 1, 2, 2, 1]|[0, 0, 3, 0, 1, 1, 3, 0, 1, 3, 3, 2, 1, 3, 1, 3, 1, 0, 0, 1]|[0, 0, 1, 1, 1, 1, 2, 0, 0, 2, 0, 2, 1, 2, 1, 0, 1, 1, 1, 1],323.111698304693;9473.819900388427;16740.022648635728,9473.819900388427,NOT_APPLICABLE,NOT_APPLICABLE,NOT_APPLICABLE,11
51,2,28504,G2_TEC,HISTORICAL,[11, 5, 2, 10, 13, 16, 1, 0, 9, 8, 12, 6, 18, 17, 7, 14, 4, 19, 3, 15]|[0, 2, 0, 2, 1, 1, 0, 2, 1, 0, 0, 0, 1, 0, 1, 0, 1, 2, 2, 1]|[0, 0, 3, 0, 1, 1, 3, 0, 1, 3, 3, 2, 1, 3, 1, 3, 1, 0, 0, 1]|[0, 0, 1, 1, 1, 1, 2, 0, 0, 2, 0, 2, 1, 2, 1, 0, 1, 1, 1, 1],323.111698304693;9473.819900388427;16740.022648635728,0,false,[11, 5, 2, 10, 13, 16, 1, 0, 9, 8, 12, 6, 18, 17, 7, 14, 4, 19, 3, 15]|[0, 2, 0, 2, 1, 1, 0, 2, 1, 0, 0, 0, 1, 0, 1, 0, 1, 2, 2, 1]|[0, 0, 3, 0, 1, 1, 3, 0, 1, 3, 3, 2, 1, 3, 1, 3, 1, 0, 0, 1]|[0, 0, 1, 1, 1, 1, 2, 0, 0, 2, 0, 2, 1, 2, 1, 0, 1, 1, 1, 1],323.111698304693;9473.819900388427;16740.022648635728,9473.819900388427,NOT_APPLICABLE,NOT_APPLICABLE,NOT_APPLICABLE,21
51,2,28504,G3_TWC,PREVIOUS,[18, 0, 4, 6, 7, 12, 1, 5, 9, 2, 14, 3, 10, 17, 19, 13, 11, 16, 15, 8]|[0, 0, 2, 0, 0, 1, 0, 2, 1, 2, 0, 0, 2, 0, 2, 0, 0, 1, 1, 0]|[1, 2, 0, 2, 3, 1, 2, 0, 1, 0, 2, 3, 0, 3, 0, 3, 0, 1, 1, 3]|[1, 0, 0, 2, 2, 1, 0, 0, 1, 1, 0, 1, 1, 1, 1, 2, 0, 1, 0, 2],335.580410576488;10278.657859762629;13119.081694114530,0,false,[18, 0, 4, 6, 7, 12, 1, 5, 9, 2, 14, 3, 10, 17, 19, 13, 11, 16, 15, 8]|[0, 0, 2, 0, 0, 1, 0, 2, 1, 2, 0, 0, 2, 0, 2, 0, 0, 1, 1, 0]|[1, 2, 0, 2, 3, 1, 2, 0, 1, 0, 2, 3, 0, 3, 0, 3, 0, 1, 1, 3]|[1, 0, 0, 2, 2, 1, 0, 0, 1, 1, 0, 1, 1, 1, 1, 2, 0, 1, 0, 2],335.580410576488;10278.657859762629;13119.081694114530,13119.081694114530,NOT_APPLICABLE,NOT_APPLICABLE,NOT_APPLICABLE,25
51,2,28504,G3_TWC,HISTORICAL,[18, 0, 4, 6, 7, 12, 1, 5, 9, 2, 14, 3, 10, 17, 19, 13, 11, 16, 15, 8]|[0, 0, 2, 0, 0, 1, 0, 2, 1, 2, 0, 0, 2, 0, 2, 0, 0, 1, 1, 0]|[1, 2, 0, 2, 3, 1, 2, 0, 1, 0, 2, 3, 0, 3, 0, 3, 0, 1, 1, 3]|[1, 0, 0, 2, 2, 1, 0, 0, 1, 1, 0, 1, 1, 1, 1, 2, 0, 1, 0, 2],335.580410576488;10278.657859762629;13119.081694114530,0,false,[18, 0, 4, 6, 7, 12, 1, 5, 9, 2, 14, 3, 10, 17, 19, 13, 11, 16, 15, 8]|[0, 0, 2, 0, 0, 1, 0, 2, 1, 2, 0, 0, 2, 0, 2, 0, 0, 1, 1, 0]|[1, 2, 0, 2, 3, 1, 2, 0, 1, 0, 2, 3, 0, 3, 0, 3, 0, 1, 1, 3]|[1, 0, 0, 2, 2, 1, 0, 0, 1, 1, 0, 1, 1, 1, 1, 2, 0, 1, 0, 2],335.580410576488;10278.657859762629;13119.081694114530,13119.081694114530,NOT_APPLICABLE,NOT_APPLICABLE,NOT_APPLICABLE,14
51,2,28504,G4_BALANCED,PREVIOUS,[11, 5, 2, 10, 13, 16, 1, 0, 9, 8, 12, 6, 15, 17, 7, 18, 3, 4, 19, 14]|[0, 2, 0, 2, 1, 1, 0, 2, 1, 0, 0, 0, 1, 0, 1, 1, 2, 1, 2, 0]|[0, 0, 3, 0, 1, 1, 3, 0, 1, 3, 2, 3, 1, 3, 1, 1, 0, 1, 0, 3]|[0, 0, 1, 1, 1, 1, 2, 0, 0, 2, 2, 0, 0, 2, 1, 1, 1, 1, 1, 0],329.261724746884;9359.614041138513;16893.581087449424,2,true,[11, 5, 2, 4, 17, 8, 19, 14, 3, 12, 6, 0, 1, 16, 15, 7, 9, 13, 18, 10]|[0, 2, 2, 1, 1, 0, 2, 0, 0, 0, 0, 2, 0, 2, 1, 1, 1, 1, 1, 1]|[3, 0, 0, 1, 1, 3, 0, 2, 3, 2, 3, 0, 3, 0, 1, 1, 1, 1, 1, 1]|[2, 0, 1, 1, 1, 0, 1, 2, 1, 2, 0, 0, 0, 1, 1, 1, 1, 1, 1, 1],268.601241829779;9177.027751095335;16879.894271174155,0.616929325065,28504,28504,0,35
51,2,28504,G4_BALANCED,HISTORICAL,[11, 4, 2, 12, 13, 16, 1, 0, 9, 5, 14, 6, 15, 17, 19, 7, 18, 10, 3, 8]|[0, 2, 2, 0, 1, 1, 0, 2, 1, 1, 0, 0, 1, 1, 2, 0, 0, 2, 0, 0]|[0, 0, 0, 2, 1, 1, 2, 0, 1, 1, 3, 2, 1, 0, 0, 3, 0, 0, 3, 3]|[0, 0, 1, 2, 0, 1, 0, 0, 1, 1, 0, 2, 0, 1, 1, 2, 0, 1, 1, 2],273.184151698887;9968.052061648760;16031.080694213760,0,false,[11, 4, 2, 12, 13, 16, 1, 0, 9, 5, 14, 6, 15, 17, 19, 7, 18, 10, 3, 8]|[0, 2, 2, 0, 1, 1, 0, 2, 1, 1, 0, 0, 1, 1, 2, 0, 0, 2, 0, 0]|[0, 0, 0, 2, 1, 1, 2, 0, 1, 1, 3, 2, 1, 0, 0, 3, 0, 0, 3, 3]|[0, 0, 1, 2, 0, 1, 0, 0, 1, 1, 0, 2, 0, 1, 1, 2, 0, 1, 1, 2],273.184151698887;9968.052061648760;16031.080694213760,0.487712712805,NOT_APPLICABLE,NOT_APPLICABLE,NOT_APPLICABLE,6
52,2,28604,G1_CMAX,PREVIOUS,[11, 5, 2, 10, 13, 16, 8, 4, 9, 6, 12, 0, 7, 15, 18, 1, 17, 14, 3, 19]|[2, 2, 2, 0, 1, 1, 0, 2, 0, 2, 1, 2, 0, 0, 0, 0, 2, 0, 0, 1]|[0, 1, 0, 2, 1, 1, 3, 0, 0, 0, 1, 0, 3, 2, 3, 1, 1, 3, 3, 0]|[1, 0, 1, 1, 1, 1, 2, 1, 0, 1, 1, 1, 2, 0, 2, 0, 0, 0, 1, 1],257.899279868628;10330.909782309423;15530.979142880034,0,false,[11, 5, 2, 10, 13, 16, 8, 4, 9, 6, 12, 0, 7, 15, 18, 1, 17, 14, 3, 19]|[2, 2, 2, 0, 1, 1, 0, 2, 0, 2, 1, 2, 0, 0, 0, 0, 2, 0, 0, 1]|[0, 1, 0, 2, 1, 1, 3, 0, 0, 0, 1, 0, 3, 2, 3, 1, 1, 3, 3, 0]|[1, 0, 1, 1, 1, 1, 2, 1, 0, 1, 1, 1, 2, 0, 2, 0, 0, 0, 1, 1],257.899279868628;10330.909782309423;15530.979142880034,257.899279868628,NOT_APPLICABLE,NOT_APPLICABLE,NOT_APPLICABLE,18
52,2,28604,G1_CMAX,HISTORICAL,[2, 5, 18, 3, 17, 16, 10, 19, 9, 6, 12, 11, 0, 8, 4, 15, 7, 14, 1, 13]|[2, 2, 1, 2, 2, 2, 2, 1, 0, 0, 1, 2, 2, 0, 0, 1, 1, 0, 1, 1]|[0, 1, 1, 0, 1, 1, 0, 0, 0, 2, 0, 0, 0, 3, 0, 1, 1, 3, 1, 1]|[1, 0, 0, 1, 0, 0, 1, 1, 0, 2, 1, 1, 1, 2, 1, 0, 1, 0, 1, 1],203.680988390281;10730.053037185788;17590.401652550340,0,false,[2, 5, 18, 3, 17, 16, 10, 19, 9, 6, 12, 11, 0, 8, 4, 15, 7, 14, 1, 13]|[2, 2, 1, 2, 2, 2, 2, 1, 0, 0, 1, 2, 2, 0, 0, 1, 1, 0, 1, 1]|[0, 1, 1, 0, 1, 1, 0, 0, 0, 2, 0, 0, 0, 3, 0, 1, 1, 3, 1, 1]|[1, 0, 0, 1, 0, 0, 1, 1, 0, 2, 1, 1, 1, 2, 1, 0, 1, 0, 1, 1],203.680988390281;10730.053037185788;17590.401652550340,203.680988390281,NOT_APPLICABLE,NOT_APPLICABLE,NOT_APPLICABLE,20
52,2,28604,G2_TEC,PREVIOUS,[11, 5, 2, 10, 13, 16, 1, 0, 9, 8, 12, 6, 18, 17, 7, 14, 4, 19, 3, 15]|[0, 2, 0, 2, 1, 1, 0, 2, 1, 0, 0, 0, 1, 0, 1, 0, 1, 2, 2, 1]|[0, 0, 3, 0, 1, 1, 3, 0, 1, 3, 3, 2, 1, 3, 1, 3, 1, 0, 0, 1]|[0, 0, 1, 1, 1, 1, 2, 0, 0, 2, 0, 2, 1, 2, 1, 0, 1, 1, 1, 1],323.111698304693;9473.819900388427;16740.022648635728,0,false,[11, 5, 2, 10, 13, 16, 1, 0, 9, 8, 12, 6, 18, 17, 7, 14, 4, 19, 3, 15]|[0, 2, 0, 2, 1, 1, 0, 2, 1, 0, 0, 0, 1, 0, 1, 0, 1, 2, 2, 1]|[0, 0, 3, 0, 1, 1, 3, 0, 1, 3, 3, 2, 1, 3, 1, 3, 1, 0, 0, 1]|[0, 0, 1, 1, 1, 1, 2, 0, 0, 2, 0, 2, 1, 2, 1, 0, 1, 1, 1, 1],323.111698304693;9473.819900388427;16740.022648635728,9473.819900388427,NOT_APPLICABLE,NOT_APPLICABLE,NOT_APPLICABLE,11
52,2,28604,G2_TEC,HISTORICAL,[11, 5, 2, 10, 13, 16, 1, 0, 9, 8, 12, 6, 18, 17, 7, 14, 4, 19, 3, 15]|[0, 2, 0, 2, 1, 1, 0, 2, 1, 0, 0, 0, 1, 0, 1, 0, 1, 2, 2, 1]|[0, 0, 3, 0, 1, 1, 3, 0, 1, 3, 3, 2, 1, 3, 1, 3, 1, 0, 0, 1]|[0, 0, 1, 1, 1, 1, 2, 0, 0, 2, 0, 2, 1, 2, 1, 0, 1, 1, 1, 1],323.111698304693;9473.819900388427;16740.022648635728,0,false,[11, 5, 2, 10, 13, 16, 1, 0, 9, 8, 12, 6, 18, 17, 7, 14, 4, 19, 3, 15]|[0, 2, 0, 2, 1, 1, 0, 2, 1, 0, 0, 0, 1, 0, 1, 0, 1, 2, 2, 1]|[0, 0, 3, 0, 1, 1, 3, 0, 1, 3, 3, 2, 1, 3, 1, 3, 1, 0, 0, 1]|[0, 0, 1, 1, 1, 1, 2, 0, 0, 2, 0, 2, 1, 2, 1, 0, 1, 1, 1, 1],323.111698304693;9473.819900388427;16740.022648635728,9473.819900388427,NOT_APPLICABLE,NOT_APPLICABLE,NOT_APPLICABLE,22
52,2,28604,G3_TWC,PREVIOUS,[18, 0, 4, 6, 7, 12, 1, 5, 9, 2, 14, 3, 10, 17, 19, 13, 11, 16, 15, 8]|[0, 0, 2, 0, 0, 1, 0, 2, 1, 2, 0, 0, 2, 0, 2, 0, 0, 1, 1, 0]|[1, 2, 0, 2, 3, 1, 2, 0, 1, 0, 2, 3, 0, 3, 0, 3, 0, 1, 1, 3]|[1, 0, 0, 2, 2, 1, 0, 0, 1, 1, 0, 1, 1, 1, 1, 2, 0, 1, 0, 2],335.580410576488;10278.657859762629;13119.081694114530,0,false,[18, 0, 4, 6, 7, 12, 1, 5, 9, 2, 14, 3, 10, 17, 19, 13, 11, 16, 15, 8]|[0, 0, 2, 0, 0, 1, 0, 2, 1, 2, 0, 0, 2, 0, 2, 0, 0, 1, 1, 0]|[1, 2, 0, 2, 3, 1, 2, 0, 1, 0, 2, 3, 0, 3, 0, 3, 0, 1, 1, 3]|[1, 0, 0, 2, 2, 1, 0, 0, 1, 1, 0, 1, 1, 1, 1, 2, 0, 1, 0, 2],335.580410576488;10278.657859762629;13119.081694114530,13119.081694114530,NOT_APPLICABLE,NOT_APPLICABLE,NOT_APPLICABLE,26
52,2,28604,G3_TWC,HISTORICAL,[18, 0, 4, 6, 7, 12, 1, 5, 9, 2, 14, 3, 10, 17, 19, 13, 11, 16, 15, 8]|[0, 0, 2, 0, 0, 1, 0, 2, 1, 2, 0, 0, 2, 0, 2, 0, 0, 1, 1, 0]|[1, 2, 0, 2, 3, 1, 2, 0, 1, 0, 2, 3, 0, 3, 0, 3, 0, 1, 1, 3]|[1, 0, 0, 2, 2, 1, 0, 0, 1, 1, 0, 1, 1, 1, 1, 2, 0, 1, 0, 2],335.580410576488;10278.657859762629;13119.081694114530,0,false,[18, 0, 4, 6, 7, 12, 1, 5, 9, 2, 14, 3, 10, 17, 19, 13, 11, 16, 15, 8]|[0, 0, 2, 0, 0, 1, 0, 2, 1, 2, 0, 0, 2, 0, 2, 0, 0, 1, 1, 0]|[1, 2, 0, 2, 3, 1, 2, 0, 1, 0, 2, 3, 0, 3, 0, 3, 0, 1, 1, 3]|[1, 0, 0, 2, 2, 1, 0, 0, 1, 1, 0, 1, 1, 1, 1, 2, 0, 1, 0, 2],335.580410576488;10278.657859762629;13119.081694114530,13119.081694114530,NOT_APPLICABLE,NOT_APPLICABLE,NOT_APPLICABLE,14
52,2,28604,G4_BALANCED,PREVIOUS,[11, 5, 2, 4, 17, 8, 19, 14, 3, 12, 6, 0, 1, 16, 15, 7, 9, 13, 18, 10]|[0, 2, 2, 1, 1, 0, 2, 0, 0, 0, 0, 2, 0, 2, 1, 1, 1, 1, 1, 1]|[3, 0, 0, 1, 1, 3, 0, 2, 3, 2, 3, 0, 3, 0, 1, 1, 1, 1, 1, 1]|[2, 0, 1, 1, 1, 0, 1, 2, 1, 2, 0, 0, 0, 1, 1, 1, 1, 1, 1, 1],268.601241829779;9177.027751095335;16879.894271174155,0,false,[11, 5, 2, 4, 17, 8, 19, 14, 3, 12, 6, 0, 1, 16, 15, 7, 9, 13, 18, 10]|[0, 2, 2, 1, 1, 0, 2, 0, 0, 0, 0, 2, 0, 2, 1, 1, 1, 1, 1, 1]|[3, 0, 0, 1, 1, 3, 0, 2, 3, 2, 3, 0, 3, 0, 1, 1, 1, 1, 1, 1]|[2, 0, 1, 1, 1, 0, 1, 2, 1, 2, 0, 0, 0, 1, 1, 1, 1, 1, 1, 1],268.601241829779;9177.027751095335;16879.894271174155,0.616929325065,NOT_APPLICABLE,NOT_APPLICABLE,NOT_APPLICABLE,36
52,2,28604,G4_BALANCED,HISTORICAL,[11, 4, 2, 12, 13, 16, 1, 0, 9, 5, 14, 6, 15, 17, 19, 7, 18, 10, 3, 8]|[0, 2, 2, 0, 1, 1, 0, 2, 1, 1, 0, 0, 1, 1, 2, 0, 0, 2, 0, 0]|[0, 0, 0, 2, 1, 1, 2, 0, 1, 1, 3, 2, 1, 0, 0, 3, 0, 0, 3, 3]|[0, 0, 1, 2, 0, 1, 0, 0, 1, 1, 0, 2, 0, 1, 1, 2, 0, 1, 1, 2],273.184151698887;9968.052061648760;16031.080694213760,1,true,[11, 5, 2, 4, 17, 19, 1, 0, 10, 3, 12, 14, 8, 15, 16, 18, 7, 13, 6, 9]|[0, 2, 2, 1, 0, 1, 0, 0, 1, 0, 1, 0, 0, 2, 2, 2, 0, 1, 0, 1]|[3, 0, 0, 1, 2, 1, 3, 0, 1, 3, 0, 2, 3, 0, 1, 1, 0, 1, 3, 1]|[2, 0, 1, 1, 0, 1, 0, 0, 1, 1, 1, 2, 2, 1, 1, 0, 1, 1, 0, 1],264.274254154022;9920.711825146675;15516.577695024936,0.409388877799,28604,28604,0,6
53,2,28704,G1_CMAX,PREVIOUS,[0, 4, 12, 1, 3, 6, 9, 8, 14, 16, 15, 17, 7, 10, 5, 18, 11, 19, 2, 13]|[2, 1, 0, 2, 0, 0, 1, 0, 0, 1, 1, 1, 0, 2, 0, 0, 0, 2, 2, 0]|[0, 1, 3, 1, 3, 2, 1, 3, 2, 1, 1, 0, 3, 0, 3, 2, 0, 0, 0, 3]|[0, 0, 1, 0, 1, 2, 1, 2, 0, 1, 0, 1, 2, 1, 1, 0, 0, 1, 0, 2],324.462434297835;10286.886880670247;13617.641405486240,0,false,[0, 4, 12, 1, 3, 6, 9, 8, 14, 16, 15, 17, 7, 10, 5, 18, 11, 19, 2, 13]|[2, 1, 0, 2, 0, 0, 1, 0, 0, 1, 1, 1, 0, 2, 0, 0, 0, 2, 2, 0]|[0, 1, 3, 1, 3, 2, 1, 3, 2, 1, 1, 0, 3, 0, 3, 2, 0, 0, 0, 3]|[0, 0, 1, 0, 1, 2, 1, 2, 0, 1, 0, 1, 2, 1, 1, 0, 0, 1, 0, 2],324.462434297835;10286.886880670247;13617.641405486240,324.462434297835,NOT_APPLICABLE,NOT_APPLICABLE,NOT_APPLICABLE,18
53,2,28704,G1_CMAX,HISTORICAL,[2, 5, 18, 3, 17, 16, 10, 19, 9, 6, 12, 11, 0, 8, 4, 15, 7, 14, 1, 13]|[2, 2, 1, 2, 2, 2, 2, 1, 0, 0, 1, 2, 2, 0, 0, 1, 1, 0, 1, 1]|[0, 1, 1, 0, 1, 1, 0, 0, 0, 2, 0, 0, 0, 3, 0, 1, 1, 3, 1, 1]|[1, 0, 0, 1, 0, 0, 1, 1, 0, 2, 1, 1, 1, 2, 1, 0, 1, 0, 1, 1],203.680988390281;10730.053037185788;17590.401652550340,0,false,[2, 5, 18, 3, 17, 16, 10, 19, 9, 6, 12, 11, 0, 8, 4, 15, 7, 14, 1, 13]|[2, 2, 1, 2, 2, 2, 2, 1, 0, 0, 1, 2, 2, 0, 0, 1, 1, 0, 1, 1]|[0, 1, 1, 0, 1, 1, 0, 0, 0, 2, 0, 0, 0, 3, 0, 1, 1, 3, 1, 1]|[1, 0, 0, 1, 0, 0, 1, 1, 0, 2, 1, 1, 1, 2, 1, 0, 1, 0, 1, 1],203.680988390281;10730.053037185788;17590.401652550340,203.680988390281,NOT_APPLICABLE,NOT_APPLICABLE,NOT_APPLICABLE,20
53,2,28704,G2_TEC,PREVIOUS,[11, 5, 2, 10, 13, 16, 1, 0, 9, 8, 12, 6, 18, 17, 7, 14, 4, 19, 3, 15]|[0, 2, 0, 2, 1, 1, 0, 2, 1, 0, 0, 0, 1, 0, 1, 0, 1, 2, 2, 1]|[0, 0, 3, 0, 1, 1, 3, 0, 1, 3, 3, 2, 1, 3, 1, 3, 1, 0, 0, 1]|[0, 0, 1, 1, 1, 1, 2, 0, 0, 2, 0, 2, 1, 2, 1, 0, 1, 1, 1, 1],323.111698304693;9473.819900388427;16740.022648635728,0,false,[11, 5, 2, 10, 13, 16, 1, 0, 9, 8, 12, 6, 18, 17, 7, 14, 4, 19, 3, 15]|[0, 2, 0, 2, 1, 1, 0, 2, 1, 0, 0, 0, 1, 0, 1, 0, 1, 2, 2, 1]|[0, 0, 3, 0, 1, 1, 3, 0, 1, 3, 3, 2, 1, 3, 1, 3, 1, 0, 0, 1]|[0, 0, 1, 1, 1, 1, 2, 0, 0, 2, 0, 2, 1, 2, 1, 0, 1, 1, 1, 1],323.111698304693;9473.819900388427;16740.022648635728,9473.819900388427,NOT_APPLICABLE,NOT_APPLICABLE,NOT_APPLICABLE,11
53,2,28704,G2_TEC,HISTORICAL,[11, 5, 2, 10, 13, 16, 1, 0, 9, 8, 12, 6, 18, 17, 7, 14, 4, 19, 3, 15]|[0, 2, 0, 2, 1, 1, 0, 2, 1, 0, 0, 0, 1, 0, 1, 0, 1, 2, 2, 1]|[0, 0, 3, 0, 1, 1, 3, 0, 1, 3, 3, 2, 1, 3, 1, 3, 1, 0, 0, 1]|[0, 0, 1, 1, 1, 1, 2, 0, 0, 2, 0, 2, 1, 2, 1, 0, 1, 1, 1, 1],323.111698304693;9473.819900388427;16740.022648635728,0,false,[11, 5, 2, 10, 13, 16, 1, 0, 9, 8, 12, 6, 18, 17, 7, 14, 4, 19, 3, 15]|[0, 2, 0, 2, 1, 1, 0, 2, 1, 0, 0, 0, 1, 0, 1, 0, 1, 2, 2, 1]|[0, 0, 3, 0, 1, 1, 3, 0, 1, 3, 3, 2, 1, 3, 1, 3, 1, 0, 0, 1]|[0, 0, 1, 1, 1, 1, 2, 0, 0, 2, 0, 2, 1, 2, 1, 0, 1, 1, 1, 1],323.111698304693;9473.819900388427;16740.022648635728,9473.819900388427,NOT_APPLICABLE,NOT_APPLICABLE,NOT_APPLICABLE,23
53,2,28704,G3_TWC,PREVIOUS,[18, 0, 4, 6, 7, 12, 1, 5, 9, 2, 14, 3, 10, 17, 19, 13, 11, 16, 15, 8]|[0, 0, 2, 0, 0, 1, 0, 2, 1, 2, 0, 0, 2, 0, 2, 0, 0, 1, 1, 0]|[1, 2, 0, 2, 3, 1, 2, 0, 1, 0, 2, 3, 0, 3, 0, 3, 0, 1, 1, 3]|[1, 0, 0, 2, 2, 1, 0, 0, 1, 1, 0, 1, 1, 1, 1, 2, 0, 1, 0, 2],335.580410576488;10278.657859762629;13119.081694114530,0,false,[18, 0, 4, 6, 7, 12, 1, 5, 9, 2, 14, 3, 10, 17, 19, 13, 11, 16, 15, 8]|[0, 0, 2, 0, 0, 1, 0, 2, 1, 2, 0, 0, 2, 0, 2, 0, 0, 1, 1, 0]|[1, 2, 0, 2, 3, 1, 2, 0, 1, 0, 2, 3, 0, 3, 0, 3, 0, 1, 1, 3]|[1, 0, 0, 2, 2, 1, 0, 0, 1, 1, 0, 1, 1, 1, 1, 2, 0, 1, 0, 2],335.580410576488;10278.657859762629;13119.081694114530,13119.081694114530,NOT_APPLICABLE,NOT_APPLICABLE,NOT_APPLICABLE,27
53,2,28704,G3_TWC,HISTORICAL,[18, 0, 4, 6, 7, 12, 1, 5, 9, 2, 14, 3, 10, 17, 19, 13, 11, 16, 15, 8]|[0, 0, 2, 0, 0, 1, 0, 2, 1, 2, 0, 0, 2, 0, 2, 0, 0, 1, 1, 0]|[1, 2, 0, 2, 3, 1, 2, 0, 1, 0, 2, 3, 0, 3, 0, 3, 0, 1, 1, 3]|[1, 0, 0, 2, 2, 1, 0, 0, 1, 1, 0, 1, 1, 1, 1, 2, 0, 1, 0, 2],335.580410576488;10278.657859762629;13119.081694114530,0,false,[18, 0, 4, 6, 7, 12, 1, 5, 9, 2, 14, 3, 10, 17, 19, 13, 11, 16, 15, 8]|[0, 0, 2, 0, 0, 1, 0, 2, 1, 2, 0, 0, 2, 0, 2, 0, 0, 1, 1, 0]|[1, 2, 0, 2, 3, 1, 2, 0, 1, 0, 2, 3, 0, 3, 0, 3, 0, 1, 1, 3]|[1, 0, 0, 2, 2, 1, 0, 0, 1, 1, 0, 1, 1, 1, 1, 2, 0, 1, 0, 2],335.580410576488;10278.657859762629;13119.081694114530,13119.081694114530,NOT_APPLICABLE,NOT_APPLICABLE,NOT_APPLICABLE,14
53,2,28704,G4_BALANCED,PREVIOUS,[11, 5, 2, 4, 17, 8, 19, 14, 3, 12, 6, 0, 1, 16, 15, 7, 9, 13, 18, 10]|[0, 2, 2, 1, 1, 0, 2, 0, 0, 0, 0, 2, 0, 2, 1, 1, 1, 1, 1, 1]|[3, 0, 0, 1, 1, 3, 0, 2, 3, 2, 3, 0, 3, 0, 1, 1, 1, 1, 1, 1]|[2, 0, 1, 1, 1, 0, 1, 2, 1, 2, 0, 0, 0, 1, 1, 1, 1, 1, 1, 1],268.601241829779;9177.027751095335;16879.894271174155,0,false,[11, 5, 2, 4, 17, 8, 19, 14, 3, 12, 6, 0, 1, 16, 15, 7, 9, 13, 18, 10]|[0, 2, 2, 1, 1, 0, 2, 0, 0, 0, 0, 2, 0, 2, 1, 1, 1, 1, 1, 1]|[3, 0, 0, 1, 1, 3, 0, 2, 3, 2, 3, 0, 3, 0, 1, 1, 1, 1, 1, 1]|[2, 0, 1, 1, 1, 0, 1, 2, 1, 2, 0, 0, 0, 1, 1, 1, 1, 1, 1, 1],268.601241829779;9177.027751095335;16879.894271174155,0.616929325065,NOT_APPLICABLE,NOT_APPLICABLE,NOT_APPLICABLE,37
53,2,28704,G4_BALANCED,HISTORICAL,[11, 5, 2, 4, 17, 19, 1, 0, 10, 3, 12, 14, 8, 15, 16, 18, 7, 13, 6, 9]|[0, 2, 2, 1, 0, 1, 0, 0, 1, 0, 1, 0, 0, 2, 2, 2, 0, 1, 0, 1]|[3, 0, 0, 1, 2, 1, 3, 0, 1, 3, 0, 2, 3, 0, 1, 1, 0, 1, 3, 1]|[2, 0, 1, 1, 0, 1, 0, 0, 1, 1, 1, 2, 2, 1, 1, 0, 1, 1, 0, 1],264.274254154022;9920.711825146675;15516.577695024936,0,false,[11, 5, 2, 4, 17, 19, 1, 0, 10, 3, 12, 14, 8, 15, 16, 18, 7, 13, 6, 9]|[0, 2, 2, 1, 0, 1, 0, 0, 1, 0, 1, 0, 0, 2, 2, 2, 0, 1, 0, 1]|[3, 0, 0, 1, 2, 1, 3, 0, 1, 3, 0, 2, 3, 0, 1, 1, 0, 1, 3, 1]|[2, 0, 1, 1, 0, 1, 0, 0, 1, 1, 1, 2, 2, 1, 1, 0, 1, 1, 0, 1],264.274254154022;9920.711825146675;15516.577695024936,0.409388877799,NOT_APPLICABLE,NOT_APPLICABLE,NOT_APPLICABLE,6
54,2,28804,G1_CMAX,PREVIOUS,[11, 16, 2, 0, 5, 6, 13, 10, 1, 19, 3, 14, 17, 4, 12, 15, 7, 18, 8, 9]|[0, 2, 0, 2, 2, 0, 1, 2, 0, 2, 2, 0, 0, 1, 1, 1, 1, 1, 1, 1]|[0, 1, 3, 0, 0, 2, 1, 0, 3, 0, 0, 3, 3, 1, 1, 1, 1, 1, 1, 1]|[0, 1, 1, 0, 1, 2, 1, 1, 2, 1, 1, 0, 2, 1, 1, 1, 1, 1, 1, 1],250.784792329663;9573.925638725781;19146.052672226084,0,false,[11, 16, 2, 0, 5, 6, 13, 10, 1, 19, 3, 14, 17, 4, 12, 15, 7, 18, 8, 9]|[0, 2, 0, 2, 2, 0, 1, 2, 0, 2, 2, 0, 0, 1, 1, 1, 1, 1, 1, 1]|[0, 1, 3, 0, 0, 2, 1, 0, 3, 0, 0, 3, 3, 1, 1, 1, 1, 1, 1, 1]|[0, 1, 1, 0, 1, 2, 1, 1, 2, 1, 1, 0, 2, 1, 1, 1, 1, 1, 1, 1],250.784792329663;9573.925638725781;19146.052672226084,250.784792329663,NOT_APPLICABLE,NOT_APPLICABLE,NOT_APPLICABLE,18
54,2,28804,G1_CMAX,HISTORICAL,[2, 5, 18, 3, 17, 16, 10, 19, 9, 6, 12, 11, 0, 8, 4, 15, 7, 14, 1, 13]|[2, 2, 1, 2, 2, 2, 2, 1, 0, 0, 1, 2, 2, 0, 0, 1, 1, 0, 1, 1]|[0, 1, 1, 0, 1, 1, 0, 0, 0, 2, 0, 0, 0, 3, 0, 1, 1, 3, 1, 1]|[1, 0, 0, 1, 0, 0, 1, 1, 0, 2, 1, 1, 1, 2, 1, 0, 1, 0, 1, 1],203.680988390281;10730.053037185788;17590.401652550340,0,false,[2, 5, 18, 3, 17, 16, 10, 19, 9, 6, 12, 11, 0, 8, 4, 15, 7, 14, 1, 13]|[2, 2, 1, 2, 2, 2, 2, 1, 0, 0, 1, 2, 2, 0, 0, 1, 1, 0, 1, 1]|[0, 1, 1, 0, 1, 1, 0, 0, 0, 2, 0, 0, 0, 3, 0, 1, 1, 3, 1, 1]|[1, 0, 0, 1, 0, 0, 1, 1, 0, 2, 1, 1, 1, 2, 1, 0, 1, 0, 1, 1],203.680988390281;10730.053037185788;17590.401652550340,203.680988390281,NOT_APPLICABLE,NOT_APPLICABLE,NOT_APPLICABLE,20
54,2,28804,G2_TEC,PREVIOUS,[11, 5, 2, 10, 13, 16, 1, 0, 9, 8, 12, 6, 18, 17, 7, 14, 4, 19, 3, 15]|[0, 2, 0, 2, 1, 1, 0, 2, 1, 0, 0, 0, 1, 0, 1, 0, 1, 2, 2, 1]|[0, 0, 3, 0, 1, 1, 3, 0, 1, 3, 3, 2, 1, 3, 1, 3, 1, 0, 0, 1]|[0, 0, 1, 1, 1, 1, 2, 0, 0, 2, 0, 2, 1, 2, 1, 0, 1, 1, 1, 1],323.111698304693;9473.819900388427;16740.022648635728,0,false,[11, 5, 2, 10, 13, 16, 1, 0, 9, 8, 12, 6, 18, 17, 7, 14, 4, 19, 3, 15]|[0, 2, 0, 2, 1, 1, 0, 2, 1, 0, 0, 0, 1, 0, 1, 0, 1, 2, 2, 1]|[0, 0, 3, 0, 1, 1, 3, 0, 1, 3, 3, 2, 1, 3, 1, 3, 1, 0, 0, 1]|[0, 0, 1, 1, 1, 1, 2, 0, 0, 2, 0, 2, 1, 2, 1, 0, 1, 1, 1, 1],323.111698304693;9473.819900388427;16740.022648635728,9473.819900388427,NOT_APPLICABLE,NOT_APPLICABLE,NOT_APPLICABLE,11
54,2,28804,G2_TEC,HISTORICAL,[11, 5, 2, 10, 13, 16, 1, 0, 9, 8, 12, 6, 18, 17, 7, 14, 4, 19, 3, 15]|[0, 2, 0, 2, 1, 1, 0, 2, 1, 0, 0, 0, 1, 0, 1, 0, 1, 2, 2, 1]|[0, 0, 3, 0, 1, 1, 3, 0, 1, 3, 3, 2, 1, 3, 1, 3, 1, 0, 0, 1]|[0, 0, 1, 1, 1, 1, 2, 0, 0, 2, 0, 2, 1, 2, 1, 0, 1, 1, 1, 1],323.111698304693;9473.819900388427;16740.022648635728,0,false,[11, 5, 2, 10, 13, 16, 1, 0, 9, 8, 12, 6, 18, 17, 7, 14, 4, 19, 3, 15]|[0, 2, 0, 2, 1, 1, 0, 2, 1, 0, 0, 0, 1, 0, 1, 0, 1, 2, 2, 1]|[0, 0, 3, 0, 1, 1, 3, 0, 1, 3, 3, 2, 1, 3, 1, 3, 1, 0, 0, 1]|[0, 0, 1, 1, 1, 1, 2, 0, 0, 2, 0, 2, 1, 2, 1, 0, 1, 1, 1, 1],323.111698304693;9473.819900388427;16740.022648635728,9473.819900388427,NOT_APPLICABLE,NOT_APPLICABLE,NOT_APPLICABLE,24
54,2,28804,G3_TWC,PREVIOUS,[18, 0, 4, 6, 7, 12, 1, 5, 9, 2, 14, 3, 10, 17, 19, 13, 11, 16, 15, 8]|[0, 0, 2, 0, 0, 1, 0, 2, 1, 2, 0, 0, 2, 0, 2, 0, 0, 1, 1, 0]|[1, 2, 0, 2, 3, 1, 2, 0, 1, 0, 2, 3, 0, 3, 0, 3, 0, 1, 1, 3]|[1, 0, 0, 2, 2, 1, 0, 0, 1, 1, 0, 1, 1, 1, 1, 2, 0, 1, 0, 2],335.580410576488;10278.657859762629;13119.081694114530,0,false,[18, 0, 4, 6, 7, 12, 1, 5, 9, 2, 14, 3, 10, 17, 19, 13, 11, 16, 15, 8]|[0, 0, 2, 0, 0, 1, 0, 2, 1, 2, 0, 0, 2, 0, 2, 0, 0, 1, 1, 0]|[1, 2, 0, 2, 3, 1, 2, 0, 1, 0, 2, 3, 0, 3, 0, 3, 0, 1, 1, 3]|[1, 0, 0, 2, 2, 1, 0, 0, 1, 1, 0, 1, 1, 1, 1, 2, 0, 1, 0, 2],335.580410576488;10278.657859762629;13119.081694114530,13119.081694114530,NOT_APPLICABLE,NOT_APPLICABLE,NOT_APPLICABLE,28
54,2,28804,G3_TWC,HISTORICAL,[18, 0, 4, 6, 7, 12, 1, 5, 9, 2, 14, 3, 10, 17, 19, 13, 11, 16, 15, 8]|[0, 0, 2, 0, 0, 1, 0, 2, 1, 2, 0, 0, 2, 0, 2, 0, 0, 1, 1, 0]|[1, 2, 0, 2, 3, 1, 2, 0, 1, 0, 2, 3, 0, 3, 0, 3, 0, 1, 1, 3]|[1, 0, 0, 2, 2, 1, 0, 0, 1, 1, 0, 1, 1, 1, 1, 2, 0, 1, 0, 2],335.580410576488;10278.657859762629;13119.081694114530,0,false,[18, 0, 4, 6, 7, 12, 1, 5, 9, 2, 14, 3, 10, 17, 19, 13, 11, 16, 15, 8]|[0, 0, 2, 0, 0, 1, 0, 2, 1, 2, 0, 0, 2, 0, 2, 0, 0, 1, 1, 0]|[1, 2, 0, 2, 3, 1, 2, 0, 1, 0, 2, 3, 0, 3, 0, 3, 0, 1, 1, 3]|[1, 0, 0, 2, 2, 1, 0, 0, 1, 1, 0, 1, 1, 1, 1, 2, 0, 1, 0, 2],335.580410576488;10278.657859762629;13119.081694114530,13119.081694114530,NOT_APPLICABLE,NOT_APPLICABLE,NOT_APPLICABLE,14
54,2,28804,G4_BALANCED,PREVIOUS,[11, 5, 2, 4, 17, 8, 19, 14, 3, 12, 6, 0, 1, 16, 15, 7, 9, 13, 18, 10]|[0, 2, 2, 1, 1, 0, 2, 0, 0, 0, 0, 2, 0, 2, 1, 1, 1, 1, 1, 1]|[3, 0, 0, 1, 1, 3, 0, 2, 3, 2, 3, 0, 3, 0, 1, 1, 1, 1, 1, 1]|[2, 0, 1, 1, 1, 0, 1, 2, 1, 2, 0, 0, 0, 1, 1, 1, 1, 1, 1, 1],268.601241829779;9177.027751095335;16879.894271174155,0,false,[11, 5, 2, 4, 17, 8, 19, 14, 3, 12, 6, 0, 1, 16, 15, 7, 9, 13, 18, 10]|[0, 2, 2, 1, 1, 0, 2, 0, 0, 0, 0, 2, 0, 2, 1, 1, 1, 1, 1, 1]|[3, 0, 0, 1, 1, 3, 0, 2, 3, 2, 3, 0, 3, 0, 1, 1, 1, 1, 1, 1]|[2, 0, 1, 1, 1, 0, 1, 2, 1, 2, 0, 0, 0, 1, 1, 1, 1, 1, 1, 1],268.601241829779;9177.027751095335;16879.894271174155,0.616929325065,NOT_APPLICABLE,NOT_APPLICABLE,NOT_APPLICABLE,38
54,2,28804,G4_BALANCED,HISTORICAL,[11, 5, 2, 4, 17, 19, 1, 0, 10, 3, 12, 14, 8, 15, 16, 18, 7, 13, 6, 9]|[0, 2, 2, 1, 0, 1, 0, 0, 1, 0, 1, 0, 0, 2, 2, 2, 0, 1, 0, 1]|[3, 0, 0, 1, 2, 1, 3, 0, 1, 3, 0, 2, 3, 0, 1, 1, 0, 1, 3, 1]|[2, 0, 1, 1, 0, 1, 0, 0, 1, 1, 1, 2, 2, 1, 1, 0, 1, 1, 0, 1],264.274254154022;9920.711825146675;15516.577695024936,0,false,[11, 5, 2, 4, 17, 19, 1, 0, 10, 3, 12, 14, 8, 15, 16, 18, 7, 13, 6, 9]|[0, 2, 2, 1, 0, 1, 0, 0, 1, 0, 1, 0, 0, 2, 2, 2, 0, 1, 0, 1]|[3, 0, 0, 1, 2, 1, 3, 0, 1, 3, 0, 2, 3, 0, 1, 1, 0, 1, 3, 1]|[2, 0, 1, 1, 0, 1, 0, 0, 1, 1, 1, 2, 2, 1, 1, 0, 1, 1, 0, 1],264.274254154022;9920.711825146675;15516.577695024936,0.409388877799,NOT_APPLICABLE,NOT_APPLICABLE,NOT_APPLICABLE,6
55,2,28904,G1_CMAX,PREVIOUS,[2, 0, 4, 15, 17, 16, 1, 3, 5, 19, 12, 11, 10, 13, 9, 18, 7, 6, 8, 14]|[0, 2, 1, 1, 2, 2, 0, 0, 2, 1, 1, 2, 2, 1, 0, 0, 2, 2, 0, 0]|[0, 0, 1, 1, 1, 1, 1, 3, 1, 0, 0, 0, 0, 1, 0, 0, 0, 0, 3, 3]|[0, 1, 0, 0, 0, 0, 0, 1, 0, 1, 1, 1, 1, 1, 0, 1, 1, 1, 2, 0],213.443788033419;10994.032372480102;16987.725421575862,0,false,[2, 0, 4, 15, 17, 16, 1, 3, 5, 19, 12, 11, 10, 13, 9, 18, 7, 6, 8, 14]|[0, 2, 1, 1, 2, 2, 0, 0, 2, 1, 1, 2, 2, 1, 0, 0, 2, 2, 0, 0]|[0, 0, 1, 1, 1, 1, 1, 3, 1, 0, 0, 0, 0, 1, 0, 0, 0, 0, 3, 3]|[0, 1, 0, 0, 0, 0, 0, 1, 0, 1, 1, 1, 1, 1, 0, 1, 1, 1, 2, 0],213.443788033419;10994.032372480102;16987.725421575862,213.443788033419,NOT_APPLICABLE,NOT_APPLICABLE,NOT_APPLICABLE,18
55,2,28904,G1_CMAX,HISTORICAL,[2, 5, 18, 3, 17, 16, 10, 19, 9, 6, 12, 11, 0, 8, 4, 15, 7, 14, 1, 13]|[2, 2, 1, 2, 2, 2, 2, 1, 0, 0, 1, 2, 2, 0, 0, 1, 1, 0, 1, 1]|[0, 1, 1, 0, 1, 1, 0, 0, 0, 2, 0, 0, 0, 3, 0, 1, 1, 3, 1, 1]|[1, 0, 0, 1, 0, 0, 1, 1, 0, 2, 1, 1, 1, 2, 1, 0, 1, 0, 1, 1],203.680988390281;10730.053037185788;17590.401652550340,0,false,[2, 5, 18, 3, 17, 16, 10, 19, 9, 6, 12, 11, 0, 8, 4, 15, 7, 14, 1, 13]|[2, 2, 1, 2, 2, 2, 2, 1, 0, 0, 1, 2, 2, 0, 0, 1, 1, 0, 1, 1]|[0, 1, 1, 0, 1, 1, 0, 0, 0, 2, 0, 0, 0, 3, 0, 1, 1, 3, 1, 1]|[1, 0, 0, 1, 0, 0, 1, 1, 0, 2, 1, 1, 1, 2, 1, 0, 1, 0, 1, 1],203.680988390281;10730.053037185788;17590.401652550340,203.680988390281,NOT_APPLICABLE,NOT_APPLICABLE,NOT_APPLICABLE,20
55,2,28904,G2_TEC,PREVIOUS,[11, 5, 2, 10, 13, 16, 1, 0, 9, 8, 12, 6, 18, 17, 7, 14, 4, 19, 3, 15]|[0, 2, 0, 2, 1, 1, 0, 2, 1, 0, 0, 0, 1, 0, 1, 0, 1, 2, 2, 1]|[0, 0, 3, 0, 1, 1, 3, 0, 1, 3, 3, 2, 1, 3, 1, 3, 1, 0, 0, 1]|[0, 0, 1, 1, 1, 1, 2, 0, 0, 2, 0, 2, 1, 2, 1, 0, 1, 1, 1, 1],323.111698304693;9473.819900388427;16740.022648635728,0,false,[11, 5, 2, 10, 13, 16, 1, 0, 9, 8, 12, 6, 18, 17, 7, 14, 4, 19, 3, 15]|[0, 2, 0, 2, 1, 1, 0, 2, 1, 0, 0, 0, 1, 0, 1, 0, 1, 2, 2, 1]|[0, 0, 3, 0, 1, 1, 3, 0, 1, 3, 3, 2, 1, 3, 1, 3, 1, 0, 0, 1]|[0, 0, 1, 1, 1, 1, 2, 0, 0, 2, 0, 2, 1, 2, 1, 0, 1, 1, 1, 1],323.111698304693;9473.819900388427;16740.022648635728,9473.819900388427,NOT_APPLICABLE,NOT_APPLICABLE,NOT_APPLICABLE,11
55,2,28904,G2_TEC,HISTORICAL,[11, 5, 2, 10, 13, 16, 1, 0, 9, 8, 12, 6, 18, 17, 7, 14, 4, 19, 3, 15]|[0, 2, 0, 2, 1, 1, 0, 2, 1, 0, 0, 0, 1, 0, 1, 0, 1, 2, 2, 1]|[0, 0, 3, 0, 1, 1, 3, 0, 1, 3, 3, 2, 1, 3, 1, 3, 1, 0, 0, 1]|[0, 0, 1, 1, 1, 1, 2, 0, 0, 2, 0, 2, 1, 2, 1, 0, 1, 1, 1, 1],323.111698304693;9473.819900388427;16740.022648635728,0,false,[11, 5, 2, 10, 13, 16, 1, 0, 9, 8, 12, 6, 18, 17, 7, 14, 4, 19, 3, 15]|[0, 2, 0, 2, 1, 1, 0, 2, 1, 0, 0, 0, 1, 0, 1, 0, 1, 2, 2, 1]|[0, 0, 3, 0, 1, 1, 3, 0, 1, 3, 3, 2, 1, 3, 1, 3, 1, 0, 0, 1]|[0, 0, 1, 1, 1, 1, 2, 0, 0, 2, 0, 2, 1, 2, 1, 0, 1, 1, 1, 1],323.111698304693;9473.819900388427;16740.022648635728,9473.819900388427,NOT_APPLICABLE,NOT_APPLICABLE,NOT_APPLICABLE,25
55,2,28904,G3_TWC,PREVIOUS,[18, 0, 4, 6, 7, 12, 1, 5, 9, 2, 14, 3, 10, 17, 19, 13, 11, 16, 15, 8]|[0, 0, 2, 0, 0, 1, 0, 2, 1, 2, 0, 0, 2, 0, 2, 0, 0, 1, 1, 0]|[1, 2, 0, 2, 3, 1, 2, 0, 1, 0, 2, 3, 0, 3, 0, 3, 0, 1, 1, 3]|[1, 0, 0, 2, 2, 1, 0, 0, 1, 1, 0, 1, 1, 1, 1, 2, 0, 1, 0, 2],335.580410576488;10278.657859762629;13119.081694114530,0,false,[18, 0, 4, 6, 7, 12, 1, 5, 9, 2, 14, 3, 10, 17, 19, 13, 11, 16, 15, 8]|[0, 0, 2, 0, 0, 1, 0, 2, 1, 2, 0, 0, 2, 0, 2, 0, 0, 1, 1, 0]|[1, 2, 0, 2, 3, 1, 2, 0, 1, 0, 2, 3, 0, 3, 0, 3, 0, 1, 1, 3]|[1, 0, 0, 2, 2, 1, 0, 0, 1, 1, 0, 1, 1, 1, 1, 2, 0, 1, 0, 2],335.580410576488;10278.657859762629;13119.081694114530,13119.081694114530,NOT_APPLICABLE,NOT_APPLICABLE,NOT_APPLICABLE,29
55,2,28904,G3_TWC,HISTORICAL,[18, 0, 4, 6, 7, 12, 1, 5, 9, 2, 14, 3, 10, 17, 19, 13, 11, 16, 15, 8]|[0, 0, 2, 0, 0, 1, 0, 2, 1, 2, 0, 0, 2, 0, 2, 0, 0, 1, 1, 0]|[1, 2, 0, 2, 3, 1, 2, 0, 1, 0, 2, 3, 0, 3, 0, 3, 0, 1, 1, 3]|[1, 0, 0, 2, 2, 1, 0, 0, 1, 1, 0, 1, 1, 1, 1, 2, 0, 1, 0, 2],335.580410576488;10278.657859762629;13119.081694114530,0,false,[18, 0, 4, 6, 7, 12, 1, 5, 9, 2, 14, 3, 10, 17, 19, 13, 11, 16, 15, 8]|[0, 0, 2, 0, 0, 1, 0, 2, 1, 2, 0, 0, 2, 0, 2, 0, 0, 1, 1, 0]|[1, 2, 0, 2, 3, 1, 2, 0, 1, 0, 2, 3, 0, 3, 0, 3, 0, 1, 1, 3]|[1, 0, 0, 2, 2, 1, 0, 0, 1, 1, 0, 1, 1, 1, 1, 2, 0, 1, 0, 2],335.580410576488;10278.657859762629;13119.081694114530,13119.081694114530,NOT_APPLICABLE,NOT_APPLICABLE,NOT_APPLICABLE,14
55,2,28904,G4_BALANCED,PREVIOUS,[11, 5, 2, 4, 17, 8, 19, 14, 3, 12, 6, 0, 1, 16, 15, 7, 9, 13, 18, 10]|[0, 2, 2, 1, 1, 0, 2, 0, 0, 0, 0, 2, 0, 2, 1, 1, 1, 1, 1, 1]|[3, 0, 0, 1, 1, 3, 0, 2, 3, 2, 3, 0, 3, 0, 1, 1, 1, 1, 1, 1]|[2, 0, 1, 1, 1, 0, 1, 2, 1, 2, 0, 0, 0, 1, 1, 1, 1, 1, 1, 1],268.601241829779;9177.027751095335;16879.894271174155,0,false,[11, 5, 2, 4, 17, 8, 19, 14, 3, 12, 6, 0, 1, 16, 15, 7, 9, 13, 18, 10]|[0, 2, 2, 1, 1, 0, 2, 0, 0, 0, 0, 2, 0, 2, 1, 1, 1, 1, 1, 1]|[3, 0, 0, 1, 1, 3, 0, 2, 3, 2, 3, 0, 3, 0, 1, 1, 1, 1, 1, 1]|[2, 0, 1, 1, 1, 0, 1, 2, 1, 2, 0, 0, 0, 1, 1, 1, 1, 1, 1, 1],268.601241829779;9177.027751095335;16879.894271174155,0.616929325065,NOT_APPLICABLE,NOT_APPLICABLE,NOT_APPLICABLE,39
55,2,28904,G4_BALANCED,HISTORICAL,[11, 5, 2, 4, 17, 19, 1, 0, 10, 3, 12, 14, 8, 15, 16, 18, 7, 13, 6, 9]|[0, 2, 2, 1, 0, 1, 0, 0, 1, 0, 1, 0, 0, 2, 2, 2, 0, 1, 0, 1]|[3, 0, 0, 1, 2, 1, 3, 0, 1, 3, 0, 2, 3, 0, 1, 1, 0, 1, 3, 1]|[2, 0, 1, 1, 0, 1, 0, 0, 1, 1, 1, 2, 2, 1, 1, 0, 1, 1, 0, 1],264.274254154022;9920.711825146675;15516.577695024936,0,false,[11, 5, 2, 4, 17, 19, 1, 0, 10, 3, 12, 14, 8, 15, 16, 18, 7, 13, 6, 9]|[0, 2, 2, 1, 0, 1, 0, 0, 1, 0, 1, 0, 0, 2, 2, 2, 0, 1, 0, 1]|[3, 0, 0, 1, 2, 1, 3, 0, 1, 3, 0, 2, 3, 0, 1, 1, 0, 1, 3, 1]|[2, 0, 1, 1, 0, 1, 0, 0, 1, 1, 1, 2, 2, 1, 1, 0, 1, 1, 0, 1],264.274254154022;9920.711825146675;15516.577695024936,0.409388877799,NOT_APPLICABLE,NOT_APPLICABLE,NOT_APPLICABLE,6
56,2,29004,G1_CMAX,PREVIOUS,[11, 5, 6, 4, 17, 8, 19, 14, 3, 12, 2, 10, 1, 16, 15, 7, 9, 13, 18, 0]|[0, 2, 0, 1, 1, 0, 2, 0, 0, 0, 2, 2, 0, 2, 1, 1, 1, 1, 1, 1]|[3, 0, 3, 1, 1, 3, 0, 2, 3, 2, 0, 0, 3, 0, 1, 1, 1, 1, 1, 1]|[2, 0, 0, 1, 1, 0, 1, 2, 1, 2, 1, 0, 0, 1, 1, 1, 1, 1, 1, 1],266.535211383872;9224.134860189752;16930.211045207623,0,false,[11, 5, 6, 4, 17, 8, 19, 14, 3, 12, 2, 10, 1, 16, 15, 7, 9, 13, 18, 0]|[0, 2, 0, 1, 1, 0, 2, 0, 0, 0, 2, 2, 0, 2, 1, 1, 1, 1, 1, 1]|[3, 0, 3, 1, 1, 3, 0, 2, 3, 2, 0, 0, 3, 0, 1, 1, 1, 1, 1, 1]|[2, 0, 0, 1, 1, 0, 1, 2, 1, 2, 1, 0, 0, 1, 1, 1, 1, 1, 1, 1],266.535211383872;9224.134860189752;16930.211045207623,266.535211383872,NOT_APPLICABLE,NOT_APPLICABLE,NOT_APPLICABLE,18
56,2,29004,G1_CMAX,HISTORICAL,[2, 5, 18, 3, 17, 16, 10, 19, 9, 6, 12, 11, 0, 8, 4, 15, 7, 14, 1, 13]|[2, 2, 1, 2, 2, 2, 2, 1, 0, 0, 1, 2, 2, 0, 0, 1, 1, 0, 1, 1]|[0, 1, 1, 0, 1, 1, 0, 0, 0, 2, 0, 0, 0, 3, 0, 1, 1, 3, 1, 1]|[1, 0, 0, 1, 0, 0, 1, 1, 0, 2, 1, 1, 1, 2, 1, 0, 1, 0, 1, 1],203.680988390281;10730.053037185788;17590.401652550340,0,false,[2, 5, 18, 3, 17, 16, 10, 19, 9, 6, 12, 11, 0, 8, 4, 15, 7, 14, 1, 13]|[2, 2, 1, 2, 2, 2, 2, 1, 0, 0, 1, 2, 2, 0, 0, 1, 1, 0, 1, 1]|[0, 1, 1, 0, 1, 1, 0, 0, 0, 2, 0, 0, 0, 3, 0, 1, 1, 3, 1, 1]|[1, 0, 0, 1, 0, 0, 1, 1, 0, 2, 1, 1, 1, 2, 1, 0, 1, 0, 1, 1],203.680988390281;10730.053037185788;17590.401652550340,203.680988390281,NOT_APPLICABLE,NOT_APPLICABLE,NOT_APPLICABLE,20
56,2,29004,G2_TEC,PREVIOUS,[11, 5, 2, 10, 13, 16, 1, 0, 9, 8, 12, 6, 18, 17, 7, 14, 4, 19, 3, 15]|[0, 2, 0, 2, 1, 1, 0, 2, 1, 0, 0, 0, 1, 0, 1, 0, 1, 2, 2, 1]|[0, 0, 3, 0, 1, 1, 3, 0, 1, 3, 3, 2, 1, 3, 1, 3, 1, 0, 0, 1]|[0, 0, 1, 1, 1, 1, 2, 0, 0, 2, 0, 2, 1, 2, 1, 0, 1, 1, 1, 1],323.111698304693;9473.819900388427;16740.022648635728,1,true,[11, 5, 2, 4, 6, 8, 19, 14, 15, 12, 17, 10, 1, 16, 3, 7, 9, 13, 18, 0]|[0, 2, 2, 1, 0, 0, 2, 0, 1, 0, 1, 1, 0, 2, 0, 1, 1, 1, 1, 2]|[3, 0, 0, 1, 3, 3, 0, 2, 1, 2, 1, 1, 3, 0, 3, 1, 1, 1, 1, 0]|[2, 0, 1, 1, 0, 0, 1, 2, 1, 2, 1, 1, 0, 1, 1, 1, 1, 1, 1, 0],258.645731908626;9420.836174940020;16544.188445341795,9420.836174940020,29004,29004,0,11
56,2,29004,G2_TEC,HISTORICAL,[11, 5, 2, 10, 13, 16, 1, 0, 9, 8, 12, 6, 18, 17, 7, 14, 4, 19, 3, 15]|[0, 2, 0, 2, 1, 1, 0, 2, 1, 0, 0, 0, 1, 0, 1, 0, 1, 2, 2, 1]|[0, 0, 3, 0, 1, 1, 3, 0, 1, 3, 3, 2, 1, 3, 1, 3, 1, 0, 0, 1]|[0, 0, 1, 1, 1, 1, 2, 0, 0, 2, 0, 2, 1, 2, 1, 0, 1, 1, 1, 1],323.111698304693;9473.819900388427;16740.022648635728,1,true,[11, 5, 2, 4, 6, 8, 19, 14, 15, 12, 17, 10, 1, 16, 3, 7, 9, 13, 18, 0]|[0, 2, 2, 1, 0, 0, 2, 0, 1, 0, 1, 1, 0, 2, 0, 1, 1, 1, 1, 2]|[3, 0, 0, 1, 3, 3, 0, 2, 1, 2, 1, 1, 3, 0, 3, 1, 1, 1, 1, 0]|[2, 0, 1, 1, 0, 0, 1, 2, 1, 2, 1, 1, 0, 1, 1, 1, 1, 1, 1, 0],258.645731908626;9420.836174940020;16544.188445341795,9420.836174940020,29004,29004,0,26
56,2,29004,G3_TWC,PREVIOUS,[18, 0, 4, 6, 7, 12, 1, 5, 9, 2, 14, 3, 10, 17, 19, 13, 11, 16, 15, 8]|[0, 0, 2, 0, 0, 1, 0, 2, 1, 2, 0, 0, 2, 0, 2, 0, 0, 1, 1, 0]|[1, 2, 0, 2, 3, 1, 2, 0, 1, 0, 2, 3, 0, 3, 0, 3, 0, 1, 1, 3]|[1, 0, 0, 2, 2, 1, 0, 0, 1, 1, 0, 1, 1, 1, 1, 2, 0, 1, 0, 2],335.580410576488;10278.657859762629;13119.081694114530,0,false,[18, 0, 4, 6, 7, 12, 1, 5, 9, 2, 14, 3, 10, 17, 19, 13, 11, 16, 15, 8]|[0, 0, 2, 0, 0, 1, 0, 2, 1, 2, 0, 0, 2, 0, 2, 0, 0, 1, 1, 0]|[1, 2, 0, 2, 3, 1, 2, 0, 1, 0, 2, 3, 0, 3, 0, 3, 0, 1, 1, 3]|[1, 0, 0, 2, 2, 1, 0, 0, 1, 1, 0, 1, 1, 1, 1, 2, 0, 1, 0, 2],335.580410576488;10278.657859762629;13119.081694114530,13119.081694114530,NOT_APPLICABLE,NOT_APPLICABLE,NOT_APPLICABLE,30
56,2,29004,G3_TWC,HISTORICAL,[18, 0, 4, 6, 7, 12, 1, 5, 9, 2, 14, 3, 10, 17, 19, 13, 11, 16, 15, 8]|[0, 0, 2, 0, 0, 1, 0, 2, 1, 2, 0, 0, 2, 0, 2, 0, 0, 1, 1, 0]|[1, 2, 0, 2, 3, 1, 2, 0, 1, 0, 2, 3, 0, 3, 0, 3, 0, 1, 1, 3]|[1, 0, 0, 2, 2, 1, 0, 0, 1, 1, 0, 1, 1, 1, 1, 2, 0, 1, 0, 2],335.580410576488;10278.657859762629;13119.081694114530,0,false,[18, 0, 4, 6, 7, 12, 1, 5, 9, 2, 14, 3, 10, 17, 19, 13, 11, 16, 15, 8]|[0, 0, 2, 0, 0, 1, 0, 2, 1, 2, 0, 0, 2, 0, 2, 0, 0, 1, 1, 0]|[1, 2, 0, 2, 3, 1, 2, 0, 1, 0, 2, 3, 0, 3, 0, 3, 0, 1, 1, 3]|[1, 0, 0, 2, 2, 1, 0, 0, 1, 1, 0, 1, 1, 1, 1, 2, 0, 1, 0, 2],335.580410576488;10278.657859762629;13119.081694114530,13119.081694114530,NOT_APPLICABLE,NOT_APPLICABLE,NOT_APPLICABLE,14
56,2,29004,G4_BALANCED,PREVIOUS,[11, 5, 2, 4, 17, 8, 19, 14, 3, 12, 6, 0, 1, 16, 15, 7, 9, 13, 18, 10]|[0, 2, 2, 1, 1, 0, 2, 0, 0, 0, 0, 2, 0, 2, 1, 1, 1, 1, 1, 1]|[3, 0, 0, 1, 1, 3, 0, 2, 3, 2, 3, 0, 3, 0, 1, 1, 1, 1, 1, 1]|[2, 0, 1, 1, 1, 0, 1, 2, 1, 2, 0, 0, 0, 1, 1, 1, 1, 1, 1, 1],268.601241829779;9177.027751095335;16879.894271174155,0,false,[11, 5, 2, 4, 17, 8, 19, 14, 3, 12, 6, 0, 1, 16, 15, 7, 9, 13, 18, 10]|[0, 2, 2, 1, 1, 0, 2, 0, 0, 0, 0, 2, 0, 2, 1, 1, 1, 1, 1, 1]|[3, 0, 0, 1, 1, 3, 0, 2, 3, 2, 3, 0, 3, 0, 1, 1, 1, 1, 1, 1]|[2, 0, 1, 1, 1, 0, 1, 2, 1, 2, 0, 0, 0, 1, 1, 1, 1, 1, 1, 1],268.601241829779;9177.027751095335;16879.894271174155,0.622715779215,NOT_APPLICABLE,NOT_APPLICABLE,NOT_APPLICABLE,40
56,2,29004,G4_BALANCED,HISTORICAL,[11, 5, 2, 4, 17, 19, 1, 0, 10, 3, 12, 14, 8, 15, 16, 18, 7, 13, 6, 9]|[0, 2, 2, 1, 0, 1, 0, 0, 1, 0, 1, 0, 0, 2, 2, 2, 0, 1, 0, 1]|[3, 0, 0, 1, 2, 1, 3, 0, 1, 3, 0, 2, 3, 0, 1, 1, 0, 1, 3, 1]|[2, 0, 1, 1, 0, 1, 0, 0, 1, 1, 1, 2, 2, 1, 1, 0, 1, 1, 0, 1],264.274254154022;9920.711825146675;15516.577695024936,0,false,[11, 5, 2, 4, 17, 19, 1, 0, 10, 3, 12, 14, 8, 15, 16, 18, 7, 13, 6, 9]|[0, 2, 2, 1, 0, 1, 0, 0, 1, 0, 1, 0, 0, 2, 2, 2, 0, 1, 0, 1]|[3, 0, 0, 1, 2, 1, 3, 0, 1, 3, 0, 2, 3, 0, 1, 1, 0, 1, 3, 1]|[2, 0, 1, 1, 0, 1, 0, 0, 1, 1, 1, 2, 2, 1, 1, 0, 1, 1, 0, 1],264.274254154022;9920.711825146675;15516.577695024936,0.413228717914,NOT_APPLICABLE,NOT_APPLICABLE,NOT_APPLICABLE,6
57,2,29104,G1_CMAX,PREVIOUS,[11, 5, 6, 4, 17, 8, 19, 14, 3, 12, 2, 10, 1, 16, 15, 7, 9, 13, 18, 0]|[0, 2, 0, 1, 1, 0, 2, 0, 0, 0, 2, 2, 0, 2, 1, 1, 1, 1, 1, 1]|[3, 0, 3, 1, 1, 3, 0, 2, 3, 2, 0, 0, 3, 0, 1, 1, 1, 1, 1, 1]|[2, 0, 0, 1, 1, 0, 1, 2, 1, 2, 1, 0, 0, 1, 1, 1, 1, 1, 1, 1],266.535211383872;9224.134860189752;16930.211045207623,0,false,[11, 5, 6, 4, 17, 8, 19, 14, 3, 12, 2, 10, 1, 16, 15, 7, 9, 13, 18, 0]|[0, 2, 0, 1, 1, 0, 2, 0, 0, 0, 2, 2, 0, 2, 1, 1, 1, 1, 1, 1]|[3, 0, 3, 1, 1, 3, 0, 2, 3, 2, 0, 0, 3, 0, 1, 1, 1, 1, 1, 1]|[2, 0, 0, 1, 1, 0, 1, 2, 1, 2, 1, 0, 0, 1, 1, 1, 1, 1, 1, 1],266.535211383872;9224.134860189752;16930.211045207623,266.535211383872,NOT_APPLICABLE,NOT_APPLICABLE,NOT_APPLICABLE,19
57,2,29104,G1_CMAX,HISTORICAL,[2, 5, 18, 3, 17, 16, 10, 19, 9, 6, 12, 11, 0, 8, 4, 15, 7, 14, 1, 13]|[2, 2, 1, 2, 2, 2, 2, 1, 0, 0, 1, 2, 2, 0, 0, 1, 1, 0, 1, 1]|[0, 1, 1, 0, 1, 1, 0, 0, 0, 2, 0, 0, 0, 3, 0, 1, 1, 3, 1, 1]|[1, 0, 0, 1, 0, 0, 1, 1, 0, 2, 1, 1, 1, 2, 1, 0, 1, 0, 1, 1],203.680988390281;10730.053037185788;17590.401652550340,0,false,[2, 5, 18, 3, 17, 16, 10, 19, 9, 6, 12, 11, 0, 8, 4, 15, 7, 14, 1, 13]|[2, 2, 1, 2, 2, 2, 2, 1, 0, 0, 1, 2, 2, 0, 0, 1, 1, 0, 1, 1]|[0, 1, 1, 0, 1, 1, 0, 0, 0, 2, 0, 0, 0, 3, 0, 1, 1, 3, 1, 1]|[1, 0, 0, 1, 0, 0, 1, 1, 0, 2, 1, 1, 1, 2, 1, 0, 1, 0, 1, 1],203.680988390281;10730.053037185788;17590.401652550340,203.680988390281,NOT_APPLICABLE,NOT_APPLICABLE,NOT_APPLICABLE,20
57,2,29104,G2_TEC,PREVIOUS,[11, 5, 2, 4, 6, 8, 19, 14, 15, 12, 17, 10, 1, 16, 3, 7, 9, 13, 18, 0]|[0, 2, 2, 1, 0, 0, 2, 0, 1, 0, 1, 1, 0, 2, 0, 1, 1, 1, 1, 2]|[3, 0, 0, 1, 3, 3, 0, 2, 1, 2, 1, 1, 3, 0, 3, 1, 1, 1, 1, 0]|[2, 0, 1, 1, 0, 0, 1, 2, 1, 2, 1, 1, 0, 1, 1, 1, 1, 1, 1, 0],258.645731908626;9420.836174940020;16544.188445341795,0,false,[11, 5, 2, 4, 6, 8, 19, 14, 15, 12, 17, 10, 1, 16, 3, 7, 9, 13, 18, 0]|[0, 2, 2, 1, 0, 0, 2, 0, 1, 0, 1, 1, 0, 2, 0, 1, 1, 1, 1, 2]|[3, 0, 0, 1, 3, 3, 0, 2, 1, 2, 1, 1, 3, 0, 3, 1, 1, 1, 1, 0]|[2, 0, 1, 1, 0, 0, 1, 2, 1, 2, 1, 1, 0, 1, 1, 1, 1, 1, 1, 0],258.645731908626;9420.836174940020;16544.188445341795,9420.836174940020,NOT_APPLICABLE,NOT_APPLICABLE,NOT_APPLICABLE,11
57,2,29104,G2_TEC,HISTORICAL,[11, 5, 2, 4, 6, 8, 19, 14, 15, 12, 17, 10, 1, 16, 3, 7, 9, 13, 18, 0]|[0, 2, 2, 1, 0, 0, 2, 0, 1, 0, 1, 1, 0, 2, 0, 1, 1, 1, 1, 2]|[3, 0, 0, 1, 3, 3, 0, 2, 1, 2, 1, 1, 3, 0, 3, 1, 1, 1, 1, 0]|[2, 0, 1, 1, 0, 0, 1, 2, 1, 2, 1, 1, 0, 1, 1, 1, 1, 1, 1, 0],258.645731908626;9420.836174940020;16544.188445341795,0,false,[11, 5, 2, 4, 6, 8, 19, 14, 15, 12, 17, 10, 1, 16, 3, 7, 9, 13, 18, 0]|[0, 2, 2, 1, 0, 0, 2, 0, 1, 0, 1, 1, 0, 2, 0, 1, 1, 1, 1, 2]|[3, 0, 0, 1, 3, 3, 0, 2, 1, 2, 1, 1, 3, 0, 3, 1, 1, 1, 1, 0]|[2, 0, 1, 1, 0, 0, 1, 2, 1, 2, 1, 1, 0, 1, 1, 1, 1, 1, 1, 0],258.645731908626;9420.836174940020;16544.188445341795,9420.836174940020,NOT_APPLICABLE,NOT_APPLICABLE,NOT_APPLICABLE,27
57,2,29104,G3_TWC,PREVIOUS,[18, 0, 4, 6, 7, 12, 1, 5, 9, 2, 14, 3, 10, 17, 19, 13, 11, 16, 15, 8]|[0, 0, 2, 0, 0, 1, 0, 2, 1, 2, 0, 0, 2, 0, 2, 0, 0, 1, 1, 0]|[1, 2, 0, 2, 3, 1, 2, 0, 1, 0, 2, 3, 0, 3, 0, 3, 0, 1, 1, 3]|[1, 0, 0, 2, 2, 1, 0, 0, 1, 1, 0, 1, 1, 1, 1, 2, 0, 1, 0, 2],335.580410576488;10278.657859762629;13119.081694114530,0,false,[18, 0, 4, 6, 7, 12, 1, 5, 9, 2, 14, 3, 10, 17, 19, 13, 11, 16, 15, 8]|[0, 0, 2, 0, 0, 1, 0, 2, 1, 2, 0, 0, 2, 0, 2, 0, 0, 1, 1, 0]|[1, 2, 0, 2, 3, 1, 2, 0, 1, 0, 2, 3, 0, 3, 0, 3, 0, 1, 1, 3]|[1, 0, 0, 2, 2, 1, 0, 0, 1, 1, 0, 1, 1, 1, 1, 2, 0, 1, 0, 2],335.580410576488;10278.657859762629;13119.081694114530,13119.081694114530,NOT_APPLICABLE,NOT_APPLICABLE,NOT_APPLICABLE,31
57,2,29104,G3_TWC,HISTORICAL,[18, 0, 4, 6, 7, 12, 1, 5, 9, 2, 14, 3, 10, 17, 19, 13, 11, 16, 15, 8]|[0, 0, 2, 0, 0, 1, 0, 2, 1, 2, 0, 0, 2, 0, 2, 0, 0, 1, 1, 0]|[1, 2, 0, 2, 3, 1, 2, 0, 1, 0, 2, 3, 0, 3, 0, 3, 0, 1, 1, 3]|[1, 0, 0, 2, 2, 1, 0, 0, 1, 1, 0, 1, 1, 1, 1, 2, 0, 1, 0, 2],335.580410576488;10278.657859762629;13119.081694114530,0,false,[18, 0, 4, 6, 7, 12, 1, 5, 9, 2, 14, 3, 10, 17, 19, 13, 11, 16, 15, 8]|[0, 0, 2, 0, 0, 1, 0, 2, 1, 2, 0, 0, 2, 0, 2, 0, 0, 1, 1, 0]|[1, 2, 0, 2, 3, 1, 2, 0, 1, 0, 2, 3, 0, 3, 0, 3, 0, 1, 1, 3]|[1, 0, 0, 2, 2, 1, 0, 0, 1, 1, 0, 1, 1, 1, 1, 2, 0, 1, 0, 2],335.580410576488;10278.657859762629;13119.081694114530,13119.081694114530,NOT_APPLICABLE,NOT_APPLICABLE,NOT_APPLICABLE,14
57,2,29104,G4_BALANCED,PREVIOUS,[11, 5, 2, 1, 0, 4, 14, 16, 6, 12, 15, 13, 17, 18, 8, 9, 7, 10, 3, 19]|[0, 0, 0, 0, 2, 2, 0, 1, 0, 0, 1, 1, 1, 1, 0, 1, 1, 2, 2, 2]|[0, 3, 3, 3, 0, 0, 2, 1, 3, 3, 1, 1, 1, 1, 3, 1, 1, 0, 0, 0]|[0, 1, 1, 2, 0, 1, 0, 1, 0, 0, 1, 1, 1, 1, 2, 1, 1, 1, 1, 1],324.201802859731;9421.586488625488;16532.988506186764,0,false,[11, 5, 2, 1, 0, 4, 14, 16, 6, 12, 15, 13, 17, 18, 8, 9, 7, 10, 3, 19]|[0, 0, 0, 0, 2, 2, 0, 1, 0, 0, 1, 1, 1, 1, 0, 1, 1, 2, 2, 2]|[0, 3, 3, 3, 0, 0, 2, 1, 3, 3, 1, 1, 1, 1, 3, 1, 1, 0, 0, 0]|[0, 1, 1, 2, 0, 1, 0, 1, 0, 0, 1, 1, 1, 1, 2, 1, 1, 1, 1, 1],324.201802859731;9421.586488625488;16532.988506186764,0.602109633883,NOT_APPLICABLE,NOT_APPLICABLE,NOT_APPLICABLE,40
57,2,29104,G4_BALANCED,HISTORICAL,[11, 5, 2, 1, 0, 4, 14, 16, 6, 12, 15, 13, 17, 18, 8, 9, 7, 10, 3, 19]|[0, 0, 0, 0, 2, 2, 0, 1, 0, 0, 1, 1, 1, 1, 0, 1, 1, 2, 2, 2]|[0, 3, 3, 3, 0, 0, 2, 1, 3, 3, 1, 1, 1, 1, 3, 1, 1, 0, 0, 0]|[0, 1, 1, 2, 0, 1, 0, 1, 0, 0, 1, 1, 1, 1, 2, 1, 1, 1, 1, 1],324.201802859731;9421.586488625488;16532.988506186764,0,false,[11, 5, 2, 1, 0, 4, 14, 16, 6, 12, 15, 13, 17, 18, 8, 9, 7, 10, 3, 19]|[0, 0, 0, 0, 2, 2, 0, 1, 0, 0, 1, 1, 1, 1, 0, 1, 1, 2, 2, 2]|[0, 3, 3, 3, 0, 0, 2, 1, 3, 3, 1, 1, 1, 1, 3, 1, 1, 0, 0, 0]|[0, 1, 1, 2, 0, 1, 0, 1, 0, 0, 1, 1, 1, 1, 2, 1, 1, 1, 1, 1],324.201802859731;9421.586488625488;16532.988506186764,0.602109633883,NOT_APPLICABLE,NOT_APPLICABLE,NOT_APPLICABLE,6
58,2,29204,G1_CMAX,PREVIOUS,[11, 5, 6, 4, 17, 8, 19, 14, 3, 12, 2, 10, 1, 16, 15, 7, 9, 13, 18, 0]|[0, 2, 0, 1, 1, 0, 2, 0, 0, 0, 2, 2, 0, 2, 1, 1, 1, 1, 1, 1]|[3, 0, 3, 1, 1, 3, 0, 2, 3, 2, 0, 0, 3, 0, 1, 1, 1, 1, 1, 1]|[2, 0, 0, 1, 1, 0, 1, 2, 1, 2, 1, 0, 0, 1, 1, 1, 1, 1, 1, 1],266.535211383872;9224.134860189752;16930.211045207623,0,false,[11, 5, 6, 4, 17, 8, 19, 14, 3, 12, 2, 10, 1, 16, 15, 7, 9, 13, 18, 0]|[0, 2, 0, 1, 1, 0, 2, 0, 0, 0, 2, 2, 0, 2, 1, 1, 1, 1, 1, 1]|[3, 0, 3, 1, 1, 3, 0, 2, 3, 2, 0, 0, 3, 0, 1, 1, 1, 1, 1, 1]|[2, 0, 0, 1, 1, 0, 1, 2, 1, 2, 1, 0, 0, 1, 1, 1, 1, 1, 1, 1],266.535211383872;9224.134860189752;16930.211045207623,266.535211383872,NOT_APPLICABLE,NOT_APPLICABLE,NOT_APPLICABLE,20
58,2,29204,G1_CMAX,HISTORICAL,[2, 5, 18, 3, 17, 16, 10, 19, 9, 6, 12, 11, 0, 8, 4, 15, 7, 14, 1, 13]|[2, 2, 1, 2, 2, 2, 2, 1, 0, 0, 1, 2, 2, 0, 0, 1, 1, 0, 1, 1]|[0, 1, 1, 0, 1, 1, 0, 0, 0, 2, 0, 0, 0, 3, 0, 1, 1, 3, 1, 1]|[1, 0, 0, 1, 0, 0, 1, 1, 0, 2, 1, 1, 1, 2, 1, 0, 1, 0, 1, 1],203.680988390281;10730.053037185788;17590.401652550340,0,false,[2, 5, 18, 3, 17, 16, 10, 19, 9, 6, 12, 11, 0, 8, 4, 15, 7, 14, 1, 13]|[2, 2, 1, 2, 2, 2, 2, 1, 0, 0, 1, 2, 2, 0, 0, 1, 1, 0, 1, 1]|[0, 1, 1, 0, 1, 1, 0, 0, 0, 2, 0, 0, 0, 3, 0, 1, 1, 3, 1, 1]|[1, 0, 0, 1, 0, 0, 1, 1, 0, 2, 1, 1, 1, 2, 1, 0, 1, 0, 1, 1],203.680988390281;10730.053037185788;17590.401652550340,203.680988390281,NOT_APPLICABLE,NOT_APPLICABLE,NOT_APPLICABLE,20
58,2,29204,G2_TEC,PREVIOUS,[11, 5, 2, 4, 6, 8, 19, 14, 15, 12, 17, 10, 1, 16, 3, 7, 9, 13, 18, 0]|[0, 2, 2, 1, 0, 0, 2, 0, 1, 0, 1, 1, 0, 2, 0, 1, 1, 1, 1, 2]|[3, 0, 0, 1, 3, 3, 0, 2, 1, 2, 1, 1, 3, 0, 3, 1, 1, 1, 1, 0]|[2, 0, 1, 1, 0, 0, 1, 2, 1, 2, 1, 1, 0, 1, 1, 1, 1, 1, 1, 0],258.645731908626;9420.836174940020;16544.188445341795,0,false,[11, 5, 2, 4, 6, 8, 19, 14, 15, 12, 17, 10, 1, 16, 3, 7, 9, 13, 18, 0]|[0, 2, 2, 1, 0, 0, 2, 0, 1, 0, 1, 1, 0, 2, 0, 1, 1, 1, 1, 2]|[3, 0, 0, 1, 3, 3, 0, 2, 1, 2, 1, 1, 3, 0, 3, 1, 1, 1, 1, 0]|[2, 0, 1, 1, 0, 0, 1, 2, 1, 2, 1, 1, 0, 1, 1, 1, 1, 1, 1, 0],258.645731908626;9420.836174940020;16544.188445341795,9420.836174940020,NOT_APPLICABLE,NOT_APPLICABLE,NOT_APPLICABLE,11
58,2,29204,G2_TEC,HISTORICAL,[11, 5, 2, 4, 6, 8, 19, 14, 15, 12, 17, 10, 1, 16, 3, 7, 9, 13, 18, 0]|[0, 2, 2, 1, 0, 0, 2, 0, 1, 0, 1, 1, 0, 2, 0, 1, 1, 1, 1, 2]|[3, 0, 0, 1, 3, 3, 0, 2, 1, 2, 1, 1, 3, 0, 3, 1, 1, 1, 1, 0]|[2, 0, 1, 1, 0, 0, 1, 2, 1, 2, 1, 1, 0, 1, 1, 1, 1, 1, 1, 0],258.645731908626;9420.836174940020;16544.188445341795,0,false,[11, 5, 2, 4, 6, 8, 19, 14, 15, 12, 17, 10, 1, 16, 3, 7, 9, 13, 18, 0]|[0, 2, 2, 1, 0, 0, 2, 0, 1, 0, 1, 1, 0, 2, 0, 1, 1, 1, 1, 2]|[3, 0, 0, 1, 3, 3, 0, 2, 1, 2, 1, 1, 3, 0, 3, 1, 1, 1, 1, 0]|[2, 0, 1, 1, 0, 0, 1, 2, 1, 2, 1, 1, 0, 1, 1, 1, 1, 1, 1, 0],258.645731908626;9420.836174940020;16544.188445341795,9420.836174940020,NOT_APPLICABLE,NOT_APPLICABLE,NOT_APPLICABLE,28
58,2,29204,G3_TWC,PREVIOUS,[18, 0, 4, 6, 7, 12, 1, 5, 9, 2, 14, 3, 10, 17, 19, 13, 11, 16, 15, 8]|[0, 0, 2, 0, 0, 1, 0, 2, 1, 2, 0, 0, 2, 0, 2, 0, 0, 1, 1, 0]|[1, 2, 0, 2, 3, 1, 2, 0, 1, 0, 2, 3, 0, 3, 0, 3, 0, 1, 1, 3]|[1, 0, 0, 2, 2, 1, 0, 0, 1, 1, 0, 1, 1, 1, 1, 2, 0, 1, 0, 2],335.580410576488;10278.657859762629;13119.081694114530,0,false,[18, 0, 4, 6, 7, 12, 1, 5, 9, 2, 14, 3, 10, 17, 19, 13, 11, 16, 15, 8]|[0, 0, 2, 0, 0, 1, 0, 2, 1, 2, 0, 0, 2, 0, 2, 0, 0, 1, 1, 0]|[1, 2, 0, 2, 3, 1, 2, 0, 1, 0, 2, 3, 0, 3, 0, 3, 0, 1, 1, 3]|[1, 0, 0, 2, 2, 1, 0, 0, 1, 1, 0, 1, 1, 1, 1, 2, 0, 1, 0, 2],335.580410576488;10278.657859762629;13119.081694114530,13119.081694114530,NOT_APPLICABLE,NOT_APPLICABLE,NOT_APPLICABLE,32
58,2,29204,G3_TWC,HISTORICAL,[18, 0, 4, 6, 7, 12, 1, 5, 9, 2, 14, 3, 10, 17, 19, 13, 11, 16, 15, 8]|[0, 0, 2, 0, 0, 1, 0, 2, 1, 2, 0, 0, 2, 0, 2, 0, 0, 1, 1, 0]|[1, 2, 0, 2, 3, 1, 2, 0, 1, 0, 2, 3, 0, 3, 0, 3, 0, 1, 1, 3]|[1, 0, 0, 2, 2, 1, 0, 0, 1, 1, 0, 1, 1, 1, 1, 2, 0, 1, 0, 2],335.580410576488;10278.657859762629;13119.081694114530,0,false,[18, 0, 4, 6, 7, 12, 1, 5, 9, 2, 14, 3, 10, 17, 19, 13, 11, 16, 15, 8]|[0, 0, 2, 0, 0, 1, 0, 2, 1, 2, 0, 0, 2, 0, 2, 0, 0, 1, 1, 0]|[1, 2, 0, 2, 3, 1, 2, 0, 1, 0, 2, 3, 0, 3, 0, 3, 0, 1, 1, 3]|[1, 0, 0, 2, 2, 1, 0, 0, 1, 1, 0, 1, 1, 1, 1, 2, 0, 1, 0, 2],335.580410576488;10278.657859762629;13119.081694114530,13119.081694114530,NOT_APPLICABLE,NOT_APPLICABLE,NOT_APPLICABLE,14
58,2,29204,G4_BALANCED,PREVIOUS,[11, 5, 2, 1, 0, 4, 14, 16, 6, 12, 15, 13, 17, 18, 8, 9, 7, 10, 3, 19]|[0, 0, 0, 0, 2, 2, 0, 1, 0, 0, 1, 1, 1, 1, 0, 1, 1, 2, 2, 2]|[0, 3, 3, 3, 0, 0, 2, 1, 3, 3, 1, 1, 1, 1, 3, 1, 1, 0, 0, 0]|[0, 1, 1, 2, 0, 1, 0, 1, 0, 0, 1, 1, 1, 1, 2, 1, 1, 1, 1, 1],324.201802859731;9421.586488625488;16532.988506186764,2,true,[11, 5, 2, 4, 6, 8, 19, 14, 15, 12, 10, 0, 1, 18, 3, 7, 9, 13, 16, 17]|[0, 2, 2, 1, 0, 0, 2, 0, 0, 0, 1, 2, 0, 0, 1, 1, 1, 1, 2, 1]|[3, 0, 0, 1, 3, 3, 0, 2, 3, 2, 1, 0, 3, 3, 1, 1, 1, 1, 0, 1]|[2, 0, 1, 1, 0, 0, 1, 2, 0, 2, 1, 0, 0, 2, 1, 1, 1, 1, 1, 1],277.373248271382;9200.970312100544;15744.460284510182,0.394091627005,29204,29204,0,40
58,2,29204,G4_BALANCED,HISTORICAL,[11, 5, 2, 1, 0, 4, 14, 16, 6, 12, 15, 13, 17, 18, 8, 9, 7, 10, 3, 19]|[0, 0, 0, 0, 2, 2, 0, 1, 0, 0, 1, 1, 1, 1, 0, 1, 1, 2, 2, 2]|[0, 3, 3, 3, 0, 0, 2, 1, 3, 3, 1, 1, 1, 1, 3, 1, 1, 0, 0, 0]|[0, 1, 1, 2, 0, 1, 0, 1, 0, 0, 1, 1, 1, 1, 2, 1, 1, 1, 1, 1],324.201802859731;9421.586488625488;16532.988506186764,2,true,[11, 5, 2, 4, 6, 8, 19, 14, 15, 12, 10, 0, 1, 18, 3, 7, 9, 13, 16, 17]|[0, 2, 2, 1, 0, 0, 2, 0, 0, 0, 1, 2, 0, 0, 1, 1, 1, 1, 2, 1]|[3, 0, 0, 1, 3, 3, 0, 2, 3, 2, 1, 0, 3, 3, 1, 1, 1, 1, 0, 1]|[2, 0, 1, 1, 0, 0, 1, 2, 0, 2, 1, 0, 0, 2, 1, 1, 1, 1, 1, 1],277.373248271382;9200.970312100544;15744.460284510182,0.394091627005,29204,29204,0,7
59,2,29304,G1_CMAX,PREVIOUS,[11, 5, 6, 4, 17, 8, 19, 14, 3, 12, 2, 10, 1, 16, 15, 7, 9, 13, 18, 0]|[0, 2, 0, 1, 1, 0, 2, 0, 0, 0, 2, 2, 0, 2, 1, 1, 1, 1, 1, 1]|[3, 0, 3, 1, 1, 3, 0, 2, 3, 2, 0, 0, 3, 0, 1, 1, 1, 1, 1, 1]|[2, 0, 0, 1, 1, 0, 1, 2, 1, 2, 1, 0, 0, 1, 1, 1, 1, 1, 1, 1],266.535211383872;9224.134860189752;16930.211045207623,0,false,[11, 5, 6, 4, 17, 8, 19, 14, 3, 12, 2, 10, 1, 16, 15, 7, 9, 13, 18, 0]|[0, 2, 0, 1, 1, 0, 2, 0, 0, 0, 2, 2, 0, 2, 1, 1, 1, 1, 1, 1]|[3, 0, 3, 1, 1, 3, 0, 2, 3, 2, 0, 0, 3, 0, 1, 1, 1, 1, 1, 1]|[2, 0, 0, 1, 1, 0, 1, 2, 1, 2, 1, 0, 0, 1, 1, 1, 1, 1, 1, 1],266.535211383872;9224.134860189752;16930.211045207623,266.535211383872,NOT_APPLICABLE,NOT_APPLICABLE,NOT_APPLICABLE,21
59,2,29304,G1_CMAX,HISTORICAL,[2, 5, 18, 3, 17, 16, 10, 19, 9, 6, 12, 11, 0, 8, 4, 15, 7, 14, 1, 13]|[2, 2, 1, 2, 2, 2, 2, 1, 0, 0, 1, 2, 2, 0, 0, 1, 1, 0, 1, 1]|[0, 1, 1, 0, 1, 1, 0, 0, 0, 2, 0, 0, 0, 3, 0, 1, 1, 3, 1, 1]|[1, 0, 0, 1, 0, 0, 1, 1, 0, 2, 1, 1, 1, 2, 1, 0, 1, 0, 1, 1],203.680988390281;10730.053037185788;17590.401652550340,0,false,[2, 5, 18, 3, 17, 16, 10, 19, 9, 6, 12, 11, 0, 8, 4, 15, 7, 14, 1, 13]|[2, 2, 1, 2, 2, 2, 2, 1, 0, 0, 1, 2, 2, 0, 0, 1, 1, 0, 1, 1]|[0, 1, 1, 0, 1, 1, 0, 0, 0, 2, 0, 0, 0, 3, 0, 1, 1, 3, 1, 1]|[1, 0, 0, 1, 0, 0, 1, 1, 0, 2, 1, 1, 1, 2, 1, 0, 1, 0, 1, 1],203.680988390281;10730.053037185788;17590.401652550340,203.680988390281,NOT_APPLICABLE,NOT_APPLICABLE,NOT_APPLICABLE,20
59,2,29304,G2_TEC,PREVIOUS,[11, 5, 2, 4, 6, 8, 19, 14, 15, 12, 17, 10, 1, 16, 3, 7, 9, 13, 18, 0]|[0, 2, 2, 1, 0, 0, 2, 0, 1, 0, 1, 1, 0, 2, 0, 1, 1, 1, 1, 2]|[3, 0, 0, 1, 3, 3, 0, 2, 1, 2, 1, 1, 3, 0, 3, 1, 1, 1, 1, 0]|[2, 0, 1, 1, 0, 0, 1, 2, 1, 2, 1, 1, 0, 1, 1, 1, 1, 1, 1, 0],258.645731908626;9420.836174940020;16544.188445341795,0,false,[11, 5, 2, 4, 6, 8, 19, 14, 15, 12, 17, 10, 1, 16, 3, 7, 9, 13, 18, 0]|[0, 2, 2, 1, 0, 0, 2, 0, 1, 0, 1, 1, 0, 2, 0, 1, 1, 1, 1, 2]|[3, 0, 0, 1, 3, 3, 0, 2, 1, 2, 1, 1, 3, 0, 3, 1, 1, 1, 1, 0]|[2, 0, 1, 1, 0, 0, 1, 2, 1, 2, 1, 1, 0, 1, 1, 1, 1, 1, 1, 0],258.645731908626;9420.836174940020;16544.188445341795,9420.836174940020,NOT_APPLICABLE,NOT_APPLICABLE,NOT_APPLICABLE,11
59,2,29304,G2_TEC,HISTORICAL,[11, 5, 2, 4, 6, 8, 19, 14, 15, 12, 17, 10, 1, 16, 3, 7, 9, 13, 18, 0]|[0, 2, 2, 1, 0, 0, 2, 0, 1, 0, 1, 1, 0, 2, 0, 1, 1, 1, 1, 2]|[3, 0, 0, 1, 3, 3, 0, 2, 1, 2, 1, 1, 3, 0, 3, 1, 1, 1, 1, 0]|[2, 0, 1, 1, 0, 0, 1, 2, 1, 2, 1, 1, 0, 1, 1, 1, 1, 1, 1, 0],258.645731908626;9420.836174940020;16544.188445341795,0,false,[11, 5, 2, 4, 6, 8, 19, 14, 15, 12, 17, 10, 1, 16, 3, 7, 9, 13, 18, 0]|[0, 2, 2, 1, 0, 0, 2, 0, 1, 0, 1, 1, 0, 2, 0, 1, 1, 1, 1, 2]|[3, 0, 0, 1, 3, 3, 0, 2, 1, 2, 1, 1, 3, 0, 3, 1, 1, 1, 1, 0]|[2, 0, 1, 1, 0, 0, 1, 2, 1, 2, 1, 1, 0, 1, 1, 1, 1, 1, 1, 0],258.645731908626;9420.836174940020;16544.188445341795,9420.836174940020,NOT_APPLICABLE,NOT_APPLICABLE,NOT_APPLICABLE,29
59,2,29304,G3_TWC,PREVIOUS,[18, 0, 4, 6, 7, 12, 1, 5, 9, 2, 14, 3, 10, 17, 19, 13, 11, 16, 15, 8]|[0, 0, 2, 0, 0, 1, 0, 2, 1, 2, 0, 0, 2, 0, 2, 0, 0, 1, 1, 0]|[1, 2, 0, 2, 3, 1, 2, 0, 1, 0, 2, 3, 0, 3, 0, 3, 0, 1, 1, 3]|[1, 0, 0, 2, 2, 1, 0, 0, 1, 1, 0, 1, 1, 1, 1, 2, 0, 1, 0, 2],335.580410576488;10278.657859762629;13119.081694114530,0,false,[18, 0, 4, 6, 7, 12, 1, 5, 9, 2, 14, 3, 10, 17, 19, 13, 11, 16, 15, 8]|[0, 0, 2, 0, 0, 1, 0, 2, 1, 2, 0, 0, 2, 0, 2, 0, 0, 1, 1, 0]|[1, 2, 0, 2, 3, 1, 2, 0, 1, 0, 2, 3, 0, 3, 0, 3, 0, 1, 1, 3]|[1, 0, 0, 2, 2, 1, 0, 0, 1, 1, 0, 1, 1, 1, 1, 2, 0, 1, 0, 2],335.580410576488;10278.657859762629;13119.081694114530,13119.081694114530,NOT_APPLICABLE,NOT_APPLICABLE,NOT_APPLICABLE,33
59,2,29304,G3_TWC,HISTORICAL,[18, 0, 4, 6, 7, 12, 1, 5, 9, 2, 14, 3, 10, 17, 19, 13, 11, 16, 15, 8]|[0, 0, 2, 0, 0, 1, 0, 2, 1, 2, 0, 0, 2, 0, 2, 0, 0, 1, 1, 0]|[1, 2, 0, 2, 3, 1, 2, 0, 1, 0, 2, 3, 0, 3, 0, 3, 0, 1, 1, 3]|[1, 0, 0, 2, 2, 1, 0, 0, 1, 1, 0, 1, 1, 1, 1, 2, 0, 1, 0, 2],335.580410576488;10278.657859762629;13119.081694114530,0,false,[18, 0, 4, 6, 7, 12, 1, 5, 9, 2, 14, 3, 10, 17, 19, 13, 11, 16, 15, 8]|[0, 0, 2, 0, 0, 1, 0, 2, 1, 2, 0, 0, 2, 0, 2, 0, 0, 1, 1, 0]|[1, 2, 0, 2, 3, 1, 2, 0, 1, 0, 2, 3, 0, 3, 0, 3, 0, 1, 1, 3]|[1, 0, 0, 2, 2, 1, 0, 0, 1, 1, 0, 1, 1, 1, 1, 2, 0, 1, 0, 2],335.580410576488;10278.657859762629;13119.081694114530,13119.081694114530,NOT_APPLICABLE,NOT_APPLICABLE,NOT_APPLICABLE,14
59,2,29304,G4_BALANCED,PREVIOUS,[11, 5, 2, 4, 6, 8, 19, 14, 15, 12, 10, 0, 1, 18, 3, 7, 9, 13, 16, 17]|[0, 2, 2, 1, 0, 0, 2, 0, 0, 0, 1, 2, 0, 0, 1, 1, 1, 1, 2, 1]|[3, 0, 0, 1, 3, 3, 0, 2, 3, 2, 1, 0, 3, 3, 1, 1, 1, 1, 0, 1]|[2, 0, 1, 1, 0, 0, 1, 2, 0, 2, 1, 0, 0, 2, 1, 1, 1, 1, 1, 1],277.373248271382;9200.970312100544;15744.460284510182,0,false,[11, 5, 2, 4, 6, 8, 19, 14, 15, 12, 10, 0, 1, 18, 3, 7, 9, 13, 16, 17]|[0, 2, 2, 1, 0, 0, 2, 0, 0, 0, 1, 2, 0, 0, 1, 1, 1, 1, 2, 1]|[3, 0, 0, 1, 3, 3, 0, 2, 3, 2, 1, 0, 3, 3, 1, 1, 1, 1, 0, 1]|[2, 0, 1, 1, 0, 0, 1, 2, 0, 2, 1, 0, 0, 2, 1, 1, 1, 1, 1, 1],277.373248271382;9200.970312100544;15744.460284510182,0.394091627005,NOT_APPLICABLE,NOT_APPLICABLE,NOT_APPLICABLE,41
59,2,29304,G4_BALANCED,HISTORICAL,[11, 5, 2, 4, 6, 8, 19, 14, 15, 12, 10, 0, 1, 18, 3, 7, 9, 13, 16, 17]|[0, 2, 2, 1, 0, 0, 2, 0, 0, 0, 1, 2, 0, 0, 1, 1, 1, 1, 2, 1]|[3, 0, 0, 1, 3, 3, 0, 2, 3, 2, 1, 0, 3, 3, 1, 1, 1, 1, 0, 1]|[2, 0, 1, 1, 0, 0, 1, 2, 0, 2, 1, 0, 0, 2, 1, 1, 1, 1, 1, 1],277.373248271382;9200.970312100544;15744.460284510182,0,false,[11, 5, 2, 4, 6, 8, 19, 14, 15, 12, 10, 0, 1, 18, 3, 7, 9, 13, 16, 17]|[0, 2, 2, 1, 0, 0, 2, 0, 0, 0, 1, 2, 0, 0, 1, 1, 1, 1, 2, 1]|[3, 0, 0, 1, 3, 3, 0, 2, 3, 2, 1, 0, 3, 3, 1, 1, 1, 1, 0, 1]|[2, 0, 1, 1, 0, 0, 1, 2, 0, 2, 1, 0, 0, 2, 1, 1, 1, 1, 1, 1],277.373248271382;9200.970312100544;15744.460284510182,0.394091627005,NOT_APPLICABLE,NOT_APPLICABLE,NOT_APPLICABLE,7
60,2,29404,G1_CMAX,PREVIOUS,[2, 5, 18, 3, 17, 16, 10, 19, 9, 6, 12, 11, 0, 8, 4, 15, 7, 14, 1, 13]|[2, 2, 1, 2, 2, 2, 2, 1, 0, 0, 1, 2, 2, 0, 0, 1, 1, 0, 1, 1]|[0, 1, 1, 0, 1, 1, 0, 0, 0, 2, 0, 0, 0, 3, 0, 1, 1, 3, 1, 1]|[1, 0, 0, 1, 0, 0, 1, 1, 0, 2, 1, 1, 1, 2, 1, 0, 1, 0, 1, 1],203.680988390281;10730.053037185788;17590.401652550340,0,false,[2, 5, 18, 3, 17, 16, 10, 19, 9, 6, 12, 11, 0, 8, 4, 15, 7, 14, 1, 13]|[2, 2, 1, 2, 2, 2, 2, 1, 0, 0, 1, 2, 2, 0, 0, 1, 1, 0, 1, 1]|[0, 1, 1, 0, 1, 1, 0, 0, 0, 2, 0, 0, 0, 3, 0, 1, 1, 3, 1, 1]|[1, 0, 0, 1, 0, 0, 1, 1, 0, 2, 1, 1, 1, 2, 1, 0, 1, 0, 1, 1],203.680988390281;10730.053037185788;17590.401652550340,203.680988390281,NOT_APPLICABLE,NOT_APPLICABLE,NOT_APPLICABLE,21
60,2,29404,G1_CMAX,HISTORICAL,[2, 5, 18, 3, 17, 16, 10, 19, 9, 6, 12, 11, 0, 8, 4, 15, 7, 14, 1, 13]|[2, 2, 1, 2, 2, 2, 2, 1, 0, 0, 1, 2, 2, 0, 0, 1, 1, 0, 1, 1]|[0, 1, 1, 0, 1, 1, 0, 0, 0, 2, 0, 0, 0, 3, 0, 1, 1, 3, 1, 1]|[1, 0, 0, 1, 0, 0, 1, 1, 0, 2, 1, 1, 1, 2, 1, 0, 1, 0, 1, 1],203.680988390281;10730.053037185788;17590.401652550340,0,false,[2, 5, 18, 3, 17, 16, 10, 19, 9, 6, 12, 11, 0, 8, 4, 15, 7, 14, 1, 13]|[2, 2, 1, 2, 2, 2, 2, 1, 0, 0, 1, 2, 2, 0, 0, 1, 1, 0, 1, 1]|[0, 1, 1, 0, 1, 1, 0, 0, 0, 2, 0, 0, 0, 3, 0, 1, 1, 3, 1, 1]|[1, 0, 0, 1, 0, 0, 1, 1, 0, 2, 1, 1, 1, 2, 1, 0, 1, 0, 1, 1],203.680988390281;10730.053037185788;17590.401652550340,203.680988390281,NOT_APPLICABLE,NOT_APPLICABLE,NOT_APPLICABLE,21
60,2,29404,G2_TEC,PREVIOUS,[11, 5, 2, 4, 6, 8, 19, 14, 15, 12, 17, 10, 1, 16, 3, 7, 9, 13, 18, 0]|[0, 2, 2, 1, 0, 0, 2, 0, 1, 0, 1, 1, 0, 2, 0, 1, 1, 1, 1, 2]|[3, 0, 0, 1, 3, 3, 0, 2, 1, 2, 1, 1, 3, 0, 3, 1, 1, 1, 1, 0]|[2, 0, 1, 1, 0, 0, 1, 2, 1, 2, 1, 1, 0, 1, 1, 1, 1, 1, 1, 0],258.645731908626;9420.836174940020;16544.188445341795,0,false,[11, 5, 2, 4, 6, 8, 19, 14, 15, 12, 17, 10, 1, 16, 3, 7, 9, 13, 18, 0]|[0, 2, 2, 1, 0, 0, 2, 0, 1, 0, 1, 1, 0, 2, 0, 1, 1, 1, 1, 2]|[3, 0, 0, 1, 3, 3, 0, 2, 1, 2, 1, 1, 3, 0, 3, 1, 1, 1, 1, 0]|[2, 0, 1, 1, 0, 0, 1, 2, 1, 2, 1, 1, 0, 1, 1, 1, 1, 1, 1, 0],258.645731908626;9420.836174940020;16544.188445341795,9420.836174940020,NOT_APPLICABLE,NOT_APPLICABLE,NOT_APPLICABLE,11
60,2,29404,G2_TEC,HISTORICAL,[11, 5, 2, 4, 6, 8, 19, 14, 15, 12, 17, 10, 1, 16, 3, 7, 9, 13, 18, 0]|[0, 2, 2, 1, 0, 0, 2, 0, 1, 0, 1, 1, 0, 2, 0, 1, 1, 1, 1, 2]|[3, 0, 0, 1, 3, 3, 0, 2, 1, 2, 1, 1, 3, 0, 3, 1, 1, 1, 1, 0]|[2, 0, 1, 1, 0, 0, 1, 2, 1, 2, 1, 1, 0, 1, 1, 1, 1, 1, 1, 0],258.645731908626;9420.836174940020;16544.188445341795,0,false,[11, 5, 2, 4, 6, 8, 19, 14, 15, 12, 17, 10, 1, 16, 3, 7, 9, 13, 18, 0]|[0, 2, 2, 1, 0, 0, 2, 0, 1, 0, 1, 1, 0, 2, 0, 1, 1, 1, 1, 2]|[3, 0, 0, 1, 3, 3, 0, 2, 1, 2, 1, 1, 3, 0, 3, 1, 1, 1, 1, 0]|[2, 0, 1, 1, 0, 0, 1, 2, 1, 2, 1, 1, 0, 1, 1, 1, 1, 1, 1, 0],258.645731908626;9420.836174940020;16544.188445341795,9420.836174940020,NOT_APPLICABLE,NOT_APPLICABLE,NOT_APPLICABLE,30
60,2,29404,G3_TWC,PREVIOUS,[18, 0, 4, 6, 7, 12, 1, 5, 9, 2, 14, 3, 10, 17, 19, 13, 11, 16, 15, 8]|[0, 0, 2, 0, 0, 1, 0, 2, 1, 2, 0, 0, 2, 0, 2, 0, 0, 1, 1, 0]|[1, 2, 0, 2, 3, 1, 2, 0, 1, 0, 2, 3, 0, 3, 0, 3, 0, 1, 1, 3]|[1, 0, 0, 2, 2, 1, 0, 0, 1, 1, 0, 1, 1, 1, 1, 2, 0, 1, 0, 2],335.580410576488;10278.657859762629;13119.081694114530,0,false,[18, 0, 4, 6, 7, 12, 1, 5, 9, 2, 14, 3, 10, 17, 19, 13, 11, 16, 15, 8]|[0, 0, 2, 0, 0, 1, 0, 2, 1, 2, 0, 0, 2, 0, 2, 0, 0, 1, 1, 0]|[1, 2, 0, 2, 3, 1, 2, 0, 1, 0, 2, 3, 0, 3, 0, 3, 0, 1, 1, 3]|[1, 0, 0, 2, 2, 1, 0, 0, 1, 1, 0, 1, 1, 1, 1, 2, 0, 1, 0, 2],335.580410576488;10278.657859762629;13119.081694114530,13119.081694114530,NOT_APPLICABLE,NOT_APPLICABLE,NOT_APPLICABLE,34
60,2,29404,G3_TWC,HISTORICAL,[18, 0, 4, 6, 7, 12, 1, 5, 9, 2, 14, 3, 10, 17, 19, 13, 11, 16, 15, 8]|[0, 0, 2, 0, 0, 1, 0, 2, 1, 2, 0, 0, 2, 0, 2, 0, 0, 1, 1, 0]|[1, 2, 0, 2, 3, 1, 2, 0, 1, 0, 2, 3, 0, 3, 0, 3, 0, 1, 1, 3]|[1, 0, 0, 2, 2, 1, 0, 0, 1, 1, 0, 1, 1, 1, 1, 2, 0, 1, 0, 2],335.580410576488;10278.657859762629;13119.081694114530,0,false,[18, 0, 4, 6, 7, 12, 1, 5, 9, 2, 14, 3, 10, 17, 19, 13, 11, 16, 15, 8]|[0, 0, 2, 0, 0, 1, 0, 2, 1, 2, 0, 0, 2, 0, 2, 0, 0, 1, 1, 0]|[1, 2, 0, 2, 3, 1, 2, 0, 1, 0, 2, 3, 0, 3, 0, 3, 0, 1, 1, 3]|[1, 0, 0, 2, 2, 1, 0, 0, 1, 1, 0, 1, 1, 1, 1, 2, 0, 1, 0, 2],335.580410576488;10278.657859762629;13119.081694114530,13119.081694114530,NOT_APPLICABLE,NOT_APPLICABLE,NOT_APPLICABLE,14
60,2,29404,G4_BALANCED,PREVIOUS,[11, 5, 2, 4, 6, 8, 19, 14, 15, 12, 10, 0, 1, 18, 3, 7, 9, 13, 16, 17]|[0, 2, 2, 1, 0, 0, 2, 0, 0, 0, 1, 2, 0, 0, 1, 1, 1, 1, 2, 1]|[3, 0, 0, 1, 3, 3, 0, 2, 3, 2, 1, 0, 3, 3, 1, 1, 1, 1, 0, 1]|[2, 0, 1, 1, 0, 0, 1, 2, 0, 2, 1, 0, 0, 2, 1, 1, 1, 1, 1, 1],277.373248271382;9200.970312100544;15744.460284510182,0,false,[11, 5, 2, 4, 6, 8, 19, 14, 15, 12, 10, 0, 1, 18, 3, 7, 9, 13, 16, 17]|[0, 2, 2, 1, 0, 0, 2, 0, 0, 0, 1, 2, 0, 0, 1, 1, 1, 1, 2, 1]|[3, 0, 0, 1, 3, 3, 0, 2, 3, 2, 1, 0, 3, 3, 1, 1, 1, 1, 0, 1]|[2, 0, 1, 1, 0, 0, 1, 2, 0, 2, 1, 0, 0, 2, 1, 1, 1, 1, 1, 1],277.373248271382;9200.970312100544;15744.460284510182,0.394091627005,NOT_APPLICABLE,NOT_APPLICABLE,NOT_APPLICABLE,42
60,2,29404,G4_BALANCED,HISTORICAL,[11, 5, 2, 4, 6, 8, 19, 14, 15, 12, 10, 0, 1, 18, 3, 7, 9, 13, 16, 17]|[0, 2, 2, 1, 0, 0, 2, 0, 0, 0, 1, 2, 0, 0, 1, 1, 1, 1, 2, 1]|[3, 0, 0, 1, 3, 3, 0, 2, 3, 2, 1, 0, 3, 3, 1, 1, 1, 1, 0, 1]|[2, 0, 1, 1, 0, 0, 1, 2, 0, 2, 1, 0, 0, 2, 1, 1, 1, 1, 1, 1],277.373248271382;9200.970312100544;15744.460284510182,0,false,[11, 5, 2, 4, 6, 8, 19, 14, 15, 12, 10, 0, 1, 18, 3, 7, 9, 13, 16, 17]|[0, 2, 2, 1, 0, 0, 2, 0, 0, 0, 1, 2, 0, 0, 1, 1, 1, 1, 2, 1]|[3, 0, 0, 1, 3, 3, 0, 2, 3, 2, 1, 0, 3, 3, 1, 1, 1, 1, 0, 1]|[2, 0, 1, 1, 0, 0, 1, 2, 0, 2, 1, 0, 0, 2, 1, 1, 1, 1, 1, 1],277.373248271382;9200.970312100544;15744.460284510182,0.394091627005,NOT_APPLICABLE,NOT_APPLICABLE,NOT_APPLICABLE,7
61,2,29504,G1_CMAX,PREVIOUS,[2, 5, 18, 3, 17, 16, 10, 19, 9, 6, 12, 11, 0, 8, 4, 15, 7, 14, 1, 13]|[2, 2, 1, 2, 2, 2, 2, 1, 0, 0, 1, 2, 2, 0, 0, 1, 1, 0, 1, 1]|[0, 1, 1, 0, 1, 1, 0, 0, 0, 2, 0, 0, 0, 3, 0, 1, 1, 3, 1, 1]|[1, 0, 0, 1, 0, 0, 1, 1, 0, 2, 1, 1, 1, 2, 1, 0, 1, 0, 1, 1],203.680988390281;10730.053037185788;17590.401652550340,0,false,[2, 5, 18, 3, 17, 16, 10, 19, 9, 6, 12, 11, 0, 8, 4, 15, 7, 14, 1, 13]|[2, 2, 1, 2, 2, 2, 2, 1, 0, 0, 1, 2, 2, 0, 0, 1, 1, 0, 1, 1]|[0, 1, 1, 0, 1, 1, 0, 0, 0, 2, 0, 0, 0, 3, 0, 1, 1, 3, 1, 1]|[1, 0, 0, 1, 0, 0, 1, 1, 0, 2, 1, 1, 1, 2, 1, 0, 1, 0, 1, 1],203.680988390281;10730.053037185788;17590.401652550340,203.680988390281,NOT_APPLICABLE,NOT_APPLICABLE,NOT_APPLICABLE,21
61,2,29504,G1_CMAX,HISTORICAL,[2, 5, 18, 3, 17, 16, 10, 19, 9, 6, 12, 11, 0, 8, 4, 15, 7, 14, 1, 13]|[2, 2, 1, 2, 2, 2, 2, 1, 0, 0, 1, 2, 2, 0, 0, 1, 1, 0, 1, 1]|[0, 1, 1, 0, 1, 1, 0, 0, 0, 2, 0, 0, 0, 3, 0, 1, 1, 3, 1, 1]|[1, 0, 0, 1, 0, 0, 1, 1, 0, 2, 1, 1, 1, 2, 1, 0, 1, 0, 1, 1],203.680988390281;10730.053037185788;17590.401652550340,0,false,[2, 5, 18, 3, 17, 16, 10, 19, 9, 6, 12, 11, 0, 8, 4, 15, 7, 14, 1, 13]|[2, 2, 1, 2, 2, 2, 2, 1, 0, 0, 1, 2, 2, 0, 0, 1, 1, 0, 1, 1]|[0, 1, 1, 0, 1, 1, 0, 0, 0, 2, 0, 0, 0, 3, 0, 1, 1, 3, 1, 1]|[1, 0, 0, 1, 0, 0, 1, 1, 0, 2, 1, 1, 1, 2, 1, 0, 1, 0, 1, 1],203.680988390281;10730.053037185788;17590.401652550340,203.680988390281,NOT_APPLICABLE,NOT_APPLICABLE,NOT_APPLICABLE,22
61,2,29504,G2_TEC,PREVIOUS,[11, 5, 2, 4, 6, 8, 19, 14, 15, 12, 17, 10, 1, 16, 3, 7, 9, 13, 18, 0]|[0, 2, 2, 1, 0, 0, 2, 0, 1, 0, 1, 1, 0, 2, 0, 1, 1, 1, 1, 2]|[3, 0, 0, 1, 3, 3, 0, 2, 1, 2, 1, 1, 3, 0, 3, 1, 1, 1, 1, 0]|[2, 0, 1, 1, 0, 0, 1, 2, 1, 2, 1, 1, 0, 1, 1, 1, 1, 1, 1, 0],258.645731908626;9420.836174940020;16544.188445341795,0,false,[11, 5, 2, 4, 6, 8, 19, 14, 15, 12, 17, 10, 1, 16, 3, 7, 9, 13, 18, 0]|[0, 2, 2, 1, 0, 0, 2, 0, 1, 0, 1, 1, 0, 2, 0, 1, 1, 1, 1, 2]|[3, 0, 0, 1, 3, 3, 0, 2, 1, 2, 1, 1, 3, 0, 3, 1, 1, 1, 1, 0]|[2, 0, 1, 1, 0, 0, 1, 2, 1, 2, 1, 1, 0, 1, 1, 1, 1, 1, 1, 0],258.645731908626;9420.836174940020;16544.188445341795,9420.836174940020,NOT_APPLICABLE,NOT_APPLICABLE,NOT_APPLICABLE,11
61,2,29504,G2_TEC,HISTORICAL,[11, 5, 2, 4, 6, 8, 19, 14, 15, 12, 17, 10, 1, 16, 3, 7, 9, 13, 18, 0]|[0, 2, 2, 1, 0, 0, 2, 0, 1, 0, 1, 1, 0, 2, 0, 1, 1, 1, 1, 2]|[3, 0, 0, 1, 3, 3, 0, 2, 1, 2, 1, 1, 3, 0, 3, 1, 1, 1, 1, 0]|[2, 0, 1, 1, 0, 0, 1, 2, 1, 2, 1, 1, 0, 1, 1, 1, 1, 1, 1, 0],258.645731908626;9420.836174940020;16544.188445341795,0,false,[11, 5, 2, 4, 6, 8, 19, 14, 15, 12, 17, 10, 1, 16, 3, 7, 9, 13, 18, 0]|[0, 2, 2, 1, 0, 0, 2, 0, 1, 0, 1, 1, 0, 2, 0, 1, 1, 1, 1, 2]|[3, 0, 0, 1, 3, 3, 0, 2, 1, 2, 1, 1, 3, 0, 3, 1, 1, 1, 1, 0]|[2, 0, 1, 1, 0, 0, 1, 2, 1, 2, 1, 1, 0, 1, 1, 1, 1, 1, 1, 0],258.645731908626;9420.836174940020;16544.188445341795,9420.836174940020,NOT_APPLICABLE,NOT_APPLICABLE,NOT_APPLICABLE,31
61,2,29504,G3_TWC,PREVIOUS,[18, 0, 4, 6, 7, 12, 1, 5, 9, 2, 14, 3, 10, 17, 19, 13, 11, 16, 15, 8]|[0, 0, 2, 0, 0, 1, 0, 2, 1, 2, 0, 0, 2, 0, 2, 0, 0, 1, 1, 0]|[1, 2, 0, 2, 3, 1, 2, 0, 1, 0, 2, 3, 0, 3, 0, 3, 0, 1, 1, 3]|[1, 0, 0, 2, 2, 1, 0, 0, 1, 1, 0, 1, 1, 1, 1, 2, 0, 1, 0, 2],335.580410576488;10278.657859762629;13119.081694114530,0,false,[18, 0, 4, 6, 7, 12, 1, 5, 9, 2, 14, 3, 10, 17, 19, 13, 11, 16, 15, 8]|[0, 0, 2, 0, 0, 1, 0, 2, 1, 2, 0, 0, 2, 0, 2, 0, 0, 1, 1, 0]|[1, 2, 0, 2, 3, 1, 2, 0, 1, 0, 2, 3, 0, 3, 0, 3, 0, 1, 1, 3]|[1, 0, 0, 2, 2, 1, 0, 0, 1, 1, 0, 1, 1, 1, 1, 2, 0, 1, 0, 2],335.580410576488;10278.657859762629;13119.081694114530,13119.081694114530,NOT_APPLICABLE,NOT_APPLICABLE,NOT_APPLICABLE,35
61,2,29504,G3_TWC,HISTORICAL,[18, 0, 4, 6, 7, 12, 1, 5, 9, 2, 14, 3, 10, 17, 19, 13, 11, 16, 15, 8]|[0, 0, 2, 0, 0, 1, 0, 2, 1, 2, 0, 0, 2, 0, 2, 0, 0, 1, 1, 0]|[1, 2, 0, 2, 3, 1, 2, 0, 1, 0, 2, 3, 0, 3, 0, 3, 0, 1, 1, 3]|[1, 0, 0, 2, 2, 1, 0, 0, 1, 1, 0, 1, 1, 1, 1, 2, 0, 1, 0, 2],335.580410576488;10278.657859762629;13119.081694114530,0,false,[18, 0, 4, 6, 7, 12, 1, 5, 9, 2, 14, 3, 10, 17, 19, 13, 11, 16, 15, 8]|[0, 0, 2, 0, 0, 1, 0, 2, 1, 2, 0, 0, 2, 0, 2, 0, 0, 1, 1, 0]|[1, 2, 0, 2, 3, 1, 2, 0, 1, 0, 2, 3, 0, 3, 0, 3, 0, 1, 1, 3]|[1, 0, 0, 2, 2, 1, 0, 0, 1, 1, 0, 1, 1, 1, 1, 2, 0, 1, 0, 2],335.580410576488;10278.657859762629;13119.081694114530,13119.081694114530,NOT_APPLICABLE,NOT_APPLICABLE,NOT_APPLICABLE,14
61,2,29504,G4_BALANCED,PREVIOUS,[11, 5, 2, 4, 6, 8, 19, 14, 15, 12, 10, 0, 1, 18, 3, 7, 9, 13, 16, 17]|[0, 2, 2, 1, 0, 0, 2, 0, 0, 0, 1, 2, 0, 0, 1, 1, 1, 1, 2, 1]|[3, 0, 0, 1, 3, 3, 0, 2, 3, 2, 1, 0, 3, 3, 1, 1, 1, 1, 0, 1]|[2, 0, 1, 1, 0, 0, 1, 2, 0, 2, 1, 0, 0, 2, 1, 1, 1, 1, 1, 1],277.373248271382;9200.970312100544;15744.460284510182,1,true,[11, 5, 2, 4, 6, 8, 19, 14, 15, 12, 17, 0, 1, 16, 3, 7, 9, 18, 10, 13]|[0, 2, 2, 1, 0, 0, 2, 0, 1, 0, 1, 2, 0, 2, 1, 1, 1, 0, 1, 0]|[3, 0, 0, 1, 3, 3, 0, 2, 1, 2, 1, 0, 3, 0, 1, 1, 1, 3, 1, 3]|[2, 0, 1, 1, 0, 0, 1, 2, 1, 2, 1, 0, 0, 1, 1, 1, 1, 2, 1, 0],276.526284666678;9156.320689405950;15732.585992915430,0.392487459084,29504,29504,0,43
61,2,29504,G4_BALANCED,HISTORICAL,[11, 5, 2, 4, 6, 8, 19, 14, 15, 12, 10, 0, 1, 18, 3, 7, 9, 13, 16, 17]|[0, 2, 2, 1, 0, 0, 2, 0, 0, 0, 1, 2, 0, 0, 1, 1, 1, 1, 2, 1]|[3, 0, 0, 1, 3, 3, 0, 2, 3, 2, 1, 0, 3, 3, 1, 1, 1, 1, 0, 1]|[2, 0, 1, 1, 0, 0, 1, 2, 0, 2, 1, 0, 0, 2, 1, 1, 1, 1, 1, 1],277.373248271382;9200.970312100544;15744.460284510182,1,true,[11, 5, 2, 4, 6, 8, 19, 14, 15, 12, 17, 0, 1, 16, 3, 7, 9, 18, 10, 13]|[0, 2, 2, 1, 0, 0, 2, 0, 1, 0, 1, 2, 0, 2, 1, 1, 1, 0, 1, 0]|[3, 0, 0, 1, 3, 3, 0, 2, 1, 2, 1, 0, 3, 0, 1, 1, 1, 3, 1, 3]|[2, 0, 1, 1, 0, 0, 1, 2, 1, 2, 1, 0, 0, 1, 1, 1, 1, 2, 1, 0],276.526284666678;9156.320689405950;15732.585992915430,0.392487459084,29504,29504,0,7
62,2,29604,G1_CMAX,PREVIOUS,[2, 5, 18, 3, 17, 16, 10, 19, 9, 6, 12, 11, 0, 8, 4, 15, 7, 14, 1, 13]|[2, 2, 1, 2, 2, 2, 2, 1, 0, 0, 1, 2, 2, 0, 0, 1, 1, 0, 1, 1]|[0, 1, 1, 0, 1, 1, 0, 0, 0, 2, 0, 0, 0, 3, 0, 1, 1, 3, 1, 1]|[1, 0, 0, 1, 0, 0, 1, 1, 0, 2, 1, 1, 1, 2, 1, 0, 1, 0, 1, 1],203.680988390281;10730.053037185788;17590.401652550340,0,false,[2, 5, 18, 3, 17, 16, 10, 19, 9, 6, 12, 11, 0, 8, 4, 15, 7, 14, 1, 13]|[2, 2, 1, 2, 2, 2, 2, 1, 0, 0, 1, 2, 2, 0, 0, 1, 1, 0, 1, 1]|[0, 1, 1, 0, 1, 1, 0, 0, 0, 2, 0, 0, 0, 3, 0, 1, 1, 3, 1, 1]|[1, 0, 0, 1, 0, 0, 1, 1, 0, 2, 1, 1, 1, 2, 1, 0, 1, 0, 1, 1],203.680988390281;10730.053037185788;17590.401652550340,203.680988390281,NOT_APPLICABLE,NOT_APPLICABLE,NOT_APPLICABLE,21
62,2,29604,G1_CMAX,HISTORICAL,[2, 5, 18, 3, 17, 16, 10, 19, 9, 6, 12, 11, 0, 8, 4, 15, 7, 14, 1, 13]|[2, 2, 1, 2, 2, 2, 2, 1, 0, 0, 1, 2, 2, 0, 0, 1, 1, 0, 1, 1]|[0, 1, 1, 0, 1, 1, 0, 0, 0, 2, 0, 0, 0, 3, 0, 1, 1, 3, 1, 1]|[1, 0, 0, 1, 0, 0, 1, 1, 0, 2, 1, 1, 1, 2, 1, 0, 1, 0, 1, 1],203.680988390281;10730.053037185788;17590.401652550340,0,false,[2, 5, 18, 3, 17, 16, 10, 19, 9, 6, 12, 11, 0, 8, 4, 15, 7, 14, 1, 13]|[2, 2, 1, 2, 2, 2, 2, 1, 0, 0, 1, 2, 2, 0, 0, 1, 1, 0, 1, 1]|[0, 1, 1, 0, 1, 1, 0, 0, 0, 2, 0, 0, 0, 3, 0, 1, 1, 3, 1, 1]|[1, 0, 0, 1, 0, 0, 1, 1, 0, 2, 1, 1, 1, 2, 1, 0, 1, 0, 1, 1],203.680988390281;10730.053037185788;17590.401652550340,203.680988390281,NOT_APPLICABLE,NOT_APPLICABLE,NOT_APPLICABLE,23
62,2,29604,G2_TEC,PREVIOUS,[11, 5, 2, 4, 6, 8, 19, 14, 15, 12, 17, 10, 1, 16, 3, 7, 9, 13, 18, 0]|[0, 2, 2, 1, 0, 0, 2, 0, 1, 0, 1, 1, 0, 2, 0, 1, 1, 1, 1, 2]|[3, 0, 0, 1, 3, 3, 0, 2, 1, 2, 1, 1, 3, 0, 3, 1, 1, 1, 1, 0]|[2, 0, 1, 1, 0, 0, 1, 2, 1, 2, 1, 1, 0, 1, 1, 1, 1, 1, 1, 0],258.645731908626;9420.836174940020;16544.188445341795,1,true,[11, 5, 2, 4, 6, 8, 19, 14, 3, 12, 17, 1, 10, 16, 15, 7, 9, 13, 0, 18]|[0, 2, 2, 1, 0, 0, 2, 0, 0, 0, 1, 0, 1, 2, 1, 1, 1, 1, 2, 1]|[3, 0, 0, 1, 3, 3, 0, 2, 3, 2, 1, 3, 1, 0, 1, 1, 1, 1, 0, 1]|[2, 0, 1, 1, 0, 0, 1, 2, 1, 2, 1, 0, 1, 1, 1, 1, 1, 1, 0, 1],258.645731908626;9387.389043215397;16397.574279811834,9387.389043215397,29604,29604,0,11
62,2,29604,G2_TEC,HISTORICAL,[11, 5, 2, 4, 6, 8, 19, 14, 15, 12, 17, 10, 1, 16, 3, 7, 9, 13, 18, 0]|[0, 2, 2, 1, 0, 0, 2, 0, 1, 0, 1, 1, 0, 2, 0, 1, 1, 1, 1, 2]|[3, 0, 0, 1, 3, 3, 0, 2, 1, 2, 1, 1, 3, 0, 3, 1, 1, 1, 1, 0]|[2, 0, 1, 1, 0, 0, 1, 2, 1, 2, 1, 1, 0, 1, 1, 1, 1, 1, 1, 0],258.645731908626;9420.836174940020;16544.188445341795,1,true,[11, 5, 2, 4, 6, 8, 19, 14, 3, 12, 17, 1, 10, 16, 15, 7, 9, 13, 0, 18]|[0, 2, 2, 1, 0, 0, 2, 0, 0, 0, 1, 0, 1, 2, 1, 1, 1, 1, 2, 1]|[3, 0, 0, 1, 3, 3, 0, 2, 3, 2, 1, 3, 1, 0, 1, 1, 1, 1, 0, 1]|[2, 0, 1, 1, 0, 0, 1, 2, 1, 2, 1, 0, 1, 1, 1, 1, 1, 1, 0, 1],258.645731908626;9387.389043215397;16397.574279811834,9387.389043215397,29604,29604,0,32
62,2,29604,G3_TWC,PREVIOUS,[18, 0, 4, 6, 7, 12, 1, 5, 9, 2, 14, 3, 10, 17, 19, 13, 11, 16, 15, 8]|[0, 0, 2, 0, 0, 1, 0, 2, 1, 2, 0, 0, 2, 0, 2, 0, 0, 1, 1, 0]|[1, 2, 0, 2, 3, 1, 2, 0, 1, 0, 2, 3, 0, 3, 0, 3, 0, 1, 1, 3]|[1, 0, 0, 2, 2, 1, 0, 0, 1, 1, 0, 1, 1, 1, 1, 2, 0, 1, 0, 2],335.580410576488;10278.657859762629;13119.081694114530,0,false,[18, 0, 4, 6, 7, 12, 1, 5, 9, 2, 14, 3, 10, 17, 19, 13, 11, 16, 15, 8]|[0, 0, 2, 0, 0, 1, 0, 2, 1, 2, 0, 0, 2, 0, 2, 0, 0, 1, 1, 0]|[1, 2, 0, 2, 3, 1, 2, 0, 1, 0, 2, 3, 0, 3, 0, 3, 0, 1, 1, 3]|[1, 0, 0, 2, 2, 1, 0, 0, 1, 1, 0, 1, 1, 1, 1, 2, 0, 1, 0, 2],335.580410576488;10278.657859762629;13119.081694114530,13119.081694114530,NOT_APPLICABLE,NOT_APPLICABLE,NOT_APPLICABLE,36
62,2,29604,G3_TWC,HISTORICAL,[18, 0, 4, 6, 7, 12, 1, 5, 9, 2, 14, 3, 10, 17, 19, 13, 11, 16, 15, 8]|[0, 0, 2, 0, 0, 1, 0, 2, 1, 2, 0, 0, 2, 0, 2, 0, 0, 1, 1, 0]|[1, 2, 0, 2, 3, 1, 2, 0, 1, 0, 2, 3, 0, 3, 0, 3, 0, 1, 1, 3]|[1, 0, 0, 2, 2, 1, 0, 0, 1, 1, 0, 1, 1, 1, 1, 2, 0, 1, 0, 2],335.580410576488;10278.657859762629;13119.081694114530,0,false,[18, 0, 4, 6, 7, 12, 1, 5, 9, 2, 14, 3, 10, 17, 19, 13, 11, 16, 15, 8]|[0, 0, 2, 0, 0, 1, 0, 2, 1, 2, 0, 0, 2, 0, 2, 0, 0, 1, 1, 0]|[1, 2, 0, 2, 3, 1, 2, 0, 1, 0, 2, 3, 0, 3, 0, 3, 0, 1, 1, 3]|[1, 0, 0, 2, 2, 1, 0, 0, 1, 1, 0, 1, 1, 1, 1, 2, 0, 1, 0, 2],335.580410576488;10278.657859762629;13119.081694114530,13119.081694114530,NOT_APPLICABLE,NOT_APPLICABLE,NOT_APPLICABLE,14
62,2,29604,G4_BALANCED,PREVIOUS,[11, 5, 2, 4, 6, 8, 19, 14, 15, 12, 17, 0, 1, 16, 3, 7, 9, 18, 10, 13]|[0, 2, 2, 1, 0, 0, 2, 0, 1, 0, 1, 2, 0, 2, 1, 1, 1, 0, 1, 0]|[3, 0, 0, 1, 3, 3, 0, 2, 1, 2, 1, 0, 3, 0, 1, 1, 1, 3, 1, 3]|[2, 0, 1, 1, 0, 0, 1, 2, 1, 2, 1, 0, 0, 1, 1, 1, 1, 2, 1, 0],276.526284666678;9156.320689405950;15732.585992915430,0,false,[11, 5, 2, 4, 6, 8, 19, 14, 15, 12, 17, 0, 1, 16, 3, 7, 9, 18, 10, 13]|[0, 2, 2, 1, 0, 0, 2, 0, 1, 0, 1, 2, 0, 2, 1, 1, 1, 0, 1, 0]|[3, 0, 0, 1, 3, 3, 0, 2, 1, 2, 1, 0, 3, 0, 1, 1, 1, 3, 1, 3]|[2, 0, 1, 1, 0, 0, 1, 2, 1, 2, 1, 0, 0, 1, 1, 1, 1, 2, 1, 0],276.526284666678;9156.320689405950;15732.585992915430,0.446420527017,NOT_APPLICABLE,NOT_APPLICABLE,NOT_APPLICABLE,44
62,2,29604,G4_BALANCED,HISTORICAL,[11, 5, 2, 4, 6, 8, 19, 14, 15, 12, 17, 0, 1, 16, 3, 7, 9, 18, 10, 13]|[0, 2, 2, 1, 0, 0, 2, 0, 1, 0, 1, 2, 0, 2, 1, 1, 1, 0, 1, 0]|[3, 0, 0, 1, 3, 3, 0, 2, 1, 2, 1, 0, 3, 0, 1, 1, 1, 3, 1, 3]|[2, 0, 1, 1, 0, 0, 1, 2, 1, 2, 1, 0, 0, 1, 1, 1, 1, 2, 1, 0],276.526284666678;9156.320689405950;15732.585992915430,0,false,[11, 5, 2, 4, 6, 8, 19, 14, 15, 12, 17, 0, 1, 16, 3, 7, 9, 18, 10, 13]|[0, 2, 2, 1, 0, 0, 2, 0, 1, 0, 1, 2, 0, 2, 1, 1, 1, 0, 1, 0]|[3, 0, 0, 1, 3, 3, 0, 2, 1, 2, 1, 0, 3, 0, 1, 1, 1, 3, 1, 3]|[2, 0, 1, 1, 0, 0, 1, 2, 1, 2, 1, 0, 0, 1, 1, 1, 1, 2, 1, 0],276.526284666678;9156.320689405950;15732.585992915430,0.446420527017,NOT_APPLICABLE,NOT_APPLICABLE,NOT_APPLICABLE,7
63,2,29704,G1_CMAX,PREVIOUS,[2, 5, 18, 3, 17, 16, 10, 19, 9, 6, 12, 11, 0, 8, 4, 15, 7, 14, 1, 13]|[2, 2, 1, 2, 2, 2, 2, 1, 0, 0, 1, 2, 2, 0, 0, 1, 1, 0, 1, 1]|[0, 1, 1, 0, 1, 1, 0, 0, 0, 2, 0, 0, 0, 3, 0, 1, 1, 3, 1, 1]|[1, 0, 0, 1, 0, 0, 1, 1, 0, 2, 1, 1, 1, 2, 1, 0, 1, 0, 1, 1],203.680988390281;10730.053037185788;17590.401652550340,0,false,[2, 5, 18, 3, 17, 16, 10, 19, 9, 6, 12, 11, 0, 8, 4, 15, 7, 14, 1, 13]|[2, 2, 1, 2, 2, 2, 2, 1, 0, 0, 1, 2, 2, 0, 0, 1, 1, 0, 1, 1]|[0, 1, 1, 0, 1, 1, 0, 0, 0, 2, 0, 0, 0, 3, 0, 1, 1, 3, 1, 1]|[1, 0, 0, 1, 0, 0, 1, 1, 0, 2, 1, 1, 1, 2, 1, 0, 1, 0, 1, 1],203.680988390281;10730.053037185788;17590.401652550340,203.680988390281,NOT_APPLICABLE,NOT_APPLICABLE,NOT_APPLICABLE,21
63,2,29704,G1_CMAX,HISTORICAL,[2, 5, 18, 3, 17, 16, 10, 19, 9, 6, 12, 11, 0, 8, 4, 15, 7, 14, 1, 13]|[2, 2, 1, 2, 2, 2, 2, 1, 0, 0, 1, 2, 2, 0, 0, 1, 1, 0, 1, 1]|[0, 1, 1, 0, 1, 1, 0, 0, 0, 2, 0, 0, 0, 3, 0, 1, 1, 3, 1, 1]|[1, 0, 0, 1, 0, 0, 1, 1, 0, 2, 1, 1, 1, 2, 1, 0, 1, 0, 1, 1],203.680988390281;10730.053037185788;17590.401652550340,0,false,[2, 5, 18, 3, 17, 16, 10, 19, 9, 6, 12, 11, 0, 8, 4, 15, 7, 14, 1, 13]|[2, 2, 1, 2, 2, 2, 2, 1, 0, 0, 1, 2, 2, 0, 0, 1, 1, 0, 1, 1]|[0, 1, 1, 0, 1, 1, 0, 0, 0, 2, 0, 0, 0, 3, 0, 1, 1, 3, 1, 1]|[1, 0, 0, 1, 0, 0, 1, 1, 0, 2, 1, 1, 1, 2, 1, 0, 1, 0, 1, 1],203.680988390281;10730.053037185788;17590.401652550340,203.680988390281,NOT_APPLICABLE,NOT_APPLICABLE,NOT_APPLICABLE,24
63,2,29704,G2_TEC,PREVIOUS,[11, 5, 2, 4, 6, 8, 19, 14, 3, 12, 17, 1, 10, 16, 15, 7, 9, 13, 0, 18]|[0, 2, 2, 1, 0, 0, 2, 0, 0, 0, 1, 0, 1, 2, 1, 1, 1, 1, 2, 1]|[3, 0, 0, 1, 3, 3, 0, 2, 3, 2, 1, 3, 1, 0, 1, 1, 1, 1, 0, 1]|[2, 0, 1, 1, 0, 0, 1, 2, 1, 2, 1, 0, 1, 1, 1, 1, 1, 1, 0, 1],258.645731908626;9387.389043215397;16397.574279811834,0,false,[11, 5, 2, 4, 6, 8, 19, 14, 3, 12, 17, 1, 10, 16, 15, 7, 9, 13, 0, 18]|[0, 2, 2, 1, 0, 0, 2, 0, 0, 0, 1, 0, 1, 2, 1, 1, 1, 1, 2, 1]|[3, 0, 0, 1, 3, 3, 0, 2, 3, 2, 1, 3, 1, 0, 1, 1, 1, 1, 0, 1]|[2, 0, 1, 1, 0, 0, 1, 2, 1, 2, 1, 0, 1, 1, 1, 1, 1, 1, 0, 1],258.645731908626;9387.389043215397;16397.574279811834,9387.389043215397,NOT_APPLICABLE,NOT_APPLICABLE,NOT_APPLICABLE,11
63,2,29704,G2_TEC,HISTORICAL,[11, 5, 2, 4, 6, 8, 19, 14, 3, 12, 17, 1, 10, 16, 15, 7, 9, 13, 0, 18]|[0, 2, 2, 1, 0, 0, 2, 0, 0, 0, 1, 0, 1, 2, 1, 1, 1, 1, 2, 1]|[3, 0, 0, 1, 3, 3, 0, 2, 3, 2, 1, 3, 1, 0, 1, 1, 1, 1, 0, 1]|[2, 0, 1, 1, 0, 0, 1, 2, 1, 2, 1, 0, 1, 1, 1, 1, 1, 1, 0, 1],258.645731908626;9387.389043215397;16397.574279811834,0,false,[11, 5, 2, 4, 6, 8, 19, 14, 3, 12, 17, 1, 10, 16, 15, 7, 9, 13, 0, 18]|[0, 2, 2, 1, 0, 0, 2, 0, 0, 0, 1, 0, 1, 2, 1, 1, 1, 1, 2, 1]|[3, 0, 0, 1, 3, 3, 0, 2, 3, 2, 1, 3, 1, 0, 1, 1, 1, 1, 0, 1]|[2, 0, 1, 1, 0, 0, 1, 2, 1, 2, 1, 0, 1, 1, 1, 1, 1, 1, 0, 1],258.645731908626;9387.389043215397;16397.574279811834,9387.389043215397,NOT_APPLICABLE,NOT_APPLICABLE,NOT_APPLICABLE,33
63,2,29704,G3_TWC,PREVIOUS,[18, 0, 4, 6, 7, 12, 1, 5, 9, 2, 14, 3, 10, 17, 19, 13, 11, 16, 15, 8]|[0, 0, 2, 0, 0, 1, 0, 2, 1, 2, 0, 0, 2, 0, 2, 0, 0, 1, 1, 0]|[1, 2, 0, 2, 3, 1, 2, 0, 1, 0, 2, 3, 0, 3, 0, 3, 0, 1, 1, 3]|[1, 0, 0, 2, 2, 1, 0, 0, 1, 1, 0, 1, 1, 1, 1, 2, 0, 1, 0, 2],335.580410576488;10278.657859762629;13119.081694114530,0,false,[18, 0, 4, 6, 7, 12, 1, 5, 9, 2, 14, 3, 10, 17, 19, 13, 11, 16, 15, 8]|[0, 0, 2, 0, 0, 1, 0, 2, 1, 2, 0, 0, 2, 0, 2, 0, 0, 1, 1, 0]|[1, 2, 0, 2, 3, 1, 2, 0, 1, 0, 2, 3, 0, 3, 0, 3, 0, 1, 1, 3]|[1, 0, 0, 2, 2, 1, 0, 0, 1, 1, 0, 1, 1, 1, 1, 2, 0, 1, 0, 2],335.580410576488;10278.657859762629;13119.081694114530,13119.081694114530,NOT_APPLICABLE,NOT_APPLICABLE,NOT_APPLICABLE,37
63,2,29704,G3_TWC,HISTORICAL,[18, 0, 4, 6, 7, 12, 1, 5, 9, 2, 14, 3, 10, 17, 19, 13, 11, 16, 15, 8]|[0, 0, 2, 0, 0, 1, 0, 2, 1, 2, 0, 0, 2, 0, 2, 0, 0, 1, 1, 0]|[1, 2, 0, 2, 3, 1, 2, 0, 1, 0, 2, 3, 0, 3, 0, 3, 0, 1, 1, 3]|[1, 0, 0, 2, 2, 1, 0, 0, 1, 1, 0, 1, 1, 1, 1, 2, 0, 1, 0, 2],335.580410576488;10278.657859762629;13119.081694114530,0,false,[18, 0, 4, 6, 7, 12, 1, 5, 9, 2, 14, 3, 10, 17, 19, 13, 11, 16, 15, 8]|[0, 0, 2, 0, 0, 1, 0, 2, 1, 2, 0, 0, 2, 0, 2, 0, 0, 1, 1, 0]|[1, 2, 0, 2, 3, 1, 2, 0, 1, 0, 2, 3, 0, 3, 0, 3, 0, 1, 1, 3]|[1, 0, 0, 2, 2, 1, 0, 0, 1, 1, 0, 1, 1, 1, 1, 2, 0, 1, 0, 2],335.580410576488;10278.657859762629;13119.081694114530,13119.081694114530,NOT_APPLICABLE,NOT_APPLICABLE,NOT_APPLICABLE,14
63,2,29704,G4_BALANCED,PREVIOUS,[11, 5, 2, 4, 6, 8, 19, 14, 15, 12, 17, 0, 1, 16, 3, 7, 9, 18, 10, 13]|[0, 2, 2, 1, 0, 0, 2, 0, 1, 0, 1, 2, 0, 2, 1, 1, 1, 0, 1, 0]|[3, 0, 0, 1, 3, 3, 0, 2, 1, 2, 1, 0, 3, 0, 1, 1, 1, 3, 1, 3]|[2, 0, 1, 1, 0, 0, 1, 2, 1, 2, 1, 0, 0, 1, 1, 1, 1, 2, 1, 0],276.526284666678;9156.320689405950;15732.585992915430,0,false,[11, 5, 2, 4, 6, 8, 19, 14, 15, 12, 17, 0, 1, 16, 3, 7, 9, 18, 10, 13]|[0, 2, 2, 1, 0, 0, 2, 0, 1, 0, 1, 2, 0, 2, 1, 1, 1, 0, 1, 0]|[3, 0, 0, 1, 3, 3, 0, 2, 1, 2, 1, 0, 3, 0, 1, 1, 1, 3, 1, 3]|[2, 0, 1, 1, 0, 0, 1, 2, 1, 2, 1, 0, 0, 1, 1, 1, 1, 2, 1, 0],276.526284666678;9156.320689405950;15732.585992915430,0.446420527017,NOT_APPLICABLE,NOT_APPLICABLE,NOT_APPLICABLE,44
63,2,29704,G4_BALANCED,HISTORICAL,[11, 5, 2, 4, 6, 8, 19, 14, 15, 12, 17, 0, 1, 16, 3, 7, 9, 18, 10, 13]|[0, 2, 2, 1, 0, 0, 2, 0, 1, 0, 1, 2, 0, 2, 1, 1, 1, 0, 1, 0]|[3, 0, 0, 1, 3, 3, 0, 2, 1, 2, 1, 0, 3, 0, 1, 1, 1, 3, 1, 3]|[2, 0, 1, 1, 0, 0, 1, 2, 1, 2, 1, 0, 0, 1, 1, 1, 1, 2, 1, 0],276.526284666678;9156.320689405950;15732.585992915430,0,false,[11, 5, 2, 4, 6, 8, 19, 14, 15, 12, 17, 0, 1, 16, 3, 7, 9, 18, 10, 13]|[0, 2, 2, 1, 0, 0, 2, 0, 1, 0, 1, 2, 0, 2, 1, 1, 1, 0, 1, 0]|[3, 0, 0, 1, 3, 3, 0, 2, 1, 2, 1, 0, 3, 0, 1, 1, 1, 3, 1, 3]|[2, 0, 1, 1, 0, 0, 1, 2, 1, 2, 1, 0, 0, 1, 1, 1, 1, 2, 1, 0],276.526284666678;9156.320689405950;15732.585992915430,0.446420527017,NOT_APPLICABLE,NOT_APPLICABLE,NOT_APPLICABLE,8
64,2,29804,G1_CMAX,PREVIOUS,[2, 5, 18, 3, 17, 16, 10, 19, 9, 6, 12, 11, 0, 8, 4, 15, 7, 14, 1, 13]|[2, 2, 1, 2, 2, 2, 2, 1, 0, 0, 1, 2, 2, 0, 0, 1, 1, 0, 1, 1]|[0, 1, 1, 0, 1, 1, 0, 0, 0, 2, 0, 0, 0, 3, 0, 1, 1, 3, 1, 1]|[1, 0, 0, 1, 0, 0, 1, 1, 0, 2, 1, 1, 1, 2, 1, 0, 1, 0, 1, 1],203.680988390281;10730.053037185788;17590.401652550340,0,false,[2, 5, 18, 3, 17, 16, 10, 19, 9, 6, 12, 11, 0, 8, 4, 15, 7, 14, 1, 13]|[2, 2, 1, 2, 2, 2, 2, 1, 0, 0, 1, 2, 2, 0, 0, 1, 1, 0, 1, 1]|[0, 1, 1, 0, 1, 1, 0, 0, 0, 2, 0, 0, 0, 3, 0, 1, 1, 3, 1, 1]|[1, 0, 0, 1, 0, 0, 1, 1, 0, 2, 1, 1, 1, 2, 1, 0, 1, 0, 1, 1],203.680988390281;10730.053037185788;17590.401652550340,203.680988390281,NOT_APPLICABLE,NOT_APPLICABLE,NOT_APPLICABLE,21
64,2,29804,G1_CMAX,HISTORICAL,[2, 5, 18, 3, 17, 16, 10, 19, 9, 6, 12, 11, 0, 8, 4, 15, 7, 14, 1, 13]|[2, 2, 1, 2, 2, 2, 2, 1, 0, 0, 1, 2, 2, 0, 0, 1, 1, 0, 1, 1]|[0, 1, 1, 0, 1, 1, 0, 0, 0, 2, 0, 0, 0, 3, 0, 1, 1, 3, 1, 1]|[1, 0, 0, 1, 0, 0, 1, 1, 0, 2, 1, 1, 1, 2, 1, 0, 1, 0, 1, 1],203.680988390281;10730.053037185788;17590.401652550340,0,false,[2, 5, 18, 3, 17, 16, 10, 19, 9, 6, 12, 11, 0, 8, 4, 15, 7, 14, 1, 13]|[2, 2, 1, 2, 2, 2, 2, 1, 0, 0, 1, 2, 2, 0, 0, 1, 1, 0, 1, 1]|[0, 1, 1, 0, 1, 1, 0, 0, 0, 2, 0, 0, 0, 3, 0, 1, 1, 3, 1, 1]|[1, 0, 0, 1, 0, 0, 1, 1, 0, 2, 1, 1, 1, 2, 1, 0, 1, 0, 1, 1],203.680988390281;10730.053037185788;17590.401652550340,203.680988390281,NOT_APPLICABLE,NOT_APPLICABLE,NOT_APPLICABLE,25
64,2,29804,G2_TEC,PREVIOUS,[11, 5, 2, 4, 6, 8, 19, 14, 3, 12, 17, 1, 10, 16, 15, 7, 9, 13, 0, 18]|[0, 2, 2, 1, 0, 0, 2, 0, 0, 0, 1, 0, 1, 2, 1, 1, 1, 1, 2, 1]|[3, 0, 0, 1, 3, 3, 0, 2, 3, 2, 1, 3, 1, 0, 1, 1, 1, 1, 0, 1]|[2, 0, 1, 1, 0, 0, 1, 2, 1, 2, 1, 0, 1, 1, 1, 1, 1, 1, 0, 1],258.645731908626;9387.389043215397;16397.574279811834,1,true,[11, 5, 2, 4, 6, 8, 19, 14, 3, 12, 17, 1, 10, 16, 15, 7, 9, 18, 13, 0]|[0, 2, 2, 1, 0, 0, 2, 0, 0, 0, 1, 0, 1, 2, 1, 1, 1, 1, 1, 2]|[3, 0, 0, 1, 3, 3, 0, 2, 3, 2, 1, 3, 1, 0, 1, 1, 1, 1, 1, 0]|[2, 0, 1, 1, 0, 0, 1, 2, 1, 2, 1, 0, 1, 1, 1, 1, 1, 1, 1, 0],258.645731908626;9372.372018953449;16337.376022036387,9372.372018953449,29804,29804,0,11
64,2,29804,G2_TEC,HISTORICAL,[11, 5, 2, 4, 6, 8, 19, 14, 3, 12, 17, 1, 10, 16, 15, 7, 9, 13, 0, 18]|[0, 2, 2, 1, 0, 0, 2, 0, 0, 0, 1, 0, 1, 2, 1, 1, 1, 1, 2, 1]|[3, 0, 0, 1, 3, 3, 0, 2, 3, 2, 1, 3, 1, 0, 1, 1, 1, 1, 0, 1]|[2, 0, 1, 1, 0, 0, 1, 2, 1, 2, 1, 0, 1, 1, 1, 1, 1, 1, 0, 1],258.645731908626;9387.389043215397;16397.574279811834,1,true,[11, 5, 2, 4, 6, 8, 19, 14, 3, 12, 17, 1, 10, 16, 15, 7, 9, 18, 13, 0]|[0, 2, 2, 1, 0, 0, 2, 0, 0, 0, 1, 0, 1, 2, 1, 1, 1, 1, 1, 2]|[3, 0, 0, 1, 3, 3, 0, 2, 3, 2, 1, 3, 1, 0, 1, 1, 1, 1, 1, 0]|[2, 0, 1, 1, 0, 0, 1, 2, 1, 2, 1, 0, 1, 1, 1, 1, 1, 1, 1, 0],258.645731908626;9372.372018953449;16337.376022036387,9372.372018953449,29804,29804,0,34
64,2,29804,G3_TWC,PREVIOUS,[18, 0, 4, 6, 7, 12, 1, 5, 9, 2, 14, 3, 10, 17, 19, 13, 11, 16, 15, 8]|[0, 0, 2, 0, 0, 1, 0, 2, 1, 2, 0, 0, 2, 0, 2, 0, 0, 1, 1, 0]|[1, 2, 0, 2, 3, 1, 2, 0, 1, 0, 2, 3, 0, 3, 0, 3, 0, 1, 1, 3]|[1, 0, 0, 2, 2, 1, 0, 0, 1, 1, 0, 1, 1, 1, 1, 2, 0, 1, 0, 2],335.580410576488;10278.657859762629;13119.081694114530,0,false,[18, 0, 4, 6, 7, 12, 1, 5, 9, 2, 14, 3, 10, 17, 19, 13, 11, 16, 15, 8]|[0, 0, 2, 0, 0, 1, 0, 2, 1, 2, 0, 0, 2, 0, 2, 0, 0, 1, 1, 0]|[1, 2, 0, 2, 3, 1, 2, 0, 1, 0, 2, 3, 0, 3, 0, 3, 0, 1, 1, 3]|[1, 0, 0, 2, 2, 1, 0, 0, 1, 1, 0, 1, 1, 1, 1, 2, 0, 1, 0, 2],335.580410576488;10278.657859762629;13119.081694114530,13119.081694114530,NOT_APPLICABLE,NOT_APPLICABLE,NOT_APPLICABLE,38
64,2,29804,G3_TWC,HISTORICAL,[18, 0, 4, 6, 7, 12, 1, 5, 9, 2, 14, 3, 10, 17, 19, 13, 11, 16, 15, 8]|[0, 0, 2, 0, 0, 1, 0, 2, 1, 2, 0, 0, 2, 0, 2, 0, 0, 1, 1, 0]|[1, 2, 0, 2, 3, 1, 2, 0, 1, 0, 2, 3, 0, 3, 0, 3, 0, 1, 1, 3]|[1, 0, 0, 2, 2, 1, 0, 0, 1, 1, 0, 1, 1, 1, 1, 2, 0, 1, 0, 2],335.580410576488;10278.657859762629;13119.081694114530,0,false,[18, 0, 4, 6, 7, 12, 1, 5, 9, 2, 14, 3, 10, 17, 19, 13, 11, 16, 15, 8]|[0, 0, 2, 0, 0, 1, 0, 2, 1, 2, 0, 0, 2, 0, 2, 0, 0, 1, 1, 0]|[1, 2, 0, 2, 3, 1, 2, 0, 1, 0, 2, 3, 0, 3, 0, 3, 0, 1, 1, 3]|[1, 0, 0, 2, 2, 1, 0, 0, 1, 1, 0, 1, 1, 1, 1, 2, 0, 1, 0, 2],335.580410576488;10278.657859762629;13119.081694114530,13119.081694114530,NOT_APPLICABLE,NOT_APPLICABLE,NOT_APPLICABLE,14
64,2,29804,G4_BALANCED,PREVIOUS,[11, 5, 2, 4, 6, 8, 19, 14, 15, 12, 17, 0, 1, 16, 3, 7, 9, 18, 10, 13]|[0, 2, 2, 1, 0, 0, 2, 0, 1, 0, 1, 2, 0, 2, 1, 1, 1, 0, 1, 0]|[3, 0, 0, 1, 3, 3, 0, 2, 1, 2, 1, 0, 3, 0, 1, 1, 1, 3, 1, 3]|[2, 0, 1, 1, 0, 0, 1, 2, 1, 2, 1, 0, 0, 1, 1, 1, 1, 2, 1, 0],276.526284666678;9156.320689405950;15732.585992915430,0,false,[11, 5, 2, 4, 6, 8, 19, 14, 15, 12, 17, 0, 1, 16, 3, 7, 9, 18, 10, 13]|[0, 2, 2, 1, 0, 0, 2, 0, 1, 0, 1, 2, 0, 2, 1, 1, 1, 0, 1, 0]|[3, 0, 0, 1, 3, 3, 0, 2, 1, 2, 1, 0, 3, 0, 1, 1, 1, 3, 1, 3]|[2, 0, 1, 1, 0, 0, 1, 2, 1, 2, 1, 0, 0, 1, 1, 1, 1, 2, 1, 0],276.526284666678;9156.320689405950;15732.585992915430,0.459784907864,NOT_APPLICABLE,NOT_APPLICABLE,NOT_APPLICABLE,45
64,2,29804,G4_BALANCED,HISTORICAL,[11, 5, 2, 4, 6, 8, 19, 14, 15, 12, 17, 0, 1, 16, 3, 7, 9, 18, 10, 13]|[0, 2, 2, 1, 0, 0, 2, 0, 1, 0, 1, 2, 0, 2, 1, 1, 1, 0, 1, 0]|[3, 0, 0, 1, 3, 3, 0, 2, 1, 2, 1, 0, 3, 0, 1, 1, 1, 3, 1, 3]|[2, 0, 1, 1, 0, 0, 1, 2, 1, 2, 1, 0, 0, 1, 1, 1, 1, 2, 1, 0],276.526284666678;9156.320689405950;15732.585992915430,0,false,[11, 5, 2, 4, 6, 8, 19, 14, 15, 12, 17, 0, 1, 16, 3, 7, 9, 18, 10, 13]|[0, 2, 2, 1, 0, 0, 2, 0, 1, 0, 1, 2, 0, 2, 1, 1, 1, 0, 1, 0]|[3, 0, 0, 1, 3, 3, 0, 2, 1, 2, 1, 0, 3, 0, 1, 1, 1, 3, 1, 3]|[2, 0, 1, 1, 0, 0, 1, 2, 1, 2, 1, 0, 0, 1, 1, 1, 1, 2, 1, 0],276.526284666678;9156.320689405950;15732.585992915430,0.459784907864,NOT_APPLICABLE,NOT_APPLICABLE,NOT_APPLICABLE,8
65,2,29904,G1_CMAX,PREVIOUS,[2, 5, 18, 3, 17, 16, 10, 19, 9, 6, 12, 11, 0, 8, 4, 15, 7, 14, 1, 13]|[2, 2, 1, 2, 2, 2, 2, 1, 0, 0, 1, 2, 2, 0, 0, 1, 1, 0, 1, 1]|[0, 1, 1, 0, 1, 1, 0, 0, 0, 2, 0, 0, 0, 3, 0, 1, 1, 3, 1, 1]|[1, 0, 0, 1, 0, 0, 1, 1, 0, 2, 1, 1, 1, 2, 1, 0, 1, 0, 1, 1],203.680988390281;10730.053037185788;17590.401652550340,0,false,[2, 5, 18, 3, 17, 16, 10, 19, 9, 6, 12, 11, 0, 8, 4, 15, 7, 14, 1, 13]|[2, 2, 1, 2, 2, 2, 2, 1, 0, 0, 1, 2, 2, 0, 0, 1, 1, 0, 1, 1]|[0, 1, 1, 0, 1, 1, 0, 0, 0, 2, 0, 0, 0, 3, 0, 1, 1, 3, 1, 1]|[1, 0, 0, 1, 0, 0, 1, 1, 0, 2, 1, 1, 1, 2, 1, 0, 1, 0, 1, 1],203.680988390281;10730.053037185788;17590.401652550340,203.680988390281,NOT_APPLICABLE,NOT_APPLICABLE,NOT_APPLICABLE,21
65,2,29904,G1_CMAX,HISTORICAL,[2, 5, 18, 3, 17, 16, 10, 19, 9, 6, 12, 11, 0, 8, 4, 15, 7, 14, 1, 13]|[2, 2, 1, 2, 2, 2, 2, 1, 0, 0, 1, 2, 2, 0, 0, 1, 1, 0, 1, 1]|[0, 1, 1, 0, 1, 1, 0, 0, 0, 2, 0, 0, 0, 3, 0, 1, 1, 3, 1, 1]|[1, 0, 0, 1, 0, 0, 1, 1, 0, 2, 1, 1, 1, 2, 1, 0, 1, 0, 1, 1],203.680988390281;10730.053037185788;17590.401652550340,0,false,[2, 5, 18, 3, 17, 16, 10, 19, 9, 6, 12, 11, 0, 8, 4, 15, 7, 14, 1, 13]|[2, 2, 1, 2, 2, 2, 2, 1, 0, 0, 1, 2, 2, 0, 0, 1, 1, 0, 1, 1]|[0, 1, 1, 0, 1, 1, 0, 0, 0, 2, 0, 0, 0, 3, 0, 1, 1, 3, 1, 1]|[1, 0, 0, 1, 0, 0, 1, 1, 0, 2, 1, 1, 1, 2, 1, 0, 1, 0, 1, 1],203.680988390281;10730.053037185788;17590.401652550340,203.680988390281,NOT_APPLICABLE,NOT_APPLICABLE,NOT_APPLICABLE,26
65,2,29904,G2_TEC,PREVIOUS,[11, 5, 2, 4, 6, 8, 19, 14, 3, 12, 17, 1, 10, 16, 15, 7, 9, 18, 13, 0]|[0, 2, 2, 1, 0, 0, 2, 0, 0, 0, 1, 0, 1, 2, 1, 1, 1, 1, 1, 2]|[3, 0, 0, 1, 3, 3, 0, 2, 3, 2, 1, 3, 1, 0, 1, 1, 1, 1, 1, 0]|[2, 0, 1, 1, 0, 0, 1, 2, 1, 2, 1, 0, 1, 1, 1, 1, 1, 1, 1, 0],258.645731908626;9372.372018953449;16337.376022036387,0,false,[11, 5, 2, 4, 6, 8, 19, 14, 3, 12, 17, 1, 10, 16, 15, 7, 9, 18, 13, 0]|[0, 2, 2, 1, 0, 0, 2, 0, 0, 0, 1, 0, 1, 2, 1, 1, 1, 1, 1, 2]|[3, 0, 0, 1, 3, 3, 0, 2, 3, 2, 1, 3, 1, 0, 1, 1, 1, 1, 1, 0]|[2, 0, 1, 1, 0, 0, 1, 2, 1, 2, 1, 0, 1, 1, 1, 1, 1, 1, 1, 0],258.645731908626;9372.372018953449;16337.376022036387,9372.372018953449,NOT_APPLICABLE,NOT_APPLICABLE,NOT_APPLICABLE,11
65,2,29904,G2_TEC,HISTORICAL,[11, 5, 2, 4, 6, 8, 19, 14, 3, 12, 17, 1, 10, 16, 15, 7, 9, 18, 13, 0]|[0, 2, 2, 1, 0, 0, 2, 0, 0, 0, 1, 0, 1, 2, 1, 1, 1, 1, 1, 2]|[3, 0, 0, 1, 3, 3, 0, 2, 3, 2, 1, 3, 1, 0, 1, 1, 1, 1, 1, 0]|[2, 0, 1, 1, 0, 0, 1, 2, 1, 2, 1, 0, 1, 1, 1, 1, 1, 1, 1, 0],258.645731908626;9372.372018953449;16337.376022036387,0,false,[11, 5, 2, 4, 6, 8, 19, 14, 3, 12, 17, 1, 10, 16, 15, 7, 9, 18, 13, 0]|[0, 2, 2, 1, 0, 0, 2, 0, 0, 0, 1, 0, 1, 2, 1, 1, 1, 1, 1, 2]|[3, 0, 0, 1, 3, 3, 0, 2, 3, 2, 1, 3, 1, 0, 1, 1, 1, 1, 1, 0]|[2, 0, 1, 1, 0, 0, 1, 2, 1, 2, 1, 0, 1, 1, 1, 1, 1, 1, 1, 0],258.645731908626;9372.372018953449;16337.376022036387,9372.372018953449,NOT_APPLICABLE,NOT_APPLICABLE,NOT_APPLICABLE,35
65,2,29904,G3_TWC,PREVIOUS,[18, 0, 4, 6, 7, 12, 1, 5, 9, 2, 14, 3, 10, 17, 19, 13, 11, 16, 15, 8]|[0, 0, 2, 0, 0, 1, 0, 2, 1, 2, 0, 0, 2, 0, 2, 0, 0, 1, 1, 0]|[1, 2, 0, 2, 3, 1, 2, 0, 1, 0, 2, 3, 0, 3, 0, 3, 0, 1, 1, 3]|[1, 0, 0, 2, 2, 1, 0, 0, 1, 1, 0, 1, 1, 1, 1, 2, 0, 1, 0, 2],335.580410576488;10278.657859762629;13119.081694114530,0,false,[18, 0, 4, 6, 7, 12, 1, 5, 9, 2, 14, 3, 10, 17, 19, 13, 11, 16, 15, 8]|[0, 0, 2, 0, 0, 1, 0, 2, 1, 2, 0, 0, 2, 0, 2, 0, 0, 1, 1, 0]|[1, 2, 0, 2, 3, 1, 2, 0, 1, 0, 2, 3, 0, 3, 0, 3, 0, 1, 1, 3]|[1, 0, 0, 2, 2, 1, 0, 0, 1, 1, 0, 1, 1, 1, 1, 2, 0, 1, 0, 2],335.580410576488;10278.657859762629;13119.081694114530,13119.081694114530,NOT_APPLICABLE,NOT_APPLICABLE,NOT_APPLICABLE,39
65,2,29904,G3_TWC,HISTORICAL,[18, 0, 4, 6, 7, 12, 1, 5, 9, 2, 14, 3, 10, 17, 19, 13, 11, 16, 15, 8]|[0, 0, 2, 0, 0, 1, 0, 2, 1, 2, 0, 0, 2, 0, 2, 0, 0, 1, 1, 0]|[1, 2, 0, 2, 3, 1, 2, 0, 1, 0, 2, 3, 0, 3, 0, 3, 0, 1, 1, 3]|[1, 0, 0, 2, 2, 1, 0, 0, 1, 1, 0, 1, 1, 1, 1, 2, 0, 1, 0, 2],335.580410576488;10278.657859762629;13119.081694114530,0,false,[18, 0, 4, 6, 7, 12, 1, 5, 9, 2, 14, 3, 10, 17, 19, 13, 11, 16, 15, 8]|[0, 0, 2, 0, 0, 1, 0, 2, 1, 2, 0, 0, 2, 0, 2, 0, 0, 1, 1, 0]|[1, 2, 0, 2, 3, 1, 2, 0, 1, 0, 2, 3, 0, 3, 0, 3, 0, 1, 1, 3]|[1, 0, 0, 2, 2, 1, 0, 0, 1, 1, 0, 1, 1, 1, 1, 2, 0, 1, 0, 2],335.580410576488;10278.657859762629;13119.081694114530,13119.081694114530,NOT_APPLICABLE,NOT_APPLICABLE,NOT_APPLICABLE,14
65,2,29904,G4_BALANCED,PREVIOUS,[11, 5, 2, 4, 6, 8, 19, 14, 15, 12, 17, 0, 1, 16, 3, 7, 9, 18, 10, 13]|[0, 2, 2, 1, 0, 0, 2, 0, 1, 0, 1, 2, 0, 2, 1, 1, 1, 0, 1, 0]|[3, 0, 0, 1, 3, 3, 0, 2, 1, 2, 1, 0, 3, 0, 1, 1, 1, 3, 1, 3]|[2, 0, 1, 1, 0, 0, 1, 2, 1, 2, 1, 0, 0, 1, 1, 1, 1, 2, 1, 0],276.526284666678;9156.320689405950;15732.585992915430,0,false,[11, 5, 2, 4, 6, 8, 19, 14, 15, 12, 17, 0, 1, 16, 3, 7, 9, 18, 10, 13]|[0, 2, 2, 1, 0, 0, 2, 0, 1, 0, 1, 2, 0, 2, 1, 1, 1, 0, 1, 0]|[3, 0, 0, 1, 3, 3, 0, 2, 1, 2, 1, 0, 3, 0, 1, 1, 1, 3, 1, 3]|[2, 0, 1, 1, 0, 0, 1, 2, 1, 2, 1, 0, 0, 1, 1, 1, 1, 2, 1, 0],276.526284666678;9156.320689405950;15732.585992915430,0.459784907864,NOT_APPLICABLE,NOT_APPLICABLE,NOT_APPLICABLE,46
65,2,29904,G4_BALANCED,HISTORICAL,[11, 5, 2, 4, 6, 8, 19, 14, 15, 12, 17, 0, 1, 16, 3, 7, 9, 18, 10, 13]|[0, 2, 2, 1, 0, 0, 2, 0, 1, 0, 1, 2, 0, 2, 1, 1, 1, 0, 1, 0]|[3, 0, 0, 1, 3, 3, 0, 2, 1, 2, 1, 0, 3, 0, 1, 1, 1, 3, 1, 3]|[2, 0, 1, 1, 0, 0, 1, 2, 1, 2, 1, 0, 0, 1, 1, 1, 1, 2, 1, 0],276.526284666678;9156.320689405950;15732.585992915430,0,false,[11, 5, 2, 4, 6, 8, 19, 14, 15, 12, 17, 0, 1, 16, 3, 7, 9, 18, 10, 13]|[0, 2, 2, 1, 0, 0, 2, 0, 1, 0, 1, 2, 0, 2, 1, 1, 1, 0, 1, 0]|[3, 0, 0, 1, 3, 3, 0, 2, 1, 2, 1, 0, 3, 0, 1, 1, 1, 3, 1, 3]|[2, 0, 1, 1, 0, 0, 1, 2, 1, 2, 1, 0, 0, 1, 1, 1, 1, 2, 1, 0],276.526284666678;9156.320689405950;15732.585992915430,0.459784907864,NOT_APPLICABLE,NOT_APPLICABLE,NOT_APPLICABLE,8
66,2,30004,G1_CMAX,PREVIOUS,[2, 5, 18, 3, 17, 16, 10, 19, 9, 6, 12, 11, 0, 8, 4, 15, 7, 14, 1, 13]|[2, 2, 1, 2, 2, 2, 2, 1, 0, 0, 1, 2, 2, 0, 0, 1, 1, 0, 1, 1]|[0, 1, 1, 0, 1, 1, 0, 0, 0, 2, 0, 0, 0, 3, 0, 1, 1, 3, 1, 1]|[1, 0, 0, 1, 0, 0, 1, 1, 0, 2, 1, 1, 1, 2, 1, 0, 1, 0, 1, 1],203.680988390281;10730.053037185788;17590.401652550340,0,false,[2, 5, 18, 3, 17, 16, 10, 19, 9, 6, 12, 11, 0, 8, 4, 15, 7, 14, 1, 13]|[2, 2, 1, 2, 2, 2, 2, 1, 0, 0, 1, 2, 2, 0, 0, 1, 1, 0, 1, 1]|[0, 1, 1, 0, 1, 1, 0, 0, 0, 2, 0, 0, 0, 3, 0, 1, 1, 3, 1, 1]|[1, 0, 0, 1, 0, 0, 1, 1, 0, 2, 1, 1, 1, 2, 1, 0, 1, 0, 1, 1],203.680988390281;10730.053037185788;17590.401652550340,203.680988390281,NOT_APPLICABLE,NOT_APPLICABLE,NOT_APPLICABLE,21
66,2,30004,G1_CMAX,HISTORICAL,[2, 5, 18, 3, 17, 16, 10, 19, 9, 6, 12, 11, 0, 8, 4, 15, 7, 14, 1, 13]|[2, 2, 1, 2, 2, 2, 2, 1, 0, 0, 1, 2, 2, 0, 0, 1, 1, 0, 1, 1]|[0, 1, 1, 0, 1, 1, 0, 0, 0, 2, 0, 0, 0, 3, 0, 1, 1, 3, 1, 1]|[1, 0, 0, 1, 0, 0, 1, 1, 0, 2, 1, 1, 1, 2, 1, 0, 1, 0, 1, 1],203.680988390281;10730.053037185788;17590.401652550340,0,false,[2, 5, 18, 3, 17, 16, 10, 19, 9, 6, 12, 11, 0, 8, 4, 15, 7, 14, 1, 13]|[2, 2, 1, 2, 2, 2, 2, 1, 0, 0, 1, 2, 2, 0, 0, 1, 1, 0, 1, 1]|[0, 1, 1, 0, 1, 1, 0, 0, 0, 2, 0, 0, 0, 3, 0, 1, 1, 3, 1, 1]|[1, 0, 0, 1, 0, 0, 1, 1, 0, 2, 1, 1, 1, 2, 1, 0, 1, 0, 1, 1],203.680988390281;10730.053037185788;17590.401652550340,203.680988390281,NOT_APPLICABLE,NOT_APPLICABLE,NOT_APPLICABLE,27
66,2,30004,G2_TEC,PREVIOUS,[11, 5, 2, 4, 6, 8, 19, 14, 3, 12, 17, 1, 10, 16, 15, 7, 9, 18, 13, 0]|[0, 2, 2, 1, 0, 0, 2, 0, 0, 0, 1, 0, 1, 2, 1, 1, 1, 1, 1, 2]|[3, 0, 0, 1, 3, 3, 0, 2, 3, 2, 1, 3, 1, 0, 1, 1, 1, 1, 1, 0]|[2, 0, 1, 1, 0, 0, 1, 2, 1, 2, 1, 0, 1, 1, 1, 1, 1, 1, 1, 0],258.645731908626;9372.372018953449;16337.376022036387,0,false,[11, 5, 2, 4, 6, 8, 19, 14, 3, 12, 17, 1, 10, 16, 15, 7, 9, 18, 13, 0]|[0, 2, 2, 1, 0, 0, 2, 0, 0, 0, 1, 0, 1, 2, 1, 1, 1, 1, 1, 2]|[3, 0, 0, 1, 3, 3, 0, 2, 3, 2, 1, 3, 1, 0, 1, 1, 1, 1, 1, 0]|[2, 0, 1, 1, 0, 0, 1, 2, 1, 2, 1, 0, 1, 1, 1, 1, 1, 1, 1, 0],258.645731908626;9372.372018953449;16337.376022036387,9372.372018953449,NOT_APPLICABLE,NOT_APPLICABLE,NOT_APPLICABLE,11
66,2,30004,G2_TEC,HISTORICAL,[11, 5, 2, 4, 6, 8, 19, 14, 3, 12, 17, 1, 10, 16, 15, 7, 9, 18, 13, 0]|[0, 2, 2, 1, 0, 0, 2, 0, 0, 0, 1, 0, 1, 2, 1, 1, 1, 1, 1, 2]|[3, 0, 0, 1, 3, 3, 0, 2, 3, 2, 1, 3, 1, 0, 1, 1, 1, 1, 1, 0]|[2, 0, 1, 1, 0, 0, 1, 2, 1, 2, 1, 0, 1, 1, 1, 1, 1, 1, 1, 0],258.645731908626;9372.372018953449;16337.376022036387,0,false,[11, 5, 2, 4, 6, 8, 19, 14, 3, 12, 17, 1, 10, 16, 15, 7, 9, 18, 13, 0]|[0, 2, 2, 1, 0, 0, 2, 0, 0, 0, 1, 0, 1, 2, 1, 1, 1, 1, 1, 2]|[3, 0, 0, 1, 3, 3, 0, 2, 3, 2, 1, 3, 1, 0, 1, 1, 1, 1, 1, 0]|[2, 0, 1, 1, 0, 0, 1, 2, 1, 2, 1, 0, 1, 1, 1, 1, 1, 1, 1, 0],258.645731908626;9372.372018953449;16337.376022036387,9372.372018953449,NOT_APPLICABLE,NOT_APPLICABLE,NOT_APPLICABLE,36
66,2,30004,G3_TWC,PREVIOUS,[18, 0, 4, 6, 7, 12, 1, 5, 9, 2, 14, 3, 10, 17, 19, 13, 11, 16, 15, 8]|[0, 0, 2, 0, 0, 1, 0, 2, 1, 2, 0, 0, 2, 0, 2, 0, 0, 1, 1, 0]|[1, 2, 0, 2, 3, 1, 2, 0, 1, 0, 2, 3, 0, 3, 0, 3, 0, 1, 1, 3]|[1, 0, 0, 2, 2, 1, 0, 0, 1, 1, 0, 1, 1, 1, 1, 2, 0, 1, 0, 2],335.580410576488;10278.657859762629;13119.081694114530,0,false,[18, 0, 4, 6, 7, 12, 1, 5, 9, 2, 14, 3, 10, 17, 19, 13, 11, 16, 15, 8]|[0, 0, 2, 0, 0, 1, 0, 2, 1, 2, 0, 0, 2, 0, 2, 0, 0, 1, 1, 0]|[1, 2, 0, 2, 3, 1, 2, 0, 1, 0, 2, 3, 0, 3, 0, 3, 0, 1, 1, 3]|[1, 0, 0, 2, 2, 1, 0, 0, 1, 1, 0, 1, 1, 1, 1, 2, 0, 1, 0, 2],335.580410576488;10278.657859762629;13119.081694114530,13119.081694114530,NOT_APPLICABLE,NOT_APPLICABLE,NOT_APPLICABLE,40
66,2,30004,G3_TWC,HISTORICAL,[18, 0, 4, 6, 7, 12, 1, 5, 9, 2, 14, 3, 10, 17, 19, 13, 11, 16, 15, 8]|[0, 0, 2, 0, 0, 1, 0, 2, 1, 2, 0, 0, 2, 0, 2, 0, 0, 1, 1, 0]|[1, 2, 0, 2, 3, 1, 2, 0, 1, 0, 2, 3, 0, 3, 0, 3, 0, 1, 1, 3]|[1, 0, 0, 2, 2, 1, 0, 0, 1, 1, 0, 1, 1, 1, 1, 2, 0, 1, 0, 2],335.580410576488;10278.657859762629;13119.081694114530,0,false,[18, 0, 4, 6, 7, 12, 1, 5, 9, 2, 14, 3, 10, 17, 19, 13, 11, 16, 15, 8]|[0, 0, 2, 0, 0, 1, 0, 2, 1, 2, 0, 0, 2, 0, 2, 0, 0, 1, 1, 0]|[1, 2, 0, 2, 3, 1, 2, 0, 1, 0, 2, 3, 0, 3, 0, 3, 0, 1, 1, 3]|[1, 0, 0, 2, 2, 1, 0, 0, 1, 1, 0, 1, 1, 1, 1, 2, 0, 1, 0, 2],335.580410576488;10278.657859762629;13119.081694114530,13119.081694114530,NOT_APPLICABLE,NOT_APPLICABLE,NOT_APPLICABLE,14
66,2,30004,G4_BALANCED,PREVIOUS,[11, 5, 2, 4, 6, 8, 19, 14, 15, 12, 17, 0, 1, 16, 3, 7, 9, 18, 10, 13]|[0, 2, 2, 1, 0, 0, 2, 0, 1, 0, 1, 2, 0, 2, 1, 1, 1, 0, 1, 0]|[3, 0, 0, 1, 3, 3, 0, 2, 1, 2, 1, 0, 3, 0, 1, 1, 1, 3, 1, 3]|[2, 0, 1, 1, 0, 0, 1, 2, 1, 2, 1, 0, 0, 1, 1, 1, 1, 2, 1, 0],276.526284666678;9156.320689405950;15732.585992915430,1,true,[19, 5, 2, 4, 6, 8, 11, 14, 3, 12, 17, 13, 1, 10, 15, 7, 9, 18, 16, 0]|[1, 2, 2, 1, 0, 0, 2, 0, 0, 0, 1, 2, 0, 1, 1, 1, 1, 0, 2, 0]|[1, 0, 0, 1, 3, 3, 0, 2, 3, 2, 1, 0, 3, 1, 1, 1, 1, 3, 0, 3]|[1, 0, 1, 1, 0, 0, 1, 2, 1, 2, 1, 0, 0, 1, 1, 1, 1, 2, 1, 0],262.588858206848;9091.148314037004;15588.336882707757,0.436956049791,30004,30004,0,47
66,2,30004,G4_BALANCED,HISTORICAL,[11, 5, 2, 4, 6, 8, 19, 14, 15, 12, 17, 0, 1, 16, 3, 7, 9, 18, 10, 13]|[0, 2, 2, 1, 0, 0, 2, 0, 1, 0, 1, 2, 0, 2, 1, 1, 1, 0, 1, 0]|[3, 0, 0, 1, 3, 3, 0, 2, 1, 2, 1, 0, 3, 0, 1, 1, 1, 3, 1, 3]|[2, 0, 1, 1, 0, 0, 1, 2, 1, 2, 1, 0, 0, 1, 1, 1, 1, 2, 1, 0],276.526284666678;9156.320689405950;15732.585992915430,1,true,[19, 5, 2, 4, 6, 8, 11, 14, 3, 12, 17, 13, 1, 10, 15, 7, 9, 18, 16, 0]|[1, 2, 2, 1, 0, 0, 2, 0, 0, 0, 1, 2, 0, 1, 1, 1, 1, 0, 2, 0]|[1, 0, 0, 1, 3, 3, 0, 2, 3, 2, 1, 0, 3, 1, 1, 1, 1, 3, 0, 3]|[1, 0, 1, 1, 0, 0, 1, 2, 1, 2, 1, 0, 0, 1, 1, 1, 1, 2, 1, 0],262.588858206848;9091.148314037004;15588.336882707757,0.436956049791,30004,30004,0,8
67,2,30104,G1_CMAX,PREVIOUS,[11, 5, 2, 10, 16, 1, 0, 9, 8, 15, 6, 4, 17, 13, 12, 14, 19, 7, 3, 18]|[0, 2, 2, 2, 1, 0, 2, 0, 0, 1, 0, 1, 1, 1, 1, 0, 2, 1, 0, 1]|[0, 1, 0, 0, 1, 2, 0, 1, 3, 1, 3, 1, 0, 1, 1, 2, 0, 1, 3, 1]|[0, 1, 0, 0, 1, 0, 0, 2, 2, 1, 0, 0, 1, 1, 1, 0, 1, 1, 1, 1],248.995332846174;9970.645009379916;16758.039436912010,0,false,[11, 5, 2, 10, 16, 1, 0, 9, 8, 15, 6, 4, 17, 13, 12, 14, 19, 7, 3, 18]|[0, 2, 2, 2, 1, 0, 2, 0, 0, 1, 0, 1, 1, 1, 1, 0, 2, 1, 0, 1]|[0, 1, 0, 0, 1, 2, 0, 1, 3, 1, 3, 1, 0, 1, 1, 2, 0, 1, 3, 1]|[0, 1, 0, 0, 1, 0, 0, 2, 2, 1, 0, 0, 1, 1, 1, 0, 1, 1, 1, 1],248.995332846174;9970.645009379916;16758.039436912010,248.995332846174,NOT_APPLICABLE,NOT_APPLICABLE,NOT_APPLICABLE,21
67,2,30104,G1_CMAX,HISTORICAL,[2, 5, 18, 3, 17, 16, 10, 19, 9, 6, 12, 11, 0, 8, 4, 15, 7, 14, 1, 13]|[2, 2, 1, 2, 2, 2, 2, 1, 0, 0, 1, 2, 2, 0, 0, 1, 1, 0, 1, 1]|[0, 1, 1, 0, 1, 1, 0, 0, 0, 2, 0, 0, 0, 3, 0, 1, 1, 3, 1, 1]|[1, 0, 0, 1, 0, 0, 1, 1, 0, 2, 1, 1, 1, 2, 1, 0, 1, 0, 1, 1],203.680988390281;10730.053037185788;17590.401652550340,0,false,[2, 5, 18, 3, 17, 16, 10, 19, 9, 6, 12, 11, 0, 8, 4, 15, 7, 14, 1, 13]|[2, 2, 1, 2, 2, 2, 2, 1, 0, 0, 1, 2, 2, 0, 0, 1, 1, 0, 1, 1]|[0, 1, 1, 0, 1, 1, 0, 0, 0, 2, 0, 0, 0, 3, 0, 1, 1, 3, 1, 1]|[1, 0, 0, 1, 0, 0, 1, 1, 0, 2, 1, 1, 1, 2, 1, 0, 1, 0, 1, 1],203.680988390281;10730.053037185788;17590.401652550340,203.680988390281,NOT_APPLICABLE,NOT_APPLICABLE,NOT_APPLICABLE,27
67,2,30104,G2_TEC,PREVIOUS,[11, 5, 2, 4, 6, 8, 19, 14, 3, 12, 17, 1, 10, 16, 15, 7, 9, 18, 13, 0]|[0, 2, 2, 1, 0, 0, 2, 0, 0, 0, 1, 0, 1, 2, 1, 1, 1, 1, 1, 2]|[3, 0, 0, 1, 3, 3, 0, 2, 3, 2, 1, 3, 1, 0, 1, 1, 1, 1, 1, 0]|[2, 0, 1, 1, 0, 0, 1, 2, 1, 2, 1, 0, 1, 1, 1, 1, 1, 1, 1, 0],258.645731908626;9372.372018953449;16337.376022036387,0,false,[11, 5, 2, 4, 6, 8, 19, 14, 3, 12, 17, 1, 10, 16, 15, 7, 9, 18, 13, 0]|[0, 2, 2, 1, 0, 0, 2, 0, 0, 0, 1, 0, 1, 2, 1, 1, 1, 1, 1, 2]|[3, 0, 0, 1, 3, 3, 0, 2, 3, 2, 1, 3, 1, 0, 1, 1, 1, 1, 1, 0]|[2, 0, 1, 1, 0, 0, 1, 2, 1, 2, 1, 0, 1, 1, 1, 1, 1, 1, 1, 0],258.645731908626;9372.372018953449;16337.376022036387,9372.372018953449,NOT_APPLICABLE,NOT_APPLICABLE,NOT_APPLICABLE,11
67,2,30104,G2_TEC,HISTORICAL,[11, 5, 2, 4, 6, 8, 19, 14, 3, 12, 17, 1, 10, 16, 15, 7, 9, 18, 13, 0]|[0, 2, 2, 1, 0, 0, 2, 0, 0, 0, 1, 0, 1, 2, 1, 1, 1, 1, 1, 2]|[3, 0, 0, 1, 3, 3, 0, 2, 3, 2, 1, 3, 1, 0, 1, 1, 1, 1, 1, 0]|[2, 0, 1, 1, 0, 0, 1, 2, 1, 2, 1, 0, 1, 1, 1, 1, 1, 1, 1, 0],258.645731908626;9372.372018953449;16337.376022036387,0,false,[11, 5, 2, 4, 6, 8, 19, 14, 3, 12, 17, 1, 10, 16, 15, 7, 9, 18, 13, 0]|[0, 2, 2, 1, 0, 0, 2, 0, 0, 0, 1, 0, 1, 2, 1, 1, 1, 1, 1, 2]|[3, 0, 0, 1, 3, 3, 0, 2, 3, 2, 1, 3, 1, 0, 1, 1, 1, 1, 1, 0]|[2, 0, 1, 1, 0, 0, 1, 2, 1, 2, 1, 0, 1, 1, 1, 1, 1, 1, 1, 0],258.645731908626;9372.372018953449;16337.376022036387,9372.372018953449,NOT_APPLICABLE,NOT_APPLICABLE,NOT_APPLICABLE,37
67,2,30104,G3_TWC,PREVIOUS,[18, 0, 4, 6, 7, 12, 1, 5, 9, 2, 14, 3, 10, 17, 19, 13, 11, 16, 15, 8]|[0, 0, 2, 0, 0, 1, 0, 2, 1, 2, 0, 0, 2, 0, 2, 0, 0, 1, 1, 0]|[1, 2, 0, 2, 3, 1, 2, 0, 1, 0, 2, 3, 0, 3, 0, 3, 0, 1, 1, 3]|[1, 0, 0, 2, 2, 1, 0, 0, 1, 1, 0, 1, 1, 1, 1, 2, 0, 1, 0, 2],335.580410576488;10278.657859762629;13119.081694114530,0,false,[18, 0, 4, 6, 7, 12, 1, 5, 9, 2, 14, 3, 10, 17, 19, 13, 11, 16, 15, 8]|[0, 0, 2, 0, 0, 1, 0, 2, 1, 2, 0, 0, 2, 0, 2, 0, 0, 1, 1, 0]|[1, 2, 0, 2, 3, 1, 2, 0, 1, 0, 2, 3, 0, 3, 0, 3, 0, 1, 1, 3]|[1, 0, 0, 2, 2, 1, 0, 0, 1, 1, 0, 1, 1, 1, 1, 2, 0, 1, 0, 2],335.580410576488;10278.657859762629;13119.081694114530,13119.081694114530,NOT_APPLICABLE,NOT_APPLICABLE,NOT_APPLICABLE,40
67,2,30104,G3_TWC,HISTORICAL,[18, 0, 4, 6, 7, 12, 1, 5, 9, 2, 14, 3, 10, 17, 19, 13, 11, 16, 15, 8]|[0, 0, 2, 0, 0, 1, 0, 2, 1, 2, 0, 0, 2, 0, 2, 0, 0, 1, 1, 0]|[1, 2, 0, 2, 3, 1, 2, 0, 1, 0, 2, 3, 0, 3, 0, 3, 0, 1, 1, 3]|[1, 0, 0, 2, 2, 1, 0, 0, 1, 1, 0, 1, 1, 1, 1, 2, 0, 1, 0, 2],335.580410576488;10278.657859762629;13119.081694114530,0,false,[18, 0, 4, 6, 7, 12, 1, 5, 9, 2, 14, 3, 10, 17, 19, 13, 11, 16, 15, 8]|[0, 0, 2, 0, 0, 1, 0, 2, 1, 2, 0, 0, 2, 0, 2, 0, 0, 1, 1, 0]|[1, 2, 0, 2, 3, 1, 2, 0, 1, 0, 2, 3, 0, 3, 0, 3, 0, 1, 1, 3]|[1, 0, 0, 2, 2, 1, 0, 0, 1, 1, 0, 1, 1, 1, 1, 2, 0, 1, 0, 2],335.580410576488;10278.657859762629;13119.081694114530,13119.081694114530,NOT_APPLICABLE,NOT_APPLICABLE,NOT_APPLICABLE,15
67,2,30104,G4_BALANCED,PREVIOUS,[19, 5, 2, 4, 6, 8, 11, 14, 3, 12, 17, 13, 1, 10, 15, 7, 9, 18, 16, 0]|[1, 2, 2, 1, 0, 0, 2, 0, 0, 0, 1, 2, 0, 1, 1, 1, 1, 0, 2, 0]|[1, 0, 0, 1, 3, 3, 0, 2, 3, 2, 1, 0, 3, 1, 1, 1, 1, 3, 0, 3]|[1, 0, 1, 1, 0, 0, 1, 2, 1, 2, 1, 0, 0, 1, 1, 1, 1, 2, 1, 0],262.588858206848;9091.148314037004;15588.336882707757,0,false,[19, 5, 2, 4, 6, 8, 11, 14, 3, 12, 17, 13, 1, 10, 15, 7, 9, 18, 16, 0]|[1, 2, 2, 1, 0, 0, 2, 0, 0, 0, 1, 2, 0, 1, 1, 1, 1, 0, 2, 0]|[1, 0, 0, 1, 3, 3, 0, 2, 3, 2, 1, 0, 3, 1, 1, 1, 1, 3, 0, 3]|[1, 0, 1, 1, 0, 0, 1, 2, 1, 2, 1, 0, 0, 1, 1, 1, 1, 2, 1, 0],262.588858206848;9091.148314037004;15588.336882707757,0.397798141735,NOT_APPLICABLE,NOT_APPLICABLE,NOT_APPLICABLE,48
67,2,30104,G4_BALANCED,HISTORICAL,[19, 5, 2, 4, 6, 8, 11, 14, 3, 12, 17, 13, 1, 10, 15, 7, 9, 18, 16, 0]|[1, 2, 2, 1, 0, 0, 2, 0, 0, 0, 1, 2, 0, 1, 1, 1, 1, 0, 2, 0]|[1, 0, 0, 1, 3, 3, 0, 2, 3, 2, 1, 0, 3, 1, 1, 1, 1, 3, 0, 3]|[1, 0, 1, 1, 0, 0, 1, 2, 1, 2, 1, 0, 0, 1, 1, 1, 1, 2, 1, 0],262.588858206848;9091.148314037004;15588.336882707757,0,false,[19, 5, 2, 4, 6, 8, 11, 14, 3, 12, 17, 13, 1, 10, 15, 7, 9, 18, 16, 0]|[1, 2, 2, 1, 0, 0, 2, 0, 0, 0, 1, 2, 0, 1, 1, 1, 1, 0, 2, 0]|[1, 0, 0, 1, 3, 3, 0, 2, 3, 2, 1, 0, 3, 1, 1, 1, 1, 3, 0, 3]|[1, 0, 1, 1, 0, 0, 1, 2, 1, 2, 1, 0, 0, 1, 1, 1, 1, 2, 1, 0],262.588858206848;9091.148314037004;15588.336882707757,0.397798141735,NOT_APPLICABLE,NOT_APPLICABLE,NOT_APPLICABLE,8
68,2,30204,G1_CMAX,PREVIOUS,[2, 5, 18, 3, 17, 16, 10, 19, 9, 6, 12, 11, 0, 8, 4, 15, 7, 14, 1, 13]|[2, 2, 1, 2, 2, 2, 2, 1, 0, 0, 1, 2, 2, 0, 0, 1, 1, 0, 1, 1]|[0, 1, 1, 0, 1, 1, 0, 0, 0, 2, 0, 0, 0, 3, 0, 1, 1, 3, 1, 1]|[1, 0, 0, 1, 0, 0, 1, 1, 0, 2, 1, 1, 1, 2, 1, 0, 1, 0, 1, 1],203.680988390281;10730.053037185788;17590.401652550340,0,false,[2, 5, 18, 3, 17, 16, 10, 19, 9, 6, 12, 11, 0, 8, 4, 15, 7, 14, 1, 13]|[2, 2, 1, 2, 2, 2, 2, 1, 0, 0, 1, 2, 2, 0, 0, 1, 1, 0, 1, 1]|[0, 1, 1, 0, 1, 1, 0, 0, 0, 2, 0, 0, 0, 3, 0, 1, 1, 3, 1, 1]|[1, 0, 0, 1, 0, 0, 1, 1, 0, 2, 1, 1, 1, 2, 1, 0, 1, 0, 1, 1],203.680988390281;10730.053037185788;17590.401652550340,203.680988390281,NOT_APPLICABLE,NOT_APPLICABLE,NOT_APPLICABLE,21
68,2,30204,G1_CMAX,HISTORICAL,[2, 5, 18, 3, 17, 16, 10, 19, 9, 6, 12, 11, 0, 8, 4, 15, 7, 14, 1, 13]|[2, 2, 1, 2, 2, 2, 2, 1, 0, 0, 1, 2, 2, 0, 0, 1, 1, 0, 1, 1]|[0, 1, 1, 0, 1, 1, 0, 0, 0, 2, 0, 0, 0, 3, 0, 1, 1, 3, 1, 1]|[1, 0, 0, 1, 0, 0, 1, 1, 0, 2, 1, 1, 1, 2, 1, 0, 1, 0, 1, 1],203.680988390281;10730.053037185788;17590.401652550340,0,false,[2, 5, 18, 3, 17, 16, 10, 19, 9, 6, 12, 11, 0, 8, 4, 15, 7, 14, 1, 13]|[2, 2, 1, 2, 2, 2, 2, 1, 0, 0, 1, 2, 2, 0, 0, 1, 1, 0, 1, 1]|[0, 1, 1, 0, 1, 1, 0, 0, 0, 2, 0, 0, 0, 3, 0, 1, 1, 3, 1, 1]|[1, 0, 0, 1, 0, 0, 1, 1, 0, 2, 1, 1, 1, 2, 1, 0, 1, 0, 1, 1],203.680988390281;10730.053037185788;17590.401652550340,203.680988390281,NOT_APPLICABLE,NOT_APPLICABLE,NOT_APPLICABLE,28
68,2,30204,G2_TEC,PREVIOUS,[11, 5, 2, 4, 6, 8, 19, 14, 3, 12, 17, 1, 10, 16, 15, 7, 9, 18, 13, 0]|[0, 2, 2, 1, 0, 0, 2, 0, 0, 0, 1, 0, 1, 2, 1, 1, 1, 1, 1, 2]|[3, 0, 0, 1, 3, 3, 0, 2, 3, 2, 1, 3, 1, 0, 1, 1, 1, 1, 1, 0]|[2, 0, 1, 1, 0, 0, 1, 2, 1, 2, 1, 0, 1, 1, 1, 1, 1, 1, 1, 0],258.645731908626;9372.372018953449;16337.376022036387,0,false,[11, 5, 2, 4, 6, 8, 19, 14, 3, 12, 17, 1, 10, 16, 15, 7, 9, 18, 13, 0]|[0, 2, 2, 1, 0, 0, 2, 0, 0, 0, 1, 0, 1, 2, 1, 1, 1, 1, 1, 2]|[3, 0, 0, 1, 3, 3, 0, 2, 3, 2, 1, 3, 1, 0, 1, 1, 1, 1, 1, 0]|[2, 0, 1, 1, 0, 0, 1, 2, 1, 2, 1, 0, 1, 1, 1, 1, 1, 1, 1, 0],258.645731908626;9372.372018953449;16337.376022036387,9372.372018953449,NOT_APPLICABLE,NOT_APPLICABLE,NOT_APPLICABLE,11
68,2,30204,G2_TEC,HISTORICAL,[11, 5, 2, 4, 6, 8, 19, 14, 3, 12, 17, 1, 10, 16, 15, 7, 9, 18, 13, 0]|[0, 2, 2, 1, 0, 0, 2, 0, 0, 0, 1, 0, 1, 2, 1, 1, 1, 1, 1, 2]|[3, 0, 0, 1, 3, 3, 0, 2, 3, 2, 1, 3, 1, 0, 1, 1, 1, 1, 1, 0]|[2, 0, 1, 1, 0, 0, 1, 2, 1, 2, 1, 0, 1, 1, 1, 1, 1, 1, 1, 0],258.645731908626;9372.372018953449;16337.376022036387,0,false,[11, 5, 2, 4, 6, 8, 19, 14, 3, 12, 17, 1, 10, 16, 15, 7, 9, 18, 13, 0]|[0, 2, 2, 1, 0, 0, 2, 0, 0, 0, 1, 0, 1, 2, 1, 1, 1, 1, 1, 2]|[3, 0, 0, 1, 3, 3, 0, 2, 3, 2, 1, 3, 1, 0, 1, 1, 1, 1, 1, 0]|[2, 0, 1, 1, 0, 0, 1, 2, 1, 2, 1, 0, 1, 1, 1, 1, 1, 1, 1, 0],258.645731908626;9372.372018953449;16337.376022036387,9372.372018953449,NOT_APPLICABLE,NOT_APPLICABLE,NOT_APPLICABLE,38
68,2,30204,G3_TWC,PREVIOUS,[18, 0, 4, 6, 7, 12, 1, 5, 9, 2, 14, 3, 10, 17, 19, 13, 11, 16, 15, 8]|[0, 0, 2, 0, 0, 1, 0, 2, 1, 2, 0, 0, 2, 0, 2, 0, 0, 1, 1, 0]|[1, 2, 0, 2, 3, 1, 2, 0, 1, 0, 2, 3, 0, 3, 0, 3, 0, 1, 1, 3]|[1, 0, 0, 2, 2, 1, 0, 0, 1, 1, 0, 1, 1, 1, 1, 2, 0, 1, 0, 2],335.580410576488;10278.657859762629;13119.081694114530,0,false,[18, 0, 4, 6, 7, 12, 1, 5, 9, 2, 14, 3, 10, 17, 19, 13, 11, 16, 15, 8]|[0, 0, 2, 0, 0, 1, 0, 2, 1, 2, 0, 0, 2, 0, 2, 0, 0, 1, 1, 0]|[1, 2, 0, 2, 3, 1, 2, 0, 1, 0, 2, 3, 0, 3, 0, 3, 0, 1, 1, 3]|[1, 0, 0, 2, 2, 1, 0, 0, 1, 1, 0, 1, 1, 1, 1, 2, 0, 1, 0, 2],335.580410576488;10278.657859762629;13119.081694114530,13119.081694114530,NOT_APPLICABLE,NOT_APPLICABLE,NOT_APPLICABLE,40
68,2,30204,G3_TWC,HISTORICAL,[18, 0, 4, 6, 7, 12, 1, 5, 9, 2, 14, 3, 10, 17, 19, 13, 11, 16, 15, 8]|[0, 0, 2, 0, 0, 1, 0, 2, 1, 2, 0, 0, 2, 0, 2, 0, 0, 1, 1, 0]|[1, 2, 0, 2, 3, 1, 2, 0, 1, 0, 2, 3, 0, 3, 0, 3, 0, 1, 1, 3]|[1, 0, 0, 2, 2, 1, 0, 0, 1, 1, 0, 1, 1, 1, 1, 2, 0, 1, 0, 2],335.580410576488;10278.657859762629;13119.081694114530,0,false,[18, 0, 4, 6, 7, 12, 1, 5, 9, 2, 14, 3, 10, 17, 19, 13, 11, 16, 15, 8]|[0, 0, 2, 0, 0, 1, 0, 2, 1, 2, 0, 0, 2, 0, 2, 0, 0, 1, 1, 0]|[1, 2, 0, 2, 3, 1, 2, 0, 1, 0, 2, 3, 0, 3, 0, 3, 0, 1, 1, 3]|[1, 0, 0, 2, 2, 1, 0, 0, 1, 1, 0, 1, 1, 1, 1, 2, 0, 1, 0, 2],335.580410576488;10278.657859762629;13119.081694114530,13119.081694114530,NOT_APPLICABLE,NOT_APPLICABLE,NOT_APPLICABLE,16
68,2,30204,G4_BALANCED,PREVIOUS,[19, 5, 2, 4, 6, 8, 11, 14, 3, 12, 17, 13, 1, 10, 15, 7, 9, 18, 16, 0]|[1, 2, 2, 1, 0, 0, 2, 0, 0, 0, 1, 2, 0, 1, 1, 1, 1, 0, 2, 0]|[1, 0, 0, 1, 3, 3, 0, 2, 3, 2, 1, 0, 3, 1, 1, 1, 1, 3, 0, 3]|[1, 0, 1, 1, 0, 0, 1, 2, 1, 2, 1, 0, 0, 1, 1, 1, 1, 2, 1, 0],262.588858206848;9091.148314037004;15588.336882707757,0,false,[19, 5, 2, 4, 6, 8, 11, 14, 3, 12, 17, 13, 1, 10, 15, 7, 9, 18, 16, 0]|[1, 2, 2, 1, 0, 0, 2, 0, 0, 0, 1, 2, 0, 1, 1, 1, 1, 0, 2, 0]|[1, 0, 0, 1, 3, 3, 0, 2, 3, 2, 1, 0, 3, 1, 1, 1, 1, 3, 0, 3]|[1, 0, 1, 1, 0, 0, 1, 2, 1, 2, 1, 0, 0, 1, 1, 1, 1, 2, 1, 0],262.588858206848;9091.148314037004;15588.336882707757,0.397798141735,NOT_APPLICABLE,NOT_APPLICABLE,NOT_APPLICABLE,49
68,2,30204,G4_BALANCED,HISTORICAL,[19, 5, 2, 4, 6, 8, 11, 14, 3, 12, 17, 13, 1, 10, 15, 7, 9, 18, 16, 0]|[1, 2, 2, 1, 0, 0, 2, 0, 0, 0, 1, 2, 0, 1, 1, 1, 1, 0, 2, 0]|[1, 0, 0, 1, 3, 3, 0, 2, 3, 2, 1, 0, 3, 1, 1, 1, 1, 3, 0, 3]|[1, 0, 1, 1, 0, 0, 1, 2, 1, 2, 1, 0, 0, 1, 1, 1, 1, 2, 1, 0],262.588858206848;9091.148314037004;15588.336882707757,0,false,[19, 5, 2, 4, 6, 8, 11, 14, 3, 12, 17, 13, 1, 10, 15, 7, 9, 18, 16, 0]|[1, 2, 2, 1, 0, 0, 2, 0, 0, 0, 1, 2, 0, 1, 1, 1, 1, 0, 2, 0]|[1, 0, 0, 1, 3, 3, 0, 2, 3, 2, 1, 0, 3, 1, 1, 1, 1, 3, 0, 3]|[1, 0, 1, 1, 0, 0, 1, 2, 1, 2, 1, 0, 0, 1, 1, 1, 1, 2, 1, 0],262.588858206848;9091.148314037004;15588.336882707757,0.397798141735,NOT_APPLICABLE,NOT_APPLICABLE,NOT_APPLICABLE,8
69,2,30304,G1_CMAX,PREVIOUS,[2, 5, 18, 3, 17, 16, 10, 19, 9, 6, 12, 11, 0, 8, 4, 15, 7, 14, 1, 13]|[2, 2, 1, 2, 2, 2, 2, 1, 0, 0, 1, 2, 2, 0, 0, 1, 1, 0, 1, 1]|[0, 1, 1, 0, 1, 1, 0, 0, 0, 2, 0, 0, 0, 3, 0, 1, 1, 3, 1, 1]|[1, 0, 0, 1, 0, 0, 1, 1, 0, 2, 1, 1, 1, 2, 1, 0, 1, 0, 1, 1],203.680988390281;10730.053037185788;17590.401652550340,0,false,[2, 5, 18, 3, 17, 16, 10, 19, 9, 6, 12, 11, 0, 8, 4, 15, 7, 14, 1, 13]|[2, 2, 1, 2, 2, 2, 2, 1, 0, 0, 1, 2, 2, 0, 0, 1, 1, 0, 1, 1]|[0, 1, 1, 0, 1, 1, 0, 0, 0, 2, 0, 0, 0, 3, 0, 1, 1, 3, 1, 1]|[1, 0, 0, 1, 0, 0, 1, 1, 0, 2, 1, 1, 1, 2, 1, 0, 1, 0, 1, 1],203.680988390281;10730.053037185788;17590.401652550340,203.680988390281,NOT_APPLICABLE,NOT_APPLICABLE,NOT_APPLICABLE,22
69,2,30304,G1_CMAX,HISTORICAL,[2, 5, 18, 3, 17, 16, 10, 19, 9, 6, 12, 11, 0, 8, 4, 15, 7, 14, 1, 13]|[2, 2, 1, 2, 2, 2, 2, 1, 0, 0, 1, 2, 2, 0, 0, 1, 1, 0, 1, 1]|[0, 1, 1, 0, 1, 1, 0, 0, 0, 2, 0, 0, 0, 3, 0, 1, 1, 3, 1, 1]|[1, 0, 0, 1, 0, 0, 1, 1, 0, 2, 1, 1, 1, 2, 1, 0, 1, 0, 1, 1],203.680988390281;10730.053037185788;17590.401652550340,0,false,[2, 5, 18, 3, 17, 16, 10, 19, 9, 6, 12, 11, 0, 8, 4, 15, 7, 14, 1, 13]|[2, 2, 1, 2, 2, 2, 2, 1, 0, 0, 1, 2, 2, 0, 0, 1, 1, 0, 1, 1]|[0, 1, 1, 0, 1, 1, 0, 0, 0, 2, 0, 0, 0, 3, 0, 1, 1, 3, 1, 1]|[1, 0, 0, 1, 0, 0, 1, 1, 0, 2, 1, 1, 1, 2, 1, 0, 1, 0, 1, 1],203.680988390281;10730.053037185788;17590.401652550340,203.680988390281,NOT_APPLICABLE,NOT_APPLICABLE,NOT_APPLICABLE,28
69,2,30304,G2_TEC,PREVIOUS,[11, 5, 2, 4, 6, 8, 19, 14, 3, 12, 17, 1, 10, 16, 15, 7, 9, 18, 13, 0]|[0, 2, 2, 1, 0, 0, 2, 0, 0, 0, 1, 0, 1, 2, 1, 1, 1, 1, 1, 2]|[3, 0, 0, 1, 3, 3, 0, 2, 3, 2, 1, 3, 1, 0, 1, 1, 1, 1, 1, 0]|[2, 0, 1, 1, 0, 0, 1, 2, 1, 2, 1, 0, 1, 1, 1, 1, 1, 1, 1, 0],258.645731908626;9372.372018953449;16337.376022036387,0,false,[11, 5, 2, 4, 6, 8, 19, 14, 3, 12, 17, 1, 10, 16, 15, 7, 9, 18, 13, 0]|[0, 2, 2, 1, 0, 0, 2, 0, 0, 0, 1, 0, 1, 2, 1, 1, 1, 1, 1, 2]|[3, 0, 0, 1, 3, 3, 0, 2, 3, 2, 1, 3, 1, 0, 1, 1, 1, 1, 1, 0]|[2, 0, 1, 1, 0, 0, 1, 2, 1, 2, 1, 0, 1, 1, 1, 1, 1, 1, 1, 0],258.645731908626;9372.372018953449;16337.376022036387,9372.372018953449,NOT_APPLICABLE,NOT_APPLICABLE,NOT_APPLICABLE,12
69,2,30304,G2_TEC,HISTORICAL,[11, 5, 2, 4, 6, 8, 19, 14, 3, 12, 17, 1, 10, 16, 15, 7, 9, 18, 13, 0]|[0, 2, 2, 1, 0, 0, 2, 0, 0, 0, 1, 0, 1, 2, 1, 1, 1, 1, 1, 2]|[3, 0, 0, 1, 3, 3, 0, 2, 3, 2, 1, 3, 1, 0, 1, 1, 1, 1, 1, 0]|[2, 0, 1, 1, 0, 0, 1, 2, 1, 2, 1, 0, 1, 1, 1, 1, 1, 1, 1, 0],258.645731908626;9372.372018953449;16337.376022036387,0,false,[11, 5, 2, 4, 6, 8, 19, 14, 3, 12, 17, 1, 10, 16, 15, 7, 9, 18, 13, 0]|[0, 2, 2, 1, 0, 0, 2, 0, 0, 0, 1, 0, 1, 2, 1, 1, 1, 1, 1, 2]|[3, 0, 0, 1, 3, 3, 0, 2, 3, 2, 1, 3, 1, 0, 1, 1, 1, 1, 1, 0]|[2, 0, 1, 1, 0, 0, 1, 2, 1, 2, 1, 0, 1, 1, 1, 1, 1, 1, 1, 0],258.645731908626;9372.372018953449;16337.376022036387,9372.372018953449,NOT_APPLICABLE,NOT_APPLICABLE,NOT_APPLICABLE,38
69,2,30304,G3_TWC,PREVIOUS,[11, 5, 2, 4, 6, 8, 19, 14, 15, 3, 17, 12, 7, 0, 10, 18, 13, 16, 1, 9]|[0, 2, 2, 1, 0, 0, 2, 0, 0, 1, 1, 0, 1, 0, 2, 0, 0, 2, 1, 0]|[3, 0, 0, 1, 3, 3, 0, 2, 2, 1, 1, 2, 1, 3, 0, 2, 3, 0, 0, 3]|[1, 0, 0, 1, 0, 1, 1, 2, 2, 1, 1, 2, 1, 1, 1, 0, 0, 1, 1, 1],331.552148495034;9940.151196331960;13807.968246720404,0,false,[11, 5, 2, 4, 6, 8, 19, 14, 15, 3, 17, 12, 7, 0, 10, 18, 13, 16, 1, 9]|[0, 2, 2, 1, 0, 0, 2, 0, 0, 1, 1, 0, 1, 0, 2, 0, 0, 2, 1, 0]|[3, 0, 0, 1, 3, 3, 0, 2, 2, 1, 1, 2, 1, 3, 0, 2, 3, 0, 0, 3]|[1, 0, 0, 1, 0, 1, 1, 2, 2, 1, 1, 2, 1, 1, 1, 0, 0, 1, 1, 1],331.552148495034;9940.151196331960;13807.968246720404,13807.968246720404,NOT_APPLICABLE,NOT_APPLICABLE,NOT_APPLICABLE,40
69,2,30304,G3_TWC,HISTORICAL,[18, 0, 4, 6, 7, 12, 1, 5, 9, 2, 14, 3, 10, 17, 19, 13, 11, 16, 15, 8]|[0, 0, 2, 0, 0, 1, 0, 2, 1, 2, 0, 0, 2, 0, 2, 0, 0, 1, 1, 0]|[1, 2, 0, 2, 3, 1, 2, 0, 1, 0, 2, 3, 0, 3, 0, 3, 0, 1, 1, 3]|[1, 0, 0, 2, 2, 1, 0, 0, 1, 1, 0, 1, 1, 1, 1, 2, 0, 1, 0, 2],335.580410576488;10278.657859762629;13119.081694114530,0,false,[18, 0, 4, 6, 7, 12, 1, 5, 9, 2, 14, 3, 10, 17, 19, 13, 11, 16, 15, 8]|[0, 0, 2, 0, 0, 1, 0, 2, 1, 2, 0, 0, 2, 0, 2, 0, 0, 1, 1, 0]|[1, 2, 0, 2, 3, 1, 2, 0, 1, 0, 2, 3, 0, 3, 0, 3, 0, 1, 1, 3]|[1, 0, 0, 2, 2, 1, 0, 0, 1, 1, 0, 1, 1, 1, 1, 2, 0, 1, 0, 2],335.580410576488;10278.657859762629;13119.081694114530,13119.081694114530,NOT_APPLICABLE,NOT_APPLICABLE,NOT_APPLICABLE,16
69,2,30304,G4_BALANCED,PREVIOUS,[19, 5, 2, 4, 6, 8, 11, 14, 3, 12, 17, 13, 1, 10, 15, 7, 9, 18, 16, 0]|[1, 2, 2, 1, 0, 0, 2, 0, 0, 0, 1, 2, 0, 1, 1, 1, 1, 0, 2, 0]|[1, 0, 0, 1, 3, 3, 0, 2, 3, 2, 1, 0, 3, 1, 1, 1, 1, 3, 0, 3]|[1, 0, 1, 1, 0, 0, 1, 2, 1, 2, 1, 0, 0, 1, 1, 1, 1, 2, 1, 0],262.588858206848;9091.148314037004;15588.336882707757,0,false,[19, 5, 2, 4, 6, 8, 11, 14, 3, 12, 17, 13, 1, 10, 15, 7, 9, 18, 16, 0]|[1, 2, 2, 1, 0, 0, 2, 0, 0, 0, 1, 2, 0, 1, 1, 1, 1, 0, 2, 0]|[1, 0, 0, 1, 3, 3, 0, 2, 3, 2, 1, 0, 3, 1, 1, 1, 1, 3, 0, 3]|[1, 0, 1, 1, 0, 0, 1, 2, 1, 2, 1, 0, 0, 1, 1, 1, 1, 2, 1, 0],262.588858206848;9091.148314037004;15588.336882707757,0.353311219528,NOT_APPLICABLE,NOT_APPLICABLE,NOT_APPLICABLE,50
69,2,30304,G4_BALANCED,HISTORICAL,[19, 5, 2, 4, 6, 8, 11, 14, 3, 12, 17, 13, 1, 10, 15, 7, 9, 18, 16, 0]|[1, 2, 2, 1, 0, 0, 2, 0, 0, 0, 1, 2, 0, 1, 1, 1, 1, 0, 2, 0]|[1, 0, 0, 1, 3, 3, 0, 2, 3, 2, 1, 0, 3, 1, 1, 1, 1, 3, 0, 3]|[1, 0, 1, 1, 0, 0, 1, 2, 1, 2, 1, 0, 0, 1, 1, 1, 1, 2, 1, 0],262.588858206848;9091.148314037004;15588.336882707757,0,false,[19, 5, 2, 4, 6, 8, 11, 14, 3, 12, 17, 13, 1, 10, 15, 7, 9, 18, 16, 0]|[1, 2, 2, 1, 0, 0, 2, 0, 0, 0, 1, 2, 0, 1, 1, 1, 1, 0, 2, 0]|[1, 0, 0, 1, 3, 3, 0, 2, 3, 2, 1, 0, 3, 1, 1, 1, 1, 3, 0, 3]|[1, 0, 1, 1, 0, 0, 1, 2, 1, 2, 1, 0, 0, 1, 1, 1, 1, 2, 1, 0],262.588858206848;9091.148314037004;15588.336882707757,0.353311219528,NOT_APPLICABLE,NOT_APPLICABLE,NOT_APPLICABLE,8
70,2,30404,G1_CMAX,PREVIOUS,[2, 5, 18, 3, 17, 16, 10, 19, 9, 6, 12, 11, 0, 8, 4, 15, 7, 14, 1, 13]|[2, 2, 1, 2, 2, 2, 2, 1, 0, 0, 1, 2, 2, 0, 0, 1, 1, 0, 1, 1]|[0, 1, 1, 0, 1, 1, 0, 0, 0, 2, 0, 0, 0, 3, 0, 1, 1, 3, 1, 1]|[1, 0, 0, 1, 0, 0, 1, 1, 0, 2, 1, 1, 1, 2, 1, 0, 1, 0, 1, 1],203.680988390281;10730.053037185788;17590.401652550340,0,false,[2, 5, 18, 3, 17, 16, 10, 19, 9, 6, 12, 11, 0, 8, 4, 15, 7, 14, 1, 13]|[2, 2, 1, 2, 2, 2, 2, 1, 0, 0, 1, 2, 2, 0, 0, 1, 1, 0, 1, 1]|[0, 1, 1, 0, 1, 1, 0, 0, 0, 2, 0, 0, 0, 3, 0, 1, 1, 3, 1, 1]|[1, 0, 0, 1, 0, 0, 1, 1, 0, 2, 1, 1, 1, 2, 1, 0, 1, 0, 1, 1],203.680988390281;10730.053037185788;17590.401652550340,203.680988390281,NOT_APPLICABLE,NOT_APPLICABLE,NOT_APPLICABLE,22
70,2,30404,G1_CMAX,HISTORICAL,[2, 5, 18, 3, 17, 16, 10, 19, 9, 6, 12, 11, 0, 8, 4, 15, 7, 14, 1, 13]|[2, 2, 1, 2, 2, 2, 2, 1, 0, 0, 1, 2, 2, 0, 0, 1, 1, 0, 1, 1]|[0, 1, 1, 0, 1, 1, 0, 0, 0, 2, 0, 0, 0, 3, 0, 1, 1, 3, 1, 1]|[1, 0, 0, 1, 0, 0, 1, 1, 0, 2, 1, 1, 1, 2, 1, 0, 1, 0, 1, 1],203.680988390281;10730.053037185788;17590.401652550340,0,false,[2, 5, 18, 3, 17, 16, 10, 19, 9, 6, 12, 11, 0, 8, 4, 15, 7, 14, 1, 13]|[2, 2, 1, 2, 2, 2, 2, 1, 0, 0, 1, 2, 2, 0, 0, 1, 1, 0, 1, 1]|[0, 1, 1, 0, 1, 1, 0, 0, 0, 2, 0, 0, 0, 3, 0, 1, 1, 3, 1, 1]|[1, 0, 0, 1, 0, 0, 1, 1, 0, 2, 1, 1, 1, 2, 1, 0, 1, 0, 1, 1],203.680988390281;10730.053037185788;17590.401652550340,203.680988390281,NOT_APPLICABLE,NOT_APPLICABLE,NOT_APPLICABLE,29
70,2,30404,G2_TEC,PREVIOUS,[5, 2, 11, 12, 1, 0, 6, 14, 16, 4, 10, 19, 15, 17, 7, 18, 9, 13, 3, 8]|[2, 0, 0, 0, 0, 2, 0, 0, 2, 1, 1, 2, 1, 1, 1, 1, 1, 1, 2, 0]|[0, 0, 2, 3, 2, 0, 3, 2, 1, 1, 1, 0, 1, 1, 1, 1, 1, 1, 0, 3]|[0, 2, 0, 1, 0, 0, 0, 0, 0, 1, 1, 1, 1, 1, 1, 1, 1, 1, 1, 2],244.293940856106;10111.208641223191;16969.406624958563,0,false,[5, 2, 11, 12, 1, 0, 6, 14, 16, 4, 10, 19, 15, 17, 7, 18, 9, 13, 3, 8]|[2, 0, 0, 0, 0, 2, 0, 0, 2, 1, 1, 2, 1, 1, 1, 1, 1, 1, 2, 0]|[0, 0, 2, 3, 2, 0, 3, 2, 1, 1, 1, 0, 1, 1, 1, 1, 1, 1, 0, 3]|[0, 2, 0, 1, 0, 0, 0, 0, 0, 1, 1, 1, 1, 1, 1, 1, 1, 1, 1, 2],244.293940856106;10111.208641223191;16969.406624958563,10111.208641223191,NOT_APPLICABLE,NOT_APPLICABLE,NOT_APPLICABLE,12
70,2,30404,G2_TEC,HISTORICAL,[11, 5, 2, 4, 6, 8, 19, 14, 3, 12, 17, 1, 10, 16, 15, 7, 9, 18, 13, 0]|[0, 2, 2, 1, 0, 0, 2, 0, 0, 0, 1, 0, 1, 2, 1, 1, 1, 1, 1, 2]|[3, 0, 0, 1, 3, 3, 0, 2, 3, 2, 1, 3, 1, 0, 1, 1, 1, 1, 1, 0]|[2, 0, 1, 1, 0, 0, 1, 2, 1, 2, 1, 0, 1, 1, 1, 1, 1, 1, 1, 0],258.645731908626;9372.372018953449;16337.376022036387,0,false,[11, 5, 2, 4, 6, 8, 19, 14, 3, 12, 17, 1, 10, 16, 15, 7, 9, 18, 13, 0]|[0, 2, 2, 1, 0, 0, 2, 0, 0, 0, 1, 0, 1, 2, 1, 1, 1, 1, 1, 2]|[3, 0, 0, 1, 3, 3, 0, 2, 3, 2, 1, 3, 1, 0, 1, 1, 1, 1, 1, 0]|[2, 0, 1, 1, 0, 0, 1, 2, 1, 2, 1, 0, 1, 1, 1, 1, 1, 1, 1, 0],258.645731908626;9372.372018953449;16337.376022036387,9372.372018953449,NOT_APPLICABLE,NOT_APPLICABLE,NOT_APPLICABLE,38
70,2,30404,G3_TWC,PREVIOUS,[4, 11, 13, 1, 7, 12, 18, 5, 2, 16, 15, 8, 19, 10, 0, 6, 3, 17, 14, 9]|[0, 0, 1, 0, 1, 1, 0, 2, 2, 0, 1, 0, 2, 0, 2, 0, 0, 2, 0, 0]|[2, 0, 1, 3, 1, 1, 2, 0, 0, 3, 1, 3, 0, 3, 0, 2, 3, 0, 3, 3]|[1, 0, 0, 2, 1, 1, 1, 0, 1, 2, 0, 0, 1, 2, 0, 0, 1, 1, 0, 2],389.616876720221;10191.714139359137;13081.607148577272,0,false,[4, 11, 13, 1, 7, 12, 18, 5, 2, 16, 15, 8, 19, 10, 0, 6, 3, 17, 14, 9]|[0, 0, 1, 0, 1, 1, 0, 2, 2, 0, 1, 0, 2, 0, 2, 0, 0, 2, 0, 0]|[2, 0, 1, 3, 1, 1, 2, 0, 0, 3, 1, 3, 0, 3, 0, 2, 3, 0, 3, 3]|[1, 0, 0, 2, 1, 1, 1, 0, 1, 2, 0, 0, 1, 2, 0, 0, 1, 1, 0, 2],389.616876720221;10191.714139359137;13081.607148577272,13081.607148577272,NOT_APPLICABLE,NOT_APPLICABLE,NOT_APPLICABLE,40
70,2,30404,G3_TWC,HISTORICAL,[4, 11, 13, 1, 7, 12, 18, 5, 2, 16, 15, 8, 19, 10, 0, 6, 3, 17, 14, 9]|[0, 0, 1, 0, 1, 1, 0, 2, 2, 0, 1, 0, 2, 0, 2, 0, 0, 2, 0, 0]|[2, 0, 1, 3, 1, 1, 2, 0, 0, 3, 1, 3, 0, 3, 0, 2, 3, 0, 3, 3]|[1, 0, 0, 2, 1, 1, 1, 0, 1, 2, 0, 0, 1, 2, 0, 0, 1, 1, 0, 2],389.616876720221;10191.714139359137;13081.607148577272,0,false,[4, 11, 13, 1, 7, 12, 18, 5, 2, 16, 15, 8, 19, 10, 0, 6, 3, 17, 14, 9]|[0, 0, 1, 0, 1, 1, 0, 2, 2, 0, 1, 0, 2, 0, 2, 0, 0, 2, 0, 0]|[2, 0, 1, 3, 1, 1, 2, 0, 0, 3, 1, 3, 0, 3, 0, 2, 3, 0, 3, 3]|[1, 0, 0, 2, 1, 1, 1, 0, 1, 2, 0, 0, 1, 2, 0, 0, 1, 1, 0, 2],389.616876720221;10191.714139359137;13081.607148577272,13081.607148577272,NOT_APPLICABLE,NOT_APPLICABLE,NOT_APPLICABLE,16
70,2,30404,G4_BALANCED,PREVIOUS,[19, 5, 2, 4, 6, 8, 11, 14, 3, 12, 17, 13, 1, 10, 15, 7, 9, 18, 16, 0]|[1, 2, 2, 1, 0, 0, 2, 0, 0, 0, 1, 2, 0, 1, 1, 1, 1, 0, 2, 0]|[1, 0, 0, 1, 3, 3, 0, 2, 3, 2, 1, 0, 3, 1, 1, 1, 1, 3, 0, 3]|[1, 0, 1, 1, 0, 0, 1, 2, 1, 2, 1, 0, 0, 1, 1, 1, 1, 2, 1, 0],262.588858206848;9091.148314037004;15588.336882707757,0,false,[19, 5, 2, 4, 6, 8, 11, 14, 3, 12, 17, 13, 1, 10, 15, 7, 9, 18, 16, 0]|[1, 2, 2, 1, 0, 0, 2, 0, 0, 0, 1, 2, 0, 1, 1, 1, 1, 0, 2, 0]|[1, 0, 0, 1, 3, 3, 0, 2, 3, 2, 1, 0, 3, 1, 1, 1, 1, 3, 0, 3]|[1, 0, 1, 1, 0, 0, 1, 2, 1, 2, 1, 0, 0, 1, 1, 1, 1, 2, 1, 0],262.588858206848;9091.148314037004;15588.336882707757,0.353311219528,NOT_APPLICABLE,NOT_APPLICABLE,NOT_APPLICABLE,51
70,2,30404,G4_BALANCED,HISTORICAL,[19, 5, 2, 4, 6, 8, 11, 14, 3, 12, 17, 13, 1, 10, 15, 7, 9, 18, 16, 0]|[1, 2, 2, 1, 0, 0, 2, 0, 0, 0, 1, 2, 0, 1, 1, 1, 1, 0, 2, 0]|[1, 0, 0, 1, 3, 3, 0, 2, 3, 2, 1, 0, 3, 1, 1, 1, 1, 3, 0, 3]|[1, 0, 1, 1, 0, 0, 1, 2, 1, 2, 1, 0, 0, 1, 1, 1, 1, 2, 1, 0],262.588858206848;9091.148314037004;15588.336882707757,0,false,[19, 5, 2, 4, 6, 8, 11, 14, 3, 12, 17, 13, 1, 10, 15, 7, 9, 18, 16, 0]|[1, 2, 2, 1, 0, 0, 2, 0, 0, 0, 1, 2, 0, 1, 1, 1, 1, 0, 2, 0]|[1, 0, 0, 1, 3, 3, 0, 2, 3, 2, 1, 0, 3, 1, 1, 1, 1, 3, 0, 3]|[1, 0, 1, 1, 0, 0, 1, 2, 1, 2, 1, 0, 0, 1, 1, 1, 1, 2, 1, 0],262.588858206848;9091.148314037004;15588.336882707757,0.353311219528,NOT_APPLICABLE,NOT_APPLICABLE,NOT_APPLICABLE,8
71,2,30504,G1_CMAX,PREVIOUS,[2, 5, 18, 3, 17, 16, 10, 19, 9, 6, 12, 11, 0, 8, 4, 15, 7, 14, 1, 13]|[2, 2, 1, 2, 2, 2, 2, 1, 0, 0, 1, 2, 2, 0, 0, 1, 1, 0, 1, 1]|[0, 1, 1, 0, 1, 1, 0, 0, 0, 2, 0, 0, 0, 3, 0, 1, 1, 3, 1, 1]|[1, 0, 0, 1, 0, 0, 1, 1, 0, 2, 1, 1, 1, 2, 1, 0, 1, 0, 1, 1],203.680988390281;10730.053037185788;17590.401652550340,0,false,[2, 5, 18, 3, 17, 16, 10, 19, 9, 6, 12, 11, 0, 8, 4, 15, 7, 14, 1, 13]|[2, 2, 1, 2, 2, 2, 2, 1, 0, 0, 1, 2, 2, 0, 0, 1, 1, 0, 1, 1]|[0, 1, 1, 0, 1, 1, 0, 0, 0, 2, 0, 0, 0, 3, 0, 1, 1, 3, 1, 1]|[1, 0, 0, 1, 0, 0, 1, 1, 0, 2, 1, 1, 1, 2, 1, 0, 1, 0, 1, 1],203.680988390281;10730.053037185788;17590.401652550340,203.680988390281,NOT_APPLICABLE,NOT_APPLICABLE,NOT_APPLICABLE,22
71,2,30504,G1_CMAX,HISTORICAL,[2, 5, 18, 3, 17, 16, 10, 19, 9, 6, 12, 11, 0, 8, 4, 15, 7, 14, 1, 13]|[2, 2, 1, 2, 2, 2, 2, 1, 0, 0, 1, 2, 2, 0, 0, 1, 1, 0, 1, 1]|[0, 1, 1, 0, 1, 1, 0, 0, 0, 2, 0, 0, 0, 3, 0, 1, 1, 3, 1, 1]|[1, 0, 0, 1, 0, 0, 1, 1, 0, 2, 1, 1, 1, 2, 1, 0, 1, 0, 1, 1],203.680988390281;10730.053037185788;17590.401652550340,0,false,[2, 5, 18, 3, 17, 16, 10, 19, 9, 6, 12, 11, 0, 8, 4, 15, 7, 14, 1, 13]|[2, 2, 1, 2, 2, 2, 2, 1, 0, 0, 1, 2, 2, 0, 0, 1, 1, 0, 1, 1]|[0, 1, 1, 0, 1, 1, 0, 0, 0, 2, 0, 0, 0, 3, 0, 1, 1, 3, 1, 1]|[1, 0, 0, 1, 0, 0, 1, 1, 0, 2, 1, 1, 1, 2, 1, 0, 1, 0, 1, 1],203.680988390281;10730.053037185788;17590.401652550340,203.680988390281,NOT_APPLICABLE,NOT_APPLICABLE,NOT_APPLICABLE,30
71,2,30504,G2_TEC,PREVIOUS,[11, 5, 2, 4, 6, 8, 19, 14, 3, 12, 17, 1, 10, 16, 15, 7, 9, 18, 13, 0]|[0, 2, 2, 1, 0, 0, 2, 0, 0, 0, 1, 0, 1, 2, 1, 1, 1, 1, 1, 2]|[3, 0, 0, 1, 3, 3, 0, 2, 3, 2, 1, 3, 1, 0, 1, 1, 1, 1, 1, 0]|[2, 0, 1, 1, 0, 0, 1, 2, 1, 2, 1, 0, 1, 1, 1, 1, 1, 1, 1, 0],258.645731908626;9372.372018953449;16337.376022036387,0,false,[11, 5, 2, 4, 6, 8, 19, 14, 3, 12, 17, 1, 10, 16, 15, 7, 9, 18, 13, 0]|[0, 2, 2, 1, 0, 0, 2, 0, 0, 0, 1, 0, 1, 2, 1, 1, 1, 1, 1, 2]|[3, 0, 0, 1, 3, 3, 0, 2, 3, 2, 1, 3, 1, 0, 1, 1, 1, 1, 1, 0]|[2, 0, 1, 1, 0, 0, 1, 2, 1, 2, 1, 0, 1, 1, 1, 1, 1, 1, 1, 0],258.645731908626;9372.372018953449;16337.376022036387,9372.372018953449,NOT_APPLICABLE,NOT_APPLICABLE,NOT_APPLICABLE,12
71,2,30504,G2_TEC,HISTORICAL,[11, 5, 2, 4, 6, 8, 19, 14, 3, 12, 17, 1, 10, 16, 15, 7, 9, 18, 13, 0]|[0, 2, 2, 1, 0, 0, 2, 0, 0, 0, 1, 0, 1, 2, 1, 1, 1, 1, 1, 2]|[3, 0, 0, 1, 3, 3, 0, 2, 3, 2, 1, 3, 1, 0, 1, 1, 1, 1, 1, 0]|[2, 0, 1, 1, 0, 0, 1, 2, 1, 2, 1, 0, 1, 1, 1, 1, 1, 1, 1, 0],258.645731908626;9372.372018953449;16337.376022036387,0,false,[11, 5, 2, 4, 6, 8, 19, 14, 3, 12, 17, 1, 10, 16, 15, 7, 9, 18, 13, 0]|[0, 2, 2, 1, 0, 0, 2, 0, 0, 0, 1, 0, 1, 2, 1, 1, 1, 1, 1, 2]|[3, 0, 0, 1, 3, 3, 0, 2, 3, 2, 1, 3, 1, 0, 1, 1, 1, 1, 1, 0]|[2, 0, 1, 1, 0, 0, 1, 2, 1, 2, 1, 0, 1, 1, 1, 1, 1, 1, 1, 0],258.645731908626;9372.372018953449;16337.376022036387,9372.372018953449,NOT_APPLICABLE,NOT_APPLICABLE,NOT_APPLICABLE,39
71,2,30504,G3_TWC,PREVIOUS,[11, 5, 2, 4, 6, 8, 19, 14, 15, 12, 17, 0, 10, 16, 3, 7, 9, 13, 18, 1]|[0, 2, 2, 1, 0, 0, 2, 0, 1, 0, 1, 2, 1, 2, 0, 1, 1, 0, 0, 0]|[3, 0, 0, 1, 3, 3, 0, 2, 1, 2, 1, 0, 1, 0, 3, 1, 1, 3, 3, 3]|[2, 0, 1, 1, 0, 0, 1, 2, 1, 2, 1, 0, 1, 1, 1, 1, 1, 0, 2, 0],303.628525682995;9187.265965195102;14329.164896582412,0,false,[11, 5, 2, 4, 6, 8, 19, 14, 15, 12, 17, 0, 10, 16, 3, 7, 9, 13, 18, 1]|[0, 2, 2, 1, 0, 0, 2, 0, 1, 0, 1, 2, 1, 2, 0, 1, 1, 0, 0, 0]|[3, 0, 0, 1, 3, 3, 0, 2, 1, 2, 1, 0, 1, 0, 3, 1, 1, 3, 3, 3]|[2, 0, 1, 1, 0, 0, 1, 2, 1, 2, 1, 0, 1, 1, 1, 1, 1, 0, 2, 0],303.628525682995;9187.265965195102;14329.164896582412,14329.164896582412,NOT_APPLICABLE,NOT_APPLICABLE,NOT_APPLICABLE,40
71,2,30504,G3_TWC,HISTORICAL,[4, 11, 13, 1, 7, 12, 18, 5, 2, 16, 15, 8, 19, 10, 0, 6, 3, 17, 14, 9]|[0, 0, 1, 0, 1, 1, 0, 2, 2, 0, 1, 0, 2, 0, 2, 0, 0, 2, 0, 0]|[2, 0, 1, 3, 1, 1, 2, 0, 0, 3, 1, 3, 0, 3, 0, 2, 3, 0, 3, 3]|[1, 0, 0, 2, 1, 1, 1, 0, 1, 2, 0, 0, 1, 2, 0, 0, 1, 1, 0, 2],389.616876720221;10191.714139359137;13081.607148577272,0,false,[4, 11, 13, 1, 7, 12, 18, 5, 2, 16, 15, 8, 19, 10, 0, 6, 3, 17, 14, 9]|[0, 0, 1, 0, 1, 1, 0, 2, 2, 0, 1, 0, 2, 0, 2, 0, 0, 2, 0, 0]|[2, 0, 1, 3, 1, 1, 2, 0, 0, 3, 1, 3, 0, 3, 0, 2, 3, 0, 3, 3]|[1, 0, 0, 2, 1, 1, 1, 0, 1, 2, 0, 0, 1, 2, 0, 0, 1, 1, 0, 2],389.616876720221;10191.714139359137;13081.607148577272,13081.607148577272,NOT_APPLICABLE,NOT_APPLICABLE,NOT_APPLICABLE,16
71,2,30504,G4_BALANCED,PREVIOUS,[19, 5, 2, 4, 6, 8, 11, 14, 3, 12, 17, 13, 1, 10, 15, 7, 9, 18, 16, 0]|[1, 2, 2, 1, 0, 0, 2, 0, 0, 0, 1, 2, 0, 1, 1, 1, 1, 0, 2, 0]|[1, 0, 0, 1, 3, 3, 0, 2, 3, 2, 1, 0, 3, 1, 1, 1, 1, 3, 0, 3]|[1, 0, 1, 1, 0, 0, 1, 2, 1, 2, 1, 0, 0, 1, 1, 1, 1, 2, 1, 0],262.588858206848;9091.148314037004;15588.336882707757,0,false,[19, 5, 2, 4, 6, 8, 11, 14, 3, 12, 17, 13, 1, 10, 15, 7, 9, 18, 16, 0]|[1, 2, 2, 1, 0, 0, 2, 0, 0, 0, 1, 2, 0, 1, 1, 1, 1, 0, 2, 0]|[1, 0, 0, 1, 3, 3, 0, 2, 3, 2, 1, 0, 3, 1, 1, 1, 1, 3, 0, 3]|[1, 0, 1, 1, 0, 0, 1, 2, 1, 2, 1, 0, 0, 1, 1, 1, 1, 2, 1, 0],262.588858206848;9091.148314037004;15588.336882707757,0.353311219528,NOT_APPLICABLE,NOT_APPLICABLE,NOT_APPLICABLE,52
71,2,30504,G4_BALANCED,HISTORICAL,[19, 5, 2, 4, 6, 8, 11, 14, 3, 12, 17, 13, 1, 10, 15, 7, 9, 18, 16, 0]|[1, 2, 2, 1, 0, 0, 2, 0, 0, 0, 1, 2, 0, 1, 1, 1, 1, 0, 2, 0]|[1, 0, 0, 1, 3, 3, 0, 2, 3, 2, 1, 0, 3, 1, 1, 1, 1, 3, 0, 3]|[1, 0, 1, 1, 0, 0, 1, 2, 1, 2, 1, 0, 0, 1, 1, 1, 1, 2, 1, 0],262.588858206848;9091.148314037004;15588.336882707757,0,false,[19, 5, 2, 4, 6, 8, 11, 14, 3, 12, 17, 13, 1, 10, 15, 7, 9, 18, 16, 0]|[1, 2, 2, 1, 0, 0, 2, 0, 0, 0, 1, 2, 0, 1, 1, 1, 1, 0, 2, 0]|[1, 0, 0, 1, 3, 3, 0, 2, 3, 2, 1, 0, 3, 1, 1, 1, 1, 3, 0, 3]|[1, 0, 1, 1, 0, 0, 1, 2, 1, 2, 1, 0, 0, 1, 1, 1, 1, 2, 1, 0],262.588858206848;9091.148314037004;15588.336882707757,0.353311219528,NOT_APPLICABLE,NOT_APPLICABLE,NOT_APPLICABLE,8
72,2,30604,G1_CMAX,PREVIOUS,[2, 5, 18, 3, 17, 16, 10, 19, 9, 6, 12, 11, 0, 8, 4, 15, 7, 14, 1, 13]|[2, 2, 1, 2, 2, 2, 2, 1, 0, 0, 1, 2, 2, 0, 0, 1, 1, 0, 1, 1]|[0, 1, 1, 0, 1, 1, 0, 0, 0, 2, 0, 0, 0, 3, 0, 1, 1, 3, 1, 1]|[1, 0, 0, 1, 0, 0, 1, 1, 0, 2, 1, 1, 1, 2, 1, 0, 1, 0, 1, 1],203.680988390281;10730.053037185788;17590.401652550340,0,false,[2, 5, 18, 3, 17, 16, 10, 19, 9, 6, 12, 11, 0, 8, 4, 15, 7, 14, 1, 13]|[2, 2, 1, 2, 2, 2, 2, 1, 0, 0, 1, 2, 2, 0, 0, 1, 1, 0, 1, 1]|[0, 1, 1, 0, 1, 1, 0, 0, 0, 2, 0, 0, 0, 3, 0, 1, 1, 3, 1, 1]|[1, 0, 0, 1, 0, 0, 1, 1, 0, 2, 1, 1, 1, 2, 1, 0, 1, 0, 1, 1],203.680988390281;10730.053037185788;17590.401652550340,203.680988390281,NOT_APPLICABLE,NOT_APPLICABLE,NOT_APPLICABLE,22
72,2,30604,G1_CMAX,HISTORICAL,[2, 5, 18, 3, 17, 16, 10, 19, 9, 6, 12, 11, 0, 8, 4, 15, 7, 14, 1, 13]|[2, 2, 1, 2, 2, 2, 2, 1, 0, 0, 1, 2, 2, 0, 0, 1, 1, 0, 1, 1]|[0, 1, 1, 0, 1, 1, 0, 0, 0, 2, 0, 0, 0, 3, 0, 1, 1, 3, 1, 1]|[1, 0, 0, 1, 0, 0, 1, 1, 0, 2, 1, 1, 1, 2, 1, 0, 1, 0, 1, 1],203.680988390281;10730.053037185788;17590.401652550340,0,false,[2, 5, 18, 3, 17, 16, 10, 19, 9, 6, 12, 11, 0, 8, 4, 15, 7, 14, 1, 13]|[2, 2, 1, 2, 2, 2, 2, 1, 0, 0, 1, 2, 2, 0, 0, 1, 1, 0, 1, 1]|[0, 1, 1, 0, 1, 1, 0, 0, 0, 2, 0, 0, 0, 3, 0, 1, 1, 3, 1, 1]|[1, 0, 0, 1, 0, 0, 1, 1, 0, 2, 1, 1, 1, 2, 1, 0, 1, 0, 1, 1],203.680988390281;10730.053037185788;17590.401652550340,203.680988390281,NOT_APPLICABLE,NOT_APPLICABLE,NOT_APPLICABLE,31
72,2,30604,G2_TEC,PREVIOUS,[11, 5, 2, 4, 6, 8, 19, 14, 3, 12, 17, 1, 10, 16, 15, 7, 9, 18, 13, 0]|[0, 2, 2, 1, 0, 0, 2, 0, 0, 0, 1, 0, 1, 2, 1, 1, 1, 1, 1, 2]|[3, 0, 0, 1, 3, 3, 0, 2, 3, 2, 1, 3, 1, 0, 1, 1, 1, 1, 1, 0]|[2, 0, 1, 1, 0, 0, 1, 2, 1, 2, 1, 0, 1, 1, 1, 1, 1, 1, 1, 0],258.645731908626;9372.372018953449;16337.376022036387,0,false,[11, 5, 2, 4, 6, 8, 19, 14, 3, 12, 17, 1, 10, 16, 15, 7, 9, 18, 13, 0]|[0, 2, 2, 1, 0, 0, 2, 0, 0, 0, 1, 0, 1, 2, 1, 1, 1, 1, 1, 2]|[3, 0, 0, 1, 3, 3, 0, 2, 3, 2, 1, 3, 1, 0, 1, 1, 1, 1, 1, 0]|[2, 0, 1, 1, 0, 0, 1, 2, 1, 2, 1, 0, 1, 1, 1, 1, 1, 1, 1, 0],258.645731908626;9372.372018953449;16337.376022036387,9372.372018953449,NOT_APPLICABLE,NOT_APPLICABLE,NOT_APPLICABLE,12
72,2,30604,G2_TEC,HISTORICAL,[11, 5, 2, 4, 6, 8, 19, 14, 3, 12, 17, 1, 10, 16, 15, 7, 9, 18, 13, 0]|[0, 2, 2, 1, 0, 0, 2, 0, 0, 0, 1, 0, 1, 2, 1, 1, 1, 1, 1, 2]|[3, 0, 0, 1, 3, 3, 0, 2, 3, 2, 1, 3, 1, 0, 1, 1, 1, 1, 1, 0]|[2, 0, 1, 1, 0, 0, 1, 2, 1, 2, 1, 0, 1, 1, 1, 1, 1, 1, 1, 0],258.645731908626;9372.372018953449;16337.376022036387,0,false,[11, 5, 2, 4, 6, 8, 19, 14, 3, 12, 17, 1, 10, 16, 15, 7, 9, 18, 13, 0]|[0, 2, 2, 1, 0, 0, 2, 0, 0, 0, 1, 0, 1, 2, 1, 1, 1, 1, 1, 2]|[3, 0, 0, 1, 3, 3, 0, 2, 3, 2, 1, 3, 1, 0, 1, 1, 1, 1, 1, 0]|[2, 0, 1, 1, 0, 0, 1, 2, 1, 2, 1, 0, 1, 1, 1, 1, 1, 1, 1, 0],258.645731908626;9372.372018953449;16337.376022036387,9372.372018953449,NOT_APPLICABLE,NOT_APPLICABLE,NOT_APPLICABLE,40
72,2,30604,G3_TWC,PREVIOUS,[6, 5, 2, 4, 11, 8, 19, 14, 3, 12, 0, 1, 17, 16, 15, 7, 9, 13, 18, 10]|[0, 2, 2, 1, 0, 0, 2, 0, 1, 0, 2, 0, 1, 2, 1, 1, 1, 1, 1, 1]|[3, 0, 0, 1, 3, 3, 0, 3, 1, 2, 0, 3, 1, 0, 1, 1, 1, 1, 1, 1]|[2, 0, 1, 1, 0, 0, 1, 0, 1, 2, 0, 0, 1, 1, 1, 1, 1, 1, 1, 1],292.360739848955;8960.287681394397;18073.182733842170,1,true,[2, 5, 11, 4, 17, 8, 19, 14, 3, 12, 6, 0, 1, 16, 15, 9, 18, 10, 7, 13]|[0, 2, 2, 1, 1, 0, 2, 0, 0, 1, 0, 2, 0, 2, 1, 1, 1, 1, 1, 1]|[3, 0, 0, 1, 1, 3, 0, 3, 3, 1, 3, 0, 3, 0, 1, 1, 1, 1, 1, 1]|[2, 0, 1, 1, 1, 0, 1, 0, 1, 1, 0, 1, 0, 1, 1, 1, 1, 1, 1, 1],291.246140549885;8949.308383562427;17877.431981113710,17877.431981113710,30604,30604,0,40
72,2,30604,G3_TWC,HISTORICAL,[4, 11, 13, 1, 7, 12, 18, 5, 2, 16, 15, 8, 19, 10, 0, 6, 3, 17, 14, 9]|[0, 0, 1, 0, 1, 1, 0, 2, 2, 0, 1, 0, 2, 0, 2, 0, 0, 2, 0, 0]|[2, 0, 1, 3, 1, 1, 2, 0, 0, 3, 1, 3, 0, 3, 0, 2, 3, 0, 3, 3]|[1, 0, 0, 2, 1, 1, 1, 0, 1, 2, 0, 0, 1, 2, 0, 0, 1, 1, 0, 2],389.616876720221;10191.714139359137;13081.607148577272,0,false,[4, 11, 13, 1, 7, 12, 18, 5, 2, 16, 15, 8, 19, 10, 0, 6, 3, 17, 14, 9]|[0, 0, 1, 0, 1, 1, 0, 2, 2, 0, 1, 0, 2, 0, 2, 0, 0, 2, 0, 0]|[2, 0, 1, 3, 1, 1, 2, 0, 0, 3, 1, 3, 0, 3, 0, 2, 3, 0, 3, 3]|[1, 0, 0, 2, 1, 1, 1, 0, 1, 2, 0, 0, 1, 2, 0, 0, 1, 1, 0, 2],389.616876720221;10191.714139359137;13081.607148577272,13081.607148577272,NOT_APPLICABLE,NOT_APPLICABLE,NOT_APPLICABLE,16
72,2,30604,G4_BALANCED,PREVIOUS,[19, 5, 2, 4, 6, 8, 11, 14, 3, 12, 17, 13, 1, 10, 15, 7, 9, 18, 16, 0]|[1, 2, 2, 1, 0, 0, 2, 0, 0, 0, 1, 2, 0, 1, 1, 1, 1, 0, 2, 0]|[1, 0, 0, 1, 3, 3, 0, 2, 3, 2, 1, 0, 3, 1, 1, 1, 1, 3, 0, 3]|[1, 0, 1, 1, 0, 0, 1, 2, 1, 2, 1, 0, 0, 1, 1, 1, 1, 2, 1, 0],262.588858206848;9091.148314037004;15588.336882707757,1,true,[19, 5, 2, 4, 6, 8, 11, 14, 3, 12, 17, 13, 10, 16, 1, 7, 9, 15, 18, 0]|[1, 2, 2, 1, 0, 0, 2, 0, 0, 0, 1, 2, 1, 2, 0, 1, 1, 1, 0, 0]|[1, 0, 0, 1, 3, 3, 0, 2, 3, 2, 1, 0, 1, 0, 3, 1, 1, 1, 3, 3]|[1, 0, 1, 1, 0, 0, 1, 2, 1, 2, 1, 0, 1, 1, 0, 1, 1, 1, 2, 0],262.588858206848;9072.903381923461;15254.062527622624,0.321149655245,30604,30604,0,53
72,2,30604,G4_BALANCED,HISTORICAL,[19, 5, 2, 4, 6, 8, 11, 14, 3, 12, 17, 13, 1, 10, 15, 7, 9, 18, 16, 0]|[1, 2, 2, 1, 0, 0, 2, 0, 0, 0, 1, 2, 0, 1, 1, 1, 1, 0, 2, 0]|[1, 0, 0, 1, 3, 3, 0, 2, 3, 2, 1, 0, 3, 1, 1, 1, 1, 3, 0, 3]|[1, 0, 1, 1, 0, 0, 1, 2, 1, 2, 1, 0, 0, 1, 1, 1, 1, 2, 1, 0],262.588858206848;9091.148314037004;15588.336882707757,1,true,[19, 5, 2, 4, 6, 8, 11, 14, 3, 12, 17, 13, 10, 16, 1, 7, 9, 15, 18, 0]|[1, 2, 2, 1, 0, 0, 2, 0, 0, 0, 1, 2, 1, 2, 0, 1, 1, 1, 0, 0]|[1, 0, 0, 1, 3, 3, 0, 2, 3, 2, 1, 0, 1, 0, 3, 1, 1, 1, 3, 3]|[1, 0, 1, 1, 0, 0, 1, 2, 1, 2, 1, 0, 1, 1, 0, 1, 1, 1, 2, 0],262.588858206848;9072.903381923461;15254.062527622624,0.321149655245,30604,30604,0,8
73,2,30704,G1_CMAX,PREVIOUS,[2, 5, 18, 3, 17, 16, 10, 19, 9, 6, 12, 11, 0, 8, 4, 15, 7, 14, 1, 13]|[2, 2, 1, 2, 2, 2, 2, 1, 0, 0, 1, 2, 2, 0, 0, 1, 1, 0, 1, 1]|[0, 1, 1, 0, 1, 1, 0, 0, 0, 2, 0, 0, 0, 3, 0, 1, 1, 3, 1, 1]|[1, 0, 0, 1, 0, 0, 1, 1, 0, 2, 1, 1, 1, 2, 1, 0, 1, 0, 1, 1],203.680988390281;10730.053037185788;17590.401652550340,0,false,[2, 5, 18, 3, 17, 16, 10, 19, 9, 6, 12, 11, 0, 8, 4, 15, 7, 14, 1, 13]|[2, 2, 1, 2, 2, 2, 2, 1, 0, 0, 1, 2, 2, 0, 0, 1, 1, 0, 1, 1]|[0, 1, 1, 0, 1, 1, 0, 0, 0, 2, 0, 0, 0, 3, 0, 1, 1, 3, 1, 1]|[1, 0, 0, 1, 0, 0, 1, 1, 0, 2, 1, 1, 1, 2, 1, 0, 1, 0, 1, 1],203.680988390281;10730.053037185788;17590.401652550340,203.680988390281,NOT_APPLICABLE,NOT_APPLICABLE,NOT_APPLICABLE,22
73,2,30704,G1_CMAX,HISTORICAL,[2, 5, 18, 3, 17, 16, 10, 19, 9, 6, 12, 11, 0, 8, 4, 15, 7, 14, 1, 13]|[2, 2, 1, 2, 2, 2, 2, 1, 0, 0, 1, 2, 2, 0, 0, 1, 1, 0, 1, 1]|[0, 1, 1, 0, 1, 1, 0, 0, 0, 2, 0, 0, 0, 3, 0, 1, 1, 3, 1, 1]|[1, 0, 0, 1, 0, 0, 1, 1, 0, 2, 1, 1, 1, 2, 1, 0, 1, 0, 1, 1],203.680988390281;10730.053037185788;17590.401652550340,0,false,[2, 5, 18, 3, 17, 16, 10, 19, 9, 6, 12, 11, 0, 8, 4, 15, 7, 14, 1, 13]|[2, 2, 1, 2, 2, 2, 2, 1, 0, 0, 1, 2, 2, 0, 0, 1, 1, 0, 1, 1]|[0, 1, 1, 0, 1, 1, 0, 0, 0, 2, 0, 0, 0, 3, 0, 1, 1, 3, 1, 1]|[1, 0, 0, 1, 0, 0, 1, 1, 0, 2, 1, 1, 1, 2, 1, 0, 1, 0, 1, 1],203.680988390281;10730.053037185788;17590.401652550340,203.680988390281,NOT_APPLICABLE,NOT_APPLICABLE,NOT_APPLICABLE,32
73,2,30704,G2_TEC,PREVIOUS,[11, 5, 2, 4, 6, 8, 19, 14, 3, 12, 17, 1, 10, 16, 15, 7, 9, 18, 13, 0]|[0, 2, 2, 1, 0, 0, 2, 0, 0, 0, 1, 0, 1, 2, 1, 1, 1, 1, 1, 2]|[3, 0, 0, 1, 3, 3, 0, 2, 3, 2, 1, 3, 1, 0, 1, 1, 1, 1, 1, 0]|[2, 0, 1, 1, 0, 0, 1, 2, 1, 2, 1, 0, 1, 1, 1, 1, 1, 1, 1, 0],258.645731908626;9372.372018953449;16337.376022036387,0,false,[11, 5, 2, 4, 6, 8, 19, 14, 3, 12, 17, 1, 10, 16, 15, 7, 9, 18, 13, 0]|[0, 2, 2, 1, 0, 0, 2, 0, 0, 0, 1, 0, 1, 2, 1, 1, 1, 1, 1, 2]|[3, 0, 0, 1, 3, 3, 0, 2, 3, 2, 1, 3, 1, 0, 1, 1, 1, 1, 1, 0]|[2, 0, 1, 1, 0, 0, 1, 2, 1, 2, 1, 0, 1, 1, 1, 1, 1, 1, 1, 0],258.645731908626;9372.372018953449;16337.376022036387,9372.372018953449,NOT_APPLICABLE,NOT_APPLICABLE,NOT_APPLICABLE,12
73,2,30704,G2_TEC,HISTORICAL,[11, 5, 2, 4, 6, 8, 19, 14, 3, 12, 17, 1, 10, 16, 15, 7, 9, 18, 13, 0]|[0, 2, 2, 1, 0, 0, 2, 0, 0, 0, 1, 0, 1, 2, 1, 1, 1, 1, 1, 2]|[3, 0, 0, 1, 3, 3, 0, 2, 3, 2, 1, 3, 1, 0, 1, 1, 1, 1, 1, 0]|[2, 0, 1, 1, 0, 0, 1, 2, 1, 2, 1, 0, 1, 1, 1, 1, 1, 1, 1, 0],258.645731908626;9372.372018953449;16337.376022036387,0,false,[11, 5, 2, 4, 6, 8, 19, 14, 3, 12, 17, 1, 10, 16, 15, 7, 9, 18, 13, 0]|[0, 2, 2, 1, 0, 0, 2, 0, 0, 0, 1, 0, 1, 2, 1, 1, 1, 1, 1, 2]|[3, 0, 0, 1, 3, 3, 0, 2, 3, 2, 1, 3, 1, 0, 1, 1, 1, 1, 1, 0]|[2, 0, 1, 1, 0, 0, 1, 2, 1, 2, 1, 0, 1, 1, 1, 1, 1, 1, 1, 0],258.645731908626;9372.372018953449;16337.376022036387,9372.372018953449,NOT_APPLICABLE,NOT_APPLICABLE,NOT_APPLICABLE,41
73,2,30704,G3_TWC,PREVIOUS,[18, 0, 4, 6, 7, 16, 1, 5, 9, 2, 14, 10, 15, 17, 13, 8, 12, 19, 3, 11]|[0, 0, 2, 0, 0, 1, 0, 2, 1, 2, 0, 2, 1, 0, 1, 0, 1, 2, 0, 0]|[1, 2, 0, 2, 3, 1, 2, 0, 1, 0, 2, 0, 1, 3, 1, 3, 1, 0, 3, 0]|[1, 0, 0, 2, 2, 1, 0, 0, 1, 1, 0, 1, 1, 1, 1, 2, 1, 1, 1, 0],304.791547116651;10106.045345071900;14002.536897837512,0,false,[18, 0, 4, 6, 7, 16, 1, 5, 9, 2, 14, 10, 15, 17, 13, 8, 12, 19, 3, 11]|[0, 0, 2, 0, 0, 1, 0, 2, 1, 2, 0, 2, 1, 0, 1, 0, 1, 2, 0, 0]|[1, 2, 0, 2, 3, 1, 2, 0, 1, 0, 2, 0, 1, 3, 1, 3, 1, 0, 3, 0]|[1, 0, 0, 2, 2, 1, 0, 0, 1, 1, 0, 1, 1, 1, 1, 2, 1, 1, 1, 0],304.791547116651;10106.045345071900;14002.536897837512,14002.536897837512,NOT_APPLICABLE,NOT_APPLICABLE,NOT_APPLICABLE,40
73,2,30704,G3_TWC,HISTORICAL,[4, 11, 13, 1, 7, 12, 18, 5, 2, 16, 15, 8, 19, 10, 0, 6, 3, 17, 14, 9]|[0, 0, 1, 0, 1, 1, 0, 2, 2, 0, 1, 0, 2, 0, 2, 0, 0, 2, 0, 0]|[2, 0, 1, 3, 1, 1, 2, 0, 0, 3, 1, 3, 0, 3, 0, 2, 3, 0, 3, 3]|[1, 0, 0, 2, 1, 1, 1, 0, 1, 2, 0, 0, 1, 2, 0, 0, 1, 1, 0, 2],389.616876720221;10191.714139359137;13081.607148577272,0,false,[4, 11, 13, 1, 7, 12, 18, 5, 2, 16, 15, 8, 19, 10, 0, 6, 3, 17, 14, 9]|[0, 0, 1, 0, 1, 1, 0, 2, 2, 0, 1, 0, 2, 0, 2, 0, 0, 2, 0, 0]|[2, 0, 1, 3, 1, 1, 2, 0, 0, 3, 1, 3, 0, 3, 0, 2, 3, 0, 3, 3]|[1, 0, 0, 2, 1, 1, 1, 0, 1, 2, 0, 0, 1, 2, 0, 0, 1, 1, 0, 2],389.616876720221;10191.714139359137;13081.607148577272,13081.607148577272,NOT_APPLICABLE,NOT_APPLICABLE,NOT_APPLICABLE,16
73,2,30704,G4_BALANCED,PREVIOUS,[19, 5, 2, 4, 6, 8, 11, 14, 3, 12, 17, 13, 10, 16, 1, 7, 9, 15, 18, 0]|[1, 2, 2, 1, 0, 0, 2, 0, 0, 0, 1, 2, 1, 2, 0, 1, 1, 1, 0, 0]|[1, 0, 0, 1, 3, 3, 0, 2, 3, 2, 1, 0, 1, 0, 3, 1, 1, 1, 3, 3]|[1, 0, 1, 1, 0, 0, 1, 2, 1, 2, 1, 0, 1, 1, 0, 1, 1, 1, 2, 0],262.588858206848;9072.903381923461;15254.062527622624,0,false,[19, 5, 2, 4, 6, 8, 11, 14, 3, 12, 17, 13, 10, 16, 1, 7, 9, 15, 18, 0]|[1, 2, 2, 1, 0, 0, 2, 0, 0, 0, 1, 2, 1, 2, 0, 1, 1, 1, 0, 0]|[1, 0, 0, 1, 3, 3, 0, 2, 3, 2, 1, 0, 1, 0, 3, 1, 1, 1, 3, 3]|[1, 0, 1, 1, 0, 0, 1, 2, 1, 2, 1, 0, 1, 1, 0, 1, 1, 1, 2, 0],262.588858206848;9072.903381923461;15254.062527622624,0.321149655245,NOT_APPLICABLE,NOT_APPLICABLE,NOT_APPLICABLE,54
73,2,30704,G4_BALANCED,HISTORICAL,[19, 5, 2, 4, 6, 8, 11, 14, 3, 12, 17, 13, 10, 16, 1, 7, 9, 15, 18, 0]|[1, 2, 2, 1, 0, 0, 2, 0, 0, 0, 1, 2, 1, 2, 0, 1, 1, 1, 0, 0]|[1, 0, 0, 1, 3, 3, 0, 2, 3, 2, 1, 0, 1, 0, 3, 1, 1, 1, 3, 3]|[1, 0, 1, 1, 0, 0, 1, 2, 1, 2, 1, 0, 1, 1, 0, 1, 1, 1, 2, 0],262.588858206848;9072.903381923461;15254.062527622624,0,false,[19, 5, 2, 4, 6, 8, 11, 14, 3, 12, 17, 13, 10, 16, 1, 7, 9, 15, 18, 0]|[1, 2, 2, 1, 0, 0, 2, 0, 0, 0, 1, 2, 1, 2, 0, 1, 1, 1, 0, 0]|[1, 0, 0, 1, 3, 3, 0, 2, 3, 2, 1, 0, 1, 0, 3, 1, 1, 1, 3, 3]|[1, 0, 1, 1, 0, 0, 1, 2, 1, 2, 1, 0, 1, 1, 0, 1, 1, 1, 2, 0],262.588858206848;9072.903381923461;15254.062527622624,0.321149655245,NOT_APPLICABLE,NOT_APPLICABLE,NOT_APPLICABLE,8
74,2,30804,G1_CMAX,PREVIOUS,[2, 5, 18, 3, 17, 16, 10, 19, 9, 6, 12, 11, 0, 8, 4, 15, 7, 14, 1, 13]|[2, 2, 1, 2, 2, 2, 2, 1, 0, 0, 1, 2, 2, 0, 0, 1, 1, 0, 1, 1]|[0, 1, 1, 0, 1, 1, 0, 0, 0, 2, 0, 0, 0, 3, 0, 1, 1, 3, 1, 1]|[1, 0, 0, 1, 0, 0, 1, 1, 0, 2, 1, 1, 1, 2, 1, 0, 1, 0, 1, 1],203.680988390281;10730.053037185788;17590.401652550340,0,false,[2, 5, 18, 3, 17, 16, 10, 19, 9, 6, 12, 11, 0, 8, 4, 15, 7, 14, 1, 13]|[2, 2, 1, 2, 2, 2, 2, 1, 0, 0, 1, 2, 2, 0, 0, 1, 1, 0, 1, 1]|[0, 1, 1, 0, 1, 1, 0, 0, 0, 2, 0, 0, 0, 3, 0, 1, 1, 3, 1, 1]|[1, 0, 0, 1, 0, 0, 1, 1, 0, 2, 1, 1, 1, 2, 1, 0, 1, 0, 1, 1],203.680988390281;10730.053037185788;17590.401652550340,203.680988390281,NOT_APPLICABLE,NOT_APPLICABLE,NOT_APPLICABLE,22
74,2,30804,G1_CMAX,HISTORICAL,[2, 5, 18, 3, 17, 16, 10, 19, 9, 6, 12, 11, 0, 8, 4, 15, 7, 14, 1, 13]|[2, 2, 1, 2, 2, 2, 2, 1, 0, 0, 1, 2, 2, 0, 0, 1, 1, 0, 1, 1]|[0, 1, 1, 0, 1, 1, 0, 0, 0, 2, 0, 0, 0, 3, 0, 1, 1, 3, 1, 1]|[1, 0, 0, 1, 0, 0, 1, 1, 0, 2, 1, 1, 1, 2, 1, 0, 1, 0, 1, 1],203.680988390281;10730.053037185788;17590.401652550340,0,false,[2, 5, 18, 3, 17, 16, 10, 19, 9, 6, 12, 11, 0, 8, 4, 15, 7, 14, 1, 13]|[2, 2, 1, 2, 2, 2, 2, 1, 0, 0, 1, 2, 2, 0, 0, 1, 1, 0, 1, 1]|[0, 1, 1, 0, 1, 1, 0, 0, 0, 2, 0, 0, 0, 3, 0, 1, 1, 3, 1, 1]|[1, 0, 0, 1, 0, 0, 1, 1, 0, 2, 1, 1, 1, 2, 1, 0, 1, 0, 1, 1],203.680988390281;10730.053037185788;17590.401652550340,203.680988390281,NOT_APPLICABLE,NOT_APPLICABLE,NOT_APPLICABLE,33
74,2,30804,G2_TEC,PREVIOUS,[11, 5, 2, 4, 6, 8, 19, 14, 3, 12, 17, 1, 10, 16, 15, 7, 9, 18, 13, 0]|[0, 2, 2, 1, 0, 0, 2, 0, 0, 0, 1, 0, 1, 2, 1, 1, 1, 1, 1, 2]|[3, 0, 0, 1, 3, 3, 0, 2, 3, 2, 1, 3, 1, 0, 1, 1, 1, 1, 1, 0]|[2, 0, 1, 1, 0, 0, 1, 2, 1, 2, 1, 0, 1, 1, 1, 1, 1, 1, 1, 0],258.645731908626;9372.372018953449;16337.376022036387,0,false,[11, 5, 2, 4, 6, 8, 19, 14, 3, 12, 17, 1, 10, 16, 15, 7, 9, 18, 13, 0]|[0, 2, 2, 1, 0, 0, 2, 0, 0, 0, 1, 0, 1, 2, 1, 1, 1, 1, 1, 2]|[3, 0, 0, 1, 3, 3, 0, 2, 3, 2, 1, 3, 1, 0, 1, 1, 1, 1, 1, 0]|[2, 0, 1, 1, 0, 0, 1, 2, 1, 2, 1, 0, 1, 1, 1, 1, 1, 1, 1, 0],258.645731908626;9372.372018953449;16337.376022036387,9372.372018953449,NOT_APPLICABLE,NOT_APPLICABLE,NOT_APPLICABLE,12
74,2,30804,G2_TEC,HISTORICAL,[11, 5, 2, 4, 6, 8, 19, 14, 3, 12, 17, 1, 10, 16, 15, 7, 9, 18, 13, 0]|[0, 2, 2, 1, 0, 0, 2, 0, 0, 0, 1, 0, 1, 2, 1, 1, 1, 1, 1, 2]|[3, 0, 0, 1, 3, 3, 0, 2, 3, 2, 1, 3, 1, 0, 1, 1, 1, 1, 1, 0]|[2, 0, 1, 1, 0, 0, 1, 2, 1, 2, 1, 0, 1, 1, 1, 1, 1, 1, 1, 0],258.645731908626;9372.372018953449;16337.376022036387,0,false,[11, 5, 2, 4, 6, 8, 19, 14, 3, 12, 17, 1, 10, 16, 15, 7, 9, 18, 13, 0]|[0, 2, 2, 1, 0, 0, 2, 0, 0, 0, 1, 0, 1, 2, 1, 1, 1, 1, 1, 2]|[3, 0, 0, 1, 3, 3, 0, 2, 3, 2, 1, 3, 1, 0, 1, 1, 1, 1, 1, 0]|[2, 0, 1, 1, 0, 0, 1, 2, 1, 2, 1, 0, 1, 1, 1, 1, 1, 1, 1, 0],258.645731908626;9372.372018953449;16337.376022036387,9372.372018953449,NOT_APPLICABLE,NOT_APPLICABLE,NOT_APPLICABLE,42
74,2,30804,G3_TWC,PREVIOUS,[11, 5, 4, 13, 16, 6, 18, 17, 8, 15, 10, 14, 7, 12, 9, 3, 19, 1, 2, 0]|[2, 2, 1, 1, 1, 0, 0, 0, 0, 1, 2, 0, 0, 0, 1, 2, 2, 0, 0, 0]|[0, 0, 1, 1, 1, 3, 3, 3, 3, 1, 0, 3, 3, 3, 1, 0, 0, 3, 3, 3]|[1, 0, 0, 1, 1, 0, 0, 0, 2, 0, 1, 0, 2, 0, 1, 1, 1, 0, 2, 0],394.910378114976;8904.587528273412;14463.195759832593,0,false,[11, 5, 4, 13, 16, 6, 18, 17, 8, 15, 10, 14, 7, 12, 9, 3, 19, 1, 2, 0]|[2, 2, 1, 1, 1, 0, 0, 0, 0, 1, 2, 0, 0, 0, 1, 2, 2, 0, 0, 0]|[0, 0, 1, 1, 1, 3, 3, 3, 3, 1, 0, 3, 3, 3, 1, 0, 0, 3, 3, 3]|[1, 0, 0, 1, 1, 0, 0, 0, 2, 0, 1, 0, 2, 0, 1, 1, 1, 0, 2, 0],394.910378114976;8904.587528273412;14463.195759832593,14463.195759832593,NOT_APPLICABLE,NOT_APPLICABLE,NOT_APPLICABLE,40
74,2,30804,G3_TWC,HISTORICAL,[4, 11, 13, 1, 7, 12, 18, 5, 2, 16, 15, 8, 19, 10, 0, 6, 3, 17, 14, 9]|[0, 0, 1, 0, 1, 1, 0, 2, 2, 0, 1, 0, 2, 0, 2, 0, 0, 2, 0, 0]|[2, 0, 1, 3, 1, 1, 2, 0, 0, 3, 1, 3, 0, 3, 0, 2, 3, 0, 3, 3]|[1, 0, 0, 2, 1, 1, 1, 0, 1, 2, 0, 0, 1, 2, 0, 0, 1, 1, 0, 2],389.616876720221;10191.714139359137;13081.607148577272,0,false,[4, 11, 13, 1, 7, 12, 18, 5, 2, 16, 15, 8, 19, 10, 0, 6, 3, 17, 14, 9]|[0, 0, 1, 0, 1, 1, 0, 2, 2, 0, 1, 0, 2, 0, 2, 0, 0, 2, 0, 0]|[2, 0, 1, 3, 1, 1, 2, 0, 0, 3, 1, 3, 0, 3, 0, 2, 3, 0, 3, 3]|[1, 0, 0, 2, 1, 1, 1, 0, 1, 2, 0, 0, 1, 2, 0, 0, 1, 1, 0, 2],389.616876720221;10191.714139359137;13081.607148577272,13081.607148577272,NOT_APPLICABLE,NOT_APPLICABLE,NOT_APPLICABLE,16
74,2,30804,G4_BALANCED,PREVIOUS,[19, 5, 2, 4, 6, 8, 11, 14, 3, 12, 17, 13, 10, 16, 1, 7, 9, 15, 18, 0]|[1, 2, 2, 1, 0, 0, 2, 0, 0, 0, 1, 2, 1, 2, 0, 1, 1, 1, 0, 0]|[1, 0, 0, 1, 3, 3, 0, 2, 3, 2, 1, 0, 1, 0, 3, 1, 1, 1, 3, 3]|[1, 0, 1, 1, 0, 0, 1, 2, 1, 2, 1, 0, 1, 1, 0, 1, 1, 1, 2, 0],262.588858206848;9072.903381923461;15254.062527622624,0,false,[19, 5, 2, 4, 6, 8, 11, 14, 3, 12, 17, 13, 10, 16, 1, 7, 9, 15, 18, 0]|[1, 2, 2, 1, 0, 0, 2, 0, 0, 0, 1, 2, 1, 2, 0, 1, 1, 1, 0, 0]|[1, 0, 0, 1, 3, 3, 0, 2, 3, 2, 1, 0, 1, 0, 3, 1, 1, 1, 3, 3]|[1, 0, 1, 1, 0, 0, 1, 2, 1, 2, 1, 0, 1, 1, 0, 1, 1, 1, 2, 0],262.588858206848;9072.903381923461;15254.062527622624,0.310535849316,NOT_APPLICABLE,NOT_APPLICABLE,NOT_APPLICABLE,55
74,2,30804,G4_BALANCED,HISTORICAL,[19, 5, 2, 4, 6, 8, 11, 14, 3, 12, 17, 13, 10, 16, 1, 7, 9, 15, 18, 0]|[1, 2, 2, 1, 0, 0, 2, 0, 0, 0, 1, 2, 1, 2, 0, 1, 1, 1, 0, 0]|[1, 0, 0, 1, 3, 3, 0, 2, 3, 2, 1, 0, 1, 0, 3, 1, 1, 1, 3, 3]|[1, 0, 1, 1, 0, 0, 1, 2, 1, 2, 1, 0, 1, 1, 0, 1, 1, 1, 2, 0],262.588858206848;9072.903381923461;15254.062527622624,0,false,[19, 5, 2, 4, 6, 8, 11, 14, 3, 12, 17, 13, 10, 16, 1, 7, 9, 15, 18, 0]|[1, 2, 2, 1, 0, 0, 2, 0, 0, 0, 1, 2, 1, 2, 0, 1, 1, 1, 0, 0]|[1, 0, 0, 1, 3, 3, 0, 2, 3, 2, 1, 0, 1, 0, 3, 1, 1, 1, 3, 3]|[1, 0, 1, 1, 0, 0, 1, 2, 1, 2, 1, 0, 1, 1, 0, 1, 1, 1, 2, 0],262.588858206848;9072.903381923461;15254.062527622624,0.310535849316,NOT_APPLICABLE,NOT_APPLICABLE,NOT_APPLICABLE,8
75,2,30904,G1_CMAX,PREVIOUS,[2, 5, 18, 3, 17, 16, 10, 19, 9, 6, 12, 11, 0, 8, 4, 15, 7, 14, 1, 13]|[2, 2, 1, 2, 2, 2, 2, 1, 0, 0, 1, 2, 2, 0, 0, 1, 1, 0, 1, 1]|[0, 1, 1, 0, 1, 1, 0, 0, 0, 2, 0, 0, 0, 3, 0, 1, 1, 3, 1, 1]|[1, 0, 0, 1, 0, 0, 1, 1, 0, 2, 1, 1, 1, 2, 1, 0, 1, 0, 1, 1],203.680988390281;10730.053037185788;17590.401652550340,0,false,[2, 5, 18, 3, 17, 16, 10, 19, 9, 6, 12, 11, 0, 8, 4, 15, 7, 14, 1, 13]|[2, 2, 1, 2, 2, 2, 2, 1, 0, 0, 1, 2, 2, 0, 0, 1, 1, 0, 1, 1]|[0, 1, 1, 0, 1, 1, 0, 0, 0, 2, 0, 0, 0, 3, 0, 1, 1, 3, 1, 1]|[1, 0, 0, 1, 0, 0, 1, 1, 0, 2, 1, 1, 1, 2, 1, 0, 1, 0, 1, 1],203.680988390281;10730.053037185788;17590.401652550340,203.680988390281,NOT_APPLICABLE,NOT_APPLICABLE,NOT_APPLICABLE,22
75,2,30904,G1_CMAX,HISTORICAL,[2, 5, 18, 3, 17, 16, 10, 19, 9, 6, 12, 11, 0, 8, 4, 15, 7, 14, 1, 13]|[2, 2, 1, 2, 2, 2, 2, 1, 0, 0, 1, 2, 2, 0, 0, 1, 1, 0, 1, 1]|[0, 1, 1, 0, 1, 1, 0, 0, 0, 2, 0, 0, 0, 3, 0, 1, 1, 3, 1, 1]|[1, 0, 0, 1, 0, 0, 1, 1, 0, 2, 1, 1, 1, 2, 1, 0, 1, 0, 1, 1],203.680988390281;10730.053037185788;17590.401652550340,0,false,[2, 5, 18, 3, 17, 16, 10, 19, 9, 6, 12, 11, 0, 8, 4, 15, 7, 14, 1, 13]|[2, 2, 1, 2, 2, 2, 2, 1, 0, 0, 1, 2, 2, 0, 0, 1, 1, 0, 1, 1]|[0, 1, 1, 0, 1, 1, 0, 0, 0, 2, 0, 0, 0, 3, 0, 1, 1, 3, 1, 1]|[1, 0, 0, 1, 0, 0, 1, 1, 0, 2, 1, 1, 1, 2, 1, 0, 1, 0, 1, 1],203.680988390281;10730.053037185788;17590.401652550340,203.680988390281,NOT_APPLICABLE,NOT_APPLICABLE,NOT_APPLICABLE,34
75,2,30904,G2_TEC,PREVIOUS,[11, 5, 2, 4, 6, 8, 19, 14, 3, 12, 17, 1, 10, 16, 15, 7, 9, 18, 13, 0]|[0, 2, 2, 1, 0, 0, 2, 0, 0, 0, 1, 0, 1, 2, 1, 1, 1, 1, 1, 2]|[3, 0, 0, 1, 3, 3, 0, 2, 3, 2, 1, 3, 1, 0, 1, 1, 1, 1, 1, 0]|[2, 0, 1, 1, 0, 0, 1, 2, 1, 2, 1, 0, 1, 1, 1, 1, 1, 1, 1, 0],258.645731908626;9372.372018953449;16337.376022036387,0,false,[11, 5, 2, 4, 6, 8, 19, 14, 3, 12, 17, 1, 10, 16, 15, 7, 9, 18, 13, 0]|[0, 2, 2, 1, 0, 0, 2, 0, 0, 0, 1, 0, 1, 2, 1, 1, 1, 1, 1, 2]|[3, 0, 0, 1, 3, 3, 0, 2, 3, 2, 1, 3, 1, 0, 1, 1, 1, 1, 1, 0]|[2, 0, 1, 1, 0, 0, 1, 2, 1, 2, 1, 0, 1, 1, 1, 1, 1, 1, 1, 0],258.645731908626;9372.372018953449;16337.376022036387,9372.372018953449,NOT_APPLICABLE,NOT_APPLICABLE,NOT_APPLICABLE,12
75,2,30904,G2_TEC,HISTORICAL,[11, 5, 2, 4, 6, 8, 19, 14, 3, 12, 17, 1, 10, 16, 15, 7, 9, 18, 13, 0]|[0, 2, 2, 1, 0, 0, 2, 0, 0, 0, 1, 0, 1, 2, 1, 1, 1, 1, 1, 2]|[3, 0, 0, 1, 3, 3, 0, 2, 3, 2, 1, 3, 1, 0, 1, 1, 1, 1, 1, 0]|[2, 0, 1, 1, 0, 0, 1, 2, 1, 2, 1, 0, 1, 1, 1, 1, 1, 1, 1, 0],258.645731908626;9372.372018953449;16337.376022036387,0,false,[11, 5, 2, 4, 6, 8, 19, 14, 3, 12, 17, 1, 10, 16, 15, 7, 9, 18, 13, 0]|[0, 2, 2, 1, 0, 0, 2, 0, 0, 0, 1, 0, 1, 2, 1, 1, 1, 1, 1, 2]|[3, 0, 0, 1, 3, 3, 0, 2, 3, 2, 1, 3, 1, 0, 1, 1, 1, 1, 1, 0]|[2, 0, 1, 1, 0, 0, 1, 2, 1, 2, 1, 0, 1, 1, 1, 1, 1, 1, 1, 0],258.645731908626;9372.372018953449;16337.376022036387,9372.372018953449,NOT_APPLICABLE,NOT_APPLICABLE,NOT_APPLICABLE,43
75,2,30904,G3_TWC,PREVIOUS,[11, 5, 2, 4, 6, 8, 19, 14, 3, 12, 17, 1, 10, 16, 15, 7, 9, 18, 13, 0]|[0, 2, 2, 1, 0, 0, 2, 0, 0, 0, 1, 0, 1, 2, 1, 1, 1, 1, 1, 2]|[3, 0, 0, 1, 3, 3, 0, 2, 3, 2, 1, 3, 1, 0, 1, 1, 1, 1, 1, 0]|[2, 0, 1, 1, 0, 0, 1, 2, 1, 2, 1, 0, 1, 1, 1, 1, 1, 1, 1, 0],258.645731908626;9372.372018953449;16337.376022036387,0,false,[11, 5, 2, 4, 6, 8, 19, 14, 3, 12, 17, 1, 10, 16, 15, 7, 9, 18, 13, 0]|[0, 2, 2, 1, 0, 0, 2, 0, 0, 0, 1, 0, 1, 2, 1, 1, 1, 1, 1, 2]|[3, 0, 0, 1, 3, 3, 0, 2, 3, 2, 1, 3, 1, 0, 1, 1, 1, 1, 1, 0]|[2, 0, 1, 1, 0, 0, 1, 2, 1, 2, 1, 0, 1, 1, 1, 1, 1, 1, 1, 0],258.645731908626;9372.372018953449;16337.376022036387,16337.376022036387,NOT_APPLICABLE,NOT_APPLICABLE,NOT_APPLICABLE,40
75,2,30904,G3_TWC,HISTORICAL,[4, 11, 13, 1, 7, 12, 18, 5, 2, 16, 15, 8, 19, 10, 0, 6, 3, 17, 14, 9]|[0, 0, 1, 0, 1, 1, 0, 2, 2, 0, 1, 0, 2, 0, 2, 0, 0, 2, 0, 0]|[2, 0, 1, 3, 1, 1, 2, 0, 0, 3, 1, 3, 0, 3, 0, 2, 3, 0, 3, 3]|[1, 0, 0, 2, 1, 1, 1, 0, 1, 2, 0, 0, 1, 2, 0, 0, 1, 1, 0, 2],389.616876720221;10191.714139359137;13081.607148577272,0,false,[4, 11, 13, 1, 7, 12, 18, 5, 2, 16, 15, 8, 19, 10, 0, 6, 3, 17, 14, 9]|[0, 0, 1, 0, 1, 1, 0, 2, 2, 0, 1, 0, 2, 0, 2, 0, 0, 2, 0, 0]|[2, 0, 1, 3, 1, 1, 2, 0, 0, 3, 1, 3, 0, 3, 0, 2, 3, 0, 3, 3]|[1, 0, 0, 2, 1, 1, 1, 0, 1, 2, 0, 0, 1, 2, 0, 0, 1, 1, 0, 2],389.616876720221;10191.714139359137;13081.607148577272,13081.607148577272,NOT_APPLICABLE,NOT_APPLICABLE,NOT_APPLICABLE,16
75,2,30904,G4_BALANCED,PREVIOUS,[19, 5, 2, 4, 6, 8, 11, 14, 3, 12, 17, 13, 10, 16, 1, 7, 9, 15, 18, 0]|[1, 2, 2, 1, 0, 0, 2, 0, 0, 0, 1, 2, 1, 2, 0, 1, 1, 1, 0, 0]|[1, 0, 0, 1, 3, 3, 0, 2, 3, 2, 1, 0, 1, 0, 3, 1, 1, 1, 3, 3]|[1, 0, 1, 1, 0, 0, 1, 2, 1, 2, 1, 0, 1, 1, 0, 1, 1, 1, 2, 0],262.588858206848;9072.903381923461;15254.062527622624,0,false,[19, 5, 2, 4, 6, 8, 11, 14, 3, 12, 17, 13, 10, 16, 1, 7, 9, 15, 18, 0]|[1, 2, 2, 1, 0, 0, 2, 0, 0, 0, 1, 2, 1, 2, 0, 1, 1, 1, 0, 0]|[1, 0, 0, 1, 3, 3, 0, 2, 3, 2, 1, 0, 1, 0, 3, 1, 1, 1, 3, 3]|[1, 0, 1, 1, 0, 0, 1, 2, 1, 2, 1, 0, 1, 1, 0, 1, 1, 1, 2, 0],262.588858206848;9072.903381923461;15254.062527622624,0.310535849316,NOT_APPLICABLE,NOT_APPLICABLE,NOT_APPLICABLE,56
75,2,30904,G4_BALANCED,HISTORICAL,[19, 5, 2, 4, 6, 8, 11, 14, 3, 12, 17, 13, 10, 16, 1, 7, 9, 15, 18, 0]|[1, 2, 2, 1, 0, 0, 2, 0, 0, 0, 1, 2, 1, 2, 0, 1, 1, 1, 0, 0]|[1, 0, 0, 1, 3, 3, 0, 2, 3, 2, 1, 0, 1, 0, 3, 1, 1, 1, 3, 3]|[1, 0, 1, 1, 0, 0, 1, 2, 1, 2, 1, 0, 1, 1, 0, 1, 1, 1, 2, 0],262.588858206848;9072.903381923461;15254.062527622624,0,false,[19, 5, 2, 4, 6, 8, 11, 14, 3, 12, 17, 13, 10, 16, 1, 7, 9, 15, 18, 0]|[1, 2, 2, 1, 0, 0, 2, 0, 0, 0, 1, 2, 1, 2, 0, 1, 1, 1, 0, 0]|[1, 0, 0, 1, 3, 3, 0, 2, 3, 2, 1, 0, 1, 0, 3, 1, 1, 1, 3, 3]|[1, 0, 1, 1, 0, 0, 1, 2, 1, 2, 1, 0, 1, 1, 0, 1, 1, 1, 2, 0],262.588858206848;9072.903381923461;15254.062527622624,0.310535849316,NOT_APPLICABLE,NOT_APPLICABLE,NOT_APPLICABLE,8
76,2,31004,G1_CMAX,PREVIOUS,[2, 5, 18, 3, 17, 16, 10, 19, 9, 6, 12, 11, 0, 8, 4, 15, 7, 14, 1, 13]|[2, 2, 1, 2, 2, 2, 2, 1, 0, 0, 1, 2, 2, 0, 0, 1, 1, 0, 1, 1]|[0, 1, 1, 0, 1, 1, 0, 0, 0, 2, 0, 0, 0, 3, 0, 1, 1, 3, 1, 1]|[1, 0, 0, 1, 0, 0, 1, 1, 0, 2, 1, 1, 1, 2, 1, 0, 1, 0, 1, 1],203.680988390281;10730.053037185788;17590.401652550340,0,false,[2, 5, 18, 3, 17, 16, 10, 19, 9, 6, 12, 11, 0, 8, 4, 15, 7, 14, 1, 13]|[2, 2, 1, 2, 2, 2, 2, 1, 0, 0, 1, 2, 2, 0, 0, 1, 1, 0, 1, 1]|[0, 1, 1, 0, 1, 1, 0, 0, 0, 2, 0, 0, 0, 3, 0, 1, 1, 3, 1, 1]|[1, 0, 0, 1, 0, 0, 1, 1, 0, 2, 1, 1, 1, 2, 1, 0, 1, 0, 1, 1],203.680988390281;10730.053037185788;17590.401652550340,203.680988390281,NOT_APPLICABLE,NOT_APPLICABLE,NOT_APPLICABLE,22
76,2,31004,G1_CMAX,HISTORICAL,[2, 5, 18, 3, 17, 16, 10, 19, 9, 6, 12, 11, 0, 8, 4, 15, 7, 14, 1, 13]|[2, 2, 1, 2, 2, 2, 2, 1, 0, 0, 1, 2, 2, 0, 0, 1, 1, 0, 1, 1]|[0, 1, 1, 0, 1, 1, 0, 0, 0, 2, 0, 0, 0, 3, 0, 1, 1, 3, 1, 1]|[1, 0, 0, 1, 0, 0, 1, 1, 0, 2, 1, 1, 1, 2, 1, 0, 1, 0, 1, 1],203.680988390281;10730.053037185788;17590.401652550340,0,false,[2, 5, 18, 3, 17, 16, 10, 19, 9, 6, 12, 11, 0, 8, 4, 15, 7, 14, 1, 13]|[2, 2, 1, 2, 2, 2, 2, 1, 0, 0, 1, 2, 2, 0, 0, 1, 1, 0, 1, 1]|[0, 1, 1, 0, 1, 1, 0, 0, 0, 2, 0, 0, 0, 3, 0, 1, 1, 3, 1, 1]|[1, 0, 0, 1, 0, 0, 1, 1, 0, 2, 1, 1, 1, 2, 1, 0, 1, 0, 1, 1],203.680988390281;10730.053037185788;17590.401652550340,203.680988390281,NOT_APPLICABLE,NOT_APPLICABLE,NOT_APPLICABLE,35
76,2,31004,G2_TEC,PREVIOUS,[11, 5, 2, 4, 6, 8, 19, 14, 3, 12, 17, 1, 10, 16, 15, 7, 9, 18, 13, 0]|[0, 2, 2, 1, 0, 0, 2, 0, 0, 0, 1, 0, 1, 2, 1, 1, 1, 1, 1, 2]|[3, 0, 0, 1, 3, 3, 0, 2, 3, 2, 1, 3, 1, 0, 1, 1, 1, 1, 1, 0]|[2, 0, 1, 1, 0, 0, 1, 2, 1, 2, 1, 0, 1, 1, 1, 1, 1, 1, 1, 0],258.645731908626;9372.372018953449;16337.376022036387,0,false,[11, 5, 2, 4, 6, 8, 19, 14, 3, 12, 17, 1, 10, 16, 15, 7, 9, 18, 13, 0]|[0, 2, 2, 1, 0, 0, 2, 0, 0, 0, 1, 0, 1, 2, 1, 1, 1, 1, 1, 2]|[3, 0, 0, 1, 3, 3, 0, 2, 3, 2, 1, 3, 1, 0, 1, 1, 1, 1, 1, 0]|[2, 0, 1, 1, 0, 0, 1, 2, 1, 2, 1, 0, 1, 1, 1, 1, 1, 1, 1, 0],258.645731908626;9372.372018953449;16337.376022036387,9372.372018953449,NOT_APPLICABLE,NOT_APPLICABLE,NOT_APPLICABLE,12
76,2,31004,G2_TEC,HISTORICAL,[11, 5, 2, 4, 6, 8, 19, 14, 3, 12, 17, 1, 10, 16, 15, 7, 9, 18, 13, 0]|[0, 2, 2, 1, 0, 0, 2, 0, 0, 0, 1, 0, 1, 2, 1, 1, 1, 1, 1, 2]|[3, 0, 0, 1, 3, 3, 0, 2, 3, 2, 1, 3, 1, 0, 1, 1, 1, 1, 1, 0]|[2, 0, 1, 1, 0, 0, 1, 2, 1, 2, 1, 0, 1, 1, 1, 1, 1, 1, 1, 0],258.645731908626;9372.372018953449;16337.376022036387,0,false,[11, 5, 2, 4, 6, 8, 19, 14, 3, 12, 17, 1, 10, 16, 15, 7, 9, 18, 13, 0]|[0, 2, 2, 1, 0, 0, 2, 0, 0, 0, 1, 0, 1, 2, 1, 1, 1, 1, 1, 2]|[3, 0, 0, 1, 3, 3, 0, 2, 3, 2, 1, 3, 1, 0, 1, 1, 1, 1, 1, 0]|[2, 0, 1, 1, 0, 0, 1, 2, 1, 2, 1, 0, 1, 1, 1, 1, 1, 1, 1, 0],258.645731908626;9372.372018953449;16337.376022036387,9372.372018953449,NOT_APPLICABLE,NOT_APPLICABLE,NOT_APPLICABLE,44
76,2,31004,G3_TWC,PREVIOUS,[11, 5, 10, 2, 18, 6, 16, 3, 15, 12, 8, 0, 17, 7, 13, 1, 9, 4, 14, 19]|[0, 2, 1, 0, 0, 0, 2, 2, 1, 0, 1, 2, 1, 1, 1, 0, 1, 0, 0, 2]|[3, 0, 1, 3, 3, 3, 0, 0, 1, 3, 1, 0, 1, 1, 1, 3, 1, 3, 3, 0]|[2, 0, 1, 2, 0, 0, 1, 1, 1, 0, 1, 0, 1, 1, 1, 0, 1, 2, 0, 1],375.299130744772;8913.010217335846;16834.198963000825,0,false,[11, 5, 10, 2, 18, 6, 16, 3, 15, 12, 8, 0, 17, 7, 13, 1, 9, 4, 14, 19]|[0, 2, 1, 0, 0, 0, 2, 2, 1, 0, 1, 2, 1, 1, 1, 0, 1, 0, 0, 2]|[3, 0, 1, 3, 3, 3, 0, 0, 1, 3, 1, 0, 1, 1, 1, 3, 1, 3, 3, 0]|[2, 0, 1, 2, 0, 0, 1, 1, 1, 0, 1, 0, 1, 1, 1, 0, 1, 2, 0, 1],375.299130744772;8913.010217335846;16834.198963000825,16834.198963000825,NOT_APPLICABLE,NOT_APPLICABLE,NOT_APPLICABLE,40
76,2,31004,G3_TWC,HISTORICAL,[4, 11, 13, 1, 7, 12, 18, 5, 2, 16, 15, 8, 19, 10, 0, 6, 3, 17, 14, 9]|[0, 0, 1, 0, 1, 1, 0, 2, 2, 0, 1, 0, 2, 0, 2, 0, 0, 2, 0, 0]|[2, 0, 1, 3, 1, 1, 2, 0, 0, 3, 1, 3, 0, 3, 0, 2, 3, 0, 3, 3]|[1, 0, 0, 2, 1, 1, 1, 0, 1, 2, 0, 0, 1, 2, 0, 0, 1, 1, 0, 2],389.616876720221;10191.714139359137;13081.607148577272,0,false,[4, 11, 13, 1, 7, 12, 18, 5, 2, 16, 15, 8, 19, 10, 0, 6, 3, 17, 14, 9]|[0, 0, 1, 0, 1, 1, 0, 2, 2, 0, 1, 0, 2, 0, 2, 0, 0, 2, 0, 0]|[2, 0, 1, 3, 1, 1, 2, 0, 0, 3, 1, 3, 0, 3, 0, 2, 3, 0, 3, 3]|[1, 0, 0, 2, 1, 1, 1, 0, 1, 2, 0, 0, 1, 2, 0, 0, 1, 1, 0, 2],389.616876720221;10191.714139359137;13081.607148577272,13081.607148577272,NOT_APPLICABLE,NOT_APPLICABLE,NOT_APPLICABLE,16
76,2,31004,G4_BALANCED,PREVIOUS,[19, 5, 2, 4, 6, 8, 11, 14, 3, 12, 17, 13, 10, 16, 1, 7, 9, 15, 18, 0]|[1, 2, 2, 1, 0, 0, 2, 0, 0, 0, 1, 2, 1, 2, 0, 1, 1, 1, 0, 0]|[1, 0, 0, 1, 3, 3, 0, 2, 3, 2, 1, 0, 1, 0, 3, 1, 1, 1, 3, 3]|[1, 0, 1, 1, 0, 0, 1, 2, 1, 2, 1, 0, 1, 1, 0, 1, 1, 1, 2, 0],262.588858206848;9072.903381923461;15254.062527622624,0,false,[19, 5, 2, 4, 6, 8, 11, 14, 3, 12, 17, 13, 10, 16, 1, 7, 9, 15, 18, 0]|[1, 2, 2, 1, 0, 0, 2, 0, 0, 0, 1, 2, 1, 2, 0, 1, 1, 1, 0, 0]|[1, 0, 0, 1, 3, 3, 0, 2, 3, 2, 1, 0, 1, 0, 3, 1, 1, 1, 3, 3]|[1, 0, 1, 1, 0, 0, 1, 2, 1, 2, 1, 0, 1, 1, 0, 1, 1, 1, 2, 0],262.588858206848;9072.903381923461;15254.062527622624,0.310535849316,NOT_APPLICABLE,NOT_APPLICABLE,NOT_APPLICABLE,57
76,2,31004,G4_BALANCED,HISTORICAL,[19, 5, 2, 4, 6, 8, 11, 14, 3, 12, 17, 13, 10, 16, 1, 7, 9, 15, 18, 0]|[1, 2, 2, 1, 0, 0, 2, 0, 0, 0, 1, 2, 1, 2, 0, 1, 1, 1, 0, 0]|[1, 0, 0, 1, 3, 3, 0, 2, 3, 2, 1, 0, 1, 0, 3, 1, 1, 1, 3, 3]|[1, 0, 1, 1, 0, 0, 1, 2, 1, 2, 1, 0, 1, 1, 0, 1, 1, 1, 2, 0],262.588858206848;9072.903381923461;15254.062527622624,0,false,[19, 5, 2, 4, 6, 8, 11, 14, 3, 12, 17, 13, 10, 16, 1, 7, 9, 15, 18, 0]|[1, 2, 2, 1, 0, 0, 2, 0, 0, 0, 1, 2, 1, 2, 0, 1, 1, 1, 0, 0]|[1, 0, 0, 1, 3, 3, 0, 2, 3, 2, 1, 0, 1, 0, 3, 1, 1, 1, 3, 3]|[1, 0, 1, 1, 0, 0, 1, 2, 1, 2, 1, 0, 1, 1, 0, 1, 1, 1, 2, 0],262.588858206848;9072.903381923461;15254.062527622624,0.310535849316,NOT_APPLICABLE,NOT_APPLICABLE,NOT_APPLICABLE,8
77,2,31104,G1_CMAX,PREVIOUS,[2, 5, 18, 3, 17, 16, 10, 19, 9, 6, 12, 11, 0, 8, 4, 15, 7, 14, 1, 13]|[2, 2, 1, 2, 2, 2, 2, 1, 0, 0, 1, 2, 2, 0, 0, 1, 1, 0, 1, 1]|[0, 1, 1, 0, 1, 1, 0, 0, 0, 2, 0, 0, 0, 3, 0, 1, 1, 3, 1, 1]|[1, 0, 0, 1, 0, 0, 1, 1, 0, 2, 1, 1, 1, 2, 1, 0, 1, 0, 1, 1],203.680988390281;10730.053037185788;17590.401652550340,0,false,[2, 5, 18, 3, 17, 16, 10, 19, 9, 6, 12, 11, 0, 8, 4, 15, 7, 14, 1, 13]|[2, 2, 1, 2, 2, 2, 2, 1, 0, 0, 1, 2, 2, 0, 0, 1, 1, 0, 1, 1]|[0, 1, 1, 0, 1, 1, 0, 0, 0, 2, 0, 0, 0, 3, 0, 1, 1, 3, 1, 1]|[1, 0, 0, 1, 0, 0, 1, 1, 0, 2, 1, 1, 1, 2, 1, 0, 1, 0, 1, 1],203.680988390281;10730.053037185788;17590.401652550340,203.680988390281,NOT_APPLICABLE,NOT_APPLICABLE,NOT_APPLICABLE,23
77,2,31104,G1_CMAX,HISTORICAL,[2, 5, 18, 3, 17, 16, 10, 19, 9, 6, 12, 11, 0, 8, 4, 15, 7, 14, 1, 13]|[2, 2, 1, 2, 2, 2, 2, 1, 0, 0, 1, 2, 2, 0, 0, 1, 1, 0, 1, 1]|[0, 1, 1, 0, 1, 1, 0, 0, 0, 2, 0, 0, 0, 3, 0, 1, 1, 3, 1, 1]|[1, 0, 0, 1, 0, 0, 1, 1, 0, 2, 1, 1, 1, 2, 1, 0, 1, 0, 1, 1],203.680988390281;10730.053037185788;17590.401652550340,0,false,[2, 5, 18, 3, 17, 16, 10, 19, 9, 6, 12, 11, 0, 8, 4, 15, 7, 14, 1, 13]|[2, 2, 1, 2, 2, 2, 2, 1, 0, 0, 1, 2, 2, 0, 0, 1, 1, 0, 1, 1]|[0, 1, 1, 0, 1, 1, 0, 0, 0, 2, 0, 0, 0, 3, 0, 1, 1, 3, 1, 1]|[1, 0, 0, 1, 0, 0, 1, 1, 0, 2, 1, 1, 1, 2, 1, 0, 1, 0, 1, 1],203.680988390281;10730.053037185788;17590.401652550340,203.680988390281,NOT_APPLICABLE,NOT_APPLICABLE,NOT_APPLICABLE,35
77,2,31104,G2_TEC,PREVIOUS,[11, 5, 2, 4, 6, 8, 19, 14, 3, 12, 17, 1, 10, 16, 15, 7, 9, 18, 13, 0]|[0, 2, 2, 1, 0, 0, 2, 0, 0, 0, 1, 0, 1, 2, 1, 1, 1, 1, 1, 2]|[3, 0, 0, 1, 3, 3, 0, 2, 3, 2, 1, 3, 1, 0, 1, 1, 1, 1, 1, 0]|[2, 0, 1, 1, 0, 0, 1, 2, 1, 2, 1, 0, 1, 1, 1, 1, 1, 1, 1, 0],258.645731908626;9372.372018953449;16337.376022036387,1,true,[11, 5, 2, 4, 6, 8, 19, 14, 3, 12, 17, 13, 0, 10, 1, 7, 15, 18, 16, 9]|[2, 2, 1, 1, 2, 0, 2, 0, 0, 0, 1, 1, 0, 1, 0, 1, 1, 0, 2, 0]|[0, 0, 1, 1, 1, 3, 0, 2, 3, 2, 1, 1, 3, 1, 3, 1, 1, 3, 0, 3]|[1, 0, 1, 1, 1, 0, 1, 2, 1, 2, 1, 1, 0, 1, 0, 1, 1, 2, 1, 0],249.053053094689;9206.125663201607;15924.451400240634,9206.125663201607,31104,31104,0,12
77,2,31104,G2_TEC,HISTORICAL,[11, 5, 2, 4, 6, 8, 19, 14, 3, 12, 17, 1, 10, 16, 15, 7, 9, 18, 13, 0]|[0, 2, 2, 1, 0, 0, 2, 0, 0, 0, 1, 0, 1, 2, 1, 1, 1, 1, 1, 2]|[3, 0, 0, 1, 3, 3, 0, 2, 3, 2, 1, 3, 1, 0, 1, 1, 1, 1, 1, 0]|[2, 0, 1, 1, 0, 0, 1, 2, 1, 2, 1, 0, 1, 1, 1, 1, 1, 1, 1, 0],258.645731908626;9372.372018953449;16337.376022036387,1,true,[11, 5, 2, 4, 6, 8, 19, 14, 3, 12, 17, 13, 0, 10, 1, 7, 15, 18, 16, 9]|[2, 2, 1, 1, 2, 0, 2, 0, 0, 0, 1, 1, 0, 1, 0, 1, 1, 0, 2, 0]|[0, 0, 1, 1, 1, 3, 0, 2, 3, 2, 1, 1, 3, 1, 3, 1, 1, 3, 0, 3]|[1, 0, 1, 1, 1, 0, 1, 2, 1, 2, 1, 1, 0, 1, 0, 1, 1, 2, 1, 0],249.053053094689;9206.125663201607;15924.451400240634,9206.125663201607,31104,31104,0,45
77,2,31104,G3_TWC,PREVIOUS,[4, 11, 13, 1, 7, 12, 18, 5, 2, 16, 15, 8, 19, 10, 0, 6, 3, 17, 14, 9]|[0, 0, 1, 0, 1, 1, 0, 2, 2, 0, 1, 0, 2, 0, 2, 0, 0, 2, 0, 0]|[2, 0, 1, 3, 1, 1, 2, 0, 0, 3, 1, 3, 0, 3, 0, 2, 3, 0, 3, 3]|[1, 0, 0, 2, 1, 1, 1, 0, 1, 2, 0, 0, 1, 2, 0, 0, 1, 1, 0, 2],389.616876720221;10191.714139359137;13081.607148577272,0,false,[4, 11, 13, 1, 7, 12, 18, 5, 2, 16, 15, 8, 19, 10, 0, 6, 3, 17, 14, 9]|[0, 0, 1, 0, 1, 1, 0, 2, 2, 0, 1, 0, 2, 0, 2, 0, 0, 2, 0, 0]|[2, 0, 1, 3, 1, 1, 2, 0, 0, 3, 1, 3, 0, 3, 0, 2, 3, 0, 3, 3]|[1, 0, 0, 2, 1, 1, 1, 0, 1, 2, 0, 0, 1, 2, 0, 0, 1, 1, 0, 2],389.616876720221;10191.714139359137;13081.607148577272,13081.607148577272,NOT_APPLICABLE,NOT_APPLICABLE,NOT_APPLICABLE,40
77,2,31104,G3_TWC,HISTORICAL,[4, 11, 13, 1, 7, 12, 18, 5, 2, 16, 15, 8, 19, 10, 0, 6, 3, 17, 14, 9]|[0, 0, 1, 0, 1, 1, 0, 2, 2, 0, 1, 0, 2, 0, 2, 0, 0, 2, 0, 0]|[2, 0, 1, 3, 1, 1, 2, 0, 0, 3, 1, 3, 0, 3, 0, 2, 3, 0, 3, 3]|[1, 0, 0, 2, 1, 1, 1, 0, 1, 2, 0, 0, 1, 2, 0, 0, 1, 1, 0, 2],389.616876720221;10191.714139359137;13081.607148577272,0,false,[4, 11, 13, 1, 7, 12, 18, 5, 2, 16, 15, 8, 19, 10, 0, 6, 3, 17, 14, 9]|[0, 0, 1, 0, 1, 1, 0, 2, 2, 0, 1, 0, 2, 0, 2, 0, 0, 2, 0, 0]|[2, 0, 1, 3, 1, 1, 2, 0, 0, 3, 1, 3, 0, 3, 0, 2, 3, 0, 3, 3]|[1, 0, 0, 2, 1, 1, 1, 0, 1, 2, 0, 0, 1, 2, 0, 0, 1, 1, 0, 2],389.616876720221;10191.714139359137;13081.607148577272,13081.607148577272,NOT_APPLICABLE,NOT_APPLICABLE,NOT_APPLICABLE,16
77,2,31104,G4_BALANCED,PREVIOUS,[11, 5, 2, 4, 6, 8, 19, 14, 3, 12, 17, 13, 0, 10, 15, 7, 9, 18, 16, 1]|[0, 2, 2, 1, 0, 0, 2, 0, 0, 0, 1, 2, 0, 1, 1, 1, 1, 0, 2, 0]|[3, 0, 0, 1, 3, 3, 0, 2, 3, 2, 1, 0, 3, 1, 1, 1, 1, 3, 0, 3]|[2, 0, 1, 1, 0, 0, 1, 2, 1, 2, 1, 0, 0, 1, 1, 1, 1, 2, 1, 0],304.140166797682;9169.028515364625;14353.878438777150,0,false,[11, 5, 2, 4, 6, 8, 19, 14, 3, 12, 17, 13, 0, 10, 15, 7, 9, 18, 16, 1]|[0, 2, 2, 1, 0, 0, 2, 0, 0, 0, 1, 2, 0, 1, 1, 1, 1, 0, 2, 0]|[3, 0, 0, 1, 3, 3, 0, 2, 3, 2, 1, 0, 3, 1, 1, 1, 1, 3, 0, 3]|[2, 0, 1, 1, 0, 0, 1, 2, 1, 2, 1, 0, 0, 1, 1, 1, 1, 2, 1, 0],304.140166797682;9169.028515364625;14353.878438777150,0.379666624583,NOT_APPLICABLE,NOT_APPLICABLE,NOT_APPLICABLE,57
77,2,31104,G4_BALANCED,HISTORICAL,[11, 5, 2, 4, 6, 8, 19, 14, 3, 12, 17, 13, 0, 10, 15, 7, 9, 18, 16, 1]|[0, 2, 2, 1, 0, 0, 2, 0, 0, 0, 1, 2, 0, 1, 1, 1, 1, 0, 2, 0]|[3, 0, 0, 1, 3, 3, 0, 2, 3, 2, 1, 0, 3, 1, 1, 1, 1, 3, 0, 3]|[2, 0, 1, 1, 0, 0, 1, 2, 1, 2, 1, 0, 0, 1, 1, 1, 1, 2, 1, 0],304.140166797682;9169.028515364625;14353.878438777150,0,false,[11, 5, 2, 4, 6, 8, 19, 14, 3, 12, 17, 13, 0, 10, 15, 7, 9, 18, 16, 1]|[0, 2, 2, 1, 0, 0, 2, 0, 0, 0, 1, 2, 0, 1, 1, 1, 1, 0, 2, 0]|[3, 0, 0, 1, 3, 3, 0, 2, 3, 2, 1, 0, 3, 1, 1, 1, 1, 3, 0, 3]|[2, 0, 1, 1, 0, 0, 1, 2, 1, 2, 1, 0, 0, 1, 1, 1, 1, 2, 1, 0],304.140166797682;9169.028515364625;14353.878438777150,0.379666624583,NOT_APPLICABLE,NOT_APPLICABLE,NOT_APPLICABLE,8
78,2,31204,G1_CMAX,PREVIOUS,[2, 5, 18, 3, 17, 16, 10, 19, 9, 6, 12, 11, 0, 8, 4, 15, 7, 14, 1, 13]|[2, 2, 1, 2, 2, 2, 2, 1, 0, 0, 1, 2, 2, 0, 0, 1, 1, 0, 1, 1]|[0, 1, 1, 0, 1, 1, 0, 0, 0, 2, 0, 0, 0, 3, 0, 1, 1, 3, 1, 1]|[1, 0, 0, 1, 0, 0, 1, 1, 0, 2, 1, 1, 1, 2, 1, 0, 1, 0, 1, 1],203.680988390281;10730.053037185788;17590.401652550340,0,false,[2, 5, 18, 3, 17, 16, 10, 19, 9, 6, 12, 11, 0, 8, 4, 15, 7, 14, 1, 13]|[2, 2, 1, 2, 2, 2, 2, 1, 0, 0, 1, 2, 2, 0, 0, 1, 1, 0, 1, 1]|[0, 1, 1, 0, 1, 1, 0, 0, 0, 2, 0, 0, 0, 3, 0, 1, 1, 3, 1, 1]|[1, 0, 0, 1, 0, 0, 1, 1, 0, 2, 1, 1, 1, 2, 1, 0, 1, 0, 1, 1],203.680988390281;10730.053037185788;17590.401652550340,203.680988390281,NOT_APPLICABLE,NOT_APPLICABLE,NOT_APPLICABLE,24
78,2,31204,G1_CMAX,HISTORICAL,[2, 5, 18, 3, 17, 16, 10, 19, 9, 6, 12, 11, 0, 8, 4, 15, 7, 14, 1, 13]|[2, 2, 1, 2, 2, 2, 2, 1, 0, 0, 1, 2, 2, 0, 0, 1, 1, 0, 1, 1]|[0, 1, 1, 0, 1, 1, 0, 0, 0, 2, 0, 0, 0, 3, 0, 1, 1, 3, 1, 1]|[1, 0, 0, 1, 0, 0, 1, 1, 0, 2, 1, 1, 1, 2, 1, 0, 1, 0, 1, 1],203.680988390281;10730.053037185788;17590.401652550340,0,false,[2, 5, 18, 3, 17, 16, 10, 19, 9, 6, 12, 11, 0, 8, 4, 15, 7, 14, 1, 13]|[2, 2, 1, 2, 2, 2, 2, 1, 0, 0, 1, 2, 2, 0, 0, 1, 1, 0, 1, 1]|[0, 1, 1, 0, 1, 1, 0, 0, 0, 2, 0, 0, 0, 3, 0, 1, 1, 3, 1, 1]|[1, 0, 0, 1, 0, 0, 1, 1, 0, 2, 1, 1, 1, 2, 1, 0, 1, 0, 1, 1],203.680988390281;10730.053037185788;17590.401652550340,203.680988390281,NOT_APPLICABLE,NOT_APPLICABLE,NOT_APPLICABLE,35
78,2,31204,G2_TEC,PREVIOUS,[11, 5, 2, 4, 6, 8, 19, 14, 3, 12, 17, 13, 0, 10, 1, 7, 15, 18, 16, 9]|[2, 2, 1, 1, 2, 0, 2, 0, 0, 0, 1, 1, 0, 1, 0, 1, 1, 0, 2, 0]|[0, 0, 1, 1, 1, 3, 0, 2, 3, 2, 1, 1, 3, 1, 3, 1, 1, 3, 0, 3]|[1, 0, 1, 1, 1, 0, 1, 2, 1, 2, 1, 1, 0, 1, 0, 1, 1, 2, 1, 0],249.053053094689;9206.125663201607;15924.451400240634,0,false,[11, 5, 2, 4, 6, 8, 19, 14, 3, 12, 17, 13, 0, 10, 1, 7, 15, 18, 16, 9]|[2, 2, 1, 1, 2, 0, 2, 0, 0, 0, 1, 1, 0, 1, 0, 1, 1, 0, 2, 0]|[0, 0, 1, 1, 1, 3, 0, 2, 3, 2, 1, 1, 3, 1, 3, 1, 1, 3, 0, 3]|[1, 0, 1, 1, 1, 0, 1, 2, 1, 2, 1, 1, 0, 1, 0, 1, 1, 2, 1, 0],249.053053094689;9206.125663201607;15924.451400240634,9206.125663201607,NOT_APPLICABLE,NOT_APPLICABLE,NOT_APPLICABLE,12
78,2,31204,G2_TEC,HISTORICAL,[11, 5, 2, 4, 6, 8, 19, 14, 3, 12, 17, 13, 0, 10, 1, 7, 15, 18, 16, 9]|[2, 2, 1, 1, 2, 0, 2, 0, 0, 0, 1, 1, 0, 1, 0, 1, 1, 0, 2, 0]|[0, 0, 1, 1, 1, 3, 0, 2, 3, 2, 1, 1, 3, 1, 3, 1, 1, 3, 0, 3]|[1, 0, 1, 1, 1, 0, 1, 2, 1, 2, 1, 1, 0, 1, 0, 1, 1, 2, 1, 0],249.053053094689;9206.125663201607;15924.451400240634,0,false,[11, 5, 2, 4, 6, 8, 19, 14, 3, 12, 17, 13, 0, 10, 1, 7, 15, 18, 16, 9]|[2, 2, 1, 1, 2, 0, 2, 0, 0, 0, 1, 1, 0, 1, 0, 1, 1, 0, 2, 0]|[0, 0, 1, 1, 1, 3, 0, 2, 3, 2, 1, 1, 3, 1, 3, 1, 1, 3, 0, 3]|[1, 0, 1, 1, 1, 0, 1, 2, 1, 2, 1, 1, 0, 1, 0, 1, 1, 2, 1, 0],249.053053094689;9206.125663201607;15924.451400240634,9206.125663201607,NOT_APPLICABLE,NOT_APPLICABLE,NOT_APPLICABLE,46
78,2,31204,G3_TWC,PREVIOUS,[11, 5, 2, 4, 17, 8, 19, 14, 3, 12, 6, 13, 10, 16, 1, 7, 9, 15, 18, 0]|[1, 2, 2, 1, 0, 0, 2, 0, 0, 0, 0, 2, 1, 2, 0, 1, 1, 1, 0, 0]|[1, 0, 0, 1, 3, 3, 0, 2, 3, 2, 3, 0, 1, 0, 3, 1, 1, 1, 3, 3]|[1, 0, 1, 1, 0, 0, 1, 2, 1, 2, 0, 0, 1, 1, 0, 1, 1, 1, 2, 0],296.565386351932;9135.076141692634;14959.538397647311,0,false,[11, 5, 2, 4, 17, 8, 19, 14, 3, 12, 6, 13, 10, 16, 1, 7, 9, 15, 18, 0]|[1, 2, 2, 1, 0, 0, 2, 0, 0, 0, 0, 2, 1, 2, 0, 1, 1, 1, 0, 0]|[1, 0, 0, 1, 3, 3, 0, 2, 3, 2, 3, 0, 1, 0, 3, 1, 1, 1, 3, 3]|[1, 0, 1, 1, 0, 0, 1, 2, 1, 2, 0, 0, 1, 1, 0, 1, 1, 1, 2, 0],296.565386351932;9135.076141692634;14959.538397647311,14959.538397647311,NOT_APPLICABLE,NOT_APPLICABLE,NOT_APPLICABLE,40
78,2,31204,G3_TWC,HISTORICAL,[4, 11, 13, 1, 7, 12, 18, 5, 2, 16, 15, 8, 19, 10, 0, 6, 3, 17, 14, 9]|[0, 0, 1, 0, 1, 1, 0, 2, 2, 0, 1, 0, 2, 0, 2, 0, 0, 2, 0, 0]|[2, 0, 1, 3, 1, 1, 2, 0, 0, 3, 1, 3, 0, 3, 0, 2, 3, 0, 3, 3]|[1, 0, 0, 2, 1, 1, 1, 0, 1, 2, 0, 0, 1, 2, 0, 0, 1, 1, 0, 2],389.616876720221;10191.714139359137;13081.607148577272,0,false,[4, 11, 13, 1, 7, 12, 18, 5, 2, 16, 15, 8, 19, 10, 0, 6, 3, 17, 14, 9]|[0, 0, 1, 0, 1, 1, 0, 2, 2, 0, 1, 0, 2, 0, 2, 0, 0, 2, 0, 0]|[2, 0, 1, 3, 1, 1, 2, 0, 0, 3, 1, 3, 0, 3, 0, 2, 3, 0, 3, 3]|[1, 0, 0, 2, 1, 1, 1, 0, 1, 2, 0, 0, 1, 2, 0, 0, 1, 1, 0, 2],389.616876720221;10191.714139359137;13081.607148577272,13081.607148577272,NOT_APPLICABLE,NOT_APPLICABLE,NOT_APPLICABLE,16
78,2,31204,G4_BALANCED,PREVIOUS,[19, 5, 2, 4, 6, 8, 11, 14, 3, 12, 9, 0, 1, 15, 10, 7, 17, 18, 16, 13]|[1, 2, 2, 1, 0, 0, 2, 0, 0, 0, 0, 2, 0, 1, 1, 1, 1, 0, 2, 0]|[1, 0, 0, 1, 3, 3, 0, 2, 3, 2, 3, 0, 3, 1, 1, 1, 1, 3, 0, 3]|[1, 0, 1, 1, 0, 0, 1, 2, 1, 2, 0, 0, 0, 1, 1, 1, 1, 2, 1, 0],297.980803300980;9090.660505463115;14557.029404042412,0,false,[19, 5, 2, 4, 6, 8, 11, 14, 3, 12, 9, 0, 1, 15, 10, 7, 17, 18, 16, 13]|[1, 2, 2, 1, 0, 0, 2, 0, 0, 0, 0, 2, 0, 1, 1, 1, 1, 0, 2, 0]|[1, 0, 0, 1, 3, 3, 0, 2, 3, 2, 3, 0, 3, 1, 1, 1, 1, 3, 0, 3]|[1, 0, 1, 1, 0, 0, 1, 2, 1, 2, 0, 0, 0, 1, 1, 1, 1, 2, 1, 0],297.980803300980;9090.660505463115;14557.029404042412,0.387536218109,NOT_APPLICABLE,NOT_APPLICABLE,NOT_APPLICABLE,57
78,2,31204,G4_BALANCED,HISTORICAL,[11, 5, 2, 4, 6, 8, 19, 14, 3, 12, 17, 13, 0, 10, 15, 7, 9, 18, 16, 1]|[0, 2, 2, 1, 0, 0, 2, 0, 0, 0, 1, 2, 0, 1, 1, 1, 1, 0, 2, 0]|[3, 0, 0, 1, 3, 3, 0, 2, 3, 2, 1, 0, 3, 1, 1, 1, 1, 3, 0, 3]|[2, 0, 1, 1, 0, 0, 1, 2, 1, 2, 1, 0, 0, 1, 1, 1, 1, 2, 1, 0],304.140166797682;9169.028515364625;14353.878438777150,0,false,[11, 5, 2, 4, 6, 8, 19, 14, 3, 12, 17, 13, 0, 10, 15, 7, 9, 18, 16, 1]|[0, 2, 2, 1, 0, 0, 2, 0, 0, 0, 1, 2, 0, 1, 1, 1, 1, 0, 2, 0]|[3, 0, 0, 1, 3, 3, 0, 2, 3, 2, 1, 0, 3, 1, 1, 1, 1, 3, 0, 3]|[2, 0, 1, 1, 0, 0, 1, 2, 1, 2, 1, 0, 0, 1, 1, 1, 1, 2, 1, 0],304.140166797682;9169.028515364625;14353.878438777150,0.411895496546,NOT_APPLICABLE,NOT_APPLICABLE,NOT_APPLICABLE,8
79,2,31304,G1_CMAX,PREVIOUS,[18, 0, 4, 9, 17, 16, 1, 2, 5, 19, 12, 11, 10, 13, 15, 3, 7, 6, 8, 14]|[0, 2, 1, 0, 2, 2, 0, 0, 2, 1, 1, 2, 2, 1, 1, 0, 2, 0, 0, 1]|[0, 0, 1, 0, 1, 1, 1, 3, 1, 0, 0, 0, 0, 1, 1, 0, 0, 2, 2, 0]|[0, 1, 0, 0, 0, 0, 0, 1, 0, 1, 1, 1, 1, 1, 0, 1, 1, 2, 0, 1],211.258968888294;11667.121489140967;16941.813340891020,0,false,[18, 0, 4, 9, 17, 16, 1, 2, 5, 19, 12, 11, 10, 13, 15, 3, 7, 6, 8, 14]|[0, 2, 1, 0, 2, 2, 0, 0, 2, 1, 1, 2, 2, 1, 1, 0, 2, 0, 0, 1]|[0, 0, 1, 0, 1, 1, 1, 3, 1, 0, 0, 0, 0, 1, 1, 0, 0, 2, 2, 0]|[0, 1, 0, 0, 0, 0, 0, 1, 0, 1, 1, 1, 1, 1, 0, 1, 1, 2, 0, 1],211.258968888294;11667.121489140967;16941.813340891020,211.258968888294,NOT_APPLICABLE,NOT_APPLICABLE,NOT_APPLICABLE,24
79,2,31304,G1_CMAX,HISTORICAL,[2, 5, 18, 3, 17, 16, 10, 19, 9, 6, 12, 11, 0, 8, 4, 15, 7, 14, 1, 13]|[2, 2, 1, 2, 2, 2, 2, 1, 0, 0, 1, 2, 2, 0, 0, 1, 1, 0, 1, 1]|[0, 1, 1, 0, 1, 1, 0, 0, 0, 2, 0, 0, 0, 3, 0, 1, 1, 3, 1, 1]|[1, 0, 0, 1, 0, 0, 1, 1, 0, 2, 1, 1, 1, 2, 1, 0, 1, 0, 1, 1],203.680988390281;10730.053037185788;17590.401652550340,0,false,[2, 5, 18, 3, 17, 16, 10, 19, 9, 6, 12, 11, 0, 8, 4, 15, 7, 14, 1, 13]|[2, 2, 1, 2, 2, 2, 2, 1, 0, 0, 1, 2, 2, 0, 0, 1, 1, 0, 1, 1]|[0, 1, 1, 0, 1, 1, 0, 0, 0, 2, 0, 0, 0, 3, 0, 1, 1, 3, 1, 1]|[1, 0, 0, 1, 0, 0, 1, 1, 0, 2, 1, 1, 1, 2, 1, 0, 1, 0, 1, 1],203.680988390281;10730.053037185788;17590.401652550340,203.680988390281,NOT_APPLICABLE,NOT_APPLICABLE,NOT_APPLICABLE,35
79,2,31304,G2_TEC,PREVIOUS,[11, 5, 2, 4, 6, 8, 19, 14, 3, 12, 17, 13, 0, 10, 1, 7, 15, 18, 16, 9]|[2, 2, 1, 1, 2, 0, 2, 0, 0, 0, 1, 1, 0, 1, 0, 1, 1, 0, 2, 0]|[0, 0, 1, 1, 1, 3, 0, 2, 3, 2, 1, 1, 3, 1, 3, 1, 1, 3, 0, 3]|[1, 0, 1, 1, 1, 0, 1, 2, 1, 2, 1, 1, 0, 1, 0, 1, 1, 2, 1, 0],249.053053094689;9206.125663201607;15924.451400240634,0,false,[11, 5, 2, 4, 6, 8, 19, 14, 3, 12, 17, 13, 0, 10, 1, 7, 15, 18, 16, 9]|[2, 2, 1, 1, 2, 0, 2, 0, 0, 0, 1, 1, 0, 1, 0, 1, 1, 0, 2, 0]|[0, 0, 1, 1, 1, 3, 0, 2, 3, 2, 1, 1, 3, 1, 3, 1, 1, 3, 0, 3]|[1, 0, 1, 1, 1, 0, 1, 2, 1, 2, 1, 1, 0, 1, 0, 1, 1, 2, 1, 0],249.053053094689;9206.125663201607;15924.451400240634,9206.125663201607,NOT_APPLICABLE,NOT_APPLICABLE,NOT_APPLICABLE,13
79,2,31304,G2_TEC,HISTORICAL,[11, 5, 2, 4, 6, 8, 19, 14, 3, 12, 17, 13, 0, 10, 1, 7, 15, 18, 16, 9]|[2, 2, 1, 1, 2, 0, 2, 0, 0, 0, 1, 1, 0, 1, 0, 1, 1, 0, 2, 0]|[0, 0, 1, 1, 1, 3, 0, 2, 3, 2, 1, 1, 3, 1, 3, 1, 1, 3, 0, 3]|[1, 0, 1, 1, 1, 0, 1, 2, 1, 2, 1, 1, 0, 1, 0, 1, 1, 2, 1, 0],249.053053094689;9206.125663201607;15924.451400240634,0,false,[11, 5, 2, 4, 6, 8, 19, 14, 3, 12, 17, 13, 0, 10, 1, 7, 15, 18, 16, 9]|[2, 2, 1, 1, 2, 0, 2, 0, 0, 0, 1, 1, 0, 1, 0, 1, 1, 0, 2, 0]|[0, 0, 1, 1, 1, 3, 0, 2, 3, 2, 1, 1, 3, 1, 3, 1, 1, 3, 0, 3]|[1, 0, 1, 1, 1, 0, 1, 2, 1, 2, 1, 1, 0, 1, 0, 1, 1, 2, 1, 0],249.053053094689;9206.125663201607;15924.451400240634,9206.125663201607,NOT_APPLICABLE,NOT_APPLICABLE,NOT_APPLICABLE,46
79,2,31304,G3_TWC,PREVIOUS,[18, 0, 4, 10, 16, 12, 9, 2, 14, 1, 15, 17, 8, 19, 13, 7, 3, 11, 6, 5]|[0, 2, 1, 2, 1, 2, 1, 2, 0, 0, 1, 1, 0, 2, 0, 0, 0, 0, 0, 0]|[1, 0, 1, 0, 1, 0, 1, 0, 2, 2, 1, 0, 3, 0, 3, 2, 3, 0, 2, 2]|[0, 0, 1, 1, 1, 0, 1, 0, 1, 0, 0, 1, 2, 1, 2, 2, 1, 0, 2, 2],309.293622717877;10545.967917948874;13888.943415368518,0,false,[18, 0, 4, 10, 16, 12, 9, 2, 14, 1, 15, 17, 8, 19, 13, 7, 3, 11, 6, 5]|[0, 2, 1, 2, 1, 2, 1, 2, 0, 0, 1, 1, 0, 2, 0, 0, 0, 0, 0, 0]|[1, 0, 1, 0, 1, 0, 1, 0, 2, 2, 1, 0, 3, 0, 3, 2, 3, 0, 2, 2]|[0, 0, 1, 1, 1, 0, 1, 0, 1, 0, 0, 1, 2, 1, 2, 2, 1, 0, 2, 2],309.293622717877;10545.967917948874;13888.943415368518,13888.943415368518,NOT_APPLICABLE,NOT_APPLICABLE,NOT_APPLICABLE,40
79,2,31304,G3_TWC,HISTORICAL,[4, 11, 13, 1, 7, 12, 18, 5, 2, 16, 15, 8, 19, 10, 0, 6, 3, 17, 14, 9]|[0, 0, 1, 0, 1, 1, 0, 2, 2, 0, 1, 0, 2, 0, 2, 0, 0, 2, 0, 0]|[2, 0, 1, 3, 1, 1, 2, 0, 0, 3, 1, 3, 0, 3, 0, 2, 3, 0, 3, 3]|[1, 0, 0, 2, 1, 1, 1, 0, 1, 2, 0, 0, 1, 2, 0, 0, 1, 1, 0, 2],389.616876720221;10191.714139359137;13081.607148577272,0,false,[4, 11, 13, 1, 7, 12, 18, 5, 2, 16, 15, 8, 19, 10, 0, 6, 3, 17, 14, 9]|[0, 0, 1, 0, 1, 1, 0, 2, 2, 0, 1, 0, 2, 0, 2, 0, 0, 2, 0, 0]|[2, 0, 1, 3, 1, 1, 2, 0, 0, 3, 1, 3, 0, 3, 0, 2, 3, 0, 3, 3]|[1, 0, 0, 2, 1, 1, 1, 0, 1, 2, 0, 0, 1, 2, 0, 0, 1, 1, 0, 2],389.616876720221;10191.714139359137;13081.607148577272,13081.607148577272,NOT_APPLICABLE,NOT_APPLICABLE,NOT_APPLICABLE,16
79,2,31304,G4_BALANCED,PREVIOUS,[19, 5, 2, 4, 6, 8, 11, 14, 3, 12, 9, 0, 1, 15, 10, 7, 17, 18, 16, 13]|[1, 2, 2, 1, 0, 0, 2, 0, 0, 0, 0, 2, 0, 1, 1, 1, 1, 0, 2, 0]|[1, 0, 0, 1, 3, 3, 0, 2, 3, 2, 3, 0, 3, 1, 1, 1, 1, 3, 0, 3]|[1, 0, 1, 1, 0, 0, 1, 2, 1, 2, 0, 0, 0, 1, 1, 1, 1, 2, 1, 0],297.980803300980;9090.660505463115;14557.029404042412,0,false,[19, 5, 2, 4, 6, 8, 11, 14, 3, 12, 9, 0, 1, 15, 10, 7, 17, 18, 16, 13]|[1, 2, 2, 1, 0, 0, 2, 0, 0, 0, 0, 2, 0, 1, 1, 1, 1, 0, 2, 0]|[1, 0, 0, 1, 3, 3, 0, 2, 3, 2, 3, 0, 3, 1, 1, 1, 1, 3, 0, 3]|[1, 0, 1, 1, 0, 0, 1, 2, 1, 2, 0, 0, 0, 1, 1, 1, 1, 2, 1, 0],297.980803300980;9090.660505463115;14557.029404042412,0.387536218109,NOT_APPLICABLE,NOT_APPLICABLE,NOT_APPLICABLE,58
79,2,31304,G4_BALANCED,HISTORICAL,[11, 5, 2, 4, 6, 8, 19, 14, 3, 12, 17, 13, 0, 10, 15, 7, 9, 18, 16, 1]|[0, 2, 2, 1, 0, 0, 2, 0, 0, 0, 1, 2, 0, 1, 1, 1, 1, 0, 2, 0]|[3, 0, 0, 1, 3, 3, 0, 2, 3, 2, 1, 0, 3, 1, 1, 1, 1, 3, 0, 3]|[2, 0, 1, 1, 0, 0, 1, 2, 1, 2, 1, 0, 0, 1, 1, 1, 1, 2, 1, 0],304.140166797682;9169.028515364625;14353.878438777150,0,false,[11, 5, 2, 4, 6, 8, 19, 14, 3, 12, 17, 13, 0, 10, 15, 7, 9, 18, 16, 1]|[0, 2, 2, 1, 0, 0, 2, 0, 0, 0, 1, 2, 0, 1, 1, 1, 1, 0, 2, 0]|[3, 0, 0, 1, 3, 3, 0, 2, 3, 2, 1, 0, 3, 1, 1, 1, 1, 3, 0, 3]|[2, 0, 1, 1, 0, 0, 1, 2, 1, 2, 1, 0, 0, 1, 1, 1, 1, 2, 1, 0],304.140166797682;9169.028515364625;14353.878438777150,0.411895496546,NOT_APPLICABLE,NOT_APPLICABLE,NOT_APPLICABLE,8
80,2,31404,G1_CMAX,PREVIOUS,[2, 5, 18, 3, 17, 16, 10, 19, 9, 6, 12, 11, 0, 8, 4, 15, 7, 14, 1, 13]|[2, 2, 1, 2, 2, 2, 2, 1, 0, 0, 1, 2, 2, 0, 0, 1, 1, 0, 1, 1]|[0, 1, 1, 0, 1, 1, 0, 0, 0, 2, 0, 0, 0, 3, 0, 1, 1, 3, 1, 1]|[1, 0, 0, 1, 0, 0, 1, 1, 0, 2, 1, 1, 1, 2, 1, 0, 1, 0, 1, 1],203.680988390281;10730.053037185788;17590.401652550340,0,false,[2, 5, 18, 3, 17, 16, 10, 19, 9, 6, 12, 11, 0, 8, 4, 15, 7, 14, 1, 13]|[2, 2, 1, 2, 2, 2, 2, 1, 0, 0, 1, 2, 2, 0, 0, 1, 1, 0, 1, 1]|[0, 1, 1, 0, 1, 1, 0, 0, 0, 2, 0, 0, 0, 3, 0, 1, 1, 3, 1, 1]|[1, 0, 0, 1, 0, 0, 1, 1, 0, 2, 1, 1, 1, 2, 1, 0, 1, 0, 1, 1],203.680988390281;10730.053037185788;17590.401652550340,203.680988390281,NOT_APPLICABLE,NOT_APPLICABLE,NOT_APPLICABLE,24
80,2,31404,G1_CMAX,HISTORICAL,[2, 5, 18, 3, 17, 16, 10, 19, 9, 6, 12, 11, 0, 8, 4, 15, 7, 14, 1, 13]|[2, 2, 1, 2, 2, 2, 2, 1, 0, 0, 1, 2, 2, 0, 0, 1, 1, 0, 1, 1]|[0, 1, 1, 0, 1, 1, 0, 0, 0, 2, 0, 0, 0, 3, 0, 1, 1, 3, 1, 1]|[1, 0, 0, 1, 0, 0, 1, 1, 0, 2, 1, 1, 1, 2, 1, 0, 1, 0, 1, 1],203.680988390281;10730.053037185788;17590.401652550340,0,false,[2, 5, 18, 3, 17, 16, 10, 19, 9, 6, 12, 11, 0, 8, 4, 15, 7, 14, 1, 13]|[2, 2, 1, 2, 2, 2, 2, 1, 0, 0, 1, 2, 2, 0, 0, 1, 1, 0, 1, 1]|[0, 1, 1, 0, 1, 1, 0, 0, 0, 2, 0, 0, 0, 3, 0, 1, 1, 3, 1, 1]|[1, 0, 0, 1, 0, 0, 1, 1, 0, 2, 1, 1, 1, 2, 1, 0, 1, 0, 1, 1],203.680988390281;10730.053037185788;17590.401652550340,203.680988390281,NOT_APPLICABLE,NOT_APPLICABLE,NOT_APPLICABLE,36
80,2,31404,G2_TEC,PREVIOUS,[11, 5, 2, 4, 6, 8, 19, 14, 3, 12, 17, 13, 0, 10, 1, 7, 15, 18, 16, 9]|[2, 2, 1, 1, 2, 0, 2, 0, 0, 0, 1, 1, 0, 1, 0, 1, 1, 0, 2, 0]|[0, 0, 1, 1, 1, 3, 0, 2, 3, 2, 1, 1, 3, 1, 3, 1, 1, 3, 0, 3]|[1, 0, 1, 1, 1, 0, 1, 2, 1, 2, 1, 1, 0, 1, 0, 1, 1, 2, 1, 0],249.053053094689;9206.125663201607;15924.451400240634,0,false,[11, 5, 2, 4, 6, 8, 19, 14, 3, 12, 17, 13, 0, 10, 1, 7, 15, 18, 16, 9]|[2, 2, 1, 1, 2, 0, 2, 0, 0, 0, 1, 1, 0, 1, 0, 1, 1, 0, 2, 0]|[0, 0, 1, 1, 1, 3, 0, 2, 3, 2, 1, 1, 3, 1, 3, 1, 1, 3, 0, 3]|[1, 0, 1, 1, 1, 0, 1, 2, 1, 2, 1, 1, 0, 1, 0, 1, 1, 2, 1, 0],249.053053094689;9206.125663201607;15924.451400240634,9206.125663201607,NOT_APPLICABLE,NOT_APPLICABLE,NOT_APPLICABLE,14
80,2,31404,G2_TEC,HISTORICAL,[11, 5, 2, 4, 6, 8, 19, 14, 3, 12, 17, 13, 0, 10, 1, 7, 15, 18, 16, 9]|[2, 2, 1, 1, 2, 0, 2, 0, 0, 0, 1, 1, 0, 1, 0, 1, 1, 0, 2, 0]|[0, 0, 1, 1, 1, 3, 0, 2, 3, 2, 1, 1, 3, 1, 3, 1, 1, 3, 0, 3]|[1, 0, 1, 1, 1, 0, 1, 2, 1, 2, 1, 1, 0, 1, 0, 1, 1, 2, 1, 0],249.053053094689;9206.125663201607;15924.451400240634,0,false,[11, 5, 2, 4, 6, 8, 19, 14, 3, 12, 17, 13, 0, 10, 1, 7, 15, 18, 16, 9]|[2, 2, 1, 1, 2, 0, 2, 0, 0, 0, 1, 1, 0, 1, 0, 1, 1, 0, 2, 0]|[0, 0, 1, 1, 1, 3, 0, 2, 3, 2, 1, 1, 3, 1, 3, 1, 1, 3, 0, 3]|[1, 0, 1, 1, 1, 0, 1, 2, 1, 2, 1, 1, 0, 1, 0, 1, 1, 2, 1, 0],249.053053094689;9206.125663201607;15924.451400240634,9206.125663201607,NOT_APPLICABLE,NOT_APPLICABLE,NOT_APPLICABLE,46
80,2,31404,G3_TWC,PREVIOUS,[18, 0, 4, 10, 16, 12, 9, 2, 14, 1, 15, 17, 8, 19, 13, 7, 3, 11, 6, 5]|[0, 2, 1, 2, 1, 2, 1, 2, 0, 0, 1, 1, 0, 2, 0, 0, 0, 0, 0, 0]|[1, 0, 1, 0, 1, 0, 1, 0, 2, 2, 1, 0, 3, 0, 3, 2, 3, 0, 2, 2]|[0, 0, 1, 1, 1, 0, 1, 0, 1, 0, 0, 1, 2, 1, 2, 2, 1, 0, 2, 2],309.293622717877;10545.967917948874;13888.943415368518,0,false,[18, 0, 4, 10, 16, 12, 9, 2, 14, 1, 15, 17, 8, 19, 13, 7, 3, 11, 6, 5]|[0, 2, 1, 2, 1, 2, 1, 2, 0, 0, 1, 1, 0, 2, 0, 0, 0, 0, 0, 0]|[1, 0, 1, 0, 1, 0, 1, 0, 2, 2, 1, 0, 3, 0, 3, 2, 3, 0, 2, 2]|[0, 0, 1, 1, 1, 0, 1, 0, 1, 0, 0, 1, 2, 1, 2, 2, 1, 0, 2, 2],309.293622717877;10545.967917948874;13888.943415368518,13888.943415368518,NOT_APPLICABLE,NOT_APPLICABLE,NOT_APPLICABLE,41
80,2,31404,G3_TWC,HISTORICAL,[4, 11, 13, 1, 7, 12, 18, 5, 2, 16, 15, 8, 19, 10, 0, 6, 3, 17, 14, 9]|[0, 0, 1, 0, 1, 1, 0, 2, 2, 0, 1, 0, 2, 0, 2, 0, 0, 2, 0, 0]|[2, 0, 1, 3, 1, 1, 2, 0, 0, 3, 1, 3, 0, 3, 0, 2, 3, 0, 3, 3]|[1, 0, 0, 2, 1, 1, 1, 0, 1, 2, 0, 0, 1, 2, 0, 0, 1, 1, 0, 2],389.616876720221;10191.714139359137;13081.607148577272,0,false,[4, 11, 13, 1, 7, 12, 18, 5, 2, 16, 15, 8, 19, 10, 0, 6, 3, 17, 14, 9]|[0, 0, 1, 0, 1, 1, 0, 2, 2, 0, 1, 0, 2, 0, 2, 0, 0, 2, 0, 0]|[2, 0, 1, 3, 1, 1, 2, 0, 0, 3, 1, 3, 0, 3, 0, 2, 3, 0, 3, 3]|[1, 0, 0, 2, 1, 1, 1, 0, 1, 2, 0, 0, 1, 2, 0, 0, 1, 1, 0, 2],389.616876720221;10191.714139359137;13081.607148577272,13081.607148577272,NOT_APPLICABLE,NOT_APPLICABLE,NOT_APPLICABLE,16
80,2,31404,G4_BALANCED,PREVIOUS,[11, 5, 2, 4, 6, 8, 19, 14, 3, 12, 17, 0, 13, 10, 15, 7, 9, 18, 16, 1]|[0, 2, 2, 1, 0, 0, 2, 0, 0, 0, 1, 2, 0, 1, 1, 1, 1, 0, 2, 1]|[3, 0, 0, 1, 3, 3, 0, 2, 3, 2, 1, 0, 3, 1, 1, 1, 1, 3, 0, 1]|[2, 0, 1, 1, 0, 0, 1, 2, 1, 2, 1, 0, 0, 1, 1, 1, 1, 2, 1, 1],281.713573305462;9212.439597465336;15081.018996275547,0,false,[11, 5, 2, 4, 6, 8, 19, 14, 3, 12, 17, 0, 13, 10, 15, 7, 9, 18, 16, 1]|[0, 2, 2, 1, 0, 0, 2, 0, 0, 0, 1, 2, 0, 1, 1, 1, 1, 0, 2, 1]|[3, 0, 0, 1, 3, 3, 0, 2, 3, 2, 1, 0, 3, 1, 1, 1, 1, 3, 0, 1]|[2, 0, 1, 1, 0, 0, 1, 2, 1, 2, 1, 0, 0, 1, 1, 1, 1, 2, 1, 1],281.713573305462;9212.439597465336;15081.018996275547,0.323201975608,NOT_APPLICABLE,NOT_APPLICABLE,NOT_APPLICABLE,58
80,2,31404,G4_BALANCED,HISTORICAL,[11, 5, 2, 4, 6, 8, 19, 14, 3, 12, 17, 0, 13, 10, 15, 7, 9, 18, 16, 1]|[0, 2, 2, 1, 0, 0, 2, 0, 0, 0, 1, 2, 0, 1, 1, 1, 1, 0, 2, 1]|[3, 0, 0, 1, 3, 3, 0, 2, 3, 2, 1, 0, 3, 1, 1, 1, 1, 3, 0, 1]|[2, 0, 1, 1, 0, 0, 1, 2, 1, 2, 1, 0, 0, 1, 1, 1, 1, 2, 1, 1],281.713573305462;9212.439597465336;15081.018996275547,0,false,[11, 5, 2, 4, 6, 8, 19, 14, 3, 12, 17, 0, 13, 10, 15, 7, 9, 18, 16, 1]|[0, 2, 2, 1, 0, 0, 2, 0, 0, 0, 1, 2, 0, 1, 1, 1, 1, 0, 2, 1]|[3, 0, 0, 1, 3, 3, 0, 2, 3, 2, 1, 0, 3, 1, 1, 1, 1, 3, 0, 1]|[2, 0, 1, 1, 0, 0, 1, 2, 1, 2, 1, 0, 0, 1, 1, 1, 1, 2, 1, 1],281.713573305462;9212.439597465336;15081.018996275547,0.323201975608,NOT_APPLICABLE,NOT_APPLICABLE,NOT_APPLICABLE,8
81,2,31504,G1_CMAX,PREVIOUS,[2, 5, 18, 3, 17, 16, 10, 19, 9, 6, 12, 11, 0, 8, 4, 15, 7, 14, 1, 13]|[2, 2, 1, 2, 2, 2, 2, 1, 0, 0, 1, 2, 2, 0, 0, 1, 1, 0, 1, 1]|[0, 1, 1, 0, 1, 1, 0, 0, 0, 2, 0, 0, 0, 3, 0, 1, 1, 3, 1, 1]|[1, 0, 0, 1, 0, 0, 1, 1, 0, 2, 1, 1, 1, 2, 1, 0, 1, 0, 1, 1],203.680988390281;10730.053037185788;17590.401652550340,0,false,[2, 5, 18, 3, 17, 16, 10, 19, 9, 6, 12, 11, 0, 8, 4, 15, 7, 14, 1, 13]|[2, 2, 1, 2, 2, 2, 2, 1, 0, 0, 1, 2, 2, 0, 0, 1, 1, 0, 1, 1]|[0, 1, 1, 0, 1, 1, 0, 0, 0, 2, 0, 0, 0, 3, 0, 1, 1, 3, 1, 1]|[1, 0, 0, 1, 0, 0, 1, 1, 0, 2, 1, 1, 1, 2, 1, 0, 1, 0, 1, 1],203.680988390281;10730.053037185788;17590.401652550340,203.680988390281,NOT_APPLICABLE,NOT_APPLICABLE,NOT_APPLICABLE,24
81,2,31504,G1_CMAX,HISTORICAL,[2, 5, 18, 3, 17, 16, 10, 19, 9, 6, 12, 11, 0, 8, 4, 15, 7, 14, 1, 13]|[2, 2, 1, 2, 2, 2, 2, 1, 0, 0, 1, 2, 2, 0, 0, 1, 1, 0, 1, 1]|[0, 1, 1, 0, 1, 1, 0, 0, 0, 2, 0, 0, 0, 3, 0, 1, 1, 3, 1, 1]|[1, 0, 0, 1, 0, 0, 1, 1, 0, 2, 1, 1, 1, 2, 1, 0, 1, 0, 1, 1],203.680988390281;10730.053037185788;17590.401652550340,0,false,[2, 5, 18, 3, 17, 16, 10, 19, 9, 6, 12, 11, 0, 8, 4, 15, 7, 14, 1, 13]|[2, 2, 1, 2, 2, 2, 2, 1, 0, 0, 1, 2, 2, 0, 0, 1, 1, 0, 1, 1]|[0, 1, 1, 0, 1, 1, 0, 0, 0, 2, 0, 0, 0, 3, 0, 1, 1, 3, 1, 1]|[1, 0, 0, 1, 0, 0, 1, 1, 0, 2, 1, 1, 1, 2, 1, 0, 1, 0, 1, 1],203.680988390281;10730.053037185788;17590.401652550340,203.680988390281,NOT_APPLICABLE,NOT_APPLICABLE,NOT_APPLICABLE,37
81,2,31504,G2_TEC,PREVIOUS,[11, 5, 2, 4, 6, 8, 19, 14, 3, 12, 17, 13, 0, 10, 1, 7, 15, 18, 16, 9]|[2, 2, 1, 1, 2, 0, 2, 0, 0, 0, 1, 1, 0, 1, 0, 1, 1, 0, 2, 0]|[0, 0, 1, 1, 1, 3, 0, 2, 3, 2, 1, 1, 3, 1, 3, 1, 1, 3, 0, 3]|[1, 0, 1, 1, 1, 0, 1, 2, 1, 2, 1, 1, 0, 1, 0, 1, 1, 2, 1, 0],249.053053094689;9206.125663201607;15924.451400240634,0,false,[11, 5, 2, 4, 6, 8, 19, 14, 3, 12, 17, 13, 0, 10, 1, 7, 15, 18, 16, 9]|[2, 2, 1, 1, 2, 0, 2, 0, 0, 0, 1, 1, 0, 1, 0, 1, 1, 0, 2, 0]|[0, 0, 1, 1, 1, 3, 0, 2, 3, 2, 1, 1, 3, 1, 3, 1, 1, 3, 0, 3]|[1, 0, 1, 1, 1, 0, 1, 2, 1, 2, 1, 1, 0, 1, 0, 1, 1, 2, 1, 0],249.053053094689;9206.125663201607;15924.451400240634,9206.125663201607,NOT_APPLICABLE,NOT_APPLICABLE,NOT_APPLICABLE,14
81,2,31504,G2_TEC,HISTORICAL,[11, 5, 2, 4, 6, 8, 19, 14, 3, 12, 17, 13, 0, 10, 1, 7, 15, 18, 16, 9]|[2, 2, 1, 1, 2, 0, 2, 0, 0, 0, 1, 1, 0, 1, 0, 1, 1, 0, 2, 0]|[0, 0, 1, 1, 1, 3, 0, 2, 3, 2, 1, 1, 3, 1, 3, 1, 1, 3, 0, 3]|[1, 0, 1, 1, 1, 0, 1, 2, 1, 2, 1, 1, 0, 1, 0, 1, 1, 2, 1, 0],249.053053094689;9206.125663201607;15924.451400240634,0,false,[11, 5, 2, 4, 6, 8, 19, 14, 3, 12, 17, 13, 0, 10, 1, 7, 15, 18, 16, 9]|[2, 2, 1, 1, 2, 0, 2, 0, 0, 0, 1, 1, 0, 1, 0, 1, 1, 0, 2, 0]|[0, 0, 1, 1, 1, 3, 0, 2, 3, 2, 1, 1, 3, 1, 3, 1, 1, 3, 0, 3]|[1, 0, 1, 1, 1, 0, 1, 2, 1, 2, 1, 1, 0, 1, 0, 1, 1, 2, 1, 0],249.053053094689;9206.125663201607;15924.451400240634,9206.125663201607,NOT_APPLICABLE,NOT_APPLICABLE,NOT_APPLICABLE,47
81,2,31504,G3_TWC,PREVIOUS,[4, 11, 13, 1, 7, 12, 18, 5, 2, 16, 15, 8, 19, 10, 0, 6, 3, 17, 14, 9]|[0, 0, 1, 0, 1, 1, 0, 2, 2, 0, 1, 0, 2, 0, 2, 0, 0, 2, 0, 0]|[2, 0, 1, 3, 1, 1, 2, 0, 0, 3, 1, 3, 0, 3, 0, 2, 3, 0, 3, 3]|[1, 0, 0, 2, 1, 1, 1, 0, 1, 2, 0, 0, 1, 2, 0, 0, 1, 1, 0, 2],389.616876720221;10191.714139359137;13081.607148577272,0,false,[4, 11, 13, 1, 7, 12, 18, 5, 2, 16, 15, 8, 19, 10, 0, 6, 3, 17, 14, 9]|[0, 0, 1, 0, 1, 1, 0, 2, 2, 0, 1, 0, 2, 0, 2, 0, 0, 2, 0, 0]|[2, 0, 1, 3, 1, 1, 2, 0, 0, 3, 1, 3, 0, 3, 0, 2, 3, 0, 3, 3]|[1, 0, 0, 2, 1, 1, 1, 0, 1, 2, 0, 0, 1, 2, 0, 0, 1, 1, 0, 2],389.616876720221;10191.714139359137;13081.607148577272,13081.607148577272,NOT_APPLICABLE,NOT_APPLICABLE,NOT_APPLICABLE,41
81,2,31504,G3_TWC,HISTORICAL,[4, 11, 13, 1, 7, 12, 18, 5, 2, 16, 15, 8, 19, 10, 0, 6, 3, 17, 14, 9]|[0, 0, 1, 0, 1, 1, 0, 2, 2, 0, 1, 0, 2, 0, 2, 0, 0, 2, 0, 0]|[2, 0, 1, 3, 1, 1, 2, 0, 0, 3, 1, 3, 0, 3, 0, 2, 3, 0, 3, 3]|[1, 0, 0, 2, 1, 1, 1, 0, 1, 2, 0, 0, 1, 2, 0, 0, 1, 1, 0, 2],389.616876720221;10191.714139359137;13081.607148577272,0,false,[4, 11, 13, 1, 7, 12, 18, 5, 2, 16, 15, 8, 19, 10, 0, 6, 3, 17, 14, 9]|[0, 0, 1, 0, 1, 1, 0, 2, 2, 0, 1, 0, 2, 0, 2, 0, 0, 2, 0, 0]|[2, 0, 1, 3, 1, 1, 2, 0, 0, 3, 1, 3, 0, 3, 0, 2, 3, 0, 3, 3]|[1, 0, 0, 2, 1, 1, 1, 0, 1, 2, 0, 0, 1, 2, 0, 0, 1, 1, 0, 2],389.616876720221;10191.714139359137;13081.607148577272,13081.607148577272,NOT_APPLICABLE,NOT_APPLICABLE,NOT_APPLICABLE,17
81,2,31504,G4_BALANCED,PREVIOUS,[18, 0, 4, 6, 7, 12, 1, 5, 9, 2, 14, 10, 19, 17, 13, 15, 11, 16, 3, 8]|[0, 0, 2, 0, 0, 1, 0, 2, 1, 2, 0, 2, 2, 0, 1, 0, 0, 1, 0, 0]|[1, 2, 0, 2, 3, 1, 2, 0, 1, 0, 2, 0, 0, 3, 1, 2, 0, 1, 3, 3]|[1, 0, 0, 2, 2, 1, 0, 1, 1, 1, 0, 1, 1, 1, 1, 0, 0, 1, 1, 2],343.776466567752;10266.844556147606;13215.531023821266,0,false,[18, 0, 4, 6, 7, 12, 1, 5, 9, 2, 14, 10, 19, 17, 13, 15, 11, 16, 3, 8]|[0, 0, 2, 0, 0, 1, 0, 2, 1, 2, 0, 2, 2, 0, 1, 0, 0, 1, 0, 0]|[1, 2, 0, 2, 3, 1, 2, 0, 1, 0, 2, 0, 0, 3, 1, 2, 0, 1, 3, 3]|[1, 0, 0, 2, 2, 1, 0, 1, 1, 1, 0, 1, 1, 1, 1, 0, 0, 1, 1, 2],343.776466567752;10266.844556147606;13215.531023821266,0.568650600025,NOT_APPLICABLE,NOT_APPLICABLE,NOT_APPLICABLE,58
81,2,31504,G4_BALANCED,HISTORICAL,[11, 5, 2, 4, 6, 8, 19, 14, 3, 12, 17, 0, 13, 10, 15, 7, 9, 18, 16, 1]|[0, 2, 2, 1, 0, 0, 2, 0, 0, 0, 1, 2, 0, 1, 1, 1, 1, 0, 2, 1]|[3, 0, 0, 1, 3, 3, 0, 2, 3, 2, 1, 0, 3, 1, 1, 1, 1, 3, 0, 1]|[2, 0, 1, 1, 0, 0, 1, 2, 1, 2, 1, 0, 0, 1, 1, 1, 1, 2, 1, 1],281.713573305462;9212.439597465336;15081.018996275547,0,false,[11, 5, 2, 4, 6, 8, 19, 14, 3, 12, 17, 0, 13, 10, 15, 7, 9, 18, 16, 1]|[0, 2, 2, 1, 0, 0, 2, 0, 0, 0, 1, 2, 0, 1, 1, 1, 1, 0, 2, 1]|[3, 0, 0, 1, 3, 3, 0, 2, 3, 2, 1, 0, 3, 1, 1, 1, 1, 3, 0, 1]|[2, 0, 1, 1, 0, 0, 1, 2, 1, 2, 1, 0, 0, 1, 1, 1, 1, 2, 1, 1],281.713573305462;9212.439597465336;15081.018996275547,0.323201975608,NOT_APPLICABLE,NOT_APPLICABLE,NOT_APPLICABLE,8
82,2,31604,G1_CMAX,PREVIOUS,[2, 5, 18, 3, 17, 16, 10, 19, 9, 6, 12, 11, 0, 8, 4, 15, 7, 14, 1, 13]|[2, 2, 1, 2, 2, 2, 2, 1, 0, 0, 1, 2, 2, 0, 0, 1, 1, 0, 1, 1]|[0, 1, 1, 0, 1, 1, 0, 0, 0, 2, 0, 0, 0, 3, 0, 1, 1, 3, 1, 1]|[1, 0, 0, 1, 0, 0, 1, 1, 0, 2, 1, 1, 1, 2, 1, 0, 1, 0, 1, 1],203.680988390281;10730.053037185788;17590.401652550340,0,false,[2, 5, 18, 3, 17, 16, 10, 19, 9, 6, 12, 11, 0, 8, 4, 15, 7, 14, 1, 13]|[2, 2, 1, 2, 2, 2, 2, 1, 0, 0, 1, 2, 2, 0, 0, 1, 1, 0, 1, 1]|[0, 1, 1, 0, 1, 1, 0, 0, 0, 2, 0, 0, 0, 3, 0, 1, 1, 3, 1, 1]|[1, 0, 0, 1, 0, 0, 1, 1, 0, 2, 1, 1, 1, 2, 1, 0, 1, 0, 1, 1],203.680988390281;10730.053037185788;17590.401652550340,203.680988390281,NOT_APPLICABLE,NOT_APPLICABLE,NOT_APPLICABLE,24
82,2,31604,G1_CMAX,HISTORICAL,[2, 5, 18, 3, 17, 16, 10, 19, 9, 6, 12, 11, 0, 8, 4, 15, 7, 14, 1, 13]|[2, 2, 1, 2, 2, 2, 2, 1, 0, 0, 1, 2, 2, 0, 0, 1, 1, 0, 1, 1]|[0, 1, 1, 0, 1, 1, 0, 0, 0, 2, 0, 0, 0, 3, 0, 1, 1, 3, 1, 1]|[1, 0, 0, 1, 0, 0, 1, 1, 0, 2, 1, 1, 1, 2, 1, 0, 1, 0, 1, 1],203.680988390281;10730.053037185788;17590.401652550340,0,false,[2, 5, 18, 3, 17, 16, 10, 19, 9, 6, 12, 11, 0, 8, 4, 15, 7, 14, 1, 13]|[2, 2, 1, 2, 2, 2, 2, 1, 0, 0, 1, 2, 2, 0, 0, 1, 1, 0, 1, 1]|[0, 1, 1, 0, 1, 1, 0, 0, 0, 2, 0, 0, 0, 3, 0, 1, 1, 3, 1, 1]|[1, 0, 0, 1, 0, 0, 1, 1, 0, 2, 1, 1, 1, 2, 1, 0, 1, 0, 1, 1],203.680988390281;10730.053037185788;17590.401652550340,203.680988390281,NOT_APPLICABLE,NOT_APPLICABLE,NOT_APPLICABLE,38
82,2,31604,G2_TEC,PREVIOUS,[11, 5, 2, 4, 6, 8, 19, 14, 3, 12, 17, 13, 0, 10, 1, 7, 15, 18, 16, 9]|[2, 2, 1, 1, 2, 0, 2, 0, 0, 0, 1, 1, 0, 1, 0, 1, 1, 0, 2, 0]|[0, 0, 1, 1, 1, 3, 0, 2, 3, 2, 1, 1, 3, 1, 3, 1, 1, 3, 0, 3]|[1, 0, 1, 1, 1, 0, 1, 2, 1, 2, 1, 1, 0, 1, 0, 1, 1, 2, 1, 0],249.053053094689;9206.125663201607;15924.451400240634,0,false,[11, 5, 2, 4, 6, 8, 19, 14, 3, 12, 17, 13, 0, 10, 1, 7, 15, 18, 16, 9]|[2, 2, 1, 1, 2, 0, 2, 0, 0, 0, 1, 1, 0, 1, 0, 1, 1, 0, 2, 0]|[0, 0, 1, 1, 1, 3, 0, 2, 3, 2, 1, 1, 3, 1, 3, 1, 1, 3, 0, 3]|[1, 0, 1, 1, 1, 0, 1, 2, 1, 2, 1, 1, 0, 1, 0, 1, 1, 2, 1, 0],249.053053094689;9206.125663201607;15924.451400240634,9206.125663201607,NOT_APPLICABLE,NOT_APPLICABLE,NOT_APPLICABLE,14
82,2,31604,G2_TEC,HISTORICAL,[11, 5, 2, 4, 6, 8, 19, 14, 3, 12, 17, 13, 0, 10, 1, 7, 15, 18, 16, 9]|[2, 2, 1, 1, 2, 0, 2, 0, 0, 0, 1, 1, 0, 1, 0, 1, 1, 0, 2, 0]|[0, 0, 1, 1, 1, 3, 0, 2, 3, 2, 1, 1, 3, 1, 3, 1, 1, 3, 0, 3]|[1, 0, 1, 1, 1, 0, 1, 2, 1, 2, 1, 1, 0, 1, 0, 1, 1, 2, 1, 0],249.053053094689;9206.125663201607;15924.451400240634,0,false,[11, 5, 2, 4, 6, 8, 19, 14, 3, 12, 17, 13, 0, 10, 1, 7, 15, 18, 16, 9]|[2, 2, 1, 1, 2, 0, 2, 0, 0, 0, 1, 1, 0, 1, 0, 1, 1, 0, 2, 0]|[0, 0, 1, 1, 1, 3, 0, 2, 3, 2, 1, 1, 3, 1, 3, 1, 1, 3, 0, 3]|[1, 0, 1, 1, 1, 0, 1, 2, 1, 2, 1, 1, 0, 1, 0, 1, 1, 2, 1, 0],249.053053094689;9206.125663201607;15924.451400240634,9206.125663201607,NOT_APPLICABLE,NOT_APPLICABLE,NOT_APPLICABLE,48
82,2,31604,G3_TWC,PREVIOUS,[4, 11, 13, 1, 7, 12, 18, 5, 2, 16, 15, 8, 19, 10, 0, 6, 3, 17, 14, 9]|[0, 0, 1, 0, 1, 1, 0, 2, 2, 0, 1, 0, 2, 0, 2, 0, 0, 2, 0, 0]|[2, 0, 1, 3, 1, 1, 2, 0, 0, 3, 1, 3, 0, 3, 0, 2, 3, 0, 3, 3]|[1, 0, 0, 2, 1, 1, 1, 0, 1, 2, 0, 0, 1, 2, 0, 0, 1, 1, 0, 2],389.616876720221;10191.714139359137;13081.607148577272,0,false,[4, 11, 13, 1, 7, 12, 18, 5, 2, 16, 15, 8, 19, 10, 0, 6, 3, 17, 14, 9]|[0, 0, 1, 0, 1, 1, 0, 2, 2, 0, 1, 0, 2, 0, 2, 0, 0, 2, 0, 0]|[2, 0, 1, 3, 1, 1, 2, 0, 0, 3, 1, 3, 0, 3, 0, 2, 3, 0, 3, 3]|[1, 0, 0, 2, 1, 1, 1, 0, 1, 2, 0, 0, 1, 2, 0, 0, 1, 1, 0, 2],389.616876720221;10191.714139359137;13081.607148577272,13081.607148577272,NOT_APPLICABLE,NOT_APPLICABLE,NOT_APPLICABLE,41
82,2,31604,G3_TWC,HISTORICAL,[4, 11, 13, 1, 7, 12, 18, 5, 2, 16, 15, 8, 19, 10, 0, 6, 3, 17, 14, 9]|[0, 0, 1, 0, 1, 1, 0, 2, 2, 0, 1, 0, 2, 0, 2, 0, 0, 2, 0, 0]|[2, 0, 1, 3, 1, 1, 2, 0, 0, 3, 1, 3, 0, 3, 0, 2, 3, 0, 3, 3]|[1, 0, 0, 2, 1, 1, 1, 0, 1, 2, 0, 0, 1, 2, 0, 0, 1, 1, 0, 2],389.616876720221;10191.714139359137;13081.607148577272,0,false,[4, 11, 13, 1, 7, 12, 18, 5, 2, 16, 15, 8, 19, 10, 0, 6, 3, 17, 14, 9]|[0, 0, 1, 0, 1, 1, 0, 2, 2, 0, 1, 0, 2, 0, 2, 0, 0, 2, 0, 0]|[2, 0, 1, 3, 1, 1, 2, 0, 0, 3, 1, 3, 0, 3, 0, 2, 3, 0, 3, 3]|[1, 0, 0, 2, 1, 1, 1, 0, 1, 2, 0, 0, 1, 2, 0, 0, 1, 1, 0, 2],389.616876720221;10191.714139359137;13081.607148577272,13081.607148577272,NOT_APPLICABLE,NOT_APPLICABLE,NOT_APPLICABLE,18
82,2,31604,G4_BALANCED,PREVIOUS,[11, 5, 2, 10, 13, 16, 8, 4, 9, 6, 12, 0, 7, 15, 18, 1, 17, 14, 3, 19]|[2, 2, 2, 0, 1, 1, 0, 2, 0, 2, 1, 2, 0, 0, 0, 0, 2, 0, 0, 1]|[0, 1, 0, 2, 1, 1, 3, 0, 0, 0, 1, 0, 3, 2, 3, 1, 1, 3, 3, 0]|[1, 0, 1, 1, 1, 1, 2, 1, 0, 1, 1, 1, 2, 0, 2, 0, 0, 0, 1, 1],257.899279868628;10330.909782309423;15530.979142880034,0,false,[11, 5, 2, 10, 13, 16, 8, 4, 9, 6, 12, 0, 7, 15, 18, 1, 17, 14, 3, 19]|[2, 2, 2, 0, 1, 1, 0, 2, 0, 2, 1, 2, 0, 0, 0, 0, 2, 0, 0, 1]|[0, 1, 0, 2, 1, 1, 3, 0, 0, 0, 1, 0, 3, 2, 3, 1, 1, 3, 3, 0]|[1, 0, 1, 1, 1, 1, 2, 1, 0, 1, 1, 1, 2, 0, 2, 0, 0, 0, 1, 1],257.899279868628;10330.909782309423;15530.979142880034,0.546113402170,NOT_APPLICABLE,NOT_APPLICABLE,NOT_APPLICABLE,58
82,2,31604,G4_BALANCED,HISTORICAL,[11, 5, 2, 10, 13, 16, 8, 4, 9, 6, 12, 0, 7, 15, 18, 1, 17, 14, 3, 19]|[2, 2, 2, 0, 1, 1, 0, 2, 0, 2, 1, 2, 0, 0, 0, 0, 2, 0, 0, 1]|[0, 1, 0, 2, 1, 1, 3, 0, 0, 0, 1, 0, 3, 2, 3, 1, 1, 3, 3, 0]|[1, 0, 1, 1, 1, 1, 2, 1, 0, 1, 1, 1, 2, 0, 2, 0, 0, 0, 1, 1],257.899279868628;10330.909782309423;15530.979142880034,0,false,[11, 5, 2, 10, 13, 16, 8, 4, 9, 6, 12, 0, 7, 15, 18, 1, 17, 14, 3, 19]|[2, 2, 2, 0, 1, 1, 0, 2, 0, 2, 1, 2, 0, 0, 0, 0, 2, 0, 0, 1]|[0, 1, 0, 2, 1, 1, 3, 0, 0, 0, 1, 0, 3, 2, 3, 1, 1, 3, 3, 0]|[1, 0, 1, 1, 1, 1, 2, 1, 0, 1, 1, 1, 2, 0, 2, 0, 0, 0, 1, 1],257.899279868628;10330.909782309423;15530.979142880034,0.546113402170,NOT_APPLICABLE,NOT_APPLICABLE,NOT_APPLICABLE,8
83,2,31704,G1_CMAX,PREVIOUS,[2, 5, 18, 3, 17, 16, 10, 19, 9, 6, 12, 11, 0, 8, 4, 15, 7, 14, 1, 13]|[2, 2, 1, 2, 2, 2, 2, 1, 0, 0, 1, 2, 2, 0, 0, 1, 1, 0, 1, 1]|[0, 1, 1, 0, 1, 1, 0, 0, 0, 2, 0, 0, 0, 3, 0, 1, 1, 3, 1, 1]|[1, 0, 0, 1, 0, 0, 1, 1, 0, 2, 1, 1, 1, 2, 1, 0, 1, 0, 1, 1],203.680988390281;10730.053037185788;17590.401652550340,0,false,[2, 5, 18, 3, 17, 16, 10, 19, 9, 6, 12, 11, 0, 8, 4, 15, 7, 14, 1, 13]|[2, 2, 1, 2, 2, 2, 2, 1, 0, 0, 1, 2, 2, 0, 0, 1, 1, 0, 1, 1]|[0, 1, 1, 0, 1, 1, 0, 0, 0, 2, 0, 0, 0, 3, 0, 1, 1, 3, 1, 1]|[1, 0, 0, 1, 0, 0, 1, 1, 0, 2, 1, 1, 1, 2, 1, 0, 1, 0, 1, 1],203.680988390281;10730.053037185788;17590.401652550340,203.680988390281,NOT_APPLICABLE,NOT_APPLICABLE,NOT_APPLICABLE,24
83,2,31704,G1_CMAX,HISTORICAL,[2, 5, 18, 3, 17, 16, 10, 19, 9, 6, 12, 11, 0, 8, 4, 15, 7, 14, 1, 13]|[2, 2, 1, 2, 2, 2, 2, 1, 0, 0, 1, 2, 2, 0, 0, 1, 1, 0, 1, 1]|[0, 1, 1, 0, 1, 1, 0, 0, 0, 2, 0, 0, 0, 3, 0, 1, 1, 3, 1, 1]|[1, 0, 0, 1, 0, 0, 1, 1, 0, 2, 1, 1, 1, 2, 1, 0, 1, 0, 1, 1],203.680988390281;10730.053037185788;17590.401652550340,0,false,[2, 5, 18, 3, 17, 16, 10, 19, 9, 6, 12, 11, 0, 8, 4, 15, 7, 14, 1, 13]|[2, 2, 1, 2, 2, 2, 2, 1, 0, 0, 1, 2, 2, 0, 0, 1, 1, 0, 1, 1]|[0, 1, 1, 0, 1, 1, 0, 0, 0, 2, 0, 0, 0, 3, 0, 1, 1, 3, 1, 1]|[1, 0, 0, 1, 0, 0, 1, 1, 0, 2, 1, 1, 1, 2, 1, 0, 1, 0, 1, 1],203.680988390281;10730.053037185788;17590.401652550340,203.680988390281,NOT_APPLICABLE,NOT_APPLICABLE,NOT_APPLICABLE,39
83,2,31704,G2_TEC,PREVIOUS,[11, 5, 2, 4, 6, 8, 19, 14, 3, 12, 17, 13, 0, 10, 1, 7, 15, 18, 16, 9]|[2, 2, 1, 1, 2, 0, 2, 0, 0, 0, 1, 1, 0, 1, 0, 1, 1, 0, 2, 0]|[0, 0, 1, 1, 1, 3, 0, 2, 3, 2, 1, 1, 3, 1, 3, 1, 1, 3, 0, 3]|[1, 0, 1, 1, 1, 0, 1, 2, 1, 2, 1, 1, 0, 1, 0, 1, 1, 2, 1, 0],249.053053094689;9206.125663201607;15924.451400240634,0,false,[11, 5, 2, 4, 6, 8, 19, 14, 3, 12, 17, 13, 0, 10, 1, 7, 15, 18, 16, 9]|[2, 2, 1, 1, 2, 0, 2, 0, 0, 0, 1, 1, 0, 1, 0, 1, 1, 0, 2, 0]|[0, 0, 1, 1, 1, 3, 0, 2, 3, 2, 1, 1, 3, 1, 3, 1, 1, 3, 0, 3]|[1, 0, 1, 1, 1, 0, 1, 2, 1, 2, 1, 1, 0, 1, 0, 1, 1, 2, 1, 0],249.053053094689;9206.125663201607;15924.451400240634,9206.125663201607,NOT_APPLICABLE,NOT_APPLICABLE,NOT_APPLICABLE,14
83,2,31704,G2_TEC,HISTORICAL,[11, 5, 2, 4, 6, 8, 19, 14, 3, 12, 17, 13, 0, 10, 1, 7, 15, 18, 16, 9]|[2, 2, 1, 1, 2, 0, 2, 0, 0, 0, 1, 1, 0, 1, 0, 1, 1, 0, 2, 0]|[0, 0, 1, 1, 1, 3, 0, 2, 3, 2, 1, 1, 3, 1, 3, 1, 1, 3, 0, 3]|[1, 0, 1, 1, 1, 0, 1, 2, 1, 2, 1, 1, 0, 1, 0, 1, 1, 2, 1, 0],249.053053094689;9206.125663201607;15924.451400240634,0,false,[11, 5, 2, 4, 6, 8, 19, 14, 3, 12, 17, 13, 0, 10, 1, 7, 15, 18, 16, 9]|[2, 2, 1, 1, 2, 0, 2, 0, 0, 0, 1, 1, 0, 1, 0, 1, 1, 0, 2, 0]|[0, 0, 1, 1, 1, 3, 0, 2, 3, 2, 1, 1, 3, 1, 3, 1, 1, 3, 0, 3]|[1, 0, 1, 1, 1, 0, 1, 2, 1, 2, 1, 1, 0, 1, 0, 1, 1, 2, 1, 0],249.053053094689;9206.125663201607;15924.451400240634,9206.125663201607,NOT_APPLICABLE,NOT_APPLICABLE,NOT_APPLICABLE,49
83,2,31704,G3_TWC,PREVIOUS,[4, 11, 13, 1, 7, 12, 18, 5, 2, 16, 15, 8, 19, 10, 0, 6, 3, 17, 14, 9]|[0, 0, 1, 0, 1, 1, 0, 2, 2, 0, 1, 0, 2, 0, 2, 0, 0, 2, 0, 0]|[2, 0, 1, 3, 1, 1, 2, 0, 0, 3, 1, 3, 0, 3, 0, 2, 3, 0, 3, 3]|[1, 0, 0, 2, 1, 1, 1, 0, 1, 2, 0, 0, 1, 2, 0, 0, 1, 1, 0, 2],389.616876720221;10191.714139359137;13081.607148577272,0,false,[4, 11, 13, 1, 7, 12, 18, 5, 2, 16, 15, 8, 19, 10, 0, 6, 3, 17, 14, 9]|[0, 0, 1, 0, 1, 1, 0, 2, 2, 0, 1, 0, 2, 0, 2, 0, 0, 2, 0, 0]|[2, 0, 1, 3, 1, 1, 2, 0, 0, 3, 1, 3, 0, 3, 0, 2, 3, 0, 3, 3]|[1, 0, 0, 2, 1, 1, 1, 0, 1, 2, 0, 0, 1, 2, 0, 0, 1, 1, 0, 2],389.616876720221;10191.714139359137;13081.607148577272,13081.607148577272,NOT_APPLICABLE,NOT_APPLICABLE,NOT_APPLICABLE,41
83,2,31704,G3_TWC,HISTORICAL,[4, 11, 13, 1, 7, 12, 18, 5, 2, 16, 15, 8, 19, 10, 0, 6, 3, 17, 14, 9]|[0, 0, 1, 0, 1, 1, 0, 2, 2, 0, 1, 0, 2, 0, 2, 0, 0, 2, 0, 0]|[2, 0, 1, 3, 1, 1, 2, 0, 0, 3, 1, 3, 0, 3, 0, 2, 3, 0, 3, 3]|[1, 0, 0, 2, 1, 1, 1, 0, 1, 2, 0, 0, 1, 2, 0, 0, 1, 1, 0, 2],389.616876720221;10191.714139359137;13081.607148577272,0,false,[4, 11, 13, 1, 7, 12, 18, 5, 2, 16, 15, 8, 19, 10, 0, 6, 3, 17, 14, 9]|[0, 0, 1, 0, 1, 1, 0, 2, 2, 0, 1, 0, 2, 0, 2, 0, 0, 2, 0, 0]|[2, 0, 1, 3, 1, 1, 2, 0, 0, 3, 1, 3, 0, 3, 0, 2, 3, 0, 3, 3]|[1, 0, 0, 2, 1, 1, 1, 0, 1, 2, 0, 0, 1, 2, 0, 0, 1, 1, 0, 2],389.616876720221;10191.714139359137;13081.607148577272,13081.607148577272,NOT_APPLICABLE,NOT_APPLICABLE,NOT_APPLICABLE,19
83,2,31704,G4_BALANCED,PREVIOUS,[11, 5, 2, 4, 6, 8, 19, 14, 15, 12, 0, 13, 1, 10, 18, 7, 9, 17, 3, 16]|[0, 2, 2, 1, 0, 1, 2, 0, 0, 0, 0, 1, 0, 1, 0, 1, 1, 2, 0, 2]|[3, 0, 0, 1, 3, 1, 0, 3, 3, 2, 3, 1, 3, 1, 3, 1, 1, 0, 3, 0]|[2, 0, 1, 1, 0, 1, 1, 0, 0, 2, 0, 1, 0, 1, 2, 1, 1, 0, 1, 1],367.596766416123;9036.169903744618;15714.333805720184,1,true,[11, 5, 2, 4, 6, 8, 19, 14, 15, 12, 0, 17, 3, 16, 13, 10, 7, 9, 18, 1]|[0, 2, 2, 1, 1, 0, 2, 0, 1, 0, 0, 2, 0, 2, 1, 1, 1, 0, 0, 0]|[3, 0, 0, 1, 1, 3, 0, 3, 1, 2, 3, 0, 3, 0, 1, 1, 1, 3, 3, 3]|[2, 0, 1, 1, 1, 0, 1, 0, 1, 2, 0, 0, 1, 1, 1, 1, 1, 0, 2, 0],340.501265185400;8905.356283214902;15624.343092809613,0.553725727652,31704,31704,0,58
83,2,31704,G4_BALANCED,HISTORICAL,[11, 5, 2, 10, 13, 16, 8, 4, 9, 6, 12, 0, 7, 15, 18, 1, 17, 14, 3, 19]|[2, 2, 2, 0, 1, 1, 0, 2, 0, 2, 1, 2, 0, 0, 0, 0, 2, 0, 0, 1]|[0, 1, 0, 2, 1, 1, 3, 0, 0, 0, 1, 0, 3, 2, 3, 1, 1, 3, 3, 0]|[1, 0, 1, 1, 1, 1, 2, 1, 0, 1, 1, 1, 2, 0, 2, 0, 0, 0, 1, 1],257.899279868628;10330.909782309423;15530.979142880034,0,false,[11, 5, 2, 10, 13, 16, 8, 4, 9, 6, 12, 0, 7, 15, 18, 1, 17, 14, 3, 19]|[2, 2, 2, 0, 1, 1, 0, 2, 0, 2, 1, 2, 0, 0, 0, 0, 2, 0, 0, 1]|[0, 1, 0, 2, 1, 1, 3, 0, 0, 0, 1, 0, 3, 2, 3, 1, 1, 3, 3, 0]|[1, 0, 1, 1, 1, 1, 2, 1, 0, 1, 1, 1, 2, 0, 2, 0, 0, 0, 1, 1],257.899279868628;10330.909782309423;15530.979142880034,0.546113402170,NOT_APPLICABLE,NOT_APPLICABLE,NOT_APPLICABLE,8
84,2,31804,G1_CMAX,PREVIOUS,[2, 5, 18, 3, 17, 16, 10, 19, 9, 6, 12, 11, 0, 8, 4, 15, 7, 14, 1, 13]|[2, 2, 1, 2, 2, 2, 2, 1, 0, 0, 1, 2, 2, 0, 0, 1, 1, 0, 1, 1]|[0, 1, 1, 0, 1, 1, 0, 0, 0, 2, 0, 0, 0, 3, 0, 1, 1, 3, 1, 1]|[1, 0, 0, 1, 0, 0, 1, 1, 0, 2, 1, 1, 1, 2, 1, 0, 1, 0, 1, 1],203.680988390281;10730.053037185788;17590.401652550340,0,false,[2, 5, 18, 3, 17, 16, 10, 19, 9, 6, 12, 11, 0, 8, 4, 15, 7, 14, 1, 13]|[2, 2, 1, 2, 2, 2, 2, 1, 0, 0, 1, 2, 2, 0, 0, 1, 1, 0, 1, 1]|[0, 1, 1, 0, 1, 1, 0, 0, 0, 2, 0, 0, 0, 3, 0, 1, 1, 3, 1, 1]|[1, 0, 0, 1, 0, 0, 1, 1, 0, 2, 1, 1, 1, 2, 1, 0, 1, 0, 1, 1],203.680988390281;10730.053037185788;17590.401652550340,203.680988390281,NOT_APPLICABLE,NOT_APPLICABLE,NOT_APPLICABLE,24
84,2,31804,G1_CMAX,HISTORICAL,[2, 5, 18, 3, 17, 16, 10, 19, 9, 6, 12, 11, 0, 8, 4, 15, 7, 14, 1, 13]|[2, 2, 1, 2, 2, 2, 2, 1, 0, 0, 1, 2, 2, 0, 0, 1, 1, 0, 1, 1]|[0, 1, 1, 0, 1, 1, 0, 0, 0, 2, 0, 0, 0, 3, 0, 1, 1, 3, 1, 1]|[1, 0, 0, 1, 0, 0, 1, 1, 0, 2, 1, 1, 1, 2, 1, 0, 1, 0, 1, 1],203.680988390281;10730.053037185788;17590.401652550340,0,false,[2, 5, 18, 3, 17, 16, 10, 19, 9, 6, 12, 11, 0, 8, 4, 15, 7, 14, 1, 13]|[2, 2, 1, 2, 2, 2, 2, 1, 0, 0, 1, 2, 2, 0, 0, 1, 1, 0, 1, 1]|[0, 1, 1, 0, 1, 1, 0, 0, 0, 2, 0, 0, 0, 3, 0, 1, 1, 3, 1, 1]|[1, 0, 0, 1, 0, 0, 1, 1, 0, 2, 1, 1, 1, 2, 1, 0, 1, 0, 1, 1],203.680988390281;10730.053037185788;17590.401652550340,203.680988390281,NOT_APPLICABLE,NOT_APPLICABLE,NOT_APPLICABLE,40
84,2,31804,G2_TEC,PREVIOUS,[11, 5, 2, 4, 6, 8, 19, 14, 3, 12, 17, 13, 0, 10, 1, 7, 15, 18, 16, 9]|[2, 2, 1, 1, 2, 0, 2, 0, 0, 0, 1, 1, 0, 1, 0, 1, 1, 0, 2, 0]|[0, 0, 1, 1, 1, 3, 0, 2, 3, 2, 1, 1, 3, 1, 3, 1, 1, 3, 0, 3]|[1, 0, 1, 1, 1, 0, 1, 2, 1, 2, 1, 1, 0, 1, 0, 1, 1, 2, 1, 0],249.053053094689;9206.125663201607;15924.451400240634,0,false,[11, 5, 2, 4, 6, 8, 19, 14, 3, 12, 17, 13, 0, 10, 1, 7, 15, 18, 16, 9]|[2, 2, 1, 1, 2, 0, 2, 0, 0, 0, 1, 1, 0, 1, 0, 1, 1, 0, 2, 0]|[0, 0, 1, 1, 1, 3, 0, 2, 3, 2, 1, 1, 3, 1, 3, 1, 1, 3, 0, 3]|[1, 0, 1, 1, 1, 0, 1, 2, 1, 2, 1, 1, 0, 1, 0, 1, 1, 2, 1, 0],249.053053094689;9206.125663201607;15924.451400240634,9206.125663201607,NOT_APPLICABLE,NOT_APPLICABLE,NOT_APPLICABLE,14
84,2,31804,G2_TEC,HISTORICAL,[11, 5, 2, 4, 6, 8, 19, 14, 3, 12, 17, 13, 0, 10, 1, 7, 15, 18, 16, 9]|[2, 2, 1, 1, 2, 0, 2, 0, 0, 0, 1, 1, 0, 1, 0, 1, 1, 0, 2, 0]|[0, 0, 1, 1, 1, 3, 0, 2, 3, 2, 1, 1, 3, 1, 3, 1, 1, 3, 0, 3]|[1, 0, 1, 1, 1, 0, 1, 2, 1, 2, 1, 1, 0, 1, 0, 1, 1, 2, 1, 0],249.053053094689;9206.125663201607;15924.451400240634,0,false,[11, 5, 2, 4, 6, 8, 19, 14, 3, 12, 17, 13, 0, 10, 1, 7, 15, 18, 16, 9]|[2, 2, 1, 1, 2, 0, 2, 0, 0, 0, 1, 1, 0, 1, 0, 1, 1, 0, 2, 0]|[0, 0, 1, 1, 1, 3, 0, 2, 3, 2, 1, 1, 3, 1, 3, 1, 1, 3, 0, 3]|[1, 0, 1, 1, 1, 0, 1, 2, 1, 2, 1, 1, 0, 1, 0, 1, 1, 2, 1, 0],249.053053094689;9206.125663201607;15924.451400240634,9206.125663201607,NOT_APPLICABLE,NOT_APPLICABLE,NOT_APPLICABLE,50
84,2,31804,G3_TWC,PREVIOUS,[4, 11, 13, 1, 7, 12, 18, 5, 2, 16, 15, 8, 19, 10, 0, 6, 3, 17, 14, 9]|[0, 0, 1, 0, 1, 1, 0, 2, 2, 0, 1, 0, 2, 0, 2, 0, 0, 2, 0, 0]|[2, 0, 1, 3, 1, 1, 2, 0, 0, 3, 1, 3, 0, 3, 0, 2, 3, 0, 3, 3]|[1, 0, 0, 2, 1, 1, 1, 0, 1, 2, 0, 0, 1, 2, 0, 0, 1, 1, 0, 2],389.616876720221;10191.714139359137;13081.607148577272,0,false,[4, 11, 13, 1, 7, 12, 18, 5, 2, 16, 15, 8, 19, 10, 0, 6, 3, 17, 14, 9]|[0, 0, 1, 0, 1, 1, 0, 2, 2, 0, 1, 0, 2, 0, 2, 0, 0, 2, 0, 0]|[2, 0, 1, 3, 1, 1, 2, 0, 0, 3, 1, 3, 0, 3, 0, 2, 3, 0, 3, 3]|[1, 0, 0, 2, 1, 1, 1, 0, 1, 2, 0, 0, 1, 2, 0, 0, 1, 1, 0, 2],389.616876720221;10191.714139359137;13081.607148577272,13081.607148577272,NOT_APPLICABLE,NOT_APPLICABLE,NOT_APPLICABLE,41
84,2,31804,G3_TWC,HISTORICAL,[4, 11, 13, 1, 7, 12, 18, 5, 2, 16, 15, 8, 19, 10, 0, 6, 3, 17, 14, 9]|[0, 0, 1, 0, 1, 1, 0, 2, 2, 0, 1, 0, 2, 0, 2, 0, 0, 2, 0, 0]|[2, 0, 1, 3, 1, 1, 2, 0, 0, 3, 1, 3, 0, 3, 0, 2, 3, 0, 3, 3]|[1, 0, 0, 2, 1, 1, 1, 0, 1, 2, 0, 0, 1, 2, 0, 0, 1, 1, 0, 2],389.616876720221;10191.714139359137;13081.607148577272,0,false,[4, 11, 13, 1, 7, 12, 18, 5, 2, 16, 15, 8, 19, 10, 0, 6, 3, 17, 14, 9]|[0, 0, 1, 0, 1, 1, 0, 2, 2, 0, 1, 0, 2, 0, 2, 0, 0, 2, 0, 0]|[2, 0, 1, 3, 1, 1, 2, 0, 0, 3, 1, 3, 0, 3, 0, 2, 3, 0, 3, 3]|[1, 0, 0, 2, 1, 1, 1, 0, 1, 2, 0, 0, 1, 2, 0, 0, 1, 1, 0, 2],389.616876720221;10191.714139359137;13081.607148577272,13081.607148577272,NOT_APPLICABLE,NOT_APPLICABLE,NOT_APPLICABLE,20
84,2,31804,G4_BALANCED,PREVIOUS,[11, 5, 2, 4, 17, 8, 19, 14, 3, 12, 18, 0, 1, 16, 10, 13, 9, 15, 6, 7]|[2, 2, 1, 1, 1, 0, 2, 0, 0, 0, 0, 2, 0, 2, 1, 1, 1, 1, 0, 1]|[0, 0, 1, 1, 1, 3, 0, 2, 3, 2, 3, 0, 3, 0, 1, 1, 1, 1, 3, 1]|[1, 0, 1, 1, 1, 0, 1, 2, 1, 2, 0, 0, 0, 1, 1, 1, 1, 1, 2, 1],257.842590958761;9068.249514780975;16763.327651999185,0,false,[11, 5, 2, 4, 17, 8, 19, 14, 3, 12, 18, 0, 1, 16, 10, 13, 9, 15, 6, 7]|[2, 2, 1, 1, 1, 0, 2, 0, 0, 0, 0, 2, 0, 2, 1, 1, 1, 1, 0, 1]|[0, 0, 1, 1, 1, 3, 0, 2, 3, 2, 3, 0, 3, 0, 1, 1, 1, 1, 3, 1]|[1, 0, 1, 1, 1, 0, 1, 2, 1, 2, 0, 0, 0, 1, 1, 1, 1, 1, 2, 1],257.842590958761;9068.249514780975;16763.327651999185,0.503668745878,NOT_APPLICABLE,NOT_APPLICABLE,NOT_APPLICABLE,58
84,2,31804,G4_BALANCED,HISTORICAL,[11, 5, 2, 10, 13, 16, 8, 4, 9, 6, 12, 0, 7, 15, 18, 1, 17, 14, 3, 19]|[2, 2, 2, 0, 1, 1, 0, 2, 0, 2, 1, 2, 0, 0, 0, 0, 2, 0, 0, 1]|[0, 1, 0, 2, 1, 1, 3, 0, 0, 0, 1, 0, 3, 2, 3, 1, 1, 3, 3, 0]|[1, 0, 1, 1, 1, 1, 2, 1, 0, 1, 1, 1, 2, 0, 2, 0, 0, 0, 1, 1],257.899279868628;10330.909782309423;15530.979142880034,0,false,[11, 5, 2, 10, 13, 16, 8, 4, 9, 6, 12, 0, 7, 15, 18, 1, 17, 14, 3, 19]|[2, 2, 2, 0, 1, 1, 0, 2, 0, 2, 1, 2, 0, 0, 0, 0, 2, 0, 0, 1]|[0, 1, 0, 2, 1, 1, 3, 0, 0, 0, 1, 0, 3, 2, 3, 1, 1, 3, 3, 0]|[1, 0, 1, 1, 1, 1, 2, 1, 0, 1, 1, 1, 2, 0, 2, 0, 0, 0, 1, 1],257.899279868628;10330.909782309423;15530.979142880034,0.546113402170,NOT_APPLICABLE,NOT_APPLICABLE,NOT_APPLICABLE,8
85,2,31904,G1_CMAX,PREVIOUS,[2, 5, 18, 3, 17, 16, 10, 19, 9, 6, 12, 11, 0, 8, 4, 15, 7, 14, 1, 13]|[2, 2, 1, 2, 2, 2, 2, 1, 0, 0, 1, 2, 2, 0, 0, 1, 1, 0, 1, 1]|[0, 1, 1, 0, 1, 1, 0, 0, 0, 2, 0, 0, 0, 3, 0, 1, 1, 3, 1, 1]|[1, 0, 0, 1, 0, 0, 1, 1, 0, 2, 1, 1, 1, 2, 1, 0, 1, 0, 1, 1],203.680988390281;10730.053037185788;17590.401652550340,0,false,[2, 5, 18, 3, 17, 16, 10, 19, 9, 6, 12, 11, 0, 8, 4, 15, 7, 14, 1, 13]|[2, 2, 1, 2, 2, 2, 2, 1, 0, 0, 1, 2, 2, 0, 0, 1, 1, 0, 1, 1]|[0, 1, 1, 0, 1, 1, 0, 0, 0, 2, 0, 0, 0, 3, 0, 1, 1, 3, 1, 1]|[1, 0, 0, 1, 0, 0, 1, 1, 0, 2, 1, 1, 1, 2, 1, 0, 1, 0, 1, 1],203.680988390281;10730.053037185788;17590.401652550340,203.680988390281,NOT_APPLICABLE,NOT_APPLICABLE,NOT_APPLICABLE,24
85,2,31904,G1_CMAX,HISTORICAL,[2, 5, 18, 3, 17, 16, 10, 19, 9, 6, 12, 11, 0, 8, 4, 15, 7, 14, 1, 13]|[2, 2, 1, 2, 2, 2, 2, 1, 0, 0, 1, 2, 2, 0, 0, 1, 1, 0, 1, 1]|[0, 1, 1, 0, 1, 1, 0, 0, 0, 2, 0, 0, 0, 3, 0, 1, 1, 3, 1, 1]|[1, 0, 0, 1, 0, 0, 1, 1, 0, 2, 1, 1, 1, 2, 1, 0, 1, 0, 1, 1],203.680988390281;10730.053037185788;17590.401652550340,0,false,[2, 5, 18, 3, 17, 16, 10, 19, 9, 6, 12, 11, 0, 8, 4, 15, 7, 14, 1, 13]|[2, 2, 1, 2, 2, 2, 2, 1, 0, 0, 1, 2, 2, 0, 0, 1, 1, 0, 1, 1]|[0, 1, 1, 0, 1, 1, 0, 0, 0, 2, 0, 0, 0, 3, 0, 1, 1, 3, 1, 1]|[1, 0, 0, 1, 0, 0, 1, 1, 0, 2, 1, 1, 1, 2, 1, 0, 1, 0, 1, 1],203.680988390281;10730.053037185788;17590.401652550340,203.680988390281,NOT_APPLICABLE,NOT_APPLICABLE,NOT_APPLICABLE,41
85,2,31904,G2_TEC,PREVIOUS,[11, 5, 2, 4, 6, 8, 19, 14, 3, 12, 17, 13, 0, 10, 1, 7, 15, 18, 16, 9]|[2, 2, 1, 1, 2, 0, 2, 0, 0, 0, 1, 1, 0, 1, 0, 1, 1, 0, 2, 0]|[0, 0, 1, 1, 1, 3, 0, 2, 3, 2, 1, 1, 3, 1, 3, 1, 1, 3, 0, 3]|[1, 0, 1, 1, 1, 0, 1, 2, 1, 2, 1, 1, 0, 1, 0, 1, 1, 2, 1, 0],249.053053094689;9206.125663201607;15924.451400240634,0,false,[11, 5, 2, 4, 6, 8, 19, 14, 3, 12, 17, 13, 0, 10, 1, 7, 15, 18, 16, 9]|[2, 2, 1, 1, 2, 0, 2, 0, 0, 0, 1, 1, 0, 1, 0, 1, 1, 0, 2, 0]|[0, 0, 1, 1, 1, 3, 0, 2, 3, 2, 1, 1, 3, 1, 3, 1, 1, 3, 0, 3]|[1, 0, 1, 1, 1, 0, 1, 2, 1, 2, 1, 1, 0, 1, 0, 1, 1, 2, 1, 0],249.053053094689;9206.125663201607;15924.451400240634,9206.125663201607,NOT_APPLICABLE,NOT_APPLICABLE,NOT_APPLICABLE,14
85,2,31904,G2_TEC,HISTORICAL,[11, 5, 2, 4, 6, 8, 19, 14, 3, 12, 17, 13, 0, 10, 1, 7, 15, 18, 16, 9]|[2, 2, 1, 1, 2, 0, 2, 0, 0, 0, 1, 1, 0, 1, 0, 1, 1, 0, 2, 0]|[0, 0, 1, 1, 1, 3, 0, 2, 3, 2, 1, 1, 3, 1, 3, 1, 1, 3, 0, 3]|[1, 0, 1, 1, 1, 0, 1, 2, 1, 2, 1, 1, 0, 1, 0, 1, 1, 2, 1, 0],249.053053094689;9206.125663201607;15924.451400240634,0,false,[11, 5, 2, 4, 6, 8, 19, 14, 3, 12, 17, 13, 0, 10, 1, 7, 15, 18, 16, 9]|[2, 2, 1, 1, 2, 0, 2, 0, 0, 0, 1, 1, 0, 1, 0, 1, 1, 0, 2, 0]|[0, 0, 1, 1, 1, 3, 0, 2, 3, 2, 1, 1, 3, 1, 3, 1, 1, 3, 0, 3]|[1, 0, 1, 1, 1, 0, 1, 2, 1, 2, 1, 1, 0, 1, 0, 1, 1, 2, 1, 0],249.053053094689;9206.125663201607;15924.451400240634,9206.125663201607,NOT_APPLICABLE,NOT_APPLICABLE,NOT_APPLICABLE,51
85,2,31904,G3_TWC,PREVIOUS,[4, 11, 13, 1, 7, 12, 18, 5, 2, 16, 15, 8, 19, 10, 0, 6, 3, 17, 14, 9]|[0, 0, 1, 0, 1, 1, 0, 2, 2, 0, 1, 0, 2, 0, 2, 0, 0, 2, 0, 0]|[2, 0, 1, 3, 1, 1, 2, 0, 0, 3, 1, 3, 0, 3, 0, 2, 3, 0, 3, 3]|[1, 0, 0, 2, 1, 1, 1, 0, 1, 2, 0, 0, 1, 2, 0, 0, 1, 1, 0, 2],389.616876720221;10191.714139359137;13081.607148577272,0,false,[4, 11, 13, 1, 7, 12, 18, 5, 2, 16, 15, 8, 19, 10, 0, 6, 3, 17, 14, 9]|[0, 0, 1, 0, 1, 1, 0, 2, 2, 0, 1, 0, 2, 0, 2, 0, 0, 2, 0, 0]|[2, 0, 1, 3, 1, 1, 2, 0, 0, 3, 1, 3, 0, 3, 0, 2, 3, 0, 3, 3]|[1, 0, 0, 2, 1, 1, 1, 0, 1, 2, 0, 0, 1, 2, 0, 0, 1, 1, 0, 2],389.616876720221;10191.714139359137;13081.607148577272,13081.607148577272,NOT_APPLICABLE,NOT_APPLICABLE,NOT_APPLICABLE,41
85,2,31904,G3_TWC,HISTORICAL,[4, 11, 13, 1, 7, 12, 18, 5, 2, 16, 15, 8, 19, 10, 0, 6, 3, 17, 14, 9]|[0, 0, 1, 0, 1, 1, 0, 2, 2, 0, 1, 0, 2, 0, 2, 0, 0, 2, 0, 0]|[2, 0, 1, 3, 1, 1, 2, 0, 0, 3, 1, 3, 0, 3, 0, 2, 3, 0, 3, 3]|[1, 0, 0, 2, 1, 1, 1, 0, 1, 2, 0, 0, 1, 2, 0, 0, 1, 1, 0, 2],389.616876720221;10191.714139359137;13081.607148577272,0,false,[4, 11, 13, 1, 7, 12, 18, 5, 2, 16, 15, 8, 19, 10, 0, 6, 3, 17, 14, 9]|[0, 0, 1, 0, 1, 1, 0, 2, 2, 0, 1, 0, 2, 0, 2, 0, 0, 2, 0, 0]|[2, 0, 1, 3, 1, 1, 2, 0, 0, 3, 1, 3, 0, 3, 0, 2, 3, 0, 3, 3]|[1, 0, 0, 2, 1, 1, 1, 0, 1, 2, 0, 0, 1, 2, 0, 0, 1, 1, 0, 2],389.616876720221;10191.714139359137;13081.607148577272,13081.607148577272,NOT_APPLICABLE,NOT_APPLICABLE,NOT_APPLICABLE,21
85,2,31904,G4_BALANCED,PREVIOUS,[11, 4, 2, 12, 13, 16, 1, 0, 9, 5, 14, 6, 8, 17, 19, 18, 15, 10, 7, 3]|[0, 2, 2, 0, 1, 1, 0, 2, 1, 2, 0, 0, 0, 1, 2, 0, 1, 1, 0, 0]|[0, 1, 0, 2, 1, 1, 3, 0, 1, 0, 3, 2, 3, 0, 0, 1, 1, 1, 3, 3]|[0, 0, 1, 2, 0, 1, 2, 0, 1, 0, 0, 2, 2, 1, 1, 1, 0, 1, 2, 1],277.153773719611;10323.545142745555;14956.571625159651,0,false,[11, 4, 2, 12, 13, 16, 1, 0, 9, 5, 14, 6, 8, 17, 19, 18, 15, 10, 7, 3]|[0, 2, 2, 0, 1, 1, 0, 2, 1, 2, 0, 0, 0, 1, 2, 0, 1, 1, 0, 0]|[0, 1, 0, 2, 1, 1, 3, 0, 1, 0, 3, 2, 3, 0, 0, 1, 1, 1, 3, 3]|[0, 0, 1, 2, 0, 1, 2, 0, 1, 0, 0, 2, 2, 1, 1, 1, 0, 1, 2, 1],277.153773719611;10323.545142745555;14956.571625159651,0.543611769249,NOT_APPLICABLE,NOT_APPLICABLE,NOT_APPLICABLE,58
85,2,31904,G4_BALANCED,HISTORICAL,[11, 4, 2, 12, 13, 16, 1, 0, 9, 5, 14, 6, 8, 17, 19, 18, 15, 10, 7, 3]|[0, 2, 2, 0, 1, 1, 0, 2, 1, 2, 0, 0, 0, 1, 2, 0, 1, 1, 0, 0]|[0, 1, 0, 2, 1, 1, 3, 0, 1, 0, 3, 2, 3, 0, 0, 1, 1, 1, 3, 3]|[0, 0, 1, 2, 0, 1, 2, 0, 1, 0, 0, 2, 2, 1, 1, 1, 0, 1, 2, 1],277.153773719611;10323.545142745555;14956.571625159651,0,false,[11, 4, 2, 12, 13, 16, 1, 0, 9, 5, 14, 6, 8, 17, 19, 18, 15, 10, 7, 3]|[0, 2, 2, 0, 1, 1, 0, 2, 1, 2, 0, 0, 0, 1, 2, 0, 1, 1, 0, 0]|[0, 1, 0, 2, 1, 1, 3, 0, 1, 0, 3, 2, 3, 0, 0, 1, 1, 1, 3, 3]|[0, 0, 1, 2, 0, 1, 2, 0, 1, 0, 0, 2, 2, 1, 1, 1, 0, 1, 2, 1],277.153773719611;10323.545142745555;14956.571625159651,0.543611769249,NOT_APPLICABLE,NOT_APPLICABLE,NOT_APPLICABLE,8
86,2,32004,G1_CMAX,PREVIOUS,[11, 5, 2, 4, 17, 8, 19, 14, 3, 12, 18, 0, 1, 16, 10, 13, 15, 6, 7, 9]|[2, 2, 1, 1, 1, 0, 2, 0, 0, 0, 0, 2, 0, 2, 1, 1, 1, 0, 1, 1]|[0, 0, 1, 1, 1, 3, 0, 2, 3, 2, 3, 0, 3, 0, 1, 1, 1, 3, 1, 1]|[1, 0, 1, 1, 1, 0, 1, 2, 1, 2, 0, 0, 0, 1, 1, 1, 1, 2, 1, 1],258.216041175577;9057.659678891398;16811.589454691344,0,false,[11, 5, 2, 4, 17, 8, 19, 14, 3, 12, 18, 0, 1, 16, 10, 13, 15, 6, 7, 9]|[2, 2, 1, 1, 1, 0, 2, 0, 0, 0, 0, 2, 0, 2, 1, 1, 1, 0, 1, 1]|[0, 0, 1, 1, 1, 3, 0, 2, 3, 2, 3, 0, 3, 0, 1, 1, 1, 3, 1, 1]|[1, 0, 1, 1, 1, 0, 1, 2, 1, 2, 0, 0, 0, 1, 1, 1, 1, 2, 1, 1],258.216041175577;9057.659678891398;16811.589454691344,258.216041175577,NOT_APPLICABLE,NOT_APPLICABLE,NOT_APPLICABLE,24
86,2,32004,G1_CMAX,HISTORICAL,[2, 5, 18, 3, 17, 16, 10, 19, 9, 6, 12, 11, 0, 8, 4, 15, 7, 14, 1, 13]|[2, 2, 1, 2, 2, 2, 2, 1, 0, 0, 1, 2, 2, 0, 0, 1, 1, 0, 1, 1]|[0, 1, 1, 0, 1, 1, 0, 0, 0, 2, 0, 0, 0, 3, 0, 1, 1, 3, 1, 1]|[1, 0, 0, 1, 0, 0, 1, 1, 0, 2, 1, 1, 1, 2, 1, 0, 1, 0, 1, 1],203.680988390281;10730.053037185788;17590.401652550340,0,false,[2, 5, 18, 3, 17, 16, 10, 19, 9, 6, 12, 11, 0, 8, 4, 15, 7, 14, 1, 13]|[2, 2, 1, 2, 2, 2, 2, 1, 0, 0, 1, 2, 2, 0, 0, 1, 1, 0, 1, 1]|[0, 1, 1, 0, 1, 1, 0, 0, 0, 2, 0, 0, 0, 3, 0, 1, 1, 3, 1, 1]|[1, 0, 0, 1, 0, 0, 1, 1, 0, 2, 1, 1, 1, 2, 1, 0, 1, 0, 1, 1],203.680988390281;10730.053037185788;17590.401652550340,203.680988390281,NOT_APPLICABLE,NOT_APPLICABLE,NOT_APPLICABLE,41
86,2,32004,G2_TEC,PREVIOUS,[11, 5, 2, 4, 6, 8, 19, 14, 3, 12, 17, 13, 0, 10, 1, 7, 15, 18, 16, 9]|[2, 2, 1, 1, 2, 0, 2, 0, 0, 0, 1, 1, 0, 1, 0, 1, 1, 0, 2, 0]|[0, 0, 1, 1, 1, 3, 0, 2, 3, 2, 1, 1, 3, 1, 3, 1, 1, 3, 0, 3]|[1, 0, 1, 1, 1, 0, 1, 2, 1, 2, 1, 1, 0, 1, 0, 1, 1, 2, 1, 0],249.053053094689;9206.125663201607;15924.451400240634,0,false,[11, 5, 2, 4, 6, 8, 19, 14, 3, 12, 17, 13, 0, 10, 1, 7, 15, 18, 16, 9]|[2, 2, 1, 1, 2, 0, 2, 0, 0, 0, 1, 1, 0, 1, 0, 1, 1, 0, 2, 0]|[0, 0, 1, 1, 1, 3, 0, 2, 3, 2, 1, 1, 3, 1, 3, 1, 1, 3, 0, 3]|[1, 0, 1, 1, 1, 0, 1, 2, 1, 2, 1, 1, 0, 1, 0, 1, 1, 2, 1, 0],249.053053094689;9206.125663201607;15924.451400240634,9206.125663201607,NOT_APPLICABLE,NOT_APPLICABLE,NOT_APPLICABLE,14
86,2,32004,G2_TEC,HISTORICAL,[11, 5, 2, 4, 6, 8, 19, 14, 3, 12, 17, 13, 0, 10, 1, 7, 15, 18, 16, 9]|[2, 2, 1, 1, 2, 0, 2, 0, 0, 0, 1, 1, 0, 1, 0, 1, 1, 0, 2, 0]|[0, 0, 1, 1, 1, 3, 0, 2, 3, 2, 1, 1, 3, 1, 3, 1, 1, 3, 0, 3]|[1, 0, 1, 1, 1, 0, 1, 2, 1, 2, 1, 1, 0, 1, 0, 1, 1, 2, 1, 0],249.053053094689;9206.125663201607;15924.451400240634,0,false,[11, 5, 2, 4, 6, 8, 19, 14, 3, 12, 17, 13, 0, 10, 1, 7, 15, 18, 16, 9]|[2, 2, 1, 1, 2, 0, 2, 0, 0, 0, 1, 1, 0, 1, 0, 1, 1, 0, 2, 0]|[0, 0, 1, 1, 1, 3, 0, 2, 3, 2, 1, 1, 3, 1, 3, 1, 1, 3, 0, 3]|[1, 0, 1, 1, 1, 0, 1, 2, 1, 2, 1, 1, 0, 1, 0, 1, 1, 2, 1, 0],249.053053094689;9206.125663201607;15924.451400240634,9206.125663201607,NOT_APPLICABLE,NOT_APPLICABLE,NOT_APPLICABLE,52
86,2,32004,G3_TWC,PREVIOUS,[4, 11, 13, 1, 7, 12, 18, 5, 2, 16, 15, 8, 19, 10, 0, 6, 3, 17, 14, 9]|[0, 0, 1, 0, 1, 1, 0, 2, 2, 0, 1, 0, 2, 0, 2, 0, 0, 2, 0, 0]|[2, 0, 1, 3, 1, 1, 2, 0, 0, 3, 1, 3, 0, 3, 0, 2, 3, 0, 3, 3]|[1, 0, 0, 2, 1, 1, 1, 0, 1, 2, 0, 0, 1, 2, 0, 0, 1, 1, 0, 2],389.616876720221;10191.714139359137;13081.607148577272,0,false,[4, 11, 13, 1, 7, 12, 18, 5, 2, 16, 15, 8, 19, 10, 0, 6, 3, 17, 14, 9]|[0, 0, 1, 0, 1, 1, 0, 2, 2, 0, 1, 0, 2, 0, 2, 0, 0, 2, 0, 0]|[2, 0, 1, 3, 1, 1, 2, 0, 0, 3, 1, 3, 0, 3, 0, 2, 3, 0, 3, 3]|[1, 0, 0, 2, 1, 1, 1, 0, 1, 2, 0, 0, 1, 2, 0, 0, 1, 1, 0, 2],389.616876720221;10191.714139359137;13081.607148577272,13081.607148577272,NOT_APPLICABLE,NOT_APPLICABLE,NOT_APPLICABLE,41
86,2,32004,G3_TWC,HISTORICAL,[4, 11, 13, 1, 7, 12, 18, 5, 2, 16, 15, 8, 19, 10, 0, 6, 3, 17, 14, 9]|[0, 0, 1, 0, 1, 1, 0, 2, 2, 0, 1, 0, 2, 0, 2, 0, 0, 2, 0, 0]|[2, 0, 1, 3, 1, 1, 2, 0, 0, 3, 1, 3, 0, 3, 0, 2, 3, 0, 3, 3]|[1, 0, 0, 2, 1, 1, 1, 0, 1, 2, 0, 0, 1, 2, 0, 0, 1, 1, 0, 2],389.616876720221;10191.714139359137;13081.607148577272,0,false,[4, 11, 13, 1, 7, 12, 18, 5, 2, 16, 15, 8, 19, 10, 0, 6, 3, 17, 14, 9]|[0, 0, 1, 0, 1, 1, 0, 2, 2, 0, 1, 0, 2, 0, 2, 0, 0, 2, 0, 0]|[2, 0, 1, 3, 1, 1, 2, 0, 0, 3, 1, 3, 0, 3, 0, 2, 3, 0, 3, 3]|[1, 0, 0, 2, 1, 1, 1, 0, 1, 2, 0, 0, 1, 2, 0, 0, 1, 1, 0, 2],389.616876720221;10191.714139359137;13081.607148577272,13081.607148577272,NOT_APPLICABLE,NOT_APPLICABLE,NOT_APPLICABLE,22
86,2,32004,G4_BALANCED,PREVIOUS,[11, 5, 2, 4, 6, 8, 19, 14, 15, 12, 17, 0, 10, 16, 3, 7, 9, 13, 18, 1]|[0, 2, 2, 1, 0, 0, 2, 0, 1, 0, 1, 2, 1, 2, 0, 1, 1, 0, 0, 0]|[3, 0, 0, 1, 3, 3, 0, 2, 1, 2, 1, 0, 1, 0, 3, 1, 1, 3, 3, 3]|[2, 0, 1, 1, 0, 0, 1, 2, 1, 2, 1, 0, 1, 1, 1, 1, 1, 0, 2, 0],303.628525682995;9187.265965195102;14329.164896582412,0,false,[11, 5, 2, 4, 6, 8, 19, 14, 15, 12, 17, 0, 10, 16, 3, 7, 9, 13, 18, 1]|[0, 2, 2, 1, 0, 0, 2, 0, 1, 0, 1, 2, 1, 2, 0, 1, 1, 0, 0, 0]|[3, 0, 0, 1, 3, 3, 0, 2, 1, 2, 1, 0, 1, 0, 3, 1, 1, 3, 3, 3]|[2, 0, 1, 1, 0, 0, 1, 2, 1, 2, 1, 0, 1, 1, 1, 1, 1, 0, 2, 0],303.628525682995;9187.265965195102;14329.164896582412,0.408417540898,NOT_APPLICABLE,NOT_APPLICABLE,NOT_APPLICABLE,58
86,2,32004,G4_BALANCED,HISTORICAL,[11, 4, 2, 12, 13, 16, 1, 0, 9, 5, 14, 6, 8, 17, 19, 18, 15, 10, 7, 3]|[0, 2, 2, 0, 1, 1, 0, 2, 1, 2, 0, 0, 0, 1, 2, 0, 1, 1, 0, 0]|[0, 1, 0, 2, 1, 1, 3, 0, 1, 0, 3, 2, 3, 0, 0, 1, 1, 1, 3, 3]|[0, 0, 1, 2, 0, 1, 2, 0, 1, 0, 0, 2, 2, 1, 1, 1, 0, 1, 2, 1],277.153773719611;10323.545142745555;14956.571625159651,0,false,[11, 4, 2, 12, 13, 16, 1, 0, 9, 5, 14, 6, 8, 17, 19, 18, 15, 10, 7, 3]|[0, 2, 2, 0, 1, 1, 0, 2, 1, 2, 0, 0, 0, 1, 2, 0, 1, 1, 0, 0]|[0, 1, 0, 2, 1, 1, 3, 0, 1, 0, 3, 2, 3, 0, 0, 1, 1, 1, 3, 3]|[0, 0, 1, 2, 0, 1, 2, 0, 1, 0, 0, 2, 2, 1, 1, 1, 0, 1, 2, 1],277.153773719611;10323.545142745555;14956.571625159651,0.543611769249,NOT_APPLICABLE,NOT_APPLICABLE,NOT_APPLICABLE,8
87,2,32104,G1_CMAX,PREVIOUS,[2, 5, 18, 3, 17, 16, 10, 19, 9, 6, 12, 11, 0, 8, 4, 15, 7, 14, 1, 13]|[2, 2, 1, 2, 2, 2, 2, 1, 0, 0, 1, 2, 2, 0, 0, 1, 1, 0, 1, 1]|[0, 1, 1, 0, 1, 1, 0, 0, 0, 2, 0, 0, 0, 3, 0, 1, 1, 3, 1, 1]|[1, 0, 0, 1, 0, 0, 1, 1, 0, 2, 1, 1, 1, 2, 1, 0, 1, 0, 1, 1],203.680988390281;10730.053037185788;17590.401652550340,0,false,[2, 5, 18, 3, 17, 16, 10, 19, 9, 6, 12, 11, 0, 8, 4, 15, 7, 14, 1, 13]|[2, 2, 1, 2, 2, 2, 2, 1, 0, 0, 1, 2, 2, 0, 0, 1, 1, 0, 1, 1]|[0, 1, 1, 0, 1, 1, 0, 0, 0, 2, 0, 0, 0, 3, 0, 1, 1, 3, 1, 1]|[1, 0, 0, 1, 0, 0, 1, 1, 0, 2, 1, 1, 1, 2, 1, 0, 1, 0, 1, 1],203.680988390281;10730.053037185788;17590.401652550340,203.680988390281,NOT_APPLICABLE,NOT_APPLICABLE,NOT_APPLICABLE,24
87,2,32104,G1_CMAX,HISTORICAL,[2, 5, 18, 3, 17, 16, 10, 19, 9, 6, 12, 11, 0, 8, 4, 15, 7, 14, 1, 13]|[2, 2, 1, 2, 2, 2, 2, 1, 0, 0, 1, 2, 2, 0, 0, 1, 1, 0, 1, 1]|[0, 1, 1, 0, 1, 1, 0, 0, 0, 2, 0, 0, 0, 3, 0, 1, 1, 3, 1, 1]|[1, 0, 0, 1, 0, 0, 1, 1, 0, 2, 1, 1, 1, 2, 1, 0, 1, 0, 1, 1],203.680988390281;10730.053037185788;17590.401652550340,0,false,[2, 5, 18, 3, 17, 16, 10, 19, 9, 6, 12, 11, 0, 8, 4, 15, 7, 14, 1, 13]|[2, 2, 1, 2, 2, 2, 2, 1, 0, 0, 1, 2, 2, 0, 0, 1, 1, 0, 1, 1]|[0, 1, 1, 0, 1, 1, 0, 0, 0, 2, 0, 0, 0, 3, 0, 1, 1, 3, 1, 1]|[1, 0, 0, 1, 0, 0, 1, 1, 0, 2, 1, 1, 1, 2, 1, 0, 1, 0, 1, 1],203.680988390281;10730.053037185788;17590.401652550340,203.680988390281,NOT_APPLICABLE,NOT_APPLICABLE,NOT_APPLICABLE,42
87,2,32104,G2_TEC,PREVIOUS,[11, 5, 2, 4, 6, 8, 19, 14, 3, 12, 17, 13, 0, 10, 1, 7, 15, 18, 16, 9]|[2, 2, 1, 1, 2, 0, 2, 0, 0, 0, 1, 1, 0, 1, 0, 1, 1, 0, 2, 0]|[0, 0, 1, 1, 1, 3, 0, 2, 3, 2, 1, 1, 3, 1, 3, 1, 1, 3, 0, 3]|[1, 0, 1, 1, 1, 0, 1, 2, 1, 2, 1, 1, 0, 1, 0, 1, 1, 2, 1, 0],249.053053094689;9206.125663201607;15924.451400240634,0,false,[11, 5, 2, 4, 6, 8, 19, 14, 3, 12, 17, 13, 0, 10, 1, 7, 15, 18, 16, 9]|[2, 2, 1, 1, 2, 0, 2, 0, 0, 0, 1, 1, 0, 1, 0, 1, 1, 0, 2, 0]|[0, 0, 1, 1, 1, 3, 0, 2, 3, 2, 1, 1, 3, 1, 3, 1, 1, 3, 0, 3]|[1, 0, 1, 1, 1, 0, 1, 2, 1, 2, 1, 1, 0, 1, 0, 1, 1, 2, 1, 0],249.053053094689;9206.125663201607;15924.451400240634,9206.125663201607,NOT_APPLICABLE,NOT_APPLICABLE,NOT_APPLICABLE,14
87,2,32104,G2_TEC,HISTORICAL,[11, 5, 2, 4, 6, 8, 19, 14, 3, 12, 17, 13, 0, 10, 1, 7, 15, 18, 16, 9]|[2, 2, 1, 1, 2, 0, 2, 0, 0, 0, 1, 1, 0, 1, 0, 1, 1, 0, 2, 0]|[0, 0, 1, 1, 1, 3, 0, 2, 3, 2, 1, 1, 3, 1, 3, 1, 1, 3, 0, 3]|[1, 0, 1, 1, 1, 0, 1, 2, 1, 2, 1, 1, 0, 1, 0, 1, 1, 2, 1, 0],249.053053094689;9206.125663201607;15924.451400240634,0,false,[11, 5, 2, 4, 6, 8, 19, 14, 3, 12, 17, 13, 0, 10, 1, 7, 15, 18, 16, 9]|[2, 2, 1, 1, 2, 0, 2, 0, 0, 0, 1, 1, 0, 1, 0, 1, 1, 0, 2, 0]|[0, 0, 1, 1, 1, 3, 0, 2, 3, 2, 1, 1, 3, 1, 3, 1, 1, 3, 0, 3]|[1, 0, 1, 1, 1, 0, 1, 2, 1, 2, 1, 1, 0, 1, 0, 1, 1, 2, 1, 0],249.053053094689;9206.125663201607;15924.451400240634,9206.125663201607,NOT_APPLICABLE,NOT_APPLICABLE,NOT_APPLICABLE,53
87,2,32104,G3_TWC,PREVIOUS,[4, 11, 13, 1, 7, 12, 18, 5, 2, 16, 15, 8, 19, 10, 0, 6, 3, 17, 14, 9]|[0, 0, 1, 0, 1, 1, 0, 2, 2, 0, 1, 0, 2, 0, 2, 0, 0, 2, 0, 0]|[2, 0, 1, 3, 1, 1, 2, 0, 0, 3, 1, 3, 0, 3, 0, 2, 3, 0, 3, 3]|[1, 0, 0, 2, 1, 1, 1, 0, 1, 2, 0, 0, 1, 2, 0, 0, 1, 1, 0, 2],389.616876720221;10191.714139359137;13081.607148577272,0,false,[4, 11, 13, 1, 7, 12, 18, 5, 2, 16, 15, 8, 19, 10, 0, 6, 3, 17, 14, 9]|[0, 0, 1, 0, 1, 1, 0, 2, 2, 0, 1, 0, 2, 0, 2, 0, 0, 2, 0, 0]|[2, 0, 1, 3, 1, 1, 2, 0, 0, 3, 1, 3, 0, 3, 0, 2, 3, 0, 3, 3]|[1, 0, 0, 2, 1, 1, 1, 0, 1, 2, 0, 0, 1, 2, 0, 0, 1, 1, 0, 2],389.616876720221;10191.714139359137;13081.607148577272,13081.607148577272,NOT_APPLICABLE,NOT_APPLICABLE,NOT_APPLICABLE,41
87,2,32104,G3_TWC,HISTORICAL,[4, 11, 13, 1, 7, 12, 18, 5, 2, 16, 15, 8, 19, 10, 0, 6, 3, 17, 14, 9]|[0, 0, 1, 0, 1, 1, 0, 2, 2, 0, 1, 0, 2, 0, 2, 0, 0, 2, 0, 0]|[2, 0, 1, 3, 1, 1, 2, 0, 0, 3, 1, 3, 0, 3, 0, 2, 3, 0, 3, 3]|[1, 0, 0, 2, 1, 1, 1, 0, 1, 2, 0, 0, 1, 2, 0, 0, 1, 1, 0, 2],389.616876720221;10191.714139359137;13081.607148577272,0,false,[4, 11, 13, 1, 7, 12, 18, 5, 2, 16, 15, 8, 19, 10, 0, 6, 3, 17, 14, 9]|[0, 0, 1, 0, 1, 1, 0, 2, 2, 0, 1, 0, 2, 0, 2, 0, 0, 2, 0, 0]|[2, 0, 1, 3, 1, 1, 2, 0, 0, 3, 1, 3, 0, 3, 0, 2, 3, 0, 3, 3]|[1, 0, 0, 2, 1, 1, 1, 0, 1, 2, 0, 0, 1, 2, 0, 0, 1, 1, 0, 2],389.616876720221;10191.714139359137;13081.607148577272,13081.607148577272,NOT_APPLICABLE,NOT_APPLICABLE,NOT_APPLICABLE,23
87,2,32104,G4_BALANCED,PREVIOUS,[11, 5, 2, 4, 6, 8, 19, 14, 3, 12, 17, 0, 10, 16, 15, 7, 9, 13, 18, 1]|[0, 2, 2, 1, 0, 0, 2, 0, 0, 0, 1, 2, 1, 2, 1, 1, 1, 1, 0, 0]|[3, 0, 0, 1, 3, 3, 0, 2, 3, 2, 1, 0, 1, 0, 1, 1, 1, 1, 3, 3]|[1, 0, 1, 1, 0, 0, 1, 2, 1, 2, 1, 0, 1, 1, 1, 1, 1, 1, 2, 0],282.047647670430;9176.159229948269;15146.460689171612,0,false,[11, 5, 2, 4, 6, 8, 19, 14, 3, 12, 17, 0, 10, 16, 15, 7, 9, 13, 18, 1]|[0, 2, 2, 1, 0, 0, 2, 0, 0, 0, 1, 2, 1, 2, 1, 1, 1, 1, 0, 0]|[3, 0, 0, 1, 3, 3, 0, 2, 3, 2, 1, 0, 1, 0, 1, 1, 1, 1, 3, 3]|[1, 0, 1, 1, 0, 0, 1, 2, 1, 2, 1, 0, 1, 1, 1, 1, 1, 1, 2, 0],282.047647670430;9176.159229948269;15146.460689171612,0.323371561270,NOT_APPLICABLE,NOT_APPLICABLE,NOT_APPLICABLE,58
87,2,32104,G4_BALANCED,HISTORICAL,[11, 4, 2, 12, 13, 16, 1, 0, 9, 5, 14, 6, 8, 17, 19, 18, 15, 10, 7, 3]|[0, 2, 2, 0, 1, 1, 0, 2, 1, 2, 0, 0, 0, 1, 2, 0, 1, 1, 0, 0]|[0, 1, 0, 2, 1, 1, 3, 0, 1, 0, 3, 2, 3, 0, 0, 1, 1, 1, 3, 3]|[0, 0, 1, 2, 0, 1, 2, 0, 1, 0, 0, 2, 2, 1, 1, 1, 0, 1, 2, 1],277.153773719611;10323.545142745555;14956.571625159651,0,false,[11, 4, 2, 12, 13, 16, 1, 0, 9, 5, 14, 6, 8, 17, 19, 18, 15, 10, 7, 3]|[0, 2, 2, 0, 1, 1, 0, 2, 1, 2, 0, 0, 0, 1, 2, 0, 1, 1, 0, 0]|[0, 1, 0, 2, 1, 1, 3, 0, 1, 0, 3, 2, 3, 0, 0, 1, 1, 1, 3, 3]|[0, 0, 1, 2, 0, 1, 2, 0, 1, 0, 0, 2, 2, 1, 1, 1, 0, 1, 2, 1],277.153773719611;10323.545142745555;14956.571625159651,0.543611769249,NOT_APPLICABLE,NOT_APPLICABLE,NOT_APPLICABLE,8
88,2,32204,G1_CMAX,PREVIOUS,[11, 5, 2, 4, 17, 8, 19, 14, 3, 12, 18, 0, 1, 16, 10, 13, 9, 15, 6, 7]|[2, 2, 1, 1, 1, 0, 2, 0, 0, 0, 0, 2, 0, 2, 1, 1, 1, 1, 0, 1]|[0, 0, 1, 1, 1, 3, 0, 2, 3, 2, 3, 0, 3, 0, 1, 1, 1, 1, 3, 1]|[1, 0, 1, 1, 1, 0, 1, 2, 1, 2, 0, 0, 0, 1, 1, 1, 1, 1, 2, 1],257.842590958761;9068.249514780975;16763.327651999185,0,false,[11, 5, 2, 4, 17, 8, 19, 14, 3, 12, 18, 0, 1, 16, 10, 13, 9, 15, 6, 7]|[2, 2, 1, 1, 1, 0, 2, 0, 0, 0, 0, 2, 0, 2, 1, 1, 1, 1, 0, 1]|[0, 0, 1, 1, 1, 3, 0, 2, 3, 2, 3, 0, 3, 0, 1, 1, 1, 1, 3, 1]|[1, 0, 1, 1, 1, 0, 1, 2, 1, 2, 0, 0, 0, 1, 1, 1, 1, 1, 2, 1],257.842590958761;9068.249514780975;16763.327651999185,257.842590958761,NOT_APPLICABLE,NOT_APPLICABLE,NOT_APPLICABLE,24
88,2,32204,G1_CMAX,HISTORICAL,[2, 5, 18, 3, 17, 16, 10, 19, 9, 6, 12, 11, 0, 8, 4, 15, 7, 14, 1, 13]|[2, 2, 1, 2, 2, 2, 2, 1, 0, 0, 1, 2, 2, 0, 0, 1, 1, 0, 1, 1]|[0, 1, 1, 0, 1, 1, 0, 0, 0, 2, 0, 0, 0, 3, 0, 1, 1, 3, 1, 1]|[1, 0, 0, 1, 0, 0, 1, 1, 0, 2, 1, 1, 1, 2, 1, 0, 1, 0, 1, 1],203.680988390281;10730.053037185788;17590.401652550340,0,false,[2, 5, 18, 3, 17, 16, 10, 19, 9, 6, 12, 11, 0, 8, 4, 15, 7, 14, 1, 13]|[2, 2, 1, 2, 2, 2, 2, 1, 0, 0, 1, 2, 2, 0, 0, 1, 1, 0, 1, 1]|[0, 1, 1, 0, 1, 1, 0, 0, 0, 2, 0, 0, 0, 3, 0, 1, 1, 3, 1, 1]|[1, 0, 0, 1, 0, 0, 1, 1, 0, 2, 1, 1, 1, 2, 1, 0, 1, 0, 1, 1],203.680988390281;10730.053037185788;17590.401652550340,203.680988390281,NOT_APPLICABLE,NOT_APPLICABLE,NOT_APPLICABLE,42
88,2,32204,G2_TEC,PREVIOUS,[11, 5, 2, 4, 6, 8, 19, 14, 3, 12, 17, 13, 0, 10, 1, 7, 15, 18, 16, 9]|[2, 2, 1, 1, 2, 0, 2, 0, 0, 0, 1, 1, 0, 1, 0, 1, 1, 0, 2, 0]|[0, 0, 1, 1, 1, 3, 0, 2, 3, 2, 1, 1, 3, 1, 3, 1, 1, 3, 0, 3]|[1, 0, 1, 1, 1, 0, 1, 2, 1, 2, 1, 1, 0, 1, 0, 1, 1, 2, 1, 0],249.053053094689;9206.125663201607;15924.451400240634,0,false,[11, 5, 2, 4, 6, 8, 19, 14, 3, 12, 17, 13, 0, 10, 1, 7, 15, 18, 16, 9]|[2, 2, 1, 1, 2, 0, 2, 0, 0, 0, 1, 1, 0, 1, 0, 1, 1, 0, 2, 0]|[0, 0, 1, 1, 1, 3, 0, 2, 3, 2, 1, 1, 3, 1, 3, 1, 1, 3, 0, 3]|[1, 0, 1, 1, 1, 0, 1, 2, 1, 2, 1, 1, 0, 1, 0, 1, 1, 2, 1, 0],249.053053094689;9206.125663201607;15924.451400240634,9206.125663201607,NOT_APPLICABLE,NOT_APPLICABLE,NOT_APPLICABLE,14
88,2,32204,G2_TEC,HISTORICAL,[11, 5, 2, 4, 6, 8, 19, 14, 3, 12, 17, 13, 0, 10, 1, 7, 15, 18, 16, 9]|[2, 2, 1, 1, 2, 0, 2, 0, 0, 0, 1, 1, 0, 1, 0, 1, 1, 0, 2, 0]|[0, 0, 1, 1, 1, 3, 0, 2, 3, 2, 1, 1, 3, 1, 3, 1, 1, 3, 0, 3]|[1, 0, 1, 1, 1, 0, 1, 2, 1, 2, 1, 1, 0, 1, 0, 1, 1, 2, 1, 0],249.053053094689;9206.125663201607;15924.451400240634,0,false,[11, 5, 2, 4, 6, 8, 19, 14, 3, 12, 17, 13, 0, 10, 1, 7, 15, 18, 16, 9]|[2, 2, 1, 1, 2, 0, 2, 0, 0, 0, 1, 1, 0, 1, 0, 1, 1, 0, 2, 0]|[0, 0, 1, 1, 1, 3, 0, 2, 3, 2, 1, 1, 3, 1, 3, 1, 1, 3, 0, 3]|[1, 0, 1, 1, 1, 0, 1, 2, 1, 2, 1, 1, 0, 1, 0, 1, 1, 2, 1, 0],249.053053094689;9206.125663201607;15924.451400240634,9206.125663201607,NOT_APPLICABLE,NOT_APPLICABLE,NOT_APPLICABLE,54
88,2,32204,G3_TWC,PREVIOUS,[4, 11, 13, 1, 7, 12, 18, 5, 2, 16, 15, 8, 19, 10, 0, 6, 3, 17, 14, 9]|[0, 0, 1, 0, 1, 1, 0, 2, 2, 0, 1, 0, 2, 0, 2, 0, 0, 2, 0, 0]|[2, 0, 1, 3, 1, 1, 2, 0, 0, 3, 1, 3, 0, 3, 0, 2, 3, 0, 3, 3]|[1, 0, 0, 2, 1, 1, 1, 0, 1, 2, 0, 0, 1, 2, 0, 0, 1, 1, 0, 2],389.616876720221;10191.714139359137;13081.607148577272,0,false,[4, 11, 13, 1, 7, 12, 18, 5, 2, 16, 15, 8, 19, 10, 0, 6, 3, 17, 14, 9]|[0, 0, 1, 0, 1, 1, 0, 2, 2, 0, 1, 0, 2, 0, 2, 0, 0, 2, 0, 0]|[2, 0, 1, 3, 1, 1, 2, 0, 0, 3, 1, 3, 0, 3, 0, 2, 3, 0, 3, 3]|[1, 0, 0, 2, 1, 1, 1, 0, 1, 2, 0, 0, 1, 2, 0, 0, 1, 1, 0, 2],389.616876720221;10191.714139359137;13081.607148577272,13081.607148577272,NOT_APPLICABLE,NOT_APPLICABLE,NOT_APPLICABLE,41
88,2,32204,G3_TWC,HISTORICAL,[4, 11, 13, 1, 7, 12, 18, 5, 2, 16, 15, 8, 19, 10, 0, 6, 3, 17, 14, 9]|[0, 0, 1, 0, 1, 1, 0, 2, 2, 0, 1, 0, 2, 0, 2, 0, 0, 2, 0, 0]|[2, 0, 1, 3, 1, 1, 2, 0, 0, 3, 1, 3, 0, 3, 0, 2, 3, 0, 3, 3]|[1, 0, 0, 2, 1, 1, 1, 0, 1, 2, 0, 0, 1, 2, 0, 0, 1, 1, 0, 2],389.616876720221;10191.714139359137;13081.607148577272,0,false,[4, 11, 13, 1, 7, 12, 18, 5, 2, 16, 15, 8, 19, 10, 0, 6, 3, 17, 14, 9]|[0, 0, 1, 0, 1, 1, 0, 2, 2, 0, 1, 0, 2, 0, 2, 0, 0, 2, 0, 0]|[2, 0, 1, 3, 1, 1, 2, 0, 0, 3, 1, 3, 0, 3, 0, 2, 3, 0, 3, 3]|[1, 0, 0, 2, 1, 1, 1, 0, 1, 2, 0, 0, 1, 2, 0, 0, 1, 1, 0, 2],389.616876720221;10191.714139359137;13081.607148577272,13081.607148577272,NOT_APPLICABLE,NOT_APPLICABLE,NOT_APPLICABLE,24
88,2,32204,G4_BALANCED,PREVIOUS,[11, 5, 2, 4, 17, 8, 19, 14, 3, 12, 6, 13, 16, 10, 15, 7, 18, 9, 1, 0]|[2, 2, 1, 1, 2, 0, 2, 0, 0, 0, 1, 1, 2, 1, 1, 1, 0, 0, 0, 2]|[0, 0, 1, 1, 1, 3, 0, 2, 3, 2, 1, 1, 0, 1, 1, 1, 3, 3, 3, 0]|[1, 0, 1, 1, 1, 0, 1, 2, 1, 2, 1, 1, 1, 1, 1, 1, 2, 0, 0, 1],245.902439467264;9420.318853961486;18523.435687551253,0,false,[11, 5, 2, 4, 17, 8, 19, 14, 3, 12, 6, 13, 16, 10, 15, 7, 18, 9, 1, 0]|[2, 2, 1, 1, 2, 0, 2, 0, 0, 0, 1, 1, 2, 1, 1, 1, 0, 0, 0, 2]|[0, 0, 1, 1, 1, 3, 0, 2, 3, 2, 1, 1, 0, 1, 1, 1, 3, 3, 3, 0]|[1, 0, 1, 1, 1, 0, 1, 2, 1, 2, 1, 1, 1, 1, 1, 1, 2, 0, 0, 1],245.902439467264;9420.318853961486;18523.435687551253,0.728900719822,NOT_APPLICABLE,NOT_APPLICABLE,NOT_APPLICABLE,58
88,2,32204,G4_BALANCED,HISTORICAL,[11, 4, 2, 12, 13, 16, 1, 0, 9, 5, 14, 6, 8, 17, 19, 18, 15, 10, 7, 3]|[0, 2, 2, 0, 1, 1, 0, 2, 1, 2, 0, 0, 0, 1, 2, 0, 1, 1, 0, 0]|[0, 1, 0, 2, 1, 1, 3, 0, 1, 0, 3, 2, 3, 0, 0, 1, 1, 1, 3, 3]|[0, 0, 1, 2, 0, 1, 2, 0, 1, 0, 0, 2, 2, 1, 1, 1, 0, 1, 2, 1],277.153773719611;10323.545142745555;14956.571625159651,0,false,[11, 4, 2, 12, 13, 16, 1, 0, 9, 5, 14, 6, 8, 17, 19, 18, 15, 10, 7, 3]|[0, 2, 2, 0, 1, 1, 0, 2, 1, 2, 0, 0, 0, 1, 2, 0, 1, 1, 0, 0]|[0, 1, 0, 2, 1, 1, 3, 0, 1, 0, 3, 2, 3, 0, 0, 1, 1, 1, 3, 3]|[0, 0, 1, 2, 0, 1, 2, 0, 1, 0, 0, 2, 2, 1, 1, 1, 0, 1, 2, 1],277.153773719611;10323.545142745555;14956.571625159651,0.543611769249,NOT_APPLICABLE,NOT_APPLICABLE,NOT_APPLICABLE,8
89,2,32304,G1_CMAX,PREVIOUS,[2, 5, 11, 4, 6, 8, 19, 14, 3, 12, 17, 7, 10, 16, 15, 13, 18, 9, 0, 1]|[2, 2, 2, 1, 0, 0, 2, 0, 0, 0, 1, 0, 1, 2, 1, 1, 1, 1, 0, 1]|[0, 1, 0, 1, 3, 3, 0, 2, 3, 2, 1, 3, 1, 0, 1, 1, 1, 1, 3, 1]|[1, 0, 1, 1, 0, 0, 1, 2, 1, 2, 1, 0, 1, 1, 1, 1, 1, 1, 0, 1],244.036979577713;9420.776998450458;17237.015332757240,0,false,[2, 5, 11, 4, 6, 8, 19, 14, 3, 12, 17, 7, 10, 16, 15, 13, 18, 9, 0, 1]|[2, 2, 2, 1, 0, 0, 2, 0, 0, 0, 1, 0, 1, 2, 1, 1, 1, 1, 0, 1]|[0, 1, 0, 1, 3, 3, 0, 2, 3, 2, 1, 3, 1, 0, 1, 1, 1, 1, 3, 1]|[1, 0, 1, 1, 0, 0, 1, 2, 1, 2, 1, 0, 1, 1, 1, 1, 1, 1, 0, 1],244.036979577713;9420.776998450458;17237.015332757240,244.036979577713,NOT_APPLICABLE,NOT_APPLICABLE,NOT_APPLICABLE,24
89,2,32304,G1_CMAX,HISTORICAL,[2, 5, 18, 3, 17, 16, 10, 19, 9, 6, 12, 11, 0, 8, 4, 15, 7, 14, 1, 13]|[2, 2, 1, 2, 2, 2, 2, 1, 0, 0, 1, 2, 2, 0, 0, 1, 1, 0, 1, 1]|[0, 1, 1, 0, 1, 1, 0, 0, 0, 2, 0, 0, 0, 3, 0, 1, 1, 3, 1, 1]|[1, 0, 0, 1, 0, 0, 1, 1, 0, 2, 1, 1, 1, 2, 1, 0, 1, 0, 1, 1],203.680988390281;10730.053037185788;17590.401652550340,0,false,[2, 5, 18, 3, 17, 16, 10, 19, 9, 6, 12, 11, 0, 8, 4, 15, 7, 14, 1, 13]|[2, 2, 1, 2, 2, 2, 2, 1, 0, 0, 1, 2, 2, 0, 0, 1, 1, 0, 1, 1]|[0, 1, 1, 0, 1, 1, 0, 0, 0, 2, 0, 0, 0, 3, 0, 1, 1, 3, 1, 1]|[1, 0, 0, 1, 0, 0, 1, 1, 0, 2, 1, 1, 1, 2, 1, 0, 1, 0, 1, 1],203.680988390281;10730.053037185788;17590.401652550340,203.680988390281,NOT_APPLICABLE,NOT_APPLICABLE,NOT_APPLICABLE,42
89,2,32304,G2_TEC,PREVIOUS,[11, 5, 2, 4, 6, 8, 19, 14, 3, 12, 17, 13, 0, 10, 1, 7, 15, 18, 16, 9]|[2, 2, 1, 1, 2, 0, 2, 0, 0, 0, 1, 1, 0, 1, 0, 1, 1, 0, 2, 0]|[0, 0, 1, 1, 1, 3, 0, 2, 3, 2, 1, 1, 3, 1, 3, 1, 1, 3, 0, 3]|[1, 0, 1, 1, 1, 0, 1, 2, 1, 2, 1, 1, 0, 1, 0, 1, 1, 2, 1, 0],249.053053094689;9206.125663201607;15924.451400240634,0,false,[11, 5, 2, 4, 6, 8, 19, 14, 3, 12, 17, 13, 0, 10, 1, 7, 15, 18, 16, 9]|[2, 2, 1, 1, 2, 0, 2, 0, 0, 0, 1, 1, 0, 1, 0, 1, 1, 0, 2, 0]|[0, 0, 1, 1, 1, 3, 0, 2, 3, 2, 1, 1, 3, 1, 3, 1, 1, 3, 0, 3]|[1, 0, 1, 1, 1, 0, 1, 2, 1, 2, 1, 1, 0, 1, 0, 1, 1, 2, 1, 0],249.053053094689;9206.125663201607;15924.451400240634,9206.125663201607,NOT_APPLICABLE,NOT_APPLICABLE,NOT_APPLICABLE,14
89,2,32304,G2_TEC,HISTORICAL,[11, 5, 2, 4, 6, 8, 19, 14, 3, 12, 17, 13, 0, 10, 1, 7, 15, 18, 16, 9]|[2, 2, 1, 1, 2, 0, 2, 0, 0, 0, 1, 1, 0, 1, 0, 1, 1, 0, 2, 0]|[0, 0, 1, 1, 1, 3, 0, 2, 3, 2, 1, 1, 3, 1, 3, 1, 1, 3, 0, 3]|[1, 0, 1, 1, 1, 0, 1, 2, 1, 2, 1, 1, 0, 1, 0, 1, 1, 2, 1, 0],249.053053094689;9206.125663201607;15924.451400240634,0,false,[11, 5, 2, 4, 6, 8, 19, 14, 3, 12, 17, 13, 0, 10, 1, 7, 15, 18, 16, 9]|[2, 2, 1, 1, 2, 0, 2, 0, 0, 0, 1, 1, 0, 1, 0, 1, 1, 0, 2, 0]|[0, 0, 1, 1, 1, 3, 0, 2, 3, 2, 1, 1, 3, 1, 3, 1, 1, 3, 0, 3]|[1, 0, 1, 1, 1, 0, 1, 2, 1, 2, 1, 1, 0, 1, 0, 1, 1, 2, 1, 0],249.053053094689;9206.125663201607;15924.451400240634,9206.125663201607,NOT_APPLICABLE,NOT_APPLICABLE,NOT_APPLICABLE,55
89,2,32304,G3_TWC,PREVIOUS,[4, 11, 13, 1, 7, 12, 18, 5, 2, 16, 15, 8, 19, 10, 0, 6, 3, 17, 14, 9]|[0, 0, 1, 0, 1, 1, 0, 2, 2, 0, 1, 0, 2, 0, 2, 0, 0, 2, 0, 0]|[2, 0, 1, 3, 1, 1, 2, 0, 0, 3, 1, 3, 0, 3, 0, 2, 3, 0, 3, 3]|[1, 0, 0, 2, 1, 1, 1, 0, 1, 2, 0, 0, 1, 2, 0, 0, 1, 1, 0, 2],389.616876720221;10191.714139359137;13081.607148577272,0,false,[4, 11, 13, 1, 7, 12, 18, 5, 2, 16, 15, 8, 19, 10, 0, 6, 3, 17, 14, 9]|[0, 0, 1, 0, 1, 1, 0, 2, 2, 0, 1, 0, 2, 0, 2, 0, 0, 2, 0, 0]|[2, 0, 1, 3, 1, 1, 2, 0, 0, 3, 1, 3, 0, 3, 0, 2, 3, 0, 3, 3]|[1, 0, 0, 2, 1, 1, 1, 0, 1, 2, 0, 0, 1, 2, 0, 0, 1, 1, 0, 2],389.616876720221;10191.714139359137;13081.607148577272,13081.607148577272,NOT_APPLICABLE,NOT_APPLICABLE,NOT_APPLICABLE,41
89,2,32304,G3_TWC,HISTORICAL,[4, 11, 13, 1, 7, 12, 18, 5, 2, 16, 15, 8, 19, 10, 0, 6, 3, 17, 14, 9]|[0, 0, 1, 0, 1, 1, 0, 2, 2, 0, 1, 0, 2, 0, 2, 0, 0, 2, 0, 0]|[2, 0, 1, 3, 1, 1, 2, 0, 0, 3, 1, 3, 0, 3, 0, 2, 3, 0, 3, 3]|[1, 0, 0, 2, 1, 1, 1, 0, 1, 2, 0, 0, 1, 2, 0, 0, 1, 1, 0, 2],389.616876720221;10191.714139359137;13081.607148577272,0,false,[4, 11, 13, 1, 7, 12, 18, 5, 2, 16, 15, 8, 19, 10, 0, 6, 3, 17, 14, 9]|[0, 0, 1, 0, 1, 1, 0, 2, 2, 0, 1, 0, 2, 0, 2, 0, 0, 2, 0, 0]|[2, 0, 1, 3, 1, 1, 2, 0, 0, 3, 1, 3, 0, 3, 0, 2, 3, 0, 3, 3]|[1, 0, 0, 2, 1, 1, 1, 0, 1, 2, 0, 0, 1, 2, 0, 0, 1, 1, 0, 2],389.616876720221;10191.714139359137;13081.607148577272,13081.607148577272,NOT_APPLICABLE,NOT_APPLICABLE,NOT_APPLICABLE,25
89,2,32304,G4_BALANCED,PREVIOUS,[11, 5, 2, 4, 17, 8, 19, 14, 3, 12, 6, 13, 16, 10, 15, 7, 18, 9, 1, 0]|[2, 2, 1, 1, 2, 0, 2, 0, 0, 0, 1, 1, 2, 1, 1, 1, 0, 0, 0, 2]|[0, 0, 1, 1, 1, 3, 0, 2, 3, 2, 1, 1, 0, 1, 1, 1, 3, 3, 3, 0]|[1, 0, 1, 1, 1, 0, 1, 2, 1, 2, 1, 1, 1, 1, 1, 1, 2, 0, 0, 1],245.902439467264;9420.318853961486;18523.435687551253,0,false,[11, 5, 2, 4, 17, 8, 19, 14, 3, 12, 6, 13, 16, 10, 15, 7, 18, 9, 1, 0]|[2, 2, 1, 1, 2, 0, 2, 0, 0, 0, 1, 1, 2, 1, 1, 1, 0, 0, 0, 2]|[0, 0, 1, 1, 1, 3, 0, 2, 3, 2, 1, 1, 0, 1, 1, 1, 3, 3, 3, 0]|[1, 0, 1, 1, 1, 0, 1, 2, 1, 2, 1, 1, 1, 1, 1, 1, 2, 0, 0, 1],245.902439467264;9420.318853961486;18523.435687551253,0.728900719822,NOT_APPLICABLE,NOT_APPLICABLE,NOT_APPLICABLE,59
89,2,32304,G4_BALANCED,HISTORICAL,[11, 4, 2, 12, 13, 16, 1, 0, 9, 5, 14, 6, 8, 17, 19, 18, 15, 10, 7, 3]|[0, 2, 2, 0, 1, 1, 0, 2, 1, 2, 0, 0, 0, 1, 2, 0, 1, 1, 0, 0]|[0, 1, 0, 2, 1, 1, 3, 0, 1, 0, 3, 2, 3, 0, 0, 1, 1, 1, 3, 3]|[0, 0, 1, 2, 0, 1, 2, 0, 1, 0, 0, 2, 2, 1, 1, 1, 0, 1, 2, 1],277.153773719611;10323.545142745555;14956.571625159651,0,false,[11, 4, 2, 12, 13, 16, 1, 0, 9, 5, 14, 6, 8, 17, 19, 18, 15, 10, 7, 3]|[0, 2, 2, 0, 1, 1, 0, 2, 1, 2, 0, 0, 0, 1, 2, 0, 1, 1, 0, 0]|[0, 1, 0, 2, 1, 1, 3, 0, 1, 0, 3, 2, 3, 0, 0, 1, 1, 1, 3, 3]|[0, 0, 1, 2, 0, 1, 2, 0, 1, 0, 0, 2, 2, 1, 1, 1, 0, 1, 2, 1],277.153773719611;10323.545142745555;14956.571625159651,0.543611769249,NOT_APPLICABLE,NOT_APPLICABLE,NOT_APPLICABLE,8
90,2,32404,G1_CMAX,PREVIOUS,[11, 5, 2, 4, 6, 8, 19, 14, 3, 12, 7, 0, 1, 10, 15, 17, 18, 9, 16, 13]|[2, 2, 2, 1, 0, 0, 1, 0, 0, 0, 0, 2, 0, 1, 1, 1, 1, 0, 2, 1]|[0, 0, 0, 1, 3, 3, 1, 2, 3, 2, 3, 0, 3, 1, 1, 1, 1, 3, 0, 1]|[1, 0, 1, 1, 0, 0, 1, 2, 1, 2, 0, 0, 0, 1, 1, 1, 1, 2, 1, 1],259.197429650177;9060.432870788809;15834.623578071110,0,false,[11, 5, 2, 4, 6, 8, 19, 14, 3, 12, 7, 0, 1, 10, 15, 17, 18, 9, 16, 13]|[2, 2, 2, 1, 0, 0, 1, 0, 0, 0, 0, 2, 0, 1, 1, 1, 1, 0, 2, 1]|[0, 0, 0, 1, 3, 3, 1, 2, 3, 2, 3, 0, 3, 1, 1, 1, 1, 3, 0, 1]|[1, 0, 1, 1, 0, 0, 1, 2, 1, 2, 0, 0, 0, 1, 1, 1, 1, 2, 1, 1],259.197429650177;9060.432870788809;15834.623578071110,259.197429650177,NOT_APPLICABLE,NOT_APPLICABLE,NOT_APPLICABLE,24
90,2,32404,G1_CMAX,HISTORICAL,[2, 5, 18, 3, 17, 16, 10, 19, 9, 6, 12, 11, 0, 8, 4, 15, 7, 14, 1, 13]|[2, 2, 1, 2, 2, 2, 2, 1, 0, 0, 1, 2, 2, 0, 0, 1, 1, 0, 1, 1]|[0, 1, 1, 0, 1, 1, 0, 0, 0, 2, 0, 0, 0, 3, 0, 1, 1, 3, 1, 1]|[1, 0, 0, 1, 0, 0, 1, 1, 0, 2, 1, 1, 1, 2, 1, 0, 1, 0, 1, 1],203.680988390281;10730.053037185788;17590.401652550340,0,false,[2, 5, 18, 3, 17, 16, 10, 19, 9, 6, 12, 11, 0, 8, 4, 15, 7, 14, 1, 13]|[2, 2, 1, 2, 2, 2, 2, 1, 0, 0, 1, 2, 2, 0, 0, 1, 1, 0, 1, 1]|[0, 1, 1, 0, 1, 1, 0, 0, 0, 2, 0, 0, 0, 3, 0, 1, 1, 3, 1, 1]|[1, 0, 0, 1, 0, 0, 1, 1, 0, 2, 1, 1, 1, 2, 1, 0, 1, 0, 1, 1],203.680988390281;10730.053037185788;17590.401652550340,203.680988390281,NOT_APPLICABLE,NOT_APPLICABLE,NOT_APPLICABLE,42
90,2,32404,G2_TEC,PREVIOUS,[11, 5, 2, 4, 6, 8, 19, 14, 3, 12, 17, 13, 0, 10, 1, 7, 15, 18, 16, 9]|[2, 2, 1, 1, 2, 0, 2, 0, 0, 0, 1, 1, 0, 1, 0, 1, 1, 0, 2, 0]|[0, 0, 1, 1, 1, 3, 0, 2, 3, 2, 1, 1, 3, 1, 3, 1, 1, 3, 0, 3]|[1, 0, 1, 1, 1, 0, 1, 2, 1, 2, 1, 1, 0, 1, 0, 1, 1, 2, 1, 0],249.053053094689;9206.125663201607;15924.451400240634,0,false,[11, 5, 2, 4, 6, 8, 19, 14, 3, 12, 17, 13, 0, 10, 1, 7, 15, 18, 16, 9]|[2, 2, 1, 1, 2, 0, 2, 0, 0, 0, 1, 1, 0, 1, 0, 1, 1, 0, 2, 0]|[0, 0, 1, 1, 1, 3, 0, 2, 3, 2, 1, 1, 3, 1, 3, 1, 1, 3, 0, 3]|[1, 0, 1, 1, 1, 0, 1, 2, 1, 2, 1, 1, 0, 1, 0, 1, 1, 2, 1, 0],249.053053094689;9206.125663201607;15924.451400240634,9206.125663201607,NOT_APPLICABLE,NOT_APPLICABLE,NOT_APPLICABLE,14
90,2,32404,G2_TEC,HISTORICAL,[11, 5, 2, 4, 6, 8, 19, 14, 3, 12, 17, 13, 0, 10, 1, 7, 15, 18, 16, 9]|[2, 2, 1, 1, 2, 0, 2, 0, 0, 0, 1, 1, 0, 1, 0, 1, 1, 0, 2, 0]|[0, 0, 1, 1, 1, 3, 0, 2, 3, 2, 1, 1, 3, 1, 3, 1, 1, 3, 0, 3]|[1, 0, 1, 1, 1, 0, 1, 2, 1, 2, 1, 1, 0, 1, 0, 1, 1, 2, 1, 0],249.053053094689;9206.125663201607;15924.451400240634,0,false,[11, 5, 2, 4, 6, 8, 19, 14, 3, 12, 17, 13, 0, 10, 1, 7, 15, 18, 16, 9]|[2, 2, 1, 1, 2, 0, 2, 0, 0, 0, 1, 1, 0, 1, 0, 1, 1, 0, 2, 0]|[0, 0, 1, 1, 1, 3, 0, 2, 3, 2, 1, 1, 3, 1, 3, 1, 1, 3, 0, 3]|[1, 0, 1, 1, 1, 0, 1, 2, 1, 2, 1, 1, 0, 1, 0, 1, 1, 2, 1, 0],249.053053094689;9206.125663201607;15924.451400240634,9206.125663201607,NOT_APPLICABLE,NOT_APPLICABLE,NOT_APPLICABLE,56
90,2,32404,G3_TWC,PREVIOUS,[4, 11, 13, 1, 7, 12, 18, 5, 2, 16, 15, 8, 19, 10, 0, 6, 3, 17, 14, 9]|[0, 0, 1, 0, 1, 1, 0, 2, 2, 0, 1, 0, 2, 0, 2, 0, 0, 2, 0, 0]|[2, 0, 1, 3, 1, 1, 2, 0, 0, 3, 1, 3, 0, 3, 0, 2, 3, 0, 3, 3]|[1, 0, 0, 2, 1, 1, 1, 0, 1, 2, 0, 0, 1, 2, 0, 0, 1, 1, 0, 2],389.616876720221;10191.714139359137;13081.607148577272,0,false,[4, 11, 13, 1, 7, 12, 18, 5, 2, 16, 15, 8, 19, 10, 0, 6, 3, 17, 14, 9]|[0, 0, 1, 0, 1, 1, 0, 2, 2, 0, 1, 0, 2, 0, 2, 0, 0, 2, 0, 0]|[2, 0, 1, 3, 1, 1, 2, 0, 0, 3, 1, 3, 0, 3, 0, 2, 3, 0, 3, 3]|[1, 0, 0, 2, 1, 1, 1, 0, 1, 2, 0, 0, 1, 2, 0, 0, 1, 1, 0, 2],389.616876720221;10191.714139359137;13081.607148577272,13081.607148577272,NOT_APPLICABLE,NOT_APPLICABLE,NOT_APPLICABLE,41
90,2,32404,G3_TWC,HISTORICAL,[4, 11, 13, 1, 7, 12, 18, 5, 2, 16, 15, 8, 19, 10, 0, 6, 3, 17, 14, 9]|[0, 0, 1, 0, 1, 1, 0, 2, 2, 0, 1, 0, 2, 0, 2, 0, 0, 2, 0, 0]|[2, 0, 1, 3, 1, 1, 2, 0, 0, 3, 1, 3, 0, 3, 0, 2, 3, 0, 3, 3]|[1, 0, 0, 2, 1, 1, 1, 0, 1, 2, 0, 0, 1, 2, 0, 0, 1, 1, 0, 2],389.616876720221;10191.714139359137;13081.607148577272,0,false,[4, 11, 13, 1, 7, 12, 18, 5, 2, 16, 15, 8, 19, 10, 0, 6, 3, 17, 14, 9]|[0, 0, 1, 0, 1, 1, 0, 2, 2, 0, 1, 0, 2, 0, 2, 0, 0, 2, 0, 0]|[2, 0, 1, 3, 1, 1, 2, 0, 0, 3, 1, 3, 0, 3, 0, 2, 3, 0, 3, 3]|[1, 0, 0, 2, 1, 1, 1, 0, 1, 2, 0, 0, 1, 2, 0, 0, 1, 1, 0, 2],389.616876720221;10191.714139359137;13081.607148577272,13081.607148577272,NOT_APPLICABLE,NOT_APPLICABLE,NOT_APPLICABLE,26
90,2,32404,G4_BALANCED,PREVIOUS,[18, 0, 4, 6, 7, 12, 1, 5, 9, 2, 14, 3, 10, 17, 19, 13, 11, 16, 15, 8]|[0, 0, 2, 0, 0, 1, 0, 2, 1, 2, 0, 0, 2, 0, 2, 0, 0, 1, 1, 0]|[1, 2, 0, 2, 3, 1, 2, 0, 1, 0, 2, 3, 0, 3, 0, 3, 0, 1, 1, 3]|[1, 0, 0, 2, 2, 1, 0, 0, 1, 1, 0, 1, 1, 1, 1, 2, 0, 1, 0, 2],335.580410576488;10278.657859762629;13119.081694114530,0,false,[18, 0, 4, 6, 7, 12, 1, 5, 9, 2, 14, 3, 10, 17, 19, 13, 11, 16, 15, 8]|[0, 0, 2, 0, 0, 1, 0, 2, 1, 2, 0, 0, 2, 0, 2, 0, 0, 1, 1, 0]|[1, 2, 0, 2, 3, 1, 2, 0, 1, 0, 2, 3, 0, 3, 0, 3, 0, 1, 1, 3]|[1, 0, 0, 2, 2, 1, 0, 0, 1, 1, 0, 1, 1, 1, 1, 2, 0, 1, 0, 2],335.580410576488;10278.657859762629;13119.081694114530,0.534333611141,NOT_APPLICABLE,NOT_APPLICABLE,NOT_APPLICABLE,59
90,2,32404,G4_BALANCED,HISTORICAL,[11, 4, 2, 12, 13, 16, 1, 0, 9, 5, 14, 6, 8, 17, 19, 18, 15, 10, 7, 3]|[0, 2, 2, 0, 1, 1, 0, 2, 1, 2, 0, 0, 0, 1, 2, 0, 1, 1, 0, 0]|[0, 1, 0, 2, 1, 1, 3, 0, 1, 0, 3, 2, 3, 0, 0, 1, 1, 1, 3, 3]|[0, 0, 1, 2, 0, 1, 2, 0, 1, 0, 0, 2, 2, 1, 1, 1, 0, 1, 2, 1],277.153773719611;10323.545142745555;14956.571625159651,0,false,[11, 4, 2, 12, 13, 16, 1, 0, 9, 5, 14, 6, 8, 17, 19, 18, 15, 10, 7, 3]|[0, 2, 2, 0, 1, 1, 0, 2, 1, 2, 0, 0, 0, 1, 2, 0, 1, 1, 0, 0]|[0, 1, 0, 2, 1, 1, 3, 0, 1, 0, 3, 2, 3, 0, 0, 1, 1, 1, 3, 3]|[0, 0, 1, 2, 0, 1, 2, 0, 1, 0, 0, 2, 2, 1, 1, 1, 0, 1, 2, 1],277.153773719611;10323.545142745555;14956.571625159651,0.543611769249,NOT_APPLICABLE,NOT_APPLICABLE,NOT_APPLICABLE,8
91,2,32504,G1_CMAX,PREVIOUS,[11, 5, 2, 4, 17, 8, 19, 14, 3, 12, 6, 0, 15, 16, 13, 18, 1, 7, 9, 10]|[0, 2, 2, 1, 1, 0, 2, 0, 0, 0, 2, 1, 1, 2, 1, 0, 0, 1, 1, 1]|[3, 0, 0, 1, 1, 3, 0, 3, 3, 2, 0, 1, 1, 0, 1, 3, 3, 1, 1, 1]|[2, 0, 1, 1, 1, 0, 1, 1, 0, 2, 0, 1, 1, 1, 1, 2, 0, 1, 1, 1],272.600701050483;8894.430474115905;17464.039032728142,0,false,[11, 5, 2, 4, 17, 8, 19, 14, 3, 12, 6, 0, 15, 16, 13, 18, 1, 7, 9, 10]|[0, 2, 2, 1, 1, 0, 2, 0, 0, 0, 2, 1, 1, 2, 1, 0, 0, 1, 1, 1]|[3, 0, 0, 1, 1, 3, 0, 3, 3, 2, 0, 1, 1, 0, 1, 3, 3, 1, 1, 1]|[2, 0, 1, 1, 1, 0, 1, 1, 0, 2, 0, 1, 1, 1, 1, 2, 0, 1, 1, 1],272.600701050483;8894.430474115905;17464.039032728142,272.600701050483,NOT_APPLICABLE,NOT_APPLICABLE,NOT_APPLICABLE,24
91,2,32504,G1_CMAX,HISTORICAL,[2, 5, 18, 3, 17, 16, 10, 19, 9, 6, 12, 11, 0, 8, 4, 15, 7, 14, 1, 13]|[2, 2, 1, 2, 2, 2, 2, 1, 0, 0, 1, 2, 2, 0, 0, 1, 1, 0, 1, 1]|[0, 1, 1, 0, 1, 1, 0, 0, 0, 2, 0, 0, 0, 3, 0, 1, 1, 3, 1, 1]|[1, 0, 0, 1, 0, 0, 1, 1, 0, 2, 1, 1, 1, 2, 1, 0, 1, 0, 1, 1],203.680988390281;10730.053037185788;17590.401652550340,0,false,[2, 5, 18, 3, 17, 16, 10, 19, 9, 6, 12, 11, 0, 8, 4, 15, 7, 14, 1, 13]|[2, 2, 1, 2, 2, 2, 2, 1, 0, 0, 1, 2, 2, 0, 0, 1, 1, 0, 1, 1]|[0, 1, 1, 0, 1, 1, 0, 0, 0, 2, 0, 0, 0, 3, 0, 1, 1, 3, 1, 1]|[1, 0, 0, 1, 0, 0, 1, 1, 0, 2, 1, 1, 1, 2, 1, 0, 1, 0, 1, 1],203.680988390281;10730.053037185788;17590.401652550340,203.680988390281,NOT_APPLICABLE,NOT_APPLICABLE,NOT_APPLICABLE,42
91,2,32504,G2_TEC,PREVIOUS,[11, 5, 2, 4, 6, 8, 19, 14, 3, 12, 17, 13, 0, 10, 1, 7, 15, 18, 16, 9]|[2, 2, 1, 1, 2, 0, 2, 0, 0, 0, 1, 1, 0, 1, 0, 1, 1, 0, 2, 0]|[0, 0, 1, 1, 1, 3, 0, 2, 3, 2, 1, 1, 3, 1, 3, 1, 1, 3, 0, 3]|[1, 0, 1, 1, 1, 0, 1, 2, 1, 2, 1, 1, 0, 1, 0, 1, 1, 2, 1, 0],249.053053094689;9206.125663201607;15924.451400240634,0,false,[11, 5, 2, 4, 6, 8, 19, 14, 3, 12, 17, 13, 0, 10, 1, 7, 15, 18, 16, 9]|[2, 2, 1, 1, 2, 0, 2, 0, 0, 0, 1, 1, 0, 1, 0, 1, 1, 0, 2, 0]|[0, 0, 1, 1, 1, 3, 0, 2, 3, 2, 1, 1, 3, 1, 3, 1, 1, 3, 0, 3]|[1, 0, 1, 1, 1, 0, 1, 2, 1, 2, 1, 1, 0, 1, 0, 1, 1, 2, 1, 0],249.053053094689;9206.125663201607;15924.451400240634,9206.125663201607,NOT_APPLICABLE,NOT_APPLICABLE,NOT_APPLICABLE,15
91,2,32504,G2_TEC,HISTORICAL,[11, 5, 2, 4, 6, 8, 19, 14, 3, 12, 17, 13, 0, 10, 1, 7, 15, 18, 16, 9]|[2, 2, 1, 1, 2, 0, 2, 0, 0, 0, 1, 1, 0, 1, 0, 1, 1, 0, 2, 0]|[0, 0, 1, 1, 1, 3, 0, 2, 3, 2, 1, 1, 3, 1, 3, 1, 1, 3, 0, 3]|[1, 0, 1, 1, 1, 0, 1, 2, 1, 2, 1, 1, 0, 1, 0, 1, 1, 2, 1, 0],249.053053094689;9206.125663201607;15924.451400240634,0,false,[11, 5, 2, 4, 6, 8, 19, 14, 3, 12, 17, 13, 0, 10, 1, 7, 15, 18, 16, 9]|[2, 2, 1, 1, 2, 0, 2, 0, 0, 0, 1, 1, 0, 1, 0, 1, 1, 0, 2, 0]|[0, 0, 1, 1, 1, 3, 0, 2, 3, 2, 1, 1, 3, 1, 3, 1, 1, 3, 0, 3]|[1, 0, 1, 1, 1, 0, 1, 2, 1, 2, 1, 1, 0, 1, 0, 1, 1, 2, 1, 0],249.053053094689;9206.125663201607;15924.451400240634,9206.125663201607,NOT_APPLICABLE,NOT_APPLICABLE,NOT_APPLICABLE,56
91,2,32504,G3_TWC,PREVIOUS,[4, 11, 13, 1, 7, 12, 18, 5, 2, 16, 15, 8, 19, 10, 0, 6, 3, 17, 14, 9]|[0, 0, 1, 0, 1, 1, 0, 2, 2, 0, 1, 0, 2, 0, 2, 0, 0, 2, 0, 0]|[2, 0, 1, 3, 1, 1, 2, 0, 0, 3, 1, 3, 0, 3, 0, 2, 3, 0, 3, 3]|[1, 0, 0, 2, 1, 1, 1, 0, 1, 2, 0, 0, 1, 2, 0, 0, 1, 1, 0, 2],389.616876720221;10191.714139359137;13081.607148577272,0,false,[4, 11, 13, 1, 7, 12, 18, 5, 2, 16, 15, 8, 19, 10, 0, 6, 3, 17, 14, 9]|[0, 0, 1, 0, 1, 1, 0, 2, 2, 0, 1, 0, 2, 0, 2, 0, 0, 2, 0, 0]|[2, 0, 1, 3, 1, 1, 2, 0, 0, 3, 1, 3, 0, 3, 0, 2, 3, 0, 3, 3]|[1, 0, 0, 2, 1, 1, 1, 0, 1, 2, 0, 0, 1, 2, 0, 0, 1, 1, 0, 2],389.616876720221;10191.714139359137;13081.607148577272,13081.607148577272,NOT_APPLICABLE,NOT_APPLICABLE,NOT_APPLICABLE,41
91,2,32504,G3_TWC,HISTORICAL,[4, 11, 13, 1, 7, 12, 18, 5, 2, 16, 15, 8, 19, 10, 0, 6, 3, 17, 14, 9]|[0, 0, 1, 0, 1, 1, 0, 2, 2, 0, 1, 0, 2, 0, 2, 0, 0, 2, 0, 0]|[2, 0, 1, 3, 1, 1, 2, 0, 0, 3, 1, 3, 0, 3, 0, 2, 3, 0, 3, 3]|[1, 0, 0, 2, 1, 1, 1, 0, 1, 2, 0, 0, 1, 2, 0, 0, 1, 1, 0, 2],389.616876720221;10191.714139359137;13081.607148577272,0,false,[4, 11, 13, 1, 7, 12, 18, 5, 2, 16, 15, 8, 19, 10, 0, 6, 3, 17, 14, 9]|[0, 0, 1, 0, 1, 1, 0, 2, 2, 0, 1, 0, 2, 0, 2, 0, 0, 2, 0, 0]|[2, 0, 1, 3, 1, 1, 2, 0, 0, 3, 1, 3, 0, 3, 0, 2, 3, 0, 3, 3]|[1, 0, 0, 2, 1, 1, 1, 0, 1, 2, 0, 0, 1, 2, 0, 0, 1, 1, 0, 2],389.616876720221;10191.714139359137;13081.607148577272,13081.607148577272,NOT_APPLICABLE,NOT_APPLICABLE,NOT_APPLICABLE,27
91,2,32504,G4_BALANCED,PREVIOUS,[18, 0, 4, 6, 7, 12, 1, 5, 9, 2, 14, 3, 10, 17, 19, 13, 11, 16, 15, 8]|[0, 0, 2, 0, 0, 1, 0, 2, 1, 2, 0, 0, 2, 0, 2, 0, 0, 1, 1, 0]|[1, 2, 0, 2, 3, 1, 2, 0, 1, 0, 2, 3, 0, 3, 0, 3, 0, 1, 1, 3]|[1, 0, 0, 2, 2, 1, 0, 0, 1, 1, 0, 1, 1, 1, 1, 2, 0, 1, 0, 2],335.580410576488;10278.657859762629;13119.081694114530,0,false,[18, 0, 4, 6, 7, 12, 1, 5, 9, 2, 14, 3, 10, 17, 19, 13, 11, 16, 15, 8]|[0, 0, 2, 0, 0, 1, 0, 2, 1, 2, 0, 0, 2, 0, 2, 0, 0, 1, 1, 0]|[1, 2, 0, 2, 3, 1, 2, 0, 1, 0, 2, 3, 0, 3, 0, 3, 0, 1, 1, 3]|[1, 0, 0, 2, 2, 1, 0, 0, 1, 1, 0, 1, 1, 1, 1, 2, 0, 1, 0, 2],335.580410576488;10278.657859762629;13119.081694114530,0.534333611141,NOT_APPLICABLE,NOT_APPLICABLE,NOT_APPLICABLE,60
91,2,32504,G4_BALANCED,HISTORICAL,[11, 4, 2, 12, 13, 16, 1, 0, 9, 5, 14, 6, 8, 17, 19, 18, 15, 10, 7, 3]|[0, 2, 2, 0, 1, 1, 0, 2, 1, 2, 0, 0, 0, 1, 2, 0, 1, 1, 0, 0]|[0, 1, 0, 2, 1, 1, 3, 0, 1, 0, 3, 2, 3, 0, 0, 1, 1, 1, 3, 3]|[0, 0, 1, 2, 0, 1, 2, 0, 1, 0, 0, 2, 2, 1, 1, 1, 0, 1, 2, 1],277.153773719611;10323.545142745555;14956.571625159651,0,false,[11, 4, 2, 12, 13, 16, 1, 0, 9, 5, 14, 6, 8, 17, 19, 18, 15, 10, 7, 3]|[0, 2, 2, 0, 1, 1, 0, 2, 1, 2, 0, 0, 0, 1, 2, 0, 1, 1, 0, 0]|[0, 1, 0, 2, 1, 1, 3, 0, 1, 0, 3, 2, 3, 0, 0, 1, 1, 1, 3, 3]|[0, 0, 1, 2, 0, 1, 2, 0, 1, 0, 0, 2, 2, 1, 1, 1, 0, 1, 2, 1],277.153773719611;10323.545142745555;14956.571625159651,0.543611769249,NOT_APPLICABLE,NOT_APPLICABLE,NOT_APPLICABLE,8
92,2,32604,G1_CMAX,PREVIOUS,[11, 5, 2, 10, 16, 1, 0, 9, 8, 15, 6, 4, 17, 13, 12, 14, 19, 7, 3, 18]|[0, 2, 2, 2, 1, 0, 2, 0, 0, 1, 0, 1, 1, 1, 1, 0, 2, 1, 0, 1]|[0, 1, 0, 0, 1, 2, 0, 1, 3, 1, 3, 1, 0, 1, 1, 2, 0, 1, 3, 1]|[0, 1, 0, 0, 1, 0, 0, 2, 2, 1, 0, 0, 1, 1, 1, 0, 1, 1, 1, 1],248.995332846174;9970.645009379916;16758.039436912010,0,false,[11, 5, 2, 10, 16, 1, 0, 9, 8, 15, 6, 4, 17, 13, 12, 14, 19, 7, 3, 18]|[0, 2, 2, 2, 1, 0, 2, 0, 0, 1, 0, 1, 1, 1, 1, 0, 2, 1, 0, 1]|[0, 1, 0, 0, 1, 2, 0, 1, 3, 1, 3, 1, 0, 1, 1, 2, 0, 1, 3, 1]|[0, 1, 0, 0, 1, 0, 0, 2, 2, 1, 0, 0, 1, 1, 1, 0, 1, 1, 1, 1],248.995332846174;9970.645009379916;16758.039436912010,248.995332846174,NOT_APPLICABLE,NOT_APPLICABLE,NOT_APPLICABLE,24
92,2,32604,G1_CMAX,HISTORICAL,[2, 5, 18, 3, 17, 16, 10, 19, 9, 6, 12, 11, 0, 8, 4, 15, 7, 14, 1, 13]|[2, 2, 1, 2, 2, 2, 2, 1, 0, 0, 1, 2, 2, 0, 0, 1, 1, 0, 1, 1]|[0, 1, 1, 0, 1, 1, 0, 0, 0, 2, 0, 0, 0, 3, 0, 1, 1, 3, 1, 1]|[1, 0, 0, 1, 0, 0, 1, 1, 0, 2, 1, 1, 1, 2, 1, 0, 1, 0, 1, 1],203.680988390281;10730.053037185788;17590.401652550340,0,false,[2, 5, 18, 3, 17, 16, 10, 19, 9, 6, 12, 11, 0, 8, 4, 15, 7, 14, 1, 13]|[2, 2, 1, 2, 2, 2, 2, 1, 0, 0, 1, 2, 2, 0, 0, 1, 1, 0, 1, 1]|[0, 1, 1, 0, 1, 1, 0, 0, 0, 2, 0, 0, 0, 3, 0, 1, 1, 3, 1, 1]|[1, 0, 0, 1, 0, 0, 1, 1, 0, 2, 1, 1, 1, 2, 1, 0, 1, 0, 1, 1],203.680988390281;10730.053037185788;17590.401652550340,203.680988390281,NOT_APPLICABLE,NOT_APPLICABLE,NOT_APPLICABLE,42
92,2,32604,G2_TEC,PREVIOUS,[11, 5, 2, 4, 6, 8, 19, 14, 3, 12, 17, 13, 0, 10, 1, 7, 15, 18, 16, 9]|[2, 2, 1, 1, 2, 0, 2, 0, 0, 0, 1, 1, 0, 1, 0, 1, 1, 0, 2, 0]|[0, 0, 1, 1, 1, 3, 0, 2, 3, 2, 1, 1, 3, 1, 3, 1, 1, 3, 0, 3]|[1, 0, 1, 1, 1, 0, 1, 2, 1, 2, 1, 1, 0, 1, 0, 1, 1, 2, 1, 0],249.053053094689;9206.125663201607;15924.451400240634,0,false,[11, 5, 2, 4, 6, 8, 19, 14, 3, 12, 17, 13, 0, 10, 1, 7, 15, 18, 16, 9]|[2, 2, 1, 1, 2, 0, 2, 0, 0, 0, 1, 1, 0, 1, 0, 1, 1, 0, 2, 0]|[0, 0, 1, 1, 1, 3, 0, 2, 3, 2, 1, 1, 3, 1, 3, 1, 1, 3, 0, 3]|[1, 0, 1, 1, 1, 0, 1, 2, 1, 2, 1, 1, 0, 1, 0, 1, 1, 2, 1, 0],249.053053094689;9206.125663201607;15924.451400240634,9206.125663201607,NOT_APPLICABLE,NOT_APPLICABLE,NOT_APPLICABLE,16
92,2,32604,G2_TEC,HISTORICAL,[11, 5, 2, 4, 6, 8, 19, 14, 3, 12, 17, 13, 0, 10, 1, 7, 15, 18, 16, 9]|[2, 2, 1, 1, 2, 0, 2, 0, 0, 0, 1, 1, 0, 1, 0, 1, 1, 0, 2, 0]|[0, 0, 1, 1, 1, 3, 0, 2, 3, 2, 1, 1, 3, 1, 3, 1, 1, 3, 0, 3]|[1, 0, 1, 1, 1, 0, 1, 2, 1, 2, 1, 1, 0, 1, 0, 1, 1, 2, 1, 0],249.053053094689;9206.125663201607;15924.451400240634,0,false,[11, 5, 2, 4, 6, 8, 19, 14, 3, 12, 17, 13, 0, 10, 1, 7, 15, 18, 16, 9]|[2, 2, 1, 1, 2, 0, 2, 0, 0, 0, 1, 1, 0, 1, 0, 1, 1, 0, 2, 0]|[0, 0, 1, 1, 1, 3, 0, 2, 3, 2, 1, 1, 3, 1, 3, 1, 1, 3, 0, 3]|[1, 0, 1, 1, 1, 0, 1, 2, 1, 2, 1, 1, 0, 1, 0, 1, 1, 2, 1, 0],249.053053094689;9206.125663201607;15924.451400240634,9206.125663201607,NOT_APPLICABLE,NOT_APPLICABLE,NOT_APPLICABLE,56
92,2,32604,G3_TWC,PREVIOUS,[4, 11, 13, 1, 7, 12, 18, 5, 2, 16, 15, 8, 19, 10, 0, 6, 3, 17, 14, 9]|[0, 0, 1, 0, 1, 1, 0, 2, 2, 0, 1, 0, 2, 0, 2, 0, 0, 2, 0, 0]|[2, 0, 1, 3, 1, 1, 2, 0, 0, 3, 1, 3, 0, 3, 0, 2, 3, 0, 3, 3]|[1, 0, 0, 2, 1, 1, 1, 0, 1, 2, 0, 0, 1, 2, 0, 0, 1, 1, 0, 2],389.616876720221;10191.714139359137;13081.607148577272,0,false,[4, 11, 13, 1, 7, 12, 18, 5, 2, 16, 15, 8, 19, 10, 0, 6, 3, 17, 14, 9]|[0, 0, 1, 0, 1, 1, 0, 2, 2, 0, 1, 0, 2, 0, 2, 0, 0, 2, 0, 0]|[2, 0, 1, 3, 1, 1, 2, 0, 0, 3, 1, 3, 0, 3, 0, 2, 3, 0, 3, 3]|[1, 0, 0, 2, 1, 1, 1, 0, 1, 2, 0, 0, 1, 2, 0, 0, 1, 1, 0, 2],389.616876720221;10191.714139359137;13081.607148577272,13081.607148577272,NOT_APPLICABLE,NOT_APPLICABLE,NOT_APPLICABLE,41
92,2,32604,G3_TWC,HISTORICAL,[4, 11, 13, 1, 7, 12, 18, 5, 2, 16, 15, 8, 19, 10, 0, 6, 3, 17, 14, 9]|[0, 0, 1, 0, 1, 1, 0, 2, 2, 0, 1, 0, 2, 0, 2, 0, 0, 2, 0, 0]|[2, 0, 1, 3, 1, 1, 2, 0, 0, 3, 1, 3, 0, 3, 0, 2, 3, 0, 3, 3]|[1, 0, 0, 2, 1, 1, 1, 0, 1, 2, 0, 0, 1, 2, 0, 0, 1, 1, 0, 2],389.616876720221;10191.714139359137;13081.607148577272,0,false,[4, 11, 13, 1, 7, 12, 18, 5, 2, 16, 15, 8, 19, 10, 0, 6, 3, 17, 14, 9]|[0, 0, 1, 0, 1, 1, 0, 2, 2, 0, 1, 0, 2, 0, 2, 0, 0, 2, 0, 0]|[2, 0, 1, 3, 1, 1, 2, 0, 0, 3, 1, 3, 0, 3, 0, 2, 3, 0, 3, 3]|[1, 0, 0, 2, 1, 1, 1, 0, 1, 2, 0, 0, 1, 2, 0, 0, 1, 1, 0, 2],389.616876720221;10191.714139359137;13081.607148577272,13081.607148577272,NOT_APPLICABLE,NOT_APPLICABLE,NOT_APPLICABLE,28
92,2,32604,G4_BALANCED,PREVIOUS,[18, 0, 4, 6, 7, 12, 1, 5, 9, 2, 14, 3, 10, 17, 19, 13, 11, 16, 15, 8]|[0, 0, 2, 0, 0, 1, 0, 2, 1, 2, 0, 0, 2, 0, 2, 0, 0, 1, 1, 0]|[1, 2, 0, 2, 3, 1, 2, 0, 1, 0, 2, 3, 0, 3, 0, 3, 0, 1, 1, 3]|[1, 0, 0, 2, 2, 1, 0, 0, 1, 1, 0, 1, 1, 1, 1, 2, 0, 1, 0, 2],335.580410576488;10278.657859762629;13119.081694114530,0,false,[18, 0, 4, 6, 7, 12, 1, 5, 9, 2, 14, 3, 10, 17, 19, 13, 11, 16, 15, 8]|[0, 0, 2, 0, 0, 1, 0, 2, 1, 2, 0, 0, 2, 0, 2, 0, 0, 1, 1, 0]|[1, 2, 0, 2, 3, 1, 2, 0, 1, 0, 2, 3, 0, 3, 0, 3, 0, 1, 1, 3]|[1, 0, 0, 2, 2, 1, 0, 0, 1, 1, 0, 1, 1, 1, 1, 2, 0, 1, 0, 2],335.580410576488;10278.657859762629;13119.081694114530,0.534333611141,NOT_APPLICABLE,NOT_APPLICABLE,NOT_APPLICABLE,61
92,2,32604,G4_BALANCED,HISTORICAL,[11, 4, 2, 12, 13, 16, 1, 0, 9, 5, 14, 6, 8, 17, 19, 18, 15, 10, 7, 3]|[0, 2, 2, 0, 1, 1, 0, 2, 1, 2, 0, 0, 0, 1, 2, 0, 1, 1, 0, 0]|[0, 1, 0, 2, 1, 1, 3, 0, 1, 0, 3, 2, 3, 0, 0, 1, 1, 1, 3, 3]|[0, 0, 1, 2, 0, 1, 2, 0, 1, 0, 0, 2, 2, 1, 1, 1, 0, 1, 2, 1],277.153773719611;10323.545142745555;14956.571625159651,1,true,[11, 5, 2, 4, 17, 8, 19, 14, 3, 13, 6, 12, 16, 1, 15, 7, 10, 18, 0, 9]|[0, 2, 2, 1, 0, 0, 2, 0, 0, 0, 1, 1, 2, 0, 1, 0, 1, 0, 2, 1]|[3, 0, 0, 1, 3, 3, 0, 2, 3, 2, 1, 1, 0, 3, 1, 3, 1, 3, 0, 1]|[2, 0, 1, 1, 0, 0, 1, 2, 1, 2, 1, 1, 1, 0, 1, 0, 1, 2, 0, 1],277.068662820347;9422.223393231981;14672.873241355013,0.303750364956,32604,32604,0,8
93,2,32704,G1_CMAX,PREVIOUS,[2, 5, 11, 4, 6, 8, 19, 14, 3, 12, 17, 7, 10, 16, 15, 13, 18, 9, 0, 1]|[2, 2, 2, 1, 0, 0, 2, 0, 0, 0, 1, 0, 1, 2, 1, 1, 1, 1, 0, 1]|[0, 1, 0, 1, 3, 3, 0, 2, 3, 2, 1, 3, 1, 0, 1, 1, 1, 1, 3, 1]|[1, 0, 1, 1, 0, 0, 1, 2, 1, 2, 1, 0, 1, 1, 1, 1, 1, 1, 0, 1],244.036979577713;9420.776998450458;17237.015332757240,1,true,[11, 5, 2, 4, 6, 8, 19, 14, 3, 12, 17, 13, 10, 16, 7, 1, 15, 18, 9, 0]|[2, 2, 1, 1, 2, 0, 2, 0, 0, 0, 1, 1, 1, 2, 1, 0, 1, 0, 0, 0]|[0, 0, 1, 1, 1, 3, 0, 2, 3, 2, 1, 1, 1, 0, 1, 2, 1, 3, 3, 3]|[1, 0, 1, 1, 1, 0, 1, 2, 1, 2, 1, 1, 1, 1, 1, 0, 1, 2, 0, 0],242.947967572605;9339.356219701620;15820.971715847094,242.947967572605,32704,32704,0,24
93,2,32704,G1_CMAX,HISTORICAL,[2, 5, 18, 3, 17, 16, 10, 19, 9, 6, 12, 11, 0, 8, 4, 15, 7, 14, 1, 13]|[2, 2, 1, 2, 2, 2, 2, 1, 0, 0, 1, 2, 2, 0, 0, 1, 1, 0, 1, 1]|[0, 1, 1, 0, 1, 1, 0, 0, 0, 2, 0, 0, 0, 3, 0, 1, 1, 3, 1, 1]|[1, 0, 0, 1, 0, 0, 1, 1, 0, 2, 1, 1, 1, 2, 1, 0, 1, 0, 1, 1],203.680988390281;10730.053037185788;17590.401652550340,0,false,[2, 5, 18, 3, 17, 16, 10, 19, 9, 6, 12, 11, 0, 8, 4, 15, 7, 14, 1, 13]|[2, 2, 1, 2, 2, 2, 2, 1, 0, 0, 1, 2, 2, 0, 0, 1, 1, 0, 1, 1]|[0, 1, 1, 0, 1, 1, 0, 0, 0, 2, 0, 0, 0, 3, 0, 1, 1, 3, 1, 1]|[1, 0, 0, 1, 0, 0, 1, 1, 0, 2, 1, 1, 1, 2, 1, 0, 1, 0, 1, 1],203.680988390281;10730.053037185788;17590.401652550340,203.680988390281,NOT_APPLICABLE,NOT_APPLICABLE,NOT_APPLICABLE,42
93,2,32704,G2_TEC,PREVIOUS,[11, 5, 2, 4, 6, 8, 19, 14, 3, 12, 17, 13, 0, 10, 1, 7, 15, 18, 16, 9]|[2, 2, 1, 1, 2, 0, 2, 0, 0, 0, 1, 1, 0, 1, 0, 1, 1, 0, 2, 0]|[0, 0, 1, 1, 1, 3, 0, 2, 3, 2, 1, 1, 3, 1, 3, 1, 1, 3, 0, 3]|[1, 0, 1, 1, 1, 0, 1, 2, 1, 2, 1, 1, 0, 1, 0, 1, 1, 2, 1, 0],249.053053094689;9206.125663201607;15924.451400240634,0,false,[11, 5, 2, 4, 6, 8, 19, 14, 3, 12, 17, 13, 0, 10, 1, 7, 15, 18, 16, 9]|[2, 2, 1, 1, 2, 0, 2, 0, 0, 0, 1, 1, 0, 1, 0, 1, 1, 0, 2, 0]|[0, 0, 1, 1, 1, 3, 0, 2, 3, 2, 1, 1, 3, 1, 3, 1, 1, 3, 0, 3]|[1, 0, 1, 1, 1, 0, 1, 2, 1, 2, 1, 1, 0, 1, 0, 1, 1, 2, 1, 0],249.053053094689;9206.125663201607;15924.451400240634,9206.125663201607,NOT_APPLICABLE,NOT_APPLICABLE,NOT_APPLICABLE,17
93,2,32704,G2_TEC,HISTORICAL,[11, 5, 2, 4, 6, 8, 19, 14, 3, 12, 17, 13, 0, 10, 1, 7, 15, 18, 16, 9]|[2, 2, 1, 1, 2, 0, 2, 0, 0, 0, 1, 1, 0, 1, 0, 1, 1, 0, 2, 0]|[0, 0, 1, 1, 1, 3, 0, 2, 3, 2, 1, 1, 3, 1, 3, 1, 1, 3, 0, 3]|[1, 0, 1, 1, 1, 0, 1, 2, 1, 2, 1, 1, 0, 1, 0, 1, 1, 2, 1, 0],249.053053094689;9206.125663201607;15924.451400240634,0,false,[11, 5, 2, 4, 6, 8, 19, 14, 3, 12, 17, 13, 0, 10, 1, 7, 15, 18, 16, 9]|[2, 2, 1, 1, 2, 0, 2, 0, 0, 0, 1, 1, 0, 1, 0, 1, 1, 0, 2, 0]|[0, 0, 1, 1, 1, 3, 0, 2, 3, 2, 1, 1, 3, 1, 3, 1, 1, 3, 0, 3]|[1, 0, 1, 1, 1, 0, 1, 2, 1, 2, 1, 1, 0, 1, 0, 1, 1, 2, 1, 0],249.053053094689;9206.125663201607;15924.451400240634,9206.125663201607,NOT_APPLICABLE,NOT_APPLICABLE,NOT_APPLICABLE,56
93,2,32704,G3_TWC,PREVIOUS,[4, 11, 13, 1, 7, 12, 18, 5, 2, 16, 15, 8, 19, 10, 0, 6, 3, 17, 14, 9]|[0, 0, 1, 0, 1, 1, 0, 2, 2, 0, 1, 0, 2, 0, 2, 0, 0, 2, 0, 0]|[2, 0, 1, 3, 1, 1, 2, 0, 0, 3, 1, 3, 0, 3, 0, 2, 3, 0, 3, 3]|[1, 0, 0, 2, 1, 1, 1, 0, 1, 2, 0, 0, 1, 2, 0, 0, 1, 1, 0, 2],389.616876720221;10191.714139359137;13081.607148577272,0,false,[4, 11, 13, 1, 7, 12, 18, 5, 2, 16, 15, 8, 19, 10, 0, 6, 3, 17, 14, 9]|[0, 0, 1, 0, 1, 1, 0, 2, 2, 0, 1, 0, 2, 0, 2, 0, 0, 2, 0, 0]|[2, 0, 1, 3, 1, 1, 2, 0, 0, 3, 1, 3, 0, 3, 0, 2, 3, 0, 3, 3]|[1, 0, 0, 2, 1, 1, 1, 0, 1, 2, 0, 0, 1, 2, 0, 0, 1, 1, 0, 2],389.616876720221;10191.714139359137;13081.607148577272,13081.607148577272,NOT_APPLICABLE,NOT_APPLICABLE,NOT_APPLICABLE,41
93,2,32704,G3_TWC,HISTORICAL,[4, 11, 13, 1, 7, 12, 18, 5, 2, 16, 15, 8, 19, 10, 0, 6, 3, 17, 14, 9]|[0, 0, 1, 0, 1, 1, 0, 2, 2, 0, 1, 0, 2, 0, 2, 0, 0, 2, 0, 0]|[2, 0, 1, 3, 1, 1, 2, 0, 0, 3, 1, 3, 0, 3, 0, 2, 3, 0, 3, 3]|[1, 0, 0, 2, 1, 1, 1, 0, 1, 2, 0, 0, 1, 2, 0, 0, 1, 1, 0, 2],389.616876720221;10191.714139359137;13081.607148577272,0,false,[4, 11, 13, 1, 7, 12, 18, 5, 2, 16, 15, 8, 19, 10, 0, 6, 3, 17, 14, 9]|[0, 0, 1, 0, 1, 1, 0, 2, 2, 0, 1, 0, 2, 0, 2, 0, 0, 2, 0, 0]|[2, 0, 1, 3, 1, 1, 2, 0, 0, 3, 1, 3, 0, 3, 0, 2, 3, 0, 3, 3]|[1, 0, 0, 2, 1, 1, 1, 0, 1, 2, 0, 0, 1, 2, 0, 0, 1, 1, 0, 2],389.616876720221;10191.714139359137;13081.607148577272,13081.607148577272,NOT_APPLICABLE,NOT_APPLICABLE,NOT_APPLICABLE,29
93,2,32704,G4_BALANCED,PREVIOUS,[18, 0, 4, 6, 7, 12, 1, 5, 9, 2, 14, 3, 10, 17, 19, 13, 11, 16, 15, 8]|[0, 0, 2, 0, 0, 1, 0, 2, 1, 2, 0, 0, 2, 0, 2, 0, 0, 1, 1, 0]|[1, 2, 0, 2, 3, 1, 2, 0, 1, 0, 2, 3, 0, 3, 0, 3, 0, 1, 1, 3]|[1, 0, 0, 2, 2, 1, 0, 0, 1, 1, 0, 1, 1, 1, 1, 2, 0, 1, 0, 2],335.580410576488;10278.657859762629;13119.081694114530,0,false,[18, 0, 4, 6, 7, 12, 1, 5, 9, 2, 14, 3, 10, 17, 19, 13, 11, 16, 15, 8]|[0, 0, 2, 0, 0, 1, 0, 2, 1, 2, 0, 0, 2, 0, 2, 0, 0, 1, 1, 0]|[1, 2, 0, 2, 3, 1, 2, 0, 1, 0, 2, 3, 0, 3, 0, 3, 0, 1, 1, 3]|[1, 0, 0, 2, 2, 1, 0, 0, 1, 1, 0, 1, 1, 1, 1, 2, 0, 1, 0, 2],335.580410576488;10278.657859762629;13119.081694114530,0.534333611141,NOT_APPLICABLE,NOT_APPLICABLE,NOT_APPLICABLE,62
93,2,32704,G4_BALANCED,HISTORICAL,[11, 5, 2, 4, 17, 8, 19, 14, 3, 13, 6, 12, 16, 1, 15, 7, 10, 18, 0, 9]|[0, 2, 2, 1, 0, 0, 2, 0, 0, 0, 1, 1, 2, 0, 1, 0, 1, 0, 2, 1]|[3, 0, 0, 1, 3, 3, 0, 2, 3, 2, 1, 1, 0, 3, 1, 3, 1, 3, 0, 1]|[2, 0, 1, 1, 0, 0, 1, 2, 1, 2, 1, 1, 1, 0, 1, 0, 1, 2, 0, 1],277.068662820347;9422.223393231981;14672.873241355013,0,false,[11, 5, 2, 4, 17, 8, 19, 14, 3, 13, 6, 12, 16, 1, 15, 7, 10, 18, 0, 9]|[0, 2, 2, 1, 0, 0, 2, 0, 0, 0, 1, 1, 2, 0, 1, 0, 1, 0, 2, 1]|[3, 0, 0, 1, 3, 3, 0, 2, 3, 2, 1, 1, 0, 3, 1, 3, 1, 3, 0, 1]|[2, 0, 1, 1, 0, 0, 1, 2, 1, 2, 1, 1, 1, 0, 1, 0, 1, 2, 0, 1],277.068662820347;9422.223393231981;14672.873241355013,0.321678482467,NOT_APPLICABLE,NOT_APPLICABLE,NOT_APPLICABLE,8
94,2,32804,G1_CMAX,PREVIOUS,[11, 5, 2, 4, 17, 1, 0, 8, 14, 13, 15, 7, 9, 18, 10, 19, 3, 12, 16, 6]|[0, 2, 2, 1, 1, 0, 2, 0, 0, 0, 1, 1, 1, 0, 2, 2, 1, 0, 1, 0]|[0, 0, 0, 1, 0, 1, 0, 2, 2, 3, 1, 1, 1, 1, 1, 0, 0, 2, 1, 3]|[0, 0, 0, 1, 1, 0, 0, 2, 2, 1, 1, 1, 1, 1, 0, 1, 0, 2, 1, 0],256.885310025281;10961.823909333945;15287.355539358170,0,false,[11, 5, 2, 4, 17, 1, 0, 8, 14, 13, 15, 7, 9, 18, 10, 19, 3, 12, 16, 6]|[0, 2, 2, 1, 1, 0, 2, 0, 0, 0, 1, 1, 1, 0, 2, 2, 1, 0, 1, 0]|[0, 0, 0, 1, 0, 1, 0, 2, 2, 3, 1, 1, 1, 1, 1, 0, 0, 2, 1, 3]|[0, 0, 0, 1, 1, 0, 0, 2, 2, 1, 1, 1, 1, 1, 0, 1, 0, 2, 1, 0],256.885310025281;10961.823909333945;15287.355539358170,256.885310025281,NOT_APPLICABLE,NOT_APPLICABLE,NOT_APPLICABLE,24
94,2,32804,G1_CMAX,HISTORICAL,[2, 5, 18, 3, 17, 16, 10, 19, 9, 6, 12, 11, 0, 8, 4, 15, 7, 14, 1, 13]|[2, 2, 1, 2, 2, 2, 2, 1, 0, 0, 1, 2, 2, 0, 0, 1, 1, 0, 1, 1]|[0, 1, 1, 0, 1, 1, 0, 0, 0, 2, 0, 0, 0, 3, 0, 1, 1, 3, 1, 1]|[1, 0, 0, 1, 0, 0, 1, 1, 0, 2, 1, 1, 1, 2, 1, 0, 1, 0, 1, 1],203.680988390281;10730.053037185788;17590.401652550340,0,false,[2, 5, 18, 3, 17, 16, 10, 19, 9, 6, 12, 11, 0, 8, 4, 15, 7, 14, 1, 13]|[2, 2, 1, 2, 2, 2, 2, 1, 0, 0, 1, 2, 2, 0, 0, 1, 1, 0, 1, 1]|[0, 1, 1, 0, 1, 1, 0, 0, 0, 2, 0, 0, 0, 3, 0, 1, 1, 3, 1, 1]|[1, 0, 0, 1, 0, 0, 1, 1, 0, 2, 1, 1, 1, 2, 1, 0, 1, 0, 1, 1],203.680988390281;10730.053037185788;17590.401652550340,203.680988390281,NOT_APPLICABLE,NOT_APPLICABLE,NOT_APPLICABLE,42
94,2,32804,G2_TEC,PREVIOUS,[11, 5, 2, 4, 6, 8, 19, 14, 3, 12, 17, 13, 0, 10, 1, 7, 15, 18, 16, 9]|[2, 2, 1, 1, 2, 0, 2, 0, 0, 0, 1, 1, 0, 1, 0, 1, 1, 0, 2, 0]|[0, 0, 1, 1, 1, 3, 0, 2, 3, 2, 1, 1, 3, 1, 3, 1, 1, 3, 0, 3]|[1, 0, 1, 1, 1, 0, 1, 2, 1, 2, 1, 1, 0, 1, 0, 1, 1, 2, 1, 0],249.053053094689;9206.125663201607;15924.451400240634,0,false,[11, 5, 2, 4, 6, 8, 19, 14, 3, 12, 17, 13, 0, 10, 1, 7, 15, 18, 16, 9]|[2, 2, 1, 1, 2, 0, 2, 0, 0, 0, 1, 1, 0, 1, 0, 1, 1, 0, 2, 0]|[0, 0, 1, 1, 1, 3, 0, 2, 3, 2, 1, 1, 3, 1, 3, 1, 1, 3, 0, 3]|[1, 0, 1, 1, 1, 0, 1, 2, 1, 2, 1, 1, 0, 1, 0, 1, 1, 2, 1, 0],249.053053094689;9206.125663201607;15924.451400240634,9206.125663201607,NOT_APPLICABLE,NOT_APPLICABLE,NOT_APPLICABLE,18
94,2,32804,G2_TEC,HISTORICAL,[11, 5, 2, 4, 6, 8, 19, 14, 3, 12, 17, 13, 0, 10, 1, 7, 15, 18, 16, 9]|[2, 2, 1, 1, 2, 0, 2, 0, 0, 0, 1, 1, 0, 1, 0, 1, 1, 0, 2, 0]|[0, 0, 1, 1, 1, 3, 0, 2, 3, 2, 1, 1, 3, 1, 3, 1, 1, 3, 0, 3]|[1, 0, 1, 1, 1, 0, 1, 2, 1, 2, 1, 1, 0, 1, 0, 1, 1, 2, 1, 0],249.053053094689;9206.125663201607;15924.451400240634,0,false,[11, 5, 2, 4, 6, 8, 19, 14, 3, 12, 17, 13, 0, 10, 1, 7, 15, 18, 16, 9]|[2, 2, 1, 1, 2, 0, 2, 0, 0, 0, 1, 1, 0, 1, 0, 1, 1, 0, 2, 0]|[0, 0, 1, 1, 1, 3, 0, 2, 3, 2, 1, 1, 3, 1, 3, 1, 1, 3, 0, 3]|[1, 0, 1, 1, 1, 0, 1, 2, 1, 2, 1, 1, 0, 1, 0, 1, 1, 2, 1, 0],249.053053094689;9206.125663201607;15924.451400240634,9206.125663201607,NOT_APPLICABLE,NOT_APPLICABLE,NOT_APPLICABLE,56
94,2,32804,G3_TWC,PREVIOUS,[4, 11, 13, 1, 7, 12, 18, 5, 2, 16, 15, 8, 19, 10, 0, 6, 3, 17, 14, 9]|[0, 0, 1, 0, 1, 1, 0, 2, 2, 0, 1, 0, 2, 0, 2, 0, 0, 2, 0, 0]|[2, 0, 1, 3, 1, 1, 2, 0, 0, 3, 1, 3, 0, 3, 0, 2, 3, 0, 3, 3]|[1, 0, 0, 2, 1, 1, 1, 0, 1, 2, 0, 0, 1, 2, 0, 0, 1, 1, 0, 2],389.616876720221;10191.714139359137;13081.607148577272,0,false,[4, 11, 13, 1, 7, 12, 18, 5, 2, 16, 15, 8, 19, 10, 0, 6, 3, 17, 14, 9]|[0, 0, 1, 0, 1, 1, 0, 2, 2, 0, 1, 0, 2, 0, 2, 0, 0, 2, 0, 0]|[2, 0, 1, 3, 1, 1, 2, 0, 0, 3, 1, 3, 0, 3, 0, 2, 3, 0, 3, 3]|[1, 0, 0, 2, 1, 1, 1, 0, 1, 2, 0, 0, 1, 2, 0, 0, 1, 1, 0, 2],389.616876720221;10191.714139359137;13081.607148577272,13081.607148577272,NOT_APPLICABLE,NOT_APPLICABLE,NOT_APPLICABLE,41
94,2,32804,G3_TWC,HISTORICAL,[4, 11, 13, 1, 7, 12, 18, 5, 2, 16, 15, 8, 19, 10, 0, 6, 3, 17, 14, 9]|[0, 0, 1, 0, 1, 1, 0, 2, 2, 0, 1, 0, 2, 0, 2, 0, 0, 2, 0, 0]|[2, 0, 1, 3, 1, 1, 2, 0, 0, 3, 1, 3, 0, 3, 0, 2, 3, 0, 3, 3]|[1, 0, 0, 2, 1, 1, 1, 0, 1, 2, 0, 0, 1, 2, 0, 0, 1, 1, 0, 2],389.616876720221;10191.714139359137;13081.607148577272,0,false,[4, 11, 13, 1, 7, 12, 18, 5, 2, 16, 15, 8, 19, 10, 0, 6, 3, 17, 14, 9]|[0, 0, 1, 0, 1, 1, 0, 2, 2, 0, 1, 0, 2, 0, 2, 0, 0, 2, 0, 0]|[2, 0, 1, 3, 1, 1, 2, 0, 0, 3, 1, 3, 0, 3, 0, 2, 3, 0, 3, 3]|[1, 0, 0, 2, 1, 1, 1, 0, 1, 2, 0, 0, 1, 2, 0, 0, 1, 1, 0, 2],389.616876720221;10191.714139359137;13081.607148577272,13081.607148577272,NOT_APPLICABLE,NOT_APPLICABLE,NOT_APPLICABLE,30
94,2,32804,G4_BALANCED,PREVIOUS,[18, 0, 4, 6, 7, 12, 1, 5, 9, 2, 14, 3, 10, 17, 19, 13, 11, 16, 15, 8]|[0, 0, 2, 0, 0, 1, 0, 2, 1, 2, 0, 0, 2, 0, 2, 0, 0, 1, 1, 0]|[1, 2, 0, 2, 3, 1, 2, 0, 1, 0, 2, 3, 0, 3, 0, 3, 0, 1, 1, 3]|[1, 0, 0, 2, 2, 1, 0, 0, 1, 1, 0, 1, 1, 1, 1, 2, 0, 1, 0, 2],335.580410576488;10278.657859762629;13119.081694114530,0,false,[18, 0, 4, 6, 7, 12, 1, 5, 9, 2, 14, 3, 10, 17, 19, 13, 11, 16, 15, 8]|[0, 0, 2, 0, 0, 1, 0, 2, 1, 2, 0, 0, 2, 0, 2, 0, 0, 1, 1, 0]|[1, 2, 0, 2, 3, 1, 2, 0, 1, 0, 2, 3, 0, 3, 0, 3, 0, 1, 1, 3]|[1, 0, 0, 2, 2, 1, 0, 0, 1, 1, 0, 1, 1, 1, 1, 2, 0, 1, 0, 2],335.580410576488;10278.657859762629;13119.081694114530,0.534333611141,NOT_APPLICABLE,NOT_APPLICABLE,NOT_APPLICABLE,63
94,2,32804,G4_BALANCED,HISTORICAL,[11, 5, 2, 4, 17, 8, 19, 14, 3, 13, 6, 12, 16, 1, 15, 7, 10, 18, 0, 9]|[0, 2, 2, 1, 0, 0, 2, 0, 0, 0, 1, 1, 2, 0, 1, 0, 1, 0, 2, 1]|[3, 0, 0, 1, 3, 3, 0, 2, 3, 2, 1, 1, 0, 3, 1, 3, 1, 3, 0, 1]|[2, 0, 1, 1, 0, 0, 1, 2, 1, 2, 1, 1, 1, 0, 1, 0, 1, 2, 0, 1],277.068662820347;9422.223393231981;14672.873241355013,0,false,[11, 5, 2, 4, 17, 8, 19, 14, 3, 13, 6, 12, 16, 1, 15, 7, 10, 18, 0, 9]|[0, 2, 2, 1, 0, 0, 2, 0, 0, 0, 1, 1, 2, 0, 1, 0, 1, 0, 2, 1]|[3, 0, 0, 1, 3, 3, 0, 2, 3, 2, 1, 1, 0, 3, 1, 3, 1, 3, 0, 1]|[2, 0, 1, 1, 0, 0, 1, 2, 1, 2, 1, 1, 1, 0, 1, 0, 1, 2, 0, 1],277.068662820347;9422.223393231981;14672.873241355013,0.321678482467,NOT_APPLICABLE,NOT_APPLICABLE,NOT_APPLICABLE,8
95,2,32904,G1_CMAX,PREVIOUS,[11, 5, 2, 17, 6, 8, 10, 14, 15, 12, 4, 7, 13, 19, 18, 3, 9, 16, 0, 1]|[0, 2, 1, 1, 0, 0, 1, 0, 1, 0, 2, 0, 1, 2, 0, 0, 1, 2, 2, 0]|[3, 1, 1, 1, 2, 3, 1, 2, 1, 2, 0, 3, 1, 0, 3, 3, 1, 0, 0, 3]|[2, 0, 1, 1, 0, 0, 1, 2, 0, 2, 1, 0, 1, 1, 2, 1, 1, 1, 0, 0],276.072747526441;9793.549304701635;15103.953849092620,0,false,[11, 5, 2, 17, 6, 8, 10, 14, 15, 12, 4, 7, 13, 19, 18, 3, 9, 16, 0, 1]|[0, 2, 1, 1, 0, 0, 1, 0, 1, 0, 2, 0, 1, 2, 0, 0, 1, 2, 2, 0]|[3, 1, 1, 1, 2, 3, 1, 2, 1, 2, 0, 3, 1, 0, 3, 3, 1, 0, 0, 3]|[2, 0, 1, 1, 0, 0, 1, 2, 0, 2, 1, 0, 1, 1, 2, 1, 1, 1, 0, 0],276.072747526441;9793.549304701635;15103.953849092620,276.072747526441,NOT_APPLICABLE,NOT_APPLICABLE,NOT_APPLICABLE,24
95,2,32904,G1_CMAX,HISTORICAL,[2, 5, 18, 3, 17, 16, 10, 19, 9, 6, 12, 11, 0, 8, 4, 15, 7, 14, 1, 13]|[2, 2, 1, 2, 2, 2, 2, 1, 0, 0, 1, 2, 2, 0, 0, 1, 1, 0, 1, 1]|[0, 1, 1, 0, 1, 1, 0, 0, 0, 2, 0, 0, 0, 3, 0, 1, 1, 3, 1, 1]|[1, 0, 0, 1, 0, 0, 1, 1, 0, 2, 1, 1, 1, 2, 1, 0, 1, 0, 1, 1],203.680988390281;10730.053037185788;17590.401652550340,0,false,[2, 5, 18, 3, 17, 16, 10, 19, 9, 6, 12, 11, 0, 8, 4, 15, 7, 14, 1, 13]|[2, 2, 1, 2, 2, 2, 2, 1, 0, 0, 1, 2, 2, 0, 0, 1, 1, 0, 1, 1]|[0, 1, 1, 0, 1, 1, 0, 0, 0, 2, 0, 0, 0, 3, 0, 1, 1, 3, 1, 1]|[1, 0, 0, 1, 0, 0, 1, 1, 0, 2, 1, 1, 1, 2, 1, 0, 1, 0, 1, 1],203.680988390281;10730.053037185788;17590.401652550340,203.680988390281,NOT_APPLICABLE,NOT_APPLICABLE,NOT_APPLICABLE,42
95,2,32904,G2_TEC,PREVIOUS,[11, 5, 2, 4, 6, 8, 19, 14, 3, 12, 17, 13, 0, 10, 1, 7, 15, 18, 16, 9]|[2, 2, 1, 1, 2, 0, 2, 0, 0, 0, 1, 1, 0, 1, 0, 1, 1, 0, 2, 0]|[0, 0, 1, 1, 1, 3, 0, 2, 3, 2, 1, 1, 3, 1, 3, 1, 1, 3, 0, 3]|[1, 0, 1, 1, 1, 0, 1, 2, 1, 2, 1, 1, 0, 1, 0, 1, 1, 2, 1, 0],249.053053094689;9206.125663201607;15924.451400240634,0,false,[11, 5, 2, 4, 6, 8, 19, 14, 3, 12, 17, 13, 0, 10, 1, 7, 15, 18, 16, 9]|[2, 2, 1, 1, 2, 0, 2, 0, 0, 0, 1, 1, 0, 1, 0, 1, 1, 0, 2, 0]|[0, 0, 1, 1, 1, 3, 0, 2, 3, 2, 1, 1, 3, 1, 3, 1, 1, 3, 0, 3]|[1, 0, 1, 1, 1, 0, 1, 2, 1, 2, 1, 1, 0, 1, 0, 1, 1, 2, 1, 0],249.053053094689;9206.125663201607;15924.451400240634,9206.125663201607,NOT_APPLICABLE,NOT_APPLICABLE,NOT_APPLICABLE,19
95,2,32904,G2_TEC,HISTORICAL,[11, 5, 2, 4, 6, 8, 19, 14, 3, 12, 17, 13, 0, 10, 1, 7, 15, 18, 16, 9]|[2, 2, 1, 1, 2, 0, 2, 0, 0, 0, 1, 1, 0, 1, 0, 1, 1, 0, 2, 0]|[0, 0, 1, 1, 1, 3, 0, 2, 3, 2, 1, 1, 3, 1, 3, 1, 1, 3, 0, 3]|[1, 0, 1, 1, 1, 0, 1, 2, 1, 2, 1, 1, 0, 1, 0, 1, 1, 2, 1, 0],249.053053094689;9206.125663201607;15924.451400240634,0,false,[11, 5, 2, 4, 6, 8, 19, 14, 3, 12, 17, 13, 0, 10, 1, 7, 15, 18, 16, 9]|[2, 2, 1, 1, 2, 0, 2, 0, 0, 0, 1, 1, 0, 1, 0, 1, 1, 0, 2, 0]|[0, 0, 1, 1, 1, 3, 0, 2, 3, 2, 1, 1, 3, 1, 3, 1, 1, 3, 0, 3]|[1, 0, 1, 1, 1, 0, 1, 2, 1, 2, 1, 1, 0, 1, 0, 1, 1, 2, 1, 0],249.053053094689;9206.125663201607;15924.451400240634,9206.125663201607,NOT_APPLICABLE,NOT_APPLICABLE,NOT_APPLICABLE,56
95,2,32904,G3_TWC,PREVIOUS,[4, 11, 13, 1, 7, 12, 18, 5, 2, 16, 15, 8, 19, 10, 0, 6, 3, 17, 14, 9]|[0, 0, 1, 0, 1, 1, 0, 2, 2, 0, 1, 0, 2, 0, 2, 0, 0, 2, 0, 0]|[2, 0, 1, 3, 1, 1, 2, 0, 0, 3, 1, 3, 0, 3, 0, 2, 3, 0, 3, 3]|[1, 0, 0, 2, 1, 1, 1, 0, 1, 2, 0, 0, 1, 2, 0, 0, 1, 1, 0, 2],389.616876720221;10191.714139359137;13081.607148577272,0,false,[4, 11, 13, 1, 7, 12, 18, 5, 2, 16, 15, 8, 19, 10, 0, 6, 3, 17, 14, 9]|[0, 0, 1, 0, 1, 1, 0, 2, 2, 0, 1, 0, 2, 0, 2, 0, 0, 2, 0, 0]|[2, 0, 1, 3, 1, 1, 2, 0, 0, 3, 1, 3, 0, 3, 0, 2, 3, 0, 3, 3]|[1, 0, 0, 2, 1, 1, 1, 0, 1, 2, 0, 0, 1, 2, 0, 0, 1, 1, 0, 2],389.616876720221;10191.714139359137;13081.607148577272,13081.607148577272,NOT_APPLICABLE,NOT_APPLICABLE,NOT_APPLICABLE,41
95,2,32904,G3_TWC,HISTORICAL,[4, 11, 13, 1, 7, 12, 18, 5, 2, 16, 15, 8, 19, 10, 0, 6, 3, 17, 14, 9]|[0, 0, 1, 0, 1, 1, 0, 2, 2, 0, 1, 0, 2, 0, 2, 0, 0, 2, 0, 0]|[2, 0, 1, 3, 1, 1, 2, 0, 0, 3, 1, 3, 0, 3, 0, 2, 3, 0, 3, 3]|[1, 0, 0, 2, 1, 1, 1, 0, 1, 2, 0, 0, 1, 2, 0, 0, 1, 1, 0, 2],389.616876720221;10191.714139359137;13081.607148577272,0,false,[4, 11, 13, 1, 7, 12, 18, 5, 2, 16, 15, 8, 19, 10, 0, 6, 3, 17, 14, 9]|[0, 0, 1, 0, 1, 1, 0, 2, 2, 0, 1, 0, 2, 0, 2, 0, 0, 2, 0, 0]|[2, 0, 1, 3, 1, 1, 2, 0, 0, 3, 1, 3, 0, 3, 0, 2, 3, 0, 3, 3]|[1, 0, 0, 2, 1, 1, 1, 0, 1, 2, 0, 0, 1, 2, 0, 0, 1, 1, 0, 2],389.616876720221;10191.714139359137;13081.607148577272,13081.607148577272,NOT_APPLICABLE,NOT_APPLICABLE,NOT_APPLICABLE,31
95,2,32904,G4_BALANCED,PREVIOUS,[18, 0, 4, 6, 7, 12, 1, 5, 9, 2, 14, 3, 10, 17, 19, 13, 11, 16, 15, 8]|[0, 0, 2, 0, 0, 1, 0, 2, 1, 2, 0, 0, 2, 0, 2, 0, 0, 1, 1, 0]|[1, 2, 0, 2, 3, 1, 2, 0, 1, 0, 2, 3, 0, 3, 0, 3, 0, 1, 1, 3]|[1, 0, 0, 2, 2, 1, 0, 0, 1, 1, 0, 1, 1, 1, 1, 2, 0, 1, 0, 2],335.580410576488;10278.657859762629;13119.081694114530,0,false,[18, 0, 4, 6, 7, 12, 1, 5, 9, 2, 14, 3, 10, 17, 19, 13, 11, 16, 15, 8]|[0, 0, 2, 0, 0, 1, 0, 2, 1, 2, 0, 0, 2, 0, 2, 0, 0, 1, 1, 0]|[1, 2, 0, 2, 3, 1, 2, 0, 1, 0, 2, 3, 0, 3, 0, 3, 0, 1, 1, 3]|[1, 0, 0, 2, 2, 1, 0, 0, 1, 1, 0, 1, 1, 1, 1, 2, 0, 1, 0, 2],335.580410576488;10278.657859762629;13119.081694114530,0.534333611141,NOT_APPLICABLE,NOT_APPLICABLE,NOT_APPLICABLE,64
95,2,32904,G4_BALANCED,HISTORICAL,[11, 5, 2, 4, 17, 8, 19, 14, 3, 13, 6, 12, 16, 1, 15, 7, 10, 18, 0, 9]|[0, 2, 2, 1, 0, 0, 2, 0, 0, 0, 1, 1, 2, 0, 1, 0, 1, 0, 2, 1]|[3, 0, 0, 1, 3, 3, 0, 2, 3, 2, 1, 1, 0, 3, 1, 3, 1, 3, 0, 1]|[2, 0, 1, 1, 0, 0, 1, 2, 1, 2, 1, 1, 1, 0, 1, 0, 1, 2, 0, 1],277.068662820347;9422.223393231981;14672.873241355013,0,false,[11, 5, 2, 4, 17, 8, 19, 14, 3, 13, 6, 12, 16, 1, 15, 7, 10, 18, 0, 9]|[0, 2, 2, 1, 0, 0, 2, 0, 0, 0, 1, 1, 2, 0, 1, 0, 1, 0, 2, 1]|[3, 0, 0, 1, 3, 3, 0, 2, 3, 2, 1, 1, 0, 3, 1, 3, 1, 3, 0, 1]|[2, 0, 1, 1, 0, 0, 1, 2, 1, 2, 1, 1, 1, 0, 1, 0, 1, 2, 0, 1],277.068662820347;9422.223393231981;14672.873241355013,0.321678482467,NOT_APPLICABLE,NOT_APPLICABLE,NOT_APPLICABLE,8
96,2,33004,G1_CMAX,PREVIOUS,[19, 5, 2, 4, 6, 8, 11, 14, 3, 12, 9, 0, 1, 15, 10, 7, 17, 18, 16, 13]|[1, 2, 2, 1, 0, 0, 2, 0, 0, 0, 0, 2, 0, 1, 1, 1, 1, 0, 2, 0]|[1, 0, 0, 1, 3, 3, 0, 2, 3, 2, 3, 0, 3, 1, 1, 1, 1, 3, 0, 3]|[1, 0, 1, 1, 0, 0, 1, 2, 1, 2, 0, 0, 0, 1, 1, 1, 1, 2, 1, 0],297.980803300980;9090.660505463115;14557.029404042412,0,false,[19, 5, 2, 4, 6, 8, 11, 14, 3, 12, 9, 0, 1, 15, 10, 7, 17, 18, 16, 13]|[1, 2, 2, 1, 0, 0, 2, 0, 0, 0, 0, 2, 0, 1, 1, 1, 1, 0, 2, 0]|[1, 0, 0, 1, 3, 3, 0, 2, 3, 2, 3, 0, 3, 1, 1, 1, 1, 3, 0, 3]|[1, 0, 1, 1, 0, 0, 1, 2, 1, 2, 0, 0, 0, 1, 1, 1, 1, 2, 1, 0],297.980803300980;9090.660505463115;14557.029404042412,297.980803300980,NOT_APPLICABLE,NOT_APPLICABLE,NOT_APPLICABLE,24
96,2,33004,G1_CMAX,HISTORICAL,[2, 5, 18, 3, 17, 16, 10, 19, 9, 6, 12, 11, 0, 8, 4, 15, 7, 14, 1, 13]|[2, 2, 1, 2, 2, 2, 2, 1, 0, 0, 1, 2, 2, 0, 0, 1, 1, 0, 1, 1]|[0, 1, 1, 0, 1, 1, 0, 0, 0, 2, 0, 0, 0, 3, 0, 1, 1, 3, 1, 1]|[1, 0, 0, 1, 0, 0, 1, 1, 0, 2, 1, 1, 1, 2, 1, 0, 1, 0, 1, 1],203.680988390281;10730.053037185788;17590.401652550340,0,false,[2, 5, 18, 3, 17, 16, 10, 19, 9, 6, 12, 11, 0, 8, 4, 15, 7, 14, 1, 13]|[2, 2, 1, 2, 2, 2, 2, 1, 0, 0, 1, 2, 2, 0, 0, 1, 1, 0, 1, 1]|[0, 1, 1, 0, 1, 1, 0, 0, 0, 2, 0, 0, 0, 3, 0, 1, 1, 3, 1, 1]|[1, 0, 0, 1, 0, 0, 1, 1, 0, 2, 1, 1, 1, 2, 1, 0, 1, 0, 1, 1],203.680988390281;10730.053037185788;17590.401652550340,203.680988390281,NOT_APPLICABLE,NOT_APPLICABLE,NOT_APPLICABLE,42
96,2,33004,G2_TEC,PREVIOUS,[11, 5, 2, 4, 6, 8, 19, 14, 3, 12, 17, 13, 0, 10, 1, 7, 15, 18, 16, 9]|[2, 2, 1, 1, 2, 0, 2, 0, 0, 0, 1, 1, 0, 1, 0, 1, 1, 0, 2, 0]|[0, 0, 1, 1, 1, 3, 0, 2, 3, 2, 1, 1, 3, 1, 3, 1, 1, 3, 0, 3]|[1, 0, 1, 1, 1, 0, 1, 2, 1, 2, 1, 1, 0, 1, 0, 1, 1, 2, 1, 0],249.053053094689;9206.125663201607;15924.451400240634,0,false,[11, 5, 2, 4, 6, 8, 19, 14, 3, 12, 17, 13, 0, 10, 1, 7, 15, 18, 16, 9]|[2, 2, 1, 1, 2, 0, 2, 0, 0, 0, 1, 1, 0, 1, 0, 1, 1, 0, 2, 0]|[0, 0, 1, 1, 1, 3, 0, 2, 3, 2, 1, 1, 3, 1, 3, 1, 1, 3, 0, 3]|[1, 0, 1, 1, 1, 0, 1, 2, 1, 2, 1, 1, 0, 1, 0, 1, 1, 2, 1, 0],249.053053094689;9206.125663201607;15924.451400240634,9206.125663201607,NOT_APPLICABLE,NOT_APPLICABLE,NOT_APPLICABLE,20
96,2,33004,G2_TEC,HISTORICAL,[11, 5, 2, 4, 6, 8, 19, 14, 3, 12, 17, 13, 0, 10, 1, 7, 15, 18, 16, 9]|[2, 2, 1, 1, 2, 0, 2, 0, 0, 0, 1, 1, 0, 1, 0, 1, 1, 0, 2, 0]|[0, 0, 1, 1, 1, 3, 0, 2, 3, 2, 1, 1, 3, 1, 3, 1, 1, 3, 0, 3]|[1, 0, 1, 1, 1, 0, 1, 2, 1, 2, 1, 1, 0, 1, 0, 1, 1, 2, 1, 0],249.053053094689;9206.125663201607;15924.451400240634,0,false,[11, 5, 2, 4, 6, 8, 19, 14, 3, 12, 17, 13, 0, 10, 1, 7, 15, 18, 16, 9]|[2, 2, 1, 1, 2, 0, 2, 0, 0, 0, 1, 1, 0, 1, 0, 1, 1, 0, 2, 0]|[0, 0, 1, 1, 1, 3, 0, 2, 3, 2, 1, 1, 3, 1, 3, 1, 1, 3, 0, 3]|[1, 0, 1, 1, 1, 0, 1, 2, 1, 2, 1, 1, 0, 1, 0, 1, 1, 2, 1, 0],249.053053094689;9206.125663201607;15924.451400240634,9206.125663201607,NOT_APPLICABLE,NOT_APPLICABLE,NOT_APPLICABLE,56
96,2,33004,G3_TWC,PREVIOUS,[4, 11, 13, 1, 7, 12, 18, 5, 2, 16, 15, 8, 19, 10, 0, 6, 3, 17, 14, 9]|[0, 0, 1, 0, 1, 1, 0, 2, 2, 0, 1, 0, 2, 0, 2, 0, 0, 2, 0, 0]|[2, 0, 1, 3, 1, 1, 2, 0, 0, 3, 1, 3, 0, 3, 0, 2, 3, 0, 3, 3]|[1, 0, 0, 2, 1, 1, 1, 0, 1, 2, 0, 0, 1, 2, 0, 0, 1, 1, 0, 2],389.616876720221;10191.714139359137;13081.607148577272,0,false,[4, 11, 13, 1, 7, 12, 18, 5, 2, 16, 15, 8, 19, 10, 0, 6, 3, 17, 14, 9]|[0, 0, 1, 0, 1, 1, 0, 2, 2, 0, 1, 0, 2, 0, 2, 0, 0, 2, 0, 0]|[2, 0, 1, 3, 1, 1, 2, 0, 0, 3, 1, 3, 0, 3, 0, 2, 3, 0, 3, 3]|[1, 0, 0, 2, 1, 1, 1, 0, 1, 2, 0, 0, 1, 2, 0, 0, 1, 1, 0, 2],389.616876720221;10191.714139359137;13081.607148577272,13081.607148577272,NOT_APPLICABLE,NOT_APPLICABLE,NOT_APPLICABLE,41
96,2,33004,G3_TWC,HISTORICAL,[4, 11, 13, 1, 7, 12, 18, 5, 2, 16, 15, 8, 19, 10, 0, 6, 3, 17, 14, 9]|[0, 0, 1, 0, 1, 1, 0, 2, 2, 0, 1, 0, 2, 0, 2, 0, 0, 2, 0, 0]|[2, 0, 1, 3, 1, 1, 2, 0, 0, 3, 1, 3, 0, 3, 0, 2, 3, 0, 3, 3]|[1, 0, 0, 2, 1, 1, 1, 0, 1, 2, 0, 0, 1, 2, 0, 0, 1, 1, 0, 2],389.616876720221;10191.714139359137;13081.607148577272,0,false,[4, 11, 13, 1, 7, 12, 18, 5, 2, 16, 15, 8, 19, 10, 0, 6, 3, 17, 14, 9]|[0, 0, 1, 0, 1, 1, 0, 2, 2, 0, 1, 0, 2, 0, 2, 0, 0, 2, 0, 0]|[2, 0, 1, 3, 1, 1, 2, 0, 0, 3, 1, 3, 0, 3, 0, 2, 3, 0, 3, 3]|[1, 0, 0, 2, 1, 1, 1, 0, 1, 2, 0, 0, 1, 2, 0, 0, 1, 1, 0, 2],389.616876720221;10191.714139359137;13081.607148577272,13081.607148577272,NOT_APPLICABLE,NOT_APPLICABLE,NOT_APPLICABLE,31
96,2,33004,G4_BALANCED,PREVIOUS,[18, 0, 4, 6, 7, 12, 1, 5, 9, 2, 14, 3, 10, 17, 19, 13, 11, 16, 15, 8]|[0, 0, 2, 0, 0, 1, 0, 2, 1, 2, 0, 0, 2, 0, 2, 0, 0, 1, 1, 0]|[1, 2, 0, 2, 3, 1, 2, 0, 1, 0, 2, 3, 0, 3, 0, 3, 0, 1, 1, 3]|[1, 0, 0, 2, 2, 1, 0, 0, 1, 1, 0, 1, 1, 1, 1, 2, 0, 1, 0, 2],335.580410576488;10278.657859762629;13119.081694114530,0,false,[18, 0, 4, 6, 7, 12, 1, 5, 9, 2, 14, 3, 10, 17, 19, 13, 11, 16, 15, 8]|[0, 0, 2, 0, 0, 1, 0, 2, 1, 2, 0, 0, 2, 0, 2, 0, 0, 1, 1, 0]|[1, 2, 0, 2, 3, 1, 2, 0, 1, 0, 2, 3, 0, 3, 0, 3, 0, 1, 1, 3]|[1, 0, 0, 2, 2, 1, 0, 0, 1, 1, 0, 1, 1, 1, 1, 2, 0, 1, 0, 2],335.580410576488;10278.657859762629;13119.081694114530,0.534333611141,NOT_APPLICABLE,NOT_APPLICABLE,NOT_APPLICABLE,65
96,2,33004,G4_BALANCED,HISTORICAL,[11, 5, 2, 4, 17, 8, 19, 14, 3, 13, 6, 12, 16, 1, 15, 7, 10, 18, 0, 9]|[0, 2, 2, 1, 0, 0, 2, 0, 0, 0, 1, 1, 2, 0, 1, 0, 1, 0, 2, 1]|[3, 0, 0, 1, 3, 3, 0, 2, 3, 2, 1, 1, 0, 3, 1, 3, 1, 3, 0, 1]|[2, 0, 1, 1, 0, 0, 1, 2, 1, 2, 1, 1, 1, 0, 1, 0, 1, 2, 0, 1],277.068662820347;9422.223393231981;14672.873241355013,0,false,[11, 5, 2, 4, 17, 8, 19, 14, 3, 13, 6, 12, 16, 1, 15, 7, 10, 18, 0, 9]|[0, 2, 2, 1, 0, 0, 2, 0, 0, 0, 1, 1, 2, 0, 1, 0, 1, 0, 2, 1]|[3, 0, 0, 1, 3, 3, 0, 2, 3, 2, 1, 1, 0, 3, 1, 3, 1, 3, 0, 1]|[2, 0, 1, 1, 0, 0, 1, 2, 1, 2, 1, 1, 1, 0, 1, 0, 1, 2, 0, 1],277.068662820347;9422.223393231981;14672.873241355013,0.321678482467,NOT_APPLICABLE,NOT_APPLICABLE,NOT_APPLICABLE,8
97,2,33104,G1_CMAX,PREVIOUS,[2, 5, 18, 3, 17, 16, 10, 19, 9, 6, 12, 11, 0, 8, 4, 15, 7, 14, 1, 13]|[2, 2, 1, 2, 2, 2, 2, 1, 0, 0, 1, 2, 2, 0, 0, 1, 1, 0, 1, 1]|[0, 1, 1, 0, 1, 1, 0, 0, 0, 2, 0, 0, 0, 3, 0, 1, 1, 3, 1, 1]|[1, 0, 0, 1, 0, 0, 1, 1, 0, 2, 1, 1, 1, 2, 1, 0, 1, 0, 1, 1],203.680988390281;10730.053037185788;17590.401652550340,0,false,[2, 5, 18, 3, 17, 16, 10, 19, 9, 6, 12, 11, 0, 8, 4, 15, 7, 14, 1, 13]|[2, 2, 1, 2, 2, 2, 2, 1, 0, 0, 1, 2, 2, 0, 0, 1, 1, 0, 1, 1]|[0, 1, 1, 0, 1, 1, 0, 0, 0, 2, 0, 0, 0, 3, 0, 1, 1, 3, 1, 1]|[1, 0, 0, 1, 0, 0, 1, 1, 0, 2, 1, 1, 1, 2, 1, 0, 1, 0, 1, 1],203.680988390281;10730.053037185788;17590.401652550340,203.680988390281,NOT_APPLICABLE,NOT_APPLICABLE,NOT_APPLICABLE,24
97,2,33104,G1_CMAX,HISTORICAL,[2, 5, 18, 3, 17, 16, 10, 19, 9, 6, 12, 11, 0, 8, 4, 15, 7, 14, 1, 13]|[2, 2, 1, 2, 2, 2, 2, 1, 0, 0, 1, 2, 2, 0, 0, 1, 1, 0, 1, 1]|[0, 1, 1, 0, 1, 1, 0, 0, 0, 2, 0, 0, 0, 3, 0, 1, 1, 3, 1, 1]|[1, 0, 0, 1, 0, 0, 1, 1, 0, 2, 1, 1, 1, 2, 1, 0, 1, 0, 1, 1],203.680988390281;10730.053037185788;17590.401652550340,0,false,[2, 5, 18, 3, 17, 16, 10, 19, 9, 6, 12, 11, 0, 8, 4, 15, 7, 14, 1, 13]|[2, 2, 1, 2, 2, 2, 2, 1, 0, 0, 1, 2, 2, 0, 0, 1, 1, 0, 1, 1]|[0, 1, 1, 0, 1, 1, 0, 0, 0, 2, 0, 0, 0, 3, 0, 1, 1, 3, 1, 1]|[1, 0, 0, 1, 0, 0, 1, 1, 0, 2, 1, 1, 1, 2, 1, 0, 1, 0, 1, 1],203.680988390281;10730.053037185788;17590.401652550340,203.680988390281,NOT_APPLICABLE,NOT_APPLICABLE,NOT_APPLICABLE,43
97,2,33104,G2_TEC,PREVIOUS,[11, 5, 2, 4, 6, 8, 19, 14, 3, 12, 17, 13, 0, 10, 1, 7, 15, 18, 16, 9]|[2, 2, 1, 1, 2, 0, 2, 0, 0, 0, 1, 1, 0, 1, 0, 1, 1, 0, 2, 0]|[0, 0, 1, 1, 1, 3, 0, 2, 3, 2, 1, 1, 3, 1, 3, 1, 1, 3, 0, 3]|[1, 0, 1, 1, 1, 0, 1, 2, 1, 2, 1, 1, 0, 1, 0, 1, 1, 2, 1, 0],249.053053094689;9206.125663201607;15924.451400240634,0,false,[11, 5, 2, 4, 6, 8, 19, 14, 3, 12, 17, 13, 0, 10, 1, 7, 15, 18, 16, 9]|[2, 2, 1, 1, 2, 0, 2, 0, 0, 0, 1, 1, 0, 1, 0, 1, 1, 0, 2, 0]|[0, 0, 1, 1, 1, 3, 0, 2, 3, 2, 1, 1, 3, 1, 3, 1, 1, 3, 0, 3]|[1, 0, 1, 1, 1, 0, 1, 2, 1, 2, 1, 1, 0, 1, 0, 1, 1, 2, 1, 0],249.053053094689;9206.125663201607;15924.451400240634,9206.125663201607,NOT_APPLICABLE,NOT_APPLICABLE,NOT_APPLICABLE,21
97,2,33104,G2_TEC,HISTORICAL,[11, 5, 2, 4, 6, 8, 19, 14, 3, 12, 17, 13, 0, 10, 1, 7, 15, 18, 16, 9]|[2, 2, 1, 1, 2, 0, 2, 0, 0, 0, 1, 1, 0, 1, 0, 1, 1, 0, 2, 0]|[0, 0, 1, 1, 1, 3, 0, 2, 3, 2, 1, 1, 3, 1, 3, 1, 1, 3, 0, 3]|[1, 0, 1, 1, 1, 0, 1, 2, 1, 2, 1, 1, 0, 1, 0, 1, 1, 2, 1, 0],249.053053094689;9206.125663201607;15924.451400240634,0,false,[11, 5, 2, 4, 6, 8, 19, 14, 3, 12, 17, 13, 0, 10, 1, 7, 15, 18, 16, 9]|[2, 2, 1, 1, 2, 0, 2, 0, 0, 0, 1, 1, 0, 1, 0, 1, 1, 0, 2, 0]|[0, 0, 1, 1, 1, 3, 0, 2, 3, 2, 1, 1, 3, 1, 3, 1, 1, 3, 0, 3]|[1, 0, 1, 1, 1, 0, 1, 2, 1, 2, 1, 1, 0, 1, 0, 1, 1, 2, 1, 0],249.053053094689;9206.125663201607;15924.451400240634,9206.125663201607,NOT_APPLICABLE,NOT_APPLICABLE,NOT_APPLICABLE,56
97,2,33104,G3_TWC,PREVIOUS,[4, 11, 13, 1, 7, 12, 18, 5, 2, 16, 15, 8, 19, 10, 0, 6, 3, 17, 14, 9]|[0, 0, 1, 0, 1, 1, 0, 2, 2, 0, 1, 0, 2, 0, 2, 0, 0, 2, 0, 0]|[2, 0, 1, 3, 1, 1, 2, 0, 0, 3, 1, 3, 0, 3, 0, 2, 3, 0, 3, 3]|[1, 0, 0, 2, 1, 1, 1, 0, 1, 2, 0, 0, 1, 2, 0, 0, 1, 1, 0, 2],389.616876720221;10191.714139359137;13081.607148577272,0,false,[4, 11, 13, 1, 7, 12, 18, 5, 2, 16, 15, 8, 19, 10, 0, 6, 3, 17, 14, 9]|[0, 0, 1, 0, 1, 1, 0, 2, 2, 0, 1, 0, 2, 0, 2, 0, 0, 2, 0, 0]|[2, 0, 1, 3, 1, 1, 2, 0, 0, 3, 1, 3, 0, 3, 0, 2, 3, 0, 3, 3]|[1, 0, 0, 2, 1, 1, 1, 0, 1, 2, 0, 0, 1, 2, 0, 0, 1, 1, 0, 2],389.616876720221;10191.714139359137;13081.607148577272,13081.607148577272,NOT_APPLICABLE,NOT_APPLICABLE,NOT_APPLICABLE,41
97,2,33104,G3_TWC,HISTORICAL,[4, 11, 13, 1, 7, 12, 18, 5, 2, 16, 15, 8, 19, 10, 0, 6, 3, 17, 14, 9]|[0, 0, 1, 0, 1, 1, 0, 2, 2, 0, 1, 0, 2, 0, 2, 0, 0, 2, 0, 0]|[2, 0, 1, 3, 1, 1, 2, 0, 0, 3, 1, 3, 0, 3, 0, 2, 3, 0, 3, 3]|[1, 0, 0, 2, 1, 1, 1, 0, 1, 2, 0, 0, 1, 2, 0, 0, 1, 1, 0, 2],389.616876720221;10191.714139359137;13081.607148577272,0,false,[4, 11, 13, 1, 7, 12, 18, 5, 2, 16, 15, 8, 19, 10, 0, 6, 3, 17, 14, 9]|[0, 0, 1, 0, 1, 1, 0, 2, 2, 0, 1, 0, 2, 0, 2, 0, 0, 2, 0, 0]|[2, 0, 1, 3, 1, 1, 2, 0, 0, 3, 1, 3, 0, 3, 0, 2, 3, 0, 3, 3]|[1, 0, 0, 2, 1, 1, 1, 0, 1, 2, 0, 0, 1, 2, 0, 0, 1, 1, 0, 2],389.616876720221;10191.714139359137;13081.607148577272,13081.607148577272,NOT_APPLICABLE,NOT_APPLICABLE,NOT_APPLICABLE,32
97,2,33104,G4_BALANCED,PREVIOUS,[11, 5, 2, 4, 12, 8, 19, 14, 15, 6, 17, 0, 10, 16, 3, 7, 9, 13, 18, 1]|[0, 2, 2, 1, 0, 0, 2, 0, 1, 0, 1, 2, 1, 2, 0, 1, 1, 1, 0, 0]|[3, 0, 0, 1, 2, 3, 0, 2, 1, 3, 1, 0, 1, 0, 3, 1, 1, 1, 3, 3]|[2, 0, 1, 1, 2, 0, 1, 2, 1, 0, 1, 0, 1, 1, 1, 1, 1, 1, 2, 0],268.601241829779;9186.085498719387;15232.394795323698,0,false,[11, 5, 2, 4, 12, 8, 19, 14, 15, 6, 17, 0, 10, 16, 3, 7, 9, 13, 18, 1]|[0, 2, 2, 1, 0, 0, 2, 0, 1, 0, 1, 2, 1, 2, 0, 1, 1, 1, 0, 0]|[3, 0, 0, 1, 2, 3, 0, 2, 1, 3, 1, 0, 1, 0, 3, 1, 1, 1, 3, 3]|[2, 0, 1, 1, 2, 0, 1, 2, 1, 0, 1, 0, 1, 1, 1, 1, 1, 1, 2, 0],268.601241829779;9186.085498719387;15232.394795323698,0.419203440212,NOT_APPLICABLE,NOT_APPLICABLE,NOT_APPLICABLE,65
97,2,33104,G4_BALANCED,HISTORICAL,[11, 5, 2, 4, 12, 8, 19, 14, 15, 6, 17, 0, 10, 16, 3, 7, 9, 13, 18, 1]|[0, 2, 2, 1, 0, 0, 2, 0, 1, 0, 1, 2, 1, 2, 0, 1, 1, 1, 0, 0]|[3, 0, 0, 1, 2, 3, 0, 2, 1, 3, 1, 0, 1, 0, 3, 1, 1, 1, 3, 3]|[2, 0, 1, 1, 2, 0, 1, 2, 1, 0, 1, 0, 1, 1, 1, 1, 1, 1, 2, 0],268.601241829779;9186.085498719387;15232.394795323698,0,false,[11, 5, 2, 4, 12, 8, 19, 14, 15, 6, 17, 0, 10, 16, 3, 7, 9, 13, 18, 1]|[0, 2, 2, 1, 0, 0, 2, 0, 1, 0, 1, 2, 1, 2, 0, 1, 1, 1, 0, 0]|[3, 0, 0, 1, 2, 3, 0, 2, 1, 3, 1, 0, 1, 0, 3, 1, 1, 1, 3, 3]|[2, 0, 1, 1, 2, 0, 1, 2, 1, 0, 1, 0, 1, 1, 1, 1, 1, 1, 2, 0],268.601241829779;9186.085498719387;15232.394795323698,0.419203440212,NOT_APPLICABLE,NOT_APPLICABLE,NOT_APPLICABLE,8
98,2,33204,G1_CMAX,PREVIOUS,[4, 11, 13, 1, 7, 0, 5, 9, 2, 10, 15, 8, 17, 16, 18, 12, 3, 19, 14, 6]|[1, 0, 1, 0, 1, 0, 2, 1, 2, 2, 1, 0, 0, 0, 0, 1, 2, 2, 0, 0]|[1, 0, 1, 2, 1, 2, 0, 1, 0, 0, 1, 3, 3, 3, 2, 1, 0, 0, 3, 3]|[0, 0, 1, 0, 1, 0, 0, 1, 1, 1, 0, 2, 1, 2, 1, 1, 1, 1, 0, 2],301.097040413286;9817.959704373035;14294.238995977095,0,false,[4, 11, 13, 1, 7, 0, 5, 9, 2, 10, 15, 8, 17, 16, 18, 12, 3, 19, 14, 6]|[1, 0, 1, 0, 1, 0, 2, 1, 2, 2, 1, 0, 0, 0, 0, 1, 2, 2, 0, 0]|[1, 0, 1, 2, 1, 2, 0, 1, 0, 0, 1, 3, 3, 3, 2, 1, 0, 0, 3, 3]|[0, 0, 1, 0, 1, 0, 0, 1, 1, 1, 0, 2, 1, 2, 1, 1, 1, 1, 0, 2],301.097040413286;9817.959704373035;14294.238995977095,301.097040413286,NOT_APPLICABLE,NOT_APPLICABLE,NOT_APPLICABLE,24
98,2,33204,G1_CMAX,HISTORICAL,[2, 5, 18, 3, 17, 16, 10, 19, 9, 6, 12, 11, 0, 8, 4, 15, 7, 14, 1, 13]|[2, 2, 1, 2, 2, 2, 2, 1, 0, 0, 1, 2, 2, 0, 0, 1, 1, 0, 1, 1]|[0, 1, 1, 0, 1, 1, 0, 0, 0, 2, 0, 0, 0, 3, 0, 1, 1, 3, 1, 1]|[1, 0, 0, 1, 0, 0, 1, 1, 0, 2, 1, 1, 1, 2, 1, 0, 1, 0, 1, 1],203.680988390281;10730.053037185788;17590.401652550340,0,false,[2, 5, 18, 3, 17, 16, 10, 19, 9, 6, 12, 11, 0, 8, 4, 15, 7, 14, 1, 13]|[2, 2, 1, 2, 2, 2, 2, 1, 0, 0, 1, 2, 2, 0, 0, 1, 1, 0, 1, 1]|[0, 1, 1, 0, 1, 1, 0, 0, 0, 2, 0, 0, 0, 3, 0, 1, 1, 3, 1, 1]|[1, 0, 0, 1, 0, 0, 1, 1, 0, 2, 1, 1, 1, 2, 1, 0, 1, 0, 1, 1],203.680988390281;10730.053037185788;17590.401652550340,203.680988390281,NOT_APPLICABLE,NOT_APPLICABLE,NOT_APPLICABLE,43
98,2,33204,G2_TEC,PREVIOUS,[11, 5, 2, 4, 6, 8, 19, 14, 3, 12, 17, 13, 0, 10, 1, 7, 15, 18, 16, 9]|[2, 2, 1, 1, 2, 0, 2, 0, 0, 0, 1, 1, 0, 1, 0, 1, 1, 0, 2, 0]|[0, 0, 1, 1, 1, 3, 0, 2, 3, 2, 1, 1, 3, 1, 3, 1, 1, 3, 0, 3]|[1, 0, 1, 1, 1, 0, 1, 2, 1, 2, 1, 1, 0, 1, 0, 1, 1, 2, 1, 0],249.053053094689;9206.125663201607;15924.451400240634,0,false,[11, 5, 2, 4, 6, 8, 19, 14, 3, 12, 17, 13, 0, 10, 1, 7, 15, 18, 16, 9]|[2, 2, 1, 1, 2, 0, 2, 0, 0, 0, 1, 1, 0, 1, 0, 1, 1, 0, 2, 0]|[0, 0, 1, 1, 1, 3, 0, 2, 3, 2, 1, 1, 3, 1, 3, 1, 1, 3, 0, 3]|[1, 0, 1, 1, 1, 0, 1, 2, 1, 2, 1, 1, 0, 1, 0, 1, 1, 2, 1, 0],249.053053094689;9206.125663201607;15924.451400240634,9206.125663201607,NOT_APPLICABLE,NOT_APPLICABLE,NOT_APPLICABLE,22
98,2,33204,G2_TEC,HISTORICAL,[11, 5, 2, 4, 6, 8, 19, 14, 3, 12, 17, 13, 0, 10, 1, 7, 15, 18, 16, 9]|[2, 2, 1, 1, 2, 0, 2, 0, 0, 0, 1, 1, 0, 1, 0, 1, 1, 0, 2, 0]|[0, 0, 1, 1, 1, 3, 0, 2, 3, 2, 1, 1, 3, 1, 3, 1, 1, 3, 0, 3]|[1, 0, 1, 1, 1, 0, 1, 2, 1, 2, 1, 1, 0, 1, 0, 1, 1, 2, 1, 0],249.053053094689;9206.125663201607;15924.451400240634,0,false,[11, 5, 2, 4, 6, 8, 19, 14, 3, 12, 17, 13, 0, 10, 1, 7, 15, 18, 16, 9]|[2, 2, 1, 1, 2, 0, 2, 0, 0, 0, 1, 1, 0, 1, 0, 1, 1, 0, 2, 0]|[0, 0, 1, 1, 1, 3, 0, 2, 3, 2, 1, 1, 3, 1, 3, 1, 1, 3, 0, 3]|[1, 0, 1, 1, 1, 0, 1, 2, 1, 2, 1, 1, 0, 1, 0, 1, 1, 2, 1, 0],249.053053094689;9206.125663201607;15924.451400240634,9206.125663201607,NOT_APPLICABLE,NOT_APPLICABLE,NOT_APPLICABLE,56
98,2,33204,G3_TWC,PREVIOUS,[4, 11, 13, 1, 7, 12, 18, 5, 2, 16, 15, 8, 19, 10, 0, 6, 3, 17, 14, 9]|[0, 0, 1, 0, 1, 1, 0, 2, 2, 0, 1, 0, 2, 0, 2, 0, 0, 2, 0, 0]|[2, 0, 1, 3, 1, 1, 2, 0, 0, 3, 1, 3, 0, 3, 0, 2, 3, 0, 3, 3]|[1, 0, 0, 2, 1, 1, 1, 0, 1, 2, 0, 0, 1, 2, 0, 0, 1, 1, 0, 2],389.616876720221;10191.714139359137;13081.607148577272,0,false,[4, 11, 13, 1, 7, 12, 18, 5, 2, 16, 15, 8, 19, 10, 0, 6, 3, 17, 14, 9]|[0, 0, 1, 0, 1, 1, 0, 2, 2, 0, 1, 0, 2, 0, 2, 0, 0, 2, 0, 0]|[2, 0, 1, 3, 1, 1, 2, 0, 0, 3, 1, 3, 0, 3, 0, 2, 3, 0, 3, 3]|[1, 0, 0, 2, 1, 1, 1, 0, 1, 2, 0, 0, 1, 2, 0, 0, 1, 1, 0, 2],389.616876720221;10191.714139359137;13081.607148577272,13081.607148577272,NOT_APPLICABLE,NOT_APPLICABLE,NOT_APPLICABLE,41
98,2,33204,G3_TWC,HISTORICAL,[4, 11, 13, 1, 7, 12, 18, 5, 2, 16, 15, 8, 19, 10, 0, 6, 3, 17, 14, 9]|[0, 0, 1, 0, 1, 1, 0, 2, 2, 0, 1, 0, 2, 0, 2, 0, 0, 2, 0, 0]|[2, 0, 1, 3, 1, 1, 2, 0, 0, 3, 1, 3, 0, 3, 0, 2, 3, 0, 3, 3]|[1, 0, 0, 2, 1, 1, 1, 0, 1, 2, 0, 0, 1, 2, 0, 0, 1, 1, 0, 2],389.616876720221;10191.714139359137;13081.607148577272,0,false,[4, 11, 13, 1, 7, 12, 18, 5, 2, 16, 15, 8, 19, 10, 0, 6, 3, 17, 14, 9]|[0, 0, 1, 0, 1, 1, 0, 2, 2, 0, 1, 0, 2, 0, 2, 0, 0, 2, 0, 0]|[2, 0, 1, 3, 1, 1, 2, 0, 0, 3, 1, 3, 0, 3, 0, 2, 3, 0, 3, 3]|[1, 0, 0, 2, 1, 1, 1, 0, 1, 2, 0, 0, 1, 2, 0, 0, 1, 1, 0, 2],389.616876720221;10191.714139359137;13081.607148577272,13081.607148577272,NOT_APPLICABLE,NOT_APPLICABLE,NOT_APPLICABLE,33
98,2,33204,G4_BALANCED,PREVIOUS,[11, 5, 2, 4, 12, 8, 19, 14, 15, 6, 17, 0, 10, 16, 3, 7, 9, 13, 18, 1]|[0, 2, 2, 1, 0, 0, 2, 0, 1, 0, 1, 2, 1, 2, 0, 1, 1, 1, 0, 0]|[3, 0, 0, 1, 2, 3, 0, 2, 1, 3, 1, 0, 1, 0, 3, 1, 1, 1, 3, 3]|[2, 0, 1, 1, 2, 0, 1, 2, 1, 0, 1, 0, 1, 1, 1, 1, 1, 1, 2, 0],268.601241829779;9186.085498719387;15232.394795323698,0,false,[11, 5, 2, 4, 12, 8, 19, 14, 15, 6, 17, 0, 10, 16, 3, 7, 9, 13, 18, 1]|[0, 2, 2, 1, 0, 0, 2, 0, 1, 0, 1, 2, 1, 2, 0, 1, 1, 1, 0, 0]|[3, 0, 0, 1, 2, 3, 0, 2, 1, 3, 1, 0, 1, 0, 3, 1, 1, 1, 3, 3]|[2, 0, 1, 1, 2, 0, 1, 2, 1, 0, 1, 0, 1, 1, 1, 1, 1, 1, 2, 0],268.601241829779;9186.085498719387;15232.394795323698,0.419203440212,NOT_APPLICABLE,NOT_APPLICABLE,NOT_APPLICABLE,65
98,2,33204,G4_BALANCED,HISTORICAL,[11, 5, 2, 4, 12, 8, 19, 14, 15, 6, 17, 0, 10, 16, 3, 7, 9, 13, 18, 1]|[0, 2, 2, 1, 0, 0, 2, 0, 1, 0, 1, 2, 1, 2, 0, 1, 1, 1, 0, 0]|[3, 0, 0, 1, 2, 3, 0, 2, 1, 3, 1, 0, 1, 0, 3, 1, 1, 1, 3, 3]|[2, 0, 1, 1, 2, 0, 1, 2, 1, 0, 1, 0, 1, 1, 1, 1, 1, 1, 2, 0],268.601241829779;9186.085498719387;15232.394795323698,0,false,[11, 5, 2, 4, 12, 8, 19, 14, 15, 6, 17, 0, 10, 16, 3, 7, 9, 13, 18, 1]|[0, 2, 2, 1, 0, 0, 2, 0, 1, 0, 1, 2, 1, 2, 0, 1, 1, 1, 0, 0]|[3, 0, 0, 1, 2, 3, 0, 2, 1, 3, 1, 0, 1, 0, 3, 1, 1, 1, 3, 3]|[2, 0, 1, 1, 2, 0, 1, 2, 1, 0, 1, 0, 1, 1, 1, 1, 1, 1, 2, 0],268.601241829779;9186.085498719387;15232.394795323698,0.419203440212,NOT_APPLICABLE,NOT_APPLICABLE,NOT_APPLICABLE,8
99,2,33304,G1_CMAX,PREVIOUS,[18, 4, 6, 7, 12, 13, 17, 10, 14, 2, 9, 5, 0, 1, 3, 15, 19, 11, 16, 8]|[0, 2, 0, 1, 0, 0, 0, 2, 0, 2, 1, 2, 0, 0, 0, 1, 2, 0, 1, 0]|[1, 0, 2, 1, 2, 3, 3, 0, 2, 0, 1, 0, 2, 2, 2, 1, 0, 0, 1, 3]|[2, 0, 0, 1, 2, 2, 1, 1, 0, 1, 1, 0, 0, 1, 0, 0, 1, 0, 1, 2],346.076630831101;10227.244940396795;12827.334944780248,0,false,[18, 4, 6, 7, 12, 13, 17, 10, 14, 2, 9, 5, 0, 1, 3, 15, 19, 11, 16, 8]|[0, 2, 0, 1, 0, 0, 0, 2, 0, 2, 1, 2, 0, 0, 0, 1, 2, 0, 1, 0]|[1, 0, 2, 1, 2, 3, 3, 0, 2, 0, 1, 0, 2, 2, 2, 1, 0, 0, 1, 3]|[2, 0, 0, 1, 2, 2, 1, 1, 0, 1, 1, 0, 0, 1, 0, 0, 1, 0, 1, 2],346.076630831101;10227.244940396795;12827.334944780248,346.076630831101,NOT_APPLICABLE,NOT_APPLICABLE,NOT_APPLICABLE,24
99,2,33304,G1_CMAX,HISTORICAL,[2, 5, 18, 3, 17, 16, 10, 19, 9, 6, 12, 11, 0, 8, 4, 15, 7, 14, 1, 13]|[2, 2, 1, 2, 2, 2, 2, 1, 0, 0, 1, 2, 2, 0, 0, 1, 1, 0, 1, 1]|[0, 1, 1, 0, 1, 1, 0, 0, 0, 2, 0, 0, 0, 3, 0, 1, 1, 3, 1, 1]|[1, 0, 0, 1, 0, 0, 1, 1, 0, 2, 1, 1, 1, 2, 1, 0, 1, 0, 1, 1],203.680988390281;10730.053037185788;17590.401652550340,0,false,[2, 5, 18, 3, 17, 16, 10, 19, 9, 6, 12, 11, 0, 8, 4, 15, 7, 14, 1, 13]|[2, 2, 1, 2, 2, 2, 2, 1, 0, 0, 1, 2, 2, 0, 0, 1, 1, 0, 1, 1]|[0, 1, 1, 0, 1, 1, 0, 0, 0, 2, 0, 0, 0, 3, 0, 1, 1, 3, 1, 1]|[1, 0, 0, 1, 0, 0, 1, 1, 0, 2, 1, 1, 1, 2, 1, 0, 1, 0, 1, 1],203.680988390281;10730.053037185788;17590.401652550340,203.680988390281,NOT_APPLICABLE,NOT_APPLICABLE,NOT_APPLICABLE,43
99,2,33304,G2_TEC,PREVIOUS,[11, 5, 2, 4, 6, 8, 19, 14, 3, 12, 17, 13, 0, 10, 1, 7, 15, 18, 16, 9]|[2, 2, 1, 1, 2, 0, 2, 0, 0, 0, 1, 1, 0, 1, 0, 1, 1, 0, 2, 0]|[0, 0, 1, 1, 1, 3, 0, 2, 3, 2, 1, 1, 3, 1, 3, 1, 1, 3, 0, 3]|[1, 0, 1, 1, 1, 0, 1, 2, 1, 2, 1, 1, 0, 1, 0, 1, 1, 2, 1, 0],249.053053094689;9206.125663201607;15924.451400240634,0,false,[11, 5, 2, 4, 6, 8, 19, 14, 3, 12, 17, 13, 0, 10, 1, 7, 15, 18, 16, 9]|[2, 2, 1, 1, 2, 0, 2, 0, 0, 0, 1, 1, 0, 1, 0, 1, 1, 0, 2, 0]|[0, 0, 1, 1, 1, 3, 0, 2, 3, 2, 1, 1, 3, 1, 3, 1, 1, 3, 0, 3]|[1, 0, 1, 1, 1, 0, 1, 2, 1, 2, 1, 1, 0, 1, 0, 1, 1, 2, 1, 0],249.053053094689;9206.125663201607;15924.451400240634,9206.125663201607,NOT_APPLICABLE,NOT_APPLICABLE,NOT_APPLICABLE,23
99,2,33304,G2_TEC,HISTORICAL,[11, 5, 2, 4, 6, 8, 19, 14, 3, 12, 17, 13, 0, 10, 1, 7, 15, 18, 16, 9]|[2, 2, 1, 1, 2, 0, 2, 0, 0, 0, 1, 1, 0, 1, 0, 1, 1, 0, 2, 0]|[0, 0, 1, 1, 1, 3, 0, 2, 3, 2, 1, 1, 3, 1, 3, 1, 1, 3, 0, 3]|[1, 0, 1, 1, 1, 0, 1, 2, 1, 2, 1, 1, 0, 1, 0, 1, 1, 2, 1, 0],249.053053094689;9206.125663201607;15924.451400240634,0,false,[11, 5, 2, 4, 6, 8, 19, 14, 3, 12, 17, 13, 0, 10, 1, 7, 15, 18, 16, 9]|[2, 2, 1, 1, 2, 0, 2, 0, 0, 0, 1, 1, 0, 1, 0, 1, 1, 0, 2, 0]|[0, 0, 1, 1, 1, 3, 0, 2, 3, 2, 1, 1, 3, 1, 3, 1, 1, 3, 0, 3]|[1, 0, 1, 1, 1, 0, 1, 2, 1, 2, 1, 1, 0, 1, 0, 1, 1, 2, 1, 0],249.053053094689;9206.125663201607;15924.451400240634,9206.125663201607,NOT_APPLICABLE,NOT_APPLICABLE,NOT_APPLICABLE,56
99,2,33304,G3_TWC,PREVIOUS,[4, 11, 13, 1, 7, 12, 18, 5, 2, 16, 15, 8, 19, 10, 0, 6, 3, 17, 14, 9]|[0, 0, 1, 0, 1, 1, 0, 2, 2, 0, 1, 0, 2, 0, 2, 0, 0, 2, 0, 0]|[2, 0, 1, 3, 1, 1, 2, 0, 0, 3, 1, 3, 0, 3, 0, 2, 3, 0, 3, 3]|[1, 0, 0, 2, 1, 1, 1, 0, 1, 2, 0, 0, 1, 2, 0, 0, 1, 1, 0, 2],389.616876720221;10191.714139359137;13081.607148577272,0,false,[4, 11, 13, 1, 7, 12, 18, 5, 2, 16, 15, 8, 19, 10, 0, 6, 3, 17, 14, 9]|[0, 0, 1, 0, 1, 1, 0, 2, 2, 0, 1, 0, 2, 0, 2, 0, 0, 2, 0, 0]|[2, 0, 1, 3, 1, 1, 2, 0, 0, 3, 1, 3, 0, 3, 0, 2, 3, 0, 3, 3]|[1, 0, 0, 2, 1, 1, 1, 0, 1, 2, 0, 0, 1, 2, 0, 0, 1, 1, 0, 2],389.616876720221;10191.714139359137;13081.607148577272,13081.607148577272,NOT_APPLICABLE,NOT_APPLICABLE,NOT_APPLICABLE,41
99,2,33304,G3_TWC,HISTORICAL,[4, 11, 13, 1, 7, 12, 18, 5, 2, 16, 15, 8, 19, 10, 0, 6, 3, 17, 14, 9]|[0, 0, 1, 0, 1, 1, 0, 2, 2, 0, 1, 0, 2, 0, 2, 0, 0, 2, 0, 0]|[2, 0, 1, 3, 1, 1, 2, 0, 0, 3, 1, 3, 0, 3, 0, 2, 3, 0, 3, 3]|[1, 0, 0, 2, 1, 1, 1, 0, 1, 2, 0, 0, 1, 2, 0, 0, 1, 1, 0, 2],389.616876720221;10191.714139359137;13081.607148577272,0,false,[4, 11, 13, 1, 7, 12, 18, 5, 2, 16, 15, 8, 19, 10, 0, 6, 3, 17, 14, 9]|[0, 0, 1, 0, 1, 1, 0, 2, 2, 0, 1, 0, 2, 0, 2, 0, 0, 2, 0, 0]|[2, 0, 1, 3, 1, 1, 2, 0, 0, 3, 1, 3, 0, 3, 0, 2, 3, 0, 3, 3]|[1, 0, 0, 2, 1, 1, 1, 0, 1, 2, 0, 0, 1, 2, 0, 0, 1, 1, 0, 2],389.616876720221;10191.714139359137;13081.607148577272,13081.607148577272,NOT_APPLICABLE,NOT_APPLICABLE,NOT_APPLICABLE,34
99,2,33304,G4_BALANCED,PREVIOUS,[11, 5, 2, 4, 17, 8, 19, 14, 3, 12, 15, 13, 0, 6, 16, 7, 9, 18, 1, 10]|[2, 2, 1, 1, 0, 0, 2, 0, 0, 0, 1, 1, 2, 0, 2, 1, 1, 0, 0, 1]|[0, 0, 1, 1, 3, 3, 0, 2, 3, 2, 1, 1, 0, 3, 0, 1, 1, 3, 3, 1]|[1, 0, 1, 1, 0, 0, 1, 2, 1, 2, 1, 1, 0, 0, 1, 1, 1, 2, 0, 1],257.787778563615;9038.397930847590;15702.662543599621,0,false,[11, 5, 2, 4, 17, 8, 19, 14, 3, 12, 15, 13, 0, 6, 16, 7, 9, 18, 1, 10]|[2, 2, 1, 1, 0, 0, 2, 0, 0, 0, 1, 1, 2, 0, 2, 1, 1, 0, 0, 1]|[0, 0, 1, 1, 3, 3, 0, 2, 3, 2, 1, 1, 0, 3, 0, 1, 1, 3, 3, 1]|[1, 0, 1, 1, 0, 0, 1, 2, 1, 2, 1, 1, 0, 0, 1, 1, 1, 2, 0, 1],257.787778563615;9038.397930847590;15702.662543599621,0.501171403650,NOT_APPLICABLE,NOT_APPLICABLE,NOT_APPLICABLE,65
99,2,33304,G4_BALANCED,HISTORICAL,[11, 5, 2, 4, 12, 8, 19, 14, 15, 6, 17, 0, 10, 16, 3, 7, 9, 13, 18, 1]|[0, 2, 2, 1, 0, 0, 2, 0, 1, 0, 1, 2, 1, 2, 0, 1, 1, 1, 0, 0]|[3, 0, 0, 1, 2, 3, 0, 2, 1, 3, 1, 0, 1, 0, 3, 1, 1, 1, 3, 3]|[2, 0, 1, 1, 2, 0, 1, 2, 1, 0, 1, 0, 1, 1, 1, 1, 1, 1, 2, 0],268.601241829779;9186.085498719387;15232.394795323698,0,false,[11, 5, 2, 4, 12, 8, 19, 14, 15, 6, 17, 0, 10, 16, 3, 7, 9, 13, 18, 1]|[0, 2, 2, 1, 0, 0, 2, 0, 1, 0, 1, 2, 1, 2, 0, 1, 1, 1, 0, 0]|[3, 0, 0, 1, 2, 3, 0, 2, 1, 3, 1, 0, 1, 0, 3, 1, 1, 1, 3, 3]|[2, 0, 1, 1, 2, 0, 1, 2, 1, 0, 1, 0, 1, 1, 1, 1, 1, 1, 2, 0],268.601241829779;9186.085498719387;15232.394795323698,0.419203440212,NOT_APPLICABLE,NOT_APPLICABLE,NOT_APPLICABLE,8
100,2,33404,G1_CMAX,PREVIOUS,[19, 5, 2, 4, 6, 8, 11, 14, 3, 12, 17, 13, 0, 10, 1, 7, 15, 18, 16, 9]|[1, 2, 2, 1, 0, 0, 2, 0, 0, 0, 1, 1, 2, 1, 0, 1, 1, 0, 2, 0]|[1, 0, 0, 1, 3, 3, 0, 2, 3, 2, 1, 1, 0, 1, 3, 1, 1, 3, 0, 3]|[1, 0, 1, 1, 0, 0, 1, 2, 1, 2, 1, 1, 0, 1, 0, 1, 1, 2, 1, 0],257.493059306463;9102.625598235970;15696.560188870948,0,false,[19, 5, 2, 4, 6, 8, 11, 14, 3, 12, 17, 13, 0, 10, 1, 7, 15, 18, 16, 9]|[1, 2, 2, 1, 0, 0, 2, 0, 0, 0, 1, 1, 2, 1, 0, 1, 1, 0, 2, 0]|[1, 0, 0, 1, 3, 3, 0, 2, 3, 2, 1, 1, 0, 1, 3, 1, 1, 3, 0, 3]|[1, 0, 1, 1, 0, 0, 1, 2, 1, 2, 1, 1, 0, 1, 0, 1, 1, 2, 1, 0],257.493059306463;9102.625598235970;15696.560188870948,257.493059306463,NOT_APPLICABLE,NOT_APPLICABLE,NOT_APPLICABLE,24
100,2,33404,G1_CMAX,HISTORICAL,[2, 5, 18, 3, 17, 16, 10, 19, 9, 6, 12, 11, 0, 8, 4, 15, 7, 14, 1, 13]|[2, 2, 1, 2, 2, 2, 2, 1, 0, 0, 1, 2, 2, 0, 0, 1, 1, 0, 1, 1]|[0, 1, 1, 0, 1, 1, 0, 0, 0, 2, 0, 0, 0, 3, 0, 1, 1, 3, 1, 1]|[1, 0, 0, 1, 0, 0, 1, 1, 0, 2, 1, 1, 1, 2, 1, 0, 1, 0, 1, 1],203.680988390281;10730.053037185788;17590.401652550340,0,false,[2, 5, 18, 3, 17, 16, 10, 19, 9, 6, 12, 11, 0, 8, 4, 15, 7, 14, 1, 13]|[2, 2, 1, 2, 2, 2, 2, 1, 0, 0, 1, 2, 2, 0, 0, 1, 1, 0, 1, 1]|[0, 1, 1, 0, 1, 1, 0, 0, 0, 2, 0, 0, 0, 3, 0, 1, 1, 3, 1, 1]|[1, 0, 0, 1, 0, 0, 1, 1, 0, 2, 1, 1, 1, 2, 1, 0, 1, 0, 1, 1],203.680988390281;10730.053037185788;17590.401652550340,203.680988390281,NOT_APPLICABLE,NOT_APPLICABLE,NOT_APPLICABLE,43
100,2,33404,G2_TEC,PREVIOUS,[11, 5, 2, 4, 6, 8, 19, 14, 3, 12, 17, 13, 0, 10, 1, 7, 15, 18, 16, 9]|[2, 2, 1, 1, 2, 0, 2, 0, 0, 0, 1, 1, 0, 1, 0, 1, 1, 0, 2, 0]|[0, 0, 1, 1, 1, 3, 0, 2, 3, 2, 1, 1, 3, 1, 3, 1, 1, 3, 0, 3]|[1, 0, 1, 1, 1, 0, 1, 2, 1, 2, 1, 1, 0, 1, 0, 1, 1, 2, 1, 0],249.053053094689;9206.125663201607;15924.451400240634,0,false,[11, 5, 2, 4, 6, 8, 19, 14, 3, 12, 17, 13, 0, 10, 1, 7, 15, 18, 16, 9]|[2, 2, 1, 1, 2, 0, 2, 0, 0, 0, 1, 1, 0, 1, 0, 1, 1, 0, 2, 0]|[0, 0, 1, 1, 1, 3, 0, 2, 3, 2, 1, 1, 3, 1, 3, 1, 1, 3, 0, 3]|[1, 0, 1, 1, 1, 0, 1, 2, 1, 2, 1, 1, 0, 1, 0, 1, 1, 2, 1, 0],249.053053094689;9206.125663201607;15924.451400240634,9206.125663201607,NOT_APPLICABLE,NOT_APPLICABLE,NOT_APPLICABLE,23
100,2,33404,G2_TEC,HISTORICAL,[11, 5, 2, 4, 6, 8, 19, 14, 3, 12, 17, 13, 0, 10, 1, 7, 15, 18, 16, 9]|[2, 2, 1, 1, 2, 0, 2, 0, 0, 0, 1, 1, 0, 1, 0, 1, 1, 0, 2, 0]|[0, 0, 1, 1, 1, 3, 0, 2, 3, 2, 1, 1, 3, 1, 3, 1, 1, 3, 0, 3]|[1, 0, 1, 1, 1, 0, 1, 2, 1, 2, 1, 1, 0, 1, 0, 1, 1, 2, 1, 0],249.053053094689;9206.125663201607;15924.451400240634,0,false,[11, 5, 2, 4, 6, 8, 19, 14, 3, 12, 17, 13, 0, 10, 1, 7, 15, 18, 16, 9]|[2, 2, 1, 1, 2, 0, 2, 0, 0, 0, 1, 1, 0, 1, 0, 1, 1, 0, 2, 0]|[0, 0, 1, 1, 1, 3, 0, 2, 3, 2, 1, 1, 3, 1, 3, 1, 1, 3, 0, 3]|[1, 0, 1, 1, 1, 0, 1, 2, 1, 2, 1, 1, 0, 1, 0, 1, 1, 2, 1, 0],249.053053094689;9206.125663201607;15924.451400240634,9206.125663201607,NOT_APPLICABLE,NOT_APPLICABLE,NOT_APPLICABLE,57
100,2,33404,G3_TWC,PREVIOUS,[4, 11, 13, 1, 7, 12, 18, 5, 2, 16, 15, 8, 19, 10, 0, 6, 3, 17, 14, 9]|[0, 0, 1, 0, 1, 1, 0, 2, 2, 0, 1, 0, 2, 0, 2, 0, 0, 2, 0, 0]|[2, 0, 1, 3, 1, 1, 2, 0, 0, 3, 1, 3, 0, 3, 0, 2, 3, 0, 3, 3]|[1, 0, 0, 2, 1, 1, 1, 0, 1, 2, 0, 0, 1, 2, 0, 0, 1, 1, 0, 2],389.616876720221;10191.714139359137;13081.607148577272,0,false,[4, 11, 13, 1, 7, 12, 18, 5, 2, 16, 15, 8, 19, 10, 0, 6, 3, 17, 14, 9]|[0, 0, 1, 0, 1, 1, 0, 2, 2, 0, 1, 0, 2, 0, 2, 0, 0, 2, 0, 0]|[2, 0, 1, 3, 1, 1, 2, 0, 0, 3, 1, 3, 0, 3, 0, 2, 3, 0, 3, 3]|[1, 0, 0, 2, 1, 1, 1, 0, 1, 2, 0, 0, 1, 2, 0, 0, 1, 1, 0, 2],389.616876720221;10191.714139359137;13081.607148577272,13081.607148577272,NOT_APPLICABLE,NOT_APPLICABLE,NOT_APPLICABLE,42
100,2,33404,G3_TWC,HISTORICAL,[4, 11, 13, 1, 7, 12, 18, 5, 2, 16, 15, 8, 19, 10, 0, 6, 3, 17, 14, 9]|[0, 0, 1, 0, 1, 1, 0, 2, 2, 0, 1, 0, 2, 0, 2, 0, 0, 2, 0, 0]|[2, 0, 1, 3, 1, 1, 2, 0, 0, 3, 1, 3, 0, 3, 0, 2, 3, 0, 3, 3]|[1, 0, 0, 2, 1, 1, 1, 0, 1, 2, 0, 0, 1, 2, 0, 0, 1, 1, 0, 2],389.616876720221;10191.714139359137;13081.607148577272,0,false,[4, 11, 13, 1, 7, 12, 18, 5, 2, 16, 15, 8, 19, 10, 0, 6, 3, 17, 14, 9]|[0, 0, 1, 0, 1, 1, 0, 2, 2, 0, 1, 0, 2, 0, 2, 0, 0, 2, 0, 0]|[2, 0, 1, 3, 1, 1, 2, 0, 0, 3, 1, 3, 0, 3, 0, 2, 3, 0, 3, 3]|[1, 0, 0, 2, 1, 1, 1, 0, 1, 2, 0, 0, 1, 2, 0, 0, 1, 1, 0, 2],389.616876720221;10191.714139359137;13081.607148577272,13081.607148577272,NOT_APPLICABLE,NOT_APPLICABLE,NOT_APPLICABLE,34
100,2,33404,G4_BALANCED,PREVIOUS,[11, 5, 2, 4, 12, 8, 19, 14, 15, 6, 17, 0, 10, 16, 3, 7, 9, 13, 18, 1]|[0, 2, 2, 1, 0, 0, 2, 0, 1, 0, 1, 2, 1, 2, 0, 1, 1, 1, 0, 0]|[3, 0, 0, 1, 2, 3, 0, 2, 1, 3, 1, 0, 1, 0, 3, 1, 1, 1, 3, 3]|[2, 0, 1, 1, 2, 0, 1, 2, 1, 0, 1, 0, 1, 1, 1, 1, 1, 1, 2, 0],268.601241829779;9186.085498719387;15232.394795323698,1,true,[11, 5, 2, 4, 12, 8, 19, 14, 3, 17, 6, 0, 13, 15, 16, 7, 9, 18, 1, 10]|[0, 2, 2, 1, 0, 0, 2, 0, 0, 1, 0, 2, 1, 1, 2, 1, 1, 0, 0, 1]|[3, 0, 0, 1, 2, 3, 0, 2, 3, 1, 3, 0, 1, 1, 0, 1, 1, 3, 3, 1]|[2, 0, 1, 1, 2, 0, 1, 2, 1, 1, 0, 0, 1, 1, 1, 1, 1, 2, 0, 1],268.601241829779;9143.802311690330;15197.034566748740,0.413040130196,33404,33404,0,65
100,2,33404,G4_BALANCED,HISTORICAL,[11, 5, 2, 4, 12, 8, 19, 14, 15, 6, 17, 0, 10, 16, 3, 7, 9, 13, 18, 1]|[0, 2, 2, 1, 0, 0, 2, 0, 1, 0, 1, 2, 1, 2, 0, 1, 1, 1, 0, 0]|[3, 0, 0, 1, 2, 3, 0, 2, 1, 3, 1, 0, 1, 0, 3, 1, 1, 1, 3, 3]|[2, 0, 1, 1, 2, 0, 1, 2, 1, 0, 1, 0, 1, 1, 1, 1, 1, 1, 2, 0],268.601241829779;9186.085498719387;15232.394795323698,1,true,[11, 5, 2, 4, 12, 8, 19, 14, 3, 17, 6, 0, 13, 15, 16, 7, 9, 18, 1, 10]|[0, 2, 2, 1, 0, 0, 2, 0, 0, 1, 0, 2, 1, 1, 2, 1, 1, 0, 0, 1]|[3, 0, 0, 1, 2, 3, 0, 2, 3, 1, 3, 0, 1, 1, 0, 1, 1, 3, 3, 1]|[2, 0, 1, 1, 2, 0, 1, 2, 1, 1, 0, 0, 1, 1, 1, 1, 1, 2, 0, 1],268.601241829779;9143.802311690330;15197.034566748740,0.413040130196,33404,33404,0,9
